collision_index,collision_year,collision_ref_no,vehicle_reference,vehicle_type,towing_and_articulation,vehicle_manoeuvre_historic,vehicle_manoeuvre,vehicle_direction_from,vehicle_direction_to,vehicle_location_restricted_lane_historic,vehicle_location_restricted_lane,junction_location,skidding_and_overturning,hit_object_in_carriageway,vehicle_leaving_carriageway,hit_object_off_carriageway,first_point_of_impact,vehicle_left_hand_drive,journey_purpose_of_driver_historic,journey_purpose_of_driver,sex_of_driver,age_of_driver,age_band_of_driver,engine_capacity_cc,propulsion_code,age_of_vehicle,generic_make_model,driver_imd_decile,lsoa_of_driver,escooter_flag,driver_distance_banding
2024010498349,2024,010498349,2,9,0,6,6,7,7,0,0,1,0,0,0,0,1,1,6,6,3,24,5,2143,2,7,ALFA ROMEO GIULIA,-1,-1,0,-1
2024122401306,2024,122401306,2,9,0,3,3,7,3,0,0,0,0,4,0,0,2,1,6,6,2,59,9,2143,2,6,ALFA ROMEO GIULIA,6,E01027701,0,3
2024411443572,2024,411443572,3,9,0,-1,19,8,4,-1,0,1,0,0,0,0,1,1,-1,6,1,38,7,2143,2,7,ALFA ROMEO GIULIA,-1,-1,0,-1
2024332400915,2024,332400915,1,9,0,-1,19,3,7,-1,0,0,2,0,1,4,1,1,-1,6,1,27,6,2891,1,6,ALFA ROMEO GIULIA,6,E01025929,0,4
2024451395388,2024,451395388,2,9,0,-1,19,2,6,-1,0,0,0,0,0,0,1,1,-1,6,1,20,4,1995,1,5,ALFA ROMEO GIULIA,-1,-1,0,-1
2024010551349,2024,010551349,1,9,0,18,19,5,1,9,9,1,0,0,0,0,1,1,6,6,1,49,8,2891,1,6,ALFA ROMEO GIULIA,7,E01016321,0,4
2024010504685,2024,010504685,1,9,0,7,7,1,3,0,0,0,1,11,0,0,1,1,2,2,1,22,5,2143,2,7,ALFA ROMEO GIULIA,7,E01003414,0,1
2024070977290,2024,070977290,1,9,0,-1,9,3,5,-1,0,6,0,0,0,0,1,1,-1,9,1,48,8,2891,1,5,ALFA ROMEO GIULIA,7,E01018449,0,1
2024052402785,2024,052402785,2,9,0,9,9,3,2,0,0,6,0,0,0,0,1,1,6,6,1,66,10,2891,1,7,ALFA ROMEO GIULIA,8,E01006684,0,1
2024440052151,2024,440052151,1,9,0,18,19,2,6,0,0,0,0,0,0,0,1,1,3,7,1,47,8,1995,1,2,ALFA ROMEO GIULIA,9,E01032848,0,1
2024010497908,2024,010497908,6,9,0,2,2,0,0,0,0,1,0,0,0,0,3,1,6,6,3,-1,-1,1995,1,2,ALFA ROMEO GIULIA,-1,-1,0,-1
2024421428938,2024,421428938,2,9,0,-1,10,2,8,-1,0,1,0,0,0,0,2,1,-1,6,1,34,6,1995,1,2,ALFA ROMEO GIULIA,3,E01021816,0,3
2024340WN6112,2024,340WN6112,2,9,0,-1,19,5,1,-1,0,4,0,0,0,0,1,1,-1,9,1,38,7,2891,1,2,ALFA ROMEO GIULIA,8,E01034450,0,3
2024451451061,2024,451451061,1,9,0,-1,19,7,3,-1,0,2,0,0,0,0,0,1,-1,1,1,36,7,1995,1,5,ALFA ROMEO GIULIA,10,E01022884,0,4
2024302400591,2024,302400591,2,9,0,10,10,1,6,0,0,1,0,0,0,0,1,1,6,6,1,59,9,2143,2,6,ALFA ROMEO GIULIA,6,-1,0,5
2024351510397,2024,351510397,2,9,0,-1,19,1,5,-1,0,0,0,0,0,0,3,1,-1,9,1,54,8,2891,1,1,ALFA ROMEO GIULIA,7,E01018243,0,1
2024221516168,2024,221516168,2,9,0,-1,19,5,1,-1,0,8,0,0,0,0,1,1,-1,6,1,57,9,2143,2,6,ALFA ROMEO GIULIA,7,E01035081,0,1
2024461502274,2024,461502274,1,9,0,-1,19,1,5,-1,0,1,0,0,0,0,1,1,-1,6,1,20,4,2143,2,5,ALFA ROMEO GIULIA,7,E01024302,0,1
2024010516299,2024,010516299,1,9,0,18,19,1,5,0,0,1,2,7,1,6,1,1,6,6,1,21,5,2891,1,5,ALFA ROMEO GIULIA,-1,-1,0,-1
2024430524045,2024,430524045,1,21,2,18,19,3,7,0,0,0,1,0,0,0,1,1,1,1,1,38,7,12000,2,21,-1,9,E01022882,0,4
2024302401227,2024,302401227,1,3,0,16,19,3,6,0,0,2,1,10,8,11,1,1,6,6,1,30,6,125,1,22,-1,2,E01019662,0,3
2024161491507,2024,161491507,2,9,0,-1,19,3,7,-1,0,0,0,0,7,0,2,1,-1,6,1,65,9,1582,2,9,HYUNDAI I30,10,E01034984,0,3
2024302401170,2024,302401170,1,9,0,7,7,2,3,0,0,0,0,0,0,0,4,1,6,6,3,-1,-1,1582,2,14,HYUNDAI I30,5,E01019456,0,3
2024041520405,2024,041520405,2,9,0,-1,5,1,5,-1,0,8,1,0,0,0,4,1,-1,9,2,62,9,1582,2,10,HYUNDAI I30,10,E01025019,0,1
2024401476496,2024,401476496,3,9,0,-1,2,0,0,-1,0,0,0,4,0,0,2,1,-1,6,-1,-1,-1,1582,2,13,HYUNDAI I30,-1,-1,0,-1
2024501405809,2024,501405809,3,9,0,-1,19,3,7,-1,0,1,0,0,0,0,0,1,-1,1,1,25,5,1598,8,2,HYUNDAI I30,-1,-1,0,-1
2024552401173,2024,552401173,2,9,0,2,2,0,0,0,0,8,0,0,0,0,4,1,1,1,1,48,8,1598,2,4,HYUNDAI I30,7,E01020514,0,4
2024332400793,2024,332400793,2,9,0,-1,19,1,5,-1,0,0,0,0,1,0,3,1,-1,6,1,23,5,1998,1,7,HYUNDAI I30,6,E01025986,0,1
2024131499220,2024,131499220,1,9,0,-1,5,3,2,-1,0,4,0,0,0,0,0,1,-1,9,1,73,10,998,1,6,HYUNDAI I30,4,E01010985,0,3
2024211481942,2024,211481942,1,9,0,-1,13,1,5,-1,0,0,1,7,0,0,1,1,-1,9,1,31,6,1368,1,8,HYUNDAI I30,1,E01009892,0,4
2024991403937,2024,991403937,1,9,0,-1,19,3,7,-1,0,0,0,0,2,0,1,1,-1,6,1,60,9,1582,2,14,HYUNDAI I30,3,-1,0,4
2024401524964,2024,401524964,1,9,-1,-1,-1,-1,-1,-1,-1,0,-1,-1,-1,0,-1,9,-1,6,3,-1,-1,1582,2,15,HYUNDAI I30,-1,-1,0,-1
2024010532429,2024,010532429,1,9,0,4,4,5,1,6,6,0,0,4,0,0,1,1,2,2,2,32,6,1591,1,11,HYUNDAI I30,6,E01003227,0,1
2024340WN9172,2024,340WN9172,2,9,0,-1,19,6,2,-1,0,0,0,0,0,0,1,1,-1,6,1,24,5,1582,2,11,HYUNDAI I30,3,E01027314,0,4
2024041429509,2024,041429509,1,9,0,-1,19,3,7,-1,0,0,0,0,0,0,0,1,-1,6,3,-1,-1,1582,2,7,HYUNDAI I30,-1,-1,0,-1
2024351540760,2024,351540760,1,9,0,-1,7,8,1,-1,0,8,0,0,0,0,4,9,-1,6,2,-1,-1,1396,1,11,HYUNDAI I30,3,E01018081,0,1
2024201480902,2024,201480902,2,9,0,-1,19,8,4,-1,0,8,0,0,0,0,2,9,-1,6,1,-1,-1,998,8,1,HYUNDAI I30,-1,-1,0,-1
2024070724685,2024,070724685,1,9,0,-1,9,6,8,-1,0,6,0,0,0,0,1,1,-1,1,2,23,5,1396,1,10,HYUNDAI I30,-1,-1,0,-1
2024010518334,2024,010518334,2,9,0,18,19,5,1,0,0,6,0,0,0,0,1,1,6,6,2,19,4,998,8,1,HYUNDAI I30,5,E01034090,0,4
2024411435214,2024,411435214,2,9,0,-1,-1,-1,-1,-1,-1,0,-1,-1,-1,0,-1,9,-1,9,2,76,11,998,1,7,HYUNDAI I30,10,E01023483,0,2
2024440123315,2024,440123315,2,9,0,18,19,2,6,0,0,0,0,0,0,0,3,1,6,6,1,45,7,1353,1,7,HYUNDAI I30,5,E01017209,0,1
2024211521879,2024,211521879,2,9,0,-1,19,4,3,-1,0,6,0,0,0,0,1,1,-1,9,2,34,6,1582,2,14,HYUNDAI I30,2,E01014337,0,1
2024332400819,2024,332400819,2,9,0,-1,19,2,6,-1,0,0,0,0,0,0,1,1,-1,2,2,23,5,1582,2,7,HYUNDAI I30,4,E01013617,0,1
2024440497307,2024,440497307,1,9,0,9,9,1,7,0,0,8,0,0,0,0,1,1,6,6,1,33,6,1582,2,10,HYUNDAI I30,5,E01017311,0,1
2024440426926,2024,440426926,1,9,0,18,19,2,6,0,0,0,0,0,0,0,1,1,6,6,1,23,5,1396,1,13,HYUNDAI I30,9,E01029252,0,5
2024141506146,2024,141506146,3,9,0,-1,4,1,5,-1,0,1,0,0,0,0,3,1,-1,9,2,29,6,1368,1,9,HYUNDAI I30,4,E01012820,0,4
2024161430769,2024,161430769,1,8,0,-1,19,-1,-1,-1,0,8,0,0,0,0,1,9,-1,1,1,-1,-1,1582,2,9,HYUNDAI I30,-1,-1,0,-1
2024461487152,2024,461487152,2,9,0,-1,3,3,7,-1,0,0,0,0,0,0,2,1,-1,6,1,40,7,998,8,1,HYUNDAI I30,3,E01033209,0,4
2024548789324,2024,548789324,2,9,0,18,19,7,3,0,0,1,0,0,0,0,1,1,6,6,1,32,6,1396,1,16,HYUNDAI I30,4,E01032101,0,1
2024411476754,2024,411476754,2,9,0,-1,3,1,5,-1,0,1,0,0,0,0,3,1,-1,2,2,43,7,1591,1,9,HYUNDAI I30,2,E01001551,0,1
2024070863257,2024,070863257,1,9,0,-1,19,5,1,-1,0,0,0,0,0,0,1,1,-1,6,2,57,9,1396,1,12,HYUNDAI I30,5,E01005617,0,2
2024161456127,2024,161456127,2,9,0,-1,19,6,2,-1,0,0,1,0,0,0,1,1,-1,9,1,17,4,1582,2,10,HYUNDAI I30,9,E01013252,0,2
2024041513611,2024,041513611,1,9,0,-1,19,7,3,-1,0,0,0,0,0,0,1,1,-1,6,1,72,10,1582,2,11,HYUNDAI I30,8,E01025365,0,4
2024991408714,2024,991408714,1,9,0,-1,4,8,4,-1,0,2,0,0,0,0,1,1,-1,9,1,51,8,1582,2,7,HYUNDAI I30,-1,-1,0,-1
2024161448191,2024,161448191,1,9,0,-1,19,8,4,-1,0,0,0,0,0,0,4,1,-1,6,1,66,10,1396,1,11,HYUNDAI I30,2,E01013128,0,1
2024471456209,2024,471456209,1,9,0,-1,11,5,2,-1,0,8,1,0,1,4,2,1,-1,9,1,32,6,1396,1,15,HYUNDAI I30,4,E01022551,0,4
2024141525818,2024,141525818,1,9,0,-1,8,1,4,-1,0,6,0,0,0,0,1,1,-1,6,1,54,8,1582,2,8,HYUNDAI I30,7,E01007483,0,1
2024451421255,2024,451421255,2,9,0,-1,2,0,0,-1,9,0,0,0,0,0,4,1,-1,6,-1,-1,-1,1998,1,5,HYUNDAI I30,-1,-1,0,-1
2024531416927,2024,531416927,1,9,0,-1,9,5,1,-1,0,0,0,0,0,0,3,1,-1,7,2,51,8,1582,2,7,HYUNDAI I30,9,E01022115,0,1
2024101427265,2024,101427265,3,9,0,-1,3,5,1,-1,0,0,0,0,0,0,1,1,-1,6,1,48,8,1582,2,13,HYUNDAI I30,1,E01008544,0,1
2024552401247,2024,552401247,1,9,0,18,19,5,1,0,0,6,0,0,0,0,1,1,1,1,2,33,6,1598,2,3,HYUNDAI I30,7,E01020514,0,3
2024201499931,2024,201499931,2,9,0,-1,3,2,6,-1,0,0,0,0,0,0,2,9,-1,6,1,23,5,1582,2,9,HYUNDAI I30,1,E01009333,0,1
2024201463363,2024,201463363,2,9,0,-1,19,6,2,-1,0,0,0,0,0,0,2,1,-1,6,2,41,7,1396,1,12,HYUNDAI I30,2,E01008921,0,1
2024311471348,2024,311471348,1,9,0,-1,19,5,1,-1,0,8,0,0,0,0,1,1,-1,9,1,32,6,1591,1,9,HYUNDAI I30,6,E01033772,0,2
2024991455521,2024,991455521,2,9,0,-1,19,7,3,-1,0,1,0,0,0,0,3,1,-1,9,2,40,7,1591,1,10,HYUNDAI I30,6,-1,0,2
2024451526100,2024,451526100,2,9,0,-1,19,8,4,-1,0,0,0,0,0,0,2,1,-1,1,1,70,10,998,1,7,HYUNDAI I30,5,E01030814,0,1
2024522403185,2024,522403185,1,9,0,11,11,4,6,0,0,3,0,0,1,0,1,1,6,6,2,50,8,1396,1,10,HYUNDAI I30,3,E01014523,0,1
2024122401139,2024,122401139,1,9,0,9,9,5,7,0,0,2,0,0,0,0,3,1,6,6,1,71,10,1598,2,3,HYUNDAI I30,9,E01029963,0,5
2024221487498,2024,221487498,1,9,0,-1,19,3,6,-1,0,0,1,0,1,1,3,1,-1,6,2,40,7,1396,1,9,HYUNDAI I30,1,E01010524,0,3
2024131452606,2024,131452606,3,9,0,-1,11,-1,-1,-1,0,0,0,0,0,0,-1,1,-1,6,3,-1,-1,1582,2,14,HYUNDAI I30,-1,-1,0,-1
2024622400392,2024,622400392,1,9,0,9,9,6,4,0,0,1,0,0,0,0,1,1,6,6,1,40,7,1396,1,11,HYUNDAI I30,10,W01001008,0,4
2024052400267,2024,052400267,1,9,0,3,3,1,5,0,0,1,0,0,0,0,1,1,6,6,1,20,4,998,1,6,HYUNDAI I30,-1,-1,0,-1
2024010495761,2024,010495761,1,9,0,99,99,9,9,99,99,9,9,99,9,99,0,1,6,6,2,72,10,1591,1,11,HYUNDAI I30,7,E01003270,0,1
2024340NN2892,2024,340NN2892,1,9,0,-1,19,6,2,-1,0,8,0,0,0,0,3,1,-1,6,1,28,6,998,1,6,HYUNDAI I30,6,E01023845,0,4
2024201411634,2024,201411634,2,9,0,-1,5,6,2,-1,0,0,0,0,0,0,3,1,-1,9,1,44,7,1582,2,9,HYUNDAI I30,1,E01009007,0,1
2024010508205,2024,010508205,2,9,0,99,99,9,9,99,99,0,9,99,9,99,9,9,6,6,3,-1,-1,1396,1,11,HYUNDAI I30,-1,-1,0,-1
2024041459495,2024,041459495,1,9,0,-1,19,4,1,-1,9,0,0,0,7,2,1,1,-1,9,1,62,9,1396,1,15,HYUNDAI I30,1,E01012749,0,2
2024421531465,2024,421531465,2,9,0,-1,2,0,0,-1,0,2,0,0,0,0,2,2,-1,6,-1,-1,-1,1353,1,7,HYUNDAI I30,-1,-1,0,-1
2024221484724,2024,221484724,1,9,0,-1,19,1,5,-1,0,0,0,0,0,0,1,1,-1,6,2,36,7,1582,2,9,HYUNDAI I30,8,E01032290,0,1
2024010523905,2024,010523905,1,9,0,7,7,4,7,0,0,5,0,0,0,0,4,2,6,6,2,34,6,1396,1,12,HYUNDAI I30,5,E01001973,0,1
2024471419262,2024,471419262,1,9,0,-1,8,5,1,-1,0,1,0,0,0,0,1,1,-1,1,2,28,6,1396,1,10,HYUNDAI I30,6,E01035326,0,1
2024141469320,2024,141469320,2,9,0,-1,9,7,5,-1,0,5,0,0,0,0,1,1,-1,6,2,-1,-1,1582,2,9,HYUNDAI I30,-1,-1,0,-1
2024070877328,2024,070877328,2,9,0,-1,19,5,3,-1,9,8,0,0,0,1,1,1,-1,2,2,32,6,1582,2,8,HYUNDAI I30,9,W01000044,0,5
2024440485042,2024,440485042,2,9,0,18,19,8,4,0,0,0,0,0,0,0,2,1,6,6,2,27,6,998,1,6,HYUNDAI I30,4,E01023204,0,2
2024201525506,2024,201525506,1,9,0,-1,19,2,6,-1,0,0,0,0,0,0,1,9,-1,6,3,-1,-1,1396,1,11,HYUNDAI I30,-1,-1,0,-1
2024461399649,2024,461399649,1,9,0,-1,19,3,7,-1,0,0,0,11,0,0,1,9,-1,6,1,36,7,1591,1,9,HYUNDAI I30,10,E01024631,0,1
2024010534225,2024,010534225,1,9,0,18,19,1,5,0,0,1,0,0,0,0,1,1,1,1,1,47,8,1353,1,4,HYUNDAI I30,2,E01003619,0,2
2024041488280,2024,041488280,4,9,0,-1,2,0,0,-1,-1,0,0,0,0,0,0,1,-1,9,1,40,7,1396,1,13,HYUNDAI I30,1,E01004957,0,3
2024061491828,2024,061491828,1,9,0,-1,19,6,2,-1,0,1,0,11,0,0,1,1,-1,9,1,64,9,998,8,2,HYUNDAI I30,1,E01012761,0,5
2024201436624,2024,201436624,1,9,0,-1,19,2,6,-1,0,1,0,0,0,0,3,1,-1,6,1,60,9,1396,1,13,HYUNDAI I30,-1,-1,0,-1
2024991398251,2024,991398251,2,9,0,-1,2,8,5,-1,0,0,0,0,0,0,2,1,-1,9,1,37,7,1353,1,7,HYUNDAI I30,6,-1,0,2
2024061410233,2024,061410233,2,8,0,-1,19,5,1,-1,0,1,0,0,0,0,3,1,-1,1,1,24,5,1582,2,11,HYUNDAI I30,2,E01004815,0,1
2024991453790,2024,991453790,3,9,0,-1,2,0,0,-1,0,0,0,0,0,0,4,1,-1,6,-1,-1,-1,998,1,6,HYUNDAI I30,-1,-1,0,-1
2024451533892,2024,451533892,2,9,0,-1,19,2,6,-1,0,1,0,0,0,0,1,1,-1,2,1,53,8,1591,1,9,HYUNDAI I30,7,E01030583,0,1
2024451538774,2024,451538774,3,9,0,-1,10,5,1,-1,0,2,0,0,0,0,0,1,-1,9,2,52,8,1591,1,9,HYUNDAI I30,7,E01030838,0,1
2024421512844,2024,421512844,1,9,0,-1,4,5,1,-1,0,0,0,0,0,0,1,1,-1,9,1,26,6,1998,1,5,HYUNDAI I30,3,E01015882,0,2
2024010530553,2024,010530553,2,9,0,3,3,7,3,0,0,1,0,0,0,0,1,1,1,1,1,37,7,1353,1,3,HYUNDAI I30,-1,-1,0,-1
2024552500077,2024,552500077,1,9,0,18,19,5,1,0,0,8,0,0,0,0,4,1,2,2,1,62,9,1582,2,11,HYUNDAI I30,8,E01015378,0,1
2024501475814,2024,501475814,3,9,0,-1,4,1,5,-1,0,0,1,0,0,0,0,1,-1,1,1,-1,-1,1598,8,2,HYUNDAI I30,4,E01018877,0,1
2024141506491,2024,141506491,1,9,0,-1,9,6,3,-1,0,2,0,0,0,0,1,1,-1,9,1,66,10,1582,2,9,HYUNDAI I30,9,E01007893,0,1
2024010523223,2024,010523223,2,9,0,99,99,9,9,99,99,9,9,99,9,99,1,9,6,6,3,26,6,1396,1,14,HYUNDAI I30,5,E01003743,0,1
2024302400177,2024,302400177,2,9,0,2,2,0,0,0,0,1,0,0,0,0,3,1,6,6,3,-1,-1,1582,2,9,HYUNDAI I30,-1,-1,0,-1
2024440439807,2024,440439807,1,9,0,18,19,6,2,0,0,1,0,0,0,0,1,1,6,6,1,29,6,1998,1,6,HYUNDAI I30,9,E01022757,0,1
2024340WN7152,2024,340WN7152,1,9,0,-1,19,2,6,-1,0,8,0,0,0,0,3,1,-1,6,3,-1,-1,1582,2,13,HYUNDAI I30,-1,-1,0,-1
2024461427404,2024,461427404,2,9,0,-1,4,3,7,-1,0,0,1,0,3,0,2,9,-1,6,2,44,7,1582,2,13,HYUNDAI I30,8,E01016122,0,1
2024010527730,2024,010527730,1,9,0,18,19,7,3,0,0,6,1,0,1,6,1,1,6,6,1,35,6,1396,1,12,HYUNDAI I30,2,E01002633,0,1
2024041535453,2024,041535453,1,9,0,-1,12,5,1,-1,0,0,0,0,0,0,3,1,-1,6,1,63,9,1582,2,10,HYUNDAI I30,8,E01018441,0,4
2024061475443,2024,061475443,2,9,0,-1,7,-1,-1,-1,0,8,0,0,0,0,4,1,-1,6,1,-1,-1,1582,2,14,HYUNDAI I30,1,E01005142,0,1
2024031470220,2024,031470220,2,9,0,-1,3,7,3,-1,0,1,0,0,0,0,2,1,-1,9,1,28,6,1998,1,4,HYUNDAI I30,-1,-1,0,-1
2024461480299,2024,461480299,1,9,0,-1,19,4,3,-1,0,1,0,0,0,0,1,9,-1,6,1,-1,-1,1582,2,13,HYUNDAI I30,8,E01024045,0,3
2024320144932,2024,320144932,2,9,0,-1,-1,6,2,0,0,8,0,0,0,0,4,1,-1,-1,2,35,6,1582,2,15,HYUNDAI I30,-1,-1,0,-1
2024010511103,2024,010511103,1,9,0,3,3,7,3,0,0,1,0,0,0,0,3,1,3,7,2,53,8,1591,1,15,HYUNDAI I30,2,E01001364,0,1
2024320158038,2024,320158038,1,9,0,-1,-1,6,2,0,0,0,0,0,0,0,1,1,6,6,1,21,5,1998,1,5,HYUNDAI I30,10,E01032993,0,1
2024451534931,2024,451534931,1,9,0,-1,5,4,6,-1,0,4,0,0,0,0,4,1,-1,9,1,48,8,1368,1,9,HYUNDAI I30,5,E01030311,0,1
2024041475883,2024,041475883,2,9,0,-1,2,0,0,-1,0,1,0,0,0,0,2,1,-1,9,1,26,6,1582,2,8,HYUNDAI I30,6,E01012747,0,3
2024440362632,2024,440362632,2,9,0,18,19,2,6,0,0,0,0,0,0,0,2,1,6,6,1,34,6,998,8,1,HYUNDAI I30,8,E01023875,0,4
2024546642024,2024,546642024,2,9,0,18,19,1,5,0,0,0,0,0,0,0,2,1,6,6,2,30,6,998,1,7,HYUNDAI I30,3,E01008933,0,5
2024061524643,2024,061524643,1,9,0,-1,19,1,4,-1,0,0,0,0,0,0,4,1,-1,6,1,-1,-1,1591,1,14,HYUNDAI I30,8,E01006339,0,1
2024361524996,2024,361524996,3,9,0,-1,2,0,0,-1,0,1,0,0,0,0,4,1,-1,2,1,35,6,1998,1,6,HYUNDAI I30,9,E01035136,0,4
2024351415418,2024,351415418,1,9,0,-1,19,3,6,-1,0,5,0,0,0,0,1,1,-1,6,1,47,8,1591,1,14,HYUNDAI I30,2,E01015633,0,2
2024552400159,2024,552400159,1,9,0,18,19,4,8,0,0,0,0,0,0,0,1,1,6,6,2,87,11,998,1,6,HYUNDAI I30,3,E01015449,0,1
2024991438412,2024,991438412,4,9,0,-1,19,2,6,-1,0,0,0,7,0,0,1,1,-1,6,2,41,7,1582,2,13,HYUNDAI I30,2,-1,0,3
2024451465299,2024,451465299,2,9,0,-1,19,5,1,-1,0,0,0,0,0,0,3,9,-1,6,2,65,9,1368,1,9,HYUNDAI I30,7,E01030864,0,2
2024522402699,2024,522402699,2,9,0,4,4,2,6,0,0,8,0,0,0,0,2,1,6,6,1,36,7,1582,2,8,HYUNDAI I30,10,E01014885,0,3
2024531517005,2024,531517005,3,9,0,-1,3,3,7,-1,0,0,0,0,0,0,2,1,-1,2,1,43,7,1582,2,11,HYUNDAI I30,-1,-1,0,-1
2024361504780,2024,361504780,1,9,0,-1,9,1,5,-1,0,0,0,0,0,0,1,1,-1,6,1,60,9,1582,2,10,HYUNDAI I30,9,E01026558,0,4
2024440290506,2024,440290506,2,9,0,2,2,0,0,0,0,2,0,0,0,0,3,1,6,6,1,35,6,1582,2,8,HYUNDAI I30,-1,-1,0,-1
2024471402345,2024,471402345,2,9,0,-1,19,1,5,-1,0,1,0,0,0,0,1,1,-1,9,1,66,10,1582,2,13,HYUNDAI I30,7,E01021009,0,4
2024991505181,2024,991505181,2,9,0,-1,19,8,4,-1,0,1,0,0,0,0,1,1,-1,2,1,43,7,1396,1,13,HYUNDAI I30,5,-1,0,3
2024131450859,2024,131450859,2,9,0,-1,2,0,0,-1,0,8,0,0,0,0,3,1,-1,6,-1,-1,-1,1582,2,13,HYUNDAI I30,-1,-1,0,-1
2024991518463,2024,991518463,1,9,0,-1,19,7,2,-1,0,0,0,0,0,0,1,1,-1,6,1,17,4,1582,2,14,HYUNDAI I30,3,-1,0,1
2024010549699,2024,010549699,1,9,0,18,19,7,3,0,0,2,0,0,0,0,1,1,6,6,1,31,6,1396,1,14,HYUNDAI I30,-1,-1,0,-1
2024421409316,2024,421409316,2,9,0,-1,19,3,7,-1,0,3,0,0,0,0,1,1,-1,9,1,50,8,1582,2,17,HYUNDAI I30,7,E01015849,0,1
2024440376994,2024,440376994,1,9,0,9,9,6,3,0,0,6,0,0,0,0,3,1,2,2,2,65,9,1582,2,12,HYUNDAI I30,2,E01017363,0,1
2024332400153,2024,332400153,1,9,0,-1,4,2,6,-1,0,2,0,0,0,0,2,1,-1,6,2,30,6,1396,2,11,HYUNDAI I30,6,E01025629,0,1
2024451433270,2024,451433270,1,9,0,-1,19,8,2,-1,0,0,0,0,0,0,3,1,-1,2,2,23,5,1998,1,5,HYUNDAI I30,7,E01030583,0,1
2024501515902,2024,501515902,3,9,0,-1,19,1,5,-1,0,0,0,0,0,0,0,1,-1,6,1,73,10,998,1,6,HYUNDAI I30,3,E01021090,0,5
2024440433006,2024,440433006,2,9,0,18,19,2,6,0,0,0,0,0,0,0,1,1,6,6,2,53,8,1396,2,10,HYUNDAI I30,2,E01015362,0,4
2024010549201,2024,010549201,1,9,0,4,4,3,7,0,0,1,0,0,0,0,2,1,1,1,1,30,6,1353,1,4,HYUNDAI I30,9,E01016052,0,4
2024520402809,2024,520402809,2,9,0,18,19,2,7,0,0,0,0,0,0,0,4,1,6,6,1,50,8,1396,1,15,HYUNDAI I30,5,E01029283,0,4
2024440448877,2024,440448877,1,9,0,16,19,3,6,0,0,1,0,0,0,0,1,1,3,7,2,29,6,1582,2,9,HYUNDAI I30,10,E01023133,0,1
2024361402108,2024,361402108,1,9,0,-1,19,6,2,-1,0,0,0,0,0,0,1,1,-1,9,2,74,10,1396,1,12,HYUNDAI I30,7,E01026508,0,1
2024461483533,2024,461483533,2,9,0,-1,19,1,5,-1,0,0,0,0,0,0,3,1,-1,2,1,30,6,1396,1,12,HYUNDAI I30,3,E01024392,0,3
2024131499967,2024,131499967,3,9,0,-1,19,7,3,-1,0,8,0,0,0,0,3,1,-1,9,1,37,7,1582,2,9,HYUNDAI I30,7,E01011550,0,2
2024041419054,2024,041419054,1,9,0,-1,19,3,7,-1,0,1,0,0,8,4,3,1,-1,6,2,31,6,1582,2,11,HYUNDAI I30,5,E01005964,0,4
2024201500483,2024,201500483,1,9,0,-1,19,1,5,-1,0,8,0,0,0,0,2,1,-1,6,2,42,7,1582,2,12,HYUNDAI I30,2,E01008953,0,1
2024440531119,2024,440531119,1,9,0,18,19,5,1,0,0,0,0,0,0,0,1,1,6,6,1,31,6,1396,1,13,HYUNDAI I30,9,E01022587,0,1
2024031533310,2024,031533310,2,9,0,-1,19,5,1,-1,0,0,0,0,0,0,2,1,-1,9,1,55,8,1396,1,14,HYUNDAI I30,5,E01016405,0,5
2024010533661,2024,010533661,2,9,0,18,19,5,1,0,0,8,0,7,0,0,2,1,6,6,2,20,4,998,1,6,HYUNDAI I30,3,E01000226,0,1
2024311489743,2024,311489743,1,9,0,-1,8,5,1,-1,9,0,0,0,0,0,1,1,-1,9,1,34,6,1582,2,15,HYUNDAI I30,3,E01035506,0,1
2024440524245,2024,440524245,2,9,0,4,4,1,5,0,0,1,0,0,0,0,2,1,1,1,2,33,6,998,8,2,HYUNDAI I30,6,E01022802,0,2
2024161501894,2024,161501894,2,9,0,-1,2,0,0,-1,0,1,0,0,0,0,4,9,-1,6,-1,-1,-1,1582,2,12,HYUNDAI I30,-1,-1,0,-1
2024531434000,2024,531434000,2,9,0,-1,19,1,5,-1,0,2,0,0,0,0,2,1,-1,9,1,22,5,1582,2,13,HYUNDAI I30,5,E01022428,0,2
2024221523442,2024,221523442,1,9,0,-1,9,7,5,-1,0,5,0,0,0,0,1,1,-1,9,1,82,11,1396,1,15,HYUNDAI I30,2,E01034332,0,1
2024440318796,2024,440318796,1,9,0,12,12,4,8,0,0,0,0,0,0,0,3,1,6,6,1,38,7,1396,1,14,HYUNDAI I30,2,E01022655,0,1
2024201497573,2024,201497573,2,9,0,-1,19,5,1,-1,0,2,0,0,0,0,3,1,-1,6,1,32,6,1582,2,10,HYUNDAI I30,2,E01009043,0,1
2024430121746,2024,430121746,2,9,0,18,19,8,4,0,0,0,0,0,0,0,4,1,6,6,2,30,6,1582,2,15,HYUNDAI I30,2,E01005308,0,5
2024311464663,2024,311464663,2,9,0,-1,19,7,3,-1,0,1,0,0,0,0,1,1,-1,9,1,77,11,1582,2,10,HYUNDAI I30,-1,-1,0,-1
2024141397775,2024,141397775,1,9,0,-1,19,3,7,-1,0,0,0,0,0,0,1,1,-1,6,1,55,8,1582,2,12,HYUNDAI I30,4,E01008144,0,1