collision_index,collision_year,collision_ref_no,vehicle_reference,vehicle_type,towing_and_articulation,vehicle_manoeuvre_historic,vehicle_manoeuvre,vehicle_direction_from,vehicle_direction_to,vehicle_location_restricted_lane_historic,vehicle_location_restricted_lane,junction_location,skidding_and_overturning,hit_object_in_carriageway,vehicle_leaving_carriageway,hit_object_off_carriageway,first_point_of_impact,vehicle_left_hand_drive,journey_purpose_of_driver_historic,journey_purpose_of_driver,sex_of_driver,age_of_driver,age_band_of_driver,engine_capacity_cc,propulsion_code,age_of_vehicle,generic_make_model,driver_imd_decile,lsoa_of_driver,escooter_flag,driver_distance_banding
2024622400402,2024,622400402,1,9,0,9,9,6,4,0,0,8,0,0,0,0,1,1,6,6,1,20,4,1396,1,15,HYUNDAI I30,1,W01001856,0,1
2024010526288,2024,010526288,1,9,0,18,19,7,3,0,0,8,0,0,0,0,4,1,6,6,2,41,7,1368,1,9,HYUNDAI I30,5,E01000398,0,1
2024010503900,2024,010503900,1,9,0,9,9,2,7,9,9,1,0,0,0,0,1,2,6,6,1,24,5,998,1,6,HYUNDAI I30,-1,-1,0,-1
2024122401308,2024,122401308,1,9,0,4,4,3,7,0,0,0,0,0,0,0,2,1,6,6,2,27,6,1396,1,14,HYUNDAI I30,3,E01011502,0,3
2024201482407,2024,201482407,2,9,0,-1,99,5,1,-1,0,0,0,0,0,0,1,9,-1,6,3,36,7,1582,2,13,HYUNDAI I30,2,E01009225,0,2
2024161413951,2024,161413951,1,9,0,-1,9,5,1,-1,0,0,0,0,0,0,2,1,-1,6,1,51,8,1582,2,12,HYUNDAI I30,4,E01013086,0,4
2024351417311,2024,351417311,4,9,0,-1,4,1,3,-1,0,1,0,0,0,0,0,1,-1,8,2,-1,-1,1582,2,8,HYUNDAI I30,-1,-1,0,-1
2024131491729,2024,131491729,2,9,0,-1,19,1,5,-1,0,1,0,0,0,0,1,1,-1,9,2,41,7,1582,2,11,HYUNDAI I30,1,E01011467,0,1
2024131499166,2024,131499166,1,9,0,-1,5,8,4,-1,0,0,0,0,0,0,4,1,-1,6,1,-1,-1,1396,1,14,HYUNDAI I30,-1,-1,0,-1
2024141445240,2024,141445240,1,9,0,-1,19,5,1,-1,0,1,0,0,0,0,3,1,-1,6,2,34,6,998,1,4,HYUNDAI I30,9,E01008048,0,1
2024161511395,2024,161511395,1,9,0,-1,14,1,5,-1,0,0,0,0,0,0,1,1,-1,9,2,74,10,1582,2,16,HYUNDAI I30,3,E01013071,0,1
2024440322928,2024,440322928,1,9,0,18,19,7,3,0,0,1,0,0,0,0,1,1,6,6,2,41,7,1396,1,12,HYUNDAI I30,3,E01022485,0,1
2024141428311,2024,141428311,1,9,0,-1,9,1,7,-1,0,1,0,0,0,0,1,9,-1,6,1,51,8,998,1,5,HYUNDAI I30,10,E01007936,0,1
2024371539266,2024,371539266,1,9,0,-1,19,3,7,-1,0,0,1,0,1,0,1,1,-1,6,2,18,4,1582,2,11,HYUNDAI I30,6,E01030081,0,3
2024010508717,2024,010508717,2,9,0,18,19,5,1,0,0,2,0,0,0,0,1,1,6,6,2,49,8,1591,1,14,HYUNDAI I30,2,E01001191,0,1
2024010520710,2024,010520710,2,9,0,13,13,9,9,99,99,0,9,99,9,99,9,9,6,6,3,-1,-1,1396,1,11,HYUNDAI I30,-1,-1,0,-1
2024302401578,2024,302401578,1,9,0,17,19,8,5,0,0,0,0,0,0,0,1,1,6,6,1,62,9,1396,1,15,HYUNDAI I30,4,E01013459,0,3
2024430123579,2024,430123579,1,9,0,18,19,7,3,0,0,0,0,0,0,0,1,1,6,6,3,-1,-1,1991,2,16,HYUNDAI I30,-1,-1,0,-1
2024440175859,2024,440175859,2,9,0,2,2,0,0,0,0,0,0,0,0,0,3,1,6,6,1,36,7,998,8,2,HYUNDAI I30,4,E01017235,0,1
2024548058924,2024,548058924,2,9,0,18,19,1,5,0,0,1,0,0,0,0,1,1,6,6,1,45,7,1582,2,10,HYUNDAI I30,4,E01031980,0,1
2024010523646,2024,010523646,1,9,0,99,99,9,9,99,99,9,9,99,9,99,9,9,6,6,3,-1,-1,1591,1,15,HYUNDAI I30,-1,-1,0,-1
2024141495329,2024,141495329,2,9,0,-1,19,1,5,-1,0,0,0,10,0,0,1,1,-1,2,1,58,9,1591,1,14,HYUNDAI I30,1,E01007783,0,1
2024411489113,2024,411489113,3,9,-1,-1,-1,-1,-1,-1,-1,1,-1,-1,-1,0,-1,9,-1,6,3,-1,-1,1582,2,8,HYUNDAI I30,10,E01023730,0,1
2024041536070,2024,041536070,2,9,0,-1,19,5,1,-1,0,0,0,0,0,0,1,1,-1,9,2,56,9,1396,1,11,HYUNDAI I30,6,E01025421,0,2
2024522402737,2024,522402737,2,9,0,7,7,2,5,0,0,6,0,0,0,0,1,1,6,6,3,-1,-1,1368,1,8,HYUNDAI I30,-1,-1,0,-1
2024440103918,2024,440103918,2,9,0,18,19,8,4,0,0,1,0,0,0,0,1,1,6,6,1,33,6,1582,2,17,HYUNDAI I30,-1,-1,0,-1
2024211475055,2024,211475055,2,9,0,-1,19,5,8,-1,0,3,1,11,7,0,3,1,-1,2,1,-1,-1,1396,1,15,HYUNDAI I30,-1,-1,0,-1
2024131399187,2024,131399187,1,9,0,-1,19,1,5,-1,0,0,1,10,7,11,1,1,-1,6,3,-1,-1,1582,2,13,HYUNDAI I30,-1,-1,0,-1
2024201417124,2024,201417124,2,9,0,-1,19,6,4,-1,0,8,0,0,0,0,1,1,-1,6,1,23,5,1591,1,14,HYUNDAI I30,1,E01009195,0,1
2024531437642,2024,531437642,1,9,0,-1,4,5,1,-1,0,1,0,0,0,0,1,1,-1,9,2,29,6,1396,1,15,HYUNDAI I30,8,E01022355,0,3
2024201538913,2024,201538913,1,9,0,-1,9,2,8,-1,0,5,0,0,0,0,1,9,-1,9,3,-1,-1,1582,2,10,HYUNDAI I30,-1,-1,0,-1
2024041468608,2024,041468608,4,9,0,-1,3,3,7,-1,0,0,0,0,0,0,2,1,-1,9,1,66,10,1582,2,7,HYUNDAI I30,8,E01025233,0,3
2024010505085,2024,010505085,2,9,0,99,99,9,9,99,99,9,9,99,9,99,1,9,6,6,3,-1,-1,1396,1,17,HYUNDAI I30,-1,-1,0,-1
2024201474716,2024,201474716,1,9,0,-1,1,4,8,-1,0,0,0,0,0,0,2,9,-1,6,1,-1,-1,1396,1,14,HYUNDAI I30,-1,-1,0,-1
2024451397759,2024,451397759,1,9,0,-1,14,2,6,-1,0,0,0,0,0,0,1,1,-1,1,2,39,7,1598,2,2,HYUNDAI I30,7,E01034294,0,1
2024471472527,2024,471472527,1,9,0,-1,19,3,7,-1,0,0,0,0,1,1,1,9,-1,6,1,20,4,1998,1,7,HYUNDAI I30,5,E01031465,0,2
2024991458899,2024,991458899,1,9,0,-1,5,5,1,-1,0,1,5,4,0,0,1,1,-1,6,1,28,6,1582,2,10,HYUNDAI I30,3,-1,0,3
2024201453840,2024,201453840,1,9,0,-1,19,1,5,-1,0,0,0,4,0,0,1,9,-1,2,1,37,7,1582,2,14,HYUNDAI I30,3,E01009166,0,1
2024052401373,2024,052401373,2,9,0,18,19,3,7,0,0,8,0,0,7,2,1,1,6,6,2,68,10,1582,2,14,HYUNDAI I30,7,E01007245,0,1
2024161453475,2024,161453475,2,9,0,-1,19,6,2,-1,0,0,1,0,0,0,1,1,-1,9,2,29,6,1582,2,9,HYUNDAI I30,6,E01013290,0,2
2024351509943,2024,351509943,1,9,0,-1,19,8,4,-1,0,4,0,9,3,1,1,1,-1,6,2,35,6,1582,2,10,HYUNDAI I30,3,E01015624,0,2
2024622400791,2024,622400791,2,9,0,9,9,4,2,0,0,8,0,0,0,0,1,1,6,6,1,39,7,1582,2,14,HYUNDAI I30,4,W01000809,0,1
2024201521557,2024,201521557,2,9,0,-1,3,5,1,-1,0,8,0,0,0,0,3,9,-1,2,1,33,6,1582,2,7,HYUNDAI I30,4,E01010325,0,1
2024201434018,2024,201434018,2,9,0,-1,3,7,3,-1,0,1,0,0,0,0,2,9,-1,6,1,32,6,1396,1,13,HYUNDAI I30,1,E01010473,0,3
2024161448228,2024,161448228,1,9,0,-1,9,1,7,-1,0,8,0,0,0,0,4,1,-1,6,1,42,7,1396,1,11,HYUNDAI I30,1,E01013279,0,1
2024451459820,2024,451459820,3,9,0,-1,19,6,2,-1,0,0,0,0,0,0,0,1,-1,1,2,25,5,1598,2,3,HYUNDAI I30,9,E01030661,0,2
2024440260055,2024,440260055,4,9,0,4,4,7,3,0,0,0,0,0,0,0,1,1,6,6,2,17,4,1396,1,15,HYUNDAI I30,9,E01022658,0,3
2024631519913,2024,631519913,1,9,0,-1,19,8,4,-1,0,0,0,0,1,0,4,1,-1,2,1,26,6,1582,2,15,HYUNDAI I30,8,W01000596,0,3
2024010551077,2024,010551077,3,9,0,2,2,0,0,9,9,0,0,0,0,0,3,1,6,6,3,-1,-1,1591,1,13,HYUNDAI I30,-1,-1,0,-1
2024501452661,2024,501452661,1,9,0,-1,19,7,3,-1,0,0,0,0,0,0,2,1,-1,1,1,38,7,1482,8,2,HYUNDAI I30,8,E01010119,0,5
2024411464866,2024,411464866,1,9,0,-1,19,5,1,-1,0,0,0,0,0,0,1,1,-1,1,1,36,7,1598,2,4,HYUNDAI I30,4,E01018109,0,4
2024161520746,2024,161520746,2,9,0,-1,19,7,3,-1,0,0,0,0,0,0,1,1,-1,6,1,-1,-1,1396,1,15,HYUNDAI I30,6,E01013173,0,2
2024631408159,2024,631408159,2,9,0,-1,19,3,7,-1,0,2,0,0,7,11,1,1,-1,9,1,76,11,1582,2,14,HYUNDAI I30,6,W01000553,0,2
2024122401092,2024,122401092,1,9,0,18,19,7,3,0,0,0,0,0,2,4,1,1,6,6,1,17,4,1582,2,8,HYUNDAI I30,8,E01011583,0,2
2024401512971,2024,401512971,2,9,0,-1,19,5,1,-1,0,0,0,0,0,0,2,1,-1,9,2,34,6,1591,1,9,HYUNDAI I30,3,E01004295,0,4
2024440186853,2024,440186853,1,9,0,18,19,5,1,0,0,1,0,0,0,0,1,1,6,6,1,22,5,1353,1,7,HYUNDAI I30,5,E01022640,0,1
2024461505203,2024,461505203,2,9,0,-1,7,1,4,-1,0,3,1,0,0,0,4,1,-1,6,2,35,6,1396,1,10,HYUNDAI I30,7,E01032820,0,4
2024111408787,2024,111408787,1,9,0,-1,7,4,6,-1,0,6,0,0,0,0,1,1,-1,6,2,30,6,1582,2,12,HYUNDAI I30,8,E01020623,0,1
2024131458048,2024,131458048,1,9,0,-1,19,3,7,-1,0,8,0,0,0,0,1,1,-1,6,3,-1,-1,1582,2,12,HYUNDAI I30,-1,-1,0,-1
2024041439001,2024,041439001,2,9,0,-1,19,7,3,-1,0,1,0,0,0,0,1,1,-1,7,1,49,8,1582,2,12,HYUNDAI I30,6,E01025144,0,1
2024201501757,2024,201501757,3,8,0,-1,2,0,0,-1,0,1,0,0,0,0,2,1,-1,6,1,49,8,1582,2,8,HYUNDAI I30,-1,-1,0,-1
2024311530324,2024,311530324,1,9,0,-1,19,3,7,-1,0,4,0,0,0,0,0,1,-1,9,2,33,6,1582,2,9,HYUNDAI I30,1,E01028066,0,1
2024122400405,2024,122400405,2,9,0,5,5,1,5,0,0,1,0,0,0,0,2,1,6,6,1,71,10,1368,1,8,HYUNDAI I30,8,E01013343,0,1
2024010528000,2024,010528000,2,9,0,99,99,9,9,99,99,9,9,99,9,99,9,9,6,6,3,45,7,1591,1,10,HYUNDAI I30,4,E01001636,0,1
2024141505900,2024,141505900,1,9,0,-1,10,3,1,-1,0,1,0,0,0,0,2,1,-1,9,1,62,9,1582,2,7,HYUNDAI I30,6,E01007835,0,2
2024522500291,2024,522500291,2,9,0,18,19,8,4,0,0,0,0,0,0,0,1,1,6,6,1,65,9,1582,2,8,HYUNDAI I30,5,E01014994,0,2
2024070126931,2024,070126931,2,9,0,18,19,7,1,0,0,0,0,0,0,0,2,1,6,6,1,40,7,1591,1,9,HYUNDAI I30,-1,-1,0,-1
2024522402471,2024,522402471,1,9,0,4,4,1,5,0,0,0,0,0,0,0,2,1,6,6,1,69,10,1396,1,12,HYUNDAI I30,7,E01014611,0,1
2024201525250,2024,201525250,1,9,0,-1,19,3,8,-1,0,8,0,0,0,0,1,1,-1,6,2,24,5,1396,1,11,HYUNDAI I30,2,E01009389,0,1
2024041533623,2024,041533623,1,9,0,-1,19,7,3,-1,0,0,1,0,4,0,1,1,-1,2,2,34,6,1582,2,13,HYUNDAI I30,2,E01012608,0,1
2024010496798,2024,010496798,1,9,0,5,5,6,2,6,6,7,0,0,0,0,4,1,6,6,1,72,10,1396,1,13,HYUNDAI I30,6,E01001086,0,3
2024522401383,2024,522401383,3,9,0,3,3,8,4,0,0,1,0,0,0,0,2,1,6,6,1,19,4,1396,1,11,HYUNDAI I30,4,E01014592,0,1
2024010522158,2024,010522158,2,9,0,1,1,6,4,0,0,0,0,0,0,0,4,1,6,6,2,26,6,1591,1,12,HYUNDAI I30,3,E01021823,0,3
2024010523233,2024,010523233,1,9,0,18,19,3,7,0,0,1,0,0,0,0,1,1,6,6,1,38,7,1591,1,7,HYUNDAI I30,5,E01000313,0,1
2024131523857,2024,131523857,2,9,0,-1,19,8,5,-1,0,1,0,0,0,0,1,1,-1,2,1,61,9,1582,2,9,HYUNDAI I30,-1,-1,0,-1
2024201452135,2024,201452135,2,9,0,-1,10,4,3,-1,0,8,0,0,0,0,2,1,-1,2,1,36,7,1591,1,11,HYUNDAI I30,2,E01009887,0,1
2024010521730,2024,010521730,3,9,0,18,19,4,8,0,0,0,0,0,0,0,1,1,6,6,1,57,9,1591,1,14,HYUNDAI I30,3,E01031896,0,5
2024411434665,2024,411434665,4,9,0,-1,19,3,7,-1,0,1,0,0,0,0,1,1,-1,6,1,45,7,1396,1,15,HYUNDAI I30,10,E01023668,0,1
2024471474323,2024,471474323,1,9,0,-1,19,1,5,-1,0,0,1,4,0,0,1,1,-1,9,1,56,9,1582,2,14,HYUNDAI I30,2,E01016906,0,1
2024161509096,2024,161509096,2,9,0,-1,19,7,3,-1,0,1,0,0,0,0,1,1,-1,6,1,51,8,1582,2,12,HYUNDAI I30,1,E01013311,0,1
2024122400462,2024,122400462,1,9,0,18,19,5,1,0,0,0,0,0,1,10,1,1,6,6,1,27,6,1998,1,3,HYUNDAI I30,1,E01004839,0,4
2024549516124,2024,549516124,1,9,0,5,5,4,2,0,0,1,0,0,0,0,1,1,6,6,1,46,8,1368,1,9,HYUNDAI I30,3,E01005546,0,5
2024201467305,2024,201467305,1,9,0,-1,7,5,8,-1,0,4,0,0,0,0,3,1,-1,6,1,37,7,1582,2,9,HYUNDAI I30,8,E01010487,0,1
2024141408823,2024,141408823,1,9,0,-1,9,3,7,-1,0,8,0,0,0,0,3,1,-1,9,1,71,10,1582,2,7,HYUNDAI I30,6,E01008020,0,1
2024231461173,2024,231461173,2,9,0,-1,3,4,8,-1,0,1,0,0,0,0,2,9,-1,1,1,30,6,1582,2,9,HYUNDAI I30,1,E01009354,0,4
2024430296285,2024,430296285,1,9,0,4,4,8,4,0,0,1,0,0,0,0,2,1,2,2,2,39,7,1396,1,17,HYUNDAI I30,8,E01017628,0,1
2024221424481,2024,221424481,2,9,0,-1,19,5,1,-1,0,4,0,0,0,0,3,9,-1,9,2,26,6,998,1,7,HYUNDAI I30,7,E01032206,0,1
2024421461958,2024,421461958,1,9,0,-1,9,5,3,-1,0,6,0,0,0,0,1,1,-1,6,2,36,7,1582,2,11,HYUNDAI I30,5,E01015904,0,1
2024041493671,2024,041493671,1,9,0,-1,9,1,5,-1,0,0,0,0,0,0,1,1,-1,6,1,44,7,1582,2,9,HYUNDAI I30,2,E01012608,0,2
2024041420373,2024,041420373,2,9,0,-1,19,3,7,-1,0,8,0,0,7,1,1,1,-1,6,1,26,6,1582,2,9,HYUNDAI I30,1,E01012680,0,1
2024471486540,2024,471486540,4,9,0,-1,5,4,8,-1,0,0,0,0,0,0,2,1,-1,2,1,53,8,1396,1,14,HYUNDAI I30,8,E01031766,0,2
2024052400597,2024,052400597,1,9,0,9,9,4,2,0,0,6,0,0,0,0,1,1,6,6,2,18,4,1582,2,10,HYUNDAI I30,6,E01006623,0,1
2024351538866,2024,351538866,2,9,0,-1,19,3,7,-1,0,1,0,0,7,0,1,1,-1,6,2,66,10,1368,1,8,HYUNDAI I30,7,E01029955,0,3
2024041401650,2024,041401650,1,9,0,-1,19,1,5,-1,0,1,0,0,0,0,1,1,-1,6,1,64,9,1396,1,15,HYUNDAI I30,1,E01024865,0,1
2024461444904,2024,461444904,1,9,0,-1,19,3,7,-1,0,0,5,0,0,0,4,1,-1,6,2,21,5,1582,2,8,HYUNDAI I30,-1,-1,0,-1
2024010518941,2024,010518941,2,9,0,4,4,5,1,0,0,0,0,0,0,0,2,1,6,6,1,44,7,998,1,7,HYUNDAI I30,4,E01004417,0,1
2024141536437,2024,141536437,1,9,0,-1,19,6,2,-1,0,0,1,0,1,2,1,1,-1,9,1,84,11,1396,1,13,HYUNDAI I30,7,E01007818,0,2
2024440143626,2024,440143626,2,9,0,13,13,4,8,0,0,0,1,0,0,0,4,1,6,6,1,18,4,998,1,7,HYUNDAI I30,10,E01023040,0,1
2024052402361,2024,052402361,1,9,0,18,19,3,7,0,0,0,0,0,0,0,4,1,6,6,1,45,7,1396,1,11,HYUNDAI I30,7,E01006498,0,1
2024311482744,2024,311482744,2,9,0,-1,7,7,5,-1,0,5,0,0,0,0,2,1,-1,2,1,51,8,1582,2,15,HYUNDAI I30,8,E01028344,0,2
2024010525867,2024,010525867,1,9,0,99,99,9,9,99,99,9,9,99,9,99,9,9,6,6,3,-1,-1,1582,2,9,HYUNDAI I30,-1,-1,0,-1
2024141459929,2024,141459929,2,9,0,-1,19,5,1,-1,0,0,0,0,0,0,1,9,-1,6,2,29,6,1582,2,9,HYUNDAI I30,6,E01008046,0,2
2024520402743,2024,520402743,2,9,0,2,2,0,0,0,0,0,0,0,0,0,3,1,6,6,3,-1,-1,1396,1,10,HYUNDAI I30,-1,-1,0,-1
2024411466981,2024,411466981,2,9,0,-1,3,6,1,-1,0,4,0,0,0,0,3,1,-1,6,2,53,8,1582,2,13,HYUNDAI I30,10,E01023744,0,1
2024622400138,2024,622400138,2,9,0,2,2,0,0,0,0,0,0,0,0,0,2,1,6,6,3,-1,-1,1396,1,13,HYUNDAI I30,-1,-1,0,-1
2024010505356,2024,010505356,1,9,0,7,7,5,6,0,0,1,0,0,7,0,1,1,1,1,2,62,9,1396,1,10,HYUNDAI I30,3,E01003352,0,2
2024010518952,2024,010518952,1,9,0,7,7,3,5,0,0,3,0,0,0,0,1,1,6,6,3,-1,-1,1591,1,13,HYUNDAI I30,-1,-1,0,-1
2024111530731,2024,111530731,1,9,0,-1,19,4,8,-1,0,1,0,0,0,0,1,1,-1,6,2,30,6,1582,2,10,HYUNDAI I30,2,E01020675,0,1
2024421483575,2024,421483575,2,9,0,-1,2,7,7,-1,0,2,1,0,0,0,2,1,-1,6,-1,-1,-1,1582,2,10,HYUNDAI I30,-1,-1,0,-1
2024991498599,2024,991498599,1,9,0,-1,19,8,4,-1,0,0,0,0,0,0,4,1,-1,2,1,57,9,1582,2,12,HYUNDAI I30,9,-1,0,1
2024522401457,2024,522401457,2,9,0,18,19,4,8,0,0,6,0,0,0,0,1,1,6,6,1,29,6,1396,1,15,HYUNDAI I30,4,E01014622,0,1
2024461482725,2024,461482725,1,9,0,-1,5,5,1,-1,0,0,0,4,0,0,1,1,-1,6,1,51,8,1396,1,15,HYUNDAI I30,10,E01016085,0,1
2024041434438,2024,041434438,1,9,0,-1,19,5,1,-1,0,0,0,0,1,5,1,1,-1,6,2,73,10,1582,2,14,HYUNDAI I30,8,E01025549,0,1
2024061436841,2024,061436841,2,9,0,-1,9,8,6,-1,0,2,0,0,0,0,0,1,-1,2,1,64,9,1582,2,9,HYUNDAI I30,6,E01005390,0,2
2024131509675,2024,131509675,1,9,0,-1,9,6,8,-1,0,3,0,0,1,0,4,1,-1,9,2,31,6,1582,2,13,HYUNDAI I30,3,E01010662,0,1
2024991445041,2024,991445041,2,9,0,-1,19,1,5,-1,0,1,0,0,7,7,1,1,-1,9,1,58,9,1582,2,14,HYUNDAI I30,2,-1,0,2
2024061536479,2024,061536479,2,9,0,-1,19,5,1,-1,0,0,0,0,0,0,0,1,-1,1,1,33,6,1582,2,8,HYUNDAI I30,-1,-1,0,-1
2024201484135,2024,201484135,1,9,0,-1,19,3,7,-1,0,0,0,4,0,0,4,9,-1,6,1,33,6,1598,2,5,HYUNDAI I30,2,E01008987,0,2
2024221471575,2024,221471575,2,9,0,-1,19,7,3,-1,0,0,0,0,0,0,0,9,-1,1,1,30,6,1582,2,7,HYUNDAI I30,7,E01014157,0,1
202460Q061619,2024,60Q061619,1,9,0,18,19,7,3,0,0,0,0,0,0,0,1,1,2,2,1,58,9,1368,1,8,HYUNDAI I30,-1,-1,0,-1
2024131438804,2024,131438804,3,9,0,-1,19,6,2,-1,0,1,0,0,0,0,3,1,-1,6,2,30,6,1396,1,10,HYUNDAI I30,1,E01011340,0,1
2024531518202,2024,531518202,1,9,0,-1,19,7,3,-1,0,1,0,0,0,0,1,2,-1,9,2,42,7,1396,1,17,HYUNDAI I30,2,E01022120,0,1
2024041522719,2024,041522719,1,9,0,-1,19,4,8,-1,0,0,0,0,0,0,1,1,-1,1,2,55,8,1396,1,13,HYUNDAI I30,1,E01025227,0,2
2024031425975,2024,031425975,1,9,0,-1,3,8,8,-1,0,0,0,0,0,0,2,9,-1,6,1,34,6,1582,2,14,HYUNDAI I30,1,E01034069,0,1
2024610004324,2024,610004324,1,9,0,18,19,3,7,0,0,1,0,0,0,0,3,1,6,6,1,52,8,1582,2,10,HYUNDAI I30,2,W01001418,0,1
2024440511671,2024,440511671,2,9,0,4,4,1,5,0,0,0,0,0,0,0,2,1,6,6,3,-1,-1,1591,1,9,HYUNDAI I30,-1,-1,0,-1
2024201411986,2024,201411986,6,9,0,-1,2,0,0,-1,-1,0,0,0,0,0,2,1,-1,6,-1,-1,-1,1396,1,14,HYUNDAI I30,-1,-1,0,-1
2024211512630,2024,211512630,1,9,0,-1,19,1,5,-1,0,0,0,0,0,0,1,1,-1,6,2,32,6,1582,2,9,HYUNDAI I30,1,E01014354,0,1
2024421481037,2024,421481037,1,9,0,-1,5,8,6,-1,0,6,0,0,0,0,3,1,-1,6,2,29,6,1591,1,14,HYUNDAI I30,2,E01017948,0,4
2024451461698,2024,451461698,1,9,0,-1,19,5,1,-1,0,0,0,0,0,0,4,1,-1,2,2,61,9,1582,2,10,HYUNDAI I30,7,E01031566,0,2
2024041445234,2024,041445234,1,9,0,-1,19,7,3,-1,0,0,0,0,0,0,4,1,-1,9,1,41,7,1582,2,9,HYUNDAI I30,2,E01025390,0,1
2024141488941,2024,141488941,2,9,0,-1,9,1,6,-1,0,6,0,0,7,0,4,1,-1,7,1,79,11,1582,2,11,HYUNDAI I30,6,E01007748,0,1
2024131509314,2024,131509314,1,9,0,-1,6,0,6,-1,0,6,0,0,0,0,3,1,-1,9,2,51,8,1396,1,15,HYUNDAI I30,3,E01033900,0,1
2024401414128,2024,401414128,1,9,0,-1,19,-1,-1,-1,0,4,0,0,0,0,1,9,-1,6,1,79,11,1582,2,8,HYUNDAI I30,3,E01017501,0,1
2024201533650,2024,201533650,1,9,0,-1,19,1,1,-1,0,0,0,0,0,0,1,9,-1,6,2,30,6,1396,1,13,HYUNDAI I30,1,E01009322,0,1
2024141474677,2024,141474677,1,9,0,-1,5,1,5,-1,0,0,0,0,0,0,4,1,-1,9,1,47,8,1582,2,15,HYUNDAI I30,2,E01007323,0,1
2024461432852,2024,461432852,1,9,0,-1,19,8,4,-1,0,0,0,4,0,0,1,1,-1,6,1,16,4,1368,1,8,HYUNDAI I30,-1,-1,0,-1
2024991450825,2024,991450825,1,9,0,-1,19,1,6,-1,0,1,0,0,0,0,3,1,-1,9,2,37,7,1353,1,3,HYUNDAI I30,9,-1,0,4
2024101453486,2024,101453486,1,9,0,-1,11,5,1,-1,0,0,0,0,0,0,-1,9,-1,6,1,-1,-1,1582,2,9,HYUNDAI I30,-1,-1,0,-1
2024340WN1422,2024,340WN1422,2,9,0,-1,11,5,1,-1,0,3,0,0,0,0,1,1,-1,2,2,58,9,1582,2,8,HYUNDAI I30,2,E01027214,0,2
2024351431726,2024,351431726,1,9,0,-1,11,6,2,-1,0,0,0,0,0,0,1,1,-1,6,1,21,5,1582,2,9,HYUNDAI I30,3,E01015674,0,1
2024052401115,2024,052401115,2,9,0,7,7,5,7,0,0,6,0,0,0,0,4,1,6,6,1,38,7,1582,2,9,HYUNDAI I30,7,E01022269,0,5
2024061470275,2024,061470275,3,9,0,-1,2,0,0,-1,0,1,0,0,0,0,3,1,-1,6,-1,-1,-1,1582,2,15,HYUNDAI I30,-1,-1,0,-1
2024440165566,2024,440165566,2,9,0,9,9,8,6,0,0,8,0,0,0,0,1,1,6,6,2,57,9,1582,2,16,HYUNDAI I30,6,E01017023,0,3
2024041453602,2024,041453602,1,9,0,-1,5,7,3,-1,0,0,0,0,0,0,4,1,-1,1,1,65,9,998,8,2,HYUNDAI I30,6,E01010639,0,3
2024549613024,2024,549613024,2,9,0,18,19,7,4,0,0,0,0,0,0,0,1,1,6,6,1,37,7,1998,1,4,HYUNDAI I30,6,E01031846,0,1
2024161518535,2024,161518535,1,9,0,-1,19,4,8,-1,0,0,1,0,0,0,1,1,-1,6,1,23,5,1582,2,6,HYUNDAI I30,4,E01010656,0,4
2024041409160,2024,041409160,3,9,0,-1,10,7,3,-1,0,5,0,0,0,0,1,1,-1,9,1,29,6,1582,2,13,HYUNDAI I30,4,E01025057,0,1
2024041493811,2024,041493811,1,9,0,-1,-1,-1,-1,-1,-1,0,-1,-1,-1,0,-1,9,-1,6,3,-1,-1,1396,1,11,HYUNDAI I30,-1,-1,0,-1
2024421530858,2024,421530858,2,9,0,-1,19,5,2,-1,0,8,0,0,0,0,4,1,-1,9,1,64,9,1582,2,15,HYUNDAI I30,8,E01021908,0,2
2024010508771,2024,010508771,2,9,0,18,19,5,1,0,0,8,0,0,0,0,1,1,2,2,2,31,6,1591,1,15,HYUNDAI I30,3,E01000718,0,1
2024543036224,2024,543036224,2,9,0,18,19,1,5,0,0,0,0,0,1,0,1,1,6,6,2,36,7,1582,2,7,HYUNDAI I30,9,E01031968,0,2
2024531416970,2024,531416970,2,9,0,-1,4,1,5,-1,0,1,0,0,0,0,2,1,-1,6,2,44,7,1353,1,7,HYUNDAI I30,7,E01032943,0,4
2024201418567,2024,201418567,2,9,0,-1,3,1,5,-1,0,1,0,0,0,0,2,9,-1,6,2,29,6,1582,2,10,HYUNDAI I30,4,E01009226,0,2
2024411525590,2024,411525590,1,9,0,-1,-1,-1,-1,-1,-1,-1,-1,-1,-1,0,-1,9,-1,6,1,-1,-1,1353,1,7,HYUNDAI I30,-1,-1,0,-1
2024430395521,2024,430395521,1,9,0,18,19,2,6,0,0,0,0,0,0,0,2,1,6,6,1,32,6,1582,2,14,HYUNDAI I30,6,E01010376,0,5
2024311525768,2024,311525768,1,9,0,-1,19,1,5,-1,0,0,0,0,0,0,1,1,-1,6,3,-1,-1,1582,2,13,HYUNDAI I30,-1,-1,0,-1
2024010526729,2024,010526729,2,9,0,18,19,7,3,0,0,1,0,0,0,0,0,1,1,1,1,29,6,1353,1,3,HYUNDAI I30,3,E01001830,0,1
2024302401700,2024,302401700,2,9,0,-1,2,0,0,-1,0,2,0,0,0,0,2,2,-1,2,2,37,7,1582,2,9,HYUNDAI I30,1,E01008911,0,4
2024010532430,2024,010532430,1,9,0,99,99,9,9,99,99,9,9,99,9,99,2,9,6,6,2,28,6,1396,1,11,HYUNDAI I30,3,E01002027,0,1