collision_index,collision_year,collision_ref_no,vehicle_reference,vehicle_type,towing_and_articulation,vehicle_manoeuvre_historic,vehicle_manoeuvre,vehicle_direction_from,vehicle_direction_to,vehicle_location_restricted_lane_historic,vehicle_location_restricted_lane,junction_location,skidding_and_overturning,hit_object_in_carriageway,vehicle_leaving_carriageway,hit_object_off_carriageway,first_point_of_impact,vehicle_left_hand_drive,journey_purpose_of_driver_historic,journey_purpose_of_driver,sex_of_driver,age_of_driver,age_band_of_driver,engine_capacity_cc,propulsion_code,age_of_vehicle,generic_make_model,driver_imd_decile,lsoa_of_driver,escooter_flag,driver_distance_banding
2024552401075,2024,552401075,1,9,0,18,19,4,8,0,0,0,0,0,0,0,1,1,6,6,2,85,11,1591,1,8,HYUNDAI I30,10,E01020413,0,1
2024520402455,2024,520402455,1,9,0,18,19,7,3,0,0,0,5,0,1,10,1,1,6,6,1,20,4,1582,2,14,HYUNDAI I30,5,E01029324,0,2
2024010535393,2024,010535393,1,9,0,9,9,5,4,0,0,8,0,0,0,0,1,1,6,6,1,79,11,1353,1,6,HYUNDAI I30,8,E01001122,0,1
2024211431239,2024,211431239,2,9,0,-1,19,4,6,-1,0,1,0,0,0,0,3,9,-1,9,1,50,8,1582,2,8,HYUNDAI I30,9,E01029495,0,4
2024201504295,2024,201504295,2,9,0,-1,7,1,3,-1,0,5,0,0,0,0,1,9,-1,9,1,39,7,1396,1,10,HYUNDAI I30,1,E01009062,0,1
2024010497641,2024,010497641,1,8,0,6,6,1,1,0,0,0,0,0,0,0,3,2,1,1,1,39,7,1582,2,8,HYUNDAI I30,9,E01030713,0,3
2024221431743,2024,221431743,2,9,0,-1,5,2,6,-1,0,8,0,0,0,0,1,1,-1,6,1,22,5,1582,2,11,HYUNDAI I30,8,E01032287,0,1
202417M117324,2024,17M117324,1,9,0,-1,19,4,8,-1,0,8,0,0,0,0,1,1,-1,9,1,84,11,1582,2,11,HYUNDAI I30,4,E01012052,0,1
2024552400027,2024,552400027,1,9,0,4,4,8,4,0,0,1,0,0,0,0,1,1,6,6,1,32,6,1582,2,14,HYUNDAI I30,6,E01034374,0,1
2024542364524,2024,542364524,2,9,0,18,19,2,6,0,0,0,0,0,0,0,1,1,6,6,1,69,10,1591,1,14,HYUNDAI I30,7,E01031979,0,3
2024131438476,2024,131438476,1,9,0,-1,19,3,7,-1,0,8,0,0,0,0,3,1,-1,1,1,40,7,1582,2,8,HYUNDAI I30,1,E01011101,0,1
2024122401214,2024,122401214,3,9,0,18,19,5,1,0,0,0,0,0,0,0,1,1,2,2,1,44,7,1582,2,8,HYUNDAI I30,-1,-1,0,-1
2024231462540,2024,231462540,2,9,0,-1,9,2,8,-1,0,6,0,0,0,0,1,1,-1,9,1,70,10,5654,1,11,-1,8,E01031070,0,2
2024361452922,2024,361452922,1,9,0,-1,5,3,7,-1,0,8,0,0,0,0,1,1,-1,9,2,36,7,1368,1,12,-1,5,E01026591,0,1
2024141453986,2024,141453986,1,3,0,-1,19,5,1,-1,0,8,0,0,0,0,1,1,-1,2,1,19,4,125,1,8,-1,1,E01007440,0,3
2024122400592,2024,122400592,1,3,0,7,7,5,7,0,0,1,1,0,0,0,4,1,1,1,1,27,6,125,1,9,-1,2,E01032606,0,4
2024461466148,2024,461466148,1,3,0,-1,14,5,1,-1,0,0,1,0,0,0,1,1,-1,6,1,30,6,125,1,9,-1,1,E01024683,0,1
2024311428467,2024,311428467,2,9,0,-1,10,5,1,-1,0,0,0,0,0,0,2,2,-1,6,1,55,8,5400,1,16,-1,4,E01028278,0,1
2024451491509,2024,451491509,2,9,0,-1,13,1,5,-1,0,1,0,0,0,0,1,1,-1,6,1,34,6,1796,1,17,MERCEDES CLK CLASS,6,E01002618,0,4
2024010497806,2024,010497806,1,9,0,18,19,2,6,0,0,0,0,4,0,0,1,1,6,6,1,55,8,3199,1,19,MERCEDES CLK CLASS,-1,-1,0,-1
2024201534580,2024,201534580,1,9,0,-1,4,8,4,-1,0,0,0,0,0,0,2,1,-1,9,1,37,7,2148,2,15,MERCEDES CLK CLASS,1,E01010147,0,2
2024010537428,2024,010537428,1,9,0,18,19,7,3,0,0,2,0,0,0,0,1,1,6,6,1,22,5,3199,1,20,MERCEDES CLK CLASS,3,E01002703,0,2
2024991463162,2024,991463162,2,9,0,-1,19,7,3,-1,0,0,0,0,0,0,3,1,-1,2,1,71,10,2149,2,17,MERCEDES CLK CLASS,5,-1,0,1
2024461434182,2024,461434182,2,9,0,-1,19,1,5,-1,0,0,0,0,0,0,1,9,-1,6,1,43,7,2295,1,22,MERCEDES CLK CLASS,6,E01024432,0,1
2024070429952,2024,070429952,1,9,0,9,9,5,2,0,0,8,0,0,0,0,3,1,6,6,1,34,6,2149,2,17,MERCEDES CLK CLASS,1,E01018462,0,2
2024010547464,2024,010547464,2,9,0,99,99,9,9,99,99,9,9,99,9,99,1,9,6,6,3,-1,-1,2996,1,19,MERCEDES CLK CLASS,-1,-1,0,-1
2024430163582,2024,430163582,2,9,0,18,19,2,6,0,0,8,0,0,0,0,3,1,6,6,1,61,9,2597,1,20,MERCEDES CLK CLASS,2,E01016438,0,3
2024010538792,2024,010538792,2,9,0,2,2,0,0,0,0,1,0,0,0,0,4,1,6,6,3,-1,-1,3498,1,17,MERCEDES CLK CLASS,-1,-1,0,-1
202454B458324,2024,54B458324,1,9,0,18,19,5,1,0,0,0,2,0,1,9,1,1,6,6,1,46,8,3199,1,19,MERCEDES CLK CLASS,7,E01034540,0,1
2024461404666,2024,461404666,3,9,0,-1,2,0,0,-1,0,4,0,0,0,0,3,9,-1,9,2,-1,-1,1796,1,19,MERCEDES CLK CLASS,5,E01024163,0,1
2024440420604,2024,440420604,3,9,0,3,3,7,3,0,0,0,0,0,0,0,2,1,6,6,1,50,8,3498,1,19,MERCEDES CLK CLASS,2,E01017253,0,2
2024421447948,2024,421447948,1,9,0,-1,19,3,7,-1,0,0,0,0,7,0,1,1,-1,6,1,18,4,2149,2,17,MERCEDES CLK CLASS,3,E01021260,0,1
2024010523535,2024,010523535,2,9,0,3,3,1,5,0,0,1,0,0,0,0,1,1,6,6,1,23,5,1796,1,16,MERCEDES CLK CLASS,9,E01001532,0,2
2024041461668,2024,041461668,1,9,0,-1,7,1,1,-1,0,1,0,4,0,0,1,1,-1,9,1,17,4,3199,1,22,MERCEDES CLK CLASS,1,E01025181,0,1
2024461415999,2024,461415999,1,9,0,-1,19,4,8,-1,0,0,2,7,0,0,1,1,-1,6,1,45,7,3498,1,15,MERCEDES CLK CLASS,8,E01033210,0,4
2024440373515,2024,440373515,3,9,0,2,2,0,0,0,0,0,0,0,0,0,3,1,6,6,3,-1,-1,2685,2,21,MERCEDES CLK CLASS,-1,-1,0,-1
2024010551530,2024,010551530,1,9,0,18,19,4,8,0,0,0,0,0,0,0,1,1,6,6,1,67,10,2996,1,18,MERCEDES CLK CLASS,9,E01000209,0,1
2024161502103,2024,161502103,1,9,0,-1,5,3,7,-1,0,0,0,0,0,0,4,9,-1,6,1,61,9,3498,1,19,MERCEDES CLK CLASS,1,E01012888,0,1
2024010527011,2024,010527011,2,9,0,99,99,9,9,99,99,9,9,99,9,99,2,9,6,6,2,20,4,1796,1,20,MERCEDES CLK CLASS,4,E01003348,0,2
2024302401402,2024,302401402,1,9,0,18,19,8,4,0,0,2,0,0,0,0,4,1,6,6,2,43,7,3199,1,20,MERCEDES CLK CLASS,6,E01019435,0,1
2024434043733,2024,434043733,1,9,0,18,19,3,7,0,0,8,0,0,0,0,3,1,6,6,1,55,8,2685,2,20,MERCEDES CLK CLASS,8,E01016515,0,1
2024010542447,2024,010542447,1,9,0,18,19,7,3,0,0,1,0,0,0,0,1,1,6,6,1,61,9,2996,1,15,MERCEDES CLK CLASS,6,E01001852,0,1
2024421479791,2024,421479791,1,9,0,-1,7,7,1,-1,0,8,0,0,0,0,1,1,-1,6,1,46,8,1796,1,16,MERCEDES CLK CLASS,9,E01015822,0,1
2024552401282,2024,552401282,1,9,0,18,19,6,2,0,0,0,0,0,0,0,1,1,6,6,1,78,11,3199,1,19,MERCEDES CLK CLASS,7,E01020477,0,4
2024501414903,2024,501414903,1,9,0,-1,19,6,2,-1,0,1,0,0,9,0,1,9,-1,6,1,-1,-1,2149,2,17,MERCEDES CLK CLASS,-1,-1,0,-1
2024010550623,2024,010550623,2,9,0,18,19,7,3,0,0,8,0,0,0,0,1,1,6,6,1,27,6,3199,1,20,MERCEDES CLK CLASS,9,E01002509,0,4
2024010508676,2024,010508676,2,9,0,99,99,9,9,99,99,9,9,99,9,99,1,9,6,6,3,-1,-1,1796,1,19,MERCEDES CLK CLASS,5,E01003040,0,1
2024541874624,2024,541874624,1,9,0,7,7,4,6,0,0,6,0,0,0,0,1,1,6,6,2,46,8,1796,1,21,MERCEDES CLK CLASS,6,E01031867,0,3
2024211394529,2024,211394529,3,9,0,-1,19,8,4,-1,0,0,0,0,0,0,4,1,-1,9,1,68,10,1796,1,19,MERCEDES CLK CLASS,1,E01014211,0,2
2024010540065,2024,010540065,1,9,0,7,7,5,7,0,0,6,0,0,0,0,1,1,6,6,1,47,8,3199,1,20,MERCEDES CLK CLASS,10,E01031640,0,4
2024131518345,2024,131518345,1,9,0,-1,-1,-1,-1,-1,-1,-1,-1,-1,-1,-1,-1,1,-1,6,3,-1,-1,2148,2,15,MERCEDES CLK CLASS,-1,-1,0,-1
2024991502853,2024,991502853,2,9,0,-1,19,6,2,-1,0,0,0,0,0,0,1,1,-1,6,2,24,5,2295,1,24,MERCEDES CLK CLASS,-1,-1,0,-1
2024201438103,2024,201438103,1,9,0,-1,9,3,1,-1,0,5,0,0,0,0,1,9,-1,6,1,39,7,2149,2,17,MERCEDES CLK CLASS,1,E01009099,0,1
2024311533041,2024,311533041,1,9,0,-1,19,6,2,-1,0,8,0,0,0,0,3,1,-1,6,3,80,11,1796,1,16,MERCEDES CLK CLASS,4,E01027945,0,2
2024010524169,2024,010524169,1,9,0,18,19,1,5,0,0,8,0,0,0,0,2,1,6,6,1,51,8,2996,1,17,MERCEDES CLK CLASS,2,E01003059,0,2
2024010543456,2024,010543456,1,9,0,99,99,9,9,99,99,9,9,99,9,99,2,9,2,2,1,51,8,2597,1,22,MERCEDES CLK CLASS,3,E01001705,0,3
2024141521229,2024,141521229,2,9,0,-1,19,3,7,-1,0,8,0,0,0,0,2,1,-1,9,2,83,11,1796,1,17,MERCEDES CLK CLASS,8,E01007664,0,1
2024471448981,2024,471448981,1,9,0,-1,15,4,8,-1,-1,0,1,10,2,0,1,1,-1,6,1,29,6,4966,1,22,MERCEDES CLK CLASS,9,E01021144,0,2
2024411500402,2024,411500402,1,9,0,-1,13,1,3,-1,0,1,0,0,0,0,4,1,-1,6,2,53,8,2996,1,17,MERCEDES CLK CLASS,6,E01023871,0,1
2024531430570,2024,531430570,1,9,0,-1,13,3,7,-1,0,0,0,0,0,0,0,9,-1,6,3,-1,-1,2149,2,17,MERCEDES CLK CLASS,-1,-1,0,-1
2024531519555,2024,531519555,1,9,0,-1,7,7,1,-1,0,1,0,0,0,0,1,1,-1,2,1,43,7,2148,2,17,MERCEDES CLK CLASS,4,E01010002,0,4
2024340WN2082,2024,340WN2082,1,9,0,-1,14,3,7,-1,0,0,1,0,0,0,1,1,-1,1,1,33,6,2685,2,20,MERCEDES CLK CLASS,4,E01016846,0,3
2024101530129,2024,101530129,2,9,0,-1,19,5,8,-1,0,0,1,99,0,0,1,1,-1,6,1,52,8,2987,2,16,MERCEDES CLK CLASS,6,E01027536,0,4
2024201455865,2024,201455865,1,9,0,-1,19,4,8,-1,0,0,0,0,0,0,2,9,-1,6,2,27,6,1796,1,21,MERCEDES CLK CLASS,-1,-1,0,-1
2024141526895,2024,141526895,2,9,0,-1,9,1,7,-1,0,8,0,0,0,0,4,1,-1,9,2,77,11,2597,1,21,MERCEDES CLK CLASS,6,E01007598,0,1
2024471446280,2024,471446280,2,9,0,-1,19,7,3,-1,0,0,0,0,0,0,1,1,-1,6,2,40,7,2295,1,22,MERCEDES CLK CLASS,7,E01004159,0,4
2024351530676,2024,351530676,1,9,0,-1,19,8,4,-1,0,0,0,0,0,0,1,1,-1,9,1,24,5,2149,2,17,MERCEDES CLK CLASS,5,E01015675,0,1
2024141486128,2024,141486128,2,9,0,-1,19,7,3,-1,0,4,0,0,0,0,1,1,-1,6,3,-1,-1,1796,1,15,MERCEDES CLK CLASS,-1,-1,0,-1
2024061495047,2024,061495047,3,9,0,-1,2,0,0,-1,-1,2,0,0,0,0,2,1,-1,6,-1,-1,-1,2148,2,15,MERCEDES CLK CLASS,-1,-1,0,-1
2024010503382,2024,010503382,2,9,0,99,99,9,9,99,99,9,9,99,9,99,9,9,6,6,3,-1,-1,3498,1,18,MERCEDES CLK CLASS,-1,-1,0,-1
2024221409255,2024,221409255,1,9,0,-1,4,2,6,-1,0,0,0,0,0,0,1,9,-1,2,2,63,9,2295,1,21,MERCEDES CLK CLASS,4,E01032454,0,1
2024221435446,2024,221435446,1,9,0,-1,19,6,2,-1,0,0,0,4,1,2,1,9,-1,1,1,27,6,2148,2,19,MERCEDES CLK CLASS,-1,-1,0,-1
2024010543702,2024,010543702,2,9,0,9,9,7,5,0,0,1,0,0,0,0,1,1,1,1,1,36,7,1796,5,17,MERCEDES CLK CLASS,3,E01021300,0,4
2024041432242,2024,041432242,1,9,0,-1,19,3,7,-1,0,8,0,0,4,1,1,1,-1,9,1,77,11,2295,1,22,MERCEDES CLK CLASS,2,E01010716,0,4
2024070694357,2024,070694357,1,9,0,7,7,7,1,0,0,3,0,0,0,0,1,1,6,6,1,41,7,2987,2,17,MERCEDES CLK CLASS,10,E01018600,0,1
2024361474997,2024,361474997,1,9,0,-1,19,3,7,-1,0,0,0,0,0,0,4,1,-1,6,1,64,9,1796,1,18,MERCEDES CLK CLASS,5,E01026935,0,2
2024461512412,2024,461512412,1,9,0,-1,19,1,5,-1,0,0,0,0,0,0,4,1,-1,9,1,83,11,2997,1,17,MERCEDES CLK CLASS,8,E01024652,0,1
2024461434128,2024,461434128,1,9,0,-1,2,0,0,-1,0,1,0,0,0,0,3,1,-1,6,2,19,4,2148,2,15,MERCEDES CLK CLASS,1,E01024081,0,1
2024421410335,2024,421410335,1,9,0,-1,5,1,5,-1,9,0,0,0,0,0,0,1,-1,6,1,30,6,3498,1,19,MERCEDES CLK CLASS,8,E01021408,0,3
2024010498140,2024,010498140,1,9,0,99,99,9,9,99,99,9,9,99,9,99,2,9,6,6,1,48,8,1796,1,18,MERCEDES CLK CLASS,3,E01001089,0,2
2024471478537,2024,471478537,1,9,0,-1,9,3,8,-1,0,5,1,0,0,0,1,1,-1,9,1,28,6,2685,2,20,MERCEDES CLK CLASS,4,E01031605,0,4
2024010500049,2024,010500049,1,9,0,6,6,7,7,0,0,2,0,0,1,0,1,1,6,6,1,64,9,1796,1,17,MERCEDES CLK CLASS,3,E01003977,0,1
2024010503329,2024,010503329,1,9,0,2,2,0,0,0,0,1,0,0,0,0,4,1,6,6,3,-1,-1,2996,1,16,MERCEDES CLK CLASS,-1,-1,0,-1
2024101406595,2024,101406595,2,9,0,-1,19,3,7,-1,0,1,0,0,0,0,1,1,-1,6,1,24,5,2987,2,17,MERCEDES CLK CLASS,-1,-1,0,-1
2024061432041,2024,061432041,1,9,-1,-1,19,7,3,-1,0,0,0,0,0,0,1,9,-1,6,1,-1,-1,2987,2,17,MERCEDES CLK CLASS,6,E01004973,0,3
2024411532087,2024,411532087,1,9,-1,-1,-1,-1,-1,-1,-1,-1,-1,-1,-1,0,-1,9,-1,6,3,-1,-1,2148,2,16,MERCEDES CLK CLASS,-1,-1,0,-1
2024421411805,2024,421411805,2,9,0,-1,8,3,5,-1,0,1,0,0,0,0,2,1,-1,1,2,27,6,2987,2,17,MERCEDES CLK CLASS,8,E01021766,0,1
2024052400623,2024,052400623,1,9,0,16,19,7,3,0,0,0,0,0,8,10,1,1,6,6,1,79,11,3199,1,20,MERCEDES CLK CLASS,10,E01007189,0,1
2024501480844,2024,501480844,1,9,0,-1,19,8,4,-1,0,0,0,0,0,0,1,1,-1,9,1,25,5,2996,1,18,MERCEDES CLK CLASS,2,E01018977,0,1
2024041493032,2024,041493032,1,9,0,-1,19,3,7,-1,0,0,0,0,0,0,1,1,-1,6,1,84,11,3528,1,49,-1,5,E01027236,0,5
2024231518069,2024,231518069,1,9,0,-1,19,3,7,-1,0,6,0,0,0,0,1,9,-1,6,1,75,10,1798,1,46,-1,9,E01031269,0,2
2024501497087,2024,501497087,1,9,0,-1,19,8,4,-1,0,0,0,0,0,0,4,1,-1,6,1,83,11,1798,1,45,-1,5,E01015188,0,1
2024991487997,2024,991487997,1,9,0,-1,19,3,1,-1,0,0,0,0,1,0,1,1,-1,9,1,70,10,1798,1,46,-1,8,-1,0,1
2024991464040,2024,991464040,1,9,0,-1,7,6,8,-1,0,1,0,0,0,0,1,1,-1,6,1,55,8,1798,1,-1,-1,1,-1,0,1
2024122400784,2024,122400784,1,9,0,9,9,7,6,0,0,8,0,0,0,0,4,1,6,6,1,85,11,1800,1,-1,-1,8,E01027566,0,3
2024010524950,2024,010524950,2,9,0,3,3,5,1,0,0,0,0,0,0,0,2,1,6,6,1,58,9,1798,1,52,-1,5,E01001581,0,1
2024421492417,2024,421492417,2,9,0,-1,19,5,1,-1,0,0,0,0,0,0,3,1,-1,9,1,46,8,1798,1,-1,-1,6,E01022052,0,1
2024440119585,2024,440119585,1,5,0,18,19,4,8,0,0,8,0,0,0,0,1,1,6,6,1,64,9,1042,1,1,-1,4,E01023260,0,1
2024430517677,2024,430517677,1,5,0,18,19,8,4,0,0,0,1,0,0,0,0,1,6,6,1,72,10,1042,1,1,-1,9,E01002415,0,4
2024141460209,2024,141460209,1,2,0,-1,5,3,7,-1,0,2,0,0,0,0,1,1,-1,9,1,13,3,50,1,2,-1,4,E01007519,0,1
2024311499907,2024,311499907,1,2,0,-1,6,5,1,-1,0,0,0,0,0,0,2,1,-1,6,1,16,4,50,1,1,-1,2,E01027955,0,1
2024430399266,2024,430399266,1,23,0,18,19,4,8,0,0,8,0,0,0,0,1,1,6,6,1,19,4,-1,3,2,-1,3,E01017906,0,1
2024070561758,2024,070561758,2,3,0,18,19,2,6,0,0,3,0,0,0,0,4,1,6,6,1,66,10,400,1,6,-1,1,E01007290,0,4
2024522401529,2024,522401529,2,4,0,14,14,2,6,0,0,0,0,0,0,0,1,1,6,6,1,64,9,400,1,15,-1,10,E01014875,0,1
2024622400458,2024,622400458,2,4,0,17,19,2,6,0,0,4,0,0,0,0,2,1,6,6,1,68,10,385,1,19,-1,2,W01001166,0,2
2024010515265,2024,010515265,1,4,0,99,99,9,9,99,99,9,9,99,9,99,9,1,6,6,1,28,6,385,1,17,-1,9,E01000412,0,1
2024461512178,2024,461512178,2,4,0,-1,19,5,1,-1,0,8,0,0,0,0,4,1,-1,2,1,33,6,400,1,5,-1,4,E01035305,0,2
2024631417409,2024,631417409,1,4,0,-1,19,2,6,-1,0,8,0,0,0,0,1,1,-1,6,1,62,9,400,1,6,-1,6,W01000627,0,2
2024070246074,2024,070246074,2,4,0,18,19,3,1,0,0,1,0,0,0,0,1,1,6,6,1,64,9,400,1,2,-1,7,E01018374,0,2
2024302401189,2024,302401189,1,4,0,18,19,5,1,0,0,7,1,0,1,0,2,1,2,2,1,52,8,400,1,1,-1,4,E01019455,0,4
2024531510207,2024,531510207,1,5,0,-1,19,5,2,-1,0,0,0,0,0,0,1,1,-1,9,1,30,6,885,1,25,-1,6,E01022154,0,3
2024411489410,2024,411489410,1,9,0,-1,19,8,4,-1,0,0,0,0,0,0,1,1,-1,6,1,59,9,1984,1,15,VOLKSWAGEN SCIROCCO,5,E01023547,0,1
2024311411386,2024,311411386,1,9,0,-1,19,8,4,-1,0,0,1,4,1,0,1,1,-1,6,1,26,6,1968,2,15,VOLKSWAGEN SCIROCCO,1,E01013940,0,1
2024061421071,2024,061421071,2,9,0,-1,5,5,1,-1,0,6,0,0,0,0,3,1,-1,2,1,54,8,1968,2,12,VOLKSWAGEN SCIROCCO,4,E01005996,0,1
2024161450984,2024,161450984,1,9,0,-1,19,7,3,-1,0,4,0,0,1,0,3,2,-1,9,2,63,9,1984,1,7,VOLKSWAGEN SCIROCCO,5,E01012768,0,4
2024101445247,2024,101445247,1,9,0,-1,19,2,6,-1,0,0,0,0,0,0,1,9,-1,6,1,21,5,1968,2,7,VOLKSWAGEN SCIROCCO,-1,-1,0,-1
2024031428519,2024,031428519,1,9,0,-1,19,8,5,-1,0,0,0,0,0,0,3,1,-1,6,1,28,6,1968,2,9,VOLKSWAGEN SCIROCCO,-1,-1,0,-1
2024161426515,2024,161426515,1,9,0,-1,19,1,5,-1,0,0,5,4,0,0,4,1,-1,9,2,38,7,1968,2,12,VOLKSWAGEN SCIROCCO,1,E01012928,0,1
2024332400300,2024,332400300,2,9,0,-1,3,7,3,-1,0,1,0,0,0,0,2,1,-1,6,1,19,4,1968,2,9,VOLKSWAGEN SCIROCCO,8,E01031120,0,2
2024131504595,2024,131504595,1,9,0,-1,19,1,5,-1,0,0,1,7,0,0,2,1,-1,1,1,49,8,1984,1,8,VOLKSWAGEN SCIROCCO,1,E01034972,0,4
2024622400433,2024,622400433,1,9,0,18,19,4,8,0,0,8,0,0,0,0,1,1,6,6,1,18,4,1390,1,14,VOLKSWAGEN SCIROCCO,1,W01001174,0,1
2024201494168,2024,201494168,1,9,0,-1,19,4,8,-1,0,0,0,4,0,0,3,1,-1,9,1,31,6,1968,2,8,VOLKSWAGEN SCIROCCO,1,E01033646,0,1
2024552400264,2024,552400264,2,9,0,18,19,5,1,0,0,8,0,0,0,0,1,1,6,6,2,30,6,1984,1,6,VOLKSWAGEN SCIROCCO,7,E01029155,0,1
2024471464885,2024,471464885,2,9,0,-1,9,7,4,-1,0,1,0,0,0,0,1,1,-1,6,1,29,6,1390,1,14,VOLKSWAGEN SCIROCCO,3,E01021017,0,1
2024061466165,2024,061466165,2,9,0,-1,-1,-1,-1,-1,-1,0,-1,-1,-1,0,-1,9,-1,6,3,-1,-1,1984,1,14,VOLKSWAGEN SCIROCCO,-1,-1,0,-1
2024544085924,2024,544085924,1,9,0,18,19,8,4,0,0,0,0,0,0,0,1,1,6,6,1,31,6,1968,2,12,VOLKSWAGEN SCIROCCO,4,E01015492,0,2
2024302400369,2024,302400369,1,9,0,18,19,7,3,0,0,8,1,0,0,0,1,1,6,6,1,21,5,1984,1,14,VOLKSWAGEN SCIROCCO,5,E01019417,0,3
2024610009424,2024,610009424,1,9,0,18,19,8,4,0,0,8,0,10,1,2,3,1,6,6,1,36,7,1390,1,15,VOLKSWAGEN SCIROCCO,8,W01001535,0,1
2024231476455,2024,231476455,1,9,0,-1,19,2,4,-1,0,8,0,0,0,0,1,9,-1,6,1,25,5,1984,1,6,VOLKSWAGEN SCIROCCO,5,E01009617,0,3
2024302500071,2024,302500071,1,9,0,-1,5,6,2,-1,0,0,0,0,0,0,3,1,-1,6,1,22,5,1968,2,15,VOLKSWAGEN SCIROCCO,3,E01013930,0,4
2024340WN7312,2024,340WN7312,2,9,0,-1,19,7,3,-1,2,1,0,0,0,0,1,1,-1,2,2,20,4,1968,2,10,VOLKSWAGEN SCIROCCO,6,E01027237,0,1
2024201485983,2024,201485983,1,9,0,-1,1,7,3,-1,0,6,0,0,0,0,2,9,-1,9,1,31,6,1395,1,8,VOLKSWAGEN SCIROCCO,1,E01008913,0,1
2024430580220,2024,430580220,2,9,0,18,19,8,4,0,0,8,0,0,0,0,3,1,6,6,1,23,5,1984,1,9,VOLKSWAGEN SCIROCCO,-1,-1,0,-1
2024320133712,2024,320133712,2,9,0,-1,-1,2,7,0,0,4,0,0,0,0,1,1,-1,-1,2,20,4,1984,1,14,VOLKSWAGEN SCIROCCO,-1,-1,0,-1
2024010502713,2024,010502713,1,9,0,18,19,1,5,0,0,4,0,0,1,11,1,1,6,6,1,26,6,1984,1,10,VOLKSWAGEN SCIROCCO,4,E01016008,0,4
2024471469521,2024,471469521,2,9,0,-1,7,7,3,-1,0,1,0,0,0,0,2,1,-1,2,1,30,6,1968,2,14,VOLKSWAGEN SCIROCCO,3,E01020919,0,1
2024991445785,2024,991445785,2,9,0,-1,13,7,3,-1,0,0,0,0,0,0,3,1,-1,6,1,64,9,1968,2,12,VOLKSWAGEN SCIROCCO,9,-1,0,4
2024311407619,2024,311407619,1,9,0,-1,19,3,7,-1,0,0,0,0,0,0,1,1,-1,6,1,37,7,1968,2,9,VOLKSWAGEN SCIROCCO,6,E01028188,0,2
2024070827030,2024,070827030,2,9,0,-1,9,1,5,-1,0,0,0,0,0,0,1,1,-1,2,1,44,7,1968,2,9,VOLKSWAGEN SCIROCCO,9,E01029565,0,2
2024622400446,2024,622400446,1,9,0,16,19,4,8,0,0,1,0,0,0,0,1,1,6,6,2,19,4,1968,2,9,VOLKSWAGEN SCIROCCO,5,E01034853,0,5
2024141409410,2024,141409410,2,9,0,-1,19,1,5,-1,0,8,0,0,0,0,1,1,-1,6,2,-1,-1,1968,2,15,VOLKSWAGEN SCIROCCO,-1,-1,0,-1
2024211491595,2024,211491595,2,9,0,-1,19,7,8,-1,0,0,0,1,0,0,2,1,-1,6,1,28,6,1390,1,13,VOLKSWAGEN SCIROCCO,9,E01029848,0,1
2024361520157,2024,361520157,1,9,0,-1,19,3,7,-1,0,1,0,0,0,0,1,1,-1,2,1,76,11,1395,1,9,VOLKSWAGEN SCIROCCO,5,E01026766,0,2
2024440261944,2024,440261944,2,9,0,18,19,2,6,0,0,0,0,0,0,0,3,1,6,6,1,23,5,1968,2,12,VOLKSWAGEN SCIROCCO,8,E01034555,0,1
2024471419061,2024,471419061,1,9,0,-1,10,4,3,-1,0,1,0,0,0,0,2,1,-1,2,1,23,5,1968,2,11,VOLKSWAGEN SCIROCCO,8,E01021055,0,3
2024010549187,2024,010549187,1,9,0,18,19,1,5,8,6,3,0,10,3,9,1,1,6,6,3,25,5,1984,1,15,VOLKSWAGEN SCIROCCO,-1,-1,0,-1
2024991396536,2024,991396536,1,9,0,-1,7,1,3,-1,0,6,0,0,1,0,1,1,-1,2,1,25,5,1968,2,10,VOLKSWAGEN SCIROCCO,8,-1,0,3
2024440119469,2024,440119469,2,9,0,5,5,8,4,0,0,1,0,0,0,0,1,1,6,6,3,-1,-1,1390,1,15,VOLKSWAGEN SCIROCCO,-1,-1,0,-1
2024131447273,2024,131447273,2,9,0,-1,19,7,3,-1,0,1,0,0,0,0,1,1,-1,6,1,31,6,1968,2,15,VOLKSWAGEN SCIROCCO,1,E01011372,0,1
2024501492525,2024,501492525,1,9,0,-1,19,3,7,-1,0,0,0,0,0,0,3,1,-1,6,1,27,6,1968,2,12,VOLKSWAGEN SCIROCCO,3,E01019052,0,1
2024201485339,2024,201485339,1,9,0,-1,19,4,4,-1,0,0,0,10,1,0,1,1,-1,6,1,-1,-1,1968,2,16,VOLKSWAGEN SCIROCCO,-1,-1,0,-1
2024440167426,2024,440167426,2,9,0,18,19,2,6,0,0,1,0,0,0,0,1,1,6,6,1,21,5,1390,1,14,VOLKSWAGEN SCIROCCO,2,E01017238,0,2
2024131404113,2024,131404113,1,9,0,-1,19,3,7,-1,0,0,0,0,0,0,1,1,-1,9,1,30,6,1968,2,13,VOLKSWAGEN SCIROCCO,4,E01010708,0,1
2024131517456,2024,131517456,2,9,0,-1,5,7,3,-1,0,1,0,0,0,0,4,1,-1,9,1,43,7,1968,2,14,VOLKSWAGEN SCIROCCO,8,E01011800,0,1