collision_index,collision_year,collision_ref_no,vehicle_reference,vehicle_type,towing_and_articulation,vehicle_manoeuvre_historic,vehicle_manoeuvre,vehicle_direction_from,vehicle_direction_to,vehicle_location_restricted_lane_historic,vehicle_location_restricted_lane,junction_location,skidding_and_overturning,hit_object_in_carriageway,vehicle_leaving_carriageway,hit_object_off_carriageway,first_point_of_impact,vehicle_left_hand_drive,journey_purpose_of_driver_historic,journey_purpose_of_driver,sex_of_driver,age_of_driver,age_band_of_driver,engine_capacity_cc,propulsion_code,age_of_vehicle,generic_make_model,driver_imd_decile,lsoa_of_driver,escooter_flag,driver_distance_banding
2024131431313,2024,131431313,1,11,0,-1,4,8,4,-1,0,0,0,0,0,0,4,1,-1,1,2,24,5,5132,2,6,WRIGHTBUS STREETDECK,3,E01011806,0,4
2024122500317,2024,122500317,1,11,0,18,19,6,2,0,0,8,0,0,0,0,1,1,1,1,1,41,7,-1,3,1,WRIGHTBUS STREETDECK,9,E01013368,0,1
2024131517428,2024,131517428,2,11,0,-1,19,3,7,-1,2,0,0,0,0,0,1,1,-1,1,1,36,7,-1,3,0,WRIGHTBUS STREETDECK,3,E01010791,0,3
2024010522954,2024,010522954,1,11,0,99,99,9,9,99,99,9,9,99,9,99,9,9,1,1,1,46,8,5132,2,5,WRIGHTBUS STREETDECK,2,E01004309,0,3
2024332400071,2024,332400071,1,11,0,-1,7,8,2,-1,0,5,0,0,7,1,1,1,-1,1,2,51,8,5132,2,8,WRIGHTBUS STREETDECK,4,E01031060,0,4
2024141481032,2024,141481032,2,11,0,-1,19,4,8,-1,0,5,0,0,0,0,1,1,-1,1,1,60,9,5132,2,6,WRIGHTBUS STREETDECK,5,E01008099,0,1
2024361451020,2024,361451020,2,11,0,-1,19,7,3,-1,2,1,0,0,0,0,1,1,-1,2,1,29,6,-1,3,1,WRIGHTBUS STREETDECK,2,E01026791,0,1
2024471471703,2024,471471703,1,11,0,-1,19,7,3,-1,0,0,0,0,0,0,2,1,-1,1,1,51,8,5132,2,9,WRIGHTBUS STREETDECK,6,E01016968,0,1
2024010524482,2024,010524482,1,11,0,99,99,9,9,99,99,9,9,99,9,99,9,1,6,6,2,44,7,-1,3,1,WRIGHTBUS STREETDECK,3,E01033914,0,1
2024010546590,2024,010546590,1,11,0,18,19,1,5,0,0,1,0,0,0,0,0,1,1,1,1,19,4,5132,2,5,WRIGHTBUS STREETDECK,2,E01001850,0,1
2024061448517,2024,061448517,2,11,-1,-1,-1,-1,-1,-1,-1,0,-1,-1,-1,0,-1,9,-1,1,3,-1,-1,5132,2,5,WRIGHTBUS STREETDECK,-1,-1,0,-1
2024052401816,2024,052401816,1,11,0,4,4,3,7,0,0,0,0,0,0,0,1,1,1,1,1,52,8,5132,2,3,WRIGHTBUS STREETDECK,1,E01006729,0,1
2024061535745,2024,061535745,2,11,0,-1,19,5,8,-1,0,0,0,0,0,0,1,1,-1,1,1,59,9,5132,2,4,WRIGHTBUS STREETDECK,2,E01006218,0,4
2024131435723,2024,131435723,2,11,0,-1,19,5,1,-1,0,8,0,0,0,0,1,1,-1,1,2,50,8,5132,2,8,WRIGHTBUS STREETDECK,5,E01035052,0,2
2024010539097,2024,010539097,1,11,0,3,3,7,3,0,0,1,0,0,0,0,2,1,1,1,1,61,9,-1,3,4,WRIGHTBUS STREETDECK,3,E01032743,0,3
2024010541964,2024,010541964,2,11,0,18,19,1,5,0,0,1,0,0,0,0,1,1,1,1,1,58,9,-1,3,1,WRIGHTBUS STREETDECK,8,E01000190,0,2
2024010520277,2024,010520277,1,11,0,5,5,1,5,8,6,0,0,0,0,0,0,1,6,6,1,56,9,-1,3,1,WRIGHTBUS STREETDECK,4,E01001463,0,2
2024131528744,2024,131528744,2,11,0,-1,19,6,3,-1,2,0,0,0,0,0,0,1,-1,9,1,41,7,-1,3,0,WRIGHTBUS STREETDECK,1,E01011735,0,1
2024131503621,2024,131503621,1,11,0,-1,19,1,5,-1,0,8,0,0,0,0,0,1,-1,1,1,50,8,5132,2,2,WRIGHTBUS STREETDECK,1,E01010830,0,1
2024430517545,2024,430517545,1,11,0,5,5,2,6,0,0,0,0,0,0,0,0,1,1,1,1,36,7,-1,3,0,WRIGHTBUS STREETDECK,6,E01028528,0,1
2024122401178,2024,122401178,1,11,0,9,9,7,5,0,0,8,0,0,0,0,4,1,1,1,3,-1,-1,-1,3,1,WRIGHTBUS STREETDECK,-1,-1,0,-1
2024131461105,2024,131461105,1,11,0,-1,2,0,0,-1,0,8,0,0,0,0,3,1,-1,1,1,58,9,5132,2,5,WRIGHTBUS STREETDECK,8,E01011459,0,2
2024010549765,2024,010549765,1,11,0,4,4,1,5,0,0,1,0,0,0,0,0,1,1,1,1,52,8,-1,3,1,WRIGHTBUS STREETDECK,3,E01003334,0,2
2024010511863,2024,010511863,1,11,0,5,5,3,7,0,0,0,0,0,0,0,0,1,1,1,1,52,8,-1,3,2,WRIGHTBUS STREETDECK,4,E01002591,0,1
2024010509692,2024,010509692,1,11,0,4,4,5,1,0,0,6,0,0,0,0,0,1,1,1,1,55,8,-1,3,1,WRIGHTBUS STREETDECK,3,E01003656,0,4
2024010531126,2024,010531126,1,11,0,18,19,3,7,0,0,8,0,0,0,0,1,1,1,1,1,56,9,-1,3,3,WRIGHTBUS STREETDECK,4,E01001243,0,1
2024010488598,2024,010488598,1,11,0,7,7,5,7,0,0,3,0,0,0,0,4,1,1,1,1,56,9,-1,3,1,WRIGHTBUS STREETDECK,5,E01001648,0,2
2024010550459,2024,010550459,1,11,0,5,5,3,7,0,0,8,0,0,0,0,0,1,1,1,1,53,8,-1,3,3,WRIGHTBUS STREETDECK,5,E01001319,0,3
2024010530305,2024,010530305,1,11,0,18,19,1,5,0,0,1,0,0,0,0,0,1,1,1,1,25,5,-1,3,1,WRIGHTBUS STREETDECK,2,E01002368,0,2
2024430604985,2024,430604985,1,11,0,9,9,5,3,0,0,2,0,0,0,0,3,1,1,1,1,54,8,-1,3,0,WRIGHTBUS STREETDECK,9,E01028682,0,2
2024131398044,2024,131398044,2,11,0,-1,19,3,7,-1,0,2,0,0,0,0,1,1,-1,1,2,60,9,5132,2,5,WRIGHTBUS STREETDECK,10,E01011593,0,2
2024131510100,2024,131510100,3,11,0,-1,19,5,1,-1,0,8,0,0,0,0,0,1,-1,1,1,52,8,5132,2,5,WRIGHTBUS STREETDECK,1,E01011735,0,2
2024010502999,2024,010502999,1,11,0,9,9,1,6,0,0,8,0,0,0,0,4,1,1,1,1,46,8,-1,3,1,WRIGHTBUS STREETDECK,3,E01003132,0,1
2024122401228,2024,122401228,1,11,0,18,19,6,3,0,0,8,0,0,0,0,0,1,1,1,3,-1,-1,-1,3,1,WRIGHTBUS STREETDECK,-1,-1,0,-1
2024520402991,2024,520402991,1,11,0,18,19,2,6,0,0,8,0,0,0,0,4,1,6,6,1,61,9,5132,2,1,WRIGHTBUS STREETDECK,3,E01029117,0,4
2024430388523,2024,430388523,2,11,0,18,19,3,7,0,0,0,0,0,0,0,1,1,1,1,1,59,9,-1,3,0,WRIGHTBUS STREETDECK,9,E01028610,0,3
2024471462763,2024,471462763,1,11,0,-1,3,5,1,-1,2,0,0,0,0,0,0,1,-1,1,1,-1,-1,5132,2,8,WRIGHTBUS STREETDECK,7,E01016912,0,1
2024131456828,2024,131456828,2,11,0,-1,19,5,1,-1,0,8,0,0,0,0,3,1,-1,1,1,51,8,5132,2,8,WRIGHTBUS STREETDECK,4,E01010598,0,1
2024010490346,2024,010490346,1,11,0,16,19,3,7,0,0,2,0,0,0,0,1,1,1,1,1,68,10,-1,3,1,WRIGHTBUS STREETDECK,3,E01004011,0,1
2024371440775,2024,371440775,2,11,0,-1,19,7,3,-1,0,0,0,0,0,0,1,1,-1,1,1,24,5,5132,2,1,WRIGHTBUS STREETDECK,6,E01030061,0,4
2024131506586,2024,131506586,1,11,0,-1,5,7,3,-1,0,8,0,0,0,0,0,1,-1,1,1,43,7,-1,3,0,WRIGHTBUS STREETDECK,3,E01011286,0,1
2024522402037,2024,522402037,2,11,0,18,19,2,6,0,0,2,0,0,0,0,1,1,6,6,1,56,9,5132,2,9,WRIGHTBUS STREETDECK,1,E01014834,0,3
2024010508557,2024,010508557,1,11,0,18,19,5,1,0,0,2,0,0,0,0,0,1,1,1,1,61,9,-1,3,1,WRIGHTBUS STREETDECK,2,E01001971,0,1
2024131493147,2024,131493147,2,11,0,-1,19,1,1,-1,0,8,0,0,0,0,1,1,-1,1,2,39,7,5132,2,6,WRIGHTBUS STREETDECK,2,E01011814,0,3
2024522401723,2024,522401723,2,11,0,11,11,2,6,0,0,8,0,0,0,0,1,1,1,1,1,57,9,5132,2,8,WRIGHTBUS STREETDECK,1,E01014727,0,2
2024010538107,2024,010538107,1,11,0,3,3,5,1,3,2,0,0,0,0,0,0,1,1,1,1,38,7,-1,3,1,WRIGHTBUS STREETDECK,4,E01003716,0,1
2024131394867,2024,131394867,4,11,0,-1,19,1,5,-1,0,0,0,0,0,0,0,1,-1,1,2,39,7,5132,2,6,WRIGHTBUS STREETDECK,3,E01034584,0,3
2024010536694,2024,010536694,1,11,0,5,5,3,7,0,0,1,0,0,0,0,1,1,1,1,2,58,9,-1,3,1,WRIGHTBUS STREETDECK,2,E01003497,0,2
2024361529378,2024,361529378,1,11,0,-1,19,1,5,-1,0,0,0,0,0,0,0,1,-1,1,1,33,6,-1,3,1,WRIGHTBUS STREETDECK,4,E01026864,0,1
2024010548866,2024,010548866,1,11,0,4,4,7,3,0,0,1,0,0,0,0,0,1,1,1,1,27,6,-1,3,1,WRIGHTBUS STREETDECK,6,E01002380,0,3
2024131491528,2024,131491528,1,11,0,-1,19,7,5,-1,0,0,0,0,0,0,1,2,-1,9,1,43,7,5132,2,2,WRIGHTBUS STREETDECK,1,E01010817,0,3
2024010543834,2024,010543834,1,11,0,4,4,7,3,0,0,1,0,0,0,0,1,1,1,1,1,55,8,-1,3,1,WRIGHTBUS STREETDECK,1,E01001410,0,1
2024061513725,2024,061513725,2,11,0,-1,2,4,8,-1,0,0,0,0,0,0,4,1,-1,1,1,25,5,5132,2,4,WRIGHTBUS STREETDECK,1,E01004811,0,3
2024471497513,2024,471497513,1,11,0,-1,5,3,7,-1,0,1,0,0,0,0,4,1,-1,1,1,62,9,5132,2,8,WRIGHTBUS STREETDECK,5,E01016884,0,1
2024061483134,2024,061483134,1,11,0,-1,19,2,6,-1,0,0,0,0,0,0,0,1,-1,1,1,54,8,5132,2,3,WRIGHTBUS STREETDECK,1,E01006361,0,3
2024010541296,2024,010541296,1,11,0,99,99,9,9,0,0,0,0,0,0,0,0,1,6,6,3,-1,-1,-1,3,1,WRIGHTBUS STREETDECK,4,E01002704,0,2
2024010505217,2024,010505217,3,11,0,18,19,1,5,0,0,0,0,0,0,0,3,1,1,1,1,58,9,-1,3,1,WRIGHTBUS STREETDECK,4,E01004540,0,3
2024010530913,2024,010530913,1,11,0,18,19,8,4,0,0,0,0,0,0,0,0,1,6,6,3,-1,-1,5132,2,6,WRIGHTBUS STREETDECK,-1,-1,0,-1
2024371515696,2024,371515696,1,11,0,-1,5,4,2,-1,0,0,0,0,0,0,0,1,-1,6,1,64,9,5132,2,2,WRIGHTBUS STREETDECK,6,E01030198,0,2
2024061417259,2024,061417259,2,11,-1,-1,-1,-1,-1,-1,-1,0,-1,-1,-1,0,-1,9,-1,6,3,-1,-1,5132,2,4,WRIGHTBUS STREETDECK,-1,-1,0,-1
2024010539339,2024,010539339,1,11,0,5,5,5,1,2,2,1,0,0,3,0,0,1,1,1,2,36,7,5132,2,6,WRIGHTBUS STREETDECK,-1,-1,0,-1
2024131414492,2024,131414492,1,11,0,-1,19,1,5,-1,2,0,0,0,0,0,4,1,-1,1,2,60,9,5132,2,6,WRIGHTBUS STREETDECK,10,E01011593,0,2
2024131516883,2024,131516883,1,11,0,-1,19,1,1,-1,0,0,0,0,0,0,1,1,-1,1,1,29,6,-1,3,0,WRIGHTBUS STREETDECK,1,E01032494,0,2
2024131520101,2024,131520101,2,11,0,-1,2,0,0,-1,0,0,0,0,0,0,2,1,-1,2,1,48,8,5132,2,6,WRIGHTBUS STREETDECK,1,E01011621,0,2
2024471529286,2024,471529286,2,11,0,-1,19,3,7,-1,0,1,0,0,0,0,1,1,-1,1,1,44,7,5132,2,7,WRIGHTBUS STREETDECK,4,E01016882,0,2
2024361465657,2024,361465657,1,11,0,-1,20,6,2,-1,2,0,0,0,0,0,4,1,-1,1,1,45,7,-1,3,1,WRIGHTBUS STREETDECK,4,E01026841,0,1
2024010531166,2024,010531166,1,11,0,10,10,1,6,0,0,1,0,0,0,0,0,1,1,1,1,43,7,-1,3,1,WRIGHTBUS STREETDECK,5,E01000590,0,1
2024010516315,2024,010516315,2,11,0,99,99,9,9,0,0,9,0,99,9,99,9,1,6,6,3,-1,-1,-1,3,1,WRIGHTBUS STREETDECK,-1,-1,0,-1
2024471491419,2024,471491419,1,11,0,-1,4,3,7,-1,0,0,0,0,0,0,0,1,-1,1,1,28,6,5132,2,7,WRIGHTBUS STREETDECK,8,E01016897,0,2
2024010518278,2024,010518278,1,11,0,18,19,3,7,0,0,0,0,4,0,0,1,1,1,1,1,37,7,-1,3,2,WRIGHTBUS STREETDECK,4,E01004536,0,3
2024010541994,2024,010541994,1,11,0,5,5,0,5,0,0,2,0,0,0,0,0,1,1,1,1,63,9,-1,3,1,WRIGHTBUS STREETDECK,8,E01002340,0,2
2024131436424,2024,131436424,1,11,0,-1,-1,-1,-1,-1,-1,0,-1,-1,-1,-1,-1,1,-1,6,3,-1,-1,5132,2,5,WRIGHTBUS STREETDECK,-1,-1,0,-1
2024131495456,2024,131495456,1,11,0,-1,5,1,5,-1,0,2,0,0,0,0,0,1,-1,1,1,53,8,-1,3,0,WRIGHTBUS STREETDECK,8,E01011945,0,3
2024010530411,2024,010530411,1,11,0,9,9,5,2,2,2,8,0,0,0,0,0,1,1,1,1,61,9,5132,2,6,WRIGHTBUS STREETDECK,4,E01003025,0,2
2024471404338,2024,471404338,1,11,0,-1,19,3,7,-1,0,2,0,0,0,0,4,1,-1,1,1,29,6,5132,2,7,WRIGHTBUS STREETDECK,10,E01016930,0,1
2024010543473,2024,010543473,1,11,0,4,4,1,5,0,0,1,0,0,0,0,1,1,1,1,1,60,9,-1,3,0,WRIGHTBUS STREETDECK,4,E01002442,0,4
2024361469731,2024,361469731,2,11,0,-1,19,5,1,-1,0,2,0,0,0,0,4,1,-1,1,1,55,8,-1,3,0,WRIGHTBUS STREETDECK,9,E01026543,0,2
2024471435677,2024,471435677,1,11,0,-1,5,5,1,-1,2,1,0,0,0,0,0,1,-1,6,1,46,8,5132,2,7,WRIGHTBUS STREETDECK,1,E01016866,0,1
2024010517528,2024,010517528,1,11,0,99,99,9,9,99,99,9,9,99,9,99,0,9,1,1,1,48,8,-1,3,1,WRIGHTBUS STREETDECK,7,E01003753,0,1
2024010500262,2024,010500262,1,11,0,7,7,5,7,0,0,8,0,0,0,0,0,1,1,1,3,34,6,-1,3,3,WRIGHTBUS STREETDECK,5,E01001319,0,3
2024101509807,2024,101509807,1,11,0,-1,4,3,7,-1,2,0,0,0,0,0,4,1,-1,1,2,27,6,5132,2,7,WRIGHTBUS STREETDECK,2,E01008487,0,3
2024471520739,2024,471520739,2,11,0,-1,20,0,0,-1,0,0,0,0,0,0,0,9,-1,6,1,23,5,5132,2,9,WRIGHTBUS STREETDECK,8,E01031707,0,3
2024471454462,2024,471454462,1,11,0,-1,19,2,6,-1,0,0,0,0,0,0,3,1,-1,6,1,25,5,5132,2,9,WRIGHTBUS STREETDECK,3,E01021050,0,3
2024010533751,2024,010533751,1,11,9,99,99,9,9,99,99,9,9,99,9,99,9,1,6,6,3,-1,-1,-1,3,1,WRIGHTBUS STREETDECK,-1,-1,0,-1
2024010548429,2024,010548429,1,11,0,5,5,0,3,0,0,1,0,0,0,0,0,1,1,1,2,41,7,-1,3,1,WRIGHTBUS STREETDECK,2,E01001147,0,2
2024010519581,2024,010519581,1,11,0,5,5,7,3,0,0,1,0,0,0,0,0,1,1,1,1,31,6,-1,3,1,WRIGHTBUS STREETDECK,7,E01002261,0,2
2024010512347,2024,010512347,1,11,0,3,3,5,1,0,0,1,0,0,0,0,0,1,1,1,1,59,9,-1,3,1,WRIGHTBUS STREETDECK,6,E01002319,0,1
2024010516559,2024,010516559,3,11,0,5,5,7,3,2,2,1,0,0,0,0,3,1,1,1,1,54,8,-1,3,1,WRIGHTBUS STREETDECK,8,E01002340,0,1
2024010550128,2024,010550128,1,11,9,4,4,1,5,99,99,9,0,0,0,0,0,9,1,1,1,21,5,-1,3,1,WRIGHTBUS STREETDECK,2,E01000063,0,2
2024501472457,2024,501472457,1,3,0,-1,19,1,8,-1,0,8,1,0,0,0,4,1,-1,9,1,24,5,124,1,13,-1,1,E01015146,0,1
2024471437110,2024,471437110,1,3,0,-1,19,6,2,-1,9,0,0,0,0,0,1,1,-1,6,3,-1,-1,124,1,12,-1,-1,-1,0,-1
2024201497853,2024,201497853,2,3,0,-1,19,5,1,-1,0,1,0,0,0,0,4,1,-1,6,1,33,6,124,1,10,-1,2,E01034931,0,1
2024211531226,2024,211531226,2,3,0,-1,19,8,4,-1,0,8,0,0,0,0,1,1,-1,6,1,23,5,124,1,13,-1,-1,-1,0,-1
2024440049607,2024,440049607,1,3,0,18,19,5,1,0,0,2,1,0,0,0,1,1,2,2,1,29,6,124,1,13,-1,2,E01034060,0,1
2024361428209,2024,361428209,2,3,0,-1,5,2,6,-1,0,4,0,0,0,0,4,1,-1,2,1,26,6,124,1,11,-1,4,E01026784,0,3
2024010513653,2024,010513653,1,3,0,14,14,3,7,0,0,8,0,0,0,0,3,1,2,2,1,28,6,124,1,13,-1,2,E01003557,0,2
2024031430947,2024,031430947,1,3,0,-1,12,3,7,-1,0,0,2,11,1,0,1,1,-1,9,1,54,8,124,1,10,-1,-1,-1,0,-1
2024010504206,2024,010504206,1,3,9,99,99,9,9,99,99,0,9,99,9,99,9,1,2,2,2,33,6,124,1,11,-1,3,E01003594,0,2
2024552401506,2024,552401506,2,3,0,18,19,4,8,0,0,8,0,0,0,0,1,1,6,6,1,20,4,124,1,0,-1,2,E01020499,0,4
2024041492694,2024,041492694,1,2,0,-1,19,1,7,-1,0,8,0,0,0,0,4,1,-1,9,1,16,4,49,1,18,-1,4,E01012604,0,1
2024421449632,2024,421449632,2,9,0,-1,3,1,5,-1,0,1,0,0,0,0,2,1,-1,9,1,48,8,5935,1,21,-1,6,E01022095,0,3
2024010543268,2024,010543268,1,9,0,7,7,3,5,0,0,1,0,0,0,0,1,1,6,6,3,23,5,1499,1,3,BMW 2 SERIES,-1,-1,0,-1
2024421470341,2024,421470341,1,9,0,-1,19,8,4,-1,0,1,0,0,7,9,1,1,-1,2,2,51,8,1995,2,10,BMW 2 SERIES,1,E01022043,0,3
2024010545084,2024,010545084,1,9,0,99,99,9,9,99,99,9,9,99,9,99,1,9,6,6,1,26,6,1499,1,2,BMW 2 SERIES,3,E01004341,0,1
202417M218724,2024,17M218724,2,9,0,-1,2,0,0,-1,0,0,0,0,0,0,1,1,-1,9,1,-1,-1,1995,2,1,BMW 2 SERIES,-1,-1,0,-1
2024010498301,2024,010498301,1,9,0,7,7,7,1,0,0,8,0,0,0,0,0,1,6,6,2,52,8,1499,1,5,BMW 2 SERIES,-1,-1,0,-1
2024311473591,2024,311473591,1,9,0,-1,19,8,4,-1,0,1,0,0,0,0,1,1,-1,6,2,50,8,1995,2,6,BMW 2 SERIES,7,E01028374,0,1
2024543836324,2024,543836324,2,9,0,18,19,7,3,0,0,8,0,0,0,0,3,1,6,6,2,25,5,1995,2,8,BMW 2 SERIES,4,E01015502,0,2
2024041500238,2024,041500238,2,9,0,-1,19,1,5,-1,0,8,0,0,0,0,2,1,-1,9,1,57,9,1499,1,1,BMW 2 SERIES,7,E01025317,0,2
2024421396562,2024,421396562,1,9,0,-1,19,5,1,-1,0,0,1,0,7,0,1,1,-1,9,2,23,5,1499,1,1,BMW 2 SERIES,8,E01021803,0,1
2024010505246,2024,010505246,2,9,0,7,7,7,1,0,0,8,0,0,0,0,1,1,6,6,1,51,8,1499,1,7,BMW 2 SERIES,2,E01032512,0,1
2024991465479,2024,991465479,2,9,0,-1,19,5,1,-1,0,0,0,0,1,0,2,1,-1,6,2,71,10,1995,2,3,BMW 2 SERIES,9,-1,0,2
2024451462996,2024,451462996,3,9,0,-1,19,1,5,-1,0,0,0,0,0,0,0,1,-1,6,2,21,5,1998,1,0,BMW 2 SERIES,10,E01017794,0,4
2024401541167,2024,401541167,2,9,0,-1,5,1,7,-1,0,1,0,0,0,0,1,1,-1,6,2,38,7,1997,1,9,BMW 2 SERIES,9,E01003777,0,4
2024631414841,2024,631414841,2,9,0,-1,4,2,6,-1,0,1,0,0,0,0,4,2,-1,1,1,27,6,1499,1,6,BMW 2 SERIES,3,W01000732,0,1
2024471463979,2024,471463979,1,9,0,-1,3,7,3,-1,0,4,0,0,0,0,1,1,-1,2,1,38,7,1998,1,0,BMW 2 SERIES,6,E01034822,0,1
2024010522709,2024,010522709,2,9,0,99,99,9,9,99,99,9,9,99,9,99,9,9,6,6,3,-1,-1,1499,1,5,BMW 2 SERIES,-1,-1,0,-1
2024311422627,2024,311422627,2,9,0,-1,19,4,7,-1,0,4,0,0,0,0,1,2,-1,1,2,24,5,1995,2,9,BMW 2 SERIES,-1,-1,0,-1
2024440024224,2024,440024224,1,9,0,9,9,8,6,0,0,2,0,0,0,0,1,1,6,6,2,46,8,1499,1,2,BMW 2 SERIES,9,E01022757,0,1
2024010508546,2024,010508546,1,9,0,3,3,3,7,0,0,1,0,0,0,0,1,1,1,1,1,37,7,1499,1,4,BMW 2 SERIES,4,E01004259,0,1
2024161531332,2024,161531332,1,9,0,-1,19,5,2,-1,0,1,0,0,0,0,2,1,-1,1,2,32,6,1499,1,5,BMW 2 SERIES,4,E01011778,0,4
2024201528332,2024,201528332,2,9,0,-1,3,8,4,-1,0,8,0,0,0,0,2,1,-1,6,2,40,7,1499,1,4,BMW 2 SERIES,1,E01009101,0,2
2024131461774,2024,131461774,2,9,0,-1,19,8,4,-1,0,0,0,0,0,0,3,1,-1,9,2,38,7,1499,1,2,BMW 2 SERIES,1,E01011032,0,1
2024010504459,2024,010504459,2,9,0,18,19,3,7,0,0,8,0,0,0,0,1,1,1,1,1,23,5,1499,1,4,BMW 2 SERIES,2,E01003507,0,1
2024401466992,2024,401466992,1,9,0,-1,19,3,7,-1,0,0,1,0,7,9,1,1,-1,2,1,44,7,1496,2,9,BMW 2 SERIES,8,E01034451,0,1
202417L203224,2024,17L203224,1,9,0,18,19,8,4,0,0,0,0,0,0,0,1,1,6,6,2,27,6,1499,8,0,BMW 2 SERIES,4,E01012167,0,1
2024430559467,2024,430559467,1,9,0,18,19,3,7,0,0,4,0,0,0,0,1,1,6,6,1,32,6,1496,2,9,BMW 2 SERIES,5,E01015532,0,4
2024010548319,2024,010548319,2,9,0,18,19,5,1,0,0,1,0,0,0,0,1,1,6,6,3,-1,-1,1499,1,8,BMW 2 SERIES,-1,-1,0,-1
2024070379380,2024,070379380,1,9,0,9,9,1,5,0,0,1,0,0,0,0,1,1,6,6,2,76,11,1499,1,5,BMW 2 SERIES,8,E01018699,0,1
2024631420755,2024,631420755,2,9,0,-1,4,8,4,-1,0,0,0,0,0,0,2,1,-1,7,2,24,5,1995,2,6,BMW 2 SERIES,2,W01000707,0,1
2024010520070,2024,010520070,2,9,0,9,9,2,7,0,0,1,0,0,0,0,1,1,2,2,2,40,7,1998,1,5,BMW 2 SERIES,9,E01003901,0,1
2024010510813,2024,010510813,1,9,0,4,4,7,3,0,0,0,0,0,0,0,0,1,6,6,1,31,6,1499,1,3,BMW 2 SERIES,3,E01001830,0,1
2024201476222,2024,201476222,2,9,0,-1,19,8,4,-1,0,8,0,0,0,0,1,1,-1,6,2,27,6,1995,2,4,BMW 2 SERIES,9,E01010391,0,2
2024010540777,2024,010540777,1,8,0,99,99,9,9,99,99,0,9,99,9,99,3,9,6,6,1,51,8,1995,2,6,BMW 2 SERIES,5,E01003527,0,2
202454E801424,2024,54E801424,1,9,0,18,19,6,2,0,0,1,0,0,0,0,1,1,6,6,2,45,7,1995,2,8,BMW 2 SERIES,3,E01014571,0,4
2024010540300,2024,010540300,2,9,0,99,99,9,9,99,99,9,9,99,9,99,1,9,6,6,3,-1,-1,1499,1,5,BMW 2 SERIES,-1,-1,0,-1
2024211498370,2024,211498370,2,9,0,-1,19,7,7,-1,0,0,0,0,0,0,3,1,-1,9,2,30,6,1496,2,7,BMW 2 SERIES,5,E01014304,0,2
2024421512272,2024,421512272,1,9,0,-1,19,2,8,-1,0,1,0,0,0,0,1,1,-1,6,2,20,4,1995,2,8,BMW 2 SERIES,4,E01029892,0,3
2024010531229,2024,010531229,1,9,0,99,99,9,9,99,99,9,9,99,9,99,9,9,6,6,3,-1,-1,1995,2,7,BMW 2 SERIES,8,E01004507,0,1
2024421503216,2024,421503216,3,9,0,-1,20,4,1,-1,0,0,0,0,0,0,1,1,-1,9,1,21,5,1499,1,7,BMW 2 SERIES,9,E01015858,0,3
2024991424035,2024,991424035,2,9,0,-1,19,7,4,-1,0,2,0,0,0,0,1,1,-1,9,1,68,10,1499,1,5,BMW 2 SERIES,7,-1,0,2
2024201436854,2024,201436854,1,9,0,-1,19,3,7,-1,0,0,0,0,0,0,3,9,-1,9,1,28,6,1995,2,7,BMW 2 SERIES,1,E01009345,0,1
2024122400360,2024,122400360,3,9,0,18,19,3,7,0,0,0,0,0,0,0,2,1,6,6,2,28,6,1995,2,7,BMW 2 SERIES,10,E01034978,0,3
2024010526164,2024,010526164,2,9,0,17,19,1,5,0,0,4,1,0,0,0,4,1,6,6,2,27,6,1995,2,7,BMW 2 SERIES,4,E01003733,0,3
2024440323515,2024,440323515,2,9,0,4,4,2,6,0,0,0,0,0,0,0,2,1,6,6,1,38,7,1998,1,7,BMW 2 SERIES,-1,-1,0,-1
2024010543682,2024,010543682,2,9,0,7,7,8,3,0,0,8,0,0,0,0,1,1,6,6,1,34,6,1499,1,2,BMW 2 SERIES,3,E01034142,0,1
2024010551266,2024,010551266,2,9,0,99,99,9,9,99,99,9,9,99,9,99,9,9,6,6,3,-1,-1,1496,2,7,BMW 2 SERIES,-1,-1,0,-1
2024451528889,2024,451528889,2,9,0,-1,19,1,5,-1,0,2,0,0,0,0,4,1,-1,9,1,64,9,1499,1,6,BMW 2 SERIES,8,E01030384,0,1
2024211543505,2024,211543505,1,9,0,-1,2,3,3,-1,0,1,0,0,0,0,1,1,-1,6,1,45,7,1995,2,8,BMW 2 SERIES,-1,-1,0,-1
2024421534252,2024,421534252,1,9,0,-1,19,1,5,-1,0,0,0,0,7,0,1,1,-1,6,1,27,6,1499,1,8,BMW 2 SERIES,7,E01002377,0,2
2024231490410,2024,231490410,2,9,0,-1,9,8,6,-1,0,5,0,0,0,0,2,1,-1,9,1,78,11,1499,1,5,BMW 2 SERIES,8,E01031217,0,3
2024010505354,2024,010505354,2,9,0,99,99,9,9,99,99,9,9,99,9,99,3,9,6,6,3,-1,-1,1499,8,2,BMW 2 SERIES,-1,-1,0,-1
2024010521174,2024,010521174,2,9,9,99,99,9,9,99,99,0,9,99,9,99,9,9,6,6,3,-1,-1,1998,1,7,BMW 2 SERIES,-1,-1,0,-1
2024430579108,2024,430579108,1,9,0,18,19,4,8,0,0,0,0,0,1,11,1,1,6,6,2,27,6,1499,1,4,BMW 2 SERIES,10,E01017876,0,1