collision_index,collision_year,collision_ref_no,vehicle_reference,vehicle_type,towing_and_articulation,vehicle_manoeuvre_historic,vehicle_manoeuvre,vehicle_direction_from,vehicle_direction_to,vehicle_location_restricted_lane_historic,vehicle_location_restricted_lane,junction_location,skidding_and_overturning,hit_object_in_carriageway,vehicle_leaving_carriageway,hit_object_off_carriageway,first_point_of_impact,vehicle_left_hand_drive,journey_purpose_of_driver_historic,journey_purpose_of_driver,sex_of_driver,age_of_driver,age_band_of_driver,engine_capacity_cc,propulsion_code,age_of_vehicle,generic_make_model,driver_imd_decile,lsoa_of_driver,escooter_flag,driver_distance_banding
2024061447377,2024,061447377,2,9,0,-1,9,2,5,-1,0,2,0,0,0,0,1,1,-1,1,1,46,8,1499,1,6,BMW 2 SERIES,2,E01005951,0,1
2024522402548,2024,522402548,2,9,0,9,9,6,4,0,0,8,0,0,0,0,4,1,6,6,2,19,4,1499,1,9,BMW 2 SERIES,9,E01014816,0,1
2024991412473,2024,991412473,2,9,0,-1,9,7,6,-1,0,8,0,0,0,0,1,1,-1,7,2,53,8,1995,2,4,BMW 2 SERIES,9,-1,0,3
2024010520565,2024,010520565,2,9,0,9,9,5,3,0,0,8,0,0,0,0,1,1,6,6,1,-1,-1,1995,2,4,BMW 2 SERIES,-1,-1,0,-1
2024010504638,2024,010504638,1,9,0,18,19,5,1,0,0,0,0,0,0,0,4,1,6,6,1,20,4,1995,2,10,BMW 2 SERIES,7,E01000169,0,2
2024451534389,2024,451534389,2,9,0,-1,19,7,3,-1,0,0,1,0,5,0,4,1,-1,2,2,29,6,1499,1,7,BMW 2 SERIES,2,E01024135,0,4
2024070934649,2024,070934649,1,9,0,-1,4,1,5,-1,0,0,0,0,0,0,1,1,-1,9,2,34,6,1995,2,10,BMW 2 SERIES,10,E01028534,0,5
2024461492837,2024,461492837,3,9,0,-1,19,-1,-1,-1,0,0,0,0,0,0,2,9,-1,6,2,56,9,1998,1,2,BMW 2 SERIES,2,E01003351,0,3
2024340WN4332,2024,340WN4332,2,9,0,-1,19,3,7,-1,0,0,1,0,7,6,1,1,-1,9,1,65,9,1998,1,3,BMW 2 SERIES,6,E01016753,0,4
2024131508858,2024,131508858,2,9,0,-1,19,1,5,-1,0,8,0,2,0,0,2,1,-1,9,1,62,9,1995,2,8,BMW 2 SERIES,9,E01011557,0,2
2024010489994,2024,010489994,2,9,0,99,99,9,9,99,99,6,9,99,9,99,9,9,6,6,3,27,6,1499,1,4,BMW 2 SERIES,3,E01001502,0,3
2024111535969,2024,111535969,1,9,0,-1,5,7,3,-1,0,4,0,0,0,0,1,1,-1,9,1,57,9,1499,1,5,BMW 2 SERIES,10,E01011213,0,5
2024010548309,2024,010548309,1,9,0,99,99,9,9,99,99,0,9,99,9,99,9,9,6,6,2,43,7,1995,2,7,BMW 2 SERIES,3,E01000404,0,3
2024430472116,2024,430472116,1,9,0,9,9,8,6,0,0,5,0,0,0,0,3,1,6,6,1,38,7,1995,2,8,BMW 2 SERIES,5,E01016494,0,1
2024231423634,2024,231423634,1,9,0,-1,19,6,2,-1,0,0,1,0,1,0,1,1,-1,2,1,48,8,1499,1,10,BMW 2 SERIES,6,E01025756,0,4
2024010512392,2024,010512392,1,9,0,7,7,3,5,0,0,8,0,0,0,0,1,1,6,6,1,41,7,1995,2,9,BMW 2 SERIES,9,E01000456,0,4
2024631428062,2024,631428062,1,9,0,-1,19,3,6,-1,0,0,0,0,0,0,3,1,-1,9,2,43,7,1995,2,8,BMW 2 SERIES,8,W01000555,0,2
2024010526906,2024,010526906,1,9,0,4,4,5,1,0,0,0,0,0,0,0,0,1,6,6,1,41,7,1998,1,5,BMW 2 SERIES,3,E01003607,0,1
2024411538453,2024,411538453,2,9,-1,-1,-1,-1,-1,-1,-1,-1,-1,-1,-1,0,-1,9,-1,6,1,33,6,1499,1,4,BMW 2 SERIES,10,E01023412,0,1
2024211400052,2024,211400052,2,9,0,-1,4,6,2,-1,0,0,0,0,0,0,2,1,-1,9,1,18,4,1998,1,5,BMW 2 SERIES,8,E01010346,0,2
2024231433133,2024,231433133,1,9,0,-1,19,4,1,-1,0,0,0,0,0,0,1,9,-1,9,1,28,6,1998,1,6,BMW 2 SERIES,7,E01031206,0,1
2024461459194,2024,461459194,1,9,0,-1,7,3,1,-1,0,5,0,0,7,0,4,1,-1,2,2,58,9,1499,1,6,BMW 2 SERIES,4,E01024339,0,1
2024610024724,2024,610024724,1,9,0,18,19,5,1,0,0,0,0,0,1,7,3,1,6,6,2,48,8,1496,2,7,BMW 2 SERIES,10,W01001513,0,1
2024010530484,2024,010530484,2,9,0,18,19,3,7,99,99,1,0,0,0,0,1,9,6,6,1,-1,-1,1995,2,4,BMW 2 SERIES,-1,-1,0,-1
2024010507854,2024,010507854,2,9,0,99,99,9,9,99,99,6,9,99,9,99,1,9,6,6,1,43,7,1499,1,4,BMW 2 SERIES,3,E01034178,0,1
2024501501806,2024,501501806,2,9,0,-1,5,1,5,-1,0,6,0,0,0,0,1,1,-1,9,2,36,7,1995,2,9,BMW 2 SERIES,1,E01015030,0,2
2024131463171,2024,131463171,5,9,0,-1,19,3,7,-1,0,0,0,0,0,0,2,1,-1,9,1,36,7,1995,2,5,BMW 2 SERIES,10,E01011948,0,2
2024311493219,2024,311493219,1,9,0,-1,4,1,5,-1,0,0,0,0,0,0,2,1,-1,6,2,44,7,1995,2,8,BMW 2 SERIES,-1,-1,0,-1
2024010528647,2024,010528647,1,9,0,9,9,1,6,0,0,1,0,0,0,0,0,1,6,6,1,71,10,1499,1,8,BMW 2 SERIES,7,E01000986,0,3
2024010542172,2024,010542172,2,9,0,99,99,9,9,99,99,9,9,99,9,99,1,9,6,6,3,-1,-1,1499,1,6,BMW 2 SERIES,-1,-1,0,-1
2024461448860,2024,461448860,1,9,0,-1,7,3,7,-1,0,8,0,0,0,0,4,9,-1,6,1,34,6,1995,2,9,BMW 2 SERIES,9,E01024044,0,1
2024101511209,2024,101511209,1,9,0,-1,19,7,3,-1,0,0,0,0,0,0,1,1,-1,6,2,21,5,1499,1,7,BMW 2 SERIES,-1,-1,0,-1
2024332400813,2024,332400813,1,9,0,-1,9,1,7,-1,0,5,0,0,0,0,2,1,-1,1,1,40,7,1499,8,6,BMW 2 SERIES,2,E01034018,0,3
2024340NN4502,2024,340NN4502,1,9,0,-1,19,5,1,-1,0,0,1,2,0,1,1,1,-1,9,1,22,5,1499,1,9,BMW 2 SERIES,8,E01027346,0,2
2024010526419,2024,010526419,1,9,0,7,7,5,7,0,0,6,0,0,0,0,1,1,6,6,1,47,8,1499,1,8,BMW 2 SERIES,3,E01001650,0,4
2024010523970,2024,010523970,2,9,0,99,99,9,9,99,99,9,9,99,9,99,9,9,6,6,3,-1,-1,1499,1,2,BMW 2 SERIES,2,E01004209,0,1
2024122401258,2024,122401258,2,9,0,4,4,6,2,0,0,2,0,0,0,0,2,1,6,6,2,23,5,1499,1,4,BMW 2 SERIES,1,E01025218,0,3
2024991458491,2024,991458491,2,9,0,-1,19,7,3,-1,0,4,0,0,0,0,1,1,-1,6,2,33,6,1995,2,3,BMW 2 SERIES,-1,-1,0,-1
2024141498606,2024,141498606,1,9,0,-1,19,7,3,-1,0,0,0,0,0,0,3,1,-1,7,2,34,6,1998,1,5,BMW 2 SERIES,3,E01007541,0,1
2024311431609,2024,311431609,1,9,0,-1,19,2,5,-1,0,0,0,0,7,4,1,1,-1,6,1,31,6,1997,1,9,BMW 2 SERIES,8,E01028417,0,4
2024411447274,2024,411447274,2,9,0,-1,19,3,7,-1,0,0,0,0,0,0,1,1,-1,6,1,54,8,1499,8,7,BMW 2 SERIES,7,E01023704,0,2
2024010504871,2024,010504871,1,9,0,6,6,1,1,0,0,0,0,0,0,0,1,1,6,6,1,31,6,1499,1,2,BMW 2 SERIES,5,E01003028,0,2
2024070156017,2024,070156017,1,9,0,18,19,1,5,0,0,4,1,0,0,0,1,1,6,6,2,34,6,1496,2,9,BMW 2 SERIES,1,E01018740,0,1
2024421408216,2024,421408216,2,9,4,-1,19,8,4,-1,0,2,0,0,0,0,1,1,-1,9,1,20,4,1499,1,6,BMW 2 SERIES,5,E01021518,0,1
2024451488403,2024,451488403,2,9,0,-1,4,1,5,-1,0,0,0,0,0,0,2,1,-1,2,1,43,7,1499,1,1,BMW 2 SERIES,6,E01016224,0,2
2024010540676,2024,010540676,1,9,0,99,99,1,5,99,99,0,9,99,9,99,9,9,6,6,2,31,6,1998,1,0,BMW 2 SERIES,3,E01034146,0,3
2024101403785,2024,101403785,1,9,0,-1,5,7,3,-1,0,1,0,0,0,0,3,1,-1,9,2,30,6,1496,2,9,BMW 2 SERIES,1,E01027429,0,1
2024340NN1512,2024,340NN1512,2,9,0,-1,3,1,5,-1,0,0,0,0,0,0,2,1,-1,9,1,24,5,1995,2,8,BMW 2 SERIES,8,E01027071,0,2
2024101469706,2024,101469706,1,9,0,-1,19,1,5,-1,0,0,0,0,1,0,1,1,-1,2,1,55,8,1499,1,5,BMW 2 SERIES,4,E01027362,0,1
2024061440173,2024,061440173,2,9,-1,-1,-1,-1,-1,-1,-1,0,-1,-1,-1,0,-1,9,-1,6,2,-1,-1,1499,1,2,BMW 2 SERIES,1,E01005097,0,2
2024010518304,2024,010518304,2,9,0,18,19,3,7,0,0,1,0,0,0,0,1,1,6,6,1,45,7,1995,2,5,BMW 2 SERIES,2,E01004209,0,1
2024351442508,2024,351442508,1,9,-1,-1,19,5,1,-1,0,0,0,0,0,0,1,9,-1,2,1,23,5,1995,2,9,BMW 2 SERIES,5,E01015700,0,4
2024201489937,2024,201489937,1,8,0,-1,19,8,4,-1,0,0,0,0,0,0,4,1,-1,9,1,31,6,1995,2,8,BMW 2 SERIES,2,E01009403,0,1
2024440358214,2024,440358214,2,9,0,18,19,7,4,0,0,8,0,0,0,0,4,1,6,6,2,47,8,1499,1,3,BMW 2 SERIES,-1,-1,0,-1
2024231433478,2024,231433478,1,9,0,-1,4,-1,-1,-1,0,0,0,0,0,0,1,9,-1,6,3,-1,-1,1499,1,3,BMW 2 SERIES,-1,-1,0,-1
2024471485870,2024,471485870,1,9,0,-1,19,2,6,-1,0,0,0,0,0,0,1,1,-1,9,2,51,8,1998,1,4,BMW 2 SERIES,10,E01031736,0,1
2024010549136,2024,010549136,1,9,0,18,19,7,3,0,0,0,1,0,1,2,1,1,6,6,1,31,6,1499,1,6,BMW 2 SERIES,2,E01002054,0,3
2024010501672,2024,010501672,1,9,0,18,19,6,2,0,0,1,0,0,0,0,1,1,6,6,2,51,8,1998,1,4,BMW 2 SERIES,7,E01002373,0,1
2024302401107,2024,302401107,1,9,0,4,4,6,2,0,0,1,0,0,0,0,1,1,6,6,2,22,5,1995,2,7,BMW 2 SERIES,4,E01019499,0,2
2024070445342,2024,070445342,2,9,0,3,3,5,2,0,0,1,0,0,0,0,4,1,6,6,2,42,7,1499,1,8,BMW 2 SERIES,7,E01006099,0,3
2024351448805,2024,351448805,3,9,0,-1,2,0,0,-1,0,0,0,0,0,0,2,1,-1,6,-1,-1,-1,1499,8,6,BMW 2 SERIES,-1,-1,0,-1
2024010518867,2024,010518867,1,9,0,18,19,2,6,0,0,5,0,0,0,0,1,1,6,6,2,39,7,1499,1,8,BMW 2 SERIES,4,E01001148,0,1
2024461521598,2024,461521598,2,9,0,-1,4,5,1,-1,0,0,0,0,0,0,2,9,-1,1,1,28,6,1998,1,8,BMW 2 SERIES,1,E01024081,0,4
2024549619924,2024,549619924,1,9,0,18,19,1,5,0,0,1,0,0,0,0,1,1,6,6,1,55,8,1995,2,6,BMW 2 SERIES,9,E01033848,0,1
202454D045524,2024,54D045524,1,9,0,5,5,8,4,0,0,6,0,0,0,0,1,1,2,2,2,24,5,1998,1,0,BMW 2 SERIES,7,E01031850,0,1
2024501503442,2024,501503442,2,9,0,-1,19,1,5,-1,0,2,0,0,0,0,2,1,-1,6,-1,-1,-1,1995,2,8,BMW 2 SERIES,-1,-1,0,-1
2024010523042,2024,010523042,1,9,0,3,3,5,1,0,0,1,0,0,0,0,0,1,6,6,2,68,10,1499,1,7,BMW 2 SERIES,-1,-1,0,-1
2024622400428,2024,622400428,2,9,0,2,2,0,0,0,0,0,0,0,0,0,3,1,6,6,3,-1,-1,1499,1,0,BMW 2 SERIES,-1,-1,0,-1
2024221458985,2024,221458985,1,9,0,-1,19,8,4,-1,0,0,0,0,1,11,1,1,-1,9,1,78,11,1499,1,5,BMW 2 SERIES,4,E01032201,0,2
2024201450492,2024,201450492,1,9,0,-1,19,2,6,-1,0,0,0,0,0,0,3,1,-1,6,2,42,7,1499,1,8,BMW 2 SERIES,5,E01001187,0,5
2024010519757,2024,010519757,3,9,0,2,2,0,0,0,0,0,0,0,0,0,1,1,6,6,3,-1,-1,1499,1,8,BMW 2 SERIES,-1,-1,0,-1
2024041478543,2024,041478543,2,9,0,-1,19,1,5,-1,0,1,0,0,0,0,1,1,-1,6,1,41,7,1995,2,9,BMW 2 SERIES,3,E01025221,0,1
2024070355595,2024,070355595,3,9,0,4,4,7,3,0,0,0,0,0,0,0,2,1,6,6,1,28,6,1499,1,7,BMW 2 SERIES,10,E01018320,0,4
2024141398095,2024,141398095,2,9,0,-1,19,1,5,-1,0,0,1,0,0,0,1,1,-1,9,1,20,4,1499,1,4,BMW 2 SERIES,1,E01007732,0,2
2024430389373,2024,430389373,1,9,0,18,19,3,7,0,0,6,0,0,0,0,1,1,6,6,1,46,8,1995,2,6,BMW 2 SERIES,7,E01016408,0,2
2024430239991,2024,430239991,1,9,0,18,19,1,4,0,0,1,0,0,0,0,4,1,1,1,2,58,9,1499,1,1,BMW 2 SERIES,8,E01028808,0,1
2024010529007,2024,010529007,3,9,0,2,2,0,0,5,5,1,0,0,0,0,2,1,6,6,3,-1,-1,1995,2,9,BMW 2 SERIES,-1,-1,0,-1
2024010511763,2024,010511763,1,9,0,18,19,7,3,0,0,2,0,0,0,0,2,1,6,6,2,45,7,1995,2,6,BMW 2 SERIES,2,E01000386,0,1
2024131415783,2024,131415783,2,9,0,-1,19,1,1,-1,0,1,0,0,0,0,1,1,-1,1,1,71,10,1995,2,7,BMW 2 SERIES,-1,-1,0,-1
2024461426046,2024,461426046,1,9,0,-1,19,3,7,-1,0,8,0,0,0,0,3,1,-1,9,1,20,4,1499,1,6,BMW 2 SERIES,3,E01024570,0,2
2024061466532,2024,061466532,1,9,0,-1,19,5,1,-1,0,0,0,0,0,0,1,1,-1,9,2,33,6,1499,1,6,BMW 2 SERIES,3,E01005893,0,1
2024371480347,2024,371480347,1,9,0,-1,19,5,1,-1,0,8,0,0,1,0,1,1,-1,6,1,24,5,1499,1,0,BMW 2 SERIES,5,E01029922,0,1
2024041436999,2024,041436999,2,9,0,-1,2,0,0,-1,9,1,0,0,0,0,4,1,-1,6,-1,-1,-1,1995,2,9,BMW 2 SERIES,-1,-1,0,-1
2024401416713,2024,401416713,2,9,0,-1,3,2,7,-1,0,1,0,0,0,0,2,9,-1,2,2,37,7,1496,2,8,BMW 2 SERIES,2,E01015773,0,2
2024101481261,2024,101481261,1,9,0,-1,3,1,4,-1,0,0,0,0,0,0,1,1,-1,9,1,67,10,1995,2,7,BMW 2 SERIES,6,E01020714,0,4
2024010497902,2024,010497902,1,9,9,99,99,9,9,0,0,0,9,99,9,99,9,9,6,6,3,32,6,1499,1,2,BMW 2 SERIES,2,E01000724,0,1
2024010533710,2024,010533710,1,9,0,4,4,3,7,0,0,1,0,0,0,0,1,1,1,1,2,20,4,1499,1,4,BMW 2 SERIES,2,E01004008,0,1
2024320738842,2024,320738842,1,9,0,-1,-1,8,4,0,0,0,0,0,1,9,1,1,-1,-1,1,48,8,1995,2,7,BMW 2 SERIES,3,E01002370,0,5
2024991524611,2024,991524611,2,9,0,-1,19,1,5,-1,0,0,0,0,0,0,1,1,-1,6,2,38,7,1499,8,7,BMW 2 SERIES,8,-1,0,4
2024010550296,2024,010550296,1,9,0,99,99,9,9,99,99,0,9,99,9,99,2,9,6,6,2,49,8,1499,1,8,BMW 2 SERIES,5,E01002186,0,1
2024010545763,2024,010545763,2,9,0,6,6,3,3,0,0,1,0,0,0,0,1,1,2,2,1,24,5,1995,2,8,BMW 2 SERIES,-1,-1,0,-1
2024010541498,2024,010541498,2,9,0,3,3,5,1,0,0,5,0,4,0,0,1,1,6,6,3,23,5,1499,1,7,BMW 2 SERIES,-1,-1,0,-1
2024461510706,2024,461510706,3,9,0,-1,2,0,0,-1,0,0,0,0,0,0,2,9,-1,6,3,19,4,1998,1,1,BMW 2 SERIES,-1,-1,0,-1
2024531518358,2024,531518358,2,9,0,-1,19,4,8,-1,0,1,0,0,0,0,1,1,-1,9,1,52,8,1499,8,6,BMW 2 SERIES,10,E01022382,0,1
2024201413589,2024,201413589,1,9,0,-1,9,2,8,-1,0,6,0,0,0,0,1,9,-1,6,1,23,5,1995,2,5,BMW 2 SERIES,2,E01009022,0,1
2024061502949,2024,061502949,1,9,0,-1,19,1,5,-1,0,3,0,0,7,2,1,1,-1,6,-1,20,4,1499,1,3,BMW 2 SERIES,-1,-1,0,-1
2024201428369,2024,201428369,1,9,0,-1,19,8,4,-1,0,0,1,10,1,4,3,1,-1,2,1,43,7,1998,1,6,BMW 2 SERIES,10,E01010173,0,2
2024061457188,2024,061457188,3,9,0,-1,19,7,3,-1,0,0,0,0,0,0,1,1,-1,1,1,37,7,1499,1,3,BMW 2 SERIES,3,E01006282,0,3
2024991442276,2024,991442276,2,9,0,-1,19,5,8,-1,0,8,0,0,0,0,4,1,-1,9,2,65,9,1499,1,1,BMW 2 SERIES,1,-1,0,1
2024440002727,2024,440002727,1,9,0,3,3,8,4,0,0,0,0,0,0,0,2,1,6,6,2,50,8,1499,1,3,BMW 2 SERIES,10,E01016196,0,1
2024010501002,2024,010501002,2,9,0,18,19,5,1,0,0,2,0,0,0,0,2,1,2,2,2,33,6,1499,1,3,BMW 2 SERIES,4,E01004568,0,3
2024131483896,2024,131483896,2,9,0,-1,19,5,1,-1,0,0,0,0,0,0,1,1,-1,9,1,48,8,1499,8,8,BMW 2 SERIES,8,E01011643,0,1
2024010498354,2024,010498354,2,9,0,99,99,9,9,99,99,9,9,99,9,99,9,9,6,6,3,-1,-1,1499,1,4,BMW 2 SERIES,-1,-1,0,-1
2024991405002,2024,991405002,1,9,0,-1,1,3,7,-1,9,0,0,0,0,0,2,1,-1,9,2,49,8,1499,1,3,BMW 2 SERIES,6,-1,0,1
2024010511910,2024,010511910,1,9,0,18,19,7,3,0,0,8,1,4,0,0,1,1,6,6,1,28,6,1499,1,5,BMW 2 SERIES,2,E01001161,0,1
2024010528152,2024,010528152,1,9,0,99,99,9,9,99,99,9,9,99,9,99,1,9,6,6,2,36,7,1499,8,1,BMW 2 SERIES,2,E01001057,0,2
2024501433125,2024,501433125,1,9,0,-1,4,8,4,-1,9,0,1,10,1,2,1,9,-1,2,2,49,8,1995,2,6,BMW 2 SERIES,8,E01015097,0,1
2024991483359,2024,991483359,2,9,0,-1,19,4,8,-1,0,1,0,4,1,11,1,1,-1,6,1,19,4,1995,2,9,BMW 2 SERIES,-1,-1,0,-1
2024451427606,2024,451427606,4,9,0,-1,9,3,7,-1,0,8,0,0,0,0,4,1,-1,6,1,23,5,1995,2,7,BMW 2 SERIES,9,E01001031,0,4
2024451509113,2024,451509113,1,9,0,-1,19,1,5,-1,0,0,0,0,0,0,2,1,-1,9,1,37,7,1998,1,5,BMW 2 SERIES,9,E01028650,0,4
2024471407001,2024,471407001,2,9,0,-1,4,2,6,-1,0,0,0,0,0,0,2,1,-1,2,1,24,5,1995,2,7,BMW 2 SERIES,10,E01031824,0,3
2024010529480,2024,010529480,1,9,0,7,7,3,5,0,0,1,0,0,0,0,4,1,6,6,2,41,7,1499,1,4,BMW 2 SERIES,9,E01000440,0,1
2024010507450,2024,010507450,2,8,0,99,99,9,9,99,99,9,9,99,9,99,1,9,6,6,3,-1,-1,1995,2,8,BMW 2 SERIES,3,E01004584,0,2
2024531403428,2024,531403428,1,9,0,-1,5,7,3,-1,0,4,0,0,0,0,0,1,-1,6,2,61,9,1499,1,6,BMW 2 SERIES,8,E01034809,0,2
2024440461470,2024,440461470,1,9,0,18,19,5,1,0,0,1,0,0,0,0,1,1,2,2,1,65,9,1995,2,9,BMW 2 SERIES,5,E01020363,0,3
2024531531417,2024,531531417,1,9,0,-1,19,3,7,-1,0,0,0,4,0,0,1,1,-1,9,1,39,7,1499,1,7,BMW 2 SERIES,3,E01022157,0,1
2024010546881,2024,010546881,1,9,0,5,5,3,7,0,0,1,0,0,0,0,1,1,6,6,2,59,9,1995,2,7,BMW 2 SERIES,6,E01002489,0,1
2024461482863,2024,461482863,1,9,0,-1,11,3,7,-1,0,0,0,0,0,0,3,9,-1,6,1,-1,-1,1499,1,4,BMW 2 SERIES,2,E01024517,0,1
2024052400744,2024,052400744,2,9,0,18,19,2,6,0,0,8,0,0,0,0,1,1,6,6,2,32,6,1499,1,4,BMW 2 SERIES,1,E01006467,0,1
2024141483665,2024,141483665,3,9,0,-1,19,1,5,-1,0,8,0,0,0,0,1,1,-1,9,2,66,10,1995,2,7,BMW 2 SERIES,4,E01007819,0,1
2024201526471,2024,201526471,2,9,0,-1,11,3,7,-1,0,1,0,0,0,0,2,9,-1,1,2,44,7,1496,2,6,BMW 2 SERIES,5,E01010118,0,1
2024430473701,2024,430473701,1,9,0,13,13,8,4,0,0,2,0,0,0,0,1,1,2,2,1,21,5,1499,1,8,BMW 2 SERIES,8,E01016748,0,1
2024010547776,2024,010547776,3,9,0,5,5,1,5,0,0,1,0,0,0,0,3,1,6,6,2,29,6,1499,1,6,BMW 2 SERIES,2,E01002633,0,4
2024302400849,2024,302400849,1,9,0,4,4,2,6,0,0,0,0,0,0,0,2,1,6,6,1,36,7,1995,2,9,BMW 2 SERIES,3,E01028258,0,1
2024010534553,2024,010534553,2,9,9,99,99,9,9,99,99,9,9,99,9,99,9,9,6,6,3,-1,-1,1499,8,6,BMW 2 SERIES,-1,-1,0,-1
2024041442925,2024,041442925,1,9,0,-1,19,5,1,-1,0,0,0,0,0,0,0,1,-1,9,1,36,7,1998,1,0,BMW 2 SERIES,3,E01005358,0,4
2024451485462,2024,451485462,1,9,0,-1,19,7,3,-1,0,1,1,7,1,11,1,1,-1,2,1,33,6,1995,2,7,BMW 2 SERIES,2,E01016438,0,3
2024461464523,2024,461464523,3,9,0,-1,19,3,7,-1,0,0,0,0,0,0,2,1,-1,9,1,35,6,1998,1,9,BMW 2 SERIES,6,E01024314,0,2
2024010524042,2024,010524042,1,9,0,18,19,3,7,9,9,5,0,10,1,10,1,1,6,6,2,61,9,1499,8,7,BMW 2 SERIES,4,E01004536,0,1
2024010547037,2024,010547037,1,9,0,5,5,1,5,0,0,1,0,0,1,0,3,1,6,6,2,25,5,1499,1,0,BMW 2 SERIES,3,E01004033,0,2
2024401441019,2024,401441019,1,9,0,-1,19,5,1,-1,0,0,0,0,0,0,1,1,-1,1,1,38,7,1499,1,7,BMW 2 SERIES,9,E01017432,0,1
2024141520239,2024,141520239,1,9,0,-1,19,5,1,-1,0,0,1,10,0,0,1,1,-1,9,2,33,6,1499,1,3,BMW 2 SERIES,3,E01004460,0,5
2024010510195,2024,010510195,1,9,0,3,3,3,7,0,0,2,0,0,0,0,4,1,2,2,2,65,9,1998,1,6,BMW 2 SERIES,8,E01018224,0,4
2024010547489,2024,010547489,2,9,0,2,2,0,0,0,0,0,0,0,0,0,1,1,6,6,3,-1,-1,1499,8,5,BMW 2 SERIES,-1,-1,0,-1
2024201508804,2024,201508804,1,9,0,-1,19,1,5,-1,0,8,0,0,0,0,1,1,-1,6,2,32,6,1998,1,5,BMW 2 SERIES,7,E01010243,0,1
2024010507476,2024,010507476,2,9,0,99,99,9,9,99,99,9,9,99,9,99,9,9,6,6,2,-1,-1,1995,2,5,BMW 2 SERIES,-1,-1,0,-1
2024010510579,2024,010510579,2,9,0,18,19,3,7,0,0,2,0,0,0,0,0,1,1,1,1,36,7,1499,1,4,BMW 2 SERIES,6,E01000631,0,2
2024351504894,2024,351504894,2,9,0,-1,19,8,6,-1,0,0,0,0,0,0,1,1,-1,9,1,53,8,1499,1,1,BMW 2 SERIES,2,E01035538,0,3
2024471400532,2024,471400532,2,9,0,-1,8,1,4,-1,0,1,0,0,0,0,3,1,-1,6,2,61,9,1499,1,1,BMW 2 SERIES,7,E01021009,0,1
2024010540978,2024,010540978,1,9,0,99,99,9,9,99,99,9,9,99,9,99,1,9,6,6,2,43,7,1499,1,9,BMW 2 SERIES,8,E01003655,0,3
2024010506578,2024,010506578,4,9,0,2,2,0,0,0,0,1,0,0,0,0,2,1,6,6,3,-1,-1,1998,1,6,BMW 2 SERIES,-1,-1,0,-1
2024211495868,2024,211495868,1,9,0,-1,4,3,7,-1,0,0,0,0,0,0,1,1,-1,6,1,-1,-1,1499,1,7,BMW 2 SERIES,-1,-1,0,-1
2024131473031,2024,131473031,1,9,0,-1,19,1,5,-1,0,0,0,0,0,0,4,1,-1,2,2,54,8,1499,1,1,BMW 2 SERIES,2,E01011868,0,3
2024010529826,2024,010529826,1,9,0,99,99,9,9,99,99,9,9,99,9,99,1,9,2,2,1,58,9,1499,1,5,BMW 2 SERIES,7,E01003647,0,3
2024052402204,2024,052402204,2,9,0,3,3,7,3,0,0,8,0,0,0,0,2,1,6,6,2,65,9,1995,2,7,BMW 2 SERIES,8,E01006824,0,1
2024401460363,2024,401460363,1,9,0,-1,19,3,7,-1,0,0,1,0,1,0,1,1,-1,6,1,22,5,1998,1,1,BMW 2 SERIES,4,E01015784,0,2
2024070761574,2024,070761574,2,9,0,-1,19,1,5,-1,0,8,0,0,1,1,3,1,-1,9,1,83,11,1499,1,9,BMW 2 SERIES,9,E01018386,0,3
2024461506877,2024,461506877,2,9,0,-1,14,4,3,-1,0,0,0,0,0,0,1,9,-1,9,1,24,5,1998,1,6,BMW 2 SERIES,3,E01024539,0,1
2024010504758,2024,010504758,2,9,0,1,1,3,7,0,0,7,0,99,0,0,2,1,6,6,3,-1,-1,1499,1,2,BMW 2 SERIES,-1,-1,0,-1
2024421403648,2024,421403648,1,9,0,-1,5,5,3,-1,0,8,0,0,0,0,1,1,-1,9,1,51,8,1995,2,7,BMW 2 SERIES,5,E01016015,0,1
2024440090712,2024,440090712,1,9,0,4,4,6,2,0,0,0,0,0,0,0,2,1,2,2,1,56,9,1995,2,2,BMW 2 SERIES,5,E01029081,0,4
2024320102544,2024,320102544,2,9,0,-1,-1,6,2,0,0,8,0,0,0,0,1,1,-1,-1,2,71,10,1499,1,5,BMW 2 SERIES,5,E01026221,0,2
2024430556901,2024,430556901,1,9,0,18,19,0,0,0,0,7,0,0,0,0,1,1,6,6,2,48,8,1499,1,6,BMW 2 SERIES,6,E01001952,0,4
2024371419877,2024,371419877,2,9,0,-1,19,5,3,-1,0,1,0,0,0,0,3,1,-1,9,2,27,6,1995,2,6,BMW 2 SERIES,6,E01029880,0,1
2024010500717,2024,010500717,1,9,0,9,9,7,6,0,0,6,0,0,0,0,3,1,6,6,1,72,10,1995,2,7,BMW 2 SERIES,5,E01000747,0,1
2024041534713,2024,041534713,2,9,0,-1,5,1,5,-1,0,6,0,0,0,0,3,1,-1,2,2,28,6,1496,2,7,BMW 2 SERIES,7,E01025029,0,1
2024531442421,2024,531442421,1,9,0,-1,9,4,1,-1,0,2,0,0,0,0,3,1,-1,6,2,31,6,1499,1,6,BMW 2 SERIES,7,E01014882,0,4
2024101481261,2024,101481261,2,9,0,-1,3,8,4,-1,0,0,0,0,0,0,2,1,-1,9,1,34,6,1499,1,3,BMW 2 SERIES,8,E01031960,0,5