collision_index,collision_year,collision_ref_no,vehicle_reference,vehicle_type,towing_and_articulation,vehicle_manoeuvre_historic,vehicle_manoeuvre,vehicle_direction_from,vehicle_direction_to,vehicle_location_restricted_lane_historic,vehicle_location_restricted_lane,junction_location,skidding_and_overturning,hit_object_in_carriageway,vehicle_leaving_carriageway,hit_object_off_carriageway,first_point_of_impact,vehicle_left_hand_drive,journey_purpose_of_driver_historic,journey_purpose_of_driver,sex_of_driver,age_of_driver,age_band_of_driver,engine_capacity_cc,propulsion_code,age_of_vehicle,generic_make_model,driver_imd_decile,lsoa_of_driver,escooter_flag,driver_distance_banding
2024010514694,2024,010514694,1,9,0,5,5,1,5,0,0,0,0,0,0,0,1,1,6,6,2,23,5,1995,2,10,BMW 2 SERIES,2,E01004219,0,3
2024201502598,2024,201502598,2,9,0,-1,9,5,3,-1,0,5,0,0,0,0,3,1,-1,6,1,24,5,1995,2,10,BMW 2 SERIES,3,E01009834,0,3
2024411470721,2024,411470721,2,9,0,-1,3,4,8,-1,0,0,0,0,0,0,2,9,-1,2,1,53,8,1998,1,6,BMW 2 SERIES,10,E01030887,0,4
2024010545396,2024,010545396,2,9,0,18,19,6,2,0,0,0,0,0,0,0,1,9,6,6,1,28,6,1499,1,0,BMW 2 SERIES,-1,-1,0,-1
2024010521366,2024,010521366,1,9,0,6,6,5,5,0,0,1,0,0,0,0,1,1,6,6,2,53,8,1499,1,2,BMW 2 SERIES,5,E01002059,0,1
2024610047324,2024,610047324,1,9,0,3,3,1,5,0,0,0,0,0,0,0,2,1,6,6,2,53,8,1499,1,6,BMW 2 SERIES,5,W01002026,0,2
2024052400269,2024,052400269,2,9,0,18,19,5,1,0,0,3,0,0,0,0,4,1,2,2,1,45,7,1499,1,3,BMW 2 SERIES,3,E01006916,0,1
2024010551309,2024,010551309,1,9,0,14,14,6,2,0,0,8,0,0,0,0,1,1,6,6,1,38,7,1499,1,0,BMW 2 SERIES,7,E01004442,0,2
2024401484998,2024,401484998,1,9,0,-1,19,5,1,-1,0,0,0,0,0,0,1,1,-1,2,1,32,6,1995,2,7,BMW 2 SERIES,7,E01034422,0,4
2024010540537,2024,010540537,2,9,0,9,9,4,1,0,0,1,0,0,0,0,1,2,6,6,2,44,7,1499,1,3,BMW 2 SERIES,3,E01001421,0,1
2024052402632,2024,052402632,1,9,0,18,19,5,1,0,0,0,0,0,0,0,1,1,6,6,1,60,9,1499,1,5,BMW 2 SERIES,5,E01006864,0,1
2024010502572,2024,010502572,3,9,0,18,19,1,5,0,0,0,0,0,0,0,0,1,6,6,2,24,5,1499,1,1,BMW 2 SERIES,7,E01001026,0,2
2024201473430,2024,201473430,2,9,0,-1,19,6,2,-1,0,1,0,0,0,0,3,9,-1,6,1,51,8,1499,8,6,BMW 2 SERIES,7,E01010209,0,2
2024010500984,2024,010500984,2,9,0,99,99,9,9,99,99,0,9,99,9,99,1,9,6,6,3,-1,-1,1995,2,3,BMW 2 SERIES,6,E01032780,0,1
2024041511943,2024,041511943,1,9,0,-1,19,5,1,-1,0,0,0,0,4,0,4,1,-1,9,2,68,10,1499,8,7,BMW 2 SERIES,3,E01025234,0,4
2024010539520,2024,010539520,1,9,4,4,4,7,3,0,0,1,0,0,0,0,1,1,6,6,2,28,6,1499,1,4,BMW 2 SERIES,7,E01033928,0,2
2024211522938,2024,211522938,1,9,0,-1,19,5,3,-1,0,1,0,11,1,0,1,1,-1,9,1,73,10,1499,1,3,BMW 2 SERIES,6,E01014310,0,2
2024010488293,2024,010488293,1,9,0,4,4,3,7,0,0,0,0,0,0,0,4,1,6,6,2,35,6,1499,1,8,BMW 2 SERIES,3,E01002217,0,1
2024421448415,2024,421448415,3,9,0,-1,19,3,5,-1,0,1,0,0,0,0,1,1,-1,9,1,25,5,1995,2,8,BMW 2 SERIES,3,E01001449,0,1
2024010542551,2024,010542551,1,9,0,18,19,3,7,0,0,0,0,0,0,0,1,1,6,6,1,51,8,1499,1,1,BMW 2 SERIES,4,E01024162,0,3
2024371427534,2024,371427534,1,9,0,-1,19,1,5,-1,0,1,0,0,0,0,1,1,-1,9,1,24,5,1995,2,9,BMW 2 SERIES,9,E01029999,0,1
2024421456698,2024,421456698,2,9,0,-1,2,6,1,-1,0,0,0,0,0,0,2,1,-1,6,-1,-1,-1,1499,1,4,BMW 2 SERIES,-1,-1,0,-1
2024461421100,2024,461421100,1,9,0,-1,19,3,7,-1,0,0,0,0,0,0,3,9,-1,9,1,59,9,1998,1,6,BMW 2 SERIES,6,E01000824,0,4
2024010540196,2024,010540196,1,9,0,18,19,7,3,0,0,0,0,0,0,0,3,1,6,6,1,31,6,1499,1,0,BMW 2 SERIES,9,E01021926,0,4
2024052401209,2024,052401209,1,9,0,5,5,2,5,0,0,1,0,0,0,0,1,1,6,6,2,44,7,1496,2,9,BMW 2 SERIES,7,E01006792,0,1
2024010504699,2024,010504699,1,9,0,99,99,9,9,99,99,0,9,99,9,99,2,9,6,6,1,29,6,1499,1,3,BMW 2 SERIES,6,E01023305,0,3
2024461520783,2024,461520783,3,9,0,-1,4,4,8,-1,0,0,0,0,0,0,1,1,-1,9,1,42,7,1499,1,6,BMW 2 SERIES,9,E01000456,0,3
2024010532020,2024,010532020,1,9,0,5,5,7,3,0,0,1,0,0,0,0,1,1,6,6,3,-1,-1,1499,1,2,BMW 2 SERIES,-1,-1,0,-1
2024211517855,2024,211517855,1,9,0,-1,19,8,4,-1,0,0,0,0,0,0,1,1,-1,6,1,39,7,1499,1,0,BMW 2 SERIES,-1,-1,0,-1
2024061398959,2024,061398959,1,9,0,-1,19,3,7,-1,9,1,1,0,1,0,1,1,-1,2,1,46,8,1496,2,9,BMW 2 SERIES,8,E01035389,0,2
2024471422987,2024,471422987,2,9,0,-1,19,1,5,-1,0,1,0,0,0,0,1,1,-1,6,2,32,6,1995,2,8,BMW 2 SERIES,1,E01008932,0,5
2024991533799,2024,991533799,5,9,0,-1,19,7,3,-1,0,0,0,0,0,0,1,1,-1,6,2,42,7,1499,1,2,BMW 2 SERIES,3,-1,0,4
2024411424415,2024,411424415,1,9,-1,-1,19,-1,-1,-1,0,6,0,10,1,0,1,9,-1,6,2,49,8,1998,1,7,BMW 2 SERIES,10,E01023608,0,1
2024201512906,2024,201512906,2,9,0,-1,3,1,5,-1,0,8,0,0,0,0,2,1,-1,1,2,51,8,1499,1,3,BMW 2 SERIES,8,E01009697,0,1
2024010549689,2024,010549689,1,9,0,18,19,3,7,0,0,1,0,0,0,0,1,2,3,7,2,43,7,1998,1,5,BMW 2 SERIES,-1,-1,0,-1
2024111455231,2024,111455231,1,9,0,-1,10,8,4,-1,0,1,1,0,7,0,1,1,-1,6,1,42,7,1499,8,1,BMW 2 SERIES,10,E01034498,0,1
2024461525430,2024,461525430,1,9,0,-1,19,5,1,-1,0,0,0,0,0,0,2,1,-1,9,2,58,9,1499,1,5,BMW 2 SERIES,5,E01035298,0,1
2024522401561,2024,522401561,2,9,0,9,9,3,1,0,0,8,0,0,0,0,4,1,6,6,1,45,7,1998,1,5,BMW 2 SERIES,9,E01014862,0,2
2024070206636,2024,070206636,2,9,0,3,3,3,7,0,0,0,0,2,0,0,2,1,6,6,2,52,8,1499,8,1,BMW 2 SERIES,1,E01006871,0,2
2024010533268,2024,010533268,2,9,0,4,4,3,7,0,0,0,0,0,0,0,1,1,6,6,1,30,6,1499,1,4,BMW 2 SERIES,3,E01002612,0,2
2024122400783,2024,122400783,1,9,0,5,5,4,2,0,0,6,0,0,0,0,1,1,6,6,1,77,11,1499,1,5,BMW 2 SERIES,7,E01027661,0,1
202454D856324,2024,54D856324,1,9,0,7,7,1,3,0,0,5,0,0,0,0,1,1,6,6,2,50,8,1499,8,1,BMW 2 SERIES,-1,-1,0,-1
2024471491699,2024,471491699,1,9,0,-1,19,3,7,-1,0,0,1,0,1,4,3,1,-1,6,1,36,7,1499,1,0,BMW 2 SERIES,8,E01031677,0,3
2024211498855,2024,211498855,2,9,0,-1,19,4,7,-1,0,0,0,0,0,0,1,1,-1,6,2,37,7,1995,2,5,BMW 2 SERIES,-1,-1,0,-1
2024010511257,2024,010511257,2,9,0,9,9,5,3,0,0,2,0,0,0,0,4,1,6,6,3,-1,-1,1995,2,6,BMW 2 SERIES,-1,-1,0,-1
2024451502286,2024,451502286,1,9,0,-1,19,1,1,-1,2,4,0,0,0,0,4,1,-1,6,2,33,6,1499,1,6,BMW 2 SERIES,6,E01030738,0,2
2024522401825,2024,522401825,1,9,0,18,19,1,5,0,0,8,0,0,0,0,1,1,6,6,1,54,8,1995,2,9,BMW 2 SERIES,7,E01014712,0,1
2024131422176,2024,131422176,2,9,0,-1,19,7,3,-1,0,0,0,0,0,0,1,1,-1,9,1,47,8,1995,2,8,BMW 2 SERIES,5,E01010970,0,1
2024501516015,2024,501516015,1,9,0,-1,19,5,1,-1,0,0,0,2,0,0,1,1,-1,9,2,86,11,1499,1,8,BMW 2 SERIES,1,E01015256,0,1
2024440440087,2024,440440087,2,9,0,4,4,6,2,0,0,0,0,0,0,0,1,1,6,6,3,-1,-1,1499,1,6,BMW 2 SERIES,-1,-1,0,-1
2024010517423,2024,010517423,1,9,0,5,5,1,5,0,0,2,0,0,0,0,1,1,2,2,2,49,8,1499,1,8,BMW 2 SERIES,4,E01033942,0,3
2024010517637,2024,010517637,3,9,0,2,2,0,0,0,0,1,0,0,0,0,2,1,6,6,3,-1,-1,1995,2,5,BMW 2 SERIES,-1,-1,0,-1
2024471428439,2024,471428439,1,9,0,-1,19,3,7,-1,0,0,0,0,0,0,4,1,-1,9,2,38,7,1499,1,8,BMW 2 SERIES,6,E01031673,0,4
2024201511269,2024,201511269,2,9,0,-1,5,4,8,-1,0,6,0,0,0,0,1,1,-1,6,1,43,7,1499,1,4,BMW 2 SERIES,9,E01032860,0,5
2024052400911,2024,052400911,2,9,0,3,3,8,4,0,0,4,0,0,0,0,2,1,2,2,2,37,7,1995,2,7,BMW 2 SERIES,8,E01007095,0,1
2024461428760,2024,461428760,3,9,0,-1,2,0,0,-1,0,2,0,0,0,0,4,1,-1,9,2,38,7,1499,1,8,BMW 2 SERIES,5,E01024225,0,1
2024421429731,2024,421429731,3,9,0,-1,4,8,5,-1,0,0,0,0,0,0,2,1,-1,9,2,64,9,1998,1,5,BMW 2 SERIES,4,E01021374,0,2
2024351481690,2024,351481690,1,9,-1,-1,-1,-1,-1,-1,-1,0,-1,-1,-1,0,1,9,-1,6,1,37,7,1499,1,0,BMW 2 SERIES,2,E01015660,0,2
2024461441373,2024,461441373,1,9,0,-1,19,7,3,-1,0,0,0,0,0,0,1,1,-1,6,1,41,7,1499,1,3,BMW 2 SERIES,7,E01016131,0,3
2024141474285,2024,141474285,1,9,0,-1,19,5,1,-1,0,0,0,0,0,0,2,1,-1,9,1,53,8,1499,1,1,BMW 2 SERIES,8,E01007889,0,1
2024131512020,2024,131512020,1,9,0,-1,19,3,5,-1,0,1,0,0,0,0,1,1,-1,6,1,28,6,1499,1,3,BMW 2 SERIES,2,E01011781,0,2
2024201532336,2024,201532336,1,9,0,-1,19,2,6,-1,0,1,0,0,0,0,1,9,-1,2,2,54,8,1499,1,6,BMW 2 SERIES,8,E01035096,0,4
2024131469047,2024,131469047,2,9,0,-1,19,1,5,-1,0,0,0,0,0,0,3,1,-1,2,1,53,8,1995,2,4,BMW 2 SERIES,9,E01011177,0,1
2024552401278,2024,552401278,1,9,0,15,15,1,5,0,0,0,2,0,2,10,4,1,6,6,1,26,6,1995,2,8,BMW 2 SERIES,1,E01015338,0,2
2024010512101,2024,010512101,1,9,0,6,6,1,1,0,0,6,0,0,0,0,3,1,6,6,1,40,7,1499,1,5,BMW 2 SERIES,6,E01001619,0,1
2024141463382,2024,141463382,2,9,0,-1,19,5,7,-1,0,8,0,0,0,0,3,1,-1,2,2,52,8,1998,1,3,BMW 2 SERIES,6,E01008046,0,1
2024552401120,2024,552401120,1,9,0,9,9,7,5,0,0,8,0,0,0,0,4,1,6,6,1,30,6,1499,1,0,BMW 2 SERIES,2,E01009608,0,5
2024522401608,2024,522401608,2,9,0,5,5,2,6,0,0,0,0,0,0,0,1,1,6,6,1,-1,-1,1499,1,9,BMW 2 SERIES,-1,-1,0,-1
2024351490466,2024,351490466,2,9,0,-1,15,1,5,-1,0,1,0,0,0,0,1,1,-1,9,1,42,7,1998,1,5,BMW 2 SERIES,5,E01035532,0,3
2024070976470,2024,070976470,3,9,0,-1,3,1,5,-1,0,0,0,0,0,0,2,1,-1,2,2,58,9,1499,1,1,BMW 2 SERIES,10,E01018530,0,4
2024010522681,2024,010522681,1,9,0,99,99,9,9,99,99,9,9,99,9,99,2,9,2,2,1,35,6,1499,1,8,BMW 2 SERIES,5,E01002488,0,1
2024010502213,2024,010502213,1,9,0,5,5,5,1,0,0,4,0,0,0,0,1,1,1,1,2,47,8,1499,1,4,BMW 2 SERIES,2,E01001911,0,4
2024522401770,2024,522401770,3,9,0,18,19,4,8,0,0,8,0,0,0,0,1,1,6,6,1,54,8,1995,2,6,BMW 2 SERIES,10,E01014901,0,3
2024520403066,2024,520403066,1,9,0,18,19,3,7,0,0,8,0,0,0,0,1,1,6,6,1,57,9,1499,1,6,BMW 2 SERIES,3,E01015041,0,5
2024471471897,2024,471471897,2,9,0,-1,4,2,6,-1,0,0,0,0,0,0,2,1,-1,6,2,30,6,1499,1,6,BMW 2 SERIES,10,E01031425,0,3
2024451486148,2024,451486148,2,9,0,-1,4,5,1,-1,0,0,0,0,0,0,2,1,-1,9,2,48,8,1499,1,7,BMW 2 SERIES,10,E01030338,0,2
2024010537914,2024,010537914,1,9,9,99,99,9,9,99,99,5,9,99,9,0,9,9,6,6,3,-1,-1,1499,1,7,BMW 2 SERIES,-1,-1,0,-1
2024371476373,2024,371476373,2,9,0,-1,19,1,5,-1,0,1,0,0,0,0,2,1,-1,9,1,43,7,1496,2,4,BMW 2 SERIES,6,E01034547,0,5
2024111435918,2024,111435918,2,9,0,-1,1,3,7,-1,0,1,0,0,0,0,4,9,-1,7,2,37,7,1499,1,8,BMW 2 SERIES,9,E01020708,0,1
2024061434296,2024,061434296,2,9,0,-1,3,3,7,-1,0,1,0,0,0,0,2,1,-1,2,2,25,5,1499,1,4,BMW 2 SERIES,3,E01006388,0,3
2024070034701,2024,070034701,2,9,0,18,19,5,1,0,0,8,1,0,1,11,1,1,6,6,1,25,5,1499,1,7,BMW 2 SERIES,6,E01018399,0,3
2024451467026,2024,451467026,1,9,0,-1,9,3,1,-1,0,6,0,0,0,0,3,1,-1,9,2,54,8,1995,2,9,BMW 2 SERIES,10,E01030307,0,2
2024411418109,2024,411418109,1,9,0,-1,19,7,3,-1,0,1,0,0,7,4,3,1,-1,6,2,63,9,1995,2,4,BMW 2 SERIES,10,E01023700,0,1
2024010510261,2024,010510261,2,9,0,9,9,5,2,0,0,2,0,0,0,0,1,1,6,6,1,24,5,1499,1,4,BMW 2 SERIES,2,E01004722,0,4
2024371435913,2024,371435913,1,9,0,-1,19,7,3,-1,0,0,0,0,0,0,1,1,-1,1,1,27,6,1995,2,9,BMW 2 SERIES,8,E01034570,0,1
2024231519436,2024,231519436,1,9,0,-1,19,6,2,-1,0,0,0,0,7,1,1,1,-1,2,1,38,7,1499,1,6,BMW 2 SERIES,6,E01031234,0,1
2024061519699,2024,061519699,2,9,0,-1,-1,-1,-1,-1,-1,-1,-1,-1,-1,0,-1,1,-1,6,3,-1,-1,1995,2,8,BMW 2 SERIES,1,E01006031,0,3
2024010550552,2024,010550552,1,9,0,99,99,9,9,99,99,9,9,99,9,99,9,9,6,6,2,44,7,1499,1,5,BMW 2 SERIES,6,E01003741,0,1
2024031494261,2024,031494261,2,9,0,-1,19,5,1,-1,0,0,0,0,0,0,1,1,-1,6,1,52,8,1496,2,7,BMW 2 SERIES,6,E01021387,0,5
2024411445466,2024,411445466,1,9,0,-1,19,5,1,-1,0,4,0,0,0,0,1,1,-1,1,1,47,8,1995,2,6,BMW 2 SERIES,6,E01023871,0,1
2024411488988,2024,411488988,2,9,0,-1,4,7,3,-1,0,0,0,0,0,0,2,1,-1,6,1,24,5,1499,1,1,BMW 2 SERIES,5,E01023687,0,1
2024010535054,2024,010535054,2,9,0,99,99,9,9,99,99,9,9,99,9,99,9,9,6,6,3,43,7,1496,2,8,BMW 2 SERIES,4,E01003333,0,2
2024320574708,2024,320574708,1,9,0,-1,-1,2,6,0,0,8,0,0,0,0,1,1,-1,-1,1,30,6,1995,2,9,BMW 2 SERIES,1,E01026069,0,1
2024010508579,2024,010508579,1,9,0,1,1,5,1,0,0,2,0,0,0,0,2,1,6,6,1,33,6,1499,1,3,BMW 2 SERIES,-1,-1,0,-1
2024451478182,2024,451478182,1,9,0,-1,4,1,5,-1,0,0,0,0,0,0,2,1,-1,9,1,27,6,1499,1,7,BMW 2 SERIES,5,E01030531,0,1
2024201530392,2024,201530392,4,9,0,-1,19,1,5,-1,0,0,1,0,0,0,2,1,-1,9,1,66,10,1499,1,4,BMW 2 SERIES,1,E01009360,0,1
2024010518711,2024,010518711,3,9,0,18,19,8,4,0,0,1,0,0,0,0,2,1,6,6,2,44,7,1499,1,7,BMW 2 SERIES,7,E01000797,0,1
2024440059730,2024,440059730,1,9,0,7,7,1,3,0,0,6,0,0,0,0,1,1,2,2,1,77,11,1995,2,6,BMW 2 SERIES,9,E01022767,0,1
2024052402428,2024,052402428,2,9,0,18,19,5,1,0,0,8,0,0,0,0,1,1,6,6,1,44,7,1995,2,5,BMW 2 SERIES,3,E01006719,0,1
2024010497982,2024,010497982,1,9,0,18,19,8,4,0,0,0,9,99,0,0,1,1,6,6,1,24,5,1998,1,3,BMW 2 SERIES,-1,-1,0,-1
2024101403698,2024,101403698,2,9,0,-1,19,3,7,-1,0,5,0,0,7,0,2,1,-1,9,1,36,7,1499,1,6,BMW 2 SERIES,8,E01027499,0,3
2024311492064,2024,311492064,1,8,0,-1,19,4,8,-1,0,1,0,0,0,0,1,1,-1,6,1,41,7,1995,2,4,BMW 2 SERIES,1,E01013839,0,1
2024351418055,2024,351418055,1,9,0,-1,9,4,8,-1,0,1,0,0,0,0,1,1,-1,9,2,42,7,1995,2,7,BMW 2 SERIES,10,E01018014,0,3
2024351473736,2024,351473736,1,9,0,-1,9,5,2,-1,0,1,0,0,0,0,1,1,-1,2,2,49,8,1499,1,5,BMW 2 SERIES,7,E01035529,0,2
2024070726763,2024,070726763,1,9,0,-1,6,4,4,-1,0,6,0,0,0,0,3,1,-1,1,1,46,8,1995,2,6,BMW 2 SERIES,1,E01018520,0,2
2024031433223,2024,031433223,1,9,0,-1,19,1,5,-1,0,8,0,0,0,0,1,1,-1,1,1,45,7,1995,2,4,BMW 2 SERIES,-1,-1,0,-1
2024547651624,2024,547651624,1,9,0,5,5,3,7,0,0,4,0,0,0,0,1,1,6,6,1,63,9,1998,1,1,BMW 2 SERIES,7,E01034541,0,1
2024010551386,2024,010551386,2,9,0,6,6,1,1,0,0,0,0,0,0,0,3,1,1,1,1,46,8,1499,1,4,BMW 2 SERIES,4,E01001898,0,1
2024071001058,2024,071001058,4,9,0,-1,19,7,3,-1,0,0,0,11,0,0,1,1,-1,6,1,37,7,1995,2,10,BMW 2 SERIES,10,E01018562,0,3
2024471478118,2024,471478118,4,9,0,-1,2,0,0,-1,0,0,1,0,0,0,3,1,-1,6,-1,-1,-1,1499,1,9,BMW 2 SERIES,-1,-1,0,-1
2024131426507,2024,131426507,2,9,0,-1,19,7,3,-1,0,0,0,0,0,0,4,1,-1,9,1,47,8,1998,1,3,BMW 2 SERIES,10,E01018653,0,4
2024010499142,2024,010499142,3,9,0,18,19,5,1,0,0,8,0,0,0,0,3,1,6,6,1,43,7,1998,1,9,BMW 2 SERIES,9,E01000969,0,1
2024010519117,2024,010519117,1,9,0,7,7,1,2,0,0,1,0,0,0,0,1,1,1,1,1,26,6,1499,1,4,BMW 2 SERIES,6,E01033589,0,1
2024421505696,2024,421505696,3,9,0,-1,19,1,5,-1,0,0,0,0,0,0,2,1,-1,9,2,50,8,1998,1,7,BMW 2 SERIES,5,E01003704,0,2
2024131453545,2024,131453545,2,9,0,-1,19,5,1,-1,0,0,0,0,0,0,1,1,-1,6,1,38,7,1995,2,9,BMW 2 SERIES,5,E01011089,0,1
2024010541109,2024,010541109,1,9,0,99,99,9,9,99,99,5,9,99,9,99,9,9,6,6,3,-1,-1,1499,1,0,BMW 2 SERIES,1,E01015736,0,4
2024421535852,2024,421535852,2,9,0,-1,19,1,5,-1,0,0,0,0,0,0,1,1,-1,9,2,27,6,1499,1,7,BMW 2 SERIES,5,E01033140,0,1
2024010551357,2024,010551357,1,9,0,99,99,9,9,99,99,9,9,99,9,99,1,9,2,2,1,30,6,1499,8,6,BMW 2 SERIES,1,E01033456,0,1
2024211464314,2024,211464314,1,9,0,-1,5,1,5,-1,0,0,0,0,0,0,4,1,-1,6,1,30,6,1499,1,6,BMW 2 SERIES,-1,-1,0,-1
2024131526955,2024,131526955,2,9,0,-1,2,0,0,-1,0,0,0,4,0,0,3,1,-1,6,-1,-1,-1,1496,2,6,BMW 2 SERIES,-1,-1,0,-1
2024451414762,2024,451414762,1,9,0,-1,8,7,1,-1,0,6,0,0,0,0,1,1,-1,9,1,45,7,1998,1,5,BMW 2 SERIES,6,E01030629,0,1
2024531488354,2024,531488354,1,9,0,-1,19,6,2,-1,0,2,0,0,0,0,1,1,-1,6,2,61,9,1499,1,3,BMW 2 SERIES,5,E01022227,0,1
2024010503303,2024,010503303,2,9,0,18,19,5,1,2,2,8,1,0,1,2,1,1,6,6,1,36,7,1499,1,4,BMW 2 SERIES,10,E01000833,0,3
2024451502195,2024,451502195,1,9,0,-1,9,7,5,-1,0,5,0,0,0,0,3,1,-1,9,1,50,8,1499,8,6,BMW 2 SERIES,7,E01030452,0,1
2024440093798,2024,440093798,2,9,0,18,19,8,4,0,0,8,0,0,0,0,1,1,2,2,1,19,4,1499,1,5,BMW 2 SERIES,9,E01022774,0,1
2024010545327,2024,010545327,1,9,0,99,99,9,9,99,99,9,9,99,9,99,0,9,6,6,1,49,8,1998,1,5,BMW 2 SERIES,4,E01001197,0,1
2024161472280,2024,161472280,2,9,0,-1,19,3,7,-1,0,1,0,0,0,0,1,1,-1,9,2,66,10,1995,2,6,BMW 2 SERIES,10,E01013114,0,4
2024010517802,2024,010517802,1,9,0,5,5,1,5,0,0,0,0,0,0,0,3,1,6,6,1,29,6,1499,8,0,BMW 2 SERIES,4,E01000958,0,1
2024070315979,2024,070315979,1,9,0,18,19,1,5,0,0,4,0,0,0,0,1,1,6,6,1,60,9,1995,2,5,BMW 2 SERIES,9,E01012502,0,1
2024340WN6812,2024,340WN6812,1,9,0,-1,19,1,5,-1,0,2,2,2,1,4,1,1,-1,6,1,30,6,1499,1,0,BMW 2 SERIES,6,E01013519,0,4
2024451440470,2024,451440470,2,9,0,-1,5,5,1,-1,0,4,0,0,0,0,3,1,-1,6,2,19,4,1499,1,6,BMW 2 SERIES,10,E01030314,0,1
2024544894824,2024,544894824,3,9,0,18,19,7,3,0,0,1,0,0,0,0,2,1,2,2,2,35,6,1998,1,1,BMW 2 SERIES,8,E01035232,0,4
2024201521477,2024,201521477,2,9,0,-1,2,0,0,-1,0,0,0,0,0,0,4,1,-1,6,1,30,6,1496,2,8,BMW 2 SERIES,-1,-1,0,-1
2024430571417,2024,430571417,2,9,0,4,4,6,2,0,0,0,0,0,0,0,2,1,2,2,1,56,9,1995,2,3,BMW 2 SERIES,7,E01033860,0,3
2024302401113,2024,302401113,2,9,0,3,3,4,8,0,0,1,0,0,0,0,2,1,6,6,2,22,5,1499,1,9,BMW 2 SERIES,10,E01013461,0,1
2024221410120,2024,221410120,2,9,0,-1,2,0,0,-1,0,0,0,0,0,0,1,1,-1,6,1,41,7,1998,1,5,BMW 2 SERIES,3,E01032449,0,1
2024010499928,2024,010499928,2,9,0,18,19,5,1,0,0,0,0,0,0,0,1,1,6,6,2,55,8,1499,8,5,BMW 2 SERIES,9,E01002996,0,1
2024522402596,2024,522402596,1,9,0,12,12,5,1,0,0,7,0,0,0,0,3,1,6,6,1,21,5,1499,1,0,BMW 2 SERIES,1,E01010239,0,5
2024302400327,2024,302400327,1,9,0,9,9,5,3,0,0,8,0,0,0,0,3,1,6,6,2,28,6,1995,2,10,BMW 2 SERIES,2,E01013510,0,1
2024010504746,2024,010504746,2,9,0,99,99,9,9,99,99,9,9,99,9,99,9,9,6,6,3,-1,-1,1499,1,6,BMW 2 SERIES,-1,-1,0,-1
2024010498162,2024,010498162,1,9,0,7,7,3,5,0,0,8,0,0,0,0,3,1,6,6,1,34,6,1499,1,1,BMW 2 SERIES,-1,-1,0,-1
2024421477162,2024,421477162,2,9,0,-1,7,4,8,-1,0,3,0,0,0,0,4,9,-1,6,1,38,7,1998,1,1,BMW 2 SERIES,4,E01021915,0,3
2024010498588,2024,010498588,2,9,0,18,19,7,3,0,0,2,0,0,0,0,1,1,6,6,1,36,7,1499,8,7,BMW 2 SERIES,7,E01003270,0,1
2024061466165,2024,061466165,1,9,0,-1,3,2,6,-1,99,0,0,0,0,0,2,1,-1,7,2,34,6,1995,2,7,BMW 2 SERIES,2,E01004817,0,1
2024101424145,2024,101424145,1,9,0,-1,19,3,7,-1,0,0,0,0,0,0,1,1,-1,6,2,34,6,1995,2,8,BMW 2 SERIES,5,E01027453,0,2
2024522401154,2024,522401154,2,9,0,18,19,6,2,0,0,0,0,0,0,0,2,1,6,6,1,37,7,1995,2,9,BMW 2 SERIES,4,E01003532,0,5
2024231498689,2024,231498689,1,9,0,-1,19,8,4,-1,0,0,0,0,0,0,1,9,-1,6,1,35,6,1499,1,4,BMW 2 SERIES,6,E01033058,0,4
2024311461416,2024,311461416,2,9,0,-1,2,0,0,-1,0,8,0,0,0,0,3,9,-1,6,-1,-1,-1,1995,2,9,BMW 2 SERIES,-1,-1,0,-1
2024201512823,2024,201512823,3,9,0,-1,19,3,7,-1,0,0,1,0,0,0,1,1,-1,6,2,26,6,1499,1,1,BMW 2 SERIES,1,E01034928,0,1
2024302401720,2024,302401720,1,9,0,9,9,5,4,0,0,0,0,0,0,0,1,1,6,6,1,24,5,1995,2,5,BMW 2 SERIES,6,E01019815,0,1
2024010506652,2024,010506652,2,9,0,99,99,9,9,99,99,4,9,99,9,99,1,9,6,6,3,46,8,1998,1,8,BMW 2 SERIES,5,E01001656,0,1
2024010546757,2024,010546757,2,9,0,18,19,7,3,0,0,5,0,0,1,0,1,1,6,6,2,27,6,1499,1,9,BMW 2 SERIES,3,E01000080,0,1
2024421441948,2024,421441948,1,9,0,-1,9,6,3,-1,0,4,0,0,0,0,1,1,-1,6,2,29,6,1496,2,7,BMW 2 SERIES,5,E01021866,0,1
2024041511774,2024,041511774,1,9,0,-1,13,5,1,-1,9,1,2,11,1,1,1,1,-1,9,1,18,4,1995,2,8,BMW 2 SERIES,7,E01025576,0,2
2024010498581,2024,010498581,2,9,0,9,9,4,1,0,0,6,0,0,0,0,3,1,6,6,2,71,10,1499,1,4,BMW 2 SERIES,-1,-1,0,-1
2024041491687,2024,041491687,1,9,0,-1,19,5,1,-1,0,0,0,0,0,0,4,1,-1,1,2,39,7,1995,2,7,BMW 2 SERIES,7,E01012718,0,1
2024010523015,2024,010523015,2,9,0,18,19,7,3,0,0,8,0,0,0,0,1,1,6,6,1,33,6,1499,1,5,BMW 2 SERIES,-1,-1,0,-1
2024010500076,2024,010500076,2,9,0,9,9,5,3,0,0,1,0,0,0,0,2,1,6,6,1,48,8,1995,2,8,BMW 2 SERIES,6,E01001608,0,3
2024522500229,2024,522500229,2,9,0,5,5,1,5,0,0,4,0,0,0,0,1,1,6,6,1,36,7,1499,1,3,BMW 2 SERIES,5,E01014524,0,1