collision_index,collision_year,collision_ref_no,vehicle_reference,vehicle_type,towing_and_articulation,vehicle_manoeuvre_historic,vehicle_manoeuvre,vehicle_direction_from,vehicle_direction_to,vehicle_location_restricted_lane_historic,vehicle_location_restricted_lane,junction_location,skidding_and_overturning,hit_object_in_carriageway,vehicle_leaving_carriageway,hit_object_off_carriageway,first_point_of_impact,vehicle_left_hand_drive,journey_purpose_of_driver_historic,journey_purpose_of_driver,sex_of_driver,age_of_driver,age_band_of_driver,engine_capacity_cc,propulsion_code,age_of_vehicle,generic_make_model,driver_imd_decile,lsoa_of_driver,escooter_flag,driver_distance_banding
2024101498631,2024,101498631,1,9,0,-1,2,1,5,-1,0,0,0,0,0,0,3,1,-1,2,2,44,7,1499,1,9,BMW 2 SERIES,3,E01008375,0,1
2024302400413,2024,302400413,1,9,0,5,5,7,4,0,0,3,0,0,0,0,2,1,2,2,2,55,8,1499,1,3,BMW 2 SERIES,5,E01019873,0,1
2024010504755,2024,010504755,2,9,0,2,2,0,0,0,0,1,0,0,3,10,2,1,6,6,3,-1,-1,1998,1,5,BMW 2 SERIES,-1,-1,0,-1
2024201439673,2024,201439673,1,9,0,-1,19,6,2,-1,0,0,0,0,0,0,1,9,-1,9,2,55,8,1499,1,0,BMW 2 SERIES,3,E01009441,0,3
2024010528787,2024,010528787,1,9,0,10,10,3,8,0,0,1,0,0,0,0,2,1,1,1,2,28,6,1499,1,4,BMW 2 SERIES,2,E01004008,0,1
2024010519152,2024,010519152,1,9,0,5,5,7,3,0,0,1,0,0,0,0,1,1,6,6,1,38,7,1997,1,8,BMW 2 SERIES,2,E01004248,0,1
2024010521315,2024,010521315,2,9,0,99,99,9,9,99,99,9,9,99,9,99,9,9,6,6,1,26,6,1997,1,10,BMW 2 SERIES,8,E01003678,0,1
2024161421600,2024,161421600,1,9,0,-1,19,3,7,-1,0,0,0,0,1,4,1,1,-1,9,1,46,8,1995,2,5,BMW 2 SERIES,1,E01007655,0,4
2024010510179,2024,010510179,2,9,0,99,99,9,9,99,99,0,9,99,9,99,9,9,6,6,3,-1,-1,1499,1,8,BMW 2 SERIES,3,E01023972,0,4
2024461517364,2024,461517364,1,9,0,-1,19,7,3,-1,0,0,0,6,0,0,1,1,-1,9,1,20,4,1499,1,4,BMW 2 SERIES,7,E01030840,0,3
2024010523509,2024,010523509,1,9,0,6,6,1,1,0,0,0,0,0,0,0,4,1,6,6,2,38,7,1995,2,9,BMW 2 SERIES,-1,-1,0,-1
2024461531089,2024,461531089,1,9,0,-1,19,3,7,-1,0,0,1,0,1,0,1,1,-1,1,1,21,5,1499,1,7,BMW 2 SERIES,6,E01024117,0,4
2024010511386,2024,010511386,1,9,4,99,99,9,9,99,99,0,9,99,9,99,9,9,6,6,2,38,7,1499,1,9,BMW 2 SERIES,3,E01003132,0,1
2024041505736,2024,041505736,1,9,0,-1,19,3,7,-1,0,0,0,11,0,0,1,1,-1,9,2,28,6,1499,1,3,BMW 2 SERIES,3,E01025407,0,1
2024061482668,2024,061482668,2,9,0,-1,19,5,1,-1,0,0,0,0,0,0,1,1,-1,9,2,77,11,1499,8,0,BMW 2 SERIES,5,E01005711,0,1
2024010512235,2024,010512235,1,9,9,18,19,3,7,4,4,4,9,11,0,0,1,9,6,6,2,31,6,1998,1,6,BMW 2 SERIES,3,E01032582,0,1
2024070073650,2024,070073650,1,9,0,7,7,5,7,0,0,3,1,0,1,0,1,1,1,1,1,32,6,1499,1,4,BMW 2 SERIES,-1,-1,0,-1
2024070082150,2024,070082150,1,9,0,17,19,5,7,0,0,0,1,0,8,6,1,1,2,2,1,24,5,1995,2,8,BMW 2 SERIES,-1,-1,0,-1
2024010515607,2024,010515607,2,9,0,5,5,0,7,0,0,0,0,0,0,0,3,1,1,1,2,63,9,1995,2,3,BMW 2 SERIES,3,E01002235,0,1
2024991412917,2024,991412917,1,9,0,-1,12,7,3,-1,0,0,0,0,4,6,3,1,-1,9,1,27,6,1995,2,10,BMW 2 SERIES,3,E01006246,0,5
2024451486156,2024,451486156,1,9,0,-1,-1,-1,-1,-1,-1,0,-1,-1,-1,0,-1,9,-1,6,3,-1,-1,1998,1,5,BMW 2 SERIES,-1,-1,0,-1
2024010534003,2024,010534003,5,9,0,2,2,0,0,0,0,1,0,0,0,0,1,1,6,6,3,-1,-1,1995,2,9,BMW 2 SERIES,-1,-1,0,-1
2024131424097,2024,131424097,2,9,0,-1,2,0,0,-1,0,0,0,0,1,0,4,1,-1,6,-1,-1,-1,1499,1,5,BMW 2 SERIES,-1,-1,0,-1
2024211514496,2024,211514496,1,9,0,-1,3,0,0,-1,0,1,0,0,0,0,1,1,-1,6,2,46,8,1995,2,6,BMW 2 SERIES,7,E01029719,0,1
2024201399116,2024,201399116,1,9,0,-1,9,1,7,-1,0,5,0,0,0,0,4,1,-1,6,1,33,6,1995,2,8,BMW 2 SERIES,-1,-1,0,-1
2024010489883,2024,010489883,2,9,0,9,9,5,3,0,0,5,0,0,0,0,0,1,6,6,1,22,5,1499,1,5,BMW 2 SERIES,5,E01001677,0,1
2024211443800,2024,211443800,3,9,0,-1,19,8,3,-1,0,0,0,0,1,0,2,1,-1,6,1,35,6,1499,1,1,BMW 2 SERIES,-1,-1,0,-1
2024131430964,2024,131430964,3,9,0,-1,9,7,3,-1,0,6,0,0,0,0,1,1,-1,6,1,45,7,1995,2,6,BMW 2 SERIES,3,E01033901,0,1
2024010532046,2024,010532046,1,9,0,18,19,5,1,0,0,0,0,0,0,0,1,1,6,6,1,61,9,1995,2,5,BMW 2 SERIES,7,E01002343,0,1
2024010509285,2024,010509285,1,9,0,18,19,7,3,0,0,4,0,0,0,0,1,1,6,6,2,37,7,1995,2,7,BMW 2 SERIES,3,E01000381,0,1
2024010541801,2024,010541801,1,9,0,11,11,7,3,0,0,0,0,0,0,0,4,1,6,6,1,44,7,1995,2,8,BMW 2 SERIES,2,E01035677,0,1
2024552400697,2024,552400697,1,9,0,18,19,5,1,0,0,0,5,0,1,4,1,1,2,2,1,20,4,1499,1,6,BMW 2 SERIES,6,E01032037,0,3
2024010511271,2024,010511271,3,9,0,6,6,1,1,0,0,8,0,0,0,0,2,1,6,6,1,34,6,1499,1,8,BMW 2 SERIES,2,E01001196,0,2
2024211441560,2024,211441560,2,9,0,-1,19,2,6,-1,0,1,0,0,0,0,3,9,-1,1,2,22,5,1995,2,6,BMW 2 SERIES,5,E01029540,0,3
2024010504275,2024,010504275,2,9,0,99,99,9,9,99,99,6,9,99,9,99,1,9,6,6,3,31,6,1995,2,8,BMW 2 SERIES,7,E01004275,0,1
2024010531407,2024,010531407,2,9,9,99,99,9,9,99,99,9,9,99,9,99,9,9,6,6,3,-1,-1,1499,1,7,BMW 2 SERIES,-1,-1,0,-1
2024010537183,2024,010537183,1,9,0,99,99,9,9,99,99,5,9,99,9,99,9,9,6,6,2,67,10,1499,8,0,BMW 2 SERIES,10,E01030996,0,4
2024052401273,2024,052401273,3,9,0,18,19,4,8,0,0,0,0,0,0,0,1,1,6,6,1,45,7,1499,1,1,BMW 2 SERIES,2,E01007205,0,3
2024010515685,2024,010515685,1,9,0,17,19,5,1,0,0,0,0,0,0,0,1,1,6,6,1,36,7,1998,1,8,BMW 2 SERIES,4,E01003513,0,1
2024520403141,2024,520403141,1,9,0,18,19,1,5,0,0,0,0,0,0,0,1,1,6,6,2,70,10,1499,1,6,BMW 2 SERIES,6,E01029059,0,2
2024010546081,2024,010546081,2,9,0,99,99,9,9,99,99,9,9,99,9,99,9,9,6,6,3,-1,-1,1499,1,2,BMW 2 SERIES,-1,-1,0,-1
2024430226930,2024,430226930,1,9,0,9,9,2,7,0,0,6,0,0,0,0,3,1,2,2,2,41,7,1499,8,6,BMW 2 SERIES,10,E01017768,0,2
2024371455331,2024,371455331,2,9,0,-1,19,-1,-1,-1,0,1,0,0,0,0,1,1,-1,9,2,-1,-1,1496,2,8,BMW 2 SERIES,4,E01030208,0,2
2024041505002,2024,041505002,2,9,0,-1,4,1,1,-1,0,2,0,0,0,0,2,1,-1,2,1,49,8,1995,2,8,BMW 2 SERIES,2,E01025244,0,1
2024010544848,2024,010544848,3,9,0,99,99,9,9,99,99,9,9,99,9,99,2,9,2,2,1,49,8,1499,1,8,BMW 2 SERIES,5,E01000554,0,1
2024041444404,2024,041444404,1,9,0,-1,6,5,3,-1,0,0,0,0,0,0,3,1,-1,9,1,54,8,1499,1,6,BMW 2 SERIES,1,E01012702,0,1
2024201481418,2024,201481418,3,9,0,-1,2,0,0,-1,0,8,0,0,0,0,2,1,-1,9,1,21,5,1995,2,10,BMW 2 SERIES,10,E01029674,0,1
2024622400114,2024,622400114,1,9,0,18,19,4,8,0,0,0,0,0,0,0,1,1,6,6,1,24,5,1499,1,7,BMW 2 SERIES,10,W01001041,0,3
2024010530678,2024,010530678,1,9,9,99,99,9,9,99,99,9,5,99,9,99,9,9,6,6,3,-1,-1,1995,2,8,BMW 2 SERIES,-1,-1,0,-1
2024010530510,2024,010530510,2,9,9,99,99,9,9,99,99,9,9,99,9,99,9,9,6,6,3,-1,-1,1499,8,7,BMW 2 SERIES,-1,-1,0,-1
2024010529954,2024,010529954,1,9,0,18,19,4,8,0,0,0,0,0,0,0,1,1,6,6,1,27,6,1499,1,6,BMW 2 SERIES,3,E01004350,0,1
2024010515795,2024,010515795,1,9,0,14,14,7,3,0,0,1,0,0,0,0,1,1,1,1,1,25,5,1499,1,3,BMW 2 SERIES,-1,-1,0,-1
2024010509509,2024,010509509,1,9,0,4,4,5,1,0,0,1,0,0,0,0,0,1,2,2,1,38,7,1499,1,4,BMW 2 SERIES,5,E01001677,0,2
2024340WN3042,2024,340WN3042,1,9,0,-1,19,5,1,-1,0,2,0,0,0,0,1,1,-1,2,2,48,8,1995,2,9,BMW 2 SERIES,3,E01027173,0,1
2024010536702,2024,010536702,2,9,0,18,19,7,3,0,0,1,0,0,0,0,1,1,6,6,1,32,6,1499,1,3,BMW 2 SERIES,6,E01002882,0,1
2024451453657,2024,451453657,3,9,0,-1,19,1,5,-1,0,0,0,0,0,0,1,1,-1,2,2,38,7,1499,8,8,BMW 2 SERIES,6,E01004551,0,4
2024010523261,2024,010523261,1,9,0,6,6,7,7,0,0,8,0,0,1,0,3,1,6,6,3,-1,-1,1499,1,4,BMW 2 SERIES,-1,-1,0,-1
2024010540431,2024,010540431,2,9,0,99,99,9,9,99,99,9,9,99,9,99,1,9,6,6,3,-1,-1,1499,1,6,BMW 2 SERIES,-1,-1,0,-1
2024101407474,2024,101407474,1,9,0,-1,19,1,5,-1,0,4,0,0,0,0,1,1,-1,6,1,27,6,1499,1,7,BMW 2 SERIES,9,E01020692,0,4
2024010487280,2024,010487280,1,9,0,18,19,2,6,0,0,2,0,0,0,0,2,1,1,1,1,50,8,1499,1,4,BMW 2 SERIES,-1,-1,0,-1
2024010493731,2024,010493731,2,9,0,3,3,5,1,0,0,2,0,0,0,0,1,1,2,2,2,28,6,1995,2,6,BMW 2 SERIES,2,E01002879,0,1
2024010524434,2024,010524434,3,9,0,18,19,3,7,0,0,0,0,0,0,0,0,1,1,1,1,36,7,1499,8,6,BMW 2 SERIES,4,E01032639,0,4
2024231510691,2024,231510691,1,9,0,-1,7,6,8,-1,0,6,1,0,0,0,3,1,-1,6,1,23,5,1499,1,0,BMW 2 SERIES,7,E01031181,0,1
2024010497528,2024,010497528,1,9,0,9,9,7,4,0,0,6,0,0,0,0,4,1,2,2,1,42,7,1499,1,5,BMW 2 SERIES,3,E01000984,0,3
2024111528127,2024,111528127,2,9,0,-1,19,4,2,-1,0,3,0,0,0,0,1,1,-1,6,2,24,5,1499,1,8,BMW 2 SERIES,8,E01020828,0,4
2024101455319,2024,101455319,1,9,0,-1,19,5,1,-1,0,0,0,0,0,0,1,1,-1,6,1,26,6,1499,8,1,BMW 2 SERIES,-1,-1,0,-1
2024070717932,2024,070717932,1,9,0,-1,12,1,5,-1,0,0,2,0,5,6,3,1,-1,6,1,28,6,1499,1,9,BMW 2 SERIES,2,E01007205,0,4
2024610032224,2024,610032224,2,9,0,18,19,7,3,0,0,8,0,0,0,0,3,1,6,6,1,36,7,1499,1,3,BMW 2 SERIES,8,W01001027,0,4
2024010544141,2024,010544141,1,9,0,7,7,3,5,0,0,5,0,0,0,0,2,1,6,6,2,53,8,1499,1,4,BMW 2 SERIES,7,E01001585,0,1
2024061494495,2024,061494495,1,9,0,-1,-1,-1,-1,-1,-1,-1,-1,-1,-1,0,-1,1,-1,9,3,-1,-1,1499,1,3,BMW 2 SERIES,-1,-1,0,-1
2024461414934,2024,461414934,2,9,0,-1,19,3,7,-1,0,1,0,0,0,0,0,9,-1,6,2,29,6,1499,1,1,BMW 2 SERIES,4,E01024747,0,1
2024430595541,2024,430595541,1,9,0,18,19,5,1,0,0,0,0,0,0,0,3,1,6,6,1,65,9,1998,1,7,BMW 2 SERIES,10,E01016182,0,1
2024211496991,2024,211496991,2,9,0,-1,19,5,1,-1,0,0,0,0,0,0,4,1,-1,6,1,25,5,1499,1,2,BMW 2 SERIES,4,E01029588,0,1
2024010499785,2024,010499785,2,9,0,18,19,1,5,0,0,4,0,0,0,0,0,2,6,6,3,43,7,1998,1,5,BMW 2 SERIES,2,E01003346,0,3
2024411414563,2024,411414563,2,9,-1,-1,-1,-1,-1,-1,-1,-1,-1,-1,-1,0,-1,9,-1,6,2,36,7,1499,1,9,BMW 2 SERIES,7,E01023777,0,3
2024311430146,2024,311430146,2,9,0,-1,4,7,3,-1,0,4,0,0,0,0,2,1,-1,6,1,66,10,1499,1,0,BMW 2 SERIES,4,E01028122,0,1
2024010516739,2024,010516739,1,9,0,18,19,3,7,0,0,2,0,0,0,0,2,1,1,1,2,45,7,1499,1,6,BMW 2 SERIES,2,E01004008,0,1
2024471467374,2024,471467374,2,9,0,-1,9,3,1,-1,0,1,0,0,0,0,1,1,-1,9,1,19,4,1499,1,5,BMW 2 SERIES,10,E01031680,0,4
2024041404043,2024,041404043,2,9,0,-1,19,3,7,-1,0,0,0,0,0,0,2,1,-1,9,1,65,9,1995,2,7,BMW 2 SERIES,7,E01025052,0,3
2024501531328,2024,501531328,1,9,0,-1,9,1,7,-1,0,1,0,0,0,0,3,1,-1,9,2,35,6,1499,1,0,BMW 2 SERIES,5,E01015237,0,1
2024351458316,2024,351458316,1,9,0,-1,4,8,4,-1,0,0,0,0,0,0,1,1,-1,1,1,73,10,1499,8,1,BMW 2 SERIES,1,E01007652,0,5
2024070801426,2024,070801426,2,9,0,-1,19,3,7,-1,0,2,0,0,0,0,1,1,-1,9,2,51,8,1995,2,7,BMW 2 SERIES,10,E01018666,0,1
2024010517249,2024,010517249,2,9,9,99,99,9,9,99,99,0,9,99,9,99,9,9,6,6,3,-1,-1,1995,2,9,BMW 2 SERIES,-1,-1,0,-1
2024052400731,2024,052400731,1,9,0,6,6,3,3,0,0,1,0,0,0,0,1,1,6,6,1,45,7,1499,1,1,BMW 2 SERIES,3,E01006916,0,1
2024131476577,2024,131476577,2,9,0,-1,2,0,0,-1,0,0,0,0,0,0,2,1,-1,6,-1,-1,-1,1496,2,6,BMW 2 SERIES,-1,-1,0,-1
2024471430953,2024,471430953,2,9,0,-1,7,3,5,-1,0,0,0,0,0,0,2,1,-1,9,1,63,9,1495,1,17,-1,6,E01031345,0,4
2024221498685,2024,221498685,1,9,0,-1,9,7,5,-1,0,6,0,4,0,0,1,1,-1,9,2,79,11,1495,1,16,-1,7,E01014028,0,1
2024070547835,2024,070547835,1,90,0,13,13,8,4,0,0,0,0,0,0,0,4,1,6,6,3,-1,-1,11950,2,9,-1,-1,-1,0,-1
2024211453200,2024,211453200,1,5,0,-1,19,2,6,-1,0,0,1,10,1,1,1,1,-1,6,1,56,9,1350,1,0,-1,-1,-1,0,-1
2024461508549,2024,461508549,1,5,0,-1,19,3,7,-1,0,0,1,0,0,0,4,1,-1,9,1,29,6,1350,1,0,-1,7,E01024417,0,2
2024010535810,2024,010535810,2,4,0,18,19,2,6,0,0,6,0,0,0,0,1,1,6,6,1,56,9,200,1,10,-1,7,E01004077,0,3
2024531520616,2024,531520616,1,4,0,-1,9,1,7,-1,0,1,2,0,0,0,3,1,-1,2,1,23,5,200,1,8,-1,8,E01034809,0,2
2024401401675,2024,401401675,1,5,0,-1,9,2,1,-1,0,8,1,0,0,0,0,1,-1,9,1,45,7,799,1,4,KTM 790 DUKE,8,E01034433,0,1
2024361506409,2024,361506409,2,5,0,-1,7,3,7,-1,0,4,0,0,0,0,4,1,-1,9,1,36,7,799,1,4,KTM 790 DUKE,8,E01026551,0,4
2024302401763,2024,302401763,1,4,0,18,19,2,6,0,0,0,1,0,0,0,4,1,6,6,1,30,6,799,1,0,KTM 790 DUKE,2,E01013911,0,4
2024320637876,2024,320637876,1,5,0,-1,-1,2,6,0,0,0,5,0,7,0,4,1,6,6,1,53,8,799,1,4,KTM 790 DUKE,-1,-1,0,-1
2024461481115,2024,461481115,2,5,0,-1,5,8,4,-1,0,0,5,0,0,0,1,1,-1,9,1,41,7,799,1,5,KTM 790 DUKE,6,E01024716,0,1
2024451436681,2024,451436681,2,5,0,-1,19,1,5,-1,0,1,5,0,0,0,1,1,-1,9,1,33,6,799,1,4,KTM 790 DUKE,10,E01030620,0,1
2024552401520,2024,552401520,2,5,0,18,19,8,4,0,0,8,0,0,0,0,1,1,6,6,1,25,5,799,1,4,KTM 790 DUKE,4,E01015443,0,2
2024010527110,2024,010527110,2,5,0,18,19,7,3,0,0,8,0,0,0,0,1,1,6,6,1,38,7,799,1,5,KTM 790 DUKE,9,E01032576,0,1
2024231425218,2024,231425218,2,5,0,-1,19,7,4,-1,0,8,0,0,0,0,1,1,-1,6,1,57,9,799,1,4,KTM 790 DUKE,8,E01031161,0,1
2024461455157,2024,461455157,2,2,0,-1,19,3,7,-1,0,0,0,0,0,0,3,1,-1,1,1,63,9,799,1,5,KTM 790 DUKE,7,E01024573,0,1
2024201474158,2024,201474158,2,5,0,-1,19,2,2,-1,0,4,0,0,7,0,1,1,-1,2,1,28,6,799,1,4,KTM 790 DUKE,9,E01032246,0,4
2024361411914,2024,361411914,2,5,0,-1,19,7,3,-1,0,1,1,0,0,0,3,1,-1,6,1,28,6,799,1,4,KTM 790 DUKE,8,E01026671,0,1
2024501520359,2024,501520359,1,5,0,-1,19,4,8,-1,0,0,1,0,0,0,3,1,-1,2,1,46,8,799,1,6,KTM 790 DUKE,5,E01034853,0,1
2024010544118,2024,010544118,1,5,0,99,99,9,9,99,99,9,9,99,9,99,2,1,6,6,1,28,6,799,1,5,KTM 790 DUKE,6,E01029571,0,5
2024010509031,2024,010509031,3,8,0,17,19,6,2,0,0,1,0,0,0,0,1,2,1,1,1,57,9,1477,8,5,LEVC TX,4,E01002103,0,1
2024010535369,2024,010535369,1,8,0,99,99,9,9,99,99,9,9,99,9,99,9,9,6,6,3,63,9,1477,8,2,LEVC TX,7,E01015979,0,4
2024010524718,2024,010524718,2,8,0,11,11,7,3,0,0,1,0,0,0,0,4,1,1,1,1,59,9,1477,8,5,LEVC TX,-1,-1,0,-1
2024010512577,2024,010512577,2,8,0,99,99,9,9,99,99,0,9,99,9,99,9,9,6,6,3,-1,-1,1477,8,1,LEVC TX,-1,-1,0,-1
2024010519693,2024,010519693,1,8,0,1,1,4,8,0,0,1,0,0,0,0,2,1,1,1,1,55,8,1477,8,4,LEVC TX,2,E01004312,0,2
2024010524920,2024,010524920,2,8,0,2,2,0,0,6,6,2,0,0,0,0,2,1,6,6,3,-1,-1,1477,8,3,LEVC TX,-1,-1,0,-1
2024010539890,2024,010539890,1,8,0,18,19,3,7,0,0,8,0,0,0,0,1,1,1,1,1,59,9,1477,8,2,LEVC TX,4,E01001903,0,1
2024010545072,2024,010545072,1,9,9,99,99,9,9,99,99,9,9,99,9,99,9,9,6,6,3,38,7,-1,-1,-1,LEVC TX,2,E01004272,0,1
2024010532371,2024,010532371,1,8,9,99,99,9,9,99,99,9,9,99,9,99,9,9,6,6,1,51,8,1477,8,5,LEVC TX,10,E01021958,0,4
2024010545832,2024,010545832,2,8,0,99,99,9,9,99,99,9,9,99,9,99,9,9,6,6,3,-1,-1,1477,8,1,LEVC TX,5,E01001863,0,2
2024010519778,2024,010519778,1,8,0,6,6,5,5,8,6,0,0,0,0,0,3,1,1,1,1,62,9,1477,8,0,LEVC TX,4,E01003441,0,2
2024991480283,2024,991480283,1,8,0,-1,6,5,5,-1,0,0,0,0,0,0,1,1,-1,1,1,63,9,1477,8,0,LEVC TX,10,-1,0,1
2024010533034,2024,010533034,1,8,0,5,5,0,1,0,0,5,0,0,0,0,4,1,6,6,1,43,7,1477,8,1,LEVC TX,-1,-1,0,-1
2024010537834,2024,010537834,1,8,0,18,19,7,3,2,2,2,0,0,0,0,1,1,1,1,1,34,6,1477,8,4,LEVC TX,2,E01001513,0,3
2024010498356,2024,010498356,1,8,0,5,5,3,7,0,0,8,0,0,0,0,1,1,1,1,1,63,9,1477,8,1,LEVC TX,10,E01030377,0,3
2024401450341,2024,401450341,1,9,0,-1,6,7,3,-1,0,0,0,0,0,0,4,1,-1,7,1,57,9,-1,-1,-1,LEVC TX,3,E01015701,0,1
2024010519815,2024,010519815,1,8,0,9,9,3,1,0,0,6,0,0,0,0,1,1,1,1,1,61,9,1477,8,5,LEVC TX,-1,-1,0,-1
2024010527412,2024,010527412,1,8,0,3,3,6,2,0,0,0,0,0,0,0,4,1,1,1,1,44,7,1477,8,3,LEVC TX,3,E01004323,0,2
2024421529562,2024,421529562,1,8,0,-1,19,5,3,-1,0,1,0,0,0,0,1,1,-1,1,2,65,9,1477,8,5,LEVC TX,6,E01015818,0,2
2024010510697,2024,010510697,2,8,0,99,99,9,9,99,99,9,9,99,9,99,9,9,6,6,3,-1,-1,1477,8,1,LEVC TX,-1,-1,0,-1
2024010534746,2024,010534746,1,8,0,99,99,9,9,99,99,9,9,99,9,99,1,9,6,6,1,50,8,1477,8,3,LEVC TX,3,E01000226,0,3
2024010512318,2024,010512318,2,8,0,8,8,3,6,0,0,0,0,0,0,0,1,1,1,1,1,60,9,1477,8,5,LEVC TX,10,E01024326,0,4
2024010533185,2024,010533185,1,8,0,99,99,9,9,99,99,9,9,99,9,99,9,9,6,6,1,69,10,1477,8,3,LEVC TX,5,E01000728,0,4
2024010525653,2024,010525653,1,8,0,5,5,5,1,0,0,8,0,0,0,0,1,1,1,1,1,62,9,1477,8,2,LEVC TX,-1,-1,0,-1
2024010499589,2024,010499589,1,8,0,9,9,1,7,0,0,2,0,0,0,0,1,1,6,6,1,65,9,1477,8,5,LEVC TX,6,E01003705,0,4
2024481561418,2024,481561418,1,8,0,-1,19,3,1,-1,0,2,0,0,0,0,1,1,-1,1,1,61,9,1477,8,5,LEVC TX,-1,-1,0,-1
2024161447298,2024,161447298,1,8,0,-1,2,0,0,-1,0,0,0,0,0,0,2,1,-1,1,1,46,8,1477,8,1,LEVC TX,3,E01013143,0,1
2024991521123,2024,991521123,1,8,0,-1,19,7,3,-1,0,8,0,0,0,0,1,1,-1,1,1,59,9,1477,8,1,LEVC TX,9,-1,0,2
2024010541794,2024,010541794,1,8,0,10,10,2,7,0,0,8,0,0,0,0,1,1,1,1,1,41,7,1477,8,5,LEVC TX,2,E01001765,0,2
2024010518093,2024,010518093,1,8,0,7,7,3,6,0,0,8,0,0,0,0,1,1,1,1,1,60,9,1477,8,2,LEVC TX,3,E01015924,0,4
2024010514767,2024,010514767,3,8,0,18,19,3,7,0,0,2,0,0,0,0,1,1,1,1,1,54,8,1477,8,6,LEVC TX,5,E01002363,0,3
2024010551442,2024,010551442,1,8,0,18,19,1,5,0,0,2,0,0,0,0,4,1,2,2,1,45,7,1477,8,5,LEVC TX,-1,-1,0,-1
2024010524183,2024,010524183,2,8,0,9,9,7,6,0,0,1,0,0,0,0,3,1,6,6,1,50,8,1477,8,5,LEVC TX,9,E01000168,0,3
2024010543495,2024,010543495,1,8,0,18,19,3,7,0,0,1,0,0,0,0,4,1,1,1,1,57,9,1477,8,6,LEVC TX,-1,-1,0,-1
2024010520490,2024,010520490,2,8,0,99,99,9,9,99,99,9,9,99,9,99,9,9,6,6,1,64,9,1477,8,1,LEVC TX,5,E01023575,0,4
2024010538812,2024,010538812,2,8,0,18,19,7,3,0,0,0,0,0,0,0,4,1,6,6,1,45,7,1477,8,1,LEVC TX,9,E01021943,0,4
2024430188459,2024,430188459,1,8,0,18,19,4,8,0,0,0,0,10,1,11,1,1,3,7,1,76,11,1477,8,0,LEVC TX,10,E01016350,0,2
2024461436756,2024,461436756,2,8,0,-1,19,8,4,-1,0,0,0,0,0,0,2,1,-1,6,1,50,8,1477,8,3,LEVC TX,3,E01016129,0,3
2024010524689,2024,010524689,2,8,0,18,19,7,3,0,0,5,0,0,0,0,3,1,1,1,1,50,8,1477,8,2,LEVC TX,2,E01001786,0,1
2024010531908,2024,010531908,2,9,9,99,99,9,9,99,99,9,9,99,9,99,9,9,6,6,3,-1,-1,-1,-1,-1,LEVC TX,-1,-1,0,-1
2024010544343,2024,010544343,1,8,0,99,99,9,9,99,99,5,9,99,9,99,1,9,6,6,1,59,9,1477,8,6,LEVC TX,-1,-1,0,-1
2024010528390,2024,010528390,2,8,0,99,99,9,9,99,99,9,9,99,9,99,1,9,6,6,1,58,9,1477,8,2,LEVC TX,10,E01030408,0,3
2024010538763,2024,010538763,1,8,0,18,19,1,5,0,0,0,0,0,0,0,1,1,6,6,1,61,9,1477,8,6,LEVC TX,2,E01002720,0,2
2024010518313,2024,010518313,1,8,0,6,6,1,1,0,0,0,0,0,0,0,4,1,1,1,1,56,9,1477,8,4,LEVC TX,4,E01002491,0,3
2024010548704,2024,010548704,1,8,0,9,9,5,2,0,0,5,0,0,0,0,1,1,6,6,1,48,8,1477,8,4,LEVC TX,3,E01004041,0,2
2024010533538,2024,010533538,1,8,0,5,5,7,3,0,0,2,0,0,0,0,1,1,1,1,1,47,8,1477,8,5,LEVC TX,-1,-1,0,-1
2024010537629,2024,010537629,2,8,0,18,19,1,5,0,0,1,1,0,0,0,4,1,1,1,1,49,8,1477,8,0,LEVC TX,2,E01001460,0,2
2024991506119,2024,991506119,1,8,0,-1,5,7,3,-1,0,2,0,0,0,0,4,1,-1,9,1,55,8,1477,8,3,LEVC TX,1,-1,0,1
2024010538930,2024,010538930,1,8,0,9,9,8,6,0,0,6,0,0,0,0,1,1,1,1,1,56,9,1477,8,4,LEVC TX,2,E01002748,0,2
2024010542029,2024,010542029,1,8,0,5,5,5,1,0,0,8,0,0,0,0,1,1,1,1,1,55,8,1477,8,6,LEVC TX,7,E01015964,0,4
2024010518539,2024,010518539,2,8,3,18,19,7,3,0,0,0,0,0,0,0,3,1,1,1,1,43,7,1477,8,3,LEVC TX,-1,-1,0,-1
2024010530490,2024,010530490,1,8,0,99,99,9,9,99,99,9,9,99,9,99,9,9,1,1,1,60,9,1477,8,5,LEVC TX,10,E01000666,0,4
2024411419418,2024,411419418,1,8,0,-1,9,6,4,-1,0,1,0,0,0,0,1,1,-1,1,1,42,7,1477,8,3,LEVC TX,2,E01000526,0,3
2024991487175,2024,991487175,1,8,0,-1,7,5,1,-1,0,5,0,0,0,0,4,1,-1,1,1,63,9,1477,8,0,LEVC TX,10,-1,0,1
2024010545617,2024,010545617,1,8,0,5,5,0,3,0,0,0,0,0,0,0,4,1,1,1,1,61,9,1477,8,0,LEVC TX,9,E01024159,0,4
2024010505582,2024,010505582,5,8,0,18,19,5,1,0,0,8,0,0,0,0,4,1,1,1,1,59,9,1477,8,2,LEVC TX,-1,-1,0,-1
2024010500279,2024,010500279,2,8,0,18,19,6,2,0,0,1,0,0,0,0,0,1,6,6,1,-1,-1,1477,8,3,LEVC TX,-1,-1,0,-1