collision_index,collision_year,collision_ref_no,vehicle_reference,vehicle_type,towing_and_articulation,vehicle_manoeuvre_historic,vehicle_manoeuvre,vehicle_direction_from,vehicle_direction_to,vehicle_location_restricted_lane_historic,vehicle_location_restricted_lane,junction_location,skidding_and_overturning,hit_object_in_carriageway,vehicle_leaving_carriageway,hit_object_off_carriageway,first_point_of_impact,vehicle_left_hand_drive,journey_purpose_of_driver_historic,journey_purpose_of_driver,sex_of_driver,age_of_driver,age_band_of_driver,engine_capacity_cc,propulsion_code,age_of_vehicle,generic_make_model,driver_imd_decile,lsoa_of_driver,escooter_flag,driver_distance_banding
2024141517407,2024,141517407,1,9,0,-1,19,7,3,-1,0,0,1,0,4,4,1,1,-1,6,1,34,6,2987,2,14,MERCEDES ML CLASS,8,E01034242,0,3
2024471474449,2024,471474449,2,9,0,-1,19,3,7,-1,0,2,0,0,0,0,3,1,-1,9,2,52,8,2987,2,18,MERCEDES ML CLASS,9,E01021129,0,3
2024010542084,2024,010542084,2,9,0,99,99,9,9,99,99,9,9,99,9,99,1,9,6,6,3,-1,-1,2987,2,11,MERCEDES ML CLASS,3,E01001491,0,1
2024010547948,2024,010547948,2,9,0,99,99,9,9,99,99,9,9,99,9,99,1,9,6,6,3,-1,-1,4966,1,22,MERCEDES ML CLASS,-1,-1,0,-1
2024461466140,2024,461466140,1,9,0,-1,5,7,3,-1,0,0,0,0,0,0,1,1,-1,2,1,46,8,2143,2,11,MERCEDES ML CLASS,4,E01024279,0,1
2024471452266,2024,471452266,3,9,0,-1,19,5,1,-1,0,0,0,0,0,0,1,1,-1,9,1,59,9,2688,2,22,MERCEDES ML CLASS,9,E01031458,0,2
2024332400326,2024,332400326,2,9,0,-1,19,2,5,-1,0,1,0,0,0,0,1,1,-1,9,1,59,9,2987,2,13,MERCEDES ML CLASS,5,E01019861,0,2
2024141505095,2024,141505095,1,3,0,-1,19,6,2,-1,0,3,0,0,0,0,3,1,-1,2,1,57,9,125,1,3,-1,1,E01007574,0,2
2024302400588,2024,302400588,2,3,0,18,19,6,2,0,0,8,0,0,0,0,4,1,2,2,2,33,6,125,1,2,-1,6,E01013507,0,1
2024552401206,2024,552401206,1,4,0,18,19,6,2,0,0,0,1,0,0,0,0,1,6,6,1,18,4,125,1,0,-1,3,E01015426,0,1
2024361429947,2024,361429947,1,3,0,-1,9,4,8,-1,0,8,0,0,0,0,1,1,-1,6,2,20,4,125,1,1,-1,1,E01026641,0,2
2024501407226,2024,501407226,2,3,0,-1,9,8,6,-1,0,1,0,0,0,0,1,1,-1,6,1,29,6,125,1,1,-1,4,E01020032,0,1
2024131507665,2024,131507665,2,4,0,-1,9,1,5,-1,0,8,0,0,0,0,2,1,-1,9,1,17,4,125,1,2,-1,1,E01011467,0,1
2024471471383,2024,471471383,1,9,0,-1,9,8,4,-1,0,0,5,0,7,0,4,1,-1,6,1,59,9,1600,1,49,-1,7,E01021038,0,4
2024991492125,2024,991492125,1,9,0,-1,19,3,7,-1,0,0,0,0,0,0,1,1,-1,2,1,25,5,999,1,4,AUDI Q2,8,-1,0,4
2024302401112,2024,302401112,2,9,0,18,19,4,8,0,0,1,0,0,0,0,1,1,2,2,2,82,11,1984,1,5,AUDI Q2,8,E01034254,0,3
2024231525879,2024,231525879,2,9,0,-1,3,8,4,-1,0,1,0,0,0,0,1,1,-1,9,1,69,10,1395,1,6,AUDI Q2,7,E01033255,0,1
2024141486713,2024,141486713,1,9,0,-1,19,7,3,-1,0,0,0,0,1,4,1,1,-1,1,2,26,6,1598,2,7,AUDI Q2,4,E01026125,0,4
2024320616451,2024,320616451,2,9,0,-1,-1,8,4,0,0,1,0,0,0,0,2,1,-1,-1,2,45,7,1498,1,2,AUDI Q2,6,E01026266,0,2
2024991428717,2024,991428717,1,9,0,-1,19,3,7,-1,0,0,0,0,2,0,1,1,-1,9,1,75,10,1498,1,2,AUDI Q2,8,-1,0,1
2024320259764,2024,320259764,2,9,0,4,4,2,6,0,0,0,0,0,0,0,2,1,-1,-1,2,31,6,1395,1,6,AUDI Q2,3,E01010290,0,4
2024111412954,2024,111412954,2,9,0,-1,19,6,2,-1,0,0,0,0,0,0,4,1,-1,6,2,28,6,1498,1,3,AUDI Q2,2,E01020618,0,1
2024430581630,2024,430581630,1,9,0,3,3,2,6,0,0,1,0,0,0,0,2,1,2,2,1,27,6,999,1,1,AUDI Q2,-1,-1,0,-1
2024010508895,2024,010508895,1,9,9,99,99,9,9,99,99,9,9,99,9,99,9,1,6,6,2,28,6,1498,1,1,AUDI Q2,5,E01002743,0,1
2024361495660,2024,361495660,1,9,0,-1,5,3,7,-1,0,8,0,0,0,0,4,1,-1,9,2,78,11,1498,1,3,AUDI Q2,6,E01026457,0,4
2024991416334,2024,991416334,2,9,0,-1,19,8,4,-1,0,0,0,4,0,0,2,1,-1,9,1,20,4,999,1,0,AUDI Q2,2,-1,0,1
2024131463597,2024,131463597,2,9,0,-1,7,1,6,-1,0,4,0,0,0,0,1,1,-1,1,2,26,6,1598,2,5,AUDI Q2,1,E01010925,0,1
2024061499572,2024,061499572,1,9,0,-1,19,7,3,-1,0,0,0,0,0,0,1,1,-1,2,2,54,8,1498,1,1,AUDI Q2,3,E01005363,0,2
2024052402149,2024,052402149,2,9,0,4,4,2,5,0,0,1,0,0,0,0,2,1,6,6,1,73,10,999,1,2,AUDI Q2,6,E01007299,0,1
2024141423857,2024,141423857,2,9,0,-1,9,6,3,-1,0,1,0,0,0,0,1,1,-1,6,3,-1,-1,1598,2,5,AUDI Q2,-1,-1,0,-1
2024010544240,2024,010544240,1,9,0,99,99,9,9,99,99,9,9,99,9,99,2,9,2,2,2,23,5,1498,1,2,AUDI Q2,2,E01000744,0,1
2024010534283,2024,010534283,1,9,0,4,4,1,5,0,0,0,0,0,0,0,4,1,6,6,1,23,5,1968,2,2,AUDI Q2,3,E01004283,0,2
2024332400672,2024,332400672,1,9,0,-1,19,4,8,-1,0,1,1,7,7,2,1,1,-1,9,1,74,10,1395,1,7,AUDI Q2,9,E01025974,0,1
2024010519803,2024,010519803,1,9,9,99,99,9,9,99,99,9,9,99,9,99,9,9,6,6,3,-1,-1,1498,1,2,AUDI Q2,-1,-1,0,-1
2024010487482,2024,010487482,1,9,0,16,19,5,1,9,9,0,1,0,7,4,1,1,6,6,1,19,4,1598,2,4,AUDI Q2,7,E01000139,0,2
2024010512961,2024,010512961,2,9,0,99,99,9,9,0,0,4,0,0,0,0,1,1,6,6,3,-1,-1,1395,1,6,AUDI Q2,-1,-1,0,-1
2024010503147,2024,010503147,2,9,0,9,9,1,7,0,0,1,0,0,0,0,3,1,6,6,2,39,7,1498,1,2,AUDI Q2,2,E01001427,0,1
2024031536400,2024,031536400,1,9,0,-1,9,3,7,-1,0,1,0,0,0,0,1,1,-1,9,2,34,6,1598,2,4,AUDI Q2,1,E01015057,0,5
2024221481837,2024,221481837,2,9,0,-1,3,3,1,-1,0,1,0,0,0,0,2,9,-1,6,2,61,9,1598,2,5,AUDI Q2,3,E01032132,0,1
2024061461119,2024,061461119,1,9,0,-1,19,6,2,-1,0,1,0,0,0,0,1,1,-1,9,2,32,6,999,1,3,AUDI Q2,4,E01006141,0,2
2024991448673,2024,991448673,1,9,0,-1,9,8,4,-1,0,0,0,0,0,0,2,1,-1,6,2,21,5,999,1,1,AUDI Q2,-1,-1,0,-1
2024010534636,2024,010534636,1,9,0,9,9,1,6,0,0,8,0,0,0,0,1,1,6,6,2,26,6,1598,2,5,AUDI Q2,4,E01002695,0,1
2024430149885,2024,430149885,1,9,0,9,9,2,8,0,0,6,0,0,0,0,3,1,6,6,2,39,7,1498,1,3,AUDI Q2,8,E01016326,0,1
2024991502926,2024,991502926,2,9,0,-1,19,6,2,-1,0,0,0,0,8,0,1,1,-1,6,1,48,8,1968,2,3,AUDI Q2,8,-1,0,4
2024010521733,2024,010521733,1,9,0,-1,-1,4,8,0,0,1,0,0,0,0,3,1,6,6,2,38,7,1498,1,1,AUDI Q2,7,E01024185,0,3
2024522403184,2024,522403184,1,9,0,18,19,7,3,0,0,1,0,0,0,0,1,1,6,6,1,34,6,999,1,5,AUDI Q2,9,E01022504,0,5
2024991533799,2024,991533799,2,9,0,-1,19,7,3,-1,0,0,0,0,0,0,2,1,-1,6,2,31,6,1395,1,6,AUDI Q2,5,-1,0,4
2024411425381,2024,411425381,2,9,0,-1,9,3,1,-1,0,3,0,0,0,0,3,9,-1,6,2,32,6,1598,2,6,AUDI Q2,7,E01023335,0,1
2024161400849,2024,161400849,1,9,0,-1,4,4,8,-1,0,0,0,0,0,0,3,1,-1,9,2,41,7,1498,1,4,AUDI Q2,-1,-1,0,-1
2024010509261,2024,010509261,2,9,0,18,19,5,1,0,0,0,0,4,0,0,2,2,6,6,2,82,11,1395,1,7,AUDI Q2,7,E01002296,0,1
2024991465579,2024,991465579,1,9,0,-1,9,7,4,-1,0,6,0,0,0,0,3,1,-1,9,1,24,5,999,1,6,AUDI Q2,5,-1,0,4
2024991521425,2024,991521425,1,9,0,-1,10,2,8,-1,0,1,0,0,0,0,1,1,-1,6,1,33,6,999,1,5,AUDI Q2,7,-1,0,4
2024451520972,2024,451520972,1,9,0,-1,19,3,7,-1,0,0,0,0,0,0,1,1,-1,6,2,74,10,1395,1,8,AUDI Q2,9,E01030987,0,3
2024991441711,2024,991441711,2,9,0,-1,19,6,2,-1,0,8,0,0,0,0,1,1,-1,9,2,64,9,1498,1,4,AUDI Q2,7,-1,0,3
2024010507314,2024,010507314,1,9,0,18,19,5,1,0,0,4,0,0,0,0,1,1,6,6,2,23,5,1498,1,1,AUDI Q2,9,E01001533,0,1
2024070047862,2024,070047862,1,9,0,5,5,7,3,9,9,0,0,0,0,0,4,1,3,7,2,30,6,1498,1,4,AUDI Q2,5,E01018479,0,1
2024311463678,2024,311463678,2,9,0,-1,19,2,6,-1,0,0,0,0,1,0,1,1,-1,9,2,56,9,1498,1,5,AUDI Q2,9,E01028415,0,1
2024201500891,2024,201500891,2,9,0,-1,3,2,6,-1,0,8,0,0,0,0,1,1,-1,9,2,31,6,1498,1,1,AUDI Q2,5,E01010023,0,1
2024371477213,2024,371477213,2,9,0,-1,19,1,5,-1,0,0,0,0,0,0,1,1,-1,9,2,33,6,1598,2,5,AUDI Q2,7,E01034573,0,2
2024411538172,2024,411538172,1,9,0,-1,-1,-1,-1,-1,-1,-1,-1,-1,-1,0,1,1,-1,6,2,39,7,1498,1,4,AUDI Q2,3,E01023876,0,1
2024401418076,2024,401418076,1,9,0,-1,19,2,6,-1,0,0,0,0,0,0,3,1,-1,6,2,59,9,1498,1,2,AUDI Q2,7,E01034424,0,1
2024070846280,2024,070846280,2,9,0,-1,19,1,5,-1,0,0,0,0,0,0,3,1,-1,9,1,68,10,1498,1,4,AUDI Q2,10,E01018676,0,2
2024411425290,2024,411425290,2,9,0,-1,3,5,1,-1,0,0,0,0,0,0,2,1,-1,2,2,37,7,999,1,4,AUDI Q2,10,E01023889,0,1
2024440378199,2024,440378199,2,9,0,18,19,7,3,0,0,1,0,0,0,0,1,1,6,6,1,39,7,1968,2,2,AUDI Q2,2,E01017188,0,1
2024010516562,2024,010516562,1,9,0,18,19,3,7,0,0,0,0,0,0,0,4,1,6,6,3,-1,-1,1498,1,1,AUDI Q2,2,E01004321,0,1
2024111446425,2024,111446425,2,9,0,-1,19,3,7,-1,0,1,0,0,0,0,1,1,-1,1,2,36,7,1598,2,5,AUDI Q2,-1,-1,0,-1
2024991456485,2024,991456485,1,9,0,-1,19,2,7,-1,0,0,0,0,0,0,1,1,-1,2,2,26,6,999,1,6,AUDI Q2,6,-1,0,1
2024010489132,2024,010489132,1,9,0,9,9,1,7,0,0,8,0,0,0,0,1,1,6,6,2,34,6,1498,1,0,AUDI Q2,3,E01002728,0,1
2024421517436,2024,421517436,4,9,0,-1,19,2,6,-1,0,8,0,0,0,0,1,1,-1,9,2,51,8,1498,1,4,AUDI Q2,10,E01029894,0,4
2024201459027,2024,201459027,1,9,0,-1,3,4,8,-1,0,2,0,0,0,0,1,9,-1,6,1,22,5,1598,2,5,AUDI Q2,5,E01018896,0,5
2024031436487,2024,031436487,1,9,0,-1,19,7,3,-1,0,0,0,11,0,0,1,1,-1,9,1,76,11,1395,1,7,AUDI Q2,8,E01019383,0,4
2024070563068,2024,070563068,2,9,0,18,19,2,6,0,0,1,0,0,0,0,3,1,6,6,2,39,7,999,1,5,AUDI Q2,10,E01018576,0,1
2024211490017,2024,211490017,1,9,0,-1,19,7,3,-1,0,4,0,0,0,0,4,1,-1,6,2,21,5,999,1,7,AUDI Q2,-1,-1,0,-1
2024451409619,2024,451409619,1,9,0,-1,19,7,3,-1,0,0,0,0,0,0,1,1,-1,6,1,33,6,1498,1,1,AUDI Q2,3,E01001645,0,4
2024041439449,2024,041439449,2,9,0,-1,19,4,8,-1,0,8,0,0,0,0,1,1,-1,9,1,62,9,1598,2,5,AUDI Q2,2,E01012662,0,1
2024501413759,2024,501413759,1,9,0,-1,9,4,2,-1,0,8,0,0,0,0,1,1,-1,9,1,31,6,999,1,6,AUDI Q2,7,E01034624,0,2
2024010491093,2024,010491093,1,9,0,18,19,3,7,0,0,0,0,0,0,0,3,1,1,1,1,64,9,1498,1,1,AUDI Q2,6,E01001016,0,2
2024991477976,2024,991477976,1,9,0,-1,19,5,1,-1,0,1,0,0,0,0,1,1,-1,9,1,57,9,1395,1,7,AUDI Q2,6,-1,0,1
2024311481485,2024,311481485,2,9,0,-1,19,6,3,-1,0,0,0,0,1,0,1,1,-1,9,2,32,6,1498,1,1,AUDI Q2,1,E01013590,0,3
2024070951741,2024,070951741,1,9,0,-1,19,4,8,-1,0,0,0,0,0,0,3,1,-1,9,1,53,8,999,1,3,AUDI Q2,-1,-1,0,-1
2024351496512,2024,351496512,1,9,0,-1,19,6,2,-1,0,1,1,0,1,1,1,1,-1,9,1,36,7,1598,2,4,AUDI Q2,5,E01026724,0,4
2024201494709,2024,201494709,1,9,0,-1,9,8,5,-1,0,0,0,0,0,0,4,1,-1,6,2,26,6,999,1,2,AUDI Q2,4,E01010377,0,1
2024010540913,2024,010540913,2,9,0,99,99,9,9,99,99,9,9,99,9,99,1,9,6,6,3,-1,-1,999,1,2,AUDI Q2,-1,-1,0,-1
2024320106845,2024,320106845,2,9,0,-1,-1,6,2,0,0,8,0,0,0,0,1,1,6,6,2,22,5,1498,1,0,AUDI Q2,4,E01026044,0,4
2024351469098,2024,351469098,1,9,0,-1,19,1,5,-1,0,0,0,0,0,0,1,1,-1,6,2,44,7,1498,1,1,AUDI Q2,4,E01015613,0,3
2024010506043,2024,010506043,3,9,0,4,4,5,1,0,0,0,0,0,0,0,2,1,6,6,2,29,6,1498,1,5,AUDI Q2,-1,-1,0,-1
2024471494028,2024,471494028,3,9,0,-1,2,0,0,-1,-1,2,0,0,0,0,3,1,-1,1,2,49,8,1498,1,1,AUDI Q2,3,E01034065,0,4
2024421430258,2024,421430258,1,9,0,-1,19,1,5,-1,0,0,0,0,0,0,1,1,-1,6,2,42,7,999,1,2,AUDI Q2,10,E01021590,0,1
2024520402984,2024,520402984,1,9,0,9,9,1,8,0,0,8,0,0,0,0,1,1,6,6,1,22,5,999,1,6,AUDI Q2,5,E01015994,0,5
2024010539853,2024,010539853,2,9,9,2,2,0,0,99,99,9,9,99,9,99,9,9,6,6,3,-1,-1,1498,1,0,AUDI Q2,-1,-1,0,-1
2024311514474,2024,311514474,1,9,0,-1,19,0,0,-1,0,2,0,0,0,0,1,1,-1,6,1,24,5,1498,1,3,AUDI Q2,9,E01028180,0,2
2024010511266,2024,010511266,1,9,0,99,99,9,9,99,99,9,9,99,9,99,9,9,6,6,2,51,8,1498,1,0,AUDI Q2,2,E01001426,0,1
2024041525455,2024,041525455,2,9,0,-1,19,3,7,-1,0,0,0,0,0,0,2,1,-1,6,2,52,8,1498,1,4,AUDI Q2,9,E01025133,0,2
2024451441635,2024,451441635,1,9,0,-1,19,5,1,-1,9,0,0,0,0,0,4,1,-1,9,1,72,10,1395,1,7,AUDI Q2,5,E01023139,0,2
2024122400109,2024,122400109,1,9,0,17,19,5,1,0,0,0,2,0,1,11,1,1,6,6,1,52,8,1498,1,4,AUDI Q2,9,E01033475,0,4
2024010518896,2024,010518896,1,9,0,99,99,9,9,99,99,9,9,99,9,99,2,9,6,6,1,32,6,1498,1,1,AUDI Q2,3,E01032774,0,1
2024010505105,2024,010505105,1,9,0,17,19,1,7,0,0,8,0,0,0,0,4,1,2,2,2,25,5,1498,1,5,AUDI Q2,2,E01000483,0,1
2024631533590,2024,631533590,1,9,0,-1,19,2,7,-1,0,0,1,0,2,1,1,1,-1,9,2,28,6,1395,1,7,AUDI Q2,7,W01000684,0,1
2024411486596,2024,411486596,1,9,0,-1,1,8,4,-1,0,0,0,0,0,0,2,1,-1,9,2,23,5,999,1,2,AUDI Q2,5,E01023575,0,1
2024320477908,2024,320477908,2,9,0,-1,-1,8,4,0,0,0,0,0,0,0,2,1,-1,-1,1,58,9,1498,1,5,AUDI Q2,6,E01026047,0,2
2024061471323,2024,061471323,2,9,0,-1,10,5,7,-1,0,8,0,0,0,0,3,1,-1,6,2,34,6,1498,1,1,AUDI Q2,6,E01006166,0,2
2024440426919,2024,440426919,2,9,0,18,19,2,6,0,0,0,0,0,0,0,1,1,6,6,1,-1,-1,1598,2,6,AUDI Q2,-1,-1,0,-1
2024010503940,2024,010503940,2,9,0,99,99,9,9,99,99,0,9,99,9,99,9,9,6,6,3,-1,-1,1598,2,4,AUDI Q2,-1,-1,0,-1
2024440230578,2024,440230578,1,9,0,18,19,4,8,0,0,8,0,0,3,1,1,1,6,6,2,39,7,1498,1,0,AUDI Q2,10,E01022554,0,3
2024461433587,2024,461433587,2,9,0,-1,10,4,2,-1,0,1,0,0,0,0,3,9,-1,9,2,44,7,1498,1,3,AUDI Q2,8,E01024762,0,4
2024010514952,2024,010514952,4,9,0,3,3,3,7,0,0,1,1,0,0,0,2,1,6,6,1,63,9,1395,1,6,AUDI Q2,-1,-1,0,-1
2024991433951,2024,991433951,1,9,0,-1,1,8,1,-1,0,0,0,4,1,0,1,2,-1,6,1,57,9,1498,1,1,AUDI Q2,-1,-1,0,-1
2024201479410,2024,201479410,2,9,0,-1,9,1,7,-1,0,5,0,0,0,0,2,1,-1,9,1,75,10,1498,1,0,AUDI Q2,-1,-1,0,-1
2024010548248,2024,010548248,1,9,0,99,99,9,9,99,99,9,9,99,9,99,1,9,6,6,1,68,10,1395,1,7,AUDI Q2,10,E01002434,0,1
2024010529654,2024,010529654,1,9,0,18,19,1,5,0,0,2,0,0,0,0,1,1,6,6,2,36,7,1598,2,4,AUDI Q2,9,E01023740,0,4
2024451422251,2024,451422251,2,9,0,-1,19,3,7,-1,0,1,0,0,0,0,1,1,-1,9,2,53,8,1498,1,2,AUDI Q2,5,E01030433,0,1
2024131502976,2024,131502976,3,9,0,-1,2,0,0,-1,0,0,0,0,0,0,3,2,-1,6,-1,-1,-1,1498,1,4,AUDI Q2,-1,-1,0,-1
2024052400295,2024,052400295,1,9,0,18,19,2,6,0,0,0,0,0,0,0,4,1,6,6,2,81,11,999,1,1,AUDI Q2,10,E01007187,0,1
2024010517659,2024,010517659,2,9,0,4,4,7,3,0,0,0,0,0,0,0,0,1,6,6,1,35,6,1598,2,6,AUDI Q2,7,E01001341,0,1
2024010538654,2024,010538654,1,9,9,99,99,9,9,99,99,9,9,99,9,99,9,9,6,6,2,25,5,999,1,5,AUDI Q2,6,E01004614,0,1
2024421488244,2024,421488244,1,9,0,-1,19,3,7,-1,0,0,0,0,6,0,1,1,-1,2,1,32,6,999,1,2,AUDI Q2,6,E01021972,0,3
2024010505625,2024,010505625,2,9,0,99,99,9,9,99,99,9,9,99,9,99,1,9,6,6,3,34,6,1498,1,0,AUDI Q2,-1,-1,0,-1
2024010544235,2024,010544235,1,9,0,99,99,9,9,99,99,9,9,99,9,99,2,9,6,6,2,40,7,1395,1,6,AUDI Q2,5,E01000337,0,3
2024010538084,2024,010538084,1,9,0,99,99,9,9,99,99,9,9,99,9,99,9,9,6,6,2,23,5,999,1,2,AUDI Q2,5,E01022640,0,4
2024010533340,2024,010533340,2,9,0,18,19,7,3,0,0,2,0,0,0,0,4,1,6,6,2,36,7,1498,1,1,AUDI Q2,2,E01003497,0,1
2024101515031,2024,101515031,2,9,0,-1,19,8,4,-1,0,0,0,0,0,0,2,1,-1,2,2,46,8,999,1,3,AUDI Q2,9,E01008616,0,2
2024451510612,2024,451510612,1,9,0,-1,19,3,7,-1,0,0,2,4,0,0,4,1,-1,9,1,23,5,1498,1,4,AUDI Q2,4,E01021114,0,4
2024010510460,2024,010510460,1,9,0,5,5,5,1,0,0,0,0,0,0,0,4,1,2,2,1,39,7,1498,1,2,AUDI Q2,3,E01001980,0,1
2024501438528,2024,501438528,1,9,0,-1,19,1,5,-1,0,0,5,0,8,0,1,1,-1,9,1,23,5,1498,1,0,AUDI Q2,4,E01034115,0,5
2024211517489,2024,211517489,1,9,0,-1,19,5,1,-1,0,1,0,0,0,0,1,1,-1,6,1,31,6,1598,2,5,AUDI Q2,9,E01009416,0,2
2024302401052,2024,302401052,1,9,0,4,4,5,1,0,0,0,0,0,0,0,2,1,1,1,2,56,9,999,1,4,AUDI Q2,8,E01019467,0,4
2024201460343,2024,201460343,2,9,0,-1,13,8,4,-1,0,0,5,0,0,0,3,1,-1,6,2,54,8,1498,1,0,AUDI Q2,8,E01009794,0,4
2024340WN5232,2024,340WN5232,1,9,0,-1,7,1,5,-1,0,8,0,0,0,0,4,1,-1,6,1,-1,-1,1498,1,5,AUDI Q2,-1,-1,0,-1
2024010516299,2024,010516299,2,9,0,18,19,1,5,0,0,1,0,0,0,0,3,1,6,6,2,36,7,1498,1,2,AUDI Q2,2,E01004335,0,1
2024070532645,2024,070532645,2,9,0,5,5,4,8,0,0,4,0,0,0,0,2,1,6,6,1,57,9,999,1,0,AUDI Q2,8,E01017824,0,5
2024061528907,2024,061528907,1,9,0,-1,2,-1,-1,-1,9,0,0,4,1,0,2,1,-1,7,2,33,6,1498,1,0,AUDI Q2,1,E01005164,0,1
2024201466176,2024,201466176,2,9,0,-1,13,7,3,-1,0,8,1,0,0,0,4,1,-1,2,2,49,8,1498,1,0,AUDI Q2,1,E01010030,0,3
2024411402027,2024,411402027,1,9,0,-1,2,0,0,-1,0,0,0,0,0,0,3,9,-1,6,2,36,7,1498,1,1,AUDI Q2,5,E01023720,0,1
2024211479483,2024,211479483,1,9,0,-1,13,7,3,-1,0,0,0,0,0,0,1,1,-1,2,1,37,7,1498,1,0,AUDI Q2,3,E01029725,0,3
2024421472607,2024,421472607,1,9,0,-1,19,7,3,-1,0,0,0,0,0,0,4,1,-1,9,2,44,7,999,1,3,AUDI Q2,8,E01021749,0,1
2024201472054,2024,201472054,2,9,0,-1,3,2,6,-1,0,0,0,0,0,0,3,9,-1,6,2,24,5,999,1,7,AUDI Q2,3,E01009970,0,1
2024332400308,2024,332400308,2,9,0,-1,19,1,5,-1,0,1,0,0,0,0,1,1,-1,6,1,-1,-1,1395,1,6,AUDI Q2,-1,-1,0,-1
2024010503196,2024,010503196,2,9,0,9,9,1,6,0,0,1,0,0,0,0,1,1,6,6,3,23,5,1498,1,1,AUDI Q2,-1,-1,0,-1
2024010501412,2024,010501412,1,9,4,18,19,6,2,0,0,1,0,10,0,0,1,1,6,6,2,31,6,1498,1,2,AUDI Q2,3,E01003582,0,1
2024201451984,2024,201451984,1,9,0,-1,5,3,7,-1,0,6,0,0,0,0,1,9,-1,6,2,22,5,1598,2,5,AUDI Q2,2,E01009171,0,3
2024131501855,2024,131501855,3,9,0,-1,2,0,0,-1,0,8,0,0,0,0,2,1,-1,6,-1,-1,-1,1395,1,6,AUDI Q2,-1,-1,0,-1
2024211444992,2024,211444992,2,9,0,-1,19,1,5,-1,0,2,0,0,0,0,1,1,-1,9,2,22,5,1498,1,1,AUDI Q2,-1,-1,0,-1
2024201464739,2024,201464739,1,9,0,-1,19,1,4,-1,0,4,0,0,0,0,3,1,-1,6,2,25,5,1598,2,5,AUDI Q2,10,E01032155,0,3
2024211463286,2024,211463286,1,9,0,-1,19,3,7,-1,0,6,0,0,0,0,4,1,-1,2,2,27,6,1498,1,5,AUDI Q2,6,E01028899,0,2
2024052400741,2024,052400741,1,9,0,18,19,3,7,0,0,0,0,0,0,0,1,1,6,6,1,60,9,1598,2,4,AUDI Q2,2,E01034832,0,2
2024461523450,2024,461523450,1,9,0,-1,7,1,3,-1,9,7,0,0,0,0,1,1,-1,2,1,18,4,999,1,3,AUDI Q2,6,E01024346,0,2
2024010501213,2024,010501213,2,9,0,99,99,9,9,99,99,9,9,99,9,99,1,9,6,6,2,49,8,1498,1,2,AUDI Q2,-1,-1,0,-1
2024211511557,2024,211511557,1,9,0,-1,5,5,3,-1,0,2,0,0,0,0,1,1,-1,9,2,37,7,999,1,5,AUDI Q2,6,E01029693,0,1
2024131445204,2024,131445204,2,9,0,-1,3,6,2,-1,0,2,0,0,0,0,2,1,-1,2,2,58,9,999,1,2,AUDI Q2,9,E01010954,0,2
2024302500013,2024,302500013,2,9,0,-1,19,1,6,-1,0,0,0,0,1,11,1,1,-1,6,1,63,9,999,1,3,AUDI Q2,10,E01013564,0,1
2024010547423,2024,010547423,2,9,0,9,9,1,6,0,0,8,0,0,0,0,1,1,2,2,2,53,8,1498,1,1,AUDI Q2,7,E01002296,0,2
2024131498358,2024,131498358,2,9,0,-1,19,1,5,-1,0,0,0,0,0,0,2,1,-1,6,1,24,5,1598,2,4,AUDI Q2,1,E01010712,0,1
2024451459127,2024,451459127,1,9,0,-1,3,7,3,-1,0,0,0,0,0,0,0,1,-1,6,2,34,6,1395,1,6,AUDI Q2,10,E01030396,0,4
2024430156232,2024,430156232,2,9,0,3,3,5,1,0,0,1,0,0,0,0,2,1,6,6,1,42,7,1498,1,0,AUDI Q2,5,E01028604,0,2
2024061436564,2024,061436564,1,9,0,-1,19,7,3,-1,0,1,2,0,0,0,1,1,-1,6,3,-1,-1,1498,1,0,AUDI Q2,-1,-1,0,-1
2024061500429,2024,061500429,1,9,0,-1,9,7,5,-1,0,1,0,0,0,0,4,1,-1,6,2,45,7,1395,1,7,AUDI Q2,6,E01005861,0,2
2024546693424,2024,546693424,2,9,0,9,9,3,8,0,0,1,0,0,0,0,1,1,6,6,1,57,9,1598,2,4,AUDI Q2,-1,-1,0,-1
2024631417458,2024,631417458,1,9,0,-1,19,4,1,-1,0,0,2,0,1,7,1,1,-1,9,1,26,6,1598,2,5,AUDI Q2,3,W01001258,0,5
2024991580347,2024,991580347,1,9,0,-1,19,3,7,-1,0,0,0,0,0,0,1,1,-1,6,2,78,11,1968,2,7,AUDI Q2,6,-1,0,1
2024991467478,2024,991467478,1,9,0,-1,19,4,8,-1,0,8,0,0,0,0,4,1,-1,6,1,27,6,1498,1,0,AUDI Q2,1,-1,0,1
2024131474735,2024,131474735,2,9,0,-1,19,5,1,-1,0,0,0,0,0,0,1,1,-1,6,2,33,6,1498,1,1,AUDI Q2,1,E01007568,0,4
2024411468885,2024,411468885,2,9,0,-1,5,5,1,-1,0,0,0,0,0,0,2,1,-1,6,2,41,7,1498,1,1,AUDI Q2,8,E01033026,0,1
2024461412628,2024,461412628,2,9,0,-1,19,7,3,-1,0,8,0,0,0,0,1,1,-1,6,2,29,6,1498,1,3,AUDI Q2,8,E01016082,0,4
2024622400460,2024,622400460,2,9,0,18,19,4,8,0,0,0,0,0,0,0,2,1,6,6,1,26,6,1598,2,7,AUDI Q2,2,W01000941,0,1
2024131445025,2024,131445025,1,9,0,-1,19,3,7,-1,0,1,0,0,0,0,1,1,-1,9,2,55,8,1498,1,3,AUDI Q2,10,E01011376,0,1
2024131454986,2024,131454986,1,9,0,-1,19,4,8,-1,0,1,0,0,0,0,3,1,-1,9,2,60,9,999,1,6,AUDI Q2,8,E01011203,0,3
2024052402729,2024,052402729,2,9,0,4,4,4,8,0,0,1,0,0,0,0,2,1,6,6,2,32,6,999,1,1,AUDI Q2,6,E01006577,0,2