collision_index,collision_year,collision_ref_no,vehicle_reference,vehicle_type,towing_and_articulation,vehicle_manoeuvre_historic,vehicle_manoeuvre,vehicle_direction_from,vehicle_direction_to,vehicle_location_restricted_lane_historic,vehicle_location_restricted_lane,junction_location,skidding_and_overturning,hit_object_in_carriageway,vehicle_leaving_carriageway,hit_object_off_carriageway,first_point_of_impact,vehicle_left_hand_drive,journey_purpose_of_driver_historic,journey_purpose_of_driver,sex_of_driver,age_of_driver,age_band_of_driver,engine_capacity_cc,propulsion_code,age_of_vehicle,generic_make_model,driver_imd_decile,lsoa_of_driver,escooter_flag,driver_distance_banding
2024201425232,2024,201425232,2,9,0,-1,19,2,6,-1,0,0,0,0,0,0,1,9,-1,6,1,37,7,1498,1,1,AUDI Q2,1,E01009351,0,1
2024010551023,2024,010551023,1,9,0,18,19,5,1,0,0,1,0,0,0,0,1,2,6,6,2,32,6,1598,2,5,AUDI Q2,8,E01004602,0,3
2024622500047,2024,622500047,1,9,0,5,5,6,2,0,0,0,0,0,0,0,1,1,2,2,2,30,6,1498,1,6,AUDI Q2,4,W01000765,0,1
2024010514411,2024,010514411,2,9,0,7,7,9,9,99,99,9,9,99,9,99,9,9,6,6,2,31,6,1395,1,7,AUDI Q2,3,E01001141,0,2
2024440153459,2024,440153459,1,9,0,18,19,3,7,0,0,3,0,0,0,0,4,1,6,6,1,54,8,1498,1,4,AUDI Q2,6,E01034728,0,1
2024010544261,2024,010544261,1,9,0,99,99,9,9,99,99,9,9,99,9,99,1,9,2,2,2,29,6,1395,1,7,AUDI Q2,6,E01030598,0,3
2024221428269,2024,221428269,2,9,0,-1,7,7,8,-1,0,4,0,0,0,0,1,9,-1,6,2,25,5,1598,2,5,AUDI Q2,1,E01010404,0,4
2024010522878,2024,010522878,1,9,0,99,99,9,9,99,99,9,9,99,9,99,1,9,2,2,2,32,6,1395,1,6,AUDI Q2,5,E01003147,0,1
2024201467538,2024,201467538,2,9,0,-1,3,5,1,-1,0,1,0,0,0,0,2,9,-1,6,1,24,5,1598,2,6,AUDI Q2,2,E01009998,0,1
2024421428836,2024,421428836,1,9,0,-1,19,1,5,-1,0,3,0,0,0,0,1,1,-1,6,2,26,6,1395,1,7,AUDI Q2,3,E01003599,0,4
2024471415491,2024,471415491,2,9,0,-1,9,1,7,-1,0,5,0,0,0,0,3,1,-1,9,2,25,5,1498,1,0,AUDI Q2,3,E01004257,0,4
2024991494739,2024,991494739,2,9,0,-1,19,8,4,-1,0,1,0,0,0,0,3,9,-1,2,2,62,9,999,1,4,AUDI Q2,6,-1,0,1
2024461532816,2024,461532816,2,9,0,-1,19,1,7,-1,0,8,0,0,0,0,2,9,-1,6,2,32,6,1598,2,5,AUDI Q2,4,E01016100,0,1
2024010534795,2024,010534795,1,9,0,4,4,1,5,0,0,2,0,0,0,0,2,1,6,6,3,-1,-1,1498,1,1,AUDI Q2,-1,-1,0,-1
2024101525283,2024,101525283,4,9,0,-1,3,7,3,-1,0,1,0,0,0,0,2,1,-1,1,1,26,6,1498,1,5,AUDI Q2,6,E01019237,0,4
2024201463061,2024,201463061,1,9,0,-1,19,7,3,-1,0,1,0,0,0,0,1,1,-1,6,1,-1,-1,1498,1,1,AUDI Q2,-1,-1,0,-1
2024131492428,2024,131492428,1,9,0,-1,19,5,1,-1,0,8,0,0,0,0,1,1,-1,6,2,37,7,1498,1,0,AUDI Q2,7,E01011176,0,2
2024320383519,2024,320383519,2,9,0,18,19,6,4,0,0,8,0,0,0,0,3,1,-1,-1,2,63,9,1395,1,6,AUDI Q2,6,E01026199,0,3
2024010493776,2024,010493776,3,9,0,99,99,9,9,0,0,9,0,99,0,0,9,1,6,6,2,22,5,999,1,4,AUDI Q2,4,E01000997,0,3
2024161477808,2024,161477808,1,9,0,-1,19,5,1,-1,0,0,0,0,0,0,1,1,-1,6,1,76,11,1598,2,5,AUDI Q2,2,E01005580,0,5
2024161487750,2024,161487750,1,9,0,-1,5,1,5,-1,0,0,0,0,0,0,1,1,-1,9,2,38,7,1498,1,2,AUDI Q2,8,E01035472,0,1
2024010512648,2024,010512648,2,9,0,99,99,9,9,99,99,0,9,99,9,99,9,9,6,6,3,-1,-1,1498,1,0,AUDI Q2,-1,-1,0,-1
2024451467293,2024,451467293,2,9,0,-1,2,0,0,-1,0,0,0,0,0,0,1,1,-1,6,-1,-1,-1,999,1,6,AUDI Q2,-1,-1,0,-1
2024010545404,2024,010545404,1,9,0,17,19,8,4,0,0,8,0,0,0,0,1,1,6,6,2,24,5,999,1,7,AUDI Q2,-1,-1,0,-1
2024201413249,2024,201413249,1,9,0,-1,19,6,4,-1,0,0,0,0,0,0,1,9,-1,6,2,31,6,999,1,3,AUDI Q2,2,E01009100,0,1
2024131533024,2024,131533024,1,9,0,-1,9,3,1,-1,0,2,0,0,7,0,1,2,-1,2,1,29,6,1498,1,5,AUDI Q2,1,E01010622,0,1
2024421459255,2024,421459255,3,9,0,-1,19,1,5,-1,0,0,0,0,0,0,1,1,-1,9,2,22,5,1498,1,2,AUDI Q2,4,E01022028,0,3
2024131475511,2024,131475511,2,9,0,-1,2,8,4,-1,0,0,0,0,0,0,4,1,-1,6,2,25,5,999,1,3,AUDI Q2,1,E01011620,0,1
2024010501782,2024,010501782,1,9,0,18,19,1,5,0,0,1,0,0,0,0,1,1,6,6,1,48,8,1395,1,8,AUDI Q2,3,E01000796,0,1
2024010533180,2024,010533180,1,9,0,11,11,4,8,0,0,0,0,0,0,0,3,1,6,6,2,35,6,1395,1,6,AUDI Q2,3,E01001203,0,2
2024010498588,2024,010498588,1,9,0,17,19,7,3,0,0,2,0,0,0,0,2,1,6,6,2,44,7,999,1,1,AUDI Q2,-1,-1,0,-1
2024430524045,2024,430524045,4,9,0,18,19,7,3,0,0,0,0,0,1,10,1,1,6,6,1,33,6,999,1,6,AUDI Q2,4,E01017723,0,3
2024552400431,2024,552400431,1,9,0,18,19,2,6,0,0,0,0,0,0,0,2,1,6,6,2,30,6,1498,1,1,AUDI Q2,8,E01020491,0,3
2024052402785,2024,052402785,3,9,0,2,2,0,0,0,0,1,0,0,0,0,3,1,6,6,3,-1,-1,999,1,2,AUDI Q2,-1,-1,0,-1
2024010519940,2024,010519940,1,9,0,1,1,4,8,0,0,2,0,0,0,0,2,1,6,6,2,30,6,1498,1,1,AUDI Q2,2,E01002870,0,1
2024311536082,2024,311536082,2,9,0,-1,19,5,1,-1,0,0,1,0,0,0,2,1,-1,6,2,28,6,1498,1,0,AUDI Q2,-1,-1,0,-1
2024010522349,2024,010522349,3,9,0,2,2,0,0,0,0,2,0,0,0,0,1,1,6,6,3,-1,-1,1498,1,4,AUDI Q2,-1,-1,0,-1
2024361483927,2024,361483927,2,9,0,-1,19,2,5,-1,0,0,0,0,0,0,4,1,-1,2,2,28,6,1598,2,7,AUDI Q2,6,E01033039,0,3
2024041432673,2024,041432673,2,9,0,-1,9,1,5,-1,0,8,0,0,0,0,1,1,-1,9,1,37,7,1598,2,5,AUDI Q2,1,E01025082,0,1
2024461521865,2024,461521865,1,9,0,-1,19,3,7,-1,0,0,0,0,0,0,1,1,-1,9,1,75,10,1984,1,6,AUDI Q2,7,E01024026,0,4
2024061502662,2024,061502662,1,9,0,-1,9,1,3,-1,0,6,0,0,0,0,1,1,-1,9,2,86,11,1498,1,0,AUDI Q2,1,E01006000,0,1
2024411433475,2024,411433475,2,9,0,-1,19,1,5,-1,0,0,0,0,0,0,2,1,-1,6,2,49,8,1498,1,1,AUDI Q2,5,E01023936,0,1
2024451520559,2024,451520559,3,9,0,-1,2,3,7,-1,0,0,0,0,0,0,2,1,-1,9,2,32,6,999,1,1,AUDI Q2,8,E01030813,0,2
2024430089964,2024,430089964,2,9,0,4,4,8,4,0,0,0,0,0,0,0,2,1,2,2,1,42,7,1395,1,6,AUDI Q2,9,E01016263,0,2
2024041426240,2024,041426240,1,9,0,-1,19,5,1,-1,0,1,0,0,0,0,1,1,-1,9,2,61,9,1498,1,5,AUDI Q2,6,E01006259,0,2
2024340NN3212,2024,340NN3212,1,9,0,-1,9,7,5,-1,0,1,0,0,0,0,4,1,-1,6,1,30,6,1395,1,7,AUDI Q2,1,E01027083,0,1
2024101398247,2024,101398247,2,9,0,-1,19,1,5,-1,0,8,0,0,0,0,1,1,-1,6,2,43,7,999,1,7,AUDI Q2,10,E01008548,0,1
2024501470525,2024,501470525,1,9,0,-1,19,3,7,-1,0,0,0,0,0,0,1,1,-1,9,1,31,6,999,1,4,AUDI Q2,4,E01019013,0,3
2024622400445,2024,622400445,2,9,0,2,2,0,0,0,0,0,0,0,0,0,1,1,6,6,3,-1,-1,1498,1,1,AUDI Q2,-1,-1,0,-1
2024471464212,2024,471464212,2,9,0,-1,19,1,6,-1,0,8,0,0,0,0,1,1,-1,2,1,21,5,1395,1,6,AUDI Q2,6,E01024807,0,3
2024332400207,2024,332400207,1,9,0,-1,19,4,8,-1,0,6,0,0,0,0,1,1,-1,2,2,54,8,999,1,4,AUDI Q2,3,E01026235,0,4
2024052401035,2024,052401035,2,9,0,18,19,3,7,0,0,8,0,0,0,0,3,1,6,6,2,26,6,999,1,3,AUDI Q2,7,E01007098,0,1
2024302500142,2024,302500142,1,9,0,-1,9,1,6,-1,0,8,0,0,0,0,4,1,-1,9,1,72,10,1498,1,4,AUDI Q2,7,E01013490,0,1
2024131396093,2024,131396093,2,9,0,-1,3,4,8,-1,0,0,0,0,0,0,2,1,-1,6,2,21,5,1395,1,6,AUDI Q2,10,E01034976,0,3
2024351543791,2024,351543791,1,9,0,-1,19,8,4,-1,0,0,2,10,1,0,1,1,-1,6,1,38,7,1498,1,1,AUDI Q2,6,E01034438,0,3
2024201481994,2024,201481994,1,9,0,-1,19,7,3,-1,0,0,0,4,0,0,1,9,-1,6,2,35,6,1498,1,0,AUDI Q2,2,E01010041,0,1
2024610038224,2024,610038224,2,9,0,4,4,7,2,0,0,1,0,0,0,0,1,1,6,6,2,25,5,999,1,3,AUDI Q2,7,W01001582,0,3
2024010527538,2024,010527538,1,9,0,18,19,7,3,0,0,8,0,10,0,0,3,1,6,6,2,43,7,1498,1,0,AUDI Q2,5,E01000450,0,1
2024010499910,2024,010499910,2,9,0,99,99,9,9,99,99,9,9,99,9,99,9,1,6,6,3,-1,-1,1498,1,2,AUDI Q2,2,E01002741,0,1
2024010518152,2024,010518152,2,9,0,99,99,9,9,99,99,9,9,99,9,99,1,9,6,6,3,-1,-1,1498,1,1,AUDI Q2,-1,-1,0,-1
2024201481494,2024,201481494,2,9,0,-1,5,5,1,-1,0,0,0,0,0,0,2,1,-1,9,2,39,7,1498,1,1,AUDI Q2,1,E01009341,0,3
2024221477574,2024,221477574,1,9,0,-1,19,4,8,-1,0,0,0,0,0,0,1,1,-1,2,2,61,9,999,1,7,AUDI Q2,4,E01014161,0,2
2024231519273,2024,231519273,2,9,0,-1,5,3,7,-1,0,4,0,0,0,0,1,1,-1,6,2,49,8,999,1,4,AUDI Q2,8,E01031197,0,3
2024010510156,2024,010510156,2,9,0,14,14,1,5,0,0,2,0,4,0,0,1,1,6,6,2,47,8,1498,1,1,AUDI Q2,6,E01001033,0,2
2024010496786,2024,010496786,2,9,0,99,99,9,9,0,0,8,0,0,9,0,9,9,6,6,3,-1,-1,1498,1,3,AUDI Q2,-1,-1,0,-1
2024451469538,2024,451469538,1,9,0,-1,5,7,5,-1,0,0,0,0,0,0,3,1,-1,9,1,57,9,1498,1,1,AUDI Q2,10,E01030517,0,3
2024520500219,2024,520500219,2,9,0,18,19,2,5,0,0,8,0,0,0,0,1,1,6,6,2,68,10,1498,1,1,AUDI Q2,7,E01019899,0,4
2024122400125,2024,122400125,2,9,0,18,19,2,5,0,0,1,0,0,0,0,1,1,6,6,2,43,7,1395,1,7,AUDI Q2,7,E01027646,0,1
2024520402659,2024,520402659,2,9,0,18,19,7,3,0,0,7,0,0,0,0,2,1,6,6,1,65,9,1498,1,3,AUDI Q2,5,E01003855,0,5
2024201435223,2024,201435223,2,9,0,-1,19,6,4,-1,0,8,0,0,0,0,1,9,-1,9,2,25,5,999,1,6,AUDI Q2,4,E01031052,0,4
2024320364329,2024,320364329,1,9,0,-1,-1,8,4,0,0,0,0,0,0,0,1,1,-1,-1,2,34,6,1498,1,0,AUDI Q2,7,E01026524,0,5
2024211524076,2024,211524076,1,9,0,-1,19,5,1,-1,0,0,0,4,0,0,1,1,-1,9,1,61,9,1598,2,4,AUDI Q2,6,E01014310,0,2
2024421452623,2024,421452623,2,9,0,-1,19,5,4,-1,0,4,0,0,0,0,2,1,-1,6,2,27,6,1498,1,3,AUDI Q2,10,E01015909,0,1
2024451428141,2024,451428141,1,9,0,-1,19,1,5,-1,0,0,1,0,0,0,1,1,-1,9,2,52,8,1598,2,5,AUDI Q2,10,E01031645,0,2
2024071073219,2024,071073219,3,9,0,-1,19,1,5,-1,0,0,0,0,0,0,1,1,-1,9,1,46,8,1498,1,4,AUDI Q2,6,E01018481,0,3
2024010512339,2024,010512339,2,9,0,2,2,0,0,0,0,0,0,0,1,11,2,1,6,6,3,-1,-1,1395,1,7,AUDI Q2,-1,-1,0,-1
2024440334506,2024,440334506,1,9,0,18,19,4,8,0,0,2,0,7,0,0,1,1,6,6,2,48,8,1498,1,0,AUDI Q2,2,E01001414,0,5
2024010511526,2024,010511526,1,9,0,18,19,5,1,0,0,8,0,0,0,0,4,1,6,6,1,26,6,1598,2,5,AUDI Q2,4,E01003210,0,3
2024371517614,2024,371517614,3,9,0,-1,3,3,7,-1,0,0,0,0,0,0,0,1,-1,9,2,53,8,1498,1,2,AUDI Q2,5,E01030138,0,1
2024302500185,2024,302500185,1,9,0,-1,5,1,5,-1,0,1,0,0,0,0,1,1,-1,6,3,65,9,1498,1,2,AUDI Q2,10,E01028137,0,3
2024010523416,2024,010523416,3,9,0,18,19,7,3,0,0,1,0,0,0,0,4,1,6,6,1,27,6,1498,1,2,AUDI Q2,3,E01002370,0,3
2024991523355,2024,991523355,2,9,0,-1,19,2,5,-1,0,1,0,0,0,0,1,1,-1,9,2,46,8,1498,1,0,AUDI Q2,-1,-1,0,-1
2024622400441,2024,622400441,1,9,0,18,19,8,4,0,0,0,0,0,0,0,1,1,6,6,2,34,6,1498,1,1,AUDI Q2,3,W01000881,0,1
2024101544477,2024,101544477,1,9,0,-1,19,7,3,-1,0,0,0,0,0,0,1,1,-1,2,1,61,9,999,1,6,AUDI Q2,2,E01008769,0,1
2024010549575,2024,010549575,4,9,0,-1,-1,1,5,0,0,1,0,1,0,0,1,1,2,2,2,26,6,999,1,4,AUDI Q2,5,E01001060,0,3
2024461425924,2024,461425924,3,9,0,-1,3,3,7,-1,0,0,0,0,0,0,1,1,-1,9,2,33,6,999,1,7,AUDI Q2,6,E01024180,0,1
2024010536857,2024,010536857,1,9,0,5,5,5,1,0,0,8,0,0,0,0,1,1,6,6,3,-1,-1,1498,1,1,AUDI Q2,-1,-1,0,-1
2024010542390,2024,010542390,2,9,0,99,99,9,9,99,99,9,9,99,9,99,9,9,6,6,3,-1,-1,1498,1,5,AUDI Q2,5,E01001158,0,1
2024440214761,2024,440214761,1,9,0,18,19,4,8,0,0,0,5,0,0,0,1,1,6,6,1,28,6,1498,1,0,AUDI Q2,3,E01017111,0,2
2024131493656,2024,131493656,1,9,0,-1,-1,-1,-1,-1,0,8,-1,-1,-1,0,1,1,-1,6,2,25,5,999,1,3,AUDI Q2,-1,-1,0,-1
2024041504684,2024,041504684,2,9,0,-1,19,3,7,-1,0,1,0,0,0,0,1,1,-1,2,2,62,9,1498,1,3,AUDI Q2,10,E01025336,0,1
2024010547234,2024,010547234,2,9,0,2,2,0,0,0,0,2,0,0,0,0,2,1,6,6,3,-1,-1,1395,1,7,AUDI Q2,-1,-1,0,-1
2024201483403,2024,201483403,1,9,0,-1,3,4,1,-1,0,1,0,0,0,0,1,1,-1,6,2,20,4,1498,1,0,AUDI Q2,-1,-1,0,-1
2024481503873,2024,481503873,2,9,0,-1,19,3,7,-1,0,0,0,0,0,0,1,1,-1,2,2,22,5,1598,2,4,AUDI Q2,-1,-1,0,-1
2024440517552,2024,440517552,2,9,0,18,19,5,1,0,0,6,0,0,0,0,1,1,6,6,1,27,6,1498,1,1,AUDI Q2,1,E01017154,0,1
2024991466994,2024,991466994,2,9,0,-1,19,1,5,-1,0,8,0,0,0,0,1,2,-1,9,2,22,5,999,1,6,AUDI Q2,9,-1,0,1
2024010545539,2024,010545539,1,9,0,1,1,2,7,0,0,1,0,0,0,0,2,1,6,6,2,24,5,1395,1,7,AUDI Q2,-1,-1,0,-1
2024991464384,2024,991464384,1,9,0,-1,9,5,3,-1,0,8,0,0,0,0,4,1,-1,9,2,28,6,1498,1,0,AUDI Q2,7,-1,0,2
2024311452276,2024,311452276,1,9,0,-1,9,5,3,-1,0,3,0,0,0,0,4,1,-1,6,2,21,5,999,1,7,AUDI Q2,1,E01013860,0,2
2024461486406,2024,461486406,2,9,0,-1,10,5,1,-1,0,0,0,0,0,0,2,1,-1,1,1,50,8,1498,1,4,AUDI Q2,5,E01024495,0,2
2024201526853,2024,201526853,2,9,0,-1,9,2,7,-1,0,5,0,0,0,0,1,1,-1,9,2,28,6,1498,1,3,AUDI Q2,10,E01022386,0,4
2024371425664,2024,371425664,2,9,0,-1,19,3,7,-1,0,0,0,0,1,0,3,1,-1,6,1,78,11,1498,1,1,AUDI Q2,5,E01030245,0,1
2024351428005,2024,351428005,2,9,0,-1,19,8,4,-1,0,1,0,0,0,0,2,1,-1,6,2,56,9,1498,1,4,AUDI Q2,5,E01018208,0,1
2024622400837,2024,622400837,2,9,0,17,19,6,2,0,0,0,0,0,1,4,2,1,6,6,1,23,5,1968,2,6,AUDI Q2,2,W01001309,0,2
2024010530754,2024,010530754,2,9,0,-1,-1,1,5,0,0,2,0,0,0,0,4,1,6,6,2,41,7,1498,1,2,AUDI Q2,3,E01034217,0,1
2024010508848,2024,010508848,1,9,0,1,1,3,7,0,0,8,0,0,1,0,2,1,6,6,2,64,9,1498,1,4,AUDI Q2,3,E01021764,0,2
2024010521323,2024,010521323,1,9,0,99,99,9,9,99,99,6,9,99,9,99,1,9,6,6,3,-1,-1,999,1,7,AUDI Q2,5,E01000251,0,3
2024991467500,2024,991467500,1,9,0,-1,7,8,2,-1,0,1,0,0,0,0,1,1,-1,6,1,40,7,1498,1,0,AUDI Q2,-1,-1,0,-1
2024320533235,2024,320533235,2,9,0,-1,-1,4,8,0,0,1,0,0,0,0,1,1,6,6,2,46,8,1498,1,1,AUDI Q2,8,E01026202,0,3
2024991509716,2024,991509716,2,9,0,-1,9,1,6,-1,0,8,0,0,0,0,2,1,-1,2,2,20,4,999,1,3,AUDI Q2,-1,-1,0,-1
2024041470284,2024,041470284,4,9,0,-1,2,2,2,-1,9,0,0,0,0,0,2,1,-1,6,-1,-1,-1,1598,2,5,AUDI Q2,-1,-1,0,-1
2024610011324,2024,610011324,1,9,0,9,9,4,2,0,0,1,0,0,0,0,4,1,6,6,1,39,7,1968,2,6,AUDI Q2,8,W01001535,0,2
2024010528590,2024,010528590,1,9,0,17,19,3,7,0,0,0,1,0,7,4,1,1,6,6,2,22,5,999,1,4,AUDI Q2,8,E01002372,0,1
2024010521476,2024,010521476,3,9,0,9,9,7,4,0,0,0,0,0,0,0,1,1,6,6,3,23,5,1498,1,0,AUDI Q2,-1,-1,0,-1
2024471517906,2024,471517906,1,9,0,-1,9,2,1,-1,0,2,0,0,0,0,3,1,-1,9,2,51,8,1498,1,0,AUDI Q2,8,E01021232,0,1
2024131517010,2024,131517010,1,9,0,-1,19,1,7,-1,0,0,0,0,0,0,1,1,-1,9,2,28,6,1498,1,2,AUDI Q2,2,E01010658,0,1
2024471416209,2024,471416209,1,9,0,-1,1,6,2,-1,0,1,0,0,2,11,2,1,-1,9,2,85,11,1498,1,5,AUDI Q2,6,E01031508,0,1
2024141533376,2024,141533376,1,9,0,-1,4,3,6,-1,0,1,0,0,0,0,2,1,-1,6,1,60,9,1498,1,0,AUDI Q2,4,E01007382,0,1
2024010548108,2024,010548108,2,9,0,99,99,9,9,99,99,9,9,99,9,99,9,9,6,6,2,31,6,1395,1,6,AUDI Q2,2,E01003267,0,1
2024210509938,2024,210509938,1,9,0,4,4,1,5,0,0,1,0,0,7,4,3,1,6,6,2,77,11,1498,1,4,AUDI Q2,10,E01018407,0,1
2024052402173,2024,052402173,2,9,0,18,19,4,8,0,0,8,1,0,7,11,1,1,3,7,2,38,7,1498,1,2,AUDI Q2,1,E01007295,0,1
2024122400396,2024,122400396,1,9,0,18,19,7,5,0,0,6,0,0,0,0,4,1,6,6,2,75,10,1498,1,3,AUDI Q2,7,E01027724,0,1
2024421436087,2024,421436087,1,9,0,-1,19,3,1,-1,0,1,1,0,0,0,1,1,-1,6,1,25,5,999,1,4,AUDI Q2,3,E01021276,0,1
2024122400822,2024,122400822,1,9,0,4,4,7,3,0,0,0,0,0,0,0,2,1,6,6,2,40,7,1498,1,1,AUDI Q2,2,E01008706,0,4
2024122400179,2024,122400179,2,9,0,18,19,3,7,0,0,0,0,0,0,0,1,1,6,6,1,77,11,1498,1,1,AUDI Q2,7,E01027816,0,3
2024010514291,2024,010514291,2,9,0,99,99,9,9,99,99,9,9,99,9,99,1,9,6,6,3,-1,-1,1395,1,7,AUDI Q2,6,E01002145,0,4
2024411411899,2024,411411899,1,9,0,-1,19,3,7,-1,0,1,0,0,0,0,3,1,-1,6,1,66,10,2993,2,10,-1,10,E01023908,0,1
2024501450479,2024,501450479,1,9,0,-1,19,5,1,-1,0,1,1,0,7,10,1,1,-1,6,1,21,5,2998,1,8,BMW M1,1,E01020094,0,3
2024010551623,2024,010551623,2,9,0,99,99,9,9,99,99,9,9,99,9,99,0,9,6,6,3,-1,-1,2979,1,9,BMW M1,10,E01031744,0,4
2024421421744,2024,421421744,1,9,0,-1,19,2,6,-1,0,0,1,0,1,0,1,1,-1,9,1,19,4,2979,1,9,BMW M1,5,E01024366,0,4
2024161439443,2024,161439443,1,9,0,-1,19,5,1,-1,0,0,0,0,1,0,1,1,-1,6,2,24,5,2979,1,9,BMW M1,4,E01012976,0,2
2024201418409,2024,201418409,1,9,0,-1,19,2,6,-1,0,8,0,10,7,2,2,9,-1,9,1,37,7,2979,1,10,BMW M1,5,E01032169,0,2
2024440222229,2024,440222229,1,9,0,18,19,7,3,0,0,0,0,0,0,0,1,1,6,6,1,23,5,2998,1,7,BMW M1,6,E01030424,0,1
2024041507624,2024,041507624,1,9,0,-1,5,1,5,-1,0,0,0,0,0,0,1,1,-1,9,2,66,10,1998,1,0,BMW M1,10,E01025278,0,1
2024522401311,2024,522401311,1,9,0,14,14,3,7,0,0,1,0,0,0,0,3,1,6,6,3,-1,-1,2998,1,7,BMW M1,-1,-1,0,-1
2024161490605,2024,161490605,1,9,0,-1,19,4,8,-1,0,0,0,0,0,0,1,1,-1,6,1,22,5,2979,1,8,BMW M1,5,E01033414,0,1
2024201478148,2024,201478148,1,9,0,-1,19,3,7,-1,0,8,0,0,0,0,3,9,-1,6,3,-1,-1,2998,1,6,BMW M1,-1,-1,0,-1
2024440530508,2024,440530508,1,9,0,16,19,3,5,0,0,5,0,0,0,0,1,1,6,6,1,29,6,2979,1,9,BMW M1,4,E01033381,0,4
2024991514388,2024,991514388,2,9,0,-1,2,0,0,-1,0,0,0,0,0,0,4,2,-1,6,-1,-1,-1,2998,1,6,BMW M1,-1,-1,0,-1
2024201407586,2024,201407586,2,9,0,-1,3,4,7,-1,0,1,0,0,0,0,2,1,-1,2,1,28,6,2998,1,5,BMW M1,2,E01010052,0,1
2024451447339,2024,451447339,4,9,0,-1,4,5,1,-1,0,0,0,0,0,0,2,1,-1,6,1,30,6,2979,1,8,BMW M1,7,E01022679,0,4
2024361456047,2024,361456047,2,9,0,-1,3,4,8,-1,0,1,0,0,0,0,3,1,-1,9,1,25,5,2979,1,10,BMW M1,5,E01026423,0,1
2024201445001,2024,201445001,1,9,0,-1,19,1,5,-1,0,0,0,0,0,0,1,1,-1,6,3,-1,-1,1998,1,2,BMW M1,-1,-1,0,-1
2024211481613,2024,211481613,2,9,0,-1,10,7,3,-1,0,1,0,0,0,0,3,1,-1,9,1,26,6,2998,1,5,BMW M1,-1,-1,0,-1
2024041419054,2024,041419054,2,9,0,-1,6,3,7,-1,0,1,0,0,0,0,1,1,-1,6,1,23,5,2979,1,8,BMW M1,10,E01025414,0,3
2024010510867,2024,010510867,1,9,0,15,15,7,3,0,0,2,0,0,0,0,1,1,6,6,1,25,5,2979,1,8,BMW M1,-1,-1,0,-1
2024430563449,2024,430563449,2,9,0,18,19,1,5,0,0,1,0,0,0,0,1,1,6,6,1,-1,-1,2998,1,7,BMW M1,-1,-1,0,-1
2024070266742,2024,070266742,1,9,0,16,19,3,7,0,0,0,2,0,1,4,3,1,2,2,1,27,6,2998,1,8,BMW M1,3,E01006061,0,4
2024201434125,2024,201434125,1,9,0,-1,19,1,5,-1,0,0,1,0,0,0,4,9,-1,6,-1,24,5,2998,1,7,BMW M1,1,E01009367,0,1
2024201470301,2024,201470301,2,9,0,-1,3,5,2,-1,0,0,0,0,0,0,2,1,-1,6,1,28,6,2998,1,8,BMW M1,1,E01009350,0,2
2024340WN5112,2024,340WN5112,3,9,0,-1,2,0,0,-1,0,0,0,0,0,0,1,1,-1,6,3,-1,-1,2979,1,10,BMW M1,-1,-1,0,-1
2024430293550,2024,430293550,3,9,0,18,19,8,4,0,0,0,0,0,0,0,1,1,6,6,1,25,5,1998,1,3,BMW M1,9,E01025870,0,5
2024010546586,2024,010546586,1,9,0,99,99,9,9,99,99,9,9,99,9,99,2,9,6,6,2,39,7,1998,1,0,BMW M1,6,E01034596,0,2
2024430440347,2024,430440347,1,9,0,9,9,2,8,0,0,5,0,0,0,0,4,1,2,2,2,43,7,2998,1,7,BMW M1,6,E01017827,0,1
2024070138981,2024,070138981,1,9,0,16,19,4,8,0,0,0,0,0,0,0,1,1,6,6,1,35,6,1998,1,1,BMW M1,9,E01018386,0,3
2024101399720,2024,101399720,1,9,0,-1,7,7,3,-1,0,0,0,0,0,0,1,1,-1,6,1,32,6,2998,1,6,BMW M1,7,E01008761,0,1
2024010491499,2024,010491499,1,9,0,18,19,3,7,9,9,1,0,0,1,5,1,1,6,6,1,24,5,1998,1,3,BMW M1,-1,-1,0,-1
2024070672442,2024,070672442,1,9,0,18,19,7,3,0,0,3,0,0,0,0,1,1,6,6,2,-1,-1,1998,1,2,BMW M1,10,E01006081,0,3
2024421408720,2024,421408720,2,9,0,-1,5,1,5,-1,0,6,1,0,1,10,3,9,-1,6,1,25,5,2979,1,9,BMW M1,9,E01021280,0,2
2024622400359,2024,622400359,3,9,0,18,19,2,6,0,0,0,0,0,0,0,4,1,6,6,1,26,6,1998,1,4,BMW M1,2,E01000153,0,5
2024201436689,2024,201436689,2,9,0,-1,19,8,4,-1,0,8,0,0,0,0,3,1,-1,9,1,34,6,1998,1,4,BMW M1,8,E01009800,0,1
2024122400903,2024,122400903,1,9,0,18,19,3,8,0,0,1,0,0,0,0,1,1,6,6,1,35,6,2998,1,7,BMW M1,6,E01027834,0,2
2024201461728,2024,201461728,1,9,0,-1,5,8,6,-1,0,6,1,0,0,0,4,1,-1,6,-1,-1,-1,2998,1,5,BMW M1,-1,-1,0,-1
2024010521977,2024,010521977,1,9,0,12,12,3,7,0,0,6,1,0,0,0,3,1,2,2,1,25,5,2998,1,6,BMW M1,3,E01015923,0,1
2024131463699,2024,131463699,2,9,0,-1,14,7,3,-1,0,0,0,0,0,0,4,1,-1,6,1,21,5,2979,1,11,BMW M1,2,E01011237,0,1
2024010540152,2024,010540152,2,9,0,99,99,9,9,99,99,9,9,99,9,99,1,9,6,6,3,-1,-1,1998,1,0,BMW M1,4,E01001137,0,2
2024430615747,2024,430615747,1,9,0,9,9,1,6,0,0,1,0,0,0,0,1,1,6,6,1,28,6,2998,1,8,BMW M1,8,E01028472,0,3