collision_index,collision_year,collision_ref_no,vehicle_reference,vehicle_type,towing_and_articulation,vehicle_manoeuvre_historic,vehicle_manoeuvre,vehicle_direction_from,vehicle_direction_to,vehicle_location_restricted_lane_historic,vehicle_location_restricted_lane,junction_location,skidding_and_overturning,hit_object_in_carriageway,vehicle_leaving_carriageway,hit_object_off_carriageway,first_point_of_impact,vehicle_left_hand_drive,journey_purpose_of_driver_historic,journey_purpose_of_driver,sex_of_driver,age_of_driver,age_band_of_driver,engine_capacity_cc,propulsion_code,age_of_vehicle,generic_make_model,driver_imd_decile,lsoa_of_driver,escooter_flag,driver_distance_banding
2024041406153,2024,041406153,2,9,0,-1,7,7,8,-1,0,0,0,0,0,0,0,1,-1,9,1,43,7,2979,1,11,BMW M1,5,E01025401,0,2
2024131528485,2024,131528485,2,9,0,-1,19,3,7,-1,0,6,0,0,0,0,0,1,-1,1,1,-1,-1,1998,1,2,BMW M1,6,E01011885,0,4
2024010529810,2024,010529810,1,9,0,7,7,1,3,0,0,5,0,7,0,0,1,1,6,6,1,23,5,2998,1,6,BMW M1,-1,-1,0,-1
2024131464045,2024,131464045,2,9,0,-1,19,2,6,-1,0,0,0,0,1,0,4,1,-1,9,1,45,7,2998,1,5,BMW M1,1,E01011294,0,1
2024221486709,2024,221486709,1,9,0,-1,4,1,6,-1,0,6,0,0,0,0,2,9,-1,6,2,27,6,2998,1,7,BMW M1,4,E01014209,0,1
2024031443817,2024,031443817,1,9,0,-1,4,5,1,-1,0,0,0,0,0,0,1,1,-1,2,1,24,5,2979,1,11,BMW M1,1,E01034069,0,1
2024141418627,2024,141418627,1,9,0,-1,19,7,3,-1,0,0,0,0,0,0,1,1,-1,6,1,24,5,2998,1,5,BMW M1,6,E01007421,0,2
2024122400394,2024,122400394,2,9,0,18,19,7,3,0,0,0,0,0,1,3,1,1,6,6,1,63,9,2998,1,7,BMW M1,7,E01027713,0,1
2024471535674,2024,471535674,2,9,0,-1,4,3,7,-1,0,0,0,0,0,0,2,1,-1,9,1,27,6,1998,1,0,BMW M1,5,E01031810,0,1
2024131526412,2024,131526412,3,9,0,-1,19,1,5,-1,0,2,0,0,0,0,0,1,-1,1,1,-1,-1,1998,1,2,BMW M1,6,E01011885,0,2
2024041461448,2024,041461448,2,9,0,-1,19,3,7,-1,0,0,1,11,0,0,2,1,-1,9,1,55,8,1998,1,2,BMW M1,6,E01025541,0,3
2024041420400,2024,041420400,2,9,0,-1,10,1,5,-1,0,0,0,0,0,0,4,1,-1,9,1,69,10,1998,1,1,BMW M1,3,E01004819,0,4
2024010543046,2024,010543046,1,9,0,12,12,7,3,0,0,0,0,0,0,0,3,1,2,2,1,33,6,2979,1,10,BMW M1,6,E01003173,0,3
2024201527015,2024,201527015,2,9,0,-1,19,7,3,-1,0,6,1,0,0,0,3,1,-1,9,1,43,7,2979,1,10,BMW M1,6,E01010024,0,1
2024302401349,2024,302401349,1,9,0,4,4,2,6,0,0,1,0,0,0,0,1,1,6,6,3,-1,-1,2998,1,6,BMW M1,5,E01019456,0,1
2024430261883,2024,430261883,1,9,0,13,13,2,6,0,0,1,0,0,0,0,1,1,2,2,1,41,7,2979,1,9,BMW M1,7,E01033972,0,3
2024061459094,2024,061459094,2,9,0,-1,4,1,2,-1,0,5,0,0,0,0,3,1,-1,9,1,33,6,2979,1,9,BMW M1,2,E01004972,0,1
2024547081224,2024,547081224,2,9,0,18,19,2,6,0,0,0,0,0,4,6,2,1,6,6,1,27,6,2998,1,7,BMW M1,4,E01015578,0,3
2024131500673,2024,131500673,1,9,0,-1,4,6,2,-1,0,2,0,11,0,0,3,1,-1,9,1,48,8,1998,1,4,BMW M1,2,E01011334,0,1
2024351443051,2024,351443051,3,9,0,-1,19,1,5,-1,0,0,0,0,1,0,3,1,-1,6,2,52,8,2998,1,7,BMW M1,3,E01015618,0,2
2024520403338,2024,520403338,1,9,0,17,19,2,5,0,0,0,0,0,1,4,1,1,6,6,1,25,5,1998,1,0,BMW M1,5,E01029071,0,1
2024041467891,2024,041467891,1,9,0,-1,15,1,5,-1,0,1,0,0,0,0,4,2,-1,9,1,35,6,2998,1,8,BMW M1,5,E01025095,0,1
2024451457374,2024,451457374,1,9,0,-1,19,1,5,-1,0,0,0,4,0,0,1,1,-1,9,1,22,5,1998,1,4,BMW M1,10,E01030367,0,1
2024221442288,2024,221442288,1,9,0,-1,6,5,5,-1,0,0,0,0,0,0,3,1,-1,6,1,29,6,1998,1,4,BMW M1,4,E01009871,0,3
2024161459860,2024,161459860,2,9,0,-1,10,1,7,-1,0,1,0,0,0,0,1,9,-1,6,1,-1,-1,2998,1,8,BMW M1,-1,-1,0,-1
2024451449669,2024,451449669,2,9,0,-1,2,0,0,-1,9,0,0,4,0,0,3,1,-1,6,-1,-1,-1,2979,1,12,BMW M1,-1,-1,0,-1
2024122400459,2024,122400459,2,9,0,17,19,1,5,0,0,0,2,0,2,3,1,1,1,1,1,42,7,1998,1,1,BMW M1,-1,-1,0,-1
2024520003124,2024,520003124,1,9,0,18,19,8,4,0,0,1,0,0,0,0,1,1,6,6,1,29,6,2979,1,8,BMW M1,1,E01014584,0,2
2024010505683,2024,010505683,2,9,0,99,99,9,9,99,99,9,9,99,9,99,9,9,6,6,3,-1,-1,2979,1,10,BMW M1,7,E01035279,0,4
2024471400735,2024,471400735,2,9,0,-1,2,0,0,-1,0,0,0,0,0,0,4,1,-1,1,1,41,7,2979,1,10,BMW M1,6,E01031709,0,4
2024061524125,2024,061524125,1,9,0,-1,19,3,7,-1,0,8,0,0,0,0,1,1,-1,6,1,26,6,2979,1,9,BMW M1,-1,-1,0,-1
2024010521671,2024,010521671,1,9,0,99,99,9,9,99,99,9,9,99,9,99,9,9,2,2,2,27,6,2979,1,9,BMW M1,7,E01035329,0,4
2024451441933,2024,451441933,2,9,0,-1,5,8,7,-1,0,6,0,0,0,0,1,1,-1,9,1,25,5,2979,1,11,BMW M1,6,E01002602,0,2
2024991445167,2024,991445167,1,9,0,-1,19,6,2,-1,0,0,0,0,0,0,3,1,-1,9,1,26,6,2998,1,7,BMW M1,10,-1,0,1
2024332400727,2024,332400727,1,9,0,-1,19,5,8,-1,0,0,1,0,7,4,3,1,-1,6,1,35,6,2998,1,8,BMW M1,9,E01025820,0,2
2024010524117,2024,010524117,1,9,0,18,19,7,3,0,0,3,2,0,0,0,4,1,6,6,1,25,5,2998,1,7,BMW M1,3,E01001858,0,1
2024010533657,2024,010533657,3,9,0,18,19,7,3,0,0,8,0,0,0,0,1,1,6,6,3,-1,-1,2979,1,9,BMW M1,-1,-1,0,-1
2024131515932,2024,131515932,1,9,0,-1,19,1,5,-1,0,1,0,0,7,0,3,1,-1,6,3,-1,-1,1998,1,4,BMW M1,-1,-1,0,-1
2024010525827,2024,010525827,1,9,0,99,99,9,9,99,99,0,9,99,9,99,9,9,6,6,1,18,4,2998,1,6,BMW M1,6,E01001293,0,1
2024221481099,2024,221481099,2,9,0,-1,19,3,7,-1,0,8,5,0,0,0,1,1,-1,6,2,32,6,1998,1,1,BMW M1,4,E01014033,0,4
2024061489698,2024,061489698,2,9,0,-1,3,3,7,-1,0,0,0,0,0,0,2,1,-1,9,1,32,6,1998,1,0,BMW M1,7,E01018711,0,4
2024010507379,2024,010507379,1,9,0,18,19,1,5,0,0,2,5,4,0,0,1,1,6,6,1,29,6,1998,1,0,BMW M1,9,E01000713,0,1
2024041431281,2024,041431281,1,9,0,-1,19,3,7,-1,0,1,1,0,7,4,2,1,-1,6,1,20,4,2998,1,8,BMW M1,8,E01019353,0,4
2024471426255,2024,471426255,2,9,0,-1,19,1,4,-1,0,1,0,0,0,0,1,1,-1,9,1,23,5,2998,1,8,BMW M1,6,E01031378,0,3
2024010536814,2024,010536814,2,9,0,99,99,9,9,0,0,0,0,99,0,0,1,9,6,6,3,-1,-1,2998,1,8,BMW M1,4,E01001552,0,4
2024131493565,2024,131493565,1,9,0,-1,7,2,2,-1,0,0,1,0,0,0,1,1,-1,6,3,-1,-1,2998,1,5,BMW M1,-1,-1,0,-1
2024010551146,2024,010551146,2,9,0,12,12,5,1,0,0,8,0,0,0,0,0,1,6,6,1,56,9,2998,1,6,BMW M1,4,E01035248,0,3
2024201414866,2024,201414866,1,9,0,-1,5,7,5,-1,0,0,0,0,0,0,1,1,-1,6,3,40,7,2979,1,11,BMW M1,-1,-1,0,-1
2024430218433,2024,430218433,2,9,0,3,3,8,4,0,0,1,0,0,0,0,2,1,6,6,2,49,8,1998,1,3,BMW M1,10,E01017938,0,1
2024161465005,2024,161465005,1,9,0,-1,9,2,8,-1,0,6,0,0,0,0,3,1,-1,9,2,56,9,2998,1,5,BMW M1,4,E01013416,0,3
2024622400365,2024,622400365,2,9,0,18,19,4,8,0,0,0,0,0,0,0,1,1,6,6,1,23,5,2979,1,12,BMW M1,9,W01001122,0,3
2024320417902,2024,320417902,2,9,0,-1,-1,4,2,0,0,8,0,0,8,0,4,1,6,6,2,54,8,1998,1,0,BMW M1,8,E01013305,0,3
2024052402206,2024,052402206,1,9,0,5,5,8,4,0,0,6,0,10,1,0,1,1,6,6,1,34,6,1998,1,3,BMW M1,1,E01006763,0,2
2024531469934,2024,531469934,1,9,0,-1,13,7,3,-1,0,0,0,0,0,0,4,1,-1,9,1,48,8,1998,1,3,BMW M1,5,E01022440,0,2
2024010535166,2024,010535166,1,9,0,18,19,3,7,0,0,0,0,0,0,0,1,1,3,7,2,44,7,1998,1,0,BMW M1,7,E01030755,0,2
2024991394794,2024,991394794,1,9,0,-1,9,8,6,-1,0,8,0,0,0,0,1,1,-1,2,1,25,5,2998,1,7,BMW M1,5,-1,0,2
2024141506163,2024,141506163,3,9,0,-1,19,3,8,-1,0,1,0,0,0,0,1,1,-1,6,1,27,6,2998,1,6,BMW M1,1,E01008075,0,2
2024010525228,2024,010525228,2,9,0,17,19,2,6,0,0,1,0,0,0,0,4,1,6,6,1,35,6,2998,1,8,BMW M1,7,E01002423,0,3
2024010532313,2024,010532313,1,9,0,-1,-1,1,5,0,0,0,0,0,0,0,1,1,6,6,1,24,5,2998,1,7,BMW M1,4,E01000846,0,1
2024522403452,2024,522403452,3,9,0,18,19,6,2,0,0,0,0,0,0,0,3,1,6,6,1,58,9,2998,1,6,BMW M1,10,E01014988,0,1
2024201580146,2024,201580146,2,9,0,-1,5,1,1,-1,0,1,0,0,0,0,1,9,-1,6,1,20,4,2998,1,7,BMW M1,3,E01009045,0,1
2024991520165,2024,991520165,1,9,0,-1,20,7,3,-1,0,0,0,0,0,0,4,1,-1,6,1,24,5,1998,1,4,BMW M1,3,-1,0,3
2024522402099,2024,522402099,1,9,0,9,9,8,6,0,0,6,0,0,0,0,1,1,6,6,2,32,6,2998,1,6,BMW M1,7,E01014962,0,2
2024201486723,2024,201486723,1,9,0,-1,1,1,5,-1,9,0,0,0,0,0,2,9,-1,6,1,40,7,1998,1,4,BMW M1,-1,-1,0,-1
2024471513699,2024,471513699,2,9,0,-1,4,1,5,-1,0,0,0,0,0,0,2,1,-1,6,2,33,6,1998,1,2,BMW M1,6,E01016990,0,1
202417L201924,2024,17L201924,2,9,0,18,19,7,3,0,0,0,0,0,0,0,0,1,1,1,1,40,7,1998,1,3,BMW M1,-1,-1,0,-1
2024010506287,2024,010506287,2,9,0,9,9,1,7,0,0,8,0,0,0,0,3,1,6,6,1,28,6,2998,1,6,BMW M1,5,E01002448,0,1
2024501507825,2024,501507825,1,9,0,-1,9,5,1,-1,0,8,0,0,0,0,1,1,-1,6,1,55,8,2979,1,10,BMW M1,5,E01018938,0,1
2024211533119,2024,211533119,1,9,0,-1,12,3,7,-1,0,0,0,10,0,0,3,1,-1,9,1,25,5,2998,1,7,BMW M1,3,E01014364,0,1
2024131414005,2024,131414005,2,9,0,-1,19,7,3,-1,0,0,0,0,0,0,1,1,-1,1,1,28,6,1998,1,2,BMW M1,6,E01011885,0,2
2024991514591,2024,991514591,2,17,4,-1,9,4,2,-1,0,6,0,0,0,0,3,1,-1,1,1,63,9,6728,2,0,-1,7,-1,0,1
2024501533227,2024,501533227,2,17,0,-1,19,7,3,-1,0,8,0,0,0,0,1,1,-1,9,1,48,8,6728,2,3,-1,5,E01020137,0,2
2024991421830,2024,991421830,1,17,4,-1,19,4,8,-1,0,0,0,0,0,0,3,1,-1,9,1,34,6,6728,2,4,-1,6,-1,0,2
2024141494289,2024,141494289,1,17,4,-1,9,2,8,-1,-1,0,0,0,0,0,3,1,-1,1,2,28,6,6728,2,1,-1,9,E01007561,0,3
2024631487799,2024,631487799,1,17,4,-1,19,8,2,-1,0,8,1,0,3,11,1,2,-1,1,1,54,8,6728,2,3,-1,5,W01000522,0,4
2024320378862,2024,320378862,2,17,0,-1,-1,6,2,0,0,0,0,0,0,0,3,1,1,1,1,35,6,6728,2,1,-1,7,E01027043,0,3
2024221471607,2024,221471607,2,17,0,-1,19,7,3,-1,0,0,0,0,0,0,1,1,-1,6,1,23,5,6728,2,3,-1,8,W01000457,0,3
2024501447392,2024,501447392,3,17,0,-1,12,8,4,-1,0,0,0,0,0,0,0,1,-1,1,1,41,7,6728,2,1,-1,6,E01020056,0,3
2024440480949,2024,440480949,1,9,0,4,4,3,7,0,0,0,0,0,3,10,1,1,6,6,1,19,4,999,1,0,DACIA SANDERO,6,W01001587,0,5
2024052401199,2024,052401199,1,9,0,6,6,1,1,0,0,0,0,0,0,0,3,1,6,6,2,-1,-1,1149,1,8,DACIA SANDERO,6,E01006939,0,1
2024501519858,2024,501519858,1,9,0,-1,19,1,5,-1,0,0,0,0,0,0,1,1,-1,1,2,45,7,1149,1,10,DACIA SANDERO,6,E01019942,0,1
2024471429734,2024,471429734,1,9,0,-1,4,3,7,-1,0,4,0,0,0,0,2,1,-1,9,2,44,7,1461,2,11,DACIA SANDERO,5,E01031501,0,3
2024631473076,2024,631473076,1,9,0,-1,19,6,2,-1,0,0,0,0,0,0,1,1,-1,9,2,56,9,998,1,7,DACIA SANDERO,1,W01000734,0,1
2024991441336,2024,991441336,2,9,0,-1,4,1,5,-1,0,8,0,0,0,0,2,1,-1,2,2,25,5,999,7,2,DACIA SANDERO,2,-1,0,3
2024991533825,2024,991533825,2,9,0,-1,19,3,7,-1,0,1,0,0,0,0,1,1,-1,6,2,34,6,1149,1,10,DACIA SANDERO,4,-1,0,1
2024991449853,2024,991449853,1,9,0,-1,19,3,7,-1,0,0,0,0,0,0,1,1,-1,6,2,80,11,898,1,10,DACIA SANDERO,3,-1,0,1
2024991509250,2024,991509250,1,9,0,-1,4,1,5,-1,0,2,0,0,0,0,4,1,-1,9,2,62,9,999,1,1,DACIA SANDERO,5,-1,0,1
2024371460826,2024,371460826,3,9,-1,-1,-1,-1,-1,-1,-1,0,-1,-1,-1,0,-1,9,-1,6,2,-1,-1,1461,2,11,DACIA SANDERO,-1,-1,0,-1
2024421461092,2024,421461092,2,9,0,-1,19,7,3,-1,0,0,0,0,0,0,2,1,-1,9,2,28,6,898,1,4,DACIA SANDERO,6,E01030209,0,4
2024351471164,2024,351471164,3,9,0,-1,3,4,8,-1,0,0,0,0,0,0,2,1,-1,6,2,37,7,1461,2,10,DACIA SANDERO,9,E01018209,0,2
2024991406985,2024,991406985,1,9,0,-1,19,4,8,-1,0,0,0,11,0,0,1,1,-1,9,1,53,8,1461,2,9,DACIA SANDERO,-1,-1,0,-1
2024440389281,2024,440389281,2,9,0,3,3,5,1,0,0,1,0,0,0,0,2,1,2,2,2,23,5,898,1,4,DACIA SANDERO,1,E01022905,0,1
202454E398524,2024,54E398524,1,9,0,7,7,5,7,0,0,6,0,0,0,0,4,1,1,1,2,55,8,898,1,7,DACIA SANDERO,7,E01032024,0,1
2024111450952,2024,111450952,1,9,0,-1,9,1,7,-1,0,0,0,0,0,0,3,1,-1,9,2,49,8,898,1,7,DACIA SANDERO,9,E01020698,0,2
2024622400834,2024,622400834,2,9,0,18,19,8,4,0,0,0,0,0,0,0,1,1,6,6,2,36,7,898,1,10,DACIA SANDERO,1,W01000975,0,4
2024101454369,2024,101454369,2,9,0,-1,19,1,5,-1,0,1,0,0,0,0,1,1,-1,6,2,55,8,898,1,7,DACIA SANDERO,2,E01008474,0,1
2024991499299,2024,991499299,2,9,0,-1,13,3,7,-1,0,0,0,0,0,0,3,1,-1,6,2,88,11,1149,1,11,DACIA SANDERO,6,-1,0,4
2024010510893,2024,010510893,2,9,0,99,99,9,9,99,99,9,9,99,9,99,1,9,6,6,3,54,8,898,1,10,DACIA SANDERO,8,E01004585,0,1
2024552400554,2024,552400554,2,9,0,18,19,5,1,0,0,1,0,0,0,0,4,1,6,6,1,55,8,1461,2,8,DACIA SANDERO,8,E01034380,0,1
2024141416908,2024,141416908,1,9,0,-1,19,3,7,-1,0,3,0,0,1,0,3,1,-1,9,2,22,5,898,1,7,DACIA SANDERO,3,E01007817,0,2
2024010505732,2024,010505732,2,9,0,1,1,3,7,0,0,0,0,0,0,0,1,1,2,2,1,34,6,998,1,6,DACIA SANDERO,3,E01016164,0,4
2024501403882,2024,501403882,3,9,0,-1,19,7,3,-1,0,0,0,0,1,11,1,1,-1,6,1,48,8,1461,2,6,DACIA SANDERO,4,E01034850,0,2
2024010506975,2024,010506975,4,9,0,18,19,7,3,0,0,0,0,1,0,0,1,1,6,6,2,29,6,1149,1,8,DACIA SANDERO,2,E01001057,0,1
2024552401291,2024,552401291,2,9,0,17,19,3,8,0,0,8,0,0,0,0,1,1,1,1,1,55,8,898,1,6,DACIA SANDERO,10,E01020370,0,3
2024991525134,2024,991525134,1,9,0,-1,19,5,4,-1,0,4,0,0,0,0,1,1,-1,9,2,70,10,898,1,10,DACIA SANDERO,6,-1,0,2
2024311434205,2024,311434205,1,9,0,-1,4,1,5,-1,0,0,0,0,0,0,1,1,-1,1,1,22,5,999,1,1,DACIA SANDERO,1,E01013891,0,2
2024131397304,2024,131397304,2,9,0,-1,19,7,3,-1,0,4,0,9,0,0,4,1,-1,6,2,54,8,999,1,3,DACIA SANDERO,7,E01011550,0,1
2024991449133,2024,991449133,1,9,0,-1,9,1,6,-1,0,6,0,0,0,0,1,1,-1,9,1,79,11,998,1,5,DACIA SANDERO,9,-1,0,2
2024041453967,2024,041453967,1,9,0,-1,5,5,1,-1,0,4,0,0,0,0,1,1,-1,6,1,52,8,898,1,8,DACIA SANDERO,1,E01024953,0,1
2024991444365,2024,991444365,1,9,0,-1,7,2,6,-1,0,0,0,0,0,0,0,1,-1,6,1,88,11,999,1,3,DACIA SANDERO,3,-1,0,1
2024211443800,2024,211443800,2,9,0,-1,19,8,3,-1,0,0,0,0,0,0,2,1,-1,6,1,60,9,999,1,3,DACIA SANDERO,-1,-1,0,-1
2024141535346,2024,141535346,1,9,0,-1,4,1,5,-1,0,0,0,0,0,0,2,1,-1,6,1,55,8,999,1,1,DACIA SANDERO,4,-1,0,5
2024461489889,2024,461489889,1,9,0,-1,19,3,7,-1,0,0,0,0,0,0,1,1,-1,9,1,29,6,1149,1,11,DACIA SANDERO,7,E01035287,0,1
2024340WN1692,2024,340WN1692,2,9,0,-1,19,1,5,-1,0,1,0,0,0,0,1,1,-1,2,2,34,6,898,1,6,DACIA SANDERO,5,E01027138,0,1
2024221463317,2024,221463317,2,9,0,-1,9,4,1,-1,0,6,0,0,0,0,1,9,-1,6,1,78,11,999,1,3,DACIA SANDERO,7,W01000311,0,4
2024631400186,2024,631400186,1,9,0,-1,4,6,2,-1,0,1,0,0,0,0,2,1,-1,9,1,18,4,1461,2,7,DACIA SANDERO,4,W01000533,0,3
2024161519375,2024,161519375,1,9,0,-1,19,7,3,-1,0,1,0,0,0,0,1,9,-1,6,1,83,11,1149,1,9,DACIA SANDERO,5,E01012768,0,1
2024471530874,2024,471530874,1,9,0,-1,19,6,2,-1,0,0,0,0,0,0,4,1,-1,2,2,64,9,898,1,9,DACIA SANDERO,9,E01021042,0,1
2024471485870,2024,471485870,2,9,0,-1,19,6,2,-1,0,0,0,0,7,2,1,1,-1,9,1,71,10,999,7,2,DACIA SANDERO,9,E01031721,0,1
2024991506207,2024,991506207,1,9,0,-1,19,3,8,-1,0,1,0,0,7,9,1,1,-1,9,2,44,7,999,1,0,DACIA SANDERO,7,-1,0,4
2024052401023,2024,052401023,2,9,0,18,19,8,4,0,0,0,0,0,0,0,4,1,6,6,2,59,9,1149,1,8,DACIA SANDERO,1,E01006598,0,1
2024131519481,2024,131519481,1,9,0,-1,-1,-1,-1,-1,-1,0,-1,-1,-1,-1,0,1,-1,6,3,-1,-1,898,1,4,DACIA SANDERO,-1,-1,0,-1
2024010531094,2024,010531094,2,9,0,99,99,9,9,99,99,9,9,99,9,99,2,9,6,6,3,-1,-1,1461,2,8,DACIA SANDERO,-1,-1,0,-1
2024371504886,2024,371504886,2,9,0,-1,4,6,2,-1,0,0,0,0,0,0,2,1,-1,9,2,48,8,898,1,6,DACIA SANDERO,8,E01026450,0,4
2024371466973,2024,371466973,2,9,0,-1,19,7,3,-1,0,0,0,0,0,0,4,1,-1,2,1,49,8,1461,2,9,DACIA SANDERO,4,E01029962,0,1
2024440099780,2024,440099780,2,9,0,4,4,3,7,0,0,0,0,0,0,0,2,1,6,6,2,46,8,1461,2,9,DACIA SANDERO,4,E01023106,0,1
2024501533287,2024,501533287,2,9,0,-1,9,3,7,-1,0,1,0,0,0,0,1,1,-1,9,1,62,9,999,1,0,DACIA SANDERO,2,E01019046,0,3
2024201519619,2024,201519619,1,9,0,-1,19,2,6,-1,0,1,0,0,0,0,1,1,-1,6,2,35,6,898,1,7,DACIA SANDERO,8,E01010119,0,1
2024010536289,2024,010536289,1,9,0,18,19,1,5,9,9,1,0,0,0,0,1,1,6,6,1,18,4,999,1,1,DACIA SANDERO,-1,-1,0,-1
2024161486834,2024,161486834,3,9,0,-1,19,7,3,-1,0,0,0,0,0,0,1,1,-1,1,1,26,6,1149,1,10,DACIA SANDERO,10,E01033495,0,3
2024622500004,2024,622500004,1,9,0,9,9,7,5,0,0,8,0,0,0,0,1,1,6,6,2,40,7,999,1,1,DACIA SANDERO,1,W01001813,0,1
2024401398755,2024,401398755,1,9,0,-1,1,-1,-1,-1,0,0,0,0,0,0,2,9,-1,6,2,53,8,999,1,2,DACIA SANDERO,6,E01015721,0,1
2024101409751,2024,101409751,1,9,0,-1,4,7,3,-1,0,1,0,0,0,0,1,9,-1,6,1,-1,-1,998,1,5,DACIA SANDERO,-1,-1,0,-1
2024622400844,2024,622400844,4,9,0,18,19,8,4,0,0,0,0,0,0,0,2,1,2,2,1,30,6,898,1,5,DACIA SANDERO,2,W01000660,0,4
2024131424682,2024,131424682,1,9,0,-1,7,1,5,-1,0,8,0,0,0,0,1,1,-1,9,2,76,11,999,1,1,DACIA SANDERO,3,E01010657,0,1
2024622400114,2024,622400114,2,9,0,18,19,4,8,0,0,0,0,0,0,0,2,1,2,2,2,42,7,999,1,1,DACIA SANDERO,2,W01000942,0,3
2024131440821,2024,131440821,1,9,0,-1,19,7,3,-1,0,1,5,0,0,0,4,1,-1,9,2,33,6,898,1,10,DACIA SANDERO,1,E01011429,0,1
2024131406995,2024,131406995,1,9,0,-1,9,5,3,-1,0,8,0,0,0,0,3,1,-1,6,1,37,7,999,1,2,DACIA SANDERO,6,E01035049,0,2
2024451426825,2024,451426825,1,9,0,-1,19,4,8,-1,0,0,0,0,0,0,1,1,-1,2,2,18,4,998,1,5,DACIA SANDERO,9,E01030856,0,1
2024320259537,2024,320259537,1,9,0,-1,-1,8,4,0,0,0,0,0,6,10,1,1,6,6,1,40,7,999,1,1,DACIA SANDERO,1,E01007626,0,4
2024101400744,2024,101400744,1,9,0,-1,9,1,7,-1,0,8,0,0,0,0,1,1,-1,2,2,45,7,898,1,10,DACIA SANDERO,8,E01008657,0,1
2024991407932,2024,991407932,3,9,0,-1,8,3,5,-1,0,1,0,0,0,0,1,1,-1,9,1,33,6,898,1,7,DACIA SANDERO,-1,-1,0,-1
2024991493665,2024,991493665,2,9,0,-1,19,4,7,-1,0,0,5,0,0,0,4,1,-1,9,2,51,8,999,7,0,DACIA SANDERO,8,-1,0,1
2024522401588,2024,522401588,2,9,9,18,19,5,1,0,0,4,0,0,0,0,3,1,6,6,3,-1,-1,898,1,4,DACIA SANDERO,-1,-1,0,-1
2024131402576,2024,131402576,1,9,0,-1,-1,-1,-1,-1,-1,-1,-1,-1,-1,-1,-1,1,-1,6,3,-1,-1,998,1,6,DACIA SANDERO,-1,-1,0,-1
2024161452155,2024,161452155,1,9,0,-1,9,5,3,-1,0,8,0,0,0,0,4,1,-1,6,2,62,9,999,1,2,DACIA SANDERO,9,E01013103,0,1
2024122401313,2024,122401313,1,9,0,9,9,2,8,0,0,1,0,0,0,0,1,1,6,6,2,64,9,898,1,10,DACIA SANDERO,8,E01027640,0,1
2024531464452,2024,531464452,3,9,0,-1,4,1,5,-1,0,0,0,0,0,0,2,1,-1,9,1,71,10,1461,2,8,DACIA SANDERO,9,E01022443,0,1
2024501426577,2024,501426577,1,8,0,-1,19,3,7,-1,0,0,5,0,1,4,1,1,-1,9,1,18,4,998,1,6,DACIA SANDERO,10,E01031739,0,5
2024052401874,2024,052401874,2,9,0,18,19,4,8,0,0,1,0,0,0,0,1,1,6,6,2,29,6,898,1,4,DACIA SANDERO,2,E01006510,0,1
2024010514569,2024,010514569,2,9,0,99,99,9,9,99,99,9,9,99,9,99,1,9,6,6,3,-1,-1,998,1,7,DACIA SANDERO,-1,-1,0,-1
2024451458161,2024,451458161,1,9,0,-1,19,5,1,-1,-1,0,0,10,6,0,3,1,-1,9,2,54,8,898,1,5,DACIA SANDERO,5,E01030569,0,1
2024991441696,2024,991441696,2,9,0,-1,2,0,0,-1,0,0,1,0,1,0,2,1,-1,6,-1,-1,-1,1461,2,11,DACIA SANDERO,-1,-1,0,-1
2024211488781,2024,211488781,1,9,0,-1,11,1,5,-1,0,0,2,0,0,0,1,1,-1,9,2,35,6,898,1,8,DACIA SANDERO,-1,-1,0,-1
2024231437518,2024,231437518,1,9,0,-1,19,6,2,-1,0,6,0,0,0,0,1,1,-1,2,1,24,5,999,1,1,DACIA SANDERO,10,E01031121,0,3
2024141426230,2024,141426230,2,9,0,-1,2,0,0,-1,-1,0,0,0,0,0,2,1,-1,6,2,47,8,999,7,2,DACIA SANDERO,8,E01007599,0,4
2024131478227,2024,131478227,1,9,0,-1,19,7,3,-1,0,8,0,0,0,0,4,1,-1,9,2,43,7,898,1,9,DACIA SANDERO,2,E01010815,0,1
2024991418226,2024,991418226,2,9,0,-1,19,4,7,-1,0,0,0,0,0,0,1,1,-1,9,1,63,9,998,1,4,DACIA SANDERO,8,-1,0,2
2024631425606,2024,631425606,1,9,0,-1,9,1,7,-1,0,6,0,0,0,0,3,1,-1,9,1,53,8,1461,2,9,DACIA SANDERO,7,W01000712,0,3
2024141431033,2024,141431033,1,9,0,-1,10,2,8,-1,0,0,0,0,0,0,2,1,-1,9,1,69,10,1461,2,7,DACIA SANDERO,6,E01007554,0,1
2024430558693,2024,430558693,2,9,0,18,19,5,1,0,0,1,0,0,0,0,1,1,6,6,2,54,8,998,1,5,DACIA SANDERO,5,E01017475,0,4
2024451531487,2024,451531487,2,9,0,-1,19,6,2,-1,0,0,0,0,0,0,1,1,-1,9,1,33,6,898,1,5,DACIA SANDERO,7,E01024430,0,2
2024101506037,2024,101506037,2,9,0,-1,3,2,5,-1,0,2,0,0,0,0,2,9,-1,9,1,44,7,898,1,11,DACIA SANDERO,2,E01008456,0,1