collision_index,collision_year,collision_ref_no,vehicle_reference,vehicle_type,towing_and_articulation,vehicle_manoeuvre_historic,vehicle_manoeuvre,vehicle_direction_from,vehicle_direction_to,vehicle_location_restricted_lane_historic,vehicle_location_restricted_lane,junction_location,skidding_and_overturning,hit_object_in_carriageway,vehicle_leaving_carriageway,hit_object_off_carriageway,first_point_of_impact,vehicle_left_hand_drive,journey_purpose_of_driver_historic,journey_purpose_of_driver,sex_of_driver,age_of_driver,age_band_of_driver,engine_capacity_cc,propulsion_code,age_of_vehicle,generic_make_model,driver_imd_decile,lsoa_of_driver,escooter_flag,driver_distance_banding
2024010544954,2024,010544954,2,9,9,99,99,9,9,99,99,9,9,99,9,99,9,9,6,6,3,-1,-1,998,1,5,DACIA SANDERO,-1,-1,0,-1
2024522401821,2024,522401821,5,9,0,2,2,0,0,0,0,2,0,0,0,0,2,1,6,6,3,-1,-1,1461,2,10,DACIA SANDERO,-1,-1,0,-1
2024221477018,2024,221477018,2,9,0,-1,10,6,3,-1,0,8,0,0,0,0,2,1,-1,2,2,26,6,1461,2,10,DACIA SANDERO,5,E01032181,0,1
2024320682548,2024,320682548,1,9,0,-1,-1,2,6,0,0,1,0,0,0,0,1,1,-1,-1,1,87,11,1461,2,10,DACIA SANDERO,4,E01026082,0,2
2024122500005,2024,122500005,1,9,0,18,19,6,2,0,0,1,0,0,0,0,3,1,6,6,1,49,8,1149,1,10,DACIA SANDERO,7,E01013419,0,1
2024201471532,2024,201471532,2,9,0,-1,8,3,6,-1,0,1,0,0,0,0,2,1,-1,6,2,26,6,898,1,10,DACIA SANDERO,3,E01009294,0,2
2024610026724,2024,610026724,1,9,0,9,9,3,1,0,0,8,0,0,0,0,1,1,6,6,1,53,8,898,1,6,DACIA SANDERO,2,W01001483,0,1
2024991400980,2024,991400980,1,9,0,-1,5,7,5,-1,0,6,0,0,0,0,1,1,-1,9,2,48,8,898,1,10,DACIA SANDERO,5,-1,0,1
2024461405456,2024,461405456,2,9,0,-1,4,1,5,-1,0,3,0,0,0,0,2,9,-1,1,1,22,5,1461,2,11,DACIA SANDERO,1,E01024215,0,1
2024052401310,2024,052401310,2,9,0,5,5,2,6,0,0,1,0,0,0,0,1,1,6,6,2,67,10,999,1,1,DACIA SANDERO,3,E01006681,0,1
2024622400549,2024,622400549,2,9,0,18,19,2,6,0,0,8,0,0,0,0,4,1,6,6,2,63,9,998,1,6,DACIA SANDERO,8,W01000842,0,2
2024141398230,2024,141398230,1,9,0,-1,19,7,3,-1,0,1,0,0,0,0,1,1,-1,6,1,20,4,999,7,3,DACIA SANDERO,8,E01007423,0,1
2024461415987,2024,461415987,1,9,0,-1,19,8,3,-1,0,0,1,0,7,4,1,1,-1,9,2,68,10,999,1,1,DACIA SANDERO,10,E01024837,0,1
2024320379590,2024,320379590,2,9,0,4,4,7,3,0,0,1,0,0,0,0,4,-1,1,1,2,49,8,1461,2,11,DACIA SANDERO,-1,-1,0,-1
2024361524368,2024,361524368,1,9,0,-1,3,3,5,-1,0,4,0,0,0,0,1,1,-1,6,1,55,8,999,1,1,DACIA SANDERO,1,E01026622,0,1
2024101430159,2024,101430159,1,9,0,-1,5,2,6,-1,0,0,0,10,1,0,3,1,-1,9,1,79,11,1149,1,10,DACIA SANDERO,8,E01008627,0,1
2024542797324,2024,542797324,2,9,0,18,19,3,7,0,0,1,0,0,0,0,1,1,6,6,2,62,9,999,1,3,DACIA SANDERO,5,E01032004,0,1
2024421417126,2024,421417126,2,9,0,-1,10,7,5,-1,0,1,0,0,0,0,2,1,-1,6,2,33,6,999,1,1,DACIA SANDERO,9,E01021548,0,4
2024010500519,2024,010500519,2,9,0,99,99,9,9,99,99,9,9,99,9,99,9,9,6,6,3,-1,-1,999,1,1,DACIA SANDERO,-1,-1,0,-1
2024010544564,2024,010544564,2,9,0,99,99,9,9,99,99,6,9,99,9,99,9,9,6,6,3,-1,-1,998,1,6,DACIA SANDERO,-1,-1,0,-1
2024991494611,2024,991494611,1,9,0,-1,10,5,1,-1,0,0,0,0,0,0,3,1,-1,2,2,61,9,1149,1,10,DACIA SANDERO,7,-1,0,4
2024122400482,2024,122400482,1,9,0,18,19,7,3,0,0,0,0,0,7,10,3,1,6,6,1,82,11,1461,2,8,DACIA SANDERO,7,E01027743,0,2
2024201522293,2024,201522293,2,9,0,-1,4,2,6,-1,0,0,0,0,0,0,2,1,-1,6,2,51,8,998,1,5,DACIA SANDERO,1,E01010269,0,1
2024622400375,2024,622400375,2,9,0,18,19,6,2,0,0,1,0,0,0,0,1,1,6,6,1,62,9,1149,1,11,DACIA SANDERO,1,W01001280,0,1
2024111436159,2024,111436159,1,9,0,-1,9,8,7,-1,0,0,0,0,0,0,1,1,-1,2,1,46,8,1461,2,7,DACIA SANDERO,5,E01020604,0,2
2024340WN0492,2024,340WN0492,2,9,0,-1,3,6,2,-1,0,1,0,0,0,0,2,1,-1,9,1,42,7,898,1,5,DACIA SANDERO,6,E01027029,0,1
2024052402405,2024,052402405,2,9,0,3,3,7,3,0,0,1,0,0,0,0,2,1,6,6,2,30,6,999,1,2,DACIA SANDERO,5,E01007163,0,1
2024520402159,2024,520402159,2,9,0,18,19,6,2,0,0,8,0,0,0,0,4,1,6,6,1,27,6,998,1,6,DACIA SANDERO,7,E01029018,0,1
2024522401611,2024,522401611,1,9,0,18,19,2,6,0,0,8,0,0,0,0,1,1,6,6,2,79,11,1149,1,8,DACIA SANDERO,5,E01014836,0,1
2024421486039,2024,421486039,1,9,0,-1,19,3,7,-1,0,0,0,0,0,0,1,1,-1,2,1,42,7,998,1,4,DACIA SANDERO,9,E01021926,0,1
2024622400824,2024,622400824,2,9,0,18,19,2,6,0,0,0,0,0,0,0,1,1,6,6,1,59,9,1461,2,7,DACIA SANDERO,10,W01000880,0,2
2024501416345,2024,501416345,1,9,0,-1,9,5,2,-1,0,2,0,0,0,0,3,9,-1,9,1,67,10,999,1,1,DACIA SANDERO,4,E01020303,0,2
2024302400594,2024,302400594,1,9,0,4,4,3,8,0,0,1,0,0,0,0,1,1,2,2,1,66,10,898,1,5,DACIA SANDERO,1,E01012445,0,4
2024991427902,2024,991427902,1,9,0,-1,19,8,5,-1,0,2,0,11,1,2,1,1,-1,6,2,43,7,898,1,4,DACIA SANDERO,1,-1,0,1
2024610050624,2024,610050624,2,9,0,2,2,0,0,0,0,4,0,0,0,0,3,1,6,6,1,26,6,999,1,1,DACIA SANDERO,1,W01001643,0,1
2024101531623,2024,101531623,1,9,-1,-1,19,3,7,-1,0,8,0,0,0,0,-1,9,-1,9,1,75,10,1149,1,11,DACIA SANDERO,9,E01008248,0,1
2024010547837,2024,010547837,1,9,0,12,12,3,7,0,0,0,1,0,1,9,2,1,6,6,1,77,11,898,1,7,DACIA SANDERO,9,E01015999,0,3
2024361569300,2024,361569300,1,9,0,-1,19,5,1,-1,0,3,1,0,3,0,3,1,-1,9,1,18,4,999,1,0,DACIA SANDERO,1,E01026624,0,1
2024131522124,2024,131522124,2,9,0,-1,9,7,5,-1,0,5,0,0,0,0,3,1,-1,6,2,25,5,898,1,10,DACIA SANDERO,2,E01011481,0,3
2024122500124,2024,122500124,1,9,0,16,19,5,1,0,0,0,0,0,0,0,3,1,2,2,1,64,9,1461,2,9,DACIA SANDERO,9,E01027792,0,1
2024461479240,2024,461479240,3,9,0,-1,3,7,3,-1,0,1,0,0,0,0,2,1,-1,6,1,42,7,898,1,5,DACIA SANDERO,6,E01024680,0,1
2024302400815,2024,302400815,2,9,0,7,7,7,1,0,0,8,0,0,0,0,1,1,2,2,1,23,5,898,1,10,DACIA SANDERO,-1,-1,0,-1
2024610050024,2024,610050024,1,9,0,10,10,5,3,0,0,5,0,0,0,0,2,1,2,2,1,22,5,999,1,0,DACIA SANDERO,1,W01001751,0,4
2024421422534,2024,421422534,2,9,0,-1,19,2,4,-1,0,0,0,0,0,0,1,1,-1,9,2,50,8,898,1,9,DACIA SANDERO,5,E01021380,0,1
2024631456842,2024,631456842,1,9,0,-1,19,1,6,-1,0,0,0,0,7,10,1,1,-1,2,1,38,7,999,1,0,DACIA SANDERO,5,W01000522,0,1
2024201515026,2024,201515026,1,9,0,-1,3,4,8,-1,0,0,0,0,0,0,4,9,-1,1,2,50,8,898,1,4,DACIA SANDERO,2,E01009515,0,1
2024131483754,2024,131483754,1,9,0,-1,7,1,7,-1,0,0,0,0,0,0,1,1,-1,6,1,49,8,998,1,5,DACIA SANDERO,2,E01010740,0,1
2024991498440,2024,991498440,1,9,0,-1,5,8,4,-1,0,0,0,0,0,0,2,1,-1,9,1,58,9,1461,2,5,DACIA SANDERO,4,-1,0,4
2024522403398,2024,522403398,1,9,0,18,19,6,2,0,0,0,0,0,0,0,4,1,3,7,2,38,7,1461,2,11,DACIA SANDERO,6,E01032666,0,1
2024461496532,2024,461496532,2,9,0,-1,2,7,3,-1,0,0,0,0,0,0,3,9,-1,6,1,52,8,1461,2,7,DACIA SANDERO,7,E01024726,0,2
2024340WN3132,2024,340WN3132,1,9,0,-1,19,5,1,-1,0,8,0,7,1,1,1,1,-1,6,1,68,10,898,1,7,DACIA SANDERO,7,E01027219,0,1
2024631530136,2024,631530136,1,9,0,-1,19,2,6,-1,0,0,0,4,0,0,4,2,-1,9,2,72,10,1461,2,9,DACIA SANDERO,8,W01000771,0,3
2024991459097,2024,991459097,1,9,0,-1,19,7,3,-1,0,0,0,4,0,0,1,1,-1,6,2,22,5,1461,2,9,DACIA SANDERO,1,-1,0,4
2024991395286,2024,991395286,1,9,0,-1,19,8,4,-1,0,0,5,4,0,0,4,1,-1,9,2,76,11,998,1,5,DACIA SANDERO,9,-1,0,3
2024501414256,2024,501414256,1,9,0,-1,19,7,4,-1,0,0,5,0,7,0,1,9,-1,6,2,38,7,898,1,6,DACIA SANDERO,4,E01019038,0,2
2024991478291,2024,991478291,1,9,0,-1,19,5,3,-1,2,1,0,10,0,0,1,1,-1,6,2,80,11,898,1,4,DACIA SANDERO,10,-1,0,1
2024471448103,2024,471448103,1,9,0,-1,19,2,6,-1,0,2,0,0,0,0,1,1,-1,9,2,57,9,998,1,6,DACIA SANDERO,4,E01020921,0,3
2024052402687,2024,052402687,4,9,0,2,2,0,0,0,0,1,0,0,0,0,4,1,6,6,3,-1,-1,999,7,2,DACIA SANDERO,-1,-1,0,-1
2024421515705,2024,421515705,3,9,0,-1,3,1,5,-1,0,0,0,0,0,0,2,1,-1,1,1,29,6,999,1,2,DACIA SANDERO,10,E01021480,0,3
2024101436035,2024,101436035,2,9,0,-1,2,7,3,-1,0,1,0,0,0,0,4,1,-1,9,2,64,9,1461,2,7,DACIA SANDERO,4,E01008578,0,1
2024991421456,2024,991421456,1,9,0,-1,19,2,6,-1,0,0,0,0,0,0,1,1,-1,9,2,82,11,898,1,8,DACIA SANDERO,7,-1,0,1
2024351455298,2024,351455298,3,9,0,-1,2,0,0,-1,9,2,0,0,0,0,3,1,-1,1,2,42,7,999,1,0,DACIA SANDERO,10,E01018118,0,3
2024411440647,2024,411440647,4,9,0,-1,19,5,1,-1,0,0,0,0,0,0,1,1,-1,2,1,24,5,898,1,5,DACIA SANDERO,10,E01023563,0,2
2024231474680,2024,231474680,1,9,0,-1,9,8,6,-1,0,5,0,0,0,0,1,1,-1,6,2,37,7,898,1,9,DACIA SANDERO,3,E01007744,0,4
2024991442104,2024,991442104,1,9,0,-1,19,6,1,-1,0,3,1,0,0,0,1,1,-1,6,2,21,5,1149,1,10,DACIA SANDERO,7,-1,0,1
2024332400608,2024,332400608,1,9,0,-1,7,1,3,-1,2,5,0,0,0,0,2,1,-1,9,2,62,9,999,1,1,DACIA SANDERO,5,E01018948,0,5
2024501441557,2024,501441557,3,9,0,-1,19,7,3,-1,0,0,0,0,0,0,1,1,-1,9,2,37,7,999,1,2,DACIA SANDERO,10,E01014967,0,4
2024070151336,2024,070151336,1,9,0,15,15,8,4,0,0,2,0,0,0,0,1,1,3,7,2,71,10,1149,1,9,DACIA SANDERO,1,E01012526,0,1
2024131472154,2024,131472154,1,9,0,-1,9,1,5,-1,0,5,0,0,0,0,3,1,-1,2,1,63,9,999,1,3,DACIA SANDERO,2,E01011759,0,1
2024131463699,2024,131463699,3,9,0,-1,2,7,3,-1,0,0,0,0,0,0,3,1,-1,6,2,19,4,898,1,8,DACIA SANDERO,6,E01011042,0,1
2024451525939,2024,451525939,1,9,0,-1,19,8,4,-1,0,0,0,0,0,0,1,1,-1,2,1,25,5,1149,1,11,DACIA SANDERO,6,E01030332,0,3
2024991500324,2024,991500324,2,9,0,-1,19,6,3,-1,0,1,1,0,1,3,1,1,-1,6,2,60,9,898,1,8,DACIA SANDERO,8,-1,0,3
2024041475915,2024,041475915,1,9,0,-1,19,5,1,-1,0,1,0,0,0,0,4,1,-1,6,1,24,5,898,1,11,DACIA SANDERO,3,E01025359,0,1
2024311450644,2024,311450644,2,9,0,-1,13,5,5,-1,0,0,0,0,0,0,3,1,-1,6,1,48,8,898,1,6,DACIA SANDERO,-1,-1,0,-1
2024201564026,2024,201564026,1,9,0,-1,19,4,8,-1,0,6,0,0,0,0,1,9,-1,6,2,56,9,1461,2,8,DACIA SANDERO,2,E01009014,0,1
2024501395364,2024,501395364,1,9,0,-1,19,3,1,-1,0,0,0,0,0,0,1,9,-1,6,2,38,7,898,1,6,DACIA SANDERO,2,E01015171,0,1
2024461538249,2024,461538249,1,9,0,-1,19,5,1,-1,0,0,0,0,0,0,1,1,-1,9,1,56,9,898,1,5,DACIA SANDERO,2,E01024502,0,1
2024552400739,2024,552400739,1,9,0,6,6,1,1,0,0,1,0,0,0,0,3,1,2,2,1,30,6,898,1,10,DACIA SANDERO,10,E01015433,0,1
2024161398278,2024,161398278,1,9,0,-1,19,8,4,-1,0,0,0,0,0,0,3,1,-1,9,2,76,11,999,1,1,DACIA SANDERO,9,E01034755,0,1
2024070485935,2024,070485935,2,9,0,18,19,5,7,0,0,0,0,0,0,0,2,1,6,6,1,-1,-1,999,1,2,DACIA SANDERO,-1,-1,0,-1
2024161471861,2024,161471861,1,9,0,-1,9,5,2,-1,0,6,0,0,0,0,1,1,-1,9,2,50,8,898,1,11,DACIA SANDERO,5,E01013274,0,1
2024461455597,2024,461455597,1,9,0,-1,19,-1,-1,-1,0,0,0,0,0,0,4,9,-1,6,1,49,8,1461,2,6,DACIA SANDERO,5,E01033087,0,1
2024010534456,2024,010534456,2,9,0,99,99,9,9,99,99,9,9,99,9,99,1,9,6,6,2,-1,-1,898,1,11,DACIA SANDERO,3,E01003137,0,1
2024141491482,2024,141491482,1,9,0,-1,7,1,3,-1,0,0,0,0,0,0,1,1,-1,9,1,50,8,898,1,10,DACIA SANDERO,3,E01007473,0,2
2024311489346,2024,311489346,2,9,0,-1,4,6,2,-1,0,1,0,0,0,0,1,1,-1,6,1,29,6,898,1,9,DACIA SANDERO,4,E01013912,0,1
2024991495427,2024,991495427,1,9,0,-1,19,4,8,-1,0,2,0,0,0,0,1,1,-1,6,2,44,7,1149,1,8,DACIA SANDERO,-1,-1,0,-1
2024010523928,2024,010523928,2,9,9,18,19,1,5,0,0,1,9,99,0,0,9,9,6,6,3,-1,-1,998,1,4,DACIA SANDERO,-1,-1,0,-1
2024991447786,2024,991447786,2,9,0,-1,3,5,1,-1,0,1,0,0,0,0,4,2,-1,1,1,56,9,1461,2,7,DACIA SANDERO,7,-1,0,2
2024361522462,2024,361522462,1,9,0,-1,3,6,2,-1,0,0,0,0,0,0,1,1,-1,6,1,80,11,999,1,1,DACIA SANDERO,4,E01026638,0,3
2024440497234,2024,440497234,3,9,0,18,19,6,2,0,0,8,1,0,0,0,3,1,6,6,2,41,7,999,7,1,DACIA SANDERO,8,E01022623,0,1
2024340WN1062,2024,340WN1062,2,9,0,-1,19,4,8,-1,0,0,0,0,0,0,1,1,-1,9,2,42,7,1461,2,11,DACIA SANDERO,3,E01027240,0,1
2024531489753,2024,531489753,3,9,0,-1,3,6,2,-1,0,0,0,0,0,0,2,1,-1,2,1,31,6,898,1,6,DACIA SANDERO,9,E01022213,0,2
2024451505195,2024,451505195,2,9,0,-1,9,7,1,-1,0,8,0,0,0,0,3,1,-1,9,2,43,7,898,1,4,DACIA SANDERO,8,E01030859,0,1
2024052400237,2024,052400237,2,9,0,18,19,2,6,0,0,0,0,0,0,0,1,1,6,6,2,69,10,1461,2,9,DACIA SANDERO,6,E01006911,0,1
2024631421468,2024,631421468,1,9,0,-1,19,8,4,-1,0,0,5,0,2,10,1,1,-1,9,1,86,11,898,1,5,DACIA SANDERO,7,W01000716,0,1
2024141493311,2024,141493311,1,9,0,-1,9,6,2,-1,0,8,0,0,0,0,3,1,-1,9,1,30,6,999,1,0,DACIA SANDERO,1,E01007874,0,1
2024552400424,2024,552400424,1,9,0,18,19,6,2,0,0,0,0,0,0,0,1,1,2,2,2,50,8,898,1,5,DACIA SANDERO,7,E01015418,0,3
2024201513992,2024,201513992,1,9,0,-1,7,3,7,-1,0,0,0,0,0,0,4,1,-1,6,1,19,4,898,1,4,DACIA SANDERO,8,E01010565,0,2
202417H104024,2024,17H104024,1,9,0,-1,7,1,3,-1,0,8,0,0,0,0,1,1,-1,2,1,56,9,999,1,0,DACIA SANDERO,1,E01011980,0,1
2024411531087,2024,411531087,1,9,0,-1,19,4,8,-1,0,1,0,0,0,0,1,1,-1,2,1,20,4,998,1,6,DACIA SANDERO,3,E01015795,0,4
2024411544084,2024,411544084,2,9,0,-1,19,7,3,-1,0,4,0,0,7,0,1,1,-1,6,1,69,10,999,1,2,DACIA SANDERO,6,E01023769,0,1
2024010540655,2024,010540655,1,9,0,99,99,9,9,0,0,0,9,99,9,99,2,9,6,6,1,23,5,1461,2,7,DACIA SANDERO,2,E01000084,0,3
2024010521274,2024,010521274,1,9,0,18,19,1,5,0,0,1,0,0,0,0,4,1,6,6,2,55,8,1461,2,8,DACIA SANDERO,5,E01003704,0,1
2024440323515,2024,440323515,4,9,0,4,4,2,6,0,0,0,0,0,0,0,1,1,6,6,1,38,7,1149,1,8,DACIA SANDERO,7,E01016205,0,4
2024161501464,2024,161501464,2,9,0,-1,3,8,4,-1,0,0,0,0,0,0,2,9,-1,6,2,72,10,1461,2,9,DACIA SANDERO,5,E01012829,0,1
2024461535980,2024,461535980,1,9,0,-1,19,7,3,-1,0,0,2,0,1,0,0,1,-1,9,1,31,6,898,1,10,DACIA SANDERO,6,E01024411,0,1
2024302400721,2024,302400721,2,9,0,10,10,6,5,1,1,1,0,0,0,0,2,1,6,6,1,65,9,898,1,7,DACIA SANDERO,2,E01013581,0,1
2024430576897,2024,430576897,2,9,0,18,19,6,2,0,0,4,0,0,0,0,1,1,6,6,1,37,7,898,1,4,DACIA SANDERO,9,E01016345,0,1
2024201493751,2024,201493751,2,9,0,-1,9,1,3,-1,0,1,0,0,0,0,2,1,-1,6,2,27,6,999,1,3,DACIA SANDERO,8,E01014560,0,5
2024052402639,2024,052402639,2,9,0,18,19,4,8,0,0,1,0,0,0,0,4,1,6,6,2,73,10,998,1,4,DACIA SANDERO,5,E01006892,0,1
2024991414761,2024,991414761,3,9,0,-1,19,2,6,-1,0,0,0,0,1,0,1,1,-1,9,1,70,10,1461,2,10,DACIA SANDERO,4,-1,0,4
2024010507967,2024,010507967,2,9,0,4,4,1,5,0,0,1,0,0,0,0,2,1,6,6,2,47,8,1149,1,11,DACIA SANDERO,3,E01000992,0,1
2024631505205,2024,631505205,1,9,0,-1,19,5,1,-1,0,0,5,0,2,10,4,1,-1,9,2,20,4,898,1,11,DACIA SANDERO,6,W01000538,0,3
2024461463210,2024,461463210,2,9,0,-1,19,5,1,-1,0,0,0,0,0,0,2,1,-1,9,1,49,8,898,1,7,DACIA SANDERO,5,E01033089,0,1
2024131398381,2024,131398381,1,9,0,-1,19,6,2,-1,0,0,1,0,7,11,3,1,-1,9,2,21,5,898,1,10,DACIA SANDERO,1,E01024855,0,4
2024061470815,2024,061470815,6,9,0,-1,19,3,7,-1,0,2,0,0,7,0,2,1,-1,6,1,55,8,898,1,7,DACIA SANDERO,3,E01004832,0,1
2024991524384,2024,991524384,1,9,0,-1,9,3,7,-1,0,8,5,0,0,0,4,1,-1,2,2,55,8,898,1,6,DACIA SANDERO,1,-1,0,1
2024052402424,2024,052402424,3,9,0,18,19,8,5,0,0,1,0,0,0,0,1,1,6,6,2,51,8,998,1,4,DACIA SANDERO,4,E01007046,0,1
2024991412000,2024,991412000,2,9,0,-1,19,8,4,-1,0,1,0,0,0,0,1,1,-1,9,1,31,6,1461,2,11,DACIA SANDERO,-1,-1,0,-1
2024010500380,2024,010500380,2,9,0,99,99,9,9,99,99,9,9,99,9,99,9,9,6,6,3,-1,-1,898,1,7,DACIA SANDERO,-1,-1,0,-1
2024411396447,2024,411396447,1,9,0,-1,4,7,1,-1,0,4,0,0,0,0,1,9,-1,6,2,-1,-1,1149,1,11,DACIA SANDERO,2,E01035570,0,1
2024141532699,2024,141532699,2,9,0,-1,19,5,1,-1,0,0,0,0,0,0,2,1,-1,9,2,25,5,999,1,3,DACIA SANDERO,9,E01028360,0,4
2024361513896,2024,361513896,1,9,0,-1,19,3,5,-1,0,0,0,0,0,0,1,1,-1,6,1,74,10,898,1,7,DACIA SANDERO,6,E01026541,0,4
2024122401083,2024,122401083,1,9,0,9,9,5,3,0,0,2,0,0,0,0,1,1,6,6,2,47,8,898,1,5,DACIA SANDERO,2,E01012653,0,5
2024111414445,2024,111414445,2,9,0,-1,19,2,5,-1,0,1,0,4,0,0,4,1,-1,9,2,58,9,999,1,1,DACIA SANDERO,9,E01020666,0,2
2024522402593,2024,522402593,2,9,0,3,3,1,5,0,0,1,0,0,0,0,2,1,6,6,1,77,11,898,1,6,DACIA SANDERO,1,E01014834,0,1
2024052401498,2024,052401498,10,9,0,3,3,7,3,0,0,1,0,0,0,0,1,1,6,6,2,61,9,1461,2,10,DACIA SANDERO,6,E01007305,0,2
2024471532606,2024,471532606,2,9,0,-1,19,1,5,-1,0,8,0,0,0,0,1,1,-1,2,2,42,7,898,1,8,DACIA SANDERO,10,E01031710,0,1
2024622400669,2024,622400669,2,9,0,18,19,2,6,0,0,0,0,0,0,0,1,1,6,6,2,36,7,898,1,5,DACIA SANDERO,2,W01001097,0,1
2024440129934,2024,440129934,1,9,0,18,19,4,8,0,0,0,0,0,0,0,1,1,6,6,2,63,9,999,1,2,DACIA SANDERO,8,E01035600,0,4
2024631497213,2024,631497213,1,9,0,-1,5,1,5,-1,0,8,0,0,0,0,1,1,-1,9,1,29,6,999,7,2,DACIA SANDERO,2,W01000729,0,1
2024991466685,2024,991466685,1,9,0,-1,19,8,4,-1,9,0,0,7,2,0,4,1,-1,9,2,47,8,1461,2,8,DACIA SANDERO,-1,-1,0,-1
2024111432967,2024,111432967,2,9,0,-1,4,6,2,-1,0,0,0,0,0,0,3,1,-1,6,1,51,8,999,1,1,DACIA SANDERO,10,E01034498,0,1
2024411495870,2024,411495870,1,9,0,-1,5,1,7,-1,0,4,0,0,0,0,2,1,-1,9,2,60,9,898,1,7,DACIA SANDERO,10,E01033609,0,1
2024010538481,2024,010538481,1,9,0,99,99,9,9,99,99,0,9,99,9,99,9,9,6,6,2,25,5,999,1,1,DACIA SANDERO,6,E01024301,0,3
2024302400257,2024,302400257,1,9,0,6,6,8,8,0,0,1,0,0,0,0,1,1,6,6,1,55,8,999,1,1,DACIA SANDERO,2,E01013597,0,1
2024471497055,2024,471497055,2,9,0,-1,9,6,5,-1,0,1,0,0,0,0,3,1,-1,2,2,71,10,999,1,1,DACIA SANDERO,1,E01020929,0,4
2024991473713,2024,991473713,2,9,0,-1,19,5,1,-1,0,8,0,0,0,0,4,1,-1,9,1,57,9,1149,1,11,DACIA SANDERO,7,-1,0,3
2024041528385,2024,041528385,1,9,0,-1,19,1,5,-1,0,1,0,0,0,0,1,1,-1,9,2,70,10,898,1,6,DACIA SANDERO,1,E01025584,0,3
2024302401007,2024,302401007,1,9,0,18,19,8,4,0,0,0,0,0,0,0,4,1,3,7,1,42,7,898,1,9,DACIA SANDERO,3,E01019675,0,1
2024311454046,2024,311454046,2,9,0,-1,19,4,8,-1,0,0,5,0,0,0,1,1,-1,9,1,73,10,898,1,10,DACIA SANDERO,3,E01028297,0,3
2024622400739,2024,622400739,3,9,0,2,2,0,0,0,0,1,0,0,0,0,2,1,6,6,3,-1,-1,1149,1,8,DACIA SANDERO,-1,-1,0,-1
2024061467854,2024,061467854,1,9,0,-1,19,6,1,-1,0,1,0,0,0,0,1,1,-1,6,1,-1,-1,1149,1,7,DACIA SANDERO,-1,-1,0,-1
2024430426159,2024,430426159,2,9,0,3,3,3,7,0,0,3,0,0,0,0,2,1,6,6,2,57,9,999,1,0,DACIA SANDERO,7,E01016327,0,2
2024131468933,2024,131468933,1,9,0,-1,7,1,7,-1,0,0,0,0,0,0,4,1,-1,6,1,83,11,1149,1,8,DACIA SANDERO,3,E01010877,0,2
2024122401144,2024,122401144,1,9,0,18,19,3,7,0,0,0,0,0,0,0,1,1,6,6,1,42,7,998,1,7,DACIA SANDERO,8,E01033184,0,1
2024552400967,2024,552400967,2,9,0,4,4,4,8,0,0,1,0,0,0,0,2,1,6,6,2,30,6,998,1,6,DACIA SANDERO,5,E01020353,0,1
2024430097212,2024,430097212,2,9,0,18,19,8,5,0,0,1,0,0,0,0,1,1,6,6,2,21,5,999,1,3,DACIA SANDERO,9,E01035740,0,3
2024131476256,2024,131476256,2,9,0,-1,4,1,3,-1,0,0,0,0,0,0,2,1,-1,6,1,33,6,999,1,0,DACIA SANDERO,2,E01011639,0,2
2024471497492,2024,471497492,1,9,0,-1,19,3,7,-1,0,0,0,0,0,0,1,1,-1,9,2,31,6,999,1,0,DACIA SANDERO,4,E01020918,0,3
2024302401189,2024,302401189,3,9,0,18,19,5,1,0,0,1,0,0,0,0,2,1,2,2,1,49,8,999,1,0,DACIA SANDERO,8,E01019834,0,1
2024542880824,2024,542880824,2,9,0,3,3,1,5,0,0,1,0,0,0,0,2,1,6,6,2,45,7,998,1,6,DACIA SANDERO,6,E01034549,0,1
2024201457978,2024,201457978,2,9,0,-1,5,7,3,-1,0,7,0,0,0,0,1,9,-1,9,1,56,9,999,1,1,DACIA SANDERO,2,E01010503,0,1
2024991487403,2024,991487403,2,9,0,-1,13,5,1,-1,0,1,0,0,7,0,1,1,-1,9,2,80,11,1461,2,7,DACIA SANDERO,7,-1,0,3
2024461532787,2024,461532787,2,9,0,-1,3,3,7,-1,0,0,0,0,0,0,2,9,-1,9,2,34,6,898,1,5,DACIA SANDERO,3,E01024742,0,2
2024361418237,2024,361418237,1,9,0,-1,19,5,4,-1,0,4,1,9,3,1,1,1,-1,9,2,76,11,999,1,1,DACIA SANDERO,10,E01026812,0,3
2024211438863,2024,211438863,1,9,0,-1,19,2,7,-1,0,0,0,0,1,4,1,1,-1,6,2,23,5,999,1,1,DACIA SANDERO,2,E01009788,0,4
2024991490582,2024,991490582,2,9,0,-1,19,5,1,-1,1,1,0,0,0,0,1,1,-1,6,2,84,11,999,1,1,DACIA SANDERO,9,-1,0,1