collision_index,collision_year,collision_ref_no,vehicle_reference,vehicle_type,towing_and_articulation,vehicle_manoeuvre_historic,vehicle_manoeuvre,vehicle_direction_from,vehicle_direction_to,vehicle_location_restricted_lane_historic,vehicle_location_restricted_lane,junction_location,skidding_and_overturning,hit_object_in_carriageway,vehicle_leaving_carriageway,hit_object_off_carriageway,first_point_of_impact,vehicle_left_hand_drive,journey_purpose_of_driver_historic,journey_purpose_of_driver,sex_of_driver,age_of_driver,age_band_of_driver,engine_capacity_cc,propulsion_code,age_of_vehicle,generic_make_model,driver_imd_decile,lsoa_of_driver,escooter_flag,driver_distance_banding
2024061439462,2024,061439462,1,9,0,-1,19,7,7,-1,0,1,0,0,0,0,4,1,-1,6,1,36,7,998,1,6,DACIA SANDERO,1,E01006052,0,1
2024061492265,2024,061492265,2,9,0,-1,19,5,1,-1,0,5,0,0,0,0,4,1,-1,2,1,69,10,1461,2,8,DACIA SANDERO,3,E01006341,0,1
2024201453840,2024,201453840,2,9,0,-1,2,0,0,-1,0,0,0,0,0,0,1,9,-1,2,1,39,7,1461,2,10,DACIA SANDERO,4,E01009168,0,1
2024421450697,2024,421450697,1,9,0,-1,8,4,8,-1,0,4,0,0,0,0,2,1,-1,9,2,53,8,998,1,4,DACIA SANDERO,10,E01023690,0,4
2024440510614,2024,440510614,2,9,0,18,19,7,3,0,0,8,0,0,0,0,3,1,6,6,1,38,7,1149,1,9,DACIA SANDERO,5,E01022539,0,1
2024041416505,2024,041416505,2,9,0,-1,19,5,1,-1,0,1,0,0,0,0,1,1,-1,9,1,53,8,1461,2,10,DACIA SANDERO,6,E01025514,0,2
2024451415898,2024,451415898,1,9,0,-1,7,7,2,-1,5,8,0,0,0,0,1,1,-1,9,2,24,5,898,1,11,DACIA SANDERO,6,E01030717,0,1
2024041488840,2024,041488840,1,9,0,-1,4,2,4,-1,0,1,0,0,0,0,1,1,-1,6,1,76,11,898,1,7,DACIA SANDERO,3,E01012587,0,1
2024041413700,2024,041413700,1,9,0,-1,19,7,3,-1,0,1,0,0,0,0,1,1,-1,9,1,35,6,1461,2,10,DACIA SANDERO,3,E01025460,0,2
2024471497810,2024,471497810,2,9,0,-1,19,3,7,-1,0,8,0,0,0,0,1,1,-1,9,2,46,8,898,1,5,DACIA SANDERO,1,E01020929,0,1
2024631414841,2024,631414841,4,9,0,-1,2,0,0,-1,-1,2,0,0,1,11,1,2,-1,6,-1,-1,-1,998,1,5,DACIA SANDERO,-1,-1,0,-1
2024991438739,2024,991438739,3,9,0,-1,19,3,7,-1,0,0,0,0,0,0,2,1,-1,6,2,35,6,999,1,1,DACIA SANDERO,5,-1,0,3
2024311425177,2024,311425177,1,9,0,-1,3,3,5,-1,9,0,0,0,0,0,1,1,-1,9,-1,34,6,998,1,5,DACIA SANDERO,3,E01028062,0,1
2024991423030,2024,991423030,1,9,0,-1,9,1,7,-1,0,6,0,0,0,0,1,1,-1,6,2,47,8,1149,1,11,DACIA SANDERO,4,-1,0,1
2024991503032,2024,991503032,2,9,0,-1,9,4,2,-1,0,1,0,0,0,0,0,1,-1,9,2,62,9,1461,2,9,DACIA SANDERO,7,-1,0,1
2024221456198,2024,221456198,1,9,0,-1,19,7,3,-1,0,0,0,0,0,0,1,1,-1,2,1,54,8,998,1,4,DACIA SANDERO,3,E01032224,0,2
2024451480967,2024,451480967,1,9,0,-1,4,1,5,-1,0,0,0,0,0,0,2,1,-1,9,1,83,11,999,1,1,DACIA SANDERO,9,E01026548,0,5
2024421416789,2024,421416789,1,9,0,-1,19,3,7,-1,0,0,0,0,0,0,1,1,-1,6,2,76,11,999,1,2,DACIA SANDERO,6,E01021930,0,1
2024010520605,2024,010520605,1,9,0,99,99,9,9,99,99,9,9,99,9,99,2,9,6,6,3,25,5,999,1,3,DACIA SANDERO,6,E01001289,0,1
2024061462076,2024,061462076,1,9,0,-1,19,3,7,-1,0,1,0,0,1,0,1,1,-1,6,1,23,5,1149,1,8,DACIA SANDERO,-1,-1,0,-1
2024471435821,2024,471435821,2,9,0,-1,5,6,1,-1,5,0,0,0,0,0,1,1,-1,9,2,27,6,1461,2,10,DACIA SANDERO,2,E01034826,0,1
2024221447181,2024,221447181,2,9,0,-1,9,3,1,-1,0,6,0,0,0,0,3,9,-1,6,2,55,8,898,1,7,DACIA SANDERO,6,E01014084,0,3
2024320259174,2024,320259174,1,9,0,-1,-1,8,4,0,0,8,0,0,0,0,1,1,-1,-1,2,39,7,898,1,5,DACIA SANDERO,2,E01026175,0,1
2024461487819,2024,461487819,2,9,0,-1,19,7,3,-1,0,0,0,2,0,0,3,1,-1,9,2,29,6,999,1,1,DACIA SANDERO,2,E01032093,0,5
202417L210424,2024,17L210424,1,9,0,-1,19,8,4,-1,0,0,0,0,0,0,1,1,-1,9,1,24,5,998,1,3,DACIA SANDERO,1,E01035191,0,2
2024401452554,2024,401452554,2,9,-1,-1,-1,-1,-1,-1,-1,0,-1,-1,-1,0,-1,9,-1,6,2,36,7,898,1,10,DACIA SANDERO,4,E01017506,0,1
2024461446630,2024,461446630,2,9,0,-1,19,7,1,-1,0,0,0,0,0,0,1,9,-1,9,1,22,5,999,1,1,DACIA SANDERO,10,E01024453,0,1
2024201485685,2024,201485685,2,9,0,-1,19,8,6,-1,0,6,0,0,0,0,1,1,-1,1,1,41,7,999,7,2,DACIA SANDERO,3,E01009838,0,3
2024201458521,2024,201458521,1,9,0,-1,19,6,2,-1,0,2,0,0,0,0,1,9,-1,2,1,36,7,1149,1,10,DACIA SANDERO,6,E01010081,0,1
2024501438247,2024,501438247,1,9,0,-1,19,1,4,-1,0,0,0,0,0,0,4,1,-1,2,2,27,6,1461,2,7,DACIA SANDERO,4,E01015062,0,1
2024430495410,2024,430495410,1,9,0,9,9,2,1,0,0,5,0,0,0,0,0,1,6,6,1,32,6,898,1,8,DACIA SANDERO,-1,-1,0,-1
2024201517561,2024,201517561,5,9,0,-1,3,5,1,-1,0,0,0,0,0,0,2,1,-1,6,1,52,8,898,1,11,DACIA SANDERO,9,E01013707,0,4
2024010505413,2024,010505413,1,9,0,99,99,9,9,99,99,9,9,99,9,99,9,9,2,2,2,43,7,999,1,0,DACIA SANDERO,10,E01031666,0,4
2024361463709,2024,361463709,1,9,0,-1,19,5,1,-1,0,0,0,0,0,0,1,1,-1,6,1,43,7,1149,1,9,DACIA SANDERO,5,E01026729,0,4
2024010551609,2024,010551609,1,9,0,99,99,9,9,99,99,9,9,99,9,99,9,9,6,6,3,-1,-1,898,1,4,DACIA SANDERO,-1,-1,0,-1
2024010521599,2024,010521599,1,9,0,5,5,6,2,0,0,3,0,0,0,0,1,1,6,6,1,22,5,999,1,2,DACIA SANDERO,6,E01000487,0,1
2024501452661,2024,501452661,4,9,0,-1,19,7,3,-1,0,0,0,0,0,0,2,1,-1,9,2,70,10,998,1,4,DACIA SANDERO,4,E01018994,0,2
2024131405413,2024,131405413,2,9,0,-1,19,3,7,-1,0,8,0,0,0,0,3,1,-1,9,2,53,8,898,1,10,DACIA SANDERO,1,E01011472,0,1
2024622400844,2024,622400844,2,9,0,18,19,8,4,0,0,0,0,0,0,0,2,1,2,2,2,54,8,898,1,7,DACIA SANDERO,2,W01000814,0,2
2024131505454,2024,131505454,2,9,0,-1,3,3,7,-1,0,0,0,0,0,0,2,1,-1,6,2,32,6,999,1,2,DACIA SANDERO,3,E01010763,0,1
2024461427436,2024,461427436,2,9,0,-1,19,6,2,-1,0,8,0,10,1,0,4,9,-1,9,2,27,6,898,1,9,DACIA SANDERO,7,E01024732,0,1
2024061511833,2024,061511833,3,9,0,-1,2,0,0,-1,0,0,0,0,0,0,1,1,-1,6,1,-1,-1,1461,2,9,DACIA SANDERO,5,E01006006,0,1
2024401427547,2024,401427547,1,9,0,-1,11,8,4,-1,0,1,0,4,1,1,1,1,-1,6,-1,-1,-1,999,1,1,DACIA SANDERO,-1,-1,0,-1
2024622400832,2024,622400832,1,9,0,5,5,3,1,0,0,6,0,0,0,0,4,1,6,6,2,82,11,998,1,5,DACIA SANDERO,8,W01001965,0,3
2024461500323,2024,461500323,1,9,0,-1,19,6,2,-1,0,0,0,0,0,0,1,1,-1,9,1,81,11,998,1,5,DACIA SANDERO,8,E01024514,0,2
2024201433781,2024,201433781,2,9,0,-1,3,7,3,-1,0,0,0,10,1,0,2,9,-1,6,2,36,7,898,1,9,DACIA SANDERO,7,E01029655,0,4
2024201469480,2024,201469480,2,9,0,-1,3,2,6,-1,0,0,0,0,4,0,2,1,-1,6,1,56,9,898,1,7,DACIA SANDERO,3,E01032267,0,4
2024070364047,2024,070364047,3,9,0,18,19,5,1,0,0,0,0,0,0,0,1,1,6,6,2,26,6,898,1,6,DACIA SANDERO,2,E01007054,0,4
2024371455255,2024,371455255,1,9,0,-1,19,7,4,-1,0,1,0,0,0,0,3,1,-1,9,2,63,9,898,1,9,DACIA SANDERO,4,E01030028,0,1
2024440017219,2024,440017219,2,9,0,18,19,2,6,0,0,0,0,0,0,0,2,1,6,6,2,46,8,898,1,6,DACIA SANDERO,8,E01032881,0,2
2024070889654,2024,070889654,2,9,0,-1,19,2,6,-1,0,8,0,0,0,0,4,1,-1,2,1,43,7,1149,1,9,DACIA SANDERO,9,E01018365,0,1
2024622400706,2024,622400706,3,9,0,18,19,6,2,0,0,0,0,0,0,0,2,1,6,6,2,65,9,898,1,5,DACIA SANDERO,10,W01000769,0,3
2024991458148,2024,991458148,4,9,0,-1,2,0,0,-1,0,0,0,0,0,0,2,1,-1,6,-1,-1,-1,898,1,4,DACIA SANDERO,-1,-1,0,-1
2024421414861,2024,421414861,1,9,0,-1,7,1,3,-1,0,5,0,0,0,0,1,1,-1,6,1,72,10,998,1,6,DACIA SANDERO,10,E01021483,0,1
2024542263624,2024,542263624,2,9,0,18,19,2,6,0,0,0,0,0,0,0,1,1,6,6,2,66,10,898,1,4,DACIA SANDERO,8,E01032067,0,2
2024010509998,2024,010509998,1,9,0,99,99,9,9,99,99,9,9,99,9,99,0,9,6,6,2,-1,-1,999,1,0,DACIA SANDERO,-1,-1,0,-1
2024520402353,2024,520402353,2,9,0,18,19,4,2,0,0,8,0,0,0,0,1,1,6,6,2,39,7,898,1,5,DACIA SANDERO,4,E01029343,0,4
2024421400466,2024,421400466,2,9,0,-1,2,2,2,-1,-1,0,0,0,0,0,2,2,-1,6,-1,-1,-1,999,1,1,DACIA SANDERO,-1,-1,0,-1
2024631428761,2024,631428761,1,9,0,-1,4,8,4,-1,0,0,0,0,0,0,2,1,-1,9,2,44,7,1461,2,8,DACIA SANDERO,7,W01000460,0,2
2024471414105,2024,471414105,1,9,0,-1,19,1,5,-1,0,5,0,0,0,0,4,1,-1,1,1,31,6,999,1,1,DACIA SANDERO,10,E01031824,0,4
2024440467680,2024,440467680,1,9,0,18,19,5,1,0,0,1,0,0,0,0,1,1,6,6,1,80,11,999,1,1,DACIA SANDERO,8,E01029201,0,4
2024221437862,2024,221437862,1,9,0,-1,9,6,4,-1,0,5,0,0,0,0,3,1,-1,1,2,40,7,998,1,4,DACIA SANDERO,7,E01032195,0,1
2024131413846,2024,131413846,2,9,0,-1,4,1,1,-1,0,0,0,0,0,0,2,1,-1,9,1,56,9,898,1,5,DACIA SANDERO,9,E01011515,0,3
2024131509466,2024,131509466,3,9,0,-1,4,3,7,-1,0,0,0,0,0,0,2,1,-1,6,1,29,6,1149,1,8,DACIA SANDERO,1,E01011362,0,2
2024461497544,2024,461497544,2,9,0,-1,4,3,7,-1,0,0,0,0,0,0,2,9,-1,9,2,51,8,999,1,0,DACIA SANDERO,9,E01000452,0,2
2024471475318,2024,471475318,2,9,0,-1,19,8,4,-1,0,0,0,0,1,0,1,1,-1,9,1,68,10,999,1,1,DACIA SANDERO,9,E01001126,0,4
2024010528798,2024,010528798,1,9,0,3,3,1,5,0,0,1,0,0,0,0,2,2,6,6,1,23,5,999,1,1,DACIA SANDERO,1,E01004870,0,5
2024991417890,2024,991417890,2,9,0,-1,11,5,1,-1,0,0,0,0,0,0,2,1,-1,9,2,30,6,1461,2,7,DACIA SANDERO,1,-1,0,4
2024101466531,2024,101466531,1,9,0,-1,19,3,7,-1,0,0,1,10,1,2,1,1,-1,9,2,69,10,999,1,1,DACIA SANDERO,10,E01008479,0,1
2024371482707,2024,371482707,1,9,0,-1,5,2,4,-1,0,2,0,0,0,0,1,1,-1,9,1,75,10,898,1,9,DACIA SANDERO,2,E01030139,0,1
2024991537485,2024,991537485,2,9,0,-1,9,1,7,-1,0,8,0,0,0,0,4,1,-1,6,1,58,9,998,1,5,DACIA SANDERO,2,-1,0,3
2024421485780,2024,421485780,2,9,0,-1,4,7,3,-1,0,0,0,0,0,0,2,1,-1,9,2,61,9,998,1,5,DACIA SANDERO,6,E01034575,0,4
2024430441069,2024,430441069,1,9,0,3,3,2,6,0,0,1,0,0,0,0,2,1,2,2,1,54,8,999,1,2,DACIA SANDERO,9,E01017767,0,3
2024440396518,2024,440396518,1,9,0,4,4,3,7,0,0,1,0,0,0,0,2,1,6,6,2,75,10,898,1,5,DACIA SANDERO,9,E01022926,0,1
2024101445467,2024,101445467,1,9,0,-1,19,3,7,-1,0,0,0,0,0,0,1,1,-1,6,3,-1,-1,898,1,11,DACIA SANDERO,-1,-1,0,-1
2024631441308,2024,631441308,2,9,0,-1,4,2,6,-1,0,0,0,0,0,0,0,1,-1,6,2,39,7,1149,1,11,DACIA SANDERO,2,E01003303,0,5
2024991532844,2024,991532844,1,9,0,-1,19,5,1,-1,0,0,0,0,0,0,4,1,-1,2,1,39,7,1149,1,9,DACIA SANDERO,3,-1,0,1
2024041415095,2024,041415095,3,9,0,-1,19,1,5,-1,0,0,0,0,0,0,2,1,-1,2,1,47,8,1461,2,7,DACIA SANDERO,2,E01005704,0,4
2024430630832,2024,430630832,2,9,0,11,11,8,4,0,0,0,0,0,0,0,2,1,6,6,2,52,8,898,1,9,DACIA SANDERO,9,E01035733,0,4
2024211518819,2024,211518819,2,9,0,-1,4,6,2,-1,0,0,0,0,0,0,1,1,-1,1,1,39,7,999,1,0,DACIA SANDERO,-1,-1,0,-1
2024231480429,2024,231480429,1,9,0,-1,19,2,6,-1,0,1,0,0,0,0,1,1,-1,9,1,27,6,1461,2,10,DACIA SANDERO,7,E01035028,0,2
2024340WN4942,2024,340WN4942,1,9,0,-1,5,8,4,-1,0,6,0,0,0,0,1,1,-1,1,1,57,9,1461,2,9,DACIA SANDERO,1,E01013622,0,4
2024361405319,2024,361405319,1,3,0,-1,5,3,7,-1,0,2,0,0,0,0,0,1,-1,2,1,20,4,124,1,20,-1,9,E01035145,0,2
2024311422210,2024,311422210,1,9,0,-1,5,7,3,-1,0,0,0,0,0,0,3,1,-1,6,2,57,9,999,1,4,FIAT 500X,7,E01028326,0,1
2024991520526,2024,991520526,1,9,0,-1,19,1,5,-1,0,0,0,0,0,0,1,1,-1,6,2,34,6,999,1,5,FIAT 500X,10,-1,0,5
2024010525009,2024,010525009,2,9,9,99,99,9,9,99,99,9,9,99,9,99,9,9,6,6,3,-1,-1,1332,1,2,FIAT 500X,-1,-1,0,-1
2024371453914,2024,371453914,1,9,0,-1,-1,-1,-1,-1,0,-1,0,0,0,0,1,9,-1,6,2,53,8,999,1,2,FIAT 500X,1,E01030036,0,1
2024010511042,2024,010511042,1,9,0,10,10,5,2,0,0,9,0,0,9,0,1,1,6,6,2,69,10,999,1,6,FIAT 500X,-1,-1,0,-1
202417M114724,2024,17M114724,1,9,0,-1,3,7,2,-1,0,1,0,0,0,0,2,1,-1,9,1,30,6,999,1,4,FIAT 500X,4,E01012167,0,1
2024332400072,2024,332400072,2,9,0,-1,19,5,1,-1,0,8,0,0,0,0,1,1,-1,6,2,25,5,999,1,5,FIAT 500X,10,E01025872,0,1
2024141495841,2024,141495841,1,9,0,-1,10,1,7,-1,0,5,0,0,0,0,3,1,-1,9,2,36,7,999,1,5,FIAT 500X,2,E01007843,0,1
202460Q114784,2024,60Q114784,1,9,0,18,19,3,7,0,0,6,0,0,0,0,1,1,6,6,2,34,6,1598,1,5,FIAT 500X,-1,-1,0,-1
2024991449682,2024,991449682,1,9,0,-1,19,7,3,-1,0,1,0,0,0,0,1,1,-1,9,1,70,10,999,1,3,FIAT 500X,-1,-1,0,-1
2024531464006,2024,531464006,2,9,0,-1,4,7,3,-1,0,0,0,0,0,0,2,1,-1,6,2,41,7,999,1,5,FIAT 500X,4,E01022301,0,1
2024430590107,2024,430590107,1,9,0,9,9,7,5,0,0,6,0,0,0,0,1,1,6,6,2,72,10,1332,1,6,FIAT 500X,8,E01017813,0,1
2024471450736,2024,471450736,2,9,0,-1,19,3,7,-1,0,1,0,0,0,0,4,1,-1,9,2,46,8,1368,1,7,FIAT 500X,6,E01031408,0,1
2024421398512,2024,421398512,2,9,0,-1,19,3,7,-1,0,1,0,0,0,0,4,9,-1,2,2,27,6,999,1,4,FIAT 500X,1,E01021500,0,1
2024471525905,2024,471525905,1,9,0,-1,9,7,5,-1,0,8,0,0,0,0,3,1,-1,6,2,31,6,999,1,5,FIAT 500X,7,E01031349,0,1
2024221452032,2024,221452032,1,9,0,-1,4,1,6,-1,0,0,0,0,0,0,2,9,-1,6,2,25,5,999,1,4,FIAT 500X,8,E01032438,0,1
2024991486046,2024,991486046,2,9,0,-1,19,7,3,-1,0,1,0,0,0,0,3,1,-1,9,1,63,9,999,1,1,FIAT 500X,-1,-1,0,-1
2024061459137,2024,061459137,3,9,0,-1,3,4,8,-1,0,0,0,0,0,0,2,1,-1,9,2,55,8,1469,1,2,FIAT 500X,8,E01006281,0,2
2024461407466,2024,461407466,1,9,0,-1,19,1,5,-1,0,0,0,0,0,0,3,9,-1,6,2,26,6,999,1,3,FIAT 500X,1,E01016111,0,2
2024101419932,2024,101419932,2,9,0,-1,4,1,5,-1,0,0,0,0,0,0,3,1,-1,6,2,31,6,999,1,5,FIAT 500X,1,E01008821,0,1
202417S207624,2024,17S207624,1,9,0,-1,19,4,8,-1,0,0,0,0,0,0,0,1,-1,9,1,36,7,999,1,3,FIAT 500X,6,E01012261,0,1
2024542420324,2024,542420324,1,9,0,1,1,6,2,0,0,0,0,0,0,0,1,1,6,6,2,67,10,999,1,1,FIAT 500X,-1,-1,0,-1
2024552400518,2024,552400518,2,9,0,18,19,2,6,0,0,0,0,0,0,0,1,1,6,6,2,36,7,1598,1,6,FIAT 500X,5,E01020530,0,1
2024371414311,2024,371414311,1,9,0,-1,19,5,1,-1,0,0,0,0,0,0,1,1,-1,6,2,24,5,1469,1,1,FIAT 500X,8,E01030046,0,3
2024430085729,2024,430085729,1,9,0,9,9,7,5,0,0,6,0,0,0,0,1,1,2,2,2,29,6,999,1,4,FIAT 500X,9,E01016808,0,4
2024131421725,2024,131421725,2,9,0,-1,19,7,3,-1,0,8,5,0,0,0,4,1,-1,9,1,38,7,1368,1,6,FIAT 500X,1,E01011560,0,1
2024320363489,2024,320363489,1,5,0,4,4,4,8,0,0,1,2,0,0,0,1,1,-1,-1,1,63,9,1450,1,19,-1,6,E01032612,0,5
2024440249170,2024,440249170,1,3,0,4,4,8,4,0,0,0,0,0,0,0,0,1,6,6,1,34,6,125,1,23,-1,4,E01017044,0,2
2024531528923,2024,531528923,1,3,0,-1,19,2,6,-1,0,1,0,0,1,9,1,1,-1,6,1,24,5,124,1,1,-1,4,E01022192,0,1
2024451395289,2024,451395289,1,2,0,-1,19,1,5,-1,0,0,1,0,0,0,1,1,-1,6,1,16,4,49,1,22,-1,4,E01030354,0,1
2024520002086,2024,520002086,2,9,0,18,19,2,6,0,0,8,0,0,0,0,4,1,6,6,1,27,6,1997,1,6,JAGUAR E-PACE,9,E01014851,0,3
2024501427975,2024,501427975,2,9,0,-1,2,0,0,-1,0,0,0,0,0,0,3,1,-1,6,-1,-1,-1,1999,2,5,JAGUAR E-PACE,-1,-1,0,-1
2024440332360,2024,440332360,1,9,0,9,9,6,4,0,0,8,0,0,0,0,1,1,6,6,1,62,9,1997,1,6,JAGUAR E-PACE,8,E01022887,0,1
2024371467360,2024,371467360,2,9,0,-1,19,1,5,-1,0,0,1,0,0,0,1,1,-1,9,1,51,8,1999,2,4,JAGUAR E-PACE,2,E01030254,0,4
2024451399034,2024,451399034,1,9,0,-1,19,4,8,-1,0,1,0,0,1,2,1,1,-1,9,2,31,6,1997,1,5,JAGUAR E-PACE,6,E01030336,0,1
2024122500441,2024,122500441,1,9,0,3,3,7,3,0,0,1,0,0,0,0,1,1,6,6,2,53,8,1999,2,4,JAGUAR E-PACE,7,E01013336,0,1
2024440090783,2024,440090783,1,9,0,18,19,2,6,0,0,0,0,0,0,0,1,1,6,6,1,55,8,1998,2,3,JAGUAR E-PACE,9,E01006932,0,5
2024461458166,2024,461458166,2,9,0,-1,19,1,5,-1,0,0,0,0,0,0,1,1,-1,9,1,62,9,1998,2,3,JAGUAR E-PACE,9,E01024008,0,2
2024522403074,2024,522403074,2,9,0,18,19,8,4,0,0,1,0,0,0,0,1,1,6,6,2,51,8,1997,1,4,JAGUAR E-PACE,5,E01035226,0,1
2024201472650,2024,201472650,2,9,0,-1,15,2,6,-1,0,1,1,10,1,11,1,1,-1,9,2,44,7,1998,2,3,JAGUAR E-PACE,5,E01009183,0,1
2024311440421,2024,311440421,2,9,0,-1,9,5,3,-1,0,0,0,0,0,0,1,9,-1,9,2,38,7,1999,2,6,JAGUAR E-PACE,6,E01028298,0,1
2024451478576,2024,451478576,1,9,0,-1,9,3,7,-1,0,6,0,0,0,0,1,1,-1,9,1,55,8,1999,2,4,JAGUAR E-PACE,9,E01003827,0,3
2024010515260,2024,010515260,2,9,0,99,99,9,9,99,99,9,9,99,9,99,1,9,6,6,3,-1,-1,1999,2,5,JAGUAR E-PACE,10,E01004180,0,1
202454C635224,2024,54C635224,2,9,0,18,19,3,7,0,0,0,0,0,0,0,2,1,6,6,2,46,8,1999,2,6,JAGUAR E-PACE,8,E01034546,0,1
2024461534229,2024,461534229,3,9,0,-1,2,0,0,-1,9,1,0,0,0,0,4,1,-1,6,-1,-1,-1,1999,2,4,JAGUAR E-PACE,-1,-1,0,-1
2024010518481,2024,010518481,2,9,0,99,99,9,9,99,99,9,9,99,9,99,4,9,6,6,1,52,8,1498,8,0,JAGUAR E-PACE,9,E01003838,0,1
2024501433659,2024,501433659,1,9,0,-1,19,3,7,-1,0,0,5,0,0,0,1,1,-1,9,1,73,10,1498,8,2,JAGUAR E-PACE,8,E01034858,0,2
2024010508097,2024,010508097,2,9,0,18,19,1,5,0,0,8,0,0,0,0,1,1,6,6,2,58,9,1999,2,5,JAGUAR E-PACE,5,E01003378,0,2
2024461396670,2024,461396670,2,9,0,-1,19,1,5,-1,0,0,0,0,0,0,1,9,-1,9,1,69,10,1498,8,1,JAGUAR E-PACE,9,E01032821,0,1
2024070722640,2024,070722640,1,9,0,-1,19,7,3,-1,0,0,5,0,7,0,0,2,-1,9,1,64,9,1997,1,5,JAGUAR E-PACE,10,E01018404,0,3
2024430306727,2024,430306727,2,9,0,13,13,7,3,0,0,8,0,0,0,0,1,1,6,6,2,40,7,1999,2,5,JAGUAR E-PACE,-1,-1,0,-1
2024401449839,2024,401449839,1,9,0,-1,19,3,8,-1,0,8,0,0,0,0,3,1,-1,9,2,67,10,1999,2,6,JAGUAR E-PACE,6,E01027073,0,4
2024050414472,2024,050414472,3,9,0,18,19,1,5,0,0,0,0,2,0,0,2,1,6,6,1,-1,-1,1999,2,6,JAGUAR E-PACE,-1,-1,0,-1
2024991492197,2024,991492197,1,9,0,-1,19,6,2,-1,0,0,0,11,0,0,1,1,-1,9,2,45,7,1999,2,5,JAGUAR E-PACE,-1,-1,0,-1
2024131514712,2024,131514712,2,9,0,-1,19,5,1,-1,0,8,0,0,0,0,1,1,-1,9,1,80,11,1999,2,5,JAGUAR E-PACE,7,E01011054,0,1
2024991523466,2024,991523466,2,9,0,-1,9,3,1,-1,0,8,0,0,0,0,3,1,-1,2,2,40,7,1998,2,1,JAGUAR E-PACE,-1,-1,0,-1
2024070865418,2024,070865418,1,9,0,-1,9,7,1,-1,0,6,0,0,0,0,1,1,-1,9,2,66,10,1997,1,5,JAGUAR E-PACE,6,E01018481,0,2
2024010516125,2024,010516125,2,9,0,10,10,5,2,0,0,2,0,0,0,0,2,1,6,6,2,45,7,1498,8,1,JAGUAR E-PACE,4,E01000741,0,4
2024010548147,2024,010548147,1,9,0,18,19,5,1,0,0,0,0,0,0,0,2,1,1,1,1,45,7,1498,8,0,JAGUAR E-PACE,5,E01004733,0,4
2024461514812,2024,461514812,1,9,0,-1,19,4,8,-1,0,0,0,0,0,0,1,1,-1,6,3,24,5,1997,1,4,JAGUAR E-PACE,-1,-1,0,-1
2024471426104,2024,471426104,2,9,0,-1,-1,-1,-1,-1,-1,-1,-1,-1,-1,0,-1,1,-1,6,1,39,7,1999,2,6,JAGUAR E-PACE,5,E01016988,0,1
2024010517885,2024,010517885,1,9,0,5,5,1,5,0,0,0,0,0,0,0,1,1,6,6,2,55,8,1498,8,0,JAGUAR E-PACE,3,E01033341,0,1
2024010498847,2024,010498847,1,9,0,17,19,1,7,0,0,0,5,0,1,9,1,1,6,6,1,46,8,1997,1,6,JAGUAR E-PACE,-1,-1,0,-1
2024430214848,2024,430214848,1,9,0,3,3,1,5,0,0,0,0,0,0,0,2,1,6,6,2,57,9,1998,2,0,JAGUAR E-PACE,4,E01017666,0,4
2024320102839,2024,320102839,1,9,0,-1,-1,2,6,0,0,2,0,0,0,0,1,1,6,6,2,56,9,1999,2,5,JAGUAR E-PACE,-1,-1,0,-1
2024010549102,2024,010549102,1,9,0,18,19,5,1,0,0,1,0,0,0,0,0,1,6,6,2,62,9,1998,2,1,JAGUAR E-PACE,9,E01002225,0,1
2024010491177,2024,010491177,2,9,0,12,12,3,7,0,0,1,0,0,0,0,2,1,6,6,1,69,10,1997,1,6,JAGUAR E-PACE,5,E01021518,0,4
2024430592411,2024,430592411,1,9,0,9,9,8,5,0,0,6,0,0,0,0,3,1,6,6,1,74,10,1999,2,6,JAGUAR E-PACE,10,E01028791,0,3
2024501519514,2024,501519514,1,9,0,-1,3,7,3,-1,0,1,0,0,0,0,1,1,-1,6,2,34,6,1999,2,5,JAGUAR E-PACE,4,E01018908,0,1
2024101464854,2024,101464854,2,9,0,-1,19,6,2,-1,0,8,0,0,0,0,4,1,-1,9,2,31,6,1997,1,5,JAGUAR E-PACE,9,E01032647,0,2
2024471495034,2024,471495034,1,9,0,-1,9,5,3,-1,0,8,0,0,0,0,1,1,-1,9,2,52,8,1997,1,6,JAGUAR E-PACE,6,E01021108,0,1
2024131464373,2024,131464373,2,9,0,-1,19,5,1,-1,0,1,1,4,0,0,3,1,-1,9,2,22,5,1999,2,6,JAGUAR E-PACE,8,E01011934,0,1
2024451517200,2024,451517200,1,9,0,-1,19,7,3,-1,0,0,0,0,0,0,1,1,-1,9,2,31,6,1997,1,3,JAGUAR E-PACE,10,E01030367,0,1
2024061470769,2024,061470769,1,9,0,-1,19,4,8,-1,0,8,0,0,0,0,1,2,-1,6,1,79,11,1999,2,6,JAGUAR E-PACE,10,E01005048,0,1
2024421414619,2024,421414619,1,9,0,-1,19,3,7,-1,0,0,0,0,0,0,0,9,-1,6,3,-1,-1,1999,2,5,JAGUAR E-PACE,-1,-1,0,-1
2024461533748,2024,461533748,1,9,0,-1,10,1,3,-1,0,1,0,4,7,0,1,1,-1,6,1,68,10,1998,2,2,JAGUAR E-PACE,3,E01000403,0,2