collision_index,collision_year,collision_ref_no,vehicle_reference,vehicle_type,towing_and_articulation,vehicle_manoeuvre_historic,vehicle_manoeuvre,vehicle_direction_from,vehicle_direction_to,vehicle_location_restricted_lane_historic,vehicle_location_restricted_lane,junction_location,skidding_and_overturning,hit_object_in_carriageway,vehicle_leaving_carriageway,hit_object_off_carriageway,first_point_of_impact,vehicle_left_hand_drive,journey_purpose_of_driver_historic,journey_purpose_of_driver,sex_of_driver,age_of_driver,age_band_of_driver,engine_capacity_cc,propulsion_code,age_of_vehicle,generic_make_model,driver_imd_decile,lsoa_of_driver,escooter_flag,driver_distance_banding
2024622400822,2024,622400822,1,10,0,18,19,4,8,0,0,0,0,0,0,0,2,1,6,6,1,43,7,-1,-1,-1,JAGUAR E-PACE,3,W01001885,0,1
2024461453397,2024,461453397,2,9,0,-1,19,7,5,-1,0,0,0,0,0,0,4,1,-1,9,1,57,9,1999,2,5,JAGUAR E-PACE,1,E01024581,0,4
2024010519065,2024,010519065,1,9,0,18,19,4,8,0,0,8,5,0,0,0,1,1,6,6,3,-1,-1,1999,2,5,JAGUAR E-PACE,-1,-1,0,-1
2024131411110,2024,131411110,2,9,0,-1,19,2,6,-1,0,8,0,0,0,0,3,1,-1,9,-1,41,7,1997,1,6,JAGUAR E-PACE,4,E01011233,0,1
2024371507657,2024,371507657,3,9,0,-1,19,5,1,-1,0,0,0,0,0,0,1,1,-1,1,-1,49,8,1999,2,5,JAGUAR E-PACE,10,E01029903,0,1
2024471482727,2024,471482727,1,9,0,-1,19,3,7,-1,0,0,0,7,0,0,3,1,-1,6,2,42,7,1999,2,5,JAGUAR E-PACE,8,E01034820,0,1
2024340WN7262,2024,340WN7262,2,9,0,-1,3,8,4,-1,0,1,0,0,0,0,2,1,-1,2,2,46,8,1999,2,4,JAGUAR E-PACE,7,E01035028,0,4
2024302400914,2024,302400914,2,9,0,11,11,1,4,0,0,3,0,0,0,0,1,1,6,6,2,62,9,1999,2,5,JAGUAR E-PACE,8,E01013594,0,1
2024041511733,2024,041511733,1,9,0,-1,19,7,3,-1,0,0,0,0,0,0,4,1,-1,9,2,52,8,1997,1,6,JAGUAR E-PACE,10,E01004805,0,2
2024411468168,2024,411468168,2,9,0,-1,3,4,8,-1,0,0,0,0,0,0,2,1,-1,2,2,65,9,1997,1,2,JAGUAR E-PACE,7,E01023594,0,2
2024471478714,2024,471478714,2,9,0,-1,19,3,7,-1,0,3,0,0,0,0,4,9,-1,2,2,56,9,1997,1,5,JAGUAR E-PACE,5,E01034302,0,1
2024622400205,2024,622400205,1,9,0,5,5,6,2,0,0,0,0,0,0,0,1,1,6,6,1,65,9,1999,2,4,JAGUAR E-PACE,9,W01000943,0,1
2024131420438,2024,131420438,2,9,0,-1,19,1,1,-1,0,0,0,0,0,0,3,1,-1,6,1,70,10,1998,2,0,JAGUAR E-PACE,7,E01010767,0,1
2024010519174,2024,010519174,1,9,0,18,19,5,1,0,0,8,0,0,0,0,1,1,6,6,3,-1,-1,1997,1,6,JAGUAR E-PACE,-1,-1,0,-1
2024221520160,2024,221520160,1,9,0,-1,9,7,5,-1,0,6,0,0,0,0,1,1,-1,6,2,42,7,1999,2,5,JAGUAR E-PACE,8,E01028907,0,1
2024631478017,2024,631478017,1,2,0,-1,12,1,5,-1,0,0,0,0,1,10,1,1,-1,9,1,16,4,50,1,0,-1,6,W01000598,0,2
2024461448026,2024,461448026,1,2,0,-1,8,1,7,-1,0,2,0,0,0,0,2,1,-1,1,2,27,6,50,1,1,-1,2,E01024294,0,1
2024201539799,2024,201539799,1,23,0,-1,19,3,7,-1,0,0,0,0,0,0,1,1,-1,6,1,-1,-1,125,1,0,-1,9,E01010192,0,4
2024010505338,2024,010505338,1,3,9,3,3,3,7,99,99,0,9,99,9,99,2,1,6,6,1,52,8,124,1,1,-1,4,E01000035,0,2
2024340NN4022,2024,340NN4022,2,3,0,-1,19,7,3,-1,0,1,0,0,0,0,1,1,-1,1,1,44,7,125,1,0,-1,4,E01026956,0,1
2024101457425,2024,101457425,2,3,0,-1,14,7,3,-1,0,0,0,4,0,0,1,1,-1,2,1,51,8,125,1,0,-1,1,E01008793,0,1
2024122400212,2024,122400212,1,3,0,18,19,6,2,0,0,0,0,0,0,0,0,1,6,6,2,18,4,-1,-1,-1,-1,5,E01027798,0,3
2024161423520,2024,161423520,1,2,0,-1,19,7,3,-1,0,1,1,0,0,0,1,1,-1,6,1,16,4,50,1,1,-1,6,E01013324,0,1
2024401402611,2024,401402611,2,3,0,-1,19,1,5,-1,0,0,0,0,1,0,1,1,-1,6,1,22,5,125,1,1,-1,9,E01017549,0,1
2024231427219,2024,231427219,1,4,0,-1,19,1,5,-1,0,0,0,0,0,0,1,1,-1,1,1,24,5,399,1,5,-1,10,E01031110,0,2
2024131457370,2024,131457370,2,4,0,-1,3,2,6,-1,0,8,5,0,0,0,2,1,-1,6,1,20,4,399,1,1,-1,1,E01033693,0,1
2024471520268,2024,471520268,1,4,0,-1,15,4,8,-1,0,0,1,0,1,0,3,1,-1,9,2,25,5,399,1,2,-1,5,E01003366,0,4
2024340WN2732,2024,340WN2732,1,4,0,-1,19,5,1,-1,0,1,1,0,0,0,4,1,-1,9,1,20,4,399,1,5,-1,8,E01027023,0,1
2024421469941,2024,421469941,2,4,0,-1,9,1,7,-1,0,0,0,0,0,0,3,1,-1,9,1,24,5,399,1,2,-1,-1,-1,0,-1
2024340NN1532,2024,340NN1532,1,4,0,-1,13,5,1,-1,0,1,0,0,0,0,1,1,-1,9,1,21,5,399,1,1,-1,8,E01032972,0,1
2024302401753,2024,302401753,1,4,0,-1,19,8,4,-1,0,1,1,0,2,10,3,1,-1,6,1,20,4,399,1,1,-1,10,E01019635,0,2
2024122401044,2024,122401044,1,4,0,14,14,6,3,0,0,1,0,0,0,0,4,1,6,6,1,21,5,399,1,1,-1,10,E01013417,0,1
2024461483262,2024,461483262,1,2,0,-1,7,5,8,-1,0,3,0,2,1,0,1,1,-1,2,1,36,7,125,1,3,-1,3,E01024559,0,1
2024631494124,2024,631494124,1,9,0,-1,19,4,8,-1,0,0,0,0,8,11,1,1,-1,9,1,28,6,1497,1,0,-1,6,W01000686,0,1
2024320476404,2024,320476404,2,9,0,10,10,2,1,0,0,1,0,0,0,0,2,1,-1,-1,2,48,8,1497,1,0,-1,-1,-1,0,-1
2024351530799,2024,351530799,1,2,0,-1,13,5,1,-1,0,0,0,0,0,0,1,1,-1,9,1,19,4,49,1,5,-1,4,E01015606,0,1
2024421468176,2024,421468176,2,2,0,-1,19,2,6,-1,0,1,0,0,0,0,3,1,-1,6,1,15,3,49,1,4,-1,4,E01021956,0,1
2024451482084,2024,451482084,1,9,0,-1,19,5,1,-1,0,4,0,0,0,0,3,1,-1,9,1,40,7,2143,2,10,MERCEDES CLA CLASS,8,E01032776,0,4
2024010530266,2024,010530266,2,9,0,4,4,5,1,0,0,0,0,0,0,0,2,1,6,6,2,29,6,1332,8,0,MERCEDES CLA CLASS,2,E01003060,0,1
2024010521692,2024,010521692,1,9,0,10,10,1,6,0,0,2,0,0,0,0,1,1,6,6,1,36,7,1595,1,6,MERCEDES CLA CLASS,6,E01003223,0,1
2024471465570,2024,471465570,2,9,0,-1,19,4,8,-1,0,0,1,0,0,0,1,1,-1,9,2,24,5,1332,8,1,MERCEDES CLA CLASS,3,E01031598,0,4
2024141532201,2024,141532201,2,9,0,-1,19,5,1,-1,0,0,0,0,0,0,1,9,-1,6,3,-1,-1,2143,2,8,MERCEDES CLA CLASS,-1,-1,0,-1
2024010544663,2024,010544663,2,9,0,99,99,9,9,99,99,6,9,99,9,99,1,9,6,6,3,-1,-1,1595,1,11,MERCEDES CLA CLASS,-1,-1,0,-1
2024631461845,2024,631461845,3,9,0,-1,4,8,4,-1,0,0,0,0,0,0,2,1,-1,9,1,50,8,1332,1,1,MERCEDES CLA CLASS,-1,-1,0,-1
2024010532613,2024,010532613,1,9,0,4,4,1,5,0,0,1,0,0,0,0,1,1,6,6,1,33,6,2143,2,9,MERCEDES CLA CLASS,2,E01003391,0,2
2024201458538,2024,201458538,2,9,0,-1,19,3,2,-1,0,8,0,0,0,0,2,1,-1,6,1,24,5,1332,8,1,MERCEDES CLA CLASS,1,E01008996,0,2
2024440548580,2024,440548580,2,9,0,11,11,6,1,0,0,8,0,0,0,0,1,1,6,6,1,31,6,1332,1,1,MERCEDES CLA CLASS,7,E01002918,0,4
2024522401313,2024,522401313,1,9,0,18,19,8,4,0,0,0,0,0,0,0,3,1,6,6,1,23,5,2143,2,6,MERCEDES CLA CLASS,10,E01014713,0,1
2024131459066,2024,131459066,1,9,0,-1,4,5,1,-1,0,1,0,0,0,0,1,1,-1,2,1,52,8,1595,1,9,MERCEDES CLA CLASS,2,E01011141,0,2
2024451496760,2024,451496760,1,9,0,-1,12,7,3,-1,-1,0,0,0,0,0,2,1,-1,2,1,17,4,1950,2,4,MERCEDES CLA CLASS,8,E01035232,0,5
2024411559728,2024,411559728,1,9,0,-1,-1,-1,-1,-1,-1,0,-1,-1,-1,0,-1,1,-1,6,3,-1,-1,2143,2,6,MERCEDES CLA CLASS,-1,-1,0,-1
202417L110824,2024,17L110824,1,9,0,-1,19,4,8,-1,0,0,0,0,1,1,3,1,-1,9,1,18,4,2143,2,10,MERCEDES CLA CLASS,4,E01012097,0,1
2024461486406,2024,461486406,1,9,0,-1,19,5,1,-1,0,0,0,0,0,0,1,1,-1,2,2,45,7,1950,2,3,MERCEDES CLA CLASS,9,E01024006,0,4
2024010526969,2024,010526969,1,9,4,4,4,9,9,99,99,0,9,99,9,99,1,9,2,2,2,31,6,1332,1,3,MERCEDES CLA CLASS,3,E01003251,0,1
2024052401424,2024,052401424,1,9,0,18,19,6,2,0,0,6,0,0,0,0,1,1,6,6,2,24,5,1332,1,4,MERCEDES CLA CLASS,7,E01006589,0,1
2024010504299,2024,010504299,3,9,0,18,19,7,3,0,0,0,0,0,0,0,2,1,6,6,1,31,6,1332,8,0,MERCEDES CLA CLASS,2,E01004205,0,2
2024010532308,2024,010532308,1,9,0,5,5,7,3,0,0,8,0,0,0,0,1,1,6,6,3,-1,-1,1595,1,5,MERCEDES CLA CLASS,-1,-1,0,-1
2024991411263,2024,991411263,2,9,0,-1,3,6,2,-1,0,2,0,0,0,0,1,1,-1,9,2,61,9,1332,8,0,MERCEDES CLA CLASS,4,-1,0,4
2024522402886,2024,522402886,1,9,0,18,19,7,3,0,0,0,0,0,0,0,1,1,6,6,1,23,5,2143,2,6,MERCEDES CLA CLASS,10,E01014713,0,1
2024010527418,2024,010527418,1,9,0,3,3,2,6,0,0,1,0,0,0,0,3,1,6,6,1,30,6,1332,1,3,MERCEDES CLA CLASS,2,E01001716,0,1
2024131505339,2024,131505339,1,9,0,-1,9,5,1,-1,0,0,0,0,0,0,1,1,-1,9,2,34,6,2143,2,9,MERCEDES CLA CLASS,1,E01011025,0,1
202460Q018648,2024,60Q018648,1,9,0,16,19,1,4,0,0,0,1,0,0,0,1,1,6,6,1,60,9,1991,1,9,MERCEDES CLA CLASS,-1,-1,0,-1
2024411493813,2024,411493813,2,9,0,-1,5,5,7,-1,0,0,0,0,0,0,3,1,-1,6,1,28,6,1332,1,3,MERCEDES CLA CLASS,3,E01001858,0,4
2024131416329,2024,131416329,4,9,0,-1,2,0,0,-1,0,1,1,0,1,0,2,1,-1,6,-1,-1,-1,1332,8,3,MERCEDES CLA CLASS,-1,-1,0,-1
2024401489949,2024,401489949,2,9,0,-1,19,8,4,-1,0,0,1,0,0,0,1,1,-1,6,2,25,5,1950,2,0,MERCEDES CLA CLASS,9,E01017422,0,1
2024991539920,2024,991539920,2,9,0,-1,19,2,6,-1,0,0,0,0,0,0,1,1,-1,9,1,53,8,2143,2,7,MERCEDES CLA CLASS,3,-1,0,2
2024461467099,2024,461467099,2,9,0,-1,2,5,1,-1,0,0,0,0,0,0,2,1,-1,6,1,52,8,1332,1,4,MERCEDES CLA CLASS,-1,-1,0,-1
2024010551451,2024,010551451,1,9,0,99,99,9,9,99,99,1,9,99,9,99,9,9,6,6,2,28,6,1332,1,4,MERCEDES CLA CLASS,7,E01035527,0,4
2024461405022,2024,461405022,1,9,0,-1,19,6,2,-1,0,0,0,0,1,6,1,1,-1,6,1,23,5,1595,1,8,MERCEDES CLA CLASS,3,E01003299,0,4
2024010545837,2024,010545837,2,8,0,99,99,9,9,99,99,9,9,99,9,99,9,9,6,6,3,-1,-1,1595,1,6,MERCEDES CLA CLASS,-1,-1,0,-1
2024201459638,2024,201459638,2,9,0,-1,13,8,4,-1,0,1,0,0,0,0,3,1,-1,6,1,20,4,1332,1,1,MERCEDES CLA CLASS,6,E01031211,0,4
2024430533100,2024,430533100,2,9,0,18,19,6,2,0,0,8,0,0,0,0,3,1,6,6,1,39,7,2143,2,10,MERCEDES CLA CLASS,10,E01028705,0,2
2024501513255,2024,501513255,1,9,0,-1,12,4,8,-1,0,0,0,0,0,0,1,1,-1,2,1,28,6,1332,8,0,MERCEDES CLA CLASS,3,E01015167,0,1
2024461452272,2024,461452272,2,9,0,-1,19,1,5,-1,0,0,0,0,0,0,2,2,-1,6,2,32,6,2143,2,8,MERCEDES CLA CLASS,4,E01035007,0,1
2024010546276,2024,010546276,1,9,0,18,19,5,1,0,0,1,0,0,0,0,1,1,6,6,2,43,7,1332,1,2,MERCEDES CLA CLASS,2,E01004055,0,2
2024010524230,2024,010524230,3,9,0,3,3,7,3,0,0,2,0,0,0,0,1,1,6,6,1,22,5,1332,1,4,MERCEDES CLA CLASS,5,E01001158,0,1
2024010495616,2024,010495616,2,9,0,2,2,0,0,0,0,6,0,0,0,0,1,1,6,6,3,-1,-1,1332,1,2,MERCEDES CLA CLASS,-1,-1,0,-1
2024141502306,2024,141502306,1,9,0,-1,19,5,1,-1,0,0,0,0,0,0,1,1,-1,2,1,61,9,2143,2,8,MERCEDES CLA CLASS,7,E01010899,0,4
2024010538366,2024,010538366,1,9,0,2,2,9,9,99,99,9,9,99,9,99,9,9,6,6,1,21,5,1332,1,5,MERCEDES CLA CLASS,4,E01003014,0,1
2024411480019,2024,411480019,2,9,0,-1,-1,-1,-1,-1,-1,0,-1,-1,-1,0,-1,9,-1,9,2,24,5,2143,2,9,MERCEDES CLA CLASS,9,E01023713,0,3
2024631501674,2024,631501674,1,9,0,-1,19,2,6,-1,0,8,1,0,7,11,1,1,-1,9,2,59,9,1332,1,1,MERCEDES CLA CLASS,-1,-1,0,-1
2024991491728,2024,991491728,1,9,0,-1,19,3,7,-1,0,1,0,0,0,0,1,1,-1,6,1,38,7,1332,8,1,MERCEDES CLA CLASS,3,-1,0,1
2024070505707,2024,070505707,2,9,0,18,19,4,8,0,0,0,0,0,0,0,2,1,6,6,1,19,4,1332,8,1,MERCEDES CLA CLASS,10,E01018641,0,1
2024161467355,2024,161467355,2,9,0,-1,19,3,7,-1,0,1,1,0,0,0,1,1,-1,9,1,37,7,1991,1,11,MERCEDES CLA CLASS,3,E01013245,0,1
2024361464095,2024,361464095,1,9,0,-1,19,1,5,-1,0,0,1,10,1,0,2,1,-1,6,1,44,7,2143,2,9,MERCEDES CLA CLASS,7,E01026490,0,1
2024010511414,2024,010511414,1,9,0,9,9,7,5,0,0,2,0,0,0,0,1,1,6,6,2,34,6,1332,8,1,MERCEDES CLA CLASS,4,E01002780,0,2
2024430474535,2024,430474535,1,9,0,18,19,6,2,0,0,6,0,0,0,0,1,1,6,6,3,-1,-1,1991,1,6,MERCEDES CLA CLASS,-1,-1,0,-1
2024010523121,2024,010523121,2,9,0,99,99,9,9,99,99,9,9,99,9,99,1,9,6,6,2,29,6,1332,1,2,MERCEDES CLA CLASS,4,E01024182,0,2
2024101508146,2024,101508146,2,9,0,-1,7,7,1,-1,0,3,0,0,0,0,2,1,-1,9,1,30,6,2143,2,6,MERCEDES CLA CLASS,1,E01027429,0,1
2024111420731,2024,111420731,2,9,-1,-1,5,4,8,-1,0,1,0,0,0,0,1,9,-1,6,1,30,6,1991,1,2,MERCEDES CLA CLASS,6,E01034547,0,5
2024061403601,2024,061403601,2,9,0,-1,19,5,1,-1,0,0,0,0,0,0,1,2,-1,6,1,19,4,1332,1,5,MERCEDES CLA CLASS,3,E01006839,0,4
2024211475826,2024,211475826,1,9,0,-1,19,1,5,-1,0,0,0,0,0,0,1,9,-1,6,2,-1,-1,2143,2,6,MERCEDES CLA CLASS,-1,-1,0,-1
2024010526222,2024,010526222,1,9,0,9,9,7,5,1,1,1,0,0,0,0,1,2,6,6,1,62,9,1332,1,1,MERCEDES CLA CLASS,3,E01017515,0,4
2024010529791,2024,010529791,1,9,0,99,99,9,9,99,99,9,9,99,9,99,3,9,6,6,2,26,6,1332,1,3,MERCEDES CLA CLASS,2,E01000072,0,1
2024421498848,2024,421498848,2,9,0,-1,4,3,7,-1,0,0,0,0,0,0,2,1,-1,6,1,38,7,1595,1,5,MERCEDES CLA CLASS,2,E01021327,0,1
2024010521264,2024,010521264,2,9,0,2,2,0,0,0,0,0,0,4,0,0,2,1,6,6,3,-1,-1,1991,1,5,MERCEDES CLA CLASS,-1,-1,0,-1
2024461424879,2024,461424879,1,9,0,-1,19,5,1,-1,0,0,0,0,0,0,4,1,-1,6,2,37,7,2143,2,10,MERCEDES CLA CLASS,7,E01024245,0,1
2024010545550,2024,010545550,1,9,0,99,99,9,9,99,99,9,9,99,9,99,2,9,2,2,1,50,8,2143,2,8,MERCEDES CLA CLASS,3,E01002703,0,1
2024302401343,2024,302401343,1,9,0,4,4,6,2,0,0,2,0,0,0,0,2,1,1,1,1,33,6,1332,8,1,MERCEDES CLA CLASS,3,E01019775,0,2
2024351528696,2024,351528696,1,9,0,-1,19,1,5,-1,0,0,0,2,0,0,1,1,-1,6,1,40,7,1332,1,3,MERCEDES CLA CLASS,-1,-1,0,-1
2024161522701,2024,161522701,1,9,0,-1,19,3,7,-1,0,0,1,0,0,0,1,1,-1,6,1,40,7,1595,1,7,MERCEDES CLA CLASS,6,E01013048,0,1
2024340WN4872,2024,340WN4872,2,9,0,-1,19,1,5,-1,0,1,0,0,0,0,1,1,-1,6,1,61,9,1332,8,1,MERCEDES CLA CLASS,10,E01025641,0,4
2024010544050,2024,010544050,2,9,0,9,9,9,9,99,99,9,9,99,9,99,9,9,6,6,3,-1,-1,1332,1,4,MERCEDES CLA CLASS,4,E01004326,0,2
2024010530055,2024,010530055,2,9,0,99,99,9,9,99,99,9,9,99,9,99,1,9,6,6,2,30,6,1991,1,5,MERCEDES CLA CLASS,9,E01023674,0,3
2024061442676,2024,061442676,1,9,0,-1,5,7,3,-1,0,0,0,0,0,0,1,1,-1,9,2,31,6,1595,1,11,MERCEDES CLA CLASS,1,E01005729,0,1
2024221429324,2024,221429324,2,9,0,-1,3,4,8,-1,0,1,0,0,0,0,2,9,-1,6,1,44,7,1332,8,3,MERCEDES CLA CLASS,5,E01014008,0,2
2024010521482,2024,010521482,1,9,0,5,5,7,3,0,0,5,0,0,1,0,4,1,6,6,1,-1,-1,1991,1,2,MERCEDES CLA CLASS,3,E01004719,0,2
2024010545250,2024,010545250,2,9,0,18,19,7,3,0,0,8,0,0,0,0,4,1,6,6,1,28,6,2143,2,8,MERCEDES CLA CLASS,2,E01003205,0,3
2024010536671,2024,010536671,1,9,0,99,99,9,9,99,99,0,9,99,9,99,9,9,6,6,1,30,6,1332,1,2,MERCEDES CLA CLASS,9,E01002996,0,1
2024311497166,2024,311497166,2,9,0,-1,19,5,1,-1,0,3,0,0,0,0,1,1,-1,9,2,37,7,2143,2,8,MERCEDES CLA CLASS,2,E01019177,0,5
2024211519429,2024,211519429,3,9,0,-1,19,3,6,-1,0,0,0,0,0,0,1,1,-1,6,1,77,11,1991,1,2,MERCEDES CLA CLASS,6,E01018651,0,4
2024131497806,2024,131497806,2,9,0,-1,19,3,6,-1,0,0,0,0,0,0,2,1,-1,6,1,38,7,1332,8,2,MERCEDES CLA CLASS,1,E01011904,0,1
2024010529529,2024,010529529,2,9,9,9,9,9,9,99,99,5,9,99,9,99,9,9,6,6,1,36,7,1950,2,0,MERCEDES CLA CLASS,7,E01003429,0,1
2024201480935,2024,201480935,1,9,0,-1,7,3,7,-1,0,8,0,0,0,0,1,1,-1,6,-1,20,4,2143,2,6,MERCEDES CLA CLASS,-1,-1,0,-1
2024471406012,2024,471406012,2,9,0,-1,19,7,3,-1,0,0,0,0,0,0,2,1,-1,9,1,42,7,1950,2,1,MERCEDES CLA CLASS,10,E01021210,0,1
2024421422724,2024,421422724,1,9,0,-1,19,2,6,-1,0,0,1,0,0,0,1,1,-1,6,1,26,6,1332,1,5,MERCEDES CLA CLASS,4,E01002104,0,3
2024061456046,2024,061456046,2,9,0,-1,19,4,8,-1,0,8,0,0,0,0,4,1,-1,2,2,44,7,1332,8,0,MERCEDES CLA CLASS,1,E01006248,0,3
2024010504964,2024,010504964,2,9,0,5,5,5,1,0,0,3,0,0,0,0,4,1,6,6,2,36,7,2143,2,9,MERCEDES CLA CLASS,6,E01001293,0,1
2024201506148,2024,201506148,2,9,0,-1,6,4,8,-1,0,0,0,0,0,0,1,1,-1,9,2,42,7,1332,1,4,MERCEDES CLA CLASS,5,E01009519,0,2
2024552400514,2024,552400514,1,9,0,18,19,4,8,0,0,0,1,0,0,0,1,1,6,6,1,28,6,1991,1,9,MERCEDES CLA CLASS,8,E01015320,0,1
2024461405280,2024,461405280,2,9,0,-1,3,2,6,-1,0,0,0,4,0,0,2,1,-1,9,1,50,8,1332,1,2,MERCEDES CLA CLASS,5,E01024357,0,1
2024501513479,2024,501513479,2,9,0,-1,19,7,3,-1,0,0,0,0,0,0,2,1,-1,9,1,30,6,1595,1,8,MERCEDES CLA CLASS,7,E01020064,0,4
2024010513945,2024,010513945,2,9,0,2,2,0,0,6,6,2,0,0,0,0,3,1,6,6,3,-1,-1,1332,8,1,MERCEDES CLA CLASS,-1,-1,0,-1
2024052400070,2024,052400070,2,9,0,18,19,5,1,0,0,1,1,0,1,11,3,1,6,6,2,26,6,1332,8,1,MERCEDES CLA CLASS,1,E01007155,0,1
2024522401841,2024,522401841,2,9,0,9,9,1,8,0,0,6,0,0,0,0,1,1,6,6,2,43,7,1332,1,2,MERCEDES CLA CLASS,6,E01033904,0,2
2024010543891,2024,010543891,1,9,0,99,99,9,9,99,99,0,9,99,9,99,2,9,6,6,1,32,6,1332,1,1,MERCEDES CLA CLASS,2,E01032744,0,1
2024010501247,2024,010501247,2,9,0,2,2,0,0,0,0,0,0,99,0,0,0,9,6,6,3,-1,-1,1332,1,1,MERCEDES CLA CLASS,-1,-1,0,-1
2024522401158,2024,522401158,1,9,0,17,19,8,5,0,0,8,0,0,0,0,3,1,6,6,2,49,8,1332,1,2,MERCEDES CLA CLASS,4,E01014731,0,1
2024010508643,2024,010508643,2,9,0,18,19,5,1,0,0,1,0,0,0,0,1,1,6,6,2,30,6,1332,8,1,MERCEDES CLA CLASS,4,E01016157,0,4
2024421409555,2024,421409555,1,9,0,-1,14,2,6,-1,0,2,0,0,0,0,1,1,-1,9,1,37,7,2143,2,8,MERCEDES CLA CLASS,9,E01021395,0,1
2024052402785,2024,052402785,4,9,0,2,2,0,0,0,0,1,0,0,0,0,2,1,6,6,3,-1,-1,1796,2,10,MERCEDES CLA CLASS,-1,-1,0,-1
2024070128824,2024,070128824,4,9,0,18,19,7,3,0,0,0,0,0,0,0,1,1,2,2,1,35,6,2143,2,11,MERCEDES CLA CLASS,1,E01025084,0,4
2024340NN1442,2024,340NN1442,2,9,0,-1,3,6,2,-1,0,0,0,0,0,0,2,1,-1,9,1,31,6,1950,2,1,MERCEDES CLA CLASS,5,E01027158,0,3
2024010509551,2024,010509551,1,9,0,18,19,3,7,0,0,2,0,0,0,0,4,1,6,6,1,44,7,2143,2,11,MERCEDES CLA CLASS,4,E01001148,0,1
2024010542174,2024,010542174,1,9,0,99,99,9,9,99,99,9,9,99,9,99,9,9,6,6,2,26,6,1332,1,3,MERCEDES CLA CLASS,3,E01000385,0,1
2024010516559,2024,010516559,1,9,0,13,13,7,3,0,0,2,0,0,0,0,3,1,6,6,1,19,4,2143,2,8,MERCEDES CLA CLASS,3,E01004235,0,3
2024131576060,2024,131576060,1,9,0,-1,10,5,3,-1,0,1,0,0,0,0,2,1,-1,7,1,21,5,2143,2,9,MERCEDES CLA CLASS,5,E01007696,0,4
2024031534757,2024,031534757,1,9,0,-1,19,5,1,-1,0,0,0,0,0,0,4,9,-1,6,3,31,6,2143,2,11,MERCEDES CLA CLASS,-1,-1,0,-1
2024010498026,2024,010498026,2,9,0,99,99,9,9,99,99,9,9,99,9,99,9,9,6,6,3,-1,-1,1332,1,1,MERCEDES CLA CLASS,-1,-1,0,-1
2024461473052,2024,461473052,2,9,0,-1,19,8,3,-1,0,0,1,7,0,0,4,1,-1,6,2,45,7,2143,2,9,MERCEDES CLA CLASS,2,E01024741,0,2
2024010499156,2024,010499156,1,9,0,99,99,9,9,99,99,9,9,99,9,99,2,9,6,6,2,32,6,1332,1,3,MERCEDES CLA CLASS,3,E01002702,0,1
2024010507814,2024,010507814,1,9,9,99,99,9,9,99,99,0,9,99,9,99,9,9,6,6,2,36,7,1595,1,6,MERCEDES CLA CLASS,4,E01034612,0,1
2024440266214,2024,440266214,1,9,0,18,19,2,6,0,0,0,0,0,0,0,4,1,2,2,2,44,7,1332,1,1,MERCEDES CLA CLASS,4,E01022479,0,1
2024411440656,2024,411440656,3,9,0,-1,19,3,7,-1,0,0,0,0,0,0,2,1,-1,6,2,44,7,2143,2,6,MERCEDES CLA CLASS,9,E01017454,0,4
2024421533530,2024,421533530,2,9,0,-1,19,6,2,-1,0,0,0,0,0,0,1,1,-1,9,2,27,6,1332,8,0,MERCEDES CLA CLASS,5,E01034421,0,4
2024320034799,2024,320034799,1,9,0,13,13,4,8,0,0,0,0,0,0,0,1,1,6,6,1,38,7,1991,1,9,MERCEDES CLA CLASS,5,E01011748,0,4
2024311426476,2024,311426476,2,9,0,-1,19,6,2,-1,0,0,0,0,0,0,3,1,-1,6,1,62,9,1595,1,6,MERCEDES CLA CLASS,2,E01013886,0,1
2024201511119,2024,201511119,1,9,0,-1,9,1,7,-1,0,6,0,0,0,0,1,1,-1,6,3,-1,-1,1950,2,3,MERCEDES CLA CLASS,-1,-1,0,-1
2024010539957,2024,010539957,2,9,0,18,19,1,5,0,0,0,0,0,0,0,1,1,6,6,3,24,5,1332,1,4,MERCEDES CLA CLASS,-1,-1,0,-1
2024131395433,2024,131395433,1,9,0,-1,19,5,5,-1,0,2,0,0,0,0,2,1,-1,9,2,26,6,1950,2,4,MERCEDES CLA CLASS,4,E01010598,0,1
2024421460795,2024,421460795,3,9,0,-1,19,1,5,-1,0,0,0,0,0,0,3,1,-1,1,1,37,7,2143,2,6,MERCEDES CLA CLASS,6,E01030220,0,4
2024010501140,2024,010501140,2,9,0,99,99,9,9,99,99,9,9,99,9,99,1,9,6,6,3,-1,-1,1991,1,10,MERCEDES CLA CLASS,-1,-1,0,-1
2024010521280,2024,010521280,2,9,0,99,99,9,9,99,99,9,9,99,9,99,9,9,6,6,2,29,6,1332,8,1,MERCEDES CLA CLASS,2,E01003066,0,1
2024010542717,2024,010542717,2,9,0,18,19,7,3,0,0,0,0,0,0,0,1,1,6,6,1,33,6,1332,1,2,MERCEDES CLA CLASS,10,E01016606,0,3