collision_index,collision_year,collision_ref_no,vehicle_reference,vehicle_type,towing_and_articulation,vehicle_manoeuvre_historic,vehicle_manoeuvre,vehicle_direction_from,vehicle_direction_to,vehicle_location_restricted_lane_historic,vehicle_location_restricted_lane,junction_location,skidding_and_overturning,hit_object_in_carriageway,vehicle_leaving_carriageway,hit_object_off_carriageway,first_point_of_impact,vehicle_left_hand_drive,journey_purpose_of_driver_historic,journey_purpose_of_driver,sex_of_driver,age_of_driver,age_band_of_driver,engine_capacity_cc,propulsion_code,age_of_vehicle,generic_make_model,driver_imd_decile,lsoa_of_driver,escooter_flag,driver_distance_banding
2024141532018,2024,141532018,1,9,0,-1,2,0,0,-1,0,2,0,0,0,0,2,1,-1,6,-1,-1,-1,1332,8,0,MERCEDES CLA CLASS,-1,-1,0,-1
2024070969844,2024,070969844,3,9,0,-1,4,2,6,-1,0,0,0,0,0,0,2,1,-1,2,2,38,7,1332,8,0,MERCEDES CLA CLASS,6,W01001370,0,5
2024010527595,2024,010527595,1,9,0,18,19,3,7,0,0,4,1,9,0,0,1,1,6,6,1,29,6,1332,8,0,MERCEDES CLA CLASS,2,E01002392,0,3
2024131450435,2024,131450435,1,9,0,-1,7,5,3,-1,0,8,0,0,0,0,1,1,-1,9,2,26,6,1595,1,5,MERCEDES CLA CLASS,4,E01034263,0,1
2024430594256,2024,430594256,1,9,0,4,4,1,5,0,0,0,0,0,0,0,2,1,6,6,1,26,6,1332,8,0,MERCEDES CLA CLASS,7,E01035448,0,4
2024010531871,2024,010531871,2,9,0,99,99,9,9,99,99,9,9,99,9,99,1,9,6,6,3,42,7,1595,1,9,MERCEDES CLA CLASS,3,E01001215,0,1
2024451534548,2024,451534548,1,9,0,-1,4,7,3,-1,0,0,0,0,0,0,2,1,-1,6,2,23,5,1332,1,1,MERCEDES CLA CLASS,5,E01001301,0,3
2024101465481,2024,101465481,2,9,0,-1,3,3,7,-1,0,0,0,0,0,0,1,1,-1,6,1,20,4,1991,1,2,MERCEDES CLA CLASS,2,E01008757,0,1
2024522402239,2024,522402239,2,9,0,18,19,4,8,0,0,8,0,4,0,0,1,1,6,6,1,39,7,1595,1,5,MERCEDES CLA CLASS,6,E01033338,0,1
2024010532446,2024,010532446,2,9,0,17,19,1,7,0,0,8,0,0,0,0,1,1,1,1,1,64,9,1332,8,0,MERCEDES CLA CLASS,5,E01021449,0,2
2024311449098,2024,311449098,2,9,0,-1,5,6,2,-1,0,2,0,0,0,0,4,1,-1,7,2,35,6,2143,2,7,MERCEDES CLA CLASS,3,E01027941,0,1
2024141441571,2024,141441571,1,9,0,-1,11,1,5,-1,0,0,0,0,0,0,3,2,-1,9,1,26,6,1332,8,1,MERCEDES CLA CLASS,6,E01008153,0,1
2024061440416,2024,061440416,2,9,-1,-1,-1,-1,-1,-1,-1,-1,-1,-1,-1,0,-1,9,-1,6,3,-1,-1,1332,1,3,MERCEDES CLA CLASS,-1,-1,0,-1
2024471416028,2024,471416028,1,9,0,-1,19,7,3,-1,0,0,0,0,1,0,1,1,-1,9,1,25,5,2143,2,8,MERCEDES CLA CLASS,10,E01031828,0,1
2024010497165,2024,010497165,1,9,0,18,19,5,1,0,0,1,0,0,0,0,1,1,6,6,1,56,9,1332,8,1,MERCEDES CLA CLASS,7,E01001125,0,1
2024101474267,2024,101474267,1,9,0,-1,12,8,4,-1,0,0,0,0,0,0,3,1,-1,6,1,42,7,2143,2,9,MERCEDES CLA CLASS,1,E01008218,0,1
2024501525588,2024,501525588,1,9,0,-1,13,8,4,-1,0,1,0,0,0,0,2,1,-1,9,1,30,6,1332,1,4,MERCEDES CLA CLASS,8,E01020008,0,1
2024201518829,2024,201518829,1,9,0,-1,7,8,3,-1,0,0,0,0,0,0,4,1,-1,6,2,44,7,1332,1,3,MERCEDES CLA CLASS,2,E01010101,0,1
2024991435758,2024,991435758,1,9,0,-1,9,5,3,-1,0,1,0,0,0,0,3,1,-1,6,1,19,4,1332,8,0,MERCEDES CLA CLASS,7,-1,0,1
2024201452014,2024,201452014,3,9,0,-1,19,3,7,-1,0,1,0,0,0,0,2,1,-1,6,2,34,6,1595,1,9,MERCEDES CLA CLASS,-1,-1,0,-1
2024371478286,2024,371478286,1,9,0,-1,19,7,3,-1,0,0,0,0,0,0,4,1,-1,9,1,26,6,1991,1,10,MERCEDES CLA CLASS,6,E01030044,0,1
2024201524767,2024,201524767,1,9,0,-1,19,8,4,-1,0,0,0,0,0,0,3,9,-1,6,1,38,7,2143,2,8,MERCEDES CLA CLASS,5,E01009939,0,2
2024401528351,2024,401528351,1,9,0,-1,19,3,7,-1,0,1,0,0,0,0,1,1,-1,6,2,52,8,1332,1,4,MERCEDES CLA CLASS,7,E01015745,0,1
2024522402102,2024,522402102,3,9,0,4,4,1,6,0,0,8,0,0,0,0,2,1,6,6,1,23,5,1950,2,4,MERCEDES CLA CLASS,1,E01014688,0,1
2024010545957,2024,010545957,1,9,0,99,99,9,9,99,99,9,9,99,9,99,2,9,6,6,2,50,8,1595,1,5,MERCEDES CLA CLASS,4,E01000039,0,2
2024010516705,2024,010516705,2,9,0,99,99,9,9,99,99,9,9,99,9,99,2,9,6,6,3,-1,-1,1991,1,10,MERCEDES CLA CLASS,-1,-1,0,-1
2024010551766,2024,010551766,1,9,0,9,9,1,8,0,0,6,0,0,0,0,1,1,6,6,2,32,6,2143,2,10,MERCEDES CLA CLASS,3,E01003630,0,1
2024451497210,2024,451497210,1,9,0,-1,13,3,7,-1,0,1,0,0,0,0,1,1,-1,6,1,29,6,1332,8,0,MERCEDES CLA CLASS,8,E01001127,0,4
2024351510755,2024,351510755,1,9,0,-1,2,0,0,-1,0,0,0,0,2,0,1,1,-1,6,-1,-1,-1,1595,1,7,MERCEDES CLA CLASS,-1,-1,0,-1
2024221455949,2024,221455949,1,9,0,-1,15,6,2,-1,0,0,2,7,0,0,4,1,-1,6,1,20,4,1332,1,2,MERCEDES CLA CLASS,-1,-1,0,-1
2024010507842,2024,010507842,1,9,5,17,19,1,5,0,0,4,0,0,0,0,1,1,6,6,1,46,8,1332,1,5,MERCEDES CLA CLASS,10,E01017897,0,4
2024332400942,2024,332400942,4,9,0,-1,19,4,8,-1,0,0,0,0,0,0,3,1,-1,6,2,46,8,1332,1,4,MERCEDES CLA CLASS,7,E01025812,0,2
2024421434598,2024,421434598,5,9,0,-1,19,8,2,-1,0,0,0,0,0,0,1,1,-1,9,1,21,5,1332,1,5,MERCEDES CLA CLASS,7,E01021910,0,2
2024231529242,2024,231529242,1,9,0,-1,19,5,1,-1,0,6,0,0,0,0,4,1,-1,6,1,24,5,1332,1,3,MERCEDES CLA CLASS,5,E01009312,0,3
2024401544249,2024,401544249,3,9,0,-1,4,8,4,-1,0,0,0,0,0,0,2,1,-1,6,2,39,7,1950,2,0,MERCEDES CLA CLASS,9,E01033833,0,3
2024622400536,2024,622400536,2,9,0,4,4,8,4,0,0,1,0,0,0,0,2,1,6,6,1,50,8,1332,8,2,MERCEDES CLA CLASS,10,W01001783,0,1
2024461399758,2024,461399758,1,9,0,-1,19,5,4,-1,0,0,1,0,0,0,1,9,-1,2,1,36,7,1332,1,4,MERCEDES CLA CLASS,6,E01024036,0,2
2024052402790,2024,052402790,1,9,0,18,19,2,6,0,0,1,0,0,0,0,1,1,2,2,3,-1,-1,1332,1,3,MERCEDES CLA CLASS,-1,-1,0,-1
2024332400276,2024,332400276,1,9,0,-1,19,5,1,-1,0,8,0,0,0,0,3,1,-1,9,1,33,6,1991,1,5,MERCEDES CLA CLASS,4,E01013786,0,1
2024010542405,2024,010542405,2,9,0,99,99,9,9,99,99,9,9,99,9,99,1,9,6,6,1,17,4,1332,1,3,MERCEDES CLA CLASS,3,E01002638,0,1
2024010525081,2024,010525081,1,9,0,9,9,3,1,0,0,5,0,0,0,0,4,1,6,6,1,67,10,1332,1,3,MERCEDES CLA CLASS,2,E01004524,0,3
2024010492968,2024,010492968,2,9,0,99,99,9,9,99,99,0,9,99,9,99,1,9,6,6,1,26,6,1332,1,1,MERCEDES CLA CLASS,4,E01004342,0,3
2024010524150,2024,010524150,1,9,0,14,14,7,3,0,0,8,5,4,0,0,1,1,6,6,2,42,7,1332,1,3,MERCEDES CLA CLASS,-1,-1,0,-1
2024211474845,2024,211474845,3,9,0,-1,5,5,5,-1,0,1,0,0,0,0,2,1,-1,6,2,19,4,2143,2,8,MERCEDES CLA CLASS,-1,-1,0,-1
2024041505608,2024,041505608,1,9,0,-1,19,5,1,-1,0,0,0,0,0,0,1,1,-1,6,2,38,7,1991,1,9,MERCEDES CLA CLASS,4,E01025543,0,4
2024610022524,2024,610022524,1,9,0,18,19,3,7,0,0,0,0,0,0,0,1,1,6,6,1,22,5,1332,1,4,MERCEDES CLA CLASS,2,W01001385,0,4
2024461399165,2024,461399165,1,9,0,-1,19,8,4,-1,0,4,1,9,3,2,1,9,-1,6,1,29,6,1950,2,2,MERCEDES CLA CLASS,6,E01034997,0,1
2024520401902,2024,520401902,2,9,0,5,5,8,4,0,0,6,0,0,0,0,1,1,6,6,2,52,8,1332,1,2,MERCEDES CLA CLASS,10,E01031915,0,4
2024010496775,2024,010496775,2,9,0,2,2,0,0,0,0,1,0,0,0,0,1,1,6,6,3,-1,-1,1332,1,1,MERCEDES CLA CLASS,-1,-1,0,-1
2024010518272,2024,010518272,1,9,0,9,9,2,7,0,0,7,0,0,0,0,4,1,6,6,1,31,6,1332,1,5,MERCEDES CLA CLASS,2,E01000508,0,3
2024010494881,2024,010494881,2,9,0,99,99,9,9,99,99,9,9,99,9,99,9,9,6,6,3,-1,-1,1332,1,4,MERCEDES CLA CLASS,3,E01000043,0,1
2024421530523,2024,421530523,2,9,0,-1,19,-1,-1,-1,0,0,0,0,0,0,3,1,-1,6,1,46,8,1332,8,1,MERCEDES CLA CLASS,5,E01021790,0,1
2024131482062,2024,131482062,1,9,0,-1,7,1,5,-1,0,0,0,0,1,0,4,1,-1,6,1,40,7,2143,2,10,MERCEDES CLA CLASS,1,E01011337,0,3
2024340NN4242,2024,340NN4242,1,9,0,-1,4,1,5,-1,0,0,0,0,0,0,1,1,-1,6,3,-1,-1,2143,2,8,MERCEDES CLA CLASS,-1,-1,0,-1
2024461496552,2024,461496552,1,9,0,-1,4,7,3,-1,0,0,0,0,0,0,0,9,-1,6,1,27,6,1332,1,5,MERCEDES CLA CLASS,6,E01001572,0,4
2024501483092,2024,501483092,1,9,0,-1,19,7,3,-1,0,0,0,0,0,0,2,1,-1,9,1,49,8,1332,8,3,MERCEDES CLA CLASS,7,E01029581,0,5
2024461483693,2024,461483693,1,9,0,-1,9,2,6,-1,0,1,0,11,7,2,4,1,-1,6,2,27,6,1332,1,1,MERCEDES CLA CLASS,1,E01016153,0,1
2024311532746,2024,311532746,1,9,0,-1,19,4,8,-1,0,2,0,0,0,0,1,1,-1,2,2,41,7,1595,1,11,MERCEDES CLA CLASS,3,E01013930,0,1
2024010529439,2024,010529439,2,9,0,99,99,9,9,99,99,9,9,99,9,99,0,9,6,6,3,-1,-1,1332,1,2,MERCEDES CLA CLASS,-1,-1,0,-1
2024010528985,2024,010528985,1,9,0,18,19,3,7,0,0,8,0,0,0,0,4,1,6,6,1,-1,-1,1595,1,9,MERCEDES CLA CLASS,3,E01000141,0,1
2024010548852,2024,010548852,2,9,0,18,19,5,1,6,6,0,0,0,0,0,0,1,6,6,1,28,6,2143,2,8,MERCEDES CLA CLASS,6,E01024804,0,4
2024201498453,2024,201498453,2,9,0,-1,5,8,4,-1,0,6,0,0,0,0,1,1,-1,6,1,29,6,2143,2,6,MERCEDES CLA CLASS,7,E01029480,0,4
2024010526398,2024,010526398,3,9,0,18,19,5,1,0,0,3,0,0,0,0,2,1,6,6,2,40,7,2143,2,8,MERCEDES CLA CLASS,3,E01001548,0,1
2024522402992,2024,522402992,3,9,0,18,19,6,2,0,0,0,0,1,0,0,1,1,6,6,1,31,6,1332,1,5,MERCEDES CLA CLASS,7,E01035219,0,2
2024010509941,2024,010509941,2,9,0,5,5,3,7,0,0,8,0,0,0,0,2,1,6,6,1,26,6,2143,2,8,MERCEDES CLA CLASS,2,E01001849,0,1
2024010512078,2024,010512078,2,9,0,9,9,1,7,0,0,4,1,4,0,0,1,1,2,2,1,26,6,1950,2,1,MERCEDES CLA CLASS,-1,-1,0,-1
2024010517790,2024,010517790,3,9,0,2,2,0,0,0,0,2,0,0,0,0,2,1,6,6,3,-1,-1,1595,1,7,MERCEDES CLA CLASS,-1,-1,0,-1
2024141490055,2024,141490055,2,9,0,-1,9,7,5,-1,0,8,0,0,0,0,4,1,-1,1,1,28,6,1332,8,2,MERCEDES CLA CLASS,1,E01007715,0,2
2024201467764,2024,201467764,2,9,0,-1,19,7,3,-1,0,8,0,0,0,0,1,1,-1,6,1,49,8,1595,1,6,MERCEDES CLA CLASS,1,E01010003,0,1
2024131414805,2024,131414805,1,9,0,-1,19,7,3,-1,0,1,0,0,0,0,1,1,-1,6,1,48,8,1332,8,3,MERCEDES CLA CLASS,2,E01011759,0,1
2024461496945,2024,461496945,1,9,0,-1,19,3,7,-1,0,0,1,0,0,0,4,1,-1,9,1,23,5,1332,1,4,MERCEDES CLA CLASS,5,E01024171,0,1
2024070126227,2024,070126227,1,9,0,17,19,6,2,0,0,0,0,0,1,11,1,1,6,6,1,21,5,1332,1,1,MERCEDES CLA CLASS,2,E01005178,0,3
2024211425155,2024,211425155,2,9,0,-1,15,4,1,-1,0,0,0,0,0,0,3,9,-1,9,2,53,8,1950,2,4,MERCEDES CLA CLASS,7,E01029480,0,1
2024311532746,2024,311532746,4,9,0,-1,2,0,0,-1,0,1,0,0,0,0,2,1,-1,6,-1,-1,-1,1332,1,3,MERCEDES CLA CLASS,-1,-1,0,-1
2024451512977,2024,451512977,2,9,0,-1,2,0,0,-1,-1,0,0,0,0,0,4,1,-1,9,1,52,8,1332,8,0,MERCEDES CLA CLASS,4,E01030740,0,1
2024041442895,2024,041442895,1,9,0,-1,19,5,1,-1,0,2,0,0,0,0,1,1,-1,9,1,52,8,1332,1,2,MERCEDES CLA CLASS,9,E01005408,0,4
2024411506479,2024,411506479,2,9,0,-1,2,0,0,-1,0,0,0,0,0,0,1,1,-1,6,-1,-1,-1,1950,2,1,MERCEDES CLA CLASS,-1,-1,0,-1
2024411506916,2024,411506916,1,9,0,-1,12,-1,-1,-1,0,3,0,0,3,0,-1,1,-1,6,3,-1,-1,2143,2,9,MERCEDES CLA CLASS,-1,-1,0,-1
2024010511136,2024,010511136,3,9,0,18,19,5,1,0,0,7,0,0,0,0,0,1,6,6,2,27,6,1332,1,3,MERCEDES CLA CLASS,6,E01004728,0,2
2024010523075,2024,010523075,2,9,0,4,4,1,5,0,0,0,0,0,0,0,1,1,6,6,2,62,9,1332,1,3,MERCEDES CLA CLASS,4,E01004376,0,1
2024010515236,2024,010515236,1,9,0,9,9,3,8,0,0,6,0,0,0,0,1,1,6,6,1,21,5,1950,2,4,MERCEDES CLA CLASS,5,E01001164,0,1
2024501395515,2024,501395515,1,9,0,-1,13,4,8,-1,0,0,0,0,0,0,1,1,-1,6,1,24,5,1950,2,5,MERCEDES CLA CLASS,2,E01034160,0,1
2024201469945,2024,201469945,1,9,0,-1,19,4,8,-1,0,0,0,0,0,0,1,1,-1,6,1,21,5,1332,1,2,MERCEDES CLA CLASS,5,E01010110,0,3
2024061441772,2024,061441772,2,9,0,-1,7,-1,-1,-1,4,0,0,99,0,0,4,1,-1,6,3,-1,-1,2143,2,10,MERCEDES CLA CLASS,-1,-1,0,-1
2024340WN6172,2024,340WN6172,1,9,0,-1,19,4,8,-1,0,8,0,0,0,0,4,1,-1,6,1,35,6,1950,2,0,MERCEDES CLA CLASS,5,E01027215,0,1
2024421420264,2024,421420264,1,9,0,-1,19,3,7,-1,0,0,0,0,0,0,1,1,-1,9,1,29,6,1332,1,3,MERCEDES CLA CLASS,-1,-1,0,-1
2024461423373,2024,461423373,2,9,0,-1,2,5,1,-1,0,0,0,0,0,0,1,1,-1,6,2,30,6,1332,1,1,MERCEDES CLA CLASS,5,E01024546,0,2
2024010504439,2024,010504439,1,9,0,10,10,4,2,0,0,8,0,0,0,0,3,1,6,6,1,24,5,1332,1,4,MERCEDES CLA CLASS,3,E01001712,0,1
2024010520432,2024,010520432,2,9,0,18,19,5,1,0,0,1,0,0,0,0,1,1,6,6,3,-1,-1,1332,1,3,MERCEDES CLA CLASS,-1,-1,0,-1
2024610017624,2024,610017624,1,9,0,18,19,4,8,0,0,3,1,10,1,11,1,1,6,6,2,33,6,1595,1,5,MERCEDES CLA CLASS,6,W01001367,0,1
2024061502737,2024,061502737,5,9,0,-1,19,7,3,-1,0,0,0,0,0,0,1,1,-1,9,2,30,6,1950,2,2,MERCEDES CLA CLASS,3,E01005012,0,2
2024010510008,2024,010510008,1,9,0,18,19,4,8,0,0,0,0,0,0,0,3,1,6,6,1,25,5,1950,2,3,MERCEDES CLA CLASS,6,E01024340,0,4
2024522401281,2024,522401281,2,9,0,12,12,2,6,0,0,0,0,0,0,0,3,1,6,6,2,35,6,2143,2,6,MERCEDES CLA CLASS,3,E01014590,0,1
2024311540586,2024,311540586,2,9,0,-1,4,1,5,-1,0,1,0,0,0,0,1,1,-1,6,1,-1,-1,1332,1,3,MERCEDES CLA CLASS,-1,-1,0,-1
2024461455552,2024,461455552,2,9,0,-1,2,0,0,-1,9,0,0,0,0,0,3,9,-1,6,3,-1,-1,1332,8,0,MERCEDES CLA CLASS,-1,-1,0,-1
2024010551011,2024,010551011,2,9,0,18,19,1,5,0,0,8,0,0,0,0,1,1,6,6,1,53,8,1950,2,4,MERCEDES CLA CLASS,7,E01000326,0,3
2024070798443,2024,070798443,1,9,0,-1,19,4,2,-1,0,0,0,0,0,0,1,1,-1,2,1,29,6,1332,1,4,MERCEDES CLA CLASS,5,E01033761,0,3
2024061422448,2024,061422448,1,9,-1,-1,-1,-1,-1,-1,-1,0,-1,-1,-1,0,-1,9,-1,6,3,-1,-1,1332,8,2,MERCEDES CLA CLASS,-1,-1,0,-1
2024041481577,2024,041481577,2,9,0,-1,2,5,1,-1,9,0,0,0,0,0,3,1,-1,6,-1,-1,-1,2143,2,8,MERCEDES CLA CLASS,-1,-1,0,-1
2024211414759,2024,211414759,1,9,0,-1,19,2,6,-1,0,1,0,0,0,0,3,9,-1,7,1,28,6,2143,2,9,MERCEDES CLA CLASS,2,E01014356,0,1
2024010515161,2024,010515161,2,9,0,6,6,3,3,0,0,2,0,0,0,0,1,1,6,6,3,-1,-1,1595,1,6,MERCEDES CLA CLASS,-1,-1,0,-1
2024411398950,2024,411398950,1,9,0,-1,7,3,7,-1,0,3,5,0,1,2,1,9,-1,6,1,-1,-1,1332,1,1,MERCEDES CLA CLASS,-1,-1,0,-1
2024010507243,2024,010507243,1,9,0,99,99,9,9,99,99,0,9,99,9,99,2,1,6,6,3,55,8,1332,1,2,MERCEDES CLA CLASS,4,E01000428,0,1
2024351496031,2024,351496031,1,9,0,-1,19,7,3,-1,0,1,2,0,3,0,1,1,-1,9,1,19,4,1332,1,4,MERCEDES CLA CLASS,3,E01034569,0,1
2024061429913,2024,061429913,1,9,0,-1,7,-1,-1,-1,0,8,-1,-1,-1,0,3,9,-1,6,3,-1,-1,2143,2,8,MERCEDES CLA CLASS,2,E01004886,0,4
2024622500002,2024,622500002,1,9,0,18,19,8,4,0,0,0,0,4,0,0,1,1,6,6,1,36,7,1332,1,3,MERCEDES CLA CLASS,7,W01001859,0,1
2024010508637,2024,010508637,1,9,0,9,9,3,1,0,0,1,0,0,0,0,2,1,6,6,2,27,6,1332,1,2,MERCEDES CLA CLASS,5,E01001931,0,1
2024631528710,2024,631528710,1,9,0,-1,19,4,8,-1,0,0,1,0,2,10,4,1,-1,2,1,34,6,1332,1,1,MERCEDES CLA CLASS,6,W01000698,0,2
2024010521452,2024,010521452,1,9,0,17,19,7,3,0,0,8,0,7,0,0,1,1,6,6,1,17,4,1332,1,3,MERCEDES CLA CLASS,6,E01024478,0,3
2024311401299,2024,311401299,3,9,0,-1,4,2,6,-1,0,0,0,0,0,0,2,1,-1,6,1,-1,-1,1332,1,4,MERCEDES CLA CLASS,-1,-1,0,-1
2024201451441,2024,201451441,2,9,0,-1,6,5,5,-1,0,8,0,0,0,0,3,9,-1,6,2,28,6,1332,1,3,MERCEDES CLA CLASS,2,E01009239,0,1
2024010543715,2024,010543715,2,9,0,99,99,9,9,99,99,9,9,99,9,99,1,9,6,6,3,58,9,1332,8,0,MERCEDES CLA CLASS,3,E01003201,0,2
2024421500924,2024,421500924,3,9,0,-1,19,2,6,-1,0,0,0,0,0,0,2,1,-1,2,1,30,6,1595,1,6,MERCEDES CLA CLASS,3,E01021859,0,3
2024471515964,2024,471515964,1,9,0,-1,5,8,4,-1,0,1,0,0,0,0,1,1,-1,1,2,23,5,1332,8,2,MERCEDES CLA CLASS,8,E01000562,0,4
2024010544560,2024,010544560,1,9,0,-1,-1,3,7,0,0,1,0,0,0,0,1,1,6,6,2,29,6,1332,1,4,MERCEDES CLA CLASS,1,E01002082,0,1
2024010544902,2024,010544902,1,9,0,18,19,5,1,0,0,8,1,0,0,0,4,1,6,6,2,58,9,1332,1,3,MERCEDES CLA CLASS,5,E01004076,0,1
2024131419014,2024,131419014,2,9,0,-1,11,4,8,-1,0,8,0,0,0,0,2,1,-1,6,2,34,6,2143,2,6,MERCEDES CLA CLASS,8,E01010862,0,2
2024430491488,2024,430491488,2,9,0,18,19,3,7,0,0,1,-1,0,0,0,3,1,6,6,2,30,6,1991,1,5,MERCEDES CLA CLASS,6,E01016827,0,1
2024411427972,2024,411427972,2,9,0,-1,19,5,1,-1,0,1,1,0,0,0,2,1,-1,6,2,43,7,1332,8,0,MERCEDES CLA CLASS,5,E01001404,0,2
2024547368224,2024,547368224,2,9,0,2,2,0,0,0,0,2,0,0,0,0,1,1,6,6,1,57,9,1332,8,1,MERCEDES CLA CLASS,4,E01032014,0,1
2024421506939,2024,421506939,3,9,0,-1,4,6,2,-1,0,0,0,0,0,0,2,1,-1,6,1,60,9,1332,8,1,MERCEDES CLA CLASS,8,E01001569,0,4
2024041410663,2024,041410663,2,9,0,-1,19,7,3,-1,0,0,0,0,1,0,1,1,-1,2,1,36,7,1595,1,6,MERCEDES CLA CLASS,9,E01012598,0,2
2024010546037,2024,010546037,1,9,0,2,2,0,0,9,9,2,0,0,0,0,3,1,6,6,3,-1,-1,1332,1,5,MERCEDES CLA CLASS,-1,-1,0,-1
2024411484192,2024,411484192,1,9,0,-1,5,5,7,-1,0,1,0,0,0,0,1,1,-1,6,1,32,6,2143,2,9,MERCEDES CLA CLASS,9,E01035597,0,1
2024061415655,2024,061415655,1,9,0,-1,19,8,3,-1,0,0,0,0,0,0,3,1,-1,6,1,50,8,1332,1,2,MERCEDES CLA CLASS,3,E01005115,0,1
2024552500003,2024,552500003,1,9,0,5,5,1,5,0,0,6,0,0,0,0,1,1,6,6,3,-1,-1,1332,1,1,MERCEDES CLA CLASS,-1,-1,0,-1
2024031409559,2024,031409559,1,9,0,-1,19,5,1,-1,0,1,0,0,0,0,1,1,-1,9,1,19,4,2143,2,7,MERCEDES CLA CLASS,8,E01019242,0,1
2024522401153,2024,522401153,1,9,0,16,19,6,8,0,0,8,0,0,0,0,1,1,6,6,1,32,6,2143,2,7,MERCEDES CLA CLASS,8,E01014972,0,1
2024010523460,2024,010523460,2,9,0,99,99,9,9,99,99,9,9,99,9,99,1,9,6,6,3,-1,-1,2143,2,7,MERCEDES CLA CLASS,-1,-1,0,-1
2024010549606,2024,010549606,1,9,0,99,99,9,9,99,99,9,9,99,9,99,2,9,6,6,1,33,6,1332,8,0,MERCEDES CLA CLASS,4,E01002311,0,4
2024461503002,2024,461503002,2,9,0,-1,19,5,1,-1,0,0,0,0,0,0,1,1,-1,9,1,20,4,2143,2,7,MERCEDES CLA CLASS,3,E01024219,0,4
2024201529725,2024,201529725,1,9,0,-1,11,7,5,-1,0,0,0,0,0,0,4,1,-1,7,2,29,6,1595,1,6,MERCEDES CLA CLASS,1,E01009002,0,1
2024010504143,2024,010504143,1,9,0,99,99,9,9,99,99,9,9,99,9,99,2,9,6,6,2,29,6,1332,1,3,MERCEDES CLA CLASS,3,E01001807,0,1
2024010550533,2024,010550533,1,9,0,99,99,9,9,99,99,9,9,99,9,99,2,9,6,6,2,25,5,1595,1,11,MERCEDES CLA CLASS,3,E01001448,0,1
2024461515762,2024,461515762,2,9,-1,-1,3,3,6,-1,0,0,0,0,0,0,2,9,-1,6,1,25,5,1595,1,7,MERCEDES CLA CLASS,9,E01001605,0,3
2024311413925,2024,311413925,1,9,0,-1,19,8,4,-1,0,1,0,0,0,0,1,1,-1,6,1,34,6,1332,1,1,MERCEDES CLA CLASS,3,E01013843,0,1
2024010507049,2024,010507049,2,9,0,99,99,9,9,99,99,0,9,99,9,99,1,9,6,6,1,58,9,1332,1,3,MERCEDES CLA CLASS,6,E01021435,0,4
2024430091896,2024,430091896,1,9,0,18,19,1,0,0,0,4,0,0,0,0,0,1,6,6,1,40,7,1991,1,4,MERCEDES CLA CLASS,-1,-1,0,-1
2024522401552,2024,522401552,1,9,0,18,19,8,4,0,0,0,0,0,0,0,1,1,6,6,1,27,6,1595,1,8,MERCEDES CLA CLASS,10,E01014883,0,2
2024010537340,2024,010537340,2,9,0,99,99,9,9,99,99,6,9,99,9,99,9,9,6,6,3,-1,-1,2143,2,7,MERCEDES CLA CLASS,-1,-1,0,-1
2024552401464,2024,552401464,2,9,0,9,9,3,1,0,0,6,0,0,0,0,2,1,2,2,1,39,7,1332,1,3,MERCEDES CLA CLASS,9,E01014719,0,4
2024052401655,2024,052401655,1,9,0,18,19,5,1,0,0,0,0,0,0,0,1,1,6,6,2,57,9,1332,8,2,MERCEDES CLA CLASS,6,E01007196,0,1
2024440004846,2024,440004846,1,9,0,18,19,7,3,0,0,0,2,0,1,7,1,1,6,6,1,43,7,1991,1,9,MERCEDES CLA CLASS,10,E01020940,0,4
2024401487213,2024,401487213,1,9,0,-1,9,8,6,-1,0,8,0,0,0,0,3,1,-1,6,1,43,7,1332,1,2,MERCEDES CLA CLASS,3,E01015783,0,1
2024010504743,2024,010504743,2,9,0,7,7,1,4,0,0,2,0,0,0,0,2,1,6,6,1,54,8,1595,1,7,MERCEDES CLA CLASS,6,E01035549,0,5
2024010518623,2024,010518623,1,9,0,99,99,9,9,99,99,9,9,99,9,99,2,9,6,6,2,23,5,1332,1,5,MERCEDES CLA CLASS,9,E01003897,0,2
2024610035924,2024,610035924,1,9,0,18,19,1,5,0,0,0,0,0,0,0,1,1,6,6,2,37,7,1332,1,2,MERCEDES CLA CLASS,10,W01001349,0,1
2024101491425,2024,101491425,1,9,0,-1,9,8,4,-1,0,1,0,0,0,0,4,1,-1,9,2,28,6,1332,8,3,MERCEDES CLA CLASS,1,E01008333,0,1
2024552401025,2024,552401025,1,9,0,18,19,6,2,0,0,0,0,12,0,0,1,1,6,6,1,53,8,1332,1,1,MERCEDES CLA CLASS,8,E01020458,0,2
2024061483513,2024,061483513,3,9,0,-1,5,6,2,-1,0,2,0,0,0,0,1,1,-1,6,1,34,6,1332,8,3,MERCEDES CLA CLASS,6,E01004973,0,3
2024320383719,2024,320383719,2,9,0,2,2,0,0,0,0,2,0,0,0,0,3,-1,-1,-1,-1,-1,-1,1332,8,1,MERCEDES CLA CLASS,-1,-1,0,-1