collision_index,collision_year,collision_ref_no,vehicle_reference,vehicle_type,towing_and_articulation,vehicle_manoeuvre_historic,vehicle_manoeuvre,vehicle_direction_from,vehicle_direction_to,vehicle_location_restricted_lane_historic,vehicle_location_restricted_lane,junction_location,skidding_and_overturning,hit_object_in_carriageway,vehicle_leaving_carriageway,hit_object_off_carriageway,first_point_of_impact,vehicle_left_hand_drive,journey_purpose_of_driver_historic,journey_purpose_of_driver,sex_of_driver,age_of_driver,age_band_of_driver,engine_capacity_cc,propulsion_code,age_of_vehicle,generic_make_model,driver_imd_decile,lsoa_of_driver,escooter_flag,driver_distance_banding
2024302401552,2024,302401552,1,9,0,4,4,5,1,0,0,0,0,0,0,0,1,1,6,6,2,53,8,2143,2,5,MERCEDES CLA CLASS,5,E01013542,0,1
202417M102824,2024,17M102824,1,9,0,18,19,6,2,0,0,8,0,0,0,0,1,1,6,6,2,30,6,2143,2,8,MERCEDES CLA CLASS,1,E01012083,0,1
2024211487806,2024,211487806,1,9,0,-1,19,1,4,-1,0,8,0,0,0,0,1,1,-1,9,2,32,6,1595,1,6,MERCEDES CLA CLASS,5,E01029528,0,1
2024421447307,2024,421447307,1,9,0,-1,19,6,2,-1,0,8,0,0,0,0,4,1,-1,6,1,34,6,2143,2,8,MERCEDES CLA CLASS,5,E01022008,0,1
2024332400416,2024,332400416,1,9,0,-1,4,4,8,-1,0,0,0,0,0,0,2,1,-1,6,1,54,8,1332,1,3,MERCEDES CLA CLASS,8,E01025730,0,2
2024010500511,2024,010500511,1,9,0,18,19,1,5,9,9,1,0,10,4,1,1,1,6,6,1,26,6,1332,1,4,MERCEDES CLA CLASS,1,E01000061,0,3
2024552400833,2024,552400833,1,9,0,9,9,4,1,0,0,5,1,0,7,11,1,1,6,6,1,22,5,1332,1,1,MERCEDES CLA CLASS,6,E01022700,0,4
2024332401108,2024,332401108,1,9,0,-1,19,8,4,-1,0,8,0,0,0,0,1,1,-1,6,2,42,7,1595,1,9,MERCEDES CLA CLASS,4,E01025930,0,1
2024501434485,2024,501434485,3,9,0,-1,2,0,0,-1,0,0,0,0,0,0,2,1,-1,6,-1,-1,-1,1332,1,2,MERCEDES CLA CLASS,-1,-1,0,-1
2024101532767,2024,101532767,1,9,0,-1,19,5,1,-1,0,0,0,0,0,0,1,1,-1,9,2,26,6,1595,1,7,MERCEDES CLA CLASS,2,E01008754,0,1
2024101512470,2024,101512470,1,9,0,-1,19,8,4,-1,0,8,0,0,0,0,1,9,-1,6,1,39,7,1332,1,4,MERCEDES CLA CLASS,4,E01033553,0,1
2024141542403,2024,141542403,2,9,0,-1,19,5,1,-1,0,0,0,0,0,0,-1,9,-1,6,3,-1,-1,1332,8,0,MERCEDES CLA CLASS,-1,-1,0,-1
2024522401154,2024,522401154,4,9,0,18,19,6,2,0,0,0,0,0,0,0,1,1,6,6,3,-1,-1,1332,1,3,MERCEDES CLA CLASS,-1,-1,0,-1
2024461423147,2024,461423147,1,9,0,-1,19,1,5,-1,0,0,0,0,0,0,4,9,-1,6,1,18,4,1332,8,4,MERCEDES CLA CLASS,6,E01024410,0,2
2024010547552,2024,010547552,2,9,0,9,9,2,8,0,0,8,0,0,0,0,3,1,6,6,1,44,7,2143,2,8,MERCEDES CLA CLASS,8,E01033610,0,3
2024201512953,2024,201512953,2,9,0,-1,4,8,4,-1,0,0,0,0,0,0,2,9,-1,1,2,58,9,1332,1,4,MERCEDES CLA CLASS,5,E01035094,0,4
202417H101324,2024,17H101324,1,9,0,3,3,4,8,0,0,4,0,0,0,0,2,1,6,6,2,48,8,1950,2,0,MERCEDES CLA CLASS,8,E01011997,0,1
2024451455502,2024,451455502,2,9,0,-1,19,3,7,-1,0,7,1,0,1,11,1,1,-1,2,1,23,5,1332,1,5,MERCEDES CLA CLASS,6,E01002556,0,1
2024461481126,2024,461481126,1,9,0,-1,19,3,7,-1,0,0,0,0,0,0,1,1,-1,9,1,54,8,2143,2,7,MERCEDES CLA CLASS,5,E01024335,0,4
2024010500952,2024,010500952,1,9,0,4,4,2,6,0,0,1,0,0,0,0,1,1,6,6,1,33,6,2143,2,6,MERCEDES CLA CLASS,6,E01001091,0,1
2024201487499,2024,201487499,1,9,0,-1,19,4,8,-1,0,1,0,0,0,0,1,9,-1,6,1,30,6,1332,8,1,MERCEDES CLA CLASS,-1,-1,0,-1
2024010533521,2024,010533521,1,9,0,13,13,1,5,0,0,1,0,0,7,0,0,1,2,2,2,24,5,1332,1,4,MERCEDES CLA CLASS,8,E01003710,0,2
2024361507934,2024,361507934,1,9,0,-1,9,1,6,-1,0,1,0,0,1,0,1,1,-1,6,1,23,5,2143,2,7,MERCEDES CLA CLASS,5,E01015714,0,5
2024302401030,2024,302401030,1,9,0,16,19,3,6,0,0,0,0,0,0,0,1,1,6,6,1,53,8,1332,1,4,MERCEDES CLA CLASS,2,E01013523,0,3
2024122401042,2024,122401042,1,9,0,4,4,2,6,0,0,0,0,0,0,0,1,1,6,6,2,42,7,1332,1,4,MERCEDES CLA CLASS,1,E01011626,0,4
202417M101224,2024,17M101224,5,9,0,3,3,1,5,0,0,0,0,0,0,0,3,1,2,2,1,68,10,2143,2,7,MERCEDES CLA CLASS,8,E01033480,0,2
2024451410431,2024,451410431,1,9,0,-1,19,3,7,-1,0,0,0,0,0,0,2,1,-1,9,2,44,7,1332,1,2,MERCEDES CLA CLASS,3,E01016067,0,4
2024010548710,2024,010548710,1,9,0,9,9,5,2,0,0,8,0,0,0,0,1,1,6,6,1,26,6,1332,1,5,MERCEDES CLA CLASS,2,E01004428,0,2
2024052401829,2024,052401829,1,9,0,9,9,8,6,0,0,1,0,0,0,0,1,1,2,2,1,56,9,1332,1,2,MERCEDES CLA CLASS,5,E01006465,0,1
2024461446746,2024,461446746,2,9,0,-1,5,4,8,-1,0,0,0,0,0,0,3,2,-1,6,2,39,7,2143,2,7,MERCEDES CLA CLASS,8,E01024077,0,1
2024010519168,2024,010519168,1,9,0,3,3,3,7,0,0,1,0,0,0,0,2,1,6,6,2,23,5,1332,1,4,MERCEDES CLA CLASS,7,E01004176,0,3
2024411479556,2024,411479556,2,9,0,-1,19,7,3,-1,0,0,0,0,8,0,3,9,-1,9,2,48,8,1332,8,0,MERCEDES CLA CLASS,8,E01023481,0,1
2024052402034,2024,052402034,2,9,0,2,2,0,0,0,0,0,0,0,0,0,3,1,6,6,3,-1,-1,2143,2,10,MERCEDES CLA CLASS,-1,-1,0,-1
2024010550247,2024,010550247,2,9,9,99,99,9,9,99,99,9,9,99,9,0,9,9,6,6,2,43,7,1332,1,4,MERCEDES CLA CLASS,7,E01016831,0,4
2024201490961,2024,201490961,2,9,0,-1,19,2,6,-1,0,1,0,0,0,0,2,1,-1,1,2,57,9,1332,1,2,MERCEDES CLA CLASS,3,E01009589,0,1
2024421477141,2024,421477141,2,9,0,-1,19,8,4,-1,0,0,1,0,0,0,4,1,-1,2,1,27,6,1332,8,4,MERCEDES CLA CLASS,4,E01003736,0,3
2024631451796,2024,631451796,3,9,0,-1,4,6,2,-1,0,1,0,0,0,0,1,1,-1,2,2,28,6,2143,2,7,MERCEDES CLA CLASS,9,W01000715,0,1
2024471400313,2024,471400313,1,9,0,-1,19,5,1,-1,0,1,0,0,0,0,1,1,-1,9,1,29,6,1595,1,6,MERCEDES CLA CLASS,9,E01002991,0,4
2024201520385,2024,201520385,2,9,0,-1,19,5,3,-1,0,2,0,0,0,0,2,1,-1,9,1,35,6,1595,1,6,MERCEDES CLA CLASS,10,E01009694,0,1
2024471430091,2024,471430091,1,9,0,-1,9,1,5,-1,0,2,0,0,8,0,0,1,-1,9,2,40,7,1332,8,0,MERCEDES CLA CLASS,10,E01031718,0,2
202454A853124,2024,54A853124,1,9,0,18,19,2,7,0,0,0,1,0,0,0,4,1,6,6,1,44,7,1332,8,2,MERCEDES CLA CLASS,9,E01034526,0,1
2024340WN3602,2024,340WN3602,2,9,0,-1,19,4,8,-1,0,4,0,0,0,0,1,1,-1,9,2,41,7,1595,1,11,MERCEDES CLA CLASS,3,E01027137,0,1
2024201448486,2024,201448486,2,9,0,-1,19,8,4,-1,0,1,0,0,0,0,1,1,-1,6,3,30,6,2143,2,9,MERCEDES CLA CLASS,-1,-1,0,-1
2024010500744,2024,010500744,2,9,0,99,99,9,9,99,99,6,9,99,9,99,9,9,6,6,3,-1,-1,2143,2,10,MERCEDES CLA CLASS,4,E01000618,0,2
2024461443889,2024,461443889,1,9,0,-1,7,4,3,-1,0,0,0,0,0,0,1,9,-1,6,1,33,6,1332,1,3,MERCEDES CLA CLASS,4,E01024444,0,1
2024302401080,2024,302401080,1,9,0,9,9,6,5,0,0,6,0,0,0,0,1,1,6,6,1,-1,-1,1332,8,2,MERCEDES CLA CLASS,-1,-1,0,-1
2024010514120,2024,010514120,1,9,0,9,9,4,1,0,0,5,0,0,0,0,3,1,6,6,1,-1,-1,1595,1,6,MERCEDES CLA CLASS,3,E01021836,0,4
2024010548002,2024,010548002,1,9,0,18,19,3,7,0,0,0,0,0,0,0,1,1,6,6,2,57,9,1332,8,1,MERCEDES CLA CLASS,5,E01002342,0,3
2024010530422,2024,010530422,1,9,0,99,99,9,9,99,99,9,9,0,0,0,3,9,6,6,3,-1,-1,1332,8,1,MERCEDES CLA CLASS,-1,-1,0,-1
2024131449819,2024,131449819,1,9,0,-1,19,2,6,-1,0,2,0,0,0,0,4,1,-1,9,2,33,6,1950,2,3,MERCEDES CLA CLASS,5,E01011388,0,1
2024111489052,2024,111489052,1,9,0,-1,19,6,2,-1,0,0,0,0,0,0,1,1,-1,6,3,30,6,2143,2,9,MERCEDES CLA CLASS,-1,-1,0,-1
2024010517907,2024,010517907,1,9,0,18,19,3,7,0,0,8,0,0,0,0,1,1,6,6,2,30,6,1332,1,3,MERCEDES CLA CLASS,5,E01001910,0,1
2024041508393,2024,041508393,1,9,0,-1,19,3,7,-1,0,1,0,0,0,0,1,1,-1,1,1,41,7,1332,8,2,MERCEDES CLA CLASS,8,E01006809,0,2
2024010549377,2024,010549377,1,9,0,18,19,5,1,0,0,1,0,7,0,0,1,1,6,6,1,29,6,1595,1,10,MERCEDES CLA CLASS,-1,-1,0,-1
2024141562540,2024,141562540,1,9,0,-1,19,1,5,-1,9,1,0,0,0,0,1,1,-1,9,1,40,7,2143,2,11,MERCEDES CLA CLASS,3,E01007374,0,2
2024451480301,2024,451480301,2,9,0,-1,13,6,2,-1,0,0,0,0,0,0,2,1,-1,2,1,34,6,2143,2,9,MERCEDES CLA CLASS,7,E01023123,0,2
2024320392593,2024,320392593,2,9,0,4,4,8,4,0,0,2,0,0,0,0,2,1,-1,-1,1,29,6,1332,8,1,MERCEDES CLA CLASS,3,E01026102,0,4
2024451523929,2024,451523929,2,9,0,-1,99,5,1,-1,0,4,0,0,0,0,1,1,-1,6,1,30,6,1595,1,7,MERCEDES CLA CLASS,-1,-1,0,-1
2024201511971,2024,201511971,2,9,0,-1,3,2,4,-1,0,2,0,0,0,0,2,1,-1,2,1,48,8,1595,1,6,MERCEDES CLA CLASS,2,E01009872,0,1
2024991460088,2024,991460088,1,9,0,-1,6,7,7,-1,0,0,0,0,0,0,3,1,-1,6,2,40,7,2143,2,8,MERCEDES CLA CLASS,8,-1,0,3
2024991479051,2024,991479051,2,9,0,-1,19,4,8,-1,0,0,0,0,0,0,3,2,-1,6,2,21,5,1332,1,3,MERCEDES CLA CLASS,2,-1,0,1
2024010526613,2024,010526613,2,9,9,5,5,9,9,99,99,9,9,99,9,99,9,9,6,6,3,-1,-1,1332,1,4,MERCEDES CLA CLASS,-1,-1,0,-1
2024332400271,2024,332400271,2,9,0,-1,19,1,5,-1,0,0,0,0,0,0,1,1,-1,6,1,-1,-1,2143,2,9,MERCEDES CLA CLASS,-1,-1,0,-1
2024311457798,2024,311457798,1,9,0,-1,19,5,1,-1,0,1,0,0,0,0,1,1,-1,9,2,49,8,1332,1,3,MERCEDES CLA CLASS,2,E01013842,0,1
2024061520555,2024,061520555,2,9,0,-1,19,7,3,-1,0,0,0,0,0,0,2,1,-1,6,1,28,6,2143,2,9,MERCEDES CLA CLASS,9,E01004843,0,2
2024010515224,2024,010515224,2,9,0,99,99,9,9,99,99,6,9,99,9,99,1,9,6,6,3,23,5,2143,2,10,MERCEDES CLA CLASS,2,E01024170,0,4
2024451457237,2024,451457237,2,9,0,-1,19,5,1,-1,0,0,0,0,0,0,1,1,-1,9,2,32,6,1332,1,5,MERCEDES CLA CLASS,8,E01016576,0,1
2024361533743,2024,361533743,1,9,0,-1,9,7,3,-1,0,6,0,0,0,0,3,1,-1,9,2,46,8,1950,2,3,MERCEDES CLA CLASS,6,E01026441,0,3
2024010510193,2024,010510193,2,9,0,99,99,9,9,99,99,9,9,99,9,99,9,9,6,6,3,-1,-1,1950,2,1,MERCEDES CLA CLASS,4,E01003308,0,1
2024041505685,2024,041505685,1,9,0,-1,19,7,3,-1,0,0,1,0,1,4,1,1,-1,9,2,25,5,1332,1,3,MERCEDES CLA CLASS,10,E01022433,0,5
2024221452118,2024,221452118,1,9,0,-1,9,1,7,-1,0,6,0,0,0,0,3,1,-1,6,1,77,11,1332,8,1,MERCEDES CLA CLASS,-1,-1,0,-1
2024041445297,2024,041445297,1,9,0,-1,19,1,5,-1,0,0,0,0,0,0,1,1,-1,9,1,24,5,1332,1,1,MERCEDES CLA CLASS,2,E01025247,0,2
2024010532719,2024,010532719,1,9,0,3,3,3,7,0,0,8,0,0,0,0,2,1,6,6,1,36,7,2143,2,7,MERCEDES CLA CLASS,9,E01021652,0,4
2024461404611,2024,461404611,1,9,0,-1,3,5,1,-1,0,0,0,0,0,0,2,9,-1,6,1,21,5,2143,2,10,MERCEDES CLA CLASS,7,E01024096,0,3
2024351532708,2024,351532708,1,9,0,-1,-1,-1,-1,-1,-1,-1,-1,-1,-1,0,1,9,-1,6,1,20,4,1595,1,8,MERCEDES CLA CLASS,1,E01015663,0,1
2024010542213,2024,010542213,1,9,0,5,5,1,5,0,0,8,0,0,0,0,1,1,6,6,2,31,6,1332,1,4,MERCEDES CLA CLASS,3,E01023865,0,4
2024010540917,2024,010540917,1,9,0,3,3,3,7,0,0,1,0,0,9,99,2,1,2,2,2,27,6,1332,8,0,MERCEDES CLA CLASS,5,E01002456,0,3
2024010511954,2024,010511954,2,9,0,18,19,7,3,0,0,1,0,0,0,0,1,1,6,6,1,24,5,2143,2,8,MERCEDES CLA CLASS,5,E01000251,0,2
2024010507801,2024,010507801,2,9,9,99,99,9,9,99,99,0,9,99,9,99,9,9,6,6,2,-1,-1,1332,8,3,MERCEDES CLA CLASS,7,E01001036,0,1
2024401422843,2024,401422843,1,9,-1,-1,-1,-1,-1,-1,-1,8,-1,-1,-1,0,-1,9,-1,6,3,-1,-1,2143,2,9,MERCEDES CLA CLASS,4,E01015784,0,1
2024471525128,2024,471525128,1,9,0,-1,19,7,3,-1,0,0,0,0,0,0,2,1,-1,6,2,28,6,1332,1,1,MERCEDES CLA CLASS,6,E01016887,0,1
2024010502456,2024,010502456,2,9,0,5,5,1,5,0,0,2,0,0,0,0,3,1,6,6,1,25,5,1332,1,3,MERCEDES CLA CLASS,2,E01003194,0,2
2024010538183,2024,010538183,2,9,0,99,99,9,9,99,99,9,9,99,9,99,2,9,6,6,1,44,7,2143,2,6,MERCEDES CLA CLASS,5,E01016554,0,3
2024010517878,2024,010517878,1,9,0,99,99,9,9,99,99,0,9,99,9,99,2,9,6,6,2,23,5,1332,8,1,MERCEDES CLA CLASS,2,E01003175,0,1
2024201463507,2024,201463507,2,9,0,-1,19,7,5,-1,0,4,0,0,0,0,4,9,-1,6,2,43,7,1595,1,6,MERCEDES CLA CLASS,2,E01009515,0,1
2024531481102,2024,531481102,1,9,0,-1,9,1,5,-1,0,0,0,0,0,0,3,1,-1,9,1,66,10,1950,2,1,MERCEDES CLA CLASS,9,E01017421,0,4
2024201500279,2024,201500279,2,9,0,-1,19,5,1,-1,0,8,0,0,0,0,3,1,-1,6,1,46,8,2143,2,6,MERCEDES CLA CLASS,3,E01009938,0,1
2024461533265,2024,461533265,1,9,0,-1,19,1,4,-1,0,0,1,11,0,0,1,1,-1,9,1,20,4,1332,1,3,MERCEDES CLA CLASS,10,E01032827,0,1
2024201472479,2024,201472479,2,9,0,-1,19,5,1,-1,0,0,0,0,0,0,4,1,-1,9,1,50,8,1332,1,4,MERCEDES CLA CLASS,1,E01009367,0,1
2024010517818,2024,010517818,1,9,0,14,14,3,7,0,0,8,2,11,0,0,1,1,6,6,1,28,6,1332,1,5,MERCEDES CLA CLASS,2,E01003500,0,1
2024010521065,2024,010521065,2,9,0,4,4,5,1,0,0,8,0,0,0,0,2,1,6,6,1,41,7,1595,1,11,MERCEDES CLA CLASS,2,E01003335,0,2
2024061412711,2024,061412711,1,9,0,-1,19,1,1,-1,0,0,0,0,0,0,1,1,-1,6,1,16,4,1595,1,5,MERCEDES CLA CLASS,-1,-1,0,-1
2024351526483,2024,351526483,1,9,0,-1,5,5,8,-1,0,4,0,0,0,0,1,1,-1,7,2,34,6,1332,1,5,MERCEDES CLA CLASS,7,E01015598,0,1
2024010545396,2024,010545396,1,9,0,99,99,9,9,9,9,0,0,0,0,0,4,1,6,6,1,24,5,2143,2,8,MERCEDES CLA CLASS,2,E01034488,0,1
2024061494973,2024,061494973,3,9,0,-1,9,7,3,-1,0,1,0,0,0,0,1,1,-1,6,1,34,6,1332,1,3,MERCEDES CLA CLASS,-1,-1,0,-1
2024010524089,2024,010524089,2,9,0,18,19,7,3,0,0,2,0,0,0,0,3,1,6,6,1,27,6,1332,8,0,MERCEDES CLA CLASS,2,E01033586,0,1
2024201488546,2024,201488546,1,9,0,-1,10,2,8,-1,0,8,0,0,0,0,2,1,-1,9,1,25,5,2143,2,8,MERCEDES CLA CLASS,6,E01032591,0,1
2024302400631,2024,302400631,2,9,0,16,19,8,4,0,0,0,1,0,0,0,1,1,6,6,1,48,8,2170,2,20,SAAB 9-5,-1,-1,0,-1
2024320034834,2024,320034834,1,9,0,-1,-1,4,8,0,0,0,0,0,0,0,1,1,-1,-1,1,35,6,2290,1,19,SAAB 9-5,1,E01013140,0,4
2024991492023,2024,991492023,1,9,0,-1,19,4,7,-1,0,0,5,12,7,0,1,1,-1,2,1,56,9,1910,2,17,SAAB 9-5,5,E01027503,0,3
2024401460818,2024,401460818,1,9,-1,-1,-1,-1,-1,-1,-1,0,-1,-1,-1,0,-1,9,-1,6,3,-1,-1,1910,2,17,SAAB 9-5,-1,-1,0,-1
2024411454386,2024,411454386,2,9,0,-1,19,6,2,-1,0,0,0,0,1,0,1,1,-1,6,1,73,10,1985,1,23,SAAB 9-5,9,E01035597,0,4
2024991474506,2024,991474506,2,9,0,-1,19,1,5,-1,0,0,0,12,0,0,2,1,-1,9,1,75,10,1910,2,18,SAAB 9-5,8,-1,0,1
2024141489457,2024,141489457,2,9,0,-1,2,0,0,-1,9,0,0,0,0,0,2,9,-1,6,-1,-1,-1,1910,2,16,SAAB 9-5,-1,-1,0,-1
2024010538878,2024,010538878,1,9,0,2,2,0,0,6,6,0,0,0,0,0,0,1,6,6,3,-1,-1,1998,1,14,SAAB 9-5,-1,-1,0,-1
2024421416986,2024,421416986,1,9,0,-1,9,3,1,-1,0,0,0,0,0,0,1,1,-1,6,1,56,9,2290,1,17,SAAB 9-5,3,E01021283,0,1
2024221469316,2024,221469316,2,9,0,-1,19,4,1,-1,0,8,0,0,0,0,3,9,-1,6,1,60,9,2290,1,23,SAAB 9-5,8,E01014002,0,4
2024340WN2742,2024,340WN2742,1,9,0,-1,9,3,1,-1,0,6,0,0,0,0,2,1,-1,9,1,82,11,2290,1,16,SAAB 9-5,10,E01027287,0,1
2024161444622,2024,161444622,2,9,0,-1,2,3,7,-1,0,2,0,0,0,0,2,1,-1,9,1,52,8,1910,2,16,SAAB 9-5,3,E01013310,0,1
2024440079595,2024,440079595,2,9,0,18,19,2,6,0,0,1,0,0,0,0,1,1,6,6,1,36,7,1910,2,17,SAAB 9-5,3,E01023058,0,4
2024552400282,2024,552400282,1,9,0,18,19,8,4,0,0,0,0,0,0,0,1,1,6,6,1,68,10,2290,1,16,SAAB 9-5,6,E01029228,0,4
2024451464392,2024,451464392,2,9,0,-1,19,2,6,-1,0,8,0,0,1,0,3,1,-1,9,1,86,11,2290,1,17,SAAB 9-5,7,E01001026,0,1
2024411506479,2024,411506479,5,9,0,-1,2,0,0,-1,9,0,0,0,0,0,1,1,-1,6,-1,-1,-1,1985,1,24,SAAB 9-5,-1,-1,0,-1
2024501458797,2024,501458797,1,9,0,-1,19,3,7,-1,0,2,5,0,1,10,1,1,-1,9,1,79,11,2290,1,17,SAAB 9-5,4,E01020301,0,3
2024991470983,2024,991470983,1,9,0,-1,19,7,3,-1,0,1,0,0,7,0,1,1,-1,1,1,61,9,1910,2,15,SAAB 9-5,5,E01019188,0,4
2024371502442,2024,371502442,1,9,0,-1,19,6,2,-1,0,2,0,0,0,0,1,1,-1,6,1,59,9,1990,1,19,SAAB 9-5,5,E01030283,0,4
2024231409281,2024,231409281,2,9,0,-1,19,5,1,-1,0,8,0,0,0,0,2,1,-1,6,2,61,9,2958,2,22,SAAB 9-5,6,E01031234,0,1
2024411428377,2024,411428377,2,9,0,-1,19,1,1,-1,0,0,0,0,0,0,3,1,-1,6,1,87,11,2290,1,16,SAAB 9-5,9,E01023467,0,1
2024010499589,2024,010499589,2,5,0,18,19,3,7,0,0,1,2,10,0,0,3,1,2,2,1,37,7,749,1,9,SUZUKI GSR 750,3,E01001862,0,1
2024010544441,2024,010544441,1,5,0,18,19,7,3,0,0,1,1,0,0,0,1,1,6,6,1,31,6,749,1,11,SUZUKI GSR 750,-1,-1,0,-1
2024061431304,2024,061431304,2,5,0,-1,19,3,7,-1,0,1,0,0,0,0,1,1,-1,6,1,56,9,749,1,10,SUZUKI GSR 750,-1,-1,0,-1
2024201534783,2024,201534783,1,5,0,-1,13,5,1,-1,0,0,0,0,0,0,4,1,-1,6,1,56,9,749,1,13,SUZUKI GSR 750,4,E01009824,0,2
2024531502564,2024,531502564,2,5,0,-1,19,7,3,-1,0,1,0,0,0,0,3,1,-1,6,1,33,6,749,1,10,SUZUKI GSR 750,8,E01022110,0,1
2024010523564,2024,010523564,1,5,0,99,99,9,9,99,99,9,9,99,9,99,2,1,6,6,1,52,8,749,1,10,SUZUKI GSR 750,9,E01002956,0,1
2024320204405,2024,320204405,2,5,0,-1,-1,2,6,0,0,8,0,0,0,0,1,1,6,6,1,26,6,749,1,10,SUZUKI GSR 750,9,E01026347,0,1
2024061471210,2024,061471210,1,5,0,-1,19,5,1,-1,0,0,0,0,0,0,1,1,-1,9,1,30,6,749,1,11,SUZUKI GSR 750,1,E01012520,0,3
2024010527228,2024,010527228,1,5,0,18,19,1,5,0,0,1,0,0,0,0,1,1,6,6,1,26,6,749,1,9,SUZUKI GSR 750,3,E01001722,0,1
2024010524411,2024,010524411,2,5,0,99,99,9,9,99,99,9,9,99,9,99,1,1,6,6,3,42,7,749,1,9,SUZUKI GSR 750,8,E01030687,0,4
2024141395240,2024,141395240,1,5,0,-1,19,2,6,-1,0,0,0,0,1,0,1,1,-1,9,1,31,6,749,1,11,SUZUKI GSR 750,2,E01007784,0,3
2024010520974,2024,010520974,1,3,9,99,99,9,9,99,99,1,9,99,9,99,1,1,1,1,1,35,6,749,1,9,SUZUKI GSR 750,2,E01004247,0,1
2024201464739,2024,201464739,2,5,0,-1,19,7,3,-1,0,8,0,0,0,0,1,1,-1,6,2,31,6,749,1,11,SUZUKI GSR 750,7,E01009805,0,1
2024421473975,2024,421473975,1,5,0,-1,9,4,1,-1,0,0,1,0,0,0,1,1,-1,2,1,36,7,749,1,8,SUZUKI GSR 750,4,E01021427,0,3
2024371506779,2024,371506779,1,9,0,-1,19,3,1,-1,0,3,0,0,0,0,1,1,-1,6,1,76,11,1798,8,1,SUZUKI SWACE,7,E01018023,0,2
2024340NN2352,2024,340NN2352,2,9,0,-1,3,5,1,-1,0,0,0,0,0,0,3,1,-1,6,2,48,8,1798,8,2,SUZUKI SWACE,6,E01032964,0,2
2024010536246,2024,010536246,1,9,0,18,19,5,1,0,0,0,0,0,0,0,1,1,6,6,1,55,8,1798,8,4,SUZUKI SWACE,-1,-1,0,-1
2024440106638,2024,440106638,1,9,0,18,19,4,8,0,0,0,0,0,0,0,1,1,6,6,2,71,10,1798,8,3,SUZUKI SWACE,2,E01022966,0,1
2024361440367,2024,361440367,2,9,0,-1,4,-1,-1,-1,-1,-1,0,0,0,0,2,1,-1,6,2,64,9,1798,8,3,SUZUKI SWACE,6,E01026701,0,3
2024371499579,2024,371499579,2,8,0,-1,2,1,3,-1,0,2,0,0,0,0,3,1,-1,6,-1,-1,-1,1798,8,2,SUZUKI SWACE,-1,-1,0,-1
2024421499476,2024,421499476,1,9,0,-1,-1,-1,-1,-1,-1,-1,-1,-1,-1,0,-1,9,-1,6,1,77,11,1798,8,2,SUZUKI SWACE,9,E01021462,0,1
2024311413153,2024,311413153,1,9,0,-1,7,6,2,-1,0,0,0,0,0,0,1,9,-1,6,1,68,10,1798,8,2,SUZUKI SWACE,3,E01028297,0,2
2024061412336,2024,061412336,2,9,-1,-1,-1,-1,-1,-1,-1,0,-1,-1,-1,0,-1,9,-1,6,2,56,9,1798,8,1,SUZUKI SWACE,6,E01004912,0,2
2024161533872,2024,161533872,1,9,0,-1,19,7,3,-1,0,2,0,0,0,0,4,9,-1,9,1,45,7,1798,8,3,SUZUKI SWACE,6,E01013039,0,1
2024211480666,2024,211480666,1,8,0,-1,19,8,4,-1,0,0,0,0,0,0,2,1,-1,1,1,44,7,1798,8,1,SUZUKI SWACE,-1,-1,0,-1
2024131425083,2024,131425083,2,9,0,-1,19,8,5,-1,0,8,0,0,0,0,4,1,-1,6,2,32,6,1798,8,3,SUZUKI SWACE,9,E01011935,0,1
2024161410699,2024,161410699,2,9,0,-1,19,7,3,-1,0,0,0,0,1,2,1,9,-1,1,1,36,7,1798,8,3,SUZUKI SWACE,1,E01010782,0,4
2024552401401,2024,552401401,2,9,0,10,10,3,1,0,0,5,0,0,0,0,0,1,2,2,1,34,6,1798,8,3,SUZUKI SWACE,4,E01034274,0,1
2024211426289,2024,211426289,2,8,0,-1,19,7,3,-1,0,0,0,0,0,0,2,1,-1,6,1,43,7,1798,8,4,SUZUKI SWACE,2,E01014345,0,1
2024552400241,2024,552400241,1,8,0,9,9,3,1,0,0,6,0,0,0,0,3,1,1,1,1,40,7,1798,8,3,SUZUKI SWACE,6,E01015460,0,3
2024320409120,2024,320409120,1,8,0,-1,-1,6,2,0,0,1,0,0,1,0,1,1,6,6,1,40,7,1798,8,3,SUZUKI SWACE,1,E01026168,0,2
2024991538676,2024,991538676,1,9,0,-1,19,5,1,-1,0,1,0,0,0,0,1,1,-1,6,1,73,10,1798,8,1,SUZUKI SWACE,2,-1,0,1
2024501482837,2024,501482837,1,9,0,-1,9,2,7,-1,0,5,0,0,0,0,2,1,-1,1,1,60,9,1798,8,3,SUZUKI SWACE,9,E01020257,0,1
2024201484626,2024,201484626,2,9,0,-1,3,6,2,-1,0,0,0,0,0,0,2,1,-1,9,1,49,8,1798,8,2,SUZUKI SWACE,4,E01008888,0,1
2024430342844,2024,430342844,1,9,0,9,9,1,7,0,0,6,0,0,0,0,3,1,1,1,1,39,7,1798,8,2,SUZUKI SWACE,7,E01028496,0,2