collision_index,collision_year,collision_ref_no,vehicle_reference,vehicle_type,towing_and_articulation,vehicle_manoeuvre_historic,vehicle_manoeuvre,vehicle_direction_from,vehicle_direction_to,vehicle_location_restricted_lane_historic,vehicle_location_restricted_lane,junction_location,skidding_and_overturning,hit_object_in_carriageway,vehicle_leaving_carriageway,hit_object_off_carriageway,first_point_of_impact,vehicle_left_hand_drive,journey_purpose_of_driver_historic,journey_purpose_of_driver,sex_of_driver,age_of_driver,age_band_of_driver,engine_capacity_cc,propulsion_code,age_of_vehicle,generic_make_model,driver_imd_decile,lsoa_of_driver,escooter_flag,driver_distance_banding
2024031497928,2024,031497928,1,8,0,-1,5,3,7,-1,0,0,2,0,1,0,1,1,-1,1,1,36,7,1798,8,2,SUZUKI SWACE,-1,-1,0,-1
2024010537417,2024,010537417,2,4,0,5,5,4,8,0,0,2,0,0,0,0,4,1,6,6,1,40,7,263,1,11,-1,3,E01003545,0,1
2024461529445,2024,461529445,1,3,0,-1,19,5,1,-1,0,0,0,0,0,0,1,1,-1,9,2,46,8,125,1,17,-1,4,E01024681,0,1
2024302401168,2024,302401168,2,9,0,3,3,1,5,0,0,2,0,0,1,0,1,1,6,6,1,77,11,999,1,17,-1,7,E01019698,0,2
2024122401093,2024,122401093,2,3,0,14,14,7,3,0,0,1,0,0,0,0,3,1,6,6,1,24,5,125,1,2,-1,3,E01013335,0,1
2024320016442,2024,320016442,1,4,0,18,19,8,4,0,0,0,0,4,0,0,1,1,6,6,1,31,6,125,1,1,-1,-1,-1,0,-1
2024101422132,2024,101422132,2,9,0,-1,3,6,4,-1,0,1,0,0,0,0,2,1,-1,6,2,49,8,2993,12,3,BMW 8 SERIES,8,E01008525,0,1
2024010515774,2024,010515774,2,9,0,99,99,9,9,99,99,9,9,99,9,99,1,9,6,6,3,-1,-1,2993,2,5,BMW 8 SERIES,-1,-1,0,-1
2024302401078,2024,302401078,2,9,0,18,19,5,1,0,0,7,0,0,0,0,3,1,2,2,1,44,7,2998,1,3,BMW 8 SERIES,10,E01011270,0,4
2024010499161,2024,010499161,2,9,0,99,99,9,9,99,99,9,9,99,9,99,1,9,6,6,1,-1,-1,2998,1,1,BMW 8 SERIES,5,E01032790,0,2
2024010519007,2024,010519007,2,9,0,18,19,2,6,0,0,1,0,0,0,0,1,1,6,6,1,27,6,2998,1,2,BMW 8 SERIES,-1,-1,0,-1
2024070804093,2024,070804093,3,9,0,-1,19,7,3,-1,0,0,0,0,0,0,1,1,-1,9,2,62,9,2998,1,2,BMW 8 SERIES,6,E01018654,0,3
2024411435062,2024,411435062,1,9,0,-1,5,5,8,-1,0,1,0,0,0,0,1,1,-1,9,1,64,9,2993,2,6,BMW 8 SERIES,10,E01028222,0,5
2024401414531,2024,401414531,1,9,0,-1,3,5,1,-1,0,0,0,0,0,0,0,1,-1,6,2,36,7,2993,2,6,BMW 8 SERIES,4,E01000478,0,4
2024461456693,2024,461456693,3,9,0,-1,9,3,5,-1,0,4,0,0,0,0,2,1,-1,2,1,46,8,2998,1,4,BMW 8 SERIES,5,E01034229,0,3
2024052400932,2024,052400932,2,9,0,18,19,2,6,0,0,0,0,0,0,0,1,1,6,6,1,50,8,2998,1,5,BMW 8 SERIES,1,E01007120,0,1
2024440418464,2024,440418464,1,9,0,18,19,5,1,0,0,0,1,0,1,10,1,1,6,6,1,57,9,2993,12,3,BMW 8 SERIES,10,E01023172,0,4
2024111531112,2024,111531112,1,9,0,-1,13,2,6,-1,0,0,0,0,0,0,4,1,-1,6,2,42,7,2998,1,4,BMW 8 SERIES,4,E01034490,0,2
2024010529007,2024,010529007,2,9,0,18,19,3,7,0,0,1,0,0,1,11,4,1,6,6,1,35,6,2998,1,4,BMW 8 SERIES,3,E01034139,0,1
2024141446772,2024,141446772,1,9,0,-1,19,5,1,-1,0,0,0,0,0,0,1,1,-1,6,1,45,7,2998,1,3,BMW 8 SERIES,10,E01010229,0,5
2024501524136,2024,501524136,1,9,0,-1,19,2,6,-1,0,0,1,0,5,6,1,1,-1,2,1,50,8,2998,1,1,BMW 8 SERIES,3,E01019052,0,4
2024010506876,2024,010506876,2,9,0,99,99,9,9,99,99,9,9,99,9,99,2,9,6,6,3,-1,-1,-1,3,11,-1,-1,-1,0,-1
2024421503402,2024,421503402,2,9,0,-1,19,1,5,-1,0,0,0,0,0,0,1,1,-1,6,1,24,5,-1,3,11,-1,5,E01015905,0,1
2024161489234,2024,161489234,2,9,0,-1,9,7,5,-1,0,1,0,0,0,0,1,1,-1,2,1,34,6,1495,1,16,DAIHATSU TERIOS,3,E01012870,0,1
2024552401426,2024,552401426,1,9,0,9,9,1,6,0,0,8,0,0,0,0,3,1,6,6,3,-1,-1,1298,1,19,DAIHATSU TERIOS,-1,-1,0,-1
2024010518459,2024,010518459,2,9,0,99,99,9,9,99,99,9,9,99,9,99,1,9,6,6,3,51,8,1495,1,18,DAIHATSU TERIOS,7,E01003906,0,1
2024631412204,2024,631412204,1,9,0,-1,19,2,6,-1,0,0,5,0,2,10,4,1,-1,9,1,22,5,1495,1,17,DAIHATSU TERIOS,2,E01022164,0,5
2024631426112,2024,631426112,2,9,0,-1,10,5,4,-1,0,8,0,0,0,0,2,1,-1,9,2,72,10,1298,1,19,DAIHATSU TERIOS,6,W01000545,0,1
2024421433465,2024,421433465,1,9,0,-1,1,1,5,-1,0,0,2,0,0,0,2,1,-1,6,2,93,11,1495,1,17,DAIHATSU TERIOS,7,E01021412,0,1
2024131498076,2024,131498076,2,9,0,-1,19,1,1,-1,0,8,5,10,0,0,1,1,-1,1,1,37,7,1495,1,17,DAIHATSU TERIOS,3,E01011691,0,1
2024010507624,2024,010507624,2,9,0,9,9,1,6,0,0,1,0,0,0,0,3,1,6,6,1,47,8,1495,1,16,DAIHATSU TERIOS,-1,-1,0,-1
2024552400837,2024,552400837,3,9,0,2,2,0,0,0,0,0,0,0,0,0,3,1,6,6,3,-1,-1,1495,1,17,DAIHATSU TERIOS,-1,-1,0,-1
2024440293310,2024,440293310,3,9,0,3,3,1,5,0,0,1,0,0,0,0,2,1,6,6,3,-1,-1,1298,1,20,DAIHATSU TERIOS,-1,-1,0,-1
2024522403385,2024,522403385,2,9,0,18,19,6,2,0,0,8,0,0,0,0,1,1,6,6,1,68,10,1495,1,17,DAIHATSU TERIOS,4,E01014519,0,1
2024440174238,2024,440174238,1,9,0,9,9,2,1,0,0,5,0,0,0,0,3,1,6,6,2,63,9,1495,1,17,DAIHATSU TERIOS,5,E01022939,0,4
2024351472364,2024,351472364,2,17,0,-1,19,3,7,-1,0,2,5,0,1,0,2,1,-1,1,1,61,9,-1,2,42,-1,8,E01018277,0,1
2024461399512,2024,461399512,1,9,0,-1,19,7,3,-1,0,0,0,0,1,9,4,2,-1,6,1,82,11,3000,1,-1,-1,4,E01023997,0,1
2024231489918,2024,231489918,1,5,0,-1,19,6,2,-1,0,0,1,10,1,0,4,1,-1,6,1,66,10,1868,1,4,-1,7,E01009614,0,1
2024010547445,2024,010547445,1,5,0,18,19,5,1,2,2,1,5,0,0,0,1,1,6,6,1,43,7,1745,1,6,-1,8,E01004175,0,2
2024430079743,2024,430079743,2,4,0,18,19,4,8,0,0,8,0,0,0,0,4,1,6,6,1,29,6,124,1,3,-1,2,E01012871,0,5
2024131523387,2024,131523387,1,3,0,-1,19,7,3,-1,0,2,0,0,0,0,1,1,-1,9,1,19,4,680,1,15,-1,2,E01011815,0,1
2024010535276,2024,010535276,1,5,0,18,19,7,3,2,2,1,0,0,0,0,1,1,2,2,1,58,9,680,1,13,-1,9,E01004604,0,2
2024221409003,2024,221409003,1,21,1,-1,5,4,3,-1,0,1,0,0,0,0,1,1,-1,1,1,43,7,11120,2,5,IVECO STRALIS,8,E01014771,0,5
2024122400186,2024,122400186,1,21,1,18,19,5,1,0,0,0,0,0,0,0,4,1,1,1,1,33,6,11120,2,6,IVECO STRALIS,4,E01012300,0,4
2024131469843,2024,131469843,2,21,0,-1,19,1,5,-1,0,0,1,0,0,0,1,1,-1,1,1,61,9,8710,2,9,IVECO STRALIS,7,E01011243,0,3
2024991520416,2024,991520416,3,21,0,-1,19,3,7,-1,0,0,0,0,0,0,2,1,-1,1,1,61,9,11120,2,4,IVECO STRALIS,8,-1,0,4
2024440247966,2024,440247966,2,21,1,18,19,8,4,0,0,1,0,0,0,0,1,1,1,1,1,33,6,11120,2,9,IVECO STRALIS,8,E01022654,0,3
2024131429679,2024,131429679,2,21,1,-1,19,1,5,-1,0,0,0,0,0,0,1,1,-1,9,1,41,7,12882,2,2,IVECO STRALIS,1,E01007727,0,4
2024070637903,2024,070637903,2,21,1,4,4,3,7,0,0,0,1,0,0,0,1,1,1,1,1,53,8,11120,2,7,IVECO STRALIS,8,E01006922,0,4
2024430594773,2024,430594773,2,21,1,18,19,8,4,0,0,8,3,4,1,4,1,1,1,1,1,67,10,11120,2,9,IVECO STRALIS,4,E01026019,0,5
2024231443043,2024,231443043,3,21,1,-1,4,2,6,-1,0,0,0,0,0,0,2,1,-1,1,1,40,7,12900,5,3,IVECO STRALIS,2,E01033300,0,5
2024010511879,2024,010511879,1,21,1,18,19,3,7,0,0,1,0,0,0,0,1,1,1,1,1,49,8,11120,2,7,IVECO STRALIS,2,E01001558,0,3
2024411477358,2024,411477358,1,21,1,-1,-1,-1,-1,-1,-1,0,-1,-1,-1,0,-1,9,-1,1,1,66,10,11120,2,3,IVECO STRALIS,8,E01026993,0,4
2024211495409,2024,211495409,2,21,1,-1,4,1,5,-1,0,0,0,0,0,0,2,1,-1,1,1,40,7,11120,2,9,IVECO STRALIS,2,E01010080,0,4
2024332400354,2024,332400354,1,21,0,-1,4,7,3,-1,0,1,0,0,0,0,1,1,-1,1,1,57,9,8710,2,8,IVECO STRALIS,3,E01013772,0,3
2024421492532,2024,421492532,4,21,1,-1,19,5,1,-1,0,0,0,4,0,0,1,1,-1,1,1,61,9,11120,2,3,IVECO STRALIS,8,E01018153,0,4
2024332400921,2024,332400921,1,21,0,-1,19,1,5,-1,0,8,1,0,0,0,1,1,-1,1,1,46,8,11120,2,10,IVECO STRALIS,5,E01027892,0,5
2024061502279,2024,061502279,2,21,0,-1,19,-1,-1,-1,0,0,9,0,0,0,1,1,-1,6,1,-1,-1,11120,2,2,IVECO STRALIS,-1,-1,0,-1
2024010506625,2024,010506625,1,21,0,18,19,3,7,0,0,1,0,0,0,0,4,1,1,1,1,35,6,8710,2,3,IVECO STRALIS,4,E01004633,0,1
2024041499115,2024,041499115,1,21,1,-1,19,3,7,-1,0,4,0,0,0,0,1,1,-1,1,1,36,7,11120,2,3,IVECO STRALIS,5,E01025999,0,5
2024421431881,2024,421431881,1,21,1,-1,11,4,8,-1,0,0,0,0,0,0,4,1,-1,1,1,61,9,11120,2,7,IVECO STRALIS,9,E01023660,0,4
2024061400196,2024,061400196,1,21,1,-1,19,5,1,-1,0,0,0,0,0,0,1,1,-1,1,1,45,7,11120,2,1,IVECO STRALIS,8,E01008130,0,4
2024031470396,2024,031470396,2,21,1,-1,19,2,6,-1,0,0,0,0,0,0,3,1,-1,1,1,58,9,11120,2,7,IVECO STRALIS,-1,-1,0,-1
2024461430849,2024,461430849,1,21,1,-1,19,7,3,-1,0,0,0,0,1,1,1,9,-1,1,1,64,9,12882,2,2,IVECO STRALIS,4,E01021096,0,4
2024041494630,2024,041494630,3,9,0,-1,2,0,0,-1,9,2,0,0,0,0,3,1,-1,6,-1,-1,-1,2902,2,18,KIA SEDONA,-1,-1,0,-1
2024471426724,2024,471426724,2,9,0,-1,19,6,2,-1,0,0,0,0,0,0,1,9,-1,6,1,45,7,2902,2,16,KIA SEDONA,6,E01021066,0,4
2024311531779,2024,311531779,1,9,0,-1,5,4,8,-1,0,1,0,0,0,0,4,1,-1,6,1,34,6,2902,2,16,KIA SEDONA,7,E01028402,0,4
2024041497175,2024,041497175,1,9,0,-1,19,3,7,-1,0,8,0,0,0,0,1,1,-1,6,3,-1,-1,2902,2,14,KIA SEDONA,-1,-1,0,-1
2024451483724,2024,451483724,2,9,0,-1,19,5,1,-1,0,0,0,0,0,0,1,1,-1,9,2,68,10,2902,2,16,KIA SEDONA,8,E01002942,0,2
2024440038828,2024,440038828,2,9,0,9,9,1,7,0,0,6,0,0,0,0,1,1,6,6,1,60,9,2902,2,17,KIA SEDONA,9,E01022717,0,1
2024461512042,2024,461512042,2,9,0,-1,19,8,4,-1,0,0,1,0,0,0,1,1,-1,6,1,36,7,2902,2,15,KIA SEDONA,1,E01024615,0,1
2024421531610,2024,421531610,1,9,0,-1,-1,-1,-1,-1,-1,0,-1,-1,-1,0,-1,9,-1,6,1,63,9,2902,2,16,KIA SEDONA,2,E01021697,0,1
2024991418908,2024,991418908,1,9,0,-1,19,8,4,-1,0,1,0,0,0,0,1,1,-1,2,1,51,8,2199,2,15,KIA SEDONA,7,-1,0,2
2024552400973,2024,552400973,2,9,0,18,19,6,2,0,0,0,0,0,0,0,3,1,6,6,1,62,9,2902,2,18,KIA SEDONA,9,E01015300,0,1
2024451494986,2024,451494986,2,9,0,-1,19,1,5,-1,0,1,0,0,0,0,2,1,-1,6,3,57,9,2902,2,16,KIA SEDONA,-1,-1,0,-1
2024131480677,2024,131480677,1,9,0,-1,7,1,5,-1,9,3,0,11,1,10,1,1,-1,9,1,28,6,2902,2,16,KIA SEDONA,5,E01011356,0,1
2024201502598,2024,201502598,3,9,0,-1,2,0,0,-1,9,2,0,0,0,0,2,1,-1,6,-1,-1,-1,2199,2,13,KIA SEDONA,-1,-1,0,-1
2024991410768,2024,991410768,1,9,0,-1,19,5,1,-1,0,0,5,4,8,0,1,1,-1,9,2,48,8,2199,2,13,KIA SEDONA,8,-1,0,1
2024501463176,2024,501463176,3,9,0,-1,3,7,3,-1,0,0,0,0,0,0,3,1,-1,9,2,68,10,2902,2,19,KIA SEDONA,5,E01020308,0,3
2024631430474,2024,631430474,2,9,0,-1,19,4,8,-1,0,1,0,0,0,0,4,1,-1,6,1,49,8,2902,2,16,KIA SEDONA,7,W01000690,0,1
2024221488984,2024,221488984,1,9,0,-1,19,5,1,-1,0,4,0,0,0,0,1,1,-1,9,2,81,11,2902,2,18,KIA SEDONA,6,W01000082,0,4
2024320476563,2024,320476563,1,9,0,9,9,7,4,0,0,6,0,0,0,0,1,1,6,6,1,78,11,2902,2,17,KIA SEDONA,-1,-1,0,-1
2024501425184,2024,501425184,1,3,0,-1,19,5,1,-1,0,1,5,0,7,10,4,1,-1,2,1,17,4,124,1,1,LEXMOTO ZSB,5,E01018967,0,1
2024131468098,2024,131468098,1,3,0,-1,9,5,3,-1,0,5,0,0,0,0,3,1,-1,2,1,27,6,124,1,0,LEXMOTO ZSB,1,E01011756,0,1
2024320612028,2024,320612028,2,3,0,-1,-1,6,2,0,0,4,5,0,0,0,2,1,-1,-1,1,26,6,124,1,0,LEXMOTO ZSB,4,E01026081,0,4
2024161411694,2024,161411694,1,3,0,-1,3,7,3,-1,0,4,0,0,0,0,2,1,-1,9,1,21,5,124,1,1,LEXMOTO ZSB,4,E01026416,0,3
202460Q059486,2024,60Q059486,2,3,0,18,19,7,3,0,0,8,1,0,0,0,1,1,2,2,2,27,6,124,1,3,LEXMOTO ZSB,-1,-1,0,-1
2024070163102,2024,070163102,2,5,0,18,19,8,4,0,0,8,0,0,0,0,3,1,6,6,1,20,4,124,1,2,LEXMOTO ZSB,2,E01033300,0,1
2024041434463,2024,041434463,1,3,0,-1,19,5,1,-1,0,1,1,0,1,0,2,1,-1,2,1,18,4,124,1,1,LEXMOTO ZSB,2,E01012623,0,1
2024141553684,2024,141553684,1,3,0,-1,19,3,7,-1,0,0,0,0,6,0,1,1,-1,2,1,47,8,124,1,0,LEXMOTO ZSB,3,E01007777,0,1
2024320267701,2024,320267701,1,4,0,-1,-1,2,6,0,0,8,0,0,0,0,1,1,-1,-1,1,18,4,124,1,1,LEXMOTO ZSB,2,E01026103,0,1
2024430541230,2024,430541230,2,3,0,16,19,5,1,0,0,0,1,0,0,0,0,1,2,2,1,48,8,124,1,0,LEXMOTO ZSB,10,E01028791,0,1
2024461531026,2024,461531026,1,3,0,-1,19,8,4,-1,9,0,2,0,0,0,4,1,-1,6,1,23,5,124,1,2,LEXMOTO ZSB,-1,-1,0,-1
2024141441307,2024,141441307,1,3,0,-1,13,5,1,-1,0,0,2,0,0,0,1,1,-1,6,1,30,6,124,1,1,LEXMOTO ZSB,3,E01007363,0,1
2024061505126,2024,061505126,2,3,0,-1,19,7,3,-1,0,8,0,0,0,0,1,1,-1,9,1,71,10,124,1,0,LEXMOTO ZSB,5,E01005396,0,1
2024991488737,2024,991488737,1,3,0,-1,19,7,3,-1,0,1,0,0,0,0,1,1,-1,6,1,21,5,124,1,5,LEXMOTO ZSB,3,-1,0,2
2024161456222,2024,161456222,2,3,0,-1,19,6,2,-1,0,1,0,0,0,0,1,1,-1,6,1,21,5,124,1,1,LEXMOTO ZSB,4,E01026416,0,3
2024311530054,2024,311530054,1,4,0,-1,14,7,2,-1,0,1,0,0,0,0,1,1,-1,1,2,57,9,124,1,2,LEXMOTO ZSB,-1,-1,0,-1
2024351504503,2024,351504503,1,3,0,-1,4,7,1,-1,0,1,0,0,0,0,1,1,-1,6,1,18,4,124,1,0,LEXMOTO ZSB,8,E01018206,0,1
2024311545555,2024,311545555,2,3,0,-1,19,8,2,-1,0,0,5,0,0,0,1,1,-1,1,1,63,9,124,1,4,LEXMOTO ZSB,4,E01027975,0,2
2024340WN0962,2024,340WN0962,2,4,0,-1,19,1,5,-1,0,1,0,0,0,0,1,1,-1,6,1,19,4,124,1,1,LEXMOTO ZSB,5,E01027302,0,2
2024461473135,2024,461473135,2,3,0,-1,10,3,7,-1,0,1,0,0,0,0,2,1,-1,9,1,35,6,124,1,0,LEXMOTO ZSB,1,E01035317,0,4
2024221459319,2024,221459319,2,3,0,-1,19,6,2,-1,0,8,0,0,0,0,1,1,-1,6,1,67,10,124,1,5,LEXMOTO ZSB,2,E01009499,0,3
2024070266670,2024,070266670,2,4,0,18,19,2,6,0,0,1,5,0,0,0,1,1,2,2,1,43,7,124,1,0,LEXMOTO ZSB,3,E01006246,0,1
2024430304650,2024,430304650,1,3,0,18,19,8,4,0,0,0,0,0,0,0,1,1,6,6,1,18,4,124,1,4,LEXMOTO ZSB,10,E01033965,0,1
2024122400819,2024,122400819,1,3,0,16,19,7,3,0,0,0,0,0,7,0,3,1,6,6,1,20,4,124,1,2,LEXMOTO ZSB,7,E01027739,0,3
2024070315979,2024,070315979,2,3,0,7,7,7,3,0,0,3,0,0,0,0,2,1,6,6,1,19,4,124,1,5,LEXMOTO ZSB,8,E01035389,0,1
2024061553360,2024,061553360,2,3,0,-1,19,4,6,-1,0,8,0,0,0,0,1,1,-1,6,1,18,4,124,1,0,LEXMOTO ZSB,1,E01005086,0,1
2024211500642,2024,211500642,2,9,0,-1,9,5,2,-1,0,8,0,0,0,0,3,1,-1,9,2,41,7,-1,3,0,NISSAN ARIYA,-1,-1,0,-1
2024010524987,2024,010524987,1,9,0,7,7,1,3,0,0,6,0,0,0,0,4,1,6,6,1,46,8,-1,3,2,NISSAN ARIYA,9,E01023846,0,2
2024010549091,2024,010549091,2,9,0,18,19,2,6,0,0,0,0,0,0,0,1,1,6,6,1,36,7,-1,3,1,NISSAN ARIYA,5,E01002169,0,2
2024061421905,2024,061421905,1,9,0,-1,7,4,6,-1,0,1,0,0,0,0,1,1,-1,6,1,-1,-1,-1,3,1,NISSAN ARIYA,3,E01005546,0,1
2024201421327,2024,201421327,1,9,0,-1,19,1,5,-1,0,6,0,0,0,0,1,1,-1,6,1,-1,-1,-1,3,0,NISSAN ARIYA,6,W01000674,0,5
2024401454279,2024,401454279,1,9,0,-1,19,6,2,-1,0,0,0,0,0,0,1,9,-1,9,2,30,6,-1,3,0,NISSAN ARIYA,9,E01017460,0,1
2024010539064,2024,010539064,1,9,0,18,19,1,5,1,1,8,0,0,0,0,1,1,1,1,1,55,8,-1,3,0,NISSAN ARIYA,2,E01001128,0,2
2024201503910,2024,201503910,3,9,0,-1,3,4,8,-1,0,0,0,0,0,0,2,9,-1,6,1,-1,-1,-1,3,0,NISSAN ARIYA,4,E01009235,0,1
2024231464895,2024,231464895,1,9,0,-1,5,2,6,-1,-1,6,0,0,0,0,1,9,-1,6,1,46,8,-1,3,1,NISSAN ARIYA,10,E01035038,0,1
2024052402695,2024,052402695,1,9,0,9,9,2,8,0,0,1,0,0,0,0,1,1,6,6,2,48,8,-1,3,0,NISSAN ARIYA,8,E01006532,0,1
2024131477701,2024,131477701,1,9,0,-1,19,1,5,-1,0,0,0,0,0,0,4,1,-1,9,2,46,8,-1,3,0,NISSAN ARIYA,8,E01011643,0,2
2024361448050,2024,361448050,2,9,0,-1,19,1,4,-1,0,1,0,0,0,0,3,1,-1,6,1,29,6,999,3,0,NISSAN ARIYA,6,E01026615,0,1
2024010547594,2024,010547594,1,9,0,7,7,3,4,0,0,5,0,0,0,0,3,1,2,2,1,31,6,-1,3,0,NISSAN ARIYA,8,E01021463,0,3
2024010513702,2024,010513702,4,9,0,2,2,0,0,0,0,1,0,0,0,0,2,1,6,6,3,-1,-1,-1,3,0,NISSAN ARIYA,-1,-1,0,-1
2024430216169,2024,430216169,2,9,0,3,3,8,4,0,0,1,0,0,0,0,2,1,6,6,1,53,8,-1,3,0,NISSAN ARIYA,10,E01028457,0,1
2024201505928,2024,201505928,2,9,0,-1,19,8,4,-1,0,8,0,0,0,0,1,1,-1,6,1,58,9,-1,3,1,NISSAN ARIYA,5,E01008974,0,1
2024522401619,2024,522401619,2,9,0,13,13,5,1,0,0,0,0,0,0,0,4,1,6,6,3,-1,-1,-1,3,1,NISSAN ARIYA,-1,-1,0,-1
2024440334989,2024,440334989,2,9,0,18,19,7,3,0,0,8,0,0,0,0,3,1,6,6,2,53,8,-1,3,0,NISSAN ARIYA,8,E01023034,0,1
2024061397790,2024,061397790,1,9,0,-1,9,5,1,-1,0,6,0,0,0,0,4,1,-1,6,1,72,10,-1,3,1,NISSAN ARIYA,7,E01005083,0,3
2024231536210,2024,231536210,1,9,0,-1,6,8,8,-1,0,0,0,0,0,0,3,1,-1,9,1,60,9,-1,3,1,NISSAN ARIYA,9,E01031330,0,3
2024010535988,2024,010535988,1,9,0,18,19,5,1,0,0,1,0,0,0,0,1,1,6,6,1,17,4,-1,3,0,NISSAN ARIYA,3,E01002608,0,2
2024101544498,2024,101544498,1,9,0,-1,19,1,5,-1,0,1,0,0,0,0,3,1,-1,9,2,57,9,-1,3,0,NISSAN ARIYA,1,E01008824,0,1
2024010538014,2024,010538014,2,9,0,5,5,1,5,0,0,0,0,0,0,0,3,1,6,6,1,38,7,-1,3,0,NISSAN ARIYA,1,E01001178,0,1
2024461502871,2024,461502871,2,9,0,-1,19,7,4,-1,0,1,0,0,1,0,3,1,-1,9,2,35,6,-1,3,2,NISSAN ARIYA,8,E01000791,0,4
2024320240877,2024,320240877,1,9,0,9,9,5,4,0,0,6,0,0,0,0,1,1,-1,-1,1,58,9,-1,3,1,NISSAN ARIYA,9,E01026182,0,2
2024501499704,2024,501499704,3,9,0,-1,19,2,6,-1,0,1,0,0,0,0,3,1,-1,2,1,53,8,-1,3,0,NISSAN ARIYA,7,E01018827,0,1
2024131496487,2024,131496487,1,9,0,-1,19,8,4,-1,0,8,0,0,1,5,1,1,-1,9,2,81,11,-1,3,2,NISSAN ARIYA,10,E01010694,0,2
2024302500258,2024,302500258,1,9,0,-1,19,2,6,-1,0,0,0,0,0,0,1,1,-1,1,2,31,6,-1,3,0,NISSAN ARIYA,3,E01013457,0,1
2024010533449,2024,010533449,1,8,0,18,19,3,7,0,0,2,0,0,0,0,1,1,6,6,1,31,6,-1,3,0,NISSAN ARIYA,6,E01002742,0,1
2024991502504,2024,991502504,2,17,0,-1,9,7,3,-1,0,1,0,0,0,0,2,1,-1,1,1,47,8,1123,2,6,-1,1,-1,0,1
2024010498249,2024,010498249,1,9,0,99,99,9,9,99,99,9,9,99,9,99,1,9,6,6,1,42,7,2487,8,1,-1,3,E01003479,0,1
2024201457603,2024,201457603,1,9,0,-1,9,3,8,-1,0,2,0,0,0,0,1,9,-1,6,1,44,7,2487,8,1,-1,-1,-1,0,-1
2024031481217,2024,031481217,3,9,0,-1,3,5,1,-1,0,1,0,0,0,0,1,1,-1,9,1,63,9,2487,8,3,-1,7,E01026179,0,5
2024351508474,2024,351508474,2,9,0,-1,19,2,6,-1,0,1,0,0,0,0,1,1,-1,6,1,21,5,2487,8,1,-1,2,E01015610,0,1
2024401440685,2024,401440685,2,9,0,-1,19,4,8,-1,0,0,0,0,0,0,3,1,-1,6,2,37,7,2487,8,1,-1,5,E01004419,0,4
2024471486147,2024,471486147,1,90,0,-1,19,5,1,-1,0,0,5,0,1,0,1,1,-1,6,1,75,10,2300,2,17,-1,5,E01031519,0,1
2024010500711,2024,010500711,1,11,0,18,19,3,7,0,0,0,0,0,0,0,0,1,1,1,1,31,6,6692,2,11,WRIGHTBUS GEMINI,2,E01001439,0,1
2024010532280,2024,010532280,1,11,0,5,5,5,1,0,0,4,0,0,0,0,0,1,1,1,1,51,8,6692,2,11,WRIGHTBUS GEMINI,2,E01001437,0,2
202460Q033880,2024,60Q033880,1,11,0,18,19,6,2,0,0,4,0,0,0,0,0,1,1,1,2,48,8,6692,2,12,WRIGHTBUS GEMINI,-1,-1,0,-1
2024010522808,2024,010522808,1,11,0,5,5,1,5,0,0,6,0,0,0,0,4,1,1,1,1,59,9,6692,2,11,WRIGHTBUS GEMINI,3,E01001188,0,2
2024010523701,2024,010523701,1,11,0,10,10,1,7,0,0,2,0,0,0,0,0,1,1,1,1,28,6,6692,2,13,WRIGHTBUS GEMINI,9,E01000690,0,2
2024052402472,2024,052402472,1,11,0,16,19,8,2,0,0,8,0,0,0,0,4,1,1,1,1,45,7,6692,2,13,WRIGHTBUS GEMINI,2,E01006479,0,2
2024052400380,2024,052400380,1,11,0,5,5,6,2,0,0,8,0,0,0,0,3,1,1,1,1,62,9,6692,2,13,WRIGHTBUS GEMINI,1,E01006741,0,3
2024010527218,2024,010527218,1,11,0,4,4,3,7,0,0,1,0,0,0,0,0,1,1,1,1,53,8,6692,2,11,WRIGHTBUS GEMINI,3,E01001508,0,1
2024010500264,2024,010500264,1,11,0,4,4,7,3,0,0,0,0,0,0,0,0,1,1,1,1,56,9,6692,2,11,WRIGHTBUS GEMINI,4,E01000113,0,3
2024010515508,2024,010515508,2,11,0,18,19,1,5,0,0,4,0,0,0,0,3,1,1,1,1,54,8,6692,2,11,WRIGHTBUS GEMINI,9,E01002322,0,2
2024461492040,2024,461492040,1,11,0,-1,19,2,6,-1,0,1,0,0,0,0,4,1,-1,1,2,48,8,6692,2,13,WRIGHTBUS GEMINI,10,E01024824,0,4
2024010546193,2024,010546193,1,11,9,99,99,9,9,99,99,9,9,99,9,99,9,9,6,6,3,-1,-1,6692,2,11,WRIGHTBUS GEMINI,-1,-1,0,-1
2024010539663,2024,010539663,1,11,0,18,19,3,7,0,0,4,0,0,0,0,0,1,1,1,1,63,9,6692,2,11,WRIGHTBUS GEMINI,5,E01035583,0,3
2024131465054,2024,131465054,2,11,0,-1,19,7,7,-1,0,8,0,0,0,0,1,1,-1,6,1,19,4,6692,2,12,WRIGHTBUS GEMINI,2,E01011136,0,3
2024010509293,2024,010509293,1,11,0,4,4,1,5,0,0,4,0,0,0,0,0,1,1,1,1,24,5,6692,2,13,WRIGHTBUS GEMINI,1,E01002093,0,1
2024010533645,2024,010533645,2,11,0,3,3,1,5,0,0,4,0,0,0,0,0,1,1,1,1,37,7,6692,2,11,WRIGHTBUS GEMINI,2,E01001507,0,2