collision_index,collision_year,collision_ref_no,vehicle_reference,vehicle_type,towing_and_articulation,vehicle_manoeuvre_historic,vehicle_manoeuvre,vehicle_direction_from,vehicle_direction_to,vehicle_location_restricted_lane_historic,vehicle_location_restricted_lane,junction_location,skidding_and_overturning,hit_object_in_carriageway,vehicle_leaving_carriageway,hit_object_off_carriageway,first_point_of_impact,vehicle_left_hand_drive,journey_purpose_of_driver_historic,journey_purpose_of_driver,sex_of_driver,age_of_driver,age_band_of_driver,engine_capacity_cc,propulsion_code,age_of_vehicle,generic_make_model,driver_imd_decile,lsoa_of_driver,escooter_flag,driver_distance_banding
2024010530121,2024,010530121,1,11,0,4,4,1,5,0,0,1,0,0,0,0,1,1,6,6,1,40,7,6692,2,11,WRIGHTBUS GEMINI,6,E01004381,0,1
2024101435304,2024,101435304,1,11,0,-1,19,1,5,-1,0,0,0,0,0,0,4,1,-1,1,1,45,7,6692,2,13,WRIGHTBUS GEMINI,2,E01008480,0,2
2024010543052,2024,010543052,1,11,0,4,4,1,5,3,2,1,0,0,0,0,0,1,1,1,1,51,8,6692,2,13,WRIGHTBUS GEMINI,2,E01032799,0,3
2024010537297,2024,010537297,1,11,0,18,19,8,4,2,2,1,0,0,0,0,0,1,6,6,1,35,6,6692,2,13,WRIGHTBUS GEMINI,3,E01035695,0,3
2024461436948,2024,461436948,1,11,0,-1,5,-1,-1,-1,0,8,0,0,0,0,0,9,-1,1,1,60,9,6692,2,13,WRIGHTBUS GEMINI,10,E01024785,0,3
2024010523981,2024,010523981,1,11,0,18,19,1,5,0,0,2,0,0,0,0,0,1,6,6,1,56,9,6692,2,11,WRIGHTBUS GEMINI,7,E01003643,0,2
2024010516014,2024,010516014,1,11,0,4,4,5,1,0,0,0,0,0,0,0,0,1,1,1,1,28,6,6692,2,13,WRIGHTBUS GEMINI,3,E01001792,0,2
2024010516194,2024,010516194,1,11,0,18,19,7,3,0,0,1,0,0,0,0,0,1,1,1,2,23,5,6692,2,13,WRIGHTBUS GEMINI,2,E01001334,0,4
2024010533498,2024,010533498,1,11,0,18,19,7,3,0,0,2,0,0,0,0,0,1,1,1,1,41,7,6692,2,13,WRIGHTBUS GEMINI,3,E01000948,0,2
2024052402312,2024,052402312,3,11,0,18,19,8,4,0,0,8,0,0,0,0,0,1,1,1,1,48,8,6692,2,13,WRIGHTBUS GEMINI,1,E01006605,0,1
2024010524057,2024,010524057,2,11,0,5,5,1,5,0,0,2,0,0,0,0,1,1,1,1,1,27,6,6692,2,11,WRIGHTBUS GEMINI,3,E01021859,0,4
2024010539454,2024,010539454,1,11,0,4,4,1,5,0,0,1,0,0,0,0,0,1,1,1,2,40,7,6692,2,11,WRIGHTBUS GEMINI,7,E01003752,0,2
2024010519620,2024,010519620,1,11,0,16,19,1,5,0,0,1,0,0,0,0,1,1,1,1,2,46,8,6692,2,13,WRIGHTBUS GEMINI,1,E01002071,0,1
2024052402470,2024,052402470,1,11,0,18,19,2,6,0,0,8,0,0,0,0,0,1,1,1,1,52,8,6692,2,13,WRIGHTBUS GEMINI,1,E01006443,0,2
2024471491523,2024,471491523,1,5,0,-1,15,6,2,-1,0,0,0,0,0,0,1,1,-1,6,1,17,4,599,1,22,YAMAHA FZS,4,E01021051,0,1
2024041456895,2024,041456895,2,5,0,-1,19,7,3,-1,0,1,0,0,0,0,1,1,-1,9,2,52,8,599,1,22,YAMAHA FZS,1,E01024855,0,1
2024010500725,2024,010500725,1,5,0,13,13,7,3,0,0,0,0,0,0,0,4,1,2,2,1,50,8,599,1,22,YAMAHA FZS,-1,-1,0,-1
2024991458496,2024,991458496,1,5,0,-1,7,1,5,-1,0,0,2,0,0,0,1,1,-1,9,1,44,7,599,1,21,YAMAHA FZS,3,-1,0,4
2024201519029,2024,201519029,2,5,0,-1,19,8,4,-1,0,1,1,0,0,0,0,1,-1,9,1,21,5,599,1,21,YAMAHA FZS,2,E01010038,0,1
2024552400730,2024,552400730,2,5,0,18,19,4,8,0,0,8,0,0,0,0,1,1,6,6,1,61,9,599,1,26,YAMAHA FZS,1,E01015384,0,4
2024461452000,2024,461452000,2,5,0,-1,19,1,1,-1,0,8,1,10,2,0,3,1,-1,6,1,30,6,998,1,21,YAMAHA FZS,5,E01024383,0,1
2024031473121,2024,031473121,1,5,0,-1,19,3,7,-1,0,8,5,0,0,0,4,1,-1,6,1,73,10,599,1,25,YAMAHA FZS,-1,-1,0,-1
2024451406179,2024,451406179,1,5,0,-1,19,7,3,-1,0,0,0,0,0,0,1,1,-1,6,1,41,7,998,1,21,YAMAHA FZS,9,E01030955,0,1
2024451452733,2024,451452733,1,5,0,-1,19,5,1,-1,0,0,0,0,0,0,1,1,-1,1,1,20,4,599,1,23,YAMAHA FZS,10,E01030789,0,1
2024041478641,2024,041478641,2,5,0,-1,19,3,6,-1,0,1,1,0,0,0,1,1,-1,9,1,24,5,599,1,21,YAMAHA FZS,1,E01012578,0,1
2024361497805,2024,361497805,2,5,0,-1,19,8,5,-1,0,8,1,0,0,0,0,1,-1,6,2,30,6,599,1,25,YAMAHA FZS,1,E01026622,0,1
2024211534493,2024,211534493,1,4,0,-1,19,5,1,-1,0,0,0,0,0,0,1,1,-1,9,1,45,7,599,1,25,YAMAHA FZS,9,E01029686,0,3
2024451450962,2024,451450962,1,5,0,-1,19,1,5,-1,0,0,1,0,0,0,4,1,-1,9,1,56,9,998,1,21,YAMAHA FZS,7,E01034295,0,4
202460Q019839,2024,60Q019839,1,5,0,16,19,1,4,0,0,0,1,0,7,11,1,1,6,6,1,64,9,998,1,22,YAMAHA FZS,-1,-1,0,-1
202460Q102728,2024,60Q102728,1,5,0,18,19,1,5,0,0,0,5,0,0,0,3,1,6,6,1,41,7,599,1,21,YAMAHA FZS,-1,-1,0,-1
2024211480974,2024,211480974,1,5,0,-1,19,1,5,-1,0,0,1,0,0,0,4,1,-1,6,1,25,5,599,1,25,YAMAHA FZS,6,E01014225,0,1
2024131400169,2024,131400169,1,4,0,-1,9,2,6,-1,0,3,1,0,0,0,4,1,-1,9,1,29,6,599,1,22,YAMAHA FZS,7,E01010931,0,1
2024991463732,2024,991463732,1,5,0,-1,19,5,1,-1,0,1,0,0,0,0,1,1,-1,9,1,63,9,998,1,20,YAMAHA FZS,7,-1,0,1
2024061460611,2024,061460611,1,5,0,-1,19,7,3,-1,0,1,5,0,0,0,1,1,-1,6,1,43,7,599,1,25,YAMAHA FZS,-1,-1,0,-1
2024461448150,2024,461448150,1,5,0,-1,19,1,5,-1,0,0,0,0,0,0,1,1,-1,6,1,19,4,998,1,21,YAMAHA FZS,-1,-1,0,-1
2024991451206,2024,991451206,1,5,0,-1,19,7,3,-1,0,0,1,0,1,11,1,1,-1,1,1,47,8,998,1,20,YAMAHA FZS,10,-1,0,2
2024131487357,2024,131487357,1,5,0,-1,19,1,5,-1,0,1,2,0,7,11,4,1,-1,2,1,21,5,599,1,25,YAMAHA FZS,1,E01010845,0,1
2024471456951,2024,471456951,1,5,0,-1,19,7,3,-1,0,0,0,0,0,0,4,1,-1,2,2,20,4,599,1,21,YAMAHA FZS,6,E01031345,0,2
2024471476273,2024,471476273,1,5,0,-1,19,3,7,-1,0,0,5,0,1,0,1,1,-1,9,1,77,11,998,1,19,YAMAHA FZS,8,E01001134,0,4
2024461476598,2024,461476598,1,5,0,-1,19,1,5,-1,0,0,0,0,0,0,1,1,-1,2,1,36,7,599,1,21,YAMAHA FZS,4,E01024489,0,3
2024161443570,2024,161443570,2,5,0,-1,13,4,8,-1,0,1,0,0,0,0,1,1,-1,6,2,31,6,599,1,22,YAMAHA FZS,3,E01013134,0,1
2024122400181,2024,122400181,1,5,0,18,19,3,7,0,0,3,1,0,0,0,4,1,2,2,1,31,6,599,1,22,YAMAHA FZS,6,E01027790,0,4
2024501414265,2024,501414265,2,5,0,-1,9,6,3,-1,0,1,5,0,0,0,2,1,-1,6,1,35,6,599,1,25,YAMAHA FZS,6,E01018915,0,3
2024361535985,2024,361535985,2,5,-1,-1,19,4,8,-1,0,1,0,0,0,0,3,1,-1,6,1,18,4,599,1,25,YAMAHA FZS,5,E01026940,0,3
2024340NN3462,2024,340NN3462,2,5,0,-1,19,1,5,-1,0,8,0,0,0,0,1,1,-1,6,1,63,9,998,1,20,YAMAHA FZS,9,E01027020,0,3
2024440377217,2024,440377217,1,3,0,18,19,6,2,0,0,0,0,0,0,0,1,1,6,6,1,19,4,599,1,24,YAMAHA FZS,6,E01023183,0,1
2024451454187,2024,451454187,2,5,0,-1,13,7,3,-1,0,0,5,7,0,0,1,1,-1,9,1,61,9,998,1,23,YAMAHA FZS,10,E01004104,0,3
2024471517347,2024,471517347,1,5,0,-1,2,0,0,-1,0,0,0,0,0,0,2,1,-1,9,1,22,5,599,1,25,YAMAHA FZS,6,E01031346,0,2
2024332400217,2024,332400217,1,5,0,-1,9,6,4,-1,0,6,1,7,0,0,1,1,-1,6,1,19,4,599,1,26,YAMAHA FZS,6,E01025657,0,2
2024122401010,2024,122401010,2,5,0,13,13,6,2,0,0,1,0,0,0,0,4,1,6,6,1,22,5,599,1,24,YAMAHA FZS,10,E01012348,0,4
2024461473097,2024,461473097,2,5,0,-1,19,3,7,-1,0,1,0,0,7,0,1,1,-1,6,1,25,5,599,1,21,YAMAHA FZS,4,E01035318,0,1
2024501487053,2024,501487053,1,4,0,-1,13,5,1,-1,0,1,0,0,0,0,1,1,-1,6,1,21,5,599,1,25,YAMAHA FZS,6,E01020188,0,2
202454D473024,2024,54D473024,2,5,0,13,13,3,7,0,0,1,0,0,0,0,1,1,6,6,1,31,6,599,1,25,YAMAHA FZS,8,E01032038,0,1
2024052402054,2024,052402054,1,5,0,17,19,5,1,0,0,1,0,0,0,0,1,1,6,6,1,30,6,599,1,22,YAMAHA FZS,2,E01006862,0,1
2024461518048,2024,461518048,1,5,0,-1,19,3,7,-1,0,0,0,0,0,0,3,1,-1,2,1,57,9,599,1,24,YAMAHA FZS,8,E01024343,0,3
2024122500086,2024,122500086,2,5,0,18,19,6,2,0,0,8,0,0,0,0,1,1,2,2,1,33,6,599,1,25,YAMAHA FZS,9,E01013429,0,1
2024451463601,2024,451463601,1,5,0,-1,19,7,3,-1,0,0,0,7,0,0,3,1,-1,6,1,74,10,897,1,17,-1,10,E01030540,0,1
2024430625220,2024,430625220,1,5,0,18,19,5,1,0,0,0,0,0,1,9,1,1,6,6,1,49,8,897,1,21,-1,5,E01028556,0,4
2024221490025,2024,221490025,1,5,0,-1,8,6,1,-1,0,1,0,0,0,0,2,1,-1,6,1,48,8,897,1,17,-1,1,E01014110,0,1
2024631507650,2024,631507650,1,5,0,-1,19,3,7,-1,0,0,1,0,2,10,1,1,-1,6,1,61,9,897,1,19,-1,6,W01001186,0,4
2024010550281,2024,010550281,2,5,0,18,19,7,3,0,0,1,0,0,0,0,1,1,6,6,1,39,7,849,1,23,-1,3,E01001602,0,3
2024131485097,2024,131485097,2,5,0,-1,19,1,5,-1,0,0,5,0,0,0,1,1,-1,9,1,68,10,849,1,23,-1,2,E01011223,0,2
202417M108824,2024,17M108824,2,3,0,-1,19,2,6,-1,0,6,0,0,0,0,1,1,-1,6,1,-1,-1,897,1,22,-1,-1,-1,0,-1
2024010529862,2024,010529862,1,5,0,13,13,7,3,0,0,0,0,4,0,0,4,1,6,6,1,60,9,897,1,12,-1,5,E01030748,0,3
2024421483685,2024,421483685,2,5,0,-1,5,3,5,-1,0,3,0,0,0,0,3,1,-1,9,1,32,6,897,1,21,-1,8,E01021920,0,3
2024061437234,2024,061437234,2,3,-1,-1,-1,-1,-1,-1,-1,0,-1,-1,-1,0,-1,1,-1,6,1,18,4,125,1,17,-1,8,E01006410,0,1
2024010519580,2024,010519580,1,3,0,99,99,9,9,99,99,9,9,99,9,99,9,1,6,6,1,30,6,124,1,8,-1,5,E01000995,0,1
2024552401133,2024,552401133,2,3,0,18,19,2,6,0,0,8,0,0,0,0,2,1,6,6,1,19,4,125,1,5,-1,5,E01020577,0,1
2024461447481,2024,461447481,1,4,0,-1,19,5,1,-1,0,0,0,4,0,0,1,1,-1,6,1,27,6,124,1,8,-1,3,E01024608,0,2
2024371419959,2024,371419959,1,3,0,-1,4,3,7,-1,0,0,0,0,0,0,1,1,-1,6,1,41,7,125,1,5,-1,5,E01029961,0,1
2024052402496,2024,052402496,2,3,0,5,5,4,8,0,0,1,1,0,0,0,1,1,6,6,1,33,6,124,1,8,-1,1,E01006678,0,1
2024552400427,2024,552400427,1,21,0,18,19,4,8,0,0,0,2,0,0,0,3,1,1,1,1,45,7,5880,2,18,DAF TRUCKS FA LF,6,E01019982,0,4
2024161528139,2024,161528139,1,98,0,-1,19,5,1,-1,0,0,0,0,0,0,1,1,-1,6,1,54,8,3920,2,19,DAF TRUCKS FA LF,2,E01033104,0,1
2024201424816,2024,201424816,2,90,0,-1,19,4,8,-1,0,0,0,0,0,0,2,9,-1,1,1,59,9,5880,2,18,DAF TRUCKS FA LF,2,E01034312,0,1
2024041518834,2024,041518834,5,21,0,-1,1,4,5,-1,0,6,0,0,0,0,0,1,-1,1,1,31,6,5900,2,20,DAF TRUCKS FA LF,1,E01006961,0,4
2024501430110,2024,501430110,2,21,0,-1,19,1,5,-1,0,0,0,0,0,0,1,1,-1,6,1,58,9,5880,2,18,DAF TRUCKS FA LF,5,E01018837,0,3
2024061485460,2024,061485460,2,98,0,-1,2,8,4,-1,9,1,0,0,0,0,0,1,-1,6,-1,-1,-1,-1,2,21,DAF TRUCKS FA LF,-1,-1,0,-1
2024340NN0792,2024,340NN0792,2,21,0,-1,5,1,5,-1,0,6,0,0,0,0,1,1,-1,2,1,53,8,5900,2,21,DAF TRUCKS FA LF,10,E01027203,0,3
2024501396691,2024,501396691,2,98,0,-1,2,0,0,-1,0,0,0,0,0,0,2,1,-1,6,1,64,9,-1,2,23,DAF TRUCKS FA LF,3,E01015093,0,1
2024031524224,2024,031524224,2,98,0,-1,19,5,1,-1,0,8,1,4,7,0,1,1,-1,1,1,55,8,-1,-1,-1,DAF TRUCKS FA LF,1,E01006305,0,4
2024211412592,2024,211412592,3,19,4,-1,19,5,1,-1,0,0,3,0,0,0,2,1,-1,9,1,51,8,3900,2,21,DAF TRUCKS FA LF,-1,-1,0,-1
2024451411763,2024,451411763,1,3,0,-1,19,3,7,-1,0,1,0,0,0,0,3,1,-1,9,1,18,4,124,1,8,-1,8,E01030875,0,3
2024041519430,2024,041519430,1,9,0,-1,19,4,8,-1,0,1,0,0,0,0,1,1,-1,9,2,58,9,1997,2,15,FORD GALAXY,1,E01012746,0,1
2024461444391,2024,461444391,1,9,0,-1,7,7,3,-1,0,6,0,0,0,0,1,2,-1,6,1,33,6,1997,2,17,FORD GALAXY,-1,-1,0,-1
2024401461226,2024,401461226,1,9,-1,-1,-1,-1,-1,-1,-1,0,-1,-1,-1,0,-1,9,-1,6,1,38,7,1997,2,8,FORD GALAXY,9,E01023726,0,3
2024201452482,2024,201452482,2,9,0,-1,19,8,4,-1,0,2,0,0,0,0,1,9,-1,6,1,77,11,1995,2,3,FORD GALAXY,1,E01010289,0,1
2024041442928,2024,041442928,2,9,0,-1,19,1,5,-1,0,1,0,0,0,0,3,1,-1,9,1,41,7,2179,2,12,FORD GALAXY,10,E01025530,0,2
2024201398931,2024,201398931,1,9,0,-1,14,6,2,-1,0,1,0,0,0,0,1,9,-1,6,1,36,7,1997,2,17,FORD GALAXY,1,E01009258,0,1
2024332400788,2024,332400788,1,9,0,-1,19,8,4,-1,0,0,0,0,0,0,1,1,-1,9,1,75,10,1997,2,14,FORD GALAXY,7,E01026351,0,1
2024440554111,2024,440554111,1,9,0,18,19,7,3,0,0,8,0,0,0,0,1,1,6,6,1,44,7,1997,2,18,FORD GALAXY,4,E01022524,0,3
2024430476618,2024,430476618,4,9,0,18,19,1,5,0,0,0,0,0,0,0,4,1,6,6,1,40,7,1997,2,7,FORD GALAXY,8,E01000538,0,4
2024461442794,2024,461442794,2,8,0,-1,19,7,3,-1,0,3,0,0,0,0,2,1,-1,2,2,54,8,1995,2,4,FORD GALAXY,7,E01024288,0,1
2024131457656,2024,131457656,2,9,0,-1,4,1,5,-1,0,0,0,0,0,0,0,1,-1,9,1,61,9,1995,2,3,FORD GALAXY,2,E01011538,0,1
2024010491218,2024,010491218,1,9,0,18,19,3,7,0,0,2,0,0,0,0,2,1,6,6,1,66,10,1997,2,10,FORD GALAXY,3,E01004023,0,2
2024010512117,2024,010512117,1,9,0,4,4,1,5,0,0,1,0,11,0,0,1,1,1,1,1,44,7,1997,2,6,FORD GALAXY,-1,-1,0,-1
2024010536820,2024,010536820,2,9,0,2,2,0,0,9,9,1,1,0,0,0,1,1,6,6,3,-1,-1,1995,2,2,FORD GALAXY,-1,-1,0,-1
2024010500187,2024,010500187,1,9,0,18,19,3,7,0,0,6,0,0,0,0,3,1,6,6,3,-1,-1,1997,2,8,FORD GALAXY,-1,-1,0,-1
2024471400465,2024,471400465,2,9,0,-1,7,1,3,-1,0,0,0,0,0,0,1,1,-1,6,1,-1,-1,1997,2,9,FORD GALAXY,5,E01031731,0,1
2024010540980,2024,010540980,1,9,0,1,1,1,5,0,0,8,1,4,0,0,2,2,2,2,1,52,8,1997,2,9,FORD GALAXY,3,E01001448,0,1
2024131430485,2024,131430485,2,9,0,-1,19,1,5,-1,-1,1,0,0,0,0,-1,1,-1,6,3,-1,-1,1997,2,14,FORD GALAXY,-1,-1,0,-1
2024010511150,2024,010511150,1,8,0,99,99,9,9,99,99,2,9,99,9,99,2,9,1,1,1,49,8,1995,2,5,FORD GALAXY,2,E01004310,0,2
2024351535762,2024,351535762,1,9,0,-1,19,5,7,-1,0,0,0,0,0,0,1,1,-1,6,2,49,8,1997,2,8,FORD GALAXY,8,E01023590,0,4
2024430532970,2024,430532970,2,9,0,9,9,5,3,0,0,5,0,0,0,0,2,1,1,1,1,36,7,1995,2,4,FORD GALAXY,-1,-1,0,-1
202460Q190948,2024,60Q190948,1,8,0,10,10,1,7,0,0,1,0,0,0,0,3,1,6,6,1,48,8,1997,2,8,FORD GALAXY,-1,-1,0,-1
2024131417018,2024,131417018,2,9,0,-1,2,0,0,-1,9,0,0,0,0,0,4,1,-1,6,-1,-1,-1,1997,2,17,FORD GALAXY,-1,-1,0,-1
2024010518388,2024,010518388,2,9,0,6,6,1,1,0,0,2,0,0,0,0,1,1,6,6,1,23,5,1997,2,7,FORD GALAXY,-1,-1,0,-1
2024061493678,2024,061493678,3,9,0,-1,19,8,3,-1,0,8,0,0,0,0,1,1,-1,9,1,34,6,1997,2,13,FORD GALAXY,2,E01006298,0,1
2024010521441,2024,010521441,1,9,0,18,19,3,7,0,0,0,0,0,0,0,1,1,6,6,1,58,9,1997,2,6,FORD GALAXY,2,E01004615,0,3
2024421479442,2024,421479442,2,9,0,-1,19,7,3,-1,0,0,0,0,0,0,1,2,-1,1,1,37,7,1997,2,13,FORD GALAXY,1,E01021323,0,4
2024320119462,2024,320119462,1,8,0,-1,-1,4,2,0,0,4,0,0,0,0,1,2,6,6,3,-1,-1,1995,2,2,FORD GALAXY,-1,-1,0,-1
2024221445160,2024,221445160,2,9,0,-1,10,2,8,-1,0,8,0,0,0,0,2,1,-1,1,1,41,7,1560,2,12,FORD GALAXY,6,E01014078,0,1
2024201435611,2024,201435611,1,9,0,-1,19,2,6,-1,0,8,1,0,0,0,1,1,-1,2,2,54,8,1997,2,7,FORD GALAXY,6,E01010132,0,2
2024522402727,2024,522402727,1,9,0,18,19,8,2,0,0,0,0,0,0,0,1,1,6,6,2,56,9,1997,2,14,FORD GALAXY,8,E01014758,0,1
2024010546022,2024,010546022,1,8,0,18,19,1,5,0,0,8,0,0,0,0,1,1,1,1,1,35,6,1997,2,8,FORD GALAXY,2,E01033587,0,3
2024991458176,2024,991458176,1,9,0,-1,9,1,7,-1,0,5,0,0,1,0,4,1,-1,9,1,52,8,1995,2,3,FORD GALAXY,-1,-1,0,-1
2024430570847,2024,430570847,2,9,0,3,3,4,8,0,0,1,0,0,0,0,2,1,6,6,2,40,7,1997,2,12,FORD GALAXY,8,E01016656,0,1
2024201448256,2024,201448256,1,9,0,-1,-1,5,2,-1,-1,0,0,0,0,0,1,1,-1,-1,1,68,10,1997,2,12,FORD GALAXY,2,E01010051,0,3
2024010551236,2024,010551236,1,9,9,99,99,9,9,99,99,9,9,99,9,99,9,9,6,6,1,71,10,1997,2,9,FORD GALAXY,2,E01004089,0,1
2024221427510,2024,221427510,1,9,0,-1,19,4,8,-1,0,0,0,0,0,0,1,9,-1,6,1,40,7,1753,2,16,FORD GALAXY,5,E01029011,0,4
2024201462246,2024,201462246,3,9,0,-1,2,0,0,-1,0,0,0,4,0,0,3,1,-1,6,1,45,7,1997,2,15,FORD GALAXY,1,E01010266,0,1
2024332401186,2024,332401186,1,9,0,-1,9,5,3,-1,0,6,0,0,0,0,1,1,-1,9,1,52,8,1997,2,13,FORD GALAXY,2,E01013654,0,1
2024101411827,2024,101411827,3,9,0,-1,9,5,3,-1,0,8,0,0,0,0,3,1,-1,9,1,46,8,1997,2,17,FORD GALAXY,5,E01008787,0,1
2024122400973,2024,122400973,3,9,0,4,4,3,1,0,0,2,0,0,0,0,4,1,6,6,1,53,8,1997,2,16,FORD GALAXY,5,E01027608,0,1
2024052401469,2024,052401469,1,9,0,18,19,2,6,0,0,0,0,0,0,0,1,1,6,6,2,54,8,2179,2,12,FORD GALAXY,3,E01006780,0,1
2024320474414,2024,320474414,2,9,0,3,3,6,2,0,0,1,0,0,0,0,2,1,-1,-1,1,18,4,1997,2,17,FORD GALAXY,-1,-1,0,-1
2024501497350,2024,501497350,2,9,0,-1,4,4,1,-1,0,1,0,0,0,0,2,1,-1,2,1,43,7,1997,2,13,FORD GALAXY,3,E01015189,0,1
2024320617506,2024,320617506,2,9,0,-1,-1,4,7,0,0,0,0,0,1,10,3,1,-1,-1,2,35,6,1997,2,7,FORD GALAXY,-1,-1,0,-1
2024101460548,2024,101460548,2,9,0,-1,19,1,5,-1,0,8,0,0,0,0,1,1,-1,6,2,60,9,1995,2,3,FORD GALAXY,-1,-1,0,-1
2024141401823,2024,141401823,2,9,0,-1,11,3,6,-1,0,0,0,0,0,0,1,9,-1,6,3,39,7,1997,2,12,FORD GALAXY,1,E01007369,0,3
2024451523385,2024,451523385,3,9,0,-1,19,7,3,-1,0,0,0,0,0,0,1,1,-1,6,-1,40,7,1997,2,7,FORD GALAXY,-1,-1,0,-1
2024041511137,2024,041511137,2,9,0,-1,19,7,3,-1,0,0,0,0,1,0,1,1,-1,2,1,56,9,1997,2,12,FORD GALAXY,6,E01025279,0,1
2024371419927,2024,371419927,1,8,0,-1,19,2,6,-1,0,1,1,0,1,0,1,9,-1,1,2,44,7,1997,2,10,FORD GALAXY,7,E01030217,0,3
2024320531928,2024,320531928,1,9,0,-1,-1,6,2,0,0,0,0,0,0,0,3,1,1,1,1,40,7,1995,2,4,FORD GALAXY,8,E01026200,0,3
2024340WN1782,2024,340WN1782,1,9,0,-1,19,1,5,-1,0,1,1,0,1,11,1,1,-1,2,1,63,9,1997,2,9,FORD GALAXY,6,E01027030,0,3
2024461456549,2024,461456549,2,9,0,-1,3,7,3,-1,0,1,0,0,0,0,2,9,-1,6,2,40,7,1997,2,10,FORD GALAXY,8,E01016096,0,2
2024440028722,2024,440028722,1,9,0,18,19,6,2,0,0,1,0,0,0,0,1,1,6,6,2,30,6,1997,2,13,FORD GALAXY,3,E01022482,0,1
2024351532116,2024,351532116,1,9,0,-1,19,6,2,-1,0,0,0,0,0,0,1,1,-1,9,1,84,11,1995,2,5,FORD GALAXY,2,E01015608,0,1
2024311520436,2024,311520436,1,9,0,-1,3,6,6,-1,0,1,0,0,0,0,2,1,-1,6,2,60,9,1753,2,16,FORD GALAXY,2,E01013853,0,1
2024111487347,2024,111487347,2,9,0,-1,9,8,1,-1,0,0,0,0,0,0,1,1,-1,9,1,70,10,1995,2,3,FORD GALAXY,-1,-1,0,-1
2024440330425,2024,440330425,1,9,0,7,7,8,2,0,0,1,0,0,0,0,1,1,6,6,1,48,8,1997,2,9,FORD GALAXY,2,E01017153,0,2
2024531502272,2024,531502272,2,9,0,-1,9,2,7,-1,0,3,0,11,0,0,4,1,-1,9,2,43,7,1997,2,13,FORD GALAXY,4,E01022200,0,3
2024471469929,2024,471469929,1,9,0,-1,19,1,5,-1,0,0,0,0,0,0,3,1,-1,7,1,35,6,1997,2,6,FORD GALAXY,5,E01031584,0,3
2024501474557,2024,501474557,1,9,0,-1,19,3,7,-1,0,1,0,0,0,0,1,1,-1,9,1,46,8,1997,2,14,FORD GALAXY,4,E01018895,0,1
2024131512770,2024,131512770,1,9,0,-1,19,7,3,-1,0,1,0,0,0,0,1,1,-1,9,2,50,8,1997,2,15,FORD GALAXY,1,E01011660,0,1
2024052402659,2024,052402659,1,9,0,5,5,6,2,0,0,1,0,0,0,0,1,1,6,6,3,-1,-1,1997,2,12,FORD GALAXY,-1,-1,0,-1
2024061532149,2024,061532149,6,9,0,-1,2,0,0,-1,0,0,0,0,0,0,2,1,-1,6,-1,-1,-1,1997,2,11,FORD GALAXY,-1,-1,0,-1
2024440218819,2024,440218819,1,9,0,2,2,0,0,6,6,0,0,0,0,0,2,1,6,6,2,34,6,1896,2,19,FORD GALAXY,-1,-1,0,-1
2024351427882,2024,351427882,1,9,0,-1,19,6,2,-1,0,0,0,0,0,0,1,1,-1,6,1,48,8,1997,2,10,FORD GALAXY,5,E01018304,0,2
2024122400838,2024,122400838,2,9,0,2,2,0,0,0,0,0,0,0,0,0,2,1,6,6,3,-1,-1,1995,2,5,FORD GALAXY,-1,-1,0,-1
2024201569339,2024,201569339,2,9,0,-1,19,3,7,-1,0,8,0,0,0,0,3,1,-1,1,1,43,7,1997,2,8,FORD GALAXY,2,E01009955,0,1
2024421431561,2024,421431561,1,9,0,-1,19,4,8,-1,0,4,0,0,0,0,3,1,-1,9,1,58,9,1997,2,9,FORD GALAXY,2,E01021665,0,1
2024010551116,2024,010551116,3,9,0,5,5,1,5,0,0,8,0,0,0,0,2,1,2,2,1,35,6,1997,2,7,FORD GALAXY,4,E01004458,0,4
2024471522635,2024,471522635,1,9,0,-1,9,4,3,-1,0,6,0,0,0,0,1,1,-1,2,1,45,7,1997,2,14,FORD GALAXY,5,E01031806,0,1
2024031464987,2024,031464987,1,9,0,-1,5,1,1,-1,0,1,0,0,0,0,1,1,-1,6,2,60,9,1995,2,4,FORD GALAXY,8,E01019322,0,1
2024471410762,2024,471410762,2,9,0,-1,4,3,7,-1,0,0,0,0,0,0,2,1,-1,9,1,56,9,1997,2,14,FORD GALAXY,4,E01020918,0,1
2024010501713,2024,010501713,3,9,0,99,99,9,9,99,99,9,9,99,9,99,2,9,6,6,3,-1,-1,1997,2,6,FORD GALAXY,-1,-1,0,-1
2024301530258,2024,301530258,2,9,0,-1,2,4,8,-1,0,0,0,0,1,0,2,1,-1,6,1,48,8,1896,2,18,FORD GALAXY,-1,-1,0,-1
2024361431361,2024,361431361,1,9,0,-1,9,3,5,-1,0,5,0,0,0,0,3,9,-1,6,1,61,9,1896,2,19,FORD GALAXY,1,E01026626,0,1
2024302400075,2024,302400075,4,9,0,3,3,2,6,0,0,1,0,0,0,0,1,1,6,6,2,40,7,1997,2,13,FORD GALAXY,3,E01013553,0,3
2024010501980,2024,010501980,2,9,0,9,9,7,4,0,0,6,0,0,0,0,1,1,1,1,1,52,8,1997,2,7,FORD GALAXY,2,E01003305,0,1
2024531502968,2024,531502968,1,9,0,-1,19,1,5,-1,0,0,0,0,2,1,1,1,-1,1,1,65,9,1997,2,7,FORD GALAXY,2,E01022288,0,4