collision_index,collision_year,collision_ref_no,vehicle_reference,vehicle_type,towing_and_articulation,vehicle_manoeuvre_historic,vehicle_manoeuvre,vehicle_direction_from,vehicle_direction_to,vehicle_location_restricted_lane_historic,vehicle_location_restricted_lane,junction_location,skidding_and_overturning,hit_object_in_carriageway,vehicle_leaving_carriageway,hit_object_off_carriageway,first_point_of_impact,vehicle_left_hand_drive,journey_purpose_of_driver_historic,journey_purpose_of_driver,sex_of_driver,age_of_driver,age_band_of_driver,engine_capacity_cc,propulsion_code,age_of_vehicle,generic_make_model,driver_imd_decile,lsoa_of_driver,escooter_flag,driver_distance_banding
2024451464263,2024,451464263,2,2,0,-1,10,5,1,-1,0,0,0,0,0,0,2,1,-1,9,1,16,4,49,1,9,-1,7,E01030905,0,1
2024501493178,2024,501493178,2,3,0,-1,99,2,6,-1,0,1,1,0,0,0,1,1,-1,6,1,22,5,124,1,4,-1,3,E01019075,0,1
2024101418118,2024,101418118,1,9,0,-1,19,3,7,-1,0,8,0,0,0,0,1,1,-1,6,1,46,8,-1,3,4,-1,1,E01008331,0,1
2024010528325,2024,010528325,2,8,0,11,11,9,9,99,99,0,9,99,9,99,9,9,6,6,1,46,8,-1,3,3,-1,5,E01002501,0,4
2024010505022,2024,010505022,1,9,0,9,9,8,6,0,0,5,1,0,0,0,4,1,6,6,1,42,7,-1,3,2,-1,3,E01003373,0,3
2024440119573,2024,440119573,1,9,0,17,19,1,6,0,0,0,0,0,0,0,3,1,3,7,2,46,8,-1,3,2,-1,8,E01017286,0,1
2024061446399,2024,061446399,1,4,0,-1,3,5,1,-1,0,1,0,0,0,0,1,1,-1,1,1,24,5,124,1,2,-1,8,E01005049,0,2
2024991475317,2024,991475317,1,3,0,-1,19,5,1,-1,0,0,0,0,0,0,3,1,-1,2,1,37,7,124,1,0,-1,6,-1,0,2
2024451479625,2024,451479625,2,9,0,-1,19,5,1,-1,0,1,0,0,0,0,1,1,-1,6,2,57,9,1299,1,19,-1,9,E01030690,0,2
2024471517201,2024,471517201,1,9,0,-1,6,3,7,-1,0,0,1,0,0,0,1,1,-1,9,2,26,6,1584,1,20,-1,6,E01021054,0,1
2024010529321,2024,010529321,2,5,0,99,99,9,9,99,99,9,9,99,9,99,1,1,6,6,3,-1,-1,744,1,10,-1,6,E01032395,0,5
2024311542703,2024,311542703,2,9,0,-1,9,5,2,-1,0,8,0,0,0,0,1,1,-1,6,2,18,4,1298,1,15,-1,-1,-1,0,-1
2024211493653,2024,211493653,2,9,0,-1,19,5,1,-1,0,0,0,0,0,0,1,1,-1,6,1,39,7,1298,1,17,-1,4,E01029812,0,1
2024471461256,2024,471461256,2,9,0,-1,3,5,1,-1,0,1,0,0,0,0,4,1,-1,6,1,67,10,1298,1,16,-1,4,E01031799,0,1
2024411409228,2024,411409228,1,9,0,-1,9,7,5,-1,0,5,0,0,0,0,1,1,-1,6,2,-1,-1,1298,1,13,-1,-1,-1,0,-1
2024991517345,2024,991517345,1,9,0,-1,12,5,1,-1,0,0,0,0,0,0,1,1,-1,6,2,43,7,1298,1,13,-1,-1,-1,0,-1
202460Q116387,2024,60Q116387,1,9,0,15,15,2,6,0,0,0,0,4,0,0,1,1,6,6,1,19,4,1298,1,17,-1,-1,-1,0,-1
2024340NN2402,2024,340NN2402,2,9,0,-1,19,7,3,-1,0,0,0,0,1,4,3,1,-1,9,1,51,8,1200,1,3,PEUGEOT 5008,4,E01010402,0,4
2024010512886,2024,010512886,1,9,0,99,99,9,9,99,99,9,9,99,9,99,2,9,6,6,2,27,6,1499,2,1,PEUGEOT 5008,4,E01002547,0,2
2024501528453,2024,501528453,1,9,0,-1,19,7,3,-1,0,0,5,10,0,0,1,1,-1,9,2,58,9,1499,2,1,PEUGEOT 5008,8,E01020003,0,2
2024010529790,2024,010529790,2,9,0,6,6,5,5,0,0,1,0,0,0,0,4,1,6,6,1,41,7,1500,2,5,PEUGEOT 5008,2,E01001877,0,1
2024631462934,2024,631462934,1,9,0,-1,19,5,1,-1,0,0,0,0,0,0,3,1,-1,6,1,47,8,1560,2,13,PEUGEOT 5008,4,E01014097,0,4
2024351422733,2024,351422733,1,9,-1,-1,-1,-1,-1,-1,-1,0,-1,-1,-1,0,-1,9,-1,6,3,-1,-1,1200,1,4,PEUGEOT 5008,-1,-1,0,-1
2024231440808,2024,231440808,1,9,0,-1,13,8,2,-1,0,0,0,0,0,0,4,9,-1,6,2,48,8,1500,2,5,PEUGEOT 5008,10,E01032893,0,2
2024141506139,2024,141506139,1,9,0,-1,5,1,5,-1,0,1,0,0,0,0,4,1,-1,9,1,40,7,1560,2,11,PEUGEOT 5008,1,E01007643,0,1
2024131473865,2024,131473865,1,9,0,-1,19,1,5,-1,9,4,0,0,0,0,1,1,-1,6,2,37,7,1598,1,6,PEUGEOT 5008,1,E01011467,0,1
2024531465674,2024,531465674,2,9,0,-1,19,3,7,-1,0,0,0,0,0,0,4,1,-1,9,1,38,7,1500,2,4,PEUGEOT 5008,6,E01022261,0,1
2024141444881,2024,141444881,2,9,0,-1,10,2,5,-1,0,8,0,0,0,0,2,1,-1,6,1,33,6,1200,1,4,PEUGEOT 5008,10,E01007938,0,1
2024340NN2682,2024,340NN2682,1,9,0,-1,7,1,3,-1,0,3,0,0,0,0,1,1,-1,6,1,71,10,1499,2,0,PEUGEOT 5008,1,E01035414,0,3
2024361457395,2024,361457395,2,9,0,-1,19,3,4,-1,0,8,0,0,0,0,1,1,-1,9,2,44,7,1499,2,1,PEUGEOT 5008,4,E01026661,0,1
2024471401844,2024,471401844,2,9,0,-1,19,7,3,-1,0,1,0,0,0,0,1,1,-1,9,1,52,8,1500,2,6,PEUGEOT 5008,7,E01021112,0,1
2024201539002,2024,201539002,2,9,0,-1,9,5,2,-1,0,5,0,0,0,0,2,1,-1,6,1,47,8,1560,2,6,PEUGEOT 5008,1,E01009384,0,1
2024411479622,2024,411479622,2,9,0,-1,19,3,7,-1,0,1,0,0,0,0,1,1,-1,6,2,55,8,1499,2,1,PEUGEOT 5008,2,E01023404,0,1
2024610045224,2024,610045224,1,9,0,18,19,2,6,0,0,0,0,0,0,0,1,1,6,6,2,29,6,1199,1,1,PEUGEOT 5008,2,W01001481,0,3
2024351401739,2024,351401739,2,9,0,-1,10,-1,-1,-1,-1,0,0,0,0,0,3,9,-1,6,2,35,6,1200,1,5,PEUGEOT 5008,8,E01034436,0,2
2024010530509,2024,010530509,2,9,0,2,2,0,0,0,0,0,0,0,0,0,2,1,6,6,3,-1,-1,1997,2,5,PEUGEOT 5008,-1,-1,0,-1
2024010497779,2024,010497779,1,8,9,99,99,9,9,99,99,9,9,99,9,99,9,9,1,1,1,52,8,1560,2,9,PEUGEOT 5008,2,E01003600,0,3
2024451439406,2024,451439406,1,9,0,-1,19,7,3,-1,0,1,0,0,3,2,1,1,-1,9,1,58,9,1997,2,14,PEUGEOT 5008,6,E01004152,0,1
2024430367908,2024,430367908,1,9,0,9,9,5,2,0,0,8,0,0,0,0,3,1,6,6,2,33,6,1200,1,4,PEUGEOT 5008,4,E01002598,0,4
2024501463139,2024,501463139,2,9,0,-1,14,6,2,-1,0,0,0,0,0,0,3,1,-1,6,1,36,7,1199,1,0,PEUGEOT 5008,1,E01015261,0,1
2024991480760,2024,991480760,2,9,0,-1,3,6,1,-1,0,0,0,4,0,0,2,1,-1,9,1,31,6,1199,8,0,PEUGEOT 5008,-1,-1,0,-1
2024522403390,2024,522403390,1,9,0,18,19,1,5,0,0,8,0,0,0,0,4,1,6,6,2,-1,-1,1199,1,1,PEUGEOT 5008,-1,-1,0,-1
2024211452954,2024,211452954,1,9,0,-1,19,7,3,-1,0,0,0,0,0,0,2,1,-1,6,1,34,6,1560,2,14,PEUGEOT 5008,8,E01034049,0,4
2024131458894,2024,131458894,1,9,0,-1,9,5,1,-1,0,8,0,0,0,0,1,1,-1,6,2,38,7,1499,2,1,PEUGEOT 5008,2,E01011000,0,1
2024010536069,2024,010536069,1,9,0,7,7,1,3,0,0,6,0,0,0,0,1,1,6,6,1,61,9,1560,2,9,PEUGEOT 5008,2,E01033327,0,1
2024371489365,2024,371489365,2,9,0,-1,4,8,4,-1,0,0,0,0,0,0,2,1,-1,9,2,32,6,1500,2,4,PEUGEOT 5008,7,E01026893,0,2
2024010527365,2024,010527365,1,9,0,18,19,3,7,0,0,1,0,0,0,0,4,1,6,6,2,35,6,1500,2,2,PEUGEOT 5008,3,E01004467,0,2
2024440169614,2024,440169614,1,9,0,5,5,7,1,0,0,1,0,0,0,0,1,1,6,6,2,34,6,1200,1,5,PEUGEOT 5008,8,E01023103,0,1
2024010501045,2024,010501045,2,9,0,18,19,3,7,0,0,8,0,0,0,0,1,1,6,6,1,51,8,1560,2,8,PEUGEOT 5008,10,E01023112,0,4
2024070212447,2024,070212447,1,9,0,9,9,5,3,0,0,8,0,0,0,0,1,1,3,7,2,30,6,1500,2,3,PEUGEOT 5008,2,E01018477,0,3
2024544511524,2024,544511524,2,9,0,18,19,4,8,0,0,0,0,0,0,0,2,1,6,6,2,41,7,1598,1,6,PEUGEOT 5008,8,E01015522,0,2
2024101406484,2024,101406484,1,9,0,-1,9,2,4,-1,0,1,0,0,0,0,1,1,-1,6,1,52,8,1560,2,10,PEUGEOT 5008,4,E01008830,0,1
2024070635955,2024,070635955,1,9,0,9,9,6,2,0,0,6,0,0,0,0,1,1,6,6,1,42,7,1560,2,14,PEUGEOT 5008,2,E01025521,0,4
2024071018169,2024,071018169,1,9,0,-1,19,7,8,-1,0,0,1,0,7,11,3,1,-1,2,2,32,6,1500,2,5,PEUGEOT 5008,6,E01018481,0,1
2024070402618,2024,070402618,2,9,0,5,5,8,4,0,0,0,0,0,0,0,1,1,6,6,1,69,10,1500,2,4,PEUGEOT 5008,10,E01012489,0,1
2024010540893,2024,010540893,2,9,9,99,99,9,9,99,99,9,9,99,0,0,9,9,6,6,3,-1,-1,1199,1,1,PEUGEOT 5008,-1,-1,0,-1
2024361517689,2024,361517689,2,9,0,-1,19,4,1,-1,0,1,0,0,0,0,1,1,-1,6,1,37,7,1199,1,1,PEUGEOT 5008,4,E01026784,0,2
2024201501840,2024,201501840,1,9,0,-1,5,3,7,-1,0,0,0,0,0,0,3,1,-1,6,1,56,9,1560,2,9,PEUGEOT 5008,-1,-1,0,-1
2024201533455,2024,201533455,2,9,0,-1,10,4,1,-1,0,2,0,0,0,0,1,1,-1,6,1,47,8,1560,2,6,PEUGEOT 5008,1,E01009384,0,1
2024440553293,2024,440553293,1,9,0,18,19,4,8,0,0,0,0,0,0,0,1,1,6,6,1,81,11,1560,2,14,PEUGEOT 5008,7,E01023078,0,1
2024061496909,2024,061496909,1,9,0,-1,5,6,2,-1,0,2,0,0,0,0,3,1,-1,9,1,57,9,1560,2,8,PEUGEOT 5008,3,E01005372,0,1
2024371517674,2024,371517674,2,9,0,-1,9,5,3,-1,0,6,0,0,0,0,3,1,-1,6,2,56,9,1199,1,1,PEUGEOT 5008,10,E01030084,0,1
2024471479313,2024,471479313,1,9,0,-1,19,3,7,-1,0,1,0,0,0,0,3,1,-1,1,2,48,8,1997,2,9,PEUGEOT 5008,9,E01021083,0,1
2024471438040,2024,471438040,4,9,0,-1,2,0,0,-1,0,0,0,0,0,0,3,1,-1,6,-1,-1,-1,1500,2,5,PEUGEOT 5008,-1,-1,0,-1
2024991534525,2024,991534525,2,9,0,-1,2,0,0,-1,9,0,0,0,0,0,0,1,-1,6,-1,-1,-1,1560,2,13,PEUGEOT 5008,-1,-1,0,-1
2024010535488,2024,010535488,2,9,0,3,3,5,1,0,0,8,0,0,0,0,1,1,1,1,1,46,8,1560,2,6,PEUGEOT 5008,6,E01016506,0,2
2024471473042,2024,471473042,2,9,0,-1,19,3,7,-1,0,1,0,0,0,0,1,1,-1,6,1,38,7,1560,2,11,PEUGEOT 5008,9,E01021227,0,1
2024501415569,2024,501415569,2,9,0,-1,2,8,1,-1,0,0,0,4,0,0,1,9,-1,6,1,59,9,1499,2,1,PEUGEOT 5008,4,E01020321,0,1
2024411473350,2024,411473350,1,9,0,-1,1,8,4,-1,9,0,0,0,7,0,2,1,-1,9,1,89,11,1997,2,10,PEUGEOT 5008,10,E01023715,0,1
2024010514270,2024,010514270,1,9,0,9,9,1,7,0,0,1,0,0,0,0,3,1,6,6,2,31,6,1500,2,6,PEUGEOT 5008,5,E01004564,0,1
2024131500753,2024,131500753,1,9,0,-1,-1,-1,-1,-1,-1,0,-1,-1,-1,-1,-1,1,-1,6,3,-1,-1,1500,2,6,PEUGEOT 5008,-1,-1,0,-1
2024201433416,2024,201433416,1,9,0,-1,19,1,5,-1,0,8,0,0,0,0,1,1,-1,6,2,-1,-1,1499,2,1,PEUGEOT 5008,5,E01031093,0,3
2024061499392,2024,061499392,2,9,0,-1,-1,-1,-1,-1,-1,-1,-1,-1,-1,0,-1,2,-1,6,1,63,9,1200,1,3,PEUGEOT 5008,6,E01005973,0,1
2024201493599,2024,201493599,2,9,0,-1,3,7,3,-1,0,1,0,0,0,0,2,1,-1,6,2,41,7,1560,2,9,PEUGEOT 5008,5,E01009765,0,1
2024141465736,2024,141465736,1,9,0,-1,19,5,1,-1,0,0,0,0,0,0,3,1,-1,7,2,36,7,1560,2,10,PEUGEOT 5008,5,E01008045,0,1
2024991477227,2024,991477227,1,9,0,-1,19,1,4,-1,0,1,0,10,7,2,1,1,-1,9,1,39,7,1499,2,2,PEUGEOT 5008,1,-1,0,2
2024501437545,2024,501437545,2,9,0,-1,19,5,1,-1,0,0,0,0,0,0,1,1,-1,6,1,81,11,1560,2,13,PEUGEOT 5008,6,E01019030,0,1
2024131560300,2024,131560300,1,9,0,-1,7,6,2,-1,0,1,0,0,3,0,4,1,-1,9,2,41,7,1500,2,4,PEUGEOT 5008,3,E01011779,0,1
2024010523249,2024,010523249,2,9,0,3,3,1,5,0,0,1,0,99,0,0,2,1,6,6,2,55,8,1500,2,3,PEUGEOT 5008,2,E01001553,0,2
2024421421098,2024,421421098,4,9,0,-1,10,1,7,-1,0,8,0,0,0,0,3,1,-1,9,1,55,8,1200,1,3,PEUGEOT 5008,1,E01021968,0,3
2024201505242,2024,201505242,1,9,0,-1,19,5,1,-1,0,8,0,0,0,0,1,2,-1,6,2,37,7,1997,2,10,PEUGEOT 5008,4,E01009030,0,1
2024141458063,2024,141458063,3,9,0,-1,19,1,5,-1,0,1,0,0,0,0,1,1,-1,9,1,-1,-1,1200,1,2,PEUGEOT 5008,10,E01007430,0,2
2024320024834,2024,320024834,2,9,0,-1,-1,2,6,0,0,5,0,0,0,0,1,1,6,6,2,52,8,1598,1,2,PEUGEOT 5008,5,E01026647,0,3
2024031474494,2024,031474494,1,9,0,-1,19,2,6,-1,0,0,0,0,0,0,1,1,-1,6,1,48,8,1560,2,14,PEUGEOT 5008,-1,-1,0,-1
2024471472845,2024,471472845,1,9,0,-1,9,3,1,-1,0,8,0,0,0,0,1,1,-1,9,2,39,7,1500,2,5,PEUGEOT 5008,9,E01014416,0,5
2024122400224,2024,122400224,3,9,0,8,8,3,7,0,0,1,0,0,0,0,1,1,6,6,1,54,8,1500,2,5,PEUGEOT 5008,4,E01034982,0,1
2024421512463,2024,421512463,2,9,0,-1,19,2,6,-1,0,0,0,0,0,0,2,1,-1,6,1,-1,-1,1499,2,0,PEUGEOT 5008,-1,-1,0,-1
2024411553344,2024,411553344,2,9,0,-1,19,3,7,-1,0,0,0,11,0,0,1,2,-1,6,2,58,9,1199,8,0,PEUGEOT 5008,1,E01022026,0,5
2024141408244,2024,141408244,2,9,0,-1,13,3,7,-1,0,0,0,0,0,0,1,9,-1,9,1,27,6,1499,2,0,PEUGEOT 5008,1,E01007507,0,1
2024320058440,2024,320058440,1,9,0,9,9,7,6,0,0,6,0,0,0,0,1,1,-1,-1,1,43,7,1500,2,5,PEUGEOT 5008,9,E01026370,0,2
2024201485133,2024,201485133,1,9,0,-1,19,3,7,-1,0,0,0,9,0,0,1,1,-1,9,1,46,8,1560,2,12,PEUGEOT 5008,2,E01009346,0,2
2024111522609,2024,111522609,1,9,0,-1,9,5,2,-1,0,1,0,0,0,0,3,1,-1,6,2,30,6,1200,1,3,PEUGEOT 5008,5,E01034492,0,1
2024332400239,2024,332400239,2,9,0,-1,19,1,5,-1,0,8,0,0,1,0,3,1,-1,1,1,66,10,1500,2,3,PEUGEOT 5008,9,E01035085,0,3
2024010506568,2024,010506568,2,9,0,18,19,1,5,0,0,1,0,0,0,0,4,1,6,6,1,32,6,1560,2,13,PEUGEOT 5008,3,E01003993,0,1
2024070157448,2024,070157448,1,9,0,7,7,2,4,0,0,6,0,0,0,0,1,1,6,6,2,32,6,1500,2,5,PEUGEOT 5008,5,E01018426,0,2
2024010516931,2024,010516931,2,9,0,99,99,9,9,99,99,9,9,99,9,99,9,9,6,6,2,-1,-1,1199,1,0,PEUGEOT 5008,3,E01030362,0,3
2024101483358,2024,101483358,1,9,0,-1,19,8,4,-1,0,0,0,0,0,0,3,9,-1,6,2,48,8,1560,2,12,PEUGEOT 5008,6,E01027472,0,1
2024010546742,2024,010546742,1,9,0,2,2,0,0,0,0,2,0,0,0,0,3,1,6,6,3,-1,-1,1499,2,1,PEUGEOT 5008,-1,-1,0,-1
2024361468564,2024,361468564,1,9,-1,-1,-1,-1,-1,-1,-1,0,-1,-1,-1,0,-1,1,-1,6,1,31,6,1199,1,2,PEUGEOT 5008,-1,-1,0,-1
2024010521385,2024,010521385,1,9,0,5,5,0,7,9,9,6,0,0,0,0,1,1,3,7,1,41,7,1199,1,1,PEUGEOT 5008,3,E01000080,0,1
2024201486241,2024,201486241,1,9,0,-1,7,5,1,-1,0,1,0,0,0,0,1,9,-1,6,1,22,5,1560,2,9,PEUGEOT 5008,5,E01009418,0,2
2024622400800,2024,622400800,2,9,0,18,19,2,6,0,0,8,0,0,0,0,1,1,6,6,2,35,6,1997,2,14,PEUGEOT 5008,10,W01000827,0,2
2024552401331,2024,552401331,2,9,0,4,4,8,4,0,0,0,0,0,0,0,2,1,3,7,2,35,6,1200,1,7,PEUGEOT 5008,10,E01015398,0,1
2024041520025,2024,041520025,1,9,0,-1,19,7,3,-1,0,0,0,0,1,2,1,1,-1,9,1,37,7,1200,1,3,PEUGEOT 5008,2,E01025305,0,2
2024421428034,2024,421428034,1,9,0,-1,9,6,3,-1,0,5,0,0,0,0,3,1,-1,9,1,82,11,1560,2,14,PEUGEOT 5008,4,E01021529,0,2
2024421495220,2024,421495220,1,9,-1,-1,7,-1,-1,-1,0,8,0,0,0,0,1,9,-1,6,2,-1,-1,1560,2,10,PEUGEOT 5008,-1,-1,0,-1
202460Q060805,2024,60Q060805,2,9,0,18,19,5,1,0,0,1,0,0,0,0,3,1,6,6,2,44,7,1500,2,2,PEUGEOT 5008,-1,-1,0,-1
2024061506093,2024,061506093,1,9,0,-1,99,-1,-1,-1,0,9,0,11,0,0,9,1,-1,6,1,-1,-1,1199,1,1,PEUGEOT 5008,2,E01006254,0,1
2024302401794,2024,302401794,3,9,0,18,19,1,5,0,0,0,0,0,0,0,2,1,6,6,2,38,7,1200,1,4,PEUGEOT 5008,9,E01029466,0,2
2024631444972,2024,631444972,1,9,0,-1,19,7,4,-1,0,2,0,0,1,11,1,1,-1,6,2,48,8,1560,2,13,PEUGEOT 5008,1,E01027951,0,5
2024131417905,2024,131417905,2,9,0,-1,5,3,4,-1,0,0,0,0,2,0,3,1,-1,9,1,50,8,1560,2,12,PEUGEOT 5008,5,E01011678,0,2
2024010533147,2024,010533147,1,9,0,18,19,5,1,0,0,1,0,0,0,0,0,1,1,1,1,45,7,1598,1,3,PEUGEOT 5008,3,E01002133,0,3
2024440020973,2024,440020973,1,9,0,18,19,8,4,0,0,8,0,0,0,0,1,1,6,6,2,38,7,1500,2,4,PEUGEOT 5008,2,E01032750,0,1
2024311438203,2024,311438203,2,9,0,-1,4,3,7,-1,0,0,0,0,0,0,1,1,-1,6,1,59,9,1199,1,1,PEUGEOT 5008,1,E01027930,0,2
2024371521043,2024,371521043,1,9,0,-1,9,3,5,-1,0,1,0,0,0,0,4,1,-1,9,2,37,7,1500,2,5,PEUGEOT 5008,9,E01035172,0,4
2024531520143,2024,531520143,2,9,0,-1,4,5,1,-1,0,0,0,0,0,0,2,1,-1,9,1,43,7,1500,2,5,PEUGEOT 5008,8,E01022295,0,1
2024531477945,2024,531477945,2,9,0,-1,19,3,7,-1,-1,2,0,0,4,1,4,1,-1,2,2,33,6,1560,2,10,PEUGEOT 5008,5,E01022231,0,4
2024101462715,2024,101462715,1,9,0,-1,19,4,6,-1,0,0,0,0,0,0,1,1,-1,9,2,43,7,1560,2,14,PEUGEOT 5008,1,E01027427,0,1
2024311450651,2024,311450651,2,9,0,-1,19,1,5,-1,0,0,0,0,0,0,2,1,-1,9,1,39,7,1200,1,5,PEUGEOT 5008,5,E01032556,0,4
2024131468294,2024,131468294,1,9,0,-1,19,1,7,-1,0,8,0,0,0,0,1,1,-1,9,1,31,6,1560,2,8,PEUGEOT 5008,1,E01010965,0,2
2024010545897,2024,010545897,1,9,0,5,5,4,8,0,0,0,0,10,1,1,1,1,6,6,1,42,7,1997,2,6,PEUGEOT 5008,10,E01030754,0,1
2024430437444,2024,430437444,2,9,0,18,19,0,0,0,0,0,0,0,0,0,1,1,6,6,2,-1,-1,1200,1,2,PEUGEOT 5008,-1,-1,0,-1
2024461518311,2024,461518311,1,9,0,-1,9,4,2,-1,0,6,0,0,0,0,4,1,-1,6,2,36,7,1997,2,5,PEUGEOT 5008,2,E01024686,0,1
2024111529140,2024,111529140,4,9,0,-1,19,5,1,-1,0,8,0,11,0,0,0,1,-1,6,1,39,7,1499,2,2,PEUGEOT 5008,1,E01008608,0,4
2024031439886,2024,031439886,1,9,0,-1,3,1,5,-1,0,0,0,0,0,0,1,1,-1,6,2,35,6,1997,2,3,PEUGEOT 5008,5,E01019090,0,2
2024161482491,2024,161482491,1,9,0,-1,14,8,4,-1,0,0,0,0,0,0,1,1,-1,9,1,41,7,1560,2,9,PEUGEOT 5008,1,E01012779,0,2
2024991522910,2024,991522910,1,9,0,-1,19,8,4,-1,0,0,1,0,1,0,3,1,-1,6,2,53,8,1560,2,13,PEUGEOT 5008,3,-1,0,1
2024501461693,2024,501461693,1,9,0,-1,19,7,3,-1,0,0,0,0,0,0,3,1,-1,6,1,61,9,1499,2,1,PEUGEOT 5008,5,E01015215,0,1
2024010498511,2024,010498511,1,9,0,99,99,9,9,99,99,9,9,99,9,99,9,9,6,6,2,33,6,1500,2,6,PEUGEOT 5008,1,E01003347,0,1
2024332401125,2024,332401125,1,9,0,-1,5,8,4,-1,0,8,0,0,0,0,4,1,-1,6,1,62,9,1560,2,12,PEUGEOT 5008,1,E01009577,0,3
2024070366684,2024,070366684,1,9,0,18,19,7,3,0,0,0,0,0,0,0,1,1,6,6,2,72,10,1997,2,9,PEUGEOT 5008,10,E01018408,0,2
2024622400466,2024,622400466,2,9,0,16,19,6,2,0,0,4,0,0,0,0,2,1,1,1,1,-1,-1,1200,1,3,PEUGEOT 5008,8,W01001003,0,4
2024501414375,2024,501414375,3,9,0,-1,8,1,3,-1,0,1,0,0,0,0,0,1,-1,6,2,61,9,1200,1,6,PEUGEOT 5008,6,E01018853,0,1
2024061532609,2024,061532609,2,8,0,-1,19,8,2,-1,0,8,0,0,0,0,1,1,-1,1,1,48,8,1560,2,9,PEUGEOT 5008,3,E01005332,0,2
2024061510808,2024,061510808,2,9,0,-1,19,3,7,-1,0,8,0,0,0,0,3,1,-1,6,2,37,7,1200,1,4,PEUGEOT 5008,2,E01005262,0,1
2024061484146,2024,061484146,2,9,0,-1,3,6,2,-1,0,1,0,0,0,0,2,9,-1,6,2,28,6,1499,2,0,PEUGEOT 5008,1,E01032557,0,1
2024451401521,2024,451401521,1,9,0,-1,19,6,2,-1,0,0,0,0,0,0,3,1,-1,2,2,56,9,1199,1,1,PEUGEOT 5008,10,E01030797,0,1
2024141527041,2024,141527041,2,9,0,-1,19,2,2,-1,0,4,0,0,0,0,1,2,-1,6,3,-1,-1,1560,2,11,PEUGEOT 5008,-1,-1,0,-1
2024421480582,2024,421480582,2,9,0,-1,9,3,1,-1,0,4,0,0,0,0,3,1,-1,9,2,40,7,1500,2,2,PEUGEOT 5008,2,E01021711,0,1
2024531426583,2024,531426583,2,9,0,-1,19,1,5,-1,0,8,0,0,0,0,1,1,-1,6,2,59,9,1560,2,8,PEUGEOT 5008,8,E01022423,0,1
2024221498917,2024,221498917,1,9,0,-1,19,1,5,-1,0,8,0,0,0,0,1,1,-1,6,1,41,7,1997,2,12,PEUGEOT 5008,3,E01032456,0,3
2024010542931,2024,010542931,1,9,0,99,99,9,9,99,99,9,9,99,9,99,2,9,6,6,3,-1,-1,1199,1,1,PEUGEOT 5008,-1,-1,0,-1
2024471501193,2024,471501193,1,9,0,-1,11,3,7,-1,0,0,0,0,0,0,2,1,-1,9,1,70,10,1200,1,2,PEUGEOT 5008,3,E01031657,0,4
2024351411429,2024,351411429,2,9,0,-1,8,1,4,-1,0,1,0,0,0,0,2,1,-1,9,2,35,6,1560,2,9,PEUGEOT 5008,2,E01015605,0,1
2024440375005,2024,440375005,2,9,0,18,19,8,6,0,0,6,0,0,0,0,1,1,6,6,3,-1,-1,1200,1,6,PEUGEOT 5008,-1,-1,0,-1
2024471411714,2024,471411714,1,9,0,-1,1,1,5,-1,0,0,0,0,0,0,2,1,-1,1,1,36,7,1199,1,1,PEUGEOT 5008,3,E01021122,0,1
2024421504500,2024,421504500,2,9,0,-1,4,3,7,-1,0,4,0,0,0,0,2,1,-1,2,2,35,6,1500,2,3,PEUGEOT 5008,3,E01021864,0,1
2024461397440,2024,461397440,1,9,0,-1,19,1,5,-1,0,2,1,0,1,0,1,1,-1,9,2,42,7,1200,1,6,PEUGEOT 5008,-1,-1,0,-1
2024421396134,2024,421396134,2,9,0,-1,19,1,5,-1,0,0,0,0,0,0,2,1,-1,9,2,40,7,1499,2,2,PEUGEOT 5008,5,E01030030,0,4
2024320228561,2024,320228561,1,9,0,-1,-1,6,2,0,0,0,0,0,0,0,1,1,-1,-1,1,77,11,1500,2,4,PEUGEOT 5008,3,E01026104,0,1
2024010529222,2024,010529222,1,9,0,18,19,5,1,0,0,0,0,7,0,0,1,1,6,6,1,38,7,1598,1,4,PEUGEOT 5008,2,E01004321,0,3
2024991535513,2024,991535513,1,9,0,-1,19,2,6,-1,0,4,0,0,0,0,1,1,-1,9,1,36,7,1199,1,1,PEUGEOT 5008,-1,-1,0,-1
2024430374604,2024,430374604,1,9,0,3,3,8,4,0,0,1,0,0,0,0,2,1,6,6,2,29,6,1199,1,1,PEUGEOT 5008,9,E01017895,0,1
2024471434520,2024,471434520,2,9,0,-1,19,4,8,-1,0,0,0,0,0,0,1,1,-1,9,1,58,9,1997,2,12,PEUGEOT 5008,4,E01020965,0,3
2024052400751,2024,052400751,2,9,0,18,19,8,4,0,0,0,0,0,0,0,4,1,6,6,1,39,7,1997,2,9,PEUGEOT 5008,1,E01007004,0,1
2024501502134,2024,501502134,1,9,0,-1,13,4,8,-1,0,0,0,0,0,0,1,1,-1,1,2,35,6,1500,2,3,PEUGEOT 5008,1,E01015214,0,4
2024471467199,2024,471467199,2,9,0,-1,2,0,0,-1,-1,0,0,0,0,0,1,1,-1,6,-1,-1,-1,1560,2,11,PEUGEOT 5008,-1,-1,0,-1
2024041453939,2024,041453939,1,9,0,-1,19,1,4,-1,0,4,0,9,0,0,3,1,-1,6,1,42,7,1500,2,3,PEUGEOT 5008,5,E01012730,0,1
2024010549530,2024,010549530,2,9,9,99,99,9,9,99,99,9,9,99,9,99,9,9,6,6,3,-1,-1,1200,1,3,PEUGEOT 5008,-1,-1,0,-1
2024311426191,2024,311426191,2,9,0,-1,2,5,1,-1,0,1,0,0,0,0,4,1,-1,6,2,36,7,1199,1,2,PEUGEOT 5008,1,E01013942,0,1