collision_index,collision_year,collision_ref_no,vehicle_reference,vehicle_type,towing_and_articulation,vehicle_manoeuvre_historic,vehicle_manoeuvre,vehicle_direction_from,vehicle_direction_to,vehicle_location_restricted_lane_historic,vehicle_location_restricted_lane,junction_location,skidding_and_overturning,hit_object_in_carriageway,vehicle_leaving_carriageway,hit_object_off_carriageway,first_point_of_impact,vehicle_left_hand_drive,journey_purpose_of_driver_historic,journey_purpose_of_driver,sex_of_driver,age_of_driver,age_band_of_driver,engine_capacity_cc,propulsion_code,age_of_vehicle,generic_make_model,driver_imd_decile,lsoa_of_driver,escooter_flag,driver_distance_banding
2024041439375,2024,041439375,2,9,0,-1,4,3,7,-1,0,1,0,0,0,0,2,1,-1,9,1,53,8,1200,1,2,PEUGEOT 5008,1,E01025236,0,1
2024010555435,2024,010555435,1,9,0,99,99,9,9,99,99,9,9,99,9,99,9,9,6,6,2,41,7,1500,2,3,PEUGEOT 5008,3,E01000305,0,1
2024010511528,2024,010511528,1,9,0,1,1,5,1,0,0,1,0,0,0,0,2,1,6,6,1,55,8,1199,8,0,PEUGEOT 5008,-1,-1,0,-1
2024440062843,2024,440062843,1,9,0,18,19,6,2,0,0,8,0,0,0,0,1,1,6,6,1,69,10,1199,1,1,PEUGEOT 5008,6,E01023054,0,3
2024501471403,2024,501471403,2,9,0,-1,19,4,8,-1,0,0,0,0,0,0,2,1,-1,9,2,49,8,1499,2,1,PEUGEOT 5008,6,E01020150,0,1
2024221412722,2024,221412722,1,9,0,-1,9,6,4,-1,0,6,0,0,0,0,3,1,-1,6,2,34,6,1200,1,3,PEUGEOT 5008,1,E01032245,0,1
2024010509205,2024,010509205,2,9,9,99,99,9,9,99,99,9,9,99,9,99,9,9,6,6,3,-1,-1,1560,2,10,PEUGEOT 5008,-1,-1,0,-1
2024461475030,2024,461475030,1,9,0,-1,14,-1,-1,-1,0,-1,0,0,0,0,3,9,-1,6,1,56,9,1997,2,13,PEUGEOT 5008,9,E01024259,0,4
2024221415091,2024,221415091,1,9,0,-1,7,8,1,-1,0,5,0,0,0,0,1,9,-1,6,2,37,7,1499,2,1,PEUGEOT 5008,4,E01028836,0,1
2024471428120,2024,471428120,1,9,0,-1,5,7,3,-1,0,1,0,0,0,0,3,1,-1,9,1,42,7,1500,2,5,PEUGEOT 5008,3,E01031453,0,1
2024010528799,2024,010528799,1,9,0,4,4,1,5,0,0,1,0,0,0,0,3,1,6,6,2,46,8,1200,1,4,PEUGEOT 5008,6,E01028700,0,4
2024010506237,2024,010506237,1,9,0,99,99,9,9,99,99,9,9,99,9,99,1,9,6,6,1,55,8,1499,2,1,PEUGEOT 5008,4,E01002558,0,2
2024010541128,2024,010541128,1,9,0,18,19,8,4,0,0,8,0,0,0,0,1,1,2,2,1,69,10,698,1,19,SMART FORTWO,6,E01002555,0,2
2024010513256,2024,010513256,2,9,0,1,1,9,9,99,99,0,9,99,9,99,2,9,6,6,3,-1,-1,999,1,12,SMART FORTWO,-1,-1,0,-1
2024411435941,2024,411435941,1,9,0,-1,19,8,2,-1,0,5,0,0,0,0,1,1,-1,9,1,39,7,999,1,8,SMART FORTWO,2,E01000121,0,2
2024371463766,2024,371463766,1,9,0,-1,4,-1,-1,-1,0,0,0,0,0,0,1,1,-1,6,2,-1,-1,999,1,15,SMART FORTWO,-1,-1,0,-1
2024461504400,2024,461504400,1,9,0,-1,11,8,4,-1,0,0,0,0,2,0,1,1,-1,2,1,26,6,999,1,17,SMART FORTWO,8,E01000346,0,2
2024311504411,2024,311504411,2,9,0,-1,19,5,1,-1,0,0,0,0,0,0,1,2,-1,2,1,28,6,999,1,14,SMART FORTWO,2,E01028269,0,4
2024010533401,2024,010533401,1,9,0,2,2,0,0,9,9,1,0,0,1,0,1,1,6,6,3,-1,-1,999,1,16,SMART FORTWO,-1,-1,0,-1
2024201454033,2024,201454033,1,9,0,-1,19,4,8,-1,0,0,0,0,0,0,1,1,-1,6,2,-1,-1,898,1,6,SMART FORTWO,-1,-1,0,-1
2024501445806,2024,501445806,1,9,0,-1,19,4,8,-1,0,1,5,7,0,0,1,1,-1,9,1,34,6,799,2,14,SMART FORTWO,9,E01005022,0,5
2024411502025,2024,411502025,1,9,0,-1,99,-1,-1,-1,0,1,0,0,0,0,9,9,-1,6,1,36,7,999,1,14,SMART FORTWO,-1,-1,0,-1
2024471460187,2024,471460187,1,9,0,-1,5,1,5,-1,0,2,0,0,0,0,3,1,-1,1,1,56,9,799,2,15,SMART FORTWO,4,E01020952,0,1
2024520001237,2024,520001237,2,9,0,18,19,1,5,0,0,0,0,0,0,0,1,1,6,6,3,-1,-1,898,1,7,SMART FORTWO,-1,-1,0,-1
2024041463934,2024,041463934,1,9,0,-1,19,5,1,-1,9,0,0,0,0,0,1,1,-1,9,2,62,9,999,1,12,SMART FORTWO,4,E01025431,0,1
2024010540887,2024,010540887,1,9,0,18,19,1,5,0,0,2,0,0,0,0,1,1,6,6,1,35,6,999,1,16,SMART FORTWO,2,E01003176,0,1
2024010523044,2024,010523044,1,9,0,2,2,0,0,0,0,8,0,0,0,0,2,1,6,6,1,37,7,999,1,6,SMART FORTWO,-1,-1,0,-1
2024340NN0792,2024,340NN0792,1,9,0,-1,15,6,2,-1,0,1,0,0,1,0,1,1,-1,2,1,38,7,799,2,15,SMART FORTWO,8,E01027325,0,1
2024010541511,2024,010541511,2,9,0,99,99,9,9,99,99,9,9,99,9,99,1,9,6,6,3,-1,-1,999,1,14,SMART FORTWO,-1,-1,0,-1
2024421444168,2024,421444168,2,9,0,-1,19,5,3,-1,0,0,0,0,0,0,1,1,-1,9,2,91,11,999,1,7,SMART FORTWO,10,E01021450,0,1
2024010541301,2024,010541301,1,9,0,5,5,0,5,8,6,6,0,0,0,0,1,1,6,6,1,38,7,999,1,10,SMART FORTWO,6,E01000795,0,1
2024991485748,2024,991485748,2,9,0,-1,12,2,6,-1,0,0,0,0,0,0,2,1,-1,6,2,17,4,999,1,15,SMART FORTWO,-1,-1,0,-1
2024061534829,2024,061534829,1,9,0,-1,19,1,7,-1,0,0,0,0,0,0,3,1,-1,9,2,77,11,999,1,11,SMART FORTWO,1,E01010850,0,4
2024411474696,2024,411474696,1,9,0,-1,4,2,6,-1,0,0,0,0,0,0,2,1,-1,6,1,37,7,999,1,13,SMART FORTWO,9,E01028434,0,4
2024421485545,2024,421485545,1,9,0,-1,19,8,4,-1,0,1,0,0,7,0,1,1,-1,9,2,24,5,999,1,12,SMART FORTWO,7,E01021350,0,2
2024421429845,2024,421429845,1,9,0,-1,19,8,6,-1,0,1,0,0,0,0,1,1,-1,1,1,25,5,898,1,7,SMART FORTWO,10,E01021746,0,1
2024440160193,2024,440160193,2,9,0,18,19,8,4,0,0,1,0,0,0,0,1,1,6,6,1,78,11,698,1,20,SMART FORTWO,4,E01017370,0,2
2024010546605,2024,010546605,1,9,0,99,99,9,9,99,99,9,9,99,9,99,2,9,6,6,1,34,6,999,1,17,SMART FORTWO,2,E01002530,0,1
2024010548420,2024,010548420,1,9,0,99,99,9,9,99,99,9,9,99,9,99,1,9,6,6,1,27,6,999,1,14,SMART FORTWO,5,E01001615,0,1
2024010497571,2024,010497571,1,9,0,99,99,9,9,99,99,9,9,99,9,99,9,9,6,6,3,-1,-1,898,1,7,SMART FORTWO,-1,-1,0,-1
2024010518589,2024,010518589,2,9,0,6,6,1,1,6,6,6,0,0,0,0,1,1,6,6,1,36,7,999,1,11,SMART FORTWO,5,E01004414,0,1
2024440082770,2024,440082770,1,9,0,18,19,2,6,0,0,0,2,0,1,1,1,1,6,6,1,38,7,999,1,16,SMART FORTWO,9,E01022582,0,3
2024201480539,2024,201480539,1,9,0,-1,19,1,5,-1,0,0,0,0,0,0,1,1,-1,9,1,58,9,999,1,15,SMART FORTWO,10,E01010170,0,1
2024501448961,2024,501448961,1,9,0,-1,19,5,1,-1,0,0,0,0,0,0,1,9,-1,6,2,42,7,799,2,15,SMART FORTWO,5,E01018890,0,2
2024411551678,2024,411551678,2,9,0,-1,2,3,7,-1,0,0,0,0,0,0,3,1,-1,6,1,49,8,898,1,8,SMART FORTWO,9,E01021828,0,4
2024351463908,2024,351463908,1,9,0,-1,19,2,6,-1,0,0,0,0,0,0,1,1,-1,9,1,58,9,999,1,14,SMART FORTWO,5,E01018069,0,1
2024010520748,2024,010520748,1,9,0,18,19,4,8,0,0,1,0,0,0,0,1,1,1,1,1,51,8,999,1,16,SMART FORTWO,4,E01000644,0,1
2024010505857,2024,010505857,1,9,0,9,9,3,1,0,0,5,0,0,1,0,4,1,6,6,1,82,11,999,1,5,SMART FORTWO,4,E01002738,0,2
2024421469101,2024,421469101,2,9,0,-1,3,3,7,-1,0,1,0,0,0,0,3,9,-1,2,1,30,6,898,1,8,SMART FORTWO,4,E01021839,0,1
2024070983958,2024,070983958,2,9,0,-1,9,3,1,-1,0,1,0,0,0,0,2,1,-1,2,2,41,7,999,1,12,SMART FORTWO,8,E01012435,0,2
2024010549471,2024,010549471,3,9,0,14,14,1,5,0,0,1,0,0,0,0,2,1,2,2,2,48,8,999,1,6,SMART FORTWO,6,E01021261,0,3
2024010514952,2024,010514952,2,9,0,3,3,3,7,0,0,1,0,0,0,0,2,1,6,6,1,41,7,-1,3,5,SMART FORTWO,2,E01004256,0,1
2024421526031,2024,421526031,1,9,0,-1,5,4,1,-1,0,6,0,0,0,0,1,1,-1,2,2,41,7,999,1,16,SMART FORTWO,5,E01003704,0,2
2024522403176,2024,522403176,2,9,0,18,19,1,5,0,0,8,0,0,0,0,3,1,6,6,2,61,9,999,1,10,SMART FORTWO,10,E01014888,0,2
2024501404828,2024,501404828,1,9,0,-1,9,7,5,-1,0,0,0,0,0,0,1,9,-1,9,2,79,11,999,1,10,SMART FORTWO,9,E01020023,0,1
2024430417671,2024,430417671,1,9,0,9,9,8,6,0,0,5,0,0,0,0,4,1,6,6,3,-1,-1,999,1,16,SMART FORTWO,-1,-1,0,-1
2024552400205,2024,552400205,2,9,0,18,19,7,3,0,0,8,0,0,0,0,2,1,6,6,2,33,6,999,1,16,SMART FORTWO,4,E01020518,0,1
2024430564238,2024,430564238,1,9,0,5,5,4,8,0,0,0,0,0,0,0,2,1,1,1,1,40,7,799,2,12,SMART FORTWO,-1,-1,0,-1
2024411477743,2024,411477743,2,9,0,-1,19,1,5,-1,0,0,0,0,7,0,1,1,-1,9,1,30,6,999,1,7,SMART FORTWO,8,E01000258,0,2
2024631490038,2024,631490038,2,9,0,-1,19,7,3,-1,0,1,5,0,0,0,1,1,-1,1,1,30,6,999,1,6,SMART FORTWO,7,E01023341,0,5
2024430495018,2024,430495018,1,9,0,18,19,6,2,0,0,4,0,0,0,0,1,1,6,6,3,32,6,999,1,15,SMART FORTWO,-1,-1,0,-1
2024451472199,2024,451472199,1,9,0,-1,19,2,6,-1,0,4,0,0,0,0,2,1,-1,9,1,61,9,999,1,10,SMART FORTWO,9,E01030666,0,2
2024471434037,2024,471434037,2,9,0,-1,19,7,3,-1,0,0,0,0,0,0,1,1,-1,6,1,45,7,999,1,13,SMART FORTWO,4,E01016882,0,1
2024010519293,2024,010519293,1,9,5,7,7,3,5,0,0,6,5,10,1,11,1,1,6,6,2,21,5,999,1,10,SMART FORTWO,2,E01001439,0,3
2024131532457,2024,131532457,1,9,0,-1,19,2,6,-1,0,0,0,0,0,0,1,1,-1,9,2,77,11,999,1,13,SMART FORTWO,7,E01011556,0,1
2024010542310,2024,010542310,1,9,0,99,99,9,9,99,99,9,9,99,9,99,9,9,6,6,1,43,7,999,1,11,SMART FORTWO,2,E01003190,0,1
2024421534116,2024,421534116,2,9,0,-1,10,5,1,-1,0,6,0,0,0,0,2,1,-1,9,2,54,8,999,1,10,SMART FORTWO,9,E01021945,0,2
2024461408640,2024,461408640,1,9,0,-1,19,5,1,-1,0,0,2,0,1,4,1,1,-1,9,2,28,6,898,1,5,SMART FORTWO,10,E01024819,0,2
2024501424576,2024,501424576,1,9,0,-1,19,7,3,-1,0,1,0,0,0,0,3,9,-1,2,1,29,6,999,1,7,SMART FORTWO,1,E01002034,0,5
2024371417487,2024,371417487,2,9,0,-1,19,3,7,-1,0,0,0,0,0,0,2,9,-1,2,1,54,8,799,2,15,SMART FORTWO,2,E01029969,0,3
202454D500124,2024,54D500124,3,9,0,18,19,2,6,0,0,0,0,0,0,0,1,1,1,1,1,73,10,999,1,14,SMART FORTWO,-1,-1,0,-1
2024340WN1662,2024,340WN1662,1,9,0,-1,9,5,3,-1,0,5,0,0,0,6,1,1,-1,6,1,61,9,898,1,6,SMART FORTWO,9,E01027018,0,1
2024010537214,2024,010537214,2,9,0,18,19,7,3,0,0,1,0,0,0,0,2,1,6,6,1,79,11,999,1,12,SMART FORTWO,4,E01000039,0,1
2024461442578,2024,461442578,2,9,0,-1,19,7,3,-1,0,6,0,0,0,0,1,9,-1,9,2,50,8,898,1,7,SMART FORTWO,4,E01024381,0,1
2024010520488,2024,010520488,1,9,0,5,5,0,7,0,0,6,0,0,0,0,1,2,6,6,1,67,10,-1,3,10,SMART FORTWO,10,E01035718,0,1
2024471507677,2024,471507677,1,9,0,-1,-1,-1,-1,-1,-1,-1,-1,-1,-1,0,-1,9,-1,6,2,52,8,999,1,14,SMART FORTWO,4,E01003348,0,4
2024010546579,2024,010546579,1,9,0,3,3,5,1,0,0,0,0,0,0,0,2,1,6,6,1,27,6,999,1,14,SMART FORTWO,5,E01001615,0,1
2024411545790,2024,411545790,1,9,0,-1,9,7,5,-1,0,1,0,0,0,0,1,1,-1,6,2,26,6,999,1,7,SMART FORTWO,7,E01023947,0,1
2024010503196,2024,010503196,1,9,0,18,19,5,1,0,0,8,0,0,0,0,1,1,2,2,1,35,6,898,1,7,SMART FORTWO,3,E01003081,0,2
2024161403058,2024,161403058,2,9,0,-1,2,0,0,-1,0,0,0,0,0,0,1,1,-1,6,-1,-1,-1,698,1,20,SMART FORTWO,-1,-1,0,-1
2024010502966,2024,010502966,2,9,0,99,99,9,9,99,99,9,9,99,9,99,1,9,6,6,1,51,8,999,1,12,SMART FORTWO,3,E01035498,0,1
2024201482534,2024,201482534,2,9,0,-1,3,5,7,-1,0,1,0,0,0,0,2,1,-1,6,1,54,8,999,1,15,SMART FORTWO,6,E01010157,0,1
2024361511472,2024,361511472,1,9,0,-1,2,0,0,-1,0,8,0,0,0,0,1,1,-1,9,2,72,10,799,2,14,SMART FORTWO,9,E01026857,0,1
2024461506096,2024,461506096,1,9,0,-1,19,5,1,-1,0,0,0,0,0,0,2,1,-1,9,1,32,6,898,1,9,SMART FORTWO,3,E01001493,0,4
2024010499444,2024,010499444,1,9,0,9,9,1,7,0,0,8,0,0,0,0,1,1,6,6,1,28,6,999,1,7,SMART FORTWO,5,E01004564,0,1
2024440118032,2024,440118032,2,9,0,4,4,7,3,0,0,1,0,0,0,0,1,1,6,6,1,-1,-1,799,2,15,SMART FORTWO,-1,-1,0,-1
2024421432634,2024,421432634,1,9,0,-1,19,7,3,-1,0,0,2,10,2,11,1,1,-1,6,1,71,10,999,1,15,SMART FORTWO,6,E01021875,0,1
2024221518928,2024,221518928,1,9,0,-1,19,6,2,-1,0,0,0,0,0,0,1,1,-1,6,2,65,9,698,1,17,SMART FORTWO,7,E01035064,0,1
2024471405692,2024,471405692,1,9,0,-1,19,6,2,-1,0,0,0,0,0,0,1,1,-1,6,2,73,10,999,1,10,SMART FORTWO,5,E01021213,0,3
2024010520410,2024,010520410,1,9,0,99,99,9,9,99,99,9,9,99,9,99,1,9,6,6,2,20,4,999,1,10,SMART FORTWO,5,E01002344,0,2
2024440439398,2024,440439398,1,9,0,10,10,3,1,0,0,6,0,0,2,11,1,1,6,6,1,89,11,999,1,8,SMART FORTWO,10,E01023160,0,1
2024010508931,2024,010508931,1,9,0,18,19,4,8,0,0,0,0,0,0,0,4,1,3,7,2,26,6,999,1,14,SMART FORTWO,5,E01002024,0,1
2024010531487,2024,010531487,1,9,0,18,19,7,3,0,0,8,0,0,0,0,3,1,1,1,1,55,8,999,1,10,SMART FORTWO,3,E01001326,0,2
2024991461377,2024,991461377,2,9,0,-1,2,0,0,-1,0,2,0,0,7,0,2,1,-1,6,-1,-1,-1,-1,3,3,SMART FORTWO,-1,-1,0,-1
2024201440236,2024,201440236,2,9,0,-1,9,6,4,-1,0,6,0,0,0,0,2,1,-1,9,1,53,8,999,1,8,SMART FORTWO,6,E01029645,0,1
2024211468430,2024,211468430,2,9,1,-1,10,1,7,-1,0,1,0,0,0,0,2,9,-1,6,1,27,6,999,1,6,SMART FORTWO,1,E01014224,0,3
2024201474094,2024,201474094,3,9,0,-1,19,3,7,-1,0,0,0,0,0,0,1,1,-1,9,2,18,4,999,1,6,SMART FORTWO,-1,-1,0,-1
2024010503457,2024,010503457,3,9,0,2,2,0,0,0,0,0,0,0,0,0,3,1,6,6,3,-1,-1,999,1,7,SMART FORTWO,-1,-1,0,-1
2024471485904,2024,471485904,1,9,0,-1,19,2,6,-1,0,0,0,0,0,0,1,1,-1,9,2,37,7,999,1,12,SMART FORTWO,9,E01021227,0,3
2024010539277,2024,010539277,1,9,0,18,19,7,3,0,0,1,0,0,0,0,3,1,6,6,1,43,7,999,1,11,SMART FORTWO,2,E01001828,0,1
2024522403431,2024,522403431,1,9,0,9,9,5,2,0,0,6,0,0,0,0,3,1,6,6,1,40,7,999,1,15,SMART FORTWO,3,E01014736,0,1
2024520500177,2024,520500177,1,9,0,18,19,2,7,0,0,1,0,0,0,0,1,1,6,6,1,27,6,799,2,14,SMART FORTWO,2,E01029095,0,1
2024010520879,2024,010520879,1,9,0,18,19,3,7,0,0,0,0,0,0,0,1,1,6,6,1,23,5,999,1,11,SMART FORTWO,1,E01001517,0,2
2024540352324,2024,540352324,2,9,0,18,19,5,1,0,0,1,0,0,0,0,1,1,6,6,1,65,9,999,1,5,SMART FORTWO,4,E01031895,0,1
2024520401721,2024,520401721,1,9,0,18,19,2,6,0,0,0,0,0,0,0,1,1,6,6,2,79,11,999,1,11,SMART FORTWO,6,E01032636,0,1
2024471420033,2024,471420033,2,9,0,-1,2,0,0,-1,0,0,0,0,0,0,2,1,-1,6,2,31,6,698,1,18,SMART FORTWO,6,E01021066,0,2
2024501449923,2024,501449923,2,9,0,-1,19,4,8,-1,0,1,0,0,0,0,3,9,-1,6,1,49,8,999,1,14,SMART FORTWO,7,E01020227,0,1
2024552401363,2024,552401363,2,9,0,4,4,4,8,0,0,0,0,0,0,0,2,1,6,6,2,70,10,999,1,12,SMART FORTWO,8,E01020458,0,1
2024010493500,2024,010493500,1,9,0,18,19,5,1,0,0,1,0,0,0,0,1,1,6,6,2,29,6,-1,3,2,SMART FORTWO,10,E01000896,0,2
2024631496882,2024,631496882,1,9,0,-1,19,3,7,-1,0,1,5,0,1,0,1,1,-1,2,1,51,8,698,1,19,SMART FORTWO,7,W01000623,0,3
2024201420185,2024,201420185,1,9,0,-1,5,1,8,-1,0,4,0,0,0,0,1,9,-1,6,1,42,7,799,2,13,SMART FORTWO,2,E01010446,0,3
2024421457807,2024,421457807,2,9,0,-1,19,1,5,-1,0,1,0,0,0,0,1,2,-1,9,2,26,6,-1,3,3,SMART FORTWO,6,E01004351,0,1
2024010539282,2024,010539282,2,9,0,99,99,9,9,99,99,9,9,99,9,99,9,9,6,6,1,48,8,999,1,17,SMART FORTWO,6,E01004046,0,1
2024201463276,2024,201463276,2,9,0,-1,19,2,6,-1,0,2,1,10,6,11,4,1,-1,6,1,44,7,999,1,16,SMART FORTWO,2,E01009971,0,2
2024461424717,2024,461424717,1,9,0,-1,5,5,1,-1,0,4,0,0,0,0,3,1,-1,2,1,37,7,999,1,14,SMART FORTWO,-1,-1,0,-1
2024411536282,2024,411536282,3,9,0,-1,3,3,5,-1,0,1,0,0,0,0,4,1,-1,2,1,23,5,999,1,15,SMART FORTWO,4,E01021847,0,1
2024010515106,2024,010515106,2,9,0,18,19,7,3,0,0,1,0,0,0,0,1,1,6,6,1,19,4,999,1,14,SMART FORTWO,2,E01002074,0,2
2024631480264,2024,631480264,1,9,0,-1,12,6,1,-1,0,0,1,0,0,0,1,1,-1,6,2,76,11,999,1,10,SMART FORTWO,3,W01000695,0,1
2024010544874,2024,010544874,1,9,0,99,99,9,9,99,99,9,9,99,9,99,2,9,6,6,2,32,6,999,1,14,SMART FORTWO,2,E01003047,0,1
2024471472538,2024,471472538,1,9,0,-1,9,7,5,-1,0,8,0,0,0,0,4,1,-1,2,1,65,9,999,1,16,SMART FORTWO,10,E01016983,0,1
2024401443939,2024,401443939,1,9,0,-1,7,4,7,-1,0,1,0,0,0,0,1,1,-1,6,2,52,8,898,1,9,SMART FORTWO,7,E01034424,0,1
2024371491964,2024,371491964,2,9,0,-1,19,5,1,-1,0,8,0,0,0,0,1,1,-1,9,2,49,8,999,1,9,SMART FORTWO,6,E01034574,0,3
2024501443394,2024,501443394,1,9,0,-1,19,5,1,-1,0,6,0,0,0,0,1,1,-1,6,1,84,11,999,1,7,SMART FORTWO,6,E01020152,0,1
2024131397962,2024,131397962,2,9,0,-1,19,5,1,-1,0,8,0,0,0,0,2,1,-1,9,1,40,7,999,1,14,SMART FORTWO,3,E01001834,0,5
2024070236936,2024,070236936,2,9,0,18,19,1,5,0,0,1,0,0,0,0,1,1,6,6,2,79,11,999,1,6,SMART FORTWO,10,E01007189,0,1
2024471450478,2024,471450478,1,9,0,-1,7,1,3,-1,0,2,0,0,0,0,3,1,-1,9,2,43,7,999,1,8,SMART FORTWO,6,E01017009,0,1
2024471442922,2024,471442922,1,9,0,-1,7,3,5,-1,0,8,0,0,0,0,1,1,-1,9,1,40,7,999,1,13,SMART FORTWO,4,E01031441,0,1
2024211485040,2024,211485040,1,9,0,-1,19,4,8,-1,0,1,0,0,0,0,1,1,-1,2,2,35,6,999,1,7,SMART FORTWO,2,E01018486,0,4
2024010533687,2024,010533687,1,9,0,18,19,1,5,0,0,1,0,0,0,0,3,1,6,6,1,42,7,999,1,16,SMART FORTWO,2,E01001505,0,2
2024161412535,2024,161412535,1,9,0,-1,13,5,1,-1,0,0,0,0,0,0,3,1,-1,6,2,88,11,999,1,9,SMART FORTWO,4,E01012830,0,1
2024411427249,2024,411427249,2,9,0,-1,19,8,4,-1,0,0,1,0,1,6,2,1,-1,2,1,43,7,999,1,8,SMART FORTWO,9,E01017566,0,3
2024451416937,2024,451416937,1,9,0,-1,5,1,5,-1,0,0,0,0,0,0,1,1,-1,2,1,65,9,898,1,8,SMART FORTWO,10,E01030511,0,1
2024411521663,2024,411521663,2,9,0,-1,4,1,5,-1,0,1,0,0,0,0,2,1,-1,6,2,24,5,999,1,7,SMART FORTWO,3,E01001491,0,3
2024320683275,2024,320683275,1,9,0,-1,-1,4,8,0,0,0,0,0,1,0,1,1,6,6,1,57,9,799,2,14,SMART FORTWO,4,E01012883,0,4
2024440303802,2024,440303802,1,9,0,18,19,1,4,0,0,2,0,0,0,4,1,1,6,6,1,78,11,999,1,7,SMART FORTWO,4,E01022542,0,1
2024440351897,2024,440351897,1,9,0,4,4,8,4,0,0,0,0,0,0,0,1,1,6,6,2,74,10,999,1,14,SMART FORTWO,4,E01017899,0,4
2024332400087,2024,332400087,1,9,0,-1,19,2,6,-1,0,8,0,0,0,0,3,1,-1,6,1,31,6,999,1,16,SMART FORTWO,3,E01013763,0,1
2024361458827,2024,361458827,1,9,0,-1,19,3,7,-1,0,8,5,9,0,0,4,1,-1,6,1,81,11,799,2,12,SMART FORTWO,4,E01026444,0,2
2024010543368,2024,010543368,2,9,0,18,19,5,1,0,0,0,0,0,0,0,1,1,6,6,1,26,6,999,1,13,SMART FORTWO,-1,-1,0,-1
2024411466304,2024,411466304,2,9,0,-1,4,8,4,-1,0,1,0,0,0,0,4,1,-1,9,1,76,11,698,1,17,SMART FORTWO,8,E01002109,0,1
2024421507073,2024,421507073,11,9,0,-1,2,0,0,-1,0,0,0,0,0,0,3,1,-1,6,3,-1,-1,999,1,5,SMART FORTWO,-1,-1,0,-1
2024552400535,2024,552400535,1,9,0,18,19,4,8,0,0,0,0,0,0,0,1,1,6,6,2,91,11,999,1,10,SMART FORTWO,10,E01020386,0,1
2024221495263,2024,221495263,1,9,0,-1,3,2,6,-1,0,1,0,0,0,0,2,9,-1,9,2,28,6,999,1,16,SMART FORTWO,6,E01031240,0,1
2024010537612,2024,010537612,1,9,0,5,5,9,9,99,99,9,9,99,9,99,1,9,6,6,2,52,8,999,1,8,SMART FORTWO,2,E01001877,0,1
2024451504146,2024,451504146,1,9,0,-1,19,3,7,-1,0,0,0,0,0,0,3,1,-1,9,2,47,8,999,1,13,SMART FORTWO,10,E01030314,0,1
2024302401224,2024,302401224,2,9,0,9,9,3,1,0,0,1,1,0,0,0,2,1,6,6,1,32,6,999,1,7,SMART FORTWO,3,E01002105,0,5
2024461529462,2024,461529462,1,9,0,-1,5,4,7,-1,9,5,0,0,3,0,3,1,-1,9,1,36,7,999,1,11,SMART FORTWO,1,E01024590,0,3
2024421416159,2024,421416159,1,9,0,-1,19,4,8,-1,0,0,0,0,0,0,1,1,-1,2,1,65,9,799,2,12,SMART FORTWO,10,E01021585,0,3
2024421505348,2024,421505348,2,9,0,-1,19,7,3,-1,0,0,0,0,0,0,3,9,-1,6,2,51,8,999,1,7,SMART FORTWO,5,E01023293,0,2
2024411532183,2024,411532183,1,9,0,-1,13,3,7,-1,0,0,0,0,7,0,1,1,-1,2,1,35,6,999,1,7,SMART FORTWO,6,E01000274,0,2
2024421406872,2024,421406872,1,9,0,-1,19,3,7,-1,0,0,0,0,0,0,1,1,-1,2,1,33,6,999,1,14,SMART FORTWO,4,E01015903,0,1
2024010523061,2024,010523061,1,9,0,5,5,5,1,0,0,1,0,0,0,0,3,1,1,1,1,25,5,999,1,10,SMART FORTWO,3,E01001970,0,1
2024548569924,2024,548569924,1,9,0,5,5,2,6,0,0,4,0,0,0,0,3,1,6,6,1,58,9,999,1,6,SMART FORTWO,8,E01034528,0,3
2024061513601,2024,061513601,1,9,0,-1,19,6,2,-1,0,0,0,0,0,0,1,1,-1,9,2,88,11,999,1,10,SMART FORTWO,9,E01005408,0,1
2024461492837,2024,461492837,1,9,0,-1,19,-1,-1,-1,0,0,0,0,0,0,1,9,-1,6,2,-1,-1,999,1,9,SMART FORTWO,2,E01003190,0,4
2024440374961,2024,440374961,2,9,0,3,3,4,8,0,0,1,0,0,0,0,2,1,6,6,2,34,6,799,2,14,SMART FORTWO,5,E01017029,0,4
2024010500172,2024,010500172,2,9,0,99,99,9,9,99,99,6,9,99,9,99,1,9,6,6,3,-1,-1,999,1,13,SMART FORTWO,-1,-1,0,-1
2024522401949,2024,522401949,1,9,0,18,19,1,5,0,0,0,0,4,0,0,1,1,6,6,1,47,8,698,1,18,SMART FORTWO,5,E01014973,0,1