collision_index,collision_year,collision_ref_no,vehicle_reference,vehicle_type,towing_and_articulation,vehicle_manoeuvre_historic,vehicle_manoeuvre,vehicle_direction_from,vehicle_direction_to,vehicle_location_restricted_lane_historic,vehicle_location_restricted_lane,junction_location,skidding_and_overturning,hit_object_in_carriageway,vehicle_leaving_carriageway,hit_object_off_carriageway,first_point_of_impact,vehicle_left_hand_drive,journey_purpose_of_driver_historic,journey_purpose_of_driver,sex_of_driver,age_of_driver,age_band_of_driver,engine_capacity_cc,propulsion_code,age_of_vehicle,generic_make_model,driver_imd_decile,lsoa_of_driver,escooter_flag,driver_distance_banding
2024010547149,2024,010547149,1,9,0,99,99,9,9,99,99,9,9,99,9,99,2,9,6,6,2,32,6,999,1,8,SMART FORTWO,5,E01023322,0,3
2024221488090,2024,221488090,2,9,0,-1,4,6,2,-1,0,0,0,0,0,0,1,1,-1,9,1,47,8,799,2,12,SMART FORTWO,10,E01031313,0,4
2024010498589,2024,010498589,2,9,0,99,99,9,9,99,99,9,9,99,9,99,1,9,6,6,3,-1,-1,999,1,8,SMART FORTWO,-1,-1,0,-1
2024552400150,2024,552400150,2,9,0,10,10,6,5,0,0,5,0,0,0,0,2,1,6,6,1,68,10,799,2,14,SMART FORTWO,5,E01015334,0,2
2024010541099,2024,010541099,4,9,0,18,19,7,3,0,0,0,0,0,0,0,2,1,6,6,1,27,6,999,1,16,SMART FORTWO,2,E01001625,0,2
2024440401110,2024,440401110,2,9,0,18,19,3,7,0,0,8,0,0,0,0,1,1,6,6,2,85,11,999,1,11,SMART FORTWO,5,E01017311,0,1
2024010506282,2024,010506282,2,9,0,99,99,9,9,99,99,9,9,99,9,99,9,9,6,6,3,-1,-1,898,1,6,SMART FORTWO,-1,-1,0,-1
2024421450032,2024,421450032,1,9,0,-1,19,5,1,-1,0,8,0,0,0,0,1,1,-1,6,2,31,6,999,1,7,SMART FORTWO,7,E01021797,0,2
2024231489544,2024,231489544,1,9,0,-1,6,2,2,-1,0,0,0,0,0,0,3,1,-1,1,1,27,6,799,2,15,SMART FORTWO,8,E01031272,0,3
2024361451719,2024,361451719,1,9,0,-1,5,5,7,-1,0,8,0,0,1,0,1,1,-1,2,1,50,8,999,1,16,SMART FORTWO,4,E01026804,0,1
2024010544630,2024,010544630,1,9,0,-1,-1,1,5,0,0,0,0,0,0,0,1,1,6,6,1,20,4,999,1,16,SMART FORTWO,3,E01004403,0,2
2024451479819,2024,451479819,1,9,0,-1,10,3,1,-1,0,1,0,0,0,0,2,9,-1,9,2,53,8,999,1,15,SMART FORTWO,7,E01034294,0,2
2024430469937,2024,430469937,1,9,0,7,7,6,8,0,0,3,0,0,0,0,1,1,6,6,2,-1,-1,999,1,11,SMART FORTWO,-1,-1,0,-1
2024411519265,2024,411519265,1,9,0,-1,13,1,5,-1,0,0,1,0,7,9,1,1,-1,6,1,36,7,999,1,8,SMART FORTWO,7,E01023579,0,1
2024320041482,2024,320041482,1,9,0,-1,-1,5,1,0,0,0,0,0,0,0,1,1,-1,-1,2,65,9,799,2,15,SMART FORTWO,1,E01026149,0,1
2024010502837,2024,010502837,1,9,0,99,99,9,9,99,99,9,9,99,9,99,9,9,6,6,1,33,6,999,1,12,SMART FORTWO,5,E01003632,0,2
2024221438682,2024,221438682,1,9,0,-1,12,7,3,-1,0,1,2,0,2,7,4,9,-1,6,2,38,7,999,1,14,SMART FORTWO,2,E01010506,0,4
2024430506166,2024,430506166,2,9,0,18,19,6,2,0,0,0,0,0,0,0,1,1,6,6,2,52,8,898,1,8,SMART FORTWO,9,E01017678,0,2
2024421478110,2024,421478110,2,9,0,-1,9,3,8,-1,0,8,0,0,0,0,4,1,-1,9,1,69,10,999,1,5,SMART FORTWO,3,E01034087,0,1
2024371431554,2024,371431554,3,9,0,-1,2,0,0,-1,0,0,0,4,0,0,3,1,-1,6,-1,-1,-1,999,1,8,SMART FORTWO,-1,-1,0,-1
2024351501522,2024,351501522,2,9,0,-1,19,7,3,-1,0,1,0,0,0,0,1,1,-1,6,1,71,10,799,2,15,SMART FORTWO,7,W01000447,0,5
2024471458056,2024,471458056,3,9,0,-1,19,3,7,-1,0,0,0,0,0,0,2,1,-1,9,2,47,8,898,1,5,SMART FORTWO,9,E01031670,0,2
2024340NN3832,2024,340NN3832,2,9,0,-1,3,5,1,-1,0,1,0,0,0,0,2,1,-1,9,1,54,8,999,1,17,SMART FORTWO,6,E01027051,0,2
2024451518797,2024,451518797,1,9,0,-1,19,3,7,-1,0,0,0,0,0,0,3,1,-1,2,1,76,11,898,1,5,SMART FORTWO,4,E01030337,0,1
2024010534650,2024,010534650,1,9,0,5,5,6,2,0,0,0,0,0,0,0,1,1,6,6,1,72,10,999,1,12,SMART FORTWO,10,E01001101,0,1
2024361417892,2024,361417892,1,9,0,-1,19,4,8,-1,0,0,0,0,1,4,1,1,-1,9,1,78,11,999,1,17,SMART FORTWO,6,E01026489,0,4
2024010550479,2024,010550479,2,9,0,99,99,9,9,99,99,2,9,99,9,99,9,9,6,6,3,21,5,-1,3,3,SMART FORTWO,5,E01000070,0,1
2024430148956,2024,430148956,2,9,0,18,19,3,7,0,0,1,5,0,0,0,1,1,6,6,1,61,9,999,1,14,SMART FORTWO,10,E01028810,0,1
2024010513433,2024,010513433,3,9,0,99,99,9,9,99,99,9,9,99,9,99,2,9,6,6,2,26,6,999,1,11,SMART FORTWO,3,E01017347,0,5
2024440320758,2024,440320758,2,9,0,18,19,2,6,0,0,0,1,0,0,0,1,1,6,6,1,24,5,999,1,16,SMART FORTWO,7,E01022477,0,4
202454D593124,2024,54D593124,1,9,0,5,5,1,5,0,0,4,0,0,0,0,4,1,6,6,2,57,9,999,1,16,SMART FORTWO,5,E01031936,0,2
2024522402619,2024,522402619,1,9,0,3,3,2,6,0,0,1,0,0,0,0,2,1,6,6,1,66,10,999,1,11,SMART FORTWO,5,E01014530,0,1
2024131563447,2024,131563447,1,9,0,-1,-1,-1,-1,-1,-1,8,-1,-1,-1,0,-1,1,-1,6,1,51,8,999,1,12,SMART FORTWO,1,E01011143,0,1
2024461398997,2024,461398997,1,9,0,-1,4,3,7,-1,0,0,0,0,0,0,1,1,-1,6,1,78,11,999,1,9,SMART FORTWO,5,E01024679,0,1
2024010498537,2024,010498537,3,9,0,9,9,1,7,0,0,1,0,0,0,0,1,1,6,6,1,25,5,898,1,8,SMART FORTWO,2,E01000030,0,3
2024010514530,2024,010514530,1,9,0,17,19,5,1,0,0,0,0,0,8,10,1,1,6,6,1,-1,-1,698,1,19,SMART FORTWO,-1,-1,0,-1
2024411475186,2024,411475186,2,9,0,-1,7,2,4,-1,0,8,0,0,0,0,1,1,-1,6,1,55,8,-1,3,3,SMART FORTWO,5,E01021833,0,2
2024141519581,2024,141519581,1,9,0,-1,9,7,3,-1,0,0,0,0,0,0,1,1,-1,9,2,63,9,898,1,6,SMART FORTWO,7,E01007818,0,1
2024010532925,2024,010532925,1,9,0,9,9,1,7,0,0,1,0,0,1,0,4,1,6,6,1,25,5,1199,1,7,VAUXHALL CROSSLAND,5,E01014633,0,5
2024111471057,2024,111471057,2,9,0,-1,19,8,4,-1,0,1,0,0,0,0,3,1,-1,6,2,40,7,1199,1,2,VAUXHALL CROSSLAND,10,E01020732,0,1
2024522401756,2024,522401756,1,9,0,18,19,1,5,0,0,0,0,0,0,0,1,1,6,6,2,53,8,1199,1,3,VAUXHALL CROSSLAND,1,E01014517,0,1
2024201471756,2024,201471756,1,9,0,-1,19,7,3,-1,0,0,0,0,0,0,1,1,-1,9,2,49,8,1199,1,3,VAUXHALL CROSSLAND,-1,-1,0,-1
2024010503337,2024,010503337,1,9,0,9,9,4,2,0,0,1,0,0,0,0,1,1,6,6,2,46,8,1199,1,2,VAUXHALL CROSSLAND,6,E01003261,0,1
2024451437168,2024,451437168,1,9,0,-1,19,1,5,-1,0,0,0,0,0,0,1,1,-1,9,1,77,11,1199,1,0,VAUXHALL CROSSLAND,7,E01028182,0,5
2024052400689,2024,052400689,1,9,0,5,5,3,7,0,0,0,0,0,0,0,1,1,2,2,2,31,6,1199,1,6,VAUXHALL CROSSLAND,2,E01012545,0,3
2024161441709,2024,161441709,1,9,0,-1,9,2,4,-1,0,2,0,0,0,0,3,1,-1,6,2,54,8,1199,1,5,VAUXHALL CROSSLAND,8,E01013102,0,2
2024351471124,2024,351471124,2,9,0,-1,2,2,6,-1,0,0,0,0,7,0,4,1,-1,6,-1,-1,-1,1199,1,4,VAUXHALL CROSSLAND,-1,-1,0,-1
2024131492402,2024,131492402,1,9,0,-1,2,0,0,-1,0,8,0,0,0,0,1,1,-1,7,2,39,7,1499,2,5,VAUXHALL CROSSLAND,3,E01011037,0,1
2024201527186,2024,201527186,1,9,0,-1,19,5,1,-1,0,8,0,10,0,0,4,1,-1,6,1,43,7,1199,1,4,VAUXHALL CROSSLAND,1,E01009951,0,2
2024622400350,2024,622400350,1,9,0,5,5,3,5,0,0,4,0,0,0,0,3,1,6,6,1,26,6,1199,1,3,VAUXHALL CROSSLAND,5,W01000871,0,4
2024101424743,2024,101424743,2,9,0,-1,2,5,1,-1,-1,2,0,0,0,0,2,1,-1,6,1,56,9,1199,1,3,VAUXHALL CROSSLAND,1,E01008438,0,1
2024411451969,2024,411451969,2,9,0,-1,19,-1,-1,-1,0,8,0,0,0,0,3,1,-1,6,2,48,8,1199,1,6,VAUXHALL CROSSLAND,4,E01023781,0,1
2024471531498,2024,471531498,1,9,0,-1,7,1,5,-1,0,6,0,0,0,0,1,1,-1,9,1,32,6,1199,1,3,VAUXHALL CROSSLAND,3,E01016926,0,2
2024122400249,2024,122400249,2,9,0,18,19,5,1,0,0,3,0,0,0,0,1,1,6,6,2,54,8,1199,1,3,VAUXHALL CROSSLAND,2,E01011298,0,2
2024201431741,2024,201431741,2,9,0,-1,15,1,5,-1,0,8,0,0,0,0,1,9,-1,9,1,49,8,1199,1,3,VAUXHALL CROSSLAND,6,E01010232,0,2
2024201455912,2024,201455912,1,9,0,-1,19,1,5,-1,0,8,0,0,0,0,1,9,-1,6,1,35,6,1199,1,3,VAUXHALL CROSSLAND,7,E01009558,0,4
2024332400719,2024,332400719,1,9,0,-1,19,8,3,-1,0,0,0,0,7,9,1,1,-1,9,2,72,10,1199,1,1,VAUXHALL CROSSLAND,6,E01025912,0,1
2024010549271,2024,010549271,4,9,0,2,2,0,0,0,0,0,0,0,0,0,2,1,6,6,3,-1,-1,1199,1,5,VAUXHALL CROSSLAND,-1,-1,0,-1
2024991426336,2024,991426336,2,9,0,-1,19,2,6,-1,0,0,0,0,0,0,3,1,-1,9,2,21,5,1199,1,3,VAUXHALL CROSSLAND,7,-1,0,1
2024052402326,2024,052402326,1,9,0,18,19,3,7,0,0,2,0,0,0,0,1,1,6,6,2,58,9,1199,1,5,VAUXHALL CROSSLAND,5,E01006491,0,1
2024471406240,2024,471406240,1,9,0,-1,19,1,5,-1,0,0,5,0,0,0,4,1,-1,6,1,61,9,1199,1,4,VAUXHALL CROSSLAND,4,E01021071,0,4
2024461528842,2024,461528842,2,9,0,-1,19,3,7,-1,0,0,0,0,0,0,2,1,-1,9,2,58,9,1199,1,5,VAUXHALL CROSSLAND,5,E01024283,0,2
2024361511516,2024,361511516,2,9,0,-1,19,3,7,-1,0,1,0,0,0,0,1,1,-1,6,2,67,10,1199,1,5,VAUXHALL CROSSLAND,6,E01026612,0,2
2024161487387,2024,161487387,2,9,0,-1,19,1,5,-1,0,2,0,0,8,10,4,1,-1,9,2,28,6,1199,1,7,VAUXHALL CROSSLAND,4,E01012800,0,1
2024471431488,2024,471431488,3,9,0,-1,2,0,0,-1,0,1,0,0,0,0,2,1,-1,6,-1,-1,-1,1199,1,3,VAUXHALL CROSSLAND,-1,-1,0,-1
2024101517606,2024,101517606,1,9,0,-1,19,3,7,-1,0,0,0,0,0,0,1,1,-1,1,1,25,5,1199,1,3,VAUXHALL CROSSLAND,-1,-1,0,-1
2024010528198,2024,010528198,1,9,0,9,9,1,6,0,0,8,0,0,0,0,3,1,6,6,1,37,7,1199,1,4,VAUXHALL CROSSLAND,10,E01004104,0,1
2024991405187,2024,991405187,2,9,0,-1,2,0,0,-1,0,1,0,0,0,0,4,1,-1,6,-1,-1,-1,1199,1,3,VAUXHALL CROSSLAND,-1,-1,0,-1
2024340WN2072,2024,340WN2072,1,9,0,-1,19,3,7,-1,0,8,0,0,0,0,1,1,-1,9,2,49,8,1199,1,0,VAUXHALL CROSSLAND,4,E01035430,0,3
202460Q090748,2024,60Q090748,1,9,0,5,5,6,8,0,0,6,0,0,0,0,1,1,6,6,2,37,7,1199,1,4,VAUXHALL CROSSLAND,-1,-1,0,-1
2024991512017,2024,991512017,2,9,0,-1,19,3,7,-1,0,1,0,0,0,0,1,1,-1,6,2,43,7,1199,1,1,VAUXHALL CROSSLAND,7,-1,0,1
2024052402603,2024,052402603,3,9,0,7,7,8,2,0,0,5,0,0,0,0,2,1,6,6,1,50,8,1199,1,1,VAUXHALL CROSSLAND,5,E01007288,0,2
2024991407744,2024,991407744,1,9,0,-1,19,5,1,-1,0,2,0,0,0,0,1,1,-1,9,2,54,8,1199,1,2,VAUXHALL CROSSLAND,2,-1,0,1
2024991438225,2024,991438225,2,9,0,-1,19,5,1,-1,0,8,0,0,0,0,1,1,-1,6,2,38,7,1199,1,4,VAUXHALL CROSSLAND,8,-1,0,3
2024440507601,2024,440507601,1,9,0,4,4,4,8,0,0,0,0,0,0,0,1,1,6,6,2,32,6,1199,1,6,VAUXHALL CROSSLAND,9,E01022643,0,1
2024041462850,2024,041462850,2,9,0,-1,2,0,0,-1,0,0,0,0,0,0,2,1,-1,6,-1,-1,-1,1199,1,4,VAUXHALL CROSSLAND,-1,-1,0,-1
2024340NN1922,2024,340NN1922,2,9,0,-1,3,5,1,-1,0,1,0,0,0,0,2,1,-1,6,2,63,9,1199,1,5,VAUXHALL CROSSLAND,9,E01017672,0,4
2024302401004,2024,302401004,1,9,0,6,6,5,5,0,0,8,0,0,0,0,3,1,6,6,2,52,8,1199,1,4,VAUXHALL CROSSLAND,8,E01019707,0,1
2024531499412,2024,531499412,4,9,0,-1,19,5,1,-1,0,0,0,0,0,0,1,9,-1,6,2,77,11,1199,1,5,VAUXHALL CROSSLAND,10,E01022433,0,1
2024311398537,2024,311398537,1,9,0,-1,19,1,5,-1,0,0,5,7,1,0,1,1,-1,6,1,47,8,1199,1,4,VAUXHALL CROSSLAND,6,E01028392,0,1
2024332400862,2024,332400862,1,9,0,-1,9,7,5,-1,0,5,0,0,0,0,1,1,-1,7,2,31,6,1199,1,4,VAUXHALL CROSSLAND,5,E01025999,0,1
2024311432365,2024,311432365,2,9,0,-1,3,1,5,-1,0,1,0,0,0,0,1,1,-1,9,2,51,8,1199,1,4,VAUXHALL CROSSLAND,1,E01027939,0,1
2024340WN1332,2024,340WN1332,2,9,0,-1,19,8,4,-1,0,1,1,0,0,0,1,1,-1,6,1,63,9,1199,1,2,VAUXHALL CROSSLAND,5,E01027017,0,1
2024440145078,2024,440145078,2,9,0,18,19,2,6,0,0,0,0,0,0,0,1,1,6,6,2,54,8,1199,1,4,VAUXHALL CROSSLAND,-1,-1,0,-1
2024991435236,2024,991435236,1,9,0,-1,9,6,4,-1,0,5,5,0,1,7,3,1,-1,9,1,33,6,1199,1,1,VAUXHALL CROSSLAND,-1,-1,0,-1
2024201504487,2024,201504487,2,9,0,-1,5,3,7,-1,0,6,0,0,0,0,1,9,-1,9,3,-1,-1,1199,1,4,VAUXHALL CROSSLAND,-1,-1,0,-1
2024430406783,2024,430406783,1,9,0,7,7,8,2,0,0,6,0,0,0,0,4,1,6,6,2,83,11,1199,1,3,VAUXHALL CROSSLAND,10,E01017847,0,2
2024010522395,2024,010522395,1,9,0,99,99,9,9,99,99,6,9,99,9,99,9,9,6,6,3,-1,-1,1199,1,4,VAUXHALL CROSSLAND,-1,-1,0,-1
2024501472766,2024,501472766,1,9,0,-1,19,8,4,-1,0,1,0,0,0,0,4,1,-1,9,2,77,11,1199,1,4,VAUXHALL CROSSLAND,3,E01019052,0,3
2024531404085,2024,531404085,3,9,0,-1,19,6,2,-1,0,0,0,0,0,0,1,1,-1,2,2,46,8,1199,1,3,VAUXHALL CROSSLAND,2,E01022160,0,1
2024610028624,2024,610028624,1,9,0,18,19,1,5,0,0,0,1,0,1,4,1,1,6,6,1,22,5,1199,1,2,VAUXHALL CROSSLAND,8,W01001583,0,1
2024991406966,2024,991406966,2,9,0,-1,19,3,7,-1,0,1,0,0,1,0,4,1,-1,2,1,51,8,1199,1,5,VAUXHALL CROSSLAND,8,-1,0,3
2024211520713,2024,211520713,2,9,0,-1,1,-1,-1,-1,-1,0,-1,-1,-1,0,-1,1,-1,6,1,26,6,1199,1,0,VAUXHALL CROSSLAND,2,E01014339,0,2
2024201484602,2024,201484602,2,9,0,-1,2,1,5,-1,0,8,0,0,0,0,3,1,-1,6,3,-1,-1,1499,2,5,VAUXHALL CROSSLAND,-1,-1,0,-1
2024010511488,2024,010511488,2,9,0,1,1,9,9,99,99,9,9,99,9,99,2,9,6,6,3,-1,-1,1199,1,1,VAUXHALL CROSSLAND,-1,-1,0,-1
2024471421895,2024,471421895,4,9,0,-1,19,3,7,-1,0,0,0,0,0,0,1,1,-1,2,1,49,8,1199,1,3,VAUXHALL CROSSLAND,5,E01034302,0,3
2024622400018,2024,622400018,1,9,0,18,19,6,2,0,0,0,0,4,0,0,1,1,6,6,2,83,11,1199,1,4,VAUXHALL CROSSLAND,8,W01001888,0,1
2024531533194,2024,531533194,1,9,0,-1,19,2,6,-1,0,0,5,0,2,4,4,1,-1,2,1,52,8,1499,2,3,VAUXHALL CROSSLAND,6,E01022210,0,4
2024010511677,2024,010511677,1,9,0,9,9,7,4,0,0,8,0,0,0,0,3,1,2,2,2,43,7,1199,1,5,VAUXHALL CROSSLAND,5,E01035598,0,2
2024461481635,2024,461481635,2,9,0,-1,19,3,7,-1,0,0,0,0,0,0,1,1,-1,9,2,67,10,1199,1,3,VAUXHALL CROSSLAND,5,E01024537,0,1
2024546178924,2024,546178924,1,9,0,4,4,2,6,0,0,1,0,0,0,0,2,1,6,6,2,73,10,1199,1,5,VAUXHALL CROSSLAND,10,E01032097,0,1
2024122400618,2024,122400618,2,9,0,18,19,7,3,0,0,1,0,0,0,0,1,1,6,6,2,57,9,1499,2,2,VAUXHALL CROSSLAND,8,E01034966,0,1
2024010519941,2024,010519941,2,9,0,99,99,9,9,99,99,9,9,99,9,99,1,9,6,6,3,-1,-1,1199,1,0,VAUXHALL CROSSLAND,-1,-1,0,-1
2024052402194,2024,052402194,1,9,0,18,19,5,1,0,0,3,0,0,0,0,1,1,6,6,1,78,11,1199,1,2,VAUXHALL CROSSLAND,2,E01007091,0,1
2024041536063,2024,041536063,2,9,0,-1,19,5,1,-1,0,1,0,0,0,0,1,1,-1,2,2,54,8,1199,1,7,VAUXHALL CROSSLAND,1,E01012678,0,1
2024461516638,2024,461516638,1,9,0,-1,19,5,1,-1,0,0,0,0,0,0,1,9,-1,6,1,76,11,1499,2,2,VAUXHALL CROSSLAND,4,E01024226,0,1
2024332401083,2024,332401083,2,9,0,-1,19,4,7,-1,0,0,1,0,0,0,1,1,-1,9,1,22,5,1199,1,3,VAUXHALL CROSSLAND,8,E01025951,0,2
2024052401179,2024,052401179,1,9,0,5,5,6,2,0,0,0,0,0,0,0,1,1,6,6,2,39,7,1199,1,5,VAUXHALL CROSSLAND,1,E01006664,0,1
2024991443243,2024,991443243,1,9,0,-1,11,6,1,-1,0,1,0,0,0,0,2,1,-1,6,1,68,10,1199,1,6,VAUXHALL CROSSLAND,3,-1,0,1
2024131469497,2024,131469497,2,9,0,-1,19,5,1,-1,0,0,0,0,0,0,1,1,-1,6,2,34,6,1199,1,2,VAUXHALL CROSSLAND,9,E01010642,0,1
2024052400057,2024,052400057,1,8,0,18,19,7,3,0,0,4,0,0,0,0,1,1,6,6,1,22,5,1199,1,4,VAUXHALL CROSSLAND,6,E01033756,0,2
2024421428040,2024,421428040,1,9,0,-1,19,7,3,-1,0,0,0,0,0,0,1,1,-1,9,1,86,11,1199,1,5,VAUXHALL CROSSLAND,6,E01023762,0,4
2024201461028,2024,201461028,2,9,0,-1,3,2,6,-1,0,0,0,0,0,0,2,1,-1,6,2,31,6,1199,1,4,VAUXHALL CROSSLAND,1,E01010269,0,1
2024061417551,2024,061417551,1,9,0,-1,19,4,8,-1,0,0,0,0,0,0,1,9,-1,6,3,-1,-1,1199,1,5,VAUXHALL CROSSLAND,-1,-1,0,-1
2024052402677,2024,052402677,2,9,0,5,5,4,8,0,0,8,0,0,0,0,3,1,6,6,1,28,6,1199,1,4,VAUXHALL CROSSLAND,1,E01034834,0,2
2024070628945,2024,070628945,2,9,0,4,4,1,5,0,0,1,0,0,0,0,1,1,3,7,2,31,6,1199,1,2,VAUXHALL CROSSLAND,2,E01018523,0,1
2024371398646,2024,371398646,1,9,0,-1,19,7,3,-1,0,0,0,0,0,0,1,1,-1,6,1,38,7,1199,1,3,VAUXHALL CROSSLAND,3,E01030255,0,1
2024101536149,2024,101536149,1,9,0,-1,19,5,1,-1,0,1,0,0,0,0,1,1,-1,2,2,37,7,1199,1,6,VAUXHALL CROSSLAND,2,E01008537,0,2
2024421460398,2024,421460398,1,9,0,-1,19,2,7,-1,0,4,0,0,0,0,3,1,-1,9,2,56,9,1199,1,1,VAUXHALL CROSSLAND,8,E01021719,0,1
2024311537422,2024,311537422,1,9,0,-1,19,1,5,-1,0,0,0,0,0,0,4,1,-1,6,2,70,10,1199,1,0,VAUXHALL CROSSLAND,2,E01019826,0,3
2024161422482,2024,161422482,1,9,0,-1,5,3,7,-1,0,0,0,7,1,11,1,1,-1,9,1,88,11,1199,1,2,VAUXHALL CROSSLAND,9,E01013260,0,1
2024201538845,2024,201538845,2,9,0,-1,3,7,3,-1,0,1,0,0,0,0,3,9,-1,6,2,39,7,1499,2,2,VAUXHALL CROSSLAND,1,E01010369,0,1
2024010542980,2024,010542980,1,9,3,4,4,5,1,1,1,5,0,0,0,0,2,1,6,6,1,26,6,1199,1,4,VAUXHALL CROSSLAND,2,E01004014,0,1
2024311459523,2024,311459523,1,9,0,-1,4,5,1,-1,0,0,1,0,1,0,1,1,-1,9,1,65,9,1199,1,6,VAUXHALL CROSSLAND,10,E01026413,0,4
2024052401072,2024,052401072,1,9,0,4,4,3,7,0,0,8,0,0,0,0,1,1,6,6,2,61,9,1199,1,2,VAUXHALL CROSSLAND,1,E01006919,0,1
2024332400313,2024,332400313,1,9,0,-1,19,5,1,-1,0,0,0,0,0,0,4,1,-1,9,2,39,7,1199,1,6,VAUXHALL CROSSLAND,1,E01013688,0,1
2024122500044,2024,122500044,1,9,0,18,19,3,7,0,0,2,0,0,0,0,1,1,1,1,1,52,8,1499,2,2,VAUXHALL CROSSLAND,3,E01027512,0,5
2024991481624,2024,991481624,1,9,0,-1,5,2,8,-1,0,6,0,0,0,0,1,1,-1,9,1,71,10,1199,1,4,VAUXHALL CROSSLAND,5,-1,0,1
2024440121945,2024,440121945,1,9,0,9,9,5,3,0,0,8,0,4,0,0,1,1,2,2,1,28,6,1199,1,4,VAUXHALL CROSSLAND,-1,-1,0,-1
2024451435116,2024,451435116,1,9,0,-1,19,3,8,-1,0,0,1,0,0,0,1,9,-1,6,1,60,9,1199,1,2,VAUXHALL CROSSLAND,6,E01030938,0,2
2024201499118,2024,201499118,1,9,0,-1,19,6,2,-1,0,8,0,0,0,0,2,1,-1,6,1,82,11,1199,1,4,VAUXHALL CROSSLAND,4,E01010015,0,1
2024451450139,2024,451450139,1,9,0,-1,19,7,3,-1,0,1,0,0,0,0,1,1,-1,9,2,67,10,1199,1,2,VAUXHALL CROSSLAND,10,E01030435,0,2
2024201478449,2024,201478449,1,9,0,-1,5,7,3,-1,0,1,0,0,0,0,2,1,-1,9,2,75,10,1199,1,4,VAUXHALL CROSSLAND,3,E01010020,0,1
2024161444061,2024,161444061,2,9,0,-1,19,1,5,-1,0,8,0,7,0,0,1,1,-1,2,2,38,7,1199,1,1,VAUXHALL CROSSLAND,8,E01013011,0,3
2024631454683,2024,631454683,3,9,0,-1,7,4,6,-1,0,6,0,0,0,0,0,1,-1,2,2,62,9,1199,1,5,VAUXHALL CROSSLAND,8,W01000691,0,1
2024061461288,2024,061461288,1,9,0,-1,4,2,1,-1,0,1,0,0,0,0,1,1,-1,1,1,28,6,1199,1,6,VAUXHALL CROSSLAND,-1,-1,0,-1
2024461419762,2024,461419762,2,9,0,-1,2,0,0,-1,9,0,0,0,0,0,1,1,-1,6,-1,-1,-1,1199,1,5,VAUXHALL CROSSLAND,-1,-1,0,-1
2024010535099,2024,010535099,2,9,9,99,99,9,9,99,99,9,9,99,9,99,9,9,6,6,3,-1,-1,1199,1,4,VAUXHALL CROSSLAND,-1,-1,0,-1
2024101498324,2024,101498324,2,9,0,-1,19,3,7,-1,0,8,0,0,0,0,1,1,-1,9,2,65,9,1199,1,4,VAUXHALL CROSSLAND,8,E01027504,0,2
202417L208924,2024,17L208924,1,9,0,-1,19,8,4,-1,0,8,0,0,0,0,3,1,-1,9,2,55,8,1560,2,6,VAUXHALL CROSSLAND,-1,-1,0,-1
2024440130527,2024,440130527,1,9,0,3,3,3,7,0,0,0,0,0,0,0,2,1,6,6,1,29,6,1199,1,3,VAUXHALL CROSSLAND,10,E01034725,0,1
2024010500093,2024,010500093,2,9,0,99,99,9,9,99,99,9,9,99,9,99,1,9,6,6,3,-1,-1,1199,1,3,VAUXHALL CROSSLAND,-1,-1,0,-1
2024231465692,2024,231465692,1,9,0,-1,19,4,8,-1,0,8,0,0,0,0,4,9,-1,6,2,47,8,1199,1,2,VAUXHALL CROSSLAND,2,E01031092,0,1
2024041442933,2024,041442933,1,9,0,-1,19,5,1,-1,0,1,0,0,0,0,1,1,-1,6,2,52,8,1199,1,3,VAUXHALL CROSSLAND,6,E01025418,0,1
2024131438521,2024,131438521,1,9,0,-1,7,3,5,-1,0,1,0,0,0,0,3,1,-1,9,1,60,9,1560,2,7,VAUXHALL CROSSLAND,4,E01011933,0,1
2024401522116,2024,401522116,2,9,0,-1,19,5,1,-1,0,0,0,0,0,0,1,1,-1,6,2,62,9,1199,1,5,VAUXHALL CROSSLAND,5,E01015777,0,1
2024101465604,2024,101465604,2,9,0,-1,9,3,5,-1,0,0,0,0,0,0,4,1,-1,9,1,66,10,1199,1,3,VAUXHALL CROSSLAND,10,E01008311,0,1
2024131510421,2024,131510421,2,9,0,-1,19,1,5,-1,0,0,0,0,0,0,2,1,-1,2,2,49,8,1199,1,4,VAUXHALL CROSSLAND,7,E01011119,0,2
2024351547792,2024,351547792,2,9,0,-1,19,2,6,-1,0,0,2,0,7,9,1,1,-1,6,1,62,9,1199,1,3,VAUXHALL CROSSLAND,8,E01029890,0,4
2024161426560,2024,161426560,3,9,0,-1,19,3,7,-1,0,2,0,0,0,0,2,1,-1,6,1,66,10,1199,1,2,VAUXHALL CROSSLAND,6,E01007666,0,4
2024031447548,2024,031447548,1,9,0,-1,19,3,7,-1,0,1,0,0,0,0,1,1,-1,9,1,49,8,1199,1,2,VAUXHALL CROSSLAND,2,E01008377,0,4
202454C718924,2024,54C718924,2,9,0,18,19,1,5,0,0,1,0,0,0,0,3,1,6,6,2,32,6,1499,2,4,VAUXHALL CROSSLAND,5,E01031898,0,2
2024421445428,2024,421445428,2,9,0,-1,19,7,3,-1,0,0,0,0,0,0,2,1,-1,6,1,45,7,1199,1,0,VAUXHALL CROSSLAND,-1,-1,0,-1