collision_index,collision_year,collision_ref_no,vehicle_reference,vehicle_type,towing_and_articulation,vehicle_manoeuvre_historic,vehicle_manoeuvre,vehicle_direction_from,vehicle_direction_to,vehicle_location_restricted_lane_historic,vehicle_location_restricted_lane,junction_location,skidding_and_overturning,hit_object_in_carriageway,vehicle_leaving_carriageway,hit_object_off_carriageway,first_point_of_impact,vehicle_left_hand_drive,journey_purpose_of_driver_historic,journey_purpose_of_driver,sex_of_driver,age_of_driver,age_band_of_driver,engine_capacity_cc,propulsion_code,age_of_vehicle,generic_make_model,driver_imd_decile,lsoa_of_driver,escooter_flag,driver_distance_banding
2024991461079,2024,991461079,1,9,0,-1,19,7,3,-1,0,0,0,0,0,0,2,1,-1,9,1,39,7,1199,1,1,VAUXHALL CROSSLAND,1,-1,0,3
2024461405723,2024,461405723,2,9,0,-1,19,1,5,-1,0,1,0,0,0,0,1,1,-1,6,1,32,6,1199,1,4,VAUXHALL CROSSLAND,8,E01032819,0,2
2024111530248,2024,111530248,2,9,0,-1,19,3,7,-1,0,0,0,0,0,0,1,1,-1,6,1,60,9,1199,1,3,VAUXHALL CROSSLAND,3,E01008831,0,4
2024111400446,2024,111400446,2,9,0,-1,19,5,1,-1,0,0,0,0,0,0,1,1,-1,6,2,69,10,1199,1,2,VAUXHALL CROSSLAND,2,E01008769,0,1
2024052402720,2024,052402720,1,9,0,5,5,4,8,0,0,4,0,0,0,0,1,1,6,6,2,28,6,1199,1,4,VAUXHALL CROSSLAND,1,E01006448,0,2
2024201519942,2024,201519942,1,9,0,-1,4,1,5,-1,0,0,1,0,0,0,1,1,-1,1,1,54,8,1199,1,4,VAUXHALL CROSSLAND,1,E01009021,0,1
2024401402601,2024,401402601,2,9,0,-1,19,3,7,-1,0,0,0,0,0,0,3,1,-1,6,1,66,10,1199,1,4,VAUXHALL CROSSLAND,10,E01017402,0,2
2024010539115,2024,010539115,1,9,0,8,8,3,5,0,0,1,0,0,0,0,3,1,6,6,1,78,11,1199,1,4,VAUXHALL CROSSLAND,9,E01015403,0,5
2024991529001,2024,991529001,2,9,0,-1,2,0,0,-1,0,0,0,0,0,0,2,1,-1,6,-1,-1,-1,1199,1,6,VAUXHALL CROSSLAND,-1,-1,0,-1
2024991456520,2024,991456520,2,9,0,-1,19,3,7,-1,0,1,0,0,0,0,1,1,-1,9,2,36,7,1199,1,5,VAUXHALL CROSSLAND,1,-1,0,1
2024101398714,2024,101398714,3,9,0,-1,2,4,4,-1,0,2,0,0,0,0,1,1,-1,6,-1,-1,-1,1560,2,6,VAUXHALL CROSSLAND,-1,-1,0,-1
2024991455046,2024,991455046,2,9,0,-1,19,4,1,-1,0,0,1,11,1,0,3,1,-1,9,2,31,6,1199,1,5,VAUXHALL CROSSLAND,8,-1,0,4
2024320020037,2024,320020037,2,9,0,2,2,0,0,0,0,0,0,0,0,0,2,1,6,6,3,-1,-1,1199,1,3,VAUXHALL CROSSLAND,-1,-1,0,-1
2024361420712,2024,361420712,2,9,0,-1,9,7,5,-1,0,0,0,0,7,0,3,9,-1,6,1,62,9,1199,1,3,VAUXHALL CROSSLAND,6,E01026649,0,3
2024010525468,2024,010525468,2,9,0,2,2,0,0,0,0,1,0,0,0,0,1,1,6,6,3,-1,-1,1199,1,1,VAUXHALL CROSSLAND,-1,-1,0,-1
202454C362524,2024,54C362524,1,9,0,18,19,4,8,0,0,1,0,0,0,0,1,1,6,6,1,-1,-1,1199,1,2,VAUXHALL CROSSLAND,-1,-1,0,-1
2024531464074,2024,531464074,1,9,0,-1,19,7,3,-1,0,1,0,0,0,0,1,1,-1,2,1,31,6,1199,1,6,VAUXHALL CROSSLAND,5,E01022258,0,1
2024041466034,2024,041466034,1,9,0,-1,19,3,1,-1,0,1,0,0,0,0,1,1,-1,9,2,31,6,1199,1,4,VAUXHALL CROSSLAND,1,E01025120,0,4
2024461402833,2024,461402833,2,9,0,-1,3,5,4,-1,0,0,0,0,0,0,2,9,-1,6,1,43,7,1199,1,7,VAUXHALL CROSSLAND,2,E01024648,0,1
2024101421549,2024,101421549,1,9,0,-1,19,7,3,-1,0,2,0,0,0,0,4,1,-1,9,1,52,8,1199,1,3,VAUXHALL CROSSLAND,2,E01008242,0,1
2024631538047,2024,631538047,1,9,0,-1,19,4,8,-1,0,0,5,0,8,3,1,1,-1,6,2,72,10,1199,1,1,VAUXHALL CROSSLAND,6,W01000584,0,1
2024010508677,2024,010508677,1,9,0,4,4,5,1,0,0,1,0,0,0,0,2,1,6,6,1,58,9,1199,1,3,VAUXHALL CROSSLAND,4,E01030304,0,3
2024010513657,2024,010513657,2,9,0,99,99,9,9,99,99,9,9,99,9,99,1,9,6,6,2,-1,-1,1199,1,4,VAUXHALL CROSSLAND,-1,-1,0,-1
2024311478585,2024,311478585,1,9,0,-1,1,0,1,-1,0,1,0,0,0,0,2,1,-1,9,2,61,9,1199,1,3,VAUXHALL CROSSLAND,1,E01013812,0,1
2024340NN3592,2024,340NN3592,2,9,0,-1,2,0,0,-1,0,0,0,0,0,0,2,1,-1,6,3,-1,-1,1199,1,2,VAUXHALL CROSSLAND,-1,-1,0,-1
2024061409810,2024,061409810,2,9,0,-1,19,5,1,-1,0,0,0,0,0,0,1,1,-1,9,2,52,8,1199,1,7,VAUXHALL CROSSLAND,2,E01005030,0,2
2024161510082,2024,161510082,1,9,0,-1,19,3,7,-1,0,0,0,0,0,0,1,2,-1,6,2,44,7,1199,1,4,VAUXHALL CROSSLAND,1,E01012788,0,1
2024401397079,2024,401397079,1,9,0,-1,5,3,7,-1,0,4,0,0,0,0,1,9,-1,9,1,77,11,1199,1,4,VAUXHALL CROSSLAND,9,E01015708,0,3
2024440302537,2024,440302537,2,9,0,18,19,2,6,0,0,8,0,0,0,0,1,1,6,6,2,48,8,1199,1,7,VAUXHALL CROSSLAND,10,E01030903,0,1
2024221435166,2024,221435166,2,9,0,-1,4,8,4,-1,0,1,0,0,0,0,1,1,-1,6,2,65,9,1199,1,5,VAUXHALL CROSSLAND,7,E01032124,0,1
2024501471852,2024,501471852,2,9,0,-1,3,2,7,-1,0,1,0,0,0,0,2,1,-1,9,1,73,10,1199,1,3,VAUXHALL CROSSLAND,6,E01020160,0,1
2024549618024,2024,549618024,2,9,0,18,19,1,5,0,0,1,0,0,0,0,1,1,6,6,2,50,8,1560,2,7,VAUXHALL CROSSLAND,8,E01015556,0,1
2024522401363,2024,522401363,1,9,0,9,9,3,1,0,0,5,0,0,0,0,4,1,6,6,1,29,6,1199,1,3,VAUXHALL CROSSLAND,7,E01014734,0,2
2024340WN0692,2024,340WN0692,2,9,0,-1,19,5,1,-1,0,0,1,0,0,0,1,1,-1,9,1,52,8,1199,1,1,VAUXHALL CROSSLAND,9,E01027018,0,1
2024440364897,2024,440364897,1,9,0,18,19,3,7,0,0,0,0,0,0,0,2,1,6,6,1,66,10,1199,1,0,VAUXHALL CROSSLAND,8,E01016274,0,4
2024461523811,2024,461523811,2,9,0,-1,19,7,3,-1,0,8,0,0,0,0,1,1,-1,9,1,51,8,1199,1,4,VAUXHALL CROSSLAND,9,E01002271,0,3
2024991493469,2024,991493469,2,9,0,-1,11,8,4,-1,0,4,0,0,0,0,1,1,-1,6,1,52,8,1199,1,6,VAUXHALL CROSSLAND,-1,-1,0,-1
2024471507747,2024,471507747,1,9,0,-1,19,6,2,-1,0,0,0,4,0,0,3,1,-1,6,1,64,9,1199,1,3,VAUXHALL CROSSLAND,1,E01020993,0,1
2024371511622,2024,371511622,1,9,0,-1,4,7,3,-1,0,0,1,0,0,0,1,1,-1,9,1,65,9,1199,1,3,VAUXHALL CROSSLAND,8,E01033452,0,2
2024461415942,2024,461415942,2,9,0,-1,19,1,5,-1,0,8,0,0,0,0,1,1,-1,9,2,43,7,1199,1,5,VAUXHALL CROSSLAND,9,E01021158,0,2
2024010532138,2024,010532138,2,9,0,18,19,3,7,0,0,4,0,0,0,0,1,1,6,6,1,86,11,1199,1,4,VAUXHALL CROSSLAND,-1,-1,0,-1
2024010529279,2024,010529279,2,9,0,8,8,8,2,0,0,0,0,0,0,0,2,1,6,6,1,26,6,1199,1,4,VAUXHALL CROSSLAND,2,E01004014,0,1
2024101511730,2024,101511730,2,9,0,-1,19,3,7,-1,0,2,0,0,0,0,3,1,-1,9,2,42,7,1199,1,4,VAUXHALL CROSSLAND,2,E01008334,0,1
2024141512564,2024,141512564,1,9,0,-1,9,1,7,-1,0,1,0,0,0,0,4,1,-1,7,2,34,6,1199,1,2,VAUXHALL CROSSLAND,7,E01007671,0,1
2024052402667,2024,052402667,1,9,0,18,19,1,5,0,0,0,0,0,0,0,1,1,6,6,2,54,8,1199,1,5,VAUXHALL CROSSLAND,4,E01007115,0,1
2024070442128,2024,070442128,1,9,0,7,7,2,4,0,0,6,0,0,0,0,3,1,6,6,1,72,10,1199,1,1,VAUXHALL CROSSLAND,10,E01018325,0,1
2024211407117,2024,211407117,1,9,0,-1,5,7,3,-1,0,0,0,0,0,0,1,1,-1,1,2,34,6,1199,1,4,VAUXHALL CROSSLAND,4,E01029638,0,1
2024010546201,2024,010546201,1,9,0,4,4,2,6,0,0,1,0,0,0,0,1,1,6,6,1,53,8,1199,1,2,VAUXHALL CROSSLAND,3,E01035695,0,1
2024610024524,2024,610024524,2,9,0,4,4,5,1,0,0,2,0,0,0,0,1,1,6,6,1,79,11,1199,1,2,VAUXHALL CROSSLAND,4,W01001337,0,2
2024351440122,2024,351440122,1,9,0,-1,3,-1,-1,-1,0,0,0,0,0,0,4,1,-1,6,2,44,7,1199,1,4,VAUXHALL CROSSLAND,4,E01018095,0,1
2024201461858,2024,201461858,2,9,0,-1,19,6,2,-1,0,0,0,0,0,0,1,1,-1,6,1,21,5,1199,1,3,VAUXHALL CROSSLAND,1,E01009192,0,1
2024161423095,2024,161423095,1,9,0,-1,9,3,1,-1,0,0,0,0,0,0,1,9,-1,6,1,81,11,1199,1,2,VAUXHALL CROSSLAND,7,E01012942,0,1
2024461419868,2024,461419868,1,9,0,-1,19,1,5,-1,0,0,0,0,0,0,1,1,-1,6,1,86,11,1199,1,0,VAUXHALL CROSSLAND,2,E01024083,0,1
2024221497623,2024,221497623,1,9,0,-1,19,3,7,-1,0,0,0,10,8,11,1,1,-1,9,2,80,11,1199,1,2,VAUXHALL CROSSLAND,5,E01014045,0,1
2024041494966,2024,041494966,2,9,0,-1,19,1,5,-1,0,8,1,0,0,0,1,1,-1,9,2,37,7,1199,1,4,VAUXHALL CROSSLAND,8,E01034347,0,1
2024311455819,2024,311455819,1,9,0,-1,19,5,2,-1,0,0,0,0,1,0,1,1,-1,6,1,36,7,1199,1,2,VAUXHALL CROSSLAND,2,E01013829,0,4
2024991451231,2024,991451231,1,9,0,-1,2,6,2,-1,-1,0,0,0,0,0,0,1,-1,6,2,43,7,1199,1,5,VAUXHALL CROSSLAND,4,-1,0,3
2024361413346,2024,361413346,3,9,0,-1,19,3,7,-1,0,2,0,0,0,0,1,9,-1,6,2,41,7,1199,1,2,VAUXHALL CROSSLAND,-1,-1,0,-1
2024991494192,2024,991494192,1,9,0,-1,19,1,7,-1,0,3,0,1,0,0,2,1,-1,6,3,40,7,1199,1,4,VAUXHALL CROSSLAND,-1,-1,0,-1
2024031503030,2024,031503030,1,9,0,-1,19,5,1,-1,0,1,0,0,0,0,1,1,-1,9,2,58,9,1199,1,2,VAUXHALL CROSSLAND,-1,-1,0,-1
2024010519098,2024,010519098,2,9,0,99,99,9,9,99,99,9,9,99,9,99,1,9,6,6,3,-1,-1,1199,1,7,VAUXHALL CROSSLAND,-1,-1,0,-1
2024010540149,2024,010540149,2,9,0,9,9,7,4,0,0,1,0,0,0,0,4,1,2,2,2,38,7,1199,1,1,VAUXHALL CROSSLAND,2,E01003060,0,1
2024201413503,2024,201413503,1,9,0,-1,9,7,5,-1,0,5,0,0,0,0,1,9,-1,6,1,48,8,1499,2,2,VAUXHALL CROSSLAND,1,E01009122,0,1
2024061483702,2024,061483702,1,9,0,-1,7,6,8,-1,0,8,0,0,0,0,4,2,-1,9,1,21,5,1199,1,3,VAUXHALL CROSSLAND,2,E01003604,0,5
2024070416180,2024,070416180,3,9,0,4,4,3,7,0,0,0,0,0,0,0,2,1,3,7,2,42,7,1199,1,6,VAUXHALL CROSSLAND,2,E01018730,0,2
2024552400093,2024,552400093,1,9,0,18,19,6,2,0,0,4,0,0,0,0,1,1,6,6,1,65,9,1199,1,1,VAUXHALL CROSSLAND,5,E01015421,0,1
202417L101724,2024,17L101724,1,9,0,18,19,8,4,0,0,4,0,0,0,0,1,1,6,6,1,56,9,1199,1,3,VAUXHALL CROSSLAND,8,E01012163,0,1
2024070515230,2024,070515230,2,9,0,18,19,8,4,0,0,6,0,0,0,0,1,1,6,6,1,83,11,1199,1,5,VAUXHALL CROSSLAND,6,E01018654,0,1
2024010502379,2024,010502379,2,9,0,18,19,6,2,0,0,1,0,4,0,0,1,1,6,6,2,77,11,1199,1,2,VAUXHALL CROSSLAND,8,E01004472,0,1
2024101448328,2024,101448328,1,9,0,-1,19,6,2,-1,0,8,0,0,0,0,1,1,-1,6,1,54,8,1199,1,4,VAUXHALL CROSSLAND,2,E01008641,0,1
2024631466593,2024,631466593,1,9,0,-1,19,1,5,-1,0,0,0,0,0,0,4,1,-1,9,2,66,10,1199,1,0,VAUXHALL CROSSLAND,6,W01000489,0,1
2024351429167,2024,351429167,1,9,0,-1,19,1,4,-1,0,2,0,0,7,10,1,1,-1,6,1,81,11,1199,1,1,VAUXHALL CROSSLAND,9,E01026334,0,2
2024451461431,2024,451461431,2,9,0,-1,19,7,3,-1,0,0,0,0,0,0,2,1,-1,6,2,53,8,1199,1,3,VAUXHALL CROSSLAND,10,E01030898,0,3
2024201456095,2024,201456095,1,9,0,-1,19,6,6,-1,0,1,0,0,0,0,4,9,-1,2,2,31,6,1199,1,5,VAUXHALL CROSSLAND,8,E01009812,0,3
2024161485146,2024,161485146,2,9,0,-1,19,4,8,-1,0,1,0,0,0,0,1,1,-1,6,1,85,11,1199,1,0,VAUXHALL CROSSLAND,10,E01012921,0,2
2024991514690,2024,991514690,3,9,0,-1,2,0,0,-1,0,0,0,0,0,0,2,1,-1,6,-1,-1,-1,1199,1,4,VAUXHALL CROSSLAND,-1,-1,0,-1
2024451416566,2024,451416566,2,9,0,-1,19,1,5,-1,0,1,0,0,0,0,2,1,-1,9,2,36,7,1199,1,4,VAUXHALL CROSSLAND,3,E01030711,0,1
202454A078324,2024,54A078324,2,9,0,18,19,4,8,0,0,0,0,0,0,0,2,1,2,2,1,37,7,1199,1,2,VAUXHALL CROSSLAND,1,E01017241,0,3
2024010506729,2024,010506729,2,9,0,99,99,9,9,99,99,9,9,99,9,99,9,9,6,6,3,-1,-1,1199,1,3,VAUXHALL CROSSLAND,9,E01000667,0,1
2024141416792,2024,141416792,1,9,0,-1,19,7,5,-1,0,3,0,0,0,0,4,1,-1,9,2,47,8,1199,1,5,VAUXHALL CROSSLAND,4,E01008031,0,1
2024332400733,2024,332400733,1,9,0,-1,19,7,3,-1,0,1,0,0,0,0,1,1,-1,9,1,85,11,1199,1,0,VAUXHALL CROSSLAND,3,E01033397,0,4
2024522500398,2024,522500398,1,9,0,9,9,2,8,0,0,8,0,0,0,0,1,1,6,6,2,26,6,1199,1,7,VAUXHALL CROSSLAND,-1,-1,0,-1
2024451394371,2024,451394371,1,9,0,-1,19,5,1,-1,0,0,0,0,0,0,4,9,-1,2,1,24,5,1199,1,6,VAUXHALL CROSSLAND,7,E01030994,0,3
2024430357908,2024,430357908,3,9,0,3,3,6,2,0,0,0,0,0,0,0,3,1,6,6,1,43,7,1199,1,3,VAUXHALL CROSSLAND,9,E01017914,0,1
2024101459679,2024,101459679,2,9,0,-1,3,7,3,-1,0,0,0,0,0,0,2,1,-1,6,2,29,6,1199,1,6,VAUXHALL CROSSLAND,6,E01020657,0,3
2024031501227,2024,031501227,1,9,0,-1,5,4,1,-1,0,0,0,0,0,0,4,1,-1,9,2,88,11,1199,1,6,VAUXHALL CROSSLAND,7,E01019155,0,1
2024411462290,2024,411462290,1,9,0,-1,9,1,7,-1,0,0,0,0,0,0,1,1,-1,9,2,46,8,1199,1,4,VAUXHALL CROSSLAND,8,E01023571,0,1
2024201436866,2024,201436866,2,9,0,-1,3,8,4,-1,0,1,0,0,0,0,2,1,-1,9,2,42,7,1560,2,6,VAUXHALL CROSSLAND,9,E01029631,0,1
2024430567278,2024,430567278,2,9,0,9,9,7,5,0,0,6,0,0,0,0,4,1,6,6,1,-1,-1,1199,1,4,VAUXHALL CROSSLAND,-1,-1,0,-1
2024631534265,2024,631534265,1,9,0,-1,19,4,8,-1,0,0,0,0,0,0,3,1,-1,6,1,27,6,1560,2,6,VAUXHALL CROSSLAND,7,W01000700,0,3
2024991481506,2024,991481506,2,9,0,-1,3,2,6,-1,0,1,0,0,0,0,2,1,-1,9,2,43,7,1199,1,1,VAUXHALL CROSSLAND,8,-1,0,2
2024131466175,2024,131466175,2,9,0,-1,4,5,1,-1,0,1,0,0,0,0,2,1,-1,9,2,24,5,1199,1,4,VAUXHALL CROSSLAND,10,E01011526,0,2
2024471397559,2024,471397559,1,9,0,-1,19,1,5,-1,0,0,0,0,0,0,4,1,-1,6,1,78,11,1199,1,3,VAUXHALL CROSSLAND,4,E01034383,0,4
2024531483039,2024,531483039,2,9,0,-1,11,3,4,-1,0,0,0,0,0,0,3,2,-1,9,1,76,11,1199,1,1,VAUXHALL CROSSLAND,6,E01022351,0,3
2024461511888,2024,461511888,2,9,0,-1,4,5,1,-1,0,0,0,0,0,0,2,1,-1,9,2,45,7,1199,1,4,VAUXHALL CROSSLAND,5,E01024594,0,3
2024052401771,2024,052401771,1,9,0,18,19,4,8,0,0,8,0,0,0,0,1,1,6,6,1,37,7,1199,1,1,VAUXHALL CROSSLAND,2,E01006656,0,1
2024451462361,2024,451462361,1,9,0,-1,4,1,3,-1,0,0,0,0,0,0,2,1,-1,9,2,22,5,1199,1,5,VAUXHALL CROSSLAND,10,E01016552,0,3
2024320523689,2024,320523689,1,9,0,-1,-1,5,1,0,0,0,0,0,1,4,1,1,6,6,1,19,4,1199,1,3,VAUXHALL CROSSLAND,5,E01026052,0,3
2024631402918,2024,631402918,1,9,0,-1,6,2,2,-1,0,8,0,0,0,0,3,1,-1,6,1,81,11,1199,1,1,VAUXHALL CROSSLAND,2,W01000655,0,1
2024302400636,2024,302400636,1,9,0,9,9,5,3,0,0,8,0,0,0,0,4,1,1,1,1,60,9,1199,1,4,VAUXHALL CROSSLAND,-1,-1,0,-1
2024201495922,2024,201495922,1,9,0,-1,19,5,1,-1,0,0,0,0,0,0,1,1,-1,6,1,82,11,1199,1,2,VAUXHALL CROSSLAND,5,E01009590,0,1
2024010509907,2024,010509907,2,9,0,18,19,1,5,0,0,0,0,0,0,0,3,1,6,6,1,57,9,1199,1,5,VAUXHALL CROSSLAND,-1,-1,0,-1
2024302400451,2024,302400451,1,9,0,18,19,2,6,0,0,1,2,0,7,0,3,2,2,2,1,60,9,1199,1,7,VAUXHALL CROSSLAND,9,E01013543,0,1
2024131421608,2024,131421608,1,9,0,-1,-1,-1,-1,-1,-1,0,-1,-1,-1,-1,-1,1,-1,6,3,-1,-1,1199,1,4,VAUXHALL CROSSLAND,-1,-1,0,-1
2024010530092,2024,010530092,1,9,0,9,9,7,5,0,0,8,0,0,0,0,0,1,6,6,2,62,9,1199,1,3,VAUXHALL CROSSLAND,4,E01003268,0,1
2024302400431,2024,302400431,1,9,0,1,1,4,8,0,0,0,0,0,0,0,2,1,6,6,3,-1,-1,1499,2,2,VAUXHALL CROSSLAND,5,E01019456,0,3
2024471532755,2024,471532755,2,9,0,-1,2,0,0,-1,0,0,0,0,0,0,2,1,-1,6,-1,-1,-1,1199,1,1,VAUXHALL CROSSLAND,-1,-1,0,-1
2024991535515,2024,991535515,1,9,0,-1,6,3,3,-1,0,6,0,0,1,0,3,1,-1,9,1,53,8,1199,1,2,VAUXHALL CROSSLAND,1,-1,0,1
2024991422788,2024,991422788,2,9,0,-1,19,8,5,-1,0,0,0,0,0,0,1,1,-1,6,2,35,6,1199,1,6,VAUXHALL CROSSLAND,-1,-1,0,-1
2024320678194,2024,320678194,1,23,0,-1,-1,2,6,0,0,2,0,0,0,0,1,1,6,6,1,51,8,-1,3,0,-1,3,E01035551,0,3
2024211430183,2024,211430183,1,9,0,-1,19,3,1,-1,0,8,0,0,0,0,1,1,-1,6,1,24,5,1956,2,14,-1,10,E01029710,0,2
2024311434205,2024,311434205,2,9,0,-1,4,1,5,-1,0,0,0,0,0,0,2,1,-1,1,1,51,8,1956,2,13,-1,9,E01033775,0,3
2024610054324,2024,610054324,1,9,0,18,19,5,1,0,0,0,0,0,0,0,1,1,6,6,1,44,7,2198,1,17,-1,3,W01001539,0,1
2024201397674,2024,201397674,1,9,0,-1,19,1,5,-1,0,0,0,0,0,0,1,1,-1,6,1,-1,-1,1910,2,15,-1,-1,-1,0,-1
2024371398928,2024,371398928,1,9,0,-1,9,1,5,-1,0,6,0,0,0,0,3,9,-1,9,1,34,6,1956,2,14,-1,5,E01029956,0,1
2024361487968,2024,361487968,3,9,0,-1,2,0,0,-1,0,0,0,0,0,0,2,1,-1,6,-1,-1,-1,1910,2,14,-1,-1,-1,0,-1
2024471458839,2024,471458839,2,9,0,-1,10,2,8,-1,0,8,0,0,0,0,2,1,-1,6,1,48,8,1798,1,4,-1,10,E01031502,0,4
2024010537289,2024,010537289,1,9,0,6,6,5,5,0,0,8,0,0,0,0,1,2,6,6,1,32,6,1984,1,5,AUDI A5,2,E01000075,0,2
2024041472674,2024,041472674,1,9,0,-1,9,2,6,-1,0,1,0,0,0,0,1,1,-1,9,1,32,6,1968,2,10,AUDI A5,6,E01025367,0,2
2024211493721,2024,211493721,1,9,0,-1,19,5,8,-1,0,0,0,0,0,0,3,1,-1,2,1,24,5,1968,2,12,AUDI A5,2,E01029734,0,1
2024471441302,2024,471441302,1,9,0,-1,19,7,3,-1,0,0,0,0,0,0,3,1,-1,9,1,37,7,1968,2,14,AUDI A5,8,E01016960,0,2
2024061449552,2024,061449552,2,9,0,-1,5,2,7,-1,0,1,0,0,0,0,1,1,-1,9,2,25,5,1968,2,9,AUDI A5,5,W01000219,0,4
2024161533050,2024,161533050,1,9,0,-1,3,5,1,-1,0,2,0,0,0,0,2,1,-1,9,2,23,5,1968,2,8,AUDI A5,8,E01013321,0,1
2024010516338,2024,010516338,1,9,0,10,10,2,1,0,0,1,0,0,0,0,2,1,6,6,1,33,6,1968,2,7,AUDI A5,3,E01001981,0,3
2024041530238,2024,041530238,1,9,0,-1,19,3,3,-1,0,6,0,0,1,0,3,1,-1,6,1,31,6,1968,2,13,AUDI A5,1,E01035198,0,5
2024311487366,2024,311487366,2,9,0,-1,19,5,1,-1,0,0,5,0,1,0,4,1,-1,1,1,44,7,1968,2,13,AUDI A5,-1,-1,0,-1
2024541630124,2024,541630124,2,9,0,4,4,6,2,0,0,0,0,0,0,0,2,1,6,6,2,31,6,1968,2,7,AUDI A5,9,E01033848,0,4
2024991453318,2024,991453318,2,9,0,-1,19,8,4,-1,0,2,0,0,0,0,1,1,-1,9,1,63,9,1968,2,9,AUDI A5,-1,-1,0,-1
2024340WN4862,2024,340WN4862,2,9,0,-1,19,5,1,-1,0,1,0,0,0,0,1,1,-1,9,2,32,6,1984,2,15,AUDI A5,3,E01027330,0,3
2024010524962,2024,010524962,1,9,0,9,9,3,2,0,0,5,0,0,0,0,3,1,6,6,1,37,7,1968,2,7,AUDI A5,5,E01001348,0,2
2024010535389,2024,010535389,1,9,0,7,7,3,5,0,0,8,0,0,0,0,4,1,6,6,1,29,6,1798,1,11,AUDI A5,2,E01001735,0,1
2024201426146,2024,201426146,1,9,0,-1,13,2,6,-1,0,0,0,0,0,0,4,9,-1,9,1,34,6,1984,1,14,AUDI A5,1,E01009769,0,2
2024010518571,2024,010518571,1,9,0,18,19,3,7,0,0,0,0,0,0,0,1,1,6,6,1,38,7,1984,1,6,AUDI A5,6,E01003760,0,1
2024201449188,2024,201449188,1,9,0,-1,19,2,6,-1,0,8,0,0,0,0,1,9,-1,6,1,33,6,1984,1,1,AUDI A5,2,E01009090,0,1
2024031517016,2024,031517016,1,9,0,-1,9,5,3,-1,0,0,0,0,0,0,1,1,-1,9,1,23,5,1984,1,5,AUDI A5,6,E01019273,0,2
2024401455671,2024,401455671,4,9,0,-1,2,0,0,-1,0,1,0,0,0,0,3,1,-1,6,-1,-1,-1,1798,1,16,AUDI A5,-1,-1,0,-1
2024010539358,2024,010539358,1,9,0,9,9,3,1,0,0,1,0,0,0,0,1,1,6,6,2,21,5,1798,1,9,AUDI A5,1,E01002081,0,1
2024111495766,2024,111495766,1,9,0,-1,19,3,7,-1,0,0,0,0,0,0,1,1,-1,6,2,30,6,1968,2,11,AUDI A5,2,E01020820,0,1
2024010531856,2024,010531856,2,9,0,18,19,3,7,0,0,0,0,0,0,0,4,1,6,6,1,37,7,1968,2,4,AUDI A5,1,E01000601,0,3
2024401506602,2024,401506602,2,9,0,-1,19,4,8,-1,0,1,0,0,0,0,4,1,-1,9,2,34,6,1984,1,10,AUDI A5,2,E01015772,0,2
2024161535694,2024,161535694,3,9,0,-1,19,5,1,-1,0,1,0,0,0,0,2,1,-1,6,1,49,8,1984,1,7,AUDI A5,6,E01012916,0,1
2024430560490,2024,430560490,2,9,0,10,10,7,3,0,0,8,0,0,0,0,1,1,2,2,1,25,5,1984,1,5,AUDI A5,8,E01022207,0,3
2024361525544,2024,361525544,1,9,0,-1,19,1,5,-1,0,1,0,0,0,0,1,1,-1,9,1,68,10,1984,1,0,AUDI A5,4,E01026278,0,4
2024401454324,2024,401454324,1,9,0,-1,5,3,1,-1,0,2,0,0,0,0,1,1,-1,2,2,48,8,1984,1,7,AUDI A5,6,E01017616,0,1
2024211493653,2024,211493653,1,9,0,-1,2,5,1,-1,0,0,0,0,0,0,2,1,-1,9,2,68,10,1968,2,12,AUDI A5,10,E01019880,0,4
2024451408563,2024,451408563,1,9,0,-1,10,3,1,-1,0,8,0,0,0,0,0,1,-1,9,2,61,9,1984,1,3,AUDI A5,10,E01030963,0,1
2024401541279,2024,401541279,1,9,0,-1,9,5,2,-1,0,8,0,0,0,0,1,1,-1,6,1,36,7,1984,1,0,AUDI A5,8,E01033819,0,1
2024010520180,2024,010520180,2,9,0,99,99,9,9,99,99,0,9,99,9,99,1,9,6,6,3,-1,-1,1984,1,1,AUDI A5,-1,-1,0,-1
2024471462622,2024,471462622,1,9,0,-1,19,6,2,-1,0,0,0,0,0,0,4,1,-1,6,1,43,7,1968,2,12,AUDI A5,4,E01031428,0,3
2024010549712,2024,010549712,2,9,0,99,99,9,9,99,99,9,9,99,9,99,4,9,6,6,1,38,7,1968,2,3,AUDI A5,2,E01000938,0,1
2024041486552,2024,041486552,3,9,0,-1,19,3,7,-1,0,0,0,0,0,0,1,1,-1,9,1,33,6,1968,2,8,AUDI A5,7,E01024921,0,3
2024501520250,2024,501520250,1,9,0,-1,7,7,3,-1,0,1,0,0,0,0,1,2,-1,9,1,49,8,1968,2,8,AUDI A5,9,E01019906,0,1
2024320142169,2024,320142169,1,9,0,-1,-1,1,5,0,0,8,5,0,3,0,1,1,-1,-1,1,63,9,1968,2,12,AUDI A5,2,E01013283,0,3
2024522500036,2024,522500036,2,9,0,3,3,4,8,0,0,1,0,0,0,0,3,1,6,6,1,45,7,1968,2,4,AUDI A5,4,E01014485,0,1
2024302400845,2024,302400845,2,9,0,2,2,0,0,0,0,0,0,0,0,0,1,1,6,6,2,34,6,1968,2,8,AUDI A5,5,E01010256,0,4