collision_index,collision_year,collision_ref_no,vehicle_reference,vehicle_type,towing_and_articulation,vehicle_manoeuvre_historic,vehicle_manoeuvre,vehicle_direction_from,vehicle_direction_to,vehicle_location_restricted_lane_historic,vehicle_location_restricted_lane,junction_location,skidding_and_overturning,hit_object_in_carriageway,vehicle_leaving_carriageway,hit_object_off_carriageway,first_point_of_impact,vehicle_left_hand_drive,journey_purpose_of_driver_historic,journey_purpose_of_driver,sex_of_driver,age_of_driver,age_band_of_driver,engine_capacity_cc,propulsion_code,age_of_vehicle,generic_make_model,driver_imd_decile,lsoa_of_driver,escooter_flag,driver_distance_banding
2024221457650,2024,221457650,4,9,0,-1,4,2,6,-1,0,0,0,0,0,0,2,1,-1,6,1,67,10,1984,1,4,AUDI A5,10,E01035039,0,4
2024141424785,2024,141424785,2,9,0,-1,19,7,3,-1,0,0,0,0,0,0,1,1,-1,1,1,42,7,1968,2,7,AUDI A5,5,E01007687,0,2
2024070355120,2024,070355120,1,9,0,18,19,3,7,0,0,0,0,0,0,0,4,1,6,6,2,60,9,1968,2,11,AUDI A5,10,E01012513,0,1
2024461417191,2024,461417191,2,9,0,-1,19,4,8,-1,0,3,0,0,0,0,1,1,-1,2,1,39,7,1968,2,11,AUDI A5,6,E01024700,0,1
2024430622931,2024,430622931,1,9,0,7,7,2,4,0,0,5,0,0,0,0,4,1,6,6,1,-1,-1,1968,2,13,AUDI A5,-1,-1,0,-1
2024111429534,2024,111429534,1,9,0,-1,5,7,3,-1,0,0,0,0,0,0,1,1,-1,1,1,63,9,1968,2,4,AUDI A5,8,E01020828,0,3
2024371532322,2024,371532322,2,9,0,-1,1,5,1,-1,0,1,0,0,0,0,0,1,-1,7,2,33,6,1984,1,15,AUDI A5,9,E01030004,0,1
2024010522300,2024,010522300,1,9,0,16,19,4,6,0,0,8,0,0,0,0,3,1,1,1,1,48,8,1984,1,1,AUDI A5,9,E01016247,0,4
2024101430259,2024,101430259,2,9,0,-1,19,2,2,-1,0,0,1,0,0,0,1,1,-1,6,1,21,5,1968,2,9,AUDI A5,5,E01027386,0,1
2024401429869,2024,401429869,1,9,0,-1,19,1,5,-1,0,0,5,0,0,0,1,1,-1,9,1,31,6,1968,2,11,AUDI A5,7,E01013124,0,5
2024221434144,2024,221434144,1,9,0,-1,13,5,1,-1,0,0,2,0,0,0,4,1,-1,9,1,51,8,1984,1,5,AUDI A5,2,E01009981,0,2
2024471476676,2024,471476676,2,9,0,-1,19,4,8,-1,0,0,0,0,0,0,0,1,-1,6,2,45,7,1968,2,12,AUDI A5,7,E01023223,0,4
2024440223059,2024,440223059,2,9,0,18,19,5,1,0,0,1,0,0,0,0,1,1,6,6,1,-1,-1,1798,1,16,AUDI A5,-1,-1,0,-1
2024010549548,2024,010549548,2,9,9,99,99,9,9,99,99,9,9,99,9,99,9,9,6,6,2,39,7,1968,2,8,AUDI A5,6,E01003711,0,3
2024461438635,2024,461438635,3,9,0,-1,2,0,0,-1,0,1,0,0,0,0,4,9,-1,6,3,-1,-1,1984,2,15,AUDI A5,-1,-1,0,-1
2024010504510,2024,010504510,1,9,0,99,99,9,9,99,99,9,9,99,9,99,9,9,6,6,2,38,7,1968,2,4,AUDI A5,2,E01001409,0,2
2024421526278,2024,421526278,2,9,0,-1,9,1,7,-1,0,8,0,0,0,0,1,1,-1,9,2,48,8,1968,2,10,AUDI A5,6,E01029874,0,4
2024351500962,2024,351500962,1,9,-1,-1,-1,-1,-1,-1,-1,0,-1,-1,-1,0,1,9,-1,6,2,28,6,2698,2,16,AUDI A5,8,E01015685,0,1
2024430292502,2024,430292502,1,9,0,18,19,8,4,0,0,0,0,0,0,0,1,1,6,6,1,33,6,1968,2,8,AUDI A5,7,E01018279,0,4
2024332400597,2024,332400597,1,9,0,-1,9,5,3,-1,0,5,0,0,7,1,3,1,-1,6,1,69,10,2995,1,11,AUDI A5,8,E01025873,0,3
2024141502596,2024,141502596,1,9,0,-1,12,3,7,-1,0,1,0,0,0,0,3,1,-1,9,1,59,9,1968,2,10,AUDI A5,6,E01019308,0,5
2024320482107,2024,320482107,2,9,0,-1,-1,7,3,0,0,0,0,0,0,0,3,1,6,6,1,34,6,1968,2,9,AUDI A5,10,E01032993,0,4
2024311535310,2024,311535310,1,9,0,-1,19,1,5,-1,0,0,1,0,2,0,1,1,-1,9,1,27,6,1968,2,12,AUDI A5,-1,-1,0,-1
2024520402180,2024,520402180,2,9,0,9,9,1,7,0,0,6,0,0,0,0,4,1,6,6,1,32,6,1984,1,6,AUDI A5,7,E01005983,0,5
2024010498320,2024,010498320,1,9,0,7,7,5,6,0,0,0,0,0,0,0,0,1,6,6,2,24,5,1984,1,14,AUDI A5,4,E01001090,0,1
2024401458436,2024,401458436,2,9,0,-1,19,2,6,-1,0,8,0,0,0,0,1,9,-1,6,1,44,7,1968,2,4,AUDI A5,6,E01017507,0,1
2024332400937,2024,332400937,1,9,0,-1,19,5,1,-1,0,0,0,10,1,0,1,1,-1,2,1,56,9,2698,2,14,AUDI A5,2,E01027151,0,4
2024031395409,2024,031395409,1,9,0,-1,9,7,3,-1,0,5,0,0,0,0,1,9,-1,9,2,53,8,1968,2,11,AUDI A5,5,E01019202,0,1
2024070439143,2024,070439143,2,9,0,18,19,5,1,0,0,0,1,0,0,11,3,1,2,2,1,20,4,1968,2,14,AUDI A5,8,E01019713,0,2
2024430571305,2024,430571305,2,9,0,18,19,1,5,0,0,0,0,0,0,0,1,1,6,6,1,-1,-1,3197,1,16,AUDI A5,3,E01016486,0,1
2024411446041,2024,411446041,1,9,0,-1,4,8,4,-1,0,0,0,0,0,0,2,1,-1,6,2,57,9,1968,2,4,AUDI A5,7,E01023682,0,1
2024320441694,2024,320441694,1,9,0,-1,-1,6,2,0,0,8,0,0,0,0,1,1,-1,-1,1,34,6,1968,2,11,AUDI A5,7,E01032989,0,2
2024991445937,2024,991445937,2,9,0,-1,4,4,8,-1,0,1,0,0,0,0,2,1,-1,9,2,46,8,1984,1,0,AUDI A5,8,-1,0,1
2024041513706,2024,041513706,1,9,0,-1,9,3,5,-1,0,2,1,0,0,0,1,1,-1,6,1,53,8,1968,2,12,AUDI A5,1,E01024856,0,1
2024440045927,2024,440045927,1,9,0,9,9,4,2,0,0,6,0,0,0,0,3,1,6,6,1,19,4,1968,2,10,AUDI A5,1,E01017241,0,2
2024131534567,2024,131534567,1,9,0,-1,9,1,3,-1,0,1,0,0,0,0,1,1,-1,6,3,-1,-1,1968,2,8,AUDI A5,-1,-1,0,-1
2024201474960,2024,201474960,2,9,0,-1,5,5,3,-1,0,6,0,0,0,0,1,1,-1,6,-1,-1,-1,1968,2,1,AUDI A5,-1,-1,0,-1
2024010527076,2024,010527076,2,9,0,7,7,8,3,0,0,3,0,0,3,7,1,1,6,6,1,28,6,1968,2,7,AUDI A5,6,E01003770,0,1
2024371408876,2024,371408876,2,9,0,-1,4,7,3,-1,0,0,0,0,0,0,2,1,-1,9,1,47,8,1968,2,10,AUDI A5,4,E01029892,0,3
2024991499062,2024,991499062,3,9,0,-1,19,6,2,-1,0,0,0,0,0,0,1,1,-1,9,1,63,9,1968,2,12,AUDI A5,8,-1,0,3
2024041453117,2024,041453117,1,9,0,-1,19,7,7,-1,0,6,1,0,0,0,3,1,-1,9,1,27,6,1968,2,7,AUDI A5,2,E01024890,0,4
2024010506586,2024,010506586,2,9,0,16,19,7,3,0,0,0,0,0,0,0,1,1,6,6,1,28,6,1984,1,14,AUDI A5,4,E01000478,0,1
2024520001489,2024,520001489,1,9,0,17,19,-1,-1,0,0,0,1,0,7,11,4,1,6,6,1,66,10,1984,1,9,AUDI A5,4,E01014904,0,4
2024631405265,2024,631405265,3,9,0,-1,4,6,2,-1,0,2,0,0,0,0,0,1,-1,9,2,48,8,1984,2,15,AUDI A5,3,W01000586,0,1
2024221434703,2024,221434703,2,9,0,-1,4,4,8,-1,0,0,0,0,0,0,2,9,-1,6,2,34,6,1968,2,5,AUDI A5,7,E01035055,0,1
2024440495743,2024,440495743,1,9,0,16,19,7,3,0,0,8,0,10,4,1,1,1,6,6,1,26,6,1968,2,8,AUDI A5,3,E01022732,0,1
2024421400992,2024,421400992,1,9,0,-1,19,1,5,-1,0,0,0,0,0,0,1,1,-1,6,1,47,8,1984,1,5,AUDI A5,5,E01031794,0,5
2024101484288,2024,101484288,1,9,0,-1,19,1,5,-1,0,0,5,4,0,0,1,1,-1,9,1,30,6,1968,2,13,AUDI A5,7,E01008638,0,1
2024302401447,2024,302401447,2,9,0,18,19,5,1,0,0,8,0,0,1,11,4,1,6,6,1,25,5,2967,2,15,AUDI A5,8,E01019621,0,2
2024320639868,2024,320639868,1,9,0,9,9,4,2,0,0,5,0,0,0,0,1,1,6,6,1,23,5,2967,2,17,AUDI A5,9,E01026226,0,1
2024451454842,2024,451454842,1,9,0,-1,5,1,4,-1,0,4,0,0,0,0,1,1,-1,2,1,58,9,1984,1,6,AUDI A5,10,E01030341,0,1
2024440109509,2024,440109509,1,9,0,11,11,4,8,0,0,0,0,0,1,0,3,1,2,2,1,27,6,1968,2,7,AUDI A5,7,E01020579,0,4
2024061489266,2024,061489266,1,9,0,-1,5,5,7,-1,0,6,0,0,0,0,1,1,-1,6,1,-1,-1,1395,1,6,AUDI A5,-1,-1,0,-1
2024361509454,2024,361509454,2,9,0,-1,19,1,5,-1,0,0,0,0,0,0,1,1,-1,9,2,28,6,1984,1,16,AUDI A5,5,E01026654,0,1
2024010545092,2024,010545092,2,9,0,99,99,9,9,99,99,9,9,99,9,99,2,9,6,6,1,25,5,1968,2,7,AUDI A5,7,E01002127,0,1
2024161517338,2024,161517338,1,9,0,-1,19,1,5,-1,0,4,0,0,4,6,1,1,-1,9,1,35,6,2698,2,16,AUDI A5,1,E01012424,0,5
2024440065048,2024,440065048,3,9,0,4,4,2,6,0,0,0,0,0,0,0,2,1,6,6,1,50,8,1798,1,13,AUDI A5,2,E01017181,0,3
202454E190124,2024,54E190124,1,9,0,18,19,4,8,0,0,1,0,0,0,0,1,1,6,6,1,30,6,1984,1,5,AUDI A5,9,E01033847,0,3
2024041516488,2024,041516488,1,9,0,-1,19,0,1,-1,0,6,0,0,0,0,3,1,-1,9,2,51,8,1968,2,4,AUDI A5,5,E01012635,0,1
2024421506197,2024,421506197,2,9,0,-1,19,3,7,-1,0,8,0,0,1,9,3,1,-1,9,2,68,10,1968,2,0,AUDI A5,6,E01021659,0,1
2024544635324,2024,544635324,3,9,0,3,3,4,8,0,0,0,0,0,0,0,2,1,2,2,1,45,7,1968,2,5,AUDI A5,10,E01029030,0,3
2024061502602,2024,061502602,1,9,0,-1,19,5,1,-1,0,0,0,0,0,0,1,1,-1,6,1,64,9,1968,2,14,AUDI A5,1,E01005874,0,1
2024440319606,2024,440319606,1,9,0,18,19,5,1,0,0,1,0,0,0,0,1,1,6,6,3,37,7,1984,1,14,AUDI A5,4,E01017129,0,1
2024010539386,2024,010539386,1,9,0,18,19,7,3,0,0,8,0,0,0,0,1,1,6,6,1,28,6,1968,2,4,AUDI A5,5,E01001074,0,3
2024421403668,2024,421403668,1,9,0,-1,19,3,7,-1,0,4,0,0,0,0,1,1,-1,6,1,78,11,2967,2,8,AUDI A5,5,E01021357,0,1
2024201450614,2024,201450614,1,9,0,-1,19,4,8,-1,0,8,0,0,3,0,1,1,-1,6,1,22,5,1968,2,5,AUDI A5,3,E01010005,0,1
2024221439971,2024,221439971,2,9,0,-1,2,0,0,-1,0,0,0,0,0,0,2,1,-1,6,2,55,8,1968,2,5,AUDI A5,7,E01032180,0,1
2024451522455,2024,451522455,1,9,0,-1,19,1,5,-1,0,0,1,0,0,0,1,1,-1,6,1,23,5,2967,2,9,AUDI A5,3,E01023793,0,4
2024361503668,2024,361503668,5,9,0,-1,2,0,0,-1,0,0,0,0,0,0,1,1,-1,6,1,50,8,2967,2,14,AUDI A5,3,E01026640,0,1
2024010536016,2024,010536016,2,9,0,11,11,9,9,99,99,5,9,99,9,99,9,9,6,6,3,21,5,1798,1,8,AUDI A5,10,E01023887,0,4
2024161458492,2024,161458492,1,9,0,-1,19,3,7,-1,0,4,1,0,0,0,3,1,-1,9,1,56,9,1968,2,4,AUDI A5,5,E01000316,0,5
2024070073650,2024,070073650,2,9,0,5,5,7,3,0,0,1,0,0,0,0,1,1,6,6,1,30,6,1984,1,16,AUDI A5,-1,-1,0,-1
2024010542179,2024,010542179,2,9,0,12,12,7,3,0,0,1,0,0,0,0,3,1,6,6,2,38,7,1984,1,0,AUDI A5,1,E01003506,0,1
2024421444054,2024,421444054,3,9,0,-1,2,2,1,-1,-1,0,0,0,0,0,3,1,-1,6,-1,-1,-1,1984,1,5,AUDI A5,-1,-1,0,-1
2024371400736,2024,371400736,1,9,0,-1,19,-1,-1,-1,0,4,0,0,0,0,1,9,-1,6,2,-1,-1,1968,2,13,AUDI A5,9,E01030011,0,1
2024430382037,2024,430382037,2,9,0,9,9,7,5,0,0,5,0,0,0,0,1,1,6,6,2,-1,-1,1984,1,5,AUDI A5,-1,-1,0,-1
2024421455043,2024,421455043,2,9,0,-1,19,1,1,-1,0,6,0,0,0,0,3,2,-1,2,2,27,6,1968,2,11,AUDI A5,5,E01021907,0,3
2024440183289,2024,440183289,1,9,0,13,13,6,2,0,0,1,0,0,0,0,1,1,6,6,1,26,6,1984,1,14,AUDI A5,3,E01003235,0,4
2024010503350,2024,010503350,2,9,0,8,8,1,2,0,0,1,0,0,0,0,2,1,6,6,1,22,5,1984,1,7,AUDI A5,3,E01001436,0,1
2024351493522,2024,351493522,1,9,0,-1,4,7,3,-1,0,0,0,0,0,0,4,1,-1,2,2,37,7,1968,2,5,AUDI A5,8,E01015687,0,1
2024461410871,2024,461410871,1,9,0,-1,5,2,3,-1,0,0,0,0,0,0,2,9,-1,6,2,44,7,1984,1,6,AUDI A5,3,E01035289,0,1
2024161515456,2024,161515456,2,9,0,-1,2,0,0,-1,0,0,0,0,0,0,2,1,-1,6,-1,-1,-1,1968,2,9,AUDI A5,-1,-1,0,-1
2024430146844,2024,430146844,1,9,0,18,19,6,2,0,0,0,0,0,0,0,1,1,1,1,1,25,5,1798,1,11,AUDI A5,10,E01016702,0,1
2024461529431,2024,461529431,3,9,0,-1,2,6,6,-1,0,0,0,0,0,0,3,1,-1,6,-1,-1,-1,1968,2,11,AUDI A5,-1,-1,0,-1
2024221447213,2024,221447213,1,9,0,-1,19,6,2,-1,0,0,5,0,1,3,1,1,-1,6,2,35,6,1984,1,5,AUDI A5,7,E01028856,0,3
2024070059603,2024,070059603,1,9,0,18,19,6,2,0,0,8,0,0,0,0,3,1,6,6,2,30,6,1968,2,11,AUDI A5,-1,-1,0,-1
2024361502731,2024,361502731,2,9,0,-1,19,3,7,-1,0,1,0,0,0,0,4,1,-1,6,1,25,5,2967,2,17,AUDI A5,7,E01026579,0,4
2024531525360,2024,531525360,2,9,0,-1,4,7,3,-1,0,0,0,0,0,0,2,1,-1,9,1,36,7,1968,2,9,AUDI A5,8,E01032922,0,5
2024141406405,2024,141406405,1,9,0,-1,19,1,5,-1,0,0,5,0,0,0,3,1,-1,6,2,34,6,1968,2,11,AUDI A5,6,E01007753,0,3
202454E247124,2024,54E247124,2,9,0,3,3,5,1,0,0,1,0,0,0,0,2,1,2,2,1,63,9,1798,1,8,AUDI A5,8,E01034544,0,3
2024111481384,2024,111481384,1,9,0,-1,5,1,6,-1,0,0,0,0,0,0,1,1,-1,6,1,30,6,1968,2,8,AUDI A5,9,E01020717,0,3
2024421457128,2024,421457128,2,9,0,-1,19,1,5,-1,0,1,0,0,0,0,1,1,-1,9,2,41,7,2967,2,13,AUDI A5,5,E01021426,0,1
2024201423869,2024,201423869,1,9,0,-1,19,1,5,-1,0,2,0,4,2,3,1,1,-1,6,1,25,5,1968,2,11,AUDI A5,8,E01010487,0,1
2024070335461,2024,070335461,1,9,0,18,19,2,6,0,0,0,0,0,0,0,1,1,6,6,1,53,8,1984,1,6,AUDI A5,8,E01018515,0,1
2024520402179,2024,520402179,1,9,0,18,19,3,7,0,0,0,0,0,1,9,1,1,6,6,1,21,5,1968,2,14,AUDI A5,4,E01029075,0,1
2024320684233,2024,320684233,1,9,0,-1,-1,2,6,0,0,0,0,0,0,0,1,1,-1,-1,1,34,6,1984,2,15,AUDI A5,8,E01026238,0,1
2024010509559,2024,010509559,2,9,0,18,19,7,3,0,0,8,0,0,0,0,4,1,6,6,2,49,8,1984,1,14,AUDI A5,6,E01001403,0,1
2024010518655,2024,010518655,1,9,0,10,10,3,8,0,0,2,0,0,0,0,3,1,3,7,1,53,8,1984,1,3,AUDI A5,4,E01000068,0,1
2024221522156,2024,221522156,1,9,0,-1,5,2,6,-1,0,0,0,4,0,0,1,1,-1,6,1,54,8,1968,2,8,AUDI A5,-1,-1,0,-1
2024411427498,2024,411427498,2,9,0,-1,19,3,7,-1,0,0,0,0,0,0,4,9,-1,6,1,56,9,1968,2,3,AUDI A5,6,E01022095,0,4
2024010534711,2024,010534711,1,9,0,99,99,9,9,99,99,9,9,99,9,99,2,9,6,6,1,41,7,1798,1,11,AUDI A5,4,E01034032,0,1
2024451458719,2024,451458719,1,9,0,-1,7,7,3,-1,0,5,0,0,0,0,4,1,-1,9,1,26,6,2967,2,8,AUDI A5,9,E01022642,0,4
2024122500076,2024,122500076,2,9,0,2,2,0,0,0,0,2,0,0,0,0,3,1,6,6,1,43,7,1798,1,9,AUDI A5,8,E01013428,0,1
2024010513639,2024,010513639,1,9,0,99,99,9,9,99,99,9,9,99,9,99,9,9,6,6,1,23,5,1984,1,13,AUDI A5,2,E01004286,0,1
2024430263874,2024,430263874,1,9,0,14,14,3,7,0,0,0,0,0,0,0,1,1,2,2,1,27,6,1984,1,1,AUDI A5,10,E01016410,0,1
2024401442798,2024,401442798,2,9,0,-1,19,7,3,-1,0,0,0,0,0,0,1,1,-1,6,1,24,5,1968,2,10,AUDI A5,2,E01015680,0,4
2024522401367,2024,522401367,2,9,0,4,4,5,1,0,0,0,0,0,0,0,2,1,6,6,1,56,9,1968,2,10,AUDI A5,10,E01022389,0,4
2024451430209,2024,451430209,1,9,0,-1,9,3,1,-1,0,6,0,0,0,0,0,1,-1,1,1,47,8,1968,2,2,AUDI A5,5,E01019923,0,5
2024610040924,2024,610040924,2,9,0,18,19,5,1,0,0,0,0,0,0,0,3,1,6,6,1,-1,-1,1984,1,0,AUDI A5,-1,-1,0,-1
2024631448386,2024,631448386,1,9,0,-1,19,8,4,-1,0,8,0,0,1,7,1,1,-1,9,1,54,8,1968,2,10,AUDI A5,6,E01029219,0,5
2024522402965,2024,522402965,2,9,0,4,4,6,2,0,0,1,0,0,0,0,1,1,6,6,1,37,7,2967,2,13,AUDI A5,1,E01014829,0,4
2024451432731,2024,451432731,2,9,0,-1,19,1,5,-1,0,0,0,0,1,0,1,1,-1,9,2,53,8,1984,1,5,AUDI A5,7,E01030548,0,1
2024010564276,2024,010564276,2,9,0,13,13,3,7,0,0,2,0,0,0,0,4,1,6,6,1,28,6,1968,2,8,AUDI A5,-1,-1,0,-1
2024351428175,2024,351428175,2,9,0,-1,19,1,6,-1,0,0,1,0,1,0,1,1,-1,6,1,32,6,1968,2,9,AUDI A5,5,E01018096,0,1
2024010538524,2024,010538524,1,9,0,18,19,5,1,0,0,8,0,0,0,0,1,1,6,6,1,42,7,1798,1,14,AUDI A5,5,E01002525,0,1
2024010546250,2024,010546250,2,9,0,-1,-1,9,9,99,99,0,9,99,9,99,2,9,6,6,3,22,5,1984,1,6,AUDI A5,3,E01001008,0,1
2024471497221,2024,471497221,1,9,0,-1,13,3,6,-1,0,0,0,0,0,0,1,1,-1,9,2,34,6,1984,1,5,AUDI A5,7,E01021077,0,3
2024401484876,2024,401484876,1,9,0,-1,19,3,7,-1,0,2,5,4,0,0,1,1,-1,6,2,61,9,1798,1,11,AUDI A5,10,E01017402,0,1
2024041419094,2024,041419094,1,9,0,-1,19,3,7,-1,0,3,0,0,1,7,4,1,-1,9,1,63,9,2698,2,13,AUDI A5,9,E01025451,0,2
2024010514766,2024,010514766,2,9,0,18,19,7,3,0,0,1,1,4,1,11,1,1,6,6,1,23,5,1984,1,5,AUDI A5,3,E01001262,0,1
2024201433319,2024,201433319,2,9,0,-1,2,0,0,-1,0,0,0,0,0,0,2,9,-1,9,3,-1,-1,1968,2,5,AUDI A5,-1,-1,0,-1
2024451478846,2024,451478846,1,9,0,-1,19,3,7,-1,0,0,0,0,0,0,1,1,-1,2,1,28,6,2967,2,17,AUDI A5,7,E01030618,0,2
2024451446700,2024,451446700,1,9,0,-1,9,1,2,-1,0,8,0,0,0,0,4,1,-1,9,1,57,9,1984,1,3,AUDI A5,10,E01030408,0,1
2024302400358,2024,302400358,1,9,0,18,19,1,5,0,0,0,0,0,1,4,4,1,2,2,2,40,7,1968,2,7,AUDI A5,7,E01013247,0,4
2024010529098,2024,010529098,1,9,0,16,19,5,1,0,0,2,0,0,0,0,4,1,6,6,1,49,8,1984,1,11,AUDI A5,10,E01003474,0,1
2024131513713,2024,131513713,2,9,0,-1,2,1,5,-1,9,8,0,0,0,0,2,1,-1,6,-1,-1,-1,1968,2,9,AUDI A5,-1,-1,0,-1
2024201444075,2024,201444075,1,9,0,-1,5,3,7,-1,0,0,0,0,0,0,1,9,-1,6,1,44,7,1968,2,11,AUDI A5,5,E01009261,0,2
2024371414820,2024,371414820,1,9,0,-1,7,5,8,-1,0,8,0,0,0,0,4,9,-1,6,1,34,6,1798,1,16,AUDI A5,6,E01026440,0,3
2024201443841,2024,201443841,1,9,0,-1,9,3,2,-1,0,5,0,0,0,0,2,1,-1,9,1,34,6,1968,2,6,AUDI A5,3,E01010330,0,3
2024010528192,2024,010528192,1,9,0,9,9,1,7,0,0,8,0,0,0,0,3,1,6,6,1,25,5,1968,2,8,AUDI A5,4,E01001285,0,1
2024010497316,2024,010497316,2,9,0,8,8,1,4,0,0,1,0,0,0,0,1,1,2,2,1,63,9,1984,1,15,AUDI A5,3,E01021800,0,1
2024010520356,2024,010520356,1,9,0,18,19,7,3,0,0,2,0,0,0,0,2,1,6,6,1,49,8,1968,2,10,AUDI A5,5,E01002344,0,2
2024010512138,2024,010512138,1,9,0,18,19,2,6,0,0,2,0,0,0,0,1,1,6,6,1,31,6,1984,1,15,AUDI A5,4,E01030747,0,2
2024061491983,2024,061491983,1,9,0,-1,19,3,1,-1,0,1,0,0,0,0,1,1,-1,6,1,40,7,1968,2,9,AUDI A5,-1,-1,0,-1
2024520003124,2024,520003124,2,9,0,18,19,8,4,0,0,2,0,0,0,0,2,1,6,6,1,46,8,1968,2,9,AUDI A5,7,E01015012,0,3
2024041405069,2024,041405069,2,9,0,-1,2,0,0,-1,0,0,0,0,0,0,4,1,-1,9,1,55,8,1968,2,11,AUDI A5,8,E01012583,0,1
2024320188135,2024,320188135,1,9,0,9,9,4,2,0,0,6,0,0,0,0,1,1,6,6,1,26,6,1968,2,13,AUDI A5,4,E01026121,0,1
2024052402465,2024,052402465,2,9,0,8,8,1,3,0,0,1,0,0,0,0,3,1,6,6,1,53,8,1968,2,9,AUDI A5,1,E01007139,0,1
2024211481195,2024,211481195,2,9,0,-1,2,0,0,-1,0,0,0,0,0,0,1,1,-1,1,2,29,6,1968,2,10,AUDI A5,1,E01014218,0,1
2024540631524,2024,540631524,1,9,0,18,19,1,5,0,0,0,0,0,0,0,1,1,6,6,2,27,6,1984,1,6,AUDI A5,8,E01033849,0,1
2024161490697,2024,161490697,1,9,0,-1,7,6,8,-1,0,2,0,0,0,0,1,1,-1,2,1,44,7,1984,1,4,AUDI A5,9,E01013149,0,3
2024991479235,2024,991479235,1,9,0,-1,19,2,6,-1,0,1,0,0,0,0,1,1,-1,9,1,33,6,1984,1,10,AUDI A5,-1,-1,0,-1
2024131446330,2024,131446330,1,9,0,-1,5,5,3,-1,0,0,0,0,0,0,2,1,-1,9,2,26,6,1984,1,0,AUDI A5,1,E01010617,0,1
2024371420923,2024,371420923,2,9,0,-1,19,1,5,-1,0,1,0,0,0,0,2,1,-1,9,1,40,7,1984,1,14,AUDI A5,9,E01026537,0,4
2024010491093,2024,010491093,6,9,0,2,2,0,0,0,0,0,0,0,0,0,0,1,6,6,3,-1,-1,1984,1,4,AUDI A5,-1,-1,0,-1
2024501451913,2024,501451913,1,9,0,-1,10,3,1,-1,0,8,0,0,0,0,3,9,-1,6,1,27,6,1968,2,7,AUDI A5,6,E01002586,0,5
2024010495199,2024,010495199,2,9,0,13,13,5,1,0,0,0,0,0,0,0,3,1,6,6,3,-1,-1,1968,2,13,AUDI A5,-1,-1,0,-1
2024440128984,2024,440128984,1,9,0,9,9,6,4,0,0,8,0,0,0,0,4,1,6,6,1,36,7,2967,2,17,AUDI A5,8,E01022887,0,1
2024622500007,2024,622500007,1,9,0,16,19,4,8,0,0,4,2,10,7,3,1,1,6,6,1,38,7,2894,1,6,AUDI A5,1,W01001692,0,4
2024010528741,2024,010528741,2,9,0,99,99,9,9,99,99,9,9,99,9,99,9,9,2,2,1,60,9,1984,1,15,AUDI A5,3,E01000046,0,1
2024302401640,2024,302401640,1,9,0,-1,7,8,2,-1,0,5,0,0,0,0,3,1,-1,6,1,44,7,4163,1,15,AUDI A5,9,E01019449,0,1
2024991428068,2024,991428068,1,9,0,-1,4,4,8,-1,0,1,0,0,0,0,4,1,-1,9,2,40,7,1984,1,3,AUDI A5,8,-1,0,3
2024010546707,2024,010546707,1,9,0,-1,-1,1,5,0,0,1,0,12,0,0,1,1,6,6,1,41,7,1968,2,9,AUDI A5,2,E01001696,0,3
2024010548949,2024,010548949,2,9,0,5,5,1,5,0,0,0,0,4,0,0,4,1,6,6,2,24,5,1984,1,6,AUDI A5,7,E01033742,0,2
2024131526783,2024,131526783,2,9,0,-1,19,3,7,-1,0,0,0,0,0,0,2,1,-1,6,1,38,7,1968,2,9,AUDI A5,8,E01011595,0,3
2024440090791,2024,440090791,2,9,0,4,4,8,4,0,0,0,0,0,0,0,2,1,2,2,1,31,6,1968,2,9,AUDI A5,5,E01022835,0,2
2024340NN3652,2024,340NN3652,1,9,0,-1,19,2,6,-1,0,0,0,0,0,0,1,1,-1,6,1,27,6,1968,2,13,AUDI A5,5,E01026985,0,2
2024411484646,2024,411484646,2,9,0,-1,19,1,5,-1,0,0,0,0,0,0,1,1,-1,6,1,-1,-1,1968,2,8,AUDI A5,-1,-1,0,-1
2024311503931,2024,311503931,1,9,0,-1,19,3,7,-1,0,0,0,0,7,0,1,1,-1,6,1,30,6,1984,1,10,AUDI A5,6,E01028322,0,1
2024522402239,2024,522402239,4,9,0,2,2,0,0,0,0,1,0,0,0,0,1,1,6,6,3,-1,-1,2995,1,10,AUDI A5,-1,-1,0,-1
2024361445520,2024,361445520,1,9,0,-1,9,7,3,-1,0,1,0,0,0,0,1,1,-1,6,1,41,7,1968,2,14,AUDI A5,1,E01026626,0,1
2024201499887,2024,201499887,2,9,0,-1,19,3,7,-1,0,8,0,0,0,0,3,1,-1,9,1,25,5,1984,1,4,AUDI A5,-1,-1,0,-1
2024211394529,2024,211394529,2,9,0,-1,19,8,4,-1,0,0,0,0,0,0,2,1,-1,2,1,24,5,1984,1,4,AUDI A5,1,E01034257,0,4
2024991455457,2024,991455457,1,9,0,-1,19,1,5,-1,0,8,0,0,0,0,1,1,-1,2,1,55,8,1968,2,10,AUDI A5,1,-1,0,3
2024552400971,2024,552400971,1,9,0,18,19,4,8,0,0,8,0,0,3,11,1,1,6,6,1,31,6,1968,2,12,AUDI A5,1,E01020575,0,1
2024440190730,2024,440190730,1,9,0,18,19,2,6,0,0,1,0,0,0,0,1,1,2,2,1,38,7,1968,2,10,AUDI A5,2,E01017106,0,4