collision_index,collision_year,collision_ref_no,vehicle_reference,vehicle_type,towing_and_articulation,vehicle_manoeuvre_historic,vehicle_manoeuvre,vehicle_direction_from,vehicle_direction_to,vehicle_location_restricted_lane_historic,vehicle_location_restricted_lane,junction_location,skidding_and_overturning,hit_object_in_carriageway,vehicle_leaving_carriageway,hit_object_off_carriageway,first_point_of_impact,vehicle_left_hand_drive,journey_purpose_of_driver_historic,journey_purpose_of_driver,sex_of_driver,age_of_driver,age_band_of_driver,engine_capacity_cc,propulsion_code,age_of_vehicle,generic_make_model,driver_imd_decile,lsoa_of_driver,escooter_flag,driver_distance_banding
2024010501768,2024,010501768,1,9,0,5,5,3,7,0,0,8,0,0,0,0,1,1,2,2,1,30,6,1984,1,4,AUDI A5,3,E01000876,0,1
2024010522216,2024,010522216,1,9,0,99,99,9,9,0,0,1,0,0,0,0,2,1,6,6,3,-1,-1,1798,1,11,AUDI A5,-1,-1,0,-1
2024544163024,2024,544163024,1,9,0,18,19,6,2,0,0,0,0,0,1,9,1,1,2,2,1,65,9,1968,2,6,AUDI A5,7,E01032100,0,3
2024430301588,2024,430301588,1,9,0,18,19,6,2,0,0,3,0,0,0,0,1,1,6,6,1,-1,-1,1968,2,4,AUDI A5,-1,-1,0,-1
2024461478627,2024,461478627,2,9,0,-1,3,7,3,-1,0,1,0,0,0,0,1,9,-1,9,1,32,6,1968,2,11,AUDI A5,4,E01035006,0,3
2024302401289,2024,302401289,2,9,0,9,9,6,4,0,0,0,0,0,0,0,4,1,3,7,2,39,7,1968,2,10,AUDI A5,6,E01019878,0,1
2024401423110,2024,401423110,2,9,0,-1,2,0,0,-1,-1,1,0,0,0,0,4,1,-1,7,1,34,6,1968,2,8,AUDI A5,4,E01015804,0,2
2024302401024,2024,302401024,2,9,0,16,19,1,5,0,0,3,0,0,0,0,1,1,3,7,1,34,6,2967,2,17,AUDI A5,5,E01019432,0,2
2024131434772,2024,131434772,1,9,0,-1,19,7,3,-1,0,8,0,0,0,0,1,1,-1,6,1,31,6,2967,2,10,AUDI A5,5,E01011537,0,1
2024991477068,2024,991477068,1,9,0,-1,19,3,7,-1,0,0,0,0,1,11,1,1,-1,9,1,66,10,1984,1,3,AUDI A5,-1,-1,0,-1
2024052401166,2024,052401166,2,9,0,18,19,1,5,0,0,8,0,0,0,0,4,1,2,2,1,45,7,2967,2,11,AUDI A5,9,E01007070,0,1
2024471463000,2024,471463000,2,9,0,-1,3,7,3,-1,0,1,0,99,0,0,1,1,-1,6,1,37,7,1968,2,13,AUDI A5,3,E01017080,0,4
2024010525995,2024,010525995,1,9,0,9,9,3,1,0,0,8,0,0,0,0,1,1,6,6,1,24,5,4163,1,13,AUDI A5,3,E01000089,0,1
2024430221043,2024,430221043,1,9,0,18,19,6,2,0,0,0,0,0,0,0,1,1,6,6,1,49,8,1984,1,12,AUDI A5,3,E01033421,0,3
2024231496523,2024,231496523,1,9,0,-1,4,4,8,-1,0,1,0,0,0,0,2,1,-1,9,1,30,6,1968,2,9,AUDI A5,8,E01025864,0,2
2024401496158,2024,401496158,2,9,0,-1,-1,-1,-1,-1,-1,0,-1,-1,-1,0,3,9,-1,2,1,25,5,1984,1,5,AUDI A5,7,E01017513,0,3
2024201458739,2024,201458739,1,9,0,-1,19,5,1,-1,0,4,0,0,0,0,1,1,-1,6,1,38,7,1984,1,6,AUDI A5,2,E01010059,0,2
2024461421010,2024,461421010,1,9,0,-1,9,3,1,-1,0,4,0,0,0,0,4,1,-1,6,2,37,7,1968,2,14,AUDI A5,3,E01035313,0,1
2024461467794,2024,461467794,1,9,0,-1,19,4,8,-1,0,1,0,0,0,0,1,9,-1,6,3,-1,-1,1984,1,14,AUDI A5,-1,-1,0,-1
2024010510919,2024,010510919,1,9,0,17,19,7,3,0,0,6,0,0,0,0,1,1,6,6,1,24,5,1984,1,1,AUDI A5,5,E01002004,0,2
2024340WN1832,2024,340WN1832,1,9,0,-1,9,7,4,-1,0,5,0,0,0,0,4,1,-1,9,2,35,6,2967,2,6,AUDI A5,8,E01027250,0,1
2024231479257,2024,231479257,1,9,0,-1,19,4,1,-1,0,0,1,0,1,11,1,9,-1,6,1,21,5,2967,2,16,AUDI A5,8,E01029865,0,2
2024070533278,2024,070533278,2,9,0,3,3,3,7,0,0,0,0,0,0,0,2,1,6,6,1,34,6,1968,2,14,AUDI A5,9,E01018684,0,2
2024070635068,2024,070635068,1,9,0,18,19,7,3,0,0,0,0,0,0,0,1,1,6,6,1,52,8,1968,2,14,AUDI A5,2,E01007214,0,4
2024211448275,2024,211448275,2,9,0,-1,19,1,5,-1,0,0,0,4,0,0,1,1,-1,9,1,35,6,1968,2,4,AUDI A5,4,E01014623,0,5
2024201545182,2024,201545182,2,9,0,-1,3,1,5,-1,0,1,0,0,0,0,2,9,-1,1,1,33,6,1984,1,5,AUDI A5,5,E01011765,0,5
2024451415673,2024,451415673,1,9,0,-1,10,5,1,-1,0,5,0,0,0,0,2,1,-1,7,2,50,8,1798,1,10,AUDI A5,9,E01030661,0,1
2024221500479,2024,221500479,1,9,0,-1,19,8,4,-1,0,1,0,0,0,0,1,1,-1,6,2,37,7,1968,2,12,AUDI A5,4,E01014169,0,1
2024371423983,2024,371423983,1,9,0,-1,9,5,2,-1,0,8,0,0,0,0,3,1,-1,9,1,34,6,2967,2,13,AUDI A5,2,E01030032,0,1
2024101421340,2024,101421340,2,9,-1,-1,3,2,4,-1,0,4,0,0,0,0,2,9,-1,9,1,57,9,1968,2,4,AUDI A5,7,E01008876,0,1
2024631428134,2024,631428134,2,9,0,-1,19,6,2,-1,0,8,0,0,0,0,4,1,-1,6,2,29,6,1968,2,9,AUDI A5,2,W01000483,0,1
2024041433688,2024,041433688,1,9,0,-1,15,5,1,-1,0,1,0,0,0,0,1,1,-1,9,1,50,8,1968,2,8,AUDI A5,8,E01025038,0,1
2024401531276,2024,401531276,2,9,0,-1,19,8,4,-1,0,0,1,0,1,0,1,1,-1,6,1,23,5,1968,2,13,AUDI A5,4,E01023403,0,4
2024440152070,2024,440152070,1,9,0,18,19,5,1,0,0,0,0,0,1,3,1,1,6,6,1,52,8,1968,2,5,AUDI A5,6,E01035457,0,2
2024332400149,2024,332400149,1,9,0,-1,19,8,4,-1,0,0,0,0,0,0,2,1,-1,9,1,56,9,1968,2,4,AUDI A5,5,E01000316,0,5
2024991523386,2024,991523386,3,9,0,-1,2,0,0,-1,0,0,0,0,0,0,2,1,-1,6,-1,-1,-1,1984,1,0,AUDI A5,-1,-1,0,-1
2024471423242,2024,471423242,1,9,0,-1,19,7,3,-1,0,0,0,0,0,0,1,1,-1,6,1,-1,-1,1984,1,5,AUDI A5,3,E01021048,0,2
2024010503009,2024,010503009,2,9,0,4,4,1,5,0,0,1,0,0,0,0,2,1,6,6,1,53,8,1968,2,3,AUDI A5,3,E01004400,0,2
2024340WN2842,2024,340WN2842,1,9,0,-1,12,4,8,-1,0,1,0,0,0,0,1,1,-1,6,2,50,8,1984,1,6,AUDI A5,-1,-1,0,-1
2024201533598,2024,201533598,1,9,0,-1,19,1,5,-1,0,2,0,0,0,0,1,1,-1,6,1,30,6,1968,2,13,AUDI A5,4,E01010558,0,1
2024010502347,2024,010502347,2,9,0,99,99,9,9,99,99,9,9,99,9,99,1,9,6,6,3,-1,-1,1968,2,6,AUDI A5,9,E01027053,0,4
2024201418141,2024,201418141,2,9,0,-1,19,8,4,-1,0,0,0,0,0,0,1,1,-1,7,2,34,6,1984,1,15,AUDI A5,2,E01009742,0,1
2024101430669,2024,101430669,2,9,0,-1,12,5,1,-1,0,0,0,4,0,0,1,1,-1,6,1,42,7,1984,1,1,AUDI A5,5,E01027365,0,4
2024201531202,2024,201531202,1,9,0,-1,19,7,3,-1,0,0,0,0,0,0,1,9,-1,6,1,-1,-1,1968,2,14,AUDI A5,-1,-1,0,-1
2024010552104,2024,010552104,1,9,0,11,11,5,1,0,0,5,0,10,0,0,1,1,6,6,2,39,7,1968,2,7,AUDI A5,8,E01002341,0,3
2024010539168,2024,010539168,1,9,0,99,99,9,9,99,99,9,9,99,9,99,2,9,6,6,1,29,6,1984,1,15,AUDI A5,8,E01002199,0,2
2024061530565,2024,061530565,1,9,0,-1,1,1,6,-1,0,1,0,0,0,0,2,1,-1,9,1,33,6,1968,2,13,AUDI A5,5,E01006055,0,2
2024430308263,2024,430308263,2,9,0,9,9,4,2,7,6,5,0,0,0,0,2,1,6,6,1,53,8,1968,2,9,AUDI A5,10,E01016776,0,4
2024371479025,2024,371479025,1,9,0,-1,19,3,7,-1,0,0,0,0,1,0,1,1,-1,2,1,20,4,1984,1,3,AUDI A5,6,E01030112,0,1
2024201470353,2024,201470353,2,9,0,-1,19,8,4,-1,0,8,0,0,0,0,3,1,-1,6,2,32,6,1968,2,15,AUDI A5,2,E01008894,0,1
2024141488951,2024,141488951,1,9,0,-1,19,6,2,-1,0,0,5,0,1,4,1,1,-1,6,1,19,4,1968,2,4,AUDI A5,-1,-1,0,-1
2024461461382,2024,461461382,2,9,0,-1,19,7,3,-1,0,1,0,0,0,0,1,1,-1,9,1,32,6,1798,1,12,AUDI A5,5,E01032653,0,4
2024161444663,2024,161444663,1,9,0,-1,19,2,6,-1,0,1,5,4,0,0,1,1,-1,6,2,34,6,1968,2,6,AUDI A5,9,E01012770,0,1
2024161517562,2024,161517562,1,9,0,-1,19,6,2,-1,0,2,0,0,0,0,1,1,-1,9,1,49,8,1968,2,11,AUDI A5,4,E01026285,0,4
2024440043912,2024,440043912,2,9,0,18,19,6,2,0,0,0,1,0,5,6,3,1,6,6,1,77,11,2967,2,16,AUDI A5,10,E01022675,0,1
2024440073732,2024,440073732,1,9,0,18,19,7,3,0,0,6,0,0,0,0,1,1,6,6,1,26,6,2967,2,16,AUDI A5,8,E01023232,0,2
2024111401699,2024,111401699,1,9,0,-1,19,7,3,-1,0,0,0,10,1,0,4,1,-1,6,1,63,9,1968,2,7,AUDI A5,3,E01020871,0,3
2024622400848,2024,622400848,1,9,0,18,19,8,4,0,0,0,0,0,0,0,1,1,6,6,1,47,8,2967,2,16,AUDI A5,4,W01001314,0,1
2024122500438,2024,122500438,1,9,0,18,19,7,3,0,0,0,5,0,1,11,1,1,6,6,1,39,7,2967,2,16,AUDI A5,7,E01027742,0,1
2024471497435,2024,471497435,2,9,0,-1,19,6,2,-1,0,8,0,0,0,0,1,1,-1,6,1,35,6,1984,2,15,AUDI A5,6,E01031831,0,1
2024631425464,2024,631425464,1,9,0,-1,19,2,7,-1,0,2,0,0,0,0,1,1,-1,6,1,21,5,1968,2,12,AUDI A5,5,W01000697,0,3
2024471529947,2024,471529947,1,9,0,-1,12,1,5,-1,0,0,0,0,0,0,1,1,-1,9,2,56,9,1968,2,5,AUDI A5,9,E01031380,0,1
2024010546552,2024,010546552,2,9,0,13,13,5,1,0,0,0,1,10,0,0,4,1,6,6,1,41,7,1968,2,7,AUDI A5,9,E01003775,0,1
2024131412474,2024,131412474,1,9,0,-1,9,2,2,-1,0,6,0,0,0,0,2,1,-1,6,1,24,5,1968,2,2,AUDI A5,6,E01027692,0,4
2024471421059,2024,471421059,3,9,0,-1,9,1,7,-1,0,6,0,0,0,0,1,1,-1,6,1,46,8,1984,1,4,AUDI A5,8,E01017008,0,1
2024461425201,2024,461425201,2,9,0,-1,3,7,2,-1,0,1,0,0,0,0,2,1,-1,2,1,40,7,1968,2,7,AUDI A5,3,E01033092,0,1
2024622400307,2024,622400307,2,9,0,18,19,1,6,0,0,8,0,0,0,0,1,1,2,2,1,61,9,1968,2,13,AUDI A5,3,W01001272,0,4
2024471499760,2024,471499760,1,9,0,-1,3,1,5,-1,0,4,0,0,0,0,2,1,-1,9,1,44,7,1968,2,10,AUDI A5,4,E01024656,0,5
2024371405675,2024,371405675,1,9,0,-1,5,4,8,-1,0,7,0,0,0,0,1,9,-1,6,1,34,6,1968,2,8,AUDI A5,3,E01002493,0,5
2024201515496,2024,201515496,1,9,0,-1,19,6,2,-1,0,0,0,0,0,0,1,1,-1,6,1,32,6,1968,2,10,AUDI A5,1,E01010053,0,1
2024552401446,2024,552401446,1,9,0,12,12,5,1,0,0,0,0,0,0,0,3,1,6,6,1,33,6,1968,2,7,AUDI A5,2,E01014626,0,4
2024010497647,2024,010497647,2,9,0,18,19,3,7,0,0,4,0,0,7,11,1,1,6,6,2,28,6,1968,2,2,AUDI A5,8,E01007618,0,5
2024010535399,2024,010535399,1,9,0,18,19,3,7,0,0,1,1,0,0,0,1,1,6,6,1,30,6,1984,1,3,AUDI A5,3,E01003079,0,2
2024311527410,2024,311527410,1,9,0,-1,19,8,3,-1,0,1,0,0,0,0,1,9,-1,6,3,-1,-1,1968,2,9,AUDI A5,-1,-1,0,-1
2024320547670,2024,320547670,1,9,0,-1,-1,4,8,0,0,8,0,0,0,0,3,1,-1,-1,1,-1,-1,1968,2,1,AUDI A5,-1,-1,0,-1
2024201434797,2024,201434797,1,9,0,-1,13,2,6,-1,0,1,0,10,1,11,1,1,-1,9,1,21,5,1984,1,9,AUDI A5,5,E01009283,0,1
2024302401290,2024,302401290,2,9,0,5,5,3,1,0,0,4,0,0,0,0,1,1,6,6,1,35,6,2967,2,15,AUDI A5,4,E01019431,0,3
2024552400963,2024,552400963,1,9,0,18,19,2,6,0,0,0,2,0,1,9,0,1,6,6,1,48,8,1968,2,5,AUDI A5,3,E01002603,0,5
2024010544472,2024,010544472,3,9,0,18,19,7,3,0,0,1,0,4,0,0,1,1,6,6,1,33,6,1984,1,3,AUDI A5,-1,-1,0,-1
2024991460150,2024,991460150,1,9,0,-1,19,1,5,-1,0,0,0,0,0,0,3,1,-1,6,1,40,7,1984,1,4,AUDI A5,7,-1,0,1
2024061443636,2024,061443636,1,9,-1,-1,-1,-1,-1,-1,-1,-1,-1,-1,-1,0,-1,9,-1,6,1,-1,-1,1968,2,9,AUDI A5,9,E01005549,0,1
2024440326163,2024,440326163,2,9,0,17,19,1,7,0,0,1,0,0,0,0,1,1,6,6,2,43,7,1968,2,11,AUDI A5,10,E01022891,0,1
2024201532255,2024,201532255,1,9,0,-1,6,5,5,-1,0,0,0,0,0,0,2,9,-1,6,1,32,6,1968,2,7,AUDI A5,-1,-1,0,-1
2024221498721,2024,221498721,1,9,0,-1,19,8,4,-1,0,0,0,0,0,0,4,1,-1,9,1,32,6,1968,2,7,AUDI A5,6,E01014173,0,3
2024622400092,2024,622400092,1,9,0,9,9,8,6,0,0,5,0,0,0,0,4,1,6,6,1,20,4,2967,2,16,AUDI A5,1,W01001881,0,1
2024421435730,2024,421435730,2,9,0,-1,5,3,3,-1,0,0,0,0,0,0,2,1,-1,2,2,45,7,1798,1,14,AUDI A5,5,E01003757,0,4
2024161415955,2024,161415955,1,9,0,-1,12,1,5,-1,0,0,1,10,7,0,1,1,-1,6,1,31,6,2698,2,15,AUDI A5,1,E01012788,0,1
2024531517526,2024,531517526,1,9,0,-1,19,5,1,-1,0,1,5,10,1,0,1,1,-1,9,1,41,7,1968,2,9,AUDI A5,3,E01022237,0,1
2024552401437,2024,552401437,1,9,0,13,13,6,2,0,0,0,0,0,0,0,4,1,6,6,1,31,6,2967,2,16,AUDI A5,5,E01020530,0,4
2024010533469,2024,010533469,1,9,0,3,3,1,5,0,0,0,0,0,0,0,2,1,6,6,1,33,6,1968,2,2,AUDI A5,4,E01001972,0,1
2024430596272,2024,430596272,1,9,0,10,10,2,8,0,0,2,0,0,0,0,3,1,6,6,1,28,6,1984,1,5,AUDI A5,7,E01034463,0,2
2024543528324,2024,543528324,1,9,0,18,19,7,2,0,0,1,0,0,0,0,1,1,6,6,1,22,5,1968,2,14,AUDI A5,5,E01015494,0,1
2024101460285,2024,101460285,1,9,0,-1,19,5,1,-1,0,8,0,0,0,0,1,1,-1,2,2,25,5,1968,2,14,AUDI A5,-1,-1,0,-1
2024411515223,2024,411515223,1,9,0,-1,5,7,3,-1,0,0,0,0,0,0,3,1,-1,6,1,24,5,1984,1,11,AUDI A5,6,E01023462,0,3
2024332400208,2024,332400208,2,9,0,-1,3,4,8,-1,0,4,0,0,0,0,2,1,-1,6,3,-1,-1,1968,2,15,AUDI A5,-1,-1,0,-1
2024531500700,2024,531500700,2,9,0,-1,4,1,5,-1,0,8,0,0,0,0,2,1,-1,7,1,52,8,1968,2,7,AUDI A5,6,E01022442,0,1
2024010498183,2024,010498183,2,9,0,13,13,7,3,0,0,1,0,0,0,0,1,1,2,2,1,26,6,1984,1,5,AUDI A5,2,E01033709,0,1
2024201476806,2024,201476806,1,9,0,-1,19,4,8,-1,0,0,0,0,0,0,1,9,-1,6,3,44,7,1968,2,12,AUDI A5,-1,-1,0,-1
2024421528575,2024,421528575,1,9,0,-1,19,7,3,-1,0,0,0,0,0,0,4,1,-1,9,2,44,7,1968,2,6,AUDI A5,9,E01021346,0,1
2024010493455,2024,010493455,1,9,0,18,19,5,1,0,0,8,1,0,0,0,1,1,6,6,3,34,6,1984,1,7,AUDI A5,-1,-1,0,-1
2024421455702,2024,421455702,1,9,0,-1,19,3,7,-1,0,0,2,0,0,0,4,1,-1,6,1,77,11,1984,1,1,AUDI A5,-1,-1,0,-1
2024122401306,2024,122401306,1,9,0,2,2,0,0,0,0,0,0,0,0,0,2,1,2,2,1,33,6,1968,2,11,AUDI A5,6,E01027648,0,1
2024010526626,2024,010526626,1,9,0,99,99,9,9,99,99,9,9,99,9,99,2,9,2,2,1,35,6,1968,2,7,AUDI A5,2,E01001437,0,1
2024010536918,2024,010536918,1,9,0,2,2,0,0,0,0,0,0,0,0,0,1,1,6,6,3,-1,-1,1984,1,13,AUDI A5,-1,-1,0,-1
2024411490018,2024,411490018,3,9,0,-1,3,4,8,-1,0,0,0,0,0,0,2,1,-1,6,2,50,8,1968,2,3,AUDI A5,10,E01032895,0,5
2024101476138,2024,101476138,1,9,0,-1,9,1,7,-1,0,6,0,0,0,0,1,1,-1,9,2,61,9,1984,1,5,AUDI A5,9,E01008493,0,1
2024041471925,2024,041471925,1,9,0,-1,9,3,1,-1,0,6,0,0,0,0,1,1,-1,9,2,35,6,1968,2,11,AUDI A5,4,E01006219,0,3
2024991430188,2024,991430188,1,9,0,-1,19,2,6,-1,0,0,0,0,0,0,1,1,-1,9,1,22,5,1968,2,8,AUDI A5,4,-1,0,2
2024520401404,2024,520401404,1,9,0,18,19,2,6,0,0,8,0,0,0,0,2,1,6,6,1,34,6,2967,2,11,AUDI A5,5,E01029094,0,1
2024231473935,2024,231473935,2,9,0,-1,19,3,7,-1,0,8,0,0,1,0,3,9,-1,2,1,31,6,1968,2,7,AUDI A5,4,E01031163,0,2
2024041428072,2024,041428072,2,9,0,-1,5,7,1,-1,0,0,0,0,0,0,2,1,-1,2,2,28,6,1984,1,6,AUDI A5,10,E01025468,0,1
2024520403313,2024,520403313,2,9,0,9,9,7,5,0,0,1,0,0,0,0,1,1,1,1,2,43,7,1968,2,12,AUDI A5,7,E01029243,0,4
2024351427577,2024,351427577,1,9,0,-1,9,3,1,-1,0,1,0,0,0,0,3,1,-1,6,1,43,7,1968,2,9,AUDI A5,10,E01018014,0,3
2024421515576,2024,421515576,2,9,0,-1,9,8,5,-1,0,0,0,0,0,0,4,9,-1,2,1,42,7,1984,1,10,AUDI A5,4,E01021277,0,3
2024010515466,2024,010515466,3,9,0,18,19,1,5,0,0,0,0,0,0,0,1,1,6,6,2,64,9,1984,1,7,AUDI A5,5,E01000589,0,1
2024991537378,2024,991537378,1,9,0,-1,19,6,2,-1,0,0,5,0,0,0,3,1,-1,9,1,18,4,1984,1,0,AUDI A5,5,-1,0,1
2024451523259,2024,451523259,1,9,0,-1,19,5,1,-1,0,1,0,0,0,0,1,1,-1,2,1,29,6,1984,1,1,AUDI A5,7,E01030562,0,1
2024421532619,2024,421532619,1,9,0,-1,19,4,8,-1,0,0,0,0,0,0,1,1,-1,2,1,31,6,1968,2,7,AUDI A5,8,E01021547,0,2
2024010549490,2024,010549490,2,9,0,99,99,9,9,99,99,9,9,99,9,99,9,9,6,6,3,-1,-1,1968,2,3,AUDI A5,-1,-1,0,-1
2024610038724,2024,610038724,1,9,0,18,19,3,7,0,0,1,0,0,0,0,1,1,6,6,1,48,8,1968,2,12,AUDI A5,7,W01001510,0,1
2024311410948,2024,311410948,2,9,0,-1,7,8,2,-1,0,0,0,0,0,0,0,1,-1,6,2,37,7,2967,2,14,AUDI A5,2,E01013835,0,1
2024531430873,2024,531430873,2,9,0,-1,19,3,7,-1,0,8,0,0,0,0,3,1,-1,9,1,61,9,1968,2,10,AUDI A5,9,E01031939,0,4
202454C135724,2024,54C135724,2,9,0,4,4,2,6,0,0,1,0,0,0,0,2,1,6,6,1,25,5,1798,1,13,AUDI A5,6,E01032117,0,1
2024311429173,2024,311429173,1,9,0,-1,5,3,7,-1,0,4,0,0,0,0,3,1,-1,6,2,33,6,1968,2,11,AUDI A5,9,E01028195,0,4
2024302401420,2024,302401420,1,9,0,18,19,5,1,0,0,0,1,0,1,4,1,1,6,6,1,21,5,1984,1,14,AUDI A5,6,E01029413,0,4
2024010534511,2024,010534511,2,9,9,7,7,3,5,0,0,7,9,0,0,0,1,9,6,6,3,-1,-1,2995,1,11,AUDI A5,-1,-1,0,-1
2024411425783,2024,411425783,2,9,0,-1,4,8,4,-1,0,0,0,0,0,0,2,1,-1,2,1,56,9,2967,2,14,AUDI A5,3,E01023357,0,1
2024401422843,2024,401422843,3,9,0,-1,10,1,5,-1,0,8,0,0,0,0,1,1,-1,6,1,63,9,1968,2,8,AUDI A5,7,E01015694,0,1
2024041451433,2024,041451433,1,9,0,-1,9,7,3,-1,0,8,0,0,0,0,1,1,-1,9,1,35,6,1798,1,14,AUDI A5,10,E01025466,0,1
2024361438165,2024,361438165,2,9,0,-1,19,4,8,-1,0,0,0,0,0,0,2,1,-1,6,1,40,7,2967,2,14,AUDI A5,4,E01026823,0,4
2024522402888,2024,522402888,1,9,0,18,19,1,5,0,0,0,0,0,0,0,1,1,6,6,1,28,6,1798,1,9,AUDI A5,1,E01013995,0,4
2024010524310,2024,010524310,2,9,0,2,2,0,0,0,0,8,0,0,0,0,3,1,6,6,3,-1,-1,1968,2,11,AUDI A5,-1,-1,0,-1
2024440487805,2024,440487805,1,9,0,13,13,5,2,0,0,0,0,0,0,0,1,1,6,6,1,63,9,1968,2,14,AUDI A5,10,E01023045,0,4
2024010496901,2024,010496901,1,9,0,17,19,3,1,0,0,2,1,0,0,0,1,1,6,6,1,24,5,2967,2,16,AUDI A5,-1,-1,0,-1
2024231482718,2024,231482718,1,9,0,-1,19,3,8,-1,0,0,2,4,7,3,1,1,-1,9,2,54,8,1968,2,5,AUDI A5,10,E01031214,0,2
2024010508183,2024,010508183,1,9,0,5,5,7,3,0,0,5,0,0,0,0,2,1,6,6,2,43,7,1984,1,12,AUDI A5,-1,-1,0,-1
2024311495640,2024,311495640,1,9,0,-1,7,3,7,-1,0,0,0,0,0,0,1,9,-1,6,1,76,11,1798,1,12,AUDI A5,-1,-1,0,-1
2024552400785,2024,552400785,2,9,0,18,19,5,1,0,0,0,0,0,1,4,1,1,6,6,2,40,7,1968,2,8,AUDI A5,5,E01020456,0,3
2024010497806,2024,010497806,2,9,0,2,2,0,0,0,0,0,0,4,0,0,3,1,6,6,3,-1,-1,1984,1,13,AUDI A5,-1,-1,0,-1
2024451467358,2024,451467358,1,9,0,-1,19,3,7,-1,0,0,0,0,7,4,1,1,-1,6,1,25,5,2967,2,16,AUDI A5,8,E01024098,0,5
2024401490468,2024,401490468,2,9,0,-1,13,3,7,-1,0,0,1,0,1,9,1,1,-1,9,1,23,5,2967,2,16,AUDI A5,-1,-1,0,-1
2024201475118,2024,201475118,2,9,0,-1,4,2,6,-1,0,1,0,0,0,0,2,1,-1,6,1,41,7,1984,1,0,AUDI A5,2,E01009455,0,1
2024161448109,2024,161448109,1,9,0,-1,19,5,1,-1,0,1,0,0,0,0,1,1,-1,6,2,42,7,1968,2,11,AUDI A5,2,E01013002,0,4
2024340NN1142,2024,340NN1142,1,9,0,-1,19,5,1,-1,0,4,0,9,1,0,1,1,-1,9,1,19,4,1968,2,9,AUDI A5,6,E01027090,0,2
2024522403386,2024,522403386,1,9,0,18,19,2,6,0,0,2,0,0,0,0,2,1,6,6,1,39,7,1968,2,12,AUDI A5,9,E01014889,0,1
2024131475620,2024,131475620,1,9,0,-1,19,1,1,-1,0,0,0,0,0,0,1,1,-1,9,1,32,6,1968,2,11,AUDI A5,1,E01010964,0,1
2024201491563,2024,201491563,2,9,0,-1,19,7,3,-1,0,8,0,0,0,0,1,1,-1,6,1,29,6,2967,2,11,AUDI A5,3,E01034330,0,4
2024131514592,2024,131514592,3,9,0,-1,19,5,5,-1,0,0,0,0,0,0,2,1,-1,9,1,33,6,1984,1,6,AUDI A5,1,E01010625,0,2
2024471479587,2024,471479587,2,9,0,-1,19,2,6,-1,0,1,0,0,0,0,1,1,-1,2,1,24,5,1968,2,10,AUDI A5,3,E01021050,0,1
2024421396396,2024,421396396,2,9,0,-1,19,3,7,-1,0,0,0,0,0,0,4,1,-1,7,1,39,7,1984,1,3,AUDI A5,7,E01033137,0,3
2024201455865,2024,201455865,2,9,0,-1,3,4,8,-1,0,0,0,0,0,0,2,9,-1,6,2,43,7,2967,2,9,AUDI A5,2,E01009966,0,1
2024122400862,2024,122400862,2,9,0,4,4,7,3,0,0,0,0,0,0,0,2,1,6,6,2,82,11,1968,2,1,AUDI A5,9,E01027589,0,3
2024332400344,2024,332400344,2,9,0,-1,19,7,3,-1,0,8,0,0,0,0,4,1,-1,9,1,26,6,1968,2,9,AUDI A5,5,E01013612,0,1
2024010500941,2024,010500941,2,9,0,1,1,9,9,99,99,9,9,99,9,99,9,9,6,6,3,-1,-1,1968,2,9,AUDI A5,-1,-1,0,-1
2024211438083,2024,211438083,3,9,0,-1,2,0,0,-1,0,0,0,0,0,0,0,1,-1,6,-1,-1,-1,1968,2,11,AUDI A5,-1,-1,0,-1
2024131532682,2024,131532682,1,9,0,-1,7,7,3,-1,0,1,0,0,0,0,4,1,-1,2,1,36,7,1968,2,11,AUDI A5,1,E01011326,0,1
2024141426535,2024,141426535,2,9,0,-1,9,7,4,-1,0,8,0,0,0,0,4,1,-1,9,1,29,6,1984,1,6,AUDI A5,5,E01007640,0,4
2024221402381,2024,221402381,3,9,0,-1,4,5,1,-1,0,0,0,0,0,0,2,9,-1,6,1,39,7,1968,2,13,AUDI A5,6,E01014051,0,4
2024631511460,2024,631511460,1,9,0,-1,7,7,1,-1,0,6,0,0,0,0,3,1,-1,9,1,40,7,1968,2,14,AUDI A5,1,W01001179,0,4
2024010525321,2024,010525321,1,9,0,18,19,7,3,0,0,1,0,0,0,0,1,1,6,6,1,32,6,1968,2,7,AUDI A5,6,E01001345,0,2
2024010523185,2024,010523185,1,9,0,9,9,2,8,0,0,6,0,0,0,0,1,1,6,6,1,31,6,1395,1,6,AUDI A5,7,E01001587,0,1
2024010524374,2024,010524374,1,9,0,18,19,7,3,0,0,0,0,0,0,0,4,1,6,6,1,30,6,1984,1,14,AUDI A5,4,E01000999,0,2
2024010532570,2024,010532570,1,9,0,9,9,8,6,0,0,6,0,0,0,0,1,1,6,6,3,20,4,1984,1,13,AUDI A5,6,E01002586,0,2
2024010522834,2024,010522834,2,9,0,2,2,0,0,0,0,1,0,0,0,0,2,1,6,6,3,-1,-1,2995,1,11,AUDI A5,-1,-1,0,-1
2024010528005,2024,010528005,3,9,0,99,99,9,9,99,99,9,9,99,9,99,9,9,6,6,3,-1,-1,1968,2,11,AUDI A5,-1,-1,0,-1
2024411482923,2024,411482923,1,9,0,-1,19,6,2,-1,0,0,0,0,0,0,9,9,-1,6,1,58,9,1798,1,8,AUDI A5,6,E01023414,0,1