collision_index,collision_year,collision_ref_no,vehicle_reference,vehicle_type,towing_and_articulation,vehicle_manoeuvre_historic,vehicle_manoeuvre,vehicle_direction_from,vehicle_direction_to,vehicle_location_restricted_lane_historic,vehicle_location_restricted_lane,junction_location,skidding_and_overturning,hit_object_in_carriageway,vehicle_leaving_carriageway,hit_object_off_carriageway,first_point_of_impact,vehicle_left_hand_drive,journey_purpose_of_driver_historic,journey_purpose_of_driver,sex_of_driver,age_of_driver,age_band_of_driver,engine_capacity_cc,propulsion_code,age_of_vehicle,generic_make_model,driver_imd_decile,lsoa_of_driver,escooter_flag,driver_distance_banding
2024991480273,2024,991480273,1,9,0,-1,19,7,2,-1,0,0,0,0,7,4,1,1,-1,9,2,39,7,1968,2,4,AUDI A5,5,-1,0,3
2024010524545,2024,010524545,1,9,0,2,2,9,9,99,99,9,9,99,9,99,9,9,6,6,2,35,6,1984,1,14,AUDI A5,3,E01000005,0,1
2024440517336,2024,440517336,2,9,0,18,19,1,5,0,0,0,0,0,0,0,2,1,6,6,2,47,8,1968,2,8,AUDI A5,10,E01032854,0,2
2024520403271,2024,520403271,1,9,0,9,9,2,8,0,0,2,0,0,0,0,4,1,6,6,2,38,7,1968,2,12,AUDI A5,9,E01029065,0,1
2024471464617,2024,471464617,3,9,0,-1,4,2,6,-1,0,2,0,0,0,0,2,1,-1,9,1,32,6,2967,2,12,AUDI A5,10,E01021162,0,2
2024010518137,2024,010518137,4,9,0,2,2,0,0,0,0,0,0,0,0,0,2,1,6,6,3,-1,-1,1984,1,15,AUDI A5,-1,-1,0,-1
2024010551314,2024,010551314,2,9,0,5,5,1,5,0,0,0,0,0,0,0,1,1,6,6,3,-1,-1,1968,2,1,AUDI A5,-1,-1,0,-1
2024010549189,2024,010549189,2,9,0,1,1,1,5,0,0,1,0,0,0,0,2,2,6,6,1,22,5,1968,2,9,AUDI A5,2,E01001978,0,1
2024041481551,2024,041481551,1,9,0,-1,11,7,3,-1,0,0,0,0,2,4,1,1,-1,9,1,41,7,1984,1,15,AUDI A5,2,E01025503,0,1
2024070543694,2024,070543694,2,9,0,2,2,0,0,0,0,0,0,0,0,0,2,1,6,6,1,-1,-1,1968,2,9,AUDI A5,3,E01018715,0,1
2024061474329,2024,061474329,1,9,0,-1,19,8,4,-1,0,1,0,0,0,0,1,1,-1,9,1,21,5,2698,2,13,AUDI A5,3,E01033680,0,1
2024010534421,2024,010534421,1,9,0,9,9,1,6,0,0,8,0,0,0,0,1,1,6,6,2,43,7,1798,1,13,AUDI A5,4,E01000787,0,1
2024010530847,2024,010530847,2,9,0,99,99,9,9,99,99,0,9,99,9,99,1,9,6,6,3,-1,-1,1968,2,11,AUDI A5,3,E01000506,0,1
2024351510441,2024,351510441,1,9,0,-1,5,1,5,-1,0,8,0,0,0,0,1,1,-1,6,1,26,6,1984,1,15,AUDI A5,6,E01018047,0,1
2024010515189,2024,010515189,1,9,0,18,19,3,7,0,0,0,0,0,0,0,2,1,6,6,1,38,7,1968,2,14,AUDI A5,-1,-1,0,-1
2024411470662,2024,411470662,1,9,0,-1,19,1,5,-1,0,6,0,0,0,0,0,1,-1,2,1,34,6,1968,2,10,AUDI A5,3,E01000503,0,3
2024101515713,2024,101515713,2,9,0,-1,19,6,2,-1,0,8,0,0,0,0,3,1,-1,9,1,54,8,1968,2,11,AUDI A5,5,E01008190,0,2
2024320109506,2024,320109506,1,9,0,9,9,8,6,0,0,8,0,0,0,0,1,1,-1,-1,1,30,6,1242,1,12,CHRYSLER YPSILON,2,E01026056,0,4
2024622400349,2024,622400349,1,9,0,18,19,2,6,0,0,0,0,0,0,0,1,1,6,6,2,33,6,1248,2,13,CHRYSLER YPSILON,3,W01001322,0,3
2024440280028,2024,440280028,1,9,0,18,19,8,4,0,0,0,5,0,7,4,1,1,6,6,1,20,4,875,1,13,CHRYSLER YPSILON,1,E01022968,0,1
2024061492697,2024,061492697,1,9,0,-1,1,-1,-1,-1,99,8,0,99,7,99,1,1,-1,9,1,28,6,1242,1,10,CHRYSLER YPSILON,1,E01005611,0,1
2024461491790,2024,461491790,1,9,0,-1,10,3,1,-1,9,0,0,0,0,0,1,2,-1,9,2,76,11,875,1,11,CHRYSLER YPSILON,-1,-1,0,-1
2024522402841,2024,522402841,1,9,0,18,19,5,1,0,0,0,1,4,0,0,0,1,6,6,2,25,5,1242,1,10,CHRYSLER YPSILON,3,E01014811,0,1
202454C346624,2024,54C346624,1,9,0,18,19,2,6,0,0,0,0,0,0,0,1,1,6,6,1,19,4,1242,1,11,CHRYSLER YPSILON,9,E01020146,0,5
2024991411250,2024,991411250,1,9,0,-1,19,3,7,-1,0,0,1,0,1,1,1,1,-1,9,2,51,8,1242,1,12,CHRYSLER YPSILON,4,-1,0,2
2024061447655,2024,061447655,1,9,0,-1,19,1,5,-1,-1,0,0,0,0,0,4,1,-1,2,2,30,6,1242,1,10,CHRYSLER YPSILON,6,E01024961,0,3
2024141419276,2024,141419276,2,9,0,-1,9,4,1,-1,0,1,0,0,0,0,1,9,-1,6,3,20,4,1242,1,11,CHRYSLER YPSILON,-1,-1,0,-1
2024161435684,2024,161435684,1,9,0,-1,19,7,3,-1,0,1,0,0,0,0,1,1,-1,9,2,32,6,1242,1,12,CHRYSLER YPSILON,10,E01013436,0,3
2024552400482,2024,552400482,1,5,0,14,14,3,7,0,0,8,0,0,0,0,1,1,6,6,1,46,8,937,1,2,-1,9,E01015403,0,1
2024501491154,2024,501491154,2,3,0,-1,19,5,1,-1,0,1,2,0,0,0,1,1,-1,6,1,22,5,125,1,20,HONDA CBR,6,E01020187,0,3
2024141514039,2024,141514039,2,3,0,-1,7,7,1,-1,0,1,0,0,0,0,3,1,-1,6,1,30,6,125,1,13,HONDA CBR,3,E01007720,0,1
2024411510439,2024,411510439,2,4,0,-1,19,7,3,-1,0,0,1,0,0,0,4,1,-1,9,2,22,5,471,1,11,HONDA CBR,5,E01021820,0,2
2024631479746,2024,631479746,1,5,0,-1,19,5,1,-1,0,0,0,0,0,0,3,1,-1,9,2,29,6,471,1,1,HONDA CBR,6,W01001195,0,4
2024461471469,2024,461471469,3,5,0,-1,19,6,4,-1,0,0,0,0,0,0,3,1,-1,6,1,23,5,599,1,17,HONDA CBR,3,E01024539,0,1
2024052401007,2024,052401007,2,5,0,18,19,3,7,0,0,8,0,0,0,0,1,1,6,6,1,45,7,998,1,17,HONDA CBR,1,E01006693,0,2
2024201456844,2024,201456844,1,5,0,-1,19,1,5,-1,0,0,0,0,0,0,1,1,-1,6,1,31,6,998,1,19,HONDA CBR,2,E01009872,0,1
2024531455096,2024,531455096,1,3,0,-1,13,3,7,-1,0,1,0,0,0,0,1,1,-1,6,2,21,5,124,1,19,HONDA CBR,9,E01022453,0,3
2024430239897,2024,430239897,1,5,0,9,9,8,6,0,0,6,0,0,0,0,0,1,2,2,1,50,8,998,1,17,HONDA CBR,7,E01028499,0,1
2024010528181,2024,010528181,2,5,0,18,19,3,7,2,2,8,0,0,0,0,1,1,6,6,1,40,7,649,1,1,HONDA CBR,5,E01000146,0,2
2024421426635,2024,421426635,1,5,0,-1,19,2,6,-1,0,0,1,10,2,0,4,1,-1,9,1,47,8,999,1,12,HONDA CBR,7,E01021353,0,3
2024302400076,2024,302400076,2,4,0,18,19,5,1,0,0,1,0,0,0,0,1,1,6,6,1,35,6,125,1,12,HONDA CBR,5,E01019432,0,2
2024421467727,2024,421467727,2,5,0,-1,19,1,5,-1,0,0,0,0,0,0,1,1,-1,9,1,24,5,1000,1,16,HONDA CBR,6,E01021730,0,2
2024501477124,2024,501477124,1,3,0,-1,19,7,3,-1,0,0,2,0,0,0,4,1,-1,9,2,17,4,125,1,9,HONDA CBR,9,E01020201,0,1
2024501443350,2024,501443350,2,3,0,-1,19,7,3,-1,0,1,0,0,0,0,1,1,-1,9,1,17,4,125,1,11,HONDA CBR,6,E01020187,0,2
2024010536666,2024,010536666,1,3,0,16,19,3,7,0,0,0,1,0,0,0,0,1,6,6,1,18,4,125,1,7,HONDA CBR,2,E01002804,0,1
2024411421005,2024,411421005,2,5,0,-1,19,8,3,-1,0,0,0,0,0,0,1,1,-1,6,2,55,8,649,1,1,HONDA CBR,5,E01017440,0,3
2024101504913,2024,101504913,2,5,0,-1,7,8,2,-1,0,1,0,0,0,0,1,1,-1,6,1,-1,-1,999,1,12,HONDA CBR,-1,-1,0,-1
2024041461789,2024,041461789,1,5,0,-1,15,8,4,-1,0,1,0,0,0,0,1,1,-1,6,1,26,6,599,1,19,HONDA CBR,1,E01024885,0,1
2024161474313,2024,161474313,2,4,0,-1,13,8,4,-1,0,8,0,0,0,0,1,1,-1,9,1,27,6,471,1,7,HONDA CBR,3,E01013231,0,1
2024010550367,2024,010550367,1,3,0,99,99,9,9,99,99,1,9,99,9,99,1,1,6,6,1,30,6,599,1,13,HONDA CBR,6,E01003140,0,1
2024101468022,2024,101468022,1,5,0,-1,19,7,3,-1,0,0,1,0,0,0,3,1,-1,9,1,50,8,998,1,18,HONDA CBR,3,E01032648,0,1
2024991502846,2024,991502846,2,3,0,-1,19,7,3,-1,2,8,0,0,0,0,3,1,-1,9,1,19,4,125,1,7,HONDA CBR,6,-1,0,3
2024211454334,2024,211454334,2,4,0,-1,13,4,8,-1,0,1,0,0,0,0,4,1,-1,6,1,26,6,471,1,3,HONDA CBR,3,E01029404,0,1
2024471487980,2024,471487980,2,5,0,-1,19,4,1,-1,0,8,0,0,0,0,1,1,-1,2,1,37,7,599,1,20,HONDA CBR,10,E01031804,0,1
2024061461404,2024,061461404,1,5,0,-1,14,7,3,-1,0,1,0,0,0,0,1,1,-1,2,1,52,8,1000,1,18,HONDA CBR,2,E01006309,0,1
2024461512319,2024,461512319,2,5,0,-1,19,8,8,-1,0,1,0,0,0,0,4,1,-1,6,1,25,5,599,1,25,HONDA CBR,5,E01024304,0,4
2024010521493,2024,010521493,1,5,0,99,99,9,9,99,99,9,9,99,9,99,9,1,6,6,1,53,8,649,1,5,HONDA CBR,8,E01004118,0,3
2024991452936,2024,991452936,2,5,0,-1,19,2,6,-1,0,0,0,0,0,0,1,1,-1,6,1,51,8,918,1,27,HONDA CBR,-1,-1,0,-1
2024201502539,2024,201502539,2,5,0,-1,19,4,8,-1,0,0,2,0,0,0,1,1,-1,9,1,27,6,998,1,18,HONDA CBR,5,E01009802,0,1
2024461428007,2024,461428007,1,5,0,-1,19,3,7,-1,0,0,0,0,0,0,1,1,-1,6,1,69,10,599,1,24,HONDA CBR,4,E01024364,0,3
2024311418072,2024,311418072,2,5,0,-1,9,2,6,-1,0,1,1,0,0,0,2,1,-1,6,1,39,7,649,1,4,HONDA CBR,1,E01027930,0,1
2024010542919,2024,010542919,2,5,0,18,19,3,7,0,0,1,0,0,0,0,3,1,6,6,1,37,7,599,1,15,HONDA CBR,-1,-1,0,-1
2024501445252,2024,501445252,2,5,0,-1,19,1,5,-1,0,1,1,0,7,0,1,1,-1,2,1,21,5,998,1,32,HONDA CBR,8,E01020306,0,1
2024302400156,2024,302400156,1,3,0,17,19,2,8,0,0,0,1,0,1,2,1,1,6,6,1,18,4,125,1,7,HONDA CBR,2,E01019549,0,1
2024340WN2422,2024,340WN2422,2,5,0,-1,19,5,1,-1,0,1,0,0,0,0,3,1,-1,6,1,19,4,471,1,8,HONDA CBR,3,E01027154,0,1
2024041509713,2024,041509713,1,4,0,-1,2,7,3,-1,0,1,5,0,0,0,1,1,-1,6,1,20,4,471,1,1,HONDA CBR,10,E01025015,0,3
2024010533929,2024,010533929,3,5,0,18,19,1,5,0,0,1,0,0,0,0,1,1,6,6,1,20,4,998,1,6,HONDA CBR,1,E01001442,0,2
2024531467179,2024,531467179,1,5,0,-1,19,5,1,-1,0,8,2,0,0,0,1,1,-1,9,1,65,9,649,1,1,HONDA CBR,6,E01022341,0,3
2024010519046,2024,010519046,2,4,0,18,19,1,5,0,0,8,1,0,0,0,1,1,6,6,1,26,6,471,1,1,HONDA CBR,4,E01000633,0,1
2024320401467,2024,320401467,1,3,0,-1,-1,3,7,0,0,2,1,0,1,3,1,1,-1,-1,1,23,5,649,1,3,HONDA CBR,5,E01026243,0,3
2024010510098,2024,010510098,1,5,9,99,99,9,9,99,99,9,9,99,9,99,9,1,6,6,1,38,7,599,1,13,HONDA CBR,3,E01003593,0,1
2024010545763,2024,010545763,1,5,0,14,14,7,3,0,0,1,0,0,0,0,1,1,2,2,1,36,7,649,1,3,HONDA CBR,5,E01015972,0,4
2024010522257,2024,010522257,1,5,0,99,99,9,9,99,99,9,9,99,9,99,9,1,6,6,1,46,8,649,1,4,HONDA CBR,10,E01030754,0,3
2024041436074,2024,041436074,1,5,0,-1,19,1,1,-1,0,0,1,0,0,0,4,1,-1,9,1,53,8,599,1,24,HONDA CBR,1,E01012687,0,3
2024622400073,2024,622400073,2,5,0,18,19,6,2,0,0,1,0,0,0,0,1,1,6,6,1,60,9,599,1,16,HONDA CBR,6,W01000774,0,1
2024991444184,2024,991444184,1,5,0,-1,19,1,5,-1,0,0,0,0,1,0,3,1,-1,9,1,65,9,599,1,17,HONDA CBR,10,-1,0,5
2024440466708,2024,440466708,1,3,0,18,19,4,2,0,0,8,0,0,0,0,1,1,6,6,1,32,6,125,1,12,HONDA CBR,6,E01017025,0,1
2024411476090,2024,411476090,2,5,0,-1,19,3,7,-1,0,1,0,0,0,0,1,1,-1,6,1,39,7,471,1,10,HONDA CBR,4,E01015776,0,3
202460Q030628,2024,60Q030628,2,5,0,17,19,7,3,0,0,0,0,0,0,0,0,1,6,6,1,37,7,599,1,22,HONDA CBR,-1,-1,0,-1
2024501482214,2024,501482214,2,3,0,-1,13,5,1,-1,0,0,1,11,0,0,3,1,-1,6,1,19,4,125,1,9,HONDA CBR,6,E01015225,0,2
2024401423440,2024,401423440,1,5,0,-1,11,7,3,-1,0,0,1,0,1,0,1,1,-1,2,1,21,5,649,1,5,HONDA CBR,6,E01017511,0,1
2024461490284,2024,461490284,1,5,0,-1,19,5,2,-1,9,6,0,10,1,11,1,1,-1,6,1,53,8,929,1,24,HONDA CBR,2,E01016046,0,1
2024471448896,2024,471448896,2,5,0,-1,19,4,8,-1,0,1,5,0,0,0,1,1,-1,1,1,37,7,599,1,20,HONDA CBR,1,E01020995,0,1
2024461441027,2024,461441027,1,3,0,-1,19,2,4,-1,0,3,0,0,0,0,3,1,-1,6,1,18,4,125,1,7,HONDA CBR,4,E01024208,0,2
2024451455958,2024,451455958,2,5,0,-1,13,7,3,-1,0,0,2,0,0,0,4,1,-1,2,1,24,5,599,1,18,HONDA CBR,9,E01023097,0,2
2024061419220,2024,061419220,2,2,0,-1,19,-1,-1,-1,0,0,0,0,0,0,1,1,-1,6,3,27,6,125,1,7,HONDA CBR,3,E01005179,0,1
2024231442478,2024,231442478,2,5,0,-1,19,4,8,-1,0,8,0,0,0,0,1,1,-1,6,1,29,6,599,1,13,HONDA CBR,10,E01027293,0,4
2024371496582,2024,371496582,1,3,0,-1,9,5,3,-1,0,0,1,0,0,0,3,1,-1,2,1,17,4,125,1,17,HONDA CBR,8,E01029923,0,3
2024411462939,2024,411462939,2,3,0,-1,19,5,1,-1,0,0,5,4,0,0,2,1,-1,2,2,28,6,125,1,13,HONDA CBR,9,E01023597,0,3
2024371451749,2024,371451749,1,5,0,-1,19,5,1,-1,0,0,0,11,5,6,1,1,-1,6,1,45,7,918,1,25,HONDA CBR,6,E01030041,0,2
2024440500465,2024,440500465,1,3,0,18,19,6,2,0,0,8,0,0,0,0,0,1,6,6,1,18,4,125,1,18,HONDA CBR,10,E01022729,0,2
2024421447603,2024,421447603,1,5,0,-1,13,2,6,-1,0,0,0,0,0,0,1,1,-1,9,1,58,9,649,1,4,HONDA CBR,8,E01021433,0,3
2024552400530,2024,552400530,1,5,0,14,14,6,2,0,0,0,1,0,0,0,1,1,2,2,1,42,7,998,1,17,HONDA CBR,6,E01020543,0,1
2024440167728,2024,440167728,2,5,0,13,13,6,2,0,0,1,0,0,0,0,1,1,6,6,1,31,6,649,1,6,HONDA CBR,2,E01022964,0,1
2024411499544,2024,411499544,1,3,0,-1,19,1,5,-1,0,0,1,10,3,2,4,1,-1,6,1,34,6,125,1,12,HONDA CBR,6,E01023340,0,1
2024440377255,2024,440377255,1,5,0,18,19,5,1,0,0,1,0,0,0,0,4,1,6,6,1,36,7,999,1,16,HONDA CBR,10,E01022470,0,4
2024430430952,2024,430430952,1,5,0,17,19,5,2,0,0,0,0,0,0,0,3,1,2,2,1,42,7,999,1,15,HONDA CBR,6,E01016306,0,1
202454C592424,2024,54C592424,1,5,0,18,19,5,1,0,0,0,1,0,1,0,0,1,6,6,1,24,5,599,1,13,HONDA CBR,8,E01032709,0,1
2024471422608,2024,471422608,1,3,0,-1,13,3,7,-1,0,2,0,0,7,0,1,1,-1,6,1,29,6,125,1,13,HONDA CBR,5,E01021021,0,1
2024221486301,2024,221486301,1,5,0,-1,13,5,1,-1,0,0,0,0,2,10,1,1,-1,6,1,21,5,599,1,24,HONDA CBR,5,E01028834,0,3
2024610051224,2024,610051224,1,5,0,18,19,2,6,0,0,1,1,0,0,0,1,1,6,6,1,35,6,599,1,21,HONDA CBR,1,W01001659,0,1
2024371465253,2024,371465253,1,3,0,-1,19,7,3,-1,0,0,0,0,0,0,0,1,-1,6,1,43,7,125,1,11,HONDA CBR,8,E01034570,0,2
2024311512606,2024,311512606,2,3,0,-1,19,1,5,-1,0,3,1,0,1,0,2,1,-1,6,1,17,4,125,1,9,HONDA CBR,-1,-1,0,-1
2024451442001,2024,451442001,1,4,0,-1,19,3,7,-1,0,0,5,0,0,0,1,1,-1,2,1,23,5,471,1,0,HONDA CBR,7,E01023098,0,2
2024501493684,2024,501493684,1,5,0,-1,19,4,8,-1,9,2,0,0,1,1,4,1,-1,6,1,35,6,599,1,25,HONDA CBR,3,E01015166,0,2
2024371489506,2024,371489506,2,5,0,-1,19,5,1,-1,0,1,0,0,0,0,1,1,-1,9,1,32,6,1000,1,16,HONDA CBR,8,E01030046,0,1
2024351510976,2024,351510976,2,3,0,-1,19,3,7,-1,0,8,0,0,0,0,1,1,-1,2,1,20,4,125,1,12,HONDA CBR,8,E01018136,0,4
2024361450871,2024,361450871,1,4,0,-1,19,8,4,-1,0,1,0,0,0,0,1,1,-1,9,1,17,4,125,1,20,HONDA CBR,5,E01026529,0,1
2024531463837,2024,531463837,4,4,0,-1,2,0,0,-1,0,0,0,0,0,0,4,1,-1,6,-1,-1,-1,249,1,13,HONDA CBR,-1,-1,0,-1
2024010519346,2024,010519346,2,5,0,99,99,9,9,99,99,9,9,99,9,99,9,1,6,6,1,36,7,999,1,15,HONDA CBR,5,E01003147,0,2
2024320111901,2024,320111901,1,4,0,-1,-1,7,1,9,9,6,5,0,0,0,0,1,-1,-1,1,16,4,125,1,8,HONDA CBR,2,E01026312,0,1
2024451465605,2024,451465605,1,3,0,-1,19,1,5,-1,0,0,1,0,0,0,4,1,-1,9,1,20,4,125,1,18,HONDA CBR,8,E01030835,0,1
2024320753204,2024,320753204,2,4,0,-1,-1,6,2,0,0,8,0,0,0,0,1,1,-1,-1,1,17,4,125,1,19,HONDA CBR,3,E01026134,0,1
2024161490714,2024,161490714,1,5,0,-1,4,7,3,-1,0,8,2,0,7,0,1,1,-1,9,1,36,7,999,1,14,HONDA CBR,1,E01035467,0,1
2024010507867,2024,010507867,2,3,0,18,19,3,7,0,0,0,0,0,0,0,4,1,6,6,1,60,9,649,1,6,HONDA CBR,4,E01001286,0,1
2024122401045,2024,122401045,2,3,0,18,19,5,1,0,0,1,0,0,0,0,4,1,2,2,1,21,5,125,1,8,HONDA CBR,3,E01013335,0,1
2024311491950,2024,311491950,1,5,0,-1,4,8,2,-1,0,4,0,0,0,0,2,1,-1,6,1,36,7,599,1,22,HONDA CBR,4,E01028302,0,3
2024122400646,2024,122400646,1,5,0,17,19,1,5,0,0,0,0,0,1,9,1,1,6,6,1,59,9,1137,1,17,HONDA CBR,6,E01010643,0,3
2024440272207,2024,440272207,1,3,0,14,14,8,4,0,0,0,1,0,0,0,1,1,6,6,1,19,4,125,1,9,HONDA CBR,2,E01017366,0,1
2024421437674,2024,421437674,1,3,0,-1,3,3,7,-1,0,1,0,0,0,0,3,1,-1,6,1,-1,-1,125,1,13,HONDA CBR,2,E01001634,0,4
2024991454441,2024,991454441,1,4,0,-1,19,8,4,-1,0,0,2,0,7,0,4,1,-1,6,1,22,5,471,1,5,HONDA CBR,4,-1,0,4
2024991429368,2024,991429368,1,5,0,-1,19,6,2,-1,0,0,1,11,1,0,4,1,-1,9,1,57,9,998,1,19,HONDA CBR,6,-1,0,3
2024332400689,2024,332400689,2,5,0,-1,19,8,4,-1,0,8,0,0,3,0,1,1,-1,9,1,61,9,1137,1,24,HONDA CBR,3,E01035412,0,2
2024411518626,2024,411518626,2,3,0,-1,14,1,5,-1,0,0,0,0,0,0,1,1,-1,6,1,27,6,125,1,8,HONDA CBR,9,E01021795,0,1
2024461484860,2024,461484860,1,5,0,-1,19,7,3,-1,0,0,0,0,0,0,1,1,-1,6,1,37,7,1000,1,16,HONDA CBR,8,E01024637,0,1
2024421530840,2024,421530840,1,5,0,-1,19,1,5,-1,0,0,5,0,0,0,1,1,-1,2,1,33,6,649,1,5,HONDA CBR,5,E01021380,0,3
2024471529787,2024,471529787,2,3,0,-1,13,8,4,-1,0,1,0,0,0,0,1,1,-1,6,1,17,4,125,1,12,HONDA CBR,10,E01031696,0,1
2024520402552,2024,520402552,1,5,0,18,19,6,2,0,0,8,0,0,0,0,1,1,6,6,2,43,7,599,1,24,HONDA CBR,8,E01032672,0,3
2024320463446,2024,320463446,1,2,0,-1,-1,8,4,0,0,0,5,0,0,0,4,1,-1,-1,1,20,4,599,1,24,HONDA CBR,2,E01026172,0,1
2024211433813,2024,211433813,1,5,0,-1,10,3,7,-1,0,1,0,0,0,0,3,1,-1,6,1,54,8,998,1,18,HONDA CBR,2,E01014279,0,1
2024461489737,2024,461489737,1,3,0,-1,19,1,5,-1,0,3,1,0,0,0,3,1,-1,6,1,21,5,125,1,8,HONDA CBR,2,E01033212,0,1
2024401525334,2024,401525334,2,5,0,-1,19,4,8,-1,0,1,0,0,0,0,1,1,-1,2,1,21,5,649,1,10,HONDA CBR,3,E01017514,0,1
2024471398761,2024,471398761,1,5,0,-1,19,3,7,-1,0,3,1,0,0,0,4,1,-1,1,1,44,7,649,1,9,HONDA CBR,7,E01021093,0,2
2024471488807,2024,471488807,1,5,0,-1,19,6,2,-1,0,0,1,0,0,0,1,1,-1,9,1,23,5,599,1,24,HONDA CBR,3,E01024795,0,4
2024010523961,2024,010523961,2,5,0,18,19,5,1,0,0,1,5,0,0,0,1,1,6,6,1,32,6,599,1,13,HONDA CBR,6,E01002844,0,2
2024471439745,2024,471439745,2,5,0,-1,4,1,5,-1,0,4,0,0,0,0,2,1,-1,2,1,23,5,1137,1,26,HONDA CBR,4,E01021011,0,4
2024411442192,2024,411442192,2,5,0,-1,19,1,5,-1,0,0,5,0,0,0,1,1,-1,6,1,51,8,1000,1,15,HONDA CBR,4,E01001444,0,1
2024320195503,2024,320195503,1,5,0,13,13,7,3,0,0,1,0,0,0,0,1,1,-1,-1,2,40,7,599,1,11,HONDA CBR,2,E01013858,0,4
2024430286780,2024,430286780,1,4,0,18,19,5,1,0,0,0,1,0,0,0,4,1,6,6,1,28,6,125,1,20,HONDA CBR,4,E01016784,0,1
2024991447958,2024,991447958,2,5,0,-1,19,1,5,-1,0,1,0,0,0,0,3,1,-1,6,1,37,7,471,1,4,HONDA CBR,9,-1,0,3
2024546295624,2024,546295624,2,5,0,18,19,5,1,0,0,0,0,0,0,0,4,1,1,1,1,50,8,599,1,22,HONDA CBR,8,E01032693,0,4
2024991459034,2024,991459034,1,5,0,-1,13,4,1,-1,0,1,0,0,0,0,1,1,-1,9,1,60,9,1137,1,23,HONDA CBR,2,-1,0,4
2024471519315,2024,471519315,1,3,0,-1,19,2,6,-1,0,1,2,10,1,99,3,1,-1,6,1,27,6,125,1,8,HONDA CBR,7,E01031566,0,2
2024421453588,2024,421453588,1,5,0,-1,19,6,2,-1,0,0,0,0,1,0,1,1,-1,9,1,30,6,999,1,13,HONDA CBR,6,E01002374,0,4
2024141425062,2024,141425062,1,5,0,-1,13,1,5,-1,0,0,0,0,1,9,1,1,-1,9,1,62,9,929,1,24,HONDA CBR,3,E01007571,0,1
2024010541534,2024,010541534,2,4,0,4,4,5,1,0,0,2,0,0,0,0,4,1,6,6,1,44,7,471,1,0,HONDA CBR,-1,-1,0,-1
2024010529098,2024,010529098,2,5,0,13,13,5,1,0,0,2,0,0,0,0,1,1,2,2,1,26,6,599,1,11,HONDA CBR,6,E01004637,0,1
2024221500877,2024,221500877,2,5,0,-1,19,4,7,-1,0,8,1,0,0,0,1,1,-1,6,1,48,8,998,1,6,HONDA CBR,10,E01009808,0,3
2024451462121,2024,451462121,2,5,0,-1,15,6,2,-1,0,0,0,0,0,0,1,1,-1,1,1,28,6,599,1,24,HONDA CBR,9,E01030932,0,2
2024991509895,2024,991509895,2,3,0,-1,19,2,5,-1,0,1,0,0,0,0,1,1,-1,6,1,20,4,125,1,7,HONDA CBR,5,-1,0,1
2024340NN2232,2024,340NN2232,1,5,0,-1,19,1,5,-1,0,1,1,10,3,0,0,1,-1,9,1,25,5,599,1,24,HONDA CBR,4,E01027328,0,3
2024411496240,2024,411496240,1,5,0,-1,19,1,5,-1,0,1,2,0,0,0,1,1,-1,9,1,29,6,999,1,11,HONDA CBR,9,E01017414,0,4
2024361487743,2024,361487743,2,5,0,-1,1,7,8,-1,0,0,1,0,0,0,1,1,-1,2,1,45,7,599,1,15,HONDA CBR,6,E01026462,0,1
2024522401317,2024,522401317,1,3,0,14,14,7,3,0,0,8,0,0,0,0,1,1,6,6,1,18,4,125,1,6,HONDA CBR,2,E01014526,0,1
2024461499021,2024,461499021,1,3,0,-1,19,5,1,-1,0,0,5,0,0,0,1,1,-1,9,1,19,4,125,1,6,HONDA CBR,7,E01024242,0,3
2024631454978,2024,631454978,1,5,0,-1,19,6,2,-1,0,0,1,0,7,10,1,1,-1,6,1,60,9,599,1,22,HONDA CBR,8,W01000694,0,4
2024052400724,2024,052400724,1,5,0,18,19,7,3,0,0,0,1,0,0,0,1,1,6,6,1,22,5,998,1,18,HONDA CBR,1,E01006643,0,2
2024041455281,2024,041455281,1,5,0,-1,13,1,5,-1,0,0,0,0,0,0,1,1,-1,2,1,25,5,649,1,4,HONDA CBR,3,E01024952,0,1
2024471493045,2024,471493045,2,5,0,-1,19,7,3,-1,0,4,5,0,0,0,1,1,-1,6,1,21,5,649,1,1,HONDA CBR,10,E01031803,0,2
2024991483483,2024,991483483,2,4,0,-1,12,5,8,-1,0,1,0,0,0,0,3,1,-1,9,1,73,10,249,1,12,HONDA CBR,9,-1,0,1
2024010545585,2024,010545585,1,5,0,18,19,5,1,0,0,1,2,11,0,0,1,1,6,6,1,34,6,599,1,14,HONDA CBR,3,E01001764,0,1
2024141450933,2024,141450933,1,5,0,-1,4,6,8,-1,0,1,1,0,0,0,1,1,-1,9,1,57,9,918,1,25,HONDA CBR,1,E01007730,0,2