collision_index,collision_year,collision_ref_no,vehicle_reference,vehicle_type,towing_and_articulation,vehicle_manoeuvre_historic,vehicle_manoeuvre,vehicle_direction_from,vehicle_direction_to,vehicle_location_restricted_lane_historic,vehicle_location_restricted_lane,junction_location,skidding_and_overturning,hit_object_in_carriageway,vehicle_leaving_carriageway,hit_object_off_carriageway,first_point_of_impact,vehicle_left_hand_drive,journey_purpose_of_driver_historic,journey_purpose_of_driver,sex_of_driver,age_of_driver,age_band_of_driver,engine_capacity_cc,propulsion_code,age_of_vehicle,generic_make_model,driver_imd_decile,lsoa_of_driver,escooter_flag,driver_distance_banding
2024211498808,2024,211498808,1,3,0,-1,19,7,3,-1,0,1,2,0,1,0,3,1,-1,6,1,32,6,125,1,10,HONDA CBR,4,E01031032,0,1
2024461421346,2024,461421346,1,5,0,-1,19,7,3,-1,0,0,0,0,0,0,1,1,-1,6,1,54,8,1000,1,8,HONDA CBR,2,E01023974,0,1
2024071078223,2024,071078223,1,3,0,-1,19,7,3,-1,0,0,1,7,0,0,1,1,-1,9,1,57,9,125,1,9,HONDA CBR,2,E01018523,0,1
2024546887924,2024,546887924,1,3,0,4,4,7,2,0,0,0,1,0,0,0,3,1,1,1,1,19,4,124,1,17,HONDA CBR,6,E01032030,0,1
2024332400314,2024,332400314,1,3,0,-1,13,1,5,-1,0,8,0,0,0,0,1,1,-1,6,1,40,7,125,1,17,HONDA CBR,7,E01013712,0,1
2024461502714,2024,461502714,1,5,0,-1,19,6,2,-1,0,1,0,10,1,2,1,1,-1,9,1,19,4,649,1,3,HONDA CBR,8,E01016096,0,2
2024010509884,2024,010509884,1,5,0,18,19,7,3,0,0,0,0,0,0,0,1,1,6,6,1,33,6,599,1,19,HONDA CBR,3,E01001480,0,1
202454E377024,2024,54E377024,2,3,0,18,19,4,8,0,0,8,0,0,0,0,1,1,6,6,1,18,4,125,1,12,HONDA CBR,8,E01031964,0,1
2024471502589,2024,471502589,1,3,0,-1,12,3,7,-1,9,1,1,0,7,4,2,1,-1,9,1,19,4,125,1,9,HONDA CBR,4,E01020918,0,4
2024320253650,2024,320253650,1,3,0,-1,-1,2,6,0,0,0,0,0,0,0,1,1,-1,-1,1,23,5,125,1,9,HONDA CBR,4,E01026025,0,4
2024302400421,2024,302400421,1,5,0,17,19,7,4,0,0,0,1,0,1,1,1,1,6,6,1,28,6,599,1,13,HONDA CBR,7,E01029438,0,4
2024991437956,2024,991437956,1,5,0,-1,19,7,3,-1,0,0,2,0,7,0,1,1,-1,6,1,44,7,999,1,12,HONDA CBR,2,-1,0,1
2024421485074,2024,421485074,1,4,0,-1,13,1,5,-1,0,1,0,0,0,0,1,1,-1,6,1,39,7,998,1,17,HONDA CBR,10,E01021781,0,1
2024991458114,2024,991458114,1,4,0,-1,19,5,1,-1,0,4,2,7,1,2,1,1,-1,9,1,54,8,929,1,23,HONDA CBR,5,E01019202,0,5
2024430326278,2024,430326278,1,5,0,13,13,5,1,0,0,0,0,0,0,0,1,1,1,1,1,37,7,1137,1,25,HONDA CBR,10,E01016349,0,1
2024010549548,2024,010549548,1,5,0,99,99,9,9,99,99,9,9,99,9,99,9,1,6,6,1,25,5,649,1,7,HONDA CBR,4,E01004393,0,1
2024991497215,2024,991497215,2,5,0,-1,19,8,4,-1,0,4,0,0,0,0,3,1,-1,6,1,26,6,599,1,19,HONDA CBR,-1,-1,0,-1
2024010537091,2024,010537091,1,4,0,18,19,7,3,0,0,8,1,0,0,0,0,1,6,6,1,24,5,471,1,3,HONDA CBR,4,E01023574,0,3
2024161464767,2024,161464767,2,5,0,-1,19,3,7,-1,0,0,0,0,0,0,1,1,-1,2,1,57,9,998,1,7,HONDA CBR,10,E01012926,0,3
2024991397277,2024,991397277,1,4,0,-1,13,7,3,-1,0,0,1,0,0,0,3,1,-1,6,1,41,7,471,1,7,HONDA CBR,5,-1,0,2
2024010523200,2024,010523200,2,5,0,18,19,2,6,0,0,1,0,0,0,0,1,1,6,6,1,33,6,998,1,6,HONDA CBR,-1,-1,0,-1
2024311417347,2024,311417347,1,5,0,-1,20,7,3,-1,0,0,1,0,0,0,1,1,-1,6,1,60,9,998,1,5,HONDA CBR,4,E01027975,0,1
2024010518886,2024,010518886,1,3,0,99,99,9,9,99,99,9,9,99,9,99,9,1,2,2,1,19,4,649,1,9,HONDA CBR,6,E01000265,0,1
2024531526387,2024,531526387,2,3,0,-1,19,4,4,-1,0,8,0,0,0,0,1,1,-1,2,1,35,6,125,1,13,HONDA CBR,6,E01022379,0,2
2024041418196,2024,041418196,2,3,0,-1,19,1,5,-1,0,8,0,0,0,0,1,1,-1,2,1,18,4,125,1,14,HONDA CBR,4,E01024975,0,1
2024010535592,2024,010535592,2,23,0,18,19,5,1,0,0,0,0,4,0,0,1,1,2,2,1,20,4,649,1,1,HONDA CBR,6,E01021018,0,4
2024052402278,2024,052402278,2,5,0,18,19,1,5,0,0,1,0,0,0,0,1,1,6,6,1,38,7,1000,1,16,HONDA CBR,1,E01006434,0,1
2024471529912,2024,471529912,1,5,0,-1,13,3,7,-1,0,1,5,0,0,0,1,1,-1,2,1,20,4,649,1,0,HONDA CBR,2,E01020977,0,2
2024041467433,2024,041467433,1,5,0,-1,19,4,8,-1,0,0,0,0,1,7,1,1,-1,6,1,31,6,918,1,26,HONDA CBR,1,E01025592,0,2
2024122400865,2024,122400865,2,3,0,18,19,7,3,0,0,1,0,0,0,0,1,1,2,2,1,23,5,125,1,17,HONDA CBR,7,E01013373,0,1
2024302401331,2024,302401331,1,3,0,17,19,7,4,0,0,0,0,0,1,9,1,1,6,6,2,17,4,125,1,19,HONDA CBR,5,E01019525,0,1
2024501492658,2024,501492658,1,3,0,-1,14,5,1,-1,0,1,5,0,0,0,3,1,-1,9,1,21,5,125,1,9,HONDA CBR,4,E01019032,0,4
2024320400684,2024,320400684,2,4,0,-1,-1,6,2,0,0,8,2,0,0,0,1,1,-1,-1,1,21,5,471,1,4,HONDA CBR,7,E01026153,0,1
2024421473171,2024,421473171,1,5,0,-1,13,5,1,-1,0,1,0,0,0,0,1,1,-1,9,1,27,6,1000,1,10,HONDA CBR,3,E01021359,0,2
2024631469957,2024,631469957,1,5,0,-1,19,7,3,-1,0,0,0,0,0,0,3,1,-1,9,1,25,5,599,1,26,HONDA CBR,2,E01014185,0,4
2024351411941,2024,351411941,1,5,0,-1,19,3,7,-1,0,0,0,11,0,0,3,1,-1,6,1,42,7,599,1,22,HONDA CBR,4,E01015630,0,1
2024531525934,2024,531525934,2,3,0,-1,19,3,7,-1,0,8,2,0,0,0,0,1,-1,6,1,18,4,125,1,8,HONDA CBR,2,E01022122,0,1
2024501524910,2024,501524910,1,4,0,-1,19,1,5,-1,0,0,1,0,0,0,4,1,-1,6,1,21,5,471,1,9,HONDA CBR,5,E01018833,0,2
2024010503607,2024,010503607,2,5,0,18,19,3,7,0,0,0,0,0,0,0,1,1,6,6,1,21,5,649,1,9,HONDA CBR,3,E01001856,0,1
2024401474655,2024,401474655,2,3,0,-1,13,5,1,-1,0,1,0,0,0,0,4,1,-1,6,1,20,4,125,1,10,HONDA CBR,3,E01017514,0,2
2024552401409,2024,552401409,1,3,0,18,19,4,8,0,0,0,0,0,0,0,0,1,2,2,1,39,7,125,1,11,HONDA CBR,7,E01029192,0,3
2024361477809,2024,361477809,1,4,0,-1,19,7,4,-1,0,0,0,0,0,0,1,1,-1,9,1,25,5,471,1,8,HONDA CBR,9,E01017655,0,5
2024302400904,2024,302400904,2,5,0,18,19,7,3,0,0,0,0,0,7,11,3,1,6,6,1,53,8,999,1,5,HONDA CBR,5,E01007387,0,4
2024430427929,2024,430427929,1,3,0,13,13,1,5,0,0,0,1,0,0,0,1,1,6,6,1,18,4,125,1,17,HONDA CBR,7,E01028773,0,1
2024101470557,2024,101470557,1,3,0,-1,19,2,6,-1,0,8,0,0,0,0,1,1,-1,9,1,53,8,599,1,12,HONDA CBR,6,E01008770,0,1
2024010541144,2024,010541144,1,4,0,4,4,6,2,0,0,8,0,0,0,0,1,1,6,6,1,27,6,999,1,13,HONDA CBR,3,E01034202,0,1
202417L102524,2024,17L102524,2,5,0,18,19,8,4,0,0,1,0,0,0,0,1,1,6,6,1,22,5,471,1,8,HONDA CBR,9,E01012158,0,2
2024302400400,2024,302400400,1,5,0,16,19,6,2,0,0,0,1,0,0,0,4,1,6,6,2,62,9,1000,1,8,HONDA CBR,8,E01028058,0,4
2024552401136,2024,552401136,1,5,0,9,9,1,7,0,0,5,0,0,0,0,4,1,6,6,1,32,6,1000,1,10,HONDA CBR,5,E01015427,0,3
2024430425901,2024,430425901,1,5,0,18,19,2,7,0,0,8,0,0,0,0,1,1,6,6,1,40,7,998,1,18,HONDA CBR,10,E01022608,0,4
2024061472561,2024,061472561,1,4,0,-1,19,1,5,-1,0,8,0,0,0,0,1,1,-1,9,1,24,5,471,1,4,HONDA CBR,1,E01005075,0,1
2024430320237,2024,430320237,1,5,0,16,19,3,6,0,0,0,1,0,8,1,3,1,6,6,1,30,6,599,1,24,HONDA CBR,9,E01016572,0,3
2024361508117,2024,361508117,2,5,0,-1,8,7,2,-1,0,1,5,0,0,0,2,1,-1,9,1,77,11,1137,1,25,HONDA CBR,6,E01026773,0,4
2024320636205,2024,320636205,1,4,0,-1,-1,3,8,0,0,2,2,0,0,0,3,1,-1,-1,1,17,4,125,1,8,HONDA CBR,-1,-1,0,-1
2024451463409,2024,451463409,1,4,0,-1,13,2,4,-1,0,1,0,0,0,0,4,1,-1,2,1,20,4,471,1,5,HONDA CBR,9,E01030947,0,2
2024610046024,2024,610046024,1,3,0,18,19,5,1,0,0,1,0,4,0,0,1,1,6,6,1,17,4,125,1,6,HONDA CBR,3,W01001516,0,1
2024440144634,2024,440144634,1,3,0,14,14,4,8,0,0,1,0,0,0,0,1,1,6,6,1,17,4,125,1,7,HONDA CBR,8,E01022765,0,2
2024451449643,2024,451449643,1,5,0,-1,19,1,1,-1,0,0,1,0,0,0,1,1,-1,9,1,28,6,649,1,3,HONDA CBR,8,E01030298,0,1
2024430172379,2024,430172379,2,4,4,13,13,4,8,0,0,1,0,0,0,0,1,1,6,6,2,50,8,471,1,10,HONDA CBR,10,E01032948,0,3
2024991494726,2024,991494726,2,4,0,-1,19,1,5,-1,0,1,2,0,0,0,1,1,-1,9,1,35,6,999,1,8,HONDA CBR,6,-1,0,4
2024522403410,2024,522403410,2,3,0,18,19,7,3,0,0,8,0,0,0,0,1,1,6,6,1,19,4,125,1,16,HONDA CBR,9,E01014787,0,1
2024010543630,2024,010543630,1,5,0,7,7,1,4,0,0,3,0,10,4,1,1,1,6,6,2,60,9,649,1,9,HONDA CBR,4,E01002409,0,1
2024070908449,2024,070908449,1,5,0,-1,19,3,7,-1,0,1,1,0,1,7,1,1,-1,6,1,23,5,599,1,26,HONDA CBR,3,E01018454,0,2
2024161462531,2024,161462531,1,5,0,-1,13,8,4,-1,0,0,1,0,7,9,1,1,-1,6,1,55,8,999,1,15,HONDA CBR,3,E01012759,0,3
2024631488145,2024,631488145,1,5,0,-1,19,1,5,-1,0,0,1,10,0,0,3,1,-1,9,1,41,7,999,1,11,HONDA CBR,6,E01002223,0,5
2024361474640,2024,361474640,2,3,-1,-1,4,-1,-1,-1,0,0,0,0,0,0,1,1,-1,6,1,17,4,125,1,11,HONDA CBR,7,E01026547,0,1
2024010545604,2024,010545604,1,3,0,9,9,7,6,0,0,8,0,0,0,0,4,1,6,6,1,20,4,125,1,10,HONDA CBR,9,E01001379,0,2
202460Q174182,2024,60Q174182,2,3,0,18,19,1,5,0,0,1,1,0,0,0,0,1,6,6,1,17,4,125,1,19,HONDA CBR,-1,-1,0,-1
2024010548152,2024,010548152,2,5,0,13,13,5,1,0,0,1,0,0,0,0,4,1,6,6,1,43,7,599,1,22,HONDA CBR,9,E01023466,0,4
2024461490677,2024,461490677,2,5,0,-1,19,6,2,-1,0,1,0,0,7,10,3,1,-1,6,1,56,9,998,1,17,HONDA CBR,5,E01024594,0,1
2024552400919,2024,552400919,1,4,0,13,13,8,4,0,0,1,0,0,7,11,1,1,2,2,1,26,6,471,1,5,HONDA CBR,3,E01015359,0,2
2024461473753,2024,461473753,2,4,0,-1,19,4,8,-1,0,0,0,0,0,0,1,1,-1,2,1,22,5,471,1,2,HONDA CBR,6,E01024314,0,1
2024421490730,2024,421490730,2,3,0,-1,5,7,3,-1,0,4,1,0,0,0,0,1,-1,6,1,24,5,125,1,16,HONDA CBR,3,E01015902,0,1
2024371523414,2024,371523414,1,4,0,-1,19,1,5,-1,0,0,1,0,0,0,0,1,-1,6,1,17,4,125,1,12,HONDA CBR,7,E01030038,0,4
2024430139354,2024,430139354,2,5,0,18,19,3,7,0,0,8,0,0,0,0,1,1,6,6,1,57,9,999,1,9,HONDA CBR,8,E01016339,0,1
2024332401146,2024,332401146,1,5,0,-1,11,8,4,-1,0,0,0,0,0,0,1,1,-1,6,1,60,9,599,1,18,HONDA CBR,8,E01013643,0,2
2024340WN0232,2024,340WN0232,2,3,0,-1,19,8,4,-1,0,8,2,0,0,0,2,1,-1,6,1,19,4,125,1,7,HONDA CBR,6,E01027132,0,3
2024161464430,2024,161464430,1,5,0,-1,19,3,7,-1,0,1,1,0,0,0,1,1,-1,9,1,35,6,1000,1,10,HONDA CBR,3,E01013156,0,2
2024320170489,2024,320170489,1,3,0,-1,-1,4,8,0,0,1,2,0,0,0,4,1,6,6,1,36,7,998,1,18,HONDA CBR,8,E01026200,0,2
202460Q030628,2024,60Q030628,1,5,0,17,19,7,3,0,0,0,1,0,0,0,3,1,6,6,1,41,7,999,1,14,HONDA CBR,-1,-1,0,-1
2024010542590,2024,010542590,1,4,0,18,19,8,4,0,0,1,0,0,0,0,0,1,2,2,1,23,5,471,1,6,HONDA CBR,9,E01000754,0,4
2024991442492,2024,991442492,2,5,0,-1,19,2,6,-1,0,0,0,0,0,0,4,1,-1,1,1,54,8,649,1,3,HONDA CBR,8,-1,0,1
2024361485813,2024,361485813,1,2,0,-1,19,4,5,-1,0,3,1,0,0,0,0,1,-1,6,1,18,4,124,1,17,HONDA CBR,4,E01023956,0,4
2024451489532,2024,451489532,1,5,0,-1,19,1,1,-1,0,0,0,0,0,0,1,1,-1,6,1,44,7,599,1,21,HONDA CBR,6,E01030767,0,1
2024311505232,2024,311505232,1,3,0,-1,19,3,7,-1,0,0,0,0,0,0,0,1,-1,9,1,55,8,599,1,27,HONDA CBR,4,E01028366,0,1
2024320550274,2024,320550274,2,5,0,-1,-1,6,2,0,0,8,0,0,0,0,1,1,-1,-1,1,60,9,999,1,12,HONDA CBR,8,E01032991,0,1
2024471442242,2024,471442242,2,5,0,-1,19,1,5,-1,0,1,0,0,0,0,1,1,-1,9,1,33,6,649,1,5,HONDA CBR,5,E01016886,0,1
2024332400621,2024,332400621,2,5,0,-1,19,4,8,-1,0,8,0,0,0,0,1,1,-1,1,1,43,7,998,1,19,HONDA CBR,5,E01025957,0,1
2024401463242,2024,401463242,1,4,0,-1,13,6,2,-1,0,0,2,0,1,0,3,1,-1,6,1,28,6,286,1,8,HONDA CBR,5,E01015746,0,1
2024631478490,2024,631478490,1,5,0,-1,19,3,7,-1,0,1,0,0,0,0,1,1,-1,9,1,52,8,599,1,25,HONDA CBR,8,E01032938,0,4
2024631511532,2024,631511532,1,5,0,-1,19,4,8,-1,0,0,0,0,1,7,4,1,-1,6,1,29,6,998,1,20,HONDA CBR,9,W01000580,0,3
2024461406157,2024,461406157,1,3,0,-1,19,3,7,-1,0,6,1,0,0,0,3,1,-1,9,1,34,6,599,1,15,HONDA CBR,2,E01034476,0,4
2024991495344,2024,991495344,1,5,0,-1,19,5,1,-1,0,0,0,0,8,3,1,1,-1,2,1,48,8,1000,1,8,HONDA CBR,3,-1,0,3
2024302400958,2024,302400958,1,4,0,18,19,8,4,0,0,0,0,0,1,4,4,1,6,6,1,19,4,471,1,6,HONDA CBR,9,E01029816,0,4
2024231452056,2024,231452056,1,5,0,-1,19,2,7,-1,0,8,0,0,0,0,1,1,-1,9,1,42,7,599,1,13,HONDA CBR,3,E01031077,0,1
2024501495180,2024,501495180,2,5,0,-1,15,6,2,-1,0,1,0,0,0,0,3,1,-1,2,1,59,9,599,1,14,HONDA CBR,8,E01018884,0,3
2024221483920,2024,221483920,2,5,0,-1,19,2,6,-1,0,8,0,0,0,0,1,1,-1,1,1,20,4,649,1,5,HONDA CBR,-1,-1,0,-1
2024631431454,2024,631431454,1,5,0,-1,19,8,4,-1,0,0,0,0,2,10,0,1,-1,9,1,51,8,918,1,23,HONDA CBR,1,W01001202,0,4
2024631470522,2024,631470522,1,5,0,-1,19,5,8,-1,0,0,1,0,7,9,1,1,-1,9,1,25,5,599,1,19,HONDA CBR,1,E01032311,0,4
2024010488774,2024,010488774,1,5,0,18,19,6,2,0,0,1,0,0,0,0,2,1,2,2,1,45,7,471,1,10,HONDA CBR,7,E01001346,0,3
2024052402193,2024,052402193,2,5,0,7,7,1,5,0,0,1,0,0,0,0,2,1,2,2,1,40,7,599,1,18,HONDA CBR,7,E01007072,0,3
2024010504493,2024,010504493,2,5,0,18,19,7,3,0,0,8,0,0,0,0,1,1,6,6,1,55,8,998,1,19,HONDA CBR,-1,-1,0,-1
2024471407784,2024,471407784,2,4,0,-1,7,5,4,-1,0,1,0,0,0,0,1,1,-1,2,1,22,5,471,1,5,HONDA CBR,10,E01031758,0,1
2024471452274,2024,471452274,2,5,0,-1,19,3,7,-1,0,0,0,0,0,0,4,1,-1,9,1,36,7,1000,1,8,HONDA CBR,3,E01031347,0,2
2024010535811,2024,010535811,1,5,0,99,99,9,9,99,99,9,9,99,9,99,1,1,1,1,1,43,7,1000,1,15,HONDA CBR,8,E01003004,0,1
2024221529067,2024,221529067,1,5,0,-1,19,3,7,-1,0,0,0,0,0,0,1,1,-1,6,1,29,6,998,1,20,HONDA CBR,1,E01032332,0,2
2024311461838,2024,311461838,1,5,0,-1,19,7,3,-1,0,0,0,0,1,0,4,1,-1,9,1,54,8,998,1,18,HONDA CBR,6,E01007526,0,3
2024201532044,2024,201532044,1,5,0,-1,5,5,1,-1,0,6,0,0,0,0,4,1,-1,1,1,35,6,599,1,26,HONDA CBR,-1,-1,0,-1
202460Q169342,2024,60Q169342,2,3,0,18,19,3,7,0,0,2,0,0,0,0,2,1,6,6,1,34,6,125,1,8,HONDA CBR,-1,-1,0,-1
2024440376801,2024,440376801,1,3,0,18,19,4,8,0,0,0,0,0,0,0,3,1,2,2,1,55,8,125,1,16,HONDA CBR,3,E01017267,0,1
2024122401073,2024,122401073,1,5,0,18,19,4,8,0,0,1,0,0,1,9,1,1,6,6,1,36,7,599,1,13,HONDA CBR,9,E01013123,0,3
2024340NN2452,2024,340NN2452,2,5,0,-1,19,1,5,-1,0,1,0,0,0,0,1,1,-1,6,1,24,5,649,1,5,HONDA CBR,10,E01032973,0,4
2024122400992,2024,122400992,2,5,0,18,19,8,4,0,0,5,0,0,0,0,4,1,6,6,1,46,8,998,1,20,HONDA CBR,1,E01012601,0,4
2024622400319,2024,622400319,1,5,0,18,19,4,8,0,0,0,0,0,0,0,1,1,6,6,1,47,8,999,1,12,HONDA CBR,4,W01001330,0,3
2024041398380,2024,041398380,2,3,0,-1,19,5,1,-1,0,1,5,0,0,0,4,1,-1,1,1,33,6,125,1,9,HONDA CBR,1,E01025156,0,1
2024430478318,2024,430478318,1,4,0,18,19,2,6,0,0,0,0,0,7,9,1,1,6,6,1,23,5,471,1,4,HONDA CBR,9,E01031841,0,2
2024361498875,2024,361498875,2,3,0,-1,8,2,5,-1,0,0,0,0,0,0,4,1,-1,2,1,17,4,125,1,7,HONDA CBR,8,E01029890,0,4
2024471439367,2024,471439367,1,5,0,-1,19,5,1,-1,0,1,2,0,7,0,1,1,-1,9,1,48,8,929,1,23,HONDA CBR,9,E01035349,0,4
2024622400191,2024,622400191,1,5,0,18,19,5,1,0,0,1,0,0,0,0,1,1,6,6,1,29,6,599,1,18,HONDA CBR,1,W01001751,0,1
2024041499943,2024,041499943,2,5,0,-1,19,7,3,-1,0,8,2,0,0,0,4,1,-1,9,1,51,8,1100,1,27,HONDA CBR,5,E01025435,0,1
2024421485689,2024,421485689,1,5,0,-1,19,5,1,-1,0,0,1,0,0,0,3,1,-1,6,1,31,6,599,1,34,HONDA CBR,10,E01021611,0,4
2024471464956,2024,471464956,1,5,0,-1,13,6,2,-1,0,8,0,0,0,0,1,1,-1,9,1,33,6,929,1,23,HONDA CBR,8,E01031701,0,3
2024010510041,2024,010510041,1,5,0,18,19,1,5,0,0,1,0,0,0,0,1,1,6,6,1,41,7,929,1,24,HONDA CBR,7,E01000324,0,2
2024471478678,2024,471478678,2,5,0,-1,19,1,5,-1,0,1,1,0,0,0,3,1,-1,9,1,44,7,918,1,26,HONDA CBR,9,E01017912,0,4
2024501417973,2024,501417973,2,4,0,-1,19,5,8,-1,0,8,0,0,0,0,1,1,-1,1,1,38,7,471,1,8,HONDA CBR,4,E01015269,0,1
2024622400506,2024,622400506,1,5,0,16,19,7,2,0,0,0,1,0,0,0,4,1,6,6,1,21,5,471,1,10,HONDA CBR,1,W01001740,0,2
2024221481109,2024,221481109,1,5,0,-1,19,3,8,-1,0,1,1,0,0,0,4,1,-1,6,1,35,6,998,1,17,HONDA CBR,1,E01009333,0,4
2024031507208,2024,031507208,2,5,0,-1,19,1,5,-1,0,1,0,0,0,0,1,1,-1,6,1,57,9,1137,1,25,HONDA CBR,2,E01019173,0,1
2024631506693,2024,631506693,2,5,0,-1,19,6,2,-1,0,8,0,0,0,0,1,1,-1,2,1,24,5,599,1,23,HONDA CBR,9,W01000609,0,2
202454B421824,2024,54B421824,1,3,0,17,19,7,3,0,0,0,2,0,1,0,1,1,2,2,1,17,4,125,1,8,HONDA CBR,6,E01034549,0,3
2024031459686,2024,031459686,1,4,0,-1,19,5,1,-1,0,0,2,0,0,0,3,1,-1,2,1,43,7,250,1,11,HONDA CBR,2,E01019199,0,1
2024610027324,2024,610027324,2,5,0,3,3,6,2,0,0,1,0,0,0,0,1,1,6,6,1,48,8,999,1,14,HONDA CBR,3,W01001362,0,1
2024320245243,2024,320245243,1,5,0,-1,-1,4,2,0,0,0,2,0,0,0,1,1,6,6,1,28,6,918,1,24,HONDA CBR,2,E01028319,0,4
2024161397791,2024,161397791,1,3,0,-1,4,2,7,-1,0,0,2,4,0,0,1,1,-1,6,2,22,5,125,1,10,HONDA CBR,1,E01013279,0,1
2024010524388,2024,010524388,1,5,0,18,19,3,7,0,0,5,0,0,0,0,0,1,6,6,3,23,5,471,1,5,HONDA CBR,-1,-1,0,-1
2024010525777,2024,010525777,1,5,0,7,7,7,1,0,0,3,0,10,4,0,1,1,2,2,1,47,8,649,1,0,HONDA CBR,5,E01000747,0,1
2024332400031,2024,332400031,1,5,0,-1,9,3,1,-1,0,6,0,0,0,0,1,1,-1,9,2,38,7,1000,1,16,HONDA CBR,8,E01025854,0,1
2024061532554,2024,061532554,2,5,0,-1,19,5,1,-1,0,0,0,0,0,0,1,1,-1,2,1,40,7,599,1,21,HONDA CBR,2,E01004980,0,1
2024552400920,2024,552400920,2,3,0,9,9,1,7,0,0,8,0,0,0,0,4,1,6,6,2,19,4,125,1,10,HONDA CBR,5,E01015301,0,1
2024141451715,2024,141451715,2,5,0,-1,19,4,7,-1,0,1,0,0,0,0,3,1,-1,9,1,23,5,599,1,21,HONDA CBR,1,E01007341,0,1
2024141462784,2024,141462784,2,5,0,-1,19,3,6,-1,0,2,0,0,0,0,1,1,-1,6,1,33,6,1000,1,16,HONDA CBR,7,E01032924,0,1
2024231463876,2024,231463876,1,5,0,-1,19,3,7,-1,0,0,0,0,7,0,1,1,-1,9,2,26,6,599,1,14,HONDA CBR,8,E01031161,0,3
2024010516250,2024,010516250,1,5,0,13,13,5,1,0,0,1,5,0,3,2,1,1,6,6,1,55,8,1000,1,16,HONDA CBR,-1,-1,0,-1
2024010516503,2024,010516503,1,5,0,18,19,5,1,0,0,4,0,0,0,0,0,1,6,6,1,41,7,599,1,18,HONDA CBR,6,E01002145,0,1
2024371428517,2024,371428517,1,5,0,-1,19,3,7,-1,0,1,0,0,0,0,1,1,-1,6,1,34,6,599,1,33,HONDA CBR,2,E01030032,0,1
2024302401215,2024,302401215,2,3,0,18,19,6,2,0,0,4,0,0,0,0,2,1,6,6,1,51,8,125,1,10,HONDA CBR,2,E01013588,0,1
2024501438633,2024,501438633,2,4,0,-1,19,2,6,-1,0,0,0,0,0,0,3,1,-1,6,1,19,4,471,1,0,HONDA CBR,3,E01015212,0,4
2024522401930,2024,522401930,2,5,0,18,19,7,3,0,0,8,0,0,0,0,1,1,6,6,1,40,7,929,1,23,HONDA CBR,6,E01014780,0,3
2024411469685,2024,411469685,1,5,0,-1,15,1,5,-1,0,8,0,0,0,0,1,1,-1,6,1,21,5,599,1,19,HONDA CBR,5,E01023786,0,1
2024552400283,2024,552400283,2,5,0,18,19,4,8,0,0,8,0,0,0,0,1,1,6,6,2,24,5,599,1,17,HONDA CBR,3,E01015415,0,1
2024451413079,2024,451413079,2,5,0,-1,19,7,3,-1,0,1,0,0,0,0,1,1,-1,1,1,56,9,1137,1,26,HONDA CBR,6,E01016734,0,4
2024531503237,2024,531503237,1,3,0,-1,19,3,7,-1,0,2,0,0,1,11,1,1,-1,9,1,25,5,125,1,12,HONDA CBR,7,E01022445,0,3
2024010523252,2024,010523252,1,5,0,99,99,9,9,99,99,9,9,99,9,99,9,1,2,2,1,46,8,649,1,9,HONDA CBR,4,E01000980,0,1
2024351463866,2024,351463866,1,5,0,-1,13,5,1,-1,0,0,2,0,8,9,4,1,-1,9,1,38,7,599,1,18,HONDA CBR,7,E01035279,0,5
2024211495426,2024,211495426,1,5,0,-1,6,6,2,-1,0,1,5,4,0,0,3,1,-1,1,1,40,7,1137,1,19,HONDA CBR,7,E01029695,0,2
2024302401445,2024,302401445,2,3,0,18,19,3,7,0,0,8,0,0,0,0,1,1,3,7,1,20,4,125,1,12,HONDA CBR,7,E01028085,0,1
2024122400636,2024,122400636,1,3,0,18,19,1,5,0,0,0,0,0,7,0,1,1,6,6,1,57,9,649,1,5,HONDA CBR,8,E01011406,0,4
2024401525838,2024,401525838,1,5,0,-1,19,1,5,-1,0,0,0,0,0,0,1,1,-1,9,1,77,11,599,1,23,HONDA CBR,2,E01017492,0,3
2024361430965,2024,361430965,2,5,0,-1,13,6,2,-1,0,1,0,0,0,0,1,1,-1,9,1,27,6,1137,1,22,HONDA CBR,-1,-1,0,-1
2024471479354,2024,471479354,1,5,0,-1,12,6,2,-1,0,0,0,0,0,0,1,1,-1,2,1,34,6,599,1,8,HONDA CBR,10,E01016940,0,1
2024332400723,2024,332400723,2,5,0,-1,19,3,7,-1,0,0,0,0,0,0,1,1,-1,6,1,22,5,649,1,9,HONDA CBR,8,E01025913,0,1
2024010511986,2024,010511986,1,5,0,18,19,6,2,0,0,1,0,0,0,0,1,1,6,6,1,40,7,599,1,16,HONDA CBR,2,E01000550,0,1
2024211515718,2024,211515718,1,3,0,-1,9,1,7,-1,0,2,5,0,0,0,4,1,-1,6,1,27,6,125,1,20,HONDA CBR,7,E01029644,0,1