collision_index,collision_year,collision_ref_no,vehicle_reference,vehicle_type,towing_and_articulation,vehicle_manoeuvre_historic,vehicle_manoeuvre,vehicle_direction_from,vehicle_direction_to,vehicle_location_restricted_lane_historic,vehicle_location_restricted_lane,junction_location,skidding_and_overturning,hit_object_in_carriageway,vehicle_leaving_carriageway,hit_object_off_carriageway,first_point_of_impact,vehicle_left_hand_drive,journey_purpose_of_driver_historic,journey_purpose_of_driver,sex_of_driver,age_of_driver,age_band_of_driver,engine_capacity_cc,propulsion_code,age_of_vehicle,generic_make_model,driver_imd_decile,lsoa_of_driver,escooter_flag,driver_distance_banding
2024471411288,2024,471411288,2,5,0,-1,19,1,5,-1,0,0,2,0,0,0,3,1,-1,6,1,31,6,599,1,23,HONDA CBR,6,E01016953,0,4
2024401491122,2024,401491122,1,5,0,-1,15,4,8,-1,0,1,0,0,7,2,1,1,-1,6,1,42,7,599,1,22,HONDA CBR,9,E01017624,0,1
2024440452526,2024,440452526,2,3,0,5,5,6,2,0,0,0,0,0,0,0,2,1,6,6,1,19,4,125,1,19,HONDA CBR,1,E01017102,0,2
2024401405458,2024,401405458,2,5,0,-1,19,1,5,-1,0,8,0,0,0,0,4,1,-1,1,1,40,7,599,1,8,HONDA CBR,4,E01017522,0,1
2024451415939,2024,451415939,2,5,0,-1,19,5,1,-1,0,1,2,0,0,0,1,1,-1,2,2,48,8,599,1,14,HONDA CBR,6,E01030424,0,3
2024161416644,2024,161416644,1,5,0,-1,7,8,2,-1,0,1,1,0,0,0,0,1,-1,9,1,41,7,649,1,10,HONDA CBR,5,E01013267,0,1
202454E660924,2024,54E660924,1,3,0,13,13,3,7,0,0,0,2,0,0,0,4,1,6,6,2,45,7,125,1,11,HONDA CBR,6,E01032691,0,2
2024340WN5482,2024,340WN5482,2,5,0,-1,5,1,6,-1,0,3,0,0,0,0,2,1,-1,9,1,27,6,471,1,7,HONDA CBR,2,E01027156,0,1
2024302401180,2024,302401180,1,5,0,13,13,1,5,0,0,0,0,0,0,0,1,1,6,6,1,28,6,599,1,22,HONDA CBR,1,E01007406,0,4
2024471406630,2024,471406630,1,5,0,-1,7,7,2,-1,0,8,1,0,0,0,2,1,-1,9,1,55,8,1000,1,16,HONDA CBR,9,E01004191,0,4
2024201470166,2024,201470166,1,3,0,-1,19,1,5,-1,0,8,0,0,0,0,4,1,-1,6,1,59,9,125,1,9,HONDA CBR,4,E01009871,0,1
2024041449655,2024,041449655,2,3,0,-1,19,1,5,-1,0,1,5,0,0,0,1,1,-1,9,1,37,7,125,1,18,HONDA CBR,1,E01012672,0,1
2024631458936,2024,631458936,1,5,0,-1,19,7,4,-1,0,0,0,0,2,2,1,1,-1,9,1,20,4,599,1,20,HONDA CBR,6,E01014023,0,4
2024010509409,2024,010509409,1,5,0,13,13,6,2,0,0,1,0,0,0,0,1,1,6,6,1,52,8,999,1,15,HONDA CBR,10,E01030922,0,4
2024991480964,2024,991480964,2,5,0,-1,19,7,3,-1,0,0,0,0,0,0,1,1,-1,9,1,42,7,998,1,17,HONDA CBR,4,-1,0,1
2024221407767,2024,221407767,1,3,0,-1,19,5,1,-1,0,8,0,0,0,0,1,1,-1,2,1,18,4,125,1,17,HONDA CBR,4,E01032370,0,1
2024010512205,2024,010512205,2,5,0,18,19,7,3,2,2,8,0,0,0,0,3,1,6,6,1,26,6,599,1,11,HONDA CBR,8,E01000117,0,2
2024010518132,2024,010518132,1,5,0,18,19,3,7,0,0,1,2,0,7,11,3,1,6,6,1,21,5,649,1,9,HONDA CBR,-1,-1,0,-1
2024211471909,2024,211471909,1,5,0,-1,19,7,3,-1,0,1,0,0,0,0,1,1,-1,6,1,39,7,1000,1,16,HONDA CBR,-1,-1,0,-1
2024041491426,2024,041491426,1,5,0,-1,19,7,3,-1,0,0,0,0,0,0,3,1,-1,9,1,63,9,1137,1,16,HONDA CBR,1,E01012641,0,3
2024010540735,2024,010540735,1,5,0,18,19,5,1,0,0,0,0,0,0,0,4,1,6,6,1,37,7,599,1,13,HONDA CBR,3,E01000642,0,1
2024131497054,2024,131497054,1,5,0,-1,19,1,5,-1,0,2,5,0,0,0,1,1,-1,9,1,51,8,1137,1,27,HONDA CBR,2,E01032492,0,1
2024552400872,2024,552400872,2,3,0,18,19,6,2,0,0,8,0,0,7,11,1,1,6,6,1,18,4,125,1,11,HONDA CBR,5,E01020410,0,1
2024501495920,2024,501495920,1,5,0,-1,19,4,8,-1,0,8,2,10,8,0,1,1,-1,2,1,50,8,1000,1,16,HONDA CBR,3,E01034172,0,4
2024231418284,2024,231418284,2,5,0,-1,19,4,8,-1,0,8,0,0,0,0,1,1,-1,6,1,44,7,599,1,21,HONDA CBR,5,E01031327,0,1
2024440188247,2024,440188247,2,4,0,14,14,8,4,0,0,1,1,0,7,0,1,1,6,6,2,45,7,125,1,-1,HONDA CBR,2,E01017328,0,1
2024545863624,2024,545863624,1,4,0,13,13,5,1,0,0,1,0,0,0,0,1,1,6,6,1,22,5,471,1,10,HONDA CBR,8,E01032689,0,3
2024430604613,2024,430604613,2,5,0,18,19,1,5,0,0,0,1,0,4,6,1,1,6,6,1,37,7,649,1,0,HONDA CBR,4,E01028447,0,3
2024471515384,2024,471515384,2,3,0,-1,19,6,2,-1,0,1,1,10,0,0,1,1,-1,6,1,18,4,125,1,9,HONDA CBR,8,E01031840,0,1
2024010513513,2024,010513513,1,3,0,15,15,5,1,0,0,1,0,0,0,0,1,1,6,6,2,18,4,125,1,9,HONDA CBR,2,E01004014,0,1
2024211440893,2024,211440893,2,5,0,-1,9,5,3,-1,0,2,0,0,0,0,1,1,-1,6,1,35,6,599,1,9,HONDA CBR,7,E01029772,0,1
2024421509229,2024,421509229,1,5,0,-1,19,1,7,-1,0,0,1,0,7,0,3,1,-1,9,1,40,7,1000,1,15,HONDA CBR,3,E01003584,0,4
2024440217106,2024,440217106,1,5,0,16,19,5,8,0,0,0,0,0,0,0,3,1,6,6,1,24,5,599,1,11,HONDA CBR,-1,-1,0,-1
2024141464993,2024,141464993,1,5,0,-1,13,1,5,-1,0,0,0,0,0,0,1,1,-1,6,1,32,6,1000,1,16,HONDA CBR,2,E01007968,0,1
2024311472652,2024,311472652,1,5,0,-1,19,2,6,-1,0,0,0,0,1,0,1,1,-1,6,1,51,8,999,1,14,HONDA CBR,1,E01013818,0,3
2024010522213,2024,010522213,1,3,0,18,19,9,9,99,99,0,9,99,9,99,9,1,6,6,1,20,4,125,1,10,HONDA CBR,1,E01000105,0,1
2024501437173,2024,501437173,2,5,0,-1,14,4,8,-1,0,8,0,0,0,0,1,1,-1,2,1,40,7,599,1,26,HONDA CBR,4,E01020217,0,2
2024461424289,2024,461424289,2,3,0,-1,19,1,4,-1,0,1,0,0,0,0,1,1,-1,9,1,31,6,649,1,3,HONDA CBR,6,E01024410,0,3
2024122401132,2024,122401132,2,5,0,18,19,6,2,0,0,8,0,0,0,0,1,1,6,6,1,49,8,599,1,13,HONDA CBR,5,E01019827,0,4
2024401422824,2024,401422824,2,4,0,-1,13,7,7,-1,0,0,0,0,0,0,1,1,-1,2,1,20,4,125,1,9,HONDA CBR,3,E01017618,0,1
2024421467640,2024,421467640,2,5,0,-1,19,5,1,-1,0,8,0,0,0,0,1,1,-1,6,1,20,4,471,1,10,HONDA CBR,5,E01015901,0,1
2024332400336,2024,332400336,2,5,0,-1,19,7,3,-1,0,8,0,0,0,0,1,1,-1,9,1,24,5,918,1,26,HONDA CBR,5,E01025865,0,1
2024540785024,2024,540785024,2,4,0,15,15,4,8,0,0,8,0,0,0,0,4,1,2,2,1,26,6,471,1,4,HONDA CBR,10,E01031919,0,1
2024421469747,2024,421469747,2,5,0,-1,4,6,2,-1,2,0,0,0,0,0,3,1,-1,9,1,27,6,599,1,12,HONDA CBR,7,E01021540,0,1
2024991504995,2024,991504995,1,4,0,-1,19,7,3,-1,0,3,0,0,1,0,4,1,-1,6,2,17,4,125,1,8,HONDA CBR,-1,-1,0,-1
2024320249462,2024,320249462,2,5,0,-1,-1,1,5,0,0,8,0,0,0,0,1,1,-1,-1,1,62,9,559,1,17,HONDA CBR,-1,-1,0,-1
2024351405162,2024,351405162,1,3,0,-1,19,6,2,-1,0,8,1,0,1,0,4,1,-1,9,2,17,4,125,1,11,HONDA CBR,10,E01018007,0,2
2024010540726,2024,010540726,1,3,0,18,19,5,1,0,0,1,0,0,0,0,1,1,6,6,2,20,4,125,1,6,HONDA CBR,7,E01024734,0,4
2024991442439,2024,991442439,1,3,0,-1,19,3,7,-1,0,0,2,0,0,0,4,1,-1,6,1,36,7,125,1,13,HONDA CBR,2,-1,0,1
2024440331521,2024,440331521,1,3,0,6,6,3,3,0,0,8,0,0,0,0,4,1,6,6,2,23,5,125,1,8,HONDA CBR,5,E01023262,0,1
2024461423477,2024,461423477,2,4,0,-1,19,1,5,-1,0,0,0,0,0,0,2,1,-1,9,1,19,4,471,1,3,HONDA CBR,3,E01024620,0,4
2024440071159,2024,440071159,1,3,0,18,19,2,6,0,0,0,1,0,0,0,4,1,6,6,1,23,5,125,1,11,HONDA CBR,8,E01017175,0,1
2024440361517,2024,440361517,2,3,0,18,19,5,1,0,0,8,0,0,0,0,1,1,6,6,1,17,4,125,1,6,HONDA CBR,7,E01023221,0,1
2024421503591,2024,421503591,1,5,0,-1,14,5,1,-1,0,0,1,0,0,0,1,1,-1,6,1,55,8,998,1,-1,HONDA CBR,9,E01021959,0,1
2024421463231,2024,421463231,1,5,0,-1,19,5,7,-1,0,0,0,0,3,0,1,1,-1,2,1,37,7,998,1,20,HONDA CBR,7,E01026642,0,5
2024041479817,2024,041479817,3,5,0,-1,19,1,5,-1,0,0,0,0,0,0,3,1,-1,6,1,37,7,599,1,7,HONDA CBR,1,E01025136,0,4
2024421431703,2024,421431703,3,3,0,-1,3,4,7,-1,0,1,5,0,7,0,4,1,-1,6,2,19,4,125,1,9,HONDA CBR,9,E01016147,0,3
2024622400282,2024,622400282,2,3,0,18,19,2,6,0,0,8,0,0,0,0,3,1,6,6,1,17,4,125,1,9,HONDA CBR,9,W01000828,0,1
2024010529939,2024,010529939,1,5,0,18,19,5,1,2,2,2,0,0,0,0,3,1,6,6,1,39,7,599,1,13,HONDA CBR,7,E01001313,0,3
2024991520758,2024,991520758,1,5,0,-1,19,7,3,-1,0,0,1,0,1,0,1,1,-1,2,1,24,5,599,1,13,HONDA CBR,6,-1,0,2
2024010535677,2024,010535677,2,5,0,18,19,3,7,99,99,9,9,99,9,99,1,1,6,6,1,28,6,599,1,16,HONDA CBR,4,E01003127,0,2
2024471395279,2024,471395279,1,5,0,-1,9,1,7,-1,0,1,0,0,0,0,4,1,-1,9,2,38,7,1000,1,16,HONDA CBR,5,E01016986,0,1
2024471475417,2024,471475417,1,4,0,-1,19,5,1,-1,0,0,0,10,1,0,4,1,-1,2,1,38,7,471,1,11,HONDA CBR,8,E01021055,0,1
2024461530399,2024,461530399,1,5,0,-1,19,7,2,-1,0,3,1,0,0,0,1,1,-1,6,1,51,8,998,1,20,HONDA CBR,1,E01024616,0,2
2024371471870,2024,371471870,1,3,0,-1,19,3,7,-1,0,0,1,0,0,0,1,1,-1,9,2,18,4,125,1,12,HONDA CBR,2,E01029987,0,1
2024531494598,2024,531494598,1,5,0,-1,19,4,8,-1,0,0,5,12,0,0,1,1,-1,9,1,53,8,599,1,19,HONDA CBR,10,E01016664,0,5
2024501495726,2024,501495726,1,3,0,-1,19,7,3,-1,0,0,1,0,0,0,1,1,-1,6,1,17,4,125,1,12,HONDA CBR,7,E01018800,0,3
2024361550869,2024,361550869,2,3,0,-1,19,5,1,-1,0,1,1,0,0,0,1,1,-1,6,2,17,4,125,1,10,HONDA CBR,4,E01026866,0,1
2024531437634,2024,531437634,1,4,0,-1,19,5,3,-1,0,0,5,0,1,0,4,1,-1,2,1,39,7,471,1,11,HONDA CBR,10,E01022220,0,2
2024471427107,2024,471427107,2,5,0,-1,13,3,7,-1,0,0,1,0,1,0,1,1,-1,6,2,29,6,599,1,21,HONDA CBR,5,E01021100,0,4
2024211459178,2024,211459178,1,5,0,-1,19,5,1,-1,-1,0,5,10,1,9,1,1,-1,9,1,51,8,649,1,3,HONDA CBR,9,E01029536,0,4
2024451517866,2024,451517866,2,5,0,-1,13,8,4,-1,0,0,0,0,7,3,4,1,-1,1,1,49,8,999,1,13,HONDA CBR,8,E01023103,0,3
2024991497501,2024,991497501,1,3,0,-1,19,7,2,-1,0,0,0,0,0,0,1,1,-1,6,2,18,4,125,1,11,HONDA CBR,1,-1,0,3
2024501410881,2024,501410881,1,5,0,-1,19,4,8,-1,2,0,1,0,0,0,1,1,-1,6,1,25,5,918,1,26,HONDA CBR,3,E01015069,0,2
2024201431918,2024,201431918,2,4,0,-1,13,4,8,-1,0,8,0,0,0,0,1,1,-1,6,1,33,6,471,1,6,HONDA CBR,2,E01010409,0,1
2024070001125,2024,070001125,1,3,0,-1,13,1,5,-1,0,8,1,0,0,0,4,1,-1,6,1,19,4,649,1,4,HONDA CBR,8,E01018458,0,1
2024010538996,2024,010538996,1,3,0,-1,-1,5,1,9,9,5,0,0,0,0,1,1,6,6,1,31,6,125,1,9,HONDA CBR,10,E01034083,0,4
2024221489371,2024,221489371,1,4,0,-1,19,2,3,-1,0,0,0,0,7,9,1,1,-1,2,1,21,5,471,1,7,HONDA CBR,7,E01034318,0,2
2024221479898,2024,221479898,2,3,0,-1,13,6,1,-1,0,3,0,0,0,0,4,1,-1,6,1,36,7,125,1,20,HONDA CBR,4,E01014209,0,1
2024991439398,2024,991439398,3,4,0,-1,19,3,7,-1,0,1,0,0,0,0,4,1,-1,9,1,20,4,471,1,1,HONDA CBR,4,-1,0,4
2024361480928,2024,361480928,1,5,0,-1,19,1,5,-1,0,1,0,0,0,0,1,1,-1,6,1,69,10,649,1,9,HONDA CBR,5,E01035531,0,4
2024010542303,2024,010542303,1,5,0,18,19,1,5,0,0,8,0,0,0,0,4,1,6,6,1,36,7,599,1,13,HONDA CBR,9,E01002976,0,1
2024501489664,2024,501489664,1,5,0,-1,13,2,6,-1,0,0,1,0,0,0,1,1,-1,9,1,22,5,649,1,5,HONDA CBR,1,E01018868,0,3
2024461431693,2024,461431693,1,3,0,-1,4,1,1,-1,0,0,1,0,0,0,2,1,-1,2,1,19,4,125,1,10,HONDA CBR,5,E01024561,0,1
2024610026224,2024,610026224,1,5,0,18,19,1,5,0,0,8,0,0,0,0,1,1,6,6,1,59,9,599,1,21,HONDA CBR,9,W01001913,0,4
2024451403070,2024,451403070,2,5,0,-1,19,5,1,-1,0,0,0,0,0,0,4,1,-1,2,1,53,8,1000,1,8,HONDA CBR,4,E01030650,0,1
2024991438927,2024,991438927,1,5,0,-1,19,6,2,-1,0,1,0,0,0,0,1,1,-1,9,1,25,5,599,1,13,HONDA CBR,10,-1,0,1
2024070731564,2024,070731564,1,5,0,-1,13,4,2,-1,0,0,0,0,0,0,3,1,-1,2,1,38,7,649,1,2,HONDA CBR,8,E01018342,0,1
2024122400035,2024,122400035,1,4,0,15,15,4,8,0,0,1,0,0,0,0,1,1,6,6,1,36,7,125,1,7,HONDA CBR,2,E01027852,0,1
2024061492432,2024,061492432,2,4,0,-1,19,2,6,-1,0,8,0,0,0,0,1,1,-1,6,1,26,6,471,1,10,HONDA CBR,-1,-1,0,-1
2024010509887,2024,010509887,2,5,0,18,19,3,7,0,0,0,1,10,1,10,1,1,6,6,1,19,4,649,1,8,HONDA CBR,-1,-1,0,-1
2024461453289,2024,461453289,2,4,0,-1,19,1,4,-1,0,0,0,0,0,0,1,1,-1,9,1,23,5,471,1,6,HONDA CBR,9,E01023319,0,4
2024010512073,2024,010512073,1,5,0,-1,-1,7,3,0,0,3,5,0,0,0,3,1,1,1,1,37,7,649,1,9,HONDA CBR,-1,-1,0,-1
2024010542241,2024,010542241,2,5,0,18,19,7,3,0,0,2,0,0,0,0,2,1,2,2,1,34,6,999,1,12,HONDA CBR,-1,-1,0,-1
2024991454923,2024,991454923,1,5,0,-1,19,5,1,-1,0,2,0,0,0,0,1,1,-1,6,1,29,6,649,1,9,HONDA CBR,1,-1,0,1
2024371450204,2024,371450204,2,4,0,-1,13,8,4,-1,0,0,5,0,0,0,1,1,-1,6,1,25,5,471,1,3,HONDA CBR,3,E01029996,0,1
2024622400340,2024,622400340,1,5,0,18,19,4,8,0,0,4,0,0,0,0,0,1,6,6,1,28,6,599,1,20,HONDA CBR,1,W01000830,0,1
2024471450461,2024,471450461,1,5,0,-1,14,7,3,-1,0,0,0,0,0,0,4,1,-1,9,1,29,6,649,1,5,HONDA CBR,6,E01031807,0,3
2024010517368,2024,010517368,1,5,0,18,19,7,3,0,0,1,0,0,0,0,1,1,2,2,1,57,9,1000,1,3,HONDA CBR,1,E01024612,0,4
2024320565537,2024,320565537,1,5,0,-1,-1,8,4,0,0,1,5,0,0,0,1,1,-1,-1,1,63,9,599,1,16,HONDA CBR,3,E01015674,0,4
2024361450299,2024,361450299,1,3,0,-1,19,3,7,-1,0,0,0,0,0,0,1,1,-1,6,1,18,4,124,1,19,HONDA CBR,4,E01026780,0,4
2024421505798,2024,421505798,2,5,0,-1,12,7,3,-1,0,0,5,0,4,0,4,1,-1,9,1,20,4,649,1,4,HONDA CBR,2,E01021270,0,1
2024631467143,2024,631467143,1,3,0,-1,19,6,2,-1,0,0,0,0,0,0,0,1,-1,9,2,17,4,125,1,7,HONDA CBR,6,W01000584,0,1
2024010542942,2024,010542942,2,4,0,18,19,7,3,0,0,0,1,0,0,0,3,1,2,2,1,42,7,471,1,9,HONDA CBR,3,E01015923,0,3
2024111414489,2024,111414489,2,3,0,-1,19,5,1,-1,0,1,0,0,0,0,4,1,-1,6,1,20,4,125,1,9,HONDA CBR,3,E01008742,0,2
2024991486106,2024,991486106,1,5,0,-1,13,7,3,-1,0,0,0,0,7,0,1,1,-1,6,1,60,9,599,1,26,HONDA CBR,7,-1,0,1
2024471427107,2024,471427107,5,5,0,-1,19,3,7,-1,0,0,0,0,0,0,0,1,-1,6,1,28,6,599,1,17,HONDA CBR,5,E01024038,0,4
2024010535147,2024,010535147,2,3,0,99,99,9,9,99,99,9,9,99,9,99,9,1,6,6,3,41,7,998,1,18,HONDA CBR,7,E01000391,0,3
2024010535213,2024,010535213,1,3,0,99,99,9,9,99,99,9,9,99,9,99,9,1,2,2,1,30,6,125,1,10,HONDA CBR,5,E01002129,0,1
2024552401179,2024,552401179,1,3,0,16,19,4,6,0,0,8,0,0,0,0,1,1,6,6,1,19,4,125,1,9,HONDA CBR,4,E01020918,0,5
2024031459599,2024,031459599,1,5,0,-1,19,1,5,-1,0,0,5,0,1,0,1,1,-1,9,2,28,6,649,1,4,HONDA CBR,-1,-1,0,-1
2024010525879,2024,010525879,1,4,0,99,99,9,9,99,99,9,9,99,9,99,1,1,6,6,1,42,7,649,1,2,HONDA CBR,4,E01001886,0,4
2024991480929,2024,991480929,1,4,0,-1,19,1,5,-1,0,0,0,0,0,0,1,1,-1,6,1,72,10,471,1,2,HONDA CMX 500,-1,-1,0,-1
2024622400314,2024,622400314,1,4,0,18,19,4,8,0,0,0,0,0,0,0,1,1,6,6,1,52,8,471,1,1,HONDA CMX 500,2,W01001067,0,1
2024320441757,2024,320441757,1,4,0,-1,-1,8,2,0,0,0,5,0,1,0,1,1,6,6,2,72,10,471,1,4,HONDA CMX 500,1,E01026074,0,4
2024610022724,2024,610022724,2,4,0,18,19,5,1,0,0,8,0,0,3,1,4,1,6,6,1,36,7,471,1,3,HONDA CMX 500,2,W01001529,0,2
2024520402561,2024,520402561,2,5,0,18,19,8,4,0,0,0,0,0,0,0,1,1,6,6,1,71,10,471,1,6,HONDA CMX 500,5,E01029167,0,1
2024010531619,2024,010531619,2,4,0,4,4,1,5,0,0,1,0,0,0,0,2,1,6,6,2,31,6,471,1,4,HONDA CMX 500,3,E01002056,0,2
2024451395676,2024,451395676,1,4,0,-1,13,3,7,-1,0,1,5,0,7,0,4,1,-1,6,1,57,9,471,1,2,HONDA CMX 500,6,E01002957,0,4
2024411471570,2024,411471570,1,3,0,-1,19,1,5,-1,0,2,5,0,0,0,1,1,-1,9,1,23,5,471,1,3,HONDA CMX 500,6,E01023388,0,4
2024340WN3342,2024,340WN3342,1,4,0,-1,-1,7,3,-1,0,5,0,0,0,0,4,1,-1,6,1,87,11,471,1,4,HONDA CMX 500,6,E01031178,0,3
2024332401193,2024,332401193,1,4,0,-1,19,6,2,-1,0,8,0,0,0,0,4,1,-1,2,2,34,6,471,1,6,HONDA CMX 500,8,E01033102,0,2
2024451426735,2024,451426735,2,4,0,-1,7,5,1,-1,0,0,1,0,0,0,3,1,-1,9,1,20,4,471,1,5,HONDA CMX 500,6,E01030516,0,1
2024471518357,2024,471518357,1,4,0,-1,19,3,7,-1,0,0,0,0,0,0,1,1,-1,2,1,22,5,471,1,7,HONDA CMX 500,3,E01016926,0,2
2024461477490,2024,461477490,2,4,0,-1,19,5,1,-1,0,8,5,0,0,0,3,1,-1,6,1,31,6,471,1,0,HONDA CMX 500,6,E01024367,0,1
2024471497406,2024,471497406,1,4,0,-1,5,6,3,-1,0,0,0,0,0,0,3,1,-1,9,1,29,6,471,1,2,HONDA CMX 500,10,E01031592,0,1
2024361453044,2024,361453044,1,4,0,-1,7,5,7,-1,0,1,5,0,0,0,1,1,-1,9,2,61,9,471,1,7,HONDA CMX 500,7,E01026673,0,1
2024461514686,2024,461514686,1,5,0,-1,19,7,3,-1,0,1,1,10,0,0,3,1,-1,9,1,42,7,1084,1,1,-1,5,E01016130,0,1
2024052400439,2024,052400439,2,4,0,18,19,5,1,0,0,8,0,0,0,0,2,1,6,6,1,32,6,1084,1,3,-1,1,E01033794,0,2
2024010526854,2024,010526854,1,5,0,18,19,1,5,0,0,0,0,0,0,0,1,1,2,2,1,35,6,1084,1,1,-1,5,E01023331,0,3
2024302401214,2024,302401214,2,5,0,3,3,5,1,0,0,4,0,0,0,0,1,1,6,6,2,46,8,1084,1,3,-1,9,E01007752,0,2
2024201444232,2024,201444232,2,5,0,-1,19,7,4,-1,0,0,0,0,0,0,4,1,-1,9,2,30,6,1084,1,2,-1,1,E01010450,0,3
2024010533189,2024,010533189,2,5,0,18,19,1,5,0,0,1,0,0,0,0,1,1,6,6,1,33,6,1084,1,0,-1,8,E01023109,0,4
2024221489370,2024,221489370,1,5,0,-1,19,5,1,-1,0,0,1,0,1,10,1,1,-1,9,2,50,8,1084,1,2,-1,4,E01032104,0,4
2024131448061,2024,131448061,2,5,0,-1,19,4,8,-1,0,0,0,0,0,0,1,1,-1,6,2,49,8,1084,1,1,-1,5,E01007698,0,4
2024052401300,2024,052401300,2,19,0,18,19,1,5,0,0,8,5,0,0,0,4,1,1,1,1,54,8,2999,2,21,-1,4,E01006954,0,4
2024211456219,2024,211456219,2,2,0,-1,19,2,6,-1,0,8,0,0,0,0,1,1,-1,6,1,17,4,49,1,4,-1,2,E01014252,0,1
2024311404553,2024,311404553,2,2,0,-1,19,4,4,-1,0,1,0,0,0,0,4,1,-1,1,1,34,6,49,1,4,-1,-1,-1,0,-1
2024542467924,2024,542467924,1,9,0,5,5,8,4,0,0,2,0,0,0,0,1,1,6,6,1,52,8,3498,1,15,-1,4,E01032113,0,1
2024010544959,2024,010544959,3,9,0,2,2,0,0,0,0,0,0,0,0,0,2,2,6,6,3,-1,-1,3498,1,19,-1,-1,-1,0,-1
2024061525770,2024,061525770,2,9,0,-1,19,1,5,-1,0,1,0,0,0,0,1,1,-1,9,1,79,11,1769,1,21,-1,-1,-1,0,-1
2024411479045,2024,411479045,1,9,-1,-1,-1,-1,-1,-1,-1,4,0,0,0,0,1,9,-1,6,3,-1,-1,1769,1,19,-1,-1,-1,0,-1
2024010547868,2024,010547868,2,9,0,9,9,3,1,0,0,8,0,0,0,0,1,1,2,2,1,45,7,1769,1,20,-1,8,E01027022,0,5
2024031513864,2024,031513864,1,9,0,-1,1,1,5,-1,0,1,0,0,0,0,2,1,-1,6,1,68,10,1769,1,20,-1,6,E01019088,0,1
2024471527717,2024,471527717,1,9,0,-1,19,1,4,-1,0,1,0,0,0,0,1,1,-1,6,1,33,6,2184,2,22,-1,3,E01031444,0,1
2024131403551,2024,131403551,1,9,0,-1,19,5,1,-1,0,0,0,0,0,0,1,1,-1,6,1,68,10,1769,1,18,-1,1,E01011029,0,1
2024622400571,2024,622400571,1,9,0,16,19,2,6,0,0,1,1,0,1,0,3,1,6,6,1,21,5,1998,1,26,-1,5,W01001718,0,1
2024010549147,2024,010549147,1,9,0,18,19,7,3,0,0,1,0,0,8,1,1,1,6,6,1,41,7,1769,1,22,-1,5,E01003494,0,1
2024211467025,2024,211467025,2,8,0,-1,5,3,3,-1,0,1,0,0,0,0,1,1,-1,1,1,39,7,1997,2,9,-1,-1,-1,0,-1
2024471459100,2024,471459100,2,9,0,-1,5,5,1,-1,0,4,0,0,1,0,1,2,-1,1,1,54,8,1997,2,8,-1,5,E01031565,0,2
2024471485225,2024,471485225,2,8,0,-1,4,3,7,-1,0,1,0,0,0,0,2,1,-1,9,1,50,8,1997,2,8,-1,2,E01017011,0,1
2024010508043,2024,010508043,2,9,0,5,5,1,5,0,0,1,0,0,0,0,4,1,6,6,1,66,10,1997,2,10,-1,2,E01003325,0,1
2024631465029,2024,631465029,2,8,0,-1,4,1,5,-1,0,1,0,0,0,0,2,1,-1,1,1,59,9,1997,2,8,-1,3,W01000695,0,1
2024991407255,2024,991407255,2,8,0,-1,19,6,3,-1,0,0,0,0,1,4,3,1,-1,1,1,67,10,1997,2,10,-1,7,-1,0,3
2024041412354,2024,041412354,2,4,0,-1,19,7,3,-1,0,1,0,0,0,0,1,1,-1,6,1,20,4,244,1,19,-1,2,E01025075,0,1
2024552400340,2024,552400340,1,3,0,18,19,3,7,0,0,0,0,12,0,0,0,1,6,6,1,66,10,459,1,19,-1,3,E01029233,0,1
2024010497462,2024,010497462,1,4,0,18,19,7,3,0,0,0,0,0,0,0,0,1,6,6,1,35,6,459,1,21,-1,-1,-1,0,-1
2024340NN3292,2024,340NN3292,1,9,0,-1,19,7,3,-1,0,8,0,0,0,0,1,1,-1,6,3,-1,-1,1968,2,15,SEAT EXEO,-1,-1,0,-1
2024141497922,2024,141497922,1,9,0,-1,19,1,5,-1,0,0,0,0,0,0,1,1,-1,9,1,55,8,1968,2,13,SEAT EXEO,1,E01007809,0,1
2024631496876,2024,631496876,1,9,0,-1,5,8,4,-1,0,6,0,0,0,0,4,1,-1,9,2,47,8,1968,2,14,SEAT EXEO,5,W01000563,0,1
2024552400810,2024,552400810,2,9,0,18,19,2,6,0,0,0,0,0,0,0,1,1,6,6,1,50,8,1968,2,13,SEAT EXEO,7,E01020477,0,4
2024131512071,2024,131512071,2,9,0,-1,19,1,5,-1,0,8,0,0,0,0,4,1,-1,9,1,50,8,1968,2,14,SEAT EXEO,7,E01011067,0,3
2024991467007,2024,991467007,1,9,0,-1,19,1,5,-1,0,0,1,0,7,11,1,1,-1,6,1,47,8,1968,2,13,SEAT EXEO,9,-1,0,2
2024451424165,2024,451424165,2,9,0,-1,19,5,1,-1,0,0,0,0,0,0,2,1,-1,9,1,57,9,1968,2,13,SEAT EXEO,-1,-1,0,-1
2024141413052,2024,141413052,1,9,0,-1,3,1,5,-1,0,0,0,0,0,0,2,1,-1,9,1,55,8,1968,2,14,SEAT EXEO,7,E01011630,0,4