collision_index,collision_year,collision_ref_no,vehicle_reference,vehicle_type,towing_and_articulation,vehicle_manoeuvre_historic,vehicle_manoeuvre,vehicle_direction_from,vehicle_direction_to,vehicle_location_restricted_lane_historic,vehicle_location_restricted_lane,junction_location,skidding_and_overturning,hit_object_in_carriageway,vehicle_leaving_carriageway,hit_object_off_carriageway,first_point_of_impact,vehicle_left_hand_drive,journey_purpose_of_driver_historic,journey_purpose_of_driver,sex_of_driver,age_of_driver,age_band_of_driver,engine_capacity_cc,propulsion_code,age_of_vehicle,generic_make_model,driver_imd_decile,lsoa_of_driver,escooter_flag,driver_distance_banding
2024101408272,2024,101408272,1,9,0,-1,19,5,1,-1,0,1,0,0,0,0,1,1,-1,6,2,22,5,1968,2,14,SEAT EXEO,3,E01008533,0,4
2024231451958,2024,231451958,2,9,0,-1,19,7,3,-1,0,0,0,0,0,0,1,1,-1,6,1,52,8,1968,2,11,SEAT EXEO,5,E01031114,0,1
2024141453443,2024,141453443,1,9,0,-1,19,6,3,-1,0,5,0,10,1,11,1,1,-1,6,1,23,5,1968,2,15,SEAT EXEO,-1,-1,0,-1
2024461438685,2024,461438685,1,9,0,-1,19,3,5,-1,0,1,0,0,0,0,1,9,-1,6,3,-1,-1,1968,2,13,SEAT EXEO,-1,-1,0,-1
2024320253660,2024,320253660,1,9,0,9,9,8,6,0,0,8,0,0,0,0,1,1,-1,-1,2,36,7,1197,1,10,SKODA ROOMSTER,4,E01026140,0,1
2024131406403,2024,131406403,1,9,0,-1,19,1,1,-1,0,8,0,0,0,0,1,1,-1,6,1,71,10,1197,1,9,SKODA ROOMSTER,4,E01011463,0,1
2024052401875,2024,052401875,2,9,0,18,19,3,7,0,0,0,0,0,0,0,1,1,6,6,2,79,11,1197,1,10,SKODA ROOMSTER,9,E01006823,0,1
2024552401486,2024,552401486,2,9,0,18,19,4,8,0,0,8,0,0,0,0,1,1,6,6,2,33,6,1197,1,10,SKODA ROOMSTER,7,E01015413,0,2
2024141417691,2024,141417691,1,9,0,-1,5,5,1,-1,0,0,0,0,0,0,1,1,-1,6,1,72,10,1197,1,14,SKODA ROOMSTER,5,E01007823,0,1
2024461507746,2024,461507746,1,9,0,-1,19,7,3,-1,0,0,0,0,0,0,4,1,-1,6,1,57,9,1198,1,11,SKODA ROOMSTER,2,E01024533,0,1
2024421513441,2024,421513441,1,9,0,-1,19,2,6,-1,0,0,0,0,7,11,1,1,-1,9,1,73,10,1197,1,13,SKODA ROOMSTER,10,E01021728,0,1
2024122401079,2024,122401079,2,9,0,4,4,5,1,0,0,1,0,0,0,0,1,1,6,6,1,55,8,1598,2,12,SKODA ROOMSTER,9,E01027589,0,4
2024010541374,2024,010541374,4,9,0,18,19,3,7,0,0,1,0,0,0,0,2,1,1,1,1,30,6,1197,1,10,SKODA ROOMSTER,2,E01002316,0,1
2024010531890,2024,010531890,1,9,0,99,99,9,9,99,99,9,9,99,9,99,9,9,6,6,3,-1,-1,1197,1,12,SKODA ROOMSTER,3,E01002776,0,1
2024041525701,2024,041525701,2,9,0,-1,19,2,6,-1,0,1,0,0,0,0,1,1,-1,9,1,32,6,1598,2,14,SKODA ROOMSTER,1,E01025136,0,1
2024471535650,2024,471535650,1,9,0,-1,19,1,5,-1,0,0,0,0,0,0,1,1,-1,9,1,81,11,1390,1,16,SKODA ROOMSTER,5,E01031771,0,2
2024340NN9072,2024,340NN9072,1,9,0,-1,19,1,5,-1,0,0,0,0,0,0,1,1,-1,6,2,69,10,1198,1,13,SKODA ROOMSTER,3,E01027082,0,3
2024471433278,2024,471433278,1,9,0,-1,19,3,7,-1,0,8,0,0,0,0,2,1,-1,9,1,79,11,1197,1,14,SKODA ROOMSTER,10,E01023276,0,4
2024101433290,2024,101433290,2,9,0,-1,19,1,5,-1,0,1,1,0,7,4,1,1,-1,9,2,44,7,1896,2,15,SKODA ROOMSTER,-1,-1,0,-1
2024010515444,2024,010515444,1,9,0,18,19,1,5,0,0,0,0,0,0,0,2,1,6,6,1,80,11,1197,1,12,SKODA ROOMSTER,5,E01002492,0,2
2024201563510,2024,201563510,2,9,0,-1,19,1,6,-1,0,0,0,0,0,0,1,9,-1,9,2,72,10,1197,1,11,SKODA ROOMSTER,4,E01009205,0,1
2024440529798,2024,440529798,1,9,0,18,19,3,7,0,0,0,0,0,0,0,4,1,6,6,2,77,11,1198,1,13,SKODA ROOMSTER,5,E01017317,0,2
2024122500163,2024,122500163,2,9,0,1,1,7,3,0,0,1,0,0,7,10,3,1,6,6,2,75,10,1197,1,10,SKODA ROOMSTER,2,E01028257,0,5
2024520000784,2024,520000784,4,9,0,10,10,5,3,0,0,1,0,0,0,0,2,1,6,6,2,46,8,1598,1,16,SKODA ROOMSTER,6,E01032114,0,3
2024351518025,2024,351518025,1,9,0,-1,19,1,5,-1,0,0,2,0,7,0,3,1,-1,1,1,30,6,1197,1,10,SKODA ROOMSTER,7,E01018192,0,4
2024122401046,2024,122401046,2,9,0,2,2,0,0,0,0,0,0,0,0,0,1,1,6,6,2,80,11,1197,1,9,SKODA ROOMSTER,4,E01027981,0,5
2024010511041,2024,010511041,1,9,0,18,19,1,5,0,0,0,0,0,0,0,1,1,6,6,1,24,5,1197,1,12,SKODA ROOMSTER,6,E01000479,0,1
2024421440406,2024,421440406,1,9,0,-1,19,5,1,-1,0,8,0,0,0,0,1,1,-1,9,1,28,6,1598,2,13,SKODA ROOMSTER,2,E01021288,0,1
2024131428080,2024,131428080,2,9,0,-1,2,0,0,-1,9,8,1,0,0,0,2,1,-1,6,-1,-1,-1,1598,1,17,SKODA ROOMSTER,-1,-1,0,-1
2024201417559,2024,201417559,2,9,0,-1,9,4,2,-1,0,5,0,0,0,0,1,9,-1,9,1,39,7,1422,2,15,SKODA ROOMSTER,3,E01008973,0,3
2024440205511,2024,440205511,1,9,0,18,19,7,3,0,0,2,0,0,0,0,1,1,6,6,2,85,11,1197,1,10,SKODA ROOMSTER,6,E01022927,0,1
2024411497828,2024,411497828,2,9,0,-1,19,5,1,-1,0,8,0,0,1,10,1,1,-1,9,1,70,10,1598,1,16,SKODA ROOMSTER,4,E01020915,0,5
2024421460951,2024,421460951,1,9,0,-1,19,1,5,-1,0,0,0,0,0,0,1,1,-1,9,1,88,11,1390,1,18,SKODA ROOMSTER,4,E01022041,0,1
2024552400322,2024,552400322,1,9,0,18,19,7,3,0,0,0,1,0,1,4,1,1,6,6,2,51,8,1197,1,14,SKODA ROOMSTER,9,E01015412,0,4
2024041418454,2024,041418454,1,9,0,-1,14,7,3,-1,0,1,0,0,0,0,1,1,-1,9,1,47,8,1197,1,12,SKODA ROOMSTER,5,E01025401,0,1
2024440062870,2024,440062870,2,9,0,18,19,7,3,0,0,8,0,0,0,0,3,1,6,6,2,59,9,1896,2,17,SKODA ROOMSTER,3,E01032847,0,1
2024041512060,2024,041512060,2,9,0,-1,19,1,5,-1,0,1,0,0,0,0,4,1,-1,9,2,58,9,1598,2,12,SKODA ROOMSTER,2,E01010715,0,3
2024361405256,2024,361405256,1,9,0,-1,19,3,5,-1,0,8,0,0,0,0,3,1,-1,2,1,52,8,1598,1,16,SKODA ROOMSTER,4,E01026846,0,1
2024070751786,2024,070751786,2,9,0,-1,19,3,7,-1,0,0,0,0,7,4,1,1,-1,6,2,25,5,1598,1,14,SKODA ROOMSTER,-1,-1,0,-1
2024340NN1482,2024,340NN1482,3,9,0,-1,19,7,3,-1,0,0,0,0,0,0,1,1,-1,9,1,42,7,1598,2,13,SKODA ROOMSTER,5,E01033174,0,3
2024351503842,2024,351503842,1,9,0,-1,7,1,5,-1,0,5,0,0,0,0,2,1,-1,6,1,76,11,1197,1,13,SKODA ROOMSTER,4,E01018095,0,1
2024461436451,2024,461436451,2,9,0,-1,2,7,3,-1,0,0,0,4,0,0,3,9,-1,6,2,56,9,1598,1,16,SKODA ROOMSTER,8,E01016105,0,3
2024522401229,2024,522401229,1,9,0,9,9,4,2,0,0,5,0,0,0,0,1,1,6,6,2,47,8,1197,1,14,SKODA ROOMSTER,3,E01014730,0,1
2024201527451,2024,201527451,2,9,0,-1,19,6,7,-1,0,1,0,4,0,0,1,1,-1,9,1,49,8,1598,1,17,SKODA ROOMSTER,-1,-1,0,-1
2024401507482,2024,401507482,1,9,0,-1,19,2,6,-1,0,0,0,0,0,0,1,1,-1,2,1,52,8,1896,2,17,SKODA ROOMSTER,8,E01034451,0,2
2024111412902,2024,111412902,1,9,0,-1,4,7,2,-1,0,1,0,0,0,0,1,1,-1,6,1,36,7,1422,2,17,SKODA ROOMSTER,1,E01020790,0,1
2024010500850,2024,010500850,2,9,0,99,99,9,9,99,99,9,9,99,9,99,1,9,6,6,1,-1,-1,1197,1,11,SKODA ROOMSTER,-1,-1,0,-1
2024361422171,2024,361422171,1,9,0,-1,9,4,2,-1,0,6,0,0,0,0,3,1,-1,6,1,89,11,1598,2,14,SKODA ROOMSTER,6,E01026773,0,3
2024131533859,2024,131533859,2,9,0,-1,5,5,1,-1,0,2,0,0,0,0,4,1,-1,6,1,62,9,1422,2,14,SKODA ROOMSTER,8,E01011886,0,1
202454E972124,2024,54E972124,1,9,0,18,19,1,5,0,0,0,0,0,0,0,1,1,6,6,1,-1,-1,1598,1,16,SKODA ROOMSTER,10,E01014468,0,2
2024010517529,2024,010517529,3,9,0,2,2,0,0,0,0,0,0,0,0,0,4,1,6,6,3,-1,-1,1197,1,12,SKODA ROOMSTER,-1,-1,0,-1
2024520402781,2024,520402781,1,9,0,4,4,3,7,0,0,0,0,0,0,0,2,1,6,6,2,79,11,1390,1,15,SKODA ROOMSTER,7,E01014472,0,3
2024221400032,2024,221400032,2,5,0,-1,14,8,4,-1,0,0,0,0,0,0,1,1,-1,6,1,56,9,-1,-1,-1,-1,7,E01035082,0,4
2024010513529,2024,010513529,2,5,0,18,19,7,3,0,0,1,0,0,0,0,1,1,6,6,1,44,7,-1,-1,-1,-1,4,E01000392,0,3
2024041442682,2024,041442682,2,5,0,-1,3,1,5,-1,0,0,5,0,0,0,1,1,-1,9,1,75,10,638,1,5,-1,8,E01006409,0,3
2024371396593,2024,371396593,1,5,0,-1,19,3,7,-1,0,1,1,0,0,0,4,1,-1,2,1,67,10,638,1,5,-1,4,E01030022,0,1
2024010524667,2024,010524667,1,5,0,15,15,5,1,0,0,0,0,0,0,0,3,1,6,6,1,51,8,638,1,5,-1,9,E01004171,0,3
2024131414186,2024,131414186,1,3,0,-1,13,5,1,-1,0,8,0,0,0,0,1,1,-1,6,1,19,4,124,1,16,YAMAHA NXC,10,E01010646,0,3
2024010536973,2024,010536973,1,3,0,18,19,1,5,0,0,1,1,0,0,0,1,1,2,2,1,50,8,125,1,10,YAMAHA NXC,4,E01000947,0,1
2024371406341,2024,371406341,2,3,0,-1,19,2,6,-1,0,1,0,0,0,0,1,1,-1,6,1,60,9,124,1,16,YAMAHA NXC,6,E01030002,0,1
2024421515426,2024,421515426,1,3,0,-1,19,2,6,-1,0,0,0,0,0,0,1,1,-1,9,1,18,4,124,1,17,YAMAHA NXC,5,E01004377,0,3
2024010535446,2024,010535446,1,3,0,99,99,9,9,99,99,9,9,99,9,99,9,1,6,6,1,40,7,124,1,16,YAMAHA NXC,2,E01033877,0,1
2024010492145,2024,010492145,2,3,0,18,19,3,7,0,0,0,0,0,0,0,1,1,6,6,2,48,8,124,1,13,YAMAHA NXC,6,E01000365,0,3
2024010511098,2024,010511098,2,3,0,99,99,9,9,99,99,0,9,99,9,99,9,1,6,6,3,28,6,124,1,8,YAMAHA NXC,5,E01001179,0,1
2024041397767,2024,041397767,1,3,0,-1,19,6,2,-1,0,0,1,0,0,0,4,1,-1,2,1,25,5,124,1,19,YAMAHA NXC,6,E01025026,0,1
2024131482068,2024,131482068,1,3,0,-1,19,3,7,-1,0,8,0,4,0,0,1,1,-1,9,1,18,4,125,1,10,YAMAHA NXC,7,E01011193,0,1
2024052400495,2024,052400495,2,3,0,18,19,1,5,0,0,8,0,0,0,0,1,1,6,6,1,28,6,124,1,13,YAMAHA NXC,3,E01034840,0,1
2024010501539,2024,010501539,1,3,4,99,99,9,9,99,99,9,9,99,9,99,1,1,6,6,1,35,6,125,1,10,YAMAHA NXC,6,E01003130,0,1
2024010501302,2024,010501302,1,3,0,99,99,9,9,99,99,9,9,99,9,99,2,1,1,1,1,30,6,124,1,10,YAMAHA NXC,6,E01003706,0,1
2024440407813,2024,440407813,1,3,0,18,19,5,1,0,0,2,0,0,0,0,0,1,6,6,1,30,6,124,1,18,YAMAHA NXC,10,E01023228,0,4
2024401506465,2024,401506465,1,4,0,-1,19,7,1,-1,0,4,0,0,0,0,4,1,-1,6,1,34,6,124,1,12,YAMAHA NXC,2,E01015699,0,1
2024421419749,2024,421419749,1,4,0,-1,4,7,3,-1,0,0,1,0,0,0,0,1,-1,6,1,62,9,124,1,19,YAMAHA NXC,-1,-1,0,-1
202460Q068359,2024,60Q068359,2,3,0,18,19,7,2,0,0,1,0,0,0,0,1,1,2,2,2,27,6,124,1,11,YAMAHA NXC,-1,-1,0,-1
2024552400286,2024,552400286,2,3,0,18,19,2,6,0,0,8,0,0,0,0,1,1,6,6,1,29,6,124,1,16,YAMAHA NXC,7,E01020359,0,1
2024451467633,2024,451467633,2,3,0,-1,14,5,1,-1,0,0,0,0,7,0,1,1,-1,2,1,50,8,124,1,13,YAMAHA NXC,9,E01003005,0,1
2024501412486,2024,501412486,2,3,9,-1,19,-1,-1,-1,0,1,0,0,0,0,2,1,-1,9,2,73,10,124,1,9,YAMAHA NXC,4,E01015221,0,1
2024201431872,2024,201431872,2,2,0,-1,19,6,2,-1,0,8,0,0,0,0,4,1,-1,1,1,25,5,124,1,20,-1,5,E01010223,0,3
2024302400360,2024,302400360,1,4,0,17,19,2,6,0,0,8,0,0,0,0,3,1,2,2,1,19,4,124,1,1,YAMAHA XSR,1,E01019566,0,1
2024531466291,2024,531466291,1,3,0,-1,13,1,5,-1,0,8,0,0,0,0,1,1,-1,1,1,31,6,124,1,1,YAMAHA XSR,4,E01022331,0,2
2024461505416,2024,461505416,1,5,0,-1,19,5,1,-1,0,0,2,0,1,9,3,1,-1,2,1,29,6,689,1,4,YAMAHA XSR,5,E01024532,0,4
2024332400995,2024,332400995,2,3,0,-1,19,2,6,-1,0,0,0,0,0,0,1,1,-1,1,1,19,4,124,1,0,YAMAHA XSR,10,E01026004,0,1
2024010539875,2024,010539875,1,3,0,18,19,1,5,0,0,1,1,0,0,0,1,1,2,2,1,37,7,124,1,3,YAMAHA XSR,5,E01004601,0,2
2024070134787,2024,070134787,2,4,0,5,5,2,5,0,0,3,0,0,0,0,4,1,2,2,1,35,6,847,1,7,YAMAHA XSR,-1,-1,0,-1
2024010542535,2024,010542535,2,5,0,18,19,3,7,0,0,1,0,0,0,0,3,1,6,6,1,42,7,890,1,1,YAMAHA XSR,9,E01004511,0,2
2024010541892,2024,010541892,1,3,0,18,19,3,7,0,0,1,0,0,0,0,1,1,3,7,1,26,6,124,1,3,YAMAHA XSR,8,E01000341,0,3
2024010498510,2024,010498510,1,5,0,99,99,9,9,99,99,9,9,99,9,99,2,1,6,6,1,30,6,890,1,2,YAMAHA XSR,6,E01033785,0,4
2024201396240,2024,201396240,2,3,0,-1,19,5,1,-1,0,1,0,0,0,0,1,1,-1,1,1,17,4,124,1,1,YAMAHA XSR,10,E01010207,0,1
2024010532559,2024,010532559,1,3,0,13,13,4,8,0,0,1,0,0,0,0,4,1,6,6,1,31,6,124,1,0,YAMAHA XSR,3,E01000141,0,2
2024010538650,2024,010538650,2,4,0,18,19,7,3,0,0,1,0,0,0,0,4,1,1,1,1,22,5,124,1,1,YAMAHA XSR,2,E01001559,0,1
2024221437548,2024,221437548,2,5,0,-1,4,3,7,-1,0,1,0,0,0,0,2,1,-1,9,1,37,7,890,1,0,YAMAHA XSR,3,E01009772,0,3
2024010499740,2024,010499740,1,3,0,11,11,7,3,0,0,8,1,0,0,0,2,1,1,1,1,20,4,124,1,1,YAMAHA XSR,8,E01003078,0,2
2024522403353,2024,522403353,1,5,0,12,12,3,7,0,0,2,0,4,0,0,1,1,6,6,1,38,7,689,1,1,YAMAHA XSR,3,E01014948,0,2
2024332400346,2024,332400346,1,5,0,-1,19,2,6,-1,0,0,0,0,0,0,1,1,-1,6,1,58,9,890,1,1,YAMAHA XSR,8,E01025911,0,2
2024461521782,2024,461521782,2,3,0,-1,19,4,8,-1,0,1,0,0,0,0,4,1,-1,6,1,52,8,124,1,3,YAMAHA XSR,3,E01016038,0,3
2024010547583,2024,010547583,1,3,0,18,19,5,1,0,0,8,0,0,0,0,1,1,6,6,2,31,6,124,1,3,YAMAHA XSR,7,E01004476,0,1
2024201419701,2024,201419701,1,3,0,-1,19,6,2,-1,0,8,0,0,0,0,1,1,-1,2,1,62,9,124,1,1,YAMAHA XSR,2,E01009981,0,1
2024010504334,2024,010504334,1,3,0,18,19,7,3,0,0,1,1,0,0,0,1,1,6,6,2,28,6,124,1,2,YAMAHA XSR,10,E01023259,0,4
2024371480521,2024,371480521,1,5,0,-1,13,1,5,-1,0,0,0,0,0,0,1,1,-1,9,1,30,6,890,1,2,YAMAHA XSR,5,E01001656,0,5
2024041521763,2024,041521763,2,3,0,-1,19,3,7,-1,0,1,0,0,0,0,1,1,-1,2,1,31,6,124,1,2,YAMAHA XSR,1,E01024925,0,1
2024451480301,2024,451480301,1,5,0,-1,13,7,3,-1,0,0,0,0,7,1,1,1,-1,6,1,60,9,890,1,0,YAMAHA XSR,4,E01032858,0,2
2024471534971,2024,471534971,2,3,0,-1,4,5,1,-1,0,4,0,0,0,0,2,1,-1,6,1,41,7,124,1,1,YAMAHA XSR,8,E01016972,0,2
2024211409832,2024,211409832,2,3,0,-1,12,8,4,-1,0,0,0,0,0,0,2,1,-1,2,1,32,6,124,1,2,YAMAHA XSR,-1,-1,0,-1
2024320516539,2024,320516539,1,5,0,-1,-1,3,7,0,0,0,5,12,0,0,1,1,-1,-1,1,54,8,689,1,1,YAMAHA XSR,8,E01013262,0,2
2024401519185,2024,401519185,1,4,0,-1,19,1,5,-1,0,4,5,0,0,0,1,1,-1,6,1,67,10,689,1,5,YAMAHA XSR,8,E01012975,0,5
2024421450998,2024,421450998,2,3,0,-1,19,7,3,-1,0,8,0,0,0,0,1,1,-1,9,1,20,4,124,1,2,YAMAHA XSR,7,E01021294,0,1
2024351443936,2024,351443936,2,23,0,-1,12,7,3,-1,0,0,0,0,0,0,2,1,-1,9,1,17,4,689,1,7,YAMAHA XSR,10,E01018267,0,4
2024471460098,2024,471460098,2,5,0,-1,13,8,3,-1,0,1,0,0,0,0,1,1,-1,2,1,40,7,689,1,7,YAMAHA XSR,4,E01031433,0,3
2024131510151,2024,131510151,2,3,0,-1,19,5,1,-1,0,0,0,4,0,0,1,1,-1,6,1,34,6,124,1,0,YAMAHA XSR,2,E01011103,0,1
2024010518766,2024,010518766,1,3,0,18,19,1,5,0,0,1,0,0,0,0,1,1,6,6,1,22,5,124,1,3,YAMAHA XSR,6,E01001159,0,1
2024461508220,2024,461508220,2,3,0,-1,13,2,6,-1,-1,1,0,0,7,0,1,1,-1,9,1,34,6,124,1,0,YAMAHA XSR,3,E01024583,0,1
2024010541464,2024,010541464,2,5,0,13,13,3,7,0,0,1,0,0,0,0,1,1,2,2,1,24,5,890,1,2,YAMAHA XSR,5,E01000401,0,1
2024131531343,2024,131531343,2,3,0,-1,19,3,7,-1,0,0,0,0,0,0,1,1,-1,6,1,50,8,124,1,2,YAMAHA XSR,1,E01011624,0,1
2024471457343,2024,471457343,2,3,0,-1,19,4,8,-1,0,1,5,0,0,0,1,1,-1,9,1,33,6,124,1,0,YAMAHA XSR,4,E01016860,0,1
2024010510800,2024,010510800,1,5,0,9,9,5,2,0,0,1,0,0,0,0,2,1,6,6,1,67,10,689,1,6,YAMAHA XSR,6,E01000339,0,1
2024451404965,2024,451404965,1,3,0,-1,7,3,5,-1,0,3,1,0,0,0,1,1,-1,6,2,34,6,124,1,2,YAMAHA XSR,2,E01001081,0,2
2024010507270,2024,010507270,1,3,0,99,99,9,9,99,99,2,9,99,9,99,9,1,2,2,1,41,7,124,1,3,YAMAHA XSR,7,E01000362,0,4
2024211513745,2024,211513745,2,3,0,-1,19,7,3,-1,0,1,2,0,0,0,1,1,-1,6,1,30,6,124,1,3,YAMAHA XSR,7,E01029369,0,1
2024440433861,2024,440433861,1,3,0,16,19,1,4,0,0,3,1,0,0,0,3,1,2,2,1,20,4,124,1,0,YAMAHA XSR,8,E01022787,0,1
2024161481514,2024,161481514,1,5,0,-1,19,4,2,-1,9,0,0,0,7,11,1,1,-1,9,1,60,9,689,1,6,YAMAHA XSR,10,E01013171,0,1
2024610020524,2024,610020524,1,5,0,16,19,8,2,0,0,0,2,0,8,10,1,1,6,6,1,52,8,689,1,8,YAMAHA XSR,4,W01001558,0,3
2024010532198,2024,010532198,1,5,0,9,9,2,7,0,0,5,0,0,0,0,4,1,6,6,1,39,7,689,1,6,YAMAHA XSR,3,E01003105,0,1
2024061492615,2024,061492615,2,5,0,-1,19,1,5,-1,0,2,1,0,0,0,1,1,-1,6,1,61,9,689,1,4,YAMAHA XSR,7,E01005800,0,2
2024311426839,2024,311426839,1,5,0,-1,19,1,5,-1,0,0,5,10,5,6,3,1,-1,9,1,29,6,847,1,7,YAMAHA XSR,7,E01028131,0,2
2024430268927,2024,430268927,1,5,0,18,19,5,1,0,0,3,1,9,4,6,2,1,6,6,1,21,5,689,1,3,YAMAHA XSR,1,E01016744,0,2
2024552400300,2024,552400300,2,5,0,18,19,6,2,0,0,0,0,0,0,0,4,1,2,2,1,26,6,689,1,6,YAMAHA XSR,5,E01015435,0,2
2024440354727,2024,440354727,1,3,0,17,19,8,5,0,0,0,0,0,1,0,1,1,6,6,1,27,6,124,1,2,YAMAHA XSR,9,E01032860,0,1
2024302401429,2024,302401429,1,4,0,18,19,4,8,0,0,1,0,0,0,0,4,1,6,6,1,23,5,124,1,1,YAMAHA XSR,1,E01007919,0,3
2024451455265,2024,451455265,1,5,0,-1,19,5,1,-1,0,0,0,0,0,0,1,1,-1,2,1,25,5,689,1,6,YAMAHA XSR,7,E01023141,0,2
2024010520216,2024,010520216,1,3,0,99,99,9,9,99,99,9,9,99,9,99,2,1,2,2,1,27,6,124,1,3,YAMAHA XSR,4,E01004030,0,1
2024520002119,2024,520002119,1,3,0,18,19,1,5,0,0,0,0,0,0,0,1,1,6,6,1,18,4,124,1,3,YAMAHA XSR,7,E01004626,0,5
2024071079395,2024,071079395,1,3,0,-1,19,7,3,-1,0,0,1,0,4,6,1,1,-1,6,1,31,6,124,1,2,YAMAHA XSR,5,E01018313,0,4
2024991412473,2024,991412473,1,5,0,-1,14,3,7,-1,0,8,5,0,0,0,1,1,-1,2,1,47,8,689,1,5,YAMAHA XSR,3,-1,0,1
2024010542411,2024,010542411,1,5,0,18,19,3,7,0,0,0,0,0,0,0,2,1,6,6,1,48,8,689,1,7,YAMAHA XSR,7,E01000427,0,1
2024221497625,2024,221497625,1,3,0,-1,13,2,6,-1,0,8,0,0,0,0,1,1,-1,2,1,30,6,124,1,0,YAMAHA XSR,4,E01035076,0,2
2024070217247,2024,070217247,1,9,0,9,9,5,3,0,0,6,0,0,0,0,3,1,6,6,2,71,10,1368,1,10,ALFA ROMEO GIULIETTA,10,E01018339,0,2
2024320501763,2024,320501763,2,9,0,4,4,5,1,0,0,0,0,0,0,0,2,1,-1,-1,1,25,5,1368,1,11,ALFA ROMEO GIULIETTA,3,E01035668,0,5
2024440439807,2024,440439807,2,9,0,9,9,8,2,0,0,6,0,0,0,0,4,1,6,6,1,40,7,1956,2,13,ALFA ROMEO GIULIETTA,9,E01022788,0,1
2024131520300,2024,131520300,1,9,0,-1,19,5,1,-1,0,0,1,0,0,0,1,1,-1,6,1,35,6,1598,2,11,ALFA ROMEO GIULIETTA,1,E01011284,0,1
2024201518304,2024,201518304,2,9,0,-1,15,5,1,-1,0,1,0,0,0,0,1,1,-1,6,2,30,6,1368,1,11,ALFA ROMEO GIULIETTA,-1,-1,0,-1
2024471491205,2024,471491205,2,9,0,-1,2,0,0,-1,0,0,0,0,0,0,-1,9,-1,6,3,-1,-1,1598,2,10,ALFA ROMEO GIULIETTA,-1,-1,0,-1
2024131490040,2024,131490040,2,9,0,-1,19,3,7,-1,0,1,0,0,0,0,4,1,-1,9,1,75,10,1956,2,12,ALFA ROMEO GIULIETTA,4,E01010865,0,1
2024361459402,2024,361459402,4,9,0,-1,2,0,0,-1,0,2,0,0,0,0,4,1,-1,6,1,77,11,1956,2,13,ALFA ROMEO GIULIETTA,10,E01026811,0,1
2024361426348,2024,361426348,1,9,0,-1,19,7,4,-1,0,6,0,0,0,0,1,1,-1,9,1,33,6,1956,2,9,ALFA ROMEO GIULIETTA,4,E01026180,0,4
2024501494422,2024,501494422,2,9,0,-1,19,8,4,-1,0,0,1,0,0,0,3,1,-1,6,1,18,4,1956,2,13,ALFA ROMEO GIULIETTA,3,E01018932,0,4
2024440383347,2024,440383347,1,9,0,17,19,1,6,0,0,8,0,0,0,0,4,1,2,2,2,57,9,1598,2,13,ALFA ROMEO GIULIETTA,3,E01022487,0,2
2024211450779,2024,211450779,1,9,0,-1,9,5,1,-1,0,2,1,0,0,0,1,1,-1,9,1,30,6,1368,1,11,ALFA ROMEO GIULIETTA,-1,-1,0,-1
2024361471361,2024,361471361,1,9,0,-1,19,5,1,-1,0,0,2,10,0,0,1,1,-1,2,1,57,9,1956,2,8,ALFA ROMEO GIULIETTA,3,E01026639,0,1
2024461397457,2024,461397457,1,9,0,-1,19,8,3,-1,0,0,0,0,0,0,3,9,-1,6,1,74,10,1368,1,6,ALFA ROMEO GIULIETTA,9,E01024088,0,1
2024440513601,2024,440513601,2,9,0,18,19,2,6,0,0,1,0,0,0,0,3,1,2,2,1,46,8,1956,2,10,ALFA ROMEO GIULIETTA,6,E01017200,0,1
2024010503237,2024,010503237,2,9,0,13,13,1,5,0,0,2,1,0,0,0,4,1,6,6,1,24,5,1742,1,10,ALFA ROMEO GIULIETTA,4,E01003025,0,2
2024221473705,2024,221473705,1,9,0,-1,7,7,1,-1,0,2,0,0,0,0,1,9,-1,6,3,26,6,1368,1,13,ALFA ROMEO GIULIETTA,-1,-1,0,-1
2024311398808,2024,311398808,1,9,0,-1,2,3,8,-1,0,0,0,0,0,0,3,1,-1,2,2,57,9,1598,2,12,ALFA ROMEO GIULIETTA,2,E01028259,0,1
2024031400030,2024,031400030,1,9,0,-1,19,4,4,-1,0,0,0,0,1,0,1,1,-1,2,1,67,10,1956,2,11,ALFA ROMEO GIULIETTA,6,E01019100,0,1
2024010509026,2024,010509026,3,9,0,18,19,5,1,0,0,1,0,0,0,0,1,1,6,6,1,22,5,1368,1,9,ALFA ROMEO GIULIETTA,5,E01001524,0,2
2024010505251,2024,010505251,3,9,0,99,99,9,9,99,99,0,9,99,9,99,2,9,6,6,3,-1,-1,1368,1,10,ALFA ROMEO GIULIETTA,-1,-1,0,-1
2024401457095,2024,401457095,1,9,0,-1,9,5,3,-1,0,1,0,0,0,0,1,1,-1,2,1,64,9,1368,1,12,ALFA ROMEO GIULIETTA,5,E01017542,0,1
2024311508536,2024,311508536,2,9,0,-1,19,2,6,-1,0,1,0,0,0,0,1,1,-1,6,1,-1,-1,1368,1,12,ALFA ROMEO GIULIETTA,8,E01028118,0,1