collision_index,collision_year,collision_ref_no,vehicle_reference,vehicle_type,towing_and_articulation,vehicle_manoeuvre_historic,vehicle_manoeuvre,vehicle_direction_from,vehicle_direction_to,vehicle_location_restricted_lane_historic,vehicle_location_restricted_lane,junction_location,skidding_and_overturning,hit_object_in_carriageway,vehicle_leaving_carriageway,hit_object_off_carriageway,first_point_of_impact,vehicle_left_hand_drive,journey_purpose_of_driver_historic,journey_purpose_of_driver,sex_of_driver,age_of_driver,age_band_of_driver,engine_capacity_cc,propulsion_code,age_of_vehicle,generic_make_model,driver_imd_decile,lsoa_of_driver,escooter_flag,driver_distance_banding
2024401539869,2024,401539869,1,9,0,-1,19,7,1,-1,0,4,0,0,0,0,1,1,-1,6,1,25,5,1368,1,8,ALFA ROMEO GIULIETTA,5,E01017475,0,1
2024411493557,2024,411493557,2,9,0,-1,19,4,3,-1,0,0,0,0,0,0,3,1,-1,6,1,36,7,1956,2,10,ALFA ROMEO GIULIETTA,5,E01023720,0,1
2024070656759,2024,070656759,1,9,0,4,4,7,3,0,0,0,0,0,0,0,1,1,6,6,1,21,5,1368,1,9,ALFA ROMEO GIULIETTA,6,E01030546,0,5
2024161472246,2024,161472246,1,9,0,-1,3,1,5,-1,0,1,0,0,0,0,2,1,-1,2,2,31,6,1956,2,12,ALFA ROMEO GIULIETTA,1,E01012845,0,3
2024421523406,2024,421523406,4,9,0,-1,19,7,3,-1,0,0,0,0,0,0,2,1,-1,9,1,27,6,1368,1,10,ALFA ROMEO GIULIETTA,7,E01021737,0,2
2024122400394,2024,122400394,3,9,0,18,19,3,7,0,0,0,0,0,0,0,1,1,6,6,1,27,6,1368,1,13,ALFA ROMEO GIULIETTA,8,E01027702,0,3
2024451509094,2024,451509094,1,9,0,-1,9,1,5,-1,0,2,0,0,0,0,1,1,-1,9,2,34,6,1368,1,14,ALFA ROMEO GIULIETTA,6,E01031557,0,3
2024520402265,2024,520402265,1,9,0,9,9,2,6,0,0,8,0,0,0,0,1,1,6,6,1,55,8,1368,1,7,ALFA ROMEO GIULIETTA,7,E01029164,0,1
2024351477614,2024,351477614,2,9,-1,-1,-1,-1,-1,-1,-1,-1,-1,-1,-1,0,1,9,-1,6,1,43,7,1598,2,12,ALFA ROMEO GIULIETTA,4,E01035545,0,1
2024501448168,2024,501448168,1,9,0,-1,19,4,8,-1,0,1,0,0,0,0,1,1,-1,9,2,53,8,1956,2,13,ALFA ROMEO GIULIETTA,7,E01019014,0,3
2024141403278,2024,141403278,1,9,0,-1,9,8,6,-1,0,6,0,0,0,0,3,1,-1,2,1,18,4,1368,1,11,ALFA ROMEO GIULIETTA,3,E01007569,0,1
2024361525145,2024,361525145,1,9,0,-1,-1,-1,-1,-1,-1,0,-1,-1,-1,0,-1,1,-1,6,2,39,7,1368,1,10,ALFA ROMEO GIULIETTA,7,E01026928,0,2
2024221523459,2024,221523459,1,9,0,-1,19,7,3,-1,0,0,0,0,0,0,1,1,-1,9,2,58,9,1368,1,7,ALFA ROMEO GIULIETTA,9,E01032396,0,1
2024411541247,2024,411541247,2,9,0,-1,-1,6,2,-1,-1,0,0,0,3,0,3,1,-1,-1,1,24,5,1368,1,13,ALFA ROMEO GIULIETTA,5,E01034297,0,4
2024302401536,2024,302401536,2,9,0,14,14,5,1,0,0,0,0,0,0,0,1,1,2,2,1,33,6,1598,2,12,ALFA ROMEO GIULIETTA,1,E01013480,0,3
2024332401193,2024,332401193,2,9,0,-1,9,7,6,-1,0,6,0,0,1,0,1,1,-1,2,1,40,7,1368,1,13,ALFA ROMEO GIULIETTA,10,E01025707,0,1
2024320303926,2024,320303926,2,9,0,-1,-1,7,3,0,0,0,0,0,1,0,1,1,-1,-1,2,61,9,1956,2,13,ALFA ROMEO GIULIETTA,6,E01026244,0,1
2024471412233,2024,471412233,1,9,0,-1,9,2,7,-1,0,6,0,0,0,0,3,1,-1,2,1,33,6,1598,2,9,ALFA ROMEO GIULIETTA,4,E01016860,0,1
2024991428384,2024,991428384,2,9,0,-1,19,2,6,-1,0,0,2,0,0,0,3,1,-1,9,1,46,8,1598,2,13,ALFA ROMEO GIULIETTA,1,-1,0,4
2024401535990,2024,401535990,1,9,0,-1,9,1,7,-1,0,8,0,0,0,0,3,1,-1,6,1,51,8,1368,1,14,ALFA ROMEO GIULIETTA,7,E01017455,0,1
2024430144670,2024,430144670,1,9,0,18,19,6,2,0,0,2,2,0,0,0,0,1,6,6,1,31,6,1368,1,5,ALFA ROMEO GIULIETTA,4,E01029834,0,4
2024221512646,2024,221512646,1,9,0,-1,11,6,2,-1,0,0,0,0,0,0,1,9,-1,6,1,25,5,1368,1,9,ALFA ROMEO GIULIETTA,1,E01008916,0,4
2024471517944,2024,471517944,1,9,0,-1,19,7,3,-1,0,0,0,0,7,0,1,1,-1,9,2,22,5,1598,2,9,ALFA ROMEO GIULIETTA,6,E01017012,0,4
2024440498211,2024,440498211,1,9,0,9,9,2,8,0,0,8,0,0,0,0,4,1,2,2,1,24,5,1956,2,13,ALFA ROMEO GIULIETTA,9,E01022754,0,1
2024010522055,2024,010522055,2,9,0,2,2,0,0,0,0,1,0,0,0,0,1,1,6,6,3,-1,-1,1598,2,13,ALFA ROMEO GIULIETTA,-1,-1,0,-1
2024131431222,2024,131431222,2,9,0,-1,19,3,7,-1,0,0,0,0,0,0,3,1,-1,6,1,53,8,1956,2,9,ALFA ROMEO GIULIETTA,3,E01013731,0,5
202417L210424,2024,17L210424,2,9,0,-1,3,8,4,-1,0,0,0,0,0,0,2,1,-1,9,1,46,8,1598,2,13,ALFA ROMEO GIULIETTA,2,E01012165,0,2
2024332400161,2024,332400161,2,9,0,-1,4,1,5,-1,0,1,0,0,0,0,2,1,-1,6,1,34,6,1956,2,9,ALFA ROMEO GIULIETTA,4,E01013782,0,1
2024010515534,2024,010515534,1,9,0,99,99,9,9,99,99,9,9,99,9,99,2,9,6,6,1,50,8,1368,1,10,ALFA ROMEO GIULIETTA,6,E01000960,0,1
2024520402533,2024,520402533,3,9,0,11,11,2,5,0,0,1,0,0,0,0,4,1,6,6,2,30,6,1956,2,13,ALFA ROMEO GIULIETTA,6,E01029321,0,4
2024010511119,2024,010511119,3,9,0,2,2,0,0,0,0,1,0,0,1,0,2,1,6,6,3,-1,-1,1368,1,10,ALFA ROMEO GIULIETTA,-1,-1,0,-1
2024131475596,2024,131475596,2,9,0,-1,9,7,3,-1,0,8,0,0,0,0,1,1,-1,6,1,60,9,1956,2,9,ALFA ROMEO GIULIETTA,9,E01027904,0,3
2024211522295,2024,211522295,1,9,0,-1,4,3,8,-1,0,0,0,0,0,0,3,1,-1,7,2,66,10,1368,1,7,ALFA ROMEO GIULIETTA,7,E01032901,0,1
2024411463490,2024,411463490,2,9,0,-1,19,6,2,-1,0,1,1,0,0,0,1,1,-1,1,1,42,7,1742,1,10,ALFA ROMEO GIULIETTA,4,E01000189,0,4
2024461423773,2024,461423773,1,9,0,-1,19,7,3,-1,0,0,0,0,0,0,1,1,-1,6,1,46,8,1368,1,11,ALFA ROMEO GIULIETTA,2,E01024126,0,4
2024440221878,2024,440221878,1,9,0,18,19,1,5,0,0,8,0,0,0,0,1,1,2,2,1,32,6,1956,2,14,ALFA ROMEO GIULIETTA,3,E01017193,0,1
2024131405792,2024,131405792,1,9,0,-1,19,7,3,-1,0,0,0,0,0,0,4,1,-1,6,1,29,6,1598,2,10,ALFA ROMEO GIULIETTA,1,E01006610,0,4
2024421518451,2024,421518451,1,9,0,-1,3,7,1,-1,0,0,0,0,0,0,1,1,-1,6,1,-1,-1,1368,1,12,ALFA ROMEO GIULIETTA,-1,-1,0,-1
2024320648133,2024,320648133,1,9,0,-1,-1,6,2,0,0,6,0,0,0,0,1,1,-1,-1,2,20,4,1956,2,14,ALFA ROMEO GIULIETTA,1,E01026374,0,4
2024320440467,2024,320440467,2,4,0,-1,-1,2,8,0,0,1,1,0,7,0,3,1,6,6,1,57,9,821,1,3,-1,7,E01013326,0,4
2024991444344,2024,991444344,1,5,0,-1,13,6,2,-1,0,0,0,0,1,0,1,1,-1,6,1,37,7,821,1,4,-1,-1,-1,0,-1
2024070899824,2024,070899824,2,5,0,-1,19,3,7,-1,0,4,0,0,0,0,0,1,-1,6,1,75,10,680,1,17,-1,5,E01018514,0,3
2024531535561,2024,531535561,1,5,0,-1,19,1,5,-1,0,0,5,0,0,0,1,1,-1,9,1,62,9,680,1,15,-1,5,E01019679,0,5
2024010525860,2024,010525860,2,5,0,17,19,1,5,0,0,4,0,0,0,0,1,1,2,2,1,49,8,680,1,16,-1,-1,-1,0,-1
2024430522533,2024,430522533,2,4,0,18,19,8,4,0,0,1,0,0,0,0,4,1,6,6,1,56,9,680,1,17,-1,10,E01016664,0,1
2024221427532,2024,221427532,2,5,0,-1,19,1,5,-1,0,8,1,0,0,0,1,1,-1,9,1,63,9,680,1,18,-1,5,E01014009,0,4
2024010543219,2024,010543219,1,5,0,99,99,9,9,99,99,9,9,99,9,99,1,1,6,6,1,31,6,680,1,16,-1,2,E01001767,0,1
2024522402315,2024,522402315,1,5,0,18,19,4,8,0,0,8,0,0,0,0,3,1,6,6,1,57,9,680,1,17,-1,4,E01014924,0,1
2024461483058,2024,461483058,3,9,0,-1,3,2,3,-1,0,0,0,0,0,0,2,1,-1,9,1,80,11,998,1,0,-1,2,E01023974,0,2
2024141493382,2024,141493382,1,9,0,-1,4,5,8,-1,0,1,0,0,0,0,1,9,-1,6,1,65,9,998,1,0,-1,8,E01007891,0,2
2024520402216,2024,520402216,2,10,0,18,19,6,2,0,0,0,0,0,0,0,3,1,6,6,2,52,8,-1,-1,-1,-1,5,E01029054,0,4
2024440104003,2024,440104003,1,9,0,18,19,8,4,0,0,0,0,0,0,0,1,1,6,6,1,37,7,1991,2,15,-1,4,E01008406,0,5
2024522401510,2024,522401510,1,9,0,18,19,8,4,0,0,0,0,4,0,0,1,1,6,6,3,-1,-1,1997,1,19,-1,-1,-1,0,-1
2024451527776,2024,451527776,1,3,0,-1,19,1,5,-1,0,0,1,0,1,10,2,1,-1,2,2,30,6,125,1,11,KTM 125 DUKE,4,E01034288,0,2
2024131562421,2024,131562421,1,3,0,-1,19,6,2,-1,0,8,0,0,0,0,4,1,-1,2,1,17,4,125,1,6,KTM 125 DUKE,4,E01011218,0,1
2024302401225,2024,302401225,2,4,0,18,19,8,4,0,0,2,0,0,0,0,1,1,6,6,1,19,4,125,1,5,KTM 125 DUKE,3,E01034648,0,1
2024440236312,2024,440236312,1,3,0,18,19,2,6,0,0,1,0,0,0,0,1,1,6,6,1,27,6,125,1,4,KTM 125 DUKE,4,E01017262,0,1
2024451426501,2024,451426501,2,3,0,-1,19,7,3,-1,0,0,0,0,0,0,0,1,-1,9,1,27,6,125,1,3,KTM 125 DUKE,3,E01030608,0,1
2024622400153,2024,622400153,1,3,0,18,19,2,6,0,0,1,0,0,0,0,0,1,6,6,2,17,4,125,1,7,KTM 125 DUKE,6,W01000701,0,4
2024461469071,2024,461469071,1,3,0,-1,19,7,3,-1,0,0,0,0,1,0,4,1,-1,9,1,48,8,125,1,5,KTM 125 DUKE,8,E01032816,0,2
2024371532830,2024,371532830,1,3,0,-1,14,3,7,-1,0,0,0,0,7,0,4,1,-1,6,1,20,4,125,1,1,KTM 125 DUKE,10,E01030179,0,1
2024522402416,2024,522402416,2,5,0,18,19,6,2,0,0,8,0,0,0,0,1,1,6,6,1,33,6,125,1,1,KTM 125 DUKE,5,E01014925,0,4
2024421479712,2024,421479712,1,3,0,-1,19,3,7,-1,0,0,0,0,0,0,1,1,-1,2,1,30,6,125,1,0,KTM 125 DUKE,4,E01021425,0,1
2024421477160,2024,421477160,2,3,0,-1,19,7,3,-1,0,0,2,0,0,0,1,1,-1,9,1,17,4,125,1,9,KTM 125 DUKE,3,E01015882,0,1
2024010548526,2024,010548526,1,3,0,18,19,2,6,0,0,1,0,0,0,0,4,1,2,2,1,27,6,125,1,6,KTM 125 DUKE,4,E01021779,0,2
2024010521355,2024,010521355,2,3,0,18,19,7,3,0,0,1,0,0,0,0,1,1,6,6,1,25,5,125,1,4,KTM 125 DUKE,1,E01021323,0,4
2024131476723,2024,131476723,1,3,0,-1,19,5,1,-1,0,0,1,0,0,0,1,1,-1,6,1,22,5,125,1,10,KTM 125 DUKE,4,E01011808,0,1
2024411579029,2024,411579029,2,3,0,-1,13,1,5,-1,0,1,0,0,0,0,1,1,-1,6,1,32,6,125,1,5,KTM 125 DUKE,8,E01023692,0,1
2024361444314,2024,361444314,1,3,0,-1,14,5,2,-1,0,1,0,0,0,0,1,1,-1,2,1,24,5,125,1,2,KTM 125 DUKE,2,E01026798,0,1
2024440537934,2024,440537934,2,3,0,18,19,1,5,0,0,8,0,0,0,0,1,1,6,6,1,21,5,125,1,2,KTM 125 DUKE,8,E01022889,0,1
2024010524797,2024,010524797,10,3,0,2,2,0,0,0,0,0,5,0,0,0,3,1,6,6,3,-1,-1,125,1,12,KTM 125 DUKE,-1,-1,0,-1
2024501482173,2024,501482173,2,3,0,-1,19,7,3,-1,0,1,0,0,0,0,1,1,-1,9,1,21,5,125,1,1,KTM 125 DUKE,3,E01015150,0,1
2024052401092,2024,052401092,2,4,0,18,19,6,2,0,0,8,0,0,0,0,1,1,6,6,1,20,4,125,1,3,KTM 125 DUKE,2,E01006910,0,1
2024451531631,2024,451531631,1,3,0,-1,9,2,6,-1,0,8,2,0,0,0,3,1,-1,9,1,18,4,125,1,0,KTM 125 DUKE,6,E01031796,0,4
2024161483545,2024,161483545,2,3,0,-1,13,6,2,-1,0,1,0,0,2,0,1,1,-1,9,1,17,4,125,1,0,KTM 125 DUKE,4,E01012947,0,1
2024991530448,2024,991530448,2,4,0,-1,4,7,3,-1,0,1,0,0,0,0,4,1,-1,9,1,28,6,125,1,4,KTM 125 DUKE,-1,-1,0,-1
2024991455016,2024,991455016,2,3,0,-1,4,7,2,-1,0,1,1,0,0,0,1,1,-1,9,1,27,6,125,1,2,KTM 125 DUKE,2,-1,0,4
2024131500791,2024,131500791,1,3,0,-1,19,1,5,-1,0,0,0,4,0,0,1,1,-1,6,-1,-1,-1,125,1,3,KTM 125 DUKE,-1,-1,0,-1
2024010508240,2024,010508240,2,3,0,18,19,4,8,0,0,0,0,0,0,0,1,1,6,6,2,18,4,125,1,4,KTM 125 DUKE,5,E01002299,0,1
2024471463725,2024,471463725,1,3,0,-1,19,5,1,-1,0,0,1,0,7,0,4,1,-1,9,1,28,6,125,1,5,KTM 125 DUKE,8,E01001027,0,4
2024430174504,2024,430174504,1,3,0,11,11,5,1,0,0,0,0,0,0,0,1,1,6,6,1,19,4,125,1,3,KTM 125 DUKE,9,E01035267,0,1
2024131432723,2024,131432723,2,3,0,-1,13,1,5,-1,0,0,0,0,0,0,4,1,-1,1,1,27,6,125,1,6,KTM 125 DUKE,5,E01011248,0,1
2024430305556,2024,430305556,2,3,0,15,15,7,2,0,0,8,0,0,0,0,3,1,6,6,1,31,6,125,1,3,KTM 125 DUKE,6,E01001295,0,3
2024421444959,2024,421444959,1,4,0,-1,19,1,5,-1,0,0,0,11,7,0,1,1,-1,6,1,26,6,125,1,1,KTM 125 DUKE,-1,-1,0,-1
2024351443936,2024,351443936,1,3,0,-1,19,7,3,-1,0,0,0,0,0,0,1,1,-1,9,1,17,4,125,1,7,KTM 125 DUKE,5,E01017973,0,2
2024351539283,2024,351539283,1,3,0,-1,4,8,3,-1,0,0,2,0,0,0,1,1,-1,6,1,28,6,125,1,0,KTM 125 DUKE,8,E01018021,0,4
2024451490225,2024,451490225,1,3,0,-1,19,1,5,-1,0,1,5,0,0,0,1,1,-1,9,1,18,4,125,1,10,KTM 125 DUKE,10,E01030365,0,1
2024991430660,2024,991430660,1,4,0,-1,19,3,7,-1,0,2,1,0,0,0,1,1,-1,6,1,19,4,125,1,3,KTM 125 DUKE,2,-1,0,3
2024451434236,2024,451434236,1,3,0,-1,19,4,7,-1,0,0,5,0,0,0,1,1,-1,6,1,19,4,125,1,5,KTM 125 DUKE,9,E01030331,0,1
2024991489380,2024,991489380,1,3,0,-1,19,3,7,-1,0,1,0,0,0,0,1,1,-1,6,1,17,4,125,1,3,KTM 125 DUKE,2,-1,0,1
2024141481571,2024,141481571,1,3,0,-1,19,1,5,-1,9,8,0,0,7,0,1,1,-1,6,1,18,4,125,1,7,KTM 125 DUKE,1,E01007495,0,2
2024481437284,2024,481437284,2,3,0,-1,19,1,5,-1,0,0,0,0,0,0,1,1,-1,2,1,23,5,125,1,2,KTM 125 DUKE,-1,-1,0,-1
2024421415960,2024,421415960,1,3,0,-1,19,7,3,-1,0,0,0,0,0,0,1,1,-1,9,1,18,4,125,1,1,KTM 125 DUKE,-1,-1,0,-1
2024501491010,2024,501491010,2,3,0,-1,19,7,3,-1,0,4,1,0,0,0,4,1,-1,2,1,18,4,125,1,2,KTM 125 DUKE,6,E01020159,0,2
2024141458058,2024,141458058,1,3,0,-1,14,2,6,-1,0,1,0,0,0,0,4,1,-1,9,1,17,4,125,1,5,KTM 125 DUKE,2,E01007579,0,1
202460Q066760,2024,60Q066760,2,4,0,18,19,5,2,0,0,1,1,0,0,0,1,1,6,6,1,30,6,125,1,3,KTM 125 DUKE,-1,-1,0,-1
2024610021024,2024,610021024,1,3,0,18,19,4,8,0,0,0,0,0,0,0,1,1,6,6,1,29,6,125,1,2,KTM 125 DUKE,2,W01001620,0,1
2024430355867,2024,430355867,2,4,0,18,19,8,4,0,0,8,0,0,0,0,1,1,1,1,1,25,5,125,1,5,KTM 125 DUKE,8,E01017694,0,1
2024371502742,2024,371502742,2,3,0,-1,19,1,5,-1,0,0,1,0,2,0,1,1,-1,9,1,20,4,125,1,7,KTM 125 DUKE,6,E01018035,0,3
2024161483829,2024,161483829,1,3,0,-1,9,3,7,-1,0,4,5,0,1,0,4,1,-1,9,1,16,4,125,1,13,KTM 125 DUKE,1,E01012847,0,2
2024421432781,2024,421432781,1,3,0,-1,19,7,3,-1,0,2,0,0,0,0,3,1,-1,9,1,22,5,125,1,7,KTM 125 DUKE,5,E01022010,0,2
2024549429224,2024,549429224,1,3,0,18,19,7,3,0,0,1,0,0,0,0,1,1,6,6,1,18,4,125,1,10,KTM 125 DUKE,7,E01032696,0,1
2024991486914,2024,991486914,2,3,0,-1,19,7,4,-1,0,0,0,0,0,0,4,1,-1,9,1,28,6,125,1,0,KTM 125 DUKE,3,-1,0,1
2024041402935,2024,041402935,1,3,0,-1,19,5,1,-1,0,1,0,0,0,0,1,1,-1,6,1,20,4,125,1,1,KTM 125 DUKE,10,E01025160,0,1
2024461474017,2024,461474017,2,3,0,-1,19,5,1,-1,0,1,1,0,0,0,1,1,-1,2,1,33,6,125,1,0,KTM 125 DUKE,4,E01016048,0,3
2024351479648,2024,351479648,1,4,0,-1,9,5,3,-1,0,1,0,0,0,0,1,1,-1,6,1,18,4,125,1,5,KTM 125 DUKE,5,E01017960,0,1
2024141521389,2024,141521389,1,3,0,-1,13,7,3,-1,0,0,0,0,0,0,1,1,-1,6,1,21,5,125,1,12,KTM 125 DUKE,2,E01007595,0,2
2024070856407,2024,070856407,1,3,0,-1,19,6,2,-1,0,1,2,0,1,2,1,1,-1,9,1,18,4,125,1,4,KTM 125 DUKE,1,E01012453,0,4
2024430190983,2024,430190983,1,3,0,18,19,7,3,0,0,0,0,12,0,0,1,1,6,6,2,20,4,125,1,6,KTM 125 DUKE,9,E01028778,0,2
2024131507885,2024,131507885,2,3,0,-1,19,5,1,-1,0,0,5,0,0,0,1,1,-1,2,1,17,4,125,1,12,KTM 125 DUKE,7,E01010899,0,1
2024552400696,2024,552400696,2,3,0,18,19,2,6,0,0,8,0,0,0,0,1,1,6,6,1,17,4,125,1,11,KTM 125 DUKE,5,E01020412,0,2
2024010550700,2024,010550700,1,3,0,18,19,7,3,0,0,2,0,11,2,2,1,1,6,6,1,40,7,125,1,2,KTM 125 DUKE,-1,-1,0,-1
2024361423411,2024,361423411,2,3,0,-1,4,1,5,-1,0,8,0,0,0,0,1,1,-1,6,1,22,5,125,1,6,KTM 125 DUKE,5,E01026651,0,1
2024041458962,2024,041458962,1,3,0,-1,19,7,3,-1,0,1,5,0,0,0,1,1,-1,9,1,22,5,125,1,9,KTM 125 DUKE,-1,-1,0,-1
2024010520470,2024,010520470,1,3,0,18,19,1,5,0,0,8,0,0,0,0,1,1,6,6,1,21,5,125,1,2,KTM 125 DUKE,4,E01002397,0,2
2024131453937,2024,131453937,2,3,0,-1,19,4,8,-1,0,0,5,0,0,0,3,1,-1,6,1,17,4,125,1,1,KTM 125 DUKE,6,E01011548,0,2
2024070659746,2024,070659746,2,3,0,13,13,2,6,0,0,0,0,0,0,0,1,1,2,2,1,17,4,125,1,0,KTM 125 DUKE,7,E01018395,0,1
2024461400807,2024,461400807,1,3,0,-1,13,7,3,-1,0,8,0,0,0,0,4,1,-1,9,1,17,4,125,1,4,KTM 125 DUKE,4,E01024377,0,2
2024131527425,2024,131527425,2,3,0,-1,19,1,5,-1,0,1,0,0,0,0,3,1,-1,6,1,22,5,125,1,7,KTM 125 DUKE,1,E01011003,0,1
2024622400579,2024,622400579,2,4,0,18,19,8,4,0,0,8,0,0,0,0,1,1,6,6,1,18,4,125,1,5,KTM 125 DUKE,5,W01001111,0,4
2024991456429,2024,991456429,1,3,0,-1,19,8,4,-1,0,0,0,0,0,0,3,1,-1,9,1,17,4,125,1,11,KTM 125 DUKE,6,-1,0,2
2024371423983,2024,371423983,2,3,0,-1,19,1,5,-1,0,1,0,0,0,0,1,1,-1,9,1,18,4,125,1,2,KTM 125 DUKE,8,E01030043,0,1
2024332401026,2024,332401026,2,4,0,-1,19,7,3,-1,0,0,0,0,0,0,1,1,-1,6,1,29,6,125,1,12,KTM 125 DUKE,-1,-1,0,-1
2024531431176,2024,531431176,1,3,0,-1,19,1,5,-1,0,0,0,0,1,0,4,1,-1,9,1,51,8,125,1,6,KTM 125 DUKE,8,E01022313,0,3
2024552401246,2024,552401246,2,3,0,14,14,3,7,0,0,8,0,0,0,0,1,1,6,6,1,17,4,125,1,4,KTM 125 DUKE,4,E01034278,0,2
2024201499887,2024,201499887,1,3,0,-1,19,1,5,-1,0,6,0,0,0,0,1,1,-1,6,1,18,4,125,1,5,KTM 125 DUKE,-1,-1,0,-1
2024031494261,2024,031494261,1,4,0,-1,19,5,1,-1,0,0,0,0,0,0,1,1,-1,6,1,29,6,125,1,0,KTM 125 DUKE,7,E01034077,0,3
2024010517879,2024,010517879,3,4,0,18,19,3,7,0,0,8,1,0,0,0,3,1,6,6,1,22,5,125,1,5,KTM 125 DUKE,6,E01002563,0,1
2024451418913,2024,451418913,1,3,0,-1,19,2,6,-1,0,8,5,0,0,0,3,1,-1,2,1,24,5,125,1,4,KTM 125 DUKE,3,E01002543,0,3
2024430305556,2024,430305556,1,3,0,18,19,7,2,0,0,8,0,0,0,0,4,1,2,2,1,30,6,125,1,3,KTM 125 DUKE,5,E01001315,0,3
2024411423553,2024,411423553,2,4,0,-1,19,8,4,-1,9,1,0,0,1,2,1,1,-1,6,1,18,4,125,1,7,KTM 125 DUKE,4,E01023738,0,1
2024371449771,2024,371449771,2,3,0,-1,19,5,1,-1,0,1,0,0,0,0,3,1,-1,6,1,41,7,125,1,1,KTM 125 DUKE,5,E01030030,0,1
2024501511717,2024,501511717,1,3,0,-1,19,2,6,-1,0,4,1,0,0,0,4,1,-1,2,1,27,6,125,1,4,KTM 125 DUKE,5,E01018972,0,1
2024010539681,2024,010539681,2,3,0,13,13,7,3,0,0,1,2,0,0,0,1,1,2,2,1,30,6,125,1,5,KTM 125 DUKE,4,E01023906,0,2
2024010522691,2024,010522691,2,3,0,13,13,1,5,0,0,1,0,0,0,0,1,1,6,6,1,17,4,125,1,4,KTM 125 DUKE,4,E01003165,0,1
2024302400174,2024,302400174,2,5,0,18,19,1,5,0,0,0,0,0,0,0,1,1,2,2,1,18,4,125,1,12,KTM 125 DUKE,1,E01013583,0,1
2024221399355,2024,221399355,2,3,0,-1,19,3,7,-1,0,8,0,0,0,0,1,1,-1,6,1,36,7,125,1,12,KTM 125 DUKE,3,E01014145,0,1
2024361498831,2024,361498831,1,3,0,-1,19,8,4,-1,0,0,0,0,7,0,1,1,-1,9,1,18,4,125,1,12,KTM 125 DUKE,-1,-1,0,-1
202460Q055758,2024,60Q055758,2,3,0,14,14,5,1,0,0,0,5,0,0,0,3,1,6,6,1,18,4,125,1,9,KTM 125 DUKE,-1,-1,0,-1
2024461502758,2024,461502758,2,3,0,-1,19,3,7,-1,0,0,2,0,1,0,2,1,-1,1,1,17,4,125,1,4,KTM 125 DUKE,6,E01000803,0,4
2024421501121,2024,421501121,2,3,0,-1,20,7,3,-1,0,2,0,0,0,0,3,1,-1,2,1,18,4,125,1,2,KTM 125 DUKE,8,E01021405,0,1
2024622400111,2024,622400111,2,3,0,18,19,8,4,0,0,1,0,0,0,0,1,1,6,6,1,23,5,125,1,6,KTM 125 DUKE,8,W01001214,0,1
2024332400085,2024,332400085,2,3,0,-1,13,5,1,-1,0,8,0,0,0,0,1,1,-1,2,1,49,8,125,1,4,KTM 125 DUKE,2,E01013687,0,1
2024440505314,2024,440505314,1,3,0,18,19,3,7,0,0,4,0,0,0,0,1,1,2,2,2,19,4,125,1,2,KTM 125 DUKE,8,E01030869,0,3
2024401486864,2024,401486864,1,3,0,-1,19,3,8,-1,0,3,0,0,0,0,4,1,-1,6,1,20,4,125,1,5,KTM 125 DUKE,3,E01017515,0,1
2024302500268,2024,302500268,2,4,0,-1,19,7,3,-1,0,0,0,0,0,0,1,1,-1,6,1,20,4,125,1,2,KTM 125 DUKE,8,E01019735,0,1
2024061458860,2024,061458860,2,3,0,-1,15,8,4,-1,0,8,0,0,0,0,1,1,-1,6,1,24,5,125,1,1,KTM 125 DUKE,-1,-1,0,-1
2024340WN0792,2024,340WN0792,2,3,0,-1,19,3,7,-1,0,3,0,0,0,0,2,1,-1,9,1,17,4,125,1,6,KTM 125 DUKE,9,E01027018,0,2
2024221436263,2024,221436263,1,3,0,-1,19,8,4,-1,0,0,0,0,0,0,1,1,-1,6,1,40,7,125,1,1,KTM 125 DUKE,8,E01013990,0,2
2024421482851,2024,421482851,1,3,0,-1,4,1,5,-1,0,0,0,0,0,0,1,1,-1,2,1,17,4,125,1,9,KTM 125 DUKE,4,E01021853,0,1
2024451487713,2024,451487713,1,3,0,-1,13,7,3,-1,0,0,0,0,0,0,3,1,-1,9,1,42,7,125,1,3,KTM 125 DUKE,9,E01000654,0,1
2024122401265,2024,122401265,1,4,0,16,19,2,6,0,0,0,1,0,0,0,0,1,6,6,1,19,4,125,1,6,KTM 125 DUKE,7,E01027667,0,3
2024440336497,2024,440336497,1,3,0,18,19,2,6,0,0,0,0,0,0,0,1,1,1,1,1,25,5,125,1,3,KTM 125 DUKE,3,E01022482,0,1
2024111486976,2024,111486976,2,4,0,-1,5,5,1,-1,0,4,0,0,0,0,4,1,-1,9,1,17,4,125,1,7,KTM 125 DUKE,10,E01020683,0,1
2024141410819,2024,141410819,1,3,0,-1,19,5,1,-1,0,0,0,0,0,0,1,1,-1,9,1,17,4,125,1,5,KTM 125 DUKE,4,E01007641,0,1
2024041478642,2024,041478642,1,3,0,-1,19,1,1,-1,0,0,1,0,0,0,1,1,-1,9,1,18,4,125,1,11,KTM 125 DUKE,1,E01024882,0,1
2024061459675,2024,061459675,2,3,0,-1,19,3,7,-1,0,1,0,0,0,0,1,1,-1,6,1,18,4,125,1,10,KTM 125 DUKE,4,E01004890,0,1