collision_index,collision_year,collision_ref_no,vehicle_reference,vehicle_type,towing_and_articulation,vehicle_manoeuvre_historic,vehicle_manoeuvre,vehicle_direction_from,vehicle_direction_to,vehicle_location_restricted_lane_historic,vehicle_location_restricted_lane,junction_location,skidding_and_overturning,hit_object_in_carriageway,vehicle_leaving_carriageway,hit_object_off_carriageway,first_point_of_impact,vehicle_left_hand_drive,journey_purpose_of_driver_historic,journey_purpose_of_driver,sex_of_driver,age_of_driver,age_band_of_driver,engine_capacity_cc,propulsion_code,age_of_vehicle,generic_make_model,driver_imd_decile,lsoa_of_driver,escooter_flag,driver_distance_banding
2024302401708,2024,302401708,1,4,0,7,7,7,1,0,0,8,1,0,0,0,1,1,6,6,1,25,5,125,1,5,KTM 125 DUKE,5,E01019649,0,1
2024421423853,2024,421423853,1,3,0,-1,19,7,3,-1,0,1,0,0,0,0,0,1,-1,6,1,27,6,125,1,4,KTM 125 DUKE,3,E01021888,0,1
2024421468518,2024,421468518,1,3,0,-1,9,3,6,-1,0,1,1,0,0,0,1,1,-1,6,1,26,6,125,1,8,KTM 125 DUKE,7,E01015878,0,1
2024501522985,2024,501522985,1,3,0,-1,19,1,5,-1,0,1,5,0,0,0,1,1,-1,9,1,17,4,125,1,3,KTM 125 DUKE,4,E01018908,0,3
2024531503278,2024,531503278,2,3,0,-1,19,6,2,-1,0,8,0,0,0,0,1,1,-1,1,1,46,8,125,1,3,KTM 125 DUKE,7,E01022414,0,1
2024471452712,2024,471452712,1,3,0,-1,13,7,3,-1,0,8,1,0,7,11,4,1,-1,9,1,18,4,125,1,10,KTM 125 DUKE,6,E01021054,0,1
2024461482106,2024,461482106,2,3,0,-1,19,5,4,-1,0,1,0,0,0,0,4,1,-1,6,1,21,5,125,1,1,KTM 125 DUKE,9,E01024300,0,1
2024340NN0092,2024,340NN0092,2,3,0,-1,9,7,5,-1,0,8,0,0,0,0,1,1,-1,9,1,41,7,125,1,13,KTM 125 DUKE,7,E01027354,0,2
2024332400701,2024,332400701,1,3,0,-1,19,1,5,-1,0,0,1,0,0,0,1,1,-1,6,1,19,4,125,1,6,KTM 125 DUKE,3,E01034002,0,1
2024161464320,2024,161464320,1,3,0,-1,9,3,5,-1,0,8,0,0,0,0,1,1,-1,6,1,35,6,125,1,1,KTM 125 DUKE,1,E01013299,0,1
2024430425590,2024,430425590,2,3,0,14,14,5,1,0,0,0,1,0,0,0,1,1,6,6,1,21,5,125,1,1,KTM 125 DUKE,3,E01016444,0,1
2024531525480,2024,531525480,2,2,0,-1,10,3,7,-1,0,0,0,0,0,0,2,1,-1,6,1,17,4,125,1,4,KTM 125 DUKE,8,E01022298,0,1
2024131526444,2024,131526444,2,4,0,-1,19,3,4,-1,0,3,0,0,0,0,2,1,-1,2,1,19,4,125,1,3,KTM 125 DUKE,5,E01011820,0,2
2024010546909,2024,010546909,2,3,0,18,19,1,5,0,0,8,0,0,0,0,4,1,2,2,1,25,5,125,1,0,KTM 125 DUKE,4,E01002241,0,1
2024991403123,2024,991403123,1,3,0,-1,19,6,2,-1,0,1,0,0,0,0,1,1,-1,6,1,20,4,125,1,1,KTM 125 DUKE,7,-1,0,1
2024520000141,2024,520000141,2,3,0,13,13,7,3,0,0,0,0,0,0,0,1,1,6,6,1,17,4,125,1,0,KTM 125 DUKE,10,E01014384,0,1
2024311477076,2024,311477076,2,3,0,-1,13,5,1,-1,0,0,2,10,0,0,1,1,-1,6,1,21,5,125,1,0,KTM 125 DUKE,3,E01028030,0,1
2024010534693,2024,010534693,1,3,0,14,14,5,1,0,0,1,1,0,0,0,1,1,6,6,1,22,5,125,1,4,KTM 125 DUKE,7,E01000573,0,1
2024221468620,2024,221468620,2,3,0,-1,19,2,6,-1,0,8,0,0,0,0,1,1,-1,6,1,54,8,125,1,0,KTM 125 DUKE,10,E01032325,0,2
2024461518311,2024,461518311,2,3,0,-1,15,2,6,-1,0,2,1,0,0,0,1,1,-1,2,1,17,4,125,1,0,KTM 125 DUKE,5,E01024703,0,2
2024461461066,2024,461461066,1,3,0,-1,19,4,8,-1,0,0,1,0,0,0,1,1,-1,2,1,35,6,125,1,2,KTM 125 DUKE,9,E01024757,0,3
2024411542974,2024,411542974,1,3,0,-1,5,2,6,-1,0,4,0,0,0,0,2,1,-1,6,1,23,5,125,1,6,KTM 125 DUKE,3,E01002408,0,4
2024131490828,2024,131490828,1,4,0,-1,19,2,6,-1,0,8,1,0,1,0,3,1,-1,1,1,50,8,125,1,2,KTM 125 DUKE,10,E01011894,0,1
2024010509658,2024,010509658,1,3,0,18,19,5,1,0,0,1,0,0,0,0,1,1,6,6,1,24,5,125,1,1,KTM 125 DUKE,7,E01021220,0,4
2024430352525,2024,430352525,1,3,0,18,19,8,4,0,0,0,0,0,2,4,1,1,6,6,1,17,4,125,1,5,KTM 125 DUKE,-1,-1,0,-1
2024041499896,2024,041499896,3,3,0,-1,19,8,4,-1,0,0,0,0,0,0,0,1,-1,9,1,25,5,125,1,3,KTM 125 DUKE,3,E01025143,0,1
2024610036624,2024,610036624,1,5,0,18,19,7,3,0,0,1,1,0,0,0,1,1,6,6,1,18,4,125,1,12,KTM 125 DUKE,5,W01001412,0,2
2024211532529,2024,211532529,2,4,0,-1,14,1,5,-1,0,1,0,0,0,0,1,1,-1,2,2,23,5,125,1,5,KTM 125 DUKE,-1,-1,0,-1
2024501490165,2024,501490165,1,3,0,-1,19,2,6,-1,0,0,0,0,0,0,1,1,-1,6,1,25,5,125,1,8,KTM 125 DUKE,7,E01019025,0,1
2024131498412,2024,131498412,2,3,0,-1,14,1,5,-1,0,1,5,0,0,0,1,1,-1,9,1,21,5,125,1,2,KTM 125 DUKE,2,E01011754,0,1
2024131481181,2024,131481181,3,3,0,-1,19,3,7,-1,0,1,0,0,0,0,1,1,-1,9,2,18,4,125,1,13,KTM 125 DUKE,3,E01011606,0,3
2024311455941,2024,311455941,1,3,0,-1,19,1,5,-1,0,0,1,0,8,0,1,1,-1,6,1,35,6,125,1,0,KTM 125 DUKE,3,E01028339,0,2
2024201469000,2024,201469000,2,3,0,-1,19,1,5,-1,0,1,0,10,1,11,1,1,-1,6,-1,-1,-1,125,1,10,KTM 125 DUKE,-1,-1,0,-1
2024231515312,2024,231515312,1,3,0,-1,19,5,1,-1,0,4,0,0,0,0,1,1,-1,9,1,18,4,125,1,5,KTM 125 DUKE,1,E01035017,0,1
2024332400564,2024,332400564,2,4,0,-1,6,3,3,-1,0,0,0,0,0,0,1,1,-1,2,1,26,6,125,1,5,KTM 125 DUKE,4,E01025931,0,1
2024371400695,2024,371400695,2,3,0,-1,19,-1,-1,-1,0,3,0,0,7,0,4,1,-1,2,1,23,5,125,1,2,KTM 125 DUKE,7,E01030051,0,3
2024421427082,2024,421427082,2,3,0,-1,-1,-1,-1,-1,-1,-1,-1,-1,-1,0,-1,1,-1,6,1,19,4,125,1,6,KTM 125 DUKE,3,E01015868,0,3
2024311406959,2024,311406959,1,3,0,-1,9,5,2,-1,0,8,0,0,0,0,1,1,-1,9,1,30,6,125,1,7,KTM 125 DUKE,3,E01019690,0,1
2024231399299,2024,231399299,1,3,0,-1,13,2,6,-1,0,1,0,0,0,0,2,1,-1,6,1,28,6,125,1,5,KTM 125 DUKE,4,E01031133,0,1
2024522402891,2024,522402891,1,3,0,13,13,2,6,0,0,8,0,0,0,0,1,1,6,6,1,17,4,125,1,3,KTM 125 DUKE,5,E01033339,0,1
2024430555213,2024,430555213,2,3,0,13,13,1,5,0,0,8,0,0,0,0,4,1,6,6,1,20,4,125,1,0,KTM 125 DUKE,-1,-1,0,-1
2024052401829,2024,052401829,2,4,0,18,19,6,2,0,0,1,0,0,0,0,1,1,6,6,1,17,4,125,1,0,KTM 125 DUKE,1,E01006480,0,1
2024430218440,2024,430218440,1,3,0,9,9,1,5,0,0,6,0,0,0,0,1,1,6,6,1,17,4,125,1,1,KTM 125 DUKE,-1,-1,0,-1
2024440385983,2024,440385983,2,4,0,18,19,6,2,0,0,8,0,0,0,0,1,1,6,6,1,17,4,125,1,4,KTM 125 DUKE,4,E01023121,0,1
2024010518132,2024,010518132,2,3,0,18,19,3,7,0,0,1,2,0,7,0,3,1,6,6,1,20,4,125,1,3,KTM 125 DUKE,-1,-1,0,-1
2024101534712,2024,101534712,2,3,0,-1,19,7,3,-1,0,1,1,4,0,0,1,1,-1,6,-1,-1,-1,125,1,8,KTM 125 DUKE,-1,-1,0,-1
2024010512320,2024,010512320,2,3,0,18,19,1,5,0,0,1,0,0,0,0,1,1,1,1,1,46,8,125,1,1,KTM 125 DUKE,2,E01003592,0,2
2024421523765,2024,421523765,1,3,0,-1,19,4,8,-1,0,0,2,0,1,0,1,1,-1,9,1,20,4,125,1,9,KTM 125 DUKE,2,E01021486,0,1
2024371485822,2024,371485822,2,4,0,-1,7,5,8,-1,0,0,0,0,1,9,1,1,-1,6,1,39,7,125,1,3,KTM 125 DUKE,-1,-1,0,-1
2024531475832,2024,531475832,1,3,0,-1,15,8,4,-1,0,1,0,0,7,0,1,1,-1,9,1,25,5,125,1,0,KTM 125 DUKE,5,E01022441,0,4
2024522402842,2024,522402842,1,3,0,18,19,5,1,0,0,0,0,7,0,0,1,1,6,6,1,35,6,125,1,8,KTM 125 DUKE,2,E01014630,0,1
2024101485800,2024,101485800,1,3,0,-1,15,2,6,-1,0,0,1,0,0,0,4,1,-1,6,1,38,7,125,1,11,KTM 125 DUKE,-1,-1,0,-1
2024131535195,2024,131535195,2,3,0,-1,13,7,3,-1,0,0,0,0,0,0,4,1,-1,2,1,33,6,125,1,1,KTM 125 DUKE,10,E01007430,0,3
2024520402919,2024,520402919,1,3,0,18,19,4,8,0,0,8,0,0,0,0,1,1,6,6,1,18,4,125,1,4,KTM 125 DUKE,8,E01014418,0,1
2024461459030,2024,461459030,2,3,0,-1,9,2,3,-1,0,4,0,0,0,0,4,1,-1,9,1,22,5,125,1,2,KTM 125 DUKE,10,E01024445,0,1
2024332400509,2024,332400509,2,90,0,-1,19,4,8,-1,0,0,0,0,0,0,1,1,-1,1,1,38,7,1498,2,3,-1,8,E01034006,0,3
2024421481527,2024,421481527,1,3,0,-1,19,1,5,-1,0,1,2,0,0,0,1,1,-1,2,1,26,6,124,1,7,-1,6,E01022095,0,2
2024052401260,2024,052401260,2,5,0,9,9,5,2,0,0,7,1,0,0,0,4,1,6,6,1,20,4,124,1,8,-1,1,E01007289,0,1
2024201407071,2024,201407071,3,9,0,-1,2,0,0,-1,9,0,0,0,0,0,2,9,-1,6,1,29,6,3498,1,20,-1,2,E01010061,0,1
2024131418873,2024,131418873,1,9,0,-1,19,6,2,-1,0,0,0,0,1,9,1,1,-1,9,1,19,4,3498,1,18,-1,8,E01010973,0,1
2024991454652,2024,991454652,2,9,0,-1,19,2,6,-1,0,1,0,0,0,0,1,1,-1,9,1,18,4,3498,1,18,-1,7,-1,0,4
2024421461474,2024,421461474,1,9,0,-1,19,3,7,-1,0,1,0,0,0,0,1,1,-1,6,1,20,4,3498,1,21,-1,-1,-1,0,-1
2024010545604,2024,010545604,2,9,0,18,19,7,3,0,0,8,0,0,0,0,4,1,2,2,1,51,8,3498,1,17,-1,8,E01017836,0,4
2024541708324,2024,541708324,1,9,0,18,19,4,8,0,0,0,2,0,7,11,1,1,6,6,1,27,6,3499,1,19,-1,8,E01034530,0,2
2024610006824,2024,610006824,1,3,0,18,19,7,3,0,0,0,1,0,0,0,1,1,4,7,1,19,4,125,1,2,-1,3,W01001678,0,2
2024061467427,2024,061467427,1,3,0,-1,19,1,1,-1,0,2,2,4,1,0,3,1,-1,9,1,25,5,125,1,3,-1,6,E01004919,0,1
2024471528335,2024,471528335,2,3,0,-1,19,3,7,-1,0,0,5,0,0,0,1,1,-1,9,1,17,4,125,1,1,-1,5,E01031631,0,3
2024471452159,2024,471452159,1,3,0,-1,19,5,1,-1,0,1,0,4,0,0,1,1,-1,6,2,20,4,125,1,3,-1,2,E01020911,0,1
2024131478278,2024,131478278,1,2,0,-1,19,7,3,-1,0,8,0,0,0,0,1,1,-1,6,1,18,4,125,1,2,-1,4,E01011772,0,3
2024311530843,2024,311530843,2,2,0,-1,4,3,7,-1,0,1,5,0,0,0,3,1,-1,6,1,22,5,125,1,1,-1,-1,-1,0,-1
2024131407503,2024,131407503,1,3,0,-1,19,5,1,-1,0,1,0,0,0,0,0,1,-1,2,1,19,4,125,1,3,-1,3,E01010595,0,1
2024201508975,2024,201508975,1,3,0,-1,19,2,6,-1,0,0,0,10,1,0,4,1,-1,6,1,18,4,125,1,4,-1,-1,-1,0,-1
2024461508227,2024,461508227,1,3,0,-1,19,7,3,-1,0,0,0,4,0,0,1,1,-1,2,1,21,5,125,1,4,-1,4,E01024208,0,3
2024122400481,2024,122400481,1,3,0,4,4,8,4,0,0,0,0,0,0,0,0,1,6,6,1,26,6,125,1,3,-1,1,E01027874,0,1
2024111400426,2024,111400426,1,3,0,-1,19,1,5,-1,0,0,5,0,0,0,1,1,-1,2,1,21,5,125,1,4,-1,2,E01012313,0,2
2024122500152,2024,122500152,2,4,0,18,19,1,5,0,0,8,0,0,0,0,1,1,1,1,1,25,5,125,1,4,-1,2,E01013444,0,1
2024161430846,2024,161430846,1,2,0,-1,8,3,7,-1,0,1,0,0,0,0,0,1,-1,9,1,27,6,125,1,3,-1,1,E01013142,0,1
2024371403161,2024,371403161,1,23,0,-1,4,-1,-1,-1,0,1,0,0,0,0,1,1,-1,6,2,38,7,-1,3,2,-1,1,E01030035,0,1
2024101439864,2024,101439864,1,2,0,-1,13,7,3,-1,0,1,0,0,0,0,1,1,-1,1,1,30,6,-1,3,2,-1,9,E01008200,0,1
2024461453154,2024,461453154,1,3,0,-1,7,5,8,-1,0,6,0,0,0,0,3,1,-1,6,3,-1,-1,49,1,9,-1,-1,-1,0,-1
2024471523308,2024,471523308,1,5,0,-1,13,6,2,-1,0,3,0,0,4,0,4,1,-1,6,1,43,7,1050,1,8,-1,7,E01031381,0,3
2024340WN3932,2024,340WN3932,2,5,0,-1,19,6,2,-1,0,8,0,0,0,0,1,1,-1,6,1,54,8,1050,1,7,-1,8,E01028439,0,3
2024041395655,2024,041395655,1,5,0,-1,19,3,7,-1,0,0,1,0,0,0,4,1,-1,9,1,67,10,1050,1,11,-1,5,E01004779,0,2
2024991493007,2024,991493007,2,5,0,-1,19,7,3,-1,0,1,0,0,0,0,1,1,-1,2,1,55,8,1050,1,10,-1,8,-1,0,1
2024211457711,2024,211457711,2,5,0,-1,19,3,7,-1,0,0,2,4,0,0,1,1,-1,9,1,54,8,1050,1,9,-1,5,E01029367,0,1
2024041452343,2024,041452343,1,5,0,-1,19,5,7,-1,0,0,0,0,0,0,1,1,-1,6,1,68,10,1050,1,9,-1,6,E01014324,0,4
2024531481120,2024,531481120,1,5,0,-1,11,3,7,-1,0,0,1,0,1,9,4,1,-1,6,1,53,8,1050,1,11,-1,10,E01028774,0,4
2024302400446,2024,302400446,1,5,0,7,7,6,2,0,0,8,1,0,0,0,0,1,6,6,1,61,9,1050,1,10,-1,8,E01019609,0,2
2024430052331,2024,430052331,1,5,0,18,19,2,6,0,0,0,0,0,0,0,1,1,6,6,1,50,8,1050,1,12,-1,-1,-1,0,-1
2024501484760,2024,501484760,2,9,0,-1,9,7,5,-1,0,6,0,0,0,0,3,1,-1,6,2,47,8,1969,2,5,VOLVO S90,4,E01018914,0,1
2024440512820,2024,440512820,2,9,0,2,2,0,0,0,0,1,0,0,0,0,4,1,6,6,2,35,6,1969,2,5,VOLVO S90,-1,-1,0,-1
2024161440458,2024,161440458,1,9,0,-1,9,5,3,-1,0,1,0,0,0,0,1,1,-1,1,1,43,7,1969,8,2,VOLVO S90,10,E01013089,0,3
2024991517086,2024,991517086,3,9,0,-1,19,7,3,-1,0,2,0,0,0,0,4,1,-1,1,1,38,7,1969,8,1,VOLVO S90,6,-1,0,4
2024991482866,2024,991482866,2,9,0,-1,19,2,7,-1,0,0,0,0,0,0,4,1,-1,6,2,48,8,1969,2,5,VOLVO S90,5,-1,0,3
2024311520838,2024,311520838,1,9,0,-1,19,3,7,-1,0,0,0,0,0,0,1,1,-1,6,1,47,8,1969,1,5,VOLVO S90,-1,-1,0,-1
2024010505395,2024,010505395,2,9,0,5,5,1,5,0,0,0,0,0,0,0,1,1,1,1,1,45,7,1969,8,3,VOLVO S90,5,E01003666,0,1
2024421477607,2024,421477607,2,9,0,-1,4,3,7,-1,0,0,0,0,0,0,1,1,-1,1,1,46,8,1969,8,1,VOLVO S90,8,E01021537,0,4
2024041435572,2024,041435572,2,9,0,-1,19,1,1,-1,0,4,0,0,0,0,3,1,-1,9,1,43,7,1969,2,5,VOLVO S90,8,E01034347,0,1
2024010503661,2024,010503661,1,9,0,18,19,1,5,0,0,4,0,0,0,0,0,1,6,6,1,42,7,1969,2,5,VOLVO S90,4,E01001321,0,2
2024010526883,2024,010526883,3,9,0,18,19,3,7,0,0,0,0,0,0,0,0,1,1,1,1,30,6,1969,8,1,VOLVO S90,4,E01000472,0,4
2024371466709,2024,371466709,1,9,0,-1,7,4,8,-1,0,0,0,0,0,0,3,1,-1,1,2,48,8,1969,2,8,VOLVO S90,10,E01030195,0,1
2024440281498,2024,440281498,1,8,0,18,19,2,6,0,0,1,0,0,0,0,4,1,1,1,1,38,7,1969,2,5,VOLVO S90,4,E01017122,0,1
2024401427597,2024,401427597,2,9,0,-1,3,4,8,-1,0,0,0,0,0,0,2,1,-1,6,1,40,7,1969,2,7,VOLVO S90,3,E01017568,0,1
202460Q122953,2024,60Q122953,2,9,0,9,9,4,8,0,0,5,0,0,0,0,2,1,6,6,1,30,6,1969,2,5,VOLVO S90,-1,-1,0,-1
2024991471827,2024,991471827,2,9,0,-1,3,7,2,-1,-1,0,0,4,0,0,2,1,-1,1,1,48,8,1969,8,1,VOLVO S90,1,-1,0,2
2024010511614,2024,010511614,1,9,0,18,19,3,7,0,0,8,0,0,0,0,0,1,1,1,1,45,7,1969,8,3,VOLVO S90,5,E01003666,0,3
2024031411208,2024,031411208,2,9,0,-1,19,5,1,-1,0,8,0,0,0,0,1,1,-1,9,1,55,8,1969,2,7,VOLVO S90,9,E01019303,0,3
2024211439376,2024,211439376,1,9,0,-1,19,6,4,-1,0,1,0,0,0,0,1,1,-1,6,-1,-1,-1,1969,2,6,VOLVO S90,-1,-1,0,-1
2024302400715,2024,302400715,2,9,0,9,9,7,5,0,0,8,0,0,0,0,3,1,6,6,2,46,8,1969,2,6,VOLVO S90,3,E01019400,0,1
2024122400189,2024,122400189,2,9,0,18,19,7,3,0,0,0,0,0,0,0,2,1,6,6,1,62,9,1969,8,2,VOLVO S90,8,E01007846,0,4
2024010510836,2024,010510836,2,9,0,4,4,5,1,0,0,1,0,0,0,0,0,1,1,1,1,44,7,1969,8,3,VOLVO S90,5,E01003666,0,2
2024161398753,2024,161398753,2,9,0,-1,19,8,4,-1,0,0,0,0,0,0,1,1,-1,1,1,32,6,1969,8,2,VOLVO S90,10,E01013090,0,4
2024101503438,2024,101503438,1,9,-1,-1,2,7,3,-1,-1,1,0,0,0,0,3,9,-1,6,1,34,6,1969,2,6,VOLVO S90,1,E01008572,0,1
2024201473596,2024,201473596,2,9,0,-1,19,6,2,-1,0,0,0,0,0,0,2,1,-1,6,1,42,7,1969,8,5,VOLVO S90,9,E01009557,0,1
2024141417461,2024,141417461,1,9,0,-1,19,1,5,-1,0,3,1,7,1,7,1,1,-1,9,1,30,6,1969,2,6,VOLVO S90,1,E01007883,0,2
2024351490338,2024,351490338,2,9,0,-1,3,8,4,-1,0,1,0,0,0,0,2,1,-1,2,1,49,8,1969,2,6,VOLVO S90,5,E01018138,0,3
2024041531293,2024,041531293,1,9,0,-1,19,7,3,-1,0,2,0,0,7,0,1,1,-1,6,2,31,6,1969,2,5,VOLVO S90,2,E01006310,0,2
2024221503233,2024,221503233,2,9,0,-1,19,2,6,-1,0,0,0,0,1,0,3,1,-1,9,1,59,9,1969,2,6,VOLVO S90,2,E01028962,0,4
2024010512179,2024,010512179,2,9,0,18,19,3,7,0,0,8,0,0,0,0,1,1,6,6,1,32,6,1969,2,5,VOLVO S90,2,E01003576,0,2
2024141485883,2024,141485883,1,9,0,-1,19,3,7,-1,0,1,0,0,0,0,3,1,-1,9,1,70,10,1969,1,4,VOLVO S90,3,E01007436,0,1
2024610008724,2024,610008724,1,9,0,7,7,7,1,0,0,1,0,0,0,0,1,1,6,6,2,71,10,1969,1,5,VOLVO S90,9,E01012200,0,5
2024010552164,2024,010552164,1,9,0,99,99,9,9,99,99,9,9,99,9,99,3,9,6,6,1,25,5,-1,3,1,BMW I4,7,E01003651,0,1
2024201464103,2024,201464103,1,9,0,-1,15,2,6,-1,0,0,0,0,0,0,4,1,-1,9,2,36,7,-1,3,0,BMW I4,10,E01009431,0,1
2024010541615,2024,010541615,2,9,0,18,19,7,3,0,0,8,0,4,7,0,1,1,1,1,2,45,7,-1,3,1,BMW I4,3,E01003377,0,3
2024141461100,2024,141461100,1,9,0,-1,19,1,5,-1,0,0,0,0,0,0,1,9,-1,6,2,46,8,-1,3,0,BMW I4,6,E01007598,0,1
2024131406081,2024,131406081,2,9,0,-1,19,5,1,-1,0,0,0,4,0,0,1,1,-1,9,2,34,6,-1,3,1,BMW I4,1,E01007769,0,4
2024041403226,2024,041403226,2,9,0,-1,7,7,1,-1,0,0,0,0,0,0,3,1,-1,9,2,26,6,-1,3,2,BMW I4,1,E01005568,0,4
2024010492401,2024,010492401,1,9,0,9,9,1,7,1,1,6,0,0,0,0,4,1,6,6,3,-1,-1,-1,3,1,BMW I4,-1,-1,0,-1
2024461503995,2024,461503995,1,9,0,-1,12,7,3,-1,0,0,1,0,4,6,1,1,-1,2,1,50,8,1499,3,2,BMW I4,8,E01024077,0,2
2024451459913,2024,451459913,1,9,0,-1,9,3,1,-1,0,6,0,0,0,0,1,1,-1,9,1,48,8,-1,3,2,BMW I4,10,E01030898,0,1
2024631461106,2024,631461106,1,9,0,-1,14,3,7,-1,0,2,0,4,0,0,4,1,-1,9,1,37,7,-1,3,0,BMW I4,4,W01000456,0,3
2024332400093,2024,332400093,2,9,0,-1,10,6,4,-1,0,1,0,0,0,0,2,1,-1,9,2,49,8,-1,3,2,BMW I4,7,E01013789,0,1
2024010524778,2024,010524778,1,9,0,18,19,7,3,0,0,9,0,99,0,0,3,1,6,6,1,43,7,-1,3,1,BMW I4,5,E01014573,0,5
2024501404659,2024,501404659,1,9,0,-1,19,3,6,-1,0,0,0,0,0,0,1,1,-1,9,1,66,10,-1,3,2,BMW I4,7,E01018830,0,4
2024010524852,2024,010524852,2,9,0,7,7,9,9,99,99,9,9,99,9,99,9,9,6,6,3,-1,-1,-1,3,1,BMW I4,7,E01031560,0,4
2024991515507,2024,991515507,1,9,0,-1,1,5,1,-1,0,1,0,0,0,0,2,1,-1,6,1,52,8,-1,3,1,BMW I4,10,-1,0,1
2024131408154,2024,131408154,1,9,0,-1,19,1,5,-1,0,0,1,4,0,0,4,1,-1,1,1,60,9,-1,3,1,BMW I4,6,E01010079,0,5
2024221533778,2024,221533778,1,9,0,-1,15,5,1,-1,5,1,0,0,0,0,4,1,-1,6,3,62,9,-1,3,0,BMW I4,-1,-1,0,-1
2024010499836,2024,010499836,2,9,0,99,99,9,9,99,99,9,9,99,9,99,9,9,6,6,3,-1,-1,-1,3,2,BMW I4,-1,-1,0,-1
2024010543341,2024,010543341,1,9,0,99,99,9,9,99,99,9,9,99,9,99,2,9,6,6,2,54,8,-1,3,2,BMW I4,10,E01003745,0,1
2024052401391,2024,052401391,2,9,0,18,19,7,3,0,0,5,0,0,0,0,1,1,6,6,1,45,7,-1,3,0,BMW I4,8,E01007279,0,1
202460Q158571,2024,60Q158571,1,9,0,5,5,3,7,0,0,6,0,0,0,0,1,1,6,6,1,35,6,-1,3,0,BMW I4,-1,-1,0,-1
2024451465407,2024,451465407,3,9,0,-1,19,6,2,-1,0,0,0,0,0,0,2,1,-1,1,1,33,6,-1,3,1,BMW I4,10,E01023213,0,4
2024461423515,2024,461423515,1,9,0,-1,7,5,7,-1,9,6,0,11,0,0,1,1,-1,1,2,44,7,-1,3,2,BMW I4,7,E01024515,0,2
2024991412893,2024,991412893,1,9,0,-1,19,5,1,-1,0,0,0,0,0,0,1,1,-1,6,1,43,7,-1,3,1,BMW I4,8,-1,0,3
2024320261975,2024,320261975,2,9,0,-1,-1,1,5,0,0,8,0,0,0,0,3,1,-1,-1,1,30,6,-1,3,1,BMW I4,5,E01026052,0,4
2024161523688,2024,161523688,1,9,0,-1,19,3,7,-1,0,0,0,0,0,0,1,1,-1,2,1,42,7,-1,3,0,BMW I4,7,E01013214,0,1
2024031479990,2024,031479990,1,9,0,-1,13,2,6,-1,0,1,0,0,0,0,1,1,-1,6,1,34,6,-1,3,1,BMW I4,2,E01019269,0,2
2024340WN6842,2024,340WN6842,2,9,0,-1,19,5,1,-1,0,0,0,0,0,0,2,1,-1,9,1,30,6,-1,3,0,BMW I4,8,E01019415,0,5
2024501412803,2024,501412803,1,9,0,-1,19,8,4,-1,0,1,0,0,1,11,1,1,-1,9,1,30,6,-1,3,0,BMW I4,2,E01015176,0,1
2024010545584,2024,010545584,1,9,0,18,19,7,3,0,0,1,0,0,0,0,1,1,6,6,1,26,6,-1,3,0,BMW I4,5,E01002873,0,1
2024430317722,2024,430317722,2,9,0,17,19,2,6,0,0,1,0,0,0,0,1,1,2,2,1,50,8,-1,3,1,BMW I4,10,E01028615,0,1
2024061497499,2024,061497499,1,9,0,-1,19,4,8,-1,0,1,0,0,0,0,1,1,-1,9,1,34,6,-1,3,2,BMW I4,3,E01006293,0,1
2024010510446,2024,010510446,1,9,0,18,19,1,5,0,0,1,0,0,0,0,3,1,6,6,3,-1,-1,-1,3,0,BMW I4,3,E01000011,0,1
2024231504362,2024,231504362,5,9,0,-1,19,6,2,-1,0,0,0,0,0,0,1,1,-1,6,1,54,8,-1,3,1,BMW I4,9,E01009665,0,2
2024041428811,2024,041428811,1,9,0,-1,19,5,7,-1,0,0,0,0,0,0,1,1,-1,6,1,39,7,-1,3,1,BMW I4,10,E01025146,0,1
2024010542617,2024,010542617,1,9,0,99,99,9,9,99,99,0,9,99,9,99,2,9,6,6,1,35,6,-1,3,0,BMW I4,4,E01003534,0,1
2024401484998,2024,401484998,3,9,0,-1,3,5,1,-1,0,0,0,0,0,0,2,1,-1,2,1,46,8,-1,3,1,BMW I4,9,E01017559,0,2
2024430322006,2024,430322006,2,9,0,18,19,7,4,0,0,0,0,0,0,0,2,1,6,6,1,73,10,-1,3,0,BMW I4,-1,-1,0,-1
2024320755443,2024,320755443,2,9,0,2,2,0,0,9,9,0,0,0,0,0,1,1,6,6,3,-1,-1,-1,3,0,BMW I4,-1,-1,0,-1
2024430330764,2024,430330764,2,9,0,18,19,3,7,0,0,8,0,0,0,0,1,1,6,6,1,27,6,-1,3,0,BMW I4,3,E01016505,0,1
2024411402848,2024,411402848,2,9,0,-1,5,1,5,-1,0,4,0,0,0,0,4,1,-1,6,1,57,9,-1,3,1,BMW I4,6,E01017437,0,2
2024141450469,2024,141450469,1,9,0,-1,9,5,7,-1,0,8,0,0,0,0,1,9,-1,6,1,30,6,-1,3,0,BMW I4,2,E01007627,0,3
2024520402706,2024,520402706,3,9,0,18,19,7,3,0,0,0,0,0,0,0,0,1,6,6,1,20,4,-1,3,2,BMW I4,7,E01029055,0,3
2024501494271,2024,501494271,1,9,0,-1,9,7,5,-1,0,8,0,0,0,0,4,1,-1,6,1,23,5,-1,3,2,BMW I4,5,E01020076,0,1
2024131486407,2024,131486407,2,9,0,-1,19,5,1,-1,0,0,0,0,0,0,2,1,-1,9,1,36,7,-1,3,2,BMW I4,10,E01011266,0,3
2024411502053,2024,411502053,2,9,0,-1,5,1,2,-1,0,1,0,0,0,0,1,1,-1,7,2,38,7,-1,3,0,BMW I4,8,E01023552,0,1