collision_index,collision_year,collision_ref_no,vehicle_reference,vehicle_type,towing_and_articulation,vehicle_manoeuvre_historic,vehicle_manoeuvre,vehicle_direction_from,vehicle_direction_to,vehicle_location_restricted_lane_historic,vehicle_location_restricted_lane,junction_location,skidding_and_overturning,hit_object_in_carriageway,vehicle_leaving_carriageway,hit_object_off_carriageway,first_point_of_impact,vehicle_left_hand_drive,journey_purpose_of_driver_historic,journey_purpose_of_driver,sex_of_driver,age_of_driver,age_band_of_driver,engine_capacity_cc,propulsion_code,age_of_vehicle,generic_make_model,driver_imd_decile,lsoa_of_driver,escooter_flag,driver_distance_banding
2024052401659,2024,052401659,2,19,0,5,5,5,1,0,0,0,0,0,0,0,4,1,1,1,1,50,8,1898,2,3,ISUZU TRUCKS GRAFTER,1,E01006616,0,1
2024131526581,2024,131526581,2,19,0,-1,2,0,0,-1,0,1,0,0,0,0,2,1,-1,6,-1,-1,-1,1898,2,0,ISUZU TRUCKS GRAFTER,-1,-1,0,-1
2024440516189,2024,440516189,2,20,0,9,9,3,8,0,0,8,0,0,0,0,4,1,1,1,1,37,7,1898,2,0,ISUZU TRUCKS GRAFTER,2,E01017322,0,1
2024141453038,2024,141453038,1,19,0,-1,-1,2,8,-1,-1,6,0,0,0,0,-1,1,-1,-1,3,-1,-1,1898,2,2,ISUZU TRUCKS GRAFTER,-1,-1,0,-1
2024010515335,2024,010515335,2,90,0,18,19,1,5,0,0,3,0,0,0,0,2,1,1,1,1,48,8,-1,-1,-1,ISUZU TRUCKS GRAFTER,6,E01001248,0,2
2024501456332,2024,501456332,2,19,0,-1,19,3,7,-1,0,1,0,0,0,0,1,9,-1,1,1,30,6,1898,2,5,ISUZU TRUCKS GRAFTER,4,E01018988,0,2
2024501454096,2024,501454096,2,20,0,-1,19,7,3,-1,0,1,1,0,0,0,4,1,-1,2,1,36,7,2999,2,3,ISUZU TRUCKS GRAFTER,4,E01020307,0,2
2024131453019,2024,131453019,1,19,0,-1,4,3,7,-1,0,8,0,0,0,0,3,1,-1,1,1,48,8,1898,2,5,ISUZU TRUCKS GRAFTER,1,E01010654,0,1
2024010539427,2024,010539427,2,19,9,99,99,9,9,0,0,9,0,0,0,0,9,1,6,6,3,-1,-1,-1,-1,-1,ISUZU TRUCKS GRAFTER,-1,-1,0,-1
2024221530563,2024,221530563,2,20,0,-1,4,2,6,-1,0,2,0,0,0,0,2,1,-1,1,1,65,9,1898,2,2,ISUZU TRUCKS GRAFTER,4,E01032409,0,1
2024010549008,2024,010549008,1,90,4,5,5,0,1,0,0,8,0,0,0,0,1,1,1,1,1,28,6,-1,-1,-1,ISUZU TRUCKS GRAFTER,1,E01001410,0,3
2024332401012,2024,332401012,2,20,4,-1,19,4,8,-1,0,0,4,0,7,9,1,1,-1,1,1,42,7,2999,2,10,ISUZU TRUCKS GRAFTER,9,E01025883,0,2
2024041428526,2024,041428526,2,19,0,-1,19,7,3,-1,0,1,0,0,0,0,1,1,-1,1,2,63,9,1898,2,5,ISUZU TRUCKS GRAFTER,9,E01024997,0,1
2024501494215,2024,501494215,2,20,0,-1,19,3,8,-1,0,0,5,6,7,0,4,1,-1,1,1,53,8,2999,2,11,ISUZU TRUCKS GRAFTER,4,E01018881,0,4
2024430055896,2024,430055896,3,19,0,18,19,3,7,0,0,0,0,0,0,0,2,1,6,6,1,29,6,1898,2,2,ISUZU TRUCKS GRAFTER,7,E01002181,0,4
2024501395592,2024,501395592,2,20,0,-1,19,3,7,-1,0,0,2,0,7,10,3,1,-1,9,1,58,9,1898,2,3,ISUZU TRUCKS GRAFTER,5,E01020137,0,4
2024501473550,2024,501473550,1,19,0,-1,19,3,7,-1,0,1,0,0,0,0,1,1,-1,1,1,31,6,2999,2,10,ISUZU TRUCKS GRAFTER,2,E01018897,0,3
2024351495720,2024,351495720,2,19,0,-1,19,3,7,-1,0,1,0,0,0,0,1,1,-1,6,1,30,6,1898,2,1,ISUZU TRUCKS GRAFTER,4,E01018086,0,4
2024041509604,2024,041509604,2,19,0,-1,9,5,3,-1,0,0,0,0,0,0,3,1,-1,1,1,31,6,1898,2,3,ISUZU TRUCKS GRAFTER,2,E01006033,0,4
2024332400066,2024,332400066,1,19,0,-1,4,3,7,-1,0,1,0,0,0,0,2,1,-1,1,2,25,5,1898,2,2,ISUZU TRUCKS GRAFTER,8,E01035086,0,4
2024031423046,2024,031423046,1,19,0,-1,5,7,3,-1,0,0,2,0,1,0,1,1,-1,1,1,19,4,2999,2,6,ISUZU TRUCKS GRAFTER,6,E01019096,0,2
2024041443591,2024,041443591,2,19,0,-1,4,7,3,-1,0,8,0,0,0,0,1,1,-1,1,1,61,9,1898,2,3,ISUZU TRUCKS GRAFTER,3,E01025071,0,2
2024302401237,2024,302401237,2,19,4,2,2,0,0,0,0,0,0,0,0,0,2,1,6,6,3,-1,-1,1898,2,4,ISUZU TRUCKS GRAFTER,-1,-1,0,-1
2024361502011,2024,361502011,1,19,4,-1,13,-1,-1,-1,0,0,0,0,0,0,-1,9,-1,1,2,32,6,2999,2,3,ISUZU TRUCKS GRAFTER,1,E01026868,0,2
2024302401280,2024,302401280,1,5,0,18,19,5,1,0,0,0,0,0,0,0,1,1,6,6,1,-1,-1,651,1,16,-1,4,E01008088,0,4
2024351538821,2024,351538821,2,17,0,-1,19,2,6,-1,0,0,0,0,0,0,2,1,-1,1,1,41,7,1116,2,5,-1,4,E01035537,0,1
2024302400542,2024,302400542,2,90,0,18,19,1,5,0,0,0,0,0,0,0,2,1,1,1,1,24,5,1642,2,1,-1,7,E01019612,0,4
2024552400412,2024,552400412,2,17,0,17,19,7,4,0,0,8,5,0,1,2,2,1,1,1,1,56,9,1642,2,1,-1,1,E01015281,0,2
2024010510631,2024,010510631,1,3,0,18,19,2,6,0,0,1,0,0,0,0,1,1,2,2,1,17,4,125,1,0,KYMCO VISAR 125,7,E01015983,0,4
2024161522658,2024,161522658,1,3,0,-1,9,1,7,-1,0,6,0,0,0,0,1,1,-1,6,1,25,5,125,1,3,KYMCO VISAR 125,8,E01013151,0,1
2024371479375,2024,371479375,1,3,0,-1,19,1,5,-1,0,0,0,0,1,0,0,1,-1,6,1,20,4,125,1,4,KYMCO VISAR 125,1,E01030258,0,4
2024131411110,2024,131411110,1,4,0,-1,9,7,3,-1,0,8,0,0,0,0,3,1,-1,6,1,17,4,125,1,0,KYMCO VISAR 125,2,E01011079,0,1
2024131469067,2024,131469067,1,3,0,-1,19,7,3,-1,0,0,5,0,0,0,1,1,-1,6,1,18,4,125,1,0,KYMCO VISAR 125,7,E01011152,0,2
2024622400480,2024,622400480,1,3,0,5,5,2,6,0,0,3,0,0,0,0,2,1,6,6,1,19,4,125,1,3,KYMCO VISAR 125,4,W01001278,0,1
2024361502482,2024,361502482,1,3,0,-1,15,7,5,-1,0,1,0,0,0,0,1,1,-1,6,1,19,4,125,1,4,KYMCO VISAR 125,6,E01026757,0,3
2024010537938,2024,010537938,2,3,0,99,99,9,9,99,99,9,9,99,9,99,1,1,6,6,1,29,6,125,1,0,KYMCO VISAR 125,4,E01003637,0,1
2024010543115,2024,010543115,1,9,0,7,7,8,3,0,0,5,0,0,0,0,4,1,6,6,1,22,5,125,1,0,KYMCO VISAR 125,8,E01032043,0,5
2024161424326,2024,161424326,1,3,0,-1,19,7,5,-1,0,1,0,0,0,0,1,1,-1,9,1,18,4,125,1,0,KYMCO VISAR 125,5,E01013274,0,1
2024451440375,2024,451440375,1,3,0,-1,4,1,5,-1,0,0,0,0,0,0,2,1,-1,9,1,18,4,125,1,3,KYMCO VISAR 125,6,E01031839,0,4
2024010524138,2024,010524138,1,3,9,99,99,9,9,99,99,1,9,0,9,0,3,1,2,2,1,29,6,125,1,0,KYMCO VISAR 125,8,E01032640,0,2
2024440321736,2024,440321736,1,3,0,18,19,3,7,0,0,0,0,0,0,0,1,1,2,2,1,31,6,125,1,4,KYMCO VISAR 125,2,E01017356,0,3
2024231490536,2024,231490536,2,3,0,-1,19,2,6,-1,0,1,1,0,0,0,1,1,-1,6,1,18,4,125,1,0,KYMCO VISAR 125,7,E01031297,0,1
2024991484141,2024,991484141,1,9,0,-1,19,7,1,-1,0,7,0,0,1,0,1,1,-1,6,1,87,11,1796,1,26,-1,5,-1,0,5
2024041523510,2024,041523510,1,9,0,-1,14,7,3,-1,0,0,0,4,1,11,1,1,-1,9,1,69,10,-1,3,1,MG 4,1,E01012625,0,1
2024010535630,2024,010535630,2,8,0,18,19,1,5,99,99,9,9,0,1,0,2,9,6,6,3,-1,-1,-1,3,1,MG 4,-1,-1,0,-1
2024411540790,2024,411540790,2,9,0,-1,5,7,3,-1,0,1,0,0,0,0,4,1,-1,6,2,41,7,-1,3,1,MG 4,8,E01023311,0,1
2024010497776,2024,010497776,2,9,0,99,99,9,9,99,99,9,9,99,9,99,1,9,6,6,2,-1,-1,-1,3,0,MG 4,6,E01003741,0,1
2024041399373,2024,041399373,1,9,0,-1,19,2,6,-1,0,1,0,0,0,0,1,1,-1,9,1,42,7,-1,3,1,MG 4,7,E01012592,0,1
2024201492637,2024,201492637,1,9,0,-1,7,4,6,-1,0,6,0,0,0,0,4,1,-1,2,2,29,6,-1,3,1,MG 4,3,E01009164,0,3
2024010513890,2024,010513890,1,9,9,99,99,9,9,99,99,9,9,99,9,99,9,9,6,6,3,-1,-1,-1,3,2,MG 4,-1,-1,0,-1
2024371457913,2024,371457913,1,9,0,-1,19,6,2,-1,0,0,0,0,0,0,3,2,-1,6,1,56,9,-1,3,1,MG 4,7,E01030137,0,1
202460Q037823,2024,60Q037823,1,9,0,18,19,7,4,0,0,2,0,0,0,0,4,1,6,6,1,28,6,-1,3,2,MG 4,-1,-1,0,-1
2024991483070,2024,991483070,1,9,0,-1,20,3,7,-1,9,1,0,0,7,0,1,1,-1,9,1,47,8,-1,3,0,MG 4,1,-1,0,1
2024991504592,2024,991504592,1,9,0,-1,19,2,6,-1,0,0,5,0,1,9,1,1,-1,2,1,50,8,-1,3,0,MG 4,6,-1,0,4
2024010536903,2024,010536903,1,9,0,18,19,5,1,0,0,0,0,0,0,0,1,1,6,6,1,60,9,-1,3,1,MG 4,3,E01000059,0,4
2024421410890,2024,421410890,2,9,0,-1,19,3,8,-1,0,0,1,0,1,0,1,1,-1,9,1,47,8,-1,3,1,MG 4,6,E01021875,0,1
2024010519710,2024,010519710,1,9,0,99,99,9,9,99,99,9,9,99,9,99,9,1,6,6,1,50,8,-1,3,0,MG 4,1,E01002039,0,1
2024211522333,2024,211522333,1,9,0,-1,12,1,5,-1,0,0,0,0,0,0,0,1,-1,2,2,51,8,-1,3,1,MG 4,3,E01029720,0,3
2024401506950,2024,401506950,2,9,0,-1,2,0,0,-1,0,0,0,0,0,0,2,1,-1,6,3,-1,-1,-1,3,0,MG 4,-1,-1,0,-1
2024010537194,2024,010537194,2,9,0,4,4,1,5,0,0,1,0,0,0,0,1,1,6,6,1,59,9,-1,3,1,MG 4,2,E01001957,0,1
2024411536138,2024,411536138,1,9,0,-1,19,5,1,-1,0,2,0,0,0,0,1,1,-1,6,2,75,10,-1,3,2,MG 4,6,E01030598,0,4
2024070499270,2024,070499270,1,9,0,9,9,1,7,0,0,2,0,0,0,0,4,1,6,6,2,74,10,-1,3,2,MG 4,8,E01018434,0,1
2024201422726,2024,201422726,2,9,0,-1,19,2,8,-1,0,8,0,0,0,0,3,1,-1,6,2,33,6,-1,3,1,MG 4,1,E01009605,0,1
2024421494874,2024,421494874,2,9,0,-1,9,7,5,-1,0,2,0,0,7,0,1,1,-1,6,-1,40,7,-1,3,1,MG 4,9,E01030886,0,5
2024061493836,2024,061493836,1,9,0,-1,9,8,6,-1,0,8,0,0,0,0,1,9,-1,6,1,-1,-1,-1,3,1,MG 4,6,E01011214,0,4
2024052401970,2024,052401970,1,9,0,18,19,5,1,0,0,1,0,0,0,0,1,1,1,1,1,51,8,-1,3,1,MG 4,7,E01025317,0,4
2024622400757,2024,622400757,2,9,0,18,19,1,5,0,0,0,0,0,0,0,3,1,1,1,2,49,8,1984,3,0,MG 4,5,W01001033,0,2
2024361529886,2024,361529886,1,9,0,-1,19,5,1,-1,0,0,1,10,1,4,1,1,-1,9,1,34,6,-1,3,0,MG 4,5,E01026611,0,4
2024481507845,2024,481507845,1,9,0,-1,9,1,7,-1,0,2,0,0,0,0,0,1,-1,9,1,38,7,-1,3,1,MG 4,-1,-1,0,-1
2024549786424,2024,549786424,1,9,0,18,19,2,6,0,0,0,1,10,7,11,1,1,2,2,1,59,9,-1,3,1,MG 4,4,E01015578,0,3
2024010512339,2024,010512339,1,9,0,18,19,1,5,0,0,0,0,0,0,0,1,1,6,6,2,25,5,-1,3,0,MG 4,9,E01001567,0,1
2024131477555,2024,131477555,1,9,0,-1,19,1,5,-1,0,0,0,2,7,1,1,1,-1,9,1,47,8,-1,3,1,MG 4,1,E01011433,0,1
2024991449534,2024,991449534,2,9,0,-1,19,2,6,-1,0,3,0,0,0,0,1,1,-1,9,1,53,8,-1,3,0,MG 4,9,-1,0,1
2024141452011,2024,141452011,2,9,0,-1,3,5,1,-1,0,0,0,0,0,0,2,1,-1,6,1,-1,-1,-1,3,1,MG 4,-1,-1,0,-1
2024552401482,2024,552401482,1,9,0,9,9,7,6,0,0,6,0,0,0,0,1,1,2,2,2,38,7,-1,3,1,MG 4,4,E01015327,0,1
2024440409156,2024,440409156,1,9,0,18,19,8,4,0,0,0,1,0,0,0,1,1,6,6,2,48,8,-1,3,1,MG 4,10,E01018683,0,5
2024231409857,2024,231409857,1,9,0,-1,9,6,1,-1,0,5,0,0,0,0,1,9,-1,6,1,35,6,-1,3,1,MG 4,-1,-1,0,-1
2024141551246,2024,141551246,1,9,0,-1,19,7,3,-1,0,0,0,0,0,0,4,1,-1,9,2,43,7,-1,3,0,MG 4,4,E01011933,0,3
2024320305746,2024,320305746,1,9,0,-1,-1,4,8,0,0,0,0,0,0,0,1,1,6,6,2,28,6,-1,3,0,MG 4,1,E01026375,0,3
2024471452945,2024,471452945,3,9,0,-1,2,0,0,-1,0,0,0,0,0,0,1,1,-1,6,-1,-1,-1,-1,3,0,MG 4,-1,-1,0,-1
2024201514988,2024,201514988,1,9,0,-1,19,3,7,-1,0,0,0,0,0,0,3,1,-1,6,1,35,6,-1,3,0,MG 4,2,E01009988,0,2
2024430339081,2024,430339081,1,9,0,18,19,8,4,0,0,0,0,0,0,0,1,1,6,6,1,-1,-1,-1,3,1,MG 4,-1,-1,0,-1
2024161514126,2024,161514126,1,9,0,-1,19,6,2,-1,0,8,0,0,1,1,1,1,-1,6,1,54,8,-1,3,0,MG 4,5,E01012941,0,1
2024991397542,2024,991397542,1,9,0,-1,19,1,5,-1,0,0,0,0,0,0,4,1,-1,2,1,28,6,-1,3,2,MG 4,3,-1,0,1
2024122500002,2024,122500002,1,9,0,18,19,8,3,0,0,4,0,0,0,0,1,1,6,6,1,78,11,-1,3,0,MG 4,8,E01011581,0,3
2024141505646,2024,141505646,2,9,0,-1,3,3,7,-1,0,0,0,0,0,0,2,1,-1,6,1,44,7,-1,3,1,MG 4,6,E01007615,0,3
2024010510661,2024,010510661,1,9,0,6,6,5,5,9,9,0,0,0,1,0,1,1,3,7,2,43,7,-1,3,1,MG 4,3,E01002217,0,1
2024010536414,2024,010536414,1,9,0,99,99,9,9,99,99,9,9,99,9,99,9,9,1,1,1,31,6,-1,3,1,MG 4,4,E01004376,0,2
2024552401093,2024,552401093,2,9,0,18,19,2,6,0,0,0,0,0,0,0,1,1,6,6,1,61,9,-1,3,1,MG 4,9,E01020416,0,2
2024131438056,2024,131438056,3,9,0,-1,19,1,5,-1,0,1,0,0,0,0,1,1,-1,9,1,56,9,-1,3,2,MG 4,6,E01010786,0,1
2024522402176,2024,522402176,1,9,0,3,3,3,7,0,0,8,0,0,0,0,2,1,6,6,1,69,10,-1,3,1,MG 4,9,E01014871,0,1
2024201451677,2024,201451677,1,9,0,-1,1,2,6,-1,0,0,0,0,0,0,0,9,-1,6,3,18,4,-1,3,0,MG 4,-1,-1,0,-1
2024421521111,2024,421521111,2,9,0,-1,19,6,2,-1,0,2,0,0,0,0,2,1,-1,1,1,44,7,-1,3,0,MG 4,2,E01000017,0,4
2024070751067,2024,070751067,2,9,0,-1,19,6,2,-1,0,0,0,0,0,0,1,1,-1,9,1,47,8,-1,3,0,MG 4,9,E01018544,0,4
2024522401699,2024,522401699,1,9,0,3,3,5,1,0,0,1,0,0,0,0,2,1,6,6,1,54,8,-1,3,1,MG 4,7,E01014385,0,3
2024041527563,2024,041527563,1,9,0,-1,19,1,5,-1,0,0,0,0,0,0,1,1,-1,9,1,36,7,-1,3,1,MG 4,8,E01027556,0,4
2024411502045,2024,411502045,1,9,0,-1,19,7,3,-1,0,0,0,99,0,0,1,9,-1,6,2,-1,-1,-1,3,1,MG 4,-1,-1,0,-1
2024320113289,2024,320113289,1,9,0,-1,-1,4,8,0,0,0,0,0,7,0,3,1,1,1,1,55,8,-1,3,1,MG 4,8,E01013148,0,4
2024161430430,2024,161430430,1,9,0,-1,19,2,6,-1,9,0,0,10,1,10,1,1,-1,6,2,30,6,-1,3,1,MG 4,6,E01013095,0,3
2024440062588,2024,440062588,2,9,0,5,5,6,2,0,0,6,0,0,0,0,1,1,6,6,1,57,9,-1,3,1,MG 4,3,E01023202,0,4
2024522402894,2024,522402894,2,9,0,18,19,6,2,0,0,8,0,0,0,0,3,1,1,1,1,-1,-1,-1,3,1,MG 4,10,E01014793,0,3
2024052402026,2024,052402026,3,9,0,3,3,6,2,0,0,1,0,0,0,0,4,1,6,6,1,73,10,-1,3,2,MG 4,1,E01007175,0,1
2024010519850,2024,010519850,1,9,0,99,99,9,9,0,0,9,0,99,9,99,9,9,6,6,1,33,6,-1,3,0,MG 4,3,E01004011,0,1
2024522403146,2024,522403146,2,9,0,18,19,7,3,0,0,8,0,0,0,0,1,1,6,6,1,45,7,-1,3,0,MG 4,6,E01035213,0,1
2024471469805,2024,471469805,4,9,0,-1,4,7,3,-1,0,0,0,0,0,0,4,1,-1,9,2,68,10,-1,3,1,MG 4,10,E01031640,0,4
2024010514667,2024,010514667,2,9,0,99,99,9,9,99,99,6,9,99,9,99,9,9,6,6,3,-1,-1,-1,3,1,MG 4,-1,-1,0,-1
2024010516347,2024,010516347,1,9,0,99,99,9,9,99,99,9,9,99,9,99,2,9,6,6,1,29,6,-1,3,0,MG 4,4,E01034224,0,3
2024221502324,2024,221502324,1,9,0,-1,19,8,4,-1,0,0,0,0,0,0,1,1,-1,9,2,41,7,-1,3,0,MG 4,1,E01008887,0,4
2024010499863,2024,010499863,3,9,3,3,3,7,3,0,0,8,0,0,0,0,2,1,6,6,1,47,8,-1,3,2,MG 4,9,E01016995,0,4
2024010528359,2024,010528359,1,9,0,18,19,7,3,0,0,2,0,0,0,0,1,1,6,6,1,55,8,-1,3,0,MG 4,4,E01002070,0,1
2024010517818,2024,010517818,2,9,0,3,3,3,7,0,0,1,0,0,0,0,2,1,1,1,1,37,7,-1,3,0,MG 4,-1,-1,0,-1
2024041399213,2024,041399213,1,9,0,-1,4,1,5,-1,0,0,0,0,0,0,1,1,-1,2,2,26,6,-1,3,1,MG 4,9,E01006374,0,4
2024401495798,2024,401495798,1,9,0,-1,12,7,1,-1,0,4,0,0,0,0,3,1,-1,6,1,66,10,-1,3,1,MG 4,3,E01017562,0,1
2024201500693,2024,201500693,2,9,0,-1,19,7,3,-1,0,8,0,0,0,0,1,1,-1,1,1,47,8,-1,3,1,MG 4,-1,-1,0,-1
2024141480183,2024,141480183,2,9,0,-1,4,3,7,-1,0,0,0,0,0,0,3,1,-1,9,1,65,9,-1,3,1,MG 4,7,E01019736,0,3
2024101517991,2024,101517991,2,9,0,-1,19,5,1,-1,0,1,0,0,0,0,1,1,-1,9,1,49,8,-1,3,2,MG 4,7,E01008467,0,2
2024401577697,2024,401577697,1,9,0,-1,1,1,5,-1,0,0,0,0,0,0,2,1,-1,9,1,34,6,-1,3,0,MG 4,9,E01017734,0,2
2024061540734,2024,061540734,2,9,-1,-1,19,1,5,-1,0,8,0,0,0,0,4,9,-1,6,1,36,7,-1,3,0,MG 4,10,E01006301,0,1
2024461417563,2024,461417563,2,9,0,-1,19,7,3,-1,0,0,0,0,0,0,3,1,-1,6,2,43,7,-1,3,1,MG 4,8,E01024451,0,1
2024461489951,2024,461489951,2,9,0,-1,-1,-1,-1,-1,-1,0,-1,-1,-1,0,-1,9,-1,9,1,-1,-1,-1,3,1,MG 4,2,E01024604,0,1
2024501492050,2024,501492050,1,9,0,-1,19,5,3,-1,0,8,0,0,0,0,3,1,-1,1,1,35,6,-1,3,0,MG 4,7,E01018971,0,4
2024421515443,2024,421515443,2,9,0,-1,19,6,3,-1,0,0,0,0,0,0,1,1,-1,2,1,38,7,-1,3,1,MG 4,4,E01021658,0,3
2024991528428,2024,991528428,1,9,0,-1,19,1,6,-1,0,0,0,0,0,0,1,1,-1,9,2,27,6,-1,3,1,MG 4,-1,-1,0,-1
2024061534418,2024,061534418,2,9,0,-1,4,6,3,-1,0,0,0,0,0,0,2,1,-1,2,1,46,8,-1,3,1,MG 4,3,E01005034,0,1
2024231420915,2024,231420915,2,9,0,-1,3,3,7,-1,0,0,0,0,0,0,2,9,-1,2,1,24,5,-1,3,1,MG 4,9,E01031278,0,1
2024361434363,2024,361434363,1,9,0,-1,19,7,3,-1,0,0,0,0,0,0,1,1,-1,6,1,85,11,-1,3,1,MG 4,4,E01034776,0,3
202454A353324,2024,54A353324,2,9,0,4,4,7,3,0,0,2,0,0,0,0,2,1,2,2,1,45,7,-1,3,0,MG 4,6,E01034549,0,1
2024010504769,2024,010504769,2,9,0,99,99,9,9,99,99,5,9,99,9,99,9,9,6,6,3,46,8,-1,3,1,MG 4,3,E01000305,0,2
2024311420026,2024,311420026,2,9,0,-1,3,5,1,-1,0,0,0,0,0,0,2,1,-1,6,1,29,6,-1,3,2,MG 4,-1,-1,0,-1
2024101423503,2024,101423503,2,9,0,-1,19,4,8,-1,0,8,0,0,0,0,0,1,-1,6,2,54,8,-1,3,1,MG 4,3,E01008804,0,3
2024041431992,2024,041431992,2,9,0,-1,9,1,3,-1,0,3,0,0,0,0,1,1,-1,2,1,40,7,-1,3,1,MG 4,9,E01004843,0,3
2024041527134,2024,041527134,1,9,0,-1,19,3,7,-1,9,6,0,0,0,0,-1,9,-1,6,2,57,9,2494,3,0,MG 4,10,E01019348,0,3
2024061490503,2024,061490503,1,9,0,-1,9,7,5,-1,0,2,0,0,0,0,4,1,-1,6,2,77,11,-1,3,1,MG 4,7,E01005510,0,1
2024131533470,2024,131533470,1,9,0,-1,19,1,5,-1,0,1,0,0,1,0,1,1,-1,6,3,-1,-1,-1,3,1,MG 4,-1,-1,0,-1
2024991517000,2024,991517000,2,9,0,-1,19,8,4,-1,0,0,0,0,1,0,1,1,-1,9,1,53,8,-1,3,0,MG 4,6,-1,0,5
2024010497745,2024,010497745,2,8,0,11,11,1,5,0,0,1,0,0,0,0,3,1,1,1,1,42,7,-1,3,1,MG 4,3,E01000498,0,1
2024010509646,2024,010509646,1,9,0,3,3,5,1,0,0,8,0,0,0,0,4,1,6,6,3,30,6,-1,3,1,MG 4,3,E01003623,0,1
2024010543937,2024,010543937,2,9,0,18,19,3,7,0,0,3,0,0,1,11,3,1,6,6,1,41,7,-1,3,2,MG 4,10,E01004114,0,1
2024340WN2132,2024,340WN2132,1,9,0,-1,19,2,6,-1,0,4,0,0,0,0,1,1,-1,2,2,60,9,-1,3,0,MG 4,5,E01027247,0,1
2024421422782,2024,421422782,1,9,-1,-1,-1,-1,-1,-1,-1,0,-1,-1,-1,0,-1,9,-1,6,1,61,9,-1,3,1,MG 4,4,E01021496,0,1
2024520402233,2024,520402233,1,9,0,3,3,7,2,0,0,1,0,0,0,0,1,1,6,6,1,67,10,-1,3,1,MG 4,2,E01029112,0,1
2024531461009,2024,531461009,1,9,0,-1,19,3,7,-1,0,0,0,0,1,0,1,1,-1,9,1,83,11,-1,3,1,MG 4,8,E01022255,0,2
2024991532920,2024,991532920,2,9,0,-1,19,5,1,-1,0,1,0,0,0,0,1,1,-1,9,1,58,9,-1,3,1,MG 4,-1,-1,0,-1
2024332401155,2024,332401155,2,9,0,-1,19,4,8,-1,0,8,0,0,0,0,1,1,-1,9,1,80,11,-1,3,2,MG 4,10,E01025832,0,1
2024411515320,2024,411515320,3,4,-1,-1,-1,-1,-1,-1,-1,0,-1,-1,-1,0,-1,1,-1,9,1,61,9,499,1,23,-1,9,E01022063,0,3
2024320095173,2024,320095173,1,4,0,-1,-1,8,4,0,0,1,2,0,1,9,4,1,-1,-1,1,72,10,499,1,8,-1,3,E01026024,0,1
2024010517849,2024,010517849,2,4,0,5,5,1,5,0,0,8,0,0,0,0,4,1,6,6,1,38,7,496,1,16,-1,7,E01002121,0,2
2024221465683,2024,221465683,2,5,0,-1,4,3,7,-1,0,1,0,0,0,0,2,1,-1,6,1,82,11,499,1,11,-1,8,E01032299,0,2
2024451475632,2024,451475632,2,4,0,-1,9,3,1,-1,0,8,5,0,0,0,4,1,-1,9,1,55,8,499,1,9,-1,9,E01023612,0,4
202417L108424,2024,17L108424,1,4,0,-1,19,4,8,-1,0,8,0,0,0,0,4,1,-1,2,1,61,9,498,2,18,-1,2,E01012136,0,1
2024451462513,2024,451462513,1,5,0,-1,19,7,3,-1,0,0,0,0,7,0,1,1,-1,6,1,34,6,1198,1,19,-1,9,E01024483,0,2
2024131444020,2024,131444020,1,9,0,-1,-1,-1,-1,-1,-1,-1,-1,-1,-1,-1,-1,1,-1,6,3,-1,-1,2967,2,16,AUDI A8,-1,-1,0,-1
2024991415401,2024,991415401,1,9,0,-1,5,3,7,-1,2,0,0,0,0,0,1,1,-1,6,1,39,7,2967,2,10,AUDI A8,-1,-1,0,-1
2024010526281,2024,010526281,4,9,0,3,3,3,7,0,0,0,0,0,0,0,2,1,6,6,1,42,7,2967,2,13,AUDI A8,4,E01002315,0,2
2024451485749,2024,451485749,2,9,0,-1,8,7,3,-1,0,1,0,0,0,0,1,1,-1,6,1,63,9,2995,1,4,AUDI A8,4,E01030827,0,1
202417H101124,2024,17H101124,1,9,0,18,19,3,7,0,0,0,0,0,0,0,4,1,6,6,1,40,7,2967,2,15,AUDI A8,2,E01011964,0,1
2024451442387,2024,451442387,3,9,0,-1,2,0,0,-1,0,0,0,0,0,0,2,1,-1,6,-1,-1,-1,2967,2,5,AUDI A8,-1,-1,0,-1
2024131481181,2024,131481181,1,9,0,-1,5,5,1,-1,0,6,0,0,0,0,3,1,-1,2,1,31,6,2967,2,13,AUDI A8,1,E01011622,0,1
2024131448246,2024,131448246,1,9,0,-1,19,5,1,-1,0,0,0,4,1,0,1,1,-1,9,1,73,10,2967,2,13,AUDI A8,3,E01010595,0,1
2024320304043,2024,320304043,1,9,0,-1,-1,2,6,0,0,0,1,4,0,0,1,1,6,6,1,28,6,2967,2,14,AUDI A8,4,E01026259,0,1
2024440120752,2024,440120752,1,9,0,1,1,8,4,0,0,0,0,0,7,10,2,1,6,6,1,64,9,2967,2,11,AUDI A8,2,E01017244,0,2
2024421399626,2024,421399626,1,9,0,-1,4,1,5,-1,0,0,0,0,0,0,1,9,-1,6,1,35,6,2967,2,12,AUDI A8,2,E01004757,0,4
2024549671624,2024,549671624,1,9,0,18,19,4,8,0,0,1,0,0,0,0,1,1,6,6,2,28,6,2967,2,11,AUDI A8,10,E01014421,0,3
2024231429104,2024,231429104,1,9,0,-1,9,8,4,-1,0,6,0,0,0,0,1,1,-1,1,2,35,6,2967,2,11,AUDI A8,7,E01031011,0,1
2024101532725,2024,101532725,1,9,0,-1,19,2,5,-1,0,0,0,0,0,0,1,1,-1,6,1,-1,-1,2967,2,19,AUDI A8,-1,-1,0,-1
2024122500044,2024,122500044,2,9,0,18,19,7,3,0,0,2,0,0,0,0,3,1,6,6,1,84,11,2967,2,5,AUDI A8,7,E01027667,0,4
2024010518078,2024,010518078,1,9,0,3,3,7,3,0,0,1,0,0,0,0,1,1,6,6,1,54,8,2967,2,6,AUDI A8,10,E01023948,0,4