collision_index,collision_year,collision_ref_no,vehicle_reference,vehicle_type,towing_and_articulation,vehicle_manoeuvre_historic,vehicle_manoeuvre,vehicle_direction_from,vehicle_direction_to,vehicle_location_restricted_lane_historic,vehicle_location_restricted_lane,junction_location,skidding_and_overturning,hit_object_in_carriageway,vehicle_leaving_carriageway,hit_object_off_carriageway,first_point_of_impact,vehicle_left_hand_drive,journey_purpose_of_driver_historic,journey_purpose_of_driver,sex_of_driver,age_of_driver,age_band_of_driver,engine_capacity_cc,propulsion_code,age_of_vehicle,generic_make_model,driver_imd_decile,lsoa_of_driver,escooter_flag,driver_distance_banding
2024131458048,2024,131458048,2,9,0,-1,3,3,7,-1,0,2,0,0,0,0,2,1,-1,6,1,66,10,2967,2,9,AUDI A8,2,E01011236,0,2
2024440065048,2024,440065048,5,9,0,4,4,2,6,0,0,0,0,0,0,0,2,1,6,6,1,38,7,2967,2,9,AUDI A8,5,E01017074,0,4
2024010525310,2024,010525310,2,9,0,18,19,7,3,0,0,0,0,0,0,0,0,1,6,6,1,44,7,2967,2,7,AUDI A8,3,E01003538,0,3
2024010531109,2024,010531109,2,9,0,99,99,9,9,99,99,9,9,99,9,99,2,9,6,6,1,-1,-1,2967,2,1,AUDI A8,-1,-1,0,-1
2024010539327,2024,010539327,1,9,0,18,19,1,5,0,0,1,0,0,0,0,1,1,3,7,2,51,8,2967,2,6,AUDI A8,4,E01001499,0,1
2024201431949,2024,201431949,1,9,0,-1,5,5,1,-1,0,1,0,0,0,0,1,9,-1,6,1,41,7,2967,2,11,AUDI A8,3,E01009001,0,1
202460Q129825,2024,60Q129825,1,9,0,17,19,8,4,0,0,0,0,0,1,11,1,1,6,6,1,81,11,2995,1,6,AUDI A8,-1,-1,0,-1
2024161439443,2024,161439443,2,9,0,-1,19,1,5,-1,0,0,0,0,1,0,1,1,-1,1,1,59,9,4134,2,14,AUDI A8,7,E01012987,0,1
2024311509458,2024,311509458,1,9,0,-1,10,5,3,-1,0,1,0,0,0,0,2,1,-1,1,1,45,7,2967,2,10,AUDI A8,-1,-1,0,-1
2024332400835,2024,332400835,2,9,0,-1,9,4,2,-1,0,5,1,0,0,0,2,1,-1,9,1,75,10,2967,2,11,AUDI A8,9,E01025975,0,1
2024430218880,2024,430218880,2,9,0,4,4,4,1,0,0,0,0,0,0,0,2,1,6,6,1,42,7,2967,2,12,AUDI A8,1,E01012865,0,5
2024122400248,2024,122400248,1,9,0,7,7,5,7,0,0,6,0,0,0,0,3,1,6,6,2,75,10,2967,2,8,AUDI A8,5,E01027889,0,2
2024461413033,2024,461413033,2,9,0,-1,9,5,1,-1,0,0,0,0,0,0,3,1,-1,2,2,29,6,2967,2,19,AUDI A8,6,E01016078,0,1
2024991432012,2024,991432012,1,3,0,-1,13,6,1,-1,0,5,0,0,0,0,4,1,-1,9,1,18,4,124,1,8,-1,3,-1,0,1
2024351482999,2024,351482999,1,5,0,-1,19,5,1,-1,0,0,1,0,0,0,3,1,-1,2,1,58,9,1584,1,16,-1,6,E01026284,0,2
2024122500117,2024,122500117,1,5,0,4,4,5,1,0,0,1,0,0,0,0,1,1,6,6,1,41,7,1584,1,16,-1,10,E01027901,0,3
2024351438321,2024,351438321,1,5,0,-1,19,4,8,-1,0,0,0,0,0,0,0,1,-1,6,1,56,9,1585,1,14,-1,7,E01018053,0,3
2024991472211,2024,991472211,2,5,0,-1,5,5,1,-1,0,3,0,0,0,0,1,1,-1,9,1,61,9,1584,1,13,-1,7,-1,0,2
2024471426707,2024,471426707,1,5,0,-1,4,1,5,-1,0,1,0,0,0,0,1,1,-1,6,1,64,9,1584,1,16,-1,3,E01031455,0,3
2024361446169,2024,361446169,2,5,0,-1,19,2,6,-1,0,2,0,0,0,0,1,1,-1,9,1,50,8,1584,1,16,-1,7,E01026883,0,1
2024421473927,2024,421473927,1,3,0,-1,19,3,7,-1,0,1,0,0,0,0,1,1,-1,9,1,18,4,124,1,2,-1,3,E01015987,0,4
2024211488684,2024,211488684,2,5,0,-1,3,2,7,-1,0,1,0,0,0,0,2,1,-1,9,1,61,9,782,1,4,HONDA VFR 800,-1,-1,0,-1
2024501478294,2024,501478294,1,5,0,-1,19,3,7,-1,0,0,0,0,1,2,1,1,-1,2,1,34,6,782,1,10,HONDA VFR 800,2,E01015053,0,2
2024421403583,2024,421403583,2,5,0,-1,5,1,5,-1,0,1,0,0,0,0,2,1,-1,6,1,57,9,782,1,9,HONDA VFR 800,9,E01033614,0,4
2024461521166,2024,461521166,2,5,0,-1,19,7,3,-1,0,8,0,0,0,0,0,1,-1,6,1,62,9,782,1,6,HONDA VFR 800,10,E01024820,0,1
2024010544234,2024,010544234,2,5,0,18,19,7,3,0,0,4,0,0,0,0,2,1,2,2,1,52,8,782,1,8,HONDA VFR 800,-1,-1,0,-1
2024041508847,2024,041508847,1,5,0,-1,19,6,2,-1,0,0,1,0,0,0,4,1,-1,9,1,63,9,782,1,12,HONDA VFR 800,5,E01025508,0,3
2024501503210,2024,501503210,2,5,0,-1,3,5,1,-1,0,8,0,0,0,0,1,1,-1,6,1,54,8,782,1,8,HONDA VFR 800,3,E01019070,0,1
2024010512350,2024,010512350,2,5,0,18,19,3,7,0,0,8,0,0,0,0,3,1,6,6,1,34,6,782,1,7,HONDA VFR 800,3,E01000308,0,2
2024061405990,2024,061405990,2,5,0,-1,19,5,1,-1,0,8,0,0,0,0,1,1,-1,6,1,60,9,782,1,8,HONDA VFR 800,9,E01004968,0,1
2024010526617,2024,010526617,1,5,0,18,19,5,1,0,0,1,0,0,0,0,4,1,6,6,1,57,9,782,1,4,HONDA VFR 800,3,E01024384,0,4
2024461426919,2024,461426919,2,5,0,-1,19,3,8,-1,0,3,0,0,1,0,1,1,-1,6,1,60,9,782,1,13,HONDA VFR 800,6,E01024346,0,2
2024010499209,2024,010499209,1,5,0,4,4,5,1,0,0,4,0,0,0,0,2,1,2,2,1,60,9,782,1,10,HONDA VFR 800,6,E01002335,0,2
2024041435748,2024,041435748,1,5,0,-1,13,3,7,-1,0,0,0,0,1,0,1,1,-1,9,1,64,9,996,1,23,-1,4,E01012693,0,3
2024461448638,2024,461448638,1,9,0,-1,5,5,2,-1,0,3,0,0,0,0,1,1,-1,6,1,78,11,1591,1,12,KIA VENGA,9,E01024269,0,1
2024101479231,2024,101479231,3,9,0,-1,19,5,1,-1,0,0,0,0,0,0,1,2,-1,6,2,54,8,1396,2,13,KIA VENGA,-1,-1,0,-1
202454E288224,2024,54E288224,1,9,0,5,5,4,8,0,0,6,0,0,0,0,1,1,6,6,2,73,10,1396,1,7,KIA VENGA,4,E01035447,0,4
2024320010360,2024,320010360,1,9,0,18,19,2,6,0,0,0,0,0,0,0,4,1,6,6,1,69,10,1591,1,11,KIA VENGA,8,E01032991,0,1
2024430620377,2024,430620377,1,9,0,5,5,8,4,0,0,3,0,0,4,6,0,1,2,2,1,26,6,1591,1,12,KIA VENGA,-1,-1,0,-1
2024991528378,2024,991528378,1,9,0,-1,4,1,5,-1,0,2,0,0,0,0,3,1,-1,2,2,53,8,1396,1,11,KIA VENGA,5,-1,0,1
2024010548950,2024,010548950,1,9,0,2,2,0,0,0,0,0,0,0,0,0,3,1,6,6,3,-1,-1,1591,1,7,KIA VENGA,-1,-1,0,-1
2024311480178,2024,311480178,2,9,0,-1,19,2,6,-1,0,8,0,0,0,0,1,1,-1,6,2,36,7,1396,1,12,KIA VENGA,2,E01013836,0,1
2024440511992,2024,440511992,1,9,0,18,19,5,1,0,0,0,0,4,0,0,1,1,6,6,2,39,7,1396,1,13,KIA VENGA,7,E01023071,0,2
2024430436150,2024,430436150,1,9,0,1,1,9,9,0,0,0,0,0,0,0,2,1,6,6,3,-1,-1,1396,2,10,KIA VENGA,-1,-1,0,-1
2024461465509,2024,461465509,2,9,0,-1,2,0,0,-1,0,0,0,0,0,0,3,1,-1,6,1,21,5,1591,1,9,KIA VENGA,9,E01024829,0,1
2024010512442,2024,010512442,2,9,0,99,99,9,9,99,99,0,9,99,9,99,9,9,6,6,3,-1,-1,1591,1,11,KIA VENGA,-1,-1,0,-1
2024211507856,2024,211507856,2,9,0,-1,19,1,5,-1,0,0,0,0,0,0,3,1,-1,9,1,35,6,1396,2,14,KIA VENGA,1,E01014305,0,3
2024421535136,2024,421535136,2,9,0,-1,19,7,2,-1,0,2,0,0,0,0,1,1,-1,9,1,43,7,1591,1,9,KIA VENGA,4,E01021863,0,1
2024320348252,2024,320348252,2,9,0,2,2,0,0,0,0,2,0,0,0,0,2,1,6,6,1,19,4,1396,2,13,KIA VENGA,8,E01034700,0,3
2024211521678,2024,211521678,2,9,0,-1,19,1,5,-1,0,0,0,0,0,0,1,1,-1,6,1,77,11,1591,1,5,KIA VENGA,-1,-1,0,-1
2024440378637,2024,440378637,1,9,0,18,19,7,3,0,0,0,0,4,0,0,1,1,1,1,1,46,8,1396,1,10,KIA VENGA,5,E01017028,0,1
2024471499222,2024,471499222,2,9,0,-1,9,7,4,-1,0,1,0,0,0,0,4,9,-1,6,1,28,6,1591,1,10,KIA VENGA,3,E01016854,0,1
2024311548010,2024,311548010,1,9,0,-1,19,5,1,-1,0,1,0,0,0,0,1,1,-1,9,2,86,11,1582,2,8,KIA VENGA,7,E01028353,0,1
2024531405651,2024,531405651,2,9,0,-1,19,5,1,-1,0,8,0,0,0,0,1,1,-1,9,1,81,11,1396,2,12,KIA VENGA,2,E01022332,0,1
2024070033124,2024,070033124,3,9,0,18,19,7,3,0,0,1,0,0,0,0,3,1,6,6,1,58,9,1396,2,13,KIA VENGA,6,E01018373,0,3
2024010501045,2024,010501045,1,9,0,18,19,5,1,0,0,6,0,0,0,0,1,1,6,6,2,57,9,1591,1,10,KIA VENGA,3,E01000385,0,2
2024311537162,2024,311537162,2,9,0,-1,19,5,1,-1,0,0,0,0,0,0,1,1,-1,6,2,54,8,1396,1,12,KIA VENGA,-1,-1,0,-1
2024122400098,2024,122400098,2,9,0,18,19,1,5,0,0,8,0,0,0,0,1,1,1,1,2,18,4,1396,1,11,KIA VENGA,5,E01012164,0,4
2024320063451,2024,320063451,3,9,0,10,10,2,8,0,0,2,0,0,0,0,1,1,6,6,1,61,9,1396,1,12,KIA VENGA,5,E01034691,0,2
2024440238899,2024,440238899,2,9,0,13,13,5,1,0,0,0,0,0,0,0,4,1,6,6,1,69,10,1396,2,10,KIA VENGA,3,E01017364,0,1
2024461482725,2024,461482725,3,9,0,-1,2,0,0,-1,9,0,0,0,0,0,2,1,-1,6,1,79,11,1591,1,9,KIA VENGA,10,E01016085,0,1
2024401509409,2024,401509409,1,9,0,-1,19,2,6,-1,0,1,0,0,0,0,1,1,-1,1,1,58,9,1591,1,11,KIA VENGA,9,E01017590,0,1
2024010498870,2024,010498870,2,9,0,99,99,9,9,99,99,9,9,99,9,99,1,9,6,6,3,-1,-1,1396,1,9,KIA VENGA,-1,-1,0,-1
2024471467568,2024,471467568,1,9,0,-1,5,3,1,-1,-1,6,0,0,0,0,1,1,-1,9,1,77,11,1591,1,7,KIA VENGA,4,E01031386,0,1
2024461531987,2024,461531987,1,9,0,-1,9,3,1,-1,0,6,0,0,0,0,3,1,-1,9,2,83,11,1591,1,9,KIA VENGA,6,E01024540,0,2
2024471414943,2024,471414943,1,9,0,-1,19,-1,-1,-1,0,1,0,0,0,0,1,1,-1,7,2,51,8,1591,1,9,KIA VENGA,6,E01031402,0,1
2024430614837,2024,430614837,1,9,0,18,19,1,5,0,0,0,0,0,0,0,4,1,6,6,2,79,11,1396,1,12,KIA VENGA,8,E01017766,0,2
2024411399078,2024,411399078,1,9,0,-1,19,5,1,-1,0,0,2,11,1,10,1,9,-1,9,2,50,8,1591,1,6,KIA VENGA,10,E01023489,0,4
2024010550900,2024,010550900,2,9,0,99,99,9,9,99,99,9,9,99,9,99,2,9,6,6,3,-1,-1,1591,1,7,KIA VENGA,-1,-1,0,-1
2024501406715,2024,501406715,1,9,0,-1,19,6,3,-1,0,4,0,0,0,0,3,1,-1,2,2,36,7,1591,1,9,KIA VENGA,4,E01018944,0,1
2024061507200,2024,061507200,1,9,0,-1,19,6,2,-1,0,0,0,0,0,0,1,9,-1,6,1,84,11,1591,1,9,KIA VENGA,5,E01006055,0,1
2024320645997,2024,320645997,1,9,0,-1,-1,3,7,0,0,0,0,0,0,0,1,1,6,6,2,52,8,1396,1,7,KIA VENGA,8,E01026202,0,3
2024010511814,2024,010511814,2,9,0,99,99,9,9,99,99,9,9,99,9,99,9,9,6,6,2,-1,-1,1396,1,14,KIA VENGA,4,E01004752,0,1
2024430000857,2024,430000857,1,9,0,9,9,8,5,0,0,6,0,0,0,0,1,1,6,6,1,-1,-1,1396,2,10,KIA VENGA,2,E01028449,0,1
2024122401066,2024,122401066,2,9,0,18,19,3,7,0,0,1,0,0,0,0,1,1,6,6,2,88,11,1582,2,5,KIA VENGA,7,E01027781,0,2
2024471461214,2024,471461214,1,9,0,-1,10,5,7,-1,0,8,0,0,0,0,2,1,-1,7,2,40,7,1591,1,9,KIA VENGA,8,E01031812,0,1
2024471473193,2024,471473193,2,9,0,-1,19,1,5,-1,0,0,2,0,1,4,2,1,-1,6,2,74,10,1591,1,7,KIA VENGA,5,E01028456,0,5
2024211531998,2024,211531998,1,9,0,-1,7,7,8,-1,9,1,0,10,3,2,3,1,-1,9,2,87,11,1396,1,14,KIA VENGA,2,E01014276,0,1
2024471472161,2024,471472161,1,9,0,-1,19,6,2,-1,0,1,0,0,0,0,1,1,-1,6,3,-1,-1,1396,1,13,KIA VENGA,-1,-1,0,-1
202454B670724,2024,54B670724,2,9,0,18,19,6,2,0,0,0,0,0,0,0,1,1,2,2,2,61,9,1591,1,10,KIA VENGA,8,E01034524,0,3
2024501470035,2024,501470035,2,9,0,-1,2,0,0,-1,0,0,0,0,0,0,4,1,-1,6,-1,-1,-1,1582,2,7,KIA VENGA,-1,-1,0,-1
2024440331227,2024,440331227,2,9,0,18,19,3,7,0,0,0,0,0,0,0,1,1,6,6,2,28,6,1591,1,9,KIA VENGA,8,E01022952,0,2
2024471397742,2024,471397742,3,9,0,-1,19,3,7,-1,0,1,0,0,0,0,2,1,-1,9,1,53,8,1591,1,8,KIA VENGA,3,E01031455,0,1
2024221488870,2024,221488870,1,9,0,-1,19,7,3,-1,0,2,0,0,0,0,1,1,-1,6,2,55,8,1396,1,8,KIA VENGA,3,E01032131,0,1
2024552500073,2024,552500073,2,9,0,18,19,6,2,0,0,8,0,0,0,0,4,1,6,6,2,26,6,1591,1,7,KIA VENGA,10,E01015398,0,2
2024340NN3562,2024,340NN3562,1,9,0,-1,19,5,2,-1,0,0,0,0,0,0,4,1,-1,9,1,38,7,1591,1,6,KIA VENGA,1,E01026965,0,1
2024131524275,2024,131524275,1,9,0,-1,19,7,3,-1,9,2,0,0,0,0,1,1,-1,9,-1,84,11,1591,1,12,KIA VENGA,1,E01010872,0,1
2024421502848,2024,421502848,2,9,0,-1,2,0,0,-1,0,0,0,0,0,0,2,1,-1,6,-1,-1,-1,1591,1,12,KIA VENGA,-1,-1,0,-1
2024010544772,2024,010544772,3,9,0,18,19,7,3,1,1,1,0,0,0,0,3,1,6,6,2,68,10,1591,1,11,KIA VENGA,6,E01001471,0,1
202460Q054534,2024,60Q054534,2,9,0,18,19,2,5,0,0,0,0,0,0,0,1,1,6,6,1,20,4,1591,1,7,KIA VENGA,-1,-1,0,-1
2024201475878,2024,201475878,1,9,0,-1,5,5,3,-1,0,4,0,10,1,1,3,1,-1,6,2,29,6,1591,1,11,KIA VENGA,1,E01008907,0,1
2024161472453,2024,161472453,1,9,0,-1,19,7,3,-1,0,1,0,0,0,0,1,1,-1,2,1,41,7,1396,2,11,KIA VENGA,8,E01013104,0,1
2024440200370,2024,440200370,1,9,0,18,19,8,4,0,0,0,0,0,0,0,1,1,6,6,2,76,11,1396,1,9,KIA VENGA,8,E01022780,0,1
2024052402688,2024,052402688,1,9,0,1,1,5,1,0,0,0,0,0,0,0,1,1,6,6,2,83,11,1591,1,7,KIA VENGA,7,E01007135,0,1
2024522401408,2024,522401408,1,9,0,3,3,4,8,0,0,2,0,0,0,0,2,1,6,6,2,61,9,1591,1,7,KIA VENGA,2,E01014526,0,1
2024351513050,2024,351513050,1,9,0,-1,19,7,3,-1,0,0,0,10,1,4,1,1,-1,6,1,63,9,1591,1,5,KIA VENGA,4,E01000112,0,5
2024440087357,2024,440087357,1,9,0,16,19,8,3,0,0,1,0,10,0,0,4,1,6,6,2,74,10,1591,1,7,KIA VENGA,2,E01017116,0,1
2024991451277,2024,991451277,1,9,0,-1,5,1,7,-1,0,4,0,0,0,0,1,1,-1,6,2,72,10,1591,1,12,KIA VENGA,-1,-1,0,-1
2024122401025,2024,122401025,1,9,0,7,7,5,7,0,0,1,0,0,0,0,3,1,6,6,1,68,10,1591,1,8,KIA VENGA,10,E01013402,0,1
2024471447185,2024,471447185,1,9,0,-1,19,8,4,-1,0,1,0,0,0,0,1,1,-1,2,2,58,9,1591,1,9,KIA VENGA,10,E01031774,0,3
2024552400633,2024,552400633,2,9,0,18,19,8,4,0,0,0,0,0,0,0,1,1,6,6,2,82,11,1591,1,12,KIA VENGA,9,E01032035,0,2
2024471484667,2024,471484667,1,9,0,-1,9,7,5,-1,0,8,0,0,0,0,1,1,-1,9,1,78,11,1591,1,8,KIA VENGA,3,E01031459,0,2
2024101446546,2024,101446546,1,9,-1,-1,19,7,3,-1,0,4,0,0,0,0,1,9,-1,6,3,-1,-1,1396,2,14,KIA VENGA,-1,-1,0,-1
2024340NN1432,2024,340NN1432,2,9,0,-1,19,4,8,-1,0,1,5,0,0,0,1,1,-1,2,2,56,9,1582,2,9,KIA VENGA,2,E01026963,0,1
2024122401314,2024,122401314,2,9,0,18,19,1,5,0,0,0,0,0,1,0,1,1,6,6,1,58,9,1396,2,10,KIA VENGA,7,E01027033,0,5
2024221528920,2024,221528920,2,9,0,-1,19,5,1,-1,0,8,1,10,7,0,3,1,-1,6,1,19,4,1396,1,13,KIA VENGA,5,E01035068,0,1
2024411463913,2024,411463913,1,9,0,-1,19,1,3,-1,0,1,0,0,0,0,4,9,-1,9,1,-1,-1,1591,1,9,KIA VENGA,9,E01023896,0,1
2024311470406,2024,311470406,1,9,0,-1,4,7,3,-1,0,0,0,0,0,0,2,1,-1,9,2,58,9,1396,1,10,KIA VENGA,-1,-1,0,-1
2024552400278,2024,552400278,1,9,0,5,5,1,5,9,9,6,0,4,3,11,1,1,6,6,2,96,11,1591,1,7,KIA VENGA,6,E01020440,0,2
2024320708129,2024,320708129,3,9,0,2,2,0,0,0,0,2,0,0,0,0,2,1,6,6,3,-1,-1,1582,2,10,KIA VENGA,-1,-1,0,-1
2024131525099,2024,131525099,1,9,0,-1,9,3,1,-1,0,8,0,0,0,0,1,1,-1,9,1,40,7,1396,2,13,KIA VENGA,2,E01011157,0,1
2024131520058,2024,131520058,2,9,0,-1,5,6,2,-1,0,4,0,0,0,0,1,1,-1,9,2,82,11,1582,2,7,KIA VENGA,7,E01011603,0,1
2024401435898,2024,401435898,2,9,0,-1,-1,-1,-1,-1,-1,0,-1,-1,-1,0,3,1,-1,2,2,31,6,1591,1,5,KIA VENGA,10,E01023368,0,3
2024440022005,2024,440022005,1,9,0,18,19,8,5,0,0,0,5,4,0,0,1,1,6,6,1,88,11,1396,1,11,KIA VENGA,7,E01017361,0,1
2024010523672,2024,010523672,1,9,0,9,9,5,4,0,0,4,0,0,0,0,1,1,2,2,1,63,9,1591,1,8,KIA VENGA,4,E01001216,0,1
2024991468289,2024,991468289,1,9,0,-1,19,7,3,-1,0,0,1,0,7,0,1,1,-1,2,2,43,7,1396,1,11,KIA VENGA,6,-1,0,2
2024052401718,2024,052401718,2,9,0,18,19,1,5,0,0,8,0,0,0,0,1,1,2,2,2,68,10,1582,2,5,KIA VENGA,3,E01006925,0,1
2024991458798,2024,991458798,2,9,0,-1,9,5,1,-1,0,8,1,0,0,0,1,1,-1,9,2,88,11,1396,1,8,KIA VENGA,8,-1,0,4
2024631417265,2024,631417265,2,9,0,-1,19,5,2,-1,0,8,0,0,0,0,4,1,-1,9,1,79,11,1591,1,13,KIA VENGA,5,W01000602,0,1
2024311445485,2024,311445485,1,9,0,-1,20,3,7,-1,0,0,0,0,0,0,1,9,-1,6,2,52,8,1591,1,10,KIA VENGA,-1,-1,0,-1
202417S202224,2024,17S202224,1,9,0,10,10,8,4,0,0,1,0,0,0,0,2,1,6,6,2,30,6,1396,2,13,KIA VENGA,4,E01033467,0,3
2024201504051,2024,201504051,1,9,0,-1,19,4,8,-1,0,0,0,0,0,0,1,9,-1,6,3,30,6,1396,1,12,KIA VENGA,-1,-1,0,-1
2024122401271,2024,122401271,1,9,0,18,19,3,7,0,0,0,0,0,0,0,1,1,6,6,1,89,11,1591,1,7,KIA VENGA,6,E01027775,0,1
2024332400822,2024,332400822,1,9,0,-1,19,4,8,-1,0,0,0,0,0,0,3,1,-1,2,2,31,6,1396,1,11,KIA VENGA,9,E01026000,0,1
2024311406968,2024,311406968,1,9,0,-1,19,7,3,-1,0,0,0,0,0,0,1,1,-1,9,1,67,10,1591,1,13,KIA VENGA,5,E01028250,0,1
2024031529383,2024,031529383,1,9,0,-1,19,2,6,-1,0,0,0,0,0,0,1,1,-1,9,2,51,8,1591,1,9,KIA VENGA,-1,-1,0,-1
2024991528689,2024,991528689,3,9,0,-1,19,2,6,-1,0,1,0,0,0,0,2,1,-1,1,2,34,6,1396,2,10,KIA VENGA,8,-1,0,3
2024141529799,2024,141529799,1,9,0,-1,3,1,5,-1,0,4,0,0,0,0,2,1,-1,9,1,36,7,1396,1,12,KIA VENGA,1,E01007902,0,1
2024211521360,2024,211521360,1,9,0,-1,19,7,3,-1,0,0,0,0,0,0,3,1,-1,1,1,33,6,1396,1,14,KIA VENGA,1,E01014210,0,1
2024351463874,2024,351463874,1,9,0,-1,19,3,7,-1,0,8,0,0,0,0,-1,1,-1,6,2,71,10,1396,1,8,KIA VENGA,10,E01018282,0,2
2024041484329,2024,041484329,1,9,0,-1,11,3,8,-1,-1,0,0,0,0,0,4,1,-1,9,1,76,11,1396,1,11,KIA VENGA,1,E01024909,0,1
2024371423097,2024,371423097,2,9,0,-1,19,5,8,-1,0,0,0,0,0,0,4,1,-1,9,2,76,11,1591,1,13,KIA VENGA,8,E01029885,0,2
2024501398241,2024,501398241,2,9,0,-1,4,4,3,-1,0,1,0,0,0,0,4,9,-1,9,2,47,8,1396,2,9,KIA VENGA,10,E01020004,0,3
2024543015824,2024,543015824,2,9,0,18,19,4,8,0,0,1,0,0,0,0,1,1,6,6,2,73,10,1591,1,6,KIA VENGA,2,E01032064,0,1
2024411461186,2024,411461186,2,9,-1,-1,19,-1,-1,-1,0,0,0,-1,-1,0,1,1,-1,2,2,45,7,1582,2,12,KIA VENGA,7,E01023623,0,1
2024141445080,2024,141445080,2,9,0,-1,19,5,1,-1,0,1,0,0,0,0,1,1,-1,1,2,53,8,1396,2,13,KIA VENGA,5,E01019433,0,4
2024421399043,2024,421399043,2,9,0,-1,4,1,5,-1,0,1,0,10,1,0,2,9,-1,2,1,35,6,1396,1,13,KIA VENGA,5,E01021732,0,2
2024471495558,2024,471495558,3,9,0,-1,19,3,7,-1,0,0,0,0,0,0,0,1,-1,6,1,53,8,1591,1,8,KIA VENGA,6,E01031712,0,2
2024421521271,2024,421521271,2,9,0,-1,9,2,6,-1,0,0,0,99,0,0,4,1,-1,6,2,44,7,1396,1,11,KIA VENGA,5,E01021854,0,1
2024010511031,2024,010511031,1,9,0,99,99,9,9,99,99,9,9,99,9,99,3,1,2,2,2,63,9,1591,1,11,KIA VENGA,2,E01000018,0,1
2024131430422,2024,131430422,1,9,0,-1,1,3,8,-1,0,5,0,11,1,10,2,1,-1,9,2,79,11,1591,1,11,KIA VENGA,2,E01010912,0,1
2024131403502,2024,131403502,1,9,0,-1,10,7,3,-1,0,1,0,0,0,0,2,1,-1,9,1,19,4,1591,1,12,KIA VENGA,-1,-1,0,-1
2024471494864,2024,471494864,1,9,0,-1,19,7,3,-1,0,0,2,0,1,3,2,1,-1,2,2,49,8,1591,1,14,KIA VENGA,4,E01024831,0,2
2024010548320,2024,010548320,1,9,0,5,5,1,5,0,0,6,0,0,0,0,1,1,6,6,1,61,9,1591,1,13,KIA VENGA,3,E01001637,0,1
2024052401447,2024,052401447,2,9,0,2,2,0,0,0,0,0,0,0,0,0,2,1,6,6,3,-1,-1,1396,2,13,KIA VENGA,-1,-1,0,-1
2024991402253,2024,991402253,1,9,0,-1,11,2,7,-1,0,8,2,0,1,0,1,1,-1,9,2,67,10,1591,1,5,KIA VENGA,6,-1,0,4
2024631453409,2024,631453409,1,9,0,-1,19,1,5,-1,0,8,0,0,3,11,1,1,-1,9,2,87,11,1591,1,5,KIA VENGA,5,W01000566,0,1
2024520401542,2024,520401542,1,9,0,18,19,6,1,0,0,8,0,0,0,0,1,1,6,6,1,79,11,1591,1,6,KIA VENGA,8,E01029142,0,1
202460Q126940,2024,60Q126940,1,9,0,8,8,5,7,0,0,1,0,0,0,0,1,1,6,6,1,78,11,1591,1,10,KIA VENGA,-1,-1,0,-1
2024991479054,2024,991479054,1,9,0,-1,1,1,5,-1,0,0,0,0,0,0,2,1,-1,9,1,57,9,1591,1,8,KIA VENGA,6,E01003946,0,5
2024440255105,2024,440255105,1,3,0,4,4,5,1,0,0,0,1,0,0,0,0,1,2,2,1,18,4,125,1,6,-1,9,E01030795,0,2
2024141446770,2024,141446770,1,3,0,-1,9,5,3,-1,0,4,0,0,0,0,1,1,-1,2,1,37,7,125,1,7,-1,1,E01007500,0,2
2024501474930,2024,501474930,1,3,0,-1,15,3,7,-1,0,0,0,0,0,0,1,1,-1,9,1,17,4,125,1,8,KTM RC 125,2,E01019053,0,2
2024622400343,2024,622400343,1,3,0,17,19,2,6,0,0,0,1,10,1,0,1,1,2,2,1,37,7,125,1,5,KTM RC 125,3,W01000978,0,1
2024520401211,2024,520401211,1,4,0,18,19,5,1,0,0,0,0,4,0,0,1,1,6,6,2,17,4,125,1,8,KTM RC 125,10,E01029128,0,1
2024440553270,2024,440553270,1,3,0,7,7,5,1,0,0,4,0,0,0,0,2,1,6,6,1,17,4,125,1,4,KTM RC 125,6,E01022701,0,3
2024332400711,2024,332400711,1,3,0,-1,13,4,8,-1,0,8,1,0,0,0,4,1,-1,6,1,28,6,125,1,8,KTM RC 125,9,E01025640,0,1
2024531469458,2024,531469458,2,3,0,-1,13,5,1,-1,0,8,0,0,7,11,4,1,-1,6,1,36,7,125,1,0,KTM RC 125,4,E01022325,0,2
2024501451315,2024,501451315,1,4,0,-1,19,4,8,-1,0,0,0,0,1,9,1,1,-1,7,1,17,4,125,1,0,KTM RC 125,5,E01020332,0,2
2024361526289,2024,361526289,2,3,0,-1,19,5,5,-1,0,0,0,0,0,0,1,1,-1,6,1,19,4,125,1,7,KTM RC 125,3,E01026792,0,1
2024430570944,2024,430570944,2,3,0,18,19,3,7,0,0,8,0,0,0,0,1,1,6,6,1,18,4,125,1,6,KTM RC 125,8,E01028806,0,1
2024548529624,2024,548529624,1,3,0,9,9,0,4,0,0,6,0,0,0,0,3,1,6,6,1,27,6,125,1,0,KTM RC 125,5,E01032065,0,1
2024991474528,2024,991474528,2,3,0,-1,19,8,4,-1,0,1,0,0,0,0,1,1,-1,9,1,21,5,125,1,9,KTM RC 125,1,-1,0,2