collision_index,collision_year,collision_ref_no,vehicle_reference,vehicle_type,towing_and_articulation,vehicle_manoeuvre_historic,vehicle_manoeuvre,vehicle_direction_from,vehicle_direction_to,vehicle_location_restricted_lane_historic,vehicle_location_restricted_lane,junction_location,skidding_and_overturning,hit_object_in_carriageway,vehicle_leaving_carriageway,hit_object_off_carriageway,first_point_of_impact,vehicle_left_hand_drive,journey_purpose_of_driver_historic,journey_purpose_of_driver,sex_of_driver,age_of_driver,age_band_of_driver,engine_capacity_cc,propulsion_code,age_of_vehicle,generic_make_model,driver_imd_decile,lsoa_of_driver,escooter_flag,driver_distance_banding
2024052402258,2024,052402258,2,3,0,18,19,5,1,0,0,8,0,0,0,0,4,1,6,6,1,31,6,125,1,1,KTM RC 125,1,E01006637,0,2
2024552400849,2024,552400849,2,3,0,4,4,8,4,0,0,8,0,0,0,0,1,1,2,2,1,17,4,125,1,5,KTM RC 125,3,E01015306,0,1
202460Q032729,2024,60Q032729,1,4,0,7,7,2,4,0,0,2,0,0,0,0,1,1,6,6,2,21,5,125,1,8,KTM RC 125,-1,-1,0,-1
2024991512390,2024,991512390,2,3,0,-1,19,1,5,-1,0,0,0,0,0,0,4,1,-1,9,1,23,5,125,1,1,KTM RC 125,9,-1,0,2
2024991492467,2024,991492467,1,3,0,-1,13,2,6,-1,0,0,0,0,7,11,4,1,-1,2,1,17,4,125,1,0,KTM RC 125,9,-1,0,1
2024361442603,2024,361442603,1,3,0,-1,19,3,3,-1,0,1,0,0,0,0,1,1,-1,2,1,17,4,125,1,8,KTM RC 125,6,E01026565,0,1
2024052401667,2024,052401667,2,3,0,18,19,3,7,0,0,8,1,0,1,0,1,1,6,6,1,30,6,125,1,1,KTM RC 125,1,E01006637,0,1
2024520403218,2024,520403218,1,3,0,14,14,6,2,0,0,8,0,0,0,0,1,1,6,6,1,61,9,125,1,1,KTM RC 125,10,E01014424,0,1
2024111515024,2024,111515024,1,4,0,-1,13,5,1,-1,0,0,0,0,1,0,1,1,-1,9,1,20,4,125,1,4,KTM RC 125,5,E01020864,0,1
2024461513751,2024,461513751,2,4,0,-1,4,1,5,-1,0,1,0,0,0,0,3,1,-1,7,1,17,4,125,1,0,KTM RC 125,3,E01032830,0,1
2024371401177,2024,371401177,1,3,0,-1,19,4,8,-1,0,1,1,10,0,0,1,1,-1,9,1,17,4,125,1,1,KTM RC 125,2,E01030168,0,1
2024461470567,2024,461470567,1,3,0,-1,-1,-1,-1,-1,-1,0,5,-1,-1,0,-1,1,-1,6,1,-1,-1,125,1,6,KTM RC 125,8,E01032816,0,1
2024052400548,2024,052400548,2,4,0,18,19,7,3,0,0,0,0,0,0,0,3,1,6,6,1,17,4,125,1,0,KTM RC 125,5,E01006804,0,1
2024471508137,2024,471508137,2,3,0,-1,14,8,4,-1,0,0,1,0,0,0,4,1,-1,6,1,47,8,125,1,1,KTM RC 125,5,E01021100,0,4
2024401517691,2024,401517691,1,4,0,-1,7,3,7,-1,0,5,5,0,0,0,1,1,-1,6,1,45,7,125,1,0,KTM RC 125,4,E01017538,0,1
202454E247624,2024,54E247624,1,3,0,18,19,4,8,0,0,1,0,0,0,0,1,1,2,2,1,23,5,125,1,1,KTM RC 125,9,E01031858,0,1
2024631403603,2024,631403603,1,3,0,-1,19,4,8,-1,0,0,1,0,1,4,4,1,-1,9,1,17,4,125,1,1,KTM RC 125,7,E01028988,0,4
2024501461083,2024,501461083,2,3,0,-1,19,1,5,-1,0,2,0,0,0,0,2,1,-1,6,1,32,6,125,1,5,KTM RC 125,1,E01018910,0,1
2024311453908,2024,311453908,2,4,0,-1,5,4,2,-1,0,0,0,0,0,0,1,1,-1,6,1,21,5,125,1,1,KTM RC 125,10,E01028084,0,1
2024070072239,2024,070072239,1,3,0,18,19,1,5,0,0,0,0,0,0,0,0,1,6,6,2,18,4,125,1,6,KTM RC 125,10,E01018643,0,1
2024320612162,2024,320612162,1,3,0,13,13,4,8,0,0,8,2,0,1,10,1,1,6,6,1,19,4,125,1,9,KTM RC 125,9,E01013172,0,2
2024552401248,2024,552401248,2,4,0,14,14,2,6,0,0,8,0,0,0,0,1,1,6,6,1,32,6,125,1,6,KTM RC 125,3,E01023018,0,4
2024371414456,2024,371414456,2,3,0,-1,19,1,5,-1,0,8,0,0,0,0,3,1,-1,9,1,20,4,125,1,1,KTM RC 125,5,E01033127,0,1
2024302400227,2024,302400227,1,4,0,17,19,6,4,0,0,8,0,0,7,1,1,1,2,2,1,28,6,125,1,6,KTM RC 125,3,E01019492,0,2
202454C036224,2024,54C036224,1,3,0,4,4,5,1,0,0,0,0,0,0,0,1,1,6,6,1,18,4,125,1,8,KTM RC 125,9,E01015586,0,2
2024421497729,2024,421497729,2,3,0,-1,19,7,3,-1,0,0,0,0,0,0,1,1,-1,6,1,19,4,125,1,7,KTM RC 125,6,E01021595,0,2
2024101458193,2024,101458193,3,3,0,-1,19,7,3,-1,0,0,0,0,0,0,3,1,-1,9,1,18,4,125,1,0,KTM RC 125,3,E01008567,0,4
2024361505327,2024,361505327,1,3,0,-1,19,8,4,-1,0,0,0,0,0,0,1,1,-1,6,1,18,4,125,1,8,KTM RC 125,6,E01026605,0,2
2024471514119,2024,471514119,2,9,0,-1,19,1,5,-1,0,0,0,0,0,0,2,1,-1,9,1,34,6,2993,2,5,LAND ROVER DISCOVERY,9,E01031625,0,2
2024547961824,2024,547961824,3,9,0,4,4,1,5,0,0,1,0,0,0,0,2,1,6,6,2,55,8,1999,2,8,LAND ROVER DISCOVERY,6,E01028503,0,4
2024461525516,2024,461525516,1,9,0,-1,19,2,8,-1,9,6,1,0,1,0,1,1,-1,1,1,37,7,2720,2,19,LAND ROVER DISCOVERY,9,E01024376,0,1
2024201485084,2024,201485084,1,9,0,-1,19,7,3,-1,0,1,0,0,0,0,1,1,-1,6,1,62,9,2993,2,12,LAND ROVER DISCOVERY,4,E01010006,0,1
2024320323199,2024,320323199,3,9,0,-1,-1,2,6,0,0,0,0,0,0,0,3,1,-1,-1,1,63,9,1999,2,7,LAND ROVER DISCOVERY,9,E01023016,0,5
2024991556996,2024,991556996,1,9,0,-1,9,1,7,-1,9,2,1,11,1,2,1,1,-1,6,1,27,6,2993,2,14,LAND ROVER DISCOVERY,2,-1,0,1
2024631467687,2024,631467687,1,9,0,-1,9,7,4,-1,0,6,0,0,0,0,1,1,-1,9,1,57,9,1999,2,8,LAND ROVER DISCOVERY,7,W01000579,0,2
2024340NN9132,2024,340NN9132,1,9,0,-1,19,5,1,-1,0,0,0,0,0,0,1,1,-1,9,1,35,6,1999,2,9,LAND ROVER DISCOVERY,9,E01027042,0,1
2024141440537,2024,141440537,1,9,0,-1,7,7,1,-1,0,6,0,0,0,0,4,1,-1,9,2,42,7,2993,2,7,LAND ROVER DISCOVERY,3,E01007433,0,1
2024461440575,2024,461440575,2,9,0,-1,10,2,4,-1,0,1,0,0,0,0,2,9,-1,9,2,43,7,1498,8,1,LAND ROVER DISCOVERY,7,E01016093,0,2
2024131513057,2024,131513057,1,9,0,-1,5,1,5,-1,0,6,0,0,0,0,1,1,-1,9,2,34,6,1999,2,6,LAND ROVER DISCOVERY,1,E01010850,0,1
2024161498389,2024,161498389,2,9,0,-1,19,8,4,-1,0,1,0,0,0,0,1,1,-1,9,1,28,6,2720,2,19,LAND ROVER DISCOVERY,1,E01012834,0,1
2024991467737,2024,991467737,3,9,0,-1,19,7,3,-1,0,2,0,0,0,0,1,1,-1,9,1,61,9,1999,2,7,LAND ROVER DISCOVERY,5,-1,0,3
2024501474753,2024,501474753,1,9,0,-1,19,3,7,-1,0,0,5,0,0,0,1,1,-1,9,2,70,10,3947,1,28,LAND ROVER DISCOVERY,7,E01034937,0,5
2024440265515,2024,440265515,2,9,0,18,19,2,6,0,0,1,0,0,0,0,1,1,6,6,2,33,6,2997,2,3,LAND ROVER DISCOVERY,5,E01022640,0,2
2024101436000,2024,101436000,1,9,0,-1,13,4,8,-1,0,8,0,0,0,0,1,1,-1,9,1,32,6,1999,2,6,LAND ROVER DISCOVERY,5,-1,0,5
2024991497468,2024,991497468,1,9,0,-1,9,1,7,-1,0,8,0,0,0,0,1,1,-1,9,1,54,8,1998,2,3,LAND ROVER DISCOVERY,3,-1,0,3
2024461470057,2024,461470057,1,9,0,-1,9,5,3,-1,0,6,0,0,0,0,3,1,-1,9,1,88,11,2495,2,22,LAND ROVER DISCOVERY,9,E01024085,0,1
2024010545690,2024,010545690,2,9,0,99,99,9,9,99,99,9,9,99,9,99,1,9,6,6,3,-1,-1,2179,2,9,LAND ROVER DISCOVERY,-1,-1,0,-1
2024430592443,2024,430592443,1,9,0,18,19,5,1,0,0,0,0,0,0,0,1,1,6,6,2,35,6,1999,2,8,LAND ROVER DISCOVERY,3,E01023757,0,4
2024111402732,2024,111402732,1,9,0,-1,19,3,7,-1,0,1,0,0,0,0,4,1,-1,9,1,36,7,2179,2,9,LAND ROVER DISCOVERY,2,E01020672,0,1
2024520401885,2024,520401885,2,9,0,17,19,6,2,0,0,0,0,0,0,0,1,1,6,6,1,25,5,2495,2,27,LAND ROVER DISCOVERY,4,E01035117,0,3
2024340WN0302,2024,340WN0302,2,9,0,-1,19,2,6,-1,0,0,0,0,0,0,2,1,-1,6,2,44,7,1999,2,7,LAND ROVER DISCOVERY,7,E01026351,0,4
2024421501858,2024,421501858,2,9,0,-1,19,4,8,-1,0,0,0,0,0,0,3,9,-1,9,1,41,7,1999,2,7,LAND ROVER DISCOVERY,7,E01021655,0,1
2024041524599,2024,041524599,1,9,0,-1,13,3,7,-1,0,8,0,0,0,0,4,1,-1,9,1,21,5,2495,2,21,LAND ROVER DISCOVERY,1,E01025238,0,3
2024131418597,2024,131418597,2,9,0,-1,9,1,7,-1,0,1,0,0,0,0,3,1,-1,6,1,39,7,1999,2,8,LAND ROVER DISCOVERY,3,E01010601,0,1
2024461492572,2024,461492572,1,9,0,-1,19,5,1,-1,0,1,0,0,0,0,1,1,-1,6,2,29,6,2993,2,9,LAND ROVER DISCOVERY,4,E01024377,0,1
2024430165166,2024,430165166,1,9,0,18,19,5,1,0,0,3,0,0,0,0,1,1,6,6,1,55,8,2720,2,18,LAND ROVER DISCOVERY,-1,-1,0,-1
2024520402892,2024,520402892,1,9,0,9,9,5,3,0,0,8,0,0,0,0,3,1,6,6,2,50,8,2993,2,14,LAND ROVER DISCOVERY,9,E01029022,0,1
2024501429288,2024,501429288,2,9,0,-1,19,1,5,-1,0,0,1,0,4,6,1,1,-1,9,1,44,7,2720,2,20,LAND ROVER DISCOVERY,5,E01020195,0,3
2024111503856,2024,111503856,2,9,0,-1,3,5,1,-1,0,1,0,0,0,0,2,1,-1,6,1,41,7,1998,2,0,LAND ROVER DISCOVERY,7,E01020601,0,1
2024451521895,2024,451521895,1,9,0,-1,19,5,1,-1,0,0,0,0,7,11,1,1,-1,6,1,29,6,2993,2,4,LAND ROVER DISCOVERY,9,E01030782,0,2
2024451524421,2024,451524421,2,9,0,-1,9,-1,-1,-1,-1,7,0,0,0,0,1,1,-1,6,2,-1,-1,2997,2,3,LAND ROVER DISCOVERY,9,E01031001,0,1
2024991483528,2024,991483528,1,9,0,-1,19,1,5,-1,0,0,0,0,0,0,1,1,-1,9,2,35,6,1999,2,5,LAND ROVER DISCOVERY,4,-1,0,1
2024311461883,2024,311461883,1,9,0,-1,19,3,7,-1,0,0,0,0,1,0,1,1,-1,6,1,62,9,1999,2,8,LAND ROVER DISCOVERY,2,E01007773,0,4
2024451497078,2024,451497078,1,9,0,-1,2,3,7,-1,0,0,0,0,0,0,2,1,-1,9,1,64,9,1997,1,5,LAND ROVER DISCOVERY,10,E01030798,0,3
2024440270833,2024,440270833,2,9,0,11,11,1,5,0,0,2,0,0,0,0,4,1,6,6,1,-1,-1,1999,2,8,LAND ROVER DISCOVERY,-1,-1,0,-1
2024161418353,2024,161418353,1,9,0,-1,19,1,5,-1,0,0,0,0,0,0,1,1,-1,7,2,55,8,1999,2,4,LAND ROVER DISCOVERY,8,E01035472,0,1
2024311444065,2024,311444065,1,9,0,-1,19,4,8,-1,0,0,0,7,8,0,1,1,-1,6,2,26,6,2993,2,4,LAND ROVER DISCOVERY,10,E01013043,0,4
2024522500061,2024,522500061,1,9,0,3,3,2,6,0,0,1,0,0,0,0,2,1,6,6,2,31,6,1999,2,6,LAND ROVER DISCOVERY,5,W01001671,0,4
2024010493992,2024,010493992,3,9,0,18,19,5,1,0,0,0,0,0,0,0,4,1,6,6,1,30,6,1998,2,3,LAND ROVER DISCOVERY,4,E01000039,0,1
2024501509564,2024,501509564,1,9,0,-1,19,1,5,-1,0,0,5,0,7,9,1,1,-1,1,1,91,11,2495,2,29,LAND ROVER DISCOVERY,5,E01029153,0,4
2024340WN6352,2024,340WN6352,1,9,0,-1,19,3,7,-1,0,1,0,0,0,0,1,1,-1,6,1,69,10,2993,2,11,LAND ROVER DISCOVERY,8,E01026993,0,4
2024361493977,2024,361493977,2,9,0,-1,19,3,7,-1,0,1,2,0,5,0,1,1,-1,9,1,42,7,2495,2,21,LAND ROVER DISCOVERY,4,E01026713,0,2
2024471417663,2024,471417663,1,9,0,-1,9,5,3,-1,0,1,0,0,0,0,4,1,-1,9,2,39,7,1999,2,7,LAND ROVER DISCOVERY,6,E01031506,0,2
2024061412336,2024,061412336,1,9,-1,-1,-1,-1,-1,-1,-1,0,-1,-1,-1,0,-1,9,-1,6,3,-1,-1,2993,2,12,LAND ROVER DISCOVERY,-1,-1,0,-1
2024131508875,2024,131508875,1,9,0,-1,19,2,6,-1,0,8,5,0,0,0,1,1,-1,6,1,44,7,2495,2,21,LAND ROVER DISCOVERY,1,E01008122,0,4
2024320708305,2024,320708305,1,9,0,-1,-1,8,4,0,0,0,1,4,0,0,1,1,6,6,2,42,7,2995,1,8,LAND ROVER DISCOVERY,6,E01025912,0,3
2024430506848,2024,430506848,1,9,0,3,3,2,6,0,0,0,0,0,0,0,2,1,2,2,1,30,6,1999,2,4,LAND ROVER DISCOVERY,6,E01000232,0,3
2024302401714,2024,302401714,1,9,0,4,4,5,1,0,0,0,0,0,0,0,2,1,6,6,2,39,7,2993,2,14,LAND ROVER DISCOVERY,5,E01019780,0,1
2024547619024,2024,547619024,2,9,0,4,4,6,2,0,0,1,0,0,0,0,2,1,6,6,1,63,9,1498,8,2,LAND ROVER DISCOVERY,6,E01015489,0,1
2024371447020,2024,371447020,1,9,0,-1,4,-1,-1,-1,0,4,0,0,0,0,1,1,-1,6,1,-1,-1,2993,2,10,LAND ROVER DISCOVERY,-1,-1,0,-1
2024010535748,2024,010535748,1,9,0,99,99,9,9,99,99,9,9,99,9,99,9,9,1,1,3,47,8,1999,2,8,LAND ROVER DISCOVERY,10,E01028599,0,4
2024471425958,2024,471425958,2,9,0,-1,4,7,3,-1,0,0,0,0,0,0,2,1,-1,9,2,59,9,2993,2,7,LAND ROVER DISCOVERY,4,E01021096,0,4
2024201497933,2024,201497933,1,9,0,-1,19,5,1,-1,0,0,0,0,0,0,1,1,-1,6,3,-1,-1,2993,2,6,LAND ROVER DISCOVERY,-1,-1,0,-1
2024010489943,2024,010489943,1,9,0,3,3,1,5,0,0,1,0,0,0,0,2,1,6,6,2,40,7,1999,2,7,LAND ROVER DISCOVERY,3,E01000405,0,3
2024320217318,2024,320217318,2,9,0,-1,-1,2,6,0,0,8,0,0,0,0,1,1,-1,-1,1,63,9,1999,2,8,LAND ROVER DISCOVERY,2,E01006354,0,5
2024411401951,2024,411401951,1,9,0,-1,10,-1,-1,-1,99,6,0,0,-1,0,1,9,-1,6,2,37,7,1999,2,8,LAND ROVER DISCOVERY,8,E01023571,0,1
2024201561314,2024,201561314,2,9,0,-1,19,6,2,-1,0,1,0,0,0,0,3,9,-1,6,1,55,8,1998,2,3,LAND ROVER DISCOVERY,6,E01029667,0,2
2024101537608,2024,101537608,2,9,0,-1,19,3,7,-1,0,0,0,0,0,0,1,1,-1,6,1,56,9,2997,2,2,LAND ROVER DISCOVERY,-1,-1,0,-1
2024010497908,2024,010497908,4,9,0,2,2,0,0,0,0,1,0,0,0,0,3,1,6,6,3,-1,-1,1997,1,6,LAND ROVER DISCOVERY,-1,-1,0,-1
2024131426659,2024,131426659,2,9,0,-1,2,0,0,-1,0,2,0,0,0,0,3,1,-1,6,-1,-1,-1,2720,2,20,LAND ROVER DISCOVERY,-1,-1,0,-1
2024351429541,2024,351429541,2,9,0,-1,4,3,7,-1,0,0,0,0,0,0,2,1,-1,9,2,45,7,1999,2,4,LAND ROVER DISCOVERY,5,E01028477,0,4
2024221439936,2024,221439936,1,9,0,-1,5,6,2,-1,0,6,0,0,0,0,4,1,-1,2,2,50,8,2720,2,16,LAND ROVER DISCOVERY,7,W01001548,0,2
2024221478659,2024,221478659,1,9,0,-1,9,7,4,-1,0,6,0,0,0,0,3,1,-1,9,2,59,9,1498,8,0,LAND ROVER DISCOVERY,5,E01032387,0,1
2024061553403,2024,061553403,1,9,0,-1,19,5,1,-1,0,8,0,0,0,0,1,1,-1,6,2,37,7,2179,2,9,LAND ROVER DISCOVERY,6,E01005387,0,1
2024440231362,2024,440231362,1,9,0,18,19,4,8,0,0,0,0,0,0,0,1,1,6,6,1,27,6,1999,2,7,LAND ROVER DISCOVERY,8,E01016341,0,4
2024501454899,2024,501454899,3,9,0,-1,4,3,7,-1,0,0,0,2,0,0,2,1,-1,9,1,58,9,1999,2,9,LAND ROVER DISCOVERY,7,E01017351,0,5
2024320260973,2024,320260973,1,9,0,-1,-1,1,5,0,0,0,0,0,0,0,2,2,6,6,2,41,7,1999,2,6,LAND ROVER DISCOVERY,-1,-1,0,-1
2024991557949,2024,991557949,1,9,0,-1,4,8,4,-1,0,4,0,0,0,0,1,2,-1,9,1,49,8,1999,2,7,LAND ROVER DISCOVERY,1,-1,0,1
2024070331136,2024,070331136,1,9,0,18,19,3,7,0,0,0,0,0,7,4,1,1,1,1,1,58,9,2720,2,19,LAND ROVER DISCOVERY,3,E01018746,0,1
2024371475685,2024,371475685,1,9,0,-1,19,1,5,-1,0,0,0,0,0,0,1,9,-1,6,2,46,8,1999,2,4,LAND ROVER DISCOVERY,9,E01030008,0,2
2024471504070,2024,471504070,1,9,0,-1,7,1,4,-1,0,6,0,0,1,0,1,1,-1,6,2,43,7,1999,2,5,LAND ROVER DISCOVERY,7,E01021094,0,2
2024231417048,2024,231417048,1,9,0,-1,13,6,2,-1,0,8,5,0,7,0,4,1,-1,1,1,30,6,1998,2,1,LAND ROVER DISCOVERY,3,E01031174,0,3
2024221452562,2024,221452562,2,9,0,-1,19,4,8,-1,0,8,0,0,0,0,3,9,-1,6,2,35,6,2720,2,19,LAND ROVER DISCOVERY,8,E01014131,0,1
2024231484067,2024,231484067,2,9,0,-1,19,7,3,-1,0,0,1,0,1,4,2,1,-1,6,1,63,9,2495,2,22,LAND ROVER DISCOVERY,9,E01009706,0,3
2024522403154,2024,522403154,1,9,0,18,19,1,5,0,0,1,0,0,0,0,4,1,6,6,2,61,9,2993,2,9,LAND ROVER DISCOVERY,7,E01014962,0,1
2024332400028,2024,332400028,1,9,0,-1,19,1,5,-1,0,0,0,0,0,0,1,1,-1,9,2,35,6,2993,2,11,LAND ROVER DISCOVERY,7,E01025626,0,2
2024052401529,2024,052401529,1,9,0,18,19,7,3,0,0,1,0,0,0,0,1,1,2,2,1,54,8,1999,2,5,LAND ROVER DISCOVERY,6,E01006801,0,2
2024231509791,2024,231509791,1,9,0,-1,9,2,8,-1,0,6,1,0,0,0,4,9,-1,6,2,37,7,1999,2,5,LAND ROVER DISCOVERY,8,E01031245,0,3
2024471506250,2024,471506250,2,9,0,-1,19,4,1,-1,0,1,1,0,1,0,3,1,-1,1,1,49,8,2495,2,22,LAND ROVER DISCOVERY,6,E01031658,0,1
2024501494562,2024,501494562,1,9,0,-1,19,8,4,-1,0,1,0,0,0,0,4,1,-1,9,1,55,8,2997,2,0,LAND ROVER DISCOVERY,7,E01019973,0,3
2024430269118,2024,430269118,1,9,0,18,19,8,4,0,0,0,0,0,2,7,1,1,6,6,1,30,6,1999,2,7,LAND ROVER DISCOVERY,5,E01003161,0,4
2024031395434,2024,031395434,2,9,0,-1,13,4,8,-1,0,0,0,0,0,0,1,2,-1,6,1,26,6,2720,2,17,LAND ROVER DISCOVERY,2,E01019159,0,2
2024052401237,2024,052401237,2,9,0,18,19,7,3,0,0,2,0,0,0,0,1,1,6,6,2,65,9,2720,2,16,LAND ROVER DISCOVERY,5,E01007252,0,1
2024131441688,2024,131441688,1,9,0,-1,9,5,3,-1,0,8,0,0,0,0,3,1,-1,9,-1,58,9,2720,2,18,LAND ROVER DISCOVERY,3,E01010662,0,1
2024070402353,2024,070402353,1,9,0,18,19,8,4,9,9,5,0,0,0,0,1,1,6,6,2,-1,-1,1999,2,6,LAND ROVER DISCOVERY,-1,-1,0,-1
2024052402590,2024,052402590,1,9,0,7,7,5,1,0,0,8,0,0,6,4,1,1,6,6,3,-1,-1,1999,2,7,LAND ROVER DISCOVERY,-1,-1,0,-1
2024311419615,2024,311419615,2,9,0,-1,9,7,4,-1,0,8,0,0,0,0,3,1,-1,6,1,35,6,2993,2,6,LAND ROVER DISCOVERY,10,E01028328,0,2
2024010532810,2024,010532810,1,9,0,18,19,7,3,0,0,8,0,0,0,0,1,1,3,7,2,52,8,2993,2,8,LAND ROVER DISCOVERY,4,E01003113,0,1
2024430218440,2024,430218440,2,9,0,18,19,3,1,0,0,8,0,0,0,0,1,1,6,6,2,44,7,1999,2,8,LAND ROVER DISCOVERY,6,E01016287,0,2
2024161498947,2024,161498947,1,9,0,-1,19,7,3,-1,0,0,0,0,0,0,1,9,-1,2,2,38,7,1999,2,7,LAND ROVER DISCOVERY,9,E01033107,0,2
2024201523096,2024,201523096,1,9,0,-1,7,7,2,-1,0,6,0,0,5,6,4,1,-1,7,2,39,7,1998,2,3,LAND ROVER DISCOVERY,2,E01010038,0,1
2024041444171,2024,041444171,1,9,0,-1,19,7,3,-1,0,1,0,0,7,11,1,1,-1,6,2,66,10,1998,2,0,LAND ROVER DISCOVERY,5,E01019278,0,4
2024122500181,2024,122500181,1,9,0,18,19,6,2,0,0,0,0,0,7,0,1,1,6,6,2,26,6,1999,2,5,LAND ROVER DISCOVERY,4,E01027813,0,2
2024201521416,2024,201521416,1,9,0,-1,19,6,2,-1,0,8,0,0,0,0,1,1,-1,6,1,58,9,-1,-1,-1,LAND ROVER DISCOVERY,7,E01009819,0,1
2024311428478,2024,311428478,1,9,0,-1,4,5,1,-1,0,1,0,0,0,0,2,1,-1,6,1,27,6,1999,2,8,LAND ROVER DISCOVERY,9,E01028094,0,1
2024131482911,2024,131482911,1,9,0,-1,9,3,1,-1,0,6,0,0,4,11,4,1,-1,2,1,20,4,2495,2,20,LAND ROVER DISCOVERY,4,E01011395,0,4
2024041466612,2024,041466612,1,9,0,-1,19,7,3,-1,0,0,0,0,0,0,1,1,-1,9,1,65,9,1999,2,8,LAND ROVER DISCOVERY,2,E01007026,0,3
202460Q038691,2024,60Q038691,1,9,0,1,1,2,6,0,0,0,0,0,0,0,2,1,6,6,1,66,10,2495,2,23,LAND ROVER DISCOVERY,-1,-1,0,-1
2024451522164,2024,451522164,1,9,0,-1,9,1,5,-1,0,8,1,0,0,0,1,1,-1,9,1,57,9,2993,2,13,LAND ROVER DISCOVERY,7,E01030652,0,3
2024361456047,2024,361456047,5,9,0,-1,19,4,8,-1,0,1,0,0,0,0,2,1,-1,6,2,54,8,2997,2,3,LAND ROVER DISCOVERY,5,E01026442,0,4
2024991482983,2024,991482983,2,9,0,-1,19,5,1,-1,0,0,0,0,0,0,4,1,-1,6,1,75,10,1998,2,3,LAND ROVER DISCOVERY,-1,-1,0,-1
2024010534085,2024,010534085,2,9,0,10,10,5,4,0,0,1,0,0,0,0,2,1,6,6,1,37,7,1999,2,7,LAND ROVER DISCOVERY,2,E01003092,0,2
2024440546885,2024,440546885,1,9,0,7,7,1,3,0,0,6,0,0,0,0,1,1,2,2,1,-1,-1,2720,2,19,LAND ROVER DISCOVERY,-1,-1,0,-1
2024461504476,2024,461504476,1,9,0,-1,19,5,7,-1,0,2,0,0,0,0,1,9,-1,6,1,29,6,1999,2,8,LAND ROVER DISCOVERY,2,E01024066,0,1
2024041502682,2024,041502682,2,9,0,-1,19,1,5,-1,0,2,0,0,0,0,3,1,-1,9,2,26,6,1997,1,5,LAND ROVER DISCOVERY,7,E01025559,0,3
2024552400738,2024,552400738,1,9,4,18,19,1,5,0,0,0,0,0,0,0,1,1,1,1,1,29,6,2993,2,13,LAND ROVER DISCOVERY,8,E01019845,0,5
2024461471806,2024,461471806,2,9,0,-1,19,1,5,-1,0,0,0,0,0,0,1,1,-1,9,1,57,9,1999,2,6,LAND ROVER DISCOVERY,7,E01016089,0,4
2024361397746,2024,361397746,1,9,0,-1,19,3,6,-1,0,6,0,0,0,0,1,9,-1,2,1,19,4,2495,2,20,LAND ROVER DISCOVERY,4,E01034774,0,4
2024141473633,2024,141473633,1,9,0,-1,19,7,3,-1,0,2,0,0,0,0,1,1,-1,9,2,64,9,2720,2,16,LAND ROVER DISCOVERY,4,E01007536,0,1
2024531452473,2024,531452473,1,9,0,-1,19,8,4,-1,0,1,0,0,0,0,1,1,-1,9,2,51,8,2993,2,10,LAND ROVER DISCOVERY,6,E01022464,0,1
2024461466259,2024,461466259,2,9,0,-1,19,-1,-1,-1,0,0,0,0,0,0,1,9,-1,6,2,39,7,1999,2,8,LAND ROVER DISCOVERY,3,E01032810,0,1
2024010519598,2024,010519598,1,9,0,9,9,7,5,0,0,1,0,0,0,0,1,1,6,6,1,23,5,2993,2,9,LAND ROVER DISCOVERY,-1,-1,0,-1
2024421465603,2024,421465603,2,9,0,-1,9,8,7,-1,0,0,0,0,0,0,3,9,-1,9,1,68,10,1999,2,6,LAND ROVER DISCOVERY,6,E01021535,0,1
2024411425372,2024,411425372,2,9,0,-1,19,4,8,-1,0,1,0,0,0,0,1,1,-1,7,2,36,7,1498,8,1,LAND ROVER DISCOVERY,6,E01023943,0,1
2024991453034,2024,991453034,2,9,0,-1,19,7,3,-1,0,1,0,4,0,0,1,1,-1,9,1,35,6,2993,2,12,LAND ROVER DISCOVERY,3,-1,0,1
2024501479942,2024,501479942,1,9,0,-1,8,3,5,-1,0,8,0,99,0,0,1,1,-1,6,2,26,6,1999,2,8,LAND ROVER DISCOVERY,9,E01019930,0,4
2024010517893,2024,010517893,2,9,0,6,6,9,9,99,99,0,9,99,9,99,9,9,6,6,3,-1,-1,1999,2,9,LAND ROVER DISCOVERY,-1,-1,0,-1
2024520001152,2024,520001152,1,9,0,18,19,8,5,0,0,8,0,0,0,0,3,1,6,6,2,28,6,2993,2,5,LAND ROVER DISCOVERY,10,E01014460,0,2
2024351396062,2024,351396062,1,9,0,-1,-1,-1,-1,-1,-1,-1,-1,-1,-1,0,3,9,-1,6,1,87,11,2495,2,20,LAND ROVER DISCOVERY,10,E01018263,0,3
2024221479548,2024,221479548,1,9,0,-1,9,7,5,-1,0,5,0,0,0,0,0,1,-1,9,1,66,10,2993,2,9,LAND ROVER DISCOVERY,2,E01034334,0,1