collision_index,collision_year,collision_ref_no,vehicle_reference,vehicle_type,towing_and_articulation,vehicle_manoeuvre_historic,vehicle_manoeuvre,vehicle_direction_from,vehicle_direction_to,vehicle_location_restricted_lane_historic,vehicle_location_restricted_lane,junction_location,skidding_and_overturning,hit_object_in_carriageway,vehicle_leaving_carriageway,hit_object_off_carriageway,first_point_of_impact,vehicle_left_hand_drive,journey_purpose_of_driver_historic,journey_purpose_of_driver,sex_of_driver,age_of_driver,age_band_of_driver,engine_capacity_cc,propulsion_code,age_of_vehicle,generic_make_model,driver_imd_decile,lsoa_of_driver,escooter_flag,driver_distance_banding
2024211404995,2024,211404995,2,9,0,-1,4,5,8,-1,0,0,0,0,0,0,2,9,-1,9,1,-1,-1,1999,2,7,LAND ROVER DISCOVERY,7,E01007061,0,4
202460Q139980,2024,60Q139980,3,9,0,18,19,5,1,0,0,1,0,0,0,0,1,1,6,6,1,63,9,2495,2,21,LAND ROVER DISCOVERY,-1,-1,0,-1
2024411400321,2024,411400321,2,9,0,-1,19,5,1,-1,0,0,0,0,0,0,4,1,-1,6,1,46,8,2993,2,12,LAND ROVER DISCOVERY,6,E01017617,0,2
2024552400430,2024,552400430,1,9,0,18,19,2,6,0,0,4,0,0,0,0,1,1,6,6,3,-1,-1,2720,2,19,LAND ROVER DISCOVERY,-1,-1,0,-1
2024010541435,2024,010541435,2,9,0,99,99,9,9,99,99,9,9,99,9,99,0,9,6,6,3,-1,-1,1999,2,7,LAND ROVER DISCOVERY,7,E01001049,0,1
2024332400998,2024,332400998,1,9,0,-1,19,6,2,-1,0,6,1,0,0,0,1,1,-1,9,1,35,6,2487,2,24,LAND ROVER DISCOVERY,3,E01025852,0,4
2024010532323,2024,010532323,2,9,0,99,99,9,9,99,99,9,9,99,9,99,9,9,6,6,3,-1,-1,1999,2,9,LAND ROVER DISCOVERY,-1,-1,0,-1
2024461440835,2024,461440835,1,9,0,-1,3,0,0,-1,0,0,0,0,0,0,3,1,-1,6,1,57,9,1999,2,8,LAND ROVER DISCOVERY,6,E01024234,0,1
202454A883824,2024,54A883824,2,9,0,18,19,2,6,0,0,0,0,0,0,0,2,1,6,6,1,49,8,1999,2,4,LAND ROVER DISCOVERY,7,E01031842,0,2
2024211443800,2024,211443800,4,9,0,-1,19,8,3,-1,0,0,0,0,0,0,2,1,-1,6,1,72,10,2997,2,2,LAND ROVER DISCOVERY,-1,-1,0,-1
2024631417455,2024,631417455,1,9,0,-1,19,6,3,-1,0,1,0,0,0,0,1,1,-1,2,1,39,7,2495,2,24,LAND ROVER DISCOVERY,8,W01000534,0,2
2024991417641,2024,991417641,2,9,0,-1,19,5,8,-1,0,1,0,0,0,0,1,1,-1,9,1,32,6,2495,2,21,LAND ROVER DISCOVERY,3,-1,0,1
2024010505660,2024,010505660,2,9,0,99,99,9,9,99,99,9,9,99,9,99,9,9,6,6,3,57,9,2997,2,3,LAND ROVER DISCOVERY,6,E01003149,0,1
2024552401190,2024,552401190,1,9,0,18,19,3,7,0,0,8,0,0,0,0,1,1,6,6,2,52,8,1999,2,8,LAND ROVER DISCOVERY,5,E01020462,0,1
202454A841824,2024,54A841824,1,9,0,18,19,7,3,0,0,1,0,0,0,0,1,1,6,6,1,30,6,2495,2,23,LAND ROVER DISCOVERY,-1,-1,0,-1
2024061399359,2024,061399359,1,9,0,-1,19,7,3,-1,0,0,0,0,0,0,0,9,-1,6,3,-1,-1,2997,2,1,LAND ROVER DISCOVERY,-1,-1,0,-1
2024440133394,2024,440133394,3,9,0,4,4,8,4,0,0,0,0,0,0,0,2,1,6,6,1,-1,-1,1999,2,8,LAND ROVER DISCOVERY,-1,-1,0,-1
2024520403037,2024,520403037,2,9,0,9,9,6,4,0,0,8,0,0,0,0,4,1,6,6,2,71,10,2495,2,21,LAND ROVER DISCOVERY,6,E01029271,0,3
2024531399163,2024,531399163,1,9,0,-1,9,5,1,-1,0,6,0,0,0,0,4,1,-1,2,2,40,7,2179,2,9,LAND ROVER DISCOVERY,9,E01022432,0,1
2024622400703,2024,622400703,1,9,0,4,4,2,6,0,0,0,0,0,0,0,3,1,6,6,2,46,8,2993,2,9,LAND ROVER DISCOVERY,5,W01000697,0,3
2024061523155,2024,061523155,1,9,-1,-1,-1,-1,-1,-1,-1,0,-1,-1,-1,0,-1,9,-1,6,2,30,6,1999,2,7,LAND ROVER DISCOVERY,8,E01006100,0,1
2024041456004,2024,041456004,2,9,0,-1,19,8,4,-1,0,0,0,0,0,0,1,1,-1,2,1,26,6,2490,2,27,LAND ROVER DISCOVERY,4,E01025194,0,1
2024361463065,2024,361463065,2,9,0,-1,9,5,1,-1,0,1,0,0,0,0,3,1,-1,9,2,57,9,2993,2,5,LAND ROVER DISCOVERY,6,E01026534,0,4
2024221444845,2024,221444845,2,9,0,-1,19,6,2,-1,0,8,0,0,7,0,1,1,-1,6,1,64,9,2495,2,21,LAND ROVER DISCOVERY,5,E01014063,0,3
2024010545010,2024,010545010,4,9,0,18,19,7,3,0,0,2,0,0,0,0,3,1,6,6,2,48,8,1999,2,7,LAND ROVER DISCOVERY,-1,-1,0,-1
2024111409269,2024,111409269,1,9,0,-1,7,5,1,-1,0,6,0,0,0,0,1,1,-1,6,1,21,5,1999,2,7,LAND ROVER DISCOVERY,1,E01012349,0,1
2024340WN2982,2024,340WN2982,1,9,0,-1,19,7,3,-1,0,0,0,0,0,0,1,1,-1,9,1,21,5,2495,2,25,LAND ROVER DISCOVERY,9,E01027294,0,2
2024461516386,2024,461516386,2,9,0,-1,10,3,1,-1,0,1,0,0,0,0,2,1,-1,9,2,36,7,2993,2,13,LAND ROVER DISCOVERY,5,E01024379,0,1
2024552401273,2024,552401273,1,9,0,18,19,4,8,0,0,0,0,0,0,0,1,1,6,6,2,44,7,1999,2,5,LAND ROVER DISCOVERY,6,E01034282,0,1
2024461402613,2024,461402613,1,9,0,-1,19,1,5,-1,0,0,0,0,0,0,0,1,-1,1,1,36,7,2495,2,29,LAND ROVER DISCOVERY,1,E01024612,0,1
2024311475736,2024,311475736,1,9,0,-1,19,3,7,-1,0,3,0,0,0,0,4,1,-1,9,1,33,6,1999,2,7,LAND ROVER DISCOVERY,2,E01028026,0,1
2024552400978,2024,552400978,2,9,0,18,19,1,5,0,0,0,0,0,0,0,1,1,6,6,1,41,7,1999,2,5,LAND ROVER DISCOVERY,5,E01031282,0,5
2024221457453,2024,221457453,1,9,0,-1,19,3,7,-1,0,8,0,0,0,0,1,1,-1,9,2,38,7,2993,2,13,LAND ROVER DISCOVERY,8,E01032123,0,1
2024440229903,2024,440229903,1,9,0,18,19,4,8,0,0,1,0,0,0,0,4,1,6,6,1,40,7,1999,2,5,LAND ROVER DISCOVERY,7,E01022880,0,1
2024430437504,2024,430437504,2,9,0,3,3,7,3,0,0,1,0,0,0,0,2,1,2,2,2,50,8,1999,2,5,LAND ROVER DISCOVERY,9,E01033824,0,3
2024421476519,2024,421476519,3,9,0,-1,19,1,3,-1,0,1,1,0,0,0,3,1,-1,6,1,71,10,2997,2,2,LAND ROVER DISCOVERY,7,E01021662,0,1
2024440514395,2024,440514395,2,9,0,18,19,4,8,0,0,8,0,0,0,0,1,1,3,7,2,25,5,2993,2,12,LAND ROVER DISCOVERY,9,E01022926,0,1
2024010501483,2024,010501483,2,9,0,99,99,9,9,99,99,9,9,99,9,99,1,9,6,6,1,-1,-1,2997,2,3,LAND ROVER DISCOVERY,-1,-1,0,-1
2024471411676,2024,471411676,1,9,0,-1,5,5,1,-1,0,2,0,0,0,0,1,1,-1,7,2,33,6,2993,2,11,LAND ROVER DISCOVERY,6,E01031632,0,1
2024010523415,2024,010523415,2,9,0,18,19,9,9,99,99,9,9,99,9,99,1,9,6,6,1,-1,-1,2997,2,1,LAND ROVER DISCOVERY,7,E01003657,0,2
2024211528386,2024,211528386,1,9,0,-1,4,4,1,-1,0,0,0,0,0,0,1,1,-1,2,2,45,7,1999,2,5,LAND ROVER DISCOVERY,10,E01034051,0,1
2024311425022,2024,311425022,1,9,0,-1,4,7,3,-1,0,0,0,7,1,0,1,1,-1,6,2,51,8,2495,2,22,LAND ROVER DISCOVERY,1,E01027952,0,2
2024461490632,2024,461490632,2,9,0,-1,19,8,5,-1,0,8,0,0,0,0,1,1,-1,6,1,37,7,2993,2,11,LAND ROVER DISCOVERY,4,E01016048,0,1
2024552400700,2024,552400700,1,9,0,18,19,3,7,0,0,0,0,0,0,0,3,1,6,6,1,43,7,2720,2,18,LAND ROVER DISCOVERY,8,E01016319,0,5
2024131457352,2024,131457352,1,9,0,-1,9,7,1,-1,0,8,0,0,0,0,1,1,-1,2,1,26,6,1999,2,7,LAND ROVER DISCOVERY,2,E01011298,0,1
2024141453538,2024,141453538,1,9,0,-1,9,8,7,-1,0,2,0,0,0,0,3,1,-1,9,2,60,9,2993,2,9,LAND ROVER DISCOVERY,10,E01019614,0,2
2024221450104,2024,221450104,3,9,0,-1,3,6,2,-1,0,1,0,0,0,0,1,1,-1,9,2,43,7,1999,2,8,LAND ROVER DISCOVERY,5,E01008225,0,5
2024451450139,2024,451450139,3,9,0,-1,19,1,5,-1,0,1,0,0,0,0,1,9,-1,6,2,45,7,2179,2,9,LAND ROVER DISCOVERY,8,E01030474,0,1
2024141452520,2024,141452520,1,9,0,-1,19,7,3,-1,0,1,0,0,0,0,1,9,-1,6,1,67,10,2993,2,10,LAND ROVER DISCOVERY,2,E01011856,0,1
2024520403399,2024,520403399,1,9,0,18,19,8,4,0,0,0,0,0,0,0,4,1,6,6,3,-1,-1,2993,2,12,LAND ROVER DISCOVERY,-1,-1,0,-1
2024071006822,2024,071006822,2,9,0,-1,19,7,3,-1,0,8,0,0,3,1,3,1,-1,9,1,18,4,2993,2,10,LAND ROVER DISCOVERY,7,E01034662,0,3
2024061442733,2024,061442733,2,9,0,-1,19,1,5,-1,0,0,0,0,0,0,1,1,-1,6,1,41,7,1999,2,9,LAND ROVER DISCOVERY,4,E01008162,0,5
2024451471304,2024,451471304,1,9,0,-1,19,1,5,-1,99,0,0,99,0,0,4,1,-1,9,1,30,6,1999,2,6,LAND ROVER DISCOVERY,7,E01023123,0,2
2024131426763,2024,131426763,2,9,0,-1,6,5,1,-1,0,0,0,0,0,0,3,1,-1,9,1,67,10,2993,2,12,LAND ROVER DISCOVERY,3,E01011585,0,2
2024201516747,2024,201516747,2,9,0,-1,19,5,1,-1,0,8,0,0,0,0,4,9,-1,6,1,64,9,1999,2,8,LAND ROVER DISCOVERY,2,E01010086,0,3
2024631443408,2024,631443408,2,9,4,-1,19,4,1,-1,0,0,0,0,0,0,0,1,-1,9,2,39,7,2993,2,7,LAND ROVER DISCOVERY,8,W01000610,0,2
2024122400722,2024,122400722,1,9,0,11,11,1,5,0,0,0,0,0,0,0,1,1,2,2,1,62,9,1999,2,6,LAND ROVER DISCOVERY,6,E01010908,0,4
2024631535510,2024,631535510,1,9,0,-1,19,6,2,-1,0,8,0,0,8,4,1,1,-1,9,1,43,7,2720,2,18,LAND ROVER DISCOVERY,4,W01000535,0,3
2024010497427,2024,010497427,2,9,0,3,3,3,7,0,0,8,0,0,0,0,2,1,6,6,2,73,10,1999,2,8,LAND ROVER DISCOVERY,9,E01035269,0,4
2024010534106,2024,010534106,1,9,0,99,99,9,9,99,99,9,9,99,9,99,1,9,6,6,2,44,7,2996,1,3,LAND ROVER DISCOVERY,9,E01001422,0,1
2024471489667,2024,471489667,3,9,0,-1,9,6,2,-1,0,0,0,0,0,0,1,1,-1,9,2,56,9,1999,2,8,LAND ROVER DISCOVERY,7,E01031665,0,3
2024552400487,2024,552400487,1,9,0,9,9,6,4,0,0,8,0,0,0,0,3,1,6,6,2,31,6,2495,2,23,LAND ROVER DISCOVERY,6,E01020508,0,3
2024440456896,2024,440456896,2,9,0,17,19,5,1,0,0,3,0,0,0,0,1,1,6,6,1,25,5,2495,2,29,LAND ROVER DISCOVERY,4,E01023153,0,1
2024991513204,2024,991513204,2,9,0,-1,19,5,1,-1,0,8,0,0,0,0,1,1,-1,6,2,37,7,1999,2,6,LAND ROVER DISCOVERY,3,-1,0,4
2024471492699,2024,471492699,1,9,0,-1,19,6,2,-1,0,0,0,0,0,0,1,1,-1,6,1,42,7,1999,2,9,LAND ROVER DISCOVERY,5,E01016898,0,1
2024101520672,2024,101520672,2,9,-1,-1,20,2,6,-1,-1,0,0,0,0,0,1,9,-1,9,2,55,8,1999,2,8,LAND ROVER DISCOVERY,3,E01008708,0,2
2024522500062,2024,522500062,1,9,0,9,9,5,3,0,0,5,0,0,0,0,1,1,6,6,1,59,9,1999,2,7,LAND ROVER DISCOVERY,10,E01014913,0,1
2024991448708,2024,991448708,1,9,0,-1,9,7,5,-1,0,0,0,0,0,0,4,1,-1,6,1,35,6,1999,2,5,LAND ROVER DISCOVERY,5,E01019380,0,5
2024010522333,2024,010522333,1,9,0,18,19,1,5,0,0,2,1,0,7,1,1,1,6,6,1,38,7,1999,2,7,LAND ROVER DISCOVERY,-1,-1,0,-1
2024531440451,2024,531440451,1,9,0,-1,19,7,3,-1,0,1,0,0,0,0,1,1,-1,9,1,57,9,1999,2,8,LAND ROVER DISCOVERY,10,E01022208,0,4
2024451444226,2024,451444226,3,9,0,-1,3,3,7,-1,0,1,0,0,0,0,2,1,-1,9,1,61,9,2993,2,11,LAND ROVER DISCOVERY,3,E01024103,0,4
2024041406127,2024,041406127,1,9,0,-1,19,1,5,-1,0,0,0,0,1,4,1,1,-1,6,1,50,8,2993,2,5,LAND ROVER DISCOVERY,10,E01025530,0,1
2024471441808,2024,471441808,2,9,0,-1,9,5,3,-1,0,0,0,0,3,0,2,1,-1,9,2,55,8,2993,2,13,LAND ROVER DISCOVERY,2,E01016941,0,1
2024320533678,2024,320533678,2,9,0,4,4,8,4,0,0,2,0,0,0,0,2,1,-1,-1,1,43,7,1997,1,4,LAND ROVER DISCOVERY,7,E01034573,0,5
2024361465485,2024,361465485,2,9,0,-1,4,2,6,-1,0,0,0,0,0,0,2,1,-1,1,1,40,7,2997,2,3,LAND ROVER DISCOVERY,4,E01026495,0,4
2024302401348,2024,302401348,1,9,0,6,6,1,1,0,0,8,0,0,0,0,1,1,6,6,3,-1,-1,1999,2,7,LAND ROVER DISCOVERY,5,E01019456,0,3
2024221520873,2024,221520873,1,9,0,-1,19,2,6,-1,0,8,0,0,0,0,1,1,-1,6,3,24,5,2720,2,17,LAND ROVER DISCOVERY,-1,-1,0,-1
2024010543366,2024,010543366,2,9,0,4,4,3,7,0,0,1,0,10,0,0,3,1,2,2,1,40,7,1999,2,7,LAND ROVER DISCOVERY,-1,-1,0,-1
2024340WN2782,2024,340WN2782,3,9,0,-1,19,1,5,-1,0,1,0,0,1,0,1,1,-1,9,1,37,7,1999,2,4,LAND ROVER DISCOVERY,9,E01028708,0,4
2024451494566,2024,451494566,2,9,0,-1,19,4,8,-1,0,1,0,0,0,0,4,1,-1,9,1,46,8,1999,2,7,LAND ROVER DISCOVERY,8,E01030325,0,3
2024631504112,2024,631504112,3,9,0,-1,19,8,4,-1,0,0,0,0,0,0,1,1,-1,6,1,44,7,2993,2,14,LAND ROVER DISCOVERY,4,W01000535,0,1
2024471456707,2024,471456707,1,9,0,-1,19,2,6,-1,0,0,0,0,1,0,1,1,-1,6,1,17,4,2993,2,12,LAND ROVER DISCOVERY,5,E01031611,0,2
2024610024124,2024,610024124,1,9,0,17,19,2,8,0,0,0,0,0,1,11,1,1,6,6,1,64,9,1999,2,6,LAND ROVER DISCOVERY,8,W01001565,0,3
2024131482343,2024,131482343,2,9,0,-1,19,1,5,-1,0,0,0,0,0,0,1,1,-1,6,2,64,9,1998,2,0,LAND ROVER DISCOVERY,6,E01010909,0,1
2024371435541,2024,371435541,1,9,0,-1,9,5,3,-1,0,8,1,4,0,0,4,1,-1,9,2,28,6,1999,2,7,LAND ROVER DISCOVERY,4,E01000922,0,5
2024302400444,2024,302400444,2,9,0,17,19,4,8,0,0,0,0,0,0,0,1,1,6,6,1,39,7,2179,2,9,LAND ROVER DISCOVERY,8,E01019714,0,1
2024440544568,2024,440544568,1,9,0,18,19,5,1,0,0,0,0,0,0,0,3,1,6,6,1,-1,-1,2179,2,9,LAND ROVER DISCOVERY,-1,-1,0,-1
2024531444750,2024,531444750,1,9,0,-1,19,5,1,-1,0,2,0,0,0,0,4,9,-1,9,1,26,6,1999,2,8,LAND ROVER DISCOVERY,10,E01032323,0,4
2024070001125,2024,070001125,2,9,9,-1,7,1,5,-1,0,6,0,0,0,0,4,1,-1,6,1,78,11,2720,2,17,LAND ROVER DISCOVERY,6,E01018369,0,2
2024440003731,2024,440003731,2,9,0,9,9,8,6,0,0,1,0,0,0,0,1,1,6,6,2,49,8,2993,2,9,LAND ROVER DISCOVERY,8,E01023048,0,2
2024010542752,2024,010542752,3,9,0,2,2,0,0,0,0,0,0,0,0,0,1,1,6,6,3,-1,-1,2993,2,6,LAND ROVER DISCOVERY,-1,-1,0,-1
2024052400875,2024,052400875,3,9,0,2,2,0,0,0,0,0,0,0,0,0,3,1,6,6,3,-1,-1,2993,2,8,LAND ROVER DISCOVERY,-1,-1,0,-1
2024010536903,2024,010536903,4,9,0,18,19,1,5,0,0,0,0,0,0,0,2,1,6,6,1,23,5,1999,2,5,LAND ROVER DISCOVERY,7,E01000157,0,2
2024520401915,2024,520401915,1,9,0,18,19,8,2,0,0,7,0,0,0,0,1,1,6,6,2,36,7,1999,2,3,LAND ROVER DISCOVERY,8,E01029203,0,1
2024440027527,2024,440027527,1,9,0,9,9,6,4,0,0,8,0,0,0,0,1,1,6,6,2,34,6,1498,8,3,LAND ROVER DISCOVERY,6,E01017212,0,1
2024991405988,2024,991405988,2,9,0,-1,19,1,5,-1,0,0,0,0,0,0,3,1,-1,6,2,33,6,1999,2,7,LAND ROVER DISCOVERY,5,-1,0,4
2024991440995,2024,991440995,1,9,0,-1,19,3,7,-1,0,0,0,0,0,0,1,1,-1,9,1,28,6,1999,2,9,LAND ROVER DISCOVERY,6,-1,0,1
2024371532092,2024,371532092,2,9,0,-1,19,3,7,-1,0,0,0,0,0,0,1,1,-1,1,1,57,9,2997,2,3,LAND ROVER DISCOVERY,7,E01018220,0,2
2024411501025,2024,411501025,2,9,0,-1,19,3,7,-1,0,0,0,0,0,0,4,1,-1,9,2,40,7,1999,2,4,LAND ROVER DISCOVERY,7,E01021430,0,4
2024501484882,2024,501484882,2,9,0,-1,4,5,1,-1,0,1,0,0,0,0,1,1,-1,2,1,41,7,2495,2,23,LAND ROVER DISCOVERY,7,E01033294,0,1
2024501440399,2024,501440399,1,9,0,-1,19,8,4,-1,0,1,0,0,0,0,1,1,-1,9,1,66,10,1999,2,6,LAND ROVER DISCOVERY,6,E01018917,0,1
2024302401237,2024,302401237,1,9,0,15,15,6,4,0,0,0,0,4,0,0,4,1,6,6,1,63,9,2495,2,20,LAND ROVER DISCOVERY,5,E01019813,0,1
2024471413736,2024,471413736,1,9,0,-1,3,1,5,-1,0,1,0,0,0,0,2,1,-1,9,1,35,6,1999,2,8,LAND ROVER DISCOVERY,6,E01020956,0,1
2024540853624,2024,540853624,1,9,0,18,19,1,5,0,0,0,0,0,0,0,1,1,6,6,2,28,6,2720,2,18,LAND ROVER DISCOVERY,9,E01032044,0,1
2024211522159,2024,211522159,2,9,0,-1,19,3,2,-1,0,1,1,0,0,0,1,1,-1,6,1,23,5,2997,2,3,LAND ROVER DISCOVERY,1,E01009202,0,4
2024430255681,2024,430255681,3,9,0,4,4,8,4,0,0,0,0,0,0,0,2,1,6,6,1,61,9,1999,2,5,LAND ROVER DISCOVERY,4,E01031028,0,4
2024041431550,2024,041431550,2,9,0,-1,19,7,3,-1,0,0,0,0,0,0,3,1,-1,9,2,33,6,1999,2,6,LAND ROVER DISCOVERY,8,E01027586,0,4
2024201413581,2024,201413581,2,9,0,-1,19,4,8,-1,0,8,1,0,0,0,1,9,-1,6,1,44,7,2179,2,9,LAND ROVER DISCOVERY,4,E01029646,0,3
2024070620020,2024,070620020,2,9,0,18,19,3,1,0,0,8,0,0,0,0,3,1,2,2,2,56,9,1999,2,6,LAND ROVER DISCOVERY,1,E01006207,0,2
2024141501080,2024,141501080,1,9,0,-1,19,5,1,-1,0,0,0,0,0,0,4,1,-1,7,1,32,6,2495,2,20,LAND ROVER DISCOVERY,2,E01007349,0,3
2024320660384,2024,320660384,2,9,0,3,3,4,8,0,0,1,0,0,0,0,3,1,-1,-1,2,40,7,2179,2,9,LAND ROVER DISCOVERY,6,E01026135,0,1
2024421420191,2024,421420191,2,9,0,-1,19,1,7,-1,0,8,0,0,0,0,4,1,-1,9,1,56,9,1999,2,5,LAND ROVER DISCOVERY,7,E01003285,0,4
2024531429020,2024,531429020,1,9,0,-1,9,7,1,-1,0,2,0,0,0,0,1,1,-1,9,2,63,9,1999,2,5,LAND ROVER DISCOVERY,9,E01035758,0,4
2024471460091,2024,471460091,1,9,0,-1,4,3,7,-1,0,1,0,0,0,0,4,1,-1,7,2,36,7,1999,2,6,LAND ROVER DISCOVERY,3,E01031556,0,1
2024061536839,2024,061536839,2,9,0,-1,19,5,1,-1,0,1,0,0,0,0,1,1,-1,9,1,57,9,5000,1,14,LAND ROVER DISCOVERY,6,E01011076,0,2
2024631518151,2024,631518151,2,9,0,-1,19,2,6,-1,0,0,0,0,1,9,1,1,-1,6,2,32,6,2720,2,20,LAND ROVER DISCOVERY,7,W01000470,0,1
2024211413548,2024,211413548,1,9,0,-1,19,7,3,-1,0,0,0,4,0,0,1,1,-1,2,1,24,5,2495,2,22,LAND ROVER DISCOVERY,8,E01034097,0,1
2024371496975,2024,371496975,2,9,0,-1,4,-1,-1,-1,0,0,0,0,0,0,3,1,-1,2,1,60,9,2993,2,14,LAND ROVER DISCOVERY,5,E01029884,0,1
2024041442731,2024,041442731,1,9,0,-1,19,1,5,-1,0,0,0,11,0,0,1,1,-1,6,1,32,6,2495,2,21,LAND ROVER DISCOVERY,3,E01012663,0,1
2024221427471,2024,221427471,4,9,5,-1,19,1,5,-1,0,0,0,0,0,0,0,9,-1,6,1,20,4,2720,2,15,LAND ROVER DISCOVERY,7,E01014082,0,1
2024549273524,2024,549273524,1,9,0,2,2,0,0,0,0,0,0,0,0,0,3,1,6,6,1,56,9,2997,2,0,LAND ROVER DISCOVERY,7,E01034520,0,3
2024991409618,2024,991409618,1,9,0,-1,19,8,4,-1,0,1,0,0,0,0,1,1,-1,6,2,57,9,1498,8,1,LAND ROVER DISCOVERY,10,-1,0,1
2024543989324,2024,543989324,3,9,0,18,19,5,1,0,0,2,5,0,0,0,3,1,2,2,1,44,7,1999,2,4,LAND ROVER DISCOVERY,7,E01028773,0,4
2024010535116,2024,010535116,1,9,0,3,3,7,3,0,0,0,0,0,0,0,1,1,6,6,2,68,10,1998,2,1,LAND ROVER DISCOVERY,9,E01000808,0,1
2024991512366,2024,991512366,2,9,0,-1,19,7,3,-1,0,0,0,0,1,0,1,1,-1,1,2,56,9,2993,2,9,LAND ROVER DISCOVERY,6,-1,0,4
2024546543524,2024,546543524,2,9,0,4,4,2,6,0,0,1,0,0,0,0,2,1,6,6,1,-1,-1,2993,2,8,LAND ROVER DISCOVERY,-1,-1,0,-1
2024552400642,2024,552400642,3,9,0,4,4,6,2,0,0,0,0,0,0,0,2,1,6,6,1,79,11,2179,2,9,LAND ROVER DISCOVERY,5,E01020397,0,1
2024552400511,2024,552400511,2,9,0,9,9,2,7,0,0,8,0,0,0,0,4,1,6,6,1,24,5,2720,2,18,LAND ROVER DISCOVERY,3,E01015289,0,2
2024471413081,2024,471413081,1,9,0,-1,5,1,5,-1,0,6,0,0,0,0,0,1,-1,6,1,43,7,2993,2,11,LAND ROVER DISCOVERY,4,E01031596,0,4
2024131426961,2024,131426961,2,9,0,-1,19,1,5,-1,0,8,0,0,0,0,1,1,-1,2,1,41,7,2495,2,21,LAND ROVER DISCOVERY,1,E01034582,0,1
2024231460052,2024,231460052,1,9,0,-1,19,1,5,-1,0,0,0,0,0,0,1,9,-1,6,3,45,7,1999,2,7,LAND ROVER DISCOVERY,-1,-1,0,-1
2024991415184,2024,991415184,1,9,0,-1,19,7,3,-1,0,0,0,0,0,0,1,1,-1,9,1,31,6,2993,2,11,LAND ROVER DISCOVERY,6,-1,0,1
2024052402113,2024,052402113,2,9,0,18,19,3,7,0,0,8,0,0,0,0,1,1,6,6,1,41,7,2993,2,12,LAND ROVER DISCOVERY,1,E01006495,0,1
2024401509301,2024,401509301,1,9,-1,-1,-1,-1,-1,-1,-1,0,-1,-1,-1,0,-1,9,-1,6,1,56,9,2993,2,8,LAND ROVER DISCOVERY,10,E01017996,0,4
2024302401183,2024,302401183,3,9,0,3,3,5,1,0,0,1,0,0,0,0,2,1,6,6,1,86,11,2495,2,30,LAND ROVER DISCOVERY,6,E01033413,0,2
2024161502338,2024,161502338,1,9,0,-1,19,2,6,-1,0,0,0,0,0,0,1,1,-1,9,1,36,7,2720,2,18,LAND ROVER DISCOVERY,5,E01013030,0,3
2024201488466,2024,201488466,1,9,0,-1,19,6,2,-1,0,0,0,0,0,0,1,1,-1,6,1,42,7,1999,2,6,LAND ROVER DISCOVERY,5,E01009939,0,2
2024302401617,2024,302401617,1,9,0,18,19,5,2,0,0,0,0,0,7,11,1,1,6,6,1,56,9,2993,2,7,LAND ROVER DISCOVERY,5,E01019613,0,1
2024440084370,2024,440084370,2,9,0,18,19,2,6,0,0,0,0,0,0,0,1,1,6,6,2,42,7,1997,1,6,LAND ROVER DISCOVERY,7,E01023168,0,1
2024010525108,2024,010525108,2,9,0,18,19,3,7,0,0,8,0,0,0,0,2,1,6,6,2,52,8,1999,2,8,LAND ROVER DISCOVERY,4,E01003568,0,1
2024131423697,2024,131423697,1,9,0,-1,19,1,1,-1,0,8,0,0,0,0,1,1,-1,6,2,27,6,2993,2,9,LAND ROVER DISCOVERY,4,E01010798,0,2
2024320514064,2024,320514064,2,9,0,-1,-1,2,6,0,0,8,0,0,0,0,1,1,-1,-1,1,60,9,1998,2,2,LAND ROVER DISCOVERY,10,E01026709,0,4
2024010529907,2024,010529907,1,9,9,99,99,9,9,99,99,0,9,99,9,99,9,1,6,6,2,51,8,1498,8,3,LAND ROVER DISCOVERY,9,E01003807,0,1
2024070501118,2024,070501118,1,9,0,8,8,8,6,0,0,1,0,0,7,10,1,1,6,6,1,63,9,1498,8,1,LAND ROVER DISCOVERY,8,E01018443,0,1
2024332400259,2024,332400259,1,9,0,-1,19,8,4,-1,0,8,0,0,0,0,1,1,-1,6,1,75,10,1999,2,4,LAND ROVER DISCOVERY,10,E01025661,0,1
202460Q131972,2024,60Q131972,2,9,0,9,9,5,3,0,0,1,0,0,7,11,3,1,6,6,1,38,7,2993,2,4,LAND ROVER DISCOVERY,-1,-1,0,-1
2024221491495,2024,221491495,3,9,0,-1,7,3,4,-1,0,6,0,0,0,0,1,1,-1,6,2,39,7,1999,2,6,LAND ROVER DISCOVERY,6,W01000434,0,1
2024122400674,2024,122400674,2,9,0,1,1,1,5,0,0,0,0,0,0,0,1,1,6,6,3,70,10,1997,7,6,LAND ROVER DISCOVERY,5,E01027800,0,4