collision_index,collision_year,collision_ref_no,vehicle_reference,vehicle_type,towing_and_articulation,vehicle_manoeuvre_historic,vehicle_manoeuvre,vehicle_direction_from,vehicle_direction_to,vehicle_location_restricted_lane_historic,vehicle_location_restricted_lane,junction_location,skidding_and_overturning,hit_object_in_carriageway,vehicle_leaving_carriageway,hit_object_off_carriageway,first_point_of_impact,vehicle_left_hand_drive,journey_purpose_of_driver_historic,journey_purpose_of_driver,sex_of_driver,age_of_driver,age_band_of_driver,engine_capacity_cc,propulsion_code,age_of_vehicle,generic_make_model,driver_imd_decile,lsoa_of_driver,escooter_flag,driver_distance_banding
2024111411278,2024,111411278,2,9,0,-1,19,3,7,-1,0,0,0,0,0,0,1,1,-1,9,1,66,10,1999,2,7,LAND ROVER DISCOVERY,3,E01020621,0,1
2024440033326,2024,440033326,1,9,0,12,12,4,8,0,0,0,0,0,0,0,2,1,6,6,1,21,5,2997,2,3,LAND ROVER DISCOVERY,9,E01023217,0,1
2024010515496,2024,010515496,4,9,0,2,2,0,0,0,0,2,0,4,0,0,2,1,6,6,3,-1,-1,1997,1,4,LAND ROVER DISCOVERY,-1,-1,0,-1
2024340NN2522,2024,340NN2522,2,9,0,-1,19,1,5,-1,0,3,0,0,0,0,4,1,-1,6,2,41,7,1999,2,8,LAND ROVER DISCOVERY,6,E01032964,0,1
2024351549682,2024,351549682,1,9,-1,-1,-1,-1,-1,-1,-1,0,-1,-1,-1,0,-1,9,-1,6,3,-1,-1,2720,2,20,LAND ROVER DISCOVERY,-1,-1,0,-1
2024201438897,2024,201438897,2,9,0,-1,4,3,7,-1,0,0,1,0,0,0,1,1,-1,6,1,37,7,2500,2,25,LAND ROVER DISCOVERY,1,E01010292,0,1
2024471476689,2024,471476689,1,9,0,-1,19,7,3,-1,9,0,0,0,0,0,1,1,-1,9,1,73,10,2495,2,23,LAND ROVER DISCOVERY,4,E01021207,0,4
2024361419698,2024,361419698,2,9,0,-1,19,0,0,-1,0,0,0,0,1,0,4,1,-1,6,2,60,9,2993,2,11,LAND ROVER DISCOVERY,6,E01026872,0,1
2024131433504,2024,131433504,1,9,0,-1,19,5,1,-1,0,1,0,0,0,0,1,1,-1,9,1,61,9,2993,2,13,LAND ROVER DISCOVERY,7,E01011512,0,1
2024010515758,2024,010515758,1,9,0,5,5,7,3,0,0,1,0,0,0,0,1,1,3,7,1,34,6,1999,2,4,LAND ROVER DISCOVERY,4,E01034611,0,1
2024061496006,2024,061496006,1,9,4,-1,19,7,3,-1,0,0,2,0,0,0,0,1,-1,1,1,45,7,2495,2,21,LAND ROVER DISCOVERY,9,E01005908,0,4
2024461481049,2024,461481049,1,9,0,-1,19,2,6,-1,0,0,0,0,0,0,1,1,-1,6,1,41,7,2720,2,17,LAND ROVER DISCOVERY,3,E01000090,0,3
2024451485463,2024,451485463,1,9,0,-1,5,5,1,-1,0,4,5,1,0,0,1,1,-1,7,1,48,8,1997,1,7,LAND ROVER DISCOVERY,9,E01001018,0,2
2024221468186,2024,221468186,1,9,0,-1,19,5,1,-1,0,0,0,0,0,0,4,1,-1,9,1,21,5,2993,2,14,LAND ROVER DISCOVERY,5,E01014000,0,3
2024041436198,2024,041436198,2,9,0,-1,5,7,5,-1,0,8,0,0,0,0,1,1,-1,9,1,65,9,2720,2,16,LAND ROVER DISCOVERY,4,E01012710,0,1
2024111515024,2024,111515024,3,9,0,-1,19,5,1,-1,0,0,0,0,0,0,3,1,-1,6,1,39,7,2993,2,4,LAND ROVER DISCOVERY,2,E01020877,0,3
2024041490910,2024,041490910,3,9,0,-1,19,5,1,-1,0,0,0,0,0,0,1,1,-1,7,2,45,7,1999,2,7,LAND ROVER DISCOVERY,10,E01025441,0,1
2024501509564,2024,501509564,2,9,0,-1,19,1,5,-1,0,0,5,0,0,0,2,1,-1,9,1,48,8,2993,2,11,LAND ROVER DISCOVERY,6,E01020056,0,2
2024231460242,2024,231460242,2,9,0,-1,7,5,8,-1,0,6,0,0,0,0,4,1,-1,6,1,66,10,1999,2,8,LAND ROVER DISCOVERY,9,E01031183,0,3
2024010500876,2024,010500876,1,9,0,18,19,1,5,0,0,1,0,0,0,0,1,1,6,6,1,17,4,1999,2,6,LAND ROVER DISCOVERY,7,E01001678,0,3
2024201424928,2024,201424928,1,9,0,-1,9,4,8,-1,0,6,0,0,0,0,1,1,-1,2,1,56,9,2993,2,8,LAND ROVER DISCOVERY,6,E01010132,0,1
2024451403494,2024,451403494,2,9,0,-1,19,5,1,-1,0,0,0,0,0,0,1,1,-1,9,1,58,9,2993,2,4,LAND ROVER DISCOVERY,7,E01024430,0,1
2024471454164,2024,471454164,3,9,0,-1,19,2,4,-1,0,1,0,0,0,0,1,1,-1,6,1,51,8,1999,2,8,LAND ROVER DISCOVERY,7,E01031527,0,1
2024440037915,2024,440037915,1,9,0,9,9,5,3,0,0,6,0,0,0,0,3,1,6,6,2,44,7,1999,2,7,LAND ROVER DISCOVERY,7,E01032618,0,1
2024351481861,2024,351481861,2,9,0,-1,2,0,0,-1,0,1,0,0,0,0,2,1,-1,6,-1,-1,-1,2495,2,20,LAND ROVER DISCOVERY,-1,-1,0,-1
2024440098313,2024,440098313,1,9,0,9,9,4,2,0,0,1,0,0,0,0,1,1,6,6,1,69,10,2993,2,15,LAND ROVER DISCOVERY,4,E01023019,0,2
2024991470475,2024,991470475,3,9,0,-1,19,3,7,-1,0,0,0,0,1,0,1,1,-1,9,1,32,6,2495,2,23,LAND ROVER DISCOVERY,1,-1,0,2
2024461459235,2024,461459235,2,9,0,-1,19,6,4,-1,0,1,0,10,0,0,4,9,-1,2,2,57,9,1999,2,9,LAND ROVER DISCOVERY,7,E01032814,0,1
2024010532170,2024,010532170,1,9,0,4,4,1,5,0,0,0,0,0,0,0,2,1,6,6,1,49,8,1999,2,7,LAND ROVER DISCOVERY,1,E01009539,0,5
2024340WN3922,2024,340WN3922,1,9,0,-1,9,3,1,-1,0,6,0,0,0,0,2,1,-1,2,2,51,8,2495,2,22,LAND ROVER DISCOVERY,6,E01027176,0,1
2024311420043,2024,311420043,2,9,0,-1,19,5,1,-1,0,3,0,0,0,0,4,1,-1,6,2,42,7,2495,2,28,LAND ROVER DISCOVERY,-1,-1,0,-1
2024201413519,2024,201413519,1,9,0,-1,6,8,8,-1,0,1,0,0,0,0,3,9,-1,1,1,49,8,1999,2,8,LAND ROVER DISCOVERY,10,E01021386,0,5
2024122400958,2024,122400958,2,9,0,18,19,1,5,0,0,0,0,0,0,0,1,1,6,6,1,53,8,1498,8,0,LAND ROVER DISCOVERY,7,E01008279,0,4
2024010498940,2024,010498940,2,9,0,3,3,5,1,0,0,8,0,0,0,0,2,1,6,6,1,57,9,2720,2,18,LAND ROVER DISCOVERY,5,E01021694,0,4
2024371453057,2024,371453057,2,9,0,-1,2,0,0,-1,0,1,0,0,0,0,4,1,-1,6,2,46,8,1999,2,6,LAND ROVER DISCOVERY,7,E01029902,0,1
2024302401055,2024,302401055,1,9,0,1,1,8,3,0,0,8,0,0,0,0,4,1,6,6,2,37,7,2993,2,15,LAND ROVER DISCOVERY,1,E01019761,0,1
2024991436523,2024,991436523,1,9,0,-1,19,7,3,-1,0,2,0,0,0,0,3,1,-1,9,2,67,10,2993,2,5,LAND ROVER DISCOVERY,10,-1,0,3
2024061401136,2024,061401136,2,9,0,-1,19,3,7,-1,0,1,0,0,0,0,4,9,-1,6,2,35,6,1999,2,7,LAND ROVER DISCOVERY,3,E01005216,0,1
2024471449556,2024,471449556,1,9,0,-1,19,1,5,-1,0,0,0,0,0,0,1,1,-1,1,2,38,7,2997,2,3,LAND ROVER DISCOVERY,10,E01022573,0,4
2024501438110,2024,501438110,1,9,0,-1,19,7,3,-1,0,0,5,0,7,11,2,1,-1,2,2,48,8,1999,2,6,LAND ROVER DISCOVERY,4,E01034850,0,1
2024010548521,2024,010548521,1,9,0,18,19,3,7,0,0,8,0,0,0,0,3,1,2,2,1,48,8,1999,2,8,LAND ROVER DISCOVERY,6,E01035003,0,4
2024520401659,2024,520401659,2,9,0,18,19,4,8,0,0,0,0,0,0,0,3,1,6,6,2,74,10,2720,2,18,LAND ROVER DISCOVERY,7,E01029278,0,1
2024531405539,2024,531405539,1,9,0,-1,19,5,1,-1,0,0,0,0,0,0,1,1,-1,9,1,56,9,2495,2,20,LAND ROVER DISCOVERY,6,E01022261,0,3
2024221479200,2024,221479200,1,9,0,-1,10,4,2,-1,0,8,0,0,0,0,2,1,-1,6,1,66,10,2179,2,9,LAND ROVER DISCOVERY,4,E01027960,0,4
2024421407039,2024,421407039,1,9,0,-1,19,7,3,-1,0,2,0,0,0,0,1,1,-1,6,2,38,7,1998,2,3,LAND ROVER DISCOVERY,8,E01021931,0,1
2024221476494,2024,221476494,1,9,0,-1,19,6,2,-1,0,8,0,0,0,0,1,9,-1,6,1,65,9,1999,2,7,LAND ROVER DISCOVERY,7,E01028998,0,1
2024461506812,2024,461506812,2,9,0,-1,19,7,3,-1,0,0,0,0,1,0,2,1,-1,7,2,46,8,1999,2,8,LAND ROVER DISCOVERY,4,E01016151,0,1
2024440392200,2024,440392200,2,9,0,9,9,7,8,0,0,6,0,0,0,0,3,1,6,6,1,40,7,2720,2,16,LAND ROVER DISCOVERY,10,E01022770,0,3
2024522402714,2024,522402714,3,9,0,18,19,2,6,0,0,1,0,0,0,0,1,1,6,6,2,51,8,2993,2,7,LAND ROVER DISCOVERY,9,E01014862,0,1
2024311459054,2024,311459054,1,9,0,-1,19,3,7,-1,0,1,0,0,0,0,3,1,-1,6,1,48,8,2720,2,17,LAND ROVER DISCOVERY,3,E01028339,0,2
2024320679114,2024,320679114,2,9,0,-1,-1,6,2,0,0,0,0,0,0,0,1,1,-1,-1,1,53,8,1999,2,5,LAND ROVER DISCOVERY,10,E01032993,0,1
2024351468209,2024,351468209,1,9,0,-1,9,2,8,-1,0,8,0,0,0,0,1,1,-1,7,2,42,7,1999,2,9,LAND ROVER DISCOVERY,2,E01015608,0,1
2024311497364,2024,311497364,1,9,0,-1,19,1,1,-1,0,1,0,0,0,0,1,1,-1,6,1,58,9,1999,2,5,LAND ROVER DISCOVERY,2,E01013907,0,1
2024361432102,2024,361432102,2,9,0,-1,4,2,6,-1,0,1,0,0,0,0,2,1,-1,6,2,44,7,1999,2,9,LAND ROVER DISCOVERY,8,E01026671,0,3
2024351451977,2024,351451977,1,9,0,-1,19,5,1,-1,0,0,0,0,0,0,1,1,-1,9,2,28,6,1999,2,6,LAND ROVER DISCOVERY,10,E01018256,0,1
2024421419107,2024,421419107,2,9,0,-1,4,1,5,-1,0,0,0,0,0,0,2,1,-1,2,2,56,9,2495,2,20,LAND ROVER DISCOVERY,7,E01001160,0,4
2024211525675,2024,211525675,2,9,0,-1,19,6,3,-1,0,0,1,0,0,0,3,1,-1,6,2,60,9,2997,2,2,LAND ROVER DISCOVERY,3,E01029782,0,3
2024631510062,2024,631510062,1,9,0,-1,19,6,2,-1,0,2,5,0,2,10,4,1,-1,6,1,25,5,2495,2,25,LAND ROVER DISCOVERY,5,W01000650,0,2
2024471509077,2024,471509077,1,9,0,-1,10,7,6,-1,0,6,0,0,0,0,1,1,-1,6,2,40,7,2993,2,13,LAND ROVER DISCOVERY,9,E01024791,0,3
2024361445137,2024,361445137,1,9,5,-1,19,1,5,-1,0,0,5,0,1,0,1,1,-1,9,1,61,9,2697,2,20,LAND ROVER DISCOVERY,5,E01026464,0,3
2024440341811,2024,440341811,3,9,0,3,3,1,5,0,0,0,0,0,0,0,2,1,6,6,2,63,9,2993,2,14,LAND ROVER DISCOVERY,10,E01030799,0,4
2024451435691,2024,451435691,1,9,0,-1,19,1,5,-1,0,0,0,0,0,0,3,1,-1,9,2,49,8,1999,2,4,LAND ROVER DISCOVERY,6,E01030765,0,2
2024231481901,2024,231481901,2,9,0,-1,19,6,2,-1,0,0,0,0,0,0,1,1,-1,9,1,37,7,1999,2,8,LAND ROVER DISCOVERY,10,E01031214,0,1
2024471484328,2024,471484328,2,9,0,-1,19,8,4,-1,0,6,5,0,7,11,3,1,-1,9,2,57,9,2993,2,7,LAND ROVER DISCOVERY,8,E01021086,0,3
2024141397436,2024,141397436,1,9,0,-1,11,1,1,-1,0,3,0,0,1,0,1,1,-1,6,2,38,7,1999,2,9,LAND ROVER DISCOVERY,6,E01007456,0,1
2024361492782,2024,361492782,2,9,-1,-1,8,-1,-1,-1,0,1,0,0,0,0,2,9,-1,1,1,44,7,1998,2,2,LAND ROVER DISCOVERY,7,E01026883,0,1
2024501422134,2024,501422134,1,9,0,-1,19,5,1,-1,0,1,0,0,7,4,1,1,-1,6,1,38,7,2720,2,18,LAND ROVER DISCOVERY,1,E01020094,0,1
2024411402589,2024,411402589,1,9,0,-1,19,-1,-1,-1,0,0,0,0,0,0,1,9,-1,6,2,32,6,1999,2,6,LAND ROVER DISCOVERY,6,E01023570,0,2
2024991491432,2024,991491432,1,9,0,-1,7,7,5,-1,0,1,0,0,0,0,1,1,-1,9,2,47,8,1999,2,5,LAND ROVER DISCOVERY,6,-1,0,1
2024221403967,2024,221403967,1,9,0,-1,19,3,7,-1,0,6,0,0,0,0,1,9,-1,6,1,49,8,2993,2,10,LAND ROVER DISCOVERY,4,E01028914,0,1
2024501492658,2024,501492658,2,9,4,-1,3,5,1,-1,0,6,0,0,0,0,3,1,-1,1,2,51,8,2720,2,14,LAND ROVER DISCOVERY,2,E01018897,0,4
2024501492692,2024,501492692,1,9,0,-1,19,8,4,-1,9,1,0,0,1,0,1,1,-1,1,1,45,7,1999,2,7,LAND ROVER DISCOVERY,1,E01015153,0,1
2024061400431,2024,061400431,2,9,0,-1,3,2,6,-1,0,5,0,0,0,0,2,1,-1,9,1,34,6,2993,2,4,LAND ROVER DISCOVERY,-1,-1,0,-1
2024401444100,2024,401444100,1,9,0,-1,19,1,5,-1,9,1,1,10,7,11,3,1,-1,9,1,41,7,1999,2,7,LAND ROVER DISCOVERY,4,E01015711,0,1
2024421418587,2024,421418587,2,9,0,-1,19,3,7,-1,0,0,0,0,0,0,1,1,-1,9,1,48,8,2993,2,10,LAND ROVER DISCOVERY,7,E01022097,0,2
2024430530511,2024,430530511,1,9,0,6,6,6,2,0,0,0,0,0,0,0,3,1,3,7,1,-1,-1,1999,2,8,LAND ROVER DISCOVERY,-1,-1,0,-1
2024311435389,2024,311435389,1,9,0,-1,19,5,1,-1,0,2,0,0,0,0,1,9,-1,6,1,52,8,2720,2,19,LAND ROVER DISCOVERY,-1,-1,0,-1
2024010504788,2024,010504788,3,9,0,2,2,0,0,0,0,2,0,0,0,0,3,1,6,6,3,-1,-1,1999,2,8,LAND ROVER DISCOVERY,-1,-1,0,-1
2024991473361,2024,991473361,1,9,0,-1,19,5,8,-1,0,0,2,0,0,0,1,1,-1,2,1,39,7,2993,2,6,LAND ROVER DISCOVERY,9,-1,0,4
2024221522222,2024,221522222,1,9,0,-1,19,7,2,-1,0,0,2,0,0,0,3,1,-1,7,2,46,8,1999,2,6,LAND ROVER DISCOVERY,5,E01014050,0,1
2024631402622,2024,631402622,2,9,5,-1,4,2,6,-1,0,0,0,0,0,0,0,1,-1,9,1,47,8,2993,2,4,LAND ROVER DISCOVERY,9,W01000441,0,2
2024461426919,2024,461426919,1,9,0,-1,19,5,8,-1,0,4,0,0,0,0,1,9,-1,9,2,66,10,2997,2,2,LAND ROVER DISCOVERY,7,E01024743,0,2
2024991480760,2024,991480760,3,9,0,-1,3,6,1,-1,0,0,0,0,0,0,2,1,-1,9,2,34,6,1498,8,0,LAND ROVER DISCOVERY,7,-1,0,4
2024421416512,2024,421416512,2,9,0,-1,19,1,5,-1,0,0,0,0,0,0,2,1,-1,9,1,45,7,1999,2,4,LAND ROVER DISCOVERY,2,E01016068,0,4
2024501472751,2024,501472751,2,9,0,-1,19,4,8,-1,0,0,0,0,0,0,1,1,-1,9,2,56,9,2720,2,20,LAND ROVER DISCOVERY,7,E01029312,0,4
2024552400548,2024,552400548,2,9,0,2,2,0,0,0,0,0,0,0,0,0,3,1,6,6,3,-1,-1,1999,2,7,LAND ROVER DISCOVERY,-1,-1,0,-1
2024540835224,2024,540835224,2,9,0,18,19,7,3,0,0,0,0,0,7,0,1,1,6,6,2,65,9,1999,2,4,LAND ROVER DISCOVERY,9,E01032060,0,4
2024332400597,2024,332400597,2,9,0,-1,13,5,1,-1,0,8,0,0,0,0,1,1,-1,6,1,19,4,2993,2,11,LAND ROVER DISCOVERY,5,E01026403,0,5
2024471456281,2024,471456281,1,9,0,-1,19,3,7,-1,0,0,5,0,1,9,1,1,-1,9,1,18,4,2495,2,21,LAND ROVER DISCOVERY,8,E01031633,0,4
2024351434420,2024,351434420,1,9,0,-1,19,3,7,-1,0,0,0,0,0,0,1,9,-1,6,1,25,5,2495,2,25,LAND ROVER DISCOVERY,6,E01018300,0,1
2024340WN0952,2024,340WN0952,1,9,0,-1,19,4,8,-1,0,0,0,0,0,0,1,1,-1,9,1,81,11,2720,2,18,LAND ROVER DISCOVERY,7,E01027024,0,1
2024501441136,2024,501441136,2,9,0,-1,7,2,4,-1,0,6,0,0,0,0,1,1,-1,9,2,57,9,1498,8,2,LAND ROVER DISCOVERY,4,E01020262,0,1
2024522401734,2024,522401734,1,9,0,9,9,3,1,0,0,8,0,0,0,0,1,1,6,6,1,34,6,1999,2,6,LAND ROVER DISCOVERY,7,E01029063,0,4
2024461533828,2024,461533828,2,9,0,-1,19,4,4,-1,0,0,0,0,0,0,3,1,-1,9,2,30,6,2495,2,25,LAND ROVER DISCOVERY,6,E01024067,0,1
2024471483499,2024,471483499,1,9,0,-1,10,3,1,-1,0,1,0,0,0,0,3,1,-1,6,1,54,8,2993,2,13,LAND ROVER DISCOVERY,10,E01031615,0,4
2024122500481,2024,122500481,2,9,0,18,19,7,3,0,0,1,0,0,0,0,1,1,6,6,1,39,7,2997,2,0,LAND ROVER DISCOVERY,4,E01012157,0,4
2024122401238,2024,122401238,1,9,0,5,5,3,7,0,0,2,0,0,0,0,4,1,6,6,1,35,6,2720,2,17,LAND ROVER DISCOVERY,5,E01013359,0,1
202454A360024,2024,54A360024,1,9,0,11,11,7,3,0,0,3,0,0,0,0,3,1,6,6,1,71,10,1498,8,0,LAND ROVER DISCOVERY,10,E01015021,0,4
2024411441069,2024,411441069,1,9,0,-1,19,8,4,-1,0,8,0,0,0,0,3,1,-1,2,2,37,7,1999,2,5,LAND ROVER DISCOVERY,7,E01023298,0,3
2024031464897,2024,031464897,1,9,0,-1,19,1,4,-1,0,0,0,0,0,0,0,9,-1,6,1,68,10,1998,2,3,LAND ROVER DISCOVERY,10,E01014869,0,5
2024070199414,2024,070199414,1,9,0,9,9,4,2,0,0,6,0,10,1,11,1,1,6,6,1,21,5,1999,2,4,LAND ROVER DISCOVERY,10,E01018406,0,4
2024552400402,2024,552400402,2,9,0,3,3,6,2,0,0,1,0,0,0,0,2,1,6,6,1,36,7,1999,2,6,LAND ROVER DISCOVERY,6,E01020516,0,3
2024010543706,2024,010543706,2,9,0,99,99,9,9,99,99,9,9,99,9,99,1,9,6,6,3,-1,-1,1997,1,4,LAND ROVER DISCOVERY,-1,-1,0,-1
2024010532090,2024,010532090,3,9,0,16,19,5,7,0,0,1,0,0,0,0,1,1,6,6,2,60,9,1999,2,6,LAND ROVER DISCOVERY,10,E01002339,0,3
2024471533275,2024,471533275,1,9,0,-1,6,1,5,-1,0,1,0,0,0,0,0,1,-1,6,1,57,9,2997,2,3,LAND ROVER DISCOVERY,6,E01016737,0,5
2024211473296,2024,211473296,1,9,0,-1,9,5,1,-1,0,1,0,0,0,0,1,1,-1,9,2,35,6,1999,2,6,LAND ROVER DISCOVERY,4,E01014271,0,1
2024520402920,2024,520402920,2,9,0,18,19,2,6,0,0,0,0,0,0,0,1,1,6,6,1,40,7,2495,2,23,LAND ROVER DISCOVERY,4,E01035130,0,2
2024401416680,2024,401416680,1,9,-1,-1,19,-1,-1,-1,-1,8,0,0,0,0,-1,9,-1,6,1,-1,-1,1998,2,3,LAND ROVER DISCOVERY,-1,-1,0,-1
2024302401663,2024,302401663,1,9,0,18,19,6,2,0,0,1,0,0,0,0,1,1,6,6,2,58,9,2495,2,23,LAND ROVER DISCOVERY,8,E01019755,0,1
2024471396149,2024,471396149,1,9,0,-1,19,6,2,-1,0,0,0,0,0,0,1,1,-1,9,1,46,8,1999,2,6,LAND ROVER DISCOVERY,6,E01034824,0,1
2024010501342,2024,010501342,1,9,0,18,19,3,7,0,0,0,0,4,0,0,1,1,6,6,2,43,7,1999,2,7,LAND ROVER DISCOVERY,2,E01000097,0,1
2024361457312,2024,361457312,1,9,0,-1,7,2,7,-1,0,6,0,0,0,0,2,1,-1,9,2,25,5,2720,2,15,LAND ROVER DISCOVERY,7,E01026490,0,2
2024471461482,2024,471461482,2,9,0,-1,19,1,5,-1,0,1,0,0,0,0,1,1,-1,9,2,55,8,1999,2,5,LAND ROVER DISCOVERY,9,E01024821,0,4
2024131400609,2024,131400609,1,9,0,-1,19,1,5,-1,0,1,0,0,0,0,4,1,-1,9,1,63,9,2993,2,9,LAND ROVER DISCOVERY,5,E01011269,0,1
2024221461672,2024,221461672,1,9,0,-1,19,2,6,-1,0,8,1,0,0,0,1,1,-1,9,2,51,8,1999,2,5,LAND ROVER DISCOVERY,5,E01014099,0,1
2024101421589,2024,101421589,1,9,0,-1,15,7,3,-1,0,0,0,0,0,0,0,9,-1,6,3,-1,-1,2993,2,7,LAND ROVER DISCOVERY,-1,-1,0,-1
2024131421759,2024,131421759,1,9,0,-1,19,7,3,-1,0,0,5,4,0,0,4,1,-1,6,1,39,7,1998,2,3,LAND ROVER DISCOVERY,9,E01010900,0,1
2024010522899,2024,010522899,2,9,0,4,4,3,7,0,0,0,0,4,0,0,1,1,6,6,1,49,8,1999,2,7,LAND ROVER DISCOVERY,-1,-1,0,-1
2024211465803,2024,211465803,2,9,0,-1,19,1,5,-1,0,0,0,0,0,0,1,1,-1,6,1,77,11,2993,2,13,LAND ROVER DISCOVERY,3,E01029782,0,1
2024221442412,2024,221442412,1,9,0,-1,19,2,6,-1,0,0,2,0,0,0,1,1,-1,9,1,55,8,1999,2,6,LAND ROVER DISCOVERY,3,W01001247,0,4
2024461460972,2024,461460972,1,9,0,-1,10,3,1,-1,0,1,0,0,0,0,1,1,-1,9,1,24,5,2993,2,5,LAND ROVER DISCOVERY,6,E01024346,0,1
2024351495661,2024,351495661,3,9,0,-1,4,5,1,-1,0,0,0,0,0,0,2,1,-1,6,1,44,7,2179,2,9,LAND ROVER DISCOVERY,10,E01027205,0,4
2024041532621,2024,041532621,1,9,0,-1,19,3,7,-1,0,8,0,0,0,0,1,1,-1,9,2,33,6,1999,2,8,LAND ROVER DISCOVERY,4,E01024894,0,1
2024548337324,2024,548337324,1,9,0,18,19,4,8,0,0,0,0,0,0,0,1,1,6,6,1,43,7,2495,2,21,LAND ROVER DISCOVERY,-1,-1,0,-1
2024122400136,2024,122400136,2,9,0,18,19,7,3,0,0,0,0,0,0,0,2,1,6,6,2,47,8,2997,2,0,LAND ROVER DISCOVERY,10,E01027914,0,3
2024471425324,2024,471425324,1,9,0,-1,9,1,7,-1,0,8,0,0,0,0,3,1,-1,1,1,36,7,2720,2,15,LAND ROVER DISCOVERY,1,E01020995,0,1
2024221394800,2024,221394800,1,9,4,-1,1,5,1,-1,0,6,0,0,0,0,2,9,-1,6,1,25,5,2993,2,12,LAND ROVER DISCOVERY,1,E01032469,0,1
2024131483601,2024,131483601,1,9,0,-1,19,3,7,-1,9,2,0,0,3,2,1,1,-1,6,1,53,8,2993,2,13,LAND ROVER DISCOVERY,4,E01010893,0,1
2024201432404,2024,201432404,2,9,0,-1,8,5,4,-1,0,1,0,0,0,0,3,9,-1,9,1,36,7,2997,2,0,LAND ROVER DISCOVERY,10,E01031259,0,4
2024041510534,2024,041510534,3,9,0,-1,10,1,7,-1,0,1,0,0,0,0,0,1,-1,1,1,31,6,2495,2,27,LAND ROVER DISCOVERY,4,E01012703,0,1
2024010497743,2024,010497743,1,9,0,4,4,5,1,0,0,0,0,0,0,0,1,1,6,6,2,58,9,1997,1,5,LAND ROVER DISCOVERY,4,E01033320,0,1
2024101485953,2024,101485953,1,9,0,-1,19,1,3,-1,0,8,0,0,0,0,1,1,-1,9,1,18,4,2495,2,20,LAND ROVER DISCOVERY,4,E01027373,0,3
2024320723863,2024,320723863,2,9,0,-1,-1,4,8,0,0,0,0,0,0,0,1,1,-1,-1,2,40,7,1999,2,4,LAND ROVER DISCOVERY,4,E01026259,0,1
2024211428734,2024,211428734,3,9,0,-1,19,4,7,-1,0,0,0,0,0,0,3,1,-1,9,1,68,10,1997,1,5,LAND ROVER DISCOVERY,7,E01024252,0,5
2024010526451,2024,010526451,1,9,0,99,99,9,9,99,99,9,9,99,9,99,1,9,6,6,3,-1,-1,1999,2,8,LAND ROVER DISCOVERY,-1,-1,0,-1
2024302401002,2024,302401002,1,9,0,3,3,8,4,0,0,8,0,0,0,0,2,1,6,6,1,36,7,2720,2,18,LAND ROVER DISCOVERY,-1,-1,0,-1
2024131441235,2024,131441235,1,9,0,-1,9,3,7,-1,0,1,0,0,0,0,4,1,-1,6,3,-1,-1,1997,1,6,LAND ROVER DISCOVERY,-1,-1,0,-1
202454B756424,2024,54B756424,2,9,0,18,19,1,5,0,0,6,0,0,0,0,3,1,6,6,2,42,7,1999,2,7,LAND ROVER DISCOVERY,2,E01032023,0,1
2024161441275,2024,161441275,3,9,0,-1,19,6,2,-1,0,8,0,10,3,0,1,1,-1,9,1,43,7,2720,2,19,LAND ROVER DISCOVERY,8,E01013065,0,1
2024520402457,2024,520402457,1,9,0,18,19,4,2,0,0,8,0,0,0,0,9,1,6,6,2,28,6,1997,1,6,LAND ROVER DISCOVERY,10,E01029104,0,1
2024161498763,2024,161498763,1,9,0,-1,14,8,4,-1,0,0,0,0,0,0,2,1,-1,1,1,38,7,2993,2,14,LAND ROVER DISCOVERY,1,E01007628,0,3
2024141474215,2024,141474215,1,9,0,-1,3,1,5,-1,0,0,0,0,0,0,2,1,-1,6,1,51,8,1999,2,8,LAND ROVER DISCOVERY,9,E01007749,0,2
2024501433892,2024,501433892,1,9,0,-1,10,2,8,-1,0,8,0,0,0,0,2,1,-1,7,2,30,6,1999,2,8,LAND ROVER DISCOVERY,7,E01018901,0,1
2024520000034,2024,520000034,1,9,0,18,19,2,7,0,0,0,1,0,0,0,1,1,6,6,1,61,9,2495,2,27,LAND ROVER DISCOVERY,7,E01014446,0,2
2024061397220,2024,061397220,1,9,0,-1,9,3,8,-1,0,8,0,0,0,0,1,1,-1,2,1,67,10,1999,2,7,LAND ROVER DISCOVERY,1,E01012537,0,4
2024161421245,2024,161421245,3,9,0,-1,4,1,5,-1,0,0,0,0,0,0,2,1,-1,1,2,41,7,1999,2,6,LAND ROVER DISCOVERY,8,E01013033,0,4
2024010504069,2024,010504069,2,9,0,5,5,2,6,0,0,2,0,0,0,0,1,1,6,6,3,-1,-1,1999,2,8,LAND ROVER DISCOVERY,-1,-1,0,-1
202417H107724,2024,17H107724,1,9,0,-1,19,3,7,-1,0,0,0,0,0,0,1,1,-1,6,2,40,7,1999,2,7,LAND ROVER DISCOVERY,1,E01011981,0,1