collision_index,collision_year,collision_ref_no,vehicle_reference,vehicle_type,towing_and_articulation,vehicle_manoeuvre_historic,vehicle_manoeuvre,vehicle_direction_from,vehicle_direction_to,vehicle_location_restricted_lane_historic,vehicle_location_restricted_lane,junction_location,skidding_and_overturning,hit_object_in_carriageway,vehicle_leaving_carriageway,hit_object_off_carriageway,first_point_of_impact,vehicle_left_hand_drive,journey_purpose_of_driver_historic,journey_purpose_of_driver,sex_of_driver,age_of_driver,age_band_of_driver,engine_capacity_cc,propulsion_code,age_of_vehicle,generic_make_model,driver_imd_decile,lsoa_of_driver,escooter_flag,driver_distance_banding
2024311495702,2024,311495702,2,9,0,-1,3,1,5,-1,0,0,0,0,0,0,2,1,-1,2,1,53,8,1999,2,7,LAND ROVER DISCOVERY,10,E01028391,0,3
202460Q100859,2024,60Q100859,1,9,0,7,7,4,8,0,0,4,0,0,0,0,0,1,6,6,1,69,10,1999,2,6,LAND ROVER DISCOVERY,-1,-1,0,-1
2024520401686,2024,520401686,3,9,0,18,19,7,3,0,0,0,0,0,0,0,1,1,6,6,2,37,7,2993,2,13,LAND ROVER DISCOVERY,8,E01035110,0,1
2024351527644,2024,351527644,2,9,0,-1,19,3,5,-1,0,1,0,0,0,0,1,1,-1,6,2,33,6,1998,2,3,LAND ROVER DISCOVERY,9,E01018307,0,3
2024340NN0812,2024,340NN0812,2,9,0,-1,9,6,4,-1,0,5,0,0,7,0,2,1,-1,9,1,46,8,2997,2,2,LAND ROVER DISCOVERY,8,E01027103,0,1
2024411447174,2024,411447174,2,9,0,-1,19,4,8,-1,0,1,1,0,0,0,1,1,-1,8,1,79,11,2720,2,16,LAND ROVER DISCOVERY,3,E01017562,0,1
2024451485779,2024,451485779,2,9,0,-1,19,5,1,-1,0,1,0,0,0,0,1,1,-1,9,2,50,8,1999,2,8,LAND ROVER DISCOVERY,8,E01030622,0,1
2024531502525,2024,531502525,2,9,0,-1,3,1,7,-1,0,8,0,0,0,0,2,1,-1,6,2,71,10,1999,2,7,LAND ROVER DISCOVERY,4,E01022310,0,1
2024221458871,2024,221458871,2,9,3,-1,19,6,2,-1,0,0,2,0,1,0,2,1,-1,9,1,63,9,2495,2,20,LAND ROVER DISCOVERY,6,E01028322,0,5
2024531466782,2024,531466782,3,9,0,-1,2,0,0,-1,9,2,0,0,0,0,0,1,-1,6,3,-1,-1,2495,2,27,LAND ROVER DISCOVERY,-1,-1,0,-1
2024101403180,2024,101403180,1,9,0,-1,19,5,1,-1,0,0,0,0,0,0,1,1,-1,6,1,-1,-1,2993,2,8,LAND ROVER DISCOVERY,7,E01008469,0,1
2024211486573,2024,211486573,1,9,-1,-1,-1,6,-1,-1,-1,0,-1,-1,-1,0,-1,1,-1,6,3,-1,-1,2495,2,23,LAND ROVER DISCOVERY,-1,-1,0,-1
2024411412738,2024,411412738,1,9,0,-1,19,7,3,-1,0,0,0,0,0,0,1,1,-1,6,1,75,10,2993,2,9,LAND ROVER DISCOVERY,5,E01023431,0,2
2024421505948,2024,421505948,3,9,0,-1,8,5,8,-1,0,1,0,0,0,0,3,1,-1,9,2,33,6,2179,2,9,LAND ROVER DISCOVERY,5,E01021732,0,2
2024421496516,2024,421496516,2,9,0,-1,19,8,4,-1,0,1,0,0,0,0,2,1,-1,6,2,38,7,1999,2,4,LAND ROVER DISCOVERY,3,E01021300,0,1
2024430457365,2024,430457365,1,9,0,4,4,6,2,0,0,8,1,0,0,0,1,1,6,6,1,35,6,2495,2,21,LAND ROVER DISCOVERY,-1,-1,0,-1
2024552400815,2024,552400815,2,9,0,18,19,6,2,0,0,0,0,0,0,0,2,1,6,6,2,43,7,1999,2,5,LAND ROVER DISCOVERY,7,E01020509,0,2
202417S400524,2024,17S400524,2,9,0,3,3,5,1,0,0,0,0,0,0,0,2,1,2,2,2,40,7,1999,2,7,LAND ROVER DISCOVERY,10,E01012298,0,1
2024421489543,2024,421489543,2,9,0,-1,19,6,3,-1,0,0,0,0,0,0,4,1,-1,6,1,66,10,2720,2,20,LAND ROVER DISCOVERY,10,E01021284,0,2
2024421503574,2024,421503574,2,9,0,-1,19,1,3,-1,0,1,0,0,0,0,1,1,-1,6,2,53,8,1999,2,5,LAND ROVER DISCOVERY,7,E01021695,0,1
2024141406999,2024,141406999,3,9,0,-1,19,1,5,-1,0,0,0,0,0,0,4,1,-1,9,2,30,6,1999,2,8,LAND ROVER DISCOVERY,2,E01008053,0,2
2024520402779,2024,520402779,1,9,0,18,19,3,7,0,0,0,0,0,0,0,0,1,6,6,2,36,7,2720,2,19,LAND ROVER DISCOVERY,5,E01032081,0,2
2024461413452,2024,461413452,1,9,0,-1,7,7,2,-1,0,6,0,11,0,0,1,1,-1,6,1,43,7,2993,2,7,LAND ROVER DISCOVERY,2,E01024295,0,1
2024302400275,2024,302400275,2,9,0,2,2,0,0,0,0,2,0,0,0,0,2,1,6,6,3,-1,-1,2495,2,21,LAND ROVER DISCOVERY,-1,-1,0,-1
2024471473763,2024,471473763,2,9,0,-1,19,1,5,-1,0,0,0,0,0,0,1,9,-1,6,1,53,8,2993,2,9,LAND ROVER DISCOVERY,8,E01031812,0,4
2024211431287,2024,211431287,2,9,0,-1,15,5,5,-1,0,0,0,0,0,0,1,9,-1,9,1,32,6,2720,2,18,LAND ROVER DISCOVERY,8,E01029590,0,1
2024440191903,2024,440191903,1,9,0,18,19,2,6,0,0,0,0,0,0,0,1,1,6,6,1,39,7,1999,2,8,LAND ROVER DISCOVERY,10,E01022512,0,1
2024501448484,2024,501448484,2,9,0,-1,19,7,3,-1,0,0,5,0,1,4,1,1,-1,6,2,64,9,2993,2,8,LAND ROVER DISCOVERY,4,E01020052,0,1
2024471509159,2024,471509159,2,9,0,-1,2,0,0,-1,0,0,0,0,1,0,2,1,-1,6,-1,-1,-1,1999,2,8,LAND ROVER DISCOVERY,-1,-1,0,-1
2024070372744,2024,070372744,1,9,0,5,5,1,5,0,0,1,0,0,0,0,3,1,6,6,1,81,11,1498,8,1,LAND ROVER DISCOVERY,10,E01018724,0,2
2024451482455,2024,451482455,1,9,0,-1,19,1,5,-1,0,0,0,0,0,0,1,1,-1,6,1,22,5,2993,2,6,LAND ROVER DISCOVERY,8,E01030449,0,4
2024421483462,2024,421483462,2,9,0,-1,2,0,0,-1,0,1,0,0,0,0,2,1,-1,9,1,71,10,1999,2,4,LAND ROVER DISCOVERY,-1,-1,0,-1
2024501449284,2024,501449284,1,9,0,-1,1,5,1,-1,0,1,0,0,0,0,2,9,-1,6,2,67,10,2993,2,12,LAND ROVER DISCOVERY,5,E01034642,0,2
2024371492327,2024,371492327,2,9,0,-1,19,5,1,-1,0,0,0,0,0,0,1,1,-1,2,1,58,9,2720,2,18,LAND ROVER DISCOVERY,7,E01030068,0,1
2024201437700,2024,201437700,2,9,0,-1,19,4,8,-1,0,8,1,0,0,0,4,1,-1,6,2,29,6,1999,2,7,LAND ROVER DISCOVERY,4,E01009012,0,1
2024451509371,2024,451509371,1,9,0,-1,19,5,1,-1,0,0,5,0,1,4,1,1,-1,6,2,32,6,1999,2,8,LAND ROVER DISCOVERY,6,E01030502,0,1
2024061553438,2024,061553438,2,9,0,-1,19,5,1,-1,0,8,0,0,0,0,1,1,-1,6,1,46,8,1999,2,3,LAND ROVER DISCOVERY,8,E01006131,0,1
2024401512751,2024,401512751,2,9,0,-1,9,8,4,-1,0,8,0,0,7,1,4,1,-1,9,1,38,7,1999,2,5,LAND ROVER DISCOVERY,1,E01015732,0,1
2024351429140,2024,351429140,1,9,0,-1,19,1,5,-1,0,0,1,11,0,0,1,1,-1,2,1,54,8,1999,2,7,LAND ROVER DISCOVERY,7,E01018065,0,1
2024451520994,2024,451520994,2,9,0,-1,19,3,5,-1,0,0,0,0,0,0,1,1,-1,6,2,47,8,1997,1,5,LAND ROVER DISCOVERY,10,E01023523,0,4
2024131525215,2024,131525215,2,9,0,-1,19,5,1,-1,0,0,0,0,0,0,3,1,-1,6,1,45,7,2720,2,18,LAND ROVER DISCOVERY,1,E01011347,0,1
2024461441898,2024,461441898,1,9,0,-1,12,5,8,-1,0,0,0,0,0,0,0,1,-1,9,1,53,8,2495,2,23,LAND ROVER DISCOVERY,4,E01016074,0,1
2024010547905,2024,010547905,1,9,0,99,99,9,9,99,99,9,9,99,9,99,9,9,6,6,3,-1,-1,2993,2,11,LAND ROVER DISCOVERY,8,E01002193,0,1
2024211502812,2024,211502812,1,9,0,-1,3,5,1,-1,0,1,0,0,0,0,2,1,-1,9,2,31,6,1999,2,8,LAND ROVER DISCOVERY,7,E01029476,0,1
2024430439752,2024,430439752,1,9,0,12,12,5,1,0,0,6,0,0,0,0,3,1,6,6,1,18,4,1999,2,6,LAND ROVER DISCOVERY,10,E01017774,0,3
2024061486123,2024,061486123,2,9,0,-1,2,0,0,-1,0,8,0,0,0,0,2,1,-1,9,1,61,9,2993,2,13,LAND ROVER DISCOVERY,6,E01005356,0,2
2024991433691,2024,991433691,2,9,0,-1,19,3,7,-1,0,0,5,0,0,0,1,1,-1,9,1,31,6,1999,2,5,LAND ROVER DISCOVERY,5,-1,0,4
2024501407913,2024,501407913,1,9,0,-1,9,2,7,-1,0,5,0,0,0,0,1,1,-1,7,2,46,8,1999,2,6,LAND ROVER DISCOVERY,4,E01018880,0,1
2024061399320,2024,061399320,6,9,0,-1,19,3,7,-1,0,0,0,0,0,0,3,1,-1,2,1,55,8,1498,8,3,LAND ROVER DISCOVERY,6,E01007609,0,4
2024361411729,2024,361411729,1,9,0,-1,19,8,5,-1,0,0,0,0,1,0,1,1,-1,6,1,44,7,2720,2,15,LAND ROVER DISCOVERY,6,E01033126,0,4
2024501470935,2024,501470935,2,9,0,-1,19,1,5,-1,0,7,2,0,0,0,4,1,-1,9,1,27,6,2495,2,22,LAND ROVER DISCOVERY,9,E01033234,0,3
2024440358055,2024,440358055,1,9,3,18,19,1,5,0,0,2,1,0,0,0,4,1,6,6,1,63,9,2993,2,15,LAND ROVER DISCOVERY,3,E01017349,0,3
2024411404700,2024,411404700,1,9,0,-1,5,7,5,-1,0,7,0,0,1,0,1,1,-1,9,1,41,7,2996,1,0,LAND ROVER DISCOVERY,10,E01033965,0,4
2024451525811,2024,451525811,1,9,0,-1,7,3,7,-1,9,0,0,11,1,4,1,1,-1,9,2,44,7,1999,2,8,LAND ROVER DISCOVERY,5,E01030971,0,1
2024122401064,2024,122401064,1,9,0,18,19,3,7,0,0,3,0,0,0,0,3,1,6,6,2,37,7,1998,2,3,LAND ROVER DISCOVERY,8,E01027677,0,1
2024351471915,2024,351471915,1,9,0,-1,3,4,1,-1,0,1,0,0,0,0,1,1,-1,6,1,48,8,2997,2,1,LAND ROVER DISCOVERY,6,E01033036,0,4
2024430071346,2024,430071346,1,9,0,18,19,4,8,0,0,0,0,0,0,0,1,1,6,6,2,28,6,2993,2,5,LAND ROVER DISCOVERY,3,E01000545,0,5
2024461505409,2024,461505409,1,9,0,-1,19,8,4,-1,0,1,0,0,0,0,1,1,-1,1,1,34,6,2993,2,8,LAND ROVER DISCOVERY,4,E01024364,0,3
2024371468580,2024,371468580,2,9,0,-1,19,1,5,-1,0,1,1,0,7,0,4,1,-1,6,1,47,8,2495,2,22,LAND ROVER DISCOVERY,6,E01030150,0,1
2024421401527,2024,421401527,1,9,0,-1,19,1,5,-1,0,0,0,0,0,0,3,9,-1,6,3,-1,-1,2993,2,7,LAND ROVER DISCOVERY,-1,-1,0,-1
2024010511012,2024,010511012,1,9,0,8,8,1,4,0,0,1,0,0,0,0,4,1,6,6,1,35,6,2997,2,1,LAND ROVER DISCOVERY,2,E01004289,0,1
2024061460279,2024,061460279,2,9,0,-1,19,1,5,-1,0,0,0,0,0,0,1,1,-1,6,2,42,7,2993,2,7,LAND ROVER DISCOVERY,2,E01004956,0,1
2024622400651,2024,622400651,1,9,0,18,19,1,5,0,0,0,0,0,0,0,1,1,6,6,3,-1,-1,1999,2,6,LAND ROVER DISCOVERY,-1,-1,0,-1
2024461506096,2024,461506096,2,9,0,-1,19,5,1,-1,0,0,0,0,0,0,1,1,-1,9,1,26,6,2495,2,25,LAND ROVER DISCOVERY,9,E01023969,0,4
2024610009624,2024,610009624,1,9,0,9,9,7,5,0,0,4,0,0,0,0,1,1,6,6,1,85,11,2495,2,22,LAND ROVER DISCOVERY,3,W01001395,0,1
2024440539505,2024,440539505,2,9,0,18,19,6,2,0,0,0,0,0,0,0,1,1,2,2,1,33,6,1999,2,9,LAND ROVER DISCOVERY,2,E01017153,0,2
2024052402614,2024,052402614,3,9,0,4,4,4,8,0,0,0,0,0,0,0,3,1,6,6,1,56,9,1999,2,8,LAND ROVER DISCOVERY,2,E01012377,0,2
2024041399075,2024,041399075,2,9,0,-1,19,1,5,-1,0,0,0,0,0,0,1,1,-1,2,1,60,9,2993,2,10,LAND ROVER DISCOVERY,5,E01025331,0,4
2024122400884,2024,122400884,2,9,0,18,19,7,3,0,0,0,0,0,1,9,1,1,6,6,2,53,8,2993,2,9,LAND ROVER DISCOVERY,7,E01027799,0,4
2024201505351,2024,201505351,2,9,0,-1,2,0,0,-1,0,0,0,0,0,0,2,9,-1,9,1,46,8,2993,2,13,LAND ROVER DISCOVERY,2,E01010481,0,1
2024221533281,2024,221533281,1,9,0,-1,19,4,8,-1,0,8,0,0,0,0,1,1,-1,9,2,38,7,2720,2,19,LAND ROVER DISCOVERY,2,E01032368,0,2
2024041559504,2024,041559504,1,9,0,-1,11,5,1,-1,0,0,0,0,0,0,4,1,-1,2,1,32,6,2997,2,2,LAND ROVER DISCOVERY,8,E01024923,0,3
2024440277388,2024,440277388,2,9,4,16,19,5,1,0,0,0,0,0,0,0,4,1,1,1,1,42,7,2993,2,11,LAND ROVER DISCOVERY,-1,-1,0,-1
2024531448795,2024,531448795,1,9,0,-1,19,3,7,-1,0,0,1,0,0,0,3,1,-1,6,1,52,8,1999,2,6,LAND ROVER DISCOVERY,10,E01022105,0,1
202454E287424,2024,54E287424,1,9,0,18,19,3,7,0,0,0,0,0,0,0,1,1,6,6,1,79,11,1997,1,4,LAND ROVER DISCOVERY,7,E01023166,0,3
2024302400432,2024,302400432,2,9,0,8,8,4,6,0,0,1,0,0,0,0,2,1,3,7,2,28,6,2993,2,14,LAND ROVER DISCOVERY,6,E01019882,0,1
2024221447714,2024,221447714,2,9,0,-1,4,1,5,-1,0,0,0,0,0,0,2,9,-1,6,2,40,7,2720,2,18,LAND ROVER DISCOVERY,7,E01007242,0,4
2024471403155,2024,471403155,2,9,0,-1,19,4,8,-1,0,0,0,0,0,0,1,1,-1,9,2,37,7,2720,2,18,LAND ROVER DISCOVERY,6,E01021193,0,1
2024371535844,2024,371535844,2,9,0,-1,2,0,0,-1,0,0,0,0,0,0,0,1,-1,6,-1,-1,-1,2720,2,18,LAND ROVER DISCOVERY,-1,-1,0,-1
2024351528576,2024,351528576,1,9,0,-1,19,3,7,-1,0,0,0,0,0,0,1,1,-1,6,1,46,8,2720,2,16,LAND ROVER DISCOVERY,9,E01018037,0,2
2024991462819,2024,991462819,1,9,0,-1,19,5,1,-1,0,1,0,0,0,0,4,1,-1,1,1,54,8,2993,2,14,LAND ROVER DISCOVERY,4,-1,0,5
2024991493221,2024,991493221,1,9,0,-1,19,1,5,-1,0,0,0,0,0,0,1,1,-1,9,1,49,8,1999,2,7,LAND ROVER DISCOVERY,-1,-1,0,-1
2024010504880,2024,010504880,1,9,0,18,19,1,5,0,0,1,0,0,0,0,0,1,6,6,2,55,8,2495,2,22,LAND ROVER DISCOVERY,9,E01023426,0,4
2024461457336,2024,461457336,1,3,0,-1,13,2,6,-1,0,0,1,0,0,0,1,1,-1,6,2,31,6,125,1,3,LEXMOTO MICHIGAN,7,E01024224,0,2
2024440469694,2024,440469694,1,3,0,18,19,8,4,0,0,2,1,0,0,0,4,1,6,6,1,19,4,125,1,8,LEXMOTO MICHIGAN,2,E01017366,0,2
2024122400491,2024,122400491,2,2,0,18,19,6,3,0,0,1,1,0,0,0,0,1,2,2,1,32,6,125,1,3,LEXMOTO MICHIGAN,3,E01027810,0,1
2024552400874,2024,552400874,2,3,0,18,19,8,4,0,0,0,0,0,0,0,3,1,2,2,1,39,7,125,1,2,LEXMOTO MICHIGAN,6,E01020539,0,3
2024302400548,2024,302400548,2,3,0,18,19,1,5,0,0,1,0,0,0,0,1,1,6,6,1,35,6,125,1,1,LEXMOTO MICHIGAN,2,E01019777,0,1
2024201466577,2024,201466577,2,3,0,-1,13,1,7,-1,0,0,1,0,0,0,4,1,-1,9,1,25,5,125,1,2,LEXMOTO MICHIGAN,5,E01008975,0,1
2024991419048,2024,991419048,1,3,0,-1,7,7,1,-1,0,0,5,0,0,0,0,1,-1,9,1,31,6,125,1,1,LEXMOTO MICHIGAN,3,-1,0,3
202460Q179328,2024,60Q179328,2,4,0,17,19,5,1,0,0,1,0,0,0,0,1,1,6,6,1,26,6,125,1,3,LEXMOTO MICHIGAN,-1,-1,0,-1
2024411514741,2024,411514741,1,4,0,-1,19,6,2,-1,0,0,0,0,0,0,1,1,-1,6,1,45,7,125,1,1,LEXMOTO MICHIGAN,3,E01015730,0,4
2024351518723,2024,351518723,2,4,0,-1,19,5,1,-1,0,1,0,0,0,0,1,1,-1,9,1,19,4,125,1,1,LEXMOTO MICHIGAN,3,E01018066,0,2
2024461467715,2024,461467715,2,4,0,-1,19,7,3,-1,0,1,0,10,0,0,1,1,-1,9,1,22,5,125,1,1,LEXMOTO MICHIGAN,6,E01024016,0,1
2024061457590,2024,061457590,2,3,-1,-1,19,4,8,-1,0,0,2,0,0,0,1,1,-1,6,1,19,4,125,1,7,LEXMOTO MICHIGAN,1,E01005746,0,1
2024201504378,2024,201504378,2,3,0,-1,19,2,6,-1,0,1,0,0,0,0,1,1,-1,2,1,56,9,125,1,4,LEXMOTO MICHIGAN,4,E01008888,0,2
2024520403313,2024,520403313,1,3,0,18,19,5,1,0,0,1,0,0,0,0,1,1,6,6,1,61,9,125,1,1,LEXMOTO MICHIGAN,2,E01029105,0,1
2024061521991,2024,061521991,2,3,0,-1,19,4,8,-1,0,1,5,0,0,0,1,1,-1,2,1,36,7,125,1,0,LEXMOTO MICHIGAN,1,E01005325,0,3
2024471479501,2024,471479501,2,3,0,-1,4,2,8,-1,0,1,0,0,0,0,2,1,-1,9,1,60,9,125,1,0,LEXMOTO MICHIGAN,3,E01031455,0,3
2024430353938,2024,430353938,1,3,0,17,19,7,3,0,0,0,0,0,1,9,1,1,2,2,1,29,6,125,1,2,LEXMOTO MICHIGAN,2,E01028448,0,4
2024052400085,2024,052400085,1,3,0,16,19,2,6,0,0,0,1,0,0,0,0,1,6,6,1,17,4,125,1,5,LEXMOTO MICHIGAN,2,E01006868,0,1
2024471453981,2024,471453981,1,3,0,-1,19,6,2,-1,0,2,1,0,0,0,4,1,-1,1,1,27,6,125,1,7,LEXMOTO MICHIGAN,10,E01031735,0,4
2024302400333,2024,302400333,2,4,0,18,19,3,2,0,0,8,1,0,0,0,0,1,6,6,1,52,8,125,1,4,LEXMOTO MICHIGAN,7,E01019820,0,4
2024141482664,2024,141482664,2,3,0,-1,19,7,3,-1,0,0,5,0,1,0,3,1,-1,9,2,22,5,125,1,2,LEXMOTO MICHIGAN,2,E01007770,0,2
2024311423683,2024,311423683,2,3,0,-1,19,4,8,-1,0,0,0,0,0,0,1,1,-1,6,1,43,7,125,1,2,LEXMOTO MICHIGAN,4,E01027981,0,1
2024411544257,2024,411544257,1,3,0,-1,19,1,5,-1,0,0,2,0,0,0,0,1,-1,6,1,17,4,125,1,0,LEXMOTO MICHIGAN,8,E01023590,0,3
2024440411550,2024,440411550,1,3,0,18,19,4,8,0,0,4,0,0,0,0,0,1,6,6,1,21,5,125,1,2,LEXMOTO MICHIGAN,6,E01016306,0,4
2024421490776,2024,421490776,1,3,0,-1,19,3,7,-1,0,0,2,0,1,0,1,1,-1,9,2,49,8,125,1,2,LEXMOTO MICHIGAN,7,E01021353,0,3
2024340WN4692,2024,340WN4692,2,3,0,-1,19,3,7,-1,0,1,0,0,0,0,1,1,-1,6,1,19,4,125,1,2,LEXMOTO MICHIGAN,1,E01027200,0,2
2024320513702,2024,320513702,2,4,0,7,7,7,1,0,0,0,0,0,0,0,4,1,-1,-1,1,24,5,125,1,4,LEXMOTO MICHIGAN,4,E01026019,0,3
2024041442793,2024,041442793,2,3,0,-1,3,1,5,-1,0,8,0,0,0,0,4,1,-1,9,2,19,4,125,1,8,LEXMOTO MICHIGAN,7,E01025411,0,1
2024501498376,2024,501498376,1,3,0,-1,9,8,7,-1,0,8,0,0,0,0,1,1,-1,2,1,18,4,125,1,6,LEXMOTO MICHIGAN,7,E01018819,0,3
2024320284471,2024,320284471,1,3,0,18,19,7,3,0,0,0,2,0,0,0,1,1,-1,-1,1,18,4,125,1,1,LEXMOTO MICHIGAN,6,E01026391,0,4
2024522402893,2024,522402893,1,3,0,18,19,4,8,0,0,0,0,0,0,0,1,1,6,6,1,37,7,125,1,0,LEXMOTO MICHIGAN,7,E01015013,0,1
2024320171118,2024,320171118,1,3,0,-1,-1,7,3,0,0,8,2,0,0,0,1,1,6,6,1,20,4,125,1,3,LEXMOTO MICHIGAN,8,E01026185,0,2
2024161470405,2024,161470405,1,3,0,-1,4,1,5,-1,0,1,0,0,0,0,1,1,-1,9,2,17,4,125,1,7,LEXMOTO MICHIGAN,6,E01012882,0,3
2024351499449,2024,351499449,2,4,0,-1,19,6,2,-1,0,0,0,0,0,0,2,1,-1,9,1,18,4,125,1,4,LEXMOTO MICHIGAN,5,E01026493,0,4
2024440533578,2024,440533578,1,2,0,18,19,1,5,0,0,0,0,10,0,0,4,1,1,1,1,19,4,125,1,0,LEXMOTO MICHIGAN,9,E01032877,0,1
2024421497535,2024,421497535,2,4,0,-1,19,3,7,-1,0,0,0,0,0,0,1,1,-1,9,1,65,9,125,1,0,LEXMOTO MICHIGAN,1,E01022025,0,1
2024461421999,2024,461421999,1,3,0,-1,9,1,7,-1,0,5,0,0,0,0,1,1,-1,2,1,18,4,125,1,5,LEXMOTO MICHIGAN,3,E01016044,0,3
2024501476275,2024,501476275,2,3,0,-1,19,4,8,-1,0,1,0,0,1,0,2,1,-1,9,1,17,4,125,1,8,LEXMOTO MICHIGAN,4,E01018895,0,1
2024440096003,2024,440096003,2,3,0,18,19,2,6,0,0,8,0,0,0,0,1,1,6,6,1,26,6,125,1,4,LEXMOTO MICHIGAN,6,E01017273,0,1
2024211528951,2024,211528951,1,3,0,-1,19,1,5,-1,0,0,0,0,0,0,1,1,-1,6,1,44,7,125,1,8,LEXMOTO MICHIGAN,4,E01021842,0,5
2024161418981,2024,161418981,1,9,0,-1,13,2,6,-1,0,0,1,0,0,0,2,1,-1,9,1,36,7,2992,1,2,-1,2,E01013131,0,2
2024201529584,2024,201529584,1,9,0,-1,5,1,5,-1,0,8,0,0,0,0,3,9,-1,6,3,26,6,1995,2,12,-1,-1,-1,0,-1
2024501419179,2024,501419179,1,9,0,-1,9,7,5,-1,0,8,0,0,0,0,1,9,-1,6,2,64,9,1598,1,10,-1,2,E01015168,0,1
2024010511969,2024,010511969,2,9,0,18,19,8,4,0,0,1,0,0,0,0,1,1,2,2,1,27,6,1598,1,10,-1,9,E01023525,0,3
2024070306785,2024,070306785,2,9,0,18,19,6,4,0,0,0,0,0,0,0,4,1,6,6,2,53,8,1598,1,10,-1,8,E01018673,0,2
2024131506868,2024,131506868,1,9,0,-1,19,1,1,-1,0,8,0,0,0,0,3,1,-1,2,2,56,9,1598,1,10,-1,4,E01010688,0,2
2024631414841,2024,631414841,5,9,0,-1,2,0,0,-1,-1,2,0,0,0,0,1,2,-1,6,-1,-1,-1,1598,1,12,-1,-1,-1,0,-1
2024351460062,2024,351460062,1,2,0,-1,19,2,6,-1,0,1,5,0,7,3,1,1,-1,6,1,47,8,49,1,-1,-1,3,E01018160,0,1
2024201534980,2024,201534980,1,9,0,-1,1,5,1,-1,0,1,0,0,0,0,2,9,-1,6,1,44,7,-1,3,0,-1,5,E01009580,0,1
2024131478054,2024,131478054,2,4,0,-1,19,7,3,-1,0,2,0,0,0,0,1,1,-1,9,1,23,5,403,1,12,-1,3,E01010950,0,2
2024440441439,2024,440441439,2,9,0,18,19,7,3,0,0,0,0,0,1,11,2,1,6,6,2,36,7,1364,2,13,TOYOTA URBAN CRUISER,4,E01035447,0,1
2024201467527,2024,201467527,2,9,0,-1,10,3,1,-1,0,1,0,0,0,0,2,1,-1,6,1,38,7,1329,1,12,TOYOTA URBAN CRUISER,3,E01009884,0,1
2024302401495,2024,302401495,1,9,0,18,19,1,5,0,0,0,0,0,0,0,4,1,6,6,1,57,9,1364,2,14,TOYOTA URBAN CRUISER,1,E01013568,0,1
2024122400657,2024,122400657,2,9,0,4,4,8,4,0,0,1,0,0,0,0,1,1,2,2,1,57,9,1364,2,13,TOYOTA URBAN CRUISER,7,E01027593,0,1
2024101450810,2024,101450810,1,9,0,-1,13,3,3,-1,0,0,5,0,0,0,1,1,-1,6,1,20,4,1364,2,13,TOYOTA URBAN CRUISER,-1,-1,0,-1
2024041477012,2024,041477012,1,9,0,-1,19,2,6,-1,9,1,0,0,0,0,0,1,-1,9,2,64,9,1329,1,15,TOYOTA URBAN CRUISER,6,E01034763,0,1
2024111480315,2024,111480315,2,9,-1,-1,19,7,3,-1,0,0,0,0,0,0,2,9,-1,6,1,34,6,1364,2,14,TOYOTA URBAN CRUISER,-1,-1,0,-1
2024052400127,2024,052400127,1,9,0,9,9,5,3,0,0,1,0,0,0,0,1,1,6,6,2,23,5,1364,2,13,TOYOTA URBAN CRUISER,1,E01007003,0,1
2024061434676,2024,061434676,1,9,-1,-1,-1,-1,-1,-1,-1,-1,-1,-1,-1,0,-1,9,-1,6,3,-1,-1,1329,1,14,TOYOTA URBAN CRUISER,-1,-1,0,-1
2024010489738,2024,010489738,4,9,0,2,2,0,0,0,0,1,0,0,0,0,4,1,6,6,3,-1,-1,1329,1,15,TOYOTA URBAN CRUISER,-1,-1,0,-1
2024351453867,2024,351453867,2,9,0,-1,9,7,5,-1,0,0,0,0,0,0,1,1,-1,2,2,44,7,2400,2,11,VOLVO V60,8,E01018289,0,1
2024211436695,2024,211436695,1,9,0,-1,19,8,2,-1,0,1,0,0,0,0,1,1,-1,9,1,37,7,1969,2,7,VOLVO V60,1,E01014220,0,1
2024122500042,2024,122500042,3,9,0,3,3,8,4,0,0,8,0,0,0,0,2,1,6,6,1,19,4,1969,2,7,VOLVO V60,10,E01010150,0,5
2024031448215,2024,031448215,2,9,0,-1,19,5,5,-1,0,1,0,0,0,0,0,1,-1,8,1,-1,-1,1969,8,3,VOLVO V60,4,E01019332,0,4
2024430509666,2024,430509666,1,9,0,7,7,6,8,0,0,6,0,0,0,0,1,1,1,1,2,81,11,1969,1,7,VOLVO V60,6,E01022489,0,3
2024411451877,2024,411451877,2,9,0,-1,19,5,1,-1,0,8,0,0,0,0,3,1,-1,1,1,28,6,1969,12,0,VOLVO V60,2,E01023844,0,1
2024471461994,2024,471461994,3,9,0,-1,19,7,3,-1,0,1,0,0,0,0,0,1,-1,1,1,51,8,1969,-1,0,VOLVO V60,2,E01033383,0,3
2024141479850,2024,141479850,1,9,0,-1,19,6,2,-1,0,4,1,0,1,1,3,1,-1,1,1,31,6,1969,8,1,VOLVO V60,2,E01007336,0,2