collision_index,collision_year,collision_ref_no,vehicle_reference,vehicle_type,towing_and_articulation,vehicle_manoeuvre_historic,vehicle_manoeuvre,vehicle_direction_from,vehicle_direction_to,vehicle_location_restricted_lane_historic,vehicle_location_restricted_lane,junction_location,skidding_and_overturning,hit_object_in_carriageway,vehicle_leaving_carriageway,hit_object_off_carriageway,first_point_of_impact,vehicle_left_hand_drive,journey_purpose_of_driver_historic,journey_purpose_of_driver,sex_of_driver,age_of_driver,age_band_of_driver,engine_capacity_cc,propulsion_code,age_of_vehicle,generic_make_model,driver_imd_decile,lsoa_of_driver,escooter_flag,driver_distance_banding
2024311503705,2024,311503705,1,9,0,-1,4,5,1,-1,0,1,0,0,0,0,1,9,-1,6,1,43,7,1969,2,5,VOLVO V60,3,E01028248,0,1
2024211428550,2024,211428550,4,9,0,-1,19,1,5,-1,0,0,0,0,0,0,0,1,-1,1,1,34,6,1969,8,2,VOLVO V60,8,E01034049,0,3
2024070463500,2024,070463500,2,9,0,18,19,8,3,0,0,8,0,0,0,0,3,1,6,6,1,51,8,1969,2,9,VOLVO V60,1,E01007155,0,3
2024161422532,2024,161422532,2,9,0,-1,2,0,0,-1,0,1,0,0,0,0,2,1,-1,6,-1,-1,-1,1969,1,9,VOLVO V60,-1,-1,0,-1
2024211428550,2024,211428550,3,9,0,-1,19,1,5,-1,0,0,0,0,0,0,0,1,-1,1,1,29,6,1969,8,2,VOLVO V60,8,E01034049,0,3
2024548609824,2024,548609824,1,9,0,9,9,6,4,0,0,6,0,0,0,0,3,1,6,6,1,66,10,1969,2,5,VOLVO V60,7,E01015513,0,1
2024520002153,2024,520002153,2,9,0,9,9,3,1,0,0,8,0,0,0,0,1,1,6,6,2,70,10,1969,1,6,VOLVO V60,7,E01014702,0,2
2024421472714,2024,421472714,1,9,0,-1,13,2,6,-1,0,0,0,0,0,0,4,1,-1,1,1,40,7,1969,8,2,VOLVO V60,6,E01021750,0,4
2024401460421,2024,401460421,1,9,0,-1,5,7,3,-1,0,1,0,0,0,0,3,1,-1,2,1,39,7,1969,8,1,VOLVO V60,10,E01017373,0,1
2024041451789,2024,041451789,3,9,0,-1,19,5,1,-1,0,1,0,0,0,0,1,1,-1,1,1,41,7,1969,8,3,VOLVO V60,8,E01025074,0,3
2024461437305,2024,461437305,2,9,0,-1,12,1,5,-1,0,0,0,0,0,0,1,9,-1,9,1,52,8,1969,2,6,VOLVO V60,10,E01030837,0,3
2024552400330,2024,552400330,2,9,0,2,2,0,0,0,0,0,0,0,0,0,1,1,6,6,3,-1,-1,1969,8,2,VOLVO V60,-1,-1,0,-1
2024501477798,2024,501477798,2,9,0,-1,19,3,7,-1,0,0,0,0,0,0,2,1,-1,9,1,63,9,1969,2,7,VOLVO V60,3,E01018759,0,4
2024991448476,2024,991448476,1,9,0,-1,3,5,1,-1,0,0,0,0,0,0,3,1,-1,6,2,38,7,1969,2,9,VOLVO V60,-1,-1,0,-1
2024311397724,2024,311397724,1,9,0,-1,4,1,5,-1,0,0,0,0,0,0,0,1,-1,9,2,57,9,2400,2,13,VOLVO V60,10,E01028403,0,1
2024991426943,2024,991426943,1,9,0,-1,10,8,5,-1,0,1,0,0,0,0,2,1,-1,6,1,36,7,1969,2,9,VOLVO V60,9,-1,0,1
2024061469689,2024,061469689,1,9,0,-1,19,5,1,-1,0,0,0,0,0,0,4,1,-1,1,1,38,7,1969,8,1,VOLVO V60,9,E01005742,0,3
2024631456162,2024,631456162,2,9,0,-1,4,6,2,-1,0,0,0,0,0,0,2,1,-1,6,1,74,10,1969,2,6,VOLVO V60,5,W01002012,0,1
2024041418569,2024,041418569,2,9,0,-1,7,3,5,-1,0,1,0,0,0,0,2,1,-1,2,2,32,6,2400,2,8,VOLVO V60,7,E01025333,0,1
2024141501346,2024,141501346,1,9,0,-1,5,7,3,-1,0,1,0,10,0,0,2,1,-1,2,1,57,9,2400,2,9,VOLVO V60,9,E01006062,0,4
2024361530832,2024,361530832,2,8,0,-1,19,3,7,-1,0,1,0,0,0,0,3,1,-1,1,2,53,8,1969,2,7,VOLVO V60,3,E01026602,0,1
2024522401616,2024,522401616,1,9,0,18,19,6,2,0,0,0,0,4,0,0,1,1,6,6,1,41,7,1984,2,11,VOLVO V60,7,E01014858,0,1
2024361503668,2024,361503668,3,9,0,-1,2,0,0,-1,0,0,0,0,0,0,1,1,-1,6,1,37,7,1560,2,13,VOLVO V60,2,E01026630,0,2
2024122500185,2024,122500185,1,9,0,10,10,6,4,0,0,1,0,0,0,0,3,1,6,6,1,42,7,1969,2,5,VOLVO V60,8,E01027691,0,1
2024201436427,2024,201436427,1,9,0,-1,19,6,3,-1,0,0,0,0,0,0,1,1,-1,6,1,54,8,1969,2,9,VOLVO V60,1,E01009540,0,1
202454C944024,2024,54C944024,2,9,0,18,19,7,3,0,0,0,0,0,0,0,1,1,6,6,1,55,8,1969,1,6,VOLVO V60,9,E01030317,0,5
2024430442241,2024,430442241,2,9,0,18,19,4,8,0,0,0,0,0,0,0,4,1,6,6,1,45,7,1969,2,5,VOLVO V60,-1,-1,0,-1
2024401432253,2024,401432253,1,9,0,-1,4,2,6,-1,0,0,0,0,0,0,1,1,-1,8,1,27,6,1969,8,1,VOLVO V60,-1,-1,0,-1
2024461469355,2024,461469355,1,9,0,-1,19,6,4,-1,0,0,0,0,0,0,1,9,-1,6,1,46,8,2400,12,8,VOLVO V60,7,E01024456,0,1
2024221520302,2024,221520302,3,9,0,-1,19,8,5,-1,0,0,0,0,1,0,3,1,-1,9,1,84,11,2400,2,12,VOLVO V60,10,E01014067,0,2
2024122400537,2024,122400537,2,9,0,17,19,4,8,0,0,0,0,0,0,0,1,1,6,6,2,73,10,1969,1,5,VOLVO V60,6,E01027780,0,2
2024211453342,2024,211453342,3,9,0,-1,19,4,4,-1,0,0,0,0,0,0,1,1,-1,8,1,34,6,1969,8,2,VOLVO V60,-1,-1,0,-1
2024991458704,2024,991458704,2,9,0,-1,2,0,0,-1,0,0,0,0,0,0,3,1,-1,6,-1,-1,-1,1969,8,4,VOLVO V60,-1,-1,0,-1
2024440085575,2024,440085575,1,9,0,18,19,2,6,0,0,8,1,0,1,0,1,1,1,1,1,30,6,1969,-1,1,VOLVO V60,-1,-1,0,-1
2024361404999,2024,361404999,1,9,0,-1,1,4,8,-1,0,0,0,0,0,0,2,1,-1,9,1,25,5,1560,2,12,VOLVO V60,6,E01026580,0,3
2024101426827,2024,101426827,2,9,0,-1,9,5,3,-1,0,8,0,0,0,0,3,1,-1,6,1,55,8,1560,2,12,VOLVO V60,6,E01008687,0,1
2024440373544,2024,440373544,1,9,0,18,19,6,2,0,0,0,0,0,0,0,1,1,2,2,1,37,7,1560,2,12,VOLVO V60,2,E01017238,0,4
2024552401365,2024,552401365,2,9,0,18,19,6,2,0,0,8,0,0,1,10,3,1,6,6,1,33,6,1969,2,9,VOLVO V60,6,E01020541,0,1
2024221470761,2024,221470761,2,9,0,-1,4,4,8,-1,0,1,0,0,0,0,2,9,-1,6,1,42,7,1560,2,13,VOLVO V60,4,E01035072,0,2
2024401527712,2024,401527712,2,9,0,-1,4,3,7,-1,0,0,0,0,0,0,1,1,-1,6,1,44,7,2400,12,6,VOLVO V60,5,E01023429,0,3
2024231498949,2024,231498949,3,9,0,-1,19,4,8,-1,0,0,0,0,0,0,2,1,-1,6,1,49,8,1969,8,3,VOLVO V60,9,E01025817,0,3
2024041512274,2024,041512274,1,9,0,-1,9,1,3,-1,0,8,0,0,0,0,1,1,-1,2,1,32,6,1560,2,12,VOLVO V60,9,E01006229,0,3
2024631405265,2024,631405265,2,9,0,-1,19,2,6,-1,0,1,0,0,0,0,1,1,-1,9,1,27,6,2400,2,11,VOLVO V60,3,W01000586,0,1
2024351429521,2024,351429521,3,9,0,-1,19,7,4,-1,0,0,0,0,0,0,0,1,-1,1,1,-1,-1,1969,8,1,VOLVO V60,6,E01034437,0,2
2024361404415,2024,361404415,1,9,0,-1,13,4,8,-1,0,1,0,0,0,0,1,1,-1,2,1,25,5,1984,2,12,VOLVO V60,-1,-1,0,-1
2024421433923,2024,421433923,1,9,0,-1,5,1,6,-1,0,2,0,0,7,0,3,1,-1,6,2,71,10,2400,2,13,VOLVO V60,7,E01021540,0,1
2024010507056,2024,010507056,1,9,0,18,19,7,3,0,0,8,0,0,0,0,1,1,1,1,1,48,8,1969,1,4,VOLVO V60,5,E01004733,0,1
2024201529848,2024,201529848,1,9,0,-1,5,8,4,-1,0,4,0,0,0,0,1,1,-1,9,1,24,5,1969,8,0,VOLVO V60,5,E01009008,0,1
2024311480580,2024,311480580,3,9,0,-1,19,3,7,-1,0,1,0,0,0,0,1,1,-1,1,1,35,6,1969,2,8,VOLVO V60,-1,-1,0,-1
2024631475999,2024,631475999,2,9,0,-1,4,4,8,-1,0,0,0,0,0,0,2,1,-1,6,1,40,7,1560,2,11,VOLVO V60,1,E01006874,0,5
2024211512509,2024,211512509,1,9,0,-1,5,7,3,-1,0,1,0,0,0,0,1,1,-1,1,1,42,7,1969,12,2,VOLVO V60,-1,-1,0,-1
2024041424011,2024,041424011,2,9,0,-1,2,4,8,-1,0,0,0,0,0,0,4,1,-1,6,-1,-1,-1,1969,8,3,VOLVO V60,-1,-1,0,-1
2024991412571,2024,991412571,2,9,0,-1,4,6,2,-1,0,4,0,0,0,0,1,1,-1,6,1,72,10,1969,2,7,VOLVO V60,-1,-1,0,-1
2024010553146,2024,010553146,1,9,0,99,99,9,9,99,99,9,9,99,9,99,1,9,6,6,1,48,8,1969,2,10,VOLVO V60,6,E01033867,0,3
2024461487918,2024,461487918,1,9,0,-1,4,5,7,-1,0,1,0,0,0,0,1,9,-1,6,1,32,6,1969,2,9,VOLVO V60,6,E01035310,0,2
2024471533423,2024,471533423,1,9,0,-1,14,6,2,-1,0,0,0,4,0,0,1,9,-1,6,1,43,7,1969,8,3,VOLVO V60,6,E01020962,0,1
2024351444068,2024,351444068,5,9,0,-1,19,3,8,-1,0,3,0,0,0,0,1,1,-1,1,1,37,7,1969,8,1,VOLVO V60,6,E01034438,0,4
2024211525824,2024,211525824,2,9,0,-1,7,3,6,-1,0,1,1,10,0,0,1,1,-1,1,1,39,7,1969,8,2,VOLVO V60,-1,-1,0,-1
2024340WN3622,2024,340WN3622,3,9,0,-1,19,2,6,-1,0,0,0,0,0,0,3,1,-1,9,1,58,9,1595,1,10,VOLVO V60,10,E01028596,0,4
2024430394043,2024,430394043,3,9,0,13,13,3,7,0,0,0,0,0,0,0,0,1,1,1,1,21,5,1969,8,2,VOLVO V60,10,E01028698,0,1
2024010508359,2024,010508359,1,9,0,18,19,3,7,0,0,2,0,0,0,0,1,1,6,6,2,33,6,1969,2,4,VOLVO V60,4,E01002589,0,3
2024141481134,2024,141481134,1,9,0,-1,19,8,3,-1,0,1,0,0,0,0,1,1,-1,1,1,32,6,1969,8,0,VOLVO V60,1,E01007714,0,2
2024401490696,2024,401490696,1,9,0,-1,19,5,1,-1,0,1,0,0,0,0,3,1,-1,1,1,39,7,1969,8,1,VOLVO V60,-1,-1,0,-1
2024440555678,2024,440555678,2,9,0,18,19,5,1,0,0,0,1,0,7,4,3,1,6,6,1,29,6,1969,2,8,VOLVO V60,8,E01023274,0,2
2024991456352,2024,991456352,1,9,0,-1,19,4,8,-1,0,0,1,0,0,0,1,1,-1,6,1,60,9,1560,2,11,VOLVO V60,4,-1,0,1
2024471475534,2024,471475534,2,9,0,-1,19,7,3,-1,0,1,0,0,0,0,4,1,-1,9,1,59,9,1969,2,7,VOLVO V60,9,E01031458,0,1
2024411445691,2024,411445691,3,9,0,-1,19,6,2,-1,0,0,0,0,0,0,0,1,-1,1,1,32,6,1969,8,3,VOLVO V60,2,E01035570,0,3
2024522402106,2024,522402106,1,9,0,18,19,3,7,0,0,8,0,0,0,0,1,1,6,6,1,55,8,1969,2,5,VOLVO V60,7,E01014763,0,3
2024302401296,2024,302401296,1,9,0,17,19,7,5,0,0,1,0,0,0,0,1,1,6,6,1,54,8,1969,8,0,VOLVO V60,10,E01019610,0,1
2024010510198,2024,010510198,2,9,0,99,99,9,9,99,99,9,9,99,9,99,9,9,6,6,3,-1,-1,2400,-1,8,VOLVO V60,3,E01034389,0,1
2024201458841,2024,201458841,1,9,0,-1,5,1,5,-1,0,0,0,0,0,0,1,9,-1,2,1,45,7,1969,2,5,VOLVO V60,1,E01009161,0,2
2024411455263,2024,411455263,1,9,0,-1,5,7,3,-1,0,8,0,0,0,0,1,1,-1,1,1,21,5,1969,12,0,VOLVO V60,9,E01023432,0,3
2024061399359,2024,061399359,2,9,0,-1,19,3,7,-1,0,0,0,0,0,0,2,9,-1,6,2,56,9,1969,8,3,VOLVO V60,10,E01018690,0,4
2024351428354,2024,351428354,2,9,0,-1,2,0,0,-1,0,0,0,0,0,0,2,9,-1,6,1,37,7,1969,8,3,VOLVO V60,6,E01034438,0,1
2024052402146,2024,052402146,1,9,0,18,19,3,7,0,0,0,0,0,0,0,4,1,1,1,1,43,7,1969,8,3,VOLVO V60,-1,-1,0,-1
2024401493985,2024,401493985,4,9,0,-1,19,7,1,-1,0,8,0,0,0,0,0,1,-1,1,1,-1,-1,1969,8,3,VOLVO V60,-1,-1,0,-1
2024461408472,2024,461408472,1,9,0,-1,19,5,1,-1,0,0,1,0,0,0,1,1,-1,6,1,39,7,1969,2,7,VOLVO V60,10,E01024748,0,3
2024351470781,2024,351470781,1,9,0,-1,2,0,0,-1,0,1,0,0,0,0,1,1,-1,1,1,-1,-1,1969,8,3,VOLVO V60,-1,-1,0,-1
2024430272818,2024,430272818,2,9,0,18,19,4,8,0,0,1,0,0,0,0,1,1,2,2,2,30,6,1969,2,5,VOLVO V60,6,E01035730,0,3
2024201416379,2024,201416379,4,9,0,-1,4,5,5,-1,0,1,0,0,0,0,0,1,-1,1,1,39,7,1969,8,2,VOLVO V60,-1,-1,0,-1
2024101399012,2024,101399012,1,9,0,-1,5,7,7,-1,0,0,0,0,0,0,1,1,-1,6,1,31,6,1984,2,11,VOLVO V60,5,E01027474,0,4
2024351516221,2024,351516221,1,9,0,-1,19,5,1,-1,0,0,0,0,0,0,1,1,-1,6,1,-1,-1,2400,2,11,VOLVO V60,5,E01018213,0,2
2024411405221,2024,411405221,1,9,0,-1,4,1,5,-1,0,0,0,0,0,0,0,1,-1,1,1,39,7,1969,8,1,VOLVO V60,-1,-1,0,-1
2024010548388,2024,010548388,1,9,0,18,19,4,8,0,0,8,0,0,0,0,1,1,6,6,1,46,8,2400,-1,8,VOLVO V60,4,E01002726,0,1
2024371417653,2024,371417653,1,9,0,-1,19,3,7,-1,0,0,0,0,0,0,3,1,-1,6,2,35,6,1560,2,11,VOLVO V60,6,E01030052,0,1
2024430164528,2024,430164528,1,9,0,18,19,1,5,0,0,1,0,9,3,4,1,1,6,6,1,57,9,1969,8,4,VOLVO V60,-1,-1,0,-1
2024201395153,2024,201395153,4,9,0,-1,19,1,6,-1,0,0,0,0,0,0,2,9,-1,6,1,-1,-1,1969,8,3,VOLVO V60,-1,-1,0,-1
2024440524825,2024,440524825,3,9,0,18,19,7,3,0,0,6,0,0,0,0,0,1,6,6,1,-1,-1,1969,-1,0,VOLVO V60,-1,-1,0,-1
2024991506489,2024,991506489,2,9,0,-1,19,7,3,-1,0,1,0,0,0,0,4,1,-1,6,2,53,8,1969,8,4,VOLVO V60,-1,-1,0,-1
2024401400040,2024,401400040,3,9,0,-1,19,5,1,-1,0,0,0,0,0,0,1,1,-1,9,1,-1,-1,1969,8,3,VOLVO V60,-1,-1,0,-1
2024201451096,2024,201451096,5,9,0,-1,19,1,6,-1,0,0,0,0,0,0,0,1,-1,8,2,28,6,1969,8,3,VOLVO V60,4,E01009234,0,3
2024131449863,2024,131449863,2,9,0,-1,2,7,3,-1,0,0,0,0,0,0,2,1,-1,6,3,-1,-1,1560,2,13,VOLVO V60,-1,-1,0,-1
2024052401024,2024,052401024,1,9,0,18,19,6,2,0,0,1,0,0,0,0,0,1,1,1,1,-1,-1,1969,8,3,VOLVO V60,-1,-1,0,-1
2024231480376,2024,231480376,1,9,0,-1,19,2,5,-1,0,1,1,0,7,4,1,1,-1,1,1,31,6,1969,8,2,VOLVO V60,5,E01031309,0,3
2024501401415,2024,501401415,3,9,0,-1,19,2,6,-1,0,0,0,0,0,0,1,1,-1,6,1,65,9,1984,2,12,VOLVO V60,5,E01018783,0,1
2024451398986,2024,451398986,1,9,0,-1,9,5,3,-1,0,2,0,0,0,0,1,1,-1,7,1,47,8,1969,1,5,VOLVO V60,9,E01030513,0,1
2024211507793,2024,211507793,2,9,0,-1,19,7,3,-1,0,0,0,0,0,0,1,1,-1,1,1,26,6,1969,12,2,VOLVO V60,5,E01029627,0,3
2024552401480,2024,552401480,2,9,0,18,19,2,6,0,0,0,0,0,0,0,1,1,6,6,1,52,8,1969,8,1,VOLVO V60,7,E01015352,0,1
2024371436988,2024,371436988,2,9,0,-1,19,1,5,-1,0,0,0,0,0,0,1,1,-1,6,2,45,7,1969,2,8,VOLVO V60,7,E01029965,0,1
2024070100596,2024,070100596,2,9,0,18,19,2,5,0,0,0,0,0,0,0,2,1,2,2,2,52,8,2400,2,11,VOLVO V60,-1,-1,0,-1
2024211503414,2024,211503414,3,9,0,-1,19,1,1,-1,0,1,0,0,0,0,1,1,-1,1,1,33,6,1969,8,2,VOLVO V60,-1,-1,0,-1
2024131475780,2024,131475780,2,9,0,-1,19,5,1,-1,0,0,0,0,0,0,4,1,-1,9,1,54,8,1560,2,13,VOLVO V60,2,E01011919,0,2
2024522401613,2024,522401613,1,9,0,18,19,6,2,0,0,0,0,0,0,0,4,1,6,6,1,63,9,1969,8,3,VOLVO V60,9,W01001590,0,4
2024421403200,2024,421403200,2,9,0,-1,19,4,8,-1,0,0,1,0,0,0,1,9,-1,9,1,38,7,1560,2,10,VOLVO V60,2,E01021322,0,4
2024052400060,2024,052400060,3,9,0,18,19,5,1,0,0,0,0,0,0,0,4,1,1,1,1,35,6,1969,8,3,VOLVO V60,-1,-1,0,-1
2024991528434,2024,991528434,2,9,0,-1,19,7,3,-1,0,0,0,0,0,0,3,1,-1,9,1,47,8,1969,12,3,VOLVO V60,9,-1,0,4
2024461406222,2024,461406222,2,9,0,-1,4,5,1,-1,0,0,0,0,0,0,1,9,-1,1,2,52,8,1560,2,10,VOLVO V60,6,E01024806,0,2
2024991528757,2024,991528757,1,9,0,-1,19,7,8,-1,0,0,0,0,0,0,3,1,-1,2,1,36,7,1969,8,3,VOLVO V60,4,-1,0,1
2024211405356,2024,211405356,1,9,0,-1,19,1,5,-1,0,0,5,11,1,3,1,1,-1,1,2,34,6,1969,12,2,VOLVO V60,2,E01029604,0,2
2024161468970,2024,161468970,1,9,0,-1,7,3,5,-1,0,6,0,0,0,0,1,1,-1,6,2,86,11,1969,1,7,VOLVO V60,10,E01033496,0,2
2024201421611,2024,201421611,1,9,0,-1,7,4,7,-1,0,4,0,0,0,0,1,1,-1,6,1,34,6,1984,2,10,VOLVO V60,8,E01010333,0,3
2024010531761,2024,010531761,2,4,0,15,15,2,6,0,0,8,0,0,0,0,1,1,6,6,1,31,6,659,1,3,APRILIA TUONO,4,E01003129,0,1
2024231517672,2024,231517672,2,5,0,-1,19,6,2,-1,0,8,0,0,0,0,2,1,-1,2,1,63,9,999,1,12,APRILIA TUONO,6,E01035022,0,1
2024401469233,2024,401469233,2,5,0,-1,4,5,1,-1,0,0,0,0,0,0,2,1,-1,9,1,55,8,998,1,18,APRILIA TUONO,8,E01023636,0,3
2024501505851,2024,501505851,2,5,0,-1,13,5,1,-1,0,1,1,0,0,0,3,1,-1,9,1,54,8,1077,1,1,APRILIA TUONO,8,E01015111,0,4
2024211431991,2024,211431991,1,5,0,-1,13,3,7,-1,0,1,0,0,0,0,1,1,-1,6,1,26,6,1077,1,1,APRILIA TUONO,2,E01029426,0,1
2024522401243,2024,522401243,1,3,0,14,14,1,5,0,0,8,0,0,0,0,1,1,6,6,1,22,5,124,1,2,APRILIA TUONO,6,E01014986,0,1
2024320379953,2024,320379953,3,5,0,18,19,6,2,0,0,0,0,0,0,0,2,1,6,6,1,42,7,659,1,1,APRILIA TUONO,9,E01018431,0,5
2024221456397,2024,221456397,1,5,0,-1,19,8,4,-1,0,0,0,0,0,0,1,1,-1,9,1,55,8,999,1,13,APRILIA TUONO,8,E01009728,0,3
2024221492992,2024,221492992,1,5,0,-1,19,4,7,-1,0,0,1,10,7,0,4,1,-1,6,1,46,8,999,1,13,APRILIA TUONO,9,W01002000,0,4
2024302400137,2024,302400137,2,5,0,14,14,4,8,0,0,1,0,0,0,0,1,1,6,6,1,46,8,1077,1,6,APRILIA TUONO,6,E01018654,0,4
2024520403057,2024,520403057,1,5,0,18,19,1,5,0,0,0,0,0,4,6,1,1,6,6,1,21,5,998,1,18,APRILIA TUONO,10,W01001072,0,4
2024070656413,2024,070656413,1,5,0,18,19,2,7,9,9,8,1,0,1,0,0,1,6,6,1,42,7,998,1,17,APRILIA TUONO,2,E01006910,0,4
2024211407337,2024,211407337,2,2,0,-1,19,6,2,-1,0,1,0,0,0,0,1,1,-1,1,1,23,5,124,1,7,APRILIA TUONO,1,E01029358,0,1
2024991457332,2024,991457332,1,5,0,-1,7,4,7,-1,0,6,1,0,0,0,3,1,-1,9,1,55,8,1077,1,7,APRILIA TUONO,4,-1,0,4
2024141521389,2024,141521389,2,3,0,-1,13,7,3,-1,0,0,0,0,0,0,0,1,-1,6,1,20,4,124,1,6,APRILIA TUONO,2,E01007595,0,2
2024501492896,2024,501492896,1,5,0,-1,19,6,2,-1,0,0,0,0,0,0,1,1,-1,6,1,40,7,998,1,16,APRILIA TUONO,3,E01020018,0,1
2024610051924,2024,610051924,2,4,0,18,19,5,1,0,0,1,0,0,0,0,1,1,2,2,1,-1,-1,659,1,2,APRILIA TUONO,4,W01001487,0,2
2024320663316,2024,320663316,1,3,0,-1,-1,4,8,0,0,8,0,0,0,0,1,1,6,6,1,37,7,124,1,3,APRILIA TUONO,6,E01034688,0,1
2024111450952,2024,111450952,2,5,0,-1,19,7,3,-1,0,0,0,0,0,0,1,1,-1,9,1,32,6,999,1,10,APRILIA TUONO,4,E01020620,0,2
2024221435531,2024,221435531,1,5,0,-1,7,4,6,-1,0,3,0,10,0,0,1,1,-1,6,1,57,9,659,1,0,APRILIA TUONO,8,E01032209,0,2
2024010534819,2024,010534819,1,5,0,13,13,3,7,0,0,8,2,0,0,0,1,1,6,6,1,25,5,659,1,3,APRILIA TUONO,6,E01002206,0,1
2024141399227,2024,141399227,1,3,0,-1,19,7,3,-1,0,0,0,0,1,0,1,1,-1,6,1,20,4,124,1,1,APRILIA TUONO,1,E01013296,0,3
2024440037933,2024,440037933,1,3,0,18,19,7,3,0,0,1,0,0,0,0,4,1,6,6,1,18,4,124,1,1,APRILIA TUONO,4,E01022657,0,2
2024451479616,2024,451479616,1,5,0,-1,19,4,8,-1,0,1,5,0,0,0,3,1,-1,9,1,31,6,998,1,21,APRILIA TUONO,8,E01030521,0,1
2024361479914,2024,361479914,1,5,0,-1,15,3,7,-1,0,0,1,4,7,0,1,1,-1,9,1,43,7,999,1,11,APRILIA TUONO,4,E01026888,0,1
2024421478861,2024,421478861,1,5,0,-1,19,7,3,-1,0,1,0,0,0,0,1,1,-1,9,2,27,6,1077,1,2,APRILIA TUONO,6,E01030186,0,4
2024201467517,2024,201467517,2,5,0,-1,7,4,8,-1,0,0,5,0,0,0,3,1,-1,9,1,53,8,1077,1,8,APRILIA TUONO,5,E01009246,0,2
2024421430284,2024,421430284,1,5,0,-1,19,-1,-1,-1,0,0,1,0,0,0,3,1,-1,6,1,-1,-1,1077,1,7,APRILIA TUONO,-1,-1,0,-1
2024231403245,2024,231403245,2,3,0,-1,19,8,4,-1,0,8,0,0,0,0,0,1,-1,6,1,54,8,124,1,1,APRILIA TUONO,9,E01031289,0,1
2024070545461,2024,070545461,2,5,0,18,19,7,3,0,0,8,2,0,0,0,1,1,6,6,1,55,8,998,1,17,APRILIA TUONO,7,E01018374,0,2
2024371479081,2024,371479081,1,3,0,-1,19,7,3,-1,0,0,0,0,0,0,1,1,-1,9,1,17,4,124,1,5,APRILIA TUONO,8,E01030042,0,2
2024471476461,2024,471476461,1,3,0,-1,13,6,2,-1,0,0,0,0,0,0,4,1,-1,6,1,67,10,1077,1,2,APRILIA TUONO,9,E01031517,0,3
2024991473496,2024,991473496,1,5,0,-1,19,2,6,-1,0,0,1,0,1,0,1,1,-1,6,1,34,6,1077,1,3,APRILIA TUONO,3,-1,0,4
2024101491425,2024,101491425,2,3,0,-1,19,4,8,-1,0,1,0,0,0,0,1,1,-1,9,1,58,9,124,1,2,APRILIA TUONO,6,E01008381,0,1
2024010530722,2024,010530722,2,3,0,15,15,7,3,0,0,0,0,0,0,0,1,1,6,6,1,23,5,124,1,1,APRILIA TUONO,3,E01000331,0,1
2024522401507,2024,522401507,2,4,0,12,12,2,6,0,0,0,0,0,0,0,4,1,6,6,1,29,6,659,1,1,APRILIA TUONO,1,E01014639,0,1
2024622400320,2024,622400320,1,3,0,15,15,2,6,0,0,2,0,0,0,0,1,1,2,2,1,25,5,124,1,7,APRILIA TUONO,3,W01001093,0,1
2024401419682,2024,401419682,3,9,0,-1,19,6,1,-1,0,0,0,0,0,0,1,2,-1,6,1,23,5,1275,1,40,-1,-1,-1,0,-1
2024430396927,2024,430396927,2,5,0,18,19,8,4,0,0,8,0,0,0,0,1,1,6,6,1,44,7,999,1,10,-1,9,E01028641,0,1
2024052402070,2024,052402070,1,9,0,9,9,6,2,0,0,1,0,0,0,0,1,1,6,6,2,85,11,1242,1,6,FIAT PANDA,9,E01018536,0,1
2024461412720,2024,461412720,2,9,0,-1,3,3,7,-1,0,0,0,0,0,0,2,9,-1,6,2,48,8,1242,1,19,FIAT PANDA,6,E01024212,0,1
2024501470025,2024,501470025,1,9,0,-1,19,2,6,-1,0,8,0,0,0,0,3,1,-1,9,1,22,5,1108,1,19,FIAT PANDA,4,E01020189,0,4
2024122401187,2024,122401187,1,9,0,18,19,7,1,0,0,1,0,0,0,0,1,1,6,6,2,22,5,1242,1,20,FIAT PANDA,3,E01027906,0,2
2024991500224,2024,991500224,1,9,0,-1,3,3,8,-1,0,1,0,0,0,0,1,1,-1,9,1,72,10,1242,1,10,FIAT PANDA,2,-1,0,3
2024501406599,2024,501406599,1,9,0,-1,19,2,6,-1,0,0,0,0,0,0,1,1,-1,6,1,19,4,1108,1,15,FIAT PANDA,3,E01019075,0,2
2024501476566,2024,501476566,2,9,0,-1,19,5,1,-1,0,0,0,0,0,0,2,1,-1,9,2,49,8,1242,1,13,FIAT PANDA,7,E01018830,0,4
2024430076556,2024,430076556,2,9,0,4,4,5,1,0,0,0,0,0,0,0,2,1,6,6,2,28,6,1242,1,12,FIAT PANDA,10,E01028722,0,2
2024622400557,2024,622400557,1,9,0,18,19,4,8,0,0,0,1,0,1,7,3,1,6,6,2,28,6,1242,1,12,FIAT PANDA,1,W01001762,0,3
2024221475970,2024,221475970,2,9,0,-1,19,8,4,-1,0,8,0,0,0,0,1,1,-1,1,1,58,9,1242,1,10,FIAT PANDA,10,E01032155,0,1
2024041400800,2024,041400800,1,9,0,-1,19,3,3,-1,0,2,0,0,0,0,1,1,-1,9,2,44,7,1242,1,17,FIAT PANDA,5,E01025179,0,1
2024430367426,2024,430367426,1,9,0,4,4,7,3,0,0,0,0,0,0,0,2,1,6,6,1,53,8,1242,1,14,FIAT PANDA,-1,-1,0,-1