collision_index,collision_year,collision_ref_no,vehicle_reference,vehicle_type,towing_and_articulation,vehicle_manoeuvre_historic,vehicle_manoeuvre,vehicle_direction_from,vehicle_direction_to,vehicle_location_restricted_lane_historic,vehicle_location_restricted_lane,junction_location,skidding_and_overturning,hit_object_in_carriageway,vehicle_leaving_carriageway,hit_object_off_carriageway,first_point_of_impact,vehicle_left_hand_drive,journey_purpose_of_driver_historic,journey_purpose_of_driver,sex_of_driver,age_of_driver,age_band_of_driver,engine_capacity_cc,propulsion_code,age_of_vehicle,generic_make_model,driver_imd_decile,lsoa_of_driver,escooter_flag,driver_distance_banding
2024440366421,2024,440366421,1,9,0,4,4,5,1,0,0,1,0,0,0,0,4,1,6,6,1,43,7,1248,2,10,FIAT PANDA,3,E01034066,0,1
2024531511900,2024,531511900,1,9,0,-1,19,5,7,-1,0,0,0,0,7,4,1,1,-1,9,1,52,8,1242,1,14,FIAT PANDA,8,E01022166,0,3
2024501485290,2024,501485290,2,9,0,-1,19,7,3,-1,0,2,0,0,1,0,1,1,-1,6,1,37,7,1242,1,13,FIAT PANDA,10,E01015131,0,1
2024010497441,2024,010497441,2,9,0,18,19,5,1,0,0,1,0,0,0,0,3,1,6,6,1,66,10,1108,1,20,FIAT PANDA,6,E01003163,0,1
2024991485137,2024,991485137,2,9,0,-1,8,4,8,-1,0,1,0,0,0,0,2,1,-1,9,2,62,9,1108,1,16,FIAT PANDA,2,-1,0,1
2024311499606,2024,311499606,1,9,0,-1,1,2,6,-1,0,6,0,0,0,0,2,9,-1,6,1,-1,-1,1108,1,16,FIAT PANDA,-1,-1,0,-1
2024451480459,2024,451480459,1,9,0,-1,4,1,3,-1,0,0,0,0,0,0,1,1,-1,6,1,34,6,1108,1,16,FIAT PANDA,3,E01001116,0,4
2024101412679,2024,101412679,1,9,0,-1,19,4,1,-1,0,0,0,4,0,0,1,1,-1,9,2,67,10,1242,1,11,FIAT PANDA,4,E01008255,0,1
2024070871060,2024,070871060,1,9,0,-1,14,2,6,-1,0,0,5,4,7,0,1,1,-1,9,2,91,11,1108,1,14,FIAT PANDA,5,E01018367,0,1
2024320106704,2024,320106704,1,9,0,-1,-1,8,4,0,0,0,0,0,0,0,1,1,6,6,1,79,11,1242,1,12,FIAT PANDA,1,E01026083,0,3
2024440438826,2024,440438826,1,9,0,7,7,8,7,0,0,6,0,0,0,0,4,1,6,6,2,39,7,1242,1,9,FIAT PANDA,8,E01022651,0,1
2024461465412,2024,461465412,2,9,0,-1,19,7,3,-1,9,1,0,0,0,0,1,1,-1,9,1,42,7,1242,1,15,FIAT PANDA,7,E01024317,0,2
2024052401961,2024,052401961,2,9,0,4,4,4,8,0,0,1,0,0,0,0,2,1,6,6,2,19,4,1108,1,15,FIAT PANDA,6,W01000147,0,4
2024471480258,2024,471480258,2,9,0,-1,19,6,2,-1,0,1,0,0,0,0,1,1,-1,9,1,19,4,1108,1,14,FIAT PANDA,10,E01031682,0,1
2024991506154,2024,991506154,1,9,0,-1,9,3,7,-1,0,2,0,0,0,0,3,1,-1,9,2,80,11,1248,2,11,FIAT PANDA,-1,-1,0,-1
2024622500030,2024,622500030,2,9,0,4,4,2,6,0,0,0,0,0,0,0,2,1,6,6,2,26,6,1242,1,7,FIAT PANDA,2,W01000741,0,1
2024501405374,2024,501405374,1,9,0,-1,19,5,1,-1,0,0,1,0,2,10,1,1,-1,6,2,72,10,1242,1,9,FIAT PANDA,4,E01020309,0,1
2024351435633,2024,351435633,1,9,0,-1,19,3,7,-1,0,1,0,0,0,0,1,1,-1,2,1,18,4,1242,1,13,FIAT PANDA,6,E01018076,0,1
2024991418125,2024,991418125,1,9,0,-1,19,2,6,-1,0,0,0,4,0,0,1,1,-1,6,2,75,10,1242,1,17,FIAT PANDA,3,-1,0,1
2024991398282,2024,991398282,1,9,0,-1,19,5,1,-1,0,0,0,0,0,0,2,1,-1,6,1,73,10,1242,1,12,FIAT PANDA,7,-1,0,3
2024031434808,2024,031434808,1,9,0,-1,5,3,1,-1,0,6,0,0,0,0,1,1,-1,6,1,56,9,875,1,11,FIAT PANDA,6,E01019237,0,2
2024122400316,2024,122400316,1,9,0,18,19,1,5,0,0,1,0,0,0,0,1,1,6,6,2,82,11,1108,1,15,FIAT PANDA,8,E01027695,0,2
2024430357961,2024,430357961,1,9,0,2,2,6,2,0,0,0,0,4,0,0,2,1,6,6,2,87,11,1242,1,11,FIAT PANDA,9,E01035742,0,1
2024340WN9132,2024,340WN9132,1,9,0,-1,19,5,1,-1,0,0,5,0,1,1,1,1,-1,9,2,77,11,1242,1,18,FIAT PANDA,8,E01027279,0,2
2024440543417,2024,440543417,1,9,0,3,3,1,5,0,0,1,0,0,0,0,2,1,6,6,2,31,6,1242,1,17,FIAT PANDA,5,E01017084,0,1
2024221430210,2024,221430210,1,9,0,-1,19,5,1,-1,0,0,1,0,5,6,1,1,-1,6,1,38,7,1242,1,18,FIAT PANDA,6,E01005275,0,5
2024411547719,2024,411547719,1,9,0,-1,19,7,3,-1,0,8,0,0,0,0,1,1,-1,6,1,22,5,1368,1,17,FIAT PANDA,10,E01023730,0,1
2024471536262,2024,471536262,2,9,0,-1,19,4,1,-1,0,3,0,0,0,0,1,1,-1,9,2,65,9,1242,1,13,FIAT PANDA,6,E01024807,0,3
2024451508235,2024,451508235,2,9,0,-1,9,5,1,-1,0,1,0,0,0,0,2,1,-1,6,1,24,5,1242,1,14,FIAT PANDA,-1,-1,0,-1
2024631496882,2024,631496882,2,9,0,-1,5,1,5,-1,0,6,5,0,1,0,4,1,-1,9,1,35,6,1242,1,20,FIAT PANDA,4,E01029152,0,5
2024461489586,2024,461489586,2,9,0,-1,9,7,3,-1,0,0,0,0,0,0,3,1,-1,9,1,72,10,1108,1,15,FIAT PANDA,3,E01016154,0,1
2024501474791,2024,501474791,4,9,0,-1,8,4,8,-1,0,0,0,0,0,0,2,1,-1,9,1,65,9,1242,1,9,FIAT PANDA,5,E01020191,0,2
2024161413024,2024,161413024,1,9,0,-1,9,3,7,-1,9,0,0,0,0,0,1,1,-1,9,2,24,5,1108,1,15,FIAT PANDA,1,E01012951,0,1
2024631443990,2024,631443990,1,9,0,-1,19,5,1,-1,0,0,0,0,0,0,1,1,-1,2,2,19,4,875,1,11,FIAT PANDA,4,W01000589,0,3
2024501484234,2024,501484234,2,9,0,-1,3,3,7,-1,0,4,0,0,0,0,2,1,-1,9,1,75,10,1242,1,7,FIAT PANDA,6,E01019924,0,2
2024041434501,2024,041434501,1,9,0,-1,19,4,2,-1,0,8,0,0,0,0,1,1,-1,6,2,86,11,1108,1,15,FIAT PANDA,6,E01025121,0,1
2024361538048,2024,361538048,2,9,0,-1,19,1,5,-1,0,8,0,0,0,0,1,1,-1,9,1,46,8,1242,1,20,FIAT PANDA,8,E01026840,0,1
2024302400229,2024,302400229,1,9,0,5,5,6,2,0,0,0,0,0,0,0,3,1,6,6,2,74,10,1242,1,12,FIAT PANDA,3,E01019580,0,1
2024010509206,2024,010509206,2,9,0,7,7,3,6,0,0,0,0,0,0,0,1,1,6,6,2,81,11,875,1,5,FIAT PANDA,5,E01028864,0,5
2024332400710,2024,332400710,2,9,0,-1,19,4,8,-1,0,1,0,0,0,0,3,1,-1,9,1,69,10,875,1,9,FIAT PANDA,5,E01026003,0,1
2024461450296,2024,461450296,1,9,0,-1,19,5,1,-1,0,2,0,0,0,0,4,1,-1,9,1,87,11,1242,1,9,FIAT PANDA,3,E01024219,0,1
2024311514919,2024,311514919,2,9,0,-1,19,1,5,-1,0,1,0,0,0,0,1,1,-1,6,2,44,7,875,1,8,FIAT PANDA,-1,-1,0,-1
2024340NN3332,2024,340NN3332,1,9,0,-1,9,5,3,-1,0,6,0,0,0,0,3,1,-1,9,2,67,10,1242,1,4,FIAT PANDA,9,E01027120,0,1
202454A700324,2024,54A700324,1,9,0,18,19,7,3,0,0,0,0,0,0,0,3,1,3,7,2,33,6,1242,1,13,FIAT PANDA,9,E01032026,0,3
2024520403280,2024,520403280,2,9,0,9,9,1,3,0,0,1,5,0,0,0,1,1,6,6,1,69,10,1248,2,19,FIAT PANDA,7,E01029166,0,2
2024131449066,2024,131449066,2,9,0,-1,19,7,3,-1,0,1,0,0,0,0,3,1,-1,9,1,76,11,1242,1,10,FIAT PANDA,4,E01010982,0,1
2024131416329,2024,131416329,3,9,0,-1,2,0,0,-1,0,1,0,0,0,0,3,1,-1,6,-1,-1,-1,1242,1,8,FIAT PANDA,-1,-1,0,-1
2024471403382,2024,471403382,1,9,0,-1,19,5,1,-1,0,4,0,9,8,1,1,1,-1,6,1,33,6,1242,1,18,FIAT PANDA,4,E01031608,0,3
2024440331901,2024,440331901,1,9,0,10,10,2,6,0,0,1,0,0,0,0,2,1,6,6,2,21,5,1242,1,12,FIAT PANDA,8,E01023245,0,1
2024010526539,2024,010526539,2,9,0,14,14,7,3,0,0,2,0,0,0,0,1,1,6,6,2,34,6,1242,1,12,FIAT PANDA,4,E01002641,0,1
2024141525642,2024,141525642,4,9,0,-1,19,7,3,-1,0,0,0,0,0,0,1,1,-1,9,1,53,8,1108,1,14,FIAT PANDA,2,E01007895,0,1
2024201481028,2024,201481028,2,9,0,-1,19,4,8,-1,0,0,0,0,0,0,2,1,-1,6,2,54,8,1108,1,17,FIAT PANDA,5,E01031009,0,3
2024430448563,2024,430448563,1,9,0,7,7,3,5,0,0,5,0,0,0,0,4,1,2,2,2,32,6,1242,1,19,FIAT PANDA,3,E01030744,0,2
2024041458068,2024,041458068,3,9,0,-1,5,7,2,-1,0,1,0,0,0,0,2,1,-1,9,1,44,7,1242,1,19,FIAT PANDA,4,E01025170,0,1
2024552400147,2024,552400147,1,9,0,18,19,1,5,0,0,8,0,0,0,0,1,1,6,6,2,35,6,1242,1,13,FIAT PANDA,7,E01015438,0,1
2024052401768,2024,052401768,1,9,0,12,12,5,1,0,0,3,0,0,0,0,3,1,6,6,2,57,9,1108,1,16,FIAT PANDA,1,E01015048,0,5
2024161535995,2024,161535995,1,9,0,-1,19,8,5,-1,0,8,0,0,0,0,1,9,-1,6,2,62,9,999,1,0,FIAT PANDA,6,E01013039,0,1
2024440004696,2024,440004696,2,9,0,18,19,1,5,0,0,8,0,0,0,0,1,1,6,6,2,76,11,1242,1,18,FIAT PANDA,5,E01023063,0,2
2024231471630,2024,231471630,1,9,0,-1,19,1,5,-1,0,0,0,0,0,0,1,1,-1,9,2,87,11,1248,2,14,FIAT PANDA,7,E01031319,0,1
2024545480324,2024,545480324,2,9,0,18,19,8,4,0,0,8,0,0,1,11,4,1,6,6,2,27,6,1248,2,11,FIAT PANDA,3,E01032118,0,1
2024302400412,2024,302400412,1,9,0,16,19,8,3,0,0,0,0,0,0,0,1,1,6,6,1,-1,-1,1242,1,18,FIAT PANDA,4,E01019491,0,1
2024161474465,2024,161474465,1,9,0,-1,19,5,8,-1,0,4,0,0,0,0,3,1,-1,6,2,85,11,1242,1,12,FIAT PANDA,5,E01012941,0,1
2024631457958,2024,631457958,2,9,0,-1,4,6,1,-1,0,1,0,0,0,0,2,1,-1,9,2,25,5,1242,1,7,FIAT PANDA,5,W01000891,0,4
2024622400733,2024,622400733,1,9,0,9,9,4,2,0,0,5,0,0,0,0,3,1,6,6,1,63,9,1242,1,9,FIAT PANDA,4,W01001710,0,1
2024052402877,2024,052402877,1,9,0,18,19,3,7,0,0,2,0,0,0,0,1,1,2,2,2,65,9,1242,1,8,FIAT PANDA,2,E01006464,0,3
2024010494813,2024,010494813,1,9,0,18,19,1,5,0,0,2,0,0,0,0,1,1,6,6,1,31,6,1242,1,13,FIAT PANDA,3,E01001834,0,1
2024501396934,2024,501396934,1,9,0,-1,7,1,3,-1,0,2,0,11,0,0,1,9,-1,9,2,80,11,1242,1,8,FIAT PANDA,4,E01018891,0,1
2024451423692,2024,451423692,1,9,0,-1,19,5,1,-1,0,0,0,0,0,0,1,1,-1,1,2,32,6,1242,1,18,FIAT PANDA,4,E01030852,0,1
2024131485117,2024,131485117,1,9,0,-1,7,8,8,-1,0,3,0,11,7,1,1,1,-1,6,2,88,11,1242,1,19,FIAT PANDA,3,E01011523,0,1
2024332400775,2024,332400775,1,9,0,-1,19,1,5,-1,0,0,0,0,0,0,1,1,-1,6,3,-1,-1,1242,1,6,FIAT PANDA,-1,-1,0,-1
2024361438396,2024,361438396,2,9,0,-1,19,3,7,-1,0,0,0,0,0,0,3,1,-1,6,2,40,7,999,1,3,FIAT PANDA,4,E01015613,0,5
2024010516527,2024,010516527,3,9,0,2,2,0,0,0,0,1,0,0,0,0,2,1,6,6,3,-1,-1,1242,1,12,FIAT PANDA,-1,-1,0,-1
2024991416334,2024,991416334,7,9,0,-1,2,0,0,-1,0,0,0,0,0,0,2,1,-1,6,-1,-1,-1,1242,1,6,FIAT PANDA,-1,-1,0,-1
2024302400747,2024,302400747,2,9,0,17,19,3,8,0,0,0,0,0,1,9,1,1,6,6,1,49,8,1248,2,6,FIAT PANDA,5,E01019520,0,1
2024221427471,2024,221427471,2,9,0,-1,19,1,5,-1,0,0,0,0,7,10,1,9,-1,6,1,22,5,1242,1,13,FIAT PANDA,5,E01014052,0,4
2024421420499,2024,421420499,1,9,0,-1,19,1,5,-1,0,0,0,0,0,0,1,9,-1,6,1,78,11,1242,1,9,FIAT PANDA,-1,-1,0,-1
2024052402199,2024,052402199,1,9,0,7,7,6,1,0,0,8,0,0,0,0,1,1,6,6,2,19,4,1242,1,15,FIAT PANDA,4,E01005025,0,4
2024052400909,2024,052400909,1,9,0,5,5,7,3,0,0,0,0,0,0,0,3,1,6,6,1,74,10,1248,2,18,FIAT PANDA,3,E01007240,0,1
2024061413466,2024,061413466,2,9,0,-1,19,1,5,-1,0,8,0,0,0,0,4,1,-1,6,2,75,10,1242,1,11,FIAT PANDA,2,E01005887,0,1
2024070355595,2024,070355595,5,9,0,4,4,7,3,0,0,0,0,0,0,0,1,1,6,6,2,19,4,1242,1,10,FIAT PANDA,10,E01018603,0,3
2024522402883,2024,522402883,1,9,0,9,9,8,6,0,0,6,0,0,0,0,1,1,6,6,1,76,11,1242,1,12,FIAT PANDA,1,E01032518,0,1
2024161522677,2024,161522677,1,9,0,-1,19,1,5,-1,0,0,2,0,1,9,1,1,-1,6,1,60,9,1242,1,11,FIAT PANDA,10,E01013067,0,1
2024501510504,2024,501510504,2,9,0,-1,4,6,2,-1,0,0,1,0,1,9,1,1,-1,9,2,51,8,1242,1,18,FIAT PANDA,4,E01018969,0,2
2024061432930,2024,061432930,2,9,-1,-1,-1,-1,-1,-1,-1,-1,-1,-1,-1,0,-1,9,-1,6,3,71,10,1248,2,17,FIAT PANDA,2,E01004872,0,1
2024052401196,2024,052401196,2,9,0,18,19,3,7,0,0,8,5,0,0,0,3,1,6,6,2,35,6,1242,1,9,FIAT PANDA,1,E01006707,0,1
2024052402533,2024,052402533,1,9,0,18,19,7,3,0,0,0,0,0,0,0,1,1,6,6,2,75,10,1242,1,8,FIAT PANDA,1,E01006429,0,1
2024161398601,2024,161398601,2,9,0,-1,19,6,2,-1,0,0,1,0,0,0,4,1,-1,9,1,64,9,1242,1,6,FIAT PANDA,10,E01013043,0,1
2024440251652,2024,440251652,2,9,0,18,19,7,3,0,0,0,0,0,0,0,4,1,6,6,1,25,5,1108,1,19,FIAT PANDA,4,E01017088,0,2
2024221449240,2024,221449240,3,9,0,-1,9,4,2,-1,0,4,0,0,0,0,2,9,-1,6,1,51,8,1242,1,15,FIAT PANDA,5,E01032128,0,1
2024531419770,2024,531419770,2,9,0,-1,19,2,6,-1,0,0,0,0,0,0,1,1,-1,6,1,23,5,1242,1,19,FIAT PANDA,5,E01022428,0,3
2024471510576,2024,471510576,3,9,0,-1,3,8,4,-1,0,1,0,0,0,0,2,1,-1,2,1,76,11,875,1,12,FIAT PANDA,2,E01021137,0,1
2024302401296,2024,302401296,2,9,0,9,9,5,1,0,0,1,0,0,0,0,4,1,6,6,2,67,10,1242,1,12,FIAT PANDA,10,E01028385,0,4
2024531409514,2024,531409514,2,9,0,-1,9,1,5,-1,0,3,0,0,0,0,4,1,-1,2,2,26,6,1108,1,15,FIAT PANDA,9,E01022362,0,1
2024430175028,2024,430175028,2,9,0,18,19,5,1,0,0,8,1,0,0,0,1,1,6,6,2,85,11,875,1,8,FIAT PANDA,9,E01028660,0,1
2024070973952,2024,070973952,1,9,0,-1,9,5,1,-1,0,8,0,0,0,2,1,1,-1,6,2,76,11,1242,1,13,FIAT PANDA,1,E01035368,0,1
2024070543565,2024,070543565,2,9,0,18,19,3,7,0,0,8,5,0,0,10,4,1,2,2,1,54,8,875,1,12,FIAT PANDA,6,E01018336,0,1
2024461488836,2024,461488836,2,9,0,-1,19,1,5,-1,0,0,0,0,1,0,1,1,-1,9,1,55,8,1242,1,14,FIAT PANDA,7,E01024380,0,1
2024471452868,2024,471452868,2,9,0,-1,4,2,6,-1,0,0,0,0,0,0,2,1,-1,9,1,54,8,1108,1,15,FIAT PANDA,6,E01002955,0,4
2024010504189,2024,010504189,2,9,0,99,99,9,9,99,99,9,9,99,9,99,9,9,6,6,3,-1,-1,1242,1,15,FIAT PANDA,-1,-1,0,-1
2024361455113,2024,361455113,2,9,0,-1,19,7,3,-1,0,8,2,0,0,0,1,1,-1,6,2,63,9,1108,1,15,FIAT PANDA,6,E01026899,0,1
2024991438001,2024,991438001,1,9,0,-1,9,1,7,-1,0,5,5,0,0,0,4,1,-1,9,2,82,11,999,1,1,FIAT PANDA,4,-1,0,2
2024461539025,2024,461539025,2,9,0,-1,8,5,7,-1,0,0,0,0,0,0,2,9,-1,9,2,26,6,1242,1,10,FIAT PANDA,4,E01016120,0,3
2024161489234,2024,161489234,1,9,0,-1,19,3,8,-1,0,1,0,0,0,0,1,1,-1,2,2,39,7,1242,1,10,FIAT PANDA,4,E01012964,0,1
2024311521244,2024,311521244,1,9,0,-1,2,0,0,-1,-1,0,0,0,1,0,2,2,-1,6,-1,-1,-1,1108,1,18,FIAT PANDA,-1,-1,0,-1
2024461455937,2024,461455937,1,9,0,-1,19,6,2,-1,0,0,0,0,0,0,1,1,-1,9,2,33,6,1242,1,15,FIAT PANDA,8,E01023993,0,1
2024010542799,2024,010542799,2,9,0,7,7,2,4,4,4,0,0,0,0,0,4,2,6,6,1,21,5,1108,1,15,FIAT PANDA,8,E01023419,0,4
2024061411808,2024,061411808,1,9,0,-1,19,-1,-1,-1,0,0,0,0,0,0,-1,9,-1,6,3,-1,-1,1242,1,9,FIAT PANDA,-1,-1,0,-1
2024501523324,2024,501523324,2,9,0,-1,19,7,3,-1,0,0,1,0,0,0,1,1,-1,2,2,18,4,1242,1,11,FIAT PANDA,4,E01020291,0,1
2024471507694,2024,471507694,1,9,0,-1,19,7,3,-1,0,1,0,0,0,0,2,1,-1,6,2,24,5,1242,1,11,FIAT PANDA,8,E01031461,0,1
2024471527555,2024,471527555,2,9,0,-1,2,1,5,-1,9,0,0,0,0,0,2,2,-1,6,-1,-1,-1,1242,1,9,FIAT PANDA,-1,-1,0,-1
2024440325810,2024,440325810,2,9,0,9,9,1,7,0,0,8,0,0,0,0,4,1,6,6,1,22,5,875,1,6,FIAT PANDA,-1,-1,0,-1
2024340NN3812,2024,340NN3812,1,9,0,-1,13,8,4,-1,0,1,0,0,0,0,4,1,-1,6,2,-1,-1,1242,1,5,FIAT PANDA,-1,-1,0,-1
2024031483432,2024,031483432,1,9,0,-1,9,7,5,-1,0,1,0,0,0,0,1,1,-1,9,2,91,11,1242,1,11,FIAT PANDA,8,E01019092,0,1
2024361423411,2024,361423411,1,9,0,-1,19,6,3,-1,0,8,0,0,0,0,-1,1,-1,6,1,68,10,1108,1,16,FIAT PANDA,5,E01026651,0,1
2024131413397,2024,131413397,1,9,0,-1,19,1,5,-1,0,3,0,0,0,0,4,1,-1,9,1,33,6,1242,1,11,FIAT PANDA,-1,-1,0,-1
2024440241073,2024,440241073,4,9,0,3,3,6,2,0,0,0,0,0,0,0,2,1,6,6,2,18,4,1242,1,15,FIAT PANDA,2,E01017051,0,1
2024520402765,2024,520402765,1,9,0,16,19,5,1,0,0,0,5,0,3,9,1,1,6,6,1,64,9,1242,1,17,FIAT PANDA,4,E01032633,0,1
2024552401477,2024,552401477,1,9,0,9,9,4,1,0,0,5,0,0,0,0,1,1,6,6,2,71,10,875,1,10,FIAT PANDA,10,E01015433,0,1
2024371443596,2024,371443596,1,9,0,-1,19,3,7,-1,0,4,0,0,0,0,1,1,-1,9,1,83,11,1248,2,18,FIAT PANDA,6,E01026899,0,2
2024010511876,2024,010511876,1,9,0,18,19,5,1,0,0,1,0,0,0,0,1,1,6,6,1,51,8,1242,1,19,FIAT PANDA,8,E01004639,0,3
2024401403734,2024,401403734,1,9,0,-1,19,7,3,-1,0,0,0,0,0,0,1,1,-1,6,2,20,4,1242,1,7,FIAT PANDA,10,E01017528,0,2
2024031426308,2024,031426308,1,9,0,-1,19,1,6,-1,0,0,2,0,1,4,1,1,-1,6,1,18,4,1242,1,15,FIAT PANDA,-1,-1,0,-1
2024010507857,2024,010507857,1,9,0,18,19,7,3,0,0,8,1,0,0,0,2,1,2,2,2,32,6,1242,1,16,FIAT PANDA,4,E01002058,0,1
2024010505149,2024,010505149,2,9,0,3,3,3,7,0,0,1,0,0,0,0,1,1,2,2,1,44,7,1242,1,11,FIAT PANDA,4,E01034612,0,1
2024052400753,2024,052400753,1,9,0,18,19,2,6,0,0,8,0,0,3,10,1,1,6,6,1,77,11,1108,1,17,FIAT PANDA,2,E01032505,0,1
2024471479151,2024,471479151,2,9,0,-1,3,3,7,-1,0,1,0,0,0,0,2,1,-1,6,1,75,10,1242,1,8,FIAT PANDA,3,E01031409,0,1
2024631417882,2024,631417882,1,9,0,-1,19,2,6,-1,0,0,0,0,8,11,1,1,-1,2,2,52,8,1108,1,16,FIAT PANDA,4,W01000542,0,4
2024161430800,2024,161430800,1,9,0,-1,4,3,7,-1,0,1,0,0,0,0,1,9,-1,6,1,61,9,1242,1,13,FIAT PANDA,10,E01013111,0,1
2024552400290,2024,552400290,2,9,0,4,4,6,2,0,0,0,0,0,0,0,3,1,6,6,2,72,10,1108,1,15,FIAT PANDA,6,E01015291,0,1
2024131416115,2024,131416115,1,9,0,-1,19,1,5,-1,0,0,2,0,0,0,1,1,-1,2,2,24,5,1242,1,17,FIAT PANDA,5,E01033008,0,4
2024371484507,2024,371484507,2,9,0,-1,19,2,6,-1,0,1,0,0,0,0,1,1,-1,6,1,80,11,1242,1,9,FIAT PANDA,10,E01030078,0,2
2024041422154,2024,041422154,2,9,0,-1,19,4,8,-1,0,0,0,0,1,0,1,1,-1,6,2,77,11,1248,2,10,FIAT PANDA,6,E01027559,0,2
2024010534408,2024,010534408,1,9,0,4,4,7,3,0,0,1,0,0,0,0,0,1,2,2,2,68,10,1242,1,7,FIAT PANDA,6,E01003311,0,1
2024991483156,2024,991483156,1,9,0,-1,14,8,3,-1,0,0,0,4,0,0,1,1,-1,9,1,88,11,1242,1,15,FIAT PANDA,6,-1,0,3
2024461528160,2024,461528160,2,9,0,-1,5,4,8,-1,0,4,0,0,0,0,3,1,-1,9,2,60,9,1242,1,13,FIAT PANDA,5,E01024171,0,2
2024211490540,2024,211490540,1,9,0,-1,19,5,4,-1,0,0,0,0,0,0,2,1,-1,9,1,83,11,1242,1,10,FIAT PANDA,-1,-1,0,-1
2024440351330,2024,440351330,1,9,0,4,4,2,6,0,0,0,0,0,0,0,1,1,6,6,1,53,8,1242,1,11,FIAT PANDA,6,E01000582,0,4
2024501524629,2024,501524629,2,9,0,-1,9,4,2,-1,0,0,1,0,0,0,1,1,-1,6,1,19,4,1108,1,19,FIAT PANDA,3,E01015192,0,2
2024231408986,2024,231408986,1,9,0,-1,19,6,2,-1,0,0,0,10,1,0,1,1,-1,1,2,44,7,1242,1,19,FIAT PANDA,10,E01031299,0,3
2024031396552,2024,031396552,2,9,0,-1,9,3,1,-1,0,1,0,0,0,0,1,1,-1,6,1,18,4,1108,1,14,FIAT PANDA,4,E01019389,0,3
2024031470293,2024,031470293,1,9,0,-1,19,0,0,-1,0,0,2,10,0,0,3,1,-1,2,1,49,8,1108,1,16,FIAT PANDA,-1,-1,0,-1
2024221410186,2024,221410186,2,9,0,-1,2,0,0,-1,0,0,0,0,0,0,2,9,-1,9,2,61,9,1242,1,12,FIAT PANDA,3,E01032422,0,2
2024052400157,2024,052400157,1,9,0,18,19,6,2,0,0,3,0,0,0,0,1,1,6,6,3,-1,-1,1242,1,18,FIAT PANDA,-1,-1,0,-1
2024201420240,2024,201420240,2,9,0,-1,19,1,5,-1,0,8,0,0,0,0,1,1,-1,6,2,-1,-1,1242,1,18,FIAT PANDA,2,E01009587,0,1
2024052401621,2024,052401621,1,9,0,5,5,6,2,0,0,0,0,0,0,0,3,1,6,6,1,65,9,1108,1,15,FIAT PANDA,1,E01034403,0,1
2024231431119,2024,231431119,2,9,0,-1,19,8,4,-1,0,8,0,0,0,0,1,9,-1,6,1,61,9,1242,1,8,FIAT PANDA,2,E01008921,0,3
2024201499797,2024,201499797,1,9,0,-1,3,2,2,-1,0,2,0,0,0,0,2,1,-1,6,3,32,6,1242,1,18,FIAT PANDA,2,E01009395,0,1
2024440346768,2024,440346768,2,9,0,18,19,7,3,0,0,0,0,0,0,0,1,1,6,6,2,75,10,875,1,3,FIAT PANDA,8,E01022493,0,1
2024161413127,2024,161413127,1,9,0,-1,19,5,1,-1,0,0,1,0,7,1,4,1,-1,2,2,43,7,1242,1,11,FIAT PANDA,6,E01026380,0,4
2024991472461,2024,991472461,1,9,0,-1,9,5,3,-1,0,8,0,0,0,0,4,1,-1,6,2,73,10,1242,1,13,FIAT PANDA,7,-1,0,1
2024302400709,2024,302400709,1,9,0,16,19,3,6,0,0,0,0,0,1,11,3,1,6,6,2,88,11,1108,1,14,FIAT PANDA,-1,-1,0,-1
2024010521431,2024,010521431,1,9,0,3,3,9,9,99,99,9,9,99,9,99,1,9,2,2,1,47,8,875,1,10,FIAT PANDA,4,E01023346,0,4
2024302400314,2024,302400314,1,9,0,18,19,2,6,0,0,0,0,0,0,0,1,1,6,6,3,-1,-1,1108,1,15,FIAT PANDA,5,E01019456,0,3
2024010531552,2024,010531552,2,9,9,99,99,9,9,99,99,9,9,99,9,99,9,9,6,6,3,-1,-1,1242,1,17,FIAT PANDA,-1,-1,0,-1
2024351437741,2024,351437741,1,9,-1,-1,-1,-1,-1,-1,-1,0,-1,-1,-1,0,-1,9,-1,6,2,51,8,1242,1,9,FIAT PANDA,7,E01018011,0,4
2024101432936,2024,101432936,1,9,0,-1,5,5,1,-1,0,1,0,0,0,0,1,1,-1,9,2,47,8,1242,1,6,FIAT PANDA,9,E01020717,0,3
2024421483520,2024,421483520,1,9,0,-1,8,5,7,-1,0,1,0,0,0,0,3,1,-1,9,2,21,5,1242,1,18,FIAT PANDA,4,E01015936,0,1
2024141478443,2024,141478443,2,9,0,-1,5,1,5,-1,0,1,0,0,3,11,1,1,-1,2,2,48,8,1242,1,17,FIAT PANDA,1,E01007947,0,3
2024141504174,2024,141504174,2,9,0,-1,19,7,3,-1,0,1,0,0,0,0,3,1,-1,6,1,77,11,1242,1,6,FIAT PANDA,1,E01007738,0,1
2024010522502,2024,010522502,1,9,0,5,5,5,1,0,0,5,0,0,2,10,1,1,6,6,2,45,7,1242,1,9,FIAT PANDA,8,E01002291,0,1