collision_index,collision_year,collision_ref_no,vehicle_reference,vehicle_type,towing_and_articulation,vehicle_manoeuvre_historic,vehicle_manoeuvre,vehicle_direction_from,vehicle_direction_to,vehicle_location_restricted_lane_historic,vehicle_location_restricted_lane,junction_location,skidding_and_overturning,hit_object_in_carriageway,vehicle_leaving_carriageway,hit_object_off_carriageway,first_point_of_impact,vehicle_left_hand_drive,journey_purpose_of_driver_historic,journey_purpose_of_driver,sex_of_driver,age_of_driver,age_band_of_driver,engine_capacity_cc,propulsion_code,age_of_vehicle,generic_make_model,driver_imd_decile,lsoa_of_driver,escooter_flag,driver_distance_banding
2024052400647,2024,052400647,2,9,0,18,19,6,2,0,0,0,0,0,0,0,1,1,6,6,1,82,11,1242,1,10,FIAT PANDA,1,E01006909,0,1
2024211501846,2024,211501846,1,9,0,-1,19,4,8,-1,0,0,0,0,0,0,1,1,-1,6,1,23,5,1368,1,17,FIAT PANDA,6,E01014228,0,2
2024010513598,2024,010513598,2,9,0,9,9,3,1,0,0,6,0,0,0,0,1,1,6,6,2,55,8,1242,1,6,FIAT PANDA,6,E01023751,0,4
2024010519524,2024,010519524,1,9,0,9,9,8,6,0,0,8,0,0,0,0,4,1,1,1,2,32,6,1108,1,18,FIAT PANDA,8,E01002993,0,1
2024070267493,2024,070267493,2,9,0,3,3,4,8,0,0,0,0,0,0,0,2,1,2,2,1,57,9,1108,1,17,FIAT PANDA,7,E01007144,0,3
2024201428075,2024,201428075,2,9,0,-1,6,2,2,-1,0,4,0,0,0,0,3,9,-1,6,2,51,8,1242,1,8,FIAT PANDA,10,E01032139,0,1
2024440370880,2024,440370880,1,9,0,18,19,2,6,0,0,4,0,0,0,0,1,1,6,6,2,87,11,1242,1,8,FIAT PANDA,7,E01023221,0,1
2024340WN5452,2024,340WN5452,2,9,0,-1,19,1,5,-1,0,8,5,7,0,0,4,1,-1,9,2,50,8,1242,1,6,FIAT PANDA,9,E01027018,0,3
2024201422181,2024,201422181,2,9,0,-1,19,2,6,-1,0,2,0,4,0,0,1,2,-1,9,3,-1,-1,1242,1,8,FIAT PANDA,-1,-1,0,-1
2024991517706,2024,991517706,1,9,0,-1,7,4,6,-1,0,6,0,0,0,0,1,1,-1,6,1,79,11,1242,1,14,FIAT PANDA,6,-1,0,1
2024501501815,2024,501501815,1,9,0,-1,4,4,8,-1,0,0,0,0,0,0,2,2,-1,9,2,78,11,1108,1,14,FIAT PANDA,9,E01015140,0,3
2024122400288,2024,122400288,1,9,0,18,19,3,7,0,0,0,5,0,1,9,0,1,2,2,1,28,6,1242,1,13,FIAT PANDA,1,E01011665,0,3
2024610053924,2024,610053924,1,9,0,9,9,7,5,0,0,8,0,0,1,0,1,1,1,1,1,84,11,1242,1,13,FIAT PANDA,3,W01001449,0,1
2024201408695,2024,201408695,1,9,0,-1,19,8,5,-1,0,8,0,0,0,0,3,1,-1,2,1,56,9,999,1,4,FIAT PANDA,5,E01009654,0,1
2024231418684,2024,231418684,1,9,0,-1,19,4,8,-1,0,0,0,0,0,0,1,1,-1,1,2,25,5,1242,1,13,FIAT PANDA,1,E01010126,0,3
2024501507787,2024,501507787,3,9,0,-1,19,8,4,-1,0,0,0,0,0,0,3,1,-1,9,2,51,8,1108,1,15,FIAT PANDA,4,E01015236,0,1
2024302400350,2024,302400350,1,9,0,11,11,5,7,0,0,3,0,0,0,0,4,1,6,6,1,52,8,1108,1,15,FIAT PANDA,2,E01019682,0,1
2024549425024,2024,549425024,1,9,0,18,19,5,1,0,0,1,0,0,0,0,1,1,6,6,1,83,11,1242,1,13,FIAT PANDA,10,E01014714,0,4
2024221423990,2024,221423990,2,9,0,-1,3,7,3,-1,0,1,0,0,0,0,2,1,-1,9,2,28,6,1242,1,8,FIAT PANDA,7,E01014082,0,2
2024471532246,2024,471532246,1,9,0,-1,19,2,6,-1,0,0,1,0,1,0,3,1,-1,9,2,19,4,875,1,9,FIAT PANDA,7,E01024350,0,4
2024122400448,2024,122400448,1,9,0,18,19,7,3,0,0,0,0,0,7,4,1,1,2,2,2,37,7,1242,1,17,FIAT PANDA,4,E01027795,0,2
2024131474058,2024,131474058,1,9,0,-1,19,3,7,-1,0,0,0,0,0,0,4,1,-1,6,1,89,11,1242,1,11,FIAT PANDA,7,E01011849,0,1
2024520402749,2024,520402749,1,9,0,4,4,6,2,0,0,2,1,0,1,4,1,1,6,6,2,30,6,1242,1,16,FIAT PANDA,6,E01020074,0,1
2024471523468,2024,471523468,1,9,0,-1,6,7,7,-1,0,0,0,0,0,0,1,1,-1,9,1,81,11,1242,1,6,FIAT PANDA,10,E01031774,0,4
2024320345597,2024,320345597,1,9,0,-1,-1,4,8,0,0,0,0,0,0,0,1,1,-1,-1,2,78,11,1242,1,15,FIAT PANDA,-1,-1,0,-1
2024010523882,2024,010523882,2,9,0,2,2,0,0,0,0,1,0,0,1,0,1,1,6,6,3,-1,-1,1242,1,10,FIAT PANDA,-1,-1,0,-1
2024451394943,2024,451394943,1,9,0,-1,19,3,7,-1,0,1,0,0,0,0,1,1,-1,9,2,77,11,875,1,10,FIAT PANDA,10,E01030753,0,1
2024361441041,2024,361441041,2,9,0,-1,3,-1,-1,-1,0,4,0,0,0,0,2,1,-1,9,1,22,5,1242,1,14,FIAT PANDA,1,E01021990,0,4
2024010527435,2024,010527435,2,9,0,4,4,5,1,0,0,0,0,0,0,0,2,1,6,6,2,38,7,1242,1,16,FIAT PANDA,-1,-1,0,-1
2024421410825,2024,421410825,2,9,0,-1,19,1,5,-1,0,2,0,0,0,0,3,1,-1,6,2,91,11,1242,1,5,FIAT PANDA,2,E01022039,0,1
2024052402826,2024,052402826,1,4,0,18,19,3,7,0,0,0,0,0,0,0,1,1,6,6,1,34,6,450,1,8,-1,7,E01007203,0,1
2024010527307,2024,010527307,2,3,0,18,19,1,5,0,0,2,5,4,0,0,1,1,6,6,1,34,6,125,1,16,HONDA FES125,9,E01003909,0,1
2024131400479,2024,131400479,2,3,0,-1,19,7,3,-1,0,8,1,0,0,0,4,1,-1,9,1,18,4,124,1,20,HONDA FES125,1,E01010625,0,1
2024461440485,2024,461440485,2,3,0,-1,15,8,4,-1,0,0,1,0,1,0,3,1,-1,2,1,49,8,125,1,14,HONDA FES125,7,E01016119,0,3
2024610043824,2024,610043824,1,3,0,18,19,1,5,0,0,1,1,0,0,0,3,1,6,6,1,19,4,125,1,15,HONDA FES125,7,W01001372,0,1
2024531497024,2024,531497024,1,3,0,-1,19,5,1,-1,0,1,0,0,0,0,1,1,-1,2,2,49,8,125,1,21,HONDA FES125,6,E01022210,0,1
2024544284424,2024,544284424,2,3,0,17,19,4,8,0,0,4,0,0,0,0,4,1,2,2,1,33,6,125,1,16,HONDA FES125,8,E01015565,0,1
2024010548928,2024,010548928,1,3,0,18,19,1,5,0,0,0,0,0,0,0,1,1,6,6,1,28,6,125,1,14,HONDA FES125,4,E01002641,0,3
2024501420833,2024,501420833,2,3,0,-1,19,8,4,-1,0,0,5,0,0,0,4,1,-1,6,1,22,5,125,1,15,HONDA FES125,5,E01018921,0,2
2024010525912,2024,010525912,1,3,0,99,99,9,9,99,99,1,9,99,9,99,1,1,1,1,1,39,7,125,1,11,HONDA FES125,2,E01000509,0,3
2024440541252,2024,440541252,1,4,0,9,9,1,5,0,0,1,0,0,0,0,2,1,1,1,1,43,7,125,1,16,HONDA FES125,7,E01017017,0,1
2024010504312,2024,010504312,2,3,0,18,19,3,7,0,0,1,0,0,0,0,3,1,1,1,1,42,7,125,1,11,HONDA FES125,2,E01000042,0,2
2024501431274,2024,501431274,1,5,0,-1,19,1,5,-1,0,2,5,0,0,0,1,1,-1,6,1,60,9,583,1,35,-1,4,E01018793,0,1
2024501428422,2024,501428422,1,5,0,-1,9,5,3,-1,1,6,0,0,0,0,1,1,-1,6,1,66,10,583,1,34,-1,7,E01020047,0,1
2024461418220,2024,461418220,2,5,0,-1,19,2,6,-1,0,2,0,0,0,0,1,1,-1,9,1,55,8,1084,1,24,-1,8,E01024203,0,2
2024471454462,2024,471454462,4,21,0,-1,3,6,2,-1,0,0,0,0,0,0,1,1,-1,6,1,59,9,11120,2,1,-1,7,E01001610,0,4
2024010511987,2024,010511987,1,90,0,18,19,1,5,0,0,1,0,0,0,0,2,1,1,1,1,43,7,-1,-1,-1,-1,8,E01026450,0,5
2024041421989,2024,041421989,2,21,0,-1,11,3,7,-1,0,0,5,0,2,7,1,1,-1,1,1,47,8,8710,2,2,-1,8,E01025561,0,4
2024461483451,2024,461483451,1,9,0,-1,9,8,5,-1,0,6,0,0,1,0,1,1,-1,9,2,31,6,1991,2,15,KIA CARENS,6,E01035008,0,3
2024141469814,2024,141469814,1,9,0,-1,19,8,4,-1,0,0,0,0,0,0,1,1,-1,9,1,81,11,1685,2,9,KIA CARENS,4,E01007810,0,1
2024351446305,2024,351446305,1,9,0,-1,19,7,3,-1,0,0,0,0,0,0,1,1,-1,6,2,79,11,1685,2,10,KIA CARENS,4,E01018184,0,1
2024231476395,2024,231476395,2,9,0,-1,19,8,4,-1,0,0,1,0,2,6,4,1,-1,9,1,52,8,1685,2,10,KIA CARENS,3,E01010099,0,4
2024122401259,2024,122401259,2,9,0,2,2,0,0,0,0,0,0,0,0,0,3,1,6,6,2,35,6,1685,2,10,KIA CARENS,4,E01012990,0,2
2024141497451,2024,141497451,2,9,0,-1,19,6,2,-1,0,1,0,0,0,0,2,1,-1,9,2,50,8,1685,2,9,KIA CARENS,3,E01007673,0,1
2024991428150,2024,991428150,2,9,0,-1,19,2,6,-1,0,6,0,0,0,0,1,1,-1,6,1,49,8,1685,2,11,KIA CARENS,5,-1,0,1
2024010524483,2024,010524483,1,9,9,99,99,9,9,99,99,9,9,99,9,99,9,9,6,6,3,-1,-1,1998,1,16,KIA CARENS,-1,-1,0,-1
2024052402776,2024,052402776,1,8,0,6,6,3,3,0,0,0,0,0,0,0,1,1,1,1,1,44,7,1685,2,7,KIA CARENS,1,E01006679,0,1
2024010505836,2024,010505836,1,9,0,18,19,8,4,0,0,0,0,0,0,0,1,1,6,6,2,36,7,1591,1,10,KIA CARENS,9,E01000230,0,1
2024552400070,2024,552400070,1,9,0,14,14,8,4,0,0,0,0,0,0,0,4,1,6,6,2,68,10,1591,7,13,KIA CARENS,6,E01015392,0,1
2024131423985,2024,131423985,2,9,0,-1,5,7,3,-1,0,2,0,0,0,0,3,1,-1,6,2,30,6,1685,2,10,KIA CARENS,2,E01010778,0,1
2024991432160,2024,991432160,1,8,0,-1,9,1,7,-1,0,6,0,0,0,0,1,1,-1,1,1,38,7,1685,2,6,KIA CARENS,1,-1,0,1
2024320469397,2024,320469397,1,9,0,7,7,7,1,0,0,6,0,0,0,0,1,1,6,6,2,38,7,1582,2,13,KIA CARENS,2,E01026097,0,1
2024401425259,2024,401425259,1,9,0,-1,5,8,4,-1,0,1,0,0,0,0,3,1,-1,6,1,41,7,1685,2,8,KIA CARENS,3,E01015761,0,1
2024061534547,2024,061534547,1,9,0,-1,19,8,4,-1,0,2,0,0,0,0,3,1,-1,6,1,53,8,1685,2,9,KIA CARENS,9,E01004810,0,1
2024211531404,2024,211531404,3,9,0,-1,2,0,0,-1,0,0,0,0,0,0,3,1,-1,6,1,86,11,1685,2,6,KIA CARENS,-1,-1,0,-1
2024501514545,2024,501514545,1,9,0,-1,19,7,3,-1,0,4,0,0,0,0,4,1,-1,9,2,42,7,1685,2,8,KIA CARENS,9,E01015133,0,4
2024552400167,2024,552400167,1,9,0,9,9,7,5,0,0,5,0,0,0,0,1,1,6,6,2,57,9,1685,2,7,KIA CARENS,3,E01015294,0,2
2024543736224,2024,543736224,1,9,0,7,7,1,3,0,0,1,0,0,0,0,1,1,6,6,2,38,7,1998,1,14,KIA CARENS,5,E01032056,0,1
2024461413543,2024,461413543,5,9,0,-1,2,0,0,-1,0,0,0,4,0,0,2,1,-1,6,-1,-1,-1,1591,1,6,KIA CARENS,-1,-1,0,-1
2024311472101,2024,311472101,1,9,0,-1,9,3,1,-1,0,6,0,0,0,0,1,1,-1,9,1,53,8,1685,2,11,KIA CARENS,4,E01028335,0,1
2024991529150,2024,991529150,2,9,0,-1,19,3,7,-1,0,0,0,0,0,0,2,1,-1,6,2,40,7,1685,2,8,KIA CARENS,-1,-1,0,-1
2024141459149,2024,141459149,1,9,0,-1,7,5,1,-1,0,0,0,0,0,0,1,2,-1,9,2,36,7,1685,2,9,KIA CARENS,1,E01012854,0,4
2024201467563,2024,201467563,1,9,0,-1,9,4,1,-1,0,5,0,0,0,0,1,1,-1,6,1,40,7,1991,2,16,KIA CARENS,-1,-1,0,-1
2024520402083,2024,520402083,2,9,0,18,19,4,8,0,0,8,0,0,0,0,4,1,6,6,2,34,6,1685,2,11,KIA CARENS,7,E01035108,0,1
2024401425058,2024,401425058,2,8,0,-1,2,0,0,-1,0,0,0,0,0,0,2,1,-1,1,1,45,7,1685,2,8,KIA CARENS,2,E01015735,0,1
2024010550715,2024,010550715,1,9,0,99,99,9,9,99,99,9,9,99,9,99,9,9,6,6,2,37,7,1998,1,15,KIA CARENS,5,E01001648,0,3
2024061437250,2024,061437250,1,9,0,-1,5,5,1,-1,0,0,0,0,0,0,4,1,-1,9,1,46,8,1991,2,15,KIA CARENS,1,E01004802,0,1
2024201413751,2024,201413751,2,9,0,-1,13,2,6,-1,0,1,0,0,0,0,1,1,-1,6,1,49,8,1685,2,9,KIA CARENS,-1,-1,0,-1
2024052402658,2024,052402658,1,9,0,9,9,4,2,0,0,8,0,0,1,10,1,1,6,6,2,43,7,1685,2,10,KIA CARENS,1,E01006679,0,1
2024010541336,2024,010541336,3,8,0,18,19,1,5,0,0,1,0,0,0,0,1,1,1,1,1,49,8,1685,2,6,KIA CARENS,4,E01016448,0,4
2024991484277,2024,991484277,1,9,0,-1,19,3,7,-1,0,0,0,0,0,0,4,1,-1,9,1,79,11,1685,2,6,KIA CARENS,1,-1,0,1
2024161531954,2024,161531954,2,9,0,-1,19,8,4,-1,0,1,0,0,0,0,1,1,-1,6,1,-1,-1,1685,2,7,KIA CARENS,4,E01012804,0,1
202460Q126958,2024,60Q126958,1,9,0,13,13,2,6,0,0,0,0,0,0,0,1,1,6,6,2,62,9,1582,2,12,KIA CARENS,-1,-1,0,-1
2024161415484,2024,161415484,1,9,0,-1,19,1,5,-1,0,0,0,0,0,0,1,1,-1,6,2,36,7,1685,2,11,KIA CARENS,1,E01013221,0,1
2024440028438,2024,440028438,1,9,0,8,8,3,7,0,0,1,0,0,0,0,2,1,6,6,1,34,6,1591,1,8,KIA CARENS,1,E01017208,0,1
2024011396555,2024,011396555,2,9,0,-1,-1,5,5,-1,-1,0,0,0,0,0,2,1,-1,-1,2,38,7,1685,2,7,KIA CARENS,3,E01003624,0,1
2024371553796,2024,371553796,2,9,0,-1,19,8,4,-1,0,0,0,0,0,0,2,1,-1,6,1,26,6,1998,1,15,KIA CARENS,2,E01029971,0,3
2024031402463,2024,031402463,2,9,0,-1,15,1,5,-1,0,0,0,0,0,0,2,9,-1,2,1,38,7,1685,2,8,KIA CARENS,2,E01019111,0,3
2024461522654,2024,461522654,3,9,0,-1,4,5,1,-1,0,1,0,0,0,0,2,1,-1,2,2,30,6,1685,2,11,KIA CARENS,3,E01024535,0,3
2024061513223,2024,061513223,2,9,0,-1,9,2,8,-1,0,8,0,0,0,0,1,1,-1,1,2,34,6,1685,2,11,KIA CARENS,1,E01032915,0,1
2024451526388,2024,451526388,1,9,0,-1,9,1,7,-1,0,6,0,0,0,0,1,1,-1,1,2,49,8,1685,2,7,KIA CARENS,6,E01030424,0,3
2024061532149,2024,061532149,3,9,0,-1,4,1,4,-1,0,0,0,0,0,0,1,1,-1,6,2,-1,-1,1685,2,8,KIA CARENS,1,E01005434,0,1
2024471423151,2024,471423151,1,9,0,-1,13,-1,-1,-1,0,0,0,0,0,0,4,1,-1,9,2,54,8,1591,1,6,KIA CARENS,10,E01016982,0,1
2024361531859,2024,361531859,3,9,0,-1,4,1,5,-1,0,0,0,0,1,0,1,2,-1,2,1,19,4,1991,2,17,KIA CARENS,5,E01026892,0,3
2024061420248,2024,061420248,2,9,0,-1,3,7,3,-1,0,1,0,0,0,0,2,9,-1,6,1,43,7,1591,1,10,KIA CARENS,9,E01005545,0,1
2024320505383,2024,320505383,2,9,0,-1,-1,5,1,0,0,8,0,0,1,0,1,1,-1,-1,1,65,9,1685,2,9,KIA CARENS,9,E01022081,0,5
2024010501568,2024,010501568,1,9,0,9,9,3,1,0,0,1,0,0,0,0,1,1,3,7,2,43,7,1685,2,6,KIA CARENS,3,E01001371,0,1
2024991455908,2024,991455908,2,9,0,-1,3,3,7,-1,0,4,0,0,0,0,2,1,-1,9,1,40,7,1685,2,10,KIA CARENS,3,-1,0,1
2024052401737,2024,052401737,2,9,0,2,2,0,0,0,0,1,0,0,0,0,1,1,6,6,3,-1,-1,1591,1,8,KIA CARENS,-1,-1,0,-1
2024991423720,2024,991423720,1,8,0,-1,9,7,5,-1,0,6,0,0,0,0,1,1,-1,1,1,34,6,1685,2,6,KIA CARENS,2,-1,0,3
2024211490186,2024,211490186,2,9,0,-1,19,1,5,-1,0,8,0,0,0,0,4,9,-1,6,1,35,6,1685,2,10,KIA CARENS,-1,-1,0,-1
202417M109324,2024,17M109324,1,9,0,-1,1,6,2,-1,0,5,0,0,3,4,2,1,-1,9,1,87,11,1685,2,10,KIA CARENS,2,E01012101,0,3
2024501483393,2024,501483393,1,9,0,-1,19,4,8,-1,0,0,0,0,0,0,1,1,-1,9,1,68,10,1685,2,10,KIA CARENS,4,E01015268,0,1
2024461480322,2024,461480322,2,9,0,-1,19,4,5,-1,0,4,0,0,0,0,3,9,-1,2,2,45,7,1685,2,10,KIA CARENS,6,E01024491,0,1
2024010516792,2024,010516792,1,9,0,6,6,9,9,99,99,0,9,99,9,99,9,9,6,6,1,39,7,1685,2,9,KIA CARENS,7,E01004307,0,1
2024361444314,2024,361444314,2,9,0,-1,9,5,1,-1,0,1,0,0,0,0,3,1,-1,7,1,32,6,1685,2,9,KIA CARENS,9,E01026558,0,1
2024991478260,2024,991478260,1,5,0,-1,19,8,4,-1,0,0,0,0,0,0,1,1,-1,6,1,33,6,693,1,2,-1,-1,-1,0,-1
2024041470476,2024,041470476,1,5,0,-1,19,1,5,-1,0,0,0,0,0,0,1,1,-1,6,1,62,9,693,1,1,-1,9,E01006882,0,4
2024421424174,2024,421424174,2,5,0,-1,19,4,8,-1,0,0,5,0,0,0,1,1,-1,9,1,35,6,693,1,4,-1,8,E01021332,0,3
2024052400966,2024,052400966,2,5,0,3,3,4,8,0,0,0,0,0,0,0,3,1,6,6,1,43,7,690,1,8,-1,2,E01032510,0,1
2024461475357,2024,461475357,1,5,0,-1,19,1,5,-1,0,1,0,10,7,10,1,1,-1,6,1,40,7,693,1,3,-1,2,E01024078,0,1
2024440219723,2024,440219723,1,5,0,18,19,6,2,0,0,0,0,0,0,0,3,1,6,6,1,29,6,690,1,11,-1,7,E01023203,0,3
2024471473598,2024,471473598,1,5,0,-1,19,1,5,-1,0,1,0,0,0,0,4,1,-1,9,1,29,6,693,1,4,-1,5,E01031771,0,1
2024061408698,2024,061408698,1,5,0,-1,19,5,1,-1,0,0,0,7,0,0,1,1,-1,9,1,26,6,654,1,14,-1,1,E01006028,0,3
2024010507997,2024,010507997,2,9,0,99,99,9,9,99,99,9,9,99,9,99,9,9,6,6,3,-1,-1,2500,1,11,-1,-1,-1,0,-1
2024010508049,2024,010508049,1,9,0,18,19,3,7,0,0,0,0,10,0,0,4,1,1,1,2,39,7,2500,1,11,-1,5,E01001524,0,3
2024131448453,2024,131448453,2,9,0,-1,2,0,0,-1,0,0,0,0,0,0,1,1,-1,6,-1,-1,-1,2174,1,38,-1,-1,-1,0,-1
2024161533018,2024,161533018,1,9,0,-1,5,3,7,-1,0,0,0,0,0,0,1,1,-1,9,1,27,6,1590,1,33,-1,8,E01013065,0,3
2024221442240,2024,221442240,1,9,0,-1,19,4,8,-1,0,0,0,0,0,0,1,9,-1,6,1,42,7,2299,1,39,-1,4,E01014085,0,1
2024440074862,2024,440074862,1,9,0,18,19,6,2,0,0,1,0,0,0,0,1,1,6,6,1,81,11,2299,1,36,-1,6,E01017291,0,2
2024010519032,2024,010519032,2,9,9,99,99,9,9,99,99,9,9,99,9,99,9,9,6,6,3,-1,-1,2307,1,47,-1,-1,-1,0,-1
2024501509173,2024,501509173,1,9,0,-1,19,2,6,-1,0,0,0,0,0,0,1,1,-1,9,2,50,8,2500,1,16,-1,9,E01011698,0,5
2024411435081,2024,411435081,2,4,0,-1,9,1,5,-1,0,1,0,0,0,0,1,1,-1,6,1,58,9,348,1,26,-1,8,E01015747,0,3
2024131496886,2024,131496886,2,11,0,-1,19,6,2,-1,0,1,0,0,0,0,3,1,-1,1,1,56,9,6700,2,12,-1,4,E01011839,0,3
2024111499308,2024,111499308,3,11,0,-1,19,7,4,-1,0,0,0,0,0,0,0,1,-1,1,1,69,10,6700,2,11,-1,4,E01020754,0,3
2024070163144,2024,070163144,3,11,0,18,19,4,8,0,0,1,0,0,0,0,0,1,1,1,1,-1,-1,6700,2,10,-1,-1,-1,0,-1
2024131501740,2024,131501740,2,11,0,-1,5,4,8,-1,0,1,0,0,0,0,0,1,-1,1,1,52,8,6700,2,12,-1,1,E01011742,0,3
2024052401991,2024,052401991,1,11,0,5,5,7,3,0,0,4,0,0,0,0,3,1,1,1,1,49,8,6700,2,10,-1,6,E01025483,0,3
2024131414712,2024,131414712,1,11,0,-1,9,5,1,-1,0,8,0,0,0,0,1,1,-1,1,1,57,9,6700,2,12,-1,4,E01007344,0,4
2024201417577,2024,201417577,1,11,0,-1,14,2,6,-1,0,0,0,0,0,0,4,1,-1,1,1,-1,-1,6700,2,12,-1,4,E01010015,0,2
2024131482402,2024,131482402,1,11,0,-1,19,7,3,-1,2,1,0,0,0,0,1,1,-1,1,1,35,6,6700,2,12,-1,1,E01011745,0,3
2024010518935,2024,010518935,1,9,0,9,9,5,3,0,0,6,0,0,0,0,1,1,3,7,1,54,8,-1,3,3,VOLKSWAGEN ID3,8,E01002922,0,2
2024010534662,2024,010534662,1,9,0,16,19,1,5,0,0,0,0,0,0,0,1,1,6,6,1,80,11,-1,3,1,VOLKSWAGEN ID3,9,E01000213,0,1
2024010550342,2024,010550342,2,9,0,99,99,9,9,99,99,9,9,99,9,99,9,9,6,6,3,-1,-1,-1,3,1,VOLKSWAGEN ID3,-1,-1,0,-1
2024411513381,2024,411513381,1,9,-1,-1,-1,-1,-1,-1,-1,0,-1,-1,-1,0,-1,9,-1,6,1,47,8,-1,3,1,VOLKSWAGEN ID3,7,E01023531,0,1
2024471478537,2024,471478537,2,9,0,-1,19,7,3,-1,0,8,0,0,0,0,1,1,-1,9,1,64,9,-1,3,1,VOLKSWAGEN ID3,6,E01024833,0,4
2024411563296,2024,411563296,4,9,0,-1,4,8,4,-1,0,0,0,0,0,0,2,1,-1,7,2,51,8,-1,3,4,VOLKSWAGEN ID3,4,E01033834,0,4
2024501396941,2024,501396941,4,9,0,-1,19,8,4,-1,0,0,1,0,0,0,1,1,-1,2,1,41,7,-1,3,3,VOLKSWAGEN ID3,3,E01020131,0,2
2024991516615,2024,991516615,1,9,0,-1,19,7,3,-1,0,4,0,9,0,0,1,2,-1,9,1,31,6,-1,3,1,VOLKSWAGEN ID3,9,-1,0,1
2024010492348,2024,010492348,3,9,0,3,3,5,1,0,0,0,0,0,0,0,2,1,2,2,1,40,7,-1,3,1,VOLKSWAGEN ID3,4,E01024429,0,3
2024231498708,2024,231498708,2,9,0,-1,3,2,6,-1,0,1,0,0,0,0,2,9,-1,6,1,39,7,-1,3,3,VOLKSWAGEN ID3,9,E01022100,0,4
2024010546488,2024,010546488,1,9,0,16,19,1,5,0,0,6,0,0,0,0,3,1,6,6,1,78,11,-1,3,1,VOLKSWAGEN ID3,10,E01003891,0,2
2024010535990,2024,010535990,2,9,0,99,99,9,9,99,99,9,9,99,9,99,9,9,6,6,1,27,6,-1,3,1,VOLKSWAGEN ID3,3,E01003574,0,1
2024141495171,2024,141495171,2,9,0,-1,12,6,2,-1,0,1,0,0,0,0,3,1,-1,6,3,-1,-1,-1,3,3,VOLKSWAGEN ID3,-1,-1,0,-1
2024430195036,2024,430195036,1,9,0,18,19,4,8,0,0,0,0,0,7,0,1,1,6,6,1,64,9,-1,3,2,VOLKSWAGEN ID3,7,E01017673,0,1
2024552400339,2024,552400339,2,9,0,9,9,1,7,0,0,6,0,0,0,0,3,1,6,6,1,54,8,-1,3,4,VOLKSWAGEN ID3,5,E01020529,0,3
2024461412675,2024,461412675,1,9,0,-1,5,1,3,-1,0,4,0,0,0,0,1,9,-1,9,1,47,8,-1,3,1,VOLKSWAGEN ID3,6,E01024067,0,1
2024371499556,2024,371499556,2,9,0,-1,3,8,4,-1,0,1,0,0,0,0,2,1,-1,6,2,48,8,-1,3,1,VOLKSWAGEN ID3,5,E01026435,0,3
2024010541889,2024,010541889,2,9,0,17,19,2,6,0,0,8,0,0,0,0,1,1,1,1,2,30,6,-1,3,2,VOLKSWAGEN ID3,2,E01004428,0,1
2024101401047,2024,101401047,1,9,0,-1,5,1,5,-1,0,1,0,0,0,0,3,1,-1,2,1,64,9,-1,3,2,VOLKSWAGEN ID3,9,E01008378,0,1
2024549429224,2024,549429224,2,9,0,18,19,3,7,0,0,1,0,0,0,0,3,1,1,1,1,51,8,-1,3,1,VOLKSWAGEN ID3,7,E01031850,0,3
2024010501288,2024,010501288,2,9,0,99,99,9,9,99,99,0,9,99,9,99,9,9,6,6,3,-1,-1,-1,3,1,VOLKSWAGEN ID3,5,E01001157,0,2
2024010541723,2024,010541723,1,9,0,99,99,9,9,99,99,9,9,99,9,99,1,9,6,6,3,-1,-1,-1,3,3,VOLKSWAGEN ID3,4,E01001896,0,1
2024010504049,2024,010504049,1,9,0,18,19,3,7,0,0,1,0,0,0,0,1,9,6,6,1,60,9,-1,3,2,VOLKSWAGEN ID3,3,E01003819,0,3
2024501524910,2024,501524910,2,9,0,-1,10,1,7,-1,0,0,0,0,0,0,3,1,-1,9,2,51,8,-1,3,2,VOLKSWAGEN ID3,4,E01018829,0,1
2024221482919,2024,221482919,1,9,0,-1,19,1,5,-1,0,4,0,7,1,1,1,1,-1,6,1,26,6,-1,3,3,VOLKSWAGEN ID3,10,E01003884,0,5
2024141441369,2024,141441369,1,9,0,-1,19,5,1,-1,0,1,0,0,1,10,1,1,-1,1,1,30,6,-1,3,1,VOLKSWAGEN ID3,1,E01007628,0,1
2024430216354,2024,430216354,2,9,0,9,9,4,1,0,0,3,0,0,0,0,3,1,2,2,1,49,8,-1,3,1,VOLKSWAGEN ID3,4,E01028532,0,1
2024231524405,2024,231524405,1,9,0,-1,9,4,2,-1,0,6,0,0,0,0,1,1,-1,6,2,43,7,-1,3,1,VOLKSWAGEN ID3,10,E01033252,0,3
2024101516411,2024,101516411,1,9,0,-1,5,7,3,-1,0,0,0,0,0,0,1,1,-1,9,2,67,10,-1,3,1,VOLKSWAGEN ID3,6,E01027490,0,1
2024201431814,2024,201431814,2,9,0,-1,3,2,6,-1,0,0,0,0,3,0,0,9,-1,2,1,28,6,-1,3,3,VOLKSWAGEN ID3,8,E01031070,0,4
2024052402240,2024,052402240,1,9,0,18,19,1,5,0,0,0,0,0,0,0,4,1,3,7,2,48,8,-1,3,3,VOLKSWAGEN ID3,4,E01006537,0,1
2024991515968,2024,991515968,2,9,0,-1,19,2,6,-1,0,0,0,0,0,0,1,1,-1,2,1,45,7,-1,3,2,VOLKSWAGEN ID3,6,-1,0,4