collision_index,collision_year,collision_ref_no,vehicle_reference,vehicle_type,towing_and_articulation,vehicle_manoeuvre_historic,vehicle_manoeuvre,vehicle_direction_from,vehicle_direction_to,vehicle_location_restricted_lane_historic,vehicle_location_restricted_lane,junction_location,skidding_and_overturning,hit_object_in_carriageway,vehicle_leaving_carriageway,hit_object_off_carriageway,first_point_of_impact,vehicle_left_hand_drive,journey_purpose_of_driver_historic,journey_purpose_of_driver,sex_of_driver,age_of_driver,age_band_of_driver,engine_capacity_cc,propulsion_code,age_of_vehicle,generic_make_model,driver_imd_decile,lsoa_of_driver,escooter_flag,driver_distance_banding
2024010502153,2024,010502153,1,9,0,5,5,7,3,0,0,8,1,0,0,0,1,1,6,6,2,60,9,-1,3,1,VOLKSWAGEN ID3,10,E01002995,0,1
2024010519717,2024,010519717,1,10,0,99,99,9,9,99,99,1,9,99,9,99,1,9,1,1,1,54,8,1968,2,4,VOLKSWAGEN ID3,8,E01021340,0,4
2024231509785,2024,231509785,2,9,0,-1,9,6,3,-1,0,5,0,0,0,0,3,1,-1,6,2,55,8,-1,3,2,VOLKSWAGEN ID3,8,E01031247,0,1
2024221402069,2024,221402069,2,9,0,-1,19,5,1,-1,0,6,0,0,0,0,1,9,-1,6,1,68,10,-1,3,1,VOLKSWAGEN ID3,7,E01035055,0,1
2024010546947,2024,010546947,2,9,0,99,99,9,9,99,99,9,9,99,9,99,9,9,6,6,3,-1,-1,-1,3,1,VOLKSWAGEN ID3,-1,-1,0,-1
2024320091727,2024,320091727,2,9,0,9,9,4,2,0,0,8,0,0,0,0,1,1,-1,-1,1,56,9,-1,3,2,VOLKSWAGEN ID3,6,E01026210,0,3
2024010512722,2024,010512722,2,9,9,99,99,9,9,99,99,9,9,99,9,99,9,9,6,6,3,-1,-1,-1,3,2,VOLKSWAGEN ID3,-1,-1,0,-1
2024451407487,2024,451407487,1,9,0,-1,2,5,1,-1,0,1,0,0,0,0,2,1,-1,1,2,42,7,-1,3,2,VOLKSWAGEN ID3,10,E01030319,0,1
2024201509048,2024,201509048,1,9,0,-1,19,8,2,-1,0,0,0,0,0,0,2,1,-1,6,1,31,6,-1,3,1,VOLKSWAGEN ID3,8,E01009434,0,1
2024501404024,2024,501404024,2,9,0,-1,19,1,3,-1,0,1,0,0,0,0,4,1,-1,9,1,41,7,-1,3,2,VOLKSWAGEN ID3,5,E01018765,0,4
2024161510882,2024,161510882,2,9,0,-1,1,0,3,-1,9,6,0,0,0,0,2,9,-1,6,3,-1,-1,-1,3,4,VOLKSWAGEN ID3,-1,-1,0,-1
2024440195125,2024,440195125,2,9,0,18,19,2,6,0,0,0,0,0,0,0,1,1,6,6,1,73,10,-1,3,4,VOLKSWAGEN ID3,7,E01023277,0,4
2024461416258,2024,461416258,1,9,0,-1,19,4,8,-1,0,0,1,0,0,0,4,1,-1,9,1,40,7,-1,3,3,VOLKSWAGEN ID3,9,E01003794,0,4
2024302400680,2024,302400680,2,9,0,4,4,7,8,0,0,2,0,0,0,0,1,1,6,6,2,47,8,-1,3,3,VOLKSWAGEN ID3,10,E01019830,0,1
2024010523400,2024,010523400,1,9,0,18,19,1,5,0,0,8,0,0,0,0,1,1,6,6,1,28,6,-1,3,4,VOLKSWAGEN ID3,9,E01022600,0,4
2024201447561,2024,201447561,1,9,0,-1,9,5,2,-1,0,6,0,0,0,0,1,1,-1,6,1,17,4,-1,3,2,VOLKSWAGEN ID3,1,E01009274,0,1
2024131400865,2024,131400865,1,9,0,-1,19,7,3,-1,0,8,0,10,0,0,1,1,-1,9,1,22,5,-1,3,3,VOLKSWAGEN ID3,1,E01032494,0,1
2024451478266,2024,451478266,2,9,0,-1,19,3,7,-1,0,1,0,0,0,0,2,1,-1,9,1,56,9,-1,3,1,VOLKSWAGEN ID3,8,E01030373,0,1
2024010530251,2024,010530251,2,8,0,99,99,9,9,99,99,9,9,99,9,99,9,9,6,6,3,26,6,-1,3,1,VOLKSWAGEN ID3,3,E01001488,0,3
2024010549952,2024,010549952,1,9,0,18,19,3,7,0,0,1,0,0,0,0,1,1,2,2,2,41,7,-1,3,1,VOLKSWAGEN ID3,4,E01003212,0,2
2024421521838,2024,421521838,4,9,0,-1,12,1,5,-1,0,0,0,0,0,0,2,1,-1,6,1,26,6,-1,3,0,VOLKSWAGEN ID3,8,E01024440,0,3
2024010544355,2024,010544355,1,8,0,99,99,9,9,99,99,9,9,99,9,99,2,9,1,1,1,45,7,-1,3,2,VOLKSWAGEN ID3,2,E01002715,0,1
2024010504191,2024,010504191,2,9,0,99,99,9,9,99,99,9,9,99,9,99,9,9,6,6,3,-1,-1,-1,3,1,VOLKSWAGEN ID3,-1,-1,0,-1
202460Q026152,2024,60Q026152,2,9,0,18,19,7,3,0,0,0,0,0,0,0,1,1,6,6,1,71,10,-1,3,1,VOLKSWAGEN ID3,-1,-1,0,-1
2024052400837,2024,052400837,1,9,0,18,19,1,5,0,0,8,0,0,0,0,1,1,6,6,2,61,9,-1,3,3,VOLKSWAGEN ID3,8,E01006682,0,2
2024010533912,2024,010533912,2,9,0,9,9,6,4,0,0,1,0,0,0,0,3,2,6,6,1,44,7,-1,3,2,VOLKSWAGEN ID3,2,E01004757,0,1
2024440101473,2024,440101473,1,9,0,18,19,5,1,0,0,0,0,0,0,0,3,1,3,7,1,58,9,-1,3,1,VOLKSWAGEN ID3,10,E01023218,0,1
2024440096488,2024,440096488,1,9,0,3,3,6,2,0,0,2,0,0,0,0,2,1,6,6,2,50,8,-1,3,2,VOLKSWAGEN ID3,10,E01034711,0,1
2024351424506,2024,351424506,1,9,0,-1,5,3,7,-1,0,4,0,0,0,0,1,1,-1,6,1,49,8,-1,3,2,VOLKSWAGEN ID3,8,E01018166,0,1
2024501484565,2024,501484565,1,9,0,-1,8,5,7,-1,0,8,0,0,0,0,0,9,-1,6,2,51,8,-1,3,2,VOLKSWAGEN ID3,4,E01020138,0,1
2024471501541,2024,471501541,1,9,0,-1,9,1,7,-1,99,0,0,0,0,0,1,1,-1,2,1,31,6,-1,3,0,VOLKSWAGEN ID3,8,E01031518,0,4
2024332400381,2024,332400381,1,9,0,-1,19,6,2,-1,0,0,0,0,0,0,1,1,-1,2,2,24,5,-1,3,3,VOLKSWAGEN ID3,7,E01011506,0,5
2024411412744,2024,411412744,2,9,0,-1,19,5,2,-1,0,0,0,0,1,0,1,1,-1,7,2,46,8,-1,3,3,VOLKSWAGEN ID3,8,E01023407,0,2
2024010533605,2024,010533605,1,9,0,18,19,3,7,0,0,1,0,0,0,0,2,1,2,2,1,61,9,-1,3,2,VOLKSWAGEN ID3,-1,-1,0,-1
2024010542240,2024,010542240,2,9,0,7,7,4,6,0,0,0,0,0,0,0,0,1,6,6,3,-1,-1,-1,3,1,VOLKSWAGEN ID3,-1,-1,0,-1
2024231512939,2024,231512939,1,9,0,-1,2,0,0,-1,0,8,0,0,0,0,3,9,-1,9,1,35,6,-1,3,3,VOLKSWAGEN ID3,8,E01031286,0,1
2024041505474,2024,041505474,2,9,0,-1,19,5,1,-1,0,0,0,0,0,0,2,1,-1,9,1,65,9,-1,3,2,VOLKSWAGEN ID3,9,E01004837,0,4
202454F072224,2024,54F072224,1,9,0,5,5,7,4,0,0,6,0,0,0,0,3,1,6,6,1,39,7,-1,3,3,VOLKSWAGEN ID3,6,E01028597,0,4
2024351420175,2024,351420175,1,9,0,-1,14,3,7,-1,0,0,0,0,0,0,1,1,-1,6,1,-1,-1,-1,3,1,VOLKSWAGEN ID3,5,E01015617,0,1
2024041415095,2024,041415095,4,9,0,-1,19,1,5,-1,0,0,0,0,0,0,2,1,-1,2,2,58,9,-1,3,3,VOLKSWAGEN ID3,10,E01024977,0,2
2024421512033,2024,421512033,2,9,0,-1,19,8,4,-1,0,2,0,0,0,0,3,1,-1,9,1,88,11,-1,3,4,VOLKSWAGEN ID3,9,E01021560,0,1
2024010520027,2024,010520027,1,9,0,99,99,9,9,99,99,9,9,99,9,99,9,9,2,2,3,54,8,-1,3,4,VOLKSWAGEN ID3,7,E01034594,0,1
2024010503971,2024,010503971,1,8,0,99,99,9,9,99,99,0,9,99,9,99,9,9,1,1,1,35,6,-1,3,2,VOLKSWAGEN ID3,5,E01001276,0,3
2024991406609,2024,991406609,1,9,0,-1,5,2,5,-1,0,8,0,0,0,0,3,1,-1,9,2,28,6,-1,3,2,VOLKSWAGEN ID3,8,-1,0,3
2024131402254,2024,131402254,1,9,0,-1,4,3,7,-1,0,0,0,7,0,0,1,1,-1,2,1,36,7,-1,3,1,VOLKSWAGEN ID3,8,E01011169,0,1
2024522500089,2024,522500089,3,9,0,3,3,6,2,0,0,0,0,0,0,0,2,1,6,6,1,51,8,-1,3,3,VOLKSWAGEN ID3,8,E01032672,0,1
2024461491502,2024,461491502,2,9,0,-1,19,3,7,-1,0,8,0,0,1,0,4,1,-1,9,2,51,8,-1,3,4,VOLKSWAGEN ID3,10,E01031737,0,4
2024430033535,2024,430033535,1,9,0,9,9,5,3,0,0,2,0,0,0,0,1,1,6,6,2,56,9,-1,3,3,VOLKSWAGEN ID3,9,E01035728,0,1
2024010517358,2024,010517358,1,9,0,18,19,1,5,0,0,1,0,0,0,0,4,1,6,6,1,55,8,-1,3,4,VOLKSWAGEN ID3,3,E01002027,0,3
2024041418818,2024,041418818,1,9,0,-1,4,5,1,-1,0,1,0,0,0,0,1,1,-1,9,1,21,5,-1,3,3,VOLKSWAGEN ID3,9,E01024918,0,1
2024471451368,2024,471451368,2,9,0,-1,19,2,6,-1,0,0,0,0,0,0,1,1,-1,9,2,73,10,-1,3,0,VOLKSWAGEN ID3,4,E01021224,0,2
2024430362699,2024,430362699,2,9,0,3,3,8,4,0,0,1,0,0,0,0,2,1,6,6,2,44,7,-1,3,2,VOLKSWAGEN ID3,10,E01035240,0,1
2024430268825,2024,430268825,1,8,0,3,3,3,7,0,0,1,0,0,0,0,2,1,1,1,1,58,9,-1,3,3,VOLKSWAGEN ID3,6,E01002138,0,4
2024461453883,2024,461453883,1,9,0,-1,19,1,5,-1,9,0,0,0,1,11,1,9,-1,6,1,37,7,-1,3,3,VOLKSWAGEN ID3,4,E01016177,0,1
2024440077824,2024,440077824,1,9,0,18,19,3,7,0,0,0,2,0,1,4,1,1,1,1,1,38,7,-1,3,2,VOLKSWAGEN ID3,7,E01002226,0,4
2024010519168,2024,010519168,2,9,0,3,3,3,7,0,0,1,0,0,0,0,2,1,2,2,1,38,7,-1,3,2,VOLKSWAGEN ID3,3,E01035672,0,1
2024351429168,2024,351429168,2,9,0,-1,19,3,7,-1,0,1,0,0,0,0,1,1,-1,2,1,36,7,1910,2,16,-1,6,E01015651,0,2
2024991433709,2024,991433709,1,9,0,-1,7,7,1,-1,0,8,0,0,0,0,1,1,-1,6,2,36,7,1747,1,16,-1,8,-1,0,1
2024041431001,2024,041431001,4,9,0,-1,19,1,5,-1,0,0,0,0,0,0,1,1,-1,2,1,55,8,1910,2,17,-1,8,E01019372,0,4
2024010538352,2024,010538352,2,9,0,3,3,1,5,0,0,1,0,4,0,0,2,1,2,2,1,38,7,1970,1,17,-1,4,E01023337,0,3
2024361508370,2024,361508370,1,9,0,-1,19,3,7,-1,0,1,0,0,0,0,1,1,-1,2,1,29,6,1910,2,20,-1,3,E01026621,0,1
2024631448538,2024,631448538,2,9,0,-1,19,1,5,-1,0,0,1,0,0,0,1,1,-1,6,1,31,6,3993,1,9,AUDI RS6,1,W01000600,0,4
2024122500010,2024,122500010,2,9,0,7,7,5,7,0,0,8,0,0,0,0,4,1,6,6,1,38,7,3996,1,3,AUDI RS6,9,E01027765,0,2
2024041501992,2024,041501992,1,9,0,-1,19,5,7,-1,0,3,0,0,0,0,1,1,-1,6,1,73,10,3996,1,2,AUDI RS6,1,E01012748,0,1
2024131466667,2024,131466667,1,9,0,-1,-1,-1,-1,-1,-1,8,-1,-1,-1,0,-1,1,-1,6,3,-1,-1,3993,1,7,AUDI RS6,-1,-1,0,-1
2024201470558,2024,201470558,1,9,0,-1,13,2,6,-1,0,1,1,0,0,0,3,1,-1,6,1,30,6,4991,1,16,AUDI RS6,-1,-1,0,-1
2024501488181,2024,501488181,1,9,0,-1,9,1,7,-1,0,1,0,0,0,0,3,1,-1,6,1,50,8,3996,1,2,AUDI RS6,4,E01018862,0,2
2024010512327,2024,010512327,1,9,0,18,19,3,7,0,0,0,0,0,0,0,2,1,6,6,1,20,4,3993,1,9,AUDI RS6,5,E01035689,0,2
2024201424810,2024,201424810,1,9,0,-1,5,2,6,-1,0,0,0,0,0,0,1,1,-1,6,1,30,6,3993,1,9,AUDI RS6,-1,-1,0,-1
2024320189327,2024,320189327,2,9,0,-1,-1,2,6,0,0,4,0,0,0,0,3,1,6,6,1,43,7,3993,1,10,AUDI RS6,4,E01026121,0,3
2024141441418,2024,141441418,3,9,0,-1,5,7,3,-1,0,6,0,0,0,0,1,1,-1,9,2,48,8,3996,1,4,AUDI RS6,9,E01011935,0,2
2024201512070,2024,201512070,2,9,0,-1,4,3,7,-1,0,4,0,0,0,0,2,1,-1,9,2,30,6,3996,1,1,AUDI RS6,6,E01013518,0,4
2024501405913,2024,501405913,1,3,0,-1,14,8,4,-1,0,1,5,0,0,0,1,1,-1,6,2,24,5,125,1,2,BENELLI LEONCINO,1,E01015087,0,1
2024440474278,2024,440474278,1,4,0,18,19,7,3,0,0,1,0,0,0,0,1,1,6,6,1,69,10,500,1,4,BENELLI LEONCINO,5,E01017204,0,2
2024471438485,2024,471438485,2,3,0,-1,6,3,7,-1,0,0,0,0,0,0,4,1,-1,9,1,24,5,125,1,1,BENELLI LEONCINO,6,E01031414,0,1
2024430501487,2024,430501487,2,3,0,18,19,5,1,0,0,1,-1,0,0,0,1,1,6,6,1,52,8,125,1,2,BENELLI LEONCINO,4,E01016784,0,1
2024531466650,2024,531466650,1,3,0,-1,9,3,1,-1,0,8,0,0,0,0,4,1,-1,2,1,23,5,125,1,1,BENELLI LEONCINO,7,E01022414,0,3
2024302400454,2024,302400454,1,3,0,3,3,5,1,0,0,1,0,0,0,0,2,1,6,6,1,23,5,125,1,1,BENELLI LEONCINO,4,E01027960,0,1
2024070109934,2024,070109934,2,3,0,18,19,7,3,0,0,8,2,0,0,0,3,1,2,2,1,22,5,125,1,2,BENELLI LEONCINO,3,E01012511,0,1
2024070217247,2024,070217247,2,3,0,18,19,3,7,0,0,1,0,0,0,0,1,1,6,6,1,38,7,125,1,1,BENELLI LEONCINO,7,E01035381,0,1
2024221490556,2024,221490556,2,3,0,-1,19,7,3,-1,0,8,0,0,0,0,1,1,-1,2,1,25,5,125,1,0,BENELLI LEONCINO,8,E01032338,0,1
2024070910579,2024,070910579,1,3,0,-1,19,4,8,-1,0,0,2,0,0,0,3,1,-1,2,1,51,8,125,1,0,BENELLI LEONCINO,3,E01018729,0,2
2024122401295,2024,122401295,1,3,0,18,19,3,1,0,0,8,0,0,0,0,1,1,6,6,1,19,4,125,1,0,BENELLI LEONCINO,9,E01034761,0,2
2024552500154,2024,552500154,1,2,0,12,12,8,4,0,0,8,0,0,0,0,3,1,6,6,1,18,4,125,1,0,BENELLI LEONCINO,7,E01020486,0,3
2024061513078,2024,061513078,1,9,0,-1,7,5,7,-1,0,0,0,0,0,0,1,9,-1,6,3,-1,-1,3600,1,-1,-1,-1,-1,0,-1
2024421527279,2024,421527279,1,9,0,-1,19,3,7,-1,0,0,1,0,7,0,1,1,-1,6,1,34,6,6262,1,4,-1,8,E01018580,0,5
2024610048624,2024,610048624,2,4,0,13,13,1,5,0,0,0,0,0,0,0,1,1,6,6,1,17,4,49,1,5,-1,6,W01001540,0,2
2024221453993,2024,221453993,1,5,0,-1,19,2,6,-1,0,0,0,0,0,0,1,1,-1,9,1,69,10,1584,1,15,-1,7,E01024689,0,5
2024622400706,2024,622400706,2,9,0,18,19,6,2,0,0,0,0,0,0,0,1,1,6,6,1,61,9,3456,8,5,LEXUS RX 450,9,W01000969,0,1
2024101396633,2024,101396633,2,9,0,-1,5,3,7,-1,0,8,0,0,0,0,1,1,-1,6,2,47,8,3456,8,3,LEXUS RX 450,8,E01008239,0,1
2024451443753,2024,451443753,1,9,0,-1,19,5,1,-1,0,0,0,0,0,0,1,1,-1,2,2,52,8,3456,8,9,LEXUS RX 450,9,E01030421,0,1
2024061496198,2024,061496198,1,9,0,-1,19,2,6,-1,0,1,0,0,0,0,1,1,-1,6,1,66,10,3456,8,8,LEXUS RX 450,5,E01005773,0,1
2024010528865,2024,010528865,2,9,0,11,11,3,7,0,0,3,0,0,0,0,1,1,6,6,1,83,11,3456,8,4,LEXUS RX 450,9,E01000115,0,2
2024371424641,2024,371424641,1,9,-1,-1,-1,-1,-1,-1,0,0,0,0,0,0,1,9,-1,6,1,29,6,3456,8,3,LEXUS RX 450,7,E01029995,0,1
2024010511422,2024,010511422,1,9,0,18,19,3,7,0,0,8,0,0,0,0,4,1,6,6,1,51,8,3456,8,12,LEXUS RX 450,2,E01004129,0,1
2024411445493,2024,411445493,1,9,0,-1,19,6,2,-1,0,2,5,11,1,2,1,1,-1,6,1,57,9,3456,8,10,LEXUS RX 450,9,E01001422,0,3
2024061432892,2024,061432892,1,9,-1,-1,-1,-1,-1,-1,-1,0,-1,-1,-1,0,-1,9,-1,6,3,79,11,3456,8,5,LEXUS RX 450,9,E01004803,0,1
2024161477799,2024,161477799,2,9,0,-1,4,2,6,-1,0,0,0,0,0,0,2,1,-1,9,2,59,9,3456,8,5,LEXUS RX 450,8,E01012935,0,3
2024552400890,2024,552400890,1,9,0,18,19,4,8,0,0,8,0,0,0,0,1,1,6,6,2,63,9,3456,8,11,LEXUS RX 450,7,E01020481,0,1
2024201523485,2024,201523485,2,9,0,-1,19,5,2,-1,0,0,0,0,0,0,2,1,-1,6,1,67,10,3456,8,3,LEXUS RX 450,2,E01009487,0,2
2024111485448,2024,111485448,2,9,0,-1,9,4,1,-1,0,8,0,0,0,0,4,1,-1,6,1,57,9,3456,8,6,LEXUS RX 450,6,E01008250,0,4
2024010548906,2024,010548906,1,9,0,99,99,9,9,99,99,1,9,99,9,99,9,9,6,6,1,33,6,3456,8,14,LEXUS RX 450,2,E01034471,0,1
2024451470532,2024,451470532,1,9,0,-1,9,5,1,-1,0,8,0,0,0,0,3,1,-1,9,2,60,9,3456,8,3,LEXUS RX 450,10,E01016237,0,1
2024010522644,2024,010522644,1,9,0,7,7,3,5,0,0,6,0,0,0,0,1,1,6,6,1,27,6,3456,8,10,LEXUS RX 450,5,E01001168,0,1
2024010495007,2024,010495007,1,9,0,18,19,3,7,0,0,1,0,0,0,0,2,1,6,6,1,64,9,3456,8,14,LEXUS RX 450,3,E01003334,0,1
2024010536127,2024,010536127,2,9,0,18,19,5,1,0,0,0,0,0,0,0,3,1,6,6,1,49,8,3456,8,14,LEXUS RX 450,5,E01002128,0,1
2024991454612,2024,991454612,1,9,0,-1,19,4,8,-1,0,2,0,4,0,0,1,1,-1,2,1,18,4,3456,8,2,LEXUS RX 450,-1,-1,0,-1
2024010551306,2024,010551306,1,9,0,3,3,1,5,0,0,1,0,0,0,0,2,1,6,6,1,57,9,3456,8,4,LEXUS RX 450,5,E01004591,0,1
2024010539081,2024,010539081,2,9,0,2,2,0,0,0,0,1,0,0,0,0,2,1,6,6,3,-1,-1,3456,8,14,LEXUS RX 450,-1,-1,0,-1
2024340WN6462,2024,340WN6462,1,9,0,-1,19,1,5,-1,0,2,0,0,0,2,1,1,-1,6,1,78,11,3456,8,8,LEXUS RX 450,9,E01027284,0,1
2024010541883,2024,010541883,2,9,0,3,3,7,3,0,0,1,0,0,0,0,1,1,6,6,1,29,6,3456,8,15,LEXUS RX 450,4,E01002241,0,3
2024010516608,2024,010516608,1,9,0,99,99,9,9,99,99,9,9,99,9,99,2,9,6,6,1,48,8,3456,8,15,LEXUS RX 450,4,E01000029,0,1
2024010524784,2024,010524784,2,9,0,3,3,4,8,0,0,1,0,0,0,0,2,1,6,6,1,48,8,3456,8,11,LEXUS RX 450,2,E01001428,0,3
2024401449549,2024,401449549,2,9,0,-1,19,7,3,-1,0,0,0,0,0,0,1,1,-1,6,2,73,10,3456,8,15,LEXUS RX 450,7,E01017410,0,2
2024010544206,2024,010544206,1,9,0,99,99,9,9,99,99,9,9,99,9,99,2,9,2,2,1,38,7,3456,8,13,LEXUS RX 450,4,E01000736,0,2
2024221441215,2024,221441215,1,9,0,-1,4,4,8,-1,0,1,0,0,0,0,2,9,-1,6,2,41,7,3456,8,9,LEXUS RX 450,10,E01032326,0,1
2024010536092,2024,010536092,1,9,0,99,99,9,9,99,99,9,9,99,9,99,0,9,6,6,3,-1,-1,3456,8,11,LEXUS RX 450,-1,-1,0,-1
2024041461694,2024,041461694,2,9,0,-1,19,5,1,-1,0,0,0,0,0,0,4,1,-1,9,1,62,9,3456,8,5,LEXUS RX 450,7,E01025568,0,1
2024320304643,2024,320304643,2,9,0,4,4,2,6,0,0,0,0,0,0,0,2,1,6,6,1,61,9,2487,8,1,LEXUS RX 450,7,E01013224,0,3
2024010508335,2024,010508335,1,9,0,9,9,5,3,0,0,6,0,0,1,0,1,1,3,7,1,57,9,3456,8,9,LEXUS RX 450,8,E01000678,0,1
2024010539140,2024,010539140,1,9,0,18,19,3,7,0,0,8,0,0,0,0,1,1,6,6,2,62,9,3456,8,13,LEXUS RX 450,4,E01002841,0,1
2024320671403,2024,320671403,1,9,0,-1,-1,7,3,0,0,6,0,0,1,2,1,1,-1,-1,1,35,6,3456,8,8,LEXUS RX 450,4,E01026032,0,1
2024010507426,2024,010507426,1,9,0,9,9,1,7,0,0,6,0,0,0,0,3,1,1,1,1,28,6,3456,8,14,LEXUS RX 450,8,E01015805,0,4
2024451520972,2024,451520972,2,9,0,-1,4,1,5,-1,0,0,0,0,0,0,2,1,-1,2,1,51,8,3456,8,4,LEXUS RX 450,10,E01030874,0,4
2024440244008,2024,440244008,2,9,0,3,3,2,6,0,0,1,0,0,0,0,2,1,6,6,1,42,7,3456,8,8,LEXUS RX 450,10,E01034711,0,1
2024010520112,2024,010520112,2,9,0,18,19,9,9,99,99,9,9,99,9,99,1,9,6,6,1,60,9,3456,8,14,LEXUS RX 450,-1,-1,0,-1
2024031464085,2024,031464085,2,9,0,-1,4,5,8,-1,0,1,0,0,0,0,2,1,-1,9,2,46,8,3456,8,13,LEXUS RX 450,-1,-1,0,-1
2024010539305,2024,010539305,3,9,0,18,19,3,7,0,0,1,0,0,0,0,3,1,2,2,2,37,7,3456,8,10,LEXUS RX 450,5,E01003645,0,1
2024522402917,2024,522402917,2,9,0,9,9,2,1,0,0,6,0,0,0,0,1,1,6,6,3,-1,-1,3456,8,10,LEXUS RX 450,-1,-1,0,-1
2024010526262,2024,010526262,1,9,0,7,7,8,1,2,2,5,1,0,0,0,1,1,6,6,2,32,6,3456,8,8,LEXUS RX 450,8,E01002109,0,1
2024010521530,2024,010521530,2,9,0,99,99,9,9,99,99,9,9,99,9,99,2,9,6,6,3,45,7,3456,8,14,LEXUS RX 450,3,E01034178,0,3
2024010522669,2024,010522669,2,9,0,18,19,3,7,0,0,1,0,99,0,0,9,1,6,6,2,-1,-1,3456,8,15,LEXUS RX 450,9,E01003682,0,1
2024010502463,2024,010502463,1,9,0,9,9,5,3,0,0,2,0,11,0,0,1,1,6,6,1,62,9,3456,8,12,LEXUS RX 450,3,E01000372,0,1
2024522401288,2024,522401288,1,9,0,4,4,7,2,0,0,0,0,0,1,0,2,1,6,6,1,62,9,3456,8,12,LEXUS RX 450,9,E01014748,0,1
2024010500311,2024,010500311,1,9,0,4,4,5,1,0,0,0,0,0,0,0,1,1,2,2,1,54,8,3456,8,11,LEXUS RX 450,3,E01004036,0,3
2024010533834,2024,010533834,3,9,0,14,14,5,1,0,0,0,0,0,0,0,1,1,6,6,1,57,9,3456,8,15,LEXUS RX 450,8,E01002825,0,1
2024340WN3262,2024,340WN3262,1,9,0,-1,13,5,3,-1,0,1,0,0,0,0,1,1,-1,6,3,-1,-1,3456,8,9,LEXUS RX 450,-1,-1,0,-1
2024041475813,2024,041475813,2,9,0,-1,5,3,7,-1,0,8,0,0,0,0,1,1,-1,6,1,75,10,3456,8,2,LEXUS RX 450,5,E01025573,0,2
2024010551057,2024,010551057,2,9,0,2,2,0,0,0,0,1,0,0,0,0,0,1,6,6,3,-1,-1,3456,8,14,LEXUS RX 450,-1,-1,0,-1
2024010505817,2024,010505817,2,9,0,99,99,9,9,99,99,9,9,99,9,99,1,9,6,6,3,-1,-1,3456,8,11,LEXUS RX 450,-1,-1,0,-1
2024451487428,2024,451487428,1,9,0,-1,4,4,8,-1,0,0,0,0,0,0,2,1,-1,9,1,47,8,3456,8,7,LEXUS RX 450,9,E01002916,0,2
2024991499983,2024,991499983,2,9,0,-1,19,3,7,-1,0,0,0,0,0,0,1,1,-1,9,2,52,8,3456,8,2,LEXUS RX 450,8,-1,0,3
2024010529292,2024,010529292,1,9,0,6,6,1,1,0,0,1,0,0,0,0,1,1,6,6,1,29,6,3456,8,14,LEXUS RX 450,3,E01001808,0,1
2024010519833,2024,010519833,1,9,0,18,19,7,3,0,0,8,0,0,0,0,3,1,6,6,2,52,8,3456,8,11,LEXUS RX 450,7,E01002655,0,1
2024421513989,2024,421513989,2,9,0,-1,19,3,7,-1,0,0,0,0,0,0,2,1,-1,6,2,29,6,3456,8,8,LEXUS RX 450,7,E01015878,0,3
2024131421605,2024,131421605,2,9,0,-1,-1,-1,-1,-1,-1,0,-1,-1,-1,0,-1,1,-1,6,1,48,8,3456,8,5,LEXUS RX 450,7,E01011556,0,1
2024010534789,2024,010534789,2,9,0,18,19,1,5,0,0,0,0,0,0,0,1,1,6,6,1,41,7,3456,8,11,LEXUS RX 450,2,E01004702,0,1
2024351452082,2024,351452082,2,20,0,-1,2,0,0,-1,0,0,0,0,0,0,4,1,-1,6,-1,-1,-1,-1,-1,-1,-1,-1,-1,0,-1
2024320042644,2024,320042644,2,4,0,-1,-1,8,4,0,0,8,5,0,0,0,3,1,1,1,1,31,6,125,1,5,-1,2,E01026382,0,3
2024010494289,2024,010494289,2,19,0,99,99,9,9,99,99,9,9,99,9,99,1,9,6,6,1,52,8,1598,2,6,NISSAN NV300,5,E01003862,0,1
2024010524956,2024,010524956,1,19,0,1,1,5,1,8,6,0,0,0,0,0,2,1,6,6,1,47,8,1997,2,4,NISSAN NV300,5,E01000516,0,1
2024041466104,2024,041466104,1,19,0,-1,19,1,5,-1,0,0,0,0,0,0,1,1,-1,1,1,50,8,1598,2,6,NISSAN NV300,2,E01024890,0,3
2024010510621,2024,010510621,1,19,0,7,7,5,7,4,4,8,0,0,0,0,1,1,6,6,3,-1,-1,1997,2,4,NISSAN NV300,-1,-1,0,-1
2024440493612,2024,440493612,1,19,0,18,19,1,6,0,0,0,2,0,7,9,1,1,1,1,1,53,8,1997,2,4,NISSAN NV300,6,E01017049,0,4
2024451507454,2024,451507454,1,19,0,-1,19,6,2,-1,0,1,0,0,0,0,1,1,-1,1,1,62,9,1598,2,6,NISSAN NV300,7,E01030927,0,2
2024010499987,2024,010499987,2,19,0,10,10,1,7,0,0,7,0,0,0,0,1,1,6,6,1,54,8,1598,2,7,NISSAN NV300,5,E01003494,0,1
2024430615875,2024,430615875,1,9,0,9,9,1,7,0,0,5,0,0,0,0,1,1,6,6,1,31,6,1598,2,7,NISSAN NV300,8,E01017838,0,2
2024141525171,2024,141525171,2,19,0,-1,9,2,7,-1,0,1,0,0,0,0,1,1,-1,9,1,33,6,1598,2,7,NISSAN NV300,1,E01008037,0,1
2024440091837,2024,440091837,1,19,0,4,4,3,7,0,0,2,0,0,0,0,2,1,6,6,2,67,10,-1,-1,-1,NISSAN NV300,3,E01004064,0,5