collision_index,collision_year,collision_ref_no,vehicle_reference,vehicle_type,towing_and_articulation,vehicle_manoeuvre_historic,vehicle_manoeuvre,vehicle_direction_from,vehicle_direction_to,vehicle_location_restricted_lane_historic,vehicle_location_restricted_lane,junction_location,skidding_and_overturning,hit_object_in_carriageway,vehicle_leaving_carriageway,hit_object_off_carriageway,first_point_of_impact,vehicle_left_hand_drive,journey_purpose_of_driver_historic,journey_purpose_of_driver,sex_of_driver,age_of_driver,age_band_of_driver,engine_capacity_cc,propulsion_code,age_of_vehicle,generic_make_model,driver_imd_decile,lsoa_of_driver,escooter_flag,driver_distance_banding
2024522500048,2024,522500048,2,9,0,18,19,2,6,0,0,8,0,0,0,0,3,1,6,6,2,34,6,1870,2,12,SUZUKI GRAND VITARA,1,E01014596,0,1
2024461417442,2024,461417442,1,9,0,-1,19,1,5,-1,0,0,0,0,1,0,4,1,-1,9,1,79,11,2736,1,21,SUZUKI GRAND VITARA,7,E01024558,0,1
2024010539772,2024,010539772,2,9,0,99,99,9,9,99,99,9,9,99,9,99,1,9,6,6,1,-1,-1,2493,1,24,SUZUKI GRAND VITARA,7,E01030708,0,3
2024340NN1252,2024,340NN1252,1,9,0,-1,9,6,4,-1,0,4,0,0,0,0,0,1,-1,6,3,-1,-1,1997,2,19,SUZUKI GRAND VITARA,-1,-1,0,-1
2024010505949,2024,010505949,1,9,0,99,99,9,9,99,99,9,9,99,9,99,9,9,6,6,2,43,7,2393,1,14,SUZUKI GRAND VITARA,8,E01021463,0,4
2024451450903,2024,451450903,4,9,0,-1,4,1,5,-1,0,0,0,0,0,0,2,1,-1,6,1,45,7,2393,1,11,SUZUKI GRAND VITARA,8,E01021171,0,4
2024320573925,2024,320573925,1,9,0,13,13,6,2,0,0,0,0,0,0,0,1,1,6,6,1,73,10,1870,2,17,SUZUKI GRAND VITARA,6,E01026404,0,1
2024991461894,2024,991461894,1,9,0,-1,19,4,8,-1,0,0,0,0,8,0,1,1,-1,1,2,19,4,1870,2,15,SUZUKI GRAND VITARA,4,-1,0,4
2024361474163,2024,361474163,2,9,0,-1,19,3,7,-1,0,8,0,0,0,0,1,1,-1,9,2,30,6,1590,1,19,SUZUKI GRAND VITARA,6,E01026922,0,1
2024041528897,2024,041528897,2,9,0,-1,19,5,1,-1,0,8,0,0,0,0,1,1,-1,1,2,52,8,1586,1,10,SUZUKI GRAND VITARA,8,E01025358,0,1
2024031533765,2024,031533765,2,9,0,-1,19,7,2,-1,0,1,0,0,0,0,1,1,-1,9,1,23,5,1586,1,16,SUZUKI GRAND VITARA,7,E01019375,0,4
2024501419253,2024,501419253,1,9,0,-1,19,3,7,-1,0,1,0,0,0,0,1,1,-1,6,1,29,6,1995,1,20,SUZUKI GRAND VITARA,7,E01032628,0,3
2024161523553,2024,161523553,2,9,0,-1,19,5,1,-1,0,8,0,0,0,0,3,2,-1,9,1,55,8,1997,2,20,SUZUKI GRAND VITARA,7,E01013022,0,1
2024131458863,2024,131458863,1,9,0,-1,9,5,3,-1,0,6,0,0,0,0,1,1,-1,6,1,65,9,2736,1,21,SUZUKI GRAND VITARA,3,E01011325,0,1
2024201434276,2024,201434276,2,9,0,-1,8,5,1,-1,0,1,0,0,1,0,2,9,-1,6,2,62,9,2393,1,10,SUZUKI GRAND VITARA,10,E01032154,0,4
2024361401642,2024,361401642,1,9,0,-1,7,4,3,-1,0,1,0,0,0,0,1,1,-1,9,1,21,5,1870,2,15,SUZUKI GRAND VITARA,5,E01026783,0,2
2024010548243,2024,010548243,2,9,0,99,99,9,9,99,99,9,9,99,9,99,1,9,6,6,3,-1,-1,1590,1,19,SUZUKI GRAND VITARA,-1,-1,0,-1
2024421523191,2024,421523191,2,9,0,-1,19,5,1,-1,0,2,0,0,0,0,1,1,-1,6,1,77,11,1995,1,21,SUZUKI GRAND VITARA,7,E01021913,0,1
2024010508742,2024,010508742,5,9,0,18,19,5,1,0,0,0,0,0,0,0,3,1,6,6,2,48,8,1586,1,18,SUZUKI GRAND VITARA,7,E01004605,0,2
2024461432267,2024,461432267,3,9,0,-1,2,0,0,-1,0,0,0,0,0,0,2,1,-1,6,-1,-1,-1,1995,1,22,SUZUKI GRAND VITARA,-1,-1,0,-1
2024221516285,2024,221516285,1,9,0,-1,19,7,3,-1,0,0,0,0,0,0,1,9,-1,6,2,57,9,1870,2,16,SUZUKI GRAND VITARA,6,E01032404,0,1
2024440324505,2024,440324505,2,9,0,18,19,7,3,0,0,4,0,0,0,0,1,1,6,6,2,21,5,1870,2,13,SUZUKI GRAND VITARA,7,E01020357,0,1
2024231531337,2024,231531337,1,9,0,-1,19,2,5,-1,0,0,0,0,3,0,1,1,-1,6,1,67,10,1997,2,22,SUZUKI GRAND VITARA,7,E01031198,0,1
2024520403268,2024,520403268,1,9,0,18,19,4,7,0,0,0,0,0,0,0,1,1,6,6,2,33,6,1586,1,19,SUZUKI GRAND VITARA,7,E01032110,0,2
2024010523743,2024,010523743,1,9,0,7,7,5,7,0,0,1,0,0,0,0,1,1,6,6,2,58,9,1995,1,23,SUZUKI GRAND VITARA,6,E01000663,0,1
2024461396682,2024,461396682,1,9,0,-1,19,3,7,-1,0,0,1,0,1,0,1,1,-1,6,2,59,9,1590,1,20,SUZUKI GRAND VITARA,1,E01024621,0,3
2024361437523,2024,361437523,2,9,0,-1,8,5,7,-1,0,1,0,0,0,0,2,1,-1,6,1,72,10,1995,1,20,SUZUKI GRAND VITARA,6,E01029930,0,2
2024231427760,2024,231427760,1,9,0,-1,9,3,1,-1,0,6,0,0,0,0,1,9,-1,6,1,71,10,1997,2,22,SUZUKI GRAND VITARA,4,E01031096,0,1
2024610053324,2024,610053324,2,9,0,2,2,0,0,0,0,0,0,0,0,0,1,1,6,6,3,-1,-1,1586,1,17,SUZUKI GRAND VITARA,-1,-1,0,-1
2024411546742,2024,411546742,1,9,0,-1,9,6,2,-1,0,5,0,0,0,0,4,1,-1,2,1,23,5,1590,1,22,SUZUKI GRAND VITARA,10,E01023355,0,2
2024302400684,2024,302400684,1,9,0,18,19,6,2,0,0,8,0,0,7,10,4,1,6,6,1,63,9,1870,2,12,SUZUKI GRAND VITARA,3,E01019541,0,2
2024211397763,2024,211397763,2,9,0,-1,19,7,3,-1,0,8,0,0,0,0,4,1,-1,9,1,59,9,1870,2,12,SUZUKI GRAND VITARA,8,E01029688,0,1
2024041426701,2024,041426701,1,9,0,-1,9,1,1,-1,0,1,0,0,0,0,1,1,-1,9,1,74,10,2393,1,15,SUZUKI GRAND VITARA,1,E01025045,0,1
2024010511914,2024,010511914,1,9,0,9,9,5,3,0,0,5,0,0,0,0,2,1,6,6,1,54,8,1995,1,18,SUZUKI GRAND VITARA,4,E01002796,0,1
2024461404575,2024,461404575,1,9,0,-1,19,7,5,-1,0,0,0,0,0,0,1,9,-1,6,1,18,4,1586,1,14,SUZUKI GRAND VITARA,9,E01024300,0,3
202454A914424,2024,54A914424,2,9,0,18,19,2,6,0,0,0,0,0,0,0,1,1,6,6,1,61,9,1586,1,11,SUZUKI GRAND VITARA,-1,-1,0,-1
2024141401009,2024,141401009,1,9,0,-1,4,5,1,-1,0,6,0,0,0,0,2,1,-1,9,1,23,5,1586,1,17,SUZUKI GRAND VITARA,4,E01008001,0,1
2024421535654,2024,421535654,1,9,0,-1,9,7,5,-1,0,0,0,0,0,0,1,1,-1,6,2,49,8,1995,1,23,SUZUKI GRAND VITARA,10,E01021645,0,1
2024471410742,2024,471410742,1,9,0,-1,9,3,1,-1,0,7,0,0,0,0,1,1,-1,9,1,84,11,1586,1,15,SUZUKI GRAND VITARA,3,E01031430,0,2
2024041405834,2024,041405834,1,9,0,-1,19,3,7,-1,0,1,0,0,0,0,2,1,-1,6,1,65,9,1586,1,17,SUZUKI GRAND VITARA,4,E01025119,0,1
2024010516838,2024,010516838,2,9,0,99,99,9,9,99,99,9,9,99,9,99,9,9,6,6,3,-1,-1,2736,1,19,SUZUKI GRAND VITARA,-1,-1,0,-1
202460Q189506,2024,60Q189506,3,9,0,2,2,0,0,0,0,2,0,0,0,0,4,1,6,6,2,35,6,2393,1,14,SUZUKI GRAND VITARA,-1,-1,0,-1
2024461439882,2024,461439882,2,9,0,-1,19,5,1,-1,0,0,0,0,0,0,3,2,-1,2,1,35,6,1870,2,12,SUZUKI GRAND VITARA,3,E01024501,0,4
2024211448032,2024,211448032,2,9,0,-1,19,6,2,-1,0,0,0,0,0,0,1,1,-1,6,-1,35,6,1586,1,16,SUZUKI GRAND VITARA,-1,-1,0,-1
2024451455503,2024,451455503,2,9,0,-1,19,7,3,-1,0,0,0,0,0,0,3,1,-1,9,1,68,10,1870,2,15,SUZUKI GRAND VITARA,9,E01030313,0,2
2024122400136,2024,122400136,1,9,0,18,19,7,3,0,0,0,0,0,0,0,1,1,6,6,1,60,9,1870,2,15,SUZUKI GRAND VITARA,8,E01013400,0,1
2024501409431,2024,501409431,1,9,0,-1,19,2,6,-1,0,1,0,0,0,0,1,9,-1,6,1,45,7,1590,1,21,SUZUKI GRAND VITARA,4,E01020032,0,4
2024520001148,2024,520001148,1,9,0,18,19,4,8,0,0,0,0,0,7,11,1,1,6,6,1,57,9,1590,1,22,SUZUKI GRAND VITARA,7,E01014945,0,2
2024440101739,2024,440101739,1,9,0,3,3,4,8,0,0,1,0,0,0,0,2,1,6,6,1,69,10,2393,1,14,SUZUKI GRAND VITARA,-1,-1,0,-1
2024371437968,2024,371437968,1,9,0,-1,19,8,4,-1,0,6,0,0,1,4,4,1,-1,9,2,37,7,2393,1,12,SUZUKI GRAND VITARA,10,E01030070,0,1
2024552400601,2024,552400601,2,9,0,3,3,8,4,0,0,4,0,0,0,0,2,1,6,6,2,34,6,1586,1,17,SUZUKI GRAND VITARA,5,E01015317,0,1
2024101499370,2024,101499370,2,9,0,-1,19,1,5,-1,0,8,0,0,0,0,1,1,-1,9,1,19,4,2393,1,15,SUZUKI GRAND VITARA,5,E01027480,0,2
2024010549607,2024,010549607,2,9,0,9,9,3,2,0,0,1,0,0,0,0,1,1,6,6,2,58,9,1995,1,18,SUZUKI GRAND VITARA,6,E01030857,0,2
2024411409708,2024,411409708,3,9,0,-1,2,0,0,-1,0,0,0,0,0,0,4,1,-1,6,-1,-1,-1,2736,1,20,SUZUKI GRAND VITARA,-1,-1,0,-1
2024061458836,2024,061458836,1,9,0,-1,5,-1,-1,-1,0,0,0,0,0,0,1,1,-1,7,2,49,8,2435,1,14,VOLVO C70,1,E01005068,0,1
2024991502756,2024,991502756,1,9,0,-1,5,1,5,-1,-1,6,0,0,1,11,3,1,-1,7,1,38,7,2319,1,24,VOLVO C70,5,-1,0,1
2024522400805,2024,522400805,3,9,0,3,3,5,1,0,0,1,0,0,0,0,2,1,6,6,1,27,6,1984,1,19,VOLVO C70,2,E01014568,0,3
2024531474486,2024,531474486,1,9,0,-1,19,4,8,-1,0,0,0,0,7,9,1,1,-1,9,2,78,11,1984,2,12,VOLVO C70,9,E01022217,0,1
2024010503475,2024,010503475,2,9,0,99,99,9,9,0,0,9,0,99,0,0,9,1,6,6,3,-1,-1,2521,1,18,VOLVO C70,-1,-1,0,-1
2024501457795,2024,501457795,1,9,0,-1,5,2,5,-1,0,6,0,0,0,0,1,1,-1,6,2,33,6,2435,1,18,VOLVO C70,1,E01015261,0,1
2024541834724,2024,541834724,1,9,0,5,5,1,6,0,0,4,0,0,0,0,1,1,6,6,1,79,11,1984,2,12,VOLVO C70,8,E01032112,0,1
2024451457374,2024,451457374,2,9,0,-1,2,0,0,-1,0,0,0,0,1,0,1,1,-1,6,-1,-1,-1,1984,1,22,VOLVO C70,-1,-1,0,-1
2024141418985,2024,141418985,3,9,0,-1,19,1,5,-1,0,0,0,0,0,0,2,1,-1,6,1,25,5,2401,2,16,VOLVO C70,3,E01013286,0,4
2024010529303,2024,010529303,1,9,0,4,4,5,1,0,0,1,0,0,0,0,2,1,6,6,3,-1,-1,2435,1,18,VOLVO C70,-1,-1,0,-1
2024471463795,2024,471463795,2,9,0,-1,19,6,2,-1,0,1,0,0,0,0,1,1,-1,1,1,47,8,2435,1,19,VOLVO C70,10,E01016930,0,1
2024552400357,2024,552400357,2,2,0,7,7,4,5,0,0,5,0,0,0,0,1,1,6,6,1,16,4,48,1,1,-1,6,E01020586,0,1
2024122400554,2024,122400554,1,2,0,18,19,5,1,0,0,0,0,0,0,0,1,1,6,6,2,16,4,48,1,1,-1,4,E01034981,0,2
2024401498545,2024,401498545,2,2,0,-1,19,3,7,-1,0,1,0,0,0,0,4,1,-1,6,1,18,4,48,1,2,-1,7,E01017608,0,1
2024421452147,2024,421452147,2,2,0,-1,19,7,3,-1,0,0,0,0,0,0,1,1,-1,9,1,16,4,48,1,1,-1,6,E01015818,0,1
2024421526395,2024,421526395,2,2,0,-1,19,8,4,-1,0,4,1,0,7,0,4,1,-1,9,1,16,4,48,1,1,-1,6,E01021491,0,1
2024401501477,2024,401501477,2,2,0,-1,-1,-1,-1,-1,-1,-1,-1,-1,-1,0,2,1,-1,7,2,16,4,48,1,2,-1,5,E01015768,0,1
2024311446712,2024,311446712,1,2,0,-1,19,7,3,-1,0,4,0,0,0,0,1,1,-1,9,1,17,4,48,1,1,-1,6,E01027979,0,1
2024411438595,2024,411438595,1,4,0,-1,5,1,5,-1,0,1,0,0,0,0,3,1,-1,2,1,44,7,-1,3,5,-1,6,E01017386,0,3
2024401415352,2024,401415352,2,9,0,-1,19,1,5,-1,0,1,0,0,0,0,2,1,-1,6,1,39,7,2967,2,1,-1,9,E01017374,0,2
2024401538912,2024,401538912,1,9,-1,-1,-1,-1,-1,-1,-1,0,-1,-1,-1,0,-1,9,-1,6,3,-1,-1,2967,2,0,-1,-1,-1,0,-1
2024501450111,2024,501450111,2,9,0,-1,2,0,0,-1,0,1,0,0,0,0,4,2,-1,6,3,-1,-1,2967,2,5,-1,-1,-1,0,-1
2024544933924,2024,544933924,1,9,0,18,19,6,2,0,0,0,0,0,0,0,4,1,3,7,2,28,6,1998,1,6,BMW X1,8,E01015562,0,1
2024440249947,2024,440249947,2,9,0,18,19,7,3,0,0,1,0,0,0,0,1,1,2,2,1,45,7,1995,2,13,BMW X1,9,E01023281,0,2
2024302400537,2024,302400537,1,9,0,5,5,8,4,0,0,8,0,0,0,0,3,1,3,7,2,36,7,1998,1,6,BMW X1,2,E01013477,0,1
2024141446770,2024,141446770,2,9,0,-1,5,7,3,-1,0,4,0,0,0,0,3,1,-1,2,1,38,7,1995,2,6,BMW X1,2,E01007564,0,1
2024010540726,2024,010540726,2,9,0,18,19,1,5,0,0,1,0,0,0,0,1,1,6,6,2,33,6,1995,2,6,BMW X1,3,E01000024,0,1
2024471466162,2024,471466162,1,9,0,-1,5,1,5,-1,9,0,0,0,0,0,1,1,-1,2,2,49,8,1995,2,10,BMW X1,6,E01021018,0,1
2024430622754,2024,430622754,2,9,0,18,19,8,4,0,0,6,1,0,7,1,1,1,6,6,1,25,5,1499,8,1,BMW X1,-1,-1,0,-1
2024041400863,2024,041400863,3,9,0,-1,19,5,1,-1,0,1,0,0,0,0,2,1,-1,9,2,38,7,1995,2,7,BMW X1,5,E01025458,0,1
2024041453272,2024,041453272,1,9,0,-1,9,8,4,-1,0,2,0,0,0,0,1,1,-1,9,1,85,11,1995,2,10,BMW X1,3,E01025262,0,1
2024010526137,2024,010526137,1,9,0,4,4,5,1,9,9,7,0,4,7,11,1,1,6,6,1,61,9,1998,1,6,BMW X1,10,E01000436,0,1
2024461529445,2024,461529445,2,9,0,-1,19,5,1,-1,0,0,0,0,0,0,2,1,-1,9,2,32,6,1995,2,14,BMW X1,-1,-1,0,-1
2024522401938,2024,522401938,2,9,0,18,19,3,7,0,0,8,0,0,0,0,4,1,6,6,1,41,7,1998,1,9,BMW X1,10,E01014395,0,2
2024141459606,2024,141459606,1,9,0,-1,19,7,3,-1,0,1,0,0,0,0,4,1,-1,2,1,48,8,1995,2,9,BMW X1,1,E01008076,0,2
2024471478305,2024,471478305,4,9,0,-1,2,0,0,-1,-1,0,0,0,0,0,1,1,-1,6,-1,-1,-1,1995,2,12,BMW X1,-1,-1,0,-1
2024543225124,2024,543225124,1,9,0,1,1,2,6,0,0,0,0,0,0,0,2,1,3,7,2,59,9,1995,2,7,BMW X1,7,E01032003,0,1
2024010508707,2024,010508707,1,9,0,16,19,1,5,0,0,2,0,0,7,0,1,1,6,6,2,36,7,1998,1,6,BMW X1,7,E01001036,0,2
2024302401215,2024,302401215,1,9,0,18,19,6,2,0,0,1,0,0,0,0,1,1,6,6,1,31,6,1995,2,14,BMW X1,5,E01013515,0,2
2024010522810,2024,010522810,4,9,0,18,19,5,1,0,0,0,0,0,0,0,3,1,6,6,1,57,9,1998,1,3,BMW X1,3,E01003097,0,3
2024010528685,2024,010528685,1,9,0,10,10,5,3,5,5,1,0,0,0,0,3,1,1,1,2,42,7,1995,2,6,BMW X1,8,E01004118,0,1
2024052400271,2024,052400271,1,9,0,18,19,3,7,0,0,1,0,0,0,0,1,1,6,6,2,52,8,1998,1,8,BMW X1,5,E01006487,0,1
2024010519828,2024,010519828,1,9,0,-1,-1,4,8,0,0,0,0,0,0,0,2,1,6,6,2,47,8,1998,1,5,BMW X1,-1,-1,0,-1
2024201471705,2024,201471705,2,9,0,-1,19,5,1,-1,9,0,1,10,1,0,2,1,-1,9,1,25,5,1995,2,14,BMW X1,2,E01033629,0,1
2024991531039,2024,991531039,3,9,0,-1,3,5,1,-1,0,0,0,0,0,0,2,1,-1,2,1,38,7,1995,2,6,BMW X1,3,-1,0,2
2024010539478,2024,010539478,1,9,0,99,99,9,9,99,99,9,9,99,9,99,2,9,6,6,2,39,7,1998,1,6,BMW X1,8,E01001987,0,2
2024131484385,2024,131484385,1,9,0,-1,19,1,5,-1,0,0,0,0,0,0,1,2,-1,9,1,70,10,1995,2,5,BMW X1,7,E01012939,0,4
2024371559384,2024,371559384,2,9,0,-1,19,3,7,-1,0,0,0,0,0,0,2,1,-1,9,2,40,7,1995,2,10,BMW X1,7,E01030040,0,2
2024061509893,2024,061509893,3,9,0,-1,2,0,0,-1,-1,2,0,0,0,0,4,1,-1,6,-1,-1,-1,1995,2,9,BMW X1,-1,-1,0,-1
2024311466131,2024,311466131,1,9,0,-1,5,1,5,-1,0,8,0,0,0,0,1,1,-1,6,1,78,11,1995,2,13,BMW X1,9,E01028421,0,2
2024010498510,2024,010498510,2,9,0,99,99,9,9,99,99,9,9,99,9,99,2,9,6,6,3,40,7,1998,1,4,BMW X1,1,E01001813,0,2
2024991399788,2024,991399788,1,9,0,-1,14,3,7,-1,0,0,0,0,0,0,1,1,-1,9,1,77,11,1499,1,3,BMW X1,4,-1,0,1
2024010557854,2024,010557854,2,9,0,99,99,9,9,99,99,9,9,99,9,99,9,9,6,6,3,-1,-1,1998,1,3,BMW X1,-1,-1,0,-1
2024131501009,2024,131501009,2,9,0,-1,-1,-1,-1,-1,-1,-1,-1,-1,-1,-1,3,1,-1,6,2,44,7,1995,2,4,BMW X1,3,E01011039,0,1
2024471456584,2024,471456584,2,9,0,-1,19,6,2,-1,0,0,0,0,0,0,1,1,-1,6,1,31,6,1995,2,7,BMW X1,4,E01021071,0,3
2024211467300,2024,211467300,2,9,0,-1,19,4,2,-1,0,1,0,0,0,0,3,1,-1,9,2,28,6,1995,2,8,BMW X1,8,E01029500,0,1
2024411468185,2024,411468185,1,9,0,-1,5,7,5,-1,0,8,1,0,0,0,3,9,-1,6,2,83,11,1998,1,3,BMW X1,10,E01023617,0,1
2024461506248,2024,461506248,2,9,0,-1,19,4,6,-1,0,0,0,0,0,0,1,1,-1,9,2,76,11,1995,2,7,BMW X1,6,E01024266,0,1
2024010514692,2024,010514692,1,9,0,8,8,1,3,0,0,1,0,0,0,0,2,1,6,6,1,22,5,1995,2,8,BMW X1,3,E01023310,0,2
2024041411348,2024,041411348,2,9,0,-1,19,5,1,-1,0,0,0,0,0,0,2,1,-1,9,1,74,10,1998,8,2,BMW X1,8,E01034078,0,4
2024332400362,2024,332400362,1,9,0,-1,10,5,3,-1,0,1,0,0,0,0,2,1,-1,2,2,44,7,1998,8,2,BMW X1,8,E01025775,0,4
2024411419830,2024,411419830,2,9,0,-1,19,3,7,-1,0,1,1,0,3,0,1,1,-1,6,1,31,6,1998,1,5,BMW X1,10,E01017631,0,3
2024010540704,2024,010540704,1,9,0,9,9,6,4,0,0,6,0,0,0,0,1,1,6,6,2,46,8,1998,1,4,BMW X1,10,E01000766,0,1
2024061527456,2024,061527456,2,9,0,-1,5,-1,-1,-1,99,4,0,0,0,0,1,1,-1,6,2,37,7,1995,2,10,BMW X1,3,E01005710,0,1
2024552400211,2024,552400211,2,9,0,18,19,4,8,0,0,8,0,0,0,0,4,1,6,6,1,76,11,1997,1,9,BMW X1,4,E01020578,0,1
2024201438844,2024,201438844,1,9,0,-1,19,6,2,-1,0,4,0,0,0,0,3,9,-1,6,2,51,8,1998,1,5,BMW X1,5,E01009721,0,1
2024610002124,2024,610002124,2,9,0,3,3,4,8,0,0,4,0,0,0,0,1,1,6,6,1,26,6,1995,2,12,BMW X1,6,W01001680,0,1
2024201464762,2024,201464762,2,9,0,-1,19,6,2,-1,0,0,0,0,0,0,3,1,-1,9,1,44,7,1998,1,5,BMW X1,6,E01009858,0,2
2024991510537,2024,991510537,2,9,0,-1,2,0,0,-1,0,0,0,0,0,0,1,1,-1,6,-1,-1,-1,1995,2,9,BMW X1,-1,-1,0,-1
2024471401364,2024,471401364,2,9,0,-1,5,5,1,-1,0,0,0,0,0,0,1,1,-1,9,2,22,5,1995,2,11,BMW X1,8,E01031707,0,3
2024231512166,2024,231512166,1,9,0,-1,19,8,4,-1,0,0,1,0,7,3,1,1,-1,9,1,35,6,1998,1,6,BMW X1,9,E01035761,0,4
2024401434360,2024,401434360,2,9,0,-1,19,7,3,-1,0,2,0,0,0,0,4,1,-1,9,1,27,6,1499,8,2,BMW X1,7,E01017382,0,1
2024010512444,2024,010512444,2,9,0,99,99,9,9,99,99,9,9,99,9,99,9,9,6,6,3,-1,-1,1499,1,6,BMW X1,-1,-1,0,-1
2024041436953,2024,041436953,2,9,0,-1,2,0,0,-1,0,0,0,0,0,0,3,1,-1,6,-1,-1,-1,1998,1,4,BMW X1,-1,-1,0,-1
2024010526701,2024,010526701,1,9,0,99,99,9,9,99,99,0,9,99,9,99,1,9,6,6,1,36,7,1998,1,6,BMW X1,2,E01003577,0,1
2024052402841,2024,052402841,2,9,0,3,3,5,1,0,0,1,0,0,0,0,2,1,6,6,2,51,8,1998,1,2,BMW X1,9,E01018529,0,3
2024430490595,2024,430490595,1,9,0,13,13,3,6,0,0,1,0,0,0,0,3,1,6,6,1,54,8,1499,8,3,BMW X1,10,E01016658,0,2
2024332400750,2024,332400750,3,9,0,-1,19,6,2,-1,0,1,0,0,0,0,1,1,-1,9,1,55,8,1995,2,10,BMW X1,4,E01034011,0,1
2024010496472,2024,010496472,1,9,0,7,7,5,6,0,0,1,0,0,0,0,0,1,1,1,1,23,5,1499,8,3,BMW X1,4,E01001370,0,1
2024010530281,2024,010530281,1,9,0,18,19,1,5,0,0,8,1,0,0,0,1,1,6,6,1,-1,-1,1998,1,6,BMW X1,-1,-1,0,-1
2024361453044,2024,361453044,2,9,0,-1,4,7,3,-1,0,1,0,0,0,0,1,1,-1,1,2,44,7,1995,2,12,BMW X1,2,E01026700,0,1
2024010521302,2024,010521302,2,9,0,18,19,3,7,0,0,1,0,0,0,0,2,1,6,6,2,56,9,1499,8,1,BMW X1,9,E01002996,0,2
2024520401676,2024,520401676,2,9,0,18,19,4,8,0,0,1,1,0,0,0,1,1,6,6,2,27,6,1995,2,8,BMW X1,6,E01029156,0,4
2024131504595,2024,131504595,3,9,0,-1,19,1,5,-1,0,0,1,0,0,0,2,1,-1,1,1,33,6,1499,8,1,BMW X1,9,E01013342,0,3
2024351399332,2024,351399332,1,9,0,-1,13,7,3,-1,0,0,0,0,0,0,1,9,-1,2,1,57,9,1998,1,2,BMW X1,4,E01035536,0,2
2024010546445,2024,010546445,3,9,0,9,9,5,3,0,0,6,0,0,0,0,4,1,6,6,2,38,7,1499,1,6,BMW X1,4,E01002309,0,2
2024461483597,2024,461483597,1,9,0,-1,19,5,1,-1,0,0,0,0,1,0,1,2,-1,6,-1,-1,-1,1995,2,10,BMW X1,-1,-1,0,-1
2024211450627,2024,211450627,1,9,0,-1,19,6,2,-1,0,8,0,0,0,0,1,1,-1,6,2,56,9,1998,1,3,BMW X1,1,E01014328,0,1
2024010513774,2024,010513774,1,9,0,18,19,5,1,0,0,0,5,0,0,0,1,1,2,2,1,21,5,1995,2,8,BMW X1,-1,-1,0,-1
2024010516941,2024,010516941,1,9,0,99,99,9,9,99,99,0,9,99,9,99,2,9,6,6,2,38,7,1995,2,7,BMW X1,3,E01000111,0,1
2024401536211,2024,401536211,2,9,0,-1,3,1,5,-1,0,0,0,0,0,0,1,1,-1,9,1,36,7,1998,1,5,BMW X1,10,E01023483,0,4
2024311404806,2024,311404806,2,9,0,-1,19,8,4,-1,0,2,0,0,0,0,1,1,-1,6,1,-1,-1,1995,2,14,BMW X1,-1,-1,0,-1
2024211395696,2024,211395696,2,9,0,-1,11,2,6,-1,0,6,0,0,0,0,2,9,-1,9,1,32,6,1499,1,4,BMW X1,2,E01009942,0,3
2024010522183,2024,010522183,2,9,0,18,19,5,1,0,0,4,0,0,0,0,1,1,6,6,1,28,6,1499,8,0,BMW X1,2,E01001257,0,1
2024131401839,2024,131401839,2,9,0,-1,9,1,5,-1,0,1,0,0,0,0,4,1,-1,9,2,65,9,1998,1,4,BMW X1,3,E01011319,0,1
2024201403739,2024,201403739,1,9,0,-1,1,3,7,-1,0,0,0,0,0,0,2,9,-1,9,1,72,10,1998,1,3,BMW X1,2,E01010470,0,1
2024010524786,2024,010524786,2,9,0,99,99,9,9,99,99,9,9,99,9,99,1,9,6,6,3,-1,-1,1499,8,3,BMW X1,-1,-1,0,-1
2024010519065,2024,010519065,2,9,0,18,19,7,3,0,0,8,0,0,0,0,1,1,6,6,2,29,6,1995,2,8,BMW X1,6,E01003311,0,1
2024010546251,2024,010546251,1,9,0,18,19,1,5,0,0,4,0,0,3,0,1,9,6,6,3,-1,-1,1995,2,7,BMW X1,-1,-1,0,-1
2024010506966,2024,010506966,5,9,0,2,2,0,0,0,0,2,0,0,0,0,2,1,6,6,3,-1,-1,1998,1,5,BMW X1,-1,-1,0,-1
2024201474306,2024,201474306,2,9,0,-1,3,8,4,-1,0,1,0,0,0,0,1,9,-1,6,3,-1,-1,1995,2,14,BMW X1,-1,-1,0,-1
2024461445998,2024,461445998,1,9,0,-1,19,1,3,-1,0,0,0,0,0,0,1,9,-1,6,2,29,6,1995,2,13,BMW X1,7,E01024127,0,2
2024141430128,2024,141430128,1,9,0,-1,5,2,7,-1,0,8,0,0,0,0,1,1,-1,6,1,41,7,1995,2,10,BMW X1,5,E01008000,0,1
2024340WN6052,2024,340WN6052,1,9,0,-1,9,7,5,-1,0,8,0,0,0,0,3,1,-1,9,1,37,7,1995,2,8,BMW X1,3,E01027228,0,1
2024061425962,2024,061425962,3,9,0,-1,19,3,7,-1,0,8,0,10,1,11,3,1,-1,2,1,38,7,1499,1,5,BMW X1,1,E01005703,0,1
2024440059843,2024,440059843,1,9,0,5,5,1,4,0,0,4,0,0,0,0,3,1,6,6,2,30,6,1499,8,1,BMW X1,10,E01022885,0,1