collision_index,collision_year,collision_ref_no,vehicle_reference,vehicle_type,towing_and_articulation,vehicle_manoeuvre_historic,vehicle_manoeuvre,vehicle_direction_from,vehicle_direction_to,vehicle_location_restricted_lane_historic,vehicle_location_restricted_lane,junction_location,skidding_and_overturning,hit_object_in_carriageway,vehicle_leaving_carriageway,hit_object_off_carriageway,first_point_of_impact,vehicle_left_hand_drive,journey_purpose_of_driver_historic,journey_purpose_of_driver,sex_of_driver,age_of_driver,age_band_of_driver,engine_capacity_cc,propulsion_code,age_of_vehicle,generic_make_model,driver_imd_decile,lsoa_of_driver,escooter_flag,driver_distance_banding
2024421434988,2024,421434988,2,9,0,-1,3,1,3,-1,0,1,0,0,0,0,2,1,-1,7,2,35,6,1995,2,7,BMW X1,6,E01021344,0,4
2024010534714,2024,010534714,1,9,0,18,19,1,5,0,0,2,0,0,0,0,4,1,6,6,2,36,7,1998,1,6,BMW X1,-1,-1,0,-1
2024010551070,2024,010551070,2,9,0,18,19,3,7,0,0,0,0,0,0,0,0,1,2,2,2,24,5,1998,1,5,BMW X1,-1,-1,0,-1
2024520402159,2024,520402159,1,9,0,18,19,8,4,0,0,8,0,0,0,0,3,1,6,6,1,73,10,1995,2,12,BMW X1,7,E01015486,0,4
2024010510067,2024,010510067,1,9,0,16,19,1,5,0,0,0,0,4,1,11,1,1,6,6,1,24,5,1995,2,7,BMW X1,-1,-1,0,-1
2024991408827,2024,991408827,1,9,0,-1,5,7,3,-1,0,4,0,0,0,0,1,1,-1,6,2,47,8,1998,1,5,BMW X1,5,-1,0,1
2024351432578,2024,351432578,1,9,0,-1,99,6,2,-1,0,0,9,99,0,0,1,9,-1,6,3,-1,-1,1995,2,7,BMW X1,-1,-1,0,-1
2024131484703,2024,131484703,4,9,0,-1,4,3,7,-1,0,8,0,0,0,0,2,1,-1,6,2,46,8,1998,1,6,BMW X1,6,E01011062,0,1
202454D934824,2024,54D934824,1,9,0,18,19,6,2,0,0,0,1,11,0,0,1,1,3,7,1,66,10,1995,2,10,BMW X1,6,E01031867,0,1
2024010516620,2024,010516620,2,9,0,4,4,5,1,0,0,1,0,0,0,0,2,1,6,6,1,55,8,1995,2,7,BMW X1,1,E01002038,0,2
2024201536449,2024,201536449,1,9,0,-1,19,7,3,-1,0,8,0,0,0,0,1,1,-1,6,1,-1,-1,1995,2,13,BMW X1,-1,-1,0,-1
2024451442279,2024,451442279,2,9,0,-1,3,1,5,-1,0,0,0,0,0,0,1,9,-1,6,3,41,7,1995,2,4,BMW X1,-1,-1,0,-1
2024430508269,2024,430508269,1,9,0,18,19,8,4,0,0,1,0,0,0,0,2,1,6,6,2,37,7,1998,1,5,BMW X1,4,E01016479,0,1
2024461444784,2024,461444784,1,9,0,-1,9,5,1,-1,0,5,0,0,0,0,3,1,-1,9,2,51,8,1995,2,6,BMW X1,8,E01024779,0,1
2024371414143,2024,371414143,2,9,0,-1,19,5,1,-1,0,0,0,0,0,0,3,1,-1,6,1,73,10,1995,2,7,BMW X1,-1,-1,0,-1
2024141456964,2024,141456964,3,9,0,-1,19,2,7,-1,0,0,0,0,0,0,2,2,-1,9,1,28,6,1995,2,6,BMW X1,1,E01007542,0,1
2024041496883,2024,041496883,2,9,0,-1,4,3,7,-1,0,1,0,0,0,0,3,1,-1,9,1,56,9,1995,2,13,BMW X1,8,E01025344,0,2
2024430627189,2024,430627189,2,9,0,13,13,4,8,0,0,0,0,0,0,0,4,1,6,6,1,-1,-1,1499,1,2,BMW X1,-1,-1,0,-1
2024231494921,2024,231494921,1,9,0,-1,19,6,2,-1,0,0,0,0,0,0,1,9,-1,6,1,77,11,1995,2,12,BMW X1,8,E01019961,0,5
2024010494813,2024,010494813,3,9,0,2,2,0,0,0,0,2,0,0,0,0,2,1,6,6,3,-1,-1,1499,8,3,BMW X1,-1,-1,0,-1
2024501463129,2024,501463129,1,9,0,-1,5,-1,-1,-1,0,0,0,0,0,0,1,1,-1,9,1,42,7,1995,2,11,BMW X1,8,E01019018,0,1
2024411436951,2024,411436951,1,9,0,-1,6,8,4,-1,0,1,0,0,0,0,1,1,-1,6,1,50,8,1499,8,2,BMW X1,10,E01023581,0,3
2024122400305,2024,122400305,2,9,0,18,19,8,4,0,0,1,1,0,0,0,1,1,6,6,2,45,7,1995,2,12,BMW X1,7,E01033481,0,4
2024201404163,2024,201404163,1,9,0,-1,13,8,4,-1,0,0,0,0,0,0,4,1,-1,6,1,39,7,1995,2,6,BMW X1,2,E01009017,0,1
2024201447044,2024,201447044,2,9,0,-1,19,8,2,-1,0,0,0,0,0,0,2,1,-1,6,2,45,7,1995,2,8,BMW X1,5,E01010069,0,1
2024161450462,2024,161450462,2,9,0,-1,19,5,1,-1,0,8,0,0,0,0,1,1,-1,6,1,35,6,1995,2,10,BMW X1,1,E01013142,0,1
2024010507684,2024,010507684,2,9,0,2,2,0,0,0,0,0,0,0,0,0,2,1,6,6,3,-1,-1,1998,1,5,BMW X1,-1,-1,0,-1
2024471402872,2024,471402872,1,9,0,-1,19,1,5,-1,0,2,0,4,1,0,1,1,-1,9,2,46,8,1998,1,7,BMW X1,7,E01016946,0,1
2024440553664,2024,440553664,2,9,0,18,19,1,5,0,0,3,0,0,0,0,4,1,6,6,1,39,7,1499,1,6,BMW X1,9,E01023136,0,1
2024440060709,2024,440060709,1,9,0,9,9,4,2,0,0,8,0,0,0,0,1,1,6,6,1,30,6,1995,2,12,BMW X1,9,E01032753,0,1
2024041509683,2024,041509683,1,9,0,-1,9,3,1,-1,0,6,0,0,0,0,1,1,-1,9,2,78,11,1499,8,0,BMW X1,9,E01025064,0,2
2024440243385,2024,440243385,2,9,0,18,19,6,2,0,0,0,0,0,0,0,3,1,6,6,2,64,9,1995,2,14,BMW X1,9,E01022625,0,1
2024531466231,2024,531466231,1,9,0,-1,14,5,1,-1,0,2,0,0,0,0,4,1,-1,6,1,71,10,1998,1,5,BMW X1,8,E01031940,0,4
2024451428913,2024,451428913,1,9,0,-1,19,1,5,-1,0,1,0,0,0,0,1,9,-1,6,3,45,7,1995,2,4,BMW X1,-1,-1,0,-1
2024361458146,2024,361458146,2,9,0,-1,2,0,0,-1,9,0,0,0,0,0,2,1,-1,6,-1,-1,-1,1995,2,11,BMW X1,-1,-1,0,-1
2024991531857,2024,991531857,2,9,0,-1,9,7,5,-1,0,2,0,0,1,0,4,1,-1,9,1,29,6,1499,8,0,BMW X1,1,E01012887,0,5
2024451514120,2024,451514120,3,9,0,-1,9,3,7,-1,0,5,0,0,0,0,1,1,-1,9,2,49,8,1998,1,5,BMW X1,10,E01030418,0,1
2024451507398,2024,451507398,1,9,0,-1,3,1,5,-1,0,3,0,0,0,0,1,1,-1,9,2,52,8,1995,2,6,BMW X1,10,E01030374,0,1
2024501500819,2024,501500819,1,9,0,-1,19,3,7,-1,0,0,0,0,0,0,3,1,-1,9,1,78,11,1998,1,4,BMW X1,3,E01034166,0,3
2024540202124,2024,540202124,2,9,0,10,10,1,3,0,0,3,0,0,0,0,3,1,6,6,2,51,8,1995,2,6,BMW X1,7,E01033860,0,1
2024101531528,2024,101531528,5,9,0,-1,19,1,5,-1,0,0,0,0,0,0,3,1,-1,1,1,56,9,1995,2,5,BMW X1,6,E01027366,0,3
2024041433016,2024,041433016,2,9,0,-1,19,3,7,-1,0,0,0,0,7,0,1,1,-1,9,2,42,7,1997,1,11,BMW X1,1,E01025083,0,2
2024010529803,2024,010529803,2,9,0,4,4,7,3,0,0,0,0,0,0,0,1,1,6,6,2,51,8,1998,1,6,BMW X1,4,E01001699,0,3
2024131500259,2024,131500259,1,9,0,-1,-1,-1,-1,-1,-1,8,-1,-1,-1,0,-1,1,-1,6,3,-1,-1,1995,2,11,BMW X1,-1,-1,0,-1
2024991524448,2024,991524448,3,9,0,-1,10,1,7,-1,0,1,0,0,0,0,2,1,-1,6,1,60,9,1995,2,2,BMW X1,8,-1,0,1
2024991447270,2024,991447270,1,9,0,-1,19,1,5,-1,0,0,0,0,0,0,1,1,-1,9,1,35,6,1998,1,4,BMW X1,7,-1,0,4
2024440223628,2024,440223628,2,9,0,18,19,6,2,0,0,1,0,0,0,0,1,1,6,6,2,-1,-1,1995,2,12,BMW X1,-1,-1,0,-1
2024161452781,2024,161452781,2,9,0,-1,9,8,6,-1,0,1,0,0,0,0,1,9,-1,6,2,-1,-1,1995,2,6,BMW X1,-1,-1,0,-1
2024010506882,2024,010506882,2,9,9,99,99,9,9,99,99,9,9,99,9,99,1,9,6,6,3,-1,-1,1998,1,5,BMW X1,-1,-1,0,-1
2024320265992,2024,320265992,2,9,0,-1,-1,6,2,0,0,0,0,0,0,0,2,1,-1,-1,2,55,8,1499,1,5,BMW X1,-1,-1,0,-1
2024501465512,2024,501465512,2,9,0,-1,19,8,4,-1,0,0,0,0,0,0,1,1,-1,9,2,43,7,1995,2,13,BMW X1,6,E01020142,0,1
2024440541252,2024,440541252,2,9,0,18,19,1,5,0,0,1,0,0,0,0,1,1,6,6,2,38,7,1995,2,14,BMW X1,4,E01017067,0,1
2024010511957,2024,010511957,2,9,0,9,9,1,7,0,0,6,0,0,3,4,1,1,6,6,2,78,11,1998,1,4,BMW X1,7,E01001610,0,3
2024622400533,2024,622400533,2,9,0,13,13,2,6,0,0,1,0,0,0,0,1,1,1,1,1,47,8,1995,2,13,BMW X1,1,W01001762,0,1
2024131469050,2024,131469050,3,9,0,-1,19,7,3,-1,0,0,0,0,0,0,1,1,-1,9,1,52,8,1995,2,7,BMW X1,7,E01011561,0,1
2024522402617,2024,522402617,1,9,0,3,3,6,2,0,0,8,0,0,0,0,2,1,6,6,2,31,6,1998,1,5,BMW X1,7,E01029018,0,4
2024201487796,2024,201487796,1,9,0,-1,19,2,6,-1,0,0,0,0,0,0,1,1,-1,9,2,36,7,1998,1,3,BMW X1,1,E01010143,0,1
2024010532934,2024,010532934,2,9,0,6,6,1,1,0,0,1,0,0,0,0,1,1,6,6,1,29,6,1998,1,8,BMW X1,3,E01004033,0,1
2024201503275,2024,201503275,2,9,0,-1,7,4,6,-1,0,1,0,0,0,0,2,9,-1,9,2,55,8,1995,2,8,BMW X1,1,E01009024,0,1
2024010521526,2024,010521526,2,9,0,99,99,9,9,99,99,9,9,99,9,99,1,9,6,6,3,-1,-1,1998,1,7,BMW X1,-1,-1,0,-1
2024461521415,2024,461521415,3,9,0,-1,19,2,5,-1,0,1,0,0,0,0,2,9,-1,6,3,-1,-1,1995,2,14,BMW X1,-1,-1,0,-1
2024041480191,2024,041480191,3,9,0,-1,19,1,5,-1,0,0,0,0,1,0,1,1,-1,6,1,38,7,1995,2,4,BMW X1,3,E01024864,0,4
2024501519003,2024,501519003,2,9,0,-1,19,6,2,-1,0,1,0,0,0,0,1,1,-1,9,2,34,6,1995,2,14,BMW X1,6,E01018981,0,1
2024421489109,2024,421489109,2,9,0,-1,-1,-1,-1,-1,-1,0,-1,-1,-1,0,-1,9,-1,6,1,44,7,1995,2,7,BMW X1,10,E01015912,0,1
2024430209206,2024,430209206,2,9,0,3,3,5,1,0,0,0,0,0,0,0,2,1,6,6,1,40,7,1998,1,4,BMW X1,10,E01010198,0,4
2024122400125,2024,122400125,1,9,0,2,2,0,0,0,0,1,0,0,0,0,3,1,6,6,2,56,9,1995,2,12,BMW X1,8,E01027644,0,3
2024141400056,2024,141400056,2,9,0,-1,19,1,2,-1,0,0,0,0,0,0,1,1,-1,1,2,28,6,1499,8,3,BMW X1,2,E01028027,0,3
2024411439955,2024,411439955,2,9,0,-1,19,1,5,-1,0,0,0,0,0,0,2,1,-1,6,2,32,6,1998,1,4,BMW X1,8,E01023916,0,2
2024010535817,2024,010535817,1,9,0,3,3,5,1,0,0,1,0,0,0,0,2,1,6,6,2,57,9,1997,1,11,BMW X1,6,E01023305,0,1
202417L201124,2024,17L201124,1,9,0,4,4,4,8,0,0,0,0,0,0,0,2,1,6,6,2,51,8,1995,2,8,BMW X1,4,E01012167,0,1
2024070797262,2024,070797262,1,9,0,-1,9,1,3,-1,0,6,0,0,0,0,4,1,-1,9,1,79,11,1995,2,7,BMW X1,1,E01007304,0,3
2024531426588,2024,531426588,1,9,0,-1,19,2,6,-1,0,0,1,0,7,9,1,1,-1,9,1,38,7,1998,1,6,BMW X1,5,E01003341,0,5
2024411398554,2024,411398554,2,9,-1,-1,-1,-1,-1,-1,-1,0,-1,-1,-1,0,-1,9,-1,9,2,40,7,1998,1,4,BMW X1,1,E01015736,0,4
2024340WN6002,2024,340WN6002,1,9,0,-1,19,1,5,-1,0,1,0,0,0,0,1,1,-1,6,2,-1,-1,1995,2,12,BMW X1,-1,-1,0,-1
2024041396569,2024,041396569,2,9,0,-1,4,6,2,-1,0,0,0,0,0,0,2,1,-1,2,2,43,7,1995,2,9,BMW X1,10,E01025464,0,1
2024311529895,2024,311529895,1,9,0,-1,19,8,4,-1,0,1,0,0,0,0,1,2,-1,6,1,33,6,1995,2,6,BMW X1,-1,-1,0,-1
2024461511168,2024,461511168,2,9,0,-1,19,4,1,-1,0,0,1,0,0,0,1,1,-1,6,-1,-1,-1,1995,2,11,BMW X1,-1,-1,0,-1
2024031505605,2024,031505605,4,9,0,-1,3,3,7,-1,0,0,0,0,0,0,2,1,-1,9,2,50,8,1995,2,8,BMW X1,3,E01019271,0,4
202417S407224,2024,17S407224,1,9,0,-1,9,7,5,-1,0,8,0,0,0,0,4,1,-1,9,1,27,6,1995,2,11,BMW X1,-1,-1,0,-1
2024430469143,2024,430469143,2,9,0,18,19,2,6,0,0,8,0,0,0,0,2,1,6,6,1,51,8,1499,8,4,BMW X1,5,E01034427,0,4
2024131440304,2024,131440304,1,9,0,-1,19,1,5,-1,0,0,0,0,0,0,1,1,-1,9,1,74,10,1998,1,8,BMW X1,10,E01028356,0,4
2024371422646,2024,371422646,1,9,0,-1,5,1,5,-1,0,1,0,0,0,0,3,1,-1,9,1,32,6,1995,2,13,BMW X1,6,E01030005,0,1
2024010498242,2024,010498242,1,9,9,99,99,9,9,99,99,0,9,99,9,99,9,9,6,6,3,-1,-1,1998,1,6,BMW X1,-1,-1,0,-1
2024201503196,2024,201503196,3,9,0,-1,19,1,5,-1,0,0,0,0,0,0,1,1,-1,9,2,27,6,1995,2,8,BMW X1,-1,-1,0,-1
2024010504488,2024,010504488,1,9,0,18,19,1,5,0,0,0,5,0,0,0,1,1,6,6,2,51,8,1995,2,7,BMW X1,2,E01003735,0,1
2024101452761,2024,101452761,3,9,0,-1,19,5,1,-1,0,0,0,0,0,0,1,9,-1,9,1,37,7,1995,2,4,BMW X1,3,E01008717,0,1
2024440208127,2024,440208127,1,9,0,18,19,1,5,0,0,8,0,10,3,10,1,1,6,6,2,24,5,1995,2,8,BMW X1,5,E01030493,0,4
2024421429731,2024,421429731,2,9,0,-1,4,8,5,-1,0,0,1,0,0,0,2,1,-1,9,1,38,7,1995,2,14,BMW X1,8,E01021385,0,2
2024421460141,2024,421460141,1,9,0,-1,19,1,5,-1,0,0,1,0,5,0,1,1,-1,9,1,29,6,1995,2,2,BMW X1,6,E01021435,0,3
2024361452355,2024,361452355,2,9,0,-1,19,3,6,-1,0,8,0,0,0,0,4,1,-1,6,1,46,8,1499,8,1,BMW X1,9,E01035136,0,3
2024440231328,2024,440231328,1,9,0,18,19,7,3,0,0,1,0,0,0,0,1,1,6,6,1,45,7,1995,2,12,BMW X1,8,E01022722,0,2
2024522402020,2024,522402020,1,9,0,4,4,2,5,0,0,2,0,0,0,0,2,1,6,6,2,36,7,1998,1,5,BMW X1,5,E01014665,0,1
2024332400883,2024,332400883,1,9,0,-1,19,3,7,-1,0,0,0,0,0,0,4,1,-1,6,1,68,10,1499,1,3,BMW X1,4,E01013662,0,1
2024010531712,2024,010531712,1,9,0,6,6,1,1,0,0,1,0,0,1,0,3,1,3,7,2,35,6,1998,1,6,BMW X1,3,E01033700,0,1
2024401518068,2024,401518068,1,9,0,-1,19,1,5,-1,0,1,0,0,0,0,4,1,-1,6,1,46,8,1995,2,12,BMW X1,3,E01017619,0,1
2024451458891,2024,451458891,1,9,0,-1,19,5,1,-1,0,8,0,0,7,3,1,1,-1,1,2,53,8,1995,2,7,BMW X1,7,E01016912,0,4
2024010522850,2024,010522850,1,9,0,18,19,7,3,0,0,0,0,0,0,0,2,1,6,6,1,37,7,1998,1,2,BMW X1,5,E01004076,0,1
2024052400915,2024,052400915,1,9,0,18,19,1,5,0,0,1,0,0,0,0,1,1,6,6,1,-1,-1,1995,2,14,BMW X1,-1,-1,0,-1
2024351516299,2024,351516299,1,9,-1,-1,-1,-1,-1,-1,-1,0,-1,-1,-1,0,-1,9,-1,6,1,-1,-1,1499,1,7,BMW X1,-1,-1,0,-1
2024461478268,2024,461478268,2,9,0,-1,19,3,7,-1,0,0,1,0,8,0,1,1,-1,9,1,61,9,1995,2,7,BMW X1,8,E01024313,0,4
2024361473816,2024,361473816,2,9,0,-1,12,5,1,-1,0,0,0,0,0,0,2,1,-1,6,2,23,5,1995,2,11,BMW X1,8,E01026470,0,4
2024010528346,2024,010528346,2,9,0,5,5,0,7,0,0,1,0,0,0,0,1,1,6,6,2,47,8,1499,1,6,BMW X1,2,E01002633,0,1
2024061489277,2024,061489277,2,9,0,-1,19,7,3,-1,0,0,0,0,0,0,1,1,-1,6,2,45,7,1995,2,9,BMW X1,7,E01005772,0,1
2024471411755,2024,471411755,2,9,0,-1,15,1,5,-1,0,8,0,0,0,0,3,1,-1,6,2,51,8,1995,-1,1,BMW X1,10,E01030892,0,4
2024421418946,2024,421418946,2,9,0,-1,19,7,3,-1,0,0,0,0,1,0,1,1,-1,9,1,48,8,1995,2,6,BMW X1,9,E01021873,0,2
2024010519221,2024,010519221,2,9,0,16,19,1,5,0,0,8,0,0,0,0,1,1,6,6,2,35,6,1995,2,8,BMW X1,-1,-1,0,-1
2024311481254,2024,311481254,2,9,0,-1,4,4,8,-1,0,0,0,0,0,0,2,1,-1,9,1,77,11,1499,8,1,BMW X1,-1,-1,0,-1
2024631517454,2024,631517454,1,9,0,-1,4,8,4,-1,0,0,0,0,0,0,2,1,-1,9,1,31,6,1995,2,7,BMW X1,6,W01000664,0,3
2024061428364,2024,061428364,2,9,0,-1,19,4,8,-1,0,1,0,0,0,0,2,1,-1,9,1,43,7,1998,1,5,BMW X1,2,E01004980,0,2
2024501416531,2024,501416531,2,9,0,-1,19,7,7,-1,0,0,0,0,0,0,2,1,-1,6,2,50,8,1998,1,4,BMW X1,10,E01019905,0,3
2024421527685,2024,421527685,1,9,0,-1,19,7,4,-1,0,0,0,0,0,0,1,1,-1,6,1,26,6,1995,2,7,BMW X1,3,E01034088,0,1
2024461409008,2024,461409008,1,9,0,-1,19,5,5,-1,0,0,5,7,5,0,3,1,-1,6,1,79,11,1995,2,7,BMW X1,4,E01000617,0,4
2024010507132,2024,010507132,2,9,0,18,19,3,7,0,0,1,0,0,0,0,1,1,2,2,1,41,7,1499,8,1,BMW X1,8,E01034416,0,4
2024421453962,2024,421453962,1,9,0,-1,9,7,5,-1,0,2,0,0,0,0,1,1,-1,1,1,38,7,1995,2,13,BMW X1,8,E01021620,0,1
2024471474366,2024,471474366,1,9,0,-1,5,1,5,-1,0,6,0,0,0,0,1,1,-1,9,2,42,7,1995,2,7,BMW X1,6,E01021080,0,3
2024552401192,2024,552401192,1,9,0,18,19,2,6,0,0,0,0,4,0,0,1,1,6,6,2,77,11,1995,2,8,BMW X1,10,E01022853,0,5
2024371467360,2024,371467360,1,9,0,-1,19,5,1,-1,0,0,0,0,0,0,1,1,-1,9,1,48,8,1499,1,2,BMW X1,5,E01023727,0,5
2024010547100,2024,010547100,2,9,0,11,11,3,7,0,0,0,0,0,0,0,4,1,6,6,1,35,6,1995,2,6,BMW X1,3,E01003542,0,1
2024010536744,2024,010536744,1,9,0,99,99,9,9,99,99,9,9,99,9,99,9,9,2,2,2,58,9,1998,1,8,BMW X1,4,E01033745,0,1
2024631461467,2024,631461467,2,9,0,-1,4,4,8,-1,0,1,0,0,0,0,2,1,-1,9,1,36,7,1995,2,10,BMW X1,6,W01000487,0,4
2024991455737,2024,991455737,1,9,0,-1,7,5,8,-1,0,1,0,0,0,0,1,1,-1,9,2,32,6,1995,2,7,BMW X1,4,-1,0,1
2024010520607,2024,010520607,1,9,0,99,99,9,9,99,99,9,9,99,9,99,2,9,6,6,1,59,9,1499,8,0,BMW X1,9,E01023946,0,4
2024010512510,2024,010512510,2,9,9,5,5,9,9,99,99,0,9,99,9,99,9,9,6,6,3,-1,-1,1998,1,7,BMW X1,-1,-1,0,-1
2024320431565,2024,320431565,2,9,0,3,3,6,2,0,0,0,0,0,0,0,2,1,-1,-1,2,40,7,1995,2,7,BMW X1,1,E01026083,0,1
2024161448319,2024,161448319,1,9,0,-1,19,2,5,-1,0,0,0,0,7,10,3,1,-1,6,1,34,6,1995,2,12,BMW X1,5,E01013317,0,2
2024501431193,2024,501431193,1,9,0,-1,9,8,5,-1,0,1,0,0,0,0,4,1,-1,9,2,29,6,1995,2,11,BMW X1,3,E01015095,0,3
2024471535548,2024,471535548,2,9,0,-1,2,0,0,-1,-1,0,0,0,0,0,1,1,-1,6,-1,-1,-1,1998,8,1,BMW X1,-1,-1,0,-1
2024131510100,2024,131510100,2,9,0,-1,2,0,0,-1,0,8,0,0,0,0,3,1,-1,6,-1,-1,-1,1995,2,6,BMW X1,-1,-1,0,-1
2024122400603,2024,122400603,2,9,0,18,19,7,3,0,0,0,0,0,1,10,1,1,6,6,2,33,6,1995,-1,2,BMW X1,6,E01027790,0,1
2024010514550,2024,010514550,1,9,0,18,19,7,3,0,0,1,0,0,0,0,4,1,6,6,1,36,7,1998,1,6,BMW X1,4,E01002841,0,3
2024031450983,2024,031450983,1,9,0,-1,19,3,7,-1,0,0,5,0,7,0,1,1,-1,2,2,27,6,1995,2,12,BMW X1,-1,-1,0,-1
2024351508579,2024,351508579,1,9,0,-1,19,1,5,-1,0,3,0,0,0,0,3,1,-1,9,2,68,10,1998,1,4,BMW X1,9,E01004683,0,4
2024421453356,2024,421453356,3,9,0,-1,4,8,4,-1,0,0,0,0,0,0,2,1,-1,9,1,41,7,1499,8,2,BMW X1,10,E01018267,0,3
2024041471288,2024,041471288,1,9,0,-1,14,7,3,-1,0,0,0,0,0,0,1,1,-1,9,2,69,10,1995,2,10,BMW X1,6,E01025367,0,1
2024101469282,2024,101469282,1,9,0,-1,5,7,3,-1,0,4,0,0,0,0,1,1,-1,6,1,34,6,1995,2,7,BMW X1,6,E01008358,0,1
2024461451031,2024,461451031,2,9,0,-1,9,7,3,-1,0,8,0,0,0,0,1,1,-1,9,2,40,7,1995,2,7,BMW X1,4,E01024624,0,1
2024131395514,2024,131395514,1,9,0,-1,19,5,1,-1,0,2,1,0,0,0,4,1,-1,9,2,32,6,1995,2,7,BMW X1,1,E01010721,0,3
2024430454835,2024,430454835,3,9,0,18,19,1,5,0,0,0,0,0,0,0,4,1,6,6,2,-1,-1,1499,8,0,BMW X1,6,E01018853,0,5
2024440008533,2024,440008533,1,9,0,16,19,1,4,0,0,8,0,0,0,0,1,1,6,6,1,54,8,1995,2,13,BMW X1,3,E01034064,0,1
2024991454225,2024,991454225,1,9,0,-1,12,5,1,-1,0,8,0,0,0,0,0,1,-1,9,2,54,8,1995,2,8,BMW X1,8,-1,0,1
2024461397457,2024,461397457,4,9,0,-1,19,7,5,-1,0,0,0,0,0,0,4,9,-1,6,1,73,10,1997,1,11,BMW X1,7,E01024602,0,3
2024221417061,2024,221417061,2,9,0,-1,19,2,6,-1,0,0,0,0,1,0,3,9,-1,2,2,65,9,1995,2,6,BMW X1,8,E01009904,0,3
2024201478148,2024,201478148,2,9,0,-1,19,5,1,-1,0,8,0,0,0,0,3,9,-1,6,3,35,6,1995,2,8,BMW X1,2,E01033886,0,2
2024122400630,2024,122400630,1,9,0,14,14,1,5,0,0,0,0,0,0,0,1,1,6,6,3,-1,-1,1995,2,12,BMW X1,-1,-1,0,-1
2024231502023,2024,231502023,1,9,0,-1,4,5,1,-1,0,1,0,0,0,0,1,9,-1,6,1,38,7,1995,2,8,BMW X1,7,E01035029,0,2
2024141465371,2024,141465371,2,9,0,-1,19,2,6,-1,0,1,0,0,0,0,1,1,-1,6,2,36,7,1995,2,14,BMW X1,10,E01007954,0,2
2024052401974,2024,052401974,2,9,0,18,19,3,7,0,0,0,0,0,0,0,4,1,6,6,1,39,7,1995,2,6,BMW X1,4,E01006501,0,2
2024520401886,2024,520401886,3,9,0,2,2,0,0,0,0,0,0,0,0,0,4,1,6,6,3,-1,-1,1995,2,14,BMW X1,-1,-1,0,-1
2024332400249,2024,332400249,1,9,0,-1,19,4,8,-1,0,0,0,0,1,0,1,1,-1,1,1,48,8,1995,2,8,BMW X1,10,E01025838,0,2
2024131488676,2024,131488676,2,9,0,-1,2,0,0,-1,0,0,0,10,1,11,3,1,-1,6,-1,-1,-1,1995,2,11,BMW X1,-1,-1,0,-1
2024010527785,2024,010527785,1,9,0,2,2,0,0,0,0,1,0,0,0,0,4,1,6,6,3,-1,-1,1995,2,7,BMW X1,-1,-1,0,-1
2024010550670,2024,010550670,2,9,0,4,4,7,3,0,0,0,0,0,0,0,1,1,6,6,1,36,7,1998,1,6,BMW X1,6,E01001535,0,1
2024201536412,2024,201536412,2,9,0,-1,19,5,1,-1,0,8,0,11,0,0,3,1,-1,6,1,43,7,1995,2,7,BMW X1,4,E01009030,0,1
2024471427562,2024,471427562,3,9,0,-1,5,1,5,-1,0,4,0,0,0,0,2,1,-1,2,2,58,9,1499,1,5,BMW X1,7,E01021201,0,3
2024401462313,2024,401462313,1,9,0,-1,19,8,4,-1,0,1,0,0,0,0,1,1,-1,6,1,54,8,1995,2,9,BMW X1,5,E01027061,0,2
2024320654355,2024,320654355,1,9,0,-1,-1,6,2,0,0,1,0,0,0,0,1,1,6,6,1,27,6,1995,2,14,BMW X1,4,E01026271,0,1
2024052401296,2024,052401296,2,9,0,18,19,6,2,0,0,1,0,0,0,0,3,1,6,6,1,22,5,1499,8,4,BMW X1,5,E01006670,0,1
2024430603462,2024,430603462,2,9,0,2,2,-1,-1,0,0,9,0,0,0,0,2,1,6,6,2,59,9,1499,8,0,BMW X1,10,E01017638,0,4
202417M113924,2024,17M113924,2,9,0,-1,19,8,2,-1,0,1,0,0,0,0,1,1,-1,9,1,-1,-1,1995,2,7,BMW X1,-1,-1,0,-1
2024302401399,2024,302401399,2,9,0,18,19,4,8,0,0,1,0,0,0,0,3,1,6,6,2,36,7,1995,2,14,BMW X1,1,E01013535,0,1
2024311520951,2024,311520951,1,9,0,-1,13,1,5,-1,0,0,0,0,7,4,3,1,-1,2,1,65,9,1995,2,10,BMW X1,4,E01028343,0,3
2024401415680,2024,401415680,1,9,0,-1,19,3,7,-1,0,0,5,0,0,0,4,1,-1,9,2,86,11,1995,2,9,BMW X1,8,E01017546,0,2
2024991426254,2024,991426254,1,9,0,-1,19,1,4,-1,0,8,1,10,8,11,1,1,-1,2,1,21,5,1499,1,6,BMW X1,8,-1,0,1
2024070560262,2024,070560262,3,9,0,18,19,5,1,0,0,1,0,0,0,0,4,1,6,6,1,-1,-1,1998,1,6,BMW X1,-1,-1,0,-1
2024141407970,2024,141407970,1,9,0,-1,3,4,1,-1,0,6,0,0,0,0,2,1,-1,6,2,33,6,1499,1,5,BMW X1,4,E01034033,0,5
2024010526812,2024,010526812,2,9,0,18,19,5,1,0,0,0,0,4,0,0,1,1,6,6,1,25,5,1995,2,7,BMW X1,4,E01000472,0,2
2024010515042,2024,010515042,1,9,0,10,10,5,2,0,0,5,0,0,0,0,2,1,6,6,1,57,9,1499,1,6,BMW X1,4,E01023106,0,4
2024622400449,2024,622400449,1,9,0,18,19,8,4,0,0,8,0,0,0,0,1,1,2,2,2,46,8,1499,1,6,BMW X1,10,W01001780,0,1