collision_index,collision_year,collision_ref_no,vehicle_reference,vehicle_type,towing_and_articulation,vehicle_manoeuvre_historic,vehicle_manoeuvre,vehicle_direction_from,vehicle_direction_to,vehicle_location_restricted_lane_historic,vehicle_location_restricted_lane,junction_location,skidding_and_overturning,hit_object_in_carriageway,vehicle_leaving_carriageway,hit_object_off_carriageway,first_point_of_impact,vehicle_left_hand_drive,journey_purpose_of_driver_historic,journey_purpose_of_driver,sex_of_driver,age_of_driver,age_band_of_driver,engine_capacity_cc,propulsion_code,age_of_vehicle,generic_make_model,driver_imd_decile,lsoa_of_driver,escooter_flag,driver_distance_banding
2024101478016,2024,101478016,2,9,0,-1,19,1,5,-1,0,0,0,0,0,0,1,1,-1,9,2,35,6,1499,1,4,BMW X1,9,E01008775,0,1
2024520500243,2024,520500243,2,9,0,17,19,7,3,0,0,0,0,0,0,0,4,1,6,6,2,67,10,1995,2,10,BMW X1,8,E01029210,0,2
2024320708125,2024,320708125,2,9,0,-1,-1,8,4,0,0,2,0,0,0,0,3,1,-1,-1,1,39,7,1998,1,5,BMW X1,-1,-1,0,-1
2024201438674,2024,201438674,2,9,0,-1,19,3,7,-1,0,0,0,0,0,0,1,1,-1,6,1,-1,-1,1995,2,7,BMW X1,-1,-1,0,-1
2024131495926,2024,131495926,2,9,0,-1,7,1,5,-1,0,0,0,0,0,0,1,1,-1,6,2,29,6,1995,2,8,BMW X1,6,E01035050,0,1
2024141426346,2024,141426346,1,9,0,-1,7,3,7,-1,0,1,0,0,0,0,1,1,-1,6,1,-1,-1,1995,2,9,BMW X1,1,E01033271,0,1
2024010513411,2024,010513411,2,9,0,99,99,9,9,99,99,9,9,99,9,99,9,9,6,6,3,-1,-1,1499,8,1,BMW X1,-1,-1,0,-1
2024320423712,2024,320423712,1,9,0,9,9,4,2,0,0,6,0,0,0,0,1,1,6,6,2,56,9,1995,2,8,BMW X1,5,E01026414,0,2
2024131405034,2024,131405034,2,9,0,-1,19,1,5,-1,0,0,0,4,0,0,1,1,-1,6,1,34,6,1995,2,13,BMW X1,2,E01011814,0,2
2024221415915,2024,221415915,3,9,0,-1,4,7,2,-1,0,1,0,0,0,0,0,9,-1,6,2,57,9,1995,2,4,BMW X1,7,E01014028,0,1
2024071051617,2024,071051617,2,9,0,-1,19,7,3,-1,0,1,0,0,0,0,1,1,-1,2,1,33,6,1995,2,11,BMW X1,3,E01012458,0,1
2024610055824,2024,610055824,1,9,0,18,19,3,7,0,0,0,0,0,0,0,4,1,6,6,1,56,9,1995,2,10,BMW X1,1,W01001691,0,1
2024010547206,2024,010547206,1,9,0,18,19,3,7,0,0,2,0,0,0,0,0,1,6,6,1,49,8,1995,2,7,BMW X1,-1,-1,0,-1
2024010493913,2024,010493913,1,9,0,18,19,3,7,0,0,0,0,0,1,10,1,1,6,6,2,25,5,1995,2,13,BMW X1,1,E01000528,0,3
2024010499142,2024,010499142,2,9,0,18,19,5,1,0,0,8,0,0,0,0,4,1,6,6,2,47,8,1499,1,5,BMW X1,4,E01000257,0,2
2024201417050,2024,201417050,2,9,0,-1,19,7,3,-1,0,0,0,0,0,0,4,1,-1,1,2,32,6,1995,2,8,BMW X1,4,E01010002,0,2
2024401396347,2024,401396347,2,9,0,-1,19,3,7,-1,0,0,0,0,0,0,2,9,-1,6,2,41,7,1998,1,2,BMW X1,7,E01017623,0,1
2024991437031,2024,991437031,2,9,0,-1,19,7,3,-1,0,1,1,11,0,0,3,1,-1,2,1,24,5,1995,2,7,BMW X1,2,-1,0,3
2024421414989,2024,421414989,2,9,0,-1,2,-1,-1,-1,0,0,0,0,0,0,4,1,-1,6,3,-1,-1,1995,2,7,BMW X1,-1,-1,0,-1
2024010525425,2024,010525425,2,9,0,2,2,0,0,0,0,0,0,0,0,0,2,1,6,6,3,-1,-1,1998,8,1,BMW X1,-1,-1,0,-1
2024451486142,2024,451486142,1,9,0,-1,4,6,1,-1,0,4,0,0,0,0,0,1,-1,9,2,72,10,1998,1,6,BMW X1,10,E01030374,0,2
2024211505577,2024,211505577,2,9,0,-1,19,2,6,-1,0,0,0,0,0,0,4,9,-1,2,1,58,9,1499,1,5,BMW X1,3,E01029387,0,1
2024070626299,2024,070626299,2,9,0,10,10,7,3,0,0,1,0,0,0,0,2,1,6,6,2,38,7,1995,2,7,BMW X1,9,E01018474,0,1
2024231415057,2024,231415057,2,9,0,-1,19,2,6,-1,0,0,0,0,0,0,2,9,-1,9,1,46,8,1995,2,6,BMW X1,8,E01031125,0,1
2024461521427,2024,461521427,3,9,0,-1,9,7,3,-1,0,2,0,0,0,0,1,1,-1,9,2,53,8,1995,2,9,BMW X1,7,E01016131,0,1
2024311403299,2024,311403299,2,9,0,-1,4,7,3,-1,0,6,0,0,0,0,1,1,-1,6,1,39,7,1995,2,12,BMW X1,9,E01028386,0,1
2024401414441,2024,401414441,1,9,0,-1,9,5,3,-1,0,3,0,0,2,4,1,1,-1,9,1,32,6,1995,2,12,BMW X1,2,E01033802,0,2
2024010522750,2024,010522750,1,9,0,99,99,9,9,99,99,9,9,99,9,99,9,9,6,6,1,42,7,1995,2,6,BMW X1,3,E01001445,0,1
2024311484870,2024,311484870,1,9,0,-1,10,6,5,-1,0,1,0,0,0,0,2,1,-1,9,1,34,6,1995,2,8,BMW X1,2,E01032896,0,4
2024071079629,2024,071079629,2,9,0,-1,19,2,4,-1,0,1,0,0,0,0,2,1,-1,9,2,33,6,1998,1,6,BMW X1,2,E01012480,0,1
2024451487713,2024,451487713,2,9,0,-1,19,3,7,-1,0,0,0,0,0,0,3,1,-1,9,2,72,10,1995,2,7,BMW X1,9,E01001063,0,3
2024332400760,2024,332400760,2,9,0,-1,19,5,1,-1,0,0,0,0,0,0,1,1,-1,2,1,30,6,1499,8,3,BMW X1,4,E01025933,0,1
2024141521666,2024,141521666,1,9,0,-1,3,1,5,-1,0,1,0,0,0,0,2,1,-1,2,2,35,6,1995,2,11,BMW X1,1,E01007634,0,1
2024440423359,2024,440423359,4,9,0,2,2,0,0,0,0,0,0,0,0,0,2,1,6,6,3,-1,-1,2497,1,17,BMW Z4,-1,-1,0,-1
2024610057124,2024,610057124,1,9,0,1,1,6,2,0,0,0,0,0,0,0,3,1,6,6,1,23,5,2996,1,14,BMW Z4,8,W01001356,0,1
2024991537868,2024,991537868,1,9,0,-1,19,1,5,-1,0,0,1,0,0,0,1,1,-1,9,1,56,9,2996,1,18,BMW Z4,5,-1,0,3
2024201411007,2024,201411007,1,9,0,-1,19,8,4,-1,0,0,0,0,0,0,1,1,-1,6,1,62,9,2171,1,19,BMW Z4,1,E01009935,0,2
2024430479510,2024,430479510,1,9,0,18,19,4,8,0,0,8,0,0,0,0,3,1,6,6,1,20,4,1998,1,2,BMW Z4,10,E01016607,0,1
2024010491824,2024,010491824,1,9,0,18,19,1,5,9,9,1,1,10,1,11,4,1,6,6,2,71,10,2979,1,15,BMW Z4,9,E01021767,0,1
2024111460812,2024,111460812,1,9,0,-1,7,1,3,-1,0,2,0,0,0,0,1,1,-1,9,1,45,7,1997,1,10,BMW Z4,4,E01012364,0,1
2024201405887,2024,201405887,2,9,0,-1,19,7,3,-1,0,8,0,0,0,0,4,1,-1,9,1,34,6,2497,1,13,BMW Z4,2,E01010039,0,1
2024501497538,2024,501497538,1,9,0,-1,19,5,3,-1,0,1,1,0,3,1,3,1,-1,9,1,57,9,1995,1,16,BMW Z4,10,E01022297,0,5
2024010544378,2024,010544378,1,9,0,4,4,1,5,0,0,0,0,0,0,0,4,1,6,6,2,53,8,1998,1,5,BMW Z4,6,E01000549,0,2
2024520402452,2024,520402452,1,9,0,18,19,1,7,5,5,3,0,0,0,0,1,1,6,6,1,21,5,1995,1,19,BMW Z4,2,E01029110,0,1
2024522401821,2024,522401821,4,9,0,2,2,0,0,0,0,1,0,0,0,0,3,1,6,6,3,-1,-1,2494,1,21,BMW Z4,-1,-1,0,-1
2024101442108,2024,101442108,2,9,0,-1,3,5,1,-1,0,0,0,0,0,0,2,1,-1,1,1,41,7,1997,1,8,BMW Z4,2,E01008571,0,2
2024401465360,2024,401465360,2,9,0,-1,4,2,6,-1,0,0,0,0,0,0,2,1,-1,6,1,46,8,2979,1,20,BMW Z4,8,E01030144,0,4
2024061490012,2024,061490012,1,9,0,-1,9,3,7,-1,0,5,1,7,4,0,1,1,-1,6,1,51,8,1995,1,16,BMW Z4,1,E01012619,0,4
2024351491022,2024,351491022,1,9,0,-1,5,1,5,-1,0,0,0,0,0,0,1,1,-1,6,1,49,8,2996,1,15,BMW Z4,9,E01018231,0,1
2024351492911,2024,351492911,1,9,0,-1,-1,-1,-1,-1,-1,-1,-1,-1,-1,0,-1,9,-1,6,2,48,8,1995,1,18,BMW Z4,9,E01018191,0,3
2024411399442,2024,411399442,1,9,0,-1,19,1,5,-1,0,0,0,0,0,0,0,9,-1,6,1,40,7,2497,1,13,BMW Z4,3,E01015783,0,2
2024332401223,2024,332401223,1,9,0,-1,19,3,7,-1,0,0,1,0,7,2,3,1,-1,2,1,34,6,2979,1,21,BMW Z4,9,E01013707,0,1
2024010535360,2024,010535360,1,9,0,3,3,7,3,0,0,1,0,0,0,0,1,1,6,6,1,49,8,1998,1,5,BMW Z4,6,E01004343,0,3
2024548444824,2024,548444824,1,9,0,18,19,2,6,0,0,0,0,0,1,0,4,1,6,6,2,60,9,2979,1,10,BMW Z4,4,E01032013,0,1
2024061536477,2024,061536477,1,9,0,-1,19,1,4,-1,0,1,0,0,0,0,4,1,-1,6,1,26,6,2171,1,20,BMW Z4,10,E01005739,0,1
2024061532149,2024,061532149,4,9,0,-1,4,1,4,-1,0,0,0,0,0,0,1,1,-1,6,-1,-1,-1,2979,1,20,BMW Z4,-1,-1,0,-1
202460Q141072,2024,60Q141072,2,9,0,9,9,4,8,0,0,1,0,0,0,0,4,1,6,6,1,60,9,1997,1,11,BMW Z4,-1,-1,0,-1
2024141515479,2024,141515479,1,9,0,-1,10,5,2,-1,0,1,1,0,0,0,1,9,-1,6,3,-1,-1,1998,1,2,BMW Z4,-1,-1,0,-1
2024311513141,2024,311513141,1,9,0,-1,19,1,5,-1,0,0,1,0,7,0,1,1,-1,6,2,56,9,2171,1,20,BMW Z4,2,E01013872,0,3
2024501484088,2024,501484088,2,9,0,-1,19,3,7,-1,0,1,0,0,0,0,1,1,-1,9,2,44,7,2497,1,13,BMW Z4,3,E01020286,0,2
2024461442625,2024,461442625,2,9,0,-1,19,7,3,-1,0,8,0,0,1,0,1,1,-1,2,1,51,8,2171,1,20,BMW Z4,6,E01024340,0,1
2024461443865,2024,461443865,1,9,0,-1,15,7,3,-1,0,0,1,0,0,0,1,1,-1,6,1,44,7,2494,1,19,BMW Z4,5,E01035299,0,1
2024071012446,2024,071012446,1,9,0,-1,19,3,7,-1,9,0,0,10,1,11,1,1,-1,6,1,41,7,1997,1,11,BMW Z4,8,E01018577,0,1
2024552400291,2024,552400291,1,9,0,18,19,1,5,0,0,0,1,0,1,11,1,1,6,6,1,28,6,2979,1,20,BMW Z4,6,E01015408,0,2
2024361445725,2024,361445725,1,9,0,-1,9,7,5,-1,0,6,0,0,0,0,1,1,-1,9,1,64,9,2996,1,14,BMW Z4,7,E01026939,0,1
2024531413964,2024,531413964,1,9,0,-1,19,4,8,-1,0,0,1,0,7,4,1,1,-1,9,1,72,10,1998,1,1,BMW Z4,6,E01022216,0,1
2024122400464,2024,122400464,1,9,0,18,19,8,4,0,0,1,0,0,0,0,1,1,6,6,1,50,8,1997,1,12,BMW Z4,1,E01012928,0,1
2024411459678,2024,411459678,1,9,-1,-1,19,5,1,-1,0,4,0,0,0,0,1,9,-1,6,1,-1,-1,1995,1,19,BMW Z4,-1,-1,0,-1
2024451462593,2024,451462593,2,9,0,-1,19,5,1,-1,0,0,0,0,0,0,1,9,-1,9,2,35,6,2497,1,15,BMW Z4,2,E01031783,0,4
2024311465189,2024,311465189,1,9,0,-1,8,3,7,-1,0,1,0,0,0,0,4,1,-1,9,1,44,7,1998,1,1,BMW Z4,2,E01013911,0,1
2024471480828,2024,471480828,1,9,0,-1,10,7,5,-1,0,8,0,0,0,0,1,1,-1,6,1,61,9,2497,1,14,BMW Z4,10,E01030887,0,4
2024440382560,2024,440382560,2,9,0,18,19,4,8,0,0,8,0,0,0,0,1,1,6,6,2,46,8,1998,1,1,BMW Z4,9,E01031973,0,2
2024010540581,2024,010540581,1,9,0,18,19,5,1,0,0,0,5,0,0,0,1,1,6,6,2,60,9,1998,1,3,BMW Z4,2,E01034044,0,1
2024010518231,2024,010518231,2,9,0,99,99,9,9,99,99,9,9,99,9,99,9,9,6,6,3,-1,-1,2979,1,14,BMW Z4,-1,-1,0,-1
2024101497946,2024,101497946,3,9,0,-1,2,0,0,-1,9,8,0,0,0,0,1,1,-1,6,-1,-1,-1,2494,1,21,BMW Z4,-1,-1,0,-1
202460Q012989,2024,60Q012989,2,9,0,18,19,3,7,0,0,0,0,0,0,0,3,1,6,6,1,33,6,2996,1,18,BMW Z4,-1,-1,0,-1
2024070094059,2024,070094059,1,90,0,18,19,6,2,0,0,2,1,12,1,0,1,1,6,6,1,33,6,-1,-1,-1,-1,1,E01012396,0,1
2024010515093,2024,010515093,1,3,0,99,99,9,9,99,99,2,9,99,9,99,1,1,2,2,2,23,5,125,1,4,-1,4,E01000806,0,1
2024501456263,2024,501456263,1,3,0,-1,4,7,3,-1,0,1,0,0,0,0,4,1,-1,2,1,17,4,125,1,4,-1,7,E01015211,0,4
2024471439461,2024,471439461,1,3,0,-1,14,2,6,-1,0,0,0,0,0,0,1,1,-1,2,1,27,6,125,1,4,-1,7,E01022925,0,2
2024131503204,2024,131503204,1,5,0,-1,19,1,5,-1,0,8,0,0,0,0,1,1,-1,1,1,59,9,916,1,22,-1,7,E01011329,0,2
2024141413926,2024,141413926,2,2,0,-1,19,3,7,-1,0,1,0,0,0,0,2,1,-1,9,1,16,4,49,1,19,-1,1,E01007403,0,1
2024141483804,2024,141483804,1,2,0,-1,19,7,3,-1,0,0,1,0,0,0,2,1,-1,9,1,16,4,49,1,15,-1,2,E01008145,0,1
2024332400036,2024,332400036,1,2,0,-1,19,8,4,-1,0,6,1,0,0,0,4,1,-1,9,1,17,4,49,1,24,-1,3,E01025727,0,2
2024461479798,2024,461479798,1,2,0,-1,19,1,5,-1,0,2,0,0,0,0,1,1,-1,6,1,16,4,49,1,16,-1,3,E01024713,0,1
2024052400557,2024,052400557,2,2,0,18,19,4,8,0,0,8,0,0,0,0,1,1,6,6,1,34,6,49,1,13,-1,1,E01006643,0,1
2024141509126,2024,141509126,1,5,0,-1,19,7,3,-1,0,1,1,0,0,0,1,1,-1,9,1,67,10,1584,1,16,-1,1,E01008102,0,1
2024161430949,2024,161430949,2,5,0,-1,19,1,5,-1,0,0,0,0,0,0,4,1,-1,9,1,56,9,1584,1,15,-1,2,E01012886,0,3
2024991459093,2024,991459093,3,5,0,-1,19,4,8,-1,0,0,0,0,1,0,0,1,-1,9,1,29,6,1250,1,16,-1,3,E01026652,0,5
2024631415344,2024,631415344,1,3,0,-1,19,4,0,-1,0,0,1,0,0,0,0,1,-1,1,1,22,5,124,1,18,-1,7,W01000558,0,1
2024411410129,2024,411410129,2,3,0,-1,19,3,5,-1,0,3,0,0,0,0,1,1,-1,6,1,18,4,124,1,16,-1,3,E01023437,0,1
2024371507830,2024,371507830,2,3,0,-1,19,2,5,-1,0,1,0,0,1,0,1,1,-1,9,1,22,5,124,1,16,-1,3,E01029998,0,1
2024471450431,2024,471450431,2,3,0,-1,9,4,1,-1,0,8,0,0,0,0,1,1,-1,1,1,20,4,124,1,18,-1,2,E01020977,0,1
2024161535907,2024,161535907,1,3,0,-1,19,4,8,-1,0,0,1,0,0,0,1,1,-1,6,1,18,4,124,1,18,-1,-1,-1,0,-1
2024421512186,2024,421512186,2,3,0,-1,19,1,5,-1,0,1,0,0,0,0,1,1,-1,2,1,30,6,124,1,19,-1,-1,-1,0,-1
2024520500103,2024,520500103,2,4,0,3,3,5,1,0,0,8,0,0,0,0,3,1,6,6,2,23,5,124,1,19,-1,9,E01029159,0,1
2024201519127,2024,201519127,1,3,0,-1,19,7,2,-1,0,0,0,0,1,4,1,1,-1,6,1,37,7,124,1,18,-1,2,E01009091,0,1
2024631482452,2024,631482452,1,3,0,-1,19,3,7,-1,0,0,0,0,0,0,1,1,-1,6,1,18,4,124,1,18,-1,8,W01000610,0,3
2024471511083,2024,471511083,2,4,0,-1,13,4,8,-1,0,2,0,0,0,0,1,1,-1,6,1,-1,-1,449,1,20,-1,6,E01016971,0,1
2024010514618,2024,010514618,1,19,0,9,9,1,8,0,0,5,0,0,0,0,1,1,1,1,1,47,8,2287,2,6,IVECO MODEL MISSING,2,E01000861,0,2
2024461482874,2024,461482874,1,21,4,-1,19,1,5,-1,0,8,5,0,1,0,4,1,-1,1,1,21,5,12882,2,7,IVECO MODEL MISSING,7,E01024274,0,4
2024471453089,2024,471453089,2,20,0,-1,19,2,6,-1,0,0,1,0,0,0,1,1,-1,1,1,46,8,-1,-1,-1,IVECO MODEL MISSING,6,E01021206,0,4
2024010506792,2024,010506792,1,20,1,99,99,9,9,99,99,9,9,99,9,99,2,9,6,6,3,63,9,4485,2,2,IVECO MODEL MISSING,1,E01001845,0,1
2024461496435,2024,461496435,3,21,1,-1,19,3,7,-1,0,0,0,0,0,0,3,2,-1,1,1,47,8,11120,2,8,IVECO MODEL MISSING,-1,-1,0,-1
2024440077230,2024,440077230,2,21,0,2,2,0,0,0,0,0,0,0,0,0,2,1,1,1,1,32,6,5880,2,10,IVECO MODEL MISSING,10,E01023072,0,4
2024351486626,2024,351486626,1,21,1,-1,19,3,7,-1,0,0,5,0,1,0,4,1,-1,1,1,41,7,12882,2,6,IVECO MODEL MISSING,1,E01016017,0,5
2024430183033,2024,430183033,1,20,0,18,19,5,1,0,0,1,0,0,0,0,1,1,1,1,1,30,6,5880,2,16,IVECO MODEL MISSING,-1,-1,0,-1
2024340WN4282,2024,340WN4282,2,21,0,-1,19,1,5,-1,0,0,0,0,0,0,1,1,-1,1,1,55,8,8710,5,4,IVECO MODEL MISSING,1,E01009539,0,4
2024201450464,2024,201450464,1,21,0,-1,19,2,6,-1,0,8,0,0,0,0,1,1,-1,6,1,60,9,12882,2,2,IVECO MODEL MISSING,6,E01028458,0,4
2024231482211,2024,231482211,2,21,1,-1,19,8,4,-1,0,0,0,0,0,0,3,9,-1,1,2,40,7,12882,2,7,IVECO MODEL MISSING,2,E01010293,0,4
2024320466607,2024,320466607,2,21,1,4,4,1,5,0,0,0,0,0,0,0,2,1,1,1,1,66,10,11120,2,5,IVECO MODEL MISSING,9,E01026226,0,4
2024451523250,2024,451523250,2,98,0,-1,4,6,7,-1,0,0,0,0,0,0,2,1,-1,1,1,74,10,3920,2,15,IVECO MODEL MISSING,6,E01030649,0,1
2024010517484,2024,010517484,1,19,0,4,4,3,7,0,0,0,0,0,0,0,2,1,1,1,1,45,7,2287,2,5,IVECO MODEL MISSING,5,E01003378,0,1
2024332400051,2024,332400051,1,21,0,-1,5,2,6,-1,0,0,0,0,0,0,2,1,-1,1,1,57,9,11120,2,8,IVECO MODEL MISSING,7,W01001584,0,5
2024552400276,2024,552400276,1,20,1,7,7,7,1,0,0,8,0,0,0,0,4,1,1,1,1,25,5,8710,2,8,IVECO MODEL MISSING,7,E01015462,0,1
2024221402381,2024,221402381,1,19,0,-1,19,5,1,-1,0,0,0,0,0,0,1,9,-1,1,1,55,8,3920,2,13,IVECO MODEL MISSING,6,E01027572,0,5
2024052401483,2024,052401483,1,21,0,4,4,5,1,0,0,0,1,0,0,0,1,1,1,1,1,46,8,5880,2,10,IVECO MODEL MISSING,1,E01006560,0,1
2024302401695,2024,302401695,1,21,0,3,3,8,4,0,0,0,0,0,0,0,2,1,1,1,1,27,6,5880,2,11,IVECO MODEL MISSING,5,E01019402,0,3
2024461437383,2024,461437383,2,21,1,-1,10,3,7,-1,0,1,0,0,0,0,2,2,-1,1,1,66,10,12882,2,5,IVECO MODEL MISSING,4,E01023997,0,2
2024302400344,2024,302400344,1,20,0,18,19,3,7,0,0,8,0,0,0,0,1,1,1,1,1,36,7,3920,2,11,IVECO MODEL MISSING,9,E01029854,0,4
2024361462669,2024,361462669,2,19,0,-1,19,3,7,-1,0,8,0,0,0,0,4,1,-1,1,1,38,7,2287,2,5,IVECO MODEL MISSING,5,E01018214,0,5
2024211419902,2024,211419902,1,21,1,-1,19,8,4,-1,0,0,0,0,0,0,1,9,-1,1,1,32,6,10308,2,14,IVECO MODEL MISSING,1,E01009963,0,4
2024471437537,2024,471437537,1,20,0,-1,19,5,1,-1,0,0,0,4,0,0,1,1,-1,1,1,72,10,3920,2,16,IVECO MODEL MISSING,7,E01031399,0,3
2024211536128,2024,211536128,1,19,0,-1,19,5,1,-1,0,0,0,0,0,0,1,1,-1,9,1,40,7,2287,2,13,IVECO MODEL MISSING,4,E01029817,0,1
2024430538374,2024,430538374,1,21,0,11,11,6,2,0,0,0,0,0,0,0,4,1,1,1,1,44,7,12882,2,2,IVECO MODEL MISSING,3,E01005798,0,5
2024421524041,2024,421524041,1,21,1,-1,11,3,1,-1,0,0,0,0,0,0,1,1,-1,9,1,64,9,12882,2,2,IVECO MODEL MISSING,6,E01024064,0,4
2024991399441,2024,991399441,2,19,0,-1,19,4,8,-1,0,0,0,0,0,0,2,1,-1,9,1,37,7,2300,2,21,IVECO MODEL MISSING,9,E01010953,0,5
2024041442819,2024,041442819,1,98,0,-1,7,3,7,-1,0,1,0,0,0,0,4,1,-1,6,1,47,8,3920,2,17,IVECO MODEL MISSING,1,E01025238,0,1
2024010538292,2024,010538292,1,21,0,4,4,5,1,0,0,3,1,0,0,0,1,1,1,1,1,57,9,3920,2,11,IVECO MODEL MISSING,1,E01010400,0,5
2024231427472,2024,231427472,4,21,1,-1,19,8,4,-1,0,8,0,0,0,0,3,1,-1,1,1,51,8,12900,5,4,IVECO MODEL MISSING,9,E01029521,0,4
2024340WN4822,2024,340WN4822,2,10,0,-1,19,7,3,-1,0,0,0,0,0,0,1,1,-1,9,1,73,10,-1,-1,-1,IVECO MODEL MISSING,8,E01021408,0,5
2024311419071,2024,311419071,1,9,0,-1,19,1,5,-1,0,1,0,0,0,0,1,1,-1,9,2,30,6,3342,1,5,-1,9,E01019857,0,4
2024071051617,2024,071051617,1,9,0,-1,19,7,3,-1,0,1,0,0,0,0,1,1,-1,6,1,30,6,2199,2,5,-1,9,E01012549,0,1
2024161490707,2024,161490707,1,9,0,-1,19,1,5,-1,0,8,1,0,1,11,1,1,-1,9,1,25,5,3342,1,7,-1,5,E01013329,0,1
2024052400047,2024,052400047,1,9,0,18,19,7,3,0,0,0,5,0,1,7,4,1,1,1,1,42,7,3342,1,2,-1,-1,-1,0,-1
2024311477476,2024,311477476,1,9,0,-1,19,6,2,-1,0,0,1,0,0,0,1,1,-1,2,1,49,8,2199,2,5,-1,-1,-1,0,-1
2024361458009,2024,361458009,1,3,0,-1,5,6,8,-1,0,1,0,0,0,0,3,1,-1,6,1,17,4,125,1,8,-1,4,E01026638,0,3
2024471509310,2024,471509310,1,3,0,-1,19,7,3,-1,0,0,1,0,0,0,3,1,-1,6,2,20,4,125,1,8,-1,9,E01031475,0,1
2024401510770,2024,401510770,1,19,0,-1,19,4,1,-1,0,1,0,0,0,0,1,1,-1,1,1,53,8,2298,2,0,NISSAN INTERSTAR,8,E01034430,0,4
2024622400823,2024,622400823,3,20,0,18,19,2,6,0,0,0,1,0,0,0,1,1,2,2,1,35,6,2298,2,1,NISSAN INTERSTAR,9,W01001252,0,1
2024010531860,2024,010531860,2,19,0,2,2,0,0,0,0,1,0,0,0,0,1,1,6,6,3,-1,-1,2298,2,1,NISSAN INTERSTAR,-1,-1,0,-1
2024131412547,2024,131412547,1,19,0,-1,19,2,6,-1,0,0,0,0,0,0,4,1,-1,1,1,50,8,2298,2,2,NISSAN INTERSTAR,2,E01010889,0,2
2024010509546,2024,010509546,2,19,0,3,3,1,5,0,0,2,0,0,0,0,2,1,1,1,1,57,9,2298,2,2,NISSAN INTERSTAR,4,E01015948,0,4
2024552400747,2024,552400747,1,19,0,13,13,8,4,0,0,0,0,0,0,0,3,1,1,1,1,42,7,2298,2,1,NISSAN INTERSTAR,1,E01020582,0,2
2024010498477,2024,010498477,1,19,0,1,1,3,7,9,9,5,0,0,1,0,2,1,1,1,1,38,7,2298,2,2,NISSAN INTERSTAR,3,E01015869,0,4
2024552400604,2024,552400604,2,19,0,2,2,0,0,9,9,0,0,0,0,0,1,1,1,1,1,40,7,2298,2,1,NISSAN INTERSTAR,1,E01034276,0,4
2024010535271,2024,010535271,1,19,0,9,9,1,7,0,0,6,0,0,0,0,1,1,1,1,1,60,9,2298,2,2,NISSAN INTERSTAR,2,E01003266,0,1
2024311454251,2024,311454251,1,19,0,-1,7,8,2,-1,0,6,0,0,0,0,0,1,-1,6,1,22,5,2298,2,0,NISSAN INTERSTAR,1,E01013859,0,1
2024501522633,2024,501522633,1,19,0,-1,19,4,8,-1,0,0,1,4,0,0,1,1,-1,1,1,57,9,2298,2,1,NISSAN INTERSTAR,5,E01020036,0,4
2024548045924,2024,548045924,2,19,0,4,4,1,5,0,0,0,0,0,0,0,2,1,1,1,1,35,6,2298,2,1,NISSAN INTERSTAR,4,E01032715,0,1
2024010531561,2024,010531561,1,19,0,7,7,1,4,0,0,1,0,0,0,0,2,1,6,6,1,39,7,2298,2,2,NISSAN INTERSTAR,3,E01035285,0,4
202454D408724,2024,54D408724,1,19,0,18,19,6,2,0,0,1,0,0,0,0,1,1,1,1,1,44,7,2298,2,1,NISSAN INTERSTAR,9,E01032703,0,4
2024311524950,2024,311524950,1,20,0,-1,19,1,1,-1,0,6,0,0,0,0,0,1,-1,9,1,47,8,2298,2,0,NISSAN INTERSTAR,-1,-1,0,-1
2024351455711,2024,351455711,1,19,0,-1,9,5,3,-1,0,2,0,0,0,0,3,1,-1,1,1,34,6,2298,2,2,NISSAN INTERSTAR,3,E01018087,0,3
2024221415867,2024,221415867,2,19,0,-1,19,8,4,-1,0,8,0,0,0,0,1,9,-1,6,1,43,7,2298,2,2,NISSAN INTERSTAR,9,E01030632,0,5
2024471429183,2024,471429183,2,19,0,-1,5,3,7,-1,0,8,0,0,0,0,4,1,-1,1,1,26,6,2299,2,1,NISSAN INTERSTAR,8,E01031659,0,4
202454D733724,2024,54D733724,1,19,0,1,1,1,5,0,0,1,0,0,0,0,3,1,6,6,1,42,7,2298,2,0,NISSAN INTERSTAR,7,E01022679,0,4
2024371475246,2024,371475246,1,19,0,-1,19,1,5,-1,0,8,0,0,0,0,4,1,-1,1,1,35,6,2298,2,2,NISSAN INTERSTAR,5,E01026679,0,4
2024010541042,2024,010541042,2,90,0,18,19,5,1,0,0,2,0,0,0,0,2,1,2,2,1,34,6,-1,-1,-1,NISSAN INTERSTAR,9,E01000775,0,3
2024471439562,2024,471439562,4,19,0,-1,19,1,5,-1,0,0,0,0,0,0,0,1,-1,1,1,59,9,2298,2,0,NISSAN INTERSTAR,2,E01014578,0,5
2024010548036,2024,010548036,2,19,0,7,7,7,1,0,0,8,0,0,0,0,4,1,1,1,1,38,7,2298,2,2,NISSAN INTERSTAR,1,E01033873,0,1