collision_index,collision_year,collision_ref_no,vehicle_reference,vehicle_type,towing_and_articulation,vehicle_manoeuvre_historic,vehicle_manoeuvre,vehicle_direction_from,vehicle_direction_to,vehicle_location_restricted_lane_historic,vehicle_location_restricted_lane,junction_location,skidding_and_overturning,hit_object_in_carriageway,vehicle_leaving_carriageway,hit_object_off_carriageway,first_point_of_impact,vehicle_left_hand_drive,journey_purpose_of_driver_historic,journey_purpose_of_driver,sex_of_driver,age_of_driver,age_band_of_driver,engine_capacity_cc,propulsion_code,age_of_vehicle,generic_make_model,driver_imd_decile,lsoa_of_driver,escooter_flag,driver_distance_banding
2024201491430,2024,201491430,2,3,0,-1,10,8,6,-1,0,5,0,0,0,0,2,1,-1,9,1,57,9,125,1,4,-1,4,E01009313,0,1
2024101434479,2024,101434479,1,3,0,-1,19,1,5,-1,0,0,2,0,0,0,4,1,-1,6,1,41,7,125,1,4,-1,-1,-1,0,-1
2024421463205,2024,421463205,1,3,0,-1,4,7,3,-1,0,8,1,0,0,0,1,1,-1,2,2,17,4,125,1,3,-1,3,E01021321,0,1
2024411502065,2024,411502065,2,5,0,-1,19,-1,-1,-1,0,1,0,0,0,0,1,1,-1,2,1,50,8,1037,1,9,SUZUKI DL 1000,10,E01023451,0,1
2024231526676,2024,231526676,2,5,0,-1,19,8,4,-1,0,8,0,0,0,0,1,1,-1,9,1,54,8,1037,1,6,SUZUKI DL 1000,4,E01031047,0,1
2024010500441,2024,010500441,1,5,0,18,19,9,9,99,99,9,9,99,9,99,9,1,2,2,1,45,7,996,1,16,SUZUKI DL 1000,6,E01030312,0,3
2024010520870,2024,010520870,1,5,0,18,19,1,5,2,2,1,0,0,2,2,3,1,6,6,1,47,8,996,1,16,SUZUKI DL 1000,6,E01024180,0,3
2024320444318,2024,320444318,2,4,0,9,9,6,4,0,0,5,5,0,0,0,2,1,6,6,1,73,10,996,1,17,SUZUKI DL 1000,6,E01026332,0,4
2024411518450,2024,411518450,1,5,0,-1,19,1,5,-1,0,0,0,0,0,0,1,1,-1,1,1,43,7,1037,1,5,SUZUKI DL 1000,6,E01016837,0,4
2024501521597,2024,501521597,2,5,0,-1,19,7,3,-1,0,1,0,0,0,0,1,1,-1,2,1,39,7,996,1,17,SUZUKI DL 1000,3,E01018998,0,4
2024041488116,2024,041488116,2,5,0,-1,19,2,6,-1,0,1,0,0,0,0,1,1,-1,2,1,32,6,988,1,22,SUZUKI DL 1000,1,E01025154,0,1
2024471525315,2024,471525315,1,5,0,-1,19,6,2,-1,0,0,0,0,0,0,4,1,-1,6,1,29,6,996,1,17,SUZUKI DL 1000,7,E01031543,0,1
2024052402460,2024,052402460,1,5,0,18,19,3,7,0,0,8,1,0,0,0,3,1,2,2,1,56,9,1037,1,4,SUZUKI DL 1000,1,E01007273,0,3
2024161458371,2024,161458371,1,4,0,-1,19,2,5,-1,0,0,0,0,0,0,3,1,-1,9,1,20,4,487,1,16,-1,6,E01013072,0,4
2024371489546,2024,371489546,1,4,0,-1,19,5,1,-1,0,1,0,0,0,0,2,1,-1,2,1,19,4,487,1,16,-1,5,E01026650,0,2
2024471445318,2024,471445318,2,9,0,-1,19,8,4,-1,0,0,0,0,0,0,3,1,-1,9,1,53,8,1956,2,11,-1,8,E01021214,0,3
2024610033424,2024,610033424,1,9,0,18,19,5,1,0,0,8,0,0,0,0,1,1,6,6,2,55,8,1956,2,9,-1,1,W01001643,0,2
2024061533673,2024,061533673,1,9,0,-1,9,5,2,-1,0,8,0,0,0,0,1,1,-1,9,2,69,10,1364,1,9,-1,10,E01005808,0,1
2024471479314,2024,471479314,1,9,0,-1,7,7,5,-1,0,8,0,0,0,0,1,1,-1,6,1,54,8,1364,1,6,-1,2,E01020910,0,1
2024010546778,2024,010546778,4,9,0,4,4,3,7,0,0,1,0,0,0,0,0,1,1,1,1,41,7,1969,8,0,VOLVO V90,5,E01004733,0,3
2024010549320,2024,010549320,1,9,0,18,19,7,3,5,5,0,1,0,0,0,1,1,6,6,1,40,7,1969,8,1,VOLVO V90,5,E01003666,0,3
2024351444068,2024,351444068,2,9,0,-1,19,3,6,-1,0,3,0,0,0,0,1,1,-1,1,1,-1,-1,1969,8,2,VOLVO V90,6,E01034438,0,4
2024231534319,2024,231534319,1,9,0,-1,19,5,1,-1,0,0,0,0,0,0,0,1,-1,1,1,31,6,1969,8,2,VOLVO V90,-1,-1,0,-1
2024010533692,2024,010533692,1,9,0,2,2,0,0,0,0,0,0,0,0,0,2,1,6,6,3,-1,-1,1969,8,1,VOLVO V90,-1,-1,0,-1
2024421402695,2024,421402695,1,9,0,-1,19,2,6,-1,0,0,1,0,0,0,1,1,-1,8,2,45,7,1969,8,2,VOLVO V90,7,E01021544,0,1
2024010509861,2024,010509861,6,9,0,18,19,3,7,0,0,0,0,0,0,0,0,1,6,6,1,29,6,1969,8,0,VOLVO V90,6,E01003711,0,1
2024991422572,2024,991422572,3,9,0,-1,19,3,7,-1,0,0,0,0,0,0,0,1,-1,1,1,28,6,1969,8,2,VOLVO V90,10,-1,0,2
2024010508662,2024,010508662,5,9,0,4,4,1,5,0,0,1,0,0,0,0,0,1,1,1,1,30,6,1969,8,0,VOLVO V90,5,E01003666,0,1
2024540955524,2024,540955524,2,9,0,18,19,7,3,0,0,8,0,0,1,1,1,1,6,6,1,65,9,1969,2,5,VOLVO V90,5,E01015571,0,1
2024061503010,2024,061503010,3,9,0,-1,19,7,3,-1,0,8,0,0,0,0,1,1,-1,8,1,43,7,1969,8,2,VOLVO V90,-1,-1,0,-1
2024041460984,2024,041460984,2,9,0,-1,19,5,1,-1,0,0,0,0,0,0,1,1,-1,1,1,43,7,1969,8,2,VOLVO V90,-1,-1,0,-1
2024421407240,2024,421407240,3,9,0,-1,19,6,1,-1,0,0,0,0,0,0,0,1,-1,1,1,41,7,1969,8,2,VOLVO V90,-1,-1,0,-1
2024461447533,2024,461447533,2,9,0,-1,4,1,5,-1,0,3,0,0,0,0,3,9,-1,1,1,34,6,1969,8,1,VOLVO V90,2,E01024717,0,3
2024011416337,2024,011416337,2,9,0,-1,-1,3,7,-1,-1,0,0,0,0,0,0,1,-1,-1,-1,34,6,1969,8,2,VOLVO V90,-1,-1,0,-1
2024010536341,2024,010536341,2,9,0,-1,-1,5,1,0,0,2,0,0,0,0,0,1,1,1,3,44,7,1969,8,1,VOLVO V90,-1,-1,0,-1
2024411502311,2024,411502311,3,9,0,-1,4,1,5,-1,0,0,0,0,0,0,1,9,-1,1,1,-1,-1,1969,8,0,VOLVO V90,-1,-1,0,-1
2024010532966,2024,010532966,1,9,0,18,19,1,5,0,0,1,0,0,0,0,0,1,1,1,1,26,6,1969,8,2,VOLVO V90,-1,-1,0,-1
2024010529100,2024,010529100,2,9,0,18,19,1,5,0,0,6,0,0,0,0,1,1,1,1,1,39,7,1969,8,1,VOLVO V90,5,E01003666,0,2
2024010522144,2024,010522144,1,9,0,17,19,7,3,0,0,3,0,11,0,0,1,1,6,6,1,76,11,1969,2,5,VOLVO V90,8,E01024416,0,2
2024010509557,2024,010509557,2,9,0,9,9,7,5,0,0,0,0,0,0,0,0,1,1,1,3,44,7,1969,8,1,VOLVO V90,-1,-1,0,-1
2024320150008,2024,320150008,2,9,0,-1,-1,6,2,0,0,1,0,11,0,0,3,1,6,6,1,42,7,1969,2,6,VOLVO V90,8,E01026319,0,3
2024161483829,2024,161483829,2,9,0,-1,9,3,7,-1,0,4,0,0,0,0,0,1,-1,1,2,25,5,1969,8,1,VOLVO V90,-1,-1,0,-1
2024522400799,2024,522400799,1,9,0,18,19,3,7,0,0,1,0,0,0,0,1,1,1,1,3,-1,-1,1969,8,4,VOLVO V90,-1,-1,0,-1
2024531424621,2024,531424621,2,9,0,-1,14,7,3,-1,0,0,0,0,0,0,0,1,-1,1,2,60,9,1969,12,3,VOLVO V90,4,E01022265,0,4
2024010506110,2024,010506110,2,9,0,18,19,1,5,0,0,0,0,0,0,0,4,1,1,1,1,-1,-1,1969,8,2,VOLVO V90,5,E01003666,0,2
2024010498361,2024,010498361,1,9,0,18,19,3,7,0,0,1,0,0,0,0,0,1,1,1,1,28,6,1969,8,2,VOLVO V90,3,E01001830,0,1
2024010522937,2024,010522937,5,9,0,-1,-1,1,5,0,0,0,0,0,0,0,0,1,6,6,1,42,7,1969,8,1,VOLVO V90,4,E01000472,0,2
2024141542317,2024,141542317,1,9,0,-1,19,8,4,-1,0,8,0,0,0,0,4,1,-1,9,1,60,9,1969,1,6,VOLVO V90,3,E01019484,0,3
2024131500791,2024,131500791,2,9,0,-1,19,5,1,-1,0,0,0,0,0,0,0,1,-1,1,1,42,7,1969,8,1,VOLVO V90,1,E01034265,0,2
2024311512027,2024,311512027,2,9,0,-1,19,5,1,-1,0,4,0,0,0,0,3,1,-1,2,1,42,7,1969,2,6,VOLVO V90,-1,-1,0,-1
2024421428798,2024,421428798,3,9,0,-1,19,6,2,-1,0,0,0,0,0,0,0,1,-1,8,1,32,6,1969,-1,1,VOLVO V90,7,E01021544,0,4
2024991454486,2024,991454486,2,9,0,-1,19,1,5,-1,0,1,0,0,1,0,1,1,-1,9,1,33,6,1969,2,5,VOLVO V90,9,E01008365,0,5
2024131396132,2024,131396132,3,9,0,-1,4,5,1,-1,0,0,0,0,0,0,2,1,-1,9,1,43,7,1969,2,7,VOLVO V90,7,E01011603,0,1
2024421532610,2024,421532610,1,9,0,-1,19,3,7,-1,0,8,0,0,0,0,3,1,-1,1,1,30,6,1969,8,1,VOLVO V90,7,E01021544,0,3
2024201411781,2024,201411781,1,9,0,-1,12,4,8,-1,-1,0,0,4,0,0,1,1,-1,1,1,18,4,1969,8,2,VOLVO V90,4,E01009234,0,1
2024201517128,2024,201517128,4,9,0,-1,19,7,7,-1,0,0,0,0,0,0,1,1,-1,1,1,45,7,1969,8,1,VOLVO V90,-1,-1,0,-1
2024010546778,2024,010546778,5,9,0,4,4,3,7,0,0,1,0,0,0,0,0,1,6,6,1,-1,-1,1969,8,1,VOLVO V90,8,E01004731,0,3
2024010543465,2024,010543465,2,9,0,18,19,3,7,0,0,0,0,0,0,0,1,1,6,6,1,46,8,1969,8,0,VOLVO V90,5,E01003666,0,1
2024471513457,2024,471513457,4,9,0,-1,2,0,0,-1,0,0,0,0,0,0,0,1,-1,6,-1,-1,-1,1969,8,2,VOLVO V90,-1,-1,0,-1
2024010528292,2024,010528292,4,9,0,18,19,5,1,0,0,1,0,0,0,0,1,1,1,1,1,31,6,1969,8,0,VOLVO V90,3,E01003221,0,2
2024421422233,2024,421422233,2,9,0,-1,19,3,7,-1,0,0,0,0,0,0,0,1,-1,8,1,34,6,1969,8,2,VOLVO V90,-1,-1,0,-1
2024061397031,2024,061397031,2,9,0,-1,4,6,2,-1,0,1,0,0,0,0,2,1,-1,1,1,26,6,1969,8,2,VOLVO V90,1,E01034113,0,2
2024010529100,2024,010529100,4,9,0,18,19,1,5,0,0,6,0,0,0,0,0,1,1,1,1,49,8,1969,8,1,VOLVO V90,5,E01003666,0,2
2024991508177,2024,991508177,1,9,0,-1,19,7,3,-1,0,1,0,0,0,0,1,1,-1,1,1,34,6,1969,8,2,VOLVO V90,7,-1,0,2
2024010538235,2024,010538235,1,9,0,18,19,5,1,0,0,0,0,0,0,0,2,1,6,6,2,48,8,1969,2,6,VOLVO V90,2,E01004055,0,1
2024010526063,2024,010526063,5,9,0,18,19,5,1,0,0,1,0,0,0,0,0,1,1,1,1,24,5,1969,8,2,VOLVO V90,-1,-1,0,-1
2024010507866,2024,010507866,1,9,0,18,19,1,5,0,0,0,0,0,0,0,3,1,1,1,1,40,7,1969,8,0,VOLVO V90,7,E01003456,0,1
2024340NN0362,2024,340NN0362,1,9,0,-1,5,3,7,-1,0,2,0,0,0,0,1,1,-1,2,1,30,6,1969,2,7,VOLVO V90,5,E01026970,0,1
2024010545388,2024,010545388,2,9,0,18,19,5,1,0,0,1,0,0,0,0,0,1,1,1,1,34,6,1969,8,0,VOLVO V90,7,E01003456,0,2
2024061397031,2024,061397031,1,9,0,-1,19,6,2,-1,0,1,0,0,0,0,1,1,-1,1,1,40,7,1969,8,2,VOLVO V90,1,E01034113,0,2
2024430627869,2024,430627869,2,9,0,18,19,5,8,0,0,3,0,0,0,0,4,1,6,6,2,42,7,1969,8,2,VOLVO V90,4,E01016439,0,4
2024010524060,2024,010524060,2,9,0,18,19,7,3,0,0,1,0,0,0,0,0,1,1,1,1,33,6,1969,8,2,VOLVO V90,4,E01002695,0,1
2024010526612,2024,010526612,5,9,0,18,19,1,5,0,0,1,0,0,0,0,1,1,1,1,1,34,6,1969,8,0,VOLVO V90,5,E01003666,0,1
2024010533103,2024,010533103,1,9,0,18,19,5,1,0,0,8,0,0,0,0,0,1,1,1,1,32,6,1969,8,2,VOLVO V90,3,E01003221,0,1
2024010539305,2024,010539305,2,9,0,18,19,7,3,0,0,5,0,0,0,0,0,1,1,1,1,45,7,1969,8,0,VOLVO V90,5,E01003666,0,1
2024010524398,2024,010524398,1,9,0,18,19,3,7,0,0,1,0,0,0,0,1,1,1,1,1,45,7,1969,8,1,VOLVO V90,2,E01003047,0,1
2024461420702,2024,461420702,4,9,0,-1,19,2,6,-1,0,0,0,0,0,0,0,1,-1,8,1,25,5,1969,8,2,VOLVO V90,-1,-1,0,-1
2024010519824,2024,010519824,3,9,0,4,4,1,5,0,0,8,0,0,0,0,0,1,1,1,1,34,6,1969,8,0,VOLVO V90,9,E01003897,0,1
2024411429605,2024,411429605,1,9,0,-1,5,7,3,-1,0,8,0,0,0,0,1,1,-1,6,1,41,7,1969,1,5,VOLVO V90,10,E01023453,0,2
2024010498001,2024,010498001,2,9,0,18,19,5,1,0,0,0,0,0,0,0,0,1,1,1,2,30,6,1969,8,1,VOLVO V90,4,E01004259,0,1
2024552400833,2024,552400833,2,9,0,18,19,4,8,0,0,8,0,0,0,0,0,1,1,1,1,33,6,1969,8,2,VOLVO V90,9,E01020391,0,1
2024010530287,2024,010530287,1,9,0,18,19,1,5,0,0,2,0,0,0,0,0,1,6,6,1,30,6,1969,8,1,VOLVO V90,-1,-1,0,-1
2024010551113,2024,010551113,1,9,0,3,3,8,4,0,0,1,0,0,0,0,0,1,1,1,1,48,8,1969,8,1,VOLVO V90,4,E01000472,0,2
2024010523968,2024,010523968,1,9,0,99,99,9,9,0,0,1,0,0,0,0,0,1,6,6,1,37,7,1969,8,2,VOLVO V90,4,E01001898,0,1
2024461524518,2024,461524518,4,9,0,-1,19,8,4,-1,0,1,0,0,0,0,0,1,-1,1,1,40,7,1969,-1,1,VOLVO V90,-1,-1,0,-1
2024211407838,2024,211407838,2,9,0,-1,5,6,5,-1,0,4,0,0,0,0,1,9,-1,6,1,59,9,1969,2,5,VOLVO V90,7,E01029379,0,1
2024451503261,2024,451503261,1,9,0,-1,19,4,8,-1,5,0,0,0,0,0,1,1,-1,6,1,22,5,1969,8,2,VOLVO V90,8,E01030683,0,3
2024131467077,2024,131467077,3,9,0,-1,19,7,3,-1,0,0,0,0,0,0,0,1,-1,1,1,43,7,1969,8,1,VOLVO V90,6,E01011885,0,3
2024010544290,2024,010544290,2,9,0,18,19,1,5,0,0,8,0,0,0,0,0,1,1,1,1,24,5,1969,8,0,VOLVO V90,5,E01033917,0,2
2024010522333,2024,010522333,2,9,0,18,19,1,5,0,0,1,0,0,0,0,0,1,1,1,1,40,7,1969,8,1,VOLVO V90,3,E01003221,0,2
2024522401311,2024,522401311,2,9,0,18,19,7,3,0,0,2,0,0,0,0,3,1,6,6,1,36,7,1969,1,4,VOLVO V90,7,E01014649,0,1
2024991518321,2024,991518321,2,9,0,-1,10,6,3,-1,0,1,0,0,0,0,1,1,-1,6,1,26,6,1969,1,4,VOLVO V90,1,-1,0,1
2024052401498,2024,052401498,7,9,0,18,19,3,7,0,0,8,0,0,0,0,1,1,1,1,1,38,7,1969,8,2,VOLVO V90,-1,-1,0,-1
2024221414993,2024,221414993,4,9,0,-1,2,0,0,-1,0,8,0,0,0,0,0,1,-1,1,1,28,6,1969,8,2,VOLVO V90,3,E01032157,0,1
2024991490778,2024,991490778,2,9,0,-1,19,7,3,-1,0,0,0,0,0,0,0,1,-1,1,1,34,6,1969,8,2,VOLVO V90,-1,-1,0,-1
2024010541669,2024,010541669,3,9,0,14,14,1,5,0,0,1,0,0,0,0,1,1,6,6,1,28,6,1969,8,0,VOLVO V90,5,E01003666,0,3
2024231409281,2024,231409281,1,9,0,-1,19,7,3,-1,0,8,0,0,0,0,1,9,-1,1,1,53,8,1969,8,1,VOLVO V90,9,E01031284,0,3
2024131438256,2024,131438256,2,9,0,-1,2,0,0,-1,0,0,0,0,0,0,3,1,-1,6,-1,-1,-1,1969,8,3,VOLVO V90,-1,-1,0,-1
2024131472932,2024,131472932,2,9,0,-1,19,5,1,-1,0,1,0,0,0,0,1,1,-1,1,2,31,6,1969,8,1,VOLVO V90,1,E01010614,0,1
2024010530606,2024,010530606,2,9,0,3,3,7,3,0,0,1,0,0,0,0,2,1,1,1,1,35,6,1969,8,0,VOLVO V90,5,E01033917,0,1
2024010529497,2024,010529497,2,9,0,18,19,8,4,0,0,2,0,0,0,0,4,1,1,1,2,51,8,1969,8,0,VOLVO V90,5,E01003666,0,3
2024052402863,2024,052402863,2,9,0,7,7,1,2,0,0,0,0,0,0,0,0,1,1,1,1,-1,-1,1969,8,2,VOLVO V90,1,E01006711,0,2
2024010525035,2024,010525035,3,9,0,18,19,3,7,0,0,0,0,0,0,0,1,1,1,1,1,24,5,1969,8,0,VOLVO V90,-1,-1,0,-1
2024371469349,2024,371469349,2,9,0,-1,19,3,7,-1,0,8,0,0,0,0,1,1,-1,1,2,37,7,1969,12,2,VOLVO V90,9,E01030191,0,4
2024011513158,2024,011513158,6,9,0,-1,19,1,6,-1,0,8,0,0,0,0,0,1,-1,1,1,34,6,1969,8,2,VOLVO V90,-1,-1,0,-1
2024010519163,2024,010519163,2,9,0,18,19,3,7,0,0,1,0,0,0,0,0,1,1,1,1,34,6,1969,8,1,VOLVO V90,9,E01003356,0,2
2024010534715,2024,010534715,3,9,0,18,19,7,3,0,0,1,0,0,0,0,0,1,1,1,1,45,7,1969,8,1,VOLVO V90,3,E01002133,0,2
2024351545133,2024,351545133,2,9,0,-1,19,7,3,-1,0,0,0,0,0,0,1,1,-1,8,1,32,6,1969,8,0,VOLVO V90,6,E01034438,0,4
2024052402284,2024,052402284,2,9,0,18,19,3,7,0,0,8,0,0,0,0,2,1,6,6,1,36,7,1969,8,2,VOLVO V90,3,E01006743,0,2
2024010537440,2024,010537440,1,9,0,14,14,7,3,0,0,8,0,0,0,0,4,1,1,1,1,31,6,1969,8,2,VOLVO V90,3,E01001830,0,1
2024411503781,2024,411503781,4,9,0,-1,19,2,6,-1,0,0,0,0,0,0,1,1,-1,1,1,30,6,1969,8,0,VOLVO V90,-1,-1,0,-1
2024010508662,2024,010508662,1,9,0,4,4,1,5,0,0,1,0,0,0,0,0,1,1,1,1,34,6,1969,8,1,VOLVO V90,5,E01003666,0,1
202417H106824,2024,17H106824,1,9,0,-1,19,5,1,-1,0,8,0,0,0,0,1,1,-1,1,1,35,6,1969,8,2,VOLVO V90,8,E01033480,0,2
2024421433667,2024,421433667,2,9,0,-1,19,8,4,-1,0,0,0,0,0,0,0,1,-1,8,1,44,7,1969,8,2,VOLVO V90,7,E01021544,0,4
202417M107724,2024,17M107724,2,9,0,-1,19,2,6,-1,0,0,0,0,0,0,4,1,-1,1,1,38,7,1969,12,2,VOLVO V90,8,E01033480,0,2
2024010524816,2024,010524816,3,9,0,18,19,5,1,0,0,1,0,0,0,0,0,1,1,1,2,37,7,1969,8,2,VOLVO V90,4,E01001898,0,1
2024010549244,2024,010549244,1,9,0,-1,-1,3,7,0,0,0,0,0,4,0,1,1,1,1,1,31,6,1969,8,0,VOLVO V90,9,E01003356,0,3
2024010542900,2024,010542900,5,9,0,18,19,3,7,0,0,8,0,0,0,0,0,1,6,6,1,23,5,1969,8,0,VOLVO V90,-1,-1,0,-1
2024011513158,2024,011513158,7,9,0,-1,19,1,6,-1,0,8,0,0,0,0,0,1,-1,1,1,29,6,1969,8,1,VOLVO V90,-1,-1,0,-1
2024231425694,2024,231425694,2,9,0,-1,15,6,2,-1,0,0,0,0,0,0,2,1,-1,1,1,45,7,1969,8,2,VOLVO V90,9,E01031284,0,2
2024131450358,2024,131450358,3,9,0,-1,19,6,2,-1,0,8,0,0,0,0,1,1,-1,1,1,44,7,1969,8,1,VOLVO V90,6,E01011885,0,3
2024543724524,2024,543724524,2,9,0,2,2,0,0,0,0,0,0,0,0,0,2,1,6,6,3,-1,-1,1969,2,7,VOLVO V90,-1,-1,0,-1
2024201472618,2024,201472618,1,9,0,-1,9,6,3,-1,0,6,0,0,0,0,3,2,-1,6,1,25,5,1969,2,5,VOLVO V90,-1,-1,0,-1
2024010498841,2024,010498841,4,9,0,18,19,7,3,0,0,0,0,4,0,0,1,1,1,1,1,94,11,1969,8,1,VOLVO V90,5,E01003666,0,1
2024131469865,2024,131469865,3,9,0,-1,3,8,4,-1,0,1,0,0,0,0,0,1,-1,2,2,43,7,1969,8,2,VOLVO V90,2,E01011552,0,1
2024010526118,2024,010526118,2,9,0,18,19,3,7,0,0,2,0,0,0,0,1,1,1,1,1,23,5,1969,8,0,VOLVO V90,5,E01003666,0,2
2024991519218,2024,991519218,2,9,0,-1,13,7,3,-1,0,2,0,0,0,0,4,1,-1,8,1,55,8,1969,8,2,VOLVO V90,5,-1,0,1
2024201428739,2024,201428739,2,9,0,-1,10,6,4,-1,0,1,0,0,0,0,0,1,-1,1,2,34,6,1969,8,2,VOLVO V90,4,E01009234,0,3
2024010486958,2024,010486958,3,9,0,14,14,5,1,0,0,0,0,0,0,0,2,1,1,1,1,44,7,1969,8,1,VOLVO V90,-1,-1,0,-1
2024991472642,2024,991472642,2,9,0,-1,19,7,3,-1,0,1,0,0,0,0,0,9,-1,8,1,42,7,1969,8,2,VOLVO V90,7,-1,0,2
2024411502311,2024,411502311,2,9,0,-1,15,1,5,-1,0,0,1,0,0,0,3,9,-1,8,1,-1,-1,1969,8,3,VOLVO V90,2,E01035570,0,4
2024052401746,2024,052401746,5,9,0,18,19,7,3,0,0,0,0,0,0,0,0,1,1,1,1,47,8,1969,8,2,VOLVO V90,-1,-1,0,-1
2024070663290,2024,070663290,1,9,0,18,19,8,3,0,0,2,0,0,0,0,1,1,6,6,1,63,9,1969,2,8,VOLVO V90,8,E01022387,0,5
2024010544399,2024,010544399,3,9,0,18,19,1,5,0,0,1,0,0,0,0,0,1,1,1,1,34,6,1969,8,0,VOLVO V90,10,E01000758,0,2
2024010525638,2024,010525638,2,9,0,4,4,3,7,0,0,1,0,0,0,0,4,1,1,1,1,34,6,1969,8,0,VOLVO V90,7,E01003456,0,2
2024401451576,2024,401451576,2,9,0,-1,19,1,5,-1,0,0,0,0,0,0,2,1,-1,9,2,45,7,1969,8,2,VOLVO V90,9,E01017375,0,1
2024201535914,2024,201535914,2,9,0,-1,-1,3,7,-1,-1,8,0,0,0,0,1,1,-1,-1,1,45,7,1969,8,1,VOLVO V90,9,E01031284,0,4
2024010536627,2024,010536627,2,9,0,18,19,1,5,0,0,1,0,0,0,0,1,1,1,1,1,30,6,1969,8,1,VOLVO V90,4,E01034156,0,1
2024010525035,2024,010525035,5,9,0,18,19,5,1,0,0,0,0,0,0,0,0,1,1,1,3,24,5,1969,8,1,VOLVO V90,-1,-1,0,-1
2024010533115,2024,010533115,2,9,0,4,4,1,5,0,0,0,0,0,0,0,3,1,1,1,1,36,7,1969,8,0,VOLVO V90,4,E01000472,0,1
2024010544480,2024,010544480,3,9,0,18,19,1,5,0,0,1,0,0,0,0,0,1,6,6,1,29,6,1969,8,0,VOLVO V90,6,E01001343,0,1
2024421459011,2024,421459011,1,9,0,-1,6,3,3,-1,0,0,0,0,0,0,3,1,-1,9,1,41,7,1969,2,7,VOLVO V90,9,E01023442,0,1
2024421472905,2024,421472905,1,9,0,-1,15,7,3,-1,0,0,0,0,0,0,2,1,-1,6,1,62,9,1969,1,4,VOLVO V90,10,E01021483,0,3
2024421458979,2024,421458979,2,9,0,-1,19,6,3,-1,0,0,0,0,0,0,0,1,-1,1,1,40,7,1969,8,2,VOLVO V90,7,E01021544,0,2
2024531523210,2024,531523210,1,9,0,-1,19,8,4,-1,2,0,0,0,0,0,4,1,-1,1,1,31,6,1969,12,0,VOLVO V90,8,E01022139,0,1
2024421402695,2024,421402695,2,9,0,-1,4,2,6,-1,0,0,1,0,0,0,2,1,-1,8,2,54,8,1969,8,1,VOLVO V90,7,E01021544,0,1
2024421504103,2024,421504103,3,9,0,-1,4,5,1,-1,0,1,0,0,0,0,0,1,-1,1,1,45,7,1969,12,3,VOLVO V90,-1,-1,0,-1
2024471470845,2024,471470845,4,9,0,-1,19,7,3,-1,0,1,0,0,0,0,0,1,-1,1,2,31,6,1969,8,1,VOLVO V90,9,E01031391,0,3
2024010550609,2024,010550609,2,9,0,18,19,5,1,9,9,1,0,0,0,0,0,1,6,6,1,24,5,1969,8,1,VOLVO V90,7,E01002514,0,2
2024010546714,2024,010546714,3,9,0,18,19,7,3,0,0,1,0,0,0,0,0,1,6,6,1,39,7,1969,8,1,VOLVO V90,-1,-1,0,-1
202454A527824,2024,54A527824,1,9,0,5,5,3,7,0,0,1,0,0,0,0,1,1,6,6,1,77,11,1969,2,7,VOLVO V90,6,E01028479,0,4
2024010522344,2024,010522344,2,9,0,18,19,5,1,0,0,1,0,0,0,0,1,1,1,1,1,50,8,1969,8,2,VOLVO V90,-1,-1,0,-1
2024991495385,2024,991495385,1,9,0,-1,19,6,2,-1,0,0,0,0,0,0,1,1,-1,1,1,46,8,1969,8,2,VOLVO V90,4,-1,0,4
2024451501291,2024,451501291,2,9,0,-1,19,7,3,-1,0,1,0,0,0,0,0,1,-1,1,1,35,6,1969,8,2,VOLVO V90,-1,-1,0,-1
2024461442625,2024,461442625,3,9,0,-1,19,5,1,-1,0,8,0,0,0,0,0,1,-1,1,1,43,7,1969,-1,1,VOLVO V90,2,E01024717,0,1
2024010526612,2024,010526612,2,9,0,18,19,1,5,0,0,1,0,0,0,0,0,1,1,1,1,47,8,1969,8,0,VOLVO V90,5,E01003666,0,1
2024010521211,2024,010521211,1,9,0,18,19,7,3,0,0,1,0,0,0,0,1,1,1,1,1,28,6,1969,8,2,VOLVO V90,3,E01001830,0,1
2024401518068,2024,401518068,2,9,0,-1,19,1,5,-1,0,1,0,0,0,0,4,1,-1,1,1,35,6,1969,8,2,VOLVO V90,2,E01035570,0,3
2024010529497,2024,010529497,4,9,0,18,19,8,4,0,0,1,0,0,0,0,0,1,1,1,1,29,6,1969,8,2,VOLVO V90,2,E01033587,0,2
2024201517128,2024,201517128,3,9,0,-1,19,7,7,-1,0,0,0,0,0,0,1,1,-1,1,1,45,7,1969,8,2,VOLVO V90,-1,-1,0,-1
2024411423482,2024,411423482,1,9,0,-1,19,1,5,-1,0,4,0,0,0,0,0,1,-1,1,1,40,7,1969,8,2,VOLVO V90,-1,-1,0,-1
2024010547885,2024,010547885,2,9,0,99,99,9,9,99,99,9,9,99,9,99,1,9,6,6,1,-1,-1,1969,8,1,VOLVO V90,-1,-1,0,-1
2024052400600,2024,052400600,4,9,0,18,19,3,7,0,0,0,0,0,0,0,3,1,1,1,1,38,7,1969,8,2,VOLVO V90,-1,-1,0,-1
2024070244285,2024,070244285,1,9,0,18,19,8,3,0,0,0,0,0,0,0,1,1,2,2,1,53,8,1969,8,4,VOLVO V90,8,E01018458,0,1
202454B846424,2024,54B846424,1,9,0,18,19,3,7,0,0,0,0,0,4,6,1,1,6,6,1,37,7,1969,2,6,VOLVO V90,5,E01002652,0,5