collision_index,collision_year,collision_ref_no,vehicle_reference,vehicle_type,towing_and_articulation,vehicle_manoeuvre_historic,vehicle_manoeuvre,vehicle_direction_from,vehicle_direction_to,vehicle_location_restricted_lane_historic,vehicle_location_restricted_lane,junction_location,skidding_and_overturning,hit_object_in_carriageway,vehicle_leaving_carriageway,hit_object_off_carriageway,first_point_of_impact,vehicle_left_hand_drive,journey_purpose_of_driver_historic,journey_purpose_of_driver,sex_of_driver,age_of_driver,age_band_of_driver,engine_capacity_cc,propulsion_code,age_of_vehicle,generic_make_model,driver_imd_decile,lsoa_of_driver,escooter_flag,driver_distance_banding
2024361431674,2024,361431674,2,9,0,-1,9,4,2,-1,0,1,0,0,0,0,3,1,-1,9,1,57,9,1969,8,2,VOLVO V90,10,E01035142,0,1
2024131523447,2024,131523447,7,9,0,-1,19,1,5,-1,0,0,0,0,0,0,0,1,-1,1,1,42,7,1969,8,1,VOLVO V90,6,E01011885,0,3
2024991409605,2024,991409605,1,9,0,-1,19,8,4,-1,0,1,0,0,0,0,1,1,-1,9,2,37,7,1969,8,2,VOLVO V90,6,-1,0,4
2024991473813,2024,991473813,1,9,0,-1,9,3,2,-1,0,8,0,0,1,0,1,1,-1,1,1,25,5,1969,8,2,VOLVO V90,-1,-1,0,-1
2024141527515,2024,141527515,2,9,0,-1,7,5,7,-1,0,2,0,0,0,0,0,1,-1,1,1,43,7,1969,8,1,VOLVO V90,3,E01033388,0,4
2024401412342,2024,401412342,4,9,0,-1,19,7,3,-1,0,0,0,0,0,0,0,1,-1,1,2,29,6,1969,8,4,VOLVO V90,-1,-1,0,-1
2024411409338,2024,411409338,3,9,0,-1,19,7,3,-1,0,0,0,0,0,0,0,1,-1,6,-1,-1,-1,1969,8,4,VOLVO V90,-1,-1,0,-1
2024631460621,2024,631460621,1,9,0,-1,14,7,3,-1,0,0,0,0,0,0,0,1,-1,1,1,29,6,1969,8,2,VOLVO V90,2,W01000510,0,3
2024411503454,2024,411503454,2,9,0,-1,19,6,2,-1,0,0,0,0,0,0,2,1,-1,2,1,53,8,1969,8,1,VOLVO V90,10,E01017780,0,2
2024010544399,2024,010544399,4,9,0,18,19,1,5,0,0,1,0,0,0,0,0,1,1,1,1,34,6,1969,8,0,VOLVO V90,8,E01024744,0,4
2024052401936,2024,052401936,1,9,0,18,19,1,5,0,0,0,0,0,0,0,0,1,1,1,1,-1,-1,1969,8,2,VOLVO V90,2,E01006464,0,1
2024211478267,2024,211478267,3,9,0,-1,-1,5,1,-1,-1,0,0,0,0,0,0,9,-1,-1,3,-1,-1,1969,2,7,VOLVO V90,-1,-1,0,-1
2024451488276,2024,451488276,3,9,0,-1,19,1,7,-1,0,4,0,0,0,0,0,1,-1,1,1,44,7,1969,8,2,VOLVO V90,10,E01030435,0,4
2024061474491,2024,061474491,2,9,0,-1,19,3,7,-1,0,8,0,0,0,0,2,1,-1,6,1,66,10,1969,2,5,VOLVO V90,-1,-1,0,-1
2024311407909,2024,311407909,3,9,-1,-1,10,7,1,-1,0,1,1,0,0,0,-1,1,-1,6,1,40,7,1969,2,6,VOLVO V90,2,E01028257,0,1
2024991514382,2024,991514382,2,9,0,-1,19,4,8,-1,0,2,0,0,0,0,1,1,-1,1,1,26,6,1969,8,2,VOLVO V90,7,-1,0,4
2024531501561,2024,531501561,5,9,0,-1,19,1,5,-1,0,0,0,0,0,0,1,1,-1,2,1,32,6,1969,2,7,VOLVO V90,5,E01014057,0,3
2024421532613,2024,421532613,2,9,0,-1,19,5,1,-1,0,4,0,0,0,0,0,1,-1,1,1,42,7,1969,8,1,VOLVO V90,8,E01021537,0,1
2024061475779,2024,061475779,2,9,0,-1,3,8,4,-1,9,1,0,0,0,0,1,1,-1,1,1,36,7,1969,8,2,VOLVO V90,1,E01005107,0,2
2024010537452,2024,010537452,2,9,0,16,19,3,7,0,0,8,0,0,0,0,0,1,1,1,1,31,6,1969,8,0,VOLVO V90,5,E01033917,0,2
2024351537527,2024,351537527,1,9,0,-1,4,7,3,-1,0,1,0,0,0,0,1,1,-1,2,1,52,8,1969,8,5,VOLVO V90,8,E01032792,0,2
2024052401498,2024,052401498,6,9,0,18,19,5,1,0,0,8,0,0,0,0,1,1,1,1,1,53,8,1969,8,1,VOLVO V90,3,E01006743,0,3
2024401517732,2024,401517732,2,9,0,-1,19,1,5,-1,0,0,0,0,0,0,1,1,-1,1,1,25,5,1969,8,2,VOLVO V90,-1,-1,0,-1
2024401396385,2024,401396385,4,9,0,-1,19,2,6,-1,0,0,0,0,0,0,0,1,-1,1,1,-1,-1,1969,8,1,VOLVO V90,-1,-1,0,-1
2024010530768,2024,010530768,2,9,0,18,19,1,5,0,0,1,0,0,0,0,1,1,1,1,2,32,6,1969,8,2,VOLVO V90,4,E01002695,0,1
2024421505926,2024,421505926,3,9,0,-1,19,5,1,-1,0,1,0,0,0,0,0,1,-1,1,2,46,8,1969,8,1,VOLVO V90,7,E01021544,0,4
202417S108724,2024,17S108724,2,9,0,-1,19,8,4,-1,0,8,0,0,0,0,4,1,-1,1,1,30,6,1969,8,1,VOLVO V90,8,E01033480,0,2
2024991501074,2024,991501074,1,8,0,-1,14,7,3,-1,0,2,0,0,0,0,1,1,-1,1,1,53,8,1969,2,6,VOLVO V90,-1,-1,0,-1
2024010521435,2024,010521435,3,9,0,18,19,2,6,0,0,0,1,0,7,0,1,1,6,6,1,34,6,1969,8,1,VOLVO V90,5,E01003666,0,3
2024351444068,2024,351444068,3,9,0,-1,19,3,1,-1,0,3,0,0,0,0,1,1,-1,1,1,35,6,1969,8,2,VOLVO V90,6,E01034438,0,4
2024461447885,2024,461447885,3,9,0,-1,19,1,5,-1,0,1,0,0,0,0,0,1,-1,1,1,-1,-1,1969,2,4,VOLVO V90,-1,-1,0,-1
2024471461994,2024,471461994,2,9,0,-1,19,7,3,-1,0,2,0,0,0,0,0,1,-1,1,1,44,7,1969,8,2,VOLVO V90,4,E01022957,0,2
2024010505582,2024,010505582,2,9,0,18,19,7,3,0,0,1,0,0,0,0,3,1,1,1,1,39,7,1969,8,1,VOLVO V90,5,E01003666,0,1
2024052402129,2024,052402129,2,9,0,18,19,2,6,0,0,0,0,0,7,0,1,1,1,1,1,-1,-1,1969,8,2,VOLVO V90,1,E01006877,0,3
2024231536157,2024,231536157,1,9,0,-1,19,8,4,-1,0,0,0,0,0,0,4,9,-1,1,1,25,5,1969,8,0,VOLVO V90,-1,-1,0,-1
2024141528023,2024,141528023,1,9,0,-1,6,6,2,-1,0,1,0,0,0,0,3,1,-1,1,1,31,6,1969,8,1,VOLVO V90,1,E01007902,0,1
2024010524060,2024,010524060,3,9,0,18,19,7,3,0,0,1,0,0,0,0,0,1,1,1,2,32,6,1969,8,0,VOLVO V90,4,E01002695,0,1
202417L205724,2024,17L205724,1,9,0,-1,9,4,2,-1,0,8,0,0,0,0,3,1,-1,1,1,28,6,1969,8,1,VOLVO V90,8,E01033480,0,3
2024010512066,2024,010512066,2,9,0,4,4,7,3,0,0,1,0,0,0,0,1,1,2,2,1,50,8,1969,1,6,VOLVO V90,8,E01004069,0,1
2024010519458,2024,010519458,2,9,0,18,19,5,1,0,0,0,0,0,0,0,0,1,1,1,1,45,7,1969,8,1,VOLVO V90,5,E01003666,0,3
2024010515435,2024,010515435,2,9,0,99,99,9,9,99,99,9,9,99,9,99,9,9,6,6,3,-1,-1,1969,8,6,VOLVO V90,-1,-1,0,-1
2024010519458,2024,010519458,3,9,0,18,19,5,1,0,0,0,0,0,0,0,2,1,1,1,1,39,7,1969,8,1,VOLVO V90,5,E01003666,0,3
2024052401273,2024,052401273,1,9,0,18,19,8,4,0,0,0,0,0,0,0,0,1,6,6,1,-1,-1,1969,8,2,VOLVO V90,-1,-1,0,-1
2024411502099,2024,411502099,3,9,0,-1,19,1,5,-1,0,0,0,0,0,0,0,1,-1,6,1,21,5,1969,2,6,VOLVO V90,10,E01023894,0,1
2024052401498,2024,052401498,4,9,0,7,7,5,7,0,0,1,0,0,0,0,1,1,1,1,1,-1,-1,1969,8,1,VOLVO V90,-1,-1,0,-1
2024010540976,2024,010540976,1,9,0,18,19,1,5,0,0,5,0,0,0,0,1,1,1,1,1,31,6,1969,8,0,VOLVO V90,5,E01003661,0,2
2024010531656,2024,010531656,1,9,0,18,19,7,3,0,0,1,0,0,0,0,0,1,1,1,1,28,6,1969,8,1,VOLVO V90,4,E01004259,0,1
2024041458919,2024,041458919,2,9,0,-1,19,5,1,-1,0,0,0,0,0,0,3,1,-1,9,1,77,11,1969,2,5,VOLVO V90,8,E01027558,0,4
2024421478172,2024,421478172,1,9,0,-1,3,2,5,-1,0,0,0,0,0,0,0,1,-1,8,1,35,6,1969,8,1,VOLVO V90,7,E01021544,0,3
2024471506018,2024,471506018,1,9,0,-1,19,2,6,-1,0,3,0,0,0,0,1,1,-1,1,1,52,8,1969,2,5,VOLVO V90,4,E01031547,0,1
2024421431703,2024,421431703,2,9,0,-1,19,5,7,-1,0,4,0,0,0,0,0,1,-1,1,1,46,8,1969,8,1,VOLVO V90,-1,-1,0,-1
2024061488554,2024,061488554,1,9,0,-1,19,7,3,-1,0,0,0,0,0,0,1,1,-1,1,1,34,6,1969,8,1,VOLVO V90,-1,-1,0,-1
2024461431481,2024,461431481,2,9,0,-1,7,5,7,-1,0,5,0,0,0,0,0,1,-1,1,1,37,7,1969,-1,1,VOLVO V90,4,E01024281,0,1
2024010533152,2024,010533152,3,9,0,18,19,1,5,0,0,2,0,0,0,0,0,1,1,1,1,25,5,1969,8,0,VOLVO V90,9,E01003356,0,1
2024461518435,2024,461518435,1,9,0,-1,7,7,3,-1,0,0,1,10,0,0,3,1,-1,1,1,44,7,1969,-1,1,VOLVO V90,1,E01035316,0,3
2024320462881,2024,320462881,5,9,0,-1,-1,2,6,0,0,1,0,0,0,0,0,1,-1,-1,1,32,6,1969,8,2,VOLVO V90,8,E01026319,0,4
2024211478267,2024,211478267,4,9,0,-1,-1,5,1,-1,-1,0,0,0,0,0,0,9,-1,-1,3,-1,-1,1969,8,2,VOLVO V90,-1,-1,0,-1
2024010518585,2024,010518585,1,9,0,18,19,1,5,0,0,6,0,0,0,0,0,1,1,1,1,31,6,1969,8,1,VOLVO V90,-1,-1,0,-1
2024010532551,2024,010532551,2,9,0,16,19,5,1,0,0,1,0,0,0,0,0,1,1,1,1,45,7,1969,8,1,VOLVO V90,3,E01002612,0,1
2024141421280,2024,141421280,1,9,0,-1,19,1,5,-1,0,1,0,4,0,0,1,1,-1,1,1,45,7,1969,8,1,VOLVO V90,1,E01007902,0,2
2024010525275,2024,010525275,4,9,0,18,19,3,7,0,0,8,0,0,0,0,0,1,1,1,1,30,6,1969,8,1,VOLVO V90,3,E01003221,0,1
2024552400717,2024,552400717,1,4,0,18,19,3,7,9,9,0,0,0,0,0,3,1,6,6,1,16,4,-1,-1,-1,-1,1,E01015312,0,1
2024361500899,2024,361500899,1,2,0,-1,7,1,3,-1,0,6,1,0,1,0,1,1,-1,1,1,17,4,50,1,0,-1,6,E01026722,0,3
2024991445283,2024,991445283,1,2,0,-1,19,5,1,-1,0,2,0,0,0,0,1,1,-1,6,1,16,4,50,1,0,-1,1,-1,0,1
2024371525359,2024,371525359,1,2,0,-1,14,3,7,-1,0,0,0,0,0,0,1,1,-1,6,1,19,4,50,1,2,-1,2,E01033122,0,1
2024471437550,2024,471437550,2,3,0,-1,19,7,2,-1,0,1,1,0,0,0,1,1,-1,6,1,18,4,125,1,27,-1,4,E01031596,0,1
2024461504584,2024,461504584,1,4,0,-1,13,3,7,-1,0,2,0,0,0,0,1,1,-1,9,1,18,4,125,1,23,-1,-1,-1,0,-1
202454C683124,2024,54C683124,2,5,0,18,19,3,7,0,0,0,0,0,0,0,1,1,6,6,1,47,8,999,1,13,-1,6,E01034548,0,2
2024552400583,2024,552400583,1,5,0,18,19,5,1,0,0,0,1,0,0,0,0,1,6,6,2,56,9,1000,1,22,-1,8,E01015447,0,1
2024070337748,2024,070337748,1,5,0,13,13,7,3,0,0,8,0,0,0,0,1,1,6,6,1,22,5,998,1,22,-1,4,E01029594,0,4
2024320201622,2024,320201622,1,5,0,-1,-1,6,2,0,0,0,2,0,0,0,4,1,-1,-1,1,42,7,1000,1,22,-1,6,E01026331,0,4
2024991448620,2024,991448620,1,5,0,-1,19,8,4,-1,0,2,0,0,0,0,4,1,-1,6,1,50,8,997,1,21,-1,5,-1,0,4
2024631441783,2024,631441783,1,5,0,-1,19,2,6,-1,0,0,1,0,1,10,1,1,-1,6,1,61,9,1170,1,18,BMW R SERIES,8,E01022413,0,4
202460Q082478,2024,60Q082478,1,5,0,18,19,7,3,0,0,7,0,0,1,2,3,1,6,6,2,43,7,1254,1,2,BMW R SERIES,-1,-1,0,-1
2024471473983,2024,471473983,2,5,0,-1,19,1,5,-1,0,8,0,0,0,0,4,1,-1,9,1,33,6,1254,1,0,BMW R SERIES,5,E01031788,0,4
2024440161057,2024,440161057,2,5,0,14,14,1,5,0,0,1,0,0,0,0,1,1,6,6,1,64,9,1170,1,9,BMW R SERIES,4,E01017308,0,1
2024010548052,2024,010548052,2,5,0,99,99,9,9,99,99,9,9,99,9,99,9,1,2,2,1,68,10,1170,1,6,BMW R SERIES,10,E01030596,0,3
2024161480954,2024,161480954,1,5,0,-1,19,5,1,-1,0,0,2,0,0,0,1,1,-1,9,1,54,8,1254,1,1,BMW R SERIES,4,E01013255,0,3
2024041506611,2024,041506611,1,5,0,-1,19,5,1,-1,0,0,0,0,0,0,1,1,-1,9,1,51,8,1130,1,22,BMW R SERIES,3,E01025398,0,4
2024522401905,2024,522401905,4,3,0,18,19,7,3,0,0,1,0,0,1,0,4,1,6,6,1,34,6,1254,1,3,BMW R SERIES,-1,-1,0,-1
2024031466713,2024,031466713,1,5,0,-1,19,1,5,-1,0,0,2,0,0,0,3,1,-1,1,1,60,9,1170,1,11,BMW R SERIES,6,E01025121,0,3
2024546696824,2024,546696824,2,5,0,18,19,7,3,0,0,1,0,0,0,0,4,1,6,6,1,61,9,1254,1,0,BMW R SERIES,8,E01015344,0,4
2024320322716,2024,320322716,1,5,0,-1,-1,8,4,0,0,0,0,0,0,0,3,1,-1,-1,1,52,8,1170,1,6,BMW R SERIES,5,E01013287,0,4
2024522401905,2024,522401905,3,3,0,18,19,7,3,0,0,1,0,0,0,0,1,1,6,6,1,46,8,1170,1,7,BMW R SERIES,-1,-1,0,-1
2024531464472,2024,531464472,1,5,0,-1,19,5,1,-1,0,1,0,0,0,0,1,1,-1,1,1,49,8,1254,1,1,BMW R SERIES,5,E01034805,0,3
2024552401210,2024,552401210,1,4,0,13,13,5,1,0,0,0,0,0,0,0,1,1,2,2,1,54,8,1254,1,4,BMW R SERIES,5,E01020452,0,2
2024010542932,2024,010542932,1,5,0,18,19,4,8,0,0,1,0,0,0,0,1,1,6,6,3,46,8,1170,1,6,BMW R SERIES,-1,-1,0,-1
2024631478027,2024,631478027,2,4,0,-1,19,4,8,-1,0,8,0,0,0,0,1,1,-1,9,1,63,9,1254,1,0,BMW R SERIES,9,W01001319,0,4
2024461500061,2024,461500061,1,5,0,-1,19,6,2,-1,0,1,1,0,0,0,1,1,-1,9,1,66,10,1254,1,1,BMW R SERIES,9,E01023983,0,2
2024010546720,2024,010546720,1,5,0,18,19,7,3,0,0,2,0,0,0,0,2,1,1,1,2,47,8,1254,1,4,BMW R SERIES,4,E01000472,0,1
2024131488125,2024,131488125,1,5,0,-1,19,1,1,-1,0,1,0,0,0,0,1,1,-1,2,1,40,7,1170,1,7,BMW R SERIES,6,E01032493,0,1
2024131456505,2024,131456505,2,5,0,-1,13,6,2,-1,0,1,0,0,0,0,4,1,-1,9,1,54,8,1254,1,0,BMW R SERIES,9,E01010576,0,2
2024302400500,2024,302400500,2,5,0,18,19,4,8,0,0,0,0,0,0,0,4,1,6,6,1,66,10,1300,1,0,BMW R SERIES,9,E01019586,0,3
2024320482456,2024,320482456,2,4,0,13,13,6,2,0,0,0,2,0,1,0,1,1,6,6,1,62,9,1254,1,3,BMW R SERIES,5,E01026410,0,2
2024161474036,2024,161474036,1,5,0,-1,19,4,8,-1,0,0,1,0,0,0,1,1,-1,6,1,74,10,1085,1,25,BMW R SERIES,1,E01012946,0,1
2024501513150,2024,501513150,1,5,0,-1,3,3,7,-1,0,4,0,0,0,0,2,1,-1,6,1,65,9,1170,1,0,BMW R SERIES,4,E01018908,0,3
2024131508557,2024,131508557,2,5,0,-1,19,3,7,-1,0,1,0,0,0,0,1,1,-1,2,1,34,6,1170,1,1,BMW R SERIES,3,E01011817,0,3
2024311459570,2024,311459570,1,5,0,-1,19,1,5,-1,0,0,2,0,7,9,1,1,-1,6,1,60,9,1254,1,2,BMW R SERIES,9,E01025886,0,1
2024010528865,2024,010528865,1,5,0,18,19,5,1,0,0,4,0,0,0,0,4,1,1,1,1,71,10,1254,1,0,BMW R SERIES,6,E01033813,0,4
202460Q104866,2024,60Q104866,2,5,0,16,19,7,3,0,0,1,1,0,0,11,1,1,6,6,1,77,11,1170,1,7,BMW R SERIES,-1,-1,0,-1
2024161485118,2024,161485118,2,5,0,-1,19,7,3,-1,0,0,0,0,1,0,2,1,-1,9,1,76,11,1301,1,1,BMW R SERIES,6,E01013290,0,3
2024451399148,2024,451399148,1,3,0,-1,19,1,5,-1,0,0,1,0,0,0,0,1,-1,6,1,30,6,1254,1,1,BMW R SERIES,5,E01030663,0,3
2024031426337,2024,031426337,2,5,0,-1,13,5,1,-1,0,0,0,0,0,0,1,1,-1,1,1,50,8,1254,1,2,BMW R SERIES,-1,-1,0,-1
2024101479697,2024,101479697,1,5,0,-1,19,5,1,-1,0,0,0,0,0,0,1,1,-1,6,1,50,8,1130,1,21,BMW R SERIES,2,E01008242,0,2
2024061453672,2024,061453672,1,5,0,-1,19,1,5,-1,0,0,0,0,4,0,3,1,-1,1,1,52,8,1170,1,6,BMW R SERIES,1,E01034113,0,2
2024991506628,2024,991506628,1,5,0,-1,19,2,6,-1,0,0,2,0,0,0,1,1,-1,9,1,59,9,1254,1,4,BMW R SERIES,8,-1,0,5
2024131507763,2024,131507763,2,5,0,-1,14,7,3,-1,0,1,0,0,1,0,3,1,-1,9,1,61,9,1254,1,0,BMW R SERIES,5,E01010934,0,1
2024201519460,2024,201519460,1,5,0,-1,3,6,8,-1,0,0,0,0,0,0,1,1,-1,1,1,38,7,1254,1,4,BMW R SERIES,-1,-1,0,-1
2024991406122,2024,991406122,1,5,0,-1,19,8,4,-1,0,0,1,0,0,0,3,1,-1,9,1,65,9,1130,1,23,BMW R SERIES,8,-1,0,3
2024991442759,2024,991442759,1,5,0,-1,19,7,3,-1,0,0,5,0,0,0,1,1,-1,9,1,66,10,1254,1,3,BMW R SERIES,3,-1,0,5
2024552401018,2024,552401018,2,4,0,18,19,7,3,0,0,8,0,0,0,0,1,1,6,6,1,51,8,1170,1,18,BMW R SERIES,5,E01015435,0,1
2024501483924,2024,501483924,1,5,0,-1,3,1,5,-1,0,1,0,0,0,0,2,1,-1,9,2,53,8,1254,1,1,BMW R SERIES,4,E01018922,0,4
2024991433123,2024,991433123,1,5,0,-1,7,7,1,-1,0,0,0,0,7,0,1,1,-1,9,1,50,8,1130,1,21,BMW R SERIES,2,E01008242,0,5
2024991504495,2024,991504495,1,5,0,-1,19,6,2,-1,0,0,5,0,1,0,4,1,-1,9,1,50,8,1254,1,1,BMW R SERIES,8,-1,0,4
2024211467075,2024,211467075,1,5,0,-1,19,3,7,-1,0,0,0,0,0,0,1,1,-1,1,1,56,9,1254,1,3,BMW R SERIES,-1,-1,0,-1
2024302400671,2024,302400671,2,5,0,9,9,2,8,0,0,2,0,0,0,0,4,1,6,6,1,66,10,1300,1,0,BMW R SERIES,10,E01011461,0,4
2024451429329,2024,451429329,2,4,0,-1,19,4,5,-1,0,0,0,0,0,0,1,1,-1,1,1,50,8,1254,1,4,BMW R SERIES,-1,-1,0,-1
2024231465999,2024,231465999,2,5,0,-1,13,1,5,-1,0,0,1,0,7,0,3,1,-1,1,1,51,8,1254,1,1,BMW R SERIES,9,E01031284,0,2
2024531440722,2024,531440722,2,5,0,-1,3,7,3,-1,0,0,0,0,0,0,2,1,-1,9,1,58,9,1254,1,4,BMW R SERIES,5,E01014466,0,4
2024461474583,2024,461474583,2,4,0,-1,4,6,2,-1,0,0,0,0,0,0,2,1,-1,1,1,48,8,1254,1,5,BMW R SERIES,8,E01002252,0,3
2024411446331,2024,411446331,2,5,0,-1,19,2,6,-1,0,0,5,0,1,0,4,1,-1,6,1,50,8,1254,1,3,BMW R SERIES,4,E01023956,0,2
2024221429705,2024,221429705,2,5,0,-1,12,7,3,-1,0,8,0,0,0,0,4,1,-1,9,1,62,9,1254,1,6,BMW R SERIES,10,E01014174,0,4
2024501438342,2024,501438342,2,5,0,-1,19,1,5,-1,0,0,2,0,0,0,1,1,-1,6,1,57,9,1170,1,19,BMW R SERIES,8,E01020250,0,4
202417L104524,2024,17L104524,2,5,0,-1,19,1,5,-1,0,8,1,0,0,0,1,1,-1,9,1,65,9,1170,1,13,BMW R SERIES,5,E01012129,0,1
2024471490168,2024,471490168,4,5,0,-1,19,1,5,-1,0,0,0,0,0,0,0,1,-1,1,1,46,8,1254,1,5,BMW R SERIES,6,E01021034,0,1
2024122400566,2024,122400566,2,5,0,18,19,4,8,0,0,1,0,0,0,0,0,1,6,6,1,59,9,1170,1,2,BMW R SERIES,7,E01012207,0,4
2024010542246,2024,010542246,1,5,0,18,19,7,3,0,0,0,5,0,0,0,0,1,1,1,1,40,7,1170,1,7,BMW R SERIES,9,E01003356,0,2
2024991430351,2024,991430351,1,5,0,-1,4,3,7,-1,0,1,1,0,0,0,1,1,-1,8,1,45,7,1254,1,5,BMW R SERIES,10,-1,0,1
2024010515680,2024,010515680,1,5,0,18,19,1,5,0,0,3,0,0,1,0,4,1,1,1,1,60,9,1170,1,17,BMW R SERIES,6,E01021419,0,4
2024010535477,2024,010535477,2,5,0,18,19,5,1,0,0,1,0,0,0,0,4,1,2,2,1,50,8,1170,1,7,BMW R SERIES,-1,-1,0,-1
2024991424276,2024,991424276,2,5,0,-1,4,6,2,-1,-1,0,0,0,0,0,1,1,-1,9,1,63,9,1254,1,1,BMW R SERIES,5,-1,0,4
2024421483682,2024,421483682,1,5,0,-1,13,3,7,-1,0,0,0,0,0,0,4,1,-1,6,1,60,9,1254,1,4,BMW R SERIES,3,E01021999,0,4
2024631495941,2024,631495941,1,5,0,-1,19,5,1,-1,0,0,1,0,7,10,3,1,-1,9,1,75,10,1300,1,0,BMW R SERIES,9,E01015299,0,5
2024010497500,2024,010497500,2,5,0,18,19,3,7,0,0,1,0,0,0,0,1,1,1,1,1,62,9,1254,1,4,BMW R SERIES,9,E01002466,0,1
2024311463471,2024,311463471,2,5,0,-1,19,1,5,-1,0,1,0,0,0,0,1,1,-1,6,1,63,9,1130,1,22,BMW R SERIES,3,E01028056,0,1
2024501475801,2024,501475801,1,4,0,-1,19,1,5,-1,0,1,5,0,0,0,1,1,-1,9,1,46,8,1170,1,10,BMW R SERIES,6,E01019048,0,2
2024520403228,2024,520403228,2,5,0,18,19,5,1,0,0,0,0,0,0,0,0,1,6,6,1,56,9,1254,1,1,BMW R SERIES,8,E01029201,0,4
2024520402032,2024,520402032,2,5,0,18,19,1,5,0,0,8,0,0,0,0,1,1,6,6,1,57,9,1254,1,5,BMW R SERIES,10,E01014937,0,4
2024540611324,2024,540611324,2,5,0,18,19,2,6,0,0,5,0,0,0,0,1,1,1,1,1,50,8,1085,1,24,BMW R SERIES,7,E01017323,0,5
2024041425918,2024,041425918,1,5,0,-1,4,5,1,-1,0,0,0,0,0,0,1,1,-1,9,1,60,9,1254,1,3,BMW R SERIES,6,E01005519,0,4
2024101444438,2024,101444438,1,5,0,-1,12,1,5,-1,0,0,0,0,5,6,3,1,-1,6,1,62,9,1254,1,5,BMW R SERIES,7,E01018736,0,5
2024131458818,2024,131458818,1,5,0,-1,15,1,5,-1,0,0,1,0,0,0,1,1,-1,9,1,57,9,1170,1,7,BMW R SERIES,8,E01011744,0,1
2024501532542,2024,501532542,1,5,0,-1,19,8,4,-1,0,0,5,0,0,0,1,1,-1,9,1,58,9,1254,1,2,BMW R SERIES,10,E01016237,0,5
2024320546050,2024,320546050,2,5,0,9,9,7,6,0,0,5,5,0,0,0,2,1,-1,-1,1,60,9,1254,1,1,BMW R SERIES,8,E01026202,0,3
2024481561425,2024,481561425,1,5,0,-1,19,7,3,-1,0,0,0,0,0,0,1,1,-1,9,3,18,4,1254,1,2,BMW R SERIES,-1,-1,0,-1
2024471465491,2024,471465491,1,5,0,-1,19,3,7,-1,0,8,0,0,0,0,1,1,-1,9,1,28,6,798,1,40,BMW R SERIES,9,E01031751,0,4
2024122401129,2024,122401129,2,5,0,4,4,6,2,0,0,0,0,0,0,0,1,1,6,6,3,-1,-1,1254,1,2,BMW R SERIES,-1,-1,0,-1
2024010535731,2024,010535731,1,5,0,18,19,3,7,0,0,1,2,0,0,0,1,1,1,1,1,48,8,1170,1,6,BMW R SERIES,3,E01003976,0,2
2024531464472,2024,531464472,2,5,0,-1,19,5,1,-1,0,1,5,0,0,0,2,1,-1,1,1,29,6,1254,1,1,BMW R SERIES,5,E01034805,0,3
2024070510651,2024,070510651,2,4,0,3,3,7,3,0,0,0,0,0,0,0,2,1,1,1,1,56,9,1254,1,3,BMW R SERIES,8,E01011217,0,4
2024991508945,2024,991508945,2,5,0,-1,19,8,5,-1,0,1,5,0,0,0,1,1,-1,6,1,57,9,1254,1,3,BMW R SERIES,6,-1,0,4
2024520401687,2024,520401687,1,5,0,18,19,5,1,0,0,0,0,0,0,0,1,1,6,6,1,77,11,797,1,31,BMW R SERIES,5,E01029226,0,3
2024461450298,2024,461450298,2,5,0,-1,19,4,8,-1,0,0,0,0,0,0,2,1,-1,9,1,53,8,1254,1,0,BMW R SERIES,4,E01008209,0,5
2024111435177,2024,111435177,2,3,0,-1,19,8,4,-1,0,1,0,0,0,0,3,1,-1,6,1,36,7,1170,1,13,BMW R SERIES,3,E01020643,0,1
2024440198567,2024,440198567,2,5,0,13,13,6,2,0,0,1,0,0,0,0,1,1,1,1,1,47,8,1170,1,5,BMW R SERIES,-1,-1,0,-1
2024010519593,2024,010519593,2,5,0,9,9,7,5,0,0,6,0,0,0,0,1,1,6,6,1,70,10,1170,1,0,BMW R SERIES,4,E01021741,0,3
2024061441865,2024,061441865,2,5,0,-1,19,3,2,-1,9,1,0,0,0,0,1,1,-1,1,1,57,9,1170,1,6,BMW R SERIES,4,E01005730,0,1
2024430117121,2024,430117121,2,5,0,18,19,2,6,0,0,8,0,0,0,0,3,1,1,1,1,76,11,1170,1,8,BMW R SERIES,6,E01032728,0,2
2024061516433,2024,061516433,1,5,0,-1,15,1,5,-1,9,1,2,10,1,11,1,1,-1,6,2,66,10,1254,1,3,BMW R SERIES,8,E01005793,0,3
2024351409398,2024,351409398,1,5,0,-1,19,6,2,-1,0,8,0,0,0,0,1,1,-1,9,1,67,10,1254,1,5,BMW R SERIES,5,E01018142,0,1
202460Q078623,2024,60Q078623,1,5,0,16,19,2,6,0,0,0,5,0,0,0,1,1,6,6,1,74,10,980,1,34,BMW R SERIES,-1,-1,0,-1
2024161510198,2024,161510198,1,5,0,-1,19,5,1,-1,0,2,1,0,0,0,4,1,-1,6,1,21,5,1130,1,23,BMW R SERIES,2,E01013330,0,1