collision_index,collision_year,collision_ref_no,vehicle_reference,vehicle_type,towing_and_articulation,vehicle_manoeuvre_historic,vehicle_manoeuvre,vehicle_direction_from,vehicle_direction_to,vehicle_location_restricted_lane_historic,vehicle_location_restricted_lane,junction_location,skidding_and_overturning,hit_object_in_carriageway,vehicle_leaving_carriageway,hit_object_off_carriageway,first_point_of_impact,vehicle_left_hand_drive,journey_purpose_of_driver_historic,journey_purpose_of_driver,sex_of_driver,age_of_driver,age_band_of_driver,engine_capacity_cc,propulsion_code,age_of_vehicle,generic_make_model,driver_imd_decile,lsoa_of_driver,escooter_flag,driver_distance_banding
2024221469379,2024,221469379,1,5,0,-1,19,8,4,-1,0,0,0,0,0,0,3,1,-1,6,1,51,8,1170,1,7,BMW R SERIES,10,E01032361,0,2
2024461450298,2024,461450298,1,5,0,-1,19,4,8,-1,0,0,0,0,0,0,1,1,-1,9,1,45,7,1254,1,0,BMW R SERIES,2,E01008298,0,5
2024161532102,2024,161532102,1,5,0,-1,13,2,6,-1,0,0,1,0,7,4,1,1,-1,6,1,52,8,1170,1,9,BMW R SERIES,9,E01013103,0,1
2024991452323,2024,991452323,3,5,0,-1,19,5,1,-1,0,1,0,0,0,0,0,1,-1,1,1,37,7,1254,1,3,BMW R SERIES,10,-1,0,2
2024631433625,2024,631433625,1,5,0,-1,19,5,1,-1,0,0,0,0,1,9,0,1,-1,9,1,62,9,1170,1,8,BMW R SERIES,6,W01000487,0,3
2024430358268,2024,430358268,1,5,0,18,19,4,8,0,0,8,0,0,0,0,1,1,6,6,1,58,9,1254,1,1,BMW R SERIES,9,E01009727,0,4
2024991488226,2024,991488226,1,5,0,-1,13,2,6,-1,0,1,1,0,7,0,1,1,-1,6,1,60,9,1170,1,6,BMW R SERIES,9,-1,0,1
2024221491495,2024,221491495,1,5,0,-1,13,4,8,-1,0,8,1,0,0,0,1,1,-1,6,1,65,9,1170,1,18,BMW R SERIES,4,E01029003,0,2
2024141431750,2024,141431750,2,5,0,-1,9,8,5,-1,0,8,0,0,0,0,3,1,-1,9,1,55,8,1170,1,0,BMW R SERIES,8,E01019804,0,2
2024122401129,2024,122401129,1,5,0,4,4,6,2,0,0,0,0,0,0,0,2,1,6,6,1,73,10,1254,1,5,BMW R SERIES,8,E01011459,0,4
2024501509270,2024,501509270,1,5,0,-1,19,3,7,-1,0,0,2,0,0,0,3,1,-1,9,2,51,8,1254,1,1,BMW R SERIES,4,E01020288,0,4
2024501507721,2024,501507721,1,5,0,-1,19,5,1,-1,0,1,0,0,0,0,1,1,-1,6,1,52,8,1170,1,19,BMW R SERIES,3,E01018974,0,3
2024231430080,2024,231430080,2,5,0,-1,19,6,2,-1,0,8,0,0,0,0,1,1,-1,9,1,48,8,1254,1,4,BMW R SERIES,8,E01032532,0,3
2024061458343,2024,061458343,2,5,0,-1,13,3,7,-1,0,8,0,0,0,0,1,1,-1,1,1,52,8,1254,1,1,BMW R SERIES,7,E01004915,0,3
2024010499429,2024,010499429,1,5,0,99,99,9,9,99,99,1,9,99,9,99,9,1,6,6,1,30,6,1170,1,4,BMW R SERIES,4,E01001836,0,1
2024401447563,2024,401447563,2,5,0,-1,5,1,7,-1,0,3,0,0,0,0,3,1,-1,6,1,46,8,1170,1,8,BMW R SERIES,8,E01028510,0,4
202454A914424,2024,54A914424,1,5,0,18,19,6,2,0,0,0,0,0,1,0,1,1,6,6,1,62,9,1254,1,0,BMW R SERIES,8,E01023049,0,4
2024122400727,2024,122400727,1,5,0,15,15,3,7,0,0,0,0,0,0,0,1,1,6,6,1,59,9,1254,1,1,BMW R SERIES,9,E01011685,0,4
2024122400834,2024,122400834,1,4,0,17,19,3,7,0,0,0,0,10,1,10,1,1,6,6,1,46,8,1170,1,7,BMW R SERIES,-1,-1,0,-1
2024010531019,2024,010531019,1,5,0,18,19,6,2,0,0,1,0,0,0,0,1,1,1,1,1,39,7,1254,1,3,BMW R SERIES,4,E01001883,0,1
2024131423386,2024,131423386,1,5,0,-1,13,3,7,-1,0,0,5,7,0,0,1,1,-1,6,1,61,9,1254,1,4,BMW R SERIES,8,E01011200,0,1
2024302400774,2024,302400774,3,5,0,18,19,4,8,0,0,0,0,0,0,0,4,1,6,6,1,61,9,1170,1,8,BMW R SERIES,4,E01028252,0,4
2024501408107,2024,501408107,1,5,0,-1,13,2,6,-1,0,8,0,0,0,0,1,1,-1,6,1,53,8,1170,1,7,BMW R SERIES,4,E01019062,0,2
2024991474278,2024,991474278,3,5,0,-1,3,8,3,-1,0,1,5,0,0,0,3,1,-1,9,1,64,9,1254,1,3,BMW R SERIES,10,-1,0,1
2024131436739,2024,131436739,2,5,0,-1,19,4,8,-1,0,8,0,0,0,0,4,1,-1,6,1,67,10,1254,1,0,BMW R SERIES,1,E01010868,0,1
2024122401218,2024,122401218,1,5,0,17,19,2,8,0,0,0,0,0,1,10,4,1,6,6,1,57,9,1170,1,7,BMW R SERIES,7,E01026191,0,5
2024371461312,2024,371461312,2,5,0,-1,19,6,2,-1,0,0,0,0,0,0,3,1,-1,9,1,44,7,1254,1,5,BMW R SERIES,10,E01021736,0,4
2024610044324,2024,610044324,1,5,0,18,19,7,3,0,0,0,1,10,0,0,1,1,2,2,1,65,9,1254,1,2,BMW R SERIES,8,E01013997,0,3
2024552401060,2024,552401060,1,5,0,14,14,3,7,0,0,8,0,0,0,0,1,1,6,6,1,69,10,1170,1,6,BMW R SERIES,8,E01020583,0,1
2024320748812,2024,320748812,2,5,0,-1,-1,3,7,0,0,1,5,0,0,0,4,1,-1,-1,1,38,7,1254,1,1,BMW R SERIES,2,E01026108,0,4
2024471496437,2024,471496437,2,5,0,-1,19,6,2,-1,0,1,1,0,0,0,1,1,-1,9,1,53,8,1254,1,4,BMW R SERIES,8,E01035341,0,1
2024430305085,2024,430305085,1,5,0,18,19,2,6,0,0,1,0,0,0,0,1,1,1,1,1,40,7,1170,1,6,BMW R SERIES,-1,-1,0,-1
2024471451001,2024,471451001,2,5,0,-1,4,6,8,-1,0,1,0,0,0,0,2,1,-1,6,1,57,9,1254,1,5,BMW R SERIES,9,E01022799,0,4
2024010514624,2024,010514624,2,5,0,18,19,1,5,9,9,1,1,0,0,0,1,1,2,2,1,45,7,1254,1,2,BMW R SERIES,4,E01004417,0,1
2024161479397,2024,161479397,2,5,0,-1,19,6,2,-1,0,1,2,0,0,0,1,1,-1,6,1,54,8,1254,1,1,BMW R SERIES,6,E01012923,0,4
2024010539138,2024,010539138,2,5,0,18,19,7,3,0,0,0,5,0,0,0,1,1,6,6,1,32,6,1170,1,19,BMW R SERIES,-1,-1,0,-1
2024430308263,2024,430308263,1,5,0,18,19,4,8,0,0,8,5,0,0,0,1,1,6,6,1,64,9,1170,1,11,BMW R SERIES,6,E01016802,0,4
2024070414863,2024,070414863,2,5,0,14,14,7,3,0,0,0,0,0,7,0,4,1,6,6,1,63,9,1170,1,19,BMW R SERIES,9,E01018427,0,3
2024311427935,2024,311427935,2,5,0,-1,19,6,2,-1,0,1,1,0,0,0,1,1,-1,9,1,63,9,1254,1,1,BMW R SERIES,8,E01028350,0,3
2024481471150,2024,481471150,2,5,0,-1,3,7,3,-1,0,1,0,0,0,0,1,1,-1,1,1,29,6,1254,1,1,BMW R SERIES,-1,-1,0,-1
2024010510226,2024,010510226,1,5,0,7,7,1,4,0,0,5,1,0,1,0,0,1,6,6,1,46,8,1170,1,7,BMW R SERIES,9,E01003356,0,1
2024546750024,2024,546750024,2,5,0,14,14,4,8,0,0,1,0,0,0,0,1,1,6,6,1,46,8,1170,1,7,BMW R SERIES,9,E01032105,0,3
2024522403177,2024,522403177,1,5,0,16,19,8,3,0,0,0,0,0,7,10,4,1,1,1,1,34,6,1254,1,3,BMW R SERIES,4,E01035114,0,4
2024070734118,2024,070734118,2,5,0,-1,13,1,1,-1,0,1,5,0,0,0,4,1,-1,1,1,40,7,1254,1,0,BMW R SERIES,9,E01018737,0,3
2024031490182,2024,031490182,1,5,0,-1,13,5,8,-1,0,8,0,0,0,0,1,1,-1,2,1,61,9,1254,1,3,BMW R SERIES,2,E01019269,0,2
2024061485261,2024,061485261,2,5,0,-1,19,1,5,-1,0,0,0,0,0,0,0,1,-1,1,1,44,7,1254,1,1,BMW R SERIES,-1,-1,0,-1
2024161479109,2024,161479109,3,5,0,-1,3,1,5,-1,0,0,0,0,0,0,2,1,-1,6,1,-1,-1,1170,1,6,BMW R SERIES,-1,-1,0,-1
2024201519460,2024,201519460,2,5,0,-1,3,8,6,-1,0,0,0,0,0,0,2,1,-1,1,1,54,8,1254,1,0,BMW R SERIES,-1,-1,0,-1
2024622400121,2024,622400121,1,5,0,12,12,2,6,0,0,0,1,0,0,0,3,1,1,1,1,64,9,1100,1,24,BMW R SERIES,10,W01001041,0,3
2024401464919,2024,401464919,1,5,0,-1,19,1,5,-1,0,0,0,0,0,0,1,1,-1,6,1,61,9,1170,1,7,BMW R SERIES,9,E01017394,0,1
2024991485747,2024,991485747,1,5,0,-1,19,3,8,-1,0,0,5,0,2,3,1,1,-1,9,1,63,9,1300,1,1,BMW R SERIES,5,E01008433,0,4
2024031459012,2024,031459012,1,5,0,-1,19,3,7,-1,0,0,2,0,1,0,4,1,-1,9,1,59,9,1254,1,4,BMW R SERIES,7,E01029582,0,5
2024311514490,2024,311514490,1,5,0,-1,19,7,3,-1,0,1,0,0,0,0,1,1,-1,9,1,65,9,1130,1,23,BMW R SERIES,8,E01028251,0,1
2024122400784,2024,122400784,2,5,0,18,19,3,7,0,0,1,0,0,0,0,1,1,6,6,1,60,9,1254,1,5,BMW R SERIES,8,E01012163,0,4
2024531440722,2024,531440722,1,5,0,-1,3,7,3,-1,0,0,0,0,0,0,1,1,-1,9,1,58,9,1254,1,3,BMW R SERIES,6,E01022176,0,3
2024371517661,2024,371517661,2,5,0,-1,19,8,5,-1,0,8,0,0,0,0,3,1,-1,6,1,63,9,1254,1,3,BMW R SERIES,1,E01026595,0,3
2024221472107,2024,221472107,1,5,0,-1,19,4,8,-1,0,3,1,0,0,0,4,1,-1,9,1,73,10,1170,1,12,BMW R SERIES,10,E01022196,0,4
2024631440832,2024,631440832,1,5,0,-1,13,2,6,-1,0,8,0,0,0,0,1,1,-1,9,1,71,10,1802,1,2,BMW R SERIES,7,E01013999,0,4
2024211481152,2024,211481152,2,5,0,-1,19,6,3,-1,0,8,0,0,0,0,4,1,-1,9,1,70,10,1170,1,8,BMW R SERIES,5,E01029352,0,1
2024221431528,2024,221431528,2,5,0,-1,4,1,5,-1,0,1,0,0,0,0,2,1,-1,9,1,55,8,1254,1,5,BMW R SERIES,6,E01020243,0,5
2024631445798,2024,631445798,2,5,0,-1,19,1,5,-1,0,8,0,0,0,0,1,1,-1,9,1,67,10,1170,1,11,BMW R SERIES,1,W01000817,0,4
2024991506102,2024,991506102,2,5,0,-1,19,2,6,-1,0,8,0,0,0,0,1,1,-1,1,1,45,7,1254,1,3,BMW R SERIES,1,-1,0,2
2024531464472,2024,531464472,3,5,0,-1,19,5,1,-1,0,1,0,0,0,0,2,1,-1,1,1,40,7,1254,1,1,BMW R SERIES,5,E01034805,0,3
2024320072936,2024,320072936,1,5,0,-1,-1,3,8,0,0,0,0,0,0,0,1,1,-1,-1,1,55,8,1170,1,8,BMW R SERIES,8,E01032991,0,4
2024041496981,2024,041496981,1,5,0,-1,19,4,8,-1,0,1,1,0,0,0,4,1,-1,6,1,67,10,980,1,32,BMW R SERIES,10,E01025337,0,1
2024501525212,2024,501525212,1,5,0,-1,19,3,6,-1,0,2,5,12,0,0,1,1,-1,2,1,46,8,1170,1,12,BMW R SERIES,3,E01020264,0,4
202460Q069158,2024,60Q069158,1,5,0,16,19,3,6,0,0,0,5,0,0,0,1,1,6,6,1,63,9,1170,1,8,BMW R SERIES,-1,-1,0,-1
2024041441804,2024,041441804,1,5,0,-1,19,1,5,-1,0,1,2,11,0,0,4,1,-1,1,1,51,8,1254,1,1,BMW R SERIES,9,E01025354,0,1
2024351406701,2024,351406701,1,5,0,-1,13,3,7,-1,0,0,1,10,7,0,3,1,-1,6,1,57,9,1170,1,8,BMW R SERIES,9,E01033310,0,4
2024061443616,2024,061443616,2,5,0,-1,11,5,1,-1,0,0,0,0,0,0,4,1,-1,1,1,40,7,1254,1,5,BMW R SERIES,-1,-1,0,-1
2024501445223,2024,501445223,2,4,0,-1,19,8,4,-1,0,0,0,0,0,0,1,1,-1,6,1,57,9,1171,1,25,BMW R SERIES,5,E01018849,0,3
2024041465531,2024,041465531,2,5,0,-1,19,7,3,-1,0,0,0,0,7,0,1,1,-1,2,1,70,10,1170,1,9,BMW R SERIES,9,E01025404,0,3
2024311453908,2024,311453908,1,5,0,-1,19,2,4,-1,0,0,0,0,0,0,4,1,-1,6,1,38,7,1170,1,9,BMW R SERIES,10,E01028084,0,1
2024302401372,2024,302401372,2,5,0,18,19,5,1,0,0,3,0,0,0,0,4,1,6,6,1,67,10,1254,1,5,BMW R SERIES,3,E01010919,0,5
2024421419131,2024,421419131,2,4,0,-1,19,7,3,-1,0,1,1,0,0,0,1,1,-1,9,1,43,7,1170,1,16,BMW R SERIES,5,E01021644,0,4
2024471509136,2024,471509136,2,5,0,-1,4,4,8,-1,0,0,0,0,0,0,2,1,-1,9,1,60,9,1170,1,9,BMW R SERIES,10,E01031735,0,3
2024332400864,2024,332400864,2,5,0,-1,19,2,6,-1,0,8,0,0,0,0,1,1,-1,9,1,71,10,1802,1,2,BMW R SERIES,9,E01026355,0,3
2024302500270,2024,302500270,1,4,0,-1,19,6,2,-1,0,1,0,0,0,0,1,1,-1,9,1,59,9,1254,1,1,BMW R SERIES,1,E01027978,0,4
2024520401495,2024,520401495,1,5,0,18,19,5,8,0,0,8,0,0,0,0,1,1,6,6,1,49,8,1170,1,18,BMW R SERIES,7,E01029312,0,3
2024070545461,2024,070545461,1,5,0,5,5,1,3,0,0,6,0,0,0,0,2,1,2,2,1,63,9,1254,1,0,BMW R SERIES,9,E01018349,0,1
2024501467679,2024,501467679,1,4,0,-1,12,7,3,-1,0,0,1,0,5,6,1,1,-1,9,1,31,6,1254,1,3,BMW R SERIES,9,E01020146,0,2
2024131444768,2024,131444768,2,5,0,-1,19,1,1,-1,0,0,1,0,0,0,3,1,-1,9,1,63,9,1170,1,19,BMW R SERIES,1,E01011756,0,2
2024552401416,2024,552401416,2,5,0,18,19,3,7,0,0,3,0,0,0,0,3,1,2,2,1,59,9,1170,1,12,BMW R SERIES,5,E01020469,0,2
2024351473670,2024,351473670,1,5,0,-1,19,1,5,-1,0,0,2,0,5,0,1,1,-1,9,1,66,10,1170,1,6,BMW R SERIES,4,E01034973,0,5
2024421405404,2024,421405404,2,5,0,-1,3,3,7,-1,0,0,0,0,0,0,2,1,-1,6,1,56,9,1254,1,1,BMW R SERIES,10,E01021893,0,4
2024031494165,2024,031494165,1,23,0,-1,19,5,8,-1,0,1,0,0,7,0,1,1,-1,9,1,60,9,1254,1,1,BMW R SERIES,2,E01028033,0,5
2024430113238,2024,430113238,2,5,0,18,19,4,8,0,0,8,0,0,0,0,1,1,2,2,1,62,9,1254,1,4,BMW R SERIES,5,E01016594,0,4
2024991505931,2024,991505931,1,5,0,-1,19,5,1,-1,0,0,0,0,7,0,3,1,-1,9,1,71,10,1300,1,0,BMW R SERIES,2,-1,0,5
2024471483625,2024,471483625,1,5,0,-1,19,4,8,-1,0,4,0,0,3,1,1,1,-1,9,1,55,8,1254,1,5,BMW R SERIES,6,E01021164,0,1
2024211543364,2024,211543364,1,5,0,-1,6,5,1,-1,0,0,0,0,0,0,4,1,-1,1,2,52,8,1254,1,1,BMW R SERIES,8,E01029422,0,3
2024430339109,2024,430339109,2,5,0,13,13,5,1,0,0,0,0,0,7,11,1,1,6,6,1,44,7,1170,1,6,BMW R SERIES,10,E01016706,0,1
2024122400222,2024,122400222,1,5,0,7,7,7,1,0,0,3,1,0,0,0,3,1,2,2,1,46,8,1254,1,2,BMW R SERIES,8,E01027836,0,3
2024041444806,2024,041444806,2,5,0,-1,19,3,7,-1,0,0,2,0,0,0,1,1,-1,9,1,64,9,1170,1,19,BMW R SERIES,1,E01005466,0,4
2024041459477,2024,041459477,2,5,0,-1,19,5,1,-1,0,0,1,0,0,0,0,1,-1,9,1,53,8,1170,1,18,BMW R SERIES,4,E01018709,0,4
2024010523355,2024,010523355,1,5,0,18,19,7,3,0,0,8,0,0,0,0,3,1,1,1,1,35,6,1254,1,4,BMW R SERIES,3,E01003221,0,2
2024421493246,2024,421493246,2,5,0,-1,19,6,2,-1,0,1,0,0,0,0,1,1,-1,9,1,61,9,1254,1,4,BMW R SERIES,5,E01021707,0,2
2024332400426,2024,332400426,1,5,0,-1,19,5,1,-1,0,0,0,0,1,0,4,1,-1,2,1,-1,-1,1170,1,17,BMW R SERIES,8,E01025732,0,2
2024111473676,2024,111473676,2,5,0,-1,4,7,3,-1,0,0,0,0,0,0,2,1,-1,2,1,47,8,1254,1,4,BMW R SERIES,6,E01027770,0,3
2024991431457,2024,991431457,1,5,0,-1,19,3,7,-1,0,0,0,0,1,0,4,1,-1,9,1,52,8,1254,1,5,BMW R SERIES,4,E01006390,0,5
2024461453256,2024,461453256,1,4,0,-1,19,7,3,-1,0,1,0,0,0,0,1,1,-1,9,1,67,10,1254,1,4,BMW R SERIES,2,E01024028,0,3
2024010511677,2024,010511677,2,5,0,18,19,7,3,0,0,8,0,0,0,0,1,1,2,2,1,57,9,1170,1,6,BMW R SERIES,7,E01017733,0,4
2024231500282,2024,231500282,2,5,0,-1,19,6,2,-1,0,1,0,0,0,0,4,1,-1,6,1,66,10,1300,1,0,BMW R SERIES,7,E01031042,0,2
2024111427231,2024,111427231,2,5,0,-1,19,1,5,-1,0,0,0,0,0,0,0,1,-1,1,-1,30,6,1254,1,0,BMW R SERIES,-1,-1,0,-1
2024061488407,2024,061488407,1,5,0,-1,19,3,7,-1,0,0,0,0,0,0,1,1,-1,1,1,55,8,1170,1,7,BMW R SERIES,-1,-1,0,-1
2024010505286,2024,010505286,1,5,0,18,19,1,5,0,0,1,0,0,0,0,0,1,2,2,1,42,7,1170,1,14,BMW R SERIES,7,E01023351,0,4
2024320471563,2024,320471563,2,5,0,4,4,1,4,0,0,1,0,0,0,0,4,1,1,1,1,50,8,1254,1,2,BMW R SERIES,7,E01011247,0,5
2024461430470,2024,461430470,2,5,0,-1,19,5,1,-1,0,1,0,0,0,0,1,1,-1,9,1,51,8,1254,1,1,BMW R SERIES,3,E01021090,0,4
2024010543710,2024,010543710,2,5,0,18,19,7,3,99,99,9,0,99,9,99,9,1,6,6,1,38,7,1170,1,6,BMW R SERIES,4,E01003090,0,3
2024411479035,2024,411479035,2,5,0,-1,19,3,7,-1,0,1,5,0,0,0,4,1,-1,6,1,52,8,1170,1,6,BMW R SERIES,10,E01018130,0,4
2024320667231,2024,320667231,2,5,0,-1,-1,2,4,0,0,6,0,0,0,0,2,1,-1,-1,1,81,11,1254,1,2,BMW R SERIES,5,E01026243,0,3
2024010543286,2024,010543286,1,5,0,4,4,7,3,0,0,0,0,0,0,0,0,1,1,1,1,50,8,1170,1,6,BMW R SERIES,3,E01003976,0,1
2024501486014,2024,501486014,1,5,0,-1,19,1,5,-1,0,2,1,0,0,0,3,1,-1,9,1,63,9,1802,1,3,BMW R SERIES,3,E01020502,0,4
2024302401163,2024,302401163,1,5,0,18,19,5,1,0,0,3,0,0,0,0,3,1,6,6,1,58,9,1254,1,1,BMW R SERIES,10,E01007826,0,3
2024991427585,2024,991427585,2,5,0,-1,13,8,4,-1,0,1,5,0,7,11,1,1,-1,9,1,59,9,1170,1,7,BMW R SERIES,9,E01025669,0,5
2024010524143,2024,010524143,1,5,0,3,3,5,1,0,0,0,0,0,0,0,4,1,6,6,1,65,9,1170,1,12,BMW R SERIES,9,E01003910,0,3
2024501416525,2024,501416525,2,5,0,-1,19,3,7,-1,0,1,1,0,0,0,1,1,-1,9,1,62,9,1254,1,3,BMW R SERIES,6,E01019971,0,1
2024320228766,2024,320228766,2,5,0,-1,-1,7,3,0,0,0,2,0,0,0,1,1,-1,-1,1,62,9,1170,1,9,BMW R SERIES,7,E01019642,0,4
202454A159624,2024,54A159624,2,5,0,13,13,5,1,0,0,0,0,0,0,0,1,1,6,6,1,56,9,1170,1,7,BMW R SERIES,8,E01034530,0,2
2024520403342,2024,520403342,2,5,0,18,19,5,1,0,0,0,0,0,0,0,9,1,6,6,3,-1,-1,850,1,24,BMW R SERIES,-1,-1,0,-1
2024010550606,2024,010550606,1,5,0,9,9,5,2,0,0,2,0,0,0,0,3,1,1,1,1,35,6,1254,1,3,BMW R SERIES,4,E01001883,0,1
2024552400460,2024,552400460,1,5,0,18,19,7,3,0,0,8,0,0,0,0,4,1,6,6,1,47,8,1254,1,2,BMW R SERIES,8,E01023249,0,4
2024501408633,2024,501408633,1,5,0,-1,19,1,5,-1,0,0,1,0,0,0,3,1,-1,9,1,61,9,1254,1,3,BMW R SERIES,7,E01031248,0,5
2024451447251,2024,451447251,1,5,0,-1,19,5,1,-1,0,0,5,12,0,0,1,1,-1,9,1,60,9,1300,1,0,BMW R SERIES,7,E01004193,0,4
2024070734962,2024,070734962,1,5,0,-1,19,3,1,-1,0,7,5,0,1,10,4,1,-1,9,1,47,8,1254,1,1,BMW R SERIES,4,E01006526,0,3
202417S112424,2024,17S112424,2,5,0,-1,19,1,5,-1,0,8,0,0,0,0,1,1,-1,9,1,57,9,1254,1,2,BMW R SERIES,9,E01012073,0,3
2024031500393,2024,031500393,1,5,0,-1,19,1,5,-1,0,0,1,0,1,0,0,1,-1,2,1,47,8,1085,1,28,BMW R SERIES,-1,-1,0,-1
2024010517162,2024,010517162,2,5,0,4,4,1,5,0,0,1,5,0,1,0,2,1,6,6,1,59,9,1130,1,19,BMW R SERIES,3,E01003068,0,1
2024010529800,2024,010529800,1,5,0,18,19,3,7,0,0,1,0,0,0,0,1,1,6,6,1,49,8,1170,1,9,BMW R SERIES,2,E01034149,0,1
2024141507230,2024,141507230,2,5,0,-1,19,3,7,-1,0,1,0,0,0,0,1,1,-1,9,1,53,8,1170,1,10,BMW R SERIES,1,E01007370,0,1
2024371479904,2024,371479904,1,5,0,-1,19,3,7,-1,0,0,1,0,0,0,0,1,-1,6,1,53,8,1130,1,22,BMW R SERIES,10,E01017397,0,4
2024221422380,2024,221422380,2,5,0,-1,19,6,2,-1,0,8,0,0,0,0,1,1,-1,6,1,58,9,1254,1,2,BMW R SERIES,9,E01032227,0,1
2024010490521,2024,010490521,1,5,0,13,13,3,7,0,0,2,0,0,0,0,4,1,6,6,1,42,7,1170,1,12,BMW R SERIES,-1,-1,0,-1
2024010505365,2024,010505365,1,5,0,99,99,9,9,99,99,9,9,99,9,99,9,1,6,6,1,54,8,1170,1,19,BMW R SERIES,3,E01003068,0,1
2024541105624,2024,541105624,1,5,0,13,13,5,1,0,0,8,5,0,0,0,1,1,6,6,1,50,8,1254,1,5,BMW R SERIES,2,E01032093,0,1
2024070891457,2024,070891457,1,5,0,-1,14,7,3,-1,0,8,1,10,7,0,1,1,-1,9,1,63,9,1254,1,1,BMW R SERIES,10,E01018694,0,2
2024320471563,2024,320471563,3,5,0,4,4,1,4,0,0,1,1,0,1,0,1,1,1,1,1,50,8,1254,1,2,BMW R SERIES,8,E01011773,0,4
2024471490168,2024,471490168,3,5,0,-1,19,1,5,-1,0,0,0,0,0,0,0,1,-1,1,2,29,6,1170,1,5,BMW R SERIES,6,E01021034,0,1
2024201533455,2024,201533455,1,5,0,-1,19,2,6,-1,0,2,5,0,0,0,4,1,-1,6,1,68,10,1170,1,11,BMW R SERIES,2,E01009389,0,1
2024131485196,2024,131485196,2,5,0,-1,19,3,3,-1,0,8,5,0,0,0,3,1,-1,6,1,65,9,1100,1,21,BMW R SERIES,1,E01010872,0,2
2024991513529,2024,991513529,2,5,0,-1,19,3,7,-1,0,1,0,0,0,0,1,1,-1,2,1,67,10,1170,1,9,BMW R SERIES,5,-1,0,1
2024361490574,2024,361490574,1,5,0,-1,19,3,7,-1,0,0,1,0,0,0,4,1,-1,6,1,56,9,1254,1,1,BMW R SERIES,6,E01033039,0,4
202460Q099177,2024,60Q099177,2,5,0,18,19,1,5,0,0,8,0,0,0,0,3,1,6,6,1,68,10,1170,1,7,BMW R SERIES,-1,-1,0,-1
2024070971745,2024,070971745,1,5,0,-1,19,3,7,-1,0,0,2,0,2,10,3,1,-1,8,1,55,8,1254,1,2,BMW R SERIES,9,E01018737,0,3
2024440004394,2024,440004394,2,3,0,13,13,2,6,0,0,1,0,0,0,0,1,1,2,2,1,32,6,1170,1,14,BMW R SERIES,3,E01017263,0,1
2024501472616,2024,501472616,2,5,0,-1,19,5,1,-1,0,1,0,0,0,0,1,1,-1,1,1,56,9,1085,1,25,BMW R SERIES,1,E01015232,0,1
2024122500114,2024,122500114,2,5,0,9,9,3,8,0,0,2,0,0,0,0,4,1,6,6,1,56,9,1254,1,3,BMW R SERIES,7,E01012235,0,4
2024430553756,2024,430553756,2,3,0,18,19,6,2,0,0,8,0,0,0,0,3,1,6,6,1,69,10,1254,1,5,BMW R SERIES,5,E01028477,0,1
2024421500782,2024,421500782,1,5,0,-1,19,7,3,-1,0,1,1,12,0,0,1,1,-1,2,1,61,9,1254,1,4,BMW R SERIES,6,E01021535,0,2
2024101461031,2024,101461031,2,5,0,-1,19,1,5,-1,0,1,1,0,7,0,4,1,-1,9,1,67,10,1100,1,24,BMW R SERIES,-1,-1,0,-1
2024430217228,2024,430217228,1,5,0,18,19,5,1,0,0,0,0,0,0,0,1,1,2,2,1,-1,-1,1254,1,2,BMW R SERIES,2,E01016443,0,1
2024371425723,2024,371425723,2,5,0,-1,19,7,3,-1,0,0,0,0,0,0,1,1,-1,2,1,53,8,1170,1,7,BMW R SERIES,7,E01030003,0,1
2024543708424,2024,543708424,1,5,0,18,19,8,4,0,0,0,1,0,8,11,1,1,1,1,1,37,7,1254,1,3,BMW R SERIES,-1,-1,0,-1
2024501420817,2024,501420817,1,5,0,-1,19,3,7,-1,0,0,5,0,7,0,0,1,-1,2,1,63,9,1170,1,16,BMW R SERIES,4,E01018793,0,2
2024031451720,2024,031451720,1,5,0,-1,19,6,2,-1,0,0,2,0,1,0,4,1,-1,9,1,54,8,1300,1,0,BMW R SERIES,7,E01025609,0,4
202460Q158077,2024,60Q158077,1,5,0,13,13,6,2,0,0,8,0,0,0,0,1,1,6,6,1,61,9,1254,1,1,BMW R SERIES,-1,-1,0,-1
2024231464726,2024,231464726,2,5,0,-1,19,6,2,-1,0,8,0,0,0,0,1,1,-1,9,1,40,7,1254,1,4,BMW R SERIES,7,E01025735,0,4
2024461490080,2024,461490080,1,5,0,-1,19,3,7,-1,0,0,0,0,0,0,4,1,-1,6,1,34,6,1170,1,17,BMW R SERIES,3,E01024395,0,4
2024111440393,2024,111440393,2,5,0,-1,19,5,1,-1,0,0,0,0,1,0,1,1,-1,6,1,57,9,1170,1,13,BMW R SERIES,3,E01020893,0,3