collision_index,collision_year,collision_ref_no,vehicle_reference,vehicle_type,towing_and_articulation,vehicle_manoeuvre_historic,vehicle_manoeuvre,vehicle_direction_from,vehicle_direction_to,vehicle_location_restricted_lane_historic,vehicle_location_restricted_lane,junction_location,skidding_and_overturning,hit_object_in_carriageway,vehicle_leaving_carriageway,hit_object_off_carriageway,first_point_of_impact,vehicle_left_hand_drive,journey_purpose_of_driver_historic,journey_purpose_of_driver,sex_of_driver,age_of_driver,age_band_of_driver,engine_capacity_cc,propulsion_code,age_of_vehicle,generic_make_model,driver_imd_decile,lsoa_of_driver,escooter_flag,driver_distance_banding
2024631434112,2024,631434112,1,5,0,-1,19,6,2,-1,0,1,1,0,0,0,0,1,-1,6,1,61,9,1254,1,2,BMW R SERIES,8,W01000610,0,5
2024991446527,2024,991446527,2,5,0,-1,19,8,4,-1,0,0,0,0,7,4,3,1,-1,9,1,61,9,1254,1,3,BMW R SERIES,4,E01018815,0,5
2024421407250,2024,421407250,1,5,0,-1,19,1,5,-1,0,0,2,0,1,0,1,1,-1,2,1,53,8,1254,1,1,BMW R SERIES,9,E01021734,0,4
2024991510096,2024,991510096,2,5,0,-1,19,1,5,-1,0,1,0,0,7,0,1,1,-1,2,1,28,6,1170,1,9,BMW R SERIES,7,-1,0,3
2024131505322,2024,131505322,2,5,0,-1,19,7,3,-1,0,0,0,0,0,0,1,1,-1,9,1,26,6,1170,1,20,BMW R SERIES,7,E01010858,0,1
2024141433980,2024,141433980,1,9,0,-1,19,7,1,-1,0,0,0,0,0,0,1,1,-1,6,1,39,7,1997,2,7,FORD EDGE,1,E01007496,0,1
2024411471492,2024,411471492,1,9,0,-1,19,7,3,-1,0,1,0,0,0,0,1,1,-1,9,2,33,6,1997,2,7,FORD EDGE,10,E01017442,0,3
2024451486932,2024,451486932,2,9,0,-1,19,6,2,-1,0,0,0,0,5,0,2,1,-1,9,1,55,8,1995,2,5,FORD EDGE,9,E01031001,0,3
2024161523760,2024,161523760,1,9,0,-1,19,4,8,-1,0,1,0,0,0,0,1,1,-1,9,1,63,9,1997,2,7,FORD EDGE,5,E01012994,0,4
2024010539328,2024,010539328,2,9,0,5,5,7,3,0,0,1,0,0,0,0,4,1,6,6,2,45,7,1997,2,7,FORD EDGE,3,E01000041,0,1
2024052400520,2024,052400520,1,9,0,18,19,7,3,0,0,1,0,0,0,0,1,1,6,6,1,46,8,1997,2,7,FORD EDGE,6,E01006621,0,1
2024201455309,2024,201455309,3,9,0,-1,7,5,7,-1,0,6,0,0,0,0,1,9,-1,6,1,38,7,1997,2,8,FORD EDGE,5,E01008925,0,1
2024161439167,2024,161439167,1,9,0,-1,5,7,3,-1,0,1,0,0,0,0,4,1,-1,9,1,48,8,1997,2,7,FORD EDGE,10,E01013089,0,2
2024552400556,2024,552400556,1,9,0,18,19,4,8,0,0,8,0,0,0,0,4,1,2,2,1,71,10,1997,2,6,FORD EDGE,8,E01023066,0,3
2024332401165,2024,332401165,1,9,0,-1,19,7,3,-1,0,8,0,0,0,0,1,1,-1,6,1,34,6,1997,2,7,FORD EDGE,5,E01013699,0,1
202417S110924,2024,17S110924,2,9,0,-1,19,4,8,-1,0,8,0,0,0,0,1,1,-1,9,1,69,10,1995,2,5,FORD EDGE,9,E01012211,0,1
2024302401233,2024,302401233,2,9,0,18,19,5,1,0,0,0,0,0,0,0,4,1,6,6,2,33,6,1997,2,7,FORD EDGE,2,E01007559,0,4
2024131490348,2024,131490348,1,9,0,-1,9,3,5,-1,0,2,0,0,0,0,1,1,-1,6,2,44,7,1997,2,7,FORD EDGE,2,E01011943,0,1
2024010527288,2024,010527288,1,9,0,-1,-1,4,8,0,0,0,0,0,0,0,1,1,1,1,1,26,6,1997,2,6,FORD EDGE,-1,-1,0,-1
2024461428819,2024,461428819,2,9,0,-1,19,5,1,-1,0,0,0,0,0,0,1,9,-1,6,2,63,9,1997,2,8,FORD EDGE,3,E01016037,0,1
2024631441745,2024,631441745,2,9,0,-1,4,5,1,-1,0,0,0,0,0,0,2,1,-1,6,2,38,7,1997,2,7,FORD EDGE,6,W01000575,0,1
2024631461106,2024,631461106,2,9,0,-1,2,0,0,-1,0,2,0,0,0,0,3,1,-1,6,-1,-1,-1,1997,2,8,FORD EDGE,-1,-1,0,-1
2024031472146,2024,031472146,1,9,0,-1,19,2,6,-1,0,0,0,0,0,0,4,1,-1,9,1,78,11,1997,2,8,FORD EDGE,-1,-1,0,-1
2024501447613,2024,501447613,1,9,0,-1,9,1,8,-1,0,6,0,0,0,0,3,1,-1,9,2,34,6,1997,2,7,FORD EDGE,4,E01015077,0,1
2024131426715,2024,131426715,1,9,0,-1,4,1,5,-1,0,8,0,0,0,0,2,1,-1,9,1,59,9,1997,2,7,FORD EDGE,2,E01011632,0,1
2024332400941,2024,332400941,3,9,0,-1,19,8,4,-1,0,0,0,0,0,0,4,1,-1,9,1,54,8,1997,2,7,FORD EDGE,5,E01017317,0,5
2024461471199,2024,461471199,2,5,0,-1,14,8,4,-1,0,8,1,0,0,0,4,1,-1,9,1,60,9,1745,1,5,-1,9,E01023983,0,1
2024451430942,2024,451430942,1,5,0,-1,5,7,3,-1,0,4,5,0,0,0,2,1,-1,6,1,40,7,1745,1,6,-1,7,E01000370,0,4
2024501525821,2024,501525821,1,9,0,-1,19,5,1,-1,0,2,0,0,0,0,1,1,-1,1,1,61,9,1497,8,14,HONDA CR-Z,8,E01020061,0,3
2024552400629,2024,552400629,2,9,0,18,19,5,1,0,0,8,0,0,0,0,1,1,6,6,1,32,6,1497,8,12,HONDA CR-Z,4,E01015326,0,1
2024052400542,2024,052400542,1,9,0,18,19,2,6,0,0,0,0,0,0,0,1,1,6,6,1,40,7,1497,8,14,HONDA CR-Z,4,E01007231,0,3
2024552401512,2024,552401512,1,9,0,9,9,2,8,0,0,5,0,0,0,0,4,1,6,6,2,70,10,1497,8,14,HONDA CR-Z,6,E01020398,0,1
2024430314983,2024,430314983,2,9,0,9,9,1,7,0,0,2,0,0,0,0,2,1,2,2,1,-1,-1,1497,8,14,HONDA CR-Z,8,E01017735,0,4
2024211435780,2024,211435780,2,9,0,-1,5,7,5,-1,0,8,1,0,0,0,3,1,-1,2,1,33,6,1497,8,13,HONDA CR-Z,5,E01029399,0,2
2024332400036,2024,332400036,2,9,0,-1,19,2,6,-1,0,8,0,0,0,0,1,1,-1,9,1,33,6,1497,8,14,HONDA CR-Z,1,E01013653,0,1
2024351523181,2024,351523181,1,9,0,-1,1,8,4,-1,0,0,0,0,0,0,3,1,-1,6,1,51,8,1497,8,14,HONDA CR-Z,8,E01033177,0,1
2024991454442,2024,991454442,1,9,0,-1,9,6,3,-1,0,8,0,0,0,0,3,1,-1,9,1,57,9,1497,8,13,HONDA CR-Z,8,-1,0,1
2024411499044,2024,411499044,2,9,0,-1,19,3,7,-1,0,0,0,0,1,0,2,1,-1,6,1,38,7,1497,8,13,HONDA CR-Z,10,E01023441,0,2
2024430613450,2024,430613450,1,9,0,18,19,6,2,0,0,0,0,0,0,0,1,1,6,6,1,-1,-1,1497,8,10,HONDA CR-Z,-1,-1,0,-1
2024991450742,2024,991450742,2,9,0,-1,19,2,6,-1,0,1,0,0,0,0,3,1,-1,9,1,44,7,3471,1,16,-1,4,-1,0,3
2024052401404,2024,052401404,1,9,0,2,2,0,0,0,0,0,0,0,0,0,3,1,6,6,3,-1,-1,3471,1,15,-1,-1,-1,0,-1
2024161515971,2024,161515971,1,3,0,-1,19,7,4,-1,0,8,1,10,1,2,1,1,-1,7,1,17,4,125,1,19,-1,6,E01013085,0,3
2024201510903,2024,201510903,1,19,0,-1,9,4,2,-1,0,0,0,0,0,0,1,1,-1,1,1,-1,-1,2287,2,2,IVECO DAILY,-1,-1,0,-1
2024061458230,2024,061458230,4,19,0,-1,19,3,7,-1,0,7,0,0,0,0,2,1,-1,1,1,30,6,2998,2,3,IVECO DAILY,5,E01004779,0,4
2024211400052,2024,211400052,1,19,0,-1,19,6,2,-1,0,0,0,0,0,0,1,1,-1,1,1,53,8,2287,2,3,IVECO DAILY,6,E01010035,0,3
2024041529260,2024,041529260,1,20,0,-1,19,1,5,-1,0,1,0,0,0,0,3,9,-1,6,3,-1,-1,2998,2,6,IVECO DAILY,-1,-1,0,-1
2024471517789,2024,471517789,2,19,0,-1,10,1,3,-1,0,8,0,0,0,0,3,1,-1,1,2,42,7,2287,2,0,IVECO DAILY,5,E01031481,0,3
2024221472265,2024,221472265,2,19,0,-1,5,7,1,-1,0,4,0,0,0,0,4,1,-1,1,1,35,6,-1,-1,-1,IVECO DAILY,2,E01014125,0,2
2024440532787,2024,440532787,1,19,0,9,9,4,8,0,0,0,0,0,0,0,2,1,1,1,3,-1,-1,2998,2,2,IVECO DAILY,-1,-1,0,-1
2024610041224,2024,610041224,2,19,0,18,19,3,7,0,0,8,0,0,0,0,3,1,1,1,1,-1,-1,2287,2,0,IVECO DAILY,-1,-1,0,-1
2024522401180,2024,522401180,2,20,0,18,19,8,4,0,0,0,0,0,0,0,1,1,6,6,1,52,8,2998,2,1,IVECO DAILY,3,W01001353,0,4
2024010524546,2024,010524546,1,19,0,18,19,3,7,0,0,2,0,0,0,0,2,1,1,1,1,42,7,2287,2,7,IVECO DAILY,4,E01000846,0,2
2024552401455,2024,552401455,2,20,0,2,2,0,0,0,0,0,0,0,1,4,2,1,6,6,1,44,7,2287,2,14,IVECO DAILY,6,E01015363,0,1
2024010535761,2024,010535761,1,20,0,9,9,7,6,0,0,5,0,0,1,0,1,1,2,2,1,48,8,2998,2,8,IVECO DAILY,5,E01000475,0,2
2024010526612,2024,010526612,4,20,0,18,19,1,5,0,0,1,0,0,0,0,2,1,1,1,1,38,7,-1,-1,-1,IVECO DAILY,5,E01021357,0,4
2024471491751,2024,471491751,1,19,0,-1,4,7,3,-1,0,2,0,0,0,0,1,1,-1,6,1,35,6,2287,2,3,IVECO DAILY,5,E01031810,0,1
2024010548400,2024,010548400,1,19,0,10,10,5,2,0,0,2,0,0,0,0,3,1,1,1,1,32,6,2287,2,1,IVECO DAILY,7,E01022918,0,4
2024371427330,2024,371427330,1,19,-1,-1,-1,1,5,-1,-1,0,-1,-1,-1,0,-1,1,-1,6,1,20,4,2287,2,9,IVECO DAILY,7,E01030037,0,2
2024610019524,2024,610019524,1,19,0,18,19,3,7,0,0,0,0,0,0,0,1,1,6,6,1,58,9,2287,2,7,IVECO DAILY,7,W01001510,0,2
2024141489785,2024,141489785,2,19,0,-1,19,8,4,-1,0,1,0,0,0,0,1,1,-1,9,1,50,8,2287,2,6,IVECO DAILY,3,E01026123,0,4
2024041441104,2024,041441104,1,19,0,-1,19,7,3,-1,0,0,0,0,0,0,1,1,-1,1,1,24,5,2287,2,13,IVECO DAILY,1,E01025298,0,1
2024010498687,2024,010498687,2,20,9,99,99,9,9,99,99,9,9,99,9,99,9,9,6,6,3,50,8,2998,2,5,IVECO DAILY,10,E01024150,0,3
2024421467494,2024,421467494,2,19,0,-1,3,3,7,-1,0,0,0,0,0,0,2,1,-1,1,1,27,6,2287,2,1,IVECO DAILY,5,E01022004,0,4
2024061485332,2024,061485332,1,19,0,-1,19,5,1,-1,9,0,0,0,0,0,4,1,-1,9,1,-1,-1,2287,2,0,IVECO DAILY,-1,-1,0,-1
2024302401046,2024,302401046,2,20,0,16,19,8,3,0,0,0,0,0,0,0,3,1,1,1,1,47,8,2998,2,8,IVECO DAILY,-1,-1,0,-1
2024501505243,2024,501505243,1,19,0,-1,19,4,8,-1,0,0,0,0,7,9,4,1,-1,1,1,28,6,2287,2,9,IVECO DAILY,5,E01019992,0,4
2024320751165,2024,320751165,2,20,0,2,2,0,0,0,0,0,0,0,0,0,0,1,1,1,1,55,8,2998,2,16,IVECO DAILY,7,E01034684,0,4
2024010543204,2024,010543204,2,19,0,4,4,5,1,0,0,1,0,0,0,0,0,1,1,1,1,25,5,2287,2,1,IVECO DAILY,1,E01024597,0,4
2024211478862,2024,211478862,4,19,0,-1,10,4,1,-1,0,0,0,0,0,0,2,1,-1,1,1,34,6,2998,2,1,IVECO DAILY,8,E01010487,0,4
2024351411894,2024,351411894,2,19,0,-1,3,-1,-1,-1,0,0,0,0,0,0,2,9,-1,1,1,64,9,2998,2,3,IVECO DAILY,4,E01005436,0,5
2024221481697,2024,221481697,2,19,0,-1,19,6,2,-1,0,6,0,0,0,0,1,1,-1,1,1,55,8,2287,2,2,IVECO DAILY,6,E01028979,0,4
2024471416023,2024,471416023,1,19,0,-1,13,8,4,-1,0,0,0,0,0,0,0,2,-1,1,1,55,8,2287,2,3,IVECO DAILY,9,E01021153,0,4
2024401440848,2024,401440848,2,19,0,-1,-1,-1,-1,-1,-1,0,-1,-1,-1,0,4,9,-1,1,1,65,9,2287,2,3,IVECO DAILY,10,E01023587,0,4
2024041464046,2024,041464046,1,19,0,-1,19,6,2,-1,0,0,0,0,0,0,1,9,-1,2,1,47,8,2287,2,14,IVECO DAILY,1,E01012736,0,1
2024302400063,2024,302400063,3,19,4,2,2,0,0,0,0,8,0,0,0,0,2,1,6,6,1,38,7,2287,2,1,IVECO DAILY,3,E01019484,0,2
2024522403452,2024,522403452,2,19,0,18,19,2,6,0,0,0,0,0,0,0,1,1,6,6,1,63,9,2287,2,7,IVECO DAILY,5,E01014886,0,3
2024070225361,2024,070225361,2,20,0,2,2,0,0,0,0,0,0,0,0,0,2,1,1,1,1,49,8,2998,2,5,IVECO DAILY,3,E01018731,0,3
2024211443663,2024,211443663,2,20,0,-1,6,3,3,-1,0,0,0,0,0,0,2,1,-1,1,1,62,9,2998,2,1,IVECO DAILY,-1,-1,0,-1
2024522401222,2024,522401222,2,19,0,18,19,4,8,0,0,1,0,0,0,0,1,1,1,1,1,54,8,2287,2,3,IVECO DAILY,8,E01000269,0,5
2024461429995,2024,461429995,1,19,4,-1,19,3,7,-1,0,2,0,0,7,0,0,1,-1,2,1,31,6,2287,2,1,IVECO DAILY,6,E01024117,0,4
2024991528242,2024,991528242,1,19,0,-1,19,8,5,-1,0,1,0,0,0,0,1,1,-1,1,1,21,5,2287,2,3,IVECO DAILY,2,-1,0,4
2024052401868,2024,052401868,2,19,0,18,19,1,5,0,0,0,0,0,0,0,4,1,6,6,1,61,9,2287,2,0,IVECO DAILY,1,E01007295,0,1
2024302401138,2024,302401138,1,19,0,16,19,3,5,0,0,0,1,0,0,0,1,1,1,1,1,29,6,2287,2,1,IVECO DAILY,9,E01025947,0,3
2024501520762,2024,501520762,3,20,0,-1,2,0,0,-1,0,0,0,0,0,0,2,1,-1,1,1,36,7,2287,2,0,IVECO DAILY,3,E01018974,0,3
2024010519286,2024,010519286,2,19,0,99,99,9,9,99,99,9,9,99,9,99,1,9,6,6,3,25,5,2287,2,3,IVECO DAILY,4,E01000997,0,1
2024451544001,2024,451544001,2,19,0,-1,19,1,5,-1,0,1,1,0,7,11,1,1,-1,1,1,46,8,2287,2,1,IVECO DAILY,5,E01000747,0,2
2024320556546,2024,320556546,1,19,0,-1,-1,7,3,0,0,0,0,0,0,0,1,1,1,1,1,40,7,2287,2,1,IVECO DAILY,9,E01026022,0,4
2024041436953,2024,041436953,3,19,0,-1,19,5,1,-1,0,0,0,0,0,0,1,1,-1,1,1,58,9,2287,2,5,IVECO DAILY,5,E01025228,0,1
2024351464712,2024,351464712,2,19,0,-1,4,1,5,-1,0,0,0,0,0,0,2,1,-1,6,3,-1,-1,2287,2,17,IVECO DAILY,-1,-1,0,-1
2024991439703,2024,991439703,2,20,0,-1,19,4,1,-1,0,0,0,0,0,0,1,1,-1,1,1,36,7,2998,2,8,IVECO DAILY,7,-1,0,5
2024430303576,2024,430303576,1,19,0,14,14,5,1,0,0,0,0,0,0,0,1,1,1,1,1,68,10,2287,2,1,IVECO DAILY,-1,-1,0,-1
2024461504994,2024,461504994,2,19,0,-1,19,4,8,-1,0,0,0,0,0,0,2,9,-1,6,1,34,6,2287,2,6,IVECO DAILY,2,E01024128,0,3
2024520002224,2024,520002224,2,20,0,3,3,-1,-1,0,0,0,0,0,0,0,2,1,6,6,3,-1,-1,2287,2,1,IVECO DAILY,-1,-1,0,-1
2024552400461,2024,552400461,1,19,0,9,9,8,7,0,0,5,0,0,0,0,3,1,1,1,1,61,9,2998,2,0,IVECO DAILY,8,E01015333,0,3
2024440344368,2024,440344368,2,19,0,18,19,6,2,0,0,1,0,0,0,0,1,1,1,1,1,38,7,2287,2,2,IVECO DAILY,5,E01023151,0,2
2024010524139,2024,010524139,1,19,0,99,99,9,9,99,99,9,9,99,9,99,9,9,6,6,1,30,6,2998,2,2,IVECO DAILY,4,E01015798,0,4
2024221420187,2024,221420187,1,10,0,-1,19,1,5,-1,0,1,0,0,0,0,4,9,-1,1,1,72,10,2998,2,14,IVECO DAILY,7,E01032126,0,1
2024401489609,2024,401489609,2,19,0,-1,19,5,2,-1,0,0,1,0,0,0,1,1,-1,1,1,34,6,2998,2,11,IVECO DAILY,6,E01015766,0,2
2024461509921,2024,461509921,3,19,0,-1,19,5,1,-1,0,8,0,0,0,0,1,1,-1,1,2,20,4,2287,2,0,IVECO DAILY,4,E01035005,0,4
2024411492746,2024,411492746,1,21,0,-1,4,3,7,-1,0,1,1,0,0,0,1,1,-1,1,1,26,6,2998,2,6,IVECO DAILY,1,E01002039,0,4
2024010538647,2024,010538647,1,19,0,18,19,3,7,0,0,8,0,4,0,0,1,1,6,6,1,35,6,2287,2,2,IVECO DAILY,4,E01003518,0,2
2024041525455,2024,041525455,1,19,0,-1,19,3,7,-1,0,0,0,0,0,0,1,1,-1,1,1,27,6,2287,2,0,IVECO DAILY,3,E01025111,0,1
2024010509914,2024,010509914,1,19,0,9,9,2,7,0,0,8,0,0,0,0,4,1,1,1,1,25,5,2287,2,3,IVECO DAILY,2,E01000743,0,2
2024991399564,2024,991399564,2,19,0,-1,2,8,5,-1,1,0,0,0,7,0,2,1,-1,6,-1,-1,-1,2287,2,3,IVECO DAILY,-1,-1,0,-1
2024201459505,2024,201459505,1,19,0,-1,19,2,6,-1,0,1,0,0,0,0,1,9,-1,1,1,50,8,2287,2,3,IVECO DAILY,5,E01009520,0,1
2024131430045,2024,131430045,1,19,0,-1,19,3,7,-1,0,0,0,4,0,0,4,1,-1,6,3,-1,-1,2287,2,8,IVECO DAILY,-1,-1,0,-1
2024371470987,2024,371470987,2,19,0,-1,19,8,4,-1,0,8,0,0,7,10,4,1,-1,1,1,28,6,2287,2,1,IVECO DAILY,10,E01030179,0,1
2024471531833,2024,471531833,1,19,0,-1,19,6,2,-1,0,0,1,0,0,0,1,1,-1,2,1,57,9,2998,2,3,IVECO DAILY,8,E01031821,0,4
2024440546552,2024,440546552,1,19,0,18,19,7,3,0,0,0,0,0,0,0,4,1,6,6,3,-1,-1,2287,2,0,IVECO DAILY,-1,-1,0,-1
2024421517907,2024,421517907,1,19,0,-1,19,3,7,-1,0,0,0,0,0,0,1,1,-1,6,1,-1,-1,2287,2,8,IVECO DAILY,-1,-1,0,-1
202460Q141543,2024,60Q141543,1,19,0,18,19,7,3,0,0,0,0,0,0,0,1,1,1,1,1,24,5,2287,2,2,IVECO DAILY,-1,-1,0,-1
2024111420623,2024,111420623,1,19,0,-1,19,4,8,-1,0,1,0,0,0,0,1,1,-1,1,1,40,7,2287,2,15,IVECO DAILY,-1,-1,0,-1
2024351481419,2024,351481419,1,19,0,-1,9,8,2,-1,0,0,0,0,0,0,2,1,-1,1,1,52,8,2287,2,0,IVECO DAILY,4,E01018044,0,1
2024010497710,2024,010497710,1,19,0,2,2,0,0,0,0,0,0,0,0,0,3,1,6,6,3,-1,-1,2287,2,3,IVECO DAILY,-1,-1,0,-1
2024010523835,2024,010523835,2,20,0,18,19,1,5,0,0,1,0,0,0,0,2,1,1,1,1,26,6,2287,2,1,IVECO DAILY,3,E01000152,0,3
2024010524877,2024,010524877,4,19,0,2,2,0,0,0,0,0,0,0,0,0,2,1,6,6,3,-1,-1,2998,2,4,IVECO DAILY,-1,-1,0,-1
2024531519594,2024,531519594,2,19,0,-1,19,6,2,-1,0,0,0,0,0,0,1,1,-1,1,1,64,9,2998,2,1,IVECO DAILY,5,E01034805,0,2
2024231457864,2024,231457864,1,19,0,-1,1,1,5,-1,0,0,0,0,0,0,2,1,-1,7,1,46,8,2287,2,8,IVECO DAILY,5,E01031106,0,1
2024131534696,2024,131534696,1,19,0,-1,19,1,5,-1,0,1,0,4,0,0,1,1,-1,9,1,35,6,2287,2,2,IVECO DAILY,1,E01011625,0,2
2024010509337,2024,010509337,1,19,0,9,9,3,1,0,0,1,0,0,0,0,1,1,1,1,1,34,6,2287,2,3,IVECO DAILY,6,E01003433,0,2
2024010555435,2024,010555435,2,20,2,99,99,9,9,99,99,9,9,99,9,99,9,9,6,6,3,34,6,2998,2,3,IVECO DAILY,-1,-1,0,-1
2024010506927,2024,010506927,1,19,0,9,9,1,8,0,0,1,0,0,0,0,3,1,1,1,1,60,9,2287,2,0,IVECO DAILY,10,E01023452,0,4
2024361519852,2024,361519852,4,19,4,-1,2,0,0,-1,0,0,0,0,0,0,0,1,-1,1,1,57,9,2287,2,0,IVECO DAILY,6,E01015814,0,5
2024070965605,2024,070965605,1,19,0,-1,2,0,0,-1,9,2,0,0,0,0,3,1,-1,1,1,31,6,2287,2,2,IVECO DAILY,2,E01014337,0,3
2024221472067,2024,221472067,1,20,0,-1,19,7,3,-1,0,0,0,0,0,0,1,1,-1,1,1,21,5,2998,2,13,IVECO DAILY,1,E01032424,0,1
2024061492814,2024,061492814,1,19,0,-1,19,1,1,-1,0,0,0,0,0,0,1,1,-1,2,1,29,6,2287,2,4,IVECO DAILY,5,E01005745,0,2
2024991500778,2024,991500778,2,19,0,-1,19,1,5,-1,0,0,5,0,7,0,2,1,-1,1,1,28,6,-1,-1,-1,IVECO DAILY,4,-1,0,1
2024451401846,2024,451401846,1,11,0,-1,19,5,5,-1,0,0,0,11,0,0,1,1,-1,1,1,48,8,2998,2,1,IVECO DAILY,4,E01031547,0,4
2024141480606,2024,141480606,2,19,0,-1,2,0,0,-1,0,1,0,0,0,0,1,1,-1,6,-1,-1,-1,2287,2,12,IVECO DAILY,-1,-1,0,-1
2024440044439,2024,440044439,3,19,0,18,19,6,2,0,0,1,0,0,0,0,1,1,2,2,1,28,6,2287,2,3,IVECO DAILY,4,E01017251,0,1
2024520402042,2024,520402042,2,19,0,18,19,5,1,0,0,2,0,0,0,0,2,1,6,6,1,31,6,2287,2,2,IVECO DAILY,5,E01029167,0,3
2024991518107,2024,991518107,1,19,0,-1,19,3,8,-1,0,0,5,0,0,0,3,1,-1,1,1,71,10,2287,2,1,IVECO DAILY,4,-1,0,4
2024201487148,2024,201487148,1,19,0,-1,9,4,2,-1,0,6,0,0,0,0,1,1,-1,1,1,48,8,2287,2,2,IVECO DAILY,2,E01022160,0,4
2024302400980,2024,302400980,4,19,0,3,3,8,4,0,0,0,0,0,0,0,2,1,1,1,1,35,6,2287,2,5,IVECO DAILY,3,E01019508,0,2
2024010516817,2024,010516817,2,19,0,18,19,8,4,0,0,8,0,0,0,0,1,1,1,1,1,37,7,2287,2,2,IVECO DAILY,8,E01017627,0,4
2024430132609,2024,430132609,1,21,0,18,19,1,5,0,0,0,0,0,0,0,1,1,6,6,1,38,7,12900,5,4,IVECO DAILY,1,E01009222,0,5
2024031500604,2024,031500604,1,19,0,-1,1,7,3,-1,0,0,0,0,0,0,2,1,-1,1,1,48,8,2287,2,2,IVECO DAILY,4,-1,0,4
2024131428291,2024,131428291,1,19,0,-1,7,5,7,-1,0,1,0,0,0,0,0,1,-1,1,1,46,8,2287,2,4,IVECO DAILY,8,E01007379,0,3
2024401434234,2024,401434234,4,19,0,-1,19,5,1,-1,0,0,0,0,0,0,1,1,-1,6,1,28,6,2287,2,3,IVECO DAILY,5,E01018183,0,4
2024010525551,2024,010525551,1,19,4,4,4,7,3,0,0,1,0,0,0,0,2,1,1,1,1,24,5,2300,2,19,IVECO DAILY,3,E01001311,0,2
2024320022613,2024,320022613,3,19,0,-1,-1,1,4,0,0,0,0,0,0,0,1,1,1,1,2,26,6,2287,2,4,IVECO DAILY,9,E01001018,0,5
2024351465710,2024,351465710,2,21,0,-1,19,1,2,-1,1,1,0,0,1,0,1,1,-1,1,1,25,5,2287,2,6,IVECO DAILY,7,E01018269,0,1
2024010505547,2024,010505547,1,20,0,4,4,5,1,0,0,1,0,4,0,0,1,1,6,6,1,28,6,2998,2,5,IVECO DAILY,1,E01001115,0,3
2024010533726,2024,010533726,2,19,0,3,3,1,5,0,0,3,0,0,0,0,2,1,1,1,1,55,8,2287,2,0,IVECO DAILY,8,E01024261,0,3
2024010504274,2024,010504274,2,19,9,18,19,9,9,99,99,9,9,99,0,0,9,9,6,6,3,-1,-1,2287,2,1,IVECO DAILY,-1,-1,0,-1
2024991438412,2024,991438412,1,19,0,-1,12,6,2,-1,0,0,0,0,5,6,2,1,-1,1,1,63,9,2287,2,1,IVECO DAILY,6,E01025562,0,5
2024440393759,2024,440393759,2,19,0,2,2,0,0,0,0,0,0,0,0,0,2,1,1,1,1,54,8,2287,2,1,IVECO DAILY,9,E01022282,0,5
2024430194734,2024,430194734,1,19,0,6,6,6,6,0,0,0,0,0,0,0,3,1,1,1,1,55,8,2287,2,0,IVECO DAILY,7,E01023074,0,4
2024361520418,2024,361520418,1,20,0,-1,19,3,7,-1,0,6,0,0,0,0,1,1,-1,1,1,33,6,-1,-1,-1,IVECO DAILY,3,E01027173,0,5
2024501464150,2024,501464150,2,20,0,-1,19,4,8,-1,0,0,0,0,0,0,1,1,-1,1,1,48,8,-1,-1,-1,IVECO DAILY,1,E01015023,0,4
2024531418535,2024,531418535,1,19,0,-1,7,3,7,-1,0,1,0,0,0,0,1,1,-1,1,1,20,4,2287,2,3,IVECO DAILY,9,E01022283,0,2
2024351414066,2024,351414066,1,19,0,-1,7,7,1,-1,0,8,0,0,0,0,1,9,-1,1,1,62,9,2287,2,3,IVECO DAILY,9,E01018010,0,1
2024070606668,2024,070606668,2,19,0,4,4,7,3,0,0,0,0,0,0,0,1,1,1,1,1,61,9,2287,2,1,IVECO DAILY,4,W01000314,0,4
2024340NN2932,2024,340NN2932,1,20,0,-1,19,1,5,-1,0,0,0,0,0,0,3,1,-1,1,1,49,8,2998,2,6,IVECO DAILY,2,E01033804,0,4
2024411406467,2024,411406467,1,19,0,-1,19,5,1,-1,0,0,0,0,0,0,1,1,-1,1,1,26,6,2287,2,2,IVECO DAILY,10,E01017626,0,4
2024411532277,2024,411532277,1,19,0,-1,19,5,1,-1,0,0,0,0,0,0,1,1,-1,1,1,61,9,2287,2,1,IVECO DAILY,8,E01028883,0,5
2024371474778,2024,371474778,1,19,0,-1,2,0,0,-1,0,0,0,0,0,0,1,1,-1,9,1,58,9,2300,2,20,IVECO DAILY,6,E01030154,0,1
2024131400096,2024,131400096,1,19,0,-1,7,6,4,-1,0,0,0,0,0,0,1,1,-1,1,1,39,7,2287,2,11,IVECO DAILY,1,E01011025,0,1
2024302401556,2024,302401556,1,19,0,4,4,8,4,0,0,1,0,0,0,0,3,1,2,2,1,26,6,2287,2,0,IVECO DAILY,2,E01019498,0,1
202460Q054556,2024,60Q054556,1,20,0,9,9,3,1,0,0,1,0,0,0,0,2,1,1,1,3,-1,-1,-1,-1,-1,IVECO DAILY,-1,-1,0,-1