collision_index,collision_year,collision_ref_no,vehicle_reference,vehicle_type,towing_and_articulation,vehicle_manoeuvre_historic,vehicle_manoeuvre,vehicle_direction_from,vehicle_direction_to,vehicle_location_restricted_lane_historic,vehicle_location_restricted_lane,junction_location,skidding_and_overturning,hit_object_in_carriageway,vehicle_leaving_carriageway,hit_object_off_carriageway,first_point_of_impact,vehicle_left_hand_drive,journey_purpose_of_driver_historic,journey_purpose_of_driver,sex_of_driver,age_of_driver,age_band_of_driver,engine_capacity_cc,propulsion_code,age_of_vehicle,generic_make_model,driver_imd_decile,lsoa_of_driver,escooter_flag,driver_distance_banding
2024131486903,2024,131486903,3,90,0,-1,19,1,5,-1,0,1,0,0,0,0,1,1,-1,1,1,60,9,2998,2,6,IVECO DAILY,3,E01011333,0,3
2024991397370,2024,991397370,1,19,0,-1,19,7,3,-1,0,0,0,0,0,0,1,1,-1,1,1,30,6,2287,2,1,IVECO DAILY,4,E01027389,0,4
2024141489783,2024,141489783,1,19,0,-1,9,6,4,-1,0,5,0,0,0,0,1,9,-1,6,1,45,7,2998,2,1,IVECO DAILY,-1,-1,0,-1
2024311412476,2024,311412476,2,19,0,-1,19,6,8,-1,0,0,1,0,0,0,1,1,-1,1,1,32,6,2287,2,11,IVECO DAILY,6,E01026199,0,3
2024010499854,2024,010499854,1,19,0,9,9,5,3,0,0,5,0,0,0,0,4,1,1,1,1,22,5,2287,2,3,IVECO DAILY,-1,-1,0,-1
2024430498106,2024,430498106,1,20,0,18,19,7,3,0,0,0,0,0,0,0,4,1,6,6,3,-1,-1,2998,2,11,IVECO DAILY,-1,-1,0,-1
2024211487103,2024,211487103,4,20,4,-1,19,1,5,-1,0,1,0,0,0,0,-1,1,-1,1,1,34,6,-1,-1,-1,IVECO DAILY,3,E01019675,0,4
2024421448880,2024,421448880,2,19,0,-1,19,7,3,-1,0,8,0,0,0,0,1,9,-1,1,1,44,7,-1,-1,-1,IVECO DAILY,7,E01021343,0,3
2024631492034,2024,631492034,1,19,4,-1,19,6,2,-1,0,8,0,0,0,0,1,1,-1,6,1,45,7,2287,2,13,IVECO DAILY,9,W01000715,0,4
2024061434863,2024,061434863,2,19,0,-1,19,6,2,-1,0,0,0,0,0,0,1,1,-1,6,3,-1,-1,2287,2,7,IVECO DAILY,-1,-1,0,-1
2024451419875,2024,451419875,1,20,0,-1,99,1,5,-1,99,0,9,99,9,99,4,1,-1,6,1,29,6,2287,2,2,IVECO DAILY,7,E01001084,0,3
2024440442850,2024,440442850,2,19,0,2,2,0,0,0,0,0,0,0,0,0,2,1,2,2,1,40,7,2287,2,11,IVECO DAILY,2,E01017051,0,2
2024471471505,2024,471471505,3,19,0,-1,2,1,5,-1,0,1,0,0,0,0,4,1,-1,1,1,63,9,2287,2,3,IVECO DAILY,8,E01030529,0,3
2024010550705,2024,010550705,1,19,4,18,19,1,5,0,0,8,0,0,0,0,0,1,1,1,1,50,8,2287,2,3,IVECO DAILY,3,E01000435,0,4
2024131490521,2024,131490521,3,19,0,-1,2,7,3,-1,0,0,0,0,0,0,3,1,-1,6,-1,-1,-1,2287,2,11,IVECO DAILY,-1,-1,0,-1
2024401450319,2024,401450319,1,19,0,-1,4,1,5,-1,0,0,0,0,0,0,1,1,-1,1,1,42,7,2287,2,0,IVECO DAILY,3,E01011260,0,5
2024430423725,2024,430423725,2,20,4,17,19,7,3,0,0,8,0,0,0,0,2,1,1,1,1,51,8,2998,2,2,IVECO DAILY,4,E01028471,0,3
2024421432537,2024,421432537,2,20,0,-1,19,1,6,-1,0,3,0,7,0,0,1,9,-1,1,1,55,8,2998,2,1,IVECO DAILY,6,E01026452,0,4
2024991484041,2024,991484041,1,19,0,-1,19,1,5,-1,0,0,2,0,3,0,1,1,-1,1,1,66,10,2287,2,0,IVECO DAILY,-1,-1,0,-1
2024052402842,2024,052402842,2,19,0,9,9,5,3,0,0,8,0,0,0,0,3,1,1,1,1,42,7,2287,2,6,IVECO DAILY,6,E01006304,0,4
2024631498084,2024,631498084,2,19,0,-1,19,3,7,-1,0,0,0,0,2,10,3,1,-1,1,1,46,8,2287,2,1,IVECO DAILY,4,E01019824,0,5
2024031393911,2024,031393911,2,20,0,-1,19,3,7,-1,0,0,0,0,0,0,2,1,-1,1,1,41,7,2998,2,2,IVECO DAILY,-1,-1,0,-1
2024631481201,2024,631481201,1,19,0,-1,2,0,0,-1,0,0,0,0,0,0,3,1,-1,6,3,-1,-1,2287,2,4,IVECO DAILY,-1,-1,0,-1
2024421417599,2024,421417599,1,19,0,-1,5,5,1,-1,0,0,0,0,0,0,1,1,-1,1,1,59,9,2287,2,1,IVECO DAILY,10,E01021958,0,2
2024070376783,2024,070376783,2,19,0,18,19,5,1,0,0,8,0,0,0,0,1,1,1,1,1,60,9,-1,-1,-1,IVECO DAILY,3,E01018435,0,2
2024010521371,2024,010521371,1,19,0,9,9,4,1,0,0,1,0,0,3,0,1,1,1,1,1,63,9,2998,2,5,IVECO DAILY,3,E01001669,0,3
2024371479153,2024,371479153,1,19,0,-1,19,6,3,-1,0,0,1,0,1,0,1,1,-1,9,1,19,4,2287,2,10,IVECO DAILY,5,E01030130,0,3
2024010518432,2024,010518432,1,19,0,5,5,0,1,4,4,2,0,0,0,0,1,1,1,1,1,34,6,2287,2,1,IVECO DAILY,10,E01017755,0,3
2024131415658,2024,131415658,2,20,0,-1,19,7,3,-1,0,0,1,0,0,0,1,1,-1,1,1,42,7,2998,2,5,IVECO DAILY,4,E01010603,0,4
2024201441035,2024,201441035,1,20,4,-1,19,4,8,-1,0,0,0,0,0,0,1,9,-1,6,1,33,6,2287,2,2,IVECO DAILY,2,E01009742,0,3
2024131492116,2024,131492116,2,19,0,-1,19,1,1,-1,0,8,0,0,0,0,2,1,-1,1,1,65,9,2287,2,0,IVECO DAILY,5,E01011736,0,2
2024010540398,2024,010540398,2,20,0,4,4,7,3,0,0,0,0,0,0,0,2,1,1,1,1,29,6,2998,2,6,IVECO DAILY,8,E01021347,0,4
2024010517911,2024,010517911,2,19,0,99,99,9,9,99,99,0,9,99,9,99,1,9,6,6,3,-1,-1,2287,2,9,IVECO DAILY,-1,-1,0,-1
2024221445160,2024,221445160,1,19,0,-1,19,2,6,-1,0,8,0,0,0,0,1,9,-1,1,1,24,5,2287,2,3,IVECO DAILY,6,E01022235,0,4
2024010499661,2024,010499661,1,19,0,9,9,5,3,0,0,6,0,0,0,0,1,1,1,1,1,41,7,2287,2,5,IVECO DAILY,6,E01024425,0,4
2024111436294,2024,111436294,1,19,0,-1,19,5,1,-1,0,0,0,0,0,0,1,1,-1,2,1,31,6,2287,2,14,IVECO DAILY,2,E01020788,0,4
2024302400951,2024,302400951,3,19,0,4,4,6,2,0,0,2,0,0,0,0,2,1,6,6,1,55,8,-1,-1,-1,IVECO DAILY,6,E01014297,0,4
2024471442116,2024,471442116,1,20,0,-1,5,3,7,-1,9,6,0,0,0,0,4,1,-1,6,3,-1,-1,2287,2,9,IVECO DAILY,-1,-1,0,-1
2024421409395,2024,421409395,1,20,0,-1,7,2,4,-1,0,6,0,0,0,0,3,1,-1,6,1,61,9,2998,2,4,IVECO DAILY,3,E01002045,0,4
2024351399332,2024,351399332,3,19,0,-1,19,7,3,-1,0,0,0,0,0,0,3,9,-1,1,1,33,6,2287,2,3,IVECO DAILY,9,E01018199,0,3
2024010507052,2024,010507052,2,19,0,5,5,1,5,0,0,0,0,0,0,0,1,1,6,6,1,53,8,2287,2,8,IVECO DAILY,2,E01024165,0,3
2024501467083,2024,501467083,3,19,0,-1,19,5,1,-1,0,0,0,0,0,0,1,1,-1,1,1,39,7,2287,2,1,IVECO DAILY,5,W01002004,0,5
2024501422444,2024,501422444,1,19,0,-1,19,8,4,-1,0,0,2,0,1,10,1,1,-1,1,1,37,7,2287,2,7,IVECO DAILY,7,E01034624,0,3
2024471403176,2024,471403176,2,19,0,-1,19,4,8,-1,0,1,0,0,0,0,1,1,-1,1,1,25,5,2287,2,14,IVECO DAILY,8,E01031781,0,1
2024122400763,2024,122400763,1,19,0,16,19,5,1,0,0,0,0,0,0,0,1,1,6,6,1,25,5,2998,2,6,IVECO DAILY,8,E01027617,0,1
2024522402440,2024,522402440,1,19,0,4,4,8,4,0,0,8,0,0,0,0,2,1,6,6,1,36,7,2287,2,1,IVECO DAILY,8,E01032672,0,4
2024131513151,2024,131513151,1,19,0,-1,19,1,5,-1,0,0,0,0,0,0,1,1,-1,1,1,66,10,2998,2,1,IVECO DAILY,1,E01010721,0,2
2024411475037,2024,411475037,1,19,1,-1,19,6,5,-1,0,0,0,0,0,0,1,1,-1,1,1,29,6,2287,2,6,IVECO DAILY,8,E01018152,0,4
2024340WN1452,2024,340WN1452,1,19,0,-1,5,1,5,-1,0,8,0,0,0,0,4,1,-1,1,1,41,7,2287,2,5,IVECO DAILY,5,E01026715,0,4
2024552400416,2024,552400416,1,19,0,7,7,4,6,4,4,5,0,0,0,0,4,1,1,1,1,54,8,2998,2,8,IVECO DAILY,-1,-1,0,-1
2024141503189,2024,141503189,1,19,0,-1,7,3,5,-1,0,2,0,0,0,0,3,1,-1,9,1,51,8,2287,2,15,IVECO DAILY,1,E01007506,0,1
2024351414201,2024,351414201,2,19,0,-1,9,8,6,-1,0,5,0,0,0,0,3,1,-1,6,1,62,9,2287,2,16,IVECO DAILY,9,E01018216,0,2
2024010512369,2024,010512369,1,19,0,18,19,3,7,0,0,2,0,0,0,0,2,1,1,1,1,56,9,2287,2,3,IVECO DAILY,5,E01017947,0,4
2024421458659,2024,421458659,1,19,0,-1,19,7,3,-1,0,0,0,4,0,0,1,1,-1,1,1,24,5,2287,2,1,IVECO DAILY,9,E01021634,0,1
2024061489194,2024,061489194,1,19,0,-1,99,6,1,-1,0,0,0,0,0,0,1,1,-1,6,1,-1,-1,2287,2,1,IVECO DAILY,-1,-1,0,-1
2024631493718,2024,631493718,1,20,4,-1,19,5,8,-1,0,0,2,0,7,0,1,1,-1,1,1,40,7,2998,2,5,IVECO DAILY,4,E01035078,0,4
2024041499904,2024,041499904,3,19,0,-1,19,3,7,-1,0,0,0,0,0,0,2,1,-1,6,1,28,6,2287,2,0,IVECO DAILY,7,E01025155,0,1
2024010500967,2024,010500967,2,21,0,18,19,3,7,0,0,0,1,0,0,0,4,1,1,1,1,53,8,2287,2,10,IVECO DAILY,6,E01023927,0,4
2024311439446,2024,311439446,1,19,0,-1,20,6,2,-1,9,1,0,0,0,0,1,2,-1,1,1,65,9,2998,2,5,IVECO DAILY,2,E01028279,0,3
2024041480516,2024,041480516,1,19,0,-1,19,3,7,-1,0,0,0,0,0,0,1,1,-1,1,1,57,9,2287,2,2,IVECO DAILY,1,E01012619,0,2
2024010547138,2024,010547138,2,19,0,99,99,9,9,99,99,9,9,99,9,99,2,9,6,6,3,-1,-1,2287,2,4,IVECO DAILY,-1,-1,0,-1
2024041430920,2024,041430920,1,20,0,-1,19,6,2,-1,0,1,0,0,0,0,1,1,-1,1,1,50,8,2998,2,2,IVECO DAILY,2,E01012534,0,4
2024522403158,2024,522403158,2,20,0,17,19,4,2,0,0,8,0,0,0,0,1,1,1,1,3,-1,-1,2287,2,9,IVECO DAILY,-1,-1,0,-1
2024421435777,2024,421435777,2,19,0,-1,19,3,7,-1,0,0,0,0,0,0,1,1,-1,1,1,40,7,2287,2,3,IVECO DAILY,6,E01021356,0,1
2024421512457,2024,421512457,2,19,0,-1,2,0,0,-1,0,2,0,0,0,0,3,1,-1,6,3,-1,-1,2287,2,2,IVECO DAILY,-1,-1,0,-1
2024361544885,2024,361544885,1,5,0,-1,4,1,5,-1,0,1,0,0,0,0,0,1,-1,9,1,62,9,676,1,25,-1,7,E01026593,0,1
2024471519408,2024,471519408,2,5,0,-1,19,3,7,-1,0,1,0,0,0,0,3,1,-1,9,2,22,5,773,1,9,-1,3,E01021050,0,1
2024031444160,2024,031444160,2,5,0,-1,19,2,6,-1,0,0,2,10,0,0,0,1,-1,6,1,57,9,676,1,24,-1,6,E01019145,0,2
2024461440840,2024,461440840,2,5,0,-1,19,7,3,-1,0,4,0,0,0,0,0,1,-1,6,1,74,10,676,1,25,-1,6,E01024022,0,1
2024501450848,2024,501450848,1,5,0,-1,13,6,2,-1,0,0,2,0,0,0,0,1,-1,6,1,76,11,676,1,23,-1,4,E01018913,0,2
2024221484919,2024,221484919,1,9,0,-1,19,6,8,-1,0,0,1,0,7,4,1,1,-1,6,1,58,9,2174,1,36,-1,4,E01014161,0,2
2024010517797,2024,010517797,4,9,0,-1,-1,3,7,0,0,1,0,0,0,0,0,1,6,6,1,22,5,3799,1,5,-1,5,E01003757,0,3
2024010543176,2024,010543176,1,9,0,4,4,5,1,0,0,1,0,0,0,0,2,1,6,6,1,43,7,1999,8,0,-1,6,E01001419,0,1
2024010524750,2024,010524750,2,9,0,4,4,7,3,0,0,2,0,0,0,0,2,1,6,6,1,38,7,1950,2,0,-1,5,E01002520,0,4
2024101470766,2024,101470766,1,9,0,-1,9,1,5,-1,0,8,0,0,0,0,1,1,-1,6,1,63,9,1849,2,9,-1,3,E01008451,0,1
2024041421447,2024,041421447,1,9,0,-1,5,5,1,-1,0,8,0,0,0,0,3,1,-1,2,2,36,7,1796,1,12,-1,2,E01024902,0,1
2024501493227,2024,501493227,2,9,0,-1,19,6,2,-1,0,0,0,0,0,0,1,1,-1,6,1,48,8,1798,1,11,-1,4,E01020321,0,1
2024991512745,2024,991512745,1,9,0,-1,5,3,7,-1,0,0,0,0,0,0,1,1,-1,6,1,34,6,1798,1,12,-1,5,-1,0,3
2024010532732,2024,010532732,1,9,0,9,9,1,7,0,0,6,0,0,0,0,1,1,6,6,1,24,5,1796,1,11,-1,3,E01001262,0,1
2024361496939,2024,361496939,1,9,0,-1,19,-1,-1,-1,0,0,0,0,0,0,-1,1,-1,6,1,62,9,1796,1,12,-1,1,E01026595,0,1
2024221471561,2024,221471561,1,9,0,-1,9,5,3,-1,0,4,0,0,0,0,3,9,-1,1,1,53,8,1849,2,10,-1,4,E01025556,0,5
2024631407324,2024,631407324,1,9,0,-1,13,6,2,-1,0,0,1,0,7,10,1,1,-1,6,1,44,7,1798,1,12,-1,4,W01001314,0,4
2024211454092,2024,211454092,1,9,0,-1,5,5,1,-1,0,1,0,0,0,0,1,1,-1,9,2,62,9,1796,1,12,-1,3,E01029553,0,1
2024061444874,2024,061444874,2,9,0,-1,19,2,5,-1,0,8,0,0,0,0,1,1,-1,9,1,25,5,1499,1,6,-1,3,E01025379,0,2
2024161427741,2024,161427741,5,9,0,-1,19,2,6,-1,0,1,0,0,0,0,1,1,-1,9,2,32,6,1499,1,7,-1,5,E01007640,0,4
2024451534672,2024,451534672,2,9,0,-1,3,2,6,-1,0,0,0,0,0,0,4,1,-1,9,2,55,8,1499,1,7,-1,8,E01022492,0,3
2024451493437,2024,451493437,1,9,0,-1,15,5,7,-1,0,0,0,0,0,0,3,1,-1,2,2,22,5,1499,1,6,-1,7,E01021913,0,4
2024622400845,2024,622400845,1,9,0,16,19,4,8,0,0,0,0,4,0,0,1,1,6,6,1,18,4,1499,1,7,-1,4,W01001176,0,1
2024351521052,2024,351521052,2,3,0,-1,3,3,5,-1,0,0,0,0,0,0,1,1,-1,6,1,22,5,125,1,2,-1,3,E01015667,0,1
2024231528141,2024,231528141,1,3,0,-1,13,6,2,-1,0,0,1,0,0,0,4,1,-1,9,1,49,8,125,1,9,-1,2,E01031066,0,1
2024302401223,2024,302401223,2,5,0,16,19,1,4,0,0,3,1,0,0,0,3,1,6,6,1,76,11,1783,1,14,-1,6,E01007836,0,3
2024010541164,2024,010541164,3,9,0,2,2,0,0,0,0,1,0,0,0,0,2,1,6,6,3,-1,-1,2861,1,29,-1,-1,-1,0,-1
2024231518049,2024,231518049,2,2,0,-1,19,1,4,-1,0,8,0,0,0,0,1,1,-1,6,1,16,4,49,1,19,-1,9,E01031302,0,1
2024461416257,2024,461416257,1,2,0,-1,13,8,4,-1,0,1,1,0,0,0,1,1,-1,9,1,18,4,49,1,11,-1,4,E01035319,0,2
2024320357007,2024,320357007,1,3,0,7,7,2,6,0,0,2,5,0,0,0,1,1,6,6,1,16,4,-1,-1,-1,-1,2,E01026142,0,1
2024311461700,2024,311461700,2,2,0,-1,19,1,5,-1,0,8,0,0,0,0,1,1,-1,6,1,25,5,49,1,16,-1,4,E01027996,0,1
2024543547024,2024,543547024,1,9,0,18,19,8,4,0,0,8,0,0,1,1,4,1,6,6,1,31,6,3993,1,8,-1,10,E01031966,0,2
2024451475713,2024,451475713,1,9,0,-1,1,5,1,-1,9,0,0,0,0,0,2,9,-1,6,1,55,8,5204,1,17,-1,10,E01030404,0,1
2024061506223,2024,061506223,1,9,0,-1,19,2,6,-1,0,1,0,0,0,0,1,1,-1,9,1,22,5,3996,1,2,-1,10,E01018590,0,3
2024010524095,2024,010524095,1,9,0,18,19,1,5,0,0,0,0,0,0,0,1,1,6,6,2,57,9,3996,1,1,-1,8,E01000253,0,1
2024991444869,2024,991444869,1,9,0,-1,19,3,7,-1,0,0,0,0,0,0,4,1,-1,6,1,56,9,3996,1,2,-1,-1,-1,0,-1
2024440231328,2024,440231328,3,9,0,10,10,7,5,0,0,1,0,0,0,0,2,1,6,6,2,22,5,998,1,35,-1,6,E01022737,0,2
2024010532249,2024,010532249,2,9,0,18,19,3,7,0,0,0,0,0,0,0,1,1,6,6,1,31,6,998,1,41,-1,4,E01024134,0,4
2024320228766,2024,320228766,1,9,0,4,4,7,3,0,0,0,0,0,0,0,3,1,-1,-1,1,46,8,-1,3,1,BMW IX3,6,E01025874,0,4
2024052402734,2024,052402734,2,9,0,9,9,7,5,0,0,8,0,0,0,0,1,1,2,2,2,45,7,-1,3,1,BMW IX3,2,E01007178,0,2
2024421400466,2024,421400466,1,9,0,-1,2,7,1,-1,-1,0,0,7,1,0,1,2,-1,9,2,49,8,-1,3,1,BMW IX3,6,E01021750,0,1
2024361397522,2024,361397522,1,9,0,-1,19,7,3,-1,0,1,0,0,0,0,3,9,-1,2,1,50,8,-1,3,1,BMW IX3,9,E01018209,0,4
2024371498569,2024,371498569,2,9,0,-1,10,5,2,-1,0,1,0,0,0,0,2,1,-1,9,1,32,6,-1,3,3,BMW IX3,8,E01030009,0,1
2024991409551,2024,991409551,1,9,0,-1,9,1,7,-1,0,6,0,0,0,0,2,1,-1,9,1,66,10,-1,3,2,BMW IX3,10,-1,0,1
2024010516972,2024,010516972,1,9,0,18,19,3,7,0,0,0,0,0,0,0,4,1,3,7,1,48,8,-1,3,1,BMW IX3,6,E01001288,0,1
2024440519786,2024,440519786,1,9,0,18,19,3,7,0,0,2,0,0,0,0,1,1,1,1,1,57,9,-1,3,2,BMW IX3,-1,-1,0,-1
2024471476242,2024,471476242,1,9,0,-1,19,1,5,-1,0,1,0,0,0,0,3,1,-1,9,2,60,9,-1,3,1,BMW IX3,10,E01021026,0,1
2024440302537,2024,440302537,1,9,0,9,9,3,2,0,0,1,0,0,0,0,1,1,6,6,2,43,7,-1,3,3,BMW IX3,7,E01030694,0,4
2024540611324,2024,540611324,1,9,0,18,19,8,4,0,0,5,0,0,0,0,4,1,1,1,1,44,7,-1,3,1,BMW IX3,7,E01034789,0,4
2024111468450,2024,111468450,3,9,0,-1,19,7,3,-1,0,0,0,0,0,0,1,1,-1,1,1,39,7,-1,3,1,BMW IX3,2,E01020860,0,3
2024131487764,2024,131487764,1,9,0,-1,19,8,4,-1,0,0,0,0,0,0,2,1,-1,9,2,34,6,-1,3,1,BMW IX3,1,E01011235,0,2
2024320702877,2024,320702877,1,9,0,-1,-1,2,6,0,0,0,1,0,1,9,1,1,6,6,2,35,6,-1,3,1,BMW IX3,9,E01026346,0,3
2024451416550,2024,451416550,2,9,0,-1,5,1,5,-1,0,6,0,0,0,0,1,9,-1,9,1,55,8,-1,3,1,BMW IX3,9,E01031001,0,1
2024161476359,2024,161476359,1,9,0,-1,4,7,3,-1,0,0,0,0,0,0,2,1,-1,2,1,34,6,-1,3,0,BMW IX3,10,E01027914,0,4
2024131406226,2024,131406226,2,9,0,-1,19,1,5,-1,0,1,0,0,1,4,4,1,-1,9,1,35,6,-1,3,1,BMW IX3,7,E01011635,0,1
2024061431259,2024,061431259,1,9,0,-1,-1,-1,-1,-1,-1,0,-1,-1,-1,0,-1,9,-1,6,3,-1,-1,-1,3,1,BMW IX3,-1,-1,0,-1
2024522403308,2024,522403308,1,9,0,9,9,4,2,0,0,1,0,0,0,0,3,1,6,6,1,54,8,-1,3,1,BMW IX3,10,E01035211,0,3
2024010547634,2024,010547634,3,9,0,2,2,0,0,0,0,0,0,0,0,0,0,1,6,6,3,-1,-1,-1,3,0,BMW IX3,-1,-1,0,-1
2024010518163,2024,010518163,2,9,0,99,99,9,9,99,99,9,9,99,9,99,1,9,6,6,1,35,6,-1,3,1,BMW IX3,1,E01001358,0,1
2024141475686,2024,141475686,1,9,0,-1,19,3,7,-1,0,0,0,0,0,0,3,1,-1,6,1,27,6,-1,3,3,BMW IX3,5,E01032551,0,1
2024141436038,2024,141436038,1,9,0,-1,19,6,3,-1,0,6,0,0,0,0,4,1,-1,2,1,39,7,-1,3,1,BMW IX3,7,E01008140,0,1
2024052401502,2024,052401502,2,9,0,18,19,1,5,0,0,4,0,0,0,0,3,1,6,6,1,38,7,-1,3,2,BMW IX3,1,E01006644,0,1
2024221486417,2024,221486417,2,9,0,-1,19,8,4,-1,0,0,0,0,0,0,1,1,-1,6,1,17,4,-1,3,1,BMW IX3,3,E01010105,0,4
2024201456353,2024,201456353,1,9,0,-1,4,7,3,-1,0,1,1,0,0,0,1,9,-1,1,1,43,7,-1,3,3,BMW IX3,6,E01010184,0,2
2024221450706,2024,221450706,2,9,0,-1,3,1,5,-1,0,0,1,0,0,0,3,1,-1,6,2,41,7,-1,3,1,BMW IX3,5,E01032340,0,1
2024010549301,2024,010549301,1,9,0,18,19,7,3,0,0,8,0,0,0,0,1,1,6,6,1,34,6,-1,3,1,BMW IX3,8,E01000388,0,3
2024201442433,2024,201442433,1,9,0,-1,19,6,2,-1,0,8,0,0,0,0,1,9,-1,6,1,34,6,-1,3,1,BMW IX3,5,E01009598,0,1
2024122400811,2024,122400811,1,9,0,1,1,7,3,0,0,0,0,0,0,0,2,1,6,6,2,55,8,-1,3,1,BMW IX3,10,E01011649,0,3
2024010521562,2024,010521562,2,9,0,99,99,9,9,99,99,9,9,99,9,99,9,9,6,6,2,35,6,-1,3,1,BMW IX3,8,E01002658,0,2
2024141397966,2024,141397966,2,9,0,-1,9,7,4,-1,0,0,0,0,0,0,1,9,-1,6,1,-1,-1,-1,3,3,BMW IX3,8,E01007925,0,1
2024522401249,2024,522401249,4,9,0,18,19,6,2,0,0,0,0,0,0,0,4,1,6,6,1,49,8,-1,3,2,BMW IX3,8,E01032059,0,3
2024320449877,2024,320449877,1,9,0,13,13,4,8,0,0,8,0,0,1,2,1,1,6,6,1,59,9,-1,3,3,BMW IX3,6,E01020608,0,5
2024451460950,2024,451460950,2,9,9,-1,19,1,4,-1,0,1,0,0,0,0,1,1,-1,6,3,-1,-1,-1,3,2,BMW IX3,-1,-1,0,-1
2024052402627,2024,052402627,3,9,0,4,4,1,5,0,0,0,0,0,0,0,2,1,6,6,1,60,9,-1,3,1,BMW IX3,1,E01006950,0,1
2024531441242,2024,531441242,2,9,0,-1,3,2,6,-1,0,0,0,0,0,0,2,1,-1,9,1,56,9,-1,3,2,BMW IX3,8,E01020375,0,5
2024010493877,2024,010493877,2,9,0,9,9,6,4,0,0,5,0,0,0,0,3,1,6,6,1,35,6,-1,3,1,BMW IX3,10,E01000896,0,1
2024101441737,2024,101441737,1,9,0,-1,19,5,8,-1,0,0,0,0,0,0,1,1,-1,6,2,40,7,-1,3,2,BMW IX3,2,E01008481,0,1
2024430021050,2024,430021050,2,9,0,18,19,6,2,0,0,2,1,0,1,0,1,1,3,7,2,35,6,-1,3,1,BMW IX3,-1,-1,0,-1
2024471502950,2024,471502950,1,4,0,-1,19,1,6,-1,0,0,0,0,0,0,1,1,-1,2,1,19,4,583,1,32,-1,9,E01031622,0,3
2024430209901,2024,430209901,1,9,0,9,9,3,2,0,0,4,0,0,0,0,1,1,6,6,1,17,4,1341,1,21,-1,8,E01017910,0,1
2024552500034,2024,552500034,1,9,0,18,19,6,2,0,0,0,0,0,0,0,1,1,6,6,3,-1,-1,1341,1,19,-1,-1,-1,0,-1
2024461521452,2024,461521452,1,9,0,-1,5,4,8,-1,0,0,0,0,0,0,1,9,-1,6,1,48,8,1599,1,20,-1,4,E01024586,0,1
2024991468594,2024,991468594,3,9,0,-1,8,2,4,-1,0,6,0,0,0,0,3,1,-1,9,2,19,4,1599,1,19,-1,2,-1,0,1
2024471413504,2024,471413504,2,9,0,-1,4,5,1,-1,0,0,0,0,0,0,2,1,-1,9,2,36,7,1341,1,23,-1,8,E01021233,0,1
2024520402993,2024,520402993,2,3,0,18,19,2,4,0,0,8,0,0,0,0,1,1,6,6,1,17,4,124,1,15,-1,6,E01029020,0,3
2024201413519,2024,201413519,2,3,0,-1,15,8,4,-1,0,1,0,0,0,0,1,1,-1,6,1,24,5,124,1,16,-1,10,E01032140,0,3
2024201443192,2024,201443192,1,9,0,-1,19,1,5,-1,0,0,0,0,0,0,3,9,-1,6,3,-1,-1,3996,1,1,-1,-1,-1,0,-1
2024010532262,2024,010532262,2,9,0,10,10,1,7,0,0,1,0,0,0,0,1,9,6,6,3,-1,-1,3996,1,0,-1,3,E01023555,0,4
2024451477709,2024,451477709,3,9,0,-1,19,7,3,-1,0,0,0,0,0,0,0,1,-1,6,1,43,7,3996,1,2,-1,4,E01030852,0,1
2024010497497,2024,010497497,1,9,0,18,19,4,8,0,0,0,0,4,0,0,1,1,6,6,1,-1,-1,3996,1,5,-1,-1,-1,0,-1
2024522402336,2024,522402336,2,19,0,18,19,4,8,0,0,1,0,0,0,0,1,1,6,6,3,-1,-1,1900,2,22,-1,-1,-1,0,-1
2024361524211,2024,361524211,1,9,0,-1,9,8,5,-1,0,1,0,0,0,0,1,1,-1,9,2,76,11,1587,1,21,PEUGEOT 206,3,E01026802,0,1
2024231460948,2024,231460948,2,9,0,-1,19,6,2,-1,0,8,0,0,0,0,1,1,-1,9,2,60,9,1398,2,18,PEUGEOT 206,8,E01031223,0,4
2024332401005,2024,332401005,2,9,0,-1,2,0,0,-1,9,0,0,0,0,0,4,1,-1,6,3,-1,-1,1360,1,20,PEUGEOT 206,-1,-1,0,-1
2024440407038,2024,440407038,2,9,0,18,19,2,6,0,0,8,0,0,0,0,4,1,1,1,1,23,5,1398,2,18,PEUGEOT 206,2,E01017272,0,1
2024461465650,2024,461465650,2,9,0,-1,10,5,7,-1,0,0,0,0,0,0,3,9,-1,6,2,47,8,1360,1,20,PEUGEOT 206,5,E01024571,0,1
2024471434582,2024,471434582,1,9,0,-1,19,3,7,-1,0,1,0,12,7,4,1,1,-1,9,1,26,6,1360,1,21,PEUGEOT 206,5,E01021116,0,1
2024041453228,2024,041453228,1,9,0,-1,9,1,5,-1,0,8,0,0,0,0,3,1,-1,9,1,93,11,1360,1,19,PEUGEOT 206,10,E01025414,0,1
2024552400202,2024,552400202,1,9,0,9,9,7,5,0,0,6,0,0,0,0,4,1,6,6,1,54,8,1124,1,20,PEUGEOT 206,6,E01020437,0,1
2024461432991,2024,461432991,1,9,0,-1,3,5,1,-1,0,4,0,0,0,0,1,9,-1,6,2,35,6,1587,1,17,PEUGEOT 206,7,E01024232,0,2
2024201514177,2024,201514177,2,9,0,-1,19,3,7,-1,0,2,0,0,0,0,3,1,-1,6,1,40,7,1587,1,18,PEUGEOT 206,1,E01009152,0,1