collision_index,collision_year,collision_ref_no,vehicle_reference,vehicle_type,towing_and_articulation,vehicle_manoeuvre_historic,vehicle_manoeuvre,vehicle_direction_from,vehicle_direction_to,vehicle_location_restricted_lane_historic,vehicle_location_restricted_lane,junction_location,skidding_and_overturning,hit_object_in_carriageway,vehicle_leaving_carriageway,hit_object_off_carriageway,first_point_of_impact,vehicle_left_hand_drive,journey_purpose_of_driver_historic,journey_purpose_of_driver,sex_of_driver,age_of_driver,age_band_of_driver,engine_capacity_cc,propulsion_code,age_of_vehicle,generic_make_model,driver_imd_decile,lsoa_of_driver,escooter_flag,driver_distance_banding
2024131448545,2024,131448545,1,9,0,-1,9,3,1,-1,0,8,0,0,0,0,1,1,-1,9,1,46,8,1398,2,20,PEUGEOT 206,1,E01011134,0,3
2024451494291,2024,451494291,2,9,0,-1,19,4,8,-1,0,0,0,0,2,0,1,1,-1,9,1,70,10,1360,1,19,PEUGEOT 206,7,E01004077,0,3
2024361517046,2024,361517046,1,9,0,-1,19,5,1,-1,0,0,0,0,0,0,1,1,-1,6,1,26,6,1398,2,20,PEUGEOT 206,1,E01026830,0,1
2024320618679,2024,320618679,1,9,0,9,9,7,6,0,0,6,0,0,0,0,3,1,6,6,2,29,6,1360,1,18,PEUGEOT 206,-1,-1,0,-1
2024041466612,2024,041466612,2,9,0,-1,4,7,3,-1,0,0,0,0,0,0,2,1,-1,9,2,61,9,1587,1,18,PEUGEOT 206,2,E01025520,0,1
2024552400875,2024,552400875,1,9,0,9,9,6,4,0,0,5,0,0,0,0,1,1,6,6,3,-1,-1,1398,2,20,PEUGEOT 206,-1,-1,0,-1
202460Q050026,2024,60Q050026,1,9,0,18,19,5,1,0,0,0,0,0,1,4,1,1,6,6,1,18,4,1398,2,19,PEUGEOT 206,-1,-1,0,-1
2024161434981,2024,161434981,1,9,0,-1,19,3,7,-1,0,0,0,0,7,4,4,1,-1,2,1,33,6,1360,1,20,PEUGEOT 206,8,E01013018,0,1
2024361517863,2024,361517863,4,9,0,-1,8,1,3,-1,0,1,0,0,0,0,3,1,-1,9,2,82,11,1587,1,20,PEUGEOT 206,7,E01026524,0,1
2024549992524,2024,549992524,1,9,0,18,19,1,5,0,0,0,1,4,0,0,4,1,1,1,2,30,6,1398,2,20,PEUGEOT 206,3,E01031975,0,2
2024351490137,2024,351490137,2,9,0,-1,10,8,6,-1,0,1,0,0,0,0,2,1,-1,6,1,19,4,1124,1,19,PEUGEOT 206,8,E01018152,0,2
2024320757284,2024,320757284,1,9,0,-1,-1,5,1,0,0,3,0,0,0,0,4,1,-1,-1,1,57,9,1124,1,23,PEUGEOT 206,5,E01019456,0,5
2024411545581,2024,411545581,1,9,0,-1,19,1,5,-1,0,0,0,0,0,0,1,1,-1,6,1,51,8,1587,1,18,PEUGEOT 206,6,E01023798,0,1
2024631475973,2024,631475973,1,9,0,-1,19,1,5,-1,0,0,1,0,0,0,4,1,-1,1,2,31,6,1360,1,21,PEUGEOT 206,3,W01002010,0,2
2024631437253,2024,631437253,1,9,0,-1,19,8,4,-1,0,0,5,0,2,10,4,1,-1,2,1,29,6,1398,2,16,PEUGEOT 206,9,W01000549,0,1
2024622500034,2024,622500034,2,9,0,2,2,0,0,0,0,0,0,0,0,0,2,1,6,6,1,47,8,1997,2,19,PEUGEOT 206,7,W01001986,0,1
2024471411756,2024,471411756,1,9,0,-1,19,3,7,-1,0,0,0,0,0,0,1,1,-1,9,2,52,8,1398,2,21,PEUGEOT 206,3,E01031459,0,1
2024340NN2952,2024,340NN2952,1,9,0,-1,19,5,1,-1,0,8,0,0,3,10,1,1,-1,1,2,33,6,1360,1,22,PEUGEOT 206,8,E01027141,0,3
2024201433757,2024,201433757,1,9,0,-1,19,2,6,-1,0,2,0,0,0,0,1,1,-1,6,3,30,6,1360,1,21,PEUGEOT 206,-1,-1,0,-1
2024461530142,2024,461530142,3,9,0,-1,2,0,0,-1,0,0,0,0,0,0,1,1,-1,6,1,57,9,1997,2,24,PEUGEOT 206,10,E01024107,0,1
2024461513315,2024,461513315,2,9,0,-1,19,7,3,-1,0,0,0,0,0,0,4,9,-1,9,1,34,6,1124,1,20,PEUGEOT 206,10,E01021543,0,4
2024131453989,2024,131453989,1,9,0,-1,19,3,7,-1,0,0,0,0,0,0,1,1,-1,2,1,17,4,1124,1,24,PEUGEOT 206,5,E01019611,0,4
2024471425549,2024,471425549,2,9,0,-1,9,3,1,-1,0,5,0,0,0,0,3,1,-1,9,2,45,7,1587,1,20,PEUGEOT 206,3,E01031360,0,1
2024041518596,2024,041518596,1,9,0,-1,19,5,1,-1,0,0,0,0,0,0,1,1,-1,6,2,24,5,1124,1,21,PEUGEOT 206,9,E01025470,0,3
202460Q173603,2024,60Q173603,1,9,0,9,9,5,2,0,0,8,0,0,0,0,3,1,6,6,2,23,5,1587,1,18,PEUGEOT 206,-1,-1,0,-1
2024501428524,2024,501428524,2,9,0,-1,19,3,7,-1,0,0,0,0,0,0,1,2,-1,9,1,36,7,1124,1,19,PEUGEOT 206,-1,-1,0,-1
2024010503971,2024,010503971,2,9,9,18,19,2,6,0,0,0,0,99,9,0,1,9,6,6,1,34,6,1360,1,19,PEUGEOT 206,4,E01019359,0,5
2024501483553,2024,501483553,1,9,0,-1,19,1,4,-1,0,0,2,10,2,11,1,1,-1,6,1,25,5,1124,1,20,PEUGEOT 206,10,E01022688,0,5
2024522401569,2024,522401569,2,9,0,18,19,5,2,0,0,8,0,0,0,0,1,1,6,6,2,-1,-1,1124,1,19,PEUGEOT 206,5,E01014836,0,1
2024520002674,2024,520002674,1,9,0,18,19,2,6,0,0,0,0,0,0,0,1,1,6,6,1,-1,-1,1360,1,16,PEUGEOT 206,-1,-1,0,-1
2024010511893,2024,010511893,1,9,0,18,19,8,4,0,0,1,0,0,0,0,4,1,6,6,2,20,4,1360,1,23,PEUGEOT 206,5,E01002948,0,2
2024320529043,2024,320529043,1,9,0,-1,-1,3,7,9,9,0,1,10,7,10,1,1,6,6,3,-1,-1,1124,1,19,PEUGEOT 206,-1,-1,0,-1
2024552400930,2024,552400930,1,9,0,18,19,6,2,0,0,1,2,0,1,10,1,1,2,2,1,20,4,1587,1,21,PEUGEOT 206,4,E01020571,0,1
2024501444446,2024,501444446,1,9,0,-1,19,5,1,-1,0,1,0,0,0,0,1,1,-1,9,1,80,11,1398,2,18,PEUGEOT 206,5,E01020174,0,3
2024461474550,2024,461474550,1,9,0,-1,19,4,2,-1,0,1,0,4,0,0,1,1,-1,9,1,28,6,1398,2,18,PEUGEOT 206,5,E01032800,0,1
2024010498730,2024,010498730,1,9,0,9,9,6,3,0,0,0,0,0,0,0,1,1,6,6,1,42,7,1124,1,19,PEUGEOT 206,6,E01002692,0,1
2024211490311,2024,211490311,2,9,0,-1,4,1,2,-1,0,0,0,0,0,0,2,1,-1,2,1,31,6,1360,1,21,PEUGEOT 206,-1,-1,0,-1
2024101393711,2024,101393711,1,9,0,-1,19,5,1,-1,0,2,0,0,3,5,1,1,-1,6,-1,-1,-1,1360,1,20,PEUGEOT 206,-1,-1,0,-1
2024501492503,2024,501492503,2,9,0,-1,19,3,7,-1,0,1,0,0,1,5,1,1,-1,2,1,39,7,1997,1,20,PEUGEOT 206,5,E01020199,0,1
2024531424669,2024,531424669,2,9,0,-1,19,5,1,-1,0,8,0,0,0,0,1,1,-1,9,2,36,7,1360,1,21,PEUGEOT 206,8,E01022413,0,3
2024302400695,2024,302400695,2,9,0,9,9,6,4,0,0,8,0,0,0,0,4,1,3,7,2,34,6,1360,1,20,PEUGEOT 206,3,E01013455,0,1
2024052400179,2024,052400179,1,9,0,18,19,3,7,0,0,6,0,0,0,0,1,1,6,6,1,58,9,1360,1,19,PEUGEOT 206,10,E01007254,0,1
2024201441429,2024,201441429,1,9,0,-1,13,6,2,-1,0,0,1,2,1,2,4,1,-1,6,1,39,7,1587,1,21,PEUGEOT 206,2,E01009566,0,3
2024471439469,2024,471439469,1,9,0,-1,9,8,4,-1,0,4,1,10,3,1,3,1,-1,9,2,19,4,1360,1,16,PEUGEOT 206,6,E01031464,0,3
2024010517604,2024,010517604,2,9,0,18,19,9,9,99,99,0,9,99,9,99,4,9,6,6,1,-1,-1,1360,1,22,PEUGEOT 206,-1,-1,0,-1
2024052401798,2024,052401798,1,9,0,9,9,2,8,0,0,5,0,0,0,0,1,1,6,6,2,75,10,1360,1,16,PEUGEOT 206,5,E01006576,0,1
2024501408795,2024,501408795,2,9,0,-1,3,8,4,-1,0,1,0,0,0,0,2,9,-1,6,2,62,9,1360,1,23,PEUGEOT 206,6,E01020181,0,3
2024211424792,2024,211424792,1,9,0,-1,19,1,5,-1,0,0,1,0,0,0,4,1,-1,6,1,20,4,1124,1,19,PEUGEOT 206,-1,-1,0,-1
2024401423202,2024,401423202,1,9,0,-1,4,4,8,-1,0,0,1,4,0,0,1,1,-1,6,1,41,7,1360,1,22,PEUGEOT 206,3,E01017580,0,2
2024461398780,2024,461398780,5,9,0,-1,19,3,7,-1,0,0,0,0,0,0,1,9,-1,6,2,36,7,1360,1,21,PEUGEOT 206,9,E01024143,0,1
2024041417918,2024,041417918,1,9,0,-1,19,1,5,-1,0,1,0,0,0,0,1,1,-1,9,2,46,8,1587,1,20,PEUGEOT 206,2,E01024986,0,2
2024501441136,2024,501441136,1,9,0,-1,19,8,4,-1,0,1,0,0,0,0,4,1,-1,6,1,80,11,1360,1,22,PEUGEOT 206,9,E01019970,0,1
2024010516975,2024,010516975,1,9,0,18,19,1,5,9,9,0,0,8,0,0,3,1,6,6,1,52,8,1124,1,19,PEUGEOT 206,2,E01000033,0,1
2024501481135,2024,501481135,1,9,0,-1,19,3,7,-1,0,0,0,0,0,0,1,1,-1,9,2,85,11,1360,1,22,PEUGEOT 206,4,E01018988,0,1
202454C231424,2024,54C231424,1,9,0,18,19,1,5,0,0,8,0,0,1,11,1,1,6,6,1,51,8,1360,1,22,PEUGEOT 206,6,E01031926,0,2
2024361419698,2024,361419698,1,9,0,-1,19,0,0,-1,0,0,1,0,0,0,4,1,-1,6,1,17,4,1360,1,18,PEUGEOT 206,5,E01030053,0,2
202460Q043482,2024,60Q043482,1,9,0,18,19,6,2,0,0,1,0,0,0,0,2,1,6,6,1,26,6,1124,1,21,PEUGEOT 206,-1,-1,0,-1
2024501441408,2024,501441408,1,9,0,-1,19,5,1,-1,0,2,5,0,2,10,1,1,-1,9,2,17,4,1360,1,18,PEUGEOT 206,8,E01020169,0,4
2024471450103,2024,471450103,2,9,0,-1,10,5,3,-1,0,1,0,0,0,0,2,1,-1,9,1,70,10,1360,1,21,PEUGEOT 206,3,E01031361,0,1
2024451533107,2024,451533107,2,9,0,-1,19,3,7,-1,0,1,0,0,0,0,1,9,-1,6,1,41,7,1360,1,23,PEUGEOT 206,8,E01022871,0,3
2024122400651,2024,122400651,2,9,0,3,3,3,7,0,0,0,0,0,0,0,1,1,6,6,1,75,10,1587,1,21,PEUGEOT 206,9,E01013370,0,1
2024010534003,2024,010534003,7,9,0,2,2,0,0,0,0,1,0,0,0,0,2,1,6,6,3,-1,-1,1360,1,20,PEUGEOT 206,-1,-1,0,-1
2024552400801,2024,552400801,1,9,0,13,13,3,7,0,0,8,0,0,7,2,4,1,6,6,1,26,6,1997,1,21,PEUGEOT 206,2,E01015430,0,3
2024070914122,2024,070914122,2,9,0,-1,19,3,7,-1,0,0,0,0,0,0,1,1,-1,6,1,54,8,1124,1,19,PEUGEOT 206,3,E01012507,0,1
2024520401973,2024,520401973,2,9,0,9,9,8,6,0,0,8,0,0,0,0,1,1,6,6,1,20,4,1360,1,20,PEUGEOT 206,8,E01035119,0,1
2024461407874,2024,461407874,2,9,0,-1,19,6,2,-1,0,8,0,0,0,0,2,9,-1,6,2,30,6,1587,1,21,PEUGEOT 206,8,E01024816,0,1
2024320098157,2024,320098157,1,9,0,-1,-1,8,4,0,0,0,0,0,1,4,1,1,6,6,3,-1,-1,1997,1,21,PEUGEOT 206,-1,-1,0,-1
2024221482247,2024,221482247,1,9,0,-1,9,4,2,-1,9,5,0,10,0,0,1,9,-1,6,2,31,6,1587,1,23,PEUGEOT 206,-1,-1,0,-1
2024131427632,2024,131427632,2,9,0,-1,19,3,7,-1,0,8,0,0,0,0,1,1,-1,6,1,28,6,1997,1,23,PEUGEOT 206,2,E01011256,0,1
2024461447341,2024,461447341,1,9,0,-1,19,7,3,-1,0,0,0,0,0,0,1,1,-1,9,2,35,6,1587,1,17,PEUGEOT 206,3,E01001367,0,5
2024421438901,2024,421438901,2,9,0,-1,19,6,2,-1,0,0,0,0,0,0,1,1,-1,6,1,59,9,1360,1,23,PEUGEOT 206,10,E01021386,0,3
2024430599517,2024,430599517,2,9,0,9,9,5,3,0,0,5,0,0,0,0,1,1,6,6,1,28,6,1360,1,18,PEUGEOT 206,3,E01033857,0,1
2024332400905,2024,332400905,2,9,0,-1,19,1,5,-1,0,8,0,0,0,0,4,1,-1,6,2,53,8,1124,1,22,PEUGEOT 206,3,E01013658,0,1
2024070106678,2024,070106678,1,9,0,18,19,5,6,0,0,0,0,0,0,0,0,1,6,6,1,-1,-1,1997,2,23,PEUGEOT 206,10,E01018411,0,2
2024430251664,2024,430251664,1,9,0,18,19,8,4,0,0,0,2,10,2,3,3,1,6,6,1,19,4,1360,1,23,PEUGEOT 206,3,E01016452,0,1
2024522401383,2024,522401383,2,9,0,4,4,8,4,0,0,1,0,0,0,0,2,1,6,6,1,23,5,1360,1,15,PEUGEOT 206,6,E01027326,0,5
2024211443719,2024,211443719,1,9,0,-1,19,6,5,-1,0,0,1,0,0,0,1,1,-1,2,1,40,7,1997,2,21,PEUGEOT 206,8,E01029775,0,2
2024430268825,2024,430268825,2,9,0,18,19,3,7,0,0,1,0,0,0,0,1,1,6,6,1,-1,-1,1360,1,20,PEUGEOT 206,-1,-1,0,-1
2024161427001,2024,161427001,2,9,0,-1,19,3,7,-1,0,1,0,0,1,4,1,1,-1,9,1,43,7,1360,1,17,PEUGEOT 206,1,E01012806,0,1
2024440298941,2024,440298941,2,9,0,4,4,7,3,0,0,0,0,0,1,7,2,1,6,6,1,24,5,1398,2,19,PEUGEOT 206,1,E01017038,0,3
2024131526886,2024,131526886,1,9,0,-1,19,3,7,-1,0,0,0,0,0,0,1,1,-1,6,1,36,7,1124,1,20,PEUGEOT 206,-1,-1,0,-1
2024131408301,2024,131408301,1,9,0,-1,19,6,2,-1,0,0,0,0,0,0,4,1,-1,6,2,64,9,1360,1,18,PEUGEOT 206,7,E01010952,0,1
2024201415605,2024,201415605,1,9,0,-1,19,5,1,-1,0,0,0,0,0,0,4,1,-1,6,2,38,7,1360,1,18,PEUGEOT 206,3,E01009641,0,1
2024361456803,2024,361456803,2,9,0,-1,19,1,4,-1,0,3,0,0,0,0,3,1,-1,6,2,77,11,1124,1,19,PEUGEOT 206,2,E01026711,0,2
2024061480210,2024,061480210,2,9,0,-1,8,-1,-1,-1,99,1,0,0,0,0,4,1,-1,6,3,-1,-1,1360,1,24,PEUGEOT 206,-1,-1,0,-1
2024361518245,2024,361518245,1,9,-1,-1,-1,-1,-1,-1,-1,-1,-1,-1,-1,0,1,9,-1,7,2,31,6,1124,1,22,PEUGEOT 206,1,E01026687,0,1
2024041443554,2024,041443554,1,9,0,-1,13,5,1,-1,0,1,0,0,0,0,4,1,-1,6,1,62,9,1360,1,17,PEUGEOT 206,6,E01025384,0,1
2024430123025,2024,430123025,2,9,0,18,19,3,7,0,0,0,0,0,0,0,1,1,6,6,1,40,7,1360,1,20,PEUGEOT 206,5,E01016566,0,2
2024522401290,2024,522401290,1,9,0,4,4,3,7,0,0,1,0,0,0,0,2,1,6,6,2,65,9,1360,1,22,PEUGEOT 206,9,E01014738,0,1
2024231431402,2024,231431402,3,9,0,-1,2,0,0,-1,9,0,0,0,0,0,1,1,-1,6,2,73,10,1360,1,17,PEUGEOT 206,10,E01031111,0,1
2024440156966,2024,440156966,2,9,0,5,5,1,5,0,0,0,0,0,0,0,3,1,6,6,2,-1,-1,1360,1,17,PEUGEOT 206,-1,-1,0,-1
2024471417024,2024,471417024,2,9,0,-1,19,3,7,-1,0,0,0,0,0,0,1,1,-1,9,2,23,5,1997,2,23,PEUGEOT 206,6,E01021145,0,4
2024440396831,2024,440396831,2,9,0,18,19,3,7,0,0,4,0,0,0,0,3,1,6,6,1,18,4,1360,1,22,PEUGEOT 206,4,E01022805,0,1
2024041494992,2024,041494992,1,9,0,-1,19,7,3,-1,0,0,0,4,0,0,1,1,-1,6,1,69,10,1398,2,15,PEUGEOT 206,1,E01025140,0,1
2024552400066,2024,552400066,1,9,0,18,19,6,2,0,0,0,0,0,0,0,1,1,6,6,2,86,11,1360,1,21,PEUGEOT 206,6,E01015286,0,1
202460Q090841,2024,60Q090841,2,9,0,10,10,6,2,0,0,1,0,0,0,0,2,1,6,6,1,20,4,1360,1,18,PEUGEOT 206,-1,-1,0,-1
2024421404141,2024,421404141,2,9,0,-1,19,5,1,-1,0,3,0,0,0,0,3,9,-1,6,1,26,6,1360,1,21,PEUGEOT 206,7,E01015961,0,4
2024471489003,2024,471489003,1,9,0,-1,19,8,4,-1,0,0,0,4,0,0,1,1,-1,9,2,28,6,1360,1,20,PEUGEOT 206,8,E01024017,0,4
2024052400875,2024,052400875,2,9,0,2,2,0,0,0,0,0,0,0,0,0,2,1,6,6,3,-1,-1,1360,1,21,PEUGEOT 206,-1,-1,0,-1
2024471522166,2024,471522166,1,9,0,-1,19,2,6,-1,0,0,0,0,0,0,1,1,-1,9,2,19,4,1587,1,19,PEUGEOT 206,7,E01031381,0,1
2024201509027,2024,201509027,1,9,0,-1,2,0,0,-1,9,0,0,10,0,0,1,1,-1,2,1,-1,-1,1360,1,18,PEUGEOT 206,-1,-1,0,-1
2024231408900,2024,231408900,1,9,0,-1,19,4,8,-1,0,0,0,0,7,4,1,1,-1,6,1,39,7,1124,1,21,PEUGEOT 206,1,E01032278,0,2
2024451421761,2024,451421761,1,9,0,-1,19,6,2,-1,0,2,0,0,0,0,1,1,-1,9,2,33,6,1360,1,21,PEUGEOT 206,9,E01030861,0,4
2024031395415,2024,031395415,1,9,0,-1,19,5,8,-1,0,0,5,0,0,0,1,1,-1,9,1,17,4,1124,1,19,PEUGEOT 206,-1,-1,0,-1
2024991472802,2024,991472802,1,9,0,-1,19,4,2,-1,0,4,0,0,0,0,4,1,-1,6,1,34,6,1997,2,19,PEUGEOT 206,5,-1,0,4
2024461462912,2024,461462912,2,9,0,-1,7,5,7,-1,0,1,0,0,0,0,3,1,-1,2,1,46,8,1360,1,19,PEUGEOT 206,10,E01024463,0,1
2024461442935,2024,461442935,1,9,0,-1,19,3,7,-1,0,0,0,0,1,7,1,1,-1,6,1,77,11,1360,1,20,PEUGEOT 206,5,E01024520,0,1
2024440351322,2024,440351322,1,9,0,9,9,8,6,0,0,8,0,0,0,0,1,1,6,6,2,64,9,1997,1,19,PEUGEOT 206,2,E01017343,0,1
2024543025324,2024,543025324,1,9,0,17,19,3,7,0,0,0,2,0,1,0,1,1,1,1,1,29,6,1360,1,18,PEUGEOT 206,6,E01015559,0,4
2024471436728,2024,471436728,1,9,0,-1,12,2,6,-1,0,2,0,0,0,0,1,1,-1,6,1,29,6,1124,1,22,PEUGEOT 206,7,E01021061,0,3
2024501436469,2024,501436469,1,9,0,-1,19,8,4,-1,0,0,1,11,2,9,4,1,-1,6,1,45,7,1997,2,19,PEUGEOT 206,5,E01020331,0,1
2024302401321,2024,302401321,1,9,0,18,19,7,3,0,0,0,0,4,7,0,1,1,3,7,2,19,4,1398,2,18,PEUGEOT 206,4,E01019516,0,1
2024471487225,2024,471487225,3,9,0,-1,4,2,6,-1,0,1,0,0,0,0,3,1,-1,9,2,28,6,1560,2,19,PEUGEOT 206,7,E01016916,0,1
2024501398774,2024,501398774,2,9,0,-1,19,7,3,-1,0,1,0,0,0,0,1,9,-1,6,1,59,9,1398,2,19,PEUGEOT 206,3,E01020286,0,1
2024501444635,2024,501444635,1,9,0,-1,19,2,6,-1,0,0,0,0,0,0,1,1,-1,9,1,20,4,1360,1,24,PEUGEOT 206,5,E01020328,0,3
2024361459402,2024,361459402,1,9,0,-1,19,1,3,-1,0,2,0,0,0,0,1,1,-1,6,2,80,11,1398,2,20,PEUGEOT 206,10,E01026811,0,1
2024471489715,2024,471489715,2,9,0,-1,19,2,7,-1,0,4,0,0,0,0,1,1,-1,6,1,33,6,1124,1,21,PEUGEOT 206,10,E01031718,0,1
2024461427930,2024,461427930,1,9,0,-1,9,6,2,-1,0,6,0,0,0,0,1,1,-1,2,1,58,9,1124,1,22,PEUGEOT 206,9,E01032821,0,3
2024052402064,2024,052402064,1,9,0,9,9,4,2,0,0,1,0,0,7,1,1,1,6,6,1,58,9,1360,1,21,PEUGEOT 206,1,E01006478,0,1
2024522402570,2024,522402570,2,9,0,18,19,9,9,0,0,6,0,0,0,0,1,1,6,6,3,-1,-1,1360,1,16,PEUGEOT 206,-1,-1,0,-1
202460Q042062,2024,60Q042062,2,9,0,18,19,2,6,0,0,1,0,0,0,0,4,1,6,6,2,81,11,1587,1,22,PEUGEOT 206,-1,-1,0,-1
2024471400499,2024,471400499,1,9,0,-1,7,3,5,-1,0,2,0,0,0,0,1,1,-1,9,1,46,8,1360,1,19,PEUGEOT 206,4,E01021111,0,1
2024501413809,2024,501413809,1,9,0,-1,19,1,5,-1,0,4,0,0,0,0,1,1,-1,9,2,78,11,1360,1,19,PEUGEOT 206,1,E01020094,0,1
2024421499930,2024,421499930,1,9,0,-1,19,8,5,-1,0,0,2,0,0,0,1,1,-1,9,1,61,9,1360,1,19,PEUGEOT 206,6,E01021070,0,5
2024201482017,2024,201482017,1,9,0,-1,19,2,3,-1,0,0,0,0,0,0,1,1,-1,6,1,18,4,1124,1,19,PEUGEOT 206,2,E01009782,0,1
2024041488240,2024,041488240,1,9,0,-1,9,1,5,-1,0,8,0,0,0,0,4,1,-1,9,2,32,6,1360,1,22,PEUGEOT 206,1,E01012638,0,1
2024440497537,2024,440497537,1,9,0,18,19,8,4,0,0,0,0,0,7,4,1,1,6,6,1,66,10,1360,1,17,PEUGEOT 206,6,E01022489,0,2
2024221505309,2024,221505309,1,9,0,-1,19,1,4,-1,0,8,2,0,7,10,1,1,-1,2,2,40,7,1360,1,23,PEUGEOT 206,-1,-1,0,-1
2024101397653,2024,101397653,1,9,0,-1,19,1,5,-1,0,0,0,0,0,0,1,2,-1,6,1,58,9,1560,2,18,PEUGEOT 206,2,E01020618,0,2
2024131523520,2024,131523520,1,9,0,-1,19,3,7,-1,0,0,0,0,1,0,1,1,-1,6,2,30,6,1360,1,15,PEUGEOT 206,2,E01011856,0,1
2024201458407,2024,201458407,2,9,0,-1,19,7,3,-1,0,2,0,0,0,0,3,1,-1,6,1,24,5,1360,1,22,PEUGEOT 206,1,E01009000,0,1
2024141555829,2024,141555829,1,9,0,-1,4,7,4,-1,0,1,0,0,0,0,1,9,-1,6,2,39,7,1124,1,20,PEUGEOT 206,4,E01007816,0,2
2024211514040,2024,211514040,1,9,0,-1,7,3,6,-1,0,0,0,0,7,0,1,1,-1,6,2,73,10,1398,2,19,PEUGEOT 206,8,E01029706,0,1
2024010525490,2024,010525490,2,9,0,5,5,1,5,0,0,0,0,0,0,0,1,1,3,7,1,44,7,1360,1,23,PEUGEOT 206,2,E01002077,0,1
2024501484083,2024,501484083,1,9,0,-1,19,1,4,-1,0,6,0,0,7,0,1,9,-1,9,1,19,4,1398,2,18,PEUGEOT 206,7,E01018818,0,1
2024501421251,2024,501421251,1,9,0,-1,19,5,1,-1,0,1,1,0,0,0,1,2,-1,1,2,60,9,1398,2,19,PEUGEOT 206,5,E01020213,0,2
2024421528821,2024,421528821,1,9,0,-1,19,4,8,-1,0,0,0,0,0,0,4,1,-1,6,2,52,8,1360,1,20,PEUGEOT 206,4,E01022022,0,1
2024302500124,2024,302500124,1,9,0,-1,19,7,3,-1,0,8,0,0,0,0,4,1,-1,9,1,33,6,1587,1,17,PEUGEOT 206,6,E01028322,0,3
2024430357213,2024,430357213,2,9,0,9,9,7,5,0,0,6,0,0,0,0,3,1,6,6,1,54,8,1360,1,20,PEUGEOT 206,8,E01017918,0,2
2024501498851,2024,501498851,1,9,0,-1,19,3,7,-1,9,0,0,0,0,0,1,1,-1,9,1,42,7,1360,1,18,PEUGEOT 206,3,E01015240,0,1
2024471418840,2024,471418840,1,9,0,-1,19,3,8,-1,1,0,2,0,0,0,3,1,-1,9,1,33,6,1587,1,21,PEUGEOT 206,6,E01021130,0,4
2024451494292,2024,451494292,2,9,0,-1,19,3,1,-1,0,2,0,0,0,0,4,1,-1,2,2,36,7,1360,1,19,PEUGEOT 206,6,E01002998,0,2
2024471531957,2024,471531957,1,9,0,-1,4,5,1,-1,0,1,0,0,0,0,2,1,-1,6,2,70,10,1997,1,22,PEUGEOT 206,5,E01021047,0,3
2024531427355,2024,531427355,2,9,0,-1,19,7,3,-1,0,1,0,0,0,0,4,1,-1,6,2,18,4,1360,1,24,PEUGEOT 206,7,E01022252,0,2
2024302400418,2024,302400418,1,9,0,18,19,6,2,0,0,0,0,0,0,0,1,1,6,6,1,57,9,1360,1,22,PEUGEOT 206,7,E01013490,0,1
2024501530336,2024,501530336,1,9,0,-1,5,1,5,-1,0,3,0,0,0,0,1,1,-1,6,3,58,9,1398,2,19,PEUGEOT 206,6,E01014563,0,5
2024101436709,2024,101436709,2,9,0,-1,19,5,1,-1,0,0,0,0,0,0,1,1,-1,6,1,60,9,1398,2,16,PEUGEOT 206,6,E01027371,0,1
2024111516846,2024,111516846,2,21,1,-1,19,1,5,-1,0,0,0,0,0,0,1,1,-1,1,1,56,9,10837,2,7,RENAULT TRUCKS MODEL MISSING,7,E01033481,0,4
2024010543192,2024,010543192,1,21,0,5,5,1,5,0,0,1,0,0,0,0,3,1,1,1,1,32,6,10837,2,3,RENAULT TRUCKS MODEL MISSING,8,E01018159,0,5
2024991503650,2024,991503650,1,90,1,-1,19,5,5,-1,0,0,5,7,1,7,1,1,-1,1,1,52,8,-1,-1,-1,RENAULT TRUCKS MODEL MISSING,4,-1,0,5
2024010515572,2024,010515572,2,21,9,99,99,9,9,99,99,9,9,99,9,99,9,9,6,6,3,32,6,7698,2,0,RENAULT TRUCKS MODEL MISSING,2,E01023339,0,4
2024010528192,2024,010528192,2,90,0,5,5,1,5,0,0,8,0,0,0,0,4,1,1,1,1,55,8,10837,2,5,RENAULT TRUCKS MODEL MISSING,9,E01002242,0,2
2024461407882,2024,461407882,1,21,0,-1,19,3,7,-1,0,8,0,0,7,0,1,1,-1,1,1,49,8,-1,-1,-1,RENAULT TRUCKS MODEL MISSING,8,E01016095,0,3
2024522401340,2024,522401340,1,21,0,18,19,8,4,0,0,0,0,0,0,0,1,1,6,6,1,66,10,12777,2,2,RENAULT TRUCKS MODEL MISSING,2,E01013900,0,5
2024161530941,2024,161530941,2,21,0,-1,4,7,3,-1,0,0,0,0,0,0,1,1,-1,1,1,32,6,10837,2,1,RENAULT TRUCKS MODEL MISSING,6,E01013095,0,4
2024461411569,2024,461411569,2,20,1,-1,19,4,8,-1,0,0,0,0,0,0,1,9,-1,6,2,50,8,-1,-1,-1,RENAULT TRUCKS MODEL MISSING,4,E01024702,0,4
2024991458496,2024,991458496,2,21,1,-1,19,5,1,-1,0,0,0,0,0,0,3,1,-1,1,1,47,8,10837,2,11,RENAULT TRUCKS MODEL MISSING,8,-1,0,4