collision_index,collision_year,collision_ref_no,vehicle_reference,vehicle_type,towing_and_articulation,vehicle_manoeuvre_historic,vehicle_manoeuvre,vehicle_direction_from,vehicle_direction_to,vehicle_location_restricted_lane_historic,vehicle_location_restricted_lane,junction_location,skidding_and_overturning,hit_object_in_carriageway,vehicle_leaving_carriageway,hit_object_off_carriageway,first_point_of_impact,vehicle_left_hand_drive,journey_purpose_of_driver_historic,journey_purpose_of_driver,sex_of_driver,age_of_driver,age_band_of_driver,engine_capacity_cc,propulsion_code,age_of_vehicle,generic_make_model,driver_imd_decile,lsoa_of_driver,escooter_flag,driver_distance_banding
2024421401194,2024,421401194,1,21,1,-1,5,7,3,-1,0,4,0,0,0,0,3,1,-1,1,1,58,9,10837,2,7,RENAULT TRUCKS MODEL MISSING,5,E01022010,0,4
2024061460332,2024,061460332,1,20,1,-1,19,3,7,-1,0,0,0,0,0,0,1,1,-1,1,1,48,8,-1,-1,-1,RENAULT TRUCKS MODEL MISSING,2,E01029468,0,4
2024430260790,2024,430260790,1,21,0,18,19,8,4,0,0,8,0,0,0,0,0,1,1,1,1,66,10,10837,2,6,RENAULT TRUCKS MODEL MISSING,10,E01028637,0,4
2024430085633,2024,430085633,2,21,1,12,12,1,5,0,0,0,0,0,0,0,2,1,1,1,1,40,7,12777,2,4,RENAULT TRUCKS MODEL MISSING,6,E01009972,0,4
2024010532655,2024,010532655,1,20,0,18,19,3,7,0,0,0,0,0,0,0,1,1,6,6,3,-1,-1,12777,2,0,RENAULT TRUCKS MODEL MISSING,-1,-1,0,-1
2024461508640,2024,461508640,2,20,0,-1,2,0,0,-1,0,0,0,0,0,0,3,1,-1,9,2,34,6,7698,2,1,RENAULT TRUCKS MODEL MISSING,7,E01024317,0,3
2024622400130,2024,622400130,1,21,0,18,19,8,4,0,0,0,0,0,0,0,1,1,1,1,1,36,7,10837,2,5,RENAULT TRUCKS MODEL MISSING,7,W01000997,0,2
2024631407324,2024,631407324,2,21,4,-1,19,6,2,-1,0,0,0,0,0,0,0,1,-1,6,1,52,8,12777,2,2,RENAULT TRUCKS MODEL MISSING,7,E01023203,0,5
2024631492092,2024,631492092,3,21,4,-1,19,8,4,-1,0,0,0,0,0,0,0,1,-1,6,1,38,7,10837,2,1,RENAULT TRUCKS MODEL MISSING,4,E01028882,0,4
2024010501101,2024,010501101,1,21,0,9,9,7,4,0,0,1,0,0,0,0,1,1,1,1,1,58,9,7698,2,2,RENAULT TRUCKS MODEL MISSING,5,E01026466,0,5
2024421408592,2024,421408592,1,21,1,-1,19,5,1,-1,0,0,0,0,0,0,1,1,-1,1,1,36,7,12777,2,1,RENAULT TRUCKS MODEL MISSING,5,E01021021,0,4
2024131496842,2024,131496842,1,21,1,-1,5,4,8,-1,0,8,0,0,0,0,2,1,-1,1,1,60,9,12777,2,4,RENAULT TRUCKS MODEL MISSING,3,E01010781,0,3
2024302401142,2024,302401142,1,20,0,11,11,5,1,0,0,0,1,0,0,0,1,1,1,1,1,57,9,-1,-1,-1,RENAULT TRUCKS MODEL MISSING,9,E01013025,0,5
2024461520226,2024,461520226,2,20,1,-1,2,0,0,-1,-1,0,0,0,0,0,3,1,-1,1,1,29,6,7698,2,5,RENAULT TRUCKS MODEL MISSING,2,E01002368,0,4
2024430489326,2024,430489326,1,21,0,17,19,2,6,0,0,0,5,0,1,9,1,1,1,1,1,45,7,10837,2,6,RENAULT TRUCKS MODEL MISSING,-1,-1,0,-1
2024061466671,2024,061466671,1,21,1,-1,19,3,7,-1,0,0,0,0,0,0,4,1,-1,1,1,42,7,12777,2,2,RENAULT TRUCKS MODEL MISSING,2,E01012417,0,4
2024031395272,2024,031395272,1,21,1,-1,19,5,1,-1,0,0,0,0,0,0,1,1,-1,1,1,67,10,12777,2,3,RENAULT TRUCKS MODEL MISSING,4,-1,0,5
2024451405245,2024,451405245,2,90,0,-1,19,5,1,-1,0,6,0,0,0,0,3,1,-1,1,1,49,8,-1,-1,-1,RENAULT TRUCKS MODEL MISSING,7,E01015770,0,4
2024122400195,2024,122400195,3,21,1,18,19,1,5,0,0,0,0,0,0,0,3,1,1,1,1,59,9,7698,2,1,RENAULT TRUCKS MODEL MISSING,7,E01013031,0,4
2024461435345,2024,461435345,1,21,4,-1,19,1,6,-1,0,0,0,0,0,0,1,9,-1,1,1,70,10,12777,2,2,RENAULT TRUCKS MODEL MISSING,9,E01029310,0,5
2024991515834,2024,991515834,2,21,5,-1,19,1,5,-1,0,0,0,0,0,0,3,1,-1,1,1,29,6,7698,2,0,RENAULT TRUCKS MODEL MISSING,6,-1,0,5
2024340WN5712,2024,340WN5712,2,21,0,-1,19,8,4,-1,0,8,0,0,0,0,4,1,-1,1,1,43,7,7698,2,5,RENAULT TRUCKS MODEL MISSING,1,E01011491,0,5
2024531494244,2024,531494244,2,21,0,-1,3,1,5,-1,0,2,0,0,0,0,3,1,-1,1,1,50,8,12777,2,2,RENAULT TRUCKS MODEL MISSING,3,E01020876,0,5
2024340NN3112,2024,340NN3112,2,21,0,-1,4,5,1,-1,0,1,0,0,0,0,2,1,-1,1,1,49,8,10837,2,3,RENAULT TRUCKS MODEL MISSING,1,E01015663,0,4
2024401510349,2024,401510349,1,21,1,-1,11,1,5,-1,0,0,0,0,0,0,4,1,-1,1,1,58,9,10837,2,10,RENAULT TRUCKS MODEL MISSING,7,E01018074,0,4
2024201478833,2024,201478833,1,19,0,-1,19,7,4,-1,9,3,0,10,1,11,1,1,-1,1,1,62,9,2464,2,15,RENAULT TRUCKS MODEL MISSING,1,E01009215,0,2
2024010506344,2024,010506344,1,21,0,18,19,1,5,0,0,8,0,0,0,0,1,1,1,1,1,65,9,10837,2,9,RENAULT TRUCKS MODEL MISSING,2,E01004398,0,1
2024041438510,2024,041438510,2,21,0,-1,19,5,1,-1,0,0,0,0,0,0,3,1,-1,1,1,47,8,12777,2,1,RENAULT TRUCKS MODEL MISSING,8,E01010973,0,4
2024101485965,2024,101485965,4,21,1,-1,12,3,7,-1,0,0,0,0,0,0,0,1,-1,1,1,43,7,10837,2,8,RENAULT TRUCKS MODEL MISSING,5,E01020695,0,4
2024131438423,2024,131438423,1,21,0,-1,15,6,2,-1,0,0,0,0,0,0,4,1,-1,6,3,-1,-1,10837,2,8,RENAULT TRUCKS MODEL MISSING,-1,-1,0,-1
2024122401195,2024,122401195,1,21,0,18,19,3,7,0,0,0,1,0,0,0,1,1,1,1,1,73,10,10837,2,4,RENAULT TRUCKS MODEL MISSING,10,E01010768,0,4
2024320356252,2024,320356252,1,21,0,-1,-1,2,6,0,0,0,0,0,1,0,1,1,1,1,1,36,7,10837,2,1,RENAULT TRUCKS MODEL MISSING,6,E01026100,0,4
2024440274613,2024,440274613,2,21,1,18,19,2,6,0,0,0,0,0,0,0,1,1,1,1,3,-1,-1,12777,2,2,RENAULT TRUCKS MODEL MISSING,-1,-1,0,-1
2024010527988,2024,010527988,1,21,0,3,3,2,6,0,0,2,0,0,0,0,2,1,1,1,1,32,6,7698,2,3,RENAULT TRUCKS MODEL MISSING,5,E01021841,0,4
2024522500039,2024,522500039,1,20,0,18,19,2,6,0,0,0,0,0,6,0,1,1,6,6,1,60,9,-1,-1,-1,RENAULT TRUCKS MODEL MISSING,10,E01014793,0,4
2024991533803,2024,991533803,1,21,0,-1,19,3,7,-1,0,0,1,0,8,7,1,1,-1,1,1,48,8,12777,2,1,RENAULT TRUCKS MODEL MISSING,9,-1,0,5
2024401440275,2024,401440275,1,21,0,-1,19,5,1,-1,0,0,0,0,0,0,2,1,-1,1,1,53,8,12780,2,8,RENAULT TRUCKS MODEL MISSING,2,E01015738,0,1
2024211432401,2024,211432401,2,21,1,-1,9,6,4,-1,0,8,0,0,0,0,3,1,-1,1,1,36,7,12777,2,1,RENAULT TRUCKS MODEL MISSING,-1,-1,0,-1
2024201472422,2024,201472422,1,21,0,-1,11,3,7,-1,0,0,0,0,0,0,1,9,-1,1,1,-1,-1,10837,2,2,RENAULT TRUCKS MODEL MISSING,-1,-1,0,-1
2024332400381,2024,332400381,2,21,0,-1,19,2,6,-1,0,0,0,0,0,0,1,1,-1,1,1,49,8,10837,2,9,RENAULT TRUCKS MODEL MISSING,6,E01013785,0,4
2024201446307,2024,201446307,1,21,0,-1,11,3,7,-1,0,0,0,0,0,0,1,1,-1,6,1,-1,-1,12777,2,1,RENAULT TRUCKS MODEL MISSING,-1,-1,0,-1
2024411458217,2024,411458217,2,21,0,-1,3,5,1,-1,0,0,0,0,0,0,3,1,-1,1,1,43,7,5132,2,7,RENAULT TRUCKS MODEL MISSING,4,E01000113,0,4
2024201531072,2024,201531072,1,21,0,-1,19,8,4,-1,0,4,0,0,0,0,1,9,-1,1,1,49,8,10837,2,7,RENAULT TRUCKS MODEL MISSING,9,E01029508,0,3
2024545339724,2024,545339724,1,21,0,18,19,5,1,0,0,1,0,0,0,0,1,1,6,6,1,35,6,12777,2,4,RENAULT TRUCKS MODEL MISSING,10,E01020463,0,4
2024430577282,2024,430577282,2,21,1,2,2,0,0,6,6,0,0,0,0,0,2,1,1,1,1,-1,-1,10837,2,0,RENAULT TRUCKS MODEL MISSING,-1,-1,0,-1
2024061531967,2024,061531967,1,21,0,-1,19,2,6,-1,0,0,0,0,0,0,1,1,-1,1,1,61,9,12777,2,0,RENAULT TRUCKS MODEL MISSING,3,E01028297,0,4
2024311444313,2024,311444313,2,21,1,-1,15,4,8,-1,0,0,0,7,0,0,4,2,-1,1,1,47,8,12777,2,3,RENAULT TRUCKS MODEL MISSING,-1,-1,0,-1
2024430141536,2024,430141536,1,21,0,2,2,0,0,0,0,0,0,0,0,0,4,1,6,6,1,74,10,7698,2,6,RENAULT TRUCKS MODEL MISSING,9,E01025991,0,5
2024201493593,2024,201493593,1,21,1,-1,10,2,6,-1,0,0,0,0,0,0,1,1,-1,1,1,50,8,10837,2,2,RENAULT TRUCKS MODEL MISSING,-1,-1,0,-1
2024070878811,2024,070878811,1,21,0,-1,11,8,4,-1,0,7,2,0,0,0,4,1,-1,1,1,31,6,10837,2,0,RENAULT TRUCKS MODEL MISSING,7,E01006266,0,3
2024141393867,2024,141393867,1,21,0,-1,19,6,2,-1,0,0,0,0,0,0,1,1,-1,1,1,33,6,12777,2,4,RENAULT TRUCKS MODEL MISSING,1,E01027200,0,5
2024361495058,2024,361495058,1,19,0,-1,19,6,2,-1,0,0,0,0,0,0,3,1,-1,1,1,20,4,2299,2,8,RENAULT TRUCKS MODEL MISSING,3,E01027228,0,5
2024302400531,2024,302400531,1,21,0,11,11,1,5,0,0,0,0,0,0,0,4,1,1,1,1,60,9,12777,2,1,RENAULT TRUCKS MODEL MISSING,3,E01010825,0,4
2024231427472,2024,231427472,2,21,1,-1,19,8,4,-1,0,8,0,0,0,0,3,1,-1,1,1,39,7,12777,2,2,RENAULT TRUCKS MODEL MISSING,3,E01019208,0,5
2024010500682,2024,010500682,1,21,0,18,19,5,1,0,0,2,0,0,0,0,1,1,1,1,1,64,9,-1,-1,-1,RENAULT TRUCKS MODEL MISSING,2,E01033881,0,1
2024070808854,2024,070808854,1,21,0,-1,19,1,5,-1,0,0,1,0,0,0,1,1,-1,1,1,45,7,10837,2,8,RENAULT TRUCKS MODEL MISSING,1,E01005665,0,4
2024430248457,2024,430248457,1,21,1,1,1,3,7,0,0,8,0,0,0,0,2,1,1,1,1,50,8,10837,2,11,RENAULT TRUCKS MODEL MISSING,9,E01028754,0,1
2024161526458,2024,161526458,2,19,0,-1,9,6,4,-1,0,6,0,0,0,0,4,1,-1,1,1,22,5,2299,2,11,RENAULT TRUCKS MODEL MISSING,1,E01009327,0,5
2024440382743,2024,440382743,3,21,1,2,2,0,0,6,6,0,0,0,0,0,2,1,1,1,3,-1,-1,10837,2,8,RENAULT TRUCKS MODEL MISSING,-1,-1,0,-1
2024461452459,2024,461452459,2,19,0,-1,19,1,5,-1,0,2,0,0,0,0,3,2,-1,1,1,39,7,-1,-1,-1,RENAULT TRUCKS MODEL MISSING,-1,-1,0,-1
2024461510666,2024,461510666,1,20,0,-1,15,7,8,-1,0,0,0,0,1,0,3,1,-1,1,1,56,9,7698,2,4,RENAULT TRUCKS MODEL MISSING,4,E01024387,0,4
2024061447538,2024,061447538,1,21,1,-1,11,4,8,-1,0,0,0,0,0,0,1,1,-1,1,1,55,8,12777,2,1,RENAULT TRUCKS MODEL MISSING,6,-1,0,4
2024451493830,2024,451493830,1,21,0,-1,19,5,1,-1,0,0,0,0,0,0,1,1,-1,1,1,45,7,5132,2,10,RENAULT TRUCKS MODEL MISSING,4,E01021741,0,4
2024991400059,2024,991400059,2,21,0,-1,2,1,4,-1,0,1,0,0,0,0,1,1,-1,6,-1,-1,-1,10837,2,12,RENAULT TRUCKS MODEL MISSING,-1,-1,0,-1
2024131402690,2024,131402690,1,21,0,-1,1,3,7,-1,0,0,0,0,0,0,2,1,-1,6,3,-1,-1,10837,2,5,RENAULT TRUCKS MODEL MISSING,-1,-1,0,-1
2024141398971,2024,141398971,4,90,0,-1,19,5,1,-1,0,0,0,0,0,0,1,1,-1,1,1,49,8,-1,-1,-1,RENAULT TRUCKS MODEL MISSING,10,E01027786,0,4
2024501416875,2024,501416875,2,21,1,-1,19,3,8,-1,0,0,0,0,0,0,1,1,-1,1,1,31,6,10837,2,9,RENAULT TRUCKS MODEL MISSING,7,E01015136,0,1
2024031466391,2024,031466391,2,21,1,-1,19,3,7,-1,0,8,0,0,1,0,3,1,-1,1,1,58,9,10837,2,4,RENAULT TRUCKS MODEL MISSING,7,E01013101,0,5
2024991512115,2024,991512115,1,90,0,-1,19,3,7,-1,0,0,0,0,0,0,3,1,-1,1,2,21,5,-1,-1,-1,RENAULT TRUCKS MODEL MISSING,6,-1,0,4
2024311527723,2024,311527723,2,21,4,-1,19,2,2,-1,0,0,0,0,0,0,0,1,-1,1,1,32,6,12777,2,0,RENAULT TRUCKS MODEL MISSING,-1,-1,0,-1
2024631468883,2024,631468883,1,21,4,-1,19,6,2,-1,0,0,0,0,0,0,1,1,-1,1,1,34,6,7146,2,11,RENAULT TRUCKS MODEL MISSING,5,W01000648,0,4
2024361457137,2024,361457137,2,21,1,-1,19,5,2,-1,0,8,0,0,0,0,1,1,-1,1,1,56,9,10837,2,7,RENAULT TRUCKS MODEL MISSING,9,E01026936,0,3
2024061486592,2024,061486592,1,21,1,-1,19,3,7,-1,0,0,0,0,0,0,1,1,-1,1,1,59,9,12780,2,6,RENAULT TRUCKS MODEL MISSING,-1,-1,0,-1
2024231437779,2024,231437779,1,21,1,-1,19,3,7,-1,0,0,0,0,0,0,2,1,-1,1,1,77,11,12780,2,9,RENAULT TRUCKS MODEL MISSING,5,E01032411,0,4
2024471485886,2024,471485886,1,90,0,-1,19,8,4,-1,0,1,0,0,0,0,4,1,-1,1,1,44,7,10837,2,1,RENAULT TRUCKS MODEL MISSING,4,E01020957,0,3
2024211482405,2024,211482405,2,21,0,-1,3,1,5,-1,0,0,0,0,0,0,2,1,-1,6,-1,-1,-1,10837,2,10,RENAULT TRUCKS MODEL MISSING,1,E01005731,0,4
2024070268478,2024,070268478,1,20,0,18,19,7,4,0,0,4,0,0,0,0,1,1,1,1,1,48,8,7698,2,2,RENAULT TRUCKS MODEL MISSING,1,E01012571,0,4
2024332400163,2024,332400163,2,21,0,-1,19,6,2,-1,0,0,0,0,0,0,1,1,-1,1,1,31,6,12777,2,2,RENAULT TRUCKS MODEL MISSING,1,E01009413,0,4
2024430040727,2024,430040727,2,21,0,4,4,4,8,0,0,0,0,0,0,0,2,1,1,1,1,61,9,10837,2,5,RENAULT TRUCKS MODEL MISSING,8,E01007523,0,5
2024461399642,2024,461399642,3,21,1,-1,19,4,8,-1,0,0,0,0,0,0,1,9,-1,1,1,61,9,10837,2,7,RENAULT TRUCKS MODEL MISSING,5,E01001632,0,3
2024401440714,2024,401440714,1,21,1,-1,19,1,5,-1,0,8,5,0,0,0,4,1,-1,1,1,50,8,10837,2,3,RENAULT TRUCKS MODEL MISSING,2,E01017523,0,3
2024471425958,2024,471425958,4,21,0,-1,3,7,3,-1,0,0,0,0,0,0,2,1,-1,1,1,60,9,7698,2,6,RENAULT TRUCKS MODEL MISSING,4,E01000408,0,4
2024440202322,2024,440202322,2,21,0,18,19,4,8,0,0,0,0,0,0,0,1,1,1,1,1,41,7,-1,-1,-1,RENAULT TRUCKS MODEL MISSING,2,E01032879,0,2
2024131418652,2024,131418652,2,21,0,-1,19,7,3,-1,0,0,1,0,0,0,1,1,-1,1,1,73,10,12777,2,5,RENAULT TRUCKS MODEL MISSING,1,E01011667,0,2
2024211403618,2024,211403618,2,21,1,-1,7,3,4,-1,0,3,0,0,0,0,4,1,-1,1,1,46,8,10837,2,5,RENAULT TRUCKS MODEL MISSING,1,E01009507,0,4
2024070659264,2024,070659264,2,21,1,18,19,1,5,0,0,0,0,0,0,0,2,2,1,1,1,52,8,10837,2,9,RENAULT TRUCKS MODEL MISSING,7,E01029545,0,3
2024421511403,2024,421511403,2,21,1,-1,7,7,1,-1,0,8,0,0,0,0,3,1,-1,1,1,53,8,10837,2,3,RENAULT TRUCKS MODEL MISSING,2,E01012886,0,5
2024320682726,2024,320682726,2,21,0,11,11,5,1,0,0,3,0,0,0,0,3,1,1,1,1,41,7,10837,2,3,RENAULT TRUCKS MODEL MISSING,1,E01007708,0,4
2024461468916,2024,461468916,1,20,1,-1,5,3,7,-1,0,0,0,0,0,0,3,1,-1,1,1,62,9,-1,-1,-1,RENAULT TRUCKS MODEL MISSING,2,E01016140,0,2
2024131576084,2024,131576084,2,21,0,-1,19,1,5,-1,0,1,0,0,0,0,4,1,-1,1,1,56,9,12777,2,2,RENAULT TRUCKS MODEL MISSING,6,E01011402,0,4
2024010524040,2024,010524040,1,21,0,9,9,1,6,0,0,3,5,0,0,0,4,1,1,1,2,24,5,12777,2,0,RENAULT TRUCKS MODEL MISSING,10,E01017822,0,4
2024122500035,2024,122500035,3,20,0,3,3,8,4,0,0,0,0,0,0,0,1,1,1,1,1,33,6,4764,2,14,RENAULT TRUCKS MODEL MISSING,1,E01027820,0,4
2024041447323,2024,041447323,1,21,0,-1,19,7,3,-1,0,1,0,4,0,0,1,1,-1,1,1,30,6,5132,2,6,RENAULT TRUCKS MODEL MISSING,1,E01006509,0,4
2024211478267,2024,211478267,2,21,1,-1,-1,5,1,-1,-1,0,0,0,0,0,1,9,-1,-1,1,64,9,10837,2,4,RENAULT TRUCKS MODEL MISSING,4,E01028343,0,4
2024161468970,2024,161468970,2,21,0,-1,19,1,5,-1,0,8,0,0,0,0,4,1,-1,1,1,48,8,10837,2,6,RENAULT TRUCKS MODEL MISSING,10,E01013068,0,3
2024501445721,2024,501445721,3,90,0,-1,2,0,0,-1,0,1,0,0,0,0,3,1,-1,1,1,30,6,4764,2,11,RENAULT TRUCKS MODEL MISSING,10,E01015131,0,1
2024211526932,2024,211526932,2,21,1,-1,19,1,5,-1,0,0,0,4,0,0,4,9,-1,1,1,47,8,12777,2,4,RENAULT TRUCKS MODEL MISSING,8,E01010203,0,4
2024201438323,2024,201438323,1,21,1,-1,11,2,6,-1,0,0,0,0,0,0,1,9,-1,1,1,36,7,10837,2,6,RENAULT TRUCKS MODEL MISSING,7,E01027990,0,4
2024061533331,2024,061533331,2,21,1,-1,11,-1,-1,-1,0,0,0,0,0,0,1,1,-1,6,1,-1,-1,10837,2,8,RENAULT TRUCKS MODEL MISSING,1,E01012198,0,5
2024461468869,2024,461468869,4,21,0,-1,19,8,4,-1,0,0,0,0,0,0,4,9,-1,2,1,58,9,12777,2,1,RENAULT TRUCKS MODEL MISSING,7,E01002373,0,4
2024340NN0792,2024,340NN0792,3,21,0,-1,3,6,2,-1,0,1,0,0,0,0,0,1,-1,6,3,-1,-1,10837,2,2,RENAULT TRUCKS MODEL MISSING,-1,-1,0,-1
2024311532903,2024,311532903,2,21,0,-1,19,5,7,-1,0,0,0,0,0,0,1,1,-1,6,1,45,7,10837,2,0,RENAULT TRUCKS MODEL MISSING,-1,-1,0,-1
2024451453009,2024,451453009,1,21,0,-1,19,1,5,-1,0,0,0,0,0,0,4,1,-1,1,1,34,6,10837,2,15,RENAULT TRUCKS MODEL MISSING,7,E01030652,0,2
2024991517706,2024,991517706,2,21,0,-1,19,2,6,-1,0,1,0,0,0,0,1,1,-1,1,1,43,7,10837,2,1,RENAULT TRUCKS MODEL MISSING,4,-1,0,4
2024211576036,2024,211576036,2,21,1,-1,19,3,7,-1,0,0,3,0,1,10,1,1,-1,1,1,35,6,12777,2,6,RENAULT TRUCKS MODEL MISSING,-1,-1,0,-1
2024991488760,2024,991488760,2,90,0,-1,19,8,4,-1,0,0,0,0,0,0,2,1,-1,9,2,48,8,2464,2,16,RENAULT TRUCKS MODEL MISSING,1,-1,0,4
2024211404686,2024,211404686,1,21,-1,-1,5,5,3,-1,0,4,0,0,0,0,2,9,-1,1,2,-1,-1,12777,2,1,RENAULT TRUCKS MODEL MISSING,-1,-1,0,-1
2024141421541,2024,141421541,3,21,0,-1,19,1,5,-1,0,0,0,0,0,0,2,1,-1,1,1,66,10,12777,2,2,RENAULT TRUCKS MODEL MISSING,3,E01018932,0,5
2024411479967,2024,411479967,1,21,1,-1,19,5,1,-1,0,0,0,0,0,0,1,1,-1,1,1,44,7,10837,2,9,RENAULT TRUCKS MODEL MISSING,5,E01026241,0,5
2024411476393,2024,411476393,1,21,1,-1,19,1,5,-1,0,0,1,11,0,0,1,1,-1,1,1,21,5,10837,2,5,RENAULT TRUCKS MODEL MISSING,1,E01009987,0,5
2024311461453,2024,311461453,2,21,1,-1,2,0,0,-1,-1,0,0,0,0,0,3,1,-1,6,-1,-1,-1,10837,2,9,RENAULT TRUCKS MODEL MISSING,-1,-1,0,-1
2024010498868,2024,010498868,1,21,1,18,19,5,1,0,0,1,0,0,0,0,1,1,1,1,1,38,7,12777,2,5,RENAULT TRUCKS MODEL MISSING,2,E01027243,0,4
2024501471917,2024,501471917,1,21,0,-1,19,3,7,-1,0,0,0,0,0,0,1,1,-1,1,1,51,8,12777,2,5,RENAULT TRUCKS MODEL MISSING,1,E01010239,0,5
2024211503658,2024,211503658,1,21,1,-1,19,7,3,-1,0,0,0,0,0,0,1,1,-1,6,1,29,6,12777,2,3,RENAULT TRUCKS MODEL MISSING,4,-1,0,5
2024401480381,2024,401480381,3,21,1,-1,4,8,4,-1,0,0,0,0,0,0,1,1,-1,1,1,51,8,10837,2,3,RENAULT TRUCKS MODEL MISSING,2,E01019777,0,5
2024041500376,2024,041500376,2,21,0,-1,19,1,5,-1,0,0,0,0,0,0,2,1,-1,1,1,58,9,12777,2,3,RENAULT TRUCKS MODEL MISSING,3,E01004905,0,4
2024201469448,2024,201469448,1,21,1,-1,5,5,1,-1,0,1,0,0,0,0,1,1,-1,1,1,41,7,10837,2,13,RENAULT TRUCKS MODEL MISSING,5,E01009895,0,1
2024430550738,2024,430550738,2,21,0,18,19,4,8,0,0,8,0,0,0,0,1,1,1,1,1,34,6,12777,2,5,RENAULT TRUCKS MODEL MISSING,7,E01002423,0,4
2024520402673,2024,520402673,1,21,1,7,7,1,3,0,0,5,0,0,0,0,3,1,6,6,1,41,7,5132,2,1,RENAULT TRUCKS MODEL MISSING,6,E01027790,0,5
2024440288284,2024,440288284,2,21,1,18,19,5,1,0,0,0,0,0,0,0,2,1,1,1,3,-1,-1,12777,2,2,RENAULT TRUCKS MODEL MISSING,-1,-1,0,-1
2024070289257,2024,070289257,1,21,1,18,19,1,5,0,0,0,0,6,0,7,1,1,1,1,1,39,7,12777,2,1,RENAULT TRUCKS MODEL MISSING,8,E01002414,0,5
2024320315128,2024,320315128,1,21,0,11,11,1,5,0,0,0,5,4,1,0,1,1,1,1,1,52,8,5132,2,7,RENAULT TRUCKS MODEL MISSING,4,E01015591,0,4
2024371449385,2024,371449385,1,21,1,-1,19,7,3,-1,0,1,0,0,0,0,1,1,-1,1,1,61,9,10837,2,6,RENAULT TRUCKS MODEL MISSING,3,E01027188,0,5
2024131451323,2024,131451323,1,21,0,-1,19,3,7,-1,0,0,0,0,0,0,1,1,-1,1,1,66,10,12777,2,5,RENAULT TRUCKS MODEL MISSING,5,E01035067,0,5
2024070192319,2024,070192319,2,20,1,18,19,1,5,0,0,2,0,0,0,0,1,1,1,1,1,60,9,-1,-1,-1,RENAULT TRUCKS MODEL MISSING,-1,-1,0,-1
2024301495328,2024,301495328,2,21,1,-1,-1,1,2,-1,-1,0,0,0,0,0,4,9,-1,-1,1,53,8,10837,2,4,RENAULT TRUCKS MODEL MISSING,6,E01035098,0,1
2024070539531,2024,070539531,1,20,0,5,5,5,1,0,0,1,0,0,0,0,3,1,1,1,1,31,6,4764,2,11,RENAULT TRUCKS MODEL MISSING,3,E01004905,0,4
2024501507205,2024,501507205,1,21,1,-1,4,7,3,-1,0,4,5,0,1,1,1,1,-1,1,1,59,9,12777,2,3,RENAULT TRUCKS MODEL MISSING,3,E01027180,0,5
2024421467205,2024,421467205,1,21,1,-1,5,8,3,-1,0,0,0,0,0,0,4,1,-1,1,1,61,9,10837,2,1,RENAULT TRUCKS MODEL MISSING,1,E01021970,0,4
2024141401515,2024,141401515,1,21,0,-1,2,0,0,-1,0,0,0,0,0,0,0,1,-1,1,1,33,6,10837,2,8,RENAULT TRUCKS MODEL MISSING,7,E01013709,0,5
2024351396799,2024,351396799,2,21,1,-1,19,6,2,-1,0,1,0,0,0,0,1,9,-1,1,1,53,8,12777,2,2,RENAULT TRUCKS MODEL MISSING,7,E01000437,0,4
2024351480052,2024,351480052,2,21,1,-1,19,7,3,-1,0,0,0,0,0,0,1,9,-1,1,1,53,8,12777,2,0,RENAULT TRUCKS MODEL MISSING,10,E01026300,0,4
2024430031296,2024,430031296,1,21,1,18,19,8,4,0,0,0,0,0,0,0,1,1,1,1,1,55,8,12777,2,2,RENAULT TRUCKS MODEL MISSING,-1,-1,0,-1
2024522403418,2024,522403418,2,21,0,11,11,8,4,0,0,8,0,0,0,0,1,1,6,6,3,-1,-1,12777,2,3,RENAULT TRUCKS MODEL MISSING,-1,-1,0,-1
2024111398182,2024,111398182,2,21,1,-1,2,5,1,-1,0,0,0,0,0,0,3,1,-1,2,1,31,6,12777,2,5,RENAULT TRUCKS MODEL MISSING,1,E01008090,0,5
2024340WN2032,2024,340WN2032,2,5,0,-1,19,3,7,-1,0,1,0,0,0,0,1,1,-1,6,1,63,9,411,1,1,ROYAL ENFIELD HIMALAYAN,8,E01027325,0,3
2024471461408,2024,471461408,1,4,0,-1,19,5,1,-1,0,1,0,0,7,0,4,1,-1,6,1,17,4,411,1,3,ROYAL ENFIELD HIMALAYAN,1,E01020994,0,1