collision_index,collision_year,collision_ref_no,vehicle_reference,vehicle_type,towing_and_articulation,vehicle_manoeuvre_historic,vehicle_manoeuvre,vehicle_direction_from,vehicle_direction_to,vehicle_location_restricted_lane_historic,vehicle_location_restricted_lane,junction_location,skidding_and_overturning,hit_object_in_carriageway,vehicle_leaving_carriageway,hit_object_off_carriageway,first_point_of_impact,vehicle_left_hand_drive,journey_purpose_of_driver_historic,journey_purpose_of_driver,sex_of_driver,age_of_driver,age_band_of_driver,engine_capacity_cc,propulsion_code,age_of_vehicle,generic_make_model,driver_imd_decile,lsoa_of_driver,escooter_flag,driver_distance_banding
2024991463863,2024,991463863,1,5,0,-1,19,1,5,-1,0,0,1,0,0,0,1,1,-1,9,1,59,9,411,1,5,ROYAL ENFIELD HIMALAYAN,4,-1,0,5
2024122401034,2024,122401034,2,4,0,5,5,2,7,0,0,0,0,0,0,0,4,1,6,6,1,70,10,411,1,1,ROYAL ENFIELD HIMALAYAN,7,E01011530,0,4
2024991421000,2024,991421000,1,4,0,-1,15,7,4,-1,0,1,0,11,0,0,1,1,-1,2,1,57,9,411,1,2,ROYAL ENFIELD HIMALAYAN,-1,-1,0,-1
2024631396189,2024,631396189,1,4,0,-1,19,4,8,-1,0,0,1,11,0,0,1,1,-1,2,1,43,7,411,1,2,ROYAL ENFIELD HIMALAYAN,7,W01000523,0,2
2024430055120,2024,430055120,1,4,0,18,19,4,8,0,0,8,0,0,0,0,1,1,6,6,1,66,10,411,1,3,ROYAL ENFIELD HIMALAYAN,5,E01016226,0,3
2024522402899,2024,522402899,2,4,0,13,13,6,2,0,0,8,0,0,0,0,1,1,6,6,1,40,7,411,1,4,ROYAL ENFIELD HIMALAYAN,2,E01014486,0,1
2024041433904,2024,041433904,2,4,0,-1,19,1,5,-1,0,8,0,0,0,0,3,1,-1,6,1,65,9,411,1,2,ROYAL ENFIELD HIMALAYAN,6,E01025593,0,3
2024440212414,2024,440212414,2,4,0,18,19,2,6,0,0,0,0,0,0,0,1,1,2,2,1,23,5,411,1,6,ROYAL ENFIELD HIMALAYAN,10,E01016196,0,1
2024211455823,2024,211455823,2,4,0,-1,19,4,8,-1,0,1,5,0,0,0,1,1,-1,2,1,61,9,411,1,2,ROYAL ENFIELD HIMALAYAN,-1,-1,0,-1
2024031472490,2024,031472490,1,5,0,-1,19,1,5,-1,0,1,0,0,1,0,1,1,-1,2,1,65,9,411,1,3,ROYAL ENFIELD HIMALAYAN,5,E01025098,0,2
2024461496182,2024,461496182,2,4,0,-1,19,5,1,-1,0,1,0,0,0,0,2,1,-1,6,1,33,6,411,1,6,ROYAL ENFIELD HIMALAYAN,7,E01024245,0,1
2024332400927,2024,332400927,2,4,0,-1,19,5,1,-1,0,8,0,0,0,0,1,1,-1,6,1,70,10,411,1,6,ROYAL ENFIELD HIMALAYAN,9,E01035101,0,3
2024161445847,2024,161445847,2,5,0,-1,19,7,3,-1,0,3,0,0,0,0,4,1,-1,6,1,68,10,776,1,1,-1,7,E01027788,0,4
2024070544698,2024,070544698,2,5,0,17,19,3,7,0,0,3,0,0,0,0,4,1,2,2,2,43,7,776,1,0,-1,9,E01012514,0,3
2024622400874,2024,622400874,1,5,0,18,19,2,6,0,0,1,0,0,0,0,0,1,6,6,1,23,5,776,1,0,-1,2,W01000993,0,3
2024631493194,2024,631493194,1,9,0,-1,19,6,2,-1,0,1,1,0,0,0,1,1,-1,6,2,18,4,999,1,20,VOLKSWAGEN LUPO,6,W01000560,0,3
2024211452642,2024,211452642,1,9,0,-1,19,5,1,-1,0,0,2,10,1,0,4,1,-1,2,2,19,4,1390,1,19,VOLKSWAGEN LUPO,1,E01009748,0,2
2024501450384,2024,501450384,1,9,0,-1,19,7,3,-1,0,0,1,0,0,0,1,1,-1,9,1,18,4,1390,1,20,VOLKSWAGEN LUPO,9,E01020091,0,3
2024041515880,2024,041515880,1,9,0,-1,19,7,3,-1,0,0,1,0,0,0,1,1,-1,9,1,17,4,999,1,23,VOLKSWAGEN LUPO,5,E01025320,0,2
2024031432864,2024,031432864,1,9,0,-1,19,6,2,-1,0,0,1,0,2,10,1,1,-1,9,1,17,4,999,1,23,VOLKSWAGEN LUPO,8,E01019391,0,1
202460Q034144,2024,60Q034144,2,9,0,18,19,7,3,0,0,0,0,4,0,0,1,1,6,6,2,51,8,1390,1,24,VOLKSWAGEN LUPO,-1,-1,0,-1
2024471485166,2024,471485166,1,9,0,-1,4,3,7,-1,0,1,0,0,0,0,3,1,-1,6,2,76,11,1390,1,21,VOLKSWAGEN LUPO,10,E01021218,0,2
2024451473333,2024,451473333,2,9,0,-1,99,1,5,-1,99,0,0,0,0,0,1,1,-1,6,1,18,4,999,1,22,VOLKSWAGEN LUPO,5,E01034297,0,2
2024411525590,2024,411525590,2,9,-1,-1,-1,-1,-1,-1,-1,-1,-1,-1,-1,0,-1,9,-1,6,2,26,6,1716,2,23,VOLKSWAGEN LUPO,8,E01034436,0,4
2024520003201,2024,520003201,1,9,0,9,9,7,5,0,0,8,0,0,0,0,1,1,6,6,2,21,5,1390,1,19,VOLKSWAGEN LUPO,6,E01014471,0,3
2024421500397,2024,421500397,2,9,0,-1,10,1,7,-1,0,1,0,0,0,0,3,1,-1,6,2,42,7,999,1,24,VOLKSWAGEN LUPO,3,E01021565,0,1
2024201467502,2024,201467502,1,9,0,-1,19,2,6,-1,0,8,0,0,0,0,1,9,-1,6,1,25,5,1598,1,20,VOLKSWAGEN LUPO,2,E01009499,0,3
2024010539886,2024,010539886,1,9,0,1,1,5,1,0,0,5,0,0,1,0,3,1,6,6,1,30,6,999,1,19,VOLKSWAGEN LUPO,2,E01001486,0,2
2024041478539,2024,041478539,1,9,0,-1,19,1,5,-1,0,0,0,0,0,0,1,1,-1,9,1,18,4,1390,1,19,VOLKSWAGEN LUPO,2,E01004772,0,2
2024041494435,2024,041494435,1,9,0,-1,19,5,1,-1,0,4,0,10,0,0,1,1,-1,9,1,82,11,999,1,23,VOLKSWAGEN LUPO,3,E01025554,0,2
2024332400532,2024,332400532,1,9,0,-1,19,7,3,-1,0,1,0,0,7,11,1,1,-1,9,1,34,6,999,1,19,VOLKSWAGEN LUPO,8,E01035097,0,1
2024131511104,2024,131511104,1,4,0,-1,19,-1,-1,-1,0,2,-1,-1,-1,-1,-1,1,-1,6,3,-1,-1,459,1,20,-1,-1,-1,0,-1
2024531509697,2024,531509697,2,3,0,-1,19,5,1,-1,0,1,0,0,0,0,1,1,-1,9,1,33,6,124,1,3,APRILIA SX 125,7,E01022336,0,2
2024131439246,2024,131439246,2,3,0,-1,19,5,5,-1,0,8,0,0,0,0,1,1,-1,9,1,28,6,124,1,1,APRILIA SX 125,7,E01011299,0,2
2024070975988,2024,070975988,1,4,0,-1,12,1,2,-1,0,8,0,0,0,0,1,1,-1,7,1,23,5,124,1,1,APRILIA SX 125,5,E01018501,0,1
2024010531335,2024,010531335,2,3,0,99,99,9,9,99,99,9,9,99,9,99,9,1,6,6,1,19,4,124,1,3,APRILIA SX 125,5,E01002590,0,2
2024231481445,2024,231481445,1,3,0,-1,19,5,8,-1,0,0,1,0,1,0,3,1,-1,6,1,23,5,124,1,2,APRILIA SX 125,1,E01035017,0,1
2024311482070,2024,311482070,1,3,0,-1,19,1,5,-1,0,2,2,0,7,11,1,1,-1,9,1,15,3,124,1,2,APRILIA SX 125,5,E01027949,0,1
2024522500533,2024,522500533,2,3,0,18,19,1,5,0,0,6,0,0,0,0,1,1,6,6,1,23,5,124,1,0,APRILIA SX 125,7,E01014910,0,2
2024520003084,2024,520003084,2,3,0,18,19,1,5,0,0,8,0,0,0,0,1,1,6,6,1,40,7,124,1,1,APRILIA SX 125,1,E01014597,0,1
2024320236915,2024,320236915,1,3,0,-1,-1,7,3,0,0,2,2,0,0,0,2,1,6,6,1,25,5,124,1,5,APRILIA SX 125,8,E01013791,0,2
2024421452330,2024,421452330,1,3,0,-1,13,7,3,-1,0,1,0,0,0,0,1,1,-1,1,1,20,4,124,1,2,APRILIA SX 125,2,E01015828,0,1
2024401502480,2024,401502480,1,3,0,-1,4,6,1,-1,0,6,0,0,0,0,1,1,-1,9,1,32,6,124,1,1,APRILIA SX 125,2,E01033803,0,3
2024320366105,2024,320366105,1,4,0,-1,-1,6,2,0,0,0,0,0,0,0,1,1,6,6,1,17,4,124,1,1,APRILIA SX 125,-1,-1,0,-1
2024531521674,2024,531521674,1,3,0,-1,19,7,3,-1,0,0,0,0,0,0,1,1,-1,9,1,26,6,124,1,0,APRILIA SX 125,1,E01022319,0,1
2024440342952,2024,440342952,1,3,0,18,19,8,4,0,0,1,0,0,0,0,1,1,2,2,1,35,6,124,1,1,APRILIA SX 125,8,E01017215,0,1
2024231495417,2024,231495417,1,3,0,-1,19,4,8,-1,0,0,1,0,0,0,1,1,-1,1,1,26,6,124,1,1,APRILIA SX 125,4,E01031163,0,4
2024547234524,2024,547234524,1,3,0,18,19,6,2,0,0,0,0,0,1,4,4,1,6,6,1,38,7,124,1,2,APRILIA SX 125,9,E01034531,0,3
2024201468100,2024,201468100,2,3,0,-1,19,3,7,-1,0,8,0,0,0,0,1,1,-1,6,1,20,4,124,1,2,APRILIA SX 125,1,E01009841,0,1
2024122500100,2024,122500100,1,9,0,9,9,5,3,0,0,8,0,0,0,0,1,1,6,6,1,73,10,600,8,6,BMW I3,8,E01027677,0,1
2024451457762,2024,451457762,2,9,0,-1,19,6,3,-1,0,6,0,0,0,0,1,1,-1,6,2,30,6,-1,3,2,BMW I3,-1,-1,0,-1
2024461444270,2024,461444270,2,9,0,-1,19,3,7,-1,0,0,0,0,0,0,1,1,-1,9,2,40,7,-1,3,3,BMW I3,7,E01024650,0,2
2024010523866,2024,010523866,2,9,0,5,5,9,9,99,99,9,9,99,9,99,9,9,6,6,2,-1,-1,-1,3,7,BMW I3,-1,-1,0,-1
2024070405227,2024,070405227,2,9,0,2,2,0,0,0,0,0,0,0,0,0,3,1,6,6,3,-1,-1,-1,3,11,BMW I3,10,E01033996,0,4
2024221412870,2024,221412870,1,9,0,-1,9,3,1,-1,0,4,0,0,0,0,1,9,-1,2,1,41,7,647,8,7,BMW I3,2,E01034332,0,1
2024211484053,2024,211484053,1,9,0,-1,19,7,3,-1,0,0,0,0,0,0,1,1,-1,6,2,48,8,-1,3,5,BMW I3,6,E01031035,0,1
2024471409600,2024,471409600,1,9,0,-1,19,7,3,-1,0,1,0,0,0,0,1,1,-1,6,1,56,9,-1,3,3,BMW I3,8,E01017006,0,1
2024010504523,2024,010504523,2,9,0,7,7,3,6,0,0,1,0,0,0,0,1,1,6,6,2,62,9,600,8,6,BMW I3,6,E01002740,0,1
2024991406142,2024,991406142,1,9,0,-1,5,6,4,-1,0,6,0,0,0,0,3,1,-1,9,1,74,10,-1,3,3,BMW I3,8,-1,0,1
2024522500164,2024,522500164,2,9,0,9,9,4,2,0,0,5,0,0,0,0,1,1,6,6,2,52,8,-1,3,6,BMW I3,5,E01032516,0,2
2024010544260,2024,010544260,2,9,9,99,99,9,9,99,99,9,9,99,9,99,9,9,6,6,3,-1,-1,-1,3,4,BMW I3,-1,-1,0,-1
2024451499493,2024,451499493,2,9,9,-1,7,7,1,-1,0,0,0,0,0,0,1,1,-1,6,2,-1,-1,600,8,6,BMW I3,-1,-1,0,-1
2024421427209,2024,421427209,2,9,0,-1,19,3,7,-1,0,0,0,0,0,0,1,1,-1,6,2,29,6,-1,3,3,BMW I3,4,E01021915,0,1
2024991401701,2024,991401701,1,9,0,-1,19,7,3,-1,0,0,2,0,2,11,4,1,-1,1,2,30,6,600,8,6,BMW I3,1,-1,0,4
2024010544854,2024,010544854,1,9,9,99,99,9,9,99,99,9,9,99,9,99,9,9,6,6,2,39,7,-1,3,5,BMW I3,-1,-1,0,-1
2024010497427,2024,010497427,1,9,0,3,3,3,7,0,0,8,0,0,0,0,2,1,6,6,2,65,9,-1,3,5,BMW I3,7,E01002573,0,1
2024991480724,2024,991480724,2,9,0,-1,9,2,6,-1,0,0,1,0,1,0,2,1,-1,9,1,40,7,-1,3,4,BMW I3,10,-1,0,3
2024201466594,2024,201466594,1,9,0,-1,7,7,1,-1,0,6,0,0,0,0,1,1,-1,6,2,39,7,647,8,9,BMW I3,9,E01010215,0,1
2024010518586,2024,010518586,1,9,0,4,4,8,4,0,0,2,0,0,0,0,0,1,1,1,1,29,6,600,8,6,BMW I3,4,E01034156,0,1
2024010504341,2024,010504341,2,9,0,99,99,9,9,0,0,9,9,99,9,99,1,9,6,6,3,-1,-1,-1,3,3,BMW I3,-1,-1,0,-1
2024010511821,2024,010511821,1,9,0,99,99,9,9,99,99,9,9,99,9,99,9,9,6,6,2,42,7,-1,3,5,BMW I3,2,E01000084,0,1
2024010528257,2024,010528257,1,9,0,9,9,1,7,5,5,6,0,0,0,0,1,1,6,6,1,34,6,-1,3,5,BMW I3,-1,-1,0,-1
2024010529891,2024,010529891,1,9,0,4,4,5,1,0,0,6,0,7,0,0,1,1,6,6,1,24,5,-1,3,10,BMW I3,6,E01000203,0,1
2024201531751,2024,201531751,1,9,0,-1,19,3,7,-1,0,0,0,0,0,0,3,1,-1,6,2,44,7,-1,3,4,BMW I3,10,E01029513,0,3
2024231459227,2024,231459227,2,9,0,-1,9,6,4,-1,0,6,0,0,0,0,3,1,-1,9,1,71,10,600,8,5,BMW I3,-1,-1,0,-1
2024320379652,2024,320379652,2,9,0,2,2,0,0,0,0,0,0,0,0,0,4,1,6,6,3,-1,-1,-1,3,2,BMW I3,-1,-1,0,-1
2024471425950,2024,471425950,1,9,0,-1,9,5,2,-1,0,1,0,0,7,0,4,1,-1,2,2,52,8,647,8,7,BMW I3,7,E01031626,0,1
2024351519870,2024,351519870,1,9,-1,-1,-1,-1,-1,-1,-1,-1,-1,-1,-1,0,-1,9,-1,6,1,36,7,-1,3,2,BMW I3,5,E01033180,0,1
2024302401573,2024,302401573,1,9,0,18,19,7,3,0,0,1,0,0,0,0,1,1,2,2,2,52,8,-1,3,4,BMW I3,4,E01019824,0,1
2024201494878,2024,201494878,2,9,0,-1,19,1,1,-1,0,8,0,0,0,0,4,9,-1,9,2,42,7,600,8,5,BMW I3,10,E01029674,0,2
2024430338630,2024,430338630,1,9,0,18,19,4,8,0,0,1,0,0,0,1,1,1,6,6,2,52,8,647,8,9,BMW I3,4,E01028819,0,3
2024010505061,2024,010505061,1,9,0,18,19,5,1,0,0,0,0,0,0,0,1,1,6,6,2,42,7,-1,3,3,BMW I3,9,E01002900,0,2
2024231505468,2024,231505468,1,9,0,-1,2,3,7,-1,0,8,0,11,0,0,1,9,-1,9,1,86,11,647,8,7,BMW I3,8,E01032388,0,2
2024461524887,2024,461524887,1,9,0,-1,13,2,6,-1,0,0,0,0,0,0,1,1,-1,2,2,53,8,-1,3,3,BMW I3,4,E01024665,0,1
2024552401462,2024,552401462,2,9,0,4,4,6,2,0,0,0,0,0,0,0,2,1,6,6,1,57,9,-1,3,5,BMW I3,7,E01020430,0,4
2024501396941,2024,501396941,1,9,0,-1,19,8,4,-1,0,0,2,0,0,0,1,1,-1,9,1,70,10,647,8,9,BMW I3,5,E01020088,0,2
2024231471591,2024,231471591,2,9,0,-1,19,2,4,-1,0,6,0,0,0,0,1,9,-1,9,2,76,11,-1,3,2,BMW I3,5,E01031027,0,1
2024010516790,2024,010516790,1,9,0,1,1,9,9,99,99,0,9,99,9,99,2,9,6,6,3,-1,-1,-1,3,6,BMW I3,-1,-1,0,-1
2024231462259,2024,231462259,1,9,0,-1,9,7,5,-1,0,5,0,0,0,0,4,1,-1,9,1,32,6,647,8,10,BMW I3,8,E01009686,0,2
2024010490988,2024,010490988,1,9,0,18,19,7,3,0,0,0,0,0,0,0,4,1,6,6,2,53,8,-1,3,3,BMW I3,4,E01000869,0,1
2024010503585,2024,010503585,1,9,0,7,7,1,3,0,0,1,0,0,0,0,1,1,6,6,1,44,7,-1,3,4,BMW I3,8,E01030390,0,1
2024010547961,2024,010547961,1,9,0,18,19,7,3,0,0,0,1,0,1,10,1,1,2,2,1,36,7,-1,3,4,BMW I3,3,E01033591,0,1
2024522403071,2024,522403071,1,9,0,18,19,7,3,0,0,2,0,0,0,0,1,1,6,6,2,30,6,647,8,7,BMW I3,8,E01014819,0,1
2024351489558,2024,351489558,2,9,0,-1,3,7,1,-1,0,6,0,0,0,0,2,1,-1,6,2,49,8,600,8,6,BMW I3,9,E01033175,0,1
2024430270773,2024,430270773,1,9,0,17,19,7,4,0,0,8,0,0,0,0,1,1,1,1,2,49,8,-1,3,5,BMW I3,-1,-1,0,-1
2024010533978,2024,010533978,1,9,0,9,9,7,5,0,0,8,0,0,0,0,1,1,3,7,2,55,8,600,8,6,BMW I3,-1,-1,0,-1
2024010546575,2024,010546575,1,9,0,4,4,5,1,0,0,2,0,0,0,0,1,1,6,6,1,50,8,-1,3,7,BMW I3,10,E01004705,0,1
2024552400652,2024,552400652,2,9,0,18,19,3,7,0,0,8,0,0,0,0,1,1,3,7,2,43,7,-1,3,4,BMW I3,5,E01015380,0,1
2024231457388,2024,231457388,1,9,0,-1,7,1,3,-1,0,6,1,0,3,11,1,1,-1,9,1,34,6,-1,3,4,BMW I3,4,E01031026,0,1
2024010497940,2024,010497940,2,9,0,99,99,9,9,99,99,9,9,99,9,99,9,9,6,6,3,-1,-1,-1,3,5,BMW I3,-1,-1,0,-1
2024010492421,2024,010492421,1,9,0,4,4,3,7,0,0,0,0,0,0,0,3,1,6,6,2,51,8,647,8,10,BMW I3,8,E01001526,0,1
2024991421963,2024,991421963,2,9,0,-1,19,3,7,-1,0,1,0,0,0,0,3,2,-1,9,2,59,9,-1,3,4,BMW I3,10,-1,0,1
2024351398371,2024,351398371,1,9,0,-1,9,1,7,-1,0,5,0,0,0,0,4,1,-1,6,2,47,8,-1,3,7,BMW I3,8,E01035511,0,1
2024010516721,2024,010516721,1,9,0,5,5,3,7,0,0,1,0,0,0,0,1,1,6,6,2,77,11,-1,3,8,BMW I3,-1,-1,0,-1
2024010533365,2024,010533365,1,9,0,13,13,1,5,9,9,2,0,0,7,0,4,1,6,6,1,53,8,-1,3,4,BMW I3,3,E01000930,0,1
2024451527200,2024,451527200,2,9,0,-1,4,1,5,-1,0,0,0,0,0,0,1,1,-1,9,2,39,7,-1,3,2,BMW I3,9,E01030908,0,4
2024010522967,2024,010522967,2,9,0,99,99,9,9,99,99,0,9,99,9,99,9,9,6,6,3,-1,-1,647,8,8,BMW I3,-1,-1,0,-1
2024430606165,2024,430606165,1,9,0,18,19,4,8,0,0,3,5,0,1,4,4,1,6,6,1,75,10,-1,3,3,BMW I3,10,E01028711,0,2
2024061404963,2024,061404963,1,9,0,-1,19,4,8,-1,0,8,0,0,0,0,1,1,-1,9,2,74,10,-1,3,3,BMW I3,8,E01006100,0,1
2024031491150,2024,031491150,2,9,0,-1,19,3,7,-1,0,8,0,0,0,0,3,1,-1,8,1,24,5,-1,3,5,BMW I3,-1,-1,0,-1
2024010528864,2024,010528864,1,9,0,18,19,1,5,0,0,1,0,0,7,0,3,1,6,6,1,66,10,600,8,7,BMW I3,7,E01017351,0,4
2024311473856,2024,311473856,2,9,0,-1,19,5,1,-1,0,1,1,0,0,0,1,9,-1,9,1,60,9,600,8,6,BMW I3,4,E01007540,0,4
2024471407343,2024,471407343,2,9,0,-1,4,5,1,-1,0,0,0,0,0,0,3,1,-1,9,1,63,9,600,8,5,BMW I3,5,E01021099,0,1
2024010547048,2024,010547048,1,9,0,-1,-1,3,7,0,0,3,0,0,0,0,1,1,1,1,2,60,9,647,8,7,BMW I3,2,E01003205,0,1
2024010539270,2024,010539270,2,9,0,3,3,3,7,0,0,1,0,0,0,0,1,1,6,6,1,30,6,-1,3,3,BMW I3,7,E01003820,0,2
2024451505077,2024,451505077,2,9,0,-1,19,1,5,-1,0,0,0,0,0,0,1,1,-1,9,2,58,9,-1,3,3,BMW I3,9,E01031504,0,3
2024010522033,2024,010522033,1,9,0,99,99,9,9,99,99,9,9,99,9,99,2,9,6,6,3,-1,-1,-1,3,8,BMW I3,-1,-1,0,-1
2024010519337,2024,010519337,1,9,0,9,9,7,6,0,0,1,0,0,0,0,1,1,6,6,1,66,10,-1,3,4,BMW I3,9,E01000207,0,2
2024991394787,2024,991394787,1,9,0,-1,19,4,8,-1,0,0,2,10,1,2,1,1,-1,6,2,75,10,-1,3,10,BMW I3,10,-1,0,1
2024552400585,2024,552400585,2,9,0,3,3,2,6,0,0,1,0,0,0,0,2,1,6,6,2,28,6,-1,3,4,BMW I3,5,E01015435,0,1
2024010520474,2024,010520474,1,9,0,99,99,9,9,99,99,9,9,99,9,99,9,9,6,6,1,49,8,-1,3,3,BMW I3,3,E01001004,0,1
2024461407344,2024,461407344,1,9,0,-1,9,7,5,-1,0,8,0,0,0,0,3,1,-1,7,2,67,10,647,8,8,BMW I3,10,E01024426,0,1
2024471461482,2024,471461482,1,9,0,-1,9,5,1,-1,0,1,0,0,0,0,1,9,-1,6,2,-1,-1,-1,3,8,BMW I3,-1,-1,0,-1
2024010531914,2024,010531914,1,9,0,18,19,3,7,0,0,4,0,0,0,0,4,1,2,2,1,59,9,-1,3,9,BMW I3,8,E01023312,0,3
2024010533172,2024,010533172,2,9,0,99,99,9,9,99,99,9,9,99,9,99,9,9,6,6,3,-1,-1,-1,3,5,BMW I3,-1,-1,0,-1
2024010507921,2024,010507921,1,9,0,9,9,1,7,0,0,1,0,0,0,0,1,1,6,6,2,47,8,-1,3,4,BMW I3,9,E01000213,0,1
2024522401319,2024,522401319,4,9,0,18,19,6,2,0,0,0,0,4,0,0,1,1,6,6,2,52,8,600,8,6,BMW I3,5,E01014720,0,1
2024010534216,2024,010534216,1,9,0,18,19,3,7,0,0,8,0,0,0,0,4,1,1,1,2,33,6,-1,3,4,BMW I3,3,E01035498,0,1
2024461433086,2024,461433086,4,3,0,-1,2,0,0,-1,0,1,1,0,0,0,3,1,-1,6,-1,-1,-1,124,1,11,-1,-1,-1,0,-1
2024041523394,2024,041523394,2,3,0,-1,19,1,5,-1,0,0,0,0,0,0,1,1,-1,9,1,23,5,124,1,10,-1,3,E01025571,0,1
2024041483182,2024,041483182,2,3,0,-1,19,5,1,-1,0,1,5,0,0,0,3,1,-1,6,1,17,4,124,1,10,-1,1,E01012702,0,1
2024010528938,2024,010528938,1,11,0,4,4,3,7,0,0,1,0,0,0,0,4,1,6,6,1,43,7,9200,2,22,DAF MODEL MISSING,6,E01024806,0,4
2024070874157,2024,070874157,1,11,0,-1,19,5,1,-1,0,0,0,0,0,0,4,1,-1,1,1,20,4,6700,2,16,DAF MODEL MISSING,-1,-1,0,-1
2024361500453,2024,361500453,2,21,0,-1,2,0,0,-1,0,0,0,0,0,0,2,1,-1,1,1,37,7,6700,2,8,DAF MODEL MISSING,5,E01026766,0,2
2024302401155,2024,302401155,2,11,0,18,19,5,1,0,0,0,0,0,0,0,0,1,1,1,3,-1,-1,6700,2,15,DAF MODEL MISSING,-1,-1,0,-1
2024320275284,2024,320275284,1,11,0,9,9,6,4,0,0,8,0,0,0,0,3,1,1,1,2,51,8,5900,2,17,DAF MODEL MISSING,-1,-1,0,-1
2024010504504,2024,010504504,2,21,9,99,99,9,9,99,99,0,9,99,9,99,9,9,6,6,3,-1,-1,10837,2,7,DAF MODEL MISSING,2,E01034476,0,1
202460Q045636,2024,60Q045636,1,11,0,18,19,3,7,0,0,1,0,0,0,0,1,1,1,1,1,56,9,6700,2,15,DAF MODEL MISSING,-1,-1,0,-1
2024052402097,2024,052402097,1,11,0,5,5,1,5,0,0,0,0,0,0,0,4,1,1,1,1,61,9,6700,2,15,DAF MODEL MISSING,2,E01007276,0,2
2024122400497,2024,122400497,2,11,0,4,4,7,3,0,0,0,0,0,0,0,1,1,1,1,1,54,8,9200,2,14,DAF MODEL MISSING,4,E01019318,0,4
2024631512203,2024,631512203,1,21,4,-1,19,1,6,-1,0,0,1,0,1,10,4,1,-1,1,1,60,9,12902,2,2,DAF MODEL MISSING,5,W01000077,0,5
2024501454822,2024,501454822,2,9,0,-1,19,3,7,-1,0,0,0,0,0,0,1,9,-1,9,2,58,9,1388,1,14,FORD FUSION,4,E01020321,0,1
2024351399803,2024,351399803,1,9,0,-1,19,-1,-1,-1,0,1,0,0,0,0,1,9,-1,7,2,-1,-1,1596,1,15,FORD FUSION,-1,-1,0,-1
2024010498313,2024,010498313,1,9,0,18,19,7,3,0,0,2,0,0,0,0,1,1,6,6,1,79,11,1388,1,19,FORD FUSION,5,E01000607,0,1
2024461509097,2024,461509097,1,9,0,-1,12,8,2,-1,0,1,0,10,6,0,3,1,-1,6,1,26,6,1388,1,14,FORD FUSION,5,E01009451,0,5
2024461459979,2024,461459979,3,9,0,-1,3,8,4,-1,0,0,0,0,0,0,3,2,-1,6,1,51,8,1388,1,15,FORD FUSION,4,E01024208,0,4
2024522500371,2024,522500371,1,9,0,18,19,9,9,0,0,4,0,0,0,0,1,1,6,6,2,23,5,1596,1,18,FORD FUSION,2,E01014828,0,1
2024361415599,2024,361415599,1,9,0,-1,9,8,5,-1,0,8,0,0,0,0,4,1,-1,9,1,28,6,1388,1,21,FORD FUSION,3,E01026853,0,1
2024501464150,2024,501464150,1,9,0,-1,19,8,4,-1,0,0,2,0,2,10,1,1,-1,9,1,47,8,1399,2,15,FORD FUSION,2,E01024061,0,5
2024430433103,2024,430433103,2,9,0,5,5,1,5,0,0,2,0,0,0,0,3,1,6,6,1,-1,-1,1388,1,15,FORD FUSION,-1,-1,0,-1
2024010504654,2024,010504654,2,9,0,3,3,1,5,0,0,1,0,0,0,0,2,1,2,2,1,43,7,1596,1,16,FORD FUSION,3,E01002102,0,2
2024131492428,2024,131492428,2,9,0,-1,9,1,5,-1,0,8,0,0,0,0,1,1,-1,6,1,77,11,1596,1,14,FORD FUSION,6,E01011070,0,2
2024311429566,2024,311429566,1,9,0,-1,4,8,4,-1,0,1,0,0,0,0,1,1,-1,6,1,32,6,1596,1,18,FORD FUSION,1,E01013876,0,2
2024544434824,2024,544434824,1,9,0,9,9,3,7,0,0,5,0,0,0,0,1,1,6,6,2,75,10,1596,1,19,FORD FUSION,3,E01015488,0,2
2024411475989,2024,411475989,1,9,0,-1,19,3,7,-1,0,0,0,0,7,0,1,1,-1,9,1,72,10,1560,2,18,FORD FUSION,7,E01023572,0,2
2024622400580,2024,622400580,1,9,0,18,19,4,8,0,0,8,0,0,0,0,1,1,6,6,1,76,11,1596,1,17,FORD FUSION,3,W01001265,0,4
2024101531196,2024,101531196,1,9,-1,-1,-1,3,7,-1,0,0,0,0,0,0,-1,9,-1,6,1,-1,-1,1388,1,19,FORD FUSION,4,E01008514,0,1
2024010562194,2024,010562194,2,9,0,99,99,9,9,99,99,9,9,99,9,99,9,9,6,6,3,-1,-1,1596,1,15,FORD FUSION,-1,-1,0,-1
2024531418580,2024,531418580,1,9,0,-1,19,7,3,-1,0,0,2,0,1,4,1,1,-1,9,2,25,5,1596,1,16,FORD FUSION,8,E01022207,0,3
2024061509522,2024,061509522,1,9,0,-1,19,5,1,-1,0,1,0,0,0,0,4,1,-1,9,1,55,8,1388,1,21,FORD FUSION,2,E01004858,0,1
2024131516558,2024,131516558,1,9,0,-1,19,7,3,-1,0,0,0,0,0,0,1,1,-1,6,-1,-1,-1,1388,1,21,FORD FUSION,-1,-1,0,-1
2024070790861,2024,070790861,1,9,0,-1,12,3,3,-1,0,1,0,0,7,0,1,1,-1,6,1,44,7,1388,1,16,FORD FUSION,7,E01018338,0,3
2024361506296,2024,361506296,1,9,0,-1,1,0,0,-1,0,1,0,0,0,0,2,1,-1,9,2,77,11,1596,1,15,FORD FUSION,1,E01026680,0,1