collision_index,collision_year,collision_ref_no,vehicle_reference,vehicle_type,towing_and_articulation,vehicle_manoeuvre_historic,vehicle_manoeuvre,vehicle_direction_from,vehicle_direction_to,vehicle_location_restricted_lane_historic,vehicle_location_restricted_lane,junction_location,skidding_and_overturning,hit_object_in_carriageway,vehicle_leaving_carriageway,hit_object_off_carriageway,first_point_of_impact,vehicle_left_hand_drive,journey_purpose_of_driver_historic,journey_purpose_of_driver,sex_of_driver,age_of_driver,age_band_of_driver,engine_capacity_cc,propulsion_code,age_of_vehicle,generic_make_model,driver_imd_decile,lsoa_of_driver,escooter_flag,driver_distance_banding
2024010519164,2024,010519164,1,9,0,18,19,5,1,9,9,0,0,10,0,0,1,1,6,6,1,32,6,1596,1,16,FORD FUSION,7,E01002181,0,1
2024311470262,2024,311470262,2,9,0,-1,19,5,1,-1,0,8,0,0,0,0,1,1,-1,2,2,30,6,1388,1,18,FORD FUSION,-1,-1,0,-1
2024211431002,2024,211431002,1,9,0,-1,19,1,5,-1,0,1,0,0,0,0,1,9,-1,6,2,85,11,1388,1,20,FORD FUSION,2,E01029604,0,1
2024371453959,2024,371453959,1,9,0,-1,19,4,8,-1,0,1,0,0,0,0,1,1,-1,9,1,88,11,1596,1,15,FORD FUSION,6,E01030112,0,1
2024070959839,2024,070959839,1,9,0,-1,19,8,4,-1,0,1,0,0,0,0,1,1,-1,2,2,54,8,1388,1,19,FORD FUSION,-1,-1,0,-1
2024221410186,2024,221410186,1,9,0,-1,4,2,6,-1,0,0,0,4,0,0,1,9,-1,6,1,67,10,1596,1,17,FORD FUSION,-1,-1,0,-1
2024522402623,2024,522402623,1,9,0,9,9,5,3,0,0,6,0,0,0,0,1,1,6,6,2,66,10,1388,1,16,FORD FUSION,2,E01029131,0,3
2024522402516,2024,522402516,2,9,0,7,7,7,3,0,0,8,0,0,0,0,4,1,6,6,3,-1,-1,1388,1,14,FORD FUSION,-1,-1,0,-1
2024461559424,2024,461559424,2,9,0,-1,2,7,7,-1,0,0,0,0,0,0,2,2,-1,9,2,38,7,1388,1,19,FORD FUSION,5,E01024546,0,1
2024991498383,2024,991498383,1,9,0,-1,19,3,7,-1,0,0,0,0,0,0,1,1,-1,9,2,22,5,1596,1,15,FORD FUSION,1,-1,0,3
2024010506243,2024,010506243,1,9,0,99,99,9,9,99,99,9,9,99,9,99,2,9,2,2,1,40,7,1388,1,16,FORD FUSION,4,E01000392,0,3
2024631539055,2024,631539055,1,9,0,-1,19,1,5,-1,0,0,0,0,0,0,1,1,-1,6,1,75,10,1388,1,14,FORD FUSION,7,W01000506,0,1
2024471499291,2024,471499291,1,9,0,-1,19,7,3,-1,0,0,0,0,0,0,1,1,-1,9,2,77,11,1388,1,15,FORD FUSION,10,E01031747,0,2
2024552400995,2024,552400995,1,9,0,17,19,6,4,0,0,0,0,0,0,0,1,1,6,6,1,87,11,1596,1,17,FORD FUSION,6,E01020453,0,1
2024010520884,2024,010520884,1,9,0,99,99,9,9,99,99,9,9,99,9,99,2,9,2,2,2,48,8,1596,1,14,FORD FUSION,4,E01003725,0,3
2024201547820,2024,201547820,1,9,0,-1,19,5,1,-1,0,0,0,0,0,0,4,9,-1,6,1,48,8,1596,1,16,FORD FUSION,1,E01034917,0,1
2024221456206,2024,221456206,3,9,0,-1,2,0,0,-1,9,1,0,0,0,0,2,1,-1,6,1,52,8,1596,1,16,FORD FUSION,7,E01014030,0,3
2024010498614,2024,010498614,1,9,0,9,9,5,3,0,0,1,0,0,1,11,3,1,6,6,1,43,7,1388,1,18,FORD FUSION,3,E01003068,0,1
2024221399125,2024,221399125,2,9,0,-1,19,4,8,-1,0,8,5,0,1,4,1,1,-1,6,1,84,11,1560,2,16,FORD FUSION,5,E01014059,0,1
2024421461068,2024,421461068,2,9,0,-1,10,4,8,-1,0,0,0,0,0,0,2,1,-1,9,2,65,9,1388,1,14,FORD FUSION,9,E01021428,0,1
2024340NN9042,2024,340NN9042,1,9,0,-1,9,3,1,-1,0,5,0,0,0,0,1,1,-1,2,2,20,4,1596,1,17,FORD FUSION,2,E01027331,0,1
2024201512898,2024,201512898,2,9,0,-1,19,3,7,-1,0,1,0,0,0,0,1,9,-1,6,1,74,10,1388,1,16,FORD FUSION,2,E01009219,0,1
2024070887170,2024,070887170,2,9,0,-1,19,1,1,-1,0,0,0,0,0,0,2,1,-1,6,1,40,7,1399,2,18,FORD FUSION,-1,-1,0,-1
2024361419077,2024,361419077,1,9,0,-1,9,7,5,-1,0,2,0,0,3,0,1,9,-1,2,1,68,10,1399,2,21,FORD FUSION,2,E01026488,0,3
2024010513003,2024,010513003,1,9,0,99,99,9,9,99,99,9,9,99,9,99,2,9,2,2,1,44,7,1596,1,16,FORD FUSION,3,E01002102,0,1
2024131447791,2024,131447791,2,9,0,-1,19,7,3,-1,0,2,0,0,0,0,4,1,-1,1,1,47,8,1388,1,20,FORD FUSION,1,E01010666,0,3
2024501534674,2024,501534674,1,9,0,-1,19,1,5,-1,0,1,0,10,7,9,4,1,-1,9,1,79,11,1560,2,15,FORD FUSION,6,E01018750,0,3
2024320261005,2024,320261005,3,9,0,10,10,8,6,0,0,1,0,0,0,0,2,1,-1,-1,2,69,10,1399,2,18,FORD FUSION,7,E01026066,0,4
2024471517851,2024,471517851,2,9,0,-1,13,2,6,-1,0,1,0,0,0,0,4,1,-1,9,2,49,8,1596,1,19,FORD FUSION,3,E01021122,0,2
2024622400024,2024,622400024,1,9,0,18,19,2,6,0,0,0,0,0,0,0,1,1,6,6,1,78,11,1596,1,14,FORD FUSION,3,W01001812,0,1
2024010506524,2024,010506524,2,9,0,6,6,1,1,0,0,6,0,99,0,0,4,2,6,6,1,31,6,1596,1,16,FORD FUSION,4,E01000571,0,1
2024421504371,2024,421504371,1,9,-1,-1,19,3,7,-1,0,0,0,0,0,0,1,9,-1,6,3,-1,-1,1388,1,18,FORD FUSION,-1,-1,0,-1
2024201440476,2024,201440476,1,9,0,-1,15,3,5,-1,0,0,0,11,0,0,1,1,-1,6,1,49,8,1399,2,15,FORD FUSION,4,E01009779,0,1
2024201478893,2024,201478893,2,9,0,-1,2,0,0,-1,0,0,0,0,0,0,3,1,-1,9,1,46,8,1399,2,15,FORD FUSION,2,E01009050,0,2
2024520403123,2024,520403123,2,9,0,18,19,8,4,0,0,8,0,0,0,0,4,1,6,6,1,75,10,1388,1,16,FORD FUSION,7,E01035112,0,1
2024061489135,2024,061489135,1,9,0,-1,4,-1,-1,-1,0,0,0,0,0,0,1,9,-1,9,2,75,10,1596,1,15,FORD FUSION,-1,-1,0,-1
2024201492775,2024,201492775,2,9,0,-1,19,7,3,-1,0,3,0,0,0,0,1,1,-1,6,1,19,4,1388,1,14,FORD FUSION,1,E01009025,0,3
2024552400474,2024,552400474,1,9,0,13,13,7,3,0,0,0,0,0,0,0,1,1,6,6,1,95,11,1596,1,19,FORD FUSION,10,E01020560,0,1
2024531505816,2024,531505816,1,9,0,-1,19,8,4,-1,0,0,1,0,0,0,1,1,-1,9,1,18,4,1388,1,16,FORD FUSION,5,E01022250,0,1
2024201458664,2024,201458664,2,9,0,-1,3,2,6,-1,0,1,0,0,0,0,2,1,-1,6,1,23,5,1596,1,18,FORD FUSION,3,E01021266,0,5
2024501470737,2024,501470737,1,9,0,-1,7,8,2,-1,0,5,0,0,1,7,1,1,-1,9,2,69,10,1388,1,15,FORD FUSION,5,E01034618,0,1
2024340WN2902,2024,340WN2902,1,9,0,-1,19,1,5,-1,0,1,0,0,0,0,1,1,-1,6,1,47,8,1388,1,15,FORD FUSION,2,E01027155,0,1
2024311560322,2024,311560322,2,9,0,-1,19,5,1,-1,0,0,0,0,0,0,1,1,-1,6,1,32,6,1596,1,18,FORD FUSION,1,E01013876,0,1
2024010507504,2024,010507504,2,9,0,5,5,9,9,99,99,6,9,99,9,99,9,9,6,6,3,-1,-1,1388,1,17,FORD FUSION,-1,-1,0,-1
2024211533278,2024,211533278,2,9,0,-1,1,1,2,-1,0,0,1,4,0,0,1,1,-1,9,1,86,11,1596,1,17,FORD FUSION,6,E01029488,0,1
2024221396469,2024,221396469,1,9,0,-1,19,5,1,-1,0,0,0,0,7,0,3,1,-1,6,2,86,11,1596,1,19,FORD FUSION,5,E01014041,0,1
2024501438965,2024,501438965,2,9,0,-1,2,0,0,-1,-1,0,1,0,0,0,3,1,-1,6,-1,-1,-1,1399,2,15,FORD FUSION,-1,-1,0,-1
2024041450715,2024,041450715,1,9,0,-1,9,3,7,-1,0,0,0,0,0,0,1,1,-1,9,1,59,9,1388,1,14,FORD FUSION,3,E01005478,0,3
2024471497492,2024,471497492,2,9,0,-1,4,3,7,-1,0,0,0,0,0,0,2,1,-1,9,2,32,6,1596,1,20,FORD FUSION,1,E01020983,0,2
2024371504314,2024,371504314,1,9,0,-1,19,1,5,-1,0,0,2,0,1,0,1,1,-1,9,1,19,4,1388,1,14,FORD FUSION,8,E01033044,0,1
2024461443916,2024,461443916,2,9,0,-1,19,2,5,-1,0,0,2,0,7,4,4,9,-1,2,1,27,6,1388,1,18,FORD FUSION,4,E01024582,0,2
2024461488426,2024,461488426,1,9,0,-1,19,1,5,-1,0,0,1,0,1,4,1,1,-1,6,1,24,5,1388,1,20,FORD FUSION,6,E01021186,0,2
2024010538049,2024,010538049,1,9,0,99,99,9,9,99,99,9,9,99,9,99,2,1,2,2,2,24,5,1596,1,14,FORD FUSION,4,E01001285,0,1
2024421505926,2024,421505926,2,9,0,-1,19,7,3,-1,0,8,0,0,0,0,1,1,-1,9,2,48,8,1560,2,16,FORD FUSION,2,E01021486,0,1
2024010489437,2024,010489437,2,9,0,14,14,5,1,0,0,1,0,0,0,0,1,1,6,6,2,43,7,1388,1,14,FORD FUSION,3,E01002404,0,1
2024552401241,2024,552401241,1,9,0,18,19,7,3,0,0,0,5,0,7,10,1,1,2,2,1,39,7,1596,1,21,FORD FUSION,7,E01020487,0,3
2024320087187,2024,320087187,1,9,0,-1,-1,5,1,0,0,0,0,0,0,0,1,1,6,6,1,39,7,1596,1,18,FORD FUSION,5,E01026148,0,1
2024471500032,2024,471500032,3,9,0,-1,19,7,3,-1,0,1,0,0,0,0,1,1,-1,9,2,65,9,1388,1,17,FORD FUSION,6,E01021149,0,2
2024361416354,2024,361416354,1,9,0,-1,19,2,6,-1,0,1,0,0,0,0,1,1,-1,6,2,39,7,1596,1,17,FORD FUSION,5,E01034767,0,1
2024320377522,2024,320377522,1,9,0,-1,-1,6,2,0,0,6,0,0,0,0,1,1,6,6,2,30,6,1596,1,15,FORD FUSION,-1,-1,0,-1
2024340WN7002,2024,340WN7002,1,9,0,-1,9,5,1,-1,0,6,0,0,0,0,1,1,-1,9,1,-1,-1,1596,1,16,FORD FUSION,6,E01035399,0,1
2024201479674,2024,201479674,1,9,0,-1,19,2,6,-1,0,0,0,0,0,0,3,1,-1,6,1,43,7,1388,1,16,FORD FUSION,1,E01009517,0,1
2024070826182,2024,070826182,1,9,0,-1,19,5,7,-1,0,4,0,0,0,0,3,1,-1,9,2,76,11,1596,1,13,FORD FUSION,2,E01012482,0,1
2024340NN3852,2024,340NN3852,2,9,0,-1,19,5,1,-1,0,0,0,0,0,0,3,1,-1,9,2,52,8,1388,1,18,FORD FUSION,6,E01027109,0,1
2024440498444,2024,440498444,1,9,0,5,5,1,5,0,0,0,0,0,7,11,1,1,6,6,1,96,11,1596,1,15,FORD FUSION,10,E01022892,0,1
2024231531240,2024,231531240,1,9,0,-1,11,2,8,-1,0,8,0,0,0,0,1,9,-1,6,1,40,7,1596,1,21,FORD FUSION,2,E01031066,0,1
2024411504566,2024,411504566,1,9,0,-1,13,3,7,-1,0,0,0,0,0,0,1,1,-1,9,2,36,7,1388,1,19,FORD FUSION,5,E01022035,0,5
2024010490547,2024,010490547,2,9,0,99,99,9,9,99,99,9,9,99,9,99,1,9,6,6,3,-1,-1,1388,1,21,FORD FUSION,3,E01003634,0,1
2024991440763,2024,991440763,1,9,0,-1,19,3,7,-1,0,1,0,0,0,0,3,1,-1,9,1,88,11,1388,1,13,FORD FUSION,3,-1,0,1
2024131527278,2024,131527278,1,9,0,-1,19,7,3,-1,0,1,2,0,0,0,1,1,-1,6,2,20,4,1388,1,17,FORD FUSION,4,E01011727,0,1
2024131426857,2024,131426857,2,9,0,-1,19,4,8,-1,0,0,0,0,0,0,4,1,-1,9,2,55,8,1388,1,15,FORD FUSION,1,E01011740,0,1
2024471492839,2024,471492839,1,9,0,-1,19,5,1,-1,0,1,0,0,0,0,4,1,-1,6,1,36,7,1388,1,18,FORD FUSION,6,E01035330,0,1
2024131453268,2024,131453268,2,9,0,-1,4,7,3,-1,0,0,0,0,0,0,2,1,-1,6,2,50,8,1399,2,17,FORD FUSION,1,E01011364,0,2
2024010541645,2024,010541645,1,9,0,4,4,3,7,0,0,2,0,0,0,0,1,1,1,1,2,61,9,1596,1,14,FORD FUSION,4,E01003769,0,3
2024201505584,2024,201505584,2,9,0,-1,9,4,2,-1,0,6,0,0,0,0,2,1,-1,6,1,46,8,1388,1,17,FORD FUSION,1,E01009321,0,1
2024622400105,2024,622400105,1,9,0,18,19,6,2,0,0,0,5,0,0,0,0,1,6,6,1,61,9,1399,2,17,FORD FUSION,3,W01000944,0,2
2024421497965,2024,421497965,1,9,0,-1,19,2,3,-1,0,1,0,0,0,0,1,1,-1,6,1,82,11,1388,1,13,FORD FUSION,10,E01021545,0,1
2024371531687,2024,371531687,1,9,0,-1,19,5,1,-1,0,0,0,0,0,0,1,1,-1,6,2,52,8,1388,1,18,FORD FUSION,5,E01030241,0,1
2024461480891,2024,461480891,2,9,0,-1,13,5,1,-1,0,0,0,0,0,0,1,1,-1,9,1,39,7,1388,1,15,FORD FUSION,8,E01004111,0,4
2024061475884,2024,061475884,1,9,0,-1,19,-1,-1,-1,0,0,0,0,0,0,3,1,-1,9,1,53,8,1399,2,22,FORD FUSION,7,E01018711,0,4
2024332401247,2024,332401247,1,9,0,-1,19,2,6,-1,0,0,0,0,1,4,1,1,-1,2,1,23,5,1388,1,14,FORD FUSION,3,E01031172,0,4
2024471404350,2024,471404350,3,9,0,-1,19,1,5,-1,0,0,0,0,0,0,2,1,-1,6,2,51,8,1596,1,13,FORD FUSION,10,E01021157,0,4
2024501478953,2024,501478953,2,9,0,-1,8,2,6,-1,0,0,0,0,0,0,2,1,-1,2,1,26,6,1388,1,14,FORD FUSION,6,E01020056,0,3
2024010524524,2024,010524524,1,9,0,4,4,3,7,0,0,1,0,0,0,0,2,1,2,2,2,37,7,1388,1,19,FORD FUSION,-1,-1,0,-1
2024010536625,2024,010536625,1,9,0,16,19,1,5,0,0,2,0,0,0,0,1,1,6,6,1,85,11,1596,1,20,FORD FUSION,9,E01002285,0,1
2024010522349,2024,010522349,2,9,0,2,2,0,0,0,0,6,0,0,1,10,2,1,6,6,3,-1,-1,1388,1,17,FORD FUSION,-1,-1,0,-1
2024471470570,2024,471470570,3,9,0,-1,19,5,1,-1,0,0,1,0,0,0,1,1,-1,2,1,53,8,1388,1,19,FORD FUSION,6,E01021149,0,2
2024141399716,2024,141399716,1,9,0,-1,19,4,8,-1,0,0,0,0,0,0,1,1,-1,9,1,20,4,1399,2,16,FORD FUSION,3,E01008148,0,1
2024351399033,2024,351399033,1,9,0,-1,19,4,8,-1,0,0,2,0,7,9,1,9,-1,2,2,33,6,1388,1,17,FORD FUSION,2,E01018068,0,1
2024461477357,2024,461477357,1,9,0,-1,19,8,4,-1,0,0,0,0,0,0,3,1,-1,9,1,65,9,1388,1,20,FORD FUSION,7,E01024758,0,2
2024501443716,2024,501443716,1,9,0,-1,19,3,7,-1,0,1,0,0,0,0,1,9,-1,6,1,17,4,1560,2,14,FORD FUSION,7,E01019908,0,3
2024520402059,2024,520402059,1,9,0,17,19,1,5,0,0,0,5,0,2,4,1,1,6,6,1,21,5,1388,1,16,FORD FUSION,3,E01029339,0,3
2024471485298,2024,471485298,2,9,0,-1,5,8,4,-1,0,0,0,0,0,0,3,1,-1,6,1,78,11,1596,1,14,FORD FUSION,5,E01016884,0,1
2024421521796,2024,421521796,1,9,0,-1,19,1,5,-1,0,2,0,0,0,0,4,1,-1,6,1,88,11,1596,1,17,FORD FUSION,10,E01021960,0,1
2024361434470,2024,361434470,1,9,0,-1,9,7,4,-1,0,8,0,0,0,0,1,1,-1,9,1,73,10,1596,1,18,FORD FUSION,1,E01026625,0,1
2024544175924,2024,544175924,1,9,0,18,19,2,6,0,0,1,0,0,0,0,1,1,6,6,1,76,11,1596,1,15,FORD FUSION,6,E01015559,0,1
2024221523256,2024,221523256,3,9,0,-1,3,5,1,-1,0,0,0,0,0,0,2,9,-1,6,1,83,11,1388,1,18,FORD FUSION,6,E01032460,0,3
2024122401292,2024,122401292,1,9,0,18,19,8,4,0,0,0,0,0,0,0,0,1,6,6,1,88,11,1388,1,16,FORD FUSION,1,E01011657,0,3
2024543280724,2024,543280724,1,9,0,18,19,3,7,0,0,1,0,0,0,0,1,1,6,6,2,23,5,1388,1,19,FORD FUSION,3,E01029096,0,4
2024141469803,2024,141469803,1,9,0,-1,5,7,3,-1,0,1,0,0,0,0,1,1,-1,2,1,54,8,1388,1,17,FORD FUSION,8,E01007423,0,2
2024211431166,2024,211431166,2,9,0,-1,2,0,0,-1,0,1,0,0,0,0,3,1,-1,6,-1,-1,-1,1399,2,15,FORD FUSION,-1,-1,0,-1
2024451449683,2024,451449683,1,9,0,-1,19,7,3,-1,0,0,5,0,2,0,4,1,-1,6,2,74,10,1596,1,18,FORD FUSION,9,E01030955,0,1
2024041503433,2024,041503433,4,9,0,-1,2,0,0,-1,0,2,0,0,0,0,3,1,-1,6,-1,-1,-1,1388,1,19,FORD FUSION,-1,-1,0,-1
2024501503830,2024,501503830,1,9,0,-1,9,7,5,-1,0,8,0,0,0,0,1,1,-1,6,2,68,10,1596,1,12,FORD FUSION,4,E01020287,0,3
2024471446090,2024,471446090,2,9,0,-1,13,6,2,-1,0,4,0,0,0,0,4,2,-1,9,2,47,8,1596,1,18,FORD FUSION,8,E01021233,0,1
2024041527446,2024,041527446,2,9,0,-1,19,7,3,-1,0,0,0,0,0,0,1,1,-1,9,2,67,10,1388,1,14,FORD FUSION,5,E01033800,0,3
2024311486443,2024,311486443,2,9,0,-1,5,5,1,-1,0,7,1,0,0,0,4,1,-1,9,1,76,11,1399,2,18,FORD FUSION,-1,-1,0,-1
2024010501883,2024,010501883,1,9,0,99,99,9,9,0,0,1,9,0,0,0,1,9,6,6,2,-1,-1,1596,1,18,FORD FUSION,-1,-1,0,-1
202460Q162262,2024,60Q162262,1,9,0,16,19,6,2,0,0,0,0,0,0,0,1,1,6,6,2,58,9,1399,2,15,FORD FUSION,-1,-1,0,-1
2024552401541,2024,552401541,2,9,0,18,19,8,4,0,0,0,0,0,0,0,1,1,2,2,1,29,6,1560,2,17,FORD FUSION,8,E01029182,0,4
2024061487653,2024,061487653,1,9,0,-1,19,1,5,-1,0,8,0,0,0,0,1,1,-1,6,1,82,11,1596,1,15,FORD FUSION,8,E01006290,0,2
2024991529167,2024,991529167,1,9,0,-1,14,1,5,-1,0,0,0,0,0,0,4,9,-1,6,1,78,11,1388,1,15,FORD FUSION,9,-1,0,2
2024471399956,2024,471399956,1,9,0,-1,9,2,6,-1,0,0,0,0,0,0,1,1,-1,6,1,-1,-1,1596,1,13,FORD FUSION,4,E01031594,0,1
2024501448154,2024,501448154,2,9,0,-1,2,0,0,-1,0,8,0,0,0,0,2,1,-1,6,2,55,8,1388,1,16,FORD FUSION,8,E01016893,0,5
2024361531619,2024,361531619,1,9,0,-1,9,3,7,-1,0,1,0,0,0,0,1,1,-1,9,1,60,9,1388,1,17,FORD FUSION,6,E01030212,0,4
2024547121924,2024,547121924,2,9,0,18,19,2,6,0,0,1,0,0,0,0,1,1,6,6,1,53,8,1388,1,16,FORD FUSION,8,E01031941,0,1
2024122400533,2024,122400533,2,9,0,2,2,0,0,0,0,0,0,0,0,0,1,1,6,6,1,51,8,1596,1,18,FORD FUSION,9,E01013368,0,1
2024430525516,2024,430525516,1,9,0,3,3,8,4,0,0,1,0,0,0,0,2,1,6,6,1,36,7,1388,1,20,FORD FUSION,5,E01016254,0,3
2024501517603,2024,501517603,2,9,0,-1,9,4,1,-1,0,5,0,0,0,0,4,1,-1,1,1,34,6,1388,1,17,FORD FUSION,3,E01020218,0,1
2024010509121,2024,010509121,1,9,0,11,11,7,3,0,0,1,0,0,0,0,1,1,2,2,1,53,8,1388,1,20,FORD FUSION,-1,-1,0,-1
2024320480586,2024,320480586,1,9,0,9,9,5,3,0,0,5,1,0,0,10,4,1,-1,-1,1,40,7,1399,2,14,FORD FUSION,6,E01029413,0,5
2024421493317,2024,421493317,2,9,-1,-1,2,-1,-1,-1,0,0,0,0,0,0,4,9,-1,6,3,-1,-1,1388,1,16,FORD FUSION,-1,-1,0,-1
2024041428442,2024,041428442,1,9,0,-1,9,7,1,-1,0,8,0,0,7,0,4,1,-1,9,1,81,11,1388,1,15,FORD FUSION,6,E01025014,0,1
2024320185218,2024,320185218,1,9,0,13,13,3,7,0,0,0,0,0,1,9,1,1,6,6,1,19,4,1399,2,18,FORD FUSION,6,E01026100,0,3
2024041488119,2024,041488119,1,9,0,-1,19,6,2,-1,9,8,0,0,0,0,3,1,-1,7,1,39,7,1596,1,14,FORD FUSION,1,E01025188,0,1
2024991409626,2024,991409626,2,9,0,-1,19,8,4,-1,0,1,0,0,0,0,2,1,-1,6,2,65,9,1399,2,18,FORD FUSION,3,-1,0,1
2024052402582,2024,052402582,1,9,0,18,19,8,4,0,0,8,0,0,0,0,1,1,1,1,2,40,7,1596,1,19,FORD FUSION,2,E01025274,0,4
2024131528725,2024,131528725,2,9,0,-1,2,2,2,-1,0,1,0,0,0,0,2,1,-1,6,3,-1,-1,1388,1,20,FORD FUSION,-1,-1,0,-1
2024461434949,2024,461434949,1,9,0,-1,19,7,3,-1,0,2,0,4,0,0,1,1,-1,6,1,55,8,1388,1,17,FORD FUSION,8,E01024100,0,1
2024010526641,2024,010526641,2,9,0,18,19,5,1,0,0,1,0,4,0,0,1,1,6,6,1,48,8,1388,1,15,FORD FUSION,-1,-1,0,-1
2024010505154,2024,010505154,2,9,0,99,99,9,9,99,99,6,9,99,9,99,1,9,6,6,3,-1,-1,1596,1,18,FORD FUSION,-1,-1,0,-1
2024052400172,2024,052400172,3,9,0,18,19,3,7,0,0,8,0,0,0,0,4,1,6,6,2,39,7,1388,1,16,FORD FUSION,1,E01006416,0,1
2024471442641,2024,471442641,1,9,0,-1,3,2,6,-1,0,1,0,0,0,0,2,1,-1,9,1,26,6,1399,2,16,FORD FUSION,2,E01032832,0,1
2024141494072,2024,141494072,1,9,0,-1,2,5,1,-1,0,2,0,0,0,0,4,1,-1,6,-1,-1,-1,1388,1,15,FORD FUSION,-1,-1,0,-1
2024332400863,2024,332400863,1,9,0,-1,19,4,8,-1,0,8,0,0,0,0,3,1,-1,9,1,57,9,1560,2,18,FORD FUSION,3,E01025852,0,1
2024131431642,2024,131431642,1,9,0,-1,2,5,1,-1,0,8,0,0,0,0,2,1,-1,9,1,37,7,1596,1,21,FORD FUSION,3,E01011502,0,1
2024471436703,2024,471436703,1,9,0,-1,19,8,4,-1,0,8,0,0,0,0,1,1,-1,6,1,44,7,1596,1,19,FORD FUSION,5,E01031809,0,3
2024201492595,2024,201492595,1,9,0,-1,19,6,3,-1,0,0,0,10,1,2,4,1,-1,9,2,37,7,1596,1,16,FORD FUSION,2,E01009225,0,1
2024122401137,2024,122401137,1,9,0,18,19,5,1,0,0,1,0,0,0,0,1,1,6,6,1,44,7,1388,1,21,FORD FUSION,5,E01027835,0,2
2024211492305,2024,211492305,1,9,0,-1,19,4,7,-1,0,0,0,0,7,0,4,1,-1,2,2,55,8,1560,2,17,FORD FUSION,10,E01029724,0,1
2024451523642,2024,451523642,1,9,0,-1,-1,-1,-1,-1,-1,0,-1,-1,-1,0,-1,9,-1,9,1,87,11,1388,1,17,FORD FUSION,10,E01030839,0,4
2024622400828,2024,622400828,2,9,0,17,19,4,2,0,0,8,0,0,0,0,1,1,6,6,2,65,9,1388,1,18,FORD FUSION,9,W01001245,0,1
2024010511530,2024,010511530,1,9,0,18,19,5,1,0,0,0,0,0,0,0,1,1,6,6,1,79,11,1596,1,16,FORD FUSION,4,E01016163,0,4
202460Q190948,2024,60Q190948,3,9,0,18,19,5,1,0,0,1,0,0,0,0,3,1,6,6,2,39,7,1399,2,20,FORD FUSION,-1,-1,0,-1
2024320363940,2024,320363940,1,9,0,-1,-1,5,1,0,0,0,2,0,1,0,0,1,-1,-1,1,26,6,1388,1,20,FORD FUSION,6,E01032612,0,4
202417L103424,2024,17L103424,1,9,0,-1,9,4,2,-1,0,8,0,0,0,0,1,1,-1,9,1,18,4,1388,1,16,FORD FUSION,2,E01012165,0,1
2024340NN0052,2024,340NN0052,1,9,0,-1,19,1,5,-1,0,0,0,0,0,0,1,1,-1,2,1,65,9,1399,2,16,FORD FUSION,8,E01027103,0,1
2024010505500,2024,010505500,3,9,0,2,2,0,0,0,0,0,0,0,0,0,0,1,6,6,3,-1,-1,1596,1,16,FORD FUSION,-1,-1,0,-1
2024302400864,2024,302400864,1,9,0,5,5,6,1,0,0,0,0,0,0,0,1,1,6,6,2,82,11,1596,1,16,FORD FUSION,4,E01019809,0,1
2024622400364,2024,622400364,2,9,0,16,19,8,3,0,0,3,0,0,0,0,1,1,6,6,1,35,6,1388,1,20,FORD FUSION,1,W01001744,0,1
2024501458175,2024,501458175,2,9,0,-1,4,8,4,-1,0,1,0,0,0,0,4,1,-1,2,1,38,7,1388,1,20,FORD FUSION,4,E01015163,0,2
2024461443000,2024,461443000,1,9,0,-1,5,5,1,-1,0,0,0,0,0,0,1,9,-1,2,1,58,9,1388,1,19,FORD FUSION,3,E01016173,0,1
2024141404778,2024,141404778,3,9,0,-1,2,1,2,-1,0,0,1,6,0,0,2,1,-1,1,2,28,6,1388,1,19,FORD FUSION,3,E01007646,0,1
2024320295928,2024,320295928,2,9,0,3,3,6,2,0,0,4,0,0,0,0,3,1,6,6,2,69,10,1596,1,19,FORD FUSION,4,E01026071,0,2
2024052400655,2024,052400655,2,9,0,18,19,5,1,0,0,1,0,0,0,0,4,1,6,6,1,76,11,1399,2,15,FORD FUSION,2,E01006862,0,1
2024461486878,2024,461486878,2,9,0,-1,19,3,7,-1,0,1,0,0,0,0,3,1,-1,9,2,74,10,1388,1,16,FORD FUSION,5,E01024647,0,1
2024211501931,2024,211501931,1,9,0,-1,19,3,3,-1,0,8,0,0,0,0,3,1,-1,9,1,31,6,1399,2,16,FORD FUSION,4,E01029588,0,2
2024991459472,2024,991459472,2,90,0,-1,19,8,5,-1,0,0,0,0,0,0,1,1,-1,9,1,53,8,1995,2,0,-1,-1,-1,0,-1