collision_index,collision_year,collision_ref_no,vehicle_reference,vehicle_type,towing_and_articulation,vehicle_manoeuvre_historic,vehicle_manoeuvre,vehicle_direction_from,vehicle_direction_to,vehicle_location_restricted_lane_historic,vehicle_location_restricted_lane,junction_location,skidding_and_overturning,hit_object_in_carriageway,vehicle_leaving_carriageway,hit_object_off_carriageway,first_point_of_impact,vehicle_left_hand_drive,journey_purpose_of_driver_historic,journey_purpose_of_driver,sex_of_driver,age_of_driver,age_band_of_driver,engine_capacity_cc,propulsion_code,age_of_vehicle,generic_make_model,driver_imd_decile,lsoa_of_driver,escooter_flag,driver_distance_banding
2024501431013,2024,501431013,1,3,0,-1,19,7,3,-1,0,1,0,0,0,0,1,1,-1,9,1,20,4,125,1,24,-1,6,E01018986,0,2
2024548054824,2024,548054824,1,3,0,4,4,2,6,0,0,1,0,0,0,0,1,1,6,6,1,24,5,124,1,1,-1,1,E01015542,0,1
2024211531392,2024,211531392,1,3,0,-1,4,-1,-1,-1,0,1,0,8,0,0,3,1,-1,7,1,17,4,124,1,0,-1,7,E01019859,0,2
2024041520909,2024,041520909,2,3,0,-1,19,1,5,-1,0,1,0,0,0,0,1,1,-1,9,1,18,4,124,1,1,-1,5,E01012667,0,1
2024302401458,2024,302401458,1,3,0,16,19,8,3,0,0,0,0,0,0,0,1,1,6,6,1,38,7,124,1,29,-1,2,E01019453,0,1
2024221447181,2024,221447181,1,5,0,-1,19,1,5,-1,0,8,0,0,0,0,1,1,-1,6,1,18,4,124,1,32,-1,4,E01014003,0,2
2024610011524,2024,610011524,1,3,0,18,19,5,1,0,0,0,0,0,0,0,1,1,6,6,1,21,5,124,1,37,-1,9,W01001518,0,1
2024131477422,2024,131477422,2,3,0,-1,9,5,1,-1,0,1,0,0,0,0,2,1,-1,9,1,17,4,124,1,30,-1,7,E01011604,0,1
2024010492278,2024,010492278,2,5,0,18,19,3,7,0,0,0,5,0,0,0,1,1,2,2,1,40,7,998,1,6,HONDA CRF1000A,6,E01003664,0,3
2024471502734,2024,471502734,1,5,0,-1,19,1,5,-1,9,1,0,0,0,0,1,1,-1,9,1,28,6,998,1,6,HONDA CRF1000A,8,E01031651,0,4
2024031425580,2024,031425580,1,5,0,-1,19,4,8,-1,0,0,1,0,0,0,0,1,-1,9,1,31,6,998,1,5,HONDA CRF1000A,-1,-1,0,-1
2024041480349,2024,041480349,2,5,0,-1,13,7,3,-1,0,0,0,0,0,0,4,1,-1,9,1,42,7,998,1,6,HONDA CRF1000A,1,E01006306,0,4
2024201458778,2024,201458778,2,5,0,-1,19,5,1,-1,0,0,0,0,0,0,4,1,-1,6,1,60,9,998,1,7,HONDA CRF1000A,10,E01028972,0,4
2024631484013,2024,631484013,1,5,0,-1,19,3,7,-1,0,0,0,0,1,0,3,1,-1,9,1,64,9,998,1,5,HONDA CRF1000A,8,W01000768,0,4
2024211432401,2024,211432401,1,5,0,-1,4,4,8,-1,0,8,1,0,0,0,1,1,-1,9,1,35,6,998,1,6,HONDA CRF1000A,-1,-1,0,-1
2024010505817,2024,010505817,1,5,0,99,99,9,9,99,99,9,9,99,9,99,9,1,6,6,1,30,6,998,1,5,HONDA CRF1000A,10,E01021247,0,4
2024010526190,2024,010526190,1,5,0,99,99,9,9,99,99,9,9,99,9,99,9,1,2,2,1,53,8,998,1,8,HONDA CRF1000A,6,E01023556,0,3
2024122400859,2024,122400859,1,5,0,18,19,1,5,0,0,0,0,12,0,0,1,1,6,6,1,67,10,998,1,7,HONDA CRF1000A,7,E01027585,0,2
202454D369524,2024,54D369524,1,5,0,18,19,2,6,0,0,0,0,0,0,0,1,1,6,6,1,21,5,998,1,6,HONDA CRF1000A,6,E01031902,0,1
2024010528082,2024,010528082,2,5,0,18,19,2,6,0,0,1,0,0,0,0,1,1,6,6,1,51,8,998,1,6,HONDA CRF1000A,2,E01001324,0,1
2024471426312,2024,471426312,1,5,0,-1,19,3,7,-1,0,0,1,0,0,0,1,1,-1,6,1,21,5,998,1,6,HONDA CRF1000A,7,E01031653,0,4
2024201504538,2024,201504538,2,5,0,-1,19,6,2,-1,0,8,0,0,0,0,1,1,-1,1,1,45,7,998,1,7,HONDA CRF1000A,3,E01009005,0,1
2024421525669,2024,421525669,1,5,0,-1,19,6,2,-1,0,0,0,0,0,0,1,1,-1,2,1,23,5,998,1,5,HONDA CRF1000A,4,E01021636,0,3
2024122400840,2024,122400840,2,5,0,12,12,7,3,0,0,0,0,0,0,0,2,1,6,6,2,44,7,918,1,26,HONDA MODEL MISSING,4,E01028343,0,4
2024430415852,2024,430415852,1,4,0,18,19,7,3,0,0,8,0,0,0,0,1,1,6,6,1,43,7,400,1,30,HONDA MODEL MISSING,6,E01016279,0,1
2024552401095,2024,552401095,2,2,0,18,19,3,7,0,0,8,0,0,0,0,3,1,6,6,1,17,4,124,1,47,HONDA MODEL MISSING,9,E01015300,0,1
2024351452016,2024,351452016,1,5,0,-1,13,6,2,-1,0,1,0,0,0,0,1,1,-1,6,1,27,6,748,1,27,HONDA MODEL MISSING,8,E01017983,0,2
2024010535683,2024,010535683,1,9,0,18,19,1,5,0,0,8,0,0,0,0,1,1,2,2,1,59,9,1997,1,13,HONDA MODEL MISSING,2,E01001477,0,1
2024340WN3812,2024,340WN3812,2,9,0,-1,19,3,7,-1,0,0,0,0,0,0,2,1,-1,2,2,20,4,1330,8,12,HONDA MODEL MISSING,3,E01027173,0,2
2024010548710,2024,010548710,2,3,0,18,19,1,5,0,0,8,5,0,0,0,1,1,6,6,1,31,6,125,1,11,HONDA MODEL MISSING,2,E01002076,0,1
2024471474498,2024,471474498,1,5,0,-1,13,8,4,-1,0,8,0,0,0,0,3,1,-1,6,1,27,6,599,1,24,HONDA MODEL MISSING,5,E01031631,0,2
202454C336024,2024,54C336024,1,5,0,17,19,2,6,0,0,0,2,0,0,0,4,1,1,1,1,65,9,1237,1,8,HONDA MODEL MISSING,7,E01032121,0,3
2024991489508,2024,991489508,1,17,0,-1,1,5,1,-1,0,0,5,4,0,0,2,1,-1,7,2,51,8,420,1,3,HONDA MODEL MISSING,-1,-1,0,-1
2024320617265,2024,320617265,1,5,0,-1,-1,7,3,0,0,2,2,0,0,0,1,1,-1,-1,1,50,8,1520,1,35,HONDA MODEL MISSING,6,E01026265,0,3
2024052401063,2024,052401063,2,4,0,18,19,1,5,0,0,1,0,0,0,0,2,1,6,6,1,64,9,1100,1,20,HONDA MODEL MISSING,2,E01012384,0,2
2024320251946,2024,320251946,1,5,0,-1,-1,6,2,0,0,0,2,0,1,10,1,1,-1,-1,1,40,7,1000,1,16,HONDA MODEL MISSING,4,E01026019,0,1
2024302500122,2024,302500122,1,5,0,-1,13,2,6,-1,0,1,1,0,0,0,1,1,-1,6,1,25,5,918,1,28,HONDA MODEL MISSING,3,E01019858,0,1
2024221471311,2024,221471311,2,4,0,-1,19,4,8,-1,0,8,0,0,1,0,3,1,-1,6,1,64,9,200,1,50,HONDA MODEL MISSING,5,E01014049,0,1
2024546067324,2024,546067324,2,9,0,10,10,6,2,0,0,1,0,0,0,0,2,1,6,6,1,42,7,2350,1,19,HONDA MODEL MISSING,6,E01032030,0,3
2024471479430,2024,471479430,1,5,0,-1,19,5,1,-1,0,0,1,0,0,0,1,1,-1,9,1,40,7,996,1,27,HONDA MODEL MISSING,8,E01031765,0,4
2024501440349,2024,501440349,2,4,0,-1,19,1,5,-1,0,1,0,0,0,0,1,1,-1,9,1,31,6,400,1,33,HONDA MODEL MISSING,7,E01034623,0,3
2024131410006,2024,131410006,1,5,0,-1,19,1,5,-1,0,8,2,0,0,0,4,1,-1,9,1,25,5,647,1,18,HONDA MODEL MISSING,6,E01011012,0,1
2024010546948,2024,010546948,1,9,0,99,99,9,9,99,99,9,9,99,9,99,9,9,1,1,1,40,7,1799,1,11,HONDA MODEL MISSING,7,E01000585,0,1
2024070453433,2024,070453433,1,4,0,18,19,3,7,0,0,2,5,0,0,0,3,1,6,6,1,56,9,248,1,44,HONDA MODEL MISSING,4,E01032930,0,2
2024311403935,2024,311403935,1,4,0,-1,19,3,7,-1,0,1,0,0,0,0,4,1,-1,6,1,59,9,408,1,49,HONDA MODEL MISSING,6,E01028125,0,2
2024010552304,2024,010552304,2,9,0,99,99,9,9,99,99,0,9,99,9,99,1,9,6,6,3,-1,-1,1300,8,13,HONDA MODEL MISSING,-1,-1,0,-1
2024010499065,2024,010499065,1,3,9,14,14,3,7,99,99,9,9,99,9,99,9,1,6,6,1,29,6,110,1,3,HONDA MODEL MISSING,8,E01000714,0,1
2024131429360,2024,131429360,2,3,0,-1,19,1,5,-1,0,1,0,0,0,0,1,1,-1,9,1,19,4,124,1,26,HONDA MODEL MISSING,3,E01011585,0,1
2024010504868,2024,010504868,2,5,0,15,15,5,1,0,0,1,0,0,2,10,1,1,6,6,1,28,6,1000,1,26,HONDA MODEL MISSING,2,E01034147,0,3
2024552400864,2024,552400864,1,5,0,18,19,3,7,0,0,3,0,0,7,10,0,1,6,6,1,76,11,647,1,28,HONDA MODEL MISSING,2,E01019990,0,4
2024041535772,2024,041535772,1,9,0,-1,9,4,8,-1,0,8,0,0,0,0,4,1,-1,9,1,59,9,1330,8,13,HONDA MODEL MISSING,2,E01025237,0,4
2024131499632,2024,131499632,1,3,0,-1,13,5,1,-1,0,0,0,0,0,0,4,1,-1,6,1,27,6,124,1,29,HONDA MODEL MISSING,2,E01011230,0,4
2024201478083,2024,201478083,1,5,0,-1,19,4,8,-1,0,0,0,0,0,0,1,1,-1,6,3,-1,-1,599,1,28,HONDA MODEL MISSING,-1,-1,0,-1
2024340WN6792,2024,340WN6792,2,4,0,-1,19,1,5,-1,0,1,0,0,0,0,1,1,-1,9,1,76,11,249,1,28,HONDA MODEL MISSING,10,E01027163,0,1
2024440260349,2024,440260349,2,5,0,18,19,3,7,0,0,8,0,0,0,0,1,1,2,2,1,44,7,918,1,27,HONDA MODEL MISSING,4,E01022976,0,1
2024371442800,2024,371442800,2,9,0,-1,10,1,7,-1,0,1,0,0,0,0,2,1,-1,6,2,42,7,2400,1,12,HONDA MODEL MISSING,6,E01034563,0,1
2024221405712,2024,221405712,1,4,0,-1,13,3,7,-1,0,8,0,0,7,9,1,1,-1,9,1,21,5,400,1,35,HONDA MODEL MISSING,3,E01032254,0,1
2024010500022,2024,010500022,2,3,0,18,19,5,1,0,0,0,0,0,0,0,1,1,6,6,1,29,6,125,1,12,HONDA MODEL MISSING,4,E01004212,0,1
2024320529028,2024,320529028,1,9,0,-1,-1,8,4,0,0,1,5,7,0,0,1,1,6,6,1,50,8,2204,2,19,HONDA MODEL MISSING,2,E01033112,0,3
2024411411664,2024,411411664,1,5,0,-1,5,3,1,-1,0,4,0,0,0,0,-1,1,-1,6,1,-1,-1,598,1,23,HONDA MODEL MISSING,5,E01023936,0,1
2024991436208,2024,991436208,1,4,0,-1,19,5,1,-1,0,0,0,0,0,0,0,1,-1,9,1,24,5,500,1,43,HONDA MODEL MISSING,7,-1,0,4
2024421415571,2024,421415571,1,3,0,-1,19,8,4,-1,0,2,0,0,0,0,1,1,-1,6,1,23,5,125,1,22,HONDA MODEL MISSING,5,E01021417,0,1
2024131429338,2024,131429338,1,9,0,-1,19,5,1,-1,0,2,0,0,0,0,1,1,-1,6,3,-1,-1,1990,1,19,HONDA MODEL MISSING,-1,-1,0,-1
2024111437911,2024,111437911,1,5,0,-1,14,5,1,-1,0,0,1,0,0,0,1,1,-1,6,1,41,7,599,1,28,HONDA MODEL MISSING,2,E01008173,0,1
2024131420007,2024,131420007,1,9,0,-1,19,7,3,-1,0,8,0,0,0,0,1,1,-1,1,1,51,8,1500,8,14,HONDA MODEL MISSING,3,E01011090,0,1
2024231465301,2024,231465301,2,9,0,-1,9,4,3,-1,0,5,0,0,0,0,3,9,-1,6,1,35,6,1490,8,10,HONDA MODEL MISSING,-1,-1,0,-1
2024010509988,2024,010509988,1,5,0,18,19,7,3,0,0,8,0,0,0,0,4,1,6,6,1,60,9,781,1,26,HONDA MODEL MISSING,3,E01002605,0,1
2024061534114,2024,061534114,1,9,0,-1,19,2,6,-1,0,8,0,4,0,0,1,1,-1,9,2,57,9,1497,8,10,HONDA MODEL MISSING,-1,-1,0,-1
2024332401102,2024,332401102,1,9,0,-1,4,3,7,-1,0,1,0,0,0,0,2,1,-1,2,2,47,8,1497,1,14,HONDA MODEL MISSING,3,E01034003,0,3
2024141414618,2024,141414618,1,4,0,-1,19,6,2,-1,0,0,2,0,0,0,3,1,-1,9,1,20,4,499,1,29,HONDA MODEL MISSING,2,E01007782,0,2
2024010536295,2024,010536295,2,9,0,99,99,9,9,99,99,9,9,99,9,99,1,9,6,6,3,-1,-1,1990,1,16,HONDA MODEL MISSING,7,E01004164,0,3
2024010526145,2024,010526145,1,3,0,18,19,3,7,0,0,8,0,0,0,0,1,1,6,6,1,23,5,125,1,8,HONDA MODEL MISSING,7,E01002373,0,1
2024440464918,2024,440464918,2,5,0,18,19,3,7,0,0,8,0,0,0,0,4,1,6,6,1,68,10,742,1,24,HONDA MODEL MISSING,4,E01023019,0,3
2024461478462,2024,461478462,1,4,0,-1,19,4,8,-1,0,0,0,0,5,0,1,1,-1,9,2,26,6,400,1,36,HONDA MODEL MISSING,9,E01032655,0,3
2024010513672,2024,010513672,2,5,0,18,19,1,5,9,9,0,1,0,0,0,3,1,6,6,1,33,6,599,1,14,HONDA MODEL MISSING,3,E01033934,0,1
2024010522518,2024,010522518,1,9,0,99,99,9,9,99,99,0,9,99,9,99,9,9,6,6,2,38,7,1790,1,15,HONDA MODEL MISSING,9,E01024143,0,4
2024122401024,2024,122401024,2,5,0,18,19,7,3,0,0,1,0,0,0,0,1,1,6,6,2,54,8,748,1,31,HONDA MODEL MISSING,6,E01027764,0,3
2024302401180,2024,302401180,2,4,0,18,19,5,1,0,0,0,0,0,1,11,1,1,6,6,1,23,5,400,1,37,HONDA MODEL MISSING,5,E01019613,0,2
2024141448164,2024,141448164,1,5,0,-1,19,5,1,-1,0,0,0,0,0,0,4,1,-1,9,1,81,11,800,1,23,HONDA MODEL MISSING,5,E01019605,0,4
2024010501324,2024,010501324,1,5,0,18,19,5,1,0,0,0,0,0,0,0,1,1,6,6,1,31,6,598,1,23,HONDA MODEL MISSING,5,E01023936,0,4
2024371443581,2024,371443581,2,5,0,-1,19,5,1,-1,0,8,0,0,0,0,1,1,-1,9,1,42,7,781,1,22,HONDA MODEL MISSING,2,E01030023,0,1
2024302401543,2024,302401543,1,3,0,3,3,5,8,0,0,1,0,0,0,0,2,1,6,6,1,61,9,125,1,4,HONDA MODEL MISSING,10,E01013461,0,1
2024010490048,2024,010490048,2,9,0,99,99,9,9,99,99,9,9,99,9,99,1,9,6,6,3,-1,-1,1300,1,12,HONDA MODEL MISSING,-1,-1,0,-1
2024041528960,2024,041528960,1,4,0,-1,19,3,7,-1,0,0,0,0,0,0,4,1,-1,9,1,21,5,397,1,36,HONDA MODEL MISSING,1,E01012686,0,1
2024440205254,2024,440205254,1,5,0,5,5,1,5,0,0,0,0,0,0,0,3,1,6,6,1,65,9,900,1,25,HONDA MODEL MISSING,4,E01032858,0,1
2024122400992,2024,122400992,1,5,0,9,9,8,5,0,0,5,0,0,0,0,3,1,6,6,1,36,7,600,1,23,HONDA MODEL MISSING,1,E01012601,0,4
2024221505176,2024,221505176,1,9,0,-1,9,6,4,-1,0,6,0,0,0,0,1,9,-1,2,2,43,7,1330,8,12,HONDA MODEL MISSING,6,E01010200,0,3
2024041451210,2024,041451210,1,5,0,-1,19,7,3,-1,0,0,1,0,0,0,1,1,-1,9,1,24,5,748,1,27,HONDA MODEL MISSING,8,E01025506,0,1
2024320136875,2024,320136875,1,9,0,-1,-1,2,6,9,9,0,2,0,7,1,1,1,6,6,1,31,6,2204,2,18,HONDA MODEL MISSING,6,E01025746,0,4
2024991486204,2024,991486204,2,5,0,-1,19,5,1,-1,0,1,5,0,1,0,1,1,-1,2,1,35,6,1084,1,31,HONDA MODEL MISSING,5,-1,0,4
2024520402671,2024,520402671,1,9,0,5,5,1,5,0,0,4,0,0,0,0,3,1,6,6,2,30,6,1339,8,12,HONDA MODEL MISSING,10,E01029302,0,1
2024221457722,2024,221457722,2,5,0,-1,19,6,2,-1,0,8,0,0,0,0,1,1,-1,2,1,37,7,745,1,22,HONDA MODEL MISSING,2,E01032465,0,1
2024052401050,2024,052401050,1,4,0,14,14,8,4,0,0,0,0,0,0,0,4,1,2,2,1,28,6,1137,1,-1,HONDA MODEL MISSING,8,E01007298,0,2
2024141472489,2024,141472489,1,4,0,-1,19,6,2,-1,0,1,0,0,0,0,1,1,-1,9,1,37,7,250,1,27,HONDA MODEL MISSING,1,E01008122,0,1
2024201407219,2024,201407219,2,9,0,-1,3,2,6,-1,0,1,0,0,0,0,2,1,-1,1,2,51,8,1799,1,15,HONDA MODEL MISSING,3,E01010324,0,3
2024622400763,2024,622400763,2,4,0,18,19,6,2,0,0,1,0,0,0,0,1,1,6,6,1,59,9,899,1,32,HONDA MODEL MISSING,9,W01001342,0,2
2024201489097,2024,201489097,1,5,0,-1,19,4,8,-1,0,0,2,10,6,10,1,1,-1,6,1,28,6,919,1,-1,HONDA MODEL MISSING,5,E01009719,0,1
2024622400509,2024,622400509,2,5,0,18,19,8,4,0,0,3,0,0,0,0,1,1,6,6,1,22,5,918,1,25,HONDA MODEL MISSING,4,W01001415,0,3
2024010503541,2024,010503541,1,4,0,5,5,3,7,0,0,2,0,0,0,0,4,1,6,6,1,24,5,450,1,7,HONDA MODEL MISSING,-1,-1,0,-1
2024141408511,2024,141408511,2,9,0,-1,19,3,7,-1,0,1,0,0,0,0,1,1,-1,7,2,46,8,2335,1,19,HONDA MODEL MISSING,5,E01033260,0,1
2024131503238,2024,131503238,2,9,0,-1,-1,-1,-1,-1,-1,8,-1,-1,-1,0,-1,1,-1,6,1,31,6,1970,1,27,HONDA MODEL MISSING,1,E01010612,0,1
2024201439676,2024,201439676,1,9,0,-1,15,6,2,-1,0,8,5,7,0,0,1,1,-1,6,1,22,5,1998,1,21,HONDA MODEL MISSING,-1,-1,0,-1
2024211526932,2024,211526932,1,9,0,-1,2,1,5,-1,0,0,0,0,1,0,2,9,-1,6,1,23,5,1339,8,13,HONDA MODEL MISSING,2,E01005027,0,4
2024471424735,2024,471424735,1,9,0,-1,13,1,5,-1,0,0,0,0,0,0,1,1,-1,9,1,25,5,1500,1,32,HONDA MODEL MISSING,4,E01021207,0,1
2024451484558,2024,451484558,1,4,0,-1,3,7,3,-1,0,0,5,0,0,0,2,1,-1,9,1,57,9,249,1,42,HONDA MODEL MISSING,8,E01004147,0,3
2024111424223,2024,111424223,1,9,0,-1,19,1,1,-1,0,0,0,0,0,0,3,1,-1,9,1,47,8,2354,1,10,HONDA MODEL MISSING,8,E01020854,0,3
2024471472484,2024,471472484,2,5,0,-1,2,0,0,-1,0,1,0,0,0,0,3,1,-1,9,1,71,10,1137,1,26,HONDA MODEL MISSING,8,E01030529,0,4
2024471492820,2024,471492820,2,4,0,-1,19,1,5,-1,0,1,0,0,0,0,4,1,-1,1,1,31,6,398,1,43,HONDA MODEL MISSING,3,E01031371,0,3
2024522500038,2024,522500038,2,5,0,17,19,3,7,0,0,0,0,0,1,10,1,1,6,6,1,23,5,600,1,27,HONDA MODEL MISSING,5,E01014751,0,3
2024631423648,2024,631423648,1,5,0,-1,19,8,4,-1,0,8,0,0,0,0,1,1,-1,6,1,27,6,600,1,18,HONDA MODEL MISSING,6,W01000628,0,1
2024010537953,2024,010537953,1,3,0,99,99,9,9,99,99,9,9,99,9,99,9,1,6,6,3,32,6,125,1,5,HONDA MODEL MISSING,6,E01000514,0,2
2024461440713,2024,461440713,1,4,0,-1,13,5,1,-1,0,0,2,4,0,0,1,1,-1,2,1,29,6,918,1,26,HONDA MODEL MISSING,5,E01032653,0,3
2024211517806,2024,211517806,2,5,-1,-1,-1,-1,-1,-1,-1,0,-1,-1,-1,0,-1,1,-1,2,1,44,7,600,1,27,HONDA MODEL MISSING,3,E01029487,0,1
2024991489508,2024,991489508,2,17,0,-1,2,0,0,-1,0,0,0,0,0,0,1,1,-1,7,1,52,8,420,1,3,HONDA MODEL MISSING,-1,-1,0,-1
2024451502083,2024,451502083,1,9,0,-1,19,5,1,-1,0,8,0,0,0,0,1,1,-1,9,1,19,4,1295,8,14,HONDA MODEL MISSING,4,E01030981,0,1
2024010504936,2024,010504936,2,3,0,18,19,1,5,0,0,1,5,0,0,0,0,1,6,6,1,30,6,108,1,16,HONDA MODEL MISSING,-1,-1,0,-1
2024131472944,2024,131472944,2,3,0,-1,19,7,3,-1,0,1,0,0,0,0,1,1,-1,9,1,19,4,85,1,28,HONDA MODEL MISSING,1,E01011811,0,1
2024201436186,2024,201436186,3,8,0,-1,19,1,4,-1,0,0,0,0,0,0,3,1,-1,2,1,47,8,2350,1,8,HONDA MODEL MISSING,3,E01010020,0,1
2024351452804,2024,351452804,2,5,0,-1,19,6,3,-1,0,0,2,0,0,0,2,1,-1,6,1,36,7,649,1,6,HONDA MODEL MISSING,7,E01034439,0,2
2024221446598,2024,221446598,1,5,0,-1,19,8,4,-1,0,0,0,0,0,0,1,1,-1,6,1,38,7,918,1,26,HONDA MODEL MISSING,6,E01032457,0,3
2024010501054,2024,010501054,2,9,0,18,19,1,5,0,0,1,0,0,0,0,3,1,2,2,1,51,8,1990,1,11,HONDA MODEL MISSING,3,E01002712,0,3
2024332400798,2024,332400798,1,5,0,-1,19,2,6,-1,0,0,1,10,1,9,1,1,-1,6,1,49,8,399,1,37,HONDA MODEL MISSING,7,E01025909,0,1
2024461532653,2024,461532653,2,9,0,-1,4,-1,-1,-1,0,3,0,0,0,0,2,9,-1,6,1,42,7,1330,1,14,HONDA MODEL MISSING,3,E01000367,0,1
2024371478759,2024,371478759,1,3,0,-1,19,3,7,-1,0,0,0,12,0,0,1,1,-1,6,1,82,11,90,1,-1,HONDA MODEL MISSING,3,E01029978,0,3
2024070982855,2024,070982855,2,9,0,-1,19,1,5,-1,0,1,0,0,0,0,3,1,-1,9,2,47,8,1330,1,14,HONDA MODEL MISSING,9,E01012562,0,1
2024451425186,2024,451425186,2,9,0,-1,9,3,1,-1,9,0,0,0,6,1,1,1,-1,6,2,27,6,1490,8,11,HONDA MODEL MISSING,5,E01030980,0,1
2024501444666,2024,501444666,1,5,0,-1,7,8,4,-1,0,3,0,0,1,11,4,1,-1,9,1,25,5,600,1,19,HONDA MODEL MISSING,1,E01018930,0,1
2024131438830,2024,131438830,1,5,0,-1,5,3,7,-1,0,4,1,0,0,0,3,1,-1,9,1,53,8,997,1,29,HONDA MODEL MISSING,2,E01011123,0,4
2024552401548,2024,552401548,2,5,0,13,13,2,6,0,0,0,0,0,0,0,2,1,6,6,2,36,7,781,1,22,HONDA MODEL MISSING,7,E01029245,0,4
2024501420012,2024,501420012,1,90,0,-1,19,2,6,-1,9,8,0,0,0,0,1,1,-1,9,1,17,4,420,1,8,HONDA MODEL MISSING,4,E01020307,0,1
2024501443401,2024,501443401,2,3,0,-1,3,5,1,-1,0,0,0,0,0,0,1,1,-1,9,1,51,8,85,1,30,HONDA MODEL MISSING,5,E01020076,0,3
2024531500447,2024,531500447,2,5,0,-1,19,2,6,-1,0,1,0,0,0,0,1,1,-1,9,1,53,8,918,1,28,HONDA MODEL MISSING,9,E01034787,0,2
2024411457463,2024,411457463,1,90,0,-1,19,7,3,-1,0,0,5,0,0,0,3,1,-1,1,2,50,8,-1,-1,-1,HONDA MODEL MISSING,9,E01023604,0,3
2024991489784,2024,991489784,2,3,0,-1,19,3,7,-1,0,1,1,0,0,0,3,1,-1,6,2,36,7,124,1,40,HONDA MODEL MISSING,7,-1,0,1
2024991484952,2024,991484952,1,5,0,-1,13,8,4,-1,0,0,0,10,0,0,1,1,-1,9,1,69,10,1047,1,44,HONDA MODEL MISSING,1,E01008665,0,5
2024361444375,2024,361444375,2,9,0,-1,19,4,8,-1,0,0,0,0,0,0,4,1,-1,2,2,36,7,1330,8,13,HONDA MODEL MISSING,7,E01026810,0,3
2024451470194,2024,451470194,1,5,0,-1,13,8,4,-1,0,1,1,0,0,0,1,1,-1,9,1,69,10,650,1,41,HONDA MODEL MISSING,5,E01030663,0,1
2024991494209,2024,991494209,1,5,0,-1,19,8,5,-1,0,0,0,0,0,0,1,1,-1,6,1,71,10,-1,-1,-1,HONDA MODEL MISSING,2,-1,0,1
2024320380133,2024,320380133,1,5,0,18,19,1,5,0,0,0,0,0,1,0,3,1,6,6,1,52,8,781,1,26,HONDA MODEL MISSING,5,E01026076,0,3
2024221443049,2024,221443049,2,5,0,-1,3,5,1,-1,0,1,0,10,1,0,2,1,-1,2,1,52,8,583,1,29,HONDA MODEL MISSING,5,E01014158,0,1
2024302400077,2024,302400077,2,17,0,9,9,4,2,0,0,1,0,0,0,0,3,1,1,1,1,43,7,299,1,27,HONDA MODEL MISSING,6,E01019819,0,1
2024622400648,2024,622400648,1,5,0,13,13,5,1,0,0,0,1,0,0,0,0,1,6,6,1,46,8,750,1,27,HONDA MODEL MISSING,1,W01001288,0,1
2024031508855,2024,031508855,1,5,0,-1,19,1,5,-1,0,0,1,0,0,0,0,1,-1,6,1,34,6,647,1,29,HONDA MODEL MISSING,-1,-1,0,-1
2024131535180,2024,131535180,1,9,0,-1,19,6,2,-1,0,0,0,0,0,0,1,1,-1,6,1,73,10,1998,1,16,HONDA MODEL MISSING,2,E01011224,0,1
2024041534161,2024,041534161,1,5,0,-1,19,3,7,-1,0,0,1,0,0,0,3,1,-1,6,1,49,8,800,1,22,HONDA MODEL MISSING,1,E01025092,0,1
2024010504975,2024,010504975,2,9,0,99,99,9,9,99,99,9,9,99,9,99,9,9,6,6,3,-1,-1,1998,1,21,HONDA MODEL MISSING,-1,-1,0,-1
2024122400707,2024,122400707,1,5,0,18,19,5,1,0,0,1,0,0,0,0,0,1,6,6,1,72,10,745,1,19,HONDA MODEL MISSING,1,E01010583,0,3
2024141473047,2024,141473047,1,9,0,-1,10,3,1,-1,0,8,1,0,1,0,4,1,-1,9,2,27,6,1330,8,12,HONDA MODEL MISSING,3,E01008016,0,1
2024010522378,2024,010522378,1,5,0,99,99,9,9,99,99,9,9,99,9,99,1,1,2,2,1,40,7,599,1,32,HONDA MODEL MISSING,4,E01003608,0,2
2024440387295,2024,440387295,2,9,0,10,10,7,5,0,0,1,0,0,0,0,2,1,6,6,1,36,7,1995,1,19,HONDA MODEL MISSING,2,E01022915,0,1