collision_index,collision_year,collision_ref_no,vehicle_reference,vehicle_type,towing_and_articulation,vehicle_manoeuvre_historic,vehicle_manoeuvre,vehicle_direction_from,vehicle_direction_to,vehicle_location_restricted_lane_historic,vehicle_location_restricted_lane,junction_location,skidding_and_overturning,hit_object_in_carriageway,vehicle_leaving_carriageway,hit_object_off_carriageway,first_point_of_impact,vehicle_left_hand_drive,journey_purpose_of_driver_historic,journey_purpose_of_driver,sex_of_driver,age_of_driver,age_band_of_driver,engine_capacity_cc,propulsion_code,age_of_vehicle,generic_make_model,driver_imd_decile,lsoa_of_driver,escooter_flag,driver_distance_banding
2024061494973,2024,061494973,1,5,0,-1,9,1,6,-1,0,1,5,0,0,0,1,1,-1,6,3,-1,-1,598,1,25,HONDA MODEL MISSING,-1,-1,0,-1
2024622400607,2024,622400607,3,3,0,4,4,8,4,0,0,0,0,0,0,0,2,1,6,6,1,25,5,125,1,23,HONDA MODEL MISSING,3,W01000750,0,1
2024430142193,2024,430142193,1,9,0,18,19,5,1,0,0,1,0,10,1,0,1,1,6,6,2,74,10,1330,8,12,HONDA MODEL MISSING,5,E01016233,0,1
2024141480784,2024,141480784,2,4,0,-1,19,7,3,-1,0,1,0,0,0,0,1,1,-1,9,1,21,5,499,1,29,HONDA MODEL MISSING,7,E01007778,0,2
2024361426980,2024,361426980,1,5,0,-1,13,5,1,-1,0,0,0,0,1,0,1,1,-1,6,1,52,8,996,1,25,HONDA MODEL MISSING,4,E01026925,0,2
2024141490096,2024,141490096,1,3,0,-1,19,2,7,-1,0,0,0,0,0,0,1,1,-1,6,1,20,4,125,1,18,HONDA MODEL MISSING,-1,-1,0,-1
2024991485810,2024,991485810,1,5,0,-1,19,8,3,-1,0,0,1,0,7,0,4,1,-1,6,1,55,8,598,1,27,HONDA MODEL MISSING,5,-1,0,1
2024201469423,2024,201469423,1,9,0,-1,19,6,2,-1,0,8,0,0,0,0,1,1,-1,6,1,30,6,1490,1,11,HONDA MODEL MISSING,4,E01009288,0,1
2024361444375,2024,361444375,1,9,0,-1,19,8,4,-1,0,0,0,0,1,0,4,1,-1,2,1,36,7,1998,1,18,HONDA MODEL MISSING,7,E01026436,0,1
2024231572512,2024,231572512,1,4,0,-1,19,6,2,-1,0,0,0,10,1,0,1,1,-1,6,2,48,8,250,1,38,HONDA MODEL MISSING,8,E01025864,0,4
2024501447878,2024,501447878,2,5,0,-1,11,8,4,-1,0,0,0,0,0,0,1,1,-1,9,1,53,8,781,1,26,HONDA MODEL MISSING,4,E01018894,0,2
2024221437558,2024,221437558,1,9,0,-1,19,3,6,-1,0,1,0,0,0,0,1,1,-1,6,2,46,8,1330,8,12,HONDA MODEL MISSING,5,E01009267,0,4
2024010543642,2024,010543642,1,5,0,16,19,1,5,0,0,6,0,0,0,0,1,1,2,2,1,30,6,600,1,26,HONDA MODEL MISSING,8,E01001046,0,3
2024221491555,2024,221491555,1,5,0,-1,11,5,8,-1,0,3,0,0,0,0,4,1,-1,9,1,62,9,800,1,25,HONDA MODEL MISSING,2,E01009064,0,4
2024302400676,2024,302400676,1,3,0,16,19,1,4,0,0,0,0,0,7,4,1,1,6,6,1,20,4,124,1,28,HONDA MODEL MISSING,-1,-1,0,-1
2024320488959,2024,320488959,2,9,0,2,2,0,0,0,0,0,0,0,0,0,2,1,6,6,2,78,11,1998,1,18,HONDA MODEL MISSING,5,E01026283,0,1
2024622400453,2024,622400453,2,5,0,18,19,2,6,0,0,1,0,0,0,0,1,1,1,1,1,51,8,998,1,29,HONDA MODEL MISSING,7,W01001840,0,1
2024531462032,2024,531462032,1,5,0,-1,19,7,3,-1,0,1,0,0,0,0,1,1,-1,2,1,21,5,649,1,27,HONDA MODEL MISSING,6,E01022210,0,1
2024201497114,2024,201497114,1,9,0,-1,19,3,7,-1,0,8,0,0,0,0,1,1,-1,6,1,40,7,1500,8,10,HONDA MODEL MISSING,7,E01010136,0,1
2024052401938,2024,052401938,1,9,0,5,5,5,1,0,0,8,0,0,0,0,4,1,1,1,1,53,8,1490,8,11,HONDA MODEL MISSING,3,E01006719,0,1
2024122400658,2024,122400658,2,5,0,18,19,7,3,0,0,8,1,0,0,0,0,1,6,6,1,42,7,899,1,30,HONDA MODEL MISSING,6,E01027790,0,4
2024010510573,2024,010510573,1,3,9,99,99,9,9,99,99,9,9,99,9,99,1,1,1,1,1,29,6,670,1,11,HONDA NC700X,2,E01002076,0,4
2024010510241,2024,010510241,2,5,0,18,19,5,1,0,0,8,0,0,0,0,1,1,6,6,1,28,6,670,1,11,HONDA NC700X,5,E01023791,0,4
2024101471215,2024,101471215,1,5,0,-1,13,3,7,-1,0,0,0,0,0,0,1,1,-1,9,1,56,9,670,1,11,HONDA NC700X,6,E01027476,0,4
2024010516647,2024,010516647,1,3,0,99,99,9,9,99,99,9,9,99,9,99,9,1,1,1,1,22,5,670,1,11,HONDA NC700X,4,E01003145,0,2
2024311407470,2024,311407470,1,5,0,-1,7,4,6,-1,0,2,1,0,0,0,4,1,-1,2,1,41,7,670,1,12,HONDA NC700X,6,E01028336,0,1
2024451497772,2024,451497772,1,5,0,-1,19,3,7,-1,0,1,1,0,0,0,1,1,-1,2,1,29,6,670,1,10,HONDA NC700X,10,E01023210,0,4
2024010550473,2024,010550473,1,5,0,99,99,9,9,99,99,9,9,99,9,99,9,1,6,6,1,33,6,670,1,10,HONDA NC700X,3,E01002562,0,3
2024010515161,2024,010515161,1,5,0,18,19,7,3,0,0,2,0,0,0,0,3,1,6,6,1,45,7,670,1,12,HONDA NC700X,4,E01003543,0,2
2024010509758,2024,010509758,1,5,0,9,9,5,3,0,0,6,0,0,0,0,1,1,6,6,1,40,7,670,1,11,HONDA NC700X,9,E01021454,0,4
2024010507737,2024,010507737,1,5,0,99,99,9,9,99,99,9,9,99,9,99,9,1,1,1,1,28,6,670,1,11,HONDA NC700X,-1,-1,0,-1
2024451475696,2024,451475696,1,9,0,-1,19,3,7,-1,0,4,0,0,0,0,1,1,-1,9,2,82,11,1591,1,12,-1,10,E01030948,0,1
2024010521820,2024,010521820,2,9,0,4,4,5,1,0,0,2,0,0,0,0,0,1,6,6,1,55,8,1591,1,12,-1,8,E01000399,0,1
2024010512188,2024,010512188,1,9,0,2,2,0,0,0,0,1,0,0,0,0,1,1,6,6,3,-1,-1,1591,1,12,-1,-1,-1,0,-1
2024430029706,2024,430029706,1,9,0,18,19,6,2,0,0,8,0,0,0,0,1,1,6,6,2,55,8,1591,1,11,-1,7,E01028474,0,2
2024070342635,2024,070342635,2,9,0,5,5,3,7,0,0,8,0,0,6,1,2,1,6,6,1,23,5,1591,1,12,-1,10,W01000385,0,4
2024141439588,2024,141439588,1,9,0,-1,19,3,7,-1,0,8,0,0,0,0,4,9,-1,6,1,24,5,1591,1,12,-1,1,E01007783,0,1
2024631475626,2024,631475626,2,17,5,-1,19,1,6,-1,0,0,0,0,0,0,1,1,-1,9,1,57,9,5393,2,34,-1,5,W01000648,0,1
2024411516237,2024,411516237,4,9,0,-1,2,0,0,-1,0,1,0,0,0,0,4,1,-1,6,-1,-1,-1,1498,1,8,-1,-1,-1,0,-1
2024010547753,2024,010547753,1,9,0,4,4,6,2,0,0,2,0,0,0,0,2,1,2,2,2,26,6,1490,1,6,-1,4,E01000957,0,1
2024549407624,2024,549407624,1,9,0,18,19,6,2,0,0,8,0,7,0,0,1,1,6,6,1,44,7,1490,1,5,-1,8,E01032701,0,1
2024461415938,2024,461415938,1,9,0,-1,9,5,3,-1,0,8,0,0,0,0,3,9,-1,2,1,56,9,1490,1,7,-1,2,E01024177,0,3
2024622400268,2024,622400268,2,9,0,9,9,4,2,0,0,8,0,0,0,0,3,1,6,6,2,34,6,1490,1,5,-1,8,W01001752,0,1
2024131505613,2024,131505613,4,9,0,-1,2,0,0,-1,0,2,0,0,0,0,2,1,-1,6,-1,-1,-1,1490,1,6,-1,-1,-1,0,-1
2024010497578,2024,010497578,1,9,0,9,9,5,3,0,0,6,0,0,0,0,1,1,6,6,1,44,7,1498,1,8,-1,-1,-1,0,-1
2024332400168,2024,332400168,2,4,0,-1,19,4,1,-1,0,8,0,0,0,0,1,1,-1,6,1,31,6,125,1,1,-1,4,E01025936,0,1
2024211480579,2024,211480579,1,3,0,-1,19,1,1,-1,0,0,1,0,0,0,1,1,-1,2,1,18,4,125,1,1,-1,-1,-1,0,-1
2024991441611,2024,991441611,1,9,0,-1,19,8,3,-1,0,1,5,0,7,11,1,1,-1,6,1,81,11,1400,1,87,-1,6,-1,0,1
2024631439058,2024,631439058,2,9,0,-1,19,1,5,-1,0,0,0,0,2,10,1,1,-1,9,1,69,10,1098,1,62,-1,7,W01000552,0,1
2024010528900,2024,010528900,1,9,0,18,19,1,5,0,0,0,0,0,0,0,1,1,6,6,2,68,10,1598,1,17,NISSAN NOTE,8,E01000703,0,1
2024101413802,2024,101413802,2,9,-1,-1,19,3,7,-1,0,0,0,0,0,0,1,9,-1,9,1,73,10,1198,1,9,NISSAN NOTE,2,E01008698,0,1
2024361508334,2024,361508334,3,9,0,-1,4,8,5,-1,0,1,0,0,0,0,2,1,-1,6,1,60,9,1598,1,14,NISSAN NOTE,6,E01026730,0,3
2024010540186,2024,010540186,2,9,0,99,99,9,9,99,99,9,9,99,9,99,9,9,6,6,3,-1,-1,1198,1,10,NISSAN NOTE,-1,-1,0,-1
2024052401459,2024,052401459,2,9,0,4,4,4,8,0,0,0,0,0,0,0,2,1,6,6,1,62,9,1198,1,10,NISSAN NOTE,1,E01006677,0,1
2024211419209,2024,211419209,1,9,0,-1,19,7,3,-1,0,0,0,0,0,0,1,1,-1,1,2,27,6,1598,1,17,NISSAN NOTE,5,E01010513,0,4
2024451520502,2024,451520502,1,9,0,-1,13,7,3,-1,0,0,1,0,5,6,4,1,-1,6,2,56,9,1386,1,11,NISSAN NOTE,5,E01022428,0,5
2024461507535,2024,461507535,2,9,0,-1,19,6,3,-1,0,1,0,0,0,0,3,1,-1,6,2,69,10,1598,1,15,NISSAN NOTE,2,E01016064,0,1
2024471399063,2024,471399063,1,9,0,-1,19,1,6,-1,0,0,0,0,0,0,1,1,-1,9,1,80,11,1598,1,16,NISSAN NOTE,7,E01031500,0,1
2024461438698,2024,461438698,2,9,0,-1,4,1,5,-1,0,0,0,0,0,0,2,9,-1,9,2,55,8,1198,1,10,NISSAN NOTE,3,E01024396,0,1
2024631534728,2024,631534728,1,9,0,-1,19,4,1,-1,0,0,2,0,8,10,1,1,-1,9,1,45,7,1598,1,16,NISSAN NOTE,8,-1,0,5
2024471452638,2024,471452638,2,9,0,-1,2,0,0,-1,0,2,0,0,0,0,3,1,-1,6,-1,-1,-1,1198,1,9,NISSAN NOTE,-1,-1,0,-1
2024461416989,2024,461416989,2,9,0,-1,2,0,0,-1,0,0,0,4,0,0,2,9,-1,6,2,-1,-1,1386,1,15,NISSAN NOTE,2,E01024218,0,1
2024421417177,2024,421417177,1,9,0,-1,19,3,7,-1,0,2,0,0,0,0,1,1,-1,6,1,45,7,1386,1,17,NISSAN NOTE,-1,-1,0,-1
2024041470551,2024,041470551,2,9,0,-1,2,0,0,-1,0,0,0,0,0,0,1,1,-1,6,-1,-1,-1,1386,1,13,NISSAN NOTE,-1,-1,0,-1
2024991518246,2024,991518246,1,9,0,-1,10,3,1,-1,0,6,0,0,0,0,1,1,-1,2,2,39,7,1198,1,10,NISSAN NOTE,3,-1,0,1
2024401396831,2024,401396831,1,9,0,-1,9,2,6,-1,0,2,0,0,0,0,1,1,-1,2,2,39,7,1598,1,16,NISSAN NOTE,5,E01015763,0,1
2024010548956,2024,010548956,1,9,0,18,19,1,5,0,0,2,0,0,0,0,1,1,6,6,1,48,8,1198,1,9,NISSAN NOTE,3,E01000129,0,1
2024421490712,2024,421490712,2,9,0,-1,19,5,1,-1,0,0,0,0,1,0,4,1,-1,6,2,61,9,1461,2,12,NISSAN NOTE,6,E01018017,0,4
2024010537858,2024,010537858,2,9,0,99,99,9,9,99,99,5,9,99,9,99,1,9,6,6,3,-1,-1,1198,1,10,NISSAN NOTE,-1,-1,0,-1
2024361414223,2024,361414223,2,9,0,-1,2,0,0,-1,0,0,0,0,0,0,3,9,-1,6,3,-1,-1,1598,1,15,NISSAN NOTE,-1,-1,0,-1
2024010547171,2024,010547171,2,9,0,2,2,0,0,9,9,0,0,0,0,0,1,1,6,6,3,-1,-1,1598,1,14,NISSAN NOTE,-1,-1,0,-1
2024041495951,2024,041495951,1,9,0,-1,19,2,6,-1,0,2,0,0,0,0,4,1,-1,9,2,58,9,1198,1,10,NISSAN NOTE,1,E01025046,0,1
2024501496747,2024,501496747,2,9,0,-1,4,7,3,-1,0,0,0,0,1,0,2,1,-1,9,1,81,11,1198,1,9,NISSAN NOTE,5,E01019065,0,4
2024552401148,2024,552401148,1,9,0,18,19,8,4,0,0,0,0,4,0,0,1,1,6,6,2,56,9,1386,1,18,NISSAN NOTE,7,E01020495,0,1
2024471492037,2024,471492037,2,9,0,-1,7,2,4,-1,0,1,0,0,0,0,4,9,-1,6,1,62,9,1598,1,16,NISSAN NOTE,1,E01016915,0,1
2024131457400,2024,131457400,1,9,0,-1,9,5,1,-1,-1,0,0,0,0,0,1,1,-1,9,1,35,6,1386,1,16,NISSAN NOTE,1,E01011080,0,1
2024010522810,2024,010522810,5,9,0,2,2,0,0,0,0,0,0,0,0,0,3,1,6,6,3,-1,-1,1386,1,15,NISSAN NOTE,-1,-1,0,-1
2024041499387,2024,041499387,2,9,0,-1,2,0,0,-1,0,0,0,0,0,0,0,1,-1,6,-1,-1,-1,1598,1,14,NISSAN NOTE,-1,-1,0,-1
2024122500107,2024,122500107,1,9,0,18,19,5,1,0,0,1,0,0,0,0,1,1,6,6,1,58,9,1461,2,10,NISSAN NOTE,6,E01019351,0,4
2024520402093,2024,520402093,1,9,0,5,5,2,6,0,0,4,0,0,0,0,3,1,6,6,2,61,9,1598,1,12,NISSAN NOTE,9,E01029260,0,1
2024201475482,2024,201475482,1,9,0,-1,3,1,6,-1,0,0,0,10,1,0,1,1,-1,6,1,25,5,1598,1,17,NISSAN NOTE,-1,-1,0,-1
2024010539490,2024,010539490,1,9,9,99,99,9,9,99,99,9,9,99,9,99,9,9,6,6,3,-1,-1,1598,1,16,NISSAN NOTE,-1,-1,0,-1
2024451429007,2024,451429007,1,9,0,-1,19,1,5,-1,0,4,0,0,3,4,1,1,-1,9,1,79,11,1598,1,14,NISSAN NOTE,9,E01030731,0,1
2024010535243,2024,010535243,2,9,0,99,99,9,9,99,99,9,9,99,9,99,1,9,6,6,3,-1,-1,1386,1,14,NISSAN NOTE,7,E01000169,0,2
2024440335070,2024,440335070,1,9,0,18,19,7,3,0,0,0,0,0,0,0,1,1,6,6,2,33,6,1198,1,10,NISSAN NOTE,4,E01030852,0,4
2024522402248,2024,522402248,1,9,0,9,9,6,5,0,0,8,0,0,0,0,1,1,6,6,2,70,10,1198,1,7,NISSAN NOTE,3,E01014502,0,1
2024461508210,2024,461508210,1,9,0,-1,19,1,5,-1,0,0,0,0,0,0,1,1,-1,2,1,56,9,1598,1,14,NISSAN NOTE,4,E01000780,0,3
2024201410257,2024,201410257,2,9,0,-1,13,7,3,-1,0,0,1,7,4,0,4,1,-1,9,2,26,6,1386,1,17,NISSAN NOTE,3,E01009216,0,1
2024411464874,2024,411464874,3,9,0,-1,2,0,0,-1,0,1,0,0,0,0,2,1,-1,6,2,21,5,1598,1,16,NISSAN NOTE,8,E01023649,0,1
2024010498368,2024,010498368,1,9,9,4,4,5,1,0,0,8,9,99,3,99,2,9,6,6,2,63,9,1598,1,13,NISSAN NOTE,4,E01000406,0,3
2024340WN4812,2024,340WN4812,1,9,0,-1,19,7,3,-1,0,0,1,0,0,0,1,1,-1,6,1,32,6,1461,2,17,NISSAN NOTE,6,E01027232,0,1
2024991441204,2024,991441204,1,9,0,-1,9,7,4,-1,0,1,0,0,0,0,3,1,-1,6,2,83,11,1198,1,10,NISSAN NOTE,10,-1,0,1
2024421509307,2024,421509307,1,9,0,-1,-1,-1,-1,-1,-1,-1,-1,-1,-1,0,-1,9,-1,6,2,43,7,1386,1,15,NISSAN NOTE,1,E01022030,0,4
2024471402341,2024,471402341,1,9,0,-1,7,7,1,-1,0,8,0,0,0,0,1,1,-1,2,2,60,9,1198,1,8,NISSAN NOTE,5,E01031832,0,1
2024471394658,2024,471394658,1,9,0,-1,19,7,3,-1,0,1,0,0,0,0,3,1,-1,9,1,70,10,1386,1,17,NISSAN NOTE,4,E01031435,0,1
2024211433842,2024,211433842,2,9,0,-1,3,5,8,-1,0,0,0,0,0,0,2,1,-1,6,2,53,8,1198,1,8,NISSAN NOTE,5,E01031037,0,1
2024471411732,2024,471411732,2,9,0,-1,4,1,5,-1,0,1,0,0,0,0,2,1,-1,6,2,43,7,1386,1,16,NISSAN NOTE,2,E01016905,0,1
2024201444844,2024,201444844,1,9,0,-1,5,3,7,-1,0,6,0,0,0,0,1,1,-1,6,1,69,10,1598,1,15,NISSAN NOTE,3,E01010020,0,1
2024111436105,2024,111436105,1,9,0,-1,3,8,4,-1,0,1,0,0,8,0,1,1,-1,9,2,90,11,1598,1,15,NISSAN NOTE,6,E01020654,0,1
2024302400744,2024,302400744,2,9,0,18,19,7,3,0,0,0,5,0,0,0,2,1,6,6,1,43,7,1386,1,12,NISSAN NOTE,6,E01013528,0,2
2024221429836,2024,221429836,1,9,0,-1,19,7,2,-1,0,0,0,0,0,0,1,1,-1,6,1,62,9,1598,1,16,NISSAN NOTE,5,E01028960,0,4
2024421504478,2024,421504478,1,9,0,-1,19,3,7,-1,0,0,0,0,0,0,1,1,-1,6,1,-1,-1,1198,1,9,NISSAN NOTE,-1,-1,0,-1
2024161407374,2024,161407374,1,9,0,-1,9,3,8,-1,0,1,0,0,0,0,3,1,-1,9,1,70,10,1198,1,9,NISSAN NOTE,1,E01012875,0,1
2024010488258,2024,010488258,1,9,0,16,19,5,7,0,0,8,0,0,0,0,1,1,6,6,1,59,9,1386,1,17,NISSAN NOTE,2,E01003511,0,2
2024010512008,2024,010512008,1,9,0,5,5,5,1,0,0,1,0,0,0,0,1,1,6,6,1,47,8,1598,1,13,NISSAN NOTE,7,E01001405,0,3
2024070541066,2024,070541066,2,9,0,3,3,8,4,0,0,1,0,0,0,0,2,1,6,6,2,60,9,1198,1,7,NISSAN NOTE,10,E01018607,0,4
2024302500193,2024,302500193,3,9,0,-1,4,4,8,-1,0,0,0,0,0,0,2,1,-1,6,1,-1,-1,1198,1,9,NISSAN NOTE,10,E01013539,0,1
2024320065886,2024,320065886,2,9,0,-1,-1,6,2,0,0,0,0,0,0,0,2,1,6,6,1,40,7,1386,1,15,NISSAN NOTE,6,E01026220,0,1
2024010509001,2024,010509001,1,9,0,18,19,5,1,0,0,1,0,0,0,0,0,1,6,6,2,60,9,1598,1,11,NISSAN NOTE,3,E01000367,0,1
2024991414729,2024,991414729,1,9,0,-1,19,5,1,-1,0,1,0,0,0,0,1,1,-1,9,2,82,11,1198,1,7,NISSAN NOTE,3,-1,0,2
2024061420087,2024,061420087,1,9,0,-1,19,7,3,-1,0,0,0,0,0,0,1,9,-1,6,1,-1,-1,1386,1,15,NISSAN NOTE,1,E01006215,0,4
2024010547420,2024,010547420,1,9,0,18,19,7,3,0,0,1,0,0,0,0,1,1,6,6,2,58,9,1598,1,14,NISSAN NOTE,3,E01003377,0,1
2024041481723,2024,041481723,2,9,0,-1,19,3,7,-1,0,0,1,0,1,0,3,1,-1,9,1,49,8,1461,2,12,NISSAN NOTE,4,E01024927,0,2
2024041520496,2024,041520496,1,9,0,-1,9,1,1,-1,0,5,0,0,0,0,1,2,-1,6,2,64,9,1386,1,16,NISSAN NOTE,4,E01024927,0,1
2024340NN3352,2024,340NN3352,1,9,0,-1,19,3,7,-1,0,0,0,0,0,0,1,1,-1,9,1,25,5,1198,1,9,NISSAN NOTE,7,E01015598,0,3
2024131506133,2024,131506133,1,9,0,-1,-1,-1,-1,-1,-1,8,-1,-1,-1,0,-1,1,-1,6,3,-1,-1,1598,1,15,NISSAN NOTE,-1,-1,0,-1
2024461461459,2024,461461459,1,9,0,-1,19,6,3,-1,0,0,0,0,0,0,1,2,-1,9,2,70,10,1198,1,10,NISSAN NOTE,5,E01024512,0,3
2024451467423,2024,451467423,1,9,0,-1,19,5,1,-1,0,0,0,0,0,0,1,1,-1,9,2,40,7,1386,1,11,NISSAN NOTE,10,E01030910,0,3
2024010540240,2024,010540240,2,9,0,99,99,9,9,99,99,9,9,99,9,99,1,9,6,6,3,-1,-1,1386,1,16,NISSAN NOTE,-1,-1,0,-1
2024201463357,2024,201463357,3,9,0,-1,2,0,0,-1,0,0,0,0,0,0,2,9,-1,6,-1,-1,-1,1198,1,10,NISSAN NOTE,-1,-1,0,-1
2024010526540,2024,010526540,3,9,0,4,4,3,7,0,0,1,0,0,0,0,2,1,6,6,1,39,7,1198,1,9,NISSAN NOTE,-1,-1,0,-1
2024201466301,2024,201466301,1,9,0,-1,9,1,7,-1,0,6,0,7,0,0,1,1,-1,2,1,59,9,1386,1,15,NISSAN NOTE,3,E01009140,0,1
2024010523025,2024,010523025,1,9,0,18,19,3,7,0,0,2,0,0,0,0,1,1,6,6,3,-1,-1,1386,1,14,NISSAN NOTE,-1,-1,0,-1
2024340WN1852,2024,340WN1852,2,9,0,-1,7,7,2,-1,0,3,0,0,1,0,2,1,-1,2,1,63,9,1386,1,12,NISSAN NOTE,5,E01027192,0,2
2024010509452,2024,010509452,2,9,0,99,99,9,9,99,99,9,9,99,9,99,9,9,6,6,3,-1,-1,1198,1,10,NISSAN NOTE,-1,-1,0,-1
2024010519557,2024,010519557,1,9,0,7,7,1,4,0,0,5,0,0,0,0,4,1,2,2,1,44,7,1598,1,16,NISSAN NOTE,4,E01001090,0,1
2024041425869,2024,041425869,1,9,0,-1,19,1,5,-1,9,1,0,7,3,0,1,1,-1,6,2,82,11,1386,1,14,NISSAN NOTE,8,E01024939,0,1
2024201453390,2024,201453390,2,9,0,-1,2,0,0,-1,0,0,0,0,0,0,4,1,-1,6,-1,-1,-1,1598,1,15,NISSAN NOTE,-1,-1,0,-1
2024010499974,2024,010499974,2,9,0,99,99,9,9,99,99,9,9,99,9,99,1,9,6,6,3,-1,-1,1598,1,14,NISSAN NOTE,-1,-1,0,-1
2024131408128,2024,131408128,1,9,0,-1,19,1,5,-1,0,0,0,0,1,11,1,1,-1,9,2,39,7,1598,1,17,NISSAN NOTE,2,E01011615,0,1
2024371534188,2024,371534188,1,9,0,-1,5,-1,-1,-1,0,0,9,0,8,0,1,1,-1,6,1,35,6,1598,1,15,NISSAN NOTE,4,E01021698,0,4
2024401452010,2024,401452010,2,9,0,-1,3,1,7,-1,0,0,0,0,7,10,2,1,-1,6,2,36,7,1461,2,9,NISSAN NOTE,2,E01015727,0,4
2024010543966,2024,010543966,2,9,0,99,99,9,9,99,99,9,9,99,9,99,9,9,6,6,1,52,8,1598,1,16,NISSAN NOTE,9,E01004155,0,1
2024411399579,2024,411399579,1,9,0,-1,19,3,7,-1,0,0,0,0,0,0,1,9,-1,2,1,54,8,1598,1,16,NISSAN NOTE,8,E01023514,0,1
2024010549414,2024,010549414,2,9,0,2,2,0,0,0,0,0,0,0,0,0,2,1,6,6,3,-1,-1,1386,1,12,NISSAN NOTE,-1,-1,0,-1
2024041445267,2024,041445267,2,9,0,-1,4,3,7,-1,0,0,0,0,0,0,2,1,-1,9,2,31,6,1198,1,9,NISSAN NOTE,1,E01025185,0,3
2024421502671,2024,421502671,2,9,0,-1,15,1,5,-1,0,0,0,0,0,0,4,1,-1,9,1,64,9,1198,1,11,NISSAN NOTE,8,E01002252,0,3
2024071037023,2024,071037023,1,9,0,-1,19,1,5,-1,0,0,0,0,0,0,1,1,-1,9,1,64,9,1198,1,7,NISSAN NOTE,-1,-1,0,-1
2024131403037,2024,131403037,2,9,0,-1,7,3,7,-1,0,6,0,0,0,0,3,1,-1,9,1,59,9,1598,1,17,NISSAN NOTE,4,E01011008,0,1
2024991452413,2024,991452413,2,9,0,-1,2,0,0,-1,0,0,0,0,0,0,3,1,-1,6,-1,-1,-1,1198,1,10,NISSAN NOTE,-1,-1,0,-1
2024320689095,2024,320689095,1,9,0,-1,-1,3,7,0,0,0,1,0,1,0,1,1,-1,-1,2,40,7,1598,1,16,NISSAN NOTE,7,E01026096,0,3
2024430601522,2024,430601522,1,9,0,9,9,5,3,0,0,1,0,0,0,0,3,1,6,6,1,25,5,1598,1,18,NISSAN NOTE,5,E01016233,0,1
2024041508738,2024,041508738,1,9,0,-1,19,7,3,-1,0,0,0,0,1,4,1,1,-1,6,1,25,5,1386,1,16,NISSAN NOTE,1,E01006698,0,3
2024161510102,2024,161510102,1,9,0,-1,7,2,4,-1,0,0,0,0,0,0,4,1,-1,9,1,84,11,1198,1,11,NISSAN NOTE,3,E01013134,0,1
2024340WN1732,2024,340WN1732,2,9,0,-1,9,8,6,-1,0,6,0,0,0,0,2,1,-1,9,2,43,7,1386,1,16,NISSAN NOTE,4,E01024601,0,5
2024010551566,2024,010551566,2,9,0,99,99,9,9,99,99,9,9,99,9,99,9,9,6,6,3,-1,-1,1386,1,14,NISSAN NOTE,4,E01003257,0,1
2024411517683,2024,411517683,2,9,0,-1,19,4,8,-1,0,0,1,0,1,9,1,1,-1,6,1,46,8,1198,1,10,NISSAN NOTE,6,E01023582,0,3
2024141484828,2024,141484828,2,9,0,-1,5,7,3,-1,-1,0,0,0,0,0,1,1,-1,1,1,56,9,1461,2,9,NISSAN NOTE,2,E01007417,0,1
2024061451920,2024,061451920,2,9,0,-1,19,-1,-1,-1,0,0,0,4,0,0,1,1,-1,6,1,-1,-1,1461,2,13,NISSAN NOTE,1,E01005287,0,1
2024010523958,2024,010523958,2,9,0,18,19,5,1,0,0,8,0,0,0,0,1,1,6,6,3,-1,-1,1598,1,13,NISSAN NOTE,-1,-1,0,-1
2024061409182,2024,061409182,2,9,0,-1,7,5,8,-1,0,1,0,0,0,0,1,1,-1,6,1,24,5,1198,1,10,NISSAN NOTE,5,E01006142,0,1
2024311520429,2024,311520429,2,9,0,-1,19,8,4,-1,0,1,0,0,0,0,1,1,-1,9,1,32,6,1461,2,12,NISSAN NOTE,3,E01028028,0,1
2024010544458,2024,010544458,1,9,0,7,7,5,7,0,0,4,0,0,0,0,1,1,3,7,1,61,9,1598,1,16,NISSAN NOTE,7,E01002203,0,1
2024041485937,2024,041485937,2,9,0,-1,9,1,3,-1,0,5,0,0,0,0,3,1,-1,9,2,36,7,1598,1,15,NISSAN NOTE,6,E01012610,0,2
2024340WN2092,2024,340WN2092,1,9,0,-1,19,1,5,-1,0,6,0,0,0,0,1,1,-1,6,3,-1,-1,1461,2,13,NISSAN NOTE,-1,-1,0,-1
2024311497904,2024,311497904,1,9,0,-1,19,7,3,-1,0,8,2,0,7,0,3,1,-1,9,2,87,11,1198,1,9,NISSAN NOTE,-1,-1,0,-1
2024131444600,2024,131444600,1,9,0,-1,19,3,7,-1,0,8,0,0,0,0,4,1,-1,9,1,77,11,1386,1,14,NISSAN NOTE,4,E01011482,0,1
2024311501810,2024,311501810,1,9,0,-1,19,8,5,-1,0,4,0,0,0,0,1,1,-1,6,2,47,8,1598,1,16,NISSAN NOTE,2,E01028318,0,1
202417S111924,2024,17S111924,1,9,0,-1,19,5,1,-1,0,0,0,0,0,0,4,1,-1,9,2,62,9,1461,2,14,NISSAN NOTE,9,E01012199,0,2