collision_index,collision_year,collision_ref_no,vehicle_reference,vehicle_type,towing_and_articulation,vehicle_manoeuvre_historic,vehicle_manoeuvre,vehicle_direction_from,vehicle_direction_to,vehicle_location_restricted_lane_historic,vehicle_location_restricted_lane,junction_location,skidding_and_overturning,hit_object_in_carriageway,vehicle_leaving_carriageway,hit_object_off_carriageway,first_point_of_impact,vehicle_left_hand_drive,journey_purpose_of_driver_historic,journey_purpose_of_driver,sex_of_driver,age_of_driver,age_band_of_driver,engine_capacity_cc,propulsion_code,age_of_vehicle,generic_make_model,driver_imd_decile,lsoa_of_driver,escooter_flag,driver_distance_banding
2024332401218,2024,332401218,1,9,0,-1,11,4,8,-1,0,0,0,0,0,0,4,1,-1,9,1,37,7,1598,1,12,NISSAN NOTE,-1,-1,0,-1
2024461402410,2024,461402410,2,9,0,-1,19,7,3,-1,0,0,0,0,9,0,1,9,-1,6,2,42,7,1461,2,9,NISSAN NOTE,5,E01023431,0,4
2024010505827,2024,010505827,1,9,0,99,99,9,9,99,99,0,9,99,9,99,9,9,6,6,1,19,4,1198,1,8,NISSAN NOTE,6,E01001091,0,1
2024622400830,2024,622400830,1,9,0,5,5,8,4,0,0,6,0,0,0,0,1,1,3,7,2,27,6,1198,1,9,NISSAN NOTE,3,W01001767,0,1
2024991472793,2024,991472793,2,9,0,-1,4,4,8,-1,0,0,0,0,0,0,2,1,-1,9,1,75,10,1386,1,14,NISSAN NOTE,3,-1,0,5
2024231419397,2024,231419397,1,9,0,-1,9,5,3,-1,0,6,0,0,0,0,2,1,-1,9,2,80,11,1386,1,15,NISSAN NOTE,7,E01031283,0,1
2024430499543,2024,430499543,1,9,0,7,7,4,6,0,0,6,0,0,0,0,1,1,6,6,1,-1,-1,1386,1,13,NISSAN NOTE,-1,-1,0,-1
2024131448400,2024,131448400,2,9,0,-1,19,3,7,-1,0,0,0,0,0,0,1,1,-1,9,1,64,9,1386,1,18,NISSAN NOTE,5,E01010788,0,3
2024461406375,2024,461406375,2,9,0,-1,3,7,2,-1,0,1,0,0,0,0,2,9,-1,2,2,39,7,1598,1,12,NISSAN NOTE,8,E01024816,0,2
2024010528216,2024,010528216,2,9,9,99,99,9,9,99,99,0,9,99,9,99,9,9,6,6,3,-1,-1,1198,1,8,NISSAN NOTE,-1,-1,0,-1
2024141510309,2024,141510309,1,9,0,-1,19,3,8,-1,0,0,0,0,0,0,2,9,-1,6,1,28,6,1386,1,12,NISSAN NOTE,1,E01007539,0,1
2024141535689,2024,141535689,2,9,0,-1,9,3,1,-1,0,1,0,0,0,0,1,1,-1,9,1,44,7,1198,1,8,NISSAN NOTE,1,E01007873,0,1
2024010528378,2024,010528378,1,9,0,18,19,5,1,0,0,1,0,4,0,0,1,1,6,6,2,57,9,1386,1,15,NISSAN NOTE,4,E01001370,0,1
2024461510666,2024,461510666,2,9,0,-1,10,8,8,-1,0,0,0,0,0,0,2,1,-1,9,2,74,10,1386,1,17,NISSAN NOTE,5,E01021133,0,3
2024010525582,2024,010525582,3,9,0,99,99,9,9,99,99,9,9,99,9,99,1,9,6,6,3,-1,-1,1598,1,16,NISSAN NOTE,-1,-1,0,-1
2024332400818,2024,332400818,1,9,0,-1,9,1,4,-1,0,8,0,0,0,0,2,1,-1,9,1,42,7,1598,1,15,NISSAN NOTE,3,E01013618,0,1
2024010516252,2024,010516252,1,9,0,9,9,7,5,0,0,6,0,0,0,0,4,1,6,6,1,48,8,1198,1,8,NISSAN NOTE,-1,-1,0,-1
2024991451334,2024,991451334,1,9,0,-1,19,4,8,-1,0,0,0,0,0,0,1,1,-1,9,2,48,8,1198,1,8,NISSAN NOTE,-1,-1,0,-1
2024010500492,2024,010500492,1,9,0,4,4,1,5,0,0,1,0,0,0,0,1,1,6,6,1,55,8,1598,1,15,NISSAN NOTE,3,E01002503,0,1
2024010541426,2024,010541426,2,9,0,18,19,7,3,0,0,8,0,0,0,0,1,2,6,6,2,58,9,1598,1,11,NISSAN NOTE,6,E01002422,0,1
2024070289422,2024,070289422,1,9,0,18,19,6,2,0,0,1,0,0,0,0,3,1,6,6,2,45,7,1598,1,17,NISSAN NOTE,-1,-1,0,-1
2024201499832,2024,201499832,1,9,0,-1,12,2,6,-1,0,0,0,0,0,0,1,1,-1,9,1,27,6,1386,1,14,NISSAN NOTE,1,E01009060,0,1
2024211533680,2024,211533680,2,9,0,-1,19,7,3,-1,0,0,1,7,1,0,1,1,-1,6,2,52,8,1386,1,14,NISSAN NOTE,4,E01014253,0,4
2024221476692,2024,221476692,1,9,0,-1,19,8,3,-1,0,0,0,0,0,0,1,9,-1,9,2,73,10,1461,2,12,NISSAN NOTE,8,E01014040,0,4
2024201429625,2024,201429625,2,9,0,-1,19,6,2,-1,0,0,0,0,0,0,1,1,-1,1,1,24,5,1598,1,18,NISSAN NOTE,2,E01010004,0,1
2024201434018,2024,201434018,3,9,0,-1,3,7,3,-1,0,1,0,0,0,0,2,9,-1,6,1,54,8,1386,1,15,NISSAN NOTE,1,E01008913,0,1
2024221507071,2024,221507071,2,9,0,-1,19,6,3,-1,0,0,0,0,1,10,3,1,-1,6,1,77,11,1386,1,12,NISSAN NOTE,6,E01022249,0,3
2024411492107,2024,411492107,1,9,0,-1,5,5,1,-1,0,8,0,9,1,0,2,1,-1,9,2,61,9,1598,1,13,NISSAN NOTE,8,E01023917,0,1
2024461459639,2024,461459639,2,9,0,-1,19,1,5,-1,0,8,0,0,0,0,4,1,-1,6,1,17,4,1386,1,17,NISSAN NOTE,7,E01004476,0,4
2024401443493,2024,401443493,3,9,-1,-1,19,-1,-1,-1,0,1,0,0,0,0,-1,1,-1,6,3,-1,-1,1386,1,18,NISSAN NOTE,-1,-1,0,-1
2024010542121,2024,010542121,3,9,0,2,2,0,0,0,0,6,0,0,0,0,1,1,6,6,3,-1,-1,1598,1,18,NISSAN NOTE,-1,-1,0,-1
2024522401899,2024,522401899,1,9,0,9,9,1,6,0,0,6,0,0,0,0,1,1,6,6,2,70,10,1461,2,7,NISSAN NOTE,9,E01014955,0,1
2024061538509,2024,061538509,1,9,0,-1,19,3,5,-1,0,0,0,0,0,0,1,1,-1,9,2,48,8,1198,1,8,NISSAN NOTE,6,E01004962,0,1
2024201398653,2024,201398653,1,9,0,-1,19,1,5,-1,0,0,0,4,0,0,1,9,-1,2,2,52,8,1198,1,10,NISSAN NOTE,4,E01032534,0,1
2024131525621,2024,131525621,1,9,0,-1,19,1,1,-1,0,1,0,0,0,0,1,1,-1,9,2,40,7,1598,1,11,NISSAN NOTE,9,E01011566,0,2
2024411438295,2024,411438295,1,9,0,-1,19,6,2,-1,0,1,0,0,0,0,1,1,-1,6,1,70,10,1598,1,15,NISSAN NOTE,7,E01023776,0,1
202454F133624,2024,54F133624,1,9,0,7,7,6,4,0,0,8,0,0,0,0,1,1,1,1,1,47,8,1461,2,11,NISSAN NOTE,7,E01032121,0,1
2024101527864,2024,101527864,2,9,0,-1,3,6,2,-1,0,0,0,0,0,0,2,1,-1,6,2,35,6,1198,1,9,NISSAN NOTE,1,E01008712,0,1
2024461439428,2024,461439428,1,9,0,-1,19,3,3,-1,0,1,0,7,0,0,1,1,-1,6,1,37,7,1386,1,12,NISSAN NOTE,8,E01024184,0,1
2024991523059,2024,991523059,1,9,0,-1,14,1,5,-1,0,0,0,0,0,0,1,1,-1,9,2,80,11,1198,1,8,NISSAN NOTE,10,-1,0,1
202460Q070730,2024,60Q070730,1,9,0,18,19,3,6,0,0,0,0,0,0,0,1,1,6,6,1,69,10,1461,2,15,NISSAN NOTE,-1,-1,0,-1
2024622400804,2024,622400804,2,9,0,9,9,2,8,0,0,8,0,0,0,0,4,1,2,2,2,52,8,1198,1,8,NISSAN NOTE,1,W01001746,0,1
2024311497119,2024,311497119,1,9,0,-1,3,1,5,-1,0,1,0,0,0,0,2,1,-1,7,2,37,7,1598,1,18,NISSAN NOTE,-1,-1,0,-1
2024201449856,2024,201449856,1,9,0,-1,1,1,5,-1,0,0,0,0,0,0,3,1,-1,6,1,57,9,1386,1,16,NISSAN NOTE,-1,-1,0,-1
2024421440058,2024,421440058,1,9,0,-1,19,6,2,-1,0,0,0,0,1,0,1,1,-1,9,2,31,6,1386,1,17,NISSAN NOTE,2,E01021703,0,2
2024340WN4922,2024,340WN4922,2,9,0,-1,19,1,5,-1,0,1,0,0,1,0,3,1,-1,9,1,63,9,1198,1,10,NISSAN NOTE,9,E01027002,0,1
2024041425567,2024,041425567,1,9,0,-1,9,1,5,-1,0,0,0,0,0,0,1,1,-1,9,2,77,11,1198,1,8,NISSAN NOTE,8,E01025436,0,2
2024440515712,2024,440515712,1,9,0,18,19,2,6,0,0,8,0,0,0,0,1,1,6,6,2,-1,-1,1598,1,17,NISSAN NOTE,5,E01017203,0,1
2024201491575,2024,201491575,3,9,0,-1,3,8,4,-1,0,0,0,0,0,0,2,1,-1,6,2,-1,-1,1198,1,8,NISSAN NOTE,-1,-1,0,-1
2024211499618,2024,211499618,1,9,0,-1,5,0,0,-1,0,0,0,0,0,0,1,1,-1,9,2,84,11,1198,1,9,NISSAN NOTE,9,E01029786,0,1
2024991459422,2024,991459422,1,9,0,-1,19,6,2,-1,0,0,0,0,0,0,1,1,-1,6,1,92,11,1598,1,11,NISSAN NOTE,10,-1,0,1
2024041524149,2024,041524149,2,9,0,-1,19,6,2,-1,0,0,0,0,0,0,2,1,-1,6,1,45,7,1598,1,15,NISSAN NOTE,9,E01025281,0,1
2024371521792,2024,371521792,1,9,0,-1,19,6,2,-1,0,0,0,0,0,0,4,1,-1,6,2,52,8,1598,1,13,NISSAN NOTE,5,E01033446,0,1
2024201517047,2024,201517047,1,9,0,-1,19,6,2,-1,0,0,0,7,6,0,2,1,-1,6,1,81,11,1386,1,12,NISSAN NOTE,2,E01009971,0,1
2024461404619,2024,461404619,1,9,0,-1,19,1,5,-1,0,1,0,0,0,0,1,9,-1,1,2,-1,-1,1598,1,13,NISSAN NOTE,2,E01024664,0,1
2024010522647,2024,010522647,1,9,0,7,7,1,4,0,0,1,0,0,0,0,1,1,6,6,1,53,8,1598,1,18,NISSAN NOTE,2,E01033880,0,1
2024010551547,2024,010551547,2,9,0,99,99,9,9,99,99,0,9,99,9,99,1,9,6,6,1,-1,-1,1598,1,14,NISSAN NOTE,-1,-1,0,-1
2024061503553,2024,061503553,2,9,0,-1,19,5,1,-1,0,8,0,0,0,0,3,1,-1,6,2,35,6,1598,1,12,NISSAN NOTE,1,E01004877,0,1
2024430437007,2024,430437007,1,9,0,18,19,8,4,0,0,0,0,0,0,0,1,1,1,1,1,34,6,1386,1,17,NISSAN NOTE,4,E01033415,0,2
2024552401060,2024,552401060,2,10,0,9,9,3,1,0,0,5,0,0,0,0,3,1,6,6,2,43,7,-1,-1,-1,NISSAN NOTE,5,E01020577,0,1
2024991430218,2024,991430218,1,9,0,-1,5,3,7,-1,5,0,0,0,0,0,3,1,-1,2,1,51,8,1386,1,13,NISSAN NOTE,3,-1,0,1
2024031489433,2024,031489433,1,9,0,-1,19,3,1,-1,0,1,0,0,0,0,3,1,-1,9,2,24,5,1386,1,12,NISSAN NOTE,1,E01019156,0,1
2024141460491,2024,141460491,2,9,0,-1,4,5,1,-1,0,1,0,0,0,0,2,1,-1,9,2,33,6,1386,1,17,NISSAN NOTE,2,E01007504,0,1
2024302400474,2024,302400474,1,9,0,18,19,6,2,0,0,1,0,0,0,0,1,1,6,6,1,80,11,1386,1,18,NISSAN NOTE,8,E01019707,0,1
2024461522654,2024,461522654,2,9,0,-1,4,5,1,-1,0,1,0,0,0,0,2,1,-1,2,2,61,9,1598,1,14,NISSAN NOTE,6,E01024540,0,2
2024221495846,2024,221495846,1,9,0,-1,1,3,7,-1,9,5,0,4,0,0,2,1,-1,6,2,82,11,1198,1,10,NISSAN NOTE,9,E01032246,0,1
2024501460664,2024,501460664,2,9,0,-1,3,4,8,-1,0,1,0,0,0,0,2,1,-1,6,2,68,10,1598,1,17,NISSAN NOTE,10,E01020024,0,1
2024010521256,2024,010521256,1,9,0,99,99,9,9,99,99,9,9,99,9,99,2,9,2,2,2,35,6,1198,1,10,NISSAN NOTE,5,E01000504,0,1
2024161445933,2024,161445933,2,9,0,-1,19,6,8,-1,0,1,0,0,0,0,1,1,-1,2,2,25,5,1198,1,9,NISSAN NOTE,9,E01012974,0,3
2024361531884,2024,361531884,1,9,0,-1,19,1,4,-1,0,0,0,0,7,0,4,1,-1,6,1,66,10,1461,2,10,NISSAN NOTE,6,E01026451,0,3
2024552401399,2024,552401399,2,9,0,18,19,3,7,0,0,0,0,0,0,0,1,1,6,6,1,86,11,1598,1,14,NISSAN NOTE,10,E01020383,0,1
2024361449058,2024,361449058,1,9,0,-1,19,4,2,-1,0,0,0,0,1,0,1,2,-1,9,2,79,11,1598,1,13,NISSAN NOTE,6,E01029930,0,2
2024201434429,2024,201434429,1,9,0,-1,13,1,5,-1,0,0,0,0,0,0,4,9,-1,6,1,25,5,1461,2,11,NISSAN NOTE,-1,-1,0,-1
2024401425800,2024,401425800,2,9,0,-1,19,3,7,-1,0,0,0,0,0,0,1,1,-1,6,2,33,6,1386,1,11,NISSAN NOTE,4,E01033835,0,2
2024501421695,2024,501421695,1,9,0,-1,19,8,4,-1,0,0,0,12,0,0,1,1,-1,2,1,55,8,1386,1,17,NISSAN NOTE,5,E01018831,0,3
2024320727978,2024,320727978,2,9,0,2,2,0,0,0,0,0,0,0,0,0,2,1,6,6,1,33,6,1386,1,17,NISSAN NOTE,4,E01012762,0,4
2024471485589,2024,471485589,1,9,0,-1,19,8,4,-1,0,8,0,0,1,0,1,1,-1,2,1,20,4,1198,1,8,NISSAN NOTE,3,E01031455,0,1
2024201415774,2024,201415774,1,9,0,-1,19,2,6,-1,0,8,0,0,0,0,1,9,-1,6,1,30,6,1461,2,13,NISSAN NOTE,-1,-1,0,-1
2024201529650,2024,201529650,1,9,0,-1,9,3,5,-1,0,8,0,0,0,0,1,9,-1,6,3,30,6,1461,2,13,NISSAN NOTE,-1,-1,0,-1
2024141521683,2024,141521683,2,9,0,-1,19,4,6,-1,0,1,0,0,0,0,1,1,-1,9,2,36,7,1461,2,10,NISSAN NOTE,1,E01007549,0,1
2024141519434,2024,141519434,2,9,0,-1,7,5,7,-1,0,5,0,0,0,0,4,9,-1,6,3,-1,-1,1461,2,14,NISSAN NOTE,-1,-1,0,-1
2024211453330,2024,211453330,2,9,0,-1,19,2,3,-1,0,1,0,0,0,0,1,1,-1,9,1,62,9,1386,1,13,NISSAN NOTE,1,E01030279,0,5
2024440423868,2024,440423868,2,9,0,9,9,5,1,0,0,8,0,0,0,0,1,1,6,6,1,24,5,1386,1,18,NISSAN NOTE,6,E01022634,0,1
202417S300624,2024,17S300624,1,9,0,7,7,8,2,0,0,2,0,0,0,0,1,1,6,6,1,33,6,1461,2,11,NISSAN NOTE,1,E01012092,0,1
2024070534764,2024,070534764,2,9,0,18,19,5,1,0,0,0,0,0,1,9,1,1,3,7,2,35,6,1461,2,10,NISSAN NOTE,5,E01028897,0,3
2024332401166,2024,332401166,1,9,0,-1,9,8,6,-1,0,5,0,0,0,0,1,1,-1,6,2,65,9,1386,1,13,NISSAN NOTE,5,E01025722,0,1
2024061497808,2024,061497808,1,9,0,-1,2,1,1,-1,0,0,0,0,0,0,2,1,-1,9,2,41,7,1386,1,14,NISSAN NOTE,5,E01018728,0,4
2024401438338,2024,401438338,1,9,0,-1,19,2,6,-1,0,1,0,0,0,0,1,1,-1,6,1,59,9,1598,1,16,NISSAN NOTE,2,E01027155,0,4
2024010499696,2024,010499696,2,9,0,99,99,9,9,99,99,9,9,99,9,99,1,9,6,6,3,-1,-1,1598,1,17,NISSAN NOTE,-1,-1,0,-1
2024440320113,2024,440320113,2,9,0,2,2,0,0,0,0,0,0,10,7,11,1,1,6,6,1,41,7,1461,2,7,NISSAN NOTE,-1,-1,0,-1
2024010549823,2024,010549823,1,9,0,5,5,7,3,0,0,4,0,0,0,0,1,1,6,6,2,57,9,1598,1,17,NISSAN NOTE,9,E01000829,0,1
2024401481797,2024,401481797,1,9,0,-1,19,8,4,-1,0,0,0,0,0,0,1,1,-1,6,2,64,9,1198,1,9,NISSAN NOTE,5,E01017412,0,1
2024371485528,2024,371485528,1,9,0,-1,19,7,3,-1,0,0,0,0,0,0,4,1,-1,1,1,36,7,1198,1,10,NISSAN NOTE,3,E01030010,0,1
2024401503399,2024,401503399,2,9,0,-1,19,1,5,-1,0,1,0,0,0,0,1,1,-1,6,2,73,10,1598,1,13,NISSAN NOTE,9,E01017572,0,4
2024471426505,2024,471426505,1,9,0,-1,4,1,5,-1,0,0,0,0,0,0,1,1,-1,9,2,35,6,1198,1,10,NISSAN NOTE,8,E01021214,0,1
2024010541461,2024,010541461,1,9,0,18,19,4,8,9,9,1,0,0,1,0,1,1,6,6,1,42,7,1598,1,13,NISSAN NOTE,5,E01004065,0,2
2024201454344,2024,201454344,1,9,0,-1,4,6,2,-1,0,0,0,0,0,0,2,9,-1,9,2,54,8,1598,1,13,NISSAN NOTE,1,E01010311,0,1
2024522402994,2024,522402994,1,9,0,5,5,8,2,0,0,8,0,0,0,0,1,1,6,6,2,28,6,1598,1,18,NISSAN NOTE,6,E01014812,0,1
2024061449148,2024,061449148,2,9,0,-1,19,5,1,-1,0,1,0,0,0,0,1,1,-1,9,2,31,6,1198,1,10,NISSAN NOTE,5,E01005942,0,1
2024501485502,2024,501485502,1,9,0,-1,3,6,2,-1,0,1,0,0,0,0,2,1,-1,9,2,63,9,1461,2,14,NISSAN NOTE,6,E01015127,0,2
2024201494703,2024,201494703,2,9,0,-1,19,7,3,-1,0,8,0,0,0,0,3,1,-1,2,1,30,6,1386,1,18,NISSAN NOTE,1,E01010363,0,1
2024141499043,2024,141499043,1,9,0,-1,9,8,5,-1,0,8,0,0,0,0,1,1,-1,9,2,70,10,1198,1,10,NISSAN NOTE,5,E01007558,0,1
2024221462682,2024,221462682,1,9,0,-1,9,7,5,-1,0,6,0,0,0,0,3,1,-1,9,1,75,10,1386,1,17,NISSAN NOTE,7,E01032168,0,1
2024531507065,2024,531507065,1,9,0,-1,19,3,7,-1,0,0,0,0,0,0,1,1,-1,6,2,18,4,1198,1,8,NISSAN NOTE,9,E01022431,0,1
2024451430687,2024,451430687,1,9,0,-1,19,7,3,-1,0,0,0,4,0,0,1,1,-1,9,2,81,11,1598,1,14,NISSAN NOTE,6,E01030586,0,1
2024010534010,2024,010534010,1,9,0,99,99,9,9,0,0,8,0,0,0,0,2,9,6,6,1,29,6,1386,1,17,NISSAN NOTE,4,E01034030,0,1
2024122500009,2024,122500009,1,9,0,3,3,1,5,0,0,0,0,0,0,0,2,1,2,2,1,20,4,1198,1,10,NISSAN NOTE,5,E01027822,0,2
2024552401076,2024,552401076,1,9,0,9,9,1,7,0,0,5,0,0,0,0,3,1,6,6,1,65,9,1598,1,17,NISSAN NOTE,4,E01020589,0,1
2024010505302,2024,010505302,1,9,0,18,19,7,3,0,0,5,0,0,0,0,1,1,6,6,1,33,6,1198,1,8,NISSAN NOTE,6,E01000514,0,1
2024471443760,2024,471443760,2,9,0,-1,19,8,5,-1,0,1,0,0,0,0,1,1,-1,9,1,70,10,1198,1,9,NISSAN NOTE,10,E01031822,0,1
2024311452379,2024,311452379,2,9,0,-1,3,1,5,-1,0,0,0,0,0,0,2,9,-1,6,2,51,8,1386,1,13,NISSAN NOTE,4,E01025962,0,4
2024052402129,2024,052402129,4,9,0,18,19,4,8,0,0,0,0,0,0,0,2,1,1,1,1,29,6,1386,1,13,NISSAN NOTE,1,E01007009,0,1
2024141488235,2024,141488235,2,9,0,-1,19,4,8,-1,0,0,1,0,0,0,2,1,-1,6,1,39,7,1598,1,15,NISSAN NOTE,5,E01007441,0,2
2024041420737,2024,041420737,1,9,0,-1,19,2,6,-1,0,6,0,0,3,0,1,1,-1,9,2,69,10,1386,1,18,NISSAN NOTE,9,E01024983,0,1
2024522402868,2024,522402868,1,9,0,18,19,2,6,0,0,0,5,0,0,0,1,1,6,6,2,25,5,1386,1,15,NISSAN NOTE,8,E01014745,0,3
2024631488352,2024,631488352,1,9,0,-1,19,8,4,-1,0,0,1,0,7,11,2,1,-1,9,2,34,6,1386,1,15,NISSAN NOTE,8,W01000494,0,2
2024201477952,2024,201477952,2,9,0,-1,9,3,5,-1,0,5,1,0,0,0,3,1,-1,9,2,34,6,1198,1,10,NISSAN NOTE,-1,-1,0,-1
2024010512078,2024,010512078,3,9,0,18,19,2,6,0,0,1,0,4,0,0,1,1,6,6,2,28,6,1198,1,10,NISSAN NOTE,5,E01003284,0,1
2024522402951,2024,522402951,2,9,0,18,19,3,7,0,0,8,0,0,0,0,1,1,6,6,1,55,8,1461,2,13,NISSAN NOTE,1,E01014689,0,1
2024471421199,2024,471421199,1,9,0,-1,19,5,1,-1,0,4,0,0,0,0,4,1,-1,9,2,79,11,1598,1,17,NISSAN NOTE,6,E01031660,0,1
2024421507811,2024,421507811,1,9,0,-1,3,1,5,-1,0,1,0,0,0,0,1,1,-1,6,1,-1,-1,1386,1,12,NISSAN NOTE,-1,-1,0,-1
2024461412642,2024,461412642,1,9,0,-1,19,1,5,-1,0,8,0,0,0,0,1,1,-1,2,1,60,9,1598,1,16,NISSAN NOTE,5,E01016149,0,1
2024440151689,2024,440151689,1,9,0,18,19,8,4,0,0,2,0,0,0,0,1,1,6,6,2,47,8,1386,1,13,NISSAN NOTE,10,E01022747,0,2
2024061511495,2024,061511495,2,9,-1,-1,-1,-1,-1,-1,-1,-1,-1,-1,-1,0,-1,9,-1,6,3,-1,-1,1386,1,16,NISSAN NOTE,-1,-1,0,-1
2024501448360,2024,501448360,1,9,0,-1,19,7,3,-1,0,0,0,0,0,0,1,1,-1,6,2,73,10,1386,1,11,NISSAN NOTE,7,E01020029,0,1
2024461409146,2024,461409146,1,9,0,-1,19,1,5,-1,0,0,5,4,0,0,1,1,-1,9,2,65,9,1598,1,17,NISSAN NOTE,9,E01000451,0,3
2024010530716,2024,010530716,2,9,0,99,99,9,9,0,0,9,0,0,0,0,9,1,6,6,3,78,11,1598,1,13,NISSAN NOTE,2,E01000079,0,2
2024451411317,2024,451411317,1,9,0,-1,19,5,3,-1,0,5,0,0,0,0,2,1,-1,9,2,43,7,1386,1,15,NISSAN NOTE,2,E01034293,0,1
2024131453496,2024,131453496,2,9,0,-1,2,0,0,-1,0,0,0,0,0,0,4,1,-1,9,1,47,8,1461,2,12,NISSAN NOTE,7,E01011460,0,2
2024061430244,2024,061430244,1,9,0,-1,19,5,1,-1,9,2,0,0,1,0,1,1,-1,6,1,24,5,1461,2,11,NISSAN NOTE,6,E01004912,0,1
2024471483516,2024,471483516,2,9,0,-1,19,5,2,-1,0,0,0,0,1,11,1,1,-1,9,1,65,9,1198,1,9,NISSAN NOTE,7,E01031616,0,4
2024070248403,2024,070248403,2,9,0,18,19,1,5,0,0,0,0,0,0,0,1,1,6,6,1,79,11,1598,1,11,NISSAN NOTE,1,E01012382,0,1
2024411425330,2024,411425330,2,9,0,-1,2,0,0,-1,0,0,0,0,0,0,3,9,-1,6,3,-1,-1,1198,1,8,NISSAN NOTE,-1,-1,0,-1
2024010511175,2024,010511175,1,9,0,7,7,7,2,0,0,6,0,0,0,0,3,1,6,6,1,51,8,1598,1,15,NISSAN NOTE,9,E01002415,0,3
2024221484684,2024,221484684,2,9,0,-1,19,4,8,-1,0,8,0,0,0,0,1,1,-1,6,1,46,8,1386,1,13,NISSAN NOTE,9,E01035060,0,1
2024010519336,2024,010519336,1,9,0,9,9,5,2,0,0,8,0,0,0,0,3,1,6,6,1,65,9,1598,1,12,NISSAN NOTE,4,E01002711,0,1
2024991476630,2024,991476630,1,9,0,-1,1,1,5,-1,0,1,0,0,0,0,2,2,-1,9,1,44,7,1598,1,16,NISSAN NOTE,3,-1,0,1
2024361399283,2024,361399283,2,9,0,-1,19,3,7,-1,0,1,1,0,0,0,1,1,-1,9,2,55,8,1598,1,12,NISSAN NOTE,5,E01026501,0,1
2024501521714,2024,501521714,1,9,0,-1,19,3,7,-1,0,0,0,0,0,0,1,1,-1,2,2,40,7,1461,2,15,NISSAN NOTE,2,E01019046,0,1
2024010522646,2024,010522646,1,9,0,99,99,9,9,99,99,9,9,99,9,99,1,9,1,1,1,62,9,1386,1,17,NISSAN NOTE,5,E01021522,0,4
2024201521550,2024,201521550,1,9,0,-1,7,7,1,-1,0,0,0,0,0,0,2,9,-1,7,2,33,6,1386,1,15,NISSAN NOTE,2,E01009837,0,1
2024461463637,2024,461463637,1,9,0,-1,19,4,4,-1,0,4,0,0,0,0,1,1,-1,6,2,61,9,1386,1,16,NISSAN NOTE,2,E01024677,0,2
2024131399222,2024,131399222,1,9,0,-1,19,3,7,-1,0,8,1,0,0,0,2,1,-1,6,2,30,6,1461,2,14,NISSAN NOTE,3,E01010595,0,1
2024010524209,2024,010524209,1,9,0,18,19,8,4,0,0,8,0,0,0,0,4,1,6,6,1,49,8,1198,1,10,NISSAN NOTE,3,E01000043,0,2
2024010505347,2024,010505347,1,9,0,2,2,0,0,0,0,0,0,0,0,0,3,1,6,6,3,-1,-1,1598,1,16,NISSAN NOTE,-1,-1,0,-1
2024411540098,2024,411540098,1,9,0,-1,5,7,2,-1,0,0,0,0,0,0,1,1,-1,9,1,71,10,1386,1,14,NISSAN NOTE,4,E01023592,0,1
2024131473480,2024,131473480,1,9,0,-1,9,4,3,-1,0,8,0,0,0,0,3,1,-1,6,1,39,7,1198,1,10,NISSAN NOTE,2,E01010929,0,1
2024061404183,2024,061404183,1,9,-1,-1,-1,-1,-1,-1,-1,0,-1,-1,-1,0,-1,9,-1,6,3,-1,-1,1386,1,15,NISSAN NOTE,-1,-1,0,-1
2024101476883,2024,101476883,2,9,0,-1,10,8,4,-1,0,1,0,0,0,0,2,1,-1,6,2,36,7,1386,1,15,NISSAN NOTE,5,E01035625,0,1
2024440173753,2024,440173753,1,9,0,18,19,8,4,0,0,0,1,0,5,6,1,1,6,6,2,27,6,1598,1,17,NISSAN NOTE,3,E01032738,0,2
2024461504126,2024,461504126,1,9,0,-1,9,5,6,-1,0,2,0,0,0,0,1,1,-1,6,1,20,4,1461,2,10,NISSAN NOTE,2,E01024249,0,1
2024010502462,2024,010502462,1,9,0,9,9,7,4,0,0,8,0,0,0,0,4,1,6,6,1,54,8,1598,1,15,NISSAN NOTE,2,E01003087,0,2
2024010544590,2024,010544590,2,9,0,7,7,1,4,0,0,6,0,0,0,0,1,1,6,6,1,31,6,1598,1,17,NISSAN NOTE,3,E01004443,0,2
2024622400693,2024,622400693,1,9,0,7,7,3,5,0,0,6,0,0,0,0,1,1,6,6,1,51,8,1386,1,18,NISSAN NOTE,-1,-1,0,-1
2024421455946,2024,421455946,1,9,0,-1,12,6,1,-1,0,0,0,0,7,0,1,1,-1,9,1,75,10,1386,1,11,NISSAN NOTE,6,E01023340,0,2
2024332401042,2024,332401042,1,9,0,-1,19,5,1,-1,0,0,0,0,0,0,1,1,-1,1,1,45,7,1598,1,17,NISSAN NOTE,4,E01025988,0,1
2024111495741,2024,111495741,1,9,0,-1,19,1,5,-1,0,0,0,0,0,0,1,1,-1,1,1,35,6,1386,1,17,NISSAN NOTE,1,E01012068,0,4
2024471494069,2024,471494069,1,9,0,-1,13,6,2,-1,0,0,0,0,0,0,1,1,-1,9,1,30,6,1461,2,15,NISSAN NOTE,4,E01031547,0,1
2024471488286,2024,471488286,1,9,0,-1,19,3,7,-1,0,0,0,0,0,0,1,1,-1,6,1,37,7,1386,1,11,NISSAN NOTE,8,E01021221,0,1