collision_index,collision_year,collision_ref_no,vehicle_reference,vehicle_type,towing_and_articulation,vehicle_manoeuvre_historic,vehicle_manoeuvre,vehicle_direction_from,vehicle_direction_to,vehicle_location_restricted_lane_historic,vehicle_location_restricted_lane,junction_location,skidding_and_overturning,hit_object_in_carriageway,vehicle_leaving_carriageway,hit_object_off_carriageway,first_point_of_impact,vehicle_left_hand_drive,journey_purpose_of_driver_historic,journey_purpose_of_driver,sex_of_driver,age_of_driver,age_band_of_driver,engine_capacity_cc,propulsion_code,age_of_vehicle,generic_make_model,driver_imd_decile,lsoa_of_driver,escooter_flag,driver_distance_banding
2024010547156,2024,010547156,2,9,9,99,99,9,9,99,99,6,9,99,9,99,9,9,6,6,3,-1,-1,1598,1,11,NISSAN NOTE,-1,-1,0,-1
2024010526186,2024,010526186,1,9,0,18,19,7,3,0,0,0,5,99,0,0,1,9,6,6,1,30,6,1198,1,9,NISSAN NOTE,4,E01002594,0,1
2024141535743,2024,141535743,1,9,0,-1,19,5,1,-1,0,1,0,0,0,0,1,1,-1,9,1,32,6,1198,1,9,NISSAN NOTE,1,E01007574,0,1
2024401474217,2024,401474217,1,9,0,-1,19,7,3,-1,0,1,0,0,0,0,1,1,-1,7,1,42,7,1461,2,8,NISSAN NOTE,2,E01001560,0,4
2024221536553,2024,221536553,2,9,0,-1,19,5,1,-1,0,3,0,0,0,0,3,1,-1,6,1,28,6,1198,1,7,NISSAN NOTE,10,E01012558,0,5
2024131395421,2024,131395421,2,9,0,-1,19,3,2,-1,0,8,0,0,0,0,1,1,-1,6,1,58,9,1386,1,12,NISSAN NOTE,1,E01010710,0,1
2024461487797,2024,461487797,1,9,0,-1,11,7,3,-1,0,0,0,0,0,0,4,1,-1,6,2,39,7,1198,1,9,NISSAN NOTE,5,E01035271,0,1
2024332401013,2024,332401013,2,9,0,-1,19,7,3,-1,0,0,0,0,7,9,3,1,-1,9,1,59,9,1598,1,15,NISSAN NOTE,6,E01035102,0,1
2024041436358,2024,041436358,1,9,0,-1,19,5,1,-1,0,1,0,0,0,0,1,1,-1,6,1,73,10,1598,1,18,NISSAN NOTE,4,E01004961,0,3
2024211466750,2024,211466750,1,9,0,-1,5,7,4,-1,0,1,0,0,0,0,1,9,-1,6,2,-1,-1,1198,1,10,NISSAN NOTE,10,E01029576,0,1
2024471493520,2024,471493520,1,9,0,-1,9,3,7,-1,0,1,0,0,0,0,1,1,-1,6,1,86,11,1198,1,9,NISSAN NOTE,10,E01031800,0,3
2024361469895,2024,361469895,4,9,0,-1,3,7,3,-1,0,0,0,0,0,0,2,2,-1,9,2,33,6,1198,1,10,NISSAN NOTE,4,E01026841,0,1
2024010527078,2024,010527078,1,9,0,7,7,2,4,0,0,8,0,0,0,0,1,1,6,6,1,68,10,1386,1,17,NISSAN NOTE,6,E01016530,0,4
2024430259400,2024,430259400,1,9,0,13,13,4,8,0,0,8,0,0,7,11,1,1,6,6,2,39,7,1598,1,16,NISSAN NOTE,2,E01034453,0,1
2024010508737,2024,010508737,2,9,0,18,19,5,1,0,0,8,0,0,0,0,1,1,6,6,2,26,6,1198,1,9,NISSAN NOTE,1,E01005223,0,5
2024991421172,2024,991421172,1,9,0,-1,9,3,1,-1,0,8,0,0,0,0,4,1,-1,6,2,31,6,1598,1,17,NISSAN NOTE,8,-1,0,2
2024991406815,2024,991406815,3,9,0,-1,10,5,1,-1,0,5,0,0,0,0,2,1,-1,7,2,32,6,1461,2,10,NISSAN NOTE,10,-1,0,1
2024440541191,2024,440541191,1,9,0,18,19,7,3,0,0,6,0,0,0,0,1,1,6,6,2,70,10,1198,1,10,NISSAN NOTE,3,E01017098,0,1
2024451421553,2024,451421553,2,9,0,-1,2,0,0,-1,0,0,0,0,0,0,1,1,-1,6,-1,-1,-1,1386,1,14,NISSAN NOTE,-1,-1,0,-1
2024122400446,2024,122400446,2,9,0,3,3,1,5,0,0,1,0,0,1,0,2,1,6,6,2,70,10,1386,1,18,NISSAN NOTE,8,E01027748,0,1
202460Q160335,2024,60Q160335,3,9,0,18,19,1,5,0,0,1,0,0,0,0,1,1,6,6,2,40,7,1198,1,10,NISSAN NOTE,-1,-1,0,-1
2024010516111,2024,010516111,1,9,0,10,10,7,6,0,0,6,0,0,0,0,2,1,6,6,2,68,10,1598,1,11,NISSAN NOTE,7,E01003451,0,1
2024501533391,2024,501533391,3,9,0,-1,19,7,3,-1,0,0,0,0,0,0,2,1,-1,6,-1,-1,-1,1386,1,17,NISSAN NOTE,-1,-1,0,-1
2024471443999,2024,471443999,1,9,0,-1,19,2,6,-1,0,6,0,0,0,0,1,1,-1,6,2,57,9,1386,1,12,NISSAN NOTE,4,E01016894,0,1
2024548829624,2024,548829624,2,9,0,18,19,8,4,0,0,1,0,0,0,0,1,1,6,6,1,34,6,1598,1,18,NISSAN NOTE,8,E01017886,0,5
202417L205624,2024,17L205624,2,9,0,-1,9,1,6,-1,0,6,0,0,0,0,3,1,-1,9,1,76,11,1198,1,7,NISSAN NOTE,-1,-1,0,-1
2024461494833,2024,461494833,1,9,0,-1,19,3,7,-1,0,0,0,0,0,0,1,9,-1,6,2,63,9,1198,1,9,NISSAN NOTE,10,E01016054,0,1
2024430238804,2024,430238804,1,9,0,1,1,6,2,0,0,6,0,0,0,0,2,1,6,6,2,84,11,1598,1,11,NISSAN NOTE,-1,-1,0,-1
2024111451460,2024,111451460,2,9,0,-1,19,2,6,-1,0,0,0,10,0,0,3,1,-1,6,2,45,7,1598,1,18,NISSAN NOTE,2,E01020773,0,2
2024101511511,2024,101511511,1,9,0,-1,19,7,3,-1,0,1,0,0,0,0,1,1,-1,9,1,26,6,1386,1,16,NISSAN NOTE,4,E01008835,0,1
2024440514345,2024,440514345,2,9,0,18,19,6,2,0,0,8,5,0,0,0,1,1,2,2,1,24,5,1386,1,15,NISSAN NOTE,5,E01022543,0,1
2024371431554,2024,371431554,4,9,0,-1,2,0,0,-1,0,0,0,4,0,0,2,1,-1,6,-1,-1,-1,1598,1,13,NISSAN NOTE,-1,-1,0,-1
2024522402718,2024,522402718,2,9,0,18,19,7,3,0,0,8,0,0,0,0,1,1,6,6,2,69,10,1598,1,15,NISSAN NOTE,9,E01014931,0,2
2024522402115,2024,522402115,2,9,0,9,9,5,4,9,9,6,0,0,0,0,1,1,6,6,3,-1,-1,1198,1,9,NISSAN NOTE,-1,-1,0,-1
2024041416573,2024,041416573,1,9,0,-1,19,7,3,-1,0,2,0,0,0,0,1,1,-1,9,2,43,7,1598,1,17,NISSAN NOTE,2,E01012605,0,1
2024461430550,2024,461430550,2,9,0,-1,8,5,1,-1,0,1,0,0,0,0,1,1,-1,9,2,56,9,1598,1,16,NISSAN NOTE,4,E01024296,0,1
2024010522497,2024,010522497,1,9,0,15,15,7,3,0,0,8,0,0,0,0,1,1,6,6,1,19,4,1598,1,16,NISSAN NOTE,3,E01035659,0,1
202417L307624,2024,17L307624,1,9,0,-1,19,2,6,-1,0,0,0,0,4,6,1,1,-1,9,1,36,7,1386,1,16,NISSAN NOTE,8,E01012225,0,3
2024010541898,2024,010541898,1,9,0,18,19,1,5,0,0,3,0,0,0,0,1,1,6,6,2,70,10,1598,1,13,NISSAN NOTE,6,E01001254,0,1
2024332401113,2024,332401113,2,9,0,-1,19,1,5,-1,0,6,0,0,0,0,1,1,-1,6,3,-1,-1,1386,1,16,NISSAN NOTE,-1,-1,0,-1
2024010513672,2024,010513672,1,9,0,9,9,4,1,0,0,0,0,0,0,0,3,1,6,6,1,54,8,1598,1,15,NISSAN NOTE,3,E01000499,0,1
2024320094930,2024,320094930,2,9,0,-1,-1,7,3,0,0,8,0,0,0,0,1,1,-1,-1,2,76,11,1598,1,15,NISSAN NOTE,4,E01026343,0,1
2024010538314,2024,010538314,2,9,9,18,19,1,5,99,99,0,9,99,0,0,1,1,6,6,2,49,8,1598,1,14,NISSAN NOTE,3,E01003498,0,1
2024010539912,2024,010539912,1,9,0,9,9,7,4,0,0,1,0,0,0,0,1,1,6,6,1,51,8,1198,1,10,NISSAN NOTE,-1,-1,0,-1
2024440554550,2024,440554550,2,9,0,5,5,0,2,0,0,0,0,0,0,0,3,1,6,6,3,-1,-1,1386,1,16,NISSAN NOTE,-1,-1,0,-1
2024010540163,2024,010540163,2,9,0,99,99,9,9,99,99,9,9,99,9,99,9,9,6,6,2,56,9,1198,1,10,NISSAN NOTE,4,E01004031,0,1
2024041509041,2024,041509041,2,9,0,-1,2,3,7,-1,-1,1,0,0,1,0,2,1,-1,9,2,71,10,1198,1,9,NISSAN NOTE,3,E01025311,0,3
2024141532100,2024,141532100,2,9,0,-1,19,8,4,-1,0,8,0,0,0,0,1,1,-1,9,1,48,8,1386,1,15,NISSAN NOTE,2,E01008072,0,1
2024440096488,2024,440096488,2,9,0,18,19,6,2,0,0,2,0,0,0,0,1,1,6,6,1,24,5,1386,1,11,NISSAN NOTE,10,E01016652,0,3
2024131484826,2024,131484826,1,9,0,-1,19,3,7,-1,0,8,0,0,0,0,1,1,-1,9,2,27,6,1598,1,14,NISSAN NOTE,7,E01011688,0,1
2024201511490,2024,201511490,2,9,0,-1,10,2,8,-1,0,8,0,0,0,0,3,1,-1,6,1,56,9,1461,2,14,NISSAN NOTE,2,E01010279,0,1
2024141498122,2024,141498122,2,9,0,-1,19,5,1,-1,0,0,0,0,0,0,1,9,-1,6,3,-1,-1,1461,2,13,NISSAN NOTE,-1,-1,0,-1
2024041450951,2024,041450951,3,9,0,-1,19,7,3,-1,0,0,0,0,0,0,0,1,-1,6,-1,-1,-1,1198,1,8,NISSAN NOTE,-1,-1,0,-1
2024010523713,2024,010523713,1,9,0,18,19,1,5,0,0,1,0,0,7,2,1,1,6,6,1,44,7,1598,1,14,NISSAN NOTE,1,E01002036,0,2
2024010547171,2024,010547171,3,9,0,18,19,5,1,0,0,0,0,0,0,0,1,1,6,6,2,55,8,1198,1,8,NISSAN NOTE,7,E01003752,0,1
2024101520255,2024,101520255,1,9,0,-1,7,2,6,-1,0,8,1,0,7,3,1,1,-1,9,1,18,4,1598,1,16,NISSAN NOTE,-1,-1,0,-1
2024010548194,2024,010548194,1,9,0,2,2,0,0,99,99,0,9,99,9,99,9,9,6,6,3,-1,-1,1386,1,13,NISSAN NOTE,-1,-1,0,-1
2024070954493,2024,070954493,2,9,0,-1,19,6,2,-1,0,0,0,0,0,0,1,1,-1,6,2,66,10,1198,1,11,NISSAN NOTE,4,E01012481,0,2
2024320304043,2024,320304043,3,9,0,2,2,0,0,0,0,0,0,0,0,0,1,1,6,6,3,-1,-1,1198,1,9,NISSAN NOTE,-1,-1,0,-1
2024421497597,2024,421497597,1,9,0,-1,19,5,1,-1,0,0,0,0,0,0,4,1,-1,6,1,74,10,1386,1,15,NISSAN NOTE,4,E01021799,0,1
2024201514655,2024,201514655,1,9,0,-1,5,2,6,-1,0,6,0,0,0,0,4,9,-1,9,1,39,7,1598,1,15,NISSAN NOTE,3,E01010020,0,1
2024010511913,2024,010511913,1,9,0,4,4,5,1,0,0,4,2,0,0,0,4,1,6,6,1,24,5,1386,1,15,NISSAN NOTE,5,E01002948,0,3
2024440383261,2024,440383261,1,9,0,9,9,6,4,0,0,8,0,0,0,0,4,1,6,6,2,70,10,1198,1,10,NISSAN NOTE,5,E01023027,0,1
2024201460414,2024,201460414,1,9,0,-1,3,8,4,-1,0,1,0,0,0,0,3,9,-1,6,1,41,7,1198,1,10,NISSAN NOTE,3,E01009508,0,2
2024461507997,2024,461507997,1,9,0,-1,5,3,6,-1,0,4,0,0,0,0,1,1,-1,9,1,36,7,1198,1,7,NISSAN NOTE,4,E01024138,0,1
2024471427948,2024,471427948,1,9,0,-1,19,5,1,-1,0,0,0,0,0,0,1,1,-1,6,1,61,9,1461,2,11,NISSAN NOTE,4,E01016902,0,1
2024461467032,2024,461467032,1,9,0,-1,19,3,7,-1,0,0,5,4,0,0,1,1,-1,6,2,80,11,1598,1,16,NISSAN NOTE,4,E01024694,0,1
2024052401695,2024,052401695,1,9,0,9,9,7,5,0,0,8,0,0,0,0,1,1,6,6,3,-1,-1,1198,1,11,NISSAN NOTE,-1,-1,0,-1
2024430177318,2024,430177318,1,9,0,18,19,8,4,0,0,6,0,0,0,0,1,1,1,1,1,65,9,1461,2,16,NISSAN NOTE,6,E01016536,0,2
2024010535527,2024,010535527,1,9,0,99,99,9,9,99,99,9,9,99,9,99,2,9,6,6,1,48,8,1386,1,16,NISSAN NOTE,2,E01004721,0,1
2024141459488,2024,141459488,1,9,0,-1,19,2,6,-1,0,4,0,0,0,0,2,1,-1,6,2,53,8,1598,1,17,NISSAN NOTE,1,E01007905,0,1
2024991441828,2024,991441828,1,9,0,-1,19,6,2,-1,0,2,0,0,0,0,1,1,-1,9,2,37,7,1598,1,18,NISSAN NOTE,1,-1,0,1
2024010521579,2024,010521579,1,9,0,9,9,6,4,0,0,5,0,0,0,0,1,1,6,6,3,-1,-1,1598,1,16,NISSAN NOTE,-1,-1,0,-1
2024131464265,2024,131464265,2,9,0,-1,9,1,5,-1,0,6,0,0,0,0,1,1,-1,9,1,54,8,1198,1,11,NISSAN NOTE,6,E01011883,0,2
2024401477669,2024,401477669,1,9,0,-1,19,4,8,-1,0,0,0,0,0,0,4,1,-1,6,2,42,7,1198,1,9,NISSAN NOTE,2,E01017490,0,1
2024052402543,2024,052402543,1,9,0,18,19,3,7,0,0,0,0,0,0,0,4,1,6,6,2,32,6,1386,1,16,NISSAN NOTE,8,E01006362,0,2
2024010501632,2024,010501632,2,9,0,99,99,9,9,99,99,6,9,99,9,99,9,9,6,6,3,79,11,1598,1,18,NISSAN NOTE,4,E01002841,0,1
2024332400594,2024,332400594,2,9,0,-1,19,1,5,-1,0,1,0,0,0,0,1,1,-1,6,1,37,7,1598,1,17,NISSAN NOTE,2,E01034019,0,1
2024522403223,2024,522403223,2,9,0,18,19,5,1,0,0,6,0,0,0,0,1,1,6,6,3,-1,-1,1598,1,16,NISSAN NOTE,-1,-1,0,-1
2024131554460,2024,131554460,1,9,0,-1,5,3,4,-1,0,8,0,0,0,0,2,1,-1,2,1,35,6,1198,1,8,NISSAN NOTE,1,E01011080,0,2
2024010511733,2024,010511733,1,9,0,99,99,9,9,99,99,9,9,99,9,99,9,9,6,6,2,48,8,1598,1,16,NISSAN NOTE,7,E01001678,0,1
2024010535340,2024,010535340,2,9,0,9,9,1,7,0,0,1,0,0,0,0,3,1,6,6,1,59,9,1386,1,16,NISSAN NOTE,8,E01035013,0,4
2024010531568,2024,010531568,2,9,0,99,99,9,9,99,99,9,9,99,9,99,9,9,6,6,3,-1,-1,1598,1,12,NISSAN NOTE,-1,-1,0,-1
2024010544254,2024,010544254,1,9,0,4,4,7,3,0,0,0,0,0,0,0,1,1,6,6,1,46,8,1198,1,10,NISSAN NOTE,-1,-1,0,-1
2024122400969,2024,122400969,1,9,0,17,19,7,4,0,0,0,2,0,1,4,1,1,6,6,2,76,11,1386,1,11,NISSAN NOTE,6,E01027763,0,1
2024411438197,2024,411438197,3,9,0,-1,19,5,1,-1,0,0,0,0,0,0,2,1,-1,6,1,27,6,1386,1,18,NISSAN NOTE,9,E01023674,0,3
2024320464305,2024,320464305,1,9,0,-1,-1,2,6,0,0,0,0,0,0,0,1,1,6,6,2,40,7,1198,1,11,NISSAN NOTE,3,E01026325,0,4
2024421451447,2024,421451447,1,9,0,-1,19,6,2,-1,0,0,0,0,1,0,1,1,-1,2,2,48,8,1598,1,18,NISSAN NOTE,9,E01033614,0,4
2024461431653,2024,461431653,1,9,0,-1,9,5,3,-1,0,4,1,9,1,0,1,1,-1,9,2,45,7,1598,1,17,NISSAN NOTE,3,E01016044,0,1
2024141423913,2024,141423913,1,9,0,-1,19,5,1,-1,0,0,0,0,0,0,1,1,-1,2,1,34,6,1386,1,12,NISSAN NOTE,5,E01008879,0,5
2024501485202,2024,501485202,2,9,0,-1,4,5,1,-1,1,0,0,0,0,0,4,1,-1,6,1,32,6,1386,1,11,NISSAN NOTE,6,E01020329,0,4
2024340NN3612,2024,340NN3612,1,9,0,-1,12,1,5,-1,0,0,0,0,0,0,3,1,-1,2,1,37,7,1461,2,8,NISSAN NOTE,1,E01027083,0,3
2024311420043,2024,311420043,1,9,0,-1,12,5,1,-1,0,4,0,0,0,0,3,1,-1,6,1,50,8,1598,1,17,NISSAN NOTE,-1,-1,0,-1
2024440000059,2024,440000059,1,9,0,18,19,2,6,0,0,0,5,0,4,0,1,1,6,6,2,43,7,1198,1,6,NISSAN NOTE,9,E01022595,0,3
2024131499072,2024,131499072,1,9,0,-1,5,7,3,-1,0,8,0,0,1,0,3,1,-1,9,2,40,7,1598,1,11,NISSAN NOTE,2,E01010658,0,1
2024461423191,2024,461423191,2,9,0,-1,19,7,3,-1,0,0,2,0,1,4,4,9,-1,6,1,65,9,1598,1,18,NISSAN NOTE,7,E01024318,0,2
2024010526767,2024,010526767,1,9,0,18,19,3,7,0,0,8,0,7,0,0,1,1,6,6,1,46,8,1598,1,12,NISSAN NOTE,2,E01000098,0,1
2024991505562,2024,991505562,1,9,0,-1,19,6,2,-1,0,0,0,0,0,0,1,1,-1,9,2,73,10,1198,1,10,NISSAN NOTE,4,-1,0,3
2024201555898,2024,201555898,2,9,0,-1,19,5,1,-1,0,0,0,0,0,0,1,1,-1,6,1,30,6,1386,1,17,NISSAN NOTE,5,E01009179,0,1
2024411519847,2024,411519847,1,9,0,-1,19,7,3,-1,0,8,0,0,0,0,1,1,-1,6,1,43,7,1598,1,12,NISSAN NOTE,2,E01023844,0,1
2024531463034,2024,531463034,1,9,0,-1,13,8,4,-1,0,1,0,0,7,11,1,1,-1,2,2,35,6,1461,2,11,NISSAN NOTE,6,E01034778,0,3
2024010523944,2024,010523944,1,9,0,17,19,1,5,9,9,0,0,10,7,4,1,1,6,6,2,21,5,1598,1,17,NISSAN NOTE,8,E01001543,0,1
2024010530008,2024,010530008,2,9,0,16,19,5,1,0,0,2,0,0,0,0,1,1,6,6,2,53,8,1598,1,12,NISSAN NOTE,2,E01033932,0,1
2024501491231,2024,501491231,1,9,0,-1,9,5,3,-1,0,8,0,99,0,0,4,1,-1,6,1,-1,-1,1461,2,15,NISSAN NOTE,10,E01034629,0,1
2024010522210,2024,010522210,1,9,0,5,5,8,4,0,0,6,0,0,0,0,1,1,1,1,1,50,8,1386,1,12,NISSAN NOTE,3,E01001136,0,1
2024161394527,2024,161394527,1,9,0,-1,4,8,4,-1,0,1,1,0,1,0,1,1,-1,9,1,40,7,1386,1,12,NISSAN NOTE,2,E01013330,0,2
2024361449113,2024,361449113,1,9,0,-1,19,7,3,-1,0,8,0,0,0,0,3,1,-1,6,1,32,6,1461,2,15,NISSAN NOTE,-1,-1,0,-1
2024201400943,2024,201400943,1,9,0,-1,19,4,8,-1,0,2,0,0,0,0,1,9,-1,6,1,-1,-1,1386,1,17,NISSAN NOTE,-1,-1,0,-1
2024451483211,2024,451483211,1,9,0,-1,19,6,2,-1,0,0,0,0,0,0,1,1,-1,9,2,74,10,1198,1,10,NISSAN NOTE,10,E01030462,0,3
2024010551324,2024,010551324,1,9,0,9,9,3,1,0,0,6,0,0,0,0,1,1,6,6,2,23,5,1598,1,12,NISSAN NOTE,3,E01001938,0,1
2024610030224,2024,610030224,1,9,0,4,4,8,4,0,0,0,0,0,0,0,2,1,6,6,2,39,7,1598,1,17,NISSAN NOTE,2,E01014464,0,4
2024501513769,2024,501513769,1,9,0,-1,9,3,1,-1,0,8,0,0,0,0,3,1,-1,2,2,53,8,1598,1,12,NISSAN NOTE,3,E01018974,0,2
2024211487527,2024,211487527,3,9,0,-1,3,1,1,-1,0,0,0,0,0,0,2,1,-1,6,2,60,9,1461,2,11,NISSAN NOTE,3,E01029359,0,1
2024461513052,2024,461513052,2,9,0,-1,3,1,5,-1,0,1,0,0,0,0,2,9,-1,6,2,56,9,1198,1,8,NISSAN NOTE,3,E01024399,0,2
2024010535685,2024,010535685,2,9,0,18,19,3,7,0,0,1,0,0,0,0,1,1,6,6,2,47,8,1386,1,14,NISSAN NOTE,-1,-1,0,-1
2024501455855,2024,501455855,2,9,0,-1,10,3,6,-1,9,8,0,0,0,0,1,1,-1,9,1,77,11,1461,2,15,NISSAN NOTE,4,E01018846,0,1
2024201440535,2024,201440535,1,9,0,-1,19,8,4,-1,0,0,0,0,0,0,1,9,-1,9,1,32,6,1386,1,11,NISSAN NOTE,1,E01009397,0,1
2024552500068,2024,552500068,1,9,0,9,9,3,1,0,0,8,0,0,0,0,1,1,6,6,1,60,9,1598,1,16,NISSAN NOTE,8,E01015378,0,1
2024421521406,2024,421521406,2,9,0,-1,3,5,3,-1,0,1,0,0,0,0,2,1,-1,9,1,77,11,1598,1,12,NISSAN NOTE,5,E01021942,0,1
2024421424255,2024,421424255,1,9,0,-1,19,1,5,-1,0,1,0,0,0,0,3,1,-1,9,1,86,11,1461,2,10,NISSAN NOTE,3,E01015882,0,2
2024501534915,2024,501534915,1,9,0,-1,19,7,3,-1,0,8,0,0,0,0,1,1,-1,6,1,31,6,1198,1,9,NISSAN NOTE,8,E01020120,0,1
2024010523998,2024,010523998,1,9,0,99,99,9,9,99,99,9,9,99,9,99,2,9,6,6,2,34,6,1198,1,9,NISSAN NOTE,7,E01002301,0,1
2024461528304,2024,461528304,1,9,0,-1,5,1,5,-1,0,0,0,0,0,0,2,1,-1,2,2,39,7,1598,1,14,NISSAN NOTE,6,E01024340,0,3
2024501527289,2024,501527289,2,9,0,-1,7,4,6,-1,0,1,0,0,0,0,3,1,-1,2,2,41,7,1198,1,9,NISSAN NOTE,2,E01015072,0,1
2024010529117,2024,010529117,2,9,0,18,19,1,5,0,0,1,0,0,0,0,1,1,6,6,1,60,9,1598,1,13,NISSAN NOTE,2,E01000289,0,2
2024131522820,2024,131522820,2,9,0,-1,19,4,8,-1,0,1,0,0,7,0,1,1,-1,9,1,77,11,1461,2,10,NISSAN NOTE,7,E01011578,0,1
2024401469214,2024,401469214,1,9,0,-1,19,5,1,-1,0,0,0,0,0,0,1,1,-1,6,2,-1,-1,1386,1,11,NISSAN NOTE,9,E01015708,0,1
2024061519253,2024,061519253,1,9,0,-1,19,3,7,-1,0,2,0,0,0,0,1,1,-1,6,2,40,7,1598,1,16,NISSAN NOTE,2,E01005199,0,1
2024041436421,2024,041436421,2,9,0,-1,19,7,3,-1,0,0,0,0,1,0,3,1,-1,9,1,54,8,1386,1,13,NISSAN NOTE,1,E01012681,0,2
202454E954024,2024,54E954024,1,9,0,18,19,8,4,0,0,0,0,0,0,0,1,1,6,6,1,-1,-1,1461,2,17,NISSAN NOTE,-1,-1,0,-1
2024411531125,2024,411531125,2,9,0,-1,-1,-1,-1,-1,-1,-1,-1,-1,-1,0,-1,9,-1,9,2,43,7,1198,1,10,NISSAN NOTE,7,E01023335,0,1
2024141530179,2024,141530179,1,9,0,-1,19,5,1,-1,0,0,0,0,5,0,1,1,-1,9,2,20,4,1198,1,9,NISSAN NOTE,7,E01007553,0,1
2024010517945,2024,010517945,1,9,0,18,19,5,1,5,5,0,0,0,0,0,1,1,6,6,3,-1,-1,1198,1,9,NISSAN NOTE,-1,-1,0,-1
2024041451261,2024,041451261,1,9,0,-1,19,5,1,-1,0,0,0,0,0,0,1,1,-1,1,2,70,10,1386,1,14,NISSAN NOTE,7,E01025603,0,1
2024010540753,2024,010540753,2,9,0,18,19,5,1,0,0,4,0,0,0,0,1,1,6,6,1,37,7,1386,1,15,NISSAN NOTE,4,E01030747,0,1
2024451430645,2024,451430645,1,9,0,-1,19,7,3,-1,0,3,0,0,0,0,1,1,-1,9,1,76,11,1198,1,10,NISSAN NOTE,7,E01030741,0,1
2024201456025,2024,201456025,1,9,0,-1,19,8,4,-1,0,0,0,0,0,0,1,9,-1,6,2,29,6,1461,2,10,NISSAN NOTE,5,E01009798,0,1
2024991418125,2024,991418125,3,9,0,-1,2,0,0,-1,0,0,0,0,0,0,2,1,-1,6,-1,-1,-1,1598,1,16,NISSAN NOTE,-1,-1,0,-1
2024010529230,2024,010529230,3,9,0,18,19,5,1,0,0,0,0,0,0,0,2,1,2,2,1,74,10,1198,1,10,NISSAN NOTE,7,E01030402,0,1
2024471479826,2024,471479826,4,9,0,-1,3,4,7,-1,0,0,0,0,0,0,2,1,-1,9,1,78,11,1198,1,10,NISSAN NOTE,4,E01031428,0,3
2024211507886,2024,211507886,1,9,0,-1,19,7,3,-1,0,0,0,0,0,0,1,1,-1,1,2,22,5,1598,1,15,NISSAN NOTE,1,E01014306,0,3
2024430165552,2024,430165552,1,9,0,1,1,1,5,0,0,0,0,0,1,11,2,1,6,6,2,84,11,1598,1,15,NISSAN NOTE,10,E01028684,0,1
2024201522851,2024,201522851,2,9,0,-1,19,2,6,-1,0,8,0,0,0,0,2,1,-1,6,1,69,10,1461,2,14,NISSAN NOTE,3,E01010020,0,1
2024610046024,2024,610046024,2,9,0,9,9,7,5,0,0,6,0,0,0,0,1,1,6,6,2,81,11,1386,1,11,NISSAN NOTE,3,W01001516,0,1
2024070732533,2024,070732533,2,9,0,-1,19,1,5,-1,0,1,0,0,0,0,1,1,-1,9,2,41,7,1461,2,15,NISSAN NOTE,6,E01018749,0,1
2024052402698,2024,052402698,1,9,0,17,19,5,2,0,0,8,0,0,0,0,1,1,1,1,1,30,6,1386,1,18,NISSAN NOTE,1,E01006697,0,2
2024010550001,2024,010550001,3,9,0,2,2,0,0,0,0,2,0,0,0,0,2,1,6,6,3,-1,-1,1198,1,9,NISSAN NOTE,-1,-1,0,-1
2024501400990,2024,501400990,1,9,0,-1,9,7,3,-1,0,8,0,0,0,0,1,9,-1,9,1,38,7,1598,1,17,NISSAN NOTE,2,E01015181,0,1
2024401398884,2024,401398884,2,9,-1,-1,-1,-1,-1,-1,-1,0,-1,-1,-1,0,-1,9,-1,9,1,36,7,1598,1,16,NISSAN NOTE,3,E01015701,0,1
2024320751101,2024,320751101,1,9,0,9,9,4,2,0,0,6,0,0,0,0,1,1,-1,-1,1,62,9,1198,1,8,NISSAN NOTE,8,E01034700,0,1
2024061401827,2024,061401827,2,9,0,-1,9,1,2,-1,0,1,0,0,0,0,1,1,-1,6,2,73,10,1461,2,12,NISSAN NOTE,1,E01006248,0,1
2024610043624,2024,610043624,2,9,0,2,2,0,0,0,0,0,0,0,0,0,3,1,6,6,2,33,6,1461,2,11,NISSAN NOTE,5,W01001611,0,1
2024622400145,2024,622400145,2,9,0,18,19,4,8,0,0,1,0,0,0,0,2,1,6,6,2,74,10,1461,2,8,NISSAN NOTE,2,W01001788,0,1
2024052400366,2024,052400366,2,9,0,18,19,1,5,0,0,0,0,0,0,0,1,1,6,6,2,51,8,1198,1,8,NISSAN NOTE,7,E01007105,0,1
2024421506785,2024,421506785,1,9,0,-1,-1,-1,-1,-1,-1,0,-1,-1,-1,0,-1,9,-1,6,3,-1,-1,1598,1,16,NISSAN NOTE,-1,-1,0,-1
2024522401468,2024,522401468,5,9,0,4,4,1,5,0,0,0,1,1,0,0,2,1,6,6,1,64,9,1198,1,9,NISSAN NOTE,6,E01022351,0,4
2024161465675,2024,161465675,1,9,0,-1,19,6,2,-1,0,1,0,0,0,0,1,9,-1,6,2,46,8,1198,1,10,NISSAN NOTE,1,E01012846,0,1
2024131517194,2024,131517194,1,9,0,-1,19,7,3,-1,0,0,0,0,1,1,4,1,-1,6,1,47,8,1598,1,15,NISSAN NOTE,10,E01010768,0,1
2024201504917,2024,201504917,1,9,0,-1,19,2,6,-1,0,1,0,7,0,0,4,1,-1,6,1,79,11,1198,1,9,NISSAN NOTE,4,E01010259,0,1