collision_index,collision_year,collision_ref_no,vehicle_reference,vehicle_type,towing_and_articulation,vehicle_manoeuvre_historic,vehicle_manoeuvre,vehicle_direction_from,vehicle_direction_to,vehicle_location_restricted_lane_historic,vehicle_location_restricted_lane,junction_location,skidding_and_overturning,hit_object_in_carriageway,vehicle_leaving_carriageway,hit_object_off_carriageway,first_point_of_impact,vehicle_left_hand_drive,journey_purpose_of_driver_historic,journey_purpose_of_driver,sex_of_driver,age_of_driver,age_band_of_driver,engine_capacity_cc,propulsion_code,age_of_vehicle,generic_make_model,driver_imd_decile,lsoa_of_driver,escooter_flag,driver_distance_banding
2024061447911,2024,061447911,1,9,0,-1,19,2,6,-1,0,2,1,0,0,0,4,1,-1,6,1,43,7,1198,1,8,NISSAN NOTE,3,E01005757,0,2
2024351436086,2024,351436086,1,9,0,-1,19,5,1,-1,0,4,0,0,0,0,3,9,-1,1,1,38,7,1598,1,16,NISSAN NOTE,8,E01018166,0,3
2024131421483,2024,131421483,1,9,0,-1,19,1,1,-1,0,8,0,0,0,0,2,1,-1,7,1,49,8,1461,2,14,NISSAN NOTE,4,E01010603,0,1
2024221474563,2024,221474563,1,9,0,-1,19,4,8,-1,9,0,0,0,1,0,4,9,-1,6,1,70,10,1386,1,17,NISSAN NOTE,-1,-1,0,-1
2024201470301,2024,201470301,1,9,0,-1,19,6,4,-1,0,0,1,0,0,0,1,1,-1,6,2,76,11,1598,1,16,NISSAN NOTE,2,E01009933,0,1
2024041452595,2024,041452595,1,9,0,-1,1,7,3,-1,-1,0,0,0,0,0,2,1,-1,9,2,20,4,1461,2,14,NISSAN NOTE,6,E01025607,0,2
2024631481977,2024,631481977,1,9,0,-1,19,4,8,-1,0,0,0,0,0,0,1,1,-1,6,1,78,11,1386,1,12,NISSAN NOTE,4,W01000706,0,1
2024471408026,2024,471408026,2,9,0,-1,-1,-1,-1,-1,-1,0,-1,-1,-1,0,-1,1,-1,9,1,44,7,1598,1,16,NISSAN NOTE,4,E01031572,0,1
2024211429270,2024,211429270,1,9,0,-1,19,1,5,-1,0,1,0,0,0,0,1,1,-1,6,2,26,6,1598,1,16,NISSAN NOTE,3,E01014291,0,1
2024010511890,2024,010511890,2,9,0,18,19,1,5,0,0,4,0,0,0,0,3,2,6,6,2,68,10,1386,1,13,NISSAN NOTE,5,E01004547,0,2
2024461504282,2024,461504282,2,9,0,-1,4,5,1,-1,0,6,0,0,0,0,3,9,-1,9,1,26,6,1198,1,11,NISSAN NOTE,3,E01000336,0,2
2024401404393,2024,401404393,3,9,0,-1,19,7,3,-1,0,0,0,0,0,0,1,9,-1,6,2,43,7,1386,1,16,NISSAN NOTE,4,E01015734,0,1
2024061491719,2024,061491719,2,9,0,-1,19,7,7,-1,0,0,0,0,0,0,1,1,-1,6,1,34,6,1386,1,16,NISSAN NOTE,4,E01005214,0,2
2024061477020,2024,061477020,1,9,0,-1,1,2,4,-1,0,0,0,0,0,0,4,1,-1,9,2,68,10,1198,1,8,NISSAN NOTE,6,E01004783,0,1
2024302500043,2024,302500043,1,9,0,2,2,0,0,0,0,0,0,0,1,0,2,1,3,7,1,77,11,1198,1,8,NISSAN NOTE,6,E01019477,0,2
2024461401056,2024,461401056,1,9,0,-1,7,6,3,-1,0,1,0,0,0,0,1,2,-1,6,1,37,7,1386,1,12,NISSAN NOTE,8,E01024184,0,1
2024010523296,2024,010523296,1,9,9,99,99,9,9,99,99,0,9,0,0,0,2,9,6,6,1,68,10,1598,1,18,NISSAN NOTE,3,E01003980,0,1
2024231477674,2024,231477674,1,9,0,-1,5,6,2,-1,0,6,0,0,0,0,1,1,-1,1,1,34,6,1386,1,17,NISSAN NOTE,3,E01009553,0,3
2024501462369,2024,501462369,1,9,0,-1,11,5,1,-1,0,0,2,0,2,10,4,1,-1,9,1,34,6,1461,2,15,NISSAN NOTE,4,E01021817,0,5
2024421459045,2024,421459045,1,9,0,-1,5,1,7,-1,0,8,0,0,0,0,1,1,-1,9,2,79,11,1198,1,9,NISSAN NOTE,8,E01029913,0,4
2024201434641,2024,201434641,3,9,0,-1,19,7,3,-1,0,1,0,0,0,0,1,9,-1,6,1,65,9,1386,1,16,NISSAN NOTE,-1,-1,0,-1
2024501413533,2024,501413533,1,9,0,-1,19,3,7,-1,0,0,0,0,0,0,1,9,-1,9,2,73,10,1598,1,11,NISSAN NOTE,3,E01015063,0,1
2024991523351,2024,991523351,3,9,0,-1,10,5,3,-1,0,1,0,0,0,0,1,1,-1,9,1,46,8,1386,1,17,NISSAN NOTE,8,-1,0,2
2024010515437,2024,010515437,2,9,0,18,19,1,5,0,0,1,0,0,0,0,3,1,6,6,2,39,7,1198,1,8,NISSAN NOTE,3,E01004183,0,1
2024451442510,2024,451442510,2,9,9,-1,99,3,7,-1,99,0,9,99,0,0,1,1,-1,6,3,30,6,1598,1,16,NISSAN NOTE,-1,-1,0,-1
2024552401194,2024,552401194,2,9,0,18,19,8,4,0,0,8,0,0,0,0,1,1,6,6,2,36,7,1198,1,9,NISSAN NOTE,10,E01015396,0,1
2024501441316,2024,501441316,1,9,0,-1,9,4,2,-1,0,8,0,0,0,0,1,1,-1,9,1,69,10,1198,1,10,NISSAN NOTE,6,E01019003,0,1
2024201505275,2024,201505275,1,9,0,-1,19,1,5,-1,0,6,0,0,0,0,1,9,-1,9,1,24,5,1598,1,12,NISSAN NOTE,-1,-1,0,-1
2024991466583,2024,991466583,2,9,0,-1,9,1,5,-1,0,3,0,0,0,0,4,1,-1,6,2,65,9,1198,1,10,NISSAN NOTE,-1,-1,0,-1
2024440249999,2024,440249999,1,9,0,9,9,8,4,0,0,2,0,0,0,0,3,1,6,6,2,51,8,1386,1,15,NISSAN NOTE,-1,-1,0,-1
2024041452368,2024,041452368,1,9,0,-1,19,3,7,-1,0,0,0,0,1,0,1,1,-1,9,1,38,7,1461,2,10,NISSAN NOTE,1,E01025248,0,2
2024201533186,2024,201533186,2,9,0,-1,19,2,6,-1,0,8,0,0,0,0,3,1,-1,7,2,43,7,1386,1,15,NISSAN NOTE,1,E01010368,0,1
2024501518322,2024,501518322,1,9,0,-1,19,5,1,-1,0,0,5,0,7,4,1,1,-1,9,1,84,11,1386,1,14,NISSAN NOTE,5,E01020235,0,2
2024471465538,2024,471465538,2,9,0,-1,9,1,7,-1,0,4,0,0,0,0,3,1,-1,6,2,24,5,1198,1,8,NISSAN NOTE,10,E01031744,0,2
2024010529302,2024,010529302,2,9,0,99,99,9,9,99,99,0,9,99,9,99,1,9,6,6,3,-1,-1,1198,1,9,NISSAN NOTE,-1,-1,0,-1
2024201514727,2024,201514727,2,9,0,-1,3,6,2,-1,0,1,0,0,0,0,2,1,-1,9,2,43,7,1198,1,10,NISSAN NOTE,8,E01010515,0,1
2024131397645,2024,131397645,2,9,0,-1,19,7,1,-1,0,6,0,0,0,0,2,1,-1,6,1,55,8,1386,1,17,NISSAN NOTE,2,E01010673,0,1
2024161443389,2024,161443389,1,9,0,-1,5,3,1,-1,9,0,0,0,0,0,4,1,-1,2,2,42,7,1198,1,11,NISSAN NOTE,6,E01012916,0,1
2024010496783,2024,010496783,1,9,0,18,19,5,1,0,0,8,0,0,0,0,4,1,2,2,1,52,8,1198,1,8,NISSAN NOTE,3,E01034484,0,1
2024631488544,2024,631488544,1,9,0,-1,19,3,7,-1,0,0,0,0,0,0,1,1,-1,9,1,21,5,1386,1,15,NISSAN NOTE,3,W01000711,0,3
2024421441587,2024,421441587,1,9,0,-1,10,7,5,-1,0,1,0,0,0,0,3,9,-1,9,2,22,5,1198,1,9,NISSAN NOTE,4,E01021812,0,1
2024041413624,2024,041413624,1,9,0,-1,19,1,5,-1,0,4,0,0,0,0,1,1,-1,9,1,51,8,1386,1,16,NISSAN NOTE,7,E01024938,0,4
2024010511120,2024,010511120,1,9,0,18,19,8,4,0,0,1,0,0,0,0,1,1,6,6,1,25,5,1386,1,17,NISSAN NOTE,6,E01001073,0,2
2024010532004,2024,010532004,3,9,0,4,4,1,5,0,0,1,0,0,0,0,1,1,3,7,1,37,7,1598,1,16,NISSAN NOTE,4,E01001156,0,1
2024010539874,2024,010539874,2,9,0,99,99,9,9,99,99,9,9,99,9,99,2,9,6,6,2,43,7,1198,1,9,NISSAN NOTE,3,E01003605,0,1
2024548456624,2024,548456624,2,9,0,9,9,1,7,0,0,1,0,0,0,0,1,1,6,6,2,59,9,1461,2,12,NISSAN NOTE,5,E01015509,0,1
2024010519831,2024,010519831,2,9,0,18,19,1,5,0,0,1,0,0,0,0,4,1,6,6,1,37,7,1386,1,15,NISSAN NOTE,-1,-1,0,-1
202454A918824,2024,54A918824,1,9,0,5,5,5,3,0,0,1,0,0,0,0,3,1,2,2,2,26,6,1598,1,17,NISSAN NOTE,5,E01015529,0,2
2024351507867,2024,351507867,2,9,0,-1,9,5,3,-1,0,1,0,0,0,0,1,1,-1,6,1,75,10,1461,2,10,NISSAN NOTE,2,E01015592,0,1
2024471489326,2024,471489326,1,9,0,-1,9,7,3,-1,9,1,1,0,7,0,1,1,-1,6,1,32,6,1598,1,16,NISSAN NOTE,2,E01031808,0,1
2024010487442,2024,010487442,1,9,0,99,99,9,9,99,99,2,9,99,9,99,1,9,6,6,2,83,11,1598,1,11,NISSAN NOTE,3,E01000372,0,1
2024122400870,2024,122400870,1,9,0,4,4,5,1,0,0,0,0,0,0,0,0,1,6,6,2,60,9,1461,2,11,NISSAN NOTE,1,E01010679,0,4
2024421504839,2024,421504839,1,9,0,-1,19,2,7,-1,0,8,0,0,0,0,3,1,-1,6,2,-1,-1,1386,1,16,NISSAN NOTE,-1,-1,0,-1
2024010539914,2024,010539914,1,9,0,9,9,1,8,0,0,6,0,0,0,0,1,1,6,6,2,42,7,1598,1,15,NISSAN NOTE,3,E01001394,0,2
2024041484015,2024,041484015,2,9,0,-1,19,7,3,-1,0,2,0,0,0,0,4,1,-1,9,2,22,5,1198,1,10,NISSAN NOTE,7,E01024978,0,3
2024501454977,2024,501454977,2,9,0,-1,19,0,0,-1,0,0,0,0,0,0,1,9,-1,6,1,22,5,1598,1,15,NISSAN NOTE,2,E01019995,0,3
2024461396612,2024,461396612,1,9,0,-1,19,6,3,-1,0,1,0,0,0,0,4,1,-1,2,1,26,6,1386,1,12,NISSAN NOTE,-1,-1,0,-1
2024052402235,2024,052402235,2,9,0,18,19,4,7,0,0,1,0,0,0,0,4,1,6,6,1,31,6,1198,1,7,NISSAN NOTE,1,E01034837,0,1
2024010545797,2024,010545797,2,9,0,17,19,7,3,0,0,0,0,0,0,0,1,1,6,6,2,33,6,1598,1,14,NISSAN NOTE,2,E01001660,0,1
2024010524406,2024,010524406,2,9,0,2,2,0,0,0,0,2,0,0,0,0,2,1,6,6,3,-1,-1,1198,1,10,NISSAN NOTE,-1,-1,0,-1
2024451393638,2024,451393638,2,9,0,-1,2,0,0,-1,0,0,0,0,0,0,1,1,-1,6,-1,-1,-1,1386,1,16,NISSAN NOTE,-1,-1,0,-1
2024520500321,2024,520500321,2,9,0,1,1,2,6,8,6,0,0,0,0,0,2,1,6,6,1,81,11,1598,1,12,NISSAN NOTE,4,E01032094,0,4
2024010531389,2024,010531389,1,9,0,9,9,5,4,0,0,5,0,0,0,0,0,1,1,1,2,49,8,1198,1,11,NISSAN NOTE,5,E01001656,0,1
2024010523638,2024,010523638,1,9,4,9,9,1,6,0,0,8,0,0,0,0,2,2,6,6,1,58,9,1386,1,15,NISSAN NOTE,4,E01033320,0,1
2024371414486,2024,371414486,1,9,0,-1,19,5,1,-1,0,1,0,0,1,0,1,1,-1,9,1,81,11,1198,1,9,NISSAN NOTE,5,E01035154,0,2
2024010508938,2024,010508938,1,9,0,18,19,5,1,0,0,1,0,0,0,0,1,1,3,7,1,45,7,1386,1,18,NISSAN NOTE,7,E01035000,0,2
2024421485752,2024,421485752,1,9,0,-1,7,1,2,-1,9,0,0,0,0,0,0,1,-1,9,1,76,11,1461,2,10,NISSAN NOTE,1,E01021970,0,1
2024010513796,2024,010513796,2,9,0,2,2,0,0,0,0,0,0,0,0,0,1,1,6,6,3,-1,-1,1198,1,7,NISSAN NOTE,-1,-1,0,-1
2024010518142,2024,010518142,1,9,0,18,19,7,3,0,0,0,1,4,0,0,1,1,6,6,1,50,8,1386,1,16,NISSAN NOTE,6,E01002218,0,1
2024010528495,2024,010528495,2,9,0,18,19,1,5,0,0,2,0,0,0,0,1,1,6,6,1,26,6,2894,1,3,PORSCHE MACAN,8,E01030346,0,4
2024501466429,2024,501466429,2,9,0,-1,9,5,1,-1,0,8,0,0,0,0,2,1,-1,6,2,70,10,1984,1,6,PORSCHE MACAN,-1,-1,0,-1
2024061510283,2024,061510283,1,9,0,-1,9,5,3,-1,0,2,0,0,0,0,1,1,-1,6,2,-1,-1,2894,1,1,PORSCHE MACAN,9,E01005908,0,2
2024311461988,2024,311461988,1,9,0,-1,12,4,8,-1,0,0,0,0,0,0,3,9,-1,6,3,-1,-1,1984,1,6,PORSCHE MACAN,-1,-1,0,-1
2024340NN2922,2024,340NN2922,2,9,0,-1,10,5,1,-1,0,0,0,0,0,0,2,1,-1,2,2,59,9,2894,1,0,PORSCHE MACAN,7,E01027353,0,1
2024010517775,2024,010517775,1,9,0,99,99,9,9,99,99,9,9,99,9,99,2,9,2,2,2,64,9,2995,1,5,PORSCHE MACAN,3,E01004436,0,1
2024010533286,2024,010533286,2,9,0,4,4,2,6,0,0,1,0,0,0,0,4,1,6,6,1,43,7,2997,1,8,PORSCHE MACAN,5,E01002769,0,1
2024430018259,2024,430018259,3,9,0,18,19,8,4,0,0,2,0,0,0,0,4,1,6,6,1,-1,-1,1984,1,1,PORSCHE MACAN,-1,-1,0,-1
2024010516697,2024,010516697,2,9,0,99,99,9,9,99,99,9,9,99,9,99,9,9,6,6,3,-1,-1,2894,1,1,PORSCHE MACAN,8,E01002452,0,3
2024421458979,2024,421458979,1,9,0,-1,19,6,3,-1,0,0,1,0,1,4,1,1,-1,6,1,20,4,2967,2,7,PORSCHE MACAN,9,E01021428,0,3
2024991443789,2024,991443789,2,9,0,-1,19,4,8,-1,0,1,0,0,0,0,1,1,-1,2,2,50,8,2894,1,1,PORSCHE MACAN,7,-1,0,1
2024430254428,2024,430254428,1,9,0,18,19,3,7,0,0,8,0,4,0,0,1,1,6,6,1,74,10,1984,1,6,PORSCHE MACAN,7,E01035748,0,1
2024451502916,2024,451502916,1,9,0,-1,2,1,3,-1,0,0,0,0,3,99,2,1,-1,9,1,40,7,1984,1,5,PORSCHE MACAN,5,E01004579,0,3
2024471450896,2024,471450896,1,9,0,-1,15,1,5,-1,0,2,0,0,0,0,1,1,-1,9,1,48,8,2995,1,5,PORSCHE MACAN,5,E01016988,0,1
2024070919267,2024,070919267,1,9,0,-1,19,3,7,-1,0,0,0,0,0,0,1,1,-1,9,1,50,8,2997,1,6,PORSCHE MACAN,8,E01012385,0,1
2024071001272,2024,071001272,1,9,0,-1,10,8,4,-1,0,6,0,0,0,0,0,1,-1,2,2,60,9,2967,2,8,PORSCHE MACAN,8,E01012387,0,3
2024010526089,2024,010526089,1,9,0,18,19,5,1,0,0,0,0,0,0,0,1,1,6,6,3,-1,-1,2894,1,1,PORSCHE MACAN,-1,-1,0,-1
2024010511580,2024,010511580,2,9,0,3,3,3,7,0,0,1,0,0,0,0,0,1,6,6,1,73,10,2967,2,9,PORSCHE MACAN,6,E01003653,0,1
2024061461909,2024,061461909,1,9,0,-1,19,3,7,-1,0,0,0,0,0,0,2,1,-1,6,3,-1,-1,1984,1,4,PORSCHE MACAN,-1,-1,0,-1
2024010516525,2024,010516525,2,9,0,5,5,7,3,0,0,8,0,0,0,0,1,1,6,6,1,52,8,-1,3,0,PORSCHE MACAN,7,E01004597,0,3
2024531413709,2024,531413709,1,9,0,-1,9,4,7,-1,0,6,0,0,0,0,2,1,-1,9,2,45,7,2894,1,3,PORSCHE MACAN,6,E01022454,0,2
2024991400255,2024,991400255,2,9,0,-1,19,3,7,-1,0,0,0,0,1,6,3,1,-1,2,1,21,5,1984,1,4,PORSCHE MACAN,-1,-1,0,-1
2024010508227,2024,010508227,2,9,0,99,99,9,9,99,99,9,9,99,9,99,1,9,6,6,3,-1,-1,1984,1,5,PORSCHE MACAN,-1,-1,0,-1
2024010547300,2024,010547300,1,9,0,18,19,7,3,0,0,1,0,0,0,0,3,1,6,6,1,57,9,2995,1,3,PORSCHE MACAN,9,E01001422,0,1
2024010519536,2024,010519536,1,9,0,18,19,5,1,0,0,8,0,0,0,0,1,1,6,6,2,45,7,1984,1,5,PORSCHE MACAN,6,E01001070,0,3
2024131477558,2024,131477558,2,9,0,-1,19,1,5,-1,0,8,0,2,0,0,4,1,-1,9,2,37,7,1984,1,5,PORSCHE MACAN,4,E01010633,0,2
2024010544217,2024,010544217,1,9,0,99,99,9,9,99,99,9,9,99,9,99,2,9,2,2,2,34,6,1984,1,3,PORSCHE MACAN,8,E01023312,0,2
2024332401155,2024,332401155,1,9,0,-1,9,6,4,-1,0,6,0,0,0,0,1,1,-1,9,2,62,9,-1,3,0,PORSCHE MACAN,5,E01025662,0,1
202454D331724,2024,54D331724,2,9,0,10,10,8,5,0,0,1,0,0,0,0,2,1,6,6,1,60,9,2967,2,8,PORSCHE MACAN,8,E01032043,0,1
2024141432360,2024,141432360,1,9,0,-1,19,6,2,-1,0,1,0,0,0,0,1,1,-1,9,1,28,6,2967,2,10,PORSCHE MACAN,10,E01007930,0,1
2024131499030,2024,131499030,3,9,0,-1,19,1,5,-1,0,8,0,0,0,0,2,1,-1,2,1,34,6,1984,1,1,PORSCHE MACAN,7,E01027680,0,4
2024461436292,2024,461436292,1,9,0,-1,19,7,3,-1,0,0,1,0,4,0,1,1,-1,9,1,44,7,3604,1,8,PORSCHE MACAN,4,E01003249,0,4
2024010532271,2024,010532271,1,9,0,99,99,9,9,99,99,9,9,99,9,99,9,9,6,6,2,57,9,2995,1,3,PORSCHE MACAN,5,E01000964,0,1
2024211445282,2024,211445282,2,9,0,-1,19,5,8,-1,0,8,0,0,0,0,4,1,-1,1,1,39,7,2997,1,7,PORSCHE MACAN,5,E01010539,0,4
2024332400445,2024,332400445,2,9,0,-1,9,6,4,-1,0,6,0,0,0,0,4,1,-1,9,1,68,10,2894,1,2,PORSCHE MACAN,2,E01013752,0,1
2024010510148,2024,010510148,6,9,0,2,2,0,0,6,6,0,0,0,0,0,4,1,6,6,3,-1,-1,3604,1,8,PORSCHE MACAN,-1,-1,0,-1
2024010526255,2024,010526255,1,9,9,99,99,9,9,99,99,1,9,99,9,0,9,9,6,6,3,-1,-1,2894,1,4,PORSCHE MACAN,-1,-1,0,-1
2024211520922,2024,211520922,1,9,0,-1,19,1,1,-1,0,3,0,0,0,0,4,1,-1,6,1,48,8,2894,1,0,PORSCHE MACAN,8,E01031195,0,4
2024041493392,2024,041493392,1,9,0,-1,8,2,6,-1,0,0,0,0,0,0,4,1,-1,7,1,50,8,2995,1,5,PORSCHE MACAN,8,E01034350,0,1
2024631462308,2024,631462308,2,9,0,-1,9,8,6,-1,0,5,0,0,0,0,1,1,-1,1,1,48,8,2997,1,6,PORSCHE MACAN,7,W01000470,0,2
2024451535376,2024,451535376,2,9,0,-1,19,3,7,-1,0,0,0,0,0,0,1,1,-1,6,1,75,10,2997,1,6,PORSCHE MACAN,-1,-1,0,-1
2024031516549,2024,031516549,2,9,0,-1,19,4,8,-1,0,1,0,0,0,0,1,1,-1,6,1,45,7,2967,2,6,PORSCHE MACAN,8,E01034068,0,4
2024451460256,2024,451460256,1,9,0,-1,19,1,5,-1,0,5,0,0,0,0,1,1,-1,9,1,36,7,1984,1,5,PORSCHE MACAN,8,E01030567,0,1
2024010534712,2024,010534712,1,9,0,7,7,6,8,0,0,1,0,0,0,0,4,1,6,6,1,39,7,2997,1,9,PORSCHE MACAN,7,E01003792,0,1
2024131508187,2024,131508187,1,9,0,-1,7,2,3,-1,0,8,0,0,0,0,0,1,-1,6,1,62,9,2967,2,8,PORSCHE MACAN,8,E01010971,0,1
2024131577268,2024,131577268,1,9,0,-1,19,1,1,-1,0,1,0,0,0,0,1,1,-1,6,1,58,9,2997,1,6,PORSCHE MACAN,6,E01011600,0,1
2024440241076,2024,440241076,1,9,0,17,19,7,4,0,0,0,0,0,0,0,1,1,6,6,1,67,10,2967,2,7,PORSCHE MACAN,8,E01025175,0,5
2024421476528,2024,421476528,1,9,0,-1,19,8,-1,-1,0,3,0,0,0,0,4,1,-1,6,2,-1,-1,1984,1,1,PORSCHE MACAN,4,E01021602,0,3
2024471485186,2024,471485186,1,9,0,-1,4,2,6,-1,0,0,0,0,0,0,2,1,-1,9,1,30,6,2967,2,9,PORSCHE MACAN,3,E01031553,0,1
2024421428938,2024,421428938,3,9,0,-1,19,5,1,-1,0,1,0,0,0,0,1,1,-1,6,1,30,6,2995,1,5,PORSCHE MACAN,10,E01021745,0,3
2024201436886,2024,201436886,1,9,0,-1,19,8,4,-1,0,0,5,10,1,4,1,9,-1,6,2,39,7,1984,1,1,PORSCHE MACAN,3,E01010327,0,1
2024041479708,2024,041479708,2,9,0,-1,19,7,3,-1,0,0,0,0,0,0,3,1,-1,9,1,63,9,1984,1,0,PORSCHE MACAN,9,E01025348,0,1
2024522402992,2024,522402992,2,9,0,18,19,6,2,0,0,0,0,1,0,0,1,1,6,6,1,28,6,2967,2,9,PORSCHE MACAN,-1,-1,0,-1
2024451414038,2024,451414038,4,9,0,-1,4,1,5,-1,0,0,0,0,0,0,2,1,-1,9,2,57,9,1984,1,6,PORSCHE MACAN,7,E01017285,0,4
2024010516175,2024,010516175,2,9,0,4,4,7,3,0,0,0,0,0,0,0,2,1,6,6,2,26,6,1984,1,6,PORSCHE MACAN,9,E01023417,0,4
2024440195723,2024,440195723,1,9,0,18,19,3,7,0,0,8,0,0,0,0,1,1,6,6,1,41,7,2967,2,7,PORSCHE MACAN,8,E01023090,0,1
2024070861923,2024,070861923,1,9,0,-1,19,3,7,-1,0,0,1,4,0,0,1,1,-1,9,2,71,10,2995,1,4,PORSCHE MACAN,6,E01018356,0,1
2024440554111,2024,440554111,2,9,0,18,19,3,7,0,0,8,0,0,0,0,1,1,6,6,1,41,7,2967,2,9,PORSCHE MACAN,9,E01022504,0,3
2024201458884,2024,201458884,2,9,0,-1,19,3,8,-1,0,8,0,0,0,0,3,1,-1,6,2,36,7,2967,2,9,PORSCHE MACAN,1,E01010374,0,1
2024430221484,2024,430221484,1,9,0,18,19,4,8,0,0,0,0,0,0,0,1,1,6,6,1,78,11,1984,1,6,PORSCHE MACAN,-1,-1,0,-1
2024061448995,2024,061448995,1,9,0,-1,7,-1,-1,-1,99,6,0,0,0,0,1,1,-1,9,1,58,9,2894,1,2,PORSCHE MACAN,4,E01005499,0,1
2024531407418,2024,531407418,1,9,0,-1,15,2,6,-1,0,1,0,0,0,0,3,1,-1,9,1,33,6,2995,1,5,PORSCHE MACAN,5,E01022227,0,1
2024061424251,2024,061424251,2,9,0,-1,19,7,3,-1,0,0,0,0,0,0,2,1,-1,6,1,63,9,1984,1,1,PORSCHE MACAN,10,E01019758,0,1
2024411440623,2024,411440623,1,9,0,-1,19,8,4,-1,0,3,0,0,0,0,2,1,-1,6,1,44,7,2967,2,8,PORSCHE MACAN,5,E01000316,0,3
2024010549016,2024,010549016,1,9,0,99,99,9,9,99,99,9,9,99,9,99,2,9,2,2,2,31,6,1984,1,5,PORSCHE MACAN,6,E01002639,0,1
2024471436798,2024,471436798,1,9,0,-1,19,4,8,-1,0,0,0,0,0,0,1,1,-1,9,1,55,8,2967,2,7,PORSCHE MACAN,6,E01021200,0,1
2024411486380,2024,411486380,3,9,0,-1,2,0,0,-1,9,0,0,0,0,0,4,1,-1,9,2,33,6,1984,1,1,PORSCHE MACAN,5,E01023677,0,1
2024501462165,2024,501462165,2,9,0,-1,19,3,7,-1,0,0,0,0,0,0,2,1,-1,1,2,63,9,2894,1,1,PORSCHE MACAN,9,E01035266,0,5
2024461509736,2024,461509736,3,9,0,-1,3,7,3,-1,0,1,0,0,0,0,3,2,-1,9,2,42,7,2997,1,6,PORSCHE MACAN,6,E01024457,0,2
2024430255681,2024,430255681,4,9,0,18,19,8,4,0,0,0,0,0,0,0,1,1,6,6,1,54,8,1984,1,4,PORSCHE MACAN,8,E01031301,0,4
2024101453583,2024,101453583,1,9,0,-1,19,1,5,-1,0,0,0,0,1,0,1,1,-1,2,1,68,10,2967,2,7,PORSCHE MACAN,6,E01027479,0,4
2024451406022,2024,451406022,2,9,0,-1,3,7,3,-1,0,0,0,0,0,0,2,1,-1,9,1,54,8,2995,1,5,PORSCHE MACAN,10,E01030796,0,1
2024522402286,2024,522402286,1,9,0,18,19,8,4,0,0,0,0,0,0,0,3,1,6,6,1,78,11,1984,1,0,PORSCHE MACAN,9,E01014382,0,2
2024501530464,2024,501530464,1,9,0,-1,19,7,3,-1,0,1,0,0,7,11,1,1,-1,9,1,68,10,2967,2,8,PORSCHE MACAN,9,E01020158,0,1
2024010522257,2024,010522257,2,9,0,99,99,9,9,99,99,9,9,99,9,99,9,9,6,6,3,61,9,1984,1,6,PORSCHE MACAN,6,E01002910,0,1
2024070973920,2024,070973920,1,9,0,-1,9,1,6,-1,9,1,0,4,2,2,1,1,-1,9,1,66,10,1984,1,6,PORSCHE MACAN,10,E01018653,0,1
2024231534056,2024,231534056,1,9,0,-1,19,4,8,-1,0,0,1,10,7,10,1,1,-1,6,1,17,4,1984,1,5,PORSCHE MACAN,6,E01031194,0,1
2024991459965,2024,991459965,1,9,0,-1,4,7,3,-1,9,0,0,0,0,0,1,1,-1,9,2,77,11,1984,1,4,PORSCHE MACAN,9,-1,0,1
2024451498701,2024,451498701,2,9,0,-1,19,5,1,-1,0,2,0,0,0,0,2,1,-1,9,2,76,11,1984,1,0,PORSCHE MACAN,10,E01030396,0,3
2024010538630,2024,010538630,2,9,0,4,4,2,6,0,0,1,1,0,0,0,1,1,6,6,1,29,6,1984,1,9,PORSCHE MACAN,-1,-1,0,-1
2024471478319,2024,471478319,1,9,0,-1,19,8,4,-1,0,2,0,0,0,0,4,1,-1,9,1,65,9,2995,1,3,PORSCHE MACAN,6,E01016963,0,1
2024010546702,2024,010546702,1,9,0,99,99,9,9,99,99,9,9,99,9,99,1,9,6,6,1,34,6,2967,2,9,PORSCHE MACAN,4,E01000929,0,2
2024052401900,2024,052401900,2,9,0,18,19,5,1,0,0,0,0,0,0,0,1,1,6,6,1,54,8,2894,1,1,PORSCHE MACAN,8,E01006921,0,1
2024421532040,2024,421532040,1,3,0,-1,19,3,6,-1,0,0,1,0,3,0,4,1,-1,9,1,19,4,125,1,4,-1,8,E01021400,0,2
2024531452201,2024,531452201,1,3,0,-1,19,5,1,-1,0,0,0,0,0,0,2,1,-1,9,1,41,7,125,1,3,SINNIS ZS 125,9,E01035024,0,4
2024471530709,2024,471530709,2,3,0,-1,19,7,3,-1,0,1,0,0,0,0,1,1,-1,6,1,36,7,125,1,4,SINNIS ZS 125,2,E01034827,0,2
2024211503415,2024,211503415,2,3,0,-1,19,1,5,-1,0,2,0,0,0,0,1,1,-1,6,1,17,4,125,1,5,SINNIS ZS 125,6,E01029632,0,1
202454B174724,2024,54B174724,1,3,0,18,19,6,2,0,0,0,1,0,7,4,3,1,6,6,1,34,6,125,1,6,SINNIS ZS 125,6,E01032119,0,2
2024010549619,2024,010549619,1,3,0,18,19,5,1,0,0,2,0,0,0,0,1,1,6,6,1,24,5,125,1,5,SINNIS ZS 125,7,E01033928,0,4