collision_index,collision_year,collision_ref_no,vehicle_reference,vehicle_type,towing_and_articulation,vehicle_manoeuvre_historic,vehicle_manoeuvre,vehicle_direction_from,vehicle_direction_to,vehicle_location_restricted_lane_historic,vehicle_location_restricted_lane,junction_location,skidding_and_overturning,hit_object_in_carriageway,vehicle_leaving_carriageway,hit_object_off_carriageway,first_point_of_impact,vehicle_left_hand_drive,journey_purpose_of_driver_historic,journey_purpose_of_driver,sex_of_driver,age_of_driver,age_band_of_driver,engine_capacity_cc,propulsion_code,age_of_vehicle,generic_make_model,driver_imd_decile,lsoa_of_driver,escooter_flag,driver_distance_banding
2024340WN3692,2024,340WN3692,3,9,0,-1,2,0,0,-1,0,0,0,0,0,0,2,1,-1,6,2,65,9,1968,2,18,VOLKSWAGEN TOURAN,3,E01027147,0,1
2024041402600,2024,041402600,1,9,0,-1,19,3,7,-1,0,0,1,6,0,0,1,1,-1,2,1,47,8,1896,2,20,VOLKSWAGEN TOURAN,1,E01025229,0,1
2024101407663,2024,101407663,1,9,0,-1,19,5,1,-1,0,0,1,0,0,0,1,1,-1,9,1,37,7,1595,1,17,VOLKSWAGEN TOURAN,-1,-1,0,-1
2024471458066,2024,471458066,2,9,0,-1,19,3,8,-1,0,1,0,0,0,0,1,1,-1,9,2,31,6,1968,2,19,VOLKSWAGEN TOURAN,6,E01031557,0,1
2024302400508,2024,302400508,2,9,0,18,19,2,6,0,0,8,0,0,0,0,1,1,6,6,1,30,6,1968,2,20,VOLKSWAGEN TOURAN,7,E01019408,0,2
2024411440728,2024,411440728,2,9,0,-1,19,1,5,-1,0,0,0,0,0,0,3,1,-1,6,1,43,7,1968,2,6,VOLKSWAGEN TOURAN,4,E01017521,0,4
2024161464273,2024,161464273,2,9,0,-1,19,8,4,-1,0,0,0,0,0,0,2,1,-1,6,1,40,7,1598,2,11,VOLKSWAGEN TOURAN,9,E01034760,0,3
2024411411899,2024,411411899,2,9,0,-1,19,7,3,-1,0,1,0,0,0,0,3,1,-1,6,1,46,8,1896,2,18,VOLKSWAGEN TOURAN,6,E01015766,0,4
2024531501126,2024,531501126,2,9,0,-1,19,1,5,-1,0,0,0,0,0,0,1,1,-1,2,1,19,4,1598,2,12,VOLKSWAGEN TOURAN,7,E01022230,0,1
2024131411339,2024,131411339,1,9,0,-1,19,1,5,-1,0,8,0,0,0,0,1,1,-1,9,1,47,8,1896,2,14,VOLKSWAGEN TOURAN,1,E01010676,0,1
2024501428127,2024,501428127,1,9,0,-1,19,8,4,-1,0,8,0,0,7,0,1,1,-1,9,1,48,8,1896,2,14,VOLKSWAGEN TOURAN,6,E01023028,0,5
2024201448459,2024,201448459,1,9,0,-1,19,3,7,-1,0,0,0,4,0,0,1,1,-1,6,1,-1,-1,1896,2,19,VOLKSWAGEN TOURAN,3,E01009178,0,1
2024430086157,2024,430086157,2,9,0,4,4,2,6,0,0,0,0,0,0,0,1,1,6,6,2,75,10,1598,2,5,VOLKSWAGEN TOURAN,10,E01028624,0,3
2024371567029,2024,371567029,1,9,0,-1,19,5,1,-1,0,0,0,0,0,0,1,1,-1,2,1,52,8,1968,2,16,VOLKSWAGEN TOURAN,8,E01034570,0,1
2024131484704,2024,131484704,1,9,0,-1,19,5,1,-1,0,0,0,0,0,0,1,1,-1,6,2,44,7,1896,2,16,VOLKSWAGEN TOURAN,4,E01010656,0,1
2024311496541,2024,311496541,1,9,0,-1,4,5,1,-1,0,0,0,0,0,0,1,9,-1,6,1,-1,-1,1598,2,10,VOLKSWAGEN TOURAN,-1,-1,0,-1
2024041520915,2024,041520915,1,9,0,-1,5,7,3,-1,0,1,0,0,0,0,1,1,-1,6,2,44,7,1380,1,11,VOLKSWAGEN TOURAN,9,E01012609,0,1
2024041426526,2024,041426526,3,9,0,-1,19,7,3,-1,0,2,0,0,0,0,2,1,-1,1,1,34,6,1968,2,15,VOLKSWAGEN TOURAN,1,E01025084,0,2
2024440461949,2024,440461949,2,9,0,9,9,1,3,0,0,1,0,0,0,0,3,1,6,6,2,35,6,1598,2,9,VOLKSWAGEN TOURAN,2,E01023055,0,1
2024201483056,2024,201483056,1,9,0,-1,11,1,5,-1,0,0,0,0,0,0,1,1,-1,6,2,-1,-1,1498,1,3,VOLKSWAGEN TOURAN,-1,-1,0,-1
2024451512068,2024,451512068,1,9,0,-1,19,7,3,-1,0,0,0,0,0,0,4,1,-1,9,1,49,8,1598,2,11,VOLKSWAGEN TOURAN,8,E01030867,0,2
2024010544984,2024,010544984,1,9,0,99,99,9,9,99,99,9,9,99,9,99,9,9,6,6,1,47,8,1598,2,12,VOLKSWAGEN TOURAN,7,E01002121,0,1
2024332400756,2024,332400756,1,8,0,-1,19,6,2,-1,0,0,0,0,0,0,1,1,-1,9,1,27,6,1598,2,10,VOLKSWAGEN TOURAN,2,E01013657,0,1
2024302401451,2024,302401451,2,9,0,9,9,3,1,0,0,8,0,0,0,0,1,1,6,6,2,52,8,1498,1,1,VOLKSWAGEN TOURAN,1,E01013533,0,1
2024401420242,2024,401420242,1,9,0,-1,19,8,4,-1,0,1,0,0,0,0,1,1,-1,2,1,47,8,1896,2,15,VOLKSWAGEN TOURAN,4,E01017522,0,1
2024351397235,2024,351397235,1,9,0,-1,19,8,4,-1,0,0,0,0,0,0,1,1,-1,7,1,46,8,1598,2,11,VOLKSWAGEN TOURAN,8,E01015690,0,4
2024631525103,2024,631525103,1,9,0,-1,9,5,2,-1,0,5,0,0,7,10,1,1,-1,6,1,67,10,1968,2,11,VOLKSWAGEN TOURAN,7,W01000081,0,4
2024332400787,2024,332400787,1,9,0,-1,4,5,1,-1,0,0,0,0,0,0,2,1,-1,1,1,38,7,1598,2,9,VOLKSWAGEN TOURAN,3,E01013614,0,3
2024010552511,2024,010552511,2,9,9,99,99,9,9,99,99,9,9,99,9,99,9,9,6,6,1,52,8,1595,1,17,VOLKSWAGEN TOURAN,-1,-1,0,-1
2024201482101,2024,201482101,2,9,0,-1,5,6,2,-1,0,8,0,0,0,0,1,1,-1,6,2,48,8,1598,2,10,VOLKSWAGEN TOURAN,3,E01010523,0,1
2024061469560,2024,061469560,3,9,0,-1,3,4,8,-1,0,0,0,0,0,0,3,1,-1,2,1,51,8,1390,1,14,VOLKSWAGEN TOURAN,-1,-1,0,-1
2024401427857,2024,401427857,2,9,0,-1,4,6,2,-1,0,0,0,0,0,0,1,1,-1,1,1,28,6,1598,2,13,VOLKSWAGEN TOURAN,6,E01015766,0,1
2024010497276,2024,010497276,1,9,0,6,6,3,3,0,0,0,0,0,0,0,3,1,6,6,3,-1,-1,1896,2,15,VOLKSWAGEN TOURAN,3,E01001860,0,1
2024131454362,2024,131454362,2,9,0,-1,2,0,0,-1,9,0,0,0,0,0,3,1,-1,6,-1,-1,-1,1598,2,13,VOLKSWAGEN TOURAN,-1,-1,0,-1
2024010531226,2024,010531226,1,9,0,9,9,7,5,0,0,8,0,0,0,0,4,1,6,6,3,24,5,1896,2,19,VOLKSWAGEN TOURAN,-1,-1,0,-1
2024440492597,2024,440492597,1,9,0,9,9,7,5,0,0,8,0,0,0,0,1,1,6,6,1,41,7,1598,2,5,VOLKSWAGEN TOURAN,5,E01017027,0,1
2024131440620,2024,131440620,1,9,0,-1,9,5,1,-1,0,1,0,0,0,0,2,1,-1,9,1,33,6,1968,2,15,VOLKSWAGEN TOURAN,1,E01011433,0,1
2024320751072,2024,320751072,1,9,0,-1,-1,8,4,0,0,3,0,0,0,0,1,1,-1,-1,2,42,7,1598,2,12,VOLKSWAGEN TOURAN,-1,-1,0,-1
2024622400521,2024,622400521,2,9,0,18,19,2,6,0,0,8,0,0,0,0,4,1,6,6,1,71,10,1968,2,18,VOLKSWAGEN TOURAN,2,W01001866,0,1
2024351495356,2024,351495356,2,9,0,-1,19,8,4,-1,0,1,0,0,0,0,1,1,-1,6,2,31,6,1896,2,19,VOLKSWAGEN TOURAN,7,E01018125,0,2
2024411492408,2024,411492408,2,9,0,-1,19,-1,-1,-1,0,1,0,0,0,0,3,9,-1,9,1,36,7,1968,2,20,VOLKSWAGEN TOURAN,6,E01023621,0,1
2024141460395,2024,141460395,1,9,0,-1,19,1,5,-1,0,1,0,0,0,0,4,1,-1,9,1,39,7,1896,2,16,VOLKSWAGEN TOURAN,1,E01007873,0,1
2024052400557,2024,052400557,1,9,0,9,9,8,6,0,0,5,0,0,0,0,4,1,6,6,1,37,7,1395,1,6,VOLKSWAGEN TOURAN,2,E01006439,0,2
2024221495187,2024,221495187,1,9,0,-1,19,2,6,-1,0,0,0,4,0,0,1,1,-1,9,2,62,9,1598,2,12,VOLKSWAGEN TOURAN,3,E01032449,0,1
2024161501205,2024,161501205,2,9,0,-1,19,7,3,-1,0,0,0,0,0,0,2,1,-1,9,2,45,7,1896,2,15,VOLKSWAGEN TOURAN,6,E01013048,0,4
2024361492876,2024,361492876,1,9,0,-1,9,8,6,-1,0,2,0,0,0,0,1,1,-1,6,2,36,7,1896,2,17,VOLKSWAGEN TOURAN,7,E01026937,0,1
2024371487085,2024,371487085,1,9,0,-1,4,5,1,-1,0,0,0,0,0,0,1,1,-1,2,1,31,6,1896,2,19,VOLKSWAGEN TOURAN,5,E01021670,0,3
2024010500513,2024,010500513,2,9,9,18,19,9,9,99,99,0,9,99,9,99,9,9,6,6,3,-1,-1,1390,1,15,VOLKSWAGEN TOURAN,-1,-1,0,-1
202460Q132175,2024,60Q132175,1,9,0,7,7,7,3,0,0,6,0,0,0,0,4,1,6,6,1,52,8,1598,2,9,VOLKSWAGEN TOURAN,-1,-1,0,-1
2024440275696,2024,440275696,1,9,0,9,9,5,3,0,0,6,0,0,0,0,1,1,6,6,1,54,8,1498,1,6,VOLKSWAGEN TOURAN,7,E01022627,0,1
2024471401364,2024,471401364,4,9,0,-1,2,0,0,-1,0,0,0,0,0,0,1,1,-1,6,-1,-1,-1,1896,2,14,VOLKSWAGEN TOURAN,-1,-1,0,-1
2024041516728,2024,041516728,2,9,0,-1,19,3,7,-1,0,1,0,0,0,0,1,1,-1,2,1,43,7,1598,2,13,VOLKSWAGEN TOURAN,1,E01025042,0,1
2024302500194,2024,302500194,2,9,0,-1,19,3,7,-1,0,8,0,0,0,0,1,1,-1,2,1,48,8,1598,2,13,VOLKSWAGEN TOURAN,9,E01033534,0,2
2024010505009,2024,010505009,2,9,0,99,99,9,9,99,99,9,9,99,9,99,9,9,6,6,3,-1,-1,1498,1,4,VOLKSWAGEN TOURAN,-1,-1,0,-1
2024522402088,2024,522402088,1,9,0,18,19,7,3,0,0,8,0,0,0,0,1,1,6,6,2,32,6,1968,2,4,VOLKSWAGEN TOURAN,2,E01014659,0,1
2024430466823,2024,430466823,2,9,0,3,3,6,2,0,0,0,0,0,0,0,2,1,6,6,1,51,8,1968,2,7,VOLKSWAGEN TOURAN,8,E01031861,0,4
2024351481410,2024,351481410,2,9,0,-1,5,7,3,-1,0,0,0,0,0,0,3,1,-1,1,1,-1,-1,1598,2,6,VOLKSWAGEN TOURAN,5,E01017999,0,1
2024622400773,2024,622400773,1,9,0,16,19,6,2,0,0,1,0,0,0,0,1,1,6,6,1,24,5,1598,2,12,VOLKSWAGEN TOURAN,1,W01001880,0,1
2024221427343,2024,221427343,1,9,0,-1,19,7,3,-1,0,0,5,0,0,0,3,1,-1,9,2,43,7,1968,2,7,VOLKSWAGEN TOURAN,5,E01014070,0,1
2024141467589,2024,141467589,2,9,0,-1,19,2,6,-1,0,1,0,0,0,0,1,1,-1,9,2,41,7,1968,2,6,VOLKSWAGEN TOURAN,10,E01007932,0,1
2024543515524,2024,543515524,4,9,0,4,4,3,7,0,0,0,0,0,0,0,2,1,6,6,1,41,7,1498,1,1,VOLKSWAGEN TOURAN,10,W01001133,0,4
2024061469492,2024,061469492,1,9,0,-1,19,1,5,-1,0,8,0,0,0,0,1,1,-1,6,1,61,9,1598,2,6,VOLKSWAGEN TOURAN,-1,-1,0,-1
2024991519616,2024,991519616,1,9,0,-1,19,8,4,-1,0,0,1,0,0,0,1,1,-1,6,1,51,8,1598,2,10,VOLKSWAGEN TOURAN,1,-1,0,2
2024201491840,2024,201491840,4,9,0,-1,6,1,2,-1,0,0,0,0,2,0,1,1,-1,6,1,40,7,1968,2,18,VOLKSWAGEN TOURAN,-1,-1,0,-1
2024401522091,2024,401522091,2,8,0,-1,3,3,7,-1,0,8,0,0,0,0,3,9,-1,1,1,47,8,1598,2,12,VOLKSWAGEN TOURAN,7,E01015745,0,1
2024211424683,2024,211424683,2,9,0,-1,19,6,2,-1,0,0,0,0,0,0,2,1,-1,2,1,49,8,1968,2,5,VOLKSWAGEN TOURAN,10,E01013467,0,4
2024430094556,2024,430094556,1,9,0,18,19,6,2,0,0,0,0,0,0,0,1,1,6,6,2,39,7,1968,2,6,VOLKSWAGEN TOURAN,-1,-1,0,-1
2024340WN3932,2024,340WN3932,1,9,0,-1,19,4,8,-1,0,8,0,0,0,0,4,1,-1,9,2,51,8,1598,2,7,VOLKSWAGEN TOURAN,9,E01033953,0,3
2024991506102,2024,991506102,1,9,0,-1,19,8,4,-1,0,8,0,0,0,0,4,1,-1,9,1,40,7,1598,2,9,VOLKSWAGEN TOURAN,1,-1,0,1
2024141444801,2024,141444801,1,9,0,-1,5,5,1,-1,0,0,0,0,0,0,1,1,-1,9,1,41,7,1896,2,15,VOLKSWAGEN TOURAN,3,E01007473,0,2
2024311449157,2024,311449157,2,9,0,-1,19,1,5,-1,0,8,0,0,0,0,1,1,-1,9,1,31,6,1896,2,17,VOLKSWAGEN TOURAN,-1,-1,0,-1
2024141483665,2024,141483665,1,9,0,-1,4,5,1,-1,0,8,0,0,0,0,0,1,-1,1,1,39,7,1598,2,11,VOLKSWAGEN TOURAN,2,E01033675,0,4
2024471427765,2024,471427765,1,9,0,-1,19,1,5,-1,0,0,0,0,1,0,1,1,-1,9,2,31,6,1968,2,18,VOLKSWAGEN TOURAN,2,E01021049,0,1
2024041494967,2024,041494967,1,9,0,-1,9,2,6,-1,0,5,0,0,0,0,1,1,-1,9,2,58,9,1968,2,16,VOLKSWAGEN TOURAN,1,E01025298,0,1
2024501516587,2024,501516587,1,9,0,-1,5,2,4,-1,0,6,0,0,0,0,4,1,-1,9,1,64,9,1598,2,11,VOLKSWAGEN TOURAN,7,E01020245,0,2
2024361529349,2024,361529349,1,9,0,-1,8,5,8,-1,0,1,0,0,0,0,1,1,-1,9,2,68,10,1395,1,7,VOLKSWAGEN TOURAN,5,E01026790,0,1
2024522402700,2024,522402700,1,9,0,18,19,2,6,0,0,8,0,0,0,0,1,1,6,6,1,26,6,1896,2,18,VOLKSWAGEN TOURAN,5,E01014518,0,1
2024010510720,2024,010510720,2,9,0,99,99,9,9,99,99,9,9,99,9,99,1,9,6,6,2,38,7,1968,2,7,VOLKSWAGEN TOURAN,3,E01000062,0,1
202417L309924,2024,17L309924,1,9,0,-1,10,3,1,-1,0,1,0,0,0,0,2,1,-1,9,1,43,7,1598,2,6,VOLKSWAGEN TOURAN,6,E01012055,0,3
2024201431147,2024,201431147,2,9,0,-1,19,7,3,-1,0,3,0,0,0,0,1,1,-1,6,1,36,7,1598,2,7,VOLKSWAGEN TOURAN,5,E01009261,0,1
2024471416975,2024,471416975,1,9,0,-1,19,7,3,-1,0,8,0,0,0,0,1,1,-1,9,1,49,8,1968,2,12,VOLKSWAGEN TOURAN,1,E01016885,0,1
2024430277939,2024,430277939,2,9,0,18,19,1,5,0,0,6,0,0,0,0,1,1,6,6,2,33,6,1598,2,11,VOLKSWAGEN TOURAN,6,E01016478,0,1
2024131511939,2024,131511939,1,9,0,-1,19,4,8,-1,0,1,0,0,0,0,1,1,-1,6,3,-1,-1,1968,2,14,VOLKSWAGEN TOURAN,-1,-1,0,-1
2024061427687,2024,061427687,3,9,0,-1,3,4,4,-1,0,1,1,0,0,0,3,1,-1,6,1,43,7,1896,2,19,VOLKSWAGEN TOURAN,4,E01005439,0,1
2024501517087,2024,501517087,1,9,0,-1,19,7,3,-1,0,0,2,10,7,11,1,1,-1,6,1,35,6,1968,2,10,VOLKSWAGEN TOURAN,4,E01018919,0,1
2024430594300,2024,430594300,1,9,0,9,9,2,8,0,0,6,0,0,0,0,3,1,2,2,1,59,9,1598,2,13,VOLKSWAGEN TOURAN,5,E01017844,0,1
2024440344545,2024,440344545,2,9,0,9,9,1,7,0,0,6,0,0,0,0,1,1,6,6,1,54,8,1598,2,8,VOLKSWAGEN TOURAN,1,E01001013,0,5
2024141535346,2024,141535346,3,9,0,-1,4,1,5,-1,0,0,0,0,0,0,1,1,-1,9,1,43,7,1380,1,11,VOLKSWAGEN TOURAN,3,E01010629,0,4
2024501446382,2024,501446382,1,9,0,-1,5,8,2,-1,0,0,0,0,0,0,1,1,-1,1,1,67,10,1598,2,9,VOLKSWAGEN TOURAN,8,E01020075,0,3
2024552400575,2024,552400575,1,9,0,18,19,6,2,0,0,1,0,0,0,0,1,1,6,6,2,37,7,1598,2,10,VOLKSWAGEN TOURAN,6,E01020398,0,3
2024361519471,2024,361519471,1,9,0,-1,19,7,3,-1,0,1,0,0,0,0,1,1,-1,6,1,73,10,1968,2,13,VOLKSWAGEN TOURAN,4,E01030231,0,4
2024131422938,2024,131422938,2,9,0,-1,19,7,3,-1,0,0,0,0,0,0,3,1,-1,9,2,40,7,1896,2,16,VOLKSWAGEN TOURAN,1,E01011423,0,1
2024501428775,2024,501428775,1,9,0,-1,19,5,1,-1,0,6,0,0,0,0,1,1,-1,6,1,52,8,1896,2,20,VOLKSWAGEN TOURAN,5,E01018921,0,2
2024451414038,2024,451414038,8,9,0,-1,4,1,5,-1,0,0,0,0,0,0,2,1,-1,6,-1,40,7,1598,2,7,VOLKSWAGEN TOURAN,-1,-1,0,-1
2024010511081,2024,010511081,1,9,0,1,1,7,3,0,0,8,0,0,0,0,2,1,6,6,3,-1,-1,1896,2,20,VOLKSWAGEN TOURAN,-1,-1,0,-1
2024201476647,2024,201476647,3,9,0,-1,2,0,0,-1,0,0,1,0,7,0,4,1,-1,6,-1,-1,-1,1595,1,14,VOLKSWAGEN TOURAN,-1,-1,0,-1
2024411469216,2024,411469216,1,9,0,-1,19,2,6,-1,0,1,0,0,0,0,1,1,-1,6,2,44,7,1968,2,6,VOLKSWAGEN TOURAN,6,E01023494,0,1
2024552400950,2024,552400950,2,9,0,9,9,2,1,0,0,8,0,0,0,0,1,1,6,6,1,75,10,1598,2,11,VOLKSWAGEN TOURAN,8,E01015332,0,1
202417M114024,2024,17M114024,2,9,0,-1,19,6,2,-1,0,8,0,0,0,0,1,1,-1,2,1,38,7,1598,2,9,VOLKSWAGEN TOURAN,-1,-1,0,-1
2024340NN0892,2024,340NN0892,2,9,0,-1,10,2,6,-1,0,1,0,0,0,0,2,1,-1,9,2,31,6,1968,2,19,VOLKSWAGEN TOURAN,4,E01026956,0,3
2024522401139,2024,522401139,2,9,0,4,4,6,2,0,0,0,0,0,0,0,1,1,6,6,1,64,9,1968,2,15,VOLKSWAGEN TOURAN,1,E01014605,0,1
2024010530172,2024,010530172,2,9,0,18,19,3,7,0,0,0,0,0,1,4,1,1,6,6,2,35,6,1498,1,3,VOLKSWAGEN TOURAN,-1,-1,0,-1
2024991411340,2024,991411340,1,9,0,-1,5,1,3,-1,0,1,0,0,0,0,3,1,-1,1,2,36,7,1598,2,13,VOLKSWAGEN TOURAN,-1,-1,0,-1
2024201521078,2024,201521078,2,9,0,-1,3,5,1,-1,0,1,0,0,0,0,2,1,-1,9,2,45,7,1896,2,15,VOLKSWAGEN TOURAN,3,E01010099,0,1
2024231489944,2024,231489944,2,8,0,-1,19,4,8,-1,0,0,0,0,0,0,1,9,-1,1,1,34,6,1598,2,9,VOLKSWAGEN TOURAN,6,E01009525,0,2
2024371509769,2024,371509769,1,9,0,-1,19,7,3,-1,0,4,0,0,0,0,1,1,-1,9,2,66,10,1968,2,16,VOLKSWAGEN TOURAN,6,E01030260,0,2
2024461515877,2024,461515877,1,9,0,-1,19,2,6,-1,0,0,0,0,1,0,1,1,-1,9,2,50,8,1598,2,12,VOLKSWAGEN TOURAN,9,E01023983,0,2
2024430055289,2024,430055289,2,9,0,18,19,8,6,0,0,8,0,0,0,0,1,1,6,6,1,63,9,1598,2,11,VOLKSWAGEN TOURAN,7,E01016285,0,1
2024221536804,2024,221536804,2,9,0,-1,2,0,0,-1,0,0,0,4,0,0,2,9,-1,6,2,32,6,1968,2,16,VOLKSWAGEN TOURAN,1,E01009511,0,4
2024451407805,2024,451407805,1,9,0,-1,10,3,7,-1,0,1,0,0,0,0,2,1,-1,7,2,35,6,1598,2,14,VOLKSWAGEN TOURAN,3,E01030711,0,1
2024201500423,2024,201500423,1,9,0,-1,19,4,8,-1,0,8,0,0,0,0,1,1,-1,6,1,22,5,1968,2,16,VOLKSWAGEN TOURAN,-1,-1,0,-1
2024122400995,2024,122400995,1,9,0,18,19,5,1,0,0,1,0,0,0,0,4,1,6,6,2,36,7,1598,2,6,VOLKSWAGEN TOURAN,8,E01027556,0,1
2024070659746,2024,070659746,1,9,0,6,6,6,2,0,0,0,0,0,0,0,2,1,6,6,1,43,7,1598,2,10,VOLKSWAGEN TOURAN,2,E01025060,0,4
2024501490675,2024,501490675,1,9,0,-1,4,3,7,-1,0,0,0,7,0,0,4,1,-1,9,2,33,6,1598,2,9,VOLKSWAGEN TOURAN,6,E01020220,0,2
2024141500056,2024,141500056,1,9,0,-1,19,4,6,-1,0,8,0,0,0,0,4,1,-1,1,1,34,6,1968,2,6,VOLKSWAGEN TOURAN,1,E01007716,0,3
2024421515904,2024,421515904,2,9,0,-1,4,8,4,-1,0,0,0,0,0,0,2,1,-1,9,1,30,6,1896,2,14,VOLKSWAGEN TOURAN,6,E01021419,0,2
2024101449807,2024,101449807,2,9,0,-1,19,1,3,-1,0,8,0,0,0,0,4,1,-1,9,2,40,7,1968,2,10,VOLKSWAGEN TOURAN,3,E01008288,0,1
2024451469884,2024,451469884,2,9,0,-1,9,3,1,-1,0,1,0,0,0,0,3,1,-1,6,2,40,7,1598,2,12,VOLKSWAGEN TOURAN,-1,-1,0,-1
2024141431061,2024,141431061,1,9,0,-1,19,8,5,-1,0,0,5,2,0,0,1,1,-1,9,2,40,7,1598,2,11,VOLKSWAGEN TOURAN,1,E01011255,0,4
2024430592170,2024,430592170,1,9,0,14,14,8,4,0,0,1,0,0,0,0,1,1,6,6,2,54,8,1896,2,15,VOLKSWAGEN TOURAN,6,E01016231,0,1
2024041510109,2024,041510109,1,9,0,-1,19,7,4,-1,0,8,0,0,0,0,1,1,-1,9,1,46,8,1896,2,16,VOLKSWAGEN TOURAN,1,E01024895,0,1
2024430194626,2024,430194626,1,9,0,9,9,3,1,0,0,1,0,4,0,0,1,1,6,6,1,62,9,1896,2,15,VOLKSWAGEN TOURAN,-1,-1,0,-1
2024430260951,2024,430260951,2,9,0,18,19,6,2,0,0,8,0,0,0,0,1,1,1,1,1,41,7,1598,1,18,VOLKSWAGEN TOURAN,5,E01016398,0,2
2024430114387,2024,430114387,1,9,0,18,19,4,8,0,0,0,2,0,7,1,1,1,6,6,1,55,8,1896,2,18,VOLKSWAGEN TOURAN,7,E01016321,0,1
2024221511261,2024,221511261,2,9,0,-1,9,4,2,-1,0,5,0,0,0,0,4,9,-1,6,1,55,8,1598,2,9,VOLKSWAGEN TOURAN,1,E01014142,0,1
2024622400186,2024,622400186,2,9,0,17,19,7,4,0,0,0,0,0,0,0,1,1,6,6,1,41,7,1598,2,9,VOLKSWAGEN TOURAN,10,W01001819,0,1
2024311435429,2024,311435429,1,8,0,-1,5,6,2,-1,0,0,0,7,0,0,1,1,-1,1,1,40,7,1598,2,11,VOLKSWAGEN TOURAN,4,E01035501,0,1
2024201519592,2024,201519592,2,9,0,-1,19,5,3,-1,0,8,0,0,0,0,4,9,-1,9,1,38,7,1598,2,6,VOLKSWAGEN TOURAN,-1,-1,0,-1
2024461434004,2024,461434004,1,9,0,-1,19,6,2,-1,0,0,0,0,0,0,1,1,-1,9,2,52,8,1968,2,9,VOLKSWAGEN TOURAN,6,E01024806,0,4
2024201473341,2024,201473341,2,9,0,-1,3,8,4,-1,0,0,0,0,0,0,1,1,-1,9,2,41,7,1598,2,13,VOLKSWAGEN TOURAN,6,E01014960,0,5
2024131493065,2024,131493065,1,9,0,-1,19,7,3,-1,0,0,0,0,0,0,1,1,-1,6,2,30,6,1598,2,12,VOLKSWAGEN TOURAN,1,E01010655,0,1
2024221535451,2024,221535451,2,9,0,-1,10,1,6,-1,0,8,0,0,0,0,2,1,-1,9,2,38,7,1968,2,16,VOLKSWAGEN TOURAN,2,W01001546,0,4
2024201440156,2024,201440156,1,9,0,-1,4,2,6,-1,0,3,0,0,0,0,1,9,-1,6,1,30,6,1896,2,20,VOLKSWAGEN TOURAN,-1,-1,0,-1
2024430596350,2024,430596350,1,9,0,9,9,2,8,9,9,5,0,0,0,0,1,1,6,6,1,51,8,1896,2,20,VOLKSWAGEN TOURAN,4,E01028471,0,1
2024061398533,2024,061398533,2,9,0,-1,19,5,1,-1,0,2,0,0,0,0,1,1,-1,9,1,39,7,1598,2,11,VOLKSWAGEN TOURAN,1,E01004877,0,1
2024201461911,2024,201461911,2,9,0,-1,3,2,6,-1,0,1,0,0,0,0,2,1,-1,6,1,47,8,1598,2,6,VOLKSWAGEN TOURAN,-1,-1,0,-1
2024131455475,2024,131455475,2,9,0,-1,19,1,5,-1,0,0,0,0,0,0,1,1,-1,6,2,40,7,1968,2,5,VOLKSWAGEN TOURAN,8,E01007355,0,2
2024421496227,2024,421496227,1,9,0,-1,19,5,1,-1,0,1,0,0,0,0,1,1,-1,6,1,-1,-1,1968,2,20,VOLKSWAGEN TOURAN,-1,-1,0,-1
2024231418300,2024,231418300,1,9,0,-1,19,7,4,-1,0,1,0,0,0,0,1,1,-1,6,2,37,7,1968,2,17,VOLKSWAGEN TOURAN,7,E01031213,0,2
2024010530620,2024,010530620,2,9,0,99,99,9,9,99,99,0,9,99,9,99,9,9,6,6,3,-1,-1,1968,2,8,VOLKSWAGEN TOURAN,9,E01000350,0,2
2024520001386,2024,520001386,1,9,0,12,12,5,1,0,0,0,0,0,0,0,1,1,6,6,2,29,6,1896,2,18,VOLKSWAGEN TOURAN,9,E01029024,0,1
2024430627263,2024,430627263,1,9,0,9,9,4,2,0,0,6,0,0,0,0,1,1,4,7,2,61,9,1498,1,2,VOLKSWAGEN TOURAN,10,E01016657,0,2
2024522402422,2024,522402422,1,9,0,18,19,8,5,0,0,0,0,0,0,0,9,1,6,6,2,36,7,1968,2,15,VOLKSWAGEN TOURAN,3,E01014590,0,4
2024471492191,2024,471492191,1,9,0,-1,9,6,3,-1,0,8,0,0,0,0,1,1,-1,9,1,73,10,1498,1,4,VOLKSWAGEN TOURAN,8,E01024744,0,4
2024440362665,2024,440362665,1,9,0,18,19,8,4,0,0,0,1,0,0,0,1,1,6,6,1,42,7,1896,2,15,VOLKSWAGEN TOURAN,4,E01023261,0,1
2024501409335,2024,501409335,1,9,0,-1,19,5,1,-1,-1,8,0,0,-1,0,1,9,-1,6,2,34,6,1598,2,13,VOLKSWAGEN TOURAN,3,E01020155,0,3
2024340NN4142,2024,340NN4142,1,9,0,-1,9,5,3,-1,0,6,0,0,0,0,1,1,-1,6,3,-1,-1,1896,2,19,VOLKSWAGEN TOURAN,-1,-1,0,-1
2024451486930,2024,451486930,2,9,0,-1,4,8,4,-1,0,1,0,0,0,0,2,1,-1,9,2,47,8,1598,2,7,VOLKSWAGEN TOURAN,7,E01016613,0,4
2024061420417,2024,061420417,1,9,0,-1,9,7,3,-1,0,5,0,0,0,0,3,1,-1,6,1,31,6,1896,2,19,VOLKSWAGEN TOURAN,1,E01012670,0,4
2024610042124,2024,610042124,3,9,0,2,2,0,0,0,0,0,0,0,0,0,1,1,6,6,3,-1,-1,1598,2,11,VOLKSWAGEN TOURAN,-1,-1,0,-1
2024010493992,2024,010493992,2,9,0,18,19,5,1,0,0,0,0,0,0,0,1,1,6,6,1,36,7,1598,2,6,VOLKSWAGEN TOURAN,6,E01002358,0,1
2024501427724,2024,501427724,1,9,0,-1,19,4,8,-1,0,0,1,0,0,0,1,9,-1,6,2,45,7,1968,2,11,VOLKSWAGEN TOURAN,1,E01015144,0,3