collision_index,collision_year,collision_ref_no,vehicle_reference,vehicle_type,towing_and_articulation,vehicle_manoeuvre_historic,vehicle_manoeuvre,vehicle_direction_from,vehicle_direction_to,vehicle_location_restricted_lane_historic,vehicle_location_restricted_lane,junction_location,skidding_and_overturning,hit_object_in_carriageway,vehicle_leaving_carriageway,hit_object_off_carriageway,first_point_of_impact,vehicle_left_hand_drive,journey_purpose_of_driver_historic,journey_purpose_of_driver,sex_of_driver,age_of_driver,age_band_of_driver,engine_capacity_cc,propulsion_code,age_of_vehicle,generic_make_model,driver_imd_decile,lsoa_of_driver,escooter_flag,driver_distance_banding
2024201501176,2024,201501176,2,9,0,-1,19,7,3,-1,0,4,0,0,0,0,1,1,-1,6,3,25,5,1896,2,17,VOLKSWAGEN TOURAN,-1,-1,0,-1
2024010545999,2024,010545999,1,9,0,99,99,9,9,99,99,9,9,99,9,99,1,9,6,6,1,39,7,1390,1,14,VOLKSWAGEN TOURAN,6,E01035178,0,4
2024052500002,2024,052500002,4,9,0,18,19,2,6,0,0,1,0,0,0,0,2,1,6,6,1,25,5,1896,2,17,VOLKSWAGEN TOURAN,1,E01006692,0,1
2024501421311,2024,501421311,1,9,0,-1,4,1,4,-1,0,0,0,0,0,0,2,1,-1,9,1,34,6,1896,2,14,VOLKSWAGEN TOURAN,7,E01018827,0,1
2024101408546,2024,101408546,1,9,0,-1,19,5,1,-1,0,0,0,0,0,0,1,1,-1,6,1,44,7,1598,2,12,VOLKSWAGEN TOURAN,1,E01012267,0,4
2024302401400,2024,302401400,2,9,0,3,3,1,5,0,0,0,0,0,0,0,2,1,2,2,2,46,8,1498,1,2,VOLKSWAGEN TOURAN,7,E01019429,0,1
2024411411562,2024,411411562,2,9,0,-1,9,1,3,-1,0,1,0,0,0,0,3,1,-1,6,1,39,7,1598,2,8,VOLKSWAGEN TOURAN,4,E01023924,0,3
2024461477366,2024,461477366,1,9,0,-1,19,5,3,-1,9,1,0,0,0,0,1,9,-1,6,1,63,9,1598,1,18,VOLKSWAGEN TOURAN,8,E01024511,0,1
2024430148761,2024,430148761,2,9,0,4,4,3,7,0,0,1,0,0,0,0,2,1,6,6,1,53,8,1896,2,18,VOLKSWAGEN TOURAN,10,E01016284,0,1
2024201430236,2024,201430236,1,9,0,-1,9,8,5,-1,0,8,0,0,0,0,1,1,-1,9,2,34,6,1968,2,6,VOLKSWAGEN TOURAN,8,E01010225,0,2
2024070874774,2024,070874774,1,9,0,-1,19,5,1,-1,-1,3,1,0,0,0,1,1,-1,6,3,-1,-1,1968,2,11,VOLKSWAGEN TOURAN,1,E01034335,0,4
2024520401808,2024,520401808,3,9,0,3,3,3,7,0,0,1,0,0,0,0,1,1,6,6,2,51,8,1968,2,7,VOLKSWAGEN TOURAN,9,E01029258,0,2
2024401507564,2024,401507564,2,9,0,-1,7,5,8,-1,0,4,0,0,0,0,2,1,-1,6,1,39,7,1968,2,15,VOLKSWAGEN TOURAN,7,E01015694,0,1
2024041484750,2024,041484750,2,9,0,-1,9,1,3,-1,0,1,0,0,0,0,3,1,-1,9,2,45,7,1968,2,10,VOLKSWAGEN TOURAN,6,E01025384,0,1
2024201411556,2024,201411556,2,9,0,-1,5,5,1,-1,0,0,0,0,0,0,2,1,-1,1,1,43,7,1896,2,18,VOLKSWAGEN TOURAN,1,E01008962,0,1
2024520403070,2024,520403070,2,9,0,18,19,1,4,0,0,8,0,0,0,0,1,1,6,6,1,54,8,1968,2,15,VOLKSWAGEN TOURAN,2,E01029131,0,1
2024501519597,2024,501519597,2,9,0,-1,19,6,2,-1,0,2,0,0,1,0,1,1,-1,9,1,45,7,1598,2,13,VOLKSWAGEN TOURAN,7,E01020338,0,1
2024501396283,2024,501396283,2,9,0,-1,19,4,8,-1,0,0,0,0,0,0,4,1,-1,9,2,48,8,1598,2,6,VOLKSWAGEN TOURAN,4,E01020301,0,1
2024430207531,2024,430207531,1,9,0,18,19,3,7,0,0,4,0,0,0,0,3,1,6,6,1,27,6,1896,2,18,VOLKSWAGEN TOURAN,7,E01033853,0,1
2024052400855,2024,052400855,2,9,0,18,19,7,3,0,0,1,0,0,0,0,1,1,2,2,1,50,8,1968,2,17,VOLKSWAGEN TOURAN,6,E01007287,0,4
2024201463852,2024,201463852,2,8,0,-1,19,2,4,-1,0,0,0,0,0,0,1,1,-1,6,1,43,7,1968,2,11,VOLKSWAGEN TOURAN,-1,-1,0,-1
2024141521666,2024,141521666,2,9,0,-1,-1,-1,-1,-1,0,1,0,0,0,0,1,9,-1,6,1,-1,-1,1896,2,16,VOLKSWAGEN TOURAN,-1,-1,0,-1
2024430341068,2024,430341068,2,9,0,18,19,6,2,0,0,8,0,0,0,0,1,1,6,6,1,47,8,1595,1,17,VOLKSWAGEN TOURAN,4,E01016517,0,1
2024320765182,2024,320765182,1,9,0,9,9,4,2,0,0,6,0,0,0,0,1,1,6,6,1,50,8,1595,1,17,VOLKSWAGEN TOURAN,-1,-1,0,-1
2024320344490,2024,320344490,2,9,0,3,3,1,5,0,0,1,0,0,0,0,1,1,6,6,2,29,6,1968,2,11,VOLKSWAGEN TOURAN,4,E01026253,0,3
202454B351024,2024,54B351024,2,9,0,18,19,3,7,0,0,3,0,0,0,0,2,1,3,7,1,44,7,1598,2,9,VOLKSWAGEN TOURAN,8,E01032043,0,1
2024501506258,2024,501506258,3,9,0,-1,2,0,0,-1,9,0,0,0,0,0,1,1,-1,6,-1,-1,-1,1896,2,17,VOLKSWAGEN TOURAN,-1,-1,0,-1
2024061428121,2024,061428121,2,9,0,-1,19,3,7,-1,0,8,0,0,0,0,4,1,-1,6,1,27,6,1598,2,12,VOLKSWAGEN TOURAN,-1,-1,0,-1
2024221517822,2024,221517822,2,9,0,-1,3,3,7,-1,0,0,0,0,0,0,2,9,-1,9,2,38,7,1598,2,9,VOLKSWAGEN TOURAN,7,E01014013,0,1
2024991485209,2024,991485209,2,8,0,-1,19,3,7,-1,0,1,0,0,0,0,4,1,-1,1,1,45,7,1598,2,7,VOLKSWAGEN TOURAN,10,-1,0,4
2024052401476,2024,052401476,3,9,0,7,7,4,8,0,0,1,0,0,0,0,1,1,1,1,1,41,7,1598,2,11,VOLKSWAGEN TOURAN,1,E01007086,0,2
2024010518532,2024,010518532,1,9,0,99,99,9,9,99,99,9,9,99,9,99,2,9,2,2,1,30,6,999,1,5,VOLKSWAGEN TOURAN,2,E01002804,0,1
2024211505553,2024,211505553,2,9,0,-1,19,3,7,-1,0,1,0,0,0,0,3,1,-1,6,2,34,6,1598,2,6,VOLKSWAGEN TOURAN,1,E01014237,0,1
2024122401200,2024,122401200,2,9,0,4,4,7,3,0,0,1,0,0,0,0,1,1,6,6,1,56,9,1896,2,17,VOLKSWAGEN TOURAN,5,E01027868,0,1
2024161395673,2024,161395673,1,9,0,-1,19,6,2,-1,0,0,0,0,7,9,1,1,-1,9,1,70,10,1968,2,16,VOLKSWAGEN TOURAN,10,E01012972,0,2
2024010549045,2024,010549045,2,9,0,99,99,9,9,99,99,9,9,99,9,99,9,9,6,6,3,-1,-1,1598,2,6,VOLKSWAGEN TOURAN,-1,-1,0,-1
2024320358715,2024,320358715,1,9,0,-1,-1,4,8,0,0,6,5,0,0,0,4,1,-1,-1,1,27,6,1598,2,12,VOLKSWAGEN TOURAN,5,E01026232,0,4
2024010500427,2024,010500427,2,9,0,18,19,5,1,0,0,1,0,0,0,0,1,1,1,1,1,48,8,1598,2,6,VOLKSWAGEN TOURAN,3,E01001480,0,3
2024131434033,2024,131434033,1,9,0,-1,19,1,5,-1,0,8,0,0,0,0,1,1,-1,6,2,38,7,1968,2,15,VOLKSWAGEN TOURAN,1,E01010826,0,1
2024201445801,2024,201445801,1,9,0,-1,7,7,1,-1,0,6,0,10,0,0,4,1,-1,1,1,43,7,1598,2,6,VOLKSWAGEN TOURAN,-1,-1,0,-1
2024010523791,2024,010523791,2,9,0,99,99,9,9,99,99,9,9,99,9,99,9,9,6,6,3,-1,-1,1598,2,7,VOLKSWAGEN TOURAN,-1,-1,0,-1
2024141402031,2024,141402031,1,9,0,-1,7,5,7,-1,0,0,0,0,1,0,1,1,-1,6,1,51,8,1896,2,14,VOLKSWAGEN TOURAN,2,E01008112,0,4
2024302401111,2024,302401111,2,9,0,2,2,0,0,0,0,0,0,0,0,0,3,1,6,6,3,-1,-1,1598,2,11,VOLKSWAGEN TOURAN,-1,-1,0,-1
2024371393813,2024,371393813,2,9,0,-1,19,7,3,-1,0,0,0,0,0,0,2,1,-1,1,2,40,7,1896,2,16,VOLKSWAGEN TOURAN,10,E01030172,0,1
2024351468697,2024,351468697,1,8,0,-1,6,1,5,-1,0,0,0,0,0,0,3,1,-1,1,1,54,8,1598,2,6,VOLKSWAGEN TOURAN,3,E01017952,0,3
2024471460146,2024,471460146,2,9,0,-1,19,7,3,-1,0,8,0,0,0,0,3,1,-1,9,1,38,7,1598,2,10,VOLKSWAGEN TOURAN,1,E01020982,0,1
2024211534267,2024,211534267,1,8,0,-1,19,1,5,-1,0,0,0,7,0,0,1,1,-1,1,1,46,8,1968,2,7,VOLKSWAGEN TOURAN,8,E01029590,0,2
2024461452496,2024,461452496,2,9,0,-1,4,7,3,-1,0,2,0,0,0,0,2,1,-1,9,2,46,8,1598,2,10,VOLKSWAGEN TOURAN,6,E01024716,0,1
2024041485389,2024,041485389,1,9,0,-1,19,3,7,-1,0,0,0,0,0,0,1,1,-1,2,1,39,7,1968,2,17,VOLKSWAGEN TOURAN,2,E01012608,0,1
2024430486673,2024,430486673,1,9,0,18,19,9,9,0,0,0,0,0,0,11,1,1,6,6,1,32,6,1896,2,14,VOLKSWAGEN TOURAN,-1,-1,0,-1
2024501454899,2024,501454899,1,9,0,-1,19,3,7,-1,0,0,0,2,0,0,1,1,-1,9,1,23,5,1896,2,19,VOLKSWAGEN TOURAN,5,E01018842,0,4
2024052402068,2024,052402068,2,9,0,4,4,2,6,0,0,1,0,0,0,0,2,1,6,6,2,49,8,1598,2,10,VOLKSWAGEN TOURAN,3,E01007050,0,1
2024421509161,2024,421509161,2,9,0,-1,4,7,3,-1,0,0,0,0,0,0,2,1,-1,9,1,37,7,1498,1,0,VOLKSWAGEN TOURAN,2,E01021699,0,3
2024522500014,2024,522500014,2,9,0,18,19,4,8,0,0,0,0,0,0,0,1,1,6,6,1,-1,-1,1595,1,17,VOLKSWAGEN TOURAN,-1,-1,0,-1
2024131416380,2024,131416380,3,9,0,-1,2,0,0,-1,0,1,0,0,0,0,2,1,-1,6,-1,-1,-1,1598,2,12,VOLKSWAGEN TOURAN,-1,-1,0,-1
202460Q096645,2024,60Q096645,2,9,0,18,19,3,7,0,0,1,0,0,0,0,3,1,6,6,2,38,7,1598,2,9,VOLKSWAGEN TOURAN,-1,-1,0,-1
2024361437736,2024,361437736,1,9,0,-1,4,7,3,-1,0,1,0,0,0,0,1,1,-1,7,1,37,7,1598,2,13,VOLKSWAGEN TOURAN,8,E01026578,0,1
2024221428033,2024,221428033,1,9,0,-1,19,7,3,-1,0,0,0,0,0,0,1,9,-1,6,3,23,5,1896,2,17,VOLKSWAGEN TOURAN,-1,-1,0,-1
2024401416713,2024,401416713,1,9,0,-1,19,2,7,-1,0,1,0,0,0,0,1,9,-1,7,2,47,8,1197,1,8,VOLKSWAGEN TOURAN,8,E01015747,0,1
2024141478076,2024,141478076,1,9,0,-1,19,1,5,-1,0,0,2,0,1,11,4,1,-1,2,1,40,7,1896,2,14,VOLKSWAGEN TOURAN,2,E01007635,0,1
2024131464566,2024,131464566,1,9,0,-1,19,5,1,-1,0,1,0,0,0,0,4,1,-1,9,1,49,8,1968,2,17,VOLKSWAGEN TOURAN,1,E01010831,0,1
2024311402521,2024,311402521,1,9,0,-1,4,3,7,-1,0,2,0,0,0,0,1,1,-1,7,1,39,7,1598,2,13,VOLKSWAGEN TOURAN,2,E01013814,0,1
2024010498459,2024,010498459,3,9,0,2,2,0,0,0,0,0,0,0,0,0,3,1,6,6,3,-1,-1,1968,2,7,VOLKSWAGEN TOURAN,-1,-1,0,-1
2024131424023,2024,131424023,2,9,0,-1,9,5,3,-1,0,6,0,0,0,0,4,1,-1,6,1,45,7,1598,2,11,VOLKSWAGEN TOURAN,1,E01010667,0,1
2024010505278,2024,010505278,2,9,0,3,3,7,3,0,0,0,0,0,0,0,1,1,6,6,3,-1,-1,1598,1,18,VOLKSWAGEN TOURAN,3,E01016505,0,2
2024201399487,2024,201399487,1,9,0,-1,6,1,5,-1,0,0,0,0,0,0,1,9,-1,6,3,20,4,1896,2,15,VOLKSWAGEN TOURAN,-1,-1,0,-1
2024231409637,2024,231409637,2,9,0,-1,19,8,4,-1,0,0,0,0,0,0,1,1,-1,6,1,51,8,1598,2,13,VOLKSWAGEN TOURAN,9,E01031329,0,1
2024221455794,2024,221455794,1,9,0,-1,9,4,3,-1,0,6,0,0,0,0,3,1,-1,6,1,23,5,1968,2,15,VOLKSWAGEN TOURAN,8,W01000404,0,1
2024311526670,2024,311526670,1,9,0,-1,19,3,7,-1,0,1,0,0,0,0,1,1,-1,2,1,52,8,1598,2,12,VOLKSWAGEN TOURAN,-1,-1,0,-1
2024131421095,2024,131421095,1,9,0,-1,19,5,1,-1,0,0,0,0,0,0,1,1,-1,6,1,41,7,1968,2,13,VOLKSWAGEN TOURAN,1,E01011472,0,1
2024010536114,2024,010536114,1,9,0,18,19,7,3,0,0,8,0,0,0,0,1,1,6,6,1,52,8,1968,2,7,VOLKSWAGEN TOURAN,3,E01002243,0,1
2024302400684,2024,302400684,2,9,0,5,5,8,4,0,0,8,0,0,0,0,1,1,6,6,1,57,9,1968,2,12,VOLKSWAGEN TOURAN,8,E01007858,0,3
2024010550001,2024,010550001,1,9,0,7,7,6,1,0,0,2,0,4,0,0,1,1,6,6,1,37,7,1968,2,19,VOLKSWAGEN TOURAN,-1,-1,0,-1
2024311467619,2024,311467619,1,9,0,-1,19,7,3,-1,0,0,0,0,1,4,4,1,-1,1,2,34,6,1598,2,10,VOLKSWAGEN TOURAN,2,E01026379,0,3
2024546067624,2024,546067624,2,9,0,18,19,5,1,0,0,1,0,0,7,11,1,1,6,6,1,24,5,1896,2,17,VOLKSWAGEN TOURAN,7,E01033841,0,1
2024631474083,2024,631474083,1,9,0,-1,13,8,4,-1,0,0,0,0,7,11,1,1,-1,9,1,56,9,1896,2,18,VOLKSWAGEN TOURAN,6,E01010469,0,4
2024401404316,2024,401404316,1,9,0,-1,3,7,3,-1,0,0,0,0,0,0,1,9,-1,6,1,63,9,1598,2,7,VOLKSWAGEN TOURAN,3,E01015715,0,1
2024161504311,2024,161504311,3,9,0,-1,4,5,1,-1,0,1,0,0,0,0,3,1,-1,6,1,38,7,1598,2,11,VOLKSWAGEN TOURAN,3,E01026102,0,4
2024052401311,2024,052401311,2,9,0,3,3,7,3,0,0,1,0,0,0,0,2,1,6,6,1,47,8,999,1,5,VOLKSWAGEN TOURAN,8,E01007148,0,1
2024131488066,2024,131488066,1,9,0,-1,9,3,1,-1,0,8,0,0,0,0,3,1,-1,9,1,32,6,1896,2,18,VOLKSWAGEN TOURAN,2,E01010728,0,1
2024340WN1152,2024,340WN1152,1,8,0,-1,14,1,5,-1,0,0,0,4,0,0,1,1,-1,1,1,49,8,1968,2,6,VOLKSWAGEN TOURAN,3,E01026992,0,1
2024320132341,2024,320132341,2,9,0,-1,-1,2,6,0,0,2,1,0,0,0,1,1,-1,-1,1,46,8,1896,2,14,VOLKSWAGEN TOURAN,6,E01026020,0,2
2024461483693,2024,461483693,3,9,0,-1,2,3,3,-1,9,1,0,4,0,0,4,1,-1,6,1,69,10,1598,2,6,VOLKSWAGEN TOURAN,8,E01016132,0,1
2024531507463,2024,531507463,2,9,0,-1,2,0,0,-1,0,0,0,0,0,0,3,9,-1,6,-1,-1,-1,1598,2,7,VOLKSWAGEN TOURAN,-1,-1,0,-1
2024351409856,2024,351409856,1,9,0,-1,19,-1,-1,-1,0,1,0,0,0,0,1,9,-1,6,1,-1,-1,1598,2,12,VOLKSWAGEN TOURAN,-1,-1,0,-1
2024461393694,2024,461393694,14,9,0,-1,4,4,8,-1,0,0,0,0,0,0,4,1,-1,9,1,34,6,1598,2,12,VOLKSWAGEN TOURAN,3,E01016171,0,3
2024552401322,2024,552401322,1,9,0,18,19,4,8,0,0,0,0,0,1,0,1,1,6,6,1,43,7,1598,1,20,VOLKSWAGEN TOURAN,3,E01015308,0,4
2024351443627,2024,351443627,2,9,0,-1,13,-1,-1,-1,0,0,0,0,0,0,3,1,-1,2,1,61,9,1896,2,17,VOLKSWAGEN TOURAN,7,E01018225,0,1
2024351404432,2024,351404432,1,9,0,-1,7,3,5,-1,0,4,0,0,0,0,1,1,-1,9,1,58,9,1968,2,10,VOLKSWAGEN TOURAN,10,E01017985,0,1
2024311485794,2024,311485794,1,9,0,-1,19,1,5,-1,0,1,0,0,0,0,3,1,-1,6,1,61,9,1197,1,12,VOLKSWAGEN TOURAN,2,E01013847,0,1
2024010500719,2024,010500719,2,9,0,99,99,9,9,99,99,9,9,99,9,99,9,9,6,6,3,-1,-1,1390,1,15,VOLKSWAGEN TOURAN,-1,-1,0,-1
2024122400961,2024,122400961,1,9,0,18,19,8,4,0,0,1,0,0,0,0,1,1,6,6,1,89,11,1598,2,10,VOLKSWAGEN TOURAN,10,E01013387,0,1
2024340NN2702,2024,340NN2702,1,9,0,-1,19,2,6,-1,0,0,0,0,0,0,1,1,-1,6,1,30,6,1968,2,17,VOLKSWAGEN TOURAN,1,E01027334,0,3
2024451466533,2024,451466533,1,9,0,-1,19,5,1,-1,0,0,0,4,0,0,1,1,-1,2,2,41,7,1598,2,13,VOLKSWAGEN TOURAN,5,E01030600,0,1
2024411495645,2024,411495645,1,8,0,-1,5,5,1,-1,0,4,0,0,0,0,1,1,-1,1,1,64,9,1968,2,4,VOLKSWAGEN TOURAN,7,E01023602,0,1
2024041411519,2024,041411519,1,9,0,-1,19,1,5,-1,0,1,0,0,0,0,1,1,-1,6,1,44,7,1968,2,17,VOLKSWAGEN TOURAN,1,E01025084,0,1
2024522401448,2024,522401448,1,9,0,99,99,6,2,0,0,8,0,0,0,0,2,1,6,6,1,39,7,1598,2,10,VOLKSWAGEN TOURAN,1,E01033358,0,2
2024131565465,2024,131565465,1,9,0,-1,-1,-1,-1,-1,-1,0,-1,-1,-1,0,-1,1,-1,6,3,-1,-1,1598,2,12,VOLKSWAGEN TOURAN,-1,-1,0,-1
2024461528125,2024,461528125,1,8,0,-1,5,7,3,-1,0,0,0,0,0,0,4,9,-1,6,1,40,7,1598,2,7,VOLKSWAGEN TOURAN,3,E01001675,0,3
2024041505669,2024,041505669,1,9,0,-1,9,1,5,-1,0,1,0,0,0,0,4,1,-1,6,1,71,10,2316,1,36,-1,3,E01024864,0,4
2024440394464,2024,440394464,1,9,0,18,19,5,3,0,0,8,0,0,0,0,3,1,6,6,1,51,8,-1,3,0,-1,10,E01022691,0,1
2024991471445,2024,991471445,2,9,0,-1,3,3,7,-1,0,1,0,0,0,0,2,1,-1,9,1,79,11,-1,3,0,-1,10,-1,0,1
2024101507898,2024,101507898,1,9,0,-1,4,5,4,-1,-1,0,0,0,1,0,1,1,-1,9,2,35,6,-1,3,0,-1,-1,-1,0,-1
2024010547681,2024,010547681,1,9,0,9,9,5,2,0,0,5,0,0,0,0,1,2,6,6,2,55,8,-1,3,0,-1,9,E01000885,0,1
2024010530888,2024,010530888,2,9,0,18,19,3,7,0,0,8,0,0,0,0,3,1,6,6,1,28,6,-1,3,0,-1,2,E01032744,0,1
2024332401099,2024,332401099,1,9,0,-1,19,3,7,-1,0,8,0,0,0,0,1,1,-1,6,1,29,6,-1,3,0,-1,7,E01031011,0,2
2024061443699,2024,061443699,2,9,0,-1,19,7,3,-1,0,8,0,0,0,0,4,1,-1,2,1,45,7,-1,3,0,-1,4,E01006049,0,3
2024351531756,2024,351531756,1,9,0,-1,19,3,7,-1,0,0,0,0,1,4,1,9,-1,6,1,43,7,-1,3,0,-1,9,E01018237,0,1
2024361479288,2024,361479288,1,2,0,-1,19,3,7,-1,0,0,0,4,0,0,4,1,-1,9,1,16,4,49,1,0,-1,6,E01026637,0,2
2024211482679,2024,211482679,1,2,0,-1,19,4,1,-1,0,3,2,0,0,0,2,1,-1,9,1,16,4,48,1,3,-1,4,E01029820,0,1
2024161491581,2024,161491581,2,9,0,-1,12,1,5,-1,0,0,0,0,0,0,2,1,-1,6,1,31,6,2480,1,0,AUDI RSQ3,3,E01011546,0,4
2024010501497,2024,010501497,1,9,0,18,19,3,7,0,0,0,1,0,0,0,1,1,6,6,1,48,8,2480,1,2,AUDI RSQ3,6,E01004361,0,2
2024131475906,2024,131475906,1,9,0,-1,-1,-1,-1,-1,-1,8,-1,-1,-1,0,-1,1,-1,6,1,24,5,2480,1,3,AUDI RSQ3,1,E01010674,0,1
2024451399238,2024,451399238,3,9,0,-1,19,1,1,-1,0,2,0,0,0,0,1,1,-1,6,1,27,6,2480,1,9,AUDI RSQ3,9,E01030731,0,1
2024010501523,2024,010501523,2,9,0,18,19,7,3,0,0,0,0,4,0,0,1,1,6,6,2,29,6,2480,1,2,AUDI RSQ3,2,E01000018,0,2
2024061408753,2024,061408753,1,9,0,-1,19,1,5,-1,0,1,0,0,0,0,1,1,-1,6,1,-1,-1,2480,1,3,AUDI RSQ3,-1,-1,0,-1
2024010502935,2024,010502935,3,9,0,18,19,4,8,0,0,1,0,0,0,0,3,1,6,6,2,27,6,2480,1,3,AUDI RSQ3,3,E01000499,0,1
2024201521576,2024,201521576,3,9,0,-1,1,5,1,-1,0,0,0,0,0,0,3,9,-1,9,3,-1,-1,2480,1,9,AUDI RSQ3,-1,-1,0,-1
2024010542152,2024,010542152,1,9,0,2,2,0,0,0,0,0,0,8,0,0,4,1,6,6,3,-1,-1,2480,1,1,AUDI RSQ3,-1,-1,0,-1
2024010536911,2024,010536911,1,9,0,17,19,7,3,0,0,1,0,0,0,0,1,1,6,6,1,22,5,2480,1,10,AUDI RSQ3,6,E01000623,0,1
2024991411641,2024,991411641,1,9,0,-1,5,8,6,-1,0,6,0,0,0,0,3,1,-1,9,1,63,9,2480,1,1,AUDI RSQ3,10,-1,0,2
2024101449349,2024,101449349,1,9,0,-1,7,7,1,-1,0,1,0,0,0,0,1,1,-1,6,1,55,8,2480,1,8,AUDI RSQ3,10,E01027494,0,4
2024010526244,2024,010526244,2,9,0,2,2,0,0,9,9,0,0,0,0,0,2,1,6,6,3,-1,-1,2480,1,1,AUDI RSQ3,-1,-1,0,-1
2024061523356,2024,061523356,2,9,0,-1,12,-1,-1,-1,0,4,0,99,0,0,1,1,-1,6,3,-1,-1,2480,1,4,AUDI RSQ3,-1,-1,0,-1
2024430558978,2024,430558978,1,9,0,18,19,6,2,0,0,0,0,0,0,0,1,1,6,6,1,42,7,2480,1,1,AUDI RSQ3,8,E01004506,0,4
2024421420973,2024,421420973,1,9,0,-1,19,7,3,-1,0,0,2,4,0,0,1,1,-1,6,1,59,9,2480,1,1,AUDI RSQ3,10,E01015910,0,3
2024221480775,2024,221480775,2,9,0,-1,9,6,4,-1,0,5,0,0,0,0,3,1,-1,1,1,19,4,2765,2,25,-1,5,E01014099,0,1
2024332400062,2024,332400062,1,9,0,-1,19,1,5,-1,0,1,0,0,0,0,1,1,-1,9,1,68,10,2765,2,29,-1,3,E01013690,0,1
2024031455418,2024,031455418,3,9,0,-1,2,0,0,-1,0,0,0,0,0,0,2,1,-1,6,-1,-1,-1,2765,2,26,-1,-1,-1,0,-1
2024461428984,2024,461428984,1,5,0,-1,15,6,1,-1,0,2,1,0,0,0,1,1,-1,9,1,35,6,849,1,14,-1,4,E01035319,0,4
2024041442302,2024,041442302,1,5,0,-1,19,5,1,-1,0,0,0,12,0,0,1,1,-1,6,1,55,8,849,1,16,-1,7,E01025559,0,1
2024041450040,2024,041450040,2,5,0,-1,4,7,3,-1,0,1,1,0,0,0,1,1,-1,2,1,48,8,849,1,14,-1,3,E01012726,0,1
2024991477886,2024,991477886,2,90,0,-1,19,8,4,-1,0,0,0,0,0,0,1,1,-1,9,1,62,9,2287,2,10,FIAT DUCATO,3,E01020591,0,5
2024351432197,2024,351432197,2,90,0,-1,4,7,3,-1,0,1,0,0,0,0,0,1,-1,1,2,57,9,2287,2,4,FIAT DUCATO,-1,-1,0,-1
2024122400464,2024,122400464,2,19,0,9,9,4,2,0,0,5,0,0,0,0,2,1,1,1,1,57,9,2287,2,11,FIAT DUCATO,3,E01002045,0,5
2024471466295,2024,471466295,1,90,0,-1,13,2,6,-1,0,0,0,0,7,4,1,1,-1,1,1,27,6,2287,2,5,FIAT DUCATO,10,E01028695,0,4
2024471525458,2024,471525458,2,90,0,-1,9,7,5,-1,0,0,0,0,0,0,1,1,-1,6,1,57,9,2287,2,3,FIAT DUCATO,5,E01021113,0,3
2024501452445,2024,501452445,2,90,0,-1,19,3,7,-1,0,0,0,0,0,0,1,9,-1,8,2,24,5,2287,2,7,FIAT DUCATO,4,E01018877,0,2
2024461478050,2024,461478050,1,90,0,-1,13,5,1,-1,0,0,5,0,0,0,4,1,-1,9,2,69,10,2287,2,3,FIAT DUCATO,7,E01024602,0,3
2024161434796,2024,161434796,1,19,0,-1,19,4,8,-1,0,0,0,0,0,0,-1,1,-1,2,1,53,8,2287,2,3,FIAT DUCATO,9,E01029714,0,5
2024340NN3692,2024,340NN3692,2,19,0,-1,15,6,2,-1,0,0,0,0,0,0,0,1,-1,8,2,41,7,-1,-1,-1,FIAT DUCATO,9,E01027345,0,4
2024421440833,2024,421440833,2,19,0,-1,9,6,4,-1,0,8,0,0,0,0,3,1,-1,1,1,42,7,1956,2,7,FIAT DUCATO,9,E01033142,0,4
2024461413779,2024,461413779,1,10,0,-1,5,6,2,-1,0,0,0,0,0,0,0,1,-1,1,1,28,6,2287,2,9,FIAT DUCATO,6,E01024518,0,4
2024471496250,2024,471496250,1,19,0,-1,19,6,2,-1,0,0,0,0,1,0,1,1,-1,1,1,24,5,2200,2,1,FIAT DUCATO,3,E01017195,0,4
2024371436272,2024,371436272,2,19,0,-1,19,1,5,-1,0,1,0,0,0,0,1,1,-1,8,1,35,6,-1,-1,-1,FIAT DUCATO,5,E01018016,0,4
2024161435914,2024,161435914,1,90,0,-1,9,7,5,-1,0,6,0,0,0,0,4,1,-1,6,2,21,5,2287,2,5,FIAT DUCATO,8,E01013011,0,1
2024421419086,2024,421419086,1,19,0,-1,9,1,7,-1,0,1,0,0,0,0,3,9,-1,1,1,23,5,2287,2,6,FIAT DUCATO,10,E01021896,0,4
2024361467548,2024,361467548,2,90,0,-1,19,3,7,-1,0,0,0,0,0,0,1,1,-1,1,1,27,6,2287,2,5,FIAT DUCATO,8,E01035153,0,4
2024061483929,2024,061483929,2,90,0,-1,19,5,1,-1,0,2,0,0,0,0,1,1,-1,1,1,22,5,2184,2,2,FIAT DUCATO,5,E01005876,0,3
2024361474283,2024,361474283,2,90,0,-1,4,5,1,-1,0,0,0,0,0,0,2,1,-1,1,2,31,6,2287,2,3,FIAT DUCATO,7,E01026536,0,4
2024361510415,2024,361510415,2,19,0,-1,19,5,1,-1,0,0,0,0,0,0,3,1,-1,8,1,55,8,-1,-1,-1,FIAT DUCATO,8,E01026653,0,1
2024141459492,2024,141459492,1,90,0,-1,19,4,8,-1,0,2,0,0,0,0,3,1,-1,1,1,50,8,2287,2,5,FIAT DUCATO,-1,-1,0,-1
2024401476491,2024,401476491,1,90,0,-1,19,1,5,-1,0,8,0,0,0,0,1,1,-1,1,1,29,6,2287,2,3,FIAT DUCATO,6,E01020437,0,5
2024141399445,2024,141399445,1,19,0,-1,7,5,3,-1,0,0,0,0,0,0,1,9,-1,6,3,67,10,2287,2,13,FIAT DUCATO,-1,-1,0,-1
2024320316484,2024,320316484,2,19,0,-1,-1,2,8,0,0,0,5,0,1,9,1,1,1,1,2,37,7,2287,2,8,FIAT DUCATO,9,E01026225,0,4