collision_index,collision_year,collision_ref_no,vehicle_reference,vehicle_type,towing_and_articulation,vehicle_manoeuvre_historic,vehicle_manoeuvre,vehicle_direction_from,vehicle_direction_to,vehicle_location_restricted_lane_historic,vehicle_location_restricted_lane,junction_location,skidding_and_overturning,hit_object_in_carriageway,vehicle_leaving_carriageway,hit_object_off_carriageway,first_point_of_impact,vehicle_left_hand_drive,journey_purpose_of_driver_historic,journey_purpose_of_driver,sex_of_driver,age_of_driver,age_band_of_driver,engine_capacity_cc,propulsion_code,age_of_vehicle,generic_make_model,driver_imd_decile,lsoa_of_driver,escooter_flag,driver_distance_banding
2024471442807,2024,471442807,2,19,0,-1,19,6,2,-1,0,0,0,0,1,0,3,1,-1,1,1,65,9,1995,2,4,FORD TRANSIT CUSTOM,10,E01031592,0,3
2024451402315,2024,451402315,3,19,0,-1,19,2,6,-1,0,0,0,0,0,0,1,1,-1,1,1,27,6,1995,2,7,FORD TRANSIT CUSTOM,5,E01030677,0,1
2024991411736,2024,991411736,1,19,0,-1,19,2,6,-1,0,1,0,0,0,0,1,2,-1,2,1,55,8,1995,2,2,FORD TRANSIT CUSTOM,1,-1,0,1
2024440011965,2024,440011965,1,19,0,18,19,1,5,0,0,1,0,0,0,0,1,1,1,1,1,37,7,1995,2,4,FORD TRANSIT CUSTOM,4,E01017192,0,4
2024461510692,2024,461510692,1,19,5,-1,19,5,1,-1,0,0,0,0,0,0,0,9,-1,1,1,-1,-1,1995,2,1,FORD TRANSIT CUSTOM,-1,-1,0,-1
2024070885851,2024,070885851,2,19,0,-1,4,7,3,-1,0,0,0,0,0,0,2,1,-1,1,1,60,9,1995,2,7,FORD TRANSIT CUSTOM,1,E01006460,0,3
2024211457754,2024,211457754,2,19,0,-1,4,5,1,-1,0,0,0,0,0,0,1,1,-1,1,1,29,6,1995,2,2,FORD TRANSIT CUSTOM,5,E01028944,0,4
2024461434949,2024,461434949,2,19,0,-1,2,0,0,-1,0,2,0,0,0,0,1,1,-1,6,-1,-1,-1,1995,2,2,FORD TRANSIT CUSTOM,-1,-1,0,-1
2024622400317,2024,622400317,2,19,0,18,19,6,2,0,0,1,0,0,0,0,1,1,1,1,1,36,7,2198,2,9,FORD TRANSIT CUSTOM,4,W01001248,0,1
2024631454922,2024,631454922,2,19,0,-1,4,4,8,-1,0,0,0,0,0,0,3,1,-1,1,1,32,6,1995,2,7,FORD TRANSIT CUSTOM,9,W01001048,0,4
2024520403269,2024,520403269,2,19,0,18,19,7,3,0,0,1,5,0,0,0,1,1,6,6,1,57,9,1995,2,2,FORD TRANSIT CUSTOM,9,E01020464,0,4
2024361410091,2024,361410091,1,19,0,-1,19,7,3,-1,0,0,0,0,0,0,1,1,-1,1,1,32,6,2198,2,8,FORD TRANSIT CUSTOM,6,E01026257,0,4
2024122500165,2024,122500165,1,19,0,18,19,3,7,0,0,2,0,0,0,0,1,1,3,7,1,40,7,1995,2,1,FORD TRANSIT CUSTOM,6,E01027689,0,1
2024010527349,2024,010527349,2,19,0,3,3,5,1,0,0,1,0,0,0,0,2,1,6,6,1,28,6,1995,2,5,FORD TRANSIT CUSTOM,7,E01033454,0,4
2024070685927,2024,070685927,1,19,0,4,4,4,8,0,0,0,0,0,0,0,3,1,1,1,2,54,8,1995,2,3,FORD TRANSIT CUSTOM,3,E01018454,0,1
2024552400197,2024,552400197,1,19,0,18,19,2,6,0,0,0,0,0,0,0,1,1,1,1,1,27,6,1995,2,3,FORD TRANSIT CUSTOM,8,E01015422,0,1
2024010512249,2024,010512249,1,19,0,10,10,7,4,0,0,1,0,0,0,0,0,1,2,2,1,53,8,1995,2,1,FORD TRANSIT CUSTOM,-1,-1,0,-1
2024430539406,2024,430539406,2,19,0,18,19,6,2,0,0,8,0,0,0,0,1,1,2,2,1,43,7,1995,2,1,FORD TRANSIT CUSTOM,9,E01035749,0,1
2024531483075,2024,531483075,3,19,0,-1,3,8,4,-1,0,0,0,0,0,0,2,1,-1,1,1,68,10,1995,2,2,FORD TRANSIT CUSTOM,6,E01022262,0,1
2024041471394,2024,041471394,2,19,0,-1,19,3,7,-1,0,8,0,0,0,0,4,1,-1,1,1,61,9,1995,2,5,FORD TRANSIT CUSTOM,2,E01012591,0,1
2024141526779,2024,141526779,1,19,0,-1,9,7,5,-1,0,2,0,0,0,0,1,1,-1,1,1,34,6,1995,2,1,FORD TRANSIT CUSTOM,2,E01007806,0,2
2024161430926,2024,161430926,2,19,0,-1,2,0,0,-1,0,2,0,0,0,0,1,9,-1,6,-1,-1,-1,1995,2,4,FORD TRANSIT CUSTOM,-1,-1,0,-1
2024440335828,2024,440335828,1,19,0,18,19,7,3,0,0,8,0,0,0,0,1,1,2,2,1,34,6,1995,2,3,FORD TRANSIT CUSTOM,2,E01017165,0,3
2024041534754,2024,041534754,1,19,0,-1,19,7,3,-1,0,0,0,0,0,0,0,1,-1,9,1,28,6,1995,2,1,FORD TRANSIT CUSTOM,4,E01033071,0,2
2024522402811,2024,522402811,1,19,0,18,19,9,9,0,0,0,0,0,0,0,2,1,6,6,1,23,5,1995,2,5,FORD TRANSIT CUSTOM,7,E01014722,0,1
202454D908324,2024,54D908324,2,19,0,4,4,3,7,0,0,1,0,0,0,0,1,1,6,6,1,36,7,1995,2,5,FORD TRANSIT CUSTOM,1,E01032096,0,2
2024351405098,2024,351405098,2,19,-1,-1,-1,-1,-1,-1,-1,0,-1,-1,-1,0,-1,9,-1,1,1,45,7,1995,2,2,FORD TRANSIT CUSTOM,4,E01018044,0,3
2024552400952,2024,552400952,2,19,0,2,2,0,0,0,0,2,0,0,0,0,2,1,6,6,3,-1,-1,2198,2,11,FORD TRANSIT CUSTOM,-1,-1,0,-1
2024010526038,2024,010526038,1,19,0,14,14,5,1,0,0,1,0,0,0,0,2,1,1,1,1,21,5,1995,2,2,FORD TRANSIT CUSTOM,-1,-1,0,-1
2024548606424,2024,548606424,2,19,0,18,19,5,1,0,0,1,0,0,0,0,1,1,1,1,1,45,7,2198,2,10,FORD TRANSIT CUSTOM,4,E01032715,0,1
2024552400533,2024,552400533,2,19,0,18,19,2,6,0,0,0,0,0,0,0,0,1,1,1,3,-1,-1,1995,2,7,FORD TRANSIT CUSTOM,-1,-1,0,-1
2024440051400,2024,440051400,2,19,0,18,19,2,6,0,0,0,0,0,0,0,1,1,6,6,1,37,7,1995,2,6,FORD TRANSIT CUSTOM,5,E01022980,0,2
2024111411842,2024,111411842,1,19,0,-1,19,5,1,-1,0,1,0,0,0,0,0,9,-1,6,1,25,5,2198,2,8,FORD TRANSIT CUSTOM,-1,-1,0,-1
2024311445426,2024,311445426,1,19,0,-1,5,3,7,-1,0,8,0,0,0,0,3,1,-1,6,1,49,8,1995,2,2,FORD TRANSIT CUSTOM,2,E01011868,0,4
2024010540404,2024,010540404,3,19,0,99,99,9,9,99,99,9,9,99,9,99,1,9,6,6,3,-1,-1,1995,2,4,FORD TRANSIT CUSTOM,8,E01000123,0,1
2024552401243,2024,552401243,3,19,0,3,3,6,2,0,0,0,0,0,0,0,2,1,2,2,1,22,5,1995,2,4,FORD TRANSIT CUSTOM,6,E01022764,0,4
2024991517665,2024,991517665,1,19,0,-1,19,7,2,-1,0,0,0,0,0,0,1,1,-1,1,1,39,7,1995,2,3,FORD TRANSIT CUSTOM,2,-1,0,3
2024401530694,2024,401530694,1,19,-1,-1,-1,-1,-1,-1,-1,0,-1,-1,-1,0,-1,9,-1,6,3,-1,-1,2198,2,9,FORD TRANSIT CUSTOM,-1,-1,0,-1
2024010544778,2024,010544778,1,19,0,6,6,7,7,0,0,8,0,0,0,0,1,1,2,2,1,38,7,1996,2,0,FORD TRANSIT CUSTOM,7,E01028725,0,4
2024522401531,2024,522401531,2,19,0,9,9,2,1,0,0,5,0,0,0,0,2,1,6,6,2,42,7,1995,2,7,FORD TRANSIT CUSTOM,4,E01014603,0,1
2024520002203,2024,520002203,2,19,0,18,19,7,1,0,0,4,0,0,0,0,1,1,1,1,1,-1,-1,1995,2,5,FORD TRANSIT CUSTOM,5,E01014753,0,4
2024061505187,2024,061505187,1,19,0,-1,15,-1,-1,-1,0,0,0,0,0,0,4,1,-1,2,1,36,7,1996,2,0,FORD TRANSIT CUSTOM,7,E01014289,0,4
2024451516997,2024,451516997,1,19,0,-1,4,1,5,-1,0,0,0,0,0,0,2,1,-1,1,1,46,8,2198,2,8,FORD TRANSIT CUSTOM,9,E01030412,0,2
2024122500178,2024,122500178,2,19,0,2,2,0,0,0,0,0,0,0,0,0,3,1,6,6,3,-1,-1,1996,2,0,FORD TRANSIT CUSTOM,-1,-1,0,-1
2024010507093,2024,010507093,2,19,0,9,9,5,2,0,0,1,0,0,0,0,4,1,1,1,1,37,7,1995,2,2,FORD TRANSIT CUSTOM,7,E01003754,0,4
2024461531987,2024,461531987,2,19,0,-1,19,1,5,-1,0,8,0,0,0,0,1,1,-1,1,1,60,9,1995,2,4,FORD TRANSIT CUSTOM,7,E01024127,0,4
2024440120605,2024,440120605,1,19,0,12,12,8,4,0,0,1,1,0,4,6,3,1,1,1,1,50,8,2198,2,10,FORD TRANSIT CUSTOM,2,E01017182,0,2
2024552400932,2024,552400932,2,19,0,9,9,6,4,0,0,8,0,0,0,0,4,1,2,2,1,36,7,1995,2,1,FORD TRANSIT CUSTOM,2,E01015341,0,2
2024311405757,2024,311405757,2,19,0,-1,19,2,6,-1,0,0,0,0,0,0,1,1,-1,2,1,66,10,1995,2,5,FORD TRANSIT CUSTOM,2,E01008886,0,4
2024061404186,2024,061404186,3,19,-1,-1,-1,-1,-1,-1,-1,0,-1,-1,-1,0,-1,9,-1,2,1,32,6,1995,2,1,FORD TRANSIT CUSTOM,3,E01006020,0,1
2024501484479,2024,501484479,3,19,0,-1,2,0,0,-1,-1,0,0,0,0,0,3,9,-1,6,-1,-1,-1,1995,2,6,FORD TRANSIT CUSTOM,-1,-1,0,-1
2024421539685,2024,421539685,2,19,-1,-1,19,-1,-1,-1,0,0,0,0,0,0,2,9,-1,6,1,49,8,1995,2,1,FORD TRANSIT CUSTOM,1,E01021317,0,2
2024622400035,2024,622400035,2,19,0,2,2,0,0,0,0,0,0,0,0,0,1,1,6,6,3,-1,-1,1995,2,6,FORD TRANSIT CUSTOM,-1,-1,0,-1
2024041513375,2024,041513375,2,19,0,-1,19,1,5,-1,0,0,0,0,1,0,1,1,-1,1,1,44,7,1995,2,3,FORD TRANSIT CUSTOM,3,E01006370,0,4
2024471494900,2024,471494900,1,19,0,-1,19,7,3,-1,0,0,0,0,7,4,1,1,-1,9,1,57,9,1995,2,6,FORD TRANSIT CUSTOM,1,E01021135,0,2
2024340NN1102,2024,340NN1102,2,19,0,-1,2,0,0,-1,0,0,0,0,0,0,1,1,-1,6,3,-1,-1,1995,2,3,FORD TRANSIT CUSTOM,-1,-1,0,-1
2024010497275,2024,010497275,2,19,0,5,5,5,1,0,0,1,0,0,0,0,0,1,1,1,2,-1,-1,1995,2,1,FORD TRANSIT CUSTOM,3,E01004734,0,1
2024041503145,2024,041503145,2,19,0,-1,2,0,0,-1,0,1,0,0,0,0,2,1,-1,6,-1,-1,-1,1995,2,6,FORD TRANSIT CUSTOM,-1,-1,0,-1
2024440024981,2024,440024981,2,19,0,18,19,8,4,0,0,1,1,0,0,0,1,1,1,1,1,39,7,2198,2,9,FORD TRANSIT CUSTOM,10,E01016262,0,3
2024010545133,2024,010545133,2,19,0,99,99,9,9,99,99,0,9,99,9,99,1,9,6,6,3,-1,-1,1995,2,5,FORD TRANSIT CUSTOM,-1,-1,0,-1
2024501529828,2024,501529828,1,19,0,-1,19,3,7,-1,0,1,0,0,0,0,2,1,-1,6,-1,-1,-1,1995,2,5,FORD TRANSIT CUSTOM,-1,-1,0,-1
2024010508106,2024,010508106,1,19,0,18,19,3,7,0,0,8,0,0,0,0,1,1,1,1,2,30,6,1995,2,6,FORD TRANSIT CUSTOM,5,E01003666,0,4
2024471503698,2024,471503698,1,19,0,-1,19,1,5,-1,0,0,0,0,0,0,1,1,-1,2,1,37,7,1995,2,1,FORD TRANSIT CUSTOM,3,E01003829,0,4
2024010527529,2024,010527529,4,19,0,18,19,5,1,0,0,1,0,0,0,0,0,1,1,1,1,30,6,1995,2,3,FORD TRANSIT CUSTOM,-1,-1,0,-1
2024631451681,2024,631451681,2,19,0,-1,4,8,5,-1,0,0,0,0,0,0,2,1,-1,6,1,45,7,2198,2,11,FORD TRANSIT CUSTOM,7,W01001515,0,4
2024991399735,2024,991399735,3,19,0,-1,19,5,1,-1,0,0,0,0,0,0,1,1,-1,1,1,73,10,1995,2,2,FORD TRANSIT CUSTOM,3,E01017257,0,5
2024031533282,2024,031533282,1,19,0,-1,19,7,3,-1,0,0,5,0,2,0,4,1,-1,1,1,50,8,2198,2,9,FORD TRANSIT CUSTOM,-1,-1,0,-1
2024010521348,2024,010521348,2,19,0,99,99,9,9,99,99,6,9,99,9,99,1,9,6,6,3,44,7,1995,2,3,FORD TRANSIT CUSTOM,1,E01033879,0,1
2024010494507,2024,010494507,1,10,0,18,19,3,7,0,0,8,0,11,0,0,4,1,1,1,1,31,6,-1,-1,-1,FORD TRANSIT CUSTOM,4,E01003937,0,1
2024991426206,2024,991426206,2,19,0,-1,7,5,7,-1,0,5,0,0,0,0,2,1,-1,1,1,51,8,1995,2,2,FORD TRANSIT CUSTOM,10,-1,0,1
2024631468570,2024,631468570,1,19,0,-1,19,4,2,-1,0,2,0,0,0,0,1,1,-1,6,1,32,6,1995,2,6,FORD TRANSIT CUSTOM,7,W01000595,0,3
2024430420946,2024,430420946,2,19,0,18,19,6,2,0,0,1,0,0,0,0,1,1,6,6,1,60,9,1995,2,1,FORD TRANSIT CUSTOM,-1,-1,0,-1
2024161530623,2024,161530623,2,19,0,-1,7,4,5,-1,0,8,1,0,0,0,1,9,-1,6,1,-1,-1,1995,2,3,FORD TRANSIT CUSTOM,-1,-1,0,-1
2024111460701,2024,111460701,1,19,0,-1,19,1,5,-1,0,0,0,0,0,0,1,1,-1,2,1,37,7,2198,2,10,FORD TRANSIT CUSTOM,5,E01020663,0,1
2024430334261,2024,430334261,3,19,0,4,4,8,4,0,0,0,0,0,0,0,2,1,6,6,3,-1,-1,1995,2,5,FORD TRANSIT CUSTOM,-1,-1,0,-1
2024430578903,2024,430578903,1,19,0,18,19,6,2,0,0,0,5,0,0,0,1,1,6,6,1,13,3,1995,2,5,FORD TRANSIT CUSTOM,8,E01017628,0,1
2024041471725,2024,041471725,1,19,0,-1,1,4,8,-1,0,0,0,0,0,0,2,1,-1,1,1,64,9,1995,2,6,FORD TRANSIT CUSTOM,7,E01012636,0,3
2024552400177,2024,552400177,2,19,0,18,19,6,2,0,0,8,0,0,0,0,1,1,1,1,1,40,7,1995,2,2,FORD TRANSIT CUSTOM,8,E01015356,0,2
2024430617151,2024,430617151,2,19,0,18,19,3,7,0,0,0,0,0,0,0,2,1,6,6,1,52,8,2198,2,8,FORD TRANSIT CUSTOM,9,E01032703,0,4
2024302400498,2024,302400498,1,19,0,10,10,6,2,0,0,8,0,0,0,0,2,1,1,1,1,32,6,1995,2,3,FORD TRANSIT CUSTOM,2,E01007782,0,4
2024221506975,2024,221506975,2,19,0,-1,19,6,2,-1,0,0,5,0,1,0,1,1,-1,9,1,41,7,2198,2,8,FORD TRANSIT CUSTOM,6,E01014069,0,1
2024311456986,2024,311456986,1,19,0,-1,7,6,4,-1,4,1,0,0,0,0,4,1,-1,6,1,41,7,1995,2,6,FORD TRANSIT CUSTOM,2,E01013854,0,1
2024131463073,2024,131463073,1,19,0,-1,1,5,1,-1,0,0,0,0,0,0,2,1,-1,1,1,34,6,1995,2,1,FORD TRANSIT CUSTOM,2,E01006036,0,4
2024052400770,2024,052400770,2,19,0,4,4,5,1,0,0,0,0,0,0,0,2,1,2,2,1,30,6,2198,2,10,FORD TRANSIT CUSTOM,8,E01006409,0,2
2024141419569,2024,141419569,1,19,0,-1,19,1,5,-1,0,1,0,0,0,0,2,1,-1,6,1,38,7,1995,2,3,FORD TRANSIT CUSTOM,9,E01007610,0,1
2024440484058,2024,440484058,2,19,0,5,5,3,7,0,0,2,0,0,0,0,3,1,2,2,1,41,7,1995,2,3,FORD TRANSIT CUSTOM,9,E01023016,0,3
2024991471030,2024,991471030,1,19,0,-1,9,8,6,-1,0,8,0,0,0,0,4,1,-1,1,1,26,6,1995,2,2,FORD TRANSIT CUSTOM,9,-1,0,3
2024549992524,2024,549992524,2,19,0,2,2,0,0,0,0,0,0,0,0,0,1,1,6,6,1,-1,-1,2198,2,10,FORD TRANSIT CUSTOM,-1,-1,0,-1
2024010502341,2024,010502341,1,19,0,9,9,1,6,0,0,6,0,0,0,0,1,1,2,2,1,49,8,1995,2,5,FORD TRANSIT CUSTOM,5,E01017902,0,4
2024471494894,2024,471494894,3,19,0,-1,4,1,5,-1,0,1,0,0,0,0,2,1,-1,1,1,60,9,1995,2,5,FORD TRANSIT CUSTOM,8,E01021088,0,3
2024010503838,2024,010503838,3,19,0,4,4,3,7,0,0,0,0,0,0,0,1,1,1,1,1,22,5,1995,2,2,FORD TRANSIT CUSTOM,3,E01015986,0,3
2024201454724,2024,201454724,1,19,0,-1,19,7,3,-1,0,0,0,0,0,0,1,1,-1,6,1,33,6,2198,2,9,FORD TRANSIT CUSTOM,2,E01009998,0,1
2024052402409,2024,052402409,1,19,0,18,19,1,5,0,0,1,0,0,0,0,1,1,6,6,1,60,9,2198,2,10,FORD TRANSIT CUSTOM,5,E01006473,0,2
2024361408855,2024,361408855,1,19,0,-1,19,5,3,-1,0,8,0,0,0,0,0,1,-1,9,1,51,8,1995,2,5,FORD TRANSIT CUSTOM,4,E01026831,0,1
2024010497675,2024,010497675,1,19,0,4,4,1,5,0,0,1,0,0,0,0,2,1,6,6,1,34,6,1995,2,2,FORD TRANSIT CUSTOM,8,E01004119,0,1
2024010513427,2024,010513427,2,19,0,99,99,9,9,99,99,9,9,99,9,99,1,9,6,6,3,-1,-1,1995,2,1,FORD TRANSIT CUSTOM,3,E01034205,0,2
2024131450373,2024,131450373,2,9,0,-1,19,1,5,-1,0,2,0,0,0,0,1,1,-1,9,1,40,7,2198,2,8,FORD TRANSIT CUSTOM,1,E01007949,0,4
2024010521153,2024,010521153,1,19,0,99,99,9,9,99,99,9,9,99,9,99,2,9,2,2,2,37,7,1995,2,6,FORD TRANSIT CUSTOM,6,E01021758,0,4
2024461434004,2024,461434004,3,19,0,-1,19,6,2,-1,0,0,0,0,0,0,2,1,-1,6,1,48,8,1995,2,7,FORD TRANSIT CUSTOM,2,E01001486,0,4
2024501409971,2024,501409971,2,19,0,-1,19,4,8,-1,0,0,1,0,4,6,2,1,-1,1,1,58,9,1995,2,2,FORD TRANSIT CUSTOM,6,E01015139,0,4
2024010535134,2024,010535134,2,19,0,18,19,4,8,0,0,1,0,0,0,0,3,1,2,2,1,41,7,1995,2,1,FORD TRANSIT CUSTOM,3,E01001629,0,2
2024411445093,2024,411445093,2,19,0,-1,19,7,3,-1,0,0,0,0,0,0,4,1,-1,1,2,37,7,1995,2,3,FORD TRANSIT CUSTOM,10,E01023381,0,3
2024991528044,2024,991528044,1,19,0,-1,19,7,3,-1,0,1,0,0,0,0,1,1,-1,1,1,38,7,1996,2,0,FORD TRANSIT CUSTOM,1,E01012113,0,5
2024010510197,2024,010510197,1,19,0,18,19,1,5,0,0,1,0,0,0,0,1,1,3,7,1,43,7,1995,2,3,FORD TRANSIT CUSTOM,4,E01004331,0,1
2024211518016,2024,211518016,2,19,0,-1,19,3,7,-1,0,1,1,10,0,0,1,1,-1,6,1,31,6,2198,2,9,FORD TRANSIT CUSTOM,-1,-1,0,-1
2024471535789,2024,471535789,1,19,0,-1,3,3,7,-1,0,8,0,0,0,0,1,9,-1,6,1,-1,-1,1995,2,7,FORD TRANSIT CUSTOM,-1,-1,0,-1
2024631457850,2024,631457850,2,19,0,-1,19,5,8,-1,0,0,0,0,0,0,1,1,-1,6,3,-1,-1,1995,2,1,FORD TRANSIT CUSTOM,-1,-1,0,-1
2024302401332,2024,302401332,2,19,0,9,9,7,5,0,0,8,0,0,0,0,3,1,2,2,2,24,5,1995,2,5,FORD TRANSIT CUSTOM,4,E01027957,0,4
2024101472963,2024,101472963,1,19,0,-1,19,3,7,-1,0,0,0,0,0,0,1,9,-1,1,1,50,8,1995,2,7,FORD TRANSIT CUSTOM,1,E01008297,0,2
2024501493609,2024,501493609,3,19,0,-1,19,5,1,-1,0,0,0,0,0,0,1,1,-1,6,1,22,5,2198,2,10,FORD TRANSIT CUSTOM,3,E01015228,0,4
2024041447323,2024,041447323,2,19,0,-1,10,7,5,-1,0,5,0,0,0,0,2,1,-1,1,1,31,6,2198,2,8,FORD TRANSIT CUSTOM,6,E01019336,0,5
2024471537891,2024,471537891,1,19,0,-1,19,7,4,-1,0,0,0,0,0,0,1,1,-1,1,1,38,7,1995,2,5,FORD TRANSIT CUSTOM,1,E01020995,0,4
2024631505202,2024,631505202,1,19,0,-1,13,1,5,-1,0,8,0,0,0,0,1,1,-1,2,1,47,8,1995,2,5,FORD TRANSIT CUSTOM,8,W01000564,0,4
2024501396522,2024,501396522,1,19,0,-1,4,6,2,-1,0,0,2,0,2,10,4,1,-1,1,1,41,7,1995,2,1,FORD TRANSIT CUSTOM,8,E01015114,0,2
2024531434526,2024,531434526,2,19,0,-1,19,5,1,-1,0,1,5,0,7,0,1,1,-1,6,1,36,7,2198,2,10,FORD TRANSIT CUSTOM,10,E01028758,0,4
2024411468329,2024,411468329,1,19,0,-1,19,5,1,-1,0,0,0,0,0,0,1,1,-1,2,1,22,5,2198,2,10,FORD TRANSIT CUSTOM,-1,-1,0,-1
2024471508558,2024,471508558,2,19,0,-1,2,7,3,-1,-1,0,0,0,0,0,4,1,-1,6,-1,-1,-1,1996,2,0,FORD TRANSIT CUSTOM,-1,-1,0,-1
2024010529432,2024,010529432,2,19,0,18,19,5,1,0,0,8,1,0,0,0,1,1,1,1,1,34,6,1995,2,0,FORD TRANSIT CUSTOM,6,E01033784,0,1
2024351499407,2024,351499407,1,19,0,-1,19,-1,-1,-1,0,0,0,0,0,0,4,1,-1,6,1,-1,-1,1995,2,8,FORD TRANSIT CUSTOM,8,E01018159,0,1
2024340NN3032,2024,340NN3032,1,19,0,-1,19,4,8,-1,0,0,0,0,0,0,1,1,-1,6,1,40,7,2198,2,9,FORD TRANSIT CUSTOM,5,E01027123,0,2
2024351516814,2024,351516814,3,19,0,-1,4,1,4,-1,0,0,0,0,0,0,2,1,-1,1,1,39,7,1995,2,2,FORD TRANSIT CUSTOM,4,E01007819,0,5
2024401509478,2024,401509478,1,19,0,-1,19,3,7,-1,0,0,0,0,0,0,1,1,-1,2,1,32,6,1995,2,7,FORD TRANSIT CUSTOM,8,E01017383,0,2
2024052402053,2024,052402053,1,19,0,5,5,5,1,0,0,0,0,0,0,0,3,1,1,1,1,28,6,1995,2,5,FORD TRANSIT CUSTOM,1,E01005653,0,4
2024471416516,2024,471416516,2,19,0,-1,2,5,1,-1,0,0,1,0,0,0,3,1,-1,6,1,31,6,2198,2,9,FORD TRANSIT CUSTOM,6,E01030524,0,4
2024041506493,2024,041506493,1,19,0,-1,5,6,2,-1,0,2,0,0,0,0,2,1,-1,1,1,35,6,1995,2,1,FORD TRANSIT CUSTOM,1,E01006790,0,3
2024010539144,2024,010539144,2,19,0,99,99,9,9,99,99,9,9,0,0,0,9,9,6,6,3,-1,-1,1995,2,1,FORD TRANSIT CUSTOM,-1,-1,0,-1
2024010506056,2024,010506056,1,19,0,18,19,5,1,9,9,2,0,0,1,11,1,1,6,6,1,53,8,1995,2,6,FORD TRANSIT CUSTOM,4,E01000312,0,1
2024070500703,2024,070500703,2,19,0,18,19,2,6,0,0,0,0,0,0,0,2,1,1,1,1,27,6,2198,2,10,FORD TRANSIT CUSTOM,3,E01012460,0,3
2024501439471,2024,501439471,1,19,0,-1,19,4,8,-1,0,0,0,0,1,0,1,1,-1,9,1,29,6,1995,2,3,FORD TRANSIT CUSTOM,1,E01015044,0,4
2024061454779,2024,061454779,2,19,0,-1,15,1,1,-1,99,0,1,0,0,0,1,1,-1,6,1,-1,-1,1995,2,3,FORD TRANSIT CUSTOM,-1,-1,0,-1
2024421450092,2024,421450092,3,19,0,-1,2,0,0,-1,0,0,0,0,1,0,2,1,-1,6,-1,-1,-1,1995,2,3,FORD TRANSIT CUSTOM,-1,-1,0,-1
2024061479108,2024,061479108,1,19,0,-1,9,3,5,-1,0,0,0,0,0,0,1,9,-1,6,3,-1,-1,1995,2,5,FORD TRANSIT CUSTOM,-1,-1,0,-1
2024991442752,2024,991442752,2,19,0,-1,2,4,8,-1,0,0,0,0,0,0,1,1,-1,6,-1,-1,-1,1995,2,5,FORD TRANSIT CUSTOM,-1,-1,0,-1
2024010501385,2024,010501385,2,10,0,14,14,3,7,0,0,8,0,0,0,0,4,1,6,6,1,42,7,-1,-1,-1,FORD TRANSIT CUSTOM,5,E01000330,0,1
2024361407764,2024,361407764,1,19,0,-1,4,7,3,-1,0,0,0,0,0,0,1,1,-1,6,3,30,6,2198,2,8,FORD TRANSIT CUSTOM,-1,-1,0,-1
2024351531141,2024,351531141,1,19,0,-1,12,8,3,-1,0,2,1,0,0,0,3,1,-1,1,1,21,5,1995,2,2,FORD TRANSIT CUSTOM,10,E01017442,0,4
2024461525210,2024,461525210,2,19,0,-1,19,8,4,-1,0,0,0,0,0,0,2,1,-1,9,1,34,6,1995,2,6,FORD TRANSIT CUSTOM,10,E01024474,0,1
2024221481969,2024,221481969,2,19,0,-1,3,1,5,-1,0,0,0,0,0,0,2,1,-1,1,1,39,7,1996,2,0,FORD TRANSIT CUSTOM,8,E01032160,0,1
2024311503174,2024,311503174,1,19,0,-1,19,6,2,-1,0,0,0,0,0,0,1,1,-1,1,1,54,8,1995,2,5,FORD TRANSIT CUSTOM,1,E01013919,0,2
2024070804880,2024,070804880,2,19,0,-1,2,0,0,-1,0,0,0,0,0,0,3,1,-1,6,1,35,6,2198,2,10,FORD TRANSIT CUSTOM,7,E01018448,0,1
2024010493549,2024,010493549,4,19,0,2,2,0,0,0,0,2,0,0,0,0,0,1,6,6,3,-1,-1,1995,2,4,FORD TRANSIT CUSTOM,-1,-1,0,-1
2024471481400,2024,471481400,3,19,0,-1,2,5,1,-1,0,0,0,0,0,0,3,1,-1,6,-1,-1,-1,1995,2,1,FORD TRANSIT CUSTOM,-1,-1,0,-1
2024991491987,2024,991491987,1,19,0,-1,1,3,1,-1,-1,1,0,0,0,0,2,1,-1,1,1,37,7,2198,2,8,FORD TRANSIT CUSTOM,-1,-1,0,-1
2024010498647,2024,010498647,3,19,0,18,19,7,3,0,0,1,0,0,0,0,2,1,2,2,1,51,8,1995,2,6,FORD TRANSIT CUSTOM,2,E01003514,0,2
2024070809446,2024,070809446,2,19,0,-1,19,4,8,-1,0,1,0,0,0,0,1,1,-1,1,1,70,10,1995,2,2,FORD TRANSIT CUSTOM,9,E01004171,0,5
2024052400983,2024,052400983,1,19,0,9,9,3,1,0,0,1,0,0,0,0,1,1,2,2,1,43,7,2198,2,8,FORD TRANSIT CUSTOM,6,E01006941,0,1
2024371432221,2024,371432221,1,19,0,-1,5,6,2,-1,0,0,0,0,0,0,1,1,-1,2,1,42,7,2198,2,9,FORD TRANSIT CUSTOM,5,E01030222,0,1
2024991512451,2024,991512451,2,19,0,-1,5,4,8,-1,0,0,0,0,0,0,1,1,-1,1,1,27,6,2198,2,10,FORD TRANSIT CUSTOM,1,-1,0,3