collision_index,collision_year,collision_ref_no,vehicle_reference,vehicle_type,towing_and_articulation,vehicle_manoeuvre_historic,vehicle_manoeuvre,vehicle_direction_from,vehicle_direction_to,vehicle_location_restricted_lane_historic,vehicle_location_restricted_lane,junction_location,skidding_and_overturning,hit_object_in_carriageway,vehicle_leaving_carriageway,hit_object_off_carriageway,first_point_of_impact,vehicle_left_hand_drive,journey_purpose_of_driver_historic,journey_purpose_of_driver,sex_of_driver,age_of_driver,age_band_of_driver,engine_capacity_cc,propulsion_code,age_of_vehicle,generic_make_model,driver_imd_decile,lsoa_of_driver,escooter_flag,driver_distance_banding
2024101526314,2024,101526314,6,19,0,-1,19,5,1,-1,0,0,0,0,0,0,4,1,-1,2,1,66,10,2198,2,10,FORD TRANSIT CUSTOM,4,E01008814,0,1
2024010522639,2024,010522639,1,19,0,5,5,3,7,3,2,0,0,0,0,0,1,1,2,2,1,22,5,1995,2,7,FORD TRANSIT CUSTOM,3,E01004167,0,1
2024061423793,2024,061423793,2,19,0,-1,9,4,2,-1,0,1,0,0,0,0,3,1,-1,9,1,35,6,2198,2,8,FORD TRANSIT CUSTOM,9,E01005736,0,2
2024010516183,2024,010516183,1,19,0,18,19,1,5,0,0,0,0,0,0,0,1,1,2,2,1,43,7,1995,2,0,FORD TRANSIT CUSTOM,10,E01002257,0,3
2024451458079,2024,451458079,1,19,0,-1,6,5,1,-1,0,0,0,0,0,0,1,1,-1,1,1,45,7,1995,2,1,FORD TRANSIT CUSTOM,3,E01001999,0,4
2024010489581,2024,010489581,1,19,0,5,5,5,1,0,0,1,0,0,0,0,4,1,6,6,3,-1,-1,1995,2,1,FORD TRANSIT CUSTOM,-1,-1,0,-1
2024501467048,2024,501467048,1,9,0,-1,19,3,1,-1,0,0,0,0,0,0,1,9,-1,6,2,42,7,1995,2,2,FORD TRANSIT CUSTOM,7,E01015203,0,1
202417S200824,2024,17S200824,2,19,0,18,19,5,1,0,0,0,0,0,0,0,1,1,6,6,1,30,6,2198,2,9,FORD TRANSIT CUSTOM,8,E01033480,0,1
2024061437809,2024,061437809,1,19,0,-1,3,6,8,-1,0,1,0,0,0,0,0,9,-1,9,2,-1,-1,1995,2,7,FORD TRANSIT CUSTOM,-1,-1,0,-1
2024461531557,2024,461531557,2,19,0,-1,3,8,4,-1,0,0,0,0,0,0,2,1,-1,9,1,42,7,1996,2,0,FORD TRANSIT CUSTOM,8,E01000671,0,4
2024010521864,2024,010521864,4,19,0,18,19,5,1,0,0,8,0,0,0,0,3,1,1,1,1,29,6,1995,2,1,FORD TRANSIT CUSTOM,3,E01000044,0,4
2024631473390,2024,631473390,1,19,0,-1,19,6,2,-1,0,0,5,0,2,9,3,1,-1,1,1,43,7,1995,2,6,FORD TRANSIT CUSTOM,3,E01012369,0,4
2024622400621,2024,622400621,1,19,0,18,19,7,3,0,0,0,0,0,0,0,1,1,2,2,1,21,5,1995,2,4,FORD TRANSIT CUSTOM,4,W01001025,0,3
2024302401125,2024,302401125,3,19,0,7,7,4,6,0,0,8,0,0,0,0,2,1,6,6,3,-1,-1,1995,2,4,FORD TRANSIT CUSTOM,5,E01019456,0,3
2024351452904,2024,351452904,2,19,0,-1,3,4,8,-1,0,1,0,0,0,0,2,1,-1,2,1,71,10,1995,2,6,FORD TRANSIT CUSTOM,1,E01015658,0,1
2024421447818,2024,421447818,1,19,0,-1,9,4,2,-1,0,1,0,0,0,0,1,1,-1,1,1,44,7,1995,2,5,FORD TRANSIT CUSTOM,2,E01021322,0,3
2024471425617,2024,471425617,1,19,0,-1,1,3,7,-1,0,6,0,0,0,0,2,1,-1,9,1,32,6,1995,2,4,FORD TRANSIT CUSTOM,8,E01016931,0,2
2024451467293,2024,451467293,3,19,0,-1,2,0,0,-1,0,0,0,0,0,0,3,1,-1,6,-1,-1,-1,2198,2,9,FORD TRANSIT CUSTOM,-1,-1,0,-1
2024522401719,2024,522401719,2,19,0,7,7,3,5,0,0,5,0,0,0,0,1,1,6,6,3,-1,-1,2198,2,11,FORD TRANSIT CUSTOM,-1,-1,0,-1
2024131411008,2024,131411008,1,19,0,-1,19,1,1,-1,0,1,0,0,0,0,1,1,-1,1,1,20,4,2198,2,8,FORD TRANSIT CUSTOM,9,E01011186,0,1
2024211409380,2024,211409380,1,19,0,-1,11,1,5,-1,0,0,0,0,0,0,1,1,-1,9,1,52,8,1995,2,1,FORD TRANSIT CUSTOM,1,E01005101,0,4
2024201504931,2024,201504931,2,19,0,-1,19,5,1,-1,0,0,0,0,0,0,3,1,-1,1,1,41,7,1995,2,1,FORD TRANSIT CUSTOM,2,E01010397,0,1
2024411487920,2024,411487920,2,19,0,-1,3,1,5,-1,0,0,0,0,0,0,1,1,-1,6,1,62,9,2198,2,8,FORD TRANSIT CUSTOM,6,E01023708,0,4
2024131509945,2024,131509945,1,19,0,-1,-1,-1,-1,-1,-1,0,-1,-1,-1,-1,-1,1,-1,6,3,-1,-1,2198,2,8,FORD TRANSIT CUSTOM,-1,-1,0,-1
2024440148937,2024,440148937,3,19,0,18,19,5,1,0,0,0,0,0,0,0,1,1,6,6,1,38,7,1995,2,8,FORD TRANSIT CUSTOM,1,E01022903,0,1
2024320036680,2024,320036680,2,19,0,-1,-1,2,6,0,0,0,0,0,0,0,1,1,-1,-1,1,57,9,2198,2,8,FORD TRANSIT CUSTOM,8,E01034700,0,4
2024461467749,2024,461467749,1,19,0,-1,19,1,5,-1,0,0,0,0,0,0,4,9,-1,6,1,30,6,1995,2,5,FORD TRANSIT CUSTOM,7,E01024798,0,1
2024546603724,2024,546603724,1,19,0,5,5,6,8,0,0,4,0,0,0,0,3,1,2,2,1,37,7,2198,2,9,FORD TRANSIT CUSTOM,4,E01031980,0,1
2024320301130,2024,320301130,1,19,0,-1,-1,6,2,0,0,2,0,0,0,0,1,1,1,1,1,54,8,1995,2,3,FORD TRANSIT CUSTOM,2,E01013129,0,4
2024501475814,2024,501475814,1,19,0,-1,19,5,8,-1,0,0,1,0,0,0,3,1,-1,6,1,37,7,2198,2,8,FORD TRANSIT CUSTOM,6,E01022444,0,5
2024501529825,2024,501529825,3,19,0,-1,5,2,6,-1,0,0,0,0,0,0,0,1,-1,6,1,36,7,2198,2,11,FORD TRANSIT CUSTOM,4,E01020262,0,2
2024010512609,2024,010512609,2,19,0,99,99,9,9,99,99,9,9,99,9,99,1,9,6,6,3,-1,-1,1995,2,6,FORD TRANSIT CUSTOM,-1,-1,0,-1
2024522402519,2024,522402519,1,19,0,18,19,4,8,0,0,8,0,0,0,0,4,1,6,6,1,34,6,1995,2,7,FORD TRANSIT CUSTOM,10,E01014793,0,3
2024440499794,2024,440499794,1,19,0,9,9,4,2,0,0,6,0,0,0,0,3,1,6,6,1,41,7,1995,2,2,FORD TRANSIT CUSTOM,10,E01008366,0,5
2024540385824,2024,540385824,2,19,0,9,9,4,2,0,0,1,0,0,0,0,1,1,6,6,1,33,6,1995,2,5,FORD TRANSIT CUSTOM,8,E01016300,0,4
2024111425484,2024,111425484,1,19,0,-1,19,1,5,-1,0,0,0,0,0,0,1,1,-1,1,1,22,5,1995,2,3,FORD TRANSIT CUSTOM,-1,-1,0,-1
2024440492442,2024,440492442,2,19,0,18,19,6,2,0,0,0,0,0,0,0,1,1,1,1,1,35,6,1995,2,3,FORD TRANSIT CUSTOM,7,E01032121,0,4
2024010509610,2024,010509610,1,19,0,18,19,7,3,0,0,1,0,0,0,0,1,1,1,1,1,34,6,1995,2,7,FORD TRANSIT CUSTOM,2,E01020751,0,5
2024401406385,2024,401406385,1,19,0,-1,4,7,3,-1,0,8,0,0,0,0,1,9,-1,9,1,19,4,1995,2,1,FORD TRANSIT CUSTOM,8,E01017387,0,2
2024501450454,2024,501450454,2,19,0,-1,9,2,8,-1,0,6,0,0,0,0,1,1,-1,1,1,47,8,1995,2,2,FORD TRANSIT CUSTOM,6,E01019030,0,3
2024131420438,2024,131420438,3,19,0,-1,19,5,5,-1,0,0,0,0,0,0,3,1,-1,2,1,52,8,1995,2,3,FORD TRANSIT CUSTOM,6,E01027560,0,3
2024221457826,2024,221457826,1,19,0,-1,19,1,4,-1,0,0,1,0,0,0,1,9,-1,1,1,35,6,1995,2,5,FORD TRANSIT CUSTOM,-1,-1,0,-1
2024141486097,2024,141486097,2,19,0,-1,19,6,2,-1,0,0,0,0,0,0,2,1,-1,1,1,44,7,1995,2,5,FORD TRANSIT CUSTOM,1,E01008009,0,4
2024501449335,2024,501449335,1,19,0,-1,19,1,5,-1,0,0,0,0,0,0,1,1,-1,1,1,42,7,1995,2,5,FORD TRANSIT CUSTOM,1,E01018933,0,2
2024141507723,2024,141507723,1,19,0,-1,19,7,3,-1,0,1,0,2,0,0,1,1,-1,2,1,29,6,1995,2,6,FORD TRANSIT CUSTOM,4,E01007816,0,1
2024461414357,2024,461414357,2,19,0,-1,19,3,7,-1,0,8,0,0,0,0,1,1,-1,9,1,29,6,1995,2,1,FORD TRANSIT CUSTOM,3,E01024608,0,1
2024622400307,2024,622400307,1,20,0,18,19,4,1,0,0,8,0,0,1,2,3,1,2,2,1,25,5,-1,-1,-1,FORD TRANSIT CUSTOM,2,W01000897,0,1
2024430411999,2024,430411999,1,19,0,18,19,4,8,0,0,1,0,0,0,0,1,1,1,1,1,53,8,1995,2,7,FORD TRANSIT CUSTOM,7,E01016578,0,3
2024061462076,2024,061462076,2,19,0,-1,19,7,3,-1,0,1,0,0,0,0,0,1,-1,1,-1,-1,-1,1995,2,1,FORD TRANSIT CUSTOM,-1,-1,0,-1
2024451409447,2024,451409447,1,19,0,-1,19,3,7,-1,0,0,1,0,0,0,3,1,-1,9,1,24,5,2198,2,8,FORD TRANSIT CUSTOM,5,E01030459,0,3
2024451425097,2024,451425097,2,19,0,-1,3,6,2,-1,0,0,0,0,0,0,2,1,-1,1,1,48,8,1995,2,6,FORD TRANSIT CUSTOM,2,E01001118,0,3
2024311409277,2024,311409277,1,20,0,-1,15,2,6,-1,9,0,0,0,0,0,1,9,-1,1,1,34,6,-1,-1,-1,FORD TRANSIT CUSTOM,-1,-1,0,-1
2024440020254,2024,440020254,2,19,0,18,19,6,2,0,0,0,0,0,6,0,1,1,1,1,1,37,7,1995,2,3,FORD TRANSIT CUSTOM,10,E01016208,0,4
2024552400936,2024,552400936,2,19,0,10,10,7,5,0,0,1,0,0,0,0,2,1,6,6,2,41,7,1995,2,6,FORD TRANSIT CUSTOM,4,E01015302,0,1
2024031467410,2024,031467410,1,19,0,-1,19,4,6,-1,0,8,0,0,0,0,3,1,-1,8,1,28,6,1995,2,3,FORD TRANSIT CUSTOM,1,E01019280,0,1
2024070562553,2024,070562553,2,19,0,18,19,8,4,0,0,1,0,0,0,0,1,1,1,1,1,34,6,1996,2,0,FORD TRANSIT CUSTOM,2,W01000226,0,4
2024010521265,2024,010521265,2,19,0,14,14,7,3,0,0,0,0,0,0,0,3,1,6,6,1,31,6,1995,2,2,FORD TRANSIT CUSTOM,7,E01002714,0,1
2024010549123,2024,010549123,1,19,0,18,19,7,3,0,0,2,0,0,0,0,4,1,1,1,1,33,6,1995,2,4,FORD TRANSIT CUSTOM,4,E01002444,0,2
2024991549553,2024,991549553,1,19,0,-1,8,8,5,-1,0,1,0,0,0,0,1,1,-1,1,1,42,7,1996,2,1,FORD TRANSIT CUSTOM,6,-1,0,3
2024552400257,2024,552400257,2,19,0,18,19,7,3,0,0,1,0,0,0,0,2,1,1,1,1,40,7,1995,2,1,FORD TRANSIT CUSTOM,6,E01020516,0,3
2024340WN4342,2024,340WN4342,1,19,0,-1,14,5,1,-1,0,1,0,0,0,0,1,1,-1,6,1,-1,-1,1995,2,3,FORD TRANSIT CUSTOM,-1,-1,0,-1
2024520403282,2024,520403282,2,19,9,18,19,9,9,0,0,1,0,0,0,0,1,1,6,6,3,-1,-1,1995,2,5,FORD TRANSIT CUSTOM,-1,-1,0,-1
2024440379228,2024,440379228,2,19,0,9,9,6,4,0,0,6,0,0,0,0,3,1,6,6,1,-1,-1,1995,2,7,FORD TRANSIT CUSTOM,-1,-1,0,-1
2024411541888,2024,411541888,1,19,0,-1,19,5,1,-1,0,0,0,0,0,0,1,1,-1,2,1,45,7,1995,2,4,FORD TRANSIT CUSTOM,9,E01035596,0,1
2024545718024,2024,545718024,3,19,0,4,4,5,1,0,0,1,0,0,0,0,2,1,6,6,1,34,6,1996,2,0,FORD TRANSIT CUSTOM,9,E01032712,0,3
2024361499674,2024,361499674,2,19,0,-1,3,5,2,-1,0,0,0,0,0,0,2,1,-1,1,1,42,7,2198,2,10,FORD TRANSIT CUSTOM,9,E01021526,0,5
2024111491407,2024,111491407,1,19,0,-1,13,3,7,-1,0,0,0,0,0,0,1,1,-1,1,1,35,6,1996,2,0,FORD TRANSIT CUSTOM,7,E01020731,0,1
2024061507900,2024,061507900,2,19,0,-1,19,6,6,-1,0,0,0,0,0,0,3,1,-1,1,1,31,6,1995,2,1,FORD TRANSIT CUSTOM,2,E01006352,0,1
2024010527046,2024,010527046,1,19,0,18,19,5,1,0,0,0,0,0,0,0,2,1,6,6,3,-1,-1,2198,2,8,FORD TRANSIT CUSTOM,-1,-1,0,-1
2024041400797,2024,041400797,1,19,0,-1,19,1,5,-1,0,0,0,0,0,0,4,9,-1,6,1,22,5,2198,2,9,FORD TRANSIT CUSTOM,7,E01025081,0,4
2024010545583,2024,010545583,1,19,0,7,7,4,7,0,0,1,0,0,0,0,1,1,1,1,1,26,6,1995,2,7,FORD TRANSIT CUSTOM,3,E01000315,0,1
2024052400449,2024,052400449,2,19,0,4,4,4,8,0,0,1,0,0,0,0,2,1,1,1,1,62,9,1995,2,6,FORD TRANSIT CUSTOM,2,E01006536,0,1
2024430587043,2024,430587043,2,19,0,2,2,0,0,0,0,0,0,0,0,0,2,1,2,2,1,33,6,2198,2,8,FORD TRANSIT CUSTOM,8,E01017838,0,4
2024440414161,2024,440414161,1,19,0,18,19,5,1,0,0,2,0,0,0,0,3,1,6,6,1,30,6,1995,2,1,FORD TRANSIT CUSTOM,-1,-1,0,-1
2024010537917,2024,010537917,1,19,0,4,4,3,7,0,0,0,0,0,0,0,3,1,1,1,1,50,8,1995,2,2,FORD TRANSIT CUSTOM,-1,-1,0,-1
2024622400377,2024,622400377,2,19,0,4,4,4,8,0,0,1,0,0,0,0,1,1,1,1,1,60,9,1995,2,4,FORD TRANSIT CUSTOM,3,W01001216,0,3
2024401541189,2024,401541189,1,19,0,-1,9,5,3,-1,0,6,0,0,0,0,1,1,-1,2,1,28,6,1995,2,8,FORD TRANSIT CUSTOM,7,E01017478,0,1
2024010525824,2024,010525824,2,19,9,99,99,9,9,99,99,6,9,99,9,99,9,9,6,6,3,-1,-1,1995,2,6,FORD TRANSIT CUSTOM,-1,-1,0,-1
2024010509424,2024,010509424,2,9,0,18,19,7,3,0,0,1,0,0,0,0,4,1,1,1,1,32,6,1995,2,5,FORD TRANSIT CUSTOM,5,E01004750,0,1
2024421410457,2024,421410457,1,19,0,-1,5,3,5,-1,0,4,0,0,0,0,3,1,-1,6,1,55,8,1995,2,7,FORD TRANSIT CUSTOM,4,E01021808,0,4
2024471477651,2024,471477651,3,19,0,-1,3,5,1,-1,0,0,1,0,0,0,2,1,-1,2,1,29,6,1995,2,3,FORD TRANSIT CUSTOM,8,E01035341,0,2
2024010544524,2024,010544524,1,19,0,17,19,1,5,0,0,2,0,0,0,0,1,1,1,1,1,64,9,1995,2,3,FORD TRANSIT CUSTOM,2,E01002033,0,4
2024340WN0182,2024,340WN0182,1,19,0,-1,19,8,4,-1,0,6,0,0,0,0,3,1,-1,9,1,65,9,1995,2,3,FORD TRANSIT CUSTOM,4,E01009927,0,4
2024411544251,2024,411544251,1,19,0,-1,15,5,1,-1,0,8,0,0,0,0,3,1,-1,6,1,50,8,1995,2,5,FORD TRANSIT CUSTOM,-1,-1,0,-1
2024471452868,2024,471452868,3,20,0,-1,4,2,6,-1,0,0,0,0,0,0,2,1,-1,6,1,60,9,-1,-1,-1,FORD TRANSIT CUSTOM,10,E01031718,0,1
2024411500641,2024,411500641,1,19,0,-1,19,7,3,-1,0,0,0,0,0,0,1,1,-1,1,1,43,7,1995,2,3,FORD TRANSIT CUSTOM,7,E01023492,0,1
2024061457188,2024,061457188,7,19,0,-1,2,0,0,-1,0,0,0,0,0,0,2,1,-1,6,-1,-1,-1,1995,2,6,FORD TRANSIT CUSTOM,-1,-1,0,-1
2024302400337,2024,302400337,1,19,0,18,19,6,2,0,0,2,0,0,0,0,1,1,6,6,3,60,9,1995,2,2,FORD TRANSIT CUSTOM,9,E01018431,0,4
2024991425163,2024,991425163,1,19,0,-1,19,2,6,-1,0,0,0,0,0,0,1,1,-1,1,1,27,6,1995,2,2,FORD TRANSIT CUSTOM,2,-1,0,4
2024010533577,2024,010533577,1,19,0,4,4,3,7,0,0,1,0,11,0,0,4,1,1,1,3,55,8,1995,2,1,FORD TRANSIT CUSTOM,6,E01020241,0,5
2024471442665,2024,471442665,2,19,0,-1,-1,-1,-1,-1,-1,0,-1,-1,-1,0,-1,9,-1,6,1,50,8,1995,2,1,FORD TRANSIT CUSTOM,4,E01024587,0,4
2024471432821,2024,471432821,3,19,0,-1,12,6,2,-1,0,0,9,0,0,0,1,1,-1,6,1,-1,-1,1995,2,3,FORD TRANSIT CUSTOM,6,E01031607,0,1
2024041496395,2024,041496395,2,19,0,-1,19,6,2,-1,0,8,0,0,1,0,3,1,-1,1,1,32,6,1995,2,6,FORD TRANSIT CUSTOM,4,E01012703,0,4
2024010525866,2024,010525866,1,19,0,9,9,3,1,0,0,1,0,0,0,0,4,1,2,2,1,59,9,1995,2,2,FORD TRANSIT CUSTOM,8,E01024454,0,4
2024052400843,2024,052400843,2,19,0,2,2,0,0,0,0,0,0,0,0,0,2,1,6,6,3,-1,-1,1995,2,2,FORD TRANSIT CUSTOM,-1,-1,0,-1
2024451532571,2024,451532571,1,19,0,-1,19,3,7,-1,0,0,0,0,0,0,2,1,-1,1,1,33,6,1995,2,2,FORD TRANSIT CUSTOM,8,E01032226,0,5
2024010546369,2024,010546369,2,19,9,99,99,9,9,99,99,9,9,99,9,99,2,9,6,6,3,-1,-1,1995,2,4,FORD TRANSIT CUSTOM,-1,-1,0,-1
2024010515973,2024,010515973,1,19,0,18,19,3,7,0,0,0,0,0,0,0,4,1,1,1,1,46,8,1995,2,5,FORD TRANSIT CUSTOM,6,E01004451,0,2
2024371439756,2024,371439756,4,19,0,-1,4,7,3,-1,0,0,0,0,0,0,1,1,-1,1,1,66,10,1995,2,5,FORD TRANSIT CUSTOM,6,E01030057,0,3
2024440086525,2024,440086525,1,19,0,6,6,2,2,0,0,0,0,0,0,0,1,1,1,1,1,31,6,1995,2,4,FORD TRANSIT CUSTOM,6,E01022592,0,4
202454C152724,2024,54C152724,2,19,0,4,4,2,6,0,0,0,1,0,0,0,2,1,1,1,2,46,8,1995,2,7,FORD TRANSIT CUSTOM,5,E01032089,0,1
2024041455639,2024,041455639,3,19,0,-1,19,3,7,-1,0,0,0,0,0,0,2,1,-1,1,1,29,6,1995,2,7,FORD TRANSIT CUSTOM,10,E01025352,0,3
2024070899819,2024,070899819,4,19,4,-1,19,7,3,-1,0,0,0,0,1,0,3,1,-1,2,1,33,6,1995,2,3,FORD TRANSIT CUSTOM,1,E01025049,0,4
2024211422203,2024,211422203,1,19,0,-1,19,4,8,-1,0,0,0,0,0,0,1,9,-1,2,1,31,6,1995,2,2,FORD TRANSIT CUSTOM,1,E01010031,0,4
2024010520627,2024,010520627,4,19,0,2,2,0,0,0,0,0,0,0,0,0,2,1,6,6,3,-1,-1,1995,2,3,FORD TRANSIT CUSTOM,-1,-1,0,-1
2024010520663,2024,010520663,1,19,0,18,19,5,1,0,0,2,0,0,0,0,1,1,1,1,1,44,7,1995,2,3,FORD TRANSIT CUSTOM,8,E01021621,0,4
2024052401760,2024,052401760,1,19,0,18,19,3,7,0,0,0,0,0,0,0,1,1,1,1,1,27,6,1995,2,4,FORD TRANSIT CUSTOM,1,E01006562,0,3
2024991527225,2024,991527225,3,19,0,-1,19,7,4,-1,0,0,0,0,0,0,3,1,-1,1,1,42,7,2198,2,11,FORD TRANSIT CUSTOM,6,-1,0,2
2024161418780,2024,161418780,1,19,0,-1,19,5,1,-1,0,0,1,0,0,0,1,1,-1,9,1,21,5,1995,2,4,FORD TRANSIT CUSTOM,3,E01013272,0,3
2024991415851,2024,991415851,1,19,0,-1,2,0,0,-1,0,0,0,0,0,0,3,1,-1,6,1,36,7,1995,2,2,FORD TRANSIT CUSTOM,1,E01009877,0,5
2024340WN4882,2024,340WN4882,1,19,0,-1,19,5,1,-1,0,0,0,0,0,0,1,1,-1,1,1,35,6,1995,2,2,FORD TRANSIT CUSTOM,6,E01027237,0,3
2024522401160,2024,522401160,3,19,0,6,6,4,4,0,0,0,0,0,0,0,0,1,6,6,1,35,6,1995,2,4,FORD TRANSIT CUSTOM,5,E01029067,0,4
2024340WN5942,2024,340WN5942,1,19,0,-1,19,5,1,-1,0,1,0,0,0,0,1,1,-1,1,1,28,6,1995,2,5,FORD TRANSIT CUSTOM,2,W01001069,0,5
2024332400869,2024,332400869,1,19,0,-1,19,7,3,-1,0,8,0,0,0,0,4,1,-1,9,1,48,8,2198,2,8,FORD TRANSIT CUSTOM,2,E01031119,0,4
2024131403025,2024,131403025,3,19,0,-1,19,8,4,-1,0,0,0,0,0,0,2,1,-1,1,1,64,9,1995,2,7,FORD TRANSIT CUSTOM,3,E01007807,0,4
2024010548876,2024,010548876,1,19,0,18,19,7,3,0,0,0,0,0,0,0,1,1,2,2,1,41,7,1995,2,5,FORD TRANSIT CUSTOM,1,E01015932,0,3
2024430606289,2024,430606289,1,19,0,4,4,8,4,0,0,1,0,0,0,0,2,1,6,6,1,23,5,2198,2,10,FORD TRANSIT CUSTOM,3,E01016445,0,1
2024552401513,2024,552401513,1,19,0,17,19,7,4,0,0,8,0,0,0,0,1,1,1,1,1,28,6,1995,2,1,FORD TRANSIT CUSTOM,7,E01017464,0,5
2024111451605,2024,111451605,1,19,0,-1,9,1,7,-1,0,2,0,0,0,0,3,1,-1,9,1,29,6,2198,2,8,FORD TRANSIT CUSTOM,3,E01008718,0,3
2024471491627,2024,471491627,1,19,0,-1,19,4,8,-1,0,8,0,0,0,0,4,1,-1,9,1,42,7,1995,2,2,FORD TRANSIT CUSTOM,10,E01031615,0,1
2024461399080,2024,461399080,3,19,0,-1,2,0,0,-1,0,0,0,0,0,0,2,9,-1,6,-1,-1,-1,2198,2,9,FORD TRANSIT CUSTOM,-1,-1,0,-1
2024201491835,2024,201491835,3,19,0,-1,3,6,2,-1,0,0,0,0,0,0,2,1,-1,6,1,18,4,1996,2,0,FORD TRANSIT CUSTOM,-1,-1,0,-1
2024010518677,2024,010518677,1,19,0,1,1,3,7,0,0,0,0,0,0,0,2,1,1,1,1,49,8,1995,2,3,FORD TRANSIT CUSTOM,6,E01002410,0,4
2024311533548,2024,311533548,1,19,0,-1,19,8,4,-1,0,1,0,0,0,0,1,1,-1,6,1,47,8,1995,2,6,FORD TRANSIT CUSTOM,-1,-1,0,-1
2024161451193,2024,161451193,1,19,0,-1,12,1,7,-1,0,3,2,10,0,0,2,1,-1,9,1,54,8,2198,2,8,FORD TRANSIT CUSTOM,3,E01012757,0,1
2024421417680,2024,421417680,2,19,0,-1,19,2,6,-1,0,0,0,0,0,0,3,1,-1,1,2,35,6,1995,2,5,FORD TRANSIT CUSTOM,5,E01021890,0,1
2024421488950,2024,421488950,4,19,0,-1,4,1,6,-1,0,0,0,0,0,0,0,1,-1,6,1,31,6,1995,2,6,FORD TRANSIT CUSTOM,5,E01029990,0,4
2024010491368,2024,010491368,1,19,0,18,19,1,5,0,0,0,0,0,0,0,1,1,1,1,1,44,7,1995,2,6,FORD TRANSIT CUSTOM,6,E01003843,0,1
2024052401867,2024,052401867,1,19,0,6,6,2,2,0,0,0,0,0,0,0,3,1,6,6,1,-1,-1,1995,2,4,FORD TRANSIT CUSTOM,-1,-1,0,-1
2024010535887,2024,010535887,1,19,0,18,19,1,5,0,0,2,0,0,0,0,1,1,1,1,1,25,5,1995,2,7,FORD TRANSIT CUSTOM,9,E01021548,0,4
2024010517479,2024,010517479,1,19,0,99,99,9,9,99,99,0,9,99,9,99,9,1,6,6,3,-1,-1,1995,2,4,FORD TRANSIT CUSTOM,7,E01024375,0,4
2024430387497,2024,430387497,1,19,0,4,4,1,5,0,0,0,0,0,0,0,1,1,1,1,1,48,8,1995,2,2,FORD TRANSIT CUSTOM,10,E01027265,0,3
2024552400335,2024,552400335,3,19,0,2,2,0,0,0,0,8,0,0,0,0,0,1,6,6,1,40,7,1995,2,7,FORD TRANSIT CUSTOM,7,E01020361,0,2
2024361402853,2024,361402853,2,19,0,-1,19,1,5,-1,0,4,0,4,0,0,1,1,-1,1,1,-1,-1,2198,2,9,FORD TRANSIT CUSTOM,6,E01026730,0,4
2024520401687,2024,520401687,2,19,0,18,19,5,1,0,0,0,0,0,0,0,3,1,6,6,1,43,7,1995,2,6,FORD TRANSIT CUSTOM,8,E01032679,0,4
2024371466465,2024,371466465,1,19,0,-1,19,4,8,-1,0,0,0,12,0,0,1,1,-1,1,1,62,9,1995,2,1,FORD TRANSIT CUSTOM,7,E01030038,0,1
2024131400384,2024,131400384,1,19,0,-1,2,5,1,-1,0,0,1,11,0,0,4,1,-1,1,1,32,6,1995,2,4,FORD TRANSIT CUSTOM,3,E01025221,0,3
2024070205369,2024,070205369,3,20,0,4,4,4,8,0,0,1,0,2,0,0,2,1,1,1,1,-1,-1,-1,-1,-1,FORD TRANSIT CUSTOM,-1,-1,0,-1
2024622400121,2024,622400121,2,19,0,18,19,2,6,0,0,0,0,0,0,0,4,1,1,1,1,30,6,2198,2,9,FORD TRANSIT CUSTOM,6,W01000986,0,3
2024041463161,2024,041463161,1,19,0,-1,1,5,1,-1,0,0,0,0,0,0,2,1,-1,9,2,23,5,2198,2,8,FORD TRANSIT CUSTOM,9,E01025064,0,3
2024501504557,2024,501504557,1,19,0,-1,19,8,4,-1,0,0,1,0,0,0,1,1,-1,2,1,37,7,1995,2,7,FORD TRANSIT CUSTOM,4,E01018905,0,1
2024461514253,2024,461514253,1,19,0,-1,19,3,7,-1,0,2,0,11,0,0,1,1,-1,9,1,46,8,1995,2,7,FORD TRANSIT CUSTOM,1,E01024660,0,1
2024471459276,2024,471459276,2,19,0,-1,19,1,4,-1,0,0,0,0,0,0,1,1,-1,2,1,49,8,1995,2,6,FORD TRANSIT CUSTOM,6,E01035327,0,1
2024161439397,2024,161439397,2,19,0,-1,19,3,7,-1,0,1,0,0,0,0,1,1,-1,6,1,39,7,1995,2,5,FORD TRANSIT CUSTOM,5,E01012824,0,1
2024471497832,2024,471497832,2,19,0,-1,9,3,1,-1,0,6,0,0,0,0,3,1,-1,6,1,42,7,1995,2,2,FORD TRANSIT CUSTOM,2,E01031783,0,1
2024010534351,2024,010534351,2,19,0,18,19,1,5,0,0,1,0,0,0,0,1,1,1,1,1,52,8,1995,2,3,FORD TRANSIT CUSTOM,3,E01002045,0,2
2024010523939,2024,010523939,1,19,0,13,13,7,3,0,0,8,0,0,0,0,1,1,1,1,1,40,7,1995,2,2,FORD TRANSIT CUSTOM,7,E01003456,0,1
2024231418040,2024,231418040,1,19,0,-1,19,1,5,-1,0,6,0,0,0,0,3,1,-1,6,1,52,8,1995,2,7,FORD TRANSIT CUSTOM,2,E01032239,0,2
2024131499713,2024,131499713,1,19,0,-1,19,3,7,-1,0,8,0,0,0,0,1,1,-1,1,1,55,8,1995,2,2,FORD TRANSIT CUSTOM,6,E01007468,0,4