collision_index,collision_year,collision_ref_no,vehicle_reference,vehicle_type,towing_and_articulation,vehicle_manoeuvre_historic,vehicle_manoeuvre,vehicle_direction_from,vehicle_direction_to,vehicle_location_restricted_lane_historic,vehicle_location_restricted_lane,junction_location,skidding_and_overturning,hit_object_in_carriageway,vehicle_leaving_carriageway,hit_object_off_carriageway,first_point_of_impact,vehicle_left_hand_drive,journey_purpose_of_driver_historic,journey_purpose_of_driver,sex_of_driver,age_of_driver,age_band_of_driver,engine_capacity_cc,propulsion_code,age_of_vehicle,generic_make_model,driver_imd_decile,lsoa_of_driver,escooter_flag,driver_distance_banding
2024010550093,2024,010550093,2,19,0,18,19,7,3,0,0,8,0,0,0,0,1,1,6,6,1,30,6,1995,2,4,FORD TRANSIT CUSTOM,-1,-1,0,-1
2024041515338,2024,041515338,3,19,0,-1,2,0,0,-1,0,1,0,0,0,0,1,1,-1,6,-1,-1,-1,1995,2,3,FORD TRANSIT CUSTOM,-1,-1,0,-1
2024351460248,2024,351460248,3,19,0,-1,19,5,2,-1,0,8,0,0,0,0,1,1,-1,1,1,34,6,1995,2,6,FORD TRANSIT CUSTOM,3,E01032524,0,4
2024351504381,2024,351504381,1,19,0,-1,-1,-1,-1,-1,-1,-1,-1,-1,-1,0,1,1,-1,6,1,56,9,1995,2,4,FORD TRANSIT CUSTOM,5,E01017967,0,1
2024131529232,2024,131529232,1,19,0,-1,9,4,5,-1,0,1,0,0,0,0,4,1,-1,2,1,23,5,1995,2,6,FORD TRANSIT CUSTOM,1,E01010735,0,3
2024461483005,2024,461483005,1,19,0,-1,4,5,1,-1,0,0,1,0,0,0,3,1,-1,1,1,31,6,1995,2,2,FORD TRANSIT CUSTOM,8,E01000680,0,3
2024552401363,2024,552401363,1,19,0,18,19,4,8,0,0,0,0,0,0,0,1,1,6,6,1,44,7,1995,2,2,FORD TRANSIT CUSTOM,4,E01020460,0,3
2024061481210,2024,061481210,10,19,0,-1,19,5,1,-1,0,1,0,0,0,0,0,1,-1,8,1,28,6,1995,2,1,FORD TRANSIT CUSTOM,1,E01005762,0,3
2024111479159,2024,111479159,2,19,0,-1,3,6,2,-1,0,0,0,0,0,0,2,1,-1,1,1,37,7,1995,2,7,FORD TRANSIT CUSTOM,-1,-1,0,-1
2024010541164,2024,010541164,2,19,0,2,2,0,0,0,0,1,1,0,0,0,1,1,6,6,3,-1,-1,1995,2,7,FORD TRANSIT CUSTOM,-1,-1,0,-1
2024161418806,2024,161418806,4,19,0,-1,5,5,1,-1,0,1,0,0,0,0,1,9,-1,6,1,63,9,1996,2,0,FORD TRANSIT CUSTOM,3,E01027833,0,4
2024010538982,2024,010538982,4,19,0,2,2,0,0,9,9,0,0,0,0,0,2,1,6,6,3,-1,-1,1995,2,2,FORD TRANSIT CUSTOM,-1,-1,0,-1
2024522402102,2024,522402102,1,19,0,9,9,6,4,0,0,5,0,0,0,0,1,1,6,6,1,47,8,1995,2,7,FORD TRANSIT CUSTOM,9,E01014908,0,1
2024010547205,2024,010547205,1,19,0,18,19,3,7,0,0,2,0,0,0,0,4,1,6,6,1,40,7,1995,2,5,FORD TRANSIT CUSTOM,-1,-1,0,-1
2024461412688,2024,461412688,2,19,-1,-1,2,0,0,-1,0,0,0,0,0,0,2,9,-1,6,1,35,6,1995,2,1,FORD TRANSIT CUSTOM,8,E01016144,0,1
2024421413136,2024,421413136,2,19,0,-1,19,6,2,-1,0,0,0,0,1,0,1,1,-1,6,1,36,7,2198,2,10,FORD TRANSIT CUSTOM,6,E01030112,0,3
2024010533097,2024,010533097,2,9,0,13,13,3,7,0,0,0,1,0,0,0,1,1,1,1,1,49,8,1995,2,2,FORD TRANSIT CUSTOM,3,E01001215,0,2
2024461410871,2024,461410871,2,19,0,-1,4,2,3,-1,0,0,1,0,1,0,1,9,-1,6,1,21,5,1995,2,5,FORD TRANSIT CUSTOM,3,E01016072,0,2
2024320606634,2024,320606634,2,19,4,-1,-1,8,4,0,0,1,0,0,0,0,2,1,-1,-1,1,32,6,1996,2,0,FORD TRANSIT CUSTOM,3,E01018160,0,4
2024991444792,2024,991444792,1,19,0,-1,19,4,8,-1,0,8,0,0,0,0,1,1,-1,1,2,36,7,1995,2,5,FORD TRANSIT CUSTOM,5,-1,0,1
2024361440865,2024,361440865,2,19,0,-1,4,5,1,-1,0,0,0,0,0,0,2,1,-1,9,1,37,7,2198,2,9,FORD TRANSIT CUSTOM,2,E01026829,0,4
2024531474430,2024,531474430,2,19,0,-1,19,1,5,-1,0,1,0,0,0,0,1,1,-1,6,2,43,7,1995,2,1,FORD TRANSIT CUSTOM,1,E01015538,0,4
2024451462387,2024,451462387,3,19,0,-1,2,0,0,-1,0,0,0,0,0,0,3,1,-1,6,-1,-1,-1,2198,2,11,FORD TRANSIT CUSTOM,-1,-1,0,-1
2024991453896,2024,991453896,2,19,0,-1,19,7,3,-1,0,0,0,0,0,0,3,1,-1,6,1,50,8,1995,2,4,FORD TRANSIT CUSTOM,6,-1,0,2
2024010518601,2024,010518601,1,19,0,99,99,9,9,99,99,9,9,99,9,99,9,9,2,2,1,50,8,1995,2,2,FORD TRANSIT CUSTOM,8,E01021254,0,4
2024070279106,2024,070279106,1,19,0,18,19,7,3,0,0,1,0,0,0,0,1,1,1,1,1,42,7,1995,2,7,FORD TRANSIT CUSTOM,9,E01018365,0,3
2024320043902,2024,320043902,1,19,0,-1,-1,6,2,0,0,0,1,0,0,0,1,1,1,1,1,60,9,1995,2,1,FORD TRANSIT CUSTOM,-1,-1,0,-1
2024471404485,2024,471404485,1,19,0,-1,9,7,5,-1,0,6,0,0,0,0,1,1,-1,2,1,31,6,1995,2,5,FORD TRANSIT CUSTOM,10,E01021067,0,4
2024552400713,2024,552400713,1,19,0,9,9,2,1,4,4,5,0,0,0,0,1,1,2,2,1,59,9,1995,2,7,FORD TRANSIT CUSTOM,6,E01020439,0,3
2024010520133,2024,010520133,2,19,0,1,1,9,9,99,99,0,9,99,9,99,2,9,6,6,3,-1,-1,1995,2,7,FORD TRANSIT CUSTOM,2,E01003921,0,2
2024631487024,2024,631487024,2,19,0,-1,19,7,3,-1,0,0,0,0,7,0,1,1,-1,9,1,55,8,1995,2,5,FORD TRANSIT CUSTOM,4,W01000608,0,2
2024501506294,2024,501506294,1,19,0,-1,19,5,1,-1,0,0,5,0,8,10,3,1,-1,2,1,26,6,1995,2,2,FORD TRANSIT CUSTOM,4,E01020073,0,1
2024010535629,2024,010535629,2,19,0,18,19,5,1,0,0,0,0,0,0,0,1,1,1,1,1,36,7,1995,2,7,FORD TRANSIT CUSTOM,-1,-1,0,-1
2024451428745,2024,451428745,2,19,0,-1,5,1,5,-1,0,0,0,0,0,0,3,1,-1,9,1,45,7,1995,2,4,FORD TRANSIT CUSTOM,7,E01030943,0,1
2024122400215,2024,122400215,1,19,0,7,7,7,1,0,0,6,0,0,0,0,2,1,2,2,1,18,4,2198,2,9,FORD TRANSIT CUSTOM,6,E01027790,0,4
2024010517095,2024,010517095,2,19,0,11,11,9,9,99,99,0,9,99,9,99,1,9,6,6,1,58,9,1995,2,3,FORD TRANSIT CUSTOM,9,E01031588,0,4
2024622400462,2024,622400462,1,19,0,18,19,8,4,0,0,1,0,0,0,0,1,1,6,6,2,21,5,1995,2,4,FORD TRANSIT CUSTOM,10,W01001196,0,1
2024421501217,2024,421501217,1,19,0,-1,19,6,2,-1,0,0,0,0,0,0,1,1,-1,6,1,38,7,1995,2,5,FORD TRANSIT CUSTOM,10,E01021251,0,2
2024041507180,2024,041507180,1,19,0,-1,19,5,5,-1,0,0,0,11,0,0,1,1,-1,1,1,26,6,1995,2,3,FORD TRANSIT CUSTOM,10,E01025352,0,2
2024141518163,2024,141518163,1,19,0,-1,19,5,5,-1,0,0,0,0,0,0,3,1,-1,2,1,42,7,1995,12,2,FORD TRANSIT CUSTOM,1,E01007662,0,1
2024440053859,2024,440053859,1,19,0,18,19,6,2,0,0,0,0,0,1,9,1,1,1,1,1,43,7,1995,2,3,FORD TRANSIT CUSTOM,1,E01017167,0,4
2024010529432,2024,010529432,1,19,0,18,19,7,3,0,0,8,1,0,0,0,3,1,1,1,1,53,8,1995,2,1,FORD TRANSIT CUSTOM,3,E01003723,0,2
2024221405278,2024,221405278,2,19,0,-1,19,6,1,-1,0,0,5,0,1,0,2,9,-1,6,1,58,9,1995,2,6,FORD TRANSIT CUSTOM,8,E01032223,0,1
2024461485116,2024,461485116,2,19,0,-1,2,1,5,-1,0,0,0,0,0,0,2,1,-1,1,1,42,7,1995,2,1,FORD TRANSIT CUSTOM,3,E01033092,0,1
202454A236724,2024,54A236724,2,19,0,17,19,1,5,0,0,0,0,0,0,0,1,1,1,1,1,58,9,1996,2,0,FORD TRANSIT CUSTOM,5,E01015587,0,2
2024031400628,2024,031400628,1,19,0,-1,15,5,1,-1,0,1,0,0,0,0,4,1,-1,2,1,42,7,1995,2,7,FORD TRANSIT CUSTOM,2,E01012482,0,5
2024451402168,2024,451402168,2,19,0,-1,99,1,5,-1,0,1,0,0,0,0,1,1,-1,6,1,40,7,1995,2,5,FORD TRANSIT CUSTOM,10,E01030770,0,1
2024501453088,2024,501453088,2,19,0,-1,19,3,7,-1,0,1,0,0,0,0,4,1,-1,2,1,46,8,1995,2,3,FORD TRANSIT CUSTOM,2,E01020277,0,1
2024221414739,2024,221414739,2,19,0,-1,19,6,2,-1,0,0,0,0,0,0,1,1,-1,1,1,50,8,1995,2,3,FORD TRANSIT CUSTOM,7,E01014013,0,3
2024501466028,2024,501466028,1,19,0,-1,19,3,7,-1,0,0,0,0,1,9,1,1,-1,1,1,29,6,1995,-1,3,FORD TRANSIT CUSTOM,1,E01020094,0,4
2024041490910,2024,041490910,4,19,0,-1,2,0,0,-1,0,0,0,0,0,0,2,1,-1,6,-1,-1,-1,1995,2,1,FORD TRANSIT CUSTOM,-1,-1,0,-1
2024010547794,2024,010547794,1,19,0,5,5,0,1,0,0,0,1,0,0,0,1,1,6,6,1,49,8,1995,2,3,FORD TRANSIT CUSTOM,2,E01003500,0,1
2024010518288,2024,010518288,2,19,0,99,99,9,9,0,0,0,9,99,9,99,1,9,6,6,3,-1,-1,1995,2,2,FORD TRANSIT CUSTOM,5,E01000583,0,3
2024320439468,2024,320439468,2,19,0,9,9,1,7,0,0,5,0,0,0,0,2,1,1,1,1,23,5,2198,2,10,FORD TRANSIT CUSTOM,4,E01025894,0,4
2024520401901,2024,520401901,1,19,0,3,3,5,1,0,0,0,0,0,0,0,2,1,6,6,2,21,5,1995,2,6,FORD TRANSIT CUSTOM,4,E01029327,0,2
2024991500767,2024,991500767,2,19,0,-1,2,7,3,-1,0,0,0,0,1,0,2,1,-1,1,1,54,8,2198,2,9,FORD TRANSIT CUSTOM,1,-1,0,2
2024411477628,2024,411477628,1,19,0,-1,-1,-1,-1,-1,-1,-1,-1,-1,-1,0,2,9,-1,6,1,-1,-1,1995,2,5,FORD TRANSIT CUSTOM,8,E01017766,0,3
2024461508947,2024,461508947,2,19,0,-1,19,2,6,-1,0,1,1,0,0,0,1,1,-1,9,1,44,7,2198,2,9,FORD TRANSIT CUSTOM,4,E01023997,0,3
2024041422339,2024,041422339,2,19,0,-1,19,5,1,-1,0,4,0,0,0,0,2,1,-1,1,1,47,8,1995,2,7,FORD TRANSIT CUSTOM,7,E01025507,0,3
2024320082636,2024,320082636,1,19,0,-1,-1,2,6,0,0,0,0,0,1,4,1,1,1,1,1,28,6,1995,2,3,FORD TRANSIT CUSTOM,5,E01026213,0,4
2024010548878,2024,010548878,2,19,0,9,9,1,7,0,0,1,0,0,0,0,4,1,1,1,1,44,7,1995,2,4,FORD TRANSIT CUSTOM,6,E01016564,0,3
2024522500283,2024,522500283,2,19,0,9,9,1,7,0,0,6,0,0,0,0,3,1,6,6,1,34,6,1995,2,3,FORD TRANSIT CUSTOM,3,W01001885,0,4
2024052402665,2024,052402665,1,19,0,18,19,2,6,0,0,0,0,0,0,0,1,1,2,2,3,-1,-1,1995,2,3,FORD TRANSIT CUSTOM,-1,-1,0,-1
2024547951924,2024,547951924,3,19,0,18,19,2,6,0,0,0,0,0,0,0,1,1,6,6,1,26,6,1995,2,4,FORD TRANSIT CUSTOM,7,E01032121,0,1
2024991435737,2024,991435737,3,19,0,-1,3,3,7,-1,0,1,0,0,0,0,3,1,-1,6,2,35,6,1996,2,0,FORD TRANSIT CUSTOM,6,-1,0,2
2024031527937,2024,031527937,1,19,0,-1,19,8,4,-1,0,0,1,0,7,0,3,1,-1,8,2,20,4,1995,2,3,FORD TRANSIT CUSTOM,-1,-1,0,-1
2024010511957,2024,010511957,1,19,0,18,19,7,3,0,0,2,2,0,0,0,2,1,2,2,1,32,6,1995,2,0,FORD TRANSIT CUSTOM,6,E01034997,0,4
2024332400502,2024,332400502,2,19,0,-1,2,0,0,-1,0,1,0,0,0,0,2,1,-1,6,3,-1,-1,1995,2,8,FORD TRANSIT CUSTOM,-1,-1,0,-1
2024461453133,2024,461453133,2,19,0,-1,19,7,5,-1,0,1,1,0,3,10,1,9,-1,6,1,21,5,2198,2,9,FORD TRANSIT CUSTOM,7,E01024245,0,4
2024340WN3082,2024,340WN3082,1,19,0,-1,19,7,3,-1,0,1,0,0,0,0,1,1,-1,6,1,-1,-1,1995,2,4,FORD TRANSIT CUSTOM,-1,-1,0,-1
2024141492618,2024,141492618,2,19,0,-1,19,5,1,-1,0,1,0,0,0,0,1,9,-1,6,1,48,8,1995,2,0,FORD TRANSIT CUSTOM,7,E01019528,0,4
2024101397844,2024,101397844,1,19,0,-1,1,7,3,-1,0,0,0,0,0,0,2,1,-1,1,1,53,8,1995,2,6,FORD TRANSIT CUSTOM,9,E01008526,0,1
2024311454692,2024,311454692,1,19,0,-1,19,1,1,-1,0,0,0,0,0,0,1,1,-1,6,1,34,6,1995,2,1,FORD TRANSIT CUSTOM,-1,-1,0,-1
2024201480000,2024,201480000,1,19,0,-1,19,1,5,-1,0,0,0,4,0,0,1,1,-1,1,1,30,6,1995,2,5,FORD TRANSIT CUSTOM,-1,-1,0,-1
2024010540901,2024,010540901,1,10,0,6,6,7,2,0,0,1,0,0,1,0,1,1,1,1,1,38,7,-1,-1,-1,FORD TRANSIT CUSTOM,-1,-1,0,-1
2024991518213,2024,991518213,1,19,0,-1,19,2,6,-1,0,6,0,0,0,0,1,1,-1,9,1,28,6,1995,2,5,FORD TRANSIT CUSTOM,-1,-1,0,-1
2024451455470,2024,451455470,1,19,0,-1,19,2,6,-1,0,0,0,0,2,7,1,1,-1,1,1,39,7,1995,2,1,FORD TRANSIT CUSTOM,4,E01017110,0,4
2024421466448,2024,421466448,2,19,0,-1,19,4,8,-1,0,0,0,0,0,0,2,1,-1,9,1,67,10,1995,2,6,FORD TRANSIT CUSTOM,-1,-1,0,-1
2024221512698,2024,221512698,2,19,0,-1,4,2,6,-1,0,0,0,0,0,0,2,9,-1,6,1,53,8,1995,2,7,FORD TRANSIT CUSTOM,8,E01032410,0,1
2024421455702,2024,421455702,2,19,0,-1,19,3,7,-1,0,0,0,0,0,0,3,1,-1,1,1,53,8,1995,2,6,FORD TRANSIT CUSTOM,6,E01021683,0,1
202417M100424,2024,17M100424,1,19,0,18,19,5,1,0,0,0,0,0,0,0,1,1,1,1,1,26,6,1995,2,5,FORD TRANSIT CUSTOM,7,E01012047,0,1
2024332400789,2024,332400789,1,19,0,-1,9,3,1,-1,0,6,0,0,0,0,3,1,-1,2,1,33,6,1995,2,4,FORD TRANSIT CUSTOM,7,E01025937,0,1
2024991455948,2024,991455948,2,19,0,-1,19,3,7,-1,0,1,0,0,0,0,1,1,-1,1,1,55,8,1995,2,5,FORD TRANSIT CUSTOM,1,-1,0,4
2024010529503,2024,010529503,1,19,0,18,19,5,1,6,6,0,0,0,0,0,1,1,1,1,1,51,8,1995,2,7,FORD TRANSIT CUSTOM,9,E01023308,0,4
2024122400083,2024,122400083,1,19,0,9,9,7,5,0,0,5,1,0,0,0,1,1,1,1,1,55,8,2198,2,9,FORD TRANSIT CUSTOM,8,E01027694,0,4
2024010487702,2024,010487702,2,19,0,99,99,9,9,99,99,5,9,99,9,99,1,9,6,6,3,-1,-1,1995,2,6,FORD TRANSIT CUSTOM,2,E01003070,0,1
2024302401314,2024,302401314,2,19,0,18,19,5,1,0,0,0,0,11,2,7,2,2,6,6,1,62,9,1995,2,3,FORD TRANSIT CUSTOM,8,E01013783,0,4
2024430440218,2024,430440218,2,19,0,18,19,8,4,0,0,0,0,0,0,0,2,1,1,1,1,32,6,2198,2,8,FORD TRANSIT CUSTOM,8,E01016255,0,4
2024031533184,2024,031533184,1,19,0,-1,19,2,6,-1,0,0,5,0,1,7,1,1,-1,1,1,69,10,1995,2,3,FORD TRANSIT CUSTOM,-1,-1,0,-1
2024430419857,2024,430419857,2,19,0,2,2,0,0,0,0,0,0,0,0,0,0,1,6,6,1,68,10,1995,2,6,FORD TRANSIT CUSTOM,5,E01016242,0,1
2024471395495,2024,471395495,2,19,0,-1,19,5,1,-1,0,0,0,0,0,0,4,1,-1,1,1,28,6,1995,2,5,FORD TRANSIT CUSTOM,4,E01022603,0,4
2024141456810,2024,141456810,1,19,0,-1,19,2,6,-1,0,8,0,0,0,0,1,1,-1,1,1,63,9,1995,2,6,FORD TRANSIT CUSTOM,1,E01008015,0,1
2024461436241,2024,461436241,1,19,0,-1,19,5,1,-1,0,1,0,0,0,0,1,9,-1,6,-1,30,6,2198,2,9,FORD TRANSIT CUSTOM,-1,-1,0,-1
2024211486573,2024,211486573,2,19,0,-1,2,0,0,-1,0,0,0,0,0,0,4,1,-1,6,1,35,6,1995,2,2,FORD TRANSIT CUSTOM,7,E01029644,0,1
2024302401358,2024,302401358,1,19,0,1,1,2,6,0,0,1,0,0,0,0,2,1,6,6,3,-1,-1,1995,2,6,FORD TRANSIT CUSTOM,4,E01009030,0,4
2024461455972,2024,461455972,1,19,0,-1,7,3,5,-1,0,0,0,0,3,0,1,9,-1,6,1,-1,-1,2198,2,8,FORD TRANSIT CUSTOM,4,E01024132,0,1
2024991445561,2024,991445561,2,19,0,-1,19,2,6,-1,0,0,0,0,0,0,1,1,-1,1,1,35,6,2198,2,8,FORD TRANSIT CUSTOM,6,-1,0,2
2024122400563,2024,122400563,2,19,0,18,19,3,7,0,0,1,0,0,0,0,2,1,1,1,1,23,5,1995,2,3,FORD TRANSIT CUSTOM,4,E01027843,0,4
2024010517645,2024,010517645,2,19,0,99,99,9,9,99,99,0,9,99,9,99,9,9,6,6,3,-1,-1,1995,2,4,FORD TRANSIT CUSTOM,-1,-1,0,-1
2024622400426,2024,622400426,2,19,0,17,19,3,8,0,0,8,0,0,0,0,0,1,1,1,1,37,7,1995,2,1,FORD TRANSIT CUSTOM,4,W01001964,0,3
2024547883924,2024,547883924,2,19,0,18,19,8,4,0,0,1,0,0,0,0,4,1,1,1,1,22,5,2198,2,8,FORD TRANSIT CUSTOM,6,E01031877,0,3
2024461415583,2024,461415583,1,19,0,-1,19,5,1,-1,0,2,0,0,0,0,3,9,-1,1,1,54,8,1995,2,1,FORD TRANSIT CUSTOM,1,E01024615,0,3
2024440021186,2024,440021186,1,19,0,18,19,8,4,0,0,0,0,0,0,0,1,1,1,1,1,33,6,1995,2,4,FORD TRANSIT CUSTOM,8,E01022765,0,1
2024010501325,2024,010501325,2,19,0,99,99,9,9,99,99,5,9,99,9,99,1,9,6,6,3,-1,-1,1995,2,7,FORD TRANSIT CUSTOM,-1,-1,0,-1
2024010525049,2024,010525049,2,19,0,2,2,0,0,0,0,0,0,0,0,0,2,1,6,6,3,-1,-1,1995,2,6,FORD TRANSIT CUSTOM,-1,-1,0,-1
2024421485057,2024,421485057,2,19,0,-1,19,2,6,-1,0,1,1,0,0,0,1,1,-1,2,1,52,8,2198,2,9,FORD TRANSIT CUSTOM,4,E01002315,0,4
2024131472516,2024,131472516,1,19,0,-1,-1,-1,-1,-1,-1,-1,-1,-1,-1,-1,-1,1,-1,6,3,-1,-1,2198,2,8,FORD TRANSIT CUSTOM,-1,-1,0,-1
2024122400410,2024,122400410,3,19,0,3,3,3,7,0,0,0,0,0,0,0,2,1,1,1,1,33,6,1995,2,7,FORD TRANSIT CUSTOM,1,E01012695,0,4
2024131533160,2024,131533160,1,19,0,-1,9,3,1,-1,0,8,0,0,0,0,1,1,-1,9,1,43,7,1996,2,0,FORD TRANSIT CUSTOM,7,E01011051,0,1
2024010531333,2024,010531333,1,19,0,7,7,3,6,0,0,1,0,0,0,0,4,1,6,6,1,34,6,1995,2,6,FORD TRANSIT CUSTOM,4,E01034384,0,2
2024052401880,2024,052401880,1,19,0,9,9,1,7,0,0,8,0,0,0,0,1,1,2,2,1,35,6,2198,2,10,FORD TRANSIT CUSTOM,1,E01006509,0,1
2024010514609,2024,010514609,2,19,0,18,19,4,8,0,0,0,0,0,0,0,1,1,6,6,1,53,8,1995,2,7,FORD TRANSIT CUSTOM,4,E01003410,0,1
2024010508160,2024,010508160,2,19,3,18,19,5,1,0,0,2,0,0,0,0,1,1,1,1,1,48,8,1995,2,8,FORD TRANSIT CUSTOM,4,E01004592,0,2
2024332400280,2024,332400280,1,19,0,-1,19,1,6,-1,0,8,1,0,1,11,1,1,-1,6,1,30,6,2198,2,9,FORD TRANSIT CUSTOM,7,E01025909,0,3
2024371517721,2024,371517721,3,19,0,-1,2,0,0,-1,0,1,0,0,0,0,3,1,-1,1,1,46,8,1995,2,1,FORD TRANSIT CUSTOM,5,E01030275,0,1
2024311430158,2024,311430158,2,19,0,-1,4,8,4,-1,0,0,0,0,0,0,2,1,-1,6,1,50,8,1995,2,5,FORD TRANSIT CUSTOM,-1,-1,0,-1
2024471477022,2024,471477022,1,19,0,-1,19,1,5,-1,0,0,0,0,0,0,1,1,-1,2,1,36,7,1995,2,4,FORD TRANSIT CUSTOM,5,E01030862,0,3
2024010541498,2024,010541498,1,19,0,3,3,1,5,0,0,2,0,0,0,0,0,1,1,1,1,26,6,1995,2,1,FORD TRANSIT CUSTOM,7,E01002514,0,1
2024440379142,2024,440379142,1,19,0,5,5,1,6,0,0,0,0,0,0,0,1,1,1,1,1,39,7,1995,2,4,FORD TRANSIT CUSTOM,10,E01023114,0,1
2024231491037,2024,231491037,3,19,0,-1,19,2,6,-1,0,0,0,0,0,0,1,1,-1,6,1,48,8,1995,2,3,FORD TRANSIT CUSTOM,6,E01009690,0,3
2024991530846,2024,991530846,2,19,0,-1,9,2,7,-1,0,1,0,0,0,0,3,1,-1,1,1,35,6,1995,2,2,FORD TRANSIT CUSTOM,-1,-1,0,-1
2024451495013,2024,451495013,2,19,0,-1,19,5,1,-1,0,0,0,0,0,0,3,1,-1,9,2,54,8,1995,2,4,FORD TRANSIT CUSTOM,7,E01030735,0,1
2024010517226,2024,010517226,1,19,0,99,99,9,9,99,99,9,9,99,9,99,2,9,1,1,1,31,6,1995,2,3,FORD TRANSIT CUSTOM,2,E01001940,0,1
2024440435072,2024,440435072,1,19,0,4,4,7,3,0,0,0,0,0,0,0,1,1,1,1,1,24,5,1995,2,1,FORD TRANSIT CUSTOM,-1,-1,0,-1
2024131458465,2024,131458465,2,19,0,-1,2,0,0,-1,0,8,0,0,0,0,3,1,-1,6,-1,-1,-1,1995,2,5,FORD TRANSIT CUSTOM,-1,-1,0,-1
2024311415806,2024,311415806,2,19,0,-1,4,3,7,-1,0,0,0,0,0,0,2,1,-1,1,1,32,6,2198,2,8,FORD TRANSIT CUSTOM,2,E01028067,0,3
2024471416027,2024,471416027,23,19,0,-1,19,7,3,-1,0,0,1,0,0,0,1,1,-1,6,1,26,6,1995,2,6,FORD TRANSIT CUSTOM,6,E01024763,0,4
2024010500565,2024,010500565,3,19,0,2,2,0,0,2,2,1,0,0,0,0,3,1,6,6,3,-1,-1,1995,2,7,FORD TRANSIT CUSTOM,-1,-1,0,-1
2024010524508,2024,010524508,1,19,0,9,9,6,3,0,0,8,0,0,0,0,1,1,1,1,1,38,7,1995,2,7,FORD TRANSIT CUSTOM,5,E01001158,0,3
2024461561756,2024,461561756,2,19,0,-1,19,3,7,-1,0,0,0,0,0,0,4,9,-1,6,1,29,6,1995,2,5,FORD TRANSIT CUSTOM,9,E01024297,0,1
2024320732638,2024,320732638,1,19,0,-1,-1,6,2,0,0,0,0,0,1,9,1,1,-1,-1,1,19,4,1995,2,8,FORD TRANSIT CUSTOM,9,E01034694,0,1
2024010504987,2024,010504987,1,19,0,18,19,5,1,0,0,8,0,0,0,0,1,1,2,2,1,57,9,1995,2,6,FORD TRANSIT CUSTOM,3,E01001722,0,1
2024010509598,2024,010509598,2,19,9,13,13,1,5,0,0,9,0,0,0,0,1,1,6,6,3,-1,-1,1995,2,5,FORD TRANSIT CUSTOM,-1,-1,0,-1
2024451491049,2024,451491049,2,19,0,-1,-1,-1,-1,-1,-1,-1,-1,-1,-1,0,-1,1,-1,6,1,70,10,2198,2,11,FORD TRANSIT CUSTOM,6,E01030550,0,1
2024461535934,2024,461535934,4,19,-1,-1,2,0,0,-1,0,0,0,0,0,0,4,9,-1,6,3,-1,-1,1995,2,6,FORD TRANSIT CUSTOM,-1,-1,0,-1
2024411518795,2024,411518795,2,19,0,-1,12,2,7,-1,0,1,0,0,0,0,0,1,-1,2,1,47,8,1995,2,4,FORD TRANSIT CUSTOM,10,E01023567,0,3
2024340NN2452,2024,340NN2452,1,19,0,-1,9,1,7,-1,0,5,0,0,0,0,2,1,-1,1,1,31,6,1995,2,2,FORD TRANSIT CUSTOM,3,E01009120,0,4
2024010538027,2024,010538027,2,19,0,99,99,9,9,99,99,9,9,99,9,99,2,9,6,6,3,-1,-1,1995,2,5,FORD TRANSIT CUSTOM,-1,-1,0,-1
2024131425646,2024,131425646,1,19,0,-1,19,5,1,-1,0,0,0,0,0,0,1,1,-1,1,1,43,7,1995,2,1,FORD TRANSIT CUSTOM,2,E01011907,0,3
2024371501139,2024,371501139,2,19,0,-1,19,8,4,-1,0,2,0,0,0,0,1,1,-1,1,1,43,7,2198,2,8,FORD TRANSIT CUSTOM,5,E01030080,0,1
2024010500021,2024,010500021,2,19,0,12,12,3,7,0,0,1,0,0,0,0,3,1,6,6,3,-1,-1,1995,2,4,FORD TRANSIT CUSTOM,-1,-1,0,-1
2024010509479,2024,010509479,1,19,0,18,19,3,7,0,0,1,0,0,0,0,1,1,2,2,1,37,7,1995,2,2,FORD TRANSIT CUSTOM,1,E01001798,0,1
2024302401750,2024,302401750,2,19,0,-1,19,6,2,-1,0,0,0,0,0,0,2,1,-1,6,1,71,10,1996,2,0,FORD TRANSIT CUSTOM,5,E01028189,0,4
2024061532534,2024,061532534,2,19,0,-1,19,-1,-1,-1,0,0,0,0,0,0,1,1,-1,6,3,-1,-1,2198,2,10,FORD TRANSIT CUSTOM,-1,-1,0,-1
2024052402612,2024,052402612,3,19,0,2,2,0,0,0,0,8,0,0,0,0,2,1,6,6,3,-1,-1,2198,2,10,FORD TRANSIT CUSTOM,-1,-1,0,-1
2024010524759,2024,010524759,2,19,0,13,13,7,3,0,0,0,0,0,0,0,2,1,1,1,1,42,7,1995,2,2,FORD TRANSIT CUSTOM,3,E01034204,0,2
2024010536558,2024,010536558,1,19,0,11,11,5,1,0,0,0,0,0,0,0,2,1,6,6,3,-1,-1,1995,2,7,FORD TRANSIT CUSTOM,-1,-1,0,-1
2024451515474,2024,451515474,2,19,0,-1,19,3,7,-1,0,8,0,0,0,0,1,1,-1,2,1,63,9,1996,2,1,FORD TRANSIT CUSTOM,4,E01030503,0,4
2024320446710,2024,320446710,1,19,0,4,4,2,6,0,0,0,0,0,0,0,0,1,6,6,1,-1,-1,1995,2,4,FORD TRANSIT CUSTOM,-1,-1,0,-1