collision_index,collision_year,collision_ref_no,vehicle_reference,vehicle_type,towing_and_articulation,vehicle_manoeuvre_historic,vehicle_manoeuvre,vehicle_direction_from,vehicle_direction_to,vehicle_location_restricted_lane_historic,vehicle_location_restricted_lane,junction_location,skidding_and_overturning,hit_object_in_carriageway,vehicle_leaving_carriageway,hit_object_off_carriageway,first_point_of_impact,vehicle_left_hand_drive,journey_purpose_of_driver_historic,journey_purpose_of_driver,sex_of_driver,age_of_driver,age_band_of_driver,engine_capacity_cc,propulsion_code,age_of_vehicle,generic_make_model,driver_imd_decile,lsoa_of_driver,escooter_flag,driver_distance_banding
2024501455214,2024,501455214,2,19,0,-1,19,3,7,-1,0,0,0,0,0,0,3,9,-1,2,1,41,7,1995,2,6,FORD TRANSIT CUSTOM,3,E01015228,0,2
2024991475352,2024,991475352,2,19,0,-1,4,4,8,-1,0,0,0,0,0,0,2,1,-1,1,1,65,9,1995,2,3,FORD TRANSIT CUSTOM,-1,-1,0,-1
2024070179400,2024,070179400,1,19,0,9,9,1,7,0,0,1,0,0,0,0,4,1,2,2,1,31,6,2198,2,9,FORD TRANSIT CUSTOM,8,E01012421,0,1
2024501489418,2024,501489418,1,19,0,-1,19,2,6,-1,0,0,0,0,0,0,1,1,-1,6,3,-1,-1,2198,2,9,FORD TRANSIT CUSTOM,-1,-1,0,-1
2024010496862,2024,010496862,2,19,0,99,99,9,9,99,99,9,9,99,9,99,2,9,6,6,3,-1,-1,1995,2,6,FORD TRANSIT CUSTOM,7,E01002975,0,4
2024520402324,2024,520402324,2,19,0,18,19,2,4,0,0,0,0,0,0,0,1,1,6,6,3,-1,-1,1995,2,1,FORD TRANSIT CUSTOM,-1,-1,0,-1
2024991414205,2024,991414205,1,19,0,-1,5,2,7,-1,0,8,0,0,0,0,1,1,-1,1,1,33,6,1995,2,5,FORD TRANSIT CUSTOM,3,-1,0,4
2024991476903,2024,991476903,2,19,0,-1,19,6,2,-1,0,0,0,0,0,0,2,1,-1,1,1,53,8,1996,2,0,FORD TRANSIT CUSTOM,6,-1,0,3
2024351473681,2024,351473681,2,19,0,-1,19,2,6,-1,0,0,0,0,0,0,2,1,-1,1,1,55,8,1995,2,4,FORD TRANSIT CUSTOM,3,E01035551,0,1
2024010498880,2024,010498880,2,19,0,18,19,1,5,0,0,0,0,0,0,0,1,1,6,6,1,58,9,1995,2,7,FORD TRANSIT CUSTOM,5,E01000337,0,2
2024471485907,2024,471485907,1,19,0,-1,19,5,1,-1,0,1,5,0,0,0,1,1,-1,1,1,44,7,1995,2,5,FORD TRANSIT CUSTOM,6,E01030629,0,4
2024031553712,2024,031553712,1,19,0,-1,5,4,8,-1,0,0,0,0,0,0,1,1,-1,6,1,31,6,2198,2,11,FORD TRANSIT CUSTOM,3,E01019211,0,1
2024501456297,2024,501456297,5,19,0,-1,2,0,0,-1,0,0,0,0,0,0,2,1,-1,6,-1,-1,-1,1995,2,2,FORD TRANSIT CUSTOM,-1,-1,0,-1
2024010503199,2024,010503199,2,19,0,7,7,2,4,0,0,8,0,0,0,0,1,1,1,1,1,39,7,1995,2,7,FORD TRANSIT CUSTOM,4,E01003249,0,1
2024471427504,2024,471427504,2,19,0,-1,19,4,8,-1,0,2,0,0,1,0,3,1,-1,2,1,48,8,1996,2,0,FORD TRANSIT CUSTOM,5,E01031595,0,4
2024501427420,2024,501427420,1,19,0,-1,19,1,5,-1,0,1,0,0,0,0,1,9,-1,6,1,25,5,1995,2,1,FORD TRANSIT CUSTOM,3,E01018869,0,2
2024531525360,2024,531525360,1,19,0,-1,19,7,3,-1,0,0,0,0,4,7,1,1,-1,1,1,27,6,1995,2,5,FORD TRANSIT CUSTOM,5,E01032129,0,4
2024461470624,2024,461470624,1,19,0,-1,19,2,6,-1,0,2,0,0,0,0,1,9,-1,6,1,55,8,1995,2,5,FORD TRANSIT CUSTOM,2,E01023974,0,1
2024010538452,2024,010538452,1,19,0,18,19,3,7,0,0,0,0,0,0,0,2,1,6,6,1,35,6,1996,2,0,FORD TRANSIT CUSTOM,3,E01033150,0,2
2024031493454,2024,031493454,1,19,0,-1,19,8,4,-1,0,0,0,0,0,0,1,1,-1,6,1,63,9,2198,2,8,FORD TRANSIT CUSTOM,5,E01019226,0,1
2024451517729,2024,451517729,1,19,0,-1,19,5,1,-1,0,0,0,0,0,0,4,1,-1,6,3,25,5,1995,2,3,FORD TRANSIT CUSTOM,1,E01006306,0,5
2024201496979,2024,201496979,2,19,0,-1,2,0,0,-1,0,2,0,4,0,0,1,1,-1,9,1,28,6,1995,2,3,FORD TRANSIT CUSTOM,-1,-1,0,-1
2024332400613,2024,332400613,2,19,0,-1,19,7,3,-1,0,1,0,0,1,9,1,1,-1,1,1,33,6,1995,2,6,FORD TRANSIT CUSTOM,6,E01027132,0,4
2024545305824,2024,545305824,1,19,0,18,19,3,7,0,0,0,0,0,0,0,1,1,6,6,1,25,5,1995,2,1,FORD TRANSIT CUSTOM,6,E01032075,0,3
2024991437134,2024,991437134,1,19,0,-1,12,6,2,-1,0,0,0,0,0,0,3,1,-1,1,1,42,7,1995,2,3,FORD TRANSIT CUSTOM,1,-1,0,1
2024010500061,2024,010500061,2,19,0,10,10,3,8,0,0,1,0,0,0,0,3,1,2,2,1,57,9,1995,2,3,FORD TRANSIT CUSTOM,3,E01003538,0,1
2024311449648,2024,311449648,1,19,0,-1,2,3,7,-1,0,0,0,4,0,0,2,1,-1,6,1,44,7,1995,2,6,FORD TRANSIT CUSTOM,-1,-1,0,-1
2024010508847,2024,010508847,1,19,0,99,99,9,9,99,99,9,9,99,9,99,3,9,1,1,1,34,6,1995,2,4,FORD TRANSIT CUSTOM,2,E01001349,0,2
2024141433423,2024,141433423,2,19,0,-1,5,1,6,-1,0,8,0,0,0,0,3,1,-1,6,1,-1,-1,1995,2,7,FORD TRANSIT CUSTOM,7,E01007831,0,1
2024131518416,2024,131518416,1,19,0,-1,9,1,5,-1,0,2,0,0,0,0,3,1,-1,1,1,29,6,1995,2,1,FORD TRANSIT CUSTOM,1,E01010830,0,1
2024991432714,2024,991432714,1,19,0,-1,7,3,7,-1,9,2,0,0,1,0,2,1,-1,6,3,45,7,2198,2,11,FORD TRANSIT CUSTOM,-1,-1,0,-1
2024041465023,2024,041465023,3,19,0,-1,19,5,1,-1,0,1,0,0,0,0,3,1,-1,1,1,31,6,1995,2,1,FORD TRANSIT CUSTOM,2,E01025244,0,2
2024461533323,2024,461533323,2,19,0,-1,4,5,1,-1,0,0,0,0,0,0,2,1,-1,2,1,36,7,1995,2,3,FORD TRANSIT CUSTOM,8,E01024772,0,1
2024131495244,2024,131495244,3,19,0,-1,19,8,5,-1,0,0,0,0,0,0,4,1,-1,6,1,-1,-1,1995,2,7,FORD TRANSIT CUSTOM,-1,-1,0,-1
2024061436001,2024,061436001,2,19,0,-1,10,5,3,-1,0,8,0,0,0,0,1,1,-1,1,1,23,5,1995,2,3,FORD TRANSIT CUSTOM,6,E01006216,0,1
2024010502008,2024,010502008,1,19,0,10,10,4,3,0,0,8,0,0,0,0,3,1,1,1,1,62,9,1995,2,4,FORD TRANSIT CUSTOM,7,E01021093,0,4
2024991516326,2024,991516326,1,19,0,-1,6,7,6,-1,0,0,0,0,0,0,1,1,-1,1,1,54,8,1995,2,4,FORD TRANSIT CUSTOM,3,-1,0,3
2024340WN3102,2024,340WN3102,2,19,0,-1,2,0,0,-1,0,2,0,0,0,0,2,1,-1,6,3,-1,-1,1995,2,6,FORD TRANSIT CUSTOM,-1,-1,0,-1
2024201517483,2024,201517483,1,19,0,-1,14,5,1,-1,0,0,0,0,0,0,1,9,-1,6,3,-1,-1,1995,2,4,FORD TRANSIT CUSTOM,-1,-1,0,-1
2024430566400,2024,430566400,1,19,0,18,19,4,8,0,0,0,0,0,0,0,2,1,6,6,1,40,7,1995,2,2,FORD TRANSIT CUSTOM,-1,-1,0,-1
2024332400010,2024,332400010,1,19,0,-1,19,3,7,-1,0,0,0,0,0,0,1,1,-1,1,1,41,7,1995,2,5,FORD TRANSIT CUSTOM,1,E01013920,0,4
2024161419966,2024,161419966,1,19,0,-1,4,1,5,-1,0,0,0,0,0,0,2,1,-1,1,1,46,8,1995,2,6,FORD TRANSIT CUSTOM,5,E01027892,0,4
2024631409170,2024,631409170,1,19,0,-1,19,2,6,-1,0,0,0,0,0,0,4,1,-1,6,1,36,7,1995,2,4,FORD TRANSIT CUSTOM,2,W01000670,0,4
2024010502866,2024,010502866,1,19,0,18,19,5,1,0,0,0,0,0,0,0,1,1,1,1,1,29,6,1995,2,3,FORD TRANSIT CUSTOM,5,E01001260,0,4
2024401519867,2024,401519867,2,19,0,-1,2,3,7,-1,-1,0,0,0,0,0,2,1,-1,6,1,32,6,1995,2,1,FORD TRANSIT CUSTOM,4,E01016715,0,3
2024010522185,2024,010522185,2,19,0,99,99,9,9,99,99,9,9,99,9,99,1,9,6,6,3,-1,-1,1995,2,8,FORD TRANSIT CUSTOM,3,E01004679,0,2
2024421403583,2024,421403583,1,19,0,-1,5,1,5,-1,0,5,0,0,0,0,1,1,-1,6,1,34,6,1995,2,5,FORD TRANSIT CUSTOM,10,E01021246,0,2
2024501575896,2024,501575896,1,19,0,-1,4,1,5,-1,0,0,0,0,0,0,2,1,-1,1,1,29,6,1995,2,5,FORD TRANSIT CUSTOM,1,E01015266,0,3
2024531467084,2024,531467084,1,19,0,-1,19,8,6,-1,0,0,0,0,0,0,-1,9,-1,1,1,37,7,2198,2,10,FORD TRANSIT CUSTOM,9,E01022340,0,2
2024320379137,2024,320379137,1,19,0,4,4,6,2,0,0,1,0,0,0,0,1,1,6,6,1,25,5,1995,2,5,FORD TRANSIT CUSTOM,6,E01026210,0,4
2024522403109,2024,522403109,1,19,0,18,19,7,3,0,0,0,0,0,0,0,1,1,6,6,1,46,8,1995,2,3,FORD TRANSIT CUSTOM,1,E01015266,0,5
2024010548092,2024,010548092,2,19,0,99,99,9,9,99,99,9,9,99,9,99,9,9,6,6,3,-1,-1,1995,2,0,FORD TRANSIT CUSTOM,7,E01031283,0,5
2024010537917,2024,010537917,3,19,0,2,2,0,0,0,0,0,0,0,0,0,3,1,6,6,3,-1,-1,1995,2,7,FORD TRANSIT CUSTOM,-1,-1,0,-1
2024010501556,2024,010501556,6,19,0,2,2,0,0,0,0,0,0,0,0,0,1,1,6,6,3,-1,-1,1995,2,7,FORD TRANSIT CUSTOM,-1,-1,0,-1
2024421444593,2024,421444593,1,19,0,-1,19,7,3,-1,0,1,0,0,0,0,1,1,-1,6,1,45,7,1995,2,3,FORD TRANSIT CUSTOM,5,E01033459,0,1
2024041496588,2024,041496588,2,19,0,-1,19,5,1,-1,0,0,0,0,0,0,2,1,-1,1,1,40,7,1995,2,4,FORD TRANSIT CUSTOM,7,-1,0,5
2024430581630,2024,430581630,2,19,0,18,19,2,6,0,0,1,0,0,0,0,1,1,6,6,1,-1,-1,1995,2,6,FORD TRANSIT CUSTOM,-1,-1,0,-1
2024421440406,2024,421440406,2,19,0,-1,9,2,7,-1,0,8,0,0,0,0,4,1,-1,6,1,30,6,1995,2,6,FORD TRANSIT CUSTOM,9,E01021409,0,4
2024010517931,2024,010517931,1,19,0,18,19,3,7,0,0,1,0,0,0,0,1,1,1,1,2,27,6,1995,2,3,FORD TRANSIT CUSTOM,2,E01003507,0,1
2024010511439,2024,010511439,1,19,0,9,9,5,2,0,0,5,0,0,0,0,2,1,1,1,1,30,6,1995,2,6,FORD TRANSIT CUSTOM,6,E01001198,0,3
2024061496317,2024,061496317,1,19,0,-1,5,3,7,-1,0,0,0,0,0,0,4,1,-1,1,1,24,5,1995,2,3,FORD TRANSIT CUSTOM,8,E01005336,0,2
2024421473171,2024,421473171,2,19,0,-1,4,5,3,-1,0,1,0,0,0,0,3,1,-1,9,1,32,6,2198,2,10,FORD TRANSIT CUSTOM,6,E01021404,0,1
2024010520378,2024,010520378,1,9,0,2,2,0,0,0,0,2,0,0,0,0,0,1,6,6,3,-1,-1,1995,2,5,FORD TRANSIT CUSTOM,-1,-1,0,-1
2024520402373,2024,520402373,1,19,0,7,7,1,3,0,0,8,0,0,0,0,1,1,6,6,1,48,8,2198,2,9,FORD TRANSIT CUSTOM,10,E01029172,0,1
2024070139701,2024,070139701,1,19,0,18,19,7,3,0,0,8,1,0,3,0,1,1,1,1,1,46,8,2198,2,9,FORD TRANSIT CUSTOM,2,E01004966,0,4
2024302401185,2024,302401185,1,19,0,18,19,6,1,0,0,8,0,0,0,0,3,1,1,1,1,64,9,1995,2,1,FORD TRANSIT CUSTOM,6,E01027925,0,4
2024141474368,2024,141474368,1,19,0,-1,12,3,7,-1,0,0,0,0,0,0,1,1,-1,1,1,25,5,1995,2,3,FORD TRANSIT CUSTOM,9,E01019790,0,2
2024061469588,2024,061469588,3,19,0,-1,19,3,7,-1,0,0,0,0,0,0,4,1,-1,1,1,31,6,1995,2,1,FORD TRANSIT CUSTOM,8,E01010935,0,4
2024451444264,2024,451444264,2,19,0,-1,7,5,2,-1,0,5,0,0,0,0,1,1,-1,6,1,38,7,1995,2,5,FORD TRANSIT CUSTOM,7,E01030563,0,1
2024211519984,2024,211519984,2,19,0,-1,19,5,1,-1,0,0,1,0,0,0,1,1,-1,9,1,33,6,1995,2,1,FORD TRANSIT CUSTOM,7,E01025620,0,4
2024440253397,2024,440253397,1,19,0,18,19,2,6,0,0,0,5,0,1,4,4,1,1,1,1,35,6,1995,2,6,FORD TRANSIT CUSTOM,1,E01017167,0,3
2024471532869,2024,471532869,1,19,0,-1,19,5,1,-1,0,0,1,0,1,0,1,2,-1,9,1,41,7,1995,2,3,FORD TRANSIT CUSTOM,1,E01007087,0,5
2024411445083,2024,411445083,2,19,0,-1,4,5,1,-1,0,0,0,0,0,0,2,1,-1,6,1,24,5,1995,2,7,FORD TRANSIT CUSTOM,6,E01027079,0,4
2024041430559,2024,041430559,1,19,0,-1,7,1,5,-1,0,5,5,0,0,0,1,1,-1,1,1,37,7,1995,2,1,FORD TRANSIT CUSTOM,1,E01012746,0,1
2024010511571,2024,010511571,2,19,0,10,10,1,7,0,0,1,0,0,0,0,3,1,6,6,1,57,9,1996,2,0,FORD TRANSIT CUSTOM,8,E01002287,0,1
2024520500079,2024,520500079,2,19,0,18,19,3,7,0,0,0,0,0,0,0,3,1,6,6,1,40,7,1995,2,6,FORD TRANSIT CUSTOM,6,E01020541,0,2
2024547725624,2024,547725624,1,19,0,18,19,6,2,0,0,1,0,0,0,0,1,1,1,1,1,46,8,1995,2,3,FORD TRANSIT CUSTOM,2,E01014626,0,3
2024111503856,2024,111503856,1,19,0,-1,19,5,1,-1,0,1,0,0,0,0,1,1,-1,6,1,40,7,2198,2,9,FORD TRANSIT CUSTOM,1,E01008191,0,2
2024401449444,2024,401449444,2,20,0,-1,4,7,1,-1,0,0,0,0,0,0,1,1,-1,1,1,40,7,-1,-1,-1,FORD TRANSIT CUSTOM,5,E01017475,0,1
2024031469031,2024,031469031,2,19,0,-1,19,5,1,-1,0,0,0,0,0,0,2,1,-1,2,1,59,9,2198,2,10,FORD TRANSIT CUSTOM,7,E01019376,0,4
2024041506676,2024,041506676,1,19,0,-1,19,1,5,-1,0,0,0,0,0,0,1,1,-1,9,1,47,8,2198,2,9,FORD TRANSIT CUSTOM,8,E01025277,0,2
2024991474409,2024,991474409,1,19,0,-1,9,2,8,-1,0,8,0,0,0,0,1,1,-1,9,1,64,9,1995,2,7,FORD TRANSIT CUSTOM,4,-1,0,1
2024010537597,2024,010537597,2,19,0,99,99,9,9,99,99,9,9,99,9,99,9,9,2,2,1,30,6,1995,2,1,FORD TRANSIT CUSTOM,7,E01023963,0,4
2024340WN7222,2024,340WN7222,1,19,0,-1,19,7,3,-1,0,1,0,0,0,0,1,1,-1,6,1,-1,-1,1995,2,4,FORD TRANSIT CUSTOM,-1,-1,0,-1
2024440081022,2024,440081022,1,19,0,6,6,6,6,0,0,0,0,0,0,0,1,1,6,6,1,51,8,1995,2,7,FORD TRANSIT CUSTOM,2,E01017051,0,1
2024421501391,2024,421501391,2,19,0,-1,19,1,5,-1,0,1,0,0,0,0,1,1,-1,2,1,40,7,1995,2,3,FORD TRANSIT CUSTOM,8,E01021867,0,3
2024010499547,2024,010499547,2,19,0,99,99,9,9,99,99,0,9,99,9,99,9,9,6,6,3,-1,-1,1995,2,4,FORD TRANSIT CUSTOM,-1,-1,0,-1
2024010503431,2024,010503431,3,19,0,18,19,1,5,0,0,1,0,0,0,0,1,1,1,1,1,41,7,1995,2,7,FORD TRANSIT CUSTOM,-1,-1,0,-1
2024991399467,2024,991399467,3,19,0,-1,2,8,4,-1,0,0,0,0,0,0,0,1,-1,1,1,24,5,1995,2,4,FORD TRANSIT CUSTOM,7,-1,0,4
2024141527538,2024,141527538,2,19,0,-1,2,0,0,-1,0,0,0,0,0,0,1,1,-1,6,-1,-1,-1,1995,2,5,FORD TRANSIT CUSTOM,-1,-1,0,-1
2024461442415,2024,461442415,1,19,0,-1,4,4,7,-1,0,0,0,0,0,0,0,9,-1,6,2,30,6,1995,2,3,FORD TRANSIT CUSTOM,7,E01024124,0,4
2024547863324,2024,547863324,2,19,0,18,19,1,5,0,0,1,0,0,0,0,1,1,6,6,1,52,8,1995,2,3,FORD TRANSIT CUSTOM,9,E01031955,0,1
2024302400246,2024,302400246,1,19,0,4,4,1,5,0,0,0,0,0,0,0,1,1,2,2,1,38,7,2198,2,8,FORD TRANSIT CUSTOM,5,E01019876,0,4
2024520402560,2024,520402560,1,19,0,16,19,3,1,0,0,1,0,0,0,0,3,1,6,6,1,58,9,1995,2,3,FORD TRANSIT CUSTOM,7,E01029277,0,4
2024461485188,2024,461485188,2,19,0,-1,19,3,7,-1,0,4,0,0,0,0,3,1,-1,9,1,29,6,1996,2,0,FORD TRANSIT CUSTOM,1,E01016161,0,1
2024052401308,2024,052401308,1,19,0,1,1,7,3,0,0,0,0,0,0,0,2,1,1,1,1,29,6,1995,2,2,FORD TRANSIT CUSTOM,1,E01012407,0,3
2024440517251,2024,440517251,2,19,0,18,19,4,8,0,0,8,0,0,0,0,1,1,2,2,1,68,10,1995,2,3,FORD TRANSIT CUSTOM,10,E01023207,0,1
2024451527210,2024,451527210,1,19,0,-1,19,4,8,-1,0,1,0,0,0,0,1,2,-1,9,2,34,6,1995,2,7,FORD TRANSIT CUSTOM,6,E01030738,0,2
2024421504785,2024,421504785,1,19,0,-1,19,3,7,-1,0,0,0,0,0,0,1,1,-1,2,1,29,6,1995,2,5,FORD TRANSIT CUSTOM,8,E01021932,0,4
2024010535909,2024,010535909,1,19,0,18,19,2,6,0,0,0,0,0,0,0,1,1,1,1,1,32,6,1995,2,3,FORD TRANSIT CUSTOM,2,E01001054,0,3
2024101482197,2024,101482197,1,19,0,-1,7,5,8,-1,0,8,0,0,0,0,1,1,-1,1,1,40,7,1995,2,1,FORD TRANSIT CUSTOM,1,E01008215,0,2
2024061525135,2024,061525135,1,19,0,-1,19,8,3,-1,0,8,0,0,0,0,1,1,-1,1,1,49,8,1995,2,6,FORD TRANSIT CUSTOM,1,E01005342,0,3
2024451418875,2024,451418875,1,19,0,-1,19,3,8,-1,0,1,0,0,0,0,1,1,-1,9,1,34,6,2198,2,10,FORD TRANSIT CUSTOM,8,E01030686,0,1
2024010502034,2024,010502034,2,19,0,99,99,9,9,99,99,5,9,99,9,99,4,9,6,6,3,42,7,1995,2,7,FORD TRANSIT CUSTOM,6,E01001073,0,3
2024010522668,2024,010522668,1,19,0,7,7,5,8,0,0,1,0,0,0,0,4,1,2,2,1,33,6,1995,2,7,FORD TRANSIT CUSTOM,3,E01001246,0,1
2024122401185,2024,122401185,1,19,0,9,9,1,6,0,0,0,0,0,0,0,0,1,2,2,1,36,7,1995,2,6,FORD TRANSIT CUSTOM,1,E01011326,0,4
2024211440259,2024,211440259,1,19,0,-1,19,4,8,-1,0,0,0,0,0,0,0,1,-1,6,1,41,7,1995,2,5,FORD TRANSIT CUSTOM,8,E01034050,0,3
2024461427657,2024,461427657,2,19,0,-1,11,1,5,-1,0,3,2,0,0,0,4,1,-1,2,1,61,9,1995,2,7,FORD TRANSIT CUSTOM,4,E01024120,0,4
2024531502525,2024,531502525,1,19,0,-1,19,1,7,-1,0,4,0,0,0,0,1,9,-1,6,1,19,4,1995,2,3,FORD TRANSIT CUSTOM,5,E01001291,0,5
2024010527190,2024,010527190,2,19,0,5,5,6,2,0,0,1,0,0,0,0,2,1,1,1,2,39,7,1995,2,1,FORD TRANSIT CUSTOM,8,E01002691,0,3
2024161408094,2024,161408094,1,19,0,-1,19,5,1,-1,0,0,0,0,0,0,1,9,-1,7,1,50,8,2198,2,9,FORD TRANSIT CUSTOM,7,E01013010,0,1
2024991490861,2024,991490861,2,19,0,-1,19,7,3,-1,0,8,0,0,0,0,3,1,-1,1,1,27,6,1995,2,7,FORD TRANSIT CUSTOM,-1,-1,0,-1
2024010514801,2024,010514801,1,19,9,99,99,9,9,99,99,9,9,99,9,99,9,9,1,1,1,44,7,1995,2,3,FORD TRANSIT CUSTOM,7,E01023373,0,4
2024031466371,2024,031466371,1,10,0,-1,19,5,1,-1,0,0,5,10,0,0,1,1,-1,2,1,27,6,-1,-1,-1,FORD TRANSIT CUSTOM,7,E01019240,0,4
2024531526667,2024,531526667,1,19,0,-1,19,4,8,-1,0,0,0,0,0,0,3,9,-1,6,1,25,5,2198,2,8,FORD TRANSIT CUSTOM,6,E01022351,0,2
2024501448642,2024,501448642,1,19,0,-1,6,4,2,-1,0,8,0,0,0,0,1,9,-1,6,1,31,6,2198,2,9,FORD TRANSIT CUSTOM,9,E01019906,0,3
2024041532282,2024,041532282,3,19,0,-1,19,5,1,-1,0,0,0,0,0,0,2,1,-1,1,1,50,8,1995,2,3,FORD TRANSIT CUSTOM,-1,-1,0,-1
2024161522863,2024,161522863,2,20,0,-1,19,1,5,-1,99,4,0,0,0,0,1,1,-1,6,1,23,5,-1,-1,-1,FORD TRANSIT CUSTOM,-1,-1,0,-1
2024061447424,2024,061447424,1,19,0,-1,19,1,3,-1,0,1,0,0,1,0,3,1,-1,8,2,41,7,1995,2,1,FORD TRANSIT CUSTOM,-1,-1,0,-1
2024522403001,2024,522403001,3,19,0,18,19,3,7,0,0,1,0,0,0,0,1,1,1,1,1,60,9,1996,2,0,FORD TRANSIT CUSTOM,7,E01035217,0,1
2024010497775,2024,010497775,1,19,0,14,14,1,5,0,0,2,0,0,0,0,2,1,1,1,1,33,6,1995,2,1,FORD TRANSIT CUSTOM,2,E01004008,0,1
2024010550065,2024,010550065,2,19,0,7,7,3,5,9,9,5,0,0,0,0,4,1,1,1,1,29,6,1995,2,1,FORD TRANSIT CUSTOM,4,E01004259,0,1
2024010504836,2024,010504836,1,19,0,18,19,2,6,0,0,0,0,0,0,0,1,1,6,6,1,41,7,1995,2,7,FORD TRANSIT CUSTOM,5,E01000554,0,1
2024471445678,2024,471445678,1,19,0,-1,19,7,3,-1,0,1,0,0,0,0,1,1,-1,9,1,56,9,2198,2,10,FORD TRANSIT CUSTOM,8,E01021209,0,1
2024010548957,2024,010548957,1,19,0,9,9,1,7,0,0,3,0,0,0,0,1,1,2,2,1,55,8,1995,2,4,FORD TRANSIT CUSTOM,7,E01000723,0,1
2024010516884,2024,010516884,1,19,0,13,13,5,1,0,0,2,0,0,0,0,3,1,1,1,1,51,8,1995,2,4,FORD TRANSIT CUSTOM,2,E01001509,0,3
2024340WN1112,2024,340WN1112,1,19,0,-1,19,3,7,-1,0,8,0,0,0,0,4,1,-1,2,1,30,6,1995,2,1,FORD TRANSIT CUSTOM,7,E01027135,0,1
2024141509540,2024,141509540,2,19,0,-1,4,1,5,-1,0,0,0,0,0,0,1,1,-1,1,1,74,10,1996,2,0,FORD TRANSIT CUSTOM,9,E01013016,0,4
2024231498993,2024,231498993,2,19,0,-1,19,4,8,-1,0,8,0,0,0,0,3,1,-1,1,1,31,6,2198,2,9,FORD TRANSIT CUSTOM,4,E01031231,0,3
2024201523959,2024,201523959,1,19,0,-1,9,5,3,-1,0,6,0,0,0,0,1,1,-1,1,3,-1,-1,1996,2,0,FORD TRANSIT CUSTOM,-1,-1,0,-1
2024311430625,2024,311430625,1,19,0,-1,19,3,7,-1,0,6,0,0,0,0,1,1,-1,1,1,55,8,1995,2,5,FORD TRANSIT CUSTOM,5,E01020119,0,5
2024010527492,2024,010527492,1,10,0,5,5,0,3,0,0,0,0,0,0,0,4,1,6,6,1,26,6,-1,-1,-1,FORD TRANSIT CUSTOM,4,E01034156,0,1
2024461502763,2024,461502763,2,19,0,-1,9,8,8,-1,0,2,1,0,0,0,4,1,-1,2,1,28,6,1995,2,3,FORD TRANSIT CUSTOM,7,E01024274,0,3
2024440428651,2024,440428651,2,19,0,18,19,7,1,0,0,0,0,0,0,0,1,1,6,6,1,53,8,1995,2,3,FORD TRANSIT CUSTOM,7,E01023277,0,2
2024070493631,2024,070493631,1,19,0,7,7,6,1,0,0,0,1,0,1,10,3,1,6,6,1,29,6,1995,2,8,FORD TRANSIT CUSTOM,9,E01018430,0,1
2024122400817,2024,122400817,1,19,0,5,5,1,5,0,0,1,0,0,0,0,1,1,6,6,1,24,5,1995,2,6,FORD TRANSIT CUSTOM,4,E01034983,0,1
2024010531025,2024,010531025,2,19,0,99,99,9,9,99,99,0,9,99,9,99,2,9,6,6,3,-1,-1,1995,2,5,FORD TRANSIT CUSTOM,4,E01032568,0,1
2024010507106,2024,010507106,3,19,0,3,3,3,7,0,0,1,0,0,0,0,2,1,1,1,1,43,7,1995,2,6,FORD TRANSIT CUSTOM,6,E01016304,0,4
2024010507299,2024,010507299,2,19,0,99,99,9,9,99,99,9,9,99,9,99,9,9,6,6,3,39,7,1995,2,7,FORD TRANSIT CUSTOM,2,E01002633,0,3
2024221477426,2024,221477426,1,19,0,-1,19,7,4,-1,0,0,0,0,7,10,1,1,-1,6,1,50,8,2198,2,10,FORD TRANSIT CUSTOM,8,E01032299,0,2
2024010507379,2024,010507379,5,19,0,2,2,0,0,0,0,1,0,0,0,0,3,1,6,6,3,-1,-1,1995,2,1,FORD TRANSIT CUSTOM,-1,-1,0,-1
2024311509458,2024,311509458,2,19,0,-1,5,5,1,-1,0,1,0,0,0,0,1,1,-1,1,1,30,6,1995,2,2,FORD TRANSIT CUSTOM,-1,-1,0,-1
2024311406008,2024,311406008,1,19,0,-1,5,4,8,-1,0,1,0,0,0,0,0,1,-1,9,1,41,7,2198,2,10,FORD TRANSIT CUSTOM,9,E01027936,0,1
2024211457754,2024,211457754,4,19,0,-1,4,5,1,-1,0,0,0,0,0,0,1,1,-1,1,1,35,6,1995,2,3,FORD TRANSIT CUSTOM,-1,-1,0,-1
2024471396760,2024,471396760,2,19,0,-1,2,0,0,-1,0,0,0,0,0,0,2,1,-1,6,-1,-1,-1,1995,2,7,FORD TRANSIT CUSTOM,-1,-1,0,-1
2024131484401,2024,131484401,2,19,0,-1,19,2,6,-1,0,8,0,0,0,0,1,1,-1,6,1,23,5,1995,2,6,FORD TRANSIT CUSTOM,4,E01010783,0,1
2024461463553,2024,461463553,2,19,0,-1,19,3,7,-1,0,0,0,0,0,0,2,9,-1,2,1,52,8,1995,2,5,FORD TRANSIT CUSTOM,3,E01024384,0,3
2024451499856,2024,451499856,2,19,0,-1,19,3,7,-1,0,8,0,0,0,0,1,1,-1,1,1,-1,-1,1995,2,5,FORD TRANSIT CUSTOM,10,E01003851,0,4