collision_index,collision_year,collision_ref_no,vehicle_reference,vehicle_type,towing_and_articulation,vehicle_manoeuvre_historic,vehicle_manoeuvre,vehicle_direction_from,vehicle_direction_to,vehicle_location_restricted_lane_historic,vehicle_location_restricted_lane,junction_location,skidding_and_overturning,hit_object_in_carriageway,vehicle_leaving_carriageway,hit_object_off_carriageway,first_point_of_impact,vehicle_left_hand_drive,journey_purpose_of_driver_historic,journey_purpose_of_driver,sex_of_driver,age_of_driver,age_band_of_driver,engine_capacity_cc,propulsion_code,age_of_vehicle,generic_make_model,driver_imd_decile,lsoa_of_driver,escooter_flag,driver_distance_banding
2024471485803,2024,471485803,2,19,-1,-1,19,2,6,-1,0,1,0,0,0,0,-1,9,-1,2,1,50,8,1995,2,6,FORD TRANSIT CUSTOM,9,E01021533,0,5
2024501454634,2024,501454634,1,19,0,-1,19,1,5,-1,0,1,0,0,0,0,1,1,-1,1,1,79,11,1996,2,0,FORD TRANSIT CUSTOM,10,E01020004,0,1
2024430240958,2024,430240958,2,19,0,18,19,3,7,0,0,8,0,0,0,0,1,1,2,2,1,52,8,2198,2,9,FORD TRANSIT CUSTOM,7,E01035737,0,4
2024010533023,2024,010533023,2,19,0,7,7,9,9,99,99,5,9,99,9,99,9,9,6,6,1,73,10,1995,2,6,FORD TRANSIT CUSTOM,7,E01001083,0,3
2024501410297,2024,501410297,1,19,0,-1,20,4,8,-1,0,1,0,0,0,0,3,9,-1,6,1,-1,-1,1995,2,2,FORD TRANSIT CUSTOM,1,E01018767,0,4
2024010513698,2024,010513698,1,19,0,18,19,7,3,0,0,3,0,4,0,0,1,1,6,6,1,23,5,1995,2,3,FORD TRANSIT CUSTOM,6,E01000568,0,1
2024221449507,2024,221449507,1,19,0,-1,19,8,6,-1,0,0,0,0,0,0,3,9,-1,6,1,45,7,1995,2,4,FORD TRANSIT CUSTOM,1,E01032434,0,1
2024351486409,2024,351486409,1,19,0,-1,19,5,1,-1,0,0,1,0,0,0,1,1,-1,1,1,38,7,1995,2,5,FORD TRANSIT CUSTOM,8,E01015650,0,4
2024131520043,2024,131520043,1,19,0,-1,9,4,8,-1,0,5,0,0,0,0,1,1,-1,9,1,50,8,1995,2,7,FORD TRANSIT CUSTOM,4,E01011201,0,1
2024010549376,2024,010549376,2,19,0,18,19,5,1,99,99,9,0,99,0,0,4,1,6,6,3,-1,-1,2198,2,11,FORD TRANSIT CUSTOM,-1,-1,0,-1
2024411440647,2024,411440647,1,20,0,-1,19,5,1,-1,0,0,0,0,0,0,1,1,-1,2,1,57,9,-1,-1,-1,FORD TRANSIT CUSTOM,6,E01032073,0,5
2024052402890,2024,052402890,1,19,0,18,19,6,2,0,0,0,0,0,0,0,4,1,6,6,1,26,6,2198,2,9,FORD TRANSIT CUSTOM,1,E01006659,0,1
2024161396133,2024,161396133,1,19,0,-1,9,4,8,-1,0,1,0,0,0,0,1,1,-1,1,1,47,8,1995,2,4,FORD TRANSIT CUSTOM,-1,-1,0,-1
2024522401249,2024,522401249,2,19,0,18,19,6,2,0,0,0,0,0,0,0,4,1,6,6,1,30,6,1995,2,3,FORD TRANSIT CUSTOM,4,E01029044,0,4
2024451435465,2024,451435465,2,19,0,-1,19,1,5,-1,0,1,0,0,0,0,1,1,-1,1,1,37,7,1995,2,2,FORD TRANSIT CUSTOM,8,E01024475,0,4
2024501515651,2024,501515651,1,19,0,-1,19,3,7,-1,-1,0,0,0,0,0,1,1,-1,9,1,60,9,2198,2,10,FORD TRANSIT CUSTOM,7,E01020341,0,2
2024461432662,2024,461432662,1,19,0,-1,19,6,2,-1,0,8,0,0,0,0,1,1,-1,2,1,39,7,1995,2,1,FORD TRANSIT CUSTOM,10,E01024818,0,1
2024211466511,2024,211466511,2,19,0,-1,19,5,1,-1,0,1,0,4,0,0,1,9,-1,6,3,40,7,1995,2,2,FORD TRANSIT CUSTOM,-1,-1,0,-1
2024302401561,2024,302401561,1,19,0,18,19,2,6,0,0,0,0,0,0,0,1,1,6,6,1,36,7,1995,2,1,FORD TRANSIT CUSTOM,6,E01027971,0,3
2024010515613,2024,010515613,2,19,0,99,99,9,9,99,99,9,9,99,9,99,9,9,6,6,3,-1,-1,1995,2,3,FORD TRANSIT CUSTOM,-1,-1,0,-1
2024010487411,2024,010487411,2,19,0,18,19,5,1,0,0,8,0,0,0,0,4,2,1,1,1,24,5,1995,2,4,FORD TRANSIT CUSTOM,7,E01023347,0,4
2024041457134,2024,041457134,1,19,0,-1,9,3,1,-1,0,8,0,0,0,0,1,1,-1,6,1,33,6,2198,2,8,FORD TRANSIT CUSTOM,2,E01025220,0,1
2024471473122,2024,471473122,2,19,0,-1,10,6,2,-1,0,8,0,0,0,0,2,1,-1,6,1,48,8,1995,2,6,FORD TRANSIT CUSTOM,5,E01021089,0,1
2024522402865,2024,522402865,1,19,0,9,9,8,5,0,0,3,0,0,0,0,1,1,6,6,1,56,9,1995,2,6,FORD TRANSIT CUSTOM,10,E01014888,0,1
2024010497635,2024,010497635,1,19,0,4,4,7,3,0,0,0,0,0,0,0,0,1,1,1,1,29,6,1995,2,1,FORD TRANSIT CUSTOM,9,E01003897,0,3
2024010549661,2024,010549661,2,19,0,18,19,5,1,0,0,1,0,0,0,0,1,1,6,6,3,23,5,2198,2,9,FORD TRANSIT CUSTOM,-1,-1,0,-1
2024501489440,2024,501489440,2,19,0,-1,2,8,4,-1,0,0,0,4,0,0,1,1,-1,6,-1,-1,-1,1995,2,6,FORD TRANSIT CUSTOM,-1,-1,0,-1
2024221525459,2024,221525459,1,19,0,-1,19,6,2,-1,0,0,0,0,0,0,1,1,-1,6,1,53,8,1995,2,8,FORD TRANSIT CUSTOM,2,E01014185,0,1
2024010544122,2024,010544122,2,19,0,99,99,9,9,99,99,9,9,99,9,99,9,9,6,6,3,-1,-1,2198,2,8,FORD TRANSIT CUSTOM,-1,-1,0,-1
2024070614883,2024,070614883,2,19,0,2,2,5,1,0,0,0,0,0,0,0,4,1,6,6,3,-1,-1,1995,2,7,FORD TRANSIT CUSTOM,-1,-1,0,-1
2024421482861,2024,421482861,2,19,0,-1,19,3,7,-1,0,0,0,0,0,0,4,1,-1,6,1,33,6,2198,2,8,FORD TRANSIT CUSTOM,7,E01034094,0,3
2024221440350,2024,221440350,1,19,0,-1,19,6,1,-1,0,0,0,0,0,0,1,2,-1,1,1,55,8,1995,2,8,FORD TRANSIT CUSTOM,1,E01032318,0,1
2024010554117,2024,010554117,1,19,0,99,99,9,9,99,99,9,9,99,9,99,2,9,6,6,3,46,8,1995,-1,1,FORD TRANSIT CUSTOM,3,E01035496,0,1
2024010548045,2024,010548045,1,19,0,99,99,9,9,99,99,9,9,99,9,99,1,9,6,6,1,27,6,1996,2,0,FORD TRANSIT CUSTOM,4,E01002490,0,1
2024440292954,2024,440292954,2,19,0,18,19,1,5,0,0,0,0,0,0,0,4,1,1,1,3,-1,-1,1995,2,4,FORD TRANSIT CUSTOM,-1,-1,0,-1
2024451424684,2024,451424684,2,19,0,-1,19,7,3,-1,0,0,0,0,0,0,0,1,-1,6,1,35,6,1996,2,0,FORD TRANSIT CUSTOM,-1,-1,0,-1
2024070522357,2024,070522357,1,19,0,18,19,2,6,0,0,0,0,0,0,0,1,1,2,2,1,36,7,1995,2,2,FORD TRANSIT CUSTOM,3,E01006528,0,4
2024371502485,2024,371502485,1,19,0,-1,19,8,6,-1,0,1,0,0,0,0,1,1,-1,1,1,43,7,1995,12,3,FORD TRANSIT CUSTOM,6,E01029876,0,2
2024061430624,2024,061430624,1,19,0,-1,5,8,2,-1,0,1,0,0,0,0,1,1,-1,1,1,21,5,1995,2,2,FORD TRANSIT CUSTOM,-1,-1,0,-1
2024302401601,2024,302401601,2,19,0,2,2,0,0,0,0,0,0,0,0,0,2,1,6,6,3,-1,-1,1995,2,6,FORD TRANSIT CUSTOM,-1,-1,0,-1
2024131513258,2024,131513258,1,19,0,-1,19,1,5,-1,0,0,0,0,0,0,1,1,-1,2,1,62,9,2198,2,9,FORD TRANSIT CUSTOM,5,E01010256,0,5
2024991491080,2024,991491080,1,19,0,-1,7,8,5,-1,0,7,0,0,7,0,3,1,-1,1,1,65,9,1995,2,1,FORD TRANSIT CUSTOM,-1,-1,0,-1
2024371480077,2024,371480077,2,19,0,-1,19,3,7,-1,0,8,0,0,0,0,4,1,-1,9,1,57,9,1995,2,4,FORD TRANSIT CUSTOM,6,E01029926,0,3
2024161400794,2024,161400794,2,19,0,-1,19,7,3,-1,0,1,0,0,0,0,2,1,-1,9,1,41,7,1995,2,5,FORD TRANSIT CUSTOM,5,E01026107,0,1
2024041461748,2024,041461748,4,19,0,-1,2,5,5,-1,0,2,0,0,0,0,2,1,-1,6,-1,-1,-1,1995,2,1,FORD TRANSIT CUSTOM,-1,-1,0,-1
2024631510765,2024,631510765,1,19,0,-1,19,2,6,-1,0,1,0,0,1,10,1,1,-1,2,1,23,5,1995,2,4,FORD TRANSIT CUSTOM,7,W01000470,0,4
2024302400772,2024,302400772,3,19,0,2,2,0,0,0,0,2,0,0,0,0,3,1,6,6,3,-1,-1,1995,2,1,FORD TRANSIT CUSTOM,-1,-1,0,-1
2024481569638,2024,481569638,1,19,0,-1,19,5,1,-1,0,8,0,0,0,0,1,1,-1,1,1,37,7,1996,2,0,FORD TRANSIT CUSTOM,-1,-1,0,-1
2024010490711,2024,010490711,1,19,0,18,19,3,7,0,0,0,0,0,0,0,3,1,1,1,1,63,9,996,8,2,FORD TRANSIT CUSTOM,2,E01002077,0,3
2024010518316,2024,010518316,2,19,0,18,19,8,4,0,0,1,0,0,0,0,1,1,6,6,1,28,6,1995,2,7,FORD TRANSIT CUSTOM,2,E01033486,0,3
2024131525109,2024,131525109,1,19,0,-1,5,1,5,-1,0,8,0,0,0,0,1,1,-1,2,1,20,4,1995,2,1,FORD TRANSIT CUSTOM,1,E01010817,0,1
2024052401112,2024,052401112,1,19,0,5,5,1,5,0,0,1,0,0,0,0,1,1,2,2,1,59,9,996,8,1,FORD TRANSIT CUSTOM,1,E01006674,0,1
2024221454797,2024,221454797,1,19,0,-1,19,7,3,-1,0,0,0,0,7,10,1,9,-1,6,1,19,4,1995,2,5,FORD TRANSIT CUSTOM,8,E01032410,0,2
2024401440848,2024,401440848,1,19,0,-1,-1,-1,-1,-1,-1,0,-1,-1,-1,0,-1,9,-1,6,1,37,7,1995,2,6,FORD TRANSIT CUSTOM,4,E01023401,0,3
2024421453356,2024,421453356,4,19,0,-1,4,8,4,-1,0,0,0,0,0,0,2,1,-1,1,1,58,9,1995,2,2,FORD TRANSIT CUSTOM,4,E01021427,0,4
2024101493396,2024,101493396,1,19,0,-1,19,1,4,-1,0,0,0,0,0,0,3,9,-1,6,1,42,7,2198,2,9,FORD TRANSIT CUSTOM,-1,-1,0,-1
2024461489444,2024,461489444,1,19,0,-1,19,5,1,-1,0,0,0,0,0,0,1,1,-1,6,1,46,8,1995,2,3,FORD TRANSIT CUSTOM,4,E01024698,0,1
2024451532488,2024,451532488,2,19,0,-1,19,5,1,-1,0,0,0,0,2,0,1,1,-1,1,1,45,7,2198,2,9,FORD TRANSIT CUSTOM,5,E01024420,0,4
2024111518314,2024,111518314,1,19,0,-1,19,3,7,-1,0,0,0,0,0,0,4,1,-1,1,1,30,6,1995,2,5,FORD TRANSIT CUSTOM,2,E01020679,0,2
2024451448603,2024,451448603,2,19,0,-1,19,7,3,-1,0,0,1,0,0,0,1,1,-1,6,1,40,7,1995,2,5,FORD TRANSIT CUSTOM,-1,-1,0,-1
2024430153368,2024,430153368,2,19,0,18,19,5,3,0,0,1,0,0,0,0,2,1,1,1,1,18,4,1995,2,4,FORD TRANSIT CUSTOM,10,E01035239,0,3
2024311416197,2024,311416197,2,19,0,-1,3,7,3,-1,0,0,0,4,0,0,2,1,-1,9,1,36,7,1995,2,5,FORD TRANSIT CUSTOM,-1,-1,0,-1
2024010525006,2024,010525006,2,19,0,99,99,9,9,99,99,5,9,0,0,0,1,9,6,6,1,-1,-1,1995,2,6,FORD TRANSIT CUSTOM,7,E01004176,0,1
2024440239676,2024,440239676,1,19,0,13,13,5,1,0,0,1,0,0,0,0,1,1,6,6,1,45,7,2198,2,8,FORD TRANSIT CUSTOM,2,E01017115,0,1
2024440167204,2024,440167204,3,19,0,2,2,0,0,0,0,1,0,0,0,0,1,1,6,6,3,-1,-1,1995,2,5,FORD TRANSIT CUSTOM,-1,-1,0,-1
2024131459372,2024,131459372,1,19,0,-1,19,1,5,-1,0,0,0,0,0,0,1,1,-1,2,1,31,6,1995,2,1,FORD TRANSIT CUSTOM,8,E01032496,0,1
2024070199414,2024,070199414,2,19,0,16,19,2,6,0,0,1,0,10,0,4,1,1,6,6,1,33,6,1995,2,3,FORD TRANSIT CUSTOM,5,E01018514,0,2
2024010526049,2024,010526049,1,19,0,18,19,5,1,0,0,2,0,0,0,0,3,1,6,6,1,41,7,1995,2,7,FORD TRANSIT CUSTOM,-1,-1,0,-1
2024010527128,2024,010527128,2,19,0,13,13,1,5,0,0,8,1,0,0,0,4,1,1,1,1,32,6,1995,2,1,FORD TRANSIT CUSTOM,5,E01000583,0,1
2024010499715,2024,010499715,1,19,0,5,5,8,4,0,0,4,0,0,0,0,1,1,6,6,3,-1,-1,1995,2,1,FORD TRANSIT CUSTOM,-1,-1,0,-1
2024010514021,2024,010514021,1,19,0,7,7,7,1,0,0,8,0,0,0,0,1,1,6,6,1,58,9,1995,2,7,FORD TRANSIT CUSTOM,7,E01004164,0,1
2024231420344,2024,231420344,1,19,0,-1,14,8,2,-1,0,1,0,0,0,0,3,9,-1,6,1,40,7,2198,2,10,FORD TRANSIT CUSTOM,5,E01031021,0,3
2024461521866,2024,461521866,1,19,0,-1,9,1,5,-1,0,1,0,0,0,0,1,2,-1,2,1,29,6,1995,2,4,FORD TRANSIT CUSTOM,6,E01024036,0,2
2024421401170,2024,421401170,1,19,0,-1,19,8,3,-1,0,0,0,0,0,0,1,1,-1,6,1,54,8,1995,2,4,FORD TRANSIT CUSTOM,5,E01018157,0,5
2024411542246,2024,411542246,2,19,0,-1,19,3,7,-1,0,0,0,0,0,0,2,1,-1,6,1,22,5,1995,2,2,FORD TRANSIT CUSTOM,6,E01021502,0,4
2024052401745,2024,052401745,1,19,0,18,19,3,7,0,0,8,0,0,0,0,3,1,6,6,2,51,8,1995,2,4,FORD TRANSIT CUSTOM,5,E01007106,0,3
2024522500570,2024,522500570,1,19,0,7,7,2,3,9,9,5,0,0,0,0,4,1,6,6,1,55,8,1995,2,1,FORD TRANSIT CUSTOM,8,E01014938,0,2
2024361472261,2024,361472261,1,19,0,-1,9,5,1,-1,0,8,0,0,0,0,3,1,-1,1,2,54,8,1995,2,4,FORD TRANSIT CUSTOM,10,E01035144,0,1
2024010505355,2024,010505355,1,19,0,5,5,7,3,4,4,8,0,0,0,0,3,1,1,1,1,26,6,2198,2,10,FORD TRANSIT CUSTOM,10,E01021960,0,4
2024010491958,2024,010491958,2,19,0,18,19,1,5,0,0,0,0,0,0,0,1,1,6,6,1,31,6,1995,2,2,FORD TRANSIT CUSTOM,-1,-1,0,-1
2024622400606,2024,622400606,1,19,0,9,9,6,4,0,0,5,0,0,0,0,1,1,2,2,1,51,8,1995,2,6,FORD TRANSIT CUSTOM,5,W01001164,0,1
2024311512517,2024,311512517,1,19,0,-1,4,6,2,-1,0,0,0,0,0,0,2,9,-1,1,1,-1,-1,1996,2,0,FORD TRANSIT CUSTOM,-1,-1,0,-1
2024311480547,2024,311480547,1,10,0,-1,19,1,5,-1,0,0,1,4,0,0,1,1,-1,6,1,23,5,2198,2,9,FORD TRANSIT CUSTOM,3,E01026131,0,4
202417S101824,2024,17S101824,2,19,0,18,19,5,1,0,0,8,0,0,0,0,1,1,1,1,1,28,6,1995,2,2,FORD TRANSIT CUSTOM,-1,-1,0,-1
2024520403291,2024,520403291,3,19,0,18,19,2,6,0,0,0,0,0,0,0,1,1,6,6,1,40,7,1995,2,5,FORD TRANSIT CUSTOM,5,E01029081,0,1
2024440243912,2024,440243912,3,19,0,3,3,8,4,0,0,2,0,0,0,0,2,1,2,2,1,37,7,1995,2,5,FORD TRANSIT CUSTOM,4,E01032858,0,1
2024411471079,2024,411471079,1,19,0,-1,5,8,6,-1,0,5,0,0,0,0,3,1,-1,2,1,38,7,1995,2,2,FORD TRANSIT CUSTOM,10,E01033189,0,3
2024302400672,2024,302400672,1,19,0,7,7,1,2,0,0,2,0,0,0,0,1,1,6,6,3,-1,-1,1995,2,7,FORD TRANSIT CUSTOM,5,E01019456,0,4
2024421442849,2024,421442849,2,19,0,-1,19,8,4,-1,0,0,0,0,0,0,1,1,-1,1,1,67,10,996,8,3,FORD TRANSIT CUSTOM,2,E01015938,0,3
2024101487127,2024,101487127,2,19,0,-1,19,1,5,-1,0,0,0,0,0,0,1,1,-1,6,3,-1,-1,1995,2,7,FORD TRANSIT CUSTOM,-1,-1,0,-1
2024991490912,2024,991490912,1,19,0,-1,19,2,6,-1,0,0,0,0,0,0,3,1,-1,6,1,44,7,2198,2,11,FORD TRANSIT CUSTOM,-1,-1,0,-1
2024010540559,2024,010540559,2,19,0,18,19,3,7,0,0,1,0,0,0,0,1,1,6,6,1,60,9,1995,2,4,FORD TRANSIT CUSTOM,7,E01001341,0,1
2024010511479,2024,010511479,2,19,4,2,2,0,0,0,0,0,0,0,0,0,4,2,6,6,3,-1,-1,1995,2,5,FORD TRANSIT CUSTOM,-1,-1,0,-1
2024061456141,2024,061456141,3,19,0,-1,19,1,5,-1,0,0,0,0,0,0,0,1,-1,1,1,19,4,1995,2,3,FORD TRANSIT CUSTOM,-1,-1,0,-1
2024052401050,2024,052401050,2,19,0,3,3,8,4,0,0,0,0,0,0,0,3,1,1,1,1,27,6,2198,2,8,FORD TRANSIT CUSTOM,4,E01006486,0,2
2024201425622,2024,201425622,2,19,0,-1,9,8,4,-1,0,6,0,0,0,0,3,1,-1,6,1,61,9,1995,2,5,FORD TRANSIT CUSTOM,6,E01009443,0,2
2024010529792,2024,010529792,1,10,0,18,19,1,5,0,0,6,0,0,0,0,4,1,1,1,1,30,6,-1,-1,-1,FORD TRANSIT CUSTOM,2,E01001118,0,1
2024052402483,2024,052402483,1,19,0,18,19,5,1,0,0,0,1,0,0,0,1,1,1,1,1,34,6,996,8,2,FORD TRANSIT CUSTOM,9,E01018545,0,4
2024440434306,2024,440434306,2,19,0,18,19,3,7,0,0,1,0,0,0,0,1,1,2,2,1,35,6,1995,2,6,FORD TRANSIT CUSTOM,-1,-1,0,-1
2024421492317,2024,421492317,2,19,0,-1,4,1,5,-1,0,0,0,0,0,0,2,1,-1,2,1,43,7,1995,2,3,FORD TRANSIT CUSTOM,2,E01022039,0,4
202417L102524,2024,17L102524,1,19,0,10,10,8,5,0,0,1,0,0,0,0,2,1,6,6,1,36,7,1995,2,5,FORD TRANSIT CUSTOM,2,E01012132,0,1
2024010526265,2024,010526265,2,19,0,99,99,9,9,99,99,6,9,99,9,99,2,9,6,6,3,-1,-1,1995,2,7,FORD TRANSIT CUSTOM,2,E01003986,0,1
2024332400703,2024,332400703,2,19,0,-1,19,3,7,-1,0,0,1,0,7,4,1,1,-1,9,1,29,6,1995,2,1,FORD TRANSIT CUSTOM,5,E01033174,0,4
2024461402249,2024,461402249,1,19,0,-1,9,8,4,-1,0,8,0,0,0,0,1,1,-1,6,1,34,6,1995,2,8,FORD TRANSIT CUSTOM,5,E01024594,0,4
2024311410506,2024,311410506,3,19,0,-1,5,8,6,-1,0,2,0,0,0,0,2,1,-1,2,1,50,8,2198,2,11,FORD TRANSIT CUSTOM,3,E01028340,0,4
2024122400962,2024,122400962,2,19,0,4,4,3,7,0,0,1,0,0,0,0,2,1,6,6,1,47,8,2198,2,9,FORD TRANSIT CUSTOM,6,E01010644,0,3
2024052402586,2024,052402586,1,19,0,18,19,7,3,0,0,0,1,0,0,0,3,1,6,6,1,20,4,1995,2,5,FORD TRANSIT CUSTOM,5,E01025479,0,2
2024471417902,2024,471417902,2,19,0,-1,3,1,5,-1,0,0,0,0,0,0,2,1,-1,1,1,43,7,1995,2,4,FORD TRANSIT CUSTOM,7,E01030414,0,4
2024010488547,2024,010488547,3,19,0,18,19,1,5,0,0,1,0,0,0,0,1,1,1,1,1,66,10,1995,2,1,FORD TRANSIT CUSTOM,6,E01000513,0,2
2024401537548,2024,401537548,1,19,0,-1,19,1,5,-1,0,0,0,0,0,0,1,1,-1,6,1,43,7,2198,2,9,FORD TRANSIT CUSTOM,-1,-1,0,-1
2024411471962,2024,411471962,1,19,0,-1,19,1,6,-1,0,0,0,0,0,0,3,1,-1,6,1,-1,-1,2198,2,9,FORD TRANSIT CUSTOM,-1,-1,0,-1
2024520500185,2024,520500185,2,19,0,18,19,7,3,0,0,0,0,0,0,0,1,1,6,6,1,53,8,1995,2,4,FORD TRANSIT CUSTOM,8,E01035119,0,2
2024122400227,2024,122400227,1,19,0,9,9,7,5,0,0,5,0,0,0,0,3,1,6,6,1,63,9,1995,2,4,FORD TRANSIT CUSTOM,4,E01034956,0,1
2024361521193,2024,361521193,2,19,0,-1,19,-1,-1,-1,0,0,0,0,0,0,2,1,-1,2,1,60,9,1995,2,5,FORD TRANSIT CUSTOM,7,E01026928,0,2
2024622400577,2024,622400577,1,19,0,18,19,6,2,0,0,4,0,0,0,0,1,1,6,6,1,49,8,1995,2,5,FORD TRANSIT CUSTOM,1,W01001955,0,2
2024010535768,2024,010535768,1,19,0,99,99,9,9,99,99,5,9,99,9,99,9,9,1,1,1,32,6,1995,2,2,FORD TRANSIT CUSTOM,3,E01015922,0,4
2024070187523,2024,070187523,2,19,0,4,4,1,5,0,0,0,0,0,0,0,0,1,1,1,1,33,6,1995,2,4,FORD TRANSIT CUSTOM,7,E01004775,0,3
2024211453192,2024,211453192,2,19,0,-1,3,6,2,-1,0,1,0,0,0,0,1,1,-1,1,1,33,6,1995,2,7,FORD TRANSIT CUSTOM,6,E01014267,0,1
2024010510671,2024,010510671,1,19,0,18,19,1,5,0,0,1,0,0,0,0,2,1,1,1,1,43,7,1995,2,7,FORD TRANSIT CUSTOM,-1,-1,0,-1
2024471432281,2024,471432281,3,19,0,-1,19,1,5,-1,0,0,0,0,1,0,3,1,-1,1,1,62,9,1995,2,7,FORD TRANSIT CUSTOM,10,E01030937,0,3
2024421437874,2024,421437874,2,19,0,-1,19,2,6,-1,0,0,0,0,0,0,1,1,-1,2,1,64,9,2198,2,8,FORD TRANSIT CUSTOM,3,E01029886,0,1
2024421488950,2024,421488950,3,19,0,-1,4,2,6,-1,0,0,0,0,0,0,2,1,-1,6,1,40,7,1995,2,2,FORD TRANSIT CUSTOM,7,E01021718,0,4
2024430530101,2024,430530101,1,19,0,18,19,1,5,0,0,7,0,0,0,0,1,1,6,6,3,-1,-1,2198,2,8,FORD TRANSIT CUSTOM,-1,-1,0,-1
2024501485943,2024,501485943,3,20,0,-1,19,4,8,-1,0,0,0,0,0,0,2,1,-1,1,1,43,7,-1,-1,-1,FORD TRANSIT CUSTOM,4,E01034158,0,2
2024471400298,2024,471400298,2,19,0,-1,19,6,2,-1,0,0,0,0,0,0,1,1,-1,1,1,34,6,1995,2,5,FORD TRANSIT CUSTOM,6,E01021186,0,3
2024010513953,2024,010513953,3,19,0,18,19,3,7,0,0,1,0,0,0,0,3,1,1,1,1,51,8,1995,2,4,FORD TRANSIT CUSTOM,4,E01000068,0,1
2024052402753,2024,052402753,1,19,0,9,9,5,2,0,0,8,0,0,0,0,4,1,1,1,1,55,8,1995,2,7,FORD TRANSIT CUSTOM,2,E01006656,0,2
2024552401533,2024,552401533,1,19,0,7,7,3,5,0,0,8,0,0,0,0,1,1,2,2,1,56,9,1995,2,8,FORD TRANSIT CUSTOM,7,E01033286,0,1
2024320682726,2024,320682726,1,19,0,11,11,5,1,0,0,3,5,0,0,0,3,1,1,1,1,32,6,1995,2,4,FORD TRANSIT CUSTOM,2,E01026379,0,4
2024111532882,2024,111532882,3,19,0,-1,3,5,1,-1,0,0,0,0,0,0,0,1,-1,6,1,33,6,2488,8,0,FORD TRANSIT CUSTOM,3,E01008718,0,2
2024531406533,2024,531406533,3,19,0,-1,9,7,5,-1,0,0,0,0,0,0,0,9,-1,6,3,-1,-1,1995,2,7,FORD TRANSIT CUSTOM,-1,-1,0,-1
2024010525928,2024,010525928,3,19,0,18,19,5,1,0,0,0,0,0,0,0,1,1,1,1,1,29,6,1995,2,6,FORD TRANSIT CUSTOM,4,E01030752,0,2
2024010509499,2024,010509499,2,19,0,18,19,1,5,0,0,0,0,0,0,0,1,1,6,6,1,34,6,1995,2,5,FORD TRANSIT CUSTOM,5,E01034481,0,1
2024411503351,2024,411503351,1,19,0,-1,5,1,3,-1,0,1,1,0,0,0,4,1,-1,2,1,36,7,1995,2,1,FORD TRANSIT CUSTOM,6,E01023915,0,1
2024010530298,2024,010530298,1,19,0,7,7,3,5,0,0,5,0,0,0,0,1,1,1,1,1,59,9,1995,2,6,FORD TRANSIT CUSTOM,5,E01003449,0,1
2024371487226,2024,371487226,1,19,0,-1,19,4,8,-1,0,0,0,0,0,0,-1,9,-1,6,1,47,8,1995,2,5,FORD TRANSIT CUSTOM,6,E01026899,0,2
2024111531244,2024,111531244,1,19,0,-1,19,6,2,-1,0,0,0,0,0,0,1,1,-1,6,1,30,6,1995,2,3,FORD TRANSIT CUSTOM,-1,-1,0,-1
2024010507074,2024,010507074,4,19,0,3,3,5,1,0,0,1,0,0,0,0,1,1,1,1,1,49,8,2198,2,7,FORD TRANSIT CUSTOM,-1,-1,0,-1
2024421518255,2024,421518255,2,19,0,-1,2,0,0,-1,0,1,0,0,0,0,2,1,-1,6,-1,-1,-1,2198,2,8,FORD TRANSIT CUSTOM,-1,-1,0,-1
2024520402745,2024,520402745,2,19,0,13,13,4,8,0,0,0,0,0,0,0,2,1,6,6,1,50,8,1995,2,8,FORD TRANSIT CUSTOM,10,E01032634,0,3
2024010496368,2024,010496368,1,19,0,18,19,1,5,0,0,8,0,0,1,0,1,1,6,6,1,32,6,1995,2,5,FORD TRANSIT CUSTOM,10,E01024631,0,4
2024010536564,2024,010536564,2,19,0,7,7,2,5,0,0,8,0,0,0,0,4,1,1,1,1,50,8,1995,2,5,FORD TRANSIT CUSTOM,3,E01001154,0,2
2024010505078,2024,010505078,1,19,0,9,9,6,4,0,0,6,0,0,0,0,1,1,1,1,1,23,5,1995,2,2,FORD TRANSIT CUSTOM,3,E01002608,0,3
2024010529453,2024,010529453,1,19,0,5,5,5,1,0,0,6,0,0,0,0,1,1,1,1,1,30,6,1995,2,1,FORD TRANSIT CUSTOM,4,E01002695,0,1
2024471502320,2024,471502320,1,19,0,-1,19,8,4,-1,0,0,0,0,0,0,1,1,-1,2,1,32,6,1995,2,1,FORD TRANSIT CUSTOM,8,E01020987,0,3
2024010512321,2024,010512321,2,19,0,10,10,5,2,0,0,1,0,0,0,0,1,1,2,2,1,49,8,1995,2,5,FORD TRANSIT CUSTOM,3,E01017562,0,4
2024131404055,2024,131404055,2,19,0,-1,4,4,8,-1,0,1,0,0,0,0,1,1,-1,1,1,28,6,2198,2,9,FORD TRANSIT CUSTOM,7,E01011299,0,3
2024401536182,2024,401536182,2,19,0,-1,9,3,7,-1,0,0,0,0,0,0,1,1,-1,9,1,25,5,1995,2,6,FORD TRANSIT CUSTOM,5,E01015750,0,2
2024991470983,2024,991470983,2,19,0,-1,3,8,4,-1,0,8,0,0,0,0,2,1,-1,2,1,55,8,1995,2,4,FORD TRANSIT CUSTOM,7,-1,0,1