collision_index,collision_year,collision_ref_no,vehicle_reference,vehicle_type,towing_and_articulation,vehicle_manoeuvre_historic,vehicle_manoeuvre,vehicle_direction_from,vehicle_direction_to,vehicle_location_restricted_lane_historic,vehicle_location_restricted_lane,junction_location,skidding_and_overturning,hit_object_in_carriageway,vehicle_leaving_carriageway,hit_object_off_carriageway,first_point_of_impact,vehicle_left_hand_drive,journey_purpose_of_driver_historic,journey_purpose_of_driver,sex_of_driver,age_of_driver,age_band_of_driver,engine_capacity_cc,propulsion_code,age_of_vehicle,generic_make_model,driver_imd_decile,lsoa_of_driver,escooter_flag,driver_distance_banding
2024201450160,2024,201450160,1,19,0,-1,19,2,8,-1,0,8,0,0,0,0,1,9,-1,1,1,27,6,1995,2,5,FORD TRANSIT CUSTOM,2,E01034946,0,1
2024547891524,2024,547891524,2,19,0,18,19,8,4,0,0,0,0,0,0,0,1,1,6,6,1,32,6,2198,2,10,FORD TRANSIT CUSTOM,2,E01032064,0,3
2024361518774,2024,361518774,2,19,0,-1,3,5,1,-1,0,0,0,0,3,0,2,1,-1,1,1,34,6,1995,2,4,FORD TRANSIT CUSTOM,1,E01020873,0,5
2024401526030,2024,401526030,1,19,0,-1,9,4,2,-1,0,6,0,0,0,0,1,1,-1,1,1,25,5,1995,2,1,FORD TRANSIT CUSTOM,9,E01033501,0,4
2024371481684,2024,371481684,2,19,0,-1,9,7,5,-1,0,8,0,0,0,0,2,1,-1,1,1,46,8,2198,2,9,FORD TRANSIT CUSTOM,1,E01030227,0,1
2024010514415,2024,010514415,1,19,0,18,19,5,1,0,0,0,0,0,0,0,1,1,1,1,1,68,10,1995,2,5,FORD TRANSIT CUSTOM,2,E01003346,0,2
2024361469432,2024,361469432,1,19,0,-1,19,2,6,-1,0,0,1,0,0,0,1,1,-1,1,1,25,5,1995,2,5,FORD TRANSIT CUSTOM,6,E01018042,0,4
2024070804480,2024,070804480,2,19,0,-1,4,7,3,-1,0,1,0,0,0,0,2,1,-1,2,1,21,5,2198,2,10,FORD TRANSIT CUSTOM,10,E01018633,0,1
2024430247024,2024,430247024,1,19,0,18,19,6,2,0,0,0,0,0,0,0,4,1,6,6,1,63,9,1995,2,6,FORD TRANSIT CUSTOM,9,E01028798,0,2
2024041434010,2024,041434010,1,19,0,-1,19,1,5,-1,0,0,0,0,0,0,4,1,-1,2,1,38,7,1995,2,2,FORD TRANSIT CUSTOM,5,E01025435,0,4
2024010519598,2024,010519598,2,19,0,18,19,1,5,0,0,1,0,0,0,0,0,1,1,1,1,26,6,1995,2,1,FORD TRANSIT CUSTOM,5,E01000330,0,1
2024052400274,2024,052400274,2,19,0,2,2,0,0,0,0,1,0,0,0,0,3,1,6,6,1,59,9,1995,2,2,FORD TRANSIT CUSTOM,3,E01006959,0,2
2024501428145,2024,501428145,1,19,0,-1,19,3,7,-1,0,0,0,0,1,4,1,1,-1,2,1,38,7,1995,2,3,FORD TRANSIT CUSTOM,2,E01015074,0,4
2024351472368,2024,351472368,1,19,0,-1,19,8,4,-1,0,0,0,0,0,0,1,1,-1,1,1,30,6,2198,2,10,FORD TRANSIT CUSTOM,5,E01018158,0,2
202417S111424,2024,17S111424,2,19,0,-1,19,8,4,-1,0,1,0,0,0,0,1,1,-1,1,1,42,7,2198,2,8,FORD TRANSIT CUSTOM,-1,-1,0,-1
2024440512533,2024,440512533,1,19,0,9,9,5,3,0,0,0,0,0,0,0,3,1,2,2,1,57,9,1995,2,4,FORD TRANSIT CUSTOM,5,E01017368,0,1
2024440327786,2024,440327786,2,19,0,18,19,7,3,0,0,0,0,0,0,0,1,1,6,6,1,37,7,1995,2,3,FORD TRANSIT CUSTOM,10,E01023228,0,3
2024201435695,2024,201435695,1,19,0,-1,5,4,8,-1,0,0,0,0,0,0,1,9,-1,1,1,24,5,1995,2,7,FORD TRANSIT CUSTOM,7,E01010545,0,2
2024141525818,2024,141525818,2,19,0,-1,19,4,7,-1,0,1,0,0,0,0,1,1,-1,1,1,42,7,2198,2,9,FORD TRANSIT CUSTOM,8,E01027891,0,4
2024141467797,2024,141467797,1,19,0,-1,2,0,0,-1,0,0,0,0,0,0,0,1,-1,6,1,-1,-1,2198,2,12,FORD TRANSIT CUSTOM,1,E01007543,0,2
2024041442925,2024,041442925,2,19,0,-1,19,5,1,-1,0,0,0,0,0,0,1,1,-1,1,1,30,6,1995,2,6,FORD TRANSIT CUSTOM,5,E01025508,0,3
2024421447011,2024,421447011,1,19,0,-1,19,5,1,-1,0,1,0,0,0,0,1,1,-1,6,1,44,7,1995,2,2,FORD TRANSIT CUSTOM,8,E01015876,0,2
2024631438034,2024,631438034,1,19,0,-1,19,2,6,-1,0,1,1,0,0,0,1,1,-1,6,1,39,7,2198,2,8,FORD TRANSIT CUSTOM,6,W01000433,0,2
2024041407772,2024,041407772,1,19,0,-1,19,5,1,-1,0,1,0,0,0,0,1,1,-1,6,1,39,7,1995,2,4,FORD TRANSIT CUSTOM,1,E01005142,0,4
2024471428129,2024,471428129,3,19,0,-1,2,0,0,-1,9,0,0,0,0,0,1,1,-1,6,-1,-1,-1,1995,2,7,FORD TRANSIT CUSTOM,-1,-1,0,-1
202417M105524,2024,17M105524,2,19,0,-1,19,2,6,-1,0,1,0,0,0,0,1,1,-1,1,1,-1,-1,1995,2,4,FORD TRANSIT CUSTOM,-1,-1,0,-1
2024221536776,2024,221536776,1,19,0,-1,19,4,8,-1,0,0,0,0,0,0,3,9,-1,2,1,39,7,1995,2,7,FORD TRANSIT CUSTOM,6,E01010184,0,3
2024340NN3232,2024,340NN3232,1,19,0,-1,19,5,1,-1,0,4,0,9,2,10,1,1,-1,1,1,57,9,2198,2,8,FORD TRANSIT CUSTOM,1,E01012267,0,5
2024371507862,2024,371507862,1,19,0,-1,19,7,3,-1,0,8,0,0,0,0,1,1,-1,6,1,61,9,2198,2,9,FORD TRANSIT CUSTOM,1,E01033131,0,1
2024440081442,2024,440081442,1,19,0,18,19,7,3,0,0,8,0,0,0,0,1,1,1,1,1,53,8,1995,2,1,FORD TRANSIT CUSTOM,5,E01020332,0,5
2024361504029,2024,361504029,2,19,0,-1,5,1,5,-1,0,1,0,0,0,0,1,1,-1,6,1,35,6,1995,2,7,FORD TRANSIT CUSTOM,7,E01026903,0,2
2024421521038,2024,421521038,1,19,0,-1,19,3,7,-1,0,1,0,0,0,0,4,9,-1,6,3,-1,-1,1995,2,7,FORD TRANSIT CUSTOM,-1,-1,0,-1
2024010519801,2024,010519801,2,19,0,99,99,9,9,99,99,9,9,99,9,99,1,9,6,6,3,-1,-1,1995,2,3,FORD TRANSIT CUSTOM,10,E01002951,0,2
2024010517523,2024,010517523,1,19,0,10,10,7,5,0,0,8,0,0,0,0,2,1,1,1,1,20,4,1995,2,5,FORD TRANSIT CUSTOM,4,E01001459,0,1
2024991531495,2024,991531495,2,19,0,-1,2,0,0,-1,0,1,0,0,0,0,2,1,-1,6,-1,-1,-1,1995,2,5,FORD TRANSIT CUSTOM,-1,-1,0,-1
2024031401257,2024,031401257,2,19,0,-1,19,3,7,-1,0,8,0,0,0,0,1,1,-1,1,1,50,8,1995,2,2,FORD TRANSIT CUSTOM,1,E01008666,0,4
2024031507196,2024,031507196,2,19,0,-1,2,6,2,-1,0,2,0,0,0,0,1,1,-1,1,1,28,6,1995,2,3,FORD TRANSIT CUSTOM,-1,-1,0,-1
2024520402345,2024,520402345,1,19,0,18,19,5,1,0,0,1,0,0,0,0,1,1,6,6,1,57,9,1995,2,2,FORD TRANSIT CUSTOM,2,E01029110,0,1
2024010534151,2024,010534151,2,19,0,7,7,7,1,0,0,1,0,0,0,0,1,1,1,1,1,59,9,1995,2,4,FORD TRANSIT CUSTOM,1,E01001210,0,2
2024010519517,2024,010519517,1,19,0,99,99,9,9,99,99,9,9,99,9,99,2,9,1,1,1,25,5,1995,2,1,FORD TRANSIT CUSTOM,4,E01001624,0,3
2024070731790,2024,070731790,2,19,0,-1,19,7,1,-1,0,3,5,10,0,0,4,1,-1,9,1,22,5,1995,2,1,FORD TRANSIT CUSTOM,5,E01027608,0,5
2024522401734,2024,522401734,3,19,0,18,19,7,3,0,0,1,0,0,0,0,1,1,6,6,1,33,6,1995,2,7,FORD TRANSIT CUSTOM,7,E01014763,0,3
2024411578537,2024,411578537,2,19,0,-1,2,8,8,-1,0,0,0,0,0,0,1,9,-1,6,-1,-1,-1,1995,2,6,FORD TRANSIT CUSTOM,-1,-1,0,-1
2024052401704,2024,052401704,1,19,0,18,19,2,6,0,0,1,0,0,0,0,1,1,6,6,1,41,7,1995,2,2,FORD TRANSIT CUSTOM,1,E01006614,0,1
2024440096668,2024,440096668,3,19,0,3,3,6,2,0,0,0,0,0,0,0,2,1,1,1,1,32,6,2198,2,8,FORD TRANSIT CUSTOM,10,E01022646,0,2
2024311498568,2024,311498568,1,19,0,-1,19,6,2,-1,0,1,0,0,0,0,3,9,-1,6,1,43,7,1995,2,3,FORD TRANSIT CUSTOM,-1,-1,0,-1
2024421465272,2024,421465272,4,19,0,-1,3,4,8,-1,0,0,0,0,0,0,2,1,-1,1,1,35,6,1995,2,5,FORD TRANSIT CUSTOM,8,E01021532,0,4
2024221507586,2024,221507586,1,19,0,-1,19,7,3,-1,0,1,0,0,0,0,1,9,-1,6,1,50,8,2198,2,11,FORD TRANSIT CUSTOM,6,E01032288,0,1
2024141505404,2024,141505404,1,19,0,-1,19,5,1,-1,0,0,0,0,0,0,1,1,-1,1,1,43,7,1995,2,2,FORD TRANSIT CUSTOM,1,-1,0,5
2024131499230,2024,131499230,1,19,0,-1,19,8,4,-1,0,8,0,0,0,0,1,1,-1,6,3,-1,-1,1995,2,2,FORD TRANSIT CUSTOM,-1,-1,0,-1
2024010545815,2024,010545815,1,19,0,18,19,3,7,0,0,2,0,0,0,0,3,1,1,1,1,29,6,1995,2,3,FORD TRANSIT CUSTOM,3,E01030657,0,4
2024461492242,2024,461492242,2,19,0,-1,2,0,0,-1,0,0,1,4,7,0,2,1,-1,6,-1,-1,-1,1995,2,2,FORD TRANSIT CUSTOM,-1,-1,0,-1
2024520402042,2024,520402042,3,19,0,18,19,5,1,0,0,1,0,0,0,0,2,1,6,6,1,38,7,1995,2,1,FORD TRANSIT CUSTOM,7,E01029192,0,1
2024371497864,2024,371497864,2,19,0,-1,2,0,0,-1,0,0,0,0,0,0,2,1,-1,1,1,57,9,2198,2,8,FORD TRANSIT CUSTOM,3,E01030115,0,3
2024010518304,2024,010518304,4,19,0,18,19,7,3,0,0,2,0,0,0,0,1,1,1,1,1,31,6,1995,2,5,FORD TRANSIT CUSTOM,4,E01004259,0,1
2024991527073,2024,991527073,1,19,0,-1,19,6,2,-1,0,0,0,0,0,0,1,1,-1,1,1,26,6,1995,2,6,FORD TRANSIT CUSTOM,5,-1,0,2
2024010525590,2024,010525590,1,19,0,18,19,5,1,0,0,0,0,0,0,0,1,1,2,2,1,59,9,1995,2,3,FORD TRANSIT CUSTOM,2,E01004244,0,2
2024010528934,2024,010528934,2,19,0,18,19,7,3,0,0,1,0,0,0,0,1,1,6,6,1,59,9,1996,2,0,FORD TRANSIT CUSTOM,3,E01035648,0,2
2024010494514,2024,010494514,3,19,0,3,3,1,5,0,0,1,0,0,0,0,1,1,6,6,1,49,8,1995,2,0,FORD TRANSIT CUSTOM,3,E01024307,0,4
2024010534261,2024,010534261,1,19,0,9,9,1,7,0,0,1,0,0,0,0,4,1,6,6,1,43,7,1995,2,7,FORD TRANSIT CUSTOM,2,E01035365,0,5
2024501416853,2024,501416853,1,19,0,-1,19,3,7,-1,0,0,0,0,2,10,4,1,-1,6,1,65,9,2198,2,9,FORD TRANSIT CUSTOM,10,E01014715,0,5
2024122400899,2024,122400899,1,19,0,18,19,6,2,0,0,0,0,0,0,0,1,1,2,2,1,40,7,1995,2,1,FORD TRANSIT CUSTOM,9,E01027792,0,4
2024010505414,2024,010505414,1,19,0,5,5,7,3,0,0,0,0,11,0,0,1,1,1,1,1,40,7,1995,2,3,FORD TRANSIT CUSTOM,2,E01016964,0,4
2024010530725,2024,010530725,1,19,0,18,19,2,6,0,0,0,0,0,0,0,1,1,1,1,2,28,6,1995,2,2,FORD TRANSIT CUSTOM,4,E01002030,0,1
2024231411609,2024,231411609,2,19,0,-1,19,4,8,-1,0,0,0,0,0,0,3,1,-1,9,1,38,7,1995,2,6,FORD TRANSIT CUSTOM,2,E01031046,0,1
2024320532292,2024,320532292,1,19,0,-1,-1,2,6,0,0,1,0,0,0,0,1,1,6,6,1,40,7,1995,2,7,FORD TRANSIT CUSTOM,-1,-1,0,-1
2024161435570,2024,161435570,1,19,0,-1,19,7,5,-1,0,0,5,0,1,4,4,9,-1,6,1,53,8,2198,2,8,FORD TRANSIT CUSTOM,9,E01012960,0,4
2024010539700,2024,010539700,2,19,0,7,7,6,8,0,0,8,0,0,0,0,2,1,6,6,3,-1,-1,1995,2,3,FORD TRANSIT CUSTOM,-1,-1,0,-1
2024010527415,2024,010527415,1,19,0,18,19,4,8,0,0,0,0,4,0,0,2,1,1,1,1,51,8,1995,2,1,FORD TRANSIT CUSTOM,7,E01034828,0,4
2024991533717,2024,991533717,1,19,0,-1,19,8,4,-1,0,2,0,0,0,0,1,1,-1,6,1,64,9,1995,2,3,FORD TRANSIT CUSTOM,10,-1,0,1
2024421480762,2024,421480762,1,19,0,-1,9,7,5,-1,0,8,0,0,0,0,1,1,-1,1,1,33,6,1995,2,2,FORD TRANSIT CUSTOM,10,E01025661,0,5
2024531454827,2024,531454827,3,19,0,-1,19,1,5,-1,0,2,0,0,0,0,2,2,-1,9,1,61,9,1995,2,7,FORD TRANSIT CUSTOM,5,E01022250,0,4
2024451404935,2024,451404935,2,19,0,-1,1,7,3,-1,0,2,0,0,0,0,2,9,-1,6,3,40,7,1995,2,8,FORD TRANSIT CUSTOM,-1,-1,0,-1
2024471418936,2024,471418936,1,19,0,-1,19,5,1,-1,0,0,0,0,0,0,4,1,-1,2,1,49,8,1995,2,7,FORD TRANSIT CUSTOM,2,E01021178,0,1
2024440329219,2024,440329219,2,19,0,18,19,0,0,0,0,0,0,0,0,0,2,1,6,6,1,55,8,1995,2,3,FORD TRANSIT CUSTOM,-1,-1,0,-1
2024991498440,2024,991498440,2,19,0,-1,19,8,4,-1,0,0,0,0,0,0,1,1,-1,1,1,-1,-1,1995,2,3,FORD TRANSIT CUSTOM,-1,-1,0,-1
2024631452269,2024,631452269,1,19,0,-1,19,6,2,-1,0,1,0,0,1,11,1,1,-1,9,1,43,7,1995,2,5,FORD TRANSIT CUSTOM,8,W01000445,0,3
2024501469246,2024,501469246,1,19,0,-1,9,6,3,-1,99,1,0,0,0,0,3,1,-1,2,1,57,9,1995,2,7,FORD TRANSIT CUSTOM,4,E01020149,0,1
2024052401684,2024,052401684,3,19,0,2,2,0,0,0,0,0,0,0,0,0,1,1,6,6,3,-1,-1,1995,2,5,FORD TRANSIT CUSTOM,-1,-1,0,-1
2024622400213,2024,622400213,1,19,0,18,19,3,7,0,0,0,0,0,0,0,1,1,1,1,1,58,9,1995,2,6,FORD TRANSIT CUSTOM,4,W01001187,0,4
2024101410100,2024,101410100,1,19,0,-1,19,2,6,-1,0,0,0,0,0,0,1,9,-1,6,1,39,7,2198,2,8,FORD TRANSIT CUSTOM,8,E01008553,0,1
2024610048824,2024,610048824,3,19,0,4,4,1,5,0,0,0,0,0,0,0,2,1,1,1,1,41,7,1995,2,2,FORD TRANSIT CUSTOM,5,W01001359,0,1
2024461428138,2024,461428138,2,19,0,-1,-1,5,1,-1,-1,0,0,0,0,0,4,1,-1,-1,1,55,8,1995,2,2,FORD TRANSIT CUSTOM,4,E01001061,0,4
2024302400813,2024,302400813,1,19,0,14,14,4,8,0,0,1,0,0,0,0,4,1,6,6,3,-1,-1,1995,2,5,FORD TRANSIT CUSTOM,5,E01019456,0,1
2024631444179,2024,631444179,2,19,0,-1,4,2,6,-1,0,0,0,0,0,0,2,1,-1,2,1,34,6,2198,2,8,FORD TRANSIT CUSTOM,2,W01001169,0,4
2024131417694,2024,131417694,1,19,0,-1,4,1,5,-1,0,4,0,0,0,0,1,1,-1,1,1,56,9,1995,2,2,FORD TRANSIT CUSTOM,1,E01010736,0,4
2024320536924,2024,320536924,1,19,0,-1,-1,4,8,0,0,0,0,0,7,9,1,1,-1,-1,1,37,7,1995,2,1,FORD TRANSIT CUSTOM,8,E01035176,0,5
2024361447782,2024,361447782,1,19,0,-1,14,4,8,-1,0,0,0,0,0,0,4,1,-1,2,1,55,8,1995,2,6,FORD TRANSIT CUSTOM,4,E01026841,0,1
2024320016550,2024,320016550,2,19,0,2,2,0,0,0,0,2,0,0,0,0,2,1,6,6,3,-1,-1,2198,2,9,FORD TRANSIT CUSTOM,-1,-1,0,-1
2024010518860,2024,010518860,2,19,0,9,9,1,6,0,0,2,0,4,0,0,1,1,6,6,1,53,8,2198,2,9,FORD TRANSIT CUSTOM,-1,-1,0,-1
2024302400980,2024,302400980,1,19,0,18,19,8,4,0,0,0,0,0,0,0,1,1,1,1,1,53,8,1995,2,5,FORD TRANSIT CUSTOM,7,E01011188,0,4
2024991516520,2024,991516520,3,19,0,-1,19,2,6,-1,0,0,0,0,0,0,2,1,-1,1,1,51,8,1995,2,4,FORD TRANSIT CUSTOM,-1,-1,0,-1
2024010532087,2024,010532087,2,19,0,4,4,1,5,0,0,0,0,0,0,0,2,1,6,6,1,39,7,1996,2,0,FORD TRANSIT CUSTOM,10,E01000325,0,3
2024010526377,2024,010526377,1,19,0,18,19,1,5,0,0,1,0,0,0,0,1,1,1,1,1,28,6,1995,2,6,FORD TRANSIT CUSTOM,6,E01030371,0,3
2024211394529,2024,211394529,1,19,0,-1,19,8,4,-1,0,0,1,0,0,0,1,1,-1,2,1,44,7,1995,2,8,FORD TRANSIT CUSTOM,1,E01033166,0,4
2024471397165,2024,471397165,3,19,0,-1,19,2,2,-1,1,0,0,0,0,0,1,1,-1,1,1,26,6,1995,2,5,FORD TRANSIT CUSTOM,2,E01031456,0,4
2024311533543,2024,311533543,2,19,0,-1,3,1,5,-1,0,0,0,0,0,0,1,1,-1,1,1,25,5,1995,2,1,FORD TRANSIT CUSTOM,3,E01028297,0,3
2024141424502,2024,141424502,1,19,0,-1,19,6,2,-1,0,8,0,0,0,0,4,1,-1,9,1,29,6,2198,2,9,FORD TRANSIT CUSTOM,1,E01007373,0,2
2024010499773,2024,010499773,1,19,0,18,19,1,5,0,0,0,0,0,0,0,3,1,2,2,1,62,9,2198,2,8,FORD TRANSIT CUSTOM,10,E01004122,0,3
2024461406977,2024,461406977,1,19,0,-1,19,5,1,-1,0,0,5,7,0,0,1,1,-1,9,1,55,8,1995,2,6,FORD TRANSIT CUSTOM,3,E01032830,0,1
2024520001543,2024,520001543,1,19,0,5,5,8,4,0,0,7,0,0,0,0,1,1,6,6,1,62,9,1995,2,3,FORD TRANSIT CUSTOM,3,E01014948,0,4
2024421409118,2024,421409118,1,19,0,-1,9,3,5,-1,0,5,0,0,0,0,3,1,-1,9,1,28,6,1995,2,4,FORD TRANSIT CUSTOM,9,E01021926,0,1
2024461439293,2024,461439293,1,19,0,-1,19,3,7,-1,0,0,0,0,7,0,1,1,-1,2,1,26,6,1995,2,3,FORD TRANSIT CUSTOM,1,E01024597,0,2
2024070847486,2024,070847486,1,19,0,-1,19,4,8,-1,0,0,0,0,0,0,1,1,-1,1,1,54,8,1995,2,2,FORD TRANSIT CUSTOM,2,E01018364,0,1
2024010498597,2024,010498597,2,19,0,11,11,3,7,0,0,0,0,0,0,0,2,1,2,2,1,34,6,1995,2,6,FORD TRANSIT CUSTOM,3,E01021418,0,4
2024211468487,2024,211468487,2,19,0,-1,19,7,3,-1,0,1,1,0,0,0,2,1,-1,6,1,36,7,1995,2,4,FORD TRANSIT CUSTOM,-1,-1,0,-1
202454C651624,2024,54C651624,2,19,0,10,10,4,8,0,0,1,0,0,0,0,2,1,6,6,1,37,7,2198,2,8,FORD TRANSIT CUSTOM,8,E01015549,0,1
2024010517906,2024,010517906,1,19,0,18,19,1,5,0,0,0,0,0,0,0,1,1,1,1,1,34,6,1995,2,1,FORD TRANSIT CUSTOM,2,E01034149,0,1
2024547667524,2024,547667524,2,19,0,18,19,2,6,0,0,0,0,0,0,0,2,1,6,6,1,22,5,2198,2,8,FORD TRANSIT CUSTOM,9,E01032713,0,1
2024522401898,2024,522401898,1,19,0,18,19,7,3,0,0,0,0,0,0,0,4,1,6,6,3,-1,-1,2198,2,9,FORD TRANSIT CUSTOM,-1,-1,0,-1
2024531518433,2024,531518433,1,19,0,-1,6,5,1,-1,0,8,0,0,0,0,3,9,-1,6,3,-1,-1,1995,2,5,FORD TRANSIT CUSTOM,-1,-1,0,-1
2024440196909,2024,440196909,2,19,0,18,19,4,8,0,0,0,0,0,1,10,2,1,6,6,1,33,6,1995,2,7,FORD TRANSIT CUSTOM,2,E01017244,0,2
2024451414368,2024,451414368,1,19,0,-1,19,6,2,-1,0,0,0,0,0,0,1,1,-1,9,1,23,5,1995,2,8,FORD TRANSIT CUSTOM,7,E01030972,0,1
2024440439347,2024,440439347,2,19,0,18,19,3,7,0,0,8,0,0,0,0,4,1,2,2,1,20,4,1995,2,4,FORD TRANSIT CUSTOM,2,E01017117,0,2
2024010513717,2024,010513717,3,19,0,18,19,5,1,0,0,0,0,0,0,0,4,1,1,1,1,32,6,1995,2,7,FORD TRANSIT CUSTOM,-1,-1,0,-1
2024010514779,2024,010514779,3,19,0,18,19,4,8,0,0,1,0,0,0,0,1,1,1,1,1,36,7,1995,2,7,FORD TRANSIT CUSTOM,7,E01021628,0,4
2024010540756,2024,010540756,1,19,0,9,9,7,4,0,0,5,0,0,0,0,1,1,2,2,1,45,7,1995,2,1,FORD TRANSIT CUSTOM,2,E01003267,0,1
2024010518275,2024,010518275,1,19,0,2,2,0,0,0,0,2,0,8,0,0,3,1,6,6,3,-1,-1,1995,2,5,FORD TRANSIT CUSTOM,-1,-1,0,-1
2024010543637,2024,010543637,1,19,0,99,99,9,9,99,99,9,9,99,9,99,9,9,2,2,1,42,7,1995,2,3,FORD TRANSIT CUSTOM,2,E01000470,0,3
2024361504396,2024,361504396,1,19,0,-1,7,6,8,-1,0,8,0,0,0,0,1,1,-1,1,1,47,8,2198,2,11,FORD TRANSIT CUSTOM,5,E01026693,0,1
2024622400153,2024,622400153,2,19,0,5,5,4,8,0,0,1,0,0,0,0,4,1,1,1,1,40,7,1995,2,4,FORD TRANSIT CUSTOM,3,W01000838,0,1
2024231441135,2024,231441135,1,19,0,-1,19,4,8,-1,0,0,0,0,0,0,1,9,-1,1,1,40,7,1995,2,2,FORD TRANSIT CUSTOM,2,E01008892,0,4
2024461437314,2024,461437314,1,19,0,-1,19,3,7,-1,0,0,1,0,0,0,4,9,-1,1,1,43,7,1995,2,1,FORD TRANSIT CUSTOM,5,E01032800,0,4
2024010531859,2024,010531859,2,19,0,18,19,7,3,0,0,8,0,0,0,0,1,1,6,6,1,52,8,1995,2,6,FORD TRANSIT CUSTOM,4,E01034617,0,1
2024520402736,2024,520402736,2,19,0,18,19,5,1,0,0,0,0,0,0,0,1,1,6,6,1,45,7,1995,2,6,FORD TRANSIT CUSTOM,5,W01001296,0,4
2024221498292,2024,221498292,1,19,0,-1,19,3,8,-1,0,0,0,0,0,0,1,9,-1,2,1,25,5,2198,2,8,FORD TRANSIT CUSTOM,7,E01014030,0,4
2024101440121,2024,101440121,2,19,0,-1,3,5,1,-1,0,0,0,0,0,0,2,1,-1,1,1,49,8,1995,2,5,FORD TRANSIT CUSTOM,1,E01033547,0,4
2024991567992,2024,991567992,1,19,0,-1,19,2,6,-1,0,6,0,0,0,0,1,9,-1,6,1,40,7,2198,2,9,FORD TRANSIT CUSTOM,-1,-1,0,-1
2024440174039,2024,440174039,2,19,0,7,7,3,5,0,0,8,0,0,0,0,4,1,6,6,1,41,7,1995,2,4,FORD TRANSIT CUSTOM,-1,-1,0,-1
2024421507073,2024,421507073,3,19,0,-1,2,0,0,-1,0,0,0,0,0,0,3,1,-1,6,1,39,7,1995,2,4,FORD TRANSIT CUSTOM,10,E01033444,0,4
2024010504618,2024,010504618,1,9,0,4,4,7,3,0,0,2,0,0,0,0,0,1,6,6,1,35,6,1995,2,2,FORD TRANSIT CUSTOM,-1,-1,0,-1
2024041499592,2024,041499592,1,19,0,-1,15,8,4,-1,0,0,0,4,0,0,1,2,-1,1,1,31,6,1995,2,2,FORD TRANSIT CUSTOM,2,E01025247,0,3
2024010522212,2024,010522212,2,19,0,99,99,9,9,99,99,9,9,99,9,99,1,9,6,6,3,-1,-1,1995,2,2,FORD TRANSIT CUSTOM,-1,-1,0,-1
2024010502972,2024,010502972,1,19,0,18,19,7,3,0,0,1,0,0,0,0,1,1,1,1,1,24,5,1995,2,1,FORD TRANSIT CUSTOM,4,E01004259,0,1
2024401479172,2024,401479172,1,19,0,-1,5,3,1,-1,0,2,0,0,7,0,1,1,-1,2,1,26,6,1995,2,4,FORD TRANSIT CUSTOM,8,E01027216,0,4
2024361435872,2024,361435872,2,19,0,-1,19,7,3,-1,0,0,0,0,1,0,1,1,-1,9,1,31,6,1995,2,6,FORD TRANSIT CUSTOM,6,E01026669,0,3
2024610051524,2024,610051524,2,19,0,4,4,3,7,0,0,0,0,0,0,0,1,1,2,2,1,38,7,1995,2,3,FORD TRANSIT CUSTOM,9,W01001357,0,1
2024010525729,2024,010525729,1,19,0,7,7,3,5,0,0,5,0,0,0,0,1,1,1,1,1,31,6,1995,2,3,FORD TRANSIT CUSTOM,5,E01003697,0,3
2024421490870,2024,421490870,1,19,0,-1,19,5,1,-1,0,0,0,0,0,0,1,1,-1,6,1,-1,-1,1995,2,5,FORD TRANSIT CUSTOM,-1,-1,0,-1
2024041411946,2024,041411946,2,19,0,-1,4,3,7,-1,0,0,0,0,0,0,2,1,-1,9,1,30,6,2198,2,8,FORD TRANSIT CUSTOM,7,E01025028,0,1
2024010505119,2024,010505119,1,19,0,99,99,9,9,99,99,9,9,99,9,99,2,9,2,2,1,52,8,1995,2,6,FORD TRANSIT CUSTOM,1,E01001013,0,1
2024501395972,2024,501395972,1,19,0,-1,19,3,1,-1,0,6,0,0,0,0,4,1,-1,2,1,69,10,1995,2,7,FORD TRANSIT CUSTOM,8,E01020027,0,1
2024531437059,2024,531437059,1,19,0,-1,1,5,1,-1,0,8,0,0,0,0,2,1,-1,6,1,31,6,1995,2,6,FORD TRANSIT CUSTOM,9,E01032173,0,4
2024041458874,2024,041458874,1,19,0,-1,19,1,5,-1,0,8,0,0,0,0,1,1,-1,1,1,23,5,1995,2,1,FORD TRANSIT CUSTOM,2,E01025292,0,1
2024361492935,2024,361492935,1,19,0,-1,19,7,3,-1,0,0,0,4,0,0,1,1,-1,1,1,25,5,1995,2,5,FORD TRANSIT CUSTOM,5,E01026745,0,4
2024421529263,2024,421529263,1,19,0,-1,1,-1,-1,-1,99,0,0,0,0,0,2,1,-1,6,1,-1,-1,1995,2,4,FORD TRANSIT CUSTOM,-1,-1,0,-1
2024421494835,2024,421494835,1,19,0,-1,19,5,1,-1,0,0,0,0,0,0,1,1,-1,1,1,57,9,1995,2,4,FORD TRANSIT CUSTOM,7,E01022020,0,3
2024010529490,2024,010529490,2,19,0,16,19,6,1,0,0,4,0,0,0,0,1,1,1,1,1,59,9,1995,2,1,FORD TRANSIT CUSTOM,2,E01003330,0,3
2024552400628,2024,552400628,1,19,0,18,19,8,4,0,0,6,0,0,3,0,1,1,1,1,1,24,5,1995,2,8,FORD TRANSIT CUSTOM,2,E01014515,0,4