collision_index,collision_year,collision_ref_no,vehicle_reference,vehicle_type,towing_and_articulation,vehicle_manoeuvre_historic,vehicle_manoeuvre,vehicle_direction_from,vehicle_direction_to,vehicle_location_restricted_lane_historic,vehicle_location_restricted_lane,junction_location,skidding_and_overturning,hit_object_in_carriageway,vehicle_leaving_carriageway,hit_object_off_carriageway,first_point_of_impact,vehicle_left_hand_drive,journey_purpose_of_driver_historic,journey_purpose_of_driver,sex_of_driver,age_of_driver,age_band_of_driver,engine_capacity_cc,propulsion_code,age_of_vehicle,generic_make_model,driver_imd_decile,lsoa_of_driver,escooter_flag,driver_distance_banding
2024010503607,2024,010503607,1,19,0,6,6,3,3,0,0,0,0,0,0,0,3,1,2,2,1,66,10,1995,2,7,FORD TRANSIT CUSTOM,2,E01024670,0,5
2024211509359,2024,211509359,1,19,0,-1,19,8,4,-1,0,0,0,0,1,0,1,1,-1,1,1,45,7,1995,2,5,FORD TRANSIT CUSTOM,10,E01029380,0,1
2024231510881,2024,231510881,2,19,0,-1,19,6,2,-1,0,0,0,0,0,0,3,9,-1,6,1,31,6,2198,2,8,FORD TRANSIT CUSTOM,6,E01031084,0,1
2024010534539,2024,010534539,2,19,0,18,19,1,5,0,0,8,0,0,1,0,1,1,2,2,1,50,8,1996,2,0,FORD TRANSIT CUSTOM,9,E01000421,0,1
2024522500072,2024,522500072,2,19,0,9,9,4,2,0,0,1,0,0,0,0,1,1,6,6,1,52,8,1995,2,6,FORD TRANSIT CUSTOM,3,E01014736,0,1
2024340WN0492,2024,340WN0492,3,19,0,-1,3,6,2,-1,0,1,0,0,0,0,2,1,-1,2,1,26,6,1995,2,7,FORD TRANSIT CUSTOM,6,E01027029,0,1
2024061474817,2024,061474817,2,19,0,-1,4,7,3,-1,0,1,0,0,0,0,2,9,-1,6,1,39,7,1995,2,2,FORD TRANSIT CUSTOM,4,E01005511,0,1
2024010504740,2024,010504740,2,19,0,7,7,7,1,0,0,2,0,0,0,0,2,1,1,1,2,27,6,1995,2,3,FORD TRANSIT CUSTOM,3,E01001830,0,1
2024351438938,2024,351438938,1,19,4,-1,15,7,3,-1,0,0,0,0,0,0,4,1,-1,1,1,73,10,2198,2,10,FORD TRANSIT CUSTOM,5,E01018138,0,1
2024430503907,2024,430503907,2,20,0,8,8,1,3,0,0,8,0,0,0,0,4,1,1,1,1,58,9,-1,-1,-1,FORD TRANSIT CUSTOM,8,E01016711,0,1
2024211477640,2024,211477640,1,19,0,-1,19,3,6,-1,0,0,2,0,0,0,1,1,-1,6,1,57,9,2198,2,9,FORD TRANSIT CUSTOM,-1,-1,0,-1
2024101414932,2024,101414932,3,19,0,-1,19,3,7,-1,0,0,0,0,0,0,2,1,-1,1,1,43,7,1995,2,4,FORD TRANSIT CUSTOM,9,E01019085,0,4
2024351525003,2024,351525003,2,19,0,-1,19,6,2,-1,0,4,0,0,0,0,1,1,-1,6,1,21,5,1995,2,5,FORD TRANSIT CUSTOM,5,E01026192,0,5
2024461509273,2024,461509273,2,19,0,-1,4,4,8,-1,0,1,0,0,0,0,1,1,-1,2,1,39,7,2198,2,8,FORD TRANSIT CUSTOM,4,E01016115,0,1
2024351530678,2024,351530678,1,19,0,-1,19,1,5,-1,0,0,9,0,0,0,2,9,-1,6,1,23,5,2198,2,8,FORD TRANSIT CUSTOM,-1,-1,0,-1
2024122500081,2024,122500081,1,19,0,5,5,6,2,0,0,4,0,0,0,0,0,1,1,1,1,28,6,1995,2,3,FORD TRANSIT CUSTOM,9,E01008023,0,4
2024211528128,2024,211528128,1,19,0,-1,1,4,8,-1,0,8,0,0,0,0,2,1,-1,9,1,27,6,1995,2,7,FORD TRANSIT CUSTOM,-1,-1,0,-1
2024451467577,2024,451467577,2,19,0,-1,3,7,3,-1,0,0,0,0,0,0,2,1,-1,9,1,30,6,1995,2,4,FORD TRANSIT CUSTOM,9,E01023417,0,4
2024471454310,2024,471454310,1,19,0,-1,19,1,4,-1,0,0,5,0,0,0,1,1,-1,2,1,29,6,1995,2,7,FORD TRANSIT CUSTOM,4,E01021076,0,1
2024131525052,2024,131525052,2,19,0,-1,19,2,6,-1,0,0,0,0,0,0,2,1,-1,6,2,21,5,1995,2,4,FORD TRANSIT CUSTOM,5,E01011388,0,1
2024320708305,2024,320708305,2,19,0,2,2,0,0,0,0,0,0,0,0,0,2,1,6,6,1,31,6,2198,2,9,FORD TRANSIT CUSTOM,6,E01025912,0,3
2024010513926,2024,010513926,2,19,0,18,19,7,3,0,0,8,0,0,0,0,1,1,1,1,1,40,7,1995,2,7,FORD TRANSIT CUSTOM,6,E01003781,0,3
2024141545354,2024,141545354,1,19,0,-1,3,5,7,-1,0,0,0,0,0,0,2,1,-1,1,1,24,5,1995,2,3,FORD TRANSIT CUSTOM,6,E01008153,0,2
2024052402066,2024,052402066,1,19,0,18,19,8,4,0,0,0,0,0,0,0,0,1,6,6,1,26,6,1995,2,3,FORD TRANSIT CUSTOM,1,E01006863,0,1
2024070190445,2024,070190445,1,19,0,9,9,5,3,9,9,2,0,0,0,0,1,1,2,2,1,32,6,1995,2,4,FORD TRANSIT CUSTOM,2,E01018484,0,1
2024010536218,2024,010536218,2,19,0,99,99,9,9,99,99,9,9,99,9,99,9,9,6,6,3,-1,-1,1995,2,2,FORD TRANSIT CUSTOM,-1,-1,0,-1
2024061486598,2024,061486598,2,19,0,-1,7,3,6,-1,0,0,0,0,0,0,1,1,-1,1,1,25,5,1995,2,6,FORD TRANSIT CUSTOM,-1,-1,0,-1
2024991467291,2024,991467291,1,19,0,-1,19,2,7,-1,0,1,0,0,0,0,1,1,-1,1,1,40,7,1995,2,4,FORD TRANSIT CUSTOM,5,-1,0,4
2024010497638,2024,010497638,3,19,0,18,19,7,3,0,0,0,0,0,0,0,1,1,1,1,1,26,6,1995,2,1,FORD TRANSIT CUSTOM,5,E01000583,0,1
2024991495256,2024,991495256,2,19,0,-1,4,5,1,-1,0,1,0,0,0,0,1,1,-1,1,1,28,6,1995,2,5,FORD TRANSIT CUSTOM,6,-1,0,4
2024302401735,2024,302401735,1,19,0,-1,9,1,7,-1,0,6,0,0,0,0,1,1,-1,6,3,-1,-1,1995,2,5,FORD TRANSIT CUSTOM,5,E01019456,0,3
2024501414803,2024,501414803,1,19,0,-1,9,1,7,-1,0,8,0,0,0,0,1,1,-1,1,2,36,7,1995,2,6,FORD TRANSIT CUSTOM,1,E01015151,0,2
2024010539268,2024,010539268,1,19,0,3,3,3,7,0,0,0,0,0,1,0,0,1,1,1,1,42,7,1996,2,0,FORD TRANSIT CUSTOM,4,E01001225,0,3
2024451478161,2024,451478161,1,19,0,-1,7,3,5,-1,0,8,0,0,0,0,1,1,-1,9,1,65,9,1995,2,6,FORD TRANSIT CUSTOM,6,E01030738,0,1
2024430336774,2024,430336774,3,19,0,18,19,3,7,0,0,0,0,0,0,0,3,1,1,1,1,30,6,1995,2,2,FORD TRANSIT CUSTOM,-1,-1,0,-1
2024010540067,2024,010540067,2,19,9,1,1,2,8,99,99,9,9,99,9,99,9,9,6,6,1,34,6,2198,2,9,FORD TRANSIT CUSTOM,2,E01001432,0,3
2024201459610,2024,201459610,1,19,0,-1,19,1,5,-1,0,8,0,0,0,0,1,1,-1,6,1,41,7,2198,2,10,FORD TRANSIT CUSTOM,3,E01009112,0,2
2024501442517,2024,501442517,1,19,0,-1,7,6,8,-1,0,8,0,0,0,0,4,1,-1,6,1,55,8,1995,2,4,FORD TRANSIT CUSTOM,9,E01020316,0,3
2024471406605,2024,471406605,2,19,0,-1,19,5,1,-1,0,0,0,0,0,0,1,1,-1,2,1,64,9,1995,2,4,FORD TRANSIT CUSTOM,10,E01031668,0,1
2024101400576,2024,101400576,2,19,0,-1,9,5,3,-1,0,8,0,0,0,0,1,1,-1,1,1,62,9,2198,2,8,FORD TRANSIT CUSTOM,7,E01008650,0,1
2024340WN4352,2024,340WN4352,2,19,0,-1,19,4,8,-1,0,0,0,0,7,0,4,1,-1,2,1,50,8,1995,2,4,FORD TRANSIT CUSTOM,10,E01028669,0,4
2024010549470,2024,010549470,2,19,0,7,7,5,8,9,9,2,0,0,0,0,1,1,2,2,1,28,6,1995,2,1,FORD TRANSIT CUSTOM,8,E01034452,0,4
2024320499908,2024,320499908,2,19,0,9,9,7,3,0,0,8,0,0,0,0,3,-1,-1,-1,1,27,6,2198,2,9,FORD TRANSIT CUSTOM,-1,-1,0,-1
2024401490696,2024,401490696,2,19,0,-1,9,3,8,-1,0,6,0,0,0,0,4,1,-1,6,1,36,7,1995,2,7,FORD TRANSIT CUSTOM,2,E01015699,0,3
2024430101756,2024,430101756,1,19,0,13,13,4,8,0,0,0,0,0,0,0,1,1,1,1,1,35,6,1995,2,5,FORD TRANSIT CUSTOM,4,E01017042,0,4
2024010509796,2024,010509796,1,19,0,18,19,5,1,0,0,0,0,0,0,0,0,1,1,1,1,30,6,1995,2,1,FORD TRANSIT CUSTOM,9,E01003897,0,2
2024010544595,2024,010544595,2,19,0,5,5,7,3,0,0,0,0,0,0,0,2,1,2,2,1,29,6,1995,2,6,FORD TRANSIT CUSTOM,6,E01002625,0,2
2024440340353,2024,440340353,1,19,0,18,19,5,1,0,0,0,0,0,0,0,1,1,1,1,1,25,5,1995,2,7,FORD TRANSIT CUSTOM,4,E01017068,0,1
2024221469346,2024,221469346,3,19,0,-1,3,5,1,-1,0,8,0,0,0,0,1,1,-1,1,1,24,5,1995,2,2,FORD TRANSIT CUSTOM,7,E01035080,0,3
2024991437983,2024,991437983,2,19,0,-1,19,6,3,-1,0,0,1,0,1,0,1,1,-1,6,1,52,8,1995,2,6,FORD TRANSIT CUSTOM,6,-1,0,1
2024461416638,2024,461416638,1,19,0,-1,19,4,8,-1,0,0,0,0,0,0,1,9,-1,1,1,46,8,1995,2,2,FORD TRANSIT CUSTOM,8,E01024105,0,4
2024340WN4372,2024,340WN4372,3,19,0,-1,2,0,0,-1,0,8,0,0,0,0,0,1,-1,6,3,-1,-1,1995,2,1,FORD TRANSIT CUSTOM,-1,-1,0,-1
2024440046964,2024,440046964,2,19,0,3,3,3,7,0,0,1,0,0,0,0,2,1,6,6,1,50,8,1995,2,2,FORD TRANSIT CUSTOM,-1,-1,0,-1
2024451488403,2024,451488403,1,19,0,-1,19,1,5,-1,0,0,0,0,0,0,1,1,-1,1,1,31,6,1995,3,0,FORD TRANSIT CUSTOM,8,E01016232,0,2
2024340WN3192,2024,340WN3192,1,10,0,-1,19,5,1,-1,0,0,0,0,0,0,1,1,-1,2,1,32,6,-1,-1,-1,FORD TRANSIT CUSTOM,4,E01029869,0,4
2024451459740,2024,451459740,2,19,0,-1,19,5,1,-1,0,0,0,0,0,0,1,1,-1,2,1,43,7,1995,2,6,FORD TRANSIT CUSTOM,4,E01030481,0,3
2024522402295,2024,522402295,2,19,0,2,2,0,0,0,0,0,0,0,0,0,3,1,6,6,3,-1,-1,2198,2,10,FORD TRANSIT CUSTOM,-1,-1,0,-1
2024991521039,2024,991521039,3,19,0,-1,5,1,7,-1,0,8,0,0,0,0,4,1,-1,1,1,18,4,1996,2,0,FORD TRANSIT CUSTOM,8,-1,0,2
2024302401240,2024,302401240,1,19,0,18,19,3,7,0,0,1,0,0,0,0,1,1,1,1,1,34,6,2198,2,8,FORD TRANSIT CUSTOM,9,E01029466,0,2
2024501443394,2024,501443394,2,19,0,-1,3,1,5,-1,0,6,0,0,0,0,1,1,-1,1,1,54,8,1995,2,7,FORD TRANSIT CUSTOM,-1,-1,0,-1
2024451457354,2024,451457354,5,19,0,-1,19,7,3,-1,0,0,0,0,0,0,1,1,-1,6,1,55,8,1995,2,5,FORD TRANSIT CUSTOM,5,E01030677,0,1
2024010493923,2024,010493923,2,19,0,18,19,7,3,0,0,1,0,0,1,0,1,1,1,1,1,51,8,1995,2,4,FORD TRANSIT CUSTOM,7,E01001678,0,3
2024440212553,2024,440212553,3,19,0,18,19,4,8,0,0,4,0,0,0,0,1,1,6,6,1,49,8,2198,2,11,FORD TRANSIT CUSTOM,2,E01022934,0,1
2024411427524,2024,411427524,2,19,0,-1,19,5,1,-1,0,0,0,0,0,0,4,9,-1,1,1,32,6,1995,2,1,FORD TRANSIT CUSTOM,4,E01000287,0,1
2024440503085,2024,440503085,2,19,0,18,19,2,7,0,0,4,0,0,0,0,1,1,6,6,3,-1,-1,1995,2,2,FORD TRANSIT CUSTOM,-1,-1,0,-1
2024451396847,2024,451396847,2,19,0,-1,1,1,5,-1,0,0,0,0,0,0,2,9,-1,6,1,32,6,1995,2,3,FORD TRANSIT CUSTOM,-1,-1,0,-1
2024131405741,2024,131405741,1,19,0,-1,19,1,5,-1,0,8,0,0,0,0,1,1,-1,6,1,27,6,1995,2,3,FORD TRANSIT CUSTOM,1,E01010724,0,1
2024461475787,2024,461475787,3,19,0,-1,4,3,7,-1,0,0,0,0,0,0,2,1,-1,1,1,53,8,2198,2,9,FORD TRANSIT CUSTOM,4,E01024698,0,4
2024421400925,2024,421400925,2,19,0,-1,19,5,2,-1,0,0,0,0,0,0,1,1,-1,1,1,69,10,1995,2,3,FORD TRANSIT CUSTOM,3,E01021811,0,1
2024481558156,2024,481558156,1,20,0,-1,7,3,5,-1,0,2,0,0,0,0,3,1,-1,1,1,40,7,-1,-1,-1,FORD TRANSIT CUSTOM,-1,-1,0,-1
2024010530885,2024,010530885,1,19,0,18,19,5,1,0,0,0,0,0,0,0,1,1,6,6,1,34,6,1996,2,0,FORD TRANSIT CUSTOM,4,E01015956,0,4
2024131400368,2024,131400368,2,19,0,-1,19,1,5,-1,0,0,0,0,0,0,1,1,-1,6,1,34,6,1995,2,1,FORD TRANSIT CUSTOM,8,E01011185,0,3
2024311482496,2024,311482496,1,19,0,-1,4,1,5,-1,0,1,0,0,0,0,2,1,-1,1,1,40,7,1995,2,7,FORD TRANSIT CUSTOM,10,E01035509,0,2
2024010518754,2024,010518754,1,19,0,7,7,7,1,0,0,5,0,0,0,0,3,1,1,1,2,58,9,1995,2,7,FORD TRANSIT CUSTOM,6,E01002998,0,3
2024991514853,2024,991514853,1,19,0,-1,8,3,5,-1,0,4,0,0,0,0,2,1,-1,6,3,30,6,1995,2,5,FORD TRANSIT CUSTOM,-1,-1,0,-1
2024430566920,2024,430566920,2,19,0,18,19,4,8,0,0,0,0,0,0,0,1,1,6,6,1,50,8,2198,2,9,FORD TRANSIT CUSTOM,-1,-1,0,-1
2024201497140,2024,201497140,1,19,0,-1,19,7,3,-1,0,8,0,0,0,0,1,1,-1,1,1,-1,-1,1995,2,3,FORD TRANSIT CUSTOM,-1,-1,0,-1
2024131426507,2024,131426507,1,19,0,-1,12,7,3,-1,0,0,1,0,2,7,3,1,-1,1,1,37,7,1995,2,7,FORD TRANSIT CUSTOM,1,E01005611,0,4
2024522401123,2024,522401123,2,20,0,18,19,5,1,0,0,0,0,0,0,0,1,1,6,6,1,60,9,-1,-1,-1,FORD TRANSIT CUSTOM,4,E01018980,0,5
2024061509239,2024,061509239,1,19,0,-1,4,5,1,-1,0,0,1,0,0,0,2,1,-1,1,1,25,5,1995,2,3,FORD TRANSIT CUSTOM,2,E01004817,0,1
2024544793724,2024,544793724,2,19,0,4,4,6,2,0,0,0,1,0,0,0,2,1,6,6,1,39,7,2198,2,9,FORD TRANSIT CUSTOM,6,E01022229,0,4
2024430140941,2024,430140941,1,20,0,18,19,6,2,0,0,4,0,0,0,0,3,1,2,2,1,29,6,-1,-1,-1,FORD TRANSIT CUSTOM,8,E01016508,0,1
2024461488279,2024,461488279,1,19,0,-1,19,3,7,-1,0,0,0,0,0,0,1,1,-1,1,1,24,5,1995,2,6,FORD TRANSIT CUSTOM,5,E01016088,0,4
2024461423373,2024,461423373,1,19,0,-1,1,1,5,-1,0,0,0,0,0,0,2,1,-1,2,1,55,8,1995,2,3,FORD TRANSIT CUSTOM,8,E01022462,0,5
2024361518582,2024,361518582,2,19,0,-1,2,0,0,-1,0,0,0,0,0,0,2,1,-1,1,1,56,9,1995,2,6,FORD TRANSIT CUSTOM,3,E01015856,0,5
2024010510225,2024,010510225,1,19,0,13,13,3,7,0,0,0,0,0,0,0,0,1,1,1,1,24,5,1995,2,3,FORD TRANSIT CUSTOM,5,E01004733,0,3
2024471482792,2024,471482792,3,19,0,-1,19,1,5,-1,0,1,0,0,0,0,1,1,-1,1,1,53,8,1995,2,1,FORD TRANSIT CUSTOM,2,E01021185,0,2
2024231409275,2024,231409275,1,19,0,-1,9,3,8,-1,0,6,0,0,0,0,1,1,-1,2,1,60,9,2198,2,9,FORD TRANSIT CUSTOM,8,E01006210,0,5
2024010544015,2024,010544015,1,19,0,5,5,7,3,0,0,0,0,0,0,0,1,1,1,1,1,50,8,1995,2,5,FORD TRANSIT CUSTOM,9,E01033310,0,4
2024122401251,2024,122401251,1,19,0,18,19,8,4,0,0,0,0,0,0,0,4,1,6,6,1,37,7,1995,2,5,FORD TRANSIT CUSTOM,8,E01027682,0,1
2024531423320,2024,531423320,1,19,0,-1,12,3,7,-1,0,0,2,0,4,6,3,1,-1,1,1,29,6,1995,2,3,FORD TRANSIT CUSTOM,5,E01022428,0,1
2024231444976,2024,231444976,4,19,0,-1,4,4,8,-1,0,1,0,0,0,0,4,9,-1,6,1,63,9,2198,2,8,FORD TRANSIT CUSTOM,10,E01031122,0,2
2024421427706,2024,421427706,1,19,0,-1,19,7,1,-1,0,0,1,7,0,0,1,9,-1,2,1,30,6,1995,2,4,FORD TRANSIT CUSTOM,6,E01035178,0,3
2024201479368,2024,201479368,3,19,9,-1,2,0,0,-1,0,2,0,0,0,0,1,9,-1,6,3,-1,-1,1995,2,4,FORD TRANSIT CUSTOM,-1,-1,0,-1
2024010516228,2024,010516228,1,19,0,17,19,3,7,0,0,2,0,0,0,0,1,1,1,1,1,42,7,1995,2,7,FORD TRANSIT CUSTOM,-1,-1,0,-1
2024501504498,2024,501504498,2,19,0,-1,19,6,2,-1,0,0,0,0,0,0,1,1,-1,6,1,38,7,1995,2,3,FORD TRANSIT CUSTOM,4,E01020052,0,4
2024622400625,2024,622400625,1,19,0,18,19,3,7,0,0,1,0,4,0,0,1,1,6,6,1,27,6,1995,2,5,FORD TRANSIT CUSTOM,1,W01001751,0,1
2024010547826,2024,010547826,1,19,0,9,9,1,7,0,0,2,0,0,0,0,3,1,1,1,1,33,6,1995,2,0,FORD TRANSIT CUSTOM,2,E01033587,0,2
2024440383200,2024,440383200,3,19,0,18,19,8,4,0,0,2,0,0,0,0,2,1,6,6,1,-1,-1,1995,2,3,FORD TRANSIT CUSTOM,-1,-1,0,-1
2024122500462,2024,122500462,2,19,0,18,19,2,6,0,0,8,0,0,0,0,1,1,6,6,1,43,7,1995,2,4,FORD TRANSIT CUSTOM,6,E01027726,0,2
2024320048350,2024,320048350,1,19,0,1,1,4,8,0,0,6,0,0,0,0,2,1,1,1,1,45,7,1995,2,5,FORD TRANSIT CUSTOM,3,E01034681,0,1
2024552400522,2024,552400522,1,19,0,18,19,2,6,0,0,1,0,0,0,0,1,1,6,6,1,26,6,2198,2,9,FORD TRANSIT CUSTOM,6,E01032661,0,1
2024221416295,2024,221416295,2,19,0,-1,19,6,2,-1,0,0,1,0,0,0,3,1,-1,1,1,54,8,1995,2,1,FORD TRANSIT CUSTOM,4,W01001365,0,5
2024361401700,2024,361401700,1,19,0,-1,12,3,3,-1,0,0,0,0,0,0,2,1,-1,1,1,43,7,1995,2,3,FORD TRANSIT CUSTOM,6,E01026565,0,2
2024991485176,2024,991485176,1,19,0,-1,19,5,1,-1,0,0,0,0,0,0,1,2,-1,1,1,42,7,2198,2,8,FORD TRANSIT CUSTOM,4,-1,0,4
2024471427742,2024,471427742,1,19,0,-1,19,3,1,-1,0,6,0,0,0,0,1,1,-1,1,1,47,8,1995,2,5,FORD TRANSIT CUSTOM,6,E01016990,0,1
2024440484855,2024,440484855,1,19,0,18,19,8,4,0,0,0,0,0,1,4,1,1,1,1,1,62,9,1995,2,6,FORD TRANSIT CUSTOM,8,E01023076,0,3
2024411438752,2024,411438752,1,19,0,-1,4,5,1,-1,0,0,0,0,0,0,1,1,-1,6,1,40,7,1995,2,5,FORD TRANSIT CUSTOM,2,E01015759,0,4
2024201439510,2024,201439510,2,19,0,-1,19,4,8,-1,0,0,0,0,0,0,9,9,-1,6,3,-1,-1,1995,2,5,FORD TRANSIT CUSTOM,-1,-1,0,-1
2024471406216,2024,471406216,1,19,0,-1,9,1,5,-1,0,5,0,0,0,0,1,1,-1,1,1,35,6,1995,2,8,FORD TRANSIT CUSTOM,4,E01017233,0,4
2024991485748,2024,991485748,1,19,0,-1,4,2,6,-1,0,0,0,0,0,0,1,1,-1,9,1,37,7,2198,2,8,FORD TRANSIT CUSTOM,-1,-1,0,-1
2024302400352,2024,302400352,3,19,0,4,4,7,3,0,0,0,0,0,0,0,2,1,6,6,1,30,6,1996,2,0,FORD TRANSIT CUSTOM,8,E01028093,0,3
2024421480838,2024,421480838,1,19,0,-1,19,2,6,-1,0,0,0,0,0,0,1,1,-1,1,1,25,5,1995,2,8,FORD TRANSIT CUSTOM,5,E01021426,0,2
2024501426858,2024,501426858,1,19,0,-1,19,1,5,-1,0,0,2,0,1,4,4,1,-1,1,1,44,7,1995,2,1,FORD TRANSIT CUSTOM,-1,-1,0,-1
2024622500033,2024,622500033,2,19,0,9,9,2,1,0,0,1,0,0,0,0,3,1,1,1,1,58,9,1995,2,4,FORD TRANSIT CUSTOM,10,W01001196,0,3
2024340WN5172,2024,340WN5172,1,19,0,-1,19,7,3,-1,0,0,1,0,1,9,1,1,-1,2,1,53,8,1995,2,1,FORD TRANSIT CUSTOM,2,E01027155,0,3
2024122400463,2024,122400463,3,19,0,3,3,3,7,0,0,1,0,0,0,0,3,1,6,6,1,59,9,2198,2,9,FORD TRANSIT CUSTOM,5,E01011269,0,3
2024320731205,2024,320731205,1,19,0,-1,-1,7,3,0,0,0,0,0,0,0,1,1,1,1,1,30,6,1995,2,2,FORD TRANSIT CUSTOM,5,E01026487,0,4
2024010544329,2024,010544329,1,19,0,18,19,7,3,0,0,1,0,0,0,0,1,1,1,1,1,24,5,1996,2,0,FORD TRANSIT CUSTOM,5,E01001512,0,1
2024461539656,2024,461539656,3,19,0,-1,9,3,1,-1,0,6,0,0,0,0,0,2,-1,1,1,26,6,1995,2,2,FORD TRANSIT CUSTOM,2,E01023973,0,4
2024221472219,2024,221472219,2,19,0,-1,4,6,2,-1,0,0,0,0,0,0,2,1,-1,6,1,44,7,1995,2,1,FORD TRANSIT CUSTOM,6,E01032196,0,1
2024070559665,2024,070559665,1,19,0,16,19,1,4,0,0,0,1,0,0,0,1,1,1,1,1,29,6,1995,2,7,FORD TRANSIT CUSTOM,2,E01033300,0,2
2024010538674,2024,010538674,1,19,0,18,19,7,3,0,0,8,0,0,0,0,1,1,1,1,1,45,7,2198,2,8,FORD TRANSIT CUSTOM,7,E01021655,0,4
2024522401793,2024,522401793,2,19,0,18,19,2,6,0,0,0,0,0,0,0,1,1,1,1,1,-1,-1,1995,2,3,FORD TRANSIT CUSTOM,-1,-1,0,-1
2024440025722,2024,440025722,2,19,0,18,19,7,3,0,0,0,5,0,0,0,3,1,2,2,1,46,8,1995,2,4,FORD TRANSIT CUSTOM,-1,-1,0,-1
2024010526641,2024,010526641,1,19,0,4,4,5,1,9,9,1,0,0,1,0,2,1,1,1,1,45,7,1995,2,4,FORD TRANSIT CUSTOM,2,E01000223,0,1
2024010518171,2024,010518171,2,19,0,99,99,9,9,99,99,9,9,99,9,99,9,9,6,6,3,-1,-1,1995,2,1,FORD TRANSIT CUSTOM,3,E01000335,0,3
2024311420449,2024,311420449,2,19,0,-1,19,3,7,-1,0,0,0,0,0,0,1,9,-1,2,-1,-1,-1,1995,2,1,FORD TRANSIT CUSTOM,-1,-1,0,-1
2024302401391,2024,302401391,1,19,0,14,14,6,3,0,0,0,0,0,0,0,3,1,1,1,2,-1,-1,1995,2,3,FORD TRANSIT CUSTOM,4,E01019739,0,1
2024141474035,2024,141474035,1,19,0,-1,19,7,3,-1,0,0,0,4,0,0,1,1,-1,2,1,57,9,1995,2,4,FORD TRANSIT CUSTOM,4,E01007786,0,4
2024221469409,2024,221469409,1,19,0,-1,19,7,3,-1,0,0,5,0,1,11,4,9,-1,6,1,21,5,1995,2,6,FORD TRANSIT CUSTOM,2,E01009934,0,4
2024052401467,2024,052401467,1,19,0,6,6,7,7,0,0,0,0,0,0,0,3,1,6,6,1,64,9,1995,2,7,FORD TRANSIT CUSTOM,1,E01007005,0,1
202460Q172649,2024,60Q172649,2,20,0,2,2,0,0,0,0,0,0,0,0,0,1,1,1,1,1,25,5,-1,-1,-1,FORD TRANSIT CUSTOM,-1,-1,0,-1
2024302400612,2024,302400612,1,19,0,1,1,6,2,9,9,1,0,0,0,0,2,1,6,6,1,59,9,1995,2,3,FORD TRANSIT CUSTOM,5,E01019440,0,1
2024461507717,2024,461507717,1,19,0,-1,2,7,3,-1,0,0,0,0,0,0,3,1,-1,1,1,49,8,1995,2,2,FORD TRANSIT CUSTOM,6,E01024187,0,2
2024010506277,2024,010506277,1,19,0,18,19,4,8,0,0,0,0,0,0,0,2,1,1,1,1,29,6,1995,2,2,FORD TRANSIT CUSTOM,8,E01000411,0,1
2024451459201,2024,451459201,2,19,0,-1,19,7,3,-1,0,0,0,0,0,0,1,1,-1,9,1,68,10,2198,2,9,FORD TRANSIT CUSTOM,6,E01030842,0,1
2024610030224,2024,610030224,2,19,0,18,19,8,4,0,0,0,0,0,0,0,1,1,1,1,1,32,6,1995,2,6,FORD TRANSIT CUSTOM,6,W01001587,0,4
2024501441589,2024,501441589,3,19,0,-1,19,8,4,-1,0,1,0,0,0,0,3,1,-1,6,2,51,8,1995,2,1,FORD TRANSIT CUSTOM,5,E01034848,0,1
2024201512906,2024,201512906,3,19,0,-1,3,1,5,-1,0,8,0,0,0,0,2,1,-1,1,1,22,5,1995,2,5,FORD TRANSIT CUSTOM,6,E01009699,0,1
2024010519651,2024,010519651,2,19,0,11,11,7,3,0,0,8,0,0,0,0,4,1,6,6,3,-1,-1,1995,2,3,FORD TRANSIT CUSTOM,-1,-1,0,-1
2024111425484,2024,111425484,3,19,0,-1,19,1,5,-1,0,0,0,0,0,0,2,1,-1,1,1,35,6,1995,2,2,FORD TRANSIT CUSTOM,2,E01020596,0,2
2024010544725,2024,010544725,1,19,0,18,19,8,4,0,0,1,1,0,0,0,1,2,2,2,1,49,8,2198,2,8,FORD TRANSIT CUSTOM,4,E01024698,0,5
2024041481778,2024,041481778,2,19,4,-1,2,1,5,-1,9,1,0,0,0,0,4,1,-1,6,-1,-1,-1,2198,2,8,FORD TRANSIT CUSTOM,-1,-1,0,-1
2024141519892,2024,141519892,2,19,0,-1,9,6,2,-1,0,8,0,0,0,0,3,1,-1,1,1,27,6,1995,2,4,FORD TRANSIT CUSTOM,2,E01008101,0,1
2024010537681,2024,010537681,2,19,0,99,99,9,9,99,99,9,9,99,9,99,9,9,6,6,3,-1,-1,1995,2,4,FORD TRANSIT CUSTOM,-1,-1,0,-1
2024320665283,2024,320665283,2,19,0,-1,-1,2,6,0,0,0,0,0,0,0,0,1,1,1,1,63,9,1995,2,1,FORD TRANSIT CUSTOM,9,E01028398,0,4
2024481472322,2024,481472322,1,19,0,-1,9,5,3,-1,0,8,0,0,0,0,4,1,-1,1,1,53,8,1995,2,7,FORD TRANSIT CUSTOM,-1,-1,0,-1
2024061516353,2024,061516353,1,19,0,-1,19,3,7,-1,0,1,0,0,0,0,1,9,-1,6,3,-1,-1,1995,2,2,FORD TRANSIT CUSTOM,-1,-1,0,-1