collision_index,collision_year,collision_ref_no,vehicle_reference,vehicle_type,towing_and_articulation,vehicle_manoeuvre_historic,vehicle_manoeuvre,vehicle_direction_from,vehicle_direction_to,vehicle_location_restricted_lane_historic,vehicle_location_restricted_lane,junction_location,skidding_and_overturning,hit_object_in_carriageway,vehicle_leaving_carriageway,hit_object_off_carriageway,first_point_of_impact,vehicle_left_hand_drive,journey_purpose_of_driver_historic,journey_purpose_of_driver,sex_of_driver,age_of_driver,age_band_of_driver,engine_capacity_cc,propulsion_code,age_of_vehicle,generic_make_model,driver_imd_decile,lsoa_of_driver,escooter_flag,driver_distance_banding
2024131445326,2024,131445326,1,19,0,-1,19,1,5,-1,0,1,0,0,7,10,4,1,-1,1,1,35,6,1995,2,6,FORD TRANSIT CUSTOM,1,E01010839,0,2
2024010503615,2024,010503615,2,19,0,5,5,0,1,0,0,4,0,0,0,0,3,1,1,1,1,40,7,1995,2,3,FORD TRANSIT CUSTOM,2,E01033455,0,2
2024421488889,2024,421488889,2,19,0,-1,2,0,0,-1,0,0,1,0,1,11,2,1,-1,6,-1,-1,-1,1995,2,2,FORD TRANSIT CUSTOM,-1,-1,0,-1
2024010505229,2024,010505229,2,19,0,18,19,4,8,0,0,4,0,0,0,0,9,1,6,6,3,-1,-1,1995,-1,0,FORD TRANSIT CUSTOM,-1,-1,0,-1
2024061477119,2024,061477119,7,19,0,-1,9,7,3,-1,0,0,0,0,0,0,0,1,-1,8,1,35,6,1995,2,1,FORD TRANSIT CUSTOM,6,E01005154,0,1
2024371420096,2024,371420096,1,19,-1,-1,19,5,1,-1,0,0,1,0,0,0,1,9,-1,6,1,-1,-1,1995,2,8,FORD TRANSIT CUSTOM,-1,-1,0,-1
2024471501662,2024,471501662,1,19,0,-1,19,1,5,-1,0,0,0,0,0,0,1,1,-1,9,1,25,5,1995,2,3,FORD TRANSIT CUSTOM,9,E01031395,0,1
2024461492242,2024,461492242,3,19,0,-1,2,0,0,-1,0,0,1,0,0,0,4,1,-1,6,-1,-1,-1,1995,2,5,FORD TRANSIT CUSTOM,-1,-1,0,-1
2024332400179,2024,332400179,1,19,0,-1,3,8,4,-1,0,0,0,0,0,0,2,1,-1,2,1,36,7,1995,2,6,FORD TRANSIT CUSTOM,7,E01013709,0,1
2024991502241,2024,991502241,1,19,0,-1,19,3,7,-1,0,1,0,0,0,0,1,1,-1,1,1,25,5,2198,2,8,FORD TRANSIT CUSTOM,1,-1,0,2
2024522403206,2024,522403206,1,19,0,18,19,1,5,0,0,8,0,0,0,0,1,1,6,6,1,47,8,1995,2,5,FORD TRANSIT CUSTOM,6,E01014986,0,1
2024052400269,2024,052400269,1,19,0,18,19,5,1,0,0,3,0,0,0,0,1,1,1,1,1,55,8,1995,2,5,FORD TRANSIT CUSTOM,4,E01006278,0,3
2024101488375,2024,101488375,1,19,0,-1,7,5,7,-1,0,1,0,0,0,0,0,2,-1,9,1,40,7,1995,2,5,FORD TRANSIT CUSTOM,1,E01008735,0,1
2024010526490,2024,010526490,4,19,0,4,4,1,5,0,0,2,0,0,0,0,1,1,1,1,1,34,6,1995,2,0,FORD TRANSIT CUSTOM,4,E01002030,0,1
2024211496283,2024,211496283,1,19,0,-1,19,3,7,-1,0,0,0,0,0,0,4,1,-1,6,1,62,9,1995,2,4,FORD TRANSIT CUSTOM,4,E01028871,0,4
2024010526469,2024,010526469,1,19,0,9,9,3,1,0,0,7,0,0,0,0,1,1,2,2,1,42,7,1995,2,4,FORD TRANSIT CUSTOM,3,E01002068,0,1
2024010502158,2024,010502158,1,19,0,7,7,5,8,0,0,1,0,0,0,0,4,1,1,1,1,36,7,1995,2,4,FORD TRANSIT CUSTOM,10,E01000463,0,3
2024010519867,2024,010519867,1,19,0,7,7,1,4,4,4,1,0,0,0,0,1,2,2,2,1,62,9,1995,2,5,FORD TRANSIT CUSTOM,3,E01002806,0,1
2024311437413,2024,311437413,2,19,0,-1,11,4,8,-1,0,0,0,0,0,0,4,1,-1,1,1,38,7,1995,2,5,FORD TRANSIT CUSTOM,-1,-1,0,-1
2024411411826,2024,411411826,1,19,0,-1,19,1,5,-1,0,0,0,0,0,0,1,1,-1,1,1,49,8,1995,2,4,FORD TRANSIT CUSTOM,5,E01023411,0,1
2024010529511,2024,010529511,1,19,0,99,99,9,9,99,99,9,9,99,9,99,1,9,2,2,1,56,9,1995,2,7,FORD TRANSIT CUSTOM,9,E01002935,0,1
2024010488773,2024,010488773,1,19,0,18,19,1,5,0,0,2,0,0,0,0,1,2,6,6,1,63,9,1995,2,5,FORD TRANSIT CUSTOM,5,E01034428,0,4
2024991430206,2024,991430206,1,19,0,-1,19,5,2,-1,0,0,0,0,4,0,4,1,-1,2,1,32,6,1995,2,2,FORD TRANSIT CUSTOM,3,-1,0,4
2024461527930,2024,461527930,2,19,0,-1,19,7,4,-1,0,8,0,0,0,0,1,1,-1,9,1,67,10,2198,2,11,FORD TRANSIT CUSTOM,7,E01024362,0,1
2024361416811,2024,361416811,2,19,0,-1,19,1,5,-1,0,0,0,0,0,0,1,1,-1,1,1,44,7,1995,2,2,FORD TRANSIT CUSTOM,6,E01026758,0,4
2024440260999,2024,440260999,1,19,0,14,14,3,7,0,0,0,0,0,0,0,1,1,1,1,1,27,6,1996,2,0,FORD TRANSIT CUSTOM,4,E01023153,0,1
2024440466684,2024,440466684,2,19,0,18,19,6,2,0,0,0,0,0,0,0,1,1,1,1,1,35,6,1995,2,2,FORD TRANSIT CUSTOM,3,E01023058,0,3
2024430549928,2024,430549928,1,19,0,9,9,4,2,0,0,5,0,0,0,0,1,1,6,6,1,34,6,1995,2,2,FORD TRANSIT CUSTOM,2,E01017707,0,1
2024141457744,2024,141457744,1,19,0,-1,5,3,6,-1,0,2,0,0,0,0,2,1,-1,1,1,27,6,1995,2,1,FORD TRANSIT CUSTOM,3,E01007820,0,1
2024451418176,2024,451418176,3,19,0,-1,19,7,3,-1,0,0,0,0,4,6,1,1,-1,1,1,50,8,1995,2,2,FORD TRANSIT CUSTOM,10,E01031760,0,4
2024010548179,2024,010548179,2,19,0,2,2,0,0,0,0,2,0,0,0,0,0,1,6,6,3,-1,-1,1995,2,3,FORD TRANSIT CUSTOM,-1,-1,0,-1
2024471491903,2024,471491903,1,19,0,-1,9,8,5,-1,0,1,0,0,0,0,1,1,-1,1,1,65,9,1995,2,3,FORD TRANSIT CUSTOM,6,E01021198,0,1
2024631459267,2024,631459267,1,19,0,-1,1,6,2,-1,0,8,0,0,0,0,2,1,-1,1,1,61,9,1995,2,1,FORD TRANSIT CUSTOM,7,W01000675,0,4
2024010535463,2024,010535463,2,20,0,99,99,9,9,99,99,9,9,99,9,99,2,9,6,6,3,-1,-1,-1,-1,-1,FORD TRANSIT CUSTOM,-1,-1,0,-1
2024461471423,2024,461471423,2,19,0,-1,11,7,3,-1,0,0,0,0,0,0,4,1,-1,1,1,53,8,1995,2,3,FORD TRANSIT CUSTOM,2,E01016068,0,3
2024471490597,2024,471490597,1,19,0,-1,1,3,7,-1,0,0,0,0,0,0,2,1,-1,6,1,-1,-1,1995,2,4,FORD TRANSIT CUSTOM,-1,-1,0,-1
2024610021624,2024,610021624,3,19,0,18,19,8,4,0,0,1,0,0,0,0,1,1,6,6,1,38,7,1995,2,7,FORD TRANSIT CUSTOM,5,W01001350,0,3
2024161400794,2024,161400794,1,19,0,-1,10,3,5,-1,0,1,0,0,0,0,2,1,-1,6,1,57,9,1995,2,8,FORD TRANSIT CUSTOM,10,E01013152,0,1
2024131487474,2024,131487474,2,19,0,-1,19,3,3,-1,0,0,0,0,0,0,4,1,-1,1,1,41,7,1995,2,4,FORD TRANSIT CUSTOM,1,E01010803,0,1
202454B846424,2024,54B846424,4,19,0,18,19,3,7,0,0,0,0,0,0,0,0,1,6,6,1,37,7,1995,2,4,FORD TRANSIT CUSTOM,10,E01029104,0,4
2024221536553,2024,221536553,1,19,0,-1,9,3,1,-1,0,4,0,0,0,0,4,1,-1,6,1,61,9,1995,2,7,FORD TRANSIT CUSTOM,8,E01028997,0,3
2024041450077,2024,041450077,1,19,0,-1,19,5,1,-1,0,0,0,0,0,0,1,1,-1,2,1,57,9,1995,2,7,FORD TRANSIT CUSTOM,4,E01025057,0,3
2024471462474,2024,471462474,1,19,0,-1,19,5,1,-1,0,0,0,11,1,3,1,1,-1,2,1,64,9,2198,2,11,FORD TRANSIT CUSTOM,1,E01016904,0,3
2024461525375,2024,461525375,2,19,0,-1,19,7,3,-1,0,8,0,0,0,0,1,1,-1,9,1,45,7,2198,2,9,FORD TRANSIT CUSTOM,5,E01024551,0,1
2024010525899,2024,010525899,2,19,0,99,99,9,9,99,99,9,9,99,9,99,1,9,6,6,3,-1,-1,1995,2,5,FORD TRANSIT CUSTOM,-1,-1,0,-1
2024131517311,2024,131517311,2,19,0,-1,19,1,5,-1,0,1,0,0,0,0,3,1,-1,9,1,56,9,1995,2,6,FORD TRANSIT CUSTOM,6,E01007452,0,4
2024501465658,2024,501465658,2,19,0,-1,19,2,6,-1,0,8,0,0,0,0,4,9,-1,1,1,35,6,1995,2,5,FORD TRANSIT CUSTOM,5,E01034643,0,2
2024501476551,2024,501476551,2,19,0,-1,3,3,7,-1,0,0,0,99,0,0,2,1,-1,1,1,48,8,1995,2,2,FORD TRANSIT CUSTOM,7,E01020108,0,3
2024991517665,2024,991517665,3,19,0,-1,19,7,2,-1,0,0,0,0,0,0,2,1,-1,1,1,24,5,1995,2,4,FORD TRANSIT CUSTOM,2,-1,0,4
2024010523981,2024,010523981,2,19,0,7,7,1,3,0,0,1,0,0,0,0,0,1,6,6,1,-1,-1,2198,2,9,FORD TRANSIT CUSTOM,-1,-1,0,-1
2024440541210,2024,440541210,2,19,0,18,19,3,7,0,0,0,0,0,0,0,1,1,6,6,1,-1,-1,1996,2,0,FORD TRANSIT CUSTOM,-1,-1,0,-1
2024010537916,2024,010537916,2,19,0,10,10,5,2,0,0,1,0,0,0,0,2,1,1,1,1,52,8,1995,2,6,FORD TRANSIT CUSTOM,4,E01002631,0,4
2024501530701,2024,501530701,2,19,0,-1,19,1,5,-1,0,8,0,0,0,0,1,1,-1,6,1,37,7,1995,2,8,FORD TRANSIT CUSTOM,2,E01015242,0,1
2024471402210,2024,471402210,1,19,0,-1,5,2,6,-1,0,6,0,0,0,0,1,1,-1,6,1,45,7,1995,2,2,FORD TRANSIT CUSTOM,5,E01024357,0,4
2024302401448,2024,302401448,1,19,0,16,19,1,3,0,0,8,0,0,0,0,1,1,2,2,1,55,8,1995,2,7,FORD TRANSIT CUSTOM,3,E01007676,0,4
2024010548072,2024,010548072,2,19,9,99,99,9,9,99,99,9,9,99,9,99,9,9,6,6,3,-1,-1,1995,2,6,FORD TRANSIT CUSTOM,-1,-1,0,-1
2024061513164,2024,061513164,1,19,0,-1,19,5,1,-1,0,0,0,0,0,0,0,1,-1,2,1,57,9,1995,2,2,FORD TRANSIT CUSTOM,9,E01006017,0,2
2024471503904,2024,471503904,1,19,4,-1,19,4,2,-1,0,8,0,0,0,0,4,1,-1,2,1,61,9,1995,2,2,FORD TRANSIT CUSTOM,8,E01031659,0,2
202454C651624,2024,54C651624,1,19,0,18,19,4,8,0,0,1,0,0,0,0,1,1,6,6,1,28,6,1995,2,7,FORD TRANSIT CUSTOM,7,E01015567,0,1
2024131431222,2024,131431222,1,19,0,-1,-1,-1,-1,-1,-1,0,-1,-1,-1,-1,-1,1,-1,6,3,-1,-1,2198,2,9,FORD TRANSIT CUSTOM,-1,-1,0,-1
2024421440388,2024,421440388,1,19,0,-1,19,1,5,-1,0,0,0,0,0,0,1,1,-1,6,1,31,6,1995,2,0,FORD TRANSIT CUSTOM,7,E01017733,0,4
2024010522041,2024,010522041,1,19,0,9,9,6,4,0,0,2,0,0,0,0,1,1,1,1,1,45,7,1995,2,7,FORD TRANSIT CUSTOM,6,E01024136,0,4
2024101449677,2024,101449677,2,19,0,-1,19,5,1,-1,0,8,0,0,0,0,3,1,-1,1,1,51,8,1995,2,0,FORD TRANSIT CUSTOM,5,E01008181,0,3
2024451527560,2024,451527560,3,19,0,-1,19,1,5,-1,0,0,0,0,0,0,2,1,-1,1,1,58,9,2198,2,9,FORD TRANSIT CUSTOM,3,E01031115,0,5
2024340WN6982,2024,340WN6982,1,19,0,-1,4,5,1,-1,0,0,1,0,0,0,1,1,-1,1,1,35,6,2198,2,9,FORD TRANSIT CUSTOM,8,E01028792,0,4
2024440132108,2024,440132108,2,19,0,18,19,2,6,0,0,0,0,0,0,0,1,1,2,2,1,48,8,1995,2,1,FORD TRANSIT CUSTOM,-1,-1,0,-1
2024122500004,2024,122500004,1,19,0,1,1,2,6,9,9,0,0,0,0,0,2,1,1,1,1,48,8,1995,2,5,FORD TRANSIT CUSTOM,7,E01027877,0,3
2024440035294,2024,440035294,2,19,0,1,1,4,8,0,0,6,0,0,0,0,2,1,6,6,1,-1,-1,2198,2,9,FORD TRANSIT CUSTOM,-1,-1,0,-1
2024320548385,2024,320548385,2,19,0,10,10,4,2,0,0,1,0,0,0,0,2,1,1,1,1,60,9,1995,2,7,FORD TRANSIT CUSTOM,3,E01018090,0,4
2024461476299,2024,461476299,2,19,0,-1,4,1,5,-1,0,0,0,0,0,0,2,1,-1,1,1,55,8,1995,2,6,FORD TRANSIT CUSTOM,5,E01024198,0,4
2024061532609,2024,061532609,1,19,0,-1,9,4,2,-1,0,8,0,0,0,0,1,1,-1,1,2,24,5,1995,2,1,FORD TRANSIT CUSTOM,2,E01034119,0,1
2024991504736,2024,991504736,1,19,0,-1,9,8,6,-1,0,8,0,0,0,0,2,1,-1,1,1,36,7,1995,2,7,FORD TRANSIT CUSTOM,6,-1,0,4
2024101492842,2024,101492842,1,19,0,-1,2,3,7,-1,0,0,0,0,0,0,1,1,-1,1,1,38,7,2198,2,10,FORD TRANSIT CUSTOM,-1,-1,0,-1
2024622400504,2024,622400504,1,19,0,18,19,1,5,0,0,1,0,0,0,0,1,1,1,1,1,20,4,1995,2,5,FORD TRANSIT CUSTOM,1,W01001785,0,1
2024221531571,2024,221531571,2,19,0,-1,3,5,1,-1,0,8,0,0,0,0,0,9,-1,6,1,22,5,1995,2,3,FORD TRANSIT CUSTOM,7,E01032274,0,3
2024211528961,2024,211528961,1,19,0,-1,5,3,8,-1,0,0,1,0,0,0,3,1,-1,9,1,30,6,1996,2,0,FORD TRANSIT CUSTOM,1,E01010299,0,1
2024471400455,2024,471400455,1,19,0,-1,19,3,7,-1,0,0,0,0,0,0,1,1,-1,9,1,32,6,1995,2,2,FORD TRANSIT CUSTOM,5,E01031373,0,2
2024201467408,2024,201467408,2,19,0,-1,19,6,2,-1,0,0,1,0,0,0,1,1,-1,1,1,65,9,1995,2,6,FORD TRANSIT CUSTOM,3,E01019818,0,4
2024471469523,2024,471469523,3,19,0,-1,19,4,2,-1,0,0,0,0,0,0,0,1,-1,2,1,60,9,1996,2,0,FORD TRANSIT CUSTOM,6,E01021188,0,3
2024430440218,2024,430440218,1,19,0,18,19,8,4,0,0,0,0,0,0,0,1,1,1,1,1,43,7,1996,2,0,FORD TRANSIT CUSTOM,7,E01028753,0,3
2024010507192,2024,010507192,3,19,0,2,2,0,0,0,0,0,0,0,0,0,3,1,6,6,3,-1,-1,1995,2,4,FORD TRANSIT CUSTOM,-1,-1,0,-1
2024461424877,2024,461424877,2,19,0,-1,9,3,7,-1,0,0,0,0,0,0,3,1,-1,1,2,59,9,1995,2,2,FORD TRANSIT CUSTOM,9,E01024765,0,3
202460Q171821,2024,60Q171821,9,19,0,18,19,8,4,0,0,0,0,0,0,0,2,1,6,6,1,-1,-1,1995,2,3,FORD TRANSIT CUSTOM,-1,-1,0,-1
2024401474786,2024,401474786,1,19,0,-1,19,7,3,-1,0,0,0,0,0,0,1,1,-1,1,1,32,6,2198,2,10,FORD TRANSIT CUSTOM,3,E01023757,0,4
2024041518834,2024,041518834,4,19,0,-1,4,5,1,-1,0,1,0,0,0,0,2,1,-1,1,2,27,6,1995,2,6,FORD TRANSIT CUSTOM,1,E01012483,0,4
202454B134124,2024,54B134124,3,19,0,18,19,1,4,0,0,0,0,0,0,0,1,1,1,1,1,36,7,1995,2,5,FORD TRANSIT CUSTOM,-1,-1,0,-1
2024421501217,2024,421501217,2,19,0,-1,19,6,2,-1,0,0,0,0,0,0,2,1,-1,2,1,31,6,1996,2,0,FORD TRANSIT CUSTOM,6,E01021705,0,4
2024010547869,2024,010547869,1,19,0,9,9,1,7,4,4,5,0,0,0,0,1,1,6,6,1,37,7,1995,2,7,FORD TRANSIT CUSTOM,3,E01034152,0,1
2024141410459,2024,141410459,1,19,0,-1,1,4,4,-1,0,0,0,0,0,0,2,9,-1,6,3,-1,-1,2198,2,10,FORD TRANSIT CUSTOM,-1,-1,0,-1
2024052402220,2024,052402220,2,19,0,18,19,3,7,0,0,0,0,0,0,0,1,1,1,1,1,63,9,1995,2,5,FORD TRANSIT CUSTOM,7,E01007080,0,4
2024010518180,2024,010518180,1,19,0,99,99,9,9,99,99,9,9,99,9,99,2,9,2,2,1,39,7,1995,2,3,FORD TRANSIT CUSTOM,5,E01002546,0,2
2024991409026,2024,991409026,1,19,0,-1,19,8,4,-1,0,0,0,0,0,0,1,1,-1,1,1,52,8,1995,2,3,FORD TRANSIT CUSTOM,6,-1,0,4
2024010536627,2024,010536627,1,19,0,6,6,1,1,0,0,1,0,0,0,0,3,1,1,1,1,43,7,1995,2,4,FORD TRANSIT CUSTOM,10,E01000811,0,3
2024031516916,2024,031516916,3,19,0,-1,19,1,5,-1,0,0,0,0,0,0,1,1,-1,1,1,37,7,1995,2,7,FORD TRANSIT CUSTOM,1,E01019165,0,4
2024471414113,2024,471414113,4,19,0,-1,19,6,2,-1,0,0,0,0,0,0,1,1,-1,1,1,45,7,1995,2,5,FORD TRANSIT CUSTOM,5,E01002330,0,4
2024061431049,2024,061431049,1,20,0,-1,19,3,7,-1,0,0,0,7,0,0,1,1,-1,6,1,42,7,-1,-1,-1,FORD TRANSIT CUSTOM,8,E01005852,0,3
2024440246025,2024,440246025,2,19,0,2,2,0,0,0,0,0,0,0,0,0,2,1,6,6,1,44,7,1995,2,5,FORD TRANSIT CUSTOM,-1,-1,0,-1
2024010524913,2024,010524913,1,19,0,13,13,5,1,0,0,8,0,0,0,0,2,1,6,6,1,50,8,1995,2,3,FORD TRANSIT CUSTOM,2,E01003966,0,1
2024161430044,2024,161430044,1,19,0,-1,19,6,2,-1,0,1,0,0,0,0,1,1,-1,1,1,43,7,1995,2,4,FORD TRANSIT CUSTOM,6,E01026722,0,5
2024010502609,2024,010502609,2,19,0,4,4,3,7,0,0,0,0,0,0,0,2,1,6,6,1,44,7,1995,2,2,FORD TRANSIT CUSTOM,5,E01024156,0,2
2024131521305,2024,131521305,1,19,0,-1,-1,-1,-1,-1,-1,8,-1,-1,-1,0,-1,1,-1,6,3,-1,-1,1995,2,5,FORD TRANSIT CUSTOM,-1,-1,0,-1
2024991436683,2024,991436683,2,19,0,-1,3,5,1,-1,0,1,0,0,0,0,2,1,-1,1,1,48,8,1995,2,7,FORD TRANSIT CUSTOM,5,E01010109,0,5
2024201533753,2024,201533753,1,19,0,-1,19,5,1,-1,0,0,0,0,0,0,1,1,-1,2,1,63,9,1995,2,3,FORD TRANSIT CUSTOM,6,E01021972,0,5
2024010529856,2024,010529856,1,19,0,18,19,7,3,0,0,0,0,0,0,0,0,1,1,1,1,52,8,1995,2,1,FORD TRANSIT CUSTOM,7,E01003456,0,1
2024122500119,2024,122500119,2,19,0,18,19,3,7,0,0,1,0,0,0,0,1,1,6,6,1,27,6,1995,2,5,FORD TRANSIT CUSTOM,4,E01012192,0,4
2024041471803,2024,041471803,2,19,0,-1,3,1,5,-1,0,0,1,0,0,0,2,1,-1,1,1,32,6,1995,2,3,FORD TRANSIT CUSTOM,3,E01012651,0,4
2024211494286,2024,211494286,1,19,0,-1,19,1,5,-1,0,0,0,0,7,0,1,1,-1,9,1,59,9,2198,2,11,FORD TRANSIT CUSTOM,6,E01025329,0,5
2024451500077,2024,451500077,1,19,0,-1,5,7,3,-1,0,0,0,0,0,0,1,1,-1,1,2,21,5,1995,2,5,FORD TRANSIT CUSTOM,8,E01002164,0,4
2024411480019,2024,411480019,1,19,0,-1,-1,-1,-1,-1,-1,0,-1,-1,-1,0,-1,9,-1,6,3,-1,-1,1996,2,0,FORD TRANSIT CUSTOM,-1,-1,0,-1
2024010501907,2024,010501907,2,19,0,1,1,9,9,99,99,9,9,99,9,99,2,9,6,6,1,-1,-1,1995,2,6,FORD TRANSIT CUSTOM,6,E01002968,0,2
2024421451632,2024,421451632,3,19,0,-1,2,1,3,-1,0,8,0,0,0,0,2,1,-1,6,-1,-1,-1,1995,2,5,FORD TRANSIT CUSTOM,-1,-1,0,-1
2024440510881,2024,440510881,1,19,0,18,19,7,3,0,0,0,0,0,0,0,3,1,2,2,1,58,9,2198,2,9,FORD TRANSIT CUSTOM,3,E01017341,0,3
2024010510757,2024,010510757,1,19,0,9,9,3,8,0,0,2,0,0,0,0,1,1,1,1,1,28,6,1995,2,4,FORD TRANSIT CUSTOM,3,E01034204,0,3
2024361417892,2024,361417892,2,19,0,-1,13,4,8,-1,0,0,0,0,0,0,1,1,-1,1,2,38,7,2198,2,10,FORD TRANSIT CUSTOM,1,E01033436,0,2
2024440364045,2024,440364045,1,19,0,7,7,1,7,0,0,8,0,0,0,0,1,1,6,6,1,43,7,2198,2,11,FORD TRANSIT CUSTOM,4,E01022805,0,1
2024991529998,2024,991529998,2,19,0,-1,8,5,7,-1,0,1,0,0,0,0,4,1,-1,2,1,36,7,1995,2,3,FORD TRANSIT CUSTOM,10,-1,0,1
2024440247308,2024,440247308,1,19,0,18,19,7,3,0,0,0,0,0,0,0,4,1,6,6,1,39,7,1995,2,7,FORD TRANSIT CUSTOM,5,E01023026,0,1
2024991427942,2024,991427942,2,19,0,-1,19,3,7,-1,0,1,0,0,0,0,1,1,-1,1,1,30,6,2198,2,8,FORD TRANSIT CUSTOM,-1,-1,0,-1
2024361512326,2024,361512326,1,19,0,-1,19,1,4,-1,0,2,0,0,0,0,1,1,-1,2,1,26,6,1995,2,1,FORD TRANSIT CUSTOM,10,E01026927,0,1
2024010542168,2024,010542168,2,19,0,99,99,9,9,99,99,9,9,99,9,99,2,9,6,6,3,-1,-1,1996,2,0,FORD TRANSIT CUSTOM,-1,-1,0,-1
2024451515446,2024,451515446,1,19,0,-1,4,5,1,-1,0,0,0,0,0,0,1,1,-1,1,1,24,5,1995,2,6,FORD TRANSIT CUSTOM,10,E01030297,0,1
2024461398780,2024,461398780,2,19,0,-1,19,3,7,-1,0,0,0,0,0,0,1,9,-1,6,1,37,7,1995,2,4,FORD TRANSIT CUSTOM,2,E01003933,0,4
2024401477694,2024,401477694,1,19,0,-1,19,-1,-1,-1,0,9,0,0,0,0,3,9,-1,6,1,33,6,1995,2,5,FORD TRANSIT CUSTOM,10,E01017393,0,2
2024122400656,2024,122400656,2,19,0,18,19,5,1,0,0,0,0,0,0,0,3,1,6,6,2,37,7,2198,2,11,FORD TRANSIT CUSTOM,9,E01027665,0,2
2024451409532,2024,451409532,1,19,0,-1,19,1,6,-1,0,3,0,10,0,0,3,1,-1,1,2,26,6,1995,2,1,FORD TRANSIT CUSTOM,8,E01030537,0,2
2024131507695,2024,131507695,1,19,0,-1,3,1,5,-1,0,3,0,0,0,0,2,1,-1,1,1,47,8,1995,2,7,FORD TRANSIT CUSTOM,1,E01010614,0,2
2024471512812,2024,471512812,2,19,0,-1,13,4,2,-1,0,1,0,0,0,0,1,1,-1,1,1,63,9,1995,2,5,FORD TRANSIT CUSTOM,5,E01021117,0,1
2024070510651,2024,070510651,1,19,0,18,19,7,3,0,0,0,0,0,0,0,1,1,1,1,1,35,6,1995,2,5,FORD TRANSIT CUSTOM,10,E01022596,0,5
2024501454976,2024,501454976,1,19,0,-1,19,3,7,-1,0,1,0,0,1,0,1,1,-1,1,1,35,6,1995,2,1,FORD TRANSIT CUSTOM,5,E01020137,0,4
2024010549635,2024,010549635,1,19,0,18,19,7,3,0,0,8,0,0,0,0,1,1,2,2,1,34,6,1995,2,2,FORD TRANSIT CUSTOM,6,E01003664,0,2
2024622400555,2024,622400555,1,19,0,9,9,5,2,0,0,1,0,0,0,0,3,1,6,6,3,-1,-1,1995,2,6,FORD TRANSIT CUSTOM,-1,-1,0,-1
2024531425363,2024,531425363,1,19,0,-1,5,8,4,-1,0,1,0,0,0,0,1,9,-1,6,1,36,7,1995,2,7,FORD TRANSIT CUSTOM,10,E01022317,0,2
2024991458592,2024,991458592,1,19,0,-1,11,3,7,-1,0,0,0,0,0,0,1,1,-1,1,1,22,5,1995,2,1,FORD TRANSIT CUSTOM,5,-1,0,4
2024461534466,2024,461534466,2,19,0,-1,19,1,5,-1,0,0,0,0,0,0,2,1,-1,1,1,36,7,1995,2,1,FORD TRANSIT CUSTOM,8,E01024439,0,1
2024610025724,2024,610025724,1,19,0,18,19,3,7,0,0,0,0,0,0,0,3,1,1,1,1,43,7,1995,2,1,FORD TRANSIT CUSTOM,4,W01001665,0,3
2024010524998,2024,010524998,4,19,0,2,2,0,0,0,0,0,0,0,0,0,4,1,6,6,3,-1,-1,1995,2,7,FORD TRANSIT CUSTOM,-1,-1,0,-1
2024122400755,2024,122400755,1,19,0,18,19,5,1,0,0,0,0,11,2,7,1,1,2,2,1,47,8,1995,2,1,FORD TRANSIT CUSTOM,4,E01015614,0,5
2024451416136,2024,451416136,2,19,0,-1,19,3,7,-1,0,0,0,0,0,0,1,1,-1,1,1,26,6,1995,2,8,FORD TRANSIT CUSTOM,5,E01030814,0,2
2024991403346,2024,991403346,2,19,0,-1,19,3,7,-1,0,2,0,0,0,0,1,1,-1,1,1,55,8,1995,2,2,FORD TRANSIT CUSTOM,8,-1,0,4
2024371496957,2024,371496957,1,19,0,-1,19,-1,-1,-1,0,0,0,0,0,0,1,1,-1,6,1,52,8,1995,2,6,FORD TRANSIT CUSTOM,5,E01021484,0,4
2024041436990,2024,041436990,1,19,0,-1,19,8,4,-1,0,0,0,0,0,0,0,1,-1,1,1,32,6,1995,2,2,FORD TRANSIT CUSTOM,8,E01024973,0,3
2024522402484,2024,522402484,1,19,0,18,19,2,6,0,0,2,0,10,1,4,1,1,6,6,1,34,6,1995,2,6,FORD TRANSIT CUSTOM,7,E01035218,0,1
2024440475684,2024,440475684,3,19,0,3,3,7,3,0,0,8,0,0,0,0,2,1,1,1,3,-1,-1,1995,2,7,FORD TRANSIT CUSTOM,-1,-1,0,-1
2024543540524,2024,543540524,3,19,0,3,3,8,4,0,0,1,0,0,0,0,1,1,1,1,1,24,5,1995,2,2,FORD TRANSIT CUSTOM,2,E01020563,0,4
2024131464665,2024,131464665,1,19,0,-1,19,5,2,-1,0,1,0,0,0,0,1,1,-1,9,1,40,7,1995,2,6,FORD TRANSIT CUSTOM,2,E01032607,0,2
2024320733523,2024,320733523,1,19,4,-1,-1,7,3,0,0,2,0,0,0,0,0,1,-1,-1,1,62,9,1996,2,0,FORD TRANSIT CUSTOM,7,E01034251,0,4
2024052402849,2024,052402849,1,19,0,5,5,1,5,0,0,4,0,0,0,0,3,1,6,6,1,-1,-1,1995,2,1,FORD TRANSIT CUSTOM,1,E01012367,0,2
2024421405003,2024,421405003,1,19,0,-1,19,7,3,-1,0,0,0,0,0,0,1,1,-1,6,1,23,5,1995,2,1,FORD TRANSIT CUSTOM,2,E01015896,0,2
2024421435542,2024,421435542,2,19,0,-1,19,4,8,-1,0,8,2,0,7,0,4,1,-1,2,1,36,7,1995,2,2,FORD TRANSIT CUSTOM,8,E01021885,0,4