collision_index,collision_year,collision_ref_no,vehicle_reference,vehicle_type,towing_and_articulation,vehicle_manoeuvre_historic,vehicle_manoeuvre,vehicle_direction_from,vehicle_direction_to,vehicle_location_restricted_lane_historic,vehicle_location_restricted_lane,junction_location,skidding_and_overturning,hit_object_in_carriageway,vehicle_leaving_carriageway,hit_object_off_carriageway,first_point_of_impact,vehicle_left_hand_drive,journey_purpose_of_driver_historic,journey_purpose_of_driver,sex_of_driver,age_of_driver,age_band_of_driver,engine_capacity_cc,propulsion_code,age_of_vehicle,generic_make_model,driver_imd_decile,lsoa_of_driver,escooter_flag,driver_distance_banding
2024010528395,2024,010528395,1,19,5,18,19,1,5,9,9,1,0,0,1,0,1,1,2,2,1,57,9,1995,2,1,FORD TRANSIT CUSTOM,4,E01015796,0,4
2024010535019,2024,010535019,1,19,0,99,99,9,9,99,99,9,9,99,9,99,1,9,6,6,1,34,6,1995,2,2,FORD TRANSIT CUSTOM,4,E01003020,0,1
2024440088143,2024,440088143,2,19,0,18,19,6,2,0,0,1,1,0,0,0,1,1,2,2,1,36,7,1995,2,1,FORD TRANSIT CUSTOM,9,E01023158,0,4
2024010502909,2024,010502909,2,19,0,99,99,9,9,99,99,9,9,99,9,99,9,9,6,6,3,-1,-1,1995,2,5,FORD TRANSIT CUSTOM,-1,-1,0,-1
2024421504382,2024,421504382,1,19,0,-1,4,4,8,-1,0,0,0,0,0,0,1,1,-1,1,1,37,7,1995,2,5,FORD TRANSIT CUSTOM,-1,-1,0,-1
2024361495377,2024,361495377,1,19,0,-1,19,7,4,-1,0,8,0,0,0,0,2,1,-1,1,1,54,8,1996,2,0,FORD TRANSIT CUSTOM,9,E01026527,0,1
2024010550592,2024,010550592,2,19,0,18,19,1,5,0,0,1,0,0,0,0,1,1,1,1,1,38,7,1995,2,4,FORD TRANSIT CUSTOM,5,E01002607,0,3
2024131463792,2024,131463792,3,19,0,-1,19,1,5,-1,0,8,0,0,0,0,3,1,-1,1,1,59,9,1995,2,5,FORD TRANSIT CUSTOM,2,E01011785,0,2
2024141486608,2024,141486608,1,19,0,-1,19,7,3,-1,0,0,0,7,0,0,1,1,-1,6,1,38,7,1995,2,1,FORD TRANSIT CUSTOM,2,E01007322,0,1
2024430163582,2024,430163582,1,19,0,9,9,8,6,0,0,1,0,0,0,0,1,1,6,6,1,62,9,1995,2,6,FORD TRANSIT CUSTOM,9,E01028650,0,1
2024421451447,2024,421451447,3,19,0,-1,4,6,2,-1,0,0,0,0,0,0,2,1,-1,1,1,52,8,1995,2,3,FORD TRANSIT CUSTOM,9,E01016081,0,4
2024430555926,2024,430555926,1,19,0,18,19,8,4,0,0,0,0,0,0,0,1,1,6,6,1,48,8,1995,2,4,FORD TRANSIT CUSTOM,6,E01028697,0,2
2024010525768,2024,010525768,1,19,0,14,14,8,4,0,0,8,0,0,0,0,3,1,1,1,1,53,8,1995,2,6,FORD TRANSIT CUSTOM,2,E01002528,0,2
2024501401415,2024,501401415,4,19,0,-1,19,6,2,-1,0,0,0,0,0,0,3,1,-1,2,1,34,6,1995,2,5,FORD TRANSIT CUSTOM,4,E01034850,0,2
2024061489065,2024,061489065,1,19,0,-1,15,5,1,-1,0,1,1,0,7,0,1,1,-1,8,2,27,6,1995,2,5,FORD TRANSIT CUSTOM,1,E01005497,0,3
2024411411521,2024,411411521,2,20,0,-1,4,1,3,-1,0,1,0,0,0,0,2,9,-1,1,1,40,7,-1,-1,-1,FORD TRANSIT CUSTOM,2,E01015666,0,4
2024010503985,2024,010503985,1,19,0,4,4,7,3,0,0,0,0,0,0,0,4,1,2,2,1,39,7,2198,2,8,FORD TRANSIT CUSTOM,6,E01001665,0,2
2024421535734,2024,421535734,3,19,0,-1,2,0,0,-1,-1,0,0,4,0,0,1,1,-1,6,-1,-1,-1,1995,2,7,FORD TRANSIT CUSTOM,-1,-1,0,-1
2024111419263,2024,111419263,1,19,-1,-1,4,3,4,-1,0,1,0,0,0,0,-1,9,-1,1,1,40,7,1995,2,6,FORD TRANSIT CUSTOM,10,E01025015,0,5
2024340NN1482,2024,340NN1482,2,19,0,-1,19,7,3,-1,0,0,0,0,0,0,3,1,-1,1,1,33,6,1995,2,5,FORD TRANSIT CUSTOM,4,E01025789,0,4
2024311437167,2024,311437167,1,5,0,-1,13,3,7,-1,0,1,0,0,0,0,1,1,-1,9,1,39,7,1923,1,2,-1,9,E01013980,0,1
2024221516725,2024,221516725,1,3,0,-1,19,8,4,-1,0,0,1,0,0,0,1,1,-1,2,1,20,4,125,1,2,-1,8,E01028875,0,1
2024161473357,2024,161473357,2,3,0,-1,13,2,6,-1,0,8,0,0,0,0,1,1,-1,9,1,42,7,125,1,1,-1,5,E01012822,0,1
2024451501695,2024,451501695,2,3,0,-1,19,3,7,-1,0,2,0,0,0,0,1,1,-1,6,1,45,7,125,1,0,-1,10,E01031740,0,2
2024371537223,2024,371537223,2,2,0,-1,19,7,8,-1,0,1,0,0,0,0,1,1,-1,6,1,26,6,125,1,5,-1,7,E01022020,0,3
2024501492171,2024,501492171,1,3,0,-1,19,2,6,-1,0,0,1,0,0,0,3,1,-1,1,1,23,5,125,1,5,-1,5,E01020334,0,3
2024111445295,2024,111445295,2,3,0,-1,19,3,7,-1,0,8,0,0,0,0,1,1,-1,1,1,31,6,125,1,1,-1,1,E01035198,0,3
2024361397249,2024,361397249,2,23,0,-1,19,1,5,-1,0,2,2,0,0,0,1,1,-1,2,2,56,9,-1,3,2,-1,9,E01026544,0,1
2024061418205,2024,061418205,1,9,4,-1,19,3,7,-1,0,8,0,0,0,0,4,1,-1,9,1,29,6,2500,2,25,LAND ROVER MODEL MISSING,-1,-1,0,-1
2024041415269,2024,041415269,1,9,0,-1,19,1,5,-1,0,0,1,0,1,4,1,1,-1,1,1,41,7,3000,8,3,LAND ROVER MODEL MISSING,7,E01032535,0,5
2024201420764,2024,201420764,1,9,0,-1,9,5,2,-1,0,5,0,0,0,0,1,1,-1,6,1,23,5,2720,2,18,LAND ROVER MODEL MISSING,3,E01009184,0,1
2024991395512,2024,991395512,1,9,0,-1,19,6,2,-1,0,2,0,0,0,0,1,1,-1,9,1,38,7,3630,2,17,LAND ROVER MODEL MISSING,-1,-1,0,-1
2024041488082,2024,041488082,1,9,0,-1,19,6,2,-1,0,1,0,0,0,0,1,1,-1,2,1,47,8,1990,1,11,LAND ROVER MODEL MISSING,4,E01024927,0,1
2024161430328,2024,161430328,1,9,0,-1,19,2,6,-1,0,0,0,0,0,0,3,9,-1,9,1,70,10,2179,2,10,LAND ROVER MODEL MISSING,3,E01026415,0,2
2024440240538,2024,440240538,1,9,4,18,19,2,6,0,0,0,4,0,0,0,1,1,6,6,1,29,6,2495,2,38,LAND ROVER MODEL MISSING,4,E01017297,0,2
2024547195824,2024,547195824,1,9,0,9,9,2,1,0,0,6,0,0,0,0,3,1,6,6,1,77,11,2179,2,10,LAND ROVER MODEL MISSING,10,E01031903,0,1
2024401503354,2024,401503354,1,9,0,-1,4,1,5,-1,0,0,0,4,1,0,1,1,-1,6,1,33,6,2500,2,23,LAND ROVER MODEL MISSING,10,E01017413,0,2
2024545450724,2024,545450724,1,9,0,9,9,7,5,0,0,6,0,0,0,0,4,1,6,6,1,64,9,2402,2,15,LAND ROVER MODEL MISSING,9,E01031858,0,3
2024201496130,2024,201496130,2,9,0,-1,19,1,5,-1,0,8,1,0,0,0,3,1,-1,2,1,44,7,4400,1,0,LAND ROVER MODEL MISSING,10,E01009704,0,1
2024010501500,2024,010501500,1,9,0,18,19,6,2,0,0,8,0,0,0,0,3,1,6,6,1,33,6,2993,2,8,LAND ROVER MODEL MISSING,8,E01017811,0,4
2024041418785,2024,041418785,1,9,0,-1,19,3,7,-1,0,8,0,0,0,0,3,1,-1,6,1,41,7,2926,2,20,LAND ROVER MODEL MISSING,3,E01025379,0,3
2024201403279,2024,201403279,2,3,0,-1,19,1,5,-1,0,0,0,0,0,0,4,1,-1,6,1,43,7,125,1,5,-1,2,E01009980,0,1
2024421526804,2024,421526804,1,3,0,-1,19,1,5,-1,0,0,0,0,0,0,1,1,-1,9,1,19,4,125,1,5,-1,3,E01021864,0,1
2024430606353,2024,430606353,2,3,0,18,19,3,7,0,0,1,0,0,0,0,2,1,6,6,1,40,7,125,1,5,-1,4,E01016517,0,2
2024010537745,2024,010537745,2,3,0,99,99,9,9,99,99,9,9,99,9,99,1,1,6,6,1,32,6,125,1,5,-1,3,E01003430,0,2
2024010531419,2024,010531419,2,3,0,18,19,7,3,0,0,8,0,0,0,0,1,1,2,2,1,51,8,125,1,4,-1,8,E01001062,0,2
2024010547208,2024,010547208,1,3,0,14,14,4,8,0,0,1,0,0,0,0,4,1,2,2,1,25,5,124,1,4,-1,10,E01000756,0,2
2024010547508,2024,010547508,1,11,0,18,19,1,5,0,0,8,0,0,0,0,3,1,1,1,1,54,8,12419,2,1,-1,2,E01033112,0,5
2024461416272,2024,461416272,2,9,0,-1,19,7,3,-1,0,0,1,0,0,0,1,1,-1,6,2,70,10,1598,1,14,-1,2,E01023976,0,3
2024501463165,2024,501463165,2,9,0,-1,9,5,3,-1,0,8,0,0,0,0,1,1,-1,6,1,55,8,1598,1,14,-1,3,E01015212,0,1
2024320678124,2024,320678124,1,9,0,-1,-1,4,8,0,0,4,0,0,0,0,3,1,-1,-1,1,29,6,1598,1,14,-1,6,E01026391,0,4
2024622400181,2024,622400181,3,9,0,3,3,2,6,0,0,0,0,0,0,0,1,1,6,6,2,79,11,1499,2,1,PEUGEOT RIFTER,9,W01001784,0,2
2024471400089,2024,471400089,1,9,0,-1,19,5,1,-1,0,0,0,0,0,0,1,1,-1,1,1,60,9,1498,2,4,PEUGEOT RIFTER,3,E01020913,0,4
2024010539676,2024,010539676,1,9,0,18,19,5,1,0,0,2,0,0,0,0,3,1,6,6,1,75,10,1199,1,2,PEUGEOT RIFTER,5,E01003842,0,2
2024501496856,2024,501496856,1,8,0,-1,19,5,1,-1,0,0,0,0,0,0,3,1,-1,7,1,33,6,1500,2,3,PEUGEOT RIFTER,2,E01034867,0,1
2024522401476,2024,522401476,1,9,0,3,3,4,8,0,0,0,0,0,0,0,2,1,6,6,1,52,8,1499,2,1,PEUGEOT RIFTER,5,E01022272,0,2
2024052402744,2024,052402744,1,9,0,18,19,3,7,0,0,8,0,0,0,0,0,1,6,6,1,77,11,1499,2,0,PEUGEOT RIFTER,1,E01006775,0,1
2024141554235,2024,141554235,1,9,0,-1,3,6,1,-1,0,0,0,0,0,0,2,1,-1,1,1,46,8,1500,2,5,PEUGEOT RIFTER,2,E01034845,0,1
2024991405326,2024,991405326,2,9,0,-1,19,1,5,-1,0,0,0,0,1,7,1,1,-1,9,2,45,7,1498,2,4,PEUGEOT RIFTER,-1,-1,0,-1
2024221464529,2024,221464529,1,9,0,-1,19,3,7,-1,0,0,1,0,0,0,1,1,-1,6,2,52,8,1200,1,5,PEUGEOT RIFTER,8,E01028829,0,3
2024461532684,2024,461532684,2,9,0,-1,2,0,0,-1,0,2,0,0,0,0,4,9,-1,9,3,-1,-1,-1,3,0,PEUGEOT RIFTER,-1,-1,0,-1
2024141415887,2024,141415887,1,9,0,-1,19,3,7,-1,0,0,0,0,0,0,3,1,-1,9,2,52,8,1498,2,5,PEUGEOT RIFTER,9,E01007475,0,4
2024221512698,2024,221512698,1,9,0,-1,19,2,6,-1,0,0,0,0,0,0,1,9,-1,6,2,78,11,1500,2,5,PEUGEOT RIFTER,8,E01032410,0,1
2024361476844,2024,361476844,2,9,0,-1,2,0,0,-1,0,0,0,0,0,0,3,1,-1,9,1,69,10,1199,1,2,PEUGEOT RIFTER,2,E01026796,0,4
2024320050725,2024,320050725,1,9,0,-1,-1,1,5,0,0,0,0,0,0,0,1,1,6,6,1,-1,-1,1500,2,3,PEUGEOT RIFTER,-1,-1,0,-1
2024311478401,2024,311478401,2,9,0,-1,2,0,0,-1,0,0,0,0,0,0,2,1,-1,9,1,47,8,1499,2,3,PEUGEOT RIFTER,8,-1,0,5
2024520402542,2024,520402542,1,9,0,18,19,2,6,0,0,0,0,0,0,0,2,1,6,6,2,58,9,1199,1,2,PEUGEOT RIFTER,6,E01021198,0,5
2024361501533,2024,361501533,1,9,0,-1,19,5,5,-1,0,0,0,0,0,0,4,1,-1,9,1,74,10,1498,2,4,PEUGEOT RIFTER,3,E01000062,0,5
2024201458468,2024,201458468,1,9,0,-1,19,4,8,-1,0,0,0,0,0,0,1,1,-1,9,2,73,10,1500,2,4,PEUGEOT RIFTER,8,E01009459,0,1
2024501486285,2024,501486285,1,9,0,-1,19,7,3,-1,0,0,5,0,0,0,3,1,-1,9,1,29,6,1498,2,4,PEUGEOT RIFTER,5,E01018837,0,3
2024361532381,2024,361532381,2,9,0,-1,19,5,2,-1,0,1,0,0,0,0,4,1,-1,9,2,46,8,1500,2,3,PEUGEOT RIFTER,8,E01035152,0,2
2024221463038,2024,221463038,2,9,0,-1,19,2,7,-1,0,8,0,0,0,0,1,9,-1,6,1,73,10,1199,1,2,PEUGEOT RIFTER,1,E01014116,0,2
2024501472268,2024,501472268,2,9,0,-1,19,1,5,-1,0,1,0,0,0,0,1,1,-1,9,1,47,8,-1,3,3,PEUGEOT RIFTER,4,E01018825,0,1
2024991493627,2024,991493627,2,9,0,-1,19,8,4,-1,0,0,0,0,0,0,2,1,-1,9,2,30,6,1500,2,4,PEUGEOT RIFTER,5,-1,0,4
2024501493731,2024,501493731,2,9,0,-1,19,1,5,-1,0,8,0,0,0,0,1,1,-1,9,1,84,11,1499,2,1,PEUGEOT RIFTER,6,E01020299,0,1
2024471509083,2024,471509083,2,9,0,-1,19,6,2,-1,0,0,0,0,0,0,2,1,-1,9,1,41,7,1499,2,0,PEUGEOT RIFTER,4,E01031791,0,3
2024221489594,2024,221489594,1,9,0,-1,19,3,7,-1,0,8,0,0,0,0,1,1,-1,6,1,62,9,1498,2,4,PEUGEOT RIFTER,7,W01000430,0,4
202417M318624,2024,17M318624,2,9,0,-1,4,3,7,-1,0,8,0,0,0,0,2,1,-1,2,2,44,7,1499,2,0,PEUGEOT RIFTER,-1,-1,0,-1
2024501405928,2024,501405928,1,9,0,-1,9,2,6,-1,-1,0,0,0,0,0,0,1,-1,6,1,88,11,1498,2,5,PEUGEOT RIFTER,5,E01019067,0,3
2024302400932,2024,302400932,1,9,0,17,19,8,6,0,0,0,0,0,0,0,1,1,6,6,2,67,10,1200,1,5,PEUGEOT RIFTER,8,E01019753,0,2
2024501521545,2024,501521545,4,9,0,-1,19,5,1,-1,0,0,0,0,0,0,2,1,-1,6,1,39,7,1200,1,5,PEUGEOT RIFTER,2,E01018999,0,1
2024010535407,2024,010535407,1,9,0,18,19,5,1,0,0,8,0,0,0,0,1,1,6,6,1,54,8,-1,3,0,PEUGEOT RIFTER,2,E01023339,0,2
2024010529529,2024,010529529,1,3,0,14,14,9,9,99,99,1,9,99,9,99,9,1,6,6,1,39,7,125,1,5,-1,5,E01000995,0,1
2024451422473,2024,451422473,1,3,0,-1,19,3,7,-1,0,8,5,0,7,0,1,1,-1,2,1,19,4,125,1,4,-1,7,E01030651,0,1
2024211526884,2024,211526884,1,3,0,-1,19,6,1,-1,0,0,0,0,0,0,2,1,-1,9,1,17,4,125,1,3,-1,-1,-1,0,-1
2024440072580,2024,440072580,1,3,0,14,14,6,2,0,0,0,0,0,0,0,1,1,2,2,1,42,7,125,1,4,-1,-1,-1,0,-1
2024010519674,2024,010519674,1,3,0,15,15,1,5,0,0,8,1,0,0,0,3,1,6,6,1,22,5,125,1,3,-1,3,E01004403,0,1
2024501478445,2024,501478445,2,3,0,-1,19,6,7,-1,0,1,5,0,0,0,4,1,-1,9,2,42,7,125,1,9,-1,5,E01020199,0,4
2024131408693,2024,131408693,1,2,0,-1,19,1,5,-1,0,8,0,0,0,0,1,1,-1,9,1,18,4,125,1,4,-1,6,E01011156,0,1
2024201433594,2024,201433594,1,11,0,-1,5,8,4,-1,0,0,0,10,0,0,4,9,-1,1,1,34,6,6692,2,12,-1,2,E01009747,0,1
2024501505618,2024,501505618,2,3,0,-1,19,6,2,-1,0,8,0,0,0,0,1,1,-1,2,2,21,5,-1,3,3,-1,1,E01015086,0,1
2024061450112,2024,061450112,1,4,0,-1,19,5,1,-1,0,1,0,0,0,0,1,1,-1,1,1,29,6,-1,3,2,-1,8,E01006130,0,2
2024201434215,2024,201434215,1,3,0,-1,19,8,4,-1,0,0,2,0,0,0,1,1,-1,2,1,32,6,-1,3,2,-1,2,E01008944,0,2
2024211402668,2024,211402668,1,4,0,-1,19,1,5,-1,0,1,0,0,0,0,1,1,-1,2,2,25,5,-1,3,2,-1,-1,-1,0,-1
2024501432251,2024,501432251,2,23,0,-1,19,7,3,-1,0,1,0,0,0,0,1,1,-1,1,1,22,5,-1,3,3,-1,6,E01020142,0,2
2024501488209,2024,501488209,1,3,0,-1,9,7,3,-1,0,3,2,0,0,0,1,1,-1,9,1,19,4,-1,3,1,-1,5,E01015092,0,1
202454E591924,2024,54E591924,2,3,0,18,19,8,4,0,0,1,0,0,1,0,0,1,1,1,1,33,6,-1,3,2,-1,8,E01032709,0,2
2024371419877,2024,371419877,1,9,0,-1,7,3,7,-1,0,5,0,0,0,0,1,1,-1,9,1,31,6,1968,2,13,VOLKSWAGEN PASSAT,4,E01030110,0,4
2024221434661,2024,221434661,1,9,0,-1,5,4,1,-1,0,4,0,0,0,0,1,9,-1,2,1,62,9,1395,8,2,VOLKSWAGEN PASSAT,5,E01032414,0,4
2024041428897,2024,041428897,1,9,0,-1,19,7,1,-1,0,0,0,0,0,0,2,1,-1,9,1,37,7,1968,2,14,VOLKSWAGEN PASSAT,8,E01024901,0,2
2024101517182,2024,101517182,1,9,0,-1,4,5,1,-1,0,0,0,0,1,0,1,1,-1,2,1,21,5,1968,2,10,VOLKSWAGEN PASSAT,-1,-1,0,-1
2024131461438,2024,131461438,2,9,0,-1,19,5,1,-1,0,0,0,0,0,0,3,1,-1,1,1,54,8,1598,2,10,VOLKSWAGEN PASSAT,2,E01011230,0,1
2024440020479,2024,440020479,1,9,0,18,19,8,4,0,0,3,0,0,0,0,1,1,6,6,1,56,9,1968,2,6,VOLKSWAGEN PASSAT,10,E01022499,0,3
2024351526439,2024,351526439,1,9,0,-1,19,5,1,-1,0,0,5,0,7,0,1,1,-1,6,1,42,7,1968,2,12,VOLKSWAGEN PASSAT,5,E01026679,0,4
2024070816339,2024,070816339,1,9,0,-1,19,7,3,-1,0,0,1,0,0,6,3,1,-1,2,1,64,9,1968,2,6,VOLKSWAGEN PASSAT,7,E01007241,0,4
2024010489798,2024,010489798,1,9,0,18,19,1,5,0,0,1,0,0,0,0,1,1,1,1,1,58,9,1968,2,1,VOLKSWAGEN PASSAT,3,E01000441,0,1
2024320116911,2024,320116911,1,9,0,4,4,6,2,0,0,1,0,0,0,0,1,1,6,6,1,81,11,1968,2,15,VOLKSWAGEN PASSAT,10,E01026184,0,4
2024141422866,2024,141422866,1,9,0,-1,19,3,6,-1,0,0,0,0,0,0,1,1,-1,6,1,29,6,1968,2,13,VOLKSWAGEN PASSAT,1,E01007372,0,2
2024421536267,2024,421536267,2,8,0,-1,-1,-1,-1,-1,-1,-1,-1,-1,-1,0,-1,1,-1,6,2,41,7,1968,2,5,VOLKSWAGEN PASSAT,1,E01021988,0,3
2024122400292,2024,122400292,2,9,0,18,19,6,2,0,0,8,0,0,1,1,1,1,6,6,1,53,8,1968,2,13,VOLKSWAGEN PASSAT,7,E01027647,0,1
2024531491390,2024,531491390,2,9,0,-1,19,5,1,-1,0,1,0,0,0,0,4,1,-1,9,1,38,7,1968,2,13,VOLKSWAGEN PASSAT,9,E01022359,0,1
2024332401062,2024,332401062,3,9,0,-1,19,6,2,-1,0,0,0,0,0,0,1,1,-1,2,1,56,9,1968,2,6,VOLKSWAGEN PASSAT,6,E01009586,0,3
2024340NN2732,2024,340NN2732,1,9,0,-1,19,5,1,-1,0,0,0,0,7,4,1,1,-1,6,1,37,7,1896,2,17,VOLKSWAGEN PASSAT,3,E01026983,0,3
2024302401036,2024,302401036,1,9,0,18,19,6,2,0,0,0,0,0,0,0,1,1,6,6,1,45,7,1986,2,16,VOLKSWAGEN PASSAT,3,E01019468,0,1
2024332400449,2024,332400449,2,9,0,-1,9,3,1,-1,0,6,0,0,0,0,1,1,-1,9,2,20,4,1968,2,4,VOLKSWAGEN PASSAT,1,E01013664,0,1
2024340NN4722,2024,340NN4722,2,9,0,-1,3,5,1,-1,0,0,0,0,0,0,2,1,-1,9,2,37,7,1598,2,8,VOLKSWAGEN PASSAT,8,E01027023,0,2
2024361451076,2024,361451076,2,9,0,-1,19,1,5,-1,0,8,0,0,0,0,3,1,-1,2,1,40,7,1498,1,4,VOLKSWAGEN PASSAT,3,E01026621,0,1
202460Q094324,2024,60Q094324,1,9,0,17,19,4,2,0,0,0,0,0,0,0,1,1,6,6,1,43,7,1598,2,9,VOLKSWAGEN PASSAT,-1,-1,0,-1
2024522401744,2024,522401744,1,9,0,1,1,8,4,0,0,1,0,0,0,0,2,1,6,6,1,-1,-1,1968,2,15,VOLKSWAGEN PASSAT,8,E01014557,0,1
2024131480518,2024,131480518,1,9,0,-1,9,1,5,-1,0,3,0,0,0,0,1,1,-1,2,1,39,7,1968,2,16,VOLKSWAGEN PASSAT,4,E01010656,0,1
2024010547226,2024,010547226,1,9,0,99,99,9,9,99,99,9,9,99,9,99,9,9,6,6,1,22,5,1896,2,18,VOLKSWAGEN PASSAT,1,E01013481,0,5
2024041471831,2024,041471831,2,9,0,-1,4,5,1,-1,0,0,0,0,1,0,2,1,-1,2,1,56,9,1968,2,8,VOLKSWAGEN PASSAT,1,E01005509,0,4
2024522402041,2024,522402041,2,9,0,9,9,2,8,0,0,5,0,0,0,0,3,1,6,6,1,42,7,1598,2,8,VOLKSWAGEN PASSAT,7,E01014909,0,2
2024461428122,2024,461428122,1,9,0,-1,19,7,3,-1,0,8,0,0,0,0,4,9,-1,9,2,71,10,1968,2,14,VOLKSWAGEN PASSAT,3,E01016038,0,1
2024471473042,2024,471473042,1,9,0,-1,19,1,5,-1,0,1,1,0,0,0,3,1,-1,9,1,30,6,1598,2,13,VOLKSWAGEN PASSAT,4,E01020924,0,3
2024101510404,2024,101510404,2,9,0,-1,9,1,6,-1,0,6,0,0,0,0,1,1,-1,2,1,30,6,1968,2,14,VOLKSWAGEN PASSAT,5,E01020590,0,3
2024421435118,2024,421435118,2,9,0,-1,19,3,7,-1,0,0,0,0,0,0,3,1,-1,6,1,65,9,1968,2,16,VOLKSWAGEN PASSAT,5,E01022008,0,4
2024522402257,2024,522402257,1,9,0,18,19,6,2,0,0,0,0,0,0,0,1,1,6,6,1,37,7,1395,8,7,VOLKSWAGEN PASSAT,4,E01014704,0,1
2024440563371,2024,440563371,1,9,0,18,19,3,7,0,0,8,0,0,1,7,1,1,2,2,1,27,6,1968,2,14,VOLKSWAGEN PASSAT,2,E01017201,0,4
2024010526360,2024,010526360,2,9,0,7,7,4,6,0,0,5,0,0,0,0,2,1,6,6,1,36,7,1968,2,8,VOLKSWAGEN PASSAT,2,E01016018,0,4
2024201549768,2024,201549768,1,9,0,-1,5,2,6,-1,0,0,0,0,0,0,0,1,-1,6,3,-1,-1,1968,2,13,VOLKSWAGEN PASSAT,-1,-1,0,-1
2024610054024,2024,610054024,1,9,0,18,19,6,2,0,0,0,0,0,0,0,2,1,6,6,1,-1,-1,1968,2,6,VOLKSWAGEN PASSAT,5,W01002026,0,1
2024622400311,2024,622400311,1,9,0,18,19,3,7,0,0,8,0,0,0,0,1,1,6,6,1,32,6,1968,2,11,VOLKSWAGEN PASSAT,6,W01000986,0,4
2024991526686,2024,991526686,1,9,0,-1,4,5,1,-1,0,0,0,0,0,0,3,1,-1,1,1,23,5,1598,2,9,VOLKSWAGEN PASSAT,1,-1,0,1
2024401418427,2024,401418427,1,9,-1,-1,-1,-1,-1,-1,-1,-1,-1,-1,-1,0,4,9,-1,6,3,-1,-1,1968,2,13,VOLKSWAGEN PASSAT,-1,-1,0,-1
2024101448693,2024,101448693,3,9,0,-1,2,0,0,-1,0,1,0,0,0,0,4,1,-1,9,1,42,7,1968,2,15,VOLKSWAGEN PASSAT,-1,-1,0,-1
2024041450645,2024,041450645,1,9,0,-1,19,1,5,-1,0,0,0,0,0,0,4,1,-1,9,2,20,4,1968,2,14,VOLKSWAGEN PASSAT,1,E01025189,0,3
2024461492168,2024,461492168,3,9,0,-1,19,7,3,-1,0,0,1,0,0,0,1,1,-1,9,1,69,10,1598,2,12,VOLKSWAGEN PASSAT,5,E01025179,0,5
2024991444436,2024,991444436,1,9,0,-1,1,7,3,-1,0,0,0,0,0,0,2,1,-1,6,2,50,8,1968,2,18,VOLKSWAGEN PASSAT,-1,-1,0,-1
2024041512181,2024,041512181,1,9,0,-1,19,3,7,-1,0,8,0,0,0,0,4,1,-1,1,1,46,8,1968,2,8,VOLKSWAGEN PASSAT,1,E01004948,0,3
2024501479786,2024,501479786,1,9,0,-1,19,5,1,-1,0,1,0,0,0,0,4,1,-1,6,3,-1,-1,1896,2,19,VOLKSWAGEN PASSAT,-1,-1,0,-1
2024320188142,2024,320188142,1,9,0,13,13,7,3,0,0,0,1,0,1,4,1,1,-1,-1,1,45,7,1896,2,19,VOLKSWAGEN PASSAT,1,E01026109,0,4
2024430471467,2024,430471467,1,9,0,2,2,0,0,0,0,1,0,0,0,0,1,1,6,6,1,-1,-1,1968,2,14,VOLKSWAGEN PASSAT,-1,-1,0,-1
2024311405044,2024,311405044,3,9,0,-1,7,0,0,-1,0,1,0,0,0,0,1,1,-1,6,2,19,4,1781,1,21,VOLKSWAGEN PASSAT,-1,-1,0,-1
2024351436098,2024,351436098,1,9,0,-1,19,7,3,-1,0,0,0,4,0,0,1,1,-1,9,2,55,8,1781,1,22,VOLKSWAGEN PASSAT,3,E01025987,0,4
2024440104709,2024,440104709,2,9,0,18,19,2,6,0,0,8,0,0,7,11,4,1,6,6,1,36,7,1968,2,5,VOLKSWAGEN PASSAT,10,E01022869,0,1
2024430207826,2024,430207826,1,9,0,7,7,1,3,0,0,0,0,0,0,0,4,2,6,6,1,62,9,1968,2,8,VOLKSWAGEN PASSAT,9,E01035759,0,3
2024351471211,2024,351471211,1,9,0,-1,4,2,4,-1,0,8,0,0,0,0,2,1,-1,6,1,37,7,1968,2,16,VOLKSWAGEN PASSAT,8,E01035397,0,4
2024351463879,2024,351463879,2,8,0,-1,19,5,1,-1,0,0,0,0,0,0,3,1,-1,1,2,49,8,1968,2,5,VOLKSWAGEN PASSAT,9,E01018161,0,1
2024101445568,2024,101445568,2,9,0,-1,19,6,2,-1,0,8,0,0,0,0,4,1,-1,6,1,44,7,1968,2,13,VOLKSWAGEN PASSAT,7,E01020601,0,2
2024061455994,2024,061455994,2,8,0,-1,3,3,7,-1,0,0,0,0,0,0,2,1,-1,1,1,35,6,1395,8,6,VOLKSWAGEN PASSAT,1,E01005379,0,1
2024161416630,2024,161416630,1,9,0,-1,3,7,3,-1,0,1,0,0,0,0,2,9,-1,6,1,61,9,1395,8,3,VOLKSWAGEN PASSAT,10,E01012926,0,3
2024351501127,2024,351501127,1,9,0,-1,19,1,1,-1,0,0,0,0,0,0,1,1,-1,6,1,31,6,1968,2,14,VOLKSWAGEN PASSAT,2,E01033112,0,1
2024522402945,2024,522402945,1,9,0,5,5,5,8,0,0,8,0,0,0,0,3,1,6,6,1,68,10,1968,2,11,VOLKSWAGEN PASSAT,1,E01014834,0,1
2024522402645,2024,522402645,2,9,0,18,19,4,8,0,0,0,0,0,0,0,3,1,6,6,2,64,9,1968,2,13,VOLKSWAGEN PASSAT,2,E01014636,0,1