collision_index,collision_year,collision_ref_no,vehicle_reference,vehicle_type,towing_and_articulation,vehicle_manoeuvre_historic,vehicle_manoeuvre,vehicle_direction_from,vehicle_direction_to,vehicle_location_restricted_lane_historic,vehicle_location_restricted_lane,junction_location,skidding_and_overturning,hit_object_in_carriageway,vehicle_leaving_carriageway,hit_object_off_carriageway,first_point_of_impact,vehicle_left_hand_drive,journey_purpose_of_driver_historic,journey_purpose_of_driver,sex_of_driver,age_of_driver,age_band_of_driver,engine_capacity_cc,propulsion_code,age_of_vehicle,generic_make_model,driver_imd_decile,lsoa_of_driver,escooter_flag,driver_distance_banding
2024461507063,2024,461507063,2,9,0,-1,19,1,5,-1,0,0,0,0,0,0,1,1,-1,9,1,49,8,1968,2,7,VOLKSWAGEN PASSAT,3,E01031562,0,4
202417H107924,2024,17H107924,1,9,0,-1,19,2,6,-1,0,0,1,0,6,4,1,1,-1,9,1,33,6,1968,2,8,VOLKSWAGEN PASSAT,2,E01020743,0,4
2024231498922,2024,231498922,1,9,0,-1,19,4,8,-1,0,8,0,0,0,0,3,1,-1,1,1,31,6,1968,2,8,VOLKSWAGEN PASSAT,9,E01031222,0,3
2024451432847,2024,451432847,3,9,0,-1,19,7,3,-1,0,0,0,0,1,0,1,1,-1,9,1,55,8,1968,2,11,VOLKSWAGEN PASSAT,4,E01030634,0,1
2024421400133,2024,421400133,1,9,0,-1,9,3,5,-1,0,1,1,0,0,0,3,9,-1,9,1,36,7,1498,1,3,VOLKSWAGEN PASSAT,6,E01021535,0,1
2024522402858,2024,522402858,1,9,0,18,19,3,7,0,0,8,0,0,0,0,1,1,6,6,1,43,7,1598,2,13,VOLKSWAGEN PASSAT,6,E01014870,0,1
2024991495525,2024,991495525,1,9,0,-1,19,8,4,-1,-1,0,0,0,1,4,1,1,-1,9,2,32,6,1968,2,6,VOLKSWAGEN PASSAT,9,-1,0,3
2024440155775,2024,440155775,1,9,0,5,5,5,1,0,0,6,1,0,0,0,3,1,6,6,1,83,11,1968,2,10,VOLKSWAGEN PASSAT,7,E01022992,0,4
2024501412218,2024,501412218,2,9,0,-1,9,7,4,-1,0,8,0,0,0,0,1,1,-1,6,1,42,7,1968,2,13,VOLKSWAGEN PASSAT,3,E01015084,0,1
2024461416602,2024,461416602,1,9,0,-1,19,3,7,-1,0,0,0,0,0,0,1,2,-1,6,2,48,8,1968,2,3,VOLKSWAGEN PASSAT,4,E01016157,0,1
2024101482755,2024,101482755,2,9,0,-1,2,6,2,-1,-1,1,0,0,0,0,4,1,-1,1,1,36,7,1968,2,9,VOLKSWAGEN PASSAT,1,E01008439,0,1
2024111526945,2024,111526945,1,9,0,-1,9,1,7,-1,0,5,0,0,0,0,3,1,-1,9,1,49,8,1598,2,11,VOLKSWAGEN PASSAT,9,E01027437,0,4
2024161458605,2024,161458605,1,9,0,-1,19,8,4,-1,0,0,5,4,0,0,1,1,-1,6,1,40,7,1968,2,9,VOLKSWAGEN PASSAT,1,E01012865,0,4
2024451537944,2024,451537944,1,9,0,-1,8,1,3,-1,0,1,0,0,0,0,2,1,-1,6,1,89,11,1896,2,24,VOLKSWAGEN PASSAT,6,E01030363,0,1
2024061518959,2024,061518959,1,9,0,-1,19,6,2,-1,0,0,0,0,0,0,1,9,-1,6,1,36,7,1968,2,14,VOLKSWAGEN PASSAT,-1,-1,0,-1
2024430310931,2024,430310931,2,9,0,18,19,2,6,0,0,8,0,0,0,0,1,1,6,6,1,37,7,1598,2,10,VOLKSWAGEN PASSAT,10,E01028655,0,3
2024361508241,2024,361508241,2,8,0,-1,19,5,1,-1,0,8,0,0,0,0,4,1,-1,1,1,33,6,1968,2,5,VOLKSWAGEN PASSAT,1,E01026827,0,1
2024340WN3492,2024,340WN3492,1,9,0,-1,1,2,5,-1,0,0,0,0,7,1,3,1,-1,9,1,77,11,1968,2,13,VOLKSWAGEN PASSAT,9,E01027290,0,2
2024461417089,2024,461417089,1,9,0,-1,19,7,3,-1,0,0,0,0,0,0,4,9,-1,6,2,61,9,1968,2,9,VOLKSWAGEN PASSAT,8,E01024542,0,1
2024451538774,2024,451538774,1,9,0,-1,14,5,1,-1,0,1,0,0,0,0,1,1,-1,9,1,72,10,1598,2,11,VOLKSWAGEN PASSAT,4,E01001050,0,3
2024111480144,2024,111480144,2,9,0,-1,7,7,2,-1,0,8,0,0,0,0,1,1,-1,9,1,59,9,1968,2,7,VOLKSWAGEN PASSAT,3,E01020699,0,1
2024141503736,2024,141503736,2,9,0,-1,19,7,3,-1,0,8,0,0,4,11,1,1,-1,7,1,24,5,1598,2,12,VOLKSWAGEN PASSAT,6,E01007703,0,1
2024141451204,2024,141451204,1,9,0,-1,4,3,7,-1,0,0,0,0,0,0,2,1,-1,1,1,38,7,1968,2,6,VOLKSWAGEN PASSAT,2,E01007914,0,1
2024041501878,2024,041501878,3,9,0,-1,2,7,3,-1,0,0,1,0,1,11,2,1,-1,6,1,54,8,1968,2,4,VOLKSWAGEN PASSAT,6,E01025607,0,4
2024531507692,2024,531507692,1,9,0,-1,6,1,5,-1,0,1,0,0,0,0,1,1,-1,6,1,46,8,1968,2,8,VOLKSWAGEN PASSAT,4,E01013989,0,4
2024351423040,2024,351423040,1,9,0,-1,3,1,3,-1,0,0,1,0,0,0,1,1,-1,9,2,38,7,1968,2,7,VOLKSWAGEN PASSAT,4,E01026250,0,4
2024440389383,2024,440389383,1,9,0,17,19,3,2,0,0,3,0,9,7,1,0,1,6,6,1,76,11,1968,2,12,VOLKSWAGEN PASSAT,3,E01017133,0,1
2024101466002,2024,101466002,2,9,0,-1,3,3,1,-1,0,0,0,0,0,0,2,1,-1,1,1,32,6,1498,1,2,VOLKSWAGEN PASSAT,1,E01020671,0,3
2024061449200,2024,061449200,2,9,-1,-1,-1,-1,-1,-1,-1,-1,-1,-1,-1,0,-1,9,-1,6,1,49,8,1968,2,10,VOLKSWAGEN PASSAT,1,E01005660,0,3
2024010516175,2024,010516175,3,8,0,18,19,7,3,0,0,0,0,0,0,0,1,1,6,6,1,37,7,1395,8,7,VOLKSWAGEN PASSAT,4,E01004406,0,1
2024061512180,2024,061512180,2,9,0,-1,5,-1,-1,-1,0,6,0,0,0,0,3,1,-1,6,1,-1,-1,1968,2,10,VOLKSWAGEN PASSAT,-1,-1,0,-1
2024430494196,2024,430494196,2,9,0,18,19,1,5,0,0,8,0,0,0,0,1,1,6,6,1,39,7,1968,2,14,VOLKSWAGEN PASSAT,10,E01016670,0,1
2024061502737,2024,061502737,4,9,0,-1,19,7,3,-1,0,0,0,0,0,0,1,1,-1,9,1,20,4,1598,2,7,VOLKSWAGEN PASSAT,3,E01011023,0,4
2024131499906,2024,131499906,1,9,0,-1,-1,-1,-1,-1,-1,0,-1,-1,-1,0,-1,1,-1,6,3,-1,-1,1395,8,6,VOLKSWAGEN PASSAT,-1,-1,0,-1
2024070371488,2024,070371488,2,9,0,18,19,8,3,0,0,0,0,0,0,0,4,1,6,6,2,44,7,1395,8,5,VOLKSWAGEN PASSAT,9,E01018669,0,1
2024010516236,2024,010516236,2,9,0,99,99,9,9,99,99,9,9,99,9,99,2,9,6,6,1,59,9,1968,2,9,VOLKSWAGEN PASSAT,6,E01002614,0,1
2024501434530,2024,501434530,1,9,0,-1,19,3,7,-1,0,0,0,0,0,0,1,1,-1,9,1,87,11,1984,1,6,VOLKSWAGEN PASSAT,9,E01010175,0,5
2024371399856,2024,371399856,2,9,0,-1,19,5,1,-1,0,1,0,0,0,0,1,1,-1,2,2,49,8,1598,2,10,VOLKSWAGEN PASSAT,6,E01030186,0,4
2024991488773,2024,991488773,1,9,0,-1,19,8,4,-1,0,0,0,0,0,0,1,1,-1,6,1,36,7,1598,2,8,VOLKSWAGEN PASSAT,4,-1,0,3
2024061449312,2024,061449312,1,9,0,-1,19,1,5,-1,0,1,0,0,0,0,1,1,-1,6,1,27,6,1896,2,15,VOLKSWAGEN PASSAT,-1,-1,0,-1
202417M108324,2024,17M108324,1,9,0,-1,9,6,4,-1,0,8,1,0,1,10,4,1,-1,6,1,-1,-1,1968,2,14,VOLKSWAGEN PASSAT,-1,-1,0,-1
2024520401837,2024,520401837,1,9,0,6,6,5,5,0,0,0,0,0,0,0,4,1,6,6,1,30,6,1598,2,8,VOLKSWAGEN PASSAT,9,E01029263,0,4
2024201431892,2024,201431892,1,9,0,-1,9,2,8,-1,0,6,0,0,0,0,1,1,-1,6,1,30,6,1968,2,8,VOLKSWAGEN PASSAT,-1,-1,0,-1
2024010527271,2024,010527271,3,9,0,2,2,0,0,0,0,8,0,0,0,0,3,1,6,6,3,-1,-1,1968,2,8,VOLKSWAGEN PASSAT,-1,-1,0,-1
2024411473715,2024,411473715,1,9,0,-1,19,5,1,-1,0,0,0,0,0,0,3,1,-1,9,1,28,6,1968,2,17,VOLKSWAGEN PASSAT,7,E01023923,0,1
2024552400380,2024,552400380,1,9,0,9,9,8,5,0,0,5,0,0,0,0,4,1,6,6,1,45,7,1968,2,14,VOLKSWAGEN PASSAT,6,E01020453,0,4
2024231417929,2024,231417929,2,9,0,-1,19,6,2,-1,0,0,0,0,0,0,0,9,-1,2,1,33,6,1968,2,7,VOLKSWAGEN PASSAT,6,E01031084,0,2
2024041423400,2024,041423400,1,9,0,-1,19,-1,-1,-1,0,1,0,0,0,0,-1,1,-1,9,1,37,7,1968,2,15,VOLKSWAGEN PASSAT,3,E01025097,0,1
2024061489438,2024,061489438,1,9,0,-1,19,3,7,-1,0,1,0,0,0,0,4,1,-1,6,1,61,9,1598,2,12,VOLKSWAGEN PASSAT,8,E01006130,0,1
2024501515001,2024,501515001,2,9,0,-1,19,7,3,-1,0,0,0,0,0,0,3,1,-1,9,2,53,8,1598,2,11,VOLKSWAGEN PASSAT,5,E01019904,0,1
2024991450048,2024,991450048,1,8,0,-1,11,3,7,-1,0,1,0,0,0,0,1,1,-1,1,1,51,8,1968,2,7,VOLKSWAGEN PASSAT,3,-1,0,1
2024461485586,2024,461485586,2,9,0,-1,2,0,0,-1,0,0,0,0,0,0,1,9,-1,6,1,41,7,1896,2,19,VOLKSWAGEN PASSAT,4,E01024623,0,1
2024421432393,2024,421432393,1,9,0,-1,9,1,7,-1,0,8,0,0,0,0,1,1,-1,9,1,37,7,1896,2,21,VOLKSWAGEN PASSAT,3,E01021588,0,1
2024421519510,2024,421519510,2,8,0,-1,19,5,1,-1,0,1,0,0,0,0,1,1,-1,2,1,63,9,1498,1,4,VOLKSWAGEN PASSAT,10,E01015914,0,1
2024451490552,2024,451490552,2,9,0,-1,2,7,3,-1,-1,0,0,0,0,0,4,1,-1,9,1,36,7,1598,2,7,VOLKSWAGEN PASSAT,9,E01030768,0,1
2024052402787,2024,052402787,1,9,0,18,19,5,1,0,0,8,0,10,7,0,1,1,6,6,1,36,7,1968,2,14,VOLKSWAGEN PASSAT,2,E01025244,0,4
2024361481475,2024,361481475,2,9,0,-1,19,5,1,-1,0,1,0,0,0,0,1,1,-1,1,1,33,6,1968,2,12,VOLKSWAGEN PASSAT,1,E01026598,0,1
2024010524738,2024,010524738,1,9,0,3,3,5,1,0,0,0,0,0,0,0,1,1,6,6,1,43,7,1968,2,5,VOLKSWAGEN PASSAT,5,E01002128,0,1
2024320015780,2024,320015780,1,9,0,13,13,3,7,0,0,0,0,0,0,0,1,1,6,6,1,48,8,1968,2,17,VOLKSWAGEN PASSAT,9,E01026022,0,1
2024320111449,2024,320111449,2,9,0,-1,-1,5,1,0,0,0,1,0,1,0,1,1,-1,-1,1,58,9,1968,2,9,VOLKSWAGEN PASSAT,8,E01026222,0,1
2024010495303,2024,010495303,1,9,0,7,7,3,6,0,0,5,0,0,0,0,4,1,1,1,1,39,7,1395,8,1,VOLKSWAGEN PASSAT,6,E01027057,0,4
2024010518341,2024,010518341,2,9,0,99,99,9,9,99,99,9,9,99,9,99,1,9,6,6,3,-1,-1,1598,2,9,VOLKSWAGEN PASSAT,-1,-1,0,-1
2024041458597,2024,041458597,2,9,0,-1,19,3,7,-1,0,8,0,0,0,0,2,1,-1,9,2,38,7,1968,2,7,VOLKSWAGEN PASSAT,9,E01007078,0,4
2024401421087,2024,401421087,1,9,0,-1,19,5,1,-1,0,1,0,0,0,0,4,1,-1,2,1,47,8,1968,2,7,VOLKSWAGEN PASSAT,5,E01015782,0,1
2024991432853,2024,991432853,1,8,0,-1,19,1,6,-1,0,2,0,0,0,0,1,1,-1,1,1,69,10,1598,2,8,VOLKSWAGEN PASSAT,3,-1,0,1
2024332400901,2024,332400901,2,9,0,-1,9,3,1,-1,0,5,0,0,0,0,4,1,-1,6,2,42,7,1968,2,13,VOLKSWAGEN PASSAT,8,E01034006,0,1
2024231462336,2024,231462336,1,9,0,-1,9,1,7,-1,0,5,0,0,0,0,4,1,-1,6,1,71,10,1968,2,10,VOLKSWAGEN PASSAT,3,E01031165,0,1
2024340NN3992,2024,340NN3992,1,9,0,-1,7,7,3,-1,0,3,0,0,0,0,3,1,-1,2,1,24,5,1896,2,21,VOLKSWAGEN PASSAT,5,E01027123,0,1
2024201522151,2024,201522151,1,9,0,-1,19,-1,-1,-1,0,0,0,0,0,0,3,9,-1,6,1,34,6,1968,2,8,VOLKSWAGEN PASSAT,1,E01008972,0,1
2024211458766,2024,211458766,1,9,0,-1,8,0,7,-1,-1,0,0,0,0,0,1,1,-1,9,1,32,6,1968,2,12,VOLKSWAGEN PASSAT,4,E01029394,0,1
2024461521253,2024,461521253,1,9,0,-1,10,2,3,-1,0,2,0,0,0,0,1,2,-1,9,1,46,8,1968,2,9,VOLKSWAGEN PASSAT,6,E01034987,0,1
2024041433566,2024,041433566,1,9,0,-1,19,1,5,-1,0,1,0,0,0,0,1,1,-1,1,1,30,6,1598,2,7,VOLKSWAGEN PASSAT,1,E01012577,0,2
2024552400900,2024,552400900,1,9,0,18,19,7,3,0,0,8,5,10,3,2,4,1,6,6,1,55,8,1896,2,21,VOLKSWAGEN PASSAT,5,E01020410,0,3
2024101458253,2024,101458253,1,9,0,-1,19,5,1,-1,0,0,0,0,0,0,1,1,-1,6,1,24,5,1968,2,15,VOLKSWAGEN PASSAT,1,E01008399,0,4
2024131461755,2024,131461755,2,9,0,-1,3,3,7,-1,0,1,0,0,0,0,2,1,-1,9,1,56,9,1968,2,12,VOLKSWAGEN PASSAT,2,E01010630,0,1
2024610029824,2024,610029824,1,9,0,18,19,1,5,0,0,0,0,0,7,2,1,1,1,1,1,74,10,1968,2,11,VOLKSWAGEN PASSAT,2,W01001464,0,2
2024201479335,2024,201479335,2,9,0,-1,19,8,5,-1,0,6,1,0,0,0,1,1,-1,6,2,20,4,1896,2,16,VOLKSWAGEN PASSAT,-1,-1,0,-1
2024141450450,2024,141450450,1,9,0,-1,19,6,2,-1,0,0,0,0,0,0,1,1,-1,9,1,37,7,1968,2,5,VOLKSWAGEN PASSAT,2,E01007906,0,1
2024041498813,2024,041498813,4,9,0,-1,5,5,1,-1,0,2,0,10,0,0,4,1,-1,9,1,40,7,1968,2,16,VOLKSWAGEN PASSAT,6,E01025145,0,1
2024332400685,2024,332400685,3,9,0,-1,4,1,5,-1,0,8,0,0,0,0,1,1,-1,9,2,38,7,1968,2,12,VOLKSWAGEN PASSAT,8,E01034959,0,5
2024471433984,2024,471433984,2,9,0,-1,2,0,0,-1,0,1,0,0,0,0,3,1,-1,6,-1,-1,-1,1598,2,6,VOLKSWAGEN PASSAT,-1,-1,0,-1
2024131521741,2024,131521741,2,9,0,-1,19,2,2,-1,0,2,0,0,0,0,1,1,-1,1,1,41,7,1968,2,9,VOLKSWAGEN PASSAT,3,E01011037,0,1
2024401455611,2024,401455611,1,9,0,-1,4,1,5,-1,0,0,0,0,0,0,1,1,-1,6,1,29,6,1968,2,12,VOLKSWAGEN PASSAT,5,E01015700,0,1
2024141443371,2024,141443371,1,9,0,-1,9,4,8,-1,0,8,0,0,0,0,1,1,-1,9,1,56,9,1968,2,6,VOLKSWAGEN PASSAT,10,E01007956,0,1
2024141498823,2024,141498823,1,9,0,-1,19,8,4,-1,0,0,0,0,0,0,3,9,-1,1,1,56,9,1968,2,6,VOLKSWAGEN PASSAT,2,E01007871,0,2
2024547218124,2024,547218124,1,9,0,5,5,5,3,0,0,6,0,0,1,1,4,1,6,6,1,70,10,1968,2,5,VOLKSWAGEN PASSAT,3,E01015510,0,4
2024440325868,2024,440325868,1,9,0,12,12,2,6,0,0,0,0,0,0,0,1,1,2,2,1,37,7,1968,2,11,VOLKSWAGEN PASSAT,8,E01017178,0,4
2024201492148,2024,201492148,1,9,0,-1,19,2,5,-1,0,6,0,0,0,0,1,9,-1,6,1,-1,-1,1968,2,16,VOLKSWAGEN PASSAT,-1,-1,0,-1
2024231471093,2024,231471093,1,9,0,-1,19,2,6,-1,0,0,0,0,0,0,1,9,-1,6,1,29,6,1968,2,14,VOLKSWAGEN PASSAT,2,E01013569,0,4
2024552401205,2024,552401205,1,9,0,9,9,1,8,0,0,6,0,0,0,0,3,1,6,6,2,34,6,1968,2,17,VOLKSWAGEN PASSAT,4,E01015275,0,1
2024622500010,2024,622500010,2,8,0,18,19,2,6,0,0,8,0,0,0,0,1,1,6,6,1,57,9,1598,2,10,VOLKSWAGEN PASSAT,2,W01001768,0,1
2024991491298,2024,991491298,2,9,0,-1,9,1,5,-1,0,1,0,0,0,0,2,1,-1,2,1,41,7,1598,2,8,VOLKSWAGEN PASSAT,2,-1,0,2
2024991409975,2024,991409975,3,9,0,-1,19,4,8,-1,0,0,0,0,0,0,1,1,-1,6,2,39,7,1598,2,7,VOLKSWAGEN PASSAT,10,-1,0,1
2024201412141,2024,201412141,2,9,0,-1,4,3,7,-1,0,1,0,0,0,0,2,1,-1,2,1,56,9,1968,2,5,VOLKSWAGEN PASSAT,1,E01009104,0,1
2024052402468,2024,052402468,2,9,0,18,19,2,6,0,0,1,0,0,0,0,1,1,2,2,1,36,7,1968,2,10,VOLKSWAGEN PASSAT,5,E01007143,0,2
2024070128824,2024,070128824,3,9,0,18,19,7,3,0,0,0,0,0,0,0,2,1,2,2,1,32,6,1598,2,13,VOLKSWAGEN PASSAT,1,E01009274,0,5
2024311394099,2024,311394099,1,9,0,-1,19,3,7,-1,0,0,0,0,0,0,1,1,-1,6,1,43,7,1968,2,10,VOLKSWAGEN PASSAT,5,E01019679,0,4
2024991426021,2024,991426021,1,8,0,-1,19,2,6,-1,0,0,0,0,0,0,1,1,-1,1,1,49,8,1598,2,8,VOLKSWAGEN PASSAT,3,-1,0,2
2024010532588,2024,010532588,2,9,0,99,99,9,9,99,99,9,9,99,9,99,9,9,6,6,3,-1,-1,1968,2,7,VOLKSWAGEN PASSAT,1,E01002038,0,1
2024320736377,2024,320736377,1,9,0,-1,-1,8,5,0,0,0,5,0,1,3,1,1,6,6,1,22,5,1968,2,10,VOLKSWAGEN PASSAT,3,E01026104,0,1
2024421531171,2024,421531171,1,9,0,-1,19,2,7,-1,0,1,0,0,0,0,1,1,-1,6,1,47,8,1968,2,13,VOLKSWAGEN PASSAT,10,E01023568,0,3
2024451491509,2024,451491509,1,9,0,-1,19,5,1,-1,0,3,0,0,0,0,1,1,-1,2,1,36,7,1598,2,8,VOLKSWAGEN PASSAT,4,E01023121,0,1
2024421417107,2024,421417107,1,9,0,-1,6,1,6,-1,0,1,0,0,0,0,4,1,-1,6,1,67,10,1968,2,11,VOLKSWAGEN PASSAT,3,E01021291,0,1
2024320286679,2024,320286679,1,9,0,-1,-1,2,6,0,0,0,0,0,0,0,1,1,-1,-1,1,-1,-1,1968,2,16,VOLKSWAGEN PASSAT,2,-1,0,5
2024340NN1732,2024,340NN1732,1,9,0,-1,6,3,3,-1,0,0,0,0,0,0,3,1,-1,1,1,35,6,1968,2,13,VOLKSWAGEN PASSAT,2,E01015594,0,4
2024201423875,2024,201423875,3,9,0,-1,19,4,8,-1,0,0,0,0,0,0,2,9,-1,6,1,-1,-1,1968,2,10,VOLKSWAGEN PASSAT,-1,-1,0,-1
2024351444068,2024,351444068,1,9,0,-1,19,2,4,-1,0,1,0,0,0,0,1,1,-1,6,1,22,5,1968,2,13,VOLKSWAGEN PASSAT,6,E01026349,0,3
2024320277472,2024,320277472,2,9,0,-1,-1,4,8,0,0,0,0,0,0,0,1,1,-1,-1,1,80,11,1968,2,6,VOLKSWAGEN PASSAT,6,E01026047,0,4
2024421422403,2024,421422403,2,9,0,-1,2,0,0,-1,0,0,0,0,0,0,3,1,-1,6,3,-1,-1,1968,2,13,VOLKSWAGEN PASSAT,-1,-1,0,-1
2024440022410,2024,440022410,1,9,0,4,4,6,2,0,0,0,0,0,0,0,2,1,2,2,2,27,6,1598,2,9,VOLKSWAGEN PASSAT,6,E01031508,0,3
2024471403593,2024,471403593,2,9,0,-1,19,3,7,-1,0,0,0,0,0,0,2,2,-1,2,1,36,7,1968,2,17,VOLKSWAGEN PASSAT,2,E01016941,0,2
2024131499443,2024,131499443,1,9,0,-1,19,1,5,-1,0,1,0,0,0,0,1,1,-1,6,1,40,7,1968,2,14,VOLKSWAGEN PASSAT,1,E01011373,0,1
2024010551936,2024,010551936,1,9,0,18,19,5,1,0,0,0,1,0,0,0,2,9,6,6,1,58,9,1790,1,14,VOLKSWAGEN PASSAT,2,E01003239,0,2
2024430594760,2024,430594760,1,9,0,18,19,2,6,0,0,4,0,0,0,0,1,1,6,6,2,80,11,1968,2,12,VOLKSWAGEN PASSAT,9,E01016263,0,2
2024552400832,2024,552400832,1,9,0,9,9,2,8,0,0,6,0,0,0,0,3,1,6,6,2,36,7,1986,2,14,VOLKSWAGEN PASSAT,1,E01015281,0,3
2024411409741,2024,411409741,2,9,0,-1,3,5,1,-1,0,0,0,0,0,0,2,1,-1,6,1,67,10,1598,2,8,VOLKSWAGEN PASSAT,9,E01016788,0,4
2024211433911,2024,211433911,2,9,0,-1,5,8,6,-1,0,8,0,0,0,0,1,1,-1,9,2,57,9,1968,2,12,VOLKSWAGEN PASSAT,2,E01029547,0,1
2024010510673,2024,010510673,3,9,0,18,19,5,1,0,0,1,0,0,0,0,1,2,6,6,1,-1,-1,1968,2,7,VOLKSWAGEN PASSAT,6,E01002497,0,1
2024131526886,2024,131526886,2,9,0,-1,6,7,3,-1,0,0,0,0,0,0,3,1,-1,9,1,58,9,1896,2,20,VOLKSWAGEN PASSAT,1,E01011901,0,1
202417L111224,2024,17L111224,1,8,0,-1,12,3,7,-1,0,0,0,0,0,0,2,1,-1,1,1,53,8,1968,2,9,VOLKSWAGEN PASSAT,1,E01012093,0,2
2024430382785,2024,430382785,2,9,0,4,4,3,7,0,0,0,0,0,0,0,2,1,6,6,2,37,7,1395,8,7,VOLKSWAGEN PASSAT,-1,-1,0,-1
2024010515101,2024,010515101,2,9,0,18,19,2,6,0,0,2,0,0,0,0,1,1,6,6,1,46,8,1968,2,8,VOLKSWAGEN PASSAT,4,E01004128,0,4
2024440487805,2024,440487805,2,9,0,18,19,2,5,0,0,0,0,0,0,0,1,1,6,6,2,54,8,1896,2,19,VOLKSWAGEN PASSAT,8,E01023076,0,3
2024440079254,2024,440079254,1,9,0,3,3,7,3,0,0,8,0,0,0,0,2,1,6,6,2,51,8,1968,2,11,VOLKSWAGEN PASSAT,7,E01023165,0,4
202460Q162549,2024,60Q162549,2,9,0,18,19,7,3,0,0,0,0,0,1,0,3,1,6,6,1,43,7,1968,2,13,VOLKSWAGEN PASSAT,-1,-1,0,-1
2024122400116,2024,122400116,2,9,0,18,19,3,7,0,0,0,0,0,0,0,2,1,6,6,1,62,9,1896,2,17,VOLKSWAGEN PASSAT,8,E01013403,0,2
2024991453350,2024,991453350,3,9,0,-1,19,4,8,-1,0,8,0,0,0,0,2,1,-1,9,1,51,8,1968,2,10,VOLKSWAGEN PASSAT,8,E01008772,0,5
2024401400002,2024,401400002,1,9,0,-1,19,5,1,-1,0,0,0,0,0,0,1,9,-1,9,1,41,7,1968,2,15,VOLKSWAGEN PASSAT,3,E01017514,0,1
2024010505014,2024,010505014,1,9,0,18,19,7,3,0,0,3,0,0,0,0,1,1,6,6,2,47,8,1968,2,6,VOLKSWAGEN PASSAT,7,E01004138,0,1
2024010531161,2024,010531161,2,9,0,99,99,9,9,99,99,9,9,99,9,99,9,9,6,6,3,-1,-1,1798,1,13,VOLKSWAGEN PASSAT,5,E01024179,0,4
2024520401560,2024,520401560,2,9,0,18,19,5,1,0,0,0,0,0,7,4,1,1,6,6,2,77,11,1968,2,9,VOLKSWAGEN PASSAT,8,E01031897,0,4
2024010532130,2024,010532130,1,9,0,9,9,7,5,0,0,6,0,0,0,0,1,1,6,6,1,31,6,1598,2,8,VOLKSWAGEN PASSAT,3,E01003275,0,1
2024991510188,2024,991510188,1,8,0,-1,10,3,1,-1,2,1,0,0,0,0,1,1,-1,1,1,65,9,1598,2,4,VOLKSWAGEN PASSAT,10,-1,0,3
2024041480972,2024,041480972,1,9,0,-1,9,5,3,-1,0,8,0,0,0,0,1,1,-1,1,1,52,8,1968,2,12,VOLKSWAGEN PASSAT,1,E01012639,0,3
2024052400416,2024,052400416,2,9,0,18,19,4,8,0,0,8,0,0,0,0,1,1,2,2,1,70,10,1968,2,12,VOLKSWAGEN PASSAT,4,E01006617,0,1
2024302401044,2024,302401044,2,9,0,9,9,8,6,0,0,0,0,0,0,0,0,1,6,6,2,59,9,1968,2,5,VOLKSWAGEN PASSAT,6,E01034656,0,1
2024332400924,2024,332400924,3,9,0,-1,8,6,8,-1,0,1,0,0,0,0,3,1,-1,6,2,30,6,1968,2,14,VOLKSWAGEN PASSAT,3,E01013779,0,1
2024111435899,2024,111435899,1,9,0,-1,19,7,3,-1,0,0,0,0,0,0,1,9,-1,6,1,41,7,1968,2,16,VOLKSWAGEN PASSAT,3,E01020791,0,1
2024461413049,2024,461413049,2,9,0,-1,19,7,3,-1,0,0,0,0,0,0,1,1,-1,2,2,34,6,1968,2,7,VOLKSWAGEN PASSAT,5,E01024366,0,2
2024991491628,2024,991491628,2,9,0,-1,19,7,3,-1,0,1,1,0,0,0,1,1,-1,9,2,39,7,1968,2,13,VOLKSWAGEN PASSAT,5,E01029884,0,5
2024991464984,2024,991464984,1,9,0,-1,19,7,3,-1,0,0,1,0,0,0,3,1,-1,9,1,59,9,1968,2,13,VOLKSWAGEN PASSAT,7,-1,0,1
2024131428126,2024,131428126,1,9,0,-1,4,8,4,-1,0,1,0,0,0,0,2,1,-1,9,1,42,7,1598,2,10,VOLKSWAGEN PASSAT,-1,-1,0,-1
2024201524151,2024,201524151,1,8,0,-1,19,5,6,-1,0,8,0,0,0,0,1,1,-1,1,1,32,6,1968,2,9,VOLKSWAGEN PASSAT,1,E01034934,0,1
2024101483377,2024,101483377,2,9,0,-1,3,5,1,-1,0,0,0,0,0,0,2,1,-1,9,1,51,8,1395,8,4,VOLKSWAGEN PASSAT,5,E01008416,0,3
2024201458996,2024,201458996,1,9,0,-1,4,1,5,-1,0,0,0,0,0,0,1,9,-1,6,1,23,5,1968,2,15,VOLKSWAGEN PASSAT,1,E01034309,0,1
2024141463206,2024,141463206,1,9,0,-1,19,4,8,-1,0,8,0,0,0,0,1,1,-1,2,2,36,7,1968,2,12,VOLKSWAGEN PASSAT,1,E01008103,0,3
2024010531164,2024,010531164,1,9,0,99,99,9,9,99,99,9,9,99,9,99,1,9,6,6,3,-1,-1,1968,2,12,VOLKSWAGEN PASSAT,-1,-1,0,-1
2024101404721,2024,101404721,1,8,0,-1,19,2,5,-1,0,8,0,0,0,0,1,9,-1,1,1,39,7,1968,2,8,VOLKSWAGEN PASSAT,3,E01008413,0,1
2024451526931,2024,451526931,1,9,0,-1,19,1,5,-1,0,0,0,0,0,0,1,1,-1,1,1,48,8,1968,2,8,VOLKSWAGEN PASSAT,9,E01030975,0,1
2024201466439,2024,201466439,2,9,0,-1,19,-1,-1,-1,0,-1,0,0,0,0,1,9,-1,9,2,52,8,1968,2,13,VOLKSWAGEN PASSAT,4,E01010072,0,1
2024041436483,2024,041436483,1,9,0,-1,19,7,7,-1,0,8,0,0,0,0,1,1,-1,9,1,33,6,1968,2,16,VOLKSWAGEN PASSAT,2,E01025157,0,1