collision_index,collision_year,collision_ref_no,vehicle_reference,vehicle_type,towing_and_articulation,vehicle_manoeuvre_historic,vehicle_manoeuvre,vehicle_direction_from,vehicle_direction_to,vehicle_location_restricted_lane_historic,vehicle_location_restricted_lane,junction_location,skidding_and_overturning,hit_object_in_carriageway,vehicle_leaving_carriageway,hit_object_off_carriageway,first_point_of_impact,vehicle_left_hand_drive,journey_purpose_of_driver_historic,journey_purpose_of_driver,sex_of_driver,age_of_driver,age_band_of_driver,engine_capacity_cc,propulsion_code,age_of_vehicle,generic_make_model,driver_imd_decile,lsoa_of_driver,escooter_flag,driver_distance_banding
2024421419781,2024,421419781,2,9,0,-1,3,3,5,-1,0,1,0,0,0,0,2,1,-1,1,1,50,8,1968,2,8,VOLKSWAGEN PASSAT,2,E01015896,0,1
2024010534230,2024,010534230,2,9,0,18,19,1,5,0,0,1,0,0,0,0,1,1,6,6,1,42,7,1598,2,8,VOLKSWAGEN PASSAT,3,E01032574,0,1
2024070810511,2024,070810511,2,9,0,-1,19,1,3,-1,0,7,0,0,0,0,3,1,-1,1,1,56,9,1968,2,7,VOLKSWAGEN PASSAT,4,E01018315,0,1
2024411463437,2024,411463437,1,8,0,-1,5,3,7,-1,0,0,0,0,0,0,1,1,-1,1,1,70,10,1395,8,6,VOLKSWAGEN PASSAT,9,E01023656,0,1
2024101470320,2024,101470320,2,8,0,-1,3,6,1,-1,0,1,0,0,0,0,1,1,-1,1,1,55,8,1968,2,6,VOLKSWAGEN PASSAT,3,E01008455,0,1
2024501398164,2024,501398164,2,9,0,-1,4,4,7,-1,0,1,0,0,0,0,1,1,-1,6,1,21,5,1598,2,8,VOLKSWAGEN PASSAT,4,E01020041,0,1
202460Q173862,2024,60Q173862,1,9,0,18,19,8,4,0,0,0,0,0,0,0,1,1,2,2,1,34,6,1968,2,8,VOLKSWAGEN PASSAT,-1,-1,0,-1
2024010537741,2024,010537741,2,9,0,99,99,9,9,99,99,9,9,99,9,99,1,9,6,6,1,48,8,1968,2,7,VOLKSWAGEN PASSAT,7,E01017584,0,4
2024311454046,2024,311454046,1,9,0,-1,7,7,3,-1,0,0,0,0,0,0,3,1,-1,6,1,33,6,1968,2,16,VOLKSWAGEN PASSAT,1,E01019509,0,3
2024141397704,2024,141397704,1,9,0,-1,19,2,6,-1,0,0,0,0,0,0,1,9,-1,1,1,40,7,1968,2,15,VOLKSWAGEN PASSAT,4,E01035076,0,5
2024211503651,2024,211503651,2,9,0,-1,19,8,3,-1,0,0,0,0,0,0,2,1,-1,9,2,28,6,1968,2,9,VOLKSWAGEN PASSAT,9,E01032177,0,4
2024320392900,2024,320392900,1,9,0,-1,-1,2,6,0,0,1,0,0,0,0,2,1,6,6,1,37,7,1598,2,11,VOLKSWAGEN PASSAT,3,E01034682,0,1
2024471400465,2024,471400465,1,9,0,-1,9,3,1,-1,0,0,0,0,0,0,1,1,-1,6,1,22,5,1598,2,11,VOLKSWAGEN PASSAT,9,E01031730,0,1
2024332400503,2024,332400503,2,9,0,-1,19,1,5,-1,0,0,0,0,0,0,1,1,-1,6,3,-1,-1,1968,2,14,VOLKSWAGEN PASSAT,-1,-1,0,-1
2024311404806,2024,311404806,1,9,0,-1,19,4,8,-1,0,1,0,0,0,0,3,1,-1,9,1,40,7,1968,2,10,VOLKSWAGEN PASSAT,9,E01028367,0,1
2024991471287,2024,991471287,1,9,0,-1,1,7,5,-1,0,0,0,0,0,0,2,1,-1,6,3,55,8,1968,2,12,VOLKSWAGEN PASSAT,-1,-1,0,-1
2024201512823,2024,201512823,1,9,0,-1,19,7,3,-1,0,0,1,0,0,0,4,9,-1,6,1,29,6,1968,2,17,VOLKSWAGEN PASSAT,-1,-1,0,-1
2024411498316,2024,411498316,1,9,0,-1,19,8,4,-1,0,1,0,0,0,0,1,1,-1,2,1,32,6,1968,2,10,VOLKSWAGEN PASSAT,4,E01023772,0,1
2024231523127,2024,231523127,1,9,0,-1,19,1,5,-1,0,8,0,0,0,0,3,1,-1,6,1,33,6,1968,2,7,VOLKSWAGEN PASSAT,9,E01010220,0,3
2024631447236,2024,631447236,3,9,0,-1,19,4,8,-1,0,0,0,0,0,0,3,1,-1,7,2,52,8,1968,2,13,VOLKSWAGEN PASSAT,6,W01000574,0,3
202454D331624,2024,54D331624,1,9,0,7,7,1,3,0,0,6,0,0,0,0,1,1,2,2,1,25,5,1999,2,17,VOLKSWAGEN PASSAT,9,E01031922,0,3
2024421510378,2024,421510378,1,9,0,-1,19,1,5,-1,0,0,0,0,0,0,1,1,-1,6,1,66,10,1984,1,5,VOLKSWAGEN PASSAT,8,E01023299,0,3
2024351460370,2024,351460370,1,9,0,-1,19,6,2,-1,0,8,0,0,0,0,1,1,-1,2,1,25,5,1968,2,11,VOLKSWAGEN PASSAT,2,E01026037,0,4
2024010534665,2024,010534665,1,9,0,18,19,1,5,0,0,2,0,0,0,0,3,1,6,6,1,25,5,1968,2,14,VOLKSWAGEN PASSAT,3,E01034039,0,1
2024131470878,2024,131470878,1,9,0,-1,-1,-1,-1,-1,-1,8,-1,-1,-1,0,-1,1,-1,6,3,-1,-1,1968,2,11,VOLKSWAGEN PASSAT,-1,-1,0,-1
2024421416219,2024,421416219,2,9,0,-1,19,1,5,-1,0,8,0,0,1,11,1,9,-1,9,1,41,7,1968,2,12,VOLKSWAGEN PASSAT,1,E01016007,0,1
2024201505062,2024,201505062,1,9,0,-1,19,5,1,-1,0,8,1,0,0,0,1,1,-1,6,-1,-1,-1,1896,2,19,VOLKSWAGEN PASSAT,-1,-1,0,-1
2024221404649,2024,221404649,1,9,0,-1,1,6,2,-1,0,0,0,0,0,0,2,9,-1,6,3,43,7,1968,2,8,VOLKSWAGEN PASSAT,-1,-1,0,-1
2024061411706,2024,061411706,1,9,0,-1,9,7,5,-1,0,1,0,0,0,0,3,1,-1,6,2,61,9,1896,2,16,VOLKSWAGEN PASSAT,2,E01005105,0,1
2024461506808,2024,461506808,2,9,0,-1,19,8,4,-1,0,8,0,0,0,0,1,1,-1,9,1,31,6,1598,2,14,VOLKSWAGEN PASSAT,7,E01024003,0,1
2024201508993,2024,201508993,2,9,0,-1,9,6,4,-1,0,6,0,0,0,0,4,1,-1,9,1,50,8,1598,2,7,VOLKSWAGEN PASSAT,4,E01009228,0,3
2024131398048,2024,131398048,1,9,0,-1,19,7,3,-1,0,0,0,0,0,0,4,1,-1,9,2,42,7,1968,2,13,VOLKSWAGEN PASSAT,2,E01010778,0,1
2024122400447,2024,122400447,1,9,0,17,19,6,2,0,0,0,1,0,1,9,4,1,6,6,1,30,6,1968,2,16,VOLKSWAGEN PASSAT,7,E01025197,0,2
2024371516658,2024,371516658,1,9,0,-1,19,5,1,-1,0,0,1,0,0,0,3,1,-1,6,2,34,6,1968,2,15,VOLKSWAGEN PASSAT,5,E01030286,0,3
2024010511624,2024,010511624,2,9,0,99,99,9,9,99,99,9,9,99,9,99,1,9,6,6,3,-1,-1,1968,2,13,VOLKSWAGEN PASSAT,4,E01030793,0,4
2024061451216,2024,061451216,1,9,0,-1,19,3,7,-1,0,5,1,0,1,0,1,1,-1,6,1,26,6,1896,2,20,VOLKSWAGEN PASSAT,2,E01005125,0,2
2024231431380,2024,231431380,1,9,0,-1,7,4,6,-1,0,6,1,0,7,10,3,1,-1,2,2,69,10,1968,2,16,VOLKSWAGEN PASSAT,8,E01031197,0,2
2024221433045,2024,221433045,2,9,0,-1,3,1,5,-1,0,1,0,0,0,0,2,1,-1,6,2,34,6,1968,2,11,VOLKSWAGEN PASSAT,2,E01032474,0,1
2024141504289,2024,141504289,2,9,0,-1,19,6,2,-1,0,1,0,0,0,0,1,9,-1,6,1,-1,-1,1968,2,10,VOLKSWAGEN PASSAT,-1,-1,0,-1
2024610036324,2024,610036324,2,9,0,3,3,3,7,0,0,3,0,0,0,0,4,1,6,6,1,58,9,1968,2,9,VOLKSWAGEN PASSAT,7,W01001582,0,1
2024101517991,2024,101517991,1,9,0,-1,9,1,8,-1,0,1,0,0,0,0,4,1,-1,1,1,39,7,1968,2,4,VOLKSWAGEN PASSAT,6,E01035614,0,2
2024061438486,2024,061438486,2,9,0,-1,19,6,2,-1,0,1,0,4,0,0,1,1,-1,9,1,25,5,1968,2,10,VOLKSWAGEN PASSAT,1,E01005595,0,1
2024041461918,2024,041461918,2,9,0,-1,19,3,7,-1,0,1,0,0,0,0,3,1,-1,9,2,30,6,1968,2,10,VOLKSWAGEN PASSAT,1,E01025083,0,1
2024061474685,2024,061474685,1,9,0,-1,7,3,5,-1,0,8,0,0,0,0,1,9,-1,6,1,-1,-1,1968,2,7,VOLKSWAGEN PASSAT,2,E01005028,0,3
2024501429064,2024,501429064,2,9,0,-1,4,4,7,-1,0,1,1,0,0,0,3,9,-1,1,1,30,6,1968,2,11,VOLKSWAGEN PASSAT,4,E01015241,0,2
2024041421791,2024,041421791,3,9,0,-1,13,7,3,-1,0,0,0,0,0,0,1,1,-1,6,1,57,9,1395,8,6,VOLKSWAGEN PASSAT,5,E01024954,0,1
2024421468525,2024,421468525,1,9,0,-1,19,2,6,-1,0,0,0,0,0,0,1,1,-1,6,1,40,7,1395,8,7,VOLKSWAGEN PASSAT,10,E01021475,0,1
2024070049933,2024,070049933,2,9,0,18,19,4,8,0,0,0,0,0,0,0,3,1,2,2,1,57,9,1598,2,10,VOLKSWAGEN PASSAT,9,E01006986,0,4
2024010498371,2024,010498371,2,9,0,99,99,9,9,99,99,9,9,99,9,99,9,9,6,6,3,34,6,1395,8,2,VOLKSWAGEN PASSAT,-1,-1,0,-1
2024371486382,2024,371486382,3,9,0,-1,4,1,5,-1,0,0,0,1,0,0,2,1,-1,6,1,52,8,1896,2,16,VOLKSWAGEN PASSAT,6,E01030044,0,1
2024471481083,2024,471481083,4,9,0,-1,2,0,0,-1,-1,8,0,0,0,0,1,1,-1,6,-1,-1,-1,1968,2,4,VOLKSWAGEN PASSAT,-1,-1,0,-1
2024991510296,2024,991510296,1,9,0,-1,19,4,8,-1,0,0,5,4,0,0,1,1,-1,9,1,75,10,1986,2,15,VOLKSWAGEN PASSAT,1,-1,0,2
2024461486420,2024,461486420,2,9,0,-1,3,1,5,-1,0,0,0,0,0,0,2,1,-1,9,1,60,9,1968,2,14,VOLKSWAGEN PASSAT,2,E01024249,0,1
2024221507538,2024,221507538,1,9,0,-1,15,6,2,-1,0,0,0,0,0,0,4,1,-1,1,1,25,5,1968,2,12,VOLKSWAGEN PASSAT,1,E01009028,0,3
2024131418117,2024,131418117,1,9,0,-1,1,1,5,-1,9,0,0,0,0,0,2,1,-1,6,1,-1,-1,1968,2,7,VOLKSWAGEN PASSAT,-1,-1,0,-1
2024320416595,2024,320416595,1,9,0,-1,-1,2,8,0,0,8,1,0,1,10,1,1,-1,-1,1,33,6,1968,2,13,VOLKSWAGEN PASSAT,-1,-1,0,-1
2024131495244,2024,131495244,2,9,0,-1,4,2,6,-1,0,0,0,0,0,0,2,1,-1,6,1,69,10,1968,2,10,VOLKSWAGEN PASSAT,6,E01011636,0,3
2024131475596,2024,131475596,1,9,0,-1,19,5,3,-1,0,8,1,0,0,0,3,1,-1,1,1,26,6,1968,2,16,VOLKSWAGEN PASSAT,1,E01011673,0,3
2024141400505,2024,141400505,1,9,0,-1,9,5,1,-1,0,5,0,0,0,0,1,1,-1,9,2,26,6,1968,2,16,VOLKSWAGEN PASSAT,1,E01007764,0,2
202417H106424,2024,17H106424,1,9,0,-1,9,5,3,-1,0,8,0,0,0,0,1,1,-1,9,1,39,7,1598,2,10,VOLKSWAGEN PASSAT,2,E01011949,0,1
2024122400816,2024,122400816,2,9,0,4,4,3,7,0,0,8,0,0,0,0,2,1,6,6,1,42,7,1896,2,22,VOLKSWAGEN PASSAT,8,E01013055,0,3
2024131519576,2024,131519576,2,9,0,-1,19,3,7,-1,0,0,0,0,0,0,1,1,-1,9,1,28,6,1968,2,11,VOLKSWAGEN PASSAT,4,E01012929,0,5
2024520500080,2024,520500080,1,9,0,4,4,1,5,0,0,3,0,0,0,0,2,1,6,6,1,42,7,1968,2,7,VOLKSWAGEN PASSAT,9,E01014741,0,4
2024211514254,2024,211514254,1,9,0,-1,19,5,1,-1,0,0,1,11,0,0,2,1,-1,6,1,70,10,1968,2,11,VOLKSWAGEN PASSAT,1,E01009258,0,4
2024543648024,2024,543648024,2,9,0,18,19,7,3,0,0,0,0,0,0,0,2,1,6,6,1,55,8,1968,2,12,VOLKSWAGEN PASSAT,6,E01032109,0,4
2024430418938,2024,430418938,1,9,0,4,4,6,2,0,0,2,0,0,0,0,2,1,6,6,1,27,6,1968,2,10,VOLKSWAGEN PASSAT,9,E01022494,0,4
2024522401118,2024,522401118,1,9,0,18,19,8,4,0,0,1,0,0,0,0,1,1,6,6,2,54,8,1598,2,13,VOLKSWAGEN PASSAT,4,E01014586,0,2
2024340NN1272,2024,340NN1272,1,8,0,-1,19,4,8,-1,0,1,0,0,0,0,1,1,-1,1,1,32,6,1598,2,9,VOLKSWAGEN PASSAT,-1,-1,0,-1
2024061483043,2024,061483043,2,9,0,-1,99,-1,-1,-1,0,0,9,0,0,0,1,1,-1,6,3,-1,-1,1968,2,13,VOLKSWAGEN PASSAT,-1,-1,0,-1
2024531486650,2024,531486650,2,9,0,-1,2,0,0,-1,0,0,0,0,0,0,4,1,-1,6,3,-1,-1,1968,2,11,VOLKSWAGEN PASSAT,-1,-1,0,-1
2024231455182,2024,231455182,1,9,0,-1,11,6,2,-1,0,0,0,0,0,0,4,9,-1,6,1,58,9,1968,2,9,VOLKSWAGEN PASSAT,3,E01009302,0,3
2024131501880,2024,131501880,2,9,0,-1,19,3,7,-1,0,3,0,0,1,0,1,1,-1,6,-1,-1,-1,1968,2,15,VOLKSWAGEN PASSAT,-1,-1,0,-1
2024471452800,2024,471452800,1,9,0,-1,9,5,3,-1,0,6,0,0,0,0,1,1,-1,2,1,34,6,1395,8,4,VOLKSWAGEN PASSAT,5,E01016858,0,1
2024991422572,2024,991422572,1,9,0,-1,13,3,7,-1,0,0,5,0,0,0,1,1,-1,6,1,22,5,1984,1,18,VOLKSWAGEN PASSAT,5,-1,0,2
2024211500726,2024,211500726,2,9,0,-1,11,5,1,-1,0,2,0,0,0,0,3,1,-1,1,1,52,8,1968,2,6,VOLKSWAGEN PASSAT,-1,-1,0,-1
2024211441919,2024,211441919,2,9,0,-1,5,5,4,-1,0,0,0,0,0,0,2,1,-1,6,1,33,6,1968,2,7,VOLKSWAGEN PASSAT,5,E01029425,0,2
2024141454004,2024,141454004,1,9,0,-1,19,7,2,-1,0,0,0,0,0,0,2,1,-1,9,1,41,7,1968,2,5,VOLKSWAGEN PASSAT,1,E01007873,0,1
2024231524840,2024,231524840,2,9,0,-1,19,4,8,-1,0,0,1,0,0,0,4,9,-1,6,1,37,7,1968,2,14,VOLKSWAGEN PASSAT,5,E01035423,0,4
2024141398230,2024,141398230,3,9,0,-1,19,5,1,-1,0,1,0,0,0,0,2,1,-1,6,1,66,10,1896,2,20,VOLKSWAGEN PASSAT,3,E01007415,0,1
2024201528135,2024,201528135,1,9,0,-1,19,1,5,-1,0,1,0,0,0,0,1,9,-1,1,3,-1,-1,1598,2,8,VOLKSWAGEN PASSAT,-1,-1,0,-1
2024010548080,2024,010548080,1,9,9,99,99,9,9,9,9,9,9,99,9,99,9,9,6,6,3,-1,-1,1395,8,4,VOLKSWAGEN PASSAT,-1,-1,0,-1
2024201497478,2024,201497478,1,9,0,-1,5,3,5,-1,0,2,0,0,0,0,1,1,-1,6,1,61,9,1968,2,17,VOLKSWAGEN PASSAT,2,E01010047,0,1
2024501411581,2024,501411581,1,9,0,-1,19,1,5,-1,0,0,0,0,1,2,4,9,-1,9,1,72,10,1800,1,25,VOLKSWAGEN PASSAT,5,E01020191,0,1
2024041461089,2024,041461089,2,9,0,-1,19,3,7,-1,0,0,0,0,0,0,1,1,-1,9,1,29,6,1968,2,18,VOLKSWAGEN PASSAT,1,E01012698,0,1
2024131511198,2024,131511198,2,9,0,-1,19,3,7,-1,0,0,0,0,0,0,2,1,-1,9,1,70,10,1968,2,10,VOLKSWAGEN PASSAT,7,E01011067,0,3
2024141418980,2024,141418980,2,9,0,-1,13,5,1,-1,0,1,0,0,0,0,1,9,-1,6,3,-1,-1,1198,1,10,VOLKSWAGEN PASSAT,-1,-1,0,-1
2024111477839,2024,111477839,2,9,0,-1,2,1,1,-1,0,0,0,0,0,0,2,1,-1,6,1,33,6,1968,2,8,VOLKSWAGEN PASSAT,3,E01020825,0,1
2024991480234,2024,991480234,1,9,0,-1,13,7,1,-1,0,1,0,0,1,7,4,1,-1,9,1,22,5,1598,2,6,VOLKSWAGEN PASSAT,3,-1,0,4
2024131498796,2024,131498796,1,9,0,-1,19,1,5,-1,0,8,0,0,0,0,1,1,-1,1,1,41,7,1968,2,14,VOLKSWAGEN PASSAT,1,E01010782,0,3
2024430594773,2024,430594773,1,9,0,2,2,8,4,0,0,8,5,0,1,4,2,1,6,6,1,62,9,1968,2,18,VOLKSWAGEN PASSAT,4,E01031032,0,4
2024010502935,2024,010502935,2,9,0,18,19,5,1,0,0,8,0,4,8,11,1,1,6,6,1,29,6,1968,2,18,VOLKSWAGEN PASSAT,-1,-1,0,-1
2024610025824,2024,610025824,1,9,0,7,7,8,2,0,0,6,0,0,1,11,1,1,6,6,1,60,9,3597,1,15,VOLKSWAGEN PASSAT,7,W01001575,0,1
2024010539084,2024,010539084,1,9,0,18,19,5,1,0,0,1,0,4,0,0,1,1,6,6,2,77,11,1598,1,18,VOLKSWAGEN PASSAT,6,E01001962,0,1
2024332401043,2024,332401043,2,9,0,-1,2,0,0,-1,0,8,0,0,7,0,2,1,-1,6,1,55,8,1968,2,8,VOLKSWAGEN PASSAT,6,E01013785,0,1
2024440087491,2024,440087491,1,9,0,18,19,5,1,0,0,0,0,0,0,0,3,1,1,1,1,65,9,1968,2,7,VOLKSWAGEN PASSAT,6,E01022584,0,3
2024311454671,2024,311454671,1,9,0,-1,19,1,5,-1,0,2,1,0,0,0,1,9,-1,6,1,-1,-1,1968,2,7,VOLKSWAGEN PASSAT,-1,-1,0,-1
2024421517891,2024,421517891,2,9,0,-1,9,3,5,-1,0,0,0,0,0,0,3,1,-1,1,1,51,8,1968,2,8,VOLKSWAGEN PASSAT,8,E01035180,0,2
2024461533426,2024,461533426,2,9,0,-1,19,3,7,-1,0,0,0,0,0,0,1,1,-1,1,1,47,8,1968,2,10,VOLKSWAGEN PASSAT,1,E01024676,0,2
2024131460859,2024,131460859,1,9,0,-1,3,5,1,-1,0,1,0,0,0,0,2,1,-1,1,1,57,9,1395,8,6,VOLKSWAGEN PASSAT,3,E01010761,0,3
2024340WN6902,2024,340WN6902,1,9,0,-1,19,5,1,-1,0,0,1,0,1,4,1,1,-1,9,1,50,8,1968,2,6,VOLKSWAGEN PASSAT,1,E01027177,0,2
2024131489754,2024,131489754,1,9,0,-1,12,3,7,-1,0,8,0,0,0,0,1,1,-1,9,1,33,6,1968,2,7,VOLKSWAGEN PASSAT,2,E01010728,0,1
2024231430286,2024,231430286,4,9,0,-1,19,6,2,-1,0,0,0,0,0,0,1,9,-1,6,1,37,7,1968,2,14,VOLKSWAGEN PASSAT,4,E01031045,0,2
2024231523141,2024,231523141,1,9,0,-1,19,1,5,-1,0,1,0,0,0,0,1,1,-1,9,1,33,6,1968,2,7,VOLKSWAGEN PASSAT,1,E01009062,0,4
2024131496451,2024,131496451,2,9,0,-1,2,0,0,-1,0,8,0,0,0,0,3,1,-1,6,-1,-1,-1,1598,2,10,VOLKSWAGEN PASSAT,-1,-1,0,-1
2024461511227,2024,461511227,1,9,0,-1,19,1,3,-1,0,1,0,0,0,0,1,9,-1,6,1,25,5,1896,2,17,VOLKSWAGEN PASSAT,5,E01024749,0,2
2024041497010,2024,041497010,1,9,0,-1,19,3,7,-1,0,1,0,0,0,0,1,1,-1,6,1,55,8,1598,2,11,VOLKSWAGEN PASSAT,2,E01024897,0,1
202417M119224,2024,17M119224,1,9,0,-1,19,1,5,-1,0,8,0,0,0,0,1,1,-1,9,1,31,6,1968,2,10,VOLKSWAGEN PASSAT,-1,-1,0,-1
2024411523107,2024,411523107,1,9,0,-1,9,1,7,-1,0,0,0,0,0,0,4,1,-1,1,1,75,10,1968,2,5,VOLKSWAGEN PASSAT,4,E01023877,0,1
2024041520617,2024,041520617,1,9,0,-1,19,3,7,-1,0,0,0,0,7,4,3,1,-1,1,1,44,7,1968,2,7,VOLKSWAGEN PASSAT,1,E01025218,0,2
2024340WN4742,2024,340WN4742,2,9,0,-1,19,3,7,-1,0,8,0,0,0,0,1,1,-1,6,2,63,9,1968,2,13,VOLKSWAGEN PASSAT,9,E01027255,0,1
2024610019924,2024,610019924,1,9,0,18,19,6,2,6,6,0,5,0,0,0,1,1,6,6,2,66,10,1968,2,13,VOLKSWAGEN PASSAT,8,W01001549,0,1
2024131472142,2024,131472142,1,9,0,-1,19,8,3,-1,-1,8,0,0,0,0,3,1,-1,6,3,-1,-1,1968,2,7,VOLKSWAGEN PASSAT,-1,-1,0,-1
2024332400339,2024,332400339,4,9,0,-1,2,0,0,-1,0,1,0,0,0,0,1,1,-1,6,3,-1,-1,1968,2,11,VOLKSWAGEN PASSAT,-1,-1,0,-1
2024430041330,2024,430041330,1,9,0,18,19,5,1,0,0,3,0,0,0,0,1,1,6,6,1,27,6,1968,2,7,VOLKSWAGEN PASSAT,7,E01034465,0,1
2024052400470,2024,052400470,1,9,0,18,19,4,8,0,0,0,0,0,0,0,1,1,1,1,1,46,8,1968,2,5,VOLKSWAGEN PASSAT,1,E01006676,0,2
2024531469193,2024,531469193,1,9,0,-1,19,5,1,-1,0,0,0,0,0,0,3,1,-1,1,1,26,6,1598,2,12,VOLKSWAGEN PASSAT,2,E01022328,0,4
2024041525586,2024,041525586,2,9,0,-1,13,3,7,-1,0,0,0,0,0,0,3,1,-1,9,1,86,11,1968,2,18,VOLKSWAGEN PASSAT,8,E01025324,0,3
2024430017405,2024,430017405,1,9,0,18,19,1,5,0,0,8,0,0,0,0,1,1,6,6,1,-1,-1,1968,2,9,VOLKSWAGEN PASSAT,-1,-1,0,-1
2024141465075,2024,141465075,3,9,0,-1,2,0,0,-1,9,0,1,4,0,0,3,1,-1,6,1,34,6,1968,2,11,VOLKSWAGEN PASSAT,4,E01007637,0,1
2024440222015,2024,440222015,2,9,0,18,19,8,4,0,0,2,0,0,0,0,1,1,6,6,1,65,9,1968,2,9,VOLKSWAGEN PASSAT,9,E01023217,0,1
2024411490930,2024,411490930,1,9,0,-1,19,4,8,-1,0,0,0,0,0,0,3,1,-1,2,1,42,7,1968,2,17,VOLKSWAGEN PASSAT,4,E01015722,0,2
2024211489378,2024,211489378,1,9,0,-1,5,4,8,-1,0,4,0,0,0,0,2,1,-1,1,1,54,8,1598,2,7,VOLKSWAGEN PASSAT,10,E01028354,0,4
2024302401483,2024,302401483,1,8,0,18,19,6,2,0,0,0,0,0,0,0,1,1,1,1,1,65,9,1968,2,5,VOLKSWAGEN PASSAT,1,E01013878,0,3
2024122400437,2024,122400437,1,9,0,17,19,5,2,0,0,0,0,0,7,0,1,1,6,6,1,32,6,1968,2,13,VOLKSWAGEN PASSAT,5,E01027807,0,4
2024010504615,2024,010504615,1,8,0,18,19,3,7,0,0,1,0,0,0,0,1,1,1,1,1,52,8,1598,2,6,VOLKSWAGEN PASSAT,8,E01033728,0,2
2024531431253,2024,531431253,2,9,0,-1,9,5,1,-1,0,5,0,0,0,0,3,1,-1,2,2,65,9,1968,2,17,VOLKSWAGEN PASSAT,7,E01022391,0,2
2024131486271,2024,131486271,2,9,0,-1,3,5,1,-1,0,8,0,0,0,0,1,1,-1,9,1,47,8,1968,2,14,VOLKSWAGEN PASSAT,3,E01011085,0,1
2024552401493,2024,552401493,2,9,0,18,19,3,7,0,0,0,0,0,1,10,1,1,6,6,2,38,7,1598,2,10,VOLKSWAGEN PASSAT,8,E01020458,0,1
2024010497450,2024,010497450,1,9,0,99,99,9,9,99,99,0,9,99,9,99,9,9,2,2,2,38,7,1968,2,13,VOLKSWAGEN PASSAT,3,E01004718,0,1
2024520402186,2024,520402186,1,9,0,18,19,2,6,0,0,0,0,0,0,0,1,1,6,6,2,70,10,1896,2,16,VOLKSWAGEN PASSAT,7,E01029166,0,1
2024440124981,2024,440124981,2,9,0,18,19,2,6,0,0,8,0,0,0,0,1,1,6,6,1,39,7,1968,2,9,VOLKSWAGEN PASSAT,1,E01017077,0,1
2024221399385,2024,221399385,2,9,0,-1,19,5,1,-1,0,8,1,0,1,10,1,1,-1,6,1,36,7,1968,2,10,VOLKSWAGEN PASSAT,6,E01022264,0,4
2024070687280,2024,070687280,1,9,0,18,19,1,5,0,0,6,0,0,0,0,3,1,6,6,1,43,7,1598,2,9,VOLKSWAGEN PASSAT,5,E01029774,0,2
2024545811724,2024,545811724,2,9,0,4,4,7,3,0,0,1,0,0,0,0,2,1,2,2,1,48,8,1968,2,4,VOLKSWAGEN PASSAT,6,E01022716,0,4
2024061464394,2024,061464394,1,9,0,-1,19,5,1,-1,0,0,0,0,0,0,1,9,-1,6,3,-1,-1,1968,2,13,VOLKSWAGEN PASSAT,-1,-1,0,-1
2024010523125,2024,010523125,1,9,0,2,2,0,0,0,0,1,0,0,0,0,2,1,6,6,3,-1,-1,1968,2,8,VOLKSWAGEN PASSAT,-1,-1,0,-1
2024440290636,2024,440290636,2,9,0,18,19,1,5,0,0,1,0,0,0,0,1,1,6,6,2,39,7,1968,2,15,VOLKSWAGEN PASSAT,8,E01032843,0,1
2024161400849,2024,161400849,2,9,0,-1,19,4,8,-1,0,0,0,0,3,0,1,1,-1,6,2,43,7,1968,2,16,VOLKSWAGEN PASSAT,3,E01034355,0,5
2024501450028,2024,501450028,2,9,0,-1,19,7,3,-1,0,1,0,0,0,0,1,1,-1,9,1,68,10,1968,2,13,VOLKSWAGEN PASSAT,2,E01029131,0,5
2024061527729,2024,061527729,2,8,0,-1,19,4,8,-1,0,8,0,0,0,0,1,1,-1,1,1,31,6,1598,2,11,VOLKSWAGEN PASSAT,2,E01005163,0,1
2024131502892,2024,131502892,1,9,0,-1,-1,-1,-1,-1,-1,0,-1,-1,-1,-1,-1,1,-1,6,3,-1,-1,1968,2,13,VOLKSWAGEN PASSAT,-1,-1,0,-1
2024041472853,2024,041472853,2,9,0,-1,2,7,3,-1,0,2,0,0,0,0,4,1,-1,6,-1,-1,-1,1598,2,10,VOLKSWAGEN PASSAT,-1,-1,0,-1
2024041466603,2024,041466603,1,9,0,-1,19,3,7,-1,0,1,0,0,0,0,1,1,-1,6,2,62,9,1598,2,13,VOLKSWAGEN PASSAT,3,E01012699,0,1
2024421531382,2024,421531382,2,9,0,-1,2,7,6,-1,0,1,0,0,0,0,1,1,-1,2,2,53,8,1498,1,5,VOLKSWAGEN PASSAT,5,E01021360,0,1
2024440298102,2024,440298102,1,9,0,9,9,5,3,0,0,5,0,0,0,0,1,1,6,6,1,-1,-1,1968,2,15,VOLKSWAGEN PASSAT,-1,-1,0,-1
2024211493572,2024,211493572,2,9,0,-1,2,0,0,-1,0,0,0,0,0,0,2,1,-1,6,-1,-1,-1,1598,2,9,VOLKSWAGEN PASSAT,-1,-1,0,-1
2024430381341,2024,430381341,1,9,0,9,9,8,6,0,0,5,0,0,0,0,1,1,6,6,1,78,11,1968,2,10,VOLKSWAGEN PASSAT,10,E01016259,0,1
2024361432284,2024,361432284,1,9,0,-1,19,5,5,-1,0,0,0,4,0,0,1,1,-1,6,1,35,6,1968,2,13,VOLKSWAGEN PASSAT,2,E01026425,0,1
2024101418887,2024,101418887,1,9,0,-1,5,3,1,-1,0,2,0,0,0,0,3,1,-1,6,1,46,8,1968,2,11,VOLKSWAGEN PASSAT,-1,-1,0,-1
2024201462124,2024,201462124,2,9,0,-1,19,2,6,-1,0,0,0,0,0,0,2,1,-1,6,1,44,7,1968,2,11,VOLKSWAGEN PASSAT,5,E01010118,0,1
2024631451222,2024,631451222,1,9,0,-1,19,2,6,-1,0,0,0,0,1,10,1,1,-1,2,1,32,6,1896,2,20,VOLKSWAGEN PASSAT,1,W01001144,0,4