collision_index,collision_year,collision_ref_no,vehicle_reference,vehicle_type,towing_and_articulation,vehicle_manoeuvre_historic,vehicle_manoeuvre,vehicle_direction_from,vehicle_direction_to,vehicle_location_restricted_lane_historic,vehicle_location_restricted_lane,junction_location,skidding_and_overturning,hit_object_in_carriageway,vehicle_leaving_carriageway,hit_object_off_carriageway,first_point_of_impact,vehicle_left_hand_drive,journey_purpose_of_driver_historic,journey_purpose_of_driver,sex_of_driver,age_of_driver,age_band_of_driver,engine_capacity_cc,propulsion_code,age_of_vehicle,generic_make_model,driver_imd_decile,lsoa_of_driver,escooter_flag,driver_distance_banding
2024311421265,2024,311421265,1,9,0,-1,19,7,3,-1,9,0,0,0,7,10,1,1,-1,6,1,38,7,1968,2,17,VOLKSWAGEN PASSAT,5,E01028092,0,1
2024131440890,2024,131440890,1,9,0,-1,19,1,1,-1,0,8,0,0,0,0,4,1,-1,6,1,27,6,1968,2,12,VOLKSWAGEN PASSAT,1,E01010617,0,1
2024351445448,2024,351445448,1,8,-1,-1,-1,-1,-1,-1,-1,0,-1,-1,-1,0,-1,9,-1,1,1,30,6,1968,2,8,VOLKSWAGEN PASSAT,8,E01017983,0,1
2024471443185,2024,471443185,2,9,0,-1,5,1,5,-1,0,1,0,0,0,0,3,1,-1,6,1,56,9,1968,2,14,VOLKSWAGEN PASSAT,4,E01031599,0,1
2024371454704,2024,371454704,2,9,0,-1,19,8,4,-1,0,1,0,0,0,0,4,1,-1,9,1,81,11,1968,2,18,VOLKSWAGEN PASSAT,6,E01034561,0,1
2024161408673,2024,161408673,1,9,0,-1,9,7,3,-1,0,6,0,0,0,0,1,1,-1,2,1,59,9,1968,2,10,VOLKSWAGEN PASSAT,4,E01013158,0,1
2024991520241,2024,991520241,2,9,0,-1,19,7,3,-1,0,3,0,0,0,0,4,1,-1,6,1,47,8,1968,2,9,VOLKSWAGEN PASSAT,4,-1,0,1
2024552400814,2024,552400814,1,9,0,13,13,8,4,4,4,0,0,0,0,0,4,1,6,6,1,73,10,1986,2,16,VOLKSWAGEN PASSAT,1,E01015338,0,1
2024461444083,2024,461444083,2,9,0,-1,2,0,0,-1,0,8,0,0,0,0,1,9,-1,6,3,-1,-1,1598,2,11,VOLKSWAGEN PASSAT,-1,-1,0,-1
2024211424020,2024,211424020,1,8,0,-1,6,4,4,-1,0,0,0,0,1,4,3,1,-1,1,1,64,9,1598,2,9,VOLKSWAGEN PASSAT,2,E01029604,0,1
2024302401732,2024,302401732,1,9,0,-1,19,4,8,-1,0,2,0,0,0,0,4,1,-1,6,2,86,11,1798,1,25,VOLKSWAGEN PASSAT,2,E01019547,0,1
2024231456639,2024,231456639,1,9,0,-1,19,7,3,-1,0,0,0,0,0,0,1,1,-1,9,1,65,9,1598,2,4,VOLKSWAGEN PASSAT,8,E01031129,0,1
2024141535103,2024,141535103,2,9,0,-1,9,2,6,-1,0,1,0,0,0,0,1,1,-1,9,1,36,7,1968,2,12,VOLKSWAGEN PASSAT,1,E01007873,0,1
2024991470986,2024,991470986,1,9,0,-1,19,2,6,-1,5,0,0,0,0,0,1,1,-1,6,1,38,7,1968,2,6,VOLKSWAGEN PASSAT,3,-1,0,1
2024141400749,2024,141400749,1,9,0,-1,9,7,6,-1,0,6,0,0,0,0,1,1,-1,9,2,41,7,1968,2,7,VOLKSWAGEN PASSAT,4,E01007331,0,1
2024320207255,2024,320207255,2,9,0,10,10,6,4,0,0,2,0,0,0,0,2,1,6,6,2,70,10,1968,2,10,VOLKSWAGEN PASSAT,-1,-1,0,-1
2024131433710,2024,131433710,1,9,0,-1,5,2,2,-1,0,2,0,0,0,0,1,1,-1,9,1,26,6,1896,2,16,VOLKSWAGEN PASSAT,2,E01011313,0,1
2024340WN4282,2024,340WN4282,1,9,0,-1,19,1,5,-1,0,0,0,0,0,0,2,1,-1,2,2,30,6,1968,2,9,VOLKSWAGEN PASSAT,10,E01034655,0,4
2024421529668,2024,421529668,1,9,0,-1,19,7,4,-1,0,0,0,0,0,0,1,1,-1,9,2,57,9,1968,2,7,VOLKSWAGEN PASSAT,5,E01021874,0,1
2024221486322,2024,221486322,2,9,0,-1,19,5,1,-1,0,0,0,0,0,0,3,1,-1,6,1,22,5,1968,2,15,VOLKSWAGEN PASSAT,9,E01014094,0,1
2024201448738,2024,201448738,2,9,0,-1,19,4,8,-1,0,8,0,0,0,0,4,1,-1,6,1,28,6,1968,2,13,VOLKSWAGEN PASSAT,4,E01010427,0,1
2024061525763,2024,061525763,1,9,0,-1,9,-1,-1,-1,0,0,0,0,0,0,4,1,-1,6,2,33,6,1968,2,7,VOLKSWAGEN PASSAT,4,E01005994,0,2
2024101449709,2024,101449709,1,8,0,-1,1,5,4,-1,0,8,0,0,0,0,2,1,-1,1,1,29,6,1968,2,8,VOLKSWAGEN PASSAT,1,E01008437,0,1
2024141528051,2024,141528051,2,9,0,-1,2,0,0,-1,0,0,0,4,0,0,1,1,-1,6,-1,-1,-1,1968,2,15,VOLKSWAGEN PASSAT,-1,-1,0,-1
2024221492751,2024,221492751,1,9,0,-1,7,2,4,-1,0,4,0,0,0,0,1,9,-1,6,3,30,6,1968,2,19,VOLKSWAGEN PASSAT,-1,-1,0,-1
2024332401248,2024,332401248,2,9,0,-1,19,8,4,-1,0,1,0,0,0,0,1,1,-1,6,1,41,7,1968,2,15,VOLKSWAGEN PASSAT,3,E01013742,0,1
2024311533616,2024,311533616,1,9,0,-1,9,1,4,-1,0,0,0,0,0,0,4,1,-1,6,1,72,10,1968,2,8,VOLKSWAGEN PASSAT,-1,-1,0,-1
2024430068112,2024,430068112,1,9,0,1,1,7,3,0,0,8,0,0,0,0,2,1,6,6,2,60,9,1781,1,23,VOLKSWAGEN PASSAT,-1,-1,0,-1
2024461429286,2024,461429286,2,9,0,-1,19,7,3,-1,0,1,0,0,1,0,1,1,-1,9,1,35,6,1896,2,19,VOLKSWAGEN PASSAT,5,E01024345,0,1
2024041513270,2024,041513270,2,9,0,-1,9,3,1,-1,0,1,0,0,0,0,1,1,-1,9,1,44,7,1968,2,18,VOLKSWAGEN PASSAT,1,E01034335,0,1
2024461529309,2024,461529309,1,9,0,-1,19,3,7,-1,0,0,0,0,0,0,3,1,-1,9,1,56,9,1968,2,18,VOLKSWAGEN PASSAT,5,E01024788,0,2
2024501467623,2024,501467623,1,9,0,-1,9,3,7,-1,0,1,0,0,0,0,1,1,-1,9,1,64,9,1968,2,12,VOLKSWAGEN PASSAT,7,E01020205,0,3
2024471485691,2024,471485691,1,9,0,-1,19,8,4,-1,0,0,0,0,0,0,1,1,-1,1,1,49,8,1968,2,12,VOLKSWAGEN PASSAT,3,E01021060,0,3
2024440405269,2024,440405269,1,9,0,16,19,1,5,0,0,0,0,0,0,0,1,1,2,2,1,18,4,1598,2,13,VOLKSWAGEN PASSAT,10,E01032853,0,1
2024340WN1712,2024,340WN1712,2,9,0,-1,19,4,8,-1,0,1,0,0,0,0,1,1,-1,9,1,39,7,1968,2,8,VOLKSWAGEN PASSAT,7,E01033431,0,4
2024010551310,2024,010551310,1,9,0,18,19,5,1,0,0,5,0,0,0,0,1,1,6,6,1,45,7,1984,1,18,VOLKSWAGEN PASSAT,6,E01024070,0,4
2024991429773,2024,991429773,1,8,0,-1,19,2,6,-1,0,0,0,0,0,0,1,1,-1,1,1,60,9,1968,2,7,VOLKSWAGEN PASSAT,4,-1,0,1
2024010518813,2024,010518813,2,9,0,3,3,1,5,0,0,0,0,0,0,0,2,1,2,2,1,45,7,1798,1,13,VOLKSWAGEN PASSAT,5,E01001974,0,3
2024010556708,2024,010556708,2,9,0,6,6,9,9,99,99,0,9,99,9,99,9,9,6,6,3,-1,-1,1798,1,14,VOLKSWAGEN PASSAT,-1,-1,0,-1
2024430123025,2024,430123025,1,9,0,18,19,7,3,0,0,0,0,0,7,4,1,1,6,6,1,24,5,3168,1,18,VOLKSWAGEN PASSAT,-1,-1,0,-1
2024161419062,2024,161419062,2,9,0,-1,19,5,1,-1,0,8,0,0,0,0,3,1,-1,6,1,35,6,1968,2,14,VOLKSWAGEN PASSAT,7,E01011460,0,5
2024052402583,2024,052402583,2,9,0,18,19,3,7,0,0,0,0,0,0,0,4,1,6,6,1,47,8,1984,1,17,VOLKSWAGEN PASSAT,8,E01007151,0,1
2024471472114,2024,471472114,2,9,0,-1,2,0,0,-1,0,0,0,0,0,0,2,1,-1,6,-1,-1,-1,1498,1,5,VOLKSWAGEN PASSAT,-1,-1,0,-1
2024430211285,2024,430211285,1,9,0,15,15,7,3,2,2,8,0,0,0,0,1,1,6,6,1,26,6,1968,2,16,VOLKSWAGEN PASSAT,5,E01028554,0,1
2024440007326,2024,440007326,2,8,0,9,9,5,3,0,0,8,0,0,0,0,3,1,1,1,1,51,8,1968,2,9,VOLKSWAGEN PASSAT,10,E01023112,0,2
2024131491457,2024,131491457,2,9,0,-1,13,7,3,-1,0,1,1,10,3,10,1,1,-1,6,1,62,9,1968,2,15,VOLKSWAGEN PASSAT,9,E01010953,0,1
2024430475106,2024,430475106,1,9,0,7,7,1,2,0,0,6,0,0,0,0,4,1,6,6,1,64,9,1798,1,12,VOLKSWAGEN PASSAT,10,E01028572,0,1
2024201407550,2024,201407550,2,9,0,-1,19,1,5,-1,0,8,0,0,0,0,4,9,-1,6,1,46,8,1986,2,16,VOLKSWAGEN PASSAT,3,E01010533,0,1
2024111431818,2024,111431818,2,9,0,-1,19,1,5,-1,0,4,0,0,0,0,3,1,-1,2,1,45,7,1968,2,7,VOLKSWAGEN PASSAT,6,E01020822,0,2
2024320568673,2024,320568673,1,9,0,-1,-1,2,6,0,0,1,0,0,0,0,4,1,-1,-1,1,35,6,1968,2,14,VOLKSWAGEN PASSAT,-1,-1,0,-1
2024201453287,2024,201453287,2,9,0,-1,19,7,3,-1,0,8,0,0,0,0,1,1,-1,6,1,36,7,1968,2,9,VOLKSWAGEN PASSAT,3,E01031177,0,4
2024351529275,2024,351529275,1,9,0,-1,7,1,5,-1,0,0,0,0,0,0,0,1,-1,9,2,53,8,1968,2,9,VOLKSWAGEN PASSAT,7,E01017969,0,1
2024461422488,2024,461422488,2,9,0,-1,19,1,5,-1,0,0,0,0,0,0,1,1,-1,9,2,76,11,1968,2,13,VOLKSWAGEN PASSAT,9,E01001107,0,4
2024631435534,2024,631435534,1,9,0,-1,7,1,4,-1,0,5,0,7,0,0,1,1,-1,9,1,68,10,1598,2,12,VOLKSWAGEN PASSAT,8,W01001554,0,4
2024411527740,2024,411527740,2,9,0,-1,9,6,2,-1,0,6,0,0,0,0,1,1,-1,9,2,52,8,2000,2,17,VOLKSWAGEN PASSAT,5,E01017412,0,4
2024141503189,2024,141503189,2,9,0,-1,19,5,1,-1,0,2,0,0,0,0,1,1,-1,9,1,51,8,1968,2,15,VOLKSWAGEN PASSAT,1,E01007529,0,1
2024201433882,2024,201433882,1,9,0,-1,3,3,7,-1,0,0,0,0,0,0,2,1,-1,6,1,44,7,1968,2,12,VOLKSWAGEN PASSAT,1,E01010142,0,4
2024131516397,2024,131516397,2,9,0,-1,19,2,6,-1,0,8,0,0,0,0,3,1,-1,9,1,35,6,1968,2,11,VOLKSWAGEN PASSAT,3,E01011920,0,1
2024302401650,2024,302401650,1,9,0,10,10,1,6,0,0,8,0,0,0,0,1,1,6,6,1,52,8,1598,2,9,VOLKSWAGEN PASSAT,1,E01008117,0,3
2024031517731,2024,031517731,1,9,0,-1,8,1,3,-1,0,1,0,0,0,0,1,1,-1,6,2,28,6,1896,2,23,VOLKSWAGEN PASSAT,2,E01019269,0,2
2024401527547,2024,401527547,2,9,0,-1,3,3,7,-1,0,0,0,0,0,0,3,1,-1,1,1,63,9,1968,2,8,VOLKSWAGEN PASSAT,1,E01015736,0,1
2024440350567,2024,440350567,1,9,0,1,1,5,1,0,0,0,0,0,0,0,2,1,6,6,2,42,7,1781,1,21,VOLKSWAGEN PASSAT,1,E01017250,0,1
2024010539142,2024,010539142,2,9,0,99,99,9,9,99,99,9,9,99,9,99,1,9,6,6,3,-1,-1,1498,1,3,VOLKSWAGEN PASSAT,1,E01005613,0,5
2024221483920,2024,221483920,1,9,0,-1,9,2,8,-1,0,5,0,0,0,0,3,1,-1,1,2,57,9,1968,2,13,VOLKSWAGEN PASSAT,5,E01014008,0,1
2024041456405,2024,041456405,2,9,0,-1,19,3,7,-1,0,6,0,0,0,0,3,1,-1,2,1,38,7,1968,2,7,VOLKSWAGEN PASSAT,8,E01025241,0,1
2024231433027,2024,231433027,1,9,0,-1,13,1,4,-1,0,0,0,0,1,0,1,1,-1,6,1,21,5,3597,1,15,VOLKSWAGEN PASSAT,-1,-1,0,-1
2024201513730,2024,201513730,2,9,0,-1,3,4,8,-1,0,1,0,0,0,0,2,9,-1,9,1,39,7,1968,2,17,VOLKSWAGEN PASSAT,1,E01009400,0,1
2024991485210,2024,991485210,1,9,0,-1,19,3,7,-1,0,0,0,4,0,0,1,1,-1,2,1,36,7,1968,2,13,VOLKSWAGEN PASSAT,3,-1,0,4
2024201542381,2024,201542381,1,9,0,-1,5,7,5,-1,0,1,0,0,0,0,1,9,-1,6,1,33,6,1968,2,14,VOLKSWAGEN PASSAT,1,E01009344,0,2
2024010508033,2024,010508033,1,9,0,7,7,5,7,0,0,5,0,0,0,0,2,1,6,6,1,27,6,1968,2,8,VOLKSWAGEN PASSAT,3,E01002776,0,1
2024041485389,2024,041485389,2,9,0,-1,19,3,7,-1,0,0,0,0,0,0,2,1,-1,9,1,44,7,1968,2,10,VOLKSWAGEN PASSAT,4,E01012633,0,1
2024010511158,2024,010511158,1,9,0,18,19,5,1,0,0,8,0,0,0,0,2,1,6,6,2,45,7,1498,1,5,VOLKSWAGEN PASSAT,9,E01001281,0,1
2024501442912,2024,501442912,1,9,0,-1,19,5,1,-1,0,1,0,0,0,0,1,1,-1,9,2,34,6,1968,2,10,VOLKSWAGEN PASSAT,4,E01020126,0,1
2024991439800,2024,991439800,1,9,0,-1,19,7,3,-1,0,1,0,0,0,0,1,1,-1,6,1,30,6,1790,1,15,VOLKSWAGEN PASSAT,2,-1,0,1
2024211523608,2024,211523608,2,9,0,-1,1,-1,-1,-1,0,1,9,0,0,0,2,1,-1,6,1,32,6,1968,2,12,VOLKSWAGEN PASSAT,-1,-1,0,-1
2024061486137,2024,061486137,1,8,0,-1,19,7,4,-1,0,0,0,0,0,0,1,1,-1,1,1,34,6,1598,2,8,VOLKSWAGEN PASSAT,1,E01005953,0,1
2024302401166,2024,302401166,1,9,0,2,2,1,5,0,0,8,0,0,0,0,1,1,6,6,1,72,10,1968,2,13,VOLKSWAGEN PASSAT,9,E01013596,0,1
2024141401644,2024,141401644,1,8,0,-1,19,3,8,-1,0,0,0,0,1,0,4,9,-1,6,1,65,9,1968,2,14,VOLKSWAGEN PASSAT,7,E01007604,0,1
2024440141494,2024,440141494,3,9,0,3,3,2,6,0,0,1,0,0,0,0,2,1,6,6,2,26,6,1968,2,14,VOLKSWAGEN PASSAT,8,E01023182,0,4
2024041484314,2024,041484314,5,9,0,-1,2,0,0,-1,0,0,0,0,0,0,4,1,-1,6,-1,-1,-1,1968,2,4,VOLKSWAGEN PASSAT,-1,-1,0,-1
2024340WN3822,2024,340WN3822,3,9,0,-1,19,5,1,-1,0,0,0,0,0,0,3,1,-1,6,1,29,6,1968,2,15,VOLKSWAGEN PASSAT,3,E01026969,0,4
2024501450028,2024,501450028,1,9,0,-1,9,1,7,-1,0,8,0,0,1,0,3,1,-1,9,1,78,11,1968,2,11,VOLKSWAGEN PASSAT,6,E01022584,0,5
2024131505664,2024,131505664,2,9,0,-1,19,6,2,-1,0,8,0,0,0,0,3,1,-1,6,1,30,6,1968,2,14,VOLKSWAGEN PASSAT,2,E01011259,0,2
2024991439108,2024,991439108,1,9,0,-1,19,6,1,-1,0,1,5,0,0,0,1,1,-1,9,1,31,6,1968,2,16,VOLKSWAGEN PASSAT,7,-1,0,4
2024061415671,2024,061415671,1,9,-1,-1,-1,-1,-1,-1,-1,0,-1,-1,-1,0,-1,9,-1,6,3,-1,-1,1968,2,19,VOLKSWAGEN PASSAT,-1,-1,0,-1
2024061461780,2024,061461780,1,9,0,-1,19,1,5,-1,0,1,0,0,3,10,1,1,-1,9,1,36,7,1896,2,16,VOLKSWAGEN PASSAT,2,E01034128,0,1
2024161529339,2024,161529339,2,9,0,-1,2,0,0,-1,0,1,0,0,0,0,4,1,-1,6,1,44,7,1968,2,16,VOLKSWAGEN PASSAT,1,E01012834,0,2
2024320108773,2024,320108773,2,9,0,-1,-1,2,6,0,0,4,0,0,0,0,3,1,-1,-1,1,74,10,1968,2,17,VOLKSWAGEN PASSAT,8,E01026138,0,2
2024522403030,2024,522403030,2,9,0,9,9,8,7,0,0,6,0,0,0,0,1,1,6,6,3,-1,-1,1968,2,16,VOLKSWAGEN PASSAT,-1,-1,0,-1
2024131473984,2024,131473984,1,9,0,-1,3,1,5,-1,0,8,0,0,0,0,2,1,-1,9,1,61,9,1968,2,11,VOLKSWAGEN PASSAT,4,E01010603,0,1
2024340WN6182,2024,340WN6182,1,9,0,-1,9,8,6,-1,0,2,0,0,0,0,4,1,-1,9,1,33,6,1968,2,18,VOLKSWAGEN PASSAT,3,E01027184,0,1
2024061530968,2024,061530968,2,9,0,-1,19,7,3,-1,0,1,0,0,0,0,1,1,-1,9,1,27,6,1968,2,7,VOLKSWAGEN PASSAT,1,E01005569,0,2
2024221447119,2024,221447119,1,9,0,-1,19,4,8,-1,0,0,5,0,8,10,1,9,-1,2,1,42,7,1968,2,8,VOLKSWAGEN PASSAT,5,E01032475,0,4
2024311509269,2024,311509269,1,9,0,-1,9,5,2,-1,0,4,1,7,7,1,4,1,-1,1,1,50,8,1968,2,5,VOLKSWAGEN PASSAT,-1,-1,0,-1
2024131432380,2024,131432380,1,9,0,-1,19,5,1,-1,0,0,0,0,0,0,1,1,-1,1,1,39,7,1395,8,7,VOLKSWAGEN PASSAT,2,E01010806,0,1
2024061506793,2024,061506793,3,9,0,-1,19,6,1,-1,0,0,0,0,0,0,3,1,-1,6,1,57,9,1968,2,9,VOLKSWAGEN PASSAT,5,E01005296,0,1
2024141500341,2024,141500341,3,9,0,-1,19,5,1,-1,0,1,0,0,0,0,1,9,-1,6,1,32,6,1896,2,18,VOLKSWAGEN PASSAT,2,E01007517,0,1
2024201448086,2024,201448086,1,9,0,-1,9,8,6,-1,0,5,0,0,0,0,1,9,-1,6,2,45,7,1598,2,10,VOLKSWAGEN PASSAT,-1,-1,0,-1
2024440204220,2024,440204220,2,9,0,7,7,5,7,0,0,6,0,0,0,0,3,1,6,6,1,72,10,1968,2,6,VOLKSWAGEN PASSAT,7,E01028521,0,5
2024041446809,2024,041446809,2,9,0,-1,19,5,1,-1,0,1,0,0,0,0,1,1,-1,2,1,43,7,1968,2,13,VOLKSWAGEN PASSAT,7,E01012614,0,1
2024430236586,2024,430236586,1,9,0,18,19,2,4,0,0,8,0,0,0,0,1,1,6,6,1,-1,-1,1968,2,1,VOLKSWAGEN PASSAT,-1,-1,0,-1
2024440546851,2024,440546851,3,9,0,18,19,3,7,0,0,1,0,0,0,0,2,1,6,6,1,62,9,1968,2,12,VOLKSWAGEN PASSAT,4,E01032745,0,1
2024041427735,2024,041427735,2,9,0,-1,3,6,2,-1,0,0,0,0,0,0,2,1,-1,9,1,41,7,1968,2,12,VOLKSWAGEN PASSAT,1,E01025182,0,1
2024052400773,2024,052400773,2,8,0,18,19,5,1,0,0,1,0,0,0,0,2,2,6,6,1,38,7,1968,2,7,VOLKSWAGEN PASSAT,2,E01006788,0,1
2024201444690,2024,201444690,3,9,0,-1,2,0,0,-1,0,0,0,0,0,0,1,1,-1,6,1,30,6,1968,2,12,VOLKSWAGEN PASSAT,10,E01010388,0,4
2024010532540,2024,010532540,1,8,0,99,99,9,9,99,99,0,9,99,9,99,2,9,6,6,1,32,6,1598,2,7,VOLKSWAGEN PASSAT,10,E01032298,0,5
2024622400645,2024,622400645,2,9,0,9,9,2,8,0,0,1,0,0,0,0,1,1,6,6,1,51,8,1896,2,19,VOLKSWAGEN PASSAT,3,W01001206,0,4
2024111462535,2024,111462535,1,9,0,-1,9,5,3,-1,0,6,0,0,0,0,3,1,-1,6,1,77,11,1968,2,12,VOLKSWAGEN PASSAT,7,E01020690,0,3
2024451517764,2024,451517764,1,9,0,-1,19,5,7,-1,0,4,0,0,0,0,1,1,-1,6,2,54,8,1896,2,20,VOLKSWAGEN PASSAT,10,E01030897,0,1
2024010510973,2024,010510973,2,9,0,99,99,9,9,99,99,9,9,99,9,99,1,9,6,6,3,-1,-1,1968,2,17,VOLKSWAGEN PASSAT,-1,-1,0,-1
2024131485170,2024,131485170,2,9,0,-1,19,6,4,-1,0,0,0,0,0,0,1,1,-1,9,1,46,8,1986,2,15,VOLKSWAGEN PASSAT,-1,-1,0,-1
2024471496443,2024,471496443,2,9,0,-1,2,0,0,-1,0,0,0,0,0,0,4,1,-1,6,-1,-1,-1,1968,2,4,VOLKSWAGEN PASSAT,-1,-1,0,-1
2024201498092,2024,201498092,1,9,0,-1,19,8,4,-1,0,6,0,10,1,10,3,9,-1,6,1,71,10,1968,2,7,VOLKSWAGEN PASSAT,3,E01029359,0,2
2024371538213,2024,371538213,1,9,0,-1,7,5,8,-1,0,1,0,0,0,0,1,1,-1,6,1,34,6,1968,2,15,VOLKSWAGEN PASSAT,4,E01029927,0,4
2024461456581,2024,461456581,2,9,0,-1,19,5,1,-1,0,0,0,0,0,0,3,1,-1,9,2,53,8,1896,2,21,VOLKSWAGEN PASSAT,5,E01024690,0,4
2024461449192,2024,461449192,1,9,0,-1,19,6,2,-1,0,0,0,0,0,0,4,1,-1,9,1,30,6,1896,2,17,VOLKSWAGEN PASSAT,3,E01016014,0,4
2024231496126,2024,231496126,1,9,0,-1,9,2,8,-1,0,6,0,0,0,0,1,1,-1,9,1,24,5,1968,2,14,VOLKSWAGEN PASSAT,10,E01031157,0,2
2024351528651,2024,351528651,1,9,-1,-1,-1,-1,-1,-1,-1,0,-1,-1,-1,0,-1,9,-1,6,1,-1,-1,1896,2,21,VOLKSWAGEN PASSAT,-1,-1,0,-1
2024440373844,2024,440373844,2,9,0,1,1,0,6,0,0,1,0,0,0,0,2,1,6,6,1,-1,-1,1968,2,7,VOLKSWAGEN PASSAT,-1,-1,0,-1
2024543682624,2024,543682624,1,9,0,16,19,4,8,0,0,1,0,0,7,4,1,1,6,6,1,19,4,1968,2,10,VOLKSWAGEN PASSAT,9,E01032702,0,2
2024231506337,2024,231506337,1,9,0,-1,13,6,2,-1,0,0,0,0,0,0,1,1,-1,6,1,33,6,1968,2,14,VOLKSWAGEN PASSAT,8,E01035014,0,1
2024201442006,2024,201442006,1,9,0,-1,14,2,4,-1,0,2,0,4,0,0,1,9,-1,2,1,53,8,1968,2,6,VOLKSWAGEN PASSAT,5,E01009206,0,1
2024302400778,2024,302400778,1,9,0,9,9,7,5,0,0,8,0,0,0,0,1,1,6,6,1,22,5,1896,2,22,VOLKSWAGEN PASSAT,7,E01028107,0,3
2024552400753,2024,552400753,2,9,0,18,19,4,8,0,0,0,0,0,0,0,4,1,6,6,1,39,7,1968,2,7,VOLKSWAGEN PASSAT,2,E01015293,0,2
2024201404464,2024,201404464,2,9,0,-1,19,4,8,-1,0,2,0,0,0,0,1,9,-1,9,2,50,8,1968,2,8,VOLKSWAGEN PASSAT,10,E01010386,0,1
2024302400940,2024,302400940,1,9,0,5,5,1,5,0,0,0,0,0,0,0,3,2,6,6,1,36,7,1968,2,14,VOLKSWAGEN PASSAT,8,E01019609,0,2
2024131443310,2024,131443310,2,9,0,-1,19,1,5,-1,0,8,0,0,0,0,1,1,-1,1,1,51,8,1968,2,6,VOLKSWAGEN PASSAT,7,E01011645,0,3
2024471526421,2024,471526421,1,9,0,-1,15,4,2,-1,0,0,0,0,0,0,3,1,-1,2,1,27,6,1968,2,9,VOLKSWAGEN PASSAT,8,E01017838,0,4
2024010524832,2024,010524832,2,9,0,9,9,3,2,0,0,8,0,0,0,0,2,1,1,1,1,28,6,1498,1,1,VOLKSWAGEN PASSAT,2,E01028238,0,5
2024201448680,2024,201448680,2,9,0,-1,9,2,7,-1,0,1,0,0,0,0,3,9,-1,6,1,36,7,1598,2,8,VOLKSWAGEN PASSAT,10,E01010199,0,2
2024451456933,2024,451456933,1,9,0,-1,7,3,5,-1,0,0,0,10,0,0,3,1,-1,9,1,59,9,1999,2,17,VOLKSWAGEN PASSAT,-1,-1,0,-1
2024461489274,2024,461489274,3,9,0,-1,4,5,1,-1,0,0,0,0,0,0,2,1,-1,2,1,52,8,1395,8,2,VOLKSWAGEN PASSAT,7,E01023963,0,4
2024131458249,2024,131458249,2,9,0,-1,8,5,7,-1,9,0,0,0,0,0,4,1,-1,9,1,57,9,1968,2,10,VOLKSWAGEN PASSAT,2,E01011681,0,1
2024471415565,2024,471415565,1,9,0,-1,19,5,1,-1,0,0,0,0,0,0,3,1,-1,9,1,68,10,1598,2,14,VOLKSWAGEN PASSAT,6,E01021022,0,3
2024201433356,2024,201433356,1,9,0,-1,19,8,4,-1,0,0,0,0,0,0,1,9,-1,6,3,38,7,1968,2,15,VOLKSWAGEN PASSAT,-1,-1,0,-1
2024451518737,2024,451518737,1,9,0,-1,4,5,1,-1,0,0,0,0,0,0,2,1,-1,9,1,57,9,1395,8,7,VOLKSWAGEN PASSAT,6,E01030594,0,4
2024520402277,2024,520402277,1,9,0,9,9,7,5,0,0,8,0,0,0,0,3,1,6,6,1,79,11,1498,1,4,VOLKSWAGEN PASSAT,10,E01029128,0,1
2024010507056,2024,010507056,2,9,0,18,19,5,1,0,0,8,0,0,0,0,1,1,6,6,1,49,8,1968,2,8,VOLKSWAGEN PASSAT,1,E01007529,0,5
2024430002170,2024,430002170,1,9,0,9,9,2,8,0,0,8,0,0,0,0,3,1,6,6,1,56,9,1395,8,3,VOLKSWAGEN PASSAT,10,E01016767,0,1
2024320259669,2024,320259669,1,9,0,-1,-1,2,5,0,0,0,0,0,7,9,1,1,6,6,1,43,7,1598,2,8,VOLKSWAGEN PASSAT,8,E01035236,0,5
2024440418753,2024,440418753,1,9,0,14,14,6,2,0,0,0,0,0,0,0,4,1,3,7,1,54,8,1968,2,17,VOLKSWAGEN PASSAT,8,E01023170,0,1
2024302400311,2024,302400311,1,9,0,18,19,4,8,0,0,8,0,0,0,0,1,1,6,6,3,-1,-1,1968,2,16,VOLKSWAGEN PASSAT,5,E01019456,0,3
2024061470859,2024,061470859,1,9,0,-1,4,-1,-1,-1,0,0,0,0,0,0,1,1,-1,9,1,48,8,1598,2,12,VOLKSWAGEN PASSAT,4,E01005444,0,2
2024440047311,2024,440047311,2,9,0,18,19,1,5,0,0,1,0,0,0,0,1,1,6,6,1,54,8,1598,2,8,VOLKSWAGEN PASSAT,9,E01023147,0,1
2024061424059,2024,061424059,1,9,0,-1,2,-1,-1,-1,99,6,0,0,0,0,2,1,-1,1,1,40,7,1968,2,5,VOLKSWAGEN PASSAT,1,E01005472,0,3
2024421489570,2024,421489570,2,9,0,-1,-1,-1,-1,-1,-1,0,-1,-1,-1,0,-1,9,-1,6,1,42,7,1984,1,17,VOLKSWAGEN PASSAT,9,E01034697,0,5
2024141430977,2024,141430977,2,9,0,-1,9,7,5,-1,0,1,0,0,0,0,1,1,-1,6,2,43,7,1598,2,6,VOLKSWAGEN PASSAT,2,E01011538,0,4
2024061397411,2024,061397411,2,9,0,-1,9,7,5,-1,0,1,0,0,0,0,1,1,-1,1,1,37,7,1598,2,12,VOLKSWAGEN PASSAT,1,E01004818,0,1
2024411451589,2024,411451589,1,9,0,-1,5,5,1,-1,0,0,0,0,0,0,1,1,-1,6,1,26,6,1968,2,15,VOLKSWAGEN PASSAT,5,E01034420,0,4
2024201467333,2024,201467333,2,9,0,-1,2,0,0,-1,0,2,0,0,0,0,2,9,-1,6,-1,-1,-1,1598,2,9,VOLKSWAGEN PASSAT,-1,-1,0,-1
2024010507710,2024,010507710,2,9,0,2,2,0,0,0,0,1,0,4,0,0,1,1,6,6,3,-1,-1,1598,2,6,VOLKSWAGEN PASSAT,-1,-1,0,-1