collision_index,collision_year,collision_ref_no,vehicle_reference,vehicle_type,towing_and_articulation,vehicle_manoeuvre_historic,vehicle_manoeuvre,vehicle_direction_from,vehicle_direction_to,vehicle_location_restricted_lane_historic,vehicle_location_restricted_lane,junction_location,skidding_and_overturning,hit_object_in_carriageway,vehicle_leaving_carriageway,hit_object_off_carriageway,first_point_of_impact,vehicle_left_hand_drive,journey_purpose_of_driver_historic,journey_purpose_of_driver,sex_of_driver,age_of_driver,age_band_of_driver,engine_capacity_cc,propulsion_code,age_of_vehicle,generic_make_model,driver_imd_decile,lsoa_of_driver,escooter_flag,driver_distance_banding
2024010534428,2024,010534428,2,9,9,12,12,9,9,99,99,9,9,99,9,99,9,9,6,6,3,-1,-1,1968,2,11,VOLKSWAGEN PASSAT,-1,-1,0,-1
2024991536554,2024,991536554,2,8,0,-1,9,3,1,-1,0,1,0,0,0,0,3,1,-1,6,1,44,7,1968,2,4,VOLKSWAGEN PASSAT,7,-1,0,1
2024302401432,2024,302401432,3,9,0,18,19,8,4,0,0,0,0,0,0,0,1,1,6,6,3,-1,-1,1968,2,13,VOLKSWAGEN PASSAT,5,E01019456,0,3
2024231420592,2024,231420592,1,9,0,-1,19,8,4,-1,0,0,1,0,1,6,1,1,-1,9,1,32,6,1968,2,15,VOLKSWAGEN PASSAT,1,E01025493,0,5
2024061423015,2024,061423015,2,8,0,-1,9,-1,-1,-1,0,8,0,0,0,0,1,1,-1,6,3,-1,-1,1598,2,9,VOLKSWAGEN PASSAT,-1,-1,0,-1
2024221460499,2024,221460499,4,9,0,-1,3,4,6,-1,0,0,0,0,0,0,2,1,-1,6,2,33,6,1968,2,11,VOLKSWAGEN PASSAT,4,E01014027,0,2
2024010519945,2024,010519945,6,9,0,4,4,7,3,0,0,0,0,0,0,0,0,1,6,6,1,57,9,1984,1,18,VOLKSWAGEN PASSAT,5,E01003743,0,4
2024201502688,2024,201502688,3,9,0,-1,19,3,7,-1,0,0,0,0,0,0,2,1,-1,6,1,32,6,1968,2,5,VOLKSWAGEN PASSAT,6,E01031017,0,3
2024451414038,2024,451414038,2,9,0,-1,4,1,5,-1,0,0,0,0,0,0,1,1,-1,9,1,66,10,1790,1,15,VOLKSWAGEN PASSAT,6,E01002636,0,3
2024520500051,2024,520500051,3,9,0,3,3,1,5,0,0,1,0,4,0,0,2,1,6,6,1,76,11,1896,2,21,VOLKSWAGEN PASSAT,10,E01029104,0,1
2024501435603,2024,501435603,1,9,0,-1,19,7,3,-1,0,1,0,0,0,0,1,9,-1,6,1,56,9,1968,2,13,VOLKSWAGEN PASSAT,7,E01029245,0,4
2024610028224,2024,610028224,1,9,0,11,11,3,7,0,0,0,0,0,1,7,1,1,2,2,1,59,9,1968,2,11,VOLKSWAGEN PASSAT,1,W01001662,0,2
2024548452124,2024,548452124,1,9,0,18,19,6,2,0,0,0,0,0,0,0,1,1,6,6,2,80,11,1968,2,10,VOLKSWAGEN PASSAT,-1,-1,0,-1
2024430562880,2024,430562880,1,9,0,18,19,3,7,0,0,0,0,0,0,0,1,1,6,6,1,-1,-1,1968,2,15,VOLKSWAGEN PASSAT,9,E01016272,0,2
2024131441719,2024,131441719,3,9,0,-1,19,5,1,-1,0,8,0,0,0,0,3,1,-1,1,1,70,10,1968,2,7,VOLKSWAGEN PASSAT,1,E01011080,0,2
2024010538451,2024,010538451,1,9,0,2,2,0,0,0,0,1,0,0,0,0,3,1,6,6,3,-1,-1,1968,2,7,VOLKSWAGEN PASSAT,-1,-1,0,-1
2024052400701,2024,052400701,2,9,0,5,5,6,8,0,0,0,0,0,0,0,3,1,1,1,1,26,6,1968,2,7,VOLKSWAGEN PASSAT,2,E01006520,0,1
2024430247156,2024,430247156,1,9,0,9,9,5,3,0,0,8,0,0,0,0,1,1,6,6,1,32,6,1968,2,17,VOLKSWAGEN PASSAT,6,E01016827,0,1
2024440354044,2024,440354044,1,8,0,18,19,7,3,0,0,0,0,0,0,0,3,1,1,1,1,44,7,1395,8,6,VOLKSWAGEN PASSAT,8,E01017196,0,1
2024401422824,2024,401422824,1,9,0,-1,6,7,3,-1,0,0,0,0,0,0,3,1,-1,1,1,39,7,1598,2,9,VOLKSWAGEN PASSAT,3,E01015761,0,1
2024231453832,2024,231453832,3,9,0,-1,4,1,5,-1,0,1,0,0,0,0,2,9,-1,9,1,25,5,1968,2,16,VOLKSWAGEN PASSAT,3,E01032267,0,3
2024421400487,2024,421400487,3,9,0,-1,19,6,2,-1,0,0,0,0,0,0,2,1,-1,2,1,49,8,1968,2,8,VOLKSWAGEN PASSAT,6,E01021646,0,3
2024302500224,2024,302500224,1,9,0,-1,9,1,7,-1,0,8,0,0,0,0,3,1,-1,9,1,24,5,1968,2,11,VOLKSWAGEN PASSAT,2,E01013570,0,1
2024010519844,2024,010519844,2,9,0,18,19,3,7,0,0,0,0,0,0,0,1,1,6,6,1,26,6,1598,2,13,VOLKSWAGEN PASSAT,1,E01013281,0,5
2024101433548,2024,101433548,1,9,0,-1,19,1,5,-1,0,8,5,0,3,0,1,1,-1,6,1,33,6,1968,2,4,VOLKSWAGEN PASSAT,10,E01008550,0,1
2024351432500,2024,351432500,1,9,-1,-1,-1,-1,-1,-1,-1,-1,-1,-1,-1,0,-1,9,-1,6,1,37,7,1896,2,19,VOLKSWAGEN PASSAT,3,E01015652,0,1
2024421447131,2024,421447131,2,9,0,-1,4,6,2,-1,0,0,0,0,0,0,2,1,-1,2,1,37,7,1498,1,5,VOLKSWAGEN PASSAT,5,E01021841,0,3
2024201444397,2024,201444397,1,9,0,-1,19,5,1,-1,0,0,0,0,0,0,4,1,-1,6,3,-1,-1,1395,8,2,VOLKSWAGEN PASSAT,-1,-1,0,-1
2024371414695,2024,371414695,2,9,0,-1,19,4,8,-1,0,0,0,0,0,0,3,1,-1,2,2,59,9,1896,2,21,VOLKSWAGEN PASSAT,8,E01030046,0,1
2024471434933,2024,471434933,2,9,0,-1,4,7,3,-1,0,0,0,0,0,0,2,1,-1,6,1,36,7,1968,2,9,VOLKSWAGEN PASSAT,8,E01031416,0,2
2024520401551,2024,520401551,1,9,9,18,19,3,7,0,0,1,0,0,0,0,1,9,6,6,3,-1,-1,1896,2,19,VOLKSWAGEN PASSAT,-1,-1,0,-1
2024552401300,2024,552401300,1,9,0,18,19,2,6,0,0,0,0,0,0,0,1,1,6,6,1,36,7,1968,2,16,VOLKSWAGEN PASSAT,8,E01015272,0,1
2024031458136,2024,031458136,1,9,0,-1,13,1,5,-1,0,1,1,0,0,0,1,1,-1,9,1,28,6,1968,2,17,VOLKSWAGEN PASSAT,-1,-1,0,-1
2024332400876,2024,332400876,2,9,0,-1,14,4,8,-1,0,0,0,0,0,0,1,1,-1,6,1,23,5,1896,2,17,VOLKSWAGEN PASSAT,9,E01025778,0,4
2024221488315,2024,221488315,1,9,0,-1,19,6,2,-1,0,0,1,0,1,0,1,1,-1,9,1,27,6,1968,2,16,VOLKSWAGEN PASSAT,4,E01032104,0,5
2024061530752,2024,061530752,2,9,0,-1,6,-1,-1,-1,0,0,0,0,0,0,2,1,-1,6,3,-1,-1,1968,2,13,VOLKSWAGEN PASSAT,-1,-1,0,-1
2024351440604,2024,351440604,2,9,0,-1,9,1,5,-1,0,0,0,0,0,0,1,1,-1,6,2,33,6,1598,2,12,VOLKSWAGEN PASSAT,5,E01018157,0,1
2024010502112,2024,010502112,2,8,0,9,9,5,2,0,0,1,0,0,0,0,1,1,1,1,1,45,7,1968,2,9,VOLKSWAGEN PASSAT,2,E01009058,0,5
2024201427783,2024,201427783,1,9,0,-1,4,6,2,-1,0,0,0,0,0,0,1,9,-1,2,1,42,7,1968,2,11,VOLKSWAGEN PASSAT,1,E01010532,0,1
2024302400251,2024,302400251,1,9,0,5,5,5,1,0,0,8,0,0,0,0,3,1,6,6,3,-1,-1,1999,2,17,VOLKSWAGEN PASSAT,5,E01019456,0,4
2024201515847,2024,201515847,2,9,0,-1,7,3,1,-1,0,5,0,0,0,0,3,1,-1,9,1,41,7,1968,2,11,VOLKSWAGEN PASSAT,1,E01010017,0,1
2024451408458,2024,451408458,1,9,0,-1,19,3,7,-1,0,0,0,0,0,0,4,1,-1,6,2,48,8,1968,2,9,VOLKSWAGEN PASSAT,8,E01030688,0,1
2024361489281,2024,361489281,2,9,0,-1,19,7,3,-1,0,0,0,0,0,0,1,1,-1,9,2,40,7,1896,2,19,VOLKSWAGEN PASSAT,-1,-1,0,-1
2024101430300,2024,101430300,2,9,0,-1,19,7,3,-1,0,8,1,0,0,0,3,1,-1,6,1,28,6,1968,2,4,VOLKSWAGEN PASSAT,9,E01008472,0,2
2024070815008,2024,070815008,2,9,0,-1,19,7,3,-1,0,1,0,0,0,0,1,1,-1,6,1,27,6,1395,8,1,VOLKSWAGEN PASSAT,9,E01018684,0,1
2024122500541,2024,122500541,2,9,0,18,19,4,8,0,0,0,0,0,0,0,1,1,6,6,1,62,9,1968,2,3,VOLKSWAGEN PASSAT,8,E01027568,0,4
2024411457136,2024,411457136,2,9,0,-1,7,4,6,-1,0,5,0,0,1,0,2,1,-1,6,2,69,10,1968,2,15,VOLKSWAGEN PASSAT,4,E01023346,0,2
2024302401465,2024,302401465,2,9,0,18,19,3,7,0,0,0,0,0,0,0,1,1,6,6,1,65,9,1598,2,12,VOLKSWAGEN PASSAT,6,E01028046,0,3
2024052402668,2024,052402668,1,9,0,17,19,8,4,0,0,0,1,0,0,0,1,1,6,6,1,33,6,1968,2,14,VOLKSWAGEN PASSAT,1,E01007791,0,5
2024371447570,2024,371447570,2,9,0,-1,19,4,8,-1,0,1,0,0,0,0,1,1,-1,6,1,60,9,1968,2,12,VOLKSWAGEN PASSAT,5,E01030094,0,1
2024131430573,2024,131430573,2,9,0,-1,19,1,8,-1,0,1,0,0,0,0,1,1,-1,6,1,38,7,1598,2,6,VOLKSWAGEN PASSAT,9,E01011168,0,1
2024131396129,2024,131396129,4,9,0,-1,19,7,3,-1,0,0,0,0,0,0,1,1,-1,9,2,68,10,1968,2,6,VOLKSWAGEN PASSAT,8,E01013242,0,4
2024430052363,2024,430052363,1,9,0,18,19,1,5,0,0,8,0,0,0,0,1,1,2,2,2,45,7,1968,2,16,VOLKSWAGEN PASSAT,3,E01027111,0,4
2024052400669,2024,052400669,1,9,0,18,19,3,7,0,0,1,0,0,0,0,1,1,6,6,2,43,7,1968,2,11,VOLKSWAGEN PASSAT,2,E01006451,0,1
2024430615684,2024,430615684,3,9,0,18,19,1,5,0,0,0,0,0,0,0,1,1,6,6,1,32,6,1999,2,16,VOLKSWAGEN PASSAT,-1,-1,0,-1
2024421409250,2024,421409250,1,9,0,-1,9,1,5,-1,0,6,0,0,0,0,3,1,-1,6,1,43,7,1968,2,7,VOLKSWAGEN PASSAT,3,E01015935,0,1
2024520001991,2024,520001991,2,9,0,4,4,4,8,0,0,0,0,0,0,0,2,1,6,6,1,64,9,1968,2,15,VOLKSWAGEN PASSAT,4,E01014448,0,2
2024131485264,2024,131485264,1,9,0,-1,4,2,6,-1,0,1,0,0,0,0,1,1,-1,2,1,44,7,1968,2,16,VOLKSWAGEN PASSAT,2,E01007414,0,4
2024070320175,2024,070320175,2,9,0,18,19,7,3,0,0,1,1,7,0,0,1,1,6,6,1,34,6,1968,2,14,VOLKSWAGEN PASSAT,2,E01018498,0,1
2024451502610,2024,451502610,1,9,0,-1,7,1,5,-1,0,1,0,0,0,0,1,1,-1,9,1,19,4,1395,8,3,VOLKSWAGEN PASSAT,9,E01030970,0,1
2024461400473,2024,461400473,2,9,0,-1,19,1,5,-1,0,0,0,0,0,0,4,1,-1,2,1,37,7,1395,8,4,VOLKSWAGEN PASSAT,6,E01021198,0,4
2024131497226,2024,131497226,2,9,0,-1,19,1,5,-1,0,0,0,0,0,0,4,1,-1,2,1,32,6,1395,8,7,VOLKSWAGEN PASSAT,2,E01033689,0,3
2024161418211,2024,161418211,1,9,0,-1,19,1,5,-1,0,0,0,0,0,0,1,1,-1,9,1,40,7,1598,2,13,VOLKSWAGEN PASSAT,4,E01026190,0,4
2024201416422,2024,201416422,3,9,0,-1,-1,4,8,-1,-1,0,0,0,0,0,1,9,-1,-1,1,33,6,1598,2,10,VOLKSWAGEN PASSAT,6,E01009318,0,2
2024471439932,2024,471439932,2,9,0,-1,2,0,0,-1,-1,0,0,0,0,0,2,1,-1,2,1,28,6,1968,2,3,VOLKSWAGEN PASSAT,9,E01035352,0,1
2024421458900,2024,421458900,1,8,0,-1,19,7,3,-1,0,0,0,0,0,0,1,1,-1,1,1,48,8,1968,2,9,VOLKSWAGEN PASSAT,4,E01015862,0,1
2024991422984,2024,991422984,2,9,0,-1,19,1,5,-1,0,0,0,0,0,0,1,1,-1,6,1,34,6,1968,2,18,VOLKSWAGEN PASSAT,5,-1,0,1
202454F376924,2024,54F376924,1,8,0,9,9,8,6,0,0,1,0,0,0,0,1,1,1,1,1,23,5,1598,2,10,VOLKSWAGEN PASSAT,5,E01015509,0,1
2024351468257,2024,351468257,2,9,0,-1,3,2,6,-1,0,1,0,0,0,0,2,1,-1,2,1,41,7,1968,2,12,VOLKSWAGEN PASSAT,2,E01035542,0,1
2024461523891,2024,461523891,1,9,0,-1,19,5,1,-1,0,0,1,0,0,0,1,1,-1,9,1,77,11,1598,2,8,VOLKSWAGEN PASSAT,6,E01023683,0,4
2024071002802,2024,071002802,1,9,9,-1,19,7,3,-1,0,9,9,99,0,99,1,9,-1,9,1,64,9,1968,2,5,VOLKSWAGEN PASSAT,1,E01012546,0,1
2024141494083,2024,141494083,2,9,0,-1,19,2,6,-1,0,2,0,0,0,0,1,1,-1,1,1,41,7,1968,2,5,VOLKSWAGEN PASSAT,7,E01008052,0,3
2024351460772,2024,351460772,2,8,0,-1,19,-1,-1,-1,0,0,1,4,7,10,1,9,-1,9,1,23,5,1968,2,7,VOLKSWAGEN PASSAT,2,E01035542,0,1
2024302401370,2024,302401370,1,9,0,18,19,5,1,0,0,0,0,0,1,2,1,1,6,6,1,28,6,1968,2,16,VOLKSWAGEN PASSAT,1,E01013484,0,1
2024371529636,2024,371529636,2,9,0,-1,19,3,1,-1,0,0,0,0,0,0,1,1,-1,6,2,41,7,1598,2,9,VOLKSWAGEN PASSAT,5,E01030259,0,1
2024451464271,2024,451464271,1,9,0,-1,19,7,1,-1,0,0,0,0,0,0,1,9,-1,6,3,45,7,1984,1,20,VOLKSWAGEN PASSAT,-1,-1,0,-1
2024211488684,2024,211488684,1,9,0,-1,3,2,7,-1,0,1,0,0,0,0,1,1,-1,6,1,-1,-1,1968,2,12,VOLKSWAGEN PASSAT,-1,-1,0,-1
2024430084582,2024,430084582,1,9,0,18,19,4,8,0,0,1,0,0,0,0,4,1,6,6,1,-1,-1,1968,2,10,VOLKSWAGEN PASSAT,-1,-1,0,-1
2024041469861,2024,041469861,2,9,0,-1,19,1,1,-1,0,1,0,0,0,0,4,1,-1,2,1,45,7,1968,2,7,VOLKSWAGEN PASSAT,8,E01012583,0,3
2024010541945,2024,010541945,2,9,0,99,99,9,9,99,99,9,9,99,9,99,1,9,6,6,3,-1,-1,1598,2,7,VOLKSWAGEN PASSAT,-1,-1,0,-1
2024501550994,2024,501550994,1,9,0,-1,19,7,3,-1,0,0,0,0,0,0,1,1,-1,6,1,30,6,1896,2,17,VOLKSWAGEN PASSAT,7,E01020043,0,2
2024010529733,2024,010529733,2,9,9,99,99,9,9,99,99,9,9,99,9,99,9,9,6,6,3,-1,-1,1968,1,15,VOLKSWAGEN PASSAT,-1,-1,0,-1
202417S314224,2024,17S314224,2,8,0,-1,19,7,3,-1,0,0,0,0,0,0,1,1,-1,1,1,26,6,1598,2,7,VOLKSWAGEN PASSAT,1,E01012011,0,1
2024361485917,2024,361485917,1,9,0,-1,20,-1,-1,-1,0,0,0,0,0,0,1,1,-1,6,1,50,8,1598,2,9,VOLKSWAGEN PASSAT,8,E01026577,0,2
2024041426002,2024,041426002,1,9,0,-1,5,1,3,-1,0,1,0,0,0,0,3,1,-1,9,1,60,9,1968,2,16,VOLKSWAGEN PASSAT,2,E01005966,0,4
2024361479886,2024,361479886,1,9,0,-1,19,5,1,-1,0,0,0,4,4,0,1,1,-1,9,1,65,9,1968,2,6,VOLKSWAGEN PASSAT,10,E01026906,0,3
2024161482829,2024,161482829,1,9,0,-1,19,1,5,-1,0,0,0,0,0,0,4,1,-1,6,1,34,6,1968,2,18,VOLKSWAGEN PASSAT,7,E01013013,0,1
2024141467604,2024,141467604,2,9,0,-1,9,3,1,-1,0,1,0,0,7,0,1,1,-1,1,1,43,7,1968,2,6,VOLKSWAGEN PASSAT,3,E01007903,0,1
2024401486294,2024,401486294,3,9,0,-1,2,3,7,-1,0,1,0,0,0,0,2,1,-1,9,1,29,6,1968,2,8,VOLKSWAGEN PASSAT,7,E01023682,0,4
2024131459160,2024,131459160,2,9,0,-1,9,6,2,-1,0,1,0,0,0,0,1,1,-1,6,1,24,5,1598,2,12,VOLKSWAGEN PASSAT,3,E01010727,0,1
2024010490161,2024,010490161,2,9,0,18,19,7,3,0,0,1,0,0,0,0,1,1,1,1,1,40,7,1968,2,6,VOLKSWAGEN PASSAT,3,E01002605,0,1
2024141412587,2024,141412587,1,9,0,-1,19,4,8,-1,0,1,0,0,0,0,4,1,-1,6,1,34,6,1968,2,13,VOLKSWAGEN PASSAT,2,E01007767,0,1
2024201450436,2024,201450436,1,8,0,-1,19,6,2,-1,0,0,0,0,0,0,1,1,-1,6,1,63,9,1968,2,11,VOLKSWAGEN PASSAT,1,E01010140,0,1
2024302400085,2024,302400085,1,9,0,18,19,6,2,0,0,0,0,0,0,0,1,1,6,6,1,46,8,1968,2,11,VOLKSWAGEN PASSAT,2,E01011851,0,4
2024141436375,2024,141436375,1,9,0,-1,19,3,7,-1,0,0,0,0,0,0,0,9,-1,6,3,-1,-1,1968,2,11,VOLKSWAGEN PASSAT,-1,-1,0,-1
2024071029606,2024,071029606,1,9,0,-1,9,5,3,-1,0,8,0,0,0,0,3,1,-1,9,1,24,5,1968,2,13,VOLKSWAGEN PASSAT,3,E01018548,0,3
2024440207761,2024,440207761,2,9,0,18,19,7,3,0,0,1,0,0,0,0,1,1,6,6,1,35,6,1968,2,9,VOLKSWAGEN PASSAT,10,E01023096,0,2
2024311398002,2024,311398002,1,9,0,-1,15,1,4,-1,0,0,0,0,0,0,3,9,-1,6,1,59,9,1498,1,5,VOLKSWAGEN PASSAT,8,E01028118,0,1
2024201501883,2024,201501883,1,9,0,-1,14,4,8,-1,0,2,5,10,1,0,3,9,-1,6,1,60,9,1968,2,16,VOLKSWAGEN PASSAT,1,E01009361,0,1
2024211470015,2024,211470015,2,8,0,-1,2,1,5,-1,0,0,0,0,0,0,2,1,-1,1,1,39,7,1968,2,9,VOLKSWAGEN PASSAT,-1,-1,0,-1
2024351424460,2024,351424460,1,9,0,-1,19,5,3,-1,0,1,0,0,0,0,1,9,-1,6,1,59,9,1968,2,15,VOLKSWAGEN PASSAT,4,E01015692,0,1
2024461396122,2024,461396122,1,9,0,-1,19,5,1,-1,0,0,1,0,8,4,1,1,-1,9,1,20,4,1968,2,8,VOLKSWAGEN PASSAT,3,E01032830,0,1
2024461435441,2024,461435441,1,9,0,-1,19,3,7,-1,0,0,0,0,0,0,1,9,-1,6,1,-1,-1,1390,1,14,VOLKSWAGEN PASSAT,-1,-1,0,-1
2024461521902,2024,461521902,2,8,0,-1,19,5,1,-1,0,8,0,0,0,0,1,1,-1,1,1,35,6,1598,2,9,VOLKSWAGEN PASSAT,10,E01024832,0,1
2024471437550,2024,471437550,1,9,0,-1,5,2,4,-1,0,1,0,0,0,0,3,1,-1,2,1,27,6,1968,2,8,VOLKSWAGEN PASSAT,8,E01032835,0,1
202460Q051366,2024,60Q051366,2,8,0,5,5,7,3,0,0,1,0,0,0,0,1,1,1,1,1,42,7,1598,2,10,VOLKSWAGEN PASSAT,-1,-1,0,-1
2024122400788,2024,122400788,2,9,0,4,4,2,6,0,0,0,0,0,0,0,2,1,6,6,1,27,6,1968,2,12,VOLKSWAGEN PASSAT,1,E01011354,0,3
2024141498681,2024,141498681,1,9,0,-1,5,5,3,-1,0,1,0,0,0,0,3,1,-1,9,1,56,9,1598,2,10,VOLKSWAGEN PASSAT,2,E01007914,0,1
2024122401056,2024,122401056,2,9,0,18,19,5,1,0,0,0,0,0,0,0,1,1,6,6,1,75,10,1598,2,9,VOLKSWAGEN PASSAT,10,E01013376,0,4
2024520002980,2024,520002980,2,9,0,9,9,2,8,0,0,8,0,0,0,0,3,1,6,6,3,-1,-1,1598,2,10,VOLKSWAGEN PASSAT,-1,-1,0,-1
2024131438925,2024,131438925,2,9,0,-1,19,1,5,-1,0,6,0,0,0,0,3,1,-1,9,2,50,8,1598,2,9,VOLKSWAGEN PASSAT,1,E01010723,0,1
2024010529894,2024,010529894,2,9,0,5,5,3,7,0,0,0,0,0,0,0,2,1,6,6,1,54,8,1395,1,7,VOLKSWAGEN PASSAT,3,E01000465,0,2
2024010548483,2024,010548483,2,9,0,99,99,9,9,99,99,9,9,99,9,99,1,9,6,6,3,31,6,1395,8,5,VOLKSWAGEN PASSAT,6,E01027774,0,5
2024411503781,2024,411503781,2,9,0,-1,19,2,6,-1,0,0,0,0,0,0,3,1,-1,1,1,49,8,1968,2,12,VOLKSWAGEN PASSAT,6,E01023651,0,1
2024340WN1072,2024,340WN1072,2,9,0,-1,19,6,2,-1,0,3,0,0,0,1,4,1,-1,6,1,45,7,1968,2,10,VOLKSWAGEN PASSAT,10,E01035405,0,3
2024320296275,2024,320296275,2,9,0,4,4,6,2,0,0,0,0,0,0,0,2,1,1,1,1,31,6,1395,8,7,VOLKSWAGEN PASSAT,1,E01015607,0,4
2024161518020,2024,161518020,1,9,0,-1,11,4,8,-1,-1,0,0,0,0,0,4,1,-1,9,1,53,8,1968,2,11,VOLKSWAGEN PASSAT,2,E01013195,0,1
2024471526353,2024,471526353,1,9,0,-1,7,6,8,-1,0,0,0,0,0,0,3,1,-1,2,1,63,9,1968,2,15,VOLKSWAGEN PASSAT,10,E01031680,0,3
2024201453219,2024,201453219,2,9,0,-1,9,6,4,-1,0,6,0,10,3,0,3,1,-1,6,1,28,6,1598,2,8,VOLKSWAGEN PASSAT,3,E01033892,0,2
2024010507027,2024,010507027,1,9,0,15,15,1,5,0,0,6,0,0,0,0,4,1,6,6,3,24,5,1498,1,5,VOLKSWAGEN PASSAT,-1,-1,0,-1
2024141410819,2024,141410819,2,9,0,-1,5,1,5,-1,0,0,0,0,0,0,3,1,-1,6,1,-1,-1,1968,2,8,VOLKSWAGEN PASSAT,1,E01007532,0,3
2024131519623,2024,131519623,1,9,0,-1,19,1,5,-1,0,2,0,0,0,0,1,1,-1,9,1,37,7,1968,2,15,VOLKSWAGEN PASSAT,3,E01010597,0,1
2024221529931,2024,221529931,1,9,0,-1,19,6,2,-1,0,8,0,0,0,0,1,1,-1,2,1,43,7,1968,2,11,VOLKSWAGEN PASSAT,8,E01013997,0,1
2024340NN1032,2024,340NN1032,2,9,0,-1,19,3,7,-1,0,0,0,0,0,0,3,1,-1,2,1,29,6,1896,2,16,VOLKSWAGEN PASSAT,2,E01027249,0,3
2024041408383,2024,041408383,2,9,0,-1,8,1,5,-1,0,0,0,1,0,0,2,1,-1,7,2,46,8,1968,2,7,VOLKSWAGEN PASSAT,9,E01025569,0,1
2024010534562,2024,010534562,1,9,0,9,9,7,5,1,1,1,0,0,0,0,3,1,1,1,1,51,8,1395,8,4,VOLKSWAGEN PASSAT,8,E01004609,0,1
2024991485927,2024,991485927,1,9,0,-1,9,1,5,-1,0,8,0,0,0,0,1,1,-1,9,2,43,7,1598,2,10,VOLKSWAGEN PASSAT,8,-1,0,2
2024302500064,2024,302500064,1,9,0,-1,19,6,2,-1,0,4,0,0,0,0,3,1,-1,6,1,42,7,1896,2,22,VOLKSWAGEN PASSAT,7,E01019642,0,1
2024131467121,2024,131467121,1,9,0,-1,9,3,3,-1,0,2,0,4,0,0,1,1,-1,6,-1,-1,-1,1968,2,16,VOLKSWAGEN PASSAT,-1,-1,0,-1
2024340NN2902,2024,340NN2902,1,9,0,-1,12,6,1,-1,0,8,0,0,0,0,3,1,-1,2,1,52,8,1968,2,13,VOLKSWAGEN PASSAT,8,E01027329,0,3
2024010518167,2024,010518167,2,9,0,99,99,9,9,99,99,9,9,99,9,99,1,9,6,6,3,-1,-1,1968,2,4,VOLKSWAGEN PASSAT,-1,-1,0,-1
2024131427339,2024,131427339,1,9,0,-1,19,3,7,-1,0,8,0,11,0,0,3,1,-1,6,1,49,8,1598,2,13,VOLKSWAGEN PASSAT,2,E01011926,0,1
2024340NN4682,2024,340NN4682,1,9,0,-1,19,5,1,-1,0,0,0,0,0,0,1,1,-1,9,1,65,9,1598,2,8,VOLKSWAGEN PASSAT,-1,-1,0,-1
2024401534295,2024,401534295,2,9,0,-1,4,5,1,-1,0,0,0,0,0,0,2,1,-1,1,1,53,8,1598,2,8,VOLKSWAGEN PASSAT,3,E01017539,0,3
2024041499878,2024,041499878,1,9,0,-1,19,-1,-1,-1,0,1,0,0,0,0,-1,9,-1,6,1,21,5,1968,2,15,VOLKSWAGEN PASSAT,8,E01025214,0,1
2024061492336,2024,061492336,1,9,-1,-1,9,7,5,-1,0,8,0,0,0,0,1,9,-1,6,3,-1,-1,1598,2,11,VOLKSWAGEN PASSAT,-1,-1,0,-1
2024052402137,2024,052402137,2,8,0,2,2,0,0,0,0,0,0,0,0,0,3,1,1,1,1,42,7,1968,2,10,VOLKSWAGEN PASSAT,2,E01006948,0,1
2024131534937,2024,131534937,2,9,0,-1,19,7,1,-1,0,1,0,4,0,0,1,1,-1,6,1,29,6,1968,2,12,VOLKSWAGEN PASSAT,1,E01011559,0,2
2024221480545,2024,221480545,2,9,0,-1,4,1,5,-1,0,0,0,0,0,0,2,1,-1,9,1,25,5,1968,2,12,VOLKSWAGEN PASSAT,8,E01033184,0,5
2024451434560,2024,451434560,2,9,0,-1,2,1,5,-1,-1,0,0,0,0,0,2,1,-1,6,-1,-1,-1,1968,2,9,VOLKSWAGEN PASSAT,-1,-1,0,-1
2024332400910,2024,332400910,1,9,0,-1,10,8,6,-1,0,8,0,0,0,0,4,1,-1,9,2,47,8,1986,2,15,VOLKSWAGEN PASSAT,8,E01013702,0,1
2024010547976,2024,010547976,3,9,0,18,19,5,1,0,0,1,0,0,0,0,1,1,6,6,1,21,5,1197,1,9,VOLKSWAGEN PASSAT,5,E01034037,0,1
2024991509179,2024,991509179,1,9,0,-1,19,3,7,-1,0,0,5,0,7,0,3,1,-1,9,1,34,6,1598,2,12,VOLKSWAGEN PASSAT,4,-1,0,2
2024991525900,2024,991525900,1,8,0,-1,19,2,6,-1,0,0,0,0,0,0,1,1,-1,1,1,45,7,1968,2,5,VOLKSWAGEN PASSAT,6,-1,0,2
2024010535207,2024,010535207,2,9,0,99,99,9,9,99,99,0,9,99,9,99,1,9,6,6,3,-1,-1,1984,1,23,VOLKSWAGEN PASSAT,-1,-1,0,-1
2024991554342,2024,991554342,2,9,0,-1,9,3,1,-1,0,8,0,0,0,0,1,1,-1,9,1,66,10,1968,2,8,VOLKSWAGEN PASSAT,10,-1,0,1
2024231495685,2024,231495685,3,9,0,-1,3,2,6,-1,0,1,0,0,0,0,1,9,-1,6,1,34,6,1598,2,7,VOLKSWAGEN PASSAT,3,E01015477,0,5
2024461411000,2024,461411000,1,3,0,-1,19,6,3,-1,0,0,1,0,0,0,4,1,-1,1,1,25,5,124,1,11,-1,6,E01034989,0,1
2024070624125,2024,070624125,1,3,0,18,19,5,1,0,0,8,1,0,1,2,1,1,6,6,1,18,4,124,1,11,-1,10,E01007186,0,2
2024401501068,2024,401501068,1,3,0,-1,19,3,7,-1,0,0,2,0,1,0,0,1,-1,6,1,26,6,124,1,11,-1,9,E01017495,0,2
2024010508924,2024,010508924,2,9,0,2,2,0,0,9,9,0,0,4,0,0,2,1,6,6,3,-1,-1,3996,1,1,AUDI SQ7,-1,-1,0,-1
2024471423345,2024,471423345,2,9,0,-1,19,4,8,-1,0,0,0,0,0,0,2,1,-1,1,2,49,8,3956,2,7,AUDI SQ7,9,E01031769,0,2