collision_index,collision_year,collision_ref_no,vehicle_reference,vehicle_type,towing_and_articulation,vehicle_manoeuvre_historic,vehicle_manoeuvre,vehicle_direction_from,vehicle_direction_to,vehicle_location_restricted_lane_historic,vehicle_location_restricted_lane,junction_location,skidding_and_overturning,hit_object_in_carriageway,vehicle_leaving_carriageway,hit_object_off_carriageway,first_point_of_impact,vehicle_left_hand_drive,journey_purpose_of_driver_historic,journey_purpose_of_driver,sex_of_driver,age_of_driver,age_band_of_driver,engine_capacity_cc,propulsion_code,age_of_vehicle,generic_make_model,driver_imd_decile,lsoa_of_driver,escooter_flag,driver_distance_banding
2024010515496,2024,010515496,2,9,0,2,2,0,0,0,0,2,0,0,0,0,4,1,6,6,3,-1,-1,3956,2,5,AUDI SQ7,-1,-1,0,-1
2024522401167,2024,522401167,2,9,0,9,9,7,4,0,0,6,0,0,0,0,1,1,6,6,3,-1,-1,3956,2,7,AUDI SQ7,-1,-1,0,-1
2024061423355,2024,061423355,2,9,0,-1,19,-1,-1,-1,0,0,0,0,0,0,1,1,-1,6,3,-1,-1,3956,2,7,AUDI SQ7,-1,-1,0,-1
2024501455781,2024,501455781,2,9,0,-1,9,6,4,-1,0,4,0,0,0,0,1,1,-1,9,1,36,7,3996,1,1,AUDI SQ7,1,E01015048,0,1
2024010546592,2024,010546592,2,9,0,99,99,9,9,99,99,9,9,99,9,99,1,9,6,6,3,-1,-1,3996,1,2,AUDI SQ7,-1,-1,0,-1
2024302400873,2024,302400873,2,9,0,10,10,1,7,0,0,1,0,0,0,0,2,1,6,6,2,34,6,3956,2,7,AUDI SQ7,5,E01019873,0,1
2024531452473,2024,531452473,2,9,0,-1,9,2,6,-1,0,1,0,0,0,0,2,1,-1,6,2,33,6,3956,2,7,AUDI SQ7,8,E01022463,0,1
2024991518301,2024,991518301,2,9,0,-1,4,4,7,-1,0,1,0,0,0,0,1,1,-1,6,1,37,7,3956,2,7,AUDI SQ7,1,-1,0,1
2024552400126,2024,552400126,1,3,0,7,7,7,1,0,0,8,1,0,0,0,0,1,6,6,1,20,4,125,1,1,-1,5,E01020452,0,1
2024622400245,2024,622400245,2,3,0,18,19,6,2,0,0,1,0,0,0,0,0,1,2,2,1,56,9,125,1,1,-1,6,W01000986,0,1
2024552400651,2024,552400651,1,3,0,18,19,8,4,0,0,0,0,0,0,0,1,1,2,2,1,20,4,125,1,1,-1,4,E01020444,0,2
2024332400152,2024,332400152,2,4,0,-1,19,1,5,-1,0,8,0,0,0,0,1,1,-1,2,1,21,5,125,1,1,-1,7,E01013642,0,1
2024201482885,2024,201482885,2,2,0,-1,3,1,5,-1,0,6,0,0,0,0,2,1,-1,1,1,19,4,125,1,3,-1,1,E01009748,0,1
2024211488606,2024,211488606,1,9,0,-1,7,0,0,-1,0,0,0,0,1,0,1,1,-1,9,2,48,8,2000,2,3,-1,1,E01010485,0,3
2024351432222,2024,351432222,6,9,0,-1,4,5,1,-1,0,0,0,0,0,0,2,1,-1,6,1,55,8,1560,2,6,-1,7,E01030083,0,5
2024122400474,2024,122400474,2,9,0,2,2,0,0,0,0,0,0,0,0,0,2,1,1,1,3,-1,-1,1560,2,8,-1,-1,-1,0,-1
2024401507369,2024,401507369,1,9,-1,-1,-1,-1,-1,-1,-1,0,-1,-1,-1,0,-1,9,-1,6,3,-1,-1,1500,2,6,-1,-1,-1,0,-1
2024010499215,2024,010499215,2,9,0,3,3,3,7,0,0,1,0,0,0,0,2,1,1,1,1,39,7,1500,2,6,-1,2,E01000020,0,2
2024471508929,2024,471508929,2,9,0,-1,2,0,0,-1,0,0,0,0,3,0,3,1,-1,6,-1,-1,-1,1997,2,1,-1,-1,-1,0,-1
202417M105424,2024,17M105424,1,9,0,-1,19,1,5,-1,0,8,0,0,0,0,3,1,-1,9,2,25,5,-1,3,4,-1,2,E01012051,0,1
2024221433256,2024,221433256,1,5,0,-1,19,7,3,-1,0,0,0,10,1,0,1,1,-1,6,1,52,8,618,1,21,-1,-1,-1,0,-1
2024332400120,2024,332400120,2,9,0,-1,9,6,5,-1,0,5,0,0,0,0,1,1,-1,9,1,75,10,2544,1,24,-1,8,E01025681,0,1
2024061484862,2024,061484862,3,19,0,-1,19,1,5,-1,0,0,0,0,0,0,1,1,-1,2,1,22,5,2400,2,21,FORD MODEL MISSING,8,E01006122,0,1
2024440209837,2024,440209837,1,9,0,3,3,4,8,0,0,1,0,0,0,0,1,1,6,6,1,41,7,1596,1,23,FORD MODEL MISSING,4,E01017297,0,1
2024010543038,2024,010543038,2,9,0,99,99,9,9,99,99,9,9,99,9,99,9,9,1,1,2,28,6,-1,3,0,FORD MODEL MISSING,5,E01024181,0,3
2024340WN2122,2024,340WN2122,1,9,0,-1,5,5,2,-1,0,0,0,0,0,11,1,1,-1,6,2,37,7,1596,1,21,FORD MODEL MISSING,2,E01027226,0,1
2024211518438,2024,211518438,3,9,0,-1,2,7,4,-1,0,0,1,4,0,0,2,1,-1,1,1,34,6,1560,2,14,FORD MODEL MISSING,-1,-1,0,-1
2024471442641,2024,471442641,2,9,0,-1,19,2,6,-1,0,1,0,0,0,0,1,2,-1,6,1,42,7,5800,1,55,FORD MODEL MISSING,4,E01020957,0,1
2024610045524,2024,610045524,1,19,0,18,19,5,1,0,0,2,1,0,3,11,1,1,1,1,1,31,6,2396,2,20,FORD MODEL MISSING,7,W01001354,0,1
2024010509625,2024,010509625,2,9,0,99,99,9,9,99,99,9,9,99,9,99,9,9,6,6,3,-1,-1,1596,1,23,FORD MODEL MISSING,-1,-1,0,-1
2024231513440,2024,231513440,1,90,0,-1,4,6,2,-1,0,1,1,0,0,0,1,9,-1,9,1,62,9,2200,2,16,FORD MODEL MISSING,7,E01013098,0,5
2024221398479,2024,221398479,2,17,0,-1,19,2,6,-1,0,8,0,0,0,0,3,9,-1,1,1,54,8,-1,2,39,FORD MODEL MISSING,5,E01032212,0,1
2024010549527,2024,010549527,2,19,0,7,7,3,5,0,0,8,0,0,0,0,4,1,1,1,1,29,6,1995,2,2,FORD MODEL MISSING,6,E01003770,0,3
2024461529505,2024,461529505,1,19,0,-1,19,1,5,-1,0,0,0,0,0,0,1,2,-1,9,1,74,10,-1,-1,-1,FORD MODEL MISSING,7,W01000473,0,5
2024311410855,2024,311410855,1,9,0,-1,5,3,7,-1,0,0,0,7,0,0,1,2,-1,6,1,29,6,4600,1,21,FORD MODEL MISSING,2,E01019403,0,2
2024010540260,2024,010540260,3,9,0,2,2,0,0,0,0,0,0,0,0,0,2,1,6,6,3,-1,-1,1753,2,15,FORD MODEL MISSING,-1,-1,0,-1
2024141505642,2024,141505642,2,19,0,-1,5,3,2,-1,0,6,0,0,0,0,1,1,-1,6,-1,-1,-1,2402,2,19,FORD MODEL MISSING,-1,-1,0,-1
2024471413493,2024,471413493,1,9,0,-1,7,1,3,-1,0,2,0,0,0,0,2,1,-1,9,2,20,4,1399,2,15,FORD MODEL MISSING,9,E01016888,0,1
2024302401226,2024,302401226,2,9,0,18,19,5,1,0,0,0,0,0,0,0,1,1,6,6,1,72,10,1598,2,13,FORD MODEL MISSING,3,E01019508,0,4
2024311428771,2024,311428771,2,9,0,-1,19,5,1,-1,0,1,0,0,0,0,1,1,-1,6,2,37,7,1560,2,17,FORD MODEL MISSING,-1,-1,0,-1
2024522401720,2024,522401720,2,9,0,18,19,4,8,0,0,0,0,0,0,0,3,1,6,6,1,54,8,4995,1,54,FORD MODEL MISSING,6,E01015019,0,1
2024471507388,2024,471507388,1,9,0,-1,19,1,5,-1,0,0,0,0,0,0,1,1,-1,1,1,25,5,1995,2,3,FORD MODEL MISSING,7,E01021146,0,4
2024451452193,2024,451452193,1,19,0,-1,19,1,5,-1,0,1,0,0,0,0,1,1,-1,9,1,21,5,2402,2,17,FORD MODEL MISSING,4,E01030740,0,1
2024440145638,2024,440145638,1,9,0,18,19,5,1,0,0,2,0,0,0,0,3,1,6,6,1,68,10,4000,1,18,FORD MODEL MISSING,9,E01022763,0,1
2024522402960,2024,522402960,1,8,0,18,19,5,1,0,0,0,0,0,0,0,1,1,6,6,1,66,10,1499,2,8,FORD MODEL MISSING,8,E01014723,0,1
2024302500230,2024,302500230,1,19,0,-1,19,6,2,-1,0,8,1,0,1,4,1,1,-1,6,1,33,6,-1,-1,-1,FORD MODEL MISSING,8,E01007858,0,2
2024451447971,2024,451447971,2,9,0,-1,2,2,6,-1,0,0,0,0,0,0,3,1,-1,1,1,24,5,1995,2,4,FORD MODEL MISSING,6,E01030737,0,3
2024520002852,2024,520002852,1,9,0,18,19,7,3,0,0,0,0,0,1,2,1,1,6,6,2,38,7,1388,1,20,FORD MODEL MISSING,7,E01014420,0,1
2024201492425,2024,201492425,2,9,0,-1,14,1,4,-1,0,0,5,4,0,0,4,1,-1,9,2,25,5,1242,1,14,FORD MODEL MISSING,3,E01010290,0,1
2024501477393,2024,501477393,1,9,0,-1,1,2,6,-1,0,0,0,0,0,0,2,1,-1,6,1,67,10,1242,1,25,FORD MODEL MISSING,8,W01001554,0,5
2024501506636,2024,501506636,1,17,0,-1,19,7,3,-1,0,0,5,0,0,0,4,1,-1,1,1,81,11,-1,2,43,FORD MODEL MISSING,5,E01020147,0,1
2024552401287,2024,552401287,2,9,0,18,19,2,6,0,0,0,0,0,0,0,1,1,4,7,3,-1,-1,1753,2,20,FORD MODEL MISSING,-1,-1,0,-1
2024041443497,2024,041443497,2,9,0,-1,19,3,7,-1,0,1,0,0,0,0,1,1,-1,6,2,51,8,2500,2,27,FORD MODEL MISSING,4,E01025556,0,1
2024440433071,2024,440433071,1,9,0,10,10,1,7,0,0,1,0,0,0,0,2,1,6,6,2,35,6,1388,1,18,FORD MODEL MISSING,8,E01023089,0,2
2024501532021,2024,501532021,1,9,0,-1,7,7,3,-1,0,1,0,0,0,0,1,1,-1,9,1,35,6,1596,1,16,FORD MODEL MISSING,1,E01015044,0,2
2024440129851,2024,440129851,1,9,0,18,19,6,2,0,0,0,5,10,1,4,4,1,6,6,1,24,5,1399,2,17,FORD MODEL MISSING,10,E01022863,0,2
2024101401579,2024,101401579,1,9,0,-1,19,7,3,-1,9,0,0,0,0,0,4,1,-1,6,1,83,11,1596,1,19,FORD MODEL MISSING,4,E01027382,0,1
2024471468972,2024,471468972,2,5,0,-1,5,3,7,-1,0,0,0,0,0,0,1,1,-1,9,1,72,10,1520,1,34,-1,9,E01031612,0,3
2024131428171,2024,131428171,1,5,0,-1,5,1,5,-1,0,2,0,0,0,0,2,1,-1,9,1,57,9,755,1,1,-1,7,E01010641,0,3
2024430477907,2024,430477907,2,5,0,18,19,4,8,0,0,8,0,0,0,0,1,1,6,6,1,40,7,755,1,1,-1,7,E01017919,0,3
2024031493051,2024,031493051,1,3,0,-1,19,5,1,-1,0,0,0,0,0,0,1,1,-1,6,1,35,6,755,1,0,-1,-1,-1,0,-1
2024010537179,2024,010537179,1,5,0,99,99,9,9,99,99,9,9,99,9,99,1,1,6,6,1,36,7,755,1,1,-1,10,E01024151,0,3
2024201523771,2024,201523771,1,4,0,-1,19,3,7,-1,0,0,0,7,0,0,1,1,-1,6,1,21,5,350,1,5,-1,-1,-1,0,-1
2024320746132,2024,320746132,1,3,0,-1,-1,8,4,0,0,2,0,0,1,9,1,1,-1,-1,1,22,5,124,1,8,-1,4,E01026250,0,2
2024552400734,2024,552400734,2,3,0,7,7,8,1,0,0,5,0,0,0,0,3,1,6,6,2,32,6,124,1,6,-1,7,E01015368,0,1
2024320086751,2024,320086751,1,3,0,4,4,6,2,0,0,1,0,0,0,0,1,1,-1,-1,1,21,5,124,1,16,-1,6,E01026021,0,2
2024340WN4702,2024,340WN4702,1,3,0,-1,19,7,3,-1,0,3,1,0,0,0,4,1,-1,6,1,19,4,124,1,17,-1,2,E01027340,0,3
2024371442425,2024,371442425,1,3,0,-1,19,3,7,-1,0,0,5,0,0,0,3,1,-1,6,1,33,6,124,1,9,-1,10,E01033050,0,3
2024440534392,2024,440534392,2,9,0,18,19,5,1,0,0,1,0,0,0,0,1,1,6,6,1,52,8,998,1,0,-1,3,E01017349,0,3
2024070891050,2024,070891050,2,9,0,-1,19,5,1,-1,0,1,0,0,0,0,3,1,-1,9,1,45,7,1998,2,0,-1,7,E01012434,0,2
2024031403007,2024,031403007,1,9,0,-1,19,7,3,-1,0,0,0,0,0,0,1,1,-1,6,1,89,11,2997,2,0,-1,-1,-1,0,-1
2024070982240,2024,070982240,2,9,0,-1,9,6,3,-1,0,1,0,0,0,0,3,1,-1,6,1,65,9,1998,2,0,-1,8,E01018458,0,1
2024101535014,2024,101535014,2,5,-1,-1,-1,3,7,-1,-1,-1,-1,-1,-1,0,-1,1,-1,6,1,53,8,1043,1,5,-1,3,E01008631,0,1
2024041529519,2024,041529519,2,5,0,-1,19,7,3,-1,0,1,0,0,1,0,1,1,-1,9,1,53,8,1043,1,5,-1,4,E01025200,0,2
2024371421117,2024,371421117,2,5,0,-1,19,7,3,-1,0,1,1,0,0,0,1,1,-1,6,1,48,8,1043,1,5,-1,7,E01030040,0,2
2024461511467,2024,461511467,1,5,0,-1,13,7,3,-1,0,0,1,10,0,0,1,1,-1,6,1,34,6,693,1,0,-1,5,E01024163,0,4
2024461423021,2024,461423021,3,9,0,-1,3,4,6,-1,0,8,0,0,0,0,2,1,-1,9,1,34,6,4293,1,18,-1,6,E01035281,0,1
2024041426294,2024,041426294,1,17,0,-1,19,3,7,-1,0,0,5,0,7,0,1,1,-1,9,1,18,4,898,2,1,-1,7,E01024868,0,1
2024411496180,2024,411496180,2,17,0,-1,4,3,7,-1,0,0,0,0,0,0,2,1,-1,1,1,46,8,898,2,3,-1,6,E01023462,0,1
2024070732926,2024,070732926,1,90,0,-1,9,2,4,-1,0,6,0,0,0,0,1,1,-1,1,1,33,6,-1,3,47,-1,3,E01018646,0,1
2024440262978,2024,440262978,2,4,0,18,19,5,1,0,0,1,0,0,0,0,1,1,6,6,1,64,9,398,1,22,-1,7,E01023013,0,1
2024010505281,2024,010505281,4,9,0,2,2,0,0,0,0,0,0,0,0,0,3,1,6,6,3,-1,-1,-1,3,4,TESLA MODEL S,-1,-1,0,-1
2024010507873,2024,010507873,1,9,0,99,99,9,9,99,99,9,9,99,9,99,2,9,1,1,1,62,9,-1,3,7,TESLA MODEL S,3,E01001215,0,2
2024320153462,2024,320153462,1,9,0,9,9,8,6,0,0,5,0,0,0,0,4,1,-1,-1,1,63,9,-1,3,4,TESLA MODEL S,-1,-1,0,-1
2024340WN3322,2024,340WN3322,1,9,0,-1,19,5,1,-1,0,0,0,4,1,0,1,1,-1,9,1,33,6,-1,3,9,TESLA MODEL S,5,E01011096,0,5
2024340WN4712,2024,340WN4712,2,9,0,-1,2,0,0,-1,0,0,0,0,0,0,2,1,-1,6,3,-1,-1,-1,3,7,TESLA MODEL S,-1,-1,0,-1
2024010535695,2024,010535695,2,9,0,99,99,9,9,99,99,9,9,99,9,99,1,9,6,6,3,-1,-1,-1,3,8,TESLA MODEL S,9,E01003873,0,1
2024101465481,2024,101465481,1,9,0,-1,10,7,1,-1,0,0,0,0,0,0,2,1,-1,9,2,72,10,-1,3,6,TESLA MODEL S,9,E01020708,0,3
2024991409095,2024,991409095,1,9,0,-1,19,3,7,-1,0,0,1,0,0,0,3,1,-1,6,1,53,8,-1,3,7,TESLA MODEL S,5,-1,0,3
2024010511277,2024,010511277,1,9,0,99,99,9,9,99,99,9,9,99,9,99,1,9,6,6,1,47,8,-1,3,10,TESLA MODEL S,2,E01003051,0,1
2024221454404,2024,221454404,2,9,0,-1,19,7,2,-1,0,0,0,0,0,0,1,1,-1,6,1,58,9,-1,3,5,TESLA MODEL S,5,E01028864,0,1
2024552401471,2024,552401471,1,9,0,17,19,5,2,0,0,0,1,0,0,0,1,1,6,6,1,28,6,-1,3,9,TESLA MODEL S,3,E01015449,0,1
2024010522636,2024,010522636,1,8,3,2,2,0,0,0,0,1,0,4,0,0,2,1,6,6,3,-1,-1,-1,-1,-1,TESLA MODEL S,-1,-1,0,-1
2024010524154,2024,010524154,2,9,0,99,99,9,9,99,99,9,9,99,9,99,1,9,6,6,3,53,8,-1,3,5,TESLA MODEL S,6,E01001295,0,1
2024430583360,2024,430583360,1,9,0,18,19,3,8,0,0,0,0,0,0,0,1,1,6,6,2,40,7,-1,3,9,TESLA MODEL S,6,E01028796,0,3
2024545161224,2024,545161224,1,9,0,18,19,3,7,0,0,0,1,0,5,6,3,1,6,6,1,41,7,-1,3,8,TESLA MODEL S,6,E01016477,0,4
2024302400826,2024,302400826,1,9,0,12,12,3,7,0,0,8,1,0,4,6,1,1,6,6,2,35,6,-1,3,7,TESLA MODEL S,2,E01029447,0,3
2024010530310,2024,010530310,2,9,0,18,19,8,4,0,0,1,0,0,0,0,3,1,6,6,1,52,8,-1,3,4,TESLA MODEL S,2,E01000951,0,1
2024421498642,2024,421498642,2,9,0,-1,7,5,7,-1,0,1,0,0,0,0,4,1,-1,6,1,37,7,-1,3,4,TESLA MODEL S,4,E01021706,0,1
2024421429711,2024,421429711,1,9,0,-1,9,3,2,-1,0,6,0,0,0,0,3,1,-1,2,2,50,8,-1,3,8,TESLA MODEL S,5,E01021263,0,2
2024010525837,2024,010525837,2,9,0,8,8,1,3,0,0,6,0,0,0,0,3,1,6,6,1,64,9,-1,3,6,TESLA MODEL S,6,E01002654,0,1
2024010540626,2024,010540626,1,9,0,99,99,9,9,99,99,9,0,0,0,0,9,9,6,6,2,63,9,-1,3,5,TESLA MODEL S,4,E01002014,0,1
2024010517797,2024,010517797,3,9,0,-1,-1,3,7,0,0,1,0,0,0,0,3,1,1,1,1,44,7,-1,3,7,TESLA MODEL S,5,E01000745,0,2
2024131543335,2024,131543335,1,9,0,-1,9,5,5,-1,0,2,0,0,0,0,3,1,-1,6,1,80,11,-1,3,4,TESLA MODEL S,8,E01011204,0,1
2024010511804,2024,010511804,2,9,0,6,6,1,1,0,0,1,0,0,0,0,1,1,6,6,1,37,7,-1,3,6,TESLA MODEL S,6,E01032780,0,2
2024111481019,2024,111481019,2,9,0,-1,19,5,1,-1,0,3,0,0,0,0,4,1,-1,9,2,56,9,-1,3,6,TESLA MODEL S,7,E01027633,0,4
2024131430086,2024,131430086,2,9,0,-1,19,1,2,-1,0,1,0,0,0,0,1,1,-1,6,2,38,7,-1,3,5,TESLA MODEL S,8,E01010790,0,2
2024010534789,2024,010534789,3,8,0,18,19,1,5,0,0,0,0,0,0,0,2,1,1,1,1,45,7,-1,-1,-1,TESLA MODEL S,5,E01004661,0,1
2024451448212,2024,451448212,4,9,0,-1,19,5,1,-1,0,0,0,0,0,0,0,9,-1,6,1,23,5,-1,3,5,TESLA MODEL S,-1,-1,0,-1
2024361528373,2024,361528373,1,9,-1,-1,-1,1,5,-1,-1,0,-1,-1,-1,0,-1,9,-1,6,1,-1,-1,-1,3,9,TESLA MODEL S,6,E01026446,0,2
2024010525209,2024,010525209,2,9,0,17,19,1,6,0,0,1,0,0,0,0,0,1,6,6,3,-1,-1,-1,3,5,TESLA MODEL S,-1,-1,0,-1
2024010517112,2024,010517112,1,9,0,99,99,9,9,99,99,9,9,99,9,99,1,9,6,6,3,46,8,-1,3,6,TESLA MODEL S,6,E01001088,0,1
2024552401082,2024,552401082,1,9,0,5,5,3,2,0,0,2,0,0,0,0,3,1,6,6,2,45,7,-1,3,9,TESLA MODEL S,5,E01015331,0,1
2024010538234,2024,010538234,2,8,0,99,99,9,9,99,99,0,9,99,9,99,1,9,6,6,1,37,7,1598,2,8,VAUXHALL INSIGNIA,3,E01016011,0,4
2024351540704,2024,351540704,1,9,0,-1,9,3,1,-1,0,8,0,0,0,0,1,1,-1,6,1,47,8,1956,2,9,VAUXHALL INSIGNIA,1,E01026666,0,4
2024332400163,2024,332400163,1,9,0,-1,19,6,2,-1,0,0,0,0,0,0,2,1,-1,2,1,50,8,1956,2,12,VAUXHALL INSIGNIA,8,E01007858,0,4
2024320204616,2024,320204616,2,9,0,4,4,4,8,0,0,1,0,0,0,0,2,1,6,6,1,23,5,1796,1,11,VAUXHALL INSIGNIA,1,E01026114,0,1
2024531523472,2024,531523472,1,9,0,-1,19,3,7,-1,0,1,0,0,0,0,1,1,-1,2,1,56,9,1956,2,9,VAUXHALL INSIGNIA,6,E01034794,0,3
2024545170324,2024,545170324,3,9,0,2,2,0,0,0,0,0,0,0,0,0,3,1,6,6,1,-1,-1,1956,2,9,VAUXHALL INSIGNIA,-1,-1,0,-1
2024161501231,2024,161501231,2,9,0,-1,19,3,5,-1,0,0,0,0,0,0,1,1,-1,6,1,35,6,1956,2,10,VAUXHALL INSIGNIA,2,E01012821,0,1
2024111409323,2024,111409323,1,9,0,-1,7,6,1,-1,0,1,0,0,0,0,1,9,-1,6,2,39,7,1956,2,9,VAUXHALL INSIGNIA,1,E01020724,0,1
2024631500037,2024,631500037,2,9,0,-1,19,7,2,-1,0,0,5,0,1,10,1,1,-1,9,1,53,8,1956,2,13,VAUXHALL INSIGNIA,5,W01000566,0,2
2024451453367,2024,451453367,2,9,0,-1,19,1,5,-1,0,0,0,0,0,0,1,9,-1,6,1,30,6,1956,2,8,VAUXHALL INSIGNIA,-1,-1,0,-1
2024211430301,2024,211430301,1,9,0,-1,19,5,1,-1,0,0,1,0,0,0,1,9,-1,6,1,-1,-1,1956,2,9,VAUXHALL INSIGNIA,-1,-1,0,-1
2024320401261,2024,320401261,1,9,0,4,4,2,6,0,0,1,0,0,0,0,1,1,-1,-1,1,59,9,1796,1,14,VAUXHALL INSIGNIA,6,E01026331,0,4
2024501415086,2024,501415086,2,8,0,-1,19,1,5,-1,0,8,0,0,0,0,4,9,-1,1,2,27,6,1598,2,6,VAUXHALL INSIGNIA,4,E01015142,0,1
2024201406302,2024,201406302,1,9,0,-1,7,8,3,-1,0,1,0,0,0,0,1,1,-1,2,1,41,7,1796,1,14,VAUXHALL INSIGNIA,1,E01009400,0,1
2024451414834,2024,451414834,1,9,0,-1,19,1,5,-1,0,1,0,0,0,0,1,1,-1,6,1,30,6,1490,1,5,VAUXHALL INSIGNIA,7,E01030621,0,1
2024501426302,2024,501426302,1,9,0,-1,19,1,6,-1,0,8,0,0,0,0,1,1,-1,6,1,22,5,1956,2,15,VAUXHALL INSIGNIA,1,E01015144,0,1
2024070351153,2024,070351153,1,9,0,18,19,3,7,0,0,0,0,10,0,3,1,1,2,2,2,61,9,1956,2,9,VAUXHALL INSIGNIA,1,E01012409,0,1
2024131466151,2024,131466151,1,9,0,-1,19,3,7,-1,0,0,5,0,0,0,1,1,-1,9,1,35,6,1598,2,6,VAUXHALL INSIGNIA,6,E01027923,0,3
2024201512823,2024,201512823,2,9,0,-1,2,3,7,-1,0,0,0,0,0,0,0,1,-1,1,1,33,6,1598,2,6,VAUXHALL INSIGNIA,3,E01008950,0,2
2024211448032,2024,211448032,1,9,0,-1,19,2,6,-1,0,0,0,10,0,0,1,1,-1,6,1,36,7,1956,2,11,VAUXHALL INSIGNIA,1,E01014287,0,3
2024461513183,2024,461513183,2,9,0,-1,4,4,3,-1,0,0,0,0,0,0,2,1,-1,9,1,32,6,1998,1,14,VAUXHALL INSIGNIA,2,E01016117,0,3
2024211487527,2024,211487527,2,9,0,-1,3,1,1,-1,0,0,0,0,0,0,2,1,-1,6,2,65,9,1956,2,9,VAUXHALL INSIGNIA,4,E01029373,0,2
2024010558952,2024,010558952,2,9,0,99,99,9,9,99,99,0,9,99,9,99,0,9,6,6,3,-1,-1,1598,2,8,VAUXHALL INSIGNIA,-1,-1,0,-1
2024461401337,2024,461401337,1,9,0,-1,9,8,7,-1,0,1,0,0,0,0,1,1,-1,2,2,28,6,1956,2,14,VAUXHALL INSIGNIA,5,E01024342,0,2
2024991395765,2024,991395765,3,9,0,-1,4,8,4,-1,0,0,0,0,0,0,3,1,-1,6,1,54,8,1956,2,9,VAUXHALL INSIGNIA,3,-1,0,2
2024320709318,2024,320709318,1,9,0,-1,-1,4,8,0,0,0,0,0,1,0,1,1,-1,-1,1,34,6,1956,2,13,VAUXHALL INSIGNIA,7,E01007911,0,4
2024991476294,2024,991476294,1,9,0,-1,19,3,7,-1,0,0,1,6,0,0,1,1,-1,9,1,34,6,1956,2,13,VAUXHALL INSIGNIA,3,-1,0,1
2024101458943,2024,101458943,2,9,0,-1,19,5,1,-1,0,8,1,0,0,0,1,1,-1,9,1,32,6,1956,2,11,VAUXHALL INSIGNIA,8,E01008363,0,1
2024111521079,2024,111521079,2,9,0,-1,19,1,5,-1,0,6,0,0,0,0,1,1,-1,6,2,59,9,1956,2,7,VAUXHALL INSIGNIA,3,E01020652,0,1
2024141434032,2024,141434032,2,9,0,-1,2,0,0,-1,0,0,0,0,0,0,2,1,-1,6,-1,-1,-1,1956,2,12,VAUXHALL INSIGNIA,-1,-1,0,-1
2024302500215,2024,302500215,2,9,0,-1,9,1,7,-1,0,8,0,0,0,0,1,1,-1,6,1,31,6,1956,2,11,VAUXHALL INSIGNIA,9,E01019587,0,1
2024991431835,2024,991431835,2,9,0,-1,19,2,6,-1,0,8,1,0,1,1,3,1,-1,9,2,41,7,1956,2,9,VAUXHALL INSIGNIA,7,-1,0,3
2024101405627,2024,101405627,1,9,0,-1,12,5,1,-1,0,0,0,0,0,0,2,9,-1,6,1,50,8,1956,2,10,VAUXHALL INSIGNIA,2,E01008613,0,3
2024340WN3112,2024,340WN3112,2,9,0,-1,19,3,7,-1,0,1,0,0,0,0,1,1,-1,9,1,70,10,1956,2,14,VAUXHALL INSIGNIA,2,E01027178,0,1
2024471464137,2024,471464137,1,9,0,-1,19,1,5,-1,0,1,1,10,7,4,1,9,-1,6,3,-1,-1,1956,2,13,VAUXHALL INSIGNIA,-1,-1,0,-1
2024320750454,2024,320750454,2,9,0,3,3,6,2,0,0,0,0,0,0,0,3,1,-1,-1,1,35,6,1956,2,14,VAUXHALL INSIGNIA,6,E01026100,0,4
2024461412985,2024,461412985,5,9,0,-1,2,0,0,-1,-1,2,0,0,0,0,4,1,-1,6,-1,-1,-1,1956,2,10,VAUXHALL INSIGNIA,-1,-1,0,-1
2024361410970,2024,361410970,1,9,0,-1,19,5,4,-1,0,1,1,0,3,0,1,9,-1,6,1,68,10,1796,1,13,VAUXHALL INSIGNIA,3,E01026684,0,1
2024401539364,2024,401539364,2,8,0,-1,4,3,7,-1,0,0,0,0,0,0,2,1,-1,1,1,53,8,1598,2,6,VAUXHALL INSIGNIA,8,E01034415,0,3
2024541638824,2024,541638824,2,9,0,18,19,4,8,0,0,8,0,0,0,0,1,1,6,6,1,62,9,1956,2,14,VAUXHALL INSIGNIA,6,E01032082,0,3
2024361453370,2024,361453370,1,9,0,-1,5,3,7,-1,0,2,0,0,0,0,1,1,-1,6,1,45,7,1956,2,10,VAUXHALL INSIGNIA,5,E01026430,0,2
2024070142145,2024,070142145,2,9,0,18,19,6,7,0,0,4,0,0,0,0,1,1,2,2,1,27,6,1796,1,15,VAUXHALL INSIGNIA,1,E01012382,0,2
2024161426141,2024,161426141,1,9,0,-1,19,7,3,-1,0,8,0,0,0,0,1,1,-1,9,1,22,5,1956,2,10,VAUXHALL INSIGNIA,5,E01026407,0,3
2024371404856,2024,371404856,2,9,0,-1,19,7,3,-1,0,1,0,0,0,0,1,1,-1,1,1,60,9,1956,2,9,VAUXHALL INSIGNIA,2,E01030248,0,1
2024122400258,2024,122400258,1,9,0,18,19,5,1,0,0,4,0,0,0,0,3,1,6,6,1,42,7,1956,2,10,VAUXHALL INSIGNIA,1,E01013443,0,1