collision_index,collision_year,collision_ref_no,vehicle_reference,vehicle_type,towing_and_articulation,vehicle_manoeuvre_historic,vehicle_manoeuvre,vehicle_direction_from,vehicle_direction_to,vehicle_location_restricted_lane_historic,vehicle_location_restricted_lane,junction_location,skidding_and_overturning,hit_object_in_carriageway,vehicle_leaving_carriageway,hit_object_off_carriageway,first_point_of_impact,vehicle_left_hand_drive,journey_purpose_of_driver_historic,journey_purpose_of_driver,sex_of_driver,age_of_driver,age_band_of_driver,engine_capacity_cc,propulsion_code,age_of_vehicle,generic_make_model,driver_imd_decile,lsoa_of_driver,escooter_flag,driver_distance_banding
2024371445968,2024,371445968,2,9,0,-1,19,3,8,-1,0,0,0,0,0,0,3,1,-1,9,1,37,7,1598,2,8,VAUXHALL INSIGNIA,6,E01030059,0,1
2024131526331,2024,131526331,1,9,0,-1,9,5,1,-1,0,0,0,0,0,0,3,1,-1,9,1,38,7,1956,2,13,VAUXHALL INSIGNIA,1,E01011803,0,1
2024440121590,2024,440121590,1,9,0,9,9,8,6,0,0,6,0,0,0,0,4,1,6,6,1,39,7,1956,2,11,VAUXHALL INSIGNIA,3,E01017099,0,1
2024201475635,2024,201475635,1,9,0,-1,4,4,8,-1,0,1,1,0,0,0,1,9,-1,1,1,-1,-1,1598,2,6,VAUXHALL INSIGNIA,2,E01009509,0,1
2024320068045,2024,320068045,2,9,0,4,4,6,2,0,0,0,0,0,1,0,0,1,-1,-1,2,23,5,1956,2,12,VAUXHALL INSIGNIA,4,E01026121,0,3
2024031480292,2024,031480292,1,9,0,-1,5,4,8,-1,0,0,0,0,0,0,1,1,-1,6,1,67,10,1956,2,11,VAUXHALL INSIGNIA,6,E01019084,0,2
2024122400897,2024,122400897,1,9,0,5,5,1,7,0,0,2,0,0,0,0,1,1,6,6,2,53,8,1956,2,7,VAUXHALL INSIGNIA,8,E01013403,0,1
2024440098144,2024,440098144,1,9,0,9,9,7,5,0,0,0,0,0,0,0,3,1,6,6,1,78,11,1956,2,9,VAUXHALL INSIGNIA,9,E01022950,0,1
2024421519528,2024,421519528,3,9,0,-1,19,8,5,-1,0,0,0,0,0,0,2,1,-1,9,1,64,9,1956,2,8,VAUXHALL INSIGNIA,7,E01026904,0,4
2024320312126,2024,320312126,1,9,0,-1,-1,4,8,9,9,0,0,0,0,0,1,1,6,6,1,32,6,1956,2,14,VAUXHALL INSIGNIA,2,E01026175,0,1
2024340NN0902,2024,340NN0902,2,9,0,-1,19,2,6,-1,0,8,0,0,7,1,3,1,-1,6,1,70,10,1956,2,15,VAUXHALL INSIGNIA,-1,-1,0,-1
2024211515895,2024,211515895,2,9,0,-1,9,2,8,-1,0,1,0,0,0,0,1,1,-1,2,1,32,6,1956,2,13,VAUXHALL INSIGNIA,-1,-1,0,-1
2024340NN2272,2024,340NN2272,1,9,0,-1,9,6,2,-1,0,8,0,0,0,0,1,1,-1,6,1,25,5,1956,2,15,VAUXHALL INSIGNIA,2,E01027128,0,2
2024371497990,2024,371497990,2,9,0,-1,19,7,3,-1,0,0,0,0,0,0,4,1,-1,2,1,21,5,1956,2,12,VAUXHALL INSIGNIA,5,E01029970,0,1
2024440088014,2024,440088014,1,9,0,18,19,2,6,0,0,0,1,0,1,4,1,1,6,6,1,36,7,1956,2,12,VAUXHALL INSIGNIA,5,E01017028,0,4
2024221443731,2024,221443731,1,9,0,-1,14,4,8,-1,0,0,0,0,0,0,1,9,-1,6,1,38,7,1956,2,13,VAUXHALL INSIGNIA,8,E01032442,0,1
2024991532892,2024,991532892,2,9,0,-1,19,8,4,-1,0,3,5,10,1,0,3,1,-1,6,1,58,9,1490,1,6,VAUXHALL INSIGNIA,9,-1,0,3
2024610037724,2024,610037724,1,9,0,3,3,3,7,0,0,4,0,0,0,0,2,1,1,1,1,33,6,1956,2,14,VAUXHALL INSIGNIA,1,W01001469,0,3
2024010517477,2024,010517477,1,9,0,99,99,9,9,99,99,9,9,99,9,99,9,9,6,6,1,29,6,1796,1,14,VAUXHALL INSIGNIA,5,E01000745,0,1
2024421520679,2024,421520679,2,9,0,-1,19,2,6,-1,0,0,2,0,0,0,2,1,-1,6,1,39,7,1956,2,6,VAUXHALL INSIGNIA,4,E01026841,0,5
2024320714298,2024,320714298,1,9,0,9,9,2,8,0,0,5,0,0,0,0,1,1,-1,-1,1,42,7,1956,2,12,VAUXHALL INSIGNIA,3,E01026041,0,1
2024522500378,2024,522500378,1,9,0,18,19,2,6,0,0,0,0,0,0,0,3,1,6,6,2,33,6,1364,1,9,VAUXHALL INSIGNIA,7,E01032667,0,1
2024141529970,2024,141529970,2,9,0,-1,19,1,5,-1,0,0,0,0,0,0,3,9,-1,6,1,24,5,1956,2,7,VAUXHALL INSIGNIA,6,E01007452,0,3
2024421492373,2024,421492373,1,9,0,-1,-1,-1,-1,-1,-1,0,-1,-1,-1,0,-1,9,-1,6,1,-1,-1,1796,1,11,VAUXHALL INSIGNIA,-1,-1,0,-1
2024070319503,2024,070319503,2,9,0,4,4,6,2,0,0,1,0,0,0,0,2,1,6,6,1,82,11,1796,1,11,VAUXHALL INSIGNIA,8,E01018591,0,1
2024471513165,2024,471513165,2,9,0,-1,2,0,0,-1,0,0,0,0,1,10,1,1,-1,6,-1,-1,-1,1598,2,5,VAUXHALL INSIGNIA,-1,-1,0,-1
2024041411396,2024,041411396,2,9,0,-1,19,4,8,-1,0,4,0,0,0,0,2,1,-1,9,1,51,8,1956,2,12,VAUXHALL INSIGNIA,10,E01024968,0,1
2024332401135,2024,332401135,2,9,0,-1,4,1,5,-1,0,0,0,0,0,0,1,1,-1,6,1,27,6,1956,2,8,VAUXHALL INSIGNIA,5,E01025875,0,3
2024991436758,2024,991436758,2,9,0,-1,7,8,3,-1,0,1,0,0,0,0,3,1,-1,9,1,21,5,1598,2,8,VAUXHALL INSIGNIA,4,-1,0,2
2024010548527,2024,010548527,1,9,0,99,99,9,9,99,99,9,9,99,9,99,2,9,6,6,3,34,6,1956,2,11,VAUXHALL INSIGNIA,-1,-1,0,-1
2024010521748,2024,010521748,2,9,0,9,9,3,8,0,0,8,5,0,0,0,3,1,6,6,1,34,6,1956,2,9,VAUXHALL INSIGNIA,-1,-1,0,-1
2024471453573,2024,471453573,2,9,0,-1,19,2,6,-1,0,8,0,0,0,0,3,1,-1,9,1,48,8,1490,1,7,VAUXHALL INSIGNIA,8,E01021107,0,1
2024010541002,2024,010541002,1,9,0,18,19,3,7,0,0,1,0,0,0,0,1,1,6,6,1,48,8,1490,1,5,VAUXHALL INSIGNIA,2,E01004248,0,1
2024622400460,2024,622400460,1,9,0,18,19,4,8,0,0,0,0,0,0,0,1,1,6,6,1,28,6,1956,2,12,VAUXHALL INSIGNIA,4,E01010008,0,5
2024111463977,2024,111463977,3,9,0,-1,3,1,5,-1,0,0,0,0,0,0,2,1,-1,9,1,52,8,1598,2,8,VAUXHALL INSIGNIA,-1,-1,0,-1
2024991439049,2024,991439049,1,9,0,-1,19,5,1,-1,0,0,0,0,0,0,4,1,-1,9,1,48,8,1956,2,12,VAUXHALL INSIGNIA,2,-1,0,1
2024201485663,2024,201485663,2,9,0,-1,19,2,6,-1,0,8,0,0,0,0,1,9,-1,9,1,20,4,1598,2,8,VAUXHALL INSIGNIA,2,E01029346,0,4
2024111491128,2024,111491128,2,9,0,-1,19,1,5,-1,0,0,0,0,0,0,2,1,-1,9,1,34,6,1598,2,8,VAUXHALL INSIGNIA,2,E01020798,0,3
2024522402911,2024,522402911,2,9,0,7,7,1,3,0,0,5,0,0,0,0,1,1,6,6,2,34,6,1956,2,11,VAUXHALL INSIGNIA,3,E01014841,0,1
2024351540802,2024,351540802,1,9,0,-1,19,2,6,-1,0,0,0,0,7,9,1,1,-1,2,1,45,7,1796,1,13,VAUXHALL INSIGNIA,7,E01018064,0,2
2024371518035,2024,371518035,1,9,0,-1,-1,-1,-1,-1,-1,-1,-1,-1,-1,0,-1,9,-1,6,1,40,7,1956,2,9,VAUXHALL INSIGNIA,2,E01033122,0,1
2024231528784,2024,231528784,2,9,0,-1,19,6,2,-1,0,8,0,0,0,0,1,9,-1,9,1,73,10,1364,1,11,VAUXHALL INSIGNIA,10,E01010166,0,4
2024010516478,2024,010516478,1,9,0,99,99,9,9,99,99,9,9,99,9,99,1,9,6,6,3,-1,-1,1796,1,14,VAUXHALL INSIGNIA,2,E01000603,0,1
2024311478391,2024,311478391,2,9,0,-1,-1,-1,-1,-1,-1,-1,-1,-1,-1,0,-1,1,-1,6,1,30,6,1956,2,14,VAUXHALL INSIGNIA,-1,-1,0,-1
2024311524635,2024,311524635,1,9,0,-1,5,7,3,-1,0,1,0,0,0,0,1,1,-1,1,1,42,7,1496,2,3,VAUXHALL INSIGNIA,-1,-1,0,-1
2024991478264,2024,991478264,2,9,0,-1,2,0,0,-1,0,0,0,0,0,0,1,1,-1,6,-1,-1,-1,1796,1,12,VAUXHALL INSIGNIA,-1,-1,0,-1
2024111403129,2024,111403129,1,9,0,-1,19,5,8,-1,0,3,0,0,0,0,1,1,-1,6,1,58,9,1956,2,9,VAUXHALL INSIGNIA,5,E01020706,0,3
2024161412880,2024,161412880,1,9,0,-1,3,1,5,-1,0,1,0,0,0,0,4,9,-1,9,1,59,9,1956,2,13,VAUXHALL INSIGNIA,2,E01013038,0,3
2024520402177,2024,520402177,1,9,0,18,19,3,7,0,0,0,5,0,1,3,1,1,6,6,1,41,7,1956,2,11,VAUXHALL INSIGNIA,5,E01029125,0,1
2024351420241,2024,351420241,1,9,0,-1,2,0,0,-1,0,1,0,0,0,0,3,1,-1,6,-1,-1,-1,1956,2,10,VAUXHALL INSIGNIA,-1,-1,0,-1
2024361423271,2024,361423271,1,9,0,-1,19,1,5,-1,0,1,0,0,7,11,1,1,-1,9,1,26,6,1956,2,11,VAUXHALL INSIGNIA,1,E01018103,0,2
2024201406152,2024,201406152,1,9,0,-1,19,8,4,-1,0,4,0,0,0,0,1,9,-1,6,1,-1,-1,1796,1,15,VAUXHALL INSIGNIA,-1,-1,0,-1
2024061424767,2024,061424767,1,9,0,-1,19,3,7,-1,0,8,0,0,0,0,1,1,-1,2,-1,31,6,1956,2,11,VAUXHALL INSIGNIA,3,E01006341,0,1
2024101524009,2024,101524009,2,9,0,-1,19,6,1,-1,0,8,0,0,0,0,3,1,-1,6,1,57,9,1956,2,13,VAUXHALL INSIGNIA,2,E01027530,0,3
2024991438971,2024,991438971,1,8,0,-1,19,2,5,-1,0,0,1,0,7,0,1,1,-1,1,2,44,7,1496,2,4,VAUXHALL INSIGNIA,8,-1,0,2
2024411450258,2024,411450258,1,9,0,-1,19,2,6,-1,0,1,0,0,0,0,1,1,-1,1,2,56,9,1598,2,8,VAUXHALL INSIGNIA,6,E01023598,0,1
2024411402848,2024,411402848,1,9,0,-1,5,3,7,-1,0,4,0,0,0,0,1,1,-1,6,2,71,10,1796,1,15,VAUXHALL INSIGNIA,6,E01023633,0,1
2024302401662,2024,302401662,1,9,0,9,9,5,2,0,0,8,0,0,0,0,3,1,6,6,1,63,9,1956,2,13,VAUXHALL INSIGNIA,3,E01013532,0,1
2024131507695,2024,131507695,2,9,0,-1,7,1,5,-1,0,3,0,0,0,0,1,1,-1,9,1,60,9,1956,2,11,VAUXHALL INSIGNIA,2,E01011043,0,1
2024991396280,2024,991396280,1,9,0,-1,5,1,1,-1,0,0,0,0,0,0,1,1,-1,9,1,68,10,1796,1,10,VAUXHALL INSIGNIA,-1,-1,0,-1
2024332400896,2024,332400896,1,9,0,-1,19,7,3,-1,0,0,0,0,0,0,1,1,-1,6,1,69,10,1956,2,9,VAUXHALL INSIGNIA,7,E01025690,0,1
2024122400409,2024,122400409,1,9,0,5,5,3,7,0,0,8,0,0,0,0,1,1,3,7,2,26,6,1956,2,8,VAUXHALL INSIGNIA,5,E01013382,0,1
2024302400268,2024,302400268,1,9,0,18,19,8,4,0,0,2,0,0,0,0,1,1,6,6,1,33,6,1956,2,10,VAUXHALL INSIGNIA,1,E01013480,0,1
2024430522682,2024,430522682,1,9,0,18,19,6,2,0,0,8,0,0,2,4,3,1,1,1,2,28,6,1956,2,13,VAUXHALL INSIGNIA,5,E01015494,0,4
2024361418820,2024,361418820,1,9,0,-1,19,5,1,-1,0,2,0,0,0,0,1,1,-1,9,1,32,6,1956,2,15,VAUXHALL INSIGNIA,3,E01026483,0,2
2024332400008,2024,332400008,1,8,0,-1,5,1,5,-1,0,0,0,0,0,0,0,1,-1,1,1,25,5,1956,2,9,VAUXHALL INSIGNIA,1,E01013600,0,1
2024430265108,2024,430265108,4,9,0,4,4,6,2,0,0,1,0,0,0,0,3,1,6,6,1,75,10,1956,2,12,VAUXHALL INSIGNIA,10,E01017868,0,3
2024131416333,2024,131416333,2,9,0,-1,2,0,0,-1,0,0,0,0,0,0,3,1,-1,6,-1,-1,-1,1956,2,10,VAUXHALL INSIGNIA,-1,-1,0,-1
2024361517863,2024,361517863,2,9,0,-1,10,5,1,-1,0,8,0,0,0,0,2,1,-1,9,2,31,6,1956,2,9,VAUXHALL INSIGNIA,6,E01026627,0,4
2024401449390,2024,401449390,1,9,0,-1,19,7,3,-1,0,0,0,11,7,4,1,1,-1,2,1,51,8,1956,2,14,VAUXHALL INSIGNIA,9,E01017576,0,1
2024131418634,2024,131418634,3,9,0,-1,19,1,1,-1,0,0,0,0,0,0,1,1,-1,9,1,25,5,1956,2,9,VAUXHALL INSIGNIA,1,E01010928,0,4
2024061517191,2024,061517191,3,9,0,-1,19,7,3,-1,0,1,0,0,0,0,2,9,-1,6,1,-1,-1,1364,1,8,VAUXHALL INSIGNIA,-1,-1,0,-1
2024540069827,2024,540069827,1,9,0,18,19,3,7,0,0,0,0,0,0,0,1,1,1,1,1,47,8,1956,2,10,VAUXHALL INSIGNIA,1,E01015573,0,1
2024010520032,2024,010520032,2,9,0,99,99,9,9,99,99,9,9,99,9,99,1,9,6,6,3,24,5,1796,1,11,VAUXHALL INSIGNIA,3,E01003286,0,1
2024546062324,2024,546062324,2,9,0,2,2,0,0,0,0,1,0,0,0,0,1,1,6,6,1,-1,-1,1796,1,15,VAUXHALL INSIGNIA,-1,-1,0,-1
2024052402456,2024,052402456,1,9,0,11,11,7,3,0,0,0,0,0,0,0,4,1,6,6,1,33,6,1956,2,10,VAUXHALL INSIGNIA,1,E01006446,0,3
2024546961224,2024,546961224,1,9,0,18,19,1,5,0,0,0,0,0,0,0,1,1,2,2,1,43,7,1956,2,9,VAUXHALL INSIGNIA,9,E01033158,0,3
2024211503773,2024,211503773,1,9,0,-1,5,5,1,-1,0,0,0,0,0,0,1,1,-1,2,1,35,6,1956,2,10,VAUXHALL INSIGNIA,3,E01029409,0,1
2024548852924,2024,548852924,2,9,0,4,4,3,7,0,0,1,0,0,0,0,1,1,6,6,2,59,9,1956,2,12,VAUXHALL INSIGNIA,8,E01015562,0,1
2024440389799,2024,440389799,1,9,0,5,5,7,5,0,0,6,0,0,0,0,3,1,6,6,1,25,5,1956,2,13,VAUXHALL INSIGNIA,1,E01017039,0,2
2024371509901,2024,371509901,1,9,0,-1,19,4,8,-1,0,0,0,0,0,0,1,1,-1,6,1,53,8,1598,2,7,VAUXHALL INSIGNIA,8,E01029885,0,3
2024161467118,2024,161467118,1,9,0,-1,13,7,3,-1,0,0,1,0,1,0,1,1,-1,6,1,27,6,1956,2,14,VAUXHALL INSIGNIA,2,E01013131,0,1
2024371438721,2024,371438721,2,9,0,-1,19,4,8,-1,0,4,0,0,0,0,4,1,-1,7,1,54,8,1956,2,10,VAUXHALL INSIGNIA,8,E01030293,0,1
2024332400539,2024,332400539,2,9,0,-1,7,6,8,-1,0,5,0,0,0,0,4,1,-1,6,1,-1,-1,1598,1,14,VAUXHALL INSIGNIA,-1,-1,0,-1
2024201532611,2024,201532611,11,9,0,-1,2,0,0,-1,0,8,0,0,0,0,3,1,-1,6,-1,-1,-1,1956,2,7,VAUXHALL INSIGNIA,-1,-1,0,-1
2024440401939,2024,440401939,1,9,0,18,19,2,6,0,0,0,0,0,0,0,1,1,6,6,1,64,9,1598,2,8,VAUXHALL INSIGNIA,7,E01022502,0,1
2024361402108,2024,361402108,2,9,0,-1,19,6,2,-1,0,0,0,0,0,0,1,1,-1,9,1,37,7,1956,2,9,VAUXHALL INSIGNIA,2,E01030248,0,4
2024041484756,2024,041484756,1,9,0,-1,19,3,7,-1,0,0,-1,-1,0,0,-1,9,-1,6,3,-1,-1,1956,2,14,VAUXHALL INSIGNIA,-1,-1,0,-1
2024991450918,2024,991450918,2,9,0,-1,19,7,2,-1,0,1,0,0,0,0,1,1,-1,9,1,51,8,1490,1,6,VAUXHALL INSIGNIA,2,-1,0,3
2024421426890,2024,421426890,3,9,0,-1,4,1,5,-1,0,0,0,0,0,0,2,1,-1,6,1,38,7,1956,2,11,VAUXHALL INSIGNIA,10,E01018306,0,4
2024311405364,2024,311405364,2,9,0,-1,19,2,6,-1,0,1,0,0,0,0,1,1,-1,6,2,35,6,1956,2,9,VAUXHALL INSIGNIA,2,E01028282,0,1
2024991508288,2024,991508288,1,9,0,-1,19,6,2,-1,0,1,0,0,0,0,1,1,-1,9,2,63,9,1490,1,7,VAUXHALL INSIGNIA,6,-1,0,1
2024461498901,2024,461498901,2,9,0,-1,19,7,3,-1,0,0,0,0,0,0,2,1,-1,9,1,66,10,1490,1,7,VAUXHALL INSIGNIA,9,E01024298,0,4
2024361566697,2024,361566697,1,9,0,-1,19,5,1,-1,0,1,0,0,0,0,1,1,-1,6,2,39,7,1956,2,10,VAUXHALL INSIGNIA,4,E01026638,0,1
202460Q189083,2024,60Q189083,1,9,0,9,9,3,7,0,0,1,0,0,0,0,1,1,6,6,2,36,7,1956,2,11,VAUXHALL INSIGNIA,-1,-1,0,-1
2024141464612,2024,141464612,2,9,0,-1,19,8,4,-1,0,0,0,0,0,0,2,1,-1,9,1,34,6,1956,2,8,VAUXHALL INSIGNIA,-1,-1,0,-1
2024991450863,2024,991450863,1,9,0,-1,19,8,4,-1,0,0,0,0,0,0,1,1,-1,9,1,79,11,1956,2,10,VAUXHALL INSIGNIA,5,-1,0,4
2024631500817,2024,631500817,1,9,0,-1,13,8,4,-1,0,0,0,0,1,10,4,1,-1,9,1,29,6,1956,2,10,VAUXHALL INSIGNIA,3,W01000856,0,3
2024631451091,2024,631451091,1,9,0,-1,4,3,7,-1,0,0,0,0,0,0,2,1,-1,6,1,57,9,1490,1,7,VAUXHALL INSIGNIA,5,W01000602,0,2
2024421502538,2024,421502538,1,9,0,-1,13,4,8,-1,0,1,1,0,0,0,1,1,-1,6,1,-1,-1,1956,2,8,VAUXHALL INSIGNIA,-1,-1,0,-1
2024101435164,2024,101435164,1,9,0,-1,19,5,1,-1,0,1,0,0,0,0,4,1,-1,6,1,67,10,1956,2,9,VAUXHALL INSIGNIA,5,E01008433,0,1
2024991428662,2024,991428662,1,9,0,-1,4,1,6,-1,0,1,0,0,0,0,1,1,-1,6,2,22,5,1598,2,8,VAUXHALL INSIGNIA,-1,-1,0,-1
2024010528952,2024,010528952,2,9,0,9,9,2,7,0,0,1,0,0,0,0,1,1,2,2,1,40,7,1796,1,13,VAUXHALL INSIGNIA,5,E01015942,0,3
2024201475574,2024,201475574,1,9,0,-1,9,1,7,-1,0,5,0,0,0,0,1,9,-1,6,3,20,4,1956,2,13,VAUXHALL INSIGNIA,-1,-1,0,-1
2024111480202,2024,111480202,3,9,0,-1,2,0,0,-1,-1,8,0,0,0,0,1,1,-1,6,-1,-1,-1,1956,2,13,VAUXHALL INSIGNIA,-1,-1,0,-1
2024631451091,2024,631451091,2,9,0,-1,19,3,7,-1,0,0,0,0,1,10,1,1,-1,6,2,32,6,1956,2,12,VAUXHALL INSIGNIA,4,W01000603,0,2
2024122500330,2024,122500330,1,9,0,16,19,1,4,0,0,0,0,10,1,7,3,1,2,2,1,21,5,1956,2,13,VAUXHALL INSIGNIA,2,E01027852,0,4
2024052400491,2024,052400491,2,9,0,18,19,3,7,0,0,8,0,0,0,0,1,1,6,6,3,-1,-1,1598,2,8,VAUXHALL INSIGNIA,-1,-1,0,-1
2024141445817,2024,141445817,3,9,0,-1,19,5,2,-1,0,0,0,0,0,0,2,1,-1,1,1,34,6,1956,2,12,VAUXHALL INSIGNIA,-1,-1,0,-1
2024041512060,2024,041512060,1,9,0,-1,7,3,7,-1,0,8,0,0,0,0,1,1,-1,9,1,17,4,1956,2,10,VAUXHALL INSIGNIA,1,E01025184,0,1
2024010512301,2024,010512301,1,9,0,13,13,3,7,0,0,1,0,0,0,0,1,1,6,6,1,34,6,1598,2,6,VAUXHALL INSIGNIA,3,E01000103,0,3
2024141526328,2024,141526328,2,9,0,-1,19,8,4,-1,0,0,0,0,1,6,4,1,-1,6,1,36,7,1956,2,15,VAUXHALL INSIGNIA,7,E01034252,0,4
2024361482748,2024,361482748,2,9,0,-1,5,3,6,-1,0,2,5,0,1,0,4,1,-1,9,2,62,9,1956,2,8,VAUXHALL INSIGNIA,7,E01026893,0,4
2024041454088,2024,041454088,1,9,0,-1,19,1,5,-1,0,1,0,0,0,0,4,1,-1,6,1,72,10,1956,2,9,VAUXHALL INSIGNIA,2,E01025101,0,1
2024340WN7352,2024,340WN7352,3,9,0,-1,4,5,1,-1,0,0,0,0,0,0,2,1,-1,2,1,43,7,1956,2,13,VAUXHALL INSIGNIA,2,E01027178,0,2
2024311488853,2024,311488853,2,9,0,-1,2,0,0,-1,9,8,1,0,0,0,4,1,-1,6,-1,-1,-1,1956,2,10,VAUXHALL INSIGNIA,-1,-1,0,-1
2024131529343,2024,131529343,2,9,0,-1,4,7,5,-1,0,1,0,0,0,0,2,1,-1,1,1,45,7,1956,2,10,VAUXHALL INSIGNIA,5,E01002083,0,5
2024031452671,2024,031452671,1,9,0,-1,-1,-1,-1,-1,-1,0,-1,-1,-1,0,-1,1,-1,1,2,28,6,1598,2,5,VAUXHALL INSIGNIA,-1,-1,0,-1
2024361400428,2024,361400428,4,9,0,-1,3,7,3,-1,0,1,0,0,0,0,2,1,-1,9,2,39,7,1956,2,15,VAUXHALL INSIGNIA,10,E01026644,0,3
2024161482817,2024,161482817,2,9,0,-1,19,3,7,-1,0,0,0,0,0,0,1,1,-1,6,2,38,7,1956,2,13,VAUXHALL INSIGNIA,1,E01012834,0,4
2024461523445,2024,461523445,1,9,0,-1,19,1,5,-1,0,4,0,0,0,0,2,1,-1,9,1,44,7,1956,2,9,VAUXHALL INSIGNIA,4,E01024138,0,1
2024401438676,2024,401438676,2,9,-1,-1,4,5,1,-1,0,4,0,0,0,0,4,9,-1,9,1,36,7,1956,2,13,VAUXHALL INSIGNIA,8,E01017488,0,1
2024320441657,2024,320441657,1,9,0,9,9,4,2,0,0,6,0,0,0,0,3,1,-1,-1,1,41,7,1598,2,6,VAUXHALL INSIGNIA,-1,-1,0,-1
2024451439672,2024,451439672,3,9,0,-1,3,6,2,-1,0,4,0,0,0,0,2,1,-1,9,2,50,8,1796,1,14,VAUXHALL INSIGNIA,9,E01030334,0,3
2024061498003,2024,061498003,2,9,-1,-1,19,1,5,-1,0,1,0,4,0,0,1,9,-1,6,1,30,6,1956,2,13,VAUXHALL INSIGNIA,-1,-1,0,-1
2024552400555,2024,552400555,4,9,0,2,2,0,0,0,0,0,0,0,0,0,2,1,6,6,3,-1,-1,1956,2,9,VAUXHALL INSIGNIA,-1,-1,0,-1
2024010546261,2024,010546261,1,9,0,99,99,9,9,99,99,9,9,99,9,99,9,9,6,6,3,-1,-1,1956,2,8,VAUXHALL INSIGNIA,3,E01004402,0,2
2024543893324,2024,543893324,1,9,0,18,19,7,3,0,0,0,0,0,0,0,1,1,6,6,1,25,5,1956,2,11,VAUXHALL INSIGNIA,2,W01001073,0,5
2024201489376,2024,201489376,1,8,0,-1,15,1,5,-1,0,0,0,0,0,0,1,9,-1,6,1,-1,-1,1956,2,9,VAUXHALL INSIGNIA,9,E01009665,0,1
2024631431225,2024,631431225,1,9,0,-1,19,3,6,-1,0,0,0,0,7,4,1,2,-1,6,1,32,6,1956,2,9,VAUXHALL INSIGNIA,6,W01000679,0,1
2024141426471,2024,141426471,2,9,0,-1,9,7,5,-1,0,1,0,0,0,0,1,1,-1,2,1,51,8,1956,2,11,VAUXHALL INSIGNIA,5,E01007518,0,3
2024320277662,2024,320277662,3,9,0,4,4,5,1,0,0,2,0,0,0,0,2,1,6,6,2,41,7,1956,2,12,VAUXHALL INSIGNIA,-1,-1,0,-1
2024141421338,2024,141421338,2,9,0,-1,19,6,2,-1,0,0,0,0,0,0,2,1,-1,6,1,46,8,1956,2,10,VAUXHALL INSIGNIA,1,E01013298,0,4
2024010509222,2024,010509222,1,9,0,99,99,9,9,99,99,9,9,99,9,99,9,9,6,6,1,42,7,1362,1,12,VAUXHALL INSIGNIA,4,E01003222,0,1
2024041534325,2024,041534325,1,9,0,-1,9,5,2,-1,0,6,0,0,0,0,3,1,-1,9,1,31,6,1956,2,14,VAUXHALL INSIGNIA,1,E01012736,0,1
2024421480271,2024,421480271,1,9,0,-1,19,3,8,-1,0,4,0,0,0,0,3,1,-1,6,2,29,6,1956,2,12,VAUXHALL INSIGNIA,2,E01035164,0,1
2024131515959,2024,131515959,1,9,0,-1,19,4,8,-1,0,8,0,0,0,0,1,1,-1,6,-1,-1,-1,1956,2,13,VAUXHALL INSIGNIA,-1,-1,0,-1
2024471496407,2024,471496407,1,9,0,-1,9,5,3,-1,0,5,0,0,0,0,1,1,-1,1,1,36,7,1956,2,6,VAUXHALL INSIGNIA,1,E01020912,0,2
2024201459951,2024,201459951,1,9,0,-1,19,8,4,-1,0,8,0,0,0,0,3,1,-1,6,1,28,6,1956,2,7,VAUXHALL INSIGNIA,2,E01010419,0,1
2024501463129,2024,501463129,2,9,0,-1,1,-1,-1,-1,0,0,0,0,0,0,2,1,-1,6,3,-1,-1,1956,2,9,VAUXHALL INSIGNIA,-1,-1,0,-1
2024501420590,2024,501420590,1,9,0,-1,19,2,6,-1,0,0,0,0,0,0,1,9,-1,6,1,59,9,1956,2,9,VAUXHALL INSIGNIA,9,E01020186,0,1
2024411538462,2024,411538462,2,8,0,-1,4,5,1,-1,0,0,0,0,0,0,3,1,-1,1,1,63,9,1956,2,8,VAUXHALL INSIGNIA,6,E01023359,0,3
2024201429408,2024,201429408,1,9,0,-1,19,6,2,-1,0,0,0,0,0,0,1,9,-1,6,1,35,6,1956,2,11,VAUXHALL INSIGNIA,6,E01009776,0,1
2024010533143,2024,010533143,2,9,0,99,99,9,9,99,99,9,9,99,9,99,1,9,6,6,3,-1,-1,1490,1,7,VAUXHALL INSIGNIA,9,E01002575,0,1
2024302400948,2024,302400948,1,9,0,9,9,8,6,0,0,8,0,0,0,0,1,1,3,7,1,40,7,1956,2,9,VAUXHALL INSIGNIA,1,E01013568,0,1
2024131478956,2024,131478956,1,9,0,-1,9,1,2,-1,0,5,0,0,7,0,1,1,-1,2,2,52,8,1796,1,10,VAUXHALL INSIGNIA,1,E01011084,0,3
2024101524391,2024,101524391,1,9,0,-1,19,1,5,-1,0,8,0,0,0,0,1,1,-1,6,1,63,9,1956,2,10,VAUXHALL INSIGNIA,3,E01008510,0,2
2024061487042,2024,061487042,1,9,0,-1,11,5,1,-1,0,0,1,0,1,0,4,9,-1,9,1,-1,-1,1598,2,6,VAUXHALL INSIGNIA,-1,-1,0,-1
2024471482842,2024,471482842,1,9,0,-1,19,2,6,-1,0,0,0,0,1,0,1,1,-1,6,1,35,6,1956,2,9,VAUXHALL INSIGNIA,8,E01021150,0,3
2024010498528,2024,010498528,3,9,0,9,9,1,6,0,0,8,0,0,0,0,1,1,6,6,1,16,4,1490,1,7,VAUXHALL INSIGNIA,4,E01002591,0,1
2024141521229,2024,141521229,1,9,0,-1,13,7,3,-1,5,2,0,0,0,0,1,1,-1,9,1,32,6,1956,2,14,VAUXHALL INSIGNIA,8,E01028010,0,3
2024061434494,2024,061434494,1,9,0,-1,19,5,1,-1,0,0,5,4,0,0,4,1,-1,1,1,61,9,1956,2,8,VAUXHALL INSIGNIA,5,E01005002,0,1