collision_index,collision_year,collision_ref_no,vehicle_reference,vehicle_type,towing_and_articulation,vehicle_manoeuvre_historic,vehicle_manoeuvre,vehicle_direction_from,vehicle_direction_to,vehicle_location_restricted_lane_historic,vehicle_location_restricted_lane,junction_location,skidding_and_overturning,hit_object_in_carriageway,vehicle_leaving_carriageway,hit_object_off_carriageway,first_point_of_impact,vehicle_left_hand_drive,journey_purpose_of_driver_historic,journey_purpose_of_driver,sex_of_driver,age_of_driver,age_band_of_driver,engine_capacity_cc,propulsion_code,age_of_vehicle,generic_make_model,driver_imd_decile,lsoa_of_driver,escooter_flag,driver_distance_banding
2024320475161,2024,320475161,1,9,0,-1,-1,6,2,0,0,0,1,0,0,0,1,1,6,6,1,-1,-1,1796,1,13,VAUXHALL INSIGNIA,-1,-1,0,-1
2024311398419,2024,311398419,2,9,0,-1,19,1,5,-1,0,8,1,4,0,0,1,1,-1,1,1,44,7,1598,2,8,VAUXHALL INSIGNIA,-1,-1,0,-1
2024141487736,2024,141487736,1,9,0,-1,19,2,6,-1,0,2,0,0,0,0,2,1,-1,6,2,47,8,1598,2,6,VAUXHALL INSIGNIA,1,E01007530,0,1
2024320013448,2024,320013448,2,9,0,18,19,7,3,0,0,0,1,0,7,4,3,1,6,6,1,47,8,1956,2,9,VAUXHALL INSIGNIA,7,E01026299,0,2
2024201421392,2024,201421392,2,8,0,-1,19,6,2,-1,0,8,0,0,0,0,4,1,-1,6,1,49,8,1598,2,8,VAUXHALL INSIGNIA,1,E01008916,0,2
202417S108824,2024,17S108824,1,9,0,-1,19,4,8,-1,0,0,0,0,0,0,1,1,-1,2,1,28,6,1956,2,13,VAUXHALL INSIGNIA,-1,-1,0,-1
2024141469631,2024,141469631,2,9,0,-1,19,4,8,-1,0,1,0,0,0,0,1,9,-1,6,2,45,7,1796,1,9,VAUXHALL INSIGNIA,4,E01007780,0,1
2024061398398,2024,061398398,1,9,0,-1,19,5,1,-1,0,1,0,0,0,0,3,9,-1,6,3,-1,-1,1956,2,8,VAUXHALL INSIGNIA,-1,-1,0,-1
2024430273139,2024,430273139,1,9,0,18,19,7,3,0,0,8,0,0,0,0,1,1,1,1,1,-1,-1,1598,2,5,VAUXHALL INSIGNIA,-1,-1,0,-1
2024371420560,2024,371420560,2,8,0,-1,19,3,5,-1,0,1,0,0,0,0,1,1,-1,1,1,44,7,1956,2,13,VAUXHALL INSIGNIA,1,E01033131,0,3
2024201510074,2024,201510074,3,9,0,-1,19,2,6,-1,0,0,0,0,0,0,2,1,-1,6,-1,-1,-1,1956,2,10,VAUXHALL INSIGNIA,-1,-1,0,-1
2024371480177,2024,371480177,1,9,0,-1,5,5,2,-1,0,4,0,0,0,0,1,9,-1,2,1,47,8,1956,2,11,VAUXHALL INSIGNIA,10,E01030183,0,3
2024010507357,2024,010507357,5,9,0,3,3,3,7,0,0,1,0,0,0,0,1,1,6,6,1,58,9,1956,2,6,VAUXHALL INSIGNIA,6,E01003772,0,1
2024201411064,2024,201411064,1,9,0,-1,19,1,5,-1,0,0,0,0,0,0,1,1,-1,6,1,64,9,1956,2,11,VAUXHALL INSIGNIA,6,-1,0,5
2024371510637,2024,371510637,1,9,0,-1,19,5,6,-1,0,0,5,0,0,0,1,1,-1,6,2,23,5,1956,2,9,VAUXHALL INSIGNIA,6,E01030097,0,1
2024231529258,2024,231529258,1,9,0,-1,5,4,8,-1,0,8,1,10,0,0,1,9,-1,6,3,23,5,1956,2,13,VAUXHALL INSIGNIA,-1,-1,0,-1
2024161425907,2024,161425907,1,9,0,-1,19,3,7,-1,0,1,0,0,0,0,-1,1,-1,6,3,-1,-1,1956,2,13,VAUXHALL INSIGNIA,-1,-1,0,-1
2024531469633,2024,531469633,1,9,0,-1,9,7,3,-1,0,8,0,0,0,0,4,1,-1,9,1,69,10,1956,2,7,VAUXHALL INSIGNIA,2,E01022164,0,1
2024131450572,2024,131450572,1,9,0,-1,9,7,5,-1,0,6,0,0,0,0,1,1,-1,9,1,27,6,1956,2,12,VAUXHALL INSIGNIA,1,E01013296,0,4
2024070837655,2024,070837655,1,9,0,-1,9,3,1,-1,0,5,0,0,0,0,4,1,-1,6,1,35,6,1956,2,9,VAUXHALL INSIGNIA,-1,-1,0,-1
2024141423205,2024,141423205,3,9,0,-1,19,5,1,-1,0,0,0,0,0,0,1,1,-1,1,1,46,8,1956,2,14,VAUXHALL INSIGNIA,4,E01007331,0,2
2024991523454,2024,991523454,2,9,0,-1,19,8,4,-1,0,8,0,0,0,0,1,1,-1,9,1,50,8,1956,2,12,VAUXHALL INSIGNIA,4,-1,0,4
2024421498036,2024,421498036,1,9,0,-1,19,6,3,-1,0,1,0,0,0,0,1,9,-1,6,1,-1,-1,1956,2,11,VAUXHALL INSIGNIA,-1,-1,0,-1
2024221507604,2024,221507604,2,9,0,-1,19,3,7,-1,0,8,1,0,0,0,1,1,-1,6,1,33,6,1956,2,13,VAUXHALL INSIGNIA,1,E01009132,0,4
2024320463654,2024,320463654,2,9,0,-1,-1,2,6,0,0,0,1,0,0,0,3,1,-1,-1,2,39,7,1956,2,11,VAUXHALL INSIGNIA,1,E01026112,0,1
2024340WN6522,2024,340WN6522,1,9,0,-1,5,1,5,-1,0,1,0,0,0,0,1,1,-1,9,2,46,8,1956,2,9,VAUXHALL INSIGNIA,3,E01027173,0,1
2024041400127,2024,041400127,1,9,0,-1,9,3,7,-1,0,1,0,0,0,0,1,1,-1,1,1,41,7,1956,2,12,VAUXHALL INSIGNIA,3,E01025192,0,1
2024311446316,2024,311446316,2,9,0,-1,4,8,4,-1,0,1,0,0,0,0,3,1,-1,6,1,28,6,1956,2,15,VAUXHALL INSIGNIA,1,E01013839,0,1
2024401541920,2024,401541920,2,9,0,-1,19,1,5,-1,0,0,0,0,0,0,1,1,-1,6,1,29,6,1956,2,5,VAUXHALL INSIGNIA,6,E01017527,0,1
2024501428505,2024,501428505,1,9,0,-1,19,5,1,-1,0,0,0,0,0,0,4,9,-1,6,1,58,9,1598,2,8,VAUXHALL INSIGNIA,6,E01018906,0,1
2024351525883,2024,351525883,1,9,-1,-1,-1,-1,-1,-1,-1,0,-1,-1,-1,0,-1,9,-1,6,3,-1,-1,1956,2,10,VAUXHALL INSIGNIA,-1,-1,0,-1
2024991534602,2024,991534602,2,9,0,-1,4,7,3,-1,0,2,0,0,0,0,2,1,-1,9,1,59,9,1956,2,13,VAUXHALL INSIGNIA,10,-1,0,4
2024211511566,2024,211511566,1,9,0,-1,9,4,1,-1,0,5,0,0,0,0,1,1,-1,9,1,43,7,1956,2,11,VAUXHALL INSIGNIA,3,E01029408,0,1
2024421441368,2024,421441368,1,9,0,-1,19,7,3,-1,0,7,0,0,0,0,1,1,-1,2,1,35,6,1956,2,9,VAUXHALL INSIGNIA,3,E01021307,0,1
2024071062619,2024,071062619,2,9,0,-1,19,5,1,-1,0,1,0,0,0,0,4,1,-1,6,1,40,7,1598,2,6,VAUXHALL INSIGNIA,1,E01012526,0,4
2024131474063,2024,131474063,2,9,0,-1,5,1,5,-1,0,0,0,0,0,0,3,1,-1,9,2,25,5,1956,2,9,VAUXHALL INSIGNIA,4,E01010795,0,2
2024340WN1122,2024,340WN1122,2,9,0,-1,19,6,2,-1,0,0,0,0,0,0,4,1,-1,2,1,51,8,1956,2,15,VAUXHALL INSIGNIA,7,E01033860,0,4
2024440269987,2024,440269987,1,9,0,18,19,1,5,0,0,8,0,0,0,0,4,1,6,6,1,26,6,1598,2,7,VAUXHALL INSIGNIA,3,E01000510,0,5
2024991413753,2024,991413753,1,9,0,-1,19,5,1,-1,0,2,0,0,0,0,1,1,-1,6,1,34,6,1598,2,8,VAUXHALL INSIGNIA,-1,-1,0,-1
2024440019251,2024,440019251,2,9,0,2,2,0,0,6,6,0,0,0,0,0,3,1,6,6,3,-1,-1,1956,2,9,VAUXHALL INSIGNIA,-1,-1,0,-1
2024211400083,2024,211400083,1,9,0,-1,-1,-1,-1,-1,-1,-1,-1,-1,-1,0,-1,1,-1,6,1,63,9,1956,2,14,VAUXHALL INSIGNIA,8,E01029788,0,4
2024010512068,2024,010512068,2,9,0,8,8,2,4,0,0,1,0,0,0,0,1,1,2,2,1,39,7,1598,2,8,VAUXHALL INSIGNIA,-1,-1,0,-1
2024141423372,2024,141423372,3,9,0,-1,2,0,0,-1,0,0,0,0,0,0,1,1,-1,6,-1,-1,-1,1364,1,8,VAUXHALL INSIGNIA,-1,-1,0,-1
2024547619024,2024,547619024,1,9,0,18,19,6,2,0,0,1,0,0,0,0,1,1,6,6,1,47,8,1490,1,7,VAUXHALL INSIGNIA,9,E01016263,0,4
2024451457354,2024,451457354,4,9,0,-1,4,7,3,-1,0,0,0,0,0,0,2,1,-1,6,1,45,7,1956,2,7,VAUXHALL INSIGNIA,9,E01022564,0,4
2024010516569,2024,010516569,2,9,0,18,19,7,3,0,0,4,0,0,0,0,1,1,6,6,1,40,7,1598,2,7,VAUXHALL INSIGNIA,3,E01000405,0,1
2024991454612,2024,991454612,4,9,0,-1,2,0,0,-1,0,2,0,4,0,0,3,9,-1,6,-1,-1,-1,1956,2,12,VAUXHALL INSIGNIA,-1,-1,0,-1
2024161482817,2024,161482817,1,9,0,-1,19,6,3,-1,0,0,0,0,0,0,1,1,-1,6,2,27,6,1956,2,9,VAUXHALL INSIGNIA,9,E01013016,0,1
2024311450861,2024,311450861,1,9,0,-1,19,4,8,-1,0,0,0,0,7,0,1,1,-1,6,1,30,6,1796,1,14,VAUXHALL INSIGNIA,3,E01028297,0,3
2024320039279,2024,320039279,3,9,0,2,2,0,0,0,0,0,0,0,0,0,2,1,6,6,1,35,6,1956,2,10,VAUXHALL INSIGNIA,1,E01030018,0,5
2024351452961,2024,351452961,1,9,0,-1,19,8,5,-1,0,0,0,0,0,0,1,1,-1,9,2,30,6,1956,2,14,VAUXHALL INSIGNIA,10,E01018305,0,1
2024302400392,2024,302400392,1,9,0,4,4,8,4,0,0,0,0,0,0,0,1,1,6,6,1,25,5,1956,2,14,VAUXHALL INSIGNIA,2,E01019549,0,1
2024041459166,2024,041459166,1,9,0,-1,5,5,1,-1,0,8,0,0,7,10,1,1,-1,9,1,39,7,1956,2,9,VAUXHALL INSIGNIA,5,E01004983,0,4
2024071016346,2024,071016346,1,9,0,-1,9,5,3,-1,0,2,0,0,0,0,1,1,-1,6,2,-1,-1,1956,2,8,VAUXHALL INSIGNIA,1,E01007295,0,2
2024471497178,2024,471497178,1,9,0,-1,19,7,3,-1,0,0,0,0,1,11,3,1,-1,9,1,54,8,1598,2,8,VAUXHALL INSIGNIA,4,E01031433,0,4
2024430623226,2024,430623226,1,9,0,8,8,6,8,0,0,1,0,0,0,0,2,1,6,6,1,27,6,1796,1,11,VAUXHALL INSIGNIA,4,E01035253,0,1
2024061516012,2024,061516012,2,9,0,-1,3,5,1,-1,99,0,0,0,0,0,2,1,-1,9,2,40,7,1956,2,10,VAUXHALL INSIGNIA,4,E01005900,0,1
2024141468049,2024,141468049,2,9,0,-1,19,1,6,-1,0,1,5,0,0,0,1,1,-1,6,1,30,6,1956,2,12,VAUXHALL INSIGNIA,1,E01007544,0,2
2024161454053,2024,161454053,2,9,0,-1,4,7,3,-1,2,0,0,0,0,0,2,1,-1,9,1,58,9,1956,2,9,VAUXHALL INSIGNIA,3,E01012784,0,1
2024991500778,2024,991500778,3,9,0,-1,19,6,2,-1,0,0,0,0,0,0,1,1,-1,9,1,74,10,1956,2,7,VAUXHALL INSIGNIA,8,-1,0,2
2024440006180,2024,440006180,1,9,0,9,9,1,6,0,0,5,0,0,0,0,1,1,6,6,1,44,7,1956,2,9,VAUXHALL INSIGNIA,7,E01017086,0,1
2024461495564,2024,461495564,1,9,4,-1,19,7,3,-1,0,1,0,0,0,0,4,9,-1,6,1,24,5,1956,2,11,VAUXHALL INSIGNIA,6,E01024361,0,1
2024122400422,2024,122400422,4,9,0,18,19,7,3,0,0,0,0,0,0,0,1,1,6,6,1,69,10,1956,2,12,VAUXHALL INSIGNIA,10,E01013405,0,2
2024522401340,2024,522401340,5,9,0,3,3,8,4,0,0,0,0,0,0,0,2,1,6,6,1,38,7,1598,2,6,VAUXHALL INSIGNIA,7,W01002029,0,4
2024440511671,2024,440511671,1,9,0,4,4,1,5,0,0,0,1,0,0,0,1,1,6,6,1,23,5,1598,2,9,VAUXHALL INSIGNIA,5,E01020562,0,4
2024361419754,2024,361419754,1,8,0,-1,19,7,4,-1,0,4,0,0,3,0,1,1,-1,1,1,54,8,1490,1,5,VAUXHALL INSIGNIA,6,E01033541,0,3
2024440466034,2024,440466034,1,9,0,18,19,8,4,0,0,8,0,0,0,0,3,1,6,6,2,44,7,1956,2,12,VAUXHALL INSIGNIA,9,E01022689,0,1
2024201435755,2024,201435755,2,9,0,-1,19,8,1,-1,0,8,0,0,0,0,1,1,-1,9,1,34,6,1956,2,11,VAUXHALL INSIGNIA,1,E01009013,0,1
2024131400717,2024,131400717,2,9,0,-1,4,1,5,-1,0,8,0,0,0,0,2,1,-1,6,1,43,7,1956,2,10,VAUXHALL INSIGNIA,1,E01025183,0,4
2024141539806,2024,141539806,1,9,0,-1,19,8,4,-1,0,2,1,0,1,11,1,1,-1,9,2,35,6,1796,1,15,VAUXHALL INSIGNIA,1,E01007508,0,1
2024461489444,2024,461489444,3,9,0,-1,4,5,1,-1,0,0,0,0,0,0,2,1,-1,6,1,36,7,1956,2,9,VAUXHALL INSIGNIA,3,E01024715,0,1
2024361529686,2024,361529686,1,9,0,-1,19,5,1,-1,0,8,0,0,0,0,1,1,-1,6,1,21,5,1956,2,11,VAUXHALL INSIGNIA,3,E01026694,0,2
2024101486196,2024,101486196,2,9,0,-1,3,5,1,-1,0,0,0,0,0,0,1,1,-1,6,2,44,7,1598,2,9,VAUXHALL INSIGNIA,1,E01008297,0,1
2024010528825,2024,010528825,1,9,0,9,9,8,6,0,0,5,0,0,0,0,4,1,6,6,1,84,11,1796,1,11,VAUXHALL INSIGNIA,-1,-1,0,-1
2024010517113,2024,010517113,3,9,0,2,2,0,0,0,0,2,0,0,0,0,3,1,6,6,3,-1,-1,1490,1,7,VAUXHALL INSIGNIA,-1,-1,0,-1
2024201427385,2024,201427385,2,9,0,-1,5,2,6,-1,0,6,0,0,0,0,1,9,-1,9,2,44,7,1598,2,8,VAUXHALL INSIGNIA,4,E01010026,0,2
2024311488318,2024,311488318,1,9,0,-1,19,3,7,-1,0,1,0,11,0,0,1,1,-1,6,1,28,6,1956,2,15,VAUXHALL INSIGNIA,-1,-1,0,-1
2024101420340,2024,101420340,1,8,0,-1,19,3,7,-1,0,4,0,0,0,0,1,1,-1,1,1,-1,-1,1598,2,7,VAUXHALL INSIGNIA,9,E01027538,0,3
2024101491990,2024,101491990,1,9,0,-1,19,8,4,-1,0,4,0,0,0,0,1,2,-1,6,2,64,9,1956,2,11,VAUXHALL INSIGNIA,3,E01033205,0,1
2024311420230,2024,311420230,6,9,0,-1,4,7,3,-1,0,0,0,0,0,0,0,1,-1,6,1,45,7,1956,2,7,VAUXHALL INSIGNIA,-1,-1,0,-1
2024631411078,2024,631411078,1,9,0,-1,19,5,1,-1,0,0,5,0,1,10,1,1,-1,6,1,45,7,1796,1,15,VAUXHALL INSIGNIA,1,E01006567,0,5
2024201416475,2024,201416475,2,9,0,-1,9,6,4,-1,0,6,0,0,0,0,4,1,-1,9,2,34,6,1956,2,8,VAUXHALL INSIGNIA,1,E01009329,0,1
2024201494859,2024,201494859,2,9,0,-1,19,6,-1,-1,0,8,0,0,0,0,1,9,-1,1,1,54,8,1956,2,8,VAUXHALL INSIGNIA,1,E01008907,0,1
2024320026685,2024,320026685,1,9,0,18,19,4,8,0,0,0,1,0,0,0,1,1,6,6,1,66,10,1598,2,9,VAUXHALL INSIGNIA,1,E01026074,0,1
2024340WN1912,2024,340WN1912,4,9,0,-1,2,0,0,-1,0,2,0,0,0,0,2,1,-1,6,3,-1,-1,1796,1,15,VAUXHALL INSIGNIA,-1,-1,0,-1
2024161461091,2024,161461091,1,9,0,-1,19,5,1,-1,0,0,0,0,0,0,1,1,-1,9,1,26,6,1956,2,10,VAUXHALL INSIGNIA,1,E01013141,0,4
2024471509231,2024,471509231,1,9,0,-1,19,6,1,-1,0,8,0,0,0,0,4,1,-1,6,3,-1,-1,1956,2,13,VAUXHALL INSIGNIA,-1,-1,0,-1
2024461408228,2024,461408228,2,9,0,-1,19,1,5,-1,0,8,0,0,0,0,1,1,-1,9,1,42,7,1956,2,9,VAUXHALL INSIGNIA,4,E01024673,0,2
2024461436567,2024,461436567,3,9,0,-1,20,0,0,-1,0,2,0,0,0,0,2,1,-1,6,1,46,8,1598,2,6,VAUXHALL INSIGNIA,4,E01024293,0,1
2024332400891,2024,332400891,3,9,0,-1,5,4,8,-1,0,1,0,0,0,0,1,1,-1,2,1,26,6,1956,2,6,VAUXHALL INSIGNIA,8,E01015645,0,4
2024401432509,2024,401432509,2,9,0,-1,19,1,5,-1,0,0,0,0,1,0,1,1,-1,1,1,65,9,1956,2,12,VAUXHALL INSIGNIA,5,E01027059,0,3
2024131410330,2024,131410330,2,9,0,-1,2,0,0,-1,0,0,0,4,0,0,2,1,-1,6,-1,-1,-1,1956,2,11,VAUXHALL INSIGNIA,-1,-1,0,-1
2024361427059,2024,361427059,1,9,0,-1,19,3,7,-1,0,0,0,0,0,0,3,1,-1,6,2,74,10,1956,2,12,VAUXHALL INSIGNIA,6,E01026899,0,4
2024161535040,2024,161535040,2,9,0,-1,19,5,1,-1,0,1,0,0,0,0,1,9,-1,6,2,30,6,1956,2,9,VAUXHALL INSIGNIA,-1,-1,0,-1
2024340WN1852,2024,340WN1852,1,9,0,-1,7,8,2,-1,0,4,0,0,0,0,1,1,-1,2,2,23,5,1598,2,8,VAUXHALL INSIGNIA,4,E01032980,0,1
2024122400360,2024,122400360,2,9,0,18,19,3,7,0,0,0,0,0,0,0,2,1,6,6,1,39,7,1598,2,8,VAUXHALL INSIGNIA,3,E01013549,0,5
2024122400283,2024,122400283,2,9,0,18,19,2,6,0,0,0,0,0,0,0,1,1,6,6,1,49,8,1956,2,6,VAUXHALL INSIGNIA,9,E01034755,0,4
2024531479809,2024,531479809,2,9,0,-1,2,0,0,-1,9,0,0,0,0,0,2,1,-1,6,-1,-1,-1,1956,2,11,VAUXHALL INSIGNIA,-1,-1,0,-1
2024991410591,2024,991410591,2,9,0,-1,13,8,5,-1,0,0,2,0,7,9,1,1,-1,6,1,51,8,1956,2,13,VAUXHALL INSIGNIA,7,E01003753,0,5
2024991426614,2024,991426614,1,9,0,-1,19,7,3,-1,0,3,0,0,0,0,1,1,-1,9,1,45,7,1598,2,8,VAUXHALL INSIGNIA,-1,-1,0,-1
2024522403077,2024,522403077,2,9,0,9,9,8,5,0,0,8,0,0,0,0,4,1,6,6,1,37,7,1490,1,6,VAUXHALL INSIGNIA,4,E01014527,0,1
2024010498168,2024,010498168,2,9,0,99,99,9,9,99,99,9,9,99,9,99,1,9,6,6,3,24,5,1364,1,8,VAUXHALL INSIGNIA,3,E01004533,0,1
2024440195337,2024,440195337,1,9,0,18,19,3,7,0,0,0,0,0,0,0,1,1,6,6,1,31,6,1956,2,12,VAUXHALL INSIGNIA,10,E01022921,0,1
2024332401203,2024,332401203,1,9,0,-1,19,1,5,-1,0,0,0,0,0,0,1,1,-1,9,1,29,6,1956,2,13,VAUXHALL INSIGNIA,2,E01013781,0,2
2024201553265,2024,201553265,2,9,0,-1,19,1,5,-1,0,8,0,0,0,0,1,9,-1,6,1,24,5,1796,1,13,VAUXHALL INSIGNIA,1,E01009051,0,1
2024070663378,2024,070663378,2,9,0,18,19,7,3,0,0,8,0,10,0,0,3,1,6,6,1,56,9,1956,2,9,VAUXHALL INSIGNIA,1,E01012407,0,1
2024471451326,2024,471451326,1,9,0,-1,5,6,4,-1,0,4,0,0,0,0,1,1,-1,9,2,36,7,1796,1,12,VAUXHALL INSIGNIA,10,E01035360,0,1
2024371481401,2024,371481401,1,9,0,-1,19,1,5,-1,0,1,0,0,0,0,1,1,-1,9,1,36,7,1956,2,11,VAUXHALL INSIGNIA,10,E01018014,0,4
2024211452954,2024,211452954,2,9,0,-1,3,7,1,-1,0,0,0,0,0,0,2,1,-1,2,1,39,7,1490,1,6,VAUXHALL INSIGNIA,-1,-1,0,-1
2024451441292,2024,451441292,1,9,0,-1,19,3,7,-1,0,4,0,6,8,7,3,1,-1,7,2,30,6,1956,2,9,VAUXHALL INSIGNIA,10,E01030790,0,1
2024011396555,2024,011396555,1,9,0,-1,-1,5,5,-1,-1,0,0,0,0,0,1,1,-1,-1,1,30,6,1956,2,7,VAUXHALL INSIGNIA,7,E01021544,0,4
2024440302489,2024,440302489,2,9,0,9,9,3,1,0,0,1,0,0,0,0,1,1,6,6,1,-1,-1,1956,2,13,VAUXHALL INSIGNIA,-1,-1,0,-1
2024522401209,2024,522401209,1,9,0,2,2,0,0,0,0,0,0,0,0,0,2,1,6,6,2,59,9,1956,2,9,VAUXHALL INSIGNIA,8,E01014863,0,1
2024231526469,2024,231526469,2,9,0,-1,19,3,7,-1,0,0,0,0,0,0,1,9,-1,6,1,60,9,1956,2,9,VAUXHALL INSIGNIA,7,E01025620,0,3
2024552401310,2024,552401310,2,9,0,7,7,8,1,0,0,5,0,0,0,0,2,1,2,2,1,36,7,1598,2,8,VAUXHALL INSIGNIA,6,E01015286,0,1
2024010500910,2024,010500910,1,9,0,18,19,1,5,0,0,1,0,0,0,0,1,1,6,6,1,49,8,1490,1,6,VAUXHALL INSIGNIA,7,E01004173,0,1
2024122400418,2024,122400418,1,9,0,3,3,7,3,0,0,0,0,0,0,0,1,1,6,6,1,38,7,1956,2,12,VAUXHALL INSIGNIA,9,E01027887,0,2
2024101499370,2024,101499370,1,9,0,-1,5,3,7,-1,0,6,0,0,0,0,3,1,-1,1,2,35,6,1956,2,7,VAUXHALL INSIGNIA,4,E01027485,0,4
2024101438234,2024,101438234,1,8,0,-1,19,3,7,-1,0,8,0,0,0,0,1,1,-1,1,1,49,8,1956,2,9,VAUXHALL INSIGNIA,3,E01008462,0,1
2024231427229,2024,231427229,1,9,0,-1,19,6,2,-1,0,0,0,0,0,0,1,1,-1,6,1,48,8,1598,2,9,VAUXHALL INSIGNIA,2,E01010258,0,4
2024451524028,2024,451524028,1,9,0,-1,19,1,5,-1,0,1,0,0,0,0,1,1,-1,1,1,50,8,1956,2,8,VAUXHALL INSIGNIA,6,E01030738,0,3
2024622400266,2024,622400266,2,9,0,18,19,4,8,0,0,0,0,0,0,0,1,1,6,6,1,36,7,1956,2,11,VAUXHALL INSIGNIA,4,W01001278,0,1
2024991425138,2024,991425138,2,9,0,-1,19,4,8,-1,0,0,0,0,0,0,2,1,-1,2,1,45,7,1956,2,5,VAUXHALL INSIGNIA,1,-1,0,2
2024231434371,2024,231434371,2,9,0,-1,19,2,6,-1,0,8,0,0,0,0,1,1,-1,9,1,29,6,1956,2,10,VAUXHALL INSIGNIA,1,E01035017,0,1
2024520401822,2024,520401822,1,9,0,18,19,1,5,0,0,8,0,0,0,0,3,1,6,6,2,49,8,1956,2,7,VAUXHALL INSIGNIA,10,E01029308,0,2
2024311403526,2024,311403526,1,9,0,-1,19,8,5,-1,0,1,0,0,1,0,1,1,-1,6,1,25,5,1956,2,12,VAUXHALL INSIGNIA,1,E01028066,0,1
2024320514340,2024,320514340,1,9,0,-1,-1,4,8,0,0,0,1,0,0,1,2,1,6,6,1,29,6,1796,1,15,VAUXHALL INSIGNIA,-1,-1,0,-1
2024471529639,2024,471529639,1,9,0,-1,7,5,7,-1,0,8,0,0,0,0,1,9,-1,6,3,-1,-1,1956,2,10,VAUXHALL INSIGNIA,-1,-1,0,-1
2024320370052,2024,320370052,2,9,0,-1,-1,1,5,0,0,2,0,0,1,0,1,-1,1,1,2,34,6,1796,1,13,VAUXHALL INSIGNIA,-1,-1,0,-1
2024461532677,2024,461532677,1,9,0,-1,10,-1,-1,-1,-1,6,0,0,0,0,1,9,-1,6,2,28,6,1490,1,5,VAUXHALL INSIGNIA,3,E01024399,0,1
2024440255369,2024,440255369,4,9,0,2,2,0,0,0,0,0,0,0,0,0,4,1,6,6,1,-1,-1,1995,2,2,VAUXHALL INSIGNIA,-1,-1,0,-1
2024201423458,2024,201423458,1,9,0,-1,19,5,1,-1,0,2,0,4,0,0,3,1,-1,9,2,30,6,1956,2,9,VAUXHALL INSIGNIA,2,E01009790,0,1
2024320553281,2024,320553281,1,9,0,3,3,6,4,0,0,6,0,0,0,0,3,1,6,6,1,67,10,1956,2,10,VAUXHALL INSIGNIA,9,E01026229,0,1
2024071052915,2024,071052915,2,9,0,-1,19,1,5,-1,0,8,0,0,0,0,4,1,-1,6,1,48,8,1956,2,9,VAUXHALL INSIGNIA,4,E01012405,0,1
202460Q143800,2024,60Q143800,1,9,0,9,9,8,6,0,0,1,1,0,0,0,1,1,6,6,2,49,8,1956,2,10,VAUXHALL INSIGNIA,-1,-1,0,-1
2024430551006,2024,430551006,2,9,0,18,19,7,3,0,0,0,0,0,0,0,-1,1,6,6,1,63,9,1956,2,11,VAUXHALL INSIGNIA,7,E01016775,0,2
2024440228787,2024,440228787,1,9,0,6,6,2,2,0,0,0,0,0,0,0,3,1,6,6,1,23,5,1956,2,9,VAUXHALL INSIGNIA,3,E01017246,0,4
2024991511004,2024,991511004,1,9,0,-1,19,7,3,-1,0,1,0,0,0,0,1,1,-1,9,2,37,7,1956,2,12,VAUXHALL INSIGNIA,1,-1,0,1
2024546401324,2024,546401324,3,9,0,18,19,7,3,0,0,2,0,0,0,0,2,1,6,6,2,45,7,1956,2,15,VAUXHALL INSIGNIA,10,E01031934,0,1
2024340WN3082,2024,340WN3082,2,9,0,-1,3,7,3,-1,0,1,0,0,0,0,2,1,-1,2,1,32,6,1956,2,9,VAUXHALL INSIGNIA,6,E01035422,0,1
2024131486271,2024,131486271,1,9,0,-1,9,7,5,-1,0,8,0,0,0,0,1,1,-1,6,1,-1,-1,1956,2,12,VAUXHALL INSIGNIA,-1,-1,0,-1
2024340NN2722,2024,340NN2722,1,9,0,-1,19,3,7,-1,0,0,0,0,0,0,1,1,-1,2,2,55,8,1956,2,11,VAUXHALL INSIGNIA,10,E01032982,0,3
2024440380665,2024,440380665,1,9,0,18,19,7,3,0,0,0,0,0,0,0,1,1,1,1,1,27,6,1490,1,6,VAUXHALL INSIGNIA,5,E01022520,0,3
2024201494978,2024,201494978,1,9,0,-1,9,2,6,-1,0,6,0,0,0,0,1,1,-1,6,-1,-1,-1,1796,1,9,VAUXHALL INSIGNIA,-1,-1,0,-1
2024041536421,2024,041536421,1,9,0,-1,9,5,3,-1,0,8,0,0,0,0,1,1,-1,6,1,49,8,1598,2,8,VAUXHALL INSIGNIA,2,E01025285,0,1
2024461421821,2024,461421821,2,9,0,-1,4,6,1,-1,0,0,0,0,0,0,4,9,-1,2,1,45,7,1796,1,12,VAUXHALL INSIGNIA,1,E01024397,0,1
2024361436887,2024,361436887,1,9,0,-1,19,3,7,-1,0,4,0,0,0,0,1,1,-1,9,1,34,6,1956,2,12,VAUXHALL INSIGNIA,8,E01026519,0,1
2024101502784,2024,101502784,1,9,0,-1,19,7,2,-1,0,0,0,0,0,0,1,1,-1,6,1,50,8,1598,2,8,VAUXHALL INSIGNIA,7,E01020655,0,3
2024231456716,2024,231456716,2,9,0,-1,19,1,6,-1,0,0,0,0,1,0,1,1,-1,9,1,57,9,1956,2,10,VAUXHALL INSIGNIA,7,E01009562,0,2
2024010515869,2024,010515869,1,9,0,9,9,1,7,7,6,8,0,0,0,0,1,1,6,6,1,52,8,1598,2,7,VAUXHALL INSIGNIA,10,E01000272,0,1
2024111412943,2024,111412943,2,9,0,-1,3,8,4,-1,0,0,0,0,0,0,2,1,-1,6,1,29,6,1598,2,8,VAUXHALL INSIGNIA,3,E01020667,0,3