collision_index,collision_year,collision_ref_no,vehicle_reference,vehicle_type,towing_and_articulation,vehicle_manoeuvre_historic,vehicle_manoeuvre,vehicle_direction_from,vehicle_direction_to,vehicle_location_restricted_lane_historic,vehicle_location_restricted_lane,junction_location,skidding_and_overturning,hit_object_in_carriageway,vehicle_leaving_carriageway,hit_object_off_carriageway,first_point_of_impact,vehicle_left_hand_drive,journey_purpose_of_driver_historic,journey_purpose_of_driver,sex_of_driver,age_of_driver,age_band_of_driver,engine_capacity_cc,propulsion_code,age_of_vehicle,generic_make_model,driver_imd_decile,lsoa_of_driver,escooter_flag,driver_distance_banding
2024440261079,2024,440261079,1,9,0,18,19,4,8,0,0,1,0,0,0,0,1,1,2,2,1,42,7,1956,2,12,VAUXHALL INSIGNIA,7,E01017048,0,1
2024131529865,2024,131529865,2,9,0,-1,19,7,3,-1,0,8,0,0,0,0,1,1,-1,9,1,42,7,1956,2,10,VAUXHALL INSIGNIA,9,E01011887,0,3
2024421504351,2024,421504351,2,9,0,-1,19,5,1,-1,0,0,0,0,0,0,3,1,-1,6,1,46,8,1598,2,8,VAUXHALL INSIGNIA,4,E01003562,0,4
2024201481871,2024,201481871,2,9,0,-1,9,4,6,-1,0,8,0,0,0,0,1,1,-1,9,1,38,7,1598,2,6,VAUXHALL INSIGNIA,7,E01010138,0,1
2024041435655,2024,041435655,1,9,0,-1,19,3,7,-1,0,1,0,0,0,0,1,1,-1,6,1,24,5,1956,2,14,VAUXHALL INSIGNIA,1,E01025068,0,2
2024211501505,2024,211501505,2,9,0,-1,9,7,3,-1,0,1,0,0,0,0,2,1,-1,6,2,26,6,1598,2,8,VAUXHALL INSIGNIA,3,E01029593,0,2
2024430610315,2024,430610315,4,9,0,18,19,4,8,0,0,0,0,0,0,0,2,1,6,6,1,-1,-1,1956,2,14,VAUXHALL INSIGNIA,6,E01015780,0,4
2024552401269,2024,552401269,1,9,0,1,1,2,6,0,0,0,0,0,0,0,2,1,6,6,3,-1,-1,1796,1,15,VAUXHALL INSIGNIA,-1,-1,0,-1
2024320177069,2024,320177069,1,9,0,-1,-1,6,2,0,0,1,5,4,0,0,1,1,6,6,1,36,7,1956,2,14,VAUXHALL INSIGNIA,5,E01026232,0,1
2024211539239,2024,211539239,1,9,0,-1,9,1,3,-1,0,5,0,0,7,0,1,1,-1,9,2,23,5,1956,2,10,VAUXHALL INSIGNIA,8,E01034097,0,1
2024070650507,2024,070650507,2,9,0,18,19,5,1,0,0,8,1,0,1,11,1,1,2,2,1,51,8,1956,2,10,VAUXHALL INSIGNIA,2,E01034669,0,3
2024461411832,2024,461411832,1,9,0,-1,19,5,1,-1,0,0,0,0,0,0,1,9,-1,6,1,30,6,1956,2,10,VAUXHALL INSIGNIA,7,E01032739,0,4
2024522401216,2024,522401216,1,9,0,18,19,7,3,0,0,4,0,0,0,0,1,1,6,6,1,53,8,1956,2,10,VAUXHALL INSIGNIA,1,E01014844,0,1
2024461448670,2024,461448670,1,9,0,-1,19,5,1,-1,0,0,1,0,1,11,3,1,-1,9,1,27,6,1956,2,12,VAUXHALL INSIGNIA,5,E01024164,0,1
2024501484814,2024,501484814,1,8,0,-1,19,1,5,-1,0,0,0,0,0,0,1,1,-1,2,1,49,8,1956,2,6,VAUXHALL INSIGNIA,3,E01019914,0,1
2024070178978,2024,070178978,1,9,0,9,9,5,3,0,0,1,0,0,0,0,4,1,6,6,1,27,6,1598,2,8,VAUXHALL INSIGNIA,4,E01012394,0,1
2024991400658,2024,991400658,2,9,0,-1,4,1,5,-1,0,2,0,0,0,0,2,1,-1,9,1,54,8,1598,2,8,VAUXHALL INSIGNIA,5,-1,0,2
2024501514224,2024,501514224,1,8,0,-1,4,4,8,-1,0,8,0,0,0,0,2,9,-1,6,1,50,8,1598,2,8,VAUXHALL INSIGNIA,1,E01015030,0,2
2024552400360,2024,552400360,2,9,0,18,19,4,8,0,0,8,0,0,1,10,3,1,6,6,2,35,6,1956,2,11,VAUXHALL INSIGNIA,5,E01029185,0,2
2024522403305,2024,522403305,1,9,0,18,19,7,3,0,0,2,0,0,1,10,1,1,6,6,2,33,6,1598,2,8,VAUXHALL INSIGNIA,2,E01014626,0,1
2024122400455,2024,122400455,1,9,0,18,19,7,3,0,0,0,0,0,7,11,1,1,6,6,1,82,11,1956,2,10,VAUXHALL INSIGNIA,7,E01027756,0,1
2024371484878,2024,371484878,1,9,0,-1,5,5,7,-1,0,8,0,0,0,0,1,1,-1,9,1,36,7,1490,1,5,VAUXHALL INSIGNIA,5,E01029922,0,1
2024520403047,2024,520403047,1,9,0,18,19,1,5,0,0,0,0,0,0,0,1,1,6,6,1,58,9,1956,2,13,VAUXHALL INSIGNIA,6,E01019935,0,3
2024501438919,2024,501438919,1,9,0,-1,12,7,3,-1,0,1,0,0,0,0,3,1,-1,9,1,44,7,1490,1,7,VAUXHALL INSIGNIA,6,-1,0,5
2024041447248,2024,041447248,3,9,0,-1,4,1,7,-1,0,1,0,0,0,0,2,1,-1,1,1,44,7,1956,2,12,VAUXHALL INSIGNIA,1,E01025606,0,2
2024451445096,2024,451445096,1,9,0,-1,9,1,1,-1,99,4,0,0,0,0,4,1,-1,2,1,50,8,1956,2,8,VAUXHALL INSIGNIA,6,E01030738,0,2
2024991495939,2024,991495939,1,9,0,-1,19,4,8,-1,0,0,0,0,0,0,1,1,-1,9,1,58,9,1956,2,8,VAUXHALL INSIGNIA,4,-1,0,2
2024320713317,2024,320713317,1,9,0,13,13,3,7,0,0,0,0,10,0,0,2,1,-1,-1,1,32,6,1956,2,13,VAUXHALL INSIGNIA,-1,-1,0,-1
2024430198864,2024,430198864,2,9,0,17,19,8,5,0,0,2,0,0,0,0,1,1,6,6,1,-1,-1,1956,2,12,VAUXHALL INSIGNIA,10,E01028685,0,3
2024131414186,2024,131414186,2,9,0,-1,9,5,1,-1,0,1,0,0,0,0,1,1,-1,9,2,47,8,1956,2,12,VAUXHALL INSIGNIA,3,E01011529,0,3
2024440389472,2024,440389472,2,9,0,18,19,5,1,0,0,4,0,0,0,0,3,1,6,6,1,37,7,1956,2,10,VAUXHALL INSIGNIA,10,E01023096,0,1
2024201497667,2024,201497667,1,9,0,-1,7,1,8,-1,0,5,0,2,0,0,1,1,-1,6,1,37,7,1956,2,9,VAUXHALL INSIGNIA,2,E01009265,0,3
2024052402650,2024,052402650,2,9,0,4,4,7,2,0,0,8,0,0,0,0,2,1,6,6,1,33,6,1956,2,13,VAUXHALL INSIGNIA,1,E01006863,0,1
2024061457272,2024,061457272,3,9,0,-1,19,5,1,-1,0,0,0,0,0,0,3,1,-1,9,1,27,6,1598,2,8,VAUXHALL INSIGNIA,2,E01004871,0,1
2024340NN1352,2024,340NN1352,1,9,0,-1,9,3,7,-1,0,5,0,0,0,0,1,1,-1,9,2,28,6,1956,2,9,VAUXHALL INSIGNIA,2,E01027128,0,1
2024041525484,2024,041525484,2,9,0,-1,2,7,3,-1,0,0,0,0,0,0,2,1,-1,6,-1,-1,-1,1956,2,9,VAUXHALL INSIGNIA,-1,-1,0,-1
2024531405651,2024,531405651,1,9,0,-1,19,1,5,-1,0,8,0,0,0,0,1,1,-1,9,1,52,8,1796,1,13,VAUXHALL INSIGNIA,8,E01034810,0,2
2024131401426,2024,131401426,3,9,0,-1,19,7,3,-1,0,0,0,4,0,0,1,1,-1,9,1,21,5,1956,2,11,VAUXHALL INSIGNIA,1,E01011423,0,3
2024320635918,2024,320635918,1,9,0,-1,-1,2,6,0,0,0,0,0,8,10,3,1,-1,-1,2,25,5,1956,2,14,VAUXHALL INSIGNIA,9,E01007561,0,4
2024421444901,2024,421444901,2,9,0,-1,19,3,7,-1,0,0,0,0,0,0,2,9,-1,6,1,42,7,1956,2,14,VAUXHALL INSIGNIA,3,E01021598,0,1
2024471489715,2024,471489715,1,9,0,-1,19,2,7,-1,0,4,0,0,0,0,2,1,-1,6,1,67,10,1598,2,8,VAUXHALL INSIGNIA,9,E01030602,0,3
2024211454464,2024,211454464,2,9,0,-1,19,1,5,-1,0,4,0,0,0,0,1,1,-1,6,1,40,7,1956,2,13,VAUXHALL INSIGNIA,7,E01029379,0,1
2024201416379,2024,201416379,3,9,0,-1,3,5,5,-1,0,1,0,0,0,0,3,1,-1,1,1,37,7,1956,2,12,VAUXHALL INSIGNIA,9,E01029619,0,1
2024052401870,2024,052401870,1,9,0,6,6,8,8,0,0,0,0,0,0,0,3,1,6,6,3,-1,-1,1956,2,9,VAUXHALL INSIGNIA,-1,-1,0,-1
2024141526834,2024,141526834,1,9,0,-1,-1,7,3,-1,-1,0,1,0,0,0,1,2,-1,-1,1,41,7,1956,2,10,VAUXHALL INSIGNIA,4,E01029594,0,4
2024461415901,2024,461415901,1,9,0,-1,19,1,5,-1,0,1,0,0,0,0,1,1,-1,9,2,57,9,1956,2,13,VAUXHALL INSIGNIA,4,E01024831,0,1
2024010537209,2024,010537209,1,9,0,3,3,9,9,99,99,1,9,99,9,99,2,9,2,2,1,54,8,1490,1,6,VAUXHALL INSIGNIA,4,E01001233,0,1
2024522403125,2024,522403125,1,9,0,12,12,6,2,0,0,0,0,0,0,0,2,1,6,6,1,42,7,1956,2,8,VAUXHALL INSIGNIA,1,E01014595,0,1
2024201457737,2024,201457737,5,9,0,-1,2,0,0,-1,0,2,0,0,0,0,1,9,-1,6,1,-1,-1,1956,2,8,VAUXHALL INSIGNIA,2,E01009409,0,1
2024440461352,2024,440461352,1,9,0,5,5,5,1,0,0,0,0,0,0,0,1,1,1,1,1,48,8,1956,2,5,VAUXHALL INSIGNIA,1,E01017040,0,1
2024622400521,2024,622400521,1,9,0,9,9,4,2,0,0,6,0,0,0,0,3,1,6,6,2,35,6,1956,2,10,VAUXHALL INSIGNIA,4,W01001816,0,1
2024010547261,2024,010547261,1,9,0,18,19,1,5,0,0,0,0,10,1,2,1,1,3,7,1,41,7,1598,2,8,VAUXHALL INSIGNIA,-1,-1,0,-1
2024361462903,2024,361462903,1,9,0,-1,2,0,0,-1,-1,0,0,0,0,0,3,9,-1,6,1,60,9,1956,2,9,VAUXHALL INSIGNIA,6,E01026608,0,4
2024531519610,2024,531519610,1,9,0,-1,19,6,2,-1,0,8,0,0,1,2,4,1,-1,6,1,28,6,1956,2,13,VAUXHALL INSIGNIA,4,E01022151,0,1
202454D993824,2024,54D993824,2,9,0,18,19,5,1,0,0,0,0,0,0,0,1,1,6,6,2,44,7,1956,2,9,VAUXHALL INSIGNIA,8,E01015481,0,1
2024041414241,2024,041414241,2,9,0,-1,19,8,5,-1,0,1,0,0,0,0,2,1,-1,9,2,59,9,1956,2,12,VAUXHALL INSIGNIA,1,E01025527,0,1
2024061425671,2024,061425671,1,9,0,-1,19,1,1,-1,0,0,0,0,0,0,1,2,-1,6,3,30,6,1956,2,13,VAUXHALL INSIGNIA,-1,-1,0,-1
2024131472207,2024,131472207,1,9,0,-1,19,6,2,-1,0,0,0,0,0,0,1,1,-1,6,1,46,8,1956,2,10,VAUXHALL INSIGNIA,1,E01011423,0,1
2024031495043,2024,031495043,1,9,0,-1,19,3,7,-1,0,0,0,0,0,0,1,1,-1,6,1,33,6,1956,2,12,VAUXHALL INSIGNIA,3,E01027512,0,3
2024122400204,2024,122400204,1,9,0,18,19,5,1,0,0,4,0,0,0,0,1,1,6,6,1,72,10,1956,2,10,VAUXHALL INSIGNIA,6,E01027849,0,1
2024302400269,2024,302400269,2,9,0,18,19,5,1,0,0,1,0,0,0,0,3,1,6,6,2,31,6,1956,2,14,VAUXHALL INSIGNIA,2,E01033392,0,1
2024221471575,2024,221471575,1,9,0,-1,14,7,3,-1,0,0,0,0,0,0,4,1,-1,9,1,20,4,1956,2,12,VAUXHALL INSIGNIA,1,E01014115,0,2
2024201534858,2024,201534858,2,9,0,-1,15,3,7,-1,0,0,0,4,0,0,1,1,-1,6,1,23,5,1956,2,9,VAUXHALL INSIGNIA,2,E01010264,0,1
2024552400159,2024,552400159,2,9,0,2,2,0,0,0,0,0,0,0,0,0,2,1,6,6,3,-1,-1,1956,2,14,VAUXHALL INSIGNIA,-1,-1,0,-1
2024161531405,2024,161531405,1,9,0,-1,19,3,7,-1,0,0,0,0,0,0,1,1,-1,9,1,36,7,1956,2,14,VAUXHALL INSIGNIA,9,E01013252,0,2
2024161447906,2024,161447906,1,9,0,-1,19,3,7,-1,0,8,0,0,1,10,3,1,-1,6,1,47,8,1956,2,11,VAUXHALL INSIGNIA,3,E01013207,0,1
2024201501342,2024,201501342,1,9,0,-1,7,4,5,-1,0,5,0,0,0,0,1,1,-1,6,1,40,7,1598,2,9,VAUXHALL INSIGNIA,2,E01009407,0,1
2024141417783,2024,141417783,1,9,0,-1,19,3,7,-1,0,0,0,0,0,0,1,1,-1,9,1,55,8,1490,1,5,VAUXHALL INSIGNIA,3,E01007479,0,1
2024311461565,2024,311461565,2,9,0,-1,19,7,3,-1,0,0,0,0,0,0,4,9,-1,6,1,28,6,1956,2,9,VAUXHALL INSIGNIA,2,E01028067,0,1
2024070963469,2024,070963469,2,9,0,-1,3,5,6,-1,0,1,1,0,0,0,4,1,-1,9,1,76,11,1796,1,15,VAUXHALL INSIGNIA,10,E01018413,0,1
2024221461956,2024,221461956,1,9,0,-1,19,5,1,-1,0,6,0,0,0,0,1,1,-1,6,3,-1,-1,1956,2,8,VAUXHALL INSIGNIA,-1,-1,0,-1
2024461521400,2024,461521400,2,9,0,-1,4,7,1,-1,0,0,0,0,0,0,1,1,-1,6,1,28,6,1956,2,6,VAUXHALL INSIGNIA,6,E01034989,0,1
2024311399610,2024,311399610,1,9,0,-1,19,5,1,-1,0,0,0,0,0,0,1,1,-1,1,1,34,6,1956,2,11,VAUXHALL INSIGNIA,2,E01019507,0,2
2024010543718,2024,010543718,2,9,0,99,99,9,9,99,99,5,9,99,9,99,9,9,6,6,3,-1,-1,1598,2,7,VAUXHALL INSIGNIA,-1,-1,0,-1
2024471402921,2024,471402921,3,9,0,-1,10,1,7,-1,0,1,0,0,0,0,1,1,-1,6,1,62,9,1956,2,8,VAUXHALL INSIGNIA,7,E01022925,0,2
2024421462968,2024,421462968,1,9,0,-1,12,8,1,-1,0,0,0,0,0,0,1,1,-1,6,1,-1,-1,1796,1,14,VAUXHALL INSIGNIA,-1,-1,0,-1
2024161406314,2024,161406314,2,9,0,-1,9,1,7,-1,0,3,0,0,0,0,4,9,-1,6,1,30,6,1956,2,13,VAUXHALL INSIGNIA,3,E01012868,0,1
2024041447302,2024,041447302,3,9,0,-1,5,1,5,-1,0,0,0,0,0,0,2,1,-1,9,1,61,9,1956,2,7,VAUXHALL INSIGNIA,9,E01025165,0,1
2024211529319,2024,211529319,1,9,0,-1,9,4,2,-1,0,5,0,0,0,0,1,2,-1,9,2,57,9,1490,1,5,VAUXHALL INSIGNIA,7,E01014303,0,1
2024201499804,2024,201499804,3,9,0,-1,4,8,4,-1,0,0,0,0,0,0,1,9,-1,1,1,46,8,1598,2,6,VAUXHALL INSIGNIA,-1,-1,0,-1
2024131461625,2024,131461625,1,9,0,-1,1,1,5,-1,0,8,0,0,0,0,2,1,-1,9,1,76,11,1956,2,14,VAUXHALL INSIGNIA,2,E01011594,0,1
2024010496490,2024,010496490,2,9,0,18,19,5,1,0,0,1,0,0,0,0,1,1,6,6,1,54,8,1796,1,13,VAUXHALL INSIGNIA,3,E01000103,0,2
2024010520088,2024,010520088,2,9,0,99,99,9,9,99,99,0,9,99,9,99,9,9,6,6,3,-1,-1,1364,1,7,VAUXHALL INSIGNIA,-1,-1,0,-1
2024111523635,2024,111523635,1,9,0,-1,9,1,7,-1,0,1,0,0,0,0,4,1,-1,6,1,21,5,1956,2,15,VAUXHALL INSIGNIA,10,E01012339,0,1
2024430012878,2024,430012878,1,9,0,18,19,8,4,0,0,6,0,9,0,0,1,2,6,6,1,51,8,1956,2,9,VAUXHALL INSIGNIA,7,E01017646,0,3
2024531530519,2024,531530519,2,9,0,-1,19,2,6,-1,0,2,0,0,0,0,1,1,-1,9,1,64,9,1956,2,10,VAUXHALL INSIGNIA,6,E01034798,0,2
2024351459413,2024,351459413,1,9,-1,-1,-1,-1,-1,-1,-1,-1,-1,-1,-1,0,-1,9,-1,6,1,-1,-1,1956,2,15,VAUXHALL INSIGNIA,2,E01017946,0,4
2024041478524,2024,041478524,2,9,0,-1,19,5,1,-1,0,0,0,0,0,0,4,2,-1,9,2,41,7,1956,2,11,VAUXHALL INSIGNIA,7,E01024993,0,1
2024451437695,2024,451437695,1,9,0,-1,15,5,1,-1,0,0,0,4,0,0,1,1,-1,9,1,80,11,1956,2,13,VAUXHALL INSIGNIA,9,E01030783,0,1
2024320311166,2024,320311166,1,9,0,-1,-1,6,2,0,0,0,5,0,1,3,1,1,6,6,1,25,5,1956,2,14,VAUXHALL INSIGNIA,-1,-1,0,-1
2024552400740,2024,552400740,2,9,0,3,3,4,8,0,0,0,0,0,0,0,1,1,6,6,1,70,10,1956,2,9,VAUXHALL INSIGNIA,10,E01023248,0,4
2024161490267,2024,161490267,1,9,0,-1,5,1,5,-1,0,0,0,0,0,0,0,1,-1,1,1,44,7,1598,2,6,VAUXHALL INSIGNIA,7,E01013301,0,1
2024430471467,2024,430471467,2,9,0,18,19,1,5,0,0,1,0,0,0,0,1,1,6,6,2,42,7,1956,2,11,VAUXHALL INSIGNIA,-1,-1,0,-1
2024421406261,2024,421406261,2,9,0,-1,3,1,5,-1,0,0,0,0,0,0,2,1,-1,6,1,64,9,1956,2,9,VAUXHALL INSIGNIA,5,E01021732,0,2
2024141431999,2024,141431999,1,9,0,-1,9,1,6,-1,0,1,0,0,0,0,4,1,-1,2,1,41,7,1956,2,14,VAUXHALL INSIGNIA,1,E01008083,0,2
2024161416746,2024,161416746,1,8,0,-1,1,5,1,-1,0,0,0,0,0,0,1,9,-1,1,1,-1,-1,1956,2,9,VAUXHALL INSIGNIA,-1,-1,0,-1
2024531459702,2024,531459702,1,9,0,-1,19,6,2,-1,0,0,0,0,0,0,1,1,-1,6,1,35,6,1956,2,13,VAUXHALL INSIGNIA,5,E01022102,0,3
2024122500449,2024,122500449,1,9,0,7,7,1,3,0,0,2,0,0,0,0,3,1,6,6,2,63,9,1956,2,12,VAUXHALL INSIGNIA,7,E01027727,0,1
2024231475053,2024,231475053,1,9,0,-1,7,6,1,-1,0,4,0,0,0,0,1,9,-1,6,1,45,7,1956,2,13,VAUXHALL INSIGNIA,-1,-1,0,-1
2024061512409,2024,061512409,2,9,0,-1,19,3,7,-1,0,8,0,0,0,0,1,2,-1,9,1,35,6,1956,2,9,VAUXHALL INSIGNIA,5,E01006268,0,1
2024131448325,2024,131448325,2,9,0,-1,19,5,1,-1,0,0,1,0,0,0,2,1,-1,9,1,54,8,1956,2,13,VAUXHALL INSIGNIA,6,E01011551,0,1
2024991452323,2024,991452323,1,9,0,-1,19,5,1,-1,0,1,0,4,0,0,3,1,-1,6,1,22,5,1956,2,14,VAUXHALL INSIGNIA,2,-1,0,1
2024371433755,2024,371433755,1,9,0,-1,19,2,6,-1,0,0,0,0,0,0,1,1,-1,6,1,69,10,1490,1,7,VAUXHALL INSIGNIA,6,E01030063,0,2
2024501518330,2024,501518330,1,9,0,-1,7,-1,-1,-1,99,0,0,0,0,0,4,1,-1,6,1,31,6,1956,2,11,VAUXHALL INSIGNIA,6,E01015066,0,1
2024161522861,2024,161522861,2,9,0,-1,2,0,0,-1,0,2,0,0,0,0,2,1,-1,9,1,48,8,1956,2,10,VAUXHALL INSIGNIA,1,E01027907,0,3
2024131466836,2024,131466836,2,9,0,-1,9,5,1,-1,0,8,0,0,0,0,3,1,-1,6,1,42,7,1956,2,10,VAUXHALL INSIGNIA,6,E01011308,0,1
2024101502340,2024,101502340,1,9,0,-1,4,1,5,-1,0,0,0,0,0,0,1,1,-1,6,1,32,6,1598,2,6,VAUXHALL INSIGNIA,5,E01008622,0,3
2024440300799,2024,440300799,2,9,0,18,19,7,1,0,0,1,0,0,0,0,1,1,6,6,2,-1,-1,1956,2,12,VAUXHALL INSIGNIA,-1,-1,0,-1
2024161508482,2024,161508482,2,9,0,-1,7,7,1,-1,0,5,0,0,0,0,1,1,-1,6,3,-1,-1,1956,2,9,VAUXHALL INSIGNIA,-1,-1,0,-1
2024520402669,2024,520402669,2,9,0,2,2,0,0,0,0,8,0,0,0,0,3,1,6,6,3,-1,-1,1956,2,11,VAUXHALL INSIGNIA,-1,-1,0,-1
2024501440594,2024,501440594,1,9,0,-1,19,1,5,-1,0,0,5,4,0,0,1,1,-1,9,1,36,7,1796,1,15,VAUXHALL INSIGNIA,3,E01015209,0,1
2024991420859,2024,991420859,1,9,0,-1,19,3,7,-1,0,0,1,0,1,6,3,1,-1,9,1,42,7,1956,2,13,VAUXHALL INSIGNIA,3,-1,0,3
2024522402998,2024,522402998,1,9,0,4,4,2,6,0,0,0,0,0,0,0,1,1,6,6,1,66,10,1598,2,7,VAUXHALL INSIGNIA,6,E01035214,0,3
2024522401227,2024,522401227,1,9,0,9,9,1,7,0,0,5,0,0,0,0,1,1,6,6,2,49,8,1956,2,11,VAUXHALL INSIGNIA,9,E01022429,0,4
2024131456828,2024,131456828,1,9,0,-1,11,5,1,-1,0,8,0,0,0,0,4,1,-1,6,1,-1,-1,1956,2,10,VAUXHALL INSIGNIA,1,E01010712,0,3
2024101511084,2024,101511084,1,9,0,-1,4,5,1,-1,0,0,0,0,0,0,2,1,-1,2,2,39,7,1956,2,12,VAUXHALL INSIGNIA,1,E01008859,0,1
2024520500309,2024,520500309,2,9,0,18,19,3,7,0,0,0,0,0,0,0,1,1,6,6,3,-1,-1,1956,2,10,VAUXHALL INSIGNIA,-1,-1,0,-1
2024471438025,2024,471438025,1,9,0,-1,19,1,6,-1,0,1,5,4,0,0,1,1,-1,9,2,41,7,1598,2,7,VAUXHALL INSIGNIA,8,E01027348,0,5
2024631429219,2024,631429219,2,9,0,-1,19,6,2,-1,0,0,0,0,1,7,3,1,-1,9,1,62,9,1956,2,9,VAUXHALL INSIGNIA,5,E01010351,0,5
2024332400884,2024,332400884,2,9,0,-1,19,6,2,-1,0,1,0,0,0,0,1,1,-1,6,3,-1,-1,1956,2,13,VAUXHALL INSIGNIA,-1,-1,0,-1
2024320380471,2024,320380471,1,9,0,18,19,1,5,0,0,0,0,0,7,0,1,1,2,2,2,51,8,1796,1,15,VAUXHALL INSIGNIA,7,E01026013,0,3
2024201485996,2024,201485996,2,9,0,-1,19,4,8,-1,0,2,0,0,0,0,3,1,-1,6,2,38,7,1956,2,14,VAUXHALL INSIGNIA,1,E01010455,0,1
2024311536179,2024,311536179,1,9,0,-1,19,8,4,-1,0,0,0,0,0,0,1,1,-1,9,2,86,11,1956,2,12,VAUXHALL INSIGNIA,6,E01028312,0,1
2024311493689,2024,311493689,2,9,0,-1,2,0,0,-1,0,0,0,0,0,0,1,1,-1,6,-1,-1,-1,1598,2,6,VAUXHALL INSIGNIA,-1,-1,0,-1
2024101495617,2024,101495617,2,9,0,-1,19,3,7,-1,0,8,0,0,0,0,3,9,-1,2,1,43,7,1490,1,5,VAUXHALL INSIGNIA,2,E01008645,0,2
2024440559071,2024,440559071,1,9,0,1,1,1,5,0,0,0,0,0,0,0,2,1,6,6,1,30,6,1956,2,14,VAUXHALL INSIGNIA,6,E01017256,0,2
2024161469647,2024,161469647,1,9,0,-1,1,3,4,-1,9,0,0,0,0,0,2,9,-1,6,1,-1,-1,1956,2,11,VAUXHALL INSIGNIA,9,E01013217,0,1
2024991442276,2024,991442276,1,9,0,-1,9,7,5,-1,0,7,0,0,0,0,1,1,-1,9,2,47,8,1956,2,9,VAUXHALL INSIGNIA,3,-1,0,1
2024131520731,2024,131520731,2,9,0,-1,4,1,1,-1,0,8,0,0,0,0,1,1,-1,6,1,45,7,1956,2,15,VAUXHALL INSIGNIA,3,E01013445,0,4
2024101467723,2024,101467723,1,9,0,-1,5,5,1,-1,0,0,0,0,0,0,1,1,-1,9,1,21,5,1956,2,12,VAUXHALL INSIGNIA,6,E01008387,0,2
202417M119324,2024,17M119324,2,9,0,-1,19,4,8,-1,0,8,0,0,0,0,1,1,-1,9,1,17,4,1598,2,6,VAUXHALL INSIGNIA,6,E01012151,0,1
2024421471918,2024,421471918,1,9,0,-1,5,4,8,-1,0,2,0,0,0,0,3,1,-1,6,3,-1,-1,1956,2,12,VAUXHALL INSIGNIA,-1,-1,0,-1
2024131474681,2024,131474681,2,9,0,-1,2,0,0,-1,0,8,0,0,0,0,1,1,-1,6,-1,-1,-1,1598,2,9,VAUXHALL INSIGNIA,-1,-1,0,-1
2024471406020,2024,471406020,1,9,0,-1,9,5,1,-1,0,4,0,0,0,0,2,1,-1,9,2,36,7,1956,2,10,VAUXHALL INSIGNIA,4,E01031785,0,1
2024351440724,2024,351440724,1,9,0,-1,19,1,5,-1,0,0,0,0,0,0,1,1,-1,1,1,53,8,1956,2,14,VAUXHALL INSIGNIA,2,E01015610,0,4
2024320609292,2024,320609292,1,9,0,-1,-1,5,1,0,0,0,0,0,0,0,4,1,6,6,1,51,8,1956,2,12,VAUXHALL INSIGNIA,6,E01026260,0,3
2024552400967,2024,552400967,1,9,0,18,19,4,8,0,0,1,0,0,0,0,1,1,6,6,1,63,9,1796,1,15,VAUXHALL INSIGNIA,6,E01015353,0,1
2024041471257,2024,041471257,1,9,0,-1,4,5,1,-1,4,1,0,0,0,0,4,1,-1,9,2,40,7,1956,2,9,VAUXHALL INSIGNIA,4,E01025100,0,1
2024010507673,2024,010507673,1,9,0,18,19,1,5,0,0,8,0,4,0,0,4,2,6,6,1,24,5,1796,1,13,VAUXHALL INSIGNIA,-1,-1,0,-1
2024201406433,2024,201406433,2,9,0,-1,9,1,7,-1,0,5,0,10,7,0,3,9,-1,9,1,30,6,1956,2,15,VAUXHALL INSIGNIA,3,E01029387,0,4
2024401439812,2024,401439812,4,9,0,-1,2,0,0,-1,0,2,0,4,0,0,2,1,-1,6,-1,-1,-1,1956,2,12,VAUXHALL INSIGNIA,-1,-1,0,-1
2024010538997,2024,010538997,3,9,0,2,2,0,0,0,0,2,0,0,0,0,1,1,6,6,3,-1,-1,1796,1,15,VAUXHALL INSIGNIA,-1,-1,0,-1
2024451450903,2024,451450903,1,9,0,-1,12,7,3,-1,0,0,0,0,0,0,1,1,-1,9,1,32,6,1796,1,10,VAUXHALL INSIGNIA,6,E01002602,0,3
2024201418814,2024,201418814,1,9,0,-1,19,3,7,-1,0,0,0,0,0,0,1,1,-1,6,1,63,9,1956,2,9,VAUXHALL INSIGNIA,3,E01010085,0,2
2024351506819,2024,351506819,1,9,0,-1,19,5,7,-1,0,1,1,0,1,0,3,1,-1,6,1,30,6,1956,2,12,VAUXHALL INSIGNIA,10,E01030308,0,5
2024501447853,2024,501447853,2,9,0,-1,19,3,7,-1,0,1,0,0,0,0,3,1,-1,9,1,70,10,1956,2,10,VAUXHALL INSIGNIA,3,E01019047,0,1
2024430124054,2024,430124054,2,9,0,3,3,2,6,0,0,0,0,0,0,0,2,1,6,6,1,53,8,1598,2,9,VAUXHALL INSIGNIA,9,E01028650,0,3
2024211461788,2024,211461788,2,9,0,-1,2,0,0,-1,0,0,0,0,0,0,2,1,-1,6,-1,-1,-1,1956,2,13,VAUXHALL INSIGNIA,-1,-1,0,-1
2024201518607,2024,201518607,1,9,0,-1,9,4,5,-1,0,1,0,0,0,0,1,9,-1,6,1,23,5,1956,2,13,VAUXHALL INSIGNIA,2,E01009937,0,1
2024501490367,2024,501490367,1,9,0,-1,5,6,2,-1,0,4,0,0,0,0,1,1,-1,9,1,48,8,1490,1,7,VAUXHALL INSIGNIA,9,E01020201,0,1
2024201398973,2024,201398973,1,9,0,-1,19,4,8,-1,0,0,0,4,0,0,1,9,-1,6,1,20,4,1598,2,7,VAUXHALL INSIGNIA,10,E01009807,0,3
2024141434098,2024,141434098,2,9,0,-1,19,2,6,-1,0,1,0,0,0,0,4,1,-1,9,2,46,8,1956,2,9,VAUXHALL INSIGNIA,1,E01007892,0,1