collision_index,collision_year,collision_ref_no,vehicle_reference,vehicle_type,towing_and_articulation,vehicle_manoeuvre_historic,vehicle_manoeuvre,vehicle_direction_from,vehicle_direction_to,vehicle_location_restricted_lane_historic,vehicle_location_restricted_lane,junction_location,skidding_and_overturning,hit_object_in_carriageway,vehicle_leaving_carriageway,hit_object_off_carriageway,first_point_of_impact,vehicle_left_hand_drive,journey_purpose_of_driver_historic,journey_purpose_of_driver,sex_of_driver,age_of_driver,age_band_of_driver,engine_capacity_cc,propulsion_code,age_of_vehicle,generic_make_model,driver_imd_decile,lsoa_of_driver,escooter_flag,driver_distance_banding
2024351442765,2024,351442765,1,9,0,-1,19,4,8,-1,0,8,0,0,0,0,1,1,-1,6,1,50,8,1956,2,15,VAUXHALL INSIGNIA,5,E01018041,0,4
2024320280185,2024,320280185,1,9,0,-1,-1,4,5,0,0,1,0,0,0,0,1,1,-1,-1,1,30,6,1956,2,13,VAUXHALL INSIGNIA,10,E01026187,0,1
2024411482918,2024,411482918,1,8,0,-1,19,5,1,-1,0,0,0,0,0,0,0,9,-1,1,1,43,7,1598,2,6,VAUXHALL INSIGNIA,2,E01015787,0,3
2024052400049,2024,052400049,4,9,0,18,19,3,7,0,0,0,0,0,0,0,1,1,6,6,3,-1,-1,1956,2,10,VAUXHALL INSIGNIA,-1,-1,0,-1
2024440536064,2024,440536064,2,9,0,18,19,1,5,0,0,8,0,0,0,0,1,1,2,2,1,42,7,1956,2,7,VAUXHALL INSIGNIA,5,E01017279,0,2
2024041425024,2024,041425024,1,9,0,-1,19,7,3,-1,0,0,0,0,0,0,1,1,-1,2,1,53,8,1956,2,9,VAUXHALL INSIGNIA,7,E01025270,0,2
2024440210661,2024,440210661,1,9,0,7,7,3,5,0,0,6,0,0,0,0,1,1,6,6,2,49,8,1490,1,7,VAUXHALL INSIGNIA,2,E01022819,0,1
2024052402397,2024,052402397,1,9,0,5,5,3,5,0,0,0,0,0,0,0,3,1,6,6,1,41,7,1490,1,6,VAUXHALL INSIGNIA,9,E01007147,0,1
2024052401539,2024,052401539,3,9,0,18,19,7,3,0,0,0,0,0,0,0,3,1,6,6,1,47,8,1956,2,10,VAUXHALL INSIGNIA,8,E01007268,0,1
2024201443820,2024,201443820,2,9,0,-1,9,2,6,-1,0,6,0,10,2,11,3,9,-1,6,1,37,7,1796,1,10,VAUXHALL INSIGNIA,2,E01010409,0,1
2024401509978,2024,401509978,1,9,0,-1,19,1,5,-1,0,1,0,0,0,0,1,9,-1,6,1,50,8,1956,2,11,VAUXHALL INSIGNIA,1,E01015771,0,2
2024531460574,2024,531460574,2,9,0,-1,19,2,6,-1,0,1,0,0,0,0,1,1,-1,2,1,65,9,1956,2,12,VAUXHALL INSIGNIA,10,E01022196,0,1
2024361514045,2024,361514045,1,9,0,-1,9,3,7,-1,0,0,0,0,0,0,3,1,-1,6,1,43,7,1598,2,6,VAUXHALL INSIGNIA,-1,-1,0,-1
2024401465386,2024,401465386,2,9,0,-1,4,2,6,-1,0,0,0,0,0,0,1,1,-1,2,1,60,9,1956,2,9,VAUXHALL INSIGNIA,5,E01017475,0,1
2024471520666,2024,471520666,2,9,0,-1,3,2,6,-1,0,0,0,0,0,0,2,1,-1,9,1,40,7,1956,2,12,VAUXHALL INSIGNIA,5,E01031355,0,2
2024332400601,2024,332400601,3,9,0,-1,3,1,5,-1,0,8,0,0,0,0,1,1,-1,6,1,63,9,1956,2,10,VAUXHALL INSIGNIA,3,E01027191,0,4
2024141442630,2024,141442630,1,9,0,-1,19,5,1,-1,0,8,0,0,0,0,1,1,-1,6,2,24,5,1956,2,14,VAUXHALL INSIGNIA,9,E01007561,0,1
2024411490953,2024,411490953,1,9,0,-1,19,2,6,-1,0,1,0,0,0,0,4,1,-1,6,1,27,6,1956,2,9,VAUXHALL INSIGNIA,7,E01023923,0,1
2024101490896,2024,101490896,2,9,-1,-1,3,3,7,-1,0,0,0,0,0,0,2,9,-1,6,1,29,6,1956,2,13,VAUXHALL INSIGNIA,1,E01008302,0,1
2024332400322,2024,332400322,1,9,0,-1,19,2,6,-1,0,8,0,0,0,0,1,1,-1,6,1,75,10,1796,1,11,VAUXHALL INSIGNIA,6,E01025874,0,2
2024111503881,2024,111503881,2,9,0,-1,2,0,0,-1,0,0,0,0,0,0,2,1,-1,9,1,39,7,1956,2,14,VAUXHALL INSIGNIA,8,E01008278,0,4
2024991481688,2024,991481688,1,9,0,-1,9,8,7,-1,0,1,0,0,0,0,1,1,-1,6,1,23,5,1956,2,11,VAUXHALL INSIGNIA,8,-1,0,2
2024201525952,2024,201525952,1,9,0,-1,9,4,2,-1,0,8,0,0,0,0,1,1,-1,6,1,59,9,1956,2,10,VAUXHALL INSIGNIA,2,E01027331,0,4
2024311486316,2024,311486316,1,9,0,-1,19,2,6,-1,0,2,0,0,1,10,1,1,-1,6,1,36,7,1796,1,10,VAUXHALL INSIGNIA,4,E01028380,0,2
2024101483865,2024,101483865,1,9,0,-1,5,8,4,-1,0,8,0,0,0,0,3,1,-1,6,1,28,6,1956,2,11,VAUXHALL INSIGNIA,8,E01008843,0,1
2024201449011,2024,201449011,1,9,0,-1,19,1,4,-1,0,2,0,0,0,0,2,1,-1,6,2,32,6,1956,2,9,VAUXHALL INSIGNIA,7,E01009976,0,1
2024131439968,2024,131439968,1,9,0,-1,19,3,7,-1,0,1,0,0,0,0,3,1,-1,9,1,84,11,1598,2,9,VAUXHALL INSIGNIA,4,E01010921,0,1
2024141418985,2024,141418985,4,9,0,-1,19,1,5,-1,0,0,0,0,0,0,2,1,-1,6,1,46,8,1598,2,9,VAUXHALL INSIGNIA,10,E01011845,0,3
2024548995924,2024,548995924,2,9,0,18,19,4,8,0,0,6,0,0,0,0,1,1,6,6,2,30,6,1956,2,11,VAUXHALL INSIGNIA,2,E01033846,0,1
2024361520623,2024,361520623,1,9,0,-1,19,3,7,-1,0,0,0,0,0,0,1,1,-1,6,1,18,4,1956,2,10,VAUXHALL INSIGNIA,6,E01026449,0,1
2024311462149,2024,311462149,1,9,0,-1,19,4,8,-1,0,0,1,0,1,0,0,1,-1,6,1,43,7,1956,2,8,VAUXHALL INSIGNIA,4,E01028302,0,1
2024332400578,2024,332400578,2,9,0,-1,19,7,3,-1,0,0,0,0,0,0,3,1,-1,6,1,-1,-1,1956,2,15,VAUXHALL INSIGNIA,-1,-1,0,-1
2024471401858,2024,471401858,1,9,0,-1,7,1,3,-1,0,0,0,0,0,0,3,1,-1,9,1,41,7,1956,2,9,VAUXHALL INSIGNIA,6,E01034822,0,3
2024201491722,2024,201491722,1,9,0,-1,19,4,8,-1,0,3,0,0,0,0,3,1,-1,6,1,53,8,1956,2,13,VAUXHALL INSIGNIA,4,E01012664,0,5
2024461532630,2024,461532630,1,9,0,-1,-1,-1,-1,-1,0,0,-1,-1,-1,0,1,9,-1,6,1,46,8,1956,2,10,VAUXHALL INSIGNIA,3,E01024493,0,1
2024991426056,2024,991426056,1,9,0,-1,19,2,6,-1,0,0,0,0,1,4,1,1,-1,6,1,51,8,1956,2,14,VAUXHALL INSIGNIA,7,-1,0,1
2024010532029,2024,010532029,1,9,0,18,19,4,8,0,0,1,5,4,0,0,1,1,6,6,2,29,6,1956,2,9,VAUXHALL INSIGNIA,5,E01003142,0,1
2024111430441,2024,111430441,2,9,0,-1,3,3,7,-1,0,0,1,0,0,0,2,1,-1,6,1,38,7,1956,2,11,VAUXHALL INSIGNIA,2,E01012193,0,3
2024501477957,2024,501477957,3,9,0,-1,9,8,7,-1,0,1,0,0,0,0,3,1,-1,9,1,43,7,1956,2,10,VAUXHALL INSIGNIA,10,E01028128,0,5
2024201520923,2024,201520923,1,9,0,-1,19,7,5,-1,0,0,1,10,1,4,4,1,-1,6,1,40,7,1956,2,14,VAUXHALL INSIGNIA,1,E01010443,0,1
2024141469499,2024,141469499,1,9,0,-1,19,2,6,-1,0,2,0,0,0,0,3,2,-1,2,1,45,7,1496,2,2,VAUXHALL INSIGNIA,4,E01007536,0,1
2024061419675,2024,061419675,1,9,0,-1,-1,-1,-1,-1,-1,-1,-1,-1,-1,0,-1,1,-1,6,3,-1,-1,1598,2,7,VAUXHALL INSIGNIA,-1,-1,0,-1
2024520401947,2024,520401947,1,9,0,18,19,2,6,0,0,0,0,0,0,0,1,1,6,6,2,31,6,1956,2,11,VAUXHALL INSIGNIA,5,E01029173,0,2
2024131460968,2024,131460968,2,9,0,-1,4,1,1,-1,0,8,0,0,0,0,2,1,-1,6,2,31,6,1490,1,5,VAUXHALL INSIGNIA,2,E01010779,0,1
2024311479682,2024,311479682,1,9,0,-1,19,1,5,-1,9,0,0,0,7,0,1,1,-1,6,1,36,7,1956,2,12,VAUXHALL INSIGNIA,2,E01028269,0,3
2024131405367,2024,131405367,1,9,0,-1,19,1,1,-1,0,0,0,0,0,0,4,1,-1,9,1,78,11,1490,1,6,VAUXHALL INSIGNIA,9,E01011381,0,1
202417M101424,2024,17M101424,1,9,0,1,1,7,5,9,9,2,0,0,0,0,2,1,6,6,1,60,9,1998,2,14,VAUXHALL INSIGNIA,1,E01012113,0,2
2024421460141,2024,421460141,2,9,0,-1,19,1,5,-1,0,0,0,0,0,0,1,1,-1,2,1,41,7,1956,2,9,VAUXHALL INSIGNIA,3,E01021245,0,3
2024991447517,2024,991447517,2,9,0,-1,19,1,5,-1,0,0,0,0,0,0,2,1,-1,2,1,31,6,1490,1,5,VAUXHALL INSIGNIA,8,-1,0,2
2024122500065,2024,122500065,1,9,0,18,19,8,4,0,0,0,0,0,0,0,1,1,6,6,1,20,4,1598,2,8,VAUXHALL INSIGNIA,10,E01027880,0,4
2024161474082,2024,161474082,1,9,0,-1,19,3,7,-1,0,4,0,0,0,0,4,2,-1,2,1,33,6,1956,2,11,VAUXHALL INSIGNIA,2,E01007784,0,4
2024461482863,2024,461482863,2,9,0,-1,19,7,3,-1,0,0,0,0,0,0,4,9,-1,6,1,28,6,1956,2,12,VAUXHALL INSIGNIA,3,E01024501,0,1
2024111448623,2024,111448623,5,9,0,-1,19,3,7,-1,0,0,0,0,0,0,1,1,-1,2,1,56,9,1956,2,12,VAUXHALL INSIGNIA,2,E01020694,0,1
2024401395837,2024,401395837,1,9,0,-1,7,-1,-1,-1,0,1,0,0,0,0,1,9,-1,2,1,29,6,1956,2,11,VAUXHALL INSIGNIA,8,E01017488,0,1
2024010547983,2024,010547983,2,9,0,18,19,7,3,0,0,1,0,0,0,0,1,1,6,6,1,27,6,1956,2,9,VAUXHALL INSIGNIA,1,E01012068,0,5
2024552400156,2024,552400156,1,9,0,18,19,8,4,0,0,0,0,0,0,0,1,1,6,6,1,62,9,1956,2,9,VAUXHALL INSIGNIA,5,E01015427,0,1
2024401435564,2024,401435564,1,9,0,-1,5,7,3,-1,0,8,0,0,0,0,4,1,-1,6,1,24,5,1598,2,8,VAUXHALL INSIGNIA,10,E01023610,0,3
2024052402247,2024,052402247,1,9,0,5,5,6,2,0,0,8,0,0,0,0,4,1,6,6,1,40,7,1956,2,12,VAUXHALL INSIGNIA,1,E01006661,0,1
2024141394832,2024,141394832,2,9,0,-1,7,3,5,-1,0,0,0,0,0,0,4,9,-1,6,1,32,6,1956,2,9,VAUXHALL INSIGNIA,1,E01007677,0,1
2024430118451,2024,430118451,1,9,0,18,19,7,3,0,0,4,0,0,3,1,1,1,6,6,1,37,7,1956,2,11,VAUXHALL INSIGNIA,10,E01035405,0,4
2024411462581,2024,411462581,1,9,0,-1,19,5,1,-1,0,2,0,0,0,0,1,1,-1,6,2,32,6,1956,2,13,VAUXHALL INSIGNIA,6,E01023752,0,1
2024520403253,2024,520403253,1,9,0,18,19,6,2,0,0,0,0,0,0,0,1,1,6,6,1,21,5,1956,2,11,VAUXHALL INSIGNIA,1,E01014593,0,4
202417M103724,2024,17M103724,1,9,0,6,6,2,2,0,0,8,0,0,0,0,3,1,6,6,1,65,9,1956,2,9,VAUXHALL INSIGNIA,1,E01012040,0,1
2024451496229,2024,451496229,1,9,0,-1,12,7,3,-1,0,0,0,0,0,0,0,1,-1,9,1,59,9,1956,2,9,VAUXHALL INSIGNIA,10,E01010170,0,5
2024231481445,2024,231481445,2,9,0,-1,5,8,5,-1,-1,0,0,0,0,0,0,1,-1,6,2,34,6,1956,2,10,VAUXHALL INSIGNIA,6,E01031084,0,1
2024041439697,2024,041439697,2,9,0,-1,19,7,3,-1,0,0,0,0,0,0,3,1,-1,6,3,-1,-1,1956,2,9,VAUXHALL INSIGNIA,-1,-1,0,-1
2024541609324,2024,541609324,1,9,0,18,19,1,5,0,0,4,0,0,0,0,1,1,6,6,1,51,8,1956,2,7,VAUXHALL INSIGNIA,8,E01032108,0,1
2024070543565,2024,070543565,1,9,0,18,19,5,1,0,0,4,0,0,0,0,1,1,6,6,2,50,8,1956,2,15,VAUXHALL INSIGNIA,5,E01018308,0,2
2024201441234,2024,201441234,1,9,0,-1,19,5,1,-1,0,4,0,0,0,0,1,9,-1,1,1,31,6,1598,2,9,VAUXHALL INSIGNIA,3,E01008970,0,2
202417S208124,2024,17S208124,2,9,0,-1,4,8,4,-1,0,0,0,0,0,0,2,1,-1,9,1,38,7,1956,2,12,VAUXHALL INSIGNIA,-1,-1,0,-1
2024070833480,2024,070833480,3,9,0,-1,2,0,0,-1,0,0,0,0,0,0,3,1,-1,6,1,-1,-1,1956,2,13,VAUXHALL INSIGNIA,3,E01012368,0,1
2024451402514,2024,451402514,1,9,0,-1,19,3,7,-1,0,1,1,0,1,0,1,1,-1,6,1,32,6,1598,2,5,VAUXHALL INSIGNIA,5,E01017706,0,4
2024052402554,2024,052402554,1,9,0,7,7,7,1,0,0,5,0,0,0,0,1,1,6,6,1,30,6,1956,2,6,VAUXHALL INSIGNIA,1,E01006643,0,1
2024501431772,2024,501431772,1,9,0,-1,13,7,3,-1,0,0,0,0,0,0,1,9,-1,6,1,30,6,1956,2,9,VAUXHALL INSIGNIA,3,E01019022,0,2
2024351420116,2024,351420116,1,9,-1,-1,-1,-1,-1,-1,-1,-1,-1,-1,-1,0,-1,9,-1,6,3,-1,-1,1956,2,11,VAUXHALL INSIGNIA,-1,-1,0,-1
2024041455626,2024,041455626,1,9,0,-1,19,3,7,-1,0,0,0,0,1,0,2,1,-1,2,1,49,8,1956,2,12,VAUXHALL INSIGNIA,1,E01024882,0,4
2024531468652,2024,531468652,1,9,0,-1,19,4,2,-1,0,8,0,0,0,0,1,9,-1,6,3,-1,-1,1956,2,12,VAUXHALL INSIGNIA,-1,-1,0,-1
2024531405081,2024,531405081,1,9,0,-1,9,5,3,-1,0,8,0,0,0,0,4,1,-1,2,1,63,9,1956,2,12,VAUXHALL INSIGNIA,8,E01022300,0,1
2024421506324,2024,421506324,1,9,0,-1,5,3,7,-1,0,6,0,0,1,0,1,1,-1,2,1,36,7,1956,2,11,VAUXHALL INSIGNIA,9,E01021395,0,4
2024231577605,2024,231577605,1,9,0,-1,19,5,1,-1,0,0,0,0,0,0,1,9,-1,6,1,24,5,1956,2,15,VAUXHALL INSIGNIA,-1,-1,0,-1
2024440329647,2024,440329647,2,9,0,3,3,2,6,0,0,0,0,0,0,0,2,1,6,6,1,60,9,1956,2,10,VAUXHALL INSIGNIA,4,E01022781,0,2
2024161475496,2024,161475496,1,9,0,-1,19,7,3,-1,0,1,0,10,1,0,4,1,-1,6,1,61,9,1490,1,6,VAUXHALL INSIGNIA,7,E01013101,0,1
2024201400906,2024,201400906,1,9,0,-1,19,2,6,-1,0,1,1,0,0,0,4,1,-1,6,3,-1,-1,1956,2,12,VAUXHALL INSIGNIA,-1,-1,0,-1
2024461409146,2024,461409146,2,9,0,-1,2,0,0,-1,9,0,0,4,0,0,2,1,-1,6,-1,-1,-1,1796,1,9,VAUXHALL INSIGNIA,-1,-1,0,-1
2024361430804,2024,361430804,1,9,0,-1,19,-1,-1,-1,0,4,0,0,-1,0,-1,9,-1,6,1,-1,-1,1956,2,15,VAUXHALL INSIGNIA,-1,-1,0,-1
2024052402404,2024,052402404,1,9,0,18,19,4,8,0,0,0,0,0,0,0,1,1,6,6,1,-1,-1,1598,2,8,VAUXHALL INSIGNIA,-1,-1,0,-1
2024010513775,2024,010513775,1,9,0,4,4,8,4,0,0,2,0,0,0,0,3,1,1,1,1,25,5,1598,2,7,VAUXHALL INSIGNIA,8,E01032776,0,1
2024440482489,2024,440482489,1,9,0,4,4,3,7,0,0,0,0,0,0,0,1,1,6,6,1,44,7,1956,2,9,VAUXHALL INSIGNIA,2,E01008698,0,5
2024401441220,2024,401441220,1,9,0,-1,19,1,5,-1,0,0,0,0,0,0,1,9,-1,6,1,-1,-1,1598,2,9,VAUXHALL INSIGNIA,10,E01017621,0,2
2024211433537,2024,211433537,3,9,0,-1,19,2,6,-1,0,4,0,0,0,0,1,1,-1,9,1,32,6,1956,2,9,VAUXHALL INSIGNIA,6,E01029563,0,2
2024340WN0422,2024,340WN0422,2,9,0,-1,3,2,6,-1,0,6,0,0,0,0,3,1,-1,6,1,65,9,1796,1,15,VAUXHALL INSIGNIA,10,E01027295,0,2
2024340NN3012,2024,340NN3012,2,9,0,-1,19,3,7,-1,0,0,0,0,0,0,4,1,-1,2,1,19,4,1796,1,13,VAUXHALL INSIGNIA,3,E01027330,0,1
2024421509563,2024,421509563,2,9,0,-1,19,5,2,-1,0,0,0,0,0,0,2,1,-1,6,1,73,10,1956,2,13,VAUXHALL INSIGNIA,9,E01015913,0,1
2024201418111,2024,201418111,1,9,0,-1,19,8,4,-1,0,0,0,0,0,0,1,9,-1,6,3,-1,-1,1956,2,14,VAUXHALL INSIGNIA,-1,-1,0,-1
2024201442137,2024,201442137,1,9,0,-1,19,8,4,-1,0,2,0,0,0,0,1,1,-1,1,1,25,5,1598,2,5,VAUXHALL INSIGNIA,4,E01034744,0,1
2024161480954,2024,161480954,2,9,0,-1,19,1,5,-1,0,0,0,0,0,0,3,1,-1,9,1,44,7,1956,2,14,VAUXHALL INSIGNIA,10,E01013092,0,2
2024041517511,2024,041517511,2,9,0,-1,5,3,7,-1,0,2,0,0,0,0,2,2,-1,9,2,36,7,1598,2,8,VAUXHALL INSIGNIA,10,E01012503,0,4
2024141530505,2024,141530505,1,9,0,-1,19,8,4,-1,0,3,0,10,2,4,1,1,-1,9,1,41,7,1598,2,9,VAUXHALL INSIGNIA,2,E01007465,0,1
2024201442307,2024,201442307,2,9,0,-1,19,6,2,-1,0,8,0,0,0,0,2,1,-1,6,1,62,9,1956,2,11,VAUXHALL INSIGNIA,5,E01032172,0,1
2024522402035,2024,522402035,2,9,0,7,7,7,2,0,0,6,0,0,0,0,3,1,6,6,1,37,7,1796,1,12,VAUXHALL INSIGNIA,1,E01014595,0,1
2024320719638,2024,320719638,1,9,0,-1,-1,4,8,0,0,4,0,0,0,0,1,1,-1,-1,1,51,8,1364,1,8,VAUXHALL INSIGNIA,4,E01026025,0,1
2024161452156,2024,161452156,1,9,0,-1,7,4,6,-1,0,2,0,0,0,0,1,1,-1,7,2,52,8,1956,2,11,VAUXHALL INSIGNIA,1,E01013196,0,1
2024161442353,2024,161442353,1,9,0,-1,19,2,6,-1,0,0,0,0,1,0,1,1,-1,9,1,70,10,1956,2,10,VAUXHALL INSIGNIA,6,E01026399,0,4
2024010501741,2024,010501741,1,9,0,18,19,5,1,0,0,0,0,0,0,0,0,1,6,6,1,53,8,1956,2,15,VAUXHALL INSIGNIA,3,E01016511,0,3
2024451503558,2024,451503558,1,9,0,-1,19,2,6,-1,0,0,0,0,0,0,2,1,-1,9,1,66,10,1796,1,7,VAUXHALL INSIGNIA,2,E01016136,0,4
2024440326067,2024,440326067,3,9,0,18,19,3,7,0,0,1,0,0,0,0,3,1,6,6,1,50,8,1598,2,8,VAUXHALL INSIGNIA,4,E01023154,0,1
202460Q102728,2024,60Q102728,2,9,0,18,19,5,1,0,0,0,0,0,0,0,3,1,6,6,1,76,11,1956,2,9,VAUXHALL INSIGNIA,-1,-1,0,-1
2024520401939,2024,520401939,1,9,0,18,19,6,2,0,0,0,0,0,0,0,1,1,6,6,2,32,6,1956,2,13,VAUXHALL INSIGNIA,6,E01032631,0,1
2024141453985,2024,141453985,1,9,0,-1,7,5,8,-1,0,4,0,0,1,0,2,1,-1,7,2,31,6,1956,2,9,VAUXHALL INSIGNIA,3,E01007676,0,1
2024061494178,2024,061494178,2,9,0,-1,3,-1,-1,-1,0,1,9,0,0,0,2,1,-1,6,3,-1,-1,1956,2,12,VAUXHALL INSIGNIA,-1,-1,0,-1
2024552400599,2024,552400599,1,9,0,18,19,2,6,0,0,0,0,0,0,0,1,1,6,6,2,37,7,1956,2,13,VAUXHALL INSIGNIA,9,E01020419,0,2
2024501496058,2024,501496058,1,9,0,-1,5,5,1,-1,0,0,0,0,0,0,3,1,-1,9,1,26,6,1956,2,8,VAUXHALL INSIGNIA,8,E01020075,0,1
2024471490859,2024,471490859,1,9,0,-1,9,1,7,-1,0,8,0,0,0,0,3,1,-1,9,2,61,9,1956,2,10,VAUXHALL INSIGNIA,4,E01020951,0,3
2024010521727,2024,010521727,2,9,0,99,99,9,9,99,99,6,9,99,9,99,9,9,6,6,3,-1,-1,1598,2,7,VAUXHALL INSIGNIA,-1,-1,0,-1
2024311397355,2024,311397355,1,9,0,-1,19,1,6,-1,0,1,0,0,0,0,0,9,-1,6,1,49,8,1956,2,11,VAUXHALL INSIGNIA,-1,-1,0,-1
2024451394532,2024,451394532,1,9,0,-1,9,7,3,-1,0,8,0,0,0,0,4,1,-1,7,1,41,7,1956,2,11,VAUXHALL INSIGNIA,5,E01030555,0,2
2024161475296,2024,161475296,1,9,0,-1,3,5,1,-1,0,0,0,0,0,0,2,1,-1,6,1,48,8,1956,2,8,VAUXHALL INSIGNIA,7,E01013295,0,1
2024481569973,2024,481569973,1,9,0,-1,19,7,3,-1,0,2,0,0,0,0,1,1,-1,9,1,26,6,1598,2,6,VAUXHALL INSIGNIA,-1,-1,0,-1
2024201542300,2024,201542300,1,9,0,-1,19,3,7,-1,0,1,0,0,0,0,4,9,-1,2,1,50,8,1956,2,12,VAUXHALL INSIGNIA,2,E01010287,0,1
2024401406839,2024,401406839,1,9,0,-1,19,-1,-1,-1,0,4,0,0,0,0,-1,9,-1,6,1,46,8,1956,2,15,VAUXHALL INSIGNIA,2,E01017490,0,4
2024461509921,2024,461509921,1,9,0,-1,9,7,5,-1,0,6,0,0,0,0,3,1,-1,1,2,34,6,1956,2,8,VAUXHALL INSIGNIA,4,E01034985,0,1
2024401476472,2024,401476472,2,9,0,-1,3,3,7,-1,0,0,0,7,0,0,3,1,-1,9,1,22,5,1598,2,6,VAUXHALL INSIGNIA,3,E01015765,0,1
202460Q164195,2024,60Q164195,2,9,0,4,4,6,2,0,0,0,0,0,0,0,2,1,6,6,1,48,8,1956,2,8,VAUXHALL INSIGNIA,-1,-1,0,-1
2024211491869,2024,211491869,2,9,0,-1,9,6,4,-1,0,3,0,0,0,0,1,2,-1,6,2,30,6,1956,2,12,VAUXHALL INSIGNIA,-1,-1,0,-1
2024141534885,2024,141534885,2,9,0,-1,2,0,0,-1,0,2,0,0,0,0,1,1,-1,6,-1,-1,-1,1956,2,9,VAUXHALL INSIGNIA,-1,-1,0,-1
2024041449881,2024,041449881,2,9,0,-1,19,7,3,-1,0,0,0,0,0,0,2,1,-1,1,1,57,9,1956,2,9,VAUXHALL INSIGNIA,1,E01025185,0,3
2024451395424,2024,451395424,1,9,0,-1,12,4,8,-1,0,0,0,0,0,0,1,1,-1,1,1,58,9,1956,2,9,VAUXHALL INSIGNIA,2,E01016480,0,4
2024531416030,2024,531416030,2,9,0,-1,19,1,5,-1,0,8,0,0,1,10,1,1,-1,9,1,21,5,1956,2,14,VAUXHALL INSIGNIA,1,E01022346,0,1
2024401423110,2024,401423110,1,9,0,-1,19,7,2,-1,0,6,0,0,0,0,4,1,-1,6,1,-1,-1,1956,2,14,VAUXHALL INSIGNIA,-1,-1,0,-1
2024010516215,2024,010516215,3,9,0,18,19,7,3,0,0,1,0,0,0,0,1,1,6,6,1,64,9,1490,1,6,VAUXHALL INSIGNIA,3,E01000195,0,1
2024501486506,2024,501486506,2,9,0,-1,19,5,1,-1,0,0,0,0,0,0,1,1,-1,9,2,40,7,1956,2,10,VAUXHALL INSIGNIA,3,E01020079,0,3
2024141485902,2024,141485902,2,9,0,-1,19,3,7,-1,0,1,0,0,0,0,4,1,-1,9,1,53,8,1956,2,11,VAUXHALL INSIGNIA,1,E01008015,0,1
2024440343171,2024,440343171,1,9,0,18,19,4,8,0,0,0,0,0,0,0,1,1,6,6,1,43,7,1956,2,11,VAUXHALL INSIGNIA,10,E01023047,0,2
2024320271050,2024,320271050,2,9,0,10,10,2,8,0,0,1,0,0,0,0,2,1,-1,-1,1,57,9,1956,2,10,VAUXHALL INSIGNIA,-1,-1,0,-1
2024371537223,2024,371537223,1,9,0,-1,19,1,3,-1,0,1,0,0,0,0,4,1,-1,6,2,60,9,1956,2,14,VAUXHALL INSIGNIA,4,E01029960,0,1
2024221459367,2024,221459367,1,9,0,-1,13,4,8,-1,0,0,0,0,5,6,4,1,-1,6,1,37,7,1956,2,10,VAUXHALL INSIGNIA,1,E01010464,0,4
2024211400795,2024,211400795,1,9,0,-1,9,5,6,-1,0,8,0,0,0,0,1,1,-1,2,1,23,5,1598,2,8,VAUXHALL INSIGNIA,10,E01029757,0,1
2024421438470,2024,421438470,1,9,0,-1,19,7,3,-1,0,0,0,0,0,0,1,1,-1,6,2,40,7,1956,2,10,VAUXHALL INSIGNIA,5,E01021357,0,1
2024061412711,2024,061412711,2,9,0,-1,19,1,1,-1,0,0,0,0,0,0,2,1,-1,6,1,50,8,1956,2,9,VAUXHALL INSIGNIA,5,E01006462,0,4
2024440078566,2024,440078566,2,9,0,5,5,2,6,0,0,1,0,0,0,0,1,1,2,2,1,27,6,1490,1,5,VAUXHALL INSIGNIA,2,E01022900,0,1
2024401519867,2024,401519867,1,9,0,-1,19,3,7,-1,0,0,0,0,0,0,1,1,-1,6,1,43,7,1956,2,9,VAUXHALL INSIGNIA,4,E01033497,0,3
2024340WN1462,2024,340WN1462,2,9,0,-1,19,2,6,-1,0,1,0,0,0,0,4,1,-1,1,1,43,7,1956,2,10,VAUXHALL INSIGNIA,9,E01027018,0,3
2024201452054,2024,201452054,3,9,0,-1,2,0,0,-1,0,0,0,0,0,0,2,9,-1,6,1,-1,-1,1956,2,15,VAUXHALL INSIGNIA,-1,-1,0,-1
2024401503354,2024,401503354,2,9,0,-1,2,0,0,-1,0,0,0,0,0,0,3,1,-1,6,-1,-1,-1,1956,2,10,VAUXHALL INSIGNIA,-1,-1,0,-1
2024311467272,2024,311467272,1,9,0,-1,19,8,4,-1,0,1,0,0,0,0,2,1,-1,6,1,-1,-1,1956,2,11,VAUXHALL INSIGNIA,5,E01013831,0,2
2024501493067,2024,501493067,1,9,0,-1,4,5,1,-1,0,1,0,0,0,0,2,1,-1,6,2,38,7,1956,2,13,VAUXHALL INSIGNIA,7,E01020338,0,1
2024031434958,2024,031434958,1,9,0,-1,1,5,7,-1,0,0,0,0,0,0,2,1,-1,6,1,53,8,1598,2,9,VAUXHALL INSIGNIA,2,E01019206,0,1
2024991442643,2024,991442643,1,9,0,-1,19,3,7,-1,0,2,0,0,0,0,1,1,-1,9,1,32,6,1956,2,13,VAUXHALL INSIGNIA,5,-1,0,2
2024522401983,2024,522401983,2,9,0,18,19,4,8,0,0,0,0,0,0,0,1,1,6,6,1,24,5,1998,1,15,VAUXHALL INSIGNIA,4,E01014519,0,2
2024320556546,2024,320556546,2,9,0,3,3,7,3,0,0,0,0,0,0,0,2,1,6,6,2,64,9,1956,2,10,VAUXHALL INSIGNIA,5,E01026052,0,4
202460Q057988,2024,60Q057988,1,9,0,18,19,4,8,0,0,0,1,0,0,0,1,1,2,2,1,53,8,1956,2,9,VAUXHALL INSIGNIA,-1,-1,0,-1