collision_index,collision_year,collision_ref_no,vehicle_reference,vehicle_type,towing_and_articulation,vehicle_manoeuvre_historic,vehicle_manoeuvre,vehicle_direction_from,vehicle_direction_to,vehicle_location_restricted_lane_historic,vehicle_location_restricted_lane,junction_location,skidding_and_overturning,hit_object_in_carriageway,vehicle_leaving_carriageway,hit_object_off_carriageway,first_point_of_impact,vehicle_left_hand_drive,journey_purpose_of_driver_historic,journey_purpose_of_driver,sex_of_driver,age_of_driver,age_band_of_driver,engine_capacity_cc,propulsion_code,age_of_vehicle,generic_make_model,driver_imd_decile,lsoa_of_driver,escooter_flag,driver_distance_banding
2024531437642,2024,531437642,2,9,0,-1,4,5,1,-1,0,1,0,0,0,0,2,1,-1,9,2,49,8,1598,2,8,VAUXHALL INSIGNIA,6,E01014053,0,4
2024371454359,2024,371454359,3,9,0,-1,19,3,7,-1,0,2,0,0,0,0,0,1,-1,1,2,25,5,1995,2,4,VAUXHALL INSIGNIA,-1,-1,0,-1
2024231416432,2024,231416432,1,9,0,-1,9,3,1,-1,0,6,0,0,0,0,1,9,-1,1,1,51,8,1956,2,9,VAUXHALL INSIGNIA,2,E01032538,0,1
2024101445467,2024,101445467,2,8,0,-1,3,3,7,-1,0,0,0,0,0,0,2,1,-1,1,1,35,6,1956,2,8,VAUXHALL INSIGNIA,1,E01008665,0,1
2024351509788,2024,351509788,2,9,0,-1,19,7,3,-1,0,0,0,0,0,0,3,1,-1,6,1,35,6,1956,2,9,VAUXHALL INSIGNIA,9,E01026304,0,1
2024211432554,2024,211432554,1,9,0,-1,5,5,4,-1,0,4,0,0,0,0,1,1,-1,6,1,62,9,1956,2,9,VAUXHALL INSIGNIA,9,E01009420,0,1
2024610046224,2024,610046224,2,9,0,9,9,5,3,0,0,8,0,0,0,0,4,1,6,6,1,34,6,1956,2,11,VAUXHALL INSIGNIA,2,W01001465,0,1
2024340NN3002,2024,340NN3002,1,9,0,-1,19,8,4,-1,0,0,0,0,0,0,1,1,-1,6,2,29,6,1796,1,10,VAUXHALL INSIGNIA,9,E01017950,0,4
2024411463886,2024,411463886,2,9,0,-1,1,3,5,-1,0,8,0,0,7,0,2,1,-1,6,-1,-1,-1,1956,2,12,VAUXHALL INSIGNIA,-1,-1,0,-1
2024361453702,2024,361453702,2,9,0,-1,19,7,3,-1,0,8,0,0,0,0,3,1,-1,2,1,72,10,1956,2,13,VAUXHALL INSIGNIA,6,E01026886,0,2
2024320119276,2024,320119276,2,8,0,-1,-1,1,5,0,0,0,0,0,0,0,1,1,1,1,1,63,9,1956,2,13,VAUXHALL INSIGNIA,2,E01026049,0,3
2024421401166,2024,421401166,2,9,0,-1,9,3,5,-1,0,0,0,0,0,0,1,9,-1,6,1,65,9,1796,1,12,VAUXHALL INSIGNIA,6,E01021597,0,1
2024161403357,2024,161403357,2,9,0,-1,14,5,1,-1,0,1,0,0,0,0,1,1,-1,9,1,20,4,1956,2,10,VAUXHALL INSIGNIA,7,E01013289,0,1
2024631477509,2024,631477509,1,9,0,-1,19,2,5,-1,0,1,0,0,0,0,1,1,-1,9,2,21,5,1956,2,13,VAUXHALL INSIGNIA,8,W01001937,0,2
2024401534031,2024,401534031,1,9,-1,-1,19,-1,-1,-1,0,0,0,0,0,0,1,9,-1,2,1,37,7,1956,2,15,VAUXHALL INSIGNIA,5,E01015793,0,1
2024311535205,2024,311535205,1,9,0,-1,19,3,6,-1,0,0,1,0,0,0,1,1,-1,6,1,44,7,1956,2,9,VAUXHALL INSIGNIA,-1,-1,0,-1
2024421485876,2024,421485876,1,9,0,-1,9,1,3,-1,0,5,0,0,0,0,1,1,-1,6,1,37,7,1956,2,9,VAUXHALL INSIGNIA,3,E01021631,0,1
2024351445855,2024,351445855,1,9,0,-1,19,4,3,-1,0,3,0,0,0,0,3,1,-1,6,1,31,6,1956,2,11,VAUXHALL INSIGNIA,7,E01026272,0,4
2024201457555,2024,201457555,1,9,0,-1,19,1,4,-1,0,8,0,0,0,0,1,9,-1,6,2,26,6,1956,2,9,VAUXHALL INSIGNIA,5,E01008982,0,3
2024161403356,2024,161403356,1,9,0,-1,19,6,2,-1,0,8,0,0,0,0,4,1,-1,9,1,28,6,1956,2,14,VAUXHALL INSIGNIA,7,E01012815,0,1
2024101455655,2024,101455655,1,9,0,-1,7,3,5,-1,0,0,0,0,0,0,1,1,-1,2,1,35,6,1956,2,14,VAUXHALL INSIGNIA,2,E01027493,0,1
2024201451521,2024,201451521,2,9,0,-1,1,4,8,-1,0,2,0,0,0,0,2,1,-1,6,1,-1,-1,1956,2,7,VAUXHALL INSIGNIA,4,E01009497,0,1
2024201451440,2024,201451440,2,9,0,-1,5,8,7,-1,0,0,0,0,0,0,4,1,-1,9,1,32,6,1490,1,6,VAUXHALL INSIGNIA,3,E01009120,0,3
2024451437215,2024,451437215,1,9,0,-1,19,1,5,-1,0,0,0,0,7,4,1,1,-1,6,1,59,9,1796,1,13,VAUXHALL INSIGNIA,10,E01030958,0,2
2024501457769,2024,501457769,1,9,0,-1,11,5,1,-1,0,0,0,0,0,0,1,1,-1,9,1,48,8,1956,2,8,VAUXHALL INSIGNIA,2,E01015280,0,5
2024471521812,2024,471521812,2,9,0,-1,19,3,7,-1,0,0,0,0,0,0,1,1,-1,6,1,43,7,1956,2,10,VAUXHALL INSIGNIA,8,E01021233,0,2
2024471470977,2024,471470977,1,9,0,-1,19,7,3,-1,0,0,0,0,0,0,4,1,-1,9,1,55,8,1956,2,12,VAUXHALL INSIGNIA,7,E01031438,0,1
2024501413021,2024,501413021,1,9,0,-1,19,7,3,-1,1,1,0,0,0,0,3,9,-1,6,1,38,7,1956,2,8,VAUXHALL INSIGNIA,2,E01020039,0,1
2024201444369,2024,201444369,2,9,0,-1,19,4,8,-1,0,8,0,0,0,0,1,1,-1,6,1,30,6,1956,2,13,VAUXHALL INSIGNIA,-1,-1,0,-1
2024340WN5182,2024,340WN5182,2,9,0,-1,19,5,1,-1,0,1,0,0,0,0,1,1,-1,2,1,29,6,1956,2,10,VAUXHALL INSIGNIA,10,E01027283,0,1
2024340NN1872,2024,340NN1872,1,9,0,-1,19,2,6,-1,0,2,0,0,0,0,1,1,-1,9,1,20,4,1956,2,15,VAUXHALL INSIGNIA,2,E01015612,0,3
2024552401087,2024,552401087,2,9,0,18,19,8,4,0,0,0,0,0,0,0,1,1,2,2,1,47,8,1956,2,7,VAUXHALL INSIGNIA,8,E01020504,0,4
2024201437781,2024,201437781,1,9,0,-1,19,3,7,-1,0,0,0,0,0,0,4,9,-1,9,1,65,9,1956,2,13,VAUXHALL INSIGNIA,9,E01009816,0,3
2024041453677,2024,041453677,2,9,0,-1,19,7,7,-1,0,0,0,0,0,0,3,1,-1,9,1,33,6,1956,2,9,VAUXHALL INSIGNIA,1,E01025230,0,1
2024522401287,2024,522401287,1,9,0,9,9,7,5,0,0,8,0,0,0,0,1,1,6,6,2,41,7,1956,2,13,VAUXHALL INSIGNIA,1,E01014726,0,1
2024070081284,2024,070081284,2,9,0,10,10,5,1,0,0,1,0,0,0,0,2,1,2,2,2,33,6,1956,2,12,VAUXHALL INSIGNIA,3,E01018454,0,2
2024211542202,2024,211542202,1,8,0,-1,19,4,8,-1,0,1,0,0,0,0,1,1,-1,1,1,34,6,1956,2,8,VAUXHALL INSIGNIA,5,E01010267,0,3
2024070372997,2024,070372997,1,9,0,18,19,1,5,0,0,8,0,0,0,0,0,1,6,6,1,57,9,1956,2,9,VAUXHALL INSIGNIA,7,E01018395,0,1
2024991496888,2024,991496888,2,9,0,-1,1,8,4,-1,0,1,0,0,0,0,2,1,-1,6,1,62,9,1598,2,6,VAUXHALL INSIGNIA,5,-1,0,1
2024141535743,2024,141535743,2,9,0,-1,9,1,8,-1,0,1,0,0,0,0,1,1,-1,6,-1,-1,-1,1956,2,9,VAUXHALL INSIGNIA,-1,-1,0,-1
2024101447166,2024,101447166,2,9,0,-1,3,7,3,-1,0,0,0,0,0,0,2,1,-1,6,1,65,9,1796,1,11,VAUXHALL INSIGNIA,7,E01008505,0,1
2024131408327,2024,131408327,1,9,0,-1,9,5,1,-1,0,5,0,0,0,0,3,1,-1,9,1,82,11,1956,2,13,VAUXHALL INSIGNIA,7,E01011511,0,1
2024421448732,2024,421448732,2,9,0,-1,19,5,2,-1,0,0,0,0,0,0,3,1,-1,9,1,75,10,1956,2,11,VAUXHALL INSIGNIA,4,E01030113,0,3
2024010512395,2024,010512395,2,9,0,5,5,7,3,9,9,0,0,0,0,0,4,1,6,6,2,49,8,1796,1,13,VAUXHALL INSIGNIA,6,E01003791,0,1
2024131514551,2024,131514551,2,9,0,-1,2,0,0,-1,9,0,0,0,0,0,4,1,-1,6,-1,-1,-1,1598,2,6,VAUXHALL INSIGNIA,-1,-1,0,-1
2024111454640,2024,111454640,2,9,0,-1,3,7,3,-1,0,0,0,0,0,0,2,1,-1,9,1,26,6,1956,2,12,VAUXHALL INSIGNIA,3,E01020831,0,1
2024201399437,2024,201399437,1,9,0,-1,19,4,8,-1,0,0,0,0,0,0,1,1,-1,6,1,67,10,1796,1,13,VAUXHALL INSIGNIA,2,E01009997,0,1
2024991497543,2024,991497543,2,11,0,-1,19,2,6,-1,0,0,0,0,1,7,1,1,-1,1,1,42,7,10837,2,5,-1,4,W01001650,0,5
2024010513229,2024,010513229,1,3,0,99,99,9,9,99,99,9,9,99,9,99,9,1,1,1,1,39,7,350,1,5,-1,9,E01002926,0,3
2024421432555,2024,421432555,1,4,0,-1,13,2,6,-1,0,1,0,0,0,0,4,1,-1,2,1,36,7,350,1,4,-1,-1,-1,0,-1
2024481563924,2024,481563924,2,4,0,-1,4,3,7,-1,0,0,0,0,0,0,2,1,-1,6,1,39,7,350,1,5,-1,-1,-1,0,-1
2024010518895,2024,010518895,1,4,0,18,19,2,6,0,0,8,0,0,0,0,1,1,6,6,1,56,9,350,1,4,-1,10,E01003425,0,1
2024010531818,2024,010531818,2,4,0,18,19,1,5,0,0,1,0,0,0,0,4,1,2,2,1,59,9,350,1,5,-1,7,E01004516,0,1
2024010500718,2024,010500718,2,4,0,18,19,2,6,0,0,8,0,0,0,0,3,1,2,2,1,32,6,350,1,5,-1,4,E01001459,0,2
2024010517776,2024,010517776,1,4,0,18,19,8,4,2,2,8,2,0,0,0,0,1,6,6,1,45,7,348,1,5,-1,-1,-1,0,-1
2024430353224,2024,430353224,2,4,0,5,5,3,7,0,0,4,0,0,0,0,1,1,6,6,1,68,10,350,1,3,-1,-1,-1,0,-1
2024031488149,2024,031488149,2,4,0,-1,19,5,2,-1,0,1,0,0,0,0,4,1,-1,6,2,60,9,350,1,1,-1,10,E01019261,0,1
2024010491436,2024,010491436,2,9,0,18,19,4,8,0,0,0,0,0,0,0,1,1,6,6,3,-1,-1,2993,1,5,BMW X4,-1,-1,0,-1
2024052402541,2024,052402541,1,9,0,18,19,3,5,0,0,0,0,0,0,0,1,1,6,6,2,48,8,1995,2,6,BMW X4,3,E01006780,0,2
2024131436258,2024,131436258,1,9,0,-1,19,3,7,-1,0,0,0,0,2,0,3,1,-1,9,2,28,6,2993,2,8,BMW X4,8,E01032490,0,2
2024010537310,2024,010537310,1,9,0,18,19,1,5,0,0,1,0,0,0,0,2,1,6,6,1,22,5,2993,1,4,BMW X4,2,E01001447,0,2
2024010535507,2024,010535507,3,9,0,18,19,1,5,0,0,1,0,0,0,0,3,1,6,6,2,45,7,1995,-1,2,BMW X4,3,E01000385,0,2
2024440346768,2024,440346768,1,9,0,18,19,7,3,0,0,0,0,0,0,0,2,1,6,6,1,50,8,2993,12,0,BMW X4,9,E01022557,0,1
2024311526977,2024,311526977,1,9,0,-1,19,2,6,-1,0,0,0,0,0,0,3,1,-1,2,2,42,7,2993,2,8,BMW X4,-1,-1,0,-1
2024010547485,2024,010547485,1,9,0,18,19,5,1,0,0,0,0,0,0,0,4,1,2,2,1,26,6,2993,2,9,BMW X4,2,E01002741,0,1
2024231528646,2024,231528646,2,9,0,-1,19,5,8,-1,0,0,0,0,0,0,1,1,-1,1,2,37,7,1995,2,7,BMW X4,6,E01009685,0,3
2024461396429,2024,461396429,2,9,0,-1,11,5,1,-1,0,0,0,0,0,0,4,9,-1,6,1,-1,-1,1995,2,7,BMW X4,7,E01033213,0,3
2024010497578,2024,010497578,2,9,0,18,19,3,7,0,0,8,0,0,0,0,4,1,6,6,1,40,7,2993,2,10,BMW X4,-1,-1,0,-1
2024010511149,2024,010511149,2,9,0,99,99,9,9,99,99,9,9,99,9,99,1,9,6,6,3,-1,-1,2993,2,5,BMW X4,-1,-1,0,-1
2024991405196,2024,991405196,2,9,0,-1,19,1,5,-1,0,0,0,0,0,0,2,1,-1,9,2,41,7,2993,2,5,BMW X4,1,-1,0,2
2024552400537,2024,552400537,4,9,0,2,2,0,0,0,0,0,0,0,0,0,2,1,6,6,3,-1,-1,1995,12,4,BMW X4,-1,-1,0,-1
2024010499018,2024,010499018,1,9,0,99,99,9,9,99,99,9,9,99,9,99,2,1,6,6,3,-1,-1,1995,2,7,BMW X4,-1,-1,0,-1
2024211534516,2024,211534516,2,9,0,-1,9,1,5,-1,0,1,0,0,0,0,1,1,-1,6,1,43,7,1995,2,7,BMW X4,3,E01029553,0,1
2024010515228,2024,010515228,1,9,0,2,2,0,0,0,0,0,0,10,0,0,1,1,6,6,3,-1,-1,2993,1,4,BMW X4,-1,-1,0,-1
2024010522520,2024,010522520,3,9,0,2,2,0,0,0,0,0,0,0,0,0,0,1,6,6,3,-1,-1,1995,-1,3,BMW X4,-1,-1,0,-1
2024631414652,2024,631414652,1,9,0,-1,19,6,2,-1,0,8,0,0,0,0,4,1,-1,7,1,52,8,1995,2,5,BMW X4,2,E01008812,0,5
2024622400090,2024,622400090,1,8,0,18,19,4,8,0,0,4,0,0,0,0,1,1,6,6,2,39,7,-1,-1,-1,BMW X4,9,W01001135,0,2
2024131418592,2024,131418592,2,9,0,-1,19,7,3,-1,0,0,0,0,0,0,2,1,-1,9,1,61,9,1995,2,9,BMW X4,3,E01020868,0,5
2024440104003,2024,440104003,2,9,0,4,4,8,4,0,0,0,0,0,0,0,2,1,6,6,1,72,10,2993,2,6,BMW X4,9,E01033384,0,1
2024221403313,2024,221403313,1,9,0,-1,19,5,1,-1,0,1,0,0,7,10,1,1,-1,6,2,60,9,1995,12,3,BMW X4,4,E01014003,0,4
2024991429028,2024,991429028,1,9,0,-1,19,2,7,-1,0,2,0,0,0,0,3,1,-1,9,2,53,8,1995,12,3,BMW X4,7,-1,0,1
2024201556281,2024,201556281,1,9,0,-1,5,1,5,-1,0,1,0,0,0,0,1,9,-1,6,3,-1,-1,2998,8,3,BMW X4,-1,-1,0,-1
2024440224610,2024,440224610,1,9,0,5,5,4,8,0,0,1,0,0,0,0,1,1,6,6,3,-1,-1,2993,2,9,BMW X4,-1,-1,0,-1
2024411493501,2024,411493501,1,9,0,-1,19,3,7,-1,0,0,1,0,7,10,1,1,-1,6,1,87,11,2993,2,6,BMW X4,9,E01023849,0,1
2024010524960,2024,010524960,2,9,0,3,3,7,3,0,0,1,0,0,0,0,2,1,6,6,2,41,7,1995,2,5,BMW X4,-1,-1,0,-1
2024010545821,2024,010545821,2,9,0,3,3,7,3,0,0,1,0,0,0,0,2,1,6,6,1,44,7,1995,2,8,BMW X4,4,E01033322,0,1
2024471455522,2024,471455522,1,9,0,-1,9,7,6,-1,0,2,0,0,0,0,4,1,-1,1,1,67,10,2993,12,1,BMW X4,5,E01031465,0,2
2024061494708,2024,061494708,1,8,0,-1,-1,-1,-1,-1,-1,-1,-1,-1,-1,0,-1,9,-1,6,2,-1,-1,-1,-1,-1,BMW X4,-1,-1,0,-1
2024501478511,2024,501478511,1,9,0,-1,19,2,6,-1,0,6,0,0,0,0,3,1,-1,9,2,46,8,1995,2,9,BMW X4,2,E01019034,0,4
2024631426937,2024,631426937,1,9,0,-1,19,4,8,-1,0,0,0,0,0,0,1,1,-1,9,1,58,9,2993,2,7,BMW X4,7,W01000523,0,3
2024052400791,2024,052400791,2,9,0,18,19,3,7,0,0,0,0,0,0,0,3,1,6,6,1,45,7,1995,2,5,BMW X4,9,E01018545,0,3
2024010520375,2024,010520375,2,9,0,99,99,9,9,99,99,9,9,99,9,99,1,9,6,6,3,-1,-1,1995,2,5,BMW X4,-1,-1,0,-1
2024010521479,2024,010521479,2,9,0,18,19,7,3,0,0,0,0,0,0,0,1,1,6,6,3,-1,-1,1995,2,10,BMW X4,-1,-1,0,-1
2024010539723,2024,010539723,1,9,0,5,5,1,5,0,0,6,0,0,0,0,3,1,2,2,1,35,6,1995,2,4,BMW X4,2,E01003966,0,1
2024052402619,2024,052402619,2,9,0,2,2,0,0,0,0,1,0,0,0,0,2,1,6,6,2,36,7,1995,2,8,BMW X4,2,E01006742,0,1
2024531415630,2024,531415630,2,9,0,-1,19,5,1,-1,0,0,0,0,0,0,1,1,-1,6,1,30,6,2993,2,7,BMW X4,7,E01032403,0,4
2024010519168,2024,010519168,4,9,0,18,19,3,7,0,0,1,0,0,0,0,1,1,6,6,1,29,6,1995,12,4,BMW X4,4,E01000134,0,3
2024501450384,2024,501450384,2,9,0,-1,19,3,7,-1,0,0,0,0,0,0,1,1,-1,9,1,58,9,2993,12,2,BMW X4,4,W01001066,0,4
2024010546778,2024,010546778,3,9,0,3,3,3,7,0,0,1,0,0,0,0,2,1,6,6,1,24,5,2993,1,3,BMW X4,5,W01000757,0,5
2024991510125,2024,991510125,1,9,0,-1,19,3,7,-1,0,0,0,0,0,0,4,1,-1,9,1,59,9,1995,12,2,BMW X4,9,-1,0,1
2024010517335,2024,010517335,1,9,0,18,19,5,1,0,0,1,0,0,0,0,1,1,6,6,3,-1,-1,1995,2,5,BMW X4,-1,-1,0,-1
2024010551930,2024,010551930,2,9,0,18,19,5,1,0,0,0,1,10,1,11,1,1,6,6,1,44,7,1995,12,2,BMW X4,-1,-1,0,-1
2024991421963,2024,991421963,1,9,0,-1,1,7,3,-1,0,1,0,0,0,0,2,2,-1,6,1,18,4,2993,2,8,BMW X4,-1,-1,0,-1
2024320003809,2024,320003809,1,9,0,18,19,6,2,0,0,0,1,0,1,4,1,1,6,6,1,37,7,2993,2,8,BMW X4,8,E01026228,0,1
2024302400877,2024,302400877,1,9,0,2,2,0,0,0,0,0,0,0,0,0,2,1,6,6,3,39,7,1995,2,9,BMW X4,-1,-1,0,-1
2024211477640,2024,211477640,2,9,0,-1,19,7,3,-1,0,0,1,0,0,0,1,1,-1,6,1,35,6,1995,12,2,BMW X4,-1,-1,0,-1
2024010539101,2024,010539101,3,9,0,2,2,0,0,0,0,1,0,0,0,0,4,1,6,6,3,-1,-1,1995,2,6,BMW X4,-1,-1,0,-1
2024010517483,2024,010517483,1,9,0,18,19,1,5,0,0,1,0,0,0,0,1,1,6,6,2,31,6,2993,2,6,BMW X4,1,E01003290,0,1
2024610033824,2024,610033824,1,9,0,18,19,4,8,0,0,0,0,0,0,0,1,1,6,6,1,44,7,1995,2,9,BMW X4,3,W01001353,0,1
2024201492355,2024,201492355,1,9,0,-1,19,7,1,-1,0,0,0,0,0,0,3,1,-1,9,3,-1,-1,1995,2,8,BMW X4,-1,-1,0,-1
2024440271552,2024,440271552,3,9,0,18,19,7,3,0,0,2,0,0,0,0,1,1,2,2,2,37,7,1995,12,1,BMW X4,8,E01023245,0,1
2024052402785,2024,052402785,5,9,0,2,2,0,0,0,0,1,0,0,0,0,2,1,6,6,3,-1,-1,1995,12,3,BMW X4,-1,-1,0,-1
2024201480740,2024,201480740,6,9,0,-1,2,0,0,-1,0,0,0,0,0,0,2,1,-1,6,-1,-1,-1,1995,2,6,BMW X4,-1,-1,0,-1
2024010507424,2024,010507424,1,9,0,17,19,3,7,0,0,1,0,0,0,0,1,1,6,6,1,30,6,1995,2,6,BMW X4,3,E01003570,0,3
2024010501802,2024,010501802,2,9,0,99,99,9,9,99,99,9,9,99,9,99,9,9,6,6,3,-1,-1,2993,2,5,BMW X4,-1,-1,0,-1
2024421438257,2024,421438257,1,9,0,-1,19,3,7,-1,0,0,0,0,0,0,1,1,-1,2,2,44,7,1995,2,9,BMW X4,4,E01022028,0,1
2024421474573,2024,421474573,1,9,0,-1,19,8,4,-1,0,1,0,0,0,0,1,1,-1,6,1,39,7,2993,2,7,BMW X4,8,E01015823,0,1
2024122500447,2024,122500447,2,9,0,18,19,6,2,0,0,1,0,0,0,0,2,1,6,6,1,66,10,2993,2,9,BMW X4,6,E01027849,0,1
2024052400957,2024,052400957,1,9,0,18,19,7,3,0,0,1,2,4,3,2,1,1,6,6,1,27,6,2998,8,2,BMW X4,5,E01033796,0,1
2024522500300,2024,522500300,2,9,0,14,14,1,5,0,0,1,0,0,0,0,4,1,6,6,3,-1,-1,1995,2,8,BMW X4,-1,-1,0,-1
2024010516688,2024,010516688,1,9,0,9,9,7,5,0,0,6,5,0,0,0,1,1,6,6,1,23,5,2993,1,5,BMW X4,2,E01003037,0,1
2024010521211,2024,010521211,3,9,0,18,19,3,7,0,0,1,0,0,0,0,1,1,6,6,3,-1,-1,2998,1,5,BMW X4,-1,-1,0,-1
2024302401794,2024,302401794,1,9,0,18,19,1,5,0,0,0,0,0,0,0,1,1,6,6,1,59,9,1995,2,8,BMW X4,7,E01029396,0,4
2024010514773,2024,010514773,1,9,0,18,19,4,8,0,0,1,0,0,0,0,1,1,2,2,1,46,8,1995,2,6,BMW X4,1,E01000782,0,1
2024221462686,2024,221462686,1,9,0,-1,9,5,2,-1,0,5,0,0,0,0,1,1,-1,9,2,74,10,1298,1,16,DAIHATSU SIRION,9,E01032218,0,1
2024201410622,2024,201410622,1,9,0,-1,13,6,2,-1,0,0,0,0,0,0,1,1,-1,2,2,35,6,1298,1,18,DAIHATSU SIRION,5,E01009031,0,1
2024061453150,2024,061453150,2,9,0,-1,19,3,7,-1,0,0,0,0,0,0,1,1,-1,6,1,24,5,1298,1,15,DAIHATSU SIRION,3,E01005480,0,1
2024302400687,2024,302400687,2,9,0,17,19,1,6,0,0,0,0,0,0,0,1,1,6,6,1,39,7,998,1,19,DAIHATSU SIRION,3,E01029568,0,4
2024471482912,2024,471482912,2,9,0,-1,3,5,1,-1,0,1,0,0,0,0,2,1,-1,2,1,20,4,998,1,19,DAIHATSU SIRION,6,E01020986,0,1
2024471439932,2024,471439932,1,9,0,-1,20,5,1,-1,-1,0,0,0,0,0,1,1,-1,9,2,88,11,1298,1,19,DAIHATSU SIRION,10,E01035348,0,1
2024501530294,2024,501530294,1,9,0,-1,7,5,6,-1,0,6,0,0,0,0,1,1,-1,9,2,78,11,1298,1,19,DAIHATSU SIRION,3,E01015235,0,1
2024141526357,2024,141526357,2,9,0,-1,19,6,2,-1,0,0,0,0,0,0,1,1,-1,6,1,23,5,1298,1,16,DAIHATSU SIRION,9,E01008079,0,1
2024371427463,2024,371427463,2,9,0,-1,4,1,5,-1,0,1,0,0,0,0,2,1,-1,6,1,65,9,1298,1,15,DAIHATSU SIRION,7,E01030200,0,4
2024501402195,2024,501402195,1,9,0,-1,1,7,6,-1,0,2,0,0,0,0,2,9,-1,6,1,53,8,1298,1,16,DAIHATSU SIRION,7,E01020318,0,1
2024041452246,2024,041452246,1,9,0,-1,19,5,1,-1,0,1,0,0,0,0,3,1,-1,9,2,65,9,989,1,23,DAIHATSU SIRION,5,E01025508,0,3
2024010491904,2024,010491904,2,9,0,9,9,2,8,0,0,5,0,0,0,0,1,1,6,6,2,61,9,1298,1,15,DAIHATSU SIRION,-1,-1,0,-1
2024471479612,2024,471479612,1,9,0,-1,9,7,5,-1,0,8,0,0,0,0,1,1,-1,9,1,71,10,1298,1,18,DAIHATSU SIRION,3,E01031459,0,1
2024010518656,2024,010518656,1,9,0,18,19,1,5,0,0,0,0,0,1,4,1,2,6,6,2,78,11,1298,1,15,DAIHATSU SIRION,9,E01001532,0,1
2024501396524,2024,501396524,1,9,0,-1,19,2,6,-1,0,1,0,0,0,0,2,1,-1,6,1,34,6,1298,1,22,DAIHATSU SIRION,3,E01015063,0,1
2024010537463,2024,010537463,1,9,0,8,8,5,8,0,0,1,0,0,0,0,4,1,6,6,2,51,8,1495,1,16,DAIHATSU SIRION,5,E01002640,0,1
2024543577224,2024,543577224,1,9,0,5,5,6,8,0,0,8,0,0,7,0,4,1,6,6,1,79,11,1298,1,18,DAIHATSU SIRION,8,E01032001,0,1
2024411469275,2024,411469275,1,9,-1,-1,-1,-1,-1,-1,-1,-1,-1,-1,-1,0,1,1,-1,2,2,50,8,998,1,19,DAIHATSU SIRION,10,E01033609,0,2
2024531474430,2024,531474430,1,9,0,-1,19,5,1,-1,0,1,0,0,0,0,1,1,-1,6,-1,-1,-1,1298,1,17,DAIHATSU SIRION,-1,-1,0,-1
2024302401200,2024,302401200,1,9,0,18,19,3,7,0,0,1,0,0,0,0,4,1,6,6,3,-1,-1,1298,1,16,DAIHATSU SIRION,-1,-1,0,-1
2024041402626,2024,041402626,2,9,0,-1,19,1,5,-1,0,8,0,0,0,0,1,1,-1,9,2,47,8,1298,1,16,DAIHATSU SIRION,4,E01012723,0,1
2024351435863,2024,351435863,1,9,0,-1,19,3,7,-1,0,0,0,0,0,0,1,1,-1,9,2,86,11,1298,1,22,DAIHATSU SIRION,10,E01018265,0,1
2024440221080,2024,440221080,1,5,0,18,19,8,4,0,0,0,0,0,0,0,1,1,6,6,1,32,6,1449,1,19,-1,3,E01017257,0,2
2024332400571,2024,332400571,1,5,0,-1,19,1,5,-1,0,1,0,0,0,0,1,1,-1,6,1,54,8,1520,1,24,-1,-1,-1,0,-1
2024421448161,2024,421448161,1,5,0,-1,7,3,7,-1,0,3,0,0,0,0,1,1,-1,9,1,45,7,853,1,4,-1,4,E01001499,0,4
2024201574901,2024,201574901,2,3,0,-1,19,1,5,-1,0,0,0,0,1,0,3,1,-1,1,1,64,9,853,1,3,-1,7,E01018428,0,4
2024610044824,2024,610044824,1,5,0,18,19,2,6,0,0,0,1,0,1,0,0,1,6,6,1,65,9,853,1,4,-1,9,W01001573,0,1
2024361466027,2024,361466027,1,5,0,-1,19,7,4,-1,0,8,1,0,1,0,4,1,-1,9,1,64,9,853,1,0,-1,8,E01026566,0,3
2024440122435,2024,440122435,1,5,0,12,12,6,2,0,0,0,0,0,0,0,3,1,6,6,1,36,7,853,1,5,-1,10,E01023242,0,4
2024440175688,2024,440175688,1,5,0,16,19,4,8,0,0,1,1,11,0,0,1,1,6,6,1,70,10,853,1,0,-1,4,E01017297,0,4
2024010493266,2024,010493266,1,19,0,5,5,7,3,0,0,1,0,0,0,0,9,1,6,6,3,-1,-1,2298,2,3,NISSAN NV400,8,E01001888,0,1
2024631530136,2024,631530136,2,19,0,-1,2,0,0,-1,0,0,0,0,1,10,2,2,-1,6,-1,-1,-1,2298,2,11,NISSAN NV400,-1,-1,0,-1
2024010520208,2024,010520208,1,19,0,99,99,9,9,99,99,9,9,99,9,99,9,9,6,6,1,-1,-1,2298,2,3,NISSAN NV400,1,E01002040,0,3
2024131405323,2024,131405323,3,20,0,-1,19,1,1,-1,0,0,0,0,0,0,2,1,-1,1,1,52,8,2298,2,4,NISSAN NV400,2,E01010993,0,3
2024101479637,2024,101479637,1,19,0,-1,19,4,7,-1,0,4,0,0,0,0,1,1,-1,6,1,41,7,2298,2,7,NISSAN NV400,2,E01020877,0,4
2024411565809,2024,411565809,1,19,0,-1,1,3,5,-1,0,1,0,0,0,0,2,1,-1,1,1,56,9,2298,2,4,NISSAN NV400,5,E01021494,0,4
2024440323188,2024,440323188,1,19,0,18,19,1,5,0,0,7,0,0,0,0,1,1,1,1,1,23,5,2298,2,3,NISSAN NV400,3,E01004364,0,5