collision_index,collision_year,collision_ref_no,vehicle_reference,vehicle_type,towing_and_articulation,vehicle_manoeuvre_historic,vehicle_manoeuvre,vehicle_direction_from,vehicle_direction_to,vehicle_location_restricted_lane_historic,vehicle_location_restricted_lane,junction_location,skidding_and_overturning,hit_object_in_carriageway,vehicle_leaving_carriageway,hit_object_off_carriageway,first_point_of_impact,vehicle_left_hand_drive,journey_purpose_of_driver_historic,journey_purpose_of_driver,sex_of_driver,age_of_driver,age_band_of_driver,engine_capacity_cc,propulsion_code,age_of_vehicle,generic_make_model,driver_imd_decile,lsoa_of_driver,escooter_flag,driver_distance_banding
2024451482776,2024,451482776,2,19,0,-1,4,3,7,-1,0,0,0,0,0,0,1,1,-1,2,1,21,5,2298,2,4,NISSAN NV400,7,E01030722,0,3
2024461481229,2024,461481229,1,19,-1,-1,9,-1,-1,-1,0,0,0,0,0,0,3,9,-1,6,1,37,7,2298,2,12,NISSAN NV400,10,E01024453,0,2
2024201456369,2024,201456369,3,19,0,-1,2,0,0,-1,0,0,0,0,0,0,1,9,-1,6,-1,-1,-1,2298,2,5,NISSAN NV400,-1,-1,0,-1
2024010519820,2024,010519820,2,20,0,99,99,9,9,99,99,9,9,99,9,99,9,9,6,6,3,-1,-1,-1,-1,-1,NISSAN NV400,-1,-1,0,-1
2024991412898,2024,991412898,1,19,0,-1,19,4,8,-1,0,0,0,0,0,0,1,1,-1,1,1,21,5,2298,2,3,NISSAN NV400,6,-1,0,5
2024010526883,2024,010526883,2,90,0,18,19,3,7,0,0,0,0,0,0,0,1,1,6,6,1,56,9,2298,2,9,NISSAN NV400,8,E01032825,0,4
2024461518442,2024,461518442,2,19,0,-1,19,8,4,-1,0,0,0,1,0,0,1,1,-1,1,2,32,6,2298,2,7,NISSAN NV400,5,E01023759,0,4
2024340WN3262,2024,340WN3262,2,20,0,-1,9,5,3,-1,0,5,0,0,7,0,3,1,-1,1,1,59,9,2279,2,6,NISSAN NV400,7,E01027353,0,3
2024991531390,2024,991531390,1,19,0,-1,9,7,5,-1,0,5,0,0,0,0,1,1,-1,2,1,40,7,2298,2,3,NISSAN NV400,10,-1,0,3
2024371485822,2024,371485822,1,19,0,-1,9,8,4,-1,0,0,1,0,0,0,1,1,-1,1,1,29,6,2298,2,9,NISSAN NV400,-1,-1,0,-1
2024010550923,2024,010550923,1,19,0,18,19,7,3,0,0,0,0,0,0,0,1,1,1,1,1,47,8,2298,2,6,NISSAN NV400,6,E01000584,0,1
2024430115038,2024,430115038,2,19,0,2,2,0,0,6,6,0,0,0,0,0,2,1,1,1,3,-1,-1,2298,2,6,NISSAN NV400,-1,-1,0,-1
2024010529904,2024,010529904,1,19,0,-1,-1,1,5,0,0,0,0,0,0,0,4,1,1,1,1,25,5,2298,2,3,NISSAN NV400,2,E01001477,0,1
2024361430462,2024,361430462,2,19,0,-1,19,5,1,-1,0,0,0,0,0,0,3,9,-1,1,1,54,8,-1,-1,-1,NISSAN NV400,4,E01030295,0,3
2024440301682,2024,440301682,2,19,0,10,10,2,6,0,0,1,0,0,0,0,2,1,2,2,1,63,9,2298,2,9,NISSAN NV400,7,E01022997,0,1
2024461536071,2024,461536071,1,9,0,-1,19,1,2,-1,0,0,0,4,0,0,1,1,-1,9,2,80,11,1995,2,22,-1,10,E01024404,0,1
2024631445248,2024,631445248,2,9,0,-1,4,3,6,-1,0,1,0,0,0,0,2,1,-1,9,1,69,10,1398,1,6,-1,7,W01000581,0,1
2024501414809,2024,501414809,1,4,0,-1,19,7,3,-1,0,0,1,0,0,0,1,1,-1,6,1,48,8,125,1,5,-1,1,E01015256,0,2
2024501475801,2024,501475801,2,9,0,-1,9,4,8,-1,0,2,0,0,3,0,4,1,-1,6,2,83,11,2706,1,9,PORSCHE BOXSTER,5,E01019031,0,2
2024010505308,2024,010505308,1,9,0,99,99,9,9,99,99,9,9,99,9,99,9,9,6,6,2,56,9,2893,1,13,PORSCHE BOXSTER,1,E01003347,0,1
2024041394986,2024,041394986,1,9,0,-1,19,3,7,-1,0,0,0,0,0,0,1,2,-1,2,1,48,8,3200,6,24,PORSCHE BOXSTER,5,E01012616,0,2
2024010522177,2024,010522177,2,9,0,99,99,9,9,99,99,9,9,99,9,99,9,9,6,6,1,50,8,2706,1,12,PORSCHE BOXSTER,9,E01004607,0,1
2024451502940,2024,451502940,1,9,0,-1,19,1,5,-1,0,0,2,0,1,9,1,1,-1,9,2,23,5,3200,1,22,PORSCHE BOXSTER,4,E01030827,0,1
2024010526612,2024,010526612,1,9,0,18,19,1,5,0,0,1,0,0,0,0,2,1,6,6,1,33,6,2687,1,16,PORSCHE BOXSTER,3,E01001954,0,4
2024371484620,2024,371484620,2,9,0,-1,19,6,2,-1,0,0,0,0,0,0,3,1,-1,9,1,69,10,2687,1,18,PORSCHE BOXSTER,7,E01029875,0,2
2024430466357,2024,430466357,2,9,0,18,19,2,6,0,0,1,0,0,0,0,1,1,6,6,3,-1,-1,3436,1,10,PORSCHE BOXSTER,-1,-1,0,-1
2024010547400,2024,010547400,1,9,0,18,19,7,3,0,0,6,0,0,0,0,1,2,6,6,1,67,10,3387,1,17,PORSCHE BOXSTER,9,E01016696,0,4
2024320337172,2024,320337172,1,9,0,-1,-1,8,4,0,0,8,0,0,7,1,1,1,-1,-1,1,19,4,2687,1,19,PORSCHE BOXSTER,4,E01026081,0,2
2024101564095,2024,101564095,2,9,0,-1,19,1,5,-1,0,1,0,0,0,0,3,1,-1,6,1,51,8,2700,1,21,PORSCHE BOXSTER,6,E01008750,0,1
2024041469370,2024,041469370,1,9,0,-1,19,8,4,-1,0,8,1,0,0,0,3,1,-1,6,1,79,11,2700,6,24,PORSCHE BOXSTER,3,E01012755,0,1
2024010546981,2024,010546981,2,9,9,2,2,9,9,99,99,9,9,99,9,99,9,9,6,6,2,56,9,2687,1,17,PORSCHE BOXSTER,6,E01033098,0,1
2024141531255,2024,141531255,2,9,0,-1,19,1,6,-1,0,0,0,0,0,0,1,9,-1,6,1,-1,-1,1149,1,16,-1,3,E01011944,0,4
2024351469598,2024,351469598,2,9,0,-1,9,7,5,-1,0,8,0,0,0,0,1,1,-1,6,1,19,4,1149,1,16,-1,5,E01017430,0,4
2024461425142,2024,461425142,1,9,0,-1,19,1,5,-1,0,0,0,0,0,0,4,1,-1,6,1,49,8,1149,1,17,-1,2,E01024257,0,1
2024320041915,2024,320041915,1,9,0,4,4,4,8,0,0,2,0,0,0,0,3,1,6,6,1,-1,-1,1149,1,17,-1,-1,-1,0,-1
2024231469367,2024,231469367,1,9,0,-1,13,5,1,-1,0,0,2,0,7,9,0,1,-1,6,2,38,7,1149,1,13,-1,7,E01032943,0,3
2024070054816,2024,070054816,2,9,0,18,19,5,1,0,0,4,0,0,0,0,1,1,6,6,1,58,9,1995,2,15,RENAULT KOLEOS,8,E01012495,0,1
2024070054816,2024,070054816,1,9,0,18,19,3,7,0,0,4,0,0,1,1,4,1,6,6,1,63,9,1995,2,7,RENAULT KOLEOS,9,E01012562,0,1
202417M211824,2024,17M211824,2,9,0,-1,19,2,6,-1,0,8,0,0,0,0,1,1,-1,9,2,-1,-1,1995,2,5,RENAULT KOLEOS,1,E01012107,0,3
2024471434190,2024,471434190,1,9,0,-1,7,3,7,-1,0,0,0,0,0,0,1,1,-1,9,1,26,6,1995,2,15,RENAULT KOLEOS,5,E01020968,0,2
2024351460276,2024,351460276,1,9,-1,-1,-1,-1,-1,-1,-1,-1,-1,-1,-1,0,1,9,-1,2,2,41,7,1995,2,5,RENAULT KOLEOS,10,E01018118,0,2
2024440502034,2024,440502034,2,9,0,17,19,3,7,0,0,0,0,0,1,0,3,1,6,6,2,52,8,1995,2,7,RENAULT KOLEOS,7,E01022514,0,2
2024052402666,2024,052402666,1,9,0,5,5,5,1,0,0,4,0,0,0,0,1,1,6,6,1,61,9,1995,2,15,RENAULT KOLEOS,5,E01006802,0,1
2024161419545,2024,161419545,3,9,0,-1,2,0,0,-1,0,0,0,0,0,0,2,1,-1,6,-1,-1,-1,1995,2,15,RENAULT KOLEOS,-1,-1,0,-1
2024052400246,2024,052400246,2,9,0,9,9,8,6,0,0,1,0,0,0,0,1,1,6,6,1,63,9,1995,2,16,RENAULT KOLEOS,2,E01006744,0,1
2024361409067,2024,361409067,1,9,0,-1,19,1,5,-1,0,1,0,0,0,0,4,1,-1,6,2,26,6,1995,2,6,RENAULT KOLEOS,1,E01030291,0,3
2024010540208,2024,010540208,2,3,0,18,19,5,1,0,0,1,0,0,0,0,1,1,6,6,1,21,5,125,1,3,SINNIS HOODLUM,2,E01001340,0,1
2024471485022,2024,471485022,1,3,0,-1,19,2,6,-1,0,0,1,0,0,0,0,1,-1,9,1,18,4,125,1,1,SINNIS HOODLUM,5,E01031731,0,1
2024520402291,2024,520402291,1,3,0,17,19,8,6,0,0,1,0,0,0,0,0,1,6,6,2,17,4,125,1,3,SINNIS HOODLUM,6,E01029080,0,1
2024631412060,2024,631412060,1,3,0,-1,19,8,4,-1,0,0,0,0,0,0,1,1,-1,6,1,26,6,125,1,3,SINNIS HOODLUM,6,W01000627,0,2
2024302401500,2024,302401500,2,3,0,17,19,2,8,0,0,0,0,0,0,0,1,1,6,6,1,19,4,125,1,2,SINNIS HOODLUM,-1,-1,0,-1
2024311535832,2024,311535832,1,4,0,-1,19,5,1,-1,0,0,0,0,0,0,1,1,-1,6,1,49,8,125,1,1,SINNIS HOODLUM,-1,-1,0,-1
2024548510824,2024,548510824,1,3,0,18,19,8,4,0,0,0,0,12,0,0,1,1,6,6,1,37,7,125,1,1,SINNIS HOODLUM,7,E01028976,0,5
2024440440315,2024,440440315,1,3,0,18,19,5,1,0,0,6,0,0,0,0,4,1,2,2,1,26,6,125,1,0,SINNIS HOODLUM,8,E01023084,0,2
2024311501429,2024,311501429,2,3,0,-1,19,7,3,-1,0,8,0,0,0,0,4,1,-1,6,1,23,5,125,1,1,SINNIS HOODLUM,3,E01028210,0,1
2024440215271,2024,440215271,1,3,0,5,5,5,1,0,0,8,1,0,0,0,3,1,6,6,1,17,4,125,1,2,SINNIS HOODLUM,2,E01017117,0,2
2024430355211,2024,430355211,1,3,0,18,19,4,8,0,0,0,0,12,0,0,4,1,2,2,1,44,7,125,1,1,SINNIS HOODLUM,6,E01035515,0,5
2024451455890,2024,451455890,1,3,0,-1,19,3,1,-1,0,3,5,0,0,0,0,1,-1,2,1,23,5,125,1,0,SINNIS HOODLUM,4,E01030354,0,3
2024041414682,2024,041414682,2,3,0,-1,19,5,1,-1,0,1,1,0,0,0,0,1,-1,9,1,21,5,125,1,1,SINNIS HOODLUM,1,E01012625,0,2
2024201435131,2024,201435131,1,5,0,-1,15,6,2,-1,0,0,0,0,0,0,1,1,-1,6,1,48,8,1255,1,15,SUZUKI GSF 1250,4,E01009145,0,1
2024340NN4372,2024,340NN4372,2,5,0,-1,19,5,1,-1,0,1,0,0,0,0,1,1,-1,6,1,37,7,1255,1,17,SUZUKI GSF 1250,6,E01027326,0,1
2024061459020,2024,061459020,2,5,0,-1,12,1,5,-1,0,0,0,0,0,0,3,1,-1,9,1,56,9,1255,1,16,SUZUKI GSF 1250,3,E01033978,0,2
2024552400832,2024,552400832,2,5,0,18,19,8,4,0,0,8,0,0,0,0,1,1,6,6,1,71,10,1255,1,16,SUZUKI GSF 1250,9,E01020416,0,1
2024421507161,2024,421507161,2,5,0,-1,19,5,7,-1,0,8,0,0,0,0,4,1,-1,2,1,57,9,1255,1,16,SUZUKI GSF 1250,4,E01015996,0,1
2024501404557,2024,501404557,2,5,0,-1,4,8,4,-1,0,0,5,0,0,0,2,1,-1,6,1,57,9,1255,1,15,SUZUKI GSF 1250,6,E01018834,0,1
2024471514276,2024,471514276,1,5,0,-1,14,5,1,-1,0,0,0,0,0,0,1,1,-1,9,1,56,9,1255,1,13,SUZUKI GSF 1250,2,E01020998,0,1
2024501502134,2024,501502134,2,5,0,-1,19,8,4,-1,0,0,0,0,0,0,1,1,-1,6,1,61,9,1255,1,17,SUZUKI GSF 1250,7,E01020304,0,4
2024201481522,2024,201481522,1,5,0,-1,13,2,6,-1,0,8,1,0,0,0,1,1,-1,6,3,-1,-1,1255,1,17,SUZUKI GSF 1250,-1,-1,0,-1
2024440364774,2024,440364774,1,5,0,18,19,3,7,0,0,0,0,0,0,6,3,1,6,6,1,61,9,1255,1,8,SUZUKI GSF 1250,5,E01022924,0,2
2024361428681,2024,361428681,2,5,0,-1,19,6,2,-1,0,1,0,0,0,0,1,1,-1,9,1,58,9,1255,1,14,SUZUKI GSF 1250,8,E01026880,0,3
2024122400541,2024,122400541,1,5,0,18,19,5,1,0,0,1,0,0,3,0,4,1,6,6,1,61,9,1783,1,8,-1,6,E01027849,0,3
2024061480267,2024,061480267,2,5,0,-1,19,6,2,-1,0,0,5,0,0,0,4,1,-1,6,1,39,7,1783,1,8,-1,1,E01005563,0,2
2024461399609,2024,461399609,1,5,0,-1,19,4,7,-1,0,1,1,0,0,0,0,1,-1,6,1,33,6,1783,1,10,-1,9,E01024408,0,1
2024461394965,2024,461394965,2,5,0,-1,19,4,1,-1,0,0,0,0,0,0,4,1,-1,6,1,32,6,1783,1,8,-1,6,E01024578,0,1
2024211510487,2024,211510487,2,4,0,-1,13,7,3,-1,0,1,0,0,0,0,1,1,-1,1,1,50,8,1783,1,17,-1,-1,-1,0,-1
2024361467548,2024,361467548,1,5,0,-1,19,7,3,-1,0,0,0,0,0,0,1,1,-1,6,1,51,8,1215,1,9,TRIUMPH TIGER,5,E01029946,0,4
2024622400429,2024,622400429,2,5,0,13,13,2,6,0,0,8,0,0,0,0,1,1,6,6,1,44,7,1050,1,17,TRIUMPH TIGER,1,W01000962,0,1
202460Q121595,2024,60Q121595,1,5,0,17,19,1,5,0,0,0,0,0,2,0,1,1,6,6,1,62,9,1160,1,0,TRIUMPH TIGER,-1,-1,0,-1
2024631516939,2024,631516939,1,5,0,-1,19,8,4,-1,0,0,0,0,0,0,0,1,-1,9,1,59,9,888,1,4,TRIUMPH TIGER,8,W01001062,0,4
2024122400663,2024,122400663,2,5,0,18,19,4,8,0,0,3,0,0,0,0,3,1,6,6,1,72,10,1160,1,2,TRIUMPH TIGER,7,E01012324,0,4
2024522403429,2024,522403429,2,5,0,18,19,3,7,2,2,8,0,0,0,0,3,1,6,6,2,56,9,888,1,3,TRIUMPH TIGER,3,E01014566,0,1
2024401521066,2024,401521066,2,5,0,-1,19,5,1,-1,0,1,0,0,0,0,3,1,-1,6,1,55,8,1160,1,1,TRIUMPH TIGER,9,E01017414,0,1
2024340NN2262,2024,340NN2262,2,5,0,-1,19,7,3,-1,0,8,0,0,0,0,1,1,-1,9,1,62,9,800,1,10,TRIUMPH TIGER,7,E01017481,0,3
2024451505516,2024,451505516,1,5,0,-1,19,5,1,-1,0,0,1,0,0,0,1,1,-1,6,1,62,9,1160,1,2,TRIUMPH TIGER,-1,-1,0,-1
2024101496785,2024,101496785,1,5,0,-1,19,1,5,-1,0,0,1,0,1,0,1,1,-1,9,1,60,9,888,1,4,TRIUMPH TIGER,4,E01008814,0,4
2024421483884,2024,421483884,2,5,0,-1,9,5,3,-1,0,8,0,0,1,0,2,1,-1,9,1,77,11,888,1,1,TRIUMPH TIGER,4,E01021274,0,3
2024031459122,2024,031459122,1,5,0,-1,19,6,1,-1,0,1,0,0,0,0,1,1,-1,6,1,52,8,800,1,11,TRIUMPH TIGER,9,E01008620,0,4
2024332400908,2024,332400908,1,5,0,-1,19,8,4,-1,0,8,0,0,0,0,1,1,-1,6,1,41,7,888,1,0,TRIUMPH TIGER,10,E01025970,0,3
2024531488955,2024,531488955,2,5,0,-1,19,1,5,-1,0,0,0,0,0,0,2,1,-1,9,1,52,8,800,1,6,TRIUMPH TIGER,10,E01015533,0,4
2024440546251,2024,440546251,1,5,0,18,19,4,8,0,0,8,0,0,1,0,3,1,6,6,1,67,10,800,1,5,TRIUMPH TIGER,10,E01023101,0,4
2024010514018,2024,010514018,1,5,0,18,19,5,1,0,0,6,5,0,0,0,1,1,2,2,1,35,6,660,1,2,TRIUMPH TIGER,3,E01034179,0,1
2024231516672,2024,231516672,1,5,0,-1,19,6,2,-1,0,0,0,0,0,0,1,1,-1,6,1,61,9,1050,1,14,TRIUMPH TIGER,6,E01031322,0,2
2024501479311,2024,501479311,1,5,0,-1,19,5,1,-1,0,0,2,0,0,0,3,1,-1,9,1,54,8,1160,1,2,TRIUMPH TIGER,8,E01029201,0,4
2024161532102,2024,161532102,3,5,0,-1,19,2,6,-1,0,0,0,0,7,4,1,1,-1,6,1,51,8,660,1,1,TRIUMPH TIGER,10,E01013114,0,1
2024451508779,2024,451508779,1,5,0,-1,-1,-1,-1,-1,-1,-1,-1,-1,-1,0,-1,1,-1,6,1,32,6,800,1,5,TRIUMPH TIGER,5,E01035696,0,4
2024122400581,2024,122400581,2,3,0,18,19,4,8,0,0,8,0,0,0,0,1,1,6,6,1,54,8,1215,1,12,TRIUMPH TIGER,1,E01005502,0,4
2024311406873,2024,311406873,2,5,0,-1,14,3,7,-1,0,0,1,0,0,0,2,1,-1,9,1,65,9,660,1,1,TRIUMPH TIGER,4,E01013938,0,2
2024332400521,2024,332400521,2,5,0,-1,13,1,5,-1,0,8,0,0,0,0,1,1,-1,9,2,41,7,800,1,12,TRIUMPH TIGER,3,E01013774,0,3
2024010541284,2024,010541284,2,5,0,5,5,7,3,0,0,1,2,0,0,0,1,1,2,2,1,21,5,660,1,0,TRIUMPH TIGER,8,E01004160,0,2
2024122400467,2024,122400467,1,5,0,13,13,6,2,0,0,1,0,0,0,0,1,1,6,6,1,61,9,1215,1,6,TRIUMPH TIGER,4,E01025194,0,2
2024111509157,2024,111509157,2,5,0,-1,19,1,5,-1,0,0,0,0,1,0,2,1,-1,9,1,61,9,955,1,22,TRIUMPH TIGER,-1,-1,0,-1
2024610039324,2024,610039324,1,5,0,18,19,7,3,0,0,0,0,0,2,7,4,1,6,6,1,54,8,1215,1,6,TRIUMPH TIGER,9,W01000989,0,4
2024430358268,2024,430358268,2,5,0,18,19,4,8,0,0,8,0,0,0,0,1,1,6,6,1,70,10,800,1,4,TRIUMPH TIGER,7,E01009958,0,4
2024061513164,2024,061513164,3,5,0,-1,19,5,1,-1,0,0,0,0,0,0,3,1,-1,9,1,61,9,1160,1,0,TRIUMPH TIGER,7,E01006059,0,3
2024440368199,2024,440368199,1,5,0,18,19,8,4,0,0,0,0,12,0,0,1,1,6,6,1,65,9,1215,1,8,TRIUMPH TIGER,8,E01023048,0,3
2024631450693,2024,631450693,1,5,0,-1,19,4,8,-1,0,0,1,0,0,0,0,1,-1,9,1,50,8,800,1,13,TRIUMPH TIGER,8,E01028977,0,4
2024041450951,2024,041450951,2,5,0,-1,19,3,7,-1,0,0,0,0,7,0,3,1,-1,9,1,40,7,800,1,6,TRIUMPH TIGER,9,E01007078,0,2
2024010543144,2024,010543144,1,5,0,13,13,7,3,0,0,8,1,0,0,0,4,1,2,2,1,39,7,888,1,2,TRIUMPH TIGER,7,E01002678,0,1
2024221442063,2024,221442063,1,5,0,-1,13,6,2,-1,0,0,0,0,0,0,1,1,-1,6,1,69,10,800,1,7,TRIUMPH TIGER,7,E01029012,0,2
2024520002897,2024,520002897,1,4,0,13,13,1,5,0,0,0,0,0,0,0,1,1,6,6,1,24,5,888,1,0,TRIUMPH TIGER,5,E01014451,0,2
2024440308793,2024,440308793,2,5,0,18,19,3,7,0,0,1,0,0,0,0,1,1,6,6,1,66,10,800,1,9,TRIUMPH TIGER,3,E01022807,0,1
2024010533297,2024,010533297,1,5,0,99,99,9,9,99,99,0,9,99,9,99,1,1,2,2,1,57,9,800,1,13,TRIUMPH TIGER,4,E01016097,0,4
2024141488163,2024,141488163,1,5,0,-1,19,2,6,-1,0,1,0,0,0,0,1,1,-1,6,1,65,9,800,1,10,TRIUMPH TIGER,4,E01007731,0,2
2024471439214,2024,471439214,1,5,0,-1,19,3,7,-1,0,0,1,0,0,0,1,1,-1,9,1,58,9,999,1,21,TRIUMPH TIGER,2,E01031783,0,1
2024041396520,2024,041396520,1,5,0,-1,19,6,2,-1,0,0,1,0,1,0,4,1,-1,9,2,47,8,800,1,11,TRIUMPH TIGER,6,E01025026,0,3
2024622400838,2024,622400838,1,5,0,18,19,4,8,0,0,0,0,0,0,0,0,1,2,2,1,38,7,888,1,2,TRIUMPH TIGER,1,W01001144,0,3
2024131464237,2024,131464237,2,5,0,-1,19,3,7,-1,0,3,5,0,0,0,4,1,-1,9,1,56,9,1160,1,0,TRIUMPH TIGER,8,E01011203,0,3
2024991479768,2024,991479768,1,5,0,-1,19,5,8,-1,0,2,0,0,0,0,1,1,-1,9,1,63,9,888,1,3,TRIUMPH TIGER,-1,-1,0,-1
2024131480731,2024,131480731,1,5,0,-1,19,7,3,-1,0,0,0,0,0,0,3,1,-1,9,1,60,9,660,1,1,TRIUMPH TIGER,1,E01011348,0,1
2024320086242,2024,320086242,2,5,0,13,13,4,8,0,0,0,2,0,7,0,1,1,6,6,1,55,8,888,1,4,TRIUMPH TIGER,4,E01026271,0,4
2024522401141,2024,522401141,2,5,0,14,14,7,3,0,0,0,0,0,0,0,1,1,6,6,1,24,5,1215,1,7,TRIUMPH TIGER,1,E01014582,0,1
2024610001224,2024,610001224,1,5,0,16,19,8,3,0,0,0,1,0,0,0,4,1,6,6,1,39,7,800,1,11,TRIUMPH TIGER,1,W01001693,0,1
2024548670924,2024,548670924,2,5,0,18,19,8,4,0,0,4,0,0,0,0,4,1,6,6,1,59,9,888,1,4,TRIUMPH TIGER,6,E01034539,0,3
2024041413314,2024,041413314,2,5,0,-1,19,3,7,-1,0,1,0,0,0,0,4,1,-1,6,1,49,8,888,1,4,TRIUMPH TIGER,5,E01025228,0,1
2024631461975,2024,631461975,3,5,0,-1,19,4,8,-1,0,0,0,0,1,10,1,1,-1,6,1,35,6,1215,1,11,TRIUMPH TIGER,9,-1,0,5
2024010511602,2024,010511602,1,5,0,15,15,3,7,0,0,0,0,0,0,0,2,1,6,6,1,58,9,888,1,1,TRIUMPH TIGER,5,E01000158,0,2
2024440238576,2024,440238576,2,5,0,18,19,3,7,0,0,8,0,0,0,0,1,1,1,1,1,48,8,800,1,7,TRIUMPH TIGER,9,E01022504,0,1
2024520402784,2024,520402784,1,5,0,3,3,2,4,0,0,4,0,0,0,0,2,1,6,6,1,56,9,888,1,2,TRIUMPH TIGER,7,E01020486,0,4
2024631481068,2024,631481068,1,5,0,-1,5,1,5,-1,0,0,5,0,0,0,3,1,-1,6,1,57,9,1215,1,11,TRIUMPH TIGER,4,W01000533,0,1
2024122401273,2024,122401273,1,5,0,3,3,4,8,0,0,0,0,0,0,0,1,1,6,6,1,33,6,800,1,6,TRIUMPH TIGER,8,E01004791,0,4
2024548548424,2024,548548424,2,5,0,18,19,7,3,0,0,1,0,0,0,0,1,1,6,6,1,62,9,1215,1,8,TRIUMPH TIGER,9,E01030492,0,4
2024031475726,2024,031475726,2,4,0,-1,19,3,7,-1,0,0,0,0,1,0,1,1,-1,9,1,60,9,800,1,5,TRIUMPH TIGER,4,-1,0,5
2024461459718,2024,461459718,1,3,0,-1,15,5,7,-1,0,0,5,10,0,0,1,1,-1,9,1,65,9,1050,1,15,TRIUMPH TIGER,10,E01024153,0,3
2024430247277,2024,430247277,2,3,0,18,19,1,5,0,0,8,0,0,0,0,1,1,6,6,1,64,9,888,1,3,TRIUMPH TIGER,7,E01028427,0,1
2024332400115,2024,332400115,2,4,0,-1,19,1,5,-1,0,8,0,0,0,0,3,1,-1,9,1,53,8,800,1,4,TRIUMPH TIGER,8,E01025864,0,2
2024471478975,2024,471478975,2,5,0,-1,3,3,7,-1,0,0,1,0,0,0,2,1,-1,9,1,67,10,1215,1,11,TRIUMPH TIGER,4,E01021051,0,3
2024421532613,2024,421532613,1,5,0,-1,4,5,1,-1,0,4,5,0,0,0,1,1,-1,6,1,17,4,800,1,13,TRIUMPH TIGER,6,E01023499,0,4
2024041451057,2024,041451057,1,5,0,-1,19,5,1,-1,0,0,1,0,5,0,4,1,-1,6,1,58,9,1050,1,15,TRIUMPH TIGER,9,E01029822,0,5
2024122400617,2024,122400617,1,5,0,18,19,1,5,0,0,0,0,0,0,0,4,1,6,6,1,64,9,1160,1,2,TRIUMPH TIGER,10,E01013063,0,4
2024041464951,2024,041464951,1,5,0,-1,7,1,5,-1,0,0,1,0,0,0,4,1,-1,6,1,43,7,1215,1,6,TRIUMPH TIGER,3,E01025099,0,2
2024610054124,2024,610054124,2,5,0,18,19,7,3,0,0,3,0,0,1,0,1,1,6,6,1,-1,-1,800,1,7,TRIUMPH TIGER,-1,-1,0,-1
2024161481666,2024,161481666,1,5,0,-1,19,7,3,-1,0,1,2,0,0,0,0,1,-1,6,1,49,8,800,1,11,TRIUMPH TIGER,7,E01013096,0,1
2024041453557,2024,041453557,1,5,0,-1,19,4,3,-1,0,1,0,0,0,0,1,1,-1,6,2,45,7,888,1,3,TRIUMPH TIGER,4,E01020438,0,5
2024461478912,2024,461478912,2,5,0,-1,19,1,5,-1,0,0,0,0,0,0,0,1,-1,9,1,28,6,888,1,0,TRIUMPH TIGER,8,E01024011,0,3
2024451394943,2024,451394943,2,5,0,-1,10,3,1,-1,0,5,0,0,0,0,2,1,-1,2,1,56,9,1050,1,8,TRIUMPH TIGER,8,E01001314,0,3
2024031478233,2024,031478233,1,5,0,-1,19,3,7,-1,0,1,2,0,7,0,1,1,-1,9,1,52,8,888,1,1,TRIUMPH TIGER,9,E01027687,0,5
2024421483681,2024,421483681,1,4,0,-1,19,8,4,-1,0,0,0,0,0,0,0,1,-1,9,1,68,10,888,1,0,TRIUMPH TIGER,10,E01021475,0,2
2024111471686,2024,111471686,1,5,0,-1,19,7,3,-1,0,0,0,0,0,0,1,1,-1,6,1,65,9,1160,1,0,TRIUMPH TIGER,4,E01020904,0,4
2024522402639,2024,522402639,2,5,0,18,19,2,6,0,0,7,0,0,0,0,3,1,6,6,1,76,11,1050,1,17,TRIUMPH TIGER,10,E01023516,0,5
202460Q162077,2024,60Q162077,1,5,0,15,15,5,1,0,0,0,0,0,0,0,4,1,6,6,1,33,6,1215,1,5,TRIUMPH TIGER,-1,-1,0,-1
2024010547552,2024,010547552,1,5,0,13,13,6,2,0,0,8,0,0,0,0,1,1,2,2,1,40,7,800,1,8,TRIUMPH TIGER,2,E01000021,0,1
2024332400797,2024,332400797,1,5,0,-1,19,6,2,-1,0,0,0,0,0,0,3,1,-1,6,1,58,9,888,1,1,TRIUMPH TIGER,7,E01025882,0,2
202454D427924,2024,54D427924,2,5,0,4,4,2,6,0,0,0,0,0,0,0,2,1,6,6,1,73,10,888,1,3,TRIUMPH TIGER,9,E01029205,0,4
2024622400537,2024,622400537,2,5,0,18,19,8,4,0,0,1,0,0,0,0,1,1,6,6,1,55,8,1160,1,0,TRIUMPH TIGER,2,W01001371,0,4
2024451412637,2024,451412637,1,5,0,-1,19,1,5,-1,0,4,1,0,0,0,4,1,-1,2,1,58,9,1215,1,8,TRIUMPH TIGER,4,E01023146,0,4
2024631398068,2024,631398068,2,5,0,-1,13,1,5,-1,0,8,0,0,7,0,1,1,-1,9,1,33,6,800,1,10,TRIUMPH TIGER,1,W01000957,0,4
2024070492680,2024,070492680,1,5,0,18,19,5,4,0,0,1,2,0,1,10,1,1,6,6,1,66,10,888,1,4,TRIUMPH TIGER,9,E01018492,0,4
2024010543129,2024,010543129,1,5,0,13,13,5,1,0,0,0,0,0,0,0,4,1,2,2,1,35,6,1215,1,7,TRIUMPH TIGER,8,E01002252,0,1