collision_index,collision_year,collision_ref_no,vehicle_reference,vehicle_type,towing_and_articulation,vehicle_manoeuvre_historic,vehicle_manoeuvre,vehicle_direction_from,vehicle_direction_to,vehicle_location_restricted_lane_historic,vehicle_location_restricted_lane,junction_location,skidding_and_overturning,hit_object_in_carriageway,vehicle_leaving_carriageway,hit_object_off_carriageway,first_point_of_impact,vehicle_left_hand_drive,journey_purpose_of_driver_historic,journey_purpose_of_driver,sex_of_driver,age_of_driver,age_band_of_driver,engine_capacity_cc,propulsion_code,age_of_vehicle,generic_make_model,driver_imd_decile,lsoa_of_driver,escooter_flag,driver_distance_banding
2024332400094,2024,332400094,2,5,0,-1,3,5,1,-1,0,0,0,0,0,0,1,1,-1,9,1,68,10,1160,1,1,TRIUMPH TIGER,9,E01025726,0,3
2024531443093,2024,531443093,2,5,0,-1,13,2,6,-1,0,8,0,0,0,0,4,1,-1,2,1,59,9,1160,1,1,TRIUMPH TIGER,10,E01022439,0,2
2024991528985,2024,991528985,2,5,0,-1,19,5,1,-1,0,1,0,0,1,0,1,1,-1,9,1,66,10,800,1,7,TRIUMPH TIGER,10,-1,0,4
2024221507018,2024,221507018,3,5,0,-1,19,3,7,-1,0,0,1,0,4,6,4,1,-1,6,1,64,9,1215,1,6,TRIUMPH TIGER,10,E01032419,0,3
2024631453014,2024,631453014,2,5,0,-1,19,3,7,-1,0,8,0,0,0,0,1,1,-1,6,1,57,9,888,1,0,TRIUMPH TIGER,7,W01000635,0,2
2024320164585,2024,320164585,1,5,0,-1,-1,6,2,0,0,0,2,0,1,0,4,1,1,1,1,61,9,1160,1,1,TRIUMPH TIGER,4,E01026044,0,4
2024501450878,2024,501450878,1,5,0,-1,19,2,6,-1,0,1,5,0,2,0,1,1,-1,6,1,75,10,800,1,10,TRIUMPH TIGER,5,E01018896,0,1
2024320492827,2024,320492827,1,5,0,-1,-1,8,4,0,0,1,1,0,0,0,1,1,-1,-1,1,64,9,660,1,2,TRIUMPH TIGER,6,E01026151,0,4
2024221431528,2024,221431528,1,5,0,-1,4,1,5,-1,0,1,0,0,0,0,1,1,-1,9,1,70,10,888,1,4,TRIUMPH TIGER,4,E01020217,0,5
2024440309600,2024,440309600,1,5,0,18,19,7,3,0,0,3,0,0,0,0,3,1,6,6,1,51,8,1050,1,17,TRIUMPH TIGER,9,E01034557,0,3
2024991439450,2024,991439450,1,5,0,-1,19,5,8,-1,0,0,2,0,0,0,1,1,-1,9,1,54,8,1050,1,10,TRIUMPH TIGER,-1,-1,0,-1
2024520001577,2024,520001577,1,4,0,16,19,-1,-1,0,0,0,0,0,0,0,1,1,6,6,1,32,6,800,1,9,TRIUMPH TIGER,3,E01032118,0,3
2024311447840,2024,311447840,2,5,0,-1,19,2,6,-1,0,1,0,0,0,0,1,1,-1,9,1,34,6,1215,1,9,TRIUMPH TIGER,1,E01013862,0,1
2024061418843,2024,061418843,1,5,0,-1,19,3,7,-1,0,1,1,10,0,0,3,1,-1,9,1,33,6,885,1,26,TRIUMPH TIGER,7,E01005778,0,1
2024010521014,2024,010521014,1,5,0,18,19,7,3,2,2,1,0,0,0,0,4,1,6,6,1,28,6,800,1,5,TRIUMPH TIGER,5,E01004465,0,2
2024421454435,2024,421454435,2,5,0,-1,19,1,5,-1,0,1,2,0,0,0,1,1,-1,9,1,64,9,1050,1,4,TRIUMPH TIGER,8,E01021347,0,3
2024440250788,2024,440250788,2,5,0,13,13,2,6,0,0,1,0,0,0,0,1,1,6,6,1,60,9,800,1,10,TRIUMPH TIGER,8,E01022695,0,2
2024141396526,2024,141396526,1,5,0,-1,19,8,5,-1,0,0,0,0,0,0,1,1,-1,6,1,60,9,888,1,1,TRIUMPH TIGER,8,E01007663,0,3
2024131499484,2024,131499484,1,5,0,-1,11,7,3,-1,0,3,5,0,0,0,1,1,-1,9,1,51,8,888,1,3,TRIUMPH TIGER,1,E01007764,0,4
2024010510758,2024,010510758,1,5,0,18,19,7,3,0,0,0,1,0,0,0,1,1,2,2,1,45,7,800,1,10,TRIUMPH TIGER,10,E01003869,0,3
2024311474456,2024,311474456,1,5,0,-1,19,3,7,-1,0,0,0,0,0,0,0,1,-1,6,1,61,9,888,1,4,TRIUMPH TIGER,2,E01028257,0,3
2024010497755,2024,010497755,1,5,0,4,4,3,7,0,0,1,1,0,0,0,1,1,6,6,1,53,8,1215,1,3,TRIUMPH TIGER,6,E01002556,0,1
2024131530122,2024,131530122,2,5,0,-1,19,5,1,-1,0,1,0,0,0,0,1,1,-1,6,1,55,8,1215,1,8,TRIUMPH TIGER,5,E01011161,0,1
2024320665283,2024,320665283,1,5,0,13,13,2,6,0,0,0,2,0,0,0,1,1,-1,-1,1,26,6,800,1,10,TRIUMPH TIGER,8,E01026322,0,3
2024201456337,2024,201456337,2,2,0,-1,5,1,3,-1,0,6,1,0,0,0,3,1,-1,2,1,56,9,800,1,8,TRIUMPH TIGER,9,E01009817,0,1
2024070807875,2024,070807875,2,5,0,-1,19,5,1,-1,0,8,0,0,0,0,1,1,-1,6,1,51,8,800,1,9,TRIUMPH TIGER,7,E01018670,0,1
2024411546742,2024,411546742,2,4,0,-1,19,2,6,-1,0,1,1,0,0,0,1,1,-1,2,1,35,6,1050,1,16,TRIUMPH TIGER,6,E01023836,0,3
2024041440492,2024,041440492,1,5,0,-1,19,7,2,-1,0,0,0,0,5,0,3,1,-1,9,1,59,9,1050,1,16,TRIUMPH TIGER,3,E01024887,0,3
2024631416455,2024,631416455,1,5,0,-1,19,8,4,-1,0,0,0,0,0,0,1,1,-1,6,2,51,8,660,1,2,TRIUMPH TIGER,8,E01018699,0,4
2024041444119,2024,041444119,2,5,0,-1,19,5,1,-1,0,8,0,0,0,0,1,1,-1,9,1,57,9,1050,1,4,TRIUMPH TIGER,7,E01025375,0,1
2024311462520,2024,311462520,2,5,0,-1,4,1,5,-1,0,0,0,0,0,0,1,1,-1,6,1,44,7,1215,1,5,TRIUMPH TIGER,6,E01028108,0,2
2024631444808,2024,631444808,2,5,0,-1,13,6,2,-1,0,8,1,0,0,0,1,1,-1,9,1,55,8,1050,1,8,TRIUMPH TIGER,5,W01000452,0,4
2024471410101,2024,471410101,2,5,0,-1,19,7,3,-1,0,0,0,0,0,0,2,1,-1,2,1,38,7,1215,1,13,TRIUMPH TIGER,3,E01031361,0,1
2024631433891,2024,631433891,2,5,0,-1,19,8,5,-1,0,0,0,0,0,0,3,1,-1,9,1,61,9,800,1,7,TRIUMPH TIGER,10,E01016826,0,5
2024991490616,2024,991490616,1,5,0,-1,19,4,8,-1,-1,0,0,0,1,0,4,1,-1,9,1,69,10,955,1,18,TRIUMPH TIGER,10,-1,0,5
2024122400279,2024,122400279,2,5,0,18,19,3,7,0,0,0,0,0,0,0,1,1,6,6,1,61,9,800,1,10,TRIUMPH TIGER,10,E01028222,0,4
2024161442282,2024,161442282,2,5,0,-1,19,7,3,-1,0,8,2,0,0,0,1,1,-1,6,2,46,8,800,1,11,TRIUMPH TIGER,4,E01011052,0,4
2024542435724,2024,542435724,2,5,0,9,9,5,2,0,0,4,0,0,0,0,4,1,6,6,1,62,9,888,1,4,TRIUMPH TIGER,7,E01015567,0,1
2024141474507,2024,141474507,1,5,0,-1,19,3,7,-1,0,0,0,0,0,0,1,1,-1,9,1,63,9,888,1,0,TRIUMPH TIGER,1,E01007377,0,1
2024031467245,2024,031467245,1,5,0,-1,3,1,5,-1,0,1,0,0,0,0,1,1,-1,9,1,57,9,800,1,11,TRIUMPH TIGER,-1,-1,0,-1
202460Q119651,2024,60Q119651,2,4,0,13,13,1,5,0,0,0,0,0,0,0,1,1,6,6,1,59,9,888,1,4,TRIUMPH TIGER,-1,-1,0,-1
2024101482164,2024,101482164,1,5,0,-1,13,4,8,-1,0,8,0,0,0,0,1,1,-1,9,1,58,9,888,1,2,TRIUMPH TIGER,2,E01008584,0,1
2024471509135,2024,471509135,2,5,0,-1,3,5,1,-1,0,0,0,4,0,0,2,1,-1,9,2,59,9,660,1,2,TRIUMPH TIGER,8,E01031778,0,4
2024430065438,2024,430065438,2,5,0,18,19,8,4,0,0,0,0,0,0,0,3,1,6,6,1,63,9,888,1,3,TRIUMPH TIGER,10,E01027307,0,3
2024991486829,2024,991486829,1,5,0,-1,19,6,2,-1,0,0,2,0,0,0,4,1,-1,9,1,30,6,1050,1,17,TRIUMPH TIGER,8,-1,0,3
2024141419569,2024,141419569,2,5,0,-1,19,1,5,-1,0,1,0,0,0,0,4,1,-1,9,1,41,7,885,1,24,TRIUMPH TIGER,1,E01026375,0,3
2024991479685,2024,991479685,1,5,0,-1,19,3,7,-1,0,0,1,0,1,0,3,1,-1,6,1,64,9,888,1,1,TRIUMPH TIGER,8,E01025010,0,5
2024461472740,2024,461472740,2,5,0,-1,19,3,7,-1,0,1,5,4,0,0,1,1,-1,2,1,53,8,1160,1,1,TRIUMPH TIGER,6,E01024367,0,1
2024991484744,2024,991484744,1,5,0,-1,9,1,6,-1,0,0,0,0,1,0,1,1,-1,9,1,70,10,800,1,4,TRIUMPH TIGER,9,-1,0,4
2024522402511,2024,522402511,1,2,0,13,13,1,5,0,0,8,0,0,0,0,1,1,6,6,1,16,4,49,1,22,-1,6,E01033338,0,1
2024461521926,2024,461521926,2,2,0,-1,10,1,5,-1,0,1,0,0,0,0,2,1,-1,9,1,18,4,49,1,18,-1,1,E01024215,0,1
2024371441151,2024,371441151,2,4,0,-1,19,6,2,-1,0,1,0,0,0,0,1,1,-1,6,1,53,8,312,1,3,-1,7,E01026504,0,4
2024340WN4972,2024,340WN4972,1,9,0,-1,13,3,7,-1,0,0,5,7,4,1,1,1,-1,9,1,17,4,875,1,11,ALFA ROMEO MITO,4,E01027012,0,1
2024451479576,2024,451479576,1,9,0,-1,19,1,5,-1,0,8,0,0,0,0,1,1,-1,6,3,18,4,875,1,8,ALFA ROMEO MITO,-1,-1,0,-1
2024041399075,2024,041399075,1,9,0,-1,19,5,1,-1,0,0,0,0,0,0,1,1,-1,2,2,43,7,1368,1,14,ALFA ROMEO MITO,1,E01012720,0,2
2024010537749,2024,010537749,2,9,0,1,1,9,9,99,99,9,9,99,9,99,2,9,6,6,3,-1,-1,875,1,9,ALFA ROMEO MITO,-1,-1,0,-1
2024552400836,2024,552400836,1,9,0,7,7,4,6,0,0,3,0,0,0,0,4,1,6,6,1,41,7,1368,1,13,ALFA ROMEO MITO,4,E01017271,0,4
2024421436835,2024,421436835,1,9,0,-1,19,2,6,-1,0,0,0,0,0,0,1,1,-1,2,2,40,7,1598,2,14,ALFA ROMEO MITO,5,E01021865,0,1
2024440435072,2024,440435072,2,9,0,4,4,7,3,0,0,0,0,0,0,0,2,1,6,6,1,72,10,875,1,7,ALFA ROMEO MITO,10,E01022624,0,1
2024501406625,2024,501406625,1,9,0,-1,19,4,8,-1,0,0,2,0,0,0,4,1,-1,9,1,18,4,1368,1,14,ALFA ROMEO MITO,1,E01015267,0,2
2024361483612,2024,361483612,1,9,0,-1,3,-1,-1,-1,0,3,0,0,0,0,1,1,-1,2,2,59,9,875,1,8,ALFA ROMEO MITO,8,E01026450,0,4
2024131478269,2024,131478269,2,9,0,-1,2,0,0,-1,0,8,0,0,0,0,2,1,-1,6,-1,-1,-1,1368,1,14,ALFA ROMEO MITO,-1,-1,0,-1
2024461459552,2024,461459552,4,9,0,-1,19,6,6,-1,0,0,0,0,0,0,1,1,-1,6,1,30,6,1248,2,14,ALFA ROMEO MITO,4,E01024208,0,2
2024302401626,2024,302401626,2,9,0,4,4,1,5,0,0,1,0,0,0,0,2,1,6,6,2,19,4,1368,1,13,ALFA ROMEO MITO,6,E01035099,0,2
2024411500716,2024,411500716,1,9,0,-1,9,-1,-1,-1,0,4,0,0,1,0,1,1,-1,6,2,27,6,1368,1,13,ALFA ROMEO MITO,2,E01035570,0,2
2024302401458,2024,302401458,2,9,0,17,19,3,8,0,0,0,0,0,0,0,3,1,2,2,2,18,4,875,1,8,ALFA ROMEO MITO,6,E01019457,0,1
202460Q193917,2024,60Q193917,1,9,0,16,19,4,8,0,0,0,0,0,8,10,1,1,6,6,1,20,4,1368,1,11,ALFA ROMEO MITO,-1,-1,0,-1
2024161526900,2024,161526900,1,9,0,-1,19,3,7,-1,0,1,0,4,0,0,1,1,-1,6,2,53,8,1368,1,13,ALFA ROMEO MITO,3,E01012943,0,1
2024351464824,2024,351464824,2,9,0,-1,19,2,6,-1,0,8,1,0,0,0,1,1,-1,9,2,33,6,1368,1,15,ALFA ROMEO MITO,10,E01018198,0,1
2024471460375,2024,471460375,1,9,0,-1,19,3,7,-1,0,8,0,0,0,0,1,9,-1,6,1,-1,-1,1368,1,15,ALFA ROMEO MITO,-1,-1,0,-1
2024421496516,2024,421496516,1,9,0,-1,19,8,4,-1,0,1,0,0,0,0,1,9,-1,6,3,-1,-1,1368,1,13,ALFA ROMEO MITO,-1,-1,0,-1
2024201489797,2024,201489797,2,9,0,-1,9,4,3,-1,0,8,0,0,0,0,4,1,-1,6,1,-1,-1,1368,1,15,ALFA ROMEO MITO,2,E01009744,0,1
2024111456789,2024,111456789,1,9,0,-1,19,1,5,-1,0,0,0,0,0,0,1,1,-1,2,1,26,6,1368,1,12,ALFA ROMEO MITO,1,E01020880,0,2
2024010528813,2024,010528813,2,9,0,18,19,1,5,0,0,3,0,0,0,0,1,1,6,6,1,34,6,875,1,11,ALFA ROMEO MITO,3,E01002527,0,1
2024522500398,2024,522500398,2,9,0,7,7,6,8,0,0,4,0,0,0,0,1,1,6,6,3,-1,-1,875,1,8,ALFA ROMEO MITO,-1,-1,0,-1
2024302401413,2024,302401413,1,9,0,16,19,2,6,0,0,8,1,0,0,0,1,1,6,6,1,23,5,1368,1,13,ALFA ROMEO MITO,4,E01019742,0,1
2024071078489,2024,071078489,1,9,0,-1,19,7,3,-1,0,0,0,0,0,0,1,1,-1,9,1,22,5,875,1,9,ALFA ROMEO MITO,2,E01018645,0,1
2024361428721,2024,361428721,1,9,0,-1,19,5,1,-1,0,0,0,0,0,0,3,1,-1,9,1,27,6,1248,2,11,ALFA ROMEO MITO,9,E01026742,0,4
2024411463551,2024,411463551,1,9,0,-1,3,5,8,-1,0,2,0,0,0,0,2,1,-1,9,1,22,5,1368,1,15,ALFA ROMEO MITO,8,E01035601,0,1
2024461406076,2024,461406076,2,9,0,-1,19,6,2,-1,0,2,0,0,0,0,1,9,-1,2,2,44,7,875,1,10,ALFA ROMEO MITO,2,E01016136,0,1
2024332400524,2024,332400524,1,9,0,-1,19,3,7,-1,0,0,0,0,0,0,1,1,-1,9,1,52,8,1368,1,15,ALFA ROMEO MITO,7,E01013642,0,2
2024371536759,2024,371536759,1,9,0,-1,19,1,5,-1,0,0,0,0,0,0,1,1,-1,6,1,21,5,875,1,8,ALFA ROMEO MITO,9,E01034559,0,2
2024010520130,2024,010520130,1,9,0,17,19,1,5,0,0,0,0,0,0,0,1,1,6,6,2,65,9,1368,1,15,ALFA ROMEO MITO,-1,-1,0,-1
2024131524632,2024,131524632,1,9,0,-1,19,5,6,-1,0,0,0,0,7,0,1,1,-1,6,-1,-1,-1,1368,1,8,ALFA ROMEO MITO,-1,-1,0,-1
2024010531646,2024,010531646,1,9,0,9,9,3,1,0,0,8,0,0,0,0,3,1,6,6,1,24,5,1368,1,15,ALFA ROMEO MITO,9,E01034372,0,5
2024201495786,2024,201495786,2,9,0,-1,9,7,5,-1,0,5,0,0,0,0,4,9,-1,6,1,27,6,1368,1,15,ALFA ROMEO MITO,3,E01008970,0,1
2024471525857,2024,471525857,1,9,0,-1,19,3,7,-1,0,0,0,0,1,0,1,1,-1,2,1,39,7,1368,1,12,ALFA ROMEO MITO,4,E01031594,0,1
2024622400834,2024,622400834,3,9,0,18,19,8,4,0,0,0,0,0,0,0,1,1,6,6,1,60,9,1368,1,13,ALFA ROMEO MITO,10,W01001914,0,3
2024041472480,2024,041472480,2,9,0,-1,4,1,5,-1,0,0,0,0,2,11,2,1,-1,9,2,27,6,1368,1,15,ALFA ROMEO MITO,5,E01012616,0,1
2024332400894,2024,332400894,2,9,0,-1,19,6,2,-1,0,1,0,0,1,4,1,1,-1,9,1,76,11,1598,2,11,ALFA ROMEO MITO,9,E01013788,0,2
2024610029424,2024,610029424,2,9,0,18,19,7,3,0,0,8,0,0,0,0,1,1,6,6,1,19,4,1368,1,15,ALFA ROMEO MITO,8,W01001631,0,1
2024201465533,2024,201465533,2,9,0,-1,19,5,1,-1,0,0,0,0,0,0,2,9,-1,6,1,29,6,1368,1,14,ALFA ROMEO MITO,5,E01009462,0,1
2024531466651,2024,531466651,1,9,0,-1,14,1,5,-1,0,8,0,0,7,0,1,1,-1,2,2,22,5,1368,1,12,ALFA ROMEO MITO,10,E01022118,0,1
2024052402013,2024,052402013,2,9,0,18,19,5,1,0,0,1,0,0,0,0,3,1,6,6,1,49,8,1368,1,14,ALFA ROMEO MITO,1,E01006850,0,1
202417S105924,2024,17S105924,1,9,0,-1,19,7,3,-1,0,8,0,0,0,0,4,1,-1,9,2,46,8,1368,1,15,ALFA ROMEO MITO,4,E01012218,0,1
2024332401045,2024,332401045,2,9,0,-1,11,3,7,-1,0,3,0,0,0,0,1,1,-1,6,3,-1,-1,1598,2,12,ALFA ROMEO MITO,-1,-1,0,-1
2024221524669,2024,221524669,1,9,0,-1,4,7,3,-1,0,8,0,0,0,0,1,1,-1,6,2,20,4,1368,1,15,ALFA ROMEO MITO,-1,-1,0,-1
2024622400732,2024,622400732,1,9,0,18,19,1,5,0,0,0,0,0,0,0,0,1,6,6,1,26,6,1368,1,13,ALFA ROMEO MITO,10,W01000770,0,1
2024451423951,2024,451423951,1,9,0,-1,19,1,5,-1,0,0,2,0,0,0,1,1,-1,2,1,17,4,1368,1,11,ALFA ROMEO MITO,6,E01030310,0,3
2024010504929,2024,010504929,1,9,0,9,9,5,2,0,0,6,0,0,0,0,1,1,6,6,1,19,4,1368,1,14,ALFA ROMEO MITO,8,E01016711,0,4
2024361444356,2024,361444356,1,9,0,-1,9,7,3,-1,0,1,0,0,0,0,3,1,-1,7,2,18,4,1368,1,7,ALFA ROMEO MITO,7,E01026545,0,3
2024421410836,2024,421410836,1,9,0,-1,9,3,1,-1,0,1,0,0,0,0,0,1,-1,9,2,17,4,875,1,11,ALFA ROMEO MITO,10,E01021611,0,3
2024401476496,2024,401476496,2,9,0,-1,19,5,1,-1,0,0,0,0,0,0,2,1,-1,6,2,69,10,1368,1,13,ALFA ROMEO MITO,6,E01017616,0,1
2024520002734,2024,520002734,1,9,0,18,19,3,7,0,0,0,0,0,0,0,1,1,6,6,3,-1,-1,1368,1,14,ALFA ROMEO MITO,-1,-1,0,-1
2024141450046,2024,141450046,1,9,0,-1,19,3,6,-1,0,2,0,0,0,0,3,1,-1,2,1,60,9,1598,2,9,ALFA ROMEO MITO,9,E01025816,0,5
2024131514212,2024,131514212,2,9,0,-1,19,2,2,-1,0,8,0,0,0,0,3,1,-1,6,1,21,5,1368,1,13,ALFA ROMEO MITO,8,E01011873,0,1
2024070259500,2024,070259500,2,9,0,18,19,8,4,0,0,1,0,0,5,6,1,1,6,6,2,18,4,1368,1,14,ALFA ROMEO MITO,4,E01025543,0,4
2024010508477,2024,010508477,1,9,0,99,99,9,9,99,99,9,9,99,9,99,2,9,6,6,2,34,6,1368,1,12,ALFA ROMEO MITO,3,E01001242,0,2
2024041439435,2024,041439435,2,9,0,-1,13,3,7,-1,0,0,0,0,0,0,1,1,-1,9,1,53,8,1368,1,11,ALFA ROMEO MITO,1,E01024855,0,1
2024421490865,2024,421490865,1,9,0,-1,9,1,5,-1,0,2,0,0,0,0,1,9,-1,6,1,19,4,875,1,11,ALFA ROMEO MITO,8,E01021719,0,1
2024471468134,2024,471468134,1,9,0,-1,19,8,4,-1,0,0,0,0,7,4,1,1,-1,9,1,22,5,1368,1,14,ALFA ROMEO MITO,7,E01035329,0,2
2024552400694,2024,552400694,1,9,0,9,9,2,1,7,6,5,0,0,0,0,4,1,6,6,2,32,6,1368,1,14,ALFA ROMEO MITO,7,E01028713,0,5
2024221402618,2024,221402618,1,9,0,-1,19,5,1,-1,0,0,0,0,0,0,1,9,-1,6,2,56,9,1368,1,14,ALFA ROMEO MITO,10,E01032219,0,1
2024461452107,2024,461452107,1,9,0,-1,5,7,1,-1,0,6,0,0,1,0,3,1,-1,9,2,73,10,1368,1,12,ALFA ROMEO MITO,2,E01024374,0,1
2024471456833,2024,471456833,2,9,0,-1,19,3,7,-1,0,1,0,0,0,0,3,1,-1,9,2,64,9,1368,1,15,ALFA ROMEO MITO,3,E01020975,0,3
2024471396076,2024,471396076,2,9,0,-1,19,1,5,-1,0,1,0,0,0,0,4,1,-1,9,2,64,9,1368,1,15,ALFA ROMEO MITO,3,E01020975,0,1
2024401430863,2024,401430863,1,9,0,-1,19,6,2,-1,0,0,0,0,0,0,3,1,-1,6,1,40,7,1368,1,13,ALFA ROMEO MITO,6,E01015766,0,4
2024411512658,2024,411512658,1,9,0,-1,11,5,1,-1,0,0,0,0,1,0,1,1,-1,6,1,29,6,1368,1,15,ALFA ROMEO MITO,4,E01023543,0,3
2024010530090,2024,010530090,2,9,0,13,13,7,3,0,0,8,0,0,0,0,4,1,6,6,1,59,9,1469,8,2,-1,3,E01001215,0,3
2024010539434,2024,010539434,1,9,0,99,99,9,9,99,99,9,9,99,9,99,2,9,6,6,1,60,9,1469,8,0,-1,7,E01017889,0,4
2024991463620,2024,991463620,1,9,0,-1,14,1,5,-1,0,0,0,4,0,0,1,1,-1,2,1,35,6,1469,8,0,-1,10,-1,0,1
2024161410632,2024,161410632,1,9,0,-1,19,7,3,-1,0,0,0,0,0,0,1,9,-1,1,1,53,8,1332,8,1,-1,-1,-1,0,-1
2024440019251,2024,440019251,1,4,0,18,19,2,6,0,0,0,1,4,0,0,1,1,6,6,1,37,7,125,1,17,APRILIA RS 125,2,E01022966,0,1
2024401534413,2024,401534413,1,3,0,-1,5,3,7,-1,0,8,0,0,0,0,1,1,-1,9,1,17,4,124,1,5,APRILIA RS 125,6,E01017554,0,2
202454C208924,2024,54C208924,2,3,0,18,19,2,6,0,0,1,0,0,1,9,0,1,6,6,1,18,4,125,1,21,APRILIA RS 125,7,E01033840,0,1
2024440105823,2024,440105823,1,3,0,18,19,8,4,0,0,1,0,0,0,0,1,1,6,6,1,19,4,124,1,2,APRILIA RS 125,5,E01022832,0,4
2024991440072,2024,991440072,1,3,0,-1,9,5,1,-1,0,0,1,0,7,0,1,1,-1,6,1,19,4,124,1,0,APRILIA RS 125,7,-1,0,3
2024991472661,2024,991472661,1,3,0,-1,19,7,3,-1,0,0,2,12,7,0,1,1,-1,9,1,27,6,124,1,1,APRILIA RS 125,-1,-1,0,-1
2024010551089,2024,010551089,1,3,0,99,99,9,9,99,99,9,9,99,9,99,1,1,6,6,1,53,8,124,1,3,APRILIA RS 125,5,E01002232,0,1
2024451496068,2024,451496068,2,3,0,-1,19,7,3,-1,0,1,1,0,7,0,1,1,-1,7,1,17,4,124,1,2,APRILIA RS 125,5,E01030974,0,1
2024141430689,2024,141430689,1,3,0,-1,19,7,3,-1,0,1,0,0,0,0,1,1,-1,2,1,23,5,125,1,19,APRILIA RS 125,1,E01028068,0,4
2024991467172,2024,991467172,1,3,0,-1,19,4,7,-1,0,0,0,0,0,0,1,1,-1,6,1,18,4,124,1,1,APRILIA RS 125,-1,-1,0,-1
2024010521610,2024,010521610,2,3,0,18,19,1,5,0,0,1,0,0,0,0,1,1,6,6,1,25,5,124,1,3,APRILIA RS 125,4,E01002643,0,1
2024461538249,2024,461538249,2,3,0,-1,7,5,1,-1,0,0,0,0,0,0,4,1,-1,2,1,31,6,124,1,3,APRILIA RS 125,5,E01024512,0,1
2024471454037,2024,471454037,1,3,0,-1,19,1,5,-1,0,1,0,0,0,0,1,1,-1,9,1,18,4,124,1,2,APRILIA RS 125,3,E01031795,0,2
202460Q066760,2024,60Q066760,3,4,0,18,19,5,2,0,0,1,0,0,0,0,0,1,6,6,1,25,5,124,1,6,APRILIA RS 125,-1,-1,0,-1
2024302401535,2024,302401535,1,3,0,18,19,7,3,0,0,0,1,0,0,0,4,1,6,6,1,44,7,125,1,16,APRILIA RS 125,10,E01013556,0,2
2024430584801,2024,430584801,1,3,0,18,19,4,8,0,0,8,0,0,0,0,4,1,2,2,1,20,4,124,1,1,APRILIA RS 125,2,E01016397,0,3
2024041472614,2024,041472614,1,3,0,-1,19,5,1,-1,0,0,0,0,0,0,1,1,-1,2,1,23,5,124,1,4,APRILIA RS 125,8,E01025564,0,2
2024546584224,2024,546584224,1,3,0,7,7,4,6,0,0,1,0,0,0,0,1,1,6,6,1,18,4,124,1,1,APRILIA RS 125,9,E01031939,0,2
2024520402895,2024,520402895,1,3,0,18,19,3,7,0,0,0,1,0,0,0,1,1,6,6,1,17,4,124,1,0,APRILIA RS 125,6,E01029316,0,2
2024041440918,2024,041440918,2,3,0,-1,19,1,5,-1,0,0,0,0,0,0,1,1,-1,7,1,19,4,124,1,2,APRILIA RS 125,6,E01034340,0,1
2024131488193,2024,131488193,1,3,0,-1,13,1,5,-1,0,0,0,0,0,0,4,1,-1,2,1,18,4,125,1,17,APRILIA RS 125,1,E01011106,0,1
202460Q110413,2024,60Q110413,1,3,0,11,11,6,2,0,0,0,0,0,7,9,1,1,6,6,1,22,5,124,1,2,APRILIA RS 125,-1,-1,0,-1
2024461510659,2024,461510659,1,3,0,-1,9,1,6,-1,0,0,2,0,0,0,3,1,-1,9,1,36,7,124,1,0,APRILIA RS 125,5,E01024005,0,4
2024010519008,2024,010519008,1,4,0,14,14,1,5,0,0,0,0,10,0,0,4,1,2,2,1,28,6,124,1,2,APRILIA RS 125,2,E01016004,0,4
2024361416557,2024,361416557,2,3,0,-1,19,1,5,-1,0,0,5,0,0,0,3,1,-1,9,1,19,4,124,1,2,APRILIA RS 125,6,E01030039,0,4
2024010533363,2024,010533363,1,3,0,99,99,9,9,99,99,9,9,99,9,99,1,1,6,6,1,17,4,125,1,13,APRILIA RS 125,7,E01002931,0,2
2024552400357,2024,552400357,3,3,0,7,7,4,5,0,0,5,0,0,0,0,2,1,6,6,1,18,4,125,1,18,APRILIA RS 125,3,E01020564,0,2
2024010544211,2024,010544211,2,3,0,15,15,1,5,0,0,0,0,8,0,0,1,1,6,6,1,18,4,124,1,0,APRILIA RS 125,4,E01002491,0,1
2024552401051,2024,552401051,1,3,0,14,14,5,1,0,0,8,0,0,0,0,1,1,6,6,1,18,4,125,1,18,APRILIA RS 125,3,E01020564,0,1
2024061405143,2024,061405143,1,4,0,-1,15,3,7,-1,0,0,0,0,0,0,1,1,-1,2,1,26,6,124,1,2,APRILIA RS 125,9,E01005545,0,1
2024440271552,2024,440271552,1,3,0,14,14,3,7,0,0,1,0,0,0,0,1,1,6,6,1,20,4,124,1,2,APRILIA RS 125,7,E01023271,0,1
2024471447886,2024,471447886,2,3,0,-1,19,7,3,-1,0,0,5,0,1,9,1,1,-1,9,1,54,8,125,1,13,APRILIA RS 125,10,E01021026,0,1
2024302401558,2024,302401558,1,3,0,17,19,7,4,0,0,1,1,0,1,6,1,1,2,2,1,26,6,124,1,2,APRILIA RS 125,1,E01013855,0,3
2024131528013,2024,131528013,1,9,0,-1,9,5,1,-1,0,1,0,0,0,0,1,1,-1,9,1,60,9,1527,2,24,CITROEN SAXO,3,E01011267,0,1