collision_index,collision_year,collision_ref_no,vehicle_reference,vehicle_type,towing_and_articulation,vehicle_manoeuvre_historic,vehicle_manoeuvre,vehicle_direction_from,vehicle_direction_to,vehicle_location_restricted_lane_historic,vehicle_location_restricted_lane,junction_location,skidding_and_overturning,hit_object_in_carriageway,vehicle_leaving_carriageway,hit_object_off_carriageway,first_point_of_impact,vehicle_left_hand_drive,journey_purpose_of_driver_historic,journey_purpose_of_driver,sex_of_driver,age_of_driver,age_band_of_driver,engine_capacity_cc,propulsion_code,age_of_vehicle,generic_make_model,driver_imd_decile,lsoa_of_driver,escooter_flag,driver_distance_banding
2024010501057,2024,010501057,2,9,0,99,99,9,9,0,0,0,0,4,0,0,9,9,6,6,3,-1,-1,1124,1,23,CITROEN SAXO,5,E01000375,0,1
2024440189222,2024,440189222,1,9,0,18,19,5,1,0,0,0,0,0,0,0,1,1,6,6,1,21,5,1587,1,22,CITROEN SAXO,6,E01022584,0,4
2024361485509,2024,361485509,1,9,0,-1,19,2,5,-1,0,1,0,0,0,0,1,1,-1,9,1,72,10,1124,1,23,CITROEN SAXO,6,E01034441,0,5
2024041522973,2024,041522973,5,9,0,-1,2,0,0,-1,0,0,0,0,0,0,1,1,-1,6,-1,-1,-1,1124,1,24,CITROEN SAXO,-1,-1,0,-1
2024471440523,2024,471440523,1,9,0,-1,19,4,8,-1,0,0,0,0,0,0,1,1,-1,6,2,31,6,1124,1,22,CITROEN SAXO,2,E01024699,0,4
2024552400726,2024,552400726,1,9,0,18,19,6,2,0,0,0,1,0,2,10,1,1,6,6,1,40,7,1124,1,22,CITROEN SAXO,3,E01017220,0,4
2024411418415,2024,411418415,2,9,0,-1,19,4,8,-1,0,0,1,0,1,10,1,1,-1,6,1,23,5,1124,1,23,CITROEN SAXO,5,E01023331,0,1
2024451435422,2024,451435422,2,9,0,-1,19,5,6,-1,0,0,0,0,0,0,1,1,-1,9,2,73,10,1124,1,23,CITROEN SAXO,9,E01030955,0,1
2024041504162,2024,041504162,1,9,0,-1,19,7,3,-1,0,1,2,0,0,0,1,1,-1,9,1,17,4,1124,1,23,CITROEN SAXO,8,E01025166,0,1
2024471526071,2024,471526071,1,9,0,-1,19,8,4,-1,0,2,0,0,0,0,4,1,-1,9,1,31,6,1124,1,24,CITROEN SAXO,5,E01021121,0,3
2024231402076,2024,231402076,1,9,0,-1,4,6,2,-1,0,8,0,0,0,0,1,1,-1,2,1,27,6,1587,1,22,CITROEN SAXO,7,E01031248,0,1
2024361479886,2024,361479886,2,9,0,-1,2,0,0,-1,0,0,0,0,7,0,2,1,-1,9,1,79,11,1124,1,22,CITROEN SAXO,7,E01026948,0,3
2024361496104,2024,361496104,1,9,0,-1,19,5,1,-1,0,1,0,4,1,0,1,1,-1,9,2,73,10,1124,1,22,CITROEN SAXO,4,E01026643,0,1
2024031481842,2024,031481842,1,9,0,-1,9,1,5,-1,0,8,0,0,0,0,4,1,-1,9,1,26,6,1124,1,23,CITROEN SAXO,6,E01026870,0,5
2024631509689,2024,631509689,1,9,0,-1,13,2,6,-1,0,8,0,0,0,0,1,1,-1,6,1,94,11,1124,1,21,CITROEN SAXO,4,W01000617,0,4
2024552400618,2024,552400618,1,9,0,16,19,4,7,0,0,0,2,0,1,4,4,1,6,6,1,18,4,1124,1,21,CITROEN SAXO,6,E01020447,0,1
2024161456788,2024,161456788,1,9,0,-1,19,4,8,-1,0,0,1,0,7,4,1,1,-1,6,1,18,4,1124,1,23,CITROEN SAXO,9,E01013120,0,2
2024320248088,2024,320248088,1,9,0,-1,-1,4,8,0,0,4,0,9,8,4,1,1,6,6,1,78,11,1587,1,19,CITROEN XSARA,1,E01012893,0,4
2024471492458,2024,471492458,2,9,0,-1,9,4,1,-1,0,3,0,0,0,0,4,1,-1,1,2,54,8,1587,1,23,CITROEN XSARA,4,E01020981,0,1
2024501418095,2024,501418095,1,9,0,-1,19,4,8,-1,0,0,1,0,1,4,1,1,-1,6,2,47,8,1587,1,19,CITROEN XSARA,4,E01020302,0,1
2024320664388,2024,320664388,1,9,0,-1,-1,2,6,0,0,0,2,0,7,1,1,1,-1,-1,2,55,8,1560,2,16,CITROEN XSARA,5,E01026054,0,1
2024501491211,2024,501491211,2,9,0,-1,19,5,1,-1,0,0,0,0,0,0,4,1,-1,6,1,68,10,1997,2,23,CITROEN XSARA,5,E01029313,0,4
2024141437636,2024,141437636,1,9,0,-1,9,1,5,-1,0,1,0,0,0,0,1,1,-1,2,1,58,9,1997,2,19,CITROEN XSARA,7,E01019802,0,4
2024461421441,2024,461421441,1,9,0,-1,3,4,4,-1,0,8,0,0,6,11,1,1,-1,2,2,33,6,1997,1,18,CITROEN XSARA,4,E01035303,0,1
2024440407850,2024,440407850,1,9,0,9,9,8,6,0,0,6,0,0,0,0,3,1,6,6,1,89,11,1997,2,20,CITROEN XSARA,2,E01022934,0,3
2024520500081,2024,520500081,2,9,0,18,19,4,8,0,0,0,0,0,0,0,1,1,6,6,1,49,8,1997,1,18,CITROEN XSARA,6,E01029211,0,2
2024211468020,2024,211468020,1,9,0,-1,19,2,2,-1,0,1,0,0,0,0,1,1,-1,6,1,82,11,1997,2,21,CITROEN XSARA,-1,-1,0,-1
2024332400643,2024,332400643,1,9,0,-1,19,2,6,-1,0,1,5,7,4,6,1,1,-1,9,1,30,6,1560,2,19,CITROEN XSARA,8,E01035092,0,2
2024440009951,2024,440009951,1,9,0,18,19,1,5,0,0,8,0,0,0,0,4,1,2,2,1,65,9,1997,2,21,CITROEN XSARA,6,E01022927,0,1
2024161445473,2024,161445473,2,9,0,-1,19,2,7,-1,0,1,0,0,0,0,1,9,-1,6,1,39,7,1587,1,18,CITROEN XSARA,-1,-1,0,-1
2024141493306,2024,141493306,1,9,0,-1,19,4,8,-1,0,1,0,0,0,0,3,9,-1,6,1,68,10,1560,2,15,CITROEN XSARA,3,E01007368,0,3
2024451403096,2024,451403096,1,9,0,-1,3,3,5,-1,0,4,0,0,0,0,2,1,-1,6,2,58,9,1587,1,16,CITROEN XSARA,8,E01022490,0,4
2024041403426,2024,041403426,2,9,0,-1,19,5,8,-1,0,2,0,0,0,0,1,1,-1,2,2,40,7,1587,1,17,CITROEN XSARA,1,E01012721,0,1
2024361439138,2024,361439138,1,9,0,-1,19,1,5,-1,0,2,5,0,2,4,4,1,-1,9,1,24,5,1587,1,17,CITROEN XSARA,2,E01026717,0,4
2024052402865,2024,052402865,2,9,0,2,2,0,0,0,0,0,0,0,0,0,2,1,6,6,3,-1,-1,1560,2,17,CITROEN XSARA,-1,-1,0,-1
202417S201624,2024,17S201624,1,9,0,9,9,6,4,0,0,8,0,0,0,0,1,1,2,2,2,35,6,1560,2,16,CITROEN XSARA,3,E01012196,0,1
2024471457404,2024,471457404,4,9,0,-1,2,0,0,-1,0,0,0,0,0,0,3,1,-1,6,-1,-1,-1,1560,2,17,CITROEN XSARA,-1,-1,0,-1
2024010542011,2024,010542011,1,9,0,99,99,9,9,99,99,9,9,99,9,99,9,9,6,6,2,38,7,1587,1,15,CITROEN XSARA,9,E01000808,0,1
2024231419699,2024,231419699,1,9,0,-1,19,6,2,-1,0,0,2,0,7,4,3,1,-1,9,1,82,11,1749,1,23,CITROEN XSARA,2,E01009610,0,1
2024471518692,2024,471518692,2,9,0,-1,2,-1,-1,-1,0,0,0,0,0,0,3,1,-1,6,2,46,8,1560,2,16,CITROEN XSARA,4,E01016860,0,2
2024311495511,2024,311495511,2,9,0,-1,19,1,5,-1,0,0,0,0,0,0,3,1,-1,6,1,39,7,1587,1,20,CITROEN XSARA,-1,-1,0,-1
2024501580782,2024,501580782,1,9,0,-1,19,7,3,-1,0,2,0,0,0,0,1,1,-1,9,1,19,4,1587,1,14,CITROEN XSARA,8,E01029145,0,4
2024041478736,2024,041478736,1,9,0,-1,19,3,7,-1,0,0,2,0,7,11,1,1,-1,9,2,80,11,1587,1,19,CITROEN XSARA,2,E01010717,0,4
2024552401394,2024,552401394,1,9,0,4,4,6,2,0,0,1,0,0,0,0,1,1,6,6,1,79,11,1587,1,14,CITROEN XSARA,8,E01020349,0,1
2024549452224,2024,549452224,2,9,0,18,19,4,8,0,0,0,0,0,0,0,1,1,6,6,1,49,8,1997,2,22,CITROEN XSARA,5,E01031869,0,2
2024101536006,2024,101536006,1,9,0,-1,9,7,5,-1,0,8,0,0,0,0,1,1,-1,6,1,70,10,1997,2,19,CITROEN XSARA,5,E01027524,0,1
2024421417176,2024,421417176,1,9,0,-1,19,2,5,-1,0,0,2,10,7,0,4,1,-1,9,1,60,9,1587,1,17,CITROEN XSARA,5,E01021901,0,1
2024141419100,2024,141419100,2,9,0,-1,2,0,0,-1,0,1,0,0,1,0,1,1,-1,6,-1,-1,-1,1560,2,16,CITROEN XSARA,-1,-1,0,-1
2024320129213,2024,320129213,2,9,0,9,9,7,5,0,0,5,0,0,0,0,3,1,-1,-1,1,46,8,1997,2,20,CITROEN XSARA,6,E01026058,0,4
2024201530392,2024,201530392,2,9,0,-1,9,3,1,-1,0,0,1,0,0,0,2,1,-1,9,1,34,6,1560,2,16,CITROEN XSARA,3,E01010105,0,1
2024461522908,2024,461522908,1,9,0,-1,19,3,7,-1,0,1,0,0,0,0,1,1,-1,6,1,23,5,1587,1,21,CITROEN XSARA,1,E01024663,0,1
2024471422888,2024,471422888,1,9,0,-1,3,1,5,-1,0,1,0,0,0,0,1,9,-1,6,1,89,11,1560,2,19,CITROEN XSARA,9,E01031339,0,1
2024302400661,2024,302400661,2,9,0,18,19,1,5,0,0,1,0,0,0,0,1,1,6,6,1,44,7,1997,1,18,CITROEN XSARA,3,E01013553,0,1
2024320068045,2024,320068045,1,9,0,4,4,6,2,0,0,0,0,0,0,0,1,1,1,1,2,20,4,1360,1,22,CITROEN XSARA,9,E01026197,0,4
2024061399591,2024,061399591,1,9,0,-1,19,6,2,-1,0,1,1,0,0,0,1,1,-1,9,1,87,11,1587,1,17,CITROEN XSARA,3,E01005710,0,1
2024461405609,2024,461405609,3,9,0,-1,2,0,0,-1,0,1,0,0,0,0,0,1,-1,6,2,33,6,1587,1,17,CITROEN XSARA,1,E01024610,0,1
2024041472853,2024,041472853,1,9,0,-1,19,3,7,-1,0,1,0,0,0,0,1,1,-1,2,1,47,8,1560,2,16,CITROEN XSARA,2,E01012615,0,2
2024052401264,2024,052401264,1,9,0,9,9,8,6,0,0,8,0,0,0,0,1,1,6,6,1,50,8,1587,1,16,CITROEN XSARA,1,E01006549,0,2
2024231406905,2024,231406905,2,9,0,-1,2,0,0,-1,0,0,0,0,0,0,2,1,-1,9,1,35,6,1587,1,21,CITROEN XSARA,8,E01031237,0,1
2024471433675,2024,471433675,1,9,0,-1,1,1,4,-1,0,1,0,0,0,0,2,1,-1,9,1,48,8,1360,1,22,CITROEN XSARA,3,E01031400,0,1
2024161467118,2024,161467118,3,9,0,-1,4,7,3,-1,0,0,0,4,0,0,2,1,-1,9,2,21,5,1587,1,18,CITROEN XSARA,1,E01013203,0,1
2024501521558,2024,501521558,2,9,0,-1,3,1,5,-1,0,0,0,0,0,0,2,1,-1,6,1,37,7,1587,1,17,CITROEN XSARA,6,E01020335,0,3
2024552400411,2024,552400411,2,9,0,2,2,0,0,0,0,0,0,0,0,0,3,1,6,6,3,-1,-1,1997,2,20,CITROEN XSARA,-1,-1,0,-1
2024340WN3992,2024,340WN3992,1,9,0,-1,19,3,7,-1,0,0,1,0,7,9,2,1,-1,9,1,80,11,1587,1,18,CITROEN XSARA,9,E01010220,0,4
2024201540769,2024,201540769,1,9,0,-1,9,7,5,-1,0,5,0,0,0,0,1,9,-1,6,1,62,9,1587,1,14,CITROEN XSARA,4,E01009046,0,1
2024161467166,2024,161467166,1,9,0,-1,9,8,6,-1,0,0,1,7,0,0,3,1,-1,6,1,27,6,1560,2,15,CITROEN XSARA,6,E01013188,0,2
2024041523987,2024,041523987,2,9,0,-1,19,4,8,-1,0,1,0,0,0,0,1,1,-1,9,1,61,9,1560,2,18,CITROEN XSARA,2,E01012697,0,1
2024440134490,2024,440134490,1,9,0,18,19,2,6,0,0,2,0,0,0,0,1,1,6,6,1,62,9,1587,1,17,CITROEN XSARA,4,E01017348,0,1
2024340WN0172,2024,340WN0172,1,9,0,-1,19,8,4,-1,0,2,0,0,1,4,1,1,-1,6,1,76,11,1997,2,23,CITROEN XSARA,3,E01027171,0,1
2024320196132,2024,320196132,1,9,0,-1,-1,8,4,9,9,0,0,0,7,2,1,1,-1,-1,1,40,7,1587,1,15,CITROEN XSARA,5,E01032995,0,1
2024411539224,2024,411539224,1,9,0,-1,19,8,4,-1,0,0,0,0,0,0,4,9,-1,9,2,39,7,1749,1,20,CITROEN XSARA,8,E01023315,0,1
2024991435502,2024,991435502,1,9,0,-1,9,6,3,-1,0,6,0,0,0,0,1,1,-1,2,1,30,6,1761,1,26,CITROEN XSARA,10,-1,0,4
2024351440351,2024,351440351,2,9,0,-1,19,-1,-1,-1,0,0,0,0,0,0,3,9,-1,9,1,52,8,1997,2,19,CITROEN XSARA,4,E01018095,0,1
2024010527529,2024,010527529,1,9,0,2,2,0,0,9,9,2,0,0,0,0,2,1,6,6,3,-1,-1,1587,1,22,CITROEN XSARA,-1,-1,0,-1
2024031433519,2024,031433519,1,9,0,-1,19,2,5,-1,0,8,0,0,0,0,1,1,-1,9,1,28,6,1560,2,14,CITROEN XSARA,3,E01019236,0,1
2024010523074,2024,010523074,3,9,0,4,4,5,1,0,0,2,0,4,0,0,2,1,1,1,1,31,6,1587,1,20,CITROEN XSARA,-1,-1,0,-1
2024501534030,2024,501534030,1,9,0,-1,9,3,1,-1,0,1,0,0,0,0,3,1,-1,9,1,88,11,1587,1,15,CITROEN XSARA,5,E01020065,0,1
2024070514461,2024,070514461,2,9,0,18,19,7,3,0,0,8,0,0,0,0,1,1,1,1,1,61,9,1997,2,19,CITROEN XSARA,-1,-1,0,-1
2024010507751,2024,010507751,1,9,0,2,2,0,0,0,0,2,0,0,1,0,2,1,6,6,3,-1,-1,1997,1,17,CITROEN XSARA,-1,-1,0,-1
2024070471922,2024,070471922,1,9,0,9,9,5,3,0,0,6,0,0,0,0,1,1,6,6,1,-1,-1,1587,1,21,CITROEN XSARA,4,E01018647,0,1
2024041453126,2024,041453126,1,9,0,-1,19,1,5,-1,0,1,5,0,0,0,1,1,-1,6,1,19,4,1587,1,20,CITROEN XSARA,3,E01012699,0,1
2024041405351,2024,041405351,2,9,0,-1,19,7,3,-1,0,1,0,0,0,0,4,1,-1,7,2,43,7,1749,1,21,CITROEN XSARA,2,E01012666,0,1
2024141509199,2024,141509199,2,9,0,-1,19,5,1,-1,0,1,0,0,0,0,1,1,-1,9,1,69,10,1587,1,20,CITROEN XSARA,1,E01008037,0,1
2024552400310,2024,552400310,1,9,0,18,19,2,6,0,0,0,2,0,7,10,0,1,6,6,2,25,5,1560,2,18,CITROEN XSARA,6,E01020549,0,1
2024101398714,2024,101398714,1,9,0,-1,9,7,5,-1,0,8,0,0,0,0,3,1,-1,1,1,66,10,1560,2,16,CITROEN XSARA,2,E01008755,0,1
2024031417873,2024,031417873,1,9,0,-1,19,3,1,-1,0,8,0,0,3,11,1,1,-1,9,1,43,7,1560,2,19,CITROEN XSARA,9,E01019179,0,1
2024201432168,2024,201432168,3,9,0,-1,2,0,0,-1,0,1,0,4,0,0,1,9,-1,6,1,61,9,1560,2,18,CITROEN XSARA,2,E01010244,0,1
2024552400787,2024,552400787,2,9,0,2,2,0,0,0,0,0,0,0,0,0,3,1,6,6,3,-1,-1,1997,1,17,CITROEN XSARA,-1,-1,0,-1
202417M106624,2024,17M106624,1,9,0,-1,19,2,6,-1,0,8,0,0,0,0,1,1,-1,9,1,36,7,1587,1,17,CITROEN XSARA,1,E01012238,0,2
2024201527017,2024,201527017,2,9,0,-1,19,4,8,-1,0,0,0,0,0,0,4,1,-1,6,1,56,9,1349,1,25,-1,2,E01009992,0,2
2024010522587,2024,010522587,2,90,0,9,9,5,2,0,0,1,0,0,0,0,1,1,6,6,1,37,7,2287,2,3,-1,-1,-1,0,-1
202460Q102751,2024,60Q102751,2,90,0,2,2,0,0,0,0,0,0,0,0,0,3,1,6,6,1,62,9,2184,2,0,-1,-1,-1,0,-1
2024161503526,2024,161503526,1,19,0,-1,19,7,3,-1,0,0,0,0,0,0,1,1,-1,1,1,44,7,-1,-1,-1,-1,7,-1,0,5
2024451486083,2024,451486083,1,5,0,-1,3,5,1,-1,0,1,5,99,0,0,4,1,-1,9,1,69,10,1868,1,6,-1,6,E01001073,0,3
2024991450742,2024,991450742,1,5,0,-1,19,2,6,-1,0,8,5,0,0,0,3,1,-1,9,1,59,9,1340,1,37,-1,4,-1,0,2
2024361432707,2024,361432707,1,5,0,-1,19,5,1,-1,0,1,0,0,0,0,1,1,-1,9,1,74,10,1690,1,8,-1,6,E01026486,0,3
2024361453209,2024,361453209,2,5,0,-1,19,6,2,-1,0,1,2,0,0,0,4,1,-1,6,1,65,9,1450,1,21,-1,5,E01026909,0,2
2024440145649,2024,440145649,2,4,0,18,19,4,8,0,0,1,0,0,1,0,1,1,6,6,1,66,10,1450,1,23,-1,5,E01023151,0,2
2024991439085,2024,991439085,2,5,0,-1,4,8,4,-1,0,1,0,0,0,0,2,1,-1,9,1,69,10,1690,1,12,-1,-1,-1,0,-1
2024231471551,2024,231471551,1,3,0,-1,11,6,2,-1,0,0,1,0,5,6,3,1,-1,6,1,25,5,125,1,0,KAWASAKI BR125,9,E01032349,0,1
202454C263924,2024,54C263924,1,3,0,7,7,7,4,0,0,3,0,0,1,2,1,1,4,7,1,22,5,125,1,2,KAWASAKI BR125,7,E01034552,0,3
2024201523775,2024,201523775,2,3,0,-1,19,3,6,-1,0,8,0,0,0,0,1,1,-1,6,1,18,4,125,1,0,KAWASAKI BR125,2,E01010479,0,2
2024471515346,2024,471515346,1,3,0,-1,19,2,5,-1,0,4,0,0,0,0,1,1,-1,7,1,19,4,125,1,0,KAWASAKI BR125,10,E01031684,0,4
2024010503011,2024,010503011,2,4,0,3,3,2,6,0,0,1,0,0,0,0,2,1,6,6,2,39,7,125,1,4,KAWASAKI BR125,6,E01001088,0,3
2024010507767,2024,010507767,2,3,0,15,15,3,7,0,0,0,0,0,0,0,3,1,1,1,1,45,7,125,1,4,KAWASAKI BR125,10,E01023889,0,4
2024361473691,2024,361473691,1,4,0,-1,2,3,7,-1,-1,0,0,0,0,0,0,1,-1,9,1,17,4,125,1,3,KAWASAKI BR125,3,E01026602,0,1
2024421509063,2024,421509063,1,3,0,-1,19,5,1,-1,0,1,0,0,0,0,1,1,-1,6,1,52,8,125,1,4,KAWASAKI BR125,1,E01022030,0,1
2024340WN1992,2024,340WN1992,1,3,0,-1,9,5,2,-1,0,3,0,0,0,0,4,1,-1,2,1,48,8,125,1,3,KAWASAKI BR125,2,E01032978,0,1
2024421516250,2024,421516250,1,3,0,-1,19,3,7,-1,0,8,5,0,0,0,1,1,-1,2,-1,26,6,125,1,0,KAWASAKI BR125,10,E01021450,0,3
2024610045924,2024,610045924,1,3,0,16,19,8,3,0,0,1,0,0,0,0,1,1,6,6,1,25,5,125,1,3,KAWASAKI BR125,2,W01001531,0,1
2024221487803,2024,221487803,2,3,0,-1,7,1,4,-1,0,4,0,0,2,0,1,1,-1,2,2,21,5,125,1,0,KAWASAKI BR125,8,E01032320,0,1
2024430214278,2024,430214278,1,3,0,18,19,1,5,0,0,0,2,0,0,0,0,1,6,6,1,19,4,125,1,0,KAWASAKI BR125,10,E01035427,0,3
2024131532656,2024,131532656,1,3,0,-1,19,3,5,-1,0,8,0,0,0,0,1,1,-1,2,1,17,4,125,1,0,KAWASAKI BR125,7,E01010596,0,1
2024520403151,2024,520403151,2,4,0,14,14,8,4,0,0,1,0,0,0,0,1,1,6,6,1,17,4,125,1,5,KAWASAKI BR125,8,E01029201,0,3
2024231524392,2024,231524392,1,3,0,-1,13,6,2,-1,0,0,0,0,0,0,3,1,-1,6,1,25,5,125,1,0,KAWASAKI BR125,2,E01031066,0,1
202460Q182431,2024,60Q182431,2,3,0,3,3,5,1,0,0,1,0,0,0,0,2,1,6,6,1,30,6,125,1,5,KAWASAKI BR125,-1,-1,0,-1
2024320239748,2024,320239748,1,4,0,-1,-1,8,4,0,0,0,5,0,7,9,2,1,6,6,1,17,4,125,1,4,KAWASAKI BR125,-1,-1,0,-1
2024461521415,2024,461521415,2,3,0,-1,19,5,1,-1,0,1,0,0,0,0,4,1,-1,6,1,17,4,125,1,0,KAWASAKI BR125,8,E01024760,0,3
2024421424644,2024,421424644,1,2,0,-1,19,7,3,-1,0,0,0,0,0,0,1,1,-1,6,1,21,5,125,1,3,KAWASAKI BR125,1,E01022001,0,4
2024991476546,2024,991476546,1,3,0,-1,19,8,6,-1,0,0,0,0,1,9,1,1,-1,2,1,49,8,125,1,0,KAWASAKI BR125,6,-1,0,1
2024041423410,2024,041423410,1,3,0,-1,19,3,7,-1,0,1,1,0,0,0,4,1,-1,2,1,39,7,125,1,1,KAWASAKI BR125,3,E01025196,0,2
2024471454462,2024,471454462,2,3,0,-1,13,2,6,-1,0,0,0,0,0,0,4,1,-1,6,1,18,4,125,1,3,KAWASAKI BR125,6,E01016887,0,1
2024302400254,2024,302400254,2,3,0,9,9,4,2,0,0,8,0,0,0,0,4,1,2,2,2,17,4,125,1,5,KAWASAKI BR125,4,E01019450,0,1
2024991534683,2024,991534683,1,3,0,-1,5,7,2,-1,0,0,2,0,0,0,1,1,-1,2,1,29,6,125,1,1,KAWASAKI BR125,10,-1,0,2
2024061447169,2024,061447169,1,3,0,-1,19,3,7,-1,0,0,0,0,0,0,1,1,-1,6,1,-1,-1,125,1,3,KAWASAKI BR125,-1,-1,0,-1
2024461443566,2024,461443566,1,3,0,-1,7,8,3,-1,0,0,1,0,0,0,4,1,-1,9,1,19,4,125,1,0,KAWASAKI BR125,2,E01023984,0,1
2024471479790,2024,471479790,1,3,0,-1,19,6,2,-1,0,0,1,0,2,0,4,1,-1,6,1,18,4,125,1,3,KAWASAKI BR125,1,E01016880,0,1
2024221505471,2024,221505471,1,3,0,-1,19,6,2,-1,0,8,0,0,2,1,4,1,-1,6,2,23,5,125,1,5,KAWASAKI BR125,1,E01014162,0,2
2024320277067,2024,320277067,1,3,0,-1,-1,3,7,0,0,0,5,0,7,0,4,1,-1,-1,2,28,6,125,1,3,KAWASAKI BR125,2,E01010407,0,5
2024320439468,2024,320439468,1,5,0,-1,-1,1,5,0,0,8,1,0,0,0,1,1,-1,-1,1,61,9,1301,1,6,KTM 1290 SUPERDUKE,7,E01026348,0,2
2024221450641,2024,221450641,2,5,0,-1,3,7,5,-1,0,8,0,0,0,0,3,1,-1,9,1,37,7,1301,1,8,KTM 1290 SUPERDUKE,2,E01009832,0,4
2024991478224,2024,991478224,2,5,0,-1,19,3,7,-1,0,1,0,0,0,0,1,1,-1,9,1,53,8,1301,1,2,KTM 1290 SUPERDUKE,3,E01034259,0,5
2024531431150,2024,531431150,1,5,0,-1,14,3,7,-1,0,1,0,0,0,0,1,1,-1,9,1,39,7,1301,1,8,KTM 1290 SUPERDUKE,7,E01034799,0,2
2024070527433,2024,070527433,2,5,0,18,19,8,4,0,0,8,0,0,0,0,4,1,6,6,1,31,6,1301,1,2,KTM 1290 SUPERDUKE,8,E01018495,0,2
2024471501828,2024,471501828,1,5,0,-1,19,8,4,-1,0,0,0,0,0,0,1,1,-1,6,1,40,7,1301,1,5,KTM 1290 SUPERDUKE,2,E01031783,0,2
2024371500398,2024,371500398,2,5,0,-1,19,5,1,-1,0,8,0,0,0,0,1,1,-1,9,1,36,7,1301,1,2,KTM 1290 SUPERDUKE,6,E01029881,0,3
2024302401695,2024,302401695,2,5,0,18,19,8,4,0,0,0,0,0,0,0,1,1,6,6,1,61,9,1301,1,5,KTM 1290 SUPERDUKE,10,E01005815,0,4
2024041472718,2024,041472718,2,5,0,-1,19,2,6,-1,0,0,5,0,0,0,1,1,-1,9,1,58,9,1301,1,4,KTM 1290 SUPERDUKE,4,E01024989,0,1
2024461507997,2024,461507997,2,4,0,-1,5,3,5,-1,0,4,0,0,0,0,2,1,-1,1,1,43,7,1301,1,3,KTM 1290 SUPERDUKE,9,E01024139,0,1
2024401431777,2024,401431777,2,5,0,-1,13,1,5,-1,-1,0,5,0,7,0,4,1,-1,6,1,69,10,1301,1,6,KTM 1290 SUPERDUKE,3,E01015801,0,3
2024201488625,2024,201488625,2,5,0,-1,14,3,7,-1,0,2,0,0,0,0,1,1,-1,9,1,41,7,1301,1,5,KTM 1290 SUPERDUKE,1,E01009322,0,1
2024041485563,2024,041485563,1,5,0,-1,13,1,5,-1,0,1,2,0,0,0,1,1,-1,9,1,63,9,1301,1,2,KTM 1290 SUPERDUKE,10,E01024968,0,2
2024631502168,2024,631502168,1,5,0,-1,19,6,2,-1,0,0,1,0,1,10,1,1,-1,9,1,58,9,1301,1,4,KTM 1290 SUPERDUKE,9,W01001105,0,4
2024461416869,2024,461416869,1,5,0,-1,19,3,7,-1,0,0,0,0,0,0,1,1,-1,6,1,58,9,1301,1,1,KTM 1290 SUPERDUKE,-1,-1,0,-1
2024631448094,2024,631448094,1,5,0,-1,19,4,8,-1,0,0,1,0,0,0,1,1,-1,9,1,40,7,1301,1,3,KTM 1290 SUPERDUKE,4,E01035076,0,4
2024531441272,2024,531441272,1,5,0,-1,4,6,2,-1,0,0,0,0,0,0,1,1,-1,9,1,27,6,1301,1,6,KTM 1290 SUPERDUKE,9,E01022363,0,1
2024631441590,2024,631441590,1,5,0,-1,19,6,1,-1,0,0,1,0,2,10,4,1,-1,9,1,54,8,1301,1,8,KTM 1290 SUPERDUKE,7,W01000583,0,4
2024991445650,2024,991445650,3,5,0,-1,19,2,6,-1,0,0,0,0,0,0,1,1,-1,9,1,56,9,1301,1,2,KTM 1290 SUPERDUKE,6,-1,0,5
2024221459405,2024,221459405,1,5,0,-1,13,8,4,-1,0,8,0,0,7,1,1,1,-1,6,1,45,7,1301,1,2,KTM 1290 SUPERDUKE,4,E01028838,0,3
2024440309450,2024,440309450,1,5,0,13,13,3,7,0,0,1,0,0,0,10,4,1,6,6,1,61,9,1301,1,1,KTM 1290 SUPERDUKE,9,E01030646,0,4
2024991459120,2024,991459120,1,5,0,-1,19,6,2,-1,0,0,0,0,7,9,2,1,-1,9,1,60,9,1301,1,10,KTM 1290 SUPERDUKE,3,-1,0,3
2024520402105,2024,520402105,1,4,0,18,19,1,5,0,0,8,0,0,0,0,1,1,6,6,1,27,6,1301,1,4,KTM 1290 SUPERDUKE,7,E01029155,0,2
2024320440467,2024,320440467,1,4,0,-1,-1,8,2,0,0,1,0,0,0,0,1,1,6,6,1,46,8,1301,1,5,KTM 1290 SUPERDUKE,2,E01007482,0,4
2024421449632,2024,421449632,1,5,0,-1,19,1,5,-1,0,1,5,0,0,0,1,1,-1,9,1,72,10,1301,1,1,KTM 1290 SUPERDUKE,9,E01021478,0,4
2024122500193,2024,122500193,3,4,0,4,4,5,1,0,0,0,0,0,0,0,4,1,6,6,1,49,8,1301,1,8,KTM 1290 SUPERDUKE,10,E01013337,0,2
2024010529440,2024,010529440,1,5,0,4,4,5,1,0,0,0,0,0,0,0,1,1,2,2,1,46,8,1301,1,0,KTM 1290 SUPERDUKE,9,E01018303,0,4