collision_index,collision_year,collision_ref_no,vehicle_reference,vehicle_type,towing_and_articulation,vehicle_manoeuvre_historic,vehicle_manoeuvre,vehicle_direction_from,vehicle_direction_to,vehicle_location_restricted_lane_historic,vehicle_location_restricted_lane,junction_location,skidding_and_overturning,hit_object_in_carriageway,vehicle_leaving_carriageway,hit_object_off_carriageway,first_point_of_impact,vehicle_left_hand_drive,journey_purpose_of_driver_historic,journey_purpose_of_driver,sex_of_driver,age_of_driver,age_band_of_driver,engine_capacity_cc,propulsion_code,age_of_vehicle,generic_make_model,driver_imd_decile,lsoa_of_driver,escooter_flag,driver_distance_banding
2024361475478,2024,361475478,1,5,0,-1,15,8,4,-1,0,0,0,0,0,0,3,1,-1,9,1,57,9,1301,1,7,KTM 1290 SUPERDUKE,5,E01026443,0,4
2024991482983,2024,991482983,1,5,0,-1,12,5,1,-1,0,0,1,0,2,0,3,1,-1,6,1,49,8,1301,1,7,KTM 1290 SUPERDUKE,5,-1,0,4
2024461473132,2024,461473132,2,5,0,-1,19,5,1,-1,0,0,2,0,0,0,4,1,-1,9,1,58,9,1301,1,0,KTM 1290 SUPERDUKE,4,E01024208,0,3
2024361451436,2024,361451436,3,5,0,-1,19,4,8,-1,0,0,0,0,0,0,2,1,-1,9,1,65,9,1301,1,7,KTM 1290 SUPERDUKE,5,E01030259,0,3
2024461429022,2024,461429022,2,2,0,-1,19,4,8,-1,0,1,0,0,6,10,1,1,-1,6,1,47,8,49,1,0,-1,4,E01016177,0,1
2024552401339,2024,552401339,2,2,0,15,15,6,2,4,4,8,0,0,7,0,1,1,6,6,1,17,4,49,1,0,-1,2,E01015341,0,1
2024161475296,2024,161475296,2,2,0,-1,19,5,1,-1,0,0,0,0,0,0,1,1,-1,6,1,-1,-1,49,1,0,-1,-1,-1,0,-1
2024141420366,2024,141420366,1,19,0,-1,9,3,1,-1,0,1,5,0,0,0,4,1,-1,9,1,29,6,1997,2,6,PEUGEOT EXPERT,6,E01020794,0,5
2024430037392,2024,430037392,2,19,0,18,19,6,2,0,0,8,0,0,7,0,1,1,1,1,1,28,6,1499,2,1,PEUGEOT EXPERT,9,E01033832,0,2
2024201405532,2024,201405532,1,19,0,-1,1,8,4,-1,0,0,0,0,0,0,2,1,-1,1,2,-1,-1,1560,2,10,PEUGEOT EXPERT,-1,-1,0,-1
2024501489581,2024,501489581,2,19,0,-1,4,4,7,-1,0,8,0,0,0,0,3,1,-1,6,1,57,9,-1,3,1,PEUGEOT EXPERT,8,E01018859,0,4
2024010541732,2024,010541732,2,19,0,99,99,9,9,99,99,9,9,99,9,99,9,9,6,6,3,-1,-1,1560,2,7,PEUGEOT EXPERT,2,E01001078,0,3
2024010506240,2024,010506240,1,19,0,99,99,9,9,99,99,0,9,99,9,99,2,9,2,2,1,47,8,1997,2,7,PEUGEOT EXPERT,3,E01000090,0,2
2024340WN2412,2024,340WN2412,2,19,0,-1,19,7,3,-1,0,2,0,0,0,0,2,1,-1,1,1,41,7,1560,2,7,PEUGEOT EXPERT,3,E01027227,0,1
2024010515643,2024,010515643,1,19,0,16,19,4,8,8,6,8,0,0,1,11,4,1,6,6,1,39,7,-1,3,1,PEUGEOT EXPERT,3,E01004445,0,2
2024122400254,2024,122400254,1,19,0,18,19,3,7,0,0,8,0,0,7,0,3,1,1,1,1,34,6,1997,2,3,PEUGEOT EXPERT,6,E01027873,0,1
2024201494920,2024,201494920,1,8,0,-1,14,2,6,-1,0,0,0,7,0,0,1,1,-1,6,1,42,7,1997,2,16,PEUGEOT EXPERT,2,E01009980,0,1
2024631425994,2024,631425994,1,19,0,-1,19,4,8,-1,0,0,5,0,2,10,4,1,-1,9,1,58,9,1560,2,13,PEUGEOT EXPERT,7,W01000700,0,2
2024010499465,2024,010499465,1,19,0,4,4,3,7,0,0,1,0,8,0,0,3,1,1,1,1,23,5,1499,2,0,PEUGEOT EXPERT,5,E01021297,0,4
2024501410053,2024,501410053,1,19,0,-1,9,8,6,-1,0,8,0,0,0,0,1,9,-1,1,1,58,9,1997,2,11,PEUGEOT EXPERT,4,E01018874,0,1
2024010512342,2024,010512342,2,19,0,18,19,1,5,0,0,0,0,0,0,0,3,1,1,1,1,30,6,1499,2,4,PEUGEOT EXPERT,6,E01002496,0,1
2024211485125,2024,211485125,3,19,0,-1,19,1,5,-1,0,0,1,0,0,0,1,1,-1,1,1,41,7,1997,2,7,PEUGEOT EXPERT,-1,-1,0,-1
2024131468121,2024,131468121,1,19,0,-1,1,7,3,-1,0,8,0,0,0,0,2,1,-1,1,2,28,6,1997,2,1,PEUGEOT EXPERT,3,E01011229,0,1
2024461459552,2024,461459552,2,19,0,-1,19,6,6,-1,0,0,0,0,0,0,1,1,-1,2,1,30,6,1499,2,3,PEUGEOT EXPERT,8,E01032825,0,4
2024052401140,2024,052401140,1,19,0,18,19,7,3,0,0,3,0,0,0,0,4,1,1,1,1,56,9,1499,2,3,PEUGEOT EXPERT,4,E01006851,0,1
2024991400119,2024,991400119,1,19,0,-1,19,2,6,-1,0,0,0,0,0,0,1,1,-1,1,1,38,7,1997,2,3,PEUGEOT EXPERT,-1,-1,0,-1
2024401495883,2024,401495883,2,19,0,-1,20,7,3,-1,0,0,0,0,0,0,2,1,-1,9,1,41,7,1560,2,6,PEUGEOT EXPERT,2,E01003065,0,4
2024010535471,2024,010535471,2,19,0,9,9,9,9,99,99,9,9,99,9,99,1,9,6,6,3,34,6,1997,2,7,PEUGEOT EXPERT,-1,-1,0,-1
2024461454166,2024,461454166,1,19,0,-1,19,5,3,-1,0,3,0,0,1,0,1,9,-1,6,1,30,6,1560,2,17,PEUGEOT EXPERT,8,E01024004,0,3
2024991455804,2024,991455804,2,19,0,-1,5,8,4,-1,0,1,0,0,0,0,3,1,-1,1,1,26,6,2000,2,3,PEUGEOT EXPERT,2,-1,0,4
2024231440111,2024,231440111,1,19,0,-1,19,5,2,-1,0,0,0,0,0,0,1,9,-1,1,1,36,7,1997,2,3,PEUGEOT EXPERT,5,E01009135,0,3
2024131475023,2024,131475023,1,19,0,-1,9,2,8,-1,0,8,0,0,0,0,4,1,-1,1,2,41,7,1499,2,3,PEUGEOT EXPERT,2,E01007437,0,2
2024010555585,2024,010555585,2,19,0,99,99,9,9,99,99,9,9,99,9,99,1,9,6,6,3,-1,-1,1560,2,6,PEUGEOT EXPERT,2,E01001828,0,1
2024201553859,2024,201553859,1,9,0,-1,19,5,1,-1,0,3,5,0,0,0,1,9,-1,1,1,45,7,1997,2,15,PEUGEOT EXPERT,2,E01009988,0,1
2024010519265,2024,010519265,1,19,0,18,19,3,7,0,0,1,0,0,0,0,1,2,6,6,1,50,8,1560,2,5,PEUGEOT EXPERT,6,E01001665,0,1
2024430161373,2024,430161373,1,19,0,18,19,6,2,0,0,0,0,0,0,0,2,1,1,1,1,53,8,1997,2,1,PEUGEOT EXPERT,9,E01016258,0,4
2024340WN6622,2024,340WN6622,2,19,0,-1,19,4,8,-1,0,0,1,0,0,0,3,1,-1,9,1,40,7,1499,2,4,PEUGEOT EXPERT,3,E01031165,0,4
2024010525005,2024,010525005,2,19,9,18,19,5,1,99,99,6,9,99,0,0,4,9,6,6,1,21,5,1560,2,5,PEUGEOT EXPERT,3,E01002542,0,4
2024211446087,2024,211446087,1,19,0,-1,4,5,4,-1,0,0,0,0,0,0,1,1,-1,9,1,21,5,1997,2,21,PEUGEOT EXPERT,1,E01010017,0,4
2024501431000,2024,501431000,1,19,0,-1,19,7,3,-1,0,0,0,0,0,0,1,1,-1,1,1,40,7,1997,2,6,PEUGEOT EXPERT,4,E01018965,0,2
2024010533652,2024,010533652,2,19,0,14,14,7,3,0,0,1,0,0,0,0,3,1,6,6,1,29,6,1499,2,1,PEUGEOT EXPERT,2,E01002041,0,1
2024010549271,2024,010549271,2,19,0,5,5,1,5,0,0,0,2,0,0,0,1,1,6,6,1,59,9,1997,2,1,PEUGEOT EXPERT,2,E01003325,0,1
2024542594324,2024,542594324,1,19,0,9,9,6,2,0,0,6,0,0,0,0,3,1,1,1,1,40,7,1560,2,5,PEUGEOT EXPERT,4,W01000636,0,5
2024010527289,2024,010527289,2,19,0,18,19,5,1,0,0,8,0,0,0,0,4,1,1,1,1,28,6,1560,2,6,PEUGEOT EXPERT,7,E01003643,0,2
2024461458533,2024,461458533,1,19,0,-1,19,5,1,-1,0,4,0,0,0,0,1,1,-1,9,1,54,8,1560,2,5,PEUGEOT EXPERT,5,E01024749,0,1
2024131490628,2024,131490628,2,19,0,-1,15,7,3,-1,0,0,0,0,0,0,1,1,-1,1,1,61,9,1499,2,2,PEUGEOT EXPERT,9,E01011272,0,1
2024061481371,2024,061481371,1,19,0,-1,1,4,8,-1,0,0,0,0,0,0,2,9,-1,1,3,-1,-1,1560,2,9,PEUGEOT EXPERT,-1,-1,0,-1
2024221527960,2024,221527960,1,19,0,-1,19,5,2,-1,0,0,0,0,0,0,1,9,-1,1,2,33,6,-1,3,1,PEUGEOT EXPERT,5,E01032205,0,3
2024311407247,2024,311407247,2,19,0,-1,19,3,7,-1,0,1,0,0,0,0,1,9,-1,1,1,51,8,1500,2,3,PEUGEOT EXPERT,-1,-1,0,-1
2024411501150,2024,411501150,1,19,0,-1,1,-1,-1,-1,0,0,0,0,0,0,2,9,-1,6,1,46,8,1997,2,5,PEUGEOT EXPERT,2,E01028567,0,4
2024421533456,2024,421533456,2,19,0,-1,7,7,5,-1,0,3,0,0,0,0,4,1,-1,6,1,-1,-1,1997,2,2,PEUGEOT EXPERT,-1,-1,0,-1
2024522401331,2024,522401331,1,19,0,1,1,4,8,0,0,5,0,0,0,0,2,1,1,1,1,58,9,1560,2,5,PEUGEOT EXPERT,6,E01014555,0,1
2024131458573,2024,131458573,1,19,0,-1,19,1,5,-1,0,0,0,0,0,0,3,1,-1,1,1,23,5,1997,2,1,PEUGEOT EXPERT,1,E01010730,0,1
2024010538031,2024,010538031,1,19,0,9,9,6,4,0,0,1,0,0,0,0,1,1,6,6,1,45,7,1560,2,5,PEUGEOT EXPERT,8,E01035722,0,1
2024440327729,2024,440327729,2,19,0,7,7,3,5,0,0,6,0,0,0,0,3,1,6,6,1,34,6,1560,2,9,PEUGEOT EXPERT,2,E01017219,0,1
2024010533161,2024,010533161,1,19,0,9,9,3,1,0,0,8,0,0,0,0,1,1,1,1,1,53,8,2000,2,3,PEUGEOT EXPERT,8,E01035603,0,4
2024010538743,2024,010538743,1,19,0,18,19,7,3,0,0,0,0,0,0,0,4,1,2,2,1,33,6,1560,2,7,PEUGEOT EXPERT,-1,-1,0,-1
2024101482966,2024,101482966,1,19,0,-1,19,7,3,-1,2,0,0,0,0,0,2,1,-1,1,1,25,5,1560,2,9,PEUGEOT EXPERT,-1,-1,0,-1
2024501430514,2024,501430514,1,8,0,-1,19,4,8,-1,0,0,0,0,0,0,1,1,-1,6,1,26,6,1560,2,15,PEUGEOT EXPERT,-1,-1,0,-1
2024131474072,2024,131474072,4,9,0,-1,2,0,0,-1,0,0,0,4,0,0,1,1,-1,6,-1,-1,-1,1997,2,10,PEUGEOT EXPERT,-1,-1,0,-1
2024010527132,2024,010527132,1,19,0,9,9,6,4,0,0,6,0,0,0,0,4,1,1,1,1,43,7,1997,2,7,PEUGEOT EXPERT,6,E01020142,0,5
2024320110701,2024,320110701,2,19,0,4,4,6,2,0,0,0,0,0,0,0,1,1,1,1,1,65,9,-1,3,3,PEUGEOT EXPERT,6,E01026205,0,3
2024471505567,2024,471505567,1,19,0,-1,19,7,5,-1,0,0,0,0,0,0,3,1,-1,2,1,27,6,1499,2,3,PEUGEOT EXPERT,4,E01021101,0,4
2024440079159,2024,440079159,2,19,0,2,2,0,0,0,0,2,0,0,0,0,3,1,1,1,3,-1,-1,-1,3,3,PEUGEOT EXPERT,-1,-1,0,-1
202454B351024,2024,54B351024,1,19,0,18,19,3,7,0,0,3,0,0,0,0,1,1,6,6,1,55,8,1997,2,6,PEUGEOT EXPERT,-1,-1,0,-1
2024041420373,2024,041420373,1,19,0,-1,5,5,1,-1,0,8,0,0,0,0,1,1,-1,1,1,50,8,-1,3,2,PEUGEOT EXPERT,2,E01012742,0,1
2024041516426,2024,041516426,7,19,0,-1,4,3,7,-1,0,0,0,0,0,0,1,1,-1,1,1,25,5,1499,2,0,PEUGEOT EXPERT,6,E01010542,0,5
2024221474303,2024,221474303,3,19,0,-1,2,0,0,-1,0,0,0,0,0,0,1,1,-1,1,2,28,6,-1,3,2,PEUGEOT EXPERT,9,E01013987,0,1
2024010535480,2024,010535480,1,19,0,18,19,5,1,0,0,2,0,8,0,0,0,1,1,1,1,24,5,1560,2,8,PEUGEOT EXPERT,3,E01003015,0,2
2024991406080,2024,991406080,1,19,0,-1,19,8,4,-1,0,1,1,4,0,0,3,1,-1,1,2,40,7,1997,2,1,PEUGEOT EXPERT,9,-1,0,2
2024010542983,2024,010542983,1,19,0,7,7,7,1,0,0,1,0,0,0,0,4,1,1,1,1,42,7,1499,2,0,PEUGEOT EXPERT,6,E01001040,0,2
2024010505523,2024,010505523,3,19,0,18,19,5,1,0,0,0,0,0,0,0,1,1,2,2,1,36,7,1997,2,6,PEUGEOT EXPERT,6,E01004152,0,1
2024161435914,2024,161435914,2,19,0,-1,9,1,7,-1,0,1,0,0,0,0,3,1,-1,6,1,26,6,1560,2,5,PEUGEOT EXPERT,1,E01013222,0,4
2024010511948,2024,010511948,1,19,0,9,9,7,6,0,0,1,0,0,0,0,3,1,6,6,1,38,7,1499,2,4,PEUGEOT EXPERT,1,E01003291,0,1
2024302401094,2024,302401094,2,19,0,18,19,1,5,0,0,0,0,0,0,0,1,1,1,1,1,24,5,-1,3,3,PEUGEOT EXPERT,4,E01013459,0,1
2024101514965,2024,101514965,1,19,0,-1,14,6,2,-1,0,0,0,0,0,0,1,1,-1,9,1,26,6,1997,2,7,PEUGEOT EXPERT,5,E01012012,0,4
2024544949824,2024,544949824,2,19,0,17,19,8,4,0,0,8,2,0,0,0,4,1,1,1,1,43,7,1560,2,5,PEUGEOT EXPERT,8,E01032693,0,2
2024010504225,2024,010504225,1,19,0,9,9,3,8,8,6,2,0,0,0,0,2,1,1,1,1,48,8,1560,2,5,PEUGEOT EXPERT,2,E01001559,0,1
2024522401452,2024,522401452,2,9,0,5,5,9,9,0,0,8,0,0,0,0,1,1,6,6,3,-1,-1,1560,2,14,PEUGEOT EXPERT,-1,-1,0,-1
2024421497704,2024,421497704,2,9,0,-1,-1,-1,-1,-1,-1,0,-1,-1,-1,0,-1,9,-1,6,1,56,9,-1,-1,-1,PEUGEOT EXPERT,9,E01015894,0,1
2024010527009,2024,010527009,2,19,0,1,1,9,9,99,99,0,9,99,9,99,2,9,6,6,3,-1,-1,1997,2,4,PEUGEOT EXPERT,1,E01001790,0,3
2024421452898,2024,421452898,1,19,0,-1,9,7,5,-1,0,2,0,0,0,0,1,1,-1,1,1,37,7,1997,2,4,PEUGEOT EXPERT,8,E01021566,0,4
2024201464260,2024,201464260,2,19,0,-1,2,0,0,-1,9,0,0,0,0,0,3,1,-1,1,1,55,8,1560,2,5,PEUGEOT EXPERT,-1,-1,0,-1
2024041395684,2024,041395684,2,19,0,-1,19,5,1,-1,0,1,0,0,0,0,1,1,-1,1,1,43,7,1997,2,3,PEUGEOT EXPERT,8,E01025074,0,4
2024070627552,2024,070627552,1,19,0,4,4,2,6,0,0,0,0,0,0,0,1,1,6,6,2,26,6,1560,2,6,PEUGEOT EXPERT,2,E01012417,0,1
2024161438359,2024,161438359,2,19,0,-1,19,1,5,-1,0,0,0,0,0,0,1,9,-1,6,1,32,6,1499,2,1,PEUGEOT EXPERT,8,E01013037,0,2
2024631431360,2024,631431360,4,19,0,-1,19,8,4,-1,0,1,0,0,1,10,0,1,-1,6,1,41,7,1560,2,5,PEUGEOT EXPERT,2,E01029492,0,5
2024451430958,2024,451430958,2,19,0,-1,19,6,2,-1,0,0,0,0,0,0,1,1,-1,1,1,44,7,1500,2,2,PEUGEOT EXPERT,7,E01017578,0,4
2024332400891,2024,332400891,2,19,0,-1,19,8,4,-1,0,8,0,0,0,0,1,1,-1,2,1,28,6,1997,2,8,PEUGEOT EXPERT,3,E01026310,0,4
2024340WN4882,2024,340WN4882,3,19,0,-1,19,5,1,-1,0,0,0,0,0,0,2,1,-1,1,1,-1,-1,2000,2,4,PEUGEOT EXPERT,5,E01002129,0,4
2024471399063,2024,471399063,2,19,0,-1,3,1,6,-1,0,0,0,0,0,0,2,1,-1,9,1,60,9,-1,-1,-1,PEUGEOT EXPERT,4,E01031499,0,1
2024320541886,2024,320541886,1,19,0,-1,-1,2,6,0,0,4,0,0,0,0,1,1,6,6,1,48,8,1868,2,18,PEUGEOT EXPERT,4,E01013705,0,4
2024361415316,2024,361415316,1,19,0,-1,19,-1,-1,-1,0,0,0,0,0,0,3,9,-1,6,1,30,6,1499,2,1,PEUGEOT EXPERT,4,E01026057,0,4
2024461473497,2024,461473497,2,19,0,-1,19,5,1,-1,0,0,0,0,0,0,1,1,-1,1,1,37,7,1500,2,2,PEUGEOT EXPERT,3,E01001703,0,4
2024010539757,2024,010539757,2,19,0,-1,-1,3,7,0,0,1,0,4,0,0,4,1,6,6,1,26,6,1997,2,6,PEUGEOT EXPERT,2,E01001961,0,3
2024010505757,2024,010505757,2,19,0,99,99,9,9,99,99,9,9,99,9,99,2,9,6,6,3,-1,-1,2000,2,5,PEUGEOT EXPERT,-1,-1,0,-1
2024471448129,2024,471448129,2,9,0,-1,19,7,3,-1,0,3,0,0,0,0,4,1,-1,1,1,43,7,1997,2,12,PEUGEOT EXPERT,8,E01022639,0,4
2024421471066,2024,421471066,1,19,0,-1,19,4,7,-1,0,4,0,0,0,0,1,1,-1,6,1,-1,-1,1997,2,1,PEUGEOT EXPERT,-1,-1,0,-1
2024520403049,2024,520403049,1,19,0,18,19,5,1,0,0,0,0,0,0,0,1,1,6,6,2,58,9,1997,2,10,PEUGEOT EXPERT,10,E01014393,0,4
2024010532793,2024,010532793,1,19,0,99,99,9,9,99,99,9,9,99,9,99,9,9,6,6,1,27,6,1500,2,2,PEUGEOT EXPERT,10,E01024785,0,4
2024010519377,2024,010519377,2,19,0,99,99,9,9,99,99,9,9,99,9,99,3,9,6,6,3,-1,-1,1997,2,4,PEUGEOT EXPERT,3,E01002701,0,3
2024991450918,2024,991450918,1,19,0,-1,19,4,8,-1,0,1,1,0,4,1,4,1,-1,1,1,31,6,1997,2,1,PEUGEOT EXPERT,1,-1,0,1
2024201419730,2024,201419730,2,19,0,-1,2,0,0,-1,0,2,0,0,0,0,1,9,-1,1,1,-1,-1,-1,3,2,PEUGEOT EXPERT,-1,-1,0,-1
2024522500039,2024,522500039,2,19,0,18,19,6,2,0,0,0,0,0,0,0,1,1,6,6,1,59,9,1997,2,12,PEUGEOT EXPERT,2,E01029131,0,4
2024141421160,2024,141421160,3,19,0,-1,19,1,5,-1,0,0,0,0,0,0,1,1,-1,1,1,41,7,1560,2,10,PEUGEOT EXPERT,1,E01007332,0,1
2024031512654,2024,031512654,1,19,0,-1,2,0,0,-1,0,0,0,0,0,0,3,1,-1,1,1,47,8,1499,2,2,PEUGEOT EXPERT,1,E01004946,0,5
2024991511616,2024,991511616,1,19,0,-1,19,7,3,-1,0,6,0,0,0,0,1,1,-1,9,1,33,6,1560,2,5,PEUGEOT EXPERT,1,-1,0,1
2024552400889,2024,552400889,1,19,0,5,5,6,8,0,0,6,0,0,0,0,3,1,2,2,1,37,7,1560,2,5,PEUGEOT EXPERT,9,E01020544,0,2
2024010502205,2024,010502205,2,19,0,99,99,9,9,99,99,9,9,99,9,99,2,9,6,6,3,-1,-1,1560,2,8,PEUGEOT EXPERT,-1,-1,0,-1
2024070085203,2024,070085203,1,19,0,18,19,4,8,0,0,1,0,0,0,0,1,1,6,6,1,-1,-1,1560,2,16,PEUGEOT EXPERT,-1,-1,0,-1
2024311519131,2024,311519131,1,19,0,-1,7,3,7,-1,0,1,0,0,0,0,1,1,-1,6,1,35,6,1997,2,10,PEUGEOT EXPERT,-1,-1,0,-1
2024070975677,2024,070975677,2,19,0,-1,3,5,5,-1,0,1,0,0,0,0,2,1,-1,1,1,44,7,1997,2,2,PEUGEOT EXPERT,8,E01012499,0,2
2024010519819,2024,010519819,2,19,0,1,1,9,9,99,99,0,9,99,9,99,2,9,6,6,3,47,8,1997,2,8,PEUGEOT EXPERT,7,E01021856,0,4
2024451430638,2024,451430638,2,19,0,-1,19,5,1,-1,0,0,0,0,0,0,1,1,-1,1,1,40,7,1560,2,9,PEUGEOT EXPERT,7,E01030850,0,1
2024010528536,2024,010528536,1,19,0,18,19,5,1,0,0,8,0,0,0,0,1,2,6,6,1,29,6,-1,3,1,PEUGEOT EXPERT,4,E01003264,0,1
2024311472702,2024,311472702,1,9,0,-1,8,1,5,-1,0,5,0,0,0,0,3,1,-1,6,1,61,9,1560,2,16,PEUGEOT EXPERT,3,E01028210,0,1
2024401440685,2024,401440685,1,19,0,-1,19,8,4,-1,0,0,0,0,0,0,3,1,-1,6,1,38,7,1560,2,5,PEUGEOT EXPERT,10,E01017371,0,3
2024122400815,2024,122400815,1,19,0,16,19,5,1,0,0,0,1,0,0,0,1,1,1,1,1,59,9,1997,2,9,PEUGEOT EXPERT,4,E01012620,0,4
2024041518372,2024,041518372,1,19,0,-1,9,7,5,-1,0,6,0,0,0,0,4,1,-1,6,1,35,6,1868,2,20,PEUGEOT EXPERT,3,E01025429,0,2
2024010506692,2024,010506692,2,19,0,9,9,3,1,0,0,1,0,0,0,0,1,1,1,1,1,28,6,1500,2,2,PEUGEOT EXPERT,4,E01001376,0,1
2024070174214,2024,070174214,1,8,0,4,4,5,1,0,0,0,0,0,0,0,0,1,6,6,1,-1,-1,1997,2,14,PEUGEOT EXPERT,8,W01000256,0,3
2024052400546,2024,052400546,1,19,0,18,19,6,2,0,0,1,0,0,0,0,4,1,2,2,1,57,9,1997,2,17,PEUGEOT EXPERT,6,E01006949,0,1
2024221432916,2024,221432916,2,19,0,-1,2,0,0,-1,0,0,0,0,0,0,0,9,-1,1,2,37,7,1499,2,4,PEUGEOT EXPERT,4,E01029005,0,2
2024010508167,2024,010508167,3,19,0,2,2,0,0,0,0,0,0,0,0,0,2,1,6,6,3,-1,-1,1560,2,5,PEUGEOT EXPERT,-1,-1,0,-1
202460Q070357,2024,60Q070357,5,19,0,2,2,0,0,0,0,0,1,4,0,0,1,1,6,6,3,-1,-1,-1,-1,-1,PEUGEOT EXPERT,-1,-1,0,-1
2024340NN0892,2024,340NN0892,1,19,0,-1,19,2,6,-1,0,1,5,0,1,1,1,1,-1,1,1,49,8,1560,2,6,PEUGEOT EXPERT,6,E01026974,0,3
2024010536742,2024,010536742,1,19,0,17,19,1,7,0,0,3,0,0,0,0,3,1,1,1,1,40,7,1997,2,4,PEUGEOT EXPERT,7,E01018488,0,5
2024131447183,2024,131447183,1,19,0,-1,13,5,1,-1,0,8,0,0,0,0,1,1,-1,1,1,23,5,1997,2,1,PEUGEOT EXPERT,7,E01034268,0,2
2024461413801,2024,461413801,1,19,0,-1,19,5,1,-1,0,0,1,11,7,3,3,9,-1,6,1,34,6,1997,2,3,PEUGEOT EXPERT,9,E01024089,0,1
2024430071346,2024,430071346,2,19,0,18,19,8,4,0,0,0,0,0,0,0,1,1,6,6,1,61,9,1499,2,1,PEUGEOT EXPERT,7,E01010124,0,4
2024351519394,2024,351519394,1,19,0,-1,19,6,2,-1,0,8,0,0,0,0,0,1,-1,1,1,31,6,1997,2,0,PEUGEOT EXPERT,-1,-1,0,-1
2024061493706,2024,061493706,1,19,0,-1,19,7,3,-1,0,8,0,0,0,0,2,1,-1,1,1,33,6,1560,2,9,PEUGEOT EXPERT,1,E01033679,0,2
2024010501956,2024,010501956,1,19,0,1,1,7,3,0,0,0,0,0,0,0,2,1,1,1,1,58,9,1560,2,5,PEUGEOT EXPERT,9,E01000716,0,3
202417M101224,2024,17M101224,4,19,0,3,3,1,5,0,0,0,0,0,0,0,2,1,1,1,1,53,8,-1,3,3,PEUGEOT EXPERT,10,E01027623,0,3
2024991506012,2024,991506012,1,19,0,-1,9,5,8,-1,9,1,0,0,0,0,1,1,-1,1,1,31,6,1997,2,1,PEUGEOT EXPERT,4,-1,0,4
2024501521320,2024,501521320,1,19,0,-1,9,4,2,-1,0,0,0,0,0,0,3,1,-1,1,1,59,9,1560,2,5,PEUGEOT EXPERT,8,E01020240,0,1
2024010534654,2024,010534654,1,19,0,12,12,2,6,0,0,1,0,0,0,0,1,1,1,1,1,53,8,1560,2,6,PEUGEOT EXPERT,2,E01001911,0,1
2024211484053,2024,211484053,2,19,0,-1,19,3,7,-1,0,0,0,0,0,0,1,1,-1,6,1,36,7,1500,2,3,PEUGEOT EXPERT,8,E01029833,0,1
2024010524037,2024,010524037,1,19,0,9,9,5,3,0,0,5,0,0,0,0,3,1,1,1,1,24,5,1560,2,7,PEUGEOT EXPERT,-1,-1,0,-1
2024010531805,2024,010531805,1,19,0,99,99,9,9,99,99,9,9,99,9,99,0,9,1,1,1,25,5,-1,3,3,PEUGEOT EXPERT,3,E01003143,0,2
2024010530670,2024,010530670,1,19,9,99,99,9,9,99,99,2,9,99,0,0,9,1,6,6,3,-1,-1,1560,2,5,PEUGEOT EXPERT,-1,-1,0,-1
2024320007078,2024,320007078,2,19,0,4,4,4,8,0,0,0,1,0,0,0,2,1,1,1,2,28,6,1499,2,4,PEUGEOT EXPERT,5,E01026276,0,2
2024440510598,2024,440510598,3,19,0,2,2,0,0,0,0,0,0,0,0,0,1,1,6,6,3,-1,-1,1560,2,8,PEUGEOT EXPERT,-1,-1,0,-1
2024131432833,2024,131432833,1,19,0,-1,19,3,7,-1,0,0,0,0,0,0,0,1,-1,1,1,27,6,1997,2,1,PEUGEOT EXPERT,7,E01034268,0,1
2024201518829,2024,201518829,2,19,0,-1,4,2,6,-1,0,0,0,0,0,0,3,1,-1,6,1,33,6,1560,2,13,PEUGEOT EXPERT,1,E01009359,0,2
2024070522357,2024,070522357,4,19,0,4,4,2,6,0,0,0,0,0,0,0,2,1,2,2,1,43,7,1997,2,1,PEUGEOT EXPERT,3,E01006854,0,4
2024041426597,2024,041426597,1,19,0,-1,19,5,1,-1,0,8,0,0,0,0,1,1,-1,1,2,30,6,1997,2,3,PEUGEOT EXPERT,1,E01012686,0,1
2024302401066,2024,302401066,1,19,0,16,19,2,5,0,0,1,0,0,0,0,1,1,1,1,1,31,6,1560,2,6,PEUGEOT EXPERT,7,E01019617,0,3
2024122400544,2024,122400544,2,19,0,10,10,7,3,0,0,5,0,0,0,0,2,1,1,1,1,19,4,1499,2,3,PEUGEOT EXPERT,7,E01010726,0,2
2024471430646,2024,471430646,2,19,0,-1,7,7,1,-1,0,6,0,0,3,0,1,1,-1,9,1,33,6,1560,2,9,PEUGEOT EXPERT,3,E01003121,0,4
2024501523393,2024,501523393,1,19,0,-1,19,3,1,-1,0,2,0,0,0,0,3,1,-1,1,1,43,7,1499,2,1,PEUGEOT EXPERT,5,E01019901,0,1
2024201433624,2024,201433624,1,19,0,-1,2,0,0,-1,0,2,0,0,0,0,4,2,-1,1,1,56,9,1499,2,4,PEUGEOT EXPERT,-1,-1,0,-1
2024501520762,2024,501520762,2,19,0,-1,2,0,0,-1,0,0,0,0,0,0,2,1,-1,1,1,59,9,1997,2,4,PEUGEOT EXPERT,5,E01018948,0,1
2024010507580,2024,010507580,1,19,0,18,19,5,1,9,9,5,0,0,1,11,1,1,2,2,1,28,6,1997,2,0,PEUGEOT EXPERT,7,E01024316,0,4
202460Q070357,2024,60Q070357,6,19,0,2,2,0,0,0,0,0,0,4,0,0,1,1,6,6,3,-1,-1,1997,2,13,PEUGEOT EXPERT,-1,-1,0,-1
2024461495604,2024,461495604,1,19,0,-1,19,7,3,-1,0,0,0,0,0,0,1,9,-1,6,1,-1,-1,1500,2,2,PEUGEOT EXPERT,3,W01001885,0,5