collision_index,collision_year,collision_ref_no,vehicle_reference,vehicle_type,towing_and_articulation,vehicle_manoeuvre_historic,vehicle_manoeuvre,vehicle_direction_from,vehicle_direction_to,vehicle_location_restricted_lane_historic,vehicle_location_restricted_lane,junction_location,skidding_and_overturning,hit_object_in_carriageway,vehicle_leaving_carriageway,hit_object_off_carriageway,first_point_of_impact,vehicle_left_hand_drive,journey_purpose_of_driver_historic,journey_purpose_of_driver,sex_of_driver,age_of_driver,age_band_of_driver,engine_capacity_cc,propulsion_code,age_of_vehicle,generic_make_model,driver_imd_decile,lsoa_of_driver,escooter_flag,driver_distance_banding
2024231444001,2024,231444001,2,19,0,-1,2,0,0,-1,0,8,0,0,0,0,1,9,-1,6,1,58,9,1560,2,10,PEUGEOT EXPERT,5,E01031168,0,1
2024320538555,2024,320538555,1,19,0,9,9,7,4,0,0,8,0,0,0,0,1,1,-1,-1,1,75,10,1499,2,1,PEUGEOT EXPERT,7,E01013247,0,4
2024010551252,2024,010551252,1,19,0,3,3,5,1,0,0,0,0,0,0,0,1,1,1,1,1,21,5,-1,3,2,PEUGEOT EXPERT,2,E01001057,0,3
2024010539101,2024,010539101,1,19,0,18,19,1,5,0,0,1,0,0,8,10,1,1,1,1,1,47,8,1560,2,7,PEUGEOT EXPERT,5,E01003307,0,2
2024371404376,2024,371404376,1,19,0,-1,5,5,1,-1,9,0,0,0,0,0,-1,1,-1,1,1,62,9,-1,3,2,PEUGEOT EXPERT,7,E01030069,0,3
2024131452166,2024,131452166,2,19,0,-1,19,1,5,-1,0,1,0,0,0,0,0,1,-1,1,1,62,9,1560,2,7,PEUGEOT EXPERT,6,E01010684,0,1
2024430080104,2024,430080104,1,19,0,18,19,5,1,9,9,5,0,0,0,0,2,1,1,1,1,45,7,1560,2,7,PEUGEOT EXPERT,-1,-1,0,-1
2024471400313,2024,471400313,2,19,0,-1,6,5,1,-1,0,1,0,0,1,0,3,1,-1,1,1,55,8,1499,2,3,PEUGEOT EXPERT,3,E01031657,0,2
2024010541777,2024,010541777,1,19,0,1,1,5,1,9,9,0,0,0,0,0,2,1,6,6,3,-1,-1,1499,2,1,PEUGEOT EXPERT,-1,-1,0,-1
2024440454026,2024,440454026,2,19,0,4,4,2,6,0,0,0,0,0,0,0,2,1,1,1,1,44,7,1499,2,1,PEUGEOT EXPERT,3,E01015442,0,4
2024401496719,2024,401496719,1,8,0,-1,3,5,1,-1,2,1,0,0,0,0,3,1,-1,1,1,72,10,1997,2,14,PEUGEOT EXPERT,4,E01015711,0,4
2024211407337,2024,211407337,1,19,0,-1,6,6,6,-1,0,1,0,0,0,0,3,1,-1,1,1,36,7,-1,3,2,PEUGEOT EXPERT,5,E01029367,0,1
2024010514495,2024,010514495,2,19,0,18,19,3,7,0,0,8,0,0,0,0,3,1,2,2,1,54,8,-1,3,3,PEUGEOT EXPERT,-1,-1,0,-1
2024991434681,2024,991434681,1,19,0,-1,19,1,5,-1,0,0,0,0,0,0,1,1,-1,1,1,24,5,1560,2,8,PEUGEOT EXPERT,1,-1,0,2
2024461473712,2024,461473712,1,19,0,-1,19,1,5,-1,0,0,0,0,0,0,3,9,-1,6,1,42,7,1997,2,6,PEUGEOT EXPERT,2,E01024741,0,1
2024122400586,2024,122400586,2,19,0,7,7,5,7,0,0,1,0,0,0,0,2,1,1,1,1,59,9,1560,2,12,PEUGEOT EXPERT,10,E01027614,0,3
2024052400614,2024,052400614,1,19,0,1,1,3,7,0,0,2,0,0,0,0,2,1,3,7,1,50,8,1997,2,10,PEUGEOT EXPERT,1,E01006705,0,1
202460Q140213,2024,60Q140213,1,19,0,4,4,3,6,0,0,0,0,0,0,0,1,1,1,1,1,36,7,1997,2,2,PEUGEOT EXPERT,-1,-1,0,-1
2024991399415,2024,991399415,1,19,0,-1,4,7,3,-1,0,2,0,0,0,0,3,1,-1,1,1,41,7,1997,2,1,PEUGEOT EXPERT,5,-1,0,1
2024440017219,2024,440017219,1,19,0,4,4,2,6,0,0,0,0,0,0,0,1,1,6,6,1,18,4,1499,2,3,PEUGEOT EXPERT,10,E01032616,0,3
2024440019238,2024,440019238,2,19,0,18,19,8,4,0,0,1,0,0,0,0,1,1,6,6,1,-1,-1,1560,2,8,PEUGEOT EXPERT,-1,-1,0,-1
2024201413577,2024,201413577,2,19,0,-1,9,7,6,-1,0,6,0,0,0,0,3,9,-1,6,1,42,7,1560,2,6,PEUGEOT EXPERT,5,E01010023,0,1
2024061444713,2024,061444713,2,19,0,-1,13,-1,-1,-1,0,8,0,11,7,11,4,1,-1,6,3,-1,-1,1997,2,1,PEUGEOT EXPERT,-1,-1,0,-1
2024361493442,2024,361493442,1,19,0,-1,19,1,5,-1,0,1,0,0,0,0,1,9,-1,6,1,36,7,1499,2,2,PEUGEOT EXPERT,2,E01026689,0,1
2024411471129,2024,411471129,2,19,0,-1,9,8,5,-1,0,1,1,0,0,0,3,1,-1,1,2,33,6,-1,3,2,PEUGEOT EXPERT,5,E01023786,0,1
2024010533434,2024,010533434,2,19,0,7,7,1,4,0,0,1,0,0,0,0,4,1,1,1,1,43,7,1560,2,5,PEUGEOT EXPERT,5,E01015951,0,4
2024501407372,2024,501407372,3,19,0,-1,4,3,6,-1,0,0,0,0,0,0,2,1,-1,1,1,41,7,1997,2,10,PEUGEOT EXPERT,3,E01018990,0,1
2024141499048,2024,141499048,1,19,0,-1,19,3,7,-1,0,0,0,0,1,0,1,1,-1,1,1,34,6,-1,3,0,PEUGEOT EXPERT,1,E01011428,0,4
2024451525164,2024,451525164,1,19,0,-1,19,1,5,-1,0,1,0,0,0,0,3,1,-1,2,1,51,8,1499,2,2,PEUGEOT EXPERT,10,E01030753,0,1
2024320608371,2024,320608371,1,19,0,1,1,1,5,0,0,5,0,0,0,0,4,1,1,1,1,32,6,1997,2,12,PEUGEOT EXPERT,10,E01026233,0,1
2024010539653,2024,010539653,2,19,0,9,9,5,4,0,0,0,0,0,0,0,1,1,1,1,1,33,6,1499,2,0,PEUGEOT EXPERT,3,E01003229,0,2
2024010535372,2024,010535372,1,19,0,18,19,6,2,0,0,2,0,0,0,0,1,1,1,1,1,61,9,-1,3,3,PEUGEOT EXPERT,2,E01001633,0,3
2024351540705,2024,351540705,2,8,0,-1,19,2,6,-1,0,2,0,0,0,0,1,1,-1,6,1,64,9,1997,2,20,PEUGEOT EXPERT,8,E01015689,0,1
2024461448670,2024,461448670,2,19,0,-1,19,1,5,-1,0,0,0,0,0,0,3,1,-1,9,1,38,7,1499,2,2,PEUGEOT EXPERT,6,E01024180,0,1
2024501445252,2024,501445252,1,20,0,-1,9,4,2,-1,0,6,0,0,0,0,0,1,-1,9,1,55,8,-1,-1,-1,PEUGEOT EXPERT,5,E01020278,0,1
2024211394647,2024,211394647,1,19,-1,-1,9,4,2,-1,-1,-1,-1,-1,-1,0,-1,9,-1,1,1,-1,-1,-1,3,2,PEUGEOT EXPERT,-1,-1,0,-1
2024451408773,2024,451408773,1,19,0,-1,19,5,1,-1,0,1,0,0,0,0,1,1,-1,1,1,53,8,1997,2,7,PEUGEOT EXPERT,3,E01030432,0,1
2024010542213,2024,010542213,2,19,0,5,5,5,1,0,0,8,0,0,0,0,1,1,1,1,1,42,7,1499,2,0,PEUGEOT EXPERT,6,E01034818,0,4
2024061444103,2024,061444103,1,19,0,-1,20,3,7,-1,0,0,0,0,0,0,4,1,-1,1,1,61,9,1499,2,4,PEUGEOT EXPERT,-1,-1,0,-1
2024401432266,2024,401432266,2,9,0,-1,2,0,0,-1,0,0,0,0,0,0,2,1,-1,1,1,37,7,-1,-1,-1,PEUGEOT EXPERT,5,E01015782,0,1
2024440520903,2024,440520903,1,19,0,3,3,5,1,0,0,0,0,0,7,0,0,1,1,1,1,59,9,1997,2,9,PEUGEOT EXPERT,10,E01022691,0,3
2024440419664,2024,440419664,1,19,0,18,19,7,3,0,0,0,0,0,0,0,1,1,2,2,1,24,5,1500,2,3,PEUGEOT EXPERT,4,E01029281,0,5
2024221423414,2024,221423414,1,19,0,-1,1,4,8,-1,0,0,0,0,0,0,2,9,-1,1,1,52,8,1560,2,8,PEUGEOT EXPERT,2,E01028962,0,1
2024332400637,2024,332400637,2,19,0,-1,3,4,8,-1,0,1,0,0,0,0,2,1,-1,1,1,24,5,1997,2,7,PEUGEOT EXPERT,10,E01028381,0,4
2024311419071,2024,311419071,2,19,0,-1,5,7,5,-1,0,8,0,0,0,0,4,1,-1,1,1,21,5,1997,2,4,PEUGEOT EXPERT,2,E01013872,0,3
2024201464260,2024,201464260,1,19,0,-1,19,2,6,-1,9,0,0,4,1,0,4,1,-1,1,1,35,6,1997,2,1,PEUGEOT EXPERT,-1,-1,0,-1
2024471405919,2024,471405919,2,19,0,-1,7,6,8,-1,0,5,0,99,0,0,4,1,-1,6,1,60,9,1997,2,12,PEUGEOT EXPERT,5,E01016898,0,1
202417S214524,2024,17S214524,2,19,0,-1,4,5,1,-1,0,0,0,0,0,0,2,1,-1,1,1,28,6,1500,2,2,PEUGEOT EXPERT,2,E01008780,0,4
2024531530237,2024,531530237,1,9,0,-1,9,2,8,-1,0,6,0,0,0,0,3,1,-1,1,1,51,8,-1,-1,-1,PEUGEOT EXPERT,8,E01034781,0,2
2024311458548,2024,311458548,1,19,0,-1,19,3,7,-1,0,0,0,0,0,0,1,1,-1,9,1,63,9,1997,2,11,PEUGEOT EXPERT,3,E01028254,0,3
202460Q025289,2024,60Q025289,3,19,0,2,2,0,0,0,0,2,0,0,0,0,0,1,6,6,1,26,6,1560,2,7,PEUGEOT EXPERT,-1,-1,0,-1
2024031468983,2024,031468983,2,19,0,-1,3,1,5,-1,0,1,0,0,0,0,2,1,-1,6,1,38,7,1499,2,2,PEUGEOT EXPERT,-1,-1,0,-1
2024411443572,2024,411443572,2,20,0,-1,4,8,4,-1,0,1,0,0,0,0,2,1,-1,1,1,27,6,-1,-1,-1,PEUGEOT EXPERT,7,E01021856,0,3
2024471517427,2024,471517427,2,19,0,-1,19,1,5,-1,0,0,0,0,0,0,3,1,-1,1,1,45,7,1997,2,6,PEUGEOT EXPERT,2,E01020911,0,1
2024201491430,2024,201491430,1,19,0,-1,9,2,6,-1,0,8,0,0,0,0,1,1,-1,6,1,62,9,1560,2,13,PEUGEOT EXPERT,2,E01008897,0,2
2024440443504,2024,440443504,2,19,0,18,19,0,0,0,0,0,0,0,0,0,1,1,6,6,3,-1,-1,2000,2,2,PEUGEOT EXPERT,-1,-1,0,-1
2024501523702,2024,501523702,1,19,0,-1,9,7,5,-1,0,1,0,0,0,0,1,1,-1,6,1,25,5,1997,2,1,PEUGEOT EXPERT,3,E01020285,0,1
2024052401896,2024,052401896,1,19,0,18,19,3,7,0,0,0,0,0,0,0,1,1,1,1,2,60,9,1499,2,2,PEUGEOT EXPERT,3,E01006459,0,1
2024010527409,2024,010527409,1,19,0,7,7,6,8,0,0,7,0,0,0,0,4,1,1,1,1,51,8,1499,2,4,PEUGEOT EXPERT,3,E01003582,0,2
2024311481906,2024,311481906,2,19,0,-1,19,1,5,-1,0,0,0,0,0,0,1,1,-1,1,1,-1,-1,1560,2,5,PEUGEOT EXPERT,4,E01025288,0,5
2024010526557,2024,010526557,1,19,0,17,19,5,3,9,9,2,0,0,2,7,4,1,6,6,1,37,7,-1,3,2,PEUGEOT EXPERT,6,E01003411,0,1
2024411477380,2024,411477380,1,19,0,-1,5,3,6,-1,9,4,5,11,1,10,1,1,-1,6,1,46,8,1997,2,0,PEUGEOT EXPERT,2,E01000730,0,4
2024501436226,2024,501436226,2,19,0,-1,4,4,8,-1,0,0,1,0,0,0,1,1,-1,1,2,44,7,1560,2,10,PEUGEOT EXPERT,4,E01015179,0,1
2024061407921,2024,061407921,2,19,-1,-1,19,3,7,-1,0,8,0,0,0,0,3,9,-1,6,1,51,8,1997,2,5,PEUGEOT EXPERT,10,E01024977,0,3
2024201449841,2024,201449841,1,19,0,-1,2,0,0,-1,0,0,0,0,0,0,4,1,-1,1,1,21,5,1560,2,10,PEUGEOT EXPERT,-1,-1,0,-1
2024361417678,2024,361417678,4,19,0,-1,19,7,3,-1,0,0,0,0,0,0,2,1,-1,1,1,27,6,1997,2,5,PEUGEOT EXPERT,7,E01026588,0,3
2024052401486,2024,052401486,1,19,0,18,19,6,2,0,0,8,0,0,0,0,1,1,6,6,3,-1,-1,1499,2,1,PEUGEOT EXPERT,-1,-1,0,-1
2024520403291,2024,520403291,1,19,0,3,3,2,6,0,0,0,0,0,0,0,2,1,6,6,1,28,6,2000,2,2,PEUGEOT EXPERT,8,E01020266,0,4
2024371466527,2024,371466527,1,19,0,-1,9,5,3,-1,0,5,0,0,7,11,1,1,-1,6,1,-1,-1,1560,2,8,PEUGEOT EXPERT,-1,-1,0,-1
2024221449240,2024,221449240,2,19,0,-1,5,4,2,-1,0,4,0,0,0,0,2,9,-1,1,1,52,8,1997,2,7,PEUGEOT EXPERT,5,E01032128,0,1
202460Q169342,2024,60Q169342,1,19,0,18,19,7,3,0,0,2,0,0,0,0,1,1,1,1,1,34,6,1997,2,3,PEUGEOT EXPERT,-1,-1,0,-1
2024211485367,2024,211485367,1,19,0,-1,7,5,7,-1,0,0,0,0,0,0,4,1,-1,1,1,31,6,1560,2,10,PEUGEOT EXPERT,4,E01029578,0,1
2024010523427,2024,010523427,2,19,0,99,99,9,9,99,99,9,9,99,9,99,1,9,6,6,3,-1,-1,1560,2,5,PEUGEOT EXPERT,-1,-1,0,-1
2024010512057,2024,010512057,2,19,0,6,6,7,7,0,0,3,0,0,0,0,1,1,2,2,1,24,5,1499,2,2,PEUGEOT EXPERT,5,E01030725,0,2
2024481503765,2024,481503765,2,19,0,-1,19,5,1,-1,0,1,0,0,0,0,1,1,-1,1,1,45,7,-1,3,2,PEUGEOT EXPERT,-1,-1,0,-1
2024010510601,2024,010510601,2,19,9,1,1,9,9,99,99,0,9,99,9,99,9,9,6,6,3,-1,-1,1997,2,7,PEUGEOT EXPERT,4,E01002641,0,1
2024211521198,2024,211521198,1,19,0,-1,4,2,6,-1,0,1,0,0,0,0,1,1,-1,1,1,43,7,1997,2,5,PEUGEOT EXPERT,-1,-1,0,-1
2024010524273,2024,010524273,2,19,0,99,99,9,9,99,99,9,9,99,9,99,9,9,6,6,3,-1,-1,1499,2,4,PEUGEOT EXPERT,2,E01004665,0,1
2024351513870,2024,351513870,1,8,0,-1,2,0,0,-1,0,0,0,0,0,0,1,1,-1,1,1,39,7,1997,2,16,PEUGEOT EXPERT,2,E01018143,0,1
2024631510973,2024,631510973,1,19,0,-1,13,6,2,-1,0,0,0,0,0,0,0,1,-1,6,3,41,7,1499,2,3,PEUGEOT EXPERT,4,W01000591,0,2
2024461483067,2024,461483067,3,19,0,-1,4,1,5,-1,0,0,0,0,0,0,2,1,-1,1,1,36,7,2000,2,2,PEUGEOT EXPERT,6,E01024435,0,3
2024320709204,2024,320709204,2,19,0,-1,-1,4,8,0,0,0,5,0,1,10,1,1,1,1,1,41,7,1499,2,0,PEUGEOT EXPERT,4,E01012964,0,4
2024440452064,2024,440452064,2,19,0,14,14,3,7,0,0,1,0,0,0,0,1,1,1,1,1,26,6,1500,2,2,PEUGEOT EXPERT,9,E01022611,0,3
2024010531001,2024,010531001,2,19,0,99,99,9,9,99,99,9,9,99,9,99,1,9,6,6,3,-1,-1,1997,2,4,PEUGEOT EXPERT,-1,-1,0,-1
2024421406007,2024,421406007,1,8,0,-1,19,5,3,-1,0,2,0,0,0,0,1,1,-1,1,1,68,10,1997,2,15,PEUGEOT EXPERT,5,E01015870,0,1
2024061398536,2024,061398536,1,19,0,-1,19,6,8,-1,0,2,0,0,0,0,1,1,-1,1,1,30,6,1499,2,3,PEUGEOT EXPERT,3,E01005437,0,3
2024522402362,2024,522402362,1,19,0,1,1,1,5,0,0,0,0,0,0,0,2,1,6,6,1,33,6,1500,2,2,PEUGEOT EXPERT,2,E01033359,0,1
202417S115124,2024,17S115124,1,19,0,-1,19,8,4,-1,0,8,0,0,0,0,1,1,-1,1,1,-1,-1,1997,2,7,PEUGEOT EXPERT,-1,-1,0,-1
2024041516426,2024,041516426,2,19,0,-1,4,3,7,-1,0,0,0,0,0,0,1,1,-1,6,1,33,6,1997,2,2,PEUGEOT EXPERT,1,E01025389,0,4
2024211457754,2024,211457754,3,19,0,-1,4,5,1,-1,0,0,0,0,0,0,1,1,-1,1,1,61,9,1560,2,6,PEUGEOT EXPERT,-1,-1,0,-1
2024320199311,2024,320199311,1,19,0,4,4,4,8,0,0,8,0,0,0,0,1,1,1,1,1,35,6,1499,2,1,PEUGEOT EXPERT,5,E01033414,0,3
2024471452725,2024,471452725,3,19,0,-1,19,8,4,-1,0,1,0,0,0,0,1,1,-1,1,1,24,5,1560,2,13,PEUGEOT EXPERT,4,E01031499,0,1
2024010506346,2024,010506346,1,3,0,3,3,9,9,99,99,9,9,99,9,99,2,1,6,6,1,34,6,124,1,0,PIAGGIO LIBERTY,5,E01000543,0,1
2024430133172,2024,430133172,1,3,0,18,19,4,8,0,0,6,0,0,0,0,1,1,6,6,1,38,7,124,1,2,PIAGGIO LIBERTY,3,E01016499,0,1
2024010510990,2024,010510990,2,3,0,18,19,3,7,0,0,4,0,0,0,0,1,1,6,6,1,18,4,124,1,4,PIAGGIO LIBERTY,7,E01001131,0,1
2024010516054,2024,010516054,2,3,0,3,3,7,3,0,0,1,0,0,0,0,1,1,6,6,1,23,5,124,1,6,PIAGGIO LIBERTY,3,E01000089,0,1
2024010518572,2024,010518572,1,3,0,18,19,7,3,0,0,4,0,0,0,0,1,1,6,6,1,26,6,124,1,3,PIAGGIO LIBERTY,8,E01002452,0,3
2024340WN1002,2024,340WN1002,1,2,0,-1,14,6,2,-1,0,2,1,0,0,0,1,1,-1,2,1,20,4,124,1,3,PIAGGIO LIBERTY,7,E01027221,0,1
2024010517075,2024,010517075,1,3,0,99,99,9,9,99,99,9,9,8,9,99,9,1,1,1,1,31,6,124,1,1,PIAGGIO LIBERTY,6,E01003705,0,1
2024010537177,2024,010537177,1,3,0,14,14,3,7,0,0,1,0,0,0,0,2,1,2,2,2,47,8,124,1,3,PIAGGIO LIBERTY,3,E01002068,0,1
2024461421868,2024,461421868,2,3,0,-1,5,-1,-1,-1,0,1,0,0,0,0,1,1,-1,1,1,23,5,124,1,6,PIAGGIO LIBERTY,4,E01000780,0,3
2024010513389,2024,010513389,1,3,0,99,99,9,9,99,99,9,9,99,9,99,9,1,2,2,1,39,7,124,1,4,PIAGGIO LIBERTY,2,E01000509,0,2
2024531445820,2024,531445820,2,3,0,-1,4,1,5,-1,0,4,1,0,0,0,0,1,-1,1,1,46,8,124,1,2,PIAGGIO LIBERTY,1,E01022323,0,1
2024141460599,2024,141460599,2,3,0,-1,19,7,3,-1,0,2,0,0,0,0,1,1,-1,1,1,62,9,124,1,3,PIAGGIO LIBERTY,2,E01007694,0,3
2024070837655,2024,070837655,2,3,0,-1,19,7,3,-1,0,8,0,0,0,0,4,1,-1,6,1,38,7,124,1,0,PIAGGIO LIBERTY,-1,-1,0,-1
2024010525837,2024,010525837,1,3,0,18,19,3,7,0,0,1,0,0,0,0,4,1,6,6,1,29,6,124,1,1,PIAGGIO LIBERTY,4,E01002645,0,1
2024451513676,2024,451513676,1,3,0,-1,19,1,5,-1,0,8,5,0,0,0,1,1,-1,9,1,29,6,124,1,6,PIAGGIO LIBERTY,8,E01002941,0,2
2024010535611,2024,010535611,1,3,0,16,19,3,5,0,0,5,0,7,0,0,1,1,6,6,1,26,6,124,1,2,PIAGGIO LIBERTY,4,E01003405,0,2
2024471465563,2024,471465563,2,5,0,-1,19,4,8,-1,0,8,0,0,0,0,1,1,-1,6,1,39,7,-1,-1,-1,PIAGGIO LIBERTY,6,E01016871,0,1
2024332400361,2024,332400361,2,4,0,-1,19,4,8,-1,0,2,0,0,0,0,1,1,-1,6,1,-1,-1,124,1,3,PIAGGIO LIBERTY,-1,-1,0,-1
2024061534222,2024,061534222,2,3,0,-1,19,4,8,-1,0,8,2,0,0,0,1,1,-1,6,1,62,9,124,1,2,PIAGGIO LIBERTY,5,E01004882,0,2
2024471429016,2024,471429016,1,3,0,-1,19,3,7,-1,0,0,0,0,0,0,1,1,-1,1,1,19,4,124,1,1,PIAGGIO LIBERTY,4,E01021002,0,2
2024010510290,2024,010510290,1,3,4,99,99,9,9,99,99,9,9,99,9,99,1,1,6,6,1,29,6,124,1,5,PIAGGIO LIBERTY,5,E01003743,0,1
2024201479410,2024,201479410,1,3,0,-1,14,1,5,-1,0,8,0,0,0,0,1,1,-1,6,1,55,8,124,1,3,PIAGGIO LIBERTY,1,E01010485,0,4
2024461518208,2024,461518208,1,3,0,-1,19,7,3,-1,0,0,0,0,0,0,1,1,-1,6,3,-1,-1,124,1,4,PIAGGIO LIBERTY,-1,-1,0,-1
2024010497708,2024,010497708,1,3,0,16,19,6,1,0,0,2,0,0,0,0,2,1,6,6,2,39,7,124,1,4,PIAGGIO LIBERTY,4,E01018968,0,5
2024440260142,2024,440260142,1,3,0,17,19,7,4,0,0,1,1,0,7,10,3,1,2,2,1,27,6,124,1,0,PIAGGIO LIBERTY,8,E01022722,0,1
2024010516130,2024,010516130,1,3,9,99,99,9,9,99,99,9,9,99,9,99,2,1,1,1,1,48,8,124,1,3,PIAGGIO LIBERTY,8,E01003417,0,1
2024451502691,2024,451502691,1,3,0,-1,19,2,6,-1,99,8,0,0,0,0,1,1,-1,2,1,24,5,124,1,3,PIAGGIO LIBERTY,8,E01002945,0,1
2024010522859,2024,010522859,1,3,0,4,4,1,5,0,0,0,0,0,1,0,1,1,1,1,1,39,7,124,1,2,PIAGGIO LIBERTY,3,E01002608,0,2
2024451487342,2024,451487342,1,3,0,-1,19,7,3,-1,0,0,2,0,0,0,3,1,-1,9,1,24,5,124,1,18,PIAGGIO LIBERTY,7,E01030630,0,1
2024010548107,2024,010548107,1,3,0,-1,-1,8,4,0,0,1,0,0,0,0,1,1,6,6,1,58,9,124,1,13,PIAGGIO LIBERTY,3,E01000853,0,1
2024010518388,2024,010518388,1,3,0,18,19,1,5,0,0,2,0,0,0,0,3,1,1,1,2,32,6,124,1,4,PIAGGIO LIBERTY,3,E01001215,0,1
2024010522299,2024,010522299,1,3,0,18,19,3,7,2,2,1,0,0,2,1,3,1,6,6,1,22,5,124,1,6,PIAGGIO LIBERTY,6,E01004715,0,2
2024131498829,2024,131498829,1,3,0,-1,19,3,7,-1,0,8,5,0,0,0,1,1,-1,6,1,18,4,124,1,5,PIAGGIO LIBERTY,4,E01005558,0,3
202454C875124,2024,54C875124,2,3,0,18,19,5,1,0,0,1,0,0,0,0,1,1,1,1,1,27,6,124,1,4,PIAGGIO LIBERTY,10,E01015499,0,2
2024010501259,2024,010501259,2,3,0,3,3,5,1,0,0,5,0,0,0,0,1,1,2,2,1,29,6,124,1,3,PIAGGIO LIBERTY,2,E01001334,0,1
2024010514501,2024,010514501,1,3,0,18,19,5,1,6,6,0,0,0,0,0,1,1,2,2,1,40,7,124,1,3,PIAGGIO LIBERTY,4,E01002757,0,1
2024010500301,2024,010500301,2,3,0,18,19,3,7,0,0,8,0,0,0,0,1,1,1,1,1,29,6,124,1,7,PIAGGIO LIBERTY,4,E01000474,0,2
2024010500805,2024,010500805,1,3,0,99,99,9,9,99,99,9,9,99,9,99,0,1,1,1,1,33,6,124,1,1,PIAGGIO LIBERTY,2,E01003497,0,4
2024302400579,2024,302400579,2,3,0,4,4,8,4,0,0,0,1,0,0,0,1,1,6,6,2,45,7,124,1,1,PIAGGIO LIBERTY,1,E01019650,0,4
2024131422516,2024,131422516,1,2,0,-1,-1,-1,-1,-1,-1,-1,-1,-1,-1,0,-1,1,-1,6,3,-1,-1,49,1,19,PIAGGIO LIBERTY,-1,-1,0,-1
2024052401168,2024,052401168,1,2,0,9,9,1,3,0,0,8,0,0,0,0,2,1,1,1,1,42,7,124,1,4,PIAGGIO LIBERTY,1,E01006673,0,1
2024471427316,2024,471427316,1,3,0,-1,9,8,6,-1,0,1,0,0,0,0,4,1,-1,6,2,31,6,124,1,4,PIAGGIO LIBERTY,6,E01016876,0,2
2024311512155,2024,311512155,1,3,0,-1,19,1,5,-1,0,0,0,0,0,0,1,1,-1,9,1,21,5,124,1,0,PIAGGIO LIBERTY,-1,-1,0,-1
2024302401432,2024,302401432,1,3,0,18,19,4,8,0,0,0,0,0,0,0,1,1,6,6,1,17,4,124,1,6,PIAGGIO LIBERTY,2,E01013588,0,1
2024010523047,2024,010523047,1,3,0,7,7,5,7,0,0,1,0,0,0,0,1,1,6,6,1,43,7,124,1,2,PIAGGIO LIBERTY,3,E01004696,0,2
2024010521640,2024,010521640,2,3,0,9,9,5,2,0,0,1,0,0,0,0,0,1,1,1,1,36,7,124,1,4,PIAGGIO LIBERTY,4,E01004302,0,2
2024351486799,2024,351486799,1,3,0,-1,4,5,1,-1,0,0,0,10,0,0,0,1,-1,6,1,33,6,124,1,0,PIAGGIO LIBERTY,10,E01018263,0,1
2024010518444,2024,010518444,3,3,0,4,4,1,5,0,0,0,0,0,0,0,2,1,6,6,1,24,5,124,1,5,PIAGGIO LIBERTY,4,E01000958,0,2
2024010521168,2024,010521168,1,3,0,99,99,9,9,99,99,9,9,99,9,99,1,1,1,1,3,28,6,124,1,0,PIAGGIO LIBERTY,5,E01002169,0,1
2024010527457,2024,010527457,2,3,0,18,19,3,7,0,0,1,0,0,0,0,1,1,6,6,1,21,5,124,1,4,PIAGGIO LIBERTY,-1,-1,0,-1
2024010514811,2024,010514811,1,3,0,18,19,1,5,0,0,1,5,0,0,0,3,1,2,2,1,37,7,124,1,2,PIAGGIO LIBERTY,8,E01001273,0,3
2024061530421,2024,061530421,2,2,0,-1,7,3,1,-1,0,2,0,0,0,0,2,1,-1,6,1,50,8,124,1,2,PIAGGIO LIBERTY,-1,-1,0,-1
2024010490154,2024,010490154,1,3,0,18,19,6,2,0,0,1,1,0,0,0,1,1,1,1,1,21,5,124,1,2,PIAGGIO LIBERTY,5,E01002584,0,1
2024201413532,2024,201413532,2,3,0,-1,9,6,3,-1,0,6,0,0,0,0,1,1,-1,2,1,22,5,124,1,1,PIAGGIO LIBERTY,5,E01009749,0,1
2024010511848,2024,010511848,2,3,0,18,19,1,5,0,0,0,0,0,0,0,1,1,1,1,1,26,6,124,1,2,PIAGGIO LIBERTY,6,E01002636,0,2
2024010518070,2024,010518070,1,3,0,18,19,7,3,0,0,0,5,0,0,0,4,1,6,6,1,36,7,124,1,3,PIAGGIO LIBERTY,9,E01002318,0,2
2024010497396,2024,010497396,1,2,0,18,19,5,1,0,0,8,1,0,0,0,0,1,6,6,2,44,7,49,1,0,PIAGGIO LIBERTY,6,E01004163,0,1
2024010505194,2024,010505194,1,3,0,99,99,9,9,99,99,9,9,99,9,99,9,1,6,6,3,29,6,124,1,0,PIAGGIO LIBERTY,8,E01021055,0,4
2024010509269,2024,010509269,1,4,0,18,19,3,7,0,0,8,0,0,0,0,1,1,6,6,1,29,6,124,1,5,PIAGGIO LIBERTY,8,E01001046,0,1
2024010506775,2024,010506775,1,3,0,5,5,1,5,0,0,8,0,0,0,0,2,1,1,1,1,32,6,124,1,0,PIAGGIO LIBERTY,3,E01033934,0,1
2024010522057,2024,010522057,2,3,0,9,9,5,2,0,0,5,0,0,0,0,1,1,6,6,1,35,6,124,1,7,PIAGGIO LIBERTY,2,E01001202,0,1
2024531449384,2024,531449384,1,3,0,-1,19,5,1,-1,0,0,0,0,0,0,1,1,-1,6,2,34,6,124,1,2,PIAGGIO LIBERTY,6,E01022442,0,1
2024070961383,2024,070961383,1,3,0,-1,19,1,5,-1,0,8,1,0,0,0,0,1,-1,9,1,45,7,124,1,3,PIAGGIO LIBERTY,5,E01018648,0,1