collision_index,collision_year,collision_ref_no,vehicle_reference,vehicle_type,towing_and_articulation,vehicle_manoeuvre_historic,vehicle_manoeuvre,vehicle_direction_from,vehicle_direction_to,vehicle_location_restricted_lane_historic,vehicle_location_restricted_lane,junction_location,skidding_and_overturning,hit_object_in_carriageway,vehicle_leaving_carriageway,hit_object_off_carriageway,first_point_of_impact,vehicle_left_hand_drive,journey_purpose_of_driver_historic,journey_purpose_of_driver,sex_of_driver,age_of_driver,age_band_of_driver,engine_capacity_cc,propulsion_code,age_of_vehicle,generic_make_model,driver_imd_decile,lsoa_of_driver,escooter_flag,driver_distance_banding
2024010501024,2024,010501024,1,3,0,14,14,5,1,0,0,0,0,0,0,0,4,1,6,6,1,31,6,124,1,7,PIAGGIO LIBERTY,4,E01001278,0,2
2024010513722,2024,010513722,2,3,0,18,19,7,3,2,2,1,5,0,0,0,3,1,6,6,1,28,6,124,1,3,PIAGGIO LIBERTY,5,E01004743,0,1
2024351427600,2024,351427600,2,2,0,-1,19,1,5,-1,0,8,0,0,0,0,1,1,-1,6,1,28,6,49,1,24,PIAGGIO LIBERTY,7,E01018065,0,1
2024522500258,2024,522500258,1,3,0,15,15,7,3,2,2,8,0,0,0,0,0,1,6,6,1,30,6,124,1,1,PIAGGIO LIBERTY,10,E01015001,0,1
2024010531953,2024,010531953,2,3,0,99,99,9,9,99,99,9,9,99,9,99,9,1,2,2,1,26,6,124,1,4,PIAGGIO LIBERTY,5,E01000624,0,1
2024010529336,2024,010529336,1,3,0,99,99,9,9,99,99,0,9,99,9,99,9,1,6,6,1,85,11,124,1,1,PIAGGIO LIBERTY,8,E01000768,0,1
2024010520609,2024,010520609,1,3,0,99,99,9,9,99,99,9,9,99,9,99,9,1,1,1,1,24,5,124,1,3,PIAGGIO LIBERTY,4,E01000999,0,1
2024010543169,2024,010543169,1,3,0,99,99,9,9,99,99,9,9,99,9,99,9,1,2,2,1,39,7,124,1,1,PIAGGIO LIBERTY,2,E01002073,0,2
2024430119980,2024,430119980,2,3,0,18,19,5,3,0,0,4,0,0,0,0,1,1,2,2,1,75,10,124,1,3,PIAGGIO LIBERTY,-1,-1,0,-1
2024101505315,2024,101505315,2,2,0,-1,19,1,5,-1,0,1,0,0,0,0,1,1,-1,1,1,27,6,124,1,5,PIAGGIO LIBERTY,3,E01008455,0,1
2024010508097,2024,010508097,1,3,0,9,9,3,1,0,0,6,0,0,0,0,2,1,1,1,1,22,5,124,1,1,PIAGGIO LIBERTY,2,E01000743,0,1
2024010502975,2024,010502975,2,3,0,18,19,4,8,0,0,8,0,0,0,0,1,1,6,6,1,24,5,124,1,1,PIAGGIO LIBERTY,4,E01004538,0,2
2024010525763,2024,010525763,1,3,0,99,99,9,9,99,99,9,9,99,9,99,1,1,1,1,3,25,5,124,1,4,PIAGGIO LIBERTY,5,E01001259,0,1
2024010504750,2024,010504750,1,3,0,99,99,9,9,99,99,9,9,99,9,99,2,1,6,6,1,29,6,124,1,8,PIAGGIO LIBERTY,7,E01033463,0,1
2024010515650,2024,010515650,1,3,0,13,13,5,1,0,0,6,0,7,0,0,3,1,1,1,1,21,5,124,1,4,PIAGGIO LIBERTY,4,E01000999,0,1
2024010539428,2024,010539428,2,3,0,4,4,3,7,0,0,0,0,4,0,0,1,1,6,6,1,34,6,124,1,4,PIAGGIO LIBERTY,-1,-1,0,-1
202454B006824,2024,54B006824,2,3,0,18,19,4,7,0,0,8,0,0,0,0,4,1,2,2,1,37,7,124,1,0,PIAGGIO LIBERTY,9,E01029031,0,2
2024201457477,2024,201457477,1,3,0,-1,19,6,2,-1,0,1,0,0,0,0,4,1,-1,6,1,26,6,124,1,0,PIAGGIO LIBERTY,1,E01009574,0,4
2024451441650,2024,451441650,1,3,0,-1,19,1,5,-1,0,0,0,0,0,0,4,1,-1,9,1,47,8,124,1,2,PIAGGIO LIBERTY,7,E01030659,0,1
2024010517682,2024,010517682,1,3,0,4,4,1,5,0,0,1,0,0,0,0,0,1,1,1,2,22,5,124,1,2,PIAGGIO LIBERTY,5,E01000224,0,1
2024010522423,2024,010522423,1,3,9,99,99,9,9,99,99,9,9,99,9,99,1,1,1,1,1,38,7,124,1,3,PIAGGIO LIBERTY,2,E01000508,0,1
2024141400749,2024,141400749,2,3,0,-1,19,2,6,-1,0,1,0,0,0,0,1,1,-1,6,1,18,4,124,1,1,PIAGGIO LIBERTY,5,E01007342,0,1
2024010539625,2024,010539625,1,3,0,3,3,9,9,99,99,9,9,99,9,99,2,1,1,1,1,27,6,124,1,4,PIAGGIO LIBERTY,5,E01033083,0,1
2024010493914,2024,010493914,1,3,0,15,15,1,5,0,0,1,1,10,0,0,1,1,6,6,1,67,10,124,1,3,PIAGGIO LIBERTY,2,E01001944,0,1
2024451513732,2024,451513732,2,3,0,-1,19,4,8,-1,0,0,2,0,7,4,1,1,-1,2,1,31,6,124,1,3,PIAGGIO LIBERTY,3,E01030676,0,3
2024010549010,2024,010549010,2,3,0,18,19,1,5,0,0,1,0,0,0,0,4,1,6,6,1,39,7,124,1,5,PIAGGIO LIBERTY,3,E01002774,0,1
2024351435491,2024,351435491,1,4,0,-1,3,1,5,-1,0,0,0,0,0,0,1,1,-1,6,1,26,6,124,1,5,PIAGGIO LIBERTY,2,E01018063,0,3
2024451468053,2024,451468053,2,3,0,-1,8,5,7,-1,0,6,0,0,0,0,2,1,-1,2,2,33,6,124,1,5,PIAGGIO LIBERTY,9,E01030485,0,2
2024010545087,2024,010545087,1,3,0,18,19,2,6,0,0,0,0,0,0,0,1,1,6,6,1,32,6,124,1,0,PIAGGIO LIBERTY,2,E01034149,0,3
2024010527972,2024,010527972,3,3,0,2,2,0,0,6,6,2,0,10,0,0,4,1,6,6,3,-1,-1,124,1,5,PIAGGIO LIBERTY,-1,-1,0,-1
2024010505138,2024,010505138,1,3,0,99,99,9,9,99,99,1,9,99,9,99,9,1,1,1,3,50,8,124,1,5,PIAGGIO LIBERTY,6,E01004481,0,1
2024451394853,2024,451394853,1,3,0,-1,19,3,7,-1,0,1,1,0,0,0,1,1,-1,1,1,34,6,124,1,4,PIAGGIO LIBERTY,4,E01002596,0,2
2024010520798,2024,010520798,1,3,0,18,19,5,1,0,0,1,2,0,0,0,3,1,6,6,1,23,5,124,1,3,PIAGGIO LIBERTY,3,E01000556,0,1
2024440155270,2024,440155270,1,3,0,18,19,6,2,0,0,3,1,10,0,0,4,1,6,6,1,40,7,124,1,18,PIAGGIO LIBERTY,10,E01023270,0,4
2024101461632,2024,101461632,2,9,0,-1,19,7,3,-1,0,2,0,0,1,0,1,1,-1,9,1,79,11,1910,2,13,SAAB 9-3,10,E01033714,0,2
2024461428757,2024,461428757,1,9,0,-1,1,3,7,-1,0,0,0,0,0,0,2,1,-1,6,1,23,5,1910,2,15,SAAB 9-3,-1,-1,0,-1
2024471456705,2024,471456705,2,9,0,-1,2,5,1,-1,-1,0,0,0,0,0,1,1,-1,6,1,66,10,2000,1,18,SAAB 9-3,8,E01021163,0,1
2024991490618,2024,991490618,1,9,0,-1,19,2,6,-1,0,8,0,0,0,0,1,1,-1,9,1,24,5,1985,1,21,SAAB 9-3,6,-1,0,1
2024311409024,2024,311409024,2,9,0,-1,3,5,2,-1,0,6,0,0,0,0,2,1,-1,6,1,56,9,2000,1,16,SAAB 9-3,7,E01028015,0,1
2024052400424,2024,052400424,2,9,0,3,3,1,5,0,0,1,0,0,0,0,2,1,6,6,2,31,6,2792,1,16,SAAB 9-3,7,E01007080,0,1
2024411497972,2024,411497972,2,9,0,-1,3,1,5,-1,0,8,0,0,0,0,2,1,-1,2,2,27,6,1998,1,16,SAAB 9-3,3,E01023437,0,1
2024141529363,2024,141529363,2,9,0,-1,19,1,5,-1,0,0,0,0,0,0,2,1,-1,6,1,60,9,1910,2,15,SAAB 9-3,3,E01007515,0,1
2024351400383,2024,351400383,1,9,0,-1,19,8,4,-1,0,0,0,0,0,0,1,1,-1,6,-1,-1,-1,1910,2,17,SAAB 9-3,-1,-1,0,-1
2024361465008,2024,361465008,1,9,0,-1,7,7,2,-1,0,0,0,0,0,0,4,9,-1,6,2,51,8,1910,2,17,SAAB 9-3,5,W01000057,0,5
2024440327657,2024,440327657,3,9,0,3,3,5,1,0,0,1,0,0,0,0,2,1,6,6,1,59,9,1910,2,15,SAAB 9-3,7,E01023252,0,3
2024401500691,2024,401500691,1,9,0,-1,1,-1,-1,-1,0,0,0,0,0,0,2,1,-1,6,1,54,8,1910,2,13,SAAB 9-3,4,E01017596,0,1
2024052402413,2024,052402413,2,9,0,18,19,6,2,0,0,8,0,0,0,0,1,1,6,6,1,54,8,1910,2,14,SAAB 9-3,4,E01005311,0,4
2024371420923,2024,371420923,3,9,0,-1,19,1,5,-1,0,1,0,0,0,0,2,1,-1,6,2,34,6,1910,2,17,SAAB 9-3,6,E01026462,0,4
2024101396264,2024,101396264,1,9,0,-1,19,1,5,-1,0,1,0,0,0,0,1,9,-1,2,1,65,9,1910,2,17,SAAB 9-3,3,E01008654,0,1
2024131459643,2024,131459643,1,9,0,-1,19,5,1,-1,0,0,1,0,7,10,1,1,-1,6,1,59,9,1988,1,21,SAAB 9-3,1,E01011492,0,3
2024201491868,2024,201491868,1,9,0,-1,9,4,2,-1,0,6,0,0,0,0,3,9,-1,6,3,18,4,2000,1,19,SAAB 9-3,-1,-1,0,-1
2024101445623,2024,101445623,1,9,0,-1,19,7,3,-1,0,0,0,0,1,11,4,1,-1,6,1,36,7,2000,1,19,SAAB 9-3,4,E01008835,0,2
2024061521367,2024,061521367,1,9,0,-1,19,7,3,-1,0,0,2,0,0,0,1,9,-1,9,1,47,8,1985,1,21,SAAB 9-3,1,E01033217,0,1
2024401395865,2024,401395865,2,9,0,-1,9,3,1,-1,0,3,0,0,0,0,1,9,-1,6,1,28,6,2790,1,17,SAAB 9-3,8,E01017529,0,1
2024371468896,2024,371468896,2,9,0,-1,4,5,1,-1,0,0,0,0,0,0,2,1,-1,9,1,38,7,1910,2,16,SAAB 9-3,6,E01029983,0,2
2024361409028,2024,361409028,1,9,0,-1,19,7,3,-1,0,0,0,0,1,0,3,9,-1,1,1,25,5,1910,2,13,SAAB 9-3,10,E01026915,0,3
2024440329376,2024,440329376,2,9,0,18,19,4,8,0,0,1,0,0,0,0,1,1,6,6,2,62,9,1910,2,15,SAAB 9-3,5,E01017024,0,1
2024010513649,2024,010513649,1,9,0,18,19,1,5,0,0,1,0,0,0,0,1,1,6,6,1,46,8,1998,1,14,SAAB 9-3,4,E01001050,0,1
2024451471935,2024,451471935,1,9,0,-1,1,7,3,-1,5,0,0,0,0,0,2,1,-1,6,1,61,9,2792,1,16,SAAB 9-3,9,E01030441,0,1
2024991419659,2024,991419659,2,9,0,-1,5,2,4,-1,0,0,0,0,7,11,3,1,-1,2,1,26,6,1910,2,14,SAAB 9-3,8,-1,0,2
2024371414218,2024,371414218,2,9,0,-1,19,7,3,-1,0,1,0,0,0,0,1,1,-1,9,2,85,11,1910,2,15,SAAB 9-3,9,E01030175,0,1
2024332400672,2024,332400672,2,9,0,-1,12,4,8,-1,0,1,0,0,0,0,3,1,-1,6,1,87,11,1985,1,22,SAAB 9-3,9,E01025981,0,2
2024141520874,2024,141520874,4,9,0,-1,4,3,7,-1,0,0,0,0,0,0,2,1,-1,9,1,36,7,1910,2,14,SAAB 9-3,5,E01019803,0,2
2024451441575,2024,451441575,2,9,0,-1,19,5,1,-1,0,1,0,0,0,0,1,1,-1,6,1,45,7,1910,2,17,SAAB 9-3,-1,-1,0,-1
2024991496897,2024,991496897,1,9,0,-1,2,0,0,-1,0,0,0,0,0,0,3,1,-1,9,1,58,9,1910,2,15,SAAB 9-3,4,-1,0,3
2024231472263,2024,231472263,1,9,0,-1,7,4,7,-1,0,4,0,7,3,11,2,9,-1,9,1,23,5,1910,2,16,SAAB 9-3,9,E01032894,0,1
2024501437729,2024,501437729,1,9,0,-1,4,8,4,-1,0,1,0,0,0,0,1,1,-1,6,1,76,11,2000,1,17,SAAB 9-3,1,E01019056,0,1
2024010541076,2024,010541076,1,9,0,99,99,9,9,99,99,9,9,99,9,99,1,1,6,6,1,51,8,2000,1,16,SAAB 9-3,6,E01004357,0,1
2024411407514,2024,411407514,2,9,0,-1,19,8,4,-1,0,0,0,0,0,0,3,9,-1,9,1,50,8,2000,1,18,SAAB 9-3,9,E01023849,0,1
2024522401700,2024,522401700,2,9,0,11,11,5,8,0,0,3,0,0,0,0,2,1,6,6,1,-1,-1,1910,2,17,SAAB 9-3,5,E01017159,0,5
2024211435316,2024,211435316,1,9,0,-1,19,4,8,-1,9,2,0,0,7,0,3,1,-1,6,1,57,9,2000,1,16,SAAB 9-3,7,E01029863,0,2
2024401535791,2024,401535791,1,9,0,-1,19,6,2,-1,0,3,0,0,1,0,1,1,-1,6,1,85,11,1990,1,20,SAAB 9-3,6,E01017571,0,1
2024161416341,2024,161416341,1,9,0,-1,19,3,7,-1,0,2,5,0,0,0,1,1,-1,9,1,49,8,1796,1,15,SAAB 9-3,7,E01013022,0,1
2024401510013,2024,401510013,1,9,0,-1,19,6,2,-1,0,0,0,0,0,0,1,1,-1,6,1,69,10,1998,1,14,SAAB 9-3,7,E01017464,0,1
2024471412197,2024,471412197,1,9,0,-1,9,1,7,-1,0,6,0,0,0,0,1,1,-1,9,1,26,6,2000,1,17,SAAB 9-3,9,E01031816,0,1
2024440433423,2024,440433423,1,9,0,18,19,5,1,0,0,5,0,0,1,7,4,1,6,6,1,70,10,2000,1,17,SAAB 9-3,6,E01022592,0,1
2024340WN4432,2024,340WN4432,1,9,0,-1,19,3,7,-1,0,6,1,0,0,0,1,1,-1,9,1,79,11,1998,1,19,SAAB 9-3,4,E01032976,0,3
2024440450915,2024,440450915,2,9,0,18,19,4,8,0,0,1,1,0,1,11,3,1,6,6,2,46,8,1990,1,21,SAAB 9-3,1,E01017281,0,1
2024461531395,2024,461531395,1,9,0,-1,19,4,8,-1,0,2,0,0,0,0,1,1,-1,9,1,77,11,2000,1,19,SAAB 9-3,10,E01024463,0,1
2024201489702,2024,201489702,1,9,0,-1,9,7,4,-1,0,5,0,0,0,0,1,1,-1,6,1,75,10,1985,1,24,SAAB 9-3,1,E01008909,0,1
2024302500174,2024,302500174,1,9,0,-1,9,2,7,-1,0,8,0,0,0,0,1,1,-1,6,2,56,9,1910,2,14,SAAB 9-3,8,E01019746,0,1
2024320559897,2024,320559897,1,9,0,-1,-1,2,6,0,0,0,0,0,0,0,4,1,6,6,3,-1,-1,1985,1,24,SAAB 9-3,-1,-1,0,-1
2024991442396,2024,991442396,2,9,0,-1,19,1,6,-1,0,1,0,0,0,0,1,1,-1,9,2,41,7,1910,2,16,SAAB 9-3,5,-1,0,1
2024451440436,2024,451440436,2,9,0,-1,19,5,1,-1,0,1,0,0,0,0,1,1,-1,9,1,52,8,1910,2,16,SAAB 9-3,10,E01030623,0,1
2024440341124,2024,440341124,1,9,0,7,7,5,7,0,0,8,0,0,0,0,1,1,6,6,2,64,9,1910,2,14,SAAB 9-3,10,E01022987,0,1
2024351452435,2024,351452435,1,9,0,-1,5,7,3,-1,0,6,0,0,0,0,3,1,-1,6,1,80,11,1910,2,17,SAAB 9-3,8,E01018296,0,1
2024010544041,2024,010544041,2,9,0,18,19,9,9,99,99,0,9,99,9,99,1,9,6,6,3,-1,-1,2000,1,17,SAAB 9-3,-1,-1,0,-1
2024340WN6102,2024,340WN6102,2,9,0,-1,19,1,5,-1,0,8,0,0,0,0,4,1,-1,9,1,58,9,1910,2,15,SAAB 9-3,6,E01016817,0,4
2024141500056,2024,141500056,2,9,0,-1,19,2,6,-1,0,8,0,0,0,0,3,1,-1,6,1,36,7,1910,2,16,SAAB 9-3,2,E01007443,0,1
2024430595522,2024,430595522,2,9,0,18,19,1,5,0,0,0,0,0,0,0,1,1,2,2,1,50,8,1998,1,19,SAAB 9-3,7,E01028429,0,1
2024430427929,2024,430427929,2,9,0,4,4,5,1,0,0,0,0,0,0,0,1,1,2,2,1,46,8,1985,1,24,SAAB 9-3,8,E01028772,0,1
2024010500755,2024,010500755,1,9,0,18,19,3,7,0,0,0,0,0,0,0,1,1,6,6,1,47,8,2000,1,17,SAAB 9-3,8,E01001541,0,1
2024461480322,2024,461480322,1,9,0,-1,19,5,4,-1,0,3,0,0,0,0,1,9,-1,6,1,-1,-1,1998,1,20,SAAB 9-3,-1,-1,0,-1
2024501547304,2024,501547304,1,9,0,-1,19,2,6,-1,0,0,0,0,0,0,1,1,-1,6,1,42,7,1910,2,16,SAAB 9-3,4,E01018881,0,3
2024141472697,2024,141472697,1,9,0,-1,19,7,3,-1,0,1,0,0,0,0,1,1,-1,2,1,72,10,2000,1,18,SAAB 9-3,7,E01007582,0,2
2024631502978,2024,631502978,2,9,0,-1,10,6,4,-1,0,8,0,0,0,0,1,1,-1,9,1,27,6,1910,2,16,SAAB 9-3,3,W01001900,0,1
2024361407417,2024,361407417,2,9,0,-1,19,8,4,-1,9,1,0,0,7,0,1,9,-1,6,1,43,7,2000,1,18,SAAB 9-3,4,E01026523,0,1
202417H102024,2024,17H102024,1,9,0,-1,19,8,4,-1,0,1,1,0,1,11,4,1,-1,6,3,-1,-1,2000,1,17,SAAB 9-3,-1,-1,0,-1
2024411432558,2024,411432558,1,9,0,-1,19,8,4,-1,0,1,0,0,0,0,1,1,-1,6,1,56,9,1910,2,17,SAAB 9-3,3,E01023957,0,3
2024221454742,2024,221454742,1,9,0,-1,4,7,3,-1,0,0,0,0,0,0,2,1,-1,6,2,77,11,1998,1,12,SAAB 9-3,8,E01009068,0,4
2024010529212,2024,010529212,2,9,0,18,19,6,2,0,0,4,0,99,0,0,9,1,6,6,2,-1,-1,2000,1,18,SAAB 9-3,-1,-1,0,-1
2024010531049,2024,010531049,2,9,0,18,19,3,7,0,0,0,0,0,0,0,3,1,6,6,3,-1,-1,1910,2,16,SAAB 9-3,-1,-1,0,-1
2024421531517,2024,421531517,1,9,0,-1,9,3,7,-1,0,4,0,0,0,0,1,1,-1,6,1,-1,-1,2790,1,17,SAAB 9-3,-1,-1,0,-1
2024010506944,2024,010506944,1,9,0,1,1,7,1,9,9,1,0,0,0,0,1,1,6,6,3,-1,-1,1910,2,18,SAAB 9-3,-1,-1,0,-1
2024531439312,2024,531439312,1,9,0,-1,19,3,7,-1,0,6,0,0,0,0,1,1,-1,6,1,51,8,1910,2,16,SAAB 9-3,5,E01022296,0,2
2024311512026,2024,311512026,3,9,0,-1,19,3,7,-1,0,0,0,0,0,0,1,1,-1,6,1,67,10,1998,1,14,SAAB 9-3,6,E01013970,0,1
2024501413890,2024,501413890,2,9,0,-1,19,5,1,-1,0,0,0,0,8,6,2,1,-1,9,2,51,8,1910,2,18,SAAB 9-3,4,E01020571,0,4
2024421530887,2024,421530887,1,9,0,-1,11,4,8,-1,0,0,1,7,0,0,1,1,-1,6,1,68,10,2000,1,20,SAAB 9-3,5,E01026501,0,5
2024501444937,2024,501444937,1,9,0,-1,19,3,7,-1,0,0,2,0,0,0,3,1,-1,6,1,44,7,1910,2,16,SAAB 9-3,4,E01015031,0,3
2024622400146,2024,622400146,2,9,0,3,3,4,8,0,0,1,0,0,0,0,2,1,6,6,1,50,8,1910,2,16,SAAB 9-3,4,W01000809,0,2
2024501461949,2024,501461949,2,9,0,-1,19,4,8,-1,0,0,0,0,0,0,3,1,-1,9,1,70,10,2000,1,20,SAAB 9-3,7,E01019973,0,1
2024010502642,2024,010502642,1,9,0,18,19,7,3,6,6,0,0,0,0,0,3,1,6,6,1,72,10,2000,1,17,SAAB 9-3,6,E01004646,0,1
2024010505511,2024,010505511,1,9,0,2,2,0,0,0,0,0,0,0,0,0,3,1,6,6,3,-1,-1,2000,1,18,SAAB 9-3,-1,-1,0,-1
2024401425800,2024,401425800,1,9,0,-1,19,7,3,-1,0,0,0,0,0,0,1,1,-1,6,1,63,9,1985,1,23,SAAB 9-3,7,E01017584,0,2
2024522402396,2024,522402396,1,9,0,18,19,7,3,0,0,8,0,0,0,0,2,1,6,6,1,53,8,1910,2,16,SAAB 9-3,3,E01031854,0,4
2024991503510,2024,991503510,2,9,0,-1,19,3,7,-1,0,1,0,0,1,0,1,1,-1,9,1,59,9,2790,1,17,SAAB 9-3,4,-1,0,4
2024332400602,2024,332400602,1,9,0,-1,10,1,7,-1,0,8,0,0,0,0,2,1,-1,2,2,54,8,1910,2,18,SAAB 9-3,7,E01025720,0,1
2024320696024,2024,320696024,2,9,0,2,2,0,0,0,0,0,0,0,0,0,1,1,-1,-1,1,55,8,1998,1,15,SAAB 9-3,6,E01026266,0,2
2024451487947,2024,451487947,1,9,0,-1,4,-1,-1,-1,0,0,0,0,0,0,2,1,-1,9,2,41,7,1800,1,19,SAAB 9-3,7,E01001106,0,3
2024122500038,2024,122500038,1,9,0,18,19,2,6,0,0,0,0,0,0,0,4,1,6,6,1,72,10,1910,2,15,SAAB 9-3,6,E01027873,0,1
2024131528825,2024,131528825,2,9,0,-1,19,3,7,-1,0,8,0,0,0,0,3,1,-1,6,-1,-1,-1,1910,2,18,SAAB 9-3,-1,-1,0,-1
2024221400033,2024,221400033,2,9,0,-1,19,5,1,-1,0,1,0,0,0,0,1,9,-1,6,1,27,6,2000,1,19,SAAB 9-3,9,E01034320,0,1
2024201414954,2024,201414954,1,9,0,-1,19,2,6,-1,0,0,0,0,0,0,1,9,-1,6,1,-1,-1,1910,2,17,SAAB 9-3,-1,-1,0,-1
2024010544935,2024,010544935,2,9,9,99,99,9,9,99,99,9,9,99,9,99,9,9,6,6,3,-1,-1,1796,1,15,SAAB 9-3,-1,-1,0,-1
2024501479885,2024,501479885,1,9,0,-1,19,4,8,-1,0,1,1,6,8,10,1,1,-1,1,1,30,6,1910,2,19,SAAB 9-3,7,E01020029,0,3
2024461427002,2024,461427002,1,9,0,-1,9,1,5,-1,0,8,0,11,2,11,4,1,-1,9,1,17,4,1910,2,17,SAAB 9-3,4,E01024645,0,2
2024302401493,2024,302401493,2,9,0,18,19,2,6,0,0,8,0,0,0,0,1,1,6,6,1,55,8,1910,2,15,SAAB 9-3,4,E01019455,0,2
2024201518748,2024,201518748,2,9,0,-1,19,4,2,-1,0,0,5,0,0,0,3,9,-1,6,3,16,4,2000,1,19,SAAB 9-3,-1,-1,0,-1
2024622400391,2024,622400391,1,9,0,18,19,2,6,0,0,1,0,0,0,0,1,1,6,6,1,92,11,2000,1,18,SAAB 9-3,9,W01001090,0,1
2024111473665,2024,111473665,2,9,0,-1,19,3,7,-1,0,8,0,0,0,0,1,1,-1,6,1,39,7,1910,2,14,SAAB 9-3,1,E01020909,0,1
2024991428281,2024,991428281,1,9,0,-1,7,6,8,-1,0,8,0,0,0,0,4,1,-1,2,1,55,8,2000,1,17,SAAB 9-3,5,-1,0,1
2024421490817,2024,421490817,2,9,0,-1,3,3,7,-1,0,0,0,0,0,0,3,1,-1,6,1,57,9,1998,1,21,SAAB 9-3,6,E01021875,0,1
2024010529353,2024,010529353,2,9,0,99,99,9,9,99,99,9,9,99,9,99,2,9,6,6,3,-1,-1,2000,1,17,SAAB 9-3,-1,-1,0,-1
2024010518252,2024,010518252,1,9,0,5,5,5,1,0,0,1,0,0,0,0,3,2,6,6,1,44,7,2000,1,20,SAAB 9-3,7,E01002577,0,1
2024010539446,2024,010539446,3,9,0,-1,-1,5,1,0,0,0,0,0,0,0,1,1,6,6,1,67,10,1985,1,22,SAAB 9-3,4,E01000769,0,1
2024010522501,2024,010522501,3,9,0,2,2,0,0,0,0,0,0,0,0,0,1,1,6,6,3,-1,-1,2790,1,18,SAAB 9-3,-1,-1,0,-1
2024991526975,2024,991526975,1,9,0,-1,19,1,6,-1,0,5,0,0,0,0,4,1,-1,6,1,45,7,1998,1,14,SAAB 9-3,3,-1,0,1
2024451510658,2024,451510658,2,3,0,-1,19,3,7,-1,0,0,5,0,0,0,1,1,-1,9,1,19,4,125,1,3,-1,10,E01030330,0,1
2024461521452,2024,461521452,2,3,0,-1,5,2,4,-1,0,0,1,0,0,0,2,1,-1,2,2,28,6,125,1,1,-1,2,E01024585,0,1
2024211411277,2024,211411277,1,9,0,-1,7,5,8,-1,0,0,0,0,0,0,4,1,-1,6,1,71,10,1984,1,5,SKODA KODIAQ,5,E01029399,0,2
2024440517158,2024,440517158,1,9,0,18,19,1,5,0,0,8,1,0,0,0,1,1,6,6,1,36,7,1968,2,7,SKODA KODIAQ,8,E01022622,0,1
2024231523127,2024,231523127,2,9,0,-1,4,5,1,-1,0,8,0,0,0,0,3,1,-1,6,2,34,6,1498,1,3,SKODA KODIAQ,6,E01010177,0,3
2024010490958,2024,010490958,2,9,0,18,19,4,8,0,0,0,0,0,0,0,2,1,6,6,1,38,7,1395,1,7,SKODA KODIAQ,8,E01000237,0,1
2024471521695,2024,471521695,1,9,0,-1,19,2,7,-1,0,0,0,0,7,0,1,1,-1,2,1,53,8,1968,2,5,SKODA KODIAQ,10,E01031702,0,2
2024320463038,2024,320463038,2,9,0,-1,-1,4,2,0,0,0,0,0,0,0,1,1,-1,-1,1,65,9,1968,2,4,SKODA KODIAQ,7,E01013226,0,4
2024430565070,2024,430565070,2,9,0,18,19,1,5,0,0,-1,1,0,3,4,1,1,1,1,2,28,6,1968,2,1,SKODA KODIAQ,10,E01027205,0,4
2024010503958,2024,010503958,5,9,0,3,3,5,1,0,0,6,0,0,0,0,1,1,6,6,2,45,7,1498,1,0,SKODA KODIAQ,8,E01003677,0,1
2024461446992,2024,461446992,1,9,0,-1,7,4,3,-1,9,0,0,0,1,0,4,9,-1,6,1,68,10,1498,1,2,SKODA KODIAQ,5,E01000975,0,4
2024421464048,2024,421464048,3,9,0,-1,19,1,5,-1,0,0,0,0,0,0,2,1,-1,6,1,37,7,1984,1,1,SKODA KODIAQ,4,E01030816,0,4
2024231464925,2024,231464925,1,9,0,-1,19,4,8,-1,0,0,0,0,1,4,1,1,-1,9,2,69,10,1498,1,3,SKODA KODIAQ,4,E01009065,0,4
2024201484780,2024,201484780,2,9,0,-1,19,8,4,-1,0,0,0,0,0,0,4,9,-1,6,1,49,8,1968,2,6,SKODA KODIAQ,1,E01009326,0,1
2024122400998,2024,122400998,1,9,0,5,5,4,8,0,0,8,0,0,0,0,1,1,6,6,1,60,9,1498,1,1,SKODA KODIAQ,10,E01013061,0,3
2024052402464,2024,052402464,1,9,0,5,5,5,1,0,0,1,0,0,0,0,1,1,6,6,1,69,10,1498,1,0,SKODA KODIAQ,2,E01006479,0,1
2024221441013,2024,221441013,2,9,0,-1,19,6,2,-1,0,1,0,0,0,0,1,9,-1,6,2,60,9,1984,1,0,SKODA KODIAQ,3,E01032132,0,1
2024501470025,2024,501470025,2,8,0,-1,19,6,4,-1,0,8,0,0,0,0,1,1,-1,1,1,47,8,1968,2,5,SKODA KODIAQ,4,E01015247,0,1
2024461484214,2024,461484214,2,9,0,-1,9,1,7,-1,0,1,0,0,7,0,3,1,-1,1,2,52,8,1968,2,5,SKODA KODIAQ,7,E01024375,0,4
2024131494476,2024,131494476,1,9,0,-1,19,6,2,-1,0,8,0,0,0,0,1,1,-1,9,1,77,11,1395,1,6,SKODA KODIAQ,9,E01011535,0,1
2024061525224,2024,061525224,4,9,0,-1,19,7,3,-1,0,1,0,0,0,0,0,1,-1,1,-1,-1,-1,1498,1,1,SKODA KODIAQ,-1,-1,0,-1
2024471405700,2024,471405700,3,9,0,-1,8,7,1,-1,0,1,0,0,0,0,3,1,-1,9,1,36,7,1395,1,7,SKODA KODIAQ,6,E01035332,0,2
2024010493711,2024,010493711,1,9,0,18,19,1,5,0,0,1,0,0,0,0,1,1,6,6,1,46,8,1968,2,4,SKODA KODIAQ,6,E01000541,0,1
2024430548825,2024,430548825,1,9,0,18,19,-1,-1,0,0,0,0,0,0,0,0,1,3,7,1,47,8,1498,1,0,SKODA KODIAQ,8,E01034452,0,1