collision_index,collision_year,collision_ref_no,vehicle_reference,vehicle_type,towing_and_articulation,vehicle_manoeuvre_historic,vehicle_manoeuvre,vehicle_direction_from,vehicle_direction_to,vehicle_location_restricted_lane_historic,vehicle_location_restricted_lane,junction_location,skidding_and_overturning,hit_object_in_carriageway,vehicle_leaving_carriageway,hit_object_off_carriageway,first_point_of_impact,vehicle_left_hand_drive,journey_purpose_of_driver_historic,journey_purpose_of_driver,sex_of_driver,age_of_driver,age_band_of_driver,engine_capacity_cc,propulsion_code,age_of_vehicle,generic_make_model,driver_imd_decile,lsoa_of_driver,escooter_flag,driver_distance_banding
2024991395299,2024,991395299,1,9,0,-1,19,4,8,-1,0,0,0,0,0,0,4,1,-1,9,1,55,8,1395,1,7,SKODA KODIAQ,5,-1,0,1
2024501396061,2024,501396061,1,9,0,-1,19,5,1,-1,0,0,5,0,1,10,1,1,-1,9,1,76,11,1984,1,4,SKODA KODIAQ,6,E01020329,0,1
2024031503179,2024,031503179,1,9,0,-1,19,8,3,-1,0,0,0,0,0,0,2,1,-1,9,1,77,11,1984,1,2,SKODA KODIAQ,9,E01019396,0,1
2024122500166,2024,122500166,1,9,0,10,10,7,3,0,0,8,0,0,0,0,0,1,6,6,1,45,7,1498,1,3,SKODA KODIAQ,6,E01011396,0,4
2024041397792,2024,041397792,1,9,0,-1,19,7,3,-1,0,0,0,0,0,0,3,1,-1,9,1,38,7,1968,2,6,SKODA KODIAQ,5,E01025013,0,2
2024451432731,2024,451432731,1,9,0,-1,19,5,1,-1,0,0,1,10,0,0,1,1,-1,9,1,40,7,1968,2,3,SKODA KODIAQ,5,E01002948,0,1
2024501491871,2024,501491871,2,9,0,-1,2,0,0,-1,0,0,0,0,1,0,2,1,-1,1,1,37,7,1968,2,4,SKODA KODIAQ,4,E01020087,0,4
2024371532793,2024,371532793,1,9,0,-1,19,2,7,-1,0,0,0,0,0,0,3,1,-1,9,2,44,7,1984,1,4,SKODA KODIAQ,6,E01029876,0,1
2024546061824,2024,546061824,1,9,0,15,15,7,3,0,0,2,0,0,1,1,1,1,6,6,1,43,7,1968,2,6,SKODA KODIAQ,3,E01020096,0,5
2024010510533,2024,010510533,1,9,0,9,9,7,5,0,0,7,0,0,0,0,1,1,6,6,2,37,7,1498,1,2,SKODA KODIAQ,9,E01002935,0,1
2024201493431,2024,201493431,2,9,0,-1,2,0,0,-1,0,0,0,0,0,0,2,9,-1,6,2,45,7,1498,1,3,SKODA KODIAQ,5,E01009253,0,1
2024010492993,2024,010492993,1,9,0,18,19,1,5,0,0,6,0,0,0,0,2,1,6,6,1,51,8,1984,1,7,SKODA KODIAQ,9,E01004191,0,1
2024320494126,2024,320494126,2,9,0,-1,-1,4,8,0,0,1,0,0,0,0,2,1,-1,-1,2,30,6,1968,2,2,SKODA KODIAQ,8,E01026394,0,2
2024991430195,2024,991430195,3,9,0,-1,3,3,7,-1,0,1,0,0,0,0,3,1,-1,1,2,46,8,1968,2,2,SKODA KODIAQ,2,-1,0,2
2024501450225,2024,501450225,1,9,-1,-1,9,1,7,-1,0,6,0,0,0,0,1,9,-1,6,2,35,6,1498,1,5,SKODA KODIAQ,10,E01020167,0,4
2024221516832,2024,221516832,2,9,0,-1,3,4,7,-1,0,1,0,0,0,0,2,9,-1,6,2,26,6,1498,1,3,SKODA KODIAQ,6,E01028971,0,1
2024010528405,2024,010528405,1,9,0,99,99,9,9,99,99,0,9,99,9,99,2,9,6,6,1,33,6,1968,2,1,SKODA KODIAQ,7,E01002617,0,1
2024010551754,2024,010551754,2,9,0,2,2,0,0,0,0,1,0,0,0,0,2,1,6,6,3,-1,-1,1984,1,0,SKODA KODIAQ,-1,-1,0,-1
2024221523328,2024,221523328,2,9,0,-1,3,5,1,-1,0,1,0,0,0,0,2,1,-1,2,1,48,8,1968,2,2,SKODA KODIAQ,6,E01032200,0,1
2024031497889,2024,031497889,2,9,0,-1,3,7,3,-1,0,1,0,0,0,0,2,1,-1,6,3,38,7,1395,1,6,SKODA KODIAQ,-1,-1,0,-1
2024522402873,2024,522402873,1,9,0,9,9,2,1,0,0,6,0,0,0,0,2,1,6,6,1,57,9,1498,1,3,SKODA KODIAQ,5,E01032516,0,1
2024101428785,2024,101428785,2,9,0,-1,19,3,7,-1,0,0,0,0,0,0,1,1,-1,9,1,66,10,1498,1,1,SKODA KODIAQ,8,E01008799,0,1
2024010511667,2024,010511667,2,9,0,99,99,9,9,99,99,9,9,99,9,99,1,9,6,6,3,-1,-1,1395,1,7,SKODA KODIAQ,-1,-1,0,-1
2024421441606,2024,421441606,1,9,0,-1,19,7,5,-1,0,8,0,0,0,0,3,1,-1,9,1,34,6,1968,2,7,SKODA KODIAQ,4,E01016003,0,4
2024430565172,2024,430565172,2,9,0,18,19,6,2,0,0,0,0,0,0,0,1,1,3,7,2,36,7,1498,1,2,SKODA KODIAQ,7,E01017652,0,1
2024141541298,2024,141541298,2,9,0,-1,6,5,5,-1,0,0,0,0,0,0,4,9,-1,6,1,65,9,1968,2,7,SKODA KODIAQ,1,E01007403,0,1
2024010517996,2024,010517996,2,9,0,99,99,9,9,99,99,9,9,99,9,99,9,9,6,6,1,44,7,1498,1,2,SKODA KODIAQ,8,E01003138,0,1
2024311412096,2024,311412096,1,9,0,-1,9,7,4,-1,0,5,0,0,0,0,4,1,-1,9,1,32,6,1498,1,4,SKODA KODIAQ,1,E01027930,0,1
2024471464876,2024,471464876,1,9,0,-1,19,6,2,-1,0,8,0,0,7,1,1,1,-1,7,2,50,8,1984,1,2,SKODA KODIAQ,10,E01035339,0,1
2024010526063,2024,010526063,1,9,0,18,19,5,1,0,0,1,0,10,0,0,4,1,6,6,1,21,5,1498,1,3,SKODA KODIAQ,5,E01015714,0,4
2024161503361,2024,161503361,1,9,0,-1,2,0,0,-1,0,0,0,0,0,0,4,9,-1,6,3,-1,-1,1968,2,0,SKODA KODIAQ,-1,-1,0,-1
2024010512060,2024,010512060,1,9,0,3,3,3,7,0,0,5,0,0,0,0,1,1,6,6,1,57,9,1498,1,1,SKODA KODIAQ,5,E01004345,0,1
2024010496977,2024,010496977,2,8,0,99,99,9,9,99,99,9,9,99,9,99,1,9,6,6,3,-1,-1,1498,1,4,SKODA KODIAQ,6,E01004614,0,1
2024430031840,2024,430031840,1,9,0,9,9,2,8,0,0,3,0,0,0,0,1,1,6,6,3,31,6,1498,1,3,SKODA KODIAQ,10,E01016316,0,2
2024041459611,2024,041459611,1,9,0,-1,19,1,5,-1,0,0,0,0,0,0,1,1,-1,9,2,37,7,1968,2,0,SKODA KODIAQ,10,E01024968,0,3
2024440510454,2024,440510454,2,9,0,18,19,1,5,0,0,0,0,11,0,0,1,1,6,6,3,-1,-1,1498,1,1,SKODA KODIAQ,6,E01023237,0,1
2024010505798,2024,010505798,1,9,0,99,99,9,9,99,99,9,9,99,9,99,2,9,6,6,1,30,6,1498,1,0,SKODA KODIAQ,4,E01004432,0,1
202454C135724,2024,54C135724,1,9,0,18,19,2,6,0,0,1,0,0,0,0,1,1,2,2,2,25,5,1968,2,4,SKODA KODIAQ,-1,-1,0,-1
2024371525874,2024,371525874,2,9,0,-1,19,1,5,-1,0,2,0,0,0,0,4,1,-1,9,1,65,9,1968,2,6,SKODA KODIAQ,8,E01030043,0,1
2024991413428,2024,991413428,1,8,0,-1,6,8,7,-1,0,0,0,0,1,0,3,1,-1,1,1,26,6,1968,2,4,SKODA KODIAQ,-1,-1,0,-1
2024361424004,2024,361424004,2,9,0,-1,19,5,1,-1,0,1,0,0,0,0,1,1,-1,6,1,74,10,1498,1,4,SKODA KODIAQ,7,E01026536,0,1
2024351476038,2024,351476038,1,9,0,-1,4,3,7,-1,0,0,0,0,0,0,2,1,-1,6,2,41,7,1498,1,4,SKODA KODIAQ,9,E01032998,0,4
2024371472515,2024,371472515,3,9,0,-1,2,0,0,-1,0,4,0,0,0,0,2,1,-1,6,2,56,9,1968,2,7,SKODA KODIAQ,1,E01030256,0,1
2024991419048,2024,991419048,2,9,0,-1,4,7,3,-1,0,0,0,0,0,0,2,1,-1,9,1,62,9,1968,2,7,SKODA KODIAQ,10,-1,0,3
2024411453742,2024,411453742,2,9,0,-1,19,5,1,-1,0,0,0,0,0,0,2,1,-1,6,1,71,10,1498,1,1,SKODA KODIAQ,8,E01016805,0,4
2024010503369,2024,010503369,1,9,0,18,19,5,1,0,0,1,0,0,0,0,1,1,6,6,3,-1,-1,1498,1,1,SKODA KODIAQ,-1,-1,0,-1
2024552401170,2024,552401170,2,9,0,4,4,2,6,0,0,0,0,0,0,0,2,1,6,6,1,51,8,1498,1,4,SKODA KODIAQ,3,E01014624,0,4
2024221402618,2024,221402618,2,9,0,-1,4,5,1,-1,0,0,0,0,0,0,2,9,-1,6,1,46,8,1498,1,5,SKODA KODIAQ,8,E01014040,0,3
2024101439522,2024,101439522,2,9,0,-1,19,7,3,-1,0,8,0,0,0,0,1,1,-1,9,1,44,7,1498,1,0,SKODA KODIAQ,1,E01008828,0,1
2024991520802,2024,991520802,1,9,0,-1,2,0,0,-1,9,2,0,0,0,0,3,1,-1,9,1,57,9,1968,2,1,SKODA KODIAQ,4,-1,0,4
2024131462810,2024,131462810,1,9,0,-1,5,7,3,-1,0,4,0,0,0,0,2,1,-1,9,2,40,7,1984,1,5,SKODA KODIAQ,4,E01011921,0,1
2024061470697,2024,061470697,1,9,0,-1,19,7,2,-1,0,6,5,0,0,0,3,1,-1,9,2,50,8,1498,1,4,SKODA KODIAQ,3,E01006280,0,1
2024031425561,2024,031425561,1,9,0,-1,19,1,1,-1,0,8,0,0,0,0,0,1,-1,1,1,47,8,1968,2,3,SKODA KODIAQ,1,E01019141,0,1
2024061498312,2024,061498312,2,9,0,-1,19,5,2,-1,0,8,1,0,0,0,0,1,-1,8,1,34,6,1984,1,1,SKODA KODIAQ,1,E01034113,0,3
2024141520869,2024,141520869,2,9,0,-1,9,1,4,-1,0,2,1,0,0,0,2,1,-1,9,2,37,7,1984,1,6,SKODA KODIAQ,1,E01007530,0,1
2024010527927,2024,010527927,2,9,0,9,9,3,1,0,0,5,0,0,0,0,3,1,2,2,1,36,7,1968,2,5,SKODA KODIAQ,2,E01004615,0,3
2024010512719,2024,010512719,1,9,0,99,99,9,9,99,99,9,9,99,9,99,2,9,6,6,2,35,6,1498,1,1,SKODA KODIAQ,2,E01002735,0,1
2024320084103,2024,320084103,2,9,0,-1,-1,2,6,0,0,8,0,0,0,0,1,1,-1,-1,2,42,7,1984,1,2,SKODA KODIAQ,6,E01026387,0,2
2024411427165,2024,411427165,2,9,0,-1,19,1,5,-1,0,0,0,0,0,0,4,1,-1,9,2,31,6,1395,1,6,SKODA KODIAQ,5,E01030674,0,4
2024401437281,2024,401437281,1,9,0,-1,19,7,1,-1,0,0,1,0,0,0,3,1,-1,6,1,30,6,1984,1,0,SKODA KODIAQ,7,E01017410,0,1
2024052400329,2024,052400329,1,9,0,9,9,3,1,0,0,1,0,0,0,0,1,1,6,6,2,36,7,1498,1,1,SKODA KODIAQ,1,E01006729,0,1
2024010550425,2024,010550425,2,9,0,3,3,7,3,0,0,1,0,4,0,0,2,1,6,6,1,36,7,1968,2,5,SKODA KODIAQ,2,E01004615,0,3
2024622400128,2024,622400128,1,9,0,5,5,1,5,0,0,8,0,7,1,1,1,1,6,6,2,37,7,1498,1,3,SKODA KODIAQ,2,W01000762,0,1
2024440159884,2024,440159884,2,9,0,2,2,0,0,0,0,2,0,0,0,0,2,1,6,6,1,75,10,1984,1,6,SKODA KODIAQ,-1,-1,0,-1
2024010513653,2024,010513653,2,9,0,14,14,3,7,0,0,8,0,0,0,0,3,1,1,1,1,47,8,1498,1,4,SKODA KODIAQ,7,E01003779,0,2
2024411540709,2024,411540709,1,9,0,-1,19,1,3,-1,0,0,5,0,0,0,1,1,-1,8,1,33,6,1968,2,0,SKODA KODIAQ,10,E01023685,0,3
2024471505135,2024,471505135,1,9,0,-1,9,7,3,-1,0,6,0,0,0,0,4,1,-1,9,2,49,8,1498,1,4,SKODA KODIAQ,8,E01031780,0,1
2024461404057,2024,461404057,1,9,0,-1,9,1,1,-1,0,2,0,0,0,0,4,1,-1,9,2,48,8,1984,1,4,SKODA KODIAQ,3,E01016067,0,1
2024461517341,2024,461517341,2,9,0,-1,19,8,4,-1,0,0,0,11,0,0,1,1,-1,9,2,37,7,1498,1,3,SKODA KODIAQ,7,E01024813,0,2
2024010551462,2024,010551462,4,9,0,18,19,1,5,0,0,1,0,0,0,0,3,1,6,6,1,34,6,1968,2,0,SKODA KODIAQ,3,E01001843,0,2
2024461425226,2024,461425226,2,9,0,-1,-1,-1,-1,-1,-1,0,-1,-1,-1,0,-1,9,-1,7,2,36,7,1968,2,5,SKODA KODIAQ,4,E01024087,0,1
2024440262000,2024,440262000,1,9,0,17,19,2,7,0,0,8,0,0,0,0,1,1,6,6,2,48,8,1498,1,3,SKODA KODIAQ,8,E01023069,0,4
2024471489667,2024,471489667,2,9,0,-1,19,6,2,-1,0,0,0,0,0,0,2,1,-1,2,2,54,8,1968,2,4,SKODA KODIAQ,8,E01031518,0,3
2024221453900,2024,221453900,3,9,0,-1,10,6,2,-1,0,0,0,0,0,0,2,9,-1,6,1,50,8,1984,1,0,SKODA KODIAQ,5,E01032181,0,4
2024320429606,2024,320429606,1,9,0,-1,-1,2,6,0,0,6,0,0,0,0,4,1,6,6,1,68,10,1968,2,7,SKODA KODIAQ,8,E01026141,0,2
2024231512924,2024,231512924,1,9,0,-1,19,3,7,-1,0,6,0,0,0,0,3,9,-1,9,1,70,10,1968,2,4,SKODA KODIAQ,8,E01022184,0,2
2024501402256,2024,501402256,2,9,0,-1,4,8,3,-1,0,4,0,0,0,0,2,9,-1,6,2,42,7,1968,2,6,SKODA KODIAQ,7,E01032628,0,2
2024122400512,2024,122400512,1,9,0,18,19,8,4,0,0,0,0,0,0,0,1,1,6,6,2,34,6,1984,1,6,SKODA KODIAQ,9,E01013426,0,2
2024201498675,2024,201498675,1,9,0,-1,19,1,5,-1,0,1,0,0,0,0,1,1,-1,9,2,47,8,1498,1,4,SKODA KODIAQ,8,E01009434,0,1
2024201425515,2024,201425515,3,9,0,-1,19,1,5,-1,0,0,0,0,0,0,1,9,-1,6,2,48,8,1968,2,1,SKODA KODIAQ,8,E01029688,0,4
2024991399641,2024,991399641,1,9,0,-1,19,7,3,-1,0,0,1,0,7,11,1,1,-1,6,2,36,7,1498,1,2,SKODA KODIAQ,1,-1,0,4
2024010551658,2024,010551658,1,9,0,2,2,0,0,0,0,8,0,0,0,0,2,1,6,6,3,-1,-1,1984,1,5,SKODA KODIAQ,-1,-1,0,-1
2024430420176,2024,430420176,1,9,0,16,19,6,2,0,0,1,0,0,0,0,1,1,6,6,2,39,7,1498,1,0,SKODA KODIAQ,10,E01028661,0,1
2024991454064,2024,991454064,2,9,0,-1,9,8,4,-1,0,5,0,0,0,0,3,1,-1,9,1,53,8,1984,1,6,SKODA KODIAQ,2,E01014464,0,5
2024231407489,2024,231407489,2,9,0,-1,4,8,4,-1,0,1,0,0,0,0,2,1,-1,9,1,45,7,1968,2,5,SKODA KODIAQ,5,E01025646,0,4
2024440220219,2024,440220219,1,9,0,3,3,6,2,0,0,0,0,0,0,0,2,1,6,6,2,58,9,1498,1,4,SKODA KODIAQ,9,E01017293,0,3
2024211497006,2024,211497006,2,9,0,-1,3,1,5,-1,0,0,0,0,0,0,2,1,-1,6,1,53,8,1968,2,5,SKODA KODIAQ,8,E01029650,0,1
2024631467297,2024,631467297,3,9,0,-1,19,2,6,-1,0,1,0,0,1,10,1,1,-1,9,1,32,6,1498,1,0,SKODA KODIAQ,8,W01001897,0,1
2024340NN1682,2024,340NN1682,2,9,0,-1,19,5,1,-1,0,1,0,0,0,0,1,1,-1,9,2,39,7,1968,2,1,SKODA KODIAQ,7,E01027043,0,1
2024991442398,2024,991442398,2,9,0,-1,10,8,5,-1,0,1,0,0,0,0,2,1,-1,6,2,45,7,1968,2,5,SKODA KODIAQ,8,-1,0,1
2024010511482,2024,010511482,2,9,0,99,99,9,9,99,99,9,9,99,9,99,9,9,6,6,3,33,6,1498,1,0,SKODA KODIAQ,8,E01001027,0,1
2024991453839,2024,991453839,2,8,0,-1,19,8,3,-1,0,0,0,0,0,0,3,1,-1,1,2,38,7,1498,1,5,SKODA KODIAQ,-1,-1,0,-1
2024131400384,2024,131400384,2,9,0,-1,4,5,1,-1,0,0,1,4,0,0,2,1,-1,9,2,41,7,1968,2,6,SKODA KODIAQ,7,E01010976,0,3
2024161461982,2024,161461982,1,9,0,-1,19,7,3,-1,0,0,0,0,4,6,3,1,-1,9,1,37,7,1968,2,5,SKODA KODIAQ,-1,-1,0,-1
2024052402321,2024,052402321,1,8,0,1,1,5,1,0,0,1,0,0,0,0,2,1,6,6,1,55,8,1498,1,0,SKODA KODIAQ,-1,-1,0,-1
2024320052323,2024,320052323,2,9,0,-1,-1,2,6,0,0,0,0,0,1,0,1,1,6,6,1,57,9,1968,2,7,SKODA KODIAQ,9,E01026269,0,3
2024440023386,2024,440023386,1,9,0,18,19,6,2,0,0,0,0,0,0,0,2,1,2,2,2,53,8,1968,2,6,SKODA KODIAQ,7,E01017094,0,4
2024131404543,2024,131404543,1,9,0,-1,2,5,1,-1,9,8,0,0,0,0,2,1,-1,6,-1,-1,-1,1498,1,4,SKODA KODIAQ,-1,-1,0,-1
2024451478528,2024,451478528,3,9,0,-1,19,3,7,-1,0,0,0,0,0,0,2,1,-1,6,2,40,7,1498,1,0,SKODA KODIAQ,2,E01003189,0,4
2024411447231,2024,411447231,1,9,0,-1,19,4,8,-1,0,0,1,0,0,0,4,1,-1,6,1,42,7,1968,2,3,SKODA KODIAQ,1,E01008884,0,5
2024010514940,2024,010514940,2,9,0,99,99,9,9,99,99,9,9,99,9,99,1,9,6,6,3,-1,-1,1498,1,0,SKODA KODIAQ,-1,-1,0,-1
2024471425324,2024,471425324,2,9,0,-1,19,7,3,-1,0,1,0,0,0,0,4,1,-1,6,2,29,6,1968,2,7,SKODA KODIAQ,7,E01020970,0,1
2024041527216,2024,041527216,1,9,0,-1,4,6,2,-1,0,6,0,0,0,0,1,1,-1,9,2,40,7,1968,2,6,SKODA KODIAQ,5,E01025231,0,1
2024522402103,2024,522402103,1,9,0,18,19,3,7,0,0,8,0,0,0,0,1,1,6,6,1,29,6,1498,1,3,SKODA KODIAQ,5,E01014530,0,1
2024430203961,2024,430203961,1,9,0,18,19,2,6,0,0,8,0,0,0,0,3,1,6,6,2,31,6,1498,1,2,SKODA KODIAQ,10,E01016386,0,1
2024061490665,2024,061490665,3,9,0,-1,19,2,6,-1,0,8,0,0,0,0,0,1,-1,8,1,28,6,1498,1,1,SKODA KODIAQ,1,E01034113,0,3
2024320072150,2024,320072150,2,9,0,2,2,0,0,0,0,2,0,0,0,0,3,1,6,6,3,-1,-1,1968,2,4,SKODA KODIAQ,-1,-1,0,-1
2024010530726,2024,010530726,1,9,0,18,19,4,8,0,0,0,0,0,0,0,1,1,1,1,1,29,6,1968,2,3,SKODA KODIAQ,3,E01004263,0,1
2024010535558,2024,010535558,2,9,9,99,99,9,9,99,99,9,9,99,9,99,9,9,6,6,1,28,6,1395,1,6,SKODA KODIAQ,4,E01002050,0,1
2024440236312,2024,440236312,2,9,0,9,9,5,2,0,0,6,0,0,0,0,3,1,6,6,1,63,9,1968,2,6,SKODA KODIAQ,3,E01034065,0,3
2024041395796,2024,041395796,1,9,0,-1,19,7,3,-1,0,6,0,0,0,0,1,1,-1,9,2,39,7,1968,2,5,SKODA KODIAQ,4,E01025190,0,1
2024311429334,2024,311429334,1,9,0,-1,4,3,8,-1,0,0,0,0,0,0,2,1,-1,9,2,42,7,1984,1,4,SKODA KODIAQ,9,E01027938,0,1
2024010538347,2024,010538347,2,9,0,18,19,1,5,0,0,2,0,0,0,0,2,1,2,2,2,55,8,1498,1,1,SKODA KODIAQ,2,E01001911,0,2
2024161396662,2024,161396662,2,9,0,-1,19,3,7,-1,0,4,0,0,7,0,4,1,-1,9,2,43,7,1968,2,5,SKODA KODIAQ,6,E01013105,0,1
2024471452507,2024,471452507,1,9,0,-1,19,7,3,-1,0,0,0,0,0,0,1,1,-1,1,2,66,10,1395,1,6,SKODA KODIAQ,6,E01021145,0,3
2024361487988,2024,361487988,1,8,-1,-1,-1,-1,-1,-1,0,2,0,0,0,0,-1,9,-1,6,2,-1,-1,1968,2,1,SKODA KODIAQ,6,E01022095,0,5
2024131482308,2024,131482308,2,9,0,-1,19,7,3,-1,0,0,0,0,0,0,2,1,-1,9,2,41,7,1395,1,7,SKODA KODIAQ,3,E01005437,0,4
2024302401327,2024,302401327,4,9,0,18,19,6,2,0,0,2,0,0,0,0,1,1,6,6,1,47,8,1395,1,6,SKODA KODIAQ,4,E01019851,0,4
2024991502114,2024,991502114,2,9,0,-1,10,1,7,-1,0,1,0,0,0,0,0,1,-1,6,2,41,7,1498,1,0,SKODA KODIAQ,-1,-1,0,-1
2024471456592,2024,471456592,1,9,0,-1,19,2,6,-1,0,4,0,0,0,0,4,1,-1,7,2,37,7,1498,1,1,SKODA KODIAQ,6,E01035338,0,3
2024131460955,2024,131460955,3,9,0,-1,19,1,5,-1,0,0,0,0,0,0,1,1,-1,2,1,40,7,1968,2,7,SKODA KODIAQ,10,E01013090,0,4
2024010528333,2024,010528333,1,9,0,9,9,3,1,0,0,2,0,0,0,0,1,1,6,6,1,27,6,1498,1,0,SKODA KODIAQ,1,E01001798,0,1
2024010536054,2024,010536054,1,9,0,9,9,7,5,0,0,8,0,0,0,0,3,1,6,6,2,41,7,1984,1,0,SKODA KODIAQ,9,E01002952,0,1
2024361524413,2024,361524413,3,9,0,-1,5,1,5,-1,0,6,0,0,0,0,2,1,-1,9,2,35,6,1498,1,1,SKODA KODIAQ,1,E01026690,0,1
2024421512315,2024,421512315,2,9,0,-1,4,2,5,-1,0,4,0,0,3,0,1,1,-1,6,1,66,10,1968,2,2,SKODA KODIAQ,7,E01021430,0,3
2024052401936,2024,052401936,3,9,0,18,19,5,1,0,0,0,0,0,0,0,1,1,1,1,1,31,6,1968,2,4,SKODA KODIAQ,1,E01006678,0,2
2024501447919,2024,501447919,2,9,0,-1,19,8,4,-1,0,0,0,0,0,0,3,1,-1,9,1,68,10,1968,2,6,SKODA KODIAQ,1,E01020103,0,1
2024991449087,2024,991449087,1,9,0,-1,19,3,7,-1,0,0,5,4,0,0,1,1,-1,9,2,43,7,1968,2,6,SKODA KODIAQ,8,-1,0,1
2024201485172,2024,201485172,1,9,0,-1,19,8,4,-1,0,8,0,0,0,0,1,1,-1,9,1,59,9,1968,2,4,SKODA KODIAQ,6,E01010011,0,2
2024061484199,2024,061484199,1,9,0,-1,9,5,3,-1,0,1,0,0,0,0,1,1,-1,9,2,33,6,1498,1,1,SKODA KODIAQ,7,E01005051,0,1
2024041451210,2024,041451210,2,9,0,-1,19,7,3,-1,0,0,0,0,0,0,1,1,-1,9,2,63,9,1968,2,1,SKODA KODIAQ,8,E01025506,0,1
2024010524998,2024,010524998,8,9,0,2,2,0,0,0,0,0,0,0,0,0,2,1,6,6,3,-1,-1,1968,2,7,SKODA KODIAQ,-1,-1,0,-1
2024302401705,2024,302401705,2,9,0,-1,2,0,0,-1,0,0,0,0,0,0,3,1,-1,6,3,-1,-1,1968,2,4,SKODA KODIAQ,-1,-1,0,-1
2024991462380,2024,991462380,1,9,0,-1,19,5,1,-1,0,0,2,0,1,3,4,1,-1,9,1,64,9,1968,2,2,SKODA KODIAQ,5,E01008648,0,5
2024991412917,2024,991412917,2,9,0,-1,19,7,3,-1,0,0,0,0,0,0,0,1,-1,9,2,36,7,1498,1,1,SKODA KODIAQ,6,-1,0,4
2024430609749,2024,430609749,2,9,0,2,2,0,0,0,0,0,0,0,0,0,3,1,6,6,3,-1,-1,1498,1,1,SKODA KODIAQ,-1,-1,0,-1
2024010499766,2024,010499766,1,9,0,99,99,9,9,99,99,9,9,99,9,99,9,1,6,6,3,21,5,1395,1,7,SKODA KODIAQ,8,E01004053,0,1
2024131422905,2024,131422905,1,9,0,-1,19,7,3,-1,0,3,0,0,0,0,1,1,-1,7,2,40,7,1968,2,7,SKODA KODIAQ,6,E01010920,0,1
2024471412192,2024,471412192,2,9,0,-1,19,8,4,-1,0,1,0,0,7,3,1,1,-1,9,2,75,10,1968,2,4,SKODA KODIAQ,9,E01031623,0,1
2024010521035,2024,010521035,1,9,0,99,99,9,9,99,99,9,9,99,9,99,2,9,6,6,2,47,8,1498,1,2,SKODA KODIAQ,2,E01004539,0,1
2024440287900,2024,440287900,1,9,0,18,19,1,3,0,0,2,0,0,0,0,1,1,1,1,1,14,3,1498,8,0,SKODA KODIAQ,10,E01022740,0,1
2024461483624,2024,461483624,2,9,0,-1,9,5,1,-1,0,1,0,0,0,0,0,1,-1,9,2,36,7,1498,1,1,SKODA KODIAQ,-1,-1,0,-1
2024430407204,2024,430407204,4,9,0,4,4,4,8,0,0,0,0,0,0,0,3,1,6,6,1,-1,-1,1984,1,2,SKODA KODIAQ,-1,-1,0,-1
2024201469289,2024,201469289,1,9,0,-1,9,3,7,-1,9,2,0,0,0,0,1,9,-1,6,1,43,7,1968,2,5,SKODA KODIAQ,1,E01009270,0,2
2024061492079,2024,061492079,4,9,0,-1,19,3,7,-1,0,1,0,0,0,0,0,1,-1,8,2,39,7,1984,1,1,SKODA KODIAQ,-1,-1,0,-1
2024471452266,2024,471452266,2,9,0,-1,19,5,1,-1,0,0,0,0,0,0,2,1,-1,1,1,54,8,1968,2,4,SKODA KODIAQ,2,E01031456,0,2
2024991483848,2024,991483848,3,17,0,-1,4,5,2,-1,0,0,0,0,0,0,0,1,-1,1,-1,34,6,4156,2,9,-1,-1,-1,0,-1
2024201452536,2024,201452536,1,9,0,-1,15,6,2,-1,0,8,0,0,0,0,1,9,-1,9,1,-1,-1,2995,1,6,AUDI S5,1,E01009062,0,1
2024010545173,2024,010545173,1,9,9,18,19,1,5,99,99,9,9,99,9,99,9,9,6,6,3,-1,-1,2995,1,7,AUDI S5,-1,-1,0,-1
2024631426836,2024,631426836,1,9,0,-1,13,7,3,-1,0,0,0,0,0,0,1,1,-1,6,1,50,8,2995,1,7,AUDI S5,9,E01028426,0,5
2024052400957,2024,052400957,2,9,0,2,2,0,0,0,0,1,0,4,7,0,2,1,6,6,3,-1,-1,2995,1,7,AUDI S5,-1,-1,0,-1
2024101451675,2024,101451675,2,9,0,-1,2,0,0,-1,0,2,0,0,0,0,2,1,-1,6,1,26,6,2967,2,3,AUDI S5,3,E01034513,0,1
2024471410437,2024,471410437,1,9,0,-1,19,5,1,-1,0,0,0,0,1,4,1,1,-1,6,1,38,7,2995,1,6,AUDI S5,10,E01031738,0,1
2024461404575,2024,461404575,2,9,0,-1,19,7,2,-1,0,0,0,0,0,0,2,9,-1,2,1,53,8,2995,1,8,AUDI S5,2,E01024596,0,4
2024010509591,2024,010509591,2,9,0,99,99,9,9,99,99,0,9,99,9,99,9,9,6,6,3,-1,-1,2995,1,7,AUDI S5,-1,-1,0,-1
2024440302222,2024,440302222,2,9,0,2,2,3,7,0,0,0,0,0,0,0,2,1,6,6,3,-1,-1,4163,1,17,AUDI S5,-1,-1,0,-1
2024141490256,2024,141490256,1,9,0,-1,19,6,2,-1,0,0,0,0,0,0,1,1,-1,2,1,43,7,2995,1,7,AUDI S5,7,E01007553,0,4
2024501492657,2024,501492657,1,9,0,-1,5,-1,-1,-1,0,8,0,0,0,0,9,1,-1,6,1,28,6,4163,1,16,AUDI S5,8,E01015128,0,1
2024461471595,2024,461471595,1,9,0,-1,19,6,2,-1,9,0,1,10,1,0,1,1,-1,6,1,21,5,2995,1,7,AUDI S5,8,E01017821,0,4
2024010528949,2024,010528949,2,9,0,5,5,0,4,2,2,2,0,4,0,0,1,1,6,6,1,35,6,2995,1,7,AUDI S5,3,E01003479,0,3