collision_index,collision_year,collision_ref_no,vehicle_reference,vehicle_type,towing_and_articulation,vehicle_manoeuvre_historic,vehicle_manoeuvre,vehicle_direction_from,vehicle_direction_to,vehicle_location_restricted_lane_historic,vehicle_location_restricted_lane,junction_location,skidding_and_overturning,hit_object_in_carriageway,vehicle_leaving_carriageway,hit_object_off_carriageway,first_point_of_impact,vehicle_left_hand_drive,journey_purpose_of_driver_historic,journey_purpose_of_driver,sex_of_driver,age_of_driver,age_band_of_driver,engine_capacity_cc,propulsion_code,age_of_vehicle,generic_make_model,driver_imd_decile,lsoa_of_driver,escooter_flag,driver_distance_banding
2024451520669,2024,451520669,1,9,0,-1,19,1,5,-1,0,0,2,0,1,7,1,1,-1,6,1,29,6,2995,1,6,AUDI S5,5,E01001859,0,3
2024411538520,2024,411538520,1,9,0,-1,19,1,5,-1,0,0,0,0,0,0,2,1,-1,6,1,30,6,2995,1,6,AUDI S5,9,E01023525,0,1
2024201444227,2024,201444227,2,9,0,-1,19,2,6,-1,0,0,1,0,0,0,3,1,-1,6,1,44,7,2995,1,8,AUDI S5,9,E01010154,0,1
2024411540843,2024,411540843,2,9,0,-1,-1,-1,-1,-1,0,1,0,0,0,0,1,9,-1,6,1,56,9,2995,1,7,AUDI S5,8,E01023709,0,3
2024131488877,2024,131488877,2,9,0,-1,7,7,7,-1,0,3,0,0,0,0,4,1,-1,1,1,26,6,2995,1,7,AUDI S5,2,E01010728,0,3
2024010501207,2024,010501207,1,9,0,99,99,9,9,99,99,0,9,99,9,99,1,9,6,6,1,28,6,2995,1,6,AUDI S5,9,E01022099,0,4
2024131522857,2024,131522857,1,9,0,-1,19,5,1,-1,0,8,0,0,0,0,1,1,-1,6,1,42,7,2995,1,9,AUDI S5,2,E01011359,0,1
2024451434975,2024,451434975,1,9,0,-1,19,1,3,-1,0,0,0,0,0,0,1,9,-1,6,3,40,7,2995,1,8,AUDI S5,-1,-1,0,-1
2024010493802,2024,010493802,1,9,0,9,9,7,5,0,0,6,0,0,0,0,1,1,6,6,1,32,6,2995,1,7,AUDI S5,3,E01001819,0,1
2024531432498,2024,531432498,2,9,0,-1,4,5,1,-1,0,1,0,0,0,0,2,1,-1,1,1,27,6,4163,1,16,AUDI S5,2,E01022292,0,1
2024131451018,2024,131451018,1,9,0,-1,19,7,3,-1,0,4,0,0,0,0,3,1,-1,9,1,69,10,2995,1,6,AUDI S5,8,E01027896,0,4
2024211418775,2024,211418775,1,9,0,-1,19,6,2,-1,0,1,0,0,0,0,1,9,-1,6,1,70,10,1895,1,25,-1,6,E01029471,0,1
2024501432186,2024,501432186,1,9,0,-1,4,6,4,-1,4,0,0,0,0,0,0,1,-1,9,2,75,10,1895,1,23,-1,5,E01018820,0,1
2024531479447,2024,531479447,1,9,0,-1,19,1,5,-1,0,1,0,0,0,0,1,1,-1,9,1,18,4,2793,1,26,-1,6,E01034797,0,1
2024311483219,2024,311483219,2,9,0,-1,9,5,1,-1,0,6,1,0,0,0,1,1,-1,9,1,51,8,1991,1,25,-1,-1,-1,0,-1
2024141482823,2024,141482823,1,9,0,-1,19,3,1,-1,0,3,0,0,0,0,3,1,-1,2,1,24,5,1895,1,25,-1,1,E01013311,0,4
2024061518318,2024,061518318,2,9,0,-1,19,-1,-1,-1,0,9,0,0,0,0,1,1,-1,6,1,-1,-1,2793,1,25,-1,-1,-1,0,-1
2024122401205,2024,122401205,2,5,0,18,19,7,5,0,0,8,1,0,0,0,1,1,6,6,1,56,9,996,1,18,-1,9,E01027577,0,1
2024451499756,2024,451499756,1,5,0,-1,19,7,3,-1,0,8,2,10,3,0,3,1,-1,6,1,64,9,998,1,16,-1,4,E01031980,0,4
2024631457850,2024,631457850,1,9,0,-1,19,8,5,-1,0,0,0,0,0,0,1,1,-1,6,1,17,4,1598,2,5,FIAT TIPO,6,W01000524,0,1
2024361524469,2024,361524469,1,9,0,-1,10,7,5,-1,0,6,0,0,0,0,3,1,-1,9,2,26,6,1368,1,7,FIAT TIPO,2,E01026277,0,3
2024471433637,2024,471433637,1,9,0,-1,19,4,8,-1,0,2,0,0,0,0,3,1,-1,6,2,68,10,1368,1,5,FIAT TIPO,6,E01031660,0,1
2024501411394,2024,501411394,2,9,0,-1,19,1,5,-1,0,1,0,0,0,0,1,9,-1,6,2,24,5,1368,1,4,FIAT TIPO,2,E01015072,0,4
2024610008624,2024,610008624,1,9,0,18,19,3,7,0,0,0,0,0,0,0,1,1,3,7,1,51,8,1368,1,7,FIAT TIPO,7,W01001507,0,2
2024302400567,2024,302400567,2,9,0,18,19,2,6,0,0,1,0,0,0,0,3,1,6,6,1,26,6,1368,1,7,FIAT TIPO,3,E01019569,0,1
2024552400704,2024,552400704,1,9,0,9,9,1,7,4,4,5,0,0,0,0,4,1,6,6,1,80,11,1368,1,6,FIAT TIPO,6,E01008078,0,5
2024141440856,2024,141440856,2,9,0,-1,4,5,1,-1,0,0,0,0,0,0,1,1,-1,6,2,28,6,1598,2,7,FIAT TIPO,1,E01007719,0,1
2024010551763,2024,010551763,1,9,0,99,99,9,9,99,99,9,9,99,9,99,2,9,6,6,1,34,6,1368,1,7,FIAT TIPO,2,E01003066,0,1
2024061462672,2024,061462672,1,9,0,-1,19,7,3,-1,0,2,0,0,0,0,4,1,-1,6,1,18,4,1248,2,7,FIAT TIPO,5,E01005647,0,1
2024010521472,2024,010521472,1,9,0,18,19,5,1,0,0,8,0,0,0,0,1,1,6,6,3,-1,-1,1598,2,4,FIAT TIPO,-1,-1,0,-1
2024211502294,2024,211502294,2,9,0,-1,9,7,5,-1,0,1,0,0,0,0,1,1,-1,9,1,17,4,1368,1,7,FIAT TIPO,-1,-1,0,-1
2024361497917,2024,361497917,2,9,0,-1,2,0,0,-1,0,1,0,0,0,0,3,1,-1,9,2,30,6,1368,1,7,FIAT TIPO,5,E01026911,0,1
2024211426965,2024,211426965,2,9,0,-1,19,5,2,-1,0,0,0,0,1,2,3,1,-1,2,1,36,7,999,1,2,FIAT TIPO,9,E01010497,0,2
2024052401698,2024,052401698,2,9,0,18,19,8,4,0,0,8,0,0,0,0,3,1,6,6,1,67,10,1368,1,6,FIAT TIPO,8,E01006582,0,1
2024302401793,2024,302401793,1,9,0,18,19,8,4,0,0,8,0,0,1,0,1,1,1,1,2,23,5,1598,1,7,FIAT TIPO,9,E01019850,0,1
2024221435485,2024,221435485,1,9,0,-1,19,8,4,-1,0,8,0,0,0,0,1,9,-1,9,1,78,11,1368,1,8,FIAT TIPO,6,E01032417,0,1
2024070627588,2024,070627588,1,9,0,18,19,5,1,0,0,1,0,0,0,0,1,1,6,6,1,60,9,1368,1,7,FIAT TIPO,7,E01026584,0,5
2024351485001,2024,351485001,2,9,0,-1,19,-1,-1,-1,0,8,0,0,0,0,3,1,-1,9,2,25,5,1248,2,7,FIAT TIPO,9,E01015629,0,3
2024361442884,2024,361442884,2,9,0,-1,2,0,0,-1,0,4,0,0,0,0,3,1,-1,9,2,51,8,1368,1,4,FIAT TIPO,3,E01026602,0,4
2024061454765,2024,061454765,2,9,0,-1,9,1,7,-1,0,8,0,0,0,0,1,1,-1,6,1,50,8,1368,1,7,FIAT TIPO,3,E01006217,0,1
2024141461896,2024,141461896,1,9,0,-1,19,1,5,-1,0,8,0,0,0,0,4,1,-1,9,1,26,6,1368,1,5,FIAT TIPO,6,E01007725,0,1
2024141511683,2024,141511683,2,9,0,-1,4,3,7,-1,0,1,0,0,0,0,1,2,-1,1,1,81,11,1368,1,4,FIAT TIPO,6,E01007836,0,1
2024141503935,2024,141503935,1,9,0,-1,19,3,7,-1,0,8,0,0,0,0,2,1,-1,2,2,26,6,1368,1,6,FIAT TIPO,1,E01008055,0,1
2024471424340,2024,471424340,2,9,0,-1,19,4,1,-1,0,0,1,0,2,0,3,1,-1,9,1,83,11,1368,1,4,FIAT TIPO,10,E01031425,0,2
2024471436798,2024,471436798,2,9,0,-1,19,8,4,-1,0,0,0,0,0,0,1,1,-1,9,1,20,4,1368,1,8,FIAT TIPO,3,E01024620,0,4
2024201472405,2024,201472405,2,9,0,-1,3,7,3,-1,0,0,0,0,0,0,2,1,-1,6,2,44,7,999,1,2,FIAT TIPO,3,E01010425,0,1
2024041524599,2024,041524599,2,9,0,-1,9,3,1,-1,0,8,0,0,0,0,3,1,-1,9,1,32,6,1368,1,7,FIAT TIPO,2,E01025232,0,3
2024052402550,2024,052402550,3,9,0,18,19,3,7,0,0,4,0,0,0,0,2,1,6,6,1,57,9,1598,2,5,FIAT TIPO,1,E01006442,0,1
2024631535534,2024,631535534,1,9,0,-1,7,2,4,-1,0,6,0,0,0,0,3,1,-1,9,2,28,6,1368,1,3,FIAT TIPO,7,W01000561,0,2
2024991412893,2024,991412893,2,9,0,-1,19,5,1,-1,0,0,0,0,0,0,1,1,-1,1,2,20,4,1368,1,7,FIAT TIPO,8,-1,0,3
2024361439330,2024,361439330,3,9,0,-1,19,5,1,-1,0,1,0,0,0,0,1,1,-1,9,1,29,6,1368,1,7,FIAT TIPO,7,E01029981,0,4
2024320072150,2024,320072150,1,9,0,-1,-1,7,3,0,0,1,0,4,0,0,1,1,-1,-1,1,59,9,1368,1,5,FIAT TIPO,4,E01026253,0,1
2024421533205,2024,421533205,1,9,0,-1,5,5,1,-1,0,0,0,0,0,0,1,1,-1,9,1,78,11,1368,1,7,FIAT TIPO,10,E01021805,0,2
2024421512223,2024,421512223,2,9,0,-1,4,5,1,-1,0,0,0,0,0,0,2,1,-1,6,1,55,8,999,1,3,FIAT TIPO,6,W01000560,0,5
2024010505725,2024,010505725,1,9,0,6,6,1,1,0,0,0,0,0,0,0,3,1,6,6,1,26,6,1368,1,7,FIAT TIPO,-1,-1,0,-1
2024221454192,2024,221454192,1,9,0,-1,19,6,2,-1,0,0,0,0,0,0,4,1,-1,6,2,45,7,1598,2,7,FIAT TIPO,8,E01028844,0,1
2024411504993,2024,411504993,1,9,0,-1,12,1,4,-1,0,0,0,0,0,0,2,1,-1,1,2,48,8,999,1,1,FIAT TIPO,7,E01023492,0,2
2024010506220,2024,010506220,2,9,0,18,19,9,9,99,99,9,9,99,9,99,1,9,6,6,2,41,7,1368,1,7,FIAT TIPO,2,E01004272,0,1
2024010522810,2024,010522810,1,9,0,18,19,6,2,0,0,0,0,4,0,0,3,1,6,6,2,34,6,1368,1,7,FIAT TIPO,-1,-1,0,-1
2024471481541,2024,471481541,1,9,0,-1,19,5,1,-1,0,1,0,0,0,0,1,1,-1,9,1,38,7,1993,1,39,-1,8,E01020987,0,1
2024451512280,2024,451512280,1,5,0,-1,10,1,5,-1,0,1,0,0,0,0,2,1,-1,9,1,31,6,1868,1,5,-1,4,E01002557,0,2
2024547875924,2024,547875924,1,5,0,18,19,5,1,0,0,1,0,0,0,0,1,1,6,6,1,-1,-1,1202,1,14,HARLEY-DAVIDSON XL,-1,-1,0,-1
2024522401819,2024,522401819,1,5,0,4,4,2,6,0,0,0,0,0,0,0,9,1,6,6,1,58,9,883,1,20,HARLEY-DAVIDSON XL,4,E01014622,0,1
2024010543087,2024,010543087,1,5,0,18,19,1,5,0,0,1,1,4,0,0,3,1,2,2,1,35,6,883,1,10,HARLEY-DAVIDSON XL,5,E01003161,0,2
2024361403472,2024,361403472,1,5,0,-1,10,6,3,-1,0,1,0,0,0,0,0,1,-1,9,1,62,9,1200,1,17,HARLEY-DAVIDSON XL,10,E01026906,0,4
2024361490965,2024,361490965,2,5,0,-1,19,5,3,-1,0,0,0,0,0,0,4,1,-1,9,1,32,6,883,1,7,HARLEY-DAVIDSON XL,10,E01026507,0,1
2024361489022,2024,361489022,1,5,0,-1,19,7,4,-1,0,1,1,0,1,11,1,1,-1,9,1,67,10,1202,1,8,HARLEY-DAVIDSON XL,5,E01026464,0,1
2024631469961,2024,631469961,1,2,0,-1,5,2,6,-1,0,0,0,0,0,0,4,1,-1,9,1,67,10,883,1,26,HARLEY-DAVIDSON XL,4,E01020321,0,5
2024471463192,2024,471463192,2,5,0,-1,19,2,4,-1,0,1,0,0,0,0,3,1,-1,9,1,79,11,1202,1,5,HARLEY-DAVIDSON XL,7,E01021093,0,2
2024461485647,2024,461485647,1,5,0,-1,10,4,2,-1,0,8,0,0,0,0,3,1,-1,6,2,64,9,883,1,15,HARLEY-DAVIDSON XL,4,E01024696,0,1
2024111426020,2024,111426020,1,5,0,-1,13,7,7,-1,0,0,1,10,0,0,4,1,-1,9,1,46,8,883,1,9,HARLEY-DAVIDSON XL,2,E01008456,0,4
2024421428034,2024,421428034,2,5,0,-1,19,1,5,-1,0,8,0,0,0,0,3,1,-1,9,1,53,8,883,1,6,HARLEY-DAVIDSON XL,-1,-1,0,-1
2024010497641,2024,010497641,2,5,0,13,13,5,1,0,0,0,2,0,0,0,1,1,6,6,1,55,8,883,1,6,HARLEY-DAVIDSON XL,-1,-1,0,-1
2024031494590,2024,031494590,2,2,0,-1,19,6,2,-1,0,8,0,0,0,0,3,1,-1,6,1,38,7,1200,1,18,HARLEY-DAVIDSON XL,3,E01019271,0,1
2024531493537,2024,531493537,2,5,0,-1,19,5,1,-1,0,1,5,0,0,0,4,1,-1,9,1,33,6,1200,1,15,HARLEY-DAVIDSON XL,6,E01022249,0,2
2024451435735,2024,451435735,2,5,0,-1,19,8,4,-1,0,1,2,0,0,0,1,1,-1,2,1,52,8,883,1,15,HARLEY-DAVIDSON XL,10,E01004094,0,2
2024041444887,2024,041444887,2,5,0,-1,19,7,3,-1,0,0,0,0,0,0,4,1,-1,6,1,41,7,883,1,21,HARLEY-DAVIDSON XL,2,E01005661,0,4
2024201443189,2024,201443189,2,5,0,-1,14,8,4,-1,0,8,0,0,0,0,4,1,-1,6,1,35,6,1200,1,22,HARLEY-DAVIDSON XL,1,E01009339,0,2
2024520402803,2024,520402803,1,5,0,18,19,5,3,0,0,8,0,0,0,0,1,1,6,6,3,-1,-1,1202,1,9,HARLEY-DAVIDSON XL,-1,-1,0,-1
2024991491362,2024,991491362,2,4,0,-1,9,1,7,-1,0,8,5,0,0,0,2,1,-1,9,1,63,9,1202,1,7,HARLEY-DAVIDSON XL,8,-1,0,5
2024991467388,2024,991467388,1,5,0,-1,19,8,4,-1,0,0,5,0,0,0,4,1,-1,9,1,43,7,1202,1,8,HARLEY-DAVIDSON XL,9,E01022013,0,5
2024131418743,2024,131418743,1,5,0,-1,14,5,1,-1,0,0,0,0,0,0,1,1,-1,6,1,85,11,1202,1,5,HARLEY-DAVIDSON XL,4,E01011409,0,1
2024320489533,2024,320489533,2,5,0,14,14,8,4,0,0,8,5,0,0,0,1,1,-1,-1,1,67,10,883,1,13,HARLEY-DAVIDSON XL,2,E01026172,0,1
2024552400507,2024,552400507,2,5,0,18,19,7,3,0,0,8,0,0,0,0,1,1,6,6,1,57,9,1202,1,6,HARLEY-DAVIDSON XL,10,E01020420,0,3
2024211454464,2024,211454464,1,5,0,-1,19,7,3,-1,0,3,0,0,0,0,3,1,-1,9,1,50,8,883,1,6,HARLEY-DAVIDSON XL,3,E01029381,0,1
2024010526022,2024,010526022,2,5,0,14,14,5,1,0,0,1,0,0,0,0,1,1,6,6,1,58,9,1202,1,5,HARLEY-DAVIDSON XL,3,E01001864,0,1
2024010509451,2024,010509451,2,5,0,18,19,5,1,0,0,5,0,0,0,0,1,1,6,6,1,32,6,883,1,9,HARLEY-DAVIDSON XL,4,E01030640,0,4
2024070115409,2024,070115409,1,5,0,13,13,6,2,0,0,0,0,11,0,0,1,1,2,2,1,50,8,883,1,8,HARLEY-DAVIDSON XL,7,E01002687,0,5
2024471446191,2024,471446191,1,5,0,-1,19,4,2,-1,0,0,1,0,0,0,1,1,-1,9,1,52,8,883,1,15,HARLEY-DAVIDSON XL,5,E01021099,0,2
2024552400756,2024,552400756,2,5,0,18,19,4,8,0,0,8,0,0,0,0,1,1,6,6,1,30,6,883,1,10,HARLEY-DAVIDSON XL,3,E01020574,0,3
2024401465235,2024,401465235,2,5,0,-1,5,1,2,-1,0,3,0,0,0,0,1,1,-1,2,1,73,10,1202,1,8,HARLEY-DAVIDSON XL,8,E01017465,0,2
2024131470026,2024,131470026,1,5,0,-1,19,1,5,-1,0,8,0,0,0,0,4,1,-1,2,1,33,6,883,1,6,HARLEY-DAVIDSON XL,2,E01011028,0,1
2024340WN1602,2024,340WN1602,2,3,0,-1,19,1,5,-1,0,1,0,0,0,0,1,1,-1,6,1,37,7,883,1,7,HARLEY-DAVIDSON XL,-1,-1,0,-1
2024610051324,2024,610051324,1,5,0,13,13,5,1,0,0,0,0,0,0,0,3,1,6,6,1,53,8,1200,1,19,HARLEY-DAVIDSON XL,2,W01001482,0,2
2024361452619,2024,361452619,2,5,0,-1,19,5,8,-1,0,8,0,0,0,0,1,1,-1,9,1,60,9,883,1,7,HARLEY-DAVIDSON XL,5,E01026761,0,4
2024471439643,2024,471439643,1,5,0,-1,11,7,3,-1,0,0,0,0,0,0,0,1,-1,9,1,41,7,883,1,19,HARLEY-DAVIDSON XL,5,E01031394,0,4
2024991497173,2024,991497173,1,4,0,-1,19,4,8,-1,0,0,1,0,0,0,1,1,-1,9,1,45,7,1202,1,6,HARLEY-DAVIDSON XL,5,E01032660,0,5
2024421511276,2024,421511276,1,5,0,-1,19,7,3,-1,0,0,1,0,1,0,1,1,-1,6,1,63,9,1200,1,17,HARLEY-DAVIDSON XL,6,E01021298,0,4
2024010509771,2024,010509771,1,5,0,18,19,7,3,0,0,0,0,0,1,10,1,1,6,6,1,57,9,1202,1,9,HARLEY-DAVIDSON XL,-1,-1,0,-1
2024351482190,2024,351482190,1,5,0,-1,19,6,2,-1,0,0,1,0,7,0,3,1,-1,6,2,38,7,1202,1,8,HARLEY-DAVIDSON XL,5,E01035532,0,1
2024631461022,2024,631461022,2,5,0,-1,19,8,5,-1,0,0,1,0,0,0,0,1,-1,9,1,73,10,883,1,19,HARLEY-DAVIDSON XL,7,W01000430,0,2
2024010530727,2024,010530727,1,5,0,18,19,1,5,0,0,0,0,0,0,0,1,1,6,6,1,57,9,883,1,23,HARLEY-DAVIDSON XL,5,E01001686,0,1
2024501434118,2024,501434118,1,5,0,-1,19,2,6,-1,0,0,1,0,0,0,3,1,-1,9,1,41,7,1202,1,7,HARLEY-DAVIDSON XL,4,E01018876,0,2
2024461516618,2024,461516618,1,5,0,-1,12,5,1,-1,0,0,2,10,0,0,1,1,-1,9,1,27,6,883,1,16,HARLEY-DAVIDSON XL,3,E01001637,0,3
2024010528346,2024,010528346,1,4,0,18,19,5,1,0,0,1,0,0,0,0,4,1,6,6,1,76,11,1200,1,20,HARLEY-DAVIDSON XL,5,E01002449,0,1
2024061411095,2024,061411095,1,5,0,-1,19,7,3,-1,0,0,5,0,0,0,3,1,-1,6,1,67,10,883,1,7,HARLEY-DAVIDSON XL,1,E01028301,0,4
2024041422651,2024,041422651,1,5,0,-1,9,3,3,-1,9,0,1,0,0,0,3,1,-1,9,1,37,7,883,1,14,HARLEY-DAVIDSON XL,10,E01025534,0,1
2024421470504,2024,421470504,1,3,0,-1,19,2,6,-1,0,1,1,0,0,0,4,1,-1,9,1,39,7,125,1,13,HONDA PES 125,-1,-1,0,-1
2024010530190,2024,010530190,1,3,0,18,19,3,7,0,0,1,1,10,0,0,1,1,6,6,1,44,7,125,1,16,HONDA PES 125,4,E01003114,0,1
2024010545373,2024,010545373,2,3,0,-1,-1,5,1,0,0,2,0,0,0,0,3,1,6,6,1,22,5,125,1,14,HONDA PES 125,-1,-1,0,-1
2024010516017,2024,010516017,1,3,0,18,19,1,5,0,0,1,2,0,0,0,1,1,2,2,1,30,6,125,1,10,HONDA PES 125,5,E01000676,0,1
2024010528799,2024,010528799,2,4,0,3,3,1,5,0,0,8,0,0,0,0,4,1,6,6,1,46,8,125,1,11,HONDA PES 125,7,E01001346,0,1
2024010503581,2024,010503581,1,4,0,18,19,1,5,0,0,1,0,0,0,0,1,1,2,2,1,61,9,125,1,12,HONDA PES 125,5,E01001157,0,2
2024430221839,2024,430221839,2,3,0,18,19,4,8,0,0,8,0,0,0,0,1,1,2,2,1,24,5,125,1,12,HONDA PES 125,4,E01016518,0,1
2024451403544,2024,451403544,1,3,0,-1,19,5,1,-1,0,0,1,0,0,0,3,1,-1,9,2,32,6,125,1,12,HONDA PES 125,5,E01000747,0,2
2024052401919,2024,052401919,1,3,0,18,19,5,1,0,0,1,0,0,0,0,1,1,6,6,1,30,6,125,1,16,HONDA PES 125,1,E01007290,0,1
2024471458974,2024,471458974,2,3,0,-1,19,3,7,-1,0,1,0,0,0,0,1,1,-1,9,1,22,5,125,1,15,HONDA PES 125,1,E01020983,0,1
2024010528159,2024,010528159,1,3,0,99,99,9,9,99,99,9,9,99,9,99,9,1,2,2,3,22,5,125,1,14,HONDA PES 125,5,E01032741,0,1
2024010497745,2024,010497745,1,4,0,18,19,1,5,0,0,1,0,0,0,0,3,1,6,6,1,33,6,125,1,15,HONDA PES 125,3,E01000948,0,1
2024010544181,2024,010544181,1,3,0,14,14,3,7,0,0,0,0,0,0,0,3,1,1,1,1,38,7,125,1,11,HONDA PES 125,-1,-1,0,-1
2024010532825,2024,010532825,1,3,0,17,19,2,6,9,9,8,0,0,1,1,1,1,2,2,1,19,4,125,1,12,HONDA PES 125,6,E01003958,0,2
2024501410701,2024,501410701,1,4,0,-1,19,5,5,-1,0,1,0,0,0,0,1,1,-1,6,1,22,5,450,1,-1,-1,3,E01015218,0,1
202417M207124,2024,17M207124,2,4,0,-1,13,8,4,-1,0,8,0,0,0,0,1,1,-1,9,1,27,6,350,1,5,-1,6,E01012022,0,2
2024061449619,2024,061449619,1,3,0,-1,19,1,5,-1,0,0,0,0,0,0,0,1,-1,9,1,44,7,125,1,18,-1,1,E01033669,0,1
2024991401481,2024,991401481,1,9,0,-1,19,4,8,-1,0,0,1,0,4,0,4,1,-1,9,1,29,6,1997,1,6,JAGUAR F-TYPE,-1,-1,0,-1
2024302400593,2024,302400593,1,9,0,13,13,6,2,0,0,0,1,0,7,10,3,1,6,6,1,71,10,5000,1,6,JAGUAR F-TYPE,3,E01019690,0,2
2024501520424,2024,501520424,1,9,0,-1,19,8,4,-1,0,0,1,0,1,11,4,1,-1,9,1,29,6,5000,1,3,JAGUAR F-TYPE,5,E01020319,0,1
2024501520887,2024,501520887,1,9,0,-1,13,4,8,-1,0,0,2,0,1,4,1,1,-1,6,1,72,10,1997,1,6,JAGUAR F-TYPE,1,E01019041,0,4
2024471508539,2024,471508539,2,9,0,-1,19,6,2,-1,0,1,0,0,0,0,1,1,-1,2,1,55,8,5000,1,4,JAGUAR F-TYPE,8,E01020931,0,1
202417S411324,2024,17S411324,1,9,0,-1,19,2,6,-1,0,1,0,0,0,0,1,1,-1,2,2,59,9,1997,1,4,JAGUAR F-TYPE,-1,-1,0,-1
2024131444785,2024,131444785,1,9,0,-1,4,4,8,-1,0,1,0,0,0,0,1,1,-1,6,3,-1,-1,1997,1,3,JAGUAR F-TYPE,-1,-1,0,-1
2024548088224,2024,548088224,2,9,0,18,19,8,4,0,0,0,2,0,1,0,4,1,2,2,1,70,10,2995,1,5,JAGUAR F-TYPE,8,E01021167,0,5
2024010521609,2024,010521609,3,9,0,2,2,0,0,6,6,1,0,0,0,0,4,1,6,6,3,-1,-1,2995,1,10,JAGUAR F-TYPE,-1,-1,0,-1
2024440071506,2024,440071506,1,9,0,18,19,3,7,0,0,0,1,0,2,7,1,1,6,6,1,54,8,2995,1,4,JAGUAR F-TYPE,7,E01022713,0,1
2024440536256,2024,440536256,1,9,0,12,12,5,1,0,0,0,0,0,7,9,1,1,6,6,1,69,10,2995,1,8,JAGUAR F-TYPE,9,E01022625,0,4
2024531429911,2024,531429911,2,9,0,-1,19,7,3,-1,0,8,0,0,0,0,3,9,-1,9,1,52,8,1997,1,4,JAGUAR F-TYPE,6,E01022267,0,3
2024131462867,2024,131462867,2,9,0,-1,19,3,7,-1,0,8,0,0,7,0,4,1,-1,6,1,63,9,2995,1,7,JAGUAR F-TYPE,9,E01010954,0,1
2024411466234,2024,411466234,1,9,0,-1,19,6,2,-1,0,0,1,0,2,1,2,1,-1,9,2,62,9,1997,1,2,JAGUAR F-TYPE,9,E01023466,0,4
2024371471513,2024,371471513,1,9,0,-1,19,5,1,-1,0,0,1,0,2,0,4,1,-1,1,1,42,7,5000,1,3,JAGUAR F-TYPE,7,E01033449,0,3
2024221460499,2024,221460499,3,9,0,-1,3,4,6,-1,0,0,0,0,0,0,2,1,-1,6,1,58,9,2995,1,5,JAGUAR F-TYPE,4,E01014015,0,1
2024440190014,2024,440190014,2,9,0,4,4,8,4,0,0,0,0,0,0,0,2,1,2,2,1,23,5,2995,1,7,JAGUAR F-TYPE,10,E01023189,0,3
2024451489197,2024,451489197,1,3,0,-1,19,5,1,-1,0,0,0,0,0,0,1,1,-1,2,1,26,6,125,1,8,KAWASAKI SC,8,E01030393,0,3
2024461495399,2024,461495399,2,3,0,-1,19,7,3,-1,0,2,0,0,0,0,1,1,-1,1,1,43,7,125,1,6,KAWASAKI SC,2,E01024126,0,4
2024010514882,2024,010514882,1,3,0,99,99,9,9,99,99,9,9,99,9,99,9,1,1,1,3,26,6,125,1,7,KAWASAKI SC,6,E01003130,0,1
2024471480246,2024,471480246,2,3,0,-1,19,1,5,-1,0,1,5,0,0,0,1,1,-1,9,1,32,6,125,1,6,KAWASAKI SC,3,E01031358,0,1
2024411434721,2024,411434721,2,4,0,-1,9,7,3,-1,0,0,0,0,0,0,1,1,-1,6,1,56,9,299,1,8,KAWASAKI SC,3,E01023637,0,1
2024461528259,2024,461528259,2,3,0,-1,19,4,8,-1,0,1,0,0,0,0,1,1,-1,2,1,29,6,125,1,7,KAWASAKI SC,1,E01024682,0,1
2024430019320,2024,430019320,2,4,0,18,19,1,5,0,0,8,0,0,0,0,1,1,6,6,1,58,9,299,1,9,KAWASAKI SC,1,E01016847,0,1
2024451425552,2024,451425552,1,3,0,-1,19,6,2,-1,0,0,0,0,0,0,1,1,-1,9,1,36,7,125,1,8,KAWASAKI SC,4,E01002559,0,1
2024010502205,2024,010502205,1,3,0,99,99,9,9,99,99,9,9,99,9,99,1,1,1,1,1,25,5,125,1,8,KAWASAKI SC,4,E01000610,0,2
2024461444237,2024,461444237,1,4,0,-1,4,4,1,-1,0,8,1,0,1,10,2,1,-1,6,1,20,4,299,1,9,KAWASAKI SC,6,E01016057,0,1
2024552401061,2024,552401061,2,3,0,18,19,2,6,0,0,8,0,0,0,0,1,1,6,6,1,21,5,125,1,4,KAWASAKI SC,5,E01015375,0,1
2024101483744,2024,101483744,1,4,0,-1,19,5,1,-1,0,1,1,0,1,0,1,1,-1,6,1,20,4,298,1,0,-1,2,E01008509,0,1
2024010536726,2024,010536726,1,3,0,18,19,3,7,0,0,8,0,0,0,0,4,1,2,2,1,51,8,125,1,4,-1,-1,-1,0,-1
2024311431230,2024,311431230,1,3,0,-1,3,3,5,-1,0,1,0,0,0,0,4,1,-1,6,1,61,9,125,1,4,-1,-1,-1,0,-1
2024010540772,2024,010540772,1,3,0,16,19,1,5,0,0,1,0,0,0,0,1,1,2,2,1,20,4,125,1,1,-1,3,E01003574,0,1
2024471459266,2024,471459266,1,4,0,-1,19,3,7,-1,0,0,0,0,1,0,4,1,-1,9,1,63,9,169,1,3,-1,8,E01022636,0,4
2024131501740,2024,131501740,1,3,0,-1,13,4,8,-1,0,1,2,0,0,0,1,1,-1,9,1,28,6,125,1,1,-1,2,E01011815,0,1
2024461396290,2024,461396290,2,3,0,-1,19,4,8,-1,0,8,0,0,0,0,1,1,-1,6,1,51,8,125,1,2,-1,6,E01024572,0,1