collision_index,collision_year,collision_ref_no,vehicle_reference,vehicle_type,towing_and_articulation,vehicle_manoeuvre_historic,vehicle_manoeuvre,vehicle_direction_from,vehicle_direction_to,vehicle_location_restricted_lane_historic,vehicle_location_restricted_lane,junction_location,skidding_and_overturning,hit_object_in_carriageway,vehicle_leaving_carriageway,hit_object_off_carriageway,first_point_of_impact,vehicle_left_hand_drive,journey_purpose_of_driver_historic,journey_purpose_of_driver,sex_of_driver,age_of_driver,age_band_of_driver,engine_capacity_cc,propulsion_code,age_of_vehicle,generic_make_model,driver_imd_decile,lsoa_of_driver,escooter_flag,driver_distance_banding
2024010526900,2024,010526900,1,3,0,18,19,7,3,0,0,1,0,0,0,0,1,1,2,2,1,44,7,125,1,5,LEXMOTO LXR,-1,-1,0,-1
2024544098124,2024,544098124,1,3,0,1,1,2,6,0,0,0,0,0,0,0,0,1,6,6,1,26,6,125,1,4,LEXMOTO LXR,4,E01015492,0,1
2024320631935,2024,320631935,1,3,0,-1,-1,5,1,0,0,0,2,12,0,0,1,1,-1,-1,1,17,4,124,1,0,LEXMOTO LXR,5,E01026249,0,1
2024430011653,2024,430011653,1,3,0,18,19,4,8,0,0,1,0,0,0,0,3,1,4,7,1,17,4,124,1,0,LEXMOTO LXR,10,E01016781,0,1
2024461486633,2024,461486633,1,3,0,-1,9,5,3,-1,0,1,1,0,3,0,0,1,-1,2,1,22,5,124,1,3,LEXMOTO LXR,8,E01035361,0,3
2024471464311,2024,471464311,2,4,0,-1,19,4,8,-1,0,1,1,0,0,0,0,1,-1,9,1,21,5,124,1,3,LEXMOTO LXR,4,E01031671,0,1
2024501403515,2024,501403515,2,3,0,-1,19,3,7,-1,0,1,5,0,0,0,1,1,-1,6,1,17,4,125,1,4,LEXMOTO LXR,3,E01020282,0,1
2024430505046,2024,430505046,2,4,0,5,5,3,7,0,0,1,0,0,0,0,1,1,6,6,2,19,4,124,1,0,LEXMOTO LXR,5,E01016756,0,1
2024010533315,2024,010533315,2,3,0,10,10,5,3,0,0,1,0,0,0,0,3,1,6,6,1,50,8,125,1,4,LEXMOTO LXR,4,E01002726,0,1
2024520402692,2024,520402692,1,3,0,18,19,2,6,0,0,0,0,0,0,0,0,1,6,6,1,24,5,125,1,5,LEXMOTO LXR,9,E01029264,0,1
2024101437156,2024,101437156,2,3,0,-1,19,5,1,-1,0,4,2,0,7,0,4,1,-1,2,1,40,7,125,1,4,LEXMOTO LXR,2,E01008474,0,2
2024430431493,2024,430431493,1,3,0,7,7,7,1,0,0,1,0,0,0,0,1,1,2,2,1,18,4,125,1,4,LEXMOTO LXR,10,E01028823,0,3
2024610024224,2024,610024224,2,3,0,18,19,8,4,0,0,1,0,0,0,0,1,1,2,2,1,25,5,125,1,3,LEXMOTO LXR,6,W01001204,0,3
2024061422300,2024,061422300,2,3,0,-1,10,3,8,-1,0,1,0,0,0,0,3,1,-1,6,1,36,7,124,1,3,LEXMOTO LXR,5,E01006070,0,1
2024421412603,2024,421412603,1,3,0,-1,13,7,3,-1,0,8,0,0,0,0,3,1,-1,2,1,22,5,124,1,1,LEXMOTO LXR,8,E01021677,0,1
2024461404511,2024,461404511,2,3,0,-1,19,4,1,-1,0,1,0,0,0,0,4,1,-1,2,1,33,6,125,1,5,LEXMOTO LXR,5,E01024179,0,1
2024461475328,2024,461475328,1,3,0,-1,19,5,1,-1,0,0,1,0,0,0,3,1,-1,9,1,18,4,125,1,5,LEXMOTO LXR,6,E01016113,0,3
2024371504433,2024,371504433,1,3,0,-1,4,1,5,-1,0,0,0,0,0,0,1,1,-1,6,1,34,6,125,1,5,LEXMOTO LXR,6,E01030153,0,2
2024201444807,2024,201444807,1,3,0,-1,19,6,2,-1,0,8,0,0,0,0,4,1,-1,6,1,30,6,124,1,3,LEXMOTO LXR,3,E01033892,0,1
2024010544727,2024,010544727,1,3,0,4,4,6,2,0,0,1,1,0,0,0,1,1,6,6,1,38,7,124,1,3,LEXMOTO LXR,4,E01003328,0,1
2024440002763,2024,440002763,1,3,0,18,19,6,2,0,0,2,0,0,0,0,1,1,2,2,1,24,5,124,1,3,LEXMOTO LXR,3,E01017082,0,1
2024991488321,2024,991488321,1,3,0,-1,19,5,1,-1,0,0,0,0,0,0,3,1,-1,6,1,20,4,125,1,5,LEXMOTO LXR,6,-1,0,1
2024320141204,2024,320141204,1,3,0,-1,-1,6,2,0,0,0,5,12,1,9,1,1,6,6,1,49,8,124,1,2,LEXMOTO LXR,5,E01026201,0,1
2024311447325,2024,311447325,2,4,0,-1,5,1,5,-1,0,1,0,0,0,0,3,1,-1,2,1,17,4,125,1,4,LEXMOTO LXR,4,E01028211,0,2
2024991410017,2024,991410017,1,3,0,-1,19,3,7,-1,0,1,1,7,0,0,1,1,-1,9,1,27,6,124,1,2,LEXMOTO LXR,1,-1,0,2
2024070339966,2024,070339966,1,3,0,15,15,2,6,0,0,1,0,0,0,0,1,1,6,6,1,23,5,125,1,4,LEXMOTO LXR,-1,-1,0,-1
2024440426174,2024,440426174,2,3,0,18,19,5,1,0,0,1,0,0,0,0,1,1,6,6,1,17,4,124,1,3,LEXMOTO LXR,10,E01022645,0,2
2024010504506,2024,010504506,2,3,0,9,9,5,2,0,0,1,1,0,0,0,1,1,6,6,1,25,5,124,1,1,LEXMOTO LXR,7,E01001871,0,1
2024320277991,2024,320277991,1,3,0,-1,-1,7,3,0,0,0,5,4,0,0,1,1,-1,-1,1,29,6,125,1,6,LEXMOTO LXR,4,E01026288,0,1
2024320704838,2024,320704838,1,4,0,-1,-1,4,8,0,0,1,0,0,0,0,1,1,1,1,1,19,4,124,1,0,LEXMOTO LXR,9,E01026321,0,1
2024471487772,2024,471487772,1,3,0,-1,4,1,5,-1,0,0,1,0,0,0,4,1,-1,2,1,20,4,125,1,6,LEXMOTO LXR,6,E01031750,0,1
2024440310641,2024,440310641,2,4,0,14,14,4,8,0,0,8,0,0,0,0,1,1,1,1,1,22,5,125,1,4,LEXMOTO LXR,-1,-1,0,-1
2024520403024,2024,520403024,1,4,0,18,19,1,5,0,0,8,0,0,0,0,1,1,6,6,1,20,4,124,1,3,LEXMOTO LXR,9,E01029260,0,3
2024991431837,2024,991431837,1,4,0,-1,10,7,5,-1,0,8,1,10,0,0,4,1,-1,6,2,20,4,125,1,4,LEXMOTO LXR,3,-1,0,1
2024501469205,2024,501469205,2,3,0,-1,15,-1,-1,-1,0,0,2,0,0,0,4,1,-1,6,1,19,4,124,1,2,LEXMOTO LXR,9,E01015110,0,1
2024430404557,2024,430404557,1,3,0,18,19,5,1,0,0,8,0,0,0,0,1,1,6,6,1,20,4,125,1,5,LEXMOTO LXR,9,E01035259,0,1
2024451421159,2024,451421159,1,3,0,-1,19,1,5,-1,0,0,1,10,1,9,4,1,-1,9,2,17,4,125,1,4,LEXMOTO LXR,6,E01030857,0,2
2024421489971,2024,421489971,2,3,0,-1,14,1,3,-1,0,0,0,0,0,0,1,1,-1,9,1,35,6,124,1,2,LEXMOTO LXR,5,E01035170,0,1
2024010516450,2024,010516450,1,2,0,18,19,5,1,0,0,2,2,7,2,10,1,1,6,6,1,22,5,124,1,3,LEXMOTO LXR,3,E01000998,0,1
2024440018525,2024,440018525,2,3,0,18,19,6,2,0,0,8,0,0,0,0,4,1,6,6,1,48,8,125,1,4,LEXMOTO LXR,9,E01023266,0,1
2024461469807,2024,461469807,1,3,0,-1,3,3,7,-1,0,0,0,0,0,0,3,1,-1,9,1,17,4,124,1,2,LEXMOTO LXR,4,E01024698,0,1
2024320348468,2024,320348468,2,3,0,-1,-1,8,6,0,0,0,0,10,0,0,0,1,6,6,1,18,4,124,1,1,LEXMOTO LXR,4,E01026180,0,1
2024501403118,2024,501403118,1,3,0,-1,19,5,1,-1,0,0,1,0,0,0,3,1,-1,2,1,42,7,124,1,1,LEXMOTO LXR,5,E01020065,0,2
2024010495007,2024,010495007,2,4,0,18,19,3,7,0,0,1,0,0,0,0,1,1,6,6,1,20,4,125,1,5,LEXMOTO LXR,4,E01003353,0,1
2024991478220,2024,991478220,2,3,0,-1,19,1,5,-1,0,0,0,0,0,0,4,1,-1,9,1,60,9,125,1,5,LEXMOTO LXR,3,-1,0,2
2024501448548,2024,501448548,1,3,0,-1,19,1,5,-1,-1,0,1,0,0,0,4,1,-1,9,1,17,4,124,1,2,LEXMOTO LXR,6,E01015244,0,1
2024501433939,2024,501433939,2,4,0,-1,3,3,7,-1,0,1,0,0,0,0,2,1,-1,6,1,25,5,124,1,3,LEXMOTO LXR,2,E01015074,0,3
2024440371308,2024,440371308,2,2,0,11,11,5,1,0,0,8,0,0,0,0,2,1,1,1,1,19,4,124,1,2,LEXMOTO LXR,2,E01023156,0,1
2024430050732,2024,430050732,2,3,0,18,19,2,6,0,0,8,0,0,0,0,1,1,2,2,1,18,4,124,1,2,LEXMOTO LXR,9,E01028782,0,1
2024351528741,2024,351528741,1,3,0,-1,13,3,7,-1,0,1,0,0,0,0,2,1,-1,1,1,18,4,124,1,3,LEXMOTO LXR,10,E01018118,0,1
2024010508017,2024,010508017,1,3,0,18,19,4,8,0,0,8,0,0,0,0,1,1,6,6,1,24,5,125,1,6,LEXMOTO LXR,1,E01002904,0,1
2024070653575,2024,070653575,2,4,0,13,13,1,5,0,0,8,5,0,0,0,1,1,1,1,1,18,4,125,1,4,LEXMOTO LXR,5,E01018460,0,1
2024501486173,2024,501486173,1,3,0,-1,19,4,1,-1,0,2,2,0,1,0,1,1,-1,9,1,17,4,125,1,4,LEXMOTO LXR,1,E01015083,0,2
2024201479396,2024,201479396,1,4,0,-1,19,2,6,-1,0,0,0,10,1,11,1,1,-1,9,1,36,7,125,1,4,LEXMOTO LXR,5,E01008974,0,1
2024471523906,2024,471523906,2,3,0,-1,19,4,8,-1,0,1,0,0,0,0,1,1,-1,2,1,19,4,125,1,4,LEXMOTO LXR,5,E01031731,0,1
2024440504615,2024,440504615,1,3,0,4,4,7,3,0,0,1,1,0,0,0,4,1,6,6,1,18,4,125,1,4,LEXMOTO LXR,7,E01023080,0,2
2024421504919,2024,421504919,1,3,0,-1,13,2,6,-1,0,0,0,0,0,0,1,1,-1,2,1,23,5,124,1,1,LEXMOTO LXR,8,E01021677,0,2
2024631460179,2024,631460179,1,4,0,-1,19,6,2,-1,0,0,0,0,0,0,1,1,-1,6,1,32,6,125,1,5,LEXMOTO LXR,5,W01000505,0,1
2024010534705,2024,010534705,1,3,0,99,99,9,9,99,99,9,9,99,9,99,9,1,6,6,2,26,6,125,1,6,LEXMOTO LXR,2,E01003761,0,1
2024201509065,2024,201509065,2,3,0,-1,19,6,2,-1,0,8,0,0,0,0,1,1,-1,2,1,20,4,125,1,4,LEXMOTO LXR,5,E01009032,0,1
2024141529638,2024,141529638,1,3,0,-1,19,3,7,-1,0,0,0,0,0,0,1,1,-1,9,1,24,5,125,1,5,LEXMOTO LXR,7,E01007589,0,2
2024010501137,2024,010501137,1,3,0,99,99,9,9,99,99,9,9,99,9,99,1,1,6,6,1,31,6,124,1,3,LEXMOTO LXR,6,E01004152,0,1
2024201442133,2024,201442133,2,3,0,-1,19,8,4,-1,0,8,0,0,0,0,4,1,-1,9,1,17,4,125,1,4,LEXMOTO LXR,8,E01009785,0,2
2024451537996,2024,451537996,2,3,0,-1,19,5,1,-1,0,1,1,0,0,0,4,1,-1,1,1,23,5,125,1,4,LEXMOTO LXR,5,E01030980,0,1
2024122400421,2024,122400421,1,3,0,4,4,5,1,7,6,1,0,7,1,1,1,1,6,6,2,31,6,124,1,3,LEXMOTO LXR,1,E01013000,0,4
2024451508354,2024,451508354,1,3,0,-1,19,6,2,-1,0,0,0,0,0,0,0,1,-1,9,1,18,4,125,1,5,LEXMOTO LXR,4,E01030805,0,2
2024461430699,2024,461430699,2,3,0,-1,4,6,2,-1,0,8,5,0,0,0,3,1,-1,2,1,34,6,125,1,5,LEXMOTO LXR,1,E01024657,0,2
2024231403718,2024,231403718,2,3,0,-1,19,2,5,-1,0,8,0,0,0,0,1,1,-1,6,1,17,4,124,1,3,LEXMOTO LXR,10,E01032145,0,3
2024010545375,2024,010545375,1,3,0,15,15,8,4,0,0,0,0,0,0,0,1,1,6,6,1,18,4,124,1,0,LEXMOTO LXR,-1,-1,0,-1
2024351543024,2024,351543024,2,3,0,-1,19,3,7,-1,0,1,0,0,0,0,1,1,-1,9,1,17,4,124,1,2,LEXMOTO LXR,10,E01018211,0,3
2024552400464,2024,552400464,1,3,0,18,19,3,7,0,0,0,1,0,6,6,1,1,6,6,1,36,7,125,1,4,LEXMOTO LXR,6,E01020467,0,2
2024061443109,2024,061443109,2,3,0,-1,3,4,2,-1,0,0,0,0,0,0,1,1,-1,6,-1,17,4,125,1,4,LEXMOTO LXR,9,E01006222,0,1
2024471452126,2024,471452126,2,3,0,-1,19,6,2,-1,0,0,1,0,0,0,1,1,-1,6,1,17,4,124,1,3,LEXMOTO LXR,9,E01031380,0,2
2024440013910,2024,440013910,2,3,0,18,19,6,2,0,0,1,0,0,0,0,1,1,6,6,1,22,5,125,1,3,LEXMOTO LXR,7,E01023071,0,2
2024471497710,2024,471497710,1,3,0,-1,19,7,3,-1,0,0,1,0,0,0,0,1,-1,9,1,18,4,124,1,1,LEXMOTO LXR,4,E01021013,0,4
2024421459255,2024,421459255,1,3,0,-1,19,5,1,-1,0,0,0,0,1,0,1,1,-1,9,1,47,8,125,1,4,LEXMOTO LXR,3,E01021974,0,1
2024320547670,2024,320547670,2,3,0,-1,-1,2,6,0,0,8,5,0,0,0,1,1,-1,-1,1,18,4,125,1,5,LEXMOTO LXR,1,E01026308,0,1
2024340NN4522,2024,340NN4522,2,4,0,-1,5,5,1,-1,0,4,0,0,1,0,1,1,-1,2,1,32,6,124,1,0,LEXMOTO LXR,1,E01035413,0,1
2024351522722,2024,351522722,2,3,-1,-1,-1,-1,-1,-1,-1,-1,-1,-1,-1,0,-1,1,-1,2,1,21,5,124,1,1,LEXMOTO LXR,2,E01033182,0,1
2024471476261,2024,471476261,1,3,0,-1,19,4,1,-1,9,1,1,0,7,0,4,1,-1,9,2,17,4,125,1,4,LEXMOTO LXR,4,E01021004,0,3
2024421454834,2024,421454834,1,3,0,-1,4,3,7,-1,0,0,1,0,0,0,4,1,-1,6,1,18,4,125,1,4,LEXMOTO LXR,7,E01021967,0,2
2024411454762,2024,411454762,2,3,0,-1,7,3,7,-1,0,1,0,0,0,0,1,1,-1,6,1,28,6,125,1,4,LEXMOTO LXR,6,E01023663,0,3
2024991514437,2024,991514437,2,3,0,-1,19,3,7,-1,0,4,0,0,0,0,1,1,-1,6,1,21,5,124,1,3,LEXMOTO LXR,5,-1,0,1
2024131523135,2024,131523135,1,3,0,-1,19,1,1,-1,0,0,0,0,0,0,1,1,-1,6,1,36,7,125,1,5,LEXMOTO LXR,2,E01011246,0,1
202417S106324,2024,17S106324,1,3,0,-1,19,2,6,-1,0,0,1,0,0,0,3,1,-1,2,1,20,4,124,1,2,LEXMOTO LXR,1,E01020847,0,3
2024451511788,2024,451511788,2,3,0,-1,2,5,1,-1,0,0,0,0,0,0,4,1,-1,9,1,16,4,124,1,0,LEXMOTO LXR,8,E01030474,0,1
2024440333783,2024,440333783,1,3,0,18,19,7,3,0,0,1,0,0,0,0,1,1,2,2,1,43,7,124,1,0,LEXMOTO LXR,2,E01017139,0,1
2024201530404,2024,201530404,1,3,0,-1,13,7,3,-1,0,2,0,0,0,0,1,1,-1,2,1,18,4,124,1,0,LEXMOTO LXR,8,E01009785,0,1
2024340NN0102,2024,340NN0102,2,4,0,-1,9,8,6,-1,0,8,0,0,0,0,4,1,-1,6,1,22,5,124,1,2,LEXMOTO LXR,8,E01032966,0,1
2024430274956,2024,430274956,2,3,0,18,19,2,6,0,0,1,0,0,0,0,1,1,6,6,1,29,6,124,1,1,LEXMOTO LXR,8,E01017731,0,2
2024010510248,2024,010510248,2,3,0,18,19,7,3,0,0,0,0,0,0,0,3,1,6,6,1,28,6,124,1,3,LEXMOTO LXR,5,E01000110,0,2
2024461534223,2024,461534223,2,3,0,-1,19,2,6,-1,0,1,5,0,0,0,1,1,-1,9,1,40,7,124,1,3,LEXMOTO LXR,6,E01024578,0,1
2024401463126,2024,401463126,2,3,0,-1,9,1,7,-1,0,8,0,0,0,0,1,1,-1,9,1,19,4,124,1,0,LEXMOTO LXR,3,E01016720,0,4
2024052402502,2024,052402502,2,3,0,18,19,5,1,0,0,1,0,0,0,0,1,1,6,6,1,23,5,125,1,5,LEXMOTO LXR,1,E01007290,0,1
2024421529352,2024,421529352,2,4,0,-1,19,3,6,-1,0,0,0,0,0,0,3,1,-1,6,1,49,8,124,1,1,LEXMOTO LXR,4,E01021698,0,1
2024461479554,2024,461479554,1,3,0,-1,19,1,5,-1,0,4,5,0,0,0,1,1,-1,6,1,39,7,124,1,0,LEXMOTO LXR,1,E01016019,0,1
2024552400198,2024,552400198,2,3,0,15,15,6,2,0,0,0,0,0,0,0,3,1,6,6,1,21,5,125,1,4,LEXMOTO LXR,2,E01015379,0,1
2024501467943,2024,501467943,1,3,0,-1,19,5,1,-1,0,0,0,0,0,0,1,1,-1,6,1,18,4,124,1,2,LEXMOTO LXR,3,E01015206,0,1
2024421397762,2024,421397762,1,3,0,-1,13,1,5,-1,0,0,5,0,7,0,1,1,-1,6,1,19,4,124,1,3,LEXMOTO LXR,9,E01033721,0,1
2024061463727,2024,061463727,1,3,0,-1,19,1,5,-1,0,1,1,10,0,0,3,1,-1,7,1,42,7,125,1,4,LEXMOTO LXR,1,E01005482,0,2
2024351540714,2024,351540714,1,3,0,-1,19,7,3,-1,0,4,0,0,0,0,1,1,-1,6,1,18,4,124,1,3,LEXMOTO LXR,10,E01018118,0,1
202454F264124,2024,54F264124,2,3,0,18,19,2,6,0,0,1,0,0,0,0,1,1,6,6,1,19,4,125,1,5,LEXMOTO LXR,4,E01031895,0,3
2024451525724,2024,451525724,1,3,0,-1,19,1,5,-1,0,0,2,0,0,0,1,1,-1,9,1,17,4,124,1,2,LEXMOTO LXR,9,E01030976,0,1
2024440237667,2024,440237667,1,3,0,3,3,1,5,0,0,1,0,0,0,0,2,1,6,6,1,17,4,124,1,1,LEXMOTO LXR,6,E01034729,0,1
2024631471230,2024,631471230,2,3,0,-1,19,6,2,-1,0,8,0,0,0,0,1,1,-1,9,1,43,7,125,1,5,LEXMOTO LXR,5,W01000505,0,1
2024991513201,2024,991513201,1,3,0,-1,19,2,6,-1,0,2,1,0,0,0,3,1,-1,9,1,19,4,125,1,4,LEXMOTO LXR,9,-1,0,1
2024010523585,2024,010523585,3,4,0,5,5,5,1,0,0,1,1,0,0,0,1,1,2,2,1,34,6,125,1,4,LEXMOTO LXR,4,E01033915,0,1
2024131418165,2024,131418165,1,3,0,-1,19,1,5,-1,0,0,1,0,0,0,3,1,-1,9,1,25,5,124,1,0,LEXMOTO LXR,2,E01033013,0,1
2024010507891,2024,010507891,1,3,0,99,99,9,9,99,99,0,9,99,9,99,9,1,6,6,1,31,6,124,1,2,LEXMOTO LXR,5,E01004439,0,2
2024010521366,2024,010521366,2,3,0,14,14,1,5,0,0,1,0,0,0,0,1,1,6,6,1,27,6,124,1,0,LEXMOTO LXR,4,E01002098,0,1
2024430218817,2024,430218817,1,3,0,17,19,3,1,0,0,0,0,0,1,0,4,1,6,6,1,21,5,125,1,4,LEXMOTO LXR,-1,-1,0,-1
2024320078202,2024,320078202,1,4,0,-1,-1,4,8,0,0,8,5,0,0,0,1,1,-1,-1,1,25,5,124,1,2,LEXMOTO LXR,3,E01026024,0,4
2024421450073,2024,421450073,2,3,0,-1,19,8,4,-1,0,0,2,0,0,0,1,1,-1,9,1,22,5,124,1,3,LEXMOTO LXR,9,E01021899,0,2
2024461404650,2024,461404650,1,3,0,-1,13,2,6,-1,0,1,0,0,0,0,4,1,-1,6,1,59,9,124,1,1,LEXMOTO LXR,4,E01024377,0,3
2024010511309,2024,010511309,2,3,0,99,99,9,9,99,99,9,9,99,9,99,1,1,6,6,1,20,4,124,1,1,LEXMOTO LXR,7,E01003396,0,1
2024211420789,2024,211420789,2,3,0,-1,19,2,6,-1,0,1,1,0,0,0,1,1,-1,2,1,20,4,124,1,2,LEXMOTO LXR,1,E01014244,0,1
2024501483523,2024,501483523,2,3,0,-1,13,7,5,-1,0,8,2,0,0,0,1,1,-1,9,1,20,4,124,1,1,LEXMOTO LXR,5,E01020122,0,4
2024991544151,2024,991544151,2,3,0,-1,9,8,6,-1,0,3,0,0,0,0,4,1,-1,2,1,43,7,124,1,3,LEXMOTO LXR,9,-1,0,1
2024061489438,2024,061489438,2,3,0,-1,19,8,3,-1,0,1,0,0,0,0,1,1,-1,6,1,23,5,124,1,1,LEXMOTO LXR,2,E01005605,0,1
202460Q055629,2024,60Q055629,2,3,0,18,19,8,4,9,9,0,0,0,0,0,3,1,6,6,1,32,6,124,1,3,LEXMOTO LXR,-1,-1,0,-1
2024371534456,2024,371534456,1,3,0,-1,19,1,5,-1,0,1,0,0,0,0,1,1,-1,6,1,20,4,124,1,0,LEXMOTO LXR,3,E01030109,0,1
2024471461802,2024,471461802,2,3,0,-1,19,1,5,-1,0,0,1,0,0,0,1,1,-1,6,1,19,4,124,1,2,LEXMOTO LXR,9,E01031625,0,3
2024302401403,2024,302401403,2,3,0,13,13,4,1,0,0,2,0,0,7,11,1,1,2,2,1,20,4,124,1,3,LEXMOTO LXR,9,E01019464,0,1
2024201491972,2024,201491972,1,4,0,-1,19,2,6,-1,0,0,0,0,0,0,1,1,-1,6,1,50,8,124,1,2,LEXMOTO LXR,2,E01009740,0,1
2024211524588,2024,211524588,2,3,0,-1,19,3,1,-1,0,8,2,0,0,0,4,1,-1,2,1,47,8,125,1,5,LEXMOTO LXR,5,E01029374,0,3
2024461524698,2024,461524698,1,3,0,-1,7,1,5,-1,0,4,0,0,0,0,3,1,-1,2,1,26,6,124,1,3,LEXMOTO LXR,4,E01024444,0,3
202454E039624,2024,54E039624,1,3,0,18,19,3,7,0,0,0,0,0,0,0,4,1,6,6,1,29,6,124,1,0,LEXMOTO LXR,9,E01031999,0,3
2024461401463,2024,461401463,2,3,0,-1,19,5,1,-1,0,1,0,0,0,0,4,1,-1,6,1,19,4,125,1,4,LEXMOTO LXR,2,E01000386,0,3
2024052400458,2024,052400458,2,9,0,18,19,3,7,0,0,8,0,0,0,0,1,1,6,6,1,75,10,2995,1,18,LEXUS GS 300,6,E01007265,0,1
2024411538189,2024,411538189,1,9,-1,-1,-1,-1,-1,-1,-1,0,-1,-1,-1,0,-1,9,-1,6,3,-1,-1,2997,1,22,LEXUS GS 300,-1,-1,0,-1
2024351420626,2024,351420626,1,9,0,-1,19,1,5,-1,9,5,0,0,3,10,4,1,-1,6,1,79,11,2995,1,16,LEXUS GS 300,10,E01018262,0,2
2024471515366,2024,471515366,1,9,0,-1,19,1,5,-1,0,8,0,0,0,0,1,1,-1,1,2,29,6,2995,1,17,LEXUS GS 300,4,E01031799,0,1
2024471466811,2024,471466811,2,9,0,-1,4,6,3,-1,0,4,0,0,0,0,1,1,-1,9,1,67,10,2494,8,9,LEXUS GS 300,6,E01035338,0,2
2024201441897,2024,201441897,1,9,0,-1,19,6,2,-1,0,0,0,10,8,11,1,1,-1,9,1,24,5,2995,1,18,LEXUS GS 300,2,E01010472,0,3
2024161477846,2024,161477846,2,9,0,-1,1,5,1,-1,0,0,0,0,0,0,2,1,-1,6,3,-1,-1,2995,1,18,LEXUS GS 300,-1,-1,0,-1
2024131438028,2024,131438028,1,9,0,-1,9,7,1,-1,0,8,0,0,0,0,1,1,-1,9,1,44,7,2995,1,19,LEXUS GS 300,7,E01032946,0,1
2024131404587,2024,131404587,4,9,0,-1,2,0,0,-1,0,2,0,0,0,0,2,1,-1,6,-1,-1,-1,2995,1,18,LEXUS GS 300,-1,-1,0,-1
2024201516622,2024,201516622,2,9,0,-1,10,5,3,-1,0,5,0,0,0,0,3,9,-1,9,1,31,6,2995,1,19,LEXUS GS 300,5,E01009663,0,1
2024461495162,2024,461495162,2,9,0,-1,19,1,5,-1,0,0,0,0,0,0,3,9,-1,9,1,31,6,2493,8,10,LEXUS GS 300,2,E01003507,0,3
2024010524255,2024,010524255,1,9,0,18,19,1,5,9,9,1,0,0,1,4,4,1,6,6,1,30,6,2995,1,18,LEXUS GS 300,2,E01003500,0,3
2024122400487,2024,122400487,1,9,0,18,19,7,3,0,0,0,0,0,0,0,1,1,6,6,1,75,10,2493,8,10,LEXUS GS 300,7,E01013074,0,3
2024211430656,2024,211430656,2,17,0,-1,3,3,7,-1,0,0,0,11,3,0,1,9,-1,1,1,44,7,4000,2,31,-1,-1,-1,0,-1
2024351399332,2024,351399332,2,5,0,-1,19,3,7,-1,0,0,5,0,0,0,1,1,-1,2,1,25,5,649,1,1,-1,6,E01018156,0,1
2024010500965,2024,010500965,1,4,0,99,99,9,9,99,99,9,9,99,9,99,9,1,2,2,2,31,6,249,1,6,-1,3,E01002056,0,1
2024471446904,2024,471446904,1,4,0,-1,19,4,7,-1,0,8,0,0,0,0,1,1,-1,6,1,64,9,249,1,6,-1,9,E01016888,0,1
2024221506227,2024,221506227,1,19,0,-1,19,5,2,-1,0,0,5,0,1,7,1,1,-1,6,1,68,10,1461,2,3,NISSAN NV250,10,E01013433,0,5
2024010546244,2024,010546244,1,19,0,18,19,1,5,0,0,1,0,0,0,0,2,1,2,2,1,45,7,1461,2,3,NISSAN NV250,8,E01000840,0,2
2024201413535,2024,201413535,2,9,0,-1,3,7,3,-1,0,1,1,0,0,0,1,9,-1,6,1,38,7,-1,-1,-1,NISSAN NV250,2,E01028962,0,4
2024010513332,2024,010513332,2,19,0,99,99,9,9,99,99,9,9,99,9,99,1,9,6,6,3,29,6,1461,2,4,NISSAN NV250,10,E01002387,0,4
2024501427035,2024,501427035,1,19,0,-1,19,-1,-1,-1,0,0,0,0,0,0,4,1,-1,2,1,42,7,1461,2,4,NISSAN NV250,8,E01015141,0,1
2024522401191,2024,522401191,2,19,0,3,3,2,6,0,0,0,0,0,0,0,2,1,6,6,1,72,10,1461,2,3,NISSAN NV250,2,E01032517,0,2
2024430549542,2024,430549542,1,19,0,18,19,2,6,0,0,4,0,0,0,0,1,1,6,6,1,62,9,1461,2,3,NISSAN NV250,-1,-1,0,-1
2024440376083,2024,440376083,1,19,0,4,4,4,8,0,0,0,0,0,0,0,1,1,1,1,1,59,9,1461,2,3,NISSAN NV250,-1,-1,0,-1
2024061432366,2024,061432366,1,19,0,-1,19,-1,-1,-1,0,0,0,0,0,0,2,1,-1,1,1,24,5,1461,2,3,NISSAN NV250,8,E01020680,0,5
2024991525698,2024,991525698,1,19,0,-1,19,7,3,-1,0,0,0,0,0,0,1,1,-1,2,1,51,8,1461,2,3,NISSAN NV250,2,-1,0,1
2024201522179,2024,201522179,3,9,0,-1,19,2,6,-1,0,8,0,0,0,0,1,1,-1,1,1,56,9,-1,-1,-1,NISSAN NV250,8,E01031083,0,3
2024552401134,2024,552401134,1,19,0,9,9,5,3,0,0,6,0,0,0,0,3,1,6,6,1,58,9,1461,2,3,NISSAN NV250,4,E01020411,0,2
2024361498062,2024,361498062,1,2,0,-1,19,3,7,-1,0,0,1,0,0,0,4,1,-1,9,1,16,4,49,1,8,PIAGGIO ZIP,4,E01026759,0,1
2024141426957,2024,141426957,2,2,0,-1,13,1,5,-1,0,8,0,0,0,0,1,1,-1,9,1,16,4,49,1,7,PIAGGIO ZIP,3,E01007363,0,1
2024302400257,2024,302400257,2,2,0,18,19,8,4,0,0,2,0,0,0,0,1,1,6,6,1,16,4,49,1,1,PIAGGIO ZIP,7,E01019655,0,1