collision_index,collision_year,collision_ref_no,vehicle_reference,vehicle_type,towing_and_articulation,vehicle_manoeuvre_historic,vehicle_manoeuvre,vehicle_direction_from,vehicle_direction_to,vehicle_location_restricted_lane_historic,vehicle_location_restricted_lane,junction_location,skidding_and_overturning,hit_object_in_carriageway,vehicle_leaving_carriageway,hit_object_off_carriageway,first_point_of_impact,vehicle_left_hand_drive,journey_purpose_of_driver_historic,journey_purpose_of_driver,sex_of_driver,age_of_driver,age_band_of_driver,engine_capacity_cc,propulsion_code,age_of_vehicle,generic_make_model,driver_imd_decile,lsoa_of_driver,escooter_flag,driver_distance_banding
2024141409148,2024,141409148,2,2,0,-1,19,5,1,-1,0,1,0,0,0,0,1,1,-1,6,1,16,4,49,1,7,PIAGGIO ZIP,9,E01019790,0,1
2024451441482,2024,451441482,2,2,0,-1,19,5,1,-1,0,0,0,0,0,0,1,1,-1,9,1,19,4,49,1,9,PIAGGIO ZIP,9,E01002996,0,1
2024010535966,2024,010535966,1,2,9,99,99,9,9,99,99,9,9,99,9,99,9,1,2,2,1,31,6,49,1,7,PIAGGIO ZIP,7,E01023901,0,3
2024201443172,2024,201443172,2,3,0,-1,19,5,1,-1,0,0,0,0,0,0,1,1,-1,6,1,18,4,124,1,20,PIAGGIO ZIP,1,E01009117,0,1
2024010545739,2024,010545739,1,2,0,99,99,9,9,99,99,9,9,99,9,99,1,1,1,1,1,31,6,49,1,2,PIAGGIO ZIP,5,E01002619,0,1
2024451479306,2024,451479306,1,2,0,-1,13,5,1,-1,0,0,5,0,0,0,1,1,-1,6,1,17,4,50,1,18,PIAGGIO ZIP,4,E01030364,0,1
2024411502018,2024,411502018,1,2,0,-1,19,1,5,-1,0,1,0,0,0,0,1,1,-1,6,1,16,4,49,1,9,PIAGGIO ZIP,6,E01023359,0,1
2024440294762,2024,440294762,2,3,0,18,19,3,7,0,0,1,0,0,0,0,1,1,2,2,1,19,4,-1,-1,-1,PIAGGIO ZIP,8,E01022755,0,1
2024201498014,2024,201498014,2,2,0,-1,19,3,7,-1,0,2,0,0,0,0,3,1,-1,6,1,16,4,49,1,9,PIAGGIO ZIP,10,E01010170,0,1
2024451463224,2024,451463224,2,2,0,-1,19,1,7,-1,0,0,5,0,0,0,1,1,-1,6,3,26,6,49,1,21,PIAGGIO ZIP,-1,-1,0,-1
2024221499015,2024,221499015,1,2,0,-1,19,8,6,-1,0,0,0,0,0,0,1,1,-1,6,1,17,4,50,1,18,PIAGGIO ZIP,5,E01028980,0,1
2024131471816,2024,131471816,1,2,0,-1,9,5,1,-1,0,8,1,0,7,2,2,1,-1,9,1,16,4,49,1,21,PIAGGIO ZIP,1,E01011899,0,1
2024440167205,2024,440167205,1,2,0,14,14,8,4,0,0,1,1,0,0,0,1,1,6,6,1,16,4,49,1,19,PIAGGIO ZIP,10,E01022776,0,1
2024501442967,2024,501442967,1,2,0,-1,19,3,7,-1,0,3,0,0,0,0,4,1,-1,9,1,52,8,49,1,16,PIAGGIO ZIP,1,E01015047,0,1
2024522500236,2024,522500236,1,2,0,18,19,8,4,0,0,1,0,0,0,0,3,1,6,6,1,16,4,49,1,3,PIAGGIO ZIP,4,E01014662,0,1
2024161455657,2024,161455657,1,2,0,-1,19,3,7,-1,0,1,1,0,0,0,3,1,-1,7,2,16,4,49,1,10,PIAGGIO ZIP,4,E01012966,0,2
2024371514138,2024,371514138,2,2,0,-1,19,3,7,-1,0,0,2,0,0,0,1,1,-1,9,1,16,4,49,1,13,PIAGGIO ZIP,4,E01029960,0,1
2024010523739,2024,010523739,2,2,0,18,19,6,2,0,0,1,0,0,0,0,1,1,2,2,2,49,8,49,1,10,PIAGGIO ZIP,7,E01031022,0,5
2024451532088,2024,451532088,2,2,0,-1,19,6,8,-1,0,1,0,0,0,0,1,1,-1,6,1,18,4,49,1,12,PIAGGIO ZIP,-1,-1,0,-1
2024041514231,2024,041514231,1,2,0,-1,9,5,1,-1,0,8,0,0,0,0,4,1,-1,9,2,17,4,49,1,10,PIAGGIO ZIP,8,E01025105,0,4
2024141557903,2024,141557903,1,2,0,-1,4,1,5,-1,0,1,0,0,0,0,1,1,-1,6,1,19,4,49,1,15,PIAGGIO ZIP,1,E01007402,0,1
2024461481682,2024,461481682,1,3,0,-1,19,3,4,-1,0,0,0,0,0,0,1,1,-1,6,1,-1,-1,-1,-1,-1,PIAGGIO ZIP,-1,-1,0,-1
2024302400250,2024,302400250,2,3,0,18,19,6,2,0,0,0,1,0,0,0,1,1,6,6,1,17,4,-1,-1,-1,PIAGGIO ZIP,7,E01019655,0,1
2024430585856,2024,430585856,1,2,0,9,9,3,1,0,0,8,0,0,0,0,1,1,6,6,1,16,4,50,1,6,PIAGGIO ZIP,9,E01017825,0,1
2024131483815,2024,131483815,1,2,0,-1,19,6,2,-1,0,8,1,0,0,0,1,1,-1,9,1,18,4,49,1,9,PIAGGIO ZIP,1,E01011901,0,1
202454D079824,2024,54D079824,4,2,0,18,19,3,7,0,0,1,0,0,0,0,1,1,6,6,1,17,4,49,1,19,PIAGGIO ZIP,3,E01031896,0,2
2024361422667,2024,361422667,1,2,0,-1,19,7,3,-1,0,0,1,0,0,0,1,1,-1,9,1,17,4,49,1,10,PIAGGIO ZIP,8,E01026502,0,3
2024430238581,2024,430238581,2,2,0,18,19,1,5,0,0,8,0,0,0,0,1,1,2,2,1,29,6,50,1,18,PIAGGIO ZIP,6,E01016297,0,1
2024010518632,2024,010518632,4,9,0,18,19,7,3,0,0,1,0,10,0,0,1,1,2,2,2,44,7,898,1,7,SMART FORFOUR,2,E01001574,0,1
2024010521426,2024,010521426,1,9,0,18,19,1,5,0,0,0,0,0,0,0,1,1,3,7,2,40,7,898,1,6,SMART FORFOUR,4,E01002309,0,3
2024461408267,2024,461408267,2,9,0,-1,19,1,6,-1,0,0,0,0,0,0,2,1,-1,9,2,36,7,999,1,9,SMART FORFOUR,5,E01024283,0,1
2024211420991,2024,211420991,1,9,0,-1,19,4,8,-1,0,0,0,0,0,0,1,9,-1,6,2,68,10,999,1,9,SMART FORFOUR,4,E01014253,0,2
2024471506688,2024,471506688,1,9,0,-1,5,5,1,-1,0,1,0,7,0,0,1,2,-1,9,1,80,11,-1,3,2,SMART FORFOUR,10,E01031424,0,1
2024010541679,2024,010541679,2,9,0,18,19,4,8,0,0,8,0,0,0,0,1,1,6,6,1,36,7,898,1,7,SMART FORFOUR,4,E01003409,0,1
2024451450973,2024,451450973,1,9,0,-1,7,1,7,-1,9,3,0,10,0,0,1,1,-1,7,2,19,4,999,1,8,SMART FORFOUR,6,E01033570,0,4
2024421474269,2024,421474269,1,9,0,-1,19,2,6,-1,0,0,0,0,0,0,1,1,-1,6,2,54,8,898,1,8,SMART FORFOUR,10,E01021584,0,1
2024411474656,2024,411474656,1,9,0,-1,9,1,7,-1,0,8,0,0,0,0,1,1,-1,6,1,38,7,1124,1,19,SMART FORFOUR,6,E01023633,0,1
2024141531552,2024,141531552,2,9,0,-1,4,8,4,-1,0,1,0,0,2,0,2,1,-1,6,1,43,7,999,1,6,SMART FORFOUR,7,E01007553,0,3
2024010515237,2024,010515237,2,9,0,8,8,3,5,0,0,1,0,0,0,0,1,1,6,6,1,33,6,898,1,5,SMART FORFOUR,3,E01003594,0,1
2024991394520,2024,991394520,3,9,0,-1,2,0,0,-1,0,1,0,0,0,0,1,1,-1,6,-1,-1,-1,999,1,9,SMART FORFOUR,-1,-1,0,-1
2024371518094,2024,371518094,2,9,0,-1,19,2,6,-1,0,0,0,0,0,0,4,1,-1,6,2,46,8,999,1,9,SMART FORFOUR,2,E01030264,0,1
2024041530382,2024,041530382,1,9,0,-1,6,1,1,-1,-1,0,1,0,0,0,3,1,-1,9,1,71,10,1332,1,19,SMART FORFOUR,7,E01025130,0,1
2024631502978,2024,631502978,1,9,0,-1,19,2,6,-1,0,8,1,0,0,0,3,1,-1,2,2,36,7,-1,3,2,SMART FORFOUR,3,W01000750,0,3
2024010506044,2024,010506044,1,9,0,17,19,5,1,0,0,0,0,0,0,0,1,1,6,6,2,80,11,898,1,5,SMART FORFOUR,2,E01002878,0,1
2024430603489,2024,430603489,1,9,0,3,3,1,5,0,0,0,0,0,0,0,2,1,1,1,1,43,7,999,1,6,SMART FORFOUR,6,E01016268,0,2
2024010540398,2024,010540398,1,9,0,4,4,7,3,0,0,0,0,0,0,0,1,1,6,6,1,23,5,999,1,9,SMART FORFOUR,1,E01001776,0,2
2024471476281,2024,471476281,1,9,0,-1,19,4,8,-1,0,2,0,0,0,0,1,1,-1,9,2,53,8,1124,1,18,SMART FORFOUR,3,E01017007,0,2
2024543461024,2024,543461024,2,9,0,18,19,3,7,0,0,1,0,0,0,0,1,1,6,6,2,-1,-1,999,1,7,SMART FORFOUR,-1,-1,0,-1
2024411495340,2024,411495340,2,9,0,-1,5,2,4,-1,0,4,0,0,0,0,1,1,-1,9,2,36,7,999,1,5,SMART FORFOUR,5,E01023611,0,1
2024010538550,2024,010538550,1,9,0,18,19,7,3,0,0,8,0,0,0,0,4,1,6,6,1,25,5,898,1,9,SMART FORFOUR,4,E01033869,0,2
2024440093058,2024,440093058,1,9,0,9,9,8,6,0,0,5,0,0,7,0,2,1,6,6,2,76,11,898,1,7,SMART FORFOUR,8,E01017352,0,1
2024201501018,2024,201501018,1,9,0,-1,9,6,5,-1,0,2,0,0,0,0,4,1,-1,6,2,46,8,1124,1,19,SMART FORFOUR,1,E01010456,0,2
2024061510559,2024,061510559,1,9,0,-1,19,-1,-1,-1,0,9,0,0,0,0,3,1,-1,2,2,45,7,999,1,5,SMART FORFOUR,3,E01005312,0,1
2024461413101,2024,461413101,2,9,0,-1,19,6,2,-1,0,1,0,0,0,0,1,1,-1,6,1,87,11,898,1,8,SMART FORFOUR,8,E01024237,0,1
2024552401047,2024,552401047,1,9,0,9,9,5,3,0,0,6,0,0,0,0,3,1,2,2,2,60,9,999,1,5,SMART FORFOUR,5,E01015301,0,1
2024061498799,2024,061498799,1,9,0,-1,19,1,5,-1,0,0,0,0,0,0,1,1,-1,2,2,50,8,999,1,7,SMART FORFOUR,1,E01005065,0,2
2024010509518,2024,010509518,1,9,0,7,7,7,1,0,0,1,0,0,0,0,2,1,6,6,2,27,6,999,1,7,SMART FORFOUR,5,E01004414,0,1
2024010520985,2024,010520985,1,9,0,13,13,5,1,0,0,0,0,0,8,10,1,1,6,6,2,84,11,999,1,9,SMART FORFOUR,5,E01001984,0,1
2024351567930,2024,351567930,2,9,0,-1,5,5,3,-1,0,3,0,0,0,0,1,1,-1,6,2,22,5,898,1,7,SMART FORFOUR,-1,-1,0,-1
2024361496930,2024,361496930,1,9,0,-1,19,1,-1,-1,0,1,0,0,0,0,1,9,-1,6,1,59,9,999,1,7,SMART FORFOUR,2,E01026834,0,1
2024461458399,2024,461458399,2,9,0,-1,4,6,3,-1,0,1,0,0,0,0,2,1,-1,6,2,64,9,999,1,7,SMART FORFOUR,4,E01024262,0,1
2024371517765,2024,371517765,1,9,0,-1,19,3,6,-1,0,8,0,0,1,0,1,1,-1,2,1,55,8,1124,1,19,SMART FORFOUR,3,E01030010,0,1
2024991483962,2024,991483962,2,9,0,-1,19,3,7,-1,0,2,0,0,0,0,1,1,-1,9,2,22,5,999,1,6,SMART FORFOUR,3,-1,0,1
2024041468105,2024,041468105,2,9,0,-1,19,5,1,-1,9,8,0,0,0,0,3,1,-1,9,2,67,10,898,1,7,SMART FORFOUR,8,E01024920,0,1
2024501489581,2024,501489581,1,9,0,-1,10,3,8,-1,0,8,0,0,0,0,0,1,-1,6,2,50,8,1332,1,18,SMART FORFOUR,6,E01018981,0,1
2024010535031,2024,010535031,1,9,0,99,99,9,9,99,99,9,9,99,9,99,9,9,6,6,2,39,7,999,1,8,SMART FORFOUR,2,E01003045,0,2
2024122400378,2024,122400378,2,9,0,18,19,3,7,0,0,0,0,0,0,0,2,1,6,6,2,66,10,999,1,7,SMART FORFOUR,5,E01011415,0,4
2024531394936,2024,531394936,1,9,0,-1,7,3,5,-1,0,8,0,0,0,0,4,1,-1,2,2,66,10,999,1,8,SMART FORFOUR,9,E01022307,0,1
2024421521921,2024,421521921,2,9,0,-1,19,3,7,-1,0,1,1,0,0,0,3,1,-1,9,2,58,9,898,1,8,SMART FORFOUR,6,E01015814,0,1
2024131504435,2024,131504435,2,9,0,-1,4,7,3,-1,0,1,0,0,0,0,2,1,-1,1,1,75,10,1124,1,18,SMART FORFOUR,10,E01011280,0,1
2024010541976,2024,010541976,2,9,0,99,99,9,9,99,99,9,9,99,9,99,1,9,6,6,3,20,4,999,1,7,SMART FORFOUR,3,E01034199,0,2
2024010497920,2024,010497920,1,9,9,99,99,9,9,99,99,9,9,99,9,99,9,9,6,6,3,37,7,999,1,6,SMART FORFOUR,4,E01002393,0,1
2024440165262,2024,440165262,2,9,0,18,19,6,2,0,0,0,0,0,0,0,1,1,1,1,1,41,7,898,1,6,SMART FORFOUR,4,E01022542,0,1
2024010541761,2024,010541761,2,9,9,99,99,9,9,99,99,0,9,99,9,99,9,9,6,6,2,-1,-1,999,1,8,SMART FORFOUR,6,E01003435,0,1
2024552400073,2024,552400073,1,9,0,17,19,1,7,0,0,8,0,0,0,0,3,1,6,6,1,30,6,-1,3,4,SMART FORFOUR,5,E01020353,0,1
2024440433006,2024,440433006,1,9,0,18,19,2,6,0,0,0,0,0,0,0,2,1,6,6,1,21,5,999,1,9,SMART FORFOUR,1,E01017250,0,3
2024161490047,2024,161490047,1,9,0,-1,19,6,2,-1,0,0,0,0,0,0,1,1,-1,6,2,39,7,999,1,6,SMART FORFOUR,9,E01034759,0,1
2024631398633,2024,631398633,1,9,0,-1,14,4,8,-1,0,8,1,4,0,0,1,1,-1,6,2,82,11,999,1,6,SMART FORFOUR,5,E01018233,0,5
2024411484646,2024,411484646,1,9,0,-1,3,-1,-1,-1,0,0,0,0,0,0,0,9,-1,6,1,31,6,999,1,8,SMART FORFOUR,7,E01023594,0,3
2024421526031,2024,421526031,2,9,0,-1,19,1,6,-1,0,1,0,0,0,0,1,1,-1,2,2,33,6,999,1,6,SMART FORFOUR,3,E01004349,0,1
2024221510909,2024,221510909,2,9,0,-1,3,5,1,-1,0,8,0,0,0,0,4,1,-1,9,2,66,10,-1,3,2,SMART FORFOUR,7,E01014080,0,2
2024501431000,2024,501431000,2,9,0,-1,4,7,3,-1,0,0,0,0,0,0,2,1,-1,9,2,78,11,898,1,7,SMART FORFOUR,3,E01018925,0,2
2024010534732,2024,010534732,1,9,0,17,19,3,1,0,0,1,0,0,0,0,2,1,6,6,2,25,5,999,1,6,SMART FORFOUR,10,E01000348,0,4
2024351518117,2024,351518117,1,9,0,-1,1,5,1,-1,9,0,0,0,0,0,2,1,-1,6,2,74,10,-1,3,4,SMART FORFOUR,10,E01018295,0,1
2024010528664,2024,010528664,2,9,0,99,99,9,9,99,99,9,9,99,9,99,9,9,6,6,1,19,4,898,1,8,SMART FORFOUR,7,E01000650,0,3
2024451462451,2024,451462451,1,9,0,-1,19,3,7,-1,0,0,0,0,1,3,1,1,-1,9,1,21,5,1124,1,19,SMART FORFOUR,8,E01030574,0,2
2024430002053,2024,430002053,1,9,0,18,19,8,4,0,0,0,0,11,0,0,1,1,6,6,2,87,11,898,1,6,SMART FORFOUR,10,E01028645,0,1
2024471457343,2024,471457343,1,9,0,-1,9,8,5,-1,0,1,0,0,0,0,4,1,-1,7,2,30,6,999,1,8,SMART FORFOUR,9,E01035354,0,3
2024010551663,2024,010551663,1,9,0,99,99,9,9,99,99,9,9,99,9,99,9,9,6,6,1,46,8,999,1,6,SMART FORFOUR,4,E01001176,0,2
2024010547718,2024,010547718,1,9,0,99,99,9,9,99,99,9,9,99,9,99,2,9,2,2,1,24,5,999,1,9,SMART FORFOUR,4,E01003169,0,1
2024522402833,2024,522402833,1,9,0,3,3,3,7,0,0,0,0,0,0,0,2,1,6,6,2,63,9,999,1,8,SMART FORFOUR,2,E01014610,0,3
2024211476830,2024,211476830,2,9,-1,-1,-1,-1,-1,-1,-1,-1,-1,-1,-1,0,-1,9,-1,6,1,38,7,-1,3,3,SMART FORFOUR,-1,-1,0,-1
2024531474288,2024,531474288,1,9,0,-1,19,1,5,-1,0,0,0,0,1,2,4,1,-1,9,1,86,11,999,1,6,SMART FORFOUR,7,E01022225,0,1
2024451528909,2024,451528909,2,9,0,-1,19,2,6,-1,0,0,0,0,0,0,2,1,-1,9,2,20,4,1124,1,19,SMART FORFOUR,8,E01023149,0,1
2024411471570,2024,411471570,2,9,-1,-1,19,1,5,-1,0,2,0,0,0,0,-1,1,-1,6,3,-1,-1,999,1,8,SMART FORFOUR,-1,-1,0,-1
2024010510429,2024,010510429,2,9,0,99,99,9,9,99,99,9,9,99,9,99,9,9,6,6,3,-1,-1,1332,1,20,SMART FORFOUR,-1,-1,0,-1
2024411539711,2024,411539711,1,9,0,-1,19,8,4,-1,0,0,0,0,0,0,1,1,-1,6,2,34,6,999,1,8,SMART FORFOUR,6,E01017828,0,3
2024451536341,2024,451536341,1,9,0,-1,3,2,6,-1,0,1,0,7,0,0,1,1,-1,9,1,85,11,898,1,8,SMART FORFOUR,6,E01030684,0,2
2024221468083,2024,221468083,1,9,0,-1,19,2,6,-1,0,0,0,0,0,0,1,1,-1,9,1,46,8,999,1,7,SMART FORFOUR,5,E01032188,0,1
2024010530070,2024,010530070,2,9,0,3,3,7,3,0,0,1,0,0,0,0,2,1,6,6,2,24,5,999,1,8,SMART FORFOUR,3,E01003280,0,2
2024010528903,2024,010528903,2,9,0,12,12,7,3,0,0,0,0,0,0,0,3,1,6,6,2,44,7,999,1,5,SMART FORFOUR,7,E01002424,0,2
2024010544934,2024,010544934,1,9,0,99,99,9,9,99,99,9,9,99,9,99,2,9,6,6,2,46,8,999,1,8,SMART FORFOUR,2,E01000501,0,1
2024221458417,2024,221458417,1,9,0,-1,19,4,8,-1,0,8,0,0,0,0,1,9,-1,2,2,45,7,999,1,9,SMART FORFOUR,5,E01028894,0,1
2024552401500,2024,552401500,2,9,0,2,2,0,0,0,0,0,0,0,0,0,3,1,6,6,2,22,5,1124,1,18,SMART FORFOUR,8,E01015453,0,2
2024471525043,2024,471525043,1,9,0,-1,19,5,2,-1,0,1,0,0,2,0,1,1,-1,6,2,32,6,898,1,6,SMART FORFOUR,2,E01020978,0,3
2024520500345,2024,520500345,2,9,0,9,9,5,3,0,0,8,0,0,0,0,1,1,6,6,2,55,8,898,1,7,SMART FORFOUR,4,E01035114,0,1
2024421419811,2024,421419811,2,9,0,-1,3,5,2,-1,0,0,0,0,0,0,1,1,-1,9,2,57,9,1124,1,19,SMART FORFOUR,7,E01004379,0,2
2024411509541,2024,411509541,1,9,0,-1,3,2,6,-1,0,4,0,0,0,0,2,1,-1,6,2,26,6,999,1,6,SMART FORFOUR,4,E01023330,0,3
2024440503665,2024,440503665,2,9,0,4,4,3,7,0,0,0,0,0,0,0,1,1,2,2,1,43,7,1499,1,19,SMART FORFOUR,6,E01017023,0,2
2024421529359,2024,421529359,1,9,0,-1,-1,-1,-1,-1,-1,0,-1,-1,-1,0,-1,1,-1,6,2,39,7,999,1,8,SMART FORFOUR,4,E01015948,0,1
2024440338372,2024,440338372,2,9,0,9,9,5,3,0,0,8,0,0,0,0,3,1,6,6,2,32,6,898,1,7,SMART FORFOUR,8,E01023232,0,2
2024501485175,2024,501485175,2,9,0,-1,2,3,7,-1,0,0,1,0,0,0,2,1,-1,6,-1,-1,-1,1499,1,19,SMART FORFOUR,-1,-1,0,-1
2024010520493,2024,010520493,1,9,0,4,4,5,1,0,0,2,0,0,0,0,2,1,6,6,2,39,7,999,1,9,SMART FORFOUR,5,E01001185,0,1
2024440469255,2024,440469255,1,9,0,7,7,3,5,0,0,5,0,0,0,0,4,1,6,6,1,59,9,898,1,7,SMART FORFOUR,10,E01023242,0,3
2024471418834,2024,471418834,1,9,0,-1,19,4,8,-1,9,8,0,10,1,1,1,1,-1,6,2,83,11,999,1,8,SMART FORFOUR,8,E01021233,0,1
2024010513895,2024,010513895,2,9,0,18,19,3,7,0,0,1,0,0,0,0,1,1,6,6,2,37,7,-1,3,4,SMART FORFOUR,4,E01000637,0,1
2024451492542,2024,451492542,1,9,0,-1,4,7,3,-1,0,0,5,0,0,0,3,1,-1,2,2,19,4,999,1,7,SMART FORFOUR,5,E01030569,0,1
2024010534481,2024,010534481,2,9,0,18,19,1,5,9,9,4,0,0,7,0,4,1,3,7,2,40,7,999,1,8,SMART FORFOUR,1,E01003515,0,1
2024010524643,2024,010524643,1,9,0,99,99,9,9,99,99,0,9,99,9,99,2,9,2,2,1,36,7,999,1,6,SMART FORFOUR,5,E01035583,0,1
2024501418444,2024,501418444,1,9,0,-1,19,4,7,-1,0,0,2,0,1,10,4,9,-1,9,2,54,8,898,1,9,SMART FORFOUR,6,E01020283,0,3
2024461476520,2024,461476520,2,9,0,-1,19,3,7,-1,0,1,0,0,0,0,1,2,-1,9,2,31,6,999,1,7,SMART FORFOUR,2,E01016046,0,2
2024010505376,2024,010505376,2,9,0,99,99,9,9,99,99,5,9,99,9,99,1,9,6,6,2,35,6,-1,3,4,SMART FORFOUR,4,E01004038,0,1
2024361460643,2024,361460643,1,9,0,-1,19,3,7,-1,0,0,0,0,1,0,1,1,-1,9,1,82,11,1995,1,4,-1,6,E01026441,0,1
2024010509742,2024,010509742,5,2,0,18,19,7,3,0,0,0,0,4,0,0,4,1,6,6,1,49,8,200,1,6,-1,5,E01001310,0,3
2024622400044,2024,622400044,1,2,0,18,19,8,4,0,0,8,0,0,0,0,1,1,6,6,1,44,7,125,1,13,-1,6,W01001129,0,1
2024991409358,2024,991409358,1,5,0,-1,19,6,2,-1,0,0,0,0,0,0,3,1,-1,9,1,62,9,644,1,26,-1,-1,-1,0,-1
2024421414822,2024,421414822,2,5,0,-1,19,3,7,-1,0,0,0,0,0,0,3,1,-1,6,1,62,9,1634,1,17,-1,9,E01015838,0,1
2024101402503,2024,101402503,2,9,0,-1,3,3,7,-1,0,0,1,0,0,0,2,1,-1,6,1,66,10,1498,3,0,VOLKSWAGEN ID4,2,E01008601,0,1
2024061465707,2024,061465707,1,9,0,-1,19,4,7,-1,0,5,0,0,0,0,-1,9,-1,6,1,38,7,-1,3,1,VOLKSWAGEN ID4,8,E01019757,0,2
2024311438937,2024,311438937,2,9,0,-1,5,1,5,-1,0,4,0,0,0,0,1,1,-1,2,2,44,7,-1,3,1,VOLKSWAGEN ID4,7,E01027999,0,1
2024010520565,2024,010520565,1,9,0,17,19,1,5,0,0,8,0,0,0,0,3,2,1,1,1,43,7,-1,3,3,VOLKSWAGEN ID4,3,E01004675,0,2
2024131464219,2024,131464219,1,9,0,-1,19,3,7,-1,0,0,0,0,0,0,1,1,-1,6,1,59,9,-1,3,1,VOLKSWAGEN ID4,9,E01010687,0,3
2024010507038,2024,010507038,1,9,0,18,19,7,3,0,0,1,0,0,0,0,0,1,6,6,1,50,8,-1,3,2,VOLKSWAGEN ID4,2,E01033485,0,2
2024991525218,2024,991525218,2,9,0,-1,19,1,5,-1,0,0,1,0,0,0,2,1,-1,9,1,60,9,-1,3,0,VOLKSWAGEN ID4,8,-1,0,2
2024010537176,2024,010537176,1,9,0,9,9,7,5,0,0,8,0,0,0,0,1,1,3,7,2,56,9,-1,3,2,VOLKSWAGEN ID4,2,E01001787,0,1
2024461416638,2024,461416638,3,9,0,-1,19,4,8,-1,0,0,0,0,0,0,2,9,-1,6,-1,-1,-1,-1,3,1,VOLKSWAGEN ID4,-1,-1,0,-1
2024010537249,2024,010537249,1,9,0,99,99,9,9,99,99,9,9,99,9,99,9,9,6,6,3,-1,-1,-1,3,1,VOLKSWAGEN ID4,-1,-1,0,-1
2024430452640,2024,430452640,2,9,0,11,11,3,7,0,0,0,0,0,0,0,1,1,6,6,1,45,7,-1,3,1,VOLKSWAGEN ID4,-1,-1,0,-1
2024471416028,2024,471416028,2,9,0,-1,19,7,3,-1,0,0,0,0,1,0,2,1,-1,9,1,51,8,-1,3,2,VOLKSWAGEN ID4,9,E01033234,0,5
2024010538365,2024,010538365,3,9,0,3,3,7,3,0,0,1,0,0,0,0,2,2,1,1,1,49,8,-1,3,3,VOLKSWAGEN ID4,6,E01001184,0,4
2024010542348,2024,010542348,2,9,0,3,3,7,3,0,0,1,0,0,0,0,2,1,6,6,1,34,6,-1,3,3,VOLKSWAGEN ID4,4,E01002402,0,1
2024991465070,2024,991465070,1,9,0,-1,1,2,6,-1,0,2,0,0,0,0,1,9,-1,1,1,21,5,-1,3,1,VOLKSWAGEN ID4,2,-1,0,1
2024430163744,2024,430163744,2,9,0,17,19,8,5,0,0,0,0,0,0,0,1,1,6,6,1,55,8,-1,3,1,VOLKSWAGEN ID4,9,E01023275,0,4
2024101451487,2024,101451487,2,9,0,-1,3,5,1,-1,0,0,0,0,0,0,2,1,-1,6,2,57,9,-1,3,1,VOLKSWAGEN ID4,3,E01008192,0,2
2024010505367,2024,010505367,2,8,9,2,2,9,9,99,99,9,9,99,9,99,9,9,6,6,1,64,9,-1,3,3,VOLKSWAGEN ID4,10,E01002153,0,3
2024201504142,2024,201504142,2,9,0,-1,5,5,1,-1,0,4,0,0,0,0,4,1,-1,2,1,30,6,-1,3,1,VOLKSWAGEN ID4,2,E01009082,0,3
2024010526648,2024,010526648,1,9,0,18,19,5,1,0,0,1,0,0,0,0,1,1,6,6,2,29,6,-1,3,3,VOLKSWAGEN ID4,3,E01002400,0,1
202454B904524,2024,54B904524,1,9,0,9,9,3,1,0,0,8,0,0,0,0,3,1,3,7,2,34,6,-1,3,2,VOLKSWAGEN ID4,7,E01034521,0,1
2024041426240,2024,041426240,2,9,0,-1,19,1,5,-1,0,1,1,0,0,0,1,1,-1,9,1,47,8,-1,3,1,VOLKSWAGEN ID4,2,E01024959,0,1
2024531499074,2024,531499074,3,9,0,-1,3,3,7,-1,0,1,0,0,0,0,2,9,-1,6,1,42,7,-1,3,1,VOLKSWAGEN ID4,9,E01022282,0,1
2024471444598,2024,471444598,1,9,0,-1,19,4,8,-1,0,2,0,0,0,0,2,1,-1,9,2,42,7,-1,3,0,VOLKSWAGEN ID4,6,E01031574,0,1
2024010524160,2024,010524160,1,8,0,3,3,3,7,0,0,1,0,0,0,0,2,1,1,1,1,32,6,-1,3,3,VOLKSWAGEN ID4,5,E01023332,0,4
2024010530979,2024,010530979,2,9,0,18,19,6,2,0,0,0,0,4,0,0,1,1,1,1,1,57,9,-1,3,3,VOLKSWAGEN ID4,3,E01002506,0,3
2024201500031,2024,201500031,3,9,0,-1,2,0,0,-1,0,0,0,0,0,0,1,1,-1,6,-1,-1,-1,-1,3,0,VOLKSWAGEN ID4,-1,-1,0,-1
2024361394407,2024,361394407,2,9,0,-1,3,1,5,-1,0,1,0,0,0,0,2,9,-1,6,1,40,7,-1,3,3,VOLKSWAGEN ID4,4,E01004416,0,5
2024451402681,2024,451402681,1,9,0,-1,19,1,5,-1,0,0,0,0,0,0,2,1,-1,2,1,45,7,-1,3,2,VOLKSWAGEN ID4,9,E01030784,0,3
2024451444226,2024,451444226,5,9,0,-1,3,3,7,-1,0,1,0,0,0,0,2,1,-1,2,1,36,7,-1,3,3,VOLKSWAGEN ID4,7,E01030520,0,1
2024440189405,2024,440189405,2,9,0,18,19,5,1,0,0,0,0,0,0,0,1,1,6,6,2,-1,-1,-1,3,0,VOLKSWAGEN ID4,4,E01017296,0,1
2024991553337,2024,991553337,2,9,0,-1,2,0,0,-1,0,0,0,0,1,4,2,1,-1,6,-1,-1,-1,-1,3,1,VOLKSWAGEN ID4,-1,-1,0,-1