collision_index,collision_year,collision_ref_no,vehicle_reference,vehicle_type,towing_and_articulation,vehicle_manoeuvre_historic,vehicle_manoeuvre,vehicle_direction_from,vehicle_direction_to,vehicle_location_restricted_lane_historic,vehicle_location_restricted_lane,junction_location,skidding_and_overturning,hit_object_in_carriageway,vehicle_leaving_carriageway,hit_object_off_carriageway,first_point_of_impact,vehicle_left_hand_drive,journey_purpose_of_driver_historic,journey_purpose_of_driver,sex_of_driver,age_of_driver,age_band_of_driver,engine_capacity_cc,propulsion_code,age_of_vehicle,generic_make_model,driver_imd_decile,lsoa_of_driver,escooter_flag,driver_distance_banding
2024320717010,2024,320717010,2,9,0,-1,-1,2,6,0,0,4,0,0,0,0,4,1,6,6,2,23,5,-1,3,0,VOLKSWAGEN ID4,8,E01032992,0,2
2024991408234,2024,991408234,2,9,0,-1,19,4,8,-1,0,0,0,0,0,0,1,1,-1,1,1,23,5,-1,3,1,VOLKSWAGEN ID4,-1,-1,0,-1
2024320015780,2024,320015780,2,9,0,18,19,7,3,0,0,0,0,0,0,0,4,1,-1,-1,1,62,9,-1,3,1,VOLKSWAGEN ID4,5,E01004698,0,5
2024010521101,2024,010521101,1,9,0,6,6,1,1,0,0,6,0,0,0,0,2,1,1,1,1,43,7,-1,3,2,VOLKSWAGEN ID4,2,E01004740,0,3
2024401414422,2024,401414422,1,9,0,-1,19,4,8,-1,0,0,0,0,0,0,1,1,-1,6,1,-1,-1,-1,3,2,VOLKSWAGEN ID4,-1,-1,0,-1
2024010502196,2024,010502196,2,9,0,99,99,9,9,99,99,9,9,99,9,99,1,9,6,6,3,-1,-1,-1,3,1,VOLKSWAGEN ID4,-1,-1,0,-1
2024430142834,2024,430142834,1,8,0,18,19,4,8,0,0,2,1,0,7,11,1,1,1,1,1,39,7,-1,3,1,VOLKSWAGEN ID4,4,E01016447,0,2
2024201469108,2024,201469108,1,9,0,-1,10,6,4,-1,0,8,0,0,0,0,3,9,-1,9,2,47,8,-1,3,2,VOLKSWAGEN ID4,9,E01010334,0,2
2024221534112,2024,221534112,1,9,0,-1,19,1,5,-1,0,0,0,2,1,1,1,1,-1,1,1,50,8,-1,3,0,VOLKSWAGEN ID4,9,E01013559,0,4
2024010550958,2024,010550958,2,9,0,99,99,9,9,99,99,9,9,99,9,99,1,9,6,6,3,-1,-1,-1,3,1,VOLKSWAGEN ID4,-1,-1,0,-1
2024522403427,2024,522403427,4,9,0,3,3,4,8,0,0,0,0,0,0,0,2,1,6,6,1,48,8,-1,3,1,VOLKSWAGEN ID4,5,E01014008,0,4
2024010532909,2024,010532909,2,9,0,10,10,3,1,0,0,5,0,0,0,0,1,1,1,1,1,34,6,-1,3,3,VOLKSWAGEN ID4,4,E01003212,0,3
2024421517876,2024,421517876,1,8,0,-1,19,7,3,-1,0,2,0,0,0,0,1,1,-1,1,1,51,8,-1,3,1,VOLKSWAGEN ID4,4,E01003529,0,4
2024201457721,2024,201457721,1,9,0,-1,5,5,1,-1,0,6,0,0,0,0,4,9,-1,6,1,25,5,-1,3,2,VOLKSWAGEN ID4,1,E01009517,0,3
2024011566704,2024,011566704,1,9,0,-1,6,7,7,-1,0,0,0,0,0,0,3,1,-1,9,1,47,8,-1,3,3,VOLKSWAGEN ID4,-1,-1,0,-1
2024010512741,2024,010512741,2,9,0,99,99,9,9,99,99,0,9,99,9,99,2,9,6,6,3,-1,-1,-1,3,2,VOLKSWAGEN ID4,-1,-1,0,-1
2024010534715,2024,010534715,2,9,0,4,4,3,7,0,0,1,0,0,0,0,3,1,6,6,1,48,8,-1,3,3,VOLKSWAGEN ID4,4,E01002409,0,1
2024481471143,2024,481471143,1,8,0,-1,9,7,5,-1,0,8,0,0,0,0,4,1,-1,1,1,44,7,-1,3,3,VOLKSWAGEN ID4,-1,-1,0,-1
2024010521436,2024,010521436,1,9,0,16,19,1,2,0,0,1,0,0,0,0,3,1,6,6,1,27,6,-1,3,1,VOLKSWAGEN ID4,6,E01001217,0,1
2024451416861,2024,451416861,2,9,0,-1,19,5,1,-1,0,1,0,0,0,0,1,1,-1,2,2,61,9,-1,3,1,VOLKSWAGEN ID4,10,E01016604,0,1
2024332400165,2024,332400165,3,9,0,-1,19,1,5,-1,0,0,0,0,0,0,2,1,-1,6,1,53,8,-1,3,2,VOLKSWAGEN ID4,8,E01025681,0,1
2024010504224,2024,010504224,1,8,0,10,10,7,6,0,0,1,0,0,7,0,4,1,6,6,3,57,9,-1,3,3,VOLKSWAGEN ID4,7,E01033489,0,1
2024311411726,2024,311411726,1,9,0,-1,5,2,6,-1,0,0,0,0,0,0,1,9,-1,9,1,35,6,-1,3,1,VOLKSWAGEN ID4,-1,-1,0,-1
2024010548731,2024,010548731,1,9,0,9,9,5,3,0,0,5,0,0,0,0,0,1,1,1,1,59,9,-1,3,2,VOLKSWAGEN ID4,4,E01004202,0,2
2024122500136,2024,122500136,1,9,0,18,19,3,7,0,0,1,1,0,0,0,3,1,6,6,2,51,8,-1,3,1,VOLKSWAGEN ID4,9,E01027583,0,4
2024501510578,2024,501510578,2,9,0,-1,2,0,0,-1,0,1,0,0,0,0,1,1,-1,6,-1,-1,-1,-1,3,1,VOLKSWAGEN ID4,-1,-1,0,-1
2024010522523,2024,010522523,1,8,0,18,19,3,7,0,0,0,0,0,0,0,4,1,1,1,1,57,9,-1,3,3,VOLKSWAGEN ID4,9,E01030317,0,4
2024010519251,2024,010519251,1,9,0,18,19,5,1,0,0,1,0,0,0,0,4,1,1,1,1,51,8,-1,3,3,VOLKSWAGEN ID4,8,E01032776,0,4
2024340NN1942,2024,340NN1942,1,9,0,-1,19,3,7,-1,0,1,0,0,0,0,1,1,-1,6,3,-1,-1,-1,3,1,VOLKSWAGEN ID4,-1,-1,0,-1
2024010536938,2024,010536938,3,9,0,18,19,3,7,0,0,0,0,0,0,0,2,1,6,6,1,50,8,-1,3,2,VOLKSWAGEN ID4,4,E01016074,0,4
2024461528426,2024,461528426,3,9,0,-1,19,3,7,-1,0,0,0,0,0,0,1,1,-1,2,2,42,7,-1,3,1,VOLKSWAGEN ID4,7,E01032571,0,4
2024010521040,2024,010521040,1,8,0,4,4,4,8,0,0,0,0,0,0,0,4,1,1,1,1,59,9,-1,3,3,VOLKSWAGEN ID4,2,E01000060,0,4
2024430238099,2024,430238099,1,9,0,9,9,2,8,0,0,6,0,0,0,0,1,1,2,2,1,35,6,-1,3,2,VOLKSWAGEN ID4,10,E01028606,0,4
2024070092001,2024,070092001,2,9,0,2,2,0,0,9,9,1,0,0,0,0,0,1,6,6,2,-1,-1,-1,3,1,VOLKSWAGEN ID4,9,E01018587,0,3
2024010537794,2024,010537794,1,9,0,18,19,5,1,0,0,1,0,0,0,0,1,1,6,6,3,-1,-1,-1,3,2,VOLKSWAGEN ID4,-1,-1,0,-1
2024010544945,2024,010544945,1,9,0,99,99,9,9,99,99,6,9,99,9,99,9,9,6,6,1,34,6,-1,3,1,VOLKSWAGEN ID4,3,E01004720,0,1
2024161529512,2024,161529512,1,9,0,-1,19,7,3,-1,0,0,0,0,0,0,1,1,-1,1,1,49,8,-1,3,2,VOLKSWAGEN ID4,9,E01034754,0,3
2024010551178,2024,010551178,1,9,0,18,19,3,7,0,0,8,0,12,0,0,1,1,6,6,3,-1,-1,-1,3,2,VOLKSWAGEN ID4,-1,-1,0,-1
2024010523320,2024,010523320,2,9,0,9,9,5,3,0,0,0,0,0,0,0,3,1,6,6,1,54,8,-1,3,3,VOLKSWAGEN ID4,9,E01003669,0,2
2024471426876,2024,471426876,2,9,0,-1,19,2,6,-1,0,2,0,0,0,0,2,1,-1,9,1,49,8,-1,3,3,VOLKSWAGEN ID4,8,E01021172,0,1
2024311393888,2024,311393888,1,3,0,-1,4,6,2,-1,0,0,1,0,0,0,0,1,-1,1,1,35,6,124,1,10,YAMAHA YP,2,E01013961,0,1
2024481507845,2024,481507845,2,3,0,-1,19,3,7,-1,0,1,0,0,0,0,0,1,-1,1,1,33,6,124,1,10,YAMAHA YP,-1,-1,0,-1
2024010507148,2024,010507148,3,4,0,18,19,5,1,0,0,2,2,0,0,0,1,1,6,6,3,-1,-1,124,1,14,YAMAHA YP,-1,-1,0,-1
2024010541809,2024,010541809,2,3,0,13,13,7,3,0,0,0,0,0,0,0,1,1,6,6,1,34,6,124,1,16,YAMAHA YP,-1,-1,0,-1
2024061462830,2024,061462830,1,4,0,-1,19,1,5,-1,0,1,0,0,0,0,1,1,-1,6,1,48,8,124,1,9,YAMAHA YP,5,E01006006,0,1
2024010545148,2024,010545148,1,4,0,13,13,1,5,0,0,1,0,0,7,11,1,1,6,6,1,23,5,249,1,13,YAMAHA YP,-1,-1,0,-1
2024010530950,2024,010530950,2,3,0,7,7,1,4,0,0,1,0,0,0,0,2,1,1,1,1,34,6,124,1,11,YAMAHA YP,4,E01034026,0,1
2024010500413,2024,010500413,1,4,0,14,14,3,7,0,0,0,0,0,0,0,1,1,2,2,3,36,7,249,1,10,YAMAHA YP,-1,-1,0,-1
2024361397348,2024,361397348,1,3,0,-1,4,2,5,-1,9,0,1,0,0,0,4,1,-1,6,1,24,5,124,1,14,YAMAHA YP,4,E01026846,0,1
2024461483624,2024,461483624,1,3,0,-1,4,1,5,-1,0,1,2,0,0,0,1,1,-1,6,1,21,5,124,1,14,YAMAHA YP,4,E01024444,0,1
2024010530900,2024,010530900,1,4,0,18,19,7,3,0,0,0,2,0,0,0,3,1,6,6,1,26,6,395,1,6,YAMAHA YP,3,E01015935,0,4
2024131509617,2024,131509617,2,4,0,-1,19,7,3,-1,0,8,0,0,0,0,1,1,-1,9,1,58,9,249,1,8,YAMAHA YP,1,E01010605,0,3
2024010492634,2024,010492634,1,3,0,18,19,3,7,0,0,0,0,0,0,0,3,1,6,6,1,25,5,124,1,12,YAMAHA YP,2,E01024476,0,2
2024201458739,2024,201458739,2,3,0,-1,19,1,8,-1,0,4,0,0,0,0,4,1,-1,1,1,22,5,124,1,9,YAMAHA YP,1,E01009056,0,2
2024010513170,2024,010513170,1,4,0,99,99,9,9,99,99,9,9,99,9,99,1,1,6,6,1,33,6,395,1,6,YAMAHA YP,4,E01000846,0,2
2024010497365,2024,010497365,1,4,0,99,99,9,9,99,99,0,9,99,9,99,1,1,1,1,1,54,8,249,1,10,YAMAHA YP,8,E01004762,0,1
2024010512057,2024,010512057,1,4,0,7,7,4,5,0,0,3,0,0,0,0,2,1,2,2,1,38,7,249,1,17,YAMAHA YP,8,E01030698,0,2
2024010507351,2024,010507351,1,3,0,4,4,3,7,0,0,0,0,0,0,0,1,1,6,6,1,25,5,124,1,8,YAMAHA YP,2,E01001649,0,1
2024010517176,2024,010517176,1,3,0,15,15,1,5,0,0,1,0,0,0,0,1,1,6,6,1,18,4,124,1,12,YAMAHA YP,2,E01000085,0,1
2024010493848,2024,010493848,2,4,0,18,19,5,1,0,0,1,0,0,0,0,1,1,1,1,1,16,4,395,1,10,YAMAHA YP,2,E01003052,0,1
2024010498575,2024,010498575,1,3,0,7,7,7,2,0,0,2,0,0,0,0,3,1,1,1,1,26,6,124,1,8,YAMAHA YP,2,E01003633,0,2
2024411435138,2024,411435138,1,3,0,-1,19,7,3,-1,0,0,0,0,0,0,1,1,-1,2,1,20,4,124,1,9,YAMAHA YP,6,E01023633,0,1
2024010547214,2024,010547214,2,3,0,13,13,5,1,0,0,8,0,0,0,0,4,1,6,6,1,52,8,124,1,13,YAMAHA YP,7,E01002747,0,1
2024010546855,2024,010546855,1,3,0,13,13,5,1,0,0,8,5,0,0,0,1,1,6,6,1,27,6,124,1,12,YAMAHA YP,1,E01033456,0,3
2024010529952,2024,010529952,2,3,0,4,4,7,3,0,0,4,0,10,0,0,1,1,6,6,1,23,5,124,1,12,YAMAHA YP,6,E01002138,0,1
2024010489561,2024,010489561,1,3,0,99,99,9,9,99,99,0,9,99,9,99,1,9,2,2,1,39,7,395,1,6,YAMAHA YP,5,E01033727,0,1
2024010547218,2024,010547218,2,9,0,9,9,3,1,0,0,1,0,0,0,0,0,1,6,6,2,76,11,124,1,9,YAMAHA YP,3,E01000373,0,1
2024440086525,2024,440086525,2,4,0,14,14,2,6,0,0,0,0,0,0,0,1,1,2,2,1,31,6,395,1,7,YAMAHA YP,5,E01023099,0,1
202454E884524,2024,54E884524,1,4,0,18,19,6,2,0,0,8,0,0,0,0,1,1,6,6,1,62,9,395,1,6,YAMAHA YP,7,E01032121,0,1
2024461399256,2024,461399256,2,3,0,-1,19,4,8,-1,0,0,1,0,0,0,2,1,-1,2,1,24,5,124,1,7,YAMAHA YP,5,E01024495,0,1
2024010535634,2024,010535634,1,3,0,99,99,9,9,99,99,9,9,99,9,99,1,1,1,1,2,37,7,124,1,12,YAMAHA YP,5,E01002042,0,1
2024481558142,2024,481558142,1,4,0,-1,14,3,7,-1,0,0,0,0,0,0,1,1,-1,2,1,31,6,395,1,11,YAMAHA YP,-1,-1,0,-1
2024440014104,2024,440014104,1,3,0,18,19,4,8,0,0,0,0,0,0,0,3,1,6,6,1,29,6,124,1,11,YAMAHA YP,4,E01017309,0,2
2024010549661,2024,010549661,1,4,0,18,19,7,3,0,0,8,1,0,0,0,3,1,2,2,1,30,6,249,1,10,YAMAHA YP,2,E01000051,0,3
2024010509206,2024,010509206,1,4,0,4,4,7,3,0,0,0,0,0,0,0,1,1,6,6,1,40,7,395,1,8,YAMAHA YP,-1,-1,0,-1
2024010523870,2024,010523870,1,3,4,99,99,9,9,99,99,9,9,99,9,99,9,1,6,6,1,37,7,124,1,8,YAMAHA YP,3,E01002102,0,1
2024010543054,2024,010543054,1,3,0,18,19,8,4,0,0,2,0,0,0,0,1,1,6,6,1,19,4,124,1,10,YAMAHA YP,6,E01034486,0,1
2024411479622,2024,411479622,1,3,0,-1,-1,-1,-1,-1,-1,2,-1,-1,-1,0,-1,1,-1,6,3,-1,-1,124,1,12,YAMAHA YP,-1,-1,0,-1
2024010506933,2024,010506933,2,4,0,18,19,1,5,9,9,1,0,0,0,0,1,1,6,6,3,-1,-1,395,1,7,YAMAHA YP,-1,-1,0,-1
2024010539042,2024,010539042,1,3,0,18,19,2,6,0,0,1,0,0,0,0,1,1,6,6,1,19,4,124,1,13,YAMAHA YP,2,E01003986,0,1
2024552401304,2024,552401304,2,4,0,18,19,6,2,0,0,8,0,0,0,0,1,1,2,2,1,55,8,249,1,25,YAMAHA YP,5,E01020452,0,1
2024010515206,2024,010515206,2,3,0,4,4,5,1,0,0,2,0,0,0,0,1,1,6,6,1,16,4,124,1,9,YAMAHA YP,10,E01003870,0,2
2024010509111,2024,010509111,1,3,4,99,99,9,9,99,99,9,9,99,9,99,9,1,1,1,1,27,6,124,1,10,YAMAHA YP,7,E01003738,0,1
2024010540682,2024,010540682,2,4,0,99,99,9,9,99,99,9,9,99,9,99,0,1,6,6,3,-1,-1,395,1,6,YAMAHA YP,-1,-1,0,-1
2024010540590,2024,010540590,2,3,0,5,5,1,5,0,0,1,0,0,0,0,3,1,6,6,1,29,6,124,1,8,YAMAHA YP,8,E01004110,0,2
2024010529451,2024,010529451,1,3,0,14,14,1,5,0,0,8,0,0,0,0,1,1,6,6,1,21,5,124,1,10,YAMAHA YP,2,E01003236,0,2
2024010532426,2024,010532426,2,3,0,11,11,7,3,0,0,8,0,0,0,0,4,1,6,6,1,39,7,124,1,16,YAMAHA YP,4,E01001286,0,2
2024411405216,2024,411405216,1,4,0,-1,19,5,1,-1,0,0,0,0,0,0,1,1,-1,6,1,40,7,395,1,3,YAMAHA YP,7,E01017578,0,3
2024371506779,2024,371506779,2,3,0,-1,19,1,3,-1,0,1,5,0,1,0,1,1,-1,9,1,17,4,124,1,0,-1,7,E01018023,0,2
2024010537738,2024,010537738,1,5,0,99,99,9,9,99,99,9,9,99,9,99,9,1,2,2,1,26,6,745,1,5,HONDA ADV750,1,E01002095,0,2
2024010550051,2024,010550051,2,3,0,18,19,7,3,0,0,1,0,0,0,0,1,1,6,6,1,51,8,745,1,0,HONDA ADV750,9,E01003471,0,1
2024010515514,2024,010515514,1,3,0,99,99,9,9,99,99,9,9,99,9,99,9,1,1,1,1,29,6,745,1,4,HONDA ADV750,6,E01004521,0,2
2024010534773,2024,010534773,1,3,0,18,19,7,3,0,0,1,5,0,0,0,1,1,1,1,1,27,6,125,1,3,HONDA ADV750,3,E01003533,0,1
2024471461647,2024,471461647,2,5,0,-1,19,4,8,-1,0,8,0,0,7,0,3,1,-1,6,1,56,9,745,1,1,HONDA ADV750,2,E01020911,0,1
2024010530287,2024,010530287,2,5,0,18,19,1,5,0,0,3,2,0,0,0,1,1,6,6,1,17,4,745,1,6,HONDA ADV750,6,E01001159,0,1
2024122400764,2024,122400764,1,5,0,18,19,3,7,0,0,0,0,0,0,0,4,1,6,6,1,60,9,745,1,0,HONDA ADV750,2,E01011424,0,4
2024622400106,2024,622400106,2,5,0,3,3,3,7,0,0,4,0,0,0,0,2,1,6,6,1,40,7,745,1,3,HONDA ADV750,3,W01001767,0,1
2024522402219,2024,522402219,1,5,0,18,19,8,4,0,0,8,0,0,0,0,1,1,6,6,1,37,7,745,1,0,HONDA ADV750,5,E01035223,0,2
2024211426933,2024,211426933,2,5,-1,-1,-1,-1,-1,-1,-1,0,-1,-1,-1,0,-1,1,-1,9,1,68,10,745,1,0,HONDA ADV750,8,E01019621,0,4
2024010524513,2024,010524513,2,5,0,18,19,5,1,0,0,0,0,0,0,0,4,1,6,6,1,24,5,745,1,6,HONDA ADV750,3,E01004305,0,1
2024010507601,2024,010507601,2,5,0,18,19,8,4,0,0,1,0,0,0,0,1,1,6,6,1,23,5,745,1,6,HONDA ADV750,2,E01004129,0,1
2024610031324,2024,610031324,1,3,0,18,19,8,4,0,0,3,0,10,0,0,1,1,6,6,1,66,10,85,1,42,-1,-1,-1,0,-1
2024501470862,2024,501470862,2,2,0,-1,19,6,2,-1,0,8,1,10,0,0,1,1,-1,9,1,17,4,85,1,35,-1,4,E01018877,0,1
2024520402529,2024,520402529,1,5,0,18,19,7,3,0,0,1,0,0,0,0,1,1,6,6,1,59,9,85,1,25,-1,4,E01029337,0,2
2024010549980,2024,010549980,1,3,0,18,19,3,7,0,0,8,0,0,0,0,1,1,6,6,1,57,9,85,1,34,-1,7,E01004173,0,1
2024531462837,2024,531462837,1,4,0,-1,19,1,5,-1,0,0,0,0,1,10,3,1,-1,9,1,75,10,198,1,40,-1,5,E01022188,0,1
2024440463384,2024,440463384,1,9,0,9,9,8,6,0,0,8,0,0,0,0,1,1,1,1,1,-1,-1,1339,1,14,HONDA JAZZ,-1,-1,0,-1
2024991468999,2024,991468999,1,9,0,-1,19,4,8,-1,0,3,0,0,0,0,4,1,-1,2,2,40,7,1198,1,11,HONDA JAZZ,6,-1,0,4
2024010505981,2024,010505981,1,9,0,7,7,2,3,0,0,7,0,0,0,0,2,1,6,6,1,65,9,1339,1,19,HONDA JAZZ,3,E01000016,0,1
2024041512834,2024,041512834,1,9,0,-1,9,1,5,-1,0,8,0,0,0,0,0,1,-1,1,1,69,10,1339,1,11,HONDA JAZZ,2,E01012677,0,1
2024471474504,2024,471474504,2,9,0,-1,19,3,7,-1,0,1,5,0,0,0,1,1,-1,1,2,36,7,1339,1,10,HONDA JAZZ,3,E01031400,0,4
2024010550877,2024,010550877,1,9,0,99,99,9,9,99,99,9,9,99,9,99,2,9,6,6,2,51,8,1339,1,11,HONDA JAZZ,4,E01000639,0,1
2024061427364,2024,061427364,2,9,0,-1,3,3,7,-1,0,8,0,0,0,0,4,1,-1,7,2,43,7,1246,1,18,HONDA JAZZ,5,E01005940,0,1
2024461434155,2024,461434155,1,9,0,-1,1,5,5,-1,0,1,0,0,0,0,2,1,-1,6,2,55,8,1339,1,16,HONDA JAZZ,2,E01016064,0,1
2024201566735,2024,201566735,2,9,0,-1,19,1,5,-1,0,1,0,0,0,0,1,9,-1,6,1,62,9,1339,1,16,HONDA JAZZ,2,E01033642,0,1
2024991470178,2024,991470178,1,9,0,-1,19,2,6,-1,0,1,0,0,0,0,1,1,-1,6,2,85,11,1198,1,11,HONDA JAZZ,8,-1,0,3
2024440087605,2024,440087605,1,9,0,18,19,7,3,0,0,0,0,0,0,0,1,1,6,6,1,46,8,1246,1,17,HONDA JAZZ,4,E01017110,0,1
2024520500094,2024,520500094,1,9,0,18,19,3,7,0,0,0,0,0,0,0,1,1,6,6,2,82,11,1339,1,18,HONDA JAZZ,7,E01029276,0,1
2024501534574,2024,501534574,1,9,0,-1,19,2,6,-1,0,0,2,0,0,0,1,1,-1,9,1,23,5,1246,1,18,HONDA JAZZ,5,E01018936,0,4
2024010548291,2024,010548291,1,9,0,9,9,3,1,0,0,5,0,0,0,0,1,1,6,6,1,32,6,1339,1,18,HONDA JAZZ,3,E01001449,0,1
2024451414366,2024,451414366,2,9,0,-1,19,1,3,-1,0,8,9,0,0,0,2,1,-1,6,2,26,6,1339,1,12,HONDA JAZZ,-1,-1,0,-1
2024041402629,2024,041402629,2,9,0,-1,19,7,3,-1,0,0,0,0,0,0,3,1,-1,6,1,84,11,1339,1,17,HONDA JAZZ,6,E01025315,0,1
2024451489192,2024,451489192,1,9,0,-1,19,6,2,-1,0,0,0,0,0,0,1,1,-1,9,2,26,6,1498,8,2,HONDA JAZZ,7,E01023902,0,4
2024430229565,2024,430229565,1,9,0,2,2,8,4,0,0,6,0,0,1,11,4,1,6,6,1,86,11,1339,8,13,HONDA JAZZ,10,E01016612,0,1
2024552400592,2024,552400592,1,9,0,9,9,7,5,0,0,6,0,0,0,0,4,1,6,6,1,93,11,1339,1,16,HONDA JAZZ,10,E01015455,0,1
2024430453430,2024,430453430,1,9,0,18,19,3,7,0,0,6,0,0,0,0,1,1,1,1,2,66,10,1339,1,10,HONDA JAZZ,7,E01016495,0,1
2024471435575,2024,471435575,1,9,0,-1,19,1,5,-1,0,0,0,0,0,0,4,2,-1,1,2,57,9,1318,1,7,HONDA JAZZ,10,E01031822,0,1
2024440391656,2024,440391656,3,9,0,18,19,5,1,0,0,0,1,0,0,0,1,1,6,6,1,69,10,1339,1,14,HONDA JAZZ,6,E01023002,0,4
2024101484442,2024,101484442,1,9,0,-1,19,1,5,-1,0,0,0,0,0,0,1,1,-1,9,2,83,11,1339,1,11,HONDA JAZZ,7,E01027417,0,1
2024201460357,2024,201460357,2,9,0,-1,5,2,6,-1,0,8,0,0,0,0,3,9,-1,7,1,23,5,1198,1,13,HONDA JAZZ,5,E01009032,0,1
2024010510737,2024,010510737,2,9,0,99,99,9,9,99,99,9,9,99,9,99,9,9,6,6,3,-1,-1,1339,1,16,HONDA JAZZ,-1,-1,0,-1
2024622400087,2024,622400087,1,9,0,9,9,7,4,0,0,8,0,0,0,0,1,1,1,1,1,31,6,1339,1,20,HONDA JAZZ,4,W01001262,0,1
2024361438895,2024,361438895,3,9,0,-1,2,0,0,-1,0,1,0,0,0,0,1,1,-1,9,2,60,9,1339,1,10,HONDA JAZZ,8,E01026918,0,1
2024401541197,2024,401541197,2,9,0,-1,19,8,4,-1,0,0,0,0,0,0,2,1,-1,6,1,52,8,1339,1,17,HONDA JAZZ,4,E01015785,0,2
2024501505200,2024,501505200,1,9,0,-1,19,7,3,-1,0,1,0,0,0,0,1,1,-1,9,1,82,11,1339,1,15,HONDA JAZZ,4,E01020496,0,3
2024351452080,2024,351452080,2,9,0,-1,19,3,6,-1,0,0,0,0,1,0,4,1,-1,9,2,69,10,1198,1,12,HONDA JAZZ,6,E01015688,0,2
2024061539244,2024,061539244,1,9,0,-1,5,1,5,-1,0,0,0,0,0,0,1,2,-1,6,1,40,7,1339,1,14,HONDA JAZZ,2,E01004847,0,1
2024542622724,2024,542622724,1,9,0,9,9,7,5,0,0,6,0,0,0,0,1,1,6,6,2,53,8,1339,1,14,HONDA JAZZ,10,E01032061,0,1
2024471451280,2024,471451280,2,9,0,-1,3,1,5,-1,0,0,0,0,0,0,2,1,-1,2,2,48,8,1339,1,13,HONDA JAZZ,7,E01021043,0,4
2024440178757,2024,440178757,1,9,0,9,9,4,2,0,0,8,0,0,0,0,4,1,3,7,2,40,7,1339,1,20,HONDA JAZZ,3,E01017220,0,1
2024221478884,2024,221478884,1,9,0,-1,1,2,8,-1,9,6,0,0,1,11,2,1,-1,9,1,87,11,1498,8,3,HONDA JAZZ,7,E01035055,0,1
2024061449552,2024,061449552,1,9,0,-1,19,1,5,-1,0,1,0,0,0,0,1,1,-1,9,1,23,5,1339,1,13,HONDA JAZZ,1,E01005338,0,1
2024531425737,2024,531425737,3,9,0,-1,19,3,7,-1,0,0,0,0,0,0,2,1,-1,6,1,79,11,1318,1,5,HONDA JAZZ,10,E01022317,0,2
2024332400010,2024,332400010,3,9,0,-1,2,0,0,-1,0,0,0,0,0,0,3,1,-1,6,3,-1,-1,1339,1,20,HONDA JAZZ,-1,-1,0,-1
2024141528051,2024,141528051,1,9,0,-1,15,7,3,-1,0,0,5,4,7,10,1,1,-1,9,1,84,11,1498,8,1,HONDA JAZZ,5,E01007953,0,1
2024010544066,2024,010544066,2,9,0,99,99,9,9,99,99,9,9,99,9,99,9,9,6,6,3,-1,-1,1498,8,1,HONDA JAZZ,-1,-1,0,-1
2024201433010,2024,201433010,2,9,0,-1,3,4,8,-1,0,8,0,0,0,0,2,1,-1,6,2,45,7,1339,1,9,HONDA JAZZ,1,E01009363,0,1
2024311415908,2024,311415908,1,9,0,-1,1,8,8,-1,0,0,0,0,0,0,1,1,-1,9,2,86,11,1339,1,12,HONDA JAZZ,7,E01028270,0,1
2024631520636,2024,631520636,2,9,0,-1,4,7,3,-1,0,0,0,0,0,0,2,1,-1,9,2,64,9,1318,1,7,HONDA JAZZ,7,W01000447,0,3
2024010514033,2024,010514033,2,9,0,9,9,3,8,0,0,1,0,0,0,0,3,1,6,6,2,57,9,1339,1,16,HONDA JAZZ,5,E01000468,0,1
2024221538197,2024,221538197,3,9,0,-1,19,5,1,-1,0,1,0,0,0,0,3,1,-1,6,1,40,7,1339,1,19,HONDA JAZZ,1,E01032252,0,1
2024440319587,2024,440319587,1,9,0,9,9,7,3,0,0,1,0,0,0,0,1,1,6,6,1,75,10,1498,8,3,HONDA JAZZ,6,E01011551,0,5
2024061509200,2024,061509200,2,9,0,-1,3,3,7,-1,0,0,0,0,0,0,2,1,-1,2,1,53,8,1339,8,13,HONDA JAZZ,10,E01006153,0,1
2024430566574,2024,430566574,1,9,0,9,9,5,2,0,0,8,0,0,0,0,1,1,1,1,2,43,7,1339,1,16,HONDA JAZZ,8,E01016703,0,1
2024141401433,2024,141401433,1,9,0,-1,9,2,7,-1,0,3,0,0,0,0,4,1,-1,2,2,45,7,1318,1,7,HONDA JAZZ,7,E01008128,0,3
2024430288206,2024,430288206,1,9,0,18,19,8,3,0,0,0,0,0,0,0,4,1,6,6,1,72,10,1339,1,18,HONDA JAZZ,10,E01016386,0,1
2024522400852,2024,522400852,1,9,0,18,19,4,8,0,0,8,0,0,0,0,1,1,6,6,2,56,9,1339,1,16,HONDA JAZZ,5,E01014627,0,1
2024991522803,2024,991522803,2,9,0,-1,19,2,6,-1,0,0,0,0,0,0,1,1,-1,9,2,76,11,1339,1,10,HONDA JAZZ,6,-1,0,1
2024340WN7022,2024,340WN7022,1,9,0,-1,-1,1,7,-1,0,3,0,0,0,0,4,1,-1,9,1,71,10,1318,1,7,HONDA JAZZ,1,E01014647,0,5
2024131480205,2024,131480205,1,9,0,-1,6,5,5,-1,0,5,0,0,0,0,1,1,-1,6,2,75,10,1498,8,3,HONDA JAZZ,5,E01011390,0,1
2024411542238,2024,411542238,1,9,0,-1,19,1,5,-1,0,0,0,0,0,0,1,1,-1,6,2,82,11,1318,1,6,HONDA JAZZ,6,E01023583,0,1
2024552400993,2024,552400993,2,9,0,3,3,2,6,0,0,4,0,0,0,0,1,1,6,6,2,70,10,1339,1,20,HONDA JAZZ,6,E01015286,0,1