collision_index,collision_year,collision_ref_no,vehicle_reference,vehicle_type,towing_and_articulation,vehicle_manoeuvre_historic,vehicle_manoeuvre,vehicle_direction_from,vehicle_direction_to,vehicle_location_restricted_lane_historic,vehicle_location_restricted_lane,junction_location,skidding_and_overturning,hit_object_in_carriageway,vehicle_leaving_carriageway,hit_object_off_carriageway,first_point_of_impact,vehicle_left_hand_drive,journey_purpose_of_driver_historic,journey_purpose_of_driver,sex_of_driver,age_of_driver,age_band_of_driver,engine_capacity_cc,propulsion_code,age_of_vehicle,generic_make_model,driver_imd_decile,lsoa_of_driver,escooter_flag,driver_distance_banding
2024501445063,2024,501445063,1,9,0,-1,9,7,5,-1,0,8,0,0,0,0,9,9,-1,9,1,89,11,1339,1,19,HONDA JAZZ,5,E01018837,0,1
2024421463924,2024,421463924,1,9,0,-1,9,7,5,-1,0,6,0,0,0,0,3,1,-1,2,1,40,7,1339,1,15,HONDA JAZZ,9,E01030033,0,4
2024061517623,2024,061517623,2,9,0,-1,19,1,5,-1,0,0,0,0,4,0,4,1,-1,9,1,53,8,1246,1,17,HONDA JAZZ,1,E01004830,0,1
2024991493383,2024,991493383,1,9,0,-1,19,1,5,-1,0,0,0,0,7,0,3,1,-1,6,1,43,7,1246,1,17,HONDA JAZZ,2,-1,0,1
2024421517965,2024,421517965,2,9,0,-1,3,8,4,-1,0,2,0,0,0,0,2,1,-1,9,2,43,7,1318,1,7,HONDA JAZZ,3,E01004402,0,4
2024010544170,2024,010544170,1,9,0,18,19,6,2,0,0,0,0,0,0,0,4,1,6,6,1,37,7,1339,1,19,HONDA JAZZ,5,E01032783,0,2
2024332400886,2024,332400886,2,9,0,-1,19,3,7,-1,0,1,0,0,0,0,1,1,-1,6,1,63,9,1339,1,13,HONDA JAZZ,10,E01025800,0,1
2024131465376,2024,131465376,1,9,0,-1,5,5,1,-1,0,0,0,0,0,0,1,1,-1,9,2,90,11,1339,1,14,HONDA JAZZ,4,E01011705,0,1
2024451488260,2024,451488260,1,9,0,-1,19,3,7,-1,0,0,0,0,0,0,1,1,-1,1,1,45,7,1339,1,16,HONDA JAZZ,10,E01030790,0,1
2024522403348,2024,522403348,3,9,0,18,19,2,6,0,0,1,0,0,0,0,1,1,6,6,2,34,6,1339,1,16,HONDA JAZZ,2,E01014685,0,1
2024201522179,2024,201522179,1,9,0,-1,9,6,4,-1,-1,5,0,0,1,0,4,1,-1,6,1,54,8,1339,1,16,HONDA JAZZ,1,E01009371,0,2
2024041412941,2024,041412941,2,9,0,-1,4,3,7,-1,0,0,0,0,0,0,2,1,-1,9,1,76,11,1339,1,15,HONDA JAZZ,8,E01025074,0,2
2024461419162,2024,461419162,1,9,0,-1,19,2,6,-1,0,1,0,0,0,0,1,9,-1,2,2,66,10,1339,1,15,HONDA JAZZ,6,E01024793,0,2
2024010544688,2024,010544688,2,9,0,99,99,9,9,99,99,0,9,99,9,99,1,9,6,6,2,-1,-1,1339,1,15,HONDA JAZZ,-1,-1,0,-1
2024131496024,2024,131496024,1,9,0,-1,19,5,1,-1,0,2,0,0,0,0,1,1,-1,9,1,43,7,1339,1,15,HONDA JAZZ,10,E01020336,0,5
2024010527011,2024,010527011,1,9,0,99,99,9,9,99,99,9,9,99,9,99,1,9,6,6,3,-1,-1,1198,1,11,HONDA JAZZ,-1,-1,0,-1
2024461409819,2024,461409819,2,9,0,-1,19,3,7,-1,0,0,0,0,0,0,4,9,-1,6,2,77,11,1339,1,22,HONDA JAZZ,5,E01024202,0,1
2024010544376,2024,010544376,2,9,9,99,99,9,9,99,99,9,9,99,9,99,9,9,6,6,3,-1,-1,1318,1,5,HONDA JAZZ,-1,-1,0,-1
2024010505424,2024,010505424,2,9,0,99,99,9,9,99,99,9,9,99,9,99,9,9,6,6,3,-1,-1,1498,8,4,HONDA JAZZ,-1,-1,0,-1
2024320623489,2024,320623489,1,9,0,4,4,4,8,0,0,1,0,0,1,1,1,1,-1,-1,1,24,5,1339,8,13,HONDA JAZZ,8,E01026141,0,3
2024440508858,2024,440508858,1,9,0,18,19,1,5,0,0,0,0,0,0,0,1,1,6,6,1,-1,-1,1198,1,11,HONDA JAZZ,-1,-1,0,-1
2024552401347,2024,552401347,1,9,0,12,12,7,3,0,0,5,0,0,7,1,3,1,6,6,1,85,11,1198,1,15,HONDA JAZZ,4,E01015465,0,1
2024501400161,2024,501400161,1,9,0,-1,19,6,4,-1,0,0,0,0,0,0,2,1,-1,6,2,34,6,1198,1,13,HONDA JAZZ,5,E01018900,0,1
2024421447204,2024,421447204,1,9,0,-1,19,-1,-1,-1,0,2,0,0,0,0,2,1,-1,6,3,-1,-1,1339,1,14,HONDA JAZZ,-1,-1,0,-1
2024451441544,2024,451441544,1,9,0,-1,19,1,5,-1,0,0,1,10,0,0,4,2,-1,9,1,76,11,1339,1,9,HONDA JAZZ,8,E01030302,0,2
2024411501683,2024,411501683,1,9,0,-1,7,7,3,-1,-1,0,0,0,1,11,1,1,-1,1,2,58,9,1339,1,16,HONDA JAZZ,3,E01015737,0,4
2024010503322,2024,010503322,1,9,0,15,15,5,1,0,0,8,0,0,0,0,4,1,6,6,1,24,5,1339,1,19,HONDA JAZZ,-1,-1,0,-1
2024991523466,2024,991523466,1,9,0,-1,7,1,3,-1,0,6,0,0,0,0,1,1,-1,6,1,64,9,1498,8,1,HONDA JAZZ,9,-1,0,4
2024201580431,2024,201580431,1,9,0,-1,5,1,5,-1,0,1,0,0,0,0,1,9,-1,6,3,-1,-1,1246,1,19,HONDA JAZZ,-1,-1,0,-1
2024340NN4022,2024,340NN4022,1,9,0,-1,9,3,1,-1,0,5,0,0,0,0,1,1,-1,1,1,45,7,1339,1,21,HONDA JAZZ,1,E01026950,0,1
2024010533345,2024,010533345,2,9,0,18,19,3,7,0,0,8,0,0,0,0,3,1,6,6,2,80,11,1339,1,12,HONDA JAZZ,-1,-1,0,-1
2024461528246,2024,461528246,1,9,0,-1,3,3,1,-1,0,4,0,0,0,0,1,1,-1,6,1,65,9,1498,8,3,HONDA JAZZ,2,E01024627,0,3
2024010530668,2024,010530668,1,9,0,-1,-1,4,8,0,0,2,0,0,0,0,1,1,6,6,2,41,7,1198,1,14,HONDA JAZZ,2,E01001320,0,1
2024061454524,2024,061454524,2,9,0,-1,9,7,5,-1,0,6,0,0,0,0,1,1,-1,6,1,20,4,1246,1,18,HONDA JAZZ,1,E01005205,0,3
2024501448261,2024,501448261,2,9,0,-1,19,7,3,-1,0,0,5,0,1,0,1,1,-1,6,2,73,10,1339,1,19,HONDA JAZZ,2,E01015186,0,3
2024010510169,2024,010510169,1,9,0,18,19,3,7,0,0,5,1,0,0,0,3,1,6,6,2,63,9,1339,1,15,HONDA JAZZ,7,E01000147,0,1
2024201426051,2024,201426051,1,9,0,-1,19,4,8,-1,0,0,1,7,0,0,1,9,-1,6,1,21,5,1339,1,14,HONDA JAZZ,1,E01008910,0,1
2024231462322,2024,231462322,1,9,0,-1,4,5,1,-1,0,0,1,0,0,0,1,9,-1,9,1,53,8,1339,1,18,HONDA JAZZ,1,E01013640,0,4
2024061445492,2024,061445492,1,9,0,-1,19,3,7,-1,0,0,0,0,0,0,1,1,-1,6,1,42,7,1339,1,18,HONDA JAZZ,1,E01005147,0,1
2024401406839,2024,401406839,2,9,0,-1,3,-1,-1,-1,0,4,0,0,0,0,2,9,-1,9,2,43,7,1339,1,19,HONDA JAZZ,9,E01033188,0,1
2024622400052,2024,622400052,1,9,0,6,6,2,2,0,0,0,0,0,0,0,4,1,6,6,1,24,5,1339,1,20,HONDA JAZZ,2,W01001765,0,1
2024421440928,2024,421440928,1,9,0,-1,7,3,5,-1,0,8,0,0,0,0,1,1,-1,6,1,86,11,1339,1,14,HONDA JAZZ,9,E01021693,0,1
2024471418260,2024,471418260,1,9,0,-1,8,1,5,-1,0,1,0,0,0,0,1,1,-1,9,2,49,8,1339,1,19,HONDA JAZZ,5,E01031392,0,1
2024440113645,2024,440113645,1,9,0,3,3,5,1,0,0,1,0,0,0,0,2,1,6,6,2,75,10,1339,1,15,HONDA JAZZ,10,E01022675,0,2
2024552401180,2024,552401180,1,9,0,18,19,1,5,0,0,0,0,0,7,9,1,1,6,6,2,80,11,1318,1,6,HONDA JAZZ,7,E01020537,0,1
2024201447182,2024,201447182,1,9,0,-1,9,4,4,-1,0,8,0,0,0,0,4,1,-1,2,2,54,8,1339,1,12,HONDA JAZZ,2,E01010056,0,1
2024552401271,2024,552401271,1,9,0,18,19,7,3,0,0,8,0,0,7,1,4,1,6,6,2,76,11,1339,1,22,HONDA JAZZ,5,E01015317,0,1
2024991514248,2024,991514248,1,9,0,-1,19,2,6,-1,0,0,0,0,0,0,4,1,-1,6,1,55,8,1339,1,18,HONDA JAZZ,3,-1,0,3
2024211457158,2024,211457158,1,9,0,-1,19,2,6,-1,0,8,0,0,0,0,4,1,-1,9,1,31,6,1339,1,17,HONDA JAZZ,3,E01018746,0,4
2024070409460,2024,070409460,2,9,0,18,19,5,1,0,0,8,0,0,0,0,1,1,6,6,2,63,9,1318,1,7,HONDA JAZZ,9,E01006331,0,2
2024211523856,2024,211523856,1,9,0,-1,19,8,4,-1,5,0,0,0,0,0,1,1,-1,9,1,33,6,1339,1,15,HONDA JAZZ,-1,-1,0,-1
2024201460583,2024,201460583,1,9,0,-1,5,5,2,-1,0,4,0,7,0,0,4,1,-1,6,1,63,9,1339,1,18,HONDA JAZZ,1,E01009195,0,1
2024332400437,2024,332400437,1,9,0,-1,19,0,0,-1,0,0,0,0,0,0,1,1,-1,6,1,26,6,1339,1,20,HONDA JAZZ,3,E01013744,0,1
2024351482113,2024,351482113,1,9,0,-1,5,5,1,-1,5,0,0,0,0,0,1,1,-1,6,2,43,7,1339,1,18,HONDA JAZZ,9,E01018299,0,2
2024371454358,2024,371454358,2,9,0,-1,19,7,3,-1,0,0,0,0,0,0,3,1,-1,2,1,36,7,1339,1,21,HONDA JAZZ,3,E01029889,0,2
2024052402338,2024,052402338,2,9,0,5,5,1,5,0,0,8,0,0,0,0,1,1,6,6,1,37,7,1339,1,18,HONDA JAZZ,1,E01006778,0,1
2024332401135,2024,332401135,1,9,0,-1,4,1,5,-1,0,0,0,0,0,0,2,1,-1,6,2,44,7,1339,1,18,HONDA JAZZ,1,E01013693,0,1
2024010525293,2024,010525293,1,9,0,10,10,1,7,0,0,6,0,0,0,0,1,1,1,1,1,30,6,1498,8,1,HONDA JAZZ,3,E01000032,0,1
2024501520111,2024,501520111,1,9,0,-1,12,7,3,-1,0,0,1,4,0,0,1,1,-1,6,2,83,11,1339,1,14,HONDA JAZZ,3,E01020286,0,2
2024302400555,2024,302400555,2,9,0,18,19,4,8,0,0,0,0,0,0,0,1,1,6,6,2,75,10,1318,1,5,HONDA JAZZ,10,E01019684,0,1
2024440356031,2024,440356031,1,9,0,18,19,3,6,0,0,3,0,0,0,0,4,1,2,2,1,52,8,1339,1,11,HONDA JAZZ,9,E01022565,0,4
2024052402507,2024,052402507,2,9,0,3,3,1,4,0,0,1,0,0,0,0,2,1,6,6,1,49,8,1198,1,15,HONDA JAZZ,1,E01006877,0,1
202417S202524,2024,17S202524,2,9,0,4,4,7,3,0,0,0,0,0,0,0,2,1,6,6,2,73,10,1339,1,19,HONDA JAZZ,9,E01012297,0,1
2024522402176,2024,522402176,2,9,0,3,3,3,7,0,0,1,0,0,0,0,2,1,6,6,2,35,6,1339,1,17,HONDA JAZZ,2,E01014486,0,2
2024010508880,2024,010508880,1,9,0,18,19,5,1,0,0,0,0,4,0,0,1,1,6,6,1,30,6,1339,8,13,HONDA JAZZ,5,E01003340,0,2
2024221429324,2024,221429324,1,9,0,-1,19,4,8,-1,0,1,0,0,0,0,1,1,-1,9,2,81,11,1339,1,18,HONDA JAZZ,5,E01014101,0,1
2024552400188,2024,552400188,1,9,0,18,19,4,8,0,0,0,0,0,0,0,1,1,2,2,2,40,7,1339,1,18,HONDA JAZZ,5,E01015417,0,1
2024332400402,2024,332400402,1,9,0,-1,19,6,2,-1,0,0,1,10,8,1,1,1,-1,6,1,20,4,1339,1,17,HONDA JAZZ,1,E01013652,0,2
2024371455524,2024,371455524,1,9,0,-1,5,5,1,-1,0,4,0,0,0,0,1,1,-1,6,1,40,7,1339,1,19,HONDA JAZZ,8,E01029957,0,2
2024070658867,2024,070658867,1,9,0,18,19,7,3,5,5,8,0,0,4,1,1,1,6,6,1,82,11,1498,1,5,HONDA JAZZ,9,E01018692,0,1
2024221525967,2024,221525967,1,9,0,-1,19,3,7,-1,0,0,0,0,0,0,1,1,-1,6,2,65,9,1498,8,2,HONDA JAZZ,8,E01032272,0,3
2024520402753,2024,520402753,1,9,0,9,9,3,1,0,0,6,0,0,1,11,1,1,6,6,2,75,10,1339,8,11,HONDA JAZZ,8,E01029129,0,1
2024520001246,2024,520001246,1,9,0,13,13,3,7,0,0,2,0,0,0,0,4,1,6,6,2,94,11,1339,1,13,HONDA JAZZ,8,E01014427,0,1
2024552400590,2024,552400590,1,9,0,14,14,1,5,0,0,0,5,4,0,0,1,1,6,6,2,75,10,1318,1,5,HONDA JAZZ,8,E01020583,0,1
2024411470668,2024,411470668,1,9,0,-1,19,-1,-1,-1,0,0,0,0,0,0,4,9,-1,2,1,34,6,1339,1,18,HONDA JAZZ,8,E01023541,0,3
2024311402180,2024,311402180,2,9,0,-1,7,1,2,-1,0,3,0,0,0,0,1,1,-1,9,2,66,10,1498,8,2,HONDA JAZZ,7,E01028413,0,1
2024991449187,2024,991449187,1,9,0,-1,19,5,1,-1,0,1,0,0,0,0,1,1,-1,9,1,81,11,1498,8,3,HONDA JAZZ,7,-1,0,1
2024552401498,2024,552401498,1,9,0,9,9,3,1,0,0,5,0,0,0,0,4,1,6,6,1,92,11,1498,8,4,HONDA JAZZ,9,E01015403,0,2
2024141542369,2024,141542369,1,9,0,-1,4,7,3,-1,0,0,0,0,0,0,2,1,-1,6,2,40,7,1318,1,6,HONDA JAZZ,4,E01007344,0,1
2024430413284,2024,430413284,2,9,0,18,19,8,4,0,0,1,0,0,0,0,1,1,6,6,2,80,11,1318,1,8,HONDA JAZZ,10,E01028670,0,1
2024111491674,2024,111491674,2,9,0,-1,19,3,7,-1,0,1,0,0,0,0,1,1,-1,9,2,89,11,1498,8,1,HONDA JAZZ,10,E01012348,0,1
2024161406451,2024,161406451,1,9,0,-1,19,3,7,-1,0,0,0,0,1,1,1,1,-1,6,1,19,4,1339,1,14,HONDA JAZZ,5,E01027918,0,4
2024401422385,2024,401422385,2,9,0,-1,-1,-1,-1,-1,-1,0,-1,-1,-1,0,-1,9,-1,9,2,44,7,1339,1,17,HONDA JAZZ,3,E01017580,0,2
2024991482969,2024,991482969,1,9,0,-1,19,1,5,-1,0,0,1,0,8,4,1,1,-1,9,1,29,6,1339,1,11,HONDA JAZZ,4,-1,0,5
2024061445154,2024,061445154,2,9,0,-1,19,-1,-1,-1,0,4,0,0,0,0,1,1,-1,6,2,-1,-1,1339,1,14,HONDA JAZZ,-1,-1,0,-1
2024991506134,2024,991506134,1,9,0,-1,5,1,4,-1,0,8,0,0,0,0,1,1,-1,6,2,23,5,1198,1,14,HONDA JAZZ,-1,-1,0,-1
2024461547694,2024,461547694,1,9,0,-1,19,5,1,-1,0,0,0,0,7,2,1,1,-1,6,2,83,11,1339,1,16,HONDA JAZZ,9,E01024256,0,1
2024010531296,2024,010531296,1,9,0,18,19,7,3,0,0,3,0,0,0,0,1,1,1,1,1,37,7,1498,8,1,HONDA JAZZ,6,E01003711,0,1
2024461529407,2024,461529407,2,9,0,-1,3,4,3,-1,0,1,0,0,0,0,3,1,-1,6,2,46,8,1339,1,15,HONDA JAZZ,7,E01024318,0,1
2024430077644,2024,430077644,1,9,0,3,3,7,3,0,0,1,0,0,0,0,2,1,6,6,1,43,7,1339,1,19,HONDA JAZZ,5,E01032724,0,1
2024010528911,2024,010528911,2,9,0,99,99,9,9,99,99,9,9,99,9,99,9,9,6,6,3,-1,-1,1339,1,11,HONDA JAZZ,-1,-1,0,-1
2024201424185,2024,201424185,1,9,0,-1,19,8,6,-1,0,0,0,0,0,0,1,1,-1,6,1,-1,-1,1246,1,16,HONDA JAZZ,-1,-1,0,-1
2024631427670,2024,631427670,2,9,0,-1,19,3,8,-1,0,0,0,0,1,10,3,1,-1,9,2,69,10,1318,1,5,HONDA JAZZ,6,W01000540,0,4
2024211519429,2024,211519429,2,9,0,-1,5,1,5,-1,0,0,0,0,0,0,0,1,-1,6,1,19,4,1339,1,11,HONDA JAZZ,10,E01014352,0,2
2024131516422,2024,131516422,1,9,0,-1,14,1,5,-1,0,0,5,4,0,0,1,1,-1,9,1,28,6,1339,8,13,HONDA JAZZ,9,E01011515,0,1
2024522402370,2024,522402370,1,9,0,12,12,6,4,0,0,0,0,0,0,0,3,1,6,6,2,49,8,1339,1,9,HONDA JAZZ,6,E01014642,0,1
2024501414428,2024,501414428,2,9,0,-1,8,2,3,-1,0,0,0,0,7,0,1,1,-1,9,2,77,11,1339,1,13,HONDA JAZZ,4,E01019002,0,4
2024501494061,2024,501494061,2,9,0,-1,19,1,5,-1,0,1,0,0,0,0,1,1,-1,2,1,33,6,1246,1,18,HONDA JAZZ,4,E01018861,0,1
2024520401503,2024,520401503,1,9,0,13,13,7,3,0,0,8,5,0,1,11,1,1,2,2,1,32,6,1339,1,17,HONDA JAZZ,7,W01001492,0,4
2024101507952,2024,101507952,2,9,0,-1,9,6,2,-1,0,1,0,11,1,0,1,1,-1,1,2,48,8,1339,1,18,HONDA JAZZ,-1,-1,0,-1
2024061414342,2024,061414342,1,9,0,-1,19,7,2,-1,5,0,5,7,7,0,3,1,-1,9,2,89,11,1339,1,13,HONDA JAZZ,-1,-1,0,-1
2024461429562,2024,461429562,2,9,0,-1,19,4,8,-1,0,0,0,0,0,0,1,2,-1,9,1,39,7,1339,1,16,HONDA JAZZ,1,E01016069,0,1
2024991524354,2024,991524354,1,9,0,-1,19,1,5,-1,0,0,0,0,0,0,1,1,-1,9,2,80,11,1498,8,4,HONDA JAZZ,7,-1,0,4
2024041498813,2024,041498813,5,9,0,-1,19,5,1,-1,0,2,0,0,0,0,2,1,-1,9,2,40,7,1339,1,15,HONDA JAZZ,2,E01025152,0,1
2024041511972,2024,041511972,2,9,0,-1,4,3,7,-1,0,0,0,0,0,0,2,1,-1,1,1,25,5,1339,1,19,HONDA JAZZ,5,E01025604,0,1
2024440326067,2024,440326067,1,9,0,9,9,7,5,0,0,5,0,0,0,0,1,1,6,6,1,49,8,1339,1,20,HONDA JAZZ,5,E01035459,0,1
2024548789324,2024,548789324,3,9,0,2,2,0,0,0,0,2,0,0,0,0,1,1,6,6,2,36,7,1339,1,19,HONDA JAZZ,5,E01032068,0,2
2024501394538,2024,501394538,1,9,0,-1,19,7,5,-1,0,0,0,0,0,0,2,1,-1,6,2,20,4,1339,1,19,HONDA JAZZ,8,E01015114,0,1
2024522403307,2024,522403307,1,9,0,4,4,3,7,0,0,0,0,0,0,0,2,1,6,6,1,19,4,1339,1,19,HONDA JAZZ,2,E01014694,0,1
2024440426919,2024,440426919,1,9,0,4,4,2,6,0,0,0,0,0,0,0,2,1,6,6,1,74,10,1339,1,18,HONDA JAZZ,3,E01001327,0,4
2024161519722,2024,161519722,1,9,0,-1,19,5,1,-1,0,4,0,0,0,0,1,1,-1,6,2,44,7,1339,1,19,HONDA JAZZ,3,E01017078,0,5
2024010517383,2024,010517383,2,9,0,18,19,1,5,0,0,2,0,0,1,4,4,1,6,6,1,36,7,1198,1,11,HONDA JAZZ,5,E01002232,0,1
2024552400267,2024,552400267,2,9,0,18,19,4,8,0,0,8,0,0,0,0,1,1,6,6,1,52,8,1339,1,16,HONDA JAZZ,4,E01020438,0,3
2024451508889,2024,451508889,2,9,0,-1,9,1,1,-1,0,8,0,0,0,0,3,1,-1,6,2,90,11,1339,1,18,HONDA JAZZ,10,E01030518,0,1
2024101523076,2024,101523076,1,9,0,-1,1,8,4,-1,0,0,0,0,0,0,2,1,-1,6,1,57,9,1339,1,20,HONDA JAZZ,1,E01008438,0,1
2024010501770,2024,010501770,2,9,9,99,99,9,9,99,99,9,9,99,9,99,9,9,6,6,3,-1,-1,1339,1,22,HONDA JAZZ,-1,-1,0,-1
2024131565182,2024,131565182,1,9,0,-1,19,3,7,-1,0,1,0,0,0,0,1,1,-1,6,2,65,9,1339,1,12,HONDA JAZZ,10,E01034975,0,3
2024461485647,2024,461485647,2,9,0,-1,19,2,6,-1,0,1,0,0,0,0,4,1,-1,9,2,55,8,1318,1,8,HONDA JAZZ,2,E01024699,0,1
2024010527497,2024,010527497,3,9,0,2,2,0,0,0,0,6,0,4,0,0,2,1,6,6,3,-1,-1,1198,1,11,HONDA JAZZ,-1,-1,0,-1
2024991455277,2024,991455277,1,9,0,-1,10,5,3,-1,0,5,0,0,0,0,2,1,-1,2,2,52,8,1339,1,11,HONDA JAZZ,4,-1,0,3
2024131426214,2024,131426214,1,9,0,-1,4,1,5,-1,1,5,0,0,0,0,2,1,-1,9,2,33,6,1198,1,14,HONDA JAZZ,1,E01011144,0,1
2024010524525,2024,010524525,1,9,0,99,99,9,9,99,99,9,9,99,9,99,1,9,6,6,2,64,9,1498,8,1,HONDA JAZZ,5,E01002626,0,1
2024332400343,2024,332400343,1,9,0,-1,13,1,5,-1,0,0,0,0,0,0,4,1,-1,6,1,49,8,1339,1,18,HONDA JAZZ,7,E01035026,0,2
2024501439910,2024,501439910,1,9,0,-1,19,4,6,-1,0,3,0,1,0,0,1,1,-1,6,2,61,9,1246,1,17,HONDA JAZZ,5,E01018812,0,1
2024041518577,2024,041518577,2,9,0,-1,3,4,8,-1,0,1,0,0,0,0,2,1,-1,2,1,41,7,1339,1,19,HONDA JAZZ,1,E01033224,0,1
2024430616511,2024,430616511,2,9,0,18,19,6,2,0,0,8,0,0,0,0,3,1,6,6,3,-1,-1,1498,8,3,HONDA JAZZ,-1,-1,0,-1
2024311466225,2024,311466225,2,9,0,-1,9,2,8,-1,0,1,0,0,0,0,1,1,-1,6,1,23,5,1339,1,19,HONDA JAZZ,2,E01013918,0,1
2024041502255,2024,041502255,1,9,0,-1,19,1,5,-1,0,1,0,0,0,0,1,1,-1,9,1,81,11,1339,1,11,HONDA JAZZ,7,E01025333,0,2
2024991409783,2024,991409783,2,9,0,-1,19,4,8,-1,0,8,0,0,0,0,3,1,-1,9,2,78,11,1498,8,3,HONDA JAZZ,8,-1,0,1
2024421489857,2024,421489857,1,9,0,-1,19,3,7,-1,0,0,0,0,0,0,4,1,-1,6,1,-1,-1,1318,1,5,HONDA JAZZ,-1,-1,0,-1
2024070167171,2024,070167171,2,9,0,18,19,7,3,0,0,3,0,0,0,0,1,1,6,6,2,-1,-1,1339,1,13,HONDA JAZZ,-1,-1,0,-1
2024141454451,2024,141454451,1,9,0,-1,19,6,2,-1,0,1,0,4,1,0,1,1,-1,6,1,84,11,1339,1,13,HONDA JAZZ,3,E01007976,0,1
2024201413509,2024,201413509,2,9,0,-1,19,8,4,-1,0,8,0,0,0,0,1,9,-1,6,1,48,8,1339,1,18,HONDA JAZZ,1,E01005320,0,5
2024471464329,2024,471464329,2,9,0,-1,19,1,6,-1,0,1,0,0,0,0,1,1,-1,9,2,64,9,1339,1,17,HONDA JAZZ,4,E01016951,0,1
2024131508243,2024,131508243,1,9,0,-1,5,3,1,-1,0,8,0,0,0,0,3,1,-1,9,1,25,5,1330,8,13,HONDA JAZZ,3,E01011489,0,1
2024371412976,2024,371412976,1,9,0,-1,19,7,3,-1,0,0,1,0,7,3,1,1,-1,9,1,83,11,1339,1,18,HONDA JAZZ,8,E01030107,0,2
2024543069924,2024,543069924,2,9,0,7,7,2,4,0,0,5,0,0,0,0,1,1,6,6,1,37,7,1339,1,20,HONDA JAZZ,9,E01032713,0,2
2024041477938,2024,041477938,2,9,0,-1,19,7,3,-1,0,8,0,0,0,0,4,1,-1,9,2,72,10,1498,8,3,HONDA JAZZ,8,E01025513,0,2
2024440199252,2024,440199252,2,9,0,3,3,4,8,0,0,1,0,0,0,0,2,1,6,6,1,77,11,1498,8,3,HONDA JAZZ,9,E01022848,0,1
2024340WN0042,2024,340WN0042,1,9,0,-1,19,6,2,-1,0,0,1,0,7,0,1,1,-1,9,2,51,8,1339,1,11,HONDA JAZZ,8,E01027279,0,2
2024141527041,2024,141527041,1,9,0,-1,19,2,2,-1,0,4,0,0,0,0,2,1,-1,9,2,50,8,1339,1,15,HONDA JAZZ,3,E01028020,0,3
2024131421759,2024,131421759,2,9,0,-1,2,0,0,-1,0,0,0,4,0,0,1,1,-1,6,1,45,7,1198,1,12,HONDA JAZZ,2,E01011041,0,2
2024361433328,2024,361433328,1,9,0,-1,5,7,1,-1,0,0,0,0,0,0,1,1,-1,2,2,40,7,1339,1,13,HONDA JAZZ,4,E01026468,0,1
2024201513279,2024,201513279,1,9,0,-1,19,3,7,-1,0,8,0,0,0,0,1,1,-1,6,-1,-1,-1,1339,1,17,HONDA JAZZ,-1,-1,0,-1
2024311405915,2024,311405915,1,9,0,-1,9,4,2,-1,0,6,0,0,3,4,1,1,-1,9,2,82,11,1339,1,18,HONDA JAZZ,5,E01019689,0,1
2024041509041,2024,041509041,1,9,0,-1,19,3,7,-1,0,1,5,4,0,0,4,1,-1,9,2,78,11,1318,1,5,HONDA JAZZ,2,E01004865,0,3
2024131451186,2024,131451186,1,9,0,-1,4,1,5,-1,0,0,0,0,0,0,2,1,-1,9,1,25,5,1318,1,7,HONDA JAZZ,1,E01011434,0,2
2024411445033,2024,411445033,1,9,0,-1,19,8,4,-1,0,1,0,0,0,0,1,1,-1,6,1,79,11,1339,1,19,HONDA JAZZ,7,E01000292,0,3
2024010524151,2024,010524151,1,9,0,7,7,1,3,0,0,3,0,0,0,0,1,1,6,6,1,52,8,1339,1,11,HONDA JAZZ,5,E01003645,0,1
2024031524139,2024,031524139,1,9,0,-1,19,5,1,-1,0,1,0,-1,0,0,4,1,-1,6,2,22,5,1318,1,7,HONDA JAZZ,-1,-1,0,-1
2024440525137,2024,440525137,1,9,0,9,9,4,2,0,0,6,0,0,0,0,3,1,6,6,1,84,11,1498,1,6,HONDA JAZZ,10,E01022863,0,1
2024522401254,2024,522401254,2,9,0,7,7,6,8,0,0,5,0,0,0,0,4,1,6,6,3,-1,-1,1339,1,17,HONDA JAZZ,-1,-1,0,-1
2024010524758,2024,010524758,1,9,0,5,5,3,7,0,0,2,0,0,0,0,1,1,6,6,1,31,6,1339,1,18,HONDA JAZZ,3,E01003575,0,1
2024461401498,2024,461401498,1,9,0,-1,19,8,5,-1,0,0,0,0,0,0,1,1,-1,2,1,48,8,1339,1,19,HONDA JAZZ,3,E01016042,0,2
2024010520445,2024,010520445,1,9,0,18,19,7,3,0,0,2,1,10,0,0,1,1,6,6,1,35,6,1198,1,12,HONDA JAZZ,3,E01000335,0,1
2024201451814,2024,201451814,2,9,0,-1,10,6,4,-1,0,1,0,0,0,0,4,1,-1,9,2,34,6,1198,1,14,HONDA JAZZ,1,E01008940,0,2
2024320717734,2024,320717734,1,9,0,-1,-1,2,6,0,0,1,0,0,0,0,1,1,-1,-1,1,76,11,1318,1,9,HONDA JAZZ,-1,-1,0,-1
2024141413340,2024,141413340,3,9,0,-1,19,3,7,-1,0,0,0,0,0,0,1,1,-1,6,2,80,11,1339,1,16,HONDA JAZZ,5,E01007681,0,1
2024201480594,2024,201480594,1,9,0,-1,2,0,0,-1,0,0,0,0,0,0,3,1,-1,6,3,-1,-1,1339,1,16,HONDA JAZZ,-1,-1,0,-1
2024531401857,2024,531401857,1,9,0,-1,19,1,5,-1,0,0,1,0,0,0,1,1,-1,9,2,34,6,1339,1,18,HONDA JAZZ,7,E01022248,0,1