collision_index,collision_year,collision_ref_no,vehicle_reference,vehicle_type,towing_and_articulation,vehicle_manoeuvre_historic,vehicle_manoeuvre,vehicle_direction_from,vehicle_direction_to,vehicle_location_restricted_lane_historic,vehicle_location_restricted_lane,junction_location,skidding_and_overturning,hit_object_in_carriageway,vehicle_leaving_carriageway,hit_object_off_carriageway,first_point_of_impact,vehicle_left_hand_drive,journey_purpose_of_driver_historic,journey_purpose_of_driver,sex_of_driver,age_of_driver,age_band_of_driver,engine_capacity_cc,propulsion_code,age_of_vehicle,generic_make_model,driver_imd_decile,lsoa_of_driver,escooter_flag,driver_distance_banding
2024010516837,2024,010516837,3,9,0,2,2,0,0,0,0,1,0,10,0,0,2,1,6,6,3,-1,-1,1339,1,11,HONDA JAZZ,-1,-1,0,-1
2024131469711,2024,131469711,1,9,0,-1,19,8,4,-1,0,8,0,0,0,0,1,1,-1,9,2,76,11,1339,1,19,HONDA JAZZ,7,E01011418,0,1
2024201446462,2024,201446462,1,9,0,-1,19,3,8,-1,0,8,0,0,0,0,1,1,-1,6,1,30,6,1246,1,18,HONDA JAZZ,1,E01010464,0,1
2024010526594,2024,010526594,1,9,0,5,5,0,5,0,0,8,0,0,7,0,1,1,2,2,1,38,7,1339,1,16,HONDA JAZZ,-1,-1,0,-1
2024201436480,2024,201436480,1,9,0,-1,9,2,7,-1,0,6,0,0,0,0,1,1,-1,6,1,41,7,1339,1,18,HONDA JAZZ,-1,-1,0,-1
2024010526712,2024,010526712,1,9,0,5,5,0,1,0,0,1,0,10,0,0,2,1,6,6,2,85,11,1498,8,3,HONDA JAZZ,4,E01000722,0,1
2024070894721,2024,070894721,1,9,0,-1,19,5,1,-1,0,0,0,0,0,0,1,1,-1,9,2,87,11,1318,1,6,HONDA JAZZ,9,E01018544,0,1
2024430098001,2024,430098001,2,9,0,18,19,3,7,0,0,8,0,0,1,0,4,1,6,6,2,52,8,1339,1,9,HONDA JAZZ,-1,-1,0,-1
2024520401586,2024,520401586,1,9,0,18,19,3,7,0,0,0,0,0,0,0,4,1,6,6,1,38,7,1318,1,8,HONDA JAZZ,10,E01022664,0,4
2024101482164,2024,101482164,2,9,0,-1,9,4,2,-1,0,5,0,0,0,0,3,1,-1,9,1,66,10,1318,1,6,HONDA JAZZ,3,E01008636,0,1
2024430454703,2024,430454703,2,9,0,1,1,2,6,0,0,1,0,0,0,0,2,1,6,6,1,-1,-1,1339,1,10,HONDA JAZZ,-1,-1,0,-1
2024041476668,2024,041476668,3,9,0,-1,2,0,0,-1,0,0,0,0,0,0,4,9,-1,6,3,-1,-1,1330,8,13,HONDA JAZZ,-1,-1,0,-1
2024010508507,2024,010508507,2,9,9,99,99,9,9,99,99,9,9,99,9,99,9,9,6,6,3,-1,-1,1339,1,9,HONDA JAZZ,-1,-1,0,-1
2024501520800,2024,501520800,1,9,0,-1,19,3,7,-1,9,0,2,0,7,4,1,1,-1,6,2,45,7,1339,1,20,HONDA JAZZ,8,E01014449,0,4
2024141488059,2024,141488059,1,9,0,-1,3,4,8,-1,0,0,0,0,0,0,2,1,-1,9,1,79,11,1318,1,7,HONDA JAZZ,5,E01007887,0,1
2024101482120,2024,101482120,1,9,0,-1,7,1,2,-1,0,1,0,0,0,0,1,1,-1,1,1,36,7,1339,1,17,HONDA JAZZ,4,E01033718,0,2
2024010522301,2024,010522301,1,9,0,99,99,9,9,99,99,9,9,99,9,99,2,9,6,6,2,51,8,1318,1,6,HONDA JAZZ,5,E01016886,0,4
2024430204026,2024,430204026,3,9,0,5,5,8,4,0,0,1,0,0,0,0,1,1,6,6,2,50,8,1198,1,15,HONDA JAZZ,2,E01017707,0,1
2024430329592,2024,430329592,1,9,0,9,9,3,1,0,0,5,0,0,0,0,1,1,6,6,2,35,6,1339,1,17,HONDA JAZZ,-1,-1,0,-1
2024991420824,2024,991420824,2,9,0,-1,3,5,1,-1,0,0,0,0,0,0,2,1,-1,2,1,32,6,1339,1,10,HONDA JAZZ,5,E01027377,0,4
2024461406155,2024,461406155,2,9,0,-1,3,1,5,-1,0,0,0,0,0,0,2,1,-1,2,1,42,7,1339,1,16,HONDA JAZZ,7,E01024251,0,2
2024010518178,2024,010518178,1,9,0,11,11,3,7,0,0,8,0,0,0,0,4,1,6,6,1,38,7,1339,1,17,HONDA JAZZ,3,E01003569,0,3
2024471434750,2024,471434750,2,9,0,-1,19,7,3,-1,0,8,0,0,0,0,4,9,-1,6,1,83,11,1498,8,4,HONDA JAZZ,8,E01021214,0,1
2024501397386,2024,501397386,1,9,0,-1,4,3,8,-1,0,0,0,0,0,0,3,1,-1,9,2,71,10,1339,1,17,HONDA JAZZ,5,E01020278,0,1
2024440080392,2024,440080392,1,9,0,18,19,7,3,0,0,0,2,0,0,0,1,1,6,6,1,18,4,1339,1,18,HONDA JAZZ,7,E01022823,0,2
2024231526530,2024,231526530,1,9,0,-1,5,7,3,-1,0,4,0,0,0,0,1,9,-1,1,1,22,5,1339,1,11,HONDA JAZZ,10,E01023355,0,4
2024520403337,2024,520403337,1,9,0,4,4,3,6,0,0,8,0,0,0,0,9,1,6,6,2,54,8,1339,1,19,HONDA JAZZ,6,E01032631,0,1
2024501500087,2024,501500087,1,9,0,-1,9,7,5,-1,0,6,0,0,0,0,3,1,-1,9,1,77,11,1318,1,6,HONDA JAZZ,4,E01015177,0,2
2024411530782,2024,411530782,2,9,0,-1,19,8,4,-1,0,2,0,0,0,0,1,1,-1,6,1,76,11,1339,1,19,HONDA JAZZ,5,E01023533,0,1
2024522402926,2024,522402926,1,9,0,18,19,8,4,0,0,0,0,0,0,0,3,1,6,6,2,39,7,1339,1,16,HONDA JAZZ,4,E01014662,0,1
2024131444152,2024,131444152,2,9,0,-1,19,3,7,-1,0,0,0,0,7,11,1,1,-1,9,2,76,11,1198,1,14,HONDA JAZZ,5,E01007347,0,4
2024161519226,2024,161519226,1,9,0,-1,9,1,8,-1,0,2,0,0,0,0,1,1,-1,9,2,80,11,1339,1,11,HONDA JAZZ,4,E01012830,0,1
2024451403237,2024,451403237,1,9,0,-1,5,5,1,-1,0,4,0,0,0,0,1,1,-1,9,2,80,11,1339,1,15,HONDA JAZZ,10,E01030454,0,1
2024061452344,2024,061452344,1,9,0,-1,-1,-1,-1,-1,0,0,0,0,0,0,1,2,-1,6,1,19,4,1339,1,15,HONDA JAZZ,3,E01006145,0,2
2024991486546,2024,991486546,2,9,0,-1,9,7,3,-1,0,1,0,0,0,0,3,1,-1,9,2,44,7,1198,1,15,HONDA JAZZ,8,-1,0,2
2024061452700,2024,061452700,2,9,0,-1,19,5,1,-1,0,1,0,0,0,0,1,1,-1,6,2,44,7,1339,1,19,HONDA JAZZ,1,E01005166,0,1
2024061523587,2024,061523587,2,9,0,-1,19,1,5,-1,0,8,0,0,0,0,3,1,-1,9,2,49,8,1246,1,16,HONDA JAZZ,1,E01005579,0,1
2024401444064,2024,401444064,1,9,0,-1,19,5,5,-1,0,1,0,0,0,0,1,1,-1,1,1,28,6,1339,1,17,HONDA JAZZ,1,E01017466,0,1
2024131439616,2024,131439616,1,9,0,-1,7,2,3,-1,0,8,0,0,0,0,2,1,-1,9,1,74,10,1498,8,2,HONDA JAZZ,5,E01011731,0,2
2024451459864,2024,451459864,1,9,0,-1,9,8,2,-1,0,8,0,0,0,0,1,2,-1,7,2,45,7,1339,1,14,HONDA JAZZ,9,E01030340,0,1
2024201482826,2024,201482826,1,9,0,-1,19,3,7,-1,0,4,0,0,0,0,1,1,-1,9,1,40,7,1339,1,18,HONDA JAZZ,2,E01010309,0,1
2024010520191,2024,010520191,1,9,0,9,9,5,3,0,0,5,0,0,1,0,3,1,6,6,1,32,6,1339,1,20,HONDA JAZZ,5,E01001185,0,2
2024552401513,2024,552401513,2,9,0,17,19,7,4,0,0,8,0,0,0,0,2,1,1,1,1,24,5,1339,1,12,HONDA JAZZ,6,E01020566,0,4
2024122400942,2024,122400942,1,9,0,18,19,2,6,0,0,0,5,0,0,0,1,1,6,6,2,48,8,1339,1,10,HONDA JAZZ,8,E01027586,0,1
2024010539405,2024,010539405,6,9,0,18,19,7,3,0,0,3,0,0,0,0,2,1,6,6,2,24,5,1498,8,2,HONDA JAZZ,1,E01004670,0,3
2024201471412,2024,201471412,1,9,0,-1,19,8,3,-1,0,0,0,0,0,0,1,1,-1,6,2,30,6,1339,1,20,HONDA JAZZ,1,E01032888,0,1
2024311430158,2024,311430158,3,9,0,-1,4,8,4,-1,0,0,0,0,0,0,2,1,-1,6,2,74,10,1318,1,7,HONDA JAZZ,-1,-1,0,-1
2024501455781,2024,501455781,1,9,0,-1,19,8,3,-1,0,4,1,7,7,10,3,1,-1,9,2,67,10,1318,1,7,HONDA JAZZ,8,E01015104,0,1
2024440557619,2024,440557619,2,9,0,8,8,7,3,0,0,1,0,0,0,0,2,1,1,1,1,41,7,1339,1,17,HONDA JAZZ,2,E01032750,0,4
2024221485476,2024,221485476,1,9,0,-1,5,7,3,-1,0,2,0,0,0,0,1,1,-1,6,1,83,11,1339,1,14,HONDA JAZZ,6,E01014051,0,4
2024070916130,2024,070916130,1,9,0,-1,19,5,1,-1,0,6,0,0,0,0,3,1,-1,9,2,79,11,1318,1,8,HONDA JAZZ,9,E01018684,0,1
2024421439343,2024,421439343,1,9,0,-1,19,2,6,-1,0,1,0,0,0,0,1,1,-1,1,1,32,6,1339,1,18,HONDA JAZZ,-1,-1,0,-1
2024052402612,2024,052402612,1,9,0,9,9,2,8,0,0,6,0,0,0,0,3,1,6,6,1,93,11,1339,1,14,HONDA JAZZ,6,E01007045,0,1
2024461443962,2024,461443962,1,9,0,-1,19,5,1,-1,0,0,0,0,0,0,1,9,-1,9,1,42,7,1339,1,22,HONDA JAZZ,2,E01016020,0,1
2024501448085,2024,501448085,2,9,0,-1,19,5,1,-1,0,8,0,0,0,0,4,9,-1,6,2,63,9,1339,1,16,HONDA JAZZ,6,E01023065,0,4
2024221518532,2024,221518532,1,9,0,-1,5,6,4,-1,0,4,0,0,0,0,1,9,-1,6,2,58,9,1339,1,9,HONDA JAZZ,7,E01028938,0,1
2024201445456,2024,201445456,1,9,0,-1,19,4,8,-1,0,0,0,0,0,0,3,1,-1,6,1,29,6,1498,8,0,HONDA JAZZ,7,E01032146,0,1
2024041456190,2024,041456190,1,9,0,-1,19,3,5,-1,0,0,0,0,7,2,1,1,-1,2,1,52,8,1339,1,17,HONDA JAZZ,1,E01025229,0,3
2024440306514,2024,440306514,1,9,0,5,5,8,4,0,0,0,0,0,0,0,4,1,6,6,1,-1,-1,1339,1,13,HONDA JAZZ,-1,-1,0,-1
2024552400659,2024,552400659,1,9,0,9,9,5,3,4,4,5,0,0,0,0,1,1,6,6,1,57,9,1339,1,11,HONDA JAZZ,4,E01020578,0,1
2024471430981,2024,471430981,2,9,0,-1,10,7,3,-1,0,8,0,0,0,0,2,1,-1,9,1,62,9,1318,1,6,HONDA JAZZ,10,E01024426,0,4
2024332401070,2024,332401070,1,9,0,-1,19,5,2,-1,0,0,5,0,7,9,1,1,-1,2,1,20,4,1339,1,17,HONDA JAZZ,2,E01025700,0,2
2024302400585,2024,302400585,2,9,0,17,19,8,4,0,0,0,0,0,0,0,1,1,6,6,2,50,8,1339,1,20,HONDA JAZZ,10,E01018575,0,4
2024552400406,2024,552400406,1,9,0,1,1,4,8,0,0,0,0,0,0,0,2,1,6,6,1,79,11,1318,1,7,HONDA JAZZ,5,E01015421,0,1
2024041426998,2024,041426998,1,9,0,-1,19,1,5,-1,0,0,2,0,0,0,1,1,-1,1,1,44,7,1339,1,15,HONDA JAZZ,3,E01012668,0,2
2024010531697,2024,010531697,1,9,0,99,99,9,9,99,99,9,9,99,9,99,2,9,6,6,2,46,8,1339,1,13,HONDA JAZZ,5,E01000792,0,1
2024070367842,2024,070367842,2,9,0,18,19,1,5,0,0,2,0,0,0,0,2,1,6,6,1,61,9,1318,1,4,HONDA JAZZ,8,E01018703,0,1
2024440249999,2024,440249999,2,9,0,18,19,4,8,0,0,1,0,0,0,0,1,1,6,6,3,-1,-1,1318,1,6,HONDA JAZZ,-1,-1,0,-1
2024552400218,2024,552400218,1,9,0,18,19,4,8,0,0,0,0,0,0,0,1,1,6,6,3,-1,-1,1339,1,15,HONDA JAZZ,-1,-1,0,-1
2024421498538,2024,421498538,2,9,0,-1,19,6,3,-1,0,0,0,0,0,0,1,1,-1,6,1,73,10,1339,1,12,HONDA JAZZ,3,E01022049,0,1
2024231404152,2024,231404152,2,9,0,-1,19,1,5,-1,0,0,0,0,0,0,2,1,-1,6,1,57,9,1339,1,17,HONDA JAZZ,4,E01030609,0,5
2024201411556,2024,201411556,1,9,0,-1,5,5,1,-1,0,0,0,0,0,0,1,1,-1,6,1,24,5,1339,1,21,HONDA JAZZ,-1,-1,0,-1
2024320080415,2024,320080415,1,9,0,9,9,3,1,0,0,6,0,0,0,0,1,1,-1,-1,1,64,9,1339,1,20,HONDA JAZZ,5,E01026286,0,1
2024430512338,2024,430512338,2,9,0,4,4,8,4,0,0,0,0,0,0,0,2,1,6,6,1,39,7,1339,1,19,HONDA JAZZ,5,E01033739,0,4
2024401477313,2024,401477313,2,9,0,-1,5,2,8,-1,0,8,0,0,0,0,1,1,-1,9,2,34,6,1198,1,11,HONDA JAZZ,2,E01017537,0,1
2024552400728,2024,552400728,1,9,0,7,7,6,1,0,0,8,0,0,0,0,1,1,6,6,2,66,10,1318,1,7,HONDA JAZZ,9,E01015432,0,2
2024471395329,2024,471395329,3,9,0,-1,2,0,0,-1,0,0,1,0,0,0,2,1,-1,6,-1,-1,-1,1339,1,17,HONDA JAZZ,-1,-1,0,-1
2024471499235,2024,471499235,1,9,0,-1,19,1,5,-1,0,0,0,0,0,0,1,1,-1,6,1,44,7,1339,1,19,HONDA JAZZ,6,E01021022,0,1
2024440130959,2024,440130959,2,9,0,5,5,8,4,0,0,1,0,0,0,0,1,1,6,6,2,-1,-1,1339,1,10,HONDA JAZZ,-1,-1,0,-1
2024622400337,2024,622400337,2,9,0,18,19,6,2,0,0,1,0,0,0,0,4,1,6,6,2,77,11,1339,1,17,HONDA JAZZ,9,W01001006,0,1
2024552400837,2024,552400837,4,9,0,2,2,0,0,0,0,0,0,0,0,0,3,1,6,6,3,-1,-1,1339,1,20,HONDA JAZZ,-1,-1,0,-1
2024461461750,2024,461461750,2,9,0,-1,19,5,1,-1,0,8,0,0,0,0,4,1,-1,6,2,39,7,1318,1,9,HONDA JAZZ,4,E01035314,0,1
2024440485677,2024,440485677,1,9,0,18,19,7,3,0,0,0,0,0,7,4,1,1,6,6,1,78,11,1498,8,4,HONDA JAZZ,10,E01022714,0,1
2024070016871,2024,070016871,2,9,0,18,19,3,7,0,0,1,0,0,0,0,1,1,6,6,2,92,11,1198,1,13,HONDA JAZZ,10,E01018456,0,1
2024052400553,2024,052400553,1,9,0,5,5,7,3,0,0,4,0,0,0,0,3,1,6,6,2,82,11,1198,1,13,HONDA JAZZ,10,E01006991,0,2
2024430621656,2024,430621656,2,9,0,5,5,1,5,8,6,2,0,0,0,0,1,1,1,1,2,62,9,1339,1,17,HONDA JAZZ,6,E01016280,0,1
2024440125673,2024,440125673,3,9,0,4,4,6,2,0,0,0,0,0,0,0,0,1,6,6,2,60,9,1339,1,11,HONDA JAZZ,7,E01023071,0,2
2024052402668,2024,052402668,2,9,0,17,19,4,8,0,0,0,1,0,0,0,1,1,6,6,1,62,9,1198,1,16,HONDA JAZZ,1,E01006729,0,1
2024411514778,2024,411514778,1,9,0,-1,19,8,4,-1,0,2,0,0,0,0,1,1,-1,6,2,68,10,1339,1,17,HONDA JAZZ,5,E01023830,0,1
2024041532434,2024,041532434,2,9,0,-1,19,6,2,-1,0,8,0,0,0,0,1,1,-1,6,2,30,6,1339,1,13,HONDA JAZZ,3,E01012588,0,1
2024461415341,2024,461415341,1,9,0,-1,19,7,1,-1,0,1,0,0,0,0,1,9,-1,6,1,83,11,1318,1,8,HONDA JAZZ,8,E01024255,0,1
2024041505474,2024,041505474,1,9,0,-1,19,5,1,-1,0,0,0,0,0,0,1,1,-1,9,1,40,7,1339,1,20,HONDA JAZZ,2,E01025274,0,1
2024451413038,2024,451413038,1,9,0,-1,19,5,1,-1,0,1,0,0,0,0,1,1,-1,9,1,21,5,1339,1,19,HONDA JAZZ,5,E01030663,0,1
2024421407941,2024,421407941,1,9,0,-1,2,0,0,-1,0,6,0,0,0,0,3,1,-1,6,2,41,7,1339,1,16,HONDA JAZZ,5,E01022014,0,1
2024501435373,2024,501435373,1,9,0,-1,7,1,4,-1,0,6,0,0,0,0,3,1,-1,6,2,66,10,1318,1,8,HONDA JAZZ,4,E01018913,0,1
2024231404272,2024,231404272,1,9,0,-1,4,1,5,-1,0,5,0,0,3,11,1,1,-1,6,2,77,11,1498,8,2,HONDA JAZZ,8,E01031192,0,1
2024991490226,2024,991490226,1,9,0,-1,19,8,4,-1,0,0,0,11,1,10,1,1,-1,6,1,52,8,1339,1,16,HONDA JAZZ,6,-1,0,2
2024461427930,2024,461427930,2,9,0,-1,19,3,7,-1,0,1,0,0,0,0,4,1,-1,6,2,81,11,1339,1,20,HONDA JAZZ,7,E01024121,0,2
2024440479969,2024,440479969,2,9,0,3,3,6,2,0,0,1,0,0,0,0,2,1,2,2,1,67,10,1318,1,5,HONDA JAZZ,4,E01002593,0,4
2024221519534,2024,221519534,1,9,0,-1,5,1,5,-1,0,0,0,0,0,0,3,1,-1,9,2,40,7,1339,1,16,HONDA JAZZ,8,E01032290,0,1
2024430407204,2024,430407204,1,9,0,18,19,4,8,0,0,0,0,0,0,0,1,1,6,6,1,43,7,1339,1,18,HONDA JAZZ,6,E01028796,0,4
2024361457137,2024,361457137,1,9,0,-1,9,8,5,-1,0,8,0,0,0,0,3,1,-1,1,1,32,6,1339,1,13,HONDA JAZZ,9,E01026503,0,3
2024052400890,2024,052400890,3,9,0,2,2,0,0,0,0,0,0,0,0,0,2,1,6,6,3,-1,-1,1198,1,14,HONDA JAZZ,-1,-1,0,-1
2024231397659,2024,231397659,2,9,0,-1,4,6,2,-1,0,0,0,0,0,0,2,1,-1,6,1,34,6,1339,1,18,HONDA JAZZ,7,E01031297,0,1
2024440126354,2024,440126354,2,9,0,18,19,5,1,0,0,4,0,0,0,0,1,1,6,6,1,39,7,1339,1,18,HONDA JAZZ,6,E01032884,0,2
2024141537109,2024,141537109,4,9,0,-1,4,3,7,-1,0,1,0,0,0,0,1,1,-1,9,1,-1,-1,1339,1,10,HONDA JAZZ,2,E01007642,0,2
2024471412612,2024,471412612,1,9,0,-1,5,1,5,-1,0,0,0,0,0,0,1,1,-1,9,2,81,11,1339,1,10,HONDA JAZZ,10,E01031775,0,1
2024101459998,2024,101459998,1,9,0,-1,19,6,2,-1,0,0,0,0,0,0,1,1,-1,9,2,82,11,1318,1,5,HONDA JAZZ,9,E01008200,0,2
2024031418067,2024,031418067,3,9,0,-1,2,0,0,-1,0,1,0,0,0,0,3,1,-1,6,2,24,5,1339,1,19,HONDA JAZZ,-1,-1,0,-1
2024201514994,2024,201514994,1,9,0,-1,19,1,5,-1,0,0,0,0,0,0,1,1,-1,9,1,54,8,1339,1,16,HONDA JAZZ,1,E01009060,0,1
2024991522188,2024,991522188,2,9,0,-1,5,7,2,-1,0,0,0,0,0,0,1,1,-1,6,2,69,10,1318,1,7,HONDA JAZZ,2,-1,0,1
2024122500016,2024,122500016,2,9,0,18,19,6,2,0,0,0,5,0,0,0,2,1,6,6,2,82,11,1318,1,7,HONDA JAZZ,9,E01027665,0,2
2024010504900,2024,010504900,1,9,0,99,99,9,9,99,99,9,9,99,9,99,9,1,6,6,2,53,8,1339,1,15,HONDA JAZZ,5,E01000802,0,1
2024302400820,2024,302400820,1,9,0,5,5,7,5,0,0,8,0,0,0,0,1,1,6,6,2,65,9,1339,1,12,HONDA JAZZ,9,E01029465,0,2
2024631441792,2024,631441792,2,9,0,-1,19,6,3,-1,0,0,0,0,0,0,1,1,-1,6,2,70,10,1318,1,7,HONDA JAZZ,3,W01000478,0,1
2024010529676,2024,010529676,2,9,0,18,19,4,8,0,0,8,0,0,0,0,1,1,6,6,1,39,7,1499,8,6,HONDA JAZZ,2,E01003966,0,1
2024311439743,2024,311439743,1,9,0,-1,4,1,5,-1,0,0,0,0,0,0,1,1,-1,9,1,83,11,1339,1,11,HONDA JAZZ,-1,-1,0,-1
2024010545192,2024,010545192,1,9,0,18,19,4,8,0,0,1,0,0,0,0,1,1,6,6,2,28,6,1339,1,18,HONDA JAZZ,2,E01000076,0,1
2024622400570,2024,622400570,1,9,0,18,19,7,3,0,0,0,0,0,0,0,1,1,6,6,1,84,11,1339,1,9,HONDA JAZZ,4,W01000894,0,1
2024440021673,2024,440021673,1,9,0,18,19,2,6,0,0,0,2,0,0,0,1,1,6,6,2,37,7,1339,1,17,HONDA JAZZ,9,E01023059,0,1
2024991474437,2024,991474437,1,9,0,-1,19,8,4,-1,0,0,0,0,0,0,4,1,-1,6,2,38,7,1339,1,12,HONDA JAZZ,-1,-1,0,-1
2024401424832,2024,401424832,2,9,0,-1,19,5,1,-1,0,1,0,0,0,0,1,1,-1,6,1,28,6,1339,1,19,HONDA JAZZ,5,E01022102,0,5
2024520401890,2024,520401890,3,9,0,16,19,2,6,0,0,0,0,0,0,0,1,1,6,6,1,36,7,1246,1,19,HONDA JAZZ,10,E01029308,0,1
2024991444541,2024,991444541,1,9,0,-1,19,3,7,-1,0,0,0,0,0,0,1,1,-1,9,2,38,7,1339,1,14,HONDA JAZZ,-1,-1,0,-1
2024440407850,2024,440407850,2,9,0,18,19,6,2,0,0,1,0,0,0,0,1,1,6,6,1,19,4,1339,1,12,HONDA JAZZ,5,E01032883,0,1
2024332401078,2024,332401078,2,9,0,-1,2,0,0,-1,0,0,0,0,0,0,4,1,-1,6,3,-1,-1,1339,1,17,HONDA JAZZ,-1,-1,0,-1
2024101482197,2024,101482197,2,9,0,-1,7,5,8,-1,0,8,0,0,0,0,2,1,-1,9,1,50,8,1198,1,16,HONDA JAZZ,1,E01035618,0,1
2024622400616,2024,622400616,1,9,0,4,4,1,5,0,0,1,0,0,0,0,2,1,6,6,1,61,9,1339,1,13,HONDA JAZZ,9,W01001729,0,1
2024041485831,2024,041485831,1,9,0,-1,19,6,2,-1,0,1,0,0,0,0,1,1,-1,9,1,34,6,1246,1,18,HONDA JAZZ,2,E01025263,0,1
2024201465492,2024,201465492,2,9,0,-1,19,2,6,-1,0,8,0,0,0,0,1,1,-1,6,1,31,6,1339,1,20,HONDA JAZZ,3,E01009078,0,1
2024411445411,2024,411445411,2,9,0,-1,5,6,2,-1,0,1,0,0,0,0,2,1,-1,9,2,59,9,1339,1,11,HONDA JAZZ,5,E01023862,0,1
2024131507805,2024,131507805,2,9,0,-1,19,5,1,-1,0,8,0,0,0,0,4,1,-1,9,1,55,8,1198,1,11,HONDA JAZZ,5,E01010689,0,1
2024221424676,2024,221424676,2,9,0,-1,19,5,1,-1,0,8,0,0,0,0,1,1,-1,6,1,84,11,1339,1,16,HONDA JAZZ,5,E01010552,0,3
2024161401667,2024,161401667,2,9,0,-1,8,1,4,-1,0,4,0,0,0,0,1,9,-1,6,1,-1,-1,1339,1,19,HONDA JAZZ,-1,-1,0,-1
2024501444632,2024,501444632,1,9,0,-1,13,3,7,-1,0,0,2,0,4,0,1,1,-1,9,1,79,11,1498,8,2,HONDA JAZZ,5,E01020195,0,3
2024010528711,2024,010528711,2,9,0,3,3,1,5,0,0,1,0,0,0,0,2,1,6,6,1,42,7,1498,8,2,HONDA JAZZ,6,E01004002,0,1
2024061470697,2024,061470697,2,9,0,-1,19,2,3,-1,0,6,0,0,0,0,2,1,-1,9,1,49,8,1339,1,17,HONDA JAZZ,-1,-1,0,-1
2024161501118,2024,161501118,2,9,0,-1,5,7,3,-1,0,4,0,0,0,0,1,9,-1,6,2,80,11,1339,1,18,HONDA JAZZ,1,E01012856,0,1
2024451537944,2024,451537944,2,9,0,-1,99,1,3,-1,0,1,0,0,0,0,1,1,-1,6,2,30,6,1339,1,15,HONDA JAZZ,4,E01030364,0,1
2024522402271,2024,522402271,2,9,0,18,19,3,7,0,0,0,0,0,0,0,1,1,6,6,1,32,6,1339,1,17,HONDA JAZZ,9,E01014933,0,2
2024440334989,2024,440334989,1,9,0,18,19,5,1,0,0,8,0,0,0,0,1,1,1,1,2,29,6,1339,1,19,HONDA JAZZ,5,E01017136,0,3
2024332400772,2024,332400772,1,9,0,-1,19,3,7,-1,0,1,0,0,0,0,3,1,-1,9,2,68,10,1339,1,9,HONDA JAZZ,6,E01025627,0,2
2024052401852,2024,052401852,1,9,0,5,5,2,6,0,0,6,0,0,0,0,3,1,6,6,1,50,8,1198,1,14,HONDA JAZZ,1,E01006695,0,1
2024101493440,2024,101493440,1,9,0,-1,9,8,6,-1,0,8,0,0,0,0,4,9,-1,6,1,32,6,1339,1,14,HONDA JAZZ,3,E01008396,0,1
2024052401544,2024,052401544,1,9,0,16,19,1,4,0,0,8,1,0,0,0,1,1,6,6,1,21,5,1339,1,18,HONDA JAZZ,2,E01014685,0,5
2024522401905,2024,522401905,1,9,0,18,19,7,3,0,0,1,0,0,0,0,2,1,6,6,1,75,10,1498,8,1,HONDA JAZZ,8,E01032682,0,1
2024411451871,2024,411451871,1,9,0,-1,19,5,6,-1,9,0,0,0,0,0,1,1,-1,6,2,66,10,1339,1,11,HONDA JAZZ,3,E01023756,0,1
2024311502146,2024,311502146,2,9,0,-1,19,5,1,-1,0,0,0,0,0,0,2,1,-1,6,1,64,9,1318,1,9,HONDA JAZZ,-1,-1,0,-1
2024041434083,2024,041434083,1,9,0,-1,19,1,3,-1,0,0,0,0,0,0,1,1,-1,9,1,80,11,1339,1,14,HONDA JAZZ,5,E01006951,0,2
2024471436492,2024,471436492,1,9,0,-1,5,3,7,-1,0,2,0,0,1,4,4,1,-1,9,1,18,4,1339,1,16,HONDA JAZZ,6,E01031408,0,3
2024421439984,2024,421439984,1,9,0,-1,9,5,2,-1,0,8,5,0,0,0,3,1,-1,9,1,78,11,1498,8,2,HONDA JAZZ,4,E01021720,0,1
2024101521120,2024,101521120,1,9,0,-1,19,3,7,-1,9,0,5,4,1,0,3,1,-1,6,2,81,11,1339,1,11,HONDA JAZZ,10,E01008563,0,1
2024070527773,2024,070527773,2,9,0,2,2,3,7,0,0,2,0,0,0,0,1,1,2,2,2,-1,-1,1198,1,15,HONDA JAZZ,9,E01018518,0,1
2024010544800,2024,010544800,2,9,0,99,99,9,9,99,99,9,9,99,9,99,1,9,6,6,3,-1,-1,1339,1,18,HONDA JAZZ,-1,-1,0,-1
2024141522663,2024,141522663,1,9,0,-1,7,4,8,-1,0,6,1,10,7,0,2,1,-1,9,2,79,11,1318,1,8,HONDA JAZZ,7,E01007671,0,2
2024010512415,2024,010512415,2,9,0,99,99,9,9,99,99,9,9,99,9,99,1,9,6,6,3,-1,-1,1339,1,18,HONDA JAZZ,-1,-1,0,-1
2024010511639,2024,010511639,2,9,0,99,99,9,9,99,99,9,9,99,9,99,9,9,6,6,2,81,11,1318,1,7,HONDA JAZZ,9,E01003909,0,1
2024010527549,2024,010527549,1,9,0,99,99,9,9,99,99,9,9,99,9,99,2,9,6,6,1,56,9,1339,1,20,HONDA JAZZ,8,E01004075,0,1
2024552400515,2024,552400515,1,9,0,18,19,5,1,0,0,0,0,0,0,0,1,1,6,6,2,80,11,1498,1,6,HONDA JAZZ,5,E01020490,0,3
2024440074813,2024,440074813,1,9,0,5,5,5,1,0,0,2,0,0,1,11,1,1,6,6,2,87,11,1339,1,15,HONDA JAZZ,7,E01020357,0,1
2024332401230,2024,332401230,2,9,0,-1,19,4,8,-1,0,8,0,0,7,0,1,1,-1,9,2,60,9,1498,8,4,HONDA JAZZ,9,E01025671,0,2