collision_index,collision_year,collision_ref_no,vehicle_reference,vehicle_type,towing_and_articulation,vehicle_manoeuvre_historic,vehicle_manoeuvre,vehicle_direction_from,vehicle_direction_to,vehicle_location_restricted_lane_historic,vehicle_location_restricted_lane,junction_location,skidding_and_overturning,hit_object_in_carriageway,vehicle_leaving_carriageway,hit_object_off_carriageway,first_point_of_impact,vehicle_left_hand_drive,journey_purpose_of_driver_historic,journey_purpose_of_driver,sex_of_driver,age_of_driver,age_band_of_driver,engine_capacity_cc,propulsion_code,age_of_vehicle,generic_make_model,driver_imd_decile,lsoa_of_driver,escooter_flag,driver_distance_banding
2024351472313,2024,351472313,1,9,0,-1,15,7,5,-1,0,6,0,0,0,0,2,1,-1,9,1,86,11,1318,1,8,HONDA JAZZ,10,E01018245,0,1
2024440453889,2024,440453889,2,9,0,18,19,3,7,0,0,1,0,0,0,0,1,1,6,6,2,55,8,1198,1,15,HONDA JAZZ,7,E01022918,0,3
2024131403898,2024,131403898,1,9,0,-1,19,1,5,-1,0,6,0,0,0,0,1,1,-1,9,1,86,11,1339,1,17,HONDA JAZZ,3,E01011875,0,1
2024401466705,2024,401466705,1,9,0,-1,19,-1,-1,-1,0,1,0,4,0,0,1,9,-1,6,1,60,9,1246,1,17,HONDA JAZZ,5,E01015786,0,1
2024610040924,2024,610040924,1,9,0,18,19,1,5,0,0,0,0,0,0,0,3,1,2,2,2,40,7,1339,1,14,HONDA JAZZ,-1,-1,0,-1
2024522402030,2024,522402030,1,9,0,18,19,2,6,0,0,8,0,0,0,0,1,1,6,6,1,24,5,1339,1,11,HONDA JAZZ,5,E01014537,0,1
2024010511572,2024,010511572,2,9,0,99,99,9,9,99,99,6,9,99,9,99,1,9,6,6,2,46,8,1498,8,3,HONDA JAZZ,5,E01002785,0,1
2024622400194,2024,622400194,1,9,0,18,19,2,6,0,0,0,0,0,0,0,0,1,6,6,2,82,11,1339,1,14,HONDA JAZZ,6,W01001836,0,1
2024320450564,2024,320450564,2,9,0,9,9,6,4,0,0,5,0,0,0,0,3,1,-1,-1,2,50,8,1339,1,12,HONDA JAZZ,1,E01026115,0,1
2024320053924,2024,320053924,1,9,0,-1,-1,8,4,0,0,1,1,0,1,4,4,1,1,1,1,49,8,1339,1,17,HONDA JAZZ,8,E01026291,0,4
2024471426270,2024,471426270,1,9,0,-1,19,3,7,-1,0,0,0,0,2,7,1,1,-1,9,1,82,11,1498,8,4,HONDA JAZZ,7,E01022628,0,4
2024411471255,2024,411471255,1,9,0,-1,19,3,7,-1,0,8,5,10,0,0,1,1,-1,6,2,83,11,1318,1,7,HONDA JAZZ,8,E01033029,0,1
2024131497874,2024,131497874,2,9,0,-1,19,3,3,-1,0,8,0,0,0,0,4,1,-1,2,2,28,6,1318,1,8,HONDA JAZZ,3,E01011585,0,2
2024010542879,2024,010542879,1,9,0,9,9,2,7,0,0,6,0,0,0,0,1,2,6,6,1,66,10,1318,1,8,HONDA JAZZ,8,E01002273,0,1
2024311399855,2024,311399855,1,9,0,-1,19,3,8,-1,0,8,0,7,1,11,1,1,-1,6,1,42,7,1339,1,17,HONDA JAZZ,7,E01028203,0,1
2024411543331,2024,411543331,1,9,0,-1,19,3,7,-1,0,0,1,10,7,11,1,1,-1,6,1,87,11,1339,1,11,HONDA JAZZ,8,E01023569,0,1
2024361500044,2024,361500044,1,9,0,-1,19,3,1,-1,0,0,0,0,0,0,3,1,-1,6,2,58,9,1339,1,15,HONDA JAZZ,8,E01026480,0,2
2024520402686,2024,520402686,2,9,0,9,9,5,3,0,0,6,0,0,0,0,3,1,6,6,2,82,11,1498,8,3,HONDA JAZZ,7,E01029155,0,2
2024522401685,2024,522401685,2,9,0,18,19,8,4,0,0,1,0,0,0,0,1,1,6,6,2,59,9,1498,8,4,HONDA JAZZ,10,E01014620,0,1
2024101406569,2024,101406569,1,9,0,-1,19,3,7,-1,0,8,0,0,0,0,1,2,-1,9,2,57,9,1339,8,13,HONDA JAZZ,4,E01027374,0,4
2024061394898,2024,061394898,2,9,0,-1,19,2,6,-1,0,0,0,0,0,0,3,1,-1,6,2,47,8,1246,1,16,HONDA JAZZ,3,E01006171,0,1
2024351400392,2024,351400392,4,9,0,-1,2,0,0,-1,0,0,0,0,0,0,3,9,-1,6,-1,-1,-1,1339,1,22,HONDA JAZZ,-1,-1,0,-1
2024122400815,2024,122400815,2,9,0,17,19,1,5,0,0,0,0,0,1,7,1,1,6,6,2,86,11,1318,1,8,HONDA JAZZ,10,E01025341,0,4
2024471531850,2024,471531850,4,9,0,-1,19,1,5,-1,0,0,0,0,0,0,3,1,-1,6,2,57,9,1339,1,15,HONDA JAZZ,5,E01031403,0,1
2024041499885,2024,041499885,2,9,0,-1,4,5,1,-1,0,0,0,0,0,0,2,1,-1,9,2,62,9,1198,1,10,HONDA JAZZ,8,E01025088,0,1
2024440351203,2024,440351203,2,9,0,18,19,2,6,0,0,0,0,0,0,0,0,1,6,6,1,37,7,1198,1,11,HONDA JAZZ,10,E01012301,0,5
2024545436724,2024,545436724,1,9,0,9,9,7,5,0,0,1,0,0,0,0,1,1,6,6,1,48,8,1198,1,14,HONDA JAZZ,5,E01015571,0,2
2024991431835,2024,991431835,1,9,0,-1,19,8,4,-1,0,8,0,0,0,0,1,1,-1,9,1,89,11,1339,1,10,HONDA JAZZ,4,-1,0,1
2024311458622,2024,311458622,1,9,0,-1,19,5,1,-1,0,1,0,0,0,0,1,1,-1,9,1,25,5,1339,1,18,HONDA JAZZ,9,E01013979,0,1
2024010540616,2024,010540616,2,9,9,99,99,9,9,99,99,9,9,99,9,99,1,9,6,6,3,-1,-1,1339,1,13,HONDA JAZZ,-1,-1,0,-1
2024211441396,2024,211441396,1,9,0,-1,19,5,1,-1,0,3,0,0,0,0,1,1,-1,6,2,40,7,1198,1,14,HONDA JAZZ,4,E01029578,0,1
2024211431764,2024,211431764,2,9,0,-1,19,5,1,-1,0,1,0,0,0,0,1,1,-1,9,1,56,9,1339,1,21,HONDA JAZZ,5,E01029382,0,1
2024411414093,2024,411414093,1,9,0,-1,19,1,5,-1,0,1,0,0,0,0,3,1,-1,6,2,51,8,1339,1,13,HONDA JAZZ,10,E01023966,0,1
2024552401173,2024,552401173,1,9,0,18,19,8,4,0,0,8,0,8,0,0,1,1,6,6,1,31,6,1339,1,13,HONDA JAZZ,10,E01023270,0,5
2024010503457,2024,010503457,1,9,0,18,19,1,5,0,0,0,0,0,0,0,1,1,6,6,2,78,11,1498,8,2,HONDA JAZZ,8,E01002008,0,1
2024430602796,2024,430602796,2,9,0,18,19,2,6,0,0,0,0,0,1,9,4,1,6,6,1,70,10,1318,1,4,HONDA JAZZ,5,E01016476,0,3
2024411423542,2024,411423542,4,9,0,-1,2,0,0,-1,0,2,0,0,0,0,1,1,-1,6,-1,-1,-1,1198,1,16,HONDA JAZZ,-1,-1,0,-1
2024010528627,2024,010528627,2,9,0,18,19,2,6,0,0,0,0,4,0,0,1,1,6,6,2,60,9,1339,1,12,HONDA JAZZ,8,E01000317,0,2
2024041521310,2024,041521310,1,9,0,-1,4,3,3,-1,0,0,5,11,0,0,1,1,-1,9,1,80,11,1339,1,9,HONDA JAZZ,4,E01025393,0,1
2024201508534,2024,201508534,2,9,0,-1,7,8,4,-1,0,0,0,0,0,0,4,1,-1,9,1,38,7,1339,1,20,HONDA JAZZ,1,E01009033,0,1
202454C923024,2024,54C923024,1,9,0,9,9,2,8,0,0,1,0,0,0,0,1,1,6,6,2,25,5,1339,1,21,HONDA JAZZ,9,E01031988,0,1
2024371475123,2024,371475123,1,9,0,-1,19,5,1,-1,0,0,0,0,0,0,1,1,-1,9,2,81,11,1318,1,7,HONDA JAZZ,8,E01004748,0,5
2024201456104,2024,201456104,2,9,0,-1,19,6,2,-1,0,1,0,0,0,0,1,9,-1,6,1,86,11,1318,1,5,HONDA JAZZ,5,E01008965,0,1
2024010525815,2024,010525815,2,9,0,11,11,9,9,99,99,5,9,99,9,99,9,9,6,6,2,78,11,1339,1,15,HONDA JAZZ,8,E01001913,0,1
2024201472912,2024,201472912,1,9,0,-1,19,6,2,-1,0,8,0,0,0,0,1,1,-1,6,1,37,7,1339,1,19,HONDA JAZZ,3,E01009661,0,1
2024531470413,2024,531470413,2,9,0,-1,19,5,1,-1,0,8,0,0,0,0,1,1,-1,9,1,47,8,1318,1,9,HONDA JAZZ,6,E01022187,0,2
202454F053324,2024,54F053324,2,9,0,18,19,6,2,0,0,0,0,12,0,0,1,1,6,6,2,53,8,1339,1,11,HONDA JAZZ,8,E01034525,0,1
2024010511936,2024,010511936,1,9,0,5,5,6,2,0,0,1,0,0,0,0,1,1,2,2,2,32,6,1339,1,20,HONDA JAZZ,4,E01001329,0,1
2024061513516,2024,061513516,2,9,0,-1,5,7,1,-1,0,6,0,0,0,0,1,1,-1,9,2,80,11,1339,1,10,HONDA JAZZ,8,E01006210,0,3
2024332400327,2024,332400327,1,9,0,-1,19,1,5,-1,0,6,0,0,0,0,1,1,-1,6,1,64,9,1198,1,10,HONDA JAZZ,6,E01026331,0,1
2024401528659,2024,401528659,2,9,0,-1,5,7,8,-1,0,4,0,0,0,0,4,1,-1,6,1,65,9,1498,1,6,HONDA JAZZ,7,E01026299,0,4
2024411437387,2024,411437387,2,9,0,-1,19,1,5,-1,0,0,0,7,0,0,1,1,-1,6,2,76,11,1498,8,2,HONDA JAZZ,4,E01023924,0,4
2024501423210,2024,501423210,1,9,0,-1,19,1,5,-1,0,0,0,0,0,0,1,1,-1,9,2,81,11,1318,1,9,HONDA JAZZ,7,E01032628,0,1
2024010511231,2024,010511231,1,9,0,99,99,9,9,0,0,9,9,0,0,0,1,9,6,6,1,23,5,1339,1,16,HONDA JAZZ,3,E01002413,0,1
2024010530404,2024,010530404,1,9,0,1,1,7,3,0,0,0,0,0,0,0,0,1,6,6,2,45,7,1339,1,13,HONDA JAZZ,-1,-1,0,-1
2024010545020,2024,010545020,2,9,0,3,3,7,3,0,0,8,0,0,0,0,1,1,3,7,2,46,8,1339,1,9,HONDA JAZZ,-1,-1,0,-1
2024061503231,2024,061503231,2,9,0,-1,19,1,1,-1,0,1,0,0,0,0,3,1,-1,9,1,31,6,1246,1,16,HONDA JAZZ,2,E01005950,0,1
2024201493125,2024,201493125,1,9,0,-1,7,7,3,-1,0,0,0,0,0,0,1,1,-1,9,1,27,6,1246,1,17,HONDA JAZZ,-1,-1,0,-1
2024552400610,2024,552400610,1,9,0,9,9,6,3,0,0,6,0,0,0,0,4,1,6,6,2,78,11,1339,1,21,HONDA JAZZ,4,E01029179,0,2
2024010488489,2024,010488489,1,9,0,18,19,7,3,0,0,8,0,0,0,0,1,1,2,2,2,44,7,1339,1,17,HONDA JAZZ,2,E01000065,0,1
2024531502487,2024,531502487,1,9,0,-1,15,4,6,-1,0,0,0,0,1,0,3,1,-1,9,1,30,6,1339,1,16,HONDA JAZZ,8,E01022209,0,1
2024131554722,2024,131554722,1,9,0,-1,5,7,1,-1,0,6,0,0,0,0,1,1,-1,6,1,48,8,1339,1,20,HONDA JAZZ,2,E01011485,0,1
2024010500074,2024,010500074,2,9,0,99,99,9,9,99,99,9,9,99,9,99,9,9,6,6,3,-1,-1,1198,1,14,HONDA JAZZ,5,E01002785,0,1
2024552500055,2024,552500055,2,9,0,3,3,2,6,0,0,1,0,0,0,0,2,1,6,6,2,58,9,1498,8,2,HONDA JAZZ,8,E01020583,0,3
2024544588324,2024,544588324,2,9,0,18,19,3,7,0,0,0,0,0,1,0,1,1,6,6,1,45,7,1498,8,3,HONDA JAZZ,3,E01031956,0,1
2024201490973,2024,201490973,1,9,0,-1,5,1,7,-1,0,5,0,0,0,0,1,1,-1,6,1,29,6,1330,8,12,HONDA JAZZ,1,E01008962,0,2
2024010508609,2024,010508609,1,9,9,99,99,9,9,99,99,0,9,99,9,99,2,9,6,6,1,24,5,1339,1,14,HONDA JAZZ,2,E01000083,0,1
2024122401072,2024,122401072,1,9,0,17,19,1,5,0,0,0,1,0,7,11,1,1,2,2,1,36,7,1339,1,19,HONDA JAZZ,7,E01012818,0,4
2024471483491,2024,471483491,1,9,0,-1,9,1,5,-1,0,6,0,0,0,0,1,1,-1,1,1,23,5,1339,1,17,HONDA JAZZ,8,E01021214,0,4
2024371528180,2024,371528180,1,9,0,-1,19,8,2,-1,0,0,0,0,0,0,4,9,-1,6,3,-1,-1,1339,1,16,HONDA JAZZ,-1,-1,0,-1
2024501445370,2024,501445370,1,9,0,-1,12,1,5,-1,0,0,1,0,2,7,4,1,-1,9,1,46,8,1339,1,20,HONDA JAZZ,8,E01014672,0,5
2024451506926,2024,451506926,1,9,0,-1,9,1,5,-1,0,3,0,9,0,0,4,1,-1,9,2,81,11,1339,8,12,HONDA JAZZ,9,E01030646,0,1
2024471492139,2024,471492139,1,9,0,-1,7,6,1,-1,0,5,0,99,0,0,4,1,-1,6,2,20,4,1339,1,20,HONDA JAZZ,4,E01020914,0,3
2024461404153,2024,461404153,1,9,0,-1,9,3,8,-1,0,2,0,0,0,0,1,9,-1,2,2,32,6,1318,1,9,HONDA JAZZ,9,E01024299,0,3
2024052400506,2024,052400506,2,9,0,18,19,7,3,0,0,8,1,0,0,0,1,1,6,6,1,80,11,1498,8,2,HONDA JAZZ,10,E01025502,0,2
2024361450981,2024,361450981,1,9,0,-1,19,7,3,-1,0,0,0,0,0,0,4,1,-1,9,1,55,8,1339,1,11,HONDA JAZZ,9,E01032999,0,4
2024010510373,2024,010510373,2,9,9,99,99,9,9,99,99,0,9,99,9,99,9,9,6,6,3,-1,-1,1339,1,16,HONDA JAZZ,-1,-1,0,-1
2024041453435,2024,041453435,1,9,0,-1,19,7,3,-1,0,8,1,0,0,0,2,1,-1,2,2,22,5,1339,1,17,HONDA JAZZ,1,E01025230,0,1
2024991446651,2024,991446651,1,9,0,-1,5,4,8,-1,0,5,0,4,0,0,3,1,-1,9,2,79,11,1318,1,9,HONDA JAZZ,2,-1,0,2
2024131458102,2024,131458102,1,9,0,-1,19,1,5,-1,0,8,0,0,1,1,1,1,-1,9,2,80,11,1339,1,16,HONDA JAZZ,3,E01011597,0,1
2024340WN1162,2024,340WN1162,1,9,0,-1,19,3,7,-1,0,0,0,10,2,0,1,1,-1,6,2,72,10,1339,1,11,HONDA JAZZ,10,E01027205,0,1
2024451420888,2024,451420888,2,9,0,-1,19,1,5,-1,0,0,0,0,1,11,3,1,-1,2,2,27,6,1339,1,15,HONDA JAZZ,7,E01031503,0,3
2024451455533,2024,451455533,1,9,0,-1,5,7,3,-1,0,2,0,0,0,0,1,1,-1,9,2,26,6,1339,1,9,HONDA JAZZ,6,E01023065,0,5
2024451427615,2024,451427615,2,9,0,-1,19,5,1,-1,0,3,0,0,0,0,2,1,-1,2,2,65,9,1339,1,9,HONDA JAZZ,3,E01030362,0,1
2024991451885,2024,991451885,1,9,0,-1,3,3,7,-1,0,0,0,0,0,0,3,9,-1,9,2,44,7,1198,1,13,HONDA JAZZ,6,-1,0,2
2024061464977,2024,061464977,1,9,0,-1,19,5,5,-1,0,0,0,0,0,0,0,1,-1,2,1,63,9,1246,1,16,HONDA JAZZ,4,E01005126,0,1
2024543395024,2024,543395024,13,9,0,18,19,4,8,0,0,0,1,0,1,0,1,1,6,6,1,57,9,1198,1,15,HONDA JAZZ,8,E01014040,0,4
2024201501621,2024,201501621,2,9,0,-1,5,2,6,-1,0,0,0,0,0,0,1,9,-1,6,1,61,9,1339,1,15,HONDA JAZZ,1,E01009204,0,1
2024010509141,2024,010509141,2,9,0,18,19,5,1,0,0,0,1,0,1,0,1,1,6,6,1,31,6,1339,1,11,HONDA JAZZ,-1,-1,0,-1
2024411436942,2024,411436942,1,9,0,-1,-1,-1,-1,-1,-1,0,-1,-1,-1,0,-1,9,-1,7,2,54,8,1339,1,16,HONDA JAZZ,6,E01023570,0,1
2024201513849,2024,201513849,2,9,0,-1,2,7,3,-1,-1,0,0,0,0,0,0,1,-1,6,3,-1,-1,1339,1,16,HONDA JAZZ,-1,-1,0,-1
2024010506455,2024,010506455,2,9,0,99,99,9,9,99,99,6,9,99,9,99,1,9,6,6,3,-1,-1,1339,1,20,HONDA JAZZ,-1,-1,0,-1
2024201520571,2024,201520571,1,9,0,-1,19,7,1,-1,0,4,0,0,0,0,1,1,-1,6,1,39,7,1339,1,20,HONDA JAZZ,2,E01010429,0,1
2024501490796,2024,501490796,1,9,0,-1,7,5,8,-1,9,8,1,0,0,0,1,1,-1,6,1,82,11,1318,1,8,HONDA JAZZ,4,E01015169,0,1
2024552400805,2024,552400805,1,9,0,5,5,2,6,0,0,6,0,0,0,0,1,1,6,6,2,49,8,1318,1,8,HONDA JAZZ,7,E01015424,0,1
2024332400385,2024,332400385,2,9,0,-1,1,9,9,-1,0,8,0,0,0,0,2,1,-1,1,3,-1,-1,1339,1,19,HONDA JAZZ,-1,-1,0,-1
2024201496430,2024,201496430,1,9,0,-1,19,4,2,-1,0,6,0,10,3,4,3,1,-1,6,1,29,6,1330,8,12,HONDA JAZZ,1,E01009192,0,2
2024010498341,2024,010498341,1,9,0,18,19,5,1,0,0,1,0,0,0,0,1,1,6,6,2,77,11,1339,1,11,HONDA JAZZ,8,E01023875,0,3
2024471405204,2024,471405204,3,9,0,-1,2,0,0,-1,-1,0,0,0,0,0,2,1,-1,6,-1,-1,-1,1339,1,14,HONDA JAZZ,-1,-1,0,-1
2024122401235,2024,122401235,1,9,0,7,7,1,5,0,0,1,0,0,0,0,1,1,6,6,1,49,8,1318,1,5,HONDA JAZZ,10,E01013420,0,1
2024440371099,2024,440371099,1,9,0,17,19,2,6,0,0,0,0,0,1,11,1,1,2,2,1,19,4,1318,1,7,HONDA JAZZ,3,E01017315,0,1
2024302500175,2024,302500175,2,9,0,-1,19,1,5,-1,0,0,0,0,0,0,1,1,-1,6,3,-1,-1,1339,1,19,HONDA JAZZ,5,E01019456,0,3
2024501445047,2024,501445047,1,9,0,-1,19,6,5,-1,0,0,0,0,1,11,1,1,-1,9,2,76,11,1318,1,5,HONDA JAZZ,10,E01020024,0,2
2024010513244,2024,010513244,2,9,0,99,99,9,9,99,99,9,9,99,9,99,1,9,6,6,3,-1,-1,1318,1,7,HONDA JAZZ,-1,-1,0,-1
2024440399130,2024,440399130,2,9,0,3,3,2,6,0,0,0,0,0,0,0,2,1,6,6,2,25,5,1339,1,13,HONDA JAZZ,4,E01017128,0,2
2024010538871,2024,010538871,1,9,0,17,19,8,6,0,0,1,1,0,0,0,4,1,6,6,1,49,8,1339,1,17,HONDA JAZZ,2,E01004223,0,3
2024010529057,2024,010529057,1,9,0,18,19,3,7,0,0,0,0,0,0,0,1,1,6,6,1,93,11,1339,8,12,HONDA JAZZ,7,E01002365,0,1
2024141449895,2024,141449895,2,9,0,-1,9,5,1,-1,0,1,0,0,0,0,1,1,-1,1,1,33,6,1246,1,19,HONDA JAZZ,6,E01007598,0,1
2024111445487,2024,111445487,1,9,0,-1,7,3,6,-1,0,0,0,0,0,0,1,1,-1,6,1,47,8,1198,1,12,HONDA JAZZ,1,E01008223,0,1
2024320562017,2024,320562017,1,9,0,14,14,6,2,0,0,0,0,0,0,0,1,1,6,6,2,50,8,1498,8,1,HONDA JAZZ,9,E01026337,0,1
2024010521609,2024,010521609,2,9,0,9,9,5,3,0,0,6,0,0,0,0,2,1,6,6,1,21,5,1339,1,20,HONDA JAZZ,9,E01000461,0,1
2024010515429,2024,010515429,1,9,0,99,99,9,9,99,99,0,9,99,9,99,2,9,6,6,2,36,7,1339,1,11,HONDA JAZZ,2,E01003735,0,1
2024010524120,2024,010524120,1,9,9,5,5,9,9,99,99,0,9,99,9,99,9,9,6,6,3,-1,-1,1339,1,12,HONDA JAZZ,-1,-1,0,-1
2024421523840,2024,421523840,2,9,0,-1,19,7,3,-1,0,1,0,0,0,0,4,1,-1,6,1,69,10,1339,1,14,HONDA JAZZ,3,E01021291,0,1
2024451459913,2024,451459913,2,9,0,-1,19,1,5,-1,0,8,0,0,7,4,4,1,-1,6,2,88,11,1339,1,11,HONDA JAZZ,6,E01030895,0,1
2024461526546,2024,461526546,1,9,0,-1,19,3,6,-1,0,0,0,0,0,0,3,9,-1,6,1,27,6,1339,1,12,HONDA JAZZ,10,E01024441,0,1
2024010500834,2024,010500834,1,9,0,99,99,9,9,99,99,9,9,99,9,99,9,9,6,6,2,28,6,1198,1,14,HONDA JAZZ,2,E01003604,0,1
2024461418644,2024,461418644,2,9,0,-1,2,0,0,-1,0,0,0,0,0,0,2,9,-1,6,-1,-1,-1,1339,1,21,HONDA JAZZ,-1,-1,0,-1
2024010522646,2024,010522646,2,9,0,99,99,9,9,99,99,9,9,99,9,99,9,9,6,6,3,-1,-1,1339,1,13,HONDA JAZZ,2,E01004249,0,1
2024461437236,2024,461437236,2,9,0,-1,3,7,3,-1,0,0,0,0,0,0,2,1,-1,9,2,58,9,1246,1,19,HONDA JAZZ,6,E01024205,0,2
2024010510753,2024,010510753,2,9,0,99,99,9,9,99,99,9,9,99,9,99,9,9,6,6,3,-1,-1,1498,8,1,HONDA JAZZ,-1,-1,0,-1
2024340NN3772,2024,340NN3772,2,9,0,-1,10,5,3,-1,0,1,0,0,0,0,2,1,-1,6,2,57,9,1318,1,6,HONDA JAZZ,5,E01026985,0,1
2024371463679,2024,371463679,1,9,0,-1,12,1,4,-1,0,0,0,0,0,0,3,1,-1,6,2,47,8,1318,1,8,HONDA JAZZ,4,E01029960,0,1
2024201421627,2024,201421627,1,9,0,-1,19,2,6,-1,0,1,0,0,0,0,4,1,-1,6,2,-1,-1,1318,1,8,HONDA JAZZ,-1,-1,0,-1
2024547623424,2024,547623424,2,9,0,3,3,5,1,0,0,1,0,0,0,0,2,1,6,6,1,45,7,1318,1,5,HONDA JAZZ,1,E01015507,0,1
2024332400790,2024,332400790,1,9,0,-1,19,4,8,-1,0,0,0,0,7,4,1,1,-1,9,1,74,10,1318,1,8,HONDA JAZZ,7,E01025963,0,3
2024010531283,2024,010531283,2,9,0,2,2,0,0,0,0,9,0,0,0,0,3,1,6,6,3,-1,-1,1339,1,15,HONDA JAZZ,-1,-1,0,-1
2024311527723,2024,311527723,1,9,0,-1,13,2,2,-1,0,0,0,0,0,0,1,1,-1,2,1,40,7,1198,1,10,HONDA JAZZ,-1,-1,0,-1
2024520402724,2024,520402724,2,9,0,16,19,2,4,0,0,0,1,0,7,10,1,1,6,6,2,36,7,1339,1,15,HONDA JAZZ,7,E01032078,0,3
2024461475569,2024,461475569,1,9,0,-1,7,5,1,-1,0,8,0,0,0,0,0,1,-1,9,2,32,6,1339,1,16,HONDA JAZZ,6,E01024084,0,1
2024010547884,2024,010547884,1,9,0,99,99,9,9,99,99,9,9,99,9,99,2,9,6,6,1,30,6,1318,1,7,HONDA JAZZ,8,E01000269,0,2
2024320006691,2024,320006691,2,9,0,-1,-1,6,2,0,0,8,0,0,0,0,4,1,6,6,2,61,9,1339,1,12,HONDA JAZZ,-1,-1,0,-1
2024071030592,2024,071030592,1,9,0,-1,19,6,2,-1,0,0,0,0,0,0,1,1,-1,6,2,64,9,1339,1,13,HONDA JAZZ,10,E01018392,0,1
2024061434614,2024,061434614,2,9,0,-1,3,7,3,-1,0,1,0,0,0,0,2,9,-1,6,1,37,7,1198,1,15,HONDA JAZZ,1,E01034233,0,1
2024451517202,2024,451517202,1,9,0,-1,19,3,7,-1,0,0,0,0,1,0,1,1,-1,9,1,31,6,1339,1,18,HONDA JAZZ,5,E01017600,0,4
2024010538773,2024,010538773,2,9,0,18,19,3,7,0,0,1,0,0,0,0,4,1,6,6,2,56,9,1339,1,19,HONDA JAZZ,7,E01000572,0,1
2024501470625,2024,501470625,1,9,0,-1,19,2,6,-1,0,0,0,0,0,0,1,1,-1,6,2,20,4,1339,1,19,HONDA JAZZ,8,E01015114,0,2
2024131467611,2024,131467611,1,9,0,-1,15,3,7,-1,0,1,0,11,0,0,1,1,-1,9,1,25,5,1339,1,15,HONDA JAZZ,3,E01010846,0,1
2024351507959,2024,351507959,1,9,0,-1,19,6,1,-1,0,0,0,0,0,0,1,1,-1,6,2,63,9,1339,1,15,HONDA JAZZ,9,E01015684,0,1
2024201439349,2024,201439349,2,9,0,-1,19,8,4,-1,0,8,0,0,0,0,1,1,-1,9,2,28,6,1339,1,13,HONDA JAZZ,2,E01033887,0,1
2024430491423,2024,430491423,2,9,0,18,19,4,8,0,0,0,0,0,0,0,1,1,6,6,1,60,9,1498,8,3,HONDA JAZZ,-1,-1,0,-1
2024010543858,2024,010543858,1,9,0,5,5,1,5,0,0,8,0,4,0,0,1,1,6,6,2,-1,-1,1339,1,15,HONDA JAZZ,-1,-1,0,-1
2024332400498,2024,332400498,1,9,0,-1,3,1,5,-1,0,1,0,0,0,0,2,1,-1,9,2,59,9,1339,1,17,HONDA JAZZ,1,E01013725,0,1
2024122401037,2024,122401037,1,9,0,18,19,5,1,0,0,1,0,0,0,0,1,1,6,6,1,86,11,1339,1,16,HONDA JAZZ,5,E01027822,0,4
2024451445215,2024,451445215,1,9,0,-1,5,2,8,-1,0,2,0,0,1,0,1,1,-1,9,1,45,7,1318,1,8,HONDA JAZZ,10,E01030837,0,1
2024501485059,2024,501485059,1,9,0,-1,19,7,3,-1,0,0,1,0,0,0,1,1,-1,6,1,19,4,1339,1,18,HONDA JAZZ,2,E01018854,0,2
2024461529820,2024,461529820,1,9,0,-1,19,2,5,-1,0,4,0,0,0,0,1,1,-1,1,1,30,6,1339,1,19,HONDA JAZZ,3,E01016016,0,1
2024421494406,2024,421494406,1,9,0,-1,19,2,8,-1,0,0,5,0,0,0,4,1,-1,9,1,38,7,1339,1,17,HONDA JAZZ,10,E01021739,0,3
2024320409057,2024,320409057,2,9,0,-1,-1,5,1,0,0,8,0,0,0,0,1,1,-1,-1,1,71,10,1318,1,5,HONDA JAZZ,6,E01026399,0,1
2024010514789,2024,010514789,2,9,9,99,99,9,9,99,99,9,9,99,9,99,9,9,6,6,3,-1,-1,1339,1,18,HONDA JAZZ,-1,-1,0,-1
2024311523448,2024,311523448,1,9,0,-1,19,6,2,-1,0,0,5,0,1,10,0,1,-1,6,2,29,6,1339,1,20,HONDA JAZZ,1,E01026384,0,2
2024201450753,2024,201450753,3,9,0,-1,10,5,3,-1,0,8,0,0,0,0,2,1,-1,9,1,60,9,1339,1,15,HONDA JAZZ,-1,-1,0,-1
2024440365908,2024,440365908,1,9,0,9,9,6,4,0,0,6,0,0,0,0,3,1,6,6,1,68,10,1339,1,12,HONDA JAZZ,9,E01034720,0,1
2024231403245,2024,231403245,1,9,0,-1,9,2,8,-1,0,6,0,0,0,0,4,1,-1,6,2,63,9,1198,1,11,HONDA JAZZ,9,E01031289,0,1
2024520500202,2024,520500202,2,9,0,18,19,7,3,0,0,8,0,0,0,0,1,1,6,6,2,47,8,1339,1,22,HONDA JAZZ,3,E01029117,0,1
2024161477425,2024,161477425,1,9,0,-1,19,3,7,-1,0,0,5,0,0,0,1,1,-1,9,1,39,7,1318,1,8,HONDA JAZZ,1,E01012856,0,1
2024010504132,2024,010504132,1,9,0,4,4,1,5,0,0,2,0,0,0,0,1,1,6,6,2,83,11,1339,1,13,HONDA JAZZ,9,E01002110,0,1
2024010532845,2024,010532845,2,9,0,99,99,9,9,99,99,9,9,99,9,99,9,9,6,6,3,-1,-1,1339,1,17,HONDA JAZZ,-1,-1,0,-1
2024010537807,2024,010537807,1,9,0,18,19,7,3,0,0,0,0,4,0,0,4,1,6,6,1,43,7,1498,1,6,HONDA JAZZ,2,E01000730,0,1
2024501538370,2024,501538370,1,9,0,-1,11,5,1,-1,0,0,0,0,7,0,1,1,-1,6,2,82,11,1339,1,13,HONDA JAZZ,5,E01020030,0,1