collision_index,collision_year,collision_ref_no,vehicle_reference,vehicle_type,towing_and_articulation,vehicle_manoeuvre_historic,vehicle_manoeuvre,vehicle_direction_from,vehicle_direction_to,vehicle_location_restricted_lane_historic,vehicle_location_restricted_lane,junction_location,skidding_and_overturning,hit_object_in_carriageway,vehicle_leaving_carriageway,hit_object_off_carriageway,first_point_of_impact,vehicle_left_hand_drive,journey_purpose_of_driver_historic,journey_purpose_of_driver,sex_of_driver,age_of_driver,age_band_of_driver,engine_capacity_cc,propulsion_code,age_of_vehicle,generic_make_model,driver_imd_decile,lsoa_of_driver,escooter_flag,driver_distance_banding
2024201521618,2024,201521618,1,9,0,-1,19,4,8,-1,0,8,0,0,0,0,4,1,-1,6,1,39,7,1318,1,6,HONDA JAZZ,5,E01009211,0,1
2024451476904,2024,451476904,2,9,0,-1,19,5,1,-1,0,1,0,0,0,0,1,1,-1,9,2,76,11,1318,1,9,HONDA JAZZ,10,E01030377,0,1
2024070845682,2024,070845682,2,9,0,-1,12,6,2,-1,0,0,0,0,0,0,2,1,-1,9,2,50,8,1339,1,14,HONDA JAZZ,1,E01012526,0,1
2024411521633,2024,411521633,3,9,0,-1,19,7,3,-1,0,0,0,0,0,0,1,1,-1,6,2,58,9,1318,1,4,HONDA JAZZ,8,E01002518,0,4
2024522402062,2024,522402062,1,9,0,18,19,2,6,0,0,1,0,0,0,0,1,1,6,6,1,45,7,1339,1,16,HONDA JAZZ,2,W01001676,0,4
2024440400368,2024,440400368,1,9,0,17,19,4,1,0,0,0,5,0,0,0,0,1,6,6,1,26,6,1339,1,21,HONDA JAZZ,3,E01017318,0,2
2024052400115,2024,052400115,1,9,0,18,19,7,3,0,0,0,0,0,0,0,1,1,6,6,2,78,11,1318,1,8,HONDA JAZZ,7,E01007241,0,1
2024421473727,2024,421473727,1,9,0,-1,19,8,4,-1,0,0,0,0,0,0,3,9,-1,9,1,78,11,1318,1,5,HONDA JAZZ,10,E01021746,0,2
2024010526869,2024,010526869,2,9,0,99,99,9,9,99,99,9,9,99,9,99,9,9,6,6,3,-1,-1,1339,1,18,HONDA JAZZ,-1,-1,0,-1
2024471397164,2024,471397164,1,9,0,-1,19,6,2,-1,0,1,0,0,0,0,1,9,-1,6,2,70,10,1498,8,1,HONDA JAZZ,6,E01021032,0,3
2024991483251,2024,991483251,2,9,0,-1,19,3,7,-1,0,1,0,0,0,0,1,1,-1,6,1,41,7,1339,1,16,HONDA JAZZ,2,-1,0,2
2024501434590,2024,501434590,1,9,0,-1,9,6,4,-1,0,1,1,0,1,0,1,1,-1,9,2,60,9,1339,1,10,HONDA JAZZ,-1,-1,0,-1
2024201464446,2024,201464446,1,9,0,-1,10,4,3,-1,0,8,0,0,0,0,3,1,-1,9,1,51,8,1339,1,10,HONDA JAZZ,5,E01009211,0,2
2024461433876,2024,461433876,1,9,0,-1,19,7,3,-1,0,1,0,0,0,0,3,1,-1,6,1,82,11,1498,8,2,HONDA JAZZ,7,E01024794,0,1
2024440052540,2024,440052540,2,9,0,9,9,3,8,0,0,6,0,0,0,0,3,1,6,6,1,83,11,1198,1,11,HONDA JAZZ,6,E01022764,0,1
2024451440028,2024,451440028,1,9,0,-1,19,5,1,-1,0,2,0,0,0,0,1,1,-1,9,2,67,10,1498,8,1,HONDA JAZZ,9,E01001107,0,1
2024201483546,2024,201483546,2,9,0,-1,19,2,6,-1,0,8,0,10,7,0,4,1,-1,6,-1,-1,-1,1339,1,15,HONDA JAZZ,-1,-1,0,-1
2024041525586,2024,041525586,1,9,0,-1,19,3,7,-1,0,0,1,7,6,0,3,1,-1,6,2,74,10,1318,1,6,HONDA JAZZ,3,E01025065,0,3
2024610048424,2024,610048424,1,9,0,18,19,8,4,0,0,0,1,0,0,0,1,1,2,2,1,37,7,1339,1,20,HONDA JAZZ,3,W01001539,0,1
2024061457305,2024,061457305,2,9,0,-1,10,5,2,-1,0,1,0,0,0,0,2,1,-1,9,2,40,7,1339,1,18,HONDA JAZZ,-1,-1,0,-1
2024311493369,2024,311493369,1,9,0,-1,4,5,1,-1,0,0,0,0,0,0,0,1,-1,7,1,40,7,1339,1,19,HONDA JAZZ,-1,-1,0,-1
2024451523691,2024,451523691,1,9,0,-1,19,6,2,-1,0,0,0,0,0,0,1,1,-1,6,1,61,9,1339,1,13,HONDA JAZZ,5,E01000932,0,4
2024010518771,2024,010518771,1,9,0,7,7,7,8,9,9,1,0,10,2,11,1,1,6,6,2,74,10,1498,8,3,HONDA JAZZ,10,E01000357,0,1
2024440403052,2024,440403052,1,9,0,9,9,2,6,0,0,1,0,0,0,0,1,1,6,6,3,-1,-1,1339,1,13,HONDA JAZZ,-1,-1,0,-1
2024411414462,2024,411414462,1,9,0,-1,1,-1,-1,-1,0,-1,0,0,0,0,2,9,-1,6,2,-1,-1,1339,1,12,HONDA JAZZ,9,E01023713,0,1
2024552401263,2024,552401263,2,9,0,18,19,6,2,0,0,0,0,0,0,0,3,1,6,6,2,29,6,1339,1,17,HONDA JAZZ,6,E01034282,0,1
2024401532230,2024,401532230,2,9,0,-1,19,2,6,-1,0,0,5,0,0,0,1,1,-1,6,2,24,5,1339,1,19,HONDA JAZZ,4,E01023395,0,4
2024052401132,2024,052401132,3,9,0,3,3,8,4,0,0,1,0,0,0,0,2,1,6,6,2,-1,-1,1339,1,15,HONDA JAZZ,1,E01006691,0,1
2024101444728,2024,101444728,1,9,0,-1,19,5,1,-1,0,8,0,0,0,0,1,9,-1,6,2,-1,-1,1246,1,19,HONDA JAZZ,2,E01008756,0,1
2024501402726,2024,501402726,1,9,0,-1,19,7,4,-1,0,0,1,0,1,4,1,1,-1,1,2,20,4,1339,1,21,HONDA JAZZ,7,E01020251,0,3
2024131448392,2024,131448392,1,9,0,-1,19,6,2,-1,0,8,0,0,0,0,1,1,-1,6,2,41,7,1339,1,18,HONDA JAZZ,2,E01011281,0,1
2024010507384,2024,010507384,2,9,0,99,99,9,9,99,99,9,9,99,9,99,9,9,6,6,3,-1,-1,1339,1,18,HONDA JAZZ,-1,-1,0,-1
2024131499854,2024,131499854,2,9,0,-1,19,5,1,-1,0,8,0,0,0,0,2,1,-1,6,2,41,7,1339,1,15,HONDA JAZZ,1,E01011361,0,1
2024131521939,2024,131521939,1,9,0,-1,19,1,1,-1,0,0,0,0,0,0,1,2,-1,9,2,40,7,1339,1,21,HONDA JAZZ,3,E01011908,0,1
2024122400633,2024,122400633,2,9,0,9,9,7,5,0,0,1,0,0,0,0,3,1,6,6,1,65,9,1318,1,5,HONDA JAZZ,9,E01027792,0,1
2024471493927,2024,471493927,1,9,0,-1,5,1,5,-1,0,0,0,0,0,0,4,9,-1,6,2,74,10,1339,1,10,HONDA JAZZ,7,E01031462,0,1
2024622400374,2024,622400374,1,9,0,18,19,6,2,0,0,1,0,0,1,11,1,1,6,6,1,89,11,1498,8,3,HONDA JAZZ,6,W01001184,0,1
2024061509639,2024,061509639,1,9,0,-1,9,5,2,-1,0,6,0,0,0,0,3,1,-1,6,2,20,4,1339,1,14,HONDA JAZZ,10,E01007430,0,4
2024421517436,2024,421517436,1,9,0,-1,19,2,6,-1,0,8,0,0,0,0,1,1,-1,9,1,89,11,1339,1,19,HONDA JAZZ,4,E01035655,0,4
2024451532834,2024,451532834,2,9,0,-1,19,5,1,-1,0,0,0,0,0,0,1,1,-1,9,2,73,10,1498,8,1,HONDA JAZZ,10,E01030616,0,2
2024371474979,2024,371474979,2,9,0,-1,19,3,7,-1,0,1,0,0,0,0,4,1,-1,6,2,79,11,1318,1,4,HONDA JAZZ,6,E01030194,0,1
2024520402349,2024,520402349,2,9,0,9,9,7,4,0,0,8,0,0,0,0,1,1,6,6,1,20,4,1339,1,12,HONDA JAZZ,7,E01029085,0,1
2024451522455,2024,451522455,2,9,0,-1,19,1,5,-1,0,0,0,0,0,0,2,1,-1,6,1,24,5,1198,1,12,HONDA JAZZ,8,E01030954,0,1
2024522403149,2024,522403149,1,9,0,2,2,0,0,0,0,0,0,0,0,0,3,1,3,7,2,42,7,1339,1,21,HONDA JAZZ,4,E01014623,0,1
2024544460724,2024,544460724,1,9,0,18,19,2,6,0,0,0,0,0,0,0,1,1,6,6,1,77,11,1318,1,5,HONDA JAZZ,10,E01032055,0,1
2024131401011,2024,131401011,1,9,0,-1,19,6,2,-1,0,0,0,0,0,0,2,1,-1,6,1,38,7,1339,8,10,HONDA JAZZ,3,E01010652,0,1
2024332400244,2024,332400244,1,9,0,-1,19,3,7,-1,0,6,0,0,0,0,1,1,-1,9,2,54,8,1198,1,15,HONDA JAZZ,6,E01025759,0,2
2024131408668,2024,131408668,1,9,0,-1,19,5,1,-1,0,0,0,0,5,0,1,1,-1,9,2,59,9,1339,1,17,HONDA JAZZ,7,E01013412,0,4
2024471423028,2024,471423028,3,9,0,-1,19,8,4,-1,0,1,0,0,0,0,1,1,-1,9,2,88,11,1339,1,16,HONDA JAZZ,9,E01031413,0,2
2024991449115,2024,991449115,2,9,0,-1,11,6,3,-1,0,8,0,0,0,0,4,1,-1,9,2,60,9,1498,8,4,HONDA JAZZ,10,-1,0,2
2024430292407,2024,430292407,2,9,0,17,19,1,6,0,0,0,0,0,0,0,1,1,6,6,1,61,9,1198,1,15,HONDA JAZZ,7,E01002438,0,1
2024201466573,2024,201466573,2,9,0,-1,19,8,4,-1,0,0,0,0,0,0,3,1,-1,9,1,34,6,1339,1,18,HONDA JAZZ,1,E01009382,0,2
2024471399128,2024,471399128,2,9,0,-1,19,5,1,-1,0,8,0,0,0,0,1,1,-1,9,1,84,11,1318,1,5,HONDA JAZZ,6,E01031378,0,2
2024010541275,2024,010541275,1,9,0,18,19,3,7,0,0,0,2,0,1,0,1,1,2,2,1,42,7,1339,1,18,HONDA JAZZ,2,E01003761,0,1
2024451420422,2024,451420422,1,9,0,-1,19,1,5,-1,0,0,0,0,0,0,1,9,-1,6,1,40,7,1339,1,20,HONDA JAZZ,8,E01030803,0,1
2024221506565,2024,221506565,1,9,0,-1,19,2,6,-1,0,0,0,0,0,0,1,1,-1,6,2,58,9,1318,1,8,HONDA JAZZ,4,E01032454,0,1
2024440432596,2024,440432596,1,9,0,18,19,1,5,0,0,2,0,0,0,0,1,1,6,6,1,87,11,1318,1,5,HONDA JAZZ,9,E01022727,0,1
2024010529234,2024,010529234,1,9,0,3,3,7,3,0,0,0,0,0,0,0,2,1,1,1,2,67,10,1339,1,21,HONDA JAZZ,7,E01000492,0,1
2024041533742,2024,041533742,2,9,0,-1,19,5,1,-1,0,0,0,0,0,0,2,1,-1,9,2,61,9,1318,1,8,HONDA JAZZ,5,E01025428,0,2
2024161507216,2024,161507216,1,9,0,-1,19,3,7,-1,0,1,0,0,0,0,1,1,-1,6,1,43,7,1246,1,19,HONDA JAZZ,1,E01013281,0,1
2024010509285,2024,010509285,2,9,0,5,5,1,5,0,0,4,0,0,0,0,4,1,6,6,2,61,9,1339,1,9,HONDA JAZZ,3,E01003310,0,2
2024991426688,2024,991426688,1,9,0,-1,9,3,1,-1,0,1,0,0,0,0,3,1,-1,9,2,83,11,1339,1,12,HONDA JAZZ,5,-1,0,1
2024010507493,2024,010507493,2,9,0,99,99,9,9,99,99,9,9,99,9,99,1,9,6,6,3,-1,-1,1339,1,10,HONDA JAZZ,-1,-1,0,-1
2024351513109,2024,351513109,1,9,0,-1,3,1,7,-1,0,8,0,0,0,0,4,1,-1,6,1,59,9,1339,1,20,HONDA JAZZ,5,E01017951,0,1
2024141512043,2024,141512043,1,9,0,-1,19,2,6,-1,0,2,0,4,0,0,1,9,-1,6,2,71,10,1339,1,10,HONDA JAZZ,9,E01008048,0,1
2024547368224,2024,547368224,1,9,0,5,5,7,3,0,0,2,0,4,1,11,1,1,6,6,2,84,11,1339,1,15,HONDA JAZZ,5,E01032022,0,1
2024031514293,2024,031514293,1,9,0,-1,9,1,6,-1,0,2,0,0,0,0,1,1,-1,9,1,23,5,1318,1,6,HONDA JAZZ,7,E01019148,0,2
2024320248035,2024,320248035,1,9,0,11,11,8,4,0,0,5,1,0,1,9,1,1,-1,-1,2,23,5,1339,1,16,HONDA JAZZ,3,E01003524,0,5
2024471435124,2024,471435124,2,9,0,-1,19,7,3,-1,0,0,0,0,0,0,1,1,-1,6,2,65,9,1339,1,18,HONDA JAZZ,4,E01031605,0,1
2024548464924,2024,548464924,2,9,0,9,9,6,3,0,0,8,0,0,0,0,1,1,2,2,2,22,5,1339,1,13,HONDA JAZZ,10,E01032080,0,1
2024221532432,2024,221532432,1,9,0,-1,13,8,3,-1,0,0,0,0,0,0,4,1,-1,6,2,63,9,1339,1,18,HONDA JAZZ,-1,-1,0,-1
2024552401373,2024,552401373,1,9,0,18,19,1,5,0,0,8,0,0,0,0,1,1,6,6,1,46,8,1339,1,16,HONDA JAZZ,2,E01015273,0,1
2024052400971,2024,052400971,1,9,0,18,19,4,8,0,0,8,0,0,0,0,1,1,2,2,1,45,7,1339,1,17,HONDA JAZZ,1,E01006691,0,1
2024010487492,2024,010487492,1,9,0,10,10,2,7,0,0,8,0,0,0,0,2,1,2,2,1,41,7,1339,1,19,HONDA JAZZ,2,E01002793,0,1
2024061457557,2024,061457557,3,9,0,-1,19,7,3,-1,0,1,0,0,0,0,3,1,-1,9,2,70,10,1498,8,4,HONDA JAZZ,9,E01004789,0,1
2024471432572,2024,471432572,2,9,0,-1,11,8,4,-1,0,0,0,0,0,0,4,9,-1,6,1,65,9,1339,1,10,HONDA JAZZ,7,E01015368,0,4
2024411408911,2024,411408911,2,9,0,-1,19,8,4,-1,0,0,0,0,1,0,1,1,-1,2,2,42,7,1339,1,19,HONDA JAZZ,7,E01015803,0,4
2024061528237,2024,061528237,2,9,0,-1,9,-1,-1,-1,0,5,0,0,0,0,1,1,-1,6,2,-1,-1,1339,1,22,HONDA JAZZ,-1,-1,0,-1
2024010551190,2024,010551190,2,9,0,99,99,9,9,99,99,9,9,99,9,99,1,9,6,6,3,-1,-1,1198,1,15,HONDA JAZZ,-1,-1,0,-1
2024010543229,2024,010543229,1,9,9,99,99,9,9,99,99,9,9,99,9,99,9,9,6,6,1,73,10,1339,1,12,HONDA JAZZ,9,E01000687,0,1
2024070416159,2024,070416159,2,9,0,8,8,2,5,0,0,1,0,0,0,0,2,1,6,6,1,24,5,1339,1,18,HONDA JAZZ,10,E01018377,0,1
2024440309506,2024,440309506,1,9,0,5,5,8,4,0,0,1,0,0,0,0,1,1,6,6,2,28,6,1339,1,20,HONDA JAZZ,6,E01035451,0,1
2024440295108,2024,440295108,1,9,0,16,19,1,4,0,0,0,0,0,0,0,4,1,6,6,1,57,9,1339,1,10,HONDA JAZZ,7,E01017094,0,1
2024411456670,2024,411456670,1,9,-1,-1,-1,-1,-1,-1,-1,0,-1,-1,-1,0,1,9,-1,6,2,35,6,1339,1,18,HONDA JAZZ,10,E01023825,0,1
2024041533638,2024,041533638,2,9,0,-1,9,5,1,-1,0,1,0,0,0,0,3,1,-1,2,2,50,8,1339,1,17,HONDA JAZZ,7,E01025361,0,1
2024311470754,2024,311470754,2,9,0,-1,19,5,8,-1,0,8,0,0,0,0,1,1,-1,9,1,78,11,1339,1,14,HONDA JAZZ,6,E01019521,0,2
2024041504684,2024,041504684,1,9,0,-1,5,1,5,-1,0,6,1,0,0,0,4,1,-1,6,2,42,7,1339,8,12,HONDA JAZZ,4,E01025314,0,3
2024302400657,2024,302400657,1,9,0,17,19,5,3,0,0,8,0,0,0,0,3,1,6,6,2,73,10,1339,1,17,HONDA JAZZ,9,E01013704,0,4
2024122401046,2024,122401046,1,9,0,4,4,3,7,0,0,0,0,0,0,0,1,1,6,6,1,92,11,1339,1,12,HONDA JAZZ,9,E01027792,0,3
2024052402735,2024,052402735,1,9,0,9,9,4,2,0,0,1,0,0,0,0,3,1,6,6,3,-1,-1,1339,1,14,HONDA JAZZ,1,E01006697,0,2
2024411471536,2024,411471536,1,9,0,-1,19,6,8,-1,0,8,0,0,7,10,4,1,-1,1,2,36,7,1498,8,2,HONDA JAZZ,8,E01001523,0,4
2024201430831,2024,201430831,1,9,0,-1,19,1,5,-1,0,8,0,0,0,0,1,9,-1,6,2,41,7,1339,1,18,HONDA JAZZ,1,E01009979,0,1
2024070856955,2024,070856955,1,9,0,-1,19,1,5,-1,9,2,0,4,3,10,1,1,-1,6,2,84,11,1339,1,12,HONDA JAZZ,10,E01018663,0,1
2024411538987,2024,411538987,2,9,0,-1,9,-1,-1,-1,0,1,0,4,0,0,1,1,-1,6,1,-1,-1,1339,1,17,HONDA JAZZ,-1,-1,0,-1
2024211440921,2024,211440921,1,9,0,-1,19,2,6,-1,0,2,5,10,1,0,1,1,-1,9,1,93,11,1318,1,6,HONDA JAZZ,8,E01029762,0,1
2024141492212,2024,141492212,1,9,0,-1,9,3,1,-1,0,8,0,0,0,0,4,1,-1,9,2,85,11,1339,1,13,HONDA JAZZ,1,E01007768,0,1
2024010550407,2024,010550407,1,9,0,6,6,1,1,0,0,8,0,0,0,0,1,1,1,1,1,69,10,1339,1,19,HONDA JAZZ,9,E01000207,0,1
2024552401140,2024,552401140,1,9,0,9,9,3,1,0,0,6,0,0,3,11,1,1,6,6,2,84,11,1498,8,3,HONDA JAZZ,10,E01022981,0,1
2024430326587,2024,430326587,1,9,0,18,19,3,7,0,0,8,0,0,0,0,1,1,2,2,2,47,8,1339,1,9,HONDA JAZZ,10,E01016687,0,1
202417S413724,2024,17S413724,1,9,0,-1,19,4,8,-1,0,0,1,0,0,0,1,1,-1,9,1,47,8,1339,1,13,HONDA JAZZ,5,E01011465,0,4
2024122400771,2024,122400771,1,9,0,18,19,6,2,0,0,4,0,0,0,0,1,1,6,6,2,48,8,1339,1,14,HONDA JAZZ,9,E01011377,0,3
2024061452215,2024,061452215,1,9,0,-1,19,-1,-1,-1,0,0,1,0,0,0,3,1,-1,9,1,35,6,1339,1,12,HONDA JAZZ,1,E01005117,0,2
2024031414184,2024,031414184,1,9,0,-1,19,1,5,-1,0,0,0,0,0,0,1,1,-1,6,1,63,9,1339,1,15,HONDA JAZZ,1,E01019165,0,1
2024201445015,2024,201445015,2,9,0,-1,2,0,0,-1,0,0,0,0,0,0,1,9,-1,9,1,39,7,1339,1,17,HONDA JAZZ,2,E01033629,0,1
2024010503060,2024,010503060,1,9,0,99,99,9,9,99,99,5,9,99,9,99,2,9,6,6,2,49,8,1339,1,15,HONDA JAZZ,10,E01030837,0,3
2024231462907,2024,231462907,1,9,0,-1,19,2,6,-1,0,8,0,0,7,10,1,1,-1,6,1,77,11,1339,1,11,HONDA JAZZ,3,E01031321,0,2
2024122400756,2024,122400756,1,9,0,18,19,5,1,0,0,1,0,0,0,0,1,1,6,6,1,73,10,1498,8,2,HONDA JAZZ,10,E01013060,0,2
2024430170629,2024,430170629,1,9,0,17,19,1,6,0,0,0,1,0,1,9,1,1,6,6,2,21,5,1339,1,19,HONDA JAZZ,-1,-1,0,-1
2024041470282,2024,041470282,1,9,0,-1,9,8,5,-1,0,0,0,0,0,0,1,1,-1,9,1,20,4,1339,1,19,HONDA JAZZ,-1,-1,0,-1
2024451424079,2024,451424079,1,9,0,-1,19,7,3,-1,0,1,5,0,0,0,4,1,-1,9,2,53,8,1339,1,10,HONDA JAZZ,7,E01030562,0,1
2024010507705,2024,010507705,2,9,0,99,99,9,9,99,99,9,9,99,9,99,9,9,6,6,3,-1,-1,1339,8,13,HONDA JAZZ,-1,-1,0,-1
2024501439158,2024,501439158,1,9,0,-1,7,6,2,-1,0,5,0,0,0,0,4,1,-1,1,1,74,10,1339,1,21,HONDA JAZZ,8,E01020266,0,1
2024991473704,2024,991473704,1,9,0,-1,9,1,6,-1,0,5,0,0,0,0,3,1,-1,9,2,62,9,1318,1,9,HONDA JAZZ,10,-1,0,1
2024201551785,2024,201551785,1,9,0,-1,19,6,2,-1,0,0,1,0,0,0,1,1,-1,9,2,85,11,1318,1,7,HONDA JAZZ,-1,-1,0,-1
2024010546098,2024,010546098,2,9,9,99,99,9,9,99,99,4,9,99,9,99,9,9,6,6,2,24,5,1330,8,11,HONDA JAZZ,5,E01003628,0,1
2024471414244,2024,471414244,3,9,0,-1,19,3,7,-1,0,0,0,0,0,0,3,1,-1,6,1,71,10,1498,8,3,HONDA JAZZ,6,E01031632,0,2
2024061457480,2024,061457480,2,9,0,-1,19,6,2,-1,0,4,0,0,0,0,1,1,-1,9,1,80,11,1339,1,15,HONDA JAZZ,9,E01004842,0,1
2024622400143,2024,622400143,1,9,0,5,5,8,4,0,0,0,0,0,0,0,1,1,6,6,1,28,6,1339,1,15,HONDA JAZZ,3,W01001870,0,1
2024010519312,2024,010519312,1,9,0,18,19,8,4,0,0,7,0,0,0,0,1,1,6,6,1,-1,-1,1339,1,19,HONDA JAZZ,-1,-1,0,-1
2024451480952,2024,451480952,3,9,0,-1,19,1,4,-1,0,0,0,0,0,0,1,1,-1,6,2,22,5,1339,1,19,HONDA JAZZ,7,E01030527,0,1
2024052401689,2024,052401689,1,9,0,18,19,2,6,0,0,0,5,0,0,0,1,1,1,1,2,39,7,1339,1,21,HONDA JAZZ,3,E01018548,0,1
202460Q032527,2024,60Q032527,1,9,0,18,19,3,7,0,0,0,0,0,0,0,4,1,6,6,1,87,11,1318,1,6,HONDA JAZZ,-1,-1,0,-1
2024010520627,2024,010520627,2,9,0,18,19,3,7,0,0,0,0,4,0,0,1,1,6,6,2,72,10,1318,1,8,HONDA JAZZ,9,E01001121,0,2
2024411408857,2024,411408857,2,9,0,-1,4,1,5,-1,0,0,0,0,0,0,2,1,-1,9,1,68,10,1498,8,2,HONDA JAZZ,10,E01030839,0,4
2024421506111,2024,421506111,2,9,0,-1,19,6,2,-1,0,0,0,0,0,0,2,1,-1,9,1,80,11,1339,1,10,HONDA JAZZ,6,E01021398,0,1
2024471504778,2024,471504778,1,9,0,-1,19,2,6,-1,0,0,0,0,0,0,1,1,-1,6,2,82,11,1339,1,12,HONDA JAZZ,7,E01031382,0,2
2024201494361,2024,201494361,1,9,0,-1,19,5,1,-1,0,0,0,0,0,0,3,1,-1,9,2,76,11,1198,1,14,HONDA JAZZ,3,E01009184,0,1
2024101439340,2024,101439340,1,9,0,-1,19,7,3,-1,0,0,0,9,3,0,1,2,-1,6,2,83,11,1318,1,7,HONDA JAZZ,10,E01027401,0,1
2024411402027,2024,411402027,2,9,0,-1,14,3,7,-1,0,0,0,0,0,0,1,9,-1,6,1,42,7,1339,1,13,HONDA JAZZ,10,E01023523,0,1
2024010539116,2024,010539116,2,9,0,99,99,9,9,99,99,9,9,99,9,99,1,9,6,6,2,25,5,1339,1,18,HONDA JAZZ,2,E01003253,0,2
2024161507389,2024,161507389,1,9,0,-1,19,4,2,-1,0,0,0,0,7,0,1,9,-1,6,2,44,7,1339,1,19,HONDA JAZZ,10,E01013068,0,1
2024371502742,2024,371502742,1,9,0,-1,5,2,3,-1,0,0,0,0,0,0,0,1,-1,6,1,86,11,1498,8,1,HONDA JAZZ,8,E01029957,0,1
2024010530020,2024,010530020,2,9,0,3,3,1,5,0,0,1,0,0,0,0,1,1,6,6,1,66,10,1339,1,13,HONDA JAZZ,3,E01034201,0,1
2024201431625,2024,201431625,2,9,0,-1,3,8,4,-1,0,1,0,0,0,0,2,1,-1,9,2,36,7,1246,1,17,HONDA JAZZ,1,E01009024,0,2
2024451434294,2024,451434294,1,9,0,-1,19,5,1,-1,-1,0,0,0,0,0,1,1,-1,9,2,39,7,1339,1,17,HONDA JAZZ,6,E01030957,0,1
2024471445183,2024,471445183,1,9,0,-1,9,1,5,-1,0,8,0,0,0,0,1,1,-1,9,2,41,7,1318,1,6,HONDA JAZZ,7,E01015486,0,5
2024131492543,2024,131492543,2,9,0,-1,19,1,5,-1,0,8,0,0,0,0,1,1,-1,9,2,55,8,1318,1,7,HONDA JAZZ,6,E01011802,0,1
2024371400577,2024,371400577,2,9,0,-1,3,4,8,-1,0,8,0,0,0,0,2,1,-1,9,2,52,8,1339,1,13,HONDA JAZZ,8,E01030047,0,1
2024622400185,2024,622400185,1,9,0,5,5,7,3,0,0,1,0,0,0,0,1,1,6,6,2,39,7,1339,1,16,HONDA JAZZ,6,W01001878,0,1
2024320032226,2024,320032226,1,9,0,-1,-1,7,3,0,0,0,0,0,0,0,1,1,6,6,2,78,11,1339,1,13,HONDA JAZZ,10,E01026395,0,1
2024411457511,2024,411457511,1,9,-1,-1,-1,-1,-1,-1,-1,0,-1,-1,-1,0,-1,9,-1,6,2,87,11,1318,1,9,HONDA JAZZ,2,E01023860,0,1
2024052401350,2024,052401350,2,9,0,18,19,6,2,0,0,8,0,0,0,0,3,1,6,6,2,75,10,1339,1,13,HONDA JAZZ,8,E01006580,0,1
2024371438391,2024,371438391,2,9,0,-1,19,8,5,-1,0,3,0,0,0,0,1,1,-1,6,2,82,11,1339,1,10,HONDA JAZZ,8,E01030144,0,1
2024010492974,2024,010492974,1,9,0,18,19,1,5,0,0,8,0,0,0,0,1,1,3,7,2,45,7,1339,1,18,HONDA JAZZ,6,E01002138,0,2
2024010528386,2024,010528386,2,9,0,99,99,9,9,99,99,9,9,99,9,99,9,9,6,6,3,34,6,1330,8,11,HONDA JAZZ,-1,-1,0,-1
202460Q080248,2024,60Q080248,1,9,0,5,5,5,1,0,0,0,0,0,0,0,0,1,6,6,2,78,11,1339,1,10,HONDA JAZZ,-1,-1,0,-1
2024201456493,2024,201456493,2,9,0,-1,4,1,5,-1,0,0,0,0,0,0,2,1,-1,6,2,45,7,1339,1,15,HONDA JAZZ,1,E01034916,0,1
2024131526912,2024,131526912,1,9,0,-1,8,5,1,-1,0,1,0,0,0,0,2,1,-1,1,1,50,8,1339,1,17,HONDA JAZZ,1,E01010966,0,2
2024010518586,2024,010518586,3,9,0,2,2,0,0,0,0,2,0,0,0,0,4,1,6,6,3,-1,-1,1339,1,19,HONDA JAZZ,-1,-1,0,-1
2024520402299,2024,520402299,2,9,0,18,19,1,5,0,0,2,0,0,0,0,1,1,6,6,1,47,8,1339,1,16,HONDA JAZZ,1,E01029100,0,1
2024991522725,2024,991522725,1,9,0,-1,9,1,7,-1,0,6,0,0,0,0,1,1,-1,2,2,61,9,1339,1,12,HONDA JAZZ,2,-1,0,1
2024311506563,2024,311506563,1,9,0,-1,10,5,5,-1,0,1,0,0,0,0,0,1,-1,6,2,32,6,1339,1,21,HONDA JAZZ,1,E01028311,0,1
2024122400416,2024,122400416,1,9,0,18,19,1,5,0,0,0,0,0,0,0,1,1,6,6,2,88,11,1339,1,10,HONDA JAZZ,10,E01027662,0,1
2024471403331,2024,471403331,1,9,0,-1,19,3,7,-1,0,0,0,0,0,0,1,1,-1,7,2,47,8,1339,1,16,HONDA JAZZ,1,E01016895,0,1
2024552401302,2024,552401302,1,9,0,18,19,2,6,0,0,0,0,0,0,0,1,1,6,6,1,57,9,1339,1,21,HONDA JAZZ,5,E01020353,0,1
2024411429944,2024,411429944,1,9,-1,-1,-1,-1,-1,-1,-1,-1,-1,-1,-1,0,-1,9,-1,6,2,77,11,1339,1,10,HONDA JAZZ,8,E01033028,0,3
2024010545281,2024,010545281,1,9,0,18,19,5,1,0,0,1,1,0,0,0,1,1,6,6,1,42,7,1339,1,19,HONDA JAZZ,7,E01001195,0,2
2024401441132,2024,401441132,2,9,0,-1,19,7,3,-1,0,1,0,0,0,0,1,1,-1,6,2,43,7,1339,1,19,HONDA JAZZ,3,E01017618,0,1
2024361518565,2024,361518565,1,9,0,-1,19,3,7,-1,0,1,0,0,7,11,4,1,-1,9,2,75,10,1498,8,2,HONDA JAZZ,4,E01026744,0,1