collision_index,collision_year,collision_ref_no,vehicle_reference,vehicle_type,towing_and_articulation,vehicle_manoeuvre_historic,vehicle_manoeuvre,vehicle_direction_from,vehicle_direction_to,vehicle_location_restricted_lane_historic,vehicle_location_restricted_lane,junction_location,skidding_and_overturning,hit_object_in_carriageway,vehicle_leaving_carriageway,hit_object_off_carriageway,first_point_of_impact,vehicle_left_hand_drive,journey_purpose_of_driver_historic,journey_purpose_of_driver,sex_of_driver,age_of_driver,age_band_of_driver,engine_capacity_cc,propulsion_code,age_of_vehicle,generic_make_model,driver_imd_decile,lsoa_of_driver,escooter_flag,driver_distance_banding
2024010517993,2024,010517993,1,9,0,18,19,7,3,0,0,0,0,0,0,0,0,1,6,6,2,54,8,1339,8,12,HONDA JAZZ,3,E01033944,0,1
2024531476213,2024,531476213,2,9,0,-1,19,1,5,-1,0,0,1,0,0,0,3,1,-1,9,2,28,6,1339,1,12,HONDA JAZZ,8,E01018224,0,5
2024122400848,2024,122400848,2,9,0,18,19,3,7,0,0,8,0,0,2,11,3,1,6,6,1,88,11,1339,1,9,HONDA JAZZ,8,E01027682,0,2
2024311406611,2024,311406611,1,9,0,-1,9,8,4,-1,0,2,0,0,0,0,1,1,-1,9,2,43,7,1339,1,16,HONDA JAZZ,5,E01028076,0,1
2024010498832,2024,010498832,1,9,0,99,99,9,9,99,99,9,9,99,9,99,2,9,6,6,1,44,7,1318,1,8,HONDA JAZZ,4,E01003224,0,2
2024451444262,2024,451444262,1,9,0,-1,19,1,1,-1,0,0,0,0,0,0,1,1,-1,9,2,23,5,1246,1,19,HONDA JAZZ,3,E01017227,0,4
2024501492112,2024,501492112,2,9,0,-1,19,1,5,-1,0,8,0,0,0,0,1,1,-1,9,1,71,10,1339,1,19,HONDA JAZZ,6,E01015225,0,1
2024201519653,2024,201519653,2,9,0,-1,19,4,8,-1,0,1,0,0,0,0,1,1,-1,6,1,25,5,1339,1,19,HONDA JAZZ,2,E01009795,0,3
2024991480298,2024,991480298,2,9,0,-1,19,7,3,-1,0,1,0,0,0,0,2,1,-1,9,1,37,7,1339,1,16,HONDA JAZZ,2,-1,0,1
2024010544700,2024,010544700,1,9,0,99,99,9,9,99,99,9,9,99,9,99,2,9,6,6,3,-1,-1,1339,1,17,HONDA JAZZ,-1,-1,0,-1
2024552401370,2024,552401370,2,9,0,16,19,2,4,0,0,0,0,10,0,0,4,1,6,6,2,58,9,1318,1,8,HONDA JAZZ,9,E01020373,0,1
2024201440675,2024,201440675,2,9,0,-1,19,8,4,-1,0,8,0,0,0,0,3,1,-1,9,1,26,6,1339,1,10,HONDA JAZZ,3,E01029635,0,1
2024471451708,2024,471451708,1,9,0,-1,9,7,5,-1,0,6,0,0,0,0,1,1,-1,6,1,92,11,1339,1,10,HONDA JAZZ,9,E01021124,0,1
2024421435132,2024,421435132,1,9,0,-1,7,7,1,-1,0,6,0,0,0,0,1,1,-1,6,3,-1,-1,1339,1,19,HONDA JAZZ,-1,-1,0,-1
2024010549943,2024,010549943,2,9,0,18,19,5,1,0,0,1,0,0,0,0,2,1,6,6,2,56,9,1339,1,19,HONDA JAZZ,3,E01000128,0,1
2024991435667,2024,991435667,1,9,0,-1,19,2,6,-1,0,0,0,0,0,0,1,1,-1,6,2,48,8,1318,1,6,HONDA JAZZ,1,-1,0,1
2024411445626,2024,411445626,2,9,0,-1,19,2,7,-1,0,1,1,0,0,0,1,1,-1,2,1,62,9,1339,1,19,HONDA JAZZ,6,E01023855,0,3
2024320221901,2024,320221901,1,9,0,-1,-1,6,2,0,0,0,0,0,0,0,1,1,6,6,1,86,11,1318,1,4,HONDA JAZZ,9,E01026226,0,1
2024010559015,2024,010559015,2,9,0,99,99,9,9,99,99,9,9,99,9,99,2,9,6,6,3,-1,-1,1339,1,15,HONDA JAZZ,-1,-1,0,-1
2024430067740,2024,430067740,1,9,0,18,19,2,6,0,0,6,0,0,0,0,1,1,2,2,1,47,8,1339,1,19,HONDA JAZZ,6,E01016469,0,1
2024141481032,2024,141481032,1,9,0,-1,19,2,6,-1,0,5,0,0,0,0,4,1,-1,9,2,42,7,1498,8,3,HONDA JAZZ,2,E01008072,0,1
2024141456193,2024,141456193,1,9,0,-1,10,6,4,-1,0,1,0,0,0,0,2,1,-1,6,1,52,8,1318,1,6,HONDA JAZZ,1,E01008061,0,2
2024451458142,2024,451458142,2,9,0,-1,99,6,2,-1,0,0,9,0,0,0,4,1,-1,6,1,63,9,1318,1,9,HONDA JAZZ,3,E01031856,0,4
2024501474802,2024,501474802,2,9,0,-1,19,1,7,-1,0,0,0,0,0,0,1,1,-1,9,1,62,9,1318,1,4,HONDA JAZZ,4,E01010866,0,5
2024991418351,2024,991418351,4,9,0,-1,4,8,4,-1,0,0,0,0,0,0,2,1,-1,2,1,23,5,1198,1,11,HONDA JAZZ,-1,-1,0,-1
2024991431162,2024,991431162,1,9,0,-1,9,5,3,-1,0,6,0,0,0,0,3,1,-1,6,1,47,8,1339,1,14,HONDA JAZZ,7,-1,0,1
2024131494428,2024,131494428,1,9,0,-1,19,1,5,-1,0,0,5,0,0,0,1,1,-1,9,1,83,11,1498,8,4,HONDA JAZZ,7,E01011072,0,1
2024211490017,2024,211490017,2,9,0,-1,19,7,3,-1,0,4,0,0,0,0,3,1,-1,6,2,69,10,1318,1,8,HONDA JAZZ,-1,-1,0,-1
2024421408781,2024,421408781,1,9,0,-1,4,3,7,-1,0,4,0,0,0,0,1,1,-1,6,3,-1,-1,1339,1,13,HONDA JAZZ,-1,-1,0,-1
2024631453595,2024,631453595,1,9,0,-1,19,5,8,-1,0,0,0,0,8,1,1,1,-1,9,2,66,10,1318,1,8,HONDA JAZZ,3,W01000695,0,5
2024131429360,2024,131429360,3,9,0,-1,2,0,0,-1,0,2,0,0,0,0,1,1,-1,6,-1,-1,-1,1318,1,7,HONDA JAZZ,-1,-1,0,-1
2024501396524,2024,501396524,3,9,0,-1,2,0,0,-1,0,1,0,0,0,0,2,9,-1,6,2,31,6,1339,1,16,HONDA JAZZ,2,E01015171,0,1
2024552401276,2024,552401276,1,9,0,18,19,3,7,0,0,4,0,0,0,0,1,1,6,6,2,84,11,1318,1,6,HONDA JAZZ,7,E01015348,0,1
2024010525515,2024,010525515,2,9,0,99,99,9,9,99,99,9,9,99,9,99,9,9,6,6,3,-1,-1,1198,1,14,HONDA JAZZ,-1,-1,0,-1
2024041412664,2024,041412664,2,9,0,-1,19,5,1,-1,0,0,0,0,0,0,2,1,-1,9,1,85,11,1498,8,3,HONDA JAZZ,3,E01024884,0,3
2024201528691,2024,201528691,1,9,0,-1,9,5,3,-1,0,6,0,0,7,0,4,9,-1,6,3,-1,-1,1339,1,19,HONDA JAZZ,-1,-1,0,-1
2024201458450,2024,201458450,1,9,0,-1,19,7,4,-1,0,2,0,0,0,0,1,1,-1,6,1,65,9,1318,1,7,HONDA JAZZ,8,E01010222,0,2
2024010513071,2024,010513071,1,9,0,99,99,9,9,99,99,9,9,99,9,99,2,9,6,6,1,35,6,1339,1,11,HONDA JAZZ,5,E01004016,0,1
2024010516767,2024,010516767,1,9,0,99,99,9,9,99,99,9,9,99,9,99,2,9,6,6,1,30,6,1318,1,7,HONDA JAZZ,6,E01033494,0,1
2024522401239,2024,522401239,1,9,0,13,13,3,7,0,0,8,0,0,0,0,4,1,6,6,1,92,11,1498,8,2,HONDA JAZZ,1,E01014638,0,2
2024061456071,2024,061456071,1,9,0,-1,19,3,7,-1,0,0,0,0,0,0,2,1,-1,2,2,29,6,1318,1,7,HONDA JAZZ,7,E01005858,0,2
202460Q161192,2024,60Q161192,2,9,0,9,9,3,7,0,0,1,0,0,0,0,3,1,2,2,2,80,11,1339,1,17,HONDA JAZZ,-1,-1,0,-1
2024010529963,2024,010529963,1,9,0,99,99,9,9,99,99,9,9,99,9,99,9,9,6,6,3,-1,-1,1318,1,5,HONDA JAZZ,-1,-1,0,-1
2024552400403,2024,552400403,1,9,0,18,19,2,6,0,0,8,0,0,0,0,1,1,6,6,2,66,10,1198,1,12,HONDA JAZZ,1,E01020582,0,1
2024440262590,2024,440262590,1,9,0,3,3,3,5,0,0,1,0,0,0,0,3,1,1,1,1,43,7,1498,1,6,HONDA JAZZ,3,E01032738,0,1
2024451404515,2024,451404515,1,9,0,-1,19,7,3,-1,0,0,0,0,0,0,4,1,-1,9,2,70,10,1498,8,4,HONDA JAZZ,10,E01030498,0,1
2024041441984,2024,041441984,1,9,0,-1,19,7,3,-1,0,8,0,0,0,0,1,1,-1,9,1,56,9,1339,1,15,HONDA JAZZ,9,E01025256,0,1
2024552401397,2024,552401397,1,9,0,16,19,3,6,0,0,0,0,0,0,0,1,1,6,6,1,67,10,1246,1,17,HONDA JAZZ,4,E01020438,0,1
2024451517943,2024,451517943,2,9,0,-1,5,5,1,-1,0,8,0,0,0,0,1,1,-1,7,1,39,7,1339,1,11,HONDA JAZZ,10,E01030374,0,1
2024061464757,2024,061464757,1,9,0,-1,4,-1,-1,-1,0,1,0,0,0,0,1,1,-1,9,2,23,5,1339,1,17,HONDA JAZZ,1,E01005089,0,1
2024010525941,2024,010525941,3,9,0,18,19,3,7,0,0,3,0,0,0,0,3,1,6,6,1,53,8,1339,1,20,HONDA JAZZ,2,E01004272,0,1
2024501436680,2024,501436680,1,9,0,-1,19,3,7,-1,0,0,0,0,0,0,1,1,-1,6,1,51,8,1339,1,13,HONDA JAZZ,2,E01019034,0,3
2024411491032,2024,411491032,1,9,0,-1,7,2,6,-1,0,3,0,0,7,1,3,1,-1,9,2,80,11,1318,1,6,HONDA JAZZ,9,E01023352,0,2
2024361429851,2024,361429851,1,9,0,-1,19,1,2,-1,0,0,0,0,0,0,1,1,-1,2,2,25,5,1339,1,20,HONDA JAZZ,-1,-1,0,-1
2024221506858,2024,221506858,1,9,0,-1,13,2,6,-1,0,0,0,10,1,2,4,1,-1,9,2,81,11,1498,8,3,HONDA JAZZ,5,E01028870,0,3
2024061475845,2024,061475845,1,9,0,-1,19,1,5,-1,0,1,0,0,0,0,1,9,-1,2,1,55,8,1198,1,15,HONDA JAZZ,1,E01034121,0,1
2024461448433,2024,461448433,1,9,0,-1,9,3,1,-1,0,8,0,10,0,0,4,9,-1,6,1,27,6,1339,1,15,HONDA JAZZ,4,E01034985,0,1
2024052401764,2024,052401764,1,9,0,9,9,5,3,0,0,1,0,0,0,0,4,1,6,6,2,34,6,1330,8,11,HONDA JAZZ,2,E01034833,0,1
2024361398574,2024,361398574,1,9,0,-1,19,1,5,-1,0,8,0,0,1,0,3,9,-1,9,2,71,10,1498,8,4,HONDA JAZZ,10,E01009815,0,5
2024131428744,2024,131428744,2,9,0,-1,19,3,7,-1,0,1,0,0,0,0,1,1,-1,9,1,20,4,1246,1,18,HONDA JAZZ,1,E01010674,0,1
2024010499667,2024,010499667,2,9,0,99,99,9,9,99,99,9,9,99,9,99,1,9,6,6,3,-1,-1,1330,8,13,HONDA JAZZ,-1,-1,0,-1
2024332400943,2024,332400943,2,9,0,-1,19,1,5,-1,0,0,0,0,0,0,1,1,-1,6,1,44,7,1339,1,12,HONDA JAZZ,5,E01013608,0,1
2024010516010,2024,010516010,2,9,0,18,19,1,5,0,0,0,0,0,0,0,1,1,2,2,1,31,6,1246,1,16,HONDA JAZZ,2,E01000483,0,1
2024451527382,2024,451527382,2,9,0,-1,19,3,7,-1,0,0,0,0,0,0,1,1,-1,9,1,64,9,1498,8,4,HONDA JAZZ,7,E01030466,0,2
2024141515816,2024,141515816,2,9,0,-1,3,4,7,-1,0,0,0,0,0,0,2,1,-1,9,2,72,10,1339,1,11,HONDA JAZZ,2,E01026378,0,3
2024411427480,2024,411427480,1,9,0,-1,19,1,5,-1,0,0,0,0,0,0,4,1,-1,6,1,60,9,1339,1,13,HONDA JAZZ,10,E01023448,0,1
2024430357961,2024,430357961,2,9,0,2,2,0,0,0,0,0,0,0,0,0,1,1,6,6,3,77,11,1318,1,4,HONDA JAZZ,-1,-1,0,-1
2024542594424,2024,542594424,3,9,0,3,3,3,1,0,0,1,0,0,0,0,1,1,2,2,2,26,6,1339,1,15,HONDA JAZZ,1,E01015538,0,2
2024221461779,2024,221461779,1,9,0,-1,19,3,7,-1,0,0,1,0,1,4,3,1,-1,6,1,33,6,1339,1,18,HONDA JAZZ,2,E01010449,0,3
2024421506220,2024,421506220,2,9,0,-1,9,5,2,-1,0,6,0,0,0,0,3,1,-1,9,2,41,7,1330,8,13,HONDA JAZZ,10,E01015885,0,1
2024010532911,2024,010532911,1,9,0,18,19,1,5,0,0,2,0,7,1,10,1,1,6,6,1,68,10,1339,1,12,HONDA JAZZ,2,E01004239,0,1
2024010532086,2024,010532086,1,9,0,5,5,3,7,0,0,2,0,0,7,0,3,1,6,6,2,81,11,1339,1,14,HONDA JAZZ,10,E01023840,0,1
2024451528762,2024,451528762,3,9,0,-1,4,7,3,-1,0,1,0,0,0,0,1,1,-1,9,1,68,10,1498,8,1,HONDA JAZZ,5,E01030557,0,3
2024552400324,2024,552400324,2,9,0,18,19,3,7,0,0,0,0,0,0,0,1,1,6,6,2,52,8,1339,1,10,HONDA JAZZ,5,E01029183,0,2
2024010526074,2024,010526074,2,9,0,16,19,3,7,0,0,1,0,4,7,11,1,1,6,6,2,82,11,1498,8,3,HONDA JAZZ,10,E01003802,0,1
2024351423155,2024,351423155,3,9,0,-1,2,0,0,-1,0,0,0,0,0,0,0,1,-1,6,-1,-1,-1,1339,8,12,HONDA JAZZ,-1,-1,0,-1
2024010517904,2024,010517904,2,9,0,18,19,1,5,0,0,8,0,0,0,0,4,1,6,6,1,43,7,1339,1,17,HONDA JAZZ,2,E01003501,0,1
2024430068163,2024,430068163,2,9,0,5,5,4,8,0,0,0,0,0,0,0,4,1,6,6,1,28,6,1339,1,19,HONDA JAZZ,-1,-1,0,-1
2024471509524,2024,471509524,1,9,0,-1,19,8,4,-1,0,0,0,0,0,0,1,1,-1,9,2,73,10,1498,8,3,HONDA JAZZ,3,E01031483,0,1
2024332400575,2024,332400575,2,9,0,-1,19,4,8,-1,0,0,0,0,1,0,2,1,-1,9,2,34,6,1339,1,15,HONDA JAZZ,8,E01025719,0,1
2024461478942,2024,461478942,1,9,0,-1,19,5,1,-1,0,0,1,0,7,0,1,1,-1,9,2,63,9,1339,1,9,HONDA JAZZ,4,E01004617,0,4
2024451462440,2024,451462440,1,9,0,-1,19,3,1,-1,0,1,0,0,0,0,2,1,-1,9,2,86,11,1318,1,8,HONDA JAZZ,10,E01030372,0,1
2024010506547,2024,010506547,1,9,0,18,19,3,7,0,0,4,0,0,0,0,1,1,6,6,1,77,11,1339,1,20,HONDA JAZZ,10,E01004157,0,1
2024010534497,2024,010534497,2,9,0,14,14,5,1,0,0,8,0,0,0,0,1,1,6,6,1,35,6,1339,1,16,HONDA JAZZ,3,E01035681,0,3
2024010544715,2024,010544715,1,9,0,18,19,5,1,0,0,8,0,0,0,0,1,1,6,6,1,32,6,1330,8,11,HONDA JAZZ,5,E01024179,0,3
2024141428044,2024,141428044,1,9,0,-1,19,3,8,-1,0,4,0,0,0,0,2,9,-1,6,3,-1,-1,1318,1,8,HONDA JAZZ,-1,-1,0,-1
2024010547444,2024,010547444,2,9,0,99,99,9,9,99,99,0,9,99,9,99,1,9,6,6,3,47,8,1318,1,6,HONDA JAZZ,4,E01001167,0,1
2024522403276,2024,522403276,2,9,0,9,9,8,5,0,0,6,0,0,0,0,1,1,6,6,1,-1,-1,1318,1,8,HONDA JAZZ,-1,-1,0,-1
2024552400393,2024,552400393,1,9,0,15,15,8,4,0,0,8,0,0,0,0,1,1,6,6,1,72,10,1318,1,6,HONDA JAZZ,8,E01015298,0,1
2024141411050,2024,141411050,1,9,0,-1,19,5,1,-1,0,0,0,0,0,0,3,1,-1,9,1,51,8,1339,1,12,HONDA JAZZ,6,E01007586,0,2
2024010511140,2024,010511140,1,9,0,18,19,5,1,0,0,0,0,0,0,0,1,1,2,2,1,52,8,1339,1,18,HONDA JAZZ,4,E01001704,0,1
2024311526802,2024,311526802,1,9,0,-1,19,1,5,-1,0,0,0,0,1,0,1,1,-1,9,1,78,11,1498,8,3,HONDA JAZZ,-1,-1,0,-1
2024010538778,2024,010538778,2,9,0,4,4,7,3,0,0,0,0,0,0,0,2,1,6,6,2,28,6,1339,1,11,HONDA JAZZ,2,E01000102,0,3
2024221449069,2024,221449069,1,9,0,-1,19,4,1,-1,0,0,0,0,0,0,1,1,-1,9,2,66,10,1318,1,5,HONDA JAZZ,6,E01031884,0,4
2024461520226,2024,461520226,1,9,0,-1,19,5,1,-1,0,0,5,7,0,0,1,1,-1,9,1,76,11,1318,1,9,HONDA JAZZ,10,E01024837,0,2
2024531509384,2024,531509384,1,9,0,-1,19,1,5,-1,0,1,0,0,0,0,1,1,-1,6,2,41,7,1339,1,20,HONDA JAZZ,2,E01022332,0,1
2024010543915,2024,010543915,2,9,0,4,4,1,5,0,0,0,0,0,0,0,3,1,6,6,1,68,10,1318,1,5,HONDA JAZZ,3,E01003237,0,1
2024440550370,2024,440550370,1,9,0,9,9,1,7,0,0,6,0,0,0,0,1,1,6,6,1,-1,-1,1339,1,15,HONDA JAZZ,3,E01022908,0,3
2024461473063,2024,461473063,1,9,0,-1,7,7,3,-1,0,2,0,0,0,0,4,1,-1,9,2,83,11,1339,1,17,HONDA JAZZ,1,E01024666,0,1
2024311398808,2024,311398808,2,9,0,-1,19,3,7,-1,0,0,0,0,0,0,3,1,-1,6,2,68,10,1339,1,18,HONDA JAZZ,1,E01028281,0,2
2024010505765,2024,010505765,2,9,0,99,99,9,9,99,99,9,9,99,9,99,9,9,6,6,3,-1,-1,1246,1,17,HONDA JAZZ,-1,-1,0,-1
2024010536443,2024,010536443,1,9,0,9,9,3,1,0,0,8,0,0,0,0,1,1,3,7,2,41,7,1339,1,21,HONDA JAZZ,7,E01030840,0,3
2024302500176,2024,302500176,1,9,0,-1,9,7,5,-1,0,0,0,0,0,0,1,1,-1,9,2,88,11,1339,1,18,HONDA JAZZ,3,E01028258,0,2
2024320628533,2024,320628533,2,9,0,-1,-1,8,4,0,0,8,0,0,0,0,4,1,6,6,1,36,7,1339,1,18,HONDA JAZZ,1,E01026010,0,1
2024010529315,2024,010529315,4,9,0,2,2,0,0,0,0,1,0,0,0,0,1,1,6,6,3,-1,-1,1339,1,17,HONDA JAZZ,-1,-1,0,-1
2024010518101,2024,010518101,2,9,0,4,4,5,1,0,0,0,0,0,0,0,2,1,6,6,2,42,7,1339,1,14,HONDA JAZZ,6,E01003002,0,1
2024547152024,2024,547152024,1,9,0,18,19,8,4,0,0,0,0,0,0,0,2,1,6,6,1,80,11,1198,1,12,HONDA JAZZ,8,E01031861,0,4
2024061521164,2024,061521164,1,9,0,-1,7,8,3,-1,9,2,0,0,1,0,1,1,-1,9,2,37,7,1330,8,11,HONDA JAZZ,8,E01004982,0,1
2024552401483,2024,552401483,1,9,0,18,19,4,8,0,0,0,0,0,0,0,2,1,2,2,2,29,6,1339,1,17,HONDA JAZZ,2,E01015290,0,1
2024041445267,2024,041445267,3,9,0,-1,4,3,7,-1,0,0,0,0,1,0,2,1,-1,9,2,32,6,1198,1,14,HONDA JAZZ,2,E01025037,0,2
2024401447198,2024,401447198,2,9,0,-1,2,0,0,-1,0,1,0,0,0,0,4,1,-1,9,1,-1,-1,1339,1,16,HONDA JAZZ,-1,-1,0,-1
2024201454312,2024,201454312,1,9,0,-1,10,5,3,-1,0,8,0,10,3,0,4,1,-1,9,2,52,8,1339,1,18,HONDA JAZZ,1,E01010102,0,1
2024501420423,2024,501420423,1,9,0,-1,19,2,6,-1,0,0,0,0,0,0,1,1,-1,9,1,30,6,1339,1,17,HONDA JAZZ,6,E01020121,0,2
2024451486080,2024,451486080,1,9,0,-1,7,3,5,-1,0,8,5,0,1,1,1,1,-1,9,1,13,3,1339,1,18,HONDA JAZZ,10,E01030344,0,1
2024991423657,2024,991423657,2,9,0,-1,19,8,5,-1,0,1,0,0,0,0,1,1,-1,1,1,62,9,1318,1,6,HONDA JAZZ,2,-1,0,2
2024461532550,2024,461532550,1,9,0,-1,9,1,6,-1,0,1,0,7,0,0,3,1,-1,6,2,73,10,1339,1,16,HONDA JAZZ,6,E01024346,0,2
2024340WN1862,2024,340WN1862,2,9,0,-1,19,1,5,-1,0,3,1,0,1,0,4,1,-1,9,2,54,8,1498,8,2,HONDA JAZZ,7,E01027162,0,1
2024501502821,2024,501502821,1,9,0,-1,19,5,1,-1,0,0,2,0,0,0,1,1,-1,1,2,37,7,1339,1,21,HONDA JAZZ,4,E01019916,0,3
2024201512184,2024,201512184,1,9,0,-1,19,2,6,-1,0,0,0,0,0,0,2,9,-1,9,3,-1,-1,1339,1,20,HONDA JAZZ,-1,-1,0,-1
2024411540836,2024,411540836,2,9,0,-1,19,5,1,-1,0,0,0,0,0,0,1,1,-1,6,1,42,7,1339,1,14,HONDA JAZZ,10,E01035141,0,5
2024070973952,2024,070973952,2,9,0,-1,19,1,5,-1,0,8,0,0,0,0,1,1,-1,9,2,73,10,1498,8,2,HONDA JAZZ,10,E01018377,0,2
2024361469822,2024,361469822,1,9,0,-1,9,5,3,-1,0,8,0,0,0,0,1,1,-1,6,1,50,8,1339,1,15,HONDA JAZZ,8,E01026932,0,1
2024522402703,2024,522402703,2,9,0,18,19,1,5,0,0,8,0,0,0,0,1,1,6,6,1,37,7,1339,1,15,HONDA JAZZ,1,E01032518,0,1
2024421531517,2024,421531517,2,9,0,-1,19,7,3,-1,0,4,0,0,0,0,1,1,-1,9,1,28,6,1246,1,17,HONDA JAZZ,3,E01021864,0,1
2024522402547,2024,522402547,1,9,0,18,19,4,8,0,0,8,0,0,1,0,2,1,6,6,2,34,6,1339,1,17,HONDA JAZZ,10,E01015014,0,1
2024221500837,2024,221500837,2,9,0,-1,5,3,7,-1,0,3,0,0,0,0,3,1,-1,6,2,44,7,1339,1,14,HONDA JAZZ,5,E01032305,0,1
2024211502294,2024,211502294,3,9,0,-1,10,4,2,-1,0,1,0,0,0,0,0,1,-1,9,2,50,8,1339,1,13,HONDA JAZZ,7,E01029798,0,1
2024401522618,2024,401522618,2,9,0,-1,5,7,3,-1,0,1,0,0,0,0,2,1,-1,9,2,-1,-1,1339,1,20,HONDA JAZZ,6,E01015780,0,1
2024451468405,2024,451468405,1,9,0,-1,19,6,2,-1,0,8,2,0,0,0,1,1,-1,9,2,62,9,1498,8,1,HONDA JAZZ,8,E01030867,0,4
2024101429604,2024,101429604,1,9,0,-1,6,7,3,-1,0,1,0,0,0,0,3,1,-1,9,1,91,11,1498,8,0,HONDA JAZZ,5,E01008758,0,1
2024211517703,2024,211517703,1,9,0,-1,5,2,4,-1,0,1,0,0,0,0,4,1,-1,6,2,45,7,1339,1,18,HONDA JAZZ,-1,-1,0,-1
2024401449439,2024,401449439,1,9,0,-1,1,5,1,-1,0,0,0,0,0,0,2,1,-1,6,1,42,7,1339,1,16,HONDA JAZZ,8,E01034415,0,1
2024451433190,2024,451433190,2,9,0,-1,19,1,5,-1,0,0,0,0,0,0,3,1,-1,1,2,28,6,1498,8,4,HONDA JAZZ,8,E01014131,0,5
2024451469582,2024,451469582,2,9,9,-1,7,7,1,-1,0,1,0,0,0,0,1,1,-1,6,2,31,6,1339,1,16,HONDA JAZZ,-1,-1,0,-1
2024010510848,2024,010510848,1,9,0,18,19,1,5,0,0,0,0,0,0,0,1,1,6,6,2,36,7,1330,1,16,HONDA JAZZ,3,E01003768,0,1
2024010544268,2024,010544268,3,9,0,4,4,7,3,0,0,0,0,0,0,0,2,1,6,6,1,34,6,1339,1,14,HONDA JAZZ,4,E01016003,0,3
2024430482633,2024,430482633,1,9,0,18,19,2,6,0,0,0,0,0,0,0,4,1,6,6,2,-1,-1,1198,1,11,HONDA JAZZ,-1,-1,0,-1
2024542571824,2024,542571824,1,9,0,5,5,7,3,0,0,6,0,0,0,0,3,1,6,6,2,84,11,1339,1,10,HONDA JAZZ,10,E01028745,0,3
2024221523459,2024,221523459,3,9,0,-1,3,7,3,-1,0,0,0,0,0,0,2,1,-1,9,2,37,7,1339,1,12,HONDA JAZZ,7,E01014385,0,4
2024440225169,2024,440225169,1,9,0,18,19,2,6,0,0,1,0,0,0,0,1,1,6,6,2,60,9,1339,8,9,HONDA JAZZ,-1,-1,0,-1
2024302401319,2024,302401319,1,9,0,18,19,6,2,0,0,1,0,0,0,0,1,1,6,6,1,19,4,1339,1,17,HONDA JAZZ,2,E01013473,0,1
2024311508425,2024,311508425,2,9,0,-1,19,8,3,-1,0,1,0,0,0,0,1,1,-1,9,2,83,11,1498,8,4,HONDA JAZZ,10,E01028383,0,2
2024501473019,2024,501473019,2,9,0,-1,19,5,1,-1,0,8,0,0,0,0,3,1,-1,9,1,78,11,1498,8,3,HONDA JAZZ,9,E01020185,0,2
2024471467863,2024,471467863,2,9,0,-1,19,3,8,-1,0,0,0,0,0,0,3,1,-1,9,1,74,10,1498,8,4,HONDA JAZZ,5,E01031392,0,1
2024440032065,2024,440032065,1,9,0,18,19,6,2,0,0,0,0,0,0,0,1,1,2,2,2,22,5,1339,1,14,HONDA JAZZ,5,E01017127,0,4
2024010501077,2024,010501077,1,9,0,9,9,8,7,9,9,8,0,0,7,11,1,1,6,6,2,78,11,1339,1,12,HONDA JAZZ,3,E01000137,0,1
2024622400282,2024,622400282,1,9,0,9,9,6,4,0,0,8,0,0,0,0,1,1,6,6,2,34,6,1339,1,19,HONDA JAZZ,1,W01001955,0,2
2024520002607,2024,520002607,1,9,0,18,19,5,1,0,0,8,0,0,0,0,1,1,6,6,2,76,11,1318,1,8,HONDA JAZZ,10,E01014415,0,1
2024141413745,2024,141413745,3,9,0,-1,19,2,6,-1,0,0,0,0,0,0,3,1,-1,9,1,75,10,1339,1,20,HONDA JAZZ,1,E01008076,0,1
2024421495498,2024,421495498,1,9,0,-1,19,7,3,-1,0,2,0,0,0,0,3,1,-1,9,2,90,11,1339,1,18,HONDA JAZZ,4,E01021956,0,1
2024010500426,2024,010500426,2,9,0,4,4,7,3,0,0,0,0,0,0,0,2,1,6,6,1,65,9,1339,1,17,HONDA JAZZ,4,E01000610,0,1
2024221473783,2024,221473783,1,9,0,-1,19,3,7,-1,0,0,0,0,0,0,4,9,-1,6,2,60,9,1339,1,9,HONDA JAZZ,5,E01028927,0,1
2024131463930,2024,131463930,1,9,0,-1,5,2,4,-1,0,8,0,0,1,0,3,1,-1,9,2,57,9,1339,1,11,HONDA JAZZ,2,E01011943,0,1
2024471405204,2024,471405204,4,9,0,-1,2,3,7,-1,-1,0,0,0,0,0,2,1,-1,6,-1,-1,-1,1339,1,17,HONDA JAZZ,-1,-1,0,-1
2024401466229,2024,401466229,4,9,0,-1,19,3,7,-1,0,1,0,0,0,0,1,1,-1,6,1,25,5,1198,1,15,HONDA JAZZ,10,E01017553,0,2
2024461465112,2024,461465112,1,9,0,-1,19,6,2,-1,0,0,2,10,0,0,4,1,-1,2,1,24,5,1339,1,16,HONDA JAZZ,6,E01024361,0,3
2024041426964,2024,041426964,1,9,0,-1,5,1,5,-1,0,0,0,0,0,0,0,1,-1,6,1,18,4,1339,1,17,HONDA JAZZ,1,E01025189,0,1
2024451482397,2024,451482397,1,9,0,-1,19,2,6,-1,0,0,0,0,0,0,1,1,-1,1,1,25,5,1339,1,20,HONDA JAZZ,9,E01030485,0,3
2024501518191,2024,501518191,1,9,0,-1,19,5,3,-1,0,8,0,0,0,0,1,9,-1,6,2,71,10,1339,1,10,HONDA JAZZ,4,E01034851,0,1
2024010529954,2024,010529954,2,9,0,18,19,8,4,0,0,0,0,0,0,0,1,1,6,6,1,37,7,1339,1,14,HONDA JAZZ,4,E01000112,0,3
2024440440087,2024,440440087,1,9,0,3,3,6,2,0,0,0,0,0,0,0,2,1,6,6,2,60,9,1339,1,19,HONDA JAZZ,3,E01022841,0,1