collision_index,collision_year,collision_ref_no,vehicle_reference,vehicle_type,towing_and_articulation,vehicle_manoeuvre_historic,vehicle_manoeuvre,vehicle_direction_from,vehicle_direction_to,vehicle_location_restricted_lane_historic,vehicle_location_restricted_lane,junction_location,skidding_and_overturning,hit_object_in_carriageway,vehicle_leaving_carriageway,hit_object_off_carriageway,first_point_of_impact,vehicle_left_hand_drive,journey_purpose_of_driver_historic,journey_purpose_of_driver,sex_of_driver,age_of_driver,age_band_of_driver,engine_capacity_cc,propulsion_code,age_of_vehicle,generic_make_model,driver_imd_decile,lsoa_of_driver,escooter_flag,driver_distance_banding
2024211475784,2024,211475784,2,9,0,-1,2,0,0,-1,0,1,0,0,0,0,4,1,-1,6,1,41,7,1339,1,20,HONDA JAZZ,-1,-1,0,-1
2024471439562,2024,471439562,2,9,0,-1,19,3,7,-1,0,0,0,0,1,0,4,1,-1,9,1,73,10,1498,8,1,HONDA JAZZ,6,E01021108,0,3
2024131420334,2024,131420334,2,9,0,-1,9,1,7,-1,0,8,0,0,0,0,1,1,-1,6,2,49,8,1198,1,10,HONDA JAZZ,1,E01011663,0,1
2024430214335,2024,430214335,1,9,0,9,9,7,5,0,0,5,0,10,1,0,4,1,1,1,2,64,9,1498,8,2,HONDA JAZZ,10,E01016630,0,2
2024631478628,2024,631478628,2,9,0,-1,2,0,0,-1,0,0,0,0,0,0,2,1,-1,6,-1,-1,-1,1339,1,20,HONDA JAZZ,-1,-1,0,-1
2024010513927,2024,010513927,1,9,0,5,5,7,3,9,9,0,0,0,2,11,1,1,6,6,1,48,8,1339,1,16,HONDA JAZZ,-1,-1,0,-1
2024061474918,2024,061474918,2,9,0,-1,10,3,7,-1,0,1,0,0,0,0,4,1,-1,6,1,-1,-1,1498,8,3,HONDA JAZZ,8,E01005737,0,1
2024010512871,2024,010512871,1,9,0,99,99,9,9,99,99,0,9,99,9,99,2,9,6,6,1,84,11,1318,1,8,HONDA JAZZ,10,E01004106,0,1
2024421467487,2024,421467487,1,9,0,-1,9,1,7,-1,0,2,0,0,0,0,1,9,-1,6,1,29,6,1246,1,16,HONDA JAZZ,4,E01015962,0,1
2024161400138,2024,161400138,1,9,0,-1,9,1,7,-1,0,2,0,0,0,0,1,1,-1,6,2,50,8,1339,1,10,HONDA JAZZ,5,E01012796,0,1
2024471520002,2024,471520002,1,9,0,-1,19,6,2,-1,0,1,0,0,0,0,1,1,-1,9,2,85,11,1339,1,16,HONDA JAZZ,8,E01020963,0,1
2024131491729,2024,131491729,1,9,0,-1,19,1,5,-1,0,1,0,0,0,0,2,1,-1,9,2,29,6,1339,1,17,HONDA JAZZ,1,E01011317,0,1
2024010512922,2024,010512922,2,9,9,99,99,9,9,99,99,9,9,99,9,99,9,9,6,6,1,-1,-1,1339,1,15,HONDA JAZZ,-1,-1,0,-1
2024461483171,2024,461483171,1,9,0,-1,9,5,7,-1,0,0,0,0,0,0,1,1,-1,2,1,25,5,1339,1,17,HONDA JAZZ,3,E01024777,0,2
2024141447322,2024,141447322,1,9,0,-1,19,1,5,-1,0,0,0,0,0,0,1,1,-1,9,1,71,10,1498,1,6,HONDA JAZZ,2,E01007633,0,1
2024371436302,2024,371436302,2,9,0,-1,19,1,5,-1,0,3,0,0,0,0,4,1,-1,6,2,58,9,1198,1,12,HONDA JAZZ,3,E01026632,0,2
2024052400390,2024,052400390,2,9,0,18,19,5,1,0,0,8,0,0,0,0,3,1,2,2,2,47,8,1246,1,19,HONDA JAZZ,1,E01006450,0,1
2024520401745,2024,520401745,2,9,0,9,9,1,7,0,0,6,0,0,0,0,1,1,6,6,1,17,4,1339,1,17,HONDA JAZZ,8,E01029126,0,1
2024440274113,2024,440274113,2,9,0,3,3,3,7,0,0,8,0,0,0,0,2,1,2,2,1,34,6,1339,1,16,HONDA JAZZ,1,E01017038,0,2
2024991418098,2024,991418098,2,9,0,-1,19,6,2,-1,0,1,0,0,0,0,4,1,-1,6,1,35,6,1339,1,12,HONDA JAZZ,5,-1,0,2
2024991404251,2024,991404251,1,9,0,-1,19,3,7,-1,0,8,0,1,0,0,1,1,-1,6,2,51,8,1339,1,17,HONDA JAZZ,8,-1,0,2
2024311478382,2024,311478382,1,9,-1,-1,-1,-1,-1,-1,-1,0,-1,-1,-1,0,-1,9,-1,6,1,39,7,1318,1,8,HONDA JAZZ,-1,-1,0,-1
2024141500341,2024,141500341,4,9,0,-1,-1,-1,-1,-1,-1,-1,-1,-1,-1,0,-1,9,-1,6,3,-1,-1,1339,1,15,HONDA JAZZ,-1,-1,0,-1
2024201493680,2024,201493680,2,9,0,-1,19,5,1,-1,0,8,1,0,0,0,1,1,-1,9,1,51,8,1339,1,15,HONDA JAZZ,2,E01010038,0,1
2024141497451,2024,141497451,3,9,0,-1,2,0,0,-1,0,2,0,0,0,0,3,1,-1,6,-1,-1,-1,1339,1,14,HONDA JAZZ,-1,-1,0,-1
2024471459454,2024,471459454,1,9,0,-1,19,7,3,-1,9,8,0,4,3,0,1,1,-1,9,1,90,11,1318,1,4,HONDA JAZZ,9,E01021156,0,1
2024430136913,2024,430136913,2,9,0,3,3,7,3,0,0,8,0,0,0,0,2,1,6,6,1,23,5,1339,1,18,HONDA JAZZ,8,E01028808,0,1
2024010538207,2024,010538207,1,9,0,7,7,6,7,0,0,8,0,0,0,0,1,1,3,7,1,51,8,1339,1,14,HONDA JAZZ,3,E01003379,0,1
2024131425395,2024,131425395,2,9,0,-1,19,7,3,-1,0,0,0,0,0,0,3,1,-1,6,1,74,10,1339,1,12,HONDA JAZZ,3,E01010919,0,2
2024101410849,2024,101410849,2,9,0,-1,9,1,5,-1,0,5,0,0,0,0,1,1,-1,9,1,71,10,1498,8,3,HONDA JAZZ,8,E01008234,0,1
2024340WN3122,2024,340WN3122,1,9,0,-1,5,3,6,-1,0,4,0,0,0,0,3,1,-1,9,1,86,11,1318,1,5,HONDA JAZZ,10,E01027283,0,1
2024340NN1862,2024,340NN1862,1,9,0,-1,11,1,7,-1,0,3,0,0,0,2,3,1,-1,9,1,26,6,1339,1,20,HONDA JAZZ,7,E01032963,0,1
2024010517126,2024,010517126,1,9,0,99,99,9,9,99,99,9,9,99,9,99,1,9,6,6,3,-1,-1,1339,1,18,HONDA JAZZ,-1,-1,0,-1
2024401539481,2024,401539481,1,9,0,-1,19,3,6,-1,0,1,0,0,7,11,1,1,-1,1,2,44,7,1339,1,15,HONDA JAZZ,9,E01017439,0,2
2024010509697,2024,010509697,1,9,0,99,99,9,9,99,99,9,9,99,9,99,9,9,6,6,3,43,7,1318,1,8,HONDA JAZZ,4,E01002233,0,3
2024991528916,2024,991528916,1,9,0,-1,19,2,6,-1,0,0,0,0,0,0,0,1,-1,9,2,32,6,1339,1,13,HONDA JAZZ,9,-1,0,1
2024411478756,2024,411478756,1,9,0,-1,19,1,5,-1,0,3,0,0,0,0,1,1,-1,9,2,78,11,1339,1,12,HONDA JAZZ,10,E01023724,0,1
2024411427888,2024,411427888,1,9,0,-1,9,7,5,-1,0,0,0,0,0,0,1,1,-1,2,2,21,5,1339,1,19,HONDA JAZZ,5,E01023922,0,1
2024440561675,2024,440561675,1,9,0,18,19,2,6,0,0,0,0,0,0,0,4,1,6,6,2,50,8,1339,1,10,HONDA JAZZ,7,E01017329,0,1
2024430118133,2024,430118133,1,9,0,9,9,1,7,0,0,8,0,0,0,0,1,1,6,6,1,61,9,1318,1,5,HONDA JAZZ,5,E01016359,0,1
2024041397414,2024,041397414,2,9,0,-1,9,7,3,-1,0,4,0,0,0,0,3,1,-1,9,2,23,5,1339,1,19,HONDA JAZZ,1,E01025296,0,1
2024010507281,2024,010507281,1,9,0,99,99,9,9,99,99,9,9,99,9,99,9,9,6,6,1,30,6,1339,1,18,HONDA JAZZ,5,E01002167,0,1
2024221397314,2024,221397314,1,9,0,-1,1,3,7,-1,9,6,0,0,0,0,2,1,-1,6,1,80,11,1498,8,3,HONDA JAZZ,9,E01014083,0,1
2024542514024,2024,542514024,1,9,0,18,19,6,2,0,0,0,0,0,0,0,1,1,6,6,2,89,11,1339,1,9,HONDA JAZZ,5,E01032022,0,2
2024041478610,2024,041478610,1,9,0,-1,19,1,5,-1,0,0,5,1,0,0,3,1,-1,6,1,35,6,1339,1,18,HONDA JAZZ,7,E01025155,0,2
2024440077744,2024,440077744,1,9,0,16,19,5,8,0,0,8,0,0,0,0,1,1,6,6,3,-1,-1,1318,1,8,HONDA JAZZ,-1,-1,0,-1
2024440492607,2024,440492607,2,9,0,18,19,3,7,0,0,8,0,0,0,0,1,1,2,2,2,53,8,1339,1,15,HONDA JAZZ,10,E01022853,0,1
2024622400162,2024,622400162,4,9,0,2,2,0,0,0,0,1,0,0,0,0,2,1,6,6,3,-1,-1,1339,1,15,HONDA JAZZ,-1,-1,0,-1
2024221525521,2024,221525521,1,9,0,-1,19,3,7,-1,0,8,0,0,0,0,1,9,-1,2,1,30,6,1198,1,15,HONDA JAZZ,3,E01009773,0,4
2024411424415,2024,411424415,2,9,-1,-1,19,-1,-1,-1,0,1,0,0,0,0,3,9,-1,9,2,66,10,1318,1,7,HONDA JAZZ,6,E01023663,0,2
2024010507498,2024,010507498,2,9,0,99,99,9,9,99,99,0,9,99,9,99,1,9,6,6,3,-1,-1,1339,1,17,HONDA JAZZ,-1,-1,0,-1
2024471452941,2024,471452941,1,9,0,-1,7,3,6,-1,0,8,0,0,0,0,1,1,-1,6,2,82,11,1339,1,10,HONDA JAZZ,9,E01031622,0,1
2024010518436,2024,010518436,2,9,0,18,19,5,1,0,0,0,0,0,0,0,0,1,6,6,2,63,9,1339,1,17,HONDA JAZZ,2,E01001426,0,3
2024221530563,2024,221530563,1,9,0,-1,4,2,6,-1,0,2,0,0,0,0,1,1,-1,9,2,50,8,1318,1,7,HONDA JAZZ,5,E01032411,0,1
2024520500115,2024,520500115,1,9,0,18,19,8,2,0,0,8,0,0,0,0,3,1,6,6,1,74,10,1498,8,1,HONDA JAZZ,5,E01029165,0,4
2024361395248,2024,361395248,2,9,0,-1,9,5,2,-1,0,5,0,0,0,0,3,1,-1,6,2,52,8,1339,1,17,HONDA JAZZ,6,E01026899,0,1
2024041453237,2024,041453237,1,9,0,-1,19,6,2,-1,0,2,0,0,0,0,1,1,-1,9,1,87,11,1498,8,2,HONDA JAZZ,7,E01012636,0,1
2024010501358,2024,010501358,1,9,0,18,19,5,1,0,0,1,0,0,1,0,4,1,6,6,2,31,6,1339,1,11,HONDA JAZZ,2,E01001057,0,2
2024201517739,2024,201517739,1,9,0,-1,5,1,5,-1,0,6,0,0,0,0,1,1,-1,6,2,45,7,1339,1,13,HONDA JAZZ,1,E01008916,0,1
2024010499687,2024,010499687,2,9,0,99,99,9,9,99,99,9,9,99,9,99,9,9,6,6,3,-1,-1,1339,1,9,HONDA JAZZ,-1,-1,0,-1
2024010522526,2024,010522526,2,9,0,18,19,7,3,0,0,1,0,0,7,0,1,1,6,6,1,32,6,1339,1,9,HONDA JAZZ,9,E01002242,0,1
2024361446169,2024,361446169,1,9,0,-1,5,4,2,-1,0,2,0,0,0,0,3,1,-1,9,1,76,11,1339,1,22,HONDA JAZZ,7,E01026471,0,4
2024010546817,2024,010546817,1,9,0,3,3,7,3,0,0,1,0,0,0,0,1,1,6,6,1,25,5,1339,1,14,HONDA JAZZ,2,E01004001,0,1
2024520002607,2024,520002607,2,9,0,18,19,7,3,0,0,8,0,0,0,0,1,1,6,6,2,46,8,1339,1,17,HONDA JAZZ,10,E01014411,0,1
2024010502364,2024,010502364,5,9,0,2,2,0,0,0,0,0,0,0,0,0,0,1,6,6,3,-1,-1,1318,1,7,HONDA JAZZ,-1,-1,0,-1
2024131440011,2024,131440011,1,9,0,-1,9,1,7,-1,0,8,0,0,0,0,1,1,-1,9,1,33,6,1339,1,17,HONDA JAZZ,8,E01011884,0,1
2024010497647,2024,010497647,1,9,0,18,19,5,1,0,0,4,0,0,2,3,3,1,6,6,1,40,7,1339,1,21,HONDA JAZZ,5,E01001173,0,1
202460Q143800,2024,60Q143800,2,9,0,18,19,4,8,0,0,1,1,0,0,0,3,1,6,6,2,85,11,1318,1,7,HONDA JAZZ,-1,-1,0,-1
2024531521851,2024,531521851,1,9,0,-1,6,3,7,-1,0,0,0,0,1,0,1,1,-1,9,2,81,11,1339,1,10,HONDA JAZZ,8,E01022166,0,1
2024351405584,2024,351405584,2,9,0,-1,12,3,7,-1,0,0,0,0,0,0,2,1,-1,6,1,64,9,1339,1,18,HONDA JAZZ,9,E01017998,0,1
2024041447930,2024,041447930,2,9,0,-1,4,5,1,-1,0,1,0,0,1,0,3,1,-1,9,1,72,10,1339,1,19,HONDA JAZZ,6,E01025014,0,1
2024340WN6492,2024,340WN6492,1,9,0,-1,19,5,1,-1,0,0,1,0,1,9,1,1,-1,2,2,49,8,1339,1,17,HONDA JAZZ,5,E01031144,0,2
2024141440102,2024,141440102,1,9,0,-1,19,1,5,-1,0,2,0,0,1,4,1,1,-1,9,1,41,7,1339,1,19,HONDA JAZZ,1,E01007941,0,1
2024411500901,2024,411500901,2,9,0,-1,19,3,7,-1,0,1,0,0,1,0,3,1,-1,9,2,53,8,1339,1,11,HONDA JAZZ,9,E01035592,0,1
2024010547255,2024,010547255,1,9,0,18,19,2,6,0,0,2,0,4,0,0,1,1,2,2,2,31,6,1339,1,14,HONDA JAZZ,-1,-1,0,-1
2024010527821,2024,010527821,1,9,0,99,99,9,9,99,99,9,9,99,9,99,1,9,6,6,3,-1,-1,1339,1,16,HONDA JAZZ,-1,-1,0,-1
2024061526307,2024,061526307,1,9,0,-1,2,0,0,-1,99,0,0,0,0,0,2,1,-1,7,2,35,6,1339,1,18,HONDA JAZZ,2,E01005224,0,1
2024010542812,2024,010542812,2,9,0,18,19,7,3,0,0,8,0,0,0,0,1,1,2,2,2,31,6,1198,1,13,HONDA JAZZ,4,E01001727,0,1
2024401538508,2024,401538508,1,9,0,-1,-1,-1,-1,-1,-1,0,-1,-1,-1,0,1,1,-1,6,1,-1,-1,1339,1,20,HONDA JAZZ,-1,-1,0,-1
2024161503021,2024,161503021,1,9,0,-1,19,5,1,-1,0,1,0,0,1,1,1,1,-1,6,1,81,11,1318,1,5,HONDA JAZZ,4,E01007637,0,2
2024520402385,2024,520402385,4,9,0,4,4,2,6,0,0,0,0,0,0,0,2,1,6,6,2,20,4,1339,1,14,HONDA JAZZ,6,E01029224,0,2
2024131441380,2024,131441380,2,9,0,-1,5,5,1,-1,9,8,0,0,0,0,4,1,-1,9,1,21,5,1339,1,22,HONDA JAZZ,3,E01011035,0,1
2024201448114,2024,201448114,1,9,0,-1,19,5,1,-1,0,0,0,0,0,0,1,1,-1,6,-1,-1,-1,1339,1,17,HONDA JAZZ,-1,-1,0,-1
2024052402710,2024,052402710,1,9,0,7,7,7,1,0,0,1,0,0,0,0,1,1,1,1,1,31,6,1496,8,12,HONDA JAZZ,1,E01007179,0,2
2024991406840,2024,991406840,3,9,0,-1,19,6,2,-1,0,0,0,0,0,0,2,1,-1,2,1,58,9,1498,8,0,HONDA JAZZ,8,-1,0,4
2024201487707,2024,201487707,1,9,0,-1,7,3,6,-1,0,0,0,0,0,0,1,9,-1,6,3,23,5,1339,1,19,HONDA JAZZ,4,E01010304,0,3
2024351538911,2024,351538911,1,9,0,-1,19,2,6,-1,0,1,0,0,0,0,1,1,-1,1,1,33,6,1318,1,6,HONDA JAZZ,6,E01018049,0,1
2024440404153,2024,440404153,1,9,0,18,19,5,1,0,0,0,0,4,0,0,1,1,6,6,2,80,11,1339,1,12,HONDA JAZZ,5,E01022835,0,1
2024451483724,2024,451483724,1,9,0,-1,9,1,5,-1,0,0,0,0,0,0,1,1,-1,9,2,75,10,1498,8,2,HONDA JAZZ,10,E01030417,0,2
2024501488186,2024,501488186,1,9,0,-1,19,1,5,-1,0,0,5,0,8,0,3,1,-1,9,1,19,4,1339,1,19,HONDA JAZZ,6,E01019945,0,2
2024101415750,2024,101415750,2,9,0,-1,19,7,3,-1,0,0,0,0,0,0,1,1,-1,6,1,64,9,1498,8,3,HONDA JAZZ,4,E01008306,0,2
2024010527955,2024,010527955,1,9,0,99,99,9,9,0,0,9,0,99,0,0,9,1,6,6,2,23,5,1339,1,10,HONDA JAZZ,4,E01002411,0,1
2024531428944,2024,531428944,1,9,0,-1,5,1,5,-1,0,0,0,0,0,0,3,1,-1,9,1,56,9,1339,1,21,HONDA JAZZ,-1,-1,0,-1
2024531474324,2024,531474324,1,9,0,-1,9,3,1,-1,0,6,0,0,0,0,1,1,-1,6,2,36,7,1339,1,11,HONDA JAZZ,10,E01022350,0,1
202454A183824,2024,54A183824,2,9,0,18,19,5,1,0,0,1,0,0,0,0,3,1,6,6,2,73,10,1198,1,14,HONDA JAZZ,6,E01031848,0,1
2024010503730,2024,010503730,1,9,0,7,7,5,7,0,0,8,0,0,0,0,1,1,6,6,2,50,8,1339,1,10,HONDA JAZZ,4,E01002098,0,1
2024430019123,2024,430019123,1,9,0,1,1,6,2,0,0,0,0,0,0,10,2,1,6,6,2,86,11,1339,1,15,HONDA JAZZ,10,E01016639,0,1
2024430597432,2024,430597432,1,9,0,9,9,4,2,0,0,5,0,0,0,0,4,1,6,6,1,67,10,1339,1,20,HONDA JAZZ,5,E01016434,0,1
2024471486009,2024,471486009,2,9,0,-1,12,5,1,-1,0,1,0,0,0,0,3,1,-1,6,1,17,4,1339,1,18,HONDA JAZZ,7,E01021105,0,1
2024371523461,2024,371523461,2,9,0,-1,9,6,2,-1,0,3,0,0,0,0,4,1,-1,6,2,44,7,1318,1,4,HONDA JAZZ,5,E01030185,0,1
2024141515920,2024,141515920,2,9,0,-1,19,1,5,-1,0,0,0,0,0,0,1,1,-1,6,1,48,8,1318,1,6,HONDA JAZZ,1,E01008017,0,1
2024010548862,2024,010548862,1,9,0,99,99,9,9,99,99,0,9,99,9,99,1,1,6,6,3,-1,-1,1330,8,13,HONDA JAZZ,-1,-1,0,-1
2024332400286,2024,332400286,1,9,0,-1,7,1,3,-1,0,6,0,0,7,0,3,1,-1,1,1,96,11,1339,1,11,HONDA JAZZ,10,E01025902,0,3
2024010549027,2024,010549027,1,9,0,9,9,5,3,0,0,2,0,0,0,0,1,1,1,1,2,53,8,1339,1,11,HONDA JAZZ,10,E01003473,0,1
2024201452894,2024,201452894,1,9,0,-1,19,8,5,-1,0,0,1,10,7,3,1,9,-1,6,1,59,9,1339,1,10,HONDA JAZZ,2,E01010090,0,1
2024141531444,2024,141531444,1,9,0,-1,19,3,7,-1,0,1,0,0,0,0,1,1,-1,9,1,57,9,1339,1,10,HONDA JAZZ,9,E01007442,0,1
2024461417502,2024,461417502,1,9,0,-1,19,1,1,-1,0,2,0,4,0,0,4,1,-1,9,2,90,11,1339,1,10,HONDA JAZZ,10,E01024464,0,1
2024622400390,2024,622400390,1,9,0,9,9,2,8,0,0,8,0,0,0,0,1,1,6,6,1,38,7,1339,1,15,HONDA JAZZ,1,W01001694,0,1
2024411396656,2024,411396656,1,9,0,-1,19,-1,-1,-1,0,4,0,0,0,0,1,9,-1,6,2,-1,-1,1318,1,6,HONDA JAZZ,-1,-1,0,-1
2024010539271,2024,010539271,1,9,0,99,99,9,9,99,99,9,9,99,9,99,9,9,6,6,2,46,8,1339,1,18,HONDA JAZZ,5,E01030751,0,1
2024010542330,2024,010542330,2,9,0,99,99,9,9,99,99,9,9,99,9,99,1,9,6,6,3,-1,-1,1339,1,9,HONDA JAZZ,8,E01001455,0,1
2024991436068,2024,991436068,1,9,0,-1,19,1,5,-1,0,0,2,0,0,0,1,1,-1,9,1,82,11,1318,1,6,HONDA JAZZ,8,-1,0,1
2024311453125,2024,311453125,3,9,0,-1,19,7,3,-1,0,0,0,0,0,0,2,1,-1,6,1,77,11,1498,1,5,HONDA JAZZ,-1,-1,0,-1
2024311431820,2024,311431820,1,9,0,-1,5,8,5,-1,0,1,0,0,0,0,1,1,-1,6,2,66,10,1339,1,15,HONDA JAZZ,5,E01028342,0,3
2024501503683,2024,501503683,2,9,0,-1,19,2,6,-1,0,8,0,0,0,0,1,1,-1,1,2,42,7,1339,1,16,HONDA JAZZ,1,E01015153,0,1
2024522500324,2024,522500324,1,9,0,13,13,5,1,0,0,0,0,0,0,0,4,1,6,6,1,88,11,1339,1,14,HONDA JAZZ,7,E01014936,0,2
2024010512103,2024,010512103,1,9,0,18,19,3,7,0,0,3,0,0,0,0,2,1,6,6,1,50,8,1339,1,17,HONDA JAZZ,3,E01002018,0,2
2024161438099,2024,161438099,2,9,0,-1,10,3,7,-1,0,6,0,0,0,0,4,1,-1,6,2,62,9,1318,1,8,HONDA JAZZ,-1,-1,0,-1
2024522402702,2024,522402702,2,9,0,18,19,6,2,0,0,5,0,0,0,0,1,1,6,6,3,-1,-1,1198,1,14,HONDA JAZZ,-1,-1,0,-1
2024061574446,2024,061574446,1,9,0,-1,5,3,7,-1,0,2,0,0,0,0,1,1,-1,9,1,40,7,1198,1,13,HONDA JAZZ,2,E01005450,0,1
2024622400254,2024,622400254,2,9,0,18,19,8,4,0,0,8,0,0,0,0,1,1,6,6,1,18,4,1339,1,14,HONDA JAZZ,4,W01000747,0,1
2024451503306,2024,451503306,1,9,0,-1,5,3,7,-1,0,8,0,0,0,0,1,1,-1,9,1,35,6,1339,1,17,HONDA JAZZ,8,E01034606,0,3
2024361455113,2024,361455113,1,9,0,-1,9,1,5,-1,0,8,0,0,0,0,1,1,-1,6,1,33,6,1339,1,17,HONDA JAZZ,8,E01026912,0,1
2024131529270,2024,131529270,1,9,0,-1,19,7,3,-1,0,1,0,0,0,0,1,1,-1,6,2,30,6,1339,1,17,HONDA JAZZ,4,E01011231,0,3
2024501481759,2024,501481759,1,9,0,-1,1,5,8,-1,0,0,0,0,0,0,2,1,-1,9,2,73,10,1498,8,2,HONDA JAZZ,9,E01019949,0,1
2024131416291,2024,131416291,1,9,0,-1,19,1,5,-1,0,0,0,0,0,0,3,1,-1,9,1,29,6,1339,1,15,HONDA JAZZ,9,E01011554,0,1
2024471528667,2024,471528667,1,9,0,-1,19,8,2,-1,0,4,0,0,0,0,1,1,-1,6,2,86,11,1339,1,12,HONDA JAZZ,10,E01031644,0,1
2024546137024,2024,546137024,1,9,0,9,9,3,1,0,0,1,0,0,0,0,1,1,6,6,1,52,8,1339,1,14,HONDA JAZZ,9,E01033848,0,1
2024531475380,2024,531475380,2,9,0,-1,19,3,7,-1,0,4,0,0,0,0,4,1,-1,9,2,43,7,1339,1,18,HONDA JAZZ,10,E01022130,0,1
2024991479880,2024,991479880,2,9,0,-1,19,8,5,-1,0,4,0,0,0,0,1,1,-1,9,2,68,10,1318,1,9,HONDA JAZZ,3,-1,0,1
2024461520638,2024,461520638,1,9,0,-1,7,3,6,-1,0,2,0,0,0,0,3,1,-1,9,1,80,11,1318,1,6,HONDA JAZZ,10,E01024470,0,1
2024311412248,2024,311412248,1,9,0,-1,19,1,5,-1,0,0,0,4,0,0,1,1,-1,9,2,66,10,1339,1,14,HONDA JAZZ,9,E01027934,0,1
2024340NN2942,2024,340NN2942,1,9,0,-1,9,8,7,-1,0,5,0,0,0,0,0,1,-1,9,1,30,6,1339,1,15,HONDA JAZZ,3,E01003490,0,5
2024411470755,2024,411470755,1,9,0,-1,19,5,1,-1,0,0,0,0,0,0,1,1,-1,6,2,-1,-1,1339,1,20,HONDA JAZZ,6,E01019701,0,5
2024421445769,2024,421445769,1,9,0,-1,19,3,7,-1,0,0,1,0,2,4,1,1,-1,2,2,48,8,1339,1,17,HONDA JAZZ,6,E01021597,0,4
2024010501094,2024,010501094,2,9,0,99,99,9,9,99,99,9,9,99,9,99,1,9,6,6,2,66,10,1498,8,3,HONDA JAZZ,5,E01001319,0,1
2024010532279,2024,010532279,2,9,0,18,19,1,5,0,0,0,0,0,0,0,4,1,6,6,2,68,10,1498,8,2,HONDA JAZZ,9,E01002466,0,1
2024122401070,2024,122401070,1,9,0,13,13,3,7,0,0,0,0,0,7,11,4,1,6,6,2,76,11,1318,1,7,HONDA JAZZ,10,E01012978,0,4
2024161450826,2024,161450826,1,9,0,-1,9,6,4,-1,0,2,0,0,0,0,1,1,-1,6,1,82,11,1339,1,16,HONDA JAZZ,9,E01012998,0,1
2024440347160,2024,440347160,1,9,0,18,19,3,7,0,0,0,0,0,0,0,1,1,6,6,1,18,4,1339,1,20,HONDA JAZZ,7,E01022823,0,2
2024010518161,2024,010518161,2,9,0,9,9,5,2,0,0,8,0,0,0,0,1,1,1,1,2,61,9,1339,1,13,HONDA JAZZ,2,E01003190,0,1
2024340WN4382,2024,340WN4382,1,9,0,-1,19,1,5,-1,0,3,0,0,0,0,3,1,-1,6,1,25,5,1339,1,21,HONDA JAZZ,1,E01027153,0,1
2024221525460,2024,221525460,1,9,0,-1,9,2,8,-1,0,5,0,0,0,0,4,1,-1,9,1,90,11,1339,1,17,HONDA JAZZ,7,E01029006,0,1
2024201443466,2024,201443466,1,9,0,-1,19,6,2,-1,9,2,0,10,1,11,4,1,-1,7,2,29,6,1339,1,16,HONDA JAZZ,4,E01032529,0,1
2024501499725,2024,501499725,3,9,0,-1,19,1,5,-1,0,0,1,0,0,0,1,1,-1,9,1,87,11,1498,8,4,HONDA JAZZ,6,E01032000,0,5
2024010538083,2024,010538083,1,9,0,1,1,5,1,0,0,2,0,0,0,0,4,2,6,6,2,79,11,1498,8,3,HONDA JAZZ,8,E01004102,0,1
2024101527252,2024,101527252,1,9,0,-1,19,5,1,-1,0,1,0,0,0,0,1,1,-1,1,1,62,9,1339,1,14,HONDA JAZZ,2,E01008705,0,1
2024501432025,2024,501432025,1,9,0,-1,5,3,7,-1,0,2,0,0,0,0,4,1,-1,9,2,64,9,1339,1,16,HONDA JAZZ,9,E01019993,0,1
2024011505622,2024,011505622,2,9,0,-1,-1,7,3,-1,-1,8,0,0,0,0,4,1,-1,-1,1,36,7,1339,1,19,HONDA JAZZ,7,E01030630,0,3
2024451514486,2024,451514486,2,9,0,-1,15,5,1,-1,0,0,0,0,0,0,4,1,-1,9,2,80,11,1339,1,20,HONDA JAZZ,10,E01030307,0,1
2024501414224,2024,501414224,1,9,0,-1,19,1,5,-1,0,1,0,0,0,0,1,9,-1,6,1,79,11,1339,1,19,HONDA JAZZ,1,E01015044,0,1
2024552500081,2024,552500081,2,9,0,3,3,2,6,0,0,0,0,0,0,0,2,1,6,6,2,59,9,1498,8,4,HONDA JAZZ,5,E01020529,0,2
2024520500110,2024,520500110,1,9,0,18,19,5,1,0,0,0,0,0,0,0,4,1,6,6,1,79,11,1198,1,10,HONDA JAZZ,8,E01029201,0,1
2024041419574,2024,041419574,1,9,0,-1,19,4,8,-1,0,0,0,0,0,0,4,1,-1,9,2,64,9,1318,1,4,HONDA JAZZ,4,E01025057,0,1
2024010521302,2024,010521302,3,9,0,3,3,3,7,0,0,1,0,0,0,0,2,1,6,6,2,52,8,1198,1,10,HONDA JAZZ,8,E01002946,0,1
2024122400040,2024,122400040,1,9,0,5,5,3,7,0,0,8,0,0,0,0,1,1,6,6,2,-1,-1,1339,1,16,HONDA JAZZ,7,E01013419,0,1
2024010513511,2024,010513511,2,9,0,99,99,9,9,99,99,9,9,99,9,99,1,9,6,6,3,34,6,1339,1,14,HONDA JAZZ,5,E01003739,0,1
2024461423600,2024,461423600,1,9,0,-1,5,4,8,-1,0,0,0,0,0,0,4,1,-1,9,1,88,11,1339,1,14,HONDA JAZZ,7,E01024121,0,1
2024401533905,2024,401533905,1,9,-1,-1,-1,-1,-1,-1,-1,0,-1,-1,-1,0,-1,9,-1,6,1,88,11,1198,1,14,HONDA JAZZ,9,E01017559,0,1
2024211449494,2024,211449494,2,9,0,-1,19,2,6,-1,0,0,0,0,0,0,1,1,-1,9,2,68,10,1339,1,11,HONDA JAZZ,6,E01029796,0,2