collision_index,collision_year,collision_ref_no,vehicle_reference,vehicle_type,towing_and_articulation,vehicle_manoeuvre_historic,vehicle_manoeuvre,vehicle_direction_from,vehicle_direction_to,vehicle_location_restricted_lane_historic,vehicle_location_restricted_lane,junction_location,skidding_and_overturning,hit_object_in_carriageway,vehicle_leaving_carriageway,hit_object_off_carriageway,first_point_of_impact,vehicle_left_hand_drive,journey_purpose_of_driver_historic,journey_purpose_of_driver,sex_of_driver,age_of_driver,age_band_of_driver,engine_capacity_cc,propulsion_code,age_of_vehicle,generic_make_model,driver_imd_decile,lsoa_of_driver,escooter_flag,driver_distance_banding
2024471453548,2024,471453548,1,9,0,-1,5,3,7,-1,0,6,0,0,0,0,3,1,-1,6,2,79,11,1339,1,15,HONDA JAZZ,2,E01024533,0,4
2024041475071,2024,041475071,2,9,0,-1,2,0,0,-1,0,1,0,0,0,0,3,1,-1,6,-1,-1,-1,1339,1,16,HONDA JAZZ,-1,-1,0,-1
2024471420541,2024,471420541,2,9,0,-1,9,3,1,-1,0,3,0,0,0,0,1,1,-1,9,1,31,6,1339,1,19,HONDA JAZZ,9,E01031751,0,1
2024010536557,2024,010536557,1,9,0,13,13,1,5,0,0,0,1,0,7,4,1,1,6,6,1,19,4,1339,1,20,HONDA JAZZ,4,E01004458,0,4
2024061420906,2024,061420906,1,9,0,-1,9,7,1,-1,0,5,0,0,0,0,3,1,-1,9,1,55,8,1339,1,17,HONDA JAZZ,1,E01005288,0,1
2024520001269,2024,520001269,2,9,0,9,9,8,5,0,0,8,0,0,0,0,1,1,6,6,1,53,8,1339,1,17,HONDA JAZZ,1,E01033358,0,2
2024201483073,2024,201483073,1,9,0,-1,19,4,8,-1,0,0,0,0,0,0,4,9,-1,6,3,24,5,1198,1,12,HONDA JAZZ,-1,-1,0,-1
2024061395305,2024,061395305,1,9,0,-1,9,3,8,-1,0,0,0,0,0,0,1,1,-1,1,1,70,10,1339,1,16,HONDA JAZZ,4,E01004776,0,1
2024311412326,2024,311412326,3,9,0,-1,2,0,0,-1,0,0,0,0,0,0,3,1,-1,6,1,51,8,1339,1,17,HONDA JAZZ,3,E01013930,0,1
2024302400135,2024,302400135,1,9,0,1,1,3,1,0,0,6,0,0,1,0,2,1,3,7,2,-1,-1,1339,1,11,HONDA JAZZ,6,E01019701,0,1
2024340NN1592,2024,340NN1592,1,9,0,-1,9,3,1,-1,0,6,1,0,0,0,3,1,-1,9,1,85,11,1498,8,3,HONDA JAZZ,6,E01027062,0,1
2024991411103,2024,991411103,1,9,0,-1,19,7,3,-1,0,2,0,0,0,0,1,1,-1,6,1,26,6,1318,1,8,HONDA JAZZ,3,-1,0,1
2024302401802,2024,302401802,2,9,0,18,19,3,7,0,0,8,0,0,0,0,1,1,6,6,2,74,10,1318,1,9,HONDA JAZZ,6,E01019701,0,1
2024101526685,2024,101526685,2,9,0,-1,19,1,5,-1,0,0,0,0,0,0,2,2,-1,6,1,42,7,1339,1,14,HONDA JAZZ,1,E01008305,0,1
2024461452293,2024,461452293,1,9,0,-1,19,4,2,-1,0,0,1,0,0,0,1,1,-1,9,2,75,10,1339,1,15,HONDA JAZZ,8,E01024827,0,2
2024010495476,2024,010495476,1,9,0,3,3,7,3,0,0,1,0,4,0,0,1,1,6,6,2,61,9,1318,1,5,HONDA JAZZ,4,E01004571,0,1
2024401477609,2024,401477609,2,9,0,-1,8,1,3,-1,0,6,0,0,0,0,2,1,-1,6,1,75,10,1339,1,14,HONDA JAZZ,1,E01017471,0,1
2024131499758,2024,131499758,1,9,0,-1,19,3,7,-1,0,4,0,0,0,0,3,1,-1,2,2,39,7,1318,1,5,HONDA JAZZ,2,E01010804,0,1
2024010517384,2024,010517384,1,9,0,18,19,1,5,0,0,1,0,0,0,0,1,1,6,6,1,44,7,1339,1,19,HONDA JAZZ,6,E01002138,0,1
2024161396594,2024,161396594,2,9,0,-1,9,6,4,-1,0,1,0,0,0,0,1,1,-1,6,2,70,10,1318,1,5,HONDA JAZZ,3,E01012901,0,1
2024031485850,2024,031485850,2,9,5,-1,19,6,6,-1,0,0,0,0,0,0,0,2,-1,6,1,87,11,1318,1,7,HONDA JAZZ,-1,-1,0,-1
2024010550288,2024,010550288,2,9,0,18,19,5,1,0,0,8,0,0,0,0,1,1,2,2,1,51,8,1339,1,14,HONDA JAZZ,2,E01002100,0,1
2024131449077,2024,131449077,1,9,0,-1,5,6,2,-1,0,2,0,0,0,0,4,1,-1,9,2,73,10,1339,1,12,HONDA JAZZ,7,E01033016,0,1
2024531508101,2024,531508101,1,9,0,-1,19,1,5,-1,0,0,0,0,1,0,4,1,-1,9,1,85,11,1198,1,14,HONDA JAZZ,5,E01022218,0,1
2024461471052,2024,461471052,2,9,0,-1,7,1,5,-1,0,0,0,0,0,0,4,9,-1,6,1,70,10,1498,8,3,HONDA JAZZ,9,E01024365,0,4
2024131475620,2024,131475620,3,9,0,-1,19,1,1,-1,0,0,0,0,0,0,1,1,-1,9,1,30,6,1198,1,14,HONDA JAZZ,1,E01010964,0,1
2024552401204,2024,552401204,3,9,0,3,3,6,2,0,0,1,0,0,0,0,2,1,6,6,1,29,6,1339,1,18,HONDA JAZZ,4,E01015327,0,1
2024461575126,2024,461575126,2,9,0,-1,19,5,5,-1,0,4,5,0,1,0,1,1,-1,9,2,85,11,1339,1,11,HONDA JAZZ,7,E01024803,0,2
2024052401812,2024,052401812,1,9,0,5,5,3,7,0,0,6,0,0,0,0,1,1,6,6,1,57,9,1339,1,14,HONDA JAZZ,1,E01007123,0,1
2024311405576,2024,311405576,1,9,0,-1,15,7,3,-1,0,8,0,0,0,0,4,1,-1,7,2,47,8,1198,1,12,HONDA JAZZ,10,E01025944,0,1
2024010519887,2024,010519887,2,9,0,8,8,1,3,0,0,1,0,0,0,0,1,1,6,6,2,56,9,1318,1,5,HONDA JAZZ,3,E01003438,0,1
2024501474791,2024,501474791,3,9,0,-1,3,4,8,-1,0,0,0,0,0,0,2,1,-1,9,1,68,10,1339,1,12,HONDA JAZZ,9,E01020265,0,3
2024430192286,2024,430192286,2,9,0,18,19,0,0,0,0,4,0,0,0,0,3,1,6,6,2,-1,-1,1339,1,9,HONDA JAZZ,-1,-1,0,-1
2024461420637,2024,461420637,1,9,0,-1,19,2,6,-1,0,1,0,0,0,0,1,9,-1,9,2,82,11,1339,1,11,HONDA JAZZ,6,E01024540,0,1
2024471408151,2024,471408151,2,9,0,-1,19,6,2,-1,0,0,0,0,1,0,3,1,-1,9,2,72,10,1339,1,10,HONDA JAZZ,3,E01031482,0,2
2024052402052,2024,052402052,1,9,0,7,7,1,3,0,0,1,0,0,0,0,3,1,2,2,1,64,9,1339,1,21,HONDA JAZZ,2,E01007178,0,1
2024421422259,2024,421422259,2,9,0,-1,19,7,3,-1,0,4,0,0,0,0,2,1,-1,6,1,43,7,1318,1,8,HONDA JAZZ,9,E01021280,0,1
2024552400257,2024,552400257,1,9,0,18,19,7,3,0,0,1,0,0,0,0,1,1,6,6,3,-1,-1,1339,1,18,HONDA JAZZ,-1,-1,0,-1
2024201474832,2024,201474832,1,9,0,-1,4,7,3,-1,0,0,0,0,0,0,2,1,-1,6,1,35,6,1198,1,13,HONDA JAZZ,2,E01009994,0,3
2024520401615,2024,520401615,2,9,0,18,19,5,1,0,0,0,0,0,0,0,1,1,6,6,1,-1,-1,1339,1,18,HONDA JAZZ,7,E01029162,0,1
2024061516012,2024,061516012,1,9,0,-1,3,-1,-1,-1,99,0,0,0,0,0,1,1,-1,6,3,-1,-1,1339,1,21,HONDA JAZZ,-1,-1,0,-1
2024421483494,2024,421483494,1,9,0,-1,19,7,3,-1,9,0,1,0,1,2,1,1,-1,9,2,85,11,1339,1,11,HONDA JAZZ,10,E01021960,0,1
2024131515790,2024,131515790,1,9,0,-1,19,3,7,-1,0,6,0,0,0,0,1,1,-1,6,3,-1,-1,1339,1,17,HONDA JAZZ,-1,-1,0,-1
2024231437694,2024,231437694,2,9,0,-1,19,4,8,-1,0,8,0,0,0,0,1,1,-1,9,1,72,10,1339,1,11,HONDA JAZZ,9,E01018119,0,5
2024430497307,2024,430497307,1,9,0,18,19,-1,-1,0,0,0,0,0,1,9,3,1,6,6,1,56,9,1339,1,20,HONDA JAZZ,2,E01016839,0,3
2024320350407,2024,320350407,1,9,0,-1,-1,1,5,0,0,0,0,4,0,0,1,1,6,6,2,71,10,1339,1,12,HONDA JAZZ,-1,-1,0,-1
2024010498076,2024,010498076,2,9,0,99,99,9,9,99,99,0,9,99,9,99,9,9,6,6,3,48,8,1339,1,10,HONDA JAZZ,-1,-1,0,-1
2024520402683,2024,520402683,1,9,0,7,7,7,1,0,0,6,0,0,0,0,1,1,6,6,2,41,7,1339,1,16,HONDA JAZZ,4,E01030354,0,5
2024531460238,2024,531460238,1,9,0,-1,19,4,8,-1,0,8,0,0,0,0,1,1,-1,1,2,46,8,1339,1,19,HONDA JAZZ,2,E01022288,0,1
2024010515550,2024,010515550,1,9,0,5,5,5,1,0,0,0,0,0,1,11,1,1,6,6,2,80,11,1339,1,13,HONDA JAZZ,9,E01030539,0,3
2024371531600,2024,371531600,1,9,0,-1,9,-1,-1,-1,0,0,0,0,0,0,4,1,-1,6,2,80,11,1339,1,9,HONDA JAZZ,8,E01030015,0,1
2024201477816,2024,201477816,1,9,0,-1,1,1,5,-1,9,0,0,0,0,0,2,1,-1,6,1,49,8,1198,1,15,HONDA JAZZ,2,E01015726,0,5
2024041480486,2024,041480486,3,9,0,-1,2,0,0,-1,9,0,0,0,0,0,1,1,-1,6,-1,-1,-1,1339,1,11,HONDA JAZZ,-1,-1,0,-1
2024201470165,2024,201470165,1,9,0,-1,5,1,5,-1,0,0,0,0,0,0,1,1,-1,6,2,58,9,1498,8,3,HONDA JAZZ,1,E01010375,0,1
2024161397840,2024,161397840,1,9,0,-1,19,3,7,-1,0,4,0,0,0,0,1,1,-1,6,1,79,11,1498,8,2,HONDA JAZZ,7,E01013295,0,1
2024010527749,2024,010527749,1,9,0,18,19,1,5,0,0,0,0,4,0,0,1,1,6,6,1,61,9,1339,1,16,HONDA JAZZ,4,E01004201,0,1
2024201472247,2024,201472247,2,9,0,-1,3,1,5,-1,0,1,0,0,0,0,2,1,-1,6,1,58,9,1339,1,15,HONDA JAZZ,2,E01009389,0,1
2024061473023,2024,061473023,1,9,0,-1,2,0,0,-1,9,0,0,0,0,0,3,1,-1,9,1,86,11,1198,1,9,HONDA JAZZ,8,E01004791,0,1
2024221427946,2024,221427946,1,9,0,-1,19,6,2,-1,0,0,0,10,1,2,1,9,-1,9,2,83,11,1318,1,5,HONDA JAZZ,3,E01032254,0,1
2024522400817,2024,522400817,2,9,0,9,9,2,1,0,0,5,0,0,0,0,1,1,6,6,1,18,4,1339,1,18,HONDA JAZZ,3,E01014564,0,1
2024131438322,2024,131438322,1,9,0,-1,9,7,5,-1,0,0,0,0,0,0,1,1,-1,9,1,85,11,1198,1,11,HONDA JAZZ,6,E01010909,0,1
2024401433531,2024,401433531,3,9,0,-1,3,6,2,-1,0,0,0,7,2,0,2,1,-1,6,2,30,6,1339,1,12,HONDA JAZZ,2,E01017492,0,1
2024531450025,2024,531450025,1,9,0,-1,19,5,1,-1,0,8,0,0,0,0,3,1,-1,6,1,51,8,1339,1,16,HONDA JAZZ,9,E01022282,0,1
2024061471290,2024,061471290,1,9,0,-1,19,4,8,-1,0,0,0,0,0,0,1,9,-1,6,3,-1,-1,1339,1,16,HONDA JAZZ,-1,-1,0,-1
2024501511994,2024,501511994,1,9,0,-1,19,2,6,-1,0,0,0,0,0,0,1,1,-1,9,2,71,10,1339,1,10,HONDA JAZZ,4,E01018958,0,1
2024451521770,2024,451521770,2,9,0,-1,6,3,3,-1,0,0,0,0,0,0,3,1,-1,9,1,44,7,1339,1,11,HONDA JAZZ,9,E01030388,0,1
2024201482871,2024,201482871,1,9,0,-1,7,2,5,-1,0,3,0,0,0,0,1,9,-1,9,1,33,6,1246,1,17,HONDA JAZZ,2,E01010071,0,3
2024401406826,2024,401406826,1,9,0,-1,19,2,6,-1,0,8,0,0,0,0,3,1,-1,6,1,52,8,1339,1,20,HONDA JAZZ,2,E01015716,0,1
202454C944024,2024,54C944024,1,9,0,18,19,3,7,0,0,0,0,0,0,0,1,1,6,6,2,77,11,1339,1,9,HONDA JAZZ,5,E01034619,0,4
2024451441541,2024,451441541,1,9,0,-1,19,3,7,-1,0,1,5,4,0,0,4,1,-1,9,2,84,11,1339,1,13,HONDA JAZZ,10,E01030348,0,1
2024041400017,2024,041400017,2,9,0,-1,19,1,5,-1,0,2,0,0,7,11,1,1,-1,9,1,80,11,1198,1,15,HONDA JAZZ,4,E01012701,0,1
2024201558859,2024,201558859,1,9,0,-1,19,6,2,-1,0,0,0,0,0,0,1,9,-1,6,2,41,7,1339,1,17,HONDA JAZZ,2,E01033642,0,1
2024010517965,2024,010517965,2,9,0,99,99,9,9,99,99,9,9,99,9,99,1,9,6,6,3,-1,-1,1339,1,16,HONDA JAZZ,-1,-1,0,-1
2024041433904,2024,041433904,1,9,0,-1,9,7,3,-1,0,8,0,0,0,0,1,1,-1,6,1,45,7,1339,1,20,HONDA JAZZ,1,E01006357,0,4
2024010547896,2024,010547896,1,9,0,18,19,3,7,0,0,1,0,0,0,0,1,1,6,6,2,83,11,1339,1,11,HONDA JAZZ,9,E01000199,0,2
2024631508571,2024,631508571,1,9,0,-1,5,3,2,-1,0,6,0,0,0,0,1,1,-1,9,1,41,7,130,8,12,HONDA JAZZ,3,E01021291,0,5
2024631456906,2024,631456906,1,9,0,-1,19,1,5,-1,0,8,0,0,0,0,1,1,-1,9,2,69,10,1339,1,15,HONDA JAZZ,6,W01000545,0,4
2024010547683,2024,010547683,1,9,0,18,19,5,1,0,0,1,0,0,0,0,3,1,6,6,1,79,11,1246,1,18,HONDA JAZZ,9,E01002462,0,1
2024010532888,2024,010532888,3,9,0,3,3,7,3,0,0,1,0,0,0,0,3,1,2,2,1,75,10,1339,1,15,HONDA JAZZ,5,E01001542,0,1
2024010547284,2024,010547284,1,9,0,5,5,3,7,0,0,2,0,0,0,0,1,1,6,6,1,38,7,1246,1,15,HONDA JAZZ,3,E01032574,0,2
2024320708129,2024,320708129,1,9,0,-1,-1,8,4,0,0,2,5,0,0,0,1,1,6,6,2,75,10,1339,1,17,HONDA JAZZ,5,E01026287,0,1
2024010539644,2024,010539644,2,9,0,99,99,9,9,99,99,9,9,99,9,99,1,9,6,6,3,-1,-1,1318,1,6,HONDA JAZZ,-1,-1,0,-1
2024421511000,2024,421511000,1,9,0,-1,5,1,5,-1,0,0,0,0,0,0,1,1,-1,9,1,17,4,1339,1,18,HONDA JAZZ,2,E01015929,0,1
2024101437922,2024,101437922,2,9,0,-1,3,5,7,-1,0,1,0,0,0,0,2,1,-1,9,1,59,9,1339,1,18,HONDA JAZZ,5,E01008352,0,1
2024201443523,2024,201443523,2,9,0,-1,19,6,2,-1,0,1,0,0,0,0,3,1,-1,6,1,26,6,1339,1,20,HONDA JAZZ,1,E01008899,0,2
2024010541734,2024,010541734,1,9,0,9,9,3,8,0,0,8,0,0,0,0,1,1,6,6,1,36,7,1339,1,15,HONDA JAZZ,7,E01004516,0,1
2024061488618,2024,061488618,1,9,0,-1,4,5,1,-1,0,8,0,0,0,0,1,1,-1,6,2,43,7,1339,1,10,HONDA JAZZ,3,E01005278,0,1
2024221504787,2024,221504787,1,9,0,-1,19,2,6,-1,0,2,2,0,0,0,3,1,-1,2,1,45,7,1339,1,20,HONDA JAZZ,2,E01034332,0,4
2024471464617,2024,471464617,2,9,0,-1,4,2,6,-1,0,2,0,0,0,0,2,1,-1,9,2,40,7,1339,1,13,HONDA JAZZ,9,E01021161,0,2
2024201506043,2024,201506043,1,9,0,-1,5,5,1,-1,0,6,0,0,0,0,1,1,-1,6,1,49,8,1198,1,14,HONDA JAZZ,2,E01033629,0,1
2024411541142,2024,411541142,1,9,0,-1,19,1,5,-1,0,0,0,0,0,0,1,1,-1,6,1,35,6,1318,1,5,HONDA JAZZ,5,E01002395,0,4
2024201421079,2024,201421079,2,9,0,-1,19,3,7,-1,0,8,0,0,0,0,1,9,-1,9,1,92,11,1318,1,7,HONDA JAZZ,-1,-1,0,-1
2024302400086,2024,302400086,2,9,0,17,19,4,1,0,0,8,0,0,0,0,1,1,6,6,2,33,6,1318,1,6,HONDA JAZZ,9,E01019602,0,3
2024010528846,2024,010528846,2,9,0,99,99,9,9,99,99,0,9,99,9,99,9,9,6,6,3,43,7,1339,1,18,HONDA JAZZ,3,E01003726,0,3
2024010534465,2024,010534465,1,9,0,18,19,1,5,0,0,1,0,0,0,0,1,1,2,2,1,47,8,1339,1,19,HONDA JAZZ,4,E01033084,0,1
2024010552183,2024,010552183,1,9,0,99,99,9,9,99,99,9,9,99,9,99,9,1,6,6,3,-1,-1,1339,1,16,HONDA JAZZ,-1,-1,0,-1
2024010530521,2024,010530521,1,9,0,18,19,3,7,0,0,2,0,0,0,0,3,1,6,6,1,28,6,1339,1,15,HONDA JAZZ,4,E01032566,0,1
2024201520683,2024,201520683,1,9,0,-1,4,-1,-1,-1,0,1,0,0,0,0,4,9,-1,6,1,29,6,1246,1,17,HONDA JAZZ,2,E01009744,0,1
2024320554082,2024,320554082,1,9,0,-1,-1,6,8,0,0,8,0,0,7,9,3,1,-1,-1,2,84,11,1339,1,20,HONDA JAZZ,3,E01019552,0,4
2024070751786,2024,070751786,1,9,0,-1,19,7,3,-1,0,0,0,0,0,0,1,1,-1,6,2,35,6,1198,1,14,HONDA JAZZ,-1,-1,0,-1
2024111465662,2024,111465662,1,9,0,-1,19,7,3,-1,0,0,0,0,0,0,1,1,-1,6,1,48,8,1339,1,17,HONDA JAZZ,1,E01020849,0,3
2024061450213,2024,061450213,1,9,0,-1,19,-1,-1,-1,0,0,0,0,0,0,4,1,-1,9,2,34,6,1498,8,2,HONDA JAZZ,8,E01024971,0,4
2024231467787,2024,231467787,1,9,0,-1,9,4,2,-1,0,5,0,0,0,0,4,9,-1,9,2,73,10,1318,1,6,HONDA JAZZ,6,E01031189,0,1
2024520403209,2024,520403209,1,9,0,18,19,4,8,0,0,8,0,0,0,0,1,1,6,6,1,62,9,1498,8,3,HONDA JAZZ,7,E01029063,0,2
2024430064886,2024,430064886,1,9,0,18,19,2,6,0,0,6,0,0,0,0,4,1,1,1,2,35,6,1339,1,13,HONDA JAZZ,6,E01028697,0,4
2024430134493,2024,430134493,1,9,0,3,3,2,6,0,0,1,0,0,0,0,2,1,1,1,1,46,8,1339,1,12,HONDA JAZZ,6,E01034718,0,4
202460Q111159,2024,60Q111159,2,9,0,17,19,3,7,0,0,0,0,0,0,0,1,1,6,6,1,44,7,1339,8,10,HONDA JAZZ,-1,-1,0,-1
2024471396076,2024,471396076,1,9,0,-1,2,4,8,-1,0,1,0,0,0,0,2,1,-1,2,1,79,11,1339,1,15,HONDA JAZZ,6,E01020986,0,1
2024501448600,2024,501448600,2,5,0,-1,19,4,8,-1,0,1,0,0,0,0,1,1,-1,6,1,52,8,1084,1,2,HONDA NT,9,E01020058,0,4
2024631451109,2024,631451109,2,5,0,-1,19,5,1,-1,0,8,0,0,0,0,1,1,-1,6,1,69,10,1084,1,2,HONDA NT,9,E01029076,0,5
2024440332854,2024,440332854,1,5,0,17,19,2,8,0,0,2,1,0,0,0,1,1,6,6,1,40,7,680,1,12,HONDA NT,10,E01022646,0,3
2024141464962,2024,141464962,2,5,0,-1,13,2,6,-1,0,0,5,0,0,0,1,1,-1,6,1,65,9,1084,1,0,HONDA NT,8,E01007891,0,2
2024320807779,2024,320807779,2,3,0,13,13,3,7,0,0,0,0,0,0,0,4,1,-1,-1,1,62,9,1084,1,1,HONDA NT,4,E01007731,0,4
2024211472085,2024,211472085,1,4,0,-1,19,5,2,-1,0,0,0,0,0,0,1,1,-1,9,1,44,7,1084,1,1,HONDA NT,-1,-1,0,-1
2024440548655,2024,440548655,1,4,0,17,19,8,3,0,0,8,0,0,0,0,1,1,6,6,1,53,8,1084,1,1,HONDA NT,6,E01035457,0,1
2024501420904,2024,501420904,2,5,0,-1,19,7,3,-1,0,8,2,0,0,0,1,1,-1,2,1,46,8,1084,1,2,HONDA NT,6,E01034626,0,2
2024010518684,2024,010518684,1,5,0,13,13,3,7,0,0,0,1,0,0,0,4,1,2,2,1,41,7,1084,1,2,HONDA NT,7,E01002338,0,3
2024010543784,2024,010543784,1,5,0,99,99,9,9,99,99,9,9,99,9,99,2,1,6,6,1,35,6,680,1,13,HONDA NT,5,E01033708,0,1
2024610056524,2024,610056524,1,3,0,18,19,8,4,0,0,0,0,0,0,0,0,1,1,1,1,33,6,125,1,4,-1,2,W01001466,0,3
2024991523395,2024,991523395,1,3,0,-1,9,5,3,-1,0,2,0,0,0,0,3,1,-1,9,1,63,9,125,1,4,-1,4,-1,0,1
2024320025959,2024,320025959,1,4,0,-1,-1,8,4,0,0,0,1,0,1,0,4,1,6,6,1,22,5,125,1,1,-1,6,E01026387,0,3
2024351537186,2024,351537186,1,3,0,-1,14,7,3,-1,0,0,0,0,0,0,1,1,-1,2,1,18,4,125,1,1,-1,8,E01018159,0,4
2024440519140,2024,440519140,1,4,0,16,19,1,5,0,0,0,1,0,0,0,1,1,1,1,1,30,6,125,1,1,-1,-1,-1,0,-1
2024991426181,2024,991426181,1,8,0,-1,19,7,3,-1,0,3,0,0,0,0,4,1,-1,1,1,56,9,2143,2,6,-1,2,-1,0,2
2024991412054,2024,991412054,1,8,0,-1,19,5,8,-1,0,0,0,0,0,0,1,1,-1,1,1,65,9,2143,2,7,-1,4,-1,0,1
2024311500986,2024,311500986,1,9,0,-1,19,7,3,-1,0,0,0,0,0,0,0,9,-1,1,1,-1,-1,-1,-1,-1,-1,-1,-1,0,-1
2024501436898,2024,501436898,1,9,0,-1,7,7,1,-1,0,8,1,0,0,0,3,1,-1,2,1,20,4,1396,1,21,-1,5,E01020330,0,1
2024131444255,2024,131444255,1,9,0,-1,19,6,2,-1,0,2,0,0,0,0,4,1,-1,9,2,35,6,1396,1,23,-1,8,E01010573,0,1
2024522403386,2024,522403386,2,9,0,18,19,2,6,0,0,2,0,0,0,0,1,1,6,6,1,30,6,1396,1,18,-1,5,E01022266,0,4
2024201433181,2024,201433181,2,9,0,-1,7,5,7,-1,0,1,0,0,0,0,1,1,-1,6,1,44,7,1796,1,20,-1,4,E01031203,0,4
2024231426344,2024,231426344,1,9,0,-1,19,8,5,-1,0,0,1,0,2,10,1,1,-1,9,1,19,4,1396,1,21,-1,4,E01032613,0,4
2024622400176,2024,622400176,1,9,0,18,19,8,4,0,0,0,1,0,1,0,1,1,6,6,1,18,4,1396,1,20,-1,8,W01001789,0,1
2024471478305,2024,471478305,2,9,0,-1,2,0,0,-1,-1,0,0,0,0,0,3,1,-1,6,-1,-1,-1,2268,2,7,MITSUBISHI OUTLANDER,-1,-1,0,-1
2024010499708,2024,010499708,2,8,0,6,6,3,3,0,0,0,0,0,0,0,3,2,1,1,1,48,8,2360,8,4,MITSUBISHI OUTLANDER,3,E01003490,0,4
2024010507803,2024,010507803,2,8,0,99,99,9,9,99,99,9,9,99,9,99,1,9,6,6,3,-1,-1,1998,8,7,MITSUBISHI OUTLANDER,2,E01001055,0,3
2024361506445,2024,361506445,1,9,0,-1,19,5,1,-1,0,0,0,0,0,0,1,1,-1,9,1,55,8,1998,1,5,MITSUBISHI OUTLANDER,8,E01026938,0,3
2024421400997,2024,421400997,1,9,0,-1,5,1,1,-1,0,1,0,0,0,0,1,9,-1,6,3,16,4,1998,8,8,MITSUBISHI OUTLANDER,-1,-1,0,-1
2024501414970,2024,501414970,2,9,0,-1,3,4,8,-1,0,1,0,0,0,0,2,1,-1,6,2,70,10,2268,2,8,MITSUBISHI OUTLANDER,8,E01019961,0,4
2024010551507,2024,010551507,2,9,0,2,2,0,0,0,0,0,0,0,7,4,4,1,6,6,3,-1,-1,1998,8,10,MITSUBISHI OUTLANDER,-1,-1,0,-1
2024201524027,2024,201524027,2,9,0,-1,9,3,1,-1,0,5,0,0,0,0,4,1,-1,9,1,39,7,2360,8,6,MITSUBISHI OUTLANDER,2,E01010503,0,1
2024340NN1072,2024,340NN1072,2,9,0,-1,19,1,5,-1,0,1,0,0,2,11,1,1,-1,6,1,38,7,2268,2,10,MITSUBISHI OUTLANDER,10,E01025928,0,4
2024010521689,2024,010521689,1,9,0,99,99,9,9,99,99,1,9,99,9,99,9,1,1,1,1,50,8,2360,8,5,MITSUBISHI OUTLANDER,2,E01000051,0,1
2024010540348,2024,010540348,1,9,9,99,99,9,9,99,99,9,9,99,9,99,2,9,1,1,1,46,8,1998,8,9,MITSUBISHI OUTLANDER,2,E01004067,0,2
2024622400095,2024,622400095,2,9,0,10,10,4,2,0,0,1,0,0,1,0,1,1,6,6,1,45,7,2268,2,8,MITSUBISHI OUTLANDER,4,W01001149,0,1
2024010532418,2024,010532418,1,9,0,99,99,9,9,99,99,9,9,99,9,99,9,9,6,6,2,41,7,1998,8,10,MITSUBISHI OUTLANDER,3,E01033150,0,1
2024010491080,2024,010491080,1,8,0,99,99,9,9,99,99,9,9,99,9,99,1,9,6,6,3,51,8,1998,8,8,MITSUBISHI OUTLANDER,4,E01000944,0,1
2024010523749,2024,010523749,1,9,0,6,6,5,5,1,1,1,0,0,0,0,4,1,6,6,1,49,8,1998,8,6,MITSUBISHI OUTLANDER,4,E01003133,0,1
2024421452834,2024,421452834,2,8,0,-1,19,8,4,-1,0,0,0,0,0,0,4,9,-1,1,1,31,6,1998,8,8,MITSUBISHI OUTLANDER,5,E01033787,0,4
2024041532482,2024,041532482,2,9,0,-1,10,5,3,-1,0,1,0,0,0,0,3,1,-1,9,2,44,7,1998,8,9,MITSUBISHI OUTLANDER,2,E01025284,0,1
2024010551630,2024,010551630,2,9,0,18,19,1,5,0,0,2,0,0,0,0,2,1,6,6,1,27,6,1998,8,10,MITSUBISHI OUTLANDER,5,E01003142,0,1
202454D408724,2024,54D408724,2,9,0,4,4,6,2,0,0,1,0,0,0,0,2,1,6,6,2,57,9,1998,8,7,MITSUBISHI OUTLANDER,9,E01031858,0,3
2024141407192,2024,141407192,1,9,0,-1,19,3,7,-1,0,1,0,0,0,0,1,1,-1,1,2,24,5,2360,8,4,MITSUBISHI OUTLANDER,9,E01007425,0,1
2024010510313,2024,010510313,1,9,0,7,7,7,1,0,0,1,0,0,0,0,3,1,3,7,2,47,8,1998,8,6,MITSUBISHI OUTLANDER,6,E01001597,0,1
2024141444315,2024,141444315,1,9,0,-1,19,4,8,-1,9,0,0,0,1,10,1,1,-1,9,2,82,11,2360,8,6,MITSUBISHI OUTLANDER,8,E01007918,0,1
2024010550838,2024,010550838,2,9,0,10,10,7,6,9,9,7,0,0,0,0,1,1,2,2,1,57,9,1998,1,5,MITSUBISHI OUTLANDER,4,E01002594,0,1
2024501491161,2024,501491161,1,9,0,-1,19,8,4,-1,0,8,0,0,0,0,1,1,-1,6,1,42,7,1998,8,9,MITSUBISHI OUTLANDER,9,E01020185,0,2
2024421496507,2024,421496507,2,9,0,-1,1,5,1,-1,0,0,0,0,0,0,1,1,-1,9,2,43,7,1998,8,9,MITSUBISHI OUTLANDER,4,E01015958,0,1
2024061422284,2024,061422284,1,9,0,-1,-1,-1,-1,-1,-1,0,-1,-1,-1,0,-1,1,-1,6,1,36,7,1968,2,15,MITSUBISHI OUTLANDER,4,E01005834,0,1
2024010528935,2024,010528935,2,9,0,5,5,1,5,0,0,2,0,0,0,0,1,1,6,6,1,57,9,1998,8,8,MITSUBISHI OUTLANDER,6,E01035711,0,1