collision_index,collision_year,collision_ref_no,vehicle_reference,vehicle_type,towing_and_articulation,vehicle_manoeuvre_historic,vehicle_manoeuvre,vehicle_direction_from,vehicle_direction_to,vehicle_location_restricted_lane_historic,vehicle_location_restricted_lane,junction_location,skidding_and_overturning,hit_object_in_carriageway,vehicle_leaving_carriageway,hit_object_off_carriageway,first_point_of_impact,vehicle_left_hand_drive,journey_purpose_of_driver_historic,journey_purpose_of_driver,sex_of_driver,age_of_driver,age_band_of_driver,engine_capacity_cc,propulsion_code,age_of_vehicle,generic_make_model,driver_imd_decile,lsoa_of_driver,escooter_flag,driver_distance_banding
2024421430997,2024,421430997,2,9,0,-1,19,1,3,-1,0,0,0,0,1,0,1,1,-1,6,2,40,7,2268,2,10,MITSUBISHI OUTLANDER,8,E01021621,0,3
2024501499445,2024,501499445,1,9,-1,-1,19,3,7,-1,0,4,0,0,0,0,1,1,-1,6,1,-1,-1,1998,8,9,MITSUBISHI OUTLANDER,-1,-1,0,-1
2024440355154,2024,440355154,1,9,0,18,19,3,7,0,0,8,0,0,0,0,1,1,6,6,1,56,9,2360,8,5,MITSUBISHI OUTLANDER,7,E01023167,0,2
2024010534884,2024,010534884,2,9,0,18,19,5,1,0,0,2,0,10,0,0,1,2,1,1,2,29,6,2360,8,5,MITSUBISHI OUTLANDER,1,E01001358,0,3
2024041447319,2024,041447319,1,9,0,-1,19,5,1,-1,0,4,1,0,0,0,1,1,-1,9,1,61,9,1998,8,8,MITSUBISHI OUTLANDER,8,E01024869,0,2
2024201431413,2024,201431413,1,9,0,-1,19,4,8,-1,0,0,1,0,0,0,1,9,-1,6,3,-1,-1,1998,8,8,MITSUBISHI OUTLANDER,-1,-1,0,-1
2024010522615,2024,010522615,1,8,0,99,99,9,9,99,99,9,9,99,9,99,9,9,1,1,1,42,7,1998,8,6,MITSUBISHI OUTLANDER,6,E01003787,0,1
2024430255273,2024,430255273,3,8,0,2,2,0,0,0,0,0,0,0,0,0,1,1,6,6,3,-1,-1,1998,8,6,MITSUBISHI OUTLANDER,-1,-1,0,-1
2024010536684,2024,010536684,2,9,0,3,3,3,7,0,0,2,0,0,0,0,2,1,6,6,2,25,5,1998,8,10,MITSUBISHI OUTLANDER,2,E01000015,0,1
2024010520313,2024,010520313,3,8,0,99,99,9,9,99,99,9,9,99,9,99,2,9,1,1,1,52,8,2360,8,6,MITSUBISHI OUTLANDER,8,E01033612,0,4
2024361453875,2024,361453875,4,9,0,-1,3,5,1,-1,0,0,0,0,0,0,2,1,-1,9,1,29,6,1998,8,7,MITSUBISHI OUTLANDER,5,E01026940,0,4
2024131455528,2024,131455528,2,9,0,-1,2,0,0,-1,9,0,0,4,0,0,4,1,-1,6,-1,-1,-1,1998,8,10,MITSUBISHI OUTLANDER,-1,-1,0,-1
2024031448636,2024,031448636,1,9,0,-1,19,2,6,-1,0,0,1,0,1,0,4,1,-1,6,1,47,8,2268,2,10,MITSUBISHI OUTLANDER,-1,-1,0,-1
2024461423773,2024,461423773,4,9,0,-1,3,7,3,-1,0,0,0,0,0,0,2,1,-1,6,1,36,7,1998,1,5,MITSUBISHI OUTLANDER,6,E01034989,0,1
2024430179490,2024,430179490,2,9,0,4,4,1,5,0,0,0,0,0,0,0,2,1,6,6,2,35,6,1998,8,9,MITSUBISHI OUTLANDER,9,E01016193,0,1
2024371473928,2024,371473928,2,9,0,-1,19,7,3,-1,0,1,0,0,0,0,1,1,-1,9,2,64,9,1998,8,8,MITSUBISHI OUTLANDER,10,E01030084,0,1
2024010510420,2024,010510420,2,9,0,2,2,0,0,0,0,1,1,4,1,10,1,1,6,6,3,-1,-1,1998,8,9,MITSUBISHI OUTLANDER,-1,-1,0,-1
2024010508887,2024,010508887,1,9,0,99,99,9,9,99,99,9,9,99,9,99,1,1,6,6,3,-1,-1,1998,8,7,MITSUBISHI OUTLANDER,-1,-1,0,-1
2024991397287,2024,991397287,1,9,0,-1,19,1,5,-1,0,0,0,0,0,0,1,1,-1,9,1,75,10,1998,8,8,MITSUBISHI OUTLANDER,6,-1,0,2
2024451418188,2024,451418188,1,9,0,-1,1,6,6,-1,9,2,0,0,0,0,2,1,-1,1,1,51,8,1998,8,8,MITSUBISHI OUTLANDER,7,E01030994,0,1
2024411432130,2024,411432130,1,9,0,-1,19,1,5,-1,0,6,0,0,0,0,1,1,-1,6,1,57,9,1998,8,9,MITSUBISHI OUTLANDER,6,E01023848,0,1
2024010516121,2024,010516121,1,9,0,9,9,1,7,0,0,6,0,0,0,0,4,1,1,1,2,41,7,1998,8,10,MITSUBISHI OUTLANDER,2,E01001172,0,3
2024010503576,2024,010503576,1,8,9,99,99,9,9,99,99,9,9,99,9,99,9,9,6,6,3,-1,-1,1998,8,7,MITSUBISHI OUTLANDER,-1,-1,0,-1
2024552400382,2024,552400382,1,9,0,18,19,4,8,0,0,0,0,0,0,0,1,1,6,6,1,44,7,1968,2,16,MITSUBISHI OUTLANDER,10,E01031984,0,4
2024101523911,2024,101523911,1,9,0,-1,19,1,5,-1,0,1,0,0,0,0,1,1,-1,9,2,41,7,2360,8,5,MITSUBISHI OUTLANDER,7,E01008691,0,1
2024520401560,2024,520401560,1,9,0,18,19,1,5,0,0,0,0,0,0,0,1,1,6,6,1,67,10,2360,8,5,MITSUBISHI OUTLANDER,10,E01031927,0,4
2024010525965,2024,010525965,2,9,0,3,3,7,3,0,0,1,0,0,0,0,2,1,1,1,1,30,6,1998,8,6,MITSUBISHI OUTLANDER,3,E01004319,0,2
2024010518042,2024,010518042,1,9,0,18,19,1,5,0,0,8,0,0,0,0,0,1,6,6,1,43,7,2360,8,4,MITSUBISHI OUTLANDER,-1,-1,0,-1
2024010545504,2024,010545504,2,9,0,99,99,9,9,99,99,9,9,99,9,99,1,9,6,6,3,-1,-1,2360,8,5,MITSUBISHI OUTLANDER,-1,-1,0,-1
2024461446969,2024,461446969,1,9,0,-1,19,-1,-1,-1,0,0,0,0,0,0,1,9,-1,1,1,-1,-1,1998,8,8,MITSUBISHI OUTLANDER,7,E01000414,0,2
2024101513803,2024,101513803,2,9,0,-1,3,3,7,-1,0,0,0,0,0,0,2,2,-1,2,2,61,9,2360,8,5,MITSUBISHI OUTLANDER,9,E01027370,0,4
2024211433202,2024,211433202,2,9,0,-1,3,7,3,-1,0,0,0,0,0,0,2,1,-1,6,1,33,6,1998,1,4,MITSUBISHI OUTLANDER,4,E01029353,0,2
2024010494586,2024,010494586,1,9,0,99,99,9,9,99,99,5,9,99,9,99,1,9,6,6,3,-1,-1,1998,8,8,MITSUBISHI OUTLANDER,-1,-1,0,-1
2024501506258,2024,501506258,1,9,0,-1,19,6,2,-1,0,0,0,0,0,0,1,1,-1,9,2,34,6,2268,2,9,MITSUBISHI OUTLANDER,4,E01015265,0,1
2024461513241,2024,461513241,1,9,0,-1,19,7,6,-1,0,0,0,0,0,0,1,1,-1,6,1,68,10,2360,8,3,MITSUBISHI OUTLANDER,8,E01024261,0,2
2024010515004,2024,010515004,2,9,0,99,99,9,9,99,99,9,9,99,9,99,1,9,6,6,1,50,8,1998,8,7,MITSUBISHI OUTLANDER,5,E01002651,0,1
2024991436568,2024,991436568,1,9,0,-1,2,0,0,-1,0,0,0,0,0,0,3,1,-1,6,-1,-1,-1,2360,8,3,MITSUBISHI OUTLANDER,-1,-1,0,-1
2024471444204,2024,471444204,1,9,0,-1,19,7,3,-1,0,0,0,0,0,0,3,1,-1,9,1,76,11,2360,8,5,MITSUBISHI OUTLANDER,6,E01021104,0,1
2024010517638,2024,010517638,3,9,0,18,19,3,7,0,0,0,0,0,0,0,4,1,6,6,1,35,6,1998,8,7,MITSUBISHI OUTLANDER,4,E01004415,0,1
2024122400554,2024,122400554,2,9,0,2,2,0,0,0,0,0,0,0,0,0,1,1,6,6,3,-1,-1,1998,8,7,MITSUBISHI OUTLANDER,-1,-1,0,-1
2024010505895,2024,010505895,1,9,0,7,7,1,4,0,0,1,0,0,0,0,1,1,6,6,1,25,5,2360,8,5,MITSUBISHI OUTLANDER,7,E01000273,0,3
2024451519191,2024,451519191,1,9,0,-1,5,1,5,-1,-1,0,0,0,0,0,3,9,-1,2,1,36,7,2268,2,12,MITSUBISHI OUTLANDER,8,E01030951,0,2
2024010504048,2024,010504048,1,9,0,9,9,3,1,0,0,6,0,0,0,0,3,1,6,6,1,45,7,1998,8,9,MITSUBISHI OUTLANDER,8,E01004111,0,2
2024440425388,2024,440425388,1,9,0,18,19,6,4,0,0,2,0,0,0,0,1,1,2,2,1,44,7,1998,8,10,MITSUBISHI OUTLANDER,4,E01017162,0,1
2024522401450,2024,522401450,1,9,0,4,4,2,6,0,0,0,0,0,0,0,2,1,6,6,2,38,7,2268,2,11,MITSUBISHI OUTLANDER,7,E01022345,0,4
2024111400426,2024,111400426,2,9,0,-1,19,1,5,-1,0,0,0,0,0,0,2,1,-1,9,2,46,8,1998,8,10,MITSUBISHI OUTLANDER,4,E01020826,0,1
2024101416536,2024,101416536,2,9,0,-1,4,1,5,-1,0,0,0,0,0,0,2,1,-1,9,1,47,8,1998,8,9,MITSUBISHI OUTLANDER,4,E01008483,0,1
202460Q069158,2024,60Q069158,2,9,0,17,19,3,6,0,0,0,0,0,0,0,1,1,6,6,1,54,8,2268,2,11,MITSUBISHI OUTLANDER,-1,-1,0,-1
2024201521375,2024,201521375,1,9,0,-1,19,1,5,-1,0,1,0,0,0,0,1,1,-1,9,1,47,8,1998,8,9,MITSUBISHI OUTLANDER,2,E01009263,0,1
2024010521381,2024,010521381,3,9,0,18,19,7,3,0,0,1,0,4,0,0,1,1,6,6,1,72,10,2360,1,16,MITSUBISHI OUTLANDER,4,E01001636,0,1
2024010537161,2024,010537161,2,9,0,99,99,9,9,99,99,6,9,99,9,99,9,9,6,6,3,-1,-1,1998,8,8,MITSUBISHI OUTLANDER,-1,-1,0,-1
2024010547805,2024,010547805,1,9,0,7,7,5,7,5,5,6,0,0,3,0,1,1,1,1,1,38,7,2360,8,5,MITSUBISHI OUTLANDER,3,E01003574,0,1
2024421470242,2024,421470242,1,9,0,-1,9,1,5,-1,0,8,0,0,0,0,1,1,-1,9,1,41,7,1998,8,6,MITSUBISHI OUTLANDER,3,E01021864,0,2
2024631455315,2024,631455315,1,9,0,-1,19,2,6,-1,9,0,0,0,1,10,4,1,-1,6,3,-1,-1,1968,2,17,MITSUBISHI OUTLANDER,-1,-1,0,-1
2024531433409,2024,531433409,1,9,0,-1,19,5,1,-1,0,0,0,11,7,11,3,9,-1,1,1,46,8,1998,8,9,MITSUBISHI OUTLANDER,4,E01022326,0,1
2024010532928,2024,010532928,1,8,0,1,1,5,1,9,9,1,0,0,0,0,2,1,6,6,1,37,7,1998,8,7,MITSUBISHI OUTLANDER,5,E01003340,0,1
2024451498658,2024,451498658,6,9,0,-1,19,5,1,-1,0,0,0,0,0,0,2,1,-1,6,1,52,8,1998,8,9,MITSUBISHI OUTLANDER,7,E01026392,0,5
2024131447914,2024,131447914,1,9,0,-1,8,4,8,-1,0,0,0,0,1,0,3,1,-1,9,2,32,6,2179,2,14,MITSUBISHI OUTLANDER,6,E01011500,0,1
2024010550425,2024,010550425,1,9,0,18,19,7,3,0,0,8,0,0,0,0,1,1,6,6,1,40,7,1998,8,7,MITSUBISHI OUTLANDER,3,E01000128,0,2
2024351490501,2024,351490501,1,9,0,-1,5,3,7,-1,0,0,0,0,0,0,3,1,-1,9,1,40,7,2360,8,4,MITSUBISHI OUTLANDER,8,E01035416,0,4
2024010519751,2024,010519751,1,9,9,99,99,9,9,99,99,9,9,99,9,99,9,9,6,6,3,28,6,1998,8,6,MITSUBISHI OUTLANDER,4,E01000472,0,1
2024351434420,2024,351434420,2,9,0,-1,10,3,7,-1,0,0,0,0,0,0,2,9,-1,2,1,35,6,1998,8,7,MITSUBISHI OUTLANDER,6,E01018297,0,2
2024010500999,2024,010500999,2,9,0,10,10,4,2,0,0,1,0,0,0,0,2,1,1,1,1,72,10,1998,8,7,MITSUBISHI OUTLANDER,6,E01001563,0,1
2024440014854,2024,440014854,1,9,0,16,19,8,4,0,0,0,0,0,0,0,1,1,6,6,1,38,7,2268,2,7,MITSUBISHI OUTLANDER,2,E01023029,0,3
2024010551371,2024,010551371,2,9,9,18,19,5,1,99,99,9,9,0,9,0,1,9,6,6,1,52,8,1998,8,7,MITSUBISHI OUTLANDER,3,E01000331,0,4
2024010517647,2024,010517647,2,8,0,18,19,7,3,0,0,0,0,0,0,0,1,1,1,1,1,50,8,1998,8,6,MITSUBISHI OUTLANDER,-1,-1,0,-1
2024010497723,2024,010497723,2,9,0,99,99,9,9,99,99,9,9,99,9,99,1,9,6,6,3,-1,-1,2360,8,6,MITSUBISHI OUTLANDER,-1,-1,0,-1
2024131470050,2024,131470050,2,9,0,-1,5,1,1,-1,0,6,0,0,0,0,0,1,-1,6,1,39,7,1998,8,9,MITSUBISHI OUTLANDER,4,E01010656,0,1
2024010531617,2024,010531617,2,8,0,99,99,9,9,99,99,9,9,99,9,99,9,9,6,6,3,-1,-1,1998,8,7,MITSUBISHI OUTLANDER,-1,-1,0,-1
2024430055927,2024,430055927,2,9,0,16,19,2,4,0,0,1,0,0,0,0,4,1,1,1,1,40,7,2268,2,11,MITSUBISHI OUTLANDER,6,E01017878,0,4
2024311403866,2024,311403866,2,9,0,-1,9,8,6,-1,0,5,0,0,0,0,1,1,-1,9,1,65,9,1998,8,8,MITSUBISHI OUTLANDER,-1,-1,0,-1
2024131524036,2024,131524036,2,9,0,-1,19,5,1,-1,0,0,0,0,0,0,2,1,-1,9,1,24,5,2268,2,11,MITSUBISHI OUTLANDER,7,E01013075,0,4
2024010506578,2024,010506578,2,9,0,2,2,0,0,0,0,1,0,0,0,0,2,1,6,6,3,-1,-1,1998,8,6,MITSUBISHI OUTLANDER,-1,-1,0,-1
2024552400911,2024,552400911,1,9,0,5,5,8,4,0,0,0,0,0,0,0,3,1,6,6,1,41,7,1998,1,4,MITSUBISHI OUTLANDER,5,E01006206,0,5
2024010489989,2024,010489989,2,9,9,99,99,9,9,99,99,9,0,99,9,99,9,9,6,6,1,61,9,2360,8,5,MITSUBISHI OUTLANDER,9,E01033063,0,3
2024131450730,2024,131450730,2,9,0,-1,19,1,8,-1,0,2,1,0,0,0,4,1,-1,9,2,50,8,1998,8,9,MITSUBISHI OUTLANDER,3,E01011519,0,1
2024421422411,2024,421422411,2,9,0,-1,4,7,3,-1,0,7,0,0,0,0,2,9,-1,6,1,39,7,1998,8,8,MITSUBISHI OUTLANDER,3,E01023573,0,4
2024010550619,2024,010550619,2,9,0,13,13,5,1,0,0,0,0,10,1,11,1,1,6,6,1,22,5,1998,8,9,MITSUBISHI OUTLANDER,2,E01003330,0,1
2024010535662,2024,010535662,1,9,0,9,9,7,4,0,0,1,0,0,0,0,1,1,6,6,1,34,6,2360,8,5,MITSUBISHI OUTLANDER,-1,-1,0,-1
2024501393676,2024,501393676,1,9,0,-1,5,7,3,-1,0,0,0,0,0,0,1,1,-1,6,1,50,8,2360,8,4,MITSUBISHI OUTLANDER,1,E01015023,0,1
2024010503789,2024,010503789,1,9,0,99,99,9,9,99,99,9,9,99,9,99,2,9,6,6,1,38,7,1998,1,5,MITSUBISHI OUTLANDER,6,E01015950,0,4
2024010529301,2024,010529301,2,9,0,99,99,9,9,99,99,9,9,99,9,99,9,9,6,6,3,-1,-1,1998,8,7,MITSUBISHI OUTLANDER,-1,-1,0,-1
2024010525631,2024,010525631,1,9,0,99,99,9,9,99,99,9,9,99,9,99,9,9,6,6,2,53,8,1998,1,5,MITSUBISHI OUTLANDER,5,E01002330,0,1
2024211459571,2024,211459571,1,9,0,-1,9,7,5,-1,0,0,0,0,0,0,1,1,-1,9,1,77,11,1998,8,7,MITSUBISHI OUTLANDER,7,E01029463,0,3
2024010528160,2024,010528160,1,9,0,18,19,1,5,0,0,8,0,0,0,0,1,1,6,6,3,-1,-1,1998,1,5,MITSUBISHI OUTLANDER,-1,-1,0,-1
2024552400632,2024,552400632,1,9,0,7,7,6,8,0,0,6,0,0,0,0,1,1,6,6,1,50,8,2360,8,4,MITSUBISHI OUTLANDER,6,E01020541,0,1
2024010524262,2024,010524262,2,9,0,1,1,9,9,99,99,0,9,99,9,99,2,9,6,6,3,-1,-1,1998,8,8,MITSUBISHI OUTLANDER,-1,-1,0,-1
2024010538429,2024,010538429,2,9,0,99,99,9,9,99,99,9,9,99,9,99,1,9,6,6,3,-1,-1,1998,8,9,MITSUBISHI OUTLANDER,6,E01002182,0,2
2024010551289,2024,010551289,1,9,0,16,19,1,5,0,0,8,0,0,0,0,2,1,6,6,1,68,10,2360,8,3,MITSUBISHI OUTLANDER,9,E01030545,0,4
2024010527289,2024,010527289,1,9,0,7,7,7,1,0,0,8,0,4,0,0,1,1,6,6,1,24,5,1998,8,7,MITSUBISHI OUTLANDER,-1,-1,0,-1
2024401526242,2024,401526242,3,9,0,-1,4,5,1,-1,0,0,0,0,0,0,2,1,-1,6,1,47,8,2360,8,6,MITSUBISHI OUTLANDER,3,E01000735,0,4
2024122401237,2024,122401237,2,9,0,5,5,1,5,0,0,1,0,0,0,0,1,1,2,2,2,55,8,2268,2,9,MITSUBISHI OUTLANDER,7,E01027888,0,2
2024010513941,2024,010513941,1,9,0,3,3,7,3,0,0,1,0,0,1,0,0,1,1,1,1,36,7,2268,2,6,MITSUBISHI OUTLANDER,8,E01002453,0,4
2024041496486,2024,041496486,1,9,0,-1,19,5,1,-1,0,8,0,0,0,0,1,1,-1,9,1,51,8,2268,2,11,MITSUBISHI OUTLANDER,5,E01012635,0,1
2024010497640,2024,010497640,2,9,0,18,19,5,1,0,0,1,0,0,0,0,1,1,1,1,1,45,7,2360,8,3,MITSUBISHI OUTLANDER,9,E01030605,0,3
2024010533003,2024,010533003,2,9,0,99,99,9,9,99,99,9,9,99,9,99,9,9,6,6,3,-1,-1,1998,8,9,MITSUBISHI OUTLANDER,-1,-1,0,-1
2024471437982,2024,471437982,1,9,0,-1,10,8,6,-1,0,5,0,0,0,0,2,2,-1,9,2,53,8,1998,8,9,MITSUBISHI OUTLANDER,8,E01031726,0,4
2024451437695,2024,451437695,2,9,0,-1,2,0,0,-1,0,0,0,0,0,0,2,1,-1,6,-1,-1,-1,2268,2,9,MITSUBISHI OUTLANDER,-1,-1,0,-1
2024010540491,2024,010540491,1,9,0,18,19,3,7,0,0,8,0,0,0,0,3,1,1,1,1,56,9,2360,8,3,MITSUBISHI OUTLANDER,6,E01003110,0,1
2024201481071,2024,201481071,1,9,0,-1,7,8,1,-1,0,6,0,0,0,0,1,1,-1,6,1,-1,-1,1998,1,5,MITSUBISHI OUTLANDER,3,E01004400,0,5
2024041418215,2024,041418215,1,9,0,-1,19,1,5,-1,0,0,0,0,0,0,4,1,-1,7,2,51,8,1998,8,7,MITSUBISHI OUTLANDER,3,E01025442,0,1
2024351532150,2024,351532150,2,9,0,-1,19,8,4,-1,0,0,1,0,1,0,3,1,-1,2,1,53,8,2268,2,9,MITSUBISHI OUTLANDER,2,E01027342,0,4
2024010547609,2024,010547609,1,9,0,99,99,9,9,99,99,9,9,99,9,99,9,1,6,6,3,55,8,2360,8,4,MITSUBISHI OUTLANDER,8,E01002579,0,1
2024552401204,2024,552401204,2,9,0,3,3,6,2,0,0,1,0,0,0,0,2,1,6,6,2,31,6,1998,8,6,MITSUBISHI OUTLANDER,3,E01015292,0,1
2024010514581,2024,010514581,1,9,0,17,19,7,3,0,0,0,0,4,0,0,4,1,6,6,2,41,7,1998,8,8,MITSUBISHI OUTLANDER,7,E01034154,0,1
2024010548239,2024,010548239,2,9,9,99,99,9,9,99,99,9,9,99,9,99,9,9,6,6,3,-1,-1,1998,8,8,MITSUBISHI OUTLANDER,-1,-1,0,-1
2024340WN0772,2024,340WN0772,2,9,0,-1,14,8,4,-1,0,0,0,0,0,0,2,1,-1,9,1,36,7,2360,8,5,MITSUBISHI OUTLANDER,5,E01027213,0,1
2024010516717,2024,010516717,1,9,0,1,1,7,3,0,0,6,0,0,0,0,2,1,6,6,2,46,8,1998,8,7,MITSUBISHI OUTLANDER,6,E01004017,0,1
2024371403915,2024,371403915,1,9,0,-1,19,2,2,-1,9,0,0,0,7,10,1,1,-1,6,1,80,11,1998,8,7,MITSUBISHI OUTLANDER,5,E01030272,0,1
2024531453562,2024,531453562,2,9,0,-1,19,2,6,-1,0,3,0,0,0,0,4,1,-1,9,1,60,9,1968,2,17,MITSUBISHI OUTLANDER,5,E01022270,0,4
2024531488955,2024,531488955,3,9,0,-1,19,1,5,-1,0,0,0,0,0,0,2,1,-1,6,2,21,5,2360,8,4,MITSUBISHI OUTLANDER,5,E01015479,0,4
2024010542430,2024,010542430,1,9,0,1,1,1,6,0,0,1,0,4,0,0,2,1,1,1,2,44,7,1998,8,8,MITSUBISHI OUTLANDER,3,E01001856,0,2
2024340WN5902,2024,340WN5902,1,9,0,-1,9,7,5,-1,0,6,0,0,0,0,1,1,-1,9,2,53,8,1998,8,9,MITSUBISHI OUTLANDER,8,E01027160,0,1
2024501444744,2024,501444744,1,9,0,-1,19,3,7,-1,0,0,0,0,0,0,1,1,-1,9,1,37,7,1968,2,16,MITSUBISHI OUTLANDER,3,E01020131,0,2
2024340NN0992,2024,340NN0992,1,9,0,-1,19,5,1,-1,0,2,0,0,0,0,1,1,-1,6,1,-1,-1,2360,8,5,MITSUBISHI OUTLANDER,-1,-1,0,-1
2024010537697,2024,010537697,2,9,0,18,19,1,5,0,0,0,0,0,0,0,1,1,6,6,1,59,9,1998,8,10,MITSUBISHI OUTLANDER,1,E01002082,0,1
2024411541164,2024,411541164,1,9,0,-1,19,1,5,-1,0,0,1,4,0,0,1,1,-1,6,1,26,6,1998,8,9,MITSUBISHI OUTLANDER,7,E01023360,0,1
2024461400530,2024,461400530,1,9,0,-1,19,3,7,-1,0,0,0,0,0,0,1,1,-1,9,1,85,11,2360,8,5,MITSUBISHI OUTLANDER,8,E01024063,0,2
2024010523740,2024,010523740,3,9,0,18,19,1,5,0,0,1,0,0,0,0,3,1,6,6,1,48,8,1998,8,10,MITSUBISHI OUTLANDER,5,E01000468,0,3
2024010550751,2024,010550751,1,9,0,-1,-1,5,1,0,0,1,0,0,0,0,1,1,6,6,1,44,7,2360,8,3,MITSUBISHI OUTLANDER,3,E01021764,0,4
2024440118878,2024,440118878,1,9,0,4,4,1,5,0,0,1,0,0,0,0,2,1,2,2,1,58,9,1968,2,15,MITSUBISHI OUTLANDER,2,E01017253,0,1
2024010511921,2024,010511921,1,9,0,3,3,3,7,0,0,8,0,0,0,0,3,1,2,2,1,41,7,2360,8,5,MITSUBISHI OUTLANDER,3,E01033944,0,1
2024010540420,2024,010540420,2,9,0,18,19,3,7,0,0,2,0,0,0,0,3,1,6,6,1,53,8,1998,8,10,MITSUBISHI OUTLANDER,6,E01003218,0,1
2024451477134,2024,451477134,2,9,0,-1,11,5,1,-1,0,0,0,0,0,0,1,1,-1,9,1,42,7,1998,8,8,MITSUBISHI OUTLANDER,6,E01031557,0,3
2024010543988,2024,010543988,1,9,0,5,5,6,2,0,0,0,0,0,0,0,1,1,6,6,1,90,11,1998,8,8,MITSUBISHI OUTLANDER,6,E01000584,0,1
2024070651709,2024,070651709,1,9,0,18,19,5,1,0,0,1,0,0,0,0,1,1,6,6,1,-1,-1,1998,8,8,MITSUBISHI OUTLANDER,-1,-1,0,-1
2024131483666,2024,131483666,3,9,0,-1,19,5,1,-1,0,1,0,0,0,0,1,1,-1,6,2,47,8,1998,8,9,MITSUBISHI OUTLANDER,4,E01010633,0,1
2024010538737,2024,010538737,2,9,0,17,19,3,8,0,0,1,0,0,0,0,2,1,3,7,2,47,8,1998,8,9,MITSUBISHI OUTLANDER,5,E01000505,0,1
2024010514970,2024,010514970,2,8,0,18,19,5,1,0,0,0,0,0,0,0,1,1,6,6,1,44,7,2360,8,5,MITSUBISHI OUTLANDER,2,E01001437,0,1
2024161502338,2024,161502338,3,9,0,-1,4,2,6,-1,0,0,0,0,0,0,2,1,-1,9,2,41,7,1998,8,10,MITSUBISHI OUTLANDER,9,E01012988,0,1
2024010542994,2024,010542994,1,8,0,99,99,9,9,99,99,0,9,99,9,99,2,9,1,1,1,46,8,1998,8,8,MITSUBISHI OUTLANDER,4,E01003767,0,2
2024161435600,2024,161435600,2,9,0,-1,19,7,3,-1,0,0,0,0,0,0,1,9,-1,6,1,-1,-1,1998,8,9,MITSUBISHI OUTLANDER,3,E01012936,0,4
2024451517570,2024,451517570,2,9,0,-1,5,1,5,-1,0,8,0,0,0,0,1,1,-1,9,2,54,8,1998,8,9,MITSUBISHI OUTLANDER,10,E01030863,0,1
2024101422440,2024,101422440,2,9,0,-1,2,5,1,-1,0,0,0,0,0,0,1,1,-1,6,1,27,6,1968,2,14,MITSUBISHI OUTLANDER,1,E01008223,0,1
2024122400856,2024,122400856,2,9,0,3,3,7,3,0,0,1,0,0,0,0,2,1,6,6,1,28,6,1998,1,5,MITSUBISHI OUTLANDER,4,E01020852,0,3
2024401461226,2024,401461226,3,9,0,-1,2,0,0,-1,0,0,0,0,0,0,2,1,-1,6,-1,-1,-1,1998,8,10,MITSUBISHI OUTLANDER,-1,-1,0,-1
2024010542186,2024,010542186,1,9,0,18,19,8,4,2,2,1,0,0,0,0,1,1,6,6,1,63,9,1998,8,9,MITSUBISHI OUTLANDER,5,E01000606,0,1
2024010509951,2024,010509951,1,9,0,99,99,9,9,99,99,9,9,99,9,99,1,9,6,6,2,36,7,1998,1,6,MITSUBISHI OUTLANDER,4,E01001183,0,1
2024451412100,2024,451412100,2,9,0,-1,19,2,4,-1,0,4,0,0,0,0,1,1,-1,9,2,43,7,1998,8,8,MITSUBISHI OUTLANDER,2,E01034293,0,1
2024010499710,2024,010499710,2,9,0,99,99,9,9,99,99,9,9,99,9,99,9,9,6,6,1,46,8,2360,8,4,MITSUBISHI OUTLANDER,4,E01004536,0,2
2024041474692,2024,041474692,2,9,0,-1,19,7,3,-1,0,1,0,0,0,0,4,1,-1,2,1,39,7,1998,1,5,MITSUBISHI OUTLANDER,1,E01012735,0,1
2024010506185,2024,010506185,1,9,0,99,99,9,9,99,99,0,9,99,9,99,2,9,6,6,1,44,7,1998,8,6,MITSUBISHI OUTLANDER,3,E01000041,0,1
2024010535819,2024,010535819,2,9,0,2,2,0,0,0,0,1,0,0,0,0,3,1,6,6,3,-1,-1,1998,8,6,MITSUBISHI OUTLANDER,-1,-1,0,-1
2024211512815,2024,211512815,2,9,0,-1,19,1,6,-1,0,0,0,0,0,0,2,1,-1,6,1,62,9,2268,2,11,MITSUBISHI OUTLANDER,1,E01014361,0,2
2024501415367,2024,501415367,2,9,0,-1,9,5,2,-1,0,6,0,0,0,0,1,1,-1,9,2,41,7,2268,2,11,MITSUBISHI OUTLANDER,5,E01018768,0,3
2024010543380,2024,010543380,1,9,9,99,99,9,9,99,99,9,0,99,9,99,9,9,6,6,3,-1,-1,1998,8,7,MITSUBISHI OUTLANDER,-1,-1,0,-1
2024522500210,2024,522500210,1,9,0,16,19,3,6,0,0,8,0,0,0,0,2,1,6,6,2,44,7,1998,8,6,MITSUBISHI OUTLANDER,5,E01014973,0,1
2024010500285,2024,010500285,1,9,0,7,7,3,5,0,0,8,0,0,0,0,4,1,6,6,1,53,8,1998,8,8,MITSUBISHI OUTLANDER,1,E01033873,0,1