collision_index,collision_year,collision_ref_no,vehicle_reference,vehicle_type,towing_and_articulation,vehicle_manoeuvre_historic,vehicle_manoeuvre,vehicle_direction_from,vehicle_direction_to,vehicle_location_restricted_lane_historic,vehicle_location_restricted_lane,junction_location,skidding_and_overturning,hit_object_in_carriageway,vehicle_leaving_carriageway,hit_object_off_carriageway,first_point_of_impact,vehicle_left_hand_drive,journey_purpose_of_driver_historic,journey_purpose_of_driver,sex_of_driver,age_of_driver,age_band_of_driver,engine_capacity_cc,propulsion_code,age_of_vehicle,generic_make_model,driver_imd_decile,lsoa_of_driver,escooter_flag,driver_distance_banding
2024421452330,2024,421452330,2,9,0,-1,9,7,3,-1,0,5,0,0,0,0,3,1,-1,9,1,53,8,1998,8,9,MITSUBISHI OUTLANDER,6,E01021491,0,1
2024421500999,2024,421500999,2,9,0,-1,-1,-1,-1,-1,-1,0,-1,-1,-1,0,-1,9,-1,6,2,46,8,1998,1,5,MITSUBISHI OUTLANDER,7,E01023492,0,1
2024302401691,2024,302401691,1,9,0,-1,19,4,8,-1,0,2,0,0,0,0,1,1,-1,2,2,43,7,2268,2,8,MITSUBISHI OUTLANDER,2,E01013581,0,1
2024010523040,2024,010523040,3,9,0,4,4,7,3,0,0,0,0,1,0,0,1,1,1,1,1,28,6,2360,8,4,MITSUBISHI OUTLANDER,4,E01001898,0,1
2024522401522,2024,522401522,2,9,0,18,19,1,5,0,0,0,1,0,0,0,1,1,6,6,2,24,5,1998,8,8,MITSUBISHI OUTLANDER,6,E01014986,0,1
2024332400811,2024,332400811,1,9,0,-1,19,4,8,-1,0,8,0,0,0,0,4,1,-1,6,1,-1,-1,2360,8,6,MITSUBISHI OUTLANDER,-1,-1,0,-1
2024010517854,2024,010517854,1,9,9,99,99,9,9,99,99,9,9,99,9,99,9,9,6,6,1,57,9,1998,1,4,MITSUBISHI OUTLANDER,5,E01002660,0,2
2024411517679,2024,411517679,2,8,0,-1,19,6,2,-1,0,8,1,0,0,0,4,1,-1,1,1,36,7,1998,8,7,MITSUBISHI OUTLANDER,9,E01021825,0,4
2024010514222,2024,010514222,1,9,0,2,2,0,0,0,0,1,0,8,0,0,3,1,6,6,3,-1,-1,2360,8,4,MITSUBISHI OUTLANDER,-1,-1,0,-1
2024010521488,2024,010521488,1,9,0,11,11,1,5,0,0,1,0,0,0,0,1,1,1,1,1,28,6,2360,8,4,MITSUBISHI OUTLANDER,4,E01001898,0,1
2024010522902,2024,010522902,1,9,0,2,2,0,0,6,6,0,0,0,0,0,3,1,6,6,3,-1,-1,1998,8,7,MITSUBISHI OUTLANDER,-1,-1,0,-1
2024991471450,2024,991471450,2,9,0,-1,19,4,8,-1,0,1,0,0,0,0,1,1,-1,9,2,44,7,2268,2,7,MITSUBISHI OUTLANDER,7,-1,0,2
2024201461070,2024,201461070,2,9,0,-1,5,1,7,-1,0,1,0,0,0,0,3,1,-1,6,1,40,7,1998,8,8,MITSUBISHI OUTLANDER,2,E01010128,0,3
2024010508650,2024,010508650,2,9,0,18,19,1,5,0,0,4,0,0,0,0,2,1,1,1,1,59,9,2360,8,6,MITSUBISHI OUTLANDER,-1,-1,0,-1
2024440404373,2024,440404373,2,9,0,9,9,8,4,0,0,8,0,0,0,0,1,1,2,2,2,45,7,1998,8,9,MITSUBISHI OUTLANDER,9,E01035438,0,2
2024010543112,2024,010543112,2,8,0,18,19,3,7,0,0,0,0,0,0,0,1,2,1,1,1,49,8,2360,8,3,MITSUBISHI OUTLANDER,4,E01003603,0,1
2024010549527,2024,010549527,1,9,0,18,19,3,7,0,0,8,0,0,0,0,1,1,6,6,2,48,8,1998,1,5,MITSUBISHI OUTLANDER,3,E01024487,0,4
2024520403404,2024,520403404,4,9,0,4,4,8,4,0,0,0,0,0,0,0,1,1,6,6,1,40,7,1998,8,8,MITSUBISHI OUTLANDER,6,E01029267,0,4
2024010498020,2024,010498020,1,8,0,99,99,9,9,99,99,0,9,99,9,99,2,1,6,6,3,-1,-1,1998,8,10,MITSUBISHI OUTLANDER,-1,-1,0,-1
2024010526059,2024,010526059,2,9,0,99,99,9,9,99,99,9,9,99,9,99,1,9,6,6,3,71,10,2360,8,6,MITSUBISHI OUTLANDER,7,E01002655,0,1
2024010525631,2024,010525631,2,9,0,99,99,9,9,99,99,9,9,99,9,99,0,9,6,6,3,-1,-1,2268,2,8,MITSUBISHI OUTLANDER,2,E01000063,0,1
2024010544391,2024,010544391,2,9,0,99,99,9,9,99,99,9,9,99,9,99,1,9,6,6,3,-1,-1,1998,8,8,MITSUBISHI OUTLANDER,-1,-1,0,-1
2024471416027,2024,471416027,16,9,0,-1,19,7,3,-1,0,0,1,0,0,0,1,1,-1,6,2,44,7,1998,8,9,MITSUBISHI OUTLANDER,8,E01001123,0,4
2024052400155,2024,052400155,2,9,0,18,19,7,3,0,0,1,0,0,1,0,1,1,2,2,1,49,8,1968,2,16,MITSUBISHI OUTLANDER,5,E01007159,0,1
2024991521583,2024,991521583,2,9,0,-1,5,8,4,-1,0,0,0,0,0,0,1,1,-1,2,1,52,8,2268,2,5,MITSUBISHI OUTLANDER,6,-1,0,2
2024451536401,2024,451536401,1,9,0,-1,19,1,5,-1,0,0,0,0,0,0,2,9,-1,6,2,69,10,2179,2,16,MITSUBISHI OUTLANDER,10,E01030958,0,1
2024010507658,2024,010507658,1,9,0,12,12,4,8,0,0,3,0,0,0,0,3,1,6,6,1,66,10,1998,8,8,MITSUBISHI OUTLANDER,3,E01004189,0,1
2024071079629,2024,071079629,1,9,0,-1,4,2,4,-1,0,1,0,0,0,0,2,1,-1,9,1,46,8,1998,8,6,MITSUBISHI OUTLANDER,9,E01012450,0,1
2024071060426,2024,071060426,1,9,0,-1,99,9,9,-1,0,1,0,0,0,0,4,1,-1,6,2,49,8,1998,8,10,MITSUBISHI OUTLANDER,1,E01006357,0,3
2024471440508,2024,471440508,2,9,0,-1,9,8,6,-1,0,0,0,0,0,0,3,1,-1,9,1,62,9,2268,2,13,MITSUBISHI OUTLANDER,5,E01034300,0,2
2024010511577,2024,010511577,1,9,0,10,10,7,5,0,0,6,0,0,0,0,4,1,1,1,1,50,8,1998,8,8,MITSUBISHI OUTLANDER,4,E01003769,0,1
2024010536265,2024,010536265,2,9,0,5,5,7,3,0,0,1,0,0,0,0,4,1,1,1,1,37,7,1998,8,8,MITSUBISHI OUTLANDER,3,E01002697,0,2
2024141489785,2024,141489785,1,9,0,-1,9,6,4,-1,0,6,0,0,0,0,1,1,-1,9,2,27,6,2268,2,9,MITSUBISHI OUTLANDER,2,E01007789,0,1
2024010522465,2024,010522465,2,9,0,11,11,3,7,0,0,1,0,0,0,0,4,1,6,6,1,29,6,1998,8,10,MITSUBISHI OUTLANDER,6,E01001271,0,2
2024131493995,2024,131493995,3,9,0,-1,19,3,7,-1,0,0,0,0,0,0,1,1,-1,2,1,58,9,1998,8,10,MITSUBISHI OUTLANDER,5,E01008139,0,4
2024430594256,2024,430594256,2,9,0,18,19,1,5,0,0,0,0,0,0,0,1,1,6,6,3,-1,-1,2360,8,6,MITSUBISHI OUTLANDER,-1,-1,0,-1
2024010547791,2024,010547791,1,9,9,99,99,9,9,99,99,9,9,99,9,99,9,9,6,6,1,35,6,1998,8,7,MITSUBISHI OUTLANDER,6,E01002586,0,3
2024010521637,2024,010521637,1,9,0,18,19,7,3,0,0,1,0,0,0,0,1,1,6,6,1,44,7,2360,8,4,MITSUBISHI OUTLANDER,-1,-1,0,-1
2024010548994,2024,010548994,1,9,0,18,19,1,5,0,0,1,0,0,0,0,1,1,6,6,1,60,9,2360,8,5,MITSUBISHI OUTLANDER,7,E01003429,0,1
2024041408502,2024,041408502,2,9,0,-1,19,5,1,-1,0,0,0,0,0,0,1,1,-1,6,2,53,8,1998,8,9,MITSUBISHI OUTLANDER,6,-1,0,5
2024010546662,2024,010546662,2,9,0,18,19,5,1,0,0,0,0,0,0,0,1,1,6,6,3,-1,-1,1998,8,7,MITSUBISHI OUTLANDER,-1,-1,0,-1
2024010545240,2024,010545240,1,9,0,17,19,5,1,0,0,1,0,0,0,0,1,1,6,6,3,-1,-1,2378,1,19,MITSUBISHI OUTLANDER,-1,-1,0,-1
2024010530481,2024,010530481,1,9,0,18,19,1,5,0,0,0,0,0,0,0,1,1,6,6,1,46,8,1998,8,7,MITSUBISHI OUTLANDER,-1,-1,0,-1
2024371495732,2024,371495732,2,9,0,-1,4,5,1,-1,0,0,0,0,0,0,3,1,-1,1,1,50,8,1998,8,9,MITSUBISHI OUTLANDER,9,E01029977,0,2
2024471437628,2024,471437628,1,9,0,-1,5,2,5,-1,0,4,0,0,0,0,3,1,-1,9,2,51,8,2268,2,11,MITSUBISHI OUTLANDER,6,E01035331,0,1
2024010526650,2024,010526650,1,9,0,99,99,9,9,99,99,9,9,99,9,99,2,9,6,6,2,35,6,1998,1,5,MITSUBISHI OUTLANDER,6,E01003771,0,1
2024141439250,2024,141439250,2,9,0,-1,13,3,7,-1,0,0,0,0,0,0,1,1,-1,6,1,36,7,1968,2,17,MITSUBISHI OUTLANDER,2,E01007391,0,1
2024211509778,2024,211509778,1,9,0,-1,9,7,1,-1,0,2,0,0,0,0,1,1,-1,6,1,-1,-1,2268,2,9,MITSUBISHI OUTLANDER,-1,-1,0,-1
2024501501983,2024,501501983,2,9,0,-1,2,0,0,-1,0,2,0,4,0,0,4,1,-1,6,1,45,7,1998,8,8,MITSUBISHI OUTLANDER,6,E01015201,0,1
2024010540227,2024,010540227,3,9,0,18,19,1,5,0,0,0,0,0,0,0,2,1,6,6,1,48,8,1998,8,7,MITSUBISHI OUTLANDER,6,E01002319,0,1
2024010547297,2024,010547297,1,9,0,5,5,3,7,0,0,1,0,0,1,0,4,1,6,6,1,48,8,1998,8,7,MITSUBISHI OUTLANDER,4,E01001363,0,1
2024010521001,2024,010521001,1,9,0,18,19,5,1,2,2,8,0,0,0,0,3,1,2,2,2,19,4,1998,8,10,MITSUBISHI OUTLANDER,1,E01002736,0,1
2024010529133,2024,010529133,2,9,0,5,5,3,7,0,0,8,0,0,0,0,4,1,6,6,1,43,7,1998,8,9,MITSUBISHI OUTLANDER,5,E01004522,0,2
2024010543021,2024,010543021,1,9,0,99,99,9,9,99,99,0,9,99,9,99,2,9,6,6,1,28,6,1998,8,9,MITSUBISHI OUTLANDER,3,E01004189,0,1
2024010502748,2024,010502748,1,9,0,18,19,9,9,99,99,0,9,99,9,99,4,9,6,6,1,26,6,1998,1,4,MITSUBISHI OUTLANDER,7,E01000657,0,2
2024501532586,2024,501532586,1,9,0,-1,3,1,5,-1,0,0,5,0,1,11,4,1,-1,9,1,49,8,2268,2,6,MITSUBISHI OUTLANDER,5,E01020002,0,1
2024541056824,2024,541056824,3,9,0,7,7,1,3,0,0,6,0,0,0,0,2,1,2,2,2,54,8,2268,2,10,MITSUBISHI OUTLANDER,10,E01032080,0,1
2024010532057,2024,010532057,1,9,0,5,5,1,5,0,0,1,0,4,1,0,1,1,6,6,1,36,7,1998,8,10,MITSUBISHI OUTLANDER,-1,-1,0,-1
2024010545981,2024,010545981,1,9,0,18,19,5,1,0,0,8,0,4,0,0,1,1,6,6,1,23,5,2360,8,5,MITSUBISHI OUTLANDER,-1,-1,0,-1
2024461442844,2024,461442844,1,9,0,-1,19,3,7,-1,0,0,0,0,0,0,4,1,-1,6,1,64,9,2360,8,6,MITSUBISHI OUTLANDER,3,E01001703,0,3
2024461411569,2024,461411569,1,9,0,-1,11,4,8,-1,0,0,0,0,0,0,2,9,-1,6,1,79,11,2360,8,5,MITSUBISHI OUTLANDER,8,E01014423,0,5
2024991434396,2024,991434396,1,9,0,-1,19,1,5,-1,0,0,0,0,0,0,2,1,-1,9,2,36,7,1998,1,5,MITSUBISHI OUTLANDER,5,-1,0,4
2024010515964,2024,010515964,3,9,0,99,99,9,9,99,99,9,9,99,9,99,1,9,6,6,3,-1,-1,1998,8,9,MITSUBISHI OUTLANDER,5,E01001686,0,2
2024010540260,2024,010540260,1,9,0,14,14,7,3,0,0,0,0,0,0,0,1,1,6,6,1,50,8,1998,8,8,MITSUBISHI OUTLANDER,3,E01003545,0,1
2024440167846,2024,440167846,1,9,0,1,1,7,3,0,0,1,0,0,0,0,2,1,6,6,1,-1,-1,1998,8,7,MITSUBISHI OUTLANDER,-1,-1,0,-1
2024421488999,2024,421488999,1,9,0,-1,9,1,7,-1,0,1,0,0,0,0,3,1,-1,6,1,44,7,1998,1,4,MITSUBISHI OUTLANDER,2,E01015897,0,1
2024501484111,2024,501484111,2,9,0,-1,19,1,5,-1,0,0,0,0,0,0,1,1,-1,6,1,55,8,2268,2,9,MITSUBISHI OUTLANDER,6,E01013007,0,5
2024010540822,2024,010540822,1,9,0,9,9,3,1,0,0,3,0,0,0,0,0,1,2,2,1,48,8,2360,8,3,MITSUBISHI OUTLANDER,2,E01004757,0,1
2024531509929,2024,531509929,1,9,0,-1,5,3,7,-1,0,6,0,0,0,0,1,1,-1,9,2,42,7,2360,8,3,MITSUBISHI OUTLANDER,9,E01022453,0,3
2024211525425,2024,211525425,1,9,0,-1,2,1,5,-1,0,0,0,0,0,0,3,1,-1,6,2,39,7,2268,2,8,MITSUBISHI OUTLANDER,4,E01029552,0,2
2024010542303,2024,010542303,2,9,0,9,9,4,2,0,0,6,0,0,7,0,3,1,6,6,1,53,8,1998,8,8,MITSUBISHI OUTLANDER,6,E01002984,0,1
2024010500594,2024,010500594,2,9,0,99,99,9,9,99,99,9,9,99,9,99,9,9,6,6,3,-1,-1,1998,8,8,MITSUBISHI OUTLANDER,-1,-1,0,-1
2024010505078,2024,010505078,2,9,0,11,11,6,2,0,0,1,0,0,0,0,1,1,6,6,3,-1,-1,1998,8,9,MITSUBISHI OUTLANDER,-1,-1,0,-1
2024010509546,2024,010509546,1,9,0,5,5,1,5,0,0,3,0,0,0,0,1,1,6,6,1,72,10,2378,1,20,MITSUBISHI OUTLANDER,4,E01002893,0,1
2024430440218,2024,430440218,3,9,0,18,19,8,4,0,0,0,0,0,0,0,2,1,2,2,2,52,8,1998,8,8,MITSUBISHI OUTLANDER,6,E01028697,0,2
2024461484070,2024,461484070,1,9,0,-1,19,3,7,-1,0,0,0,0,0,0,1,9,-1,6,1,69,10,1968,2,17,MITSUBISHI OUTLANDER,9,E01024849,0,1
2024010533200,2024,010533200,2,9,0,4,4,1,5,0,0,8,0,0,0,0,2,2,2,2,1,50,8,1998,8,8,MITSUBISHI OUTLANDER,-1,-1,0,-1
2024411521000,2024,411521000,1,9,0,-1,9,3,5,-1,0,6,0,0,0,0,3,1,-1,6,1,39,7,1998,8,9,MITSUBISHI OUTLANDER,3,E01000016,0,4
2024451408183,2024,451408183,1,9,0,-1,19,5,1,-1,0,1,0,0,0,0,1,1,-1,9,2,45,7,2268,2,8,MITSUBISHI OUTLANDER,9,E01030646,0,2
2024991443819,2024,991443819,2,9,0,-1,19,6,2,-1,0,1,0,0,0,0,4,1,-1,6,1,47,8,2360,8,6,MITSUBISHI OUTLANDER,10,-1,0,3
2024061506400,2024,061506400,2,9,0,-1,19,1,6,-1,0,1,0,0,0,0,1,1,-1,6,1,48,8,1998,8,8,MITSUBISHI OUTLANDER,1,E01004830,0,2
2024010522604,2024,010522604,1,9,0,2,2,9,9,99,99,0,9,99,9,99,2,9,1,1,1,47,8,1998,8,9,MITSUBISHI OUTLANDER,5,E01032567,0,4
2024010548822,2024,010548822,1,9,0,18,19,7,3,0,0,1,0,11,0,0,1,1,1,1,1,46,8,1998,8,7,MITSUBISHI OUTLANDER,8,E01001919,0,1
2024991485748,2024,991485748,3,9,0,-1,4,2,6,-1,0,0,0,0,0,0,2,1,-1,9,1,54,8,1998,8,9,MITSUBISHI OUTLANDER,-1,-1,0,-1
2024131418136,2024,131418136,2,9,0,-1,7,1,3,-1,0,6,0,0,0,0,1,1,-1,6,2,38,7,1998,8,8,MITSUBISHI OUTLANDER,4,E01010978,0,2
2024010511752,2024,010511752,2,9,0,99,99,9,9,99,99,9,9,99,9,99,9,9,6,6,3,-1,-1,1998,8,6,MITSUBISHI OUTLANDER,-1,-1,0,-1
2024010506795,2024,010506795,1,9,0,9,9,3,8,0,0,2,0,0,0,0,1,1,1,1,1,57,9,1998,8,8,MITSUBISHI OUTLANDER,2,E01024294,0,4
2024471481497,2024,471481497,1,9,0,-1,19,5,1,-1,0,0,0,0,0,0,1,1,-1,1,2,25,5,1998,8,8,MITSUBISHI OUTLANDER,10,E01030627,0,3
2024351457238,2024,351457238,2,9,0,-1,4,6,2,-1,0,1,0,0,0,0,2,1,-1,6,1,60,9,2268,2,13,MITSUBISHI OUTLANDER,10,E01014937,0,5
2024311453313,2024,311453313,3,9,0,-1,19,7,3,-1,0,0,0,0,0,0,2,1,-1,6,3,-1,-1,2268,2,6,MITSUBISHI OUTLANDER,-1,-1,0,-1
2024141536027,2024,141536027,1,9,0,-1,7,1,3,-1,0,1,0,0,0,0,1,1,-1,9,1,85,11,1998,8,7,MITSUBISHI OUTLANDER,3,E01034752,0,5
2024010546667,2024,010546667,2,8,0,99,99,9,9,99,99,9,9,99,9,99,1,9,6,6,3,42,7,1998,8,9,MITSUBISHI OUTLANDER,9,E01003777,0,3
2024010551371,2024,010551371,1,8,0,3,3,9,9,99,99,9,9,99,9,99,2,9,1,1,1,50,8,1998,8,8,MITSUBISHI OUTLANDER,3,E01003545,0,3
2024010538736,2024,010538736,2,9,9,99,99,9,9,99,99,9,9,99,9,99,9,9,6,6,3,-1,-1,1998,8,8,MITSUBISHI OUTLANDER,-1,-1,0,-1
2024111467938,2024,111467938,1,4,0,-1,13,1,4,-1,0,0,0,0,0,0,3,1,-1,6,1,74,10,150,1,48,-1,7,E01027496,0,3
2024010498684,2024,010498684,1,3,0,12,12,5,1,0,0,2,0,0,0,0,1,1,6,6,1,24,5,399,1,2,-1,3,E01002708,0,1
2024010518939,2024,010518939,1,4,0,7,7,7,1,0,0,6,5,0,0,0,3,1,6,6,1,22,5,330,1,9,-1,2,E01003330,0,1
2024461418173,2024,461418173,1,2,0,-1,14,3,3,-1,0,1,2,4,0,0,1,1,-1,9,1,15,3,330,1,10,-1,5,E01024319,0,1
2024461437917,2024,461437917,2,4,0,-1,13,7,3,-1,0,0,0,0,0,0,3,1,-1,2,1,52,8,330,1,9,-1,4,E01016097,0,2
2024010508642,2024,010508642,2,4,0,18,19,1,5,0,0,8,5,0,0,0,1,1,6,6,1,23,5,330,1,9,-1,6,E01003281,0,2
2024010533050,2024,010533050,2,4,0,15,15,5,1,0,0,1,0,0,0,0,1,1,6,6,1,33,6,330,1,6,-1,5,E01000994,0,1
2024010514194,2024,010514194,2,4,0,7,7,3,5,0,0,5,0,0,0,0,1,1,6,6,1,23,5,330,1,10,-1,3,E01001841,0,3
2024461510589,2024,461510589,1,4,0,-1,19,1,5,-1,-1,0,0,0,2,7,4,1,-1,2,1,52,8,330,1,9,-1,4,E01016097,0,4
2024010504742,2024,010504742,1,4,0,99,99,9,9,99,99,9,9,99,0,0,1,1,6,6,1,32,6,330,1,7,-1,10,E01002339,0,2
2024991443461,2024,991443461,2,23,0,-1,19,1,5,-1,0,1,1,0,0,0,1,1,-1,9,1,43,7,124,1,25,-1,-1,-1,0,-1
2024471441612,2024,471441612,1,3,0,-1,19,1,6,-1,0,3,1,0,0,0,0,1,-1,9,1,58,9,124,1,27,-1,5,E01030819,0,3
2024430442983,2024,430442983,1,4,0,18,19,1,5,0,0,8,0,0,0,0,1,1,6,6,1,59,9,124,1,27,-1,9,E01017888,0,1
2024010503790,2024,010503790,2,3,0,13,13,5,1,0,0,0,0,0,0,0,1,1,6,6,1,19,4,124,1,8,-1,2,E01001054,0,1
2024421471628,2024,421471628,2,9,0,-1,19,5,1,-1,0,0,0,0,0,0,4,1,-1,2,2,33,6,999,1,15,-1,5,E01021822,0,1
2024501499161,2024,501499161,2,4,0,-1,19,2,6,-1,0,0,0,0,0,0,3,1,-1,9,1,64,9,125,1,20,SUZUKI RV 125,7,E01015035,0,1
2024010536356,2024,010536356,1,3,0,17,19,3,7,9,9,0,0,0,0,0,0,1,2,2,2,49,8,124,1,14,SUZUKI RV 125,2,E01002368,0,1
2024010507431,2024,010507431,1,3,9,99,99,9,9,99,99,9,9,99,8,99,9,1,1,1,1,51,8,125,1,8,SUZUKI RV 125,3,E01001725,0,1
2024451485592,2024,451485592,1,3,0,-1,19,3,7,-1,0,1,2,0,0,0,3,1,-1,2,1,29,6,124,1,15,SUZUKI RV 125,10,E01030339,0,1
2024010533655,2024,010533655,2,3,0,18,19,7,3,0,0,8,5,0,0,0,1,1,6,6,1,52,8,125,1,8,SUZUKI RV 125,5,E01002798,0,1
2024411468263,2024,411468263,2,3,0,-1,19,7,3,-1,0,0,1,0,0,0,0,1,-1,6,1,38,7,124,1,19,SUZUKI RV 125,6,E01023583,0,1
2024471481588,2024,471481588,1,3,0,-1,19,3,7,-1,0,0,0,0,0,0,1,1,-1,6,2,33,6,124,1,15,SUZUKI RV 125,6,E01001200,0,4
2024440162339,2024,440162339,1,3,0,18,19,6,2,0,0,1,0,0,0,0,4,1,6,6,2,32,6,124,1,15,SUZUKI RV 125,1,E01017205,0,1
2024421434943,2024,421434943,2,3,0,-1,9,7,3,-1,0,3,0,0,0,0,4,1,-1,2,1,62,9,125,1,9,SUZUKI RV 125,5,E01034081,0,4
2024631438397,2024,631438397,1,4,0,-1,19,5,1,-1,0,0,1,0,0,0,1,1,-1,2,1,62,9,125,1,8,SUZUKI RV 125,9,W01000476,0,2
2024221457889,2024,221457889,1,3,0,-1,19,1,5,-1,0,0,0,0,2,4,1,1,-1,6,1,19,4,125,1,7,SUZUKI RV 125,9,E01028986,0,3
2024522401962,2024,522401962,2,5,0,18,19,7,3,0,0,1,0,0,0,0,1,1,6,6,1,44,7,1400,1,32,-1,4,E01032673,0,1
2024311472212,2024,311472212,1,9,0,-1,19,3,7,-1,0,1,0,0,0,0,1,1,-1,9,2,18,4,998,1,13,TOYOTA IQ,10,E01035510,0,1
2024122401254,2024,122401254,1,9,0,18,19,7,3,0,0,0,1,0,7,9,0,1,1,1,2,39,7,998,1,15,TOYOTA IQ,1,E01011372,0,3
2024471411709,2024,471411709,2,9,0,-1,19,7,3,-1,0,8,0,0,0,0,3,1,-1,6,2,72,10,998,1,14,TOYOTA IQ,4,E01021006,0,1
2024131457223,2024,131457223,1,9,0,-1,19,1,5,-1,0,6,0,0,7,10,4,1,-1,9,1,30,6,998,1,15,TOYOTA IQ,8,E01011195,0,2
2024070579104,2024,070579104,1,9,0,18,19,3,7,0,0,1,0,0,0,0,4,1,6,6,1,27,6,998,1,12,TOYOTA IQ,3,E01006106,0,2
2024991453481,2024,991453481,1,9,0,-1,19,1,5,-1,0,1,0,0,0,0,3,1,-1,9,1,17,4,998,1,12,TOYOTA IQ,2,E01004972,0,5
2024471468736,2024,471468736,1,9,0,-1,9,1,5,-1,0,2,0,0,0,0,1,1,-1,6,1,65,9,998,1,12,TOYOTA IQ,7,E01031767,0,1
2024131450263,2024,131450263,2,9,0,-1,19,1,3,-1,0,0,0,0,0,0,3,1,-1,9,1,28,6,998,1,15,TOYOTA IQ,10,E01011190,0,3
2024010547811,2024,010547811,2,9,0,99,99,9,9,99,99,0,9,99,9,99,9,9,6,6,3,-1,-1,998,1,13,TOYOTA IQ,-1,-1,0,-1
2024131536604,2024,131536604,2,9,0,-1,19,1,1,-1,0,0,0,0,0,0,2,1,-1,6,1,31,6,998,1,14,TOYOTA IQ,1,E01011084,0,1
2024010533903,2024,010533903,1,9,0,99,99,9,9,99,99,9,9,99,9,99,1,9,6,6,3,-1,-1,1329,1,15,TOYOTA IQ,5,E01021773,0,3
2024141483769,2024,141483769,3,9,0,-1,10,3,1,-1,0,1,0,0,0,0,2,1,-1,9,1,45,7,998,1,15,TOYOTA IQ,7,E01034249,0,1
2024501527258,2024,501527258,2,9,0,-1,12,5,1,-1,0,4,0,0,0,0,3,1,-1,1,1,47,8,998,1,11,TOYOTA IQ,5,E01015091,0,1
2024122401116,2024,122401116,2,9,0,3,3,4,8,0,0,1,0,0,0,0,1,1,6,6,2,60,9,998,1,14,TOYOTA IQ,-1,-1,0,-1
2024622400755,2024,622400755,1,9,0,9,9,3,1,0,0,1,0,0,0,0,4,1,6,6,1,32,6,998,1,13,TOYOTA IQ,6,W01000806,0,1
2024440563371,2024,440563371,2,9,0,18,19,3,7,0,0,8,0,0,0,7,2,1,6,6,1,61,9,998,1,13,TOYOTA IQ,5,E01022937,0,2
2024010529295,2024,010529295,1,9,0,9,9,2,8,0,0,1,0,0,0,0,4,1,6,6,1,44,7,998,1,14,TOYOTA IQ,2,E01004068,0,1
2024421428040,2024,421428040,2,9,0,-1,2,8,4,-1,0,0,0,0,0,0,2,1,-1,9,2,70,10,998,1,12,TOYOTA IQ,9,E01023477,0,4
2024010511251,2024,010511251,1,9,0,6,6,7,7,0,0,2,0,0,0,0,3,1,6,6,2,38,7,998,1,15,TOYOTA IQ,7,E01002136,0,1
2024010545010,2024,010545010,2,9,0,18,19,3,7,0,0,2,0,0,4,0,1,1,6,6,1,25,5,998,1,15,TOYOTA IQ,5,E01003704,0,2
2024430123000,2024,430123000,2,9,0,9,9,5,3,0,0,5,1,0,0,0,1,1,2,2,1,20,4,998,1,14,TOYOTA IQ,10,E01017677,0,2
2024010524004,2024,010524004,1,9,0,18,19,5,1,0,0,1,0,0,0,0,1,1,6,6,2,42,7,1329,1,12,TOYOTA IQ,3,E01023573,0,3
2024010527499,2024,010527499,1,9,0,99,99,9,9,99,99,9,9,99,9,99,9,9,6,6,2,43,7,998,1,12,TOYOTA IQ,7,E01000324,0,1
2024302500101,2024,302500101,2,9,0,-1,19,2,6,-1,0,8,0,0,0,0,1,1,-1,6,1,74,10,998,1,12,TOYOTA IQ,10,E01019793,0,1
2024122400824,2024,122400824,1,9,0,9,9,8,6,0,0,8,0,0,0,0,1,1,6,6,2,66,10,998,1,15,TOYOTA IQ,6,E01027692,0,1
2024010505389,2024,010505389,2,9,9,99,99,9,9,99,99,9,9,99,9,99,9,9,6,6,3,-1,-1,998,1,15,TOYOTA IQ,-1,-1,0,-1
2024010508862,2024,010508862,1,9,0,99,99,9,9,99,99,9,9,99,9,99,2,9,1,1,2,47,8,998,1,12,TOYOTA IQ,1,E01000596,0,1
2024010494332,2024,010494332,2,9,9,99,99,9,9,99,99,9,9,99,9,99,1,9,6,6,3,-1,-1,998,1,11,TOYOTA IQ,-1,-1,0,-1
2024471466197,2024,471466197,1,9,0,-1,19,7,3,-1,0,1,0,0,0,0,1,1,-1,6,1,28,6,998,1,11,TOYOTA IQ,8,E01016932,0,1
2024010508325,2024,010508325,1,9,0,5,5,3,7,0,0,6,1,0,0,0,1,1,6,6,1,35,6,998,1,14,TOYOTA IQ,-1,-1,0,-1
2024501483750,2024,501483750,1,9,0,-1,19,3,7,-1,0,4,0,0,3,1,1,1,-1,6,2,70,10,998,1,15,TOYOTA IQ,2,E01018999,0,1
2024201428845,2024,201428845,1,9,0,-1,19,3,7,-1,0,1,0,0,0,0,1,1,-1,6,2,48,8,998,1,15,TOYOTA IQ,5,E01009905,0,1
2024010510439,2024,010510439,2,9,0,99,99,9,9,99,99,9,9,99,9,99,1,9,6,6,3,53,8,998,1,14,TOYOTA IQ,8,E01001584,0,1