collision_index,collision_year,collision_ref_no,vehicle_reference,vehicle_type,towing_and_articulation,vehicle_manoeuvre_historic,vehicle_manoeuvre,vehicle_direction_from,vehicle_direction_to,vehicle_location_restricted_lane_historic,vehicle_location_restricted_lane,junction_location,skidding_and_overturning,hit_object_in_carriageway,vehicle_leaving_carriageway,hit_object_off_carriageway,first_point_of_impact,vehicle_left_hand_drive,journey_purpose_of_driver_historic,journey_purpose_of_driver,sex_of_driver,age_of_driver,age_band_of_driver,engine_capacity_cc,propulsion_code,age_of_vehicle,generic_make_model,driver_imd_decile,lsoa_of_driver,escooter_flag,driver_distance_banding
2024361415316,2024,361415316,2,9,0,-1,14,-1,-1,-1,0,0,0,0,0,0,1,1,-1,9,1,34,6,998,1,14,TOYOTA IQ,8,E01028172,0,5
2024421530390,2024,421530390,1,9,0,-1,19,4,3,-1,0,1,1,0,0,0,1,1,-1,9,2,43,7,998,1,15,TOYOTA IQ,6,E01003706,0,4
2024461497500,2024,461497500,2,9,0,-1,2,1,4,-1,0,1,0,0,0,0,1,1,-1,6,2,-1,-1,1329,1,13,TOYOTA IQ,-1,-1,0,-1
2024471484566,2024,471484566,1,9,0,-1,19,6,3,-1,0,0,0,0,1,4,1,1,-1,2,2,24,5,998,1,12,TOYOTA IQ,4,E01031605,0,3
2024041470218,2024,041470218,1,9,0,-1,19,1,1,-1,0,1,0,4,0,0,1,1,-1,9,2,62,9,998,1,15,TOYOTA IQ,3,E01012714,0,1
2024430222097,2024,430222097,2,9,0,7,7,6,8,0,0,6,0,0,0,0,1,1,6,6,2,-1,-1,998,1,14,TOYOTA IQ,-1,-1,0,-1
2024010499475,2024,010499475,1,9,0,99,99,9,9,99,99,9,9,99,9,99,9,9,2,2,2,23,5,1329,1,13,TOYOTA IQ,4,E01001942,0,1
2024201456061,2024,201456061,2,9,0,-1,19,8,6,-1,0,8,0,0,0,0,3,1,-1,6,1,36,7,1329,1,15,TOYOTA IQ,1,E01009342,0,1
2024161481287,2024,161481287,2,9,0,-1,4,1,5,-1,0,4,0,0,0,0,2,1,-1,6,2,48,8,998,1,15,TOYOTA IQ,1,E01013331,0,1
2024061411095,2024,061411095,2,9,0,-1,19,7,3,-1,0,0,0,0,0,0,4,1,-1,9,2,72,10,998,1,15,TOYOTA IQ,9,E01011011,0,4
2024010492715,2024,010492715,1,9,0,99,99,9,9,99,99,9,9,99,9,99,2,9,6,6,2,27,6,998,1,14,TOYOTA IQ,7,E01000196,0,2
2024010511886,2024,010511886,1,9,0,5,5,1,5,0,0,1,0,0,0,0,2,1,6,6,2,55,8,998,1,15,TOYOTA IQ,8,E01000913,0,1
2024131495958,2024,131495958,2,9,0,-1,19,7,3,-1,0,1,0,0,0,0,1,1,-1,6,1,26,6,998,1,14,TOYOTA IQ,1,E01010808,0,1
2024501402367,2024,501402367,3,9,0,-1,4,1,5,-1,0,1,0,4,0,0,2,1,-1,1,1,48,8,998,1,16,TOYOTA IQ,7,E01019973,0,3
2024520500129,2024,520500129,1,9,0,18,19,1,5,0,0,8,0,0,0,0,3,1,6,6,1,51,8,998,1,15,TOYOTA IQ,6,E01029020,0,2
2024991451751,2024,991451751,1,9,0,-1,19,8,5,-1,0,1,1,0,0,0,1,1,-1,9,2,25,5,998,1,14,TOYOTA IQ,8,-1,0,5
2024010493351,2024,010493351,1,9,0,18,19,1,5,0,0,2,0,0,0,0,1,1,6,6,1,56,9,998,1,14,TOYOTA IQ,2,E01003966,0,1
2024221454742,2024,221454742,3,9,0,-1,19,7,3,-1,0,0,0,0,0,0,1,1,-1,6,2,81,11,998,1,14,TOYOTA IQ,8,W01000457,0,4
2024991484010,2024,991484010,1,9,0,-1,19,6,2,-1,0,0,0,0,0,0,1,2,-1,9,2,66,10,1329,1,13,TOYOTA IQ,-1,-1,0,-1
2024471447917,2024,471447917,2,9,0,-1,4,2,6,-1,0,0,1,0,0,0,2,1,-1,2,2,59,9,1329,1,15,TOYOTA IQ,7,E01031471,0,4
2024010548124,2024,010548124,1,9,0,99,99,9,9,99,99,9,9,99,9,99,2,9,6,6,1,40,7,998,1,11,TOYOTA IQ,5,E01000070,0,1
2024430581573,2024,430581573,2,9,0,10,10,5,3,0,0,1,0,0,0,0,2,1,6,6,1,51,8,998,1,13,TOYOTA IQ,6,E01028657,0,1
2024631511415,2024,631511415,2,9,0,-1,19,6,2,-1,0,3,0,0,7,6,4,1,-1,6,2,18,4,998,1,15,TOYOTA IQ,8,W01000722,0,3
2024041439197,2024,041439197,1,9,0,-1,4,3,7,-1,0,1,0,0,0,0,1,1,-1,9,1,41,7,998,1,12,TOYOTA IQ,2,E01012615,0,3
2024531538139,2024,531538139,1,9,0,-1,19,7,3,-1,0,4,0,0,0,0,3,1,-1,6,1,-1,-1,998,1,13,TOYOTA IQ,-1,-1,0,-1
2024320100767,2024,320100767,4,9,0,4,4,8,4,0,0,1,0,0,0,0,2,1,-1,-1,2,46,8,998,1,11,TOYOTA IQ,10,E01026187,0,1
2024010530698,2024,010530698,1,9,0,18,19,8,4,0,0,6,0,0,3,0,1,1,6,6,3,-1,-1,2998,1,5,-1,-1,-1,0,-1
2024351475032,2024,351475032,1,9,0,-1,19,6,2,-1,0,0,0,0,0,0,2,9,-1,2,2,47,8,2998,1,3,-1,9,E01018275,0,1
2024231465229,2024,231465229,1,9,0,-1,7,5,7,-1,0,3,0,0,1,2,1,1,-1,9,1,32,6,2998,1,2,-1,10,E01034779,0,4
2024401484546,2024,401484546,2,5,0,-1,3,-1,-1,-1,0,4,0,0,0,0,2,1,-1,9,1,63,9,1600,1,15,TRIUMPH THUNDERBIRD,4,E01027328,0,4
2024122400328,2024,122400328,2,5,0,3,3,4,8,0,0,0,0,0,0,0,2,1,6,6,1,59,9,1700,1,10,TRIUMPH THUNDERBIRD,3,E01027629,0,4
2024111485448,2024,111485448,1,5,0,-1,19,8,4,-1,0,1,1,0,0,0,1,1,-1,9,1,66,10,1600,1,11,TRIUMPH THUNDERBIRD,2,E01019108,0,5
2024221459982,2024,221459982,1,5,0,-1,13,5,1,-1,0,8,0,0,7,0,4,1,-1,9,1,71,10,1600,1,15,TRIUMPH THUNDERBIRD,8,E01028977,0,3
2024520403233,2024,520403233,1,5,0,18,19,2,6,0,0,0,0,0,0,0,1,1,6,6,1,63,9,1700,1,10,TRIUMPH THUNDERBIRD,5,E01029047,0,1
2024311509030,2024,311509030,1,5,0,-1,-1,-1,-1,-1,-1,0,-1,-1,-1,0,-1,1,-1,6,1,57,9,1700,1,9,TRIUMPH THUNDERBIRD,-1,-1,0,-1
2024421470427,2024,421470427,1,5,0,-1,11,1,5,-1,0,0,0,0,0,0,3,1,-1,9,1,63,9,1700,1,12,TRIUMPH THUNDERBIRD,3,E01028185,0,5
2024122400977,2024,122400977,2,5,0,18,19,7,3,0,0,8,0,0,0,0,1,1,6,6,1,58,9,1700,1,8,TRIUMPH THUNDERBIRD,9,E01027679,0,1
2024161469876,2024,161469876,2,5,0,-1,19,5,1,-1,0,1,0,0,0,0,1,1,-1,9,1,59,9,1600,1,13,TRIUMPH THUNDERBIRD,1,E01013210,0,1
2024461494405,2024,461494405,2,5,0,-1,4,7,3,-1,0,0,1,0,0,0,1,1,-1,9,1,51,8,1600,1,13,TRIUMPH THUNDERBIRD,3,E01024529,0,4
2024320587980,2024,320587980,2,5,0,-1,-1,3,7,0,0,8,5,0,0,0,3,1,-1,-1,1,66,10,1600,1,14,TRIUMPH THUNDERBIRD,1,E01012327,0,5
2024211462443,2024,211462443,2,2,0,-1,19,5,1,-1,0,1,1,0,0,0,0,1,-1,9,1,16,4,49,1,10,-1,7,E01029376,0,1
2024361530065,2024,361530065,1,2,0,-1,19,1,5,-1,0,0,1,0,0,0,1,1,-1,9,1,16,4,49,1,19,-1,9,E01026448,0,1
2024351491867,2024,351491867,2,9,0,-1,3,3,7,-1,0,6,0,0,0,0,3,1,-1,1,1,43,7,1499,8,3,BMW X2,7,E01018192,0,2
2024010503958,2024,010503958,2,9,0,18,19,3,7,0,0,6,0,0,0,0,0,1,1,1,1,44,7,1998,1,3,BMW X2,5,E01003666,0,1
2024461420000,2024,461420000,2,9,0,-1,19,5,2,-1,0,4,0,0,0,0,2,1,-1,6,2,33,6,1995,2,5,BMW X2,7,E01035304,0,2
2024231511193,2024,231511193,1,9,0,-1,19,8,4,-1,0,0,0,0,0,0,1,1,-1,6,1,64,9,1995,2,6,BMW X2,4,E01031028,0,4
2024010549531,2024,010549531,2,9,0,99,99,9,9,99,99,9,9,99,9,99,1,9,6,6,3,-1,-1,1995,2,5,BMW X2,-1,-1,0,-1
2024201488538,2024,201488538,1,9,0,-1,13,2,6,-1,0,0,0,0,0,0,1,1,-1,6,1,41,7,1995,2,4,BMW X2,1,E01009406,0,1
2024471519629,2024,471519629,1,9,0,-1,19,3,7,-1,0,8,0,0,0,0,4,1,-1,6,2,28,6,1499,1,5,BMW X2,7,E01035329,0,2
2024010553689,2024,010553689,2,9,0,13,13,9,9,99,99,0,9,99,9,99,1,9,6,6,3,-1,-1,1998,1,5,BMW X2,-1,-1,0,-1
2024010515134,2024,010515134,5,9,0,2,2,0,0,0,0,0,0,0,0,0,1,1,6,6,3,-1,-1,1995,2,6,BMW X2,-1,-1,0,-1
2024991410947,2024,991410947,1,9,0,-1,19,4,1,-1,0,1,0,0,0,0,1,1,-1,2,1,30,6,1998,1,5,BMW X2,10,-1,0,3
2024991409702,2024,991409702,2,9,0,-1,19,3,7,-1,0,0,0,12,0,0,2,1,-1,9,1,33,6,1998,1,2,BMW X2,4,-1,0,4
2024421426890,2024,421426890,5,9,0,-1,4,1,5,-1,0,0,0,0,0,0,2,1,-1,6,1,79,11,1499,1,5,BMW X2,7,E01023890,0,4
2024010506182,2024,010506182,3,9,0,2,2,0,0,0,0,1,0,0,0,0,2,1,6,6,3,-1,-1,1995,2,6,BMW X2,-1,-1,0,-1
2024201521767,2024,201521767,1,9,0,-1,5,7,2,-1,9,0,0,0,0,0,1,1,-1,9,2,50,8,1998,1,4,BMW X2,1,E01009309,0,2
2024010516319,2024,010516319,2,9,0,99,99,9,9,99,99,9,9,99,9,99,9,9,6,6,3,-1,-1,1998,1,2,BMW X2,-1,-1,0,-1
2024221452118,2024,221452118,2,9,0,-1,19,7,3,-1,0,8,0,0,0,0,4,1,-1,6,1,50,8,1998,1,3,BMW X2,7,E01002136,0,5
2024010542131,2024,010542131,2,9,0,18,19,7,3,0,0,0,0,0,0,0,4,1,6,6,1,-1,-1,1995,2,5,BMW X2,-1,-1,0,-1
2024061448521,2024,061448521,1,9,0,-1,9,2,4,-1,0,1,0,0,0,0,1,1,-1,9,2,29,6,1998,1,4,BMW X2,10,E01005927,0,3
2024131507767,2024,131507767,2,9,0,-1,19,1,5,-1,0,8,1,0,1,1,1,1,-1,6,1,43,7,1998,2,6,BMW X2,4,E01007329,0,2
2024010521504,2024,010521504,2,9,0,99,99,9,9,99,99,9,9,99,9,99,9,9,6,6,1,54,8,1995,2,5,BMW X2,7,E01000442,0,1
2024411458217,2024,411458217,3,9,0,-1,3,5,1,-1,0,0,0,0,0,0,4,1,-1,6,1,57,9,1998,1,4,BMW X2,3,E01026377,0,5
2024010518324,2024,010518324,2,9,0,18,19,5,1,0,0,8,0,0,0,0,0,1,1,1,1,52,8,1998,1,3,BMW X2,3,E01003221,0,2
2024332400339,2024,332400339,3,9,0,-1,19,7,3,-1,0,4,0,0,0,0,1,1,-1,6,2,58,9,1998,1,4,BMW X2,7,E01034251,0,4
2024010537830,2024,010537830,3,9,0,18,19,6,2,0,0,0,0,0,0,0,1,1,6,6,1,30,6,1998,1,5,BMW X2,4,E01003686,0,2
2024101489518,2024,101489518,1,9,0,-1,9,7,7,-1,0,8,0,0,0,0,3,1,-1,9,1,59,9,1499,1,2,BMW X2,1,E01012245,0,4
2024010548431,2024,010548431,2,9,0,99,99,9,9,99,99,9,9,99,9,99,9,9,6,6,3,-1,-1,1998,1,4,BMW X2,-1,-1,0,-1
2024421399490,2024,421399490,1,9,0,-1,19,1,4,-1,0,1,0,0,0,0,1,1,-1,6,1,33,6,1998,1,2,BMW X2,6,E01003703,0,2
2024010513397,2024,010513397,2,9,0,99,99,9,9,99,99,9,9,99,9,99,9,9,6,6,3,-1,-1,1998,1,5,BMW X2,-1,-1,0,-1
2024531435717,2024,531435717,1,9,0,-1,19,6,2,-1,0,1,0,0,7,4,1,1,-1,9,1,78,11,1998,1,4,BMW X2,9,E01022217,0,1
2024451408888,2024,451408888,1,9,0,-1,5,7,3,-1,0,6,0,0,0,0,1,9,-1,6,1,75,10,1998,1,6,BMW X2,10,E01030437,0,1
2024010504129,2024,010504129,1,9,0,99,99,9,9,99,99,9,9,99,9,99,1,9,6,6,1,35,6,1998,1,4,BMW X2,2,E01000078,0,4
2024501416791,2024,501416791,1,9,0,-1,5,7,3,-1,0,6,0,0,0,0,1,9,-1,6,2,61,9,1499,8,3,BMW X2,9,E01019964,0,1
2024052400576,2024,052400576,1,9,0,9,9,8,6,0,0,2,0,0,0,0,1,1,2,2,2,56,9,1499,1,1,BMW X2,1,E01006740,0,1
2024991499250,2024,991499250,1,9,0,-1,13,2,6,-1,0,0,0,0,0,0,4,1,-1,2,1,63,9,1998,1,5,BMW X2,7,-1,0,4
2024052402815,2024,052402815,2,9,0,18,19,1,5,0,0,0,0,0,0,0,2,1,6,6,1,39,7,1995,2,6,BMW X2,4,E01035383,0,1
2024351510253,2024,351510253,2,9,0,-1,4,3,7,-1,0,0,0,0,0,0,2,1,-1,2,2,25,5,1995,2,6,BMW X2,9,E01018275,0,3
2024010550667,2024,010550667,2,9,0,18,19,7,3,0,0,0,0,0,0,0,2,1,6,6,1,30,6,1998,1,6,BMW X2,4,E01004525,0,3
2024522402787,2024,522402787,1,9,0,18,19,7,3,0,0,1,0,0,0,0,1,1,6,6,2,29,6,1995,2,5,BMW X2,2,E01033348,0,1
2024041469535,2024,041469535,2,9,0,-1,4,2,6,-1,0,0,0,11,0,0,2,1,-1,9,2,54,8,1995,2,2,BMW X2,1,E01025445,0,1
2024010521435,2024,010521435,2,9,0,18,19,2,6,0,0,0,1,0,7,0,1,1,1,1,1,44,7,1998,1,3,BMW X2,5,E01003666,0,3
2024520402231,2024,520402231,2,9,0,18,19,3,7,0,0,0,0,0,0,0,1,1,6,6,1,56,9,1998,2,6,BMW X2,10,E01025787,0,5
2024201494649,2024,201494649,3,9,0,-1,19,2,6,-1,0,0,0,0,0,0,1,1,-1,6,1,47,8,1499,8,1,BMW X2,3,E01009768,0,1
2024221482292,2024,221482292,2,9,0,-1,19,7,3,-1,0,8,0,0,0,0,4,9,-1,9,2,68,10,1499,8,0,BMW X2,9,E01028986,0,1
2024552400493,2024,552400493,1,9,0,5,5,1,5,0,0,8,0,0,0,0,1,1,6,6,1,61,9,1998,1,5,BMW X2,2,E01015367,0,2
2024461459608,2024,461459608,1,9,0,-1,19,3,1,-1,0,1,0,0,0,0,1,1,-1,7,2,39,7,1499,8,3,BMW X2,8,E01024575,0,2
2024061503446,2024,061503446,2,9,0,-1,19,7,3,-1,0,1,0,0,0,0,3,1,-1,6,1,70,10,1995,2,3,BMW X2,-1,-1,0,-1
2024131480504,2024,131480504,1,9,0,-1,8,1,5,-1,9,0,0,0,0,0,1,1,-1,9,2,40,7,1995,2,5,BMW X2,1,E01010653,0,1
2024201508784,2024,201508784,1,9,0,-1,19,3,7,-1,0,0,2,0,0,0,1,1,-1,9,2,25,5,1998,1,4,BMW X2,10,E01010181,0,1
2024461421769,2024,461421769,2,9,0,-1,9,7,5,-1,0,1,0,0,0,0,2,9,-1,9,1,25,5,1998,1,1,BMW X2,7,E01032820,0,4
2024010498349,2024,010498349,1,9,0,6,6,7,7,0,0,1,0,0,0,0,1,1,1,1,1,31,6,1998,1,3,BMW X2,5,E01003666,0,3
2024320413954,2024,320413954,1,9,0,-1,-1,4,8,0,0,3,1,0,3,9,1,1,1,1,1,45,7,1998,1,3,BMW X2,6,E01010157,0,5
2024010543924,2024,010543924,1,9,0,5,5,7,3,0,0,1,0,0,0,0,1,1,6,6,2,47,8,1998,1,1,BMW X2,5,E01016013,0,3
2024411537137,2024,411537137,2,9,0,-1,19,5,1,-1,0,0,0,0,0,0,1,1,-1,6,1,55,8,1998,1,6,BMW X2,7,E01002204,0,3
2024010542900,2024,010542900,4,9,0,3,3,5,1,0,0,8,0,0,0,0,0,1,6,6,1,45,7,1998,1,3,BMW X2,-1,-1,0,-1
2024430208027,2024,430208027,3,9,0,18,19,6,2,0,0,0,0,0,0,0,2,1,6,6,1,30,6,1499,1,4,BMW X2,3,E01016465,0,1
2024010547941,2024,010547941,2,9,0,4,4,1,5,0,0,0,0,0,0,0,2,1,6,6,2,49,8,1998,1,4,BMW X2,4,E01003406,0,1
2024010506380,2024,010506380,2,9,0,18,19,4,8,0,0,0,0,0,0,0,0,1,1,1,1,46,8,1998,1,3,BMW X2,3,E01003221,0,3
2024340WN3742,2024,340WN3742,1,9,0,-1,9,7,5,-1,0,6,0,0,0,0,1,1,-1,6,3,-1,-1,1499,8,3,BMW X2,-1,-1,0,-1
2024131483610,2024,131483610,2,9,0,-1,19,5,6,-1,0,1,0,0,0,0,1,1,-1,9,2,70,10,1499,1,4,BMW X2,1,E01011429,0,2
2024622400870,2024,622400870,1,9,0,18,19,8,4,0,0,0,0,0,0,0,3,1,6,6,2,76,11,1998,1,5,BMW X2,10,W01000860,0,1
2024010529100,2024,010529100,3,9,0,18,19,1,5,0,0,6,0,0,0,0,0,1,1,1,1,45,7,1998,1,3,BMW X2,5,E01003666,0,2
2024010527307,2024,010527307,1,9,0,2,2,0,0,0,0,2,0,0,0,0,2,1,6,6,3,-1,-1,1499,1,5,BMW X2,-1,-1,0,-1
2024991439203,2024,991439203,1,9,0,-1,19,3,7,-1,0,0,0,0,0,0,1,1,-1,6,2,33,6,1995,2,5,BMW X2,6,-1,0,1
202417S110424,2024,17S110424,3,9,0,-1,4,5,1,-1,0,1,0,0,0,0,2,1,-1,9,1,29,6,1995,2,6,BMW X2,-1,-1,0,-1
2024010514134,2024,010514134,1,9,0,18,19,7,3,0,0,0,0,0,0,0,1,1,6,6,3,-1,-1,1499,8,1,BMW X2,-1,-1,0,-1
2024401474657,2024,401474657,4,9,0,-1,19,2,4,-1,0,0,1,0,0,0,1,1,-1,6,2,35,6,1399,1,17,CHEVROLET KALOS,3,E01017539,0,1
2024440087662,2024,440087662,1,9,0,9,9,7,5,0,0,8,0,0,0,0,1,1,6,6,1,56,9,1150,1,17,CHEVROLET KALOS,3,E01017189,0,1
2024141402660,2024,141402660,2,9,0,-1,7,6,2,-1,0,6,0,0,0,0,3,1,-1,9,2,33,6,1399,1,19,CHEVROLET KALOS,1,E01008018,0,1
2024010515159,2024,010515159,2,9,9,99,99,9,9,99,99,9,9,99,9,99,9,9,6,6,3,-1,-1,1399,1,17,CHEVROLET KALOS,-1,-1,0,-1
2024161458085,2024,161458085,1,9,0,-1,19,8,2,-1,0,8,0,0,0,0,1,2,-1,9,2,57,9,1399,1,17,CHEVROLET KALOS,1,E01013278,0,1
2024421425989,2024,421425989,2,9,0,-1,2,0,0,-1,9,0,0,4,0,0,3,1,-1,6,-1,-1,-1,1399,1,17,CHEVROLET KALOS,-1,-1,0,-1
2024332400017,2024,332400017,2,9,0,-1,5,5,1,-1,0,6,0,0,0,0,1,1,-1,6,1,-1,-1,1399,1,17,CHEVROLET KALOS,-1,-1,0,-1
2024371447218,2024,371447218,1,9,0,-1,9,1,5,-1,0,8,0,0,3,9,1,1,-1,2,1,29,6,1150,1,16,CHEVROLET KALOS,10,E01000280,0,5
2024471494534,2024,471494534,1,9,0,-1,19,7,3,-1,0,0,0,0,0,0,3,1,-1,1,2,41,7,1399,1,18,CHEVROLET KALOS,8,E01032665,0,3
2024101427797,2024,101427797,1,9,0,-1,5,2,6,-1,0,8,0,0,0,0,1,9,-1,6,1,43,7,1150,1,19,CHEVROLET KALOS,1,E01027545,0,4
2024010540113,2024,010540113,2,9,0,99,99,9,9,99,99,9,9,99,9,99,1,9,6,6,3,-1,-1,1399,1,19,CHEVROLET KALOS,-1,-1,0,-1
2024522500089,2024,522500089,2,9,0,3,3,6,2,0,0,0,0,0,0,0,2,1,6,6,1,48,8,1399,1,17,CHEVROLET KALOS,4,E01032673,0,1
2024421420782,2024,421420782,2,9,0,-1,19,5,1,-1,0,0,0,0,0,0,2,9,-1,9,2,77,11,1399,1,16,CHEVROLET KALOS,-1,-1,0,-1
2024201504259,2024,201504259,1,9,0,-1,19,5,8,-1,0,1,0,0,0,0,1,1,-1,2,2,40,7,1399,1,17,CHEVROLET KALOS,1,E01009272,0,1
2024430442939,2024,430442939,1,9,0,13,13,2,6,0,0,0,0,0,0,0,4,1,6,6,1,30,6,1150,1,17,CHEVROLET KALOS,-1,-1,0,-1
2024061424563,2024,061424563,2,9,0,-1,19,5,1,-1,0,1,0,0,0,0,1,9,-1,6,2,38,7,1150,1,17,CHEVROLET KALOS,4,E01005298,0,2
2024451533117,2024,451533117,4,9,0,-1,2,5,1,-1,0,0,0,0,0,0,4,1,-1,6,-1,-1,-1,1399,1,16,CHEVROLET KALOS,-1,-1,0,-1
2024451492371,2024,451492371,1,9,0,-1,11,5,1,-1,0,7,0,0,0,0,1,1,-1,1,2,29,6,1399,1,19,CHEVROLET KALOS,4,E01030740,0,1
2024540738224,2024,540738224,1,9,0,18,19,7,3,0,0,8,0,0,0,0,1,1,6,6,1,59,9,1150,1,18,CHEVROLET KALOS,9,E01031999,0,4
2024552400896,2024,552400896,1,9,0,5,5,1,5,0,0,0,0,0,0,0,3,1,6,6,1,64,9,1399,1,18,CHEVROLET KALOS,4,E01020585,0,1
2024440366489,2024,440366489,2,9,0,9,9,8,6,0,0,5,0,0,0,0,3,1,6,6,2,53,8,602,1,35,-1,7,E01022648,0,3
2024552400297,2024,552400297,1,5,0,18,19,2,6,0,0,0,0,0,0,0,0,1,2,2,1,57,9,449,1,3,-1,5,E01015461,0,1
2024501447940,2024,501447940,1,3,0,-1,19,5,1,-1,0,1,1,0,0,0,3,1,-1,9,1,19,4,125,1,3,-1,5,E01018904,0,3
2024631436815,2024,631436815,1,5,0,-1,19,2,6,-1,0,0,1,0,7,7,3,1,-1,9,1,45,7,1585,1,12,-1,7,W01000562,0,1
2024440329096,2024,440329096,1,5,0,18,19,3,7,6,6,0,0,0,0,0,1,1,6,6,1,37,7,1690,1,7,-1,9,E01035264,0,4
2024501450430,2024,501450430,1,5,0,-1,19,3,7,-1,0,3,2,0,0,0,1,1,-1,9,1,57,9,1690,1,10,-1,7,E01015035,0,1
2024351461074,2024,351461074,1,5,0,-1,19,3,7,-1,0,0,5,7,0,0,1,1,-1,9,1,61,9,1690,1,9,-1,9,E01018278,0,3
2024311482496,2024,311482496,2,5,0,-1,19,1,5,-1,0,1,0,0,0,0,1,1,-1,6,1,44,7,1690,1,10,-1,2,E01027248,0,4
2024542461024,2024,542461024,2,3,0,3,3,2,6,0,0,1,0,0,0,0,2,1,6,6,1,18,4,125,1,8,-1,5,E01015505,0,1
2024421462444,2024,421462444,1,4,0,-1,19,3,7,-1,0,0,0,0,0,0,3,1,-1,9,2,23,5,125,1,8,-1,3,E01033051,0,2
2024361449691,2024,361449691,1,3,0,-1,19,4,8,-1,0,0,2,12,0,0,1,1,-1,9,1,78,11,125,1,9,-1,4,E01026695,0,2
2024320292604,2024,320292604,2,3,0,-1,-1,2,6,0,0,8,0,0,0,0,1,1,-1,-1,2,19,4,125,1,10,-1,5,E01026018,0,1
2024302400607,2024,302400607,2,3,0,18,19,7,3,0,0,8,0,0,0,0,1,1,1,1,1,35,6,125,1,9,-1,2,E01013581,0,4
2024010506776,2024,010506776,2,3,0,18,19,7,3,0,0,1,0,0,0,0,2,1,2,2,1,38,7,125,1,17,HONDA SH,6,E01001498,0,1
2024421458127,2024,421458127,1,3,0,-1,11,6,3,-1,0,0,0,0,0,0,1,1,-1,2,1,55,8,125,1,16,HONDA SH,10,E01021569,0,2
2024451437649,2024,451437649,2,3,0,-1,19,5,1,-1,0,0,0,0,0,0,1,1,-1,2,1,17,4,125,1,16,HONDA SH,6,E01001073,0,1
2024010521873,2024,010521873,2,3,0,3,3,9,9,99,99,9,9,99,9,99,2,1,1,1,1,29,6,125,1,14,HONDA SH,7,E01004634,0,2
2024010511571,2024,010511571,1,4,0,18,19,1,5,0,0,1,5,0,8,10,1,1,6,6,1,24,5,125,1,18,HONDA SH,-1,-1,0,-1
2024010534422,2024,010534422,1,4,0,15,15,7,3,0,0,0,0,0,0,0,0,1,6,6,1,51,8,279,1,16,HONDA SH,6,E01001245,0,2
2024201474257,2024,201474257,1,3,0,-1,13,5,1,-1,0,8,0,0,0,0,1,1,-1,6,1,19,4,125,1,18,HONDA SH,3,E01009242,0,1
2024461460682,2024,461460682,1,4,0,-1,19,7,3,-1,0,1,0,0,0,0,1,1,-1,9,1,18,4,125,1,18,HONDA SH,7,E01016162,0,1
2024010522718,2024,010522718,2,3,0,18,19,7,3,0,0,8,1,0,0,0,1,1,6,6,1,-1,-1,125,1,17,HONDA SH,6,E01004517,0,2
2024332400909,2024,332400909,1,2,0,-1,3,6,2,-1,0,0,0,0,0,0,2,1,-1,6,1,37,7,125,1,15,HONDA SH,6,E01013710,0,1
2024131440757,2024,131440757,1,3,0,-1,19,6,2,-1,0,2,0,0,0,0,3,1,-1,7,1,18,4,125,1,19,HONDA SH,1,E01010938,0,1
2024302401003,2024,302401003,1,3,0,18,19,2,6,0,0,0,1,0,0,0,3,1,6,6,1,31,6,279,1,16,HONDA SH,1,E01009020,0,4
2024010537487,2024,010537487,1,4,0,18,19,1,5,0,0,2,1,4,0,0,1,1,6,6,1,28,6,279,1,16,HONDA SH,2,E01002297,0,1
2024010533200,2024,010533200,1,3,0,14,14,1,5,0,0,8,5,0,0,0,1,1,6,6,1,29,6,125,1,14,HONDA SH,7,E01004634,0,1
2024010503366,2024,010503366,1,2,0,3,3,7,3,0,0,1,1,0,0,0,0,1,6,6,1,22,5,125,1,15,HONDA SH,1,E01000105,0,1
2024010532048,2024,010532048,1,3,0,4,4,1,5,0,0,1,0,0,0,0,4,1,1,1,1,29,6,125,1,14,HONDA SH,7,E01004634,0,1
2024311428899,2024,311428899,2,9,0,-1,3,1,6,-1,0,0,0,0,0,0,2,1,-1,6,1,74,10,1999,2,9,JAGUAR XE SERIES,10,E01028389,0,2
2024201437648,2024,201437648,2,9,0,-1,4,3,7,-1,0,2,0,0,0,0,1,9,-1,6,1,49,8,1999,2,6,JAGUAR XE SERIES,2,E01034314,0,1
2024010514306,2024,010514306,1,9,0,9,9,4,2,0,0,8,0,10,1,11,1,1,6,6,1,-1,-1,1997,1,7,JAGUAR XE SERIES,-1,-1,0,-1
2024131516860,2024,131516860,2,9,0,-1,2,1,5,-1,0,8,0,0,0,0,2,1,-1,6,-1,-1,-1,1999,2,8,JAGUAR XE SERIES,-1,-1,0,-1
2024201526291,2024,201526291,1,9,0,-1,5,4,2,-1,4,2,0,0,0,0,1,1,-1,9,1,41,7,1999,2,8,JAGUAR XE SERIES,1,E01010364,0,1
2024361452778,2024,361452778,2,9,0,-1,8,5,1,-1,0,3,0,0,0,0,2,1,-1,1,1,63,9,1999,2,6,JAGUAR XE SERIES,8,E01025791,0,5
2024430572851,2024,430572851,1,9,0,18,19,5,1,0,0,1,0,0,0,0,1,1,6,6,1,50,8,1999,2,7,JAGUAR XE SERIES,8,E01016537,0,1
2024421463496,2024,421463496,1,9,0,-1,9,7,5,-1,0,1,0,0,0,0,1,1,-1,6,1,-1,-1,1999,2,9,JAGUAR XE SERIES,-1,-1,0,-1