collision_index,collision_year,collision_ref_no,vehicle_reference,vehicle_type,towing_and_articulation,vehicle_manoeuvre_historic,vehicle_manoeuvre,vehicle_direction_from,vehicle_direction_to,vehicle_location_restricted_lane_historic,vehicle_location_restricted_lane,junction_location,skidding_and_overturning,hit_object_in_carriageway,vehicle_leaving_carriageway,hit_object_off_carriageway,first_point_of_impact,vehicle_left_hand_drive,journey_purpose_of_driver_historic,journey_purpose_of_driver,sex_of_driver,age_of_driver,age_band_of_driver,engine_capacity_cc,propulsion_code,age_of_vehicle,generic_make_model,driver_imd_decile,lsoa_of_driver,escooter_flag,driver_distance_banding
2024041536173,2024,041536173,1,9,0,-1,9,2,8,-1,0,8,0,0,0,0,3,1,-1,9,1,82,11,1997,1,7,JAGUAR XE SERIES,1,E01025006,0,1
2024332401185,2024,332401185,2,9,0,-1,19,5,1,-1,0,1,0,0,0,0,-1,1,-1,6,3,-1,-1,1999,2,8,JAGUAR XE SERIES,-1,-1,0,-1
2024531472634,2024,531472634,2,9,0,-1,19,4,8,-1,0,2,0,0,0,0,1,1,-1,9,1,93,11,1999,2,7,JAGUAR XE SERIES,7,E01022179,0,2
2024430605722,2024,430605722,1,9,0,18,19,5,1,0,0,0,5,0,2,1,1,1,6,6,1,28,6,1999,1,7,JAGUAR XE SERIES,3,E01013763,0,5
2024201534980,2024,201534980,2,9,0,-1,2,0,0,-1,0,2,0,0,0,0,1,1,-1,6,2,25,5,1999,2,5,JAGUAR XE SERIES,8,E01035035,0,4
2024010532236,2024,010532236,2,9,0,99,99,9,9,99,99,9,0,99,9,99,9,9,6,6,3,-1,-1,1999,1,8,JAGUAR XE SERIES,-1,-1,0,-1
2024131491364,2024,131491364,2,9,0,-1,11,7,3,-1,0,0,2,0,1,4,2,1,-1,6,1,44,7,1997,1,7,JAGUAR XE SERIES,1,E01025493,0,4
2024320733637,2024,320733637,3,9,0,-1,-1,1,5,0,0,1,1,0,1,1,1,-1,-1,-1,1,59,9,1997,1,5,JAGUAR XE SERIES,-1,-1,0,-1
2024440027857,2024,440027857,2,9,0,18,19,1,5,0,0,8,0,10,0,0,1,1,2,2,1,41,7,1999,2,6,JAGUAR XE SERIES,8,E01022570,0,2
2024522500154,2024,522500154,2,9,0,9,9,4,2,0,0,5,0,0,0,0,1,1,6,6,3,-1,-1,1999,2,6,JAGUAR XE SERIES,-1,-1,0,-1
2024010487774,2024,010487774,2,9,9,99,99,9,9,99,99,9,9,99,9,99,9,9,6,6,3,-1,-1,1999,2,5,JAGUAR XE SERIES,-1,-1,0,-1
2024031443218,2024,031443218,1,9,0,-1,19,7,3,-1,0,0,0,0,0,0,1,1,-1,1,1,62,9,1999,2,8,JAGUAR XE SERIES,5,E01019386,0,1
2024010506975,2024,010506975,1,9,0,18,19,3,7,0,0,0,0,0,0,0,1,1,6,6,1,71,10,1999,2,9,JAGUAR XE SERIES,8,E01035364,0,2
2024010551293,2024,010551293,1,9,0,5,5,0,6,0,0,2,0,0,1,0,4,1,6,6,1,23,5,1999,2,4,JAGUAR XE SERIES,3,E01003726,0,4
2024010538129,2024,010538129,1,9,0,18,19,5,1,0,0,6,0,0,0,0,4,1,6,6,1,72,10,1997,1,7,JAGUAR XE SERIES,5,E01002635,0,1
2024231414900,2024,231414900,2,9,0,-1,11,3,7,-1,0,0,0,0,0,0,4,9,-1,6,2,24,5,1999,2,7,JAGUAR XE SERIES,1,E01009539,0,2
2024010526591,2024,010526591,2,9,0,3,3,1,5,0,0,4,0,0,3,0,0,1,6,6,1,24,5,1999,2,8,JAGUAR XE SERIES,1,E01002093,0,1
2024430126347,2024,430126347,2,9,0,3,3,5,1,0,0,8,0,0,0,0,1,1,6,6,2,47,8,1999,2,8,JAGUAR XE SERIES,8,E01016780,0,2
2024131508997,2024,131508997,1,9,0,-1,-1,-1,-1,-1,-1,0,-1,-1,-1,-1,1,1,-1,9,1,55,8,1999,2,8,JAGUAR XE SERIES,2,E01010615,0,2
2024061486999,2024,061486999,2,9,0,-1,19,7,3,-1,0,0,0,0,0,0,1,1,-1,9,1,59,9,1999,2,5,JAGUAR XE SERIES,1,E01004794,0,1
2024522401770,2024,522401770,2,9,0,18,19,4,8,0,0,8,0,0,0,0,1,1,6,6,1,61,9,1999,2,8,JAGUAR XE SERIES,1,E01014583,0,2
2024302400502,2024,302400502,2,9,0,18,19,5,1,0,0,0,0,0,0,0,2,1,6,6,1,32,6,1999,2,7,JAGUAR XE SERIES,5,E01019639,0,1
2024211435047,2024,211435047,2,9,-1,-1,19,4,8,-1,-1,0,-1,-1,-1,0,-1,1,-1,6,1,53,8,1999,2,8,JAGUAR XE SERIES,7,E01034099,0,2
2024101507728,2024,101507728,1,9,0,-1,9,7,1,-1,0,8,0,0,0,0,1,1,-1,9,1,38,7,1999,2,8,JAGUAR XE SERIES,1,E01008348,0,1
2024542353024,2024,542353024,1,9,0,18,19,3,7,0,0,1,0,0,0,0,1,1,6,6,2,53,8,1999,2,9,JAGUAR XE SERIES,4,E01031435,0,4
2024411476799,2024,411476799,1,9,0,-1,4,1,5,-1,0,1,0,0,0,0,4,1,-1,6,1,28,6,1999,2,8,JAGUAR XE SERIES,1,E01006769,0,5
2024451398855,2024,451398855,1,9,0,-1,19,5,1,-1,0,1,0,0,7,6,1,1,-1,2,2,30,6,1999,2,8,JAGUAR XE SERIES,6,E01024064,0,5
2024122400334,2024,122400334,1,9,0,13,13,7,3,0,0,8,0,0,7,4,1,1,6,6,1,70,10,1999,2,7,JAGUAR XE SERIES,9,E01027745,0,1
2024311517209,2024,311517209,1,9,0,-1,9,8,6,-1,0,1,0,0,0,0,1,1,-1,9,1,38,7,1999,2,8,JAGUAR XE SERIES,-1,-1,0,-1
2024031424453,2024,031424453,1,9,0,-1,19,3,7,-1,0,0,0,0,0,0,1,1,-1,9,2,55,8,1999,2,6,JAGUAR XE SERIES,-1,-1,0,-1
2024101469359,2024,101469359,2,9,0,-1,19,6,2,-1,0,3,0,0,0,0,4,1,-1,9,1,25,5,1999,2,8,JAGUAR XE SERIES,2,E01008228,0,1
2024430447912,2024,430447912,2,9,0,3,3,5,1,0,0,0,0,0,0,0,2,1,2,2,1,34,6,2995,1,9,JAGUAR XE SERIES,3,E01016423,0,1
2024501494099,2024,501494099,1,9,0,-1,19,8,4,-1,0,8,0,0,0,0,3,1,-1,9,1,30,6,1999,2,7,JAGUAR XE SERIES,1,E01015231,0,1
2024031434508,2024,031434508,1,9,0,-1,4,7,3,-1,0,0,0,0,0,0,1,1,-1,9,1,38,7,1999,2,9,JAGUAR XE SERIES,-1,-1,0,-1
2024471447308,2024,471447308,1,9,0,-1,19,7,3,-1,0,0,0,0,0,0,1,1,-1,9,1,63,9,1999,2,6,JAGUAR XE SERIES,4,E01031364,0,3
2024361517490,2024,361517490,2,9,0,-1,19,5,1,-1,0,1,0,0,0,0,2,1,-1,9,1,61,9,1999,2,8,JAGUAR XE SERIES,5,E01026940,0,2
2024010509046,2024,010509046,2,9,0,99,99,9,9,99,99,9,9,99,9,99,9,9,6,6,3,-1,-1,1999,2,6,JAGUAR XE SERIES,-1,-1,0,-1
2024010511241,2024,010511241,2,9,9,99,99,9,9,99,99,9,9,99,9,99,9,9,6,6,3,-1,-1,1999,2,9,JAGUAR XE SERIES,-1,-1,0,-1
2024061449318,2024,061449318,1,9,0,-1,19,4,7,-1,0,1,0,0,0,0,1,1,-1,2,1,29,6,1999,1,8,JAGUAR XE SERIES,1,E01034134,0,1
2024421403200,2024,421403200,1,9,0,-1,19,4,8,-1,0,0,1,0,7,0,1,9,-1,9,1,32,6,1999,2,6,JAGUAR XE SERIES,8,E01022092,0,1
2024211454476,2024,211454476,1,9,0,-1,19,3,7,-1,0,4,0,0,0,0,4,1,-1,9,2,45,7,1999,2,7,JAGUAR XE SERIES,-1,-1,0,-1
2024421523389,2024,421523389,2,9,0,-1,3,1,5,-1,0,4,0,0,0,0,2,1,-1,9,1,30,6,1999,2,7,JAGUAR XE SERIES,5,E01021820,0,1
2024991487804,2024,991487804,1,9,0,-1,5,8,2,-1,5,0,0,0,0,0,1,1,-1,9,1,25,5,1999,2,7,JAGUAR XE SERIES,10,-1,0,1
2024430129843,2024,430129843,1,9,0,18,19,4,8,0,0,4,0,0,0,0,0,1,6,6,1,30,6,1999,2,6,JAGUAR XE SERIES,-1,-1,0,-1
2024332400424,2024,332400424,1,9,0,-1,1,2,6,-1,0,0,0,0,0,0,2,1,-1,6,1,42,7,1999,2,7,JAGUAR XE SERIES,-1,-1,0,-1
2024010521228,2024,010521228,1,9,0,99,99,9,9,0,0,9,0,0,0,0,1,1,6,6,3,-1,-1,1997,1,6,JAGUAR XE SERIES,-1,-1,0,-1
2024141437699,2024,141437699,1,9,0,-1,9,2,8,-1,0,8,0,0,0,0,4,1,-1,9,2,53,8,1999,2,7,JAGUAR XE SERIES,9,E01011935,0,4
2024461408267,2024,461408267,3,9,0,-1,4,1,6,-1,0,0,0,0,0,0,2,1,-1,9,2,50,8,1999,2,9,JAGUAR XE SERIES,4,E01024284,0,1
2024201502918,2024,201502918,2,9,0,-1,7,4,3,-1,0,6,0,0,0,0,3,1,-1,6,1,83,11,1999,2,6,JAGUAR XE SERIES,5,E01009580,0,2
2024991416921,2024,991416921,1,9,0,-1,3,7,3,-1,0,0,0,0,0,0,1,1,-1,6,1,54,8,1999,2,8,JAGUAR XE SERIES,2,-1,0,4
2024010519757,2024,010519757,1,9,0,18,19,1,5,0,0,0,1,4,0,0,1,1,6,6,1,42,7,1999,2,7,JAGUAR XE SERIES,5,E01002529,0,1
2024070739518,2024,070739518,1,9,0,-1,19,2,6,-1,0,4,0,0,0,0,1,1,-1,1,1,71,10,1999,2,8,JAGUAR XE SERIES,3,E01035374,0,1
2024131458574,2024,131458574,2,9,0,-1,-1,-1,-1,-1,-1,0,-1,-1,-1,-1,3,1,-1,9,2,34,6,1999,2,8,JAGUAR XE SERIES,6,E01010588,0,1
2024411428280,2024,411428280,2,9,0,-1,5,4,7,-1,0,2,1,0,0,0,3,1,-1,9,2,44,7,1999,2,4,JAGUAR XE SERIES,3,E01023957,0,1
202417L210224,2024,17L210224,2,9,0,-1,19,6,2,-1,0,8,0,0,0,0,1,1,-1,9,1,35,6,1999,2,8,JAGUAR XE SERIES,1,E01012088,0,1
2024340WN2712,2024,340WN2712,4,9,0,-1,4,5,1,-1,0,0,0,0,0,0,2,1,-1,9,1,56,9,1997,1,6,JAGUAR XE SERIES,9,E01001072,0,5
2024201484049,2024,201484049,2,9,0,-1,19,4,8,-1,0,0,0,0,0,0,2,1,-1,9,2,-1,-1,1999,2,9,JAGUAR XE SERIES,-1,-1,0,-1
2024231442595,2024,231442595,2,9,0,-1,4,1,5,-1,0,0,0,0,0,0,2,1,-1,9,1,51,8,1999,2,7,JAGUAR XE SERIES,4,E01032256,0,3
2024161528102,2024,161528102,1,9,0,-1,19,1,5,-1,0,1,0,0,0,0,3,9,-1,6,1,24,5,1999,2,8,JAGUAR XE SERIES,6,E01013036,0,2
2024131492519,2024,131492519,2,9,0,-1,19,4,8,-1,0,0,0,0,0,0,1,1,-1,9,1,31,6,1997,1,6,JAGUAR XE SERIES,10,E01011797,0,1
2024421504377,2024,421504377,1,9,0,-1,1,1,5,-1,0,0,0,0,0,0,2,1,-1,6,1,34,6,1999,2,8,JAGUAR XE SERIES,6,E01021683,0,1
2024311421758,2024,311421758,2,9,0,-1,19,1,3,-1,0,1,0,0,0,0,1,1,-1,9,1,34,6,1999,2,9,JAGUAR XE SERIES,7,E01028075,0,2
2024101427959,2024,101427959,3,9,0,-1,3,4,8,-1,0,8,0,0,0,0,2,1,-1,6,1,47,8,1997,1,5,JAGUAR XE SERIES,2,E01008571,0,2
2024622400797,2024,622400797,2,9,0,18,19,8,4,0,0,8,0,0,0,0,2,1,6,6,1,62,9,1999,2,7,JAGUAR XE SERIES,8,W01002038,0,1
2024141535517,2024,141535517,2,9,0,-1,19,1,5,-1,0,0,0,0,0,0,3,1,-1,9,1,64,9,1999,2,6,JAGUAR XE SERIES,8,E01034240,0,4
2024361397268,2024,361397268,2,9,0,-1,19,5,1,-1,0,2,1,0,0,0,3,1,-1,6,2,62,9,1997,1,7,JAGUAR XE SERIES,9,E01026448,0,1
2024371400156,2024,371400156,1,9,0,-1,13,7,3,-1,0,0,1,0,0,0,4,1,-1,2,1,50,8,2995,1,8,JAGUAR XE SERIES,9,E01030196,0,2
2024421527272,2024,421527272,1,9,0,-1,19,7,4,-1,0,2,0,0,0,0,1,1,-1,9,1,22,5,1999,1,8,JAGUAR XE SERIES,10,E01015830,0,2
2024440407022,2024,440407022,1,9,0,6,6,6,6,0,0,8,0,0,0,0,3,1,6,6,1,33,6,1999,2,7,JAGUAR XE SERIES,9,E01022495,0,4
2024010521493,2024,010521493,2,9,0,99,99,9,9,99,99,9,9,99,9,99,9,9,6,6,3,-1,-1,1999,1,8,JAGUAR XE SERIES,-1,-1,0,-1
2024070599436,2024,070599436,1,9,0,18,19,3,7,0,0,0,0,0,5,6,1,1,1,1,1,44,7,1999,2,5,JAGUAR XE SERIES,1,E01005183,0,2
2024061509705,2024,061509705,1,9,0,-1,13,5,1,-1,0,1,1,10,0,0,1,9,-1,6,1,22,5,1997,1,7,JAGUAR XE SERIES,5,E01004936,0,1
2024041421026,2024,041421026,1,9,0,-1,19,3,5,-1,0,1,0,0,0,0,1,1,-1,6,1,81,11,1997,1,6,JAGUAR XE SERIES,10,E01025019,0,1
2024520401583,2024,520401583,1,9,0,9,9,1,5,0,0,0,0,0,7,11,9,1,6,6,1,61,9,1997,1,7,JAGUAR XE SERIES,8,E01022463,0,5
2024041474984,2024,041474984,1,9,0,-1,19,1,5,-1,0,0,0,0,0,0,1,1,-1,9,1,71,10,1999,2,9,JAGUAR XE SERIES,6,E01025020,0,1
2024461426806,2024,461426806,1,9,0,-1,19,2,3,-1,0,1,0,0,3,0,1,2,-1,9,1,19,4,1999,2,9,JAGUAR XE SERIES,3,E01024620,0,4
2024461465025,2024,461465025,3,9,0,-1,3,7,1,-1,0,8,0,0,0,0,3,1,-1,9,1,31,6,1999,2,7,JAGUAR XE SERIES,7,E01024350,0,1
2024991402573,2024,991402573,1,9,0,-1,19,8,3,-1,0,1,0,0,0,0,3,1,-1,9,2,60,9,1999,2,7,JAGUAR XE SERIES,7,-1,0,4
2024411500617,2024,411500617,2,9,0,-1,2,0,0,-1,-1,0,0,0,1,0,2,1,-1,6,1,52,8,1999,1,8,JAGUAR XE SERIES,4,E01023877,0,2
2024471409021,2024,471409021,1,9,0,-1,19,1,5,-1,0,8,0,0,0,0,1,1,-1,6,1,89,11,1999,1,9,JAGUAR XE SERIES,7,E01030583,0,4
2024302401289,2024,302401289,1,9,0,18,19,7,4,0,0,0,2,0,0,0,1,1,3,7,1,36,7,1999,2,9,JAGUAR XE SERIES,6,E01034657,0,1
2024320723962,2024,320723962,2,9,0,2,2,0,0,0,0,2,0,0,1,0,2,1,6,6,3,-1,-1,1997,1,7,JAGUAR XE SERIES,-1,-1,0,-1
2024522402006,2024,522402006,1,9,0,18,19,1,3,0,0,0,0,0,0,0,1,1,6,6,1,22,5,1997,1,5,JAGUAR XE SERIES,9,E01014784,0,1
2024010544240,2024,010544240,2,9,0,99,99,9,9,99,99,9,9,99,9,99,9,9,6,6,3,-1,-1,1999,2,9,JAGUAR XE SERIES,3,E01002701,0,3
2024991469944,2024,991469944,1,9,0,-1,5,6,8,-1,0,4,0,0,0,0,1,1,-1,9,2,22,5,1999,2,8,JAGUAR XE SERIES,9,-1,0,2
2024010498237,2024,010498237,2,9,0,2,2,0,0,0,0,0,0,0,0,0,2,1,6,6,3,-1,-1,1997,1,5,JAGUAR XE SERIES,-1,-1,0,-1
2024311429291,2024,311429291,2,9,0,-1,5,7,1,-1,0,0,0,0,0,0,3,9,-1,9,2,52,8,1999,2,9,JAGUAR XE SERIES,10,E01028368,0,1
2024010501252,2024,010501252,1,9,0,10,10,1,6,0,0,8,0,0,0,0,3,1,2,2,1,30,6,1999,2,7,JAGUAR XE SERIES,6,E01002602,0,1
2024311418848,2024,311418848,2,9,0,-1,19,4,8,-1,0,4,0,0,0,0,1,1,-1,9,1,47,8,1999,2,7,JAGUAR XE SERIES,2,E01013832,0,1
2024461529309,2024,461529309,2,9,0,-1,19,3,7,-1,0,0,0,0,0,0,1,1,-1,2,1,40,7,1999,2,8,JAGUAR XE SERIES,6,E01023979,0,3
2024361477181,2024,361477181,3,9,0,-1,19,1,3,-1,0,1,0,0,0,0,0,1,-1,9,1,21,5,1999,2,6,JAGUAR XE SERIES,1,E01026595,0,1
2024141407582,2024,141407582,2,9,0,-1,7,5,2,-1,0,3,0,0,0,0,3,1,-1,9,1,45,7,1999,2,8,JAGUAR XE SERIES,1,E01007714,0,1
2024211514075,2024,211514075,1,9,0,-1,5,3,7,-1,0,0,0,0,0,0,2,1,-1,6,1,69,10,1997,1,5,JAGUAR XE SERIES,-1,-1,0,-1
2024461477593,2024,461477593,1,9,0,-1,2,1,7,-1,5,8,0,0,0,0,2,9,-1,6,1,43,7,1999,2,7,JAGUAR XE SERIES,9,E01024112,0,1
2024010541475,2024,010541475,1,9,0,18,19,5,1,0,0,2,5,0,1,3,1,1,6,6,1,24,5,1997,1,6,JAGUAR XE SERIES,-1,-1,0,-1
2024161510449,2024,161510449,1,9,0,-1,6,3,3,-1,0,0,0,0,0,0,3,9,-1,1,1,73,10,1999,2,8,JAGUAR XE SERIES,1,E01012900,0,1
2024361395331,2024,361395331,1,9,0,-1,-1,-1,-1,-1,0,4,0,0,0,0,1,1,-1,6,1,37,7,1999,2,8,JAGUAR XE SERIES,1,E01026793,0,1
2024361508334,2024,361508334,2,9,0,-1,4,8,3,-1,0,1,0,0,0,0,2,1,-1,9,1,61,9,1999,2,8,JAGUAR XE SERIES,5,E01032065,0,5
2024010523265,2024,010523265,1,9,0,18,19,3,7,0,0,1,0,0,0,0,3,1,2,2,1,61,9,1999,2,8,JAGUAR XE SERIES,5,E01001139,0,2
2024351400391,2024,351400391,1,9,0,-1,19,3,7,-1,9,0,0,10,7,0,1,9,-1,9,1,47,8,1999,2,8,JAGUAR XE SERIES,4,E01018072,0,2
2024131395629,2024,131395629,2,9,0,-1,19,2,2,-1,0,1,0,0,0,0,1,1,-1,9,1,48,8,1999,1,9,JAGUAR XE SERIES,1,E01011093,0,1
2024041482454,2024,041482454,2,9,0,-1,2,0,0,-1,9,0,0,0,0,0,2,1,-1,6,-1,-1,-1,1999,2,8,JAGUAR XE SERIES,-1,-1,0,-1
2024440324505,2024,440324505,1,9,0,18,19,3,7,0,0,4,0,10,0,0,1,1,6,6,1,63,9,1997,1,6,JAGUAR XE SERIES,4,E01015326,0,3
2024332400151,2024,332400151,1,9,0,-1,2,0,0,-1,0,2,0,0,0,0,1,1,-1,6,1,32,6,1999,2,9,JAGUAR XE SERIES,7,E01013686,0,1
2024440192839,2024,440192839,1,9,0,7,7,1,3,0,0,6,0,0,0,0,1,1,2,2,1,45,7,1999,2,8,JAGUAR XE SERIES,-1,-1,0,-1
2024071043595,2024,071043595,1,3,0,-1,4,1,5,-1,0,1,5,0,0,0,1,1,-1,2,2,17,4,124,1,21,-1,3,E01018337,0,1
2024340NN2742,2024,340NN2742,2,3,0,-1,19,1,5,-1,0,8,0,0,0,0,0,1,-1,9,1,40,7,124,1,23,-1,4,E01032971,0,3
2024302400430,2024,302400430,1,3,0,17,19,6,3,0,0,0,0,10,0,0,3,1,6,6,1,63,9,124,1,19,-1,5,E01019689,0,4
2024531536346,2024,531536346,1,3,0,-1,14,3,7,-1,0,0,0,0,0,0,3,1,-1,9,2,54,8,124,1,18,-1,8,E01022452,0,1
2024461483052,2024,461483052,1,5,0,-1,13,5,1,-1,0,5,0,0,0,0,1,1,-1,6,1,44,7,1301,1,9,KTM 1290 SUPER ADVENTURE,7,E01024846,0,1
2024031395727,2024,031395727,1,5,0,-1,5,1,3,-1,0,8,1,0,0,0,0,1,-1,2,1,50,8,1301,1,2,KTM 1290 SUPER ADVENTURE,1,E01019110,0,1
2024401521588,2024,401521588,2,4,0,-1,3,5,3,-1,0,3,5,0,0,0,2,1,-1,6,1,65,9,1301,1,0,KTM 1290 SUPER ADVENTURE,8,E01023415,0,4
2024471478865,2024,471478865,1,5,0,-1,19,3,7,-1,0,0,1,0,0,0,3,1,-1,6,1,47,8,1301,1,0,KTM 1290 SUPER ADVENTURE,5,E01024528,0,4
2024131428351,2024,131428351,1,5,0,-1,19,7,3,-1,0,0,0,0,0,0,3,1,-1,9,1,39,7,1301,1,3,KTM 1290 SUPER ADVENTURE,9,E01027642,0,4
2024070739518,2024,070739518,2,5,0,-1,5,2,6,-1,0,4,0,0,0,0,1,1,-1,9,1,46,8,1301,1,1,KTM 1290 SUPER ADVENTURE,8,E01018363,0,1
2024631517450,2024,631517450,1,5,0,-1,19,5,1,-1,0,0,0,0,1,10,1,1,-1,9,1,58,9,1301,1,0,KTM 1290 SUPER ADVENTURE,8,W01001965,0,4
2024010511490,2024,010511490,1,5,0,18,19,5,1,0,0,3,0,0,3,2,4,1,2,2,1,45,7,1301,1,5,KTM 1290 SUPER ADVENTURE,-1,-1,0,-1
2024401457067,2024,401457067,2,5,0,-1,19,3,7,-1,0,0,0,0,0,0,1,1,-1,6,1,44,7,1301,1,6,KTM 1290 SUPER ADVENTURE,-1,-1,0,-1
2024231515287,2024,231515287,1,5,0,-1,15,2,6,-1,0,8,0,0,0,0,1,1,-1,6,1,60,9,1301,1,7,KTM 1290 SUPER ADVENTURE,6,E01009034,0,4
2024991424276,2024,991424276,1,5,0,-1,4,6,2,-1,-1,0,0,0,0,0,2,1,-1,9,1,57,9,1301,1,1,KTM 1290 SUPER ADVENTURE,6,-1,0,4
2024991445704,2024,991445704,1,3,0,-1,14,8,4,-1,0,1,0,0,0,0,4,1,-1,1,1,56,9,1301,1,7,KTM 1290 SUPER ADVENTURE,1,-1,0,4
2024161474392,2024,161474392,1,5,0,-1,2,0,0,-1,0,0,0,0,0,0,3,1,-1,9,1,32,6,1301,1,5,KTM 1290 SUPER ADVENTURE,8,E01012909,0,1
2024471442418,2024,471442418,2,5,0,-1,19,3,7,-1,0,1,0,0,0,0,1,1,-1,6,1,51,8,1301,1,4,KTM 1290 SUPER ADVENTURE,5,E01031611,0,2
2024371440357,2024,371440357,1,5,0,-1,13,3,7,-1,0,0,0,0,0,0,1,1,-1,6,1,59,9,1301,1,3,KTM 1290 SUPER ADVENTURE,5,E01030188,0,1
2024471434088,2024,471434088,2,5,0,-1,15,4,8,-1,0,1,0,0,1,4,1,1,-1,9,1,63,9,1301,1,1,KTM 1290 SUPER ADVENTURE,10,E01031615,0,4
2024201480746,2024,201480746,1,3,0,-1,19,2,6,-1,0,0,0,0,0,0,1,1,-1,6,1,36,7,124,1,3,LEXMOTO TR,1,E01009996,0,3
2024991455016,2024,991455016,6,3,0,-1,19,7,2,-1,0,1,0,0,0,0,0,1,-1,9,1,20,4,124,1,1,LEXMOTO TR,-1,-1,0,-1
2024332401112,2024,332401112,1,3,0,-1,9,5,3,-1,0,8,0,0,0,0,4,1,-1,6,1,21,5,124,1,1,LEXMOTO TR,-1,-1,0,-1
2024131472777,2024,131472777,1,3,0,-1,19,5,1,-1,0,8,2,0,0,0,0,1,-1,9,1,19,4,124,1,0,LEXMOTO TR,3,E01006020,0,3
2024010526653,2024,010526653,1,3,0,3,3,5,1,0,0,2,0,0,0,0,4,1,6,6,1,46,8,124,1,3,LEXMOTO TR,3,E01004020,0,1
2024122400290,2024,122400290,1,4,0,7,7,7,3,0,0,3,0,0,0,0,4,1,6,6,1,18,4,124,1,1,LEXMOTO TR,6,E01027610,0,1
2024041477489,2024,041477489,1,3,0,-1,19,1,5,-1,0,1,0,0,0,0,1,1,-1,6,1,18,4,124,1,0,LEXMOTO TR,2,E01024893,0,1
2024622400779,2024,622400779,1,3,0,18,19,3,7,0,0,8,0,0,0,0,1,1,4,7,1,18,4,124,1,3,LEXMOTO TR,10,W01001771,0,1
2024061428941,2024,061428941,2,3,0,-1,19,8,4,-1,0,1,0,0,0,0,1,1,-1,6,1,33,6,124,1,1,LEXMOTO TR,-1,-1,0,-1
2024010524829,2024,010524829,1,3,0,99,99,9,9,99,99,9,9,99,9,99,9,1,1,1,1,38,7,124,1,0,LEXMOTO TR,3,E01033599,0,1
2024991478727,2024,991478727,1,4,0,-1,19,1,3,-1,0,4,1,0,0,0,3,1,-1,2,1,24,5,124,1,0,LEXMOTO TR,5,-1,0,1
2024041478543,2024,041478543,1,3,0,-1,19,5,1,-1,0,1,1,4,0,0,1,1,-1,9,1,23,5,124,1,2,LEXMOTO TR,6,E01025176,0,1
2024010551005,2024,010551005,1,3,0,18,19,4,8,0,0,1,0,0,0,0,3,1,1,1,1,18,4,124,1,0,LEXMOTO TR,7,E01002423,0,2
2024440509503,2024,440509503,1,3,0,9,9,8,6,0,0,0,0,0,0,0,3,1,6,6,1,19,4,124,1,0,LEXMOTO TR,1,E01017274,0,1
2024501423762,2024,501423762,1,3,0,-1,9,7,3,-1,0,4,0,0,0,0,1,1,-1,6,1,18,4,124,1,2,LEXMOTO TR,5,E01034167,0,1
2024531453389,2024,531453389,1,3,0,-1,19,7,3,-1,0,0,0,4,0,0,1,1,-1,9,1,38,7,124,1,3,LEXMOTO TR,8,E01022335,0,1
2024421492190,2024,421492190,2,3,0,-1,19,1,5,-1,0,1,0,0,0,0,1,1,-1,9,1,28,6,124,1,2,LEXMOTO TR,4,E01021293,0,1
2024031473540,2024,031473540,2,3,0,-1,19,7,3,-1,1,8,0,0,0,0,4,1,-1,2,1,18,4,124,1,0,LEXMOTO TR,-1,-1,0,-1
2024340NN2512,2024,340NN2512,2,3,0,-1,19,3,7,-1,0,3,2,0,0,0,4,1,-1,9,1,19,4,124,1,0,LEXMOTO TR,1,E01027131,0,1
2024991493580,2024,991493580,1,3,0,-1,19,3,6,-1,0,0,1,0,0,0,4,1,-1,6,1,20,4,124,1,0,LEXMOTO TR,3,-1,0,4
2024010514352,2024,010514352,2,3,0,9,9,7,5,0,0,8,5,0,0,0,1,1,2,2,2,23,5,124,1,3,LEXMOTO TR,5,E01001854,0,1
2024421544704,2024,421544704,2,3,0,-1,-1,-1,-1,-1,-1,0,-1,-1,-1,0,-1,1,-1,6,1,18,4,124,1,0,LEXMOTO TR,9,E01035177,0,1
2024501472236,2024,501472236,2,3,0,-1,19,8,4,-1,0,8,0,0,0,0,1,1,-1,9,1,19,4,124,1,2,LEXMOTO TR,7,E01015068,0,1
2024211506090,2024,211506090,2,3,0,-1,19,5,1,-1,0,0,1,0,0,0,1,1,-1,6,1,31,6,124,1,0,LEXMOTO TR,8,E01019845,0,2
2024461432523,2024,461432523,1,3,0,-1,19,1,3,-1,0,1,1,0,0,0,4,1,-1,1,1,22,5,124,1,3,LEXMOTO TR,9,E01035291,0,1
2024451483602,2024,451483602,2,3,0,-1,4,6,2,-1,0,1,0,0,0,0,2,1,-1,9,1,19,4,124,1,2,LEXMOTO TR,7,E01016236,0,4
2024010541928,2024,010541928,2,3,0,18,19,1,5,0,0,1,0,0,0,0,1,1,6,6,1,20,4,124,1,1,LEXMOTO TR,2,E01001330,0,2
2024631417802,2024,631417802,1,4,0,-1,19,5,2,-1,0,0,1,0,1,7,1,1,-1,9,1,17,4,124,1,1,LEXMOTO TR,8,E01014077,0,4
2024461525717,2024,461525717,1,4,0,-1,19,7,3,-1,0,8,2,0,0,0,1,1,-1,6,1,62,9,124,1,3,LEXMOTO TR,4,E01024281,0,2