collision_index,collision_year,collision_ref_no,vehicle_reference,vehicle_type,towing_and_articulation,vehicle_manoeuvre_historic,vehicle_manoeuvre,vehicle_direction_from,vehicle_direction_to,vehicle_location_restricted_lane_historic,vehicle_location_restricted_lane,junction_location,skidding_and_overturning,hit_object_in_carriageway,vehicle_leaving_carriageway,hit_object_off_carriageway,first_point_of_impact,vehicle_left_hand_drive,journey_purpose_of_driver_historic,journey_purpose_of_driver,sex_of_driver,age_of_driver,age_band_of_driver,engine_capacity_cc,propulsion_code,age_of_vehicle,generic_make_model,driver_imd_decile,lsoa_of_driver,escooter_flag,driver_distance_banding
2024451477995,2024,451477995,1,3,0,-1,19,3,6,-1,0,1,0,0,0,0,3,1,-1,9,1,20,4,124,1,0,LEXMOTO TR,4,E01030664,0,1
2024351472330,2024,351472330,1,3,0,-1,13,4,8,-1,0,0,0,0,7,9,4,1,-1,6,1,28,6,124,1,0,LEXMOTO TR,6,E01018156,0,3
2024131446665,2024,131446665,1,3,0,-1,19,7,3,-1,0,1,0,0,0,0,1,1,-1,1,1,20,4,124,1,2,LEXMOTO TR,2,E01011771,0,1
2024451467126,2024,451467126,1,3,0,-1,19,3,7,-1,0,0,0,0,0,0,1,1,-1,9,1,20,4,124,1,0,LEXMOTO TR,4,E01030664,0,1
2024340NN9042,2024,340NN9042,2,3,0,-1,19,7,3,-1,0,8,0,0,0,0,1,1,-1,2,1,30,6,124,1,2,LEXMOTO TR,3,E01027314,0,1
2024010542832,2024,010542832,1,3,0,99,99,9,9,99,99,9,9,99,9,99,9,1,2,2,1,39,7,124,1,1,LEXMOTO TR,9,E01003856,0,1
2024461501300,2024,461501300,1,3,0,-1,5,5,5,-1,0,0,2,0,0,0,3,1,-1,2,1,53,8,124,1,1,LEXMOTO TR,6,E01024340,0,1
2024440012788,2024,440012788,1,3,0,18,19,7,3,0,0,1,0,0,0,0,4,1,6,6,1,20,4,124,1,1,LEXMOTO TR,7,E01022812,0,1
2024471441389,2024,471441389,2,3,0,-1,19,7,3,-1,0,1,0,10,1,0,1,1,-1,6,1,22,5,124,1,2,LEXMOTO TR,9,E01031413,0,1
2024501459536,2024,501459536,1,3,0,-1,19,3,7,-1,0,1,1,0,0,0,1,1,-1,2,1,17,4,124,1,0,LEXMOTO TR,6,E01019888,0,3
2024552401361,2024,552401361,1,3,0,14,14,4,8,0,0,8,0,0,0,0,1,1,6,6,1,19,4,124,1,3,LEXMOTO TR,6,E01020405,0,3
2024991445220,2024,991445220,2,3,0,-1,9,4,2,-1,0,3,5,0,0,0,0,1,-1,6,1,21,5,124,1,1,LEXMOTO TR,1,-1,0,1
2024411490018,2024,411490018,2,9,0,-1,3,4,8,-1,0,0,0,0,0,0,1,1,-1,6,1,38,7,4969,8,16,-1,4,E01023631,0,4
2024211475448,2024,211475448,3,9,0,-1,19,6,2,-1,0,1,0,0,0,0,1,2,-1,2,1,52,8,4969,8,16,-1,-1,-1,0,-1
2024010502164,2024,010502164,3,9,0,2,2,0,0,0,0,0,0,0,0,0,4,1,6,6,3,-1,-1,4969,8,17,-1,-1,-1,0,-1
2024552400089,2024,552400089,2,20,0,18,19,4,8,0,0,0,0,0,0,0,3,1,1,1,1,70,10,2998,2,7,MITSUBISHI FUSO CANTER,8,E01020504,0,3
2024421455946,2024,421455946,2,20,0,-1,19,1,6,-1,0,0,0,0,0,0,1,1,-1,2,1,24,5,2998,2,5,MITSUBISHI FUSO CANTER,2,E01000052,0,3
2024010512232,2024,010512232,2,90,0,2,2,0,0,2,2,1,0,0,0,0,3,1,6,6,3,-1,-1,-1,-1,-1,MITSUBISHI FUSO CANTER,-1,-1,0,-1
2024010498097,2024,010498097,1,19,0,15,15,3,7,0,0,0,0,0,0,0,4,1,2,2,1,51,8,2998,2,4,MITSUBISHI FUSO CANTER,9,E01030401,0,1
2024471447743,2024,471447743,1,19,0,-1,4,4,8,-1,0,0,0,0,0,0,1,1,-1,1,1,38,7,2977,2,13,MITSUBISHI FUSO CANTER,4,E01031785,0,3
2024522402135,2024,522402135,2,19,0,18,19,2,6,0,0,1,0,0,0,0,1,1,6,6,3,-1,-1,2998,2,4,MITSUBISHI FUSO CANTER,-1,-1,0,-1
2024010517993,2024,010517993,2,20,0,3,3,7,3,0,0,0,0,0,0,0,0,1,1,1,1,42,7,2998,2,8,MITSUBISHI FUSO CANTER,3,E01033944,0,1
2024141496591,2024,141496591,1,90,0,-1,19,1,5,-1,0,0,5,0,0,0,1,1,-1,1,1,53,8,-1,-1,-1,MITSUBISHI FUSO CANTER,3,E01007572,0,2
2024451523250,2024,451523250,1,19,0,-1,5,6,7,-1,0,0,0,0,0,0,1,1,-1,1,1,25,5,2977,2,17,MITSUBISHI FUSO CANTER,7,E01030949,0,1
2024361460467,2024,361460467,2,20,0,-1,3,6,6,-1,0,1,0,0,0,0,3,1,-1,1,1,60,9,2998,2,1,MITSUBISHI FUSO CANTER,-1,-1,0,-1
2024010506448,2024,010506448,2,19,4,11,11,3,7,0,0,0,0,0,0,0,4,1,1,1,1,42,7,2998,2,6,MITSUBISHI FUSO CANTER,5,E01004414,0,1
2024141497910,2024,141497910,1,19,0,-1,19,8,4,-1,0,1,0,0,0,0,1,1,-1,1,1,43,7,2998,2,4,MITSUBISHI FUSO CANTER,6,E01019786,0,2
2024531462536,2024,531462536,2,19,0,-1,19,3,7,-1,0,0,0,0,0,0,1,1,-1,1,1,43,7,2998,2,11,MITSUBISHI FUSO CANTER,8,E01034802,0,2
2024070741306,2024,070741306,2,19,0,-1,19,7,3,-1,0,1,1,0,0,0,1,1,-1,-1,1,51,8,2998,2,0,MITSUBISHI FUSO CANTER,4,E01029541,0,4
2024351524870,2024,351524870,1,20,0,-1,19,7,3,-1,0,0,0,0,0,0,1,1,-1,6,1,63,9,2998,2,4,MITSUBISHI FUSO CANTER,10,E01017534,0,4
2024451417070,2024,451417070,1,20,0,-1,19,4,8,-1,0,0,0,0,1,4,1,1,-1,1,1,45,7,2998,2,6,MITSUBISHI FUSO CANTER,5,E01001194,0,4
2024340WN6802,2024,340WN6802,1,20,0,-1,4,1,5,-1,0,1,0,0,0,0,1,1,-1,1,1,54,8,2998,2,6,MITSUBISHI FUSO CANTER,9,E01027208,0,1
2024131461002,2024,131461002,2,90,0,-1,2,0,0,-1,0,0,0,0,0,0,4,1,-1,1,1,60,9,-1,-1,-1,MITSUBISHI FUSO CANTER,1,E01011494,0,1
2024340WN5882,2024,340WN5882,1,20,0,-1,12,7,3,-1,0,8,0,0,0,0,3,1,-1,1,1,-1,-1,2998,2,6,MITSUBISHI FUSO CANTER,-1,-1,0,-1
2024440171177,2024,440171177,2,20,0,5,5,4,8,0,0,1,0,0,0,0,1,1,1,1,1,61,9,2998,2,1,MITSUBISHI FUSO CANTER,7,E01022815,0,4
2024010534208,2024,010534208,1,90,0,99,99,9,9,99,99,9,9,99,9,99,2,9,6,6,1,34,6,-1,-1,-1,MITSUBISHI FUSO CANTER,6,E01017810,0,4
2024061502481,2024,061502481,1,20,0,-1,15,7,3,-1,0,0,0,0,0,0,3,1,-1,1,1,50,8,2998,2,12,MITSUBISHI FUSO CANTER,3,E01004854,0,3
2024501511789,2024,501511789,1,9,0,-1,19,3,7,-1,0,0,5,0,2,11,1,1,-1,6,1,29,6,2498,1,24,-1,5,E01018903,0,2
2024522402101,2024,522402101,2,9,0,17,19,6,3,0,0,8,0,0,0,0,1,1,6,6,2,-1,-1,1396,1,22,ROVER 25,3,E01002909,0,5
2024010511310,2024,010511310,1,9,0,9,9,1,6,0,0,0,0,0,0,0,1,1,6,6,1,54,8,1396,1,22,ROVER 25,10,E01030958,0,4
2024201452688,2024,201452688,1,9,0,-1,7,1,3,-1,0,6,0,7,7,5,2,1,-1,9,1,67,10,1396,1,24,ROVER 25,1,E01009951,0,1
2024552400837,2024,552400837,1,9,0,18,19,5,1,0,0,0,0,0,0,0,1,1,6,6,1,28,6,1588,1,22,ROVER 25,5,E01020503,0,1
2024361460157,2024,361460157,1,9,0,-1,9,5,2,-1,0,1,1,4,0,0,1,1,-1,6,1,28,6,1588,1,20,ROVER 25,5,E01026594,0,1
2024052401857,2024,052401857,2,9,0,18,19,4,8,0,0,1,0,0,0,0,3,1,1,1,1,63,9,1994,2,23,ROVER 25,6,E01007033,0,1
2024201476127,2024,201476127,1,9,0,-1,19,8,4,-1,0,8,0,10,1,7,1,1,-1,6,1,82,11,1396,1,23,ROVER 25,-1,-1,0,-1
2024371419927,2024,371419927,2,9,0,-1,3,2,6,-1,0,8,0,0,0,0,2,1,-1,9,1,65,9,1396,1,21,ROVER 25,7,E01033449,0,1
2024010541437,2024,010541437,2,9,0,18,19,7,3,9,9,1,0,0,1,0,3,1,6,6,3,-1,-1,1796,1,23,ROVER 25,-1,-1,0,-1
2024221452084,2024,221452084,1,9,0,-1,13,1,5,-1,0,0,0,0,0,0,1,1,-1,2,1,19,4,1396,1,22,ROVER 25,2,E01032389,0,2
2024430330154,2024,430330154,1,9,0,10,10,6,4,0,0,1,0,0,0,0,2,1,6,6,2,21,5,1396,1,20,ROVER 25,8,E01014373,0,4
2024061453668,2024,061453668,3,9,0,-1,2,0,0,-1,9,0,0,0,0,0,2,9,-1,6,2,39,7,999,1,0,SEAT ARONA,-1,-1,0,-1
2024371494812,2024,371494812,3,9,0,-1,4,3,7,-1,0,0,0,4,0,0,2,1,-1,1,2,38,7,1598,2,6,SEAT ARONA,4,E01022033,0,4
2024061435167,2024,061435167,2,9,0,-1,14,-1,-1,-1,0,1,0,0,0,0,3,1,-1,6,1,-1,-1,999,1,3,SEAT ARONA,-1,-1,0,-1
2024991470578,2024,991470578,2,9,0,-1,10,5,1,-1,0,0,0,0,0,0,2,1,-1,9,2,56,9,1598,2,6,SEAT ARONA,-1,-1,0,-1
2024201511944,2024,201511944,3,9,0,-1,19,5,1,-1,0,0,1,0,2,0,1,1,-1,6,1,32,6,999,1,4,SEAT ARONA,2,E01009050,0,1
2024461487867,2024,461487867,2,9,0,-1,19,-1,-1,-1,0,3,0,10,1,0,1,9,-1,2,2,46,8,999,1,2,SEAT ARONA,1,E01035301,0,4
2024991461085,2024,991461085,1,9,0,-1,19,1,5,-1,0,0,0,0,0,0,1,1,-1,9,2,67,10,999,1,0,SEAT ARONA,-1,-1,0,-1
2024201523978,2024,201523978,2,9,0,-1,4,4,8,-1,0,1,0,0,0,0,3,1,-1,6,2,27,6,999,1,4,SEAT ARONA,5,E01010014,0,2
2024131470565,2024,131470565,1,9,0,-1,19,8,4,-1,0,8,0,4,0,0,1,1,-1,6,2,21,5,999,1,0,SEAT ARONA,4,E01010688,0,1
2024010540555,2024,010540555,1,9,0,18,19,7,3,0,0,0,0,11,0,0,1,1,6,6,1,44,7,999,1,0,SEAT ARONA,9,E01000751,0,1
2024201472668,2024,201472668,4,9,0,-1,2,0,0,-1,0,1,0,0,0,0,1,9,-1,6,1,-1,-1,999,1,6,SEAT ARONA,2,E01009906,0,1
2024440365948,2024,440365948,2,9,0,18,19,2,6,0,0,0,0,0,0,0,1,1,6,6,2,40,7,999,1,5,SEAT ARONA,5,E01003134,0,4
2024131410984,2024,131410984,1,9,0,-1,9,1,6,-1,0,8,0,0,0,0,1,1,-1,9,2,38,7,999,1,3,SEAT ARONA,9,E01011887,0,1
202417M118124,2024,17M118124,3,9,0,-1,19,7,3,-1,0,1,0,0,0,0,3,1,-1,2,2,30,6,1598,2,6,SEAT ARONA,-1,-1,0,-1
2024471453136,2024,471453136,2,9,0,-1,3,8,4,-1,0,0,0,0,0,0,2,1,-1,9,1,29,6,999,1,2,SEAT ARONA,6,E01021108,0,4
2024991458749,2024,991458749,1,9,0,-1,19,1,5,-1,0,0,0,0,1,4,1,1,-1,9,2,33,6,999,1,6,SEAT ARONA,-1,-1,0,-1
2024201527303,2024,201527303,2,9,0,-1,19,8,4,-1,0,3,0,0,0,0,4,1,-1,9,2,26,6,999,1,6,SEAT ARONA,1,E01010125,0,2
2024041396398,2024,041396398,1,9,0,-1,19,1,5,-1,0,1,0,0,0,0,1,1,-1,2,1,24,5,999,1,1,SEAT ARONA,5,E01012645,0,3
2024141513649,2024,141513649,2,9,0,-1,19,3,7,-1,0,2,0,0,0,0,4,1,-1,9,2,21,5,999,1,1,SEAT ARONA,1,E01007506,0,1
2024411524702,2024,411524702,2,9,0,-1,19,1,5,-1,0,8,0,10,2,7,4,1,-1,9,1,24,5,999,1,6,SEAT ARONA,7,E01000243,0,3
2024421465188,2024,421465188,2,9,0,-1,19,7,3,-1,0,0,0,0,0,0,2,1,-1,9,2,23,5,999,1,2,SEAT ARONA,3,E01015854,0,2
2024411488946,2024,411488946,1,9,0,-1,4,2,6,-1,0,0,0,0,0,0,1,1,-1,6,1,65,9,999,1,1,SEAT ARONA,2,E01023405,0,2
2024010524225,2024,010524225,4,9,0,1,1,3,7,0,0,0,0,4,0,0,2,1,6,6,2,28,6,999,1,0,SEAT ARONA,5,E01034951,0,5
2024991478265,2024,991478265,1,9,0,-1,19,4,8,-1,0,0,5,0,0,0,1,1,-1,9,1,22,5,999,1,1,SEAT ARONA,1,-1,0,5
2024991527450,2024,991527450,1,9,0,-1,19,2,6,-1,0,0,0,0,0,0,1,1,-1,9,1,87,11,999,1,3,SEAT ARONA,7,-1,0,3
2024221475689,2024,221475689,1,9,0,-1,19,8,4,-1,0,0,0,0,2,4,1,1,-1,6,1,23,5,999,1,1,SEAT ARONA,2,E01010535,0,4
2024061428401,2024,061428401,1,9,0,-1,12,7,3,-1,0,0,0,0,0,0,1,1,-1,9,1,20,4,999,1,6,SEAT ARONA,2,E01004873,0,1
2024010533156,2024,010533156,1,9,0,17,19,1,5,0,0,6,0,0,0,0,1,1,6,6,1,18,4,999,1,0,SEAT ARONA,3,E01000503,0,3
2024201451388,2024,201451388,1,9,0,-1,12,8,4,-1,0,0,0,0,0,0,2,1,-1,6,1,21,5,1598,2,6,SEAT ARONA,1,E01008913,0,1
2024471439702,2024,471439702,1,9,0,-1,19,2,6,-1,0,0,5,4,0,0,4,1,-1,9,1,26,6,999,1,1,SEAT ARONA,4,E01020997,0,1
2024991409150,2024,991409150,1,9,0,-1,19,6,2,-1,0,0,2,0,1,0,4,1,-1,9,1,24,5,999,1,3,SEAT ARONA,-1,-1,0,-1
2024471475050,2024,471475050,1,9,0,-1,5,7,3,-1,0,0,0,0,0,0,2,1,-1,6,1,36,7,999,1,4,SEAT ARONA,6,E01034822,0,1
2024010545981,2024,010545981,3,9,0,2,2,0,0,0,0,1,0,0,0,0,3,1,6,6,3,-1,-1,999,1,5,SEAT ARONA,-1,-1,0,-1
2024440145638,2024,440145638,2,9,0,4,4,1,5,0,0,1,0,0,0,0,3,1,6,6,2,37,7,999,1,1,SEAT ARONA,2,E01017116,0,1
2024131497537,2024,131497537,1,9,0,-1,19,5,1,-1,0,1,5,4,0,0,3,1,-1,9,1,23,5,999,1,4,SEAT ARONA,1,E01010809,0,1
2024302400461,2024,302400461,2,9,0,18,19,8,4,0,0,4,0,0,0,0,1,1,6,6,2,25,5,999,1,1,SEAT ARONA,1,E01013481,0,1
2024501533565,2024,501533565,1,9,0,-1,9,1,7,-1,0,6,0,0,0,0,3,1,-1,9,1,79,11,999,1,4,SEAT ARONA,8,E01019915,0,1
2024471445228,2024,471445228,1,9,0,-1,20,4,8,-1,9,0,0,0,0,0,4,1,-1,6,2,47,8,1498,1,0,SEAT ARONA,3,E01016919,0,1
2024440028604,2024,440028604,1,9,0,18,19,6,2,0,0,0,0,0,1,4,1,1,6,6,2,75,10,999,1,6,SEAT ARONA,10,E01023220,0,2
2024622400778,2024,622400778,2,9,0,2,2,0,0,0,0,0,0,0,0,0,1,1,6,6,3,-1,-1,999,1,4,SEAT ARONA,-1,-1,0,-1
2024041450961,2024,041450961,1,9,0,-1,7,2,4,-1,0,6,0,7,7,10,3,1,-1,9,2,24,5,999,1,1,SEAT ARONA,1,E01012577,0,1
2024010500365,2024,010500365,1,9,0,9,9,1,7,0,0,8,0,0,0,0,1,1,6,6,2,51,8,999,1,5,SEAT ARONA,2,E01003190,0,1
2024111447571,2024,111447571,1,9,0,-1,4,6,2,-1,0,0,0,0,0,0,1,1,-1,6,2,58,9,999,1,3,SEAT ARONA,9,E01027449,0,3
2024010511004,2024,010511004,1,9,0,9,9,7,5,0,0,8,0,0,0,0,3,1,6,6,1,42,7,999,1,2,SEAT ARONA,-1,-1,0,-1
2024010542411,2024,010542411,2,9,0,18,19,3,7,0,0,0,0,0,0,0,1,1,6,6,1,33,6,999,1,1,SEAT ARONA,-1,-1,0,-1
2024141510193,2024,141510193,1,9,0,-1,19,7,3,-1,0,1,0,0,0,0,4,9,-1,6,1,71,10,999,1,3,SEAT ARONA,7,E01007604,0,1
2024010525871,2024,010525871,2,9,0,99,99,9,9,99,99,9,9,99,9,99,9,9,6,6,2,55,8,999,1,2,SEAT ARONA,10,E01000697,0,1
2024061496604,2024,061496604,2,9,0,-1,19,3,7,-1,0,0,0,0,0,0,1,1,-1,6,2,62,9,999,1,4,SEAT ARONA,3,E01006003,0,1
2024211463266,2024,211463266,3,9,0,-1,10,3,1,-1,0,1,0,0,0,0,1,1,-1,6,2,33,6,999,1,5,SEAT ARONA,6,E01014338,0,1
2024631475704,2024,631475704,1,9,0,-1,12,6,2,-1,0,0,0,11,8,10,3,1,-1,9,1,44,7,999,1,4,SEAT ARONA,1,E01012619,0,5
2024421480214,2024,421480214,1,9,0,-1,9,6,4,-1,0,0,0,0,0,0,1,1,-1,9,1,72,10,999,1,5,SEAT ARONA,10,E01021252,0,1
2024411455634,2024,411455634,2,9,0,-1,9,4,2,-1,0,8,0,0,0,0,1,1,-1,6,2,26,6,999,1,2,SEAT ARONA,7,E01023594,0,2
2024421448864,2024,421448864,2,9,0,-1,9,4,1,-1,0,0,0,0,0,0,3,1,-1,9,2,26,6,999,1,3,SEAT ARONA,5,E01015872,0,1
2024061502737,2024,061502737,2,9,0,-1,19,7,3,-1,0,0,0,0,0,0,1,1,-1,9,2,51,8,999,1,0,SEAT ARONA,-1,-1,0,-1
2024461471469,2024,461471469,2,9,0,-1,19,4,6,-1,0,0,0,0,0,0,2,9,-1,6,2,65,9,999,1,5,SEAT ARONA,7,E01024375,0,4
2024201485212,2024,201485212,2,9,0,-1,19,5,8,-1,0,0,0,0,0,0,4,1,-1,9,2,22,5,999,1,1,SEAT ARONA,2,E01009392,0,1
2024010551759,2024,010551759,1,9,0,18,19,5,1,0,0,8,0,0,0,0,1,1,6,6,1,18,4,999,1,0,SEAT ARONA,9,E01003828,0,2
2024471533423,2024,471533423,2,9,0,-1,19,2,6,-1,0,0,0,0,0,0,1,1,-1,9,1,22,5,999,1,5,SEAT ARONA,4,E01020952,0,1
2024631469885,2024,631469885,2,9,0,-1,19,8,4,-1,0,8,0,0,0,0,1,1,-1,9,2,38,7,999,1,2,SEAT ARONA,8,W01000624,0,3
2024451532344,2024,451532344,1,9,0,-1,19,7,3,-1,0,8,0,0,0,0,1,1,-1,9,1,88,11,999,1,1,SEAT ARONA,9,E01030764,0,1
2024131435773,2024,131435773,1,9,0,-1,19,1,1,-1,0,1,0,0,0,0,1,1,-1,6,2,26,6,999,1,2,SEAT ARONA,8,E01011522,0,3
2024471439702,2024,471439702,2,9,0,-1,2,0,0,-1,0,0,0,0,0,0,1,2,-1,6,-1,-1,-1,999,1,2,SEAT ARONA,-1,-1,0,-1
2024552401210,2024,552401210,2,9,0,18,19,1,5,0,0,0,0,0,0,0,1,1,6,6,1,33,6,999,1,5,SEAT ARONA,8,E01020478,0,4
2024041415904,2024,041415904,2,9,0,-1,9,2,8,-1,0,8,0,0,0,0,1,1,-1,9,1,63,9,999,1,4,SEAT ARONA,10,E01025258,0,1
2024131520434,2024,131520434,1,9,0,-1,12,2,6,-1,0,8,0,0,0,0,1,1,-1,6,1,85,11,1598,2,5,SEAT ARONA,10,E01011932,0,1
2024211477949,2024,211477949,2,9,0,-1,15,7,4,-1,0,0,0,0,0,0,1,9,-1,6,1,23,5,999,1,0,SEAT ARONA,1,E01010415,0,3
2024201447318,2024,201447318,2,9,0,-1,19,6,2,-1,0,8,0,0,0,0,1,1,-1,6,2,27,6,999,1,1,SEAT ARONA,2,E01009584,0,1
2024201509116,2024,201509116,2,9,0,-1,19,7,3,-1,0,1,0,0,0,0,1,1,-1,6,1,38,7,1498,1,0,SEAT ARONA,-1,-1,0,-1
2024361477181,2024,361477181,1,9,0,-1,15,1,4,-1,0,8,0,9,0,0,3,1,-1,9,2,30,6,999,1,6,SEAT ARONA,6,E01000174,0,5
2024320032388,2024,320032388,2,9,0,9,9,4,2,0,0,5,0,0,0,0,3,1,-1,-1,1,36,7,999,1,1,SEAT ARONA,-1,-1,0,-1
2024061515437,2024,061515437,2,9,0,-1,19,3,7,-1,0,1,0,0,0,0,1,1,-1,2,1,34,6,999,1,5,SEAT ARONA,2,E01005600,0,2
2024631413796,2024,631413796,2,9,0,-1,3,5,1,-1,0,0,0,0,0,0,2,1,-1,9,1,85,11,999,1,5,SEAT ARONA,8,W01000624,0,1
2024010512315,2024,010512315,1,9,0,6,6,5,5,0,0,1,0,0,0,0,1,1,6,6,3,-1,-1,999,1,1,SEAT ARONA,-1,-1,0,-1
2024421453092,2024,421453092,1,9,0,-1,19,3,7,-1,0,0,0,0,0,0,3,1,-1,9,1,41,7,999,1,2,SEAT ARONA,10,E01021585,0,1
2024131477422,2024,131477422,1,9,0,-1,13,5,2,-1,0,1,0,0,0,0,1,1,-1,6,3,41,7,999,1,5,SEAT ARONA,-1,-1,0,-1
2024311420042,2024,311420042,1,9,0,-1,19,7,3,-1,0,0,2,11,7,0,1,1,-1,9,2,37,7,999,1,4,SEAT ARONA,2,E01013852,0,2
2024501484188,2024,501484188,1,9,0,-1,5,7,3,-1,0,4,0,0,0,0,3,9,-1,9,2,41,7,999,1,2,SEAT ARONA,7,E01020251,0,3
2024061509724,2024,061509724,1,9,0,-1,19,6,2,-1,0,8,0,0,0,0,1,1,-1,9,1,23,5,999,1,4,SEAT ARONA,1,E01005755,0,1
2024141489235,2024,141489235,1,9,0,-1,9,2,8,-1,0,8,0,0,0,0,1,1,-1,6,2,66,10,999,1,4,SEAT ARONA,5,E01007347,0,1
2024501529866,2024,501529866,2,9,0,-1,19,2,6,-1,0,8,0,0,0,0,1,1,-1,6,2,54,8,999,1,0,SEAT ARONA,10,E01020144,0,1
2024071024455,2024,071024455,2,9,0,-1,19,5,1,-1,0,8,0,0,0,0,4,1,-1,6,1,61,9,999,1,2,SEAT ARONA,3,E01018734,0,1
2024552400437,2024,552400437,2,9,0,9,9,3,1,0,0,1,0,0,0,0,3,1,6,6,1,54,8,1598,2,6,SEAT ARONA,6,E01015392,0,1
2024461531301,2024,461531301,1,9,0,-1,19,1,5,-1,0,0,0,0,0,0,1,1,-1,9,1,62,9,999,1,0,SEAT ARONA,1,E01021019,0,4
2024201490273,2024,201490273,1,9,0,-1,15,7,3,-1,0,8,0,10,2,10,3,1,-1,6,2,37,7,999,1,4,SEAT ARONA,2,E01009833,0,1
2024340WN2782,2024,340WN2782,2,9,0,-1,10,5,1,-1,0,1,0,0,0,0,2,1,-1,9,1,23,5,999,1,1,SEAT ARONA,9,E01035401,0,1
2024061533889,2024,061533889,2,9,0,-1,4,5,1,-1,0,0,0,0,0,0,2,9,-1,6,1,29,6,999,1,0,SEAT ARONA,1,E01004794,0,1
2024031510615,2024,031510615,1,9,0,-1,19,6,2,-1,0,0,0,0,0,0,1,1,-1,2,2,27,6,999,1,5,SEAT ARONA,10,E01019241,0,1
2024302400665,2024,302400665,1,9,0,5,5,6,2,0,0,0,0,0,0,0,0,1,6,6,3,20,4,999,1,0,SEAT ARONA,-1,-1,0,-1
2024991506786,2024,991506786,2,9,0,-1,2,0,0,-1,0,1,0,0,0,0,3,1,-1,6,2,27,6,999,1,1,SEAT ARONA,3,-1,0,2
2024041491275,2024,041491275,2,9,0,-1,19,5,1,-1,0,0,0,0,0,0,1,2,-1,6,1,55,8,999,1,1,SEAT ARONA,1,E01025068,0,1
2024101448125,2024,101448125,1,9,0,-1,19,2,5,-1,0,4,0,0,0,0,1,1,-1,9,1,26,6,999,1,5,SEAT ARONA,1,E01020673,0,4
2024320144618,2024,320144618,3,9,0,10,10,7,3,0,0,1,0,0,0,0,3,1,6,6,1,56,9,999,1,2,SEAT ARONA,1,E01026083,0,3
2024131494347,2024,131494347,2,9,0,-1,19,1,5,-1,0,8,0,0,0,0,4,1,-1,9,2,30,6,999,1,1,SEAT ARONA,7,E01011828,0,2
2024471532539,2024,471532539,1,9,0,-1,5,7,3,-1,0,4,0,0,0,0,1,1,-1,9,2,70,10,999,1,5,SEAT ARONA,5,E01021064,0,2
2024211467753,2024,211467753,1,9,0,-1,5,1,6,-1,0,1,0,0,3,0,4,1,-1,6,1,91,11,999,1,1,SEAT ARONA,10,E01029455,0,1
2024031459290,2024,031459290,2,9,0,-1,5,1,3,-1,0,8,0,0,7,0,1,1,-1,6,2,40,7,999,1,3,SEAT ARONA,8,E01034078,0,1
2024461489494,2024,461489494,2,9,0,-1,19,4,8,-1,0,0,1,0,0,0,1,1,-1,2,2,36,7,999,1,5,SEAT ARONA,9,E01024754,0,1
2024471492915,2024,471492915,1,9,0,-1,2,0,0,-1,0,0,0,0,0,0,3,1,-1,6,2,28,6,999,1,5,SEAT ARONA,1,E01020912,0,1
2024010552954,2024,010552954,1,9,0,99,99,9,9,99,99,9,9,99,9,99,2,9,6,6,2,40,7,999,1,1,SEAT ARONA,3,E01035679,0,1
2024131572950,2024,131572950,1,9,0,-1,19,1,1,-1,0,1,0,4,0,0,1,1,-1,6,3,24,5,999,1,0,SEAT ARONA,-1,-1,0,-1
2024461436567,2024,461436567,1,9,0,-1,19,8,4,-1,0,2,0,4,0,0,1,1,-1,6,1,22,5,999,1,4,SEAT ARONA,2,E01016018,0,3
2024471433880,2024,471433880,1,9,0,-1,19,3,7,-1,0,8,0,0,0,0,4,1,-1,1,2,25,5,999,1,1,SEAT ARONA,3,E01002526,0,4
2024201494006,2024,201494006,1,9,0,-1,19,7,3,-1,0,0,0,0,0,0,1,1,-1,6,1,49,8,999,1,2,SEAT ARONA,1,E01008995,0,1
2024201512846,2024,201512846,1,9,0,-1,19,5,1,-1,0,8,1,0,0,0,4,1,-1,2,1,22,5,999,1,3,SEAT ARONA,1,E01034938,0,1
2024631420860,2024,631420860,2,9,0,-1,19,3,7,-1,0,0,0,0,0,0,1,1,-1,9,1,24,5,999,1,1,SEAT ARONA,5,E01009818,0,5
2024131428499,2024,131428499,1,9,0,-1,19,7,3,-1,0,0,0,0,0,0,1,1,-1,6,1,19,4,999,1,0,SEAT ARONA,5,E01010818,0,1
2024201456369,2024,201456369,1,9,0,-1,19,7,3,-1,0,0,0,0,0,0,1,9,-1,6,3,25,5,999,1,5,SEAT ARONA,2,E01010084,0,2
2024501494061,2024,501494061,1,9,0,-1,9,3,1,-1,0,8,0,0,0,0,1,1,-1,9,1,19,4,999,1,3,SEAT ARONA,5,E01018903,0,2
202417M119024,2024,17M119024,1,9,0,-1,4,7,3,-1,0,0,0,0,0,0,2,1,-1,2,1,35,6,999,1,1,SEAT ARONA,1,E01012036,0,1
2024991479565,2024,991479565,2,9,0,-1,19,1,4,-1,0,1,0,0,0,0,1,1,-1,9,2,81,11,999,1,0,SEAT ARONA,9,-1,0,1
2024302401369,2024,302401369,2,9,0,7,7,1,2,0,0,8,0,0,0,0,3,1,6,6,2,21,5,999,1,1,SEAT ARONA,6,W01000519,0,5