collision_index,collision_year,collision_ref_no,vehicle_reference,vehicle_type,towing_and_articulation,vehicle_manoeuvre_historic,vehicle_manoeuvre,vehicle_direction_from,vehicle_direction_to,vehicle_location_restricted_lane_historic,vehicle_location_restricted_lane,junction_location,skidding_and_overturning,hit_object_in_carriageway,vehicle_leaving_carriageway,hit_object_off_carriageway,first_point_of_impact,vehicle_left_hand_drive,journey_purpose_of_driver_historic,journey_purpose_of_driver,sex_of_driver,age_of_driver,age_band_of_driver,engine_capacity_cc,propulsion_code,age_of_vehicle,generic_make_model,driver_imd_decile,lsoa_of_driver,escooter_flag,driver_distance_banding
2024471403080,2024,471403080,2,9,0,-1,9,1,7,-1,0,5,0,0,7,0,3,1,-1,9,2,43,7,999,1,1,SEAT ARONA,4,E01031652,0,1
2024201464087,2024,201464087,1,9,0,-1,13,1,5,-1,0,4,1,9,0,0,1,1,-1,6,1,44,7,999,1,1,SEAT ARONA,5,E01010213,0,1
2024440285915,2024,440285915,1,9,0,18,19,8,4,0,0,0,0,0,4,6,0,1,6,6,2,44,7,999,1,1,SEAT ARONA,4,E01017348,0,4
2024421412524,2024,421412524,2,9,0,-1,19,2,6,-1,0,1,0,0,0,0,2,1,-1,9,2,32,6,999,1,1,SEAT ARONA,5,E01021694,0,3
2024031517731,2024,031517731,2,9,0,-1,7,1,3,-1,0,1,0,0,0,0,2,1,-1,2,2,33,6,1598,2,6,SEAT ARONA,-1,-1,0,-1
2024340NN1702,2024,340NN1702,2,9,0,-1,19,1,5,-1,0,0,0,0,0,0,1,1,-1,2,2,60,9,999,1,5,SEAT ARONA,2,E01026966,0,2
2024471459620,2024,471459620,1,9,0,-1,5,6,2,-1,0,2,0,4,0,0,4,9,-1,6,1,30,6,999,1,0,SEAT ARONA,5,E01031431,0,2
2024201457739,2024,201457739,1,9,0,-1,19,4,8,-1,0,1,0,0,0,0,1,1,-1,6,-1,-1,-1,999,1,1,SEAT ARONA,-1,-1,0,-1
2024201517549,2024,201517549,2,9,0,-1,19,8,4,-1,0,8,0,0,0,0,4,1,-1,6,1,28,6,999,1,0,SEAT ARONA,1,E01009372,0,1
2024440418952,2024,440418952,1,9,0,18,19,7,3,0,0,8,0,0,0,0,4,1,6,6,1,36,7,999,1,6,SEAT ARONA,-1,-1,0,-1
2024320365656,2024,320365656,2,9,0,-1,-1,6,8,0,0,8,0,0,0,0,4,1,-1,-1,2,55,8,999,1,1,SEAT ARONA,6,E01026399,0,3
2024991535939,2024,991535939,1,9,0,-1,19,7,3,-1,0,0,2,0,7,0,1,1,-1,9,2,37,7,999,1,3,SEAT ARONA,6,-1,0,4
2024991414372,2024,991414372,2,9,0,-1,3,7,3,-1,0,0,0,2,0,0,2,1,-1,6,1,29,6,999,1,1,SEAT ARONA,10,-1,0,1
2024991439073,2024,991439073,1,9,0,-1,4,7,3,-1,0,4,0,0,0,0,2,1,-1,2,2,24,5,999,1,1,SEAT ARONA,-1,-1,0,-1
2024522402045,2024,522402045,1,9,0,18,19,7,3,0,0,0,0,4,0,0,1,1,6,6,1,18,4,999,1,1,SEAT ARONA,2,E01033347,0,1
2024371486382,2024,371486382,2,9,0,-1,4,1,5,-1,0,0,0,0,0,0,1,1,-1,6,2,34,6,999,1,6,SEAT ARONA,1,E01030012,0,1
2024430279068,2024,430279068,1,9,0,16,19,6,1,0,0,0,0,0,0,0,1,1,6,6,2,62,9,999,1,2,SEAT ARONA,-1,-1,0,-1
2024201505934,2024,201505934,2,9,0,-1,19,3,7,-1,0,5,0,0,0,0,4,1,-1,6,1,27,6,999,1,4,SEAT ARONA,2,E01034947,0,1
2024320264539,2024,320264539,1,9,0,9,9,8,6,0,0,8,0,0,0,0,4,1,-1,-1,1,62,9,1598,2,5,SEAT ARONA,8,E01026372,0,1
2024041408501,2024,041408501,2,9,0,-1,2,0,0,-1,9,2,0,0,0,0,1,1,-1,6,-1,-1,-1,999,1,4,SEAT ARONA,-1,-1,0,-1
2024161515339,2024,161515339,1,9,0,-1,4,1,7,-1,0,4,0,0,0,0,1,1,-1,9,2,31,6,999,1,6,SEAT ARONA,8,E01013073,0,1
2024430204111,2024,430204111,1,9,0,4,4,4,8,0,0,3,0,0,0,0,2,1,6,6,2,69,10,999,1,6,SEAT ARONA,10,E01017870,0,3
2024471445110,2024,471445110,2,9,0,-1,4,3,7,-1,0,1,0,0,0,0,2,1,-1,6,2,63,9,999,1,7,SEAT ARONA,7,E01022020,0,5
2024451428733,2024,451428733,3,9,0,-1,2,3,7,-1,0,1,0,0,0,0,3,1,-1,6,-1,-1,-1,999,1,4,SEAT ARONA,-1,-1,0,-1
2024991532010,2024,991532010,2,9,0,-1,2,0,0,-1,0,2,0,0,0,0,2,1,-1,6,-1,-1,-1,999,1,2,SEAT ARONA,-1,-1,0,-1
2024531399561,2024,531399561,1,9,0,-1,19,4,6,-1,0,0,0,0,7,3,1,1,-1,9,2,62,9,999,1,3,SEAT ARONA,6,E01022464,0,2
2024440393058,2024,440393058,1,9,0,18,19,7,3,0,0,0,0,4,0,0,1,1,2,2,2,52,8,999,1,5,SEAT ARONA,5,E01033229,0,1
2024010513772,2024,010513772,1,9,0,2,2,0,0,6,6,0,0,0,0,0,0,1,6,6,3,-1,-1,999,1,3,SEAT ARONA,-1,-1,0,-1
2024231528784,2024,231528784,1,9,0,-1,9,6,4,-1,0,6,0,0,0,0,3,1,-1,1,2,19,4,999,1,5,SEAT ARONA,4,E01009449,0,2
2024161427425,2024,161427425,1,9,0,-1,19,1,5,-1,0,0,0,0,0,0,1,1,-1,6,1,47,8,999,1,4,SEAT ARONA,1,E01013312,0,1
2024101433752,2024,101433752,1,9,0,-1,1,1,5,-1,0,1,0,0,0,0,2,1,-1,6,2,40,7,999,1,1,SEAT ARONA,6,E01008685,0,1
2024010518778,2024,010518778,1,9,0,17,19,3,7,0,0,2,0,0,0,0,3,1,1,1,1,42,7,999,1,4,SEAT ARONA,4,E01001903,0,1
2024440244613,2024,440244613,1,9,0,3,3,5,8,0,0,1,0,0,0,0,2,1,2,2,2,43,7,999,1,2,SEAT ARONA,10,E01023072,0,1
2024010522900,2024,010522900,3,9,0,2,2,0,0,0,0,0,0,4,0,0,3,1,6,6,3,-1,-1,999,1,3,SEAT ARONA,-1,-1,0,-1
2024052402633,2024,052402633,1,9,0,9,9,6,4,0,0,0,0,0,0,0,3,1,2,2,2,55,8,999,1,1,SEAT ARONA,2,E01006782,0,1
2024131448246,2024,131448246,2,9,0,-1,2,0,0,-1,0,0,0,0,1,11,2,1,-1,6,-1,-1,-1,999,1,2,SEAT ARONA,-1,-1,0,-1
2024991511348,2024,991511348,1,9,0,-1,19,1,5,-1,0,0,5,4,0,0,1,1,-1,9,1,83,11,999,1,0,SEAT ARONA,5,-1,0,1
2024421486032,2024,421486032,1,9,0,-1,4,3,7,-1,0,0,0,0,0,0,1,1,-1,6,2,23,5,999,1,0,SEAT ARONA,7,E01021330,0,1
2024010542041,2024,010542041,1,9,0,16,19,2,6,0,0,0,0,0,0,0,1,1,6,6,1,21,5,999,1,4,SEAT ARONA,2,E01001206,0,4
2024320345694,2024,320345694,1,9,0,-1,-1,6,2,0,0,8,1,1,0,0,1,1,-1,-1,1,40,7,999,1,5,SEAT ARONA,4,E01012405,0,5
2024471468972,2024,471468972,1,9,0,-1,9,7,5,-1,0,0,0,0,0,0,1,1,-1,6,2,32,6,1598,2,5,SEAT ARONA,7,E01004138,0,4
2024440550384,2024,440550384,1,9,0,9,9,1,7,0,0,8,0,0,0,0,1,1,6,6,1,35,6,999,1,1,SEAT ARONA,1,E01017130,0,1
2024471438025,2024,471438025,2,9,0,-1,2,0,0,-1,0,2,0,0,7,0,1,1,-1,6,-1,-1,-1,999,1,1,SEAT ARONA,-1,-1,0,-1
202417M114124,2024,17M114124,1,9,0,-1,19,2,6,-1,0,0,0,0,0,0,1,1,-1,2,1,21,5,999,1,0,SEAT ARONA,1,E01012033,0,1
2024451423812,2024,451423812,1,9,0,-1,9,1,7,-1,0,5,0,0,0,0,2,1,-1,9,1,42,7,999,1,3,SEAT ARONA,3,E01030547,0,1
2024411530711,2024,411530711,2,9,-1,-1,-1,-1,-1,-1,-1,0,-1,-1,-1,0,1,9,-1,6,2,48,8,999,1,1,SEAT ARONA,6,E01017378,0,3
2024101458118,2024,101458118,1,9,0,-1,9,5,1,-1,0,1,0,0,0,0,2,1,-1,9,1,26,6,999,1,4,SEAT ARONA,9,E01008674,0,3
2024411423090,2024,411423090,2,9,0,-1,15,3,7,-1,0,8,0,0,0,0,3,1,-1,6,1,34,6,999,1,4,SEAT ARONA,5,E01021814,0,1
2024430011928,2024,430011928,1,9,0,3,3,6,2,0,0,4,0,0,0,0,-1,1,6,6,1,34,6,999,1,6,SEAT ARONA,5,E01016768,0,1
2024131467670,2024,131467670,2,9,0,-1,9,-1,-1,-1,0,0,-1,-1,-1,0,-1,1,-1,9,2,27,6,999,1,3,SEAT ARONA,2,E01011538,0,3
2024302500093,2024,302500093,1,9,0,-1,19,4,8,-1,0,0,0,0,0,0,1,1,-1,6,2,32,6,999,1,5,SEAT ARONA,2,E01013552,0,1
2024440445802,2024,440445802,3,9,0,3,3,7,3,0,0,0,0,0,0,0,2,1,6,6,2,37,7,999,1,3,SEAT ARONA,2,E01017276,0,2
2024061519539,2024,061519539,1,9,0,-1,3,-1,-1,-1,0,1,0,0,0,0,2,1,-1,6,1,23,5,999,1,5,SEAT ARONA,7,E01005827,0,1
2024231493835,2024,231493835,1,9,0,-1,9,4,2,-1,0,6,0,0,0,0,1,1,-1,6,2,54,8,999,1,6,SEAT ARONA,10,E01010152,0,3
2024332400254,2024,332400254,2,9,0,-1,12,7,3,-1,0,1,0,0,0,0,1,1,-1,6,3,-1,-1,999,1,0,SEAT ARONA,-1,-1,0,-1
2024211479803,2024,211479803,1,9,0,-1,5,8,5,-1,0,6,0,0,0,0,3,1,-1,9,1,56,9,999,1,5,SEAT ARONA,6,E01028826,0,2
2024141466600,2024,141466600,1,9,0,-1,19,6,2,-1,0,8,0,0,0,0,3,1,-1,2,1,21,5,999,1,1,SEAT ARONA,1,E01008065,0,1
2024351538000,2024,351538000,2,9,0,-1,3,1,7,-1,0,8,0,0,0,0,2,1,-1,6,1,51,8,999,1,5,SEAT ARONA,7,E01035529,0,1
2024201458923,2024,201458923,1,9,0,-1,9,4,1,-1,0,5,0,0,0,0,4,1,-1,6,1,77,11,999,1,2,SEAT ARONA,-1,-1,0,-1
2024201469035,2024,201469035,2,9,0,-1,19,1,4,-1,0,0,0,0,0,0,2,1,-1,6,2,54,8,999,1,1,SEAT ARONA,1,E01009965,0,2
2024231470665,2024,231470665,3,9,0,-1,4,2,6,-1,0,0,0,0,7,10,2,1,-1,6,1,22,5,999,1,1,SEAT ARONA,1,E01009542,0,2
2024991473532,2024,991473532,3,9,0,-1,10,3,1,-1,0,1,0,0,0,0,2,1,-1,9,1,34,6,999,1,2,SEAT ARONA,7,-1,0,1
2024031446808,2024,031446808,1,9,0,-1,19,5,5,-1,0,1,2,0,0,0,0,9,-1,9,1,59,9,999,1,3,SEAT ARONA,5,E01019188,0,1
2024461512075,2024,461512075,1,9,0,-1,19,2,6,-1,0,2,0,10,0,0,4,1,-1,9,1,72,10,999,1,2,SEAT ARONA,6,E01024518,0,1
2024430146295,2024,430146295,1,9,0,9,9,5,3,0,0,6,0,0,0,0,1,1,6,6,1,74,10,999,1,6,SEAT ARONA,10,E01028606,0,1
2024061453546,2024,061453546,1,9,0,-1,19,3,5,-1,0,2,5,10,0,0,1,1,-1,9,1,63,9,999,1,3,SEAT ARONA,2,E01006054,0,2
2024061406868,2024,061406868,1,9,0,-1,1,5,6,-1,0,1,0,0,0,0,4,1,-1,6,1,39,7,999,1,1,SEAT ARONA,1,E01005183,0,2
2024070554537,2024,070554537,1,9,0,18,19,2,6,0,0,0,0,0,1,4,1,1,6,6,1,19,4,999,1,0,SEAT ARONA,9,E01018684,0,1
2024061475958,2024,061475958,1,9,0,-1,7,5,3,-1,0,8,0,0,0,0,1,1,-1,6,1,18,4,999,1,0,SEAT ARONA,1,E01005581,0,1
2024320226550,2024,320226550,1,9,0,9,9,1,2,0,0,8,0,0,0,0,3,1,-1,-1,1,55,8,999,1,1,SEAT ARONA,2,E01026378,0,1
2024430393568,2024,430393568,1,9,0,6,6,2,6,0,0,0,0,0,0,0,3,1,2,2,1,50,8,1498,1,2,SEAT ARONA,7,E01034521,0,4
2024351500626,2024,351500626,1,9,0,-1,7,7,3,-1,0,0,0,0,0,0,4,9,-1,9,1,20,4,999,1,0,SEAT ARONA,6,E01023593,0,4
2024221468381,2024,221468381,2,9,0,-1,19,3,8,-1,0,0,0,0,0,0,3,9,-1,6,2,40,7,999,1,3,SEAT ARONA,7,E01034319,0,1
2024471404451,2024,471404451,1,9,0,-1,9,7,5,-1,0,6,0,0,0,0,1,1,-1,6,1,80,11,999,1,5,SEAT ARONA,9,E01031384,0,2
2024111435899,2024,111435899,2,9,0,-1,3,7,3,-1,0,0,0,0,0,0,2,9,-1,2,2,25,5,999,1,3,SEAT ARONA,2,E01020771,0,2
2024131450902,2024,131450902,1,9,0,-1,7,5,1,-1,0,5,0,0,0,0,4,1,-1,9,1,32,6,999,1,4,SEAT ARONA,4,E01010849,0,1
2024411420120,2024,411420120,2,9,0,-1,4,1,5,-1,0,2,0,0,0,0,2,1,-1,6,2,37,7,999,1,0,SEAT ARONA,8,E01035609,0,1
2024010544431,2024,010544431,2,9,0,99,99,9,9,99,99,0,9,99,9,99,1,9,6,6,1,29,6,999,1,0,SEAT ARONA,4,E01001285,0,1
2024070831082,2024,070831082,1,9,0,-1,19,3,7,-1,0,0,0,0,7,4,1,1,-1,9,1,49,8,999,1,6,SEAT ARONA,10,E01018397,0,1
2024991447958,2024,991447958,1,9,0,-1,19,6,2,-1,0,1,0,0,0,0,1,1,-1,9,2,63,9,999,1,5,SEAT ARONA,6,-1,0,5
2024141398095,2024,141398095,1,9,0,-1,3,1,5,-1,0,0,0,0,0,0,2,1,-1,9,2,44,7,999,1,2,SEAT ARONA,4,E01007797,0,2
2024101468466,2024,101468466,1,9,0,-1,7,5,1,-1,0,3,0,0,0,0,3,1,-1,6,1,58,9,999,1,3,SEAT ARONA,-1,-1,0,-1
2024161477846,2024,161477846,1,9,0,-1,4,1,5,-1,0,0,0,0,0,0,4,1,-1,9,2,40,7,999,1,2,SEAT ARONA,1,E01012951,0,1
2024211458766,2024,211458766,2,9,0,-1,8,0,7,-1,-1,0,0,0,0,0,2,1,-1,9,1,45,7,999,1,3,SEAT ARONA,1,E01014165,0,4
2024010500673,2024,010500673,2,9,0,99,99,9,9,99,99,9,9,99,9,99,9,9,6,6,3,-1,-1,999,1,1,SEAT ARONA,-1,-1,0,-1
2024320639868,2024,320639868,2,9,0,-1,-1,8,4,0,0,8,0,0,0,0,1,1,6,6,1,41,7,999,1,4,SEAT ARONA,8,E01015473,0,5
2024041455839,2024,041455839,1,9,0,-1,19,3,7,-1,0,0,1,0,0,0,1,1,-1,2,2,24,5,999,1,3,SEAT ARONA,4,E01024975,0,1
2024430556210,2024,430556210,1,9,0,3,3,6,2,0,0,4,0,0,0,0,4,1,3,7,2,49,8,999,1,1,SEAT ARONA,2,E01016848,0,1
202460Q179554,2024,60Q179554,1,9,0,15,15,3,7,0,0,0,0,0,0,0,1,1,2,2,2,26,6,999,1,0,SEAT ARONA,-1,-1,0,-1
2024610007624,2024,610007624,2,9,0,17,19,2,8,0,0,0,0,0,0,0,1,1,6,6,2,73,10,999,1,5,SEAT ARONA,1,W01001646,0,1
2024131432399,2024,131432399,1,9,0,-1,3,5,1,-1,0,0,0,0,0,0,2,1,-1,2,2,55,8,999,1,5,SEAT ARONA,7,E01011102,0,1
2024520403136,2024,520403136,2,9,0,4,4,3,7,0,0,2,0,0,0,0,2,1,6,6,2,54,8,999,1,3,SEAT ARONA,7,E01029070,0,3
2024010503353,2024,010503353,1,9,0,99,99,9,9,99,99,9,9,99,9,99,2,9,2,2,1,32,6,999,1,3,SEAT ARONA,9,E01033313,0,4
2024161525011,2024,161525011,1,9,0,-1,19,7,3,-1,0,0,0,0,0,0,2,1,-1,9,2,34,6,1498,1,6,SEAT ARONA,10,E01034758,0,1
2024131503598,2024,131503598,1,9,0,-1,2,1,5,-1,0,1,0,0,3,11,2,1,-1,7,2,36,7,999,1,6,SEAT ARONA,8,E01011584,0,1
2024622400669,2024,622400669,1,9,0,14,14,6,2,0,0,0,0,0,0,0,1,1,6,6,1,23,5,999,1,0,SEAT ARONA,9,W01001128,0,3
2024010501884,2024,010501884,1,9,0,99,99,9,9,99,99,9,9,99,9,99,2,9,6,6,1,26,6,999,1,3,SEAT ARONA,3,E01002028,0,1
2024991517056,2024,991517056,1,9,0,-1,19,1,5,-1,0,0,0,0,0,0,1,1,-1,9,2,68,10,999,1,5,SEAT ARONA,5,-1,0,1
2024231489544,2024,231489544,2,4,0,-1,19,6,2,-1,0,0,0,0,0,0,1,1,-1,9,1,56,9,398,1,16,-1,9,E01031220,0,3
2024501471514,2024,501471514,1,4,0,-1,13,7,3,-1,0,1,2,0,0,0,1,1,-1,6,1,20,4,398,1,17,-1,3,E01020225,0,1
2024501505650,2024,501505650,2,4,0,-1,4,4,1,-1,0,1,1,0,8,10,1,1,-1,6,1,62,9,398,1,18,-1,4,E01020100,0,2
2024440332727,2024,440332727,1,3,0,18,19,8,4,0,0,0,0,0,0,0,4,1,1,1,1,29,6,125,1,1,SYM ORBIT,3,E01035445,0,1
2024361410500,2024,361410500,1,2,0,-1,4,7,4,-1,0,1,0,0,0,0,1,1,-1,6,2,21,5,125,1,2,SYM ORBIT,3,E01026694,0,2
2024302400165,2024,302400165,1,3,0,18,19,5,1,0,0,1,0,0,0,0,1,1,2,2,1,30,6,125,1,1,SYM ORBIT,9,E01013580,0,1
2024161481280,2024,161481280,1,3,0,-1,19,3,7,-1,0,8,0,0,0,0,0,1,-1,2,2,55,8,125,1,1,SYM ORBIT,3,E01012868,0,1
2024201430912,2024,201430912,1,3,0,-1,19,1,5,-1,0,8,0,0,0,0,1,1,-1,6,1,21,5,125,1,1,SYM ORBIT,5,E01031159,0,1
2024461446969,2024,461446969,2,3,0,-1,3,-1,-1,-1,0,0,5,0,0,0,2,1,-1,6,1,18,4,125,1,0,SYM ORBIT,8,E01024175,0,1
2024201501410,2024,201501410,1,3,0,-1,19,2,6,-1,0,0,0,0,0,0,1,1,-1,2,1,26,6,125,1,2,SYM ORBIT,3,E01010068,0,1
2024111451516,2024,111451516,2,3,0,-1,10,6,4,-1,0,1,5,0,0,0,2,1,-1,2,1,17,4,125,1,1,SYM ORBIT,2,E01020741,0,1
2024041427021,2024,041427021,1,3,0,-1,19,5,1,-1,0,0,1,0,0,0,4,1,-1,1,1,39,7,125,1,2,SYM ORBIT,3,E01005465,0,3
2024010521523,2024,010521523,2,3,0,13,13,1,5,0,0,0,0,0,0,0,1,1,1,1,1,41,7,125,1,0,SYM ORBIT,7,E01000691,0,1
202454F158824,2024,54F158824,1,3,0,18,19,2,6,0,0,1,0,0,0,0,1,1,6,6,1,20,4,125,1,1,SYM ORBIT,5,E01015587,0,1
2024010512316,2024,010512316,2,3,0,7,7,3,6,0,0,1,0,0,1,0,2,1,6,6,1,19,4,125,1,2,SYM ORBIT,1,E01002855,0,1
2024111486066,2024,111486066,1,3,0,-1,19,2,6,-1,9,0,1,0,1,2,1,1,-1,1,1,22,5,125,1,2,SYM ORBIT,-1,-1,0,-1
2024010490818,2024,010490818,1,3,0,18,19,5,1,2,2,8,0,0,0,0,1,1,6,6,1,46,8,125,1,1,SYM ORBIT,7,E01003407,0,1
2024522402584,2024,522402584,3,3,0,18,19,8,4,0,0,0,1,0,0,0,1,1,6,6,1,20,4,125,1,2,SYM ORBIT,4,E01029281,0,4
2024041450694,2024,041450694,1,9,0,-1,12,5,1,-1,0,0,1,0,0,0,4,1,-1,1,1,56,9,1398,8,10,-1,9,E01025519,0,1
2024440524139,2024,440524139,1,9,0,18,19,8,4,0,0,2,0,0,0,0,1,1,6,6,1,62,9,1398,8,12,-1,10,E01023218,0,4
2024052400107,2024,052400107,1,9,0,18,19,5,1,0,0,6,0,0,0,0,1,1,6,6,1,55,8,1398,8,12,-1,2,E01034128,0,4
2024340WN0782,2024,340WN0782,1,9,0,-1,7,3,4,-1,0,6,1,0,2,4,2,1,-1,9,2,50,8,1398,8,11,-1,6,E01027029,0,3
2024371425664,2024,371425664,1,9,0,-1,19,7,3,-1,0,0,0,0,7,0,3,1,-1,6,2,82,11,1398,8,10,-1,4,E01030219,0,3
2024361504066,2024,361504066,1,9,0,-1,19,3,8,-1,0,6,0,0,0,0,3,1,-1,6,1,79,11,1398,8,9,-1,-1,-1,0,-1
2024552401313,2024,552401313,1,9,0,18,19,4,8,0,0,8,0,0,0,0,1,1,2,2,1,71,10,1398,8,10,-1,6,E01015402,0,1
2024010532929,2024,010532929,1,9,0,18,19,3,7,0,0,3,0,0,0,0,4,1,6,6,2,22,5,-1,3,0,VOLKSWAGEN ID5,3,E01003598,0,1
2024041422474,2024,041422474,2,9,0,-1,19,1,5,-1,0,0,0,0,0,0,0,1,-1,7,2,45,7,-1,3,2,VOLKSWAGEN ID5,8,E01025277,0,1
2024052401672,2024,052401672,2,9,0,18,19,7,3,0,0,6,0,0,0,0,4,1,6,6,1,57,9,-1,3,1,VOLKSWAGEN ID5,5,E01007159,0,1
2024010512971,2024,010512971,1,9,0,99,99,9,9,99,99,9,9,99,9,99,9,9,6,6,1,50,8,-1,3,1,VOLKSWAGEN ID5,2,E01001328,0,1
2024311531146,2024,311531146,2,9,0,-1,2,0,0,-1,0,0,0,0,0,0,1,1,-1,6,3,-1,-1,-1,3,2,VOLKSWAGEN ID5,-1,-1,0,-1
2024141409156,2024,141409156,1,9,0,-1,19,1,5,-1,0,0,0,0,1,0,4,1,-1,2,1,41,7,-1,3,1,VOLKSWAGEN ID5,5,E01028189,0,4
2024010517366,2024,010517366,1,9,0,18,19,3,7,0,0,0,0,0,0,0,1,1,2,2,2,36,7,-1,3,1,VOLKSWAGEN ID5,8,E01000426,0,1
2024430034106,2024,430034106,3,9,0,18,19,2,5,0,0,1,0,0,0,0,2,1,1,1,1,53,8,-1,3,1,VOLKSWAGEN ID5,8,E01029577,0,5
2024451415549,2024,451415549,2,9,0,-1,19,4,8,-1,0,0,0,0,0,0,1,1,-1,7,2,43,7,-1,3,2,VOLKSWAGEN ID5,10,E01030963,0,1
2024010522925,2024,010522925,1,9,0,18,19,1,5,0,0,1,0,4,0,0,1,1,6,6,1,32,6,-1,3,0,VOLKSWAGEN ID5,6,E01030399,0,1
2024070254589,2024,070254589,1,9,0,5,5,6,1,0,0,1,0,0,0,0,1,1,6,6,1,43,7,-1,3,1,VOLKSWAGEN ID5,1,E01012453,0,1
2024340WN0182,2024,340WN0182,2,9,0,-1,19,2,6,-1,0,8,0,0,0,0,1,1,-1,9,1,70,10,-1,3,1,VOLKSWAGEN ID5,7,E01027277,0,1
2024411495728,2024,411495728,1,9,0,-1,19,1,5,-1,0,0,0,0,0,0,1,1,-1,6,1,-1,-1,-1,3,1,VOLKSWAGEN ID5,-1,-1,0,-1
2024430507844,2024,430507844,1,9,0,3,3,3,7,0,0,8,0,0,0,0,3,1,6,6,1,44,7,-1,3,1,VOLKSWAGEN ID5,10,E01016660,0,1
2024451450159,2024,451450159,1,9,0,-1,19,5,1,-1,0,0,0,0,0,0,2,9,-1,6,1,47,8,-1,3,1,VOLKSWAGEN ID5,7,E01003001,0,3
2024010503887,2024,010503887,1,8,0,99,99,9,9,99,99,9,9,99,9,99,9,9,1,1,1,60,9,-1,3,2,VOLKSWAGEN ID5,3,E01034192,0,1
2024010522629,2024,010522629,1,9,0,99,99,9,9,99,99,0,9,99,9,99,2,9,2,2,2,35,6,-1,3,1,VOLKSWAGEN ID5,2,E01034478,0,3
2024302401491,2024,302401491,1,9,0,9,9,1,7,0,0,6,0,0,0,0,1,1,3,7,1,35,6,-1,3,0,VOLKSWAGEN ID5,2,E01019543,0,1
2024520000186,2024,520000186,1,9,0,9,9,5,3,0,0,6,0,0,0,0,1,1,6,6,1,38,7,-1,3,2,VOLKSWAGEN ID5,9,E01014383,0,1
2024010525011,2024,010525011,1,8,0,3,3,2,6,0,0,1,0,0,0,0,4,1,1,1,1,55,8,-1,3,2,VOLKSWAGEN ID5,3,E01015737,0,4
2024451474479,2024,451474479,2,9,0,-1,19,3,7,-1,0,1,0,0,1,0,1,1,-1,9,2,31,6,-1,3,2,VOLKSWAGEN ID5,8,E01030574,0,1
2024131532683,2024,131532683,1,9,0,-1,9,7,5,-1,0,8,0,0,0,0,1,1,-1,2,1,39,7,-1,3,1,VOLKSWAGEN ID5,7,E01011021,0,1
2024991411412,2024,991411412,2,9,0,-1,19,7,3,-1,0,0,0,0,0,0,2,9,-1,6,2,38,7,-1,3,1,VOLKSWAGEN ID5,8,-1,0,2
2024552401012,2024,552401012,2,9,0,4,4,4,8,0,0,0,0,0,0,0,4,1,6,6,2,46,8,-1,3,1,VOLKSWAGEN ID5,10,E01020560,0,1
2024131415359,2024,131415359,1,9,0,-1,19,2,6,-1,0,0,0,0,0,0,4,1,-1,9,2,46,8,-1,3,2,VOLKSWAGEN ID5,7,E01027713,0,4
2024131515276,2024,131515276,2,9,0,-1,4,1,5,-1,0,0,0,0,0,0,3,1,-1,6,1,30,6,-1,3,2,VOLKSWAGEN ID5,5,E01019791,0,4
2024131499168,2024,131499168,2,9,0,-1,3,7,3,-1,0,1,0,0,0,0,2,1,-1,6,1,36,7,-1,3,2,VOLKSWAGEN ID5,7,E01010590,0,1
2024371470803,2024,371470803,3,9,0,-1,4,1,5,-1,0,0,0,0,0,0,2,1,-1,6,1,55,8,-1,3,2,VOLKSWAGEN ID5,9,E01015684,0,5
2024010522310,2024,010522310,1,8,0,18,19,7,3,0,0,0,0,0,0,0,2,1,6,6,1,33,6,-1,3,2,VOLKSWAGEN ID5,3,E01003567,0,2
2024320549036,2024,320549036,2,9,0,-1,-1,1,5,0,0,1,0,0,0,0,2,1,-1,-1,1,26,6,-1,3,1,VOLKSWAGEN ID5,8,E01027895,0,4
2024471515589,2024,471515589,1,9,0,-1,5,7,6,-1,0,8,0,0,0,0,0,1,-1,6,1,52,8,-1,3,2,VOLKSWAGEN ID5,10,E01031774,0,1
2024430322935,2024,430322935,1,5,0,11,11,6,1,0,0,3,0,10,0,0,4,1,6,6,1,61,9,998,1,17,YAMAHA MODEL MISSING,2,E01033802,0,4
2024010513487,2024,010513487,1,5,0,99,99,9,9,99,99,9,9,99,9,99,9,1,6,6,2,53,8,535,1,27,YAMAHA MODEL MISSING,10,E01019249,0,5
2024211477577,2024,211477577,1,5,0,-1,13,0,0,-1,0,0,0,0,0,0,4,1,-1,6,1,79,11,749,1,28,YAMAHA MODEL MISSING,9,E01025876,0,4
2024622400702,2024,622400702,2,90,0,18,19,3,7,0,0,1,0,0,0,0,1,1,6,6,1,25,5,660,1,21,YAMAHA MODEL MISSING,3,W01001080,0,2
2024221505306,2024,221505306,1,5,0,-1,19,4,8,-1,0,8,0,0,0,0,1,1,-1,6,1,63,9,749,1,28,YAMAHA MODEL MISSING,1,E01008978,0,1
2024421402216,2024,421402216,1,90,0,-1,7,2,6,-1,0,0,5,0,0,0,1,1,-1,9,1,29,6,686,1,12,YAMAHA MODEL MISSING,6,E01021884,0,3
2024052402001,2024,052402001,2,3,0,18,19,1,5,0,0,0,1,0,0,0,1,1,2,2,1,34,6,124,1,35,YAMAHA MODEL MISSING,2,E01012431,0,3
2024622400349,2024,622400349,2,5,0,18,19,2,6,0,0,0,0,0,0,0,2,1,6,6,1,25,5,650,1,47,YAMAHA MODEL MISSING,1,W01000975,0,4