collision_index,collision_year,collision_ref_no,vehicle_reference,vehicle_type,towing_and_articulation,vehicle_manoeuvre_historic,vehicle_manoeuvre,vehicle_direction_from,vehicle_direction_to,vehicle_location_restricted_lane_historic,vehicle_location_restricted_lane,junction_location,skidding_and_overturning,hit_object_in_carriageway,vehicle_leaving_carriageway,hit_object_off_carriageway,first_point_of_impact,vehicle_left_hand_drive,journey_purpose_of_driver_historic,journey_purpose_of_driver,sex_of_driver,age_of_driver,age_band_of_driver,engine_capacity_cc,propulsion_code,age_of_vehicle,generic_make_model,driver_imd_decile,lsoa_of_driver,escooter_flag,driver_distance_banding
2024302401455,2024,302401455,1,90,0,18,19,6,2,0,0,0,0,0,0,0,1,1,6,6,1,52,8,-1,-1,-1,YAMAHA MODEL MISSING,1,E01013679,0,4
2024010543737,2024,010543737,1,5,0,18,19,1,5,0,0,0,1,0,0,0,1,1,6,6,1,30,6,998,1,12,YAMAHA MODEL MISSING,3,E01003524,0,1
2024070572203,2024,070572203,1,5,0,18,19,3,7,0,0,0,0,0,0,0,4,1,6,6,1,54,8,598,1,34,YAMAHA MODEL MISSING,9,E01018526,0,2
2024070751448,2024,070751448,1,4,0,-1,9,1,7,-1,9,1,1,0,1,11,1,1,-1,9,1,40,7,250,1,12,YAMAHA MODEL MISSING,10,E01033375,0,2
2024430179490,2024,430179490,1,5,0,18,19,1,5,0,0,0,1,0,0,0,1,1,6,6,1,54,8,892,1,28,YAMAHA MODEL MISSING,7,E01016191,0,2
2024131486023,2024,131486023,1,5,0,-1,19,7,3,-1,0,0,0,0,1,3,1,1,-1,6,1,23,5,892,1,29,YAMAHA MODEL MISSING,1,E01032500,0,1
2024522500283,2024,522500283,1,5,0,17,19,7,4,0,0,8,0,0,0,0,1,1,6,6,1,40,7,998,1,22,YAMAHA MODEL MISSING,3,E01014976,0,2
2024501450923,2024,501450923,1,4,0,-1,4,8,4,-1,0,1,5,0,0,0,2,1,-1,9,1,40,7,1063,1,22,YAMAHA MODEL MISSING,4,E01019063,0,3
2024361467451,2024,361467451,1,5,0,-1,19,3,7,-1,0,0,5,9,0,0,1,1,-1,6,1,32,6,535,1,32,YAMAHA MODEL MISSING,6,E01034561,0,3
2024320136395,2024,320136395,1,5,0,-1,-1,4,8,0,0,0,2,0,0,0,3,1,6,6,1,18,4,1200,1,31,YAMAHA MODEL MISSING,-1,-1,0,-1
2024161499944,2024,161499944,2,5,0,-1,19,7,3,-1,2,0,2,0,1,0,1,1,-1,2,1,20,4,535,1,29,YAMAHA MODEL MISSING,9,E01012770,0,1
2024631469742,2024,631469742,1,90,0,-1,19,6,3,-1,0,0,5,0,2,10,0,1,-1,9,2,33,6,686,1,17,YAMAHA MODEL MISSING,6,W01000574,0,1
2024302401115,2024,302401115,1,5,0,17,19,3,8,0,0,0,0,0,0,0,1,1,6,6,1,82,11,649,1,19,YAMAHA MODEL MISSING,5,E01025842,0,4
2024311428640,2024,311428640,1,5,0,-1,13,7,3,-1,0,1,0,0,0,0,1,1,-1,6,1,24,5,600,1,-1,YAMAHA MODEL MISSING,3,E01028019,0,1
2024340WN3162,2024,340WN3162,2,90,0,-1,3,5,1,-1,0,4,0,0,0,0,2,1,-1,9,2,50,8,649,1,19,YAMAHA MODEL MISSING,8,E01027285,0,4
2024161459946,2024,161459946,1,5,0,-1,19,6,2,-1,0,0,0,0,0,0,1,1,-1,9,1,65,9,599,1,22,YAMAHA MODEL MISSING,8,E01011638,0,4
2024461448413,2024,461448413,2,5,0,-1,19,5,1,-1,0,0,2,0,0,0,1,1,-1,9,1,66,10,499,1,47,YAMAHA MODEL MISSING,9,E01021223,0,4
2024421416541,2024,421416541,1,4,0,-1,19,-1,-1,-1,0,0,2,0,0,0,1,1,-1,9,1,45,7,449,1,21,YAMAHA MODEL MISSING,2,E01035161,0,4
2024461469989,2024,461469989,1,90,0,-1,19,7,3,-1,0,0,5,0,0,0,1,1,-1,6,1,54,8,695,1,3,YAMAHA MODEL MISSING,4,E01024593,0,3
2024361477540,2024,361477540,1,3,0,-1,4,4,1,-1,0,1,1,0,0,0,4,1,-1,9,1,67,10,1063,1,28,YAMAHA MODEL MISSING,6,E01026922,0,4
2024440115054,2024,440115054,1,4,0,18,19,8,4,0,0,0,1,0,0,0,3,1,6,6,1,56,9,1002,1,30,YAMAHA MODEL MISSING,6,E01022584,0,2
2024531439240,2024,531439240,1,5,0,-1,19,4,8,-1,0,0,1,12,0,0,1,1,-1,9,1,57,9,749,1,39,YAMAHA MODEL MISSING,7,E01022194,0,1
2024520401709,2024,520401709,1,5,0,18,19,5,1,0,0,0,0,0,0,0,0,1,6,6,1,41,7,1294,1,28,YAMAHA MODEL MISSING,4,E01029232,0,1
2024010523467,2024,010523467,2,5,0,18,19,1,5,0,0,4,0,0,1,0,1,1,1,1,1,53,8,1000,1,-1,YAMAHA MODEL MISSING,6,E01000663,0,1
2024052400272,2024,052400272,2,3,0,18,19,7,3,0,0,8,0,0,0,0,1,1,6,6,1,17,4,123,1,35,YAMAHA MODEL MISSING,4,E01025587,0,4
2024440253163,2024,440253163,2,4,0,15,15,5,1,0,0,8,0,0,0,0,2,1,6,6,1,77,11,249,1,33,YAMAHA MODEL MISSING,6,E01023196,0,1
2024552400509,2024,552400509,1,5,0,18,19,3,7,0,0,0,1,0,0,0,0,1,6,6,1,49,8,1854,1,15,YAMAHA MODEL MISSING,4,E01032101,0,4
2024311401385,2024,311401385,1,5,0,-1,14,7,3,-1,0,1,5,0,0,0,1,1,-1,9,1,29,6,598,1,27,YAMAHA MODEL MISSING,5,E01028016,0,1
2024991416654,2024,991416654,1,5,0,-1,19,4,8,-1,0,0,0,0,0,0,1,1,-1,9,1,20,4,600,1,26,YAMAHA MODEL MISSING,4,-1,0,2
2024371481684,2024,371481684,1,5,0,-1,19,7,3,-1,0,1,0,0,0,0,1,1,-1,6,1,58,9,1198,1,25,YAMAHA MODEL MISSING,5,E01026892,0,2
2024320088561,2024,320088561,2,4,0,8,8,2,4,0,0,1,5,0,0,0,2,1,-1,-1,1,55,8,499,1,48,YAMAHA MODEL MISSING,1,E01026176,0,1
2024991491818,2024,991491818,1,5,0,-1,19,7,3,-1,0,1,0,0,0,0,0,1,-1,6,1,23,5,598,1,32,YAMAHA MODEL MISSING,3,-1,0,2
2024211426611,2024,211426611,1,5,0,-1,13,8,4,-1,0,0,2,0,0,0,3,1,-1,9,1,66,10,749,1,36,YAMAHA MODEL MISSING,7,E01009819,0,1
2024371463441,2024,371463441,1,3,0,-1,19,5,1,-1,0,0,0,0,0,0,0,1,-1,9,1,30,6,124,1,28,YAMAHA MODEL MISSING,1,E01030227,0,1
2024221451464,2024,221451464,2,5,0,-1,13,2,6,-1,0,8,0,0,0,0,1,1,-1,9,1,26,6,-1,-1,-1,YAMAHA MODEL MISSING,4,E01031203,0,4
2024122400588,2024,122400588,2,4,0,18,19,8,1,0,0,4,0,0,0,0,1,1,6,6,1,28,6,599,1,21,YAMAHA MODEL MISSING,3,E01007488,0,3
2024302400960,2024,302400960,2,5,0,18,19,4,8,0,0,1,0,0,0,0,1,1,6,6,1,45,7,1854,1,14,YAMAHA MODEL MISSING,4,E01028228,0,1
2024471464885,2024,471464885,1,5,0,-1,3,7,4,-1,0,1,0,0,0,0,-1,1,-1,6,1,51,8,600,1,36,YAMAHA MODEL MISSING,3,E01021127,0,1
2024552401198,2024,552401198,1,5,0,13,13,6,8,0,0,8,0,0,0,0,4,1,6,6,1,54,8,1200,1,40,YAMAHA MODEL MISSING,4,E01015302,0,2
2024141517398,2024,141517398,1,3,0,-1,19,1,5,-1,9,0,1,0,0,0,4,1,-1,6,1,70,10,123,1,40,YAMAHA MODEL MISSING,8,E01011109,0,2
2024070698590,2024,070698590,2,5,0,9,9,6,3,0,0,2,0,0,1,10,1,1,6,6,1,33,6,600,1,26,YAMAHA MODEL MISSING,-1,-1,0,-1
2024421449903,2024,421449903,2,3,0,-1,19,7,3,-1,0,1,2,0,0,0,1,1,-1,9,1,17,4,123,1,41,YAMAHA MODEL MISSING,6,E01021981,0,1
202417S206624,2024,17S206624,2,5,0,-1,1,0,0,-1,0,8,0,0,0,0,0,1,-1,9,1,51,8,749,1,27,YAMAHA MODEL MISSING,5,E01012280,0,1
2024211469830,2024,211469830,1,3,0,-1,19,2,6,-1,0,0,0,0,0,0,1,1,-1,9,1,17,4,125,1,-1,YAMAHA MODEL MISSING,-1,-1,0,-1
2024552401085,2024,552401085,1,4,0,16,19,2,5,0,0,0,1,0,0,0,0,1,6,6,1,65,9,398,1,46,YAMAHA MODEL MISSING,-1,-1,0,-1
2024501471932,2024,501471932,1,5,0,-1,19,1,5,-1,0,6,1,0,0,0,4,1,-1,9,2,61,9,600,1,38,YAMAHA MODEL MISSING,4,E01020254,0,4
2024520500440,2024,520500440,1,5,0,10,10,1,6,0,0,1,0,0,0,0,1,1,6,6,1,63,9,653,1,52,YAMAHA MODEL MISSING,5,E01029208,0,3
2024501428983,2024,501428983,1,5,0,-1,14,3,7,-1,0,8,5,0,0,0,1,1,-1,9,1,41,7,598,1,29,YAMAHA MODEL MISSING,9,E01019937,0,1
2024421474461,2024,421474461,1,5,0,-1,4,7,6,-1,0,4,1,9,7,1,1,1,-1,9,1,28,6,1002,1,27,YAMAHA MODEL MISSING,10,E01021543,0,3
2024520401566,2024,520401566,1,3,0,18,19,3,7,0,0,0,0,0,0,0,1,1,6,6,1,54,8,535,1,28,YAMAHA MODEL MISSING,5,E01029301,0,1
2024131534479,2024,131534479,1,5,0,-1,19,7,3,-1,0,0,1,0,0,0,1,1,-1,6,1,54,8,892,1,28,YAMAHA MODEL MISSING,6,E01010634,0,1
2024501505636,2024,501505636,1,3,0,-1,19,6,2,-1,0,0,0,4,0,0,1,1,-1,6,1,35,6,124,1,30,YAMAHA MODEL MISSING,-1,-1,0,-1
2024440401858,2024,440401858,1,5,0,18,19,6,2,0,0,1,0,0,1,10,1,1,6,6,2,26,6,535,1,30,YAMAHA MODEL MISSING,10,E01016632,0,4
2024991475857,2024,991475857,1,5,0,-1,19,4,8,-1,0,0,2,0,0,0,3,1,-1,9,1,47,8,1002,1,27,YAMAHA MODEL MISSING,2,-1,0,1
202460Q063189,2024,60Q063189,1,4,0,18,19,2,6,0,0,0,0,0,0,0,1,1,6,6,1,29,6,1854,1,13,YAMAHA MODEL MISSING,-1,-1,0,-1
2024201467215,2024,201467215,2,5,0,-1,19,4,8,-1,0,0,0,0,0,0,1,1,-1,6,1,26,6,1198,1,25,YAMAHA MODEL MISSING,2,E01032262,0,4
2024461414040,2024,461414040,2,5,0,-1,19,3,7,-1,0,2,1,0,0,0,4,1,-1,6,1,35,6,1854,1,12,YAMAHA MODEL MISSING,9,E01024147,0,1
2024161511553,2024,161511553,2,5,0,-1,19,4,8,-1,0,0,0,0,0,0,2,1,-1,6,1,25,5,599,1,28,YAMAHA MODEL MISSING,1,E01012908,0,2
2024131504110,2024,131504110,2,5,0,-1,19,3,7,-1,0,1,0,0,0,0,1,1,-1,9,1,54,8,892,1,29,YAMAHA MODEL MISSING,6,E01010634,0,1
2024501518371,2024,501518371,1,3,0,-1,5,8,6,-1,0,6,0,0,0,0,3,1,-1,6,1,22,5,98,1,30,YAMAHA MODEL MISSING,4,E01018894,0,2
2024320098635,2024,320098635,2,5,0,-1,-1,4,8,0,0,0,2,0,0,0,3,1,-1,-1,1,32,6,1700,1,18,YAMAHA MODEL MISSING,4,E01026323,0,4
2024451511929,2024,451511929,1,4,0,-1,19,7,3,-1,0,0,2,0,0,0,0,1,-1,9,1,49,8,426,1,23,YAMAHA MODEL MISSING,10,E01031710,0,4
2024471508239,2024,471508239,1,90,0,-1,19,1,5,-1,0,1,0,0,0,0,1,1,-1,6,1,30,6,700,1,14,YAMAHA MODEL MISSING,6,E01031770,0,1
2024052401615,2024,052401615,1,90,0,18,19,6,2,0,0,0,2,4,0,0,1,1,6,6,1,24,5,-1,-1,-1,YAMAHA MODEL MISSING,8,E01034410,0,2
2024552400965,2024,552400965,1,5,0,18,19,6,2,0,0,0,1,0,0,0,1,1,6,6,1,20,4,535,1,32,YAMAHA MODEL MISSING,3,E01020502,0,1
2024440550066,2024,440550066,1,5,0,18,19,3,7,0,0,1,0,0,0,0,1,1,6,6,1,30,6,598,1,27,YAMAHA MODEL MISSING,3,E01034714,0,1
2024041410518,2024,041410518,2,5,0,-1,19,1,5,-1,0,1,5,0,0,0,1,1,-1,1,1,57,9,598,1,28,YAMAHA MODEL MISSING,1,E01005087,0,4
2024501419976,2024,501419976,1,4,0,-1,13,6,2,-1,0,1,1,0,0,0,0,1,-1,9,1,36,7,249,1,34,YAMAHA MODEL MISSING,4,E01034849,0,1
2024471474493,2024,471474493,2,90,0,-1,19,6,3,-1,0,0,0,4,0,0,3,9,-1,6,1,31,6,686,1,7,YAMAHA MODEL MISSING,2,E01020977,0,1
2024201459056,2024,201459056,1,90,0,-1,19,1,4,-1,0,0,0,10,7,11,4,1,-1,6,1,31,6,-1,-1,-1,YAMAHA MODEL MISSING,6,E01010557,0,2
2024531448312,2024,531448312,1,3,0,-1,19,5,1,-1,0,0,0,11,1,0,1,1,-1,9,1,27,6,125,1,17,YAMAHA MODEL MISSING,-1,-1,0,-1
2024302400248,2024,302400248,2,5,0,18,19,1,5,0,0,0,0,0,1,2,1,1,2,2,1,19,4,599,2,35,YAMAHA MODEL MISSING,4,E01027963,0,2
2024131464652,2024,131464652,1,5,0,-1,19,6,2,-1,0,8,0,0,3,2,1,1,-1,9,1,35,6,599,1,29,YAMAHA MODEL MISSING,8,E01011191,0,1
2024351541335,2024,351541335,2,3,0,-1,19,1,5,-1,0,8,0,0,1,0,2,1,-1,1,1,21,5,535,1,33,YAMAHA MODEL MISSING,6,E01032612,0,4
2024421440410,2024,421440410,2,2,0,-1,9,1,7,-1,0,3,5,0,0,0,4,1,-1,9,1,47,8,48,1,57,YAMAHA MODEL MISSING,5,E01021833,0,1
2024461457748,2024,461457748,1,90,0,-1,5,5,1,-1,0,0,0,4,0,0,1,1,-1,6,1,28,6,-1,-1,-1,YAMAHA MODEL MISSING,7,E01015966,0,3
2024440219920,2024,440219920,1,4,0,18,19,6,2,0,0,8,0,0,0,0,1,1,6,6,1,60,9,248,1,43,YAMAHA MODEL MISSING,7,E01023125,0,1
2024201406433,2024,201406433,1,4,0,-1,13,1,5,-1,0,8,0,10,7,0,1,1,-1,9,1,34,6,124,1,36,YAMAHA MODEL MISSING,1,E01009762,0,1
2024351540857,2024,351540857,1,97,0,-1,7,3,5,-1,0,2,0,0,0,0,1,1,-1,6,1,45,7,700,1,18,YAMAHA MODEL MISSING,3,E01018070,0,1
2024531421645,2024,531421645,1,5,0,-1,19,7,3,-1,0,0,1,0,0,0,4,1,-1,9,1,70,10,1198,1,28,YAMAHA MODEL MISSING,5,E01022428,0,1
2024440015260,2024,440015260,1,2,0,18,19,5,1,0,0,0,0,0,0,0,4,1,6,6,1,22,5,49,1,43,YAMAHA MODEL MISSING,9,E01022643,0,1
2024552400437,2024,552400437,1,4,0,18,19,3,7,0,0,8,0,0,0,0,1,1,6,6,1,38,7,891,1,32,YAMAHA MODEL MISSING,5,E01015441,0,1
2024010501527,2024,010501527,1,3,0,18,19,1,5,0,0,0,0,7,0,0,1,1,6,6,1,26,6,125,1,7,YAMAHA MODEL MISSING,3,E01003120,0,1
2024411478721,2024,411478721,2,5,0,-1,19,5,1,-1,0,3,5,0,0,0,3,1,-1,6,1,39,7,998,1,20,YAMAHA MODEL MISSING,2,E01004209,0,3
2024201483228,2024,201483228,1,90,0,-1,19,6,2,-1,0,8,0,0,0,0,1,1,-1,6,1,31,6,-1,-1,-1,YAMAHA MODEL MISSING,6,E01010557,0,3
2024340NN2942,2024,340NN2942,2,5,0,-1,19,4,8,-1,0,1,2,0,0,0,0,1,-1,6,1,44,7,1600,1,24,YAMAHA MODEL MISSING,8,E01027087,0,2
2024471458976,2024,471458976,2,4,0,-1,19,3,7,-1,0,1,0,0,0,0,1,1,-1,9,1,53,8,347,1,38,YAMAHA MODEL MISSING,9,E01031463,0,2
2024552400411,2024,552400411,1,3,0,18,19,4,8,0,0,0,0,4,0,0,3,1,6,6,1,47,8,599,1,33,YAMAHA MODEL MISSING,3,E01015294,0,1
2024440110213,2024,440110213,2,3,0,18,19,5,1,0,0,1,0,0,0,0,1,1,6,6,1,17,4,124,1,22,YAMAHA MODEL MISSING,7,E01022481,0,1
2024161417963,2024,161417963,1,2,0,-1,-1,5,1,-1,0,0,0,0,0,0,1,1,-1,6,1,18,4,50,1,3,-1,-1,-1,0,-1
2024041509713,2024,041509713,3,9,0,-1,2,0,0,-1,0,1,0,0,0,0,3,1,-1,6,-1,-1,-1,4395,8,0,-1,-1,-1,0,-1
2024332400838,2024,332400838,1,9,0,-1,7,1,3,-1,0,6,0,0,0,0,4,1,-1,2,1,52,8,2776,2,17,-1,6,E01013609,0,3
2024471454538,2024,471454538,2,9,0,-1,10,5,3,-1,0,1,0,0,0,0,2,1,-1,9,1,35,6,2776,2,20,-1,5,E01031834,0,1
2024320392593,2024,320392593,3,9,0,-1,-1,8,4,0,0,2,0,0,0,0,2,1,-1,-1,1,81,11,2499,2,18,-1,5,E01007990,0,4
2024430126673,2024,430126673,1,9,0,9,9,7,5,0,0,8,0,0,0,0,3,2,6,6,1,65,9,2777,2,15,-1,4,E01016710,0,1
2024010505928,2024,010505928,1,9,0,99,99,9,9,0,0,9,9,99,9,99,2,9,2,2,2,59,9,2429,1,15,-1,2,E01033148,0,1
2024501501299,2024,501501299,1,3,0,-1,19,1,5,-1,0,0,1,0,7,0,4,1,-1,6,1,18,4,124,1,9,-1,4,E01018969,0,2
2024501411066,2024,501411066,1,3,0,-1,19,7,3,-1,0,1,0,0,0,0,0,1,-1,6,1,22,5,125,1,8,-1,5,E01034854,0,1
2024461518143,2024,461518143,1,3,0,-1,19,5,1,-1,0,0,0,0,0,0,1,1,-1,6,1,-1,-1,124,1,10,-1,-1,-1,0,-1
2024471509275,2024,471509275,1,3,0,-1,19,5,1,-1,0,0,0,0,1,4,1,1,-1,9,1,17,4,124,1,10,-1,5,E01031480,0,1
2024440482655,2024,440482655,2,3,0,18,19,8,4,0,0,1,1,0,0,0,0,1,6,6,1,20,4,124,1,10,-1,2,E01022900,0,1
2024471416273,2024,471416273,1,5,0,-1,4,7,3,-1,0,0,5,0,0,0,0,1,-1,9,1,50,8,1868,1,1,-1,5,E01016977,0,1
2024451458076,2024,451458076,1,5,0,-1,19,5,3,-1,0,3,0,0,0,0,3,1,-1,2,1,62,9,1832,1,16,-1,8,E01022871,0,4
2024351431758,2024,351431758,2,5,0,-1,13,1,5,-1,0,1,0,0,0,0,1,1,-1,2,1,38,7,1261,1,20,-1,2,E01015656,0,1
2024461441269,2024,461441269,2,5,0,-1,19,3,7,-1,0,0,2,0,0,0,1,1,-1,9,1,51,8,1261,1,21,-1,1,E01024580,0,1
2024361419019,2024,361419019,1,5,0,-1,19,7,3,-1,0,0,2,0,0,0,1,1,-1,6,1,62,9,1261,1,21,-1,5,E01026770,0,2
2024430405440,2024,430405440,1,5,0,18,19,2,6,0,0,1,0,0,0,0,1,1,2,2,1,35,6,636,1,0,-1,6,E01016268,0,2
2024991487719,2024,991487719,2,5,0,-1,19,2,6,-1,0,0,5,0,7,0,1,1,-1,9,1,36,7,636,1,4,-1,5,-1,0,1
2024231501455,2024,231501455,2,5,0,-1,19,7,3,-1,0,8,0,0,0,0,1,1,-1,9,1,25,5,636,1,5,-1,4,E01031203,0,2
2024461488490,2024,461488490,1,5,0,-1,13,5,1,-1,0,0,0,0,7,0,1,1,-1,9,1,30,6,636,1,3,-1,7,E01035000,0,2
2024461459478,2024,461459478,2,4,0,-1,19,1,1,-1,0,2,0,11,1,4,1,1,-1,9,1,37,7,636,1,1,-1,6,E01024189,0,3
2024122400922,2024,122400922,1,5,0,16,19,3,5,0,0,0,0,0,7,4,1,1,6,6,1,63,9,636,1,4,-1,4,E01027866,0,4
2024361494736,2024,361494736,1,19,0,-1,19,5,1,-1,0,8,0,0,0,0,1,1,-1,2,1,52,8,2500,2,15,-1,2,E01026592,0,2
2024131455105,2024,131455105,1,19,0,-1,12,3,7,-1,0,8,0,0,0,0,1,1,-1,1,1,62,9,2500,2,19,-1,1,E01011686,0,2
2024520001634,2024,520001634,2,19,0,18,19,8,2,0,0,0,0,0,0,0,1,1,6,6,1,45,7,2500,2,16,-1,9,E01014441,0,1
2024421407757,2024,421407757,2,19,0,-1,19,6,3,-1,0,0,1,0,1,0,1,1,-1,9,1,30,6,2500,2,18,-1,1,E01016153,0,3
2024201466333,2024,201466333,1,19,0,-1,19,4,8,-1,0,0,1,0,0,0,1,9,-1,9,3,-1,-1,2500,2,16,-1,-1,-1,0,-1
2024522400821,2024,522400821,1,19,0,18,19,6,2,9,9,0,5,4,1,4,4,1,6,6,1,27,6,2500,2,17,-1,7,E01014006,0,4
2024010526496,2024,010526496,1,9,0,15,15,1,5,0,0,1,0,0,0,0,4,1,6,6,1,69,10,-1,3,3,-1,6,E01000220,0,2
2024340WN1802,2024,340WN1802,1,9,0,-1,19,3,7,-1,0,0,0,0,7,4,1,1,-1,2,2,52,8,-1,3,3,-1,7,E01027306,0,1
2024052401153,2024,052401153,4,9,0,3,3,7,3,0,0,1,0,0,0,0,2,1,6,6,2,62,9,-1,3,0,-1,2,E01006496,0,1
2024221533281,2024,221533281,2,9,0,-1,4,4,8,-1,0,8,0,0,0,0,2,1,-1,9,2,60,9,-1,3,0,-1,10,E01034327,0,3
2024471455944,2024,471455944,1,9,0,-1,19,2,6,-1,0,1,0,0,0,0,1,9,-1,6,1,32,6,2183,2,13,MAZDA 6,1,E01031436,0,1
2024351486427,2024,351486427,2,9,0,-1,19,5,1,-1,0,1,0,0,1,1,3,1,-1,6,1,55,8,2183,2,14,MAZDA 6,4,E01018083,0,2
2024351401974,2024,351401974,1,9,0,-1,19,5,1,-1,0,6,0,0,0,0,3,1,-1,2,1,47,8,2183,2,14,MAZDA 6,8,E01018270,0,1
2024440146250,2024,440146250,1,9,0,18,19,3,7,0,0,0,0,0,7,4,4,1,6,6,1,42,7,1999,1,19,MAZDA 6,3,E01017325,0,2
2024991430884,2024,991430884,1,9,0,-1,19,2,7,-1,0,3,0,0,1,11,1,1,-1,6,1,63,9,2191,2,7,MAZDA 6,2,-1,0,1
2024531491789,2024,531491789,1,9,0,-1,19,2,6,-1,0,0,5,0,2,4,1,1,-1,9,1,26,6,1998,2,16,MAZDA 6,9,E01032349,0,2
2024311414295,2024,311414295,1,9,0,-1,19,2,6,-1,0,0,0,0,0,0,3,1,-1,6,1,34,6,1998,2,16,MAZDA 6,1,E01027980,0,1
2024201457721,2024,201457721,2,9,0,-1,13,3,7,-1,0,1,0,0,0,0,1,9,-1,6,1,38,7,2191,2,7,MAZDA 6,3,E01033892,0,1
2024501518918,2024,501518918,1,9,0,-1,19,6,2,-1,0,6,0,0,0,0,1,1,-1,6,2,67,10,1999,1,18,MAZDA 6,3,E01015245,0,1
2024010528385,2024,010528385,1,8,9,3,3,5,1,99,99,9,9,99,9,99,9,9,6,6,1,56,9,1997,1,10,MAZDA 6,5,E01000418,0,1
2024332400951,2024,332400951,2,9,0,-1,5,1,5,-1,0,4,0,0,0,0,3,1,-1,2,2,56,9,2191,2,5,MAZDA 6,7,E01025654,0,1
2024231506828,2024,231506828,1,9,0,-1,19,7,3,-1,0,0,0,0,0,0,1,1,-1,6,1,42,7,2183,2,14,MAZDA 6,8,E01034089,0,5
2024371523220,2024,371523220,1,9,0,-1,-1,-1,-1,-1,-1,-1,-1,-1,-1,0,-1,1,-1,9,1,82,11,1998,1,15,MAZDA 6,5,E01030058,0,1
2024052400843,2024,052400843,1,9,0,18,19,8,4,0,0,0,5,0,0,0,1,1,6,6,1,40,7,1998,2,15,MAZDA 6,2,E01032505,0,1
2024471397742,2024,471397742,2,9,0,-1,19,3,7,-1,0,1,0,0,0,0,2,1,-1,9,2,49,8,1999,1,13,MAZDA 6,6,E01031826,0,2
2024201497038,2024,201497038,2,9,0,-1,3,2,6,-1,0,1,0,0,0,0,2,1,-1,1,2,55,8,1798,1,14,MAZDA 6,1,E01009622,0,1
2024061514775,2024,061514775,1,9,0,-1,5,0,4,-1,0,0,0,0,1,0,1,9,-1,6,1,-1,-1,1998,1,16,MAZDA 6,-1,-1,0,-1
2024471487267,2024,471487267,2,9,0,-1,19,2,6,-1,0,0,0,0,0,0,3,1,-1,9,1,66,10,1999,1,17,MAZDA 6,8,E01031694,0,1
2024340WN9162,2024,340WN9162,2,9,0,-1,10,8,6,-1,0,8,0,0,0,0,3,1,-1,6,1,51,8,2488,1,2,MAZDA 6,10,E01027307,0,1
2024010526558,2024,010526558,1,9,0,4,4,5,1,0,0,1,0,0,0,0,1,1,6,6,1,43,7,1999,1,14,MAZDA 6,-1,-1,0,-1
2024070192840,2024,070192840,1,9,0,4,4,7,3,0,0,0,0,0,0,0,2,1,1,1,1,52,8,2191,2,7,MAZDA 6,7,E01025446,0,4
2024471517259,2024,471517259,1,9,0,-1,19,4,8,-1,0,0,5,4,0,0,4,1,-1,9,1,91,11,2191,2,9,MAZDA 6,9,E01031723,0,2
2024010538656,2024,010538656,1,9,0,5,5,7,3,0,0,1,0,0,0,0,1,1,6,6,1,51,8,2191,2,7,MAZDA 6,3,E01034200,0,1
2024531434916,2024,531434916,1,9,0,-1,19,7,3,-1,0,0,0,0,0,0,1,1,-1,9,1,66,10,1998,1,7,MAZDA 6,8,E01034810,0,1
2024451480855,2024,451480855,2,9,0,-1,12,5,1,-1,0,0,0,0,0,0,3,1,-1,9,1,75,10,2191,2,7,MAZDA 6,8,E01033210,0,5
2024371469196,2024,371469196,1,9,0,-1,19,2,4,-1,0,2,0,0,3,0,1,1,-1,6,1,29,6,1999,1,17,MAZDA 6,10,E01029904,0,1
2024041406643,2024,041406643,2,9,0,-1,19,4,8,-1,0,8,0,0,0,0,2,1,-1,9,1,60,9,2191,2,9,MAZDA 6,9,E01025451,0,2
2024332401105,2024,332401105,1,9,0,-1,14,2,6,-1,0,0,0,0,0,0,1,1,-1,6,1,-1,-1,1998,2,16,MAZDA 6,-1,-1,0,-1
2024122400471,2024,122400471,1,9,0,4,4,5,1,0,0,0,0,0,0,0,2,1,6,6,3,-1,-1,2191,2,5,MAZDA 6,-1,-1,0,-1
2024101453994,2024,101453994,1,9,0,-1,19,8,4,-1,0,0,1,0,1,0,4,1,-1,6,1,16,4,1999,1,19,MAZDA 6,1,E01035618,0,1
2024131461399,2024,131461399,1,9,0,-1,9,5,2,-1,0,8,0,0,0,0,4,1,-1,6,1,73,10,2488,1,4,MAZDA 6,2,E01011814,0,2
2024122400991,2024,122400991,1,9,0,18,19,2,6,0,0,0,0,0,0,0,3,1,6,6,1,48,8,2191,2,8,MAZDA 6,5,E01021854,0,5
2024052402463,2024,052402463,1,9,0,18,19,8,4,0,0,0,0,0,0,0,1,1,6,6,2,42,7,2191,2,10,MAZDA 6,3,E01006425,0,1
2024010514591,2024,010514591,2,9,0,9,9,1,6,0,0,5,0,0,1,0,1,1,1,1,1,52,8,1998,1,2,MAZDA 6,4,E01002487,0,1