collision_index,collision_year,collision_ref_no,vehicle_reference,vehicle_type,towing_and_articulation,vehicle_manoeuvre_historic,vehicle_manoeuvre,vehicle_direction_from,vehicle_direction_to,vehicle_location_restricted_lane_historic,vehicle_location_restricted_lane,junction_location,skidding_and_overturning,hit_object_in_carriageway,vehicle_leaving_carriageway,hit_object_off_carriageway,first_point_of_impact,vehicle_left_hand_drive,journey_purpose_of_driver_historic,journey_purpose_of_driver,sex_of_driver,age_of_driver,age_band_of_driver,engine_capacity_cc,propulsion_code,age_of_vehicle,generic_make_model,driver_imd_decile,lsoa_of_driver,escooter_flag,driver_distance_banding
2024010526891,2024,010526891,2,9,0,99,99,9,9,99,99,0,9,99,9,99,1,9,6,6,3,-1,-1,1998,2,15,MAZDA 6,-1,-1,0,-1
2024411509910,2024,411509910,1,9,-1,-1,-1,-1,-1,-1,-1,-1,-1,-1,-1,0,1,9,-1,6,2,39,7,2191,2,11,MAZDA 6,5,E01023929,0,2
2024041439816,2024,041439816,1,9,0,-1,19,3,7,-1,0,0,0,0,0,0,1,1,-1,2,1,35,6,1798,1,16,MAZDA 6,7,E01025270,0,1
2024631451167,2024,631451167,1,9,0,-1,19,2,7,-1,0,0,0,0,1,11,1,1,-1,6,1,64,9,1998,1,11,MAZDA 6,10,E01031649,0,5
2024430392402,2024,430392402,1,9,0,3,3,4,8,0,0,1,0,0,0,0,2,1,3,7,2,44,7,1998,1,16,MAZDA 6,9,E01017841,0,4
2024451405424,2024,451405424,1,9,0,-1,12,5,1,-1,9,0,0,0,0,0,1,1,-1,6,1,49,8,2183,2,13,MAZDA 6,9,E01030614,0,1
2024041534845,2024,041534845,1,9,0,-1,19,1,5,-1,0,8,0,0,0,0,1,1,-1,9,1,33,6,1998,1,6,MAZDA 6,4,E01025314,0,1
2024520401758,2024,520401758,1,9,0,18,19,1,5,0,0,0,0,0,0,0,2,1,6,6,2,28,6,2184,2,14,MAZDA 6,4,E01029241,0,1
2024520403059,2024,520403059,2,9,0,12,12,3,1,0,0,8,0,0,0,0,1,1,6,6,1,65,9,2183,2,13,MAZDA 6,6,E01032652,0,1
2024010525772,2024,010525772,3,9,0,99,99,9,9,99,99,9,9,99,9,99,0,9,6,6,3,-1,-1,1999,1,17,MAZDA 6,5,E01002652,0,1
2024991420046,2024,991420046,1,9,0,-1,11,2,6,-1,0,0,1,2,0,0,1,1,-1,6,-1,30,6,2191,2,8,MAZDA 6,-1,-1,0,-1
2024161484186,2024,161484186,1,9,0,-1,19,1,5,-1,0,0,0,0,0,0,0,1,-1,1,1,59,9,2191,2,11,MAZDA 6,4,E01013280,0,1
2024371463467,2024,371463467,1,9,0,-1,19,1,3,-1,0,0,0,0,0,0,1,1,-1,2,1,30,6,2191,2,11,MAZDA 6,3,E01029996,0,1
2024010522317,2024,010522317,1,9,0,18,19,5,1,0,0,3,0,0,0,0,4,1,2,2,1,39,7,2191,2,10,MAZDA 6,-1,-1,0,-1
2024010510371,2024,010510371,2,9,0,99,99,9,9,99,99,5,9,99,9,99,9,9,6,6,3,-1,-1,2191,2,8,MAZDA 6,-1,-1,0,-1
2024461500953,2024,461500953,1,9,0,-1,19,1,5,-1,0,8,0,0,0,0,1,9,-1,1,2,44,7,2183,2,14,MAZDA 6,5,E01024156,0,1
2024302400734,2024,302400734,1,9,0,18,19,3,7,0,0,2,0,0,0,0,4,1,6,6,2,48,8,2488,1,14,MAZDA 6,2,E01019666,0,1
2024461393694,2024,461393694,15,9,0,-1,4,4,8,-1,0,0,0,0,0,0,3,1,-1,9,1,46,8,2191,2,5,MAZDA 6,7,E01000438,0,3
2024211532033,2024,211532033,1,9,0,-1,9,6,8,-1,0,8,0,0,0,0,1,1,-1,9,1,44,7,1997,1,10,MAZDA 6,9,E01029718,0,1
2024201515563,2024,201515563,1,9,0,-1,9,0,0,-1,0,5,0,0,0,0,3,1,-1,6,1,57,9,2183,2,13,MAZDA 6,5,E01032328,0,4
2024010527512,2024,010527512,1,9,0,18,19,1,5,0,0,1,0,4,0,0,1,1,6,6,1,19,4,1999,1,18,MAZDA 6,4,E01004569,0,1
2024411454798,2024,411454798,2,9,-1,-1,-1,-1,-1,-1,-1,0,-1,-1,-1,0,-1,9,-1,6,1,26,6,2191,2,11,MAZDA 6,5,E01001393,0,2
2024010550522,2024,010550522,2,9,0,17,19,7,3,0,0,1,0,10,7,7,1,1,6,6,3,24,5,1999,1,14,MAZDA 6,-1,-1,0,-1
2024552401023,2024,552401023,1,9,0,9,9,8,6,0,0,5,0,0,0,0,1,1,6,6,1,56,9,1998,1,2,MAZDA 6,5,E01015417,0,1
2024411501926,2024,411501926,1,9,0,-1,19,3,7,-1,0,0,0,0,0,0,1,1,-1,6,1,46,8,2183,2,14,MAZDA 6,4,E01016516,0,4
2024522402046,2024,522402046,2,9,0,7,7,6,1,0,0,6,0,0,0,0,1,1,6,6,1,54,8,2191,2,10,MAZDA 6,4,E01014645,0,1
2024311529380,2024,311529380,1,9,0,-1,19,5,1,-1,0,0,0,0,0,0,1,1,-1,6,1,18,4,1999,1,14,MAZDA 6,4,E01028083,0,1
2024461534906,2024,461534906,2,9,0,-1,2,0,0,-1,0,0,0,0,0,0,2,1,-1,6,-1,-1,-1,1999,1,18,MAZDA 6,-1,-1,0,-1
2024041399618,2024,041399618,1,9,0,-1,5,7,3,-1,0,6,0,0,0,0,1,1,-1,9,1,44,7,2184,2,15,MAZDA 6,3,E01025407,0,2
2024010503335,2024,010503335,2,9,0,99,99,9,9,99,99,9,9,99,9,99,9,9,6,6,3,-1,-1,1999,1,17,MAZDA 6,5,E01004624,0,1
2024522500161,2024,522500161,2,9,0,18,19,4,8,0,0,3,0,0,0,0,1,1,6,6,1,44,7,2191,2,6,MAZDA 6,10,E01014881,0,1
2024440316695,2024,440316695,1,9,0,5,5,3,7,0,0,2,1,4,7,2,1,1,6,6,1,26,6,1999,1,14,MAZDA 6,4,E01017135,0,1
2024010494195,2024,010494195,2,9,0,99,99,9,9,99,99,9,9,99,9,99,9,9,6,6,3,77,11,1999,1,16,MAZDA 6,3,E01003656,0,1
2024010550409,2024,010550409,1,9,0,9,9,7,5,0,0,8,0,0,0,0,1,1,6,6,1,42,7,1999,1,18,MAZDA 6,5,E01000520,0,4
2024061453150,2024,061453150,3,9,0,-1,19,3,7,-1,0,0,0,0,0,0,1,1,-1,9,1,59,9,2191,2,11,MAZDA 6,1,E01025381,0,2
2024461399798,2024,461399798,2,9,0,-1,3,7,3,-1,0,0,0,0,0,0,2,9,-1,9,1,32,6,2191,2,11,MAZDA 6,7,E01032814,0,2
2024010541967,2024,010541967,3,9,0,99,99,9,9,99,99,9,9,99,9,99,9,9,6,6,1,43,7,1999,1,13,MAZDA 6,4,E01003409,0,2
2024631462885,2024,631462885,2,9,0,-1,19,5,2,-1,0,0,0,0,1,1,3,1,-1,9,2,27,6,2183,2,14,MAZDA 6,5,W01000650,0,3
2024522402136,2024,522402136,1,9,0,18,19,5,1,0,0,0,1,10,1,2,3,1,6,6,2,59,9,1998,1,5,MAZDA 6,6,E01014447,0,1
2024542984124,2024,542984124,1,9,0,4,4,2,6,0,0,1,0,0,0,0,1,1,6,6,1,34,6,2191,2,11,MAZDA 6,8,E01015522,0,1
2024211483112,2024,211483112,2,9,0,-1,5,1,5,-1,0,1,0,0,0,0,1,1,-1,6,1,66,10,2191,2,8,MAZDA 6,-1,-1,0,-1
2024111414898,2024,111414898,3,9,0,-1,3,2,6,-1,0,0,0,0,0,0,2,1,-1,6,1,40,7,1998,1,7,MAZDA 6,7,E01020709,0,1
2024131504648,2024,131504648,2,9,0,-1,2,0,0,-1,0,8,0,4,0,0,1,1,-1,6,-1,-1,-1,2191,2,10,MAZDA 6,-1,-1,0,-1
2024520500051,2024,520500051,1,9,0,8,8,1,3,0,0,1,0,0,0,0,2,1,6,6,2,45,7,2184,2,15,MAZDA 6,8,E01035118,0,1
2024430052662,2024,430052662,1,9,0,9,9,4,2,0,0,5,0,0,0,0,3,1,6,6,2,-1,-1,2191,2,8,MAZDA 6,10,E01016267,0,1
2024041428446,2024,041428446,3,9,0,-1,2,1,5,-1,9,8,0,0,0,0,3,1,-1,6,-1,-1,-1,1798,1,12,MAZDA 6,-1,-1,0,-1
2024041453687,2024,041453687,1,9,0,-1,19,7,3,-1,0,1,1,0,7,11,1,1,-1,9,1,32,6,2183,2,13,MAZDA 6,6,E01025334,0,4
2024471524289,2024,471524289,1,9,0,-1,19,8,4,-1,0,1,0,0,0,0,1,1,-1,9,2,40,7,1999,1,17,MAZDA 6,4,E01020966,0,1
2024201452573,2024,201452573,2,8,0,-1,19,4,8,-1,0,8,0,0,0,0,3,1,-1,9,1,46,8,2191,2,8,MAZDA 6,5,E01009126,0,1
2024451491953,2024,451491953,1,9,0,-1,19,5,1,-1,0,1,0,0,0,0,1,1,-1,1,1,37,7,2191,2,8,MAZDA 6,2,E01001172,0,2
2024522402872,2024,522402872,1,9,0,18,19,5,1,0,0,8,0,0,0,0,4,1,6,6,1,38,7,1998,1,10,MAZDA 6,5,E01014548,0,1
2024461436572,2024,461436572,2,9,0,-1,12,6,2,-1,0,0,0,0,0,0,2,1,-1,1,1,47,8,1798,1,15,MAZDA 6,4,E01016048,0,2
2024361400617,2024,361400617,2,9,0,-1,19,-1,-1,-1,0,3,0,0,0,0,3,1,-1,1,1,54,8,1998,1,2,MAZDA 6,3,E01026696,0,3
2024122401069,2024,122401069,1,9,0,17,19,7,3,0,0,0,0,0,7,10,1,1,6,6,1,35,6,1998,1,16,MAZDA 6,9,E01027652,0,1
2024351490682,2024,351490682,2,9,0,-1,4,5,1,-1,0,0,0,0,0,0,2,1,-1,2,1,47,8,2183,2,14,MAZDA 6,4,E01015623,0,1
2024070849945,2024,070849945,1,9,0,-1,19,3,1,-1,0,0,0,0,0,0,3,1,-1,6,1,43,7,2191,2,11,MAZDA 6,5,E01018496,0,1
2024451419785,2024,451419785,2,9,0,-1,19,2,8,-1,0,0,0,0,0,0,1,1,-1,7,1,50,8,2191,2,8,MAZDA 6,10,E01030811,0,1
2024070262163,2024,070262163,2,9,0,18,19,3,7,0,0,8,0,0,1,4,1,1,6,6,1,35,6,1999,1,14,MAZDA 6,3,E01006433,0,2
2024471517944,2024,471517944,3,9,0,-1,4,7,3,-1,0,0,0,0,0,0,2,1,-1,9,1,54,8,1999,1,17,MAZDA 6,9,E01021175,0,2
2024311426341,2024,311426341,2,9,0,-1,19,6,6,-1,0,1,0,0,0,0,3,1,-1,6,1,19,4,2183,2,13,MAZDA 6,6,E01028283,0,1
2024070460084,2024,070460084,1,9,0,18,19,7,3,0,0,0,0,0,0,0,1,1,6,6,1,58,9,2184,2,15,MAZDA 6,-1,-1,0,-1
2024061464539,2024,061464539,1,9,0,-1,19,7,3,-1,0,1,0,0,0,0,3,2,-1,6,2,30,6,2191,2,9,MAZDA 6,1,E01005874,0,1
2024311474643,2024,311474643,1,9,0,-1,19,1,5,-1,0,0,0,0,0,0,3,1,-1,6,1,35,6,2191,2,8,MAZDA 6,9,E01023217,0,5
2024211444567,2024,211444567,1,9,0,-1,2,1,5,-1,0,0,0,0,0,0,4,1,-1,1,1,50,8,1998,1,6,MAZDA 6,5,E01029559,0,1
2024010528062,2024,010528062,2,9,0,99,99,9,9,0,0,9,0,0,0,0,1,9,6,6,3,-1,-1,1999,1,20,MAZDA 6,-1,-1,0,-1
2024041488106,2024,041488106,2,9,0,-1,3,3,7,-1,0,0,0,0,4,0,2,1,-1,9,1,65,9,2191,2,7,MAZDA 6,5,E01024958,0,4
2024501520603,2024,501520603,2,9,0,-1,19,3,7,-1,0,1,0,0,0,0,1,1,-1,9,2,36,7,2183,2,13,MAZDA 6,5,E01015049,0,1
2024461502961,2024,461502961,2,9,0,-1,19,1,5,-1,0,0,0,0,0,0,2,1,-1,6,1,52,8,1999,1,13,MAZDA 6,4,E01024696,0,4
2024010508564,2024,010508564,1,9,0,18,19,3,7,0,0,1,0,4,0,0,1,1,3,7,1,42,7,1999,1,17,MAZDA 6,3,E01000094,0,1
2024991499242,2024,991499242,2,9,0,-1,19,6,2,-1,0,1,0,0,0,0,1,1,-1,9,1,50,8,2184,2,9,MAZDA 6,-1,-1,0,-1
2024552400637,2024,552400637,1,9,0,16,19,7,2,0,0,0,0,0,0,0,1,1,6,6,3,-1,-1,1998,2,16,MAZDA 6,-1,-1,0,-1
2024010507595,2024,010507595,1,9,0,99,99,9,9,99,99,9,9,99,9,99,1,9,6,6,1,53,8,1998,1,2,MAZDA 6,7,E01000324,0,1
2024320429145,2024,320429145,1,8,0,7,7,5,8,0,0,6,0,0,0,0,1,2,6,6,1,55,8,2191,2,7,MAZDA 6,7,E01026066,0,4
2024340WN4262,2024,340WN4262,3,9,0,-1,3,2,6,-1,0,1,0,0,0,0,2,1,-1,6,1,44,7,2191,2,9,MAZDA 6,1,E01027168,0,1
2024010541970,2024,010541970,2,9,0,18,19,5,1,9,9,0,0,0,1,11,1,1,6,6,1,26,6,1798,1,15,MAZDA 6,-1,-1,0,-1
2024010508960,2024,010508960,2,9,0,4,4,3,7,0,0,1,0,0,0,0,1,1,6,6,1,34,6,2488,1,13,MAZDA 6,-1,-1,0,-1
2024610038824,2024,610038824,1,9,0,16,19,1,3,0,0,4,1,9,6,0,1,1,6,6,1,70,10,2488,1,3,MAZDA 6,2,E01019549,0,5
2024520402308,2024,520402308,2,9,0,5,5,7,3,0,0,4,0,0,0,0,1,1,6,6,3,-1,-1,2191,2,11,MAZDA 6,-1,-1,0,-1
2024421528736,2024,421528736,1,9,0,-1,9,3,1,-1,0,8,0,0,7,0,1,1,-1,9,2,73,10,1999,1,18,MAZDA 6,1,E01022045,0,1
2024201423958,2024,201423958,2,9,0,-1,2,0,0,-1,0,0,0,0,0,0,4,9,-1,6,1,38,7,2183,2,14,MAZDA 6,2,E01009929,0,1
2024311408522,2024,311408522,1,9,0,-1,19,3,7,-1,0,0,1,0,7,3,1,1,-1,9,1,29,6,2191,2,9,MAZDA 6,7,E01028370,0,1
2024461528249,2024,461528249,2,9,0,-1,4,3,7,-1,0,0,0,0,0,0,2,9,-1,6,1,-1,-1,1999,1,19,MAZDA 6,7,E01024097,0,1
2024522401510,2024,522401510,2,9,0,2,2,0,0,0,0,0,0,0,0,0,2,1,6,6,3,-1,-1,1998,1,15,MAZDA 6,-1,-1,0,-1
2024461477807,2024,461477807,1,9,0,-1,5,3,7,-1,0,0,0,0,0,0,2,1,-1,6,-1,-1,-1,1798,1,17,MAZDA 6,-1,-1,0,-1
2024201517126,2024,201517126,6,9,0,-1,2,0,0,-1,0,0,0,4,0,0,3,1,-1,6,-1,-1,-1,1998,1,16,MAZDA 6,-1,-1,0,-1
2024141398013,2024,141398013,1,9,0,-1,2,3,7,-1,0,0,0,0,0,0,2,1,-1,9,1,39,7,2191,2,8,MAZDA 6,3,E01007576,0,2
2024351457532,2024,351457532,2,9,0,-1,9,6,5,-1,0,1,0,0,0,0,3,1,-1,6,1,25,5,2191,2,9,MAZDA 6,6,E01034564,0,4
2024552401349,2024,552401349,1,9,0,18,19,8,4,0,0,1,0,0,0,0,1,1,6,6,1,44,7,2191,2,9,MAZDA 6,4,E01009576,0,5
2024991401646,2024,991401646,1,9,0,-1,19,1,5,-1,0,0,0,0,0,0,1,1,-1,6,1,66,10,2183,2,13,MAZDA 6,4,-1,0,1
2024461514339,2024,461514339,1,9,0,-1,19,1,5,-1,0,5,0,0,0,0,1,1,-1,2,1,26,6,1798,1,17,MAZDA 6,2,E01024517,0,1
2024041447841,2024,041447841,1,9,0,-1,7,8,4,-1,0,8,0,0,0,0,1,1,-1,1,1,39,7,1999,1,15,MAZDA 6,2,E01025284,0,1
2024221450706,2024,221450706,5,9,0,-1,14,1,5,-1,0,0,1,0,0,0,1,1,-1,6,1,23,5,1998,2,16,MAZDA 6,5,E01032342,0,1
2024010538846,2024,010538846,2,9,0,2,2,0,0,0,0,0,0,0,0,0,3,1,6,6,3,-1,-1,2191,2,10,MAZDA 6,-1,-1,0,-1
2024631441320,2024,631441320,2,9,0,-1,3,5,1,-1,0,0,0,0,0,0,2,1,-1,9,1,60,9,2191,2,9,MAZDA 6,9,W01001284,0,4
2024010548023,2024,010548023,1,9,0,3,3,1,5,0,0,1,0,0,0,0,3,2,6,6,1,50,8,1798,1,13,MAZDA 6,10,E01023551,0,2
2024311509030,2024,311509030,2,9,-1,-1,-1,-1,-1,-1,-1,0,-1,-1,-1,0,-1,9,-1,6,1,18,4,1798,1,16,MAZDA 6,-1,-1,0,-1
2024631500261,2024,631500261,1,9,0,-1,19,1,6,-1,0,0,5,0,7,11,1,1,-1,9,1,41,7,2191,2,11,MAZDA 6,5,W01000550,0,1
2024010510081,2024,010510081,2,9,0,2,2,0,0,0,0,0,0,0,0,0,2,1,6,6,3,-1,-1,1998,1,5,MAZDA 6,-1,-1,0,-1
2024031522864,2024,031522864,2,9,0,-1,19,1,5,-1,0,0,0,0,0,0,1,1,-1,1,1,60,9,2191,2,8,MAZDA 6,-1,-1,0,-1
2024070578157,2024,070578157,3,9,0,18,19,6,2,0,0,1,0,0,0,0,1,1,6,6,1,-1,-1,2191,2,8,MAZDA 6,-1,-1,0,-1
2024201475510,2024,201475510,1,9,0,-1,4,6,2,-1,0,1,0,0,0,0,1,9,-1,6,1,52,8,1998,2,16,MAZDA 6,5,E01009796,0,3
2024991428100,2024,991428100,1,9,0,-1,9,6,5,-1,0,8,0,0,0,0,1,2,-1,9,1,52,8,1998,1,7,MAZDA 6,8,-1,0,1
2024631461771,2024,631461771,2,9,0,-1,9,2,8,-1,0,6,0,0,0,0,3,1,-1,6,1,-1,-1,1998,1,16,MAZDA 6,4,E01020291,0,4
2024552400954,2024,552400954,2,9,0,16,19,5,8,0,0,0,0,0,0,0,2,1,6,6,1,60,9,1999,1,14,MAZDA 6,9,E01022848,0,5
2024332400615,2024,332400615,1,9,0,-1,19,2,6,-1,0,1,0,0,0,0,1,1,-1,6,1,-1,-1,2183,2,13,MAZDA 6,-1,-1,0,-1
2024471416251,2024,471416251,1,9,0,-1,19,1,5,-1,0,0,1,0,1,4,3,1,-1,9,2,44,7,1999,1,17,MAZDA 6,7,E01021160,0,2
2024411460838,2024,411460838,2,9,0,-1,19,7,3,-1,0,1,1,0,0,0,1,1,-1,2,1,35,6,2191,2,8,MAZDA 6,5,E01021854,0,3
2024131470054,2024,131470054,1,9,0,-1,19,3,3,-1,0,0,0,4,0,0,1,1,-1,9,2,44,7,2183,2,12,MAZDA 6,1,E01010966,0,1
2024501497104,2024,501497104,1,9,0,-1,19,2,6,-1,0,0,0,0,1,0,4,9,-1,6,1,86,11,1999,1,14,MAZDA 6,7,E01018858,0,1
2024141525642,2024,141525642,2,9,0,-1,19,7,3,-1,0,0,0,0,0,0,3,1,-1,9,1,67,10,1998,2,16,MAZDA 6,2,E01007895,0,1
2024552400391,2024,552400391,1,9,0,18,19,8,4,0,0,0,5,4,0,0,3,1,6,6,1,50,8,2191,2,10,MAZDA 6,2,E01015290,0,1
2024471507694,2024,471507694,2,9,0,-1,19,7,3,-1,0,1,0,0,0,0,1,1,-1,6,1,59,9,1999,1,17,MAZDA 6,2,E01031454,0,1
2024371555589,2024,371555589,1,9,0,-1,19,8,4,-1,0,1,0,4,0,0,1,1,-1,9,1,69,10,2191,2,9,MAZDA 6,6,E01030041,0,1
2024451458522,2024,451458522,1,9,0,-1,5,7,3,-1,0,4,0,0,0,0,1,1,-1,9,1,77,11,1999,1,15,MAZDA 6,9,E01030539,0,1
2024010522969,2024,010522969,1,9,0,5,5,7,3,0,0,1,0,0,0,0,3,1,6,6,2,46,8,1998,1,4,MAZDA 6,3,E01004755,0,1
2024471495857,2024,471495857,3,9,0,-1,19,8,3,-1,0,0,0,0,0,0,2,1,-1,2,2,51,8,1997,1,10,MAZDA 6,8,E01031617,0,2
2024522500272,2024,522500272,2,9,0,5,5,7,3,0,0,6,0,0,0,0,1,1,6,6,3,-1,-1,2191,2,8,MAZDA 6,-1,-1,0,-1
2024461431855,2024,461431855,2,9,0,-1,4,3,7,-1,0,0,0,0,0,0,2,1,-1,9,1,74,10,1997,1,10,MAZDA 6,6,E01024589,0,4
2024010536385,2024,010536385,1,9,0,2,2,0,0,0,0,0,0,4,0,0,2,1,6,6,3,-1,-1,2191,2,9,MAZDA 6,-1,-1,0,-1
2024010506456,2024,010506456,2,9,0,99,99,9,9,99,99,9,9,99,9,99,9,9,6,6,3,-1,-1,1998,1,8,MAZDA 6,-1,-1,0,-1
2024201481249,2024,201481249,1,9,0,-1,19,3,7,-1,0,8,0,0,0,0,1,1,-1,9,1,46,8,1997,1,10,MAZDA 6,8,E01010520,0,1
2024101413511,2024,101413511,1,9,0,-1,5,8,4,-1,0,8,0,0,0,0,1,1,-1,9,1,38,7,2184,2,14,MAZDA 6,5,E01011968,0,4
2024411518795,2024,411518795,1,9,0,-1,19,2,7,-1,-1,1,2,7,1,1,1,1,-1,9,1,19,4,1999,1,14,MAZDA 6,3,E01001504,0,3
2024461492464,2024,461492464,1,9,0,-1,3,7,3,-1,0,0,0,0,0,0,3,9,-1,9,1,47,8,2191,2,7,MAZDA 6,2,E01000433,0,1
2024451435275,2024,451435275,3,9,0,-1,19,1,5,-1,0,0,0,0,0,0,2,1,-1,2,1,48,8,2191,2,8,MAZDA 6,9,E01030646,0,2
2024231447100,2024,231447100,3,9,0,-1,4,4,1,-1,0,0,0,0,0,0,2,1,-1,6,1,36,7,1999,1,14,MAZDA 6,4,E01031087,0,2
2024122401157,2024,122401157,1,8,0,9,9,4,2,0,0,1,0,0,0,0,1,1,1,1,1,45,7,1998,1,7,MAZDA 6,3,E01013350,0,1
2024411465333,2024,411465333,2,9,-1,-1,-1,-1,-1,-1,-1,0,-1,-1,-1,0,2,9,-1,6,2,35,6,2191,2,7,MAZDA 6,3,E01027227,0,4
2024070312783,2024,070312783,2,9,0,9,9,3,1,0,0,8,0,0,0,0,3,1,6,6,1,51,8,2191,2,7,MAZDA 6,10,E01018693,0,1
2024991509114,2024,991509114,2,8,0,-1,12,6,2,-1,0,1,0,0,0,0,3,1,-1,1,1,63,9,2191,2,4,MAZDA 6,5,-1,0,1
2024451524470,2024,451524470,1,9,0,-1,11,3,7,-1,0,0,1,0,0,0,1,1,-1,9,2,34,6,2191,2,9,MAZDA 6,7,E01023123,0,1
2024440499794,2024,440499794,2,9,0,18,19,2,6,0,0,8,0,0,0,0,1,1,6,6,2,43,7,1999,1,12,MAZDA 6,6,E01023015,0,2
2024010502449,2024,010502449,1,9,0,18,19,1,5,0,0,1,1,0,0,0,4,1,2,2,1,32,6,1798,1,15,MAZDA 6,2,E01003511,0,2
2024052402523,2024,052402523,2,9,0,18,19,1,5,0,0,1,0,0,0,0,3,1,6,6,1,67,10,1998,1,3,MAZDA 6,5,E01025509,0,1
2024401492863,2024,401492863,1,9,0,-1,19,5,1,-1,0,0,0,0,0,0,1,9,-1,6,2,70,10,599,1,22,-1,8,E01033820,0,1
2024010543922,2024,010543922,1,9,0,1,1,1,5,0,0,0,0,0,0,0,2,1,6,6,1,86,11,698,1,21,-1,5,E01002299,0,1
2024440243065,2024,440243065,1,9,0,18,19,2,6,0,0,0,0,0,0,0,1,1,6,6,1,50,8,599,1,22,-1,7,E01017367,0,1
2024522402949,2024,522402949,1,9,0,9,9,4,2,0,0,6,0,0,0,0,3,1,6,6,1,80,11,698,1,19,-1,2,E01026425,0,5
2024991510098,2024,991510098,2,9,0,-1,19,2,6,-1,-1,0,0,0,1,0,1,1,-1,6,2,58,9,698,1,18,-1,2,-1,0,1
2024411515805,2024,411515805,1,4,0,-1,19,5,1,-1,0,1,5,0,0,0,1,1,-1,6,1,24,5,125,1,7,-1,4,E01023790,0,1
2024201431145,2024,201431145,1,3,0,-1,9,4,3,-1,0,1,5,0,0,0,2,1,-1,9,1,23,5,125,1,5,-1,1,E01009952,0,1
2024061409980,2024,061409980,1,9,0,-1,19,7,2,-1,0,0,0,0,7,0,1,1,-1,6,2,41,7,998,1,11,PEUGEOT 107,10,E01025350,0,4
2024122400626,2024,122400626,1,9,0,18,19,8,4,0,0,0,0,0,1,4,1,1,6,6,1,54,8,998,1,16,PEUGEOT 107,3,E01034753,0,4
2024340WN5692,2024,340WN5692,1,9,0,-1,5,3,7,-1,0,5,0,0,0,0,4,1,-1,9,2,25,5,998,1,10,PEUGEOT 107,9,E01027088,0,4
2024531435710,2024,531435710,1,9,0,-1,7,5,1,-1,0,8,0,0,0,0,2,1,-1,9,2,19,4,998,1,13,PEUGEOT 107,3,E01022294,0,1
2024471489148,2024,471489148,1,9,0,-1,11,3,7,-1,0,8,0,0,0,0,1,1,-1,9,2,21,5,998,1,17,PEUGEOT 107,9,E01021124,0,3
2024361439763,2024,361439763,1,9,0,-1,19,7,3,-1,0,8,0,0,0,0,1,1,-1,6,1,86,11,998,1,16,PEUGEOT 107,5,E01026878,0,1
2024501394879,2024,501394879,1,9,0,-1,15,8,4,-1,0,1,0,0,0,0,1,1,-1,2,2,23,5,998,1,13,PEUGEOT 107,5,E01020328,0,4
2024201528571,2024,201528571,2,9,0,-1,19,6,1,-1,0,0,0,0,1,9,3,1,-1,9,1,57,9,998,1,15,PEUGEOT 107,1,E01008929,0,2
2024161449097,2024,161449097,1,9,0,-1,19,3,7,-1,0,1,0,0,0,0,1,1,-1,6,1,17,4,998,1,13,PEUGEOT 107,7,E01013124,0,3
2024231421894,2024,231421894,1,9,0,-1,9,5,3,-1,0,6,0,0,0,0,1,1,-1,9,2,19,4,998,1,16,PEUGEOT 107,3,E01031261,0,1
2024471491627,2024,471491627,2,9,0,-1,9,6,4,-1,0,6,0,0,0,0,3,1,-1,6,2,17,4,998,1,15,PEUGEOT 107,9,E01031829,0,3
2024211543746,2024,211543746,1,9,0,-1,19,2,6,-1,0,0,0,0,0,0,1,1,-1,6,2,18,4,998,1,14,PEUGEOT 107,6,E01026021,0,5
2024131479716,2024,131479716,2,9,0,-1,9,1,5,-1,0,8,0,0,0,0,4,1,-1,6,2,49,8,998,1,12,PEUGEOT 107,6,E01011689,0,2
2024552400029,2024,552400029,1,9,0,4,4,8,4,0,0,1,0,0,0,0,4,1,6,6,1,90,11,998,1,13,PEUGEOT 107,10,E01020366,0,1
2024430466678,2024,430466678,1,9,0,9,9,5,3,0,0,1,0,0,0,0,4,1,6,6,2,30,6,998,1,11,PEUGEOT 107,10,E01028752,0,4
2024071016432,2024,071016432,2,9,0,-1,3,8,6,-1,0,1,0,0,0,0,2,1,-1,2,2,24,5,998,1,15,PEUGEOT 107,-1,-1,0,-1
2024061512936,2024,061512936,1,9,0,-1,2,-1,-1,-1,99,0,0,0,0,0,4,1,-1,7,2,34,6,998,1,15,PEUGEOT 107,3,E01006273,0,1
2024141465074,2024,141465074,1,9,0,-1,19,4,8,-1,0,0,1,0,0,0,1,1,-1,9,1,40,7,998,1,16,PEUGEOT 107,-1,-1,0,-1
2024221457655,2024,221457655,1,9,0,-1,9,4,1,-1,0,6,0,0,0,0,1,9,-1,6,2,26,6,998,1,16,PEUGEOT 107,4,E01032322,0,3
2024320305746,2024,320305746,3,9,0,-1,-1,8,4,0,0,0,0,0,0,0,1,1,6,6,2,24,5,998,1,15,PEUGEOT 107,2,E01026166,0,1
2024451528001,2024,451528001,2,9,0,-1,19,1,5,-1,0,4,0,0,0,0,1,1,-1,2,2,26,6,998,1,17,PEUGEOT 107,10,E01030777,0,1
2024440441247,2024,440441247,1,9,0,18,19,8,5,0,0,0,0,0,0,0,4,1,6,6,2,25,5,998,1,13,PEUGEOT 107,2,E01022833,0,1
2024361448830,2024,361448830,2,9,0,-1,9,4,2,-1,0,8,0,0,0,0,1,1,-1,2,1,18,4,998,1,12,PEUGEOT 107,4,E01026850,0,4
2024430071183,2024,430071183,1,9,0,18,19,4,8,0,0,0,0,0,0,0,1,1,2,2,2,25,5,998,1,10,PEUGEOT 107,10,E01016700,0,1