collision_index,collision_year,collision_ref_no,vehicle_reference,vehicle_type,towing_and_articulation,vehicle_manoeuvre_historic,vehicle_manoeuvre,vehicle_direction_from,vehicle_direction_to,vehicle_location_restricted_lane_historic,vehicle_location_restricted_lane,junction_location,skidding_and_overturning,hit_object_in_carriageway,vehicle_leaving_carriageway,hit_object_off_carriageway,first_point_of_impact,vehicle_left_hand_drive,journey_purpose_of_driver_historic,journey_purpose_of_driver,sex_of_driver,age_of_driver,age_band_of_driver,engine_capacity_cc,propulsion_code,age_of_vehicle,generic_make_model,driver_imd_decile,lsoa_of_driver,escooter_flag,driver_distance_banding
2024401544310,2024,401544310,1,9,0,-1,19,1,5,-1,0,0,0,0,0,0,1,1,-1,2,1,31,6,998,1,14,PEUGEOT 107,6,E01015766,0,3
2024302401441,2024,302401441,2,9,0,4,4,8,4,0,0,0,0,0,0,0,1,1,6,6,2,44,7,998,1,16,PEUGEOT 107,5,E01013530,0,1
2024131464045,2024,131464045,1,9,0,-1,19,2,6,-1,0,0,0,0,1,0,3,1,-1,9,1,24,5,998,1,11,PEUGEOT 107,2,E01019483,0,4
2024041474404,2024,041474404,2,9,0,-1,19,1,5,-1,0,2,0,0,0,0,1,2,-1,6,1,49,8,998,1,14,PEUGEOT 107,1,E01024877,0,1
2024052401020,2024,052401020,1,9,0,9,9,8,7,0,0,8,0,0,0,0,4,1,6,6,2,20,4,998,1,11,PEUGEOT 107,1,E01006600,0,1
2024061494189,2024,061494189,1,9,0,-1,19,4,8,-1,0,0,2,10,0,0,1,1,-1,9,1,93,11,998,1,16,PEUGEOT 107,3,E01005267,0,1
2024471407238,2024,471407238,1,9,0,-1,4,1,5,-1,0,1,0,0,0,0,4,1,-1,9,1,34,6,998,1,13,PEUGEOT 107,5,E01034817,0,1
2024131425588,2024,131425588,1,9,0,-1,19,7,3,-1,0,0,5,0,1,0,4,1,-1,9,1,18,4,998,1,17,PEUGEOT 107,3,E01011325,0,1
202460Q038970,2024,60Q038970,1,9,0,18,19,3,7,0,0,0,1,0,2,7,1,1,6,6,1,21,5,998,1,14,PEUGEOT 107,-1,-1,0,-1
2024302400470,2024,302400470,1,9,0,18,19,6,2,0,0,0,2,0,8,11,3,1,6,6,1,18,4,998,1,17,PEUGEOT 107,9,E01005835,0,3
2024201511776,2024,201511776,1,9,0,-1,13,2,6,-1,0,0,0,0,0,0,1,1,-1,6,1,18,4,998,1,11,PEUGEOT 107,3,E01009087,0,2
2024201484197,2024,201484197,2,9,0,-1,3,2,6,-1,0,2,0,0,0,0,2,1,-1,9,1,78,11,998,1,11,PEUGEOT 107,1,E01033646,0,1
2024201519942,2024,201519942,2,9,0,-1,19,5,1,-1,0,0,1,0,0,0,1,1,-1,1,2,56,9,998,1,10,PEUGEOT 107,5,E01032133,0,1
2024101409728,2024,101409728,3,9,0,-1,10,7,1,-1,0,8,0,0,0,0,1,1,-1,9,2,29,6,998,1,11,PEUGEOT 107,4,E01008406,0,1
2024302400583,2024,302400583,1,9,0,18,19,3,7,0,0,0,0,0,1,1,1,1,6,6,1,21,5,998,1,11,PEUGEOT 107,7,E01003848,0,5
2024302500159,2024,302500159,1,9,0,-1,19,7,3,-1,0,2,0,0,0,0,1,1,-1,6,3,48,8,998,1,15,PEUGEOT 107,1,E01019808,0,2
2024631438034,2024,631438034,2,9,0,-1,4,2,6,-1,0,1,0,0,0,0,2,1,-1,9,1,29,6,998,1,14,PEUGEOT 107,2,W01000483,0,1
2024052401933,2024,052401933,2,9,0,18,19,4,8,0,0,8,0,0,0,0,4,1,2,2,1,26,6,998,1,15,PEUGEOT 107,2,E01012379,0,3
2024201479699,2024,201479699,1,9,0,-1,7,1,7,-1,0,5,0,0,0,0,2,1,-1,6,1,27,6,998,1,12,PEUGEOT 107,7,E01008528,0,5
2024201463557,2024,201463557,1,9,0,-1,19,3,7,-1,0,1,0,0,0,0,1,9,-1,6,1,28,6,998,1,13,PEUGEOT 107,1,E01005024,0,5
2024501522985,2024,501522985,2,9,0,-1,9,3,1,-1,0,6,0,0,0,0,3,1,-1,9,1,64,9,998,1,18,PEUGEOT 107,4,E01018881,0,3
2024010499653,2024,010499653,2,9,0,99,99,9,9,99,99,9,9,99,9,99,1,9,6,6,3,-1,-1,998,1,12,PEUGEOT 107,-1,-1,0,-1
2024501434530,2024,501434530,2,9,0,-1,19,7,3,-1,0,0,0,0,1,4,1,1,-1,9,2,74,10,998,1,15,PEUGEOT 107,6,E01034375,0,5
2024461518851,2024,461518851,1,9,0,-1,19,3,7,-1,9,1,1,0,1,3,1,1,-1,9,2,19,4,998,1,12,PEUGEOT 107,6,E01024067,0,1
2024031398892,2024,031398892,2,9,0,-1,2,5,1,-1,0,0,1,0,0,0,1,1,-1,6,-1,-1,-1,998,1,13,PEUGEOT 107,-1,-1,0,-1
2024101425113,2024,101425113,1,9,0,-1,9,3,7,-1,0,1,0,0,0,0,1,1,-1,6,2,19,4,998,1,16,PEUGEOT 107,-1,-1,0,-1
2024231460457,2024,231460457,1,9,0,-1,19,5,1,-1,0,0,0,0,1,11,1,9,-1,9,1,22,5,998,1,15,PEUGEOT 107,4,E01031127,0,2
2024361469850,2024,361469850,1,9,0,-1,19,7,3,-1,0,1,0,0,0,0,1,1,-1,6,2,46,8,998,1,11,PEUGEOT 107,7,E01026579,0,2
2024061407195,2024,061407195,1,9,0,-1,9,1,7,-1,0,8,0,0,0,0,4,1,-1,6,1,21,5,998,1,13,PEUGEOT 107,9,E01004784,0,1
2024201474306,2024,201474306,1,9,0,-1,12,8,4,-1,0,2,0,0,0,0,2,9,-1,6,2,19,4,998,1,14,PEUGEOT 107,3,E01009864,0,1
2024440395174,2024,440395174,1,9,0,4,4,1,5,0,0,2,0,0,0,0,2,1,6,6,2,18,4,998,1,13,PEUGEOT 107,10,E01022747,0,1
2024471443250,2024,471443250,2,9,0,-1,5,3,7,-1,0,8,0,0,0,0,4,1,-1,9,1,21,5,998,1,12,PEUGEOT 107,3,E01031657,0,1
2024631523735,2024,631523735,1,9,0,-1,19,4,8,-1,0,0,0,0,0,0,4,1,-1,1,2,75,10,998,1,11,PEUGEOT 107,2,W01000659,0,1
2024010519846,2024,010519846,1,9,0,18,19,1,5,0,0,0,0,0,0,0,1,1,6,6,2,25,5,998,1,17,PEUGEOT 107,9,E01016543,0,4
2024451525168,2024,451525168,1,9,0,-1,9,1,8,-1,0,1,0,0,4,0,1,1,-1,9,2,77,11,998,1,15,PEUGEOT 107,8,E01030875,0,2
2024061475517,2024,061475517,1,9,0,-1,4,5,1,-1,0,1,0,0,0,0,2,1,-1,9,1,20,4,998,1,12,PEUGEOT 107,6,E01025334,0,4
2024041532577,2024,041532577,1,9,0,-1,19,6,2,-1,0,0,5,0,2,11,1,1,-1,6,-1,-1,-1,998,1,16,PEUGEOT 107,-1,-1,0,-1
2024031512205,2024,031512205,3,9,0,-1,19,7,3,-1,0,1,0,0,0,0,1,1,-1,6,2,26,6,998,1,16,PEUGEOT 107,7,E01019178,0,4
2024421476528,2024,421476528,2,9,0,-1,19,5,2,-1,0,4,0,0,0,0,4,1,-1,9,2,19,4,998,1,13,PEUGEOT 107,7,E01021540,0,1
2024131518992,2024,131518992,1,9,0,-1,19,0,0,-1,0,0,0,4,0,0,1,1,-1,9,1,45,7,998,1,17,PEUGEOT 107,1,E01010632,0,2
2024461492889,2024,461492889,1,9,0,-1,19,3,7,-1,0,1,0,0,0,0,1,9,-1,6,1,40,7,998,1,12,PEUGEOT 107,4,E01016077,0,2
2024461408211,2024,461408211,2,9,0,-1,19,5,1,-1,0,0,1,0,1,4,4,1,-1,6,2,49,8,998,1,16,PEUGEOT 107,6,E01023988,0,1
2024131457357,2024,131457357,1,9,0,-1,19,8,4,-1,0,0,0,10,1,10,3,1,-1,9,1,17,4,998,1,16,PEUGEOT 107,5,E01011480,0,1
2024010522328,2024,010522328,3,9,0,9,9,1,6,0,0,1,0,0,0,0,1,1,2,2,2,28,6,998,1,11,PEUGEOT 107,3,E01002370,0,2
2024041491201,2024,041491201,2,9,0,-1,19,5,7,-1,0,4,0,0,3,0,1,2,-1,9,2,34,6,998,1,12,PEUGEOT 107,3,E01025577,0,1
2024440393578,2024,440393578,1,9,0,3,3,1,5,0,0,0,0,0,0,0,2,1,6,6,2,29,6,998,1,12,PEUGEOT 107,10,E01023222,0,4
202460Q066327,2024,60Q066327,1,9,0,8,8,6,2,0,0,1,1,0,4,2,1,1,6,6,1,78,11,998,1,16,PEUGEOT 107,-1,-1,0,-1
2024351484995,2024,351484995,2,9,0,-1,4,1,5,-1,0,0,0,0,0,0,2,1,-1,6,2,49,8,998,1,11,PEUGEOT 107,4,E01008093,0,5
2024471471684,2024,471471684,1,9,0,-1,9,6,4,-1,0,0,0,0,0,0,1,1,-1,2,2,27,6,998,1,15,PEUGEOT 107,6,E01021058,0,3
2024541656124,2024,541656124,2,9,0,18,19,5,1,0,0,1,0,0,0,0,2,1,6,6,2,54,8,998,1,15,PEUGEOT 107,6,E01032082,0,1
2024371437836,2024,371437836,2,9,0,-1,19,6,2,-1,0,8,0,0,0,0,1,1,-1,6,1,18,4,998,1,17,PEUGEOT 107,7,E01030200,0,2
2024361502428,2024,361502428,2,9,0,-1,9,8,6,-1,0,8,0,0,8,0,3,1,-1,2,1,18,4,998,1,15,PEUGEOT 107,4,E01026256,0,3
2024531432896,2024,531432896,2,9,0,-1,4,2,6,-1,0,0,0,0,0,0,2,1,-1,1,1,31,6,998,1,10,PEUGEOT 107,8,E01014621,0,4
2024141492706,2024,141492706,1,9,0,-1,5,1,5,-1,0,8,0,0,0,0,3,1,-1,9,1,52,8,998,1,16,PEUGEOT 107,1,E01007463,0,1
2024201489797,2024,201489797,1,9,0,-1,19,7,2,-1,0,8,0,0,0,0,1,1,-1,6,2,22,5,998,1,14,PEUGEOT 107,2,E01009833,0,1
2024311522305,2024,311522305,2,9,0,-1,19,4,1,-1,0,1,0,0,0,0,3,1,-1,2,2,64,9,998,1,12,PEUGEOT 107,10,E01028368,0,2
2024531502695,2024,531502695,2,9,0,-1,19,1,5,-1,0,1,1,0,7,0,1,1,-1,7,1,17,4,998,1,17,PEUGEOT 107,9,E01022129,0,3
2024320498318,2024,320498318,2,9,0,-1,-1,2,6,0,0,8,0,0,0,0,3,1,6,6,2,41,7,998,1,17,PEUGEOT 107,4,E01026016,0,2
2024311533616,2024,311533616,2,9,0,-1,19,5,5,-1,0,0,0,0,0,0,1,1,-1,6,1,-1,-1,998,1,11,PEUGEOT 107,-1,-1,0,-1
2024552400899,2024,552400899,2,9,0,18,19,2,6,0,0,0,0,0,0,0,1,1,6,6,2,42,7,998,1,13,PEUGEOT 107,5,E01023082,0,4
2024461473922,2024,461473922,1,9,0,-1,19,7,3,-1,0,0,0,0,0,0,3,1,-1,9,1,62,9,998,1,13,PEUGEOT 107,3,E01024395,0,1
2024631432358,2024,631432358,1,9,0,-1,9,5,3,-1,0,6,0,0,0,0,3,1,-1,9,2,61,9,998,1,12,PEUGEOT 107,7,W01000623,0,3
2024201482799,2024,201482799,1,9,0,-1,9,1,7,-1,0,5,0,0,0,0,1,1,-1,2,2,19,4,998,1,11,PEUGEOT 107,7,E01009116,0,1
2024451469791,2024,451469791,2,9,0,-1,19,1,3,-1,0,0,0,0,0,0,1,1,-1,7,2,73,10,998,1,17,PEUGEOT 107,5,E01030751,0,1
2024471513568,2024,471513568,1,9,0,-1,9,8,5,-1,0,5,0,0,0,0,1,1,-1,6,2,65,9,998,1,13,PEUGEOT 107,7,E01021142,0,1
2024131501660,2024,131501660,1,9,0,-1,-1,-1,-1,-1,-1,8,-1,-1,-1,0,3,1,-1,6,3,-1,-1,998,1,17,PEUGEOT 107,-1,-1,0,-1
2024221501622,2024,221501622,1,9,0,-1,19,6,2,-1,0,0,0,0,0,0,1,1,-1,6,2,18,4,998,1,13,PEUGEOT 107,9,E01028985,0,1
2024440330458,2024,440330458,2,9,0,13,13,1,5,0,0,1,0,0,0,0,4,1,2,2,2,43,7,998,1,12,PEUGEOT 107,10,E01022554,0,3
2024320489468,2024,320489468,2,9,0,4,4,8,6,0,0,1,0,0,0,0,2,1,-1,-1,2,20,4,998,1,12,PEUGEOT 107,8,E01026155,0,1
2024010494151,2024,010494151,1,9,0,9,9,3,8,0,0,0,0,4,7,10,1,1,6,6,2,80,11,998,1,15,PEUGEOT 107,4,E01002279,0,1
2024471483914,2024,471483914,1,9,0,-1,19,7,3,-1,0,0,0,0,0,0,1,1,-1,9,2,57,9,998,1,15,PEUGEOT 107,3,E01030711,0,4
2024320621262,2024,320621262,1,9,0,1,1,1,5,9,9,6,0,0,0,0,2,1,-1,-1,2,57,9,998,1,16,PEUGEOT 107,-1,-1,0,-1
2024010524479,2024,010524479,2,9,0,99,99,9,9,99,99,9,9,99,9,99,9,9,6,6,3,43,7,998,1,14,PEUGEOT 107,7,E01004186,0,1
202460Q090841,2024,60Q090841,1,9,0,14,14,6,2,0,0,1,0,0,0,0,1,1,6,6,2,89,11,998,1,12,PEUGEOT 107,-1,-1,0,-1
2024631486172,2024,631486172,1,9,0,-1,19,3,7,-1,0,0,0,0,1,0,1,1,-1,6,1,21,5,998,1,16,PEUGEOT 107,7,E01020701,0,5
2024041422992,2024,041422992,1,9,0,-1,9,7,3,-1,0,8,1,0,0,0,1,1,-1,9,1,42,7,998,1,13,PEUGEOT 107,3,E01025311,0,1
2024201489391,2024,201489391,1,9,0,-1,5,4,8,-1,4,6,0,0,0,0,4,1,-1,2,2,57,9,998,1,11,PEUGEOT 107,-1,-1,0,-1
2024421415282,2024,421415282,2,9,-1,-1,3,3,7,-1,0,1,0,0,0,0,1,1,-1,2,1,30,6,998,1,13,PEUGEOT 107,3,E01021713,0,2
2024010497390,2024,010497390,2,9,0,4,4,5,1,0,0,8,0,0,0,0,1,1,2,2,2,33,6,998,1,15,PEUGEOT 107,7,E01023335,0,3
2024461469105,2024,461469105,2,9,0,-1,4,8,2,-1,0,0,0,0,0,0,2,9,-1,1,1,28,6,998,1,15,PEUGEOT 107,6,E01024070,0,4
2024201428728,2024,201428728,1,9,0,-1,19,6,2,-1,0,0,0,0,0,0,1,1,-1,9,1,18,4,998,1,12,PEUGEOT 107,1,E01009638,0,1
2024501393708,2024,501393708,1,9,0,-1,19,2,6,-1,0,0,0,7,1,0,1,1,-1,6,2,77,11,998,1,12,PEUGEOT 107,4,E01019005,0,3
2024332400926,2024,332400926,2,9,0,-1,2,0,0,-1,0,0,0,0,0,0,1,1,-1,6,3,-1,-1,998,1,12,PEUGEOT 107,-1,-1,0,-1
2024231398937,2024,231398937,2,9,0,-1,19,1,6,-1,0,8,0,0,0,0,1,1,-1,6,3,25,5,998,1,17,PEUGEOT 107,-1,-1,0,-1
2024010529073,2024,010529073,1,9,0,99,99,9,9,99,99,9,9,99,9,99,9,9,6,6,2,22,5,998,1,13,PEUGEOT 107,8,E01002300,0,4
2024501480151,2024,501480151,1,9,0,-1,19,1,5,-1,0,0,2,0,2,10,4,2,-1,9,2,17,4,998,1,18,PEUGEOT 107,2,E01020015,0,3
2024451422773,2024,451422773,1,9,0,-1,19,3,5,-1,0,0,0,0,7,11,1,1,-1,2,1,25,5,998,1,16,PEUGEOT 107,8,E01034385,0,3
2024631500822,2024,631500822,1,9,0,-1,19,3,7,-1,0,0,0,0,0,0,1,1,-1,9,1,19,4,998,1,17,PEUGEOT 107,6,E01028850,0,4
2024401529192,2024,401529192,1,9,0,-1,19,-1,-1,-1,0,0,0,0,0,0,1,9,-1,6,3,-1,-1,998,1,11,PEUGEOT 107,-1,-1,0,-1
2024311467169,2024,311467169,2,9,0,-1,2,0,0,-1,0,0,0,0,7,1,1,1,-1,6,-1,-1,-1,998,1,14,PEUGEOT 107,-1,-1,0,-1
2024201517309,2024,201517309,1,9,0,-1,19,5,3,-1,0,6,0,4,1,11,1,1,-1,9,2,77,11,998,1,10,PEUGEOT 107,3,E01010007,0,1
2024411466756,2024,411466756,1,9,0,-1,19,1,5,-1,0,1,0,0,0,0,4,1,-1,6,2,77,11,998,1,17,PEUGEOT 107,6,E01023593,0,1
2024351538224,2024,351538224,1,9,0,-1,19,6,2,-1,0,6,0,0,0,0,1,1,-1,6,1,78,11,998,1,18,PEUGEOT 107,6,E01018126,0,2
2024548951424,2024,548951424,2,9,0,4,4,5,3,0,0,1,0,0,0,0,2,1,2,2,1,22,5,998,1,15,PEUGEOT 107,5,E01020443,0,2
2024101480777,2024,101480777,1,9,0,-1,7,3,5,-1,0,8,0,0,0,0,1,9,-1,6,1,-1,-1,998,1,13,PEUGEOT 107,-1,-1,0,-1
2024161482019,2024,161482019,2,9,0,-1,9,8,6,-1,0,8,0,0,0,0,1,1,-1,2,1,58,9,998,1,12,PEUGEOT 107,6,E01013048,0,1
2024070635388,2024,070635388,1,9,0,4,4,3,7,0,0,0,0,0,7,0,1,1,6,6,1,19,4,998,1,16,PEUGEOT 107,7,E01004892,0,4
2024461413256,2024,461413256,2,9,0,-1,19,8,4,-1,0,0,0,0,0,0,2,1,-1,2,1,60,9,998,1,14,PEUGEOT 107,4,E01023986,0,3
2024471549714,2024,471549714,1,9,0,-1,19,7,3,-1,0,0,0,0,0,0,3,1,-1,9,2,88,11,998,1,13,PEUGEOT 107,4,E01021207,0,1
2024141492640,2024,141492640,1,9,0,-1,13,1,6,-1,0,0,2,7,1,0,1,1,-1,6,2,56,9,998,1,15,PEUGEOT 107,2,E01007680,0,3
2024101442782,2024,101442782,2,9,0,-1,19,1,5,-1,0,0,0,0,0,0,1,9,-1,9,2,-1,-1,998,1,12,PEUGEOT 107,2,E01008813,0,1
2024041439449,2024,041439449,1,9,0,-1,19,1,5,-1,0,8,0,0,0,0,1,1,-1,1,1,17,4,998,1,18,PEUGEOT 107,2,E01012666,0,1
2024201509046,2024,201509046,1,9,0,-1,19,4,8,-1,0,8,0,0,0,0,3,1,-1,6,2,33,6,998,1,15,PEUGEOT 107,1,E01009104,0,1
2024451410804,2024,451410804,2,9,0,-1,10,1,3,-1,0,1,0,99,0,0,1,1,-1,6,2,30,6,998,1,10,PEUGEOT 107,8,E01030335,0,1
2024101428611,2024,101428611,4,9,0,-1,2,0,0,-1,0,0,0,0,0,0,2,1,-1,9,2,-1,-1,998,1,18,PEUGEOT 107,5,E01027517,0,1
2024211423367,2024,211423367,1,9,0,-1,19,7,1,-1,0,1,0,0,0,0,3,9,-1,6,2,-1,-1,998,1,14,PEUGEOT 107,-1,-1,0,-1
2024201423912,2024,201423912,1,9,0,-1,19,4,8,-1,0,1,0,10,0,0,1,1,-1,2,1,23,5,998,1,12,PEUGEOT 107,9,E01032177,0,2
2024440546851,2024,440546851,2,9,0,18,19,3,7,0,0,1,0,0,0,0,2,1,6,6,1,44,7,998,1,13,PEUGEOT 107,4,E01032745,0,1
2024111495217,2024,111495217,2,9,0,-1,5,1,5,-1,0,8,0,0,0,0,2,9,-1,2,2,42,7,998,1,15,PEUGEOT 107,9,E01027767,0,3
2024131441688,2024,131441688,2,9,0,-1,19,3,7,-1,0,1,0,0,0,0,1,1,-1,9,2,22,5,998,1,16,PEUGEOT 107,3,E01010762,0,1
2024201460966,2024,201460966,2,9,0,-1,19,5,1,-1,0,8,0,0,0,0,3,1,-1,9,2,65,9,998,1,14,PEUGEOT 107,6,E01010534,0,1
2024302401186,2024,302401186,1,9,0,5,5,1,5,0,0,1,0,0,0,0,1,1,6,6,2,20,4,998,1,14,PEUGEOT 107,8,E01012984,0,5
2024221440144,2024,221440144,1,9,0,-1,19,2,6,-1,0,8,0,0,7,11,4,2,-1,6,2,17,4,998,1,15,PEUGEOT 107,3,E01032456,0,1
2024421421228,2024,421421228,1,9,0,-1,12,6,2,-1,0,0,0,0,0,0,3,1,-1,9,1,43,7,998,1,15,PEUGEOT 107,2,E01021354,0,3
2024461446687,2024,461446687,2,9,0,-1,10,2,7,-1,0,1,0,0,0,0,1,1,-1,7,1,18,4,998,1,17,PEUGEOT 107,9,E01024408,0,2
2024542761324,2024,542761324,1,9,0,5,5,6,2,0,0,6,0,0,0,0,1,1,2,2,2,25,5,998,1,17,PEUGEOT 107,2,E01032093,0,1
2024531531259,2024,531531259,1,9,0,-1,19,2,6,-1,0,1,0,0,0,0,1,1,-1,6,1,44,7,998,1,15,PEUGEOT 107,6,E01022154,0,3
2024522403443,2024,522403443,1,9,0,9,9,2,1,0,0,5,0,0,1,11,1,1,6,6,1,19,4,998,1,12,PEUGEOT 107,4,E01014686,0,1
2024302400341,2024,302400341,1,9,0,17,19,2,6,0,0,0,0,0,7,9,1,1,6,6,2,18,4,998,1,14,PEUGEOT 107,7,E01019429,0,4
2024552401350,2024,552401350,1,9,0,18,19,7,3,0,0,8,0,0,0,0,1,1,6,6,1,41,7,998,1,16,PEUGEOT 107,9,E01034372,0,1
2024101407246,2024,101407246,2,9,0,-1,3,5,1,-1,0,0,0,0,0,0,2,1,-1,6,1,34,6,998,1,11,PEUGEOT 107,2,E01008599,0,1
2024231462540,2024,231462540,1,9,0,-1,13,8,4,-1,0,8,0,0,1,9,3,1,-1,2,2,32,6,998,1,12,PEUGEOT 107,4,E01031052,0,3
2024041534100,2024,041534100,2,9,0,-1,19,7,3,-1,0,0,0,0,0,0,2,1,-1,1,2,45,7,998,1,10,PEUGEOT 107,2,E01025124,0,2
2024522402271,2024,522402271,1,9,0,12,12,3,7,0,0,0,0,0,0,0,3,1,6,6,2,25,5,998,1,16,PEUGEOT 107,3,E01014682,0,1
2024101399849,2024,101399849,3,9,0,-1,3,1,5,-1,0,0,0,0,0,0,2,1,-1,6,2,18,4,998,1,12,PEUGEOT 107,2,E01020615,0,1
2024461518385,2024,461518385,2,9,0,-1,19,3,7,-1,0,0,0,0,0,0,2,1,-1,9,2,49,8,998,1,11,PEUGEOT 107,1,E01024193,0,4
2024231407885,2024,231407885,1,9,0,-1,19,6,2,-1,0,0,0,0,0,0,1,1,-1,6,2,43,7,998,1,11,PEUGEOT 107,2,E01031066,0,1
2024231444961,2024,231444961,2,9,0,-1,1,3,7,-1,0,6,0,0,0,0,2,1,-1,6,2,59,9,998,1,16,PEUGEOT 107,4,E01031127,0,3
2024010532995,2024,010532995,2,9,0,99,99,9,9,99,99,9,9,99,9,99,1,9,6,6,3,-1,-1,998,1,12,PEUGEOT 107,9,E01003382,0,3
2024201531880,2024,201531880,1,9,0,-1,19,8,6,-1,0,1,0,0,0,0,1,1,-1,9,2,29,6,998,1,11,PEUGEOT 107,1,E01010289,0,1
2024201475225,2024,201475225,2,9,0,-1,7,2,4,-1,0,6,0,0,0,0,2,1,-1,6,2,40,7,998,1,16,PEUGEOT 107,1,E01009748,0,1
2024522403206,2024,522403206,2,9,0,9,9,5,3,0,0,5,0,0,0,0,4,1,6,6,2,54,8,998,1,18,PEUGEOT 107,10,E01014985,0,1
2024991428662,2024,991428662,2,9,0,-1,3,1,6,-1,0,1,0,0,0,0,2,1,-1,6,2,48,8,998,1,10,PEUGEOT 107,1,-1,0,1
2024201509692,2024,201509692,1,9,0,-1,19,7,3,-1,0,8,0,0,0,0,3,1,-1,6,1,22,5,998,1,13,PEUGEOT 107,2,E01010059,0,2
2024544976724,2024,544976724,1,9,0,9,9,7,5,0,0,6,0,0,0,0,3,1,6,6,2,24,5,998,1,14,PEUGEOT 107,7,E01032100,0,1
2024991435386,2024,991435386,1,9,0,-1,19,6,2,-1,0,0,0,0,0,0,4,1,-1,9,2,20,4,998,1,11,PEUGEOT 107,-1,-1,0,-1
2024631451109,2024,631451109,1,9,0,-1,9,7,5,-1,0,6,0,0,0,0,3,1,-1,6,2,83,11,998,1,12,PEUGEOT 107,8,W01000440,0,1
2024401420140,2024,401420140,2,9,0,-1,19,3,7,-1,0,0,0,0,1,0,3,1,-1,1,1,47,8,998,1,18,PEUGEOT 107,7,E01034422,0,4
2024320361237,2024,320361237,1,9,0,-1,-1,5,1,0,0,8,0,0,0,0,2,1,-1,-1,1,40,7,998,1,15,PEUGEOT 107,3,E01026177,0,2
2024461527975,2024,461527975,1,9,0,-1,19,3,7,-1,0,0,0,0,0,0,1,1,-1,1,1,21,5,998,1,17,PEUGEOT 107,5,E01024520,0,1
2024010527640,2024,010527640,2,9,0,99,99,9,9,99,99,9,9,99,9,99,1,9,6,6,1,31,6,998,1,11,PEUGEOT 107,2,E01001460,0,1
2024010537658,2024,010537658,2,9,0,7,7,6,1,0,0,0,0,0,0,0,1,1,2,2,1,60,9,998,1,13,PEUGEOT 107,2,E01001051,0,1
2024041404548,2024,041404548,1,9,0,-1,19,6,2,-1,0,0,0,0,0,0,1,1,-1,2,2,32,6,998,1,12,PEUGEOT 107,3,E01025391,0,2
2024070910947,2024,070910947,2,9,0,-1,19,2,6,-1,0,8,1,0,7,3,4,1,-1,9,1,28,6,998,1,16,PEUGEOT 107,3,E01018464,0,3
202454C979724,2024,54C979724,1,9,0,18,19,5,1,0,0,1,0,0,0,0,1,1,2,2,2,52,8,998,1,15,PEUGEOT 107,3,E01031956,0,3
2024161497883,2024,161497883,1,9,0,-1,9,3,1,-1,0,8,9,0,0,0,4,1,-1,9,2,19,4,998,1,15,PEUGEOT 107,6,E01013039,0,3
2024311513736,2024,311513736,2,9,0,-1,19,1,5,-1,0,0,0,0,0,0,1,1,-1,6,3,35,6,998,1,15,PEUGEOT 107,-1,-1,0,-1
2024461405239,2024,461405239,2,9,0,-1,19,2,5,-1,0,1,0,0,0,0,1,1,-1,6,2,30,6,998,1,16,PEUGEOT 107,1,E01024049,0,4
2024520403225,2024,520403225,1,9,0,18,19,8,4,0,0,0,0,0,0,0,2,1,6,6,1,33,6,998,1,15,PEUGEOT 107,7,E01029019,0,1
2024101417995,2024,101417995,1,9,0,-1,19,5,1,-1,0,0,1,0,0,0,1,1,-1,6,1,20,4,998,1,15,PEUGEOT 107,1,E01008666,0,1
2024501492075,2024,501492075,1,9,0,-1,19,7,4,-1,0,1,0,0,1,4,1,1,-1,6,1,18,4,998,1,17,PEUGEOT 107,9,E01020270,0,3
2024471495487,2024,471495487,1,9,0,-1,9,5,7,-1,0,8,0,0,0,0,3,1,-1,9,2,43,7,998,1,12,PEUGEOT 107,8,E01021095,0,1
2024061514610,2024,061514610,2,9,0,-1,19,4,7,-1,0,8,1,0,0,0,1,1,-1,9,2,40,7,998,1,17,PEUGEOT 107,6,E01019732,0,1
2024101475714,2024,101475714,1,9,0,-1,5,7,3,-1,0,6,0,0,0,0,1,1,-1,6,2,20,4,998,1,18,PEUGEOT 107,1,E01027412,0,1
2024201438851,2024,201438851,1,9,0,-1,19,5,1,-1,0,4,0,0,0,0,1,9,-1,6,1,41,7,998,1,13,PEUGEOT 107,2,E01008953,0,3
2024031530541,2024,031530541,1,9,0,-1,19,3,7,-1,0,0,0,0,0,0,1,1,-1,9,1,52,8,998,1,18,PEUGEOT 107,2,E01035162,0,5
2024501410132,2024,501410132,1,9,0,-1,7,5,1,-1,0,1,0,0,0,0,1,9,-1,6,1,44,7,998,1,16,PEUGEOT 107,2,E01015075,0,1
2024211510117,2024,211510117,3,9,0,-1,4,1,3,-1,0,0,0,0,0,0,1,1,-1,2,1,27,6,998,1,11,PEUGEOT 107,3,E01005115,0,4
2024471469969,2024,471469969,1,9,0,-1,19,5,1,-1,0,0,2,0,0,0,1,1,-1,9,1,18,4,998,1,14,PEUGEOT 107,5,E01034300,0,3