collision_index,collision_year,collision_ref_no,vehicle_reference,vehicle_type,towing_and_articulation,vehicle_manoeuvre_historic,vehicle_manoeuvre,vehicle_direction_from,vehicle_direction_to,vehicle_location_restricted_lane_historic,vehicle_location_restricted_lane,junction_location,skidding_and_overturning,hit_object_in_carriageway,vehicle_leaving_carriageway,hit_object_off_carriageway,first_point_of_impact,vehicle_left_hand_drive,journey_purpose_of_driver_historic,journey_purpose_of_driver,sex_of_driver,age_of_driver,age_band_of_driver,engine_capacity_cc,propulsion_code,age_of_vehicle,generic_make_model,driver_imd_decile,lsoa_of_driver,escooter_flag,driver_distance_banding
2024221515407,2024,221515407,2,9,0,-1,19,5,8,-1,0,0,0,0,1,0,1,1,-1,6,1,52,8,998,1,17,PEUGEOT 107,5,E01014008,0,2
202417L109324,2024,17L109324,1,9,0,-1,19,2,6,-1,0,0,1,0,1,9,4,1,-1,9,1,18,4,998,1,16,PEUGEOT 107,3,E01012184,0,2
2024522401655,2024,522401655,1,9,0,12,12,8,5,0,0,3,0,0,0,0,2,1,6,6,2,54,8,998,1,16,PEUGEOT 107,2,E01014629,0,1
2024430437010,2024,430437010,2,9,0,3,3,6,2,0,0,1,0,0,0,0,2,1,6,6,2,26,6,998,1,11,PEUGEOT 107,9,E01018154,0,4
2024010518090,2024,010518090,1,9,0,99,99,9,9,99,99,9,9,99,9,99,9,9,6,6,3,-1,-1,998,1,12,PEUGEOT 107,4,E01000559,0,1
2024052400188,2024,052400188,2,9,0,2,2,0,0,0,0,0,0,0,0,0,2,1,6,6,3,-1,-1,998,1,16,PEUGEOT 107,-1,-1,0,-1
2024141463937,2024,141463937,1,9,0,-1,9,3,1,-1,0,1,0,0,0,0,1,1,-1,2,1,20,4,998,1,14,PEUGEOT 107,2,E01007843,0,3
2024211411378,2024,211411378,1,9,0,-1,4,4,7,-1,0,2,1,9,0,0,1,1,-1,6,2,18,4,998,1,16,PEUGEOT 107,7,E01029610,0,2
2024141491696,2024,141491696,2,9,0,-1,19,7,3,-1,0,8,0,0,0,0,4,1,-1,9,2,84,11,998,1,14,PEUGEOT 107,2,E01007517,0,2
2024231515287,2024,231515287,2,9,0,-1,10,6,4,-1,0,5,0,0,0,0,1,1,-1,6,2,29,6,998,1,16,PEUGEOT 107,2,E01031010,0,1
2024221447220,2024,221447220,1,9,0,-1,19,1,6,-1,0,0,2,0,7,10,1,9,-1,2,2,39,7,998,1,14,PEUGEOT 107,10,E01028845,0,1
2024231412391,2024,231412391,2,9,0,-1,10,5,3,-1,0,1,0,0,0,0,2,1,-1,9,2,19,4,998,1,11,PEUGEOT 107,2,E01031095,0,2
2024320640777,2024,320640777,2,9,0,2,2,0,0,0,0,0,0,0,0,0,1,1,6,6,3,-1,-1,998,1,15,PEUGEOT 107,-1,-1,0,-1
2024461510687,2024,461510687,1,9,0,-1,8,1,5,-1,0,4,0,0,0,0,1,9,-1,6,2,72,10,998,1,15,PEUGEOT 107,3,E01024715,0,3
2024451470482,2024,451470482,1,9,0,-1,19,6,1,-1,0,0,0,0,0,0,1,1,-1,9,1,23,5,998,1,12,PEUGEOT 107,3,E01022916,0,4
2024141528465,2024,141528465,2,9,0,-1,19,1,5,-1,0,0,0,0,0,0,3,1,-1,9,2,21,5,998,1,18,PEUGEOT 107,2,E01007414,0,2
2024010497560,2024,010497560,1,9,0,7,7,6,8,0,0,8,0,0,0,0,3,1,6,6,1,35,6,998,1,14,PEUGEOT 107,3,E01002603,0,1
2024631522522,2024,631522522,1,9,0,-1,19,6,2,-1,0,0,1,0,0,0,3,1,-1,6,2,18,4,998,1,18,PEUGEOT 107,7,W01000497,0,3
2024451525630,2024,451525630,1,9,0,-1,4,3,7,-1,0,0,0,0,0,0,2,1,-1,6,2,74,10,998,1,15,PEUGEOT 107,8,E01030687,0,1
2024122400113,2024,122400113,3,9,0,18,19,5,1,0,0,1,0,0,0,0,2,1,6,6,2,25,5,998,1,12,PEUGEOT 107,8,E01026856,0,5
2024520401768,2024,520401768,2,9,0,7,7,7,1,0,0,8,0,0,0,0,2,1,6,6,2,34,6,998,1,10,PEUGEOT 107,2,E01029284,0,1
2024471401890,2024,471401890,1,9,0,-1,19,3,7,-1,0,0,0,0,0,0,1,1,-1,6,2,36,7,998,1,18,PEUGEOT 107,9,E01031772,0,1
2024221435908,2024,221435908,1,9,0,-1,19,8,4,-1,0,4,0,4,0,0,1,1,-1,6,1,17,4,998,1,18,PEUGEOT 107,4,E01028958,0,3
2024141445293,2024,141445293,1,9,0,-1,3,2,6,-1,0,0,0,0,0,0,2,1,-1,6,2,49,8,998,1,12,PEUGEOT 107,10,E01007826,0,2
2024461394957,2024,461394957,2,9,0,-1,4,7,3,-1,0,4,0,0,0,0,2,1,-1,6,1,66,10,998,1,14,PEUGEOT 107,9,E01024745,0,2
2024052402274,2024,052402274,1,9,0,18,19,1,5,0,0,1,0,0,0,0,1,1,6,6,2,18,4,998,1,17,PEUGEOT 107,3,E01007234,0,1
2024501506802,2024,501506802,2,9,0,-1,19,8,2,-1,0,0,0,0,0,0,1,1,-1,6,2,61,9,998,1,17,PEUGEOT 107,6,E01015246,0,1
2024471397957,2024,471397957,1,9,0,-1,19,3,7,-1,0,0,1,0,1,4,1,1,-1,6,1,20,4,998,1,18,PEUGEOT 107,8,E01021107,0,2
2024361459619,2024,361459619,2,9,0,-1,19,7,3,-1,0,7,0,0,0,0,1,1,-1,6,2,34,6,998,1,17,PEUGEOT 107,5,E01026845,0,2
2024552400267,2024,552400267,1,9,0,18,19,6,2,0,0,8,0,0,7,1,3,1,2,2,1,20,4,998,1,17,PEUGEOT 107,6,E01020398,0,1
2024041409610,2024,041409610,1,9,0,-1,19,1,7,-1,0,0,5,0,1,0,1,1,-1,9,1,18,4,998,1,15,PEUGEOT 107,3,E01024926,0,2
2024631442077,2024,631442077,2,9,0,-1,19,8,4,-1,0,8,0,0,0,0,4,1,-1,6,2,25,5,998,1,14,PEUGEOT 107,5,W01000509,0,4
2024010504959,2024,010504959,1,9,0,18,19,7,3,0,0,8,0,0,0,0,3,1,6,6,1,35,6,998,1,16,PEUGEOT 107,4,E01003530,0,1
2024111502849,2024,111502849,1,9,0,-1,19,7,3,-1,0,0,0,0,0,0,1,1,-1,1,2,19,4,998,1,15,PEUGEOT 107,1,E01008600,0,3
2024361445664,2024,361445664,1,9,0,-1,19,5,1,-1,0,0,0,0,0,0,-1,1,-1,9,1,20,4,998,1,12,PEUGEOT 107,7,E01026515,0,2
2024041428481,2024,041428481,2,9,0,-1,2,5,1,-1,0,1,0,4,0,0,2,1,-1,6,-1,-1,-1,998,1,11,PEUGEOT 107,-1,-1,0,-1
2024471536585,2024,471536585,1,9,0,-1,19,3,7,-1,0,8,0,0,0,0,1,1,-1,9,1,72,10,998,1,18,PEUGEOT 107,10,E01031804,0,1
2024440294984,2024,440294984,1,9,0,18,19,1,0,0,0,0,0,0,7,0,0,1,6,6,2,19,4,998,1,15,PEUGEOT 107,8,E01022472,0,1
2024351468673,2024,351468673,1,9,-1,-1,-1,-1,-1,-1,-1,0,-1,-1,-1,0,-1,9,-1,6,1,78,11,998,1,11,PEUGEOT 107,3,E01018073,0,1
2024430463726,2024,430463726,2,9,0,18,19,6,2,0,0,8,0,0,0,0,1,1,6,6,1,64,9,998,1,13,PEUGEOT 107,-1,-1,0,-1
2024221439216,2024,221439216,1,9,0,-1,19,8,6,-1,0,0,1,10,1,9,1,1,-1,9,1,18,4,998,1,19,PEUGEOT 107,3,E01032194,0,1
2024501394432,2024,501394432,1,9,0,-1,14,1,5,-1,0,0,0,0,0,0,1,1,-1,9,2,17,4,998,1,14,PEUGEOT 107,6,E01015127,0,1
2024531533734,2024,531533734,1,9,0,-1,19,4,8,-1,0,0,1,0,0,0,4,1,-1,6,2,28,6,998,1,18,PEUGEOT 107,4,E01022240,0,1
2024440244008,2024,440244008,1,9,0,18,19,2,6,0,0,1,0,0,0,0,1,1,6,6,2,18,4,998,1,16,PEUGEOT 107,9,E01022494,0,1
2024211523469,2024,211523469,1,9,0,-1,19,1,5,-1,0,0,0,0,0,0,1,1,-1,6,1,35,6,998,1,19,PEUGEOT 107,-1,-1,0,-1
2024131526306,2024,131526306,1,9,0,-1,-1,-1,-1,-1,-1,-1,-1,-1,-1,-1,-1,1,-1,6,3,-1,-1,998,1,12,PEUGEOT 107,-1,-1,0,-1
2024461525519,2024,461525519,1,9,0,-1,19,3,7,-1,0,0,0,0,0,0,1,9,-1,6,1,-1,-1,998,1,19,PEUGEOT 107,7,E01024245,0,3
2024131419014,2024,131419014,5,9,0,-1,2,4,8,-1,0,8,0,0,0,0,0,1,-1,9,1,38,7,998,1,13,PEUGEOT 107,9,E01010642,0,1
2024501491536,2024,501491536,1,8,0,-1,19,6,2,-1,0,0,0,0,0,0,1,1,-1,9,1,19,4,998,1,15,PEUGEOT 107,4,E01019057,0,1
2024311435017,2024,311435017,1,9,0,-1,19,2,5,-1,0,0,0,0,0,0,1,1,-1,6,1,29,6,998,1,10,PEUGEOT 107,7,E01028015,0,1
2024471490987,2024,471490987,2,9,0,-1,13,2,6,-1,0,0,0,0,0,0,4,1,-1,6,2,17,4,998,1,11,PEUGEOT 107,10,E01021219,0,1
2024052400719,2024,052400719,1,9,0,9,9,1,7,0,0,0,0,0,0,0,1,1,6,6,1,-1,-1,998,1,16,PEUGEOT 107,-1,-1,0,-1
2024161427730,2024,161427730,1,9,0,-1,19,4,8,-1,0,0,0,0,1,4,1,1,-1,2,2,28,6,998,1,19,PEUGEOT 107,7,E01013101,0,1
2024471482827,2024,471482827,2,9,0,-1,19,1,5,-1,0,1,0,0,0,0,1,1,-1,2,1,51,8,998,1,15,PEUGEOT 107,9,E01024808,0,3
2024332401169,2024,332401169,1,9,0,-1,19,4,8,-1,0,8,0,0,0,0,3,1,-1,1,2,47,8,998,1,11,PEUGEOT 107,9,E01032601,0,1
2024430095147,2024,430095147,2,9,0,3,3,7,3,0,0,2,0,0,0,0,2,1,2,2,2,42,7,998,1,14,PEUGEOT 107,2,E01028520,0,1
2024531407730,2024,531407730,1,9,0,-1,7,4,8,-1,0,6,0,0,0,0,1,1,-1,9,2,17,4,998,1,11,PEUGEOT 107,9,E01022107,0,1
2024991471875,2024,991471875,2,9,0,-1,3,6,1,-1,0,1,0,7,0,0,2,2,-1,6,1,66,10,998,1,12,PEUGEOT 107,10,-1,0,1
2024461394046,2024,461394046,1,9,0,-1,19,1,1,-1,0,0,0,0,0,0,1,1,-1,6,1,46,8,998,1,17,PEUGEOT 107,4,E01016141,0,1
2024461488255,2024,461488255,2,9,0,-1,2,6,6,-1,0,0,0,0,0,0,4,1,-1,6,2,32,6,998,1,12,PEUGEOT 107,1,E01024710,0,1
2024311520688,2024,311520688,1,9,0,-1,19,8,4,-1,0,0,2,0,1,0,4,1,-1,6,2,32,6,998,1,12,PEUGEOT 107,7,E01028023,0,3
2024520402587,2024,520402587,1,9,0,16,19,6,2,0,0,0,1,0,1,4,1,1,6,6,1,18,4,998,1,13,PEUGEOT 107,8,E01020051,0,4
2024461466979,2024,461466979,2,9,0,-1,19,3,7,-1,0,0,0,0,0,0,1,1,-1,9,1,27,6,998,1,17,PEUGEOT 107,2,E01023973,0,1
2024461473272,2024,461473272,1,9,0,-1,11,-1,-1,-1,0,0,0,0,0,0,1,9,-1,6,2,20,4,998,1,10,PEUGEOT 107,6,E01024680,0,4
2024320403803,2024,320403803,2,9,0,9,9,8,6,0,0,5,0,0,0,0,2,1,6,6,2,39,7,998,1,16,PEUGEOT 107,9,E01026370,0,1
2024311447705,2024,311447705,1,9,0,-1,5,1,5,-1,0,1,0,0,0,0,1,1,-1,6,1,22,5,998,1,16,PEUGEOT 107,8,E01028179,0,3
2024131474591,2024,131474591,1,9,0,-1,19,7,3,-1,0,0,0,0,1,0,1,1,-1,6,2,41,7,998,1,18,PEUGEOT 107,3,E01010914,0,1
2024552400512,2024,552400512,1,9,0,16,19,8,3,0,0,0,1,0,7,10,1,1,6,6,1,48,8,998,1,12,PEUGEOT 107,7,E01020540,0,1
2024501426283,2024,501426283,1,9,0,-1,5,5,5,-1,0,0,0,5,0,0,1,2,-1,6,2,17,4,998,1,14,PEUGEOT 107,9,E01020257,0,1
2024411436975,2024,411436975,1,9,0,-1,7,5,7,-1,0,6,0,0,0,0,3,1,-1,6,2,37,7,998,1,15,PEUGEOT 107,8,E01023709,0,1
2024320234534,2024,320234534,2,9,0,-1,-1,4,8,0,0,8,0,0,0,0,4,1,-1,-1,2,48,8,998,1,13,PEUGEOT 107,4,E01026271,0,1
2024201512926,2024,201512926,1,9,0,-1,19,2,6,-1,0,6,0,0,0,0,1,1,-1,6,2,20,4,998,1,18,PEUGEOT 107,1,E01009718,0,1
2024211490199,2024,211490199,2,9,0,-1,2,0,0,-1,0,0,0,0,0,0,3,1,-1,6,-1,-1,-1,998,1,11,PEUGEOT 107,-1,-1,0,-1
2024010545051,2024,010545051,2,9,0,4,4,7,3,0,0,8,0,0,0,0,2,1,6,6,1,26,6,998,1,13,PEUGEOT 107,3,E01000622,0,1
2024231527339,2024,231527339,1,9,0,-1,19,6,2,-1,0,8,0,0,0,0,3,9,-1,6,1,17,4,998,1,18,PEUGEOT 107,3,E01031094,0,1
2024471412099,2024,471412099,1,9,0,-1,19,3,7,-1,0,0,0,0,0,0,2,1,-1,2,2,21,5,998,1,14,PEUGEOT 107,7,E01031541,0,2
2024141441387,2024,141441387,2,9,0,-1,19,4,8,-1,0,2,2,0,0,0,4,9,-1,6,2,28,6,998,1,18,PEUGEOT 107,2,E01007849,0,2
2024221522195,2024,221522195,2,9,0,-1,19,6,2,-1,0,0,1,0,0,0,1,1,-1,2,2,56,9,998,1,12,PEUGEOT 107,3,E01022245,0,2
2024010527619,2024,010527619,1,9,0,5,5,2,6,0,0,1,1,0,0,0,1,1,6,6,1,37,7,998,1,17,PEUGEOT 107,9,E01032713,0,5
2024501488378,2024,501488378,1,9,0,-1,19,8,4,-1,0,0,1,0,0,0,1,1,-1,2,1,62,9,998,1,14,PEUGEOT 107,8,E01019921,0,2
2024061474918,2024,061474918,1,9,0,-1,19,-1,-1,-1,0,2,0,0,1,0,3,1,-1,9,2,31,6,998,1,10,PEUGEOT 107,9,E01005736,0,1
2024031517592,2024,031517592,2,9,0,-1,19,5,1,-1,0,0,0,0,0,0,3,1,-1,6,2,18,4,998,1,18,PEUGEOT 107,-1,-1,0,-1
2024531479434,2024,531479434,1,9,0,-1,19,7,3,-1,0,0,0,0,1,0,1,1,-1,6,2,31,6,998,1,18,PEUGEOT 107,9,E01022185,0,1
2024201500993,2024,201500993,2,9,0,-1,9,2,8,-1,0,5,0,0,0,0,4,9,-1,6,1,19,4,998,1,14,PEUGEOT 107,1,E01008979,0,1
2024531405297,2024,531405297,1,9,0,-1,19,5,1,-1,0,0,0,0,0,0,1,1,-1,9,2,85,11,998,1,13,PEUGEOT 107,6,E01022271,0,3
2024201507423,2024,201507423,1,9,0,-1,19,2,6,-1,0,8,0,0,0,0,1,9,-1,6,2,21,5,998,1,18,PEUGEOT 107,-1,-1,0,-1
2024451530197,2024,451530197,1,9,0,-1,19,1,1,-1,0,2,0,0,0,0,1,1,-1,9,1,17,4,998,1,15,PEUGEOT 107,9,E01031723,0,1
2024411498138,2024,411498138,1,9,-1,-1,-1,-1,-1,-1,-1,-1,-1,-1,-1,0,-1,9,-1,6,1,45,7,998,1,11,PEUGEOT 107,5,E01023546,0,1
2024131475023,2024,131475023,2,9,0,-1,19,6,2,-1,0,8,0,0,0,0,1,1,-1,2,1,65,9,998,1,15,PEUGEOT 107,6,E01011879,0,2
2024361404029,2024,361404029,2,9,0,-1,11,1,5,-1,0,3,0,0,0,0,2,9,-1,9,2,18,4,998,1,17,PEUGEOT 107,7,E01026723,0,1
2024440225692,2024,440225692,1,9,0,7,7,6,2,0,0,1,0,0,0,0,1,1,6,6,2,19,4,998,1,15,PEUGEOT 107,10,E01023096,0,3
2024141413078,2024,141413078,1,9,0,-1,19,5,1,-1,0,2,0,0,0,0,1,1,-1,6,2,21,5,998,1,16,PEUGEOT 107,9,E01008159,0,1
2024546295624,2024,546295624,1,9,0,18,19,5,1,0,0,0,0,0,0,0,3,1,6,6,1,31,6,998,1,11,PEUGEOT 107,1,E01015573,0,3
2024471430237,2024,471430237,1,9,0,-1,19,8,4,-1,0,0,1,0,0,0,1,1,-1,6,1,19,4,998,1,13,PEUGEOT 107,6,E01035334,0,1
2024440319190,2024,440319190,1,9,0,9,9,7,3,0,0,1,0,0,0,0,3,1,6,6,1,60,9,998,1,10,PEUGEOT 107,7,E01022812,0,1
2024471445440,2024,471445440,1,9,0,-1,5,5,7,-1,0,8,0,0,0,0,1,1,-1,9,2,26,6,998,1,17,PEUGEOT 107,4,E01020947,0,1
2024461422237,2024,461422237,1,9,0,-1,15,2,6,-1,0,1,0,4,1,1,1,1,-1,6,1,28,6,998,1,10,PEUGEOT 107,9,E01024044,0,4
2024010502588,2024,010502588,1,9,0,99,99,9,9,99,99,9,9,99,9,99,2,9,6,6,3,38,7,998,1,17,PEUGEOT 107,2,E01002041,0,1
2024501464081,2024,501464081,1,9,0,-1,19,7,3,-1,0,2,0,0,0,0,1,1,-1,6,2,75,10,998,1,10,PEUGEOT 107,9,E01020215,0,1
2024552401490,2024,552401490,2,9,0,18,19,4,8,0,0,8,0,0,0,0,1,1,6,6,1,74,10,998,1,11,PEUGEOT 107,5,E01015296,0,1
2024231525010,2024,231525010,1,9,0,-1,19,3,7,-1,0,8,0,4,0,0,1,1,-1,9,2,76,11,998,1,14,PEUGEOT 107,7,E01031206,0,1
2024161401007,2024,161401007,2,9,0,-1,5,7,3,-1,0,1,0,0,0,0,3,1,-1,9,2,18,4,998,1,12,PEUGEOT 107,7,E01013026,0,3
2024522401107,2024,522401107,1,9,0,4,4,1,3,0,0,0,0,0,0,0,2,1,6,6,1,53,8,998,1,13,PEUGEOT 107,3,E01014815,0,2
2024421421098,2024,421421098,2,9,0,-1,19,5,1,-1,0,8,0,0,0,0,1,1,-1,9,2,38,7,998,1,14,PEUGEOT 107,10,E01021736,0,1
2024461461190,2024,461461190,1,9,0,-1,3,3,7,-1,0,4,0,0,0,0,1,9,-1,6,1,33,6,998,1,17,PEUGEOT 107,1,E01024507,0,1
2024411445093,2024,411445093,1,9,0,-1,5,7,3,-1,0,0,0,0,0,0,3,1,-1,6,1,27,6,998,1,17,PEUGEOT 107,6,E01023863,0,1
2024471509982,2024,471509982,1,9,0,-1,15,5,1,-1,0,0,0,0,0,0,4,1,-1,1,3,-1,-1,998,1,11,PEUGEOT 107,6,E01031567,0,1
2024041510157,2024,041510157,1,9,0,-1,15,1,1,-1,0,0,0,0,0,0,4,1,-1,9,2,18,4,998,1,11,PEUGEOT 107,9,E01025257,0,1
2024010545861,2024,010545861,1,9,0,99,99,9,9,99,99,9,9,99,9,99,9,9,6,6,3,34,6,998,1,18,PEUGEOT 107,-1,-1,0,-1
2024451483997,2024,451483997,1,9,0,-1,19,3,7,-1,0,0,2,11,2,4,1,1,-1,9,1,19,4,998,1,17,PEUGEOT 107,8,E01030564,0,1
2024201519339,2024,201519339,3,9,0,-1,2,0,0,-1,0,0,0,0,0,0,2,9,-1,9,2,22,5,998,1,15,PEUGEOT 107,10,E01030297,0,5
2024131478461,2024,131478461,2,9,0,-1,4,3,7,-1,0,0,0,0,0,0,1,1,-1,9,2,19,4,998,1,12,PEUGEOT 107,5,E01010870,0,2
202460Q025289,2024,60Q025289,2,9,0,18,19,2,6,0,0,2,0,0,0,0,2,1,6,6,2,54,8,998,1,11,PEUGEOT 107,-1,-1,0,-1
2024010524598,2024,010524598,2,9,0,4,4,1,5,0,0,1,0,0,0,0,2,1,6,6,2,57,9,998,1,11,PEUGEOT 107,4,E01000312,0,3
2024501523777,2024,501523777,1,9,0,-1,19,3,7,-1,0,8,1,0,3,11,1,1,-1,9,1,18,4,998,1,13,PEUGEOT 107,3,E01019069,0,1
2024101426374,2024,101426374,1,9,0,-1,5,7,3,-1,9,0,1,0,1,11,1,1,-1,9,2,88,11,998,1,12,PEUGEOT 107,-1,-1,0,-1
2024631529235,2024,631529235,2,9,0,-1,4,6,1,-1,0,8,0,0,0,0,2,1,-1,6,1,59,9,998,1,12,PEUGEOT 107,5,W01000697,0,1
2024070552725,2024,070552725,1,9,0,13,13,3,7,0,0,8,0,0,0,0,0,1,6,6,1,18,4,998,1,11,PEUGEOT 107,8,E01018493,0,4
2024061429361,2024,061429361,1,9,0,-1,9,8,6,-1,0,8,0,0,0,0,4,1,-1,9,2,19,4,998,1,15,PEUGEOT 107,8,E01025602,0,4
2024201458947,2024,201458947,2,9,0,-1,19,7,3,-1,0,1,0,0,0,0,2,1,-1,6,1,24,5,998,1,12,PEUGEOT 107,1,E01009059,0,1
2024201465672,2024,201465672,1,9,0,-1,1,1,5,-1,0,1,0,0,0,0,0,9,-1,6,1,30,6,998,1,11,PEUGEOT 107,2,E01010343,0,1
202454A224424,2024,54A224424,2,9,0,16,19,2,6,0,0,0,0,0,0,0,0,1,6,6,1,17,4,998,1,14,PEUGEOT 107,4,E01031895,0,2
2024010497258,2024,010497258,1,9,0,10,10,6,4,0,0,1,0,0,0,0,1,1,6,6,2,36,7,998,1,10,PEUGEOT 107,3,E01003235,0,1
2024201506319,2024,201506319,1,9,0,-1,5,4,8,-1,0,1,0,0,0,0,1,1,-1,1,1,30,6,998,1,10,PEUGEOT 107,10,E01032885,0,2
2024361521491,2024,361521491,2,9,0,-1,19,3,7,-1,0,1,0,0,0,0,1,1,-1,6,1,62,9,998,1,16,PEUGEOT 107,4,E01026765,0,2
2024010514050,2024,010514050,2,9,0,99,99,9,9,99,99,9,9,99,9,99,9,9,6,6,3,96,11,998,1,16,PEUGEOT 107,9,E01002152,0,1
2024552401351,2024,552401351,2,9,0,5,5,8,4,0,0,0,0,0,0,0,3,1,6,6,2,24,5,998,1,15,PEUGEOT 107,10,E01020560,0,1
2024471419602,2024,471419602,1,9,0,-1,19,1,4,-1,0,8,0,0,0,0,4,9,-1,6,1,47,8,998,1,15,PEUGEOT 107,7,E01016883,0,1
2024010550317,2024,010550317,1,9,0,18,19,1,5,0,0,1,0,0,0,0,1,1,6,6,1,23,5,998,1,18,PEUGEOT 107,3,E01001516,0,1
2024061506400,2024,061506400,1,9,0,-1,19,6,1,-1,0,1,0,0,0,0,1,1,-1,6,2,19,4,998,1,11,PEUGEOT 107,2,E01004929,0,1
2024041499020,2024,041499020,3,9,0,-1,9,5,3,-1,0,1,0,0,0,0,2,1,-1,9,2,54,8,998,1,12,PEUGEOT 107,1,E01012751,0,1
2024122401303,2024,122401303,1,9,0,18,19,1,5,0,0,0,2,0,7,10,1,1,4,7,2,17,4,998,1,16,PEUGEOT 107,7,E01027601,0,1
2024520401537,2024,520401537,1,9,0,7,7,2,4,0,0,8,0,0,0,0,1,1,6,6,2,33,6,998,1,14,PEUGEOT 107,1,E01029132,0,1
2024131410388,2024,131410388,1,9,0,-1,7,7,7,-1,0,1,0,0,0,0,1,1,-1,9,1,65,9,998,1,16,PEUGEOT 107,6,E01010883,0,1
2024631412967,2024,631412967,2,9,0,-1,19,5,8,-1,0,0,0,0,0,0,1,1,-1,2,2,58,9,998,1,11,PEUGEOT 107,3,W01000633,0,2
2024302401489,2024,302401489,2,9,0,18,19,2,6,0,0,8,0,0,0,0,4,1,1,1,1,55,8,998,1,15,PEUGEOT 107,2,E01007982,0,3
2024520402043,2024,520402043,1,9,0,18,19,7,3,0,0,0,0,0,0,0,4,1,6,6,2,64,9,998,1,14,PEUGEOT 107,5,E01029305,0,1
2024141408370,2024,141408370,1,9,0,-1,3,4,6,-1,0,4,0,0,0,0,2,1,-1,9,2,26,6,998,1,16,PEUGEOT 107,2,E01007815,0,1
2024421442875,2024,421442875,1,9,0,-1,4,3,7,-1,0,0,1,0,0,0,3,1,-1,9,1,71,10,998,1,15,PEUGEOT 107,6,E01021419,0,1
202417H107624,2024,17H107624,2,9,0,-1,19,1,5,-1,0,0,0,0,0,0,1,1,-1,2,2,19,4,998,1,15,PEUGEOT 107,-1,-1,0,-1
2024471495526,2024,471495526,1,9,0,-1,19,1,5,-1,0,0,1,0,2,11,4,1,-1,9,2,74,10,998,1,14,PEUGEOT 107,10,E01035350,0,1
2024501477025,2024,501477025,1,9,0,-1,5,8,4,-1,0,0,0,0,0,0,1,1,-1,9,1,22,5,998,1,16,PEUGEOT 107,7,E01020318,0,1
2024631438663,2024,631438663,1,9,0,-1,7,4,6,-1,0,6,0,0,0,0,1,1,-1,6,2,66,10,998,1,14,PEUGEOT 107,4,W01000516,0,1
2024440525314,2024,440525314,2,9,0,3,3,6,2,0,0,0,0,0,0,0,2,1,2,2,3,-1,-1,998,1,14,PEUGEOT 107,-1,-1,0,-1
2024231510023,2024,231510023,1,9,0,-1,19,8,4,-1,0,0,0,0,0,0,1,1,-1,6,2,79,11,998,1,16,PEUGEOT 107,8,E01028504,0,2
2024371531715,2024,371531715,2,9,0,-1,19,7,3,-1,0,8,0,0,0,0,1,1,-1,6,2,38,7,998,1,13,PEUGEOT 107,8,E01029925,0,1
2024302400220,2024,302400220,1,9,0,18,19,2,6,0,0,0,0,0,0,0,1,1,6,6,1,70,10,998,1,10,PEUGEOT 107,5,E01019715,0,2
2024522402546,2024,522402546,1,9,0,4,4,1,3,0,0,1,0,0,0,0,2,1,6,6,2,40,7,998,1,14,PEUGEOT 107,2,E01014799,0,1
2024201512651,2024,201512651,1,9,0,-1,19,6,2,-1,0,6,0,0,0,0,1,9,-1,6,2,45,7,998,1,13,PEUGEOT 107,1,E01009493,0,2
2024471480514,2024,471480514,1,9,0,-1,19,7,3,-1,0,1,0,0,0,0,1,1,-1,9,2,78,11,998,1,10,PEUGEOT 107,7,E01021061,0,1
2024421475905,2024,421475905,2,9,0,-1,19,5,1,-1,0,0,2,0,0,0,1,1,-1,9,1,24,5,998,1,12,PEUGEOT 107,7,E01015946,0,1
2024041471831,2024,041471831,1,9,0,-1,19,5,1,-1,0,0,0,0,0,0,1,1,-1,2,2,21,5,998,1,12,PEUGEOT 107,7,E01025033,0,1
2024231464726,2024,231464726,1,9,0,-1,9,2,7,-1,0,5,0,0,0,0,1,1,-1,9,2,31,6,998,1,14,PEUGEOT 107,7,E01023116,0,5
2024141400944,2024,141400944,1,9,0,-1,19,5,1,-1,0,1,5,0,0,0,4,1,-1,9,1,79,11,998,1,16,PEUGEOT 107,8,E01007428,0,1
2024471397595,2024,471397595,2,9,0,-1,3,3,7,-1,0,0,0,0,0,0,2,1,-1,2,1,19,4,998,1,16,PEUGEOT 107,6,E01031798,0,1
2024332400085,2024,332400085,1,9,0,-1,9,5,3,-1,0,5,0,0,0,0,1,1,-1,2,1,53,8,998,1,14,PEUGEOT 107,7,E01025743,0,4
2024440257045,2024,440257045,2,9,0,18,19,3,7,0,0,0,0,0,0,0,1,1,6,6,2,20,4,998,1,13,PEUGEOT 107,10,E01022608,0,1
2024471529461,2024,471529461,1,9,0,-1,19,5,1,-1,0,8,0,0,0,0,1,1,-1,2,1,22,5,998,1,17,PEUGEOT 107,8,E01031781,0,3
2024371459689,2024,371459689,2,9,0,-1,2,0,0,-1,0,2,0,0,0,0,4,1,-1,6,-1,-1,-1,998,1,16,PEUGEOT 107,-1,-1,0,-1
2024361436561,2024,361436561,1,9,0,-1,19,1,5,-1,0,0,5,11,1,0,1,2,-1,9,1,17,4,998,1,15,PEUGEOT 107,7,E01026436,0,1