collision_index,collision_year,collision_ref_no,vehicle_reference,vehicle_type,towing_and_articulation,vehicle_manoeuvre_historic,vehicle_manoeuvre,vehicle_direction_from,vehicle_direction_to,vehicle_location_restricted_lane_historic,vehicle_location_restricted_lane,junction_location,skidding_and_overturning,hit_object_in_carriageway,vehicle_leaving_carriageway,hit_object_off_carriageway,first_point_of_impact,vehicle_left_hand_drive,journey_purpose_of_driver_historic,journey_purpose_of_driver,sex_of_driver,age_of_driver,age_band_of_driver,engine_capacity_cc,propulsion_code,age_of_vehicle,generic_make_model,driver_imd_decile,lsoa_of_driver,escooter_flag,driver_distance_banding
2024631416601,2024,631416601,1,9,0,-1,19,2,7,-1,0,0,1,0,7,10,3,1,-1,9,1,18,4,998,1,11,PEUGEOT 107,7,W01000735,0,4
2024311467911,2024,311467911,1,9,0,-1,5,1,1,-1,0,6,0,0,0,0,3,1,-1,9,1,21,5,998,1,17,PEUGEOT 107,-1,-1,0,-1
2024141495534,2024,141495534,2,9,0,-1,5,2,4,-1,0,8,0,0,0,0,4,1,-1,6,2,54,8,998,1,15,PEUGEOT 107,8,E01034241,0,1
2024052402564,2024,052402564,1,9,0,18,19,1,5,0,0,0,0,0,0,0,1,1,6,6,1,29,6,998,1,13,PEUGEOT 107,3,E01007114,0,2
2024522403143,2024,522403143,1,9,0,11,11,8,4,7,6,0,0,0,0,0,1,1,6,6,1,84,11,998,1,10,PEUGEOT 107,9,E01014396,0,2
2024010499900,2024,010499900,1,9,0,18,19,1,5,0,0,8,0,0,0,0,1,1,2,2,2,21,5,998,1,14,PEUGEOT 107,9,E01003362,0,1
2024101473599,2024,101473599,2,9,0,-1,13,6,2,-1,0,1,0,0,0,0,4,1,-1,2,1,28,6,998,1,15,PEUGEOT 107,-1,-1,0,-1
2024332400520,2024,332400520,1,9,0,-1,4,3,7,-1,0,0,0,0,0,0,1,1,-1,9,2,32,6,998,1,12,PEUGEOT 107,3,E01004251,0,5
2024631503660,2024,631503660,1,9,0,-1,19,6,2,-1,0,0,1,0,1,9,1,2,-1,1,2,34,6,998,1,17,PEUGEOT 107,7,E01028915,0,2
2024440065265,2024,440065265,1,9,0,18,19,8,4,0,0,0,0,0,0,0,1,1,6,6,3,-1,-1,998,1,18,PEUGEOT 107,-1,-1,0,-1
2024461459280,2024,461459280,1,9,0,-1,19,5,3,-1,0,0,0,0,7,4,1,1,-1,6,2,19,4,998,1,15,PEUGEOT 107,7,E01024073,0,4
2024041468062,2024,041468062,2,9,0,-1,2,0,0,-1,0,0,0,4,0,0,2,1,-1,6,-1,-1,-1,998,1,14,PEUGEOT 107,-1,-1,0,-1
2024440247966,2024,440247966,1,9,0,5,5,2,6,0,0,5,0,0,0,0,3,1,6,6,1,51,8,998,1,15,PEUGEOT 107,10,E01022994,0,4
2024101395076,2024,101395076,1,9,0,-1,13,5,1,-1,0,0,1,0,7,0,1,1,-1,6,1,40,7,998,1,15,PEUGEOT 107,-1,-1,0,-1
2024041395473,2024,041395473,1,9,0,-1,19,7,3,-1,0,0,0,0,0,0,1,1,-1,9,1,70,10,998,1,16,PEUGEOT 107,1,E01010713,0,4
2024361534110,2024,361534110,2,9,0,-1,19,7,3,-1,0,4,0,0,0,0,3,1,-1,9,2,58,9,998,1,18,PEUGEOT 107,6,E01026773,0,4
2024501498353,2024,501498353,3,9,0,-1,4,3,7,-1,0,1,0,0,0,0,1,1,-1,2,1,33,6,998,1,15,PEUGEOT 107,10,E01019909,0,3
2024461503750,2024,461503750,2,9,0,-1,19,1,5,-1,0,1,0,0,0,0,1,1,-1,2,1,22,5,998,1,11,PEUGEOT 107,5,E01024531,0,3
2024122400391,2024,122400391,2,9,0,18,19,3,7,0,0,8,0,0,0,0,3,1,2,2,2,24,5,998,1,19,PEUGEOT 107,5,E01027778,0,4
2024161397610,2024,161397610,1,9,0,-1,19,6,2,-1,0,0,0,0,9,0,1,9,-1,9,1,-1,-1,998,1,13,PEUGEOT 107,-1,-1,0,-1
2024461532550,2024,461532550,2,9,0,-1,19,7,3,-1,0,1,0,0,7,0,1,1,-1,2,1,18,4,998,1,16,PEUGEOT 107,6,E01034994,0,2
2024451518415,2024,451518415,2,9,0,-1,19,4,8,-1,0,0,0,0,0,0,3,1,-1,2,2,55,8,998,1,14,PEUGEOT 107,8,E01030875,0,1
2024340WN2802,2024,340WN2802,2,9,0,-1,19,3,7,-1,0,1,0,0,0,0,1,1,-1,9,1,19,4,998,1,15,PEUGEOT 107,10,E01027203,0,1
2024440271750,2024,440271750,1,9,0,9,9,7,1,0,0,5,0,0,0,0,1,1,6,6,2,56,9,998,1,12,PEUGEOT 107,10,E01016229,0,1
2024520002211,2024,520002211,1,9,0,9,9,9,9,0,0,8,0,0,0,0,3,1,6,6,2,19,4,998,1,16,PEUGEOT 107,6,E01014439,0,1
2024031398024,2024,031398024,1,9,0,-1,19,6,6,-1,0,4,0,0,0,0,1,1,-1,2,1,30,6,998,1,18,PEUGEOT 107,3,E01019171,0,1
2024010521914,2024,010521914,1,9,0,9,9,8,6,0,0,5,0,0,0,0,4,1,6,6,2,22,5,998,1,11,PEUGEOT 107,10,E01000002,0,2
2024531436129,2024,531436129,2,9,0,-1,12,6,2,-1,0,1,0,0,0,0,3,1,-1,6,1,25,5,998,1,18,PEUGEOT 107,3,E01022159,0,1
2024371423829,2024,371423829,1,9,0,-1,19,7,3,-1,0,0,0,0,0,0,1,1,-1,9,2,78,11,998,1,12,PEUGEOT 107,5,E01030146,0,1
2024041413429,2024,041413429,1,9,0,-1,19,6,2,-1,0,3,1,0,1,2,3,1,-1,9,1,67,10,998,1,14,PEUGEOT 107,7,E01034339,0,1
2024631434956,2024,631434956,1,9,0,-1,12,2,6,-1,0,0,0,0,1,10,1,1,-1,6,2,52,8,998,1,14,PEUGEOT 107,8,W01001897,0,3
2024010530138,2024,010530138,2,9,0,99,99,9,9,99,99,9,9,99,9,99,1,9,6,6,3,-1,-1,998,1,18,PEUGEOT 107,-1,-1,0,-1
2024131502894,2024,131502894,1,9,0,-1,-1,-1,-1,-1,-1,-1,-1,-1,-1,-1,-1,1,-1,6,3,-1,-1,998,1,15,PEUGEOT 107,-1,-1,0,-1
2024131517584,2024,131517584,2,9,0,-1,19,7,3,-1,0,8,0,0,1,11,1,1,-1,6,1,47,8,998,1,15,PEUGEOT 107,1,E01011624,0,1
2024332501255,2024,332501255,1,9,0,-1,19,2,7,-1,0,1,0,10,7,10,1,1,-1,6,2,55,8,998,1,12,PEUGEOT 107,8,E01025839,0,1
2024461397705,2024,461397705,2,9,0,-1,19,1,5,-1,0,1,1,0,0,0,3,9,-1,6,2,29,6,998,1,17,PEUGEOT 107,6,E01024457,0,1
2024231459848,2024,231459848,1,9,0,-1,9,1,7,-1,0,6,0,0,0,0,1,1,-1,6,1,33,6,998,1,18,PEUGEOT 107,10,E01031235,0,1
2024520500094,2024,520500094,2,8,0,3,3,7,3,0,0,0,0,0,0,0,1,1,6,6,1,37,7,1560,2,13,PEUGEOT MODEL MISSING,9,E01029315,0,3
2024501489440,2024,501489440,1,10,0,-1,2,8,4,-1,0,0,0,0,0,0,1,1,-1,1,1,50,8,-1,-1,-1,PEUGEOT MODEL MISSING,9,E01019968,0,1
2024101421300,2024,101421300,1,8,-1,-1,7,5,7,-1,0,0,0,0,0,0,4,9,-1,9,1,-1,-1,1560,2,14,PEUGEOT MODEL MISSING,2,E01008335,0,1
2024552401167,2024,552401167,1,19,0,18,19,2,6,0,0,0,0,0,0,0,4,1,6,6,1,67,10,-1,-1,-1,PEUGEOT MODEL MISSING,6,E01024592,0,5
2024421401478,2024,421401478,3,9,0,-1,3,5,1,-1,0,0,0,0,0,0,2,9,-1,6,3,-1,-1,1590,1,12,PEUGEOT MODEL MISSING,-1,-1,0,-1
2024631424623,2024,631424623,2,90,0,-1,9,3,1,-1,0,8,0,0,0,0,2,1,-1,1,1,60,9,2179,2,1,PEUGEOT MODEL MISSING,3,W01000657,0,4
2024332400469,2024,332400469,1,9,0,-1,19,7,3,-1,0,0,0,0,0,0,1,1,-1,6,1,30,6,1560,2,8,PEUGEOT MODEL MISSING,3,E01025844,0,2
2024010515902,2024,010515902,1,19,0,18,19,3,7,0,0,8,0,0,0,0,9,9,6,6,3,-1,-1,1997,2,5,PEUGEOT MODEL MISSING,-1,-1,0,-1
2024201440452,2024,201440452,2,9,0,-1,19,4,8,-1,0,8,0,0,0,0,3,1,-1,8,1,29,6,1500,2,3,PEUGEOT MODEL MISSING,-1,-1,0,-1
2024531499412,2024,531499412,2,90,0,-1,19,5,1,-1,0,0,0,0,0,0,1,9,-1,6,1,78,11,1997,2,6,PEUGEOT MODEL MISSING,10,E01022433,0,1
2024052401587,2024,052401587,1,8,0,18,19,5,1,0,0,0,0,0,1,11,1,1,1,1,1,54,8,1997,2,12,PEUGEOT MODEL MISSING,1,E01006567,0,1
2024501494040,2024,501494040,1,9,0,-1,3,4,6,-1,0,8,0,0,0,0,2,1,-1,9,1,54,8,1500,2,5,PEUGEOT MODEL MISSING,8,E01022660,0,5
2024520001563,2024,520001563,1,90,0,18,19,3,7,0,0,8,0,0,0,0,3,1,6,6,1,72,10,1997,2,5,PEUGEOT MODEL MISSING,5,E01014455,0,1
2024221515085,2024,221515085,1,90,0,-1,12,2,6,-1,0,0,0,0,0,0,1,9,-1,9,1,53,8,2200,2,4,PEUGEOT MODEL MISSING,9,E01025461,0,5
2024471527284,2024,471527284,2,8,0,-1,19,3,7,-1,0,1,0,0,0,0,3,1,-1,1,1,36,7,1560,2,12,PEUGEOT MODEL MISSING,8,E01016981,0,2
2024440405314,2024,440405314,2,9,0,18,19,2,6,0,0,0,0,0,0,0,1,1,1,1,2,48,8,-1,-1,-1,PEUGEOT MODEL MISSING,7,E01023125,0,1
2024131462390,2024,131462390,1,19,0,-1,19,6,2,-1,0,1,0,0,6,10,4,1,-1,9,1,43,7,1997,2,5,PEUGEOT MODEL MISSING,2,E01011868,0,3
2024440065699,2024,440065699,2,19,0,18,19,6,2,0,0,0,0,0,0,0,2,1,1,1,1,56,9,2198,2,9,PEUGEOT MODEL MISSING,9,E01034719,0,1
2024440210460,2024,440210460,1,9,0,18,19,5,1,0,0,0,0,0,1,4,1,1,6,6,2,24,5,1360,1,22,PEUGEOT MODEL MISSING,9,E01016324,0,3
2024411499079,2024,411499079,2,19,0,-1,19,6,2,-1,0,1,0,0,0,0,1,1,-1,6,1,-1,-1,1997,2,6,PEUGEOT MODEL MISSING,-1,-1,0,-1
2024520402033,2024,520402033,2,8,0,18,19,9,9,0,0,8,0,0,0,0,1,1,6,6,3,-1,-1,1560,2,13,PEUGEOT MODEL MISSING,-1,-1,0,-1
2024221433047,2024,221433047,1,9,0,-1,7,6,8,-1,0,5,0,0,7,11,1,1,-1,6,2,46,8,1560,2,12,PEUGEOT MODEL MISSING,1,E01025590,0,5
2024522402786,2024,522402786,2,2,0,18,19,7,3,2,2,8,0,0,0,0,3,1,6,6,2,34,6,125,1,15,PEUGEOT MODEL MISSING,2,E01014692,0,1
2024070284829,2024,070284829,2,9,0,18,19,3,8,0,0,8,0,0,0,0,3,1,6,6,2,50,8,1500,2,4,PEUGEOT MODEL MISSING,3,E01018347,0,1
2024101484288,2024,101484288,2,9,0,-1,20,0,0,-1,0,0,0,4,0,0,1,1,-1,6,1,43,7,1461,2,9,RENAULT CLIO,2,E01008663,0,1
2024010528657,2024,010528657,2,9,0,7,7,8,3,0,0,1,0,0,0,0,2,1,2,2,2,77,11,1149,1,12,RENAULT CLIO,8,E01001390,0,1
2024211416265,2024,211416265,1,9,0,-1,3,8,4,-1,0,0,0,0,0,0,1,9,-1,6,2,-1,-1,1149,1,12,RENAULT CLIO,-1,-1,0,-1
2024501466253,2024,501466253,1,9,0,-1,19,3,7,-1,0,1,1,0,1,11,1,1,-1,6,1,18,4,1461,2,15,RENAULT CLIO,-1,-1,0,-1
2024522402407,2024,522402407,1,9,0,3,3,8,4,0,0,1,0,0,0,0,2,1,6,6,2,37,7,898,1,5,RENAULT CLIO,1,E01014516,0,1
202460Q185162,2024,60Q185162,2,9,0,18,19,7,3,0,0,1,0,0,0,0,1,1,6,6,2,43,7,1461,2,20,RENAULT CLIO,-1,-1,0,-1
2024531434526,2024,531434526,1,9,0,-1,19,7,3,-1,0,6,0,0,7,9,1,1,-1,9,1,17,4,1149,1,17,RENAULT CLIO,7,E01033844,0,3
2024010550549,2024,010550549,1,9,0,99,99,9,9,99,99,9,9,99,9,99,2,9,6,6,2,46,8,1149,1,21,RENAULT CLIO,5,E01000337,0,1
2024211455404,2024,211455404,1,9,0,-1,7,6,6,-1,0,0,0,0,3,0,1,1,-1,9,2,19,4,1461,2,8,RENAULT CLIO,2,E01009969,0,4
2024122500384,2024,122500384,1,9,0,18,19,5,7,0,0,0,1,0,7,1,4,1,6,6,2,24,5,1390,1,18,RENAULT CLIO,7,E01027681,0,3
2024061463970,2024,061463970,1,9,0,-1,19,5,2,-1,0,6,0,0,0,0,1,1,-1,2,2,48,8,1461,2,9,RENAULT CLIO,2,E01005392,0,3
2024131530143,2024,131530143,1,9,0,-1,19,1,5,-1,0,0,0,0,0,0,1,1,-1,6,1,21,5,1149,1,17,RENAULT CLIO,4,E01011898,0,1
2024320044369,2024,320044369,2,9,0,-1,-1,2,6,6,6,0,0,0,0,0,3,1,-1,-1,2,23,5,1149,1,16,RENAULT CLIO,4,E01026016,0,1
2024231396714,2024,231396714,2,9,0,-1,3,4,8,-1,0,0,0,0,0,0,3,1,-1,9,2,25,5,899,1,11,RENAULT CLIO,6,E01009645,0,2
2024451492320,2024,451492320,1,9,0,-1,19,5,1,-1,0,0,0,0,0,0,1,1,-1,1,2,32,6,899,1,11,RENAULT CLIO,8,E01022607,0,4
2024010508167,2024,010508167,2,9,0,2,2,0,0,0,0,0,0,4,0,0,2,1,6,6,3,-1,-1,1149,1,14,RENAULT CLIO,-1,-1,0,-1
2024332401192,2024,332401192,1,9,0,-1,19,1,5,-1,0,8,0,0,0,0,4,1,-1,9,1,20,4,1149,1,13,RENAULT CLIO,8,E01026671,0,5
2024991489922,2024,991489922,1,9,0,-1,5,3,1,-1,0,5,0,0,1,0,4,1,-1,2,2,39,7,1149,1,6,RENAULT CLIO,3,-1,0,1
2024311537712,2024,311537712,5,9,0,-1,3,4,8,-1,0,0,0,0,0,0,2,1,-1,9,2,51,8,1149,1,14,RENAULT CLIO,4,E01007331,0,4
2024440173959,2024,440173959,1,9,0,18,19,1,5,0,0,8,0,0,0,0,4,1,6,6,2,17,4,899,1,11,RENAULT CLIO,9,E01035440,0,1
2024461450864,2024,461450864,3,9,0,-1,2,0,0,-1,0,2,0,0,0,0,2,1,-1,6,-1,-1,-1,1149,1,19,RENAULT CLIO,-1,-1,0,-1
2024201508171,2024,201508171,1,9,0,-1,7,2,4,-1,0,6,0,0,0,0,1,1,-1,2,2,51,8,1461,2,6,RENAULT CLIO,9,E01010116,0,2
2024122400253,2024,122400253,1,9,0,18,19,1,5,0,0,2,5,4,0,0,1,1,6,6,1,54,8,1149,1,21,RENAULT CLIO,10,E01027716,0,1
2024201506005,2024,201506005,1,9,0,-1,19,6,2,-1,0,0,0,0,0,0,1,1,-1,9,1,19,4,1390,1,18,RENAULT CLIO,1,E01010291,0,1
2024201455514,2024,201455514,1,9,0,-1,19,7,3,-1,0,8,0,0,0,0,1,1,-1,6,2,25,5,1461,2,11,RENAULT CLIO,2,E01010417,0,1
2024991397372,2024,991397372,1,9,0,-1,19,6,3,-1,0,2,1,0,1,9,4,1,-1,9,2,73,10,1149,1,13,RENAULT CLIO,4,-1,0,1
2024161454009,2024,161454009,1,9,0,-1,19,5,1,-1,0,4,0,0,0,0,3,2,-1,2,1,23,5,999,1,2,RENAULT CLIO,4,E01013213,0,1
2024041424010,2024,041424010,1,9,0,-1,19,5,1,-1,0,1,0,0,0,0,1,1,-1,9,1,34,6,1390,1,18,RENAULT CLIO,5,E01012706,0,1
2024991490779,2024,991490779,3,9,0,-1,4,7,3,-1,0,1,0,0,0,0,3,1,-1,6,1,57,9,1149,1,14,RENAULT CLIO,5,-1,0,2
2024041431810,2024,041431810,2,9,0,-1,19,1,5,-1,0,2,0,0,0,0,1,1,-1,9,2,28,6,1461,2,9,RENAULT CLIO,2,E01025124,0,1
2024041530238,2024,041530238,3,9,0,-1,2,0,0,-1,9,2,0,0,0,0,0,2,-1,6,-1,-1,-1,1149,1,14,RENAULT CLIO,-1,-1,0,-1
2024522403302,2024,522403302,2,9,0,9,9,1,6,0,0,4,0,0,0,0,3,1,6,6,2,78,11,1149,1,14,RENAULT CLIO,8,E01014847,0,1
2024340NN3082,2024,340NN3082,1,9,0,-1,9,1,7,-1,0,6,0,0,0,0,1,1,-1,9,1,49,8,898,1,5,RENAULT CLIO,9,E01026955,0,1
2024131413322,2024,131413322,3,9,0,-1,8,7,3,-1,0,8,0,0,0,0,1,1,-1,9,1,32,6,1149,1,14,RENAULT CLIO,3,E01010981,0,1
2024991508216,2024,991508216,2,9,0,-1,19,8,4,-1,0,0,0,0,1,0,1,1,-1,9,2,26,6,1598,1,14,RENAULT CLIO,3,-1,0,1
2024311525083,2024,311525083,2,9,0,-1,7,2,6,-1,0,1,0,0,0,0,1,1,-1,9,1,29,6,999,1,1,RENAULT CLIO,1,E01027956,0,1
2024440100099,2024,440100099,2,9,0,12,12,4,8,0,0,0,0,0,0,0,3,1,6,6,1,29,6,1149,1,17,RENAULT CLIO,5,E01017030,0,2
2024361437087,2024,361437087,1,9,0,-1,19,3,7,-1,0,1,0,0,0,0,1,1,-1,6,2,74,10,999,1,4,RENAULT CLIO,7,E01026910,0,4
2024340WN3392,2024,340WN3392,1,9,0,-1,19,7,3,-1,0,0,0,0,0,0,1,1,-1,9,1,45,7,1149,1,15,RENAULT CLIO,2,E01027243,0,1
2024371534204,2024,371534204,2,9,0,-1,19,1,5,-1,0,1,0,0,0,0,1,1,-1,9,1,35,6,899,1,11,RENAULT CLIO,8,E01030098,0,1
2024451455766,2024,451455766,1,9,0,-1,19,7,3,-1,0,0,0,0,0,0,3,1,-1,9,2,29,6,898,1,7,RENAULT CLIO,5,E01030600,0,1
2024522403416,2024,522403416,2,9,0,18,19,2,6,0,0,6,0,0,0,0,4,1,6,6,3,-1,-1,1149,1,12,RENAULT CLIO,-1,-1,0,-1
2024522500408,2024,522500408,2,9,0,1,1,5,1,0,0,0,0,0,0,0,2,1,6,6,3,-1,-1,1149,1,18,RENAULT CLIO,-1,-1,0,-1
2024461435336,2024,461435336,2,9,0,-1,10,5,1,-1,0,1,0,0,0,0,2,1,-1,9,2,34,6,999,1,4,RENAULT CLIO,5,E01024786,0,3
2024141544753,2024,141544753,1,9,0,-1,3,3,7,-1,0,0,0,0,0,0,2,1,-1,9,1,18,4,899,1,11,RENAULT CLIO,9,E01007603,0,2
2024421405663,2024,421405663,1,9,0,-1,19,7,3,-1,0,0,0,0,0,0,1,1,-1,2,1,26,6,1149,1,14,RENAULT CLIO,7,E01029902,0,3
2024451426229,2024,451426229,1,9,0,-1,19,3,7,-1,0,0,0,0,0,0,1,1,-1,6,2,62,9,898,1,8,RENAULT CLIO,8,E01030669,0,2
2024221405235,2024,221405235,1,9,0,-1,19,5,1,-1,0,0,0,4,0,0,1,9,-1,9,2,86,11,1149,1,19,RENAULT CLIO,5,E01028897,0,3
2024041490539,2024,041490539,5,9,0,-1,19,5,1,-1,0,0,0,0,0,0,2,1,-1,1,1,23,5,1149,1,10,RENAULT CLIO,1,E01034339,0,2
2024221461600,2024,221461600,1,9,0,-1,1,7,3,-1,0,0,0,0,0,0,4,1,-1,9,1,27,6,1461,2,14,RENAULT CLIO,2,E01014074,0,2
2024471479151,2024,471479151,1,9,0,-1,12,3,7,-1,0,1,0,0,0,0,1,1,-1,6,1,23,5,898,1,5,RENAULT CLIO,3,E01031553,0,4
2024010528681,2024,010528681,2,9,0,18,19,7,3,0,0,0,0,0,0,0,1,1,6,6,1,18,4,898,1,6,RENAULT CLIO,5,E01024421,0,2
2024501510578,2024,501510578,3,9,0,-1,2,0,0,-1,0,2,0,0,0,0,3,1,-1,6,-1,-1,-1,899,1,10,RENAULT CLIO,-1,-1,0,-1
2024131464267,2024,131464267,1,9,0,-1,19,1,5,-1,0,0,0,0,0,0,0,1,-1,9,2,18,4,1149,1,17,RENAULT CLIO,1,E01010653,0,1
2024401450318,2024,401450318,1,9,0,-1,19,3,7,-1,0,0,1,0,7,0,1,1,-1,6,1,24,5,1149,1,18,RENAULT CLIO,4,E01015798,0,2
2024401400360,2024,401400360,1,9,0,-1,9,7,1,-1,0,4,0,0,0,0,1,9,-1,6,1,21,5,1149,1,13,RENAULT CLIO,3,E01017499,0,1
2024231506928,2024,231506928,1,9,0,-1,19,8,4,-1,0,0,1,0,0,0,1,1,-1,6,2,19,4,1390,1,21,RENAULT CLIO,6,E01035022,0,1
2024549464224,2024,549464224,2,9,0,18,19,1,5,0,0,8,0,0,0,0,1,1,6,6,2,44,7,1149,1,12,RENAULT CLIO,7,E01015588,0,1
2024041502067,2024,041502067,1,9,0,-1,19,7,3,-1,0,1,0,11,0,0,3,1,-1,7,2,72,10,1149,1,15,RENAULT CLIO,3,E01025311,0,1
2024052402409,2024,052402409,2,9,0,18,19,7,3,0,0,6,0,0,0,0,3,1,6,6,2,34,6,999,1,3,RENAULT CLIO,8,E01006682,0,2
2024471403727,2024,471403727,2,9,0,-1,2,0,0,-1,0,0,0,0,0,0,4,1,-1,1,1,-1,-1,1461,2,11,RENAULT CLIO,10,E01031581,0,3
2024201443307,2024,201443307,1,9,0,-1,5,6,2,-1,0,0,0,0,0,0,1,9,-1,1,1,28,6,1149,1,16,RENAULT CLIO,1,E01009482,0,1
2024311520436,2024,311520436,2,9,0,-1,19,6,6,-1,0,1,0,0,0,0,1,1,-1,6,3,20,4,1598,8,0,RENAULT CLIO,-1,-1,0,-1
2024221411496,2024,221411496,1,9,0,-1,19,6,2,-1,0,0,0,0,0,0,1,1,-1,6,2,20,4,1149,1,7,RENAULT CLIO,5,E01028960,0,1
202417S103524,2024,17S103524,4,9,0,18,19,8,4,0,0,1,0,0,0,0,1,1,6,6,2,21,5,899,1,10,RENAULT CLIO,5,E01020695,0,3
2024430241206,2024,430241206,2,9,0,18,19,2,6,0,0,1,0,0,0,0,1,1,6,6,1,30,6,1461,2,15,RENAULT CLIO,-1,-1,0,-1
2024340NN3592,2024,340NN3592,1,9,0,-1,19,1,5,-1,0,0,0,4,0,0,1,1,-1,9,1,22,5,1461,2,15,RENAULT CLIO,9,E01027116,0,1
2024461420872,2024,461420872,3,9,0,-1,2,0,0,-1,0,0,0,0,0,0,1,1,-1,6,-1,-1,-1,1149,1,18,RENAULT CLIO,-1,-1,0,-1
2024131415956,2024,131415956,1,9,0,-1,19,7,3,-1,0,0,1,0,4,0,2,1,-1,6,1,22,5,1149,1,18,RENAULT CLIO,7,E01010647,0,1
2024201499763,2024,201499763,1,9,0,-1,5,2,7,-1,0,6,0,0,0,0,1,1,-1,7,2,31,6,899,1,10,RENAULT CLIO,1,E01034747,0,1
2024070312408,2024,070312408,1,9,0,18,19,3,7,0,0,1,0,0,0,0,1,1,2,2,1,19,4,898,1,7,RENAULT CLIO,9,E01012555,0,1
2024501500830,2024,501500830,1,9,0,-1,7,2,6,-1,0,1,1,0,0,0,1,1,-1,9,1,19,4,1461,2,12,RENAULT CLIO,6,E01018834,0,1
2024211521879,2024,211521879,1,9,0,-1,19,7,3,-1,0,6,0,0,0,0,1,1,-1,9,2,33,6,999,1,0,RENAULT CLIO,5,E01029756,0,3
2024201421247,2024,201421247,1,9,0,-1,19,6,2,-1,0,1,1,0,0,0,1,1,-1,2,1,37,7,1461,2,15,RENAULT CLIO,5,E01009135,0,1
2024031511072,2024,031511072,1,9,0,-1,19,7,3,-1,0,0,0,0,0,0,3,1,-1,6,2,59,9,1149,1,13,RENAULT CLIO,6,E01019239,0,2
2024461489051,2024,461489051,2,9,0,-1,19,1,5,-1,0,0,0,0,0,0,1,1,-1,2,2,19,4,1149,1,18,RENAULT CLIO,2,E01023976,0,1
2024371468174,2024,371468174,1,9,0,-1,19,7,3,-1,0,4,0,0,0,0,0,1,-1,9,2,39,7,999,1,4,RENAULT CLIO,2,E01030289,0,1
2024302400464,2024,302400464,2,9,0,2,2,0,0,0,0,2,0,0,0,0,3,1,6,6,3,-1,-1,1149,1,8,RENAULT CLIO,-1,-1,0,-1
2024041437519,2024,041437519,1,9,0,-1,19,3,7,-1,0,0,1,0,0,0,1,1,-1,9,1,18,4,898,1,7,RENAULT CLIO,5,E01024928,0,1
2024440566590,2024,440566590,1,9,0,18,19,1,5,0,0,0,0,0,0,0,3,1,2,2,1,23,5,1149,1,17,RENAULT CLIO,10,E01022661,0,2
2024070642685,2024,070642685,1,9,0,18,19,6,2,0,0,0,0,0,0,0,4,1,2,2,1,19,4,1149,1,19,RENAULT CLIO,2,E01018477,0,1
2024302401351,2024,302401351,1,9,0,18,19,3,7,0,0,0,0,0,1,10,1,1,6,6,2,33,6,1390,1,17,RENAULT CLIO,9,E01019627,0,1
2024501478797,2024,501478797,1,9,0,-1,1,2,6,-1,0,0,0,0,7,1,2,1,-1,9,1,78,11,1461,2,10,RENAULT CLIO,2,E01020014,0,1
2024201400592,2024,201400592,2,9,0,-1,2,0,0,-1,0,8,0,0,0,0,3,1,-1,6,2,51,8,1461,2,6,RENAULT CLIO,10,E01029665,0,1
2024041503410,2024,041503410,3,9,0,-1,19,3,7,-1,0,0,0,0,0,0,2,1,-1,2,2,28,6,1598,8,0,RENAULT CLIO,1,E01012603,0,1
2024231400907,2024,231400907,1,9,0,-1,9,2,8,-1,0,6,0,0,0,0,1,1,-1,2,1,55,8,899,1,11,RENAULT CLIO,9,E01009543,0,2
2024010501167,2024,010501167,2,9,0,18,19,5,1,0,0,8,0,7,0,0,1,1,2,2,2,40,7,898,1,6,RENAULT CLIO,-1,-1,0,-1
2024371438105,2024,371438105,1,9,0,-1,19,5,2,-1,0,0,0,0,7,0,1,1,-1,6,1,21,5,1149,1,17,RENAULT CLIO,5,E01030106,0,1
2024552400164,2024,552400164,1,9,0,7,7,7,2,0,0,4,0,0,1,0,1,1,6,6,1,23,5,1149,1,13,RENAULT CLIO,5,E01015331,0,1
2024991464620,2024,991464620,1,9,0,-1,19,2,6,-1,0,0,5,0,0,0,1,1,-1,9,1,71,10,1149,1,14,RENAULT CLIO,1,-1,0,1
2024332401187,2024,332401187,1,9,0,-1,9,3,8,-1,0,6,0,0,0,0,3,1,-1,6,2,57,9,898,1,5,RENAULT CLIO,6,E01025723,0,2
2024471430368,2024,471430368,2,9,0,-1,9,7,5,-1,0,5,0,0,0,0,4,1,-1,6,2,30,6,899,1,11,RENAULT CLIO,5,E01031565,0,1
2024340NN0182,2024,340NN0182,1,9,0,-1,19,7,3,-1,0,6,0,0,0,0,1,1,-1,1,2,41,7,898,1,8,RENAULT CLIO,9,E01012374,0,5
2024501471452,2024,501471452,1,9,0,-1,11,7,1,-1,0,6,0,0,0,0,1,9,-1,9,1,56,9,898,1,6,RENAULT CLIO,1,E01015045,0,2
2024052402026,2024,052402026,1,9,0,18,19,8,4,0,0,1,1,7,0,0,1,2,6,6,2,39,7,1149,1,16,RENAULT CLIO,3,E01007174,0,1