collision_index,collision_year,collision_ref_no,vehicle_reference,vehicle_type,towing_and_articulation,vehicle_manoeuvre_historic,vehicle_manoeuvre,vehicle_direction_from,vehicle_direction_to,vehicle_location_restricted_lane_historic,vehicle_location_restricted_lane,junction_location,skidding_and_overturning,hit_object_in_carriageway,vehicle_leaving_carriageway,hit_object_off_carriageway,first_point_of_impact,vehicle_left_hand_drive,journey_purpose_of_driver_historic,journey_purpose_of_driver,sex_of_driver,age_of_driver,age_band_of_driver,engine_capacity_cc,propulsion_code,age_of_vehicle,generic_make_model,driver_imd_decile,lsoa_of_driver,escooter_flag,driver_distance_banding
2024161470460,2024,161470460,1,9,0,-1,19,3,7,-1,0,1,0,4,0,0,1,1,-1,9,2,71,10,1149,1,15,RENAULT CLIO,10,E01012968,0,1
2024461499233,2024,461499233,1,9,0,-1,3,7,4,-1,0,0,0,0,1,0,4,2,-1,9,2,65,9,1149,1,8,RENAULT CLIO,8,E01024642,0,1
2024221465088,2024,221465088,1,9,0,-1,19,1,6,-1,0,0,2,0,0,0,4,1,-1,6,1,21,5,1149,1,14,RENAULT CLIO,8,E01032334,0,1
2024201444702,2024,201444702,2,9,0,-1,19,5,3,-1,0,8,0,0,0,0,1,9,-1,6,2,19,4,1149,1,13,RENAULT CLIO,2,E01010564,0,1
2024201459576,2024,201459576,1,9,0,-1,19,3,7,-1,0,0,0,0,0,0,1,9,-1,2,2,20,4,1149,1,7,RENAULT CLIO,2,E01010097,0,2
2024451406589,2024,451406589,1,9,0,-1,19,5,1,-1,0,0,1,0,0,0,1,1,-1,9,2,62,9,1149,1,17,RENAULT CLIO,9,E01004116,0,3
2024351503383,2024,351503383,2,9,0,-1,19,7,3,-1,0,1,0,0,0,0,1,1,-1,6,2,32,6,1461,2,11,RENAULT CLIO,10,E01018244,0,1
2024070123393,2024,070123393,1,9,0,18,19,6,2,0,0,3,0,10,0,1,1,1,6,6,1,76,11,1461,2,9,RENAULT CLIO,1,E01007292,0,4
2024991427650,2024,991427650,1,9,0,-1,19,3,7,-1,0,0,1,0,1,0,3,1,-1,9,1,32,6,1149,1,20,RENAULT CLIO,2,-1,0,4
2024351423155,2024,351423155,1,9,0,-1,19,3,7,-1,0,0,0,4,1,6,1,1,-1,2,1,42,7,999,1,4,RENAULT CLIO,10,E01026358,0,4
2024531465516,2024,531465516,1,9,0,-1,19,4,6,-1,0,0,0,0,0,0,1,1,-1,2,2,27,6,1149,1,14,RENAULT CLIO,5,E01032309,0,4
2024052402763,2024,052402763,1,9,0,12,12,2,8,0,0,2,0,0,0,0,1,1,6,6,1,89,11,1149,1,23,RENAULT CLIO,2,E01006788,0,1
2024061516526,2024,061516526,2,9,0,-1,2,0,0,-1,0,0,0,0,1,10,2,9,-1,6,1,58,9,1149,1,17,RENAULT CLIO,-1,-1,0,-1
2024010526524,2024,010526524,1,9,0,99,99,9,9,99,99,9,9,99,9,99,1,9,6,6,2,25,5,1390,1,17,RENAULT CLIO,4,E01004355,0,2
2024351498918,2024,351498918,2,9,0,-1,9,1,3,-1,0,3,0,0,0,0,4,1,-1,2,1,52,8,1149,1,13,RENAULT CLIO,2,E01015680,0,1
2024440425168,2024,440425168,1,9,0,18,19,1,5,0,0,4,0,0,0,0,1,1,6,6,1,37,7,1461,2,10,RENAULT CLIO,1,E01017039,0,1
2024211476949,2024,211476949,1,9,0,-1,19,7,3,-1,0,0,1,0,7,4,1,1,-1,2,1,18,4,1149,1,12,RENAULT CLIO,7,E01029463,0,2
2024211566969,2024,211566969,1,9,0,-1,19,4,1,-1,0,0,0,10,1,0,1,1,-1,9,1,19,4,1149,1,13,RENAULT CLIO,4,E01029812,0,3
2024411539887,2024,411539887,1,9,0,-1,5,4,8,-1,0,0,0,0,0,0,4,1,-1,6,2,24,5,1149,1,16,RENAULT CLIO,5,E01023529,0,1
2024471452507,2024,471452507,2,9,0,-1,3,8,4,-1,0,0,0,0,0,0,2,1,-1,9,2,22,5,1598,8,1,RENAULT CLIO,7,E01021146,0,2
2024631511028,2024,631511028,2,9,0,-1,2,0,0,-1,0,0,0,0,0,0,3,1,-1,6,-1,-1,-1,999,1,2,RENAULT CLIO,-1,-1,0,-1
2024522500102,2024,522500102,2,9,0,18,19,1,5,0,0,8,0,0,0,0,4,1,6,6,1,65,9,1149,1,24,RENAULT CLIO,9,E01014816,0,1
2024041426822,2024,041426822,1,9,0,-1,19,7,3,-1,0,0,2,0,1,11,1,1,-1,9,1,24,5,1618,1,9,RENAULT CLIO,3,E01006717,0,3
2024411506482,2024,411506482,2,9,-1,-1,-1,-1,-1,-1,-1,-1,-1,-1,-1,0,-1,9,-1,6,1,38,7,1598,8,3,RENAULT CLIO,9,E01023854,0,1
2024430602260,2024,430602260,1,9,0,17,19,4,1,0,0,8,2,0,1,1,1,1,2,2,1,17,4,1149,1,17,RENAULT CLIO,8,E01017627,0,4
2024141551176,2024,141551176,1,9,0,-1,19,2,6,-1,0,0,0,0,0,0,1,9,-1,6,1,79,11,1149,1,15,RENAULT CLIO,3,E01007667,0,1
2024991442901,2024,991442901,1,9,0,-1,19,3,7,-1,0,0,0,0,0,0,1,1,-1,1,1,51,8,1149,1,15,RENAULT CLIO,1,-1,0,1
2024471398941,2024,471398941,1,9,0,-1,19,4,7,-1,0,0,5,0,2,4,1,1,-1,2,1,24,5,1390,1,18,RENAULT CLIO,3,E01020973,0,3
2024461422488,2024,461422488,1,9,0,-1,19,6,2,-1,0,0,1,0,0,0,1,1,-1,9,1,51,8,1149,1,17,RENAULT CLIO,7,E01024433,0,1
2024141503761,2024,141503761,1,9,0,-1,19,4,8,-1,0,0,0,0,0,0,4,1,-1,9,2,25,5,1149,1,14,RENAULT CLIO,7,E01019770,0,4
2024471424812,2024,471424812,1,9,0,-1,19,3,7,-1,0,1,0,0,0,0,1,1,-1,9,1,64,9,1461,2,15,RENAULT CLIO,8,E01021055,0,1
2024461472441,2024,461472441,1,9,0,-1,19,6,2,-1,0,4,1,0,0,0,1,9,-1,6,2,59,9,1149,1,11,RENAULT CLIO,6,E01024117,0,1
2024010527018,2024,010527018,1,9,0,99,99,9,9,99,99,9,9,99,9,99,4,9,6,6,2,38,7,1598,1,18,RENAULT CLIO,2,E01034476,0,2
2024041444435,2024,041444435,1,9,0,-1,19,1,5,-1,0,1,0,0,0,0,4,1,-1,6,2,28,6,1149,1,10,RENAULT CLIO,1,E01012671,0,1
2024545535724,2024,545535724,1,9,0,3,3,2,6,0,0,1,0,0,0,0,1,1,6,6,1,19,4,1998,1,17,RENAULT CLIO,7,E01032079,0,2
2024547160024,2024,547160024,2,9,0,18,19,5,1,0,0,8,0,0,0,0,4,1,6,6,1,64,9,899,1,11,RENAULT CLIO,8,E01032689,0,3
2024201411402,2024,201411402,1,9,0,-1,3,5,1,-1,0,0,0,0,0,0,2,1,-1,2,1,27,6,1149,1,19,RENAULT CLIO,-1,-1,0,-1
2024552400069,2024,552400069,1,9,0,18,19,8,4,0,0,0,5,0,7,10,1,1,2,2,2,27,6,1461,2,13,RENAULT CLIO,7,E01020428,0,1
2024522403350,2024,522403350,2,9,0,18,19,7,3,0,0,0,0,0,0,0,2,1,6,6,1,17,4,999,1,4,RENAULT CLIO,10,E01015014,0,1
2024211404686,2024,211404686,2,9,0,-1,19,6,3,-1,0,4,0,0,0,0,1,1,-1,7,1,24,5,1149,1,10,RENAULT CLIO,-1,-1,0,-1
2024991424748,2024,991424748,3,9,0,-1,19,1,5,-1,0,1,0,0,0,0,1,1,-1,6,2,27,6,1618,1,11,RENAULT CLIO,4,-1,0,2
2024361474634,2024,361474634,1,9,0,-1,19,5,1,-1,0,1,0,0,0,0,1,1,-1,2,1,56,9,1390,1,18,RENAULT CLIO,6,E01026758,0,3
2024010509893,2024,010509893,2,9,0,2,2,0,0,9,9,0,0,4,0,0,2,1,6,6,3,-1,-1,1149,1,11,RENAULT CLIO,-1,-1,0,-1
2024411460471,2024,411460471,2,9,-1,-1,-1,-1,-1,-1,-1,-1,-1,-1,-1,0,-1,9,-1,6,2,53,8,899,1,10,RENAULT CLIO,4,E01023864,0,1
2024141431178,2024,141431178,1,9,0,-1,5,5,1,-1,0,0,0,0,0,0,3,1,-1,9,1,60,9,1149,1,23,RENAULT CLIO,4,E01007398,0,1
2024302400543,2024,302400543,2,9,0,17,19,2,6,0,0,0,0,0,0,0,3,1,6,6,2,39,7,1461,2,9,RENAULT CLIO,7,E01019448,0,1
2024351502467,2024,351502467,1,9,0,-1,19,3,7,-1,0,0,0,0,0,0,1,1,-1,6,2,22,5,1149,1,20,RENAULT CLIO,7,E01033454,0,4
2024545202324,2024,545202324,1,9,0,9,9,5,7,0,0,1,0,0,0,0,1,1,6,6,2,44,7,1598,8,0,RENAULT CLIO,-1,-1,0,-1
2024041431847,2024,041431847,1,9,0,-1,9,1,5,-1,0,8,0,0,0,0,3,1,-1,9,1,21,5,1149,1,8,RENAULT CLIO,1,E01025396,0,1
2024440126036,2024,440126036,1,9,0,5,5,5,1,0,0,6,0,0,0,0,1,1,6,6,2,-1,-1,898,1,8,RENAULT CLIO,-1,-1,0,-1
2024991415291,2024,991415291,1,9,0,-1,19,5,3,-1,0,1,0,10,1,11,4,1,-1,9,2,28,6,1149,1,7,RENAULT CLIO,7,-1,0,1
2024302401741,2024,302401741,1,9,0,-1,2,0,0,-1,0,2,0,0,0,0,2,1,-1,9,2,28,6,1149,1,9,RENAULT CLIO,4,E01019807,0,1
2024332400269,2024,332400269,1,9,0,-1,19,6,2,-1,0,6,0,0,0,0,1,1,-1,9,2,67,10,1598,8,1,RENAULT CLIO,10,E01009902,0,4
2024320275266,2024,320275266,1,9,0,-1,-1,2,6,0,0,8,0,0,0,0,1,1,-1,-1,1,56,9,1390,1,20,RENAULT CLIO,4,E01026327,0,1
2024311503267,2024,311503267,2,9,0,-1,19,7,3,-1,0,0,0,0,0,0,2,1,-1,6,2,35,6,1598,1,17,RENAULT CLIO,6,E01027925,0,1
2024131439165,2024,131439165,2,9,0,-1,5,5,1,-1,0,4,0,0,0,0,1,1,-1,9,2,37,7,1149,1,15,RENAULT CLIO,1,E01010782,0,1
2024052401715,2024,052401715,1,9,0,17,19,5,1,0,0,0,1,0,0,0,4,1,6,6,2,38,7,1149,1,12,RENAULT CLIO,9,E01006828,0,1
2024440441938,2024,440441938,2,9,0,2,2,0,0,9,9,0,0,0,0,0,3,1,2,2,2,18,4,1149,1,17,RENAULT CLIO,5,E01022907,0,1
2024201527806,2024,201527806,2,9,0,-1,19,7,3,-1,0,8,0,0,0,0,3,1,-1,6,2,20,4,999,1,0,RENAULT CLIO,5,E01010109,0,3
2024201469581,2024,201469581,2,9,0,-1,8,8,2,-1,0,1,0,0,0,0,2,9,-1,2,2,50,8,1461,2,9,RENAULT CLIO,2,E01031097,0,1
2024548581824,2024,548581824,1,9,0,18,19,6,2,0,0,1,0,0,0,0,1,1,6,6,2,17,4,1149,1,17,RENAULT CLIO,3,E01032118,0,4
2024070293803,2024,070293803,2,9,0,2,2,1,5,0,0,0,0,0,0,0,2,1,6,6,2,55,8,1149,1,19,RENAULT CLIO,2,E01012377,0,1
2024631511028,2024,631511028,1,9,0,-1,11,7,3,-1,0,0,5,4,0,0,1,1,-1,9,1,27,6,899,1,10,RENAULT CLIO,4,W01000928,0,1
2024332401076,2024,332401076,1,9,0,-1,19,7,3,-1,0,6,0,0,0,0,1,1,-1,6,1,39,7,1598,8,0,RENAULT CLIO,3,E01013776,0,1
2024231402493,2024,231402493,1,9,0,-1,7,3,6,-1,0,4,0,0,0,0,1,9,-1,6,2,55,8,1461,2,14,RENAULT CLIO,5,E01031114,0,4
202460Q115250,2024,60Q115250,1,9,0,17,19,7,3,0,0,1,2,0,2,10,4,1,6,6,1,17,4,1149,1,15,RENAULT CLIO,-1,-1,0,-1
2024351533888,2024,351533888,1,9,0,-1,19,1,5,-1,0,8,0,11,0,0,1,1,-1,2,1,64,9,898,1,5,RENAULT CLIO,2,E01015594,0,1
202417M304024,2024,17M304024,1,9,0,3,3,4,8,0,0,0,0,0,0,0,2,1,6,6,2,36,7,1149,1,10,RENAULT CLIO,3,E01012035,0,1
2024141397916,2024,141397916,2,9,0,-1,19,7,3,-1,0,1,0,0,0,0,1,1,-1,9,1,52,8,1461,2,9,RENAULT CLIO,1,E01007577,0,1
2024340WN3832,2024,340WN3832,2,9,0,-1,9,8,6,-1,0,8,0,0,0,0,3,1,-1,9,2,27,6,899,1,9,RENAULT CLIO,8,E01033815,0,4
2024991488376,2024,991488376,2,9,0,-1,9,4,3,-1,0,4,0,0,0,0,0,1,-1,2,2,39,7,898,1,6,RENAULT CLIO,6,-1,0,1
2024610040524,2024,610040524,1,9,0,4,4,4,8,0,0,1,0,0,0,0,1,1,6,6,1,29,6,1149,1,14,RENAULT CLIO,10,W01001427,0,1
2024461490635,2024,461490635,3,9,0,-1,19,4,1,-1,0,1,0,0,0,0,1,1,-1,1,2,21,5,1149,1,13,RENAULT CLIO,3,E01016047,0,1
2024201413563,2024,201413563,2,9,0,-1,9,4,2,-1,0,6,0,0,0,0,1,9,-1,6,2,40,7,1198,1,10,RENAULT CLIO,1,E01009115,0,1
2024061456145,2024,061456145,1,9,0,-1,19,-1,-1,-1,0,3,0,1,0,0,2,2,-1,9,2,29,6,1461,2,9,RENAULT CLIO,1,E01004863,0,3
2024101439055,2024,101439055,1,9,0,-1,3,5,1,-1,0,0,0,0,0,0,1,1,-1,6,2,62,9,1390,1,17,RENAULT CLIO,1,E01008382,0,1
2024201472109,2024,201472109,1,9,0,-1,6,7,7,-1,0,1,0,0,0,0,1,1,-1,9,1,54,8,1149,1,14,RENAULT CLIO,1,E01009125,0,1
2024440362375,2024,440362375,1,9,0,3,3,5,1,0,0,1,0,0,0,0,2,1,6,6,1,19,4,898,1,5,RENAULT CLIO,6,E01017174,0,2
2024991460164,2024,991460164,1,9,0,-1,19,4,6,-1,0,0,0,0,7,0,3,1,-1,9,2,47,8,1149,1,11,RENAULT CLIO,3,-1,0,4
2024211467250,2024,211467250,2,9,0,-1,2,0,0,-1,0,0,0,0,0,0,3,1,-1,6,-1,18,4,898,1,6,RENAULT CLIO,-1,-1,0,-1
2024430302641,2024,430302641,1,9,0,3,3,5,1,0,0,1,0,0,0,0,2,1,6,6,1,-1,-1,1149,1,20,RENAULT CLIO,10,E01016245,0,2
2024302401639,2024,302401639,1,9,0,-1,5,5,3,-1,0,2,0,0,0,0,1,2,-1,6,2,81,11,1461,2,15,RENAULT CLIO,8,E01013546,0,1
2024070538699,2024,070538699,2,9,0,-1,-1,7,3,-1,-1,0,0,0,0,0,1,1,6,6,3,-1,-1,1149,1,17,RENAULT CLIO,-1,-1,0,-1
2024302401194,2024,302401194,1,9,0,18,19,4,8,0,0,8,0,0,7,3,4,1,6,6,1,20,4,1461,2,12,RENAULT CLIO,10,E01026507,0,5
2024361506143,2024,361506143,1,9,0,-1,19,4,8,-1,0,0,2,0,7,0,1,1,-1,6,1,23,5,1390,1,17,RENAULT CLIO,4,E01026677,0,4
2024010526039,2024,010526039,2,9,0,99,99,9,9,99,99,9,9,99,9,99,9,9,6,6,3,32,6,1149,1,18,RENAULT CLIO,3,E01001502,0,3
2024101427892,2024,101427892,1,9,-1,-1,19,-1,-1,-1,0,8,0,0,0,0,1,9,-1,6,3,-1,-1,1149,1,8,RENAULT CLIO,-1,-1,0,-1
2024440319606,2024,440319606,2,9,0,3,3,5,1,0,0,1,0,0,0,0,2,1,6,6,2,32,6,1149,1,19,RENAULT CLIO,2,E01017106,0,1
2024991437542,2024,991437542,3,9,0,-1,19,8,4,-1,0,0,0,0,0,0,1,1,-1,9,1,30,6,1461,2,10,RENAULT CLIO,4,-1,0,3
2024010535902,2024,010535902,1,9,0,5,5,0,3,9,9,1,0,0,0,0,4,1,6,6,1,76,11,1390,1,22,RENAULT CLIO,10,E01003822,0,1
2024361526362,2024,361526362,2,9,0,-1,19,-1,-1,-1,0,0,0,0,0,0,3,1,-1,2,1,44,7,1461,2,12,RENAULT CLIO,8,E01026938,0,2
2024141507659,2024,141507659,1,9,0,-1,19,4,8,-1,0,0,0,0,0,0,1,9,-1,6,1,-1,-1,1461,2,17,RENAULT CLIO,-1,-1,0,-1
2024991525214,2024,991525214,2,9,0,-1,19,3,7,-1,0,0,0,0,0,0,2,1,-1,9,2,21,5,999,1,3,RENAULT CLIO,9,-1,0,4
2024201447992,2024,201447992,1,9,0,-1,9,6,5,-1,0,5,0,10,1,0,4,9,-1,6,1,45,7,1461,2,10,RENAULT CLIO,2,E01010059,0,1
2024161445933,2024,161445933,1,9,0,-1,9,8,7,-1,0,1,0,0,0,0,1,1,-1,2,2,33,6,1149,1,10,RENAULT CLIO,4,E01012776,0,1
2024471489045,2024,471489045,1,9,0,-1,19,7,3,-1,0,0,0,0,0,0,3,1,-1,9,1,55,8,898,1,8,RENAULT CLIO,8,E01016981,0,1
2024991528283,2024,991528283,1,9,0,-1,5,6,2,-1,0,6,0,0,0,0,2,1,-1,9,1,58,9,898,1,7,RENAULT CLIO,5,-1,0,1
2024991535622,2024,991535622,1,9,0,-1,19,2,7,-1,0,8,0,0,0,0,1,1,-1,1,2,22,5,1149,1,16,RENAULT CLIO,-1,-1,0,-1
2024131428135,2024,131428135,1,9,0,-1,9,3,3,-1,0,8,0,0,0,0,3,1,-1,9,1,18,4,999,1,3,RENAULT CLIO,6,E01010592,0,3
2024451488724,2024,451488724,2,9,0,-1,19,5,1,-1,0,6,0,0,0,0,1,2,-1,9,2,49,8,1598,8,1,RENAULT CLIO,7,E01030818,0,1
2024101471812,2024,101471812,3,9,0,-1,2,0,0,-1,0,0,0,0,0,0,2,1,-1,6,2,50,8,1149,1,12,RENAULT CLIO,6,E01035616,0,2
2024211405151,2024,211405151,1,9,0,-1,7,3,6,-1,0,1,0,0,0,0,0,9,-1,6,1,32,6,1149,1,14,RENAULT CLIO,4,E01029603,0,1
2024461484284,2024,461484284,2,9,0,-1,19,1,5,-1,0,1,0,0,0,0,1,1,-1,9,1,17,4,1149,1,14,RENAULT CLIO,8,E01024221,0,1
2024991514800,2024,991514800,2,9,0,-1,19,7,3,-1,0,0,0,0,0,0,3,1,-1,9,2,21,5,1598,8,0,RENAULT CLIO,-1,-1,0,-1
2024320393167,2024,320393167,1,9,0,-1,-1,2,6,0,0,0,0,0,0,0,1,1,-1,-1,2,35,6,1149,1,16,RENAULT CLIO,4,E01026268,0,1
2024991415139,2024,991415139,1,9,0,-1,19,7,3,-1,0,0,0,0,0,0,2,1,-1,6,2,28,6,999,1,0,RENAULT CLIO,6,-1,0,3
2024141404912,2024,141404912,1,9,0,-1,12,2,6,-1,0,1,0,0,0,0,1,1,-1,9,2,54,8,898,1,6,RENAULT CLIO,8,E01007756,0,3
2024201498675,2024,201498675,2,9,0,-1,9,7,1,-1,0,1,0,0,0,0,1,1,-1,1,2,23,5,1149,1,8,RENAULT CLIO,-1,-1,0,-1
2024211403991,2024,211403991,3,9,0,-1,19,6,2,-1,0,0,1,0,1,0,1,1,-1,9,1,32,6,999,1,4,RENAULT CLIO,6,E01001245,0,5
2024991409909,2024,991409909,2,9,0,-1,19,1,5,-1,0,8,0,0,7,0,4,1,-1,9,2,50,8,1461,2,14,RENAULT CLIO,7,-1,0,2
2024141478105,2024,141478105,1,9,0,-1,-1,-1,-1,-1,-1,8,-1,-1,-1,0,-1,1,-1,-1,3,-1,-1,1149,1,9,RENAULT CLIO,-1,-1,0,-1
2024052400835,2024,052400835,1,9,0,18,19,2,6,0,0,4,0,0,0,0,3,1,6,6,2,49,8,898,1,8,RENAULT CLIO,1,E01006647,0,1
2024361533215,2024,361533215,1,9,0,-1,19,6,1,-1,0,0,1,0,4,0,1,1,-1,9,1,55,8,1461,2,9,RENAULT CLIO,2,E01026662,0,3
2024371478668,2024,371478668,1,9,0,-1,19,1,5,-1,0,1,2,0,2,0,1,1,-1,9,1,31,6,1461,2,13,RENAULT CLIO,6,E01030150,0,1
2024991500859,2024,991500859,3,9,0,-1,19,8,3,-1,0,0,0,0,1,0,1,1,-1,9,1,22,5,1598,1,19,RENAULT CLIO,6,-1,0,4
2024302401077,2024,302401077,1,9,0,6,6,8,8,0,0,0,0,0,0,0,1,1,6,6,1,91,11,1598,8,2,RENAULT CLIO,6,E01028205,0,4
2024111509829,2024,111509829,2,9,0,-1,13,6,4,-1,0,0,0,0,4,0,4,1,-1,6,1,20,4,1149,1,14,RENAULT CLIO,8,E01020828,0,1
2024522402866,2024,522402866,1,9,0,7,7,5,6,0,0,5,0,0,0,0,4,1,6,6,1,23,5,1149,1,14,RENAULT CLIO,5,E01015000,0,1
2024122400577,2024,122400577,1,9,0,18,19,8,4,0,0,0,0,0,0,0,1,1,1,1,2,22,5,1598,1,14,RENAULT CLIO,6,E01013369,0,1
2024302401673,2024,302401673,2,9,0,-1,19,8,4,-1,0,8,0,0,0,0,3,1,-1,9,2,20,4,1149,1,20,RENAULT CLIO,6,E01019798,0,1
2024361415985,2024,361415985,1,9,0,-1,19,1,5,-1,0,0,2,0,1,0,1,1,-1,9,2,17,4,1149,1,15,RENAULT CLIO,6,E01026451,0,3
2024991404819,2024,991404819,1,9,0,-1,19,5,2,-1,0,2,0,0,0,0,1,1,-1,9,2,33,6,1390,1,18,RENAULT CLIO,1,-1,0,3
2024340NN2852,2024,340NN2852,1,9,0,-1,9,3,1,-1,0,8,0,0,0,0,1,1,-1,9,1,47,8,1461,2,12,RENAULT CLIO,8,E01027098,0,1
2024401396207,2024,401396207,2,9,0,-1,19,-1,-1,-1,-1,8,0,0,0,0,-1,9,-1,6,1,-1,-1,1149,1,12,RENAULT CLIO,5,E01015763,0,1
2024351464704,2024,351464704,1,9,0,-1,19,1,5,-1,0,0,5,0,0,0,1,1,-1,6,1,33,6,1461,2,16,RENAULT CLIO,1,E01015609,0,1
2024211433759,2024,211433759,2,9,0,-1,3,8,4,-1,0,1,0,0,0,0,2,9,-1,6,2,46,8,899,1,11,RENAULT CLIO,3,E01029597,0,1
2024010504441,2024,010504441,1,9,0,5,5,6,2,0,0,1,0,0,0,0,1,2,6,6,1,61,9,1149,1,13,RENAULT CLIO,3,E01001203,0,1
2024061479418,2024,061479418,2,9,0,-1,99,5,1,-1,0,1,0,99,0,0,1,1,-1,6,3,-1,-1,1461,2,10,RENAULT CLIO,-1,-1,0,-1
2024201497236,2024,201497236,1,9,0,-1,19,1,5,-1,0,0,0,0,0,0,1,1,-1,6,1,49,8,1149,1,21,RENAULT CLIO,9,E01009826,0,2
2024101455487,2024,101455487,3,9,0,-1,19,1,5,-1,0,0,0,0,0,0,1,1,-1,6,2,25,5,1461,2,8,RENAULT CLIO,2,E01008263,0,1
2024010500441,2024,010500441,2,9,0,12,12,9,9,99,99,9,9,99,9,99,3,9,6,6,3,49,8,1197,1,6,RENAULT CLIO,7,E01001280,0,1
2024501533746,2024,501533746,2,9,0,-1,19,3,7,-1,0,0,0,0,0,0,1,1,-1,1,2,26,6,1149,1,15,RENAULT CLIO,2,E01018771,0,1
2024010511494,2024,010511494,1,9,5,5,5,5,1,0,0,3,0,0,0,0,3,1,6,6,2,23,5,898,1,6,RENAULT CLIO,-1,-1,0,-1
2024451414039,2024,451414039,2,9,0,-1,2,2,6,-1,0,0,0,0,0,0,4,1,-1,6,-1,-1,-1,898,1,6,RENAULT CLIO,-1,-1,0,-1
2024070212447,2024,070212447,2,9,0,18,19,1,5,0,0,8,0,0,0,0,1,1,6,6,1,68,10,1149,1,13,RENAULT CLIO,2,E01014359,0,3
2024361476199,2024,361476199,1,9,0,-1,4,2,6,-1,0,0,0,4,0,0,1,1,-1,9,1,17,4,999,1,0,RENAULT CLIO,8,E01026518,0,3
2024991450825,2024,991450825,2,9,0,-1,5,7,4,-1,0,8,0,0,0,0,1,1,-1,9,2,33,6,999,1,0,RENAULT CLIO,9,-1,0,1
2024520403360,2024,520403360,1,9,0,5,5,1,5,0,0,6,0,0,0,0,1,1,6,6,2,65,9,1149,1,8,RENAULT CLIO,4,E01029152,0,2
2024061432386,2024,061432386,2,9,0,-1,99,-1,-1,-1,0,0,0,0,0,0,1,1,-1,6,1,-1,-1,1149,1,9,RENAULT CLIO,-1,-1,0,-1
2024010534455,2024,010534455,1,9,0,99,99,9,9,99,99,0,9,99,9,99,9,9,6,6,1,47,8,1461,2,6,RENAULT CLIO,3,E01003302,0,1
2024332400871,2024,332400871,4,9,0,-1,19,1,5,-1,0,0,0,0,0,0,2,1,-1,6,2,21,5,899,1,10,RENAULT CLIO,10,E01025615,0,2
2024311433126,2024,311433126,2,9,-1,-1,2,7,3,-1,-1,0,0,0,0,0,1,9,-1,6,2,67,10,1149,1,10,RENAULT CLIO,4,E01028038,0,3
2024440071858,2024,440071858,1,9,0,18,19,6,2,0,0,1,0,0,0,0,1,1,6,6,1,-1,-1,1149,1,14,RENAULT CLIO,-1,-1,0,-1
2024461528137,2024,461528137,1,9,0,-1,19,7,3,-1,0,8,0,0,0,0,1,9,-1,9,3,-1,-1,1149,1,20,RENAULT CLIO,-1,-1,0,-1
2024991527601,2024,991527601,2,9,0,-1,19,7,3,-1,0,1,1,0,1,0,1,1,-1,9,2,26,6,1149,1,12,RENAULT CLIO,3,-1,0,4
2024631444137,2024,631444137,3,9,0,-1,10,6,4,-1,0,8,0,0,0,0,2,1,-1,6,2,46,8,999,1,2,RENAULT CLIO,7,W01000682,0,2
2024131524144,2024,131524144,1,9,0,-1,19,3,7,-1,0,8,0,0,2,0,1,1,-1,6,1,24,5,1390,1,18,RENAULT CLIO,2,E01010649,0,1
2024061407575,2024,061407575,2,9,0,-1,19,1,5,-1,0,1,1,0,1,0,2,1,-1,2,1,28,6,1461,2,12,RENAULT CLIO,1,E01005272,0,1
2024501457560,2024,501457560,2,9,0,-1,9,7,5,-1,0,6,0,0,0,0,3,1,-1,7,2,18,4,1461,2,19,RENAULT CLIO,5,E01018940,0,2
2024471486703,2024,471486703,1,9,0,-1,19,2,5,-1,0,0,2,0,7,0,1,9,-1,6,1,19,4,1149,1,19,RENAULT CLIO,7,E01021184,0,4
2024991458206,2024,991458206,1,9,0,-1,19,7,3,-1,0,0,5,4,0,0,1,1,-1,6,2,22,5,999,1,0,RENAULT CLIO,2,-1,0,1
2024010504044,2024,010504044,1,9,0,18,19,5,1,0,0,1,0,0,0,0,1,1,6,6,1,36,7,1149,1,21,RENAULT CLIO,2,E01003046,0,1
2024351471046,2024,351471046,1,9,0,-1,19,1,5,-1,0,1,0,0,0,0,1,1,-1,6,2,18,4,1149,1,17,RENAULT CLIO,3,E01018066,0,3
2024201439583,2024,201439583,1,9,0,-1,19,7,3,-1,0,0,1,0,0,0,4,1,-1,6,1,24,5,1390,1,17,RENAULT CLIO,-1,-1,0,-1
2024440247792,2024,440247792,2,9,0,2,2,0,0,0,0,0,0,0,0,0,3,1,6,6,3,-1,-1,1149,1,10,RENAULT CLIO,-1,-1,0,-1
2024201517435,2024,201517435,1,9,0,-1,9,4,1,-1,0,8,0,0,0,0,3,1,-1,9,1,65,9,1149,1,7,RENAULT CLIO,6,E01010174,0,3
2024471512293,2024,471512293,1,9,0,-1,12,8,4,-1,0,1,0,0,0,0,1,1,-1,9,2,17,4,999,1,0,RENAULT CLIO,2,E01034827,0,4
2024440483252,2024,440483252,1,9,0,18,19,1,5,0,0,0,1,12,1,11,1,1,6,6,1,30,6,1149,1,16,RENAULT CLIO,5,E01023288,0,4