collision_index,collision_year,collision_ref_no,vehicle_reference,vehicle_type,towing_and_articulation,vehicle_manoeuvre_historic,vehicle_manoeuvre,vehicle_direction_from,vehicle_direction_to,vehicle_location_restricted_lane_historic,vehicle_location_restricted_lane,junction_location,skidding_and_overturning,hit_object_in_carriageway,vehicle_leaving_carriageway,hit_object_off_carriageway,first_point_of_impact,vehicle_left_hand_drive,journey_purpose_of_driver_historic,journey_purpose_of_driver,sex_of_driver,age_of_driver,age_band_of_driver,engine_capacity_cc,propulsion_code,age_of_vehicle,generic_make_model,driver_imd_decile,lsoa_of_driver,escooter_flag,driver_distance_banding
2024010501880,2024,010501880,2,9,0,99,99,9,9,99,99,9,9,99,9,99,1,9,6,6,3,-1,-1,1149,1,16,RENAULT CLIO,3,E01002807,0,1
2024201530574,2024,201530574,2,9,0,-1,3,8,4,-1,0,0,0,0,0,0,2,9,-1,9,2,61,9,1149,1,20,RENAULT CLIO,4,E01010072,0,1
2024201418115,2024,201418115,1,9,0,-1,19,4,8,-1,0,0,0,0,0,0,1,1,-1,6,1,19,4,1461,2,8,RENAULT CLIO,5,E01031159,0,3
2024131502248,2024,131502248,1,9,0,-1,19,3,7,-1,0,1,0,0,0,0,1,1,-1,6,1,17,4,1149,1,17,RENAULT CLIO,8,E01027891,0,1
2024302400711,2024,302400711,1,9,0,10,10,5,3,0,0,1,0,0,0,0,2,1,1,1,2,51,8,999,1,3,RENAULT CLIO,5,E01019861,0,3
2024311512027,2024,311512027,1,9,0,-1,19,3,6,-1,0,3,0,0,0,0,4,1,-1,2,2,28,6,1598,8,0,RENAULT CLIO,-1,-1,0,-1
2024332400723,2024,332400723,1,9,0,-1,19,3,7,-1,0,0,0,0,0,0,2,1,-1,9,2,30,6,898,1,8,RENAULT CLIO,2,E01019688,0,4
2024991533262,2024,991533262,1,9,0,-1,19,6,2,-1,0,0,0,0,0,0,1,1,-1,9,1,33,6,1149,1,14,RENAULT CLIO,6,-1,0,3
2024440443958,2024,440443958,1,9,0,7,7,3,7,0,0,6,0,0,0,0,1,1,2,2,2,32,6,1461,2,10,RENAULT CLIO,5,E01017158,0,1
2024991403352,2024,991403352,1,9,0,-1,19,1,5,-1,0,1,0,0,0,0,1,1,-1,6,1,33,6,1598,8,2,RENAULT CLIO,5,-1,0,1
2024221402559,2024,221402559,1,9,0,-1,19,8,4,-1,0,8,0,0,0,0,1,9,-1,6,2,38,7,1149,1,14,RENAULT CLIO,1,E01009756,0,3
2024302401588,2024,302401588,2,9,0,9,9,5,3,0,0,6,0,0,0,0,3,1,6,6,2,47,8,1149,1,16,RENAULT CLIO,4,E01019519,0,1
2024161524979,2024,161524979,2,9,0,-1,5,3,7,-1,0,8,0,0,0,0,1,1,-1,6,3,-1,-1,1390,1,18,RENAULT CLIO,-1,-1,0,-1
2024010549091,2024,010549091,1,9,0,17,19,6,2,0,0,0,0,0,0,0,1,1,6,6,2,32,6,1461,2,8,RENAULT CLIO,9,E01030795,0,4
2024010527518,2024,010527518,1,9,0,99,99,9,9,99,99,9,9,99,9,99,9,9,6,6,3,-1,-1,898,1,9,RENAULT CLIO,-1,-1,0,-1
2024221525816,2024,221525816,1,9,0,-1,19,5,1,-1,0,0,1,10,0,0,4,1,-1,9,1,18,4,1149,1,15,RENAULT CLIO,4,E01014191,0,1
2024631464467,2024,631464467,2,9,0,-1,4,8,2,-1,0,1,5,0,1,10,2,2,-1,2,2,53,8,1149,1,13,RENAULT CLIO,3,W01000732,0,1
2024401466279,2024,401466279,1,9,0,-1,19,5,7,-1,0,4,0,0,0,0,1,1,-1,6,2,40,7,1149,1,23,RENAULT CLIO,8,E01023590,0,1
2024430197135,2024,430197135,2,9,0,18,19,5,1,0,0,8,0,0,0,0,1,1,6,6,1,34,6,1149,1,13,RENAULT CLIO,-1,-1,0,-1
2024010500218,2024,010500218,1,9,0,18,19,7,3,0,0,2,0,0,0,0,1,1,6,6,3,23,5,898,1,7,RENAULT CLIO,-1,-1,0,-1
2024070960146,2024,070960146,2,9,0,-1,4,2,4,-1,0,6,0,0,0,0,1,1,-1,9,1,51,8,1149,1,17,RENAULT CLIO,9,E01018368,0,2
2024991517827,2024,991517827,1,9,0,-1,19,7,3,-1,0,0,1,0,0,0,1,1,-1,9,1,25,5,1149,1,19,RENAULT CLIO,-1,-1,0,-1
2024361495560,2024,361495560,1,9,0,-1,9,1,7,-1,0,6,0,0,3,0,1,1,-1,9,2,80,11,1598,8,2,RENAULT CLIO,6,E01026872,0,1
2024631464104,2024,631464104,2,9,0,-1,19,6,2,-1,0,8,0,0,0,0,1,1,-1,9,1,17,4,1461,2,10,RENAULT CLIO,7,W01000623,0,1
2024061448314,2024,061448314,1,9,0,-1,19,5,1,-1,0,0,0,0,0,0,1,1,-1,6,1,27,6,1598,1,17,RENAULT CLIO,2,E01005207,0,1
2024141399461,2024,141399461,3,9,0,-1,4,1,5,-1,0,0,0,0,0,0,1,1,-1,2,2,28,6,1149,1,15,RENAULT CLIO,2,E01008063,0,3
2024231522733,2024,231522733,3,9,0,-1,19,6,2,-1,0,0,1,0,0,0,3,9,-1,6,2,74,10,1149,1,6,RENAULT CLIO,1,E01009297,0,1
2024041423825,2024,041423825,1,9,0,-1,19,2,6,-1,0,2,2,4,0,0,1,1,-1,9,1,28,6,1390,1,18,RENAULT CLIO,6,E01025384,0,3
2024161423703,2024,161423703,1,9,0,-1,19,1,7,-1,0,0,1,0,0,0,1,1,-1,9,1,19,4,1149,1,21,RENAULT CLIO,1,E01012944,0,4
2024010503773,2024,010503773,1,9,0,4,4,7,3,0,0,1,0,0,0,0,2,1,6,6,1,28,6,1149,1,17,RENAULT CLIO,6,E01004369,0,1
2024991439121,2024,991439121,2,9,0,-1,19,3,7,-1,0,0,0,0,0,0,2,1,-1,9,1,25,5,1149,1,17,RENAULT CLIO,3,-1,0,3
2024201439583,2024,201439583,5,9,0,-1,19,7,3,-1,0,0,0,0,0,0,0,1,-1,6,3,22,5,899,1,10,RENAULT CLIO,-1,-1,0,-1
2024010545577,2024,010545577,1,9,0,99,99,9,9,99,99,9,9,99,9,99,2,9,6,6,2,41,7,1598,1,12,RENAULT CLIO,3,E01003572,0,1
2024430212887,2024,430212887,2,9,0,18,19,2,6,0,0,8,2,0,0,0,1,1,6,6,1,17,4,1149,1,17,RENAULT CLIO,7,E01016739,0,1
2024111481040,2024,111481040,1,9,0,-1,19,8,4,-1,0,0,0,0,0,0,1,1,-1,9,2,30,6,1149,1,14,RENAULT CLIO,3,E01020824,0,1
2024411493318,2024,411493318,1,9,0,-1,19,4,6,-1,0,1,0,0,1,0,1,1,-1,1,2,32,6,1598,1,14,RENAULT CLIO,8,E01023514,0,1
2024311533358,2024,311533358,2,9,0,-1,7,1,6,-1,0,8,0,0,0,0,1,1,-1,6,1,32,6,1461,2,7,RENAULT CLIO,-1,-1,0,-1
2024430507335,2024,430507335,2,9,0,18,19,6,2,0,0,8,0,0,0,0,3,1,6,6,2,41,7,898,1,8,RENAULT CLIO,5,E01002426,0,2
2024531502515,2024,531502515,1,9,0,-1,12,7,3,-1,0,0,1,0,0,0,1,1,-1,9,1,88,11,1149,1,12,RENAULT CLIO,7,E01022230,0,3
202460Q043024,2024,60Q043024,2,9,0,18,19,6,2,0,0,1,0,0,0,0,1,1,6,6,2,74,10,898,1,6,RENAULT CLIO,-1,-1,0,-1
2024351449961,2024,351449961,1,9,-1,-1,-1,-1,-1,-1,-1,0,-1,-1,-1,0,-1,9,-1,9,2,23,5,1390,1,18,RENAULT CLIO,9,E01018032,0,4
2024010534559,2024,010534559,2,9,9,9,9,8,6,99,99,5,9,99,9,0,4,9,6,6,3,-1,-1,1149,1,13,RENAULT CLIO,-1,-1,0,-1
2024131448769,2024,131448769,2,9,0,-1,19,7,4,-1,0,8,0,0,0,0,1,1,-1,9,2,49,8,1149,1,10,RENAULT CLIO,1,E01007328,0,2
2024631536442,2024,631536442,1,9,0,-1,19,6,2,-1,0,0,1,6,1,10,1,1,-1,2,1,36,7,1149,1,10,RENAULT CLIO,7,W01000684,0,2
2024211429884,2024,211429884,2,9,0,-1,4,6,2,-1,0,0,0,0,0,0,2,9,-1,6,1,20,4,1149,1,12,RENAULT CLIO,6,E01014267,0,1
2024201494866,2024,201494866,1,9,0,-1,5,8,4,-1,0,1,0,0,0,0,1,9,-1,6,1,-1,-1,1149,1,12,RENAULT CLIO,2,E01010529,0,1
2024101531543,2024,101531543,1,9,0,-1,9,3,1,-1,0,6,0,0,0,0,1,1,-1,6,2,66,10,1149,1,20,RENAULT CLIO,2,E01008644,0,1
2024061470042,2024,061470042,1,9,0,-1,19,3,7,-1,0,2,0,0,0,0,1,1,-1,9,1,58,9,1461,2,10,RENAULT CLIO,9,E01004884,0,1
2024302500182,2024,302500182,1,9,0,-1,19,2,6,-1,0,0,0,0,0,0,1,1,-1,6,2,51,8,899,1,11,RENAULT CLIO,8,E01013540,0,1
2024122400757,2024,122400757,1,9,0,9,9,4,2,0,0,6,0,0,0,0,1,1,1,1,1,22,5,1461,2,17,RENAULT CLIO,9,E01032876,0,3
2024501528088,2024,501528088,1,9,0,-1,5,1,5,-1,0,8,0,0,0,0,1,1,-1,2,1,21,5,1461,2,17,RENAULT CLIO,5,E01019067,0,3
2024320764367,2024,320764367,1,9,0,-1,-1,8,4,0,0,0,1,0,7,9,1,1,-1,-1,1,36,7,1149,1,20,RENAULT CLIO,7,E01023923,0,5
2024991420654,2024,991420654,2,9,0,-1,9,1,7,-1,0,8,0,0,0,0,3,1,-1,9,1,82,11,1149,1,11,RENAULT CLIO,3,-1,0,1
2024451508781,2024,451508781,2,9,0,-1,10,5,3,-1,0,5,0,0,0,0,4,1,-1,6,2,30,6,1149,1,14,RENAULT CLIO,7,E01023125,0,2
2024131499728,2024,131499728,2,9,0,-1,9,3,1,-1,0,8,0,0,0,0,1,2,-1,9,1,17,4,999,1,2,RENAULT CLIO,10,E01011411,0,1
2024041457144,2024,041457144,1,9,0,-1,19,-1,-1,-1,0,1,0,0,0,0,-1,9,-1,6,3,-1,-1,1461,2,15,RENAULT CLIO,-1,-1,0,-1
2024371432951,2024,371432951,1,9,0,-1,5,7,3,-1,0,8,0,0,0,0,1,1,-1,9,1,49,8,1598,8,1,RENAULT CLIO,9,E01030191,0,2
2024070461431,2024,070461431,1,9,0,18,19,6,2,0,0,0,0,0,0,0,1,1,6,6,2,31,6,1618,1,8,RENAULT CLIO,-1,-1,0,-1
202454B380424,2024,54B380424,2,9,0,4,4,2,6,0,0,1,0,0,0,0,2,1,6,6,2,52,8,1461,2,16,RENAULT CLIO,5,E01032065,0,2
2024221467770,2024,221467770,2,9,0,-1,19,8,4,-1,0,6,1,0,0,0,1,9,-1,9,2,36,7,898,1,5,RENAULT CLIO,4,E01035071,0,4
2024010489048,2024,010489048,2,9,0,9,9,3,1,0,0,8,0,0,0,0,4,1,6,6,2,25,5,1149,1,14,RENAULT CLIO,3,E01001316,0,1
2024131432153,2024,131432153,1,9,0,-1,3,8,4,-1,0,1,0,11,0,0,1,1,-1,9,2,19,4,898,1,5,RENAULT CLIO,5,E01011678,0,1
2024631433794,2024,631433794,2,9,0,-1,19,8,4,-1,0,0,0,0,0,0,3,1,-1,2,1,19,4,-1,-1,-1,RENAULT CLIO,5,W01000687,0,3
2024531470490,2024,531470490,1,9,0,-1,19,3,7,-1,0,0,2,0,1,4,1,1,-1,6,1,20,4,1149,1,18,RENAULT CLIO,2,E01022289,0,3
2024451536072,2024,451536072,1,9,0,-1,19,8,4,-1,0,0,0,0,1,11,4,1,-1,6,1,19,4,1149,1,17,RENAULT CLIO,8,E01030877,0,1
2024631466820,2024,631466820,1,9,0,-1,4,6,2,-1,0,0,0,0,0,0,3,1,-1,1,2,23,5,1461,2,10,RENAULT CLIO,5,W01000696,0,1
2024631462879,2024,631462879,2,9,0,-1,19,1,5,-1,0,8,0,0,0,0,3,1,-1,1,2,17,4,1149,1,7,RENAULT CLIO,4,W01001899,0,1
2024522401871,2024,522401871,2,9,0,18,19,3,7,0,0,0,0,0,0,0,1,1,6,6,1,29,6,1598,1,16,RENAULT CLIO,2,E01033347,0,1
2024440325336,2024,440325336,2,9,0,18,19,7,3,0,0,0,1,0,0,0,1,1,6,6,2,26,6,899,1,10,RENAULT CLIO,10,E01023092,0,1
2024221495187,2024,221495187,2,9,0,-1,2,0,0,-1,0,0,0,4,0,0,2,1,-1,6,1,17,4,1149,1,9,RENAULT CLIO,5,E01032447,0,1
2024031478523,2024,031478523,1,9,0,-1,4,6,2,-1,0,0,0,0,0,0,1,1,-1,6,2,47,8,1390,1,17,RENAULT CLIO,8,E01027495,0,4
2024041510992,2024,041510992,1,9,0,-1,9,7,5,-1,0,5,0,0,0,0,4,1,-1,6,2,67,10,1598,8,3,RENAULT CLIO,5,E01025031,0,3
2024131397838,2024,131397838,3,9,0,-1,19,3,7,-1,0,1,0,0,0,0,2,1,-1,6,2,21,5,1149,1,16,RENAULT CLIO,2,E01011582,0,3
2024161513757,2024,161513757,1,9,0,-1,19,7,3,-1,0,0,0,0,0,0,1,9,-1,6,1,33,6,999,1,0,RENAULT CLIO,9,E01035477,0,1
202454C396424,2024,54C396424,1,9,0,7,7,3,5,0,0,6,2,0,0,0,1,1,6,6,3,-1,-1,1149,1,21,RENAULT CLIO,-1,-1,0,-1
2024552400450,2024,552400450,1,9,0,18,19,6,2,0,0,0,0,0,0,0,1,1,2,2,2,35,6,1149,1,17,RENAULT CLIO,4,E01020444,0,1
2024131397318,2024,131397318,1,9,0,-1,6,1,1,-1,0,1,0,0,0,0,4,1,-1,9,1,42,7,1461,2,9,RENAULT CLIO,3,E01011323,0,1
2024421525842,2024,421525842,1,9,0,-1,19,6,3,-1,0,3,0,0,0,0,2,1,-1,9,2,24,5,898,1,8,RENAULT CLIO,3,E01021295,0,1
2024451405084,2024,451405084,2,9,0,-1,19,5,1,-1,0,0,0,0,0,0,1,1,-1,1,1,50,8,1461,2,8,RENAULT CLIO,10,E01030430,0,3
2024211501335,2024,211501335,1,9,0,-1,19,1,3,-1,0,0,1,0,1,4,1,1,-1,9,1,18,4,1461,2,10,RENAULT CLIO,10,E01029418,0,2
2024461419477,2024,461419477,1,9,0,-1,9,5,7,-1,0,2,0,0,0,0,2,1,-1,9,1,20,4,899,1,9,RENAULT CLIO,5,E01032056,0,5
2024161418503,2024,161418503,1,9,0,-1,19,7,3,-1,0,0,0,4,0,0,4,1,-1,6,2,71,10,1149,1,14,RENAULT CLIO,3,E01012901,0,1
2024991403224,2024,991403224,2,9,0,-1,2,5,4,-1,0,0,0,4,0,0,2,1,-1,6,-1,-1,-1,999,1,4,RENAULT CLIO,-1,-1,0,-1
2024221535991,2024,221535991,1,9,0,-1,19,6,1,-1,0,0,1,0,7,11,1,9,-1,6,1,18,4,1149,1,19,RENAULT CLIO,7,E01014012,0,4
2024111404831,2024,111404831,1,9,0,-1,19,2,6,-1,0,1,0,0,0,0,1,9,-1,6,2,70,10,898,1,5,RENAULT CLIO,-1,-1,0,-1
2024501458590,2024,501458590,3,9,0,-1,19,5,1,-1,0,0,0,0,1,0,1,1,-1,6,2,18,4,1461,2,11,RENAULT CLIO,5,E01020088,0,4
2024010550591,2024,010550591,1,9,0,3,3,1,5,0,0,4,1,0,0,0,2,1,6,6,2,27,6,1461,2,7,RENAULT CLIO,3,E01000403,0,1
2024221431699,2024,221431699,2,9,0,-1,19,3,6,-1,0,0,0,0,0,0,1,9,-1,1,1,45,7,1461,2,9,RENAULT CLIO,6,E01032385,0,1
2024052401137,2024,052401137,1,9,0,9,9,5,3,0,0,8,0,0,0,0,1,1,6,6,2,40,7,898,1,8,RENAULT CLIO,8,E01006263,0,1
2024461488133,2024,461488133,1,9,0,-1,19,1,5,-1,0,0,1,0,7,0,3,1,-1,9,1,26,6,1149,1,18,RENAULT CLIO,10,E01024327,0,4
2024461490450,2024,461490450,1,9,0,-1,19,5,1,-1,0,8,1,7,0,0,1,1,-1,9,1,19,4,1149,1,20,RENAULT CLIO,6,E01024013,0,2
2024421442076,2024,421442076,2,9,0,-1,19,7,3,-1,0,1,0,0,0,0,4,1,-1,2,1,50,8,1149,1,9,RENAULT CLIO,6,E01021855,0,2
2024411530560,2024,411530560,2,9,0,-1,9,6,4,-1,0,8,0,0,0,0,4,1,-1,6,2,20,4,1149,1,21,RENAULT CLIO,10,E01023523,0,1
2024131530183,2024,131530183,1,9,0,-1,9,7,1,-1,0,8,0,0,0,0,3,1,-1,6,-1,-1,-1,1149,1,17,RENAULT CLIO,-1,-1,0,-1
2024320273353,2024,320273353,1,9,0,-1,-1,8,4,0,0,1,0,0,0,0,1,1,-1,-1,2,36,7,1461,2,7,RENAULT CLIO,9,E01032999,0,2
2024451419024,2024,451419024,1,9,0,-1,8,1,5,-1,99,0,0,0,0,0,2,1,-1,9,2,27,6,1390,1,19,RENAULT CLIO,3,E01003819,0,3
2024440430212,2024,440430212,1,9,0,18,19,1,5,0,0,5,0,7,1,10,1,1,6,6,2,19,4,1149,1,17,RENAULT CLIO,3,E01034714,0,1
2024201449907,2024,201449907,1,9,0,-1,19,1,2,-1,0,4,0,0,0,0,1,1,-1,6,2,25,5,1598,1,18,RENAULT CLIO,1,E01009339,0,1
2024201518659,2024,201518659,2,9,0,-1,19,8,6,-1,0,1,0,0,0,0,2,1,-1,6,1,63,9,1461,2,10,RENAULT CLIO,2,E01010091,0,1
2024010529188,2024,010529188,2,9,0,99,99,9,9,99,99,9,9,99,9,99,9,9,6,6,3,-1,-1,1598,1,15,RENAULT CLIO,-1,-1,0,-1
2024430298271,2024,430298271,1,9,0,18,19,5,2,0,0,7,0,0,0,0,1,1,6,6,3,26,6,1461,2,11,RENAULT CLIO,6,E01028813,0,3
2024340NN1352,2024,340NN1352,2,9,0,-1,19,7,3,-1,0,8,0,0,0,0,1,1,-1,9,2,23,5,999,1,1,RENAULT CLIO,4,E01027091,0,1
2024401443638,2024,401443638,1,9,0,-1,19,8,4,-1,0,0,0,0,0,0,1,1,-1,9,2,74,10,1598,1,15,RENAULT CLIO,8,E01015806,0,1
2024461399642,2024,461399642,2,9,0,-1,19,4,8,-1,0,0,0,0,1,4,2,9,-1,1,1,59,9,1149,1,9,RENAULT CLIO,5,E01000728,0,2
2024010512199,2024,010512199,1,9,0,18,19,3,7,0,0,8,0,0,0,0,1,1,6,6,2,78,11,999,1,1,RENAULT CLIO,3,E01001841,0,1
2024351509781,2024,351509781,1,9,0,-1,5,2,5,-1,0,4,0,0,0,0,1,1,-1,6,1,69,10,1461,2,9,RENAULT CLIO,10,E01035407,0,4
2024501452262,2024,501452262,2,9,0,-1,19,4,2,-1,0,1,1,0,0,0,1,1,-1,9,2,64,9,1598,8,2,RENAULT CLIO,7,E01018803,0,3
2024501510641,2024,501510641,2,9,0,-1,19,6,2,-1,0,1,0,0,0,0,3,1,-1,6,1,18,4,1149,1,12,RENAULT CLIO,2,E01018841,0,1
2024361415368,2024,361415368,2,9,-1,-1,-1,-1,-1,-1,-1,0,-1,-1,-1,0,-1,9,-1,2,2,36,7,1461,2,13,RENAULT CLIO,7,E01026517,0,1
2024631486060,2024,631486060,2,9,0,-1,4,6,8,-1,0,0,0,0,0,0,2,1,-1,9,2,74,10,1330,1,3,RENAULT CLIO,8,W01000458,0,2
2024471530995,2024,471530995,1,9,0,-1,9,6,2,-1,0,8,0,0,0,0,1,9,-1,6,3,-1,-1,1461,2,7,RENAULT CLIO,-1,-1,0,-1
2024201501503,2024,201501503,2,9,0,-1,19,5,1,-1,0,4,0,0,0,0,1,9,-1,6,-1,-1,-1,1149,1,14,RENAULT CLIO,-1,-1,0,-1
2024161526952,2024,161526952,1,9,0,-1,19,7,3,-1,9,0,1,10,2,11,1,1,-1,9,1,15,3,1390,1,18,RENAULT CLIO,1,E01012798,0,1
2024320223866,2024,320223866,1,9,0,-1,-1,2,6,0,0,1,0,0,0,0,1,1,6,6,1,60,9,1998,1,14,RENAULT CLIO,2,E01026172,0,1
2024320387545,2024,320387545,1,9,0,-1,-1,4,8,0,0,2,5,12,1,4,1,1,-1,-1,2,22,5,1390,1,18,RENAULT CLIO,9,E01026229,0,2
2024461414407,2024,461414407,1,9,0,-1,1,3,7,-1,0,0,0,0,0,0,2,9,-1,9,2,-1,-1,1149,1,15,RENAULT CLIO,6,E01024425,0,1
2024101419923,2024,101419923,1,9,0,-1,7,5,1,-1,0,6,0,7,1,0,1,1,-1,2,2,28,6,1149,1,8,RENAULT CLIO,4,E01008614,0,1
2024010539813,2024,010539813,1,9,0,18,19,1,5,0,0,1,0,0,0,0,1,1,6,6,2,88,11,1149,1,8,RENAULT CLIO,2,E01001651,0,1
2024461438052,2024,461438052,1,9,0,-1,19,5,8,-1,0,1,0,4,0,0,1,1,-1,6,1,29,6,1149,1,13,RENAULT CLIO,2,E01024686,0,1
2024161524766,2024,161524766,2,9,0,-1,19,3,7,-1,0,1,1,0,0,0,1,1,-1,7,2,37,7,1149,1,14,RENAULT CLIO,1,E01013279,0,1
2024421445736,2024,421445736,2,9,0,-1,19,3,7,-1,0,0,0,0,0,0,3,1,-1,6,1,29,6,1461,2,6,RENAULT CLIO,2,E01021314,0,3
2024440100546,2024,440100546,1,9,0,3,3,6,2,0,0,0,0,0,0,0,2,1,2,2,2,22,5,1149,1,9,RENAULT CLIO,7,E01022690,0,1
2024141428930,2024,141428930,1,9,0,-1,19,5,1,-1,0,0,1,0,0,0,3,1,-1,9,1,37,7,1149,1,11,RENAULT CLIO,1,E01033277,0,2
2024440251265,2024,440251265,2,9,0,18,19,5,1,0,0,1,0,0,0,0,1,1,6,6,1,55,8,1598,8,3,RENAULT CLIO,5,E01022980,0,3
2024531514927,2024,531514927,2,9,0,-1,19,1,5,-1,0,0,0,0,0,0,2,1,-1,9,2,24,5,1149,1,19,RENAULT CLIO,4,E01022228,0,4
2024010542914,2024,010542914,2,9,0,2,2,0,0,0,0,0,0,0,0,0,2,1,6,6,3,-1,-1,1149,1,11,RENAULT CLIO,-1,-1,0,-1
2024131516860,2024,131516860,3,9,0,-1,2,0,0,-1,0,8,0,0,0,0,1,1,-1,6,-1,-1,-1,1149,1,9,RENAULT CLIO,-1,-1,0,-1
2024451441435,2024,451441435,1,9,0,-1,13,1,5,-1,0,1,5,0,1,4,1,1,-1,9,1,18,4,1149,1,12,RENAULT CLIO,9,E01030940,0,3
2024501486162,2024,501486162,1,9,0,-1,19,4,7,-1,0,1,5,0,1,3,1,1,-1,9,2,17,4,1149,1,17,RENAULT CLIO,5,E01020328,0,4
2024041504877,2024,041504877,1,9,0,-1,19,4,8,-1,0,0,0,0,0,0,1,1,-1,6,2,30,6,898,1,8,RENAULT CLIO,6,E01025279,0,2
2024471505508,2024,471505508,2,9,0,-1,19,6,2,-1,0,0,0,0,0,0,1,1,-1,2,2,52,8,1149,1,12,RENAULT CLIO,6,E01021199,0,1
2024320078292,2024,320078292,1,9,0,-1,-1,3,7,0,0,1,0,0,0,0,1,1,-1,-1,2,22,5,1149,1,8,RENAULT CLIO,3,E01026123,0,1
2024201527565,2024,201527565,1,9,0,-1,9,1,1,-1,0,6,0,0,0,0,1,9,-1,6,1,19,4,899,1,11,RENAULT CLIO,5,E01009961,0,1
2024991520859,2024,991520859,1,9,0,-1,13,6,2,-1,0,0,5,0,2,10,4,1,-1,9,2,56,9,898,1,8,RENAULT CLIO,7,-1,0,4
2024052401249,2024,052401249,3,9,0,18,19,5,1,0,0,0,0,0,0,0,2,1,1,1,1,46,8,1149,1,17,RENAULT CLIO,8,E01034350,0,4
202417M101524,2024,17M101524,1,9,0,18,19,7,3,0,0,1,0,0,0,0,1,1,6,6,1,22,5,1149,1,16,RENAULT CLIO,4,E01012145,0,2
2024471417438,2024,471417438,2,9,0,-1,4,1,5,-1,0,1,0,0,0,0,2,1,-1,9,1,61,9,1390,1,23,RENAULT CLIO,9,E01021227,0,1
2024041443314,2024,041443314,1,9,0,-1,19,1,5,-1,0,1,0,4,0,0,1,1,-1,9,2,73,10,1149,1,12,RENAULT CLIO,9,E01025022,0,1
2024471415491,2024,471415491,1,9,0,-1,9,7,5,-1,0,6,0,0,0,0,1,9,-1,6,1,67,10,1461,2,13,RENAULT CLIO,8,E01024055,0,4
2024430360930,2024,430360930,2,9,0,18,19,6,3,0,0,1,0,0,0,0,1,1,6,6,1,21,5,1149,1,12,RENAULT CLIO,8,E01017931,0,3
2024501425704,2024,501425704,1,9,0,-1,19,5,1,-1,0,0,2,0,2,10,4,1,-1,1,2,42,7,1149,1,14,RENAULT CLIO,5,E01020083,0,2
2024471489542,2024,471489542,2,9,0,-1,4,-1,-1,-1,0,0,0,0,0,0,1,1,-1,6,2,42,7,1149,1,20,RENAULT CLIO,6,E01031796,0,1
2024061429239,2024,061429239,2,9,0,-1,2,0,0,-1,0,0,0,0,0,0,1,1,-1,6,2,57,9,1461,2,9,RENAULT CLIO,4,E01005247,0,1
2024540539224,2024,540539224,2,9,0,9,9,2,8,0,0,2,0,0,0,0,3,1,6,6,1,76,11,1197,1,7,RENAULT CLIO,9,E01032005,0,1
2024451522498,2024,451522498,1,9,0,-1,19,3,7,-1,9,0,1,0,7,0,1,1,-1,1,1,34,6,1149,1,13,RENAULT CLIO,9,W01000299,0,5
2024302401767,2024,302401767,2,9,0,-1,9,5,3,-1,0,1,0,0,0,0,1,1,-1,9,1,18,4,1390,1,18,RENAULT CLIO,3,E01019437,0,1
2024991408705,2024,991408705,1,9,0,-1,9,8,5,-1,0,0,0,0,1,0,4,1,-1,9,1,53,8,999,1,2,RENAULT CLIO,2,-1,0,3
2024221448964,2024,221448964,1,9,0,-1,19,7,2,-1,0,0,0,10,1,0,1,1,-1,2,1,47,8,1149,1,15,RENAULT CLIO,1,E01032434,0,4
2024131490991,2024,131490991,1,9,0,-1,-1,-1,-1,-1,-1,0,-1,-1,-1,-1,-1,1,-1,6,3,-1,-1,1149,1,16,RENAULT CLIO,-1,-1,0,-1
2024311494976,2024,311494976,1,9,0,-1,7,7,1,-1,0,8,0,0,0,0,3,1,-1,2,2,50,8,1149,1,13,RENAULT CLIO,-1,-1,0,-1
2024221501494,2024,221501494,1,9,0,-1,19,6,2,-1,0,0,0,0,0,0,1,1,-1,9,1,44,7,1149,1,16,RENAULT CLIO,8,E01013997,0,2
2024061410545,2024,061410545,2,9,-1,-1,-1,-1,-1,-1,-1,0,-1,-1,-1,0,-1,9,-1,6,1,-1,-1,1149,1,9,RENAULT CLIO,3,E01005531,0,1
202460Q005715,2024,60Q005715,1,9,0,9,9,5,3,0,0,1,0,0,0,0,2,1,6,6,1,23,5,1149,1,7,RENAULT CLIO,-1,-1,0,-1
2024131514519,2024,131514519,2,9,0,-1,19,7,3,-1,0,8,0,0,0,0,3,1,-1,6,1,32,6,1461,2,10,RENAULT CLIO,3,E01011717,0,1
2024451457103,2024,451457103,3,9,0,-1,2,3,7,-1,0,1,0,0,0,0,1,1,-1,6,2,23,5,1149,1,8,RENAULT CLIO,9,E01030987,0,1
2024332400019,2024,332400019,1,9,0,-1,19,4,8,-1,0,2,0,0,0,0,1,1,-1,6,1,-1,-1,1390,1,19,RENAULT CLIO,-1,-1,0,-1
2024101505035,2024,101505035,2,9,0,-1,9,7,1,-1,0,1,0,0,0,0,3,1,-1,6,1,25,5,1149,1,11,RENAULT CLIO,6,E01027484,0,1
2024522403418,2024,522403418,1,9,0,18,19,8,4,0,0,8,0,0,0,0,2,1,6,6,1,26,6,1149,1,7,RENAULT CLIO,7,E01014577,0,2