collision_index,collision_year,collision_ref_no,vehicle_reference,vehicle_type,towing_and_articulation,vehicle_manoeuvre_historic,vehicle_manoeuvre,vehicle_direction_from,vehicle_direction_to,vehicle_location_restricted_lane_historic,vehicle_location_restricted_lane,junction_location,skidding_and_overturning,hit_object_in_carriageway,vehicle_leaving_carriageway,hit_object_off_carriageway,first_point_of_impact,vehicle_left_hand_drive,journey_purpose_of_driver_historic,journey_purpose_of_driver,sex_of_driver,age_of_driver,age_band_of_driver,engine_capacity_cc,propulsion_code,age_of_vehicle,generic_make_model,driver_imd_decile,lsoa_of_driver,escooter_flag,driver_distance_banding
2024161530660,2024,161530660,2,9,0,-1,19,1,5,-1,0,1,0,0,0,0,3,9,-1,6,1,-1,-1,1149,1,13,RENAULT CLIO,1,E01012891,0,2
2024131438842,2024,131438842,1,9,0,-1,11,3,7,-1,0,8,0,0,0,0,4,1,-1,6,3,-1,-1,1618,1,8,RENAULT CLIO,-1,-1,0,-1
2024131507792,2024,131507792,1,9,0,-1,19,5,1,-1,0,0,0,0,0,0,1,1,-1,9,2,23,5,1149,1,12,RENAULT CLIO,8,E01011589,0,4
2024631466820,2024,631466820,2,9,0,-1,19,3,6,-1,0,0,0,0,2,10,3,1,-1,6,2,26,6,899,1,10,RENAULT CLIO,6,W01000671,0,1
2024340WN1202,2024,340WN1202,2,9,0,-1,19,7,3,-1,0,8,0,0,0,0,1,1,-1,9,1,28,6,899,1,10,RENAULT CLIO,3,E01027112,0,1
2024522401129,2024,522401129,1,9,0,18,19,2,6,0,0,0,0,0,0,0,1,1,6,6,2,25,5,1390,1,18,RENAULT CLIO,4,E01033362,0,1
2024461515769,2024,461515769,1,9,0,-1,5,4,2,-1,0,8,0,0,0,0,1,1,-1,9,2,60,9,1598,1,14,RENAULT CLIO,4,E01033834,0,5
2024231499568,2024,231499568,1,9,0,-1,19,2,7,-1,0,0,0,0,1,6,1,1,-1,6,2,33,6,1149,1,17,RENAULT CLIO,8,E01031236,0,3
2024991458914,2024,991458914,1,9,0,-1,19,5,1,-1,0,8,0,0,0,0,1,1,-1,9,1,50,8,1461,2,14,RENAULT CLIO,-1,-1,0,-1
2024320370052,2024,320370052,1,9,0,9,9,7,5,0,0,6,0,0,0,0,4,-1,-1,-1,1,22,5,1461,2,9,RENAULT CLIO,-1,-1,0,-1
2024141410641,2024,141410641,1,9,0,-1,19,8,4,-1,0,0,0,0,0,0,1,1,-1,2,2,65,9,1149,1,6,RENAULT CLIO,4,E01007537,0,2
2024141418985,2024,141418985,6,9,0,-1,19,1,5,-1,0,0,0,0,0,0,1,1,-1,6,1,20,4,1149,1,14,RENAULT CLIO,7,E01027738,0,4
2024221495246,2024,221495246,2,9,0,-1,19,8,4,-1,0,8,0,0,0,0,1,9,-1,9,2,48,8,1149,1,16,RENAULT CLIO,6,E01028971,0,2
2024471536570,2024,471536570,2,9,0,-1,7,7,3,-1,0,1,0,0,0,0,2,2,-1,6,1,66,10,1461,2,15,RENAULT CLIO,8,E01016960,0,1
2024631461106,2024,631461106,3,9,0,-1,2,0,0,-1,0,2,0,0,0,0,3,1,-1,6,-1,-1,-1,1149,1,6,RENAULT CLIO,-1,-1,0,-1
2024131420763,2024,131420763,1,9,0,-1,5,7,6,-1,0,0,0,0,0,0,3,1,-1,2,1,29,6,1149,1,13,RENAULT CLIO,1,E01010926,0,1
2024101498329,2024,101498329,1,9,0,-1,19,7,3,-1,0,0,1,7,7,0,1,1,-1,2,1,30,6,1149,1,14,RENAULT CLIO,5,E01027409,0,3
2024101403124,2024,101403124,1,9,0,-1,3,5,1,-1,0,1,0,0,0,0,1,1,-1,6,1,42,7,999,1,1,RENAULT CLIO,1,E01008854,0,1
2024631475626,2024,631475626,1,9,0,-1,19,6,1,-1,0,0,1,0,0,0,1,1,-1,6,1,18,4,1149,1,23,RENAULT CLIO,5,W01000648,0,1
2024461404844,2024,461404844,1,9,0,-1,19,1,5,-1,0,0,0,0,1,4,1,9,-1,6,1,19,4,1149,1,16,RENAULT CLIO,4,E01033915,0,4
2024070956233,2024,070956233,2,9,0,-1,4,3,7,-1,0,0,0,0,0,0,2,1,-1,9,1,22,5,1198,1,10,RENAULT CLIO,9,E01012494,0,1
2024031416425,2024,031416425,1,9,0,-1,4,3,7,-1,0,2,0,0,0,0,1,1,-1,9,1,69,10,1149,1,23,RENAULT CLIO,6,E01019320,0,3
2024302401002,2024,302401002,2,9,0,4,4,8,4,0,0,8,0,0,0,0,1,1,6,6,1,50,8,1149,1,16,RENAULT CLIO,6,E01019598,0,3
2024531508179,2024,531508179,1,9,0,-1,19,7,3,-1,0,2,0,0,3,0,1,1,-1,9,1,34,6,999,1,1,RENAULT CLIO,-1,-1,0,-1
2024101426824,2024,101426824,1,9,0,-1,19,2,6,-1,0,0,1,0,2,0,3,1,-1,6,2,28,6,1390,1,18,RENAULT CLIO,2,E01020686,0,4
2024361515049,2024,361515049,1,9,0,-1,19,3,7,-1,0,0,0,0,7,4,1,1,-1,6,2,29,6,1149,1,12,RENAULT CLIO,5,E01026423,0,3
2024070350967,2024,070350967,2,9,0,9,9,7,6,0,0,8,1,0,0,0,3,1,6,6,1,28,6,999,1,2,RENAULT CLIO,7,E01034671,0,1
2024010505702,2024,010505702,1,9,0,5,5,5,1,0,0,3,0,0,0,0,1,1,6,6,2,89,11,898,1,5,RENAULT CLIO,8,E01002949,0,1
2024461502418,2024,461502418,2,9,0,-1,19,5,1,-1,0,0,0,0,0,0,1,1,-1,7,2,18,4,999,1,4,RENAULT CLIO,4,E01024168,0,1
2024061537151,2024,061537151,1,9,0,-1,19,3,7,-1,0,1,0,0,0,0,1,9,-1,6,3,-1,-1,1390,1,18,RENAULT CLIO,-1,-1,0,-1
2024201491623,2024,201491623,1,9,0,-1,9,5,1,-1,0,1,0,0,0,0,3,1,-1,6,2,35,6,1149,1,7,RENAULT CLIO,-1,-1,0,-1
2024991472793,2024,991472793,3,9,0,-1,4,4,8,-1,0,0,0,0,0,0,2,1,-1,9,1,38,7,1149,1,7,RENAULT CLIO,3,-1,0,4
2024461425808,2024,461425808,1,9,0,-1,19,5,2,-1,0,0,1,0,8,9,1,9,-1,2,2,42,7,1461,2,15,RENAULT CLIO,8,E01021150,0,4
2024461534269,2024,461534269,1,9,0,-1,5,5,3,-1,0,0,2,10,0,0,1,1,-1,6,1,20,4,1461,2,11,RENAULT CLIO,2,E01033212,0,1
2024361535668,2024,361535668,1,9,0,-1,5,0,0,-1,0,5,0,0,0,0,3,1,-1,9,2,60,9,1149,1,19,RENAULT CLIO,6,E01026774,0,1
2024332400539,2024,332400539,1,9,0,-1,19,6,2,-1,0,8,0,0,0,0,3,1,-1,2,2,42,7,999,1,1,RENAULT CLIO,8,E01025775,0,3
2024501490428,2024,501490428,1,9,0,-1,4,8,4,-1,0,1,0,0,0,0,2,1,-1,9,2,31,6,1461,2,13,RENAULT CLIO,7,E01018789,0,1
2024631415426,2024,631415426,2,9,0,-1,19,6,2,-1,0,8,0,0,0,0,4,1,-1,9,-1,74,10,1461,2,18,RENAULT CLIO,7,W01000682,0,2
2024340WN1332,2024,340WN1332,1,9,0,-1,9,3,1,-1,0,6,1,0,3,9,3,1,-1,2,2,29,6,899,1,10,RENAULT CLIO,6,E01027232,0,3
2024411525495,2024,411525495,1,9,0,-1,19,3,7,-1,0,3,2,4,0,0,3,1,-1,2,1,20,4,1149,1,10,RENAULT CLIO,10,E01033025,0,1
202417S107324,2024,17S107324,1,9,0,-1,4,1,5,-1,0,0,0,0,0,0,2,1,-1,9,1,60,9,1149,1,12,RENAULT CLIO,8,E01012065,0,2
2024141424701,2024,141424701,2,9,0,-1,19,3,7,-1,0,1,0,0,0,0,1,9,-1,6,2,18,4,1390,1,20,RENAULT CLIO,1,E01007764,0,1
2024991412689,2024,991412689,1,9,0,-1,19,1,5,-1,0,1,0,0,0,0,1,1,-1,6,1,41,7,999,1,3,RENAULT CLIO,2,E01019199,0,4
2024991421130,2024,991421130,1,9,0,-1,9,3,1,-1,0,6,0,0,0,0,3,1,-1,9,1,32,6,1149,1,14,RENAULT CLIO,2,-1,0,3
2024461505358,2024,461505358,3,9,0,-1,19,6,2,-1,0,0,0,0,0,0,2,9,-1,6,3,-1,-1,1149,1,16,RENAULT CLIO,-1,-1,0,-1
2024320329836,2024,320329836,2,9,0,-1,-1,7,3,0,0,8,0,0,0,0,4,1,-1,-1,1,53,8,1149,1,15,RENAULT CLIO,-1,-1,0,-1
2024440003491,2024,440003491,1,9,0,18,19,5,1,0,0,8,0,0,0,0,1,1,6,6,1,17,4,1149,1,16,RENAULT CLIO,-1,-1,0,-1
2024440197725,2024,440197725,1,9,0,9,9,6,4,0,0,4,0,0,0,0,3,1,6,6,2,76,11,1149,1,12,RENAULT CLIO,4,E01004633,0,5
2024131509764,2024,131509764,1,9,0,-1,19,2,6,-1,-1,0,1,0,0,0,1,1,-1,2,1,30,6,1149,1,9,RENAULT CLIO,-1,-1,0,-1
2024311409586,2024,311409586,2,9,0,-1,19,4,4,-1,0,1,0,0,0,0,1,1,-1,9,1,17,4,1149,1,12,RENAULT CLIO,9,E01013979,0,1
2024010547235,2024,010547235,2,9,0,2,2,0,0,0,0,2,0,0,0,0,2,1,6,6,3,-1,-1,999,1,2,RENAULT CLIO,-1,-1,0,-1
2024421468602,2024,421468602,2,9,0,-1,19,5,1,-1,0,2,0,0,0,0,4,1,-1,6,2,45,7,1149,1,14,RENAULT CLIO,7,E01021369,0,4
2024501447392,2024,501447392,1,8,0,-1,19,4,8,-1,0,0,0,0,0,0,2,2,-1,6,2,23,5,898,1,7,RENAULT CLIO,6,E01020056,0,1
2024010520189,2024,010520189,1,9,0,18,19,7,3,0,0,0,0,0,0,0,2,1,2,2,2,48,8,1149,1,14,RENAULT CLIO,7,E01024158,0,3
2024221408741,2024,221408741,2,9,0,-1,19,5,1,-1,0,0,0,0,0,0,2,1,-1,1,1,54,8,1598,1,16,RENAULT CLIO,2,E01005661,0,5
2024351539300,2024,351539300,2,9,0,-1,-1,-1,-1,-1,-1,-1,-1,-1,-1,0,4,1,-1,9,2,22,5,1149,1,13,RENAULT CLIO,9,E01023597,0,2
2024302401540,2024,302401540,2,9,0,3,3,6,2,0,0,0,0,0,0,0,1,1,6,6,2,34,6,898,1,6,RENAULT CLIO,1,E01013566,0,1
2024061406265,2024,061406265,2,9,0,-1,19,6,2,-1,0,0,0,0,0,0,1,1,-1,6,2,41,7,899,1,9,RENAULT CLIO,1,E01005191,0,2
2024070492917,2024,070492917,1,9,0,18,19,3,7,0,0,0,0,0,0,0,1,1,6,6,2,43,7,1461,2,10,RENAULT CLIO,2,E01034670,0,2
2024991407875,2024,991407875,1,9,0,-1,19,6,2,-1,0,0,0,0,0,0,1,9,-1,6,1,25,5,1461,2,14,RENAULT CLIO,7,-1,0,1
2024610006924,2024,610006924,1,9,0,18,19,3,7,0,0,7,0,0,0,0,2,1,2,2,2,43,7,1149,1,15,RENAULT CLIO,10,W01001627,0,1
2024070703830,2024,070703830,1,9,0,-1,-1,7,3,0,0,4,0,0,0,0,1,1,6,6,1,-1,-1,1149,1,10,RENAULT CLIO,-1,-1,0,-1
2024451526809,2024,451526809,1,9,0,-1,19,3,7,-1,0,0,1,0,7,0,1,1,-1,1,2,23,5,898,1,6,RENAULT CLIO,8,E01030405,0,4
2024991432246,2024,991432246,1,9,0,-1,19,6,2,-1,0,0,0,0,0,0,1,1,-1,6,2,34,6,999,1,1,RENAULT CLIO,5,-1,0,1
2024421444054,2024,421444054,1,9,0,-1,19,5,8,-1,0,0,0,0,7,0,1,1,-1,6,2,34,6,1149,1,20,RENAULT CLIO,3,E01021418,0,1
2024991580347,2024,991580347,2,9,0,-1,15,7,3,-1,0,0,0,0,0,0,1,1,-1,9,2,34,6,1461,2,8,RENAULT CLIO,3,-1,0,1
2024471458854,2024,471458854,1,9,0,-1,19,7,2,-1,0,0,0,0,0,0,1,1,-1,9,2,73,10,1390,1,19,RENAULT CLIO,7,E01031616,0,2
2024471439062,2024,471439062,2,9,0,-1,1,3,7,-1,0,0,0,0,0,0,2,1,-1,6,2,81,11,1390,1,24,RENAULT CLIO,4,E01031799,0,1
2024010542341,2024,010542341,2,9,0,99,99,9,9,99,99,9,9,99,9,99,9,9,6,6,1,45,7,1598,1,18,RENAULT CLIO,2,E01000083,0,1
2024201524234,2024,201524234,2,9,0,-1,9,3,1,-1,0,0,0,0,0,0,3,1,-1,2,2,24,5,899,1,9,RENAULT CLIO,1,E01008972,0,1
2024141432908,2024,141432908,2,9,0,-1,19,7,3,-1,0,0,0,0,0,0,1,9,-1,6,3,-1,-1,1149,1,11,RENAULT CLIO,-1,-1,0,-1
2024501484789,2024,501484789,1,9,0,-1,9,2,6,-1,0,1,1,10,1,10,4,1,-1,2,1,32,6,1149,1,13,RENAULT CLIO,4,E01015142,0,2
2024430054151,2024,430054151,2,9,0,1,1,3,7,0,0,0,0,0,0,0,2,1,6,6,1,-1,-1,1149,1,14,RENAULT CLIO,-1,-1,0,-1
2024461455157,2024,461455157,1,9,0,-1,19,3,7,-1,0,0,0,2,0,0,1,9,-1,6,1,19,4,1149,1,16,RENAULT CLIO,2,E01016160,0,1
2024451456120,2024,451456120,1,9,0,-1,19,5,1,-1,0,0,1,0,0,0,3,1,-1,9,2,46,8,1461,2,7,RENAULT CLIO,3,E01016975,0,4
2024122400493,2024,122400493,1,9,0,9,9,3,1,0,0,8,0,0,0,0,1,1,6,6,2,25,5,1149,1,10,RENAULT CLIO,3,E01027861,0,1
2024411504511,2024,411504511,3,9,0,-1,5,1,5,-1,0,4,0,0,0,0,2,1,-1,9,2,44,7,1461,2,8,RENAULT CLIO,-1,-1,0,-1
2024041522823,2024,041522823,1,9,0,-1,19,7,1,-1,0,8,0,0,0,0,3,1,-1,6,1,68,10,899,1,11,RENAULT CLIO,10,E01010697,0,4
2024531508547,2024,531508547,1,9,0,-1,19,3,7,-1,0,0,5,0,7,0,1,1,-1,1,1,27,6,1461,2,14,RENAULT CLIO,7,E01022376,0,3
2024131471332,2024,131471332,1,9,0,-1,9,4,8,-1,0,1,0,0,0,0,1,1,-1,2,2,26,6,899,1,9,RENAULT CLIO,6,E01012771,0,4
2024221481837,2024,221481837,1,9,0,-1,19,3,7,-1,0,4,0,0,0,0,1,9,-1,6,1,21,5,1149,1,17,RENAULT CLIO,-1,-1,0,-1
2024501465671,2024,501465671,1,9,0,-1,19,1,5,-1,0,0,5,0,8,10,3,1,-1,9,2,18,4,1149,1,19,RENAULT CLIO,4,E01020311,0,1
2024201504074,2024,201504074,3,9,0,-1,5,4,7,-1,0,4,0,0,0,0,3,1,-1,1,1,21,5,1461,2,8,RENAULT CLIO,2,E01009995,0,3
2024440136204,2024,440136204,2,9,0,5,5,2,6,0,0,8,0,0,0,0,1,1,6,6,1,-1,-1,1461,2,18,RENAULT CLIO,-1,-1,0,-1
2024411489633,2024,411489633,3,9,0,-1,19,7,3,-1,0,0,0,0,0,0,3,1,-1,6,1,51,8,1149,1,15,RENAULT CLIO,2,E01015698,0,4
2024361517550,2024,361517550,1,9,0,-1,4,1,5,-1,0,1,0,0,0,0,1,1,-1,6,2,18,4,1149,1,13,RENAULT CLIO,7,E01026545,0,1
2024332400078,2024,332400078,2,9,0,-1,19,1,5,-1,0,2,0,0,0,0,4,1,-1,6,2,85,11,1598,1,18,RENAULT CLIO,5,E01025646,0,1
2024371555558,2024,371555558,1,9,0,-1,19,2,6,-1,0,0,1,0,1,0,3,1,-1,2,1,28,6,1461,2,15,RENAULT CLIO,7,E01029981,0,3
2024041473575,2024,041473575,1,9,0,-1,9,3,5,-1,0,8,0,0,0,0,4,1,-1,9,2,21,5,1330,1,4,RENAULT CLIO,6,E01024985,0,1
2024411438258,2024,411438258,2,9,0,-1,2,0,0,-1,0,2,0,0,0,0,2,1,-1,6,-1,-1,-1,898,1,7,RENAULT CLIO,-1,-1,0,-1
2024061505903,2024,061505903,2,9,0,-1,4,7,3,-1,0,0,0,0,0,0,2,1,-1,6,1,-1,-1,1598,8,2,RENAULT CLIO,-1,-1,0,-1
2024622400103,2024,622400103,1,9,0,16,19,4,8,0,0,0,0,0,1,11,1,1,1,1,1,19,4,1149,1,14,RENAULT CLIO,10,W01001106,0,1
2024131520452,2024,131520452,1,9,0,-1,11,3,7,-1,0,0,0,0,0,0,4,1,-1,6,3,-1,-1,1461,2,20,RENAULT CLIO,-1,-1,0,-1
2024991406190,2024,991406190,2,9,0,-1,19,1,5,-1,0,2,1,0,0,0,4,1,-1,9,1,32,6,1461,2,8,RENAULT CLIO,2,-1,0,1
2024061526953,2024,061526953,2,9,0,-1,19,3,7,-1,0,1,0,0,0,0,1,1,-1,6,3,35,6,1149,1,17,RENAULT CLIO,-1,-1,0,-1
2024461510167,2024,461510167,2,9,0,-1,19,3,7,-1,0,0,1,0,0,0,3,1,-1,9,2,33,6,1149,1,16,RENAULT CLIO,7,E01000362,0,1
2024421449903,2024,421449903,1,9,0,-1,19,8,7,-1,0,6,0,0,3,0,3,1,-1,1,1,55,8,1598,8,2,RENAULT CLIO,2,E01022046,0,2
2024320667805,2024,320667805,2,9,0,9,9,6,4,0,0,6,0,0,0,0,1,1,-1,-1,2,61,9,1149,1,14,RENAULT CLIO,4,E01026256,0,1
2024461450093,2024,461450093,2,9,0,-1,4,1,5,-1,0,0,0,0,0,0,2,1,-1,6,1,27,6,1598,8,2,RENAULT CLIO,3,E01000435,0,4
2024440167728,2024,440167728,1,9,0,9,9,8,6,0,0,6,0,0,0,0,3,1,6,6,2,19,4,1461,2,15,RENAULT CLIO,6,E01022962,0,1
2024461466639,2024,461466639,1,9,0,-1,9,4,1,-1,0,8,0,0,0,0,3,1,-1,2,1,31,6,898,1,8,RENAULT CLIO,5,E01016088,0,1
2024070267493,2024,070267493,1,9,0,18,19,4,8,0,0,0,0,0,0,0,1,1,1,1,2,49,8,999,1,1,RENAULT CLIO,2,E01018523,0,1
2024070072544,2024,070072544,2,9,0,5,5,5,1,0,0,8,0,0,0,0,1,1,6,6,2,62,9,898,1,5,RENAULT CLIO,4,E01018447,0,3
2024311430911,2024,311430911,1,9,0,-1,19,3,7,-1,0,1,2,10,0,0,3,1,-1,9,2,52,8,1149,1,7,RENAULT CLIO,7,E01026153,0,4
2024302401021,2024,302401021,2,9,0,18,19,1,7,0,0,1,0,0,0,0,1,1,2,2,2,57,9,1598,1,18,RENAULT CLIO,3,E01013513,0,1
2024141514605,2024,141514605,1,9,0,-1,7,1,5,-1,5,0,1,0,0,0,0,1,-1,9,1,18,4,1149,1,13,RENAULT CLIO,1,E01011746,0,3
2024052400957,2024,052400957,6,9,0,2,2,0,0,0,0,1,0,0,0,0,3,1,6,6,3,-1,-1,999,1,1,RENAULT CLIO,-1,-1,0,-1
2024501405928,2024,501405928,2,9,0,-1,19,6,2,-1,-1,0,0,10,1,0,1,1,-1,6,2,30,6,1149,1,18,RENAULT CLIO,5,E01018849,0,2
2024201525183,2024,201525183,1,9,0,-1,9,5,3,-1,0,6,0,0,0,0,3,1,-1,6,1,65,9,1149,1,11,RENAULT CLIO,2,E01010021,0,1
2024991501826,2024,991501826,3,9,0,-1,2,0,0,-1,0,1,0,0,0,0,3,1,-1,6,-1,-1,-1,1461,2,8,RENAULT CLIO,-1,-1,0,-1
2024231414502,2024,231414502,2,9,0,-1,19,5,1,-1,0,8,0,0,0,0,1,9,-1,6,2,27,6,1461,2,10,RENAULT CLIO,7,E01031099,0,2
2024161498763,2024,161498763,3,9,0,-1,2,0,0,-1,0,0,0,0,0,0,0,1,-1,6,1,65,9,1149,1,16,RENAULT CLIO,5,E01013244,0,2
2024991453659,2024,991453659,1,9,0,-1,5,8,4,-1,0,0,0,4,7,0,1,1,-1,6,2,19,4,1461,2,6,RENAULT CLIO,8,-1,0,4
2024311486012,2024,311486012,1,9,0,-1,19,5,1,-1,0,7,5,0,7,0,3,1,-1,6,2,32,6,1149,1,14,RENAULT CLIO,9,E01033777,0,1
2024131443864,2024,131443864,1,9,0,-1,11,7,4,-1,0,8,5,10,0,0,3,1,-1,9,1,23,5,898,1,5,RENAULT CLIO,10,E01016658,0,5
2024010522345,2024,010522345,1,9,0,6,6,7,7,0,0,2,0,0,0,0,1,1,6,6,1,33,6,1598,8,0,RENAULT CLIO,3,E01001795,0,1
2024131440696,2024,131440696,1,9,0,-1,-1,-1,-1,-1,-1,-1,-1,-1,-1,-1,-1,1,-1,6,3,-1,-1,1461,2,11,RENAULT CLIO,-1,-1,0,-1
2024522401357,2024,522401357,2,9,0,9,9,4,2,0,0,5,0,0,0,0,1,1,6,6,2,-1,-1,1149,1,10,RENAULT CLIO,-1,-1,0,-1
2024471411090,2024,471411090,2,9,0,-1,1,1,6,-1,0,0,0,0,0,0,2,1,-1,9,2,30,6,1461,2,14,RENAULT CLIO,8,E01016870,0,3
2024471451280,2024,471451280,1,9,0,-1,4,1,5,-1,0,0,0,0,0,0,1,1,-1,6,2,39,7,1598,1,15,RENAULT CLIO,4,E01020947,0,3
2024141413828,2024,141413828,1,9,0,-1,10,3,7,-1,0,1,0,0,0,0,2,1,-1,6,2,21,5,1149,1,19,RENAULT CLIO,1,E01007472,0,1
2024371566652,2024,371566652,2,9,0,-1,19,3,7,-1,0,0,0,0,0,0,2,1,-1,1,2,54,8,999,1,2,RENAULT CLIO,8,E01030000,0,1
2024061539824,2024,061539824,1,9,0,-1,19,2,5,-1,0,8,0,0,0,0,1,1,-1,6,1,47,8,1149,1,18,RENAULT CLIO,4,E01010978,0,4
2024041462543,2024,041462543,1,9,0,-1,19,-1,-1,-1,0,0,0,0,0,0,1,9,-1,6,2,23,5,1149,1,12,RENAULT CLIO,6,E01025608,0,1
2024361521315,2024,361521315,1,9,0,-1,19,5,1,-1,0,0,0,0,0,0,4,1,-1,6,2,62,9,1598,8,0,RENAULT CLIO,8,E01030280,0,4
2024070723575,2024,070723575,1,9,0,-1,19,2,4,-1,0,0,5,0,2,11,1,1,-1,9,1,18,4,1149,1,19,RENAULT CLIO,1,E01029554,0,3
2024122400741,2024,122400741,1,9,0,9,9,6,3,0,0,6,0,0,0,0,1,1,6,6,2,32,6,1149,1,13,RENAULT CLIO,6,E01033069,0,1
2024461404626,2024,461404626,1,9,0,-1,19,5,1,-1,0,1,2,10,7,0,3,9,-1,6,1,18,4,1149,1,14,RENAULT CLIO,8,E01030822,0,4
2024161467325,2024,161467325,2,9,0,-1,9,1,7,-1,0,8,0,0,0,0,3,1,-1,6,1,30,6,1149,1,9,RENAULT CLIO,1,E01013300,0,4
2024221547426,2024,221547426,1,9,0,-1,19,6,4,-1,0,0,1,10,8,4,2,2,-1,6,1,16,4,1149,1,20,RENAULT CLIO,5,E01014000,0,1
2024141557303,2024,141557303,2,9,0,-1,4,1,5,-1,0,0,0,0,0,0,1,1,-1,6,2,-1,-1,1149,1,11,RENAULT CLIO,9,E01023289,0,5
2024622400108,2024,622400108,4,9,0,2,2,0,0,0,0,1,0,0,0,0,1,1,6,6,3,-1,-1,999,1,3,RENAULT CLIO,-1,-1,0,-1
2024991509572,2024,991509572,1,9,0,-1,19,1,5,-1,0,2,0,0,0,0,1,1,-1,9,2,21,5,899,1,11,RENAULT CLIO,1,-1,0,1
2024421476575,2024,421476575,2,9,0,-1,19,7,3,-1,0,8,5,0,7,9,1,1,-1,9,1,20,4,899,1,11,RENAULT CLIO,8,E01021911,0,2
2024461428485,2024,461428485,2,9,0,-1,19,3,8,-1,0,2,0,0,0,0,1,9,-1,9,2,50,8,1149,1,14,RENAULT CLIO,2,E01033212,0,4
2024451531353,2024,451531353,1,9,0,-1,4,8,6,-1,0,0,0,0,0,0,3,1,-1,6,2,41,7,1149,1,10,RENAULT CLIO,6,E01030842,0,1
2024461442465,2024,461442465,2,9,0,-1,3,4,8,-1,0,0,0,0,0,0,2,9,-1,6,1,54,8,1149,1,8,RENAULT CLIO,6,E01024052,0,2
202460Q040852,2024,60Q040852,1,9,0,18,19,3,7,0,0,2,0,0,0,0,1,1,6,6,2,22,5,898,1,5,RENAULT CLIO,-1,-1,0,-1
2024540407724,2024,540407724,1,9,0,3,3,5,1,0,0,1,0,0,0,0,3,1,1,1,2,62,9,1149,1,6,RENAULT CLIO,7,E01032098,0,1
2024471467260,2024,471467260,1,9,0,-1,5,1,5,-1,0,4,0,0,0,0,1,1,-1,9,2,26,6,898,1,9,RENAULT CLIO,10,E01021023,0,1
2024201542254,2024,201542254,2,9,0,-1,19,3,7,-1,0,1,0,0,0,0,4,9,-1,6,1,42,7,898,1,6,RENAULT CLIO,8,E01027054,0,4
2024201395116,2024,201395116,2,9,0,-1,19,7,3,-1,0,0,0,0,0,0,2,9,-1,1,1,39,7,999,1,4,RENAULT CLIO,1,E01009332,0,1
2024010534834,2024,010534834,1,9,0,3,3,3,7,0,0,1,0,0,0,0,2,1,6,6,1,26,6,999,1,1,RENAULT CLIO,-1,-1,0,-1
2024451493830,2024,451493830,2,9,0,-1,19,6,2,-1,0,0,0,0,0,0,2,1,-1,6,2,40,7,1330,1,4,RENAULT CLIO,6,E01001284,0,4
2024461399878,2024,461399878,1,9,0,-1,19,1,5,-1,0,0,1,0,0,0,3,9,-1,6,2,35,6,1390,1,18,RENAULT CLIO,5,E01024086,0,1
2024991511526,2024,991511526,1,9,0,-1,19,6,2,-1,0,0,2,0,8,0,1,1,-1,9,2,22,5,999,1,4,RENAULT CLIO,9,-1,0,2
2024622400840,2024,622400840,1,9,0,18,19,7,3,0,0,3,0,0,0,0,1,1,6,6,2,82,11,1149,1,13,RENAULT CLIO,4,W01001063,0,1
2024101527243,2024,101527243,1,9,0,-1,11,1,5,-1,0,0,0,0,0,0,1,1,-1,6,1,36,7,1390,1,18,RENAULT CLIO,2,E01008339,0,1
2024471406907,2024,471406907,1,9,0,-1,15,3,5,-1,0,3,0,0,0,0,4,1,-1,6,1,33,6,1461,2,17,RENAULT CLIO,7,E01021094,0,1
202417S208424,2024,17S208424,1,9,0,-1,19,6,2,-1,0,0,0,0,1,7,3,1,-1,1,1,32,6,1149,1,16,RENAULT CLIO,-1,-1,0,-1
2024991431977,2024,991431977,2,9,0,-1,2,3,3,-1,0,0,0,4,0,0,1,1,-1,6,-1,-1,-1,1149,1,8,RENAULT CLIO,-1,-1,0,-1
2024991426949,2024,991426949,2,9,0,-1,19,7,3,-1,0,0,0,0,0,0,3,1,-1,9,1,31,6,1149,1,18,RENAULT CLIO,4,-1,0,1
2024010511959,2024,010511959,1,9,0,18,19,5,1,0,0,2,0,0,1,0,4,1,6,6,1,82,11,1461,2,8,RENAULT CLIO,-1,-1,0,-1
2024101538436,2024,101538436,1,9,0,-1,12,5,1,-1,0,0,0,0,0,0,3,9,-1,6,1,25,5,1149,1,17,RENAULT CLIO,-1,-1,0,-1
2024471486567,2024,471486567,1,9,0,-1,19,4,8,-1,0,0,1,7,1,11,1,1,-1,9,1,19,4,1149,1,17,RENAULT CLIO,7,E01021061,0,1
2024070119588,2024,070119588,3,9,0,18,19,3,7,0,0,0,0,0,0,0,1,1,6,6,1,44,7,1149,1,14,RENAULT CLIO,7,E01012527,0,4
2024221515407,2024,221515407,1,9,0,-1,19,8,5,-1,0,0,1,0,2,0,1,1,-1,7,2,17,4,1149,1,14,RENAULT CLIO,8,W01000486,0,2
2024161398951,2024,161398951,1,9,0,-1,19,3,8,-1,0,1,0,0,0,0,1,1,-1,9,2,17,4,1149,1,17,RENAULT CLIO,9,E01033297,0,1