collision_index,collision_year,collision_ref_no,vehicle_reference,vehicle_type,towing_and_articulation,vehicle_manoeuvre_historic,vehicle_manoeuvre,vehicle_direction_from,vehicle_direction_to,vehicle_location_restricted_lane_historic,vehicle_location_restricted_lane,junction_location,skidding_and_overturning,hit_object_in_carriageway,vehicle_leaving_carriageway,hit_object_off_carriageway,first_point_of_impact,vehicle_left_hand_drive,journey_purpose_of_driver_historic,journey_purpose_of_driver,sex_of_driver,age_of_driver,age_band_of_driver,engine_capacity_cc,propulsion_code,age_of_vehicle,generic_make_model,driver_imd_decile,lsoa_of_driver,escooter_flag,driver_distance_banding
2024991410423,2024,991410423,2,9,0,-1,19,6,2,-1,0,0,0,0,0,0,3,1,-1,9,2,50,8,1149,1,11,RENAULT CLIO,3,-1,0,1
2024201446836,2024,201446836,1,9,0,-1,9,3,8,-1,9,3,1,10,1,4,4,9,-1,9,2,36,7,1149,1,15,RENAULT CLIO,1,E01010410,0,1
2024131404244,2024,131404244,1,9,0,-1,19,1,5,-1,0,1,0,0,0,0,1,1,-1,2,2,53,8,1461,2,6,RENAULT CLIO,3,E01011843,0,2
2024421508624,2024,421508624,2,9,0,-1,19,8,3,-1,0,3,0,0,1,0,3,1,-1,9,2,27,6,1149,1,10,RENAULT CLIO,6,E01021355,0,1
2024631412657,2024,631412657,1,9,0,-1,5,6,4,-1,0,6,0,0,0,0,1,1,-1,6,1,48,8,898,1,8,RENAULT CLIO,2,W01000594,0,2
2024122400555,2024,122400555,1,9,0,18,19,1,3,0,0,0,0,0,0,0,0,1,6,6,2,89,11,1149,1,14,RENAULT CLIO,9,E01033186,0,4
2024131441662,2024,131441662,1,9,0,-1,19,5,1,-1,0,8,0,0,0,0,1,1,-1,9,2,30,6,1461,2,11,RENAULT CLIO,2,E01011251,0,1
2024622400406,2024,622400406,1,9,0,9,9,8,7,0,0,6,0,0,0,0,4,1,6,6,3,-1,-1,1149,1,16,RENAULT CLIO,-1,-1,0,-1
2024101525543,2024,101525543,1,9,0,-1,7,6,8,-1,0,0,0,0,0,0,4,1,-1,2,2,54,8,1461,2,4,RENAULT CLIO,3,E01008805,0,1
2024401478772,2024,401478772,1,9,-1,-1,-1,-1,-1,-1,-1,0,-1,-1,-1,0,-1,9,-1,9,1,20,4,1149,1,17,RENAULT CLIO,4,E01023077,0,5
2024041516613,2024,041516613,1,9,0,-1,9,5,3,-1,0,6,0,0,0,0,3,1,-1,9,1,52,8,1149,1,9,RENAULT CLIO,9,E01025177,0,1
2024991512177,2024,991512177,2,9,0,-1,19,5,7,-1,0,0,0,0,0,0,3,1,-1,9,2,43,7,1149,1,14,RENAULT CLIO,2,-1,0,1
2024430396475,2024,430396475,1,9,0,17,19,4,8,0,0,0,0,0,1,4,1,1,6,6,2,28,6,898,1,6,RENAULT CLIO,8,E01028506,0,1
2024440339885,2024,440339885,1,9,0,3,3,3,7,0,0,1,0,0,0,0,2,1,6,6,2,25,5,1461,2,5,RENAULT CLIO,7,E01022909,0,1
2024340NN2192,2024,340NN2192,1,9,0,-1,11,7,3,-1,0,5,5,10,0,10,1,1,-1,1,2,21,5,999,1,2,RENAULT CLIO,8,E01016799,0,3
2024122400225,2024,122400225,1,9,0,9,9,7,3,0,0,8,0,0,0,0,1,1,1,1,2,40,7,899,1,11,RENAULT CLIO,4,E01034956,0,1
2024061399009,2024,061399009,1,9,0,-1,19,-1,-1,-1,-1,-1,0,0,0,0,1,9,-1,6,2,-1,-1,1149,1,8,RENAULT CLIO,9,E01006393,0,3
2024041420425,2024,041420425,3,9,0,-1,19,7,3,-1,0,1,0,0,0,0,2,1,-1,9,2,18,4,999,1,4,RENAULT CLIO,1,E01025286,0,2
2024471521133,2024,471521133,1,9,0,-1,3,4,8,-1,0,4,0,0,0,0,1,2,-1,1,1,25,5,1998,1,19,RENAULT CLIO,7,E01021146,0,2
2024041482527,2024,041482527,1,9,0,-1,9,5,3,-1,0,0,0,0,0,0,2,1,-1,9,1,20,4,1149,1,13,RENAULT CLIO,3,E01025407,0,1
2024041396088,2024,041396088,1,9,0,-1,19,1,5,-1,0,1,0,0,0,0,1,1,-1,9,2,28,6,1390,1,24,RENAULT CLIO,5,E01025153,0,1
2024161450515,2024,161450515,1,9,0,-1,3,1,5,-1,0,4,0,0,0,0,2,1,-1,6,1,37,7,899,1,11,RENAULT CLIO,1,E01035464,0,3
2024401467758,2024,401467758,1,9,0,-1,9,2,1,-1,0,6,0,0,0,0,3,1,-1,2,2,25,5,1149,1,7,RENAULT CLIO,8,E01017886,0,4
2024631488220,2024,631488220,1,9,0,-1,19,7,3,-1,0,0,1,0,1,0,1,1,-1,2,1,25,5,1390,1,17,RENAULT CLIO,7,W01000712,0,1
2024131428463,2024,131428463,2,9,0,-1,19,1,5,-1,0,0,0,0,0,0,2,1,-1,9,1,18,4,1149,1,10,RENAULT CLIO,1,E01011471,0,1
2024211428372,2024,211428372,2,9,0,-1,19,8,4,-1,0,0,0,0,0,0,1,9,-1,6,2,21,5,999,1,3,RENAULT CLIO,2,E01014234,0,1
2024351414510,2024,351414510,1,9,0,-1,19,5,1,-1,0,0,0,0,0,0,2,1,-1,2,1,23,5,999,1,2,RENAULT CLIO,5,E01018158,0,1
2024471470259,2024,471470259,1,9,0,-1,19,6,2,-1,0,0,0,0,0,0,1,1,-1,9,1,24,5,1149,1,20,RENAULT CLIO,10,E01031696,0,1
2024552400649,2024,552400649,1,9,0,18,19,6,2,0,0,0,5,4,0,0,4,1,6,6,2,80,11,1149,1,12,RENAULT CLIO,4,E01015303,0,1
2024010544337,2024,010544337,2,9,0,99,99,9,9,99,99,9,9,99,9,99,9,9,6,6,3,-1,-1,1149,1,22,RENAULT CLIO,6,E01001644,0,1
2024461413034,2024,461413034,1,9,0,-1,4,1,2,-1,0,1,0,0,0,0,1,1,-1,2,1,58,9,999,1,5,RENAULT CLIO,3,E01024509,0,1
2024451476658,2024,451476658,3,9,0,-1,19,5,1,-1,0,0,0,0,0,0,1,9,-1,9,1,21,5,1149,1,10,RENAULT CLIO,8,E01030302,0,3
2024320550418,2024,320550418,1,9,0,-1,-1,3,7,0,0,0,0,0,0,0,3,1,6,6,2,38,7,1149,1,17,RENAULT CLIO,4,E01026224,0,1
2024991435158,2024,991435158,1,9,0,-1,19,7,3,-1,0,0,0,0,0,0,1,1,-1,6,1,45,7,898,1,8,RENAULT CLIO,8,-1,0,2
2024991476125,2024,991476125,2,9,0,-1,9,7,5,-1,0,8,0,0,7,0,3,1,-1,9,2,59,9,1598,8,0,RENAULT CLIO,9,-1,0,4
2024340WN3282,2024,340WN3282,1,9,0,-1,19,6,2,-1,0,0,0,0,0,0,3,1,-1,9,1,18,4,999,1,1,RENAULT CLIO,7,E01027354,0,3
2024991418414,2024,991418414,1,9,0,-1,4,7,3,-1,0,4,0,0,0,0,1,1,-1,2,1,31,6,1149,1,16,RENAULT CLIO,3,-1,0,1
2024010511605,2024,010511605,1,9,0,99,99,9,9,99,99,9,9,99,9,99,9,9,6,6,2,33,6,1149,1,8,RENAULT CLIO,7,E01003064,0,1
2024430482223,2024,430482223,2,9,0,18,19,6,2,0,0,0,0,0,0,0,1,1,6,6,1,-1,-1,1149,1,14,RENAULT CLIO,-1,-1,0,-1
2024501498470,2024,501498470,1,9,0,-1,19,6,2,-1,0,0,1,0,0,0,1,1,-1,6,1,20,4,1149,1,12,RENAULT CLIO,4,E01020288,0,4
2024052402797,2024,052402797,2,9,0,2,2,0,0,0,0,0,0,0,0,0,3,1,6,6,3,-1,-1,899,1,10,RENAULT CLIO,-1,-1,0,-1
2024451432703,2024,451432703,1,9,0,-1,9,7,3,-1,0,0,0,0,0,0,1,1,-1,9,1,44,7,1461,2,15,RENAULT CLIO,7,E01030905,0,1
2024061422001,2024,061422001,2,9,0,-1,-1,-1,-1,-1,-1,-1,-1,-1,-1,0,-1,1,-1,6,1,27,6,1461,2,15,RENAULT CLIO,4,E01032914,0,1
2024421450776,2024,421450776,2,9,0,-1,2,1,1,-1,0,1,0,0,1,0,3,1,-1,6,-1,-1,-1,1461,2,14,RENAULT CLIO,-1,-1,0,-1
2024141529357,2024,141529357,2,9,0,-1,2,0,0,-1,0,0,0,0,0,0,3,1,-1,6,-1,-1,-1,1149,1,12,RENAULT CLIO,-1,-1,0,-1
2024131420491,2024,131420491,1,9,0,-1,19,7,3,-1,0,2,0,0,0,0,1,1,-1,2,1,60,9,1598,8,1,RENAULT CLIO,1,E01010635,0,1
2024471495391,2024,471495391,1,9,0,-1,19,3,7,-1,0,0,0,0,0,0,4,1,-1,6,2,20,4,1149,1,17,RENAULT CLIO,1,E01016864,0,1
202460Q071455,2024,60Q071455,1,9,0,17,19,1,5,0,0,0,1,0,0,11,4,1,6,6,1,20,4,1149,1,19,RENAULT CLIO,-1,-1,0,-1
2024520403291,2024,520403291,2,9,0,3,3,2,6,0,0,0,0,0,0,0,2,1,6,6,2,22,5,1461,2,6,RENAULT CLIO,9,E01029198,0,4
2024320638788,2024,320638788,1,9,0,-1,-1,8,4,0,0,0,0,0,1,4,1,1,6,6,1,19,4,1461,2,10,RENAULT CLIO,1,E01026688,0,4
2024061488183,2024,061488183,2,9,0,-1,3,2,6,-1,99,0,0,0,1,99,2,1,-1,9,1,51,8,1461,2,7,RENAULT CLIO,2,E01006723,0,4
2024622400279,2024,622400279,1,9,0,18,19,8,4,0,0,0,1,7,4,6,1,1,6,6,2,21,5,1149,1,13,RENAULT CLIO,4,W01000747,0,4
2024991467689,2024,991467689,1,9,0,-1,19,8,4,-1,0,0,0,0,0,0,1,1,-1,1,1,56,9,1149,1,14,RENAULT CLIO,8,-1,0,4
2024201497030,2024,201497030,1,9,0,-1,5,4,2,-1,0,6,0,0,0,0,1,1,-1,6,1,24,5,1149,1,15,RENAULT CLIO,1,E01009092,0,3
2024622400055,2024,622400055,2,9,0,9,9,3,1,0,0,1,0,0,0,0,2,1,6,6,2,18,4,1149,1,13,RENAULT CLIO,7,W01001891,0,1
2024231517726,2024,231517726,2,9,0,-1,19,2,5,-1,0,0,0,0,0,0,1,1,-1,9,1,37,7,1149,1,14,RENAULT CLIO,8,E01031324,0,1
2024221447531,2024,221447531,1,9,0,-1,19,3,8,-1,0,0,2,0,2,0,4,1,-1,9,1,43,7,1149,1,15,RENAULT CLIO,8,E01032320,0,3
2024041514654,2024,041514654,2,9,0,-1,2,0,0,-1,0,0,0,0,0,0,3,1,-1,6,3,-1,-1,1149,1,20,RENAULT CLIO,-1,-1,0,-1
2024501485746,2024,501485746,1,9,0,-1,19,5,1,-1,0,0,5,0,0,0,1,1,-1,9,2,18,4,1149,1,18,RENAULT CLIO,4,E01033291,0,3
2024501438330,2024,501438330,2,9,0,-1,4,3,7,-1,0,1,0,0,0,0,2,1,-1,9,1,21,5,1149,1,17,RENAULT CLIO,3,E01020131,0,3
2024131474972,2024,131474972,2,9,0,-1,3,1,5,-1,0,1,0,0,0,0,3,1,-1,6,1,58,9,999,1,4,RENAULT CLIO,6,E01011525,0,1
2024421479999,2024,421479999,2,9,0,-1,9,4,1,-1,0,8,0,0,0,0,2,1,-1,9,1,77,11,1598,8,3,RENAULT CLIO,6,E01001408,0,4
2024547921424,2024,547921424,1,9,0,18,19,8,4,0,0,0,2,0,1,4,1,1,1,1,2,42,7,1330,1,4,RENAULT CLIO,10,E01022366,0,4
2024311530609,2024,311530609,1,9,0,-1,2,0,0,-1,0,0,0,0,0,0,4,1,-1,6,2,20,4,1149,1,10,RENAULT CLIO,-1,-1,0,-1
2024332400097,2024,332400097,1,9,0,-1,19,8,4,-1,0,0,1,0,0,0,3,1,-1,2,2,27,6,1461,2,7,RENAULT CLIO,8,E01035091,0,3
2024351410613,2024,351410613,1,9,0,-1,4,4,8,-1,0,0,0,0,0,0,1,1,-1,6,1,85,11,999,1,3,RENAULT CLIO,3,E01018094,0,1
2024131420386,2024,131420386,2,9,0,-1,19,4,8,-1,0,0,0,1,0,0,1,1,-1,9,2,23,5,1149,1,14,RENAULT CLIO,4,E01010783,0,2
2024010541342,2024,010541342,2,9,0,4,4,3,7,0,0,0,0,0,0,0,1,1,6,6,1,68,10,1149,1,18,RENAULT CLIO,3,E01000992,0,3
2024522401282,2024,522401282,1,9,0,3,3,8,4,0,0,1,0,0,0,0,2,1,6,6,1,27,6,899,1,10,RENAULT CLIO,4,E01014686,0,2
2024351514769,2024,351514769,1,9,0,-1,6,3,7,-1,0,0,0,0,0,0,4,1,-1,6,1,30,6,1149,1,11,RENAULT CLIO,9,E01033116,0,1
2024440362859,2024,440362859,2,9,0,9,9,5,3,0,0,1,0,0,0,0,3,1,6,6,1,21,5,1149,1,8,RENAULT CLIO,4,E01017222,0,1
2024141405790,2024,141405790,1,9,0,-1,19,3,7,-1,-1,8,2,0,1,9,1,1,-1,9,1,18,4,1149,1,10,RENAULT CLIO,2,E01007642,0,1
2024411441024,2024,411441024,1,9,-1,-1,19,4,8,-1,0,0,0,0,0,0,1,9,-1,6,1,52,8,1149,1,14,RENAULT CLIO,2,E01023844,0,2
2024320170793,2024,320170793,2,9,0,-1,-1,6,2,0,0,1,1,0,1,0,1,1,6,6,2,44,7,1461,2,20,RENAULT CLIO,8,E01026212,0,3
2024522402329,2024,522402329,1,9,0,1,1,9,9,0,0,8,0,0,0,0,2,1,6,6,3,-1,-1,1461,2,20,RENAULT CLIO,-1,-1,0,-1
2024471450081,2024,471450081,2,9,0,-1,19,5,8,-1,0,0,0,0,7,0,1,1,-1,9,2,33,6,1461,2,5,RENAULT CLIO,10,E01031763,0,2
2024991439251,2024,991439251,2,9,0,-1,2,0,0,-1,0,0,1,0,1,11,3,1,-1,6,-1,-1,-1,1598,1,13,RENAULT CLIO,-1,-1,0,-1
2024211514984,2024,211514984,1,9,0,-1,19,6,2,-1,0,4,0,0,0,0,1,1,-1,6,1,22,5,898,1,5,RENAULT CLIO,8,E01029458,0,1
2024622400266,2024,622400266,3,9,0,4,4,4,8,0,0,0,0,0,0,0,2,1,6,6,2,34,6,999,1,0,RENAULT CLIO,1,W01001255,0,1
2024311409648,2024,311409648,2,9,0,-1,9,5,4,-1,0,6,0,0,0,0,3,1,-1,6,2,22,5,1149,1,10,RENAULT CLIO,-1,-1,0,-1
2024101498734,2024,101498734,1,9,0,-1,19,3,7,-1,0,0,0,0,0,0,1,1,-1,9,2,31,6,1149,1,8,RENAULT CLIO,4,E01008445,0,1
2024221421179,2024,221421179,1,9,0,-1,19,2,6,-1,0,0,0,0,0,0,1,1,-1,9,2,17,4,1390,1,17,RENAULT CLIO,5,E01014065,0,1
2024161426338,2024,161426338,2,9,0,-1,2,0,0,-1,0,0,0,0,0,0,1,1,-1,6,-1,-1,-1,1149,1,6,RENAULT CLIO,-1,-1,0,-1
2024471431212,2024,471431212,1,9,0,-1,9,7,1,-1,0,6,0,0,0,0,3,1,-1,9,2,18,4,1149,1,16,RENAULT CLIO,7,E01031438,0,1
2024991528472,2024,991528472,2,9,0,-1,3,4,8,-1,0,5,0,0,0,0,2,1,-1,9,1,22,5,1598,8,2,RENAULT CLIO,4,-1,0,4
2024070903214,2024,070903214,1,9,0,-1,19,2,6,-1,0,0,0,0,0,0,1,1,-1,2,1,46,8,1461,2,9,RENAULT CLIO,2,E01012479,0,1
2024010550868,2024,010550868,2,9,0,99,99,9,9,99,99,9,9,99,9,99,1,9,6,6,3,-1,-1,1461,2,7,RENAULT CLIO,3,E01004364,0,3
2024221438940,2024,221438940,2,9,0,-1,19,8,6,-1,0,0,0,0,0,0,1,1,-1,6,1,29,6,1461,2,13,RENAULT CLIO,2,E01006869,0,5
2024161481280,2024,161481280,2,9,0,-1,9,7,5,-1,0,1,0,0,0,0,0,1,-1,6,3,21,5,898,1,6,RENAULT CLIO,-1,-1,0,-1
2024302401246,2024,302401246,1,9,0,18,19,8,4,0,0,0,2,0,1,11,1,1,6,6,3,-1,-1,1149,1,21,RENAULT CLIO,5,E01019456,0,4
2024302400594,2024,302400594,2,9,0,4,4,3,8,0,0,1,0,0,0,0,2,1,6,6,1,22,5,898,1,9,RENAULT CLIO,5,E01019866,0,1
2024221468071,2024,221468071,1,9,0,-1,19,8,4,-1,0,0,1,0,0,0,1,1,-1,6,1,23,5,1149,1,15,RENAULT CLIO,2,E01014064,0,2
2024411429697,2024,411429697,1,9,0,-1,19,1,5,-1,0,1,0,0,0,0,4,1,-1,6,1,48,8,1149,1,14,RENAULT CLIO,4,E01001435,0,3
2024231512899,2024,231512899,2,9,0,-1,19,5,2,-1,0,8,1,0,0,0,2,1,-1,6,2,26,6,898,1,5,RENAULT CLIO,7,E01031041,0,1
2024041441984,2024,041441984,2,9,0,-1,9,3,7,-1,0,8,0,0,0,0,1,1,-1,9,1,17,4,899,1,11,RENAULT CLIO,8,E01034347,0,1
2024141526778,2024,141526778,3,9,0,-1,2,0,0,-1,0,0,0,0,0,0,2,1,-1,6,-1,-1,-1,1598,1,15,RENAULT CLIO,-1,-1,0,-1
2024520500170,2024,520500170,1,9,0,18,19,7,3,0,0,1,0,0,0,0,4,1,6,6,2,48,8,1461,2,6,RENAULT CLIO,6,E01029043,0,1
2024361418895,2024,361418895,1,9,0,-1,9,3,7,-1,0,0,5,10,0,0,4,9,-1,9,2,18,4,1149,1,18,RENAULT CLIO,8,E01034571,0,3
2024141471151,2024,141471151,2,9,0,-1,19,2,8,-1,0,8,0,0,0,0,1,9,-1,9,1,23,5,1461,2,11,RENAULT CLIO,2,E01007447,0,1
2024531485562,2024,531485562,1,9,0,-1,19,4,2,-1,0,0,5,0,1,9,1,1,-1,9,2,24,5,899,1,10,RENAULT CLIO,7,E01022449,0,1
2024061489201,2024,061489201,2,9,0,-1,19,1,5,-1,0,1,0,0,0,0,4,1,-1,7,1,38,7,1149,1,6,RENAULT CLIO,4,E01005045,0,1
2024361415836,2024,361415836,1,9,0,-1,19,3,7,-1,0,0,2,0,0,0,4,1,-1,1,2,18,4,898,1,8,RENAULT CLIO,10,E01026567,0,1
2024332400541,2024,332400541,1,9,0,-1,19,7,3,-1,0,8,0,0,0,0,4,1,-1,2,2,46,8,898,1,6,RENAULT CLIO,10,E01025648,0,1
2024161429381,2024,161429381,1,9,0,-1,7,7,1,-1,0,1,0,0,0,0,1,1,-1,6,2,48,8,899,1,11,RENAULT CLIO,3,E01012832,0,1
2024531510333,2024,531510333,1,9,0,-1,19,1,5,-1,0,0,0,0,0,0,1,1,-1,9,1,59,9,999,1,2,RENAULT CLIO,7,E01033842,0,3
2024041489313,2024,041489313,1,9,0,-1,19,2,4,-1,0,0,0,0,0,0,1,1,-1,6,1,21,5,899,1,11,RENAULT CLIO,1,E01024857,0,1
2024052402089,2024,052402089,2,9,0,18,19,3,7,0,0,1,0,0,0,0,3,1,2,2,1,34,6,1461,2,14,RENAULT CLIO,5,E01006946,0,4
2024440455875,2024,440455875,3,9,0,2,2,0,0,0,0,0,0,0,0,0,4,1,6,6,1,-1,-1,1390,1,17,RENAULT CLIO,-1,-1,0,-1
2024041519831,2024,041519831,1,9,0,-1,4,4,8,-1,0,0,0,0,0,0,1,1,-1,2,2,29,6,1461,2,6,RENAULT CLIO,9,E01007032,0,3
2024440537624,2024,440537624,1,9,0,18,19,3,7,0,0,8,0,0,0,0,3,1,6,6,1,43,7,1598,1,14,RENAULT CLIO,4,E01023106,0,1
2024361470036,2024,361470036,1,9,0,-1,19,1,5,-1,0,0,0,0,1,0,1,1,-1,1,2,20,4,1390,1,18,RENAULT CLIO,9,E01026875,0,1
2024070434959,2024,070434959,1,9,0,1,1,1,3,9,9,0,0,0,0,0,2,1,6,6,1,75,10,1149,1,8,RENAULT CLIO,6,E01018679,0,1
2024320667675,2024,320667675,1,9,0,-1,-1,6,2,0,0,8,0,0,0,0,4,1,-1,-1,1,43,7,1461,2,5,RENAULT CLIO,2,E01034974,0,5
2024440376994,2024,440376994,2,9,0,17,19,3,8,0,0,1,0,0,0,0,1,1,6,6,2,33,6,898,1,5,RENAULT CLIO,2,E01017366,0,1
2024522403035,2024,522403035,2,9,0,18,19,6,2,0,0,0,0,0,0,0,1,1,6,6,2,51,8,898,1,5,RENAULT CLIO,9,E01014816,0,3
2024221506360,2024,221506360,2,9,0,-1,19,7,3,-1,0,8,5,0,0,0,1,1,-1,6,1,46,8,1998,1,20,RENAULT CLIO,1,E01014127,0,1
2024531438786,2024,531438786,1,9,0,-1,19,5,1,-1,0,8,0,0,0,0,4,9,-1,6,1,63,9,1149,1,19,RENAULT CLIO,2,E01022164,0,1
2024320477817,2024,320477817,1,9,0,-1,-1,6,2,0,0,1,0,0,0,0,1,1,6,6,1,35,6,1149,1,15,RENAULT CLIO,4,E01026366,0,2
2024101453480,2024,101453480,1,9,0,-1,3,2,6,-1,0,1,0,0,0,0,1,9,-1,6,2,-1,-1,1149,1,11,RENAULT CLIO,-1,-1,0,-1
2024131526180,2024,131526180,1,9,0,-1,-1,-1,-1,-1,-1,-1,-1,-1,-1,-1,-1,1,-1,6,3,-1,-1,999,1,3,RENAULT CLIO,-1,-1,0,-1
2024440017260,2024,440017260,2,9,0,18,19,8,4,0,0,1,0,0,0,0,1,1,6,6,1,70,10,1461,2,14,RENAULT CLIO,2,E01017363,0,2
2024041448524,2024,041448524,3,9,0,-1,2,0,0,-1,0,0,0,0,0,0,0,9,-1,6,-1,-1,-1,1149,1,14,RENAULT CLIO,-1,-1,0,-1
2024201405699,2024,201405699,2,9,0,-1,19,0,0,-1,0,1,0,0,0,0,1,1,-1,9,1,36,7,1461,2,6,RENAULT CLIO,3,E01009857,0,1
2024332400221,2024,332400221,1,9,0,-1,19,3,7,-1,0,3,0,0,1,2,1,1,-1,9,2,19,4,1461,2,18,RENAULT CLIO,10,E01025761,0,3
2024311436350,2024,311436350,1,9,0,-1,19,1,2,-1,0,0,2,0,0,0,1,1,-1,9,1,-1,-1,1149,1,17,RENAULT CLIO,10,E01034702,0,4
2024211512044,2024,211512044,1,9,0,-1,19,1,5,-1,0,0,1,0,7,0,1,1,-1,9,1,27,6,1149,1,14,RENAULT CLIO,-1,-1,0,-1
2024340NN1012,2024,340NN1012,1,9,0,-1,19,6,2,-1,0,0,5,10,0,10,4,1,-1,9,1,42,7,1149,1,23,RENAULT CLIO,8,E01027064,0,1
2024440021822,2024,440021822,1,9,0,4,4,5,1,0,0,8,1,0,0,0,1,1,2,2,2,33,6,1461,2,16,RENAULT CLIO,7,E01022532,0,1
2024311439161,2024,311439161,1,9,0,-1,19,1,5,-1,0,0,0,0,0,0,4,1,-1,6,2,27,6,1149,1,10,RENAULT CLIO,-1,-1,0,-1
2024141413623,2024,141413623,2,9,0,-1,19,2,6,-1,0,1,0,0,0,0,3,1,-1,9,2,53,8,1461,2,8,RENAULT CLIO,2,E01007470,0,1
2024401412352,2024,401412352,1,9,0,-1,19,1,5,-1,0,3,0,10,0,0,4,1,-1,6,2,29,6,898,1,7,RENAULT CLIO,5,E01002307,0,4
2024471508863,2024,471508863,1,9,0,-1,7,1,5,-1,0,8,0,0,0,0,-1,9,-1,6,2,77,11,1149,1,23,RENAULT CLIO,2,E01020977,0,1
2024010503807,2024,010503807,1,9,0,99,99,9,9,99,99,9,9,99,9,99,2,9,6,6,2,45,7,1149,1,15,RENAULT CLIO,4,E01016008,0,4
2024311460741,2024,311460741,2,9,0,-1,9,3,3,-1,0,0,0,0,0,0,2,1,-1,6,2,39,7,1149,1,7,RENAULT CLIO,-1,-1,0,-1
2024501422659,2024,501422659,1,9,0,-1,5,7,3,-1,0,8,0,0,0,0,1,1,-1,6,1,57,9,1461,2,9,RENAULT CLIO,4,E01035120,0,4
2024440136192,2024,440136192,1,9,0,12,12,4,8,0,0,4,0,0,0,0,1,1,6,6,1,82,11,1149,1,19,RENAULT CLIO,3,E01022487,0,4
2024461527276,2024,461527276,1,9,0,-1,19,5,1,-1,-1,0,0,11,7,0,2,1,-1,9,2,22,5,1149,1,13,RENAULT CLIO,5,E01024122,0,2
2024010510274,2024,010510274,1,9,0,18,19,1,5,0,0,1,0,0,0,0,3,1,2,2,2,29,6,898,1,8,RENAULT CLIO,10,E01024423,0,3
2024531480866,2024,531480866,1,9,0,-1,19,5,1,-1,0,0,0,0,0,0,1,1,-1,9,1,24,5,1598,8,0,RENAULT CLIO,-1,-1,0,-1
202454C273924,2024,54C273924,1,9,0,9,9,8,6,0,0,6,0,0,0,0,1,1,6,6,1,60,9,1461,2,10,RENAULT CLIO,6,E01031867,0,4
2024101513803,2024,101513803,1,9,0,-1,12,3,7,-1,0,0,0,0,0,0,1,2,-1,6,2,31,6,1390,1,18,RENAULT CLIO,3,E01008375,0,2
2024471416775,2024,471416775,2,9,0,-1,3,2,6,-1,0,0,0,0,0,0,3,1,-1,9,2,31,6,1149,7,15,RENAULT CLIO,2,E01021179,0,1
2024340WN1882,2024,340WN1882,2,9,0,-1,19,1,5,-1,0,1,0,11,0,0,1,1,-1,6,1,20,4,1461,2,12,RENAULT CLIO,3,E01027081,0,4
2024522401305,2024,522401305,1,9,0,12,12,2,6,0,0,0,0,4,0,0,4,1,6,6,1,65,9,898,1,6,RENAULT CLIO,1,E01014706,0,2
2024520402640,2024,520402640,1,9,0,9,9,7,5,0,0,8,0,0,0,0,4,1,6,6,1,18,4,999,1,0,RENAULT CLIO,8,E01029182,0,3
2024201456369,2024,201456369,2,9,0,-1,19,7,3,-1,0,0,0,0,0,0,1,9,-1,6,1,27,6,1149,1,16,RENAULT CLIO,2,E01010381,0,1
2024122400358,2024,122400358,1,9,0,18,19,7,3,0,0,1,0,0,0,0,1,1,6,6,2,41,7,1461,2,10,RENAULT CLIO,9,E01027765,0,2
2024471406562,2024,471406562,2,9,0,-1,9,8,5,-1,0,1,0,0,0,0,4,1,-1,2,1,20,4,1461,2,8,RENAULT CLIO,9,E01016875,0,1
2024131398498,2024,131398498,2,9,0,-1,7,5,7,-1,0,8,0,0,0,0,3,1,-1,9,1,56,9,1149,1,24,RENAULT CLIO,1,E01011622,0,2
2024041431464,2024,041431464,2,9,0,-1,19,4,2,-1,0,3,0,0,0,0,4,1,-1,9,2,66,10,1149,1,12,RENAULT CLIO,1,E01024900,0,1
2024501504882,2024,501504882,1,9,0,-1,19,6,3,-1,0,0,1,0,0,0,1,1,-1,9,1,18,4,1149,1,22,RENAULT CLIO,5,E01020278,0,3
2024522402795,2024,522402795,1,9,0,18,19,3,7,0,0,0,2,10,7,1,1,1,6,6,1,32,6,1149,1,18,RENAULT CLIO,6,E01015008,0,2
2024421517033,2024,421517033,2,9,0,-1,19,3,7,-1,0,3,2,0,0,0,2,1,-1,9,1,26,6,1149,1,21,RENAULT CLIO,4,E01021642,0,1
2024221482957,2024,221482957,1,9,0,-1,1,5,1,-1,0,0,0,0,0,0,2,9,-1,9,1,55,8,1149,1,14,RENAULT CLIO,7,E01014075,0,1
2024520402644,2024,520402644,1,9,0,18,19,3,7,0,0,1,0,0,0,0,2,1,6,6,1,52,8,1461,2,8,RENAULT CLIO,5,E01029054,0,2
2024440067881,2024,440067881,1,9,0,15,15,8,4,0,0,0,0,0,0,0,3,1,6,6,1,29,6,1197,1,7,RENAULT CLIO,10,E01034725,0,2
2024061521292,2024,061521292,1,9,0,-1,3,3,7,-1,0,6,0,0,0,0,1,1,-1,9,1,87,11,1598,8,4,RENAULT CLIO,6,E01005649,0,1
2024471533239,2024,471533239,1,9,0,-1,19,5,1,-1,0,1,1,0,0,0,1,1,-1,1,2,37,7,1390,1,17,RENAULT CLIO,3,E01021048,0,1