collision_index,collision_year,collision_ref_no,vehicle_reference,vehicle_type,towing_and_articulation,vehicle_manoeuvre_historic,vehicle_manoeuvre,vehicle_direction_from,vehicle_direction_to,vehicle_location_restricted_lane_historic,vehicle_location_restricted_lane,junction_location,skidding_and_overturning,hit_object_in_carriageway,vehicle_leaving_carriageway,hit_object_off_carriageway,first_point_of_impact,vehicle_left_hand_drive,journey_purpose_of_driver_historic,journey_purpose_of_driver,sex_of_driver,age_of_driver,age_band_of_driver,engine_capacity_cc,propulsion_code,age_of_vehicle,generic_make_model,driver_imd_decile,lsoa_of_driver,escooter_flag,driver_distance_banding
2024471453255,2024,471453255,1,9,0,-1,9,8,4,-1,0,8,0,0,0,0,4,1,-1,9,2,31,6,1461,2,17,RENAULT CLIO,5,E01034302,0,3
2024141424725,2024,141424725,1,9,0,-1,4,1,5,-1,0,0,0,0,0,0,1,1,-1,2,2,21,5,1461,2,8,RENAULT CLIO,8,E01007839,0,2
2024010515236,2024,010515236,2,9,0,17,19,5,1,0,0,1,0,0,0,0,1,1,6,6,1,60,9,1598,1,14,RENAULT CLIO,3,E01000992,0,1
2024371427579,2024,371427579,2,9,0,-1,9,7,7,-1,0,0,0,0,0,0,1,1,-1,9,1,39,7,1149,1,13,RENAULT CLIO,3,E01030115,0,4
2024010547941,2024,010547941,1,9,0,18,19,1,5,0,0,0,0,0,0,0,2,1,6,6,1,24,5,1998,1,19,RENAULT CLIO,8,E01004144,0,1
2024461414330,2024,461414330,3,9,0,-1,19,3,7,-1,0,0,0,0,0,0,0,9,-1,6,2,17,4,1149,1,13,RENAULT CLIO,10,E01000794,0,1
2024010507379,2024,010507379,2,9,0,2,2,0,0,0,0,1,0,0,0,0,2,1,6,6,3,-1,-1,898,1,6,RENAULT CLIO,-1,-1,0,-1
2024201430996,2024,201430996,2,9,0,-1,3,4,8,-1,0,1,0,0,0,0,4,9,-1,6,2,44,7,1149,1,18,RENAULT CLIO,2,E01009906,0,1
2024451425279,2024,451425279,1,9,0,-1,19,1,5,-1,0,0,0,10,5,6,3,1,-1,2,2,53,8,1149,1,13,RENAULT CLIO,7,E01034722,0,4
2024522401426,2024,522401426,1,9,0,9,9,2,8,0,0,5,0,0,0,0,1,1,6,6,1,24,5,1149,1,17,RENAULT CLIO,7,E01015009,0,1
2024201533692,2024,201533692,1,9,0,-1,19,4,8,-1,0,0,0,0,0,0,1,9,-1,6,1,30,6,1461,2,15,RENAULT CLIO,1,E01010003,0,1
2024501495031,2024,501495031,1,9,0,-1,7,1,3,-1,0,8,0,0,1,1,4,1,-1,9,1,62,9,1598,8,0,RENAULT CLIO,6,E01019048,0,2
2024101501498,2024,101501498,2,9,-1,-1,-1,7,4,-1,-1,-1,-1,-1,-1,0,-1,9,-1,6,1,25,5,1149,1,17,RENAULT CLIO,1,E01008858,0,2
2024131513123,2024,131513123,2,9,0,-1,9,5,1,-1,0,8,0,0,0,0,4,1,-1,9,1,40,7,899,1,11,RENAULT CLIO,7,E01011569,0,1
2024111526133,2024,111526133,1,9,0,-1,19,7,3,-1,0,2,1,0,1,10,1,1,-1,6,1,38,7,1149,1,22,RENAULT CLIO,5,E01020726,0,1
2024141439610,2024,141439610,1,9,0,-1,19,4,8,-1,0,8,0,0,0,0,3,1,-1,9,1,61,9,1461,2,7,RENAULT CLIO,2,E01007470,0,2
2024201438681,2024,201438681,2,9,0,-1,7,2,4,-1,0,0,0,0,0,0,3,1,-1,6,1,60,9,1461,2,18,RENAULT CLIO,5,E01009312,0,1
2024070471796,2024,070471796,2,9,0,18,19,7,3,0,0,1,0,0,0,0,0,1,6,6,1,36,7,1461,2,7,RENAULT CLIO,6,E01029814,0,4
2024520002884,2024,520002884,1,9,0,18,19,2,6,0,0,0,0,0,0,0,1,1,6,6,2,21,5,1149,1,12,RENAULT CLIO,6,E01002630,0,5
2024471515434,2024,471515434,2,9,0,-1,19,7,3,-1,0,0,0,0,1,10,3,1,-1,9,1,19,4,1149,1,20,RENAULT CLIO,3,E01031361,0,1
2024010514866,2024,010514866,1,9,0,5,5,3,7,0,0,8,0,0,0,0,1,1,6,6,1,75,10,1149,1,20,RENAULT CLIO,7,E01002577,0,1
2024411503445,2024,411503445,1,9,0,-1,4,8,3,-1,0,1,0,0,0,0,0,1,-1,6,1,25,5,1149,1,14,RENAULT CLIO,3,E01023302,0,3
2024221495187,2024,221495187,3,9,0,-1,2,0,0,-1,0,0,0,0,0,0,2,1,-1,6,2,18,4,898,1,5,RENAULT CLIO,8,E01032446,0,1
2024320667872,2024,320667872,1,9,0,-1,-1,8,4,0,0,0,0,0,7,9,1,1,-1,-1,1,19,4,1461,2,18,RENAULT CLIO,7,E01026388,0,4
2024101488734,2024,101488734,2,9,0,-1,5,8,5,-1,0,8,0,0,1,0,2,1,-1,9,1,57,9,1149,1,6,RENAULT CLIO,-1,-1,0,-1
2024631534616,2024,631534616,2,9,0,-1,2,0,0,-1,0,8,0,0,0,0,2,1,-1,6,-1,-1,-1,1149,1,16,RENAULT CLIO,-1,-1,0,-1
2024320415117,2024,320415117,1,9,0,-1,-1,2,6,0,0,6,0,0,0,0,1,1,6,6,1,30,6,898,1,6,RENAULT CLIO,9,E01026337,0,3
2024061524883,2024,061524883,2,9,0,-1,5,1,1,-1,0,4,0,0,1,0,1,1,-1,6,2,30,6,1461,2,12,RENAULT CLIO,3,E01006272,0,1
2024211535691,2024,211535691,1,9,0,-1,4,3,7,-1,0,0,0,0,0,0,2,1,-1,6,1,34,6,1598,8,0,RENAULT CLIO,1,E01014336,0,2
2024201439583,2024,201439583,2,9,0,-1,2,0,0,-1,9,0,0,0,0,0,1,1,-1,6,-1,-1,-1,899,1,9,RENAULT CLIO,-1,-1,0,-1
2024991526716,2024,991526716,2,9,0,-1,5,3,7,-1,0,0,0,0,0,0,1,1,-1,9,2,31,6,1598,1,14,RENAULT CLIO,1,-1,0,1
2024501520754,2024,501520754,1,9,0,-1,19,6,2,-1,0,1,0,0,1,11,4,1,-1,6,1,18,4,1390,1,19,RENAULT CLIO,7,E01020047,0,2
2024061410425,2024,061410425,1,9,0,-1,19,7,3,-1,0,0,0,0,0,0,4,1,-1,9,1,30,6,1198,1,10,RENAULT CLIO,1,E01005092,0,3
2024302400595,2024,302400595,1,9,0,7,7,5,7,0,0,6,0,0,0,0,1,1,6,6,1,39,7,1149,1,17,RENAULT CLIO,5,E01019873,0,2
2024101538466,2024,101538466,2,9,0,-1,19,8,4,-1,0,1,0,0,0,0,1,1,-1,6,2,20,4,899,1,11,RENAULT CLIO,3,E01008742,0,1
2024201505981,2024,201505981,1,9,0,-1,9,1,6,-1,0,8,0,0,0,0,1,1,-1,9,2,23,5,898,1,8,RENAULT CLIO,8,E01029858,0,4
2024031462982,2024,031462982,1,9,0,-1,19,8,4,-1,0,4,0,0,0,0,0,1,-1,9,1,81,11,1598,8,0,RENAULT CLIO,6,E01019145,0,2
2024041421447,2024,041421447,2,9,0,-1,19,3,7,-1,0,1,0,0,0,0,1,1,-1,2,2,65,9,898,1,8,RENAULT CLIO,1,E01024906,0,1
2024161489682,2024,161489682,2,9,0,-1,19,3,7,-1,0,0,0,0,0,0,1,1,-1,9,1,37,7,1461,2,12,RENAULT CLIO,6,E01012765,0,1
2024430593714,2024,430593714,1,9,0,7,7,4,6,0,0,6,0,0,0,0,3,1,6,6,2,62,9,1390,1,18,RENAULT CLIO,-1,-1,0,-1
2024201434512,2024,201434512,1,9,0,-1,19,6,2,-1,0,1,0,0,0,0,4,1,-1,9,2,26,6,898,1,8,RENAULT CLIO,3,E01008957,0,1
2024201397986,2024,201397986,1,9,0,-1,19,4,8,-1,0,0,0,0,0,0,1,1,-1,6,1,30,6,1461,2,14,RENAULT CLIO,-1,-1,0,-1
2024231479896,2024,231479896,1,9,0,-1,19,1,4,-1,0,8,1,0,1,0,4,1,-1,9,2,19,4,1390,1,17,RENAULT CLIO,3,E01031077,0,1
2024052400563,2024,052400563,3,9,0,10,10,1,7,0,0,1,0,0,0,0,2,1,6,6,1,31,6,1149,1,16,RENAULT CLIO,1,E01006613,0,1
2024411544084,2024,411544084,1,9,0,-1,19,5,1,-1,0,3,0,0,0,0,2,1,-1,2,2,26,6,1149,1,14,RENAULT CLIO,7,E01023754,0,1
2024231403643,2024,231403643,2,9,0,-1,19,4,8,-1,0,8,0,0,1,9,3,9,-1,9,2,24,5,1149,1,14,RENAULT CLIO,6,E01031031,0,3
2024320022517,2024,320022517,2,9,0,-1,-1,2,6,0,0,8,0,0,0,0,1,1,6,6,2,27,6,1461,2,9,RENAULT CLIO,4,E01033770,0,4
2024041406547,2024,041406547,1,9,0,-1,19,7,3,-1,0,0,0,0,1,0,3,1,-1,6,2,18,4,898,1,5,RENAULT CLIO,2,E01025264,0,4
2024010510858,2024,010510858,2,9,0,99,99,9,9,99,99,9,9,99,9,99,9,9,6,6,3,-1,-1,898,1,6,RENAULT CLIO,-1,-1,0,-1
2024201522095,2024,201522095,1,9,0,-1,14,1,5,-1,0,0,0,0,0,0,4,1,-1,2,2,29,6,1149,1,14,RENAULT CLIO,-1,-1,0,-1
2024411452340,2024,411452340,1,9,0,-1,19,1,5,-1,0,0,2,11,8,4,1,1,-1,9,1,19,4,1149,1,15,RENAULT CLIO,4,E01023788,0,1
2024141515217,2024,141515217,2,9,0,-1,13,4,6,-1,0,7,0,0,0,0,0,9,-1,6,3,-1,-1,1149,1,11,RENAULT CLIO,-1,-1,0,-1
2024061522304,2024,061522304,2,9,0,-1,3,-1,-1,-1,0,0,0,0,0,0,4,1,-1,6,3,-1,-1,1149,1,14,RENAULT CLIO,-1,-1,0,-1
2024991433169,2024,991433169,1,9,0,-1,19,3,7,-1,0,1,0,0,0,0,4,1,-1,9,1,18,4,899,1,11,RENAULT CLIO,9,-1,0,1
2024131395274,2024,131395274,1,9,0,-1,19,2,6,-1,0,1,1,10,7,1,2,1,-1,6,1,27,6,1390,1,18,RENAULT CLIO,1,E01011344,0,1
2024421471752,2024,421471752,2,9,0,-1,19,7,3,-1,0,1,0,0,0,0,1,1,-1,2,1,56,9,1149,1,9,RENAULT CLIO,5,E01021922,0,1
2024111500967,2024,111500967,1,9,0,-1,19,2,5,-1,0,1,0,0,0,0,1,1,-1,6,1,21,5,1149,1,11,RENAULT CLIO,9,E01013357,0,4
2024461432000,2024,461432000,3,9,0,-1,4,4,4,-1,0,1,0,0,0,0,2,9,-1,9,2,61,9,1390,1,31,RENAULT CLIO,3,E01024535,0,1
2024221509767,2024,221509767,2,9,0,-1,19,2,6,-1,0,0,0,0,1,4,1,9,-1,2,2,55,8,1149,1,10,RENAULT CLIO,7,E01028915,0,2
2024451450208,2024,451450208,3,9,0,-1,4,7,3,-1,0,1,0,0,0,0,2,1,-1,2,2,20,4,1149,1,14,RENAULT CLIO,10,E01022863,0,1
2024522402935,2024,522402935,1,9,0,18,19,3,7,0,0,8,0,0,0,0,3,1,6,6,2,37,7,1598,8,1,RENAULT CLIO,3,E01014588,0,1
2024471505568,2024,471505568,1,9,0,-1,19,8,2,-1,0,0,0,0,0,0,1,1,-1,1,2,39,7,898,1,5,RENAULT CLIO,3,E01020996,0,1
2024302401646,2024,302401646,1,9,0,-1,99,9,9,-1,0,9,0,99,0,0,9,1,-1,6,3,65,9,1149,1,18,RENAULT CLIO,6,E01019620,0,1
2024631451796,2024,631451796,1,9,0,-1,19,2,6,-1,0,2,0,0,0,0,1,1,-1,9,2,36,7,1461,2,10,RENAULT CLIO,5,W01000632,0,3
2024351400279,2024,351400279,1,9,0,-1,19,-1,-1,-1,0,8,0,0,0,0,1,9,-1,6,2,35,6,1149,1,22,RENAULT CLIO,7,E01026240,0,2
2024451433647,2024,451433647,1,9,0,-1,19,1,5,-1,0,1,0,0,0,0,1,1,-1,2,2,21,5,1390,1,17,RENAULT CLIO,4,E01016529,0,3
2024622400726,2024,622400726,1,9,0,9,9,2,8,0,0,8,0,0,0,0,3,1,6,6,2,23,5,1149,1,12,RENAULT CLIO,2,W01000951,0,1
2024141412205,2024,141412205,2,9,0,-1,2,1,5,-1,0,0,1,0,1,11,1,1,-1,6,-1,-1,-1,1149,1,12,RENAULT CLIO,-1,-1,0,-1
2024340WN0652,2024,340WN0652,1,9,0,-1,19,3,7,-1,0,4,0,10,1,0,4,1,-1,6,1,19,4,1998,1,12,RENAULT CLIO,7,E01026991,0,3
2024371417074,2024,371417074,2,9,0,-1,5,5,1,-1,0,1,0,0,0,0,3,1,-1,9,2,50,8,1149,1,11,RENAULT CLIO,3,E01029998,0,1
2024311499821,2024,311499821,1,9,0,-1,2,1,5,-1,0,0,0,0,1,0,2,1,-1,9,1,73,10,1149,1,24,RENAULT CLIO,3,E01020616,0,5
2024311529064,2024,311529064,2,9,0,-1,19,4,8,-1,0,1,0,0,0,0,4,1,-1,2,2,28,6,1598,8,2,RENAULT CLIO,-1,-1,0,-1
2024991486491,2024,991486491,1,9,0,-1,19,4,1,-1,0,0,0,0,7,0,1,1,-1,6,1,46,8,1149,1,17,RENAULT CLIO,3,-1,0,3
2024061526268,2024,061526268,2,9,0,-1,10,-1,-1,-1,0,6,0,0,0,0,1,1,-1,6,1,-1,-1,1149,1,10,RENAULT CLIO,3,E01004905,0,1
2024041516823,2024,041516823,2,9,0,-1,19,1,5,-1,0,0,0,0,0,0,2,1,-1,6,2,58,9,1461,2,9,RENAULT CLIO,8,E01025005,0,1
2024461516573,2024,461516573,2,9,0,-1,19,8,4,-1,0,1,0,0,7,1,1,1,-1,9,2,88,11,1598,1,16,RENAULT CLIO,9,E01001102,0,3
2024991474884,2024,991474884,1,9,0,-1,19,3,7,-1,0,0,0,0,0,0,1,1,-1,9,2,73,10,1461,2,17,RENAULT CLIO,8,-1,0,1
2024211511938,2024,211511938,2,9,0,-1,19,1,5,-1,0,0,0,0,0,0,3,1,-1,9,2,19,4,899,1,10,RENAULT CLIO,4,E01014353,0,1
2024991517381,2024,991517381,2,9,0,-1,19,8,4,-1,0,0,0,0,0,0,1,1,-1,9,1,34,6,999,1,4,RENAULT CLIO,4,-1,0,2
2024461530561,2024,461530561,2,9,0,-1,19,5,1,-1,0,1,0,0,0,0,2,9,-1,9,2,55,8,899,1,10,RENAULT CLIO,3,E01035295,0,1
2024010520975,2024,010520975,1,9,0,99,99,9,9,99,99,9,9,99,9,99,1,9,6,6,2,28,6,1461,2,7,RENAULT CLIO,4,E01003597,0,3
2024501396061,2024,501396061,2,9,0,-1,19,1,5,-1,0,0,0,0,0,0,1,1,-1,9,1,49,8,1998,1,17,RENAULT CLIO,4,E01020311,0,3
2024471413617,2024,471413617,1,9,0,-1,19,6,4,-1,0,1,0,0,0,0,1,1,-1,6,2,59,9,1149,1,17,RENAULT CLIO,9,E01031730,0,1
2024421414365,2024,421414365,1,9,0,-1,19,5,1,-1,0,8,0,0,0,0,4,1,-1,9,2,17,4,1461,2,15,RENAULT CLIO,4,E01022024,0,1
2024061500551,2024,061500551,1,9,0,-1,9,7,1,-1,0,1,2,10,0,0,1,1,-1,6,1,19,4,898,1,9,RENAULT CLIO,9,E01005573,0,1
2024052401549,2024,052401549,2,9,0,18,19,5,1,0,0,0,1,0,0,0,1,1,2,2,2,36,7,1149,1,9,RENAULT CLIO,7,E01007316,0,1
2024440566771,2024,440566771,1,9,0,16,19,7,1,0,0,0,0,0,0,0,1,1,6,6,1,28,6,1998,1,17,RENAULT CLIO,7,E01017288,0,1
2024201469581,2024,201469581,1,9,0,-1,19,8,4,-1,0,1,0,0,0,0,1,9,-1,6,2,-1,-1,899,1,10,RENAULT CLIO,-1,-1,0,-1
2024201426401,2024,201426401,3,9,0,-1,19,1,5,-1,0,8,1,0,7,0,4,1,-1,2,2,34,6,1461,2,7,RENAULT CLIO,2,E01010264,0,2
2024131410278,2024,131410278,1,9,0,-1,19,1,2,-1,0,0,0,0,0,0,1,1,-1,6,2,21,5,1461,2,9,RENAULT CLIO,5,E01011392,0,3
2024070222251,2024,070222251,2,9,0,18,19,8,4,0,0,0,0,0,0,0,1,1,6,6,1,26,6,1998,1,19,RENAULT CLIO,9,E01018737,0,1
2024501485511,2024,501485511,1,9,0,-1,4,1,5,-1,0,0,0,0,0,0,2,1,-1,9,2,27,6,999,1,3,RENAULT CLIO,1,E01009935,0,5
2024141434119,2024,141434119,2,9,0,-1,11,5,1,-1,0,0,0,0,0,0,4,1,-1,9,2,26,6,899,1,9,RENAULT CLIO,5,E01007366,0,3
2024501407910,2024,501407910,1,9,0,-1,5,7,3,-1,0,3,0,0,0,0,4,9,-1,6,1,32,6,1149,1,13,RENAULT CLIO,9,E01018822,0,1
2024010499707,2024,010499707,2,9,0,9,9,9,9,99,99,0,9,99,9,99,9,9,6,6,3,-1,-1,1598,8,1,RENAULT CLIO,-1,-1,0,-1
2024361505515,2024,361505515,2,9,0,-1,4,1,5,-1,0,0,0,0,0,0,2,1,-1,6,2,47,8,999,1,0,RENAULT CLIO,3,E01026775,0,2
2024010498205,2024,010498205,2,9,0,99,99,9,9,99,99,9,9,99,9,99,9,9,6,6,3,-1,-1,1149,1,19,RENAULT CLIO,-1,-1,0,-1
2024211525774,2024,211525774,2,9,0,-1,9,4,8,-1,0,1,0,0,0,0,2,1,-1,9,1,34,6,1149,1,10,RENAULT CLIO,8,E01034050,0,1
2024221445026,2024,221445026,1,9,0,-1,19,3,7,-1,0,0,2,0,8,4,1,1,-1,9,1,26,6,1461,2,9,RENAULT CLIO,5,E01014045,0,2
2024991533506,2024,991533506,2,9,0,-1,19,8,5,-1,0,1,0,0,0,0,4,1,-1,2,1,51,8,1149,1,7,RENAULT CLIO,6,-1,0,1
2024461521850,2024,461521850,2,9,0,-1,19,1,6,-1,0,1,0,0,0,0,1,1,-1,9,1,64,9,1390,1,18,RENAULT CLIO,5,E01024516,0,1
2024351424479,2024,351424479,1,9,0,-1,5,-1,-1,-1,-1,0,0,-1,-1,0,-1,1,-1,6,2,36,7,1149,1,8,RENAULT CLIO,9,E01018027,0,4
2024052400485,2024,052400485,1,9,0,7,7,3,5,0,0,6,0,0,0,0,1,1,2,2,2,34,6,1461,2,9,RENAULT CLIO,1,E01007087,0,1
2024361420510,2024,361420510,1,9,0,-1,-1,-1,-1,-1,-1,0,-1,-1,-1,0,-1,9,-1,9,1,40,7,1461,2,13,RENAULT CLIO,8,E01026917,0,3
2024340WN2692,2024,340WN2692,1,9,0,-1,19,5,1,-1,0,0,0,10,0,0,1,1,-1,9,2,28,6,1390,1,21,RENAULT CLIO,-1,-1,0,-1
2024122400521,2024,122400521,1,9,0,18,19,2,6,0,0,2,0,0,3,10,1,1,1,1,3,-1,-1,1461,2,17,RENAULT CLIO,-1,-1,0,-1
2024131425936,2024,131425936,1,9,0,-1,19,1,5,-1,0,0,5,0,0,0,1,1,-1,2,1,57,9,1461,2,14,RENAULT CLIO,7,E01011152,0,4
2024061407834,2024,061407834,2,9,0,-1,9,3,5,-1,0,8,0,0,0,0,2,1,-1,2,2,19,4,898,1,5,RENAULT CLIO,4,E01006332,0,1
2024520402064,2024,520402064,2,9,0,18,19,6,2,0,0,0,0,0,7,10,1,1,6,6,2,64,9,899,1,11,RENAULT CLIO,6,E01029199,0,3
2024351480052,2024,351480052,1,9,0,-1,4,7,3,-1,0,0,0,0,0,0,2,1,-1,6,1,46,8,1461,2,9,RENAULT CLIO,2,E01015656,0,2
2024361517768,2024,361517768,1,9,0,-1,19,4,8,-1,0,0,0,0,0,0,4,1,-1,9,2,19,4,1149,1,7,RENAULT CLIO,9,E01026708,0,2
2024061427285,2024,061427285,1,9,0,-1,19,2,6,-1,0,0,0,0,0,0,1,1,-1,6,1,24,5,1461,2,13,RENAULT CLIO,1,E01032912,0,2
2024461438205,2024,461438205,1,9,0,-1,4,5,8,-1,0,3,0,0,0,0,3,9,-1,6,1,-1,-1,1149,1,15,RENAULT CLIO,-1,-1,0,-1
2024010497512,2024,010497512,2,9,0,4,4,1,5,0,0,1,0,0,0,0,2,1,6,6,1,26,6,1461,2,6,RENAULT CLIO,8,E01001120,0,1
2024622400048,2024,622400048,1,9,0,18,19,4,8,0,0,0,0,0,0,0,1,1,6,6,2,24,5,1461,2,10,RENAULT CLIO,2,W01001169,0,1
2024041512481,2024,041512481,2,9,0,-1,19,3,7,-1,0,8,1,0,1,0,3,1,-1,6,2,50,8,899,1,9,RENAULT CLIO,7,E01025603,0,1
2024991471450,2024,991471450,1,9,0,-1,9,1,6,-1,0,1,0,0,0,0,1,1,-1,9,2,42,7,1598,8,0,RENAULT CLIO,-1,-1,0,-1
2024622400365,2024,622400365,1,9,0,15,15,4,8,0,0,0,0,0,0,0,3,1,6,6,1,21,5,1149,1,16,RENAULT CLIO,3,W01001071,0,1
2024122400513,2024,122400513,2,9,0,2,2,0,0,0,0,1,0,0,1,0,2,1,6,6,3,-1,-1,1149,1,13,RENAULT CLIO,-1,-1,0,-1
2024211491155,2024,211491155,1,9,0,-1,19,7,3,-1,0,0,0,0,0,0,4,1,-1,9,2,26,6,1149,1,8,RENAULT CLIO,-1,-1,0,-1
2024031402540,2024,031402540,2,9,0,-1,7,8,3,-1,0,1,0,0,0,0,1,1,-1,9,2,28,6,1461,2,8,RENAULT CLIO,-1,-1,0,-1
2024141467338,2024,141467338,5,9,0,-1,2,0,0,-1,0,0,0,0,0,0,2,1,-1,6,-1,-1,-1,1149,1,12,RENAULT CLIO,-1,-1,0,-1
2024011416337,2024,011416337,1,9,0,-1,-1,3,7,-1,-1,0,0,0,0,0,1,1,-1,-1,-1,15,3,1598,1,18,RENAULT CLIO,4,E01003534,0,3
2024531536114,2024,531536114,1,9,0,-1,19,5,1,-1,0,0,0,0,1,4,1,1,-1,9,1,48,8,1149,1,14,RENAULT CLIO,9,E01022308,0,1
2024070302375,2024,070302375,2,9,0,18,19,3,7,0,0,0,0,0,0,0,1,1,2,2,1,18,4,899,1,10,RENAULT CLIO,9,E01018696,0,2
2024411541220,2024,411541220,2,9,0,-1,19,4,8,-1,0,1,0,0,0,0,1,1,-1,6,2,29,6,1149,1,13,RENAULT CLIO,4,E01023870,0,1
2024031471939,2024,031471939,1,9,0,-1,19,8,6,-1,0,2,0,0,0,0,1,1,-1,6,2,27,6,1461,2,6,RENAULT CLIO,8,E01019253,0,1
2024320533235,2024,320533235,1,9,0,-1,-1,4,8,0,0,1,0,0,0,0,1,1,6,6,1,26,6,1149,1,12,RENAULT CLIO,3,E01026235,0,1
2024141523452,2024,141523452,2,9,0,-1,4,7,3,-1,0,1,0,0,0,0,1,1,-1,2,2,50,8,899,1,10,RENAULT CLIO,1,E01007328,0,1
2024101497946,2024,101497946,2,9,0,-1,2,0,0,-1,9,8,0,0,0,0,2,1,-1,6,1,-1,-1,899,1,11,RENAULT CLIO,1,E01008841,0,1
2024471486965,2024,471486965,1,9,0,-1,5,5,1,-1,0,1,0,0,0,0,1,1,-1,9,1,86,11,1461,2,8,RENAULT CLIO,9,E01031706,0,1
2024461406289,2024,461406289,1,9,0,-1,11,5,1,-1,0,0,0,0,0,0,4,9,-1,6,3,-1,-1,1149,1,10,RENAULT CLIO,-1,-1,0,-1
2024041476402,2024,041476402,1,9,0,-1,19,1,5,-1,0,0,0,0,0,0,1,1,-1,9,1,47,8,1598,1,14,RENAULT CLIO,1,E01012670,0,2
2024471458028,2024,471458028,1,9,0,-1,19,5,1,-1,0,0,0,0,0,0,1,1,-1,6,1,31,6,1390,1,20,RENAULT CLIO,4,E01021002,0,1
2024501533106,2024,501533106,2,9,0,-1,2,0,0,-1,0,0,1,0,1,0,2,1,-1,6,-1,-1,-1,999,1,3,RENAULT CLIO,-1,-1,0,-1
2024421506684,2024,421506684,2,9,0,-1,11,2,5,-1,0,3,0,0,0,0,1,9,-1,9,2,37,7,1149,1,13,RENAULT CLIO,4,E01021648,0,1
2024461534474,2024,461534474,1,9,0,-1,19,3,7,-1,9,1,0,0,0,0,1,9,-1,6,1,51,8,1461,2,12,RENAULT CLIO,7,E01033213,0,4
2024211436457,2024,211436457,2,9,0,-1,5,1,5,-1,0,6,0,0,0,0,3,1,-1,6,1,51,8,1461,2,21,RENAULT CLIO,-1,-1,0,-1
2024471477407,2024,471477407,1,9,0,-1,7,1,8,-1,0,2,0,0,0,0,1,1,-1,9,2,41,7,898,1,6,RENAULT CLIO,5,E01021213,0,1
2024471483127,2024,471483127,2,9,0,-1,19,3,7,-1,0,0,0,0,0,0,3,9,-1,9,2,58,9,1149,1,12,RENAULT CLIO,9,E01031772,0,1
2024302400861,2024,302400861,2,9,0,4,4,6,2,0,0,0,0,0,0,0,0,1,6,6,1,34,6,1149,1,14,RENAULT CLIO,5,E01019525,0,1
2024991455979,2024,991455979,1,9,0,-1,19,7,2,-1,0,0,2,0,1,0,1,1,-1,9,1,21,5,1149,1,16,RENAULT CLIO,-1,-1,0,-1
2024211490892,2024,211490892,1,9,0,-1,19,3,5,-1,0,1,0,0,0,0,1,9,-1,6,3,-1,-1,999,1,1,RENAULT CLIO,-1,-1,0,-1
2024552400958,2024,552400958,2,9,0,3,3,6,2,0,0,0,0,0,0,0,2,1,6,6,1,31,6,1149,1,15,RENAULT CLIO,5,E01031936,0,4
2024141407796,2024,141407796,1,9,0,-1,13,2,6,-1,0,0,0,12,0,0,4,1,-1,7,2,40,7,1598,8,2,RENAULT CLIO,3,E01007354,0,2
2024622400846,2024,622400846,2,9,0,4,4,4,8,0,0,0,0,0,0,0,2,1,6,6,1,62,9,1149,1,14,RENAULT CLIO,3,W01000818,0,1
2024111446122,2024,111446122,1,9,0,-1,19,6,2,-1,0,4,0,0,0,0,3,9,-1,6,1,17,4,1149,1,16,RENAULT CLIO,10,E01020603,0,1
2024440113645,2024,440113645,2,9,0,3,3,5,1,0,0,1,0,0,0,0,2,1,6,6,3,-1,-1,999,1,1,RENAULT CLIO,-1,-1,0,-1
2024302400768,2024,302400768,1,9,0,9,9,2,8,0,0,8,0,0,0,0,1,1,6,6,1,17,4,1149,1,11,RENAULT CLIO,7,E01019535,0,4
2024991409488,2024,991409488,2,9,0,-1,19,7,3,-1,0,0,0,0,7,0,3,1,-1,2,1,49,8,1149,1,10,RENAULT CLIO,10,-1,0,4
2024991521039,2024,991521039,2,9,0,-1,5,1,5,-1,0,8,0,0,0,0,4,1,-1,9,2,21,5,1149,1,13,RENAULT CLIO,8,-1,0,1
2024061514966,2024,061514966,2,9,0,-1,7,-1,-1,-1,0,4,0,0,0,0,1,1,-1,6,2,-1,-1,1149,1,11,RENAULT CLIO,-1,-1,0,-1
2024351443938,2024,351443938,2,9,0,-1,4,5,1,-1,0,0,0,0,0,0,2,1,-1,2,2,20,4,1149,1,8,RENAULT CLIO,5,E01017974,0,3
2024010548592,2024,010548592,2,9,0,10,10,4,1,0,0,1,0,0,0,0,1,1,6,6,2,47,8,1198,1,10,RENAULT CLIO,3,E01001701,0,1
2024471524229,2024,471524229,1,9,0,-1,19,8,4,-1,0,0,1,0,0,0,1,1,-1,2,1,18,4,1149,1,13,RENAULT CLIO,7,E01015585,0,5
2024052401863,2024,052401863,2,9,0,18,19,1,5,0,0,8,0,0,0,0,4,1,6,6,3,-1,-1,1598,1,14,RENAULT CLIO,-1,-1,0,-1
2024041429494,2024,041429494,2,9,0,-1,19,3,7,-1,0,8,0,0,0,0,1,1,-1,9,2,89,11,1149,1,14,RENAULT CLIO,3,E01012708,0,1
2024141507658,2024,141507658,1,9,0,-1,19,7,3,-1,0,0,2,0,0,0,1,1,-1,6,2,59,9,1461,2,9,RENAULT CLIO,1,E01007723,0,1