collision_index,collision_year,collision_ref_no,vehicle_reference,vehicle_type,towing_and_articulation,vehicle_manoeuvre_historic,vehicle_manoeuvre,vehicle_direction_from,vehicle_direction_to,vehicle_location_restricted_lane_historic,vehicle_location_restricted_lane,junction_location,skidding_and_overturning,hit_object_in_carriageway,vehicle_leaving_carriageway,hit_object_off_carriageway,first_point_of_impact,vehicle_left_hand_drive,journey_purpose_of_driver_historic,journey_purpose_of_driver,sex_of_driver,age_of_driver,age_band_of_driver,engine_capacity_cc,propulsion_code,age_of_vehicle,generic_make_model,driver_imd_decile,lsoa_of_driver,escooter_flag,driver_distance_banding
2024052402669,2024,052402669,1,9,0,18,19,1,4,0,0,4,0,0,0,0,1,1,6,6,1,-1,-1,1461,2,17,RENAULT CLIO,3,E01006793,0,1
2024010512784,2024,010512784,1,9,0,99,99,9,9,99,99,9,9,99,9,99,2,9,6,6,1,41,7,1149,1,8,RENAULT CLIO,6,E01002020,0,2
2024201452385,2024,201452385,3,9,0,-1,3,1,3,-1,0,0,0,7,0,0,2,9,-1,6,1,43,7,1461,2,8,RENAULT CLIO,4,E01009236,0,2
2024451466630,2024,451466630,1,9,0,-1,19,5,1,-1,0,1,0,0,0,0,2,1,-1,9,2,54,8,1149,1,15,RENAULT CLIO,4,E01030601,0,2
2024440430703,2024,440430703,1,9,0,9,9,5,3,0,0,6,0,0,0,0,1,1,6,6,2,40,7,1461,2,18,RENAULT CLIO,7,E01017094,0,1
2024231482057,2024,231482057,1,9,0,-1,9,5,3,-1,0,6,0,0,0,0,4,1,-1,2,2,37,7,1390,1,19,RENAULT CLIO,10,E01009670,0,3
202454A224424,2024,54A224424,1,9,0,16,19,2,6,0,0,0,1,0,7,4,3,1,6,6,1,18,4,1461,2,7,RENAULT CLIO,8,E01014956,0,4
2024501502536,2024,501502536,1,9,0,-1,4,1,5,-1,0,0,0,0,0,0,2,2,-1,6,1,46,8,1149,1,16,RENAULT CLIO,10,E01020200,0,1
2024991482955,2024,991482955,2,9,0,-1,19,3,7,-1,0,0,0,0,0,0,3,1,-1,1,1,43,7,1461,2,9,RENAULT CLIO,7,-1,0,2
2024131461945,2024,131461945,1,9,0,-1,19,1,5,-1,0,0,0,11,5,1,1,1,-1,9,1,56,9,1461,2,9,RENAULT CLIO,9,E01011186,0,1
2024131421958,2024,131421958,1,9,0,-1,-1,-1,-1,-1,-1,8,-1,-1,-1,0,-1,1,-1,6,3,-1,-1,1149,1,7,RENAULT CLIO,-1,-1,0,-1
2024991511589,2024,991511589,1,9,0,-1,19,6,2,-1,0,0,0,0,0,0,1,1,-1,9,1,85,11,1461,2,8,RENAULT CLIO,7,-1,0,1
2024631512733,2024,631512733,3,9,0,-1,11,1,5,-1,0,8,0,0,0,0,3,1,-1,9,1,55,8,1598,8,2,RENAULT CLIO,7,W01000547,0,4
2024010499968,2024,010499968,2,9,0,99,99,9,9,99,99,9,9,99,9,99,1,9,6,6,3,-1,-1,899,1,9,RENAULT CLIO,6,E01003279,0,1
2024031520939,2024,031520939,2,9,0,-1,5,2,7,-1,0,2,0,0,0,0,4,1,-1,9,2,25,5,1598,1,17,RENAULT CLIO,3,E01019211,0,1
2024430546622,2024,430546622,2,9,0,2,2,0,0,0,0,0,0,0,0,0,2,1,6,6,1,-1,-1,898,1,7,RENAULT CLIO,-1,-1,0,-1
2024201458258,2024,201458258,2,9,0,-1,5,2,6,-1,0,2,0,0,0,0,3,1,-1,2,2,33,6,1461,2,10,RENAULT CLIO,1,E01010107,0,2
2024440409721,2024,440409721,1,9,0,9,9,7,5,0,0,6,0,0,0,0,1,1,6,6,2,-1,-1,1598,8,1,RENAULT CLIO,-1,-1,0,-1
2024440352878,2024,440352878,2,9,0,9,9,4,2,0,0,5,0,0,0,0,4,1,6,6,1,44,7,1598,1,13,RENAULT CLIO,1,E01017240,0,1
2024461518466,2024,461518466,1,9,0,-1,2,1,5,-1,0,2,0,0,0,0,3,9,-1,6,1,-1,-1,1149,1,16,RENAULT CLIO,-1,-1,0,-1
2024430576297,2024,430576297,2,9,0,11,11,6,8,0,0,3,0,0,0,0,4,1,6,6,1,-1,-1,1149,1,19,RENAULT CLIO,-1,-1,0,-1
2024201405202,2024,201405202,2,9,0,-1,19,3,7,-1,0,8,0,0,0,0,3,1,-1,9,2,23,5,1149,1,10,RENAULT CLIO,-1,-1,0,-1
2024010493948,2024,010493948,1,9,0,99,99,9,9,99,99,9,9,99,9,99,2,9,6,6,1,25,5,898,1,9,RENAULT CLIO,4,E01002802,0,1
2024010520301,2024,010520301,1,9,0,99,99,9,9,99,99,0,9,99,9,99,2,9,6,6,2,29,6,1149,1,9,RENAULT CLIO,4,E01000466,0,1
2024501422659,2024,501422659,2,9,0,-1,9,3,1,-1,0,8,0,0,0,0,1,1,-1,6,2,22,5,1149,1,7,RENAULT CLIO,3,E01020095,0,1
2024131481027,2024,131481027,2,9,0,-1,19,6,2,-1,0,8,0,0,0,0,3,1,-1,6,1,29,6,1461,2,14,RENAULT CLIO,1,E01011811,0,1
2024991493438,2024,991493438,1,9,0,-1,9,8,7,-1,0,5,0,0,0,0,1,1,-1,6,2,21,5,999,1,3,RENAULT CLIO,3,-1,0,1
2024991536066,2024,991536066,1,9,0,-1,19,3,8,-1,0,0,0,0,0,0,1,1,-1,1,1,25,5,1149,1,11,RENAULT CLIO,6,-1,0,1
2024361457312,2024,361457312,2,9,0,-1,19,1,5,-1,0,8,0,0,0,0,1,1,-1,6,2,56,9,898,1,7,RENAULT CLIO,5,E01026491,0,1
2024061481377,2024,061481377,2,9,0,-1,19,1,5,-1,0,8,0,0,0,0,1,9,-1,6,3,-1,-1,1149,1,17,RENAULT CLIO,-1,-1,0,-1
2024101529761,2024,101529761,2,9,0,-1,9,7,1,-1,0,8,0,0,0,0,1,1,-1,2,2,22,5,1461,2,18,RENAULT CLIO,4,E01008277,0,1
2024311504953,2024,311504953,2,9,0,-1,4,5,1,-1,0,3,0,0,0,0,2,1,-1,6,1,31,6,999,1,1,RENAULT CLIO,-1,-1,0,-1
202460Q017170,2024,60Q017170,1,9,0,17,19,1,5,0,0,0,1,0,1,0,4,1,2,2,1,18,4,1149,1,15,RENAULT CLIO,-1,-1,0,-1
2024111480202,2024,111480202,1,9,0,-1,19,4,8,-1,0,1,1,0,3,0,1,1,-1,6,1,23,5,1149,1,8,RENAULT CLIO,1,E01020762,0,1
2024622400720,2024,622400720,1,9,0,5,5,8,4,0,0,1,0,0,0,0,1,1,6,6,1,44,7,1461,2,9,RENAULT CLIO,4,W01001229,0,2
2024052401680,2024,052401680,1,9,0,18,19,6,2,0,0,1,0,0,0,0,4,1,6,6,1,70,10,1461,2,13,RENAULT CLIO,3,E01024943,0,4
2024311421677,2024,311421677,3,9,0,-1,19,1,8,-1,0,0,0,0,0,0,1,1,-1,9,2,21,5,1390,1,21,RENAULT CLIO,1,E01027980,0,4
2024631482408,2024,631482408,1,9,0,-1,19,3,7,-1,9,0,0,0,7,10,3,1,-1,6,2,19,4,1149,1,14,RENAULT CLIO,7,W01000579,0,3
2024622400799,2024,622400799,2,9,0,17,19,3,7,0,0,0,0,0,0,0,1,1,2,2,2,27,6,1461,2,5,RENAULT CLIO,8,E01034049,0,5
2024461410858,2024,461410858,1,9,0,-1,5,5,1,-1,0,6,0,0,0,0,3,1,-1,9,2,62,9,1149,1,18,RENAULT CLIO,7,E01030851,0,4
2024548058924,2024,548058924,1,9,0,9,9,4,1,0,0,6,0,0,0,0,1,1,6,6,1,82,11,1598,1,20,RENAULT CLIO,7,E01031979,0,2
2024122400425,2024,122400425,1,9,0,18,19,4,8,0,0,0,0,0,0,0,1,1,6,6,2,74,10,1149,1,10,RENAULT CLIO,8,E01027896,0,1
2024421417695,2024,421417695,1,9,0,-1,8,7,4,-1,0,2,0,0,0,0,4,9,-1,9,2,22,5,1149,1,14,RENAULT CLIO,7,E01021952,0,1
2024430317669,2024,430317669,1,9,0,10,10,8,6,0,0,1,0,0,0,0,2,1,1,1,1,61,9,1598,8,0,RENAULT CLIO,3,E01016714,0,2
2024361407215,2024,361407215,3,9,0,-1,19,2,5,-1,0,8,0,0,0,0,1,9,-1,9,2,20,4,1149,1,15,RENAULT CLIO,5,E01026442,0,4
2024052400042,2024,052400042,2,9,0,18,19,2,6,0,0,0,0,0,0,0,4,1,6,6,1,68,10,1149,1,13,RENAULT CLIO,4,E01006620,0,1
2024401454349,2024,401454349,1,9,-1,-1,-1,-1,-1,-1,-1,0,-1,-1,-1,0,-1,9,-1,6,1,21,5,1461,2,20,RENAULT CLIO,3,E01015744,0,1
2024041395387,2024,041395387,2,9,0,-1,19,6,2,-1,0,1,0,0,0,0,1,2,-1,9,1,50,8,1598,8,3,RENAULT CLIO,6,E01024861,0,1
2024101410222,2024,101410222,2,9,0,-1,19,1,1,-1,0,1,0,0,0,0,1,1,-1,6,2,50,8,1461,2,10,RENAULT CLIO,-1,-1,0,-1
2024041414376,2024,041414376,1,9,0,-1,19,6,2,-1,0,1,5,0,0,0,3,1,-1,9,1,18,4,1149,1,15,RENAULT CLIO,9,E01024947,0,2
2024471531678,2024,471531678,2,9,0,-1,19,6,2,-1,0,0,0,0,0,0,1,1,-1,6,1,20,4,898,1,7,RENAULT CLIO,9,E01020942,0,3
2024991508297,2024,991508297,1,9,0,-1,13,6,1,-1,0,0,0,0,1,0,1,1,-1,9,1,38,7,999,1,0,RENAULT CLIO,-1,-1,0,-1
2024361460625,2024,361460625,1,9,0,-1,9,2,6,-1,0,1,1,0,0,0,4,1,-1,9,2,19,4,1461,2,14,RENAULT CLIO,5,E01026745,0,3
2024070550464,2024,070550464,1,9,0,13,13,8,4,0,0,0,0,0,0,0,4,1,6,6,1,19,4,899,1,10,RENAULT CLIO,2,E01012534,0,1
2024041508789,2024,041508789,1,9,0,-1,19,3,7,-1,0,0,0,0,0,0,1,1,-1,1,1,60,9,1461,2,18,RENAULT CLIO,1,E01025385,0,1
2024070232231,2024,070232231,1,9,0,17,19,6,2,0,0,0,2,10,1,11,1,1,6,6,1,18,4,1149,1,16,RENAULT CLIO,6,E01005780,0,3
2024201423851,2024,201423851,1,9,0,-1,19,8,4,-1,0,0,0,0,0,0,1,9,-1,6,1,-1,-1,899,1,10,RENAULT CLIO,2,E01009943,0,1
2024211487013,2024,211487013,1,9,0,-1,19,2,8,-1,0,3,2,0,0,0,3,1,-1,9,1,21,5,1149,1,11,RENAULT CLIO,8,E01029484,0,1
2024371397865,2024,371397865,2,9,0,-1,3,-1,-1,-1,0,1,0,0,0,0,2,1,-1,2,1,63,9,898,1,9,RENAULT CLIO,1,E01030256,0,1
2024201452014,2024,201452014,2,9,0,-1,19,3,7,-1,0,1,0,0,0,0,2,1,-1,6,1,36,7,999,1,0,RENAULT CLIO,2,E01010430,0,1
2024231519380,2024,231519380,1,9,0,-1,5,7,1,-1,0,0,1,10,1,7,1,1,-1,1,1,38,7,1598,1,13,RENAULT CLIO,1,E01009478,0,2
2024161513710,2024,161513710,1,9,0,-1,7,7,2,-1,-1,5,0,0,0,0,1,1,-1,6,1,18,4,1149,1,14,RENAULT CLIO,1,E01013279,0,1
2024340NN3382,2024,340NN3382,1,9,0,-1,19,1,5,-1,0,0,2,0,7,11,1,1,-1,9,1,17,4,1149,1,9,RENAULT CLIO,10,E01025799,0,2
2024101511552,2024,101511552,2,9,0,-1,5,2,6,-1,0,4,0,0,0,0,1,1,-1,6,2,41,7,1149,1,7,RENAULT CLIO,2,E01008435,0,1
2024371442100,2024,371442100,2,9,0,-1,19,4,8,-1,0,1,0,0,0,0,4,1,-1,9,1,22,5,1149,1,17,RENAULT CLIO,6,E01029944,0,1
2024141441404,2024,141441404,3,9,0,-1,2,0,0,-1,0,0,0,0,0,0,2,1,-1,6,-1,-1,-1,1390,1,17,RENAULT CLIO,-1,-1,0,-1
2024440120040,2024,440120040,1,9,0,4,4,1,5,0,0,2,0,0,0,0,2,1,6,6,2,27,6,1461,2,17,RENAULT CLIO,3,E01017337,0,3
2024320436813,2024,320436813,1,9,0,-1,-1,7,3,0,0,1,0,0,1,0,1,1,-1,-1,1,42,7,1149,1,18,RENAULT CLIO,4,E01031045,0,4
2024070650175,2024,070650175,1,9,0,12,12,6,2,0,0,1,0,0,0,0,3,1,2,2,2,27,6,1461,2,7,RENAULT CLIO,1,E01012441,0,1
2024361470704,2024,361470704,2,9,0,-1,19,4,2,-1,0,8,0,0,7,3,3,1,-1,9,2,53,8,898,1,7,RENAULT CLIO,9,E01026563,0,2
2024421512014,2024,421512014,3,9,0,-1,19,5,1,-1,0,0,0,0,4,0,2,1,-1,6,1,36,7,1598,1,15,RENAULT CLIO,1,E01026830,0,5
2024440352736,2024,440352736,2,9,0,18,19,3,7,0,0,8,0,0,0,0,3,1,6,6,2,29,6,898,1,7,RENAULT CLIO,9,E01022504,0,4
202417M119324,2024,17M119324,1,9,0,-1,19,6,2,-1,0,8,0,0,0,0,1,1,-1,9,1,18,4,999,1,3,RENAULT CLIO,8,E01027591,0,3
2024371524791,2024,371524791,2,9,0,-1,19,5,1,-1,0,0,0,0,0,0,1,1,-1,9,1,20,4,1390,1,17,RENAULT CLIO,8,E01021792,0,4
2024061464628,2024,061464628,2,9,0,-1,19,1,5,-1,0,0,0,0,0,0,1,1,-1,9,1,20,4,898,1,8,RENAULT CLIO,6,E01004925,0,1
2024361504041,2024,361504041,1,9,0,-1,9,0,0,-1,0,6,0,0,0,0,3,1,-1,9,1,87,11,1149,1,10,RENAULT CLIO,5,E01026431,0,3
2024052400651,2024,052400651,1,9,0,4,4,5,1,0,0,1,0,0,0,0,1,1,6,6,2,33,6,999,1,3,RENAULT CLIO,2,E01006879,0,1
2024451494116,2024,451494116,2,9,0,-1,2,0,0,-1,0,0,0,0,0,0,3,1,-1,6,-1,-1,-1,899,1,10,RENAULT CLIO,-1,-1,0,-1
2024141472956,2024,141472956,1,9,0,-1,19,5,2,-1,0,0,0,0,0,0,3,1,-1,9,2,24,5,1461,2,8,RENAULT CLIO,3,E01032925,0,1
2024430233966,2024,430233966,3,9,0,18,19,3,7,0,0,0,0,0,0,0,3,1,6,6,1,-1,-1,898,1,7,RENAULT CLIO,-1,-1,0,-1
2024010501434,2024,010501434,2,9,0,2,2,0,0,0,0,2,0,0,1,0,2,1,6,6,3,-1,-1,1149,1,12,RENAULT CLIO,-1,-1,0,-1
2024041408501,2024,041408501,1,9,0,-1,19,8,2,-1,0,2,0,4,0,0,1,1,-1,9,1,21,5,1149,1,14,RENAULT CLIO,1,E01025238,0,1
2024122400692,2024,122400692,2,9,0,15,15,3,7,0,0,0,0,0,1,9,1,1,6,6,1,20,4,1998,1,14,RENAULT CLIO,10,E01027914,0,1
2024501531551,2024,501531551,4,9,0,-1,2,0,0,-1,0,0,0,4,0,0,3,1,-1,6,-1,-1,-1,1390,1,17,RENAULT CLIO,-1,-1,0,-1
2024010530921,2024,010530921,1,9,0,5,5,5,1,0,0,8,0,0,0,0,1,1,1,1,1,53,8,1197,1,7,RENAULT CLIO,-1,-1,0,-1
2024991497824,2024,991497824,1,9,0,-1,19,6,3,-1,0,0,1,0,0,0,3,1,-1,9,1,23,5,1149,1,12,RENAULT CLIO,7,-1,0,5
2024351414510,2024,351414510,2,9,0,-1,19,5,1,-1,0,0,0,0,0,0,1,1,-1,2,1,27,6,1149,1,21,RENAULT CLIO,8,E01018159,0,1
2024461442455,2024,461442455,1,9,0,-1,19,2,4,-1,0,1,0,0,0,0,0,9,-1,6,1,20,4,1149,1,14,RENAULT CLIO,1,E01024616,0,1
2024351420104,2024,351420104,1,9,0,-1,4,5,1,-1,0,0,0,0,0,0,1,1,-1,9,2,25,5,898,1,6,RENAULT CLIO,2,E01015599,0,4
2024440502955,2024,440502955,3,9,0,13,13,1,5,0,0,0,0,0,0,0,4,1,6,6,1,34,6,1149,1,15,RENAULT CLIO,9,E01022862,0,1
2024361553673,2024,361553673,1,9,0,-1,19,5,1,-1,0,0,0,0,7,0,1,1,-1,6,1,22,5,1149,1,9,RENAULT CLIO,5,E01026431,0,3
2024010541338,2024,010541338,1,9,0,18,19,7,3,0,0,8,0,0,0,0,1,1,6,6,2,21,5,1461,2,6,RENAULT CLIO,4,E01000164,0,3
2024471482314,2024,471482314,2,9,0,-1,19,7,3,-1,0,0,1,0,0,0,1,1,-1,9,2,71,10,1390,1,17,RENAULT CLIO,8,E01030822,0,1
2024311517581,2024,311517581,1,9,0,-1,19,2,6,-1,0,8,0,0,0,0,1,1,-1,6,1,38,7,1390,1,17,RENAULT CLIO,-1,-1,0,-1
2024546817524,2024,546817524,1,9,0,18,19,1,5,0,0,1,5,10,0,0,1,1,6,6,1,19,4,1149,1,13,RENAULT CLIO,10,E01031903,0,2
2024351498234,2024,351498234,2,9,0,-1,3,6,2,-1,0,0,0,0,0,0,2,1,-1,2,2,33,6,1149,1,11,RENAULT CLIO,9,E01018119,0,3
2024141414895,2024,141414895,1,9,0,-1,9,5,7,-1,0,8,0,0,0,0,1,1,-1,2,2,30,6,899,1,9,RENAULT CLIO,2,E01007881,0,1
2024501406146,2024,501406146,1,9,0,-1,19,5,1,-1,0,0,5,0,1,11,4,1,-1,6,1,17,4,1461,2,17,RENAULT CLIO,9,E01019930,0,3
2024211490947,2024,211490947,2,9,0,-1,9,3,1,-1,0,8,0,0,0,0,2,1,-1,9,2,40,7,1461,2,10,RENAULT CLIO,9,E01029518,0,2
2024201460324,2024,201460324,3,9,0,-1,2,0,0,-1,0,0,0,0,0,0,4,9,-1,9,2,38,7,899,1,10,RENAULT CLIO,3,E01009777,0,1
2024401406340,2024,401406340,2,9,0,-1,5,1,5,-1,0,4,0,0,0,0,3,9,-1,9,2,28,6,899,1,9,RENAULT CLIO,4,E01027142,0,4
2024122500146,2024,122500146,2,9,0,3,3,3,7,0,0,1,0,0,0,0,2,1,6,6,1,47,8,898,1,8,RENAULT CLIO,8,E01034967,0,1
2024052400818,2024,052400818,1,9,0,9,9,4,2,0,0,0,5,0,0,0,3,1,1,1,2,43,7,1598,8,3,RENAULT CLIO,3,E01006629,0,1
2024501455921,2024,501455921,2,9,0,-1,19,1,5,-1,0,1,0,0,0,0,3,1,-1,2,2,43,7,899,1,10,RENAULT CLIO,3,E01020095,0,1
2024440336497,2024,440336497,2,9,0,2,2,0,0,0,0,0,0,0,0,0,2,1,6,6,2,18,4,1461,2,6,RENAULT CLIO,3,E01022482,0,1
2024461444896,2024,461444896,1,9,0,-1,19,1,5,-1,0,1,1,7,7,0,1,1,-1,6,1,18,4,1149,1,19,RENAULT CLIO,1,E01024496,0,3
2024501449216,2024,501449216,1,9,0,-1,19,1,5,-1,0,0,0,0,0,0,1,1,-1,2,1,18,4,1390,1,18,RENAULT CLIO,4,E01020301,0,1
2024131467412,2024,131467412,2,9,0,-1,19,7,4,-1,0,1,0,0,0,0,1,1,-1,9,2,43,7,1149,1,15,RENAULT CLIO,6,E01011883,0,1
2024991394095,2024,991394095,1,9,0,-1,5,1,5,-1,0,3,1,0,4,0,4,1,-1,9,1,17,4,1149,1,11,RENAULT CLIO,2,-1,0,3
2024371438818,2024,371438818,1,9,0,-1,9,7,3,-1,0,0,0,0,0,0,0,1,-1,6,1,40,7,1149,1,18,RENAULT CLIO,6,E01029873,0,1
2024991462819,2024,991462819,2,9,0,-1,9,6,5,-1,0,6,0,0,0,0,1,1,-1,1,1,28,6,1461,2,9,RENAULT CLIO,-1,-1,0,-1
2024371481401,2024,371481401,2,9,0,-1,19,7,3,-1,0,1,0,0,0,0,4,1,-1,9,2,37,7,899,1,11,RENAULT CLIO,4,E01030113,0,1
2024010522982,2024,010522982,1,9,0,9,9,1,6,0,0,3,0,0,0,0,4,1,6,6,2,58,9,1390,1,17,RENAULT CLIO,-1,-1,0,-1
2024131421457,2024,131421457,2,9,0,-1,2,0,0,-1,0,0,0,12,0,0,1,1,-1,6,-1,-1,-1,1461,2,8,RENAULT CLIO,-1,-1,0,-1
2024221482051,2024,221482051,1,9,0,-1,19,4,8,-1,0,6,0,0,3,0,3,1,-1,9,1,49,8,1461,2,14,RENAULT CLIO,4,E01014098,0,1
2024131490394,2024,131490394,1,9,0,-1,9,7,1,-1,0,1,0,0,0,0,3,1,-1,9,2,31,6,1461,2,14,RENAULT CLIO,2,E01011809,0,1
2024231452890,2024,231452890,1,9,0,-1,19,3,6,-1,0,0,2,10,8,4,4,1,-1,6,1,18,4,898,1,7,RENAULT CLIO,10,E01031214,0,3
2024421402694,2024,421402694,1,9,0,-1,19,2,6,-1,0,0,0,0,4,0,1,1,-1,2,2,35,6,898,1,7,RENAULT CLIO,6,E01021730,0,4
2024440079111,2024,440079111,1,9,0,9,9,8,6,0,0,3,1,10,1,0,4,1,6,6,1,18,4,1149,1,13,RENAULT CLIO,4,E01017339,0,2
2024131501421,2024,131501421,1,9,0,-1,5,4,8,-1,0,8,0,0,0,0,1,1,-1,2,2,27,6,1149,1,16,RENAULT CLIO,8,E01010907,0,1
2024320597171,2024,320597171,1,9,0,-1,-1,6,2,0,0,0,0,4,0,0,1,1,6,6,1,30,6,1149,1,15,RENAULT CLIO,4,E01026178,0,1
2024991483751,2024,991483751,2,9,0,-1,19,7,3,-1,0,1,0,0,0,0,1,1,-1,9,1,27,6,1149,1,14,RENAULT CLIO,1,-1,0,2
2024010508690,2024,010508690,2,9,0,6,6,5,5,0,0,0,0,0,0,0,3,1,6,6,1,17,4,999,1,4,RENAULT CLIO,9,E01002275,0,1
2024421414392,2024,421414392,1,9,0,-1,19,1,3,-1,0,1,0,0,0,0,1,1,-1,6,1,25,5,1461,2,16,RENAULT CLIO,4,E01029960,0,4
2024141437329,2024,141437329,1,9,0,-1,19,4,1,-1,0,0,0,0,0,0,3,2,-1,9,2,26,6,1149,1,15,RENAULT CLIO,1,E01007534,0,1
2024231519967,2024,231519967,1,9,0,-1,10,3,1,-1,0,1,0,0,0,0,1,1,-1,2,1,20,4,1461,2,10,RENAULT CLIO,5,E01031249,0,2
2024421421098,2024,421421098,1,9,0,-1,9,1,7,-1,0,8,0,0,0,0,1,1,-1,9,1,26,6,1598,1,18,RENAULT CLIO,4,E01022022,0,3
2024371451092,2024,371451092,1,9,0,-1,19,4,8,-1,0,1,0,0,0,0,1,1,-1,6,1,81,11,1461,2,14,RENAULT CLIO,8,E01030121,0,1
2024031435359,2024,031435359,1,9,0,-1,19,5,1,-1,0,0,0,0,0,0,1,1,-1,9,1,27,6,1149,1,10,RENAULT CLIO,3,E01019291,0,1
2024501496438,2024,501496438,1,9,0,-1,19,8,3,-1,0,0,2,0,8,10,3,1,-1,9,1,19,4,1149,1,13,RENAULT CLIO,7,E01020064,0,3
2024421473428,2024,421473428,1,9,0,-1,9,1,7,-1,0,6,0,0,0,0,1,1,-1,6,2,67,10,1598,8,0,RENAULT CLIO,9,E01021238,0,3
2024991493470,2024,991493470,1,9,0,-1,9,5,3,-1,0,8,0,0,0,0,4,1,-1,6,1,60,9,1149,1,21,RENAULT CLIO,10,-1,0,4
2024201467706,2024,201467706,2,9,0,-1,2,0,0,-1,0,0,0,0,0,0,1,1,-1,9,1,21,5,899,1,11,RENAULT CLIO,6,E01034941,0,1
2024361453875,2024,361453875,3,9,0,-1,19,5,1,-1,0,0,0,0,0,0,2,1,-1,9,1,20,4,1149,1,15,RENAULT CLIO,7,E01026748,0,4
2024371510255,2024,371510255,2,9,0,-1,3,6,2,-1,0,0,0,0,0,0,2,1,-1,9,2,28,6,1149,1,13,RENAULT CLIO,3,E01030026,0,1
2024461459979,2024,461459979,1,9,0,-1,4,8,4,-1,0,0,0,4,0,0,1,1,-1,6,1,34,6,1149,1,13,RENAULT CLIO,5,E01016125,0,3
2024471501849,2024,471501849,2,9,0,-1,19,1,5,-1,0,8,0,0,0,0,3,1,-1,9,2,27,6,1197,1,7,RENAULT CLIO,2,E01021137,0,1
2024461509977,2024,461509977,1,9,0,-1,9,3,1,-1,0,8,0,0,0,0,1,2,-1,6,2,22,5,1598,1,18,RENAULT CLIO,2,E01024600,0,3
2024471459182,2024,471459182,1,9,0,-1,9,8,6,-1,0,0,0,0,7,10,1,1,-1,6,2,17,4,1149,1,18,RENAULT CLIO,10,E01031338,0,2
2024361538904,2024,361538904,2,9,0,-1,19,6,6,-1,0,8,0,0,0,0,4,1,-1,9,1,21,5,1461,2,7,RENAULT CLIO,2,E01013291,0,5
2024041398814,2024,041398814,3,9,0,-1,3,7,3,-1,0,1,0,0,0,0,2,1,-1,2,2,63,9,899,1,10,RENAULT CLIO,10,E01025441,0,2
2024401496207,2024,401496207,1,9,0,-1,9,7,5,-1,0,4,0,0,0,0,1,1,-1,2,1,61,9,1149,1,12,RENAULT CLIO,7,E01015719,0,1
2024061433291,2024,061433291,2,9,0,-1,19,6,1,-1,0,0,1,10,0,0,1,1,-1,9,1,19,4,1461,2,6,RENAULT CLIO,6,E01005307,0,1
2024991429980,2024,991429980,2,9,0,-1,4,7,4,-1,0,1,0,0,0,0,1,1,-1,9,2,26,6,899,1,10,RENAULT CLIO,8,-1,0,2
2024302500394,2024,302500394,2,9,0,-1,19,2,6,-1,0,8,0,0,0,0,3,1,-1,6,1,62,9,1149,1,17,RENAULT CLIO,2,E01019547,0,1
2024340NN1832,2024,340NN1832,1,9,0,-1,9,2,7,-1,0,4,0,0,0,0,1,1,-1,6,1,22,5,1149,1,8,RENAULT CLIO,5,E01026973,0,1
2024052400338,2024,052400338,2,9,0,9,9,1,5,0,0,1,0,0,0,0,2,1,6,6,2,52,8,1197,1,7,RENAULT CLIO,6,E01006420,0,1
2024052402538,2024,052402538,1,9,0,18,19,7,3,0,0,0,0,0,0,0,1,1,6,6,2,41,7,1390,1,21,RENAULT CLIO,1,E01006821,0,1
2024010509988,2024,010509988,3,9,0,3,3,7,3,0,0,1,0,0,0,0,1,1,6,6,2,41,7,1149,1,15,RENAULT CLIO,7,E01003816,0,2
2024622400218,2024,622400218,1,9,0,18,19,6,2,0,0,1,0,0,0,0,3,1,6,6,1,72,10,899,1,10,RENAULT CLIO,8,W01001030,0,1
2024201424386,2024,201424386,1,9,0,-1,19,5,1,-1,0,8,0,0,0,0,1,9,-1,9,1,-1,-1,1390,1,17,RENAULT CLIO,-1,-1,0,-1
2024421421990,2024,421421990,2,9,0,-1,3,1,5,-1,0,0,0,0,0,0,-1,9,-1,6,1,65,9,1149,1,19,RENAULT CLIO,2,E01022019,0,3
2024211514367,2024,211514367,1,9,0,-1,13,3,7,-1,0,0,2,4,1,4,4,1,-1,6,1,21,5,1461,2,11,RENAULT CLIO,3,E01029593,0,1
2024471532038,2024,471532038,1,9,0,-1,19,6,2,-1,0,0,0,0,0,0,1,1,-1,9,1,20,4,1149,1,16,RENAULT CLIO,7,E01024805,0,1
2024991419139,2024,991419139,1,9,0,-1,19,2,5,-1,0,0,0,0,0,0,1,1,-1,9,1,73,10,999,1,4,RENAULT CLIO,2,-1,0,1
2024440349365,2024,440349365,1,9,0,18,19,8,4,0,0,0,0,0,0,0,1,1,4,7,1,18,4,1149,1,12,RENAULT CLIO,8,E01022944,0,1
2024520402160,2024,520402160,1,9,0,18,19,1,5,0,0,0,0,0,1,10,1,1,6,6,1,17,4,1149,1,14,RENAULT CLIO,8,E01029319,0,1
2024991413066,2024,991413066,1,9,0,-1,19,1,4,-1,0,0,2,0,1,0,1,1,-1,2,1,41,7,1461,2,10,RENAULT CLIO,2,-1,0,3
2024211431260,2024,211431260,3,9,0,-1,19,4,7,-1,0,0,0,0,0,0,2,9,-1,9,2,39,7,898,1,9,RENAULT CLIO,9,E01016313,0,5