collision_index,collision_year,collision_ref_no,vehicle_reference,vehicle_type,towing_and_articulation,vehicle_manoeuvre_historic,vehicle_manoeuvre,vehicle_direction_from,vehicle_direction_to,vehicle_location_restricted_lane_historic,vehicle_location_restricted_lane,junction_location,skidding_and_overturning,hit_object_in_carriageway,vehicle_leaving_carriageway,hit_object_off_carriageway,first_point_of_impact,vehicle_left_hand_drive,journey_purpose_of_driver_historic,journey_purpose_of_driver,sex_of_driver,age_of_driver,age_band_of_driver,engine_capacity_cc,propulsion_code,age_of_vehicle,generic_make_model,driver_imd_decile,lsoa_of_driver,escooter_flag,driver_distance_banding
2024371440801,2024,371440801,1,9,0,-1,19,5,8,-1,0,0,5,0,0,0,1,1,-1,6,1,17,4,1149,1,12,RENAULT CLIO,2,E01026477,0,3
2024461431749,2024,461431749,2,9,0,-1,19,4,8,-1,0,1,0,0,0,0,3,1,-1,6,2,49,8,1149,1,15,RENAULT CLIO,2,E01020998,0,4
2024052402861,2024,052402861,1,9,0,16,19,6,2,0,0,4,1,10,3,0,1,1,6,6,2,20,4,1149,1,14,RENAULT CLIO,3,E01006925,0,1
2024101501583,2024,101501583,3,9,0,-1,10,7,3,-1,0,1,0,0,0,0,2,1,-1,9,1,43,7,999,1,0,RENAULT CLIO,8,E01008199,0,3
2024451402321,2024,451402321,1,9,0,-1,19,5,8,-1,0,1,1,4,0,0,4,1,-1,7,2,82,11,1149,1,13,RENAULT CLIO,8,E01030875,0,1
2024421508849,2024,421508849,1,9,0,-1,19,7,2,-1,0,0,0,0,7,0,4,1,-1,2,1,17,4,1149,1,12,RENAULT CLIO,8,E01021405,0,1
2024101470072,2024,101470072,1,9,0,-1,9,7,4,-1,0,8,0,0,0,0,4,1,-1,9,1,73,10,1149,1,15,RENAULT CLIO,3,E01008486,0,1
202454C209724,2024,54C209724,3,9,0,4,4,2,6,0,0,0,0,0,0,0,2,1,6,6,2,24,5,999,1,1,RENAULT CLIO,5,E01020456,0,3
2024622400366,2024,622400366,2,9,0,2,2,0,0,0,0,1,0,0,0,0,1,1,6,6,3,-1,-1,899,1,9,RENAULT CLIO,-1,-1,0,-1
2024471412981,2024,471412981,1,9,0,-1,19,7,5,-1,0,8,0,0,0,0,4,1,-1,9,1,32,6,1149,1,22,RENAULT CLIO,5,E01031554,0,1
2024440347701,2024,440347701,1,9,0,2,2,0,0,0,0,0,0,0,0,0,4,1,2,2,1,46,8,1461,2,16,RENAULT CLIO,-1,-1,0,-1
2024991495975,2024,991495975,1,9,0,-1,19,1,5,-1,0,1,0,0,0,0,4,1,-1,1,2,51,8,1149,1,12,RENAULT CLIO,1,-1,0,1
2024101434886,2024,101434886,1,9,0,-1,19,5,2,-1,0,3,0,0,0,0,1,1,-1,6,2,32,6,1461,2,11,RENAULT CLIO,5,E01008246,0,1
2024461474534,2024,461474534,2,9,0,-1,19,3,8,-1,0,0,0,0,0,0,1,1,-1,9,2,18,4,1149,1,12,RENAULT CLIO,4,E01023997,0,1
2024041428481,2024,041428481,1,9,0,-1,19,5,1,-1,0,1,5,4,0,0,4,1,-1,2,2,37,7,1461,2,9,RENAULT CLIO,2,E01024959,0,1
2024991529801,2024,991529801,2,9,0,-1,4,2,6,-1,0,0,0,0,0,0,2,1,-1,2,1,27,6,898,1,7,RENAULT CLIO,5,-1,0,4
2024211515866,2024,211515866,2,9,0,-1,19,1,4,-1,0,1,0,0,0,0,4,1,-1,6,1,63,9,1461,2,14,RENAULT CLIO,-1,-1,0,-1
2024010529301,2024,010529301,1,9,0,99,99,9,9,99,99,9,9,99,9,99,1,9,2,2,1,25,5,1598,8,0,RENAULT CLIO,8,E01001100,0,2
2024440496331,2024,440496331,1,9,0,9,9,5,7,0,0,8,0,0,0,0,4,1,6,6,2,63,9,1149,1,14,RENAULT CLIO,6,E01022614,0,3
2024070543694,2024,070543694,4,9,0,2,2,0,0,0,0,0,0,0,0,0,2,1,6,6,1,-1,-1,1149,1,17,RENAULT CLIO,3,E01018715,0,1
2024340NN0402,2024,340NN0402,2,9,0,-1,19,4,8,-1,0,1,0,0,0,0,1,1,-1,2,2,52,8,899,1,10,RENAULT CLIO,6,E01027095,0,1
2024461522506,2024,461522506,1,9,0,-1,14,3,7,-1,0,0,0,4,7,0,1,1,-1,9,1,71,10,1461,2,16,RENAULT CLIO,6,E01024790,0,1
2024552401332,2024,552401332,1,9,0,18,19,8,4,0,0,0,5,10,1,2,1,1,6,6,1,20,4,1149,1,16,RENAULT CLIO,7,E01015450,0,2
2024201524609,2024,201524609,1,9,0,-1,19,6,2,-1,0,0,1,10,1,4,1,1,-1,6,1,20,4,1998,1,17,RENAULT CLIO,-1,-1,0,-1
202460Q045121,2024,60Q045121,1,9,0,18,19,3,7,0,0,0,0,0,0,0,1,1,6,6,1,21,5,899,1,11,RENAULT CLIO,-1,-1,0,-1
2024010536071,2024,010536071,3,9,0,18,19,3,7,0,0,1,0,0,0,0,0,1,2,2,1,-1,-1,1149,1,17,RENAULT CLIO,4,E01000286,0,4
2024010526022,2024,010526022,1,9,0,9,9,7,5,0,0,2,0,0,0,0,1,1,6,6,1,36,7,1390,1,18,RENAULT CLIO,6,E01001245,0,1
2024111457031,2024,111457031,2,9,0,-1,19,7,3,-1,0,0,0,0,0,0,2,1,-1,9,2,34,6,1461,2,8,RENAULT CLIO,2,E01020602,0,2
2024440358214,2024,440358214,1,9,0,5,5,3,2,0,0,8,0,0,0,0,1,1,6,6,1,19,4,1149,1,16,RENAULT CLIO,9,W01001796,0,5
2024010508242,2024,010508242,1,9,0,18,19,3,7,0,0,1,0,0,0,0,2,1,2,2,1,20,4,1197,1,7,RENAULT CLIO,4,E01000392,0,1
2024520402666,2024,520402666,1,9,0,18,19,8,4,0,0,0,5,0,1,10,1,1,6,6,2,18,4,1149,1,16,RENAULT CLIO,3,E01029338,0,4
2024351473682,2024,351473682,1,9,0,-1,19,5,1,-1,0,8,0,0,0,0,1,1,-1,9,1,47,8,898,1,6,RENAULT CLIO,10,E01018130,0,1
2024451412896,2024,451412896,2,9,0,-1,19,3,7,-1,0,1,0,0,0,0,1,1,-1,1,2,31,6,1461,2,14,RENAULT CLIO,9,E01030772,0,3
2024061475662,2024,061475662,1,9,0,-1,15,3,3,-1,0,0,0,0,0,0,1,1,-1,6,2,50,8,1461,2,10,RENAULT CLIO,3,E01006106,0,1
2024201477606,2024,201477606,1,9,0,-1,19,3,7,-1,0,0,0,0,0,0,4,1,-1,6,1,59,9,999,1,0,RENAULT CLIO,1,E01009702,0,1
2024041519702,2024,041519702,2,9,0,-1,9,2,1,-1,0,8,0,0,0,0,4,1,-1,1,2,47,8,1149,1,16,RENAULT CLIO,2,E01025232,0,1
2024522401261,2024,522401261,2,9,0,9,9,8,5,0,0,5,0,0,0,0,1,1,6,6,1,20,4,1149,1,23,RENAULT CLIO,5,E01029081,0,4
2024991503670,2024,991503670,2,9,0,-1,19,6,2,-1,0,1,0,0,0,0,3,1,-1,6,2,23,5,1461,2,6,RENAULT CLIO,7,-1,0,2
2024471530556,2024,471530556,1,9,0,-1,19,5,1,-1,0,4,0,0,0,0,1,1,-1,9,2,27,6,999,1,0,RENAULT CLIO,9,E01031706,0,1
2024111412902,2024,111412902,2,9,0,-1,3,7,2,-1,0,4,0,0,0,0,2,1,-1,9,2,34,6,1149,1,15,RENAULT CLIO,2,E01020733,0,1
202460Q129263,2024,60Q129263,1,9,0,18,19,3,7,0,0,4,0,0,0,0,1,1,6,6,1,30,6,1149,1,18,RENAULT CLIO,-1,-1,0,-1
2024061515978,2024,061515978,1,9,0,-1,19,-1,-1,-1,0,2,0,0,0,0,4,1,-1,2,2,30,6,1149,1,7,RENAULT CLIO,2,E01006380,0,2
202417L201924,2024,17L201924,1,9,0,18,19,7,3,0,0,0,0,0,7,2,1,1,6,6,1,24,5,1149,1,23,RENAULT CLIO,-1,-1,0,-1
2024332401151,2024,332401151,1,9,0,-1,8,7,1,-1,0,1,0,0,0,0,2,1,-1,9,2,55,8,899,1,10,RENAULT CLIO,8,E01025685,0,1
2024161492299,2024,161492299,2,9,0,-1,3,7,3,-1,0,1,0,0,0,0,2,9,-1,6,3,-1,-1,1461,2,15,RENAULT CLIO,-1,-1,0,-1
2024440510131,2024,440510131,1,9,0,18,19,4,8,0,0,3,1,0,1,2,4,1,6,6,1,18,4,898,1,8,RENAULT CLIO,8,E01017180,0,3
2024052401361,2024,052401361,1,9,0,18,19,5,1,0,0,4,0,0,0,0,3,1,6,6,2,41,7,1461,2,9,RENAULT CLIO,-1,-1,0,-1
2024991503510,2024,991503510,1,9,0,-1,6,4,3,-1,0,2,0,0,7,0,3,1,-1,1,2,58,9,1390,1,17,RENAULT CLIO,-1,-1,0,-1
2024211515066,2024,211515066,1,9,0,-1,19,6,2,-1,0,0,0,0,0,0,1,1,-1,6,1,65,9,898,1,6,RENAULT CLIO,8,E01014326,0,1
2024052402065,2024,052402065,1,9,0,18,19,5,1,0,0,1,0,0,0,0,1,1,6,6,2,68,10,1461,2,13,RENAULT CLIO,9,E01006914,0,2
2024471499291,2024,471499291,2,9,0,-1,19,3,7,-1,0,0,0,0,0,0,1,1,-1,9,1,69,10,1149,1,14,RENAULT CLIO,6,E01031632,0,1
2024991525711,2024,991525711,1,9,0,-1,19,5,1,-1,0,1,0,0,0,0,1,1,-1,6,1,65,9,1149,1,21,RENAULT CLIO,-1,-1,0,-1
2024201467638,2024,201467638,4,9,0,-1,2,0,0,-1,0,0,0,0,0,0,1,9,-1,6,-1,-1,-1,899,1,10,RENAULT CLIO,-1,-1,0,-1
2024061411042,2024,061411042,1,9,0,-1,19,3,6,-1,0,0,0,0,0,0,1,1,-1,6,1,19,4,1149,1,10,RENAULT CLIO,2,E01006380,0,2
2024332400409,2024,332400409,2,9,0,-1,19,5,1,-1,0,0,0,0,0,0,0,1,-1,2,1,46,8,1149,1,19,RENAULT CLIO,5,E01025875,0,2
2024991467398,2024,991467398,1,9,0,-1,19,1,5,-1,0,0,0,0,7,0,1,1,-1,9,2,29,6,1598,8,0,RENAULT CLIO,-1,-1,0,-1
2024320660034,2024,320660034,1,9,0,-1,-1,2,6,0,0,2,0,0,0,0,3,1,6,6,2,69,10,1598,8,1,RENAULT CLIO,5,E01026201,0,3
2024991491097,2024,991491097,3,9,0,-1,19,1,5,-1,0,0,0,0,0,0,3,1,-1,2,1,36,7,1149,1,9,RENAULT CLIO,2,-1,0,2
2024421521138,2024,421521138,2,9,0,-1,3,7,3,-1,0,1,0,0,0,0,2,1,-1,9,1,30,6,898,1,7,RENAULT CLIO,8,E01015823,0,1
2024320716734,2024,320716734,1,9,0,-1,-1,5,1,0,0,0,0,0,0,0,1,1,1,1,2,57,9,1149,1,17,RENAULT CLIO,3,E01026075,0,1
2024332400603,2024,332400603,2,9,0,-1,2,0,0,-1,0,0,0,0,0,0,1,1,-1,6,3,-1,-1,1149,1,16,RENAULT CLIO,-1,-1,0,-1
2024361485191,2024,361485191,1,9,0,-1,19,7,3,-1,0,0,0,0,2,0,1,1,-1,9,1,18,4,1149,1,13,RENAULT CLIO,8,E01026929,0,2
2024221452511,2024,221452511,1,9,0,-1,19,4,8,-1,0,8,0,0,0,0,1,9,-1,6,2,18,4,1390,1,17,RENAULT CLIO,5,E01014060,0,2
2024332400148,2024,332400148,1,9,0,-1,19,7,3,-1,0,6,1,0,0,0,1,1,-1,9,1,53,8,1149,1,12,RENAULT CLIO,1,E01025932,0,1
2024520402077,2024,520402077,4,9,0,2,2,0,0,0,0,0,0,0,0,0,1,1,6,6,2,35,6,1390,1,18,RENAULT CLIO,8,E01029204,0,1
2024161526579,2024,161526579,1,9,0,-1,19,1,5,-1,0,1,2,4,0,0,1,1,-1,9,2,74,10,1149,1,16,RENAULT CLIO,3,E01013254,0,1
2024320264539,2024,320264539,2,5,0,-1,-1,2,6,0,0,8,0,0,0,0,3,1,-1,-1,1,37,7,937,1,25,-1,2,E01028269,0,4
2024421474395,2024,421474395,1,23,0,-1,19,2,6,-1,0,0,0,0,0,0,1,1,-1,6,1,51,8,937,1,25,-1,3,E01021713,0,4
2024440250641,2024,440250641,1,2,0,18,19,7,3,0,0,1,1,0,0,0,0,1,6,6,1,16,4,49,1,10,YAMAHA NS,2,E01022970,0,1
2024552400711,2024,552400711,2,2,0,9,9,1,7,0,0,8,0,0,0,0,4,1,2,2,1,57,9,49,1,7,YAMAHA NS,4,E01015339,0,1
2024461443415,2024,461443415,1,2,0,-1,19,3,7,-1,0,0,0,0,0,0,1,1,-1,6,1,16,4,49,1,7,YAMAHA NS,3,E01024059,0,1
2024320060844,2024,320060844,2,2,0,-1,-1,6,2,0,0,1,5,0,0,0,1,1,-1,-1,1,16,4,49,1,9,YAMAHA NS,5,E01026054,0,2
2024622400283,2024,622400283,1,3,0,18,19,8,4,0,0,1,0,0,0,0,1,1,6,6,1,16,4,-1,-1,-1,YAMAHA NS,4,W01001286,0,1
2024501495997,2024,501495997,2,2,0,-1,7,3,5,-1,0,1,1,0,0,0,2,1,-1,9,1,16,4,49,1,9,YAMAHA NS,5,E01018896,0,1
202454A873224,2024,54A873224,1,2,0,13,13,6,2,0,0,1,0,0,0,0,1,1,6,6,1,17,4,49,1,8,YAMAHA NS,7,E01032078,0,1
2024522402165,2024,522402165,2,2,0,18,19,6,2,2,2,8,0,0,0,0,1,1,6,6,1,16,4,49,1,8,YAMAHA NS,5,E01014861,0,1
2024522403446,2024,522403446,1,2,0,18,19,2,6,9,9,8,0,0,0,0,1,1,6,6,1,16,4,49,1,8,YAMAHA NS,7,E01014922,0,1
202454D079824,2024,54D079824,3,2,0,18,19,3,7,0,0,1,0,0,0,0,1,1,6,6,1,16,4,49,1,10,YAMAHA NS,4,E01031895,0,2
2024401495451,2024,401495451,2,2,0,-1,19,7,3,-1,0,0,0,0,0,0,2,1,-1,6,1,50,8,49,1,5,YAMAHA NS,5,E01017384,0,1
2024351528122,2024,351528122,2,2,0,-1,19,3,7,-1,0,1,0,0,0,0,4,1,-1,6,1,16,4,49,1,8,YAMAHA NS,6,E01018035,0,1
2024010508824,2024,010508824,1,11,0,4,4,7,3,0,0,1,0,0,0,0,0,2,1,1,1,66,10,-1,3,1,YUTONG E12,4,E01016521,0,2
2024991407393,2024,991407393,1,11,0,-1,4,6,3,-1,0,1,0,0,0,0,4,1,-1,1,2,58,9,-1,3,3,YUTONG E12,3,-1,0,2
2024010538365,2024,010538365,1,11,0,5,5,7,3,0,0,1,0,0,0,0,1,2,1,1,1,43,7,-1,3,1,YUTONG E12,1,E01001358,0,3
2024010538365,2024,010538365,2,11,0,3,3,7,3,0,0,1,0,0,0,0,2,1,1,1,1,55,8,-1,3,1,YUTONG E12,5,E01002584,0,2
2024141487131,2024,141487131,1,11,0,-1,19,5,1,-1,0,0,0,0,0,0,0,9,-1,1,1,59,9,-1,3,0,YUTONG E12,7,E01034250,0,3
2024141505147,2024,141505147,2,11,0,-1,2,0,0,-1,0,0,0,0,0,0,0,1,-1,1,1,37,7,-1,3,0,YUTONG E12,5,E01007583,0,2
2024311501879,2024,311501879,1,11,0,-1,19,1,2,-1,0,1,0,0,0,0,0,1,-1,1,1,22,5,-1,3,1,YUTONG E12,1,E01013920,0,1
2024311479750,2024,311479750,1,11,0,-1,19,7,3,-1,0,8,0,0,0,0,0,1,-1,1,1,51,8,-1,3,1,YUTONG E12,5,E01013898,0,1
2024311437734,2024,311437734,2,11,0,-1,-1,-1,-1,-1,-1,-1,-1,-1,-1,0,-1,9,-1,1,1,45,7,-1,3,1,YUTONG E12,-1,-1,0,-1
2024991407707,2024,991407707,1,11,0,-1,4,5,1,-1,0,2,0,0,0,0,1,1,-1,1,1,63,9,-1,3,1,YUTONG E12,-1,-1,0,-1
2024991466549,2024,991466549,1,11,0,-1,19,4,8,-1,0,0,5,0,1,0,4,1,-1,1,1,62,9,-1,3,1,YUTONG E12,-1,-1,0,-1
2024141489775,2024,141489775,1,11,0,-1,19,5,1,-1,0,2,0,0,0,0,4,1,-1,9,1,52,8,-1,3,0,YUTONG E12,7,E01007493,0,3
2024991449989,2024,991449989,1,11,0,-1,4,4,8,-1,0,1,0,0,0,0,4,1,-1,1,1,24,5,-1,3,1,YUTONG E12,3,-1,0,2
2024552400764,2024,552400764,1,4,0,14,14,3,7,0,0,0,0,0,7,11,3,1,6,6,1,32,6,-1,3,4,-1,6,E01029228,0,4
2024440431395,2024,440431395,1,4,0,17,19,3,5,0,0,4,0,0,0,0,1,1,2,2,1,49,8,-1,3,2,-1,10,E01022470,0,1
2024361473452,2024,361473452,2,3,0,-1,19,3,7,-1,0,8,0,0,0,0,1,1,-1,1,1,23,5,125,1,1,BENELLI BN,6,E01033435,0,1
2024221495459,2024,221495459,1,4,0,-1,19,1,4,-1,0,0,1,0,1,0,1,1,-1,1,1,42,7,125,1,3,BENELLI BN,5,E01014014,0,2
2024061459575,2024,061459575,1,4,0,-1,19,5,1,-1,0,0,0,0,0,0,1,1,-1,9,1,19,4,125,1,4,BENELLI BN,6,E01004963,0,1
2024461444310,2024,461444310,2,3,0,-1,19,5,1,-1,0,1,0,0,0,0,1,1,-1,6,1,35,6,125,1,3,BENELLI BN,2,E01016039,0,1
2024552401022,2024,552401022,2,3,0,2,2,0,0,0,0,0,0,0,0,0,3,1,2,2,2,23,5,125,1,5,BENELLI BN,7,E01015387,0,1
2024440497712,2024,440497712,2,4,0,18,19,3,7,0,0,8,0,0,0,0,1,1,2,2,1,43,7,125,1,1,BENELLI BN,6,E01017176,0,1
2024421444959,2024,421444959,2,4,0,-1,19,1,5,-1,0,0,0,0,1,0,0,1,-1,6,1,18,4,125,1,1,BENELLI BN,-1,-1,0,-1
2024141483128,2024,141483128,1,3,0,-1,19,8,4,-1,0,0,0,0,0,0,1,1,-1,2,1,26,6,125,1,0,BENELLI BN,2,E01008056,0,3
2024041494820,2024,041494820,3,3,0,-1,3,1,5,-1,0,0,0,0,0,0,1,1,-1,6,1,24,5,125,1,0,BENELLI BN,5,E01024958,0,1
2024302401040,2024,302401040,1,3,0,13,13,2,6,0,0,0,0,0,7,0,1,1,6,6,1,24,5,125,1,1,BENELLI BN,6,E01013491,0,1
2024010550403,2024,010550403,1,4,0,99,99,9,9,99,99,9,9,99,9,99,9,1,6,6,1,21,5,125,1,3,BENELLI BN,5,E01000590,0,1
2024430489219,2024,430489219,2,2,0,18,19,2,6,0,0,1,0,0,0,0,1,1,6,6,1,20,4,125,1,2,BENELLI BN,-1,-1,0,-1
2024471397083,2024,471397083,2,3,0,-1,19,5,1,-1,0,2,1,0,0,0,1,1,-1,6,2,43,7,125,1,4,BENELLI BN,7,E01031525,0,2
2024131448303,2024,131448303,1,3,0,-1,19,5,1,-1,0,8,2,0,0,0,3,1,-1,2,2,30,6,125,1,3,BENELLI BN,5,E01011819,0,2
2024440332485,2024,440332485,2,3,0,18,19,7,3,0,0,1,0,0,0,0,1,1,6,6,1,24,5,125,1,3,BENELLI BN,1,E01017039,0,1
2024221490591,2024,221490591,2,3,0,-1,13,6,2,-1,0,8,0,0,0,0,1,1,-1,6,1,19,4,125,1,0,BENELLI BN,4,E01009734,0,4
2024141428679,2024,141428679,1,3,0,-1,13,1,5,-1,0,1,0,0,0,0,1,1,-1,9,2,29,6,125,1,1,BENELLI BN,1,E01019488,0,4
2024061503113,2024,061503113,2,3,0,-1,19,3,7,-1,0,1,0,0,0,0,4,1,-1,9,1,18,4,125,1,3,BENELLI BN,-1,-1,0,-1
2024421499567,2024,421499567,2,3,0,-1,19,1,5,-1,0,1,0,0,0,0,1,1,-1,6,1,27,6,125,1,1,BENELLI BN,4,E01021834,0,1
2024141426305,2024,141426305,2,3,0,-1,13,3,7,-1,0,0,0,0,0,0,4,1,-1,9,2,22,5,125,1,1,BENELLI BN,2,E01007385,0,1
2024552400876,2024,552400876,2,3,0,18,19,1,5,0,0,8,0,0,0,0,1,1,6,6,1,17,4,125,1,4,BENELLI BN,3,E01015442,0,1
2024052400620,2024,052400620,2,4,0,18,19,4,8,0,0,1,0,0,0,0,1,1,6,6,2,19,4,125,1,1,BENELLI BN,2,E01006253,0,3
2024440250930,2024,440250930,1,3,0,18,19,7,3,0,0,1,1,0,0,0,1,1,6,6,1,20,4,125,1,1,BENELLI BN,5,E01017043,0,1
2024461458399,2024,461458399,1,3,0,-1,19,6,3,-1,0,1,0,0,0,0,1,1,-1,6,2,24,5,125,1,6,BENELLI BN,6,E01022086,0,4
2024010539132,2024,010539132,2,3,0,13,13,6,2,0,0,1,1,10,0,0,4,1,6,6,1,27,6,125,1,4,BENELLI BN,8,E01033028,0,3
2024041505305,2024,041505305,2,3,0,-1,19,5,1,-1,0,0,0,0,0,0,1,1,-1,9,1,24,5,125,1,4,BENELLI BN,9,E01025566,0,1
2024361533743,2024,361533743,2,3,0,-1,19,3,7,-1,0,8,0,0,0,0,1,1,-1,9,1,41,7,125,1,2,BENELLI BN,4,E01026474,0,1
2024440079619,2024,440079619,1,3,0,18,19,6,2,0,0,8,0,0,0,0,4,1,6,6,1,21,5,125,1,0,BENELLI BN,-1,-1,0,-1
2024010535383,2024,010535383,2,3,0,13,13,2,6,0,0,1,1,0,0,0,3,1,6,6,1,21,5,125,1,3,BENELLI BN,7,E01000517,0,2
2024631535541,2024,631535541,1,3,0,-1,19,4,1,-1,0,8,1,0,0,0,0,1,-1,9,1,17,4,125,1,5,BENELLI BN,5,W01000531,0,2
2024471506733,2024,471506733,1,3,0,-1,4,2,6,-1,0,1,0,0,0,0,1,1,-1,6,1,17,4,125,1,2,BENELLI BN,4,E01031522,0,3
2024302401709,2024,302401709,1,3,0,18,19,7,4,0,0,8,0,0,0,0,1,1,6,6,1,20,4,125,1,1,BENELLI BN,10,E01019610,0,3
2024131503090,2024,131503090,1,3,0,-1,19,7,4,-1,0,0,1,0,0,0,1,1,-1,9,1,18,4,125,1,1,BENELLI BN,4,E01011075,0,2
2024052401258,2024,052401258,2,3,0,18,19,5,1,0,0,1,1,10,1,10,0,1,6,6,1,19,4,125,1,1,BENELLI BN,1,E01006872,0,1
2024461398103,2024,461398103,3,3,0,-1,19,8,4,-1,0,8,0,0,0,0,1,1,-1,6,1,19,4,125,1,5,BENELLI BN,3,E01024591,0,1
2024421394082,2024,421394082,1,4,0,-1,19,1,5,-1,0,1,0,0,1,0,1,1,-1,9,1,19,4,125,1,2,BENELLI BN,8,E01021684,0,1
2024320254538,2024,320254538,2,4,0,13,13,5,1,0,0,1,0,0,0,0,1,1,-1,-1,1,30,6,125,1,1,BENELLI BN,3,E01026386,0,2
2024010509638,2024,010509638,3,4,0,13,13,1,5,0,0,8,0,4,0,0,1,1,2,2,3,26,6,125,1,3,BENELLI BN,8,E01002150,0,3
2024010507218,2024,010507218,1,3,0,99,99,9,9,99,99,9,9,99,9,99,9,1,6,6,1,22,5,125,1,3,BENELLI BN,3,E01001203,0,2
2024371412533,2024,371412533,1,3,0,-1,19,5,1,-1,0,0,0,0,0,0,1,1,-1,6,1,17,4,125,1,3,BENELLI BN,3,E01030276,0,1
2024041428457,2024,041428457,1,3,0,-1,19,8,5,-1,0,0,2,4,0,0,4,1,-1,6,1,25,5,125,1,1,BENELLI BN,3,E01025111,0,4
2024461449625,2024,461449625,1,3,0,-1,19,7,3,-1,0,0,0,0,0,0,1,1,-1,2,1,26,6,125,1,1,BENELLI BN,3,E01024583,0,2
2024010496407,2024,010496407,2,3,0,18,19,3,7,0,0,8,0,0,0,0,1,1,6,6,1,18,4,125,1,2,BENELLI BN,6,E01004163,0,1
2024161505676,2024,161505676,1,3,0,-1,19,1,5,-1,0,0,0,0,0,0,1,1,-1,9,1,18,4,125,1,2,BENELLI BN,4,E01013051,0,4
2024421432527,2024,421432527,1,3,0,-1,4,4,8,-1,0,0,0,4,0,0,1,1,-1,6,1,22,5,125,1,0,BENELLI BN,3,E01021726,0,1
2024411495683,2024,411495683,2,3,0,-1,13,8,2,-1,0,1,0,0,0,0,3,1,-1,6,1,22,5,125,1,2,BENELLI BN,2,E01035571,0,1
2024401443939,2024,401443939,2,3,0,-1,8,4,7,-1,0,4,0,0,0,0,2,1,-1,2,2,23,5,125,1,0,BENELLI BN,4,E01017581,0,4
2024010514812,2024,010514812,1,3,0,99,99,9,9,99,99,9,9,99,9,99,1,1,2,2,2,23,5,125,1,5,BENELLI BN,4,E01000406,0,3
2024141440873,2024,141440873,2,3,0,-1,15,8,4,-1,0,1,0,0,0,0,3,1,-1,9,1,20,4,125,1,3,BENELLI BN,2,E01007447,0,1
2024201526117,2024,201526117,1,3,0,-1,19,5,1,-1,0,8,0,0,0,0,4,1,-1,9,1,20,4,125,1,3,BENELLI BN,2,E01009998,0,1
2024231426324,2024,231426324,1,3,0,-1,9,6,4,-1,0,8,0,0,0,0,1,1,-1,6,1,17,4,125,1,0,BENELLI BN,1,E01035016,0,1
2024031447879,2024,031447879,1,3,0,-1,19,7,3,-1,0,0,2,0,7,0,1,1,-1,9,1,18,4,125,1,2,BENELLI BN,4,E01019147,0,4
2024161444924,2024,161444924,1,3,0,-1,19,1,6,-1,0,1,0,0,1,0,3,1,-1,6,1,20,4,125,1,1,BENELLI BN,6,E01013048,0,4
2024401486616,2024,401486616,2,3,0,-1,14,6,2,-1,0,8,0,0,0,0,1,1,-1,6,1,25,5,125,1,4,BENELLI BN,9,E01033810,0,1
2024320379953,2024,320379953,1,4,0,18,19,6,2,0,0,0,5,0,7,1,1,1,6,6,2,21,5,125,1,1,BENELLI BN,3,E01014341,0,5
2024302401715,2024,302401715,1,2,0,17,19,2,7,0,0,2,0,0,0,0,4,1,6,6,2,21,5,125,1,3,BENELLI BN,4,E01019807,0,1
2024471442009,2024,471442009,2,3,0,-1,19,7,3,-1,0,1,0,0,0,0,1,1,-1,6,1,18,4,125,1,4,BENELLI BN,5,E01021133,0,3
2024041445822,2024,041445822,1,3,0,-1,2,0,0,-1,9,2,0,0,0,0,1,1,-1,6,1,25,5,125,1,4,BENELLI BN,4,E01024989,0,2
2024531461784,2024,531461784,2,3,0,-1,19,2,6,-1,0,1,1,0,0,0,1,1,-1,6,2,24,5,125,1,2,BENELLI BN,10,E01022130,0,1
2024041484817,2024,041484817,1,3,0,-1,9,5,1,-1,0,1,0,0,0,0,1,1,-1,9,1,18,4,125,1,4,BENELLI BN,5,E01012719,0,2
2024302400983,2024,302400983,1,3,0,17,19,4,1,0,0,0,0,0,1,2,1,1,2,2,2,21,5,125,1,3,BENELLI BN,4,E01019807,0,1
2024471494919,2024,471494919,1,4,0,-1,19,3,6,-1,0,0,0,10,0,0,3,1,-1,6,1,17,4,125,1,4,BENELLI BN,7,E01021105,0,4
202454B354024,2024,54B354024,1,3,0,18,19,8,4,0,0,1,1,0,0,0,1,1,2,2,1,36,7,125,1,1,BENELLI BN,4,E01014448,0,3
2024451454590,2024,451454590,2,3,0,-1,13,3,7,-1,0,0,0,0,0,0,1,1,-1,9,1,18,4,125,1,1,BENELLI BN,7,E01024430,0,2
2024311497253,2024,311497253,2,3,0,-1,3,4,8,-1,0,0,0,0,0,0,2,1,-1,6,2,55,8,125,1,0,BENELLI BN,-1,-1,0,-1
2024070967826,2024,070967826,1,3,0,-1,19,5,1,-1,0,0,2,10,1,0,1,1,-1,6,1,18,4,125,1,0,BENELLI BN,1,E01018740,0,3