collision_index,collision_year,collision_ref_no,vehicle_reference,vehicle_type,towing_and_articulation,vehicle_manoeuvre_historic,vehicle_manoeuvre,vehicle_direction_from,vehicle_direction_to,vehicle_location_restricted_lane_historic,vehicle_location_restricted_lane,junction_location,skidding_and_overturning,hit_object_in_carriageway,vehicle_leaving_carriageway,hit_object_off_carriageway,first_point_of_impact,vehicle_left_hand_drive,journey_purpose_of_driver_historic,journey_purpose_of_driver,sex_of_driver,age_of_driver,age_band_of_driver,engine_capacity_cc,propulsion_code,age_of_vehicle,generic_make_model,driver_imd_decile,lsoa_of_driver,escooter_flag,driver_distance_banding
2024430555215,2024,430555215,1,3,0,18,19,1,5,0,0,0,0,0,0,0,3,1,6,6,1,18,4,125,1,0,BENELLI BN,2,E01028514,0,1
2024361515053,2024,361515053,2,3,0,-1,4,1,3,-1,0,0,5,11,0,0,1,1,-1,2,1,33,6,125,1,4,BENELLI BN,10,E01026908,0,1
2024371463387,2024,371463387,1,3,0,-1,4,8,4,-1,0,1,0,0,0,0,1,1,-1,2,2,30,6,125,1,0,BENELLI BN,-1,-1,0,-1
2024052401982,2024,052401982,2,3,0,18,19,7,3,0,0,0,0,0,0,0,3,1,2,2,1,21,5,125,1,0,BENELLI BN,1,E01007291,0,1
2024421530306,2024,421530306,1,3,0,-1,19,3,8,-1,0,1,1,0,0,0,1,1,-1,2,2,27,6,125,1,0,BENELLI BN,10,E01021590,0,1
2024411534034,2024,411534034,1,3,0,-1,14,4,8,-1,0,0,0,0,0,0,1,1,-1,7,2,17,4,125,1,0,BENELLI BN,7,E01023963,0,1
2024122400788,2024,122400788,1,3,0,18,19,2,6,0,0,0,0,0,0,0,1,1,6,6,1,17,4,125,1,0,BENELLI BN,6,E01013441,0,4
2024070545344,2024,070545344,1,3,0,18,19,6,2,0,0,0,0,0,1,10,1,1,6,6,1,19,4,125,1,2,BENELLI BN,1,E01018551,0,1
2024041452699,2024,041452699,1,3,0,-1,19,1,5,-1,0,0,0,0,0,0,1,1,-1,2,1,17,4,125,1,2,BENELLI BN,10,E01025440,0,1
2024471448678,2024,471448678,1,3,0,-1,19,-1,-1,-1,99,9,0,0,0,0,4,1,-1,2,2,20,4,125,1,1,BENELLI BN,5,E01034301,0,1
2024411443665,2024,411443665,1,9,0,-1,19,6,2,-1,0,4,0,0,0,0,1,1,-1,6,1,39,7,2998,8,0,-1,9,E01035733,0,4
2024461447961,2024,461447961,2,5,0,-1,19,3,7,-1,0,8,0,0,0,0,1,1,-1,6,1,23,5,649,1,4,-1,4,E01024776,0,3
2024501535179,2024,501535179,1,5,0,-1,14,3,7,-1,0,0,2,0,0,0,4,1,-1,9,1,49,8,649,1,0,-1,9,E01020054,0,4
2024010516159,2024,010516159,1,5,0,14,14,3,7,0,0,1,0,0,0,0,1,1,1,1,1,30,6,649,1,5,-1,3,E01034218,0,1
2024440062922,2024,440062922,1,5,0,14,14,4,8,0,0,1,0,0,0,0,1,1,6,6,1,54,8,904,1,23,-1,3,E01017179,0,3
2024122400601,2024,122400601,1,4,0,18,19,1,5,0,0,0,0,0,2,11,4,1,6,6,1,37,7,249,1,2,-1,1,E01013279,0,5
2024340NN3752,2024,340NN3752,1,4,0,-1,19,1,5,-1,0,0,1,0,0,0,1,1,-1,9,1,29,6,293,1,0,-1,8,E01035415,0,1
2024501523955,2024,501523955,1,4,0,-1,19,3,6,-1,0,0,0,0,0,0,3,1,-1,9,2,59,9,350,1,0,-1,6,E01019026,0,3
2024501448131,2024,501448131,2,4,0,-1,19,8,4,-1,0,0,0,0,0,0,1,1,-1,6,1,28,6,249,1,17,-1,9,E01015197,0,1
2024320040494,2024,320040494,2,9,0,4,4,4,8,0,0,0,0,0,0,0,2,1,6,6,2,36,7,1998,1,22,HONDA CR-V,3,E01026102,0,3
2024430073792,2024,430073792,1,9,0,18,19,7,3,0,0,3,0,0,0,0,4,1,6,6,2,73,10,1498,1,5,HONDA CR-V,7,E01028486,0,3
2024411412491,2024,411412491,2,9,0,-1,7,7,1,-1,0,0,0,0,0,0,2,1,-1,2,1,54,8,1998,1,20,HONDA CR-V,3,E01001488,0,2
2024010511377,2024,010511377,2,9,0,99,99,9,9,0,0,0,9,99,9,99,2,9,6,6,3,-1,-1,1597,2,10,HONDA CR-V,-1,-1,0,-1
2024522403267,2024,522403267,1,9,0,9,9,1,7,0,0,0,0,0,0,0,3,1,6,6,2,41,7,1998,1,21,HONDA CR-V,7,E01014763,0,1
2024201536605,2024,201536605,1,9,0,-1,19,1,5,-1,0,8,0,0,0,0,1,1,-1,6,1,45,7,1997,1,14,HONDA CR-V,-1,-1,0,-1
2024061453721,2024,061453721,2,9,-1,-1,19,3,5,-1,0,1,0,0,0,0,4,9,-1,6,2,71,10,2204,2,16,HONDA CR-V,2,E01006295,0,2
2024111471138,2024,111471138,2,9,0,-1,19,1,5,-1,0,0,1,0,0,0,1,1,-1,9,1,72,10,2199,2,11,HONDA CR-V,1,E01008712,0,4
2024131492645,2024,131492645,1,9,0,-1,19,1,5,-1,0,0,0,0,0,0,1,1,-1,9,1,66,10,1997,1,15,HONDA CR-V,3,E01011762,0,1
2024211503651,2024,211503651,1,9,0,-1,19,8,3,-1,0,0,0,0,0,0,1,1,-1,9,1,25,5,1998,1,19,HONDA CR-V,2,E01010301,0,2
2024531506432,2024,531506432,1,9,0,-1,19,5,1,-1,0,1,0,0,0,0,4,1,-1,6,2,52,8,1993,8,3,HONDA CR-V,5,E01022312,0,1
2024131481207,2024,131481207,3,9,0,-1,3,1,5,-1,0,8,0,0,0,0,2,1,-1,9,1,49,8,2199,2,11,HONDA CR-V,3,E01010595,0,4
2024010505486,2024,010505486,2,9,0,99,99,9,9,99,99,9,9,99,9,99,9,9,6,6,3,-1,-1,2204,2,17,HONDA CR-V,-1,-1,0,-1
2024552401115,2024,552401115,2,9,0,18,19,8,4,0,0,8,0,0,0,0,1,1,6,6,1,82,11,1997,1,17,HONDA CR-V,10,E01020559,0,1
2024320216280,2024,320216280,2,9,0,-1,-1,5,1,0,0,8,0,0,0,0,1,1,-1,-1,2,57,9,1998,1,21,HONDA CR-V,-1,-1,0,-1
2024401406731,2024,401406731,2,9,0,-1,19,4,8,-1,0,0,0,0,0,0,1,1,-1,6,1,52,8,1997,1,12,HONDA CR-V,5,E01017586,0,1
2024471517023,2024,471517023,2,9,0,-1,19,1,5,-1,0,0,0,0,0,0,1,1,-1,9,2,54,8,1998,1,19,HONDA CR-V,5,E01030557,0,1
2024010514593,2024,010514593,2,9,0,99,99,9,9,99,99,9,9,99,9,99,0,9,6,6,3,-1,-1,1993,8,5,HONDA CR-V,-1,-1,0,-1
2024061529568,2024,061529568,4,9,0,-1,19,1,1,-1,0,0,0,0,0,0,1,2,-1,6,1,30,6,2199,2,12,HONDA CR-V,-1,-1,0,-1
2024041470268,2024,041470268,1,9,0,-1,19,5,1,-1,0,0,0,0,1,11,1,1,-1,9,1,27,6,1998,1,21,HONDA CR-V,1,E01025062,0,2
2024351468393,2024,351468393,2,9,0,-1,4,3,7,-1,0,0,0,0,0,0,2,1,-1,6,2,49,8,1998,1,19,HONDA CR-V,10,E01018019,0,2
2024211534531,2024,211534531,2,9,0,-1,19,5,3,-1,0,1,0,0,0,0,3,1,-1,6,1,42,7,1597,2,9,HONDA CR-V,7,E01029777,0,1
2024451460178,2024,451460178,2,9,0,-1,19,5,1,-1,0,0,0,0,0,0,3,1,-1,9,1,68,10,1997,1,8,HONDA CR-V,5,E01001038,0,2
2024010543560,2024,010543560,2,9,0,2,2,0,0,0,0,2,1,4,0,0,1,1,6,6,3,-1,-1,1997,1,13,HONDA CR-V,-1,-1,0,-1
2024461467708,2024,461467708,2,9,0,-1,19,1,4,-1,0,0,0,0,0,0,2,9,-1,6,2,54,8,1993,8,2,HONDA CR-V,5,E01016065,0,1
2024991409018,2024,991409018,1,9,0,-1,19,3,7,-1,0,0,0,0,7,0,4,1,-1,1,1,58,9,2199,2,12,HONDA CR-V,6,-1,0,5
202454C338424,2024,54C338424,2,9,0,4,4,2,6,6,6,0,0,0,0,0,2,1,6,6,2,37,7,2204,2,15,HONDA CR-V,5,E01031845,0,1
2024471515861,2024,471515861,2,9,0,-1,3,1,4,-1,0,4,0,0,0,0,2,1,-1,6,1,76,11,2204,2,19,HONDA CR-V,9,E01001416,0,4
2024010524905,2024,010524905,2,9,0,5,5,5,1,0,0,4,0,0,0,0,2,1,6,6,2,53,8,1993,8,2,HONDA CR-V,9,E01000971,0,1
2024421520912,2024,421520912,1,9,0,-1,19,6,3,-1,0,0,0,0,7,7,1,1,-1,6,1,50,8,1998,1,17,HONDA CR-V,5,E01015942,0,4
2024471411756,2024,471411756,2,9,0,-1,4,3,7,-1,0,0,0,0,0,0,2,1,-1,9,2,36,7,1997,1,17,HONDA CR-V,5,E01031410,0,2
2024991516625,2024,991516625,1,9,0,-1,19,8,4,-1,0,0,0,0,1,11,1,1,-1,9,1,32,6,2199,2,14,HONDA CR-V,6,-1,0,1
2024501410729,2024,501410729,1,9,0,-1,6,2,1,-1,0,6,0,0,1,0,1,9,-1,9,1,76,11,2204,2,18,HONDA CR-V,4,E01020287,0,1
2024461486856,2024,461486856,2,9,0,-1,19,4,8,-1,0,0,0,0,0,0,1,1,-1,9,1,74,10,1998,1,19,HONDA CR-V,-1,-1,0,-1
2024471496437,2024,471496437,3,9,0,-1,7,7,1,-1,0,6,0,0,0,0,3,1,-1,7,2,54,8,1998,1,19,HONDA CR-V,5,E01030557,0,3
2024010516152,2024,010516152,1,9,0,99,99,9,9,99,99,9,9,99,9,99,1,9,6,6,2,49,8,1997,1,15,HONDA CR-V,5,E01002671,0,1
2024061481168,2024,061481168,2,9,0,-1,19,7,3,-1,0,1,0,0,0,0,2,1,-1,9,1,41,7,2204,2,17,HONDA CR-V,-1,-1,0,-1
2024221514791,2024,221514791,2,9,0,-1,19,8,4,-1,0,4,0,0,0,0,1,9,-1,6,1,84,11,2199,2,13,HONDA CR-V,2,E01032240,0,1
2024522401869,2024,522401869,1,9,0,3,3,5,1,0,0,0,0,0,0,0,2,1,6,6,1,51,8,1597,2,6,HONDA CR-V,3,E01014588,0,1
2024461420522,2024,461420522,2,9,0,-1,19,1,5,-1,0,2,0,0,0,0,4,9,-1,6,1,28,6,1597,2,10,HONDA CR-V,5,E01016149,0,1
2024010514552,2024,010514552,1,9,0,9,9,1,6,0,0,8,0,0,0,0,4,1,6,6,1,70,10,1998,1,19,HONDA CR-V,6,E01004109,0,1
2024544123724,2024,544123724,1,9,0,14,14,8,4,0,0,2,0,10,7,0,4,1,6,6,3,-1,-1,2199,2,10,HONDA CR-V,-1,-1,0,-1
2024010533621,2024,010533621,1,9,0,5,5,3,7,9,9,4,1,0,7,10,1,1,2,2,1,60,9,1997,1,15,HONDA CR-V,-1,-1,0,-1
2024201453306,2024,201453306,1,9,0,-1,19,7,3,-1,0,0,0,0,0,0,1,9,-1,9,2,41,7,2199,2,12,HONDA CR-V,2,E01010563,0,1
2024010531802,2024,010531802,2,9,0,2,2,0,0,0,0,0,0,0,0,0,4,2,6,6,3,-1,-1,1997,1,16,HONDA CR-V,-1,-1,0,-1
2024421471652,2024,421471652,1,9,0,-1,19,1,5,-1,0,0,0,0,1,9,1,1,-1,6,1,78,11,1993,8,1,HONDA CR-V,7,E01021761,0,1
2024302400536,2024,302400536,3,9,0,18,19,3,7,0,0,0,0,0,0,0,1,1,6,6,1,66,10,1498,1,5,HONDA CR-V,6,E01019815,0,1
2024010546670,2024,010546670,2,9,0,18,19,3,7,0,0,1,0,0,0,0,1,1,6,6,1,70,10,1997,1,15,HONDA CR-V,2,E01003048,0,2
2024501443285,2024,501443285,1,9,0,-1,7,4,2,-1,0,2,0,0,0,0,1,1,-1,6,2,61,9,1998,1,20,HONDA CR-V,4,E01018815,0,1
2024302401768,2024,302401768,2,9,0,-1,19,1,6,-1,0,0,0,0,0,0,1,1,-1,9,1,43,7,2199,2,11,HONDA CR-V,6,E01019421,0,3
2024010536391,2024,010536391,2,9,9,99,99,9,9,99,99,6,9,0,0,0,1,9,6,6,2,47,8,1997,1,7,HONDA CR-V,-1,-1,0,-1
2024052402228,2024,052402228,1,9,0,18,19,4,8,0,0,0,0,0,0,0,1,1,6,6,1,32,6,2199,2,12,HONDA CR-V,5,E01018532,0,3
2024411501099,2024,411501099,1,9,0,-1,4,1,1,-1,0,1,0,0,0,0,1,1,-1,6,2,44,7,2204,2,16,HONDA CR-V,6,E01023798,0,1
2024302400106,2024,302400106,3,9,0,18,19,8,4,0,0,8,0,0,0,0,1,2,6,6,2,62,9,1597,2,8,HONDA CR-V,3,E01006719,0,4
2024332400074,2024,332400074,1,9,0,-1,3,8,4,-1,0,0,0,0,0,0,2,1,-1,6,1,55,8,2204,2,16,HONDA CR-V,4,E01013662,0,1
2024010542097,2024,010542097,2,9,0,99,99,9,9,99,99,9,9,99,9,99,9,9,6,6,3,43,7,1997,1,11,HONDA CR-V,10,E01001019,0,1
2024340NN3112,2024,340NN3112,4,9,0,-1,4,5,1,-1,0,1,0,0,0,0,2,1,-1,6,1,73,10,2199,2,9,HONDA CR-V,8,E01026212,0,4
2024041433644,2024,041433644,2,9,0,-1,19,5,6,-1,0,8,0,0,0,0,4,1,-1,9,1,64,9,1998,1,19,HONDA CR-V,4,E01012723,0,1
2024201434830,2024,201434830,2,9,0,-1,19,6,2,-1,0,1,0,0,0,0,4,9,-1,1,1,70,10,2199,2,13,HONDA CR-V,4,E01029666,0,2
2024501517336,2024,501517336,1,9,0,-1,19,7,3,-1,0,1,0,0,0,0,1,1,-1,6,3,-1,-1,2204,2,17,HONDA CR-V,-1,-1,0,-1
2024010503492,2024,010503492,1,9,0,18,19,3,7,0,0,8,0,0,0,0,1,1,6,6,1,31,6,1998,1,22,HONDA CR-V,3,E01000783,0,1
2024010498749,2024,010498749,2,9,0,2,2,0,0,0,0,2,0,0,0,0,2,1,6,6,3,-1,-1,1997,1,8,HONDA CR-V,-1,-1,0,-1
2024471495917,2024,471495917,1,9,0,-1,20,0,0,-1,0,0,0,0,0,0,3,9,-1,6,3,-1,-1,1993,8,1,HONDA CR-V,-1,-1,0,-1
2024501420673,2024,501420673,2,9,0,-1,2,0,0,-1,0,0,0,0,0,0,3,9,-1,6,1,42,7,2199,2,14,HONDA CR-V,2,E01018999,0,1
2024411499044,2024,411499044,1,9,0,-1,19,7,3,-1,0,0,0,0,0,0,4,1,-1,9,2,67,10,1498,1,6,HONDA CR-V,10,E01023497,0,2
2024421451641,2024,421451641,1,9,0,-1,19,1,5,-1,0,0,0,0,0,0,1,2,-1,6,1,80,11,2204,2,18,HONDA CR-V,7,E01021662,0,1
2024061416213,2024,061416213,1,9,4,-1,19,1,5,-1,0,0,0,0,0,0,0,1,-1,9,1,61,9,2204,2,17,HONDA CR-V,1,E01033679,0,1
2024522402251,2024,522402251,2,9,0,7,7,6,8,0,0,6,0,0,0,0,3,1,6,6,3,-1,-1,1998,1,18,HONDA CR-V,-1,-1,0,-1
2024401434238,2024,401434238,1,9,0,-1,1,3,7,-1,0,6,0,0,0,0,2,9,-1,6,3,-1,-1,1973,1,27,HONDA CR-V,-1,-1,0,-1
2024501480149,2024,501480149,2,9,0,-1,19,7,3,-1,0,1,0,0,0,0,1,2,-1,9,2,36,7,1993,8,0,HONDA CR-V,1,E01019020,0,3
2024371436314,2024,371436314,2,9,0,-1,2,0,0,-1,0,0,0,0,0,0,2,1,-1,6,2,71,10,1993,8,5,HONDA CR-V,9,E01029963,0,3
2024010549745,2024,010549745,2,9,0,5,5,1,5,0,0,1,0,0,0,0,4,1,6,6,3,-1,-1,1997,1,16,HONDA CR-V,-1,-1,0,-1
2024440438589,2024,440438589,1,9,0,18,19,2,7,0,0,3,0,0,0,0,2,1,6,6,2,59,9,1997,1,13,HONDA CR-V,6,E01017300,0,2
2024101535560,2024,101535560,1,9,0,-1,19,5,1,-1,9,0,0,0,7,0,1,1,-1,9,1,59,9,2204,2,17,HONDA CR-V,-1,-1,0,-1
2024552400604,2024,552400604,1,9,0,18,19,4,8,0,0,0,0,4,0,0,1,1,6,6,2,40,7,2204,2,17,HONDA CR-V,2,E01033200,0,1
2024010540757,2024,010540757,1,9,0,18,19,5,1,0,0,0,0,0,0,0,2,1,6,6,1,59,9,1997,1,6,HONDA CR-V,9,E01002116,0,2
2024302500206,2024,302500206,1,9,0,-1,9,5,2,-1,0,2,0,0,0,0,1,1,-1,6,1,23,5,2204,2,15,HONDA CR-V,5,E01019456,0,1
2024451524940,2024,451524940,1,9,0,-1,4,7,3,-1,0,0,0,0,0,0,0,2,-1,6,1,79,11,1993,8,0,HONDA CR-V,4,E01032858,0,2
2024501523324,2024,501523324,1,9,0,-1,19,3,7,-1,0,0,1,0,0,0,1,1,-1,6,2,33,6,2199,2,13,HONDA CR-V,6,E01020283,0,3
2024501463199,2024,501463199,2,9,0,-1,19,2,6,-1,0,1,0,0,0,0,1,1,-1,6,1,59,9,1997,1,14,HONDA CR-V,6,E01022211,0,5
2024991506628,2024,991506628,2,9,0,-1,19,6,2,-1,0,0,0,0,0,0,1,1,-1,9,1,60,9,1993,8,5,HONDA CR-V,6,-1,0,4
2024421495537,2024,421495537,3,9,0,-1,2,7,7,-1,9,2,0,0,0,0,3,1,-1,6,-1,-1,-1,1597,2,10,HONDA CR-V,-1,-1,0,-1
2024010533099,2024,010533099,1,9,0,99,99,9,9,99,99,9,9,99,9,99,2,9,2,2,1,56,9,1998,1,19,HONDA CR-V,4,E01002594,0,1
2024031526970,2024,031526970,3,9,0,-1,19,3,7,-1,0,0,0,0,0,0,2,1,-1,6,2,53,8,1597,2,8,HONDA CR-V,1,E01019197,0,2
2024440513578,2024,440513578,1,9,0,18,19,3,7,0,0,0,0,0,0,0,4,1,6,6,2,74,10,1998,1,19,HONDA CR-V,4,E01022804,0,1
2024010539451,2024,010539451,2,9,0,99,99,9,9,99,99,9,9,99,9,99,9,9,6,6,1,57,9,1997,1,11,HONDA CR-V,6,E01002653,0,1
2024471490945,2024,471490945,2,9,0,-1,9,3,1,-1,0,6,0,0,0,0,3,1,-1,6,2,59,9,1997,1,9,HONDA CR-V,7,E01021110,0,4
2024471431278,2024,471431278,1,9,0,-1,5,1,5,-1,0,6,0,0,0,0,1,1,-1,2,1,33,6,1998,1,18,HONDA CR-V,4,E01021002,0,1
2024031502193,2024,031502193,1,9,0,-1,9,1,7,-1,-1,5,0,0,0,0,1,1,-1,2,2,58,9,2199,2,11,HONDA CR-V,2,E01019265,0,4
2024471487813,2024,471487813,1,9,0,-1,19,7,3,-1,0,0,0,4,0,0,4,1,-1,9,1,28,6,1998,1,20,HONDA CR-V,2,E01031454,0,2
2024211461933,2024,211461933,2,9,0,-1,19,3,8,-1,0,1,0,0,0,0,3,1,-1,6,1,54,8,1597,2,8,HONDA CR-V,3,E01028965,0,4
2024411534392,2024,411534392,3,9,0,-1,19,-1,-1,-1,0,0,0,0,0,0,1,1,-1,6,2,-1,-1,1997,1,12,HONDA CR-V,-1,-1,0,-1
2024332400010,2024,332400010,2,9,0,-1,2,0,0,-1,0,0,0,0,0,0,3,1,-1,6,3,-1,-1,1997,1,9,HONDA CR-V,-1,-1,0,-1
2024052401092,2024,052401092,1,9,0,9,9,1,5,0,0,8,0,0,0,0,3,1,6,6,1,55,8,1997,1,15,HONDA CR-V,6,E01012552,0,3
2024332400023,2024,332400023,5,9,0,-1,19,1,5,-1,0,0,0,0,0,0,2,1,-1,9,2,66,10,1993,8,5,HONDA CR-V,8,E01035398,0,4
2024631437218,2024,631437218,2,9,0,-1,19,5,2,-1,0,0,5,0,0,0,1,1,-1,9,1,50,8,2204,2,15,HONDA CR-V,8,W01000445,0,4
2024010529629,2024,010529629,3,9,0,18,19,7,3,0,0,1,0,0,0,0,2,1,6,6,2,55,8,1997,1,8,HONDA CR-V,2,E01000789,0,3
2024991482866,2024,991482866,1,9,0,-1,19,2,7,-1,0,0,0,0,0,0,1,1,-1,2,1,57,9,1597,2,9,HONDA CR-V,5,-1,0,2
2024440466317,2024,440466317,2,9,0,5,5,8,4,0,0,4,0,0,0,0,1,1,6,6,3,-1,-1,1997,1,14,HONDA CR-V,-1,-1,0,-1
2024041439960,2024,041439960,1,9,0,-1,9,3,7,-1,0,8,0,0,0,0,1,1,-1,9,2,82,11,2204,2,18,HONDA CR-V,8,E01024962,0,1
2024201424218,2024,201424218,2,9,0,-1,19,5,3,-1,0,1,1,0,0,0,1,1,-1,6,1,35,6,1330,8,13,HONDA CR-V,1,E01034924,0,1
2024340NN2622,2024,340NN2622,1,9,0,-1,19,7,3,-1,0,0,0,0,0,0,1,1,-1,9,1,48,8,2204,2,15,HONDA CR-V,2,E01027341,0,1
2024548041824,2024,548041824,2,9,0,18,19,1,5,0,0,1,0,0,0,0,2,1,2,2,1,38,7,2204,2,17,HONDA CR-V,7,E01032039,0,2
2024010520333,2024,010520333,2,9,9,99,99,9,9,99,99,9,9,99,9,99,9,9,6,6,3,-1,-1,1997,1,13,HONDA CR-V,-1,-1,0,-1
2024131464571,2024,131464571,1,9,0,-1,-1,-1,-1,-1,-1,8,-1,-1,-1,0,-1,1,-1,6,3,-1,-1,1997,1,14,HONDA CR-V,-1,-1,0,-1
2024010551474,2024,010551474,1,9,0,9,9,7,5,0,0,8,0,0,0,0,4,1,6,6,1,54,8,1997,1,16,HONDA CR-V,5,E01033743,0,1
2024052400512,2024,052400512,3,9,0,2,2,0,0,0,0,2,0,0,1,0,2,1,6,6,3,-1,-1,1597,2,9,HONDA CR-V,-1,-1,0,-1
2024552401305,2024,552401305,1,9,0,9,9,5,3,0,0,8,0,0,0,0,4,1,6,6,1,91,11,1998,1,20,HONDA CR-V,9,E01015405,0,1
2024471506639,2024,471506639,1,9,0,-1,5,-1,-1,-1,0,4,0,0,0,0,1,1,-1,9,2,39,7,1597,2,8,HONDA CR-V,10,E01031644,0,1
2024010532341,2024,010532341,2,9,0,4,4,2,6,0,0,0,0,0,0,0,3,1,6,6,1,48,8,1997,1,9,HONDA CR-V,2,E01000065,0,1
2024421444086,2024,421444086,1,9,0,-1,9,3,1,-1,0,1,0,0,0,0,3,1,-1,9,2,58,9,1998,1,18,HONDA CR-V,3,E01021596,0,1
2024461427167,2024,461427167,3,9,0,-1,2,0,0,-1,-1,0,0,0,0,0,1,1,-1,6,-1,-1,-1,1597,2,8,HONDA CR-V,-1,-1,0,-1
2024010509288,2024,010509288,3,9,0,3,3,1,5,0,0,1,0,0,0,0,2,1,6,6,1,60,9,1998,1,19,HONDA CR-V,3,E01003973,0,1
2024010538120,2024,010538120,1,9,0,13,13,1,5,9,9,0,0,0,0,0,3,1,6,6,2,43,7,1997,1,8,HONDA CR-V,7,E01003139,0,3
2024544084424,2024,544084424,2,9,0,18,19,3,7,0,0,0,0,0,0,0,1,1,6,6,2,59,9,2199,2,14,HONDA CR-V,4,E01031862,0,3
2024471447550,2024,471447550,1,9,0,-1,7,1,5,-1,0,8,0,0,0,0,1,1,-1,6,2,78,11,2199,2,12,HONDA CR-V,5,E01031507,0,3
2024411408808,2024,411408808,1,9,0,-1,5,1,6,-1,0,1,0,0,0,0,1,1,-1,6,2,48,8,2199,2,11,HONDA CR-V,4,E01023301,0,1
2024302500110,2024,302500110,1,9,0,-1,19,5,1,-1,0,0,0,0,1,4,1,1,-1,7,2,33,6,1973,1,26,HONDA CR-V,3,E01019856,0,1
2024471459649,2024,471459649,1,9,0,-1,19,1,5,-1,0,4,0,0,0,0,1,1,-1,7,2,39,7,2199,2,12,HONDA CR-V,6,E01021145,0,1
2024320496925,2024,320496925,1,9,0,1,1,4,8,9,9,6,0,0,0,0,2,1,-1,-1,1,60,9,1993,8,4,HONDA CR-V,-1,-1,0,-1
2024161520261,2024,161520261,1,9,0,-1,19,4,8,-1,0,3,0,0,0,0,1,1,-1,6,1,36,7,2204,2,16,HONDA CR-V,1,E01013201,0,1
2024471497436,2024,471497436,1,9,0,-1,19,1,5,-1,0,0,5,0,1,4,1,1,-1,6,1,66,10,1993,8,3,HONDA CR-V,3,E01003079,0,4
2024122400963,2024,122400963,1,9,0,18,19,5,1,0,0,0,0,0,0,0,2,1,6,6,2,70,10,2204,2,18,HONDA CR-V,5,E01019305,0,5
2024311423380,2024,311423380,1,9,0,-1,19,8,4,-1,1,6,0,0,0,0,3,1,-1,6,1,30,6,1998,1,21,HONDA CR-V,4,E01004760,0,5
2024440445250,2024,440445250,2,9,0,18,19,1,5,0,0,0,-1,0,0,0,3,1,6,6,1,54,8,2199,2,13,HONDA CR-V,8,E01023050,0,1
2024991472035,2024,991472035,1,9,0,-1,5,4,7,-1,0,8,0,0,0,0,1,1,-1,6,1,84,11,2199,2,12,HONDA CR-V,8,-1,0,3
2024991528647,2024,991528647,1,9,0,-1,14,4,8,-1,0,0,1,0,0,0,1,1,-1,2,1,71,10,1498,1,5,HONDA CR-V,-1,-1,0,-1
2024010541019,2024,010541019,2,9,9,99,99,9,9,99,99,9,9,99,9,99,9,9,6,6,2,-1,-1,1997,1,10,HONDA CR-V,10,E01003474,0,2
2024111530921,2024,111530921,2,9,0,-1,9,3,7,-1,0,0,0,0,0,0,3,1,-1,9,1,52,8,2204,2,19,HONDA CR-V,1,E01008291,0,4
2024131426541,2024,131426541,1,9,0,-1,5,1,1,-1,0,8,0,0,0,0,1,1,-1,9,1,25,5,2204,2,16,HONDA CR-V,2,E01010852,0,2
2024131491113,2024,131491113,1,9,0,-1,19,2,6,-1,0,8,0,0,0,0,1,1,-1,9,2,40,7,2199,2,9,HONDA CR-V,3,E01011319,0,2
2024461473084,2024,461473084,1,9,0,-1,19,1,4,-1,0,0,0,0,0,0,4,1,-1,9,1,75,10,1993,8,2,HONDA CR-V,9,E01024269,0,1
2024991514909,2024,991514909,1,9,0,-1,5,2,5,-1,0,8,0,0,0,0,4,1,-1,6,1,66,10,1597,2,7,HONDA CR-V,1,-1,0,1
2024461487865,2024,461487865,1,9,0,-1,19,1,5,-1,0,0,0,0,0,0,1,9,-1,6,1,74,10,2204,2,17,HONDA CR-V,6,E01024790,0,1
2024201469423,2024,201469423,2,9,0,-1,5,2,8,-1,0,6,0,0,0,0,4,1,-1,6,2,55,8,1998,1,22,HONDA CR-V,10,E01010386,0,3
2024031515121,2024,031515121,1,9,0,-1,9,2,8,-1,0,1,0,0,0,0,3,1,-1,6,1,70,10,2199,2,12,HONDA CR-V,4,E01019389,0,1
2024010510438,2024,010510438,1,9,0,18,19,3,7,0,0,6,0,0,0,0,1,1,6,6,1,36,7,1997,1,7,HONDA CR-V,3,E01003299,0,2
2024461492189,2024,461492189,1,9,0,-1,19,2,6,-1,0,0,0,0,0,0,1,2,-1,9,2,39,7,2199,2,10,HONDA CR-V,5,E01024039,0,1
2024010529135,2024,010529135,3,9,0,2,2,0,0,0,0,0,0,0,0,0,3,1,6,6,3,-1,-1,1993,8,4,HONDA CR-V,-1,-1,0,-1
2024501485099,2024,501485099,2,9,0,-1,4,3,7,-1,0,0,0,0,0,0,2,1,-1,6,2,79,11,1997,1,7,HONDA CR-V,5,E01018940,0,4
2024052401971,2024,052401971,2,9,0,18,19,1,5,0,0,0,0,0,0,0,1,1,6,6,1,79,11,2204,2,17,HONDA CR-V,6,E01007225,0,1
2024421511068,2024,421511068,1,9,0,-1,4,7,3,-1,0,0,0,0,0,0,2,1,-1,6,2,67,10,1597,2,9,HONDA CR-V,-1,-1,0,-1
2024311416014,2024,311416014,1,9,0,-1,19,3,7,-1,0,0,5,4,0,0,2,1,-1,9,2,50,8,2199,2,11,HONDA CR-V,4,E01028211,0,1