collision_index,collision_year,collision_ref_no,vehicle_reference,vehicle_type,towing_and_articulation,vehicle_manoeuvre_historic,vehicle_manoeuvre,vehicle_direction_from,vehicle_direction_to,vehicle_location_restricted_lane_historic,vehicle_location_restricted_lane,junction_location,skidding_and_overturning,hit_object_in_carriageway,vehicle_leaving_carriageway,hit_object_off_carriageway,first_point_of_impact,vehicle_left_hand_drive,journey_purpose_of_driver_historic,journey_purpose_of_driver,sex_of_driver,age_of_driver,age_band_of_driver,engine_capacity_cc,propulsion_code,age_of_vehicle,generic_make_model,driver_imd_decile,lsoa_of_driver,escooter_flag,driver_distance_banding
2024471467326,2024,471467326,2,9,0,-1,19,2,5,-1,0,1,0,0,0,0,1,1,-1,6,3,-1,-1,1973,1,24,HONDA CR-V,-1,-1,0,-1
2024010545128,2024,010545128,2,9,0,99,99,9,9,99,99,9,9,99,9,99,9,9,6,6,3,46,8,1997,1,11,HONDA CR-V,4,E01001595,0,1
2024141425459,2024,141425459,1,9,0,-1,19,4,2,-1,0,0,0,0,0,0,1,1,-1,1,2,64,9,1997,1,7,HONDA CR-V,7,E01007604,0,1
2024320567858,2024,320567858,2,9,0,3,3,8,4,0,0,1,0,0,0,0,2,1,-1,-1,1,73,10,1597,2,9,HONDA CR-V,5,E01026409,0,1
2024451492529,2024,451492529,1,9,0,-1,2,1,5,-1,0,0,0,0,0,0,3,1,-1,6,1,48,8,1997,1,16,HONDA CR-V,8,E01030965,0,1
2024552400666,2024,552400666,1,9,0,7,7,2,4,0,0,6,0,0,0,0,3,1,6,6,2,52,8,2204,2,17,HONDA CR-V,6,E01020586,0,1
2024461489159,2024,461489159,1,9,0,-1,19,6,2,-1,0,0,0,0,0,0,1,1,-1,6,1,62,9,1597,2,9,HONDA CR-V,5,E01024704,0,2
2024010511826,2024,010511826,1,9,0,16,19,5,1,6,6,8,0,0,0,0,1,1,6,6,2,66,10,1997,1,13,HONDA CR-V,2,E01003987,0,1
2024041525172,2024,041525172,1,9,0,-1,19,7,3,-1,0,0,0,0,0,0,1,1,-1,2,1,52,8,2199,2,13,HONDA CR-V,1,E01025219,0,1
2024161491757,2024,161491757,2,9,0,-1,10,7,4,-1,99,1,0,0,0,0,1,1,-1,6,2,32,6,1997,1,11,HONDA CR-V,-1,-1,0,-1
2024031470236,2024,031470236,2,9,0,-1,19,1,5,-1,0,0,0,0,0,0,1,1,-1,6,1,66,10,1997,1,13,HONDA CR-V,6,E01019256,0,1
2024430061485,2024,430061485,1,9,0,9,9,8,6,0,0,8,0,0,0,0,4,1,6,6,1,81,11,1998,1,21,HONDA CR-V,3,E01016738,0,1
2024552401042,2024,552401042,3,9,0,4,4,2,6,0,0,0,0,0,0,0,2,1,6,6,1,41,7,1597,2,8,HONDA CR-V,8,E01020964,0,5
2024061425804,2024,061425804,1,9,0,-1,-1,-1,-1,-1,0,0,0,0,0,0,1,1,-1,6,3,-1,-1,2199,2,12,HONDA CR-V,-1,-1,0,-1
2024010545964,2024,010545964,1,9,0,3,3,1,5,0,0,7,0,0,1,0,1,1,6,6,1,64,9,1998,1,22,HONDA CR-V,2,E01001334,0,1
2024141398293,2024,141398293,3,9,0,-1,19,7,3,-1,0,0,0,0,0,0,3,1,-1,9,2,64,9,1993,8,3,HONDA CR-V,1,E01007919,0,4
2024010501506,2024,010501506,2,9,0,2,2,0,0,0,0,1,0,0,0,0,2,1,6,6,3,-1,-1,1997,1,9,HONDA CR-V,-1,-1,0,-1
2024010545012,2024,010545012,2,9,0,99,99,9,9,99,99,9,9,99,9,99,9,9,6,6,3,45,7,1998,1,21,HONDA CR-V,9,E01000647,0,1
2024111404907,2024,111404907,2,9,0,-1,19,6,2,-1,0,8,0,0,0,0,1,1,-1,2,1,54,8,1597,2,7,HONDA CR-V,4,E01019309,0,4
2024311430566,2024,311430566,1,9,0,-1,5,7,3,-1,0,1,0,0,0,0,4,1,-1,6,2,43,7,1597,2,11,HONDA CR-V,6,E01028013,0,3
2024101465402,2024,101465402,1,9,0,-1,5,7,7,-1,0,0,0,0,0,0,2,1,-1,9,2,65,9,1997,1,12,HONDA CR-V,8,E01008531,0,1
2024520401513,2024,520401513,2,9,0,5,5,2,6,0,0,8,0,0,0,0,1,1,6,6,2,74,10,1997,1,17,HONDA CR-V,5,E01020503,0,3
2024231508346,2024,231508346,1,9,0,-1,5,8,4,-1,0,1,0,0,0,0,1,1,-1,9,1,85,11,1597,2,6,HONDA CR-V,9,E01009667,0,2
2024041493114,2024,041493114,4,9,0,-1,19,7,3,-1,0,0,0,0,0,0,1,1,-1,2,1,62,9,2199,2,11,HONDA CR-V,1,E01024865,0,2
2024451428070,2024,451428070,2,9,0,-1,2,1,5,-1,0,0,0,0,5,0,2,1,-1,6,1,60,9,1998,1,17,HONDA CR-V,7,E01030734,0,1
2024430305085,2024,430305085,2,9,0,9,9,2,8,0,0,1,0,0,0,0,2,1,1,1,1,49,8,2204,2,16,HONDA CR-V,5,E01028556,0,1
2024471409910,2024,471409910,1,9,0,-1,19,3,7,-1,0,0,0,0,0,0,1,1,-1,9,1,60,9,1997,1,12,HONDA CR-V,4,E01031435,0,1
2024411440623,2024,411440623,2,9,0,-1,19,8,4,-1,0,3,0,0,0,0,1,1,-1,6,2,53,8,1993,8,0,HONDA CR-V,8,E01023834,0,1
2024451404602,2024,451404602,3,9,0,-1,19,5,1,-1,0,0,0,0,0,0,1,1,-1,1,1,34,6,1997,1,10,HONDA CR-V,8,E01030478,0,1
2024052401380,2024,052401380,1,9,0,18,19,1,5,0,0,1,0,0,0,0,1,1,6,6,1,79,11,1997,1,10,HONDA CR-V,1,E01006605,0,2
2024122401292,2024,122401292,2,9,0,18,19,4,8,0,0,0,0,0,0,0,1,1,6,6,1,80,11,1997,1,11,HONDA CR-V,8,E01027875,0,1
2024461487654,2024,461487654,1,9,0,-1,5,6,3,-1,0,0,0,0,0,0,4,1,-1,9,2,75,10,1997,1,11,HONDA CR-V,8,E01024419,0,1
2024122500225,2024,122500225,1,9,0,18,19,6,2,0,0,0,0,0,0,0,1,1,6,6,1,80,11,2199,2,11,HONDA CR-V,9,E01027574,0,1
2024520403172,2024,520403172,3,9,0,13,13,4,8,0,0,0,0,0,0,0,1,1,6,6,1,77,11,1597,2,8,HONDA CR-V,4,E01029342,0,1
2024231492349,2024,231492349,1,9,0,-1,19,5,1,-1,0,0,0,0,7,3,1,1,-1,6,2,75,10,1998,1,18,HONDA CR-V,8,E01025881,0,2
2024041403572,2024,041403572,2,9,0,-1,12,1,5,-1,0,0,5,0,0,0,2,1,-1,9,1,42,7,1997,1,9,HONDA CR-V,2,E01025124,0,4
2024010524877,2024,010524877,2,9,4,18,19,6,2,0,0,0,5,4,0,0,2,1,6,6,1,19,4,1997,1,11,HONDA CR-V,7,E01015968,0,4
2024421518138,2024,421518138,2,9,0,-1,19,6,1,-1,0,0,0,0,0,0,3,1,-1,9,1,45,7,1998,1,18,HONDA CR-V,5,E01021901,0,2
2024501421139,2024,501421139,1,9,0,-1,19,7,3,-1,0,0,0,0,7,4,1,1,-1,6,2,73,10,1597,2,8,HONDA CR-V,5,E01019950,0,3
2024010518526,2024,010518526,1,9,0,17,19,1,5,0,0,1,0,0,0,0,1,1,4,7,2,39,7,1993,8,1,HONDA CR-V,-1,-1,0,-1
2024071054744,2024,071054744,1,9,0,-1,19,7,3,-1,0,0,0,0,1,1,4,1,-1,6,1,65,9,1997,1,7,HONDA CR-V,4,E01018726,0,1
202454B050624,2024,54B050624,1,9,0,18,19,2,6,0,0,1,0,0,0,0,1,1,6,6,1,22,5,1997,1,15,HONDA CR-V,9,E01015483,0,1
2024371488304,2024,371488304,2,9,-1,-1,19,-1,-1,-1,0,0,0,0,0,0,4,9,-1,1,2,23,5,2204,2,17,HONDA CR-V,8,E01033452,0,4
2024061449668,2024,061449668,1,9,0,-1,19,4,8,-1,0,1,5,0,0,0,1,1,-1,9,1,41,7,1997,1,12,HONDA CR-V,8,E01034347,0,4
2024361432956,2024,361432956,2,9,0,-1,3,5,1,-1,0,1,0,0,0,0,2,1,-1,6,2,55,8,1997,1,17,HONDA CR-V,4,E01034774,0,2
2024221453979,2024,221453979,1,9,0,-1,5,5,1,-1,0,4,0,0,0,0,1,9,-1,6,2,34,6,1998,1,20,HONDA CR-V,7,E01014075,0,1
2024211521678,2024,211521678,1,9,0,-1,19,5,1,-1,0,0,0,0,0,0,3,1,-1,6,2,62,9,1997,1,14,HONDA CR-V,-1,-1,0,-1
2024070278172,2024,070278172,1,9,0,18,19,8,3,0,0,0,5,0,0,0,1,1,6,6,1,33,6,2204,2,15,HONDA CR-V,-1,-1,0,-1
2024161483476,2024,161483476,1,9,0,-1,9,3,1,-1,0,6,0,0,0,0,1,1,-1,9,2,83,11,2199,2,10,HONDA CR-V,8,E01013058,0,1
2024371406198,2024,371406198,2,9,0,-1,19,4,8,-1,0,1,0,0,0,0,3,1,-1,6,1,38,7,2204,2,17,HONDA CR-V,6,E01030154,0,1
2024122400869,2024,122400869,2,9,0,16,19,8,4,0,0,0,0,0,0,0,4,1,6,6,1,51,8,1597,2,8,HONDA CR-V,6,E01027562,0,1
2024041533072,2024,041533072,2,9,0,-1,19,1,5,-1,0,1,0,0,0,0,1,1,-1,9,2,64,9,2199,2,13,HONDA CR-V,7,E01025322,0,3
2024231465281,2024,231465281,1,9,0,-1,19,6,8,-1,0,0,0,0,0,0,3,9,-1,6,2,55,8,1997,1,6,HONDA CR-V,8,E01031245,0,1
2024411495405,2024,411495405,2,9,0,-1,9,1,6,-1,0,3,0,0,0,0,4,1,-1,6,2,53,8,1997,1,10,HONDA CR-V,6,E01015410,0,5
2024991447696,2024,991447696,1,9,0,-1,19,3,7,-1,0,0,5,0,0,0,3,1,-1,6,1,70,10,1998,1,21,HONDA CR-V,10,-1,0,1
2024430566920,2024,430566920,1,9,0,3,3,4,8,0,0,0,0,0,0,0,2,1,6,6,2,50,8,1998,1,22,HONDA CR-V,8,E01017821,0,1
2024122500155,2024,122500155,1,9,0,16,19,5,1,0,0,3,0,0,1,2,1,1,6,6,1,42,7,2199,2,13,HONDA CR-V,4,E01034956,0,1
2024461529079,2024,461529079,1,9,0,-1,-1,-1,-1,-1,-1,-1,-1,-1,-1,0,-1,9,-1,6,1,52,8,1997,1,17,HONDA CR-V,9,E01017590,0,5
2024401538552,2024,401538552,1,9,0,-1,3,5,1,-1,0,1,0,0,0,0,2,1,-1,6,2,51,8,2199,2,10,HONDA CR-V,10,E01017700,0,4
2024471408133,2024,471408133,2,9,0,-1,19,7,3,-1,0,0,0,0,2,7,3,1,-1,9,1,51,8,1997,1,11,HONDA CR-V,7,E01035320,0,4
2024131469185,2024,131469185,1,9,0,-1,19,8,4,-1,0,8,0,0,0,0,1,1,-1,9,2,43,7,1597,2,11,HONDA CR-V,6,E01010705,0,1
2024010501516,2024,010501516,1,9,0,18,19,1,5,0,0,6,0,0,0,0,1,1,2,2,1,80,11,1993,8,5,HONDA CR-V,8,E01000212,0,1
2024411537136,2024,411537136,1,9,0,-1,19,7,3,-1,0,0,0,10,1,11,1,1,-1,6,1,74,10,1993,8,4,HONDA CR-V,3,E01023778,0,1
2024461489283,2024,461489283,1,9,0,-1,5,4,8,-1,0,4,0,0,0,0,1,1,-1,9,1,69,10,2199,2,13,HONDA CR-V,9,E01024044,0,1
2024522401823,2024,522401823,2,9,0,18,19,6,2,0,0,6,0,0,0,0,1,1,6,6,1,-1,-1,1998,1,21,HONDA CR-V,-1,-1,0,-1
2024221476940,2024,221476940,2,9,0,-1,19,7,4,-1,0,8,0,0,0,0,1,1,-1,6,1,80,11,1973,1,22,HONDA CR-V,8,E01032373,0,2
2024201470484,2024,201470484,3,9,0,-1,2,0,0,-1,0,0,0,0,0,0,2,1,-1,6,-1,-1,-1,2204,2,15,HONDA CR-V,-1,-1,0,-1
2024531455269,2024,531455269,1,9,0,-1,19,7,3,-1,0,0,0,0,0,0,1,1,-1,9,1,32,6,1998,1,22,HONDA CR-V,9,E01022307,0,1
2024991531788,2024,991531788,3,9,0,-1,19,4,8,-1,0,0,0,1,0,0,1,1,-1,9,1,89,11,1597,2,10,HONDA CR-V,4,-1,0,1
2024461492781,2024,461492781,1,9,0,-1,19,3,7,-1,0,0,0,0,0,0,4,9,-1,6,2,52,8,1597,2,8,HONDA CR-V,2,E01016040,0,1
2024440133394,2024,440133394,2,9,0,18,19,8,4,0,0,0,0,0,0,0,1,1,6,6,3,-1,-1,2199,2,11,HONDA CR-V,-1,-1,0,-1
2024131394364,2024,131394364,1,9,0,-1,19,2,2,-1,9,0,0,10,1,4,1,1,-1,9,1,87,11,1498,1,4,HONDA CR-V,5,E01010948,0,1
2024010487612,2024,010487612,1,9,0,18,19,1,5,0,0,1,0,0,0,0,1,1,6,6,1,24,5,1998,1,19,HONDA CR-V,1,E01002093,0,1
2024010519300,2024,010519300,1,9,0,99,99,9,9,99,99,9,9,99,9,99,2,9,1,1,1,37,7,1997,1,6,HONDA CR-V,7,E01003696,0,1
2024471434047,2024,471434047,2,9,0,-1,5,3,6,-1,0,4,0,0,0,0,3,1,-1,6,2,60,9,1597,2,6,HONDA CR-V,4,E01020921,0,1
2024552400163,2024,552400163,1,9,0,7,7,3,6,0,0,5,0,0,1,0,1,1,6,6,1,46,8,2199,2,12,HONDA CR-V,4,E01020584,0,3
2024332401161,2024,332401161,2,9,0,-1,11,5,1,-1,0,3,0,0,0,0,4,1,-1,6,3,-1,-1,2199,2,12,HONDA CR-V,-1,-1,0,-1
2024540718724,2024,540718724,2,9,0,18,19,2,6,0,0,1,0,0,0,0,3,1,6,6,1,52,8,1997,1,10,HONDA CR-V,6,E01032030,0,4
2024552400133,2024,552400133,1,9,0,7,7,3,6,0,0,5,0,0,0,0,4,1,6,6,2,39,7,1597,2,7,HONDA CR-V,8,E01015447,0,1
2024371415270,2024,371415270,1,9,0,-1,13,4,2,-1,0,0,0,0,0,0,1,1,-1,1,1,28,6,1998,1,19,HONDA CR-V,6,E01033049,0,2
2024010510462,2024,010510462,2,9,0,9,9,5,2,0,0,1,0,0,0,0,1,1,1,1,2,27,6,1973,1,23,HONDA CR-V,4,E01001793,0,3
2024471441558,2024,471441558,2,9,0,-1,19,7,3,-1,0,1,0,11,0,0,1,1,-1,9,1,68,10,1998,1,18,HONDA CR-V,6,E01020959,0,1
2024421502997,2024,421502997,2,9,0,-1,19,5,1,-1,0,0,0,0,0,0,1,1,-1,6,1,49,8,1597,2,9,HONDA CR-V,10,E01033053,0,1
2024141466600,2024,141466600,2,9,0,-1,19,4,8,-1,0,8,0,0,3,0,1,1,-1,2,2,44,7,2204,2,15,HONDA CR-V,7,E01008006,0,2
2024544390324,2024,544390324,1,9,0,5,5,3,7,0,0,1,0,0,0,0,1,1,6,6,2,40,7,1997,1,17,HONDA CR-V,10,E01032017,0,1
2024101424357,2024,101424357,2,9,0,-1,19,1,5,-1,0,1,0,0,0,0,4,1,-1,9,2,48,8,1993,8,3,HONDA CR-V,7,E01008458,0,1
2024010518986,2024,010518986,1,9,0,18,19,7,3,0,0,4,0,0,0,0,3,1,2,2,1,72,10,1997,1,14,HONDA CR-V,3,E01003585,0,3
2024351516390,2024,351516390,2,9,0,-1,5,3,7,-1,0,0,0,0,0,0,2,1,-1,9,1,54,8,1597,2,8,HONDA CR-V,10,E01033425,0,2
2024361436972,2024,361436972,1,9,0,-1,19,7,3,-1,0,0,0,0,1,0,1,1,-1,9,1,87,11,2204,2,19,HONDA CR-V,4,E01033430,0,4
2024421497193,2024,421497193,1,9,0,-1,19,6,2,-1,0,0,0,0,7,0,1,1,-1,9,1,38,7,2199,2,12,HONDA CR-V,-1,-1,0,-1
2024302401380,2024,302401380,2,9,0,18,19,1,5,0,0,8,0,0,0,0,4,1,1,1,1,59,9,1997,1,15,HONDA CR-V,2,E01019487,0,1
2024131456487,2024,131456487,1,9,0,-1,19,1,5,-1,0,8,0,0,0,0,1,1,-1,9,2,58,9,2199,2,12,HONDA CR-V,1,E01010635,0,2
2024221513453,2024,221513453,1,9,0,-1,13,8,4,-1,0,8,0,0,0,0,1,1,-1,6,3,18,4,2204,2,17,HONDA CR-V,-1,-1,0,-1
2024451525545,2024,451525545,3,9,0,-1,19,5,1,-1,0,8,0,0,0,0,1,1,-1,2,1,64,9,1998,1,22,HONDA CR-V,5,E01031512,0,4
2024451488945,2024,451488945,1,9,0,-1,19,2,5,-1,0,0,1,0,1,11,2,1,-1,9,2,29,6,1997,1,9,HONDA CR-V,5,E01022556,0,4
2024061437004,2024,061437004,1,9,0,-1,9,1,7,-1,0,1,0,0,0,0,2,1,-1,6,1,71,10,1597,2,10,HONDA CR-V,9,E01005803,0,1
2024361421034,2024,361421034,2,9,0,-1,19,8,4,-1,0,8,0,0,0,0,1,1,-1,6,2,42,7,2204,2,16,HONDA CR-V,2,E01018063,0,1
2024461531475,2024,461531475,2,9,0,-1,5,7,3,-1,0,0,0,0,0,0,1,1,-1,9,1,40,7,1597,2,10,HONDA CR-V,2,E01024249,0,1
2024471488172,2024,471488172,1,9,0,-1,19,6,2,-1,0,0,0,0,0,0,1,1,-1,6,1,80,11,1998,1,18,HONDA CR-V,7,E01035320,0,1
2024010522554,2024,010522554,1,9,0,18,19,5,1,0,0,0,0,4,0,0,1,1,6,6,2,40,7,1997,1,11,HONDA CR-V,-1,-1,0,-1
2024010538188,2024,010538188,1,9,0,4,4,7,3,0,0,0,0,0,0,0,0,1,2,2,2,48,8,1997,1,8,HONDA CR-V,3,E01002638,0,1
2024371491994,2024,371491994,1,9,0,-1,19,3,7,-1,0,1,0,0,0,0,1,1,-1,2,1,64,9,2199,2,11,HONDA CR-V,9,E01029872,0,1
2024010525665,2024,010525665,3,9,0,2,2,0,0,0,0,0,0,4,0,0,2,1,6,6,3,-1,-1,1997,1,7,HONDA CR-V,-1,-1,0,-1
2024451460604,2024,451460604,2,9,0,-1,9,8,4,-1,0,1,0,0,0,0,1,1,-1,9,1,44,7,2199,2,11,HONDA CR-V,7,E01030472,0,1
2024411485391,2024,411485391,1,9,0,-1,11,1,2,-1,0,6,1,0,1,0,2,1,-1,6,1,76,11,1997,1,9,HONDA CR-V,8,E01002193,0,4
2024211523928,2024,211523928,1,9,0,-1,19,7,6,-1,9,1,0,4,1,0,1,1,-1,9,1,50,8,2199,2,12,HONDA CR-V,4,E01014288,0,1
2024631420376,2024,631420376,2,90,0,-1,4,6,2,-1,0,0,0,0,0,0,1,1,-1,2,1,29,6,2199,2,11,HONDA CR-V,7,W01000470,0,4
2024010500504,2024,010500504,4,9,0,2,2,0,0,0,0,2,0,0,0,0,4,1,6,6,3,-1,-1,1498,1,5,HONDA CR-V,-1,-1,0,-1
2024451513331,2024,451513331,2,9,0,-1,19,1,1,-1,0,0,0,0,0,0,3,9,-1,2,1,30,6,1597,2,9,HONDA CR-V,-1,-1,0,-1
2024332400977,2024,332400977,1,9,0,-1,19,1,5,-1,0,0,0,0,0,0,1,1,-1,6,1,46,8,1597,2,8,HONDA CR-V,9,E01013788,0,2
2024340WN0452,2024,340WN0452,1,9,0,-1,19,8,4,-1,0,1,0,0,0,0,1,1,-1,6,1,29,6,1997,1,15,HONDA CR-V,-1,-1,0,-1
2024010508997,2024,010508997,3,9,0,2,2,0,0,0,0,2,0,4,0,0,1,1,6,6,3,-1,-1,1997,1,8,HONDA CR-V,-1,-1,0,-1
2024141413745,2024,141413745,2,9,0,-1,19,6,2,-1,0,0,0,0,0,0,3,1,-1,9,1,39,7,2204,2,18,HONDA CR-V,1,E01008076,0,1
2024631488211,2024,631488211,2,9,0,-1,19,6,8,-1,0,0,0,0,0,0,1,1,-1,1,1,62,9,1993,8,5,HONDA CR-V,2,E01014064,0,4
2024070289572,2024,070289572,2,9,0,10,10,1,7,0,0,1,0,0,0,0,2,1,1,1,2,49,8,1997,1,12,HONDA CR-V,5,E01018689,0,1
2024461473275,2024,461473275,1,9,0,-1,15,7,3,-1,0,6,0,0,0,0,1,1,-1,9,2,62,9,1997,1,8,HONDA CR-V,8,E01024183,0,1
2024610057024,2024,610057024,3,9,0,18,19,5,1,0,0,1,0,0,0,0,1,1,6,6,1,40,7,2204,2,19,HONDA CR-V,3,W01001362,0,1
2024451527200,2024,451527200,1,9,0,-1,19,1,5,-1,0,0,0,0,0,0,2,1,-1,9,1,60,9,2204,2,17,HONDA CR-V,4,E01030337,0,2
2024471444923,2024,471444923,1,9,0,-1,19,4,8,-1,0,0,5,10,0,0,1,1,-1,6,1,25,5,1998,1,21,HONDA CR-V,6,E01035327,0,2
2024471429016,2024,471429016,2,9,0,-1,19,7,3,-1,0,0,0,0,0,0,1,1,-1,9,2,74,10,1998,1,19,HONDA CR-V,5,E01021001,0,2
2024501466060,2024,501466060,2,9,0,-1,1,8,4,-1,0,0,0,0,0,0,2,1,-1,6,1,57,9,2199,2,12,HONDA CR-V,1,E01015217,0,1
2024991569323,2024,991569323,1,9,0,-1,1,8,4,-1,0,0,0,0,0,0,2,1,-1,6,1,49,8,2204,2,19,HONDA CR-V,6,-1,0,1
2024201525445,2024,201525445,2,9,0,-1,4,3,7,-1,0,0,0,0,0,0,2,9,-1,1,1,43,7,1597,2,11,HONDA CR-V,9,E01010245,0,2
2024411432982,2024,411432982,1,9,0,-1,5,5,1,-1,0,1,0,0,0,0,1,1,-1,6,1,39,7,1998,1,19,HONDA CR-V,3,E01023573,0,1
2024421448710,2024,421448710,1,9,0,-1,19,8,4,-1,0,0,5,0,0,0,1,1,-1,6,2,60,9,1997,1,6,HONDA CR-V,9,E01018219,0,4
2024211443845,2024,211443845,2,9,0,-1,19,1,5,-1,0,8,0,0,1,0,1,1,-1,6,2,63,9,1997,1,7,HONDA CR-V,-1,-1,0,-1
2024221461954,2024,221461954,3,9,0,-1,19,6,2,-1,0,0,0,0,0,0,3,1,-1,6,1,31,6,2199,2,12,HONDA CR-V,7,E01032412,0,1
2024401430469,2024,401430469,1,9,0,-1,9,8,4,-1,0,6,0,0,0,0,1,1,-1,2,1,47,8,2204,2,17,HONDA CR-V,4,E01015752,0,1
2024010505590,2024,010505590,3,9,0,99,99,9,9,99,99,9,9,99,9,99,2,9,6,6,3,-1,-1,1993,8,2,HONDA CR-V,-1,-1,0,-1
2024071015703,2024,071015703,2,9,0,-1,19,5,1,-1,0,1,0,0,0,0,4,1,-1,9,2,63,9,2204,2,17,HONDA CR-V,8,E01010222,0,4
2024221533059,2024,221533059,2,9,0,-1,6,7,7,-1,0,5,0,0,0,0,4,1,-1,9,1,81,11,1597,2,9,HONDA CR-V,5,E01032188,0,1
2024010524293,2024,010524293,1,9,0,15,15,1,5,0,0,1,0,0,0,0,1,1,6,6,1,63,9,1997,1,7,HONDA CR-V,4,E01000124,0,1
2024543395024,2024,543395024,4,9,0,18,19,4,8,0,0,0,1,0,0,0,1,1,6,6,1,53,8,2199,2,11,HONDA CR-V,7,E01023100,0,4
2024070543062,2024,070543062,1,9,0,7,7,2,6,0,0,5,0,0,0,0,4,1,2,2,1,43,7,2199,2,13,HONDA CR-V,9,E01018491,0,1
2024451400454,2024,451400454,1,9,0,-1,14,1,5,-1,0,2,0,0,0,0,1,1,-1,9,2,64,9,2204,2,18,HONDA CR-V,10,E01030778,0,1
2024552400530,2024,552400530,2,9,0,3,3,6,2,0,0,0,0,0,0,0,2,1,2,2,1,52,8,1998,1,20,HONDA CR-V,9,E01029207,0,1
2024991445751,2024,991445751,2,9,0,-1,4,2,6,-1,0,0,0,0,0,0,3,1,-1,9,2,62,9,1993,8,2,HONDA CR-V,6,-1,0,3
2024332400554,2024,332400554,1,9,0,-1,5,1,5,-1,0,6,1,0,1,9,3,1,-1,9,1,85,11,1998,1,22,HONDA CR-V,6,E01025746,0,1
2024231509511,2024,231509511,1,9,0,-1,19,4,8,-1,0,0,2,0,7,9,2,1,-1,6,1,35,6,1998,1,19,HONDA CR-V,-1,-1,0,-1
2024122500010,2024,122500010,1,9,0,18,19,3,7,0,0,8,0,0,0,0,1,1,6,6,1,70,10,2204,2,15,HONDA CR-V,1,E01011466,0,4
2024010513547,2024,010513547,2,9,0,99,99,9,9,99,99,9,9,99,9,99,1,9,6,6,3,-1,-1,1997,1,11,HONDA CR-V,-1,-1,0,-1
2024451509608,2024,451509608,1,9,0,-1,19,1,1,-1,0,0,0,0,0,0,2,1,-1,6,3,40,7,1973,1,23,HONDA CR-V,-1,-1,0,-1
2024340NN3262,2024,340NN3262,1,9,0,-1,9,7,5,-1,0,6,0,0,0,0,1,1,-1,6,1,46,8,2199,2,13,HONDA CR-V,6,E01027032,0,1
2024010520828,2024,010520828,1,9,0,5,5,7,3,0,0,1,0,0,0,0,1,1,6,6,2,32,6,1997,1,11,HONDA CR-V,6,E01000479,0,1
2024501444849,2024,501444849,2,9,0,-1,9,5,1,-1,0,6,0,0,0,0,1,1,-1,9,1,46,8,1597,2,7,HONDA CR-V,8,E01015104,0,1
2024471460809,2024,471460809,2,8,0,-1,19,1,5,-1,0,1,0,0,0,0,1,1,-1,9,2,44,7,1597,2,7,HONDA CR-V,5,E01016974,0,2
2024631508257,2024,631508257,2,9,0,-1,19,4,8,-1,0,0,5,0,0,0,1,1,-1,6,1,74,10,1998,1,18,HONDA CR-V,9,W01000715,0,4
2024430215177,2024,430215177,1,9,0,3,3,5,1,0,0,0,0,0,0,0,3,1,3,7,2,41,7,1597,2,7,HONDA CR-V,9,E01035260,0,1
2024221442271,2024,221442271,1,9,0,-1,19,7,3,-1,0,0,0,0,0,0,1,1,-1,9,1,80,11,2199,2,11,HONDA CR-V,9,E01022582,0,5
2024501533209,2024,501533209,2,9,0,-1,3,7,4,-1,0,1,0,0,0,0,3,1,-1,9,2,65,9,1997,1,10,HONDA CR-V,4,E01015037,0,1
2024522401197,2024,522401197,2,9,0,18,19,5,1,0,0,0,0,0,0,0,1,1,6,6,3,-1,-1,1997,1,11,HONDA CR-V,-1,-1,0,-1
2024131400253,2024,131400253,1,9,0,-1,4,7,3,-1,0,1,1,0,0,0,1,1,-1,2,1,30,6,2199,2,13,HONDA CR-V,6,E01010636,0,1
2024631520598,2024,631520598,2,9,0,-1,2,0,0,-1,0,2,0,0,0,0,4,1,-1,6,2,29,6,1997,1,16,HONDA CR-V,2,W01000659,0,1
2024451471292,2024,451471292,1,9,0,-1,19,5,1,-1,0,0,0,0,0,0,1,1,-1,2,2,52,8,1997,1,11,HONDA CR-V,6,E01024425,0,3
2024631438034,2024,631438034,3,9,0,-1,4,2,6,-1,0,1,0,0,0,0,2,1,-1,9,1,37,7,1998,1,17,HONDA CR-V,6,W01000434,0,3
2024010538185,2024,010538185,2,9,0,18,19,5,1,0,0,8,0,0,0,0,4,1,6,6,1,51,8,1997,1,9,HONDA CR-V,3,E01001448,0,1
2024070286958,2024,070286958,1,9,0,1,1,3,7,0,0,1,0,0,3,10,2,1,6,6,1,95,11,1998,1,17,HONDA CR-V,10,E01018666,0,1
2024361446134,2024,361446134,1,9,0,-1,19,8,4,-1,0,0,1,0,0,0,1,1,-1,2,1,41,7,2204,2,17,HONDA CR-V,3,E01026639,0,3
2024531494782,2024,531494782,2,9,0,-1,3,5,1,-1,0,2,0,0,0,0,1,1,-1,7,2,43,7,1993,8,5,HONDA CR-V,8,E01022437,0,1
2024430584062,2024,430584062,1,9,0,17,19,5,2,0,0,0,0,0,0,0,1,1,6,6,2,48,8,1997,1,6,HONDA CR-V,4,E01028781,0,3