collision_index,collision_year,collision_ref_no,vehicle_reference,vehicle_type,towing_and_articulation,vehicle_manoeuvre_historic,vehicle_manoeuvre,vehicle_direction_from,vehicle_direction_to,vehicle_location_restricted_lane_historic,vehicle_location_restricted_lane,junction_location,skidding_and_overturning,hit_object_in_carriageway,vehicle_leaving_carriageway,hit_object_off_carriageway,first_point_of_impact,vehicle_left_hand_drive,journey_purpose_of_driver_historic,journey_purpose_of_driver,sex_of_driver,age_of_driver,age_band_of_driver,engine_capacity_cc,propulsion_code,age_of_vehicle,generic_make_model,driver_imd_decile,lsoa_of_driver,escooter_flag,driver_distance_banding
2024010540181,2024,010540181,1,9,0,18,19,3,7,0,0,0,0,0,0,0,1,1,6,6,2,40,7,1997,1,16,HONDA CR-V,2,E01001218,0,1
2024070594401,2024,070594401,2,9,0,3,3,6,2,0,0,1,0,0,0,0,2,1,6,6,2,41,7,1998,1,21,HONDA CR-V,8,E01018556,0,1
2024440092898,2024,440092898,2,9,0,3,3,4,8,0,0,0,0,0,0,0,2,1,6,6,1,51,8,1998,1,18,HONDA CR-V,6,E01017092,0,1
2024302400414,2024,302400414,1,9,0,9,9,4,2,0,0,6,1,0,0,0,3,1,6,6,2,84,11,1997,1,14,HONDA CR-V,10,E01019828,0,1
2024201416379,2024,201416379,2,9,0,-1,10,1,1,-1,0,1,0,0,0,0,1,2,-1,1,1,42,7,1998,1,17,HONDA CR-V,9,E01035533,0,5
2024543851224,2024,543851224,1,9,0,18,19,3,7,0,0,6,0,0,7,0,3,1,6,6,1,40,7,1597,2,8,HONDA CR-V,7,E01029028,0,4
2024461527994,2024,461527994,1,9,0,-1,4,7,3,-1,0,0,1,0,0,0,1,1,-1,2,1,40,7,1997,1,11,HONDA CR-V,8,E01024100,0,1
2024430095147,2024,430095147,1,9,0,18,19,7,3,0,0,2,0,0,0,0,1,1,6,6,1,30,6,2204,2,17,HONDA CR-V,6,E01028542,0,1
2024010523017,2024,010523017,2,9,0,18,19,3,7,0,0,8,0,0,0,0,0,1,6,6,3,52,8,1998,1,21,HONDA CR-V,4,E01003637,0,1
2024361437087,2024,361437087,2,9,0,-1,10,3,7,-1,0,1,0,0,0,0,2,1,-1,6,1,74,10,1597,2,7,HONDA CR-V,5,E01026737,0,3
2024371496034,2024,371496034,2,9,0,-1,19,3,7,-1,0,8,0,0,0,0,1,1,-1,9,1,59,9,1997,1,16,HONDA CR-V,9,E01001992,0,5
2024547128824,2024,547128824,2,9,0,2,2,0,0,0,0,0,0,0,0,0,3,1,6,6,3,-1,-1,1998,1,20,HONDA CR-V,-1,-1,0,-1
2024211431450,2024,211431450,1,9,0,-1,19,2,6,-1,0,0,0,0,7,0,1,9,-1,6,2,82,11,1998,1,21,HONDA CR-V,4,E01010488,0,1
2024552400907,2024,552400907,1,9,0,18,19,8,4,0,0,0,0,0,0,0,1,1,6,6,2,66,10,1997,1,8,HONDA CR-V,5,E01020452,0,1
2024010499089,2024,010499089,2,9,0,99,99,9,9,99,99,9,9,99,9,99,9,9,6,6,3,-1,-1,1998,1,22,HONDA CR-V,-1,-1,0,-1
2024010506420,2024,010506420,2,9,0,18,19,6,2,0,0,2,0,0,0,0,2,1,6,6,1,34,6,1997,1,14,HONDA CR-V,6,E01002496,0,3
2024010529639,2024,010529639,2,9,0,18,19,7,3,0,0,2,0,0,0,0,1,1,6,6,2,36,7,1997,1,6,HONDA CR-V,5,E01002454,0,1
2024552400837,2024,552400837,2,9,0,2,2,0,0,0,0,0,0,0,1,11,2,1,6,6,3,-1,-1,2199,2,13,HONDA CR-V,-1,-1,0,-1
2024311464070,2024,311464070,1,9,0,-1,19,7,3,-1,0,0,0,0,0,0,3,1,-1,6,1,85,11,1993,8,2,HONDA CR-V,10,E01029747,0,4
2024052401000,2024,052401000,1,9,0,18,19,3,7,0,0,1,0,0,0,0,1,1,6,6,2,52,8,1997,1,13,HONDA CR-V,1,E01006844,0,1
2024010546650,2024,010546650,1,9,0,18,19,5,1,0,0,1,0,0,0,0,1,1,1,1,2,35,6,1597,2,7,HONDA CR-V,2,E01003252,0,1
2024131440855,2024,131440855,1,9,0,-1,9,1,3,-1,0,8,0,0,0,0,1,1,-1,6,2,-1,-1,2204,2,15,HONDA CR-V,-1,-1,0,-1
2024070856666,2024,070856666,2,9,0,-1,8,1,5,-1,0,1,0,0,0,0,4,1,-1,9,2,63,9,1997,1,7,HONDA CR-V,8,E01012548,0,1
2024221439991,2024,221439991,2,9,0,-1,19,6,2,-1,0,1,0,4,0,0,1,1,-1,6,1,45,7,2199,2,12,HONDA CR-V,7,W01001102,0,4
2024451536056,2024,451536056,2,9,0,-1,19,5,1,-1,0,8,0,0,0,0,3,1,-1,9,2,36,7,1997,1,8,HONDA CR-V,10,E01030581,0,1
2024421481721,2024,421481721,1,9,0,-1,-1,-1,-1,-1,-1,0,-1,-1,-1,0,-1,9,-1,6,3,-1,-1,1998,1,21,HONDA CR-V,-1,-1,0,-1
2024531513178,2024,531513178,1,9,0,-1,7,3,7,-1,0,5,0,0,0,0,1,1,-1,9,2,33,6,1998,1,19,HONDA CR-V,6,E01022186,0,2
2024991483875,2024,991483875,3,9,0,-1,2,0,0,-1,0,2,0,0,0,0,2,1,-1,6,-1,-1,-1,1998,1,17,HONDA CR-V,-1,-1,0,-1
2024041395473,2024,041395473,2,9,0,-1,19,3,7,-1,0,0,0,0,0,0,1,1,-1,9,1,61,9,2204,2,17,HONDA CR-V,9,E01025519,0,4
2024141496320,2024,141496320,2,9,0,-1,9,2,8,-1,0,1,0,0,1,0,2,1,-1,9,1,59,9,2204,2,18,HONDA CR-V,2,E01007494,0,1
2024201456156,2024,201456156,2,9,0,-1,3,3,7,-1,0,0,0,0,0,0,3,1,-1,9,2,34,6,1597,2,8,HONDA CR-V,1,E01033640,0,1
2024010524020,2024,010524020,1,9,0,3,3,1,5,0,0,1,0,4,1,0,2,1,6,6,1,44,7,1997,1,17,HONDA CR-V,2,E01002094,0,1
2024991510946,2024,991510946,2,9,0,-1,19,8,4,-1,0,0,0,0,0,0,1,1,-1,9,1,78,11,1993,8,0,HONDA CR-V,10,-1,0,4
2024052402582,2024,052402582,3,9,0,2,2,0,0,0,0,1,0,0,0,0,1,1,6,6,3,-1,-1,1597,2,7,HONDA CR-V,-1,-1,0,-1
2024440339093,2024,440339093,2,9,0,10,10,7,3,0,0,1,0,0,0,0,1,1,6,6,1,39,7,1597,2,8,HONDA CR-V,10,E01032616,0,1
2024531500464,2024,531500464,1,9,0,-1,19,1,5,-1,0,2,0,0,0,0,1,1,-1,9,1,60,9,2204,2,15,HONDA CR-V,8,E01022313,0,2
2024461448409,2024,461448409,1,9,0,-1,1,1,5,-1,0,0,0,0,0,0,2,1,-1,9,2,52,8,1997,1,10,HONDA CR-V,10,E01024853,0,2
2024501408543,2024,501408543,1,9,0,-1,19,7,3,-1,0,0,5,0,0,0,1,9,-1,6,1,28,6,2204,2,16,HONDA CR-V,1,E01015180,0,3
2024201462497,2024,201462497,1,9,0,-1,1,1,2,-1,0,0,0,0,0,0,2,1,-1,6,2,59,9,2204,2,17,HONDA CR-V,7,E01032588,0,1
2024010512365,2024,010512365,2,9,0,18,19,2,6,0,0,0,0,0,0,0,1,1,6,6,1,37,7,1997,1,16,HONDA CR-V,-1,-1,0,-1
2024221479659,2024,221479659,1,9,0,-1,12,2,6,-1,0,0,0,0,0,0,3,1,-1,6,1,42,7,2204,2,17,HONDA CR-V,5,E01014049,0,2
2024451430894,2024,451430894,2,9,0,-1,2,0,0,-1,0,0,0,0,0,0,3,1,-1,6,-1,-1,-1,1998,1,22,HONDA CR-V,-1,-1,0,-1
2024340WN7042,2024,340WN7042,1,9,0,-1,19,5,1,-1,0,3,0,0,0,0,1,1,-1,9,2,42,7,1997,1,17,HONDA CR-V,2,E01027156,0,1
2024552400397,2024,552400397,1,9,0,9,9,4,2,0,0,5,0,0,0,0,4,1,6,6,2,42,7,1998,1,18,HONDA CR-V,9,E01023227,0,4
2024631454922,2024,631454922,1,9,0,-1,14,4,8,-1,0,0,0,0,7,4,1,1,-1,6,1,43,7,1998,1,19,HONDA CR-V,8,W01000624,0,2
2024461417563,2024,461417563,1,9,0,-1,19,3,7,-1,0,0,0,0,0,0,3,1,-1,6,1,60,9,1997,1,17,HONDA CR-V,4,E01035005,0,4
2024010511680,2024,010511680,2,9,0,99,99,9,9,99,99,9,9,99,9,99,1,9,6,6,3,-1,-1,1997,1,7,HONDA CR-V,-1,-1,0,-1
2024501412520,2024,501412520,1,9,0,-1,19,4,8,-1,0,0,0,0,0,0,1,1,-1,6,1,60,9,2204,2,17,HONDA CR-V,5,E01020137,0,2
2024201407530,2024,201407530,1,9,0,-1,7,6,8,-1,0,6,0,0,0,0,4,1,-1,9,1,79,11,2204,2,18,HONDA CR-V,-1,-1,0,-1
2024471444830,2024,471444830,2,9,0,-1,19,5,1,-1,2,1,0,0,0,0,1,1,-1,9,1,78,11,1597,2,9,HONDA CR-V,10,E01031748,0,3
2024010511817,2024,010511817,1,9,0,99,99,9,9,99,99,9,9,99,9,99,2,9,6,6,1,35,6,2204,2,18,HONDA CR-V,7,E01020515,0,5
2024201511431,2024,201511431,1,9,0,-1,12,7,3,-1,0,0,0,0,0,0,0,1,-1,9,2,40,7,2199,2,14,HONDA CR-V,8,E01017741,0,4
2024546491224,2024,546491224,1,9,0,18,19,2,6,0,0,0,0,0,0,0,1,1,6,6,1,82,11,1997,1,13,HONDA CR-V,9,E01032034,0,1
2024041417936,2024,041417936,1,9,0,-1,6,3,7,-1,0,1,0,0,0,0,0,1,-1,9,2,84,11,1998,1,17,HONDA CR-V,7,E01025563,0,2
2024440243065,2024,440243065,2,9,0,9,9,4,2,0,0,0,0,0,0,0,1,1,6,6,1,39,7,1998,1,18,HONDA CR-V,7,E01017367,0,1
2024430028721,2024,430028721,1,9,0,4,4,4,8,0,0,0,0,0,0,0,1,1,6,6,2,51,8,1993,8,2,HONDA CR-V,10,E01028465,0,3
2024010551584,2024,010551584,1,9,0,18,19,6,2,0,0,1,5,10,1,2,1,1,6,6,1,28,6,1997,1,16,HONDA CR-V,10,E01000272,0,1
2024010529372,2024,010529372,1,9,0,9,9,7,5,0,0,5,0,0,0,0,1,1,2,2,2,63,9,1997,1,14,HONDA CR-V,3,E01003542,0,1
2024302500162,2024,302500162,3,9,0,-1,10,3,8,-1,0,8,0,0,0,0,1,1,-1,6,1,64,9,1597,2,7,HONDA CR-V,7,E01007827,0,3
2024010520581,2024,010520581,2,9,9,99,99,9,9,99,99,9,9,99,9,99,9,9,6,6,3,-1,-1,1993,8,1,HONDA CR-V,-1,-1,0,-1
2024451528860,2024,451528860,1,9,0,-1,19,5,1,-1,0,0,1,0,7,4,1,1,-1,9,1,85,11,1998,1,20,HONDA CR-V,7,E01030818,0,1
2024311521887,2024,311521887,1,9,0,-1,9,7,5,-1,0,1,0,0,3,0,3,1,-1,6,2,50,8,1973,1,24,HONDA CR-V,8,E01028190,0,1
2024411489858,2024,411489858,2,9,0,-1,19,5,1,-1,0,1,0,0,0,0,1,1,-1,9,1,88,11,1997,1,13,HONDA CR-V,10,E01023803,0,1
2024010523962,2024,010523962,2,9,0,99,99,9,9,99,99,9,9,99,9,99,1,9,6,6,1,51,8,1997,1,17,HONDA CR-V,5,E01003161,0,1
2024451426826,2024,451426826,2,9,0,-1,19,5,1,-1,0,0,0,0,0,0,1,1,-1,9,2,51,8,1997,1,11,HONDA CR-V,10,E01002924,0,4
2024010507403,2024,010507403,2,9,0,18,19,9,9,99,99,4,9,99,9,99,1,9,6,6,3,-1,-1,1998,1,19,HONDA CR-V,-1,-1,0,-1
2024010526281,2024,010526281,1,9,0,18,19,3,7,0,0,0,0,0,0,0,1,1,6,6,2,46,8,1997,1,14,HONDA CR-V,2,E01000077,0,1
2024010523319,2024,010523319,1,9,0,3,3,7,3,0,0,4,0,0,0,0,4,1,6,6,1,68,10,1997,1,11,HONDA CR-V,3,E01001466,0,2
2024522500021,2024,522500021,1,9,0,6,6,3,3,0,0,0,0,0,0,0,4,1,6,6,1,23,5,1597,2,9,HONDA CR-V,6,E01014865,0,2
2024440363827,2024,440363827,1,9,0,18,19,4,2,0,0,1,0,0,0,0,0,1,6,6,1,47,8,1997,1,10,HONDA CR-V,6,E01031484,0,3
2024522401348,2024,522401348,1,9,0,18,19,3,7,0,0,0,0,0,0,0,1,1,6,6,1,77,11,1998,1,19,HONDA CR-V,5,E01014678,0,1
2024101416755,2024,101416755,2,9,0,-1,19,1,5,-1,0,1,0,0,1,0,1,1,-1,6,1,42,7,1597,2,8,HONDA CR-V,3,E01027444,0,1
2024141431213,2024,141431213,2,9,0,-1,19,5,1,-1,0,1,0,0,0,0,3,9,-1,6,3,-1,-1,1998,1,22,HONDA CR-V,-1,-1,0,-1
2024010545873,2024,010545873,1,9,9,99,99,9,9,99,99,9,9,99,9,99,9,9,6,6,3,-1,-1,1498,1,5,HONDA CR-V,-1,-1,0,-1
2024332401256,2024,332401256,2,9,0,-1,19,5,1,-1,0,8,0,0,0,0,1,1,-1,9,1,48,8,2199,2,14,HONDA CR-V,3,E01025866,0,4
2024351457638,2024,351457638,1,9,0,-1,19,1,5,-1,0,3,0,0,0,0,3,1,-1,6,1,55,8,2204,2,18,HONDA CR-V,4,E01026259,0,4
2024471434496,2024,471434496,2,9,0,-1,3,6,2,-1,0,8,0,0,0,0,2,9,-1,9,2,63,9,1997,1,10,HONDA CR-V,6,E01035345,0,1
2024461413121,2024,461413121,2,9,0,-1,19,3,7,-1,0,0,0,0,9,0,1,9,-1,6,2,42,7,2204,2,16,HONDA CR-V,7,E01024732,0,1
2024010527471,2024,010527471,2,9,0,7,7,1,3,0,0,1,0,0,0,0,1,1,6,6,1,35,6,1998,1,17,HONDA CR-V,8,E01000314,0,2
2024131525114,2024,131525114,2,9,0,-1,19,1,5,-1,0,1,0,0,0,0,1,1,-1,6,1,74,10,1597,2,7,HONDA CR-V,6,E01010955,0,1
2024451396346,2024,451396346,2,9,0,-1,19,3,7,-1,0,0,0,0,0,0,1,1,-1,9,1,80,11,1997,1,17,HONDA CR-V,9,E01030908,0,1
2024552400720,2024,552400720,2,9,0,3,3,4,8,0,0,1,0,0,0,0,2,1,6,6,2,48,8,2199,2,12,HONDA CR-V,8,E01015335,0,1
2024520000281,2024,520000281,2,9,0,9,9,-1,-1,0,0,1,0,0,0,0,1,1,6,6,1,33,6,1997,1,17,HONDA CR-V,1,E01014580,0,2
2024471536309,2024,471536309,1,9,0,-1,7,5,7,-1,0,3,0,0,0,0,3,1,-1,9,1,73,10,1498,1,4,HONDA CR-V,8,E01031491,0,1
2024141429841,2024,141429841,2,9,0,-1,19,5,1,-1,0,1,0,0,0,0,2,1,-1,2,1,35,6,1993,8,5,HONDA CR-V,2,E01007595,0,2
2024302400189,2024,302400189,2,9,0,14,14,8,4,0,0,0,0,0,0,0,2,1,4,7,2,58,9,1997,1,12,HONDA CR-V,-1,-1,0,-1
2024471438485,2024,471438485,1,9,0,-1,14,3,7,-1,0,0,0,0,0,0,4,1,-1,9,1,72,10,1993,8,1,HONDA CR-V,9,E01031412,0,1
2024440260055,2024,440260055,2,9,0,4,4,7,3,0,0,0,0,0,0,0,1,1,6,6,2,43,7,1997,1,11,HONDA CR-V,3,E01017263,0,2
2024221412613,2024,221412613,1,9,0,-1,19,8,4,-1,0,0,5,4,0,0,1,1,-1,6,1,66,10,1998,1,20,HONDA CR-V,8,E01032463,0,1
2024471513995,2024,471513995,1,9,0,-1,19,5,1,-1,0,0,0,0,0,0,1,1,-1,9,1,70,10,1997,1,10,HONDA CR-V,4,E01031415,0,1
2024361485638,2024,361485638,1,9,0,-1,19,-1,-1,-1,0,2,0,0,0,0,1,9,-1,9,1,48,8,2204,2,17,HONDA CR-V,4,E01026743,0,2
2024010528659,2024,010528659,1,9,0,18,19,7,3,0,0,2,0,0,0,0,1,1,6,6,1,72,10,1997,1,15,HONDA CR-V,2,E01003604,0,1
2024111508856,2024,111508856,2,9,0,-1,19,3,7,-1,0,0,0,0,0,0,1,1,-1,9,1,74,10,1597,2,7,HONDA CR-V,-1,-1,0,-1
2024010512206,2024,010512206,2,9,0,3,3,5,1,0,0,1,0,0,0,0,4,1,6,6,2,57,9,1997,1,14,HONDA CR-V,3,E01003256,0,1
2024471495008,2024,471495008,1,9,0,-1,2,0,0,-1,0,2,1,0,0,0,3,1,-1,9,2,27,6,1997,1,11,HONDA CR-V,4,E01031785,0,2
2024041515491,2024,041515491,1,9,0,-1,19,1,5,-1,1,1,0,0,0,0,2,1,-1,6,3,-1,-1,2204,2,19,HONDA CR-V,-1,-1,0,-1
2024411475037,2024,411475037,2,9,0,-1,9,4,2,-1,0,0,0,0,0,0,2,1,-1,7,2,57,9,1997,1,17,HONDA CR-V,-1,-1,0,-1
2024010508456,2024,010508456,2,9,0,5,5,1,5,0,0,2,0,0,0,0,1,1,6,6,1,60,9,1993,8,0,HONDA CR-V,10,E01030726,0,1
2024622400486,2024,622400486,1,9,0,10,10,3,2,0,0,6,0,0,0,0,1,1,6,6,2,59,9,2199,2,14,HONDA CR-V,9,W01001115,0,1
2024010497325,2024,010497325,3,9,0,9,9,7,4,0,0,1,0,0,0,0,1,1,6,6,1,50,8,1993,8,3,HONDA CR-V,2,E01002606,0,3
2024141458141,2024,141458141,1,9,0,-1,19,6,2,-1,0,1,0,0,0,0,1,9,-1,6,1,67,10,1597,2,6,HONDA CR-V,9,E01007581,0,1
2024631504111,2024,631504111,4,9,0,-1,2,0,0,-1,9,0,0,0,0,0,2,1,-1,6,-1,-1,-1,1997,1,16,HONDA CR-V,-1,-1,0,-1
2024461502418,2024,461502418,1,9,0,-1,19,1,5,-1,0,0,0,0,0,0,1,1,-1,9,2,63,9,1997,1,14,HONDA CR-V,3,E01024166,0,1
2024010525077,2024,010525077,1,9,0,18,19,5,1,0,0,1,0,0,0,0,1,1,6,6,2,46,8,1997,1,7,HONDA CR-V,3,E01001703,0,1
2024201468108,2024,201468108,1,9,0,-1,19,5,1,-1,0,2,1,10,7,0,3,1,-1,2,1,54,8,1997,1,6,HONDA CR-V,-1,-1,0,-1
2024411501982,2024,411501982,1,9,0,-1,4,5,1,-1,0,1,0,0,0,0,1,1,-1,6,2,46,8,1993,8,5,HONDA CR-V,7,E01035590,0,1
2024991535609,2024,991535609,1,9,0,-1,9,6,4,-1,0,6,0,0,0,0,3,1,-1,9,2,46,8,1993,8,5,HONDA CR-V,10,E01030387,0,5
2024041405451,2024,041405451,2,9,0,-1,5,5,1,-1,-1,1,0,0,0,0,4,1,-1,6,1,61,9,2199,2,13,HONDA CR-V,7,E01025081,0,1
2024501444635,2024,501444635,2,9,0,-1,19,7,3,-1,0,0,0,0,0,0,1,1,-1,9,1,65,9,1597,2,11,HONDA CR-V,3,E01018974,0,4
2024531409771,2024,531409771,1,9,0,-1,5,2,6,-1,0,6,0,0,0,0,1,1,-1,9,1,42,7,1993,8,2,HONDA CR-V,7,E01022127,0,1
2024501493456,2024,501493456,1,9,0,-1,9,1,7,-1,0,0,0,0,0,0,1,1,-1,6,1,86,11,1597,2,8,HONDA CR-V,5,E01032068,0,4
2024311451579,2024,311451579,2,9,0,-1,19,3,7,-1,0,0,0,0,0,0,1,1,-1,6,2,75,10,1597,2,10,HONDA CR-V,8,E01028150,0,2
2024421509299,2024,421509299,1,9,0,-1,-1,-1,-1,-1,-1,0,-1,-1,-1,0,-1,9,-1,6,3,-1,-1,2204,2,18,HONDA CR-V,-1,-1,0,-1
2024010498169,2024,010498169,1,9,0,99,99,9,9,99,99,9,9,99,9,99,2,9,6,6,3,46,8,1997,1,7,HONDA CR-V,9,E01001030,0,1
2024631481379,2024,631481379,3,9,0,-1,19,3,7,-1,0,8,0,0,0,0,3,9,-1,6,2,36,7,2204,2,17,HONDA CR-V,4,W01000587,0,3
2024421433214,2024,421433214,2,9,0,-1,4,4,7,-1,0,0,0,0,0,0,2,1,-1,6,2,38,7,2199,2,12,HONDA CR-V,7,E01021505,0,2
2024501453958,2024,501453958,2,9,0,-1,4,5,1,-1,0,0,0,0,1,1,2,1,-1,6,1,58,9,1597,2,7,HONDA CR-V,7,E01016197,0,5
2024041510228,2024,041510228,3,9,0,-1,19,7,3,-1,0,0,0,0,0,0,1,9,-1,6,1,45,7,1998,1,17,HONDA CR-V,1,E01025224,0,2
2024361484143,2024,361484143,2,9,0,-1,19,7,3,-1,0,1,0,0,0,0,1,1,-1,9,1,77,11,1997,1,8,HONDA CR-V,2,E01026425,0,3
2024122500035,2024,122500035,1,9,0,4,4,8,4,0,0,0,0,0,0,0,2,1,6,6,2,62,9,2199,2,13,HONDA CR-V,6,E01033472,0,4
2024520500309,2024,520500309,1,9,0,3,3,3,7,0,0,0,0,0,0,0,2,1,6,6,1,32,6,1993,8,3,HONDA CR-V,2,E01029109,0,1
2024141417742,2024,141417742,2,9,0,-1,5,7,3,-1,0,6,0,0,0,0,3,1,-1,1,1,38,7,1993,8,3,HONDA CR-V,8,E01007678,0,1
2024010496368,2024,010496368,4,9,0,2,2,0,0,0,0,2,0,0,0,0,0,1,6,6,3,-1,-1,1997,1,16,HONDA CR-V,-1,-1,0,-1
2024401457095,2024,401457095,2,9,0,-1,19,1,5,-1,0,1,0,0,0,0,1,1,-1,2,2,42,7,1997,1,17,HONDA CR-V,9,E01017495,0,1
2024531516141,2024,531516141,2,9,0,-1,19,7,3,-1,0,1,0,0,0,0,3,1,-1,6,1,79,11,1998,1,20,HONDA CR-V,1,E01022152,0,1
2024010518151,2024,010518151,1,9,0,99,99,9,9,99,99,9,9,99,9,99,9,9,6,6,3,-1,-1,1993,8,3,HONDA CR-V,-1,-1,0,-1
2024101419973,2024,101419973,2,9,0,-1,4,3,7,-1,0,1,0,0,0,0,1,1,-1,9,2,37,7,1597,2,8,HONDA CR-V,-1,-1,0,-1
2024471430615,2024,471430615,2,9,0,-1,9,2,6,-1,0,1,0,0,0,0,1,1,-1,2,2,39,7,1997,1,10,HONDA CR-V,8,E01020931,0,3
2024010527712,2024,010527712,3,9,0,18,19,8,4,0,0,9,0,99,9,99,9,1,6,6,1,57,9,1998,1,19,HONDA CR-V,10,E01033252,0,5
2024471471505,2024,471471505,2,9,0,-1,19,5,1,-1,0,1,0,0,0,0,1,1,-1,6,1,74,10,1993,8,1,HONDA CR-V,9,E01031622,0,2
2024631493722,2024,631493722,1,9,0,-1,19,6,1,-1,0,0,2,0,8,10,1,1,-1,9,1,27,6,2199,2,13,HONDA CR-V,5,W01000582,0,3
2024010504825,2024,010504825,2,9,0,18,19,7,3,0,0,8,0,0,0,0,1,1,6,6,1,55,8,1997,1,15,HONDA CR-V,5,E01002785,0,1
2024320058759,2024,320058759,3,9,0,4,4,4,8,0,0,1,0,0,0,0,3,1,-1,-1,2,34,6,2199,2,9,HONDA CR-V,10,E01026198,0,1
2024010546983,2024,010546983,1,9,0,4,4,3,7,0,0,0,0,10,0,0,1,1,3,7,1,45,7,1993,8,3,HONDA CR-V,3,E01000007,0,2
2024320219888,2024,320219888,1,9,0,-1,-1,6,4,0,0,6,0,0,0,7,1,1,6,6,1,54,8,1993,8,2,HONDA CR-V,9,E01026406,0,3
2024010519706,2024,010519706,1,9,0,99,99,9,9,99,99,9,9,99,9,99,2,9,6,6,1,51,8,1997,1,7,HONDA CR-V,5,E01003640,0,1
2024471515931,2024,471515931,2,9,0,-1,19,5,1,-1,0,1,0,0,0,0,1,1,-1,6,1,75,10,1997,1,12,HONDA CR-V,6,E01021200,0,1
2024070000131,2024,070000131,1,9,0,-1,19,8,4,-1,0,0,0,0,0,0,1,1,-1,6,1,57,9,2204,2,17,HONDA CR-V,4,E01033373,0,3
2024440420445,2024,440420445,1,9,0,7,7,6,8,0,0,6,0,0,0,0,3,1,6,6,1,59,9,2199,2,12,HONDA CR-V,3,E01022801,0,1
2024031519440,2024,031519440,1,9,0,-1,5,6,2,-1,0,1,0,0,0,0,1,1,-1,6,1,78,11,1997,1,13,HONDA CR-V,-1,-1,0,-1
2024302401051,2024,302401051,2,9,0,13,13,8,4,0,0,2,0,0,0,0,1,1,6,6,2,40,7,2199,2,14,HONDA CR-V,3,E01028229,0,1
2024451405900,2024,451405900,1,9,0,-1,9,3,5,-1,0,8,0,0,0,0,1,1,-1,9,2,64,9,1997,1,7,HONDA CR-V,9,E01030389,0,1
2024411508494,2024,411508494,1,9,0,-1,19,1,5,-1,0,0,0,11,0,0,1,1,-1,7,1,41,7,2204,2,18,HONDA CR-V,6,E01023630,0,1
2024311529064,2024,311529064,1,9,0,-1,7,5,8,-1,0,8,0,0,0,0,1,1,-1,2,1,45,7,2199,2,10,HONDA CR-V,4,E01028122,0,1
2024531460369,2024,531460369,1,9,0,-1,19,5,1,-1,0,0,0,0,0,0,4,9,-1,6,1,73,10,2199,2,14,HONDA CR-V,10,E01022366,0,1
2024161516820,2024,161516820,1,9,0,-1,19,3,5,-1,0,0,0,0,0,0,1,9,-1,6,1,65,9,1997,1,6,HONDA CR-V,10,E01013091,0,2
2024141529756,2024,141529756,2,9,0,-1,19,6,2,-1,0,0,0,0,0,0,1,9,-1,6,2,60,9,1997,1,11,HONDA CR-V,2,E01007967,0,1
2024041518443,2024,041518443,3,9,0,-1,2,0,0,-1,0,0,0,4,0,0,3,1,-1,6,-1,-1,-1,1998,1,22,HONDA CR-V,-1,-1,0,-1
2024440244800,2024,440244800,1,9,0,18,19,4,8,0,0,1,0,0,0,0,4,1,2,2,1,70,10,1998,1,17,HONDA CR-V,1,E01031427,0,4
2024631489299,2024,631489299,1,9,0,-1,19,2,6,-1,0,8,0,0,0,0,1,1,-1,6,1,31,6,1998,1,20,HONDA CR-V,5,W01000582,0,3
2024302400909,2024,302400909,1,9,0,18,19,7,3,0,0,0,0,0,0,0,1,1,6,6,1,78,11,1597,2,9,HONDA CR-V,6,E01029467,0,4
2024010549569,2024,010549569,2,9,0,18,19,4,8,0,0,0,0,0,0,0,1,1,6,6,3,-1,-1,1498,1,6,HONDA CR-V,-1,-1,0,-1
2024471428444,2024,471428444,1,9,0,-1,19,7,3,-1,0,0,0,0,0,0,1,1,-1,6,2,26,6,2199,2,14,HONDA CR-V,7,E01021110,0,3
2024010540392,2024,010540392,1,9,0,10,10,5,2,0,0,1,0,0,0,0,2,1,6,6,1,64,9,1597,2,8,HONDA CR-V,8,E01004080,0,1
2024351445584,2024,351445584,1,9,0,-1,10,7,3,-1,0,1,0,0,0,0,2,1,-1,6,1,41,7,1498,1,5,HONDA CR-V,10,E01018245,0,2
2024622400610,2024,622400610,3,8,0,18,19,2,6,0,0,0,0,0,0,0,1,1,6,6,1,50,8,2199,2,14,HONDA CR-V,7,W01001818,0,4
2024320078738,2024,320078738,1,9,0,-1,-1,6,2,0,0,0,0,0,0,0,1,1,-1,-1,1,37,7,2199,2,13,HONDA CR-V,4,E01026323,0,2
2024031518040,2024,031518040,1,9,0,-1,19,8,4,-1,0,0,0,0,7,11,1,1,-1,6,1,63,9,2199,2,12,HONDA CR-V,7,E01019311,0,1
2024531394116,2024,531394116,1,9,0,-1,1,6,2,-1,0,0,0,0,0,0,2,1,-1,6,3,-1,-1,1973,1,25,HONDA CR-V,-1,-1,0,-1
2024101405241,2024,101405241,1,9,0,-1,19,5,1,-1,0,0,0,0,1,0,3,1,-1,9,2,-1,-1,2199,2,11,HONDA CR-V,4,E01027373,0,3