collision_index,collision_year,collision_ref_no,vehicle_reference,vehicle_type,towing_and_articulation,vehicle_manoeuvre_historic,vehicle_manoeuvre,vehicle_direction_from,vehicle_direction_to,vehicle_location_restricted_lane_historic,vehicle_location_restricted_lane,junction_location,skidding_and_overturning,hit_object_in_carriageway,vehicle_leaving_carriageway,hit_object_off_carriageway,first_point_of_impact,vehicle_left_hand_drive,journey_purpose_of_driver_historic,journey_purpose_of_driver,sex_of_driver,age_of_driver,age_band_of_driver,engine_capacity_cc,propulsion_code,age_of_vehicle,generic_make_model,driver_imd_decile,lsoa_of_driver,escooter_flag,driver_distance_banding
2024010535343,2024,010535343,2,9,0,99,99,9,9,99,99,9,9,99,9,99,1,9,6,6,1,49,8,1993,8,1,HONDA CR-V,3,E01004350,0,3
2024501502265,2024,501502265,4,9,0,-1,4,7,3,-1,0,0,0,0,0,0,2,1,-1,9,1,70,10,2199,2,10,HONDA CR-V,6,E01018826,0,5
2024430576448,2024,430576448,2,9,0,18,19,6,3,0,0,1,0,0,0,0,1,1,6,6,2,45,7,1597,2,10,HONDA CR-V,7,E01017693,0,3
2024221509443,2024,221509443,2,9,0,-1,4,8,4,-1,0,0,0,0,0,0,2,9,-1,6,1,60,9,1597,2,10,HONDA CR-V,5,E01010539,0,3
2024031410064,2024,031410064,2,9,0,-1,19,5,1,-1,0,0,0,0,0,0,1,1,-1,9,2,41,7,1997,1,13,HONDA CR-V,5,-1,0,5
2024010538804,2024,010538804,2,9,0,9,9,7,5,0,0,6,0,0,0,0,1,1,6,6,1,39,7,1997,1,17,HONDA CR-V,2,E01001012,0,1
2024991421985,2024,991421985,3,9,0,-1,2,1,5,-1,-1,0,0,0,0,0,1,1,-1,6,-1,-1,-1,1997,1,16,HONDA CR-V,-1,-1,0,-1
2024631504306,2024,631504306,1,9,0,-1,12,6,1,-1,0,0,2,0,7,11,1,1,-1,2,1,33,6,2204,2,17,HONDA CR-V,5,E01014019,0,4
2024010544963,2024,010544963,2,9,0,5,5,1,5,0,0,3,0,0,0,0,4,1,2,2,2,40,7,1998,1,21,HONDA CR-V,6,E01004137,0,1
2024031429307,2024,031429307,1,2,0,-1,19,1,5,-1,0,0,1,0,0,0,3,1,-1,2,2,57,9,49,1,39,-1,8,E01034079,0,2
2024522402301,2024,522402301,1,3,0,18,19,5,1,0,0,8,0,0,0,0,9,1,6,6,1,56,9,124,1,12,-1,6,E01014989,0,3
2024201465255,2024,201465255,1,3,0,-1,12,2,3,-1,0,0,0,0,0,0,1,1,-1,2,1,35,6,125,1,0,-1,5,E01009281,0,3
2024471504059,2024,471504059,1,3,0,-1,8,1,5,-1,99,3,0,99,0,0,3,1,-1,9,1,51,8,124,1,7,-1,6,E01032833,0,1
2024991493913,2024,991493913,2,3,0,-1,19,7,3,-1,0,1,1,0,0,0,1,1,-1,6,1,46,8,125,1,3,-1,1,-1,0,1
2024061424802,2024,061424802,2,9,0,-1,19,-1,-1,-1,99,2,0,0,0,0,1,1,-1,6,3,-1,-1,2184,2,7,JEEP CHEROKEE,-1,-1,0,-1
2024421468101,2024,421468101,2,9,0,-1,19,3,7,-1,0,1,0,0,0,0,1,1,-1,9,1,69,10,2776,2,20,JEEP CHEROKEE,9,E01021634,0,1
2024351538177,2024,351538177,2,9,0,-1,3,3,7,-1,0,1,0,0,0,0,1,1,-1,6,1,51,8,2987,2,17,JEEP CHEROKEE,4,E01018095,0,3
2024451510017,2024,451510017,2,9,0,-1,19,3,7,-1,0,0,0,0,0,0,1,9,-1,6,3,30,6,3700,1,18,JEEP CHEROKEE,7,E01030583,0,2
2024161481381,2024,161481381,2,9,0,-1,19,7,3,-1,0,1,0,0,0,0,9,9,-1,6,3,-1,-1,2907,2,18,JEEP CHEROKEE,-1,-1,0,-1
2024010498902,2024,010498902,1,9,0,18,19,4,8,0,0,1,0,0,0,0,1,1,6,6,1,61,9,2184,2,9,JEEP CHEROKEE,-1,-1,0,-1
2024010538235,2024,010538235,2,9,0,18,19,5,1,0,0,0,0,0,0,0,1,1,6,6,1,67,10,1956,2,9,JEEP CHEROKEE,7,E01032646,0,1
2024221489395,2024,221489395,1,9,0,-1,4,6,2,-1,0,0,0,0,0,0,1,9,-1,6,1,60,9,2987,2,18,JEEP CHEROKEE,1,E01032311,0,1
2024201456586,2024,201456586,2,9,0,-1,19,2,8,-1,0,0,0,0,0,0,1,9,-1,9,2,26,6,2777,2,16,JEEP CHEROKEE,9,E01031034,0,2
2024631408253,2024,631408253,2,9,0,-1,19,4,7,-1,0,0,1,0,1,10,4,1,-1,9,1,49,8,2777,2,15,JEEP CHEROKEE,5,W01000550,0,4
2024361496410,2024,361496410,1,9,0,-1,19,6,2,-1,0,0,0,0,0,0,1,1,-1,9,1,65,9,2776,2,19,JEEP CHEROKEE,2,E01021315,0,5
2024101516411,2024,101516411,2,9,0,-1,19,5,1,-1,0,0,0,0,0,0,4,1,-1,9,1,57,9,2429,1,22,JEEP CHEROKEE,6,E01027490,0,1
2024501503899,2024,501503899,2,9,0,-1,19,6,2,-1,0,0,0,0,0,0,1,1,-1,6,1,55,8,2987,2,18,JEEP CHEROKEE,6,E01018915,0,1
2024340NN4112,2024,340NN4112,1,9,0,-1,19,2,6,-1,0,0,1,0,1,9,4,1,-1,9,1,65,9,2776,2,21,JEEP CHEROKEE,8,E01027064,0,2
2024302401018,2024,302401018,2,9,0,18,19,4,8,0,0,0,0,0,0,0,1,1,6,6,1,74,10,1956,2,9,JEEP CHEROKEE,6,E01007981,0,2
2024211418129,2024,211418129,3,9,0,-1,3,5,8,-1,0,0,0,0,0,0,2,9,-1,6,2,53,8,1956,2,9,JEEP CHEROKEE,2,E01014340,0,2
2024631495692,2024,631495692,1,19,0,-1,19,5,1,-1,0,0,0,0,0,0,3,1,-1,6,3,-1,-1,2499,2,20,JEEP CHEROKEE,-1,-1,0,-1
2024302400224,2024,302400224,1,9,0,18,19,5,1,0,0,8,0,0,0,0,4,1,6,6,2,60,9,2184,2,9,JEEP CHEROKEE,3,E01013455,0,1
2024052401271,2024,052401271,1,9,0,18,19,5,1,0,0,0,0,0,0,0,4,1,6,6,2,33,6,1956,2,10,JEEP CHEROKEE,4,E01007202,0,1
2024471491205,2024,471491205,1,9,0,-1,19,6,8,-1,0,0,0,0,0,0,3,1,-1,6,1,70,10,2987,2,14,JEEP CHEROKEE,3,E01033328,0,1
2024401455611,2024,401455611,3,9,0,-1,4,1,5,-1,0,0,0,0,0,0,2,1,-1,6,2,39,7,1956,2,9,JEEP CHEROKEE,1,E01015771,0,1
2024461475790,2024,461475790,1,9,0,-1,19,3,7,-1,0,4,0,0,0,0,4,2,-1,2,1,43,7,1956,2,9,JEEP CHEROKEE,5,E01023980,0,1
2024361416720,2024,361416720,1,9,0,-1,4,4,7,-1,0,1,0,0,0,0,1,1,-1,6,1,62,9,2987,2,17,JEEP CHEROKEE,4,E01026643,0,2
2024471488324,2024,471488324,1,9,0,-1,19,7,3,-1,0,8,0,0,0,0,3,1,-1,2,1,59,9,1956,2,10,JEEP CHEROKEE,3,E01021062,0,2
2024501400514,2024,501400514,2,9,0,-1,19,2,6,-1,0,0,1,0,0,0,1,1,-1,6,2,30,6,2499,2,26,JEEP CHEROKEE,4,E01018994,0,2
2024501475868,2024,501475868,2,9,0,-1,19,3,7,-1,0,0,0,0,0,0,3,1,-1,9,1,32,6,2184,2,6,JEEP CHEROKEE,2,E01016102,0,5
2024531441793,2024,531441793,2,9,0,-1,19,5,1,-1,0,0,1,0,0,0,3,1,-1,9,1,61,9,1956,2,9,JEEP CHEROKEE,10,E01022146,0,1
2024332400883,2024,332400883,2,9,0,-1,2,0,0,-1,0,0,0,0,0,0,3,1,-1,1,1,42,7,1956,2,9,JEEP CHEROKEE,5,E01013733,0,1
2024340WN0542,2024,340WN0542,1,9,0,-1,19,1,5,-1,0,1,0,0,0,0,1,1,-1,6,1,82,11,2499,2,24,JEEP CHEROKEE,6,E01027011,0,1
2024361397746,2024,361397746,2,9,4,-1,19,5,1,-1,0,1,0,0,1,0,3,9,-1,2,1,35,6,2776,2,19,JEEP CHEROKEE,8,E01026772,0,4
2024461421715,2024,461421715,1,9,0,-1,19,4,3,-1,0,6,0,0,0,0,1,1,-1,9,1,67,10,4701,1,21,JEEP CHEROKEE,2,E01016066,0,1
2024440036484,2024,440036484,2,9,0,18,19,7,3,0,0,0,0,0,1,4,2,1,6,6,1,35,6,2776,2,21,JEEP CHEROKEE,8,E01016221,0,4
2024471435055,2024,471435055,4,9,0,-1,1,1,5,-1,9,1,0,7,0,0,2,1,-1,9,1,66,10,2987,2,14,JEEP CHEROKEE,10,E01021219,0,2
2024131461770,2024,131461770,2,9,0,-1,19,7,3,-1,0,1,0,0,0,0,1,1,-1,6,-1,-1,-1,2499,2,20,JEEP CHEROKEE,-1,-1,0,-1
2024311514479,2024,311514479,1,3,0,-1,4,3,7,-1,0,0,0,0,0,0,1,1,-1,6,1,17,4,125,1,8,-1,6,E01027947,0,1
2024101458207,2024,101458207,1,2,0,-1,19,1,5,-1,0,0,0,0,0,0,1,1,-1,6,3,-1,-1,125,1,8,-1,-1,-1,0,-1
202460Q090329,2024,60Q090329,1,3,0,17,19,1,5,0,0,1,0,0,1,9,0,1,6,6,1,18,4,125,1,8,-1,-1,-1,0,-1
2024421452489,2024,421452489,2,4,0,-1,19,3,7,-1,0,0,0,0,0,0,3,1,-1,2,1,23,5,373,1,7,KTM RC 390,5,E01021837,0,4
2024010510072,2024,010510072,1,4,0,18,19,3,7,0,0,0,1,10,0,0,1,1,6,6,2,25,5,373,1,8,KTM RC 390,2,E01001588,0,1
2024471477037,2024,471477037,2,4,0,-1,8,7,2,-1,0,4,0,0,0,0,2,1,-1,9,1,25,5,373,1,2,KTM RC 390,10,E01031668,0,4
2024501412218,2024,501412218,1,4,0,-1,19,3,7,-1,0,8,1,0,0,0,1,1,-1,6,1,23,5,373,1,8,KTM RC 390,2,E01015081,0,1
2024122400962,2024,122400962,1,4,0,18,19,3,7,0,0,1,0,0,0,0,1,1,6,6,1,38,7,373,1,5,KTM RC 390,6,E01027560,0,3
2024320717900,2024,320717900,1,4,0,14,14,2,6,0,0,1,5,0,0,0,1,1,6,6,1,24,5,373,1,1,KTM RC 390,4,E01026174,0,1
2024061419109,2024,061419109,2,4,0,-1,19,6,2,-1,0,8,0,0,0,0,1,1,-1,6,1,20,4,373,1,4,KTM RC 390,7,E01004892,0,1
2024451500068,2024,451500068,1,4,0,-1,19,5,1,-1,0,0,2,0,0,0,1,1,-1,2,1,21,5,373,1,2,KTM RC 390,8,E01002922,0,4
2024501422542,2024,501422542,1,4,0,-1,19,2,6,-1,0,7,5,0,0,0,4,1,-1,2,1,20,4,373,1,1,KTM RC 390,6,E01019903,0,3
2024141429714,2024,141429714,2,4,0,-1,5,5,7,-1,0,0,0,0,0,0,1,1,-1,6,1,22,5,373,1,2,KTM RC 390,2,E01011538,0,4
2024201463638,2024,201463638,1,4,0,-1,19,7,3,-1,0,8,0,0,0,0,1,1,-1,9,1,18,4,373,1,1,KTM RC 390,4,E01009224,0,2
2024461420956,2024,461420956,2,9,0,-1,10,3,1,-1,0,4,0,0,0,0,4,9,-1,7,2,38,7,4608,1,17,-1,3,E01035285,0,1
2024522402924,2024,522402924,2,9,0,15,15,6,2,0,0,1,0,0,0,0,4,1,6,6,3,-1,-1,4608,1,18,-1,-1,-1,0,-1
2024122400349,2024,122400349,2,4,0,18,19,3,7,0,0,0,0,0,0,0,0,1,6,6,1,62,9,198,1,21,-1,7,E01027921,0,2
2024221395967,2024,221395967,2,9,0,-1,2,0,0,-1,0,0,0,0,0,0,4,9,-1,9,2,33,6,1998,2,10,-1,5,E01032342,0,1
2024122401252,2024,122401252,2,9,0,18,19,1,5,0,0,0,0,0,0,0,1,1,6,6,2,40,7,2157,2,8,-1,7,E01027627,0,1
2024211432712,2024,211432712,2,9,0,-1,3,4,8,-1,0,1,0,0,0,0,2,1,-1,6,2,36,7,1998,2,9,-1,2,E01014357,0,1
2024501456867,2024,501456867,2,9,0,-1,19,2,6,-1,0,0,0,0,0,0,1,2,-1,9,1,63,9,1497,1,1,-1,5,E01034642,0,1
2024991444859,2024,991444859,1,9,0,-1,19,4,8,-1,0,2,0,0,7,4,1,1,-1,9,2,51,8,1998,2,9,-1,5,-1,0,1
2024610050924,2024,610050924,1,9,0,18,19,5,1,0,0,0,0,0,0,0,1,1,3,7,2,36,7,1998,2,10,-1,1,W01001459,0,3
2024010519070,2024,010519070,2,9,0,99,99,9,9,99,99,9,9,99,9,99,9,9,6,6,3,-1,-1,1497,1,1,-1,3,E01003983,0,1
2024311531984,2024,311531984,2,9,0,-1,12,3,7,-1,0,0,0,0,0,0,1,1,-1,2,2,66,10,1998,2,9,-1,5,E01021064,0,5
2024111526973,2024,111526973,2,9,0,-1,19,3,7,-1,0,0,0,0,0,0,1,1,-1,2,1,41,7,1998,2,9,-1,5,E01015870,0,5
2024041506692,2024,041506692,2,3,0,-1,19,3,7,-1,0,3,5,0,0,0,1,1,-1,9,1,60,9,124,1,1,SUZUKI UN 125,2,E01025284,0,1
2024471489792,2024,471489792,2,3,0,-1,19,3,7,-1,0,0,1,0,1,0,3,1,-1,6,1,19,4,124,1,0,SUZUKI UN 125,7,E01024809,0,4
2024061479013,2024,061479013,1,2,0,-1,9,8,5,-1,0,8,0,0,0,0,1,1,-1,6,1,61,9,124,1,0,SUZUKI UN 125,1,E01005289,0,1
2024070765532,2024,070765532,2,3,0,-1,19,6,2,-1,0,8,0,0,0,0,1,1,-1,9,1,17,4,124,1,0,SUZUKI UN 125,1,E01018310,0,4
2024531426233,2024,531426233,3,3,0,-1,19,1,5,-1,0,8,0,0,0,0,2,1,-1,9,1,18,4,124,1,1,SUZUKI UN 125,6,E01032933,0,1
2024010536114,2024,010536114,2,3,0,9,9,3,1,0,0,8,0,0,0,0,1,1,2,2,1,25,5,124,1,1,SUZUKI UN 125,5,E01003718,0,1
2024231518510,2024,231518510,1,3,0,-1,19,4,8,-1,0,1,0,0,0,0,1,1,-1,9,1,37,7,124,1,0,SUZUKI UN 125,6,E01031194,0,1
2024461399023,2024,461399023,2,3,0,-1,19,8,4,-1,0,0,0,0,0,0,1,1,-1,2,1,35,6,124,1,1,SUZUKI UN 125,6,E01034994,0,3
2024552401410,2024,552401410,1,2,0,14,14,6,2,0,0,0,1,0,0,0,1,1,2,2,1,25,5,124,1,0,SUZUKI UN 125,-1,-1,0,-1
2024101514786,2024,101514786,2,3,-1,-1,13,1,5,-1,0,1,0,0,0,0,3,1,-1,2,1,17,4,124,1,0,SUZUKI UN 125,7,E01008273,0,1
2024351493402,2024,351493402,2,3,0,-1,19,1,5,-1,0,0,0,0,0,0,4,1,-1,6,2,64,9,124,1,1,SUZUKI UN 125,4,E01015591,0,1
2024520002303,2024,520002303,1,3,0,18,19,2,6,0,0,8,0,0,0,0,3,1,6,6,1,34,6,124,1,1,SUZUKI UN 125,2,E01014464,0,1
2024302401513,2024,302401513,2,3,0,18,19,5,2,0,0,1,0,0,0,0,4,1,6,6,3,18,4,124,1,0,SUZUKI UN 125,8,E01019834,0,2
2024070843121,2024,070843121,1,3,0,-1,19,2,6,-1,0,0,0,11,0,0,1,1,-1,1,1,43,7,124,1,0,SUZUKI UN 125,1,E01018462,0,3
2024332400351,2024,332400351,2,3,0,-1,19,7,3,-1,0,8,0,0,0,0,4,1,-1,1,1,35,6,124,1,1,SUZUKI UN 125,4,E01013747,0,1
2024531515393,2024,531515393,1,3,0,-1,19,3,7,-1,0,2,0,0,0,0,1,1,-1,2,1,46,8,124,1,1,SUZUKI UN 125,1,E01022329,0,1
2024320665004,2024,320665004,1,3,0,-1,-1,2,6,0,0,0,5,0,7,3,1,1,6,6,1,18,4,125,1,20,-1,3,E01026024,0,2
2024010515300,2024,010515300,1,4,0,18,19,5,1,0,0,0,0,0,0,0,0,1,6,6,1,17,4,171,1,9,-1,8,E01000655,0,1
2024010518374,2024,010518374,1,2,0,18,19,1,5,0,0,8,0,0,0,0,1,1,1,1,1,25,5,-1,3,0,-1,9,E01004511,0,3
202460Q121104,2024,60Q121104,2,4,0,18,19,7,3,0,0,1,0,0,0,0,1,1,6,6,1,19,4,125,1,0,UM RENEGADE,-1,-1,0,-1
2024052401759,2024,052401759,1,4,0,14,14,8,4,0,0,1,0,0,0,0,1,1,2,2,1,41,7,125,1,1,UM RENEGADE,1,E01006672,0,1
2024211508702,2024,211508702,2,3,0,-1,19,2,6,-1,0,0,0,0,0,0,1,1,-1,6,1,21,5,125,1,5,UM RENEGADE,4,E01014369,0,1
2024552400774,2024,552400774,1,3,0,18,19,2,6,0,0,0,0,0,0,0,1,1,6,6,1,41,7,125,1,1,UM RENEGADE,6,E01023237,0,4
2024010497653,2024,010497653,2,3,0,18,19,7,3,2,2,1,0,0,0,0,1,1,6,6,1,26,6,125,1,1,UM RENEGADE,2,E01002029,0,1
2024141432066,2024,141432066,1,3,0,-1,19,3,7,-1,0,1,0,0,0,0,1,1,-1,2,1,32,6,125,1,5,UM RENEGADE,1,E01007735,0,1
2024501466499,2024,501466499,2,3,0,-1,4,4,8,-1,0,8,5,0,0,0,3,1,-1,9,1,29,6,125,1,6,UM RENEGADE,5,E01019904,0,3
2024421433676,2024,421433676,1,3,0,-1,12,7,3,-1,0,0,2,0,0,0,0,1,-1,6,1,25,5,125,1,2,UM RENEGADE,3,E01021490,0,3
2024631480609,2024,631480609,1,3,0,-1,13,2,6,-1,0,0,1,0,8,10,3,1,-1,9,1,44,7,125,1,5,UM RENEGADE,6,W01000571,0,1
2024501429003,2024,501429003,1,3,0,-1,19,5,1,-1,0,2,0,0,0,0,4,1,-1,9,1,29,6,125,1,6,UM RENEGADE,5,E01019904,0,1
2024531445334,2024,531445334,3,9,0,-1,19,5,1,-1,0,1,0,10,0,0,3,1,-1,9,2,47,8,1896,2,23,VOLKSWAGEN BORA,3,E01022286,0,1
2024122400808,2024,122400808,1,9,0,18,19,2,6,0,0,0,2,0,2,1,1,1,6,6,3,-1,-1,1896,2,20,VOLKSWAGEN BORA,-1,-1,0,-1
2024302400954,2024,302400954,1,9,0,18,19,5,2,0,0,2,0,0,7,4,3,1,6,6,1,20,4,1896,2,22,VOLKSWAGEN BORA,-1,-1,0,-1
202454E477924,2024,54E477924,1,9,0,4,4,3,7,0,0,0,0,0,0,0,2,1,6,6,1,47,8,1896,2,19,VOLKSWAGEN BORA,10,E01015518,0,1
2024471485803,2024,471485803,1,9,0,-1,19,7,2,-1,0,1,1,0,0,0,3,1,-1,9,1,58,9,1896,2,21,VOLKSWAGEN BORA,2,E01021037,0,1
2024421413642,2024,421413642,1,9,0,-1,5,8,4,-1,0,8,0,0,0,0,1,1,-1,9,2,32,6,1896,2,21,VOLKSWAGEN BORA,4,E01021269,0,3
2024010511249,2024,010511249,2,9,0,18,19,5,1,0,0,9,0,0,0,0,1,9,6,6,3,43,7,1595,1,19,VOLKSWAGEN BORA,5,E01002660,0,1
2024131514551,2024,131514551,1,9,0,-1,19,5,1,-1,0,0,1,0,7,10,1,1,-1,9,1,24,5,1595,1,24,VOLKSWAGEN BORA,2,E01011256,0,1
2024101502413,2024,101502413,2,9,0,-1,3,5,8,-1,0,0,0,0,0,0,2,1,-1,9,2,68,10,1896,2,18,VOLKSWAGEN BORA,9,E01027463,0,1
2024311449164,2024,311449164,1,9,0,-1,19,1,3,-1,0,0,1,0,1,4,4,9,-1,9,1,29,6,1896,2,22,VOLKSWAGEN BORA,6,E01028074,0,1
2024461529420,2024,461529420,1,9,0,-1,10,4,4,-1,0,1,0,0,0,0,1,1,-1,6,2,72,10,1896,2,21,VOLKSWAGEN BORA,7,E01016162,0,2
2024440191603,2024,440191603,1,9,0,16,19,5,8,0,0,0,0,0,7,11,1,1,6,6,1,19,4,1896,2,22,VOLKSWAGEN BORA,3,E01022649,0,3
2024351515716,2024,351515716,1,9,0,-1,19,1,5,-1,0,0,0,0,0,0,1,1,-1,2,1,19,4,1896,2,19,VOLKSWAGEN BORA,4,E01026278,0,3
2024311493689,2024,311493689,1,9,0,-1,19,7,3,-1,0,0,5,0,1,10,1,1,-1,9,1,19,4,1896,2,21,VOLKSWAGEN BORA,9,E01019678,0,2
2024411504412,2024,411504412,2,9,0,-1,9,5,3,-1,0,1,0,0,0,0,1,1,-1,6,1,68,10,1896,2,19,VOLKSWAGEN BORA,7,E01023935,0,4
2024461436592,2024,461436592,1,9,0,-1,4,7,3,-1,-1,3,0,9,0,0,1,2,-1,6,1,25,5,1896,2,21,VOLKSWAGEN BORA,5,E01024556,0,4
2024430268442,2024,430268442,1,9,0,18,19,4,8,0,0,0,0,0,0,0,4,1,6,6,1,79,11,1896,2,19,VOLKSWAGEN BORA,7,E01028429,0,1
2024361440865,2024,361440865,1,9,0,-1,13,5,1,-1,0,0,0,0,1,4,1,1,-1,9,1,21,5,1896,2,19,VOLKSWAGEN BORA,5,E01026776,0,3
2024101434697,2024,101434697,2,9,0,-1,19,7,3,-1,0,3,0,0,0,0,3,1,-1,1,1,28,6,1781,1,22,VOLKSWAGEN BORA,1,E01035188,0,4
2024522401340,2024,522401340,8,9,0,3,3,8,4,0,0,0,0,0,0,0,2,1,6,6,1,54,8,1896,2,20,VOLKSWAGEN BORA,9,W01001590,0,4
2024401516761,2024,401516761,2,9,0,-1,19,3,7,-1,0,0,0,0,0,0,4,1,-1,6,1,20,4,1896,2,21,VOLKSWAGEN BORA,9,E01017421,0,2
2024531431073,2024,531431073,1,9,0,-1,19,1,5,-1,0,0,5,0,8,10,1,1,-1,9,1,17,4,1984,1,20,VOLKSWAGEN BORA,10,E01031949,0,3
2024041503313,2024,041503313,1,9,0,-1,19,1,5,-1,0,1,0,0,0,0,1,1,-1,7,1,39,7,1896,2,20,VOLKSWAGEN BORA,1,E01024876,0,1
202460Q137160,2024,60Q137160,3,9,0,8,8,1,4,0,0,2,0,0,0,0,3,1,6,6,1,27,6,1896,2,18,VOLKSWAGEN BORA,-1,-1,0,-1
2024371449771,2024,371449771,1,9,0,-1,6,1,5,-1,0,1,0,0,0,0,3,1,-1,6,1,70,10,1498,1,1,VOLKSWAGEN TAIGO,6,E01030044,0,1
202460Q102751,2024,60Q102751,1,9,0,18,19,5,1,0,0,0,0,4,0,0,4,1,1,1,1,60,9,999,1,2,VOLKSWAGEN TAIGO,-1,-1,0,-1
2024501529843,2024,501529843,1,9,0,-1,3,3,6,-1,0,0,1,0,0,0,2,1,-1,9,1,51,8,999,1,1,VOLKSWAGEN TAIGO,4,E01018793,0,2
2024061411497,2024,061411497,1,9,0,-1,10,7,3,-1,0,0,0,0,0,0,2,1,-1,6,1,18,4,999,1,0,VOLKSWAGEN TAIGO,6,E01005057,0,2
202454E884524,2024,54E884524,2,8,0,18,19,8,4,0,0,8,0,0,0,0,3,1,6,6,1,20,4,999,1,1,VOLKSWAGEN TAIGO,-1,-1,0,-1
2024111528074,2024,111528074,2,9,0,-1,19,6,2,-1,0,0,1,0,0,0,1,1,-1,9,2,39,7,999,1,0,VOLKSWAGEN TAIGO,2,E01020670,0,1
2024201486084,2024,201486084,1,9,0,-1,19,4,6,-1,0,4,0,0,0,0,1,1,-1,9,2,19,4,999,1,0,VOLKSWAGEN TAIGO,3,E01008988,0,1
2024221449213,2024,221449213,1,9,0,-1,19,8,4,-1,0,0,2,0,2,0,1,1,-1,6,2,25,5,999,1,1,VOLKSWAGEN TAIGO,5,E01013991,0,3
2024061459020,2024,061459020,1,9,0,-1,19,5,1,-1,0,0,0,0,0,0,4,1,-1,9,1,25,5,999,1,1,VOLKSWAGEN TAIGO,8,E01005738,0,1
2024211512860,2024,211512860,1,9,0,-1,5,8,4,-1,0,2,0,0,3,0,1,1,-1,7,2,25,5,999,1,0,VOLKSWAGEN TAIGO,8,E01029713,0,2
2024471470128,2024,471470128,1,9,0,-1,2,0,0,-1,99,1,0,0,0,0,4,1,-1,6,3,-1,-1,999,1,2,VOLKSWAGEN TAIGO,-1,-1,0,-1
2024101447762,2024,101447762,2,9,0,-1,19,7,3,-1,0,0,0,0,0,0,2,1,-1,9,1,85,11,999,1,0,VOLKSWAGEN TAIGO,3,E01008569,0,1
2024991463238,2024,991463238,1,9,0,-1,11,8,1,-1,0,0,0,0,0,0,4,1,-1,9,2,31,6,999,1,0,VOLKSWAGEN TAIGO,-1,-1,0,-1
2024131500829,2024,131500829,1,9,0,-1,19,1,5,-1,0,8,0,4,0,0,1,1,-1,9,1,34,6,999,1,0,VOLKSWAGEN TAIGO,1,E01011317,0,4
2024461418644,2024,461418644,1,9,0,-1,5,5,3,-1,0,0,5,0,0,0,1,9,-1,6,1,18,4,999,1,1,VOLKSWAGEN TAIGO,1,E01024240,0,1
2024231437694,2024,231437694,1,9,0,-1,9,2,8,-1,0,6,0,0,0,0,3,1,-1,9,2,57,9,999,1,1,VOLKSWAGEN TAIGO,10,E01009436,0,1
2024231415051,2024,231415051,1,9,0,-1,19,3,7,-1,0,8,0,0,0,0,1,9,-1,6,2,42,7,999,1,1,VOLKSWAGEN TAIGO,3,E01031080,0,2
2024052401445,2024,052401445,2,9,0,5,5,2,4,0,0,4,0,0,0,0,4,1,6,6,1,38,7,999,1,2,VOLKSWAGEN TAIGO,6,E01007265,0,1
2024010504322,2024,010504322,1,9,0,11,11,1,5,0,0,1,5,7,0,0,3,1,6,6,1,22,5,999,1,1,VOLKSWAGEN TAIGO,3,E01035681,0,1
2024061403411,2024,061403411,1,9,0,-1,19,1,5,-1,0,0,0,0,0,0,1,1,-1,6,3,-1,-1,1498,1,1,VOLKSWAGEN TAIGO,-1,-1,0,-1
2024461499739,2024,461499739,1,9,0,-1,19,7,8,-1,9,0,5,7,2,6,1,2,-1,9,2,35,6,1498,1,0,VOLKSWAGEN TAIGO,1,E01004042,0,4
2024052401049,2024,052401049,2,9,0,9,9,6,4,0,0,1,0,0,0,0,3,1,3,7,2,43,7,999,1,0,VOLKSWAGEN TAIGO,1,E01006699,0,1
2024010515886,2024,010515886,2,9,0,15,15,5,1,0,0,8,0,0,0,0,1,1,6,6,3,-1,-1,999,1,0,VOLKSWAGEN TAIGO,-1,-1,0,-1
2024010516382,2024,010516382,1,9,0,99,99,9,9,99,99,9,9,99,9,99,1,9,6,6,1,26,6,999,1,1,VOLKSWAGEN TAIGO,6,E01003398,0,1
2024991521121,2024,991521121,1,9,0,-1,19,8,4,-1,0,0,0,11,0,0,1,1,-1,9,1,35,6,999,1,1,VOLKSWAGEN TAIGO,6,-1,0,3
2024631430120,2024,631430120,1,9,0,-1,5,2,6,-1,0,0,0,0,1,11,1,1,-1,9,1,94,11,999,1,2,VOLKSWAGEN TAIGO,10,E01030382,0,5
2024552400367,2024,552400367,1,9,0,18,19,1,5,0,0,0,0,4,0,0,1,1,6,6,2,52,8,999,1,1,VOLKSWAGEN TAIGO,3,E01015359,0,1
2024010524230,2024,010524230,1,9,0,6,6,7,7,0,0,1,0,0,0,0,1,1,6,6,1,22,5,999,1,0,VOLKSWAGEN TAIGO,3,E01034388,0,2
2024010529620,2024,010529620,1,9,0,99,99,9,9,99,99,9,9,99,9,99,2,9,6,6,1,40,7,999,1,1,VOLKSWAGEN TAIGO,6,E01001277,0,1
2024010515746,2024,010515746,1,9,0,6,6,1,1,0,0,0,0,0,0,0,3,1,6,6,1,46,8,999,1,2,VOLKSWAGEN TAIGO,2,E01034043,0,2
2024221475033,2024,221475033,2,9,0,-1,2,0,0,-1,0,2,0,0,0,0,3,1,-1,6,1,72,10,999,1,0,VOLKSWAGEN TAIGO,5,E01014021,0,1
2024010514095,2024,010514095,1,9,0,18,19,2,6,0,0,2,0,4,0,0,3,1,6,6,1,22,5,999,1,2,VOLKSWAGEN TAIGO,4,E01003412,0,1