collision_index,collision_year,collision_ref_no,vehicle_reference,vehicle_type,towing_and_articulation,vehicle_manoeuvre_historic,vehicle_manoeuvre,vehicle_direction_from,vehicle_direction_to,vehicle_location_restricted_lane_historic,vehicle_location_restricted_lane,junction_location,skidding_and_overturning,hit_object_in_carriageway,vehicle_leaving_carriageway,hit_object_off_carriageway,first_point_of_impact,vehicle_left_hand_drive,journey_purpose_of_driver_historic,journey_purpose_of_driver,sex_of_driver,age_of_driver,age_band_of_driver,engine_capacity_cc,propulsion_code,age_of_vehicle,generic_make_model,driver_imd_decile,lsoa_of_driver,escooter_flag,driver_distance_banding
2024991488305,2024,991488305,1,9,0,-1,19,8,4,-1,0,1,0,0,0,0,1,1,-1,9,2,37,7,999,1,1,VOLKSWAGEN TAIGO,1,-1,0,1
2024070093222,2024,070093222,1,9,0,9,9,3,7,0,0,1,0,0,0,0,0,2,2,2,1,61,9,1498,1,2,VOLKSWAGEN TAIGO,10,E01018662,0,2
2024991426217,2024,991426217,1,9,0,-1,9,4,1,-1,0,2,0,0,0,0,3,1,-1,9,1,67,10,999,1,0,VOLKSWAGEN TAIGO,1,-1,0,4
2024471459176,2024,471459176,1,9,0,-1,19,7,3,-1,0,0,1,0,0,0,1,1,-1,9,1,40,7,999,1,1,VOLKSWAGEN TAIGO,3,E01003120,0,4
2024010544938,2024,010544938,2,9,9,99,99,9,9,99,99,4,9,99,9,99,9,9,6,6,3,-1,-1,999,1,0,VOLKSWAGEN TAIGO,-1,-1,0,-1
2024070525269,2024,070525269,2,9,0,4,4,4,7,0,0,7,0,0,0,0,2,1,6,6,2,33,6,999,1,1,VOLKSWAGEN TAIGO,1,E01012444,0,1
2024122401146,2024,122401146,1,9,0,7,7,8,2,0,0,5,0,0,0,0,4,1,6,6,3,-1,-1,999,1,0,VOLKSWAGEN TAIGO,-1,-1,0,-1
2024401541254,2024,401541254,2,9,0,-1,19,5,1,-1,0,8,0,10,0,0,4,1,-1,6,2,26,6,999,1,1,VOLKSWAGEN TAIGO,10,E01017407,0,3
2024552400682,2024,552400682,1,9,0,7,7,1,2,0,0,6,0,0,0,0,1,1,6,6,1,37,7,1498,1,1,VOLKSWAGEN TAIGO,10,E01020407,0,1
2024010542236,2024,010542236,1,9,0,1,1,2,6,0,0,2,0,0,0,0,2,1,6,6,3,-1,-1,999,1,0,VOLKSWAGEN TAIGO,-1,-1,0,-1
2024411520957,2024,411520957,1,9,0,-1,7,8,2,-1,0,6,0,0,0,0,4,1,-1,7,2,30,6,999,1,2,VOLKSWAGEN TAIGO,9,E01023639,0,1
2024061470517,2024,061470517,1,9,0,-1,1,1,5,-1,0,0,0,4,0,0,4,9,-1,6,1,25,5,999,1,1,VOLKSWAGEN TAIGO,2,E01006029,0,3
2024302401515,2024,302401515,1,9,0,4,4,2,6,0,0,8,1,0,1,11,1,1,6,6,1,30,6,999,1,0,VOLKSWAGEN TAIGO,2,E01016024,0,5
2024052400849,2024,052400849,1,9,0,15,15,2,4,0,0,0,0,0,0,0,4,1,2,2,3,-1,-1,999,1,2,VOLKSWAGEN TAIGO,-1,-1,0,-1
2024311428532,2024,311428532,2,9,0,-1,19,8,8,-1,0,0,0,0,0,0,1,1,-1,2,1,20,4,999,1,1,VOLKSWAGEN TAIGO,-1,-1,0,-1
2024311469441,2024,311469441,1,9,0,-1,9,1,7,-1,0,1,0,0,0,0,4,1,-1,9,2,18,4,999,1,1,VOLKSWAGEN TAIGO,7,E01028183,0,1
2024461463923,2024,461463923,1,9,0,-1,19,5,1,-1,0,2,0,0,0,0,1,9,-1,6,1,44,7,999,1,1,VOLKSWAGEN TAIGO,-1,-1,0,-1
2024340WN4172,2024,340WN4172,1,9,0,-1,19,1,3,-1,0,0,1,0,0,0,1,1,-1,9,1,19,4,999,1,0,VOLKSWAGEN TAIGO,9,E01027256,0,2
2024501475361,2024,501475361,4,9,0,-1,2,0,0,-1,0,0,0,0,0,0,1,1,-1,6,-1,-1,-1,999,1,0,VOLKSWAGEN TAIGO,-1,-1,0,-1
2024052400249,2024,052400249,2,9,0,4,4,1,5,0,0,1,0,0,0,0,2,1,6,6,2,21,5,999,1,0,VOLKSWAGEN TAIGO,2,E01006783,0,1
2024010521164,2024,010521164,1,9,0,18,19,5,1,0,0,2,0,11,1,4,1,1,6,6,1,94,11,999,1,2,VOLKSWAGEN TAIGO,10,E01030382,0,2
2024471533656,2024,471533656,1,9,0,-1,19,8,4,-1,0,0,1,0,0,0,3,1,-1,9,1,20,4,999,1,0,VOLKSWAGEN TAIGO,1,E01021020,0,3
2024320277472,2024,320277472,1,9,0,4,4,4,8,0,0,0,0,0,0,0,2,1,-1,-1,2,29,6,999,1,2,VOLKSWAGEN TAIGO,4,E01028302,0,4
2024101473521,2024,101473521,1,9,0,-1,19,5,1,-1,0,0,0,0,0,0,4,1,-1,9,2,34,6,999,1,0,VOLKSWAGEN TAIGO,2,E01027395,0,1
2024141425855,2024,141425855,2,9,0,-1,11,7,3,-1,0,0,0,0,0,0,4,2,-1,6,2,40,7,999,1,1,VOLKSWAGEN TAIGO,5,E01007924,0,2
2024041469307,2024,041469307,2,9,0,-1,19,4,8,-1,0,1,0,0,0,0,3,1,-1,7,2,25,5,999,1,1,VOLKSWAGEN TAIGO,4,E01012633,0,1
2024010520512,2024,010520512,1,9,0,10,10,5,3,0,0,1,0,0,0,0,2,1,6,6,1,20,4,999,1,0,VOLKSWAGEN TAIGO,3,E01001423,0,1
2024332401207,2024,332401207,1,9,0,-1,19,8,4,-1,0,1,0,0,7,11,3,1,-1,6,1,65,9,999,1,1,VOLKSWAGEN TAIGO,10,E01028390,0,2
2024991432069,2024,991432069,2,9,0,-1,3,7,3,-1,0,0,0,0,0,0,2,2,-1,1,1,24,5,999,1,0,VOLKSWAGEN TAIGO,10,-1,0,1
2024010536396,2024,010536396,2,9,0,99,99,9,9,99,99,9,9,99,9,99,9,9,6,6,3,-1,-1,1498,1,2,VOLKSWAGEN TAIGO,-1,-1,0,-1
2024552401541,2024,552401541,1,9,0,3,3,8,4,0,0,0,0,0,0,0,2,1,6,6,2,53,8,999,1,1,VOLKSWAGEN TAIGO,5,E01020512,0,1
2024041416505,2024,041416505,1,9,0,-1,19,1,5,-1,0,2,0,0,0,0,1,1,-1,9,1,17,4,999,1,1,VOLKSWAGEN TAIGO,5,E01007069,0,2
2024471458196,2024,471458196,1,9,0,-1,19,5,1,-1,0,1,0,0,1,11,1,1,-1,6,1,21,5,999,1,0,VOLKSWAGEN TAIGO,7,E01030818,0,1
2024622400512,2024,622400512,1,9,0,14,14,1,5,0,0,0,0,4,0,0,1,1,6,6,1,52,8,999,1,1,VOLKSWAGEN TAIGO,1,W01000817,0,1
2024122400698,2024,122400698,1,9,0,9,9,1,7,0,0,1,0,0,0,0,1,1,6,6,2,59,9,999,1,1,VOLKSWAGEN TAIGO,1,E01027804,0,3
2024061505802,2024,061505802,1,9,0,-1,5,4,8,-1,0,0,0,0,0,0,1,1,-1,9,1,23,5,999,1,1,VOLKSWAGEN TAIGO,3,E01005031,0,1
2024501482373,2024,501482373,1,9,0,-1,5,1,5,-1,0,0,0,0,0,0,3,1,-1,2,2,56,9,999,1,1,VOLKSWAGEN TAIGO,1,E01015083,0,4
2024991459422,2024,991459422,2,9,0,-1,10,6,3,-1,0,0,0,4,0,0,2,1,-1,6,2,45,7,999,1,1,VOLKSWAGEN TAIGO,5,-1,0,2
2024302400434,2024,302400434,2,5,0,13,13,6,2,0,0,1,1,0,0,0,4,1,6,6,1,69,10,1250,1,23,YAMAHA XJR,6,E01025659,0,4
2024131442366,2024,131442366,1,5,0,-1,19,3,7,-1,0,0,1,11,0,0,1,1,-1,9,1,54,8,1250,1,15,YAMAHA XJR,7,E01011890,0,2
2024070787557,2024,070787557,2,5,0,-1,4,6,2,-1,0,1,1,0,0,0,1,1,-1,2,1,61,9,1250,1,23,YAMAHA XJR,1,E01012367,0,3
2024311480755,2024,311480755,1,5,0,-1,13,8,8,-1,0,0,5,10,7,9,1,1,-1,9,1,46,8,1250,1,25,YAMAHA XJR,10,E01028390,0,1
2024471442289,2024,471442289,1,5,0,-1,19,1,5,-1,0,1,0,0,0,0,1,1,-1,2,1,52,8,1250,1,12,YAMAHA XJR,2,E01021016,0,1
2024221498175,2024,221498175,2,5,0,-1,19,8,4,-1,0,3,0,0,0,0,3,1,-1,6,1,65,9,1251,1,8,YAMAHA XJR,2,E01028906,0,1
2024430254902,2024,430254902,1,5,0,-1,-1,6,2,0,0,4,0,10,0,0,1,1,6,6,1,57,9,1251,1,6,YAMAHA XJR,5,E01016768,0,1
2024471437294,2024,471437294,1,5,0,-1,3,8,4,-1,0,0,0,0,0,0,4,1,-1,9,1,40,7,1250,1,24,YAMAHA XJR,4,E01030634,0,2
2024531444856,2024,531444856,2,5,0,-1,19,7,3,-1,0,8,0,0,0,0,1,1,-1,9,1,64,9,1250,1,24,YAMAHA XJR,-1,-1,0,-1
2024421465149,2024,421465149,2,5,0,-1,7,3,7,-1,0,3,0,0,7,0,4,1,-1,9,1,60,9,1250,1,18,YAMAHA XJR,10,E01021364,0,3
2024461464148,2024,461464148,1,5,0,-1,5,3,7,-1,0,0,1,0,0,0,4,1,-1,6,1,25,5,1250,1,22,YAMAHA XJR,5,E01024198,0,2
2024461477889,2024,461477889,2,4,0,-1,19,3,3,-1,0,2,1,0,1,0,0,1,-1,2,1,34,6,1250,1,22,YAMAHA XJR,6,E01024653,0,1
2024451443421,2024,451443421,2,5,0,-1,19,2,6,-1,0,0,2,0,0,0,1,1,-1,2,1,56,9,1250,1,24,YAMAHA XJR,7,E01030410,0,1
2024131400157,2024,131400157,1,5,0,-1,19,1,5,-1,0,0,1,0,0,0,3,1,-1,2,1,61,9,1250,1,23,YAMAHA XJR,4,E01011727,0,1
202460Q108040,2024,60Q108040,1,5,0,18,19,5,6,0,0,0,1,0,0,0,1,1,6,6,1,69,10,1250,1,21,YAMAHA XJR,-1,-1,0,-1
2024471491750,2024,471491750,1,5,0,-1,19,4,8,-1,0,1,0,0,0,0,1,1,-1,9,1,60,9,1250,1,21,YAMAHA XJR,8,E01031418,0,4
2024522402901,2024,522402901,1,4,0,4,4,2,6,0,0,8,0,0,0,0,1,1,6,6,1,48,8,1250,1,13,YAMAHA XJR,5,E01014843,0,4
2024010534771,2024,010534771,1,9,9,99,99,9,9,99,99,9,9,99,9,99,9,9,6,6,3,-1,-1,-1,3,0,-1,-1,-1,0,-1
2024101531090,2024,101531090,1,9,-1,-1,3,4,8,-1,0,0,0,0,0,0,-1,9,-1,6,2,75,10,-1,3,0,-1,10,E01008321,0,2
2024311503708,2024,311503708,1,9,0,-1,19,3,7,-1,0,1,0,0,0,0,2,1,-1,6,2,24,5,-1,3,0,-1,4,E01028208,0,1
2024010548888,2024,010548888,1,9,0,18,19,5,1,0,0,1,0,0,0,0,3,2,6,6,1,34,6,-1,3,0,-1,4,E01003354,0,1
2024010522757,2024,010522757,2,9,0,99,99,9,9,99,99,9,9,99,9,99,1,9,6,6,3,-1,-1,-1,3,0,-1,-1,-1,0,-1
2024991457926,2024,991457926,3,9,0,-1,19,7,3,-1,0,0,0,11,5,6,2,1,-1,9,1,51,8,-1,3,0,-1,9,-1,0,4
2024141455888,2024,141455888,1,9,0,-1,19,1,5,-1,0,0,0,0,0,0,1,1,-1,6,1,21,5,-1,3,0,-1,1,E01008116,0,1
2024501444618,2024,501444618,1,5,0,-1,4,1,5,-1,0,0,1,0,0,0,3,1,-1,9,1,19,4,696,1,12,-1,4,E01018877,0,2
2024221471657,2024,221471657,1,5,0,-1,13,7,3,-1,0,8,0,0,0,0,3,1,-1,6,1,56,9,696,1,11,-1,8,E01032182,0,1
2024520402583,2024,520402583,2,5,0,18,19,1,5,0,0,7,0,0,0,0,3,1,6,6,1,36,7,1262,1,5,-1,6,E01034791,0,5
2024340WN0052,2024,340WN0052,2,5,0,-1,3,8,4,-1,0,1,0,0,0,0,2,1,-1,6,1,31,6,1262,1,8,-1,9,E01027006,0,1
2024421533667,2024,421533667,1,5,0,-1,19,1,7,-1,0,4,0,0,0,0,1,1,-1,9,1,38,7,1262,1,6,-1,7,E01021966,0,2
2024302400787,2024,302400787,2,9,0,18,19,8,4,0,0,0,0,0,0,0,4,1,6,6,1,31,6,999,1,2,FORD PUMA,3,E01019818,0,3
2024122400095,2024,122400095,1,9,0,18,19,8,2,0,0,2,0,0,0,0,1,1,6,6,1,63,9,1496,1,2,FORD PUMA,5,E01027835,0,3
2024031446517,2024,031446517,1,9,0,-1,19,8,4,-1,0,0,1,0,4,0,1,1,-1,9,2,60,9,999,8,1,FORD PUMA,8,W01001039,0,5
2024041468477,2024,041468477,3,9,0,-1,4,7,3,-1,0,8,0,0,0,0,4,1,-1,9,1,74,10,999,8,0,FORD PUMA,4,E01025017,0,1
2024122400117,2024,122400117,2,9,0,18,19,7,3,0,0,1,0,0,0,0,1,1,6,6,2,45,7,999,1,3,FORD PUMA,3,E01013335,0,1
2024622400778,2024,622400778,1,9,0,18,19,4,8,0,0,0,5,4,0,0,1,1,6,6,1,41,7,999,8,0,FORD PUMA,3,W01001990,0,1
2024411541115,2024,411541115,1,9,0,-1,19,5,1,-1,0,0,0,0,0,0,2,1,-1,6,1,23,5,999,1,3,FORD PUMA,6,E01023913,0,2
2024351538841,2024,351538841,2,9,0,-1,19,1,6,-1,0,0,0,0,0,0,1,1,-1,6,1,34,6,999,8,1,FORD PUMA,4,E01018084,0,1
2024501514961,2024,501514961,1,9,0,-1,19,3,7,-1,0,0,2,0,2,10,1,1,-1,1,1,22,5,999,8,0,FORD PUMA,6,E01032652,0,4
2024010498142,2024,010498142,2,9,0,99,99,9,9,99,99,9,9,99,9,99,9,9,6,6,3,-1,-1,999,1,2,FORD PUMA,-1,-1,0,-1
2024231459694,2024,231459694,1,9,0,-1,20,3,7,-1,0,5,0,0,0,0,1,9,-1,6,2,42,7,999,1,4,FORD PUMA,9,E01032894,0,1
2024061514552,2024,061514552,1,9,0,-1,19,8,4,-1,0,0,0,0,0,0,1,1,-1,9,2,40,7,999,8,0,FORD PUMA,4,E01005895,0,1
2024131535079,2024,131535079,3,9,0,-1,5,3,3,-1,0,0,0,0,0,0,2,1,-1,6,3,-1,-1,999,1,2,FORD PUMA,-1,-1,0,-1
2024211409380,2024,211409380,3,9,0,-1,4,1,5,-1,0,0,0,0,0,0,2,1,-1,9,2,53,8,999,8,1,FORD PUMA,10,E01018683,0,4
2024071051478,2024,071051478,1,9,0,-1,19,8,4,-1,0,4,0,9,7,1,1,1,-1,9,1,27,6,999,8,0,FORD PUMA,1,E01009202,0,4
2024471496565,2024,471496565,3,9,0,-1,20,0,0,-1,-1,0,0,0,0,0,1,1,-1,6,-1,-1,-1,999,1,2,FORD PUMA,-1,-1,0,-1
2024201484685,2024,201484685,4,9,0,-1,2,0,0,-1,0,0,0,0,0,0,3,1,-1,6,1,33,6,999,8,1,FORD PUMA,2,E01008964,0,1
2024547351924,2024,547351924,1,9,0,18,19,3,7,0,0,1,0,0,1,7,1,1,6,6,1,40,7,999,8,1,FORD PUMA,3,W01001474,0,5
2024631527044,2024,631527044,2,9,0,-1,7,8,2,-1,0,5,0,0,0,0,2,1,-1,6,2,36,7,999,8,0,FORD PUMA,3,W01000711,0,1
2024440197312,2024,440197312,2,9,0,4,4,2,6,0,0,0,0,0,0,0,2,1,6,6,2,57,9,999,1,2,FORD PUMA,8,E01004507,0,4
2024421478004,2024,421478004,2,9,0,-1,5,7,3,-1,0,1,0,0,0,0,1,1,-1,9,2,55,8,999,1,1,FORD PUMA,10,E01021912,0,1
2024201421368,2024,201421368,1,9,0,-1,5,6,2,-1,0,0,0,0,0,0,3,1,-1,6,2,57,9,999,8,1,FORD PUMA,4,E01010159,0,1
2024430437583,2024,430437583,1,9,0,18,19,4,8,0,0,0,0,0,0,0,1,1,6,6,2,85,11,999,1,1,FORD PUMA,10,E01016598,0,1
2024010540843,2024,010540843,2,9,0,18,19,7,3,0,0,8,0,0,0,0,1,1,6,6,3,-1,-1,999,1,2,FORD PUMA,-1,-1,0,-1
2024211395442,2024,211395442,1,9,0,-1,9,8,6,-1,0,8,0,0,0,0,1,1,-1,1,2,40,7,999,1,3,FORD PUMA,-1,-1,0,-1
2024131441397,2024,131441397,3,9,0,-1,2,0,0,-1,0,0,0,0,0,0,2,1,-1,6,-1,-1,-1,999,1,4,FORD PUMA,-1,-1,0,-1
2024061406346,2024,061406346,2,9,0,-1,19,5,1,-1,0,8,0,0,0,0,3,1,-1,6,2,-1,-1,999,1,3,FORD PUMA,1,E01005106,0,1
2024052401971,2024,052401971,1,9,0,18,19,5,1,0,0,0,0,0,0,0,1,1,6,6,2,54,8,1679,1,24,FORD PUMA,10,E01007191,0,2
2024070057385,2024,070057385,1,9,0,4,4,3,7,0,0,0,0,0,0,0,0,1,6,6,2,72,10,999,1,4,FORD PUMA,7,E01006531,0,2
2024122500039,2024,122500039,1,9,0,9,9,7,5,0,0,6,0,0,0,0,3,1,6,6,1,64,9,999,8,0,FORD PUMA,10,E01013377,0,1
2024201469480,2024,201469480,3,9,0,-1,3,2,6,-1,0,0,0,0,0,0,2,1,-1,6,2,60,9,999,1,2,FORD PUMA,3,E01009232,0,2
2024332400327,2024,332400327,3,9,0,-1,8,5,7,-1,0,1,0,0,0,0,3,1,-1,6,1,20,4,999,1,2,FORD PUMA,6,E01025912,0,1
2024231414442,2024,231414442,1,9,0,-1,19,1,5,-1,0,8,0,0,0,0,1,9,-1,6,1,26,6,999,1,1,FORD PUMA,1,E01035016,0,1
2024320553958,2024,320553958,2,9,0,-1,-1,7,3,0,0,8,1,0,7,0,1,1,1,1,2,35,6,999,8,0,FORD PUMA,9,E01026225,0,4
2024421484769,2024,421484769,1,9,0,-1,9,1,5,-1,0,5,0,0,0,0,2,1,-1,9,1,22,5,999,1,2,FORD PUMA,-1,-1,0,-1
2024010516218,2024,010516218,2,9,0,5,5,5,1,0,0,1,0,0,0,0,1,1,6,6,2,41,7,999,8,1,FORD PUMA,7,E01002265,0,1
2024421427666,2024,421427666,1,9,0,-1,5,5,1,-1,0,8,0,0,0,0,1,9,-1,1,1,39,7,999,1,2,FORD PUMA,2,E01015963,0,1
2024421522133,2024,421522133,1,9,0,-1,6,4,1,-1,0,8,0,0,0,0,4,1,-1,9,2,57,9,999,1,2,FORD PUMA,5,E01022008,0,2
2024101479321,2024,101479321,1,9,0,-1,19,5,1,-1,0,0,0,0,0,0,3,1,-1,7,2,51,8,999,8,1,FORD PUMA,9,E01008448,0,1
2024461415901,2024,461415901,2,9,0,-1,19,3,7,-1,0,1,0,0,0,0,1,1,-1,9,1,58,9,999,1,2,FORD PUMA,10,E01024837,0,1
2024131423630,2024,131423630,2,9,0,-1,19,1,5,-1,0,0,0,0,0,0,3,1,-1,1,1,56,9,999,1,3,FORD PUMA,3,E01010741,0,2
2024061460692,2024,061460692,2,9,0,-1,19,3,7,-1,0,0,0,0,0,0,1,1,-1,9,1,47,8,999,1,4,FORD PUMA,8,E01008673,0,5
2024430427139,2024,430427139,2,9,0,18,19,6,2,0,0,8,0,0,0,0,1,1,6,6,2,49,8,999,1,4,FORD PUMA,6,E01016218,0,1
2024411479032,2024,411479032,2,9,0,-1,3,5,1,-1,0,4,0,0,0,0,2,1,-1,9,2,51,8,999,8,1,FORD PUMA,10,E01035587,0,4
2024041502661,2024,041502661,2,9,0,-1,19,8,4,-1,0,1,0,0,0,0,1,9,-1,9,2,48,8,999,8,1,FORD PUMA,7,E01012614,0,2
2024351469671,2024,351469671,2,9,0,-1,4,3,7,-1,0,0,0,0,0,0,2,1,-1,2,1,59,9,999,1,3,FORD PUMA,5,E01015617,0,1
2024371439756,2024,371439756,3,9,0,-1,4,8,4,-1,0,0,0,0,0,0,2,1,-1,2,2,33,6,999,8,1,FORD PUMA,9,E01030045,0,2
2024010541490,2024,010541490,1,9,0,11,11,7,3,0,0,8,0,0,0,0,4,1,6,6,3,-1,-1,999,1,4,FORD PUMA,-1,-1,0,-1
2024302401511,2024,302401511,1,9,0,18,19,1,5,9,9,0,0,0,0,0,4,1,6,6,3,-1,-1,999,8,0,FORD PUMA,5,E01019456,0,3
2024471412982,2024,471412982,2,9,0,-1,2,0,0,-1,0,0,0,0,0,0,3,1,-1,6,1,57,9,999,8,1,FORD PUMA,2,E01000858,0,4
2024041396586,2024,041396586,1,9,0,-1,19,7,3,-1,0,1,0,0,0,0,1,1,-1,9,2,38,7,999,8,1,FORD PUMA,4,E01024936,0,4
2024211429175,2024,211429175,1,9,0,-1,9,4,2,-1,0,4,0,0,0,0,1,1,-1,6,2,41,7,999,1,3,FORD PUMA,7,E01029480,0,2
2024461404985,2024,461404985,2,9,0,-1,3,8,8,-1,0,0,0,0,0,0,2,1,-1,7,2,34,6,999,8,1,FORD PUMA,7,E01033213,0,2
2024041516979,2024,041516979,3,9,0,-1,19,1,3,-1,0,0,0,0,0,0,1,1,-1,9,2,78,11,999,8,0,FORD PUMA,9,E01025558,0,2
2024302400365,2024,302400365,2,9,0,16,19,3,6,0,0,0,5,0,1,9,1,1,2,2,1,46,8,999,1,2,FORD PUMA,8,E01019621,0,3
2024531425737,2024,531425737,2,9,0,-1,19,3,7,-1,0,0,0,0,0,0,2,1,-1,9,2,63,9,999,1,2,FORD PUMA,10,E01022297,0,2
2024231429953,2024,231429953,2,9,0,-1,19,4,8,-1,0,3,0,0,0,0,9,9,-1,9,2,38,7,999,1,1,FORD PUMA,9,E01035403,0,3
2024320474781,2024,320474781,1,9,0,-1,-1,6,2,0,0,0,5,0,7,0,3,1,-1,-1,2,52,8,999,1,1,FORD PUMA,6,E01026100,0,2
2024201506824,2024,201506824,1,9,0,-1,9,1,7,-1,0,6,0,0,0,0,3,1,-1,6,1,50,8,999,8,1,FORD PUMA,1,E01009493,0,1
2024010498438,2024,010498438,1,9,0,-1,-1,1,5,0,0,2,0,0,0,0,3,1,6,6,2,30,6,999,8,1,FORD PUMA,2,E01002530,0,4
202417H107224,2024,17H107224,1,9,0,-1,19,1,5,-1,0,0,0,0,0,0,1,1,-1,9,2,64,9,999,8,0,FORD PUMA,1,E01011992,0,1
2024302400357,2024,302400357,1,9,0,18,19,2,6,0,0,1,0,0,0,0,1,1,6,6,2,72,10,999,1,3,FORD PUMA,6,E01013545,0,1
2024131472470,2024,131472470,1,9,0,-1,7,7,3,-1,0,8,0,0,0,0,1,1,-1,9,2,37,7,999,8,1,FORD PUMA,4,E01011158,0,3
2024421510924,2024,421510924,1,9,0,-1,19,3,7,-1,0,0,0,0,0,0,1,1,-1,1,2,25,5,999,8,0,FORD PUMA,9,E01021519,0,4
2024010514690,2024,010514690,1,9,0,18,19,9,9,99,99,0,9,99,9,99,9,9,2,2,2,52,8,999,1,4,FORD PUMA,8,E01000646,0,1
2024010504965,2024,010504965,1,9,0,10,10,1,7,0,0,1,0,0,0,0,1,1,1,1,2,56,9,999,1,3,FORD PUMA,9,E01002415,0,2
2024041457300,2024,041457300,2,9,0,-1,4,1,5,-1,0,1,0,0,0,0,2,1,-1,6,2,34,6,999,8,1,FORD PUMA,1,E01024909,0,1
2024131403169,2024,131403169,3,9,0,-1,2,0,0,-1,0,0,0,0,0,0,2,1,-1,6,-1,-1,-1,999,1,1,FORD PUMA,-1,-1,0,-1
2024231409637,2024,231409637,1,9,0,-1,19,4,8,-1,0,0,0,0,0,0,1,1,-1,9,1,75,10,999,1,3,FORD PUMA,9,E01031278,0,1
2024302401624,2024,302401624,2,9,0,18,19,2,6,0,0,8,0,0,0,0,1,1,6,6,2,61,9,999,1,1,FORD PUMA,7,E01019445,0,1
2024010506077,2024,010506077,1,9,0,99,99,9,9,99,99,9,9,99,9,99,2,9,6,6,1,50,8,999,8,1,FORD PUMA,10,E01000757,0,1
2024201416581,2024,201416581,1,9,0,-1,19,8,4,-1,0,0,0,0,0,0,1,1,-1,2,2,37,7,999,1,1,FORD PUMA,1,E01010031,0,1
2024052401760,2024,052401760,2,9,0,3,3,3,7,0,0,0,0,0,0,0,2,1,6,6,2,47,8,999,1,1,FORD PUMA,1,E01007274,0,3
2024471456442,2024,471456442,2,9,0,-1,19,4,8,-1,0,1,0,0,0,0,1,1,-1,9,2,53,8,999,8,0,FORD PUMA,6,E01021022,0,1
2024451400527,2024,451400527,2,9,0,-1,4,1,5,-1,0,0,1,0,0,0,3,1,-1,9,1,59,9,999,1,2,FORD PUMA,6,E01030842,0,4
2024010514740,2024,010514740,1,9,0,10,10,5,3,99,99,9,9,99,0,0,2,1,6,6,1,21,5,999,1,4,FORD PUMA,2,E01000074,0,1
2024991486909,2024,991486909,1,9,0,-1,19,7,3,-1,0,0,0,4,0,0,1,1,-1,6,1,67,10,999,8,0,FORD PUMA,2,-1,0,4
2024631530191,2024,631530191,2,9,0,-1,2,0,0,-1,0,0,0,0,0,0,4,1,-1,6,-1,-1,-1,999,1,4,FORD PUMA,-1,-1,0,-1
2024010501065,2024,010501065,1,9,0,7,7,7,8,0,0,1,0,0,0,0,1,1,2,2,1,26,6,999,1,2,FORD PUMA,2,E01002097,0,1
2024041406530,2024,041406530,2,9,0,-1,19,3,7,-1,0,0,0,0,0,0,1,1,-1,1,1,65,9,999,1,2,FORD PUMA,9,E01025340,0,1
2024161526900,2024,161526900,2,9,0,-1,2,0,0,-1,0,1,0,0,0,0,3,1,-1,6,-1,-1,-1,999,8,0,FORD PUMA,-1,-1,0,-1
2024501405621,2024,501405621,1,9,0,-1,19,4,8,-1,0,0,0,0,0,0,3,1,-1,9,2,66,10,999,8,0,FORD PUMA,7,E01015198,0,1
2024471492622,2024,471492622,2,9,0,-1,3,1,5,-1,0,0,0,0,0,0,2,1,-1,2,2,39,7,999,8,0,FORD PUMA,8,E01031694,0,3
2024501491416,2024,501491416,1,9,0,-1,19,8,4,-1,0,8,0,0,0,0,4,1,-1,9,2,55,8,999,8,0,FORD PUMA,6,E01020074,0,1
2024010521593,2024,010521593,1,9,9,1,1,1,5,0,0,1,0,0,0,0,1,1,6,6,3,-1,-1,999,1,3,FORD PUMA,-1,-1,0,-1
2024461535311,2024,461535311,2,9,0,-1,19,2,3,-1,0,1,0,0,0,0,1,1,-1,2,2,33,6,999,8,1,FORD PUMA,6,E01016056,0,3
202460Q126940,2024,60Q126940,2,9,0,18,19,3,7,0,0,1,0,0,0,0,4,1,6,6,2,55,8,999,8,0,FORD PUMA,-1,-1,0,-1
2024302400866,2024,302400866,1,9,0,18,19,5,1,0,0,2,0,0,0,0,3,1,2,2,2,49,8,999,1,3,FORD PUMA,3,E01034648,0,3
2024041533339,2024,041533339,1,9,0,-1,19,7,3,-1,0,0,1,0,0,0,1,1,-1,6,2,65,9,999,1,4,FORD PUMA,1,E01024872,0,2
2024631415914,2024,631415914,2,9,0,-1,4,6,2,-1,0,1,0,0,1,10,2,1,-1,9,2,32,6,999,8,1,FORD PUMA,3,W01001153,0,4
2024421512007,2024,421512007,2,9,0,-1,19,1,5,-1,0,1,0,0,0,0,1,1,-1,6,1,92,11,999,8,0,FORD PUMA,10,E01021614,0,1
2024332400718,2024,332400718,2,9,0,-1,9,1,7,-1,0,6,0,0,0,0,1,1,-1,2,1,61,9,999,1,3,FORD PUMA,3,E01013618,0,1
2024311505527,2024,311505527,5,9,0,-1,2,0,0,-1,0,0,1,0,0,0,4,1,-1,6,2,54,8,999,1,2,FORD PUMA,5,E01028144,0,1
2024430110683,2024,430110683,1,9,0,18,19,4,8,0,0,8,0,0,0,0,3,1,1,1,2,44,7,999,8,1,FORD PUMA,8,E01016337,0,1
2024351529117,2024,351529117,1,9,0,-1,1,1,5,-1,0,0,0,0,0,0,2,1,-1,6,2,76,11,999,1,1,FORD PUMA,1,E01015642,0,1