collision_index,collision_year,collision_ref_no,vehicle_reference,vehicle_type,towing_and_articulation,vehicle_manoeuvre_historic,vehicle_manoeuvre,vehicle_direction_from,vehicle_direction_to,vehicle_location_restricted_lane_historic,vehicle_location_restricted_lane,junction_location,skidding_and_overturning,hit_object_in_carriageway,vehicle_leaving_carriageway,hit_object_off_carriageway,first_point_of_impact,vehicle_left_hand_drive,journey_purpose_of_driver_historic,journey_purpose_of_driver,sex_of_driver,age_of_driver,age_band_of_driver,engine_capacity_cc,propulsion_code,age_of_vehicle,generic_make_model,driver_imd_decile,lsoa_of_driver,escooter_flag,driver_distance_banding
2024010506496,2024,010506496,2,9,9,99,99,9,9,99,99,9,9,99,9,99,1,9,6,6,3,-1,-1,999,1,1,FORD PUMA,-1,-1,0,-1
2024451409434,2024,451409434,1,9,0,-1,19,2,6,-1,0,0,5,7,8,1,1,1,-1,9,2,35,6,999,1,4,FORD PUMA,8,E01030836,0,1
2024201433232,2024,201433232,2,9,0,-1,5,1,5,-1,0,4,0,0,0,0,1,1,-1,7,2,43,7,999,1,2,FORD PUMA,2,E01009407,0,1
2024421423673,2024,421423673,2,9,0,-1,19,-1,-1,-1,0,3,0,0,0,0,2,9,-1,6,2,41,7,999,1,2,FORD PUMA,3,E01015923,0,1
2024421522069,2024,421522069,1,9,0,-1,19,1,1,-1,0,2,0,10,0,0,3,1,-1,2,1,36,7,1496,1,0,FORD PUMA,9,E01021255,0,1
2024052401867,2024,052401867,2,9,0,18,19,2,6,0,0,0,0,0,0,0,1,1,6,6,2,21,5,999,1,2,FORD PUMA,6,E01007108,0,2
202417H100124,2024,17H100124,3,9,0,18,19,6,2,0,0,0,0,0,0,0,1,1,6,6,2,50,8,999,1,3,FORD PUMA,1,E01035188,0,2
2024340NN3722,2024,340NN3722,2,9,0,-1,5,1,4,-1,0,1,0,11,0,0,1,1,-1,6,2,54,8,999,1,2,FORD PUMA,5,E01026985,0,1
2024101523695,2024,101523695,2,9,0,-1,3,1,5,-1,0,0,0,0,0,0,2,1,-1,2,1,63,9,999,1,2,FORD PUMA,2,E01008298,0,1
2024501521545,2024,501521545,1,9,0,-1,19,5,1,-1,0,0,0,0,0,0,1,1,-1,6,1,68,10,999,8,0,FORD PUMA,3,E01019009,0,2
2024631441330,2024,631441330,2,9,0,-1,2,0,0,-1,0,0,0,0,0,0,2,1,-1,6,-1,-1,-1,999,1,2,FORD PUMA,-1,-1,0,-1
2024411543332,2024,411543332,2,9,0,-1,7,5,1,-1,0,0,-1,-1,-1,0,3,1,-1,1,1,54,8,999,1,1,FORD PUMA,6,E01023409,0,1
2024371397580,2024,371397580,3,9,0,-1,19,3,7,-1,0,0,0,0,0,0,1,1,-1,6,1,61,9,999,1,4,FORD PUMA,4,E01029962,0,1
2024311525751,2024,311525751,2,9,0,-1,19,3,7,-1,0,0,0,0,0,0,2,1,-1,9,1,66,10,999,8,0,FORD PUMA,-1,-1,0,-1
2024520402862,2024,520402862,3,9,0,2,2,0,0,0,0,0,0,0,0,0,1,1,6,6,3,-1,-1,999,1,4,FORD PUMA,-1,-1,0,-1
2024991540684,2024,991540684,1,9,0,-1,9,1,5,-1,0,0,1,0,0,0,1,1,-1,9,1,31,6,999,1,2,FORD PUMA,-1,-1,0,-1
2024010544645,2024,010544645,1,9,0,99,99,9,9,99,99,9,9,99,9,99,2,9,6,6,2,57,9,999,1,2,FORD PUMA,6,E01002347,0,2
2024010549302,2024,010549302,1,9,0,18,19,3,7,0,0,0,0,0,1,2,1,1,6,6,1,26,6,999,1,3,FORD PUMA,3,E01001360,0,1
2024010530249,2024,010530249,1,9,0,5,5,7,3,0,0,6,0,0,0,0,1,1,6,6,1,21,5,999,8,0,FORD PUMA,1,E01000221,0,1
2024311447637,2024,311447637,1,9,0,-1,5,5,1,-1,0,8,0,0,0,0,3,1,-1,7,2,17,4,999,1,4,FORD PUMA,-1,-1,0,-1
2024010515495,2024,010515495,1,9,0,18,19,7,3,9,9,8,0,0,2,11,1,1,6,6,1,35,6,999,8,1,FORD PUMA,3,E01000405,0,1
2024010514538,2024,010514538,1,9,0,9,9,5,3,0,0,1,0,0,0,0,2,1,6,6,1,56,9,999,8,1,FORD PUMA,5,E01003449,0,1
2024201452410,2024,201452410,1,9,0,-1,7,4,7,-1,0,5,0,0,0,0,4,1,-1,6,2,35,6,999,8,1,FORD PUMA,-1,-1,0,-1
2024520003013,2024,520003013,1,9,0,18,19,1,5,0,0,0,0,0,0,0,1,1,6,6,1,86,11,999,1,4,FORD PUMA,6,E01014403,0,1
2024231433468,2024,231433468,2,9,0,-1,4,2,5,-1,0,4,0,0,0,0,2,9,-1,6,2,33,6,999,1,1,FORD PUMA,5,E01031333,0,2
2024461517039,2024,461517039,2,9,0,-1,19,5,1,-1,0,0,0,0,0,0,3,1,-1,6,1,65,9,999,1,4,FORD PUMA,3,E01001690,0,3
2024101535274,2024,101535274,2,9,0,-1,19,1,5,-1,0,0,0,0,0,0,1,1,-1,6,2,54,8,999,1,2,FORD PUMA,-1,-1,0,-1
2024430125728,2024,430125728,1,9,0,13,13,7,3,0,0,8,0,0,0,0,4,1,6,6,2,60,9,999,1,1,FORD PUMA,-1,-1,0,-1
2024401531642,2024,401531642,2,9,-1,-1,-1,-1,-1,-1,-1,-1,-1,-1,-1,0,-1,9,-1,2,2,28,6,999,8,0,FORD PUMA,10,E01017528,0,1
2024070654673,2024,070654673,1,9,0,5,5,7,3,0,0,4,0,0,0,0,3,1,6,6,2,43,7,999,1,3,FORD PUMA,3,E01012523,0,1
2024061454873,2024,061454873,2,9,0,-1,19,3,6,-1,99,0,9,99,0,0,1,1,-1,6,1,20,4,999,1,4,FORD PUMA,2,E01005946,0,1
2024440198567,2024,440198567,1,9,0,9,9,6,4,0,0,1,0,0,0,0,3,1,6,6,1,48,8,999,1,1,FORD PUMA,10,E01023047,0,1
2024052401192,2024,052401192,1,9,0,7,7,6,2,0,0,1,0,0,0,0,1,1,6,6,2,71,10,999,1,2,FORD PUMA,1,E01006480,0,1
2024501462280,2024,501462280,1,9,0,-1,9,5,2,-1,0,8,0,0,1,4,1,1,-1,9,2,73,10,999,8,1,FORD PUMA,6,E01018826,0,1
2024221405712,2024,221405712,2,9,0,-1,9,3,1,-1,0,5,0,0,0,0,3,1,-1,2,1,33,6,999,1,2,FORD PUMA,3,E01032267,0,1
2024461420440,2024,461420440,2,9,0,-1,19,3,7,-1,0,0,0,0,0,0,1,1,-1,2,1,22,5,999,1,4,FORD PUMA,5,E01035298,0,1
2024131476256,2024,131476256,3,9,0,-1,4,1,3,-1,0,0,0,0,0,0,2,1,-1,9,2,42,7,999,8,0,FORD PUMA,5,E01011392,0,1
2024332400416,2024,332400416,2,9,0,-1,4,4,8,-1,0,0,0,0,0,0,1,1,-1,6,1,80,11,999,8,0,FORD PUMA,5,E01013770,0,1
2024010523145,2024,010523145,1,9,0,18,19,1,5,0,0,0,5,4,0,0,4,2,6,6,1,37,7,999,8,0,FORD PUMA,5,E01002699,0,1
2024231515774,2024,231515774,1,9,0,-1,19,2,6,-1,0,0,0,0,0,0,1,1,-1,9,1,32,6,999,8,0,FORD PUMA,8,E01035035,0,2
2024471500338,2024,471500338,2,9,0,-1,9,3,1,-1,0,4,0,0,0,0,3,1,-1,6,2,66,10,999,1,1,FORD PUMA,8,E01031651,0,1
2024101434562,2024,101434562,2,9,0,-1,19,7,3,-1,0,0,0,0,0,0,2,1,-1,6,1,31,6,999,8,0,FORD PUMA,8,E01035628,0,1
2024451494566,2024,451494566,1,9,0,-1,9,4,8,-1,0,8,5,0,0,0,4,1,-1,9,2,62,9,999,8,1,FORD PUMA,4,E01030304,0,2
2024221498592,2024,221498592,1,9,0,-1,19,6,2,-1,0,0,0,0,4,1,1,1,-1,9,2,33,6,999,8,1,FORD PUMA,10,E01010108,0,4
2024231433027,2024,231433027,5,9,0,-1,2,0,0,-1,9,0,0,0,0,0,3,9,-1,7,2,40,7,999,1,2,FORD PUMA,8,E01031182,0,1
2024440532437,2024,440532437,2,9,0,18,19,1,5,0,0,8,0,0,0,0,1,1,6,6,2,49,8,999,8,0,FORD PUMA,-1,-1,0,-1
2024041537124,2024,041537124,1,9,0,-1,19,5,1,-1,0,0,0,0,0,0,1,1,-1,9,2,50,8,999,1,3,FORD PUMA,10,E01011113,0,4
2024041511079,2024,041511079,2,9,0,-1,19,5,1,-1,0,0,0,0,0,0,2,1,-1,1,1,52,8,999,8,0,FORD PUMA,10,E01016702,0,5
2024421428074,2024,421428074,2,9,0,-1,4,1,5,-1,0,0,5,11,0,0,1,9,-1,9,2,76,11,999,8,1,FORD PUMA,8,E01022072,0,1
2024010528098,2024,010528098,1,9,0,9,9,5,3,4,4,1,0,0,0,0,4,1,6,6,1,36,7,999,8,1,FORD PUMA,6,E01030700,0,4
2024471442036,2024,471442036,2,9,0,-1,5,3,6,-1,0,4,0,4,0,0,1,1,-1,6,2,28,6,999,1,3,FORD PUMA,2,E01020955,0,2
2024201532611,2024,201532611,9,9,0,-1,2,0,0,-1,0,8,0,0,0,0,3,1,-1,6,-1,-1,-1,999,8,0,FORD PUMA,-1,-1,0,-1
2024010517170,2024,010517170,1,9,0,18,19,2,6,0,0,8,0,0,3,0,1,1,1,1,2,36,7,999,1,4,FORD PUMA,2,E01003591,0,2
2024501487164,2024,501487164,1,9,0,-1,9,7,5,-1,0,8,0,0,0,0,4,1,-1,2,2,37,7,999,8,0,FORD PUMA,1,E01015040,0,1
2024991407063,2024,991407063,2,9,0,-1,10,1,3,-1,0,5,0,0,0,0,2,1,-1,9,2,44,7,999,1,2,FORD PUMA,-1,-1,0,-1
2024302400399,2024,302400399,1,9,0,18,19,7,3,0,0,0,0,0,0,0,4,1,6,6,2,54,8,1496,1,3,FORD PUMA,5,E01019475,0,1
2024340WN7082,2024,340WN7082,2,9,0,-1,19,7,3,-1,0,2,0,0,7,4,1,1,-1,9,2,22,5,999,8,0,FORD PUMA,8,E01017718,0,2
2024320383847,2024,320383847,2,9,0,-1,-1,3,7,0,0,0,0,0,1,0,1,1,6,6,1,49,8,999,1,1,FORD PUMA,3,E01013319,0,4
2024141469840,2024,141469840,1,9,0,-1,19,5,1,-1,0,0,0,0,0,0,1,1,-1,7,2,45,7,999,8,1,FORD PUMA,5,E01008024,0,2
2024421438320,2024,421438320,2,9,0,-1,19,7,3,-1,0,0,0,0,0,0,1,1,-1,6,1,26,6,999,1,3,FORD PUMA,4,E01034370,0,2
2024201413529,2024,201413529,2,9,0,-1,19,6,2,-1,0,8,0,0,0,0,1,9,-1,6,1,64,9,999,8,1,FORD PUMA,1,E01009127,0,1
2024421451523,2024,421451523,2,9,-1,-1,19,-1,-1,-1,0,0,0,0,0,0,-1,9,-1,6,1,-1,-1,999,1,2,FORD PUMA,8,E01021397,0,3
2024041416322,2024,041416322,2,9,0,-1,19,7,3,-1,0,1,0,0,1,11,1,1,-1,9,1,38,7,999,1,3,FORD PUMA,1,E01012736,0,1
2024041499943,2024,041499943,1,9,0,-1,9,3,1,-1,0,8,0,0,0,0,4,1,-1,9,2,51,8,999,1,3,FORD PUMA,10,E01025438,0,1
2024052401749,2024,052401749,1,9,0,18,19,3,7,0,0,8,1,0,0,0,1,1,6,6,1,41,7,999,8,0,FORD PUMA,1,E01006598,0,2
2024430494094,2024,430494094,1,9,0,9,9,4,2,0,0,6,0,0,0,0,3,1,6,6,1,76,11,999,8,1,FORD PUMA,10,E01028460,0,1
2024430050756,2024,430050756,2,9,0,9,9,3,1,0,0,5,0,0,0,0,1,1,6,6,2,-1,-1,999,1,4,FORD PUMA,-1,-1,0,-1
2024061420219,2024,061420219,2,9,0,-1,19,3,8,-1,0,4,0,9,4,1,1,9,-1,6,1,77,11,999,8,1,FORD PUMA,4,E01006047,0,1
2024010509483,2024,010509483,1,9,9,99,99,9,9,99,99,9,9,99,9,99,9,9,6,6,3,32,6,999,1,1,FORD PUMA,1,E01003506,0,1
2024221532311,2024,221532311,1,9,0,-1,6,7,7,-1,0,8,0,0,0,0,3,9,-1,6,2,60,9,999,8,1,FORD PUMA,7,E01005983,0,4
2024531445661,2024,531445661,1,9,0,-1,19,4,5,-1,0,1,0,0,0,0,3,1,-1,6,2,23,5,999,8,1,FORD PUMA,7,E01034799,0,4
2024451531823,2024,451531823,1,9,0,-1,5,4,2,-1,0,1,0,0,0,0,3,1,-1,9,2,51,8,999,8,0,FORD PUMA,9,E01031582,0,4
2024010528950,2024,010528950,1,9,0,18,19,5,1,0,0,2,0,10,1,11,1,1,6,6,1,30,6,999,1,1,FORD PUMA,2,E01000431,0,3
2024991458148,2024,991458148,3,9,0,-1,2,0,0,-1,0,0,0,4,0,0,2,1,-1,6,-1,-1,-1,999,1,2,FORD PUMA,-1,-1,0,-1
2024101479231,2024,101479231,4,9,0,-1,19,5,1,-1,0,0,0,0,0,0,1,2,-1,2,1,29,6,999,1,3,FORD PUMA,-1,-1,0,-1
2024332400583,2024,332400583,1,9,0,-1,19,6,2,-1,0,8,0,0,0,0,1,1,-1,9,1,29,6,999,8,0,FORD PUMA,10,E01025761,0,2
2024440437785,2024,440437785,1,9,0,18,19,6,2,0,0,1,0,0,1,1,1,1,6,6,2,38,7,999,1,4,FORD PUMA,5,E01022973,0,1
2024991421232,2024,991421232,1,9,0,-1,19,4,8,-1,0,0,0,0,0,0,1,1,-1,9,1,44,7,999,1,3,FORD PUMA,3,-1,0,2
2024161459042,2024,161459042,2,9,0,-1,19,4,8,-1,0,0,0,0,0,0,1,1,-1,9,2,71,10,999,8,1,FORD PUMA,1,E01012917,0,1
2024201486281,2024,201486281,1,9,0,-1,19,5,3,-1,0,0,0,0,0,0,1,1,-1,7,3,-1,-1,999,8,0,FORD PUMA,3,E01032847,0,5
202454D507924,2024,54D507924,1,9,0,5,5,4,8,0,0,6,0,0,0,0,3,1,6,6,2,43,7,999,8,0,FORD PUMA,7,E01035525,0,5
2024131479362,2024,131479362,2,9,0,-1,4,5,1,-1,0,0,0,0,0,0,2,1,-1,9,2,31,6,1496,1,3,FORD PUMA,8,E01011767,0,2
2024201467879,2024,201467879,2,9,0,-1,19,3,7,-1,0,1,0,0,0,0,3,1,-1,6,1,23,5,999,8,0,FORD PUMA,9,E01019879,0,4
2024991499937,2024,991499937,1,9,0,-1,5,5,1,-1,0,1,0,0,0,0,3,1,-1,6,3,40,7,999,8,1,FORD PUMA,-1,-1,0,-1
2024052402747,2024,052402747,2,9,0,2,2,0,0,0,0,0,0,0,0,0,3,1,6,6,3,-1,-1,999,1,4,FORD PUMA,-1,-1,0,-1
2024041420821,2024,041420821,1,9,0,-1,19,1,5,-1,0,0,0,0,0,0,1,1,-1,9,1,26,6,999,1,2,FORD PUMA,6,E01025330,0,2
2024451513010,2024,451513010,1,9,0,-1,19,7,3,-1,0,0,0,0,0,0,1,9,-1,7,2,28,6,999,1,4,FORD PUMA,10,E01030463,0,2
2024201398539,2024,201398539,1,9,0,-1,19,3,7,-1,0,1,2,10,0,0,1,9,-1,9,2,35,6,999,8,1,FORD PUMA,2,E01009988,0,1
2024052401351,2024,052401351,2,9,0,18,19,5,2,0,0,8,0,0,0,0,3,1,1,1,1,26,6,999,8,0,FORD PUMA,1,E01006952,0,2
2024421503895,2024,421503895,1,9,0,-1,19,3,7,-1,0,0,0,0,0,0,1,1,-1,6,2,20,4,999,8,0,FORD PUMA,10,E01021941,0,4
2024451445640,2024,451445640,1,9,0,-1,19,4,8,-1,0,0,1,0,1,2,1,1,-1,9,1,22,5,999,1,4,FORD PUMA,9,E01030413,0,1
2024211529301,2024,211529301,1,9,0,-1,1,1,5,-1,0,0,0,0,0,0,2,1,-1,6,2,67,10,999,1,1,FORD PUMA,6,E01029789,0,1
2024010525511,2024,010525511,1,9,0,99,99,9,9,99,99,0,9,99,9,99,0,9,6,6,2,64,9,999,8,1,FORD PUMA,7,E01002381,0,1
2024010535737,2024,010535737,2,9,0,4,4,8,4,0,0,1,0,0,0,0,1,1,6,6,3,-1,-1,999,8,0,FORD PUMA,-1,-1,0,-1
2024421525649,2024,421525649,3,9,0,-1,3,1,5,-1,99,4,0,0,0,0,2,1,-1,2,2,53,8,999,8,1,FORD PUMA,7,E01015964,0,1
2024340NN0372,2024,340NN0372,2,9,0,-1,2,0,0,-1,0,2,0,0,0,0,2,1,-1,6,2,79,11,999,1,2,FORD PUMA,9,E01027080,0,1
2024411452912,2024,411452912,3,9,0,-1,19,5,1,-1,0,0,0,0,0,0,2,1,-1,9,2,32,6,999,1,4,FORD PUMA,5,E01027302,0,4
2024440187704,2024,440187704,2,9,0,5,5,6,2,0,0,6,0,0,0,0,1,1,6,6,1,68,10,999,1,2,FORD PUMA,5,E01017095,0,1
2024231471000,2024,231471000,2,9,0,-1,2,0,0,-1,0,0,0,0,1,0,2,9,-1,9,2,33,6,999,1,3,FORD PUMA,2,E01031173,0,1
2024361403184,2024,361403184,2,9,0,-1,19,5,1,-1,0,1,0,0,0,0,1,9,-1,9,2,66,10,999,8,1,FORD PUMA,6,E01026462,0,4
2024421481362,2024,421481362,2,9,0,-1,3,5,3,-1,0,1,0,0,0,0,3,9,-1,6,2,49,8,999,1,3,FORD PUMA,6,E01035156,0,1
2024201413501,2024,201413501,1,9,0,-1,5,5,1,-1,0,8,0,0,0,0,3,9,-1,6,1,55,8,999,1,1,FORD PUMA,1,E01009233,0,1
2024010525881,2024,010525881,1,9,0,16,19,7,3,0,0,1,0,0,0,0,4,1,2,2,1,50,8,1496,1,1,FORD PUMA,6,E01033785,0,2
2024522402791,2024,522402791,2,9,0,4,4,5,1,0,0,2,0,0,0,0,1,1,6,6,1,69,10,999,8,0,FORD PUMA,4,E01014991,0,3
2024211508595,2024,211508595,2,9,0,-1,5,7,3,-1,0,0,0,0,0,0,4,1,-1,6,1,68,10,999,1,3,FORD PUMA,6,E01029832,0,1
2024622400532,2024,622400532,2,9,0,18,19,6,2,0,0,4,0,0,0,0,1,1,6,6,2,34,6,1496,1,4,FORD PUMA,4,W01000950,0,1
2024991403556,2024,991403556,2,9,0,-1,3,6,2,-1,0,2,0,0,0,0,2,1,-1,6,1,63,9,999,1,3,FORD PUMA,5,-1,0,1
2024070167171,2024,070167171,3,9,0,18,19,7,3,0,0,3,0,0,0,0,1,1,6,6,2,-1,-1,999,1,2,FORD PUMA,-1,-1,0,-1
2024302400847,2024,302400847,2,9,0,2,2,0,0,0,0,2,0,0,0,0,1,1,6,6,1,35,6,999,1,4,FORD PUMA,10,E01019473,0,1
2024201496314,2024,201496314,2,9,0,-1,3,1,6,-1,0,8,0,0,0,0,2,1,-1,6,1,41,7,999,1,1,FORD PUMA,2,E01008953,0,2
2024211470066,2024,211470066,1,9,0,-1,2,1,1,-1,0,0,0,0,0,0,4,1,-1,9,2,28,6,999,1,4,FORD PUMA,7,E01029764,0,1
2024991455020,2024,991455020,1,9,0,-1,19,6,2,-1,0,0,0,0,0,0,1,1,-1,9,1,44,7,999,8,0,FORD PUMA,4,-1,0,2
2024221518873,2024,221518873,2,9,0,-1,19,8,6,-1,0,0,0,0,0,0,1,1,-1,6,1,64,9,999,1,2,FORD PUMA,2,E01014042,0,2
202417M110524,2024,17M110524,1,9,0,-1,3,8,4,-1,0,1,0,0,0,0,2,1,-1,9,2,46,8,999,1,3,FORD PUMA,1,E01012082,0,1
2024622400826,2024,622400826,2,9,0,4,4,2,6,0,0,0,0,0,0,0,2,1,6,6,2,59,9,999,8,0,FORD PUMA,5,W01001817,0,1
2024440237829,2024,440237829,1,9,0,18,19,8,4,0,0,1,0,0,7,9,4,1,6,6,2,59,9,999,8,1,FORD PUMA,9,E01023059,0,1
2024211528282,2024,211528282,2,9,0,-1,19,5,1,-1,0,0,0,0,0,0,1,1,-1,6,1,66,10,999,1,1,FORD PUMA,8,E01029706,0,4
2024061528704,2024,061528704,1,9,0,-1,9,0,0,-1,0,6,0,0,0,0,1,1,-1,6,2,58,9,999,8,1,FORD PUMA,1,E01005709,0,1
2024471434573,2024,471434573,1,9,0,-1,19,7,3,-1,0,0,0,0,0,0,1,1,-1,9,2,57,9,999,1,4,FORD PUMA,8,E01031422,0,4
2024991493665,2024,991493665,1,9,0,-1,5,4,8,-1,-1,0,0,0,0,0,3,1,-1,6,1,24,5,999,1,2,FORD PUMA,-1,-1,0,-1
2024061414684,2024,061414684,1,9,0,-1,5,7,3,-1,9,0,0,4,0,0,1,1,-1,9,2,78,11,999,8,0,FORD PUMA,6,E01006227,0,1
2024010538094,2024,010538094,1,9,0,18,19,3,7,0,0,0,0,0,0,0,1,1,6,6,1,22,5,999,1,3,FORD PUMA,8,E01000655,0,2
2024421501767,2024,421501767,3,9,0,-1,3,4,7,-1,0,1,0,0,0,0,2,1,-1,6,1,55,8,1496,1,0,FORD PUMA,6,E01035156,0,3
2024010528512,2024,010528512,1,9,0,3,3,5,1,0,0,1,0,0,0,0,2,1,6,6,2,24,5,999,1,2,FORD PUMA,8,E01002273,0,1
2024320039702,2024,320039702,2,9,0,2,2,0,0,0,0,0,0,0,0,0,2,1,6,6,3,-1,-1,999,8,1,FORD PUMA,-1,-1,0,-1
2024101493950,2024,101493950,1,9,0,-1,5,5,1,-1,0,0,0,0,0,0,3,1,-1,6,1,59,9,999,8,0,FORD PUMA,4,E01008715,0,2
2024411538462,2024,411538462,1,9,0,-1,14,1,5,-1,0,0,0,0,0,0,1,1,-1,9,2,59,9,999,1,2,FORD PUMA,2,E01023920,0,1
2024320354968,2024,320354968,2,9,0,-1,-1,4,8,0,0,8,0,0,0,0,4,1,6,6,1,63,9,999,1,3,FORD PUMA,9,E01026346,0,2
2024070851186,2024,070851186,1,9,0,-1,19,7,3,-1,0,8,0,0,0,0,4,1,-1,9,1,50,8,999,1,3,FORD PUMA,9,E01018473,0,1
2024010522459,2024,010522459,2,9,0,5,5,5,1,0,0,1,0,0,0,0,3,1,6,6,3,-1,-1,999,8,1,FORD PUMA,-1,-1,0,-1
2024131505612,2024,131505612,1,9,0,-1,19,7,3,-1,0,8,5,0,0,0,4,1,-1,9,2,44,7,999,1,2,FORD PUMA,8,E01010683,0,2
2024201457549,2024,201457549,1,9,0,-1,19,2,6,-1,0,0,0,0,0,0,1,9,-1,6,1,-1,-1,999,1,2,FORD PUMA,-1,-1,0,-1
2024471478304,2024,471478304,2,9,0,-1,19,4,6,-1,0,8,0,0,0,0,1,1,-1,9,1,57,9,999,1,2,FORD PUMA,10,E01016940,0,4
2024471483499,2024,471483499,2,9,0,-1,9,1,7,-1,0,2,0,0,0,0,1,1,-1,6,1,49,8,999,8,0,FORD PUMA,6,E01031831,0,1
2024031505605,2024,031505605,5,9,0,-1,3,3,7,-1,0,0,0,0,0,0,2,1,-1,9,2,49,8,999,8,1,FORD PUMA,5,E01019082,0,4
2024201549758,2024,201549758,2,9,0,-1,7,1,7,-1,0,1,0,0,0,0,3,9,-1,6,2,40,7,999,1,1,FORD PUMA,4,E01009228,0,2
2024302401643,2024,302401643,1,9,0,9,9,2,1,0,0,8,0,0,0,0,1,1,6,6,2,70,10,999,1,2,FORD PUMA,8,E01013546,0,1
2024010523593,2024,010523593,2,9,0,9,9,3,1,0,0,6,0,0,0,0,1,1,6,6,2,45,7,999,8,0,FORD PUMA,1,E01001483,0,1
2024101401066,2024,101401066,1,9,0,-1,19,3,7,-1,0,0,0,0,0,0,2,1,-1,9,1,40,7,999,1,3,FORD PUMA,2,E01020602,0,3
2024010515964,2024,010515964,1,9,0,99,99,9,9,99,99,9,9,99,9,99,2,9,6,6,2,58,9,999,1,2,FORD PUMA,4,E01004628,0,3
2024131489677,2024,131489677,1,9,0,-1,19,3,8,-1,0,0,0,0,0,0,1,1,-1,9,1,72,10,999,1,2,FORD PUMA,9,E01011568,0,1
2024421469741,2024,421469741,2,9,0,-1,4,5,2,-1,0,1,0,0,0,0,2,1,-1,9,1,85,11,999,1,3,FORD PUMA,5,E01021866,0,4
2024610025624,2024,610025624,3,9,0,13,13,3,7,0,0,0,0,0,0,0,1,1,1,1,1,31,6,999,1,4,FORD PUMA,5,E01023400,0,5
2024421457753,2024,421457753,1,9,0,-1,19,1,5,-1,0,0,1,0,0,0,1,1,-1,2,2,41,7,999,1,2,FORD PUMA,6,E01021502,0,3
2024421507073,2024,421507073,4,9,0,-1,2,0,0,-1,0,0,0,0,0,0,3,1,-1,6,1,58,9,999,8,1,FORD PUMA,2,E01021665,0,2
2024302500026,2024,302500026,2,9,0,-1,3,5,1,-1,0,1,0,0,0,0,2,1,-1,9,2,30,6,999,8,0,FORD PUMA,8,E01019609,0,1
2024010500530,2024,010500530,2,9,0,99,99,9,9,99,99,9,9,99,9,99,9,9,6,6,3,-1,-1,999,1,2,FORD PUMA,-1,-1,0,-1
2024061424802,2024,061424802,1,9,0,-1,3,-1,-1,-1,99,2,0,0,0,0,3,1,-1,2,1,27,6,1496,1,3,FORD PUMA,3,E01005505,0,1
2024211487463,2024,211487463,1,9,0,-1,9,4,1,-1,0,1,0,0,0,0,1,1,-1,1,2,52,8,999,8,1,FORD PUMA,1,E01014328,0,1
2024201458996,2024,201458996,2,9,0,-1,4,1,5,-1,0,0,0,0,0,0,2,9,-1,9,1,52,8,999,8,1,FORD PUMA,2,E01009757,0,1
2024052400629,2024,052400629,1,9,0,18,19,1,5,0,0,0,0,0,0,0,1,1,2,2,2,41,7,999,1,2,FORD PUMA,2,E01006477,0,1
2024161529808,2024,161529808,2,9,0,-1,19,7,3,-1,0,0,0,0,0,0,1,1,-1,9,2,77,11,999,8,1,FORD PUMA,6,E01013048,0,2
2024061451917,2024,061451917,3,9,0,-1,8,1,3,-1,0,2,0,0,0,0,1,1,-1,6,1,59,9,999,8,0,FORD PUMA,4,E01005994,0,1
2024411476865,2024,411476865,2,9,-1,-1,-1,-1,-1,-1,-1,-1,-1,-1,-1,0,-1,9,-1,6,2,31,6,1674,1,25,FORD PUMA,9,E01023726,0,1
2024501443885,2024,501443885,1,9,0,-1,4,2,7,-1,0,1,0,0,7,0,2,1,-1,2,2,72,10,999,1,4,FORD PUMA,6,E01015220,0,1
2024052400175,2024,052400175,1,9,0,9,9,2,8,0,0,5,0,0,0,0,4,1,2,2,3,-1,-1,999,8,1,FORD PUMA,-1,-1,0,-1
2024610010324,2024,610010324,2,9,0,12,12,4,8,0,0,7,0,0,0,0,1,1,6,6,2,51,8,999,1,3,FORD PUMA,4,W01001650,0,3
2024440149591,2024,440149591,1,9,0,18,19,2,6,0,0,1,0,0,0,0,1,1,1,1,1,31,6,999,1,4,FORD PUMA,1,E01017240,0,1
2024041508780,2024,041508780,2,9,0,-1,2,4,8,-1,0,1,0,0,0,0,3,1,-1,6,3,-1,-1,999,1,3,FORD PUMA,-1,-1,0,-1
2024440159302,2024,440159302,1,9,0,18,19,5,1,0,0,1,0,0,7,1,1,1,6,6,2,80,11,999,1,3,FORD PUMA,9,E01016634,0,3
2024101477874,2024,101477874,1,9,0,-1,19,5,1,-1,0,0,0,0,0,0,4,1,-1,9,1,66,10,999,1,3,FORD PUMA,5,E01027474,0,1
2024010517713,2024,010517713,2,9,0,18,19,3,7,0,0,1,5,10,0,0,3,1,6,6,1,23,5,999,1,2,FORD PUMA,2,E01034477,0,2
2024101491307,2024,101491307,2,9,0,-1,19,7,3,-1,0,8,0,0,0,0,4,9,-1,2,2,62,9,999,1,2,FORD PUMA,5,E01008206,0,3
2024141516300,2024,141516300,1,9,0,-1,9,4,1,-1,0,1,0,0,0,0,3,1,-1,9,2,44,7,999,8,1,FORD PUMA,2,E01007443,0,1
2024548423024,2024,548423024,1,9,0,18,19,4,8,0,0,0,0,0,0,0,1,1,6,6,1,42,7,999,8,0,FORD PUMA,-1,-1,0,-1