collision_index,collision_year,collision_ref_no,vehicle_reference,vehicle_type,towing_and_articulation,vehicle_manoeuvre_historic,vehicle_manoeuvre,vehicle_direction_from,vehicle_direction_to,vehicle_location_restricted_lane_historic,vehicle_location_restricted_lane,junction_location,skidding_and_overturning,hit_object_in_carriageway,vehicle_leaving_carriageway,hit_object_off_carriageway,first_point_of_impact,vehicle_left_hand_drive,journey_purpose_of_driver_historic,journey_purpose_of_driver,sex_of_driver,age_of_driver,age_band_of_driver,engine_capacity_cc,propulsion_code,age_of_vehicle,generic_make_model,driver_imd_decile,lsoa_of_driver,escooter_flag,driver_distance_banding
2024320407660,2024,320407660,2,9,0,-1,-1,2,6,0,0,8,0,0,0,0,1,1,6,6,2,59,9,999,1,1,FORD PUMA,5,E01019564,0,4
2024302400740,2024,302400740,2,9,0,18,19,6,2,0,0,8,2,0,7,0,4,1,6,6,1,69,10,999,8,0,FORD PUMA,7,E01019548,0,2
2024070879245,2024,070879245,1,9,0,-1,19,1,5,-1,0,8,0,0,0,0,3,1,-1,9,2,48,8,999,1,4,FORD PUMA,7,E01002827,0,5
2024010519163,2024,010519163,1,9,0,18,19,3,7,9,9,1,1,0,0,0,1,1,6,6,1,22,5,999,1,4,FORD PUMA,-1,-1,0,-1
2024622400705,2024,622400705,2,9,0,2,2,0,0,0,0,0,0,0,0,0,2,1,4,7,3,-1,-1,999,8,0,FORD PUMA,-1,-1,0,-1
2024430221031,2024,430221031,1,9,0,16,19,1,4,0,0,0,0,0,0,0,3,1,2,2,1,55,8,999,8,1,FORD PUMA,9,E01016678,0,2
2024991485929,2024,991485929,4,9,0,-1,19,1,5,-1,0,1,1,0,1,0,1,1,-1,6,2,61,9,999,8,1,FORD PUMA,8,-1,0,1
2024320558864,2024,320558864,2,9,0,-1,-1,8,4,0,0,8,0,0,0,0,3,1,-1,-1,1,29,6,999,8,1,FORD PUMA,4,E01026079,0,3
2024041413182,2024,041413182,2,9,0,-1,19,8,4,-1,0,0,1,0,0,0,1,2,-1,6,2,64,9,999,1,4,FORD PUMA,10,E01025352,0,3
2024501491283,2024,501491283,2,9,0,-1,3,5,1,-1,0,0,0,0,0,0,2,1,-1,9,1,52,8,999,8,0,FORD PUMA,8,E01019638,0,5
2024041458566,2024,041458566,1,9,0,-1,19,2,6,-1,0,2,0,0,0,0,4,1,-1,9,2,50,8,999,8,0,FORD PUMA,7,E01025096,0,2
2024421521364,2024,421521364,1,9,0,-1,2,8,4,-1,0,1,0,0,1,10,1,1,-1,1,1,45,7,1496,1,3,FORD PUMA,7,E01033720,0,4
2024052400542,2024,052400542,2,9,0,2,2,0,0,0,0,0,0,0,0,0,2,1,1,1,1,17,4,999,1,2,FORD PUMA,8,E01007279,0,1
2024622400145,2024,622400145,4,9,0,2,2,0,0,0,0,1,0,0,0,0,4,1,6,6,3,-1,-1,999,1,1,FORD PUMA,-1,-1,0,-1
2024031508325,2024,031508325,1,9,0,-1,9,3,4,-1,0,1,0,0,0,0,2,1,-1,2,2,29,6,999,1,1,FORD PUMA,3,E01019126,0,1
2024421493509,2024,421493509,1,9,0,-1,19,1,5,-1,0,0,0,0,0,0,1,1,-1,2,2,50,8,999,1,3,FORD PUMA,6,E01021884,0,2
2024010508943,2024,010508943,2,9,0,99,99,9,9,99,99,9,9,99,9,99,9,9,6,6,3,-1,-1,999,8,1,FORD PUMA,-1,-1,0,-1
2024522402591,2024,522402591,1,9,0,18,19,1,5,0,0,1,0,12,0,0,1,1,6,6,1,58,9,1496,1,2,FORD PUMA,10,E01014885,0,1
2024461516993,2024,461516993,2,9,0,-1,10,5,3,-1,0,1,0,0,0,0,1,1,-1,9,1,65,9,999,8,0,FORD PUMA,1,E01024676,0,1
2024991430823,2024,991430823,1,9,0,-1,9,6,3,-1,1,3,0,10,1,0,1,1,-1,9,1,84,11,999,1,2,FORD PUMA,2,-1,0,1
2024311485859,2024,311485859,1,9,0,-1,9,1,7,-1,0,6,0,0,0,0,3,1,-1,2,2,46,8,999,8,1,FORD PUMA,7,E01027999,0,1
2024421512822,2024,421512822,2,9,0,-1,10,5,2,-1,0,1,0,0,0,0,2,1,-1,9,2,40,7,999,1,1,FORD PUMA,3,E01021977,0,1
2024440524115,2024,440524115,1,9,0,18,19,7,3,0,0,4,0,0,0,0,1,1,3,7,2,63,9,999,1,2,FORD PUMA,8,E01023076,0,1
2024631467439,2024,631467439,1,9,0,-1,19,1,6,-1,0,8,0,0,0,0,2,1,-1,6,1,38,7,999,1,1,FORD PUMA,6,E01022190,0,5
2024010536133,2024,010536133,1,9,0,5,5,7,3,0,0,1,0,0,0,0,3,1,6,6,1,27,6,999,1,2,FORD PUMA,1,E01033456,0,3
2024421475578,2024,421475578,2,9,0,-1,19,7,3,-1,0,1,0,0,0,0,1,1,-1,6,1,41,7,999,1,3,FORD PUMA,6,E01021331,0,3
2024371474177,2024,371474177,1,9,0,-1,12,6,2,-1,0,1,0,0,0,0,-1,1,-1,6,2,42,7,999,8,1,FORD PUMA,1,E01030250,0,1
2024552401155,2024,552401155,1,9,0,7,7,3,5,0,0,6,0,0,0,0,4,1,6,6,2,68,10,999,1,1,FORD PUMA,4,E01034284,0,1
2024201460629,2024,201460629,1,9,0,-1,5,1,5,-1,0,0,0,0,0,0,4,1,-1,9,1,78,11,999,1,3,FORD PUMA,1,E01010308,0,1
2024631425081,2024,631425081,2,9,0,-1,9,6,4,-1,0,5,0,0,0,0,2,1,-1,1,1,70,10,999,1,2,FORD PUMA,4,W01001229,0,4
2024320599128,2024,320599128,1,9,0,-1,-1,6,2,0,0,0,0,0,0,0,4,1,-1,-1,1,62,9,999,1,2,FORD PUMA,6,E01026058,0,1
2024320765510,2024,320765510,1,9,0,9,9,2,7,0,0,8,0,0,0,0,3,1,6,6,2,31,6,999,1,3,FORD PUMA,2,E01013477,0,4
2024421422291,2024,421422291,2,9,0,-1,19,6,2,-1,0,2,0,0,0,0,2,1,-1,9,2,27,6,999,8,1,FORD PUMA,1,E01015852,0,1
2024501448931,2024,501448931,1,9,0,-1,9,3,1,-1,0,8,0,0,0,0,1,1,-1,2,1,19,4,999,8,1,FORD PUMA,8,E01019915,0,1
2024010534554,2024,010534554,1,9,0,9,9,3,2,0,0,5,0,0,0,0,1,1,6,6,1,38,7,999,8,1,FORD PUMA,8,E01002391,0,1
2024631479911,2024,631479911,1,9,0,-1,6,7,7,-1,0,0,0,0,0,0,1,1,-1,6,2,60,9,999,8,0,FORD PUMA,3,W01000657,0,1
2024411501472,2024,411501472,2,9,0,-1,7,6,8,-1,0,8,0,0,0,0,1,1,-1,6,1,28,6,999,8,0,FORD PUMA,10,E01023459,0,1
2024010551463,2024,010551463,1,9,0,-1,-1,5,1,0,0,0,0,4,0,0,4,1,2,2,2,47,8,999,1,1,FORD PUMA,3,E01000082,0,1
2024010515003,2024,010515003,1,9,0,18,19,1,5,0,0,2,0,0,0,0,0,1,6,6,2,43,7,999,1,1,FORD PUMA,8,E01030613,0,3
2024351445605,2024,351445605,2,9,0,-1,19,1,5,-1,0,0,0,0,1,0,1,1,-1,6,1,69,10,999,1,2,FORD PUMA,10,E01030560,0,5
2024421517571,2024,421517571,2,9,0,-1,19,5,8,-1,0,0,0,12,0,0,1,1,-1,6,2,28,6,999,8,1,FORD PUMA,9,E01022081,0,3
2024052400329,2024,052400329,2,9,0,18,19,5,1,0,0,1,0,0,0,0,3,1,6,6,2,41,7,999,8,1,FORD PUMA,1,E01006736,0,1
2024052401457,2024,052401457,2,9,0,18,19,2,6,0,0,1,0,0,0,0,1,1,3,7,2,44,7,999,8,0,FORD PUMA,1,E01006642,0,1
202454C068524,2024,54C068524,1,9,0,18,19,1,5,0,0,0,0,0,0,0,1,1,6,6,1,43,7,999,1,1,FORD PUMA,10,E01028572,0,4
2024070020891,2024,070020891,2,9,0,7,7,8,4,0,0,1,0,0,1,0,3,1,1,1,1,40,7,999,1,2,FORD PUMA,1,E01018522,0,3
2024351525448,2024,351525448,3,9,0,-1,3,7,3,-1,0,0,0,0,0,0,0,1,-1,6,1,49,8,999,8,0,FORD PUMA,4,E01015669,0,1
2024622400401,2024,622400401,2,9,0,9,9,5,2,0,0,0,0,0,0,0,3,1,6,6,2,37,7,999,1,2,FORD PUMA,2,W01000790,0,1
2024461496593,2024,461496593,1,9,-1,-1,19,8,4,-1,0,8,0,0,0,0,1,9,-1,6,1,34,6,999,1,2,FORD PUMA,1,E01016017,0,1
2024451412360,2024,451412360,2,9,0,-1,9,3,7,-1,0,6,0,0,0,0,1,2,-1,7,2,39,7,999,1,4,FORD PUMA,4,E01034287,0,1
2024041401036,2024,041401036,1,9,0,-1,19,1,5,-1,0,0,1,0,1,4,1,1,-1,2,2,23,5,999,1,4,FORD PUMA,8,E01025347,0,3
2024421394227,2024,421394227,2,9,0,-1,4,5,1,-1,0,4,0,0,0,0,2,1,-1,9,2,48,8,999,1,2,FORD PUMA,-1,-1,0,-1
2024421400113,2024,421400113,2,9,0,-1,19,6,3,-1,0,0,0,0,0,0,2,1,-1,6,1,62,9,999,8,1,FORD PUMA,7,E01021910,0,2
2024201473803,2024,201473803,2,9,0,-1,10,6,3,-1,0,1,0,0,0,0,2,1,-1,1,2,37,7,999,1,1,FORD PUMA,5,E01009312,0,1
2024440525144,2024,440525144,2,9,0,18,19,5,3,0,0,1,0,0,1,1,1,1,6,6,2,43,7,999,8,1,FORD PUMA,3,E01017195,0,3
2024221461954,2024,221461954,4,9,0,-1,19,6,2,-1,0,0,0,0,1,0,3,1,-1,9,1,37,7,999,8,1,FORD PUMA,9,E01032347,0,2
2024631532984,2024,631532984,2,9,0,-1,19,4,8,-1,0,0,0,0,0,0,1,1,-1,9,1,76,11,999,8,1,FORD PUMA,5,W01000461,0,2
2024221449069,2024,221449069,2,9,0,-1,19,1,4,-1,0,0,0,0,0,0,1,1,-1,2,2,20,4,999,1,4,FORD PUMA,10,E01010205,0,4
2024070963469,2024,070963469,1,9,0,-1,19,1,5,-1,0,6,0,0,0,0,1,1,-1,9,1,77,11,999,1,3,FORD PUMA,10,E01018642,0,3
2024421435657,2024,421435657,3,9,0,-1,19,3,7,-1,0,0,0,0,0,0,2,9,-1,6,1,60,9,999,8,1,FORD PUMA,-1,-1,0,-1
2024332400093,2024,332400093,1,9,0,-1,19,6,2,-1,0,1,5,0,0,0,1,1,-1,9,1,90,11,999,8,1,FORD PUMA,10,E01013803,0,1
2024461514356,2024,461514356,2,9,0,-1,19,1,5,-1,0,0,0,0,0,0,2,1,-1,6,1,74,10,999,8,0,FORD PUMA,8,E01024409,0,2
2024201526947,2024,201526947,1,9,0,-1,19,7,1,-1,0,8,0,0,0,0,1,1,-1,6,2,28,6,999,8,0,FORD PUMA,5,E01009042,0,2
2024070131065,2024,070131065,1,9,0,9,9,3,2,0,0,6,0,0,0,0,3,1,6,6,1,-1,-1,999,8,1,FORD PUMA,3,E01018729,0,2
2024302400882,2024,302400882,2,9,0,2,2,0,0,0,0,0,0,0,0,0,1,1,6,6,3,-1,-1,999,1,4,FORD PUMA,-1,-1,0,-1
2024991397752,2024,991397752,1,9,0,-1,19,2,6,-1,0,1,0,0,0,0,1,1,-1,9,2,35,6,999,1,2,FORD PUMA,6,-1,0,1
2024010502912,2024,010502912,1,9,0,99,99,9,9,99,99,0,9,99,9,99,2,9,6,6,2,43,7,999,8,0,FORD PUMA,1,E01002093,0,2
2024991508216,2024,991508216,1,9,0,-1,19,4,8,-1,0,0,0,0,0,0,1,1,-1,2,1,63,9,999,8,1,FORD PUMA,1,-1,0,4
2024991499062,2024,991499062,1,9,0,-1,19,6,2,-1,0,0,0,0,0,0,2,1,-1,1,2,57,9,999,1,2,FORD PUMA,1,-1,0,1
2024231524392,2024,231524392,2,9,0,-1,19,1,8,-1,0,0,0,0,0,0,4,1,-1,6,2,37,7,999,8,1,FORD PUMA,8,E01035018,0,1
2024010547314,2024,010547314,1,9,0,10,10,5,2,0,0,1,0,0,0,0,2,1,6,6,2,61,9,999,8,1,FORD PUMA,5,E01024728,0,4
2024031478523,2024,031478523,2,9,0,-1,4,6,2,-1,0,0,0,0,0,0,2,1,-1,2,1,33,6,999,8,0,FORD PUMA,5,E01019201,0,3
2024991417136,2024,991417136,1,9,0,-1,19,8,4,-1,0,8,0,0,0,0,1,1,-1,9,2,57,9,999,8,0,FORD PUMA,2,-1,0,2
2024070597950,2024,070597950,2,9,0,5,5,5,1,0,0,8,0,0,0,0,1,1,4,7,2,24,5,999,1,2,FORD PUMA,8,E01012499,0,1
2024010526130,2024,010526130,1,9,0,4,4,3,7,0,0,0,0,0,0,0,2,1,6,6,2,30,6,999,1,4,FORD PUMA,5,E01002330,0,1
2024430080887,2024,430080887,2,9,0,9,9,8,4,0,0,5,0,0,0,0,2,1,6,6,2,76,11,1596,1,22,FORD PUMA,8,E01028422,0,1
2024131474957,2024,131474957,1,9,0,-1,19,7,7,-1,0,0,0,0,0,0,3,1,-1,9,2,52,8,999,1,4,FORD PUMA,3,E01011037,0,1
2024361460554,2024,361460554,2,9,0,-1,5,6,3,-1,0,4,0,0,0,0,3,1,-1,9,2,66,10,999,1,4,FORD PUMA,6,E01026922,0,1
2024320583428,2024,320583428,2,9,0,-1,-1,4,2,0,0,8,0,0,0,0,1,1,-1,-1,1,64,9,999,8,1,FORD PUMA,4,E01009177,0,5
2024471458066,2024,471458066,1,9,0,-1,9,5,3,-1,0,6,0,0,0,0,1,1,-1,9,2,69,10,999,1,2,FORD PUMA,3,E01031609,0,1
2024421469883,2024,421469883,2,9,0,-1,5,7,5,-1,0,1,0,0,0,0,4,1,-1,9,2,59,9,999,8,1,FORD PUMA,8,E01015823,0,1
2024201475880,2024,201475880,2,9,0,-1,19,4,8,-1,0,8,0,0,0,0,4,1,-1,9,2,26,6,999,1,4,FORD PUMA,3,E01009760,0,1
2024461493176,2024,461493176,1,9,0,-1,19,2,6,-1,9,0,0,4,0,0,1,1,-1,2,2,36,7,999,8,0,FORD PUMA,-1,-1,0,-1
2024440165927,2024,440165927,1,9,0,9,9,4,2,0,0,8,0,0,1,0,1,1,6,6,2,68,10,999,1,1,FORD PUMA,6,E01017256,0,1
2024010522806,2024,010522806,1,9,0,99,99,9,9,0,0,0,0,0,0,0,9,1,6,6,3,-1,-1,999,8,1,FORD PUMA,-1,-1,0,-1
2024211538173,2024,211538173,1,9,0,-1,5,5,4,-1,0,6,0,11,0,0,1,9,-1,9,1,64,9,999,8,1,FORD PUMA,3,E01029850,0,1
202460Q080241,2024,60Q080241,1,9,0,18,19,7,3,0,0,0,0,0,1,0,1,1,1,1,1,30,6,999,1,1,FORD PUMA,-1,-1,0,-1
2024010535824,2024,010535824,2,9,0,6,6,5,5,0,0,1,0,0,0,0,0,1,6,6,1,42,7,1496,1,1,FORD PUMA,2,E01002032,0,1
2024111498589,2024,111498589,2,9,0,-1,19,5,1,-1,0,0,0,0,0,0,2,1,-1,6,2,64,9,999,1,4,FORD PUMA,7,E01033482,0,2
2024010531844,2024,010531844,1,9,0,7,7,7,2,0,0,1,0,0,0,0,0,1,1,1,1,42,7,999,1,3,FORD PUMA,2,E01002856,0,2
2024131448991,2024,131448991,1,9,0,-1,19,2,6,-1,0,7,0,0,0,0,1,1,-1,6,2,77,11,999,8,0,FORD PUMA,1,E01011620,0,1
2024430084334,2024,430084334,1,9,0,18,19,1,5,0,0,8,0,0,0,0,1,1,6,6,2,57,9,999,1,4,FORD PUMA,9,E01035761,0,1
2024061425743,2024,061425743,2,9,-1,-1,-1,-1,-1,-1,-1,0,-1,-1,-1,0,-1,9,-1,6,3,33,6,999,1,2,FORD PUMA,4,E01005673,0,1
2024471484617,2024,471484617,2,9,0,-1,4,3,7,-1,0,1,0,0,0,0,2,1,-1,9,1,71,10,999,1,4,FORD PUMA,8,E01031651,0,4
2024231489642,2024,231489642,3,9,0,-1,10,2,8,-1,0,1,0,0,0,0,4,1,-1,2,1,43,7,999,8,0,FORD PUMA,1,E01035017,0,1
2024371431791,2024,371431791,2,9,0,-1,19,1,5,-1,0,0,0,0,0,0,3,1,-1,9,1,50,8,999,1,2,FORD PUMA,5,E01029884,0,1
2024421471776,2024,421471776,1,9,0,-1,19,6,2,-1,0,0,0,0,0,0,4,1,-1,2,1,57,9,999,8,1,FORD PUMA,7,E01015969,0,1
2024501517426,2024,501517426,1,9,0,-1,5,7,4,-1,0,8,0,0,0,0,1,1,-1,9,2,37,7,999,1,2,FORD PUMA,9,E01020270,0,1
2024302400273,2024,302400273,1,9,0,17,19,8,6,0,0,0,1,0,1,0,1,1,6,6,1,56,9,999,1,2,FORD PUMA,4,E01013967,0,4
2024421396134,2024,421396134,1,9,0,-1,19,1,5,-1,0,0,0,0,0,0,1,1,-1,9,2,31,6,999,1,4,FORD PUMA,1,E01022026,0,2
2024071005844,2024,071005844,2,9,0,-1,19,7,3,-1,0,0,0,0,0,0,1,1,-1,9,2,62,9,1496,1,3,FORD PUMA,3,E01006855,0,3
2024991510665,2024,991510665,1,9,0,-1,19,5,7,-1,-1,0,1,0,1,4,1,1,-1,9,1,78,11,999,8,1,FORD PUMA,-1,-1,0,-1
2024061481675,2024,061481675,1,9,0,-1,9,1,7,-1,0,0,0,0,0,0,1,9,-1,6,3,-1,-1,999,8,0,FORD PUMA,-1,-1,0,-1
202417L302024,2024,17L302024,2,9,0,4,4,4,8,0,0,0,0,0,0,0,2,1,6,6,1,71,10,999,8,0,FORD PUMA,9,E01012180,0,1
2024371429689,2024,371429689,2,9,0,-1,4,5,1,-1,0,0,0,0,0,0,2,1,-1,9,1,59,9,999,1,1,FORD PUMA,9,E01030089,0,1
2024010500088,2024,010500088,2,9,0,99,99,3,1,99,99,6,9,99,9,99,9,9,6,6,3,-1,-1,999,1,2,FORD PUMA,7,E01000778,0,1
2024010519732,2024,010519732,2,9,0,18,19,1,5,0,0,1,0,0,0,0,1,1,6,6,1,32,6,999,1,3,FORD PUMA,2,E01015976,0,3
2024361454867,2024,361454867,1,9,0,-1,5,7,5,-1,0,6,0,0,0,0,4,1,-1,9,2,64,9,999,8,0,FORD PUMA,5,E01026430,0,4
2024161461604,2024,161461604,1,9,0,-1,5,1,5,-1,0,8,0,0,0,0,1,1,-1,9,1,77,11,999,8,0,FORD PUMA,2,E01012821,0,3
2024311436729,2024,311436729,2,9,0,-1,19,3,7,-1,0,2,0,0,0,0,2,2,-1,6,2,67,10,999,1,4,FORD PUMA,3,E01028103,0,1
2024991479565,2024,991479565,1,9,0,-1,7,2,4,-1,0,8,0,0,0,0,3,1,-1,9,2,46,8,999,1,3,FORD PUMA,9,-1,0,1
2024351512982,2024,351512982,2,9,0,-1,19,1,5,-1,0,8,0,0,0,0,1,1,-1,6,1,62,9,999,1,1,FORD PUMA,8,E01018148,0,3
2024111421653,2024,111421653,1,9,0,-1,19,6,2,-1,0,0,0,0,0,0,1,1,-1,9,1,61,9,999,1,4,FORD PUMA,3,E01020638,0,2
2024302401625,2024,302401625,1,9,0,3,3,8,3,0,0,1,0,0,0,0,2,1,6,6,1,47,8,999,1,2,FORD PUMA,6,E01028003,0,3
2024471528888,2024,471528888,1,9,0,-1,9,5,1,-1,0,6,0,0,0,0,1,1,-1,9,2,73,10,999,1,1,FORD PUMA,5,E01031832,0,3
2024991482296,2024,991482296,1,9,0,-1,9,6,4,-1,0,2,0,0,0,0,1,1,-1,2,2,23,5,1496,1,4,FORD PUMA,2,-1,0,2
2024311400061,2024,311400061,2,9,0,-1,10,2,6,-1,0,1,0,10,7,0,2,1,-1,6,1,57,9,999,8,1,FORD PUMA,1,E01013885,0,1
2024320030065,2024,320030065,4,9,0,4,4,8,4,0,0,0,5,0,0,0,2,1,-1,-1,2,19,4,999,1,2,FORD PUMA,9,E01034696,0,4
2024471496597,2024,471496597,2,9,0,-1,19,3,7,-1,0,1,0,0,0,0,1,1,-1,1,1,36,7,999,1,3,FORD PUMA,6,E01016994,0,4
2024010547849,2024,010547849,1,9,0,99,99,9,9,99,99,9,9,99,9,99,9,9,6,6,3,-1,-1,999,8,0,FORD PUMA,-1,-1,0,-1
2024320144618,2024,320144618,4,9,0,-1,-1,3,7,0,0,1,0,0,0,0,3,1,6,6,1,25,5,1496,1,1,FORD PUMA,5,E01019669,0,5
2024440344545,2024,440344545,1,9,0,18,19,7,3,0,0,1,0,0,0,10,1,1,6,6,1,91,11,999,1,3,FORD PUMA,5,E01017321,0,1
2024440290910,2024,440290910,2,9,0,18,19,8,4,0,0,0,0,0,0,0,1,1,6,6,1,23,5,999,1,1,FORD PUMA,9,E01023004,0,2
2024131500898,2024,131500898,1,9,0,-1,19,5,1,-1,0,0,0,0,0,0,3,1,-1,9,2,51,8,999,1,4,FORD PUMA,1,E01010583,0,1
2024311418268,2024,311418268,1,9,0,-1,19,5,1,-1,0,1,0,0,0,0,3,1,-1,9,2,49,8,999,1,4,FORD PUMA,-1,-1,0,-1
2024991492476,2024,991492476,1,9,0,-1,12,2,6,-1,0,0,0,0,0,0,3,1,-1,6,1,44,7,999,1,2,FORD PUMA,5,-1,0,4
2024421526756,2024,421526756,2,9,0,-1,19,-1,-1,-1,0,0,0,0,0,0,2,1,-1,6,2,37,7,999,1,3,FORD PUMA,5,E01021678,0,4
2024070900087,2024,070900087,1,9,0,-1,9,3,7,-1,0,1,0,0,0,0,1,1,-1,2,1,48,8,1496,1,0,FORD PUMA,3,E01018747,0,1
2024070398330,2024,070398330,2,9,0,5,5,1,5,0,0,4,0,0,1,2,3,1,6,6,2,19,4,999,1,4,FORD PUMA,4,E01018447,0,1
2024461482055,2024,461482055,1,9,0,-1,19,4,2,-1,0,0,0,0,0,0,1,9,-1,6,1,33,6,999,1,4,FORD PUMA,3,E01001692,0,3
2024211522844,2024,211522844,2,9,-1,-1,-1,-1,-1,-1,-1,-1,-1,-1,-1,0,-1,9,-1,6,1,63,9,999,8,1,FORD PUMA,6,E01019871,0,1
2024332400900,2024,332400900,1,9,0,-1,9,4,2,-1,0,5,0,0,0,0,3,1,-1,9,1,69,10,999,1,4,FORD PUMA,9,E01032601,0,1
2024052400802,2024,052400802,1,9,0,18,19,8,4,0,0,8,0,0,0,0,1,1,6,6,1,39,7,999,8,0,FORD PUMA,1,E01006961,0,1
202454B745424,2024,54B745424,1,9,0,4,4,5,1,0,0,1,0,0,0,0,1,1,6,6,1,31,6,999,1,3,FORD PUMA,5,E01034554,0,4
2024421519812,2024,421519812,3,9,0,-1,19,1,5,-1,0,0,0,0,0,0,1,1,-1,9,2,58,9,999,1,1,FORD PUMA,10,E01021237,0,2
2024631462338,2024,631462338,1,9,0,-1,9,2,8,-1,0,6,0,0,0,0,0,1,-1,6,3,-1,-1,999,8,0,FORD PUMA,-1,-1,0,-1
2024070081529,2024,070081529,1,9,0,18,19,4,8,0,0,1,0,0,0,0,1,1,6,6,1,-1,-1,999,8,1,FORD PUMA,-1,-1,0,-1
2024221510649,2024,221510649,1,9,0,-1,19,6,1,-1,0,4,0,0,0,0,1,1,-1,1,2,64,9,999,8,0,FORD PUMA,2,E01010477,0,4
2024052401746,2024,052401746,2,9,0,18,19,7,3,0,0,0,0,4,0,0,1,1,6,6,1,24,5,999,8,1,FORD PUMA,1,E01006873,0,2
2024010539719,2024,010539719,1,9,0,9,9,5,3,0,0,1,0,0,0,0,0,1,3,7,1,37,7,999,1,2,FORD PUMA,3,E01034608,0,2
2024991501074,2024,991501074,2,9,0,-1,10,7,4,-1,0,2,0,0,0,0,1,1,-1,7,2,31,6,999,1,1,FORD PUMA,-1,-1,0,-1
2024311447184,2024,311447184,1,9,0,-1,19,1,5,-1,0,2,0,0,0,0,1,1,-1,6,2,85,11,999,1,2,FORD PUMA,10,E01028408,0,3
2024332400926,2024,332400926,1,9,0,-1,5,2,6,-1,0,0,0,0,0,0,2,1,-1,6,1,19,4,999,1,2,FORD PUMA,6,E01025704,0,1
2024552400820,2024,552400820,3,9,0,2,2,0,0,0,0,1,0,0,0,0,1,1,6,6,3,-1,-1,999,1,1,FORD PUMA,-1,-1,0,-1
2024211491380,2024,211491380,2,9,-1,-1,-1,-1,-1,-1,-1,-1,-1,-1,-1,0,-1,9,-1,2,2,41,7,999,1,4,FORD PUMA,-1,-1,0,-1
2024302401248,2024,302401248,1,9,0,18,19,6,2,0,0,1,0,0,0,0,1,1,6,6,2,44,7,999,1,2,FORD PUMA,6,E01019451,0,1
2024041439197,2024,041439197,2,9,0,-1,4,1,5,-1,0,1,0,0,0,0,3,1,-1,9,2,50,8,999,8,0,FORD PUMA,2,E01010983,0,3
2024440549647,2024,440549647,1,9,0,5,5,1,7,0,0,6,0,0,0,0,1,1,6,6,2,61,9,999,1,1,FORD PUMA,2,E01022819,0,1
2024421526519,2024,421526519,2,9,0,-1,5,7,3,-1,0,0,0,0,0,0,2,1,-1,6,2,59,9,999,1,3,FORD PUMA,8,E01015960,0,3
2024471480961,2024,471480961,2,9,0,-1,10,3,7,-1,0,1,0,0,0,0,2,1,-1,9,1,41,7,999,1,1,FORD PUMA,7,E01034829,0,1
2024141502596,2024,141502596,2,9,0,-1,19,2,7,-1,0,2,0,0,0,0,3,1,-1,9,1,65,9,999,1,3,FORD PUMA,4,E01031047,0,4
2024991510296,2024,991510296,2,9,0,-1,2,8,7,-1,0,0,1,0,0,0,1,1,-1,6,-1,-1,-1,999,1,2,FORD PUMA,-1,-1,0,-1
2024161480364,2024,161480364,1,9,0,-1,2,0,0,-1,0,0,0,0,0,0,2,9,-1,6,2,39,7,999,1,4,FORD PUMA,5,E01013285,0,1
2024161517752,2024,161517752,2,9,0,-1,2,0,0,-1,0,0,0,0,0,0,2,1,-1,6,-1,-1,-1,999,8,0,FORD PUMA,-1,-1,0,-1
2024501485672,2024,501485672,1,9,0,-1,19,5,1,-1,0,0,0,11,0,0,1,1,-1,2,2,23,5,999,1,2,FORD PUMA,2,E01018911,0,1
2024141544794,2024,141544794,1,9,0,-1,5,3,7,-1,0,0,0,0,0,0,2,1,-1,9,1,46,8,999,1,1,FORD PUMA,1,E01007655,0,1
2024052401356,2024,052401356,1,9,0,18,19,4,8,0,0,0,0,0,0,0,1,1,6,6,2,20,4,999,8,1,FORD PUMA,2,E01006656,0,1
2024131475457,2024,131475457,2,9,0,-1,19,8,4,-1,0,8,0,0,0,0,3,1,-1,2,2,55,8,999,1,1,FORD PUMA,6,E01010816,0,1
2024351422835,2024,351422835,1,9,0,-1,19,3,7,-1,0,0,0,0,0,0,1,1,-1,2,1,58,9,999,8,0,FORD PUMA,6,E01030151,0,4
2024131408200,2024,131408200,2,9,0,-1,19,1,5,-1,0,8,0,0,0,0,4,1,-1,9,2,21,5,999,1,4,FORD PUMA,2,E01010717,0,1
2024052400631,2024,052400631,1,9,0,15,15,3,7,0,0,0,0,0,0,0,1,1,3,7,2,38,7,999,1,4,FORD PUMA,1,E01006642,0,1
2024501502278,2024,501502278,1,9,0,-1,14,6,2,-1,0,0,0,0,0,0,1,1,-1,9,1,38,7,1496,1,1,FORD PUMA,6,E01019928,0,1
2024991421773,2024,991421773,1,9,0,-1,19,1,5,-1,0,2,0,0,0,0,1,1,-1,9,2,24,5,999,1,2,FORD PUMA,2,-1,0,1
2024010523162,2024,010523162,1,9,0,17,19,7,3,0,0,0,1,0,0,0,1,1,6,6,2,36,7,999,1,4,FORD PUMA,-1,-1,0,-1
2024010548475,2024,010548475,1,9,0,18,19,3,7,0,0,1,0,0,0,0,2,1,6,6,1,40,7,999,8,0,FORD PUMA,6,E01003226,0,4