collision_index,collision_year,collision_ref_no,vehicle_reference,vehicle_type,towing_and_articulation,vehicle_manoeuvre_historic,vehicle_manoeuvre,vehicle_direction_from,vehicle_direction_to,vehicle_location_restricted_lane_historic,vehicle_location_restricted_lane,junction_location,skidding_and_overturning,hit_object_in_carriageway,vehicle_leaving_carriageway,hit_object_off_carriageway,first_point_of_impact,vehicle_left_hand_drive,journey_purpose_of_driver_historic,journey_purpose_of_driver,sex_of_driver,age_of_driver,age_band_of_driver,engine_capacity_cc,propulsion_code,age_of_vehicle,generic_make_model,driver_imd_decile,lsoa_of_driver,escooter_flag,driver_distance_banding
2024010549717,2024,010549717,1,9,0,9,9,1,6,0,0,5,0,0,0,0,1,1,6,6,1,64,9,1496,1,0,FORD PUMA,7,E01021827,0,3
2024430291592,2024,430291592,1,9,0,4,4,8,2,0,0,3,0,0,0,0,2,1,2,2,1,32,6,999,8,0,FORD PUMA,10,E01017636,0,3
2024340NN9062,2024,340NN9062,1,9,0,-1,19,1,5,-1,0,0,0,0,0,0,1,1,-1,6,2,32,6,999,8,1,FORD PUMA,7,E01027031,0,2
2024311506410,2024,311506410,1,9,0,-1,20,5,1,-1,0,0,0,0,0,0,4,1,-1,6,1,67,10,999,1,2,FORD PUMA,2,E01019507,0,2
2024401460428,2024,401460428,1,9,0,-1,9,1,7,-1,0,0,0,0,0,0,1,9,-1,6,3,-1,-1,999,8,1,FORD PUMA,-1,-1,0,-1
2024401471936,2024,401471936,1,9,0,-1,5,3,7,-1,0,0,0,0,0,0,1,1,-1,9,1,31,6,999,8,0,FORD PUMA,5,E01017579,0,1
2024131413985,2024,131413985,2,9,0,-1,9,3,1,-1,0,6,0,0,0,0,3,1,-1,9,1,59,9,999,1,3,FORD PUMA,3,E01011260,0,2
2024010515843,2024,010515843,2,4,0,18,19,1,5,0,0,8,0,0,0,0,1,1,6,6,1,25,5,330,1,3,HONDA SH350,4,E01002048,0,1
2024010550041,2024,010550041,1,4,0,-1,-1,7,3,0,0,1,0,0,0,0,1,1,6,6,1,30,6,330,1,2,HONDA SH350,10,E01003874,0,1
2024010513802,2024,010513802,1,3,0,99,99,9,9,99,99,9,9,99,9,99,1,1,6,6,1,31,6,330,1,3,HONDA SH350,3,E01003573,0,2
2024010544884,2024,010544884,1,4,0,14,14,5,1,0,0,1,0,0,0,0,1,1,6,6,1,37,7,330,1,3,HONDA SH350,2,E01002831,0,1
2024010541047,2024,010541047,2,4,0,-1,-1,7,3,0,0,1,0,11,2,1,4,1,1,1,1,26,6,330,1,2,HONDA SH350,5,E01001914,0,2
2024010503979,2024,010503979,1,4,0,18,19,1,5,0,0,2,0,0,0,0,1,1,6,6,1,24,5,330,1,1,HONDA SH350,3,E01015921,0,4
2024451428895,2024,451428895,1,4,0,-1,99,1,5,-1,0,1,9,99,0,0,9,1,-1,2,1,23,5,330,1,1,HONDA SH350,6,E01030665,0,1
2024010544533,2024,010544533,2,3,9,99,99,9,9,99,99,9,9,99,9,99,9,1,1,1,1,41,7,330,1,0,HONDA SH350,5,E01003700,0,3
2024010501935,2024,010501935,1,4,0,99,99,9,9,99,99,9,9,99,9,99,9,1,6,6,1,24,5,330,1,1,HONDA SH350,3,E01001448,0,2
2024010508447,2024,010508447,2,2,0,18,19,6,2,2,2,8,1,0,1,0,1,1,6,6,1,25,5,330,1,3,HONDA SH350,2,E01001507,0,2
2024010506161,2024,010506161,2,2,0,13,13,5,1,0,0,1,5,0,7,0,1,1,6,6,3,-1,-1,330,1,2,HONDA SH350,-1,-1,0,-1
2024411551678,2024,411551678,1,9,0,-1,7,2,6,-1,0,0,0,0,0,0,1,1,-1,6,1,67,10,2987,2,12,-1,7,E01023763,0,1
2024531530218,2024,531530218,1,17,4,-1,9,8,6,-1,0,8,0,0,0,0,0,1,-1,9,1,20,4,6788,2,11,JOHN DEERE 6000 SERIES,4,E01022265,0,1
2024161454261,2024,161454261,2,17,4,-1,9,6,2,-1,0,0,0,0,0,0,3,9,-1,1,2,19,4,6788,2,8,JOHN DEERE 6000 SERIES,2,E01020797,0,5
2024101553880,2024,101553880,2,17,5,-1,10,1,3,-1,0,5,0,0,0,0,2,1,-1,1,1,57,9,6788,2,2,JOHN DEERE 6000 SERIES,9,E01027379,0,1
2024070771013,2024,070771013,1,17,0,-1,19,7,3,-1,0,0,0,0,0,0,1,1,-1,1,1,79,11,-1,2,12,JOHN DEERE 6000 SERIES,-1,-1,0,-1
2024461446505,2024,461446505,1,17,0,-1,9,7,5,-1,0,0,0,0,0,0,1,1,-1,1,1,33,6,6788,2,10,JOHN DEERE 6000 SERIES,5,E01021116,0,4
2024122400401,2024,122400401,2,17,4,18,19,4,8,0,0,0,0,0,0,0,0,1,1,1,1,53,8,6788,2,1,JOHN DEERE 6000 SERIES,6,E01027790,0,3
2024041455839,2024,041455839,2,17,4,-1,5,1,5,-1,0,0,0,0,0,0,4,1,-1,1,1,24,5,6788,2,3,JOHN DEERE 6000 SERIES,10,E01025439,0,2
2024421437886,2024,421437886,2,17,0,-1,8,5,1,-1,0,1,0,0,0,0,3,9,-1,1,1,38,7,6788,2,8,JOHN DEERE 6000 SERIES,5,E01021769,0,1
2024332400831,2024,332400831,1,17,0,-1,19,4,8,-1,0,0,0,0,0,0,1,1,-1,1,1,28,6,6788,2,2,JOHN DEERE 6000 SERIES,5,E01029837,0,4
2024546961224,2024,546961224,2,17,4,18,19,5,1,0,0,0,0,0,0,0,1,1,1,1,1,20,4,6788,2,2,JOHN DEERE 6000 SERIES,6,E01032031,0,1
2024361484043,2024,361484043,3,17,5,-1,19,3,7,-1,0,0,0,0,0,0,0,1,-1,1,1,-1,-1,4525,2,10,JOHN DEERE 6000 SERIES,-1,-1,0,-1
2024501506041,2024,501506041,2,17,0,-1,9,4,1,-1,0,8,0,0,0,0,3,1,-1,1,1,16,4,-1,2,12,JOHN DEERE 6000 SERIES,4,E01018951,0,2
2024991488098,2024,991488098,1,17,4,-1,9,5,2,-1,0,8,0,0,0,0,1,1,-1,1,1,37,7,6788,2,7,JOHN DEERE 6000 SERIES,3,-1,0,2
2024501496753,2024,501496753,2,17,4,-1,19,5,1,-1,0,0,1,0,0,0,1,1,-1,1,1,21,5,6788,2,5,JOHN DEERE 6000 SERIES,5,E01020068,0,4
2024221436934,2024,221436934,3,17,4,-1,19,6,2,-1,0,0,0,0,0,0,0,9,-1,1,1,49,8,6788,2,4,JOHN DEERE 6000 SERIES,4,E01028882,0,2
2024461476258,2024,461476258,1,17,4,-1,5,5,3,-1,0,0,0,0,0,0,3,2,-1,1,2,63,9,6788,2,10,JOHN DEERE 6000 SERIES,8,E01024055,0,1
2024991504865,2024,991504865,1,17,4,-1,19,2,6,-1,0,0,0,0,0,0,0,2,-1,1,1,47,8,4524,2,0,JOHN DEERE 6000 SERIES,-1,-1,0,-1
2024070660148,2024,070660148,2,17,5,17,19,1,5,0,0,0,0,0,0,0,2,1,1,1,1,20,4,6788,2,2,JOHN DEERE 6000 SERIES,8,E01018586,0,3
2024991499366,2024,991499366,1,17,0,-1,19,5,1,-1,0,0,0,0,1,0,4,1,-1,6,1,32,6,6788,2,6,JOHN DEERE 6000 SERIES,3,-1,0,1
2024031450917,2024,031450917,2,17,4,-1,19,8,4,-1,0,1,0,0,0,0,3,1,-1,1,1,34,6,6788,2,3,JOHN DEERE 6000 SERIES,5,E01019338,0,2
2024320695072,2024,320695072,1,17,0,-1,-1,6,2,0,0,0,0,0,1,0,1,1,1,1,1,22,5,6788,2,2,JOHN DEERE 6000 SERIES,-1,-1,0,-1
202460Q014147,2024,60Q014147,2,17,4,7,7,3,5,0,0,6,0,0,0,0,3,1,1,1,1,26,6,4525,2,5,JOHN DEERE 6000 SERIES,-1,-1,0,-1
2024440513633,2024,440513633,2,17,0,18,19,2,6,0,0,1,0,0,0,0,1,1,6,6,1,20,4,6788,2,2,JOHN DEERE 6000 SERIES,10,E01023207,0,4
2024501456107,2024,501456107,2,17,5,-1,19,2,6,-1,0,0,0,0,0,0,2,1,-1,1,1,18,4,6788,2,4,JOHN DEERE 6000 SERIES,5,E01018757,0,2
2024231495685,2024,231495685,1,17,4,-1,7,8,2,-1,0,5,0,0,0,0,3,1,-1,1,1,17,4,6788,2,4,JOHN DEERE 6000 SERIES,8,E01031182,0,3
2024501441557,2024,501441557,2,17,5,-1,19,7,3,-1,0,0,0,0,0,0,3,1,-1,1,1,27,6,6788,2,7,JOHN DEERE 6000 SERIES,5,E01019938,0,2
2024041509683,2024,041509683,2,17,4,-1,19,1,6,-1,0,1,0,0,0,0,3,1,-1,1,1,18,4,6788,2,6,JOHN DEERE 6000 SERIES,8,E01024869,0,3
2024221477414,2024,221477414,1,17,4,-1,19,2,7,-1,0,0,1,0,0,0,3,9,-1,1,1,18,4,6788,2,5,JOHN DEERE 6000 SERIES,7,E01028954,0,1
2024101531528,2024,101531528,2,17,4,-1,19,1,5,-1,0,0,0,0,0,0,2,1,-1,1,1,26,6,6788,2,6,JOHN DEERE 6000 SERIES,4,E01027374,0,4
2024221520302,2024,221520302,2,17,4,-1,19,5,8,-1,0,0,0,0,0,0,0,1,-1,1,1,58,9,6788,2,3,JOHN DEERE 6000 SERIES,5,E01014050,0,3
2024461471887,2024,461471887,2,17,4,-1,19,5,1,-1,0,0,0,0,0,0,1,1,-1,1,1,25,5,6788,2,4,JOHN DEERE 6000 SERIES,4,E01024364,0,2
2024471499578,2024,471499578,2,17,0,-1,19,3,3,-1,0,0,0,0,0,0,3,1,-1,1,1,68,10,4524,2,2,JOHN DEERE 6000 SERIES,5,E01023285,0,4
2024320645997,2024,320645997,2,17,4,9,9,3,1,0,0,0,0,0,0,0,2,1,1,1,1,43,7,4524,2,2,JOHN DEERE 6000 SERIES,3,E01026041,0,3
2024221501037,2024,221501037,2,17,0,-1,9,5,3,-1,0,5,0,0,0,0,3,1,-1,1,1,45,7,6788,2,6,JOHN DEERE 6000 SERIES,6,E01032374,0,1
2024332400955,2024,332400955,2,17,0,-1,9,5,3,-1,0,5,0,0,0,0,3,1,-1,1,1,31,6,6788,2,3,JOHN DEERE 6000 SERIES,10,E01025790,0,2
2024520500135,2024,520500135,1,17,0,18,19,1,5,0,0,0,0,0,0,0,3,1,6,6,1,51,8,6788,2,3,JOHN DEERE 6000 SERIES,6,E01029052,0,2
2024320725856,2024,320725856,2,17,0,-1,-1,4,8,0,0,1,0,0,0,0,1,1,1,1,1,58,9,6788,2,6,JOHN DEERE 6000 SERIES,3,E01026017,0,1
2024122400791,2024,122400791,1,17,4,7,7,7,3,0,0,0,0,0,0,0,1,1,1,1,1,55,8,6788,2,6,JOHN DEERE 6000 SERIES,8,E01027875,0,2
2024631435582,2024,631435582,2,17,4,-1,9,6,5,-1,0,8,0,0,0,0,3,1,-1,1,1,62,9,6788,2,8,JOHN DEERE 6000 SERIES,5,W01000673,0,2
2024991483905,2024,991483905,1,5,0,-1,13,4,8,-1,0,8,2,0,7,10,1,1,-1,9,1,60,9,1441,1,5,-1,10,-1,0,5
2024471456407,2024,471456407,2,5,0,-1,19,7,3,-1,0,8,5,0,0,0,1,1,-1,9,1,61,9,1441,1,5,-1,7,E01031362,0,1
2024141448113,2024,141448113,1,9,0,-1,9,1,7,-1,0,1,0,0,0,0,3,9,-1,6,2,44,7,2997,2,3,LAND ROVER RANGE ROVER SPORT,6,E01007689,0,1
2024332400297,2024,332400297,2,9,0,-1,19,5,1,-1,0,5,0,0,0,0,4,1,-1,1,1,43,7,2997,2,3,LAND ROVER RANGE ROVER SPORT,8,E01025687,0,2
2024041516896,2024,041516896,1,9,0,-1,19,1,5,-1,0,0,0,0,0,0,4,1,-1,9,2,61,9,2993,2,5,LAND ROVER RANGE ROVER SPORT,7,E01024993,0,3
2024211431614,2024,211431614,1,9,0,-1,19,1,5,-1,0,0,0,12,0,0,1,9,-1,6,1,35,6,2720,2,16,LAND ROVER RANGE ROVER SPORT,6,E01029395,0,2
2024211487011,2024,211487011,1,9,0,-1,19,2,6,-1,2,0,0,0,1,0,1,1,-1,6,1,20,4,3628,2,14,LAND ROVER RANGE ROVER SPORT,-1,-1,0,-1
2024070761574,2024,070761574,3,9,0,-1,8,2,5,-1,0,1,0,0,0,0,1,1,-1,9,1,53,8,2993,2,14,LAND ROVER RANGE ROVER SPORT,7,E01034662,0,2
2024421521929,2024,421521929,1,9,0,-1,5,1,5,-1,0,0,0,0,0,0,4,1,-1,6,1,50,8,2993,2,5,LAND ROVER RANGE ROVER SPORT,10,E01021243,0,2
2024131461014,2024,131461014,2,9,0,-1,19,7,3,-1,0,8,0,0,0,0,4,1,-1,6,1,44,7,2993,2,4,LAND ROVER RANGE ROVER SPORT,9,E01011685,0,1
2024061451087,2024,061451087,1,9,0,-1,19,7,3,-1,0,8,0,0,0,0,1,1,-1,9,1,27,6,4999,1,6,LAND ROVER RANGE ROVER SPORT,1,E01005320,0,1
2024041441334,2024,041441334,1,9,0,-1,5,1,5,-1,0,0,0,0,0,0,1,1,-1,2,1,65,9,2993,2,10,LAND ROVER RANGE ROVER SPORT,8,E01025242,0,3
2024010538983,2024,010538983,1,9,0,18,19,6,2,0,0,0,0,0,0,0,1,1,6,6,1,20,4,4999,1,5,LAND ROVER RANGE ROVER SPORT,1,E01025396,0,5
2024311416268,2024,311416268,2,9,0,-1,19,5,1,-1,0,3,0,0,0,0,4,1,-1,6,2,47,8,2993,2,9,LAND ROVER RANGE ROVER SPORT,8,E01028010,0,1
2024010506237,2024,010506237,2,9,9,99,99,9,9,99,99,9,9,99,9,99,9,9,6,6,3,-1,-1,2993,2,8,LAND ROVER RANGE ROVER SPORT,-1,-1,0,-1
2024061419188,2024,061419188,1,9,0,-1,11,3,5,-1,0,8,0,0,0,0,2,1,-1,6,1,40,7,2993,2,7,LAND ROVER RANGE ROVER SPORT,-1,-1,0,-1
2024451518268,2024,451518268,1,9,0,-1,9,5,1,-1,0,8,0,0,0,0,1,1,-1,9,1,29,6,4999,1,14,LAND ROVER RANGE ROVER SPORT,5,E01030787,0,1
2024991485929,2024,991485929,3,9,0,-1,4,5,3,-1,0,1,0,0,0,0,2,1,-1,6,1,66,10,2993,2,6,LAND ROVER RANGE ROVER SPORT,-1,-1,0,-1
2024041470712,2024,041470712,2,9,0,-1,19,3,7,-1,0,1,0,0,0,0,1,1,-1,9,1,29,6,4999,1,5,LAND ROVER RANGE ROVER SPORT,3,E01012632,0,1
2024451460227,2024,451460227,1,9,0,-1,19,1,5,-1,9,0,0,11,3,10,1,1,-1,9,1,19,4,2993,2,11,LAND ROVER RANGE ROVER SPORT,5,E01000224,0,4
2024161417044,2024,161417044,1,9,-1,-1,9,3,1,-1,0,8,0,0,0,0,1,9,-1,6,1,42,7,2993,2,13,LAND ROVER RANGE ROVER SPORT,5,E01013236,0,1
2024010548003,2024,010548003,1,9,0,99,99,9,9,99,99,9,9,99,9,99,2,9,6,6,1,35,6,2997,2,2,LAND ROVER RANGE ROVER SPORT,9,E01021825,0,4
2024201432234,2024,201432234,2,9,0,-1,19,5,1,-1,0,0,0,0,0,0,1,1,-1,6,2,37,7,2997,2,3,LAND ROVER RANGE ROVER SPORT,2,E01009516,0,1
2024010536746,2024,010536746,2,9,0,14,14,3,7,0,0,2,0,0,0,0,1,1,6,6,3,-1,-1,1997,8,5,LAND ROVER RANGE ROVER SPORT,-1,-1,0,-1
2024010504242,2024,010504242,1,9,0,4,4,1,5,0,0,0,0,0,0,0,2,1,6,6,1,78,11,2993,2,8,LAND ROVER RANGE ROVER SPORT,8,E01023910,0,2
2024131428719,2024,131428719,1,9,0,-1,19,8,4,-1,0,2,0,0,0,0,1,2,-1,6,1,45,7,2993,2,10,LAND ROVER RANGE ROVER SPORT,1,E01011361,0,1
2024141461896,2024,141461896,2,9,0,-1,9,4,1,-1,0,8,0,0,0,0,1,9,-1,6,3,28,6,2720,2,18,LAND ROVER RANGE ROVER SPORT,-1,-1,0,-1
2024991530714,2024,991530714,1,9,0,-1,19,7,2,-1,0,1,0,0,8,3,1,1,-1,9,1,38,7,4999,1,5,LAND ROVER RANGE ROVER SPORT,8,-1,0,3
2024141505999,2024,141505999,3,9,0,-1,3,7,3,-1,0,1,0,0,0,0,1,1,-1,9,1,55,8,2720,2,18,LAND ROVER RANGE ROVER SPORT,1,E01008103,0,1
2024340NN4602,2024,340NN4602,1,9,0,-1,19,7,3,-1,0,0,2,0,0,0,4,1,-1,9,2,53,8,2993,2,7,LAND ROVER RANGE ROVER SPORT,7,E01032963,0,4
2024991400478,2024,991400478,1,9,0,-1,19,8,4,-1,0,0,0,0,0,0,1,1,-1,9,1,58,9,3628,2,17,LAND ROVER RANGE ROVER SPORT,10,-1,0,2
2024991491097,2024,991491097,5,9,0,-1,19,1,5,-1,0,0,0,0,0,0,2,1,-1,9,1,42,7,2997,2,1,LAND ROVER RANGE ROVER SPORT,7,-1,0,1
2024010515626,2024,010515626,3,9,0,18,19,1,5,0,0,1,0,0,0,0,1,1,6,6,1,46,8,2993,2,4,LAND ROVER RANGE ROVER SPORT,3,E01033781,0,5
2024101517182,2024,101517182,2,9,0,-1,1,5,1,-1,0,0,0,0,0,0,2,1,-1,9,1,64,9,2993,2,14,LAND ROVER RANGE ROVER SPORT,-1,-1,0,-1
2024302401292,2024,302401292,1,9,0,7,7,4,6,0,0,5,0,0,0,0,2,1,6,6,2,36,7,2996,1,4,LAND ROVER RANGE ROVER SPORT,4,E01019844,0,1
2024411486702,2024,411486702,1,9,0,-1,19,1,5,-1,0,0,0,0,7,0,1,1,-1,6,2,50,8,2993,2,6,LAND ROVER RANGE ROVER SPORT,10,E01023695,0,2
2024010505937,2024,010505937,1,9,0,17,19,8,4,0,0,1,0,11,0,0,1,1,2,2,1,59,9,2993,2,9,LAND ROVER RANGE ROVER SPORT,7,E01002203,0,1
2024520401897,2024,520401897,1,9,0,18,19,4,8,0,0,8,0,0,0,0,1,1,6,6,1,48,8,2996,8,1,LAND ROVER RANGE ROVER SPORT,6,E01035107,0,1
2024610009124,2024,610009124,2,9,0,18,19,5,1,0,0,8,0,0,0,0,4,1,6,6,1,25,5,4367,2,7,LAND ROVER RANGE ROVER SPORT,4,W01001665,0,1
2024320211423,2024,320211423,2,9,0,-1,-1,4,8,0,0,0,0,0,0,0,2,1,-1,-1,2,28,6,2997,2,1,LAND ROVER RANGE ROVER SPORT,9,E01026223,0,3
2024010513896,2024,010513896,1,9,0,3,3,1,5,0,0,0,0,0,0,0,1,1,6,6,1,47,8,2996,8,0,LAND ROVER RANGE ROVER SPORT,2,E01002737,0,1
2024201567475,2024,201567475,3,9,0,-1,19,6,2,-1,0,0,0,0,0,0,3,1,-1,9,1,29,6,2993,2,11,LAND ROVER RANGE ROVER SPORT,-1,-1,0,-1
2024201513159,2024,201513159,1,9,0,-1,19,8,4,-1,0,8,0,0,0,0,1,1,-1,6,1,24,5,2993,2,7,LAND ROVER RANGE ROVER SPORT,1,E01010340,0,2
2024991517000,2024,991517000,1,9,0,-1,19,4,8,-1,0,0,1,10,1,0,1,1,-1,9,1,23,5,2993,2,14,LAND ROVER RANGE ROVER SPORT,2,W01001695,0,5
2024010500164,2024,010500164,1,9,0,18,19,1,5,0,0,0,0,0,0,0,1,1,6,6,1,-1,-1,4999,1,3,LAND ROVER RANGE ROVER SPORT,-1,-1,0,-1
2024631527512,2024,631527512,2,9,0,-1,19,2,6,-1,0,0,1,6,1,11,3,1,-1,6,1,58,9,2997,2,0,LAND ROVER RANGE ROVER SPORT,7,W01000470,0,3
2024622400811,2024,622400811,1,9,0,15,15,7,3,0,0,8,0,0,0,0,1,1,6,6,1,48,8,2993,2,5,LAND ROVER RANGE ROVER SPORT,6,W01000959,0,1
2024101468380,2024,101468380,1,9,0,-1,19,8,4,-1,0,8,0,0,0,0,1,1,-1,6,1,28,6,2993,2,9,LAND ROVER RANGE ROVER SPORT,3,E01008455,0,1
2024201460913,2024,201460913,2,9,0,-1,19,4,8,-1,0,8,0,0,0,0,0,9,-1,9,1,53,8,3628,2,16,LAND ROVER RANGE ROVER SPORT,4,E01009767,0,1
2024061478552,2024,061478552,1,9,0,-1,19,1,5,-1,0,2,0,0,0,0,3,1,-1,6,1,48,8,1997,1,5,LAND ROVER RANGE ROVER SPORT,1,E01005230,0,1
2024231397603,2024,231397603,2,9,0,-1,2,0,0,-1,9,0,0,0,0,0,2,9,-1,9,2,49,8,2996,8,1,LAND ROVER RANGE ROVER SPORT,6,E01031244,0,4
2024991444732,2024,991444732,1,9,0,-1,9,5,3,-1,0,1,0,0,0,0,3,1,-1,9,2,55,8,2996,8,0,LAND ROVER RANGE ROVER SPORT,9,-1,0,2
2024631421511,2024,631421511,1,9,0,-1,5,3,7,-1,0,8,0,0,0,0,1,1,-1,6,2,46,8,2720,2,19,LAND ROVER RANGE ROVER SPORT,6,W01000477,0,1
2024052402179,2024,052402179,2,9,0,2,2,0,0,0,0,0,0,0,0,0,2,1,6,6,1,39,7,2997,2,2,LAND ROVER RANGE ROVER SPORT,6,E01006949,0,2
2024552400191,2024,552400191,2,9,0,18,19,7,3,0,0,8,0,0,0,0,4,1,6,6,1,52,8,2996,8,2,LAND ROVER RANGE ROVER SPORT,6,E01030502,0,5
2024471404449,2024,471404449,1,9,0,-1,9,3,1,-1,0,6,0,0,0,0,1,1,-1,9,1,56,9,1997,8,3,LAND ROVER RANGE ROVER SPORT,6,E01034825,0,1
2024411519149,2024,411519149,1,9,0,-1,19,3,7,-1,0,8,0,0,0,0,1,1,-1,7,2,40,7,3628,2,15,LAND ROVER RANGE ROVER SPORT,10,E01023412,0,1
2024332400166,2024,332400166,1,9,0,-1,19,1,5,-1,0,0,0,0,0,0,1,1,-1,6,1,33,6,2997,2,1,LAND ROVER RANGE ROVER SPORT,6,E01013710,0,1
2024520401748,2024,520401748,2,9,0,3,3,1,5,0,0,0,0,0,0,0,2,1,6,6,1,71,10,4999,1,2,LAND ROVER RANGE ROVER SPORT,6,W01001861,0,4
2024010542422,2024,010542422,2,9,0,99,99,9,9,99,99,9,9,99,9,99,1,9,6,6,3,-1,-1,4197,1,18,LAND ROVER RANGE ROVER SPORT,4,E01034226,0,1
2024041395418,2024,041395418,1,9,0,-1,15,1,5,-1,0,0,0,0,0,0,1,1,-1,6,1,66,10,4999,1,8,LAND ROVER RANGE ROVER SPORT,5,E01025331,0,1
2024041499663,2024,041499663,2,9,0,-1,2,0,0,-1,0,0,0,0,0,0,2,1,-1,6,-1,-1,-1,2993,2,9,LAND ROVER RANGE ROVER SPORT,-1,-1,0,-1
2024131467352,2024,131467352,1,9,0,-1,9,4,2,-1,0,8,0,0,0,0,4,1,-1,9,1,58,9,2720,2,17,LAND ROVER RANGE ROVER SPORT,6,E01011416,0,2
2024361437438,2024,361437438,2,9,0,-1,19,3,6,-1,0,1,0,0,3,10,1,1,-1,9,2,53,8,2993,2,8,LAND ROVER RANGE ROVER SPORT,5,E01026783,0,1
2024440529640,2024,440529640,2,9,0,18,19,5,1,0,0,8,0,0,0,0,1,1,6,6,2,42,7,2993,2,8,LAND ROVER RANGE ROVER SPORT,8,E01017180,0,1
2024010521014,2024,010521014,2,9,0,7,7,5,7,0,0,1,0,0,0,0,3,1,6,6,1,44,7,1997,1,5,LAND ROVER RANGE ROVER SPORT,6,E01000161,0,1
2024131444283,2024,131444283,1,9,0,-1,19,7,3,-1,0,0,0,0,0,0,4,1,-1,9,1,30,6,2720,2,18,LAND ROVER RANGE ROVER SPORT,7,E01011265,0,1
2024421466990,2024,421466990,2,9,0,-1,19,7,3,-1,0,0,0,0,0,0,1,1,-1,9,2,43,7,2996,8,0,LAND ROVER RANGE ROVER SPORT,10,E01021929,0,2
2024010489966,2024,010489966,1,9,0,6,6,7,7,0,0,1,0,0,1,0,2,1,6,6,1,37,7,2993,2,4,LAND ROVER RANGE ROVER SPORT,8,E01023312,0,2
2024461410449,2024,461410449,1,9,0,-1,19,2,6,-1,0,3,0,0,1,7,4,1,-1,6,1,23,5,3628,2,15,LAND ROVER RANGE ROVER SPORT,-1,-1,0,-1
2024010524797,2024,010524797,1,9,0,1,1,7,3,0,0,0,5,4,0,0,1,1,6,6,1,27,6,4367,2,6,LAND ROVER RANGE ROVER SPORT,4,E01004729,0,1
2024010543323,2024,010543323,2,9,0,3,3,2,6,0,0,0,0,0,0,0,1,1,6,6,1,37,7,2993,2,14,LAND ROVER RANGE ROVER SPORT,-1,-1,0,-1
2024421488595,2024,421488595,1,9,0,-1,19,3,7,-1,0,3,1,0,1,1,1,1,-1,6,1,-1,-1,4999,1,6,LAND ROVER RANGE ROVER SPORT,-1,-1,0,-1
2024421430994,2024,421430994,1,9,0,-1,4,7,3,-1,0,1,0,0,0,0,4,9,-1,9,1,37,7,4367,2,8,LAND ROVER RANGE ROVER SPORT,2,E01033122,0,4
2024522500432,2024,522500432,1,9,0,18,19,2,6,0,0,0,0,0,0,0,2,1,6,6,1,25,5,4197,1,17,LAND ROVER RANGE ROVER SPORT,4,E01014991,0,1
2024340WN5732,2024,340WN5732,2,9,0,-1,19,3,1,-1,0,8,0,0,0,0,4,1,-1,9,1,39,7,2993,2,7,LAND ROVER RANGE ROVER SPORT,9,E01027018,0,1
2024010504492,2024,010504492,1,9,0,99,99,9,9,99,99,9,9,99,9,99,3,9,6,6,2,40,7,2993,2,4,LAND ROVER RANGE ROVER SPORT,9,E01000873,0,1
2024141503985,2024,141503985,2,9,0,-1,1,8,3,-1,0,0,0,0,0,0,2,1,-1,6,3,-1,-1,2997,2,3,LAND ROVER RANGE ROVER SPORT,-1,-1,0,-1
2024041489683,2024,041489683,1,9,0,-1,19,2,6,-1,0,0,0,0,0,0,3,1,-1,2,1,60,9,2997,2,3,LAND ROVER RANGE ROVER SPORT,7,E01025462,0,1
2024010537575,2024,010537575,1,9,0,99,99,9,9,99,99,9,9,99,9,99,2,9,2,2,1,38,7,1999,2,7,LAND ROVER RANGE ROVER SPORT,3,E01002638,0,1
2024161519375,2024,161519375,2,9,0,-1,9,3,1,-1,0,5,0,0,0,0,4,9,-1,6,1,33,6,4197,1,18,LAND ROVER RANGE ROVER SPORT,1,E01012790,0,1
2024122500043,2024,122500043,2,9,0,2,2,0,0,0,0,1,0,0,0,0,2,1,6,6,3,-1,-1,2993,2,7,LAND ROVER RANGE ROVER SPORT,-1,-1,0,-1
2024991475584,2024,991475584,1,9,0,-1,5,2,6,-1,0,4,0,0,0,0,1,1,-1,6,1,65,9,2720,2,15,LAND ROVER RANGE ROVER SPORT,2,-1,0,1
2024531438831,2024,531438831,1,9,0,-1,19,3,7,-1,0,0,0,0,0,0,0,9,-1,6,3,-1,-1,2997,2,1,LAND ROVER RANGE ROVER SPORT,-1,-1,0,-1
2024541031324,2024,541031324,1,9,0,11,11,2,6,0,0,0,2,0,1,11,1,1,6,6,1,29,6,2720,2,16,LAND ROVER RANGE ROVER SPORT,5,E01018837,0,5
2024361404528,2024,361404528,1,9,0,-1,19,6,3,-1,0,1,0,0,0,0,1,9,-1,6,1,38,7,2997,2,1,LAND ROVER RANGE ROVER SPORT,6,E01026535,0,4