collision_index,collision_year,collision_ref_no,vehicle_reference,vehicle_type,towing_and_articulation,vehicle_manoeuvre_historic,vehicle_manoeuvre,vehicle_direction_from,vehicle_direction_to,vehicle_location_restricted_lane_historic,vehicle_location_restricted_lane,junction_location,skidding_and_overturning,hit_object_in_carriageway,vehicle_leaving_carriageway,hit_object_off_carriageway,first_point_of_impact,vehicle_left_hand_drive,journey_purpose_of_driver_historic,journey_purpose_of_driver,sex_of_driver,age_of_driver,age_band_of_driver,engine_capacity_cc,propulsion_code,age_of_vehicle,generic_make_model,driver_imd_decile,lsoa_of_driver,escooter_flag,driver_distance_banding
2024631493983,2024,631493983,2,9,3,-1,4,5,1,-1,0,0,0,0,0,0,0,1,-1,9,1,49,8,2993,2,7,LAND ROVER RANGE ROVER SPORT,3,W01000586,0,5
2024542188224,2024,542188224,2,9,0,18,19,5,1,0,0,8,0,0,0,0,2,1,6,6,1,47,8,4999,1,4,LAND ROVER RANGE ROVER SPORT,8,E01023066,0,3
2024401425800,2024,401425800,3,9,0,-1,19,7,3,-1,0,0,0,10,0,0,1,1,-1,6,2,36,7,2993,2,5,LAND ROVER RANGE ROVER SPORT,5,E01015714,0,1
2024471476574,2024,471476574,1,9,0,-1,9,8,6,-1,0,8,0,0,0,0,1,1,-1,9,1,49,8,2720,2,17,LAND ROVER RANGE ROVER SPORT,10,E01021151,0,1
2024430112650,2024,430112650,2,9,0,3,3,2,6,0,0,0,0,0,0,0,2,1,6,6,1,41,7,2993,2,8,LAND ROVER RANGE ROVER SPORT,-1,-1,0,-1
2024421514888,2024,421514888,1,9,0,-1,5,7,3,-1,0,1,0,0,0,0,1,1,-1,2,1,39,7,2997,2,3,LAND ROVER RANGE ROVER SPORT,8,E01021932,0,1
2024440090823,2024,440090823,2,9,0,18,19,5,1,0,0,1,1,0,0,0,1,1,2,2,2,29,6,4999,1,7,LAND ROVER RANGE ROVER SPORT,6,E01022890,0,1
2024430417685,2024,430417685,2,9,0,5,5,5,1,0,0,1,1,10,5,1,1,1,6,6,1,43,7,2997,2,1,LAND ROVER RANGE ROVER SPORT,7,E01033959,0,4
2024101398546,2024,101398546,1,9,0,-1,19,6,2,-1,0,0,0,0,0,0,1,1,-1,6,1,37,7,2720,2,18,LAND ROVER RANGE ROVER SPORT,2,E01008810,0,1
2024401534032,2024,401534032,1,9,0,-1,19,2,4,-1,0,1,0,0,0,0,4,1,-1,6,1,66,10,3628,2,17,LAND ROVER RANGE ROVER SPORT,4,E01017476,0,1
2024061510817,2024,061510817,1,9,0,-1,19,5,1,-1,0,0,0,0,7,0,1,1,-1,6,1,43,7,2993,2,9,LAND ROVER RANGE ROVER SPORT,1,E01006369,0,2
2024991469045,2024,991469045,1,9,0,-1,19,7,3,-1,0,0,0,0,0,0,4,1,-1,9,1,17,4,2997,2,3,LAND ROVER RANGE ROVER SPORT,4,-1,0,1
2024332400865,2024,332400865,1,9,0,-1,19,4,8,-1,0,0,0,0,0,0,2,1,-1,6,1,44,7,2996,8,1,LAND ROVER RANGE ROVER SPORT,7,E01025952,0,4
2024131408002,2024,131408002,1,9,0,-1,9,3,7,-1,0,2,0,0,0,0,1,1,-1,1,1,52,8,2997,2,1,LAND ROVER RANGE ROVER SPORT,3,E01034585,0,1
2024520402087,2024,520402087,1,9,0,18,19,3,7,0,0,0,0,0,0,0,1,1,6,6,1,43,7,3628,2,16,LAND ROVER RANGE ROVER SPORT,1,W01001693,0,4
2024421527122,2024,421527122,2,9,0,-1,19,4,8,-1,0,0,1,0,0,0,1,1,-1,9,2,40,7,2993,2,4,LAND ROVER RANGE ROVER SPORT,10,E01023503,0,2
2024010526617,2024,010526617,2,9,0,9,9,7,5,0,0,1,0,0,0,0,4,1,6,6,1,39,7,2993,2,8,LAND ROVER RANGE ROVER SPORT,6,E01003281,0,2
202454C825224,2024,54C825224,2,9,0,3,3,8,5,0,0,1,0,0,0,0,2,1,6,6,2,39,7,2993,2,11,LAND ROVER RANGE ROVER SPORT,-1,-1,0,-1
2024440196909,2024,440196909,1,9,0,18,19,4,8,0,0,0,0,0,1,10,1,1,6,6,1,51,8,2720,2,16,LAND ROVER RANGE ROVER SPORT,3,E01017270,0,1
2024060205048,2024,060205048,2,9,0,6,6,2,7,0,0,0,0,0,0,0,1,1,1,1,2,43,7,2993,2,9,LAND ROVER RANGE ROVER SPORT,8,E01018649,0,1
2024131452138,2024,131452138,3,9,0,-1,19,3,7,-1,0,0,0,0,0,0,1,1,-1,9,1,46,8,2993,2,12,LAND ROVER RANGE ROVER SPORT,6,E01006503,0,4
2024101508983,2024,101508983,2,9,0,-1,9,7,3,-1,0,0,0,0,0,0,3,1,-1,9,2,49,8,2996,8,0,LAND ROVER RANGE ROVER SPORT,6,E01008577,0,2
2024201423327,2024,201423327,1,9,0,-1,19,8,4,-1,0,0,1,4,7,0,1,1,-1,6,1,-1,-1,2993,2,10,LAND ROVER RANGE ROVER SPORT,2,E01033803,0,5
2024471532869,2024,471532869,2,9,0,-1,7,5,7,-1,0,0,0,0,1,0,4,1,-1,9,2,55,8,2993,2,13,LAND ROVER RANGE ROVER SPORT,4,E01031386,0,2
2024451487650,2024,451487650,2,9,0,-1,19,1,1,-1,0,4,0,0,0,0,1,9,-1,6,2,39,7,4999,1,3,LAND ROVER RANGE ROVER SPORT,4,E01030981,0,1
202417S200324,2024,17S200324,1,9,0,2,2,0,0,0,0,0,0,0,0,0,2,1,6,6,1,63,9,2997,2,1,LAND ROVER RANGE ROVER SPORT,7,E01027760,0,4
2024010510567,2024,010510567,1,9,9,99,99,9,9,99,99,9,9,99,9,99,9,9,6,6,1,42,7,2993,2,13,LAND ROVER RANGE ROVER SPORT,-1,-1,0,-1
2024311463678,2024,311463678,1,9,0,-1,15,6,2,-1,0,0,0,11,0,0,1,1,-1,9,1,33,6,2997,2,2,LAND ROVER RANGE ROVER SPORT,9,E01028332,0,2
2024461463923,2024,461463923,2,9,0,-1,19,5,1,-1,0,2,0,0,0,0,1,9,-1,6,2,60,9,2997,2,1,LAND ROVER RANGE ROVER SPORT,9,E01024300,0,1
2024302400716,2024,302400716,2,9,0,18,19,4,8,0,0,1,0,0,0,0,3,1,6,6,1,39,7,2993,2,5,LAND ROVER RANGE ROVER SPORT,9,E01013469,0,1
2024430034916,2024,430034916,2,9,0,4,4,4,8,0,0,0,0,0,0,0,2,1,6,6,1,34,6,2993,2,4,LAND ROVER RANGE ROVER SPORT,9,E01035024,0,4
2024201441785,2024,201441785,2,9,0,-1,3,5,1,-1,0,0,0,0,0,0,2,1,-1,6,1,43,7,2993,2,10,LAND ROVER RANGE ROVER SPORT,1,E01009371,0,1
2024010516970,2024,010516970,1,9,4,18,19,6,2,0,0,2,0,0,0,0,4,1,6,6,1,36,7,2993,2,13,LAND ROVER RANGE ROVER SPORT,4,E01000531,0,1
2024440554074,2024,440554074,2,9,0,18,19,1,5,0,0,8,0,0,0,0,1,1,6,6,1,33,6,2993,2,12,LAND ROVER RANGE ROVER SPORT,5,E01022640,0,2
2024201395604,2024,201395604,1,9,0,-1,19,4,8,-1,0,1,0,0,0,0,1,9,-1,6,1,34,6,2993,2,11,LAND ROVER RANGE ROVER SPORT,-1,-1,0,-1
2024411441213,2024,411441213,1,9,0,-1,19,4,8,-1,0,0,0,0,0,0,1,1,-1,6,1,44,7,2997,2,0,LAND ROVER RANGE ROVER SPORT,5,E01016577,0,4
2024061447377,2024,061447377,1,9,0,-1,19,7,3,-1,0,2,0,0,0,0,1,1,-1,9,1,69,10,2993,2,13,LAND ROVER RANGE ROVER SPORT,9,E01018585,0,3
2024010551520,2024,010551520,2,9,0,4,4,5,1,0,0,0,0,0,0,0,1,1,6,6,2,34,6,2997,2,3,LAND ROVER RANGE ROVER SPORT,-1,-1,0,-1
2024302401509,2024,302401509,1,9,0,9,9,1,7,0,0,6,0,0,0,0,1,1,6,6,3,-1,-1,4999,1,7,LAND ROVER RANGE ROVER SPORT,5,E01019456,0,3
2024430001817,2024,430001817,2,9,0,18,19,8,2,0,0,8,0,0,0,0,1,1,6,6,1,33,6,2993,2,13,LAND ROVER RANGE ROVER SPORT,10,E01022553,0,3
2024010549238,2024,010549238,2,9,0,4,4,3,7,0,0,8,0,0,0,0,2,1,6,6,1,35,6,2993,2,8,LAND ROVER RANGE ROVER SPORT,3,E01001493,0,2
2024201517561,2024,201517561,2,9,0,-1,19,5,1,-1,0,0,0,0,0,0,1,1,-1,9,1,59,9,2996,8,0,LAND ROVER RANGE ROVER SPORT,2,W01001481,0,5
2024201436848,2024,201436848,2,9,0,-1,7,4,6,-1,0,6,0,0,0,0,1,1,-1,6,3,-1,-1,2993,2,14,LAND ROVER RANGE ROVER SPORT,-1,-1,0,-1
2024010533561,2024,010533561,1,9,0,1,1,1,5,0,0,0,0,0,0,0,0,1,6,6,3,-1,-1,2720,2,17,LAND ROVER RANGE ROVER SPORT,-1,-1,0,-1
2024211430401,2024,211430401,1,9,0,-1,19,1,4,-1,0,1,0,0,0,0,4,9,-1,1,1,26,6,2993,2,10,LAND ROVER RANGE ROVER SPORT,7,E01029771,0,2
2024991517007,2024,991517007,1,9,0,-1,10,8,5,-1,0,6,0,0,0,0,3,1,-1,6,2,37,7,2997,2,2,LAND ROVER RANGE ROVER SPORT,10,-1,0,1
2024041474745,2024,041474745,1,9,0,-1,19,2,6,-1,0,8,0,0,0,0,4,1,-1,9,2,39,7,2993,2,9,LAND ROVER RANGE ROVER SPORT,8,E01025547,0,2
2024430476618,2024,430476618,3,9,0,18,19,1,5,0,0,0,0,0,0,0,1,1,6,6,1,65,9,2993,2,5,LAND ROVER RANGE ROVER SPORT,5,E01017923,0,1
2024131466188,2024,131466188,2,9,0,-1,19,3,7,-1,0,1,0,0,0,0,2,1,-1,6,2,30,6,2993,2,8,LAND ROVER RANGE ROVER SPORT,2,E01011251,0,1
2024131432842,2024,131432842,1,9,0,-1,19,5,1,-1,0,0,0,0,0,0,1,1,-1,9,1,29,6,2996,1,4,LAND ROVER RANGE ROVER SPORT,6,E01027703,0,4
202460Q018648,2024,60Q018648,2,9,0,18,19,4,8,0,0,0,0,0,0,0,1,1,6,6,1,66,10,2720,2,15,LAND ROVER RANGE ROVER SPORT,-1,-1,0,-1
2024451527104,2024,451527104,2,9,0,-1,19,5,1,-1,0,0,0,0,0,0,3,1,-1,9,1,75,10,2993,2,8,LAND ROVER RANGE ROVER SPORT,10,E01030454,0,1
2024501416335,2024,501416335,1,9,0,-1,19,1,5,-1,0,1,0,0,0,0,1,1,-1,6,1,62,9,2993,2,12,LAND ROVER RANGE ROVER SPORT,9,E01029315,0,3
2024061521006,2024,061521006,4,9,0,-1,2,0,0,-1,0,0,0,0,0,0,1,1,-1,6,1,50,8,2993,2,8,LAND ROVER RANGE ROVER SPORT,1,E01005203,0,1
2024010527248,2024,010527248,2,9,0,18,19,7,3,0,0,2,0,0,0,0,1,1,6,6,2,29,6,2997,2,3,LAND ROVER RANGE ROVER SPORT,6,E01002625,0,4
2024531488819,2024,531488819,2,9,0,-1,2,0,0,-1,0,0,0,4,0,0,1,1,-1,6,-1,-1,-1,3628,2,16,LAND ROVER RANGE ROVER SPORT,-1,-1,0,-1
2024052400463,2024,052400463,1,9,0,7,7,7,1,0,0,1,0,0,0,0,1,1,6,6,1,56,9,2993,2,9,LAND ROVER RANGE ROVER SPORT,8,E01007023,0,3
2024320492932,2024,320492932,1,9,0,1,1,5,1,9,9,0,0,0,0,0,2,1,6,6,2,-1,-1,2993,2,11,LAND ROVER RANGE ROVER SPORT,-1,-1,0,-1
2024451516003,2024,451516003,2,9,0,-1,19,8,6,-1,0,0,1,0,0,0,1,1,-1,7,1,52,8,2997,2,3,LAND ROVER RANGE ROVER SPORT,10,E01030454,0,2
2024070692190,2024,070692190,2,9,0,18,19,2,6,0,0,8,0,0,0,0,1,1,6,6,2,33,6,2993,2,14,LAND ROVER RANGE ROVER SPORT,9,E01018419,0,1
2024371407080,2024,371407080,1,9,0,-1,9,3,1,-1,0,5,0,0,0,0,1,1,-1,6,2,34,6,2997,2,3,LAND ROVER RANGE ROVER SPORT,6,E01030221,0,2
2024440028438,2024,440028438,2,9,0,18,19,3,7,0,0,1,0,0,0,0,1,1,6,6,2,35,6,2993,2,10,LAND ROVER RANGE ROVER SPORT,6,E01017212,0,1
2024461490184,2024,461490184,1,9,0,-1,4,2,6,-1,0,0,1,0,0,0,1,1,-1,2,1,53,8,2997,2,3,LAND ROVER RANGE ROVER SPORT,6,E01024036,0,2
2024052402220,2024,052402220,4,9,0,2,2,0,0,0,0,0,0,0,0,0,3,1,6,6,3,-1,-1,2996,8,1,LAND ROVER RANGE ROVER SPORT,-1,-1,0,-1
2024451437345,2024,451437345,2,9,0,-1,9,4,8,-1,0,1,0,0,0,0,3,1,-1,9,2,51,8,2993,2,13,LAND ROVER RANGE ROVER SPORT,6,E01030681,0,1
2024010543111,2024,010543111,1,9,0,18,19,5,1,0,0,2,0,0,0,0,1,1,6,6,2,49,8,2993,2,6,LAND ROVER RANGE ROVER SPORT,4,E01001391,0,1
2024371409469,2024,371409469,1,9,0,-1,5,1,5,-1,0,4,0,0,0,0,1,1,-1,9,2,37,7,2993,2,6,LAND ROVER RANGE ROVER SPORT,9,E01032611,0,3
2024010522925,2024,010522925,3,9,0,2,2,0,0,0,0,1,0,0,0,0,3,1,6,6,3,-1,-1,2993,2,4,LAND ROVER RANGE ROVER SPORT,-1,-1,0,-1
2024461456543,2024,461456543,1,9,0,-1,19,3,7,-1,0,4,1,10,3,0,1,1,-1,9,1,42,7,2993,2,7,LAND ROVER RANGE ROVER SPORT,4,E01024162,0,1
2024451398848,2024,451398848,1,9,0,-1,19,7,3,-1,0,0,0,0,0,0,3,9,-1,6,3,64,9,2993,2,8,LAND ROVER RANGE ROVER SPORT,6,E01030629,0,1
2024421500999,2024,421500999,1,9,0,-1,-1,-1,-1,-1,-1,0,-1,-1,-1,0,-1,9,-1,6,1,49,8,2993,2,11,LAND ROVER RANGE ROVER SPORT,10,E01022070,0,2
2024332400648,2024,332400648,2,9,0,-1,19,3,6,-1,0,8,0,0,0,0,3,1,-1,6,1,20,4,2993,2,13,LAND ROVER RANGE ROVER SPORT,-1,-1,0,-1
2024041483050,2024,041483050,1,9,0,-1,4,1,1,-1,0,0,0,11,0,0,1,1,-1,9,1,67,10,2993,2,9,LAND ROVER RANGE ROVER SPORT,5,E01025320,0,2
2024131480634,2024,131480634,4,9,0,-1,19,5,1,-1,0,0,0,0,0,0,3,1,-1,9,1,36,7,1997,8,4,LAND ROVER RANGE ROVER SPORT,3,E01010657,0,1
2024440197960,2024,440197960,1,9,0,18,19,2,6,0,0,0,0,0,0,0,4,1,6,6,1,49,8,4999,1,7,LAND ROVER RANGE ROVER SPORT,8,E01022591,0,4
2024141499336,2024,141499336,2,9,0,-1,2,0,0,-1,0,0,0,0,0,0,1,1,-1,6,-1,-1,-1,2720,2,18,LAND ROVER RANGE ROVER SPORT,-1,-1,0,-1
2024501533811,2024,501533811,2,9,0,-1,12,2,6,-1,0,0,0,4,1,4,1,1,-1,9,1,40,7,4999,1,6,LAND ROVER RANGE ROVER SPORT,9,E01034787,0,5
2024411427936,2024,411427936,1,9,0,-1,19,1,5,-1,0,0,2,0,1,0,1,9,-1,9,1,55,8,2993,2,13,LAND ROVER RANGE ROVER SPORT,-1,-1,0,-1
2024340WN0852,2024,340WN0852,2,9,0,-1,2,0,0,-1,9,0,0,0,0,0,1,1,-1,6,1,-1,-1,2993,2,12,LAND ROVER RANGE ROVER SPORT,-1,-1,0,-1
2024451417086,2024,451417086,2,9,0,-1,19,1,5,-1,0,0,0,0,0,0,1,1,-1,7,2,42,7,2993,2,6,LAND ROVER RANGE ROVER SPORT,8,E01030564,0,1
2024320450369,2024,320450369,2,9,0,-1,-1,7,3,0,0,0,0,0,0,0,1,1,-1,-1,1,67,10,2993,2,7,LAND ROVER RANGE ROVER SPORT,-1,-1,0,-1
2024351490466,2024,351490466,1,9,0,-1,7,5,1,-1,0,1,0,0,0,0,1,1,-1,9,2,25,5,2720,2,16,LAND ROVER RANGE ROVER SPORT,8,E01030098,0,3
2024221484552,2024,221484552,2,9,0,-1,19,2,6,-1,0,8,0,0,0,0,1,1,-1,6,1,65,9,2997,2,1,LAND ROVER RANGE ROVER SPORT,7,E01028950,0,3
2024201523959,2024,201523959,2,9,0,-1,10,3,1,-1,0,5,0,0,0,0,1,1,-1,6,2,33,6,2993,2,8,LAND ROVER RANGE ROVER SPORT,2,E01010073,0,1
2024070945092,2024,070945092,1,9,0,-1,13,6,2,-1,0,1,1,0,1,11,1,1,-1,9,1,38,7,2993,2,7,LAND ROVER RANGE ROVER SPORT,1,E01006494,0,4
2024031410064,2024,031410064,3,9,0,-1,19,5,1,-1,0,0,0,0,0,0,1,1,-1,9,1,67,10,2993,2,8,LAND ROVER RANGE ROVER SPORT,8,E01031182,0,5
2024010525743,2024,010525743,1,9,0,99,99,9,9,99,99,9,9,99,9,99,1,9,6,6,2,34,6,2993,2,6,LAND ROVER RANGE ROVER SPORT,9,E01001098,0,1
2024991491732,2024,991491732,1,9,0,-1,9,8,5,-1,0,1,0,0,7,11,4,1,-1,9,1,41,7,4999,1,5,LAND ROVER RANGE ROVER SPORT,8,-1,0,4
2024332400218,2024,332400218,2,9,0,-1,19,7,3,-1,0,0,0,0,1,4,1,1,-1,6,1,54,8,2997,2,0,LAND ROVER RANGE ROVER SPORT,6,E01031160,0,3
2024010523763,2024,010523763,1,9,0,99,99,9,9,99,99,9,9,99,9,99,4,9,6,6,1,27,6,2993,2,11,LAND ROVER RANGE ROVER SPORT,8,E01021924,0,4
2024061448058,2024,061448058,1,9,0,-1,19,3,7,-1,0,4,0,0,0,0,3,1,-1,2,1,46,8,2993,2,5,LAND ROVER RANGE ROVER SPORT,5,E01006006,0,1
2024131458753,2024,131458753,2,9,0,-1,9,1,5,-1,0,8,0,0,0,0,3,1,-1,9,2,52,8,2993,2,14,LAND ROVER RANGE ROVER SPORT,1,E01010926,0,1
2024371427579,2024,371427579,1,9,0,-1,19,3,3,-1,0,0,0,0,0,0,1,1,-1,9,1,59,9,4999,1,14,LAND ROVER RANGE ROVER SPORT,5,E01030210,0,2
2024070497877,2024,070497877,2,9,0,4,4,1,5,0,0,6,0,0,0,0,2,1,6,6,2,31,6,3628,2,16,LAND ROVER RANGE ROVER SPORT,2,E01012654,0,4
2024141424051,2024,141424051,1,9,0,-1,19,7,3,-1,0,8,0,0,1,0,1,1,-1,6,1,65,9,1999,2,7,LAND ROVER RANGE ROVER SPORT,6,E01007609,0,4
2024471406581,2024,471406581,1,9,0,-1,19,5,1,-1,0,0,0,0,0,0,2,1,-1,2,2,51,8,2996,1,0,LAND ROVER RANGE ROVER SPORT,4,E01031499,0,2
2024070907766,2024,070907766,1,9,0,-1,3,7,3,-1,0,4,0,0,0,0,2,1,-1,6,2,51,8,4999,1,2,LAND ROVER RANGE ROVER SPORT,4,E01018315,0,1
2024010502405,2024,010502405,1,9,0,99,99,9,9,99,99,9,9,99,9,99,4,9,6,6,2,52,8,1997,8,5,LAND ROVER RANGE ROVER SPORT,5,E01002443,0,1
2024311451754,2024,311451754,2,9,0,-1,19,7,1,-1,0,0,0,0,0,0,0,1,-1,9,1,56,9,2997,2,1,LAND ROVER RANGE ROVER SPORT,10,E01028148,0,1
2024461521253,2024,461521253,2,9,0,-1,19,7,7,-1,0,1,0,0,1,0,2,2,-1,9,2,55,8,2993,2,13,LAND ROVER RANGE ROVER SPORT,2,E01023973,0,1
2024542839924,2024,542839924,1,9,0,5,5,8,5,0,0,1,0,0,0,0,1,1,3,7,1,46,8,2996,8,2,LAND ROVER RANGE ROVER SPORT,8,E01032001,0,1
2024471489638,2024,471489638,1,9,0,-1,5,2,6,-1,0,0,1,0,1,0,1,1,-1,9,2,42,7,2996,8,0,LAND ROVER RANGE ROVER SPORT,7,E01017050,0,4
2024461488255,2024,461488255,1,9,0,-1,19,7,4,-1,0,0,0,0,0,0,3,1,-1,6,2,41,7,2720,2,19,LAND ROVER RANGE ROVER SPORT,8,E01024706,0,1
2024101419878,2024,101419878,3,9,0,-1,19,7,3,-1,0,1,0,0,0,0,1,1,-1,9,1,57,9,2997,2,3,LAND ROVER RANGE ROVER SPORT,8,E01027495,0,3
2024201460355,2024,201460355,1,9,0,-1,11,4,8,-1,0,0,0,0,0,0,1,9,-1,9,1,27,6,2993,2,4,LAND ROVER RANGE ROVER SPORT,1,E01009195,0,1
2024302400885,2024,302400885,1,9,0,3,3,1,5,0,0,8,0,0,0,0,1,1,6,6,1,72,10,2997,2,2,LAND ROVER RANGE ROVER SPORT,9,E01019478,0,4
2024461514130,2024,461514130,1,9,0,-1,9,2,7,-1,5,0,0,0,0,0,4,1,-1,2,1,60,9,2993,2,11,LAND ROVER RANGE ROVER SPORT,8,E01021088,0,4
2024421522133,2024,421522133,2,9,0,-1,19,8,4,-1,0,8,0,0,0,0,1,1,-1,9,1,41,7,2993,2,14,LAND ROVER RANGE ROVER SPORT,1,E01022026,0,2
2024052402046,2024,052402046,2,9,0,18,19,7,3,0,0,1,0,0,0,0,3,1,6,6,1,34,6,2993,2,13,LAND ROVER RANGE ROVER SPORT,1,E01006863,0,2
2024131398048,2024,131398048,2,9,0,-1,2,0,0,-1,0,0,0,0,0,0,3,1,-1,6,-1,-1,-1,2993,2,10,LAND ROVER RANGE ROVER SPORT,-1,-1,0,-1
2024010518942,2024,010518942,2,9,9,99,99,9,9,99,99,9,9,99,9,99,9,9,6,6,3,-1,-1,2993,2,9,LAND ROVER RANGE ROVER SPORT,-1,-1,0,-1
2024131435623,2024,131435623,2,9,0,-1,2,1,5,-1,0,2,0,0,0,0,4,1,-1,6,3,-1,-1,2993,2,8,LAND ROVER RANGE ROVER SPORT,-1,-1,0,-1
2024052402084,2024,052402084,4,9,0,2,2,0,0,0,0,0,0,0,0,0,2,1,6,6,3,-1,-1,2997,2,0,LAND ROVER RANGE ROVER SPORT,-1,-1,0,-1
2024440089701,2024,440089701,2,9,0,4,4,2,6,0,0,0,0,0,0,0,2,1,6,6,1,28,6,4999,1,8,LAND ROVER RANGE ROVER SPORT,7,E01032746,0,4
2024010526604,2024,010526604,1,9,0,18,19,1,5,0,0,0,0,0,0,0,1,1,6,6,1,39,7,2996,8,0,LAND ROVER RANGE ROVER SPORT,6,E01035704,0,1
2024371483247,2024,371483247,1,9,0,-1,19,5,1,-1,0,1,0,0,0,0,1,1,-1,9,1,56,9,2993,2,10,LAND ROVER RANGE ROVER SPORT,9,E01030122,0,4
2024010490110,2024,010490110,1,9,0,18,19,1,5,0,0,1,0,0,0,0,1,1,6,6,2,45,7,2993,2,9,LAND ROVER RANGE ROVER SPORT,5,E01003028,0,1
2024221437952,2024,221437952,1,9,0,-1,19,1,5,-1,0,0,0,0,1,9,1,1,-1,9,1,69,10,2720,2,16,LAND ROVER RANGE ROVER SPORT,4,E01032152,0,4
2024552401461,2024,552401461,2,9,0,18,19,4,8,0,0,8,0,0,0,0,3,1,6,6,1,22,5,2993,2,13,LAND ROVER RANGE ROVER SPORT,-1,-1,0,-1
2024061424257,2024,061424257,1,9,0,-1,19,5,1,-1,0,5,0,0,0,0,4,1,-1,1,1,40,7,2993,2,15,LAND ROVER RANGE ROVER SPORT,2,E01006408,0,1
2024320363666,2024,320363666,1,9,0,-1,-1,6,2,0,0,1,0,0,0,0,1,1,6,6,2,51,8,2720,2,18,LAND ROVER RANGE ROVER SPORT,4,E01026070,0,2
2024471513628,2024,471513628,1,9,0,-1,19,6,2,-1,0,0,1,0,7,0,1,1,-1,9,2,35,6,2993,2,12,LAND ROVER RANGE ROVER SPORT,2,E01032832,0,2
2024631399598,2024,631399598,2,9,5,-1,4,4,7,-1,0,1,0,0,0,0,0,1,-1,6,2,46,8,2720,2,16,LAND ROVER RANGE ROVER SPORT,4,W01000656,0,3
2024471403531,2024,471403531,2,9,0,-1,1,8,4,-1,0,0,0,0,0,0,0,1,-1,9,1,41,7,2993,2,14,LAND ROVER RANGE ROVER SPORT,6,E01031712,0,1
2024552400294,2024,552400294,2,9,0,18,19,4,8,0,0,8,0,0,1,4,1,1,3,7,1,38,7,2993,2,11,LAND ROVER RANGE ROVER SPORT,6,E01020448,0,1
2024543696624,2024,543696624,1,9,0,18,19,8,4,0,0,0,2,0,2,10,4,1,6,6,2,19,4,3628,2,16,LAND ROVER RANGE ROVER SPORT,6,E01015361,0,4
2024201443523,2024,201443523,1,9,0,-1,9,8,4,-1,0,6,0,0,0,0,1,1,-1,6,1,39,7,1999,2,6,LAND ROVER RANGE ROVER SPORT,-1,-1,0,-1
2024320215540,2024,320215540,2,9,0,-1,-1,4,8,0,0,1,0,0,0,0,1,1,6,6,1,-1,-1,2720,2,18,LAND ROVER RANGE ROVER SPORT,4,E01026389,0,2
2024061529873,2024,061529873,1,9,0,-1,2,5,1,-1,0,0,0,0,0,0,2,1,-1,6,1,31,6,2993,2,5,LAND ROVER RANGE ROVER SPORT,-1,-1,0,-1
2024351512685,2024,351512685,1,9,0,-1,-1,-1,-1,-1,-1,0,-1,-1,-1,0,3,9,-1,9,1,42,7,2993,2,11,LAND ROVER RANGE ROVER SPORT,4,E01026645,0,4
202417M302624,2024,17M302624,1,9,0,7,7,2,4,0,0,3,0,0,0,0,4,1,6,6,1,28,6,2993,2,15,LAND ROVER RANGE ROVER SPORT,5,E01012110,0,2
2024361527615,2024,361527615,1,9,0,-1,19,3,7,-1,0,0,0,0,1,10,1,1,-1,9,2,33,6,2996,1,3,LAND ROVER RANGE ROVER SPORT,4,E01026511,0,3
2024340NN4212,2024,340NN4212,2,9,0,-1,19,4,8,-1,0,1,0,0,0,0,1,1,-1,6,2,27,6,2993,2,5,LAND ROVER RANGE ROVER SPORT,5,E01027123,0,3
2024231528147,2024,231528147,2,9,0,-1,19,1,5,-1,0,0,0,0,0,0,3,9,-1,2,2,48,8,2997,2,0,LAND ROVER RANGE ROVER SPORT,8,E01035019,0,4
2024371505533,2024,371505533,2,9,0,-1,19,7,1,-1,0,0,1,0,0,0,1,1,-1,1,1,46,8,2996,8,0,LAND ROVER RANGE ROVER SPORT,8,E01029878,0,4
2024311404553,2024,311404553,1,9,0,-1,12,5,8,-1,0,1,0,0,0,0,3,1,-1,1,1,21,5,4999,1,3,LAND ROVER RANGE ROVER SPORT,-1,-1,0,-1
2024101462153,2024,101462153,1,9,0,-1,19,1,5,-1,0,0,0,0,0,0,1,9,-1,6,1,-1,-1,2720,2,17,LAND ROVER RANGE ROVER SPORT,-1,-1,0,-1
2024401519242,2024,401519242,2,9,0,-1,19,8,4,-1,0,0,0,0,0,0,1,1,-1,6,1,54,8,2720,2,16,LAND ROVER RANGE ROVER SPORT,8,E01017465,0,1