collision_index,collision_year,collision_ref_no,vehicle_reference,vehicle_type,towing_and_articulation,vehicle_manoeuvre_historic,vehicle_manoeuvre,vehicle_direction_from,vehicle_direction_to,vehicle_location_restricted_lane_historic,vehicle_location_restricted_lane,junction_location,skidding_and_overturning,hit_object_in_carriageway,vehicle_leaving_carriageway,hit_object_off_carriageway,first_point_of_impact,vehicle_left_hand_drive,journey_purpose_of_driver_historic,journey_purpose_of_driver,sex_of_driver,age_of_driver,age_band_of_driver,engine_capacity_cc,propulsion_code,age_of_vehicle,generic_make_model,driver_imd_decile,lsoa_of_driver,escooter_flag,driver_distance_banding
2024451447898,2024,451447898,2,9,0,-1,19,7,3,-1,0,0,0,0,0,0,1,9,-1,6,1,-1,-1,2993,2,6,LAND ROVER RANGE ROVER SPORT,3,E01032581,0,4
2024543170124,2024,543170124,2,9,0,5,5,7,5,0,0,6,0,0,0,0,0,1,6,6,1,60,9,2993,2,8,LAND ROVER RANGE ROVER SPORT,2,E01015528,0,1
2024131456055,2024,131456055,2,9,0,-1,19,1,5,-1,0,8,0,0,0,0,3,1,-1,9,1,58,9,2993,2,12,LAND ROVER RANGE ROVER SPORT,8,E01010937,0,1
2024131501125,2024,131501125,2,9,0,-1,-1,-1,-1,-1,-1,0,-1,-1,-1,0,-1,1,-1,9,2,59,9,2996,8,0,LAND ROVER RANGE ROVER SPORT,8,E01034974,0,4
2024010518971,2024,010518971,2,9,0,99,99,9,9,99,99,9,9,99,9,99,9,9,6,6,3,27,6,2997,2,2,LAND ROVER RANGE ROVER SPORT,5,E01002652,0,1
2024351487266,2024,351487266,2,9,0,-1,4,3,7,-1,0,0,1,0,1,0,2,1,-1,6,2,46,8,2993,2,15,LAND ROVER RANGE ROVER SPORT,2,E01017946,0,4
2024421517767,2024,421517767,2,9,0,-1,10,8,6,-1,9,0,0,0,0,0,4,1,-1,9,2,66,10,2993,2,5,LAND ROVER RANGE ROVER SPORT,9,E01021383,0,1
2024010502981,2024,010502981,2,9,0,5,5,5,1,0,0,1,0,0,0,0,1,1,6,6,1,38,7,2993,2,9,LAND ROVER RANGE ROVER SPORT,4,E01000846,0,1
2024471459159,2024,471459159,2,9,0,-1,2,0,0,-1,9,1,1,0,7,10,2,1,-1,6,-1,-1,-1,2720,2,17,LAND ROVER RANGE ROVER SPORT,-1,-1,0,-1
2024471451609,2024,471451609,1,9,0,-1,9,8,5,-1,0,2,0,0,0,0,1,1,-1,9,1,42,7,2996,8,1,LAND ROVER RANGE ROVER SPORT,10,E01021159,0,2
2024401477339,2024,401477339,2,9,0,-1,2,0,0,-1,0,0,0,0,0,0,3,1,-1,6,-1,-1,-1,2993,2,6,LAND ROVER RANGE ROVER SPORT,-1,-1,0,-1
2024501435652,2024,501435652,1,9,0,-1,19,4,8,-1,0,0,5,0,1,11,1,1,-1,9,1,48,8,2720,2,19,LAND ROVER RANGE ROVER SPORT,4,E01019036,0,2
2024010519225,2024,010519225,2,9,0,99,99,9,9,99,99,9,9,99,9,99,1,9,6,6,3,-1,-1,4999,1,5,LAND ROVER RANGE ROVER SPORT,-1,-1,0,-1
2024471504722,2024,471504722,2,9,0,-1,2,0,0,-1,0,1,0,0,0,0,2,1,-1,9,1,35,6,2720,2,16,LAND ROVER RANGE ROVER SPORT,7,E01031535,0,1
2024010517797,2024,010517797,7,9,0,-1,-1,3,7,0,0,1,0,0,0,0,0,1,6,6,1,35,6,4999,1,3,LAND ROVER RANGE ROVER SPORT,2,E01000064,0,3
2024361463245,2024,361463245,2,9,0,-1,19,2,6,-1,0,1,1,0,8,0,4,1,-1,9,1,53,8,2993,2,14,LAND ROVER RANGE ROVER SPORT,2,E01018097,0,4
2024991426097,2024,991426097,1,9,0,-1,1,1,7,-1,0,2,0,0,0,0,2,1,-1,6,1,48,8,2997,2,2,LAND ROVER RANGE ROVER SPORT,10,-1,0,1
2024461409889,2024,461409889,1,9,0,-1,9,5,1,-1,0,6,0,0,0,0,1,9,-1,6,1,66,10,2993,2,10,LAND ROVER RANGE ROVER SPORT,4,E01024623,0,1
2024211511036,2024,211511036,1,9,-1,-1,1,1,5,-1,0,0,0,0,0,0,2,9,-1,6,3,30,6,2993,2,7,LAND ROVER RANGE ROVER SPORT,-1,-1,0,-1
2024131408081,2024,131408081,1,9,0,-1,19,1,-1,-1,0,1,0,0,0,0,1,1,-1,6,3,-1,-1,2720,2,18,LAND ROVER RANGE ROVER SPORT,-1,-1,0,-1
2024430270389,2024,430270389,1,9,0,18,19,6,2,0,0,3,0,0,1,0,1,1,6,6,1,20,4,2720,2,19,LAND ROVER RANGE ROVER SPORT,8,E01027297,0,4
2024131484703,2024,131484703,1,9,0,-1,4,3,7,-1,0,8,0,0,0,0,1,1,-1,6,1,51,8,4367,2,10,LAND ROVER RANGE ROVER SPORT,8,E01032485,0,4
2024461428138,2024,461428138,1,9,0,-1,-1,3,1,-1,-1,0,0,0,0,0,3,9,-1,-1,3,26,6,2993,2,10,LAND ROVER RANGE ROVER SPORT,-1,-1,0,-1
2024451408713,2024,451408713,2,9,0,-1,19,7,3,-1,0,0,0,0,0,0,1,1,-1,6,2,27,6,2993,2,5,LAND ROVER RANGE ROVER SPORT,7,E01001223,0,4
2024141459189,2024,141459189,2,9,0,-1,2,0,0,-1,9,0,0,0,0,0,2,1,-1,6,-1,-1,-1,2993,2,13,LAND ROVER RANGE ROVER SPORT,-1,-1,0,-1
2024122500123,2024,122500123,2,9,0,17,19,1,7,0,0,6,0,0,0,0,3,1,1,1,1,55,8,4999,1,3,LAND ROVER RANGE ROVER SPORT,5,E01011202,0,4
2024631405673,2024,631405673,3,9,0,-1,4,8,4,-1,0,0,0,0,0,0,0,1,-1,1,1,64,9,3628,2,16,LAND ROVER RANGE ROVER SPORT,8,E01013996,0,4
2024061467691,2024,061467691,1,9,0,-1,19,7,3,-1,9,0,2,10,1,11,1,1,-1,6,1,22,5,4999,1,4,LAND ROVER RANGE ROVER SPORT,-1,-1,0,-1
2024010544052,2024,010544052,1,9,0,-1,-1,3,7,0,0,1,5,7,1,1,1,1,6,6,1,39,7,1997,8,6,LAND ROVER RANGE ROVER SPORT,2,E01034478,0,3
2024041397801,2024,041397801,1,9,0,-1,19,1,5,-1,0,0,0,0,7,2,1,1,-1,9,1,57,9,2993,2,5,LAND ROVER RANGE ROVER SPORT,4,E01024989,0,1
2024351526658,2024,351526658,1,9,0,-1,13,5,1,-1,0,1,0,0,0,0,1,1,-1,6,1,37,7,4999,1,9,LAND ROVER RANGE ROVER SPORT,2,E01015615,0,1
2024221433177,2024,221433177,1,9,0,-1,19,2,6,-1,0,0,0,0,0,0,3,1,-1,6,1,51,8,2997,2,2,LAND ROVER RANGE ROVER SPORT,6,E01014133,0,1
2024461487860,2024,461487860,2,9,0,-1,19,5,1,-1,0,0,0,0,0,0,1,9,-1,6,1,77,11,2993,2,7,LAND ROVER RANGE ROVER SPORT,5,E01023978,0,2
2024221427973,2024,221427973,1,9,0,-1,19,6,2,-1,0,8,0,0,0,0,3,9,-1,6,1,44,7,2993,2,6,LAND ROVER RANGE ROVER SPORT,5,E01032128,0,3
2024471494910,2024,471494910,1,9,0,-1,9,8,7,-1,0,6,0,0,0,0,1,1,-1,9,2,71,10,2993,2,7,LAND ROVER RANGE ROVER SPORT,8,E01030822,0,3
2024461398041,2024,461398041,1,9,0,-1,19,6,2,-1,0,0,0,0,0,0,1,2,-1,6,1,79,11,2993,2,13,LAND ROVER RANGE ROVER SPORT,6,E01024680,0,1
2024401407543,2024,401407543,1,9,0,-1,-1,-1,-1,-1,0,3,0,0,0,0,-1,9,-1,1,1,46,8,2997,2,4,LAND ROVER RANGE ROVER SPORT,4,E01017476,0,1
2024371518094,2024,371518094,3,9,0,-1,19,2,6,-1,0,0,0,0,0,0,0,1,-1,6,1,42,7,2993,2,12,LAND ROVER RANGE ROVER SPORT,5,E01021778,0,5
2024231519382,2024,231519382,3,9,0,-1,3,6,2,-1,0,0,0,0,0,0,2,9,-1,6,1,38,7,2997,2,0,LAND ROVER RANGE ROVER SPORT,10,E01009705,0,2
2024010520959,2024,010520959,2,9,0,99,99,9,9,99,99,9,9,99,9,99,9,9,6,6,3,-1,-1,1997,8,3,LAND ROVER RANGE ROVER SPORT,-1,-1,0,-1
2024131413322,2024,131413322,2,9,0,-1,19,5,1,-1,0,1,0,0,0,0,1,1,-1,9,1,42,7,2720,2,17,LAND ROVER RANGE ROVER SPORT,3,E01010980,0,1
2024471486681,2024,471486681,1,9,0,-1,19,3,7,-1,0,8,0,0,0,0,1,1,-1,9,1,58,9,2993,2,9,LAND ROVER RANGE ROVER SPORT,5,E01016886,0,2
2024010548542,2024,010548542,2,9,9,99,99,9,9,99,99,0,9,99,9,99,9,9,6,6,3,35,6,2996,8,0,LAND ROVER RANGE ROVER SPORT,3,E01034206,0,3
2024221403525,2024,221403525,2,9,0,-1,3,1,5,-1,0,0,0,0,0,0,2,1,-1,6,2,27,6,2993,2,12,LAND ROVER RANGE ROVER SPORT,4,E01014011,0,1
2024461469034,2024,461469034,1,9,0,-1,1,1,5,-1,0,1,0,0,0,0,2,2,-1,1,2,62,9,2720,2,16,LAND ROVER RANGE ROVER SPORT,4,E01016048,0,1
2024010540872,2024,010540872,1,3,0,3,3,1,5,0,0,8,0,0,0,0,1,1,6,6,1,35,6,124,1,11,-1,3,E01034615,0,1
2024302401332,2024,302401332,1,3,0,13,13,7,3,0,0,8,1,7,0,0,1,1,6,6,1,14,3,124,1,9,-1,8,E01013540,0,2
2024501460639,2024,501460639,1,3,0,-1,19,1,5,-1,0,0,2,0,0,0,4,1,-1,9,1,42,7,125,1,8,-1,5,E01018948,0,2
2024311476235,2024,311476235,1,3,0,-1,19,5,1,-1,0,0,0,0,1,0,0,1,-1,1,1,23,5,125,1,8,-1,-1,-1,0,-1
2024010527092,2024,010527092,2,9,0,18,19,1,5,0,0,1,0,0,0,0,1,1,6,6,1,38,7,3456,8,6,-1,10,E01004106,0,1
2024010544577,2024,010544577,1,9,0,-1,-1,3,7,0,0,2,0,0,0,0,0,1,6,6,1,83,11,4969,1,4,-1,5,E01002652,0,1
2024421523487,2024,421523487,3,9,0,-1,19,8,3,-1,0,0,0,0,0,0,1,1,-1,9,1,79,11,2143,2,8,-1,8,E01021729,0,1
2024211521874,2024,211521874,2,9,0,-1,19,4,8,-1,0,0,0,0,0,0,1,1,-1,6,2,53,8,2143,2,7,-1,8,E01029652,0,1
2024010529629,2024,010529629,1,9,0,9,9,1,8,0,0,6,0,0,0,0,1,1,6,6,2,40,7,1991,1,8,-1,3,E01003574,0,1
2024471417361,2024,471417361,3,9,0,-1,4,2,6,-1,0,0,0,0,0,0,2,1,-1,2,2,53,8,1595,1,7,-1,4,E01020997,0,3
2024231498518,2024,231498518,3,9,0,-1,19,8,4,-1,0,0,0,0,0,0,3,9,-1,9,2,72,10,2143,2,7,-1,6,E01005037,0,5
2024461475789,2024,461475789,1,9,0,-1,19,8,4,-1,0,0,0,0,1,0,1,1,-1,9,1,80,11,1491,1,46,-1,6,E01024522,0,1
2024221442506,2024,221442506,2,9,0,-1,19,7,5,-1,0,8,1,0,0,0,1,1,-1,6,1,25,5,1491,1,49,-1,4,E01028532,0,4
2024131498412,2024,131498412,1,9,0,-1,7,3,5,-1,0,8,0,0,0,0,3,1,-1,9,2,41,7,1870,2,21,-1,1,E01011750,0,1
2024201447178,2024,201447178,2,9,0,-1,19,6,2,-1,0,8,0,0,0,0,3,1,-1,6,1,42,7,4806,1,16,PORSCHE CAYENNE,1,E01034925,0,1
2024421535756,2024,421535756,3,9,0,-1,19,3,6,-1,0,0,0,0,0,0,2,1,-1,6,2,28,6,2995,1,5,PORSCHE CAYENNE,-1,-1,0,-1
2024061450507,2024,061450507,2,9,0,-1,9,6,3,-1,0,2,0,0,0,0,3,2,-1,2,2,60,9,2967,2,8,PORSCHE CAYENNE,10,E01018667,0,2
2024010515659,2024,010515659,1,9,0,18,19,3,7,0,0,0,0,0,0,0,2,1,6,6,1,49,8,2967,2,8,PORSCHE CAYENNE,4,E01004526,0,2
2024461505465,2024,461505465,1,9,0,-1,19,6,8,-1,0,0,0,0,0,0,4,1,-1,6,2,43,7,3604,1,8,PORSCHE CAYENNE,5,E01024319,0,4
2024451501758,2024,451501758,2,9,0,-1,15,1,5,-1,0,0,9,0,0,0,1,1,-1,6,1,30,6,2967,2,9,PORSCHE CAYENNE,-1,-1,0,-1
2024010542752,2024,010542752,1,9,0,5,5,3,7,0,0,0,0,0,0,0,1,2,6,6,2,32,6,2995,1,3,PORSCHE CAYENNE,8,E01004703,0,1
2024131477002,2024,131477002,1,9,0,-1,19,3,7,-1,0,1,0,0,0,0,1,1,-1,6,2,56,9,2967,2,8,PORSCHE CAYENNE,2,E01011854,0,1
2024991470399,2024,991470399,2,9,0,-1,19,5,1,-1,0,0,0,1,0,0,1,1,-1,9,1,69,10,2995,1,0,PORSCHE CAYENNE,9,-1,0,4
2024451487943,2024,451487943,1,9,0,-1,19,5,1,-1,0,0,0,0,0,0,1,1,-1,2,1,35,6,3996,1,1,PORSCHE CAYENNE,6,E01016874,0,4
2024201530251,2024,201530251,2,9,0,-1,19,8,4,-1,0,8,0,0,0,0,1,1,-1,9,1,30,6,4134,2,10,PORSCHE CAYENNE,-1,-1,0,-1
2024010537671,2024,010537671,1,9,0,18,19,6,2,0,0,1,0,0,0,0,1,1,6,6,1,37,7,3189,1,18,PORSCHE CAYENNE,9,E01001417,0,2
2024471469459,2024,471469459,1,9,0,-1,19,8,4,-1,0,0,0,0,0,0,-1,9,-1,6,3,-1,-1,2995,1,6,PORSCHE CAYENNE,-1,-1,0,-1
2024052401638,2024,052401638,2,9,0,4,4,1,5,0,0,1,0,0,0,0,1,1,6,6,1,58,9,3604,1,8,PORSCHE CAYENNE,4,E01007161,0,1
2024451491511,2024,451491511,1,9,0,-1,2,1,5,-1,99,0,0,0,0,0,3,9,-1,6,3,-1,-1,2995,8,4,PORSCHE CAYENNE,-1,-1,0,-1
2024451494625,2024,451494625,2,9,0,-1,19,3,7,-1,0,8,0,0,0,0,1,1,-1,2,1,28,6,4806,1,8,PORSCHE CAYENNE,9,E01001028,0,2
2024010509863,2024,010509863,2,9,0,99,99,9,9,99,99,9,9,99,9,99,9,9,6,6,2,49,8,2967,2,10,PORSCHE CAYENNE,4,E01004540,0,1
2024010510420,2024,010510420,3,9,0,2,2,0,0,0,0,1,0,0,0,0,3,1,6,6,3,-1,-1,2995,8,5,PORSCHE CAYENNE,-1,-1,0,-1
2024471528037,2024,471528037,1,9,0,-1,19,2,3,-1,0,2,0,0,0,0,2,1,-1,9,1,72,10,2995,8,7,PORSCHE CAYENNE,8,E01021147,0,1
2024010535247,2024,010535247,1,9,0,18,19,1,5,0,0,2,0,2,0,0,1,1,6,6,1,40,7,3996,8,4,PORSCHE CAYENNE,2,E01004702,0,1
2024631527512,2024,631527512,3,9,0,-1,19,2,6,-1,0,0,1,6,1,11,1,1,-1,6,2,55,8,2995,1,1,PORSCHE CAYENNE,7,W01000470,0,3
2024141399698,2024,141399698,1,9,0,-1,9,1,7,-1,0,0,0,4,0,0,1,1,-1,6,2,52,8,2995,8,9,PORSCHE CAYENNE,10,E01008044,0,1
2024451508255,2024,451508255,3,9,0,-1,2,0,0,-1,0,1,0,0,0,0,2,1,-1,6,-1,-1,-1,2967,2,9,PORSCHE CAYENNE,-1,-1,0,-1
2024141442651,2024,141442651,2,9,0,-1,7,6,8,-1,0,6,0,0,0,0,1,1,-1,1,2,47,8,2967,2,11,PORSCHE CAYENNE,3,E01007788,0,1
2024010551422,2024,010551422,2,9,0,99,99,9,9,99,99,9,9,99,9,99,1,9,6,6,3,-1,-1,2995,1,5,PORSCHE CAYENNE,3,E01032581,0,2
2024542864224,2024,542864224,2,9,0,4,4,8,5,0,0,1,0,0,0,0,1,1,1,1,1,51,8,2967,2,10,PORSCHE CAYENNE,6,E01015574,0,1
2024010550039,2024,010550039,1,9,0,99,99,9,9,99,99,9,9,99,9,99,9,9,6,6,2,47,8,2995,1,0,PORSCHE CAYENNE,9,E01003808,0,1
2024010535086,2024,010535086,2,9,0,99,99,9,9,0,0,9,9,99,9,99,1,9,6,6,3,-1,-1,2995,1,4,PORSCHE CAYENNE,2,E01003048,0,3
2024421467506,2024,421467506,1,9,0,-1,1,1,5,-1,0,0,0,0,0,0,2,1,-1,9,1,-1,-1,2995,8,13,PORSCHE CAYENNE,-1,-1,0,-1
2024010521676,2024,010521676,1,9,0,9,9,1,7,0,0,5,0,0,0,0,2,1,6,6,1,62,9,4511,1,20,PORSCHE CAYENNE,-1,-1,0,-1
2024471407792,2024,471407792,3,9,0,-1,19,7,3,-1,0,0,0,0,0,0,3,1,-1,9,1,55,8,2967,2,9,PORSCHE CAYENNE,7,E01016859,0,3
2024010497351,2024,010497351,1,9,0,99,99,9,9,99,99,0,9,99,9,99,2,9,6,6,2,48,8,2967,2,15,PORSCHE CAYENNE,5,E01000994,0,1
2024411409097,2024,411409097,1,9,0,-1,19,1,5,-1,0,0,0,0,0,0,1,9,-1,9,1,44,7,2967,2,8,PORSCHE CAYENNE,10,E01023453,0,3
2024131509956,2024,131509956,2,9,0,-1,5,1,5,-1,5,1,0,0,0,0,4,1,-1,9,2,36,7,2967,2,11,PORSCHE CAYENNE,1,E01010626,0,1
2024421505962,2024,421505962,1,9,0,-1,5,3,1,-1,0,0,0,0,0,0,1,1,-1,7,2,43,7,2995,1,5,PORSCHE CAYENNE,7,E01033145,0,1
2024010546734,2024,010546734,1,9,0,99,99,9,9,99,99,9,9,99,9,99,9,9,6,6,3,-1,-1,3996,1,0,PORSCHE CAYENNE,5,E01004501,0,2
2024332400588,2024,332400588,1,9,0,-1,9,3,8,-1,0,6,0,0,0,0,1,1,-1,2,2,39,7,2995,8,0,PORSCHE CAYENNE,8,W01001392,0,5
2024122400344,2024,122400344,2,9,0,18,19,5,1,0,0,0,0,0,0,0,2,1,6,6,2,27,6,2967,2,6,PORSCHE CAYENNE,8,E01027896,0,3
2024201444563,2024,201444563,1,9,0,-1,5,2,6,-1,0,0,0,0,0,0,1,1,-1,6,1,30,6,3996,1,1,PORSCHE CAYENNE,-1,-1,0,-1
2024430181433,2024,430181433,1,9,0,1,1,6,2,0,0,1,0,0,0,0,2,1,6,6,2,47,8,2967,2,6,PORSCHE CAYENNE,-1,-1,0,-1
2024010521792,2024,010521792,2,9,9,99,99,9,9,99,99,0,9,99,9,99,9,9,6,6,3,-1,-1,2995,1,6,PORSCHE CAYENNE,-1,-1,0,-1
2024461474599,2024,461474599,1,9,0,-1,15,7,3,-1,0,0,0,0,0,0,1,1,-1,6,1,46,8,4134,2,7,PORSCHE CAYENNE,5,E01024238,0,1
2024622400739,2024,622400739,4,9,0,2,2,0,0,0,0,1,0,0,0,0,1,1,6,6,3,-1,-1,2967,2,12,PORSCHE CAYENNE,-1,-1,0,-1
2024010548053,2024,010548053,1,9,0,17,19,1,5,0,0,1,2,4,0,0,1,1,6,6,1,32,6,2995,1,5,PORSCHE CAYENNE,8,E01024100,0,4
2024131405034,2024,131405034,1,9,0,-1,9,3,7,-1,0,0,0,0,0,0,3,1,-1,6,1,46,8,2995,8,5,PORSCHE CAYENNE,2,E01011837,0,1
2024461432087,2024,461432087,1,9,0,-1,19,3,7,-1,0,0,0,0,0,0,1,9,-1,6,1,45,7,2967,2,14,PORSCHE CAYENNE,5,E01024356,0,1
2024122500472,2024,122500472,1,9,0,5,5,8,4,0,0,2,0,0,0,0,3,1,6,6,1,63,9,3189,1,20,PORSCHE CAYENNE,6,E01027741,0,1
2024061399359,2024,061399359,3,9,0,-1,19,3,7,-1,0,0,0,0,0,0,1,9,-1,6,1,-1,-1,2967,2,6,PORSCHE CAYENNE,9,E01018601,0,3
2024101503362,2024,101503362,1,9,-1,-1,19,8,4,-1,0,0,0,0,0,0,1,9,-1,6,2,42,7,2995,1,2,PORSCHE CAYENNE,-1,-1,0,-1
2024332400712,2024,332400712,2,9,0,-1,9,6,4,-1,0,6,0,0,0,0,1,1,-1,6,3,-1,-1,2995,8,1,PORSCHE CAYENNE,-1,-1,0,-1
2024010536521,2024,010536521,1,9,0,8,8,5,7,0,0,3,0,0,0,0,1,1,3,7,1,45,7,2894,1,5,PORSCHE CAYENNE,6,E01001990,0,1
2024320731721,2024,320731721,1,9,0,-1,-1,7,3,0,0,0,1,0,1,11,1,1,6,6,1,49,8,4806,1,15,PORSCHE CAYENNE,6,E01026100,0,2
2024010505015,2024,010505015,2,9,0,99,99,9,9,99,99,0,9,99,9,99,9,9,6,6,1,-1,-1,2995,1,6,PORSCHE CAYENNE,-1,-1,0,-1
2024221462644,2024,221462644,2,9,0,-1,19,7,3,-1,0,4,0,0,0,0,1,1,-1,6,2,25,5,2995,8,3,PORSCHE CAYENNE,5,E01032340,0,1
2024131412996,2024,131412996,1,9,0,-1,19,-1,-1,-1,-1,1,-1,-1,-1,0,-1,1,-1,6,3,40,7,3996,8,4,PORSCHE CAYENNE,-1,-1,0,-1
2024010548497,2024,010548497,2,9,0,99,99,9,9,99,99,9,9,99,9,99,9,9,6,6,1,43,7,3189,1,19,PORSCHE CAYENNE,3,E01004405,0,1
2024052500332,2024,052500332,2,9,0,18,19,5,8,0,0,8,0,0,0,0,1,1,6,6,1,52,8,4134,2,7,PORSCHE CAYENNE,7,E01006795,0,1
2024010538835,2024,010538835,1,9,0,17,19,3,7,9,9,5,1,10,1,3,1,1,6,6,1,36,7,4806,1,17,PORSCHE CAYENNE,-1,-1,0,-1
2024101441726,2024,101441726,2,9,0,-1,9,5,2,-1,0,5,0,0,0,0,3,1,-1,9,1,59,9,2967,2,7,PORSCHE CAYENNE,4,E01020620,0,4
2024340WN1032,2024,340WN1032,1,9,0,-1,19,2,6,-1,0,0,0,0,0,0,1,1,-1,9,1,45,7,2967,2,10,PORSCHE CAYENNE,6,E01027176,0,1
2024211472042,2024,211472042,2,9,0,-1,2,0,0,-1,0,2,0,0,0,0,2,1,-1,9,1,44,7,2995,8,2,PORSCHE CAYENNE,-1,-1,0,-1
2024501472616,2024,501472616,1,9,0,-1,9,1,7,-1,0,1,0,0,0,0,1,1,-1,6,2,62,9,2995,1,2,PORSCHE CAYENNE,9,E01020248,0,2
2024501395639,2024,501395639,1,9,0,-1,4,1,3,-1,0,0,1,0,0,0,1,1,-1,2,1,57,9,2995,8,1,PORSCHE CAYENNE,5,E01020319,0,1
2024451410431,2024,451410431,5,9,0,-1,19,3,7,-1,0,0,0,0,0,0,2,1,-1,9,1,46,8,2995,1,1,PORSCHE CAYENNE,5,E01001611,0,4
2024991426643,2024,991426643,1,2,0,-1,19,3,7,-1,0,0,5,0,0,0,4,1,-1,9,1,52,8,49,1,4,-1,-1,-1,0,-1
2024010535736,2024,010535736,1,9,0,99,99,9,9,99,99,9,9,99,9,99,9,9,6,6,2,63,9,996,1,7,SUZUKI CELERIO,4,E01024510,0,5
2024320501868,2024,320501868,1,9,0,4,4,2,6,0,0,0,0,0,0,0,1,1,-1,-1,2,78,11,998,1,7,SUZUKI CELERIO,1,E01026173,0,1
2024061490958,2024,061490958,1,9,0,-1,9,-1,-1,-1,0,1,0,0,0,0,4,1,-1,2,2,43,7,998,1,6,SUZUKI CELERIO,9,E01006277,0,1
2024332400207,2024,332400207,2,9,0,-1,19,6,2,-1,0,8,0,0,1,0,1,1,-1,2,2,52,8,996,1,7,SUZUKI CELERIO,9,E01028419,0,3
2024131509909,2024,131509909,2,9,0,-1,11,7,1,-1,0,0,0,0,0,0,3,1,-1,2,2,52,8,998,1,6,SUZUKI CELERIO,4,E01011206,0,3
2024131467214,2024,131467214,1,9,0,-1,19,7,3,-1,0,0,0,0,0,0,1,1,-1,9,2,56,9,996,1,8,SUZUKI CELERIO,2,E01011450,0,1
2024461412258,2024,461412258,1,9,0,-1,4,7,3,-1,0,0,0,0,0,0,1,9,-1,6,2,42,7,998,1,6,SUZUKI CELERIO,3,E01024742,0,2
2024552401420,2024,552401420,1,9,0,18,19,4,8,0,0,0,0,4,0,0,1,1,6,6,2,63,9,998,1,8,SUZUKI CELERIO,3,E01020574,0,1
2024131492674,2024,131492674,2,9,0,-1,19,6,2,-1,0,8,0,0,0,0,1,1,-1,9,2,54,8,996,1,9,SUZUKI CELERIO,2,E01011785,0,1
2024122400915,2024,122400915,4,9,0,18,19,2,6,0,0,0,0,0,1,0,1,1,6,6,1,58,9,998,1,7,SUZUKI CELERIO,4,E01027811,0,3
2024010531091,2024,010531091,1,9,0,9,9,1,6,0,0,8,0,0,0,0,3,1,6,6,1,25,5,998,1,9,SUZUKI CELERIO,-1,-1,0,-1
2024501533109,2024,501533109,2,9,0,-1,19,4,8,-1,0,1,0,7,1,10,3,1,-1,1,1,22,5,998,1,7,SUZUKI CELERIO,6,E01018835,0,1
2024371444867,2024,371444867,2,9,0,-1,2,0,0,-1,0,0,0,0,0,0,1,1,-1,6,-1,-1,-1,996,1,9,SUZUKI CELERIO,-1,-1,0,-1
2024052400545,2024,052400545,1,9,0,18,19,5,1,0,0,4,1,10,3,0,1,1,6,6,1,80,11,996,1,8,SUZUKI CELERIO,2,E01006977,0,3
2024231423596,2024,231423596,2,9,0,-1,3,6,2,-1,0,0,0,0,0,0,2,1,-1,1,1,52,8,998,1,7,SUZUKI CELERIO,10,E01025973,0,4
2024302401339,2024,302401339,1,9,0,18,19,8,4,0,0,0,0,0,0,0,3,1,6,6,3,-1,-1,998,1,7,SUZUKI CELERIO,5,E01019456,0,4
2024991398050,2024,991398050,1,9,0,-1,19,3,7,-1,0,0,5,0,1,4,1,1,-1,9,2,74,10,996,1,9,SUZUKI CELERIO,6,-1,0,2
2024440534392,2024,440534392,1,9,0,18,19,5,1,0,0,1,0,0,0,0,2,1,6,6,2,35,6,998,1,9,SUZUKI CELERIO,-1,-1,0,-1
2024122401293,2024,122401293,1,9,0,18,19,3,7,0,0,1,0,0,0,0,1,1,6,6,1,36,7,996,1,9,SUZUKI CELERIO,4,E01012192,0,4
2024991477132,2024,991477132,2,9,0,-1,4,3,7,-1,0,0,0,0,0,0,2,1,-1,6,2,45,7,996,1,8,SUZUKI CELERIO,6,-1,0,3
2024991462285,2024,991462285,2,9,0,-1,2,0,0,-1,0,0,0,0,0,0,2,1,-1,6,-1,-1,-1,998,1,9,SUZUKI CELERIO,-1,-1,0,-1
2024552401515,2024,552401515,1,9,0,7,7,7,8,0,0,8,0,0,0,0,1,1,6,6,2,81,11,998,1,10,SUZUKI CELERIO,2,E01015293,0,1
2024320733523,2024,320733523,2,9,0,-1,-1,3,7,0,0,1,0,0,0,0,1,1,6,6,1,75,10,998,1,5,SUZUKI CELERIO,-1,-1,0,-1
2024010534548,2024,010534548,1,9,9,99,99,9,9,99,99,9,9,99,9,99,9,9,6,6,3,-1,-1,996,1,8,SUZUKI CELERIO,-1,-1,0,-1
2024231431447,2024,231431447,1,9,0,-1,4,5,1,-1,0,1,0,0,0,0,2,9,-1,6,1,64,9,996,1,9,SUZUKI CELERIO,5,E01031088,0,2
2024131453163,2024,131453163,1,9,0,-1,19,3,7,-1,0,8,0,0,0,0,1,1,-1,6,2,58,9,998,1,8,SUZUKI CELERIO,3,E01011242,0,1
2024052401757,2024,052401757,1,9,0,7,7,5,7,0,0,1,0,0,0,0,1,1,6,6,2,57,9,996,1,7,SUZUKI CELERIO,1,E01006820,0,1
2024320126200,2024,320126200,2,9,0,-1,-1,4,8,0,0,8,0,0,0,0,1,1,-1,-1,1,78,11,996,1,9,SUZUKI CELERIO,3,E01026235,0,3