collision_index,collision_year,collision_ref_no,vehicle_reference,vehicle_type,towing_and_articulation,vehicle_manoeuvre_historic,vehicle_manoeuvre,vehicle_direction_from,vehicle_direction_to,vehicle_location_restricted_lane_historic,vehicle_location_restricted_lane,junction_location,skidding_and_overturning,hit_object_in_carriageway,vehicle_leaving_carriageway,hit_object_off_carriageway,first_point_of_impact,vehicle_left_hand_drive,journey_purpose_of_driver_historic,journey_purpose_of_driver,sex_of_driver,age_of_driver,age_band_of_driver,engine_capacity_cc,propulsion_code,age_of_vehicle,generic_make_model,driver_imd_decile,lsoa_of_driver,escooter_flag,driver_distance_banding
2024010499055,2024,010499055,2,9,9,99,99,9,9,99,99,9,9,99,9,99,9,9,6,6,3,-1,-1,998,1,5,SUZUKI CELERIO,-1,-1,0,-1
2024361427432,2024,361427432,1,9,0,-1,9,3,7,-1,0,8,0,0,0,0,1,1,-1,6,1,80,11,998,1,9,SUZUKI CELERIO,8,E01026653,0,1
2024371537300,2024,371537300,1,9,0,-1,19,6,1,-1,9,0,0,0,8,2,3,1,-1,6,1,43,7,996,1,8,SUZUKI CELERIO,6,E01030235,0,1
2024371491321,2024,371491321,2,9,-1,-1,-1,-1,-1,-1,-1,0,-1,-1,-1,0,2,9,-1,2,2,30,6,998,1,5,SUZUKI CELERIO,2,E01030170,0,3
2024552401462,2024,552401462,1,9,0,18,19,6,2,0,0,0,0,0,0,0,1,1,6,6,2,26,6,996,1,8,SUZUKI CELERIO,6,E01020549,0,3
2024411463759,2024,411463759,2,9,-1,-1,-1,-1,-1,-1,-1,0,-1,-1,-1,0,4,9,-1,2,2,20,4,998,1,7,SUZUKI CELERIO,6,E01023583,0,1
2024991534374,2024,991534374,2,9,0,-1,19,8,4,-1,0,0,0,0,0,0,1,1,-1,9,1,41,7,996,1,7,SUZUKI CELERIO,7,-1,0,2
2024221419499,2024,221419499,1,9,0,-1,19,4,7,-1,0,4,0,0,0,0,1,9,-1,6,2,82,11,998,1,8,SUZUKI CELERIO,4,E01014121,0,1
2024161438867,2024,161438867,3,9,0,-1,3,3,7,-1,0,0,0,0,0,0,2,1,-1,6,2,38,7,998,1,6,SUZUKI CELERIO,1,E01013218,0,1
2024061420426,2024,061420426,1,9,0,-1,19,1,5,-1,0,0,0,0,0,0,1,1,-1,9,2,53,8,998,1,6,SUZUKI CELERIO,5,E01005556,0,1
2024101436830,2024,101436830,1,9,0,-1,19,3,7,-1,0,0,0,0,0,0,1,1,-1,6,2,20,4,998,1,7,SUZUKI CELERIO,10,E01008549,0,1
2024552400729,2024,552400729,2,9,0,18,19,2,6,0,0,8,0,0,1,10,1,1,6,6,1,84,11,998,1,5,SUZUKI CELERIO,8,E01020497,0,1
2024061422277,2024,061422277,2,9,0,-1,-1,-1,-1,-1,-1,0,-1,-1,-1,0,-1,1,-1,2,2,27,6,996,1,8,SUZUKI CELERIO,3,E01006246,0,1
2024451448917,2024,451448917,1,9,0,-1,9,1,1,-1,0,5,0,0,0,0,1,1,-1,9,1,89,11,996,1,8,SUZUKI CELERIO,5,E01022616,0,4
2024501492632,2024,501492632,1,9,0,-1,7,7,1,-1,0,2,0,0,0,0,1,1,-1,6,2,69,10,996,1,8,SUZUKI CELERIO,2,E01020039,0,1
2024421405949,2024,421405949,2,9,0,-1,2,0,0,-1,9,0,0,0,0,0,2,9,-1,6,-1,-1,-1,998,1,9,SUZUKI CELERIO,-1,-1,0,-1
2024070625973,2024,070625973,2,9,0,17,19,8,4,0,0,0,0,0,0,0,1,1,6,6,2,48,8,996,1,7,SUZUKI CELERIO,1,E01012396,0,3
2024411463776,2024,411463776,2,9,0,-1,10,1,7,-1,0,1,0,0,0,0,2,1,-1,9,2,84,11,998,1,7,SUZUKI CELERIO,10,E01023459,0,1
2024141423802,2024,141423802,3,9,0,-1,19,2,6,-1,0,0,2,12,0,0,1,1,-1,9,1,26,6,996,1,8,SUZUKI CELERIO,1,E01007760,0,3
2024631512144,2024,631512144,1,9,0,-1,5,8,4,-1,0,4,0,0,0,0,1,1,-1,6,2,45,7,996,1,8,SUZUKI CELERIO,1,W01000631,0,1
2024991448724,2024,991448724,2,9,0,-1,19,7,2,-1,0,0,0,0,0,0,1,1,-1,9,2,54,8,996,1,7,SUZUKI CELERIO,1,-1,0,1
2024131451333,2024,131451333,2,9,0,-1,9,4,2,-1,0,8,0,0,0,0,1,1,-1,6,2,58,9,998,1,7,SUZUKI CELERIO,3,E01011100,0,2
2024131473493,2024,131473493,2,9,0,-1,19,7,3,-1,0,0,0,0,0,0,4,1,-1,9,1,77,11,998,1,8,SUZUKI CELERIO,4,E01011208,0,1
2024991435466,2024,991435466,1,9,0,-1,19,4,8,-1,0,1,0,0,1,0,1,1,-1,7,2,73,10,996,1,7,SUZUKI CELERIO,5,-1,0,1
2024440387295,2024,440387295,1,9,0,18,19,7,3,0,0,1,0,0,0,0,1,1,6,6,1,74,10,998,1,8,SUZUKI CELERIO,2,E01022899,0,1
2024522403284,2024,522403284,1,9,0,11,11,4,8,9,9,2,0,0,1,0,4,1,6,6,3,-1,-1,998,1,9,SUZUKI CELERIO,-1,-1,0,-1
2024201487767,2024,201487767,1,9,0,-1,7,1,3,-1,0,5,0,10,1,11,1,1,-1,9,1,86,11,998,1,7,SUZUKI CELERIO,6,E01009869,0,1
2024211433692,2024,211433692,1,9,0,-1,5,5,1,-1,0,6,0,0,0,0,4,2,-1,6,2,46,8,998,1,7,SUZUKI CELERIO,3,E01014321,0,1
2024631464646,2024,631464646,1,9,0,-1,19,4,8,-1,0,0,1,0,2,10,1,1,-1,6,2,78,11,998,1,7,SUZUKI CELERIO,2,W01000729,0,1
2024471456100,2024,471456100,1,9,0,-1,19,1,5,-1,0,2,0,0,0,0,1,1,-1,6,1,78,11,998,1,6,SUZUKI CELERIO,3,E01020913,0,1
2024610025624,2024,610025624,2,9,0,13,13,3,7,0,0,0,0,0,1,9,1,1,1,1,1,37,7,998,1,8,SUZUKI CELERIO,6,W01000492,0,4
2024041453025,2024,041453025,1,9,0,-1,19,7,3,-1,0,0,0,0,0,0,1,1,-1,2,2,41,7,996,1,8,SUZUKI CELERIO,7,E01025339,0,1
2024131415413,2024,131415413,1,9,0,-1,2,0,0,-1,0,0,0,0,0,0,2,1,-1,6,-1,-1,-1,998,1,8,SUZUKI CELERIO,-1,-1,0,-1
2024421451203,2024,421451203,1,9,0,-1,19,5,8,-1,0,0,0,10,0,0,1,1,-1,9,2,79,11,998,1,8,SUZUKI CELERIO,3,E01021871,0,2
2024010514671,2024,010514671,3,9,0,3,3,5,1,0,0,1,0,0,0,0,3,1,6,6,2,62,9,998,1,9,SUZUKI CELERIO,6,E01002111,0,1
2024501500072,2024,501500072,1,9,0,-1,4,3,7,-1,0,1,0,0,0,0,1,1,-1,9,1,68,10,996,1,8,SUZUKI CELERIO,4,W01001155,0,4
2024461478268,2024,461478268,3,9,0,-1,19,7,3,-1,0,0,2,0,7,0,1,1,-1,9,1,68,10,996,1,8,SUZUKI CELERIO,6,E01024804,0,1
2024991408256,2024,991408256,1,9,0,-1,19,2,8,-1,0,8,1,0,3,9,1,1,-1,9,1,63,9,998,1,7,SUZUKI CELERIO,5,-1,0,3
2024131466175,2024,131466175,3,9,0,-1,2,0,0,-1,0,5,0,0,0,0,3,1,-1,6,-1,-1,-1,998,1,7,SUZUKI CELERIO,-1,-1,0,-1
2024070519149,2024,070519149,2,9,0,4,4,1,5,0,0,1,0,0,0,0,0,1,6,6,2,-1,-1,998,1,6,SUZUKI CELERIO,6,E01018421,0,1
2024501510669,2024,501510669,1,9,0,-1,19,3,7,-1,0,4,0,0,0,0,1,1,-1,9,2,81,11,996,1,9,SUZUKI CELERIO,9,E01020185,0,1
2024302401195,2024,302401195,1,9,0,17,19,3,8,0,0,2,0,0,0,0,1,1,6,6,1,24,5,2491,1,22,-1,6,E01012378,0,4
2024131457170,2024,131457170,3,9,0,-1,3,3,7,-1,0,0,0,0,0,0,2,1,-1,6,2,73,10,998,1,13,-1,6,E01011517,0,1
2024471410733,2024,471410733,1,9,0,-1,19,3,7,-1,0,1,0,0,0,0,4,1,-1,9,1,20,4,998,1,13,-1,4,E01031434,0,2
2024451527382,2024,451527382,1,9,0,-1,19,7,3,-1,0,0,1,0,0,0,4,1,-1,9,2,25,5,1998,1,32,TOYOTA MR2,6,E01023138,0,2
2024131508243,2024,131508243,2,9,0,-1,19,1,5,-1,0,1,0,0,0,0,1,1,-1,6,3,-1,-1,1990,1,33,TOYOTA MR2,-1,-1,0,-1
2024461406362,2024,461406362,1,9,0,-1,9,4,6,-1,0,2,0,0,0,0,1,1,-1,6,1,69,10,1794,1,19,TOYOTA MR2,4,E01016048,0,1
2024430053209,2024,430053209,2,9,0,18,19,2,6,0,0,0,0,0,0,0,2,1,2,2,2,47,8,1794,1,21,TOYOTA MR2,9,E01028571,0,3
2024401477170,2024,401477170,1,9,0,-1,9,3,7,-1,0,3,1,0,0,0,1,1,-1,2,1,20,4,1998,1,32,TOYOTA MR2,6,E01017437,0,1
2024471439359,2024,471439359,1,9,0,-1,19,5,1,-1,0,0,0,0,0,0,1,1,-1,9,1,34,6,1794,1,23,TOYOTA MR2,5,E01031743,0,3
2024471403108,2024,471403108,1,9,0,-1,19,1,5,-1,0,0,0,0,1,0,1,1,-1,9,1,67,10,1794,1,24,TOYOTA MR2,7,E01021182,0,4
2024231529243,2024,231529243,2,9,0,-1,19,4,2,-1,0,8,0,0,0,0,4,1,-1,6,1,33,6,1794,1,20,TOYOTA MR2,7,E01031224,0,3
2024231509763,2024,231509763,1,9,0,-1,19,4,7,-1,0,0,5,0,0,0,4,1,-1,6,1,32,6,1998,1,33,TOYOTA MR2,1,E01009122,0,4
2024351523227,2024,351523227,1,9,0,-1,19,2,6,-1,0,0,2,0,6,0,4,1,-1,9,1,64,9,1587,1,34,TOYOTA MR2,6,E01018156,0,2
2024501501115,2024,501501115,1,9,0,-1,19,8,4,-1,0,0,1,0,0,0,3,1,-1,6,1,55,8,2000,1,29,TOYOTA MR2,6,E01019902,0,2
2024231509870,2024,231509870,1,9,0,-1,9,2,8,-1,0,5,0,0,0,0,1,1,-1,2,1,20,4,1794,1,21,TOYOTA MR2,7,E01028474,0,3
2024991431967,2024,991431967,1,9,0,-1,19,5,2,-1,0,0,2,0,2,0,1,1,-1,9,1,25,5,1990,1,34,TOYOTA MR2,6,E01028497,0,5
2024622400696,2024,622400696,1,9,0,13,13,7,4,0,0,0,2,0,0,0,1,1,6,6,1,47,8,1794,1,19,TOYOTA MR2,2,W01001705,0,3
2024211543601,2024,211543601,2,9,0,-1,2,0,0,-1,0,0,0,0,0,0,1,1,-1,6,1,40,7,1587,1,35,TOYOTA MR2,-1,-1,0,-1
2024361403574,2024,361403574,1,9,0,-1,19,1,5,-1,0,0,5,0,1,0,1,1,-1,9,1,27,6,1998,1,32,TOYOTA MR2,5,E01026493,0,1
2024221463156,2024,221463156,2,9,0,-1,19,5,3,-1,0,8,0,0,0,0,1,1,-1,6,2,19,4,1298,1,26,-1,8,E01032220,0,2
2024531410145,2024,531410145,2,9,0,-1,19,5,1,-1,0,0,0,0,1,0,3,1,-1,6,1,37,7,1332,1,25,-1,7,E01022277,0,1
2024141495802,2024,141495802,1,9,0,-1,3,1,5,-1,0,1,0,0,0,0,2,1,-1,2,2,24,5,1332,1,27,-1,5,E01008113,0,1
2024311415406,2024,311415406,2,9,0,-1,4,3,7,-1,0,0,0,0,0,0,2,1,-1,9,1,81,11,1332,1,26,-1,7,E01028182,0,3
2024451507453,2024,451507453,2,9,0,-1,3,3,7,-1,0,0,0,0,0,0,2,1,-1,6,1,78,11,1332,1,26,-1,4,E01031585,0,3
2024461500344,2024,461500344,2,9,0,-1,19,1,5,-1,0,0,0,0,0,0,1,1,-1,6,1,44,7,1332,1,26,-1,-1,-1,0,-1
2024221498685,2024,221498685,2,9,0,-1,19,1,5,-1,0,8,0,0,0,0,1,1,-1,9,2,80,11,1332,1,26,-1,9,E01032218,0,1
2024061482417,2024,061482417,1,9,0,-1,19,1,1,-1,0,6,1,0,1,0,1,1,-1,6,1,25,5,1332,1,26,-1,3,E01004834,0,1
2024010542661,2024,010542661,2,8,0,99,99,9,9,99,99,9,9,99,9,99,2,9,6,6,3,-1,-1,1364,1,8,VAUXHALL ZAFIRA,-1,-1,0,-1
2024351522199,2024,351522199,3,9,0,-1,19,5,1,-1,0,0,0,0,0,0,2,1,-1,9,2,52,8,1686,2,11,VAUXHALL ZAFIRA,6,E01015620,0,3
2024201491676,2024,201491676,1,9,0,-1,19,7,3,-1,0,8,0,0,0,0,1,1,-1,9,2,63,9,1598,1,13,VAUXHALL ZAFIRA,4,E01009236,0,1
2024401402082,2024,401402082,2,9,0,-1,2,3,7,-1,0,1,0,0,0,0,2,9,-1,9,1,62,9,1796,1,17,VAUXHALL ZAFIRA,2,E01015733,0,1
2024451399171,2024,451399171,1,9,0,-1,19,1,5,-1,0,1,0,0,0,0,3,1,-1,2,1,40,7,1796,1,14,VAUXHALL ZAFIRA,9,E01030933,0,1
2024991461104,2024,991461104,1,9,0,-1,19,3,7,-1,0,1,0,0,7,0,1,1,-1,6,2,45,7,1598,1,18,VAUXHALL ZAFIRA,3,-1,0,1
2024520403166,2024,520403166,2,9,0,9,9,5,7,0,0,8,0,0,0,0,4,1,6,6,3,-1,-1,1364,1,8,VAUXHALL ZAFIRA,-1,-1,0,-1
2024631460069,2024,631460069,1,9,0,-1,19,7,4,-1,0,2,0,0,0,0,1,1,-1,9,1,35,6,1598,1,11,VAUXHALL ZAFIRA,8,W01000445,0,3
2024221476391,2024,221476391,2,9,0,-1,19,8,4,-1,0,8,0,0,0,0,3,1,-1,6,2,60,9,1598,1,14,VAUXHALL ZAFIRA,9,W01000910,0,5
2024440195569,2024,440195569,1,9,0,18,19,8,4,0,0,0,0,4,0,0,1,1,6,6,1,76,11,1910,2,18,VAUXHALL ZAFIRA,7,E01022880,0,1
2024161467403,2024,161467403,2,9,0,-1,19,8,4,-1,0,1,0,0,0,0,1,1,-1,2,2,48,8,1796,1,13,VAUXHALL ZAFIRA,5,E01013287,0,4
2024131431642,2024,131431642,2,9,0,-1,19,5,1,-1,0,8,0,0,0,0,1,1,-1,2,1,26,6,1956,2,12,VAUXHALL ZAFIRA,1,E01011476,0,1
2024461480542,2024,461480542,1,9,0,-1,19,2,7,-1,0,0,0,0,0,0,3,1,-1,6,2,57,9,1796,1,15,VAUXHALL ZAFIRA,10,E01024471,0,1
2024311396702,2024,311396702,1,9,0,-1,2,4,8,-1,0,2,0,0,0,0,1,1,-1,6,2,35,6,1956,2,9,VAUXHALL ZAFIRA,2,E01013904,0,1
2024010544974,2024,010544974,2,9,9,99,99,9,9,99,99,4,9,99,9,99,9,9,6,6,3,33,6,1364,1,10,VAUXHALL ZAFIRA,3,E01003627,0,1
2024010541365,2024,010541365,1,9,0,99,99,9,9,99,99,9,9,99,9,99,2,9,2,2,1,37,7,1598,1,12,VAUXHALL ZAFIRA,6,E01002358,0,1
2024010528556,2024,010528556,1,9,0,18,19,8,4,2,2,1,0,0,0,0,1,1,6,6,1,52,8,1598,1,11,VAUXHALL ZAFIRA,-1,-1,0,-1
2024161454573,2024,161454573,3,9,0,-1,2,0,0,-1,0,2,0,0,0,0,3,1,-1,6,-1,-1,-1,1796,1,17,VAUXHALL ZAFIRA,-1,-1,0,-1
2024340WN2902,2024,340WN2902,2,9,0,-1,3,1,5,-1,0,1,0,0,0,0,2,1,-1,6,2,58,9,1686,2,12,VAUXHALL ZAFIRA,2,E01027155,0,1
2024610008524,2024,610008524,1,9,0,18,19,7,3,0,0,8,0,0,0,0,4,1,6,6,1,35,6,1956,2,8,VAUXHALL ZAFIRA,3,W01001387,0,1
2024320260973,2024,320260973,2,9,0,-1,-1,1,5,0,0,0,0,0,0,0,2,2,6,6,1,77,11,1796,1,11,VAUXHALL ZAFIRA,9,E01027745,0,5
2024351430716,2024,351430716,1,9,0,-1,19,1,5,-1,0,1,0,7,0,0,1,1,-1,2,2,21,5,1796,1,21,VAUXHALL ZAFIRA,9,E01017988,0,1
2024010522148,2024,010522148,1,9,0,99,99,9,9,99,99,4,9,99,9,99,1,9,6,6,3,54,8,1598,1,11,VAUXHALL ZAFIRA,3,E01002185,0,2
2024201428667,2024,201428667,1,9,0,-1,12,2,6,-1,0,0,0,0,0,0,1,9,-1,6,2,28,6,1910,2,17,VAUXHALL ZAFIRA,1,E01010095,0,1
2024320042159,2024,320042159,1,9,0,-1,-1,6,2,0,0,0,0,11,0,0,1,1,-1,-1,2,30,6,1598,1,11,VAUXHALL ZAFIRA,7,E01026329,0,3
2024461483052,2024,461483052,2,9,0,-1,10,6,3,-1,0,1,0,0,0,0,2,1,-1,2,2,51,8,1364,1,9,VAUXHALL ZAFIRA,2,E01024840,0,1
2024471443760,2024,471443760,1,9,0,-1,19,3,8,-1,0,1,0,0,0,0,4,1,-1,2,1,33,6,1910,2,17,VAUXHALL ZAFIRA,2,E01034827,0,1
2024622400137,2024,622400137,1,9,0,18,19,8,4,0,0,1,0,0,0,0,1,1,6,6,1,57,9,1686,2,10,VAUXHALL ZAFIRA,7,E01001472,0,5
2024501487295,2024,501487295,1,9,0,-1,19,5,1,-1,0,0,0,0,0,0,1,1,-1,9,2,44,7,1362,1,12,VAUXHALL ZAFIRA,6,E01003435,0,5
2024052400861,2024,052400861,2,9,0,2,2,0,0,0,0,1,0,0,0,0,2,1,6,6,3,-1,-1,1598,2,8,VAUXHALL ZAFIRA,-1,-1,0,-1
2024061473021,2024,061473021,1,9,0,-1,6,3,3,-1,0,0,0,0,0,0,3,1,-1,9,2,33,6,1956,2,10,VAUXHALL ZAFIRA,2,E01005105,0,1
2024010551442,2024,010551442,2,9,0,7,7,2,5,0,0,6,0,0,0,0,1,1,6,6,1,50,8,1598,1,13,VAUXHALL ZAFIRA,-1,-1,0,-1
2024461438421,2024,461438421,3,9,0,-1,2,0,0,-1,0,0,0,0,0,0,2,1,-1,6,-1,50,8,1598,1,17,VAUXHALL ZAFIRA,-1,-1,0,-1
2024461443774,2024,461443774,1,9,0,-1,5,1,5,-1,0,1,0,0,0,0,1,9,-1,6,1,38,7,1796,1,18,VAUXHALL ZAFIRA,4,E01024281,0,3
2024201492479,2024,201492479,1,9,0,-1,7,3,5,-1,0,3,0,0,0,0,3,9,-1,1,1,30,6,1686,2,10,VAUXHALL ZAFIRA,2,E01009082,0,3
2024061531953,2024,061531953,1,9,0,-1,6,7,3,-1,0,0,0,0,0,0,1,2,-1,9,1,33,6,1686,2,12,VAUXHALL ZAFIRA,1,E01034113,0,1
2024111500942,2024,111500942,1,9,0,-1,9,1,7,-1,0,2,0,0,0,0,1,1,-1,6,2,30,6,1598,1,16,VAUXHALL ZAFIRA,1,E01012318,0,1
2024549349524,2024,549349524,1,9,0,7,7,6,2,0,0,6,0,0,0,0,1,1,6,6,2,38,7,1956,2,10,VAUXHALL ZAFIRA,6,E01015568,0,2
2024211501075,2024,211501075,2,9,0,-1,19,4,8,-1,0,8,0,0,0,0,1,1,-1,6,1,41,7,1796,1,17,VAUXHALL ZAFIRA,2,E01010338,0,2
2024471429289,2024,471429289,1,9,0,-1,19,8,4,-1,0,8,0,0,0,0,1,1,-1,9,2,49,8,1910,2,14,VAUXHALL ZAFIRA,4,E01020947,0,1
2024361418665,2024,361418665,2,9,0,-1,19,8,4,-1,0,0,0,0,7,0,1,1,-1,1,1,53,8,1686,2,12,VAUXHALL ZAFIRA,3,E01026458,0,3
2024221469660,2024,221469660,1,9,0,-1,9,5,2,-1,0,0,1,4,0,0,1,1,-1,6,2,32,6,1910,2,18,VAUXHALL ZAFIRA,3,E01033246,0,1
2024501502775,2024,501502775,2,9,0,-1,19,7,3,-1,0,0,0,0,0,0,1,1,-1,6,2,53,8,1910,2,17,VAUXHALL ZAFIRA,5,E01018904,0,3
2024451450286,2024,451450286,1,9,0,-1,19,7,3,-1,0,1,0,0,0,0,1,1,-1,9,1,56,9,1598,1,11,VAUXHALL ZAFIRA,5,E01030663,0,1
2024052402810,2024,052402810,1,9,0,18,19,5,1,0,0,0,0,0,0,0,1,1,6,6,1,37,7,1598,1,19,VAUXHALL ZAFIRA,1,E01007304,0,1
2024010516263,2024,010516263,1,9,0,5,5,5,1,0,0,6,0,4,0,0,2,1,6,6,3,-1,-1,1796,1,16,VAUXHALL ZAFIRA,-1,-1,0,-1
2024111529216,2024,111529216,4,9,0,-1,19,8,5,-1,0,0,0,0,0,0,1,1,-1,9,2,39,7,1598,1,11,VAUXHALL ZAFIRA,3,E01020876,0,3
2024131448751,2024,131448751,1,9,0,-1,19,1,5,-1,0,0,0,0,0,0,1,1,-1,9,1,39,7,1956,2,11,VAUXHALL ZAFIRA,1,E01010679,0,3
2024010520970,2024,010520970,2,9,0,99,99,9,9,99,99,9,9,99,9,99,9,9,6,6,3,-1,-1,1598,1,15,VAUXHALL ZAFIRA,-1,-1,0,-1
2024552401154,2024,552401154,1,9,0,18,19,8,4,0,0,8,0,0,7,11,3,1,6,6,2,23,5,1956,2,11,VAUXHALL ZAFIRA,3,E01020543,0,1
2024010532366,2024,010532366,1,9,0,18,19,7,3,0,0,2,0,0,0,0,1,1,3,7,2,49,8,1796,1,16,VAUXHALL ZAFIRA,9,E01000453,0,1
2024471457404,2024,471457404,2,9,0,-1,2,0,0,-1,9,0,0,0,0,0,4,1,-1,6,-1,-1,-1,1598,1,20,VAUXHALL ZAFIRA,-1,-1,0,-1
2024010528274,2024,010528274,2,9,0,2,2,0,0,0,0,5,0,0,0,0,2,1,6,6,3,-1,-1,1796,1,14,VAUXHALL ZAFIRA,-1,-1,0,-1
2024501457003,2024,501457003,2,9,0,-1,19,3,7,-1,0,0,0,0,0,0,1,1,-1,1,2,36,7,1598,1,16,VAUXHALL ZAFIRA,8,E01015119,0,1
2024221403827,2024,221403827,1,8,0,-1,9,8,6,-1,0,5,0,0,0,0,1,9,-1,1,1,27,6,1364,1,9,VAUXHALL ZAFIRA,8,E01032226,0,1
2024010550174,2024,010550174,2,9,0,99,99,9,9,99,99,9,9,99,9,99,2,9,6,6,2,45,7,1598,1,15,VAUXHALL ZAFIRA,4,E01003530,0,1
2024451443708,2024,451443708,2,9,0,-1,5,3,7,-1,0,0,0,0,7,11,4,1,-1,7,2,35,6,1796,1,10,VAUXHALL ZAFIRA,3,E01030608,0,1
2024010490606,2024,010490606,2,9,0,2,2,0,0,9,9,1,0,0,0,0,2,1,6,6,3,-1,-1,1364,1,8,VAUXHALL ZAFIRA,-1,-1,0,-1
2024440374615,2024,440374615,2,9,0,18,19,5,1,0,0,8,0,0,7,9,1,1,6,6,1,66,10,1598,2,8,VAUXHALL ZAFIRA,9,E01022782,0,1
2024052402538,2024,052402538,2,9,0,18,19,7,3,0,0,0,0,0,0,0,2,1,6,6,1,69,10,1686,2,11,VAUXHALL ZAFIRA,2,E01012402,0,3
2024320666716,2024,320666716,2,9,0,-1,-1,6,2,0,0,8,0,0,0,0,1,1,6,6,1,29,6,1796,1,10,VAUXHALL ZAFIRA,1,E01026168,0,1
2024552400672,2024,552400672,2,8,0,18,19,4,8,0,0,0,0,0,0,0,3,1,1,1,2,52,8,1910,2,16,VAUXHALL ZAFIRA,5,E01020490,0,1
2024010539425,2024,010539425,2,9,0,99,99,9,9,4,4,6,0,0,0,0,1,9,6,6,1,41,7,1364,1,8,VAUXHALL ZAFIRA,3,E01001589,0,1
2024010549238,2024,010549238,3,9,0,18,19,3,7,0,0,8,0,0,0,0,3,1,6,6,1,52,8,1598,1,15,VAUXHALL ZAFIRA,7,E01001678,0,3
2024161405961,2024,161405961,1,9,0,-1,2,0,0,-1,0,0,0,0,0,0,4,1,-1,6,-1,-1,-1,1796,1,15,VAUXHALL ZAFIRA,-1,-1,0,-1
2024010550418,2024,010550418,1,9,0,9,9,8,6,0,0,5,0,0,0,0,4,1,6,6,1,49,8,1364,1,7,VAUXHALL ZAFIRA,2,E01002096,0,1
2024361465417,2024,361465417,1,9,0,-1,19,3,7,-1,0,2,0,0,0,0,1,1,-1,9,2,58,9,1686,2,13,VAUXHALL ZAFIRA,3,E01026853,0,1
2024052400317,2024,052400317,1,9,0,18,19,5,1,0,0,0,0,0,0,0,1,1,6,6,1,-1,-1,1364,1,6,VAUXHALL ZAFIRA,7,E01006498,0,1
2024401509301,2024,401509301,2,9,-1,-1,-1,-1,-1,-1,-1,0,-1,-1,-1,0,-1,9,-1,9,2,51,8,1364,1,6,VAUXHALL ZAFIRA,5,E01015714,0,1
2024451410019,2024,451410019,2,9,0,-1,9,1,1,-1,0,4,0,0,0,0,1,1,-1,6,1,35,6,1598,1,12,VAUXHALL ZAFIRA,9,E01030313,0,1
2024520402555,2024,520402555,2,9,0,3,3,3,7,0,0,0,0,0,0,0,2,1,6,6,2,34,6,1598,1,18,VAUXHALL ZAFIRA,3,E01029280,0,1
2024101440905,2024,101440905,1,9,0,-1,9,6,4,-1,0,8,0,0,0,0,1,1,-1,6,1,27,6,1956,2,10,VAUXHALL ZAFIRA,2,E01008633,0,1
2024991464449,2024,991464449,1,9,0,-1,19,8,4,-1,0,0,1,6,0,0,1,1,-1,9,1,34,6,1598,1,16,VAUXHALL ZAFIRA,2,-1,0,2
2024302401501,2024,302401501,1,9,0,14,14,8,4,0,0,1,0,0,0,0,4,1,6,6,1,34,6,1956,2,11,VAUXHALL ZAFIRA,4,E01019522,0,1
2024501436226,2024,501436226,1,9,0,-1,4,4,8,-1,0,0,1,0,0,0,2,1,-1,2,1,27,6,1686,2,14,VAUXHALL ZAFIRA,2,E01015055,0,1
202454D186724,2024,54D186724,1,9,0,9,9,6,5,0,0,5,0,0,0,0,1,1,2,2,1,56,9,1796,1,11,VAUXHALL ZAFIRA,5,E01015479,0,1
2024401427597,2024,401427597,1,9,0,-1,5,4,8,-1,0,0,0,0,0,0,1,1,-1,6,1,51,8,1956,2,10,VAUXHALL ZAFIRA,1,E01013590,0,5
2024461467632,2024,461467632,2,9,0,-1,4,4,8,-1,0,1,0,0,0,0,2,2,-1,6,1,51,8,1686,2,12,VAUXHALL ZAFIRA,1,E01033211,0,1
2024411497848,2024,411497848,1,9,0,-1,7,3,5,-1,0,0,0,0,0,0,1,1,-1,6,2,48,8,1598,1,12,VAUXHALL ZAFIRA,8,E01023627,0,3
2024320215323,2024,320215323,3,8,0,9,9,8,6,0,0,5,0,0,0,0,2,1,6,6,1,30,6,1956,2,9,VAUXHALL ZAFIRA,2,E01026378,0,1
2024320683275,2024,320683275,2,9,0,-1,-1,8,4,0,0,0,0,0,0,0,3,1,-1,-1,2,62,9,1364,1,7,VAUXHALL ZAFIRA,8,E01026035,0,4
2024010539053,2024,010539053,2,9,0,7,7,9,9,99,99,9,9,99,9,99,9,9,6,6,3,-1,-1,1364,1,8,VAUXHALL ZAFIRA,-1,-1,0,-1
2024211482638,2024,211482638,1,9,0,-1,19,0,0,-1,0,1,0,0,0,0,1,1,-1,9,1,34,6,1796,1,17,VAUXHALL ZAFIRA,4,E01014268,0,1
2024052401728,2024,052401728,2,9,0,18,19,8,4,0,0,8,0,0,0,0,3,1,6,6,1,37,7,1910,2,16,VAUXHALL ZAFIRA,4,E01007046,0,2
2024440294968,2024,440294968,1,9,0,18,19,8,4,0,0,8,0,0,0,0,1,1,6,6,1,5,1,1796,1,10,VAUXHALL ZAFIRA,1,E01017035,0,1
2024421462973,2024,421462973,1,9,0,-1,19,7,3,-1,0,8,1,0,0,0,1,1,-1,1,2,30,6,1796,1,25,VAUXHALL ZAFIRA,6,E01021646,0,1
2024010532517,2024,010532517,1,9,0,99,99,9,9,99,99,0,9,99,9,99,9,9,6,6,2,38,7,2198,1,15,VAUXHALL ZAFIRA,9,E01003765,0,1
2024010530362,2024,010530362,2,9,0,99,99,9,9,99,99,9,9,99,9,99,2,9,6,6,3,-1,-1,1598,1,12,VAUXHALL ZAFIRA,-1,-1,0,-1