collision_index,collision_year,collision_ref_no,vehicle_reference,vehicle_type,towing_and_articulation,vehicle_manoeuvre_historic,vehicle_manoeuvre,vehicle_direction_from,vehicle_direction_to,vehicle_location_restricted_lane_historic,vehicle_location_restricted_lane,junction_location,skidding_and_overturning,hit_object_in_carriageway,vehicle_leaving_carriageway,hit_object_off_carriageway,first_point_of_impact,vehicle_left_hand_drive,journey_purpose_of_driver_historic,journey_purpose_of_driver,sex_of_driver,age_of_driver,age_band_of_driver,engine_capacity_cc,propulsion_code,age_of_vehicle,generic_make_model,driver_imd_decile,lsoa_of_driver,escooter_flag,driver_distance_banding
2024161439759,2024,161439759,1,9,0,-1,19,3,7,-1,0,1,0,0,0,0,4,1,-1,2,1,68,10,1598,1,14,VAUXHALL ZAFIRA,9,E01013193,0,1
2024522402776,2024,522402776,1,9,0,18,19,1,5,0,0,4,0,0,0,0,1,1,6,6,1,86,11,1598,1,14,VAUXHALL ZAFIRA,8,E01014705,0,1
2024302400046,2024,302400046,1,9,0,17,19,6,3,0,0,0,1,0,1,9,1,1,1,1,1,32,6,1364,1,6,VAUXHALL ZAFIRA,2,E01028029,0,4
2024340NN3222,2024,340NN3222,1,9,0,-1,19,7,3,-1,0,1,0,0,0,0,4,1,-1,9,2,37,7,1956,2,10,VAUXHALL ZAFIRA,8,E01026980,0,2
2024161402242,2024,161402242,1,9,0,-1,19,5,1,-1,0,0,0,0,0,0,1,1,-1,6,3,-1,-1,1364,1,9,VAUXHALL ZAFIRA,-1,-1,0,-1
2024401449334,2024,401449334,2,9,0,-1,19,6,1,-1,0,0,0,0,7,11,4,1,-1,2,1,50,8,1364,1,9,VAUXHALL ZAFIRA,7,E01023832,0,4
2024010540394,2024,010540394,1,9,0,12,12,5,1,0,0,0,0,0,0,0,1,1,2,2,1,55,8,1598,1,18,VAUXHALL ZAFIRA,2,E01003324,0,1
2024010533713,2024,010533713,1,9,0,3,3,7,3,0,0,1,0,0,0,0,1,1,6,6,1,24,5,1796,1,10,VAUXHALL ZAFIRA,-1,-1,0,-1
2024461431951,2024,461431951,1,9,0,-1,19,7,3,-1,0,1,2,10,2,10,4,1,-1,6,3,-1,-1,1598,1,15,VAUXHALL ZAFIRA,-1,-1,0,-1
2024501485740,2024,501485740,2,9,0,-1,12,7,3,-1,0,0,1,0,0,0,1,1,-1,9,1,29,6,1796,1,19,VAUXHALL ZAFIRA,2,E01027937,0,5
2024052402437,2024,052402437,2,9,0,9,9,1,7,0,0,1,0,0,0,0,1,1,6,6,1,83,11,1598,1,11,VAUXHALL ZAFIRA,2,E01007205,0,1
2024010549628,2024,010549628,1,9,0,18,19,5,1,0,0,0,0,0,0,0,1,1,2,2,1,32,6,1364,1,6,VAUXHALL ZAFIRA,9,E01004073,0,1
2024461450777,2024,461450777,2,9,0,-1,19,4,6,-1,0,1,0,0,0,0,1,1,-1,6,1,40,7,1598,1,11,VAUXHALL ZAFIRA,8,E01024098,0,1
2024302401387,2024,302401387,1,9,0,18,19,8,4,0,0,8,0,0,0,0,3,1,6,6,2,46,8,1598,1,18,VAUXHALL ZAFIRA,-1,-1,0,-1
2024131468807,2024,131468807,1,9,0,-1,9,7,3,-1,0,5,0,0,7,0,3,1,-1,7,1,36,7,1598,1,15,VAUXHALL ZAFIRA,1,E01011430,0,1
2024411481402,2024,411481402,1,9,0,-1,4,2,6,-1,0,1,0,0,0,0,1,9,-1,6,1,54,8,1956,2,8,VAUXHALL ZAFIRA,4,E01023857,0,1
2024201493751,2024,201493751,1,9,0,-1,12,2,8,-1,0,5,0,0,0,0,1,1,-1,6,1,32,6,1598,2,8,VAUXHALL ZAFIRA,2,E01009266,0,1
2024320496041,2024,320496041,3,9,0,4,4,8,4,0,0,1,0,0,0,0,1,1,6,6,2,53,8,1796,1,18,VAUXHALL ZAFIRA,1,E01026308,0,1
2024421481968,2024,421481968,1,9,0,-1,9,4,1,-1,0,2,0,0,0,0,1,1,-1,9,1,65,9,1796,1,10,VAUXHALL ZAFIRA,1,E01021990,0,1
2024501460158,2024,501460158,1,9,0,-1,19,8,4,-1,0,0,2,0,2,10,4,1,-1,9,1,55,8,1686,2,10,VAUXHALL ZAFIRA,2,E01018949,0,3
2024010510045,2024,010510045,2,9,0,7,7,5,7,0,0,8,0,0,0,0,1,1,6,6,3,-1,-1,1598,1,16,VAUXHALL ZAFIRA,-1,-1,0,-1
2024131531369,2024,131531369,1,9,0,-1,19,1,1,-1,9,1,0,0,0,0,1,1,-1,6,1,27,6,1686,2,11,VAUXHALL ZAFIRA,3,E01011225,0,1
2024101522750,2024,101522750,1,9,0,-1,9,2,6,-1,0,5,0,0,0,0,1,1,-1,6,1,27,6,1598,1,18,VAUXHALL ZAFIRA,9,E01008520,0,1
2024111410818,2024,111410818,1,9,0,-1,6,5,3,-1,0,0,0,0,0,0,3,1,-1,9,2,27,6,1364,1,8,VAUXHALL ZAFIRA,2,E01012305,0,3
2024010500313,2024,010500313,2,9,0,18,19,7,3,0,0,4,0,0,0,0,1,1,6,6,1,39,7,1364,1,7,VAUXHALL ZAFIRA,3,E01001629,0,2
2024201488646,2024,201488646,2,9,0,-1,19,8,4,-1,0,0,0,0,0,0,2,1,-1,6,2,52,8,1796,1,10,VAUXHALL ZAFIRA,5,E01009032,0,1
2024010517002,2024,010517002,2,9,0,10,10,5,2,0,0,4,0,0,0,0,2,1,6,6,1,38,7,1364,1,7,VAUXHALL ZAFIRA,-1,-1,0,-1
2024440184104,2024,440184104,1,9,0,9,9,4,2,0,0,5,0,0,0,0,1,1,6,6,2,32,6,1910,2,14,VAUXHALL ZAFIRA,5,E01023010,0,1
2024131505673,2024,131505673,1,9,0,-1,13,2,6,-1,0,0,1,0,7,11,1,1,-1,6,1,42,7,1956,2,9,VAUXHALL ZAFIRA,2,E01007717,0,4
2024052401482,2024,052401482,1,9,0,14,14,7,3,0,0,0,0,0,0,0,1,1,2,2,2,-1,-1,1796,1,10,VAUXHALL ZAFIRA,5,E01006930,0,1
2024421419814,2024,421419814,2,9,0,-1,10,3,7,-1,0,5,0,0,0,0,2,1,-1,6,2,65,9,1796,1,20,VAUXHALL ZAFIRA,2,E01022039,0,2
2024351427919,2024,351427919,1,9,0,-1,9,6,2,-1,0,2,0,0,0,0,1,1,-1,7,2,35,6,1686,2,12,VAUXHALL ZAFIRA,3,E01026696,0,2
2024010547595,2024,010547595,1,9,9,99,99,9,9,99,99,0,9,99,9,99,9,9,6,6,3,-1,-1,1598,1,11,VAUXHALL ZAFIRA,-1,-1,0,-1
2024361422434,2024,361422434,2,9,0,-1,2,0,0,-1,0,0,0,0,0,0,3,1,-1,6,-1,-1,-1,1956,2,10,VAUXHALL ZAFIRA,-1,-1,0,-1
2024010515875,2024,010515875,1,9,0,4,4,7,3,0,0,4,0,0,0,0,2,1,6,6,2,54,8,1796,1,17,VAUXHALL ZAFIRA,6,E01015925,0,2
2024461492737,2024,461492737,3,9,0,-1,2,0,0,-1,0,2,0,4,0,0,1,1,-1,6,-1,63,9,1598,1,17,VAUXHALL ZAFIRA,-1,-1,0,-1
2024461471469,2024,461471469,1,9,0,-1,2,0,0,-1,0,0,0,0,0,0,0,9,-1,6,1,-1,-1,1598,1,19,VAUXHALL ZAFIRA,3,E01024539,0,1
2024161436741,2024,161436741,1,9,0,-1,7,7,1,-1,0,1,0,0,8,0,1,1,-1,6,2,40,7,1956,2,9,VAUXHALL ZAFIRA,6,E01013323,0,1
2024101506201,2024,101506201,2,9,0,-1,19,8,5,-1,0,8,1,0,1,0,1,1,-1,6,2,54,8,1364,1,9,VAUXHALL ZAFIRA,5,E01020617,0,1
2024461498537,2024,461498537,3,9,0,-1,19,8,4,-1,0,1,0,0,0,0,2,9,-1,6,3,-1,-1,1686,2,9,VAUXHALL ZAFIRA,-1,-1,0,-1
2024421435657,2024,421435657,2,9,0,-1,19,3,7,-1,0,0,0,0,0,0,2,9,-1,9,1,29,6,1910,2,14,VAUXHALL ZAFIRA,-1,-1,0,-1
2024421453092,2024,421453092,2,9,0,-1,19,7,3,-1,0,0,0,0,0,0,3,1,-1,9,2,41,7,1956,2,10,VAUXHALL ZAFIRA,8,E01021538,0,3
2024461407861,2024,461407861,1,9,0,-1,9,1,5,-1,0,5,1,0,0,0,1,1,-1,6,2,36,7,1796,1,14,VAUXHALL ZAFIRA,5,E01024243,0,4
2024501520513,2024,501520513,1,9,0,-1,19,5,1,-1,0,1,0,0,0,0,2,1,-1,9,2,31,6,1598,1,20,VAUXHALL ZAFIRA,3,E01018937,0,4
2024061473352,2024,061473352,1,9,0,-1,19,-1,-1,-1,0,1,0,0,0,0,1,1,-1,9,1,40,7,1598,1,14,VAUXHALL ZAFIRA,2,E01005915,0,1
2024010503159,2024,010503159,1,9,0,99,99,9,9,99,99,9,9,99,9,99,9,9,6,6,3,56,9,1364,1,8,VAUXHALL ZAFIRA,3,E01001638,0,1
2024010499684,2024,010499684,1,9,9,99,99,9,9,99,99,9,9,99,0,0,9,9,6,6,2,39,7,1598,1,11,VAUXHALL ZAFIRA,8,E01000665,0,1
2024351495552,2024,351495552,2,9,0,-1,19,5,1,-1,0,1,0,0,0,0,1,1,-1,7,2,21,5,1910,2,17,VAUXHALL ZAFIRA,10,E01018116,0,3
2024010518148,2024,010518148,1,9,0,9,9,3,1,0,0,8,0,0,0,0,1,1,6,6,1,44,7,1598,1,14,VAUXHALL ZAFIRA,8,E01001390,0,1
2024311480623,2024,311480623,1,9,0,-1,19,5,1,-1,0,1,0,0,0,0,1,1,-1,9,1,44,7,1956,2,10,VAUXHALL ZAFIRA,10,E01028315,0,3
2024052400970,2024,052400970,1,9,0,4,4,5,1,0,0,0,0,0,0,0,1,1,6,6,1,41,7,1686,2,13,VAUXHALL ZAFIRA,1,E01006600,0,2
2024161523000,2024,161523000,2,9,0,-1,19,3,7,-1,0,0,0,0,0,0,3,1,-1,6,1,42,7,1364,1,8,VAUXHALL ZAFIRA,9,E01012996,0,1
2024522500401,2024,522500401,1,9,0,10,10,5,2,0,0,8,0,0,0,0,4,1,6,6,2,43,7,1598,1,17,VAUXHALL ZAFIRA,5,E01014973,0,1
2024201486942,2024,201486942,1,9,0,-1,7,5,1,-1,0,1,0,10,1,0,1,9,-1,6,1,40,7,1598,1,11,VAUXHALL ZAFIRA,-1,-1,0,-1
2024010545239,2024,010545239,1,9,0,18,19,5,1,1,1,4,0,0,0,0,1,1,6,6,2,56,9,1598,1,11,VAUXHALL ZAFIRA,6,E01024152,0,2
2024101509743,2024,101509743,2,9,0,-1,19,5,1,-1,0,8,0,0,0,0,4,1,-1,6,2,42,7,1956,2,8,VAUXHALL ZAFIRA,3,E01008700,0,1
2024031438904,2024,031438904,1,9,0,-1,5,3,7,-1,0,0,0,0,0,0,1,1,-1,6,1,37,7,1956,2,11,VAUXHALL ZAFIRA,5,E01027487,0,4
2024401498958,2024,401498958,1,9,0,-1,5,5,2,-1,0,1,0,0,0,0,1,1,-1,7,1,47,8,1910,2,14,VAUXHALL ZAFIRA,4,E01017522,0,1
2024440176823,2024,440176823,1,9,0,18,19,6,2,0,0,0,0,0,0,0,2,1,6,6,2,54,8,1598,1,12,VAUXHALL ZAFIRA,5,E01031523,0,4
2024131440620,2024,131440620,2,9,0,-1,13,5,1,-1,0,1,0,0,0,0,1,1,-1,9,1,41,7,1956,2,9,VAUXHALL ZAFIRA,1,E01011475,0,2
2024991536080,2024,991536080,1,9,0,-1,19,6,1,-1,0,1,0,0,0,0,1,1,-1,6,1,49,8,1796,1,9,VAUXHALL ZAFIRA,4,-1,0,3
2024302401175,2024,302401175,1,9,0,9,9,4,2,0,0,8,0,0,0,0,1,1,6,6,2,37,7,1598,1,11,VAUXHALL ZAFIRA,9,E01019825,0,1
2024401498958,2024,401498958,2,9,0,-1,3,5,1,-1,0,1,0,0,0,0,2,1,-1,6,1,52,8,1598,1,17,VAUXHALL ZAFIRA,3,E01017539,0,1
2024461429592,2024,461429592,1,9,0,-1,19,6,2,-1,0,8,0,0,0,0,1,9,-1,6,2,48,8,1956,2,10,VAUXHALL ZAFIRA,5,E01024086,0,1
2024161398278,2024,161398278,3,9,0,-1,19,8,4,-1,0,0,0,0,0,0,1,1,-1,9,1,55,8,1598,1,15,VAUXHALL ZAFIRA,10,E01013054,0,1
2024061487466,2024,061487466,1,9,0,-1,14,1,5,-1,0,0,0,10,0,0,1,1,-1,2,1,44,7,1910,2,16,VAUXHALL ZAFIRA,4,E01032559,0,4
2024440288994,2024,440288994,2,9,0,18,19,6,2,0,0,0,1,0,0,0,3,1,2,2,2,51,8,1796,1,14,VAUXHALL ZAFIRA,2,E01017238,0,3
2024421441645,2024,421441645,1,9,0,-1,12,2,6,-1,0,0,0,0,0,0,3,1,-1,9,1,34,6,1995,2,20,VAUXHALL ZAFIRA,5,E01034090,0,1
2024131397715,2024,131397715,1,9,0,-1,19,7,3,-1,0,1,1,0,0,0,1,1,-1,6,3,-1,-1,1910,2,15,VAUXHALL ZAFIRA,-1,-1,0,-1
2024471458056,2024,471458056,2,9,0,-1,19,3,7,-1,0,0,0,0,1,0,2,1,-1,9,1,43,7,1910,2,14,VAUXHALL ZAFIRA,8,E01031620,0,1
2024361521481,2024,361521481,2,9,0,-1,19,3,7,-1,0,8,0,0,0,0,1,1,-1,7,2,44,7,1598,1,12,VAUXHALL ZAFIRA,8,E01026578,0,1
2024552401105,2024,552401105,2,9,0,3,3,2,6,0,0,1,0,0,0,0,2,1,6,6,2,33,6,1910,2,17,VAUXHALL ZAFIRA,1,E01029247,0,4
2024351534060,2024,351534060,1,9,0,-1,19,8,4,-1,0,1,0,0,0,0,1,1,-1,6,2,69,10,1364,1,8,VAUXHALL ZAFIRA,3,E01017979,0,1
2024340NN1722,2024,340NN1722,1,9,0,-1,9,7,3,-1,0,5,0,0,0,0,1,1,-1,1,2,46,8,1796,1,14,VAUXHALL ZAFIRA,2,E01026961,0,1
2024010535134,2024,010535134,1,9,0,18,19,8,4,0,0,8,5,7,5,6,1,1,6,6,1,30,6,1796,1,16,VAUXHALL ZAFIRA,4,E01033789,0,1
2024221515259,2024,221515259,2,9,0,-1,19,2,7,-1,0,8,0,0,1,11,4,1,-1,6,1,41,7,1598,1,11,VAUXHALL ZAFIRA,9,E01028865,0,2
2024440128532,2024,440128532,1,9,0,9,9,5,3,0,0,8,0,0,0,0,4,1,6,6,2,32,6,1598,1,11,VAUXHALL ZAFIRA,3,E01023145,0,1
2024161529050,2024,161529050,1,9,0,-1,19,3,7,-1,0,0,0,0,0,0,4,9,-1,6,2,-1,-1,1686,2,13,VAUXHALL ZAFIRA,-1,-1,0,-1
2024320545021,2024,320545021,2,9,0,4,4,4,8,0,0,0,0,0,0,0,2,1,-1,-1,2,39,7,1598,1,20,VAUXHALL ZAFIRA,4,E01026271,0,2
2024101505453,2024,101505453,2,9,0,-1,2,5,1,-1,0,0,0,0,0,0,0,1,-1,9,2,42,7,1956,2,10,VAUXHALL ZAFIRA,4,E01027382,0,2
2024430233363,2024,430233363,1,9,0,18,19,1,5,0,0,0,0,0,0,0,1,1,6,6,2,51,8,1364,1,8,VAUXHALL ZAFIRA,6,E01028631,0,1
2024041459322,2024,041459322,2,9,0,-1,4,5,1,-1,0,1,0,0,0,0,2,1,-1,6,1,46,8,1796,1,10,VAUXHALL ZAFIRA,6,E01025330,0,1
2024041411761,2024,041411761,2,9,0,-1,2,0,0,-1,0,0,0,4,0,0,4,1,-1,6,-1,-1,-1,1598,1,12,VAUXHALL ZAFIRA,-1,-1,0,-1
2024430360703,2024,430360703,2,8,0,18,19,2,6,0,0,4,0,0,0,0,1,1,6,6,1,-1,-1,1686,2,11,VAUXHALL ZAFIRA,-1,-1,0,-1
2024201436040,2024,201436040,1,9,0,-1,19,1,5,-1,0,4,0,0,0,0,3,1,-1,6,1,38,7,1598,1,19,VAUXHALL ZAFIRA,1,E01010272,0,1
2024520402161,2024,520402161,1,9,0,3,3,5,1,0,0,0,0,0,0,0,2,1,6,6,2,-1,-1,1686,2,13,VAUXHALL ZAFIRA,1,E01029107,0,3
2024221406217,2024,221406217,2,9,0,-1,19,6,3,-1,0,8,0,0,0,0,4,1,-1,6,2,33,6,1686,2,12,VAUXHALL ZAFIRA,4,E01032201,0,1
2024161517237,2024,161517237,1,9,0,-1,4,1,5,-1,0,1,0,0,0,0,4,1,-1,9,2,36,7,1598,1,17,VAUXHALL ZAFIRA,6,E01012765,0,1
2024161465983,2024,161465983,1,9,0,-1,9,2,1,-1,0,8,0,0,0,0,1,1,-1,2,1,21,5,1686,2,12,VAUXHALL ZAFIRA,2,E01012872,0,1
2024010507044,2024,010507044,2,9,0,99,99,9,9,99,99,9,9,99,9,99,9,9,6,6,3,-1,-1,1364,1,7,VAUXHALL ZAFIRA,-1,-1,0,-1
2024041485590,2024,041485590,2,9,0,-1,19,7,3,-1,0,0,0,0,1,0,1,1,-1,2,1,37,7,1910,2,15,VAUXHALL ZAFIRA,3,E01006780,0,3
2024411523185,2024,411523185,3,9,0,-1,2,0,0,-1,0,1,0,0,0,0,4,1,-1,6,-1,-1,-1,1796,1,10,VAUXHALL ZAFIRA,-1,-1,0,-1
2024501451959,2024,501451959,2,9,0,-1,4,1,5,-1,0,8,0,0,0,0,2,1,-1,9,1,38,7,1956,2,8,VAUXHALL ZAFIRA,4,E01019980,0,1
2024201436907,2024,201436907,1,9,0,-1,19,8,4,-1,0,3,0,0,0,0,3,9,-1,9,1,45,7,1686,2,13,VAUXHALL ZAFIRA,10,E01010153,0,1
2024061473443,2024,061473443,2,9,0,-1,19,4,8,-1,0,0,0,0,0,0,3,1,-1,9,2,38,7,1956,2,11,VAUXHALL ZAFIRA,1,E01005340,0,1
2024501475486,2024,501475486,1,9,0,-1,1,6,8,-1,0,6,0,0,0,0,2,1,-1,1,1,65,9,1956,2,8,VAUXHALL ZAFIRA,6,E01019021,0,1
2024010526692,2024,010526692,1,9,0,18,19,5,1,0,0,2,0,4,0,0,1,1,6,6,1,82,11,1796,1,23,VAUXHALL ZAFIRA,9,E01001531,0,1
2024201484118,2024,201484118,1,9,0,-1,9,4,1,-1,0,5,0,0,0,0,1,9,-1,6,2,44,7,1796,1,14,VAUXHALL ZAFIRA,1,E01009353,0,1
2024371506318,2024,371506318,2,9,0,-1,4,1,5,-1,0,2,0,0,0,0,2,1,-1,9,2,41,7,1910,2,18,VAUXHALL ZAFIRA,2,E01030274,0,1
2024501470437,2024,501470437,2,9,0,-1,19,5,1,-1,0,8,0,0,0,0,1,1,-1,9,1,32,6,1796,1,18,VAUXHALL ZAFIRA,3,E01018788,0,1
2024531502792,2024,531502792,4,9,0,-1,19,7,3,-1,0,0,0,0,0,0,2,1,-1,7,2,37,7,1364,1,10,VAUXHALL ZAFIRA,8,E01032938,0,1
2024361417886,2024,361417886,1,9,0,-1,19,1,6,-1,0,0,0,0,0,0,1,1,-1,6,1,29,6,1796,1,16,VAUXHALL ZAFIRA,3,E01026736,0,4
2024332400746,2024,332400746,1,9,0,-1,9,1,7,-1,0,5,0,0,0,0,1,1,-1,6,2,25,5,1598,1,14,VAUXHALL ZAFIRA,3,E01013690,0,1
2024501444174,2024,501444174,1,9,0,-1,19,2,6,-1,0,1,0,0,0,0,1,9,-1,6,1,-1,-1,1796,1,22,VAUXHALL ZAFIRA,-1,-1,0,-1
2024010498404,2024,010498404,1,9,0,18,19,1,5,0,0,2,1,0,0,0,1,9,6,6,1,57,9,1598,1,15,VAUXHALL ZAFIRA,2,E01003243,0,1
2024421502156,2024,421502156,1,9,0,-1,19,3,7,-1,0,8,0,0,0,0,1,1,-1,9,1,61,9,1956,2,10,VAUXHALL ZAFIRA,1,E01021317,0,2
2024131479979,2024,131479979,1,9,0,-1,-1,-1,-1,-1,-1,-1,-1,-1,-1,0,-1,1,-1,6,3,-1,-1,1796,1,18,VAUXHALL ZAFIRA,-1,-1,0,-1
2024031425975,2024,031425975,2,9,0,-1,3,8,7,-1,0,0,0,0,0,0,2,9,-1,6,2,32,6,1956,2,10,VAUXHALL ZAFIRA,2,E01019173,0,1
2024440173146,2024,440173146,1,9,0,18,19,5,1,0,0,0,0,0,0,0,4,1,3,7,2,46,8,1598,1,14,VAUXHALL ZAFIRA,3,E01017075,0,1
2024311483185,2024,311483185,1,9,0,-1,19,5,1,-1,0,8,0,0,0,0,4,1,-1,9,1,27,6,1598,1,17,VAUXHALL ZAFIRA,1,E01028256,0,1
2024461471806,2024,461471806,1,9,0,-1,19,5,1,-1,0,0,0,0,0,0,1,1,-1,9,1,34,6,1956,2,9,VAUXHALL ZAFIRA,4,E01024281,0,1
2024351522121,2024,351522121,3,9,0,-1,-1,-1,-1,-1,-1,-1,-1,-1,-1,0,-1,9,-1,6,2,55,8,1796,1,17,VAUXHALL ZAFIRA,8,E01018203,0,1
2024311515021,2024,311515021,1,9,0,-1,2,0,0,-1,0,0,0,0,0,0,4,1,-1,6,2,28,6,1796,1,17,VAUXHALL ZAFIRA,-1,-1,0,-1
2024320421417,2024,320421417,2,9,0,-1,-1,5,1,0,0,1,0,0,0,0,2,1,-1,-1,2,30,6,1598,2,8,VAUXHALL ZAFIRA,9,E01026231,0,3
2024471399179,2024,471399179,2,9,0,-1,9,5,1,-1,0,2,0,0,0,0,1,1,-1,9,1,35,6,1796,1,17,VAUXHALL ZAFIRA,1,E01031429,0,1
2024361469432,2024,361469432,2,9,0,-1,4,2,6,-1,0,0,0,0,0,0,2,1,-1,1,1,63,9,1598,1,16,VAUXHALL ZAFIRA,3,E01018093,0,1
2024010543676,2024,010543676,1,9,0,17,19,7,3,0,0,1,0,0,0,0,2,1,6,6,1,47,8,1598,1,14,VAUXHALL ZAFIRA,2,E01000954,0,1
2024320261026,2024,320261026,2,9,0,-1,-1,4,8,0,0,0,0,0,0,0,3,1,-1,-1,1,73,10,1956,2,9,VAUXHALL ZAFIRA,2,E01026097,0,3
2024061526413,2024,061526413,1,9,0,-1,19,-1,-1,-1,99,6,0,0,0,0,1,1,-1,2,1,56,9,1598,1,15,VAUXHALL ZAFIRA,1,E01005383,0,1
2024421511085,2024,421511085,1,9,0,-1,19,5,1,-1,0,0,0,0,0,0,1,2,-1,9,1,28,6,1910,2,16,VAUXHALL ZAFIRA,10,E01022084,0,2
2024340NN4542,2024,340NN4542,2,9,0,-1,2,0,0,-1,0,0,0,0,0,0,3,1,-1,9,2,36,7,1956,2,10,VAUXHALL ZAFIRA,4,E01027130,0,2
2024070207131,2024,070207131,1,9,0,5,5,1,5,0,0,4,0,0,0,0,3,1,6,6,1,54,8,1796,1,20,VAUXHALL ZAFIRA,5,E01005617,0,3
2024501495823,2024,501495823,2,9,0,-1,2,0,0,-1,0,1,0,0,0,0,1,1,-1,9,2,64,9,1910,2,17,VAUXHALL ZAFIRA,3,E01018869,0,1
2024451398184,2024,451398184,2,9,0,-1,6,5,1,-1,0,0,0,0,0,0,1,1,-1,9,2,40,7,1796,1,12,VAUXHALL ZAFIRA,3,E01005031,0,5
2024201441223,2024,201441223,2,9,0,-1,4,1,5,-1,0,1,0,0,0,0,2,1,-1,6,1,30,6,1796,1,17,VAUXHALL ZAFIRA,1,E01009382,0,1
2024041503584,2024,041503584,1,9,0,-1,5,5,3,-1,0,8,0,0,0,0,1,1,-1,6,2,41,7,1598,1,17,VAUXHALL ZAFIRA,1,E01012571,0,1
2024440096525,2024,440096525,2,9,0,17,19,8,5,0,0,1,0,0,0,0,1,1,2,2,1,48,8,1956,2,9,VAUXHALL ZAFIRA,4,E01017013,0,1
2024320305569,2024,320305569,2,8,0,-1,-1,5,1,0,0,1,0,0,0,0,1,-1,1,1,1,61,9,1956,2,9,VAUXHALL ZAFIRA,-1,-1,0,-1
2024401553339,2024,401553339,1,9,0,-1,19,7,3,-1,0,4,0,0,0,0,1,1,-1,6,1,83,11,1910,2,15,VAUXHALL ZAFIRA,10,E01017553,0,1
2024320695151,2024,320695151,1,9,0,-1,-1,6,2,0,0,0,0,0,0,0,1,1,6,6,1,27,6,1598,1,11,VAUXHALL ZAFIRA,5,E01026052,0,1
2024201457433,2024,201457433,2,9,0,-1,3,8,4,-1,0,0,0,0,0,0,0,9,-1,9,2,32,6,1796,1,16,VAUXHALL ZAFIRA,10,E01022771,0,5
2024440015169,2024,440015169,1,9,0,4,4,5,1,0,0,1,0,0,0,0,2,1,6,6,2,33,6,1598,1,14,VAUXHALL ZAFIRA,7,E01022672,0,1
2024461506764,2024,461506764,1,9,0,-1,5,5,2,-1,0,2,0,0,0,0,1,9,-1,7,2,40,7,1598,1,18,VAUXHALL ZAFIRA,4,E01035319,0,2
2024461471118,2024,461471118,1,9,0,-1,19,1,5,-1,0,0,0,0,0,0,1,9,-1,6,1,-1,-1,1796,1,21,VAUXHALL ZAFIRA,2,E01024600,0,2
2024451533780,2024,451533780,1,9,0,-1,9,3,7,-1,0,5,0,0,0,0,1,1,-1,6,1,69,10,2198,1,21,VAUXHALL ZAFIRA,9,E01030713,0,1
2024501447309,2024,501447309,1,9,0,-1,19,1,3,-1,0,6,0,0,0,0,1,1,-1,9,2,62,9,1364,1,10,VAUXHALL ZAFIRA,6,E01018824,0,1
2024131486564,2024,131486564,2,9,0,-1,19,2,8,-1,0,4,0,0,0,0,1,1,-1,2,1,53,8,1598,1,15,VAUXHALL ZAFIRA,1,E01011484,0,2
2024010523151,2024,010523151,1,9,0,2,2,0,0,0,0,0,0,0,0,0,0,1,6,6,3,-1,-1,1598,1,18,VAUXHALL ZAFIRA,-1,-1,0,-1
2024421490560,2024,421490560,4,9,0,-1,2,0,0,-1,9,2,0,0,0,0,1,1,-1,6,-1,-1,-1,1956,2,11,VAUXHALL ZAFIRA,-1,-1,0,-1
2024141451351,2024,141451351,1,9,0,-1,19,3,7,-1,0,3,0,0,0,0,1,1,-1,9,1,53,8,1598,1,17,VAUXHALL ZAFIRA,3,E01007480,0,1
2024311500804,2024,311500804,2,9,0,-1,19,1,5,-1,0,8,0,0,0,0,1,1,-1,6,1,45,7,1956,2,10,VAUXHALL ZAFIRA,1,E01013879,0,1
2024052401251,2024,052401251,1,9,0,9,9,7,4,0,0,5,0,0,0,0,1,1,1,1,1,33,6,1796,7,10,VAUXHALL ZAFIRA,1,E01008913,0,5
2024401416724,2024,401416724,2,9,0,-1,3,1,5,-1,0,0,0,0,0,0,1,9,-1,9,2,30,6,1598,1,15,VAUXHALL ZAFIRA,7,E01017427,0,1
2024461513315,2024,461513315,1,9,0,-1,13,7,3,-1,0,0,0,0,0,0,4,9,-1,6,1,36,7,1910,2,16,VAUXHALL ZAFIRA,4,E01024281,0,2
2024052400600,2024,052400600,1,9,0,18,19,3,7,0,0,0,0,0,0,0,1,1,6,6,1,16,4,1598,1,17,VAUXHALL ZAFIRA,2,E01025529,0,3
2024131491764,2024,131491764,2,9,0,-1,5,3,7,-1,0,8,0,0,0,0,4,1,-1,9,1,43,7,1598,1,16,VAUXHALL ZAFIRA,1,E01011106,0,2
2024361495520,2024,361495520,1,9,0,-1,19,1,5,-1,0,1,0,0,0,0,1,1,-1,6,2,42,7,1598,1,18,VAUXHALL ZAFIRA,2,E01030246,0,3
2024131434955,2024,131434955,2,9,0,-1,9,5,2,-1,0,2,0,0,0,0,1,1,-1,9,1,49,8,1686,2,12,VAUXHALL ZAFIRA,2,E01011926,0,1
2024311433129,2024,311433129,1,9,0,-1,19,7,3,-1,0,1,0,0,0,0,1,1,-1,6,2,54,8,1910,2,14,VAUXHALL ZAFIRA,9,E01028059,0,1
2024440200370,2024,440200370,4,9,0,2,2,0,0,0,0,0,0,0,0,0,2,1,6,6,3,-1,-1,1796,1,17,VAUXHALL ZAFIRA,-1,-1,0,-1
202417S314224,2024,17S314224,1,9,0,-1,19,7,3,-1,0,0,0,0,0,0,2,1,-1,9,1,46,8,1956,2,11,VAUXHALL ZAFIRA,2,E01012081,0,1
2024052401664,2024,052401664,2,9,0,18,19,7,3,0,0,1,0,0,0,0,1,1,6,6,1,64,9,1956,2,10,VAUXHALL ZAFIRA,5,E01006892,0,1
2024201445808,2024,201445808,1,9,0,-1,5,4,8,-1,0,2,2,10,6,0,3,1,-1,6,2,39,7,1598,1,14,VAUXHALL ZAFIRA,-1,-1,0,-1