collision_index,collision_year,collision_ref_no,vehicle_reference,vehicle_type,towing_and_articulation,vehicle_manoeuvre_historic,vehicle_manoeuvre,vehicle_direction_from,vehicle_direction_to,vehicle_location_restricted_lane_historic,vehicle_location_restricted_lane,junction_location,skidding_and_overturning,hit_object_in_carriageway,vehicle_leaving_carriageway,hit_object_off_carriageway,first_point_of_impact,vehicle_left_hand_drive,journey_purpose_of_driver_historic,journey_purpose_of_driver,sex_of_driver,age_of_driver,age_band_of_driver,engine_capacity_cc,propulsion_code,age_of_vehicle,generic_make_model,driver_imd_decile,lsoa_of_driver,escooter_flag,driver_distance_banding
2024201440184,2024,201440184,2,9,0,-1,19,5,1,-1,0,1,0,0,0,0,1,9,-1,1,1,56,9,1956,2,9,VAUXHALL ZAFIRA,1,E01008910,0,1
2024401463031,2024,401463031,3,9,0,-1,4,1,5,-1,0,1,0,0,0,0,2,1,-1,6,1,39,7,1956,2,7,VAUXHALL ZAFIRA,5,E01015768,0,1
2024010533971,2024,010533971,1,9,0,99,99,9,9,99,99,9,9,99,9,99,1,9,6,6,2,64,9,1598,1,11,VAUXHALL ZAFIRA,5,E01000799,0,1
2024131481207,2024,131481207,1,9,0,-1,19,1,5,-1,0,8,0,0,0,0,1,1,-1,9,2,36,7,1598,1,15,VAUXHALL ZAFIRA,2,E01011912,0,1
2024141519424,2024,141519424,2,9,0,-1,19,7,3,-1,0,8,0,0,0,0,1,1,-1,6,3,41,7,1956,2,9,VAUXHALL ZAFIRA,-1,-1,0,-1
2024451432250,2024,451432250,1,9,0,-1,2,1,5,-1,99,0,0,0,0,0,2,1,-1,9,1,41,7,1598,1,15,VAUXHALL ZAFIRA,4,E01030481,0,1
2024471420497,2024,471420497,2,9,0,-1,2,0,0,-1,0,0,0,0,0,0,4,1,-1,6,-1,-1,-1,1362,1,12,VAUXHALL ZAFIRA,-1,-1,0,-1
2024461439969,2024,461439969,2,9,0,-1,19,5,1,-1,0,3,0,0,0,0,2,1,-1,9,2,31,6,1956,2,10,VAUXHALL ZAFIRA,1,E01024658,0,1
2024430346440,2024,430346440,1,9,0,2,2,0,0,0,0,0,0,0,0,0,1,2,6,6,1,43,7,1956,2,8,VAUXHALL ZAFIRA,3,E01016834,0,2
2024010507634,2024,010507634,1,9,0,18,19,4,8,0,0,0,0,0,0,0,1,1,3,7,1,42,7,1364,1,7,VAUXHALL ZAFIRA,-1,-1,0,-1
2024471464544,2024,471464544,1,9,0,-1,19,5,1,-1,0,0,1,0,1,7,3,1,-1,9,1,55,8,1598,1,18,VAUXHALL ZAFIRA,5,E01031806,0,4
2024421467992,2024,421467992,1,9,0,-1,19,5,7,-1,0,2,0,0,0,0,3,1,-1,9,2,31,6,1686,2,13,VAUXHALL ZAFIRA,1,E01021988,0,1
202417M117424,2024,17M117424,1,9,0,-1,19,8,4,-1,0,4,0,0,0,0,1,1,-1,2,2,43,7,1598,1,11,VAUXHALL ZAFIRA,7,E01012189,0,2
2024201524609,2024,201524609,2,9,0,-1,19,6,2,-1,0,0,0,0,0,0,0,1,-1,6,2,33,6,1956,2,11,VAUXHALL ZAFIRA,5,E01009916,0,2
2024141459073,2024,141459073,1,9,0,-1,19,8,4,-1,0,8,0,0,0,0,1,9,-1,6,2,35,6,1598,1,14,VAUXHALL ZAFIRA,3,E01007569,0,1
2024401444946,2024,401444946,2,9,0,-1,19,1,5,-1,0,0,0,0,0,0,4,9,-1,6,2,58,9,1598,1,11,VAUXHALL ZAFIRA,3,E01015781,0,1
2024421509133,2024,421509133,2,9,0,-1,19,3,1,-1,0,8,0,0,0,0,1,1,-1,9,1,37,7,1598,1,16,VAUXHALL ZAFIRA,9,E01030191,0,4
2024552401083,2024,552401083,2,9,0,18,19,1,5,0,0,0,0,0,0,0,1,1,3,7,2,43,7,1364,1,7,VAUXHALL ZAFIRA,8,E01020344,0,1
2024201479882,2024,201479882,1,9,0,-1,14,6,2,-1,0,0,0,0,0,0,1,1,-1,6,2,39,7,1364,1,7,VAUXHALL ZAFIRA,1,E01034922,0,1
2024430402404,2024,430402404,1,9,0,11,11,4,8,0,0,0,1,0,1,4,4,1,6,6,2,65,9,1364,1,6,VAUXHALL ZAFIRA,3,E01016445,0,4
2024201512651,2024,201512651,2,9,0,-1,19,6,2,-1,0,8,0,0,0,0,1,9,-1,6,1,35,6,1364,1,9,VAUXHALL ZAFIRA,1,E01009306,0,2
2024010527022,2024,010527022,1,9,0,9,9,5,3,0,0,1,0,0,0,0,1,1,6,6,2,66,10,1364,1,8,VAUXHALL ZAFIRA,9,E01003910,0,1
2024622400597,2024,622400597,2,9,0,2,2,0,0,0,0,0,0,0,0,0,3,1,6,6,3,-1,-1,1796,1,10,VAUXHALL ZAFIRA,-1,-1,0,-1
2024421515466,2024,421515466,1,9,0,-1,19,1,5,-1,0,2,0,0,0,0,1,1,-1,9,1,43,7,1956,2,12,VAUXHALL ZAFIRA,2,E01015917,0,1
2024010507404,2024,010507404,1,9,0,18,19,7,3,0,0,0,0,0,0,0,4,1,6,6,1,33,6,1364,1,7,VAUXHALL ZAFIRA,9,E01004587,0,1
2024361526794,2024,361526794,2,9,0,-1,19,8,5,-1,0,8,5,0,1,0,3,1,-1,9,2,43,7,1598,1,18,VAUXHALL ZAFIRA,5,E01026654,0,1
2024361495259,2024,361495259,1,9,0,-1,19,2,6,-1,0,0,0,0,0,0,1,1,-1,9,2,35,6,1598,1,12,VAUXHALL ZAFIRA,4,E01030285,0,2
2024430352045,2024,430352045,1,9,0,18,19,4,8,0,0,8,0,0,0,0,4,1,1,1,1,45,7,1910,2,17,VAUXHALL ZAFIRA,-1,-1,0,-1
2024471407268,2024,471407268,2,9,0,-1,19,1,5,-1,0,0,0,0,0,0,1,1,-1,7,2,31,6,1796,1,10,VAUXHALL ZAFIRA,8,E01031446,0,2
2024010527256,2024,010527256,4,9,0,99,99,9,9,99,99,9,9,99,9,99,9,9,6,6,3,-1,-1,1598,1,11,VAUXHALL ZAFIRA,-1,-1,0,-1
2024522401104,2024,522401104,1,9,0,18,19,5,1,0,0,8,0,0,0,0,1,1,6,6,1,59,9,1598,1,11,VAUXHALL ZAFIRA,8,E01014739,0,2
2024131505250,2024,131505250,1,9,0,-1,19,3,7,-1,0,8,0,0,0,0,1,1,-1,9,1,68,10,1364,1,9,VAUXHALL ZAFIRA,2,E01005590,0,4
2024201507783,2024,201507783,1,9,0,-1,5,6,2,-1,0,3,0,0,0,0,1,1,-1,6,1,54,8,1686,2,11,VAUXHALL ZAFIRA,3,E01009947,0,1
2024221524802,2024,221524802,1,9,0,-1,19,2,6,-1,0,0,2,0,1,0,4,1,-1,6,1,36,7,1598,1,17,VAUXHALL ZAFIRA,5,E01032174,0,2
2024440026612,2024,440026612,1,9,0,5,5,3,7,0,0,1,0,0,0,0,3,1,6,6,2,28,6,1598,1,12,VAUXHALL ZAFIRA,4,E01017034,0,1
2024211523546,2024,211523546,2,9,0,-1,19,5,1,-1,0,8,0,0,0,0,1,1,-1,9,2,38,7,1956,2,9,VAUXHALL ZAFIRA,-1,-1,0,-1
2024351468339,2024,351468339,1,9,0,-1,3,4,8,-1,0,0,0,0,0,0,2,1,-1,6,1,32,6,1598,1,17,VAUXHALL ZAFIRA,8,E01018242,0,1
2024010530154,2024,010530154,2,9,9,99,99,9,9,99,99,9,9,99,9,99,9,9,6,6,3,-1,-1,1598,1,11,VAUXHALL ZAFIRA,-1,-1,0,-1
2024010543118,2024,010543118,1,9,0,5,5,5,1,0,0,4,0,0,0,0,4,1,6,6,1,42,7,1364,1,7,VAUXHALL ZAFIRA,6,E01000487,0,1
2024411503411,2024,411503411,2,9,0,-1,3,4,8,-1,0,0,0,0,0,0,2,1,-1,6,2,51,8,1686,2,11,VAUXHALL ZAFIRA,10,E01017610,0,4
2024320616451,2024,320616451,1,9,0,-1,-1,8,4,0,0,1,0,0,0,0,1,1,6,6,2,43,7,1796,1,16,VAUXHALL ZAFIRA,5,E01026276,0,1
2024411433019,2024,411433019,2,9,0,-1,19,8,4,-1,0,2,0,0,0,0,1,1,-1,6,1,76,11,1598,1,12,VAUXHALL ZAFIRA,5,E01023384,0,1
2024010540600,2024,010540600,2,9,0,99,99,9,9,99,99,9,9,99,9,99,2,9,6,6,3,38,7,1364,1,9,VAUXHALL ZAFIRA,4,E01000633,0,2
2024351417335,2024,351417335,1,9,0,-1,19,1,5,-1,0,0,2,0,3,10,3,1,-1,6,1,48,8,1686,2,11,VAUXHALL ZAFIRA,3,E01018092,0,1
2024131412179,2024,131412179,1,9,0,-1,9,3,5,-1,0,8,0,0,0,0,3,1,-1,2,2,42,7,1686,2,13,VAUXHALL ZAFIRA,1,E01011622,0,1
2024461527053,2024,461527053,1,9,0,-1,19,7,3,-1,0,0,0,0,0,0,1,1,-1,6,2,27,6,1598,1,12,VAUXHALL ZAFIRA,7,E01024602,0,1
2024471429974,2024,471429974,1,9,0,-1,19,7,3,-1,0,0,1,4,0,0,4,1,-1,9,1,68,10,1956,2,10,VAUXHALL ZAFIRA,9,E01016875,0,1
2024531402664,2024,531402664,2,9,0,-1,19,6,2,-1,0,8,0,0,0,0,3,1,-1,9,1,72,10,1796,1,13,VAUXHALL ZAFIRA,9,E01022140,0,1
2024430503911,2024,430503911,1,9,0,18,19,1,5,0,0,0,0,0,0,0,3,1,2,2,1,38,7,1364,1,8,VAUXHALL ZAFIRA,10,E01017935,0,2
2024122500113,2024,122500113,1,9,0,18,19,7,3,0,0,8,0,0,1,0,1,1,6,6,1,62,9,1796,1,14,VAUXHALL ZAFIRA,10,E01013433,0,3
2024041484314,2024,041484314,2,9,0,-1,2,0,0,-1,0,0,0,4,0,0,2,1,-1,6,-1,-1,-1,1598,1,16,VAUXHALL ZAFIRA,-1,-1,0,-1
2024061540722,2024,061540722,2,9,0,-1,19,1,5,-1,0,2,0,0,0,0,4,9,-1,6,1,56,9,1910,2,14,VAUXHALL ZAFIRA,6,E01005041,0,1
2024451507454,2024,451507454,2,9,0,-1,19,3,7,-1,0,6,0,0,0,0,4,1,-1,9,1,35,6,1598,1,14,VAUXHALL ZAFIRA,10,E01030560,0,4
2024211445065,2024,211445065,2,8,0,-1,19,6,3,-1,0,1,0,0,0,0,3,1,-1,1,1,58,9,1364,1,8,VAUXHALL ZAFIRA,1,E01010374,0,2
2024010508959,2024,010508959,2,9,9,99,99,9,9,99,99,9,9,99,9,99,9,9,6,6,3,58,9,1364,1,7,VAUXHALL ZAFIRA,4,E01034616,0,1
2024351415469,2024,351415469,2,9,0,-1,12,5,1,-1,0,0,0,0,0,0,2,1,-1,6,-1,41,7,1956,2,10,VAUXHALL ZAFIRA,7,E01029955,0,2
2024461423735,2024,461423735,1,9,0,-1,9,2,7,-1,0,8,0,0,0,0,1,1,-1,9,1,30,6,1686,2,10,VAUXHALL ZAFIRA,2,E01016160,0,1
2024010536106,2024,010536106,2,9,0,18,19,5,1,0,0,8,0,0,0,0,2,1,6,6,3,-1,-1,1919,2,16,VAUXHALL ZAFIRA,-1,-1,0,-1
2024421494835,2024,421494835,3,8,0,-1,10,1,3,-1,0,0,0,0,0,0,2,1,-1,1,1,39,7,1956,2,8,VAUXHALL ZAFIRA,8,E01021400,0,4
2024440507601,2024,440507601,3,9,0,3,3,4,8,0,0,0,0,0,0,0,2,1,6,6,1,29,6,1364,1,7,VAUXHALL ZAFIRA,5,E01017221,0,1
2024161476648,2024,161476648,1,9,0,-1,9,4,2,-1,0,1,0,0,0,0,1,1,-1,6,2,34,6,1598,1,13,VAUXHALL ZAFIRA,2,E01013130,0,1
2024451451147,2024,451451147,2,9,0,-1,19,5,1,-1,0,0,0,0,0,0,1,1,-1,2,2,37,7,1796,1,11,VAUXHALL ZAFIRA,6,E01021164,0,3
2024131394450,2024,131394450,2,9,0,-1,19,5,1,-1,0,0,0,0,0,0,2,1,-1,1,1,56,9,1796,1,20,VAUXHALL ZAFIRA,3,E01010761,0,2
2024141416671,2024,141416671,2,9,0,-1,19,2,6,-1,0,4,0,0,0,0,3,1,-1,6,1,62,9,1910,2,16,VAUXHALL ZAFIRA,1,E01008011,0,1
2024471512448,2024,471512448,2,9,0,-1,9,5,3,-1,0,5,0,0,0,0,4,1,-1,6,2,-1,-1,1598,1,16,VAUXHALL ZAFIRA,-1,-1,0,-1
2024201531315,2024,201531315,1,9,0,-1,5,3,7,-1,0,1,0,0,0,0,1,1,-1,1,1,51,8,1956,2,9,VAUXHALL ZAFIRA,-1,-1,0,-1
2024501472137,2024,501472137,1,9,0,-1,99,3,5,-1,0,1,0,0,0,0,4,1,-1,9,2,30,6,1686,2,13,VAUXHALL ZAFIRA,2,E01015182,0,1
2024010521815,2024,010521815,1,9,0,99,99,9,9,99,99,9,9,99,9,99,1,9,6,6,1,42,7,1598,1,16,VAUXHALL ZAFIRA,3,E01001325,0,2
2024201520463,2024,201520463,4,9,0,-1,2,0,0,-1,0,0,0,0,0,0,1,1,-1,6,1,-1,-1,1910,2,15,VAUXHALL ZAFIRA,3,E01029359,0,3
2024311444265,2024,311444265,1,9,0,-1,2,0,0,-1,0,0,0,0,0,0,1,1,-1,6,-1,-1,-1,1796,1,11,VAUXHALL ZAFIRA,-1,-1,0,-1
2024061405945,2024,061405945,2,9,0,-1,19,7,4,-1,0,1,0,0,0,0,1,1,-1,6,1,53,8,1956,2,7,VAUXHALL ZAFIRA,2,E01005539,0,1
2024361451817,2024,361451817,2,8,0,-1,4,3,7,-1,0,0,0,0,0,0,2,1,-1,1,1,33,6,1956,2,10,VAUXHALL ZAFIRA,6,E01026664,0,1
2024201520227,2024,201520227,1,9,0,-1,9,4,1,-1,0,5,0,0,0,0,1,1,-1,6,-1,-1,-1,1956,2,12,VAUXHALL ZAFIRA,-1,-1,0,-1
2024451493322,2024,451493322,2,9,0,-1,99,5,1,-1,0,5,0,0,0,0,1,1,-1,6,2,35,6,1364,1,9,VAUXHALL ZAFIRA,-1,-1,0,-1
2024052401881,2024,052401881,2,9,0,4,4,4,8,0,0,0,0,0,0,0,2,1,6,6,2,57,9,1364,1,9,VAUXHALL ZAFIRA,1,E01007274,0,1
2024052401948,2024,052401948,1,9,0,5,5,3,5,0,0,6,0,0,0,0,1,1,6,6,2,48,8,1364,1,9,VAUXHALL ZAFIRA,3,E01007177,0,1
2024010505958,2024,010505958,1,9,0,9,9,5,2,0,0,5,0,0,0,0,1,1,6,6,3,-1,-1,1598,1,11,VAUXHALL ZAFIRA,-1,-1,0,-1
2024332400272,2024,332400272,3,9,0,-1,2,0,0,-1,0,0,0,0,0,0,2,1,-1,6,3,-1,-1,1598,5,14,VAUXHALL ZAFIRA,-1,-1,0,-1
2024440175639,2024,440175639,2,9,0,4,4,6,2,0,0,0,0,0,0,0,4,1,6,6,3,-1,-1,1796,1,10,VAUXHALL ZAFIRA,-1,-1,0,-1
2024052400477,2024,052400477,1,9,0,1,1,7,3,0,0,1,0,0,0,0,2,1,6,6,1,62,9,1796,1,17,VAUXHALL ZAFIRA,2,E01006842,0,1
2024440484550,2024,440484550,2,9,0,4,4,5,2,0,0,1,0,0,0,0,1,1,6,6,1,18,4,1598,1,11,VAUXHALL ZAFIRA,10,E01034711,0,2
2024010509536,2024,010509536,1,9,0,18,19,3,7,0,0,0,0,0,0,0,1,1,6,6,1,42,7,1796,1,10,VAUXHALL ZAFIRA,4,E01003776,0,1
2024161414755,2024,161414755,2,9,0,-1,19,7,3,-1,0,3,0,0,1,0,4,2,-1,2,1,39,7,1956,2,10,VAUXHALL ZAFIRA,5,E01027798,0,2
2024141425787,2024,141425787,1,9,0,-1,19,2,5,-1,0,8,0,0,0,0,1,1,-1,6,2,47,8,1910,2,16,VAUXHALL ZAFIRA,2,E01007717,0,1
2024010537758,2024,010537758,3,9,0,18,19,3,7,0,0,8,0,0,0,0,0,1,6,6,3,-1,-1,1796,1,18,VAUXHALL ZAFIRA,3,E01002548,0,1
2024302400792,2024,302400792,1,9,0,7,7,1,4,0,0,6,0,0,0,0,3,1,2,2,1,59,9,1956,2,12,VAUXHALL ZAFIRA,3,E01019484,0,2
2024501505219,2024,501505219,1,9,0,-1,19,8,5,-1,0,0,0,0,0,0,3,1,-1,6,1,40,7,1956,2,10,VAUXHALL ZAFIRA,7,E01015254,0,1
2024010498100,2024,010498100,1,9,0,99,99,9,9,99,99,0,9,99,9,99,2,9,6,6,2,40,7,1598,2,8,VAUXHALL ZAFIRA,3,E01003288,0,2
2024010530166,2024,010530166,1,9,9,9,9,5,4,99,99,9,9,99,9,99,9,1,6,6,1,36,7,1796,1,17,VAUXHALL ZAFIRA,4,E01004006,0,1
2024161527443,2024,161527443,1,9,0,-1,9,1,7,-1,0,8,0,0,0,0,4,1,-1,6,1,32,6,1598,1,12,VAUXHALL ZAFIRA,1,E01012928,0,1
2024052400885,2024,052400885,1,9,0,18,19,3,7,0,0,1,0,0,0,0,1,1,6,6,2,44,7,1686,2,11,VAUXHALL ZAFIRA,2,E01007047,0,1
2024010522851,2024,010522851,2,9,0,18,19,5,1,0,0,4,0,0,0,0,1,1,6,6,3,-1,-1,2198,1,18,VAUXHALL ZAFIRA,-1,-1,0,-1
2024421473660,2024,421473660,1,9,0,-1,19,6,2,-1,0,0,0,0,0,0,4,9,-1,6,1,57,9,1796,1,12,VAUXHALL ZAFIRA,5,E01033121,0,4
2024231443519,2024,231443519,1,9,0,-1,5,5,3,-1,9,6,0,0,0,0,1,1,-1,9,2,30,6,1956,2,10,VAUXHALL ZAFIRA,2,E01031075,0,1
2024552401058,2024,552401058,1,9,0,18,19,8,4,0,0,0,0,0,0,0,1,1,6,6,2,51,8,1910,2,14,VAUXHALL ZAFIRA,3,E01022807,0,4
2024501482173,2024,501482173,1,9,0,-1,7,1,3,-1,0,8,0,0,0,0,1,1,-1,9,1,35,6,1598,1,16,VAUXHALL ZAFIRA,1,E01015088,0,1
2024461537746,2024,461537746,1,9,0,-1,19,6,3,-1,0,0,5,0,0,0,1,1,-1,9,1,41,7,1910,2,18,VAUXHALL ZAFIRA,3,E01024248,0,1
2024461508077,2024,461508077,3,9,0,-1,3,5,1,-1,0,4,0,0,0,0,2,1,-1,2,2,63,9,1956,2,8,VAUXHALL ZAFIRA,6,E01024079,0,3
2024451441838,2024,451441838,1,9,0,-1,9,1,5,-1,0,1,0,0,0,0,0,1,-1,6,1,32,6,1364,1,9,VAUXHALL ZAFIRA,5,E01015509,0,4
2024010527726,2024,010527726,2,9,0,99,99,9,9,99,99,9,9,99,9,99,9,9,6,6,2,54,8,1796,1,17,VAUXHALL ZAFIRA,6,E01015925,0,4
2024201436891,2024,201436891,1,9,0,-1,5,6,2,-1,0,0,0,0,0,0,1,9,-1,6,1,-1,-1,1910,2,16,VAUXHALL ZAFIRA,2,E01010106,0,2
2024231490974,2024,231490974,2,9,0,-1,19,6,2,-1,0,8,0,0,0,0,4,9,-1,6,1,40,7,1956,2,9,VAUXHALL ZAFIRA,2,E01027241,0,4
2024101452358,2024,101452358,1,9,0,-1,19,4,1,-1,0,8,0,0,0,0,1,1,-1,6,1,50,8,1598,1,16,VAUXHALL ZAFIRA,2,E01008338,0,1
2024111394627,2024,111394627,1,9,0,-1,19,8,4,-1,0,0,0,0,0,0,1,1,-1,6,1,33,6,1598,2,6,VAUXHALL ZAFIRA,10,E01012339,0,2
2024010529766,2024,010529766,1,9,0,3,3,5,1,0,0,6,0,0,0,0,1,1,6,6,1,52,8,1796,1,20,VAUXHALL ZAFIRA,3,E01034608,0,1
2024440255369,2024,440255369,1,9,0,18,19,4,8,0,0,0,0,0,0,0,1,1,6,6,1,27,6,1910,2,16,VAUXHALL ZAFIRA,2,E01017181,0,3
2024552401070,2024,552401070,2,9,0,4,4,4,8,0,0,0,0,0,0,0,2,1,6,6,1,87,11,1910,2,17,VAUXHALL ZAFIRA,8,E01020379,0,3
2024010534455,2024,010534455,2,9,0,99,99,9,9,99,99,0,9,99,9,99,9,9,6,6,3,-1,-1,1598,1,11,VAUXHALL ZAFIRA,-1,-1,0,-1
2024471494077,2024,471494077,1,9,0,-1,19,7,3,-1,0,0,1,0,0,0,1,1,-1,2,1,70,10,1598,1,16,VAUXHALL ZAFIRA,6,E01034818,0,1
2024052400633,2024,052400633,1,9,0,18,19,3,7,0,0,0,0,0,0,0,1,1,1,1,2,34,6,1598,1,17,VAUXHALL ZAFIRA,1,E01006981,0,1
2024461404699,2024,461404699,1,9,0,-1,9,4,6,-1,0,6,0,0,0,0,1,9,-1,6,2,30,6,1796,1,16,VAUXHALL ZAFIRA,4,E01024262,0,1
2024311441601,2024,311441601,1,9,0,-1,19,7,3,-1,0,1,0,0,0,0,4,9,-1,6,1,28,6,1910,2,16,VAUXHALL ZAFIRA,-1,-1,0,-1
2024141398710,2024,141398710,2,9,0,-1,19,7,5,-1,0,3,0,0,0,0,4,1,-1,9,2,32,6,1686,2,12,VAUXHALL ZAFIRA,1,E01008102,0,1
2024991481602,2024,991481602,1,9,0,-1,9,5,3,-1,0,2,0,0,0,0,3,1,-1,1,1,34,6,1598,2,7,VAUXHALL ZAFIRA,-1,-1,0,-1
2024101439938,2024,101439938,2,9,0,-1,19,1,1,-1,0,1,0,0,0,0,1,1,-1,6,2,35,6,1598,1,11,VAUXHALL ZAFIRA,7,E01008273,0,1
2024122500146,2024,122500146,1,9,0,10,10,3,7,0,0,1,0,0,0,0,2,1,6,6,2,37,7,1364,1,7,VAUXHALL ZAFIRA,3,E01027749,0,1
2024010527562,2024,010527562,2,9,0,7,7,5,8,0,0,8,0,0,0,0,4,1,6,6,2,39,7,1598,1,19,VAUXHALL ZAFIRA,2,E01000902,0,1
2024302401019,2024,302401019,2,9,0,18,19,4,8,0,0,3,0,0,0,0,1,1,6,6,1,23,5,1598,1,16,VAUXHALL ZAFIRA,2,E01019523,0,1
2024010499717,2024,010499717,2,9,0,18,19,3,7,0,0,0,0,0,0,0,4,1,6,6,1,31,6,1598,1,17,VAUXHALL ZAFIRA,6,E01002266,0,3
2024401488923,2024,401488923,1,9,0,-1,-1,-1,-1,-1,-1,0,-1,-1,-1,0,1,9,-1,6,1,-1,-1,1956,2,11,VAUXHALL ZAFIRA,1,E01027318,0,4
2024141513495,2024,141513495,1,9,0,-1,13,3,7,-1,0,1,0,0,0,0,1,1,-1,9,1,30,6,1998,1,18,VAUXHALL ZAFIRA,7,E01007778,0,1
2024010519407,2024,010519407,2,9,0,99,99,9,9,99,99,9,9,99,9,99,9,9,6,6,3,-1,-1,1598,1,15,VAUXHALL ZAFIRA,-1,-1,0,-1
2024010546847,2024,010546847,1,9,0,5,5,5,1,7,6,5,0,0,0,0,4,1,6,6,2,64,9,1598,1,11,VAUXHALL ZAFIRA,3,E01000100,0,1
2024131512840,2024,131512840,2,9,0,-1,7,6,7,-1,0,1,0,0,1,0,1,1,-1,9,1,40,7,1598,1,15,VAUXHALL ZAFIRA,3,E01010959,0,1
2024010546366,2024,010546366,2,9,0,18,19,7,3,0,0,0,0,0,0,0,4,1,6,6,1,65,9,1598,1,15,VAUXHALL ZAFIRA,4,E01003529,0,1
2024991449483,2024,991449483,1,9,0,-1,1,7,3,-1,0,1,0,0,0,0,2,1,-1,9,1,66,10,1598,1,15,VAUXHALL ZAFIRA,3,-1,0,1
2024211512630,2024,211512630,3,9,0,-1,2,5,1,-1,-1,0,0,0,0,0,1,1,-1,6,2,45,7,1598,1,12,VAUXHALL ZAFIRA,1,E01014286,0,1
2024501520465,2024,501520465,2,9,0,-1,7,3,5,-1,0,1,1,0,0,0,1,1,-1,9,2,28,6,1910,2,14,VAUXHALL ZAFIRA,7,E01034623,0,2
2024411486230,2024,411486230,1,9,0,-1,19,5,1,-1,0,2,0,0,0,0,4,1,-1,7,1,39,7,1598,1,17,VAUXHALL ZAFIRA,6,E01023934,0,1
2024111531303,2024,111531303,1,9,0,-1,5,1,2,-1,0,1,0,0,0,0,3,1,-1,9,2,35,6,1956,2,9,VAUXHALL ZAFIRA,2,E01020645,0,1
2024010521841,2024,010521841,1,9,0,18,19,5,1,0,0,6,0,0,0,0,3,1,6,6,1,32,6,1364,1,7,VAUXHALL ZAFIRA,2,E01001482,0,2
2024131398307,2024,131398307,2,9,0,-1,19,1,1,-1,0,0,0,0,0,0,4,1,-1,6,1,44,7,1598,1,11,VAUXHALL ZAFIRA,3,E01007354,0,4
2024302400383,2024,302400383,2,9,0,18,19,1,5,0,0,8,0,0,0,0,1,1,6,6,1,55,8,1956,2,9,VAUXHALL ZAFIRA,10,E01019848,0,3
2024010499772,2024,010499772,2,9,0,99,99,9,9,99,99,9,9,99,9,99,9,9,6,6,1,52,8,1796,1,13,VAUXHALL ZAFIRA,8,E01003904,0,1
2024010540234,2024,010540234,1,9,0,5,5,4,8,0,0,0,0,0,0,0,1,1,6,6,1,29,6,1796,1,12,VAUXHALL ZAFIRA,4,E01000477,0,1
2024010516510,2024,010516510,2,9,0,99,99,9,9,99,99,9,9,99,9,99,1,9,6,6,3,90,11,1598,1,15,VAUXHALL ZAFIRA,6,E01004475,0,1
2024041527352,2024,041527352,1,9,0,-1,19,3,7,-1,0,0,0,0,0,0,1,1,-1,6,1,67,10,1686,2,14,VAUXHALL ZAFIRA,2,E01012654,0,1
2024141424025,2024,141424025,2,9,0,-1,19,1,5,-1,0,0,0,0,0,0,1,1,-1,6,3,17,4,1910,2,17,VAUXHALL ZAFIRA,-1,-1,0,-1
2024041494212,2024,041494212,1,9,0,-1,5,7,3,-1,0,1,0,10,7,1,1,1,-1,9,2,65,9,1796,1,11,VAUXHALL ZAFIRA,6,E01024961,0,1
202460Q017451,2024,60Q017451,1,9,0,4,4,7,5,0,0,8,0,0,0,0,4,1,2,2,1,35,6,1598,1,11,VAUXHALL ZAFIRA,-1,-1,0,-1
2024332401139,2024,332401139,1,9,0,-1,19,5,1,-1,0,0,0,0,0,0,2,1,-1,9,2,35,6,1362,1,12,VAUXHALL ZAFIRA,5,E01025957,0,3
2024461498465,2024,461498465,2,9,0,-1,10,3,7,-1,0,0,0,0,0,0,2,9,-1,9,2,33,6,1956,2,10,VAUXHALL ZAFIRA,2,E01024028,0,1
2024421407189,2024,421407189,1,9,0,-1,11,3,7,-1,0,0,0,0,0,0,4,1,-1,9,1,53,8,1956,2,10,VAUXHALL ZAFIRA,8,E01021397,0,4
2024401535791,2024,401535791,2,9,0,-1,2,0,0,-1,0,3,0,0,0,0,2,1,-1,6,-1,-1,-1,1598,1,16,VAUXHALL ZAFIRA,-1,-1,0,-1
2024061460694,2024,061460694,2,9,0,-1,19,5,1,-1,0,1,0,0,0,0,1,1,-1,6,1,73,10,1598,1,12,VAUXHALL ZAFIRA,1,E01012655,0,4
2024421513578,2024,421513578,1,9,0,-1,19,1,4,-1,0,8,0,0,0,0,1,1,-1,9,2,44,7,1598,1,13,VAUXHALL ZAFIRA,2,E01035164,0,1
2024522401438,2024,522401438,2,9,0,2,2,0,0,0,0,2,0,0,0,0,2,1,6,6,3,-1,-1,1598,1,13,VAUXHALL ZAFIRA,-1,-1,0,-1
2024471456886,2024,471456886,2,9,0,-1,7,1,4,-1,0,6,0,0,0,0,1,1,-1,6,2,-1,-1,1910,2,15,VAUXHALL ZAFIRA,-1,-1,0,-1
2024430630790,2024,430630790,1,8,0,18,19,8,4,0,0,0,0,0,7,11,1,1,2,2,1,61,9,1956,2,7,VAUXHALL ZAFIRA,9,E01016314,0,1
2024520401326,2024,520401326,2,9,0,2,2,0,0,0,0,1,0,0,1,11,2,1,6,6,3,-1,-1,1956,2,10,VAUXHALL ZAFIRA,-1,-1,0,-1
2024201499607,2024,201499607,1,9,0,-1,10,1,7,-1,0,8,0,0,0,0,4,1,-1,9,2,29,6,1364,1,7,VAUXHALL ZAFIRA,2,E01009937,0,2
2024471428762,2024,471428762,2,9,0,-1,2,0,0,-1,0,2,0,0,0,0,3,1,-1,6,-1,-1,-1,1956,2,10,VAUXHALL ZAFIRA,-1,-1,0,-1
2024421531038,2024,421531038,1,9,0,-1,7,7,5,-1,0,4,0,0,0,0,3,1,-1,1,1,44,7,1598,1,18,VAUXHALL ZAFIRA,10,E01015889,0,1
2024161438229,2024,161438229,2,9,0,-1,19,4,8,-1,0,1,1,0,0,0,1,9,-1,6,1,47,8,1956,2,10,VAUXHALL ZAFIRA,-1,-1,0,-1