collision_index,collision_year,collision_ref_no,vehicle_reference,vehicle_type,towing_and_articulation,vehicle_manoeuvre_historic,vehicle_manoeuvre,vehicle_direction_from,vehicle_direction_to,vehicle_location_restricted_lane_historic,vehicle_location_restricted_lane,junction_location,skidding_and_overturning,hit_object_in_carriageway,vehicle_leaving_carriageway,hit_object_off_carriageway,first_point_of_impact,vehicle_left_hand_drive,journey_purpose_of_driver_historic,journey_purpose_of_driver,sex_of_driver,age_of_driver,age_band_of_driver,engine_capacity_cc,propulsion_code,age_of_vehicle,generic_make_model,driver_imd_decile,lsoa_of_driver,escooter_flag,driver_distance_banding
2024131477026,2024,131477026,1,9,0,-1,13,3,7,-1,0,1,0,0,0,0,4,1,-1,2,2,36,7,1598,1,11,VAUXHALL ZAFIRA,3,E01011776,0,1
2024010548818,2024,010548818,2,9,0,18,19,9,9,99,99,1,9,99,9,99,2,9,6,6,3,-1,-1,1796,1,10,VAUXHALL ZAFIRA,-1,-1,0,-1
2024111519778,2024,111519778,1,9,0,-1,19,7,3,-1,0,0,0,0,7,0,1,1,-1,2,1,37,7,1598,1,15,VAUXHALL ZAFIRA,1,E01012341,0,1
2024531395377,2024,531395377,2,9,0,-1,4,1,5,-1,0,0,0,0,0,0,2,1,-1,2,1,54,8,1598,1,16,VAUXHALL ZAFIRA,1,E01022311,0,2
2024131421987,2024,131421987,2,9,0,-1,19,5,1,-1,0,1,0,0,0,0,3,1,-1,7,2,55,8,1956,2,12,VAUXHALL ZAFIRA,2,E01011926,0,1
2024320126333,2024,320126333,1,9,0,-1,-1,2,6,0,0,0,5,0,0,0,1,1,-1,-1,1,38,7,1364,1,7,VAUXHALL ZAFIRA,1,E01013196,0,3
2024522401929,2024,522401929,2,9,0,9,9,8,5,0,0,6,0,0,0,0,3,1,6,6,3,-1,-1,1598,1,16,VAUXHALL ZAFIRA,-1,-1,0,-1
2024421416758,2024,421416758,1,9,0,-1,19,3,7,-1,0,0,0,0,0,0,1,1,-1,2,1,54,8,1956,2,9,VAUXHALL ZAFIRA,9,E01021481,0,3
2024010528580,2024,010528580,1,9,0,18,19,7,3,0,0,8,0,0,0,0,1,1,6,6,1,47,8,2198,1,19,VAUXHALL ZAFIRA,9,E01032735,0,4
2024010533058,2024,010533058,1,9,0,18,19,3,7,0,0,1,0,0,0,0,1,1,6,6,1,30,6,1598,1,16,VAUXHALL ZAFIRA,7,E01003764,0,2
2024141510600,2024,141510600,3,9,0,-1,19,1,5,-1,0,0,5,0,0,0,1,1,-1,9,1,27,6,1910,2,18,VAUXHALL ZAFIRA,1,E01007376,0,2
2024161523727,2024,161523727,1,9,0,-1,5,4,8,-1,0,8,0,0,0,0,1,1,-1,6,1,33,6,1598,1,17,VAUXHALL ZAFIRA,1,E01012858,0,1
2024041445777,2024,041445777,1,9,0,-1,5,3,7,-1,9,1,0,0,0,0,2,1,-1,6,1,44,7,1956,2,9,VAUXHALL ZAFIRA,2,E01012734,0,1
2024141440442,2024,141440442,1,9,0,-1,5,4,8,-1,-1,0,0,0,0,0,1,1,-1,9,1,50,8,1686,2,12,VAUXHALL ZAFIRA,2,E01007849,0,1
2024371412386,2024,371412386,1,9,0,-1,5,8,4,-1,0,4,0,0,0,0,1,1,-1,9,1,34,6,1998,1,16,VAUXHALL ZAFIRA,2,E01030032,0,1
2024070174015,2024,070174015,1,9,0,15,15,1,5,0,0,1,0,0,0,0,1,2,6,6,1,66,10,1956,2,9,VAUXHALL ZAFIRA,6,E01018749,0,1
2024430156306,2024,430156306,1,9,0,18,19,1,5,0,0,1,0,0,0,0,1,1,6,6,3,30,6,1796,1,15,VAUXHALL ZAFIRA,-1,-1,0,-1
2024440500464,2024,440500464,1,9,0,9,9,7,5,0,0,8,0,0,0,0,1,1,6,6,1,51,8,1364,1,6,VAUXHALL ZAFIRA,3,E01022482,0,1
2024547277424,2024,547277424,2,9,0,18,19,5,1,0,0,1,0,0,0,0,1,1,6,6,1,36,7,1364,1,8,VAUXHALL ZAFIRA,1,E01015541,0,1
2024010524135,2024,010524135,3,9,0,3,3,1,5,0,0,1,0,0,0,0,2,1,6,6,1,55,8,1796,1,10,VAUXHALL ZAFIRA,1,E01001811,0,1
2024201482001,2024,201482001,1,9,0,-1,19,2,8,-1,0,1,0,0,0,0,3,1,-1,9,1,59,9,1598,1,11,VAUXHALL ZAFIRA,2,E01009944,0,1
2024010488771,2024,010488771,2,9,0,5,5,5,1,0,0,0,0,0,0,0,1,1,6,6,1,54,8,1796,1,20,VAUXHALL ZAFIRA,2,E01001482,0,3
2024430247575,2024,430247575,1,9,0,18,19,1,5,0,0,8,0,0,0,0,4,1,6,6,2,31,6,1598,2,7,VAUXHALL ZAFIRA,9,E01016263,0,1
2024340NN1782,2024,340NN1782,2,9,0,-1,19,1,5,-1,0,2,0,0,0,0,1,1,-1,9,2,35,6,1956,2,9,VAUXHALL ZAFIRA,3,E01026969,0,1
2024361534793,2024,361534793,1,9,0,-1,19,3,7,-1,0,0,0,0,7,0,1,1,-1,1,1,35,6,1598,1,15,VAUXHALL ZAFIRA,4,E01030231,0,2
2024371538545,2024,371538545,1,9,0,-1,19,4,8,-1,0,1,0,0,0,0,1,1,-1,1,1,44,7,1956,2,10,VAUXHALL ZAFIRA,4,E01029962,0,1
2024471445686,2024,471445686,3,9,0,-1,19,5,1,-1,0,1,1,0,0,0,1,1,-1,6,2,57,9,1796,1,20,VAUXHALL ZAFIRA,3,E01016926,0,1
202460Q080441,2024,60Q080441,1,9,0,7,7,7,1,0,0,4,0,0,0,0,3,1,6,6,2,32,6,1910,2,14,VAUXHALL ZAFIRA,-1,-1,0,-1
2024440489770,2024,440489770,1,9,0,10,10,7,3,0,0,1,0,0,0,0,3,1,6,6,1,63,9,1598,1,11,VAUXHALL ZAFIRA,10,E01022856,0,1
2024440013583,2024,440013583,2,9,0,18,19,2,6,0,0,0,5,0,4,0,3,1,6,6,1,74,10,1598,1,13,VAUXHALL ZAFIRA,2,E01018911,0,5
2024440322439,2024,440322439,1,9,0,5,5,5,1,0,0,4,0,0,0,0,1,1,6,6,2,70,10,1796,1,10,VAUXHALL ZAFIRA,7,E01023013,0,3
2024440034525,2024,440034525,1,9,0,12,12,5,1,0,0,1,0,0,0,0,2,1,6,6,2,28,6,1598,1,18,VAUXHALL ZAFIRA,7,E01017351,0,1
2024010506405,2024,010506405,1,9,0,18,19,3,7,0,0,1,0,0,0,0,1,1,6,6,1,54,8,1796,7,10,VAUXHALL ZAFIRA,2,E01000544,0,2
2024545093624,2024,545093624,1,9,0,3,3,8,4,0,0,4,0,0,0,0,1,1,3,7,1,36,7,1598,1,11,VAUXHALL ZAFIRA,5,E01015479,0,1
2024201469226,2024,201469226,3,9,0,-1,19,4,6,-1,0,0,0,0,0,0,1,9,-1,6,1,42,7,1796,1,13,VAUXHALL ZAFIRA,1,E01010269,0,1
2024111480202,2024,111480202,4,9,0,-1,2,0,0,-1,-1,8,0,0,0,0,1,1,-1,6,-1,-1,-1,1364,1,9,VAUXHALL ZAFIRA,-1,-1,0,-1
2024010551738,2024,010551738,2,8,0,99,99,9,9,99,99,9,9,99,9,99,9,9,6,6,1,62,9,1364,1,6,VAUXHALL ZAFIRA,3,E01001621,0,3
2024010548486,2024,010548486,1,9,0,99,99,9,9,99,99,9,9,99,9,99,2,9,2,2,2,51,8,1364,1,7,VAUXHALL ZAFIRA,2,E01003236,0,1
2024440460227,2024,440460227,1,9,0,9,9,1,5,0,0,6,0,0,0,0,3,1,6,6,2,35,6,1686,2,13,VAUXHALL ZAFIRA,3,E01034713,0,1
2024520402225,2024,520402225,2,9,0,18,19,8,4,0,0,6,0,0,1,0,1,1,6,6,1,89,11,1598,1,15,VAUXHALL ZAFIRA,7,E01029056,0,1
2024131409096,2024,131409096,1,9,0,-1,19,7,7,-1,0,8,0,0,0,0,4,1,-1,6,1,43,7,1686,2,12,VAUXHALL ZAFIRA,5,E01010604,0,1
2024451528144,2024,451528144,2,9,0,-1,14,5,1,-1,0,1,0,0,0,0,1,1,-1,1,1,72,10,1598,2,8,VAUXHALL ZAFIRA,5,E01030980,0,3
2024302401607,2024,302401607,1,9,0,7,7,1,3,0,0,0,0,0,0,0,3,1,6,6,1,38,7,1956,2,9,VAUXHALL ZAFIRA,2,E01013504,0,1
2024622400019,2024,622400019,1,9,0,1,1,7,3,0,0,0,0,0,0,0,2,1,1,1,1,36,7,1910,2,14,VAUXHALL ZAFIRA,1,W01001696,0,2
2024351464882,2024,351464882,1,9,0,-1,19,5,1,-1,0,0,0,11,1,6,3,1,-1,1,2,42,7,1364,1,9,VAUXHALL ZAFIRA,3,E01035551,0,3
2024501505219,2024,501505219,4,9,0,-1,2,0,0,-1,0,0,0,0,0,0,1,1,-1,6,3,-1,-1,1598,1,12,VAUXHALL ZAFIRA,-1,-1,0,-1
2024440429305,2024,440429305,1,9,0,5,5,4,8,0,0,4,0,0,0,0,4,1,6,6,2,38,7,1956,2,10,VAUXHALL ZAFIRA,5,E01033229,0,1
2024451406608,2024,451406608,2,9,0,-1,19,3,7,-1,0,8,0,0,1,0,4,1,-1,6,2,35,6,1796,1,10,VAUXHALL ZAFIRA,7,E01030956,0,4
2024440385457,2024,440385457,1,9,0,18,19,2,6,0,0,1,0,0,0,0,1,1,6,6,1,39,7,1796,1,9,VAUXHALL ZAFIRA,4,E01023261,0,1
2024052401107,2024,052401107,1,9,0,18,19,5,1,0,0,1,0,0,0,0,1,1,6,6,2,51,8,1686,2,13,VAUXHALL ZAFIRA,1,E01007127,0,1
2024320214527,2024,320214527,1,9,0,11,11,1,4,0,0,3,0,0,0,0,4,1,-1,-1,1,78,11,1598,1,12,VAUXHALL ZAFIRA,4,E01026271,0,4
2024461431240,2024,461431240,3,9,0,-1,10,1,6,-1,0,0,0,0,0,0,1,1,-1,9,2,54,8,1598,1,11,VAUXHALL ZAFIRA,-1,-1,0,-1
2024131457018,2024,131457018,2,9,0,-1,19,3,7,-1,0,8,0,0,0,0,3,1,-1,6,1,53,8,1364,1,6,VAUXHALL ZAFIRA,3,E01010591,0,1
2024471417648,2024,471417648,1,9,0,-1,19,3,7,-1,0,8,0,0,0,0,2,1,-1,2,1,51,8,1364,1,8,VAUXHALL ZAFIRA,6,E01034305,0,3
2024211442661,2024,211442661,1,9,0,-1,-1,-1,-1,-1,0,1,0,0,0,0,-1,1,-1,6,1,-1,-1,1598,1,17,VAUXHALL ZAFIRA,-1,-1,0,-1
2024461444237,2024,461444237,3,9,0,-1,2,0,0,-1,0,2,0,0,0,0,4,1,-1,6,-1,-1,-1,1364,1,9,VAUXHALL ZAFIRA,-1,-1,0,-1
2024320637082,2024,320637082,1,9,0,-1,-1,7,4,0,0,0,1,0,1,1,4,1,-1,-1,1,64,9,1364,1,8,VAUXHALL ZAFIRA,1,E01013820,0,4
2024010541533,2024,010541533,2,9,0,99,99,9,9,99,99,9,9,99,9,99,1,9,6,6,3,-1,-1,1796,1,13,VAUXHALL ZAFIRA,-1,-1,0,-1
2024010531303,2024,010531303,2,9,0,18,19,7,3,0,0,1,0,0,0,0,4,1,1,1,1,69,10,1364,1,7,VAUXHALL ZAFIRA,3,E01000100,0,1
2024401458395,2024,401458395,3,9,0,-1,2,0,0,-1,0,0,0,0,0,0,2,1,-1,6,-1,-1,-1,1910,2,17,VAUXHALL ZAFIRA,-1,-1,0,-1
2024471486542,2024,471486542,2,9,0,-1,3,3,7,-1,0,0,0,0,0,0,2,1,-1,2,2,54,8,1598,1,14,VAUXHALL ZAFIRA,9,E01031463,0,1
2024201503649,2024,201503649,2,9,0,-1,11,4,8,-1,0,0,0,0,0,0,1,1,-1,6,3,20,4,1910,2,16,VAUXHALL ZAFIRA,-1,-1,0,-1
2024522402808,2024,522402808,2,9,0,18,19,2,6,0,0,6,0,0,0,0,4,1,6,6,3,-1,-1,1598,1,14,VAUXHALL ZAFIRA,-1,-1,0,-1
2024131532270,2024,131532270,1,9,0,-1,19,1,5,-1,0,1,0,0,0,0,1,1,-1,1,2,43,7,1364,1,8,VAUXHALL ZAFIRA,2,E01011609,0,1
2024991529446,2024,991529446,2,9,0,-1,19,2,6,-1,0,4,0,0,0,0,3,1,-1,9,2,35,6,1364,1,7,VAUXHALL ZAFIRA,-1,-1,0,-1
2024231417200,2024,231417200,3,9,0,-1,19,8,4,-1,0,8,0,0,0,0,1,9,-1,6,1,37,7,1686,2,13,VAUXHALL ZAFIRA,1,E01031116,0,1
2024471490168,2024,471490168,1,9,0,-1,19,5,1,-1,0,0,0,0,0,0,1,1,-1,2,1,44,7,1598,1,15,VAUXHALL ZAFIRA,3,E01021057,0,1
2024320464305,2024,320464305,2,9,0,3,3,2,6,0,0,0,0,0,0,0,2,1,-1,-1,1,38,7,1956,2,10,VAUXHALL ZAFIRA,10,E01026294,0,4
2024010509578,2024,010509578,1,9,0,16,19,8,4,0,0,1,0,0,0,0,3,1,6,6,2,65,9,1598,1,12,VAUXHALL ZAFIRA,2,E01001702,0,1
2024430054142,2024,430054142,1,9,0,18,19,2,6,0,0,0,0,0,0,0,4,1,6,6,1,-1,-1,1364,1,7,VAUXHALL ZAFIRA,-1,-1,0,-1
2024201501769,2024,201501769,1,9,0,-1,19,5,1,-1,0,4,0,0,0,0,3,1,-1,6,1,50,8,1796,1,13,VAUXHALL ZAFIRA,1,E01008923,0,1
2024411411976,2024,411411976,2,9,0,-1,9,5,7,-1,0,5,0,0,0,0,3,1,-1,6,2,65,9,1956,2,8,VAUXHALL ZAFIRA,5,E01023611,0,1
2024010525912,2024,010525912,2,8,0,99,99,9,9,99,99,5,9,99,9,99,1,9,6,6,3,-1,-1,1796,7,10,VAUXHALL ZAFIRA,1,E01009489,0,5
2024010538271,2024,010538271,1,9,0,9,9,4,2,0,0,1,0,0,0,0,2,1,1,1,1,58,9,1364,1,7,VAUXHALL ZAFIRA,5,E01001187,0,1
2024451507785,2024,451507785,1,9,0,-1,19,8,4,-1,0,1,1,0,7,1,1,1,-1,9,1,33,6,1598,1,17,VAUXHALL ZAFIRA,4,E01030793,0,1
2024501444797,2024,501444797,2,9,0,-1,3,7,3,-1,0,1,0,0,0,0,2,1,-1,6,2,49,8,1686,2,13,VAUXHALL ZAFIRA,3,E01015161,0,2
2024101495656,2024,101495656,1,9,0,-1,19,7,3,-1,0,2,2,0,0,0,3,1,-1,9,2,41,7,1598,2,8,VAUXHALL ZAFIRA,6,E01027490,0,1
2024052400893,2024,052400893,3,9,0,18,19,6,2,0,0,0,0,0,0,0,1,1,6,6,2,54,8,1686,2,11,VAUXHALL ZAFIRA,1,E01006692,0,1
2024010500771,2024,010500771,1,9,0,18,19,3,7,0,0,1,0,0,0,0,1,1,6,6,1,69,10,1796,1,21,VAUXHALL ZAFIRA,4,E01002168,0,1
202454E217024,2024,54E217024,1,9,0,17,19,4,8,0,0,0,1,0,7,0,4,1,2,2,1,32,6,1598,1,17,VAUXHALL ZAFIRA,4,E01031980,0,1
202454D887324,2024,54D887324,1,9,0,18,19,1,5,0,0,1,0,0,0,0,2,1,6,6,3,-1,-1,1598,1,14,VAUXHALL ZAFIRA,-1,-1,0,-1
2024010516951,2024,010516951,1,9,0,18,19,3,7,7,6,0,0,0,0,0,4,1,6,6,1,50,8,1364,1,9,VAUXHALL ZAFIRA,-1,-1,0,-1
2024010508662,2024,010508662,2,9,0,18,19,1,5,0,0,1,0,0,0,0,1,1,6,6,1,25,5,1796,1,17,VAUXHALL ZAFIRA,2,E01000040,0,2
2024471452594,2024,471452594,1,9,0,-1,19,1,5,-1,0,0,0,0,0,0,4,1,-1,1,2,54,8,1796,1,10,VAUXHALL ZAFIRA,5,E01031743,0,1
2024522500167,2024,522500167,2,9,0,18,19,4,8,0,0,0,0,0,0,0,1,1,6,6,3,-1,-1,1956,2,9,VAUXHALL ZAFIRA,-1,-1,0,-1
2024201425232,2024,201425232,1,9,0,-1,19,2,6,-1,0,0,0,0,0,0,2,9,-1,6,1,42,7,1364,1,8,VAUXHALL ZAFIRA,2,E01010061,0,1
2024461453334,2024,461453334,1,9,0,-1,19,7,3,-1,0,3,0,0,0,0,4,1,-1,9,1,59,9,1598,1,11,VAUXHALL ZAFIRA,5,E01024679,0,2
2024501529430,2024,501529430,1,9,0,-1,11,8,8,-1,0,3,0,0,0,0,4,1,-1,9,1,68,10,1598,1,15,VAUXHALL ZAFIRA,6,E01015132,0,2
2024131470299,2024,131470299,2,9,0,-1,9,2,4,-1,0,1,0,0,0,0,1,1,-1,2,1,58,9,1910,2,16,VAUXHALL ZAFIRA,3,E01011449,0,1
2024371430948,2024,371430948,2,9,0,-1,19,6,2,-1,0,0,0,0,7,0,1,1,-1,6,1,57,9,1598,2,7,VAUXHALL ZAFIRA,9,E01030085,0,3
2024471522607,2024,471522607,2,9,0,-1,5,3,8,-1,0,2,1,0,2,11,1,1,-1,9,1,76,11,1995,2,20,VAUXHALL ZAFIRA,4,E01031833,0,1
2024101496431,2024,101496431,1,9,0,-1,19,5,1,-1,0,8,0,0,0,0,4,1,-1,9,2,36,7,1598,1,16,VAUXHALL ZAFIRA,1,E01008289,0,1
2024471400507,2024,471400507,2,9,0,-1,2,0,0,-1,0,0,0,0,0,0,3,1,-1,9,2,65,9,1598,1,15,VAUXHALL ZAFIRA,4,E01021002,0,2
2024010515977,2024,010515977,1,9,0,9,9,3,8,0,0,6,0,0,0,0,1,1,6,6,1,37,7,1910,2,14,VAUXHALL ZAFIRA,6,E01004052,0,1
2024131448512,2024,131448512,2,9,0,-1,9,2,6,-1,0,8,0,0,7,0,-1,1,-1,6,3,-1,-1,1598,1,16,VAUXHALL ZAFIRA,-1,-1,0,-1
2024302401405,2024,302401405,1,9,0,18,19,4,8,0,0,8,0,0,0,0,1,1,3,7,2,68,10,1796,1,10,VAUXHALL ZAFIRA,1,E01013480,0,1
2024141413268,2024,141413268,2,9,0,-1,19,3,7,-1,0,1,0,0,0,0,1,1,-1,6,1,-1,-1,1796,1,10,VAUXHALL ZAFIRA,-1,-1,0,-1
2024361466738,2024,361466738,1,9,0,-1,9,-1,-1,-1,0,2,0,0,0,0,3,9,-1,6,1,72,10,1796,1,12,VAUXHALL ZAFIRA,7,E01026885,0,1
2024610006424,2024,610006424,2,9,0,16,19,1,4,0,0,0,0,0,0,0,1,1,6,6,1,35,6,1910,2,17,VAUXHALL ZAFIRA,2,W01001642,0,3
2024461510748,2024,461510748,2,9,0,-1,4,3,7,-1,0,0,0,0,0,0,2,9,-1,9,1,25,5,1598,1,11,VAUXHALL ZAFIRA,1,E01024049,0,1
2024070511262,2024,070511262,1,9,0,18,19,1,2,0,0,0,0,4,0,0,4,1,6,6,2,30,6,1598,1,14,VAUXHALL ZAFIRA,2,E01018459,0,3
2024501531708,2024,501531708,1,8,0,-1,9,1,6,-1,0,8,0,0,0,0,1,1,-1,6,1,55,8,1956,2,8,VAUXHALL ZAFIRA,10,E01020167,0,4
2024371491284,2024,371491284,1,9,0,-1,-1,-1,-1,-1,0,0,0,0,0,0,-1,1,-1,9,1,-1,-1,1598,1,15,VAUXHALL ZAFIRA,-1,-1,0,-1
2024161409529,2024,161409529,1,9,0,-1,19,3,7,-1,0,0,0,0,0,0,4,1,-1,9,2,38,7,1598,1,14,VAUXHALL ZAFIRA,8,E01013186,0,1
2024311408416,2024,311408416,2,9,0,-1,4,7,4,-1,0,8,0,0,0,0,1,9,-1,6,1,67,10,1364,1,7,VAUXHALL ZAFIRA,7,E01025743,0,4
2024041520073,2024,041520073,2,9,0,-1,5,1,5,-1,0,0,0,0,0,0,2,1,-1,9,2,43,7,1686,2,12,VAUXHALL ZAFIRA,1,E01012594,0,1
2024061517623,2024,061517623,1,9,0,-1,19,7,3,-1,0,0,1,0,2,7,3,1,-1,2,1,61,9,1598,1,18,VAUXHALL ZAFIRA,1,E01004828,0,1
2024010526364,2024,010526364,2,9,0,18,19,1,5,0,0,0,0,0,0,0,1,1,6,6,2,-1,-1,1364,1,7,VAUXHALL ZAFIRA,3,E01003251,0,1
2024440555678,2024,440555678,3,9,0,18,19,1,5,0,0,0,0,0,0,0,3,1,6,6,1,33,6,1598,1,18,VAUXHALL ZAFIRA,-1,-1,0,-1
2024411489364,2024,411489364,2,9,0,-1,3,5,1,-1,0,1,0,0,0,0,2,1,-1,6,2,50,8,1598,1,11,VAUXHALL ZAFIRA,5,E01023537,0,1
2024201475630,2024,201475630,1,9,0,-1,19,8,6,-1,0,0,1,10,7,0,4,9,-1,6,1,35,6,1598,1,19,VAUXHALL ZAFIRA,2,E01010089,0,3
2024052400976,2024,052400976,2,9,0,18,19,1,5,0,0,0,0,0,0,0,1,1,6,6,2,50,8,1796,1,13,VAUXHALL ZAFIRA,3,E01007050,0,3
2024471416154,2024,471416154,1,9,0,-1,19,1,5,-1,0,0,0,8,0,0,4,1,-1,6,2,49,8,1598,1,11,VAUXHALL ZAFIRA,8,E01030823,0,1
2024061470275,2024,061470275,1,9,0,-1,19,5,1,-1,0,1,0,0,0,0,1,1,-1,9,1,44,7,1956,2,9,VAUXHALL ZAFIRA,3,E01004816,0,1
2024991407384,2024,991407384,1,9,0,-1,9,3,1,-1,0,5,0,0,0,0,1,1,-1,2,2,51,8,1598,1,11,VAUXHALL ZAFIRA,2,-1,0,1
2024201430515,2024,201430515,1,9,0,-1,19,1,1,-1,0,0,0,0,0,0,1,9,-1,6,1,39,7,1956,2,9,VAUXHALL ZAFIRA,1,E01009329,0,1
2024010520347,2024,010520347,1,9,0,99,99,9,9,99,99,0,9,99,9,99,2,9,1,1,1,43,7,1364,1,8,VAUXHALL ZAFIRA,2,E01001840,0,2
2024461396883,2024,461396883,3,9,0,-1,3,7,3,-1,0,1,0,0,0,0,2,9,-1,6,2,42,7,1796,1,17,VAUXHALL ZAFIRA,2,E01016102,0,2
2024451435615,2024,451435615,2,9,9,-1,9,6,2,-1,0,8,0,0,0,0,1,1,-1,6,2,40,7,1796,1,11,VAUXHALL ZAFIRA,-1,-1,0,-1
2024552400440,2024,552400440,1,9,0,11,11,2,8,0,0,8,0,0,0,0,4,1,6,6,1,71,10,1598,1,15,VAUXHALL ZAFIRA,5,E01015334,0,2
2024421440561,2024,421440561,1,9,0,-1,19,5,1,-1,0,1,0,0,0,0,1,9,-1,6,3,-1,-1,1598,1,16,VAUXHALL ZAFIRA,-1,-1,0,-1
2024010539647,2024,010539647,1,9,0,2,2,0,0,0,0,0,0,0,0,0,2,1,6,6,3,-1,-1,1364,1,7,VAUXHALL ZAFIRA,-1,-1,0,-1
2024340NN3892,2024,340NN3892,1,9,0,-1,19,5,1,-1,0,0,0,0,0,0,1,1,-1,2,1,32,6,1598,1,16,VAUXHALL ZAFIRA,6,E01027034,0,2
2024332400589,2024,332400589,1,9,0,-1,3,5,1,-1,0,0,0,0,0,0,3,1,-1,9,2,47,8,1598,1,17,VAUXHALL ZAFIRA,1,E01013726,0,1
2024052402179,2024,052402179,1,9,0,18,19,2,6,0,0,0,0,4,0,0,1,1,6,6,1,49,8,1796,1,21,VAUXHALL ZAFIRA,3,E01006925,0,1
2024010491958,2024,010491958,1,9,0,18,19,5,1,0,0,0,0,0,0,0,1,1,6,6,1,61,9,1796,1,10,VAUXHALL ZAFIRA,9,E01000461,0,2
2024471470583,2024,471470583,2,9,0,-1,19,1,5,-1,0,1,0,0,0,0,1,1,-1,9,1,30,6,1910,2,14,VAUXHALL ZAFIRA,5,E01020936,0,1
2024041536457,2024,041536457,2,9,0,-1,19,5,1,-1,0,1,0,0,0,0,1,1,-1,9,1,49,8,1956,2,10,VAUXHALL ZAFIRA,1,E01033226,0,1
2024501516986,2024,501516986,1,9,0,-1,19,7,3,-1,0,0,0,0,0,0,4,1,-1,9,1,28,6,1598,1,12,VAUXHALL ZAFIRA,3,E01015063,0,1
2024010542014,2024,010542014,2,9,0,9,9,3,8,0,0,1,0,0,0,0,1,1,6,6,1,45,7,1598,1,16,VAUXHALL ZAFIRA,-1,-1,0,-1
2024131437584,2024,131437584,1,9,0,-1,1,3,1,-1,0,8,0,0,0,0,2,1,-1,9,1,58,9,1910,2,15,VAUXHALL ZAFIRA,4,E01010849,0,1
2024311499670,2024,311499670,1,9,0,-1,5,2,6,-1,0,0,0,0,0,0,1,1,-1,6,1,42,7,1686,2,11,VAUXHALL ZAFIRA,4,E01028045,0,1
2024461501548,2024,461501548,1,9,0,-1,99,7,3,-1,0,1,0,0,0,0,1,9,-1,6,2,34,6,1686,2,12,VAUXHALL ZAFIRA,9,E01024253,0,1
2024552400645,2024,552400645,2,9,0,18,19,4,8,0,0,8,0,0,1,10,3,1,6,6,1,40,7,1796,1,20,VAUXHALL ZAFIRA,4,E01020496,0,1
2024010498028,2024,010498028,1,9,0,3,3,5,1,0,0,1,0,4,0,0,2,1,6,6,1,64,9,1598,1,16,VAUXHALL ZAFIRA,1,E01001813,0,1
2024501495425,2024,501495425,1,9,0,-1,19,1,5,-1,0,0,0,0,0,0,9,1,-1,6,2,31,6,1598,1,12,VAUXHALL ZAFIRA,4,E01018979,0,2
2024010544964,2024,010544964,1,9,0,18,19,7,3,0,0,8,0,0,0,0,1,1,6,6,1,67,10,1796,1,19,VAUXHALL ZAFIRA,6,E01002123,0,1
2024461506938,2024,461506938,1,9,0,-1,9,4,2,-1,0,8,0,0,1,0,1,1,-1,6,2,44,7,1796,1,16,VAUXHALL ZAFIRA,6,E01024052,0,2
2024141405677,2024,141405677,3,9,0,-1,4,1,5,-1,0,0,0,0,0,0,2,1,-1,9,2,58,9,1364,1,6,VAUXHALL ZAFIRA,1,E01007463,0,2
2024201450241,2024,201450241,1,9,0,-1,19,4,2,-1,0,0,0,0,0,0,1,9,-1,9,2,30,6,1686,2,13,VAUXHALL ZAFIRA,3,E01010444,0,1
2024010517493,2024,010517493,2,9,0,18,19,5,1,0,0,0,0,0,0,0,3,1,6,6,3,-1,-1,1598,1,17,VAUXHALL ZAFIRA,-1,-1,0,-1
2024010492193,2024,010492193,1,9,0,14,14,3,7,0,0,1,0,0,0,0,4,1,3,7,1,53,8,1598,1,12,VAUXHALL ZAFIRA,5,E01003378,0,1
2024622400625,2024,622400625,5,9,0,2,2,0,0,0,0,1,0,0,0,0,2,1,6,6,3,-1,-1,1686,2,13,VAUXHALL ZAFIRA,-1,-1,0,-1
2024430557799,2024,430557799,2,9,0,17,19,4,1,0,0,0,0,0,0,0,1,1,6,6,1,30,6,1796,1,13,VAUXHALL ZAFIRA,-1,-1,0,-1
2024440509612,2024,440509612,1,9,0,12,12,2,6,0,0,0,0,0,0,0,3,1,6,6,2,50,8,1598,1,17,VAUXHALL ZAFIRA,1,E01017112,0,1
2024320442603,2024,320442603,2,9,0,2,2,0,0,0,0,1,0,0,0,0,4,1,-1,-1,1,35,6,1956,2,9,VAUXHALL ZAFIRA,1,E01026173,0,1
2024311532394,2024,311532394,1,9,0,-1,19,1,6,-1,0,0,0,4,0,0,1,1,-1,6,2,60,9,1686,2,11,VAUXHALL ZAFIRA,-1,-1,0,-1
2024991493224,2024,991493224,2,9,0,-1,4,7,3,-1,0,0,0,0,0,0,2,1,-1,9,1,62,9,1598,2,8,VAUXHALL ZAFIRA,7,-1,0,4
2024311483550,2024,311483550,2,9,0,-1,19,5,1,-1,0,1,0,0,0,0,1,1,-1,9,1,69,10,1598,1,15,VAUXHALL ZAFIRA,-1,-1,0,-1
2024361506380,2024,361506380,3,9,0,-1,2,0,0,-1,0,2,0,0,0,0,3,1,-1,6,-1,-1,-1,1796,1,9,VAUXHALL ZAFIRA,-1,-1,0,-1
2024041500805,2024,041500805,1,9,0,-1,9,5,3,-1,0,0,0,0,0,0,3,1,-1,1,2,37,7,1598,1,15,VAUXHALL ZAFIRA,6,E01025014,0,1
2024010509393,2024,010509393,2,9,0,99,99,9,9,99,99,9,9,99,9,99,1,9,6,6,3,-1,-1,1364,1,7,VAUXHALL ZAFIRA,-1,-1,0,-1
2024010510172,2024,010510172,1,9,0,9,9,1,7,0,0,5,0,0,0,0,1,1,6,6,1,57,9,1598,1,13,VAUXHALL ZAFIRA,4,E01004526,0,1
2024010519994,2024,010519994,1,9,0,18,19,7,3,0,0,5,0,0,0,0,1,1,6,6,2,33,6,1796,1,10,VAUXHALL ZAFIRA,2,E01001577,0,3