collision_index,collision_year,collision_ref_no,vehicle_reference,vehicle_type,towing_and_articulation,vehicle_manoeuvre_historic,vehicle_manoeuvre,vehicle_direction_from,vehicle_direction_to,vehicle_location_restricted_lane_historic,vehicle_location_restricted_lane,junction_location,skidding_and_overturning,hit_object_in_carriageway,vehicle_leaving_carriageway,hit_object_off_carriageway,first_point_of_impact,vehicle_left_hand_drive,journey_purpose_of_driver_historic,journey_purpose_of_driver,sex_of_driver,age_of_driver,age_band_of_driver,engine_capacity_cc,propulsion_code,age_of_vehicle,generic_make_model,driver_imd_decile,lsoa_of_driver,escooter_flag,driver_distance_banding
2024010493163,2024,010493163,1,9,0,2,2,0,0,0,0,0,0,0,0,0,0,9,6,6,3,-1,-1,1598,1,11,VAUXHALL ZAFIRA,-1,-1,0,-1
2024141471391,2024,141471391,2,9,0,-1,3,7,2,-1,0,0,0,0,0,0,2,1,-1,9,2,40,7,1364,1,7,VAUXHALL ZAFIRA,4,E01007567,0,1
202417M112424,2024,17M112424,1,9,0,-1,19,8,3,-1,0,8,0,0,0,0,4,1,-1,9,1,40,7,1598,1,16,VAUXHALL ZAFIRA,1,E01012027,0,1
2024440084272,2024,440084272,1,9,0,18,19,7,3,0,0,8,0,0,0,0,3,1,6,6,2,35,6,1598,1,15,VAUXHALL ZAFIRA,8,E01022492,0,1
2024461455918,2024,461455918,1,9,0,-1,19,1,5,-1,0,0,0,0,7,0,1,9,-1,6,3,-1,-1,1796,1,15,VAUXHALL ZAFIRA,-1,-1,0,-1
2024991472710,2024,991472710,2,9,0,-1,19,5,2,-1,0,1,0,0,0,0,1,1,-1,9,1,65,9,1598,1,11,VAUXHALL ZAFIRA,2,-1,0,4
202460Q084531,2024,60Q084531,1,9,0,18,19,4,8,0,0,1,0,0,0,0,1,1,6,6,2,85,11,1796,1,11,VAUXHALL ZAFIRA,-1,-1,0,-1
2024991533413,2024,991533413,2,9,0,-1,19,7,4,-1,0,8,0,0,0,0,1,1,-1,6,1,45,7,1956,2,10,VAUXHALL ZAFIRA,-1,-1,0,-1
2024141509208,2024,141509208,1,9,0,-1,19,7,7,-1,0,2,0,0,0,0,1,1,-1,9,1,41,7,1686,2,11,VAUXHALL ZAFIRA,2,E01007392,0,3
2024010518559,2024,010518559,1,9,0,9,9,3,2,0,0,5,0,0,0,0,0,1,6,6,3,-1,-1,1364,1,6,VAUXHALL ZAFIRA,-1,-1,0,-1
2024141441464,2024,141441464,1,9,0,-1,19,8,4,-1,0,0,0,0,0,0,1,1,-1,9,2,40,7,1796,1,18,VAUXHALL ZAFIRA,2,E01007697,0,1
2024211464019,2024,211464019,2,8,0,-1,7,6,8,-1,0,1,0,0,0,0,3,1,-1,2,1,52,8,1910,2,14,VAUXHALL ZAFIRA,-1,-1,0,-1
2024471472114,2024,471472114,1,9,0,-1,2,5,5,-1,0,0,0,0,0,0,2,1,-1,9,2,59,9,1796,1,10,VAUXHALL ZAFIRA,10,E01031367,0,3
2024520402772,2024,520402772,2,9,0,9,9,8,6,0,0,6,0,0,0,0,3,1,6,6,2,34,6,1956,2,10,VAUXHALL ZAFIRA,6,E01032652,0,1
2024010513725,2024,010513725,3,9,0,18,19,5,1,0,0,1,0,0,1,2,1,1,6,6,1,55,8,1598,1,15,VAUXHALL ZAFIRA,9,E01001135,0,2
2024361417678,2024,361417678,1,9,0,-1,4,7,3,-1,0,0,0,0,0,0,1,1,-1,6,1,47,8,1995,2,19,VAUXHALL ZAFIRA,2,E01026601,0,3
2024010514729,2024,010514729,1,9,0,18,19,8,4,0,0,8,0,0,0,0,4,1,6,6,3,-1,-1,1598,1,16,VAUXHALL ZAFIRA,-1,-1,0,-1
2024201491164,2024,201491164,1,9,0,-1,19,4,8,-1,0,1,0,0,0,0,1,1,-1,6,3,-1,-1,1910,2,18,VAUXHALL ZAFIRA,-1,-1,0,-1
2024471506507,2024,471506507,1,9,0,-1,19,8,4,-1,0,1,0,0,0,0,3,1,-1,9,2,37,7,1598,1,14,VAUXHALL ZAFIRA,6,E01021236,0,1
2024221442088,2024,221442088,1,9,0,-1,9,3,8,-1,0,6,0,0,0,0,1,9,-1,6,1,67,10,1598,1,16,VAUXHALL ZAFIRA,3,E01028903,0,1
2024311515871,2024,311515871,2,9,-1,-1,-1,-1,-1,-1,-1,-1,-1,-1,-1,0,-1,9,-1,6,1,63,9,1598,1,14,VAUXHALL ZAFIRA,2,E01013900,0,1
2024010513741,2024,010513741,1,9,0,9,9,4,2,0,0,8,0,0,0,0,1,1,6,6,1,62,9,1598,1,16,VAUXHALL ZAFIRA,-1,-1,0,-1
2024411464874,2024,411464874,1,9,0,-1,19,7,3,-1,0,1,5,11,0,0,1,1,-1,9,2,55,8,1956,2,8,VAUXHALL ZAFIRA,4,E01023652,0,1
2024010509028,2024,010509028,2,9,0,99,99,9,9,99,99,9,9,99,9,99,1,9,6,6,3,-1,-1,1598,1,16,VAUXHALL ZAFIRA,-1,-1,0,-1
2024411489129,2024,411489129,2,9,0,-1,19,5,1,-1,0,1,0,0,0,0,9,1,-1,9,2,33,6,1686,2,10,VAUXHALL ZAFIRA,9,E01023291,0,1
2024131451323,2024,131451323,2,9,0,-1,4,3,7,-1,0,0,1,0,0,0,2,1,-1,9,1,40,7,1598,1,13,VAUXHALL ZAFIRA,4,E01010921,0,3
2024201443291,2024,201443291,2,8,0,-1,9,1,7,-1,0,5,1,10,1,0,3,1,-1,1,1,51,8,1364,7,7,VAUXHALL ZAFIRA,2,E01009317,0,1
2024471459620,2024,471459620,2,9,0,-1,2,0,0,-1,0,2,0,0,0,0,2,1,-1,1,1,27,6,1598,1,18,VAUXHALL ZAFIRA,3,E01017179,0,4
2024991514258,2024,991514258,2,9,0,-1,19,3,7,-1,0,2,0,0,0,0,1,1,-1,6,1,77,11,1598,1,11,VAUXHALL ZAFIRA,-1,-1,0,-1
2024421506601,2024,421506601,1,9,0,-1,19,6,3,-1,0,0,2,0,1,0,1,1,-1,6,1,47,8,1598,1,17,VAUXHALL ZAFIRA,6,E01015950,0,4
2024131482313,2024,131482313,2,9,0,-1,19,7,3,-1,0,0,0,0,0,0,4,1,-1,9,2,33,6,1364,1,9,VAUXHALL ZAFIRA,9,E01011935,0,2
2024451447414,2024,451447414,3,9,0,-1,3,3,5,-1,0,6,0,0,0,0,1,1,-1,9,2,56,9,1598,1,11,VAUXHALL ZAFIRA,7,E01030630,0,1
2024010499329,2024,010499329,2,9,0,99,99,9,9,99,99,9,9,99,9,99,1,9,6,6,3,-1,-1,1598,1,15,VAUXHALL ZAFIRA,-1,-1,0,-1
2024221504011,2024,221504011,2,9,0,-1,19,1,5,-1,0,0,0,0,0,0,2,9,-1,7,2,49,8,2198,1,17,VAUXHALL ZAFIRA,4,E01014085,0,2
2024071905041,2024,071905041,2,9,0,-1,19,3,7,-1,0,1,0,0,7,0,1,1,-1,2,2,32,6,1956,2,10,VAUXHALL ZAFIRA,3,E01018482,0,1
2024052402466,2024,052402466,1,9,0,18,19,6,2,0,0,0,0,0,0,0,1,1,6,6,1,55,8,1598,1,12,VAUXHALL ZAFIRA,8,E01006668,0,1
2024531546539,2024,531546539,2,9,0,-1,3,6,2,-1,0,8,0,0,0,0,2,1,-1,6,1,41,7,1686,2,11,VAUXHALL ZAFIRA,8,E01022221,0,2
2024201502389,2024,201502389,1,9,0,-1,19,2,6,-1,0,0,0,12,0,0,1,9,-1,9,1,47,8,1364,1,7,VAUXHALL ZAFIRA,1,E01009965,0,1
2024010546730,2024,010546730,2,9,0,16,19,3,7,0,0,2,0,0,0,0,1,1,1,1,1,50,8,1956,2,9,VAUXHALL ZAFIRA,2,E01000126,0,3
2024430476550,2024,430476550,1,9,0,10,10,6,4,0,0,1,0,0,0,0,2,1,6,6,2,30,6,1686,2,13,VAUXHALL ZAFIRA,3,E01017857,0,1
2024052402582,2024,052402582,2,9,0,18,19,2,6,0,0,8,0,0,0,0,3,1,6,6,1,44,7,1796,1,13,VAUXHALL ZAFIRA,1,E01007055,0,1
2024440133533,2024,440133533,2,9,0,4,4,8,4,0,0,0,0,0,0,0,2,1,6,6,2,38,7,1956,2,10,VAUXHALL ZAFIRA,10,E01022606,0,4
2024332401109,2024,332401109,3,9,0,-1,19,1,5,-1,0,0,0,0,0,0,3,1,-1,9,1,36,7,1364,1,7,VAUXHALL ZAFIRA,8,E01027218,0,4
2024991426743,2024,991426743,1,9,0,-1,15,3,7,-1,0,0,0,0,0,0,4,1,-1,9,1,58,9,1796,1,10,VAUXHALL ZAFIRA,-1,-1,0,-1
2024340WN2852,2024,340WN2852,2,9,0,-1,19,3,2,-1,0,8,0,0,0,0,3,1,-1,2,1,38,7,1686,2,11,VAUXHALL ZAFIRA,-1,-1,0,-1
2024010489738,2024,010489738,5,9,0,2,2,0,0,0,0,1,0,0,0,0,3,1,6,6,3,-1,-1,1598,1,18,VAUXHALL ZAFIRA,-1,-1,0,-1
2024461404621,2024,461404621,1,9,0,-1,4,1,5,-1,0,0,0,0,0,0,2,9,-1,6,1,62,9,1364,1,8,VAUXHALL ZAFIRA,10,E01000357,0,2
2024122400276,2024,122400276,2,9,0,7,7,4,6,0,0,1,0,0,0,0,1,1,6,6,1,57,9,1956,2,10,VAUXHALL ZAFIRA,6,E01030938,0,5
2024010533953,2024,010533953,2,9,0,9,9,7,5,4,4,6,0,0,0,0,1,1,2,2,1,64,9,1598,1,16,VAUXHALL ZAFIRA,8,E01002966,0,2
2024161521060,2024,161521060,2,9,0,-1,19,8,4,-1,0,0,0,0,0,0,1,9,-1,6,2,-1,-1,1796,1,10,VAUXHALL ZAFIRA,6,E01013276,0,2
2024440360755,2024,440360755,1,9,0,18,19,7,3,0,0,1,0,0,0,0,1,1,6,6,1,33,6,1796,1,10,VAUXHALL ZAFIRA,4,E01022817,0,1
2024010499834,2024,010499834,2,9,0,9,9,7,4,0,0,6,0,0,0,0,3,1,1,1,1,40,7,1364,1,8,VAUXHALL ZAFIRA,5,E01002744,0,1
2024522500159,2024,522500159,3,9,0,18,19,4,8,0,0,0,0,0,0,0,1,1,6,6,1,28,6,1796,1,18,VAUXHALL ZAFIRA,4,E01014650,0,1
2024131527029,2024,131527029,1,9,0,-1,9,5,1,-1,0,0,0,0,0,0,1,2,-1,6,2,48,8,1956,2,10,VAUXHALL ZAFIRA,2,E01011321,0,1
2024320597183,2024,320597183,2,9,0,10,10,3,1,0,0,1,0,0,0,0,2,1,6,6,1,43,7,1956,2,10,VAUXHALL ZAFIRA,3,E01013164,0,3
2024991520677,2024,991520677,1,9,0,-1,7,6,6,-1,0,2,0,0,0,0,1,1,-1,6,1,56,9,1796,1,17,VAUXHALL ZAFIRA,2,-1,0,1
2024461439782,2024,461439782,2,9,0,-1,19,8,3,-1,0,8,0,0,0,0,1,1,-1,6,1,53,8,1686,2,14,VAUXHALL ZAFIRA,8,E01024845,0,1
2024101479676,2024,101479676,1,9,0,-1,5,2,5,-1,0,4,0,0,0,0,1,1,-1,9,1,48,8,1796,1,12,VAUXHALL ZAFIRA,3,E01008251,0,2
2024161405124,2024,161405124,1,9,0,-1,19,5,1,-1,0,1,0,0,0,0,4,1,-1,9,2,52,8,1796,1,15,VAUXHALL ZAFIRA,1,E01012867,0,1
2024070229339,2024,070229339,1,9,0,9,9,2,4,0,0,5,0,0,0,0,1,1,2,2,2,37,7,1956,2,9,VAUXHALL ZAFIRA,-1,-1,0,-1
2024131480634,2024,131480634,3,9,0,-1,19,5,1,-1,0,0,0,0,0,0,3,1,-1,9,1,30,6,1956,2,9,VAUXHALL ZAFIRA,1,E01010655,0,1
2024161497881,2024,161497881,1,9,0,-1,2,7,3,-1,0,2,0,0,0,0,2,1,-1,7,2,41,7,1956,2,10,VAUXHALL ZAFIRA,1,E01012949,0,1
2024161428675,2024,161428675,1,9,0,-1,4,3,7,-1,0,1,0,0,0,0,2,1,-1,9,2,33,6,1364,1,9,VAUXHALL ZAFIRA,7,E01013145,0,1
2024371536155,2024,371536155,2,9,0,-1,4,3,7,-1,0,0,1,0,0,0,2,1,-1,9,1,42,7,1598,1,19,VAUXHALL ZAFIRA,8,E01029901,0,4
2024340NN4632,2024,340NN4632,1,9,0,-1,19,7,3,-1,0,1,0,0,0,0,1,1,-1,6,3,-1,-1,1598,1,15,VAUXHALL ZAFIRA,-1,-1,0,-1
2024430129766,2024,430129766,1,9,0,18,19,5,1,0,0,8,0,0,0,0,1,1,6,6,1,-1,-1,1910,2,17,VAUXHALL ZAFIRA,-1,-1,0,-1
2024461481125,2024,461481125,1,9,0,-1,19,5,1,-1,0,1,0,0,0,0,1,1,-1,9,2,76,11,1598,2,9,VAUXHALL ZAFIRA,4,E01024656,0,1
2024010514382,2024,010514382,2,9,0,99,99,9,9,99,99,9,9,99,9,99,9,9,6,6,3,-1,-1,1364,1,7,VAUXHALL ZAFIRA,-1,-1,0,-1
2024371398685,2024,371398685,2,9,0,-1,19,2,2,-1,0,0,0,0,0,0,2,9,-1,2,2,23,5,1686,2,13,VAUXHALL ZAFIRA,5,E01029970,0,1
2024201540664,2024,201540664,1,9,0,-1,19,2,6,-1,0,1,0,0,0,0,1,1,-1,9,1,44,7,1956,2,9,VAUXHALL ZAFIRA,-1,-1,0,-1
2024481569328,2024,481569328,1,9,0,-1,6,3,3,-1,0,0,0,0,0,0,3,1,-1,6,1,40,7,1598,2,8,VAUXHALL ZAFIRA,-1,-1,0,-1
2024231452306,2024,231452306,1,9,0,-1,9,4,2,-1,0,6,0,0,0,0,1,1,-1,6,1,61,9,1598,1,11,VAUXHALL ZAFIRA,8,E01035019,0,1
2024471488921,2024,471488921,2,9,0,-1,19,1,3,-1,0,3,0,0,0,0,4,1,-1,2,2,50,8,1956,2,9,VAUXHALL ZAFIRA,5,E01016858,0,1
2024411455325,2024,411455325,1,9,0,-1,19,3,7,-1,0,0,0,0,0,0,1,9,-1,6,3,-1,-1,1598,1,18,VAUXHALL ZAFIRA,-1,-1,0,-1
2024991446452,2024,991446452,3,9,0,-1,19,4,8,-1,0,0,0,0,0,0,2,1,-1,9,2,43,7,1686,2,10,VAUXHALL ZAFIRA,10,-1,0,4
2024211412215,2024,211412215,1,9,0,-1,19,4,8,-1,9,0,0,4,1,0,1,1,-1,6,2,74,10,1956,2,10,VAUXHALL ZAFIRA,8,E01029805,0,1
2024401397132,2024,401397132,1,9,0,-1,7,4,6,-1,0,4,0,0,0,0,1,9,-1,6,2,42,7,1956,2,11,VAUXHALL ZAFIRA,3,E01015783,0,1
2024361400469,2024,361400469,2,9,0,-1,5,7,3,-1,0,0,0,0,0,0,2,1,-1,6,2,53,8,1956,2,11,VAUXHALL ZAFIRA,8,E01026470,0,3
2024211521797,2024,211521797,1,9,0,-1,4,1,5,-1,0,0,0,0,0,0,2,1,-1,6,2,42,7,1956,2,11,VAUXHALL ZAFIRA,6,E01014225,0,2
202417S202124,2024,17S202124,1,9,0,18,19,6,2,0,0,0,0,0,0,0,1,1,2,2,1,27,6,1686,2,11,VAUXHALL ZAFIRA,1,E01035191,0,2
2024052402799,2024,052402799,1,9,0,18,19,1,5,0,0,0,0,0,0,0,1,1,6,6,2,39,7,1686,2,11,VAUXHALL ZAFIRA,7,E01007061,0,3
2024351433446,2024,351433446,2,9,0,-1,19,1,5,-1,0,0,0,0,0,0,3,1,-1,6,1,62,9,1796,1,10,VAUXHALL ZAFIRA,7,E01018115,0,2
2024440442927,2024,440442927,1,9,0,18,19,5,1,0,0,0,0,0,0,0,3,1,6,6,1,22,5,1598,1,15,VAUXHALL ZAFIRA,4,E01017275,0,1
2024010540255,2024,010540255,1,9,0,5,5,0,1,9,9,1,0,0,0,0,3,1,6,6,2,67,10,1598,1,16,VAUXHALL ZAFIRA,-1,-1,0,-1
2024461450115,2024,461450115,1,9,0,-1,19,2,4,-1,0,0,0,0,0,0,1,9,-1,6,1,-1,-1,1598,1,18,VAUXHALL ZAFIRA,-1,-1,0,-1
2024311460135,2024,311460135,1,9,0,-1,9,1,6,-1,0,6,0,0,0,0,1,1,-1,9,1,59,9,1598,1,14,VAUXHALL ZAFIRA,5,E01028134,0,1
2024430352275,2024,430352275,1,9,0,14,14,4,8,0,0,0,1,0,0,0,3,1,6,6,1,32,6,1956,2,9,VAUXHALL ZAFIRA,-1,-1,0,-1
2024461474272,2024,461474272,2,9,0,-1,19,4,1,-1,0,0,0,10,0,0,1,1,-1,6,2,39,7,1598,1,12,VAUXHALL ZAFIRA,2,E01024249,0,1
2024221419347,2024,221419347,1,9,0,-1,1,3,7,-1,0,2,0,0,0,0,3,9,-1,1,2,39,7,1796,1,16,VAUXHALL ZAFIRA,3,E01013992,0,1
2024031401831,2024,031401831,1,9,0,-1,7,5,7,-1,0,1,0,0,0,0,4,1,-1,9,1,38,7,1686,2,11,VAUXHALL ZAFIRA,1,E01019095,0,1
2024991399743,2024,991399743,1,9,0,-1,19,7,3,-1,9,2,0,0,1,0,1,1,-1,6,2,37,7,1364,1,10,VAUXHALL ZAFIRA,2,-1,0,1
2024201523978,2024,201523978,1,9,0,-1,4,5,1,-1,0,6,0,0,0,0,1,1,-1,6,1,67,10,1598,1,11,VAUXHALL ZAFIRA,-1,-1,0,-1
2024461517758,2024,461517758,1,9,0,-1,19,5,1,-1,0,1,0,0,0,0,1,1,-1,9,2,36,7,1598,1,16,VAUXHALL ZAFIRA,2,E01023984,0,3
2024340NN2972,2024,340NN2972,1,9,0,-1,9,8,5,-1,0,6,0,0,7,0,1,1,-1,1,1,40,7,1364,1,9,VAUXHALL ZAFIRA,9,E01035406,0,4
2024332401201,2024,332401201,1,9,0,-1,19,3,7,-1,0,2,0,0,0,0,1,1,-1,6,1,-1,-1,1796,1,10,VAUXHALL ZAFIRA,9,E01025869,0,3
2024061442769,2024,061442769,2,9,0,-1,19,5,3,-1,0,0,0,0,0,0,1,1,-1,9,1,69,10,1910,2,15,VAUXHALL ZAFIRA,4,E01004785,0,1
2024461491759,2024,461491759,1,9,0,-1,19,5,5,-1,0,0,0,0,0,0,1,1,-1,9,1,46,8,1796,1,14,VAUXHALL ZAFIRA,4,E01023781,0,4
2024361470953,2024,361470953,2,9,0,-1,19,8,4,-1,0,0,0,0,7,0,1,1,-1,9,2,25,5,1796,1,17,VAUXHALL ZAFIRA,4,E01026794,0,4
2024101460059,2024,101460059,2,9,0,-1,19,8,2,-1,0,0,0,0,0,0,1,1,-1,9,1,60,9,1364,1,9,VAUXHALL ZAFIRA,4,E01008768,0,1
2024471487890,2024,471487890,2,9,0,-1,5,7,1,-1,0,8,0,4,0,0,1,1,-1,6,1,88,11,1598,1,21,VAUXHALL ZAFIRA,10,E01031800,0,1
2024421424774,2024,421424774,1,8,0,-1,1,2,6,-1,0,1,0,0,0,0,2,2,-1,1,1,64,9,1796,1,18,VAUXHALL ZAFIRA,4,E01021437,0,1
2024401539231,2024,401539231,1,9,0,-1,1,6,2,-1,0,0,0,0,0,0,2,1,-1,7,2,37,7,1796,1,17,VAUXHALL ZAFIRA,2,E01017519,0,1
2024520403225,2024,520403225,2,9,0,18,19,4,8,0,0,0,0,0,0,0,1,1,6,6,2,33,6,1686,2,10,VAUXHALL ZAFIRA,7,E01029227,0,3
2024101421550,2024,101421550,1,9,0,-1,5,5,1,-1,0,4,0,0,0,0,3,1,-1,6,1,27,6,1598,1,17,VAUXHALL ZAFIRA,-1,-1,0,-1
2024340NN4672,2024,340NN4672,1,9,0,-1,9,7,5,-1,0,8,1,0,0,0,3,1,-1,9,1,67,10,1910,2,14,VAUXHALL ZAFIRA,7,E01016775,0,4
2024131473967,2024,131473967,1,9,0,-1,19,5,3,-1,0,2,0,0,0,0,1,1,-1,9,1,44,7,1686,2,13,VAUXHALL ZAFIRA,2,E01010852,0,1
2024520403263,2024,520403263,1,9,0,8,8,3,7,0,0,8,0,0,0,0,3,1,6,6,2,41,7,1598,1,11,VAUXHALL ZAFIRA,7,E01029027,0,1
2024440403688,2024,440403688,1,9,0,16,19,5,1,0,0,4,0,0,0,0,3,1,6,6,1,40,7,1910,2,18,VAUXHALL ZAFIRA,7,E01034715,0,1
2024340WN6712,2024,340WN6712,2,9,0,-1,19,3,7,-1,0,3,0,0,0,0,3,1,-1,2,2,39,7,1686,2,10,VAUXHALL ZAFIRA,-1,-1,0,-1
2024131452985,2024,131452985,1,9,0,-1,19,4,8,-1,0,0,0,0,0,0,1,1,-1,9,1,77,11,1598,1,13,VAUXHALL ZAFIRA,8,E01011694,0,1
2024010530932,2024,010530932,1,9,0,18,19,3,7,9,9,0,0,10,7,11,1,1,6,6,1,38,7,2198,1,18,VAUXHALL ZAFIRA,7,E01000362,0,1
2024061484246,2024,061484246,2,9,0,-1,19,1,5,-1,0,0,0,0,0,0,1,1,-1,9,1,62,9,1364,1,7,VAUXHALL ZAFIRA,-1,-1,0,-1
2024545430024,2024,545430024,1,9,0,18,19,4,8,0,0,4,0,0,0,0,3,1,6,6,1,40,7,1686,2,12,VAUXHALL ZAFIRA,5,E01015494,0,1
2024201525952,2024,201525952,2,9,0,-1,9,4,2,-1,0,8,0,0,0,0,4,1,-1,7,2,37,7,1956,2,11,VAUXHALL ZAFIRA,1,E01009574,0,1
2024991455326,2024,991455326,2,9,0,-1,19,7,3,-1,0,1,0,0,0,0,1,1,-1,9,1,19,4,1910,2,17,VAUXHALL ZAFIRA,6,-1,0,5
2024421432786,2024,421432786,1,9,0,-1,19,7,3,-1,0,0,0,0,0,0,1,1,-1,9,1,32,6,1364,1,7,VAUXHALL ZAFIRA,2,E01021316,0,3
2024451441505,2024,451441505,2,9,0,-1,3,5,1,-1,0,0,0,0,0,0,-1,9,-1,6,3,35,6,1598,1,12,VAUXHALL ZAFIRA,-1,-1,0,-1
2024451497409,2024,451497409,1,9,0,-1,1,1,5,-1,0,0,0,0,0,0,4,1,-1,6,2,45,7,1598,1,20,VAUXHALL ZAFIRA,-1,-1,0,-1
2024201499680,2024,201499680,1,8,0,-1,9,7,4,-1,0,4,0,0,0,0,3,1,-1,1,1,46,8,1598,1,12,VAUXHALL ZAFIRA,2,E01009986,0,1
2024411407609,2024,411407609,1,9,0,-1,19,5,1,-1,0,5,0,0,0,0,3,1,-1,9,2,30,6,1364,1,9,VAUXHALL ZAFIRA,3,E01035681,0,4
2024070977284,2024,070977284,1,9,0,-1,9,8,1,-1,9,0,0,0,1,0,1,1,-1,2,2,42,7,1598,1,14,VAUXHALL ZAFIRA,-1,-1,0,-1
2024122400892,2024,122400892,1,9,0,16,19,6,1,0,0,0,5,0,7,11,1,1,6,6,1,92,11,1598,1,15,VAUXHALL ZAFIRA,6,E01027784,0,3
2024221461301,2024,221461301,1,9,0,-1,13,6,2,-1,0,2,0,0,0,0,4,9,-1,6,1,53,8,1910,2,15,VAUXHALL ZAFIRA,7,E01028889,0,3
2024401464743,2024,401464743,3,9,0,-1,3,5,1,-1,0,1,0,0,0,0,1,1,-1,9,1,50,8,1364,1,6,VAUXHALL ZAFIRA,3,E01015781,0,1
2024201513036,2024,201513036,1,9,0,-1,7,2,4,-1,0,6,0,0,0,0,1,1,-1,9,1,38,7,1956,2,9,VAUXHALL ZAFIRA,3,E01008893,0,2
2024471509723,2024,471509723,1,9,0,-1,19,7,3,-1,0,8,0,0,0,0,1,1,-1,9,1,68,10,1796,1,13,VAUXHALL ZAFIRA,3,E01004123,0,4
2024430000269,2024,430000269,1,8,0,18,19,4,8,0,0,8,0,0,0,0,4,1,1,1,1,50,8,1956,2,10,VAUXHALL ZAFIRA,9,E01017840,0,1
2024351476144,2024,351476144,1,9,0,-1,19,1,5,-1,0,0,0,0,0,0,1,1,-1,6,1,43,7,1686,2,10,VAUXHALL ZAFIRA,7,E01035524,0,1
2024141433464,2024,141433464,1,9,0,-1,19,3,7,-1,0,8,0,0,0,0,1,1,-1,9,1,45,7,1910,2,18,VAUXHALL ZAFIRA,8,E01007898,0,3
2024141575258,2024,141575258,1,9,0,-1,6,7,3,-1,0,0,0,0,0,0,0,1,-1,9,2,31,6,1364,1,7,VAUXHALL ZAFIRA,4,E01007842,0,1
2024622400754,2024,622400754,1,9,0,18,19,8,4,0,0,1,0,0,0,0,1,2,6,6,1,58,9,1598,1,18,VAUXHALL ZAFIRA,1,W01001880,0,1
2024201443396,2024,201443396,2,9,0,-1,5,3,7,-1,0,0,0,0,0,0,0,1,-1,6,-1,-1,-1,1796,1,13,VAUXHALL ZAFIRA,-1,-1,0,-1
2024010511808,2024,010511808,2,9,0,3,3,8,4,0,0,1,0,0,0,0,1,1,6,6,3,40,7,1796,1,13,VAUXHALL ZAFIRA,2,E01003600,0,1
2024161477765,2024,161477765,1,9,0,-1,19,4,8,-1,0,0,0,0,0,0,1,1,-1,1,1,29,6,1364,1,8,VAUXHALL ZAFIRA,6,E01013318,0,2
2024010497665,2024,010497665,1,9,0,18,19,1,5,0,0,0,0,0,0,0,1,1,6,6,1,54,8,1598,1,15,VAUXHALL ZAFIRA,2,E01003995,0,3
2024471428349,2024,471428349,1,9,0,-1,19,1,5,-1,0,0,0,0,0,0,1,1,-1,6,1,58,9,1364,1,7,VAUXHALL ZAFIRA,2,E01001439,0,4
2024010494656,2024,010494656,2,9,0,99,99,9,9,99,99,0,9,99,9,99,1,9,6,6,3,-1,-1,1598,1,15,VAUXHALL ZAFIRA,-1,-1,0,-1
2024440071530,2024,440071530,2,9,0,18,19,5,1,0,0,8,0,0,0,0,4,1,6,6,1,32,6,1598,1,16,VAUXHALL ZAFIRA,2,E01022833,0,1
2024141473635,2024,141473635,2,9,0,-1,19,1,5,-1,0,1,0,0,0,0,0,1,-1,6,2,50,8,1796,1,10,VAUXHALL ZAFIRA,9,E01012919,0,4
2024543576124,2024,543576124,1,9,0,5,5,6,2,0,0,4,0,0,0,0,1,1,6,6,1,39,7,1910,2,14,VAUXHALL ZAFIRA,4,E01031851,0,3
2024010503434,2024,010503434,2,9,0,12,12,3,7,0,0,8,0,0,0,0,2,1,6,6,1,43,7,1686,2,13,VAUXHALL ZAFIRA,5,E01015750,0,4
2024211442908,2024,211442908,1,9,0,-1,19,2,6,-1,0,0,1,0,0,0,3,9,-1,6,2,57,9,1364,1,8,VAUXHALL ZAFIRA,2,E01014276,0,1
2024991495335,2024,991495335,1,9,0,-1,19,1,5,-1,0,1,5,4,0,0,1,1,-1,6,1,33,6,1364,1,8,VAUXHALL ZAFIRA,6,-1,0,1
2024010507805,2024,010507805,1,8,9,99,99,9,9,99,99,9,9,99,9,99,9,1,6,6,3,-1,-1,1364,1,8,VAUXHALL ZAFIRA,-1,-1,0,-1
2024111529216,2024,111529216,1,9,0,-1,19,8,5,-1,0,0,0,0,0,0,1,1,-1,9,1,48,8,1598,1,11,VAUXHALL ZAFIRA,2,E01020895,0,2
2024101420894,2024,101420894,1,9,-1,-1,5,7,3,-1,0,4,0,0,0,0,1,9,-1,6,2,37,7,1364,1,7,VAUXHALL ZAFIRA,2,E01008377,0,1
2024131422272,2024,131422272,2,9,0,-1,19,1,1,-1,0,4,0,0,0,0,1,2,-1,6,3,-1,-1,1796,1,16,VAUXHALL ZAFIRA,-1,-1,0,-1
2024361449740,2024,361449740,1,9,0,-1,19,3,8,-1,0,0,0,0,1,0,1,1,-1,9,1,39,7,1796,1,14,VAUXHALL ZAFIRA,5,E01030275,0,4
2024141405705,2024,141405705,2,9,0,-1,10,2,8,-1,0,2,0,0,0,0,3,9,-1,6,1,51,8,1598,1,18,VAUXHALL ZAFIRA,1,E01007668,0,1
2024541797524,2024,541797524,1,9,0,17,19,8,5,0,0,2,0,0,1,10,4,1,6,6,2,41,7,1598,2,9,VAUXHALL ZAFIRA,4,E01032094,0,4
2024522500089,2024,522500089,1,8,0,18,19,6,2,0,0,0,0,0,0,0,1,1,6,6,1,65,9,1956,2,9,VAUXHALL ZAFIRA,6,E01014750,0,3
2024320495556,2024,320495556,1,9,0,7,7,4,6,0,0,6,0,0,7,0,1,1,-1,-1,2,43,7,1364,1,9,VAUXHALL ZAFIRA,2,E01035539,0,4
2024552400611,2024,552400611,2,9,0,4,4,8,4,0,0,1,0,0,0,0,2,1,6,6,1,42,7,1598,1,11,VAUXHALL ZAFIRA,6,E01015349,0,2
2024471433715,2024,471433715,2,9,0,-1,19,7,3,-1,0,1,0,0,0,0,1,9,-1,1,1,59,9,1598,1,11,VAUXHALL ZAFIRA,7,E01031365,0,2