collision_index,collision_year,collision_ref_no,vehicle_reference,vehicle_type,towing_and_articulation,vehicle_manoeuvre_historic,vehicle_manoeuvre,vehicle_direction_from,vehicle_direction_to,vehicle_location_restricted_lane_historic,vehicle_location_restricted_lane,junction_location,skidding_and_overturning,hit_object_in_carriageway,vehicle_leaving_carriageway,hit_object_off_carriageway,first_point_of_impact,vehicle_left_hand_drive,journey_purpose_of_driver_historic,journey_purpose_of_driver,sex_of_driver,age_of_driver,age_band_of_driver,engine_capacity_cc,propulsion_code,age_of_vehicle,generic_make_model,driver_imd_decile,lsoa_of_driver,escooter_flag,driver_distance_banding
2024320617506,2024,320617506,1,9,0,-1,-1,7,4,0,0,0,0,0,0,0,3,1,-1,-1,1,42,7,1956,2,7,VAUXHALL ZAFIRA,2,E01015632,0,4
2024141435720,2024,141435720,1,9,0,-1,19,6,2,-1,0,2,0,0,0,0,1,1,-1,2,2,39,7,1364,1,10,VAUXHALL ZAFIRA,4,E01007567,0,1
2024101397144,2024,101397144,2,9,0,-1,19,3,7,-1,0,6,0,0,0,0,1,1,-1,7,2,42,7,1598,1,12,VAUXHALL ZAFIRA,1,E01027545,0,1
2024440428063,2024,440428063,1,9,0,18,19,7,3,0,0,0,0,0,4,6,1,1,6,6,1,81,11,2198,1,22,VAUXHALL ZAFIRA,9,E01022798,0,4
2024010522206,2024,010522206,2,9,0,99,99,9,9,99,99,9,9,99,9,99,9,9,6,6,3,-1,-1,1598,1,14,VAUXHALL ZAFIRA,4,E01000912,0,1
2024451534776,2024,451534776,1,9,0,-1,1,1,5,-1,0,1,0,0,0,0,4,1,-1,7,2,75,10,1598,1,11,VAUXHALL ZAFIRA,10,E01030514,0,1
2024061423353,2024,061423353,1,9,0,-1,19,5,1,-1,0,2,0,0,0,0,1,1,-1,9,1,41,7,1910,2,16,VAUXHALL ZAFIRA,-1,-1,0,-1
2024010532147,2024,010532147,1,9,0,99,99,9,9,99,99,9,9,99,9,99,2,9,6,6,1,32,6,1598,1,17,VAUXHALL ZAFIRA,9,E01030299,0,2
2024010522387,2024,010522387,1,9,9,18,19,9,9,99,99,6,9,99,9,99,9,9,6,6,3,-1,-1,1956,2,7,VAUXHALL ZAFIRA,-1,-1,0,-1
2024031506169,2024,031506169,2,9,0,-1,3,2,5,-1,0,2,0,0,0,0,1,2,-1,1,2,29,6,1598,1,11,VAUXHALL ZAFIRA,-1,-1,0,-1
2024010513945,2024,010513945,3,9,0,2,2,0,0,6,6,1,0,0,0,0,1,1,6,6,3,-1,-1,1796,1,10,VAUXHALL ZAFIRA,-1,-1,0,-1
2024122400446,2024,122400446,1,9,0,3,3,1,5,0,0,1,0,0,0,0,1,1,6,6,1,68,10,1956,2,10,VAUXHALL ZAFIRA,3,E01027749,0,1
2024041431046,2024,041431046,1,9,0,-1,19,4,8,-1,0,0,0,0,1,4,1,1,-1,6,2,35,6,1364,1,7,VAUXHALL ZAFIRA,4,E01025216,0,2
2024430124732,2024,430124732,2,9,0,2,2,0,0,0,0,0,0,0,0,0,3,1,6,6,1,32,6,1796,1,10,VAUXHALL ZAFIRA,3,E01033857,0,1
2024010513885,2024,010513885,2,9,0,99,99,9,9,99,99,9,9,99,9,99,1,9,6,6,3,-1,-1,1956,2,8,VAUXHALL ZAFIRA,5,E01001590,0,1
2024411396740,2024,411396740,2,9,-1,-1,-1,-1,-1,-1,-1,-1,-1,-1,-1,0,2,9,-1,6,1,29,6,1598,1,11,VAUXHALL ZAFIRA,10,E01023825,0,1
2024320130454,2024,320130454,1,9,0,13,13,2,6,0,0,0,0,0,0,0,1,1,-1,-1,1,45,7,1910,2,16,VAUXHALL ZAFIRA,-1,-1,0,-1
2024010515872,2024,010515872,1,9,0,5,5,7,3,0,0,2,0,0,0,0,1,1,6,6,1,52,8,1796,1,19,VAUXHALL ZAFIRA,10,E01004082,0,1
2024501430435,2024,501430435,2,9,0,-1,19,3,7,-1,0,0,0,0,0,0,1,1,-1,6,2,34,6,1686,2,12,VAUXHALL ZAFIRA,2,E01018928,0,3
2024501487756,2024,501487756,2,9,0,-1,19,3,7,-1,0,0,0,0,0,0,1,1,-1,6,1,52,8,1956,2,11,VAUXHALL ZAFIRA,-1,-1,0,-1
2024141453984,2024,141453984,1,9,0,-1,19,3,7,-1,0,0,0,0,0,0,1,1,-1,6,1,73,10,1796,1,11,VAUXHALL ZAFIRA,4,E01034246,0,1
2024461482042,2024,461482042,2,9,0,-1,19,6,2,-1,0,0,0,0,1,0,1,1,-1,6,1,46,8,1598,1,11,VAUXHALL ZAFIRA,2,E01024677,0,2
2024010525844,2024,010525844,2,9,0,99,99,9,9,99,99,9,9,99,9,99,0,9,6,6,3,-1,-1,1364,1,7,VAUXHALL ZAFIRA,-1,-1,0,-1
2024311454671,2024,311454671,2,9,0,-1,19,1,5,-1,0,2,0,0,0,0,2,1,-1,6,2,45,7,1364,1,6,VAUXHALL ZAFIRA,5,E01013913,0,1
2024440532131,2024,440532131,1,9,0,5,5,1,5,0,0,6,0,0,0,0,1,1,6,6,1,39,7,1956,2,11,VAUXHALL ZAFIRA,2,E01023055,0,3
2024522401950,2024,522401950,1,9,0,18,19,6,2,0,0,0,0,0,0,0,1,1,1,1,1,31,6,1364,1,10,VAUXHALL ZAFIRA,5,E01029322,0,4
2024201514393,2024,201514393,2,9,0,-1,5,8,4,-1,0,6,0,0,0,0,1,1,-1,6,2,35,6,1364,1,7,VAUXHALL ZAFIRA,1,E01009127,0,1
2024451479326,2024,451479326,2,9,0,-1,19,3,7,-1,0,0,0,0,0,0,2,1,-1,6,1,66,10,1686,2,10,VAUXHALL ZAFIRA,3,E01016043,0,4
202460Q015725,2024,60Q015725,1,9,0,5,5,1,5,0,0,0,0,0,0,0,1,1,6,6,1,36,7,1686,2,13,VAUXHALL ZAFIRA,-1,-1,0,-1
2024221423466,2024,221423466,2,9,0,-1,9,5,2,-1,0,8,0,0,0,0,1,1,-1,6,1,22,5,1686,2,14,VAUXHALL ZAFIRA,5,E01014057,0,1
2024610055224,2024,610055224,2,9,0,18,19,3,7,0,0,1,0,0,0,0,1,1,6,6,2,20,4,1910,2,18,VAUXHALL ZAFIRA,8,W01001560,0,1
2024010537899,2024,010537899,2,9,0,10,10,7,4,0,0,5,0,0,0,0,2,1,6,6,1,45,7,1598,1,12,VAUXHALL ZAFIRA,2,E01002633,0,1
2024041446586,2024,041446586,2,9,0,-1,19,8,8,-1,0,8,0,0,0,0,1,1,-1,9,1,71,10,1796,1,10,VAUXHALL ZAFIRA,8,E01025241,0,1
2024010529687,2024,010529687,1,9,0,5,5,1,5,0,0,1,0,0,0,0,1,2,6,6,1,24,5,1796,1,16,VAUXHALL ZAFIRA,9,E01002155,0,2
2024471441708,2024,471441708,2,9,0,-1,19,6,2,-1,0,1,0,0,0,0,3,1,-1,6,2,43,7,1956,2,9,VAUXHALL ZAFIRA,1,E01021019,0,1
2024421438255,2024,421438255,1,9,0,-1,9,2,4,-1,0,6,0,0,0,0,1,1,-1,6,1,80,11,1598,1,12,VAUXHALL ZAFIRA,5,E01021492,0,1
2024501485052,2024,501485052,1,9,0,-1,19,7,3,-1,0,1,1,0,0,0,1,1,-1,6,1,60,9,1598,1,23,VAUXHALL ZAFIRA,4,E01020052,0,1
2024070351033,2024,070351033,1,9,0,5,5,8,4,0,0,1,0,0,0,0,0,1,6,6,2,-1,-1,1796,1,10,VAUXHALL ZAFIRA,3,E01018637,0,1
2024010510165,2024,010510165,1,9,0,9,9,5,3,0,0,1,0,0,0,0,3,1,6,6,1,41,7,1796,1,17,VAUXHALL ZAFIRA,3,E01035695,0,1
2024542263624,2024,542263624,1,9,0,16,19,6,2,0,0,0,0,0,0,0,1,1,6,6,1,37,7,1686,2,13,VAUXHALL ZAFIRA,8,E01032694,0,4
2024161482872,2024,161482872,1,9,0,-1,5,5,1,-1,0,0,0,0,0,0,1,1,-1,9,1,39,7,1598,1,11,VAUXHALL ZAFIRA,1,E01012779,0,1
2024010535298,2024,010535298,1,9,0,99,99,9,9,99,99,9,9,99,9,99,9,9,2,2,2,62,9,1598,1,17,VAUXHALL ZAFIRA,3,E01000043,0,1
2024010526739,2024,010526739,2,9,0,9,9,8,5,0,0,8,0,0,0,0,3,1,6,6,1,37,7,1364,1,7,VAUXHALL ZAFIRA,6,E01000824,0,1
2024421491805,2024,421491805,2,9,0,-1,10,7,4,-1,0,1,0,0,0,0,4,1,-1,9,1,36,7,1910,2,15,VAUXHALL ZAFIRA,2,E01035161,0,1
2024161500596,2024,161500596,2,9,9,-1,99,5,1,-1,0,0,9,99,9,0,9,9,-1,6,2,-1,-1,1910,2,14,VAUXHALL ZAFIRA,-1,-1,0,-1
2024421405060,2024,421405060,2,9,0,-1,19,3,7,-1,0,8,0,0,0,0,1,1,-1,6,1,60,9,1598,1,19,VAUXHALL ZAFIRA,6,E01021714,0,1
2024461499721,2024,461499721,1,9,0,-1,3,3,1,-1,0,0,0,0,0,0,3,9,-1,6,2,41,7,1598,1,12,VAUXHALL ZAFIRA,7,E01024158,0,2
2024311460627,2024,311460627,1,9,0,-1,19,5,3,-1,0,5,0,0,0,0,2,1,-1,6,1,43,7,1956,2,12,VAUXHALL ZAFIRA,1,E01028263,0,1
2024430249874,2024,430249874,2,9,0,3,3,6,2,0,0,0,0,0,0,0,2,1,6,6,2,45,7,1364,1,6,VAUXHALL ZAFIRA,7,E01016327,0,4
2024522402487,2024,522402487,1,9,0,7,7,1,4,0,0,6,0,0,0,0,1,1,6,6,1,35,6,1364,1,7,VAUXHALL ZAFIRA,7,E01014520,0,1
2024501408258,2024,501408258,1,9,-1,-1,19,4,8,-1,0,1,0,0,0,0,1,1,-1,6,1,22,5,1686,2,11,VAUXHALL ZAFIRA,1,E01015151,0,1
2024430599269,2024,430599269,1,9,0,9,9,6,4,0,0,5,0,0,0,0,1,1,2,2,1,57,9,1686,2,14,VAUXHALL ZAFIRA,-1,-1,0,-1
2024332400718,2024,332400718,1,9,0,-1,19,7,3,-1,0,8,0,0,0,0,4,1,-1,2,1,39,7,1362,1,12,VAUXHALL ZAFIRA,1,E01013728,0,1
2024371479081,2024,371479081,2,9,0,-1,2,0,0,-1,0,0,0,0,0,0,2,1,-1,6,2,48,8,1364,1,9,VAUXHALL ZAFIRA,9,E01029999,0,1
2024522402823,2024,522402823,1,9,0,18,19,2,6,0,0,8,0,0,2,1,1,1,6,6,1,37,7,1796,1,18,VAUXHALL ZAFIRA,5,E01035222,0,2
2024201453287,2024,201453287,1,9,0,-1,19,5,1,-1,0,6,0,0,1,0,1,1,-1,6,2,30,6,1598,1,17,VAUXHALL ZAFIRA,1,E01009026,0,1
2024010518599,2024,010518599,1,9,0,18,19,5,1,0,0,5,0,0,0,0,1,1,2,2,1,62,9,1796,1,12,VAUXHALL ZAFIRA,5,E01000519,0,1
2024461408851,2024,461408851,1,9,0,-1,9,7,4,-1,0,2,0,0,0,0,1,9,-1,2,1,64,9,1796,1,20,VAUXHALL ZAFIRA,2,E01024505,0,1
2024201451410,2024,201451410,1,9,0,-1,9,7,3,-1,0,0,0,0,0,0,1,9,-1,6,1,32,6,1364,1,7,VAUXHALL ZAFIRA,2,E01009930,0,2
2024010509735,2024,010509735,1,8,0,7,7,1,3,0,0,5,0,0,0,0,4,1,1,1,1,57,9,1364,1,9,VAUXHALL ZAFIRA,3,E01000523,0,1
2024101419898,2024,101419898,1,9,0,-1,19,1,5,-1,0,1,0,0,0,0,1,1,-1,7,2,34,6,1598,1,12,VAUXHALL ZAFIRA,-1,-1,0,-1
2024440184613,2024,440184613,1,9,0,18,19,2,6,0,0,1,0,0,0,0,1,1,2,2,2,57,9,1368,1,5,ABARTH 595,4,E01017044,0,1
2024552401374,2024,552401374,2,9,0,10,10,8,5,0,0,5,0,0,0,0,2,1,2,2,2,53,8,1368,1,2,ABARTH 595,6,E01020434,0,3
2024311440709,2024,311440709,2,9,0,-1,19,8,4,-1,0,2,0,0,0,0,2,1,-1,9,1,39,7,1368,1,4,ABARTH 595,7,E01007685,0,4
2024540785024,2024,540785024,1,9,0,5,5,5,4,0,0,6,0,0,0,0,1,1,2,2,1,41,7,1368,1,7,ABARTH 595,5,E01031925,0,1
2024411491845,2024,411491845,1,9,0,-1,19,1,5,-1,0,0,0,0,0,0,3,1,-1,6,1,51,8,1368,1,9,ABARTH 595,4,E01023301,0,1
2024991551009,2024,991551009,1,9,0,-1,19,1,5,-1,0,0,0,0,0,0,1,1,-1,2,2,23,5,1368,1,6,ABARTH 595,2,-1,0,1
2024010519644,2024,010519644,1,9,0,99,99,9,9,99,99,9,9,99,9,99,9,9,6,6,2,74,10,1368,1,6,ABARTH 595,2,E01001196,0,2
2024010529639,2024,010529639,1,9,0,16,19,3,7,0,0,8,0,0,0,0,1,1,6,6,1,45,7,1368,1,6,ABARTH 595,3,E01002457,0,1
202460Q120924,2024,60Q120924,1,9,0,16,19,8,3,0,0,0,0,0,0,0,1,1,6,6,2,67,10,1368,1,4,ABARTH 595,-1,-1,0,-1
2024461412985,2024,461412985,3,9,0,-1,2,0,0,-1,-1,2,0,0,0,0,4,1,-1,6,-1,-1,-1,1368,1,10,ABARTH 595,-1,-1,0,-1
2024010514561,2024,010514561,1,9,0,7,7,5,7,7,6,6,0,0,0,0,1,1,1,1,1,27,6,1368,1,2,ABARTH 595,7,E01004597,0,2
2024010530850,2024,010530850,1,9,0,18,19,3,7,0,0,0,1,0,0,0,4,1,6,6,1,21,5,1368,1,2,ABARTH 595,10,E01021467,0,3
2024211426708,2024,211426708,2,9,0,-1,4,7,3,-1,0,0,0,0,0,0,0,1,-1,6,2,24,5,1368,1,6,ABARTH 595,-1,-1,0,-1
2024461430550,2024,461430550,1,9,0,-1,7,1,5,-1,0,1,0,0,0,0,1,1,-1,6,1,47,8,1368,1,6,ABARTH 595,4,E01024293,0,1
2024340WN3332,2024,340WN3332,1,9,0,-1,5,7,1,-1,0,6,0,0,0,0,3,1,-1,9,1,19,4,1368,1,7,ABARTH 595,10,E01027291,0,2
2024131504595,2024,131504595,2,9,0,-1,19,1,5,-1,0,0,1,0,0,0,2,1,-1,1,1,64,9,1368,1,2,ABARTH 595,10,E01027675,0,3
2024201520285,2024,201520285,4,9,0,-1,2,0,0,-1,0,0,0,0,0,0,1,1,-1,6,1,40,7,1368,1,10,ABARTH 595,-1,-1,0,-1
2024141402276,2024,141402276,1,9,0,-1,15,5,1,-1,0,0,0,0,0,0,1,1,-1,6,1,48,8,1368,1,10,ABARTH 595,1,E01008060,0,1
2024552400787,2024,552400787,1,9,0,18,19,8,4,0,0,0,5,4,0,0,1,1,6,6,1,21,5,1368,1,7,ABARTH 595,9,E01015406,0,2
2024231524222,2024,231524222,1,9,0,-1,19,4,2,-1,0,0,1,0,1,4,1,1,-1,6,1,23,5,1368,1,8,ABARTH 595,6,E01014299,0,4
2024991489808,2024,991489808,2,9,0,-1,3,6,2,-1,0,1,0,0,0,0,2,1,-1,9,2,37,7,1368,1,7,ABARTH 595,6,-1,0,4
2024622400161,2024,622400161,1,9,0,18,19,8,4,0,0,0,2,0,0,0,1,1,1,1,1,23,5,1368,1,3,ABARTH 595,2,W01001094,0,2
2024061491059,2024,061491059,1,9,0,-1,19,3,7,-1,0,0,0,4,0,0,1,1,-1,9,2,29,6,1368,1,7,ABARTH 595,9,E01004807,0,1
2024340WN0322,2024,340WN0322,1,9,0,-1,19,8,4,-1,0,0,0,0,0,0,1,1,-1,1,2,55,8,1368,1,6,ABARTH 595,-1,-1,0,-1
2024522500095,2024,522500095,2,9,0,18,19,5,1,0,0,0,0,0,0,0,3,1,6,6,1,65,9,1368,1,1,ABARTH 595,10,E01014876,0,3
2024211458143,2024,211458143,1,9,0,-1,19,5,1,-1,0,1,0,0,0,0,1,1,-1,6,1,60,9,1368,1,5,ABARTH 595,3,E01029354,0,3
2024461488902,2024,461488902,2,9,-1,-1,8,-1,-1,-1,-1,0,-1,0,0,0,4,9,-1,6,2,62,9,1368,1,0,ABARTH 595,6,E01024592,0,1
2024421439801,2024,421439801,2,9,0,-1,10,5,1,-1,0,5,0,0,0,0,2,1,-1,9,2,38,7,1368,1,5,ABARTH 595,8,E01021397,0,1
2024421409486,2024,421409486,1,9,0,-1,19,8,8,-1,0,1,0,0,0,0,1,1,-1,9,2,26,6,1368,1,6,ABARTH 595,7,E01015837,0,1
2024010548107,2024,010548107,3,9,0,2,2,0,0,0,0,1,0,0,0,0,0,1,6,6,3,-1,-1,1368,1,10,ABARTH 595,-1,-1,0,-1
2024991436544,2024,991436544,2,9,0,-1,19,7,3,-1,0,0,0,0,0,0,2,1,-1,9,1,20,4,1368,1,7,ABARTH 595,-1,-1,0,-1
2024501504569,2024,501504569,2,9,0,-1,4,3,7,-1,0,1,0,0,0,0,2,1,-1,9,1,69,10,1368,1,4,ABARTH 595,4,E01018762,0,4
2024031456105,2024,031456105,1,9,0,-1,19,1,5,-1,0,0,0,0,0,0,4,1,-1,6,1,33,6,1368,1,8,ABARTH 595,-1,-1,0,-1
2024461559289,2024,461559289,3,9,0,-1,10,2,7,-1,0,0,0,0,0,0,3,1,-1,6,2,24,5,1368,1,4,ABARTH 595,6,E01024301,0,1
2024991496419,2024,991496419,1,9,0,-1,19,8,5,-1,0,3,0,0,0,0,2,1,-1,2,1,59,9,1368,1,5,ABARTH 595,8,-1,0,4
2024401484998,2024,401484998,2,9,0,-1,3,5,1,-1,0,0,0,0,0,0,2,1,-1,2,2,32,6,1368,1,6,ABARTH 595,8,E01015696,0,1
2024622500004,2024,622500004,2,9,0,18,19,1,5,0,0,8,0,0,0,0,2,1,6,6,2,59,9,1368,1,6,ABARTH 595,10,W01001733,0,1
2024010546176,2024,010546176,2,9,9,99,99,9,9,99,99,9,9,99,9,99,9,9,6,6,3,-1,-1,1368,1,6,ABARTH 595,-1,-1,0,-1
2024131503604,2024,131503604,1,9,0,-1,19,5,1,-1,0,8,0,0,0,0,3,2,-1,6,3,-1,-1,1368,1,8,ABARTH 595,-1,-1,0,-1
2024421500527,2024,421500527,2,9,0,-1,19,5,1,-1,0,0,0,0,0,0,0,1,-1,6,2,32,6,1368,1,8,ABARTH 595,3,E01021358,0,4
2024522403062,2024,522403062,1,9,0,9,9,3,1,0,0,8,0,0,0,0,1,1,6,6,1,26,6,1368,1,7,ABARTH 595,8,E01030544,0,5
2024520002119,2024,520002119,2,9,0,6,6,1,1,0,0,0,0,0,0,0,3,1,6,6,1,19,4,1368,1,7,ABARTH 595,7,E01029019,0,4
2024471460038,2024,471460038,2,9,0,-1,2,0,0,-1,0,1,0,0,0,0,3,1,-1,6,-1,-1,-1,1368,1,6,ABARTH 595,-1,-1,0,-1
2024010502609,2024,010502609,1,9,0,14,14,3,7,0,0,0,1,0,0,0,1,1,6,6,1,54,8,1368,1,2,ABARTH 595,8,E01000389,0,1
2024131395486,2024,131395486,1,9,0,-1,19,7,3,-1,0,0,0,0,0,0,3,1,-1,9,1,36,7,1368,1,6,ABARTH 595,7,E01010931,0,2
2024501448179,2024,501448179,2,9,0,-1,9,5,3,-1,0,5,0,0,0,0,4,1,-1,9,1,56,9,1368,1,10,ABARTH 595,5,E01020278,0,3
2024161417904,2024,161417904,2,9,0,-1,19,5,1,-1,0,1,0,0,0,0,1,1,-1,9,1,58,9,1368,1,5,ABARTH 595,7,E01012794,0,1
2024451504626,2024,451504626,1,9,0,-1,19,6,2,-1,0,0,2,0,1,4,3,1,-1,9,1,21,5,1368,1,8,ABARTH 595,6,E01004560,0,4
2024010531072,2024,010531072,1,9,0,10,10,4,2,0,0,1,0,0,0,0,1,1,6,6,1,46,8,1368,1,8,ABARTH 595,3,E01001154,0,1
2024421502668,2024,421502668,3,9,0,-1,3,7,3,-1,0,0,0,0,0,0,2,1,-1,2,1,49,8,1368,1,5,ABARTH 595,1,E01015887,0,1
2024070618176,2024,070618176,1,9,0,18,19,1,5,0,0,0,0,0,0,0,1,1,6,6,1,30,6,1368,1,7,-1,2,E01012370,0,1
2024421529411,2024,421529411,1,9,0,-1,15,1,5,-1,0,0,0,4,0,0,3,1,-1,9,2,32,6,1368,1,0,-1,8,E01021515,0,1
2024122401198,2024,122401198,1,90,0,18,19,5,1,0,0,0,0,0,7,3,1,1,6,6,1,51,8,976,1,0,-1,5,E01027564,0,4
2024231420064,2024,231420064,2,3,0,-1,19,3,7,-1,0,0,0,0,0,0,0,1,-1,2,1,19,4,125,1,3,-1,10,E01032393,0,3
2024440367722,2024,440367722,1,3,0,18,19,5,1,0,0,8,0,0,0,0,1,1,6,6,1,18,4,125,1,6,-1,3,E01022840,0,1
2024520401663,2024,520401663,2,3,0,18,19,7,3,0,0,1,0,0,0,0,1,1,6,6,1,32,6,125,1,6,-1,2,E01029304,0,1
2024031445011,2024,031445011,1,3,0,-1,19,5,1,-1,0,0,0,0,0,0,1,1,-1,9,1,66,10,125,1,4,-1,3,E01025063,0,4
2024041445323,2024,041445323,2,2,0,-1,19,3,7,-1,0,0,0,0,0,0,0,1,-1,1,1,16,4,49,1,4,-1,7,E01025131,0,3
2024440348542,2024,440348542,1,3,0,18,19,7,3,0,0,0,0,0,0,0,0,1,6,6,1,20,4,125,1,4,-1,7,E01022648,0,2
2024361437990,2024,361437990,1,3,0,-1,13,7,3,-1,0,1,0,0,4,0,1,1,-1,9,1,29,6,125,1,5,-1,3,E01026447,0,4
2024052400534,2024,052400534,2,3,0,18,19,5,2,0,0,8,0,0,0,0,1,1,6,6,1,33,6,125,1,4,-1,1,E01006440,0,2
2024461438530,2024,461438530,2,4,0,-1,19,2,6,-1,0,0,0,0,0,0,1,1,-1,6,2,38,7,125,1,3,-1,6,E01024513,0,2
2024332400184,2024,332400184,1,9,0,-1,19,5,1,-1,0,0,1,10,1,4,3,1,-1,9,1,36,7,1797,1,24,-1,8,E01025739,0,1
2024351510441,2024,351510441,2,9,0,-1,4,3,7,-1,0,8,0,0,0,0,1,1,-1,6,1,63,9,1790,1,28,-1,6,E01018049,0,1
2024302500209,2024,302500209,1,9,0,-1,19,8,4,-1,0,0,0,0,1,0,4,1,-1,9,1,21,5,2000,1,22,-1,6,E01019741,0,2
2024471517201,2024,471517201,3,9,0,-1,19,3,7,-1,0,0,0,0,0,0,1,1,-1,9,1,43,7,1990,1,11,-1,6,E01021032,0,2
2024552401181,2024,552401181,1,10,0,18,19,4,8,0,0,0,0,0,0,0,1,1,6,6,1,42,7,-1,-1,-1,-1,1,E01013859,0,5
2024552400740,2024,552400740,1,5,0,18,19,8,4,0,0,0,1,0,0,0,1,1,6,6,1,55,8,1203,1,5,-1,6,E01032076,0,4
2024622400331,2024,622400331,1,5,0,18,19,3,7,0,0,0,0,0,0,0,1,1,6,6,1,55,8,1203,1,3,-1,8,W01000771,0,1
2024332400515,2024,332400515,3,21,0,-1,19,5,1,-1,0,3,0,0,3,0,2,1,-1,1,1,35,6,7790,2,11,-1,4,E01019844,0,2
2024371469701,2024,371469701,2,4,0,-1,19,5,1,-1,0,1,1,0,0,0,1,1,-1,2,1,65,9,451,1,0,-1,6,E01030063,0,3
2024052401554,2024,052401554,1,3,0,18,19,6,2,0,0,0,1,0,0,0,1,1,6,6,1,37,7,124,1,17,-1,2,E01007244,0,2
2024471449684,2024,471449684,1,3,0,-1,19,7,3,-1,0,1,1,0,0,0,3,1,-1,9,1,74,10,125,1,59,LAMBRETTA MODEL MISSING,4,E01021076,0,1
2024440362074,2024,440362074,1,3,0,18,19,3,7,0,0,0,0,0,0,0,3,1,6,6,1,70,10,225,1,64,LAMBRETTA MODEL MISSING,10,E01002339,0,5
2024122400716,2024,122400716,1,4,0,15,15,5,1,0,0,0,0,0,0,0,4,1,6,6,1,53,8,200,1,61,LAMBRETTA MODEL MISSING,-1,-1,0,-1
2024131526878,2024,131526878,1,3,0,-1,19,5,1,-1,0,1,0,0,0,0,1,1,-1,9,1,58,9,123,1,43,LAMBRETTA MODEL MISSING,6,E01010797,0,1
2024231481453,2024,231481453,1,4,0,-1,19,4,8,-1,0,0,0,0,0,0,3,1,-1,9,1,58,9,150,1,57,LAMBRETTA MODEL MISSING,4,E01031185,0,2
202460Q023766,2024,60Q023766,1,3,0,18,19,7,3,0,0,0,0,0,1,0,4,1,6,6,1,22,5,125,1,49,LAMBRETTA MODEL MISSING,-1,-1,0,-1
2024421455350,2024,421455350,2,4,0,-1,15,3,7,-1,0,1,0,0,0,0,1,1,-1,9,1,54,8,150,1,58,LAMBRETTA MODEL MISSING,1,E01022045,0,1
2024411401951,2024,411401951,2,4,0,-1,19,-1,-1,-1,99,8,0,0,-1,0,4,1,-1,9,1,53,8,150,1,59,LAMBRETTA MODEL MISSING,8,E01023297,0,2
2024320627137,2024,320627137,1,4,0,-1,-1,6,2,0,0,0,2,0,0,0,4,1,-1,-1,1,55,8,150,1,56,LAMBRETTA MODEL MISSING,4,E01026090,0,4
2024201509106,2024,201509106,2,2,0,-1,19,4,8,-1,0,2,0,0,0,0,4,1,-1,9,1,63,9,125,1,55,LAMBRETTA MODEL MISSING,2,E01009837,0,1
2024340NN1822,2024,340NN1822,1,2,0,-1,19,1,5,-1,0,0,5,0,0,0,3,1,-1,9,1,67,10,125,1,-1,LAMBRETTA MODEL MISSING,6,E01027039,0,2
2024461516226,2024,461516226,1,9,0,-1,19,3,7,-1,0,0,0,0,0,0,1,9,-1,6,1,-1,-1,1584,1,16,MITSUBISHI LANCER,2,E01024685,0,1
2024131529920,2024,131529920,2,9,0,-1,19,5,1,-1,0,0,0,0,0,0,3,1,-1,9,1,22,5,1584,1,18,MITSUBISHI LANCER,1,E01011316,0,1
2024141520869,2024,141520869,1,9,0,-1,9,3,5,-1,0,2,1,0,0,0,2,1,-1,9,1,20,4,1968,2,14,MITSUBISHI LANCER,10,E01012927,0,4
2024061470969,2024,061470969,1,9,0,-1,19,2,6,-1,9,6,0,10,1,10,1,1,-1,6,1,58,9,1499,1,15,MITSUBISHI LANCER,-1,-1,0,-1
2024320278035,2024,320278035,1,9,0,-1,-1,4,8,0,0,0,2,0,1,9,1,1,-1,-1,1,50,8,1584,1,17,MITSUBISHI LANCER,4,E01026079,0,1
2024010537256,2024,010537256,2,9,0,99,99,9,9,99,99,0,9,99,9,99,9,9,6,6,3,-1,-1,1798,1,14,MITSUBISHI LANCER,3,E01001008,0,3
2024501535539,2024,501535539,2,9,0,-1,19,7,3,-1,0,0,0,0,0,0,1,1,-1,9,2,41,7,1968,2,14,MITSUBISHI LANCER,8,E01018899,0,3
2024622400651,2024,622400651,2,9,0,18,19,1,5,0,0,0,0,0,0,0,2,1,6,6,1,58,9,1968,2,14,MITSUBISHI LANCER,3,W01001870,0,1
2024131530372,2024,131530372,1,9,0,-1,4,7,3,-1,0,1,0,0,0,0,2,2,-1,9,1,46,8,1968,2,16,MITSUBISHI LANCER,4,E01000611,0,5
2024421502997,2024,421502997,1,9,0,-1,19,1,5,-1,0,0,0,0,0,0,1,1,-1,6,1,28,6,1499,1,14,MITSUBISHI LANCER,7,E01023932,0,4
2024311499496,2024,311499496,1,9,0,-1,4,2,6,-1,0,1,0,0,0,0,1,9,-1,6,1,55,8,1968,2,13,MITSUBISHI LANCER,-1,-1,0,-1
2024461486974,2024,461486974,2,9,0,-1,2,0,0,-1,0,0,0,0,0,0,1,1,-1,6,-1,-1,-1,1968,2,13,MITSUBISHI LANCER,-1,-1,0,-1
2024451487299,2024,451487299,2,9,0,-1,19,-1,-1,-1,99,0,0,0,0,0,1,1,-1,6,1,58,9,1584,1,16,MITSUBISHI LANCER,-1,-1,0,-1