collision_index,collision_year,collision_ref_no,vehicle_reference,vehicle_type,towing_and_articulation,vehicle_manoeuvre_historic,vehicle_manoeuvre,vehicle_direction_from,vehicle_direction_to,vehicle_location_restricted_lane_historic,vehicle_location_restricted_lane,junction_location,skidding_and_overturning,hit_object_in_carriageway,vehicle_leaving_carriageway,hit_object_off_carriageway,first_point_of_impact,vehicle_left_hand_drive,journey_purpose_of_driver_historic,journey_purpose_of_driver,sex_of_driver,age_of_driver,age_band_of_driver,engine_capacity_cc,propulsion_code,age_of_vehicle,generic_make_model,driver_imd_decile,lsoa_of_driver,escooter_flag,driver_distance_banding
2024471442955,2024,471442955,2,9,0,-1,19,5,1,-1,0,0,0,0,0,0,1,1,-1,9,2,63,9,1584,1,18,MITSUBISHI LANCER,6,E01031568,0,3
2024351441152,2024,351441152,1,9,0,-1,19,5,1,-1,0,0,0,0,0,0,4,1,-1,6,1,75,10,1584,1,18,MITSUBISHI LANCER,5,E01018158,0,1
2024201509710,2024,201509710,1,9,0,-1,7,2,4,-1,0,6,5,10,7,0,1,1,-1,6,3,-1,-1,1997,1,20,MITSUBISHI LANCER,-1,-1,0,-1
2024471491074,2024,471491074,2,9,0,-1,13,4,8,-1,0,1,0,0,0,0,0,9,-1,6,1,20,4,1968,2,15,MITSUBISHI LANCER,5,E01031370,0,1
2024531482025,2024,531482025,1,9,0,-1,13,2,6,-1,0,0,0,0,0,0,2,1,-1,9,1,40,7,1968,2,14,MITSUBISHI LANCER,7,E01034789,0,1
2024070424642,2024,070424642,1,9,0,18,19,7,3,0,0,0,1,4,0,0,1,1,6,6,1,36,7,1998,1,20,MITSUBISHI LANCER,9,E01018669,0,1
2024531533640,2024,531533640,1,9,0,-1,9,5,3,-1,0,8,0,0,0,0,1,1,-1,6,1,-1,-1,1584,1,17,MITSUBISHI LANCER,-1,-1,0,-1
2024440556064,2024,440556064,1,9,0,18,19,2,6,0,0,1,0,0,0,0,1,1,2,2,1,29,6,1499,1,15,MITSUBISHI LANCER,6,E01017300,0,1
2024211424020,2024,211424020,2,9,0,-1,13,4,8,-1,0,0,5,0,0,0,1,1,-1,2,1,25,5,1998,1,25,MITSUBISHI LANCER,3,E01029568,0,1
2024010515626,2024,010515626,1,9,0,9,9,1,7,0,0,6,0,0,0,0,2,1,6,6,2,49,8,1798,1,16,MITSUBISHI LANCER,8,E01003668,0,1
2024161508106,2024,161508106,1,9,0,-1,7,1,3,-1,0,1,0,0,0,0,1,1,-1,6,2,78,11,1499,1,14,MITSUBISHI LANCER,1,E01013222,0,1
2024471466886,2024,471466886,2,9,-1,-1,7,4,7,-1,0,1,0,0,0,0,1,9,-1,6,1,64,9,1584,1,17,MITSUBISHI LANCER,4,E01031583,0,1
2024461450744,2024,461450744,1,9,0,-1,19,7,3,-1,0,0,0,0,0,0,1,1,-1,9,1,29,6,1798,1,14,MITSUBISHI LANCER,10,E01024823,0,1
2024010540127,2024,010540127,1,9,0,18,19,3,7,0,0,0,0,0,0,0,1,1,6,6,2,38,7,1998,1,15,MITSUBISHI LANCER,2,E01023860,0,4
2024161523553,2024,161523553,1,3,0,-1,19,1,5,-1,0,1,2,0,0,0,1,1,-1,6,1,26,6,125,1,17,-1,7,E01013032,0,4
2024501467686,2024,501467686,1,8,0,-1,1,-1,-1,-1,0,6,0,99,0,0,2,1,-1,6,1,46,8,2487,8,5,-1,1,E01015030,0,2
2024010542392,2024,010542392,1,9,0,18,19,3,7,0,0,0,0,0,0,0,3,1,6,6,1,75,10,2487,8,3,-1,8,E01021749,0,2
2024201461682,2024,201461682,1,9,0,-1,19,5,1,-1,0,3,0,0,0,0,1,1,-1,6,1,41,7,2487,8,5,-1,1,E01008935,0,2
2024041412988,2024,041412988,1,9,0,-1,19,5,1,-1,0,0,1,0,0,0,1,1,-1,1,1,50,8,2487,8,5,-1,1,E01005189,0,4
2024010548004,2024,010548004,4,9,0,18,19,1,5,0,0,0,1,0,7,4,2,1,1,1,1,50,8,2487,8,4,-1,2,E01016463,0,4
2024991422995,2024,991422995,1,8,0,-1,5,3,7,-1,0,0,0,0,0,0,0,1,-1,1,1,50,8,2487,8,4,-1,7,-1,0,1
2024552400725,2024,552400725,2,8,0,8,8,4,7,0,0,5,0,0,0,0,2,1,6,6,1,53,8,2487,8,4,-1,6,E01015349,0,1
2024440181282,2024,440181282,1,9,0,18,19,1,5,0,0,2,0,0,7,2,1,1,2,2,1,55,8,2487,8,3,-1,2,E01022904,0,1
2024991483637,2024,991483637,1,9,0,-1,3,3,7,-1,0,1,0,0,0,0,4,1,-1,6,1,47,8,2487,8,4,-1,9,-1,0,1
2024010534757,2024,010534757,2,5,0,99,99,9,9,99,99,9,9,99,9,99,1,1,2,2,1,58,9,1200,1,3,TRIUMPH SCRAMBLER,7,E01000748,0,3
2024311531984,2024,311531984,1,4,0,-1,19,3,7,-1,0,0,0,0,0,0,1,1,-1,2,1,46,8,398,1,0,TRIUMPH SCRAMBLER,-1,-1,0,-1
2024010512207,2024,010512207,2,5,0,18,19,7,3,0,0,0,0,0,0,0,1,1,6,6,1,60,9,1200,1,3,TRIUMPH SCRAMBLER,-1,-1,0,-1
2024461474534,2024,461474534,1,5,0,-1,19,8,3,-1,0,0,2,0,0,0,3,1,-1,9,1,51,8,1200,1,2,TRIUMPH SCRAMBLER,6,E01024719,0,4
2024471400948,2024,471400948,2,5,0,-1,19,5,1,-1,0,1,0,0,0,0,1,1,-1,9,1,46,8,1200,1,5,TRIUMPH SCRAMBLER,9,E01031733,0,1
2024451491311,2024,451491311,1,5,0,-1,19,8,4,-1,0,1,5,10,1,0,3,1,-1,2,1,44,7,900,1,0,TRIUMPH SCRAMBLER,9,E01030947,0,1
2024451501666,2024,451501666,2,4,0,-1,19,3,7,-1,0,1,5,0,0,0,1,1,-1,2,1,52,8,398,1,0,TRIUMPH SCRAMBLER,3,E01031657,0,4
2024122400674,2024,122400674,1,5,0,3,3,1,5,0,0,0,0,0,0,0,2,1,6,6,1,56,9,1200,1,1,TRIUMPH SCRAMBLER,6,E01012922,0,4
2024061499984,2024,061499984,1,5,0,-1,19,1,5,-1,0,1,0,0,0,0,1,1,-1,2,1,62,9,900,1,1,TRIUMPH SCRAMBLER,9,E01005549,0,4
2024991413948,2024,991413948,1,5,0,-1,7,5,6,-1,0,5,1,0,0,0,3,1,-1,1,1,32,6,1200,1,0,TRIUMPH SCRAMBLER,3,-1,0,2
2024010502178,2024,010502178,1,5,0,99,99,9,9,99,99,0,9,99,9,99,1,1,2,2,1,50,8,1200,1,1,TRIUMPH SCRAMBLER,7,E01004108,0,1
2024041468544,2024,041468544,1,4,0,-1,5,1,5,-1,0,1,0,0,0,0,4,1,-1,9,1,73,10,292,1,0,-1,8,E01025516,0,1
2024430530511,2024,430530511,2,5,0,18,19,6,2,0,0,0,0,0,0,0,1,1,6,6,1,-1,-1,292,1,0,-1,10,E01017874,0,3
2024201415805,2024,201415805,1,4,0,-1,19,4,8,-1,0,0,0,10,1,11,1,1,-1,9,1,30,6,-1,-1,-1,-1,1,E01009480,0,1
2024010526845,2024,010526845,2,9,0,5,5,9,9,99,99,9,9,99,9,99,0,9,6,6,3,-1,-1,3996,8,0,-1,-1,-1,0,-1
2024461475048,2024,461475048,2,9,0,-1,2,0,0,-1,-1,0,0,0,0,0,3,9,-1,9,1,53,8,4566,1,-1,-1,7,E01032570,0,4
2024061455069,2024,061455069,1,90,0,-1,19,7,3,-1,0,0,2,4,2,2,1,1,-1,6,1,40,7,800,1,9,-1,2,E01005763,0,1
2024320314999,2024,320314999,1,21,0,-1,-1,1,5,0,0,0,5,0,2,0,3,1,1,1,1,66,10,12580,2,18,-1,6,E01007692,0,4
2024221456391,2024,221456391,1,5,0,-1,19,5,1,-1,0,0,0,0,1,2,1,1,-1,9,1,34,6,1198,1,12,-1,5,E01029637,0,4
2024161441882,2024,161441882,1,5,0,-1,19,5,7,-1,0,0,0,0,1,0,1,1,-1,6,2,41,7,1198,1,10,-1,2,E01007348,0,4
2024471453345,2024,471453345,2,17,0,-1,3,7,3,-1,0,1,0,0,0,0,1,1,-1,1,1,29,6,7750,2,4,FENDT MODEL MISSING,5,E01031507,0,4
2024041535802,2024,041535802,2,17,4,-1,19,7,3,-1,0,0,0,0,0,0,3,1,-1,1,1,50,8,6056,2,0,FENDT MODEL MISSING,4,E01025035,0,2
2024552401187,2024,552401187,1,17,4,9,9,1,6,0,0,6,0,0,0,0,3,1,1,1,1,74,10,-1,2,19,FENDT MODEL MISSING,9,E01020464,0,4
2024991443512,2024,991443512,2,17,4,-1,9,5,7,-1,0,6,0,0,0,0,3,1,-1,1,1,50,8,-1,2,16,FENDT MODEL MISSING,-1,-1,0,-1
2024320040377,2024,320040377,1,17,0,13,13,1,5,0,0,0,0,0,0,0,2,1,1,1,1,65,9,7750,2,3,FENDT MODEL MISSING,6,E01026255,0,2
2024548705324,2024,548705324,2,17,0,18,19,4,8,0,0,0,0,0,0,0,3,1,6,6,1,38,7,6056,2,3,FENDT MODEL MISSING,9,E01032106,0,2
2024070337748,2024,070337748,2,17,4,9,9,7,3,0,0,5,0,0,0,0,3,1,1,1,1,61,9,-1,2,9,FENDT MODEL MISSING,5,E01018514,0,2
2024531512833,2024,531512833,2,17,5,-1,6,1,5,-1,0,0,0,0,0,0,4,1,-1,1,1,19,4,7750,2,6,FENDT MODEL MISSING,7,E01022248,0,1
2024501495633,2024,501495633,1,17,0,-1,19,1,5,-1,0,0,0,11,1,9,1,1,-1,1,1,30,6,7800,2,4,FENDT MODEL MISSING,5,E01020070,0,3
2024411495577,2024,411495577,1,17,4,-1,19,1,5,-1,0,0,0,0,0,0,3,1,-1,1,1,18,4,7750,2,3,FENDT MODEL MISSING,9,E01017752,0,4
2024221480715,2024,221480715,1,17,4,-1,9,3,8,-1,0,5,1,0,0,0,1,1,-1,1,1,54,8,7527,2,0,FENDT MODEL MISSING,7,E01028862,0,1
2024320737074,2024,320737074,1,17,0,-1,-1,6,2,0,0,0,0,0,0,0,1,1,1,1,1,18,4,4038,2,4,FENDT MODEL MISSING,4,E01026278,0,3
2024991399788,2024,991399788,3,17,4,-1,2,0,0,-1,0,0,0,0,0,0,0,1,-1,1,1,36,7,6056,2,6,FENDT MODEL MISSING,5,-1,0,1
2024122400944,2024,122400944,2,17,4,9,9,7,3,0,0,1,0,0,0,0,1,2,1,1,1,18,4,-1,2,4,FENDT MODEL MISSING,7,E01027799,0,4
2024501473111,2024,501473111,1,17,5,-1,19,8,4,-1,0,8,0,0,0,0,1,1,-1,1,1,19,4,-1,2,10,FENDT MODEL MISSING,4,E01019932,0,4
2024302500150,2024,302500150,2,17,0,18,19,2,7,0,0,0,0,0,0,0,1,1,6,6,1,57,9,-1,2,11,FENDT MODEL MISSING,7,E01019769,0,1
2024070966392,2024,070966392,2,17,4,-1,9,2,8,-1,0,6,0,0,0,0,3,1,-1,1,1,20,4,-1,2,10,FENDT MODEL MISSING,9,E01018669,0,2
2024320475119,2024,320475119,1,17,0,-1,-1,1,5,0,0,0,0,0,0,0,3,1,1,1,1,42,7,6056,2,4,FENDT MODEL MISSING,9,E01026225,0,2
2024522402289,2024,522402289,2,17,0,18,19,3,7,0,0,8,0,0,0,0,1,1,6,6,1,36,7,6100,2,7,FENDT MODEL MISSING,2,E01035216,0,4
2024471469385,2024,471469385,2,17,4,-1,13,7,3,-1,0,2,0,0,0,0,0,9,-1,6,1,22,5,6056,2,4,FENDT MODEL MISSING,6,E01021054,0,2
2024501444632,2024,501444632,2,17,4,-1,19,3,7,-1,0,0,0,0,0,0,2,1,-1,1,1,28,6,4038,2,1,FENDT MODEL MISSING,8,E01020003,0,4
2024440210155,2024,440210155,2,17,0,17,19,5,1,0,0,0,0,0,0,0,1,1,1,1,1,40,7,-1,2,17,FENDT MODEL MISSING,10,E01023279,0,1
2024461447481,2024,461447481,2,17,0,-1,2,0,0,-1,0,0,0,0,0,0,2,2,-1,1,1,27,6,6056,2,4,FENDT MODEL MISSING,3,E01024620,0,2
2024221504849,2024,221504849,2,17,0,-1,4,2,6,-1,0,1,0,0,0,0,3,1,-1,1,2,24,5,7527,2,0,FENDT MODEL MISSING,8,E01014131,0,2
2024041442942,2024,041442942,1,17,0,-1,9,1,7,-1,0,8,0,0,0,0,3,1,-1,1,1,19,4,-1,2,9,FENDT MODEL MISSING,5,E01025320,0,4
2024421488018,2024,421488018,1,17,0,-1,9,7,3,-1,0,8,0,0,0,0,1,1,-1,1,1,62,9,7400,2,1,FENDT MODEL MISSING,7,E01015979,0,1
2024351473725,2024,351473725,1,17,0,-1,19,1,5,-1,0,0,0,0,7,0,3,1,-1,6,1,61,9,6056,2,3,FENDT MODEL MISSING,5,E01018157,0,1
2024501506088,2024,501506088,1,17,0,-1,4,1,5,-1,0,0,0,4,0,0,1,1,-1,1,1,44,7,6056,2,0,FENDT MODEL MISSING,5,E01034642,0,3
2024122500222,2024,122500222,3,17,0,3,3,6,2,0,0,1,0,0,0,0,0,1,1,1,1,58,9,7527,2,1,FENDT MODEL MISSING,7,E01027600,0,1
2024351459867,2024,351459867,2,9,0,-1,19,1,5,-1,0,0,0,0,0,0,2,1,-1,6,2,71,10,1248,2,10,-1,6,E01018045,0,1
2024461469552,2024,461469552,1,9,0,-1,12,5,3,-1,-1,0,0,0,0,0,1,9,-1,6,1,39,7,1248,2,12,-1,5,E01032800,0,3
2024471454164,2024,471454164,4,9,0,-1,19,6,8,-1,0,1,0,0,0,0,0,1,-1,1,1,80,11,1248,2,13,-1,7,E01031381,0,2
2024041422148,2024,041422148,1,9,0,-1,9,3,5,-1,0,0,0,0,0,0,3,1,-1,6,1,63,9,1368,1,6,-1,9,E01012598,0,1
2024501480372,2024,501480372,2,9,0,-1,4,-1,-1,-1,0,1,0,99,0,0,1,1,-1,6,1,39,7,1248,2,13,-1,7,E01015068,0,1
202417S112324,2024,17S112324,1,9,0,-1,19,1,5,-1,0,8,0,0,0,0,0,1,-1,9,2,58,9,1248,2,7,-1,1,E01012268,0,1
2024371413953,2024,371413953,1,9,0,-1,19,1,1,-1,0,1,0,10,8,0,1,1,-1,6,1,57,9,1248,2,12,-1,6,E01030090,0,3
2024320461901,2024,320461901,2,3,0,-1,-1,6,2,0,0,0,2,0,0,0,2,1,-1,-1,1,24,5,90,1,42,-1,5,E01026018,0,1
2024131522810,2024,131522810,1,9,0,-1,19,1,5,-1,0,4,0,0,3,1,1,1,-1,9,1,56,9,1396,1,23,HONDA CIVIC,6,E01035049,0,1
2024221415509,2024,221415509,4,9,0,-1,2,0,0,-1,0,0,0,0,0,0,2,1,-1,6,1,32,6,1590,1,19,HONDA CIVIC,1,E01032313,0,1
2024221451321,2024,221451321,2,9,0,-1,2,0,0,-1,0,1,0,0,0,0,3,9,-1,6,-1,58,9,1799,1,18,HONDA CIVIC,-1,-1,0,-1
2024211492763,2024,211492763,1,9,0,-1,1,2,8,-1,0,0,0,0,0,0,2,1,-1,6,1,37,7,1339,1,13,HONDA CIVIC,-1,-1,0,-1
2024471479973,2024,471479973,2,9,0,-1,19,7,3,-1,0,1,0,0,0,0,1,1,-1,6,2,75,10,1799,1,18,HONDA CIVIC,6,E01031544,0,2
2024161517913,2024,161517913,1,9,0,-1,14,3,7,-1,0,0,0,0,0,0,1,1,-1,6,2,63,9,1798,1,7,HONDA CIVIC,10,E01012958,0,1
202460Q013312,2024,60Q013312,2,9,0,18,19,5,1,0,0,1,0,0,0,0,1,1,6,6,2,41,7,1597,2,11,HONDA CIVIC,-1,-1,0,-1
2024401506449,2024,401506449,2,9,0,-1,19,7,3,-1,0,4,0,0,0,0,1,1,-1,6,1,39,7,1998,1,18,HONDA CIVIC,5,E01015723,0,1
2024552400860,2024,552400860,2,9,0,18,19,6,2,0,0,1,0,0,0,0,1,1,6,6,1,33,6,2204,2,17,HONDA CIVIC,4,E01015465,0,4
2024371489546,2024,371489546,2,9,0,-1,19,4,8,-1,0,1,0,0,0,0,1,1,-1,9,2,41,7,1798,1,9,HONDA CIVIC,7,E01029942,0,1
2024421438309,2024,421438309,1,9,0,-1,19,-1,-1,-1,0,0,0,0,0,0,1,1,-1,6,3,-1,-1,1799,1,17,HONDA CIVIC,-1,-1,0,-1
2024010544731,2024,010544731,1,9,0,18,19,8,4,9,9,2,0,0,0,0,1,1,6,6,1,88,11,988,1,5,HONDA CIVIC,-1,-1,0,-1
2024440195569,2024,440195569,2,9,0,2,2,0,0,0,0,0,0,0,0,0,2,1,6,6,1,57,9,1798,1,8,HONDA CIVIC,-1,-1,0,-1
2024201497219,2024,201497219,1,9,0,-1,7,4,6,-1,0,6,5,7,3,7,1,1,-1,9,1,24,5,1998,1,21,HONDA CIVIC,1,E01009491,0,1
2024451465266,2024,451465266,2,9,0,-1,9,5,7,-1,0,8,0,0,0,0,1,1,-1,9,2,63,9,1339,1,13,HONDA CIVIC,4,E01030824,0,2
2024010499871,2024,010499871,1,9,0,18,19,3,7,0,0,2,0,0,0,0,4,1,3,7,2,31,6,1339,8,15,HONDA CIVIC,2,E01002073,0,1
2024141464612,2024,141464612,3,9,0,-1,19,2,6,-1,0,0,0,0,0,0,2,1,-1,2,1,34,6,2199,2,12,HONDA CIVIC,1,E01007563,0,3
2024461504296,2024,461504296,3,9,0,-1,2,1,1,-1,0,0,0,0,0,0,4,1,-1,2,1,46,8,1597,2,7,HONDA CIVIC,-1,-1,0,-1
2024010515134,2024,010515134,2,9,0,2,2,0,0,0,0,0,0,0,0,0,4,1,6,6,3,-1,-1,1339,1,18,HONDA CIVIC,-1,-1,0,-1
2024440553664,2024,440553664,1,9,0,12,12,1,5,0,0,3,0,0,0,0,1,1,6,6,1,24,5,1396,1,24,HONDA CIVIC,7,E01023125,0,2
2024340WN2662,2024,340WN2662,1,9,0,-1,19,7,3,-1,0,4,0,0,0,0,1,1,-1,6,1,28,6,1339,1,17,HONDA CIVIC,1,E01032979,0,1
2024430505046,2024,430505046,1,9,0,5,5,5,3,0,0,1,0,0,0,0,2,1,6,6,2,40,7,1590,1,20,HONDA CIVIC,-1,-1,0,-1
2024141532100,2024,141532100,1,9,0,-1,9,6,3,-1,0,8,0,0,0,0,4,1,-1,9,1,84,11,1798,1,9,HONDA CIVIC,2,E01007871,0,1
2024371504463,2024,371504463,3,9,0,-1,2,0,0,-1,0,0,0,0,0,0,1,1,-1,6,-1,-1,-1,1798,1,10,HONDA CIVIC,-1,-1,0,-1
2024041403283,2024,041403283,2,9,0,-1,19,5,1,-1,0,0,1,0,0,0,2,1,-1,9,1,63,9,988,1,7,HONDA CIVIC,9,E01025240,0,3
2024610042324,2024,610042324,2,9,0,4,4,1,5,0,0,4,0,0,0,0,1,1,6,6,1,40,7,988,1,6,HONDA CIVIC,7,W01001439,0,3
2024141432414,2024,141432414,2,9,0,-1,9,5,7,-1,0,1,0,0,0,0,3,2,-1,9,1,30,6,1339,1,14,HONDA CIVIC,2,E01007448,0,3
2024320228207,2024,320228207,1,9,0,-1,-1,4,8,0,0,0,0,0,7,4,3,1,-1,-1,2,24,5,1799,1,16,HONDA CIVIC,9,E01026223,0,3
2024471413010,2024,471413010,1,9,0,-1,19,5,1,-1,0,1,0,0,0,0,1,1,-1,2,1,39,7,1597,2,11,HONDA CIVIC,3,E01024795,0,4
2024311450491,2024,311450491,2,9,0,-1,19,7,3,-1,0,0,0,0,7,0,1,1,-1,9,1,31,6,1799,1,14,HONDA CIVIC,9,E01028367,0,1
2024522401863,2024,522401863,2,9,0,9,9,5,3,0,0,6,0,0,0,0,1,1,6,6,2,23,5,1998,1,17,HONDA CIVIC,5,E01033339,0,1
2024552400244,2024,552400244,1,9,0,18,19,3,7,0,0,8,0,0,0,0,1,1,6,6,1,25,5,1799,1,18,HONDA CIVIC,7,E01015450,0,1
2024520001969,2024,520001969,1,9,0,5,5,6,2,9,9,2,0,0,0,0,1,1,6,6,1,47,8,1799,1,18,HONDA CIVIC,7,E01014472,0,1
2024010525158,2024,010525158,1,9,0,18,19,1,5,0,0,1,0,0,1,4,1,1,6,6,1,44,7,1799,1,17,HONDA CIVIC,-1,-1,0,-1
2024421530067,2024,421530067,1,9,0,-1,19,5,8,-1,0,0,0,0,7,4,1,1,-1,9,2,22,5,1339,1,15,HONDA CIVIC,7,E01021353,0,3
2024061527549,2024,061527549,1,9,0,-1,19,6,2,-1,0,1,0,0,0,0,1,9,-1,6,1,-1,-1,1799,1,12,HONDA CIVIC,-1,-1,0,-1
2024010508661,2024,010508661,2,9,0,2,2,0,0,9,9,1,0,0,0,0,2,1,6,6,3,-1,-1,1339,8,15,HONDA CIVIC,-1,-1,0,-1
2024520500387,2024,520500387,1,9,0,18,19,4,8,0,0,0,0,0,0,0,1,1,6,6,1,43,7,2204,2,14,HONDA CIVIC,10,E01020242,0,4
2024440252912,2024,440252912,1,9,0,5,5,5,1,0,0,6,0,0,0,0,4,1,6,6,1,58,9,1993,8,0,HONDA CIVIC,10,E01023220,0,3
2024501438330,2024,501438330,3,9,0,-1,9,3,1,-1,0,1,0,0,0,0,4,1,-1,9,1,39,7,1798,1,11,HONDA CIVIC,8,E01028807,0,5
2024371508180,2024,371508180,1,9,0,-1,4,5,6,-1,0,4,0,0,0,0,1,1,-1,6,1,31,6,1590,1,19,HONDA CIVIC,2,E01030025,0,1
2024221510455,2024,221510455,4,9,0,-1,2,0,0,-1,0,0,0,0,0,0,2,9,-1,6,1,60,9,1597,2,7,HONDA CIVIC,4,E01028836,0,1
2024430153368,2024,430153368,3,9,0,18,19,5,1,0,0,1,0,0,0,0,1,1,6,6,2,30,6,1798,1,11,HONDA CIVIC,4,E01016479,0,1
2024311399134,2024,311399134,1,8,0,-1,13,4,8,-1,0,8,0,0,0,0,4,1,-1,1,1,40,7,2204,2,14,HONDA CIVIC,2,E01033399,0,1
2024411525839,2024,411525839,1,9,0,-1,4,7,3,-1,0,0,0,0,0,0,1,1,-1,9,2,25,5,2204,2,18,HONDA CIVIC,5,E01023759,0,3
2024141557274,2024,141557274,2,9,0,-1,5,4,8,-1,0,0,0,0,0,0,2,1,-1,6,1,-1,-1,2204,2,17,HONDA CIVIC,1,E01007737,0,1
2024501422373,2024,501422373,2,9,0,-1,19,1,5,-1,0,1,0,0,0,0,1,1,-1,9,1,43,7,2204,2,17,HONDA CIVIC,3,E01015167,0,1
2024471484405,2024,471484405,1,9,0,-1,19,3,7,-1,0,1,0,0,0,0,3,1,-1,2,1,41,7,1339,8,15,HONDA CIVIC,4,E01031573,0,1
2024461409718,2024,461409718,2,9,0,-1,19,5,1,-1,0,0,0,0,0,0,4,9,-1,9,1,51,8,2204,2,14,HONDA CIVIC,5,E01024227,0,1
2024531518202,2024,531518202,2,9,0,-1,8,7,1,-1,0,1,0,0,0,0,2,2,-1,9,2,36,7,1799,1,17,HONDA CIVIC,3,E01022121,0,1
2024041405073,2024,041405073,1,9,0,-1,19,1,3,-1,0,4,0,0,0,0,3,1,-1,7,2,31,6,1597,2,9,HONDA CIVIC,8,E01034347,0,3
2024531413747,2024,531413747,3,9,0,-1,2,0,0,-1,0,0,0,0,0,0,3,1,-1,6,3,-1,-1,1799,1,13,HONDA CIVIC,-1,-1,0,-1
2024421521921,2024,421521921,1,9,0,-1,19,1,5,-1,0,1,1,0,0,0,1,1,-1,6,2,-1,-1,1590,1,20,HONDA CIVIC,9,E01015845,0,1
2024141514803,2024,141514803,1,9,0,-1,3,7,3,-1,0,0,0,0,0,0,2,1,-1,9,1,39,7,1799,1,18,HONDA CIVIC,2,E01028259,0,4
2024991525192,2024,991525192,2,9,0,-1,19,1,5,-1,0,0,0,0,0,0,1,1,-1,2,2,65,9,1597,2,8,HONDA CIVIC,7,-1,0,1
2024451444150,2024,451444150,1,9,0,-1,19,3,7,-1,0,0,0,0,0,0,3,1,-1,7,1,47,8,1799,1,14,HONDA CIVIC,9,E01030716,0,1
2024631434874,2024,631434874,2,9,0,-1,4,5,1,-1,0,0,0,0,1,10,2,1,-1,6,1,68,10,1597,2,8,HONDA CIVIC,7,E01018374,0,4
2024201418567,2024,201418567,1,9,0,-1,4,1,5,-1,0,1,0,0,0,0,1,9,-1,6,1,-1,-1,1799,1,16,HONDA CIVIC,-1,-1,0,-1
2024451519603,2024,451519603,1,9,0,-1,13,2,6,-1,0,0,0,0,1,0,1,1,-1,2,1,74,10,2204,2,15,HONDA CIVIC,5,E01031631,0,4
2024471478305,2024,471478305,1,9,0,-1,19,2,6,-1,0,0,0,0,1,11,1,1,-1,9,1,19,4,1590,1,20,HONDA CIVIC,10,E01031744,0,2
2024131515756,2024,131515756,1,9,0,-1,1,4,8,-1,0,1,0,0,0,0,2,1,-1,6,3,-1,-1,1799,1,16,HONDA CIVIC,-1,-1,0,-1
2024401526628,2024,401526628,2,9,0,-1,19,4,8,-1,0,8,0,4,0,0,4,1,-1,6,3,-1,-1,1590,1,22,HONDA CIVIC,-1,-1,0,-1
2024311403935,2024,311403935,2,9,0,-1,9,7,3,-1,0,1,0,0,0,0,4,1,-1,1,1,48,8,2204,2,18,HONDA CIVIC,1,E01013885,0,1
2024421426979,2024,421426979,1,9,0,-1,19,1,5,-1,0,0,2,0,1,9,1,1,-1,9,1,19,4,1396,1,28,HONDA CIVIC,9,E01015858,0,2
2024131414367,2024,131414367,1,9,0,-1,19,5,1,-1,0,1,0,0,0,0,3,1,-1,9,2,21,5,1339,1,18,HONDA CIVIC,7,E01010917,0,2
2024471500487,2024,471500487,1,9,0,-1,19,1,5,-1,0,1,0,0,0,0,1,1,-1,2,2,42,7,1590,1,19,HONDA CIVIC,2,E01031790,0,2
2024302400660,2024,302400660,3,9,0,18,19,4,8,0,0,0,0,0,0,0,1,1,6,6,1,62,9,1590,1,23,HONDA CIVIC,-1,-1,0,-1
2024552400345,2024,552400345,1,9,0,18,19,3,7,0,0,0,0,0,1,10,4,1,6,6,1,21,5,988,1,5,HONDA CIVIC,5,E01020587,0,3
2024010540416,2024,010540416,1,9,0,18,19,4,8,0,0,0,0,0,1,10,1,1,6,6,1,41,7,1799,1,18,HONDA CIVIC,8,E01003668,0,1
2024101403322,2024,101403322,2,9,0,-1,2,4,6,-1,0,1,0,0,0,0,3,1,-1,6,-1,-1,-1,1798,1,12,HONDA CIVIC,-1,-1,0,-1
2024471413516,2024,471413516,1,9,0,-1,15,7,3,-1,0,1,0,4,0,0,1,1,-1,2,1,55,8,1590,1,20,HONDA CIVIC,9,E01030602,0,3
2024411531070,2024,411531070,2,9,0,-1,19,1,5,-1,0,0,0,0,0,0,2,1,-1,6,1,23,5,1799,1,17,HONDA CIVIC,1,E01009195,0,5
2024010524958,2024,010524958,1,9,0,99,99,9,9,99,99,9,9,99,9,99,2,9,6,6,2,62,9,1798,1,7,HONDA CIVIC,4,E01016177,0,4
2024440065968,2024,440065968,2,9,0,18,19,8,4,0,0,0,0,0,0,0,1,1,6,6,3,-1,-1,1799,1,15,HONDA CIVIC,-1,-1,0,-1
2024471469512,2024,471469512,1,9,0,-1,19,7,3,-1,0,0,0,0,0,0,1,1,-1,9,2,84,11,1590,1,20,HONDA CIVIC,7,E01031471,0,2
2024031515425,2024,031515425,1,9,0,-1,9,8,5,-1,0,1,0,0,0,0,1,1,-1,6,2,30,6,1339,1,14,HONDA CIVIC,-1,-1,0,-1
2024440190954,2024,440190954,2,9,0,18,19,7,3,0,0,1,0,0,0,0,1,1,6,6,1,74,10,1998,1,16,HONDA CIVIC,10,E01016706,0,4
2024522402841,2024,522402841,2,9,0,2,2,0,0,0,0,0,0,0,0,0,2,1,6,6,3,-1,-1,2204,2,17,HONDA CIVIC,-1,-1,0,-1