collision_index,collision_year,collision_ref_no,vehicle_reference,vehicle_type,towing_and_articulation,vehicle_manoeuvre_historic,vehicle_manoeuvre,vehicle_direction_from,vehicle_direction_to,vehicle_location_restricted_lane_historic,vehicle_location_restricted_lane,junction_location,skidding_and_overturning,hit_object_in_carriageway,vehicle_leaving_carriageway,hit_object_off_carriageway,first_point_of_impact,vehicle_left_hand_drive,journey_purpose_of_driver_historic,journey_purpose_of_driver,sex_of_driver,age_of_driver,age_band_of_driver,engine_capacity_cc,propulsion_code,age_of_vehicle,generic_make_model,driver_imd_decile,lsoa_of_driver,escooter_flag,driver_distance_banding
2024201407467,2024,201407467,2,9,9,-1,19,8,4,-1,0,1,0,0,0,0,9,9,-1,6,1,26,6,1799,1,16,HONDA CIVIC,2,E01034947,0,1
2024010543602,2024,010543602,4,9,0,2,2,0,0,0,0,8,1,0,0,0,2,1,6,6,3,-1,-1,1799,1,17,HONDA CIVIC,-1,-1,0,-1
2024401529324,2024,401529324,2,9,0,-1,4,4,8,-1,0,0,0,0,0,0,2,1,-1,6,1,43,7,1597,2,11,HONDA CIVIC,5,E01012667,0,5
2024111507070,2024,111507070,2,9,0,-1,13,4,8,-1,0,0,0,0,0,0,4,1,-1,6,1,48,8,1597,2,8,HONDA CIVIC,4,E01020651,0,3
2024631516951,2024,631516951,1,9,0,-1,13,6,2,-1,0,0,0,0,0,0,1,1,-1,9,1,75,10,1798,1,7,HONDA CIVIC,8,W01001758,0,4
2024010507375,2024,010507375,2,9,0,99,99,9,9,99,99,9,9,99,9,99,1,9,6,6,3,-1,-1,1590,1,21,HONDA CIVIC,-1,-1,0,-1
2024471394949,2024,471394949,2,9,0,-1,-1,7,1,-1,-1,4,0,0,0,0,3,1,-1,-1,1,23,5,988,1,4,HONDA CIVIC,4,E01031583,0,2
2024131477968,2024,131477968,1,9,0,-1,5,3,1,-1,0,8,1,0,1,0,1,1,-1,6,1,39,7,1998,1,16,HONDA CIVIC,1,E01011001,0,1
2024471520396,2024,471520396,1,9,0,-1,19,4,1,-1,0,0,0,0,0,0,1,1,-1,9,1,57,9,1799,1,14,HONDA CIVIC,5,E01031743,0,3
2024131432276,2024,131432276,2,9,0,-1,2,7,3,-1,0,0,0,0,0,0,3,1,-1,6,2,39,7,1339,1,13,HONDA CIVIC,9,E01011887,0,1
2024471529332,2024,471529332,1,9,0,-1,19,2,6,-1,0,1,0,0,0,0,4,9,-1,6,2,47,8,1799,1,14,HONDA CIVIC,10,E01031758,0,1
2024440534980,2024,440534980,1,9,0,7,7,3,1,0,0,6,0,0,0,0,1,1,2,2,1,29,6,1998,1,15,HONDA CIVIC,7,E01022690,0,2
2024201468117,2024,201468117,1,9,0,-1,19,2,6,-1,0,2,0,0,0,0,1,1,-1,2,1,40,7,988,1,4,HONDA CIVIC,6,E01029647,0,4
2024501531732,2024,501531732,2,9,0,-1,19,5,1,-1,0,1,0,0,0,0,1,1,-1,6,2,32,6,988,1,6,HONDA CIVIC,4,E01020041,0,2
2024201523990,2024,201523990,1,9,0,-1,4,5,1,-1,0,0,0,0,0,0,1,1,-1,9,2,24,5,2204,2,14,HONDA CIVIC,10,E01014877,0,5
2024161448109,2024,161448109,3,9,0,-1,19,1,5,-1,0,2,0,0,0,0,1,1,-1,6,1,53,8,1396,1,19,HONDA CIVIC,1,E01012857,0,1
2024221489395,2024,221489395,2,9,0,-1,3,6,2,-1,0,0,0,0,0,0,2,9,-1,6,2,55,8,1799,1,15,HONDA CIVIC,6,E01032179,0,3
2024010511344,2024,010511344,2,9,0,3,3,3,7,0,0,0,0,0,0,0,2,1,6,6,1,40,7,1799,1,16,HONDA CIVIC,10,E01002920,0,1
2024122400469,2024,122400469,1,9,0,16,19,3,7,0,0,0,2,0,7,10,3,1,1,1,1,37,7,1590,1,20,HONDA CIVIC,5,E01027706,0,1
2024061503231,2024,061503231,1,9,0,-1,19,7,7,-1,0,6,0,0,0,0,1,1,-1,9,1,20,4,1799,1,16,HONDA CIVIC,2,E01010268,0,4
2024101523992,2024,101523992,1,9,0,-1,9,5,4,-1,0,8,0,0,0,0,1,9,-1,6,1,-1,-1,1339,1,14,HONDA CIVIC,-1,-1,0,-1
2024471473197,2024,471473197,1,9,0,-1,7,4,7,-1,0,8,0,0,0,0,4,1,-1,9,1,63,9,1798,1,11,HONDA CIVIC,5,E01031611,0,3
2024052402021,2024,052402021,1,9,0,6,6,4,4,0,0,8,0,0,0,0,3,1,2,2,2,57,9,1339,1,11,HONDA CIVIC,1,E01006585,0,1
2024010540884,2024,010540884,1,9,0,18,19,8,4,0,0,4,0,0,0,0,1,1,6,6,1,39,7,1339,1,15,HONDA CIVIC,3,E01015801,0,4
2024041401344,2024,041401344,2,9,0,-1,9,5,3,-1,0,8,0,0,0,0,4,1,-1,9,2,33,6,1597,2,9,HONDA CIVIC,6,E01025486,0,4
2024101512112,2024,101512112,2,9,0,-1,3,8,3,-1,0,0,0,0,0,0,2,1,-1,6,1,56,9,2204,2,18,HONDA CIVIC,3,E01008508,0,1
202460Q192978,2024,60Q192978,1,9,0,18,19,6,2,0,0,0,2,0,1,9,1,1,6,6,1,18,4,1998,1,20,HONDA CIVIC,-1,-1,0,-1
2024332400079,2024,332400079,2,9,0,-1,7,5,7,-1,0,5,0,0,0,0,4,1,-1,9,1,40,7,1799,1,14,HONDA CIVIC,4,E01025907,0,1
2024351515270,2024,351515270,1,9,0,-1,12,8,4,-1,0,2,0,0,0,0,3,1,-1,6,2,60,9,1668,1,22,HONDA CIVIC,6,E01010594,0,5
2024361414262,2024,361414262,2,9,0,-1,19,3,7,-1,0,0,0,0,0,0,1,1,-1,9,1,47,8,1597,2,9,HONDA CIVIC,6,E01026475,0,3
2024010520780,2024,010520780,2,9,9,8,8,5,6,99,99,9,9,99,9,99,9,9,6,6,3,-1,-1,1799,1,18,HONDA CIVIC,-1,-1,0,-1
2024332401237,2024,332401237,1,9,0,-1,19,2,6,-1,0,0,0,0,7,11,1,1,-1,9,1,69,10,1799,1,17,HONDA CIVIC,6,E01013766,0,1
2024451443346,2024,451443346,2,9,0,-1,19,3,7,-1,0,0,0,0,0,0,2,1,-1,9,1,62,9,2204,2,16,HONDA CIVIC,8,E01003404,0,2
2024041533174,2024,041533174,1,9,0,-1,19,5,1,-1,0,1,0,0,0,0,1,9,-1,6,3,20,4,1597,2,11,HONDA CIVIC,8,E01034347,0,2
2024531450394,2024,531450394,1,9,0,-1,19,3,7,-1,0,1,0,0,0,0,1,1,-1,9,1,68,10,1799,1,13,HONDA CIVIC,7,E01022376,0,1
2024141555071,2024,141555071,2,9,0,-1,19,7,3,-1,0,0,0,0,0,0,1,1,-1,6,1,-1,-1,1998,1,17,HONDA CIVIC,1,E01007766,0,1
2024552400561,2024,552400561,1,9,0,9,9,6,4,0,0,6,0,0,0,0,1,1,2,2,1,43,7,1799,1,15,HONDA CIVIC,9,E01015451,0,1
2024302401771,2024,302401771,1,9,0,-1,19,5,1,-1,0,2,0,0,0,0,1,1,-1,2,2,71,10,1799,1,15,HONDA CIVIC,6,E01019620,0,3
2024421402421,2024,421402421,2,9,0,-1,19,2,5,-1,0,0,0,0,0,0,4,1,-1,2,1,42,7,1597,2,8,HONDA CIVIC,9,E01003648,0,2
2024010509007,2024,010509007,2,9,0,99,99,9,9,99,99,9,9,99,9,99,1,9,6,6,3,-1,-1,1396,1,21,HONDA CIVIC,4,E01023937,0,3
2024302401606,2024,302401606,2,9,0,18,19,8,4,0,0,0,0,0,0,0,1,1,6,6,1,24,5,988,1,5,HONDA CIVIC,9,E01007749,0,1
2024010553146,2024,010553146,2,9,0,99,99,9,9,99,99,9,9,99,9,99,9,9,6,6,3,-1,-1,988,1,4,HONDA CIVIC,-1,-1,0,-1
2024440093426,2024,440093426,1,9,0,18,19,5,1,0,0,8,0,0,0,0,4,1,6,6,1,19,4,1339,1,14,HONDA CIVIC,6,E01017047,0,1
2024070590723,2024,070590723,1,9,0,16,19,7,3,0,0,0,0,0,1,2,1,1,6,6,1,31,6,1996,1,5,HONDA CIVIC,4,E01006837,0,1
2024221481344,2024,221481344,1,9,0,-1,19,7,3,-1,0,0,0,0,0,0,3,1,-1,2,1,30,6,1799,1,18,HONDA CIVIC,4,E01014098,0,1
2024010505608,2024,010505608,1,9,0,3,3,1,5,0,0,2,0,0,0,0,2,1,6,6,1,24,5,1590,1,19,HONDA CIVIC,5,E01002219,0,1
2024010529220,2024,010529220,1,9,9,99,99,9,9,99,99,9,9,99,9,99,9,9,6,6,1,44,7,1799,1,14,HONDA CIVIC,7,E01022641,0,4
2024320078292,2024,320078292,2,9,0,3,3,3,7,0,0,1,0,0,0,0,2,2,-1,-1,1,32,6,1597,2,6,HONDA CIVIC,3,E01026123,0,1
2024552400510,2024,552400510,1,9,0,18,19,1,5,0,0,0,0,0,0,0,1,1,6,6,1,90,11,1798,1,10,HONDA CIVIC,9,E01015406,0,1
2024332400428,2024,332400428,2,9,0,-1,4,6,2,-1,0,0,0,0,0,0,2,1,-1,6,2,-1,-1,1799,1,18,HONDA CIVIC,-1,-1,0,-1
2024010503191,2024,010503191,1,9,0,17,19,6,2,0,0,8,0,0,0,0,3,1,2,2,2,55,8,1590,1,21,HONDA CIVIC,6,E01002555,0,1
2024522500009,2024,522500009,2,9,0,4,4,2,6,0,0,0,0,0,0,0,2,1,6,6,1,38,7,988,1,5,HONDA CIVIC,9,E01009735,0,5
2024231442627,2024,231442627,1,9,0,-1,7,3,5,-1,0,6,0,0,0,0,3,1,-1,6,1,36,7,1799,1,15,HONDA CIVIC,10,E01025904,0,4
2024201451932,2024,201451932,1,9,0,-1,9,6,4,-1,0,5,0,0,0,0,1,9,-1,1,2,26,6,1339,1,15,HONDA CIVIC,1,E01009161,0,3
2024061464323,2024,061464323,1,9,0,-1,19,7,3,-1,0,1,0,0,0,0,1,1,-1,9,1,28,6,1590,1,21,HONDA CIVIC,1,E01004853,0,1
2024501433166,2024,501433166,2,9,0,-1,4,7,3,-1,0,0,0,0,0,0,2,1,-1,6,2,81,11,1590,1,21,HONDA CIVIC,1,E01015149,0,1
2024201474471,2024,201474471,2,9,0,-1,19,8,4,-1,0,8,0,0,0,0,1,1,-1,6,-1,23,5,1799,1,14,HONDA CIVIC,-1,-1,0,-1
2024461521869,2024,461521869,2,9,0,-1,19,7,3,-1,0,0,0,0,0,0,1,1,-1,1,2,23,5,988,1,6,HONDA CIVIC,3,E01024668,0,3
2024991476129,2024,991476129,2,9,0,-1,19,1,5,-1,0,8,0,0,0,0,3,1,-1,9,1,31,6,1998,1,17,HONDA CIVIC,4,-1,0,1
2024201563979,2024,201563979,1,9,0,-1,19,6,2,-1,0,1,0,0,0,0,4,9,-1,1,1,29,6,1799,1,18,HONDA CIVIC,4,E01032406,0,4
2024201479797,2024,201479797,1,9,0,-1,19,1,5,-1,0,8,1,10,1,0,3,9,-1,6,1,20,4,2204,2,16,HONDA CIVIC,7,E01008967,0,1
2024552401406,2024,552401406,1,9,0,4,4,2,6,0,0,8,0,0,0,0,1,1,6,6,1,30,6,1396,1,23,HONDA CIVIC,2,E01020499,0,4
2024461456138,2024,461456138,2,9,0,-1,4,3,7,-1,0,0,1,0,0,0,2,1,-1,6,1,44,7,1798,1,7,HONDA CIVIC,9,E01000453,0,3
2024010519141,2024,010519141,1,9,0,7,7,5,7,0,0,1,0,0,0,0,2,1,6,6,2,36,7,1339,1,17,HONDA CIVIC,4,E01034605,0,2
2024010501910,2024,010501910,2,9,0,99,99,9,9,99,99,9,9,99,9,99,1,9,6,6,3,41,7,988,1,5,HONDA CIVIC,2,E01003540,0,1
2024351414070,2024,351414070,2,9,-1,-1,-1,-1,-1,-1,-1,-1,-1,-1,-1,0,1,9,-1,6,2,34,6,2204,2,16,HONDA CIVIC,2,E01015680,0,1
2024361441100,2024,361441100,1,9,0,-1,19,-1,-1,-1,0,1,0,0,0,0,1,1,-1,6,1,-1,-1,1799,1,16,HONDA CIVIC,-1,-1,0,-1
2024552400364,2024,552400364,2,9,0,18,19,4,8,0,0,8,0,0,0,0,1,1,2,2,1,22,5,1998,1,19,HONDA CIVIC,7,E01015352,0,1
2024522402822,2024,522402822,2,9,0,4,4,3,7,0,0,1,0,0,0,0,1,1,6,6,1,54,8,2204,2,18,HONDA CIVIC,10,E01014875,0,1
2024991431162,2024,991431162,2,9,0,-1,19,3,7,-1,0,1,0,0,0,0,1,1,-1,6,2,37,7,2204,2,15,HONDA CIVIC,2,-1,0,1
2024991527174,2024,991527174,1,9,0,-1,5,4,7,-1,0,0,0,0,0,0,3,2,-1,6,1,56,9,1798,1,12,HONDA CIVIC,7,-1,0,2
2024201440711,2024,201440711,2,9,0,-1,8,1,3,-1,0,1,0,0,0,0,2,1,-1,2,2,38,7,1339,1,13,HONDA CIVIC,6,E01010233,0,1
2024161483932,2024,161483932,2,9,0,-1,19,5,1,-1,0,1,0,0,0,0,1,1,-1,6,1,74,10,1597,2,10,HONDA CIVIC,8,E01012959,0,1
2024141518558,2024,141518558,1,9,0,-1,19,3,7,-1,0,1,0,0,0,0,1,1,-1,9,2,42,7,1798,1,11,HONDA CIVIC,4,E01007382,0,1
2024010549047,2024,010549047,1,9,0,99,99,9,9,99,99,9,9,99,9,99,2,9,6,6,2,46,8,1798,1,10,HONDA CIVIC,8,E01017802,0,4
2024201545326,2024,201545326,2,9,0,-1,19,2,6,-1,0,0,0,0,0,0,3,9,-1,6,1,25,5,1597,2,4,HONDA CIVIC,3,E01009221,0,2
2024201436193,2024,201436193,1,9,0,-1,9,6,4,-1,0,5,0,0,0,0,1,1,-1,6,3,-1,-1,1799,1,18,HONDA CIVIC,-1,-1,0,-1
2024522403216,2024,522403216,1,9,0,9,9,5,3,0,0,6,0,0,0,0,1,1,6,6,2,66,10,1590,1,20,HONDA CIVIC,10,E01014885,0,1
2024131503209,2024,131503209,2,9,0,-1,19,7,3,-1,0,0,0,0,0,0,3,1,-1,9,1,29,6,1590,1,19,HONDA CIVIC,1,E01011107,0,1
2024991404259,2024,991404259,2,9,0,-1,19,4,1,-1,0,1,1,0,0,0,1,1,-1,6,2,33,6,1597,2,8,HONDA CIVIC,5,-1,0,3
2024010523805,2024,010523805,2,9,0,10,10,7,5,0,0,8,0,0,0,0,1,1,6,6,1,30,6,1396,1,23,HONDA CIVIC,4,E01001321,0,2
2024531502702,2024,531502702,2,9,0,-1,19,7,3,-1,0,8,0,0,0,0,1,1,-1,6,1,18,4,1339,1,15,HONDA CIVIC,1,E01022238,0,2
2024371489365,2024,371489365,1,9,0,-1,19,8,4,-1,0,0,0,0,0,0,1,1,-1,9,1,46,8,1799,1,14,HONDA CIVIC,1,E01026603,0,3
2024131408539,2024,131408539,2,9,0,-1,19,5,1,-1,0,0,0,0,0,0,2,1,-1,1,1,30,6,988,1,6,HONDA CIVIC,8,E01011297,0,1
2024501438534,2024,501438534,1,9,0,-1,19,5,3,-1,0,6,0,0,0,0,3,1,-1,9,1,45,7,2204,2,17,HONDA CIVIC,3,E01020293,0,4
2024461492824,2024,461492824,1,9,0,-1,9,3,8,-1,0,8,0,0,0,0,1,1,-1,2,1,31,6,2204,2,17,HONDA CIVIC,2,E01024214,0,1
2024010544757,2024,010544757,1,9,0,99,99,9,9,99,99,0,9,99,9,99,2,9,6,6,1,26,6,1339,1,13,HONDA CIVIC,8,E01000204,0,2
2024221401733,2024,221401733,1,9,0,-1,19,3,7,-1,0,8,0,0,0,0,1,9,-1,2,1,43,7,1597,2,10,HONDA CIVIC,10,E01032230,0,1
2024201497913,2024,201497913,1,9,0,-1,19,1,4,-1,0,1,0,0,0,0,1,1,-1,6,1,20,4,1998,1,20,HONDA CIVIC,8,E01010487,0,1
2024430254428,2024,430254428,3,9,0,2,2,0,0,0,0,1,0,0,0,0,1,1,6,6,3,-1,-1,1590,1,23,HONDA CIVIC,-1,-1,0,-1
2024622400683,2024,622400683,1,9,0,18,19,4,8,0,0,1,0,0,0,0,1,1,6,6,1,22,5,2204,2,18,HONDA CIVIC,6,W01000875,0,1
2024201484913,2024,201484913,2,9,0,-1,5,8,4,-1,0,1,0,0,0,0,1,1,-1,6,3,30,6,1799,1,18,HONDA CIVIC,-1,-1,0,-1
2024430583217,2024,430583217,2,9,0,18,19,1,5,0,0,3,0,0,0,0,2,1,6,6,2,29,6,1339,1,15,HONDA CIVIC,7,E01028731,0,1
2024991485809,2024,991485809,2,9,0,-1,4,7,3,-1,0,0,0,0,0,0,2,1,-1,9,1,31,6,1998,1,16,HONDA CIVIC,4,-1,0,1
2024201494464,2024,201494464,1,9,0,-1,19,2,6,-1,0,8,0,0,0,0,1,1,-1,6,-1,-1,-1,2204,2,17,HONDA CIVIC,-1,-1,0,-1
2024991450455,2024,991450455,2,9,0,-1,4,3,7,-1,0,0,1,0,1,0,2,1,-1,9,2,35,6,1597,2,8,HONDA CIVIC,4,-1,0,5
2024622400202,2024,622400202,1,9,0,18,19,8,4,0,0,4,0,0,0,0,3,1,6,6,1,58,9,2199,2,11,HONDA CIVIC,9,W01001006,0,4
2024451426472,2024,451426472,2,9,0,-1,19,6,1,-1,0,1,0,0,0,0,1,1,-1,9,1,61,9,1799,1,18,HONDA CIVIC,2,E01034293,0,1
2024131416437,2024,131416437,1,9,0,-1,7,3,5,-1,0,8,0,0,0,0,1,1,-1,9,1,25,5,1799,1,18,HONDA CIVIC,2,E01011250,0,1
2024041490722,2024,041490722,1,9,0,-1,19,5,5,-1,0,1,0,0,0,0,1,1,-1,2,1,30,6,1493,1,24,HONDA CIVIC,1,E01012640,0,1
202454B096324,2024,54B096324,2,9,0,9,9,2,8,0,0,4,0,0,0,0,3,1,6,6,1,75,10,1798,1,12,HONDA CIVIC,5,E01015554,0,1
2024221531652,2024,221531652,1,9,0,-1,19,8,5,-1,0,0,1,0,1,4,1,9,-1,6,1,25,5,1799,1,18,HONDA CIVIC,6,E01028842,0,2
2024471514583,2024,471514583,3,9,0,-1,19,1,5,-1,0,0,0,0,0,0,1,1,-1,9,1,25,5,1339,1,13,HONDA CIVIC,5,E01002546,0,4
2024231431441,2024,231431441,1,9,0,-1,19,1,5,-1,0,0,1,0,2,7,1,9,-1,9,1,22,5,988,1,5,HONDA CIVIC,3,E01015923,0,5
2024201501621,2024,201501621,1,9,0,-1,5,2,6,-1,0,0,0,0,0,0,1,9,-1,6,1,33,6,1590,1,22,HONDA CIVIC,1,E01008996,0,1
2024320262450,2024,320262450,1,9,0,-1,-1,8,4,0,0,8,0,0,0,0,3,1,-1,-1,1,57,9,1396,1,22,HONDA CIVIC,-1,-1,0,-1
2024111451915,2024,111451915,1,9,0,-1,5,3,5,-1,0,1,0,2,0,0,1,1,-1,6,2,61,9,2204,2,16,HONDA CIVIC,1,E01020765,0,1
2024141404332,2024,141404332,1,9,0,-1,19,8,4,-1,0,8,0,0,0,0,1,1,-1,9,1,63,9,2204,2,14,HONDA CIVIC,2,E01011854,0,2
2024041471049,2024,041471049,1,9,0,-1,1,7,3,-1,-1,0,0,0,0,0,2,1,-1,9,2,63,9,1590,1,23,HONDA CIVIC,3,E01024988,0,1
2024340NN4712,2024,340NN4712,1,9,0,-1,7,1,5,-1,0,1,1,0,0,0,1,1,-1,6,1,-1,-1,2204,2,17,HONDA CIVIC,-1,-1,0,-1
2024061503619,2024,061503619,2,9,0,-1,3,-1,-1,-1,99,1,0,0,0,0,1,1,-1,6,1,-1,-1,1590,1,23,HONDA CIVIC,-1,-1,0,-1
2024461424200,2024,461424200,2,9,0,-1,19,1,5,-1,0,0,0,0,0,0,1,1,-1,9,1,29,6,1339,1,16,HONDA CIVIC,3,E01016164,0,4
2024552400596,2024,552400596,1,9,0,9,9,2,8,0,0,8,0,0,0,0,4,1,6,6,1,30,6,1799,1,18,HONDA CIVIC,7,E01020361,0,1
2024991520567,2024,991520567,1,9,0,-1,19,3,7,-1,0,0,0,0,1,0,1,1,-1,6,2,62,9,1339,8,15,HONDA CIVIC,9,-1,0,1
2024131500291,2024,131500291,2,9,0,-1,2,0,0,-1,0,8,0,0,0,0,2,1,-1,6,3,-1,-1,1396,1,20,HONDA CIVIC,-1,-1,0,-1
2024201451096,2024,201451096,3,9,0,-1,2,0,0,-1,9,0,0,0,0,0,2,1,-1,6,-1,-1,-1,1339,1,15,HONDA CIVIC,-1,-1,0,-1
2024221461611,2024,221461611,2,9,0,-1,19,4,8,-1,0,0,0,0,0,0,2,9,-1,6,1,57,9,1339,1,14,HONDA CIVIC,7,E01032352,0,3
2024471405632,2024,471405632,1,9,0,-1,9,2,8,-1,0,8,0,0,0,0,1,1,-1,9,1,72,10,1998,1,20,HONDA CIVIC,6,E01031406,0,1
2024010538982,2024,010538982,2,9,0,18,19,7,3,0,0,0,0,0,0,0,1,1,6,6,1,33,6,1368,7,17,HONDA CIVIC,-1,-1,0,-1
2024201412974,2024,201412974,1,9,0,-1,19,8,4,-1,0,0,0,0,0,0,1,9,-1,6,1,30,6,2204,2,17,HONDA CIVIC,6,E01014360,0,4
2024520403145,2024,520403145,1,9,0,18,19,5,1,0,0,0,0,0,2,11,4,1,6,6,2,30,6,1590,1,23,HONDA CIVIC,5,E01014537,0,4
2024430418121,2024,430418121,1,9,0,18,19,7,3,0,0,8,0,0,0,0,4,1,6,6,2,28,6,2204,2,15,HONDA CIVIC,10,E01028644,0,3
2024161488298,2024,161488298,1,9,0,-1,19,3,7,-1,0,1,0,0,0,0,1,1,-1,9,2,37,7,2204,2,17,HONDA CIVIC,5,E01013271,0,1
2024471499608,2024,471499608,1,9,0,-1,13,6,2,-1,2,0,0,0,0,0,4,1,-1,9,1,80,11,1798,1,9,HONDA CIVIC,5,E01020969,0,1
2024161515707,2024,161515707,1,9,0,-1,19,1,5,-1,0,0,0,0,0,0,1,9,-1,6,2,-1,-1,1590,1,21,HONDA CIVIC,-1,-1,0,-1
2024451416309,2024,451416309,1,9,0,-1,19,5,1,-1,0,1,0,0,0,0,1,1,-1,9,1,33,6,1799,1,13,HONDA CIVIC,6,E01030714,0,1
2024471446723,2024,471446723,2,9,0,-1,19,7,3,-1,0,0,0,0,1,11,1,1,-1,9,1,38,7,1590,1,20,HONDA CIVIC,3,E01031598,0,1
2024221471607,2024,221471607,1,9,0,-1,9,3,2,-1,0,0,1,0,0,0,1,1,-1,6,1,28,6,1799,1,18,HONDA CIVIC,7,E01028988,0,2
2024141443747,2024,141443747,1,9,0,-1,19,3,7,-1,0,1,0,0,0,0,1,1,-1,6,2,39,7,988,1,6,HONDA CIVIC,3,E01007799,0,2
2024991440048,2024,991440048,2,9,0,-1,19,3,7,-1,0,0,1,0,1,7,4,1,-1,6,2,23,5,1597,2,4,HONDA CIVIC,4,-1,0,3
2024311440872,2024,311440872,1,9,0,-1,20,8,4,-1,9,2,0,0,0,0,1,1,-1,7,2,57,9,1590,1,19,HONDA CIVIC,4,E01028174,0,1
2024501491386,2024,501491386,1,9,0,-1,19,1,8,-1,0,8,1,7,1,11,1,1,-1,9,1,81,11,1798,1,10,HONDA CIVIC,1,E01015255,0,1
2024052401267,2024,052401267,1,9,0,18,19,7,3,0,0,0,0,0,1,4,1,1,6,6,1,41,7,1799,1,18,HONDA CIVIC,1,E01006611,0,3
202460Q195537,2024,60Q195537,1,9,0,18,19,1,5,0,0,0,0,0,0,0,1,1,6,6,1,50,8,1339,1,12,HONDA CIVIC,-1,-1,0,-1
2024201395153,2024,201395153,1,9,0,-1,19,1,6,-1,0,0,0,0,0,0,1,9,-1,6,1,17,4,1590,1,23,HONDA CIVIC,2,E01009937,0,1
2024161464651,2024,161464651,2,9,0,-1,5,6,1,-1,0,4,0,99,0,0,1,1,-1,6,2,-1,-1,1339,1,16,HONDA CIVIC,-1,-1,0,-1
2024010517071,2024,010517071,2,9,0,99,99,9,9,99,99,9,9,99,9,99,1,9,6,6,3,-1,-1,1339,1,13,HONDA CIVIC,-1,-1,0,-1
2024991481046,2024,991481046,2,9,0,-1,13,4,8,-1,0,1,2,0,7,9,4,1,-1,2,1,28,6,2204,2,17,HONDA CIVIC,1,-1,0,4
2024440539544,2024,440539544,2,9,0,5,5,6,2,0,0,8,0,0,0,0,1,1,2,2,1,61,9,2204,2,15,HONDA CIVIC,5,E01022678,0,1
2024010498138,2024,010498138,2,9,0,9,9,3,1,0,0,6,0,0,0,0,1,1,2,2,1,31,6,1798,1,7,HONDA CIVIC,4,E01000742,0,1
2024010516313,2024,010516313,1,9,0,18,19,5,1,0,0,2,0,0,0,0,1,1,6,6,1,38,7,1590,1,21,HONDA CIVIC,4,E01002641,0,1
2024340NN4192,2024,340NN4192,2,9,0,-1,6,5,5,-1,0,0,0,0,0,0,3,1,-1,2,1,48,8,2204,2,17,HONDA CIVIC,5,E01027061,0,1
2024520402083,2024,520402083,1,9,0,18,19,6,2,0,0,8,0,0,3,0,1,1,6,6,1,86,11,1590,1,19,HONDA CIVIC,7,E01029078,0,1
2024440517336,2024,440517336,3,9,0,18,19,1,5,0,0,0,0,0,0,0,2,1,6,6,1,34,6,1597,2,5,HONDA CIVIC,5,E01016390,0,4
2024131522952,2024,131522952,2,9,0,-1,5,1,5,-1,0,8,0,0,0,0,3,1,-1,6,1,76,11,1590,1,19,HONDA CIVIC,1,E01010813,0,1
2024471490168,2024,471490168,2,9,0,-1,19,5,1,-1,0,0,1,0,0,0,2,1,-1,9,1,41,7,1799,1,16,HONDA CIVIC,3,E01021057,0,1
2024622400409,2024,622400409,2,9,0,18,19,6,2,0,0,0,0,0,0,0,2,1,6,6,1,40,7,1798,1,8,HONDA CIVIC,9,W01001828,0,4
2024461442990,2024,461442990,1,9,0,-1,1,8,4,-1,0,1,0,4,0,0,2,1,-1,6,1,38,7,1590,1,20,HONDA CIVIC,5,E01023980,0,1
2024161433237,2024,161433237,1,9,0,-1,19,8,4,-1,0,0,0,0,0,0,1,1,-1,6,1,40,7,1798,1,9,HONDA CIVIC,5,E01033414,0,1
2024201496878,2024,201496878,2,9,0,-1,19,5,1,-1,0,2,0,7,0,0,1,1,-1,9,1,33,6,1590,1,20,HONDA CIVIC,2,E01010449,0,1
2024010524021,2024,010524021,3,9,0,4,4,1,5,0,0,1,0,0,0,0,3,1,6,6,1,29,6,1998,1,17,HONDA CIVIC,4,E01002050,0,2
2024991468494,2024,991468494,2,9,0,-1,19,7,3,-1,0,0,0,0,0,0,3,1,-1,6,2,26,6,988,1,7,HONDA CIVIC,6,-1,0,1
2024340NN1182,2024,340NN1182,1,9,0,-1,5,6,2,-1,0,4,0,0,0,0,3,1,-1,2,1,26,6,1996,1,5,HONDA CIVIC,8,E01027066,0,1
2024461417444,2024,461417444,1,9,0,-1,5,7,3,-1,0,8,0,0,0,0,3,9,-1,2,1,24,5,1799,1,16,HONDA CIVIC,3,E01016043,0,1
2024161457346,2024,161457346,2,9,0,-1,2,0,0,-1,0,1,0,0,0,0,2,1,-1,6,-1,-1,-1,2199,2,12,HONDA CIVIC,-1,-1,0,-1
2024461517638,2024,461517638,3,9,0,-1,8,5,1,-1,0,0,0,0,0,0,3,9,-1,2,1,43,7,1339,1,11,HONDA CIVIC,9,E01033611,0,1
2024430322915,2024,430322915,1,9,0,5,5,5,1,0,0,0,0,0,0,0,1,1,6,6,1,81,11,1339,1,10,HONDA CIVIC,4,E01017790,0,1
2024520401571,2024,520401571,2,9,0,18,19,8,4,0,0,8,0,0,0,0,1,1,6,6,1,42,7,1798,1,8,HONDA CIVIC,8,E01035119,0,2
2024430237447,2024,430237447,1,9,0,9,9,8,6,0,0,6,0,0,0,0,1,1,6,6,1,52,8,1798,1,7,HONDA CIVIC,5,E01016488,0,1