collision_index,collision_year,collision_ref_no,vehicle_reference,vehicle_type,towing_and_articulation,vehicle_manoeuvre_historic,vehicle_manoeuvre,vehicle_direction_from,vehicle_direction_to,vehicle_location_restricted_lane_historic,vehicle_location_restricted_lane,junction_location,skidding_and_overturning,hit_object_in_carriageway,vehicle_leaving_carriageway,hit_object_off_carriageway,first_point_of_impact,vehicle_left_hand_drive,journey_purpose_of_driver_historic,journey_purpose_of_driver,sex_of_driver,age_of_driver,age_band_of_driver,engine_capacity_cc,propulsion_code,age_of_vehicle,generic_make_model,driver_imd_decile,lsoa_of_driver,escooter_flag,driver_distance_banding
2024471406299,2024,471406299,2,9,0,-1,19,7,3,-1,0,0,0,0,0,0,2,1,-1,2,2,39,7,988,1,4,HONDA CIVIC,4,E01033329,0,2
2024440499893,2024,440499893,1,9,0,9,9,1,7,0,0,1,0,0,0,0,1,1,6,6,1,51,8,1590,1,20,HONDA CIVIC,7,E01022627,0,3
2024010517976,2024,010517976,1,9,0,9,9,5,2,0,0,6,0,0,0,0,3,1,3,7,1,54,8,1339,1,17,HONDA CIVIC,5,E01003661,0,1
2024471474449,2024,471474449,1,9,0,-1,19,7,3,-1,0,2,1,0,8,0,3,1,-1,9,1,47,8,1339,8,14,HONDA CIVIC,2,E01033802,0,5
2024010514741,2024,010514741,1,9,0,3,3,1,5,0,0,0,0,0,0,0,1,1,6,6,1,56,9,1799,1,15,HONDA CIVIC,-1,-1,0,-1
2024411442216,2024,411442216,1,9,0,-1,5,4,8,-1,0,6,0,0,0,0,1,9,-1,6,1,41,7,1798,1,10,HONDA CIVIC,7,E01023809,0,1
2024430407204,2024,430407204,3,9,0,4,4,4,8,0,0,0,0,0,0,0,1,1,6,6,1,-1,-1,1798,1,8,HONDA CIVIC,-1,-1,0,-1
2024221456397,2024,221456397,2,9,0,-1,19,4,8,-1,0,0,0,0,0,0,1,1,-1,9,2,55,8,2199,2,11,HONDA CIVIC,6,E01028842,0,1
2024101521448,2024,101521448,2,9,0,-1,3,8,4,-1,0,0,0,0,0,0,2,9,-1,6,2,27,6,1799,1,13,HONDA CIVIC,8,E01034516,0,3
2024991529452,2024,991529452,1,9,0,-1,19,4,1,-1,0,0,5,0,0,0,1,1,-1,9,1,20,4,1998,1,22,HONDA CIVIC,9,-1,0,2
2024141512091,2024,141512091,2,9,0,-1,19,3,7,-1,0,1,0,0,1,4,1,1,-1,6,1,26,6,1799,1,17,HONDA CIVIC,-1,-1,0,-1
2024010537442,2024,010537442,2,9,0,18,19,5,1,0,0,1,0,4,0,0,1,1,6,6,2,76,11,1798,1,10,HONDA CIVIC,3,E01003193,0,1
2024122401256,2024,122401256,2,9,0,18,19,7,3,0,0,1,0,0,0,0,1,1,6,6,2,76,11,1339,1,15,HONDA CIVIC,9,E01013344,0,4
2024522401842,2024,522401842,2,9,0,18,19,1,5,0,0,4,0,0,0,0,1,1,6,6,3,-1,-1,2204,2,18,HONDA CIVIC,-1,-1,0,-1
2024231516659,2024,231516659,1,9,0,-1,19,2,6,-1,0,0,0,0,0,0,4,1,-1,1,1,42,7,1799,1,13,HONDA CIVIC,2,E01033642,0,3
2024201472844,2024,201472844,2,9,0,-1,19,5,1,-1,0,4,0,0,0,0,1,1,-1,1,2,41,7,1339,1,14,HONDA CIVIC,1,E01009002,0,1
2024340WN5722,2024,340WN5722,2,9,0,-1,19,1,5,-1,0,8,1,0,1,1,1,1,-1,9,1,30,6,2204,2,14,HONDA CIVIC,2,E01027242,0,1
2024061400412,2024,061400412,1,9,0,-1,1,7,7,-1,9,0,0,0,1,0,3,1,-1,9,2,76,11,1339,1,17,HONDA CIVIC,6,E01005390,0,1
2024471486972,2024,471486972,2,9,0,-1,19,5,1,-1,0,8,0,0,1,0,3,1,-1,1,2,36,7,1590,1,19,HONDA CIVIC,2,E01031783,0,1
2024131486996,2024,131486996,4,9,0,-1,19,5,1,-1,0,0,0,0,0,0,2,1,-1,6,1,41,7,1996,1,8,HONDA CIVIC,8,E01011945,0,4
2024010515363,2024,010515363,2,9,0,3,3,1,5,0,0,1,0,0,0,0,2,1,6,6,2,77,11,1590,1,19,HONDA CIVIC,9,E01002978,0,3
2024440423682,2024,440423682,1,9,0,18,19,7,3,0,0,0,0,0,0,0,1,1,6,6,3,-1,-1,1799,1,16,HONDA CIVIC,-1,-1,0,-1
2024471511118,2024,471511118,1,9,0,-1,19,1,5,-1,0,0,0,11,7,4,1,1,-1,6,1,25,5,1396,1,23,HONDA CIVIC,6,E01031660,0,1
2024201476091,2024,201476091,1,9,0,-1,19,8,4,-1,0,1,0,0,0,0,1,9,-1,6,3,-1,-1,2204,2,16,HONDA CIVIC,-1,-1,0,-1
2024430557504,2024,430557504,1,9,0,8,8,4,7,0,0,4,0,0,0,0,3,1,6,6,1,26,6,988,1,5,HONDA CIVIC,10,E01032956,0,1
2024131474072,2024,131474072,3,9,0,-1,2,0,0,-1,0,0,0,4,0,0,0,1,-1,6,-1,-1,-1,2199,2,11,HONDA CIVIC,-1,-1,0,-1
2024991442419,2024,991442419,2,9,0,-1,19,2,6,-1,0,0,1,0,0,0,3,1,-1,9,2,34,6,1798,1,8,HONDA CIVIC,7,-1,0,4
2024631399706,2024,631399706,1,9,0,-1,19,6,2,-1,0,0,0,0,0,0,3,1,-1,6,2,66,10,1799,1,13,HONDA CIVIC,5,W01000496,0,1
2024302500223,2024,302500223,2,9,0,-1,19,7,3,-1,0,8,0,0,0,0,1,1,-1,9,2,42,7,1597,2,9,HONDA CIVIC,3,E01013641,0,4
2024010539316,2024,010539316,2,9,0,14,14,7,3,7,6,1,0,0,0,0,1,1,6,6,3,-1,-1,1339,1,16,HONDA CIVIC,-1,-1,0,-1
2024430196750,2024,430196750,1,9,0,18,19,1,5,0,0,2,0,0,0,0,1,1,3,7,1,51,8,988,1,4,HONDA CIVIC,3,E01016445,0,1
2024122400533,2024,122400533,1,9,0,6,6,3,3,0,0,0,0,0,1,4,1,1,6,6,2,34,6,1339,1,13,HONDA CIVIC,8,E01013348,0,1
2024320746842,2024,320746842,1,9,0,-1,-1,2,6,0,0,0,0,0,7,0,1,1,-1,-1,1,25,5,1498,1,5,HONDA CIVIC,5,E01026076,0,1
2024622400188,2024,622400188,2,9,0,18,19,2,6,0,0,1,0,10,1,0,4,1,3,7,2,47,8,1799,1,15,HONDA CIVIC,5,W01001717,0,1
2024201440009,2024,201440009,1,9,0,-1,19,4,8,-1,0,2,0,0,0,0,4,1,-1,6,1,25,5,1339,1,18,HONDA CIVIC,-1,-1,0,-1
2024010502162,2024,010502162,2,9,9,99,99,9,9,99,99,9,9,99,9,99,9,9,6,6,3,-1,-1,1396,1,19,HONDA CIVIC,-1,-1,0,-1
2024010526392,2024,010526392,3,9,0,99,99,9,9,99,99,9,9,99,9,99,2,9,6,6,3,-1,-1,1339,8,17,HONDA CIVIC,-1,-1,0,-1
2024991559075,2024,991559075,2,9,0,-1,9,5,2,-1,0,4,0,0,0,0,1,1,-1,6,1,67,10,1396,1,21,HONDA CIVIC,8,-1,0,1
2024201519404,2024,201519404,1,9,0,-1,19,3,7,-1,0,8,0,0,0,0,1,9,-1,6,1,38,7,1339,1,18,HONDA CIVIC,1,E01008935,0,1
2024361530224,2024,361530224,3,9,0,-1,3,2,4,-1,0,1,0,0,0,0,1,1,-1,9,2,53,8,988,1,2,HONDA CIVIC,5,E01026727,0,3
2024552401184,2024,552401184,1,9,0,18,19,8,4,0,0,0,0,0,0,0,1,1,6,6,1,23,5,1799,1,15,HONDA CIVIC,7,E01020436,0,3
2024010544432,2024,010544432,1,9,0,2,2,0,0,0,0,0,0,4,0,0,2,1,6,6,3,-1,-1,1996,1,3,HONDA CIVIC,-1,-1,0,-1
2024221536280,2024,221536280,1,9,0,-1,19,5,1,-1,0,1,0,0,0,0,1,9,-1,6,1,55,8,1798,1,9,HONDA CIVIC,6,E01014078,0,1
2024201491550,2024,201491550,2,8,0,-1,5,8,2,-1,0,8,1,0,0,0,3,1,-1,1,1,24,5,1798,1,8,HONDA CIVIC,4,E01009234,0,3
2024061488407,2024,061488407,2,9,0,-1,19,7,3,-1,0,0,0,0,0,0,1,1,-1,6,1,29,6,2204,2,16,HONDA CIVIC,4,E01006113,0,2
2024351572935,2024,351572935,1,9,0,-1,15,5,1,-1,0,1,0,0,0,0,0,1,-1,2,1,22,5,1339,1,17,HONDA CIVIC,2,E01015612,0,1
2024501439355,2024,501439355,1,9,0,-1,19,3,7,-1,0,0,0,0,0,0,1,1,-1,9,1,21,5,1590,1,21,HONDA CIVIC,1,E01015058,0,1
2024371427155,2024,371427155,1,9,0,-1,19,5,1,-1,0,2,0,0,0,0,3,1,-1,6,1,48,8,1498,1,6,HONDA CIVIC,7,E01029955,0,1
2024340WN4992,2024,340WN4992,1,9,0,-1,13,1,5,-1,0,0,0,0,1,9,3,2,-1,9,1,33,6,1799,1,18,HONDA CIVIC,6,E01027029,0,3
202454F217824,2024,54F217824,2,9,0,9,9,2,8,0,0,5,0,0,0,0,1,1,6,6,1,42,7,2204,2,14,HONDA CIVIC,9,E01033848,0,1
2024552400817,2024,552400817,1,9,0,5,5,6,2,0,0,8,0,0,0,0,3,1,6,6,1,40,7,1799,1,17,HONDA CIVIC,7,E01015391,0,1
2024545401424,2024,545401424,1,9,0,16,19,2,6,0,0,0,0,0,1,11,1,1,6,6,2,25,5,1799,1,17,HONDA CIVIC,6,E01031867,0,2
2024401407987,2024,401407987,1,9,0,-1,19,5,1,-1,0,0,2,0,0,0,1,1,-1,9,1,50,8,1590,1,19,HONDA CIVIC,10,E01017408,0,1
2024311427906,2024,311427906,1,9,0,-1,19,3,7,-1,0,0,0,0,0,0,1,1,-1,6,1,45,7,1799,1,18,HONDA CIVIC,5,E01028022,0,1
2024010544866,2024,010544866,1,9,0,9,9,3,1,0,0,5,0,0,0,0,1,1,2,2,1,55,8,1396,1,23,HONDA CIVIC,7,E01001228,0,1
2024430523672,2024,430523672,2,9,0,18,19,8,4,0,0,8,0,0,0,0,3,1,6,6,2,42,7,2204,2,14,HONDA CIVIC,9,E01016531,0,1
2024201436605,2024,201436605,2,9,0,-1,19,6,2,-1,0,4,0,0,0,0,2,2,-1,6,1,36,7,1396,1,24,HONDA CIVIC,1,E01009889,0,1
2024302401364,2024,302401364,2,9,0,18,19,4,8,0,0,0,0,0,0,0,1,1,6,6,1,55,8,1396,1,21,HONDA CIVIC,4,E01005866,0,4
2024461486602,2024,461486602,2,9,0,-1,19,5,1,-1,0,8,0,0,0,0,1,1,-1,6,2,42,7,1597,2,5,HONDA CIVIC,4,E01016157,0,1
2024070656797,2024,070656797,2,9,0,4,4,3,7,0,0,0,0,0,0,0,1,1,2,2,2,53,8,1993,8,0,HONDA CIVIC,6,E01012552,0,1
2024471426260,2024,471426260,2,9,0,-1,9,3,7,-1,0,5,0,0,0,0,1,1,-1,9,1,73,10,1996,1,5,HONDA CIVIC,1,E01031404,0,3
2024041466189,2024,041466189,1,9,0,-1,9,1,3,-1,0,0,0,0,0,0,1,1,-1,9,1,42,7,1590,1,23,HONDA CIVIC,1,E01024909,0,1
2024010539696,2024,010539696,1,9,0,17,19,7,3,0,0,1,0,0,0,0,1,1,2,2,1,72,10,1339,1,21,HONDA CIVIC,-1,-1,0,-1
2024471405775,2024,471405775,1,9,0,-1,19,7,3,-1,0,1,0,0,0,0,3,1,-1,6,1,32,6,2204,2,18,HONDA CIVIC,-1,-1,0,-1
2024010541504,2024,010541504,1,9,0,9,9,3,1,0,0,6,0,0,0,0,1,1,6,6,2,41,7,1799,1,14,HONDA CIVIC,7,E01024317,0,4
2024610002424,2024,610002424,1,9,0,18,19,1,5,0,0,0,0,0,0,0,3,1,1,1,2,57,9,1597,2,6,HONDA CIVIC,3,W01001362,0,3
2024471395825,2024,471395825,1,9,0,-1,13,8,4,-1,0,0,0,0,0,0,1,1,-1,2,1,61,9,1339,1,12,HONDA CIVIC,10,E01031581,0,1
2024401420148,2024,401420148,1,9,0,-1,19,7,3,-1,0,3,0,0,0,0,1,1,-1,6,1,31,6,1590,1,25,HONDA CIVIC,2,E01015787,0,1
2024332401162,2024,332401162,1,9,0,-1,19,3,7,-1,0,8,0,0,0,0,4,1,-1,6,1,27,6,1799,1,15,HONDA CIVIC,3,E01034022,0,3
2024991443470,2024,991443470,2,9,0,-1,19,1,5,-1,0,1,0,0,0,0,1,1,-1,9,1,19,4,1590,1,21,HONDA CIVIC,8,-1,0,2
2024122400116,2024,122400116,1,9,0,18,19,3,7,0,0,0,0,0,0,0,1,1,6,6,1,83,11,1590,1,19,HONDA CIVIC,-1,-1,0,-1
2024302401277,2024,302401277,1,9,0,1,1,6,8,0,0,0,0,0,0,0,4,1,6,6,1,78,11,1590,1,22,HONDA CIVIC,7,E01019607,0,1
2024101422553,2024,101422553,2,9,0,-1,9,7,5,-1,0,8,0,0,0,0,3,1,-1,9,2,44,7,1339,1,14,HONDA CIVIC,4,E01008832,0,1
2024010519505,2024,010519505,2,9,0,99,99,9,9,99,99,9,9,99,9,99,1,9,6,6,3,-1,-1,1799,1,18,HONDA CIVIC,3,E01001808,0,1
2024201470150,2024,201470150,1,9,0,-1,19,7,3,-1,0,0,0,0,0,0,1,1,-1,9,1,66,10,1339,1,14,HONDA CIVIC,-1,-1,0,-1
2024010538074,2024,010538074,1,9,0,15,15,3,7,0,0,1,1,0,0,0,4,1,6,6,1,37,7,1799,1,17,HONDA CIVIC,8,E01033027,0,4
2024371523207,2024,371523207,2,9,0,-1,4,3,7,-1,0,1,0,0,0,0,3,1,-1,9,2,76,11,1686,2,20,HONDA CIVIC,10,E01030104,0,1
2024010503583,2024,010503583,1,9,0,99,99,9,9,99,99,0,9,99,9,99,1,9,2,2,1,32,6,1339,8,15,HONDA CIVIC,8,E01004175,0,3
2024991407865,2024,991407865,1,9,0,-1,19,1,5,-1,0,0,1,0,0,0,1,1,-1,6,1,34,6,1396,1,25,HONDA CIVIC,-1,-1,0,-1
2024461456596,2024,461456596,2,9,0,-1,19,7,3,-1,0,0,0,0,0,0,2,9,-1,6,2,57,9,1799,1,14,HONDA CIVIC,4,E01021892,0,4
2024461429562,2024,461429562,1,9,0,-1,19,3,7,-1,0,0,0,4,0,0,1,2,-1,6,1,30,6,1798,1,11,HONDA CIVIC,-1,-1,0,-1
2024201407143,2024,201407143,1,9,0,-1,19,1,5,-1,0,1,0,0,0,0,1,1,-1,2,2,43,7,1799,1,14,HONDA CIVIC,6,E01010469,0,1
2024010541004,2024,010541004,2,9,9,99,99,9,9,99,99,9,9,99,9,99,9,9,6,6,3,-1,-1,1799,1,17,HONDA CIVIC,-1,-1,0,-1
2024131506280,2024,131506280,1,9,0,-1,7,1,5,-1,0,6,0,0,0,0,1,1,-1,6,3,-1,-1,1396,1,21,HONDA CIVIC,-1,-1,0,-1
2024061456809,2024,061456809,1,9,0,-1,99,-1,-1,-1,99,9,9,99,0,0,1,1,-1,9,1,40,7,1590,1,22,HONDA CIVIC,4,E01005895,0,1
2024552400620,2024,552400620,2,9,0,4,4,6,2,0,0,0,0,0,0,0,2,1,6,6,2,32,6,1799,1,18,HONDA CIVIC,5,E01029231,0,4
2024131520447,2024,131520447,1,9,0,-1,-1,-1,-1,-1,-1,6,-1,-1,-1,-1,-1,1,-1,2,1,47,8,2199,2,12,HONDA CIVIC,1,E01010667,0,2
2024041426998,2024,041426998,2,9,0,-1,9,1,5,-1,0,0,0,0,0,0,2,1,-1,9,1,45,7,1339,1,14,HONDA CIVIC,5,E01025025,0,1
2024991447925,2024,991447925,1,9,0,-1,9,7,3,-1,0,6,0,0,0,0,1,1,-1,6,2,43,7,1498,1,7,HONDA CIVIC,-1,-1,0,-1
2024061439432,2024,061439432,1,9,0,-1,9,5,2,-1,0,6,0,0,0,0,1,1,-1,1,1,44,7,1590,1,19,HONDA CIVIC,1,E01005665,0,1
2024201504259,2024,201504259,2,9,0,-1,19,4,8,-1,0,6,0,10,1,0,4,1,-1,2,1,26,6,1339,8,17,HONDA CIVIC,5,E01009267,0,1
2024131444309,2024,131444309,1,9,0,-1,19,3,7,-1,0,8,0,0,0,0,1,1,-1,6,1,27,6,1597,2,11,HONDA CIVIC,2,E01010929,0,1
2024061448166,2024,061448166,1,9,0,-1,19,-1,-1,-1,0,1,0,0,0,0,1,1,-1,9,1,61,9,1339,1,14,HONDA CIVIC,9,E01005802,0,1
2024010547339,2024,010547339,2,9,0,99,99,9,9,99,99,9,9,99,9,99,9,9,6,6,3,-1,-1,1799,1,18,HONDA CIVIC,-1,-1,0,-1
2024411498493,2024,411498493,1,9,-1,-1,-1,-1,-1,-1,-1,-1,-1,-1,-1,0,-1,9,-1,6,1,74,10,1590,1,19,HONDA CIVIC,10,E01023878,0,1
2024501420509,2024,501420509,1,9,0,-1,9,5,3,-1,0,5,0,0,0,0,1,1,-1,1,2,51,8,1993,8,0,HONDA CIVIC,6,E01015099,0,1
2024552401104,2024,552401104,1,9,0,18,19,3,7,0,0,0,0,6,0,0,1,1,2,2,1,32,6,1799,1,15,HONDA CIVIC,1,E01001210,0,5
2024010522241,2024,010522241,1,9,0,18,19,6,2,0,0,8,0,0,0,0,1,1,6,6,2,48,8,1799,1,16,HONDA CIVIC,9,E01000412,0,1
202460Q189599,2024,60Q189599,1,9,0,18,19,7,3,0,0,0,0,0,0,0,4,1,2,2,1,49,8,1799,1,14,HONDA CIVIC,-1,-1,0,-1
2024010550391,2024,010550391,1,9,0,5,5,1,5,0,0,1,0,0,0,0,1,1,6,6,1,84,11,1339,8,14,HONDA CIVIC,3,E01003631,0,1
2024010506836,2024,010506836,1,9,0,18,19,3,7,0,0,8,0,0,0,0,4,1,3,7,2,48,8,1798,1,7,HONDA CIVIC,6,E01002692,0,1
2024010514853,2024,010514853,1,9,0,99,99,9,9,99,99,9,9,99,9,99,1,1,6,6,3,43,7,1597,2,8,HONDA CIVIC,6,E01001415,0,1
2024421447870,2024,421447870,1,9,0,-1,19,5,1,-1,9,0,0,0,0,0,1,1,-1,6,2,90,11,1799,1,13,HONDA CIVIC,7,E01021902,0,1
2024451398006,2024,451398006,2,9,0,-1,1,1,1,-1,0,0,0,0,0,0,2,9,-1,6,3,40,7,1799,1,17,HONDA CIVIC,-1,-1,0,-1
2024201460494,2024,201460494,2,9,0,-1,19,4,8,-1,0,8,1,0,0,0,1,9,-1,9,2,28,6,988,1,6,HONDA CIVIC,1,E01009013,0,1
2024351522147,2024,351522147,1,9,0,-1,5,1,5,-1,0,2,0,10,7,11,3,1,-1,1,1,31,6,1339,8,18,HONDA CIVIC,2,E01018063,0,1
2024430278372,2024,430278372,2,9,0,18,19,7,3,0,0,8,0,0,1,0,3,1,6,6,2,37,7,1597,2,8,HONDA CIVIC,10,E01035754,0,1
2024440007935,2024,440007935,1,9,0,4,4,8,4,0,0,0,0,0,0,0,2,1,6,6,1,-1,-1,1799,1,14,HONDA CIVIC,2,E01017089,0,4
2024531498588,2024,531498588,2,9,0,-1,19,1,5,-1,0,0,0,0,8,0,3,9,-1,6,1,53,8,1597,2,9,HONDA CIVIC,10,E01022395,0,1
2024501535371,2024,501535371,1,9,-1,-1,7,8,2,-1,-1,-1,-1,-1,-1,0,-1,9,-1,6,3,37,7,1590,1,22,HONDA CIVIC,3,E01015212,0,1
2024522401793,2024,522401793,1,9,0,18,19,2,6,0,0,0,0,0,0,0,2,1,6,6,1,31,6,1799,1,14,HONDA CIVIC,9,E01014556,0,2
2024991410334,2024,991410334,1,9,0,-1,10,5,2,-1,0,7,0,0,1,0,3,1,-1,9,2,65,9,1798,1,7,HONDA CIVIC,5,-1,0,1
2024302401536,2024,302401536,1,9,0,18,19,1,5,0,0,0,0,0,0,0,1,1,2,2,1,48,8,1799,1,15,HONDA CIVIC,5,E01019417,0,1
2024311508190,2024,311508190,1,9,0,-1,15,3,7,-1,0,1,0,0,0,0,1,1,-1,6,3,26,6,1597,2,10,HONDA CIVIC,6,E01013875,0,1
2024221458789,2024,221458789,1,9,0,-1,1,5,3,-1,0,6,0,0,0,0,2,1,-1,6,2,33,6,2204,2,17,HONDA CIVIC,3,E01032194,0,1
2024010544367,2024,010544367,2,9,0,99,99,9,9,99,99,9,9,99,9,99,9,9,6,6,3,-1,-1,1799,1,17,HONDA CIVIC,-1,-1,0,-1
2024131503588,2024,131503588,2,9,0,-1,19,1,1,-1,0,8,0,0,0,0,2,1,-1,9,2,42,7,2204,2,17,HONDA CIVIC,7,E01010760,0,2
2024141512414,2024,141512414,2,9,0,-1,6,3,2,-1,0,0,0,0,0,0,3,1,-1,9,1,21,5,1597,2,10,HONDA CIVIC,4,E01017904,0,5
2024010503845,2024,010503845,2,9,9,99,99,9,9,99,99,9,9,99,9,99,9,9,6,6,3,-1,-1,1339,1,9,HONDA CIVIC,-1,-1,0,-1
2024211443800,2024,211443800,5,9,0,-1,19,8,3,-1,0,0,0,0,0,0,2,1,-1,6,1,70,10,1993,8,1,HONDA CIVIC,-1,-1,0,-1
2024351424378,2024,351424378,1,9,-1,-1,-1,-1,-1,-1,-1,0,-1,-1,-1,0,-1,9,-1,6,1,45,7,2204,2,17,HONDA CIVIC,2,E01015608,0,1
2024471401573,2024,471401573,1,9,0,-1,19,8,4,-1,0,0,0,0,0,0,1,1,-1,2,2,40,7,1799,1,15,HONDA CIVIC,9,E01001020,0,4
2024101512449,2024,101512449,1,9,0,-1,19,5,1,-1,0,1,0,0,1,0,1,1,-1,9,1,23,5,1798,1,11,HONDA CIVIC,2,E01008335,0,1
2024631461467,2024,631461467,3,9,0,-1,4,4,8,-1,0,1,0,0,0,0,2,1,-1,9,2,45,7,1799,1,14,HONDA CIVIC,7,W01000451,0,3
2024010502135,2024,010502135,2,9,0,18,19,3,7,0,0,2,0,0,0,0,3,1,2,2,1,45,7,1799,1,16,HONDA CIVIC,3,E01003352,0,2
2024201504342,2024,201504342,1,9,0,-1,7,4,8,-1,0,5,0,10,1,0,1,1,-1,6,1,26,6,1339,1,12,HONDA CIVIC,2,E01010019,0,2
2024440287105,2024,440287105,2,9,0,18,19,4,8,0,0,1,0,0,0,0,1,1,6,6,1,26,6,1339,1,18,HONDA CIVIC,9,E01030933,0,4
2024430567263,2024,430567263,2,9,0,18,19,6,2,0,0,0,0,0,0,0,2,1,6,6,1,22,5,1799,1,16,HONDA CIVIC,-1,-1,0,-1
2024332400218,2024,332400218,1,9,0,-1,19,2,7,-1,0,0,0,0,0,0,1,1,-1,6,2,40,7,1799,1,18,HONDA CIVIC,7,E01034034,0,5
2024010510889,2024,010510889,1,9,0,4,4,8,4,0,0,1,0,0,0,0,2,1,6,6,2,45,7,1590,1,23,HONDA CIVIC,5,E01004338,0,1
2024031398490,2024,031398490,1,9,0,-1,1,1,6,-1,9,0,0,0,0,0,2,1,-1,6,1,80,11,1597,2,11,HONDA CIVIC,-1,-1,0,-1
2024122401145,2024,122401145,1,9,0,16,19,1,4,0,0,0,0,0,8,10,1,1,6,6,2,80,11,1798,1,10,HONDA CIVIC,7,E01027622,0,1
2024010507328,2024,010507328,1,9,0,18,19,8,4,0,0,1,0,0,7,2,1,1,6,6,1,50,8,1799,1,14,HONDA CIVIC,10,E01004095,0,3
2024440279875,2024,440279875,1,9,0,18,19,2,6,0,0,1,0,0,0,0,1,1,6,6,1,33,6,1597,2,11,HONDA CIVIC,5,E01017204,0,2
2024010539854,2024,010539854,2,9,0,9,9,1,7,0,0,1,5,0,0,0,1,1,6,6,1,21,5,1590,1,23,HONDA CIVIC,5,E01002186,0,1
2024501408543,2024,501408543,2,9,0,-1,19,3,7,-1,0,0,0,0,1,0,1,1,-1,6,1,48,8,1339,1,15,HONDA CIVIC,8,E01015097,0,3
2024201484065,2024,201484065,2,9,0,-1,3,3,7,-1,0,1,0,0,0,0,1,1,-1,6,1,-1,-1,1799,1,17,HONDA CIVIC,-1,-1,0,-1
2024351510414,2024,351510414,1,9,0,-1,19,3,7,-1,0,0,2,0,1,0,1,1,-1,6,1,30,6,1597,2,4,HONDA CIVIC,7,E01015598,0,2
2024520402744,2024,520402744,2,9,0,18,19,6,2,0,0,8,0,0,0,0,1,1,6,6,1,31,6,1998,1,15,HONDA CIVIC,7,E01029019,0,3
2024411451969,2024,411451969,1,9,0,-1,5,-1,-1,-1,0,6,0,0,0,0,1,1,-1,6,3,-1,-1,1798,1,9,HONDA CIVIC,-1,-1,0,-1
2024041504530,2024,041504530,1,9,0,-1,19,1,4,-1,0,8,0,0,0,0,4,1,-1,2,1,47,8,1597,2,10,HONDA CIVIC,5,E01012645,0,1
2024061495837,2024,061495837,1,9,0,-1,19,3,7,-1,0,8,0,0,0,0,1,1,-1,6,1,-1,-1,1798,1,11,HONDA CIVIC,-1,-1,0,-1
2024421495957,2024,421495957,1,9,0,-1,9,5,3,-1,0,8,0,0,0,0,1,1,-1,9,1,38,7,1799,1,14,HONDA CIVIC,7,E01035173,0,1
2024010505739,2024,010505739,2,9,0,99,99,9,9,99,99,9,9,99,9,99,1,1,6,6,3,-1,-1,1799,1,16,HONDA CIVIC,-1,-1,0,-1
2024061489419,2024,061489419,1,9,0,-1,5,1,5,-1,0,0,0,0,0,0,1,1,-1,9,1,-1,-1,1799,1,18,HONDA CIVIC,-1,-1,0,-1
2024311455559,2024,311455559,1,9,0,-1,19,2,3,-1,0,2,0,0,0,0,1,1,-1,2,1,38,7,1798,1,8,HONDA CIVIC,3,E01028223,0,1
2024131445335,2024,131445335,1,9,0,-1,5,5,1,-1,0,2,0,0,0,0,4,1,-1,1,1,42,7,1798,7,9,HONDA CIVIC,6,E01011441,0,1
2024010512793,2024,010512793,2,9,0,99,99,9,9,99,99,9,9,99,9,99,9,9,6,6,1,53,8,1799,1,18,HONDA CIVIC,2,E01004248,0,3
2024052400049,2024,052400049,3,9,0,4,4,7,3,0,0,0,0,0,0,0,2,1,6,6,1,29,6,988,1,7,HONDA CIVIC,2,E01006751,0,2
2024221424997,2024,221424997,2,9,0,-1,19,6,2,-1,0,0,0,0,0,0,1,9,-1,6,2,73,10,1798,1,8,HONDA CIVIC,9,E01033243,0,1
2024440105893,2024,440105893,1,9,0,9,9,7,5,0,0,8,0,0,0,0,1,1,2,2,2,65,9,1798,1,7,HONDA CIVIC,8,E01022636,0,3
2024471475638,2024,471475638,2,9,0,-1,19,6,2,-1,0,1,0,0,0,0,1,1,-1,9,2,35,6,1799,1,14,HONDA CIVIC,6,E01021193,0,1
2024991524105,2024,991524105,1,9,0,-1,9,6,1,-1,0,5,0,0,0,0,1,1,-1,9,1,58,9,1799,1,17,HONDA CIVIC,4,-1,0,1
2024131495197,2024,131495197,2,9,0,-1,19,7,3,-1,0,1,0,0,0,0,1,1,-1,6,1,-1,-1,1799,1,15,HONDA CIVIC,-1,-1,0,-1
2024122401306,2024,122401306,4,9,0,3,3,7,3,0,0,0,0,0,0,0,1,1,6,6,1,28,6,1798,1,12,HONDA CIVIC,9,E01027690,0,1
2024041492451,2024,041492451,1,9,0,-1,7,5,1,-1,0,4,0,0,0,0,1,1,-1,9,1,38,7,1799,1,16,HONDA CIVIC,9,E01025319,0,1
2024061456500,2024,061456500,1,9,0,-1,4,7,8,-1,9,0,1,10,7,0,1,1,-1,6,1,26,6,2204,2,17,HONDA CIVIC,1,E01005124,0,1
2024221437483,2024,221437483,2,9,0,-1,19,4,1,-1,0,0,0,0,1,9,1,1,-1,2,1,55,8,1597,2,8,HONDA CIVIC,8,E01034810,0,4
2024361404094,2024,361404094,1,9,0,-1,5,1,5,-1,0,8,0,0,0,0,3,9,-1,9,2,23,5,1799,1,14,HONDA CIVIC,2,E01026634,0,1