collision_index,collision_year,collision_ref_no,vehicle_reference,vehicle_type,towing_and_articulation,vehicle_manoeuvre_historic,vehicle_manoeuvre,vehicle_direction_from,vehicle_direction_to,vehicle_location_restricted_lane_historic,vehicle_location_restricted_lane,junction_location,skidding_and_overturning,hit_object_in_carriageway,vehicle_leaving_carriageway,hit_object_off_carriageway,first_point_of_impact,vehicle_left_hand_drive,journey_purpose_of_driver_historic,journey_purpose_of_driver,sex_of_driver,age_of_driver,age_band_of_driver,engine_capacity_cc,propulsion_code,age_of_vehicle,generic_make_model,driver_imd_decile,lsoa_of_driver,escooter_flag,driver_distance_banding
2024061427009,2024,061427009,1,9,0,-1,9,7,4,-1,0,5,0,0,0,0,3,1,-1,2,1,25,5,1339,1,17,HONDA CIVIC,-1,-1,0,-1
2024520401845,2024,520401845,1,9,0,18,19,4,8,0,0,8,0,0,0,0,4,1,6,6,1,64,9,1498,1,3,HONDA CIVIC,4,E01029230,0,2
2024622500019,2024,622500019,1,9,0,18,19,2,6,0,0,2,0,0,0,0,1,1,2,2,1,45,7,1798,1,11,HONDA CIVIC,1,W01000867,0,1
2024010529406,2024,010529406,1,9,0,4,4,4,8,6,6,0,0,0,0,0,1,1,6,6,1,26,6,1339,1,12,HONDA CIVIC,4,E01001294,0,1
2024231430286,2024,231430286,1,9,0,-1,19,2,6,-1,0,0,0,0,7,0,4,1,-1,2,1,32,6,1493,1,27,HONDA CIVIC,8,E01031083,0,3
2024430050902,2024,430050902,1,9,0,18,19,4,8,0,0,0,0,0,4,6,2,1,6,6,1,33,6,1339,8,16,HONDA CIVIC,6,E01016477,0,1
2024211472224,2024,211472224,1,9,0,-1,9,4,2,-1,0,2,0,0,0,0,4,1,-1,6,1,33,6,1798,1,12,HONDA CIVIC,5,E01029855,0,2
2024131491506,2024,131491506,1,9,0,-1,1,0,0,-1,9,8,0,0,0,0,2,1,-1,9,1,33,6,1339,1,12,HONDA CIVIC,1,E01010966,0,1
2024440360963,2024,440360963,1,9,0,9,9,1,8,0,0,5,0,0,0,0,3,1,6,6,2,24,5,1798,1,12,HONDA CIVIC,5,E01021843,0,5
2024361449376,2024,361449376,2,9,0,-1,19,7,3,-1,0,1,0,0,0,0,3,1,-1,6,1,75,10,1498,1,7,HONDA CIVIC,10,E01026393,0,4
2024991512725,2024,991512725,3,9,0,-1,4,6,1,-1,0,1,0,4,0,0,2,1,-1,9,2,66,10,1799,1,14,HONDA CIVIC,-1,-1,0,-1
2024221462644,2024,221462644,1,9,0,-1,19,3,7,-1,0,3,0,0,0,0,1,1,-1,6,1,24,5,2204,2,15,HONDA CIVIC,3,E01034329,0,1
2024991414032,2024,991414032,1,9,0,-1,19,3,7,-1,0,0,1,10,1,11,1,1,-1,2,1,45,7,1996,1,5,HONDA CIVIC,7,-1,0,3
2024332401171,2024,332401171,1,9,0,-1,5,7,3,-1,0,0,0,0,1,0,4,1,-1,2,1,54,8,2204,2,17,HONDA CIVIC,-1,-1,0,-1
2024522402585,2024,522402585,1,9,0,18,19,4,8,0,0,0,0,0,0,0,4,1,6,6,1,33,6,1590,1,19,HONDA CIVIC,1,E01014726,0,2
2024201517555,2024,201517555,1,9,0,-1,5,1,7,-1,0,0,0,10,1,4,1,1,-1,6,2,49,8,1590,1,20,HONDA CIVIC,1,E01009000,0,1
2024041426526,2024,041426526,4,9,0,-1,5,7,3,-1,0,1,0,0,0,0,2,1,-1,9,1,36,7,1799,1,18,HONDA CIVIC,1,E01025036,0,2
2024451517529,2024,451517529,1,9,0,-1,19,6,2,-1,0,1,0,0,0,0,1,1,-1,2,1,23,5,1799,1,18,HONDA CIVIC,2,E01034730,0,1
2024221513868,2024,221513868,1,9,0,-1,19,7,4,-1,0,0,0,0,0,0,3,1,-1,6,1,33,6,1590,1,22,HONDA CIVIC,2,E01028983,0,1
2024471424762,2024,471424762,1,9,0,-1,19,8,4,-1,0,1,0,0,0,0,1,1,-1,9,1,84,11,1799,1,17,HONDA CIVIC,9,E01031505,0,1
2024070371488,2024,070371488,1,9,0,18,19,8,3,0,0,0,0,0,0,0,3,1,6,6,1,47,8,1799,1,12,HONDA CIVIC,9,E01019721,0,2
2024010509933,2024,010509933,1,9,0,18,19,5,1,9,9,0,0,10,1,11,1,1,6,6,1,22,5,1799,1,18,HONDA CIVIC,5,E01002666,0,3
2024501396119,2024,501396119,2,9,0,-1,3,1,5,-1,0,0,0,0,0,0,2,1,-1,2,2,26,6,1339,1,8,HONDA CIVIC,9,E01020054,0,1
2024991413063,2024,991413063,5,9,0,-1,19,1,5,-1,0,0,1,0,0,0,3,1,-1,1,1,27,6,1798,1,8,HONDA CIVIC,4,-1,0,4
2024411436889,2024,411436889,1,9,0,-1,1,1,5,-1,0,1,0,0,0,0,3,1,-1,6,-1,-1,-1,1799,1,17,HONDA CIVIC,-1,-1,0,-1
2024010541275,2024,010541275,2,9,0,6,6,7,7,0,0,0,0,0,0,0,1,1,6,6,1,38,7,1996,1,8,HONDA CIVIC,5,E01004363,0,1
2024552401471,2024,552401471,2,9,0,16,19,2,5,0,0,0,0,0,0,0,1,1,6,6,2,58,9,1396,1,21,HONDA CIVIC,5,E01015444,0,1
2024201489869,2024,201489869,1,9,0,-1,13,6,2,-1,0,8,0,0,0,0,4,9,-1,1,1,61,9,988,1,6,HONDA CIVIC,4,E01009223,0,1
2024531394727,2024,531394727,1,9,0,-1,19,3,7,-1,0,0,0,0,0,0,3,1,-1,6,2,69,10,1798,1,10,HONDA CIVIC,4,E01022399,0,1
2024531461261,2024,531461261,1,9,0,-1,5,6,2,-1,0,0,0,0,0,0,1,1,-1,9,1,26,6,1493,1,27,HONDA CIVIC,3,E01022153,0,1
2024010500062,2024,010500062,2,9,0,99,99,9,9,99,99,9,9,99,9,99,1,9,6,6,3,40,7,1799,1,16,HONDA CIVIC,3,E01024291,0,4
2024610049224,2024,610049224,1,9,0,18,19,3,7,0,0,0,2,0,1,9,1,1,6,6,1,19,4,1590,1,21,HONDA CIVIC,3,W01001474,0,2
2024201414468,2024,201414468,1,9,0,-1,19,3,6,-1,0,8,0,0,0,0,1,9,-1,2,2,51,8,1396,1,20,HONDA CIVIC,4,E01009231,0,1
2024161423178,2024,161423178,1,9,0,-1,7,6,2,-1,0,8,0,0,0,0,1,1,-1,2,1,28,6,1799,1,13,HONDA CIVIC,1,E01013196,0,1
2024361437990,2024,361437990,3,9,0,-1,7,1,3,-1,0,2,0,0,0,0,3,1,-1,9,2,46,8,1799,1,18,HONDA CIVIC,6,E01026449,0,4
2024991512747,2024,991512747,2,9,0,-1,19,7,3,-1,0,2,0,0,0,0,4,1,-1,9,2,68,10,1798,1,12,HONDA CIVIC,8,-1,0,3
2024522402777,2024,522402777,1,9,0,12,12,3,7,0,0,8,0,0,1,7,3,1,6,6,1,50,8,1799,1,17,HONDA CIVIC,1,E01032518,0,3
2024221466013,2024,221466013,1,9,0,-1,9,5,3,-1,0,6,0,0,0,0,3,1,-1,6,1,52,8,1590,1,20,HONDA CIVIC,1,E01032225,0,1
2024461493176,2024,461493176,3,9,0,-1,2,0,0,-1,9,0,0,0,0,0,1,1,-1,9,1,59,9,1339,1,9,HONDA CIVIC,5,E01024220,0,1
2024061436766,2024,061436766,1,9,0,-1,9,8,5,-1,0,1,0,0,0,0,1,1,-1,9,1,42,7,1597,2,11,HONDA CIVIC,1,E01005197,0,1
2024231477646,2024,231477646,3,9,0,-1,3,2,6,-1,0,1,0,0,0,0,1,9,-1,9,2,42,7,1597,2,11,HONDA CIVIC,5,E01035074,0,4
2024061459651,2024,061459651,1,9,0,-1,9,7,4,-1,0,1,0,0,0,0,1,1,-1,1,2,63,9,1798,1,10,HONDA CIVIC,2,E01005633,0,2
2024522401952,2024,522401952,1,9,0,9,9,2,8,0,0,5,0,0,0,0,3,1,6,6,2,40,7,2204,2,19,HONDA CIVIC,5,E01035224,0,1
2024320579756,2024,320579756,1,9,0,9,9,4,3,0,0,5,0,0,0,0,3,1,6,6,1,38,7,1799,1,15,HONDA CIVIC,4,E01026016,0,2
2024052400728,2024,052400728,3,9,0,2,2,0,0,0,0,1,0,0,0,0,1,1,6,6,3,-1,-1,1597,2,11,HONDA CIVIC,-1,-1,0,-1
2024440016182,2024,440016182,1,9,0,18,19,6,2,0,0,1,0,0,0,0,1,1,6,6,2,32,6,1339,1,11,HONDA CIVIC,10,E01023238,0,1
2024010513929,2024,010513929,2,9,0,18,19,3,7,0,0,1,0,0,0,0,1,1,6,6,1,40,7,1396,1,19,HONDA CIVIC,4,E01003555,0,3
2024471452127,2024,471452127,1,9,0,-1,9,7,3,-1,0,0,0,0,0,0,1,1,-1,1,1,50,8,1597,2,4,HONDA CIVIC,10,E01035351,0,2
2024991407355,2024,991407355,2,9,0,-1,19,2,6,-1,0,8,0,0,0,0,4,1,-1,6,1,50,8,988,1,5,HONDA CIVIC,3,-1,0,1
2024991411345,2024,991411345,3,9,0,-1,3,5,1,-1,0,8,0,0,0,0,2,1,-1,6,1,23,5,2204,2,17,HONDA CIVIC,-1,-1,0,-1
2024201469940,2024,201469940,2,9,0,-1,19,6,4,-1,0,5,0,0,0,0,1,1,-1,6,2,27,6,1597,2,8,HONDA CIVIC,1,E01009308,0,1
2024411519728,2024,411519728,1,9,0,-1,19,7,3,-1,0,2,0,0,1,0,1,1,-1,9,1,41,7,1339,1,13,HONDA CIVIC,6,E01023334,0,4
2024552400464,2024,552400464,2,9,0,18,19,7,3,0,0,0,0,0,0,0,1,1,6,6,2,41,7,1597,2,11,HONDA CIVIC,7,E01020475,0,1
2024131515260,2024,131515260,1,9,0,-1,19,5,1,-1,0,6,1,0,0,0,4,1,-1,9,1,37,7,1590,1,19,HONDA CIVIC,4,E01011644,0,1
2024471434441,2024,471434441,2,9,0,-1,2,0,0,-1,0,1,0,0,0,0,3,1,-1,6,2,28,6,2204,2,17,HONDA CIVIC,8,E01031815,0,1
2024471524201,2024,471524201,1,9,0,-1,9,7,4,-1,0,8,0,0,0,0,1,1,-1,7,1,40,7,1597,2,8,HONDA CIVIC,7,E01031777,0,1
2024221519022,2024,221519022,1,9,0,-1,19,5,1,-1,0,0,0,4,0,0,1,1,-1,6,1,28,6,1590,1,23,HONDA CIVIC,8,E01014029,0,1
2024010531358,2024,010531358,1,9,0,7,7,5,7,0,0,1,0,0,0,0,4,1,1,1,1,35,6,1799,1,14,HONDA CIVIC,4,E01004028,0,2
2024401507519,2024,401507519,1,9,0,-1,4,7,3,-1,0,0,0,0,0,0,1,9,-1,6,3,-1,-1,2199,2,12,HONDA CIVIC,-1,-1,0,-1
2024201508991,2024,201508991,1,9,0,-1,19,5,1,-1,0,3,5,7,7,0,1,1,-1,6,1,21,5,1998,1,19,HONDA CIVIC,-1,-1,0,-1
2024041526593,2024,041526593,1,9,0,-1,19,-1,-1,-1,0,0,0,0,0,0,-1,9,-1,6,3,-1,-1,1799,1,19,HONDA CIVIC,-1,-1,0,-1
2024010500883,2024,010500883,1,9,0,10,10,1,6,0,0,1,0,0,0,0,1,1,2,2,2,46,8,1799,1,13,HONDA CIVIC,9,E01004554,0,1
2024531496389,2024,531496389,3,9,0,-1,9,1,7,-1,0,2,0,0,0,0,4,1,-1,6,2,40,7,1799,1,15,HONDA CIVIC,6,E01022235,0,1
2024010505492,2024,010505492,1,9,0,4,4,7,3,0,0,1,0,0,0,0,3,1,2,2,2,43,7,1396,1,22,HONDA CIVIC,7,E01002222,0,2
2024440327888,2024,440327888,1,9,0,3,3,6,2,0,0,1,0,0,0,0,2,1,6,6,1,35,6,2204,2,16,HONDA CIVIC,4,E01023077,0,2
2024520002044,2024,520002044,2,9,0,18,19,3,5,0,0,8,0,0,0,0,3,1,6,6,2,46,8,1998,1,14,HONDA CIVIC,8,E01029033,0,3
2024122401294,2024,122401294,1,9,0,18,19,5,1,0,0,0,0,0,0,0,1,1,6,6,1,35,6,1597,2,11,HONDA CIVIC,1,E01012033,0,4
2024010541469,2024,010541469,1,9,0,8,8,1,2,0,0,7,0,0,0,0,3,1,6,6,1,46,8,1799,1,13,HONDA CIVIC,4,E01000114,0,1
2024371471014,2024,371471014,1,9,0,-1,9,6,2,-1,0,1,0,0,0,0,2,1,-1,2,2,57,9,2204,2,17,HONDA CIVIC,1,E01033130,0,1
2024101478534,2024,101478534,2,9,0,-1,19,7,3,-1,0,8,0,0,0,0,4,1,-1,9,1,73,10,1339,1,14,HONDA CIVIC,-1,-1,0,-1
2024421452865,2024,421452865,1,9,0,-1,10,5,2,-1,0,8,0,0,0,0,3,1,-1,2,2,45,7,1799,1,16,HONDA CIVIC,9,E01021734,0,3
2024501504749,2024,501504749,1,9,0,-1,5,4,8,-1,0,1,0,0,0,0,3,1,-1,6,1,27,6,1597,2,10,HONDA CIVIC,8,E01019010,0,2
2024161395155,2024,161395155,2,9,0,-1,5,5,1,-1,0,0,0,0,0,0,1,9,-1,6,1,27,6,1498,1,6,HONDA CIVIC,8,E01012909,0,1
2024471509083,2024,471509083,4,9,0,-1,19,7,3,-1,0,0,0,0,0,0,2,1,-1,9,2,35,6,1339,1,13,HONDA CIVIC,8,E01016932,0,2
2024211473291,2024,211473291,1,9,0,-1,19,7,3,-1,0,0,0,0,0,0,1,1,-1,6,2,35,6,1498,1,7,HONDA CIVIC,-1,-1,0,-1
2024010533972,2024,010533972,1,9,0,12,12,3,7,0,0,0,0,0,0,0,4,1,6,6,1,23,5,988,1,5,HONDA CIVIC,9,E01023148,0,4
2024522500174,2024,522500174,2,9,0,18,19,2,6,0,0,4,0,0,0,0,1,1,6,6,1,26,6,1998,1,16,HONDA CIVIC,4,E01014488,0,1
2024010546993,2024,010546993,1,9,0,18,19,1,5,0,0,8,0,7,4,10,1,1,6,6,1,39,7,1799,1,16,HONDA CIVIC,2,E01002069,0,1
2024451492200,2024,451492200,1,9,0,-1,3,6,2,-1,0,0,9,0,0,0,2,1,-1,9,2,47,8,1798,1,8,HONDA CIVIC,9,E01030820,0,1
2024010517948,2024,010517948,2,9,9,99,99,9,9,99,99,9,9,99,9,99,9,9,6,6,3,-1,-1,1498,1,7,HONDA CIVIC,-1,-1,0,-1
2024421398908,2024,421398908,1,9,0,-1,19,6,2,-1,0,0,0,0,0,0,1,1,-1,6,1,30,6,1590,1,20,HONDA CIVIC,6,E01021714,0,1
2024991504118,2024,991504118,1,9,0,-1,19,7,3,-1,0,0,0,0,1,0,1,1,-1,6,1,22,5,1590,1,20,HONDA CIVIC,3,-1,0,2
2024141483206,2024,141483206,1,9,0,-1,19,5,1,-1,0,1,0,0,0,0,3,9,-1,6,2,29,6,1597,2,6,HONDA CIVIC,5,E01007682,0,1
2024522500286,2024,522500286,2,9,0,18,19,6,2,0,0,6,0,0,0,0,1,1,6,6,1,49,8,1590,1,20,HONDA CIVIC,10,E01014967,0,2
2024461462590,2024,461462590,1,9,0,-1,12,4,3,-1,0,1,0,0,0,0,1,9,-1,6,1,21,5,1590,1,22,HONDA CIVIC,4,E01016143,0,2
2024471393991,2024,471393991,2,9,0,-1,4,5,1,-1,0,0,0,0,0,0,2,1,-1,9,1,28,6,1798,1,12,HONDA CIVIC,5,E01034299,0,3
2024101461321,2024,101461321,2,9,0,-1,19,3,7,-1,0,0,0,0,0,0,2,1,-1,9,2,79,11,1798,1,10,HONDA CIVIC,7,E01027514,0,1
2024421440477,2024,421440477,2,9,0,-1,10,3,1,-1,0,1,0,0,0,0,4,1,-1,6,1,41,7,1798,1,9,HONDA CIVIC,10,E01021480,0,1
2024320224122,2024,320224122,2,9,0,9,9,4,2,0,0,5,1,0,1,0,3,1,6,6,1,82,11,1798,1,9,HONDA CIVIC,8,E01026258,0,4
2024302400230,2024,302400230,1,9,0,7,7,4,7,0,0,5,0,0,0,0,1,1,2,2,1,33,6,2204,2,18,HONDA CIVIC,6,E01019674,0,1
2024440419664,2024,440419664,2,9,0,4,4,7,3,0,0,0,0,0,0,0,2,1,6,6,1,54,8,1799,1,17,HONDA CIVIC,6,E01023183,0,3
2024131431205,2024,131431205,1,9,0,-1,-1,-1,-1,-1,-1,8,-1,-1,-1,0,-1,1,-1,6,3,-1,-1,1600,1,32,HONDA CIVIC,-1,-1,0,-1
2024141421280,2024,141421280,4,9,0,-1,2,0,0,-1,0,1,0,0,0,0,2,1,-1,6,-1,-1,-1,988,1,4,HONDA CIVIC,-1,-1,0,-1
2024501525677,2024,501525677,1,9,0,-1,19,2,6,-1,0,6,0,0,0,0,1,1,-1,6,1,65,9,2199,2,12,HONDA CIVIC,4,E01018919,0,1
2024440279824,2024,440279824,2,9,0,4,4,1,5,0,0,1,0,0,0,0,1,1,6,6,3,-1,-1,2204,2,15,HONDA CIVIC,-1,-1,0,-1
2024501506964,2024,501506964,1,9,0,-1,19,7,3,-1,0,0,0,0,0,0,1,1,-1,9,1,78,11,1798,1,8,HONDA CIVIC,4,E01018862,0,2
2024010527575,2024,010527575,1,9,0,4,4,3,7,0,0,1,0,0,0,0,2,1,6,6,1,30,6,1799,1,15,HONDA CIVIC,6,E01035699,0,1
2024451513932,2024,451513932,1,9,0,-1,19,8,4,-1,0,0,0,0,0,0,1,1,-1,2,1,23,5,2204,2,15,HONDA CIVIC,10,E01030372,0,1
2024411492966,2024,411492966,1,9,0,-1,19,1,5,-1,0,4,0,0,0,0,3,1,-1,6,1,28,6,1590,1,19,HONDA CIVIC,3,E01004344,0,3
2024430613765,2024,430613765,1,9,0,13,13,6,2,0,0,8,0,0,0,0,1,1,6,6,1,55,8,1799,1,18,HONDA CIVIC,4,E01016481,0,2
2024421436993,2024,421436993,1,9,0,-1,9,1,5,-1,0,1,0,0,0,0,1,1,-1,6,1,72,10,1339,1,7,HONDA CIVIC,8,E01029901,0,1
2024430343744,2024,430343744,2,9,0,18,19,2,6,0,0,8,0,0,0,0,3,1,6,6,2,42,7,2204,2,15,HONDA CIVIC,4,E01017723,0,1
2024201427050,2024,201427050,2,9,0,-1,5,4,8,-1,0,3,0,0,0,0,3,9,-1,6,1,43,7,1339,1,15,HONDA CIVIC,1,E01009733,0,2
2024201484457,2024,201484457,1,9,0,-1,10,5,2,-1,0,1,0,0,0,0,1,9,-1,9,1,58,9,1339,1,10,HONDA CIVIC,1,E01010148,0,1
2024221444950,2024,221444950,1,9,0,-1,4,3,7,-1,0,1,0,0,0,0,1,1,-1,6,1,54,8,1597,2,11,HONDA CIVIC,1,E01014162,0,1
2024471416647,2024,471416647,2,9,0,-1,19,2,6,-1,0,0,0,0,0,0,1,1,-1,6,1,20,4,1339,1,13,HONDA CIVIC,10,E01021162,0,2
2024540520324,2024,540520324,1,9,0,18,19,5,2,0,0,0,5,6,1,1,1,1,6,6,1,52,8,1798,1,7,HONDA CIVIC,7,E01032628,0,4
2024141432941,2024,141432941,1,9,0,-1,19,7,3,-1,0,8,0,0,0,0,1,1,-1,6,2,40,7,1396,1,21,HONDA CIVIC,2,E01008063,0,1
2024010509984,2024,010509984,1,9,0,1,1,1,5,0,0,2,0,0,0,0,4,1,6,6,1,44,7,1498,1,6,HONDA CIVIC,6,E01002616,0,1
2024501415372,2024,501415372,1,9,0,-1,9,7,3,-1,0,8,0,0,0,0,4,9,-1,9,1,64,9,1798,1,9,HONDA CIVIC,8,E01015251,0,1
2024371447570,2024,371447570,1,9,0,-1,19,6,2,-1,0,1,0,0,0,0,4,1,-1,6,2,53,8,1590,1,19,HONDA CIVIC,8,E01034566,0,4
2024031462023,2024,031462023,2,9,0,-1,19,2,6,-1,0,0,0,0,0,0,1,1,-1,6,1,73,10,988,1,5,HONDA CIVIC,-1,-1,0,-1
2024052402533,2024,052402533,2,9,0,18,19,3,7,0,0,0,0,0,0,0,2,1,6,6,1,41,7,1799,1,16,HONDA CIVIC,1,E01006432,0,1
2024631478624,2024,631478624,2,9,0,-1,19,7,3,-1,0,0,0,0,0,0,1,1,-1,2,1,62,9,1597,2,11,HONDA CIVIC,5,W01000537,0,4
2024010527464,2024,010527464,2,9,0,6,6,1,1,0,0,0,0,0,0,0,1,1,6,6,1,55,8,1798,1,12,HONDA CIVIC,6,E01030052,0,5
2024101424594,2024,101424594,2,9,0,-1,4,1,5,-1,0,1,0,0,0,0,3,1,-1,6,1,60,9,1597,2,9,HONDA CIVIC,2,E01027391,0,1
2024201410551,2024,201410551,2,9,0,-1,3,4,8,-1,0,1,0,0,0,0,2,9,-1,6,1,34,6,1498,1,6,HONDA CIVIC,-1,-1,0,-1
2024101421297,2024,101421297,1,9,0,-1,19,8,4,-1,0,2,0,0,0,0,1,1,-1,6,1,61,9,1597,2,8,HONDA CIVIC,8,E01008553,0,1
2024041479050,2024,041479050,2,9,0,-1,8,5,1,-1,0,1,0,0,0,0,3,1,-1,9,1,60,9,2204,2,14,HONDA CIVIC,3,E01012588,0,1
2024340WN1292,2024,340WN1292,1,9,0,-1,19,2,6,-1,0,0,0,0,0,0,3,1,-1,6,1,22,5,1998,1,21,HONDA CIVIC,7,E01027282,0,1
2024061417532,2024,061417532,2,9,0,-1,5,2,7,-1,0,0,0,0,0,0,1,1,-1,2,1,43,7,1597,2,11,HONDA CIVIC,6,E01005699,0,3
2024631481710,2024,631481710,2,9,0,-1,19,8,4,-1,0,0,0,0,0,0,4,1,-1,6,2,56,9,1597,2,9,HONDA CIVIC,5,W01000539,0,3
2024131524501,2024,131524501,1,9,0,-1,19,7,3,-1,0,0,0,0,0,0,4,1,-1,7,1,38,7,1597,2,11,HONDA CIVIC,8,E01011207,0,1
2024520402779,2024,520402779,2,9,0,13,13,3,7,0,0,0,5,4,0,0,1,1,6,6,2,39,7,1799,1,17,HONDA CIVIC,6,E01029300,0,4
2024010498164,2024,010498164,2,9,0,18,19,1,5,0,0,0,0,0,0,0,4,1,6,6,2,45,7,1799,1,17,HONDA CIVIC,9,E01004121,0,1
202454E882224,2024,54E882224,2,9,0,18,19,6,2,0,0,1,0,0,0,0,1,1,6,6,1,35,6,1590,1,19,HONDA CIVIC,7,E01034552,0,1
2024440523255,2024,440523255,1,9,0,4,4,5,1,0,0,0,0,0,0,0,2,1,3,7,2,37,7,988,1,7,HONDA CIVIC,1,E01017077,0,1
2024440022387,2024,440022387,1,9,0,18,19,6,2,0,0,1,0,0,3,7,1,1,6,6,2,83,11,1798,1,10,HONDA CIVIC,6,E01023022,0,2
2024401471945,2024,401471945,1,9,0,-1,7,7,1,-1,0,1,0,0,0,0,1,1,-1,6,1,28,6,1590,1,26,HONDA CIVIC,2,E01015698,0,1
2024371429789,2024,371429789,1,9,0,-1,7,2,4,-1,0,4,0,0,0,0,3,1,-1,6,1,30,6,2204,2,15,HONDA CIVIC,3,E01030114,0,1
2024010538977,2024,010538977,1,9,9,99,99,9,9,99,99,9,9,99,9,99,9,9,6,6,1,64,9,1590,1,21,HONDA CIVIC,9,E01002960,0,1
2024430309289,2024,430309289,1,9,0,18,19,3,7,0,0,1,0,0,0,0,1,1,6,6,1,36,7,1590,1,25,HONDA CIVIC,4,E01016448,0,2
2024361417678,2024,361417678,3,9,0,-1,4,7,3,-1,0,0,0,0,0,0,2,1,-1,9,1,30,6,1597,2,11,HONDA CIVIC,5,E01026715,0,4
2024531513538,2024,531513538,1,9,0,-1,9,1,5,-1,0,8,0,0,0,0,3,1,-1,9,1,76,11,1993,8,1,HONDA CIVIC,7,E01022391,0,3
2024522401470,2024,522401470,1,9,0,11,11,5,6,0,0,3,0,0,0,0,2,1,6,6,2,30,6,1998,1,13,HONDA CIVIC,8,E01014826,0,1
2024131423986,2024,131423986,2,9,0,-1,7,1,2,-1,0,1,0,0,0,0,1,1,-1,6,2,50,8,1597,2,9,HONDA CIVIC,10,E01011845,0,1
2024451491670,2024,451491670,1,9,0,-1,3,8,4,-1,0,1,0,0,0,0,2,1,-1,2,2,30,6,988,1,6,HONDA CIVIC,6,E01021164,0,4
2024340NN2492,2024,340NN2492,1,9,0,-1,19,3,7,-1,0,0,0,0,0,0,1,1,-1,9,1,66,10,2204,2,18,HONDA CIVIC,3,E01035411,0,1
2024010535264,2024,010535264,1,9,4,99,99,9,9,99,99,9,9,99,9,99,9,9,6,6,2,67,10,1396,1,19,HONDA CIVIC,2,E01003991,0,1
2024411451138,2024,411451138,1,9,-1,-1,19,2,6,-1,0,4,0,0,0,0,1,1,-1,6,1,22,5,988,1,6,HONDA CIVIC,5,E01023936,0,1
2024411411907,2024,411411907,2,9,-1,-1,5,3,5,-1,0,4,0,0,0,0,2,1,-1,2,1,34,6,1798,1,9,HONDA CIVIC,9,E01002158,0,3
2024010533448,2024,010533448,1,9,0,5,5,3,7,0,0,1,0,0,3,0,1,1,6,6,1,23,5,1595,1,24,HONDA CIVIC,-1,-1,0,-1
2024320109505,2024,320109505,1,9,0,-1,-1,8,4,0,0,0,0,0,7,9,1,1,-1,-1,1,27,6,1799,1,15,HONDA CIVIC,10,E01026189,0,1
2024141434032,2024,141434032,3,9,0,-1,2,0,0,-1,0,0,0,0,0,0,2,1,-1,6,-1,-1,-1,1597,2,4,HONDA CIVIC,-1,-1,0,-1
2024131504910,2024,131504910,1,9,0,-1,4,5,1,-1,0,0,0,0,0,0,2,1,-1,9,2,71,10,1993,8,0,HONDA CIVIC,6,E01013122,0,4
2024552401433,2024,552401433,2,9,0,18,19,7,3,0,0,6,0,0,0,0,1,1,6,6,1,75,10,988,1,4,HONDA CIVIC,9,E01015299,0,2
2024201456840,2024,201456840,1,9,0,-1,9,5,3,-1,0,8,0,0,0,0,3,9,-1,6,1,42,7,1799,1,17,HONDA CIVIC,2,E01029390,0,4
2024302500222,2024,302500222,2,9,0,-1,11,1,5,-1,0,0,0,0,0,0,1,1,-1,6,3,54,8,1597,2,8,HONDA CIVIC,4,E01018945,0,5
2024471487384,2024,471487384,1,9,0,-1,19,3,7,-1,0,1,0,0,0,0,1,1,-1,9,1,29,6,1339,1,8,HONDA CIVIC,4,E01023781,0,4
2024522401712,2024,522401712,1,9,0,18,19,3,7,0,0,0,0,0,0,0,2,1,6,6,1,28,6,1799,1,14,HONDA CIVIC,2,E01014691,0,1
2024010531418,2024,010531418,2,9,0,99,99,9,9,99,99,9,9,99,9,99,1,9,6,6,3,-1,-1,2204,2,19,HONDA CIVIC,-1,-1,0,-1
2024522403281,2024,522403281,1,9,0,18,19,7,3,0,0,2,0,0,0,0,4,1,6,6,2,54,8,1798,1,7,HONDA CIVIC,10,E01014903,0,1
2024411430817,2024,411430817,2,9,0,-1,19,1,5,-1,0,0,0,0,7,0,1,1,-1,6,-1,26,6,1799,1,16,HONDA CIVIC,5,E01021848,0,3
2024010535542,2024,010535542,2,9,3,15,15,5,1,0,0,1,0,0,0,0,1,1,2,2,1,57,9,988,1,4,HONDA CIVIC,6,E01003327,0,1
2024041534062,2024,041534062,2,9,0,-1,8,0,0,-1,0,5,0,0,0,0,2,2,-1,9,1,71,10,1498,1,7,HONDA CIVIC,8,E01012613,0,1
2024411401293,2024,411401293,1,9,0,-1,19,5,2,-1,0,0,0,0,5,0,3,1,-1,6,1,27,6,1590,1,19,HONDA CIVIC,6,E01001271,0,4
2024501483393,2024,501483393,3,9,0,-1,2,0,0,-1,0,0,0,0,0,0,3,1,-1,6,-1,-1,-1,2204,2,18,HONDA CIVIC,-1,-1,0,-1
2024031431284,2024,031431284,2,9,0,-1,19,7,3,-1,0,0,0,0,7,11,3,1,-1,9,1,43,7,1799,1,17,HONDA CIVIC,3,E01003594,0,5
2024161407294,2024,161407294,2,9,0,-1,10,1,5,-1,0,6,0,0,0,0,2,1,-1,2,2,28,6,1798,1,11,HONDA CIVIC,4,E01013258,0,3