collision_index,collision_year,collision_ref_no,vehicle_reference,vehicle_type,towing_and_articulation,vehicle_manoeuvre_historic,vehicle_manoeuvre,vehicle_direction_from,vehicle_direction_to,vehicle_location_restricted_lane_historic,vehicle_location_restricted_lane,junction_location,skidding_and_overturning,hit_object_in_carriageway,vehicle_leaving_carriageway,hit_object_off_carriageway,first_point_of_impact,vehicle_left_hand_drive,journey_purpose_of_driver_historic,journey_purpose_of_driver,sex_of_driver,age_of_driver,age_band_of_driver,engine_capacity_cc,propulsion_code,age_of_vehicle,generic_make_model,driver_imd_decile,lsoa_of_driver,escooter_flag,driver_distance_banding
2024520402583,2024,520402583,1,9,0,11,11,1,5,0,0,7,0,0,0,0,4,1,6,6,1,39,7,1798,1,12,HONDA CIVIC,1,E01029132,0,4
2024501488270,2024,501488270,2,9,0,-1,19,1,5,-1,0,8,0,0,0,0,1,1,-1,9,1,23,5,1396,1,26,HONDA CIVIC,3,E01015190,0,4
2024010506087,2024,010506087,1,9,0,5,5,7,3,0,0,6,0,10,0,0,2,1,6,6,1,26,6,1799,1,14,HONDA CIVIC,2,E01002368,0,1
202460Q104907,2024,60Q104907,2,9,0,9,9,7,5,0,0,6,0,0,0,0,4,1,6,6,1,25,5,1799,1,14,HONDA CIVIC,-1,-1,0,-1
2024471461804,2024,471461804,1,9,0,-1,9,3,1,-1,0,8,0,0,0,0,3,1,-1,2,1,66,10,1396,1,25,HONDA CIVIC,8,E01023596,0,5
2024461425153,2024,461425153,2,9,0,-1,19,3,7,-1,0,0,1,0,8,0,1,1,-1,9,1,34,6,1339,1,15,HONDA CIVIC,2,E01003338,0,4
2024201422615,2024,201422615,2,9,0,-1,2,0,0,-1,0,0,0,4,0,0,3,1,-1,6,1,49,8,1339,1,13,HONDA CIVIC,-1,-1,0,-1
2024351525003,2024,351525003,1,9,0,-1,9,8,6,-1,0,4,0,0,0,0,3,1,-1,6,2,41,7,2204,2,16,HONDA CIVIC,8,E01018236,0,1
2024010546682,2024,010546682,2,9,0,7,7,3,6,0,0,1,0,0,0,0,4,1,6,6,1,28,6,1339,8,17,HONDA CIVIC,2,E01000017,0,3
2024010516879,2024,010516879,2,9,0,99,99,9,9,99,99,9,9,99,9,99,1,9,6,6,1,-1,-1,1998,1,16,HONDA CIVIC,2,E01001654,0,2
2024461442645,2024,461442645,1,9,0,-1,19,3,7,-1,0,0,0,0,0,0,1,1,-1,9,2,85,11,1798,1,8,HONDA CIVIC,2,E01016152,0,2
2024311453527,2024,311453527,2,9,0,-1,19,5,1,-1,0,3,0,0,0,0,1,1,-1,6,2,62,9,2199,2,12,HONDA CIVIC,3,E01028014,0,1
2024451525189,2024,451525189,2,9,0,-1,19,7,3,-1,0,0,0,0,0,0,4,1,-1,9,1,45,7,1597,2,8,HONDA CIVIC,10,E01030345,0,2
2024991534668,2024,991534668,2,9,0,-1,9,8,6,-1,0,8,0,0,0,0,3,1,-1,9,1,32,6,1339,8,14,HONDA CIVIC,5,-1,0,2
2024010544724,2024,010544724,2,9,0,99,99,9,9,99,99,9,9,99,9,99,1,9,6,6,3,-1,-1,1339,1,18,HONDA CIVIC,2,E01001263,0,1
202454E827124,2024,54E827124,1,9,0,18,19,2,6,0,0,0,0,0,0,0,1,1,6,6,2,49,8,1799,1,18,HONDA CIVIC,5,E01015509,0,1
2024010517170,2024,010517170,2,9,0,18,19,8,4,0,0,8,0,0,0,0,4,1,6,6,1,35,6,1590,1,19,HONDA CIVIC,5,E01001632,0,1
2024010499176,2024,010499176,1,9,0,9,9,3,1,0,0,2,0,0,0,0,1,1,6,6,1,18,4,1590,1,19,HONDA CIVIC,5,E01023332,0,1
2024411438258,2024,411438258,1,9,0,-1,14,5,1,-1,0,2,5,0,0,0,1,1,-1,9,1,77,11,1799,1,16,HONDA CIVIC,6,E01023320,0,1
2024061436529,2024,061436529,2,9,0,-1,19,5,1,-1,0,8,0,0,0,0,1,1,-1,6,2,51,8,1339,1,15,HONDA CIVIC,2,E01005950,0,2
2024421515178,2024,421515178,2,9,0,-1,19,1,5,-1,0,0,1,0,2,0,4,1,-1,9,1,37,7,1498,1,3,HONDA CIVIC,8,E01016095,0,4
2024549310824,2024,549310824,2,9,0,9,9,6,4,0,0,8,0,0,0,0,4,1,6,6,1,40,7,1998,1,15,HONDA CIVIC,3,E01015527,0,1
2024501491211,2024,501491211,1,9,0,-1,13,1,5,-1,0,0,0,10,0,0,3,1,-1,6,1,40,7,1396,1,23,HONDA CIVIC,7,E01020258,0,1
2024401406359,2024,401406359,1,9,0,-1,10,1,7,-1,0,1,1,0,0,0,3,1,-1,6,1,54,8,988,1,6,HONDA CIVIC,6,E01017457,0,3
2024131473031,2024,131473031,2,9,0,-1,19,5,1,-1,0,0,0,0,0,0,1,1,-1,9,1,40,7,2204,2,15,HONDA CIVIC,4,E01011772,0,2
2024052402086,2024,052402086,1,9,0,18,19,7,3,0,0,8,0,0,0,0,4,1,1,1,1,41,7,1798,1,7,HONDA CIVIC,3,E01006459,0,1
2024061426500,2024,061426500,1,9,0,-1,19,3,7,-1,0,8,9,0,0,0,4,1,-1,9,1,54,8,1396,1,19,HONDA CIVIC,2,E01005326,0,1
2024161441883,2024,161441883,1,9,0,-1,19,7,3,-1,0,0,0,0,0,0,1,1,-1,9,1,21,5,1339,1,13,HONDA CIVIC,7,E01013021,0,4
2024471519629,2024,471519629,2,9,0,-1,19,5,1,-1,0,1,0,0,0,0,1,1,-1,9,1,39,7,1799,1,17,HONDA CIVIC,4,E01003372,0,4
2024061400294,2024,061400294,4,9,0,-1,19,8,4,-1,0,0,0,0,0,0,1,1,-1,9,1,46,8,2199,2,12,HONDA CIVIC,1,E01004818,0,1
2024010529038,2024,010529038,1,9,9,99,99,9,9,99,99,9,9,99,9,99,9,9,6,6,3,-1,-1,1590,1,22,HONDA CIVIC,-1,-1,0,-1
2024141509237,2024,141509237,1,9,0,-1,9,3,8,-1,0,0,0,0,7,0,1,1,-1,6,1,21,5,1799,1,15,HONDA CIVIC,5,E01008139,0,1
2024440537806,2024,440537806,1,9,0,9,9,1,7,0,0,8,0,0,0,0,1,1,6,6,1,19,4,1339,1,13,HONDA CIVIC,9,E01023181,0,3
2024520001423,2024,520001423,2,9,0,18,19,6,2,0,0,8,0,0,0,0,4,1,6,6,2,42,7,1799,1,15,HONDA CIVIC,6,E01014439,0,1
2024010507090,2024,010507090,2,9,0,99,99,9,9,99,99,9,9,99,9,99,1,9,6,6,1,35,6,1339,1,11,HONDA CIVIC,-1,-1,0,-1
2024440081960,2024,440081960,1,9,0,17,19,8,4,0,0,0,1,0,1,4,4,1,6,6,1,26,6,1799,1,16,HONDA CIVIC,4,E01031859,0,3
2024320504337,2024,320504337,4,9,0,2,2,0,0,0,0,1,0,0,0,0,1,1,6,6,3,-1,-1,1339,1,8,HONDA CIVIC,-1,-1,0,-1
2024461445503,2024,461445503,1,9,0,-1,-1,-1,-1,-1,-1,-1,-1,-1,-1,0,-1,9,-1,6,1,44,7,1799,1,14,HONDA CIVIC,9,E01021158,0,3
2024061494129,2024,061494129,1,9,0,-1,19,5,1,-1,0,2,0,0,0,0,3,1,-1,9,1,53,8,2199,2,11,HONDA CIVIC,1,E01005136,0,1
2024141432448,2024,141432448,2,9,0,-1,19,8,4,-1,0,1,0,0,0,0,3,1,-1,9,1,21,5,1339,1,14,HONDA CIVIC,3,E01007345,0,2
2024332400265,2024,332400265,1,9,0,-1,19,3,7,-1,0,0,1,10,7,4,1,1,-1,9,1,22,5,1998,1,19,HONDA CIVIC,10,E01025847,0,1
2024101524327,2024,101524327,2,9,0,-1,4,1,5,-1,0,0,0,0,0,0,2,1,-1,9,1,25,5,1498,1,3,HONDA CIVIC,6,E01020776,0,2
2024201487442,2024,201487442,1,9,0,-1,19,6,2,-1,0,2,0,4,0,0,4,2,-1,6,1,28,6,1590,1,20,HONDA CIVIC,-1,-1,0,-1
2024340NN2922,2024,340NN2922,1,9,0,-1,19,1,5,-1,0,0,0,0,0,0,1,1,-1,9,1,21,5,1799,1,15,HONDA CIVIC,9,E01027020,0,1
2024010546443,2024,010546443,1,9,0,10,10,6,4,0,0,5,0,0,0,0,4,1,6,6,1,32,6,1590,1,20,HONDA CIVIC,5,E01001895,0,1
202454E461524,2024,54E461524,2,9,0,18,19,2,6,0,0,0,0,11,0,0,1,1,6,6,3,-1,-1,1799,1,17,HONDA CIVIC,-1,-1,0,-1
2024010541372,2024,010541372,1,9,0,99,99,9,9,99,99,9,9,99,9,99,1,9,6,6,1,27,6,1339,1,14,HONDA CIVIC,6,E01034596,0,1
2024421466687,2024,421466687,2,9,0,-1,19,6,2,-1,0,8,0,0,0,0,1,1,-1,2,2,35,6,1998,1,15,HONDA CIVIC,6,E01021715,0,1
2024221481360,2024,221481360,1,9,0,-1,19,7,4,-1,0,2,0,0,0,0,3,1,-1,6,1,44,7,1998,1,15,HONDA CIVIC,5,E01025842,0,5
2024451432878,2024,451432878,1,9,0,-1,19,1,5,-1,0,0,5,0,1,11,1,1,-1,9,1,35,6,1799,1,15,HONDA CIVIC,8,E01030950,0,1
2024991448368,2024,991448368,1,9,0,-1,13,5,1,-1,0,0,5,0,7,0,1,1,-1,9,1,29,6,988,1,6,HONDA CIVIC,2,-1,0,2
2024201478106,2024,201478106,1,9,0,-1,19,5,1,-1,0,6,0,0,0,0,1,9,-1,6,3,20,4,1339,8,16,HONDA CIVIC,-1,-1,0,-1
2024010523828,2024,010523828,1,9,0,9,9,5,3,0,0,3,0,0,0,0,0,1,6,6,1,37,7,1339,1,17,HONDA CIVIC,8,E01000227,0,1
2024010515138,2024,010515138,1,9,0,9,9,7,5,0,0,8,0,0,0,0,4,1,6,6,1,29,6,1799,1,17,HONDA CIVIC,-1,-1,0,-1
2024010538616,2024,010538616,2,9,0,-1,-1,5,1,0,0,0,0,0,0,0,1,1,6,6,3,23,5,1799,1,17,HONDA CIVIC,-1,-1,0,-1
2024520500031,2024,520500031,1,9,0,16,19,5,1,0,0,0,0,0,0,0,1,1,6,6,1,29,6,1339,1,13,HONDA CIVIC,2,E01029131,0,1
2024201477695,2024,201477695,1,9,0,-1,4,8,4,-1,0,1,0,0,0,0,1,1,-1,6,2,30,6,988,1,6,HONDA CIVIC,4,E01009871,0,1
2024451405628,2024,451405628,3,9,0,-1,2,0,0,-1,9,0,0,0,0,0,4,1,-1,6,-1,-1,-1,1339,1,9,HONDA CIVIC,-1,-1,0,-1
2024320182590,2024,320182590,1,9,0,-1,-1,4,8,0,0,8,0,0,1,0,1,1,1,1,2,37,7,1590,1,19,HONDA CIVIC,1,E01013140,0,4
2024549976424,2024,549976424,2,9,0,10,10,5,3,0,0,1,0,0,0,0,2,1,6,6,1,30,6,1799,1,16,HONDA CIVIC,7,E01034523,0,1
2024070132133,2024,070132133,1,9,0,18,19,3,7,0,0,2,0,0,0,0,1,1,6,6,1,17,4,1396,1,20,HONDA CIVIC,6,E01018399,0,1
2024451517067,2024,451517067,1,9,0,-1,19,1,5,-1,0,0,0,0,0,0,1,1,-1,9,1,24,5,1799,1,14,HONDA CIVIC,8,E01030688,0,1
2024440535989,2024,440535989,1,9,0,9,9,7,4,0,0,8,0,0,0,0,4,1,6,6,1,30,6,1798,1,12,HONDA CIVIC,6,E01022503,0,1
2024340WN1162,2024,340WN1162,2,9,0,-1,19,3,7,-1,0,0,0,0,0,0,2,1,-1,6,1,52,8,1597,2,10,HONDA CIVIC,9,E01027201,0,1
2024122400574,2024,122400574,1,9,0,18,19,3,7,0,0,0,2,0,7,10,1,1,6,6,1,24,5,1590,1,19,HONDA CIVIC,3,E01027629,0,1
2024421438484,2024,421438484,1,9,0,-1,4,5,8,-1,0,8,1,8,0,0,1,1,-1,6,1,22,5,1493,1,30,HONDA CIVIC,7,E01015866,0,2
2024141454975,2024,141454975,1,9,0,-1,19,3,8,-1,0,0,0,0,0,0,1,1,-1,6,3,-1,-1,1590,1,21,HONDA CIVIC,-1,-1,0,-1
2024991510927,2024,991510927,1,9,0,-1,4,2,6,-1,0,0,0,0,0,0,4,1,-1,9,2,61,9,1799,1,18,HONDA CIVIC,8,-1,0,1
2024430133251,2024,430133251,1,9,0,9,9,7,5,0,0,0,0,0,0,0,1,1,6,6,2,59,9,1799,1,18,HONDA CIVIC,10,E01016524,0,1
2024440282845,2024,440282845,2,9,0,4,4,5,1,0,0,2,0,0,0,0,2,1,6,6,1,74,10,1798,1,8,HONDA CIVIC,10,E01017863,0,4
2024111465463,2024,111465463,1,9,0,-1,13,2,6,-1,0,0,5,0,7,0,4,1,-1,2,1,28,6,1498,1,6,HONDA CIVIC,2,E01020645,0,3
2024010511602,2024,010511602,4,9,0,18,19,3,7,0,0,0,0,0,0,0,1,1,6,6,2,41,7,1590,1,20,HONDA CIVIC,4,E01000472,0,3
2024101518243,2024,101518243,2,9,0,-1,19,5,1,-1,0,0,0,0,0,0,2,1,-1,2,2,29,6,988,1,4,HONDA CIVIC,-1,-1,0,-1
2024471432821,2024,471432821,1,9,0,-1,19,6,2,-1,0,0,0,0,0,0,4,1,-1,9,1,33,6,1590,1,22,HONDA CIVIC,3,E01031559,0,1
2024471428427,2024,471428427,5,9,0,-1,3,6,2,-1,0,0,0,0,0,0,3,9,-1,6,1,54,8,1799,1,16,HONDA CIVIC,8,E01031780,0,3
2024351438787,2024,351438787,2,9,-1,-1,-1,-1,-1,-1,-1,-1,-1,-1,-1,0,-1,9,-1,6,2,66,10,1597,2,5,HONDA CIVIC,6,E01018036,0,3
2024061518960,2024,061518960,1,9,0,-1,19,5,1,-1,0,0,0,10,0,0,1,1,-1,6,-1,25,5,1799,1,18,HONDA CIVIC,-1,-1,0,-1
2024010508325,2024,010508325,2,9,0,18,19,1,5,0,0,8,0,0,0,0,3,1,6,6,1,32,6,1339,1,14,HONDA CIVIC,8,E01023875,0,3
2024531468383,2024,531468383,1,9,0,-1,19,7,3,-1,0,1,0,0,0,0,1,1,-1,6,3,-1,-1,1396,1,19,HONDA CIVIC,-1,-1,0,-1
2024320332137,2024,320332137,1,9,0,10,10,2,8,0,0,6,0,0,0,0,3,1,-1,-1,2,39,7,2204,2,17,HONDA CIVIC,6,E01026220,0,1
2024010522913,2024,010522913,2,9,0,2,2,0,0,0,0,0,0,0,0,0,1,1,6,6,3,-1,-1,1799,1,18,HONDA CIVIC,-1,-1,0,-1
2024010536127,2024,010536127,1,9,0,7,7,3,5,0,0,0,0,0,0,0,1,1,6,6,1,82,11,1396,1,20,HONDA CIVIC,8,E01000540,0,1
2024440440204,2024,440440204,1,9,0,9,9,8,5,0,0,4,0,0,0,0,1,1,1,1,2,38,7,1799,1,18,HONDA CIVIC,4,E01017135,0,1
2024471408403,2024,471408403,1,9,0,-1,19,8,4,-1,0,1,0,0,0,0,1,1,-1,6,2,-1,-1,1590,1,20,HONDA CIVIC,5,E01020936,0,3
2024010511420,2024,010511420,3,9,0,18,19,5,1,0,0,9,0,0,0,0,2,1,6,6,1,-1,-1,1498,1,7,HONDA CIVIC,8,E01002150,0,2
2024622500063,2024,622500063,1,9,0,7,7,8,2,0,0,6,0,0,0,0,1,1,6,6,1,23,5,2204,2,18,HONDA CIVIC,1,W01001955,0,1
2024430630352,2024,430630352,2,9,0,18,19,7,3,0,0,0,0,0,0,0,1,1,6,6,1,-1,-1,1339,8,18,HONDA CIVIC,-1,-1,0,-1
2024070682808,2024,070682808,2,9,0,18,19,8,4,0,0,1,0,0,0,0,4,1,6,6,2,59,9,1798,1,11,HONDA CIVIC,2,E01012391,0,1
2024371480882,2024,371480882,2,9,0,-1,19,5,1,-1,0,0,0,0,0,0,3,9,-1,6,2,41,7,1998,1,17,HONDA CIVIC,3,E01026453,0,4
2024061501756,2024,061501756,2,9,0,-1,-1,-1,-1,-1,-1,-1,-1,-1,-1,0,-1,9,-1,6,3,-1,-1,2204,2,16,HONDA CIVIC,-1,-1,0,-1
2024010502214,2024,010502214,1,9,0,99,99,9,9,99,99,9,9,99,9,99,2,9,6,6,1,57,9,1799,1,17,HONDA CIVIC,4,E01001165,0,1
2024430572523,2024,430572523,1,9,0,3,3,4,8,0,0,0,0,0,0,0,2,1,2,2,1,56,9,988,1,5,HONDA CIVIC,7,E01035244,0,1
2024201489397,2024,201489397,1,9,0,-1,14,2,6,-1,0,0,0,0,0,0,3,1,-1,6,2,-1,-1,1799,1,17,HONDA CIVIC,-1,-1,0,-1
2024070653781,2024,070653781,2,9,0,5,5,8,4,0,0,8,0,0,0,0,4,1,6,6,1,81,11,1668,1,22,HONDA CIVIC,3,E01012714,0,4
2024471471505,2024,471471505,1,9,0,-1,9,5,7,-1,0,1,0,0,7,0,1,1,-1,6,1,45,7,2204,2,17,HONDA CIVIC,3,E01031559,0,3
2024401464743,2024,401464743,1,9,0,-1,7,7,5,-1,0,8,0,0,8,1,1,1,-1,9,1,20,4,1590,1,19,HONDA CIVIC,3,E01015701,0,1
2024201553265,2024,201553265,1,9,0,-1,5,5,1,-1,0,1,0,0,0,0,1,9,-1,6,1,34,6,1799,1,16,HONDA CIVIC,2,E01009265,0,1
2024031441181,2024,031441181,1,9,0,-1,10,3,7,-1,0,6,0,0,0,0,1,2,-1,6,1,43,7,988,1,5,HONDA CIVIC,5,E01019278,0,1
2024440024997,2024,440024997,2,9,0,18,19,8,4,0,0,0,0,0,0,0,1,1,2,2,1,43,7,1597,2,10,HONDA CIVIC,7,E01023176,0,2
2024430245848,2024,430245848,1,9,0,3,3,6,2,0,0,0,0,0,0,0,2,1,6,6,2,42,7,2199,2,12,HONDA CIVIC,7,E01028676,0,4
2024141487899,2024,141487899,1,9,0,-1,11,1,5,-1,0,0,0,0,0,0,4,1,-1,9,1,44,7,1597,2,8,HONDA CIVIC,9,E01019734,0,4
2024340NN1472,2024,340NN1472,2,9,0,-1,19,7,3,-1,0,1,1,0,0,0,1,1,-1,6,1,33,6,1590,1,19,HONDA CIVIC,4,E01027350,0,1
2024041534483,2024,041534483,1,9,0,-1,19,5,1,-1,0,0,1,0,0,0,1,1,-1,6,1,35,6,1998,1,17,HONDA CIVIC,2,E01025305,0,4
2024141493105,2024,141493105,2,9,0,-1,19,3,7,-1,0,8,0,0,0,0,1,1,-1,9,2,32,6,1590,1,19,HONDA CIVIC,1,E01008009,0,1
2024440405016,2024,440405016,1,9,0,18,19,2,6,0,0,0,0,0,0,0,1,1,6,6,1,35,6,1799,1,17,HONDA CIVIC,5,E01022832,0,1
2024552401307,2024,552401307,2,9,0,9,9,3,1,0,0,6,0,0,0,0,3,1,6,6,1,19,4,1799,1,13,HONDA CIVIC,9,E01015395,0,2
202417S103524,2024,17S103524,3,9,0,18,19,8,4,0,0,1,0,0,0,0,1,1,6,6,1,71,10,988,1,4,HONDA CIVIC,6,E01020888,0,4
2024010511776,2024,010511776,1,9,0,18,19,7,3,0,0,1,0,0,0,0,1,1,6,6,1,49,8,1339,8,17,HONDA CIVIC,3,E01003575,0,1
2024631507150,2024,631507150,2,9,0,-1,2,6,2,-1,0,1,0,0,0,0,2,1,-1,7,2,42,7,1998,1,14,HONDA CIVIC,7,W01000569,0,1
2024010546076,2024,010546076,2,9,0,99,99,9,9,99,99,9,9,99,9,99,9,9,6,6,3,-1,-1,1590,1,22,HONDA CIVIC,-1,-1,0,-1
2024161524979,2024,161524979,1,9,0,-1,19,5,1,-1,0,8,0,0,0,0,1,1,-1,2,1,24,5,988,1,3,HONDA CIVIC,5,E01013106,0,1
2024622400527,2024,622400527,1,9,0,18,19,1,5,0,0,4,0,0,0,0,1,1,2,2,1,27,6,1498,1,7,HONDA CIVIC,9,W01001944,0,2
2024520401728,2024,520401728,2,9,0,18,19,7,3,0,0,0,0,0,0,0,1,1,6,6,2,56,9,1590,1,19,HONDA CIVIC,7,E01029064,0,1
2024520402626,2024,520402626,1,9,0,18,19,7,3,0,0,8,0,0,0,0,3,1,6,6,2,51,8,1998,1,16,HONDA CIVIC,2,E01029097,0,3
2024201508766,2024,201508766,1,9,0,-1,1,2,4,-1,9,0,0,0,0,0,2,1,-1,9,2,61,9,1396,1,27,HONDA CIVIC,5,E01009561,0,1
2024440244740,2024,440244740,1,9,0,4,4,6,8,0,0,8,0,0,0,0,2,1,2,2,2,53,8,1339,1,16,HONDA CIVIC,9,E01031496,0,4
2024201550586,2024,201550586,2,9,0,-1,1,4,8,-1,0,5,0,0,0,0,2,9,-1,6,1,34,6,1799,1,17,HONDA CIVIC,4,E01009037,0,1
2024332400003,2024,332400003,1,9,0,-1,19,5,1,-1,0,6,0,0,0,0,1,1,-1,9,1,23,5,1797,1,27,HONDA CIVIC,4,E01013758,0,1
2024351452914,2024,351452914,1,9,0,-1,12,1,5,-1,0,0,0,0,0,0,2,1,-1,2,2,55,8,1339,1,18,HONDA CIVIC,7,E01018192,0,2
2024451486144,2024,451486144,1,9,0,-1,3,1,5,-1,0,0,0,0,0,0,2,1,-1,2,1,46,8,1590,1,19,HONDA CIVIC,4,E01030481,0,1
2024010510825,2024,010510825,1,9,0,99,99,9,9,99,99,9,9,99,9,99,2,9,6,6,1,30,6,1799,1,16,HONDA CIVIC,2,E01001848,0,2
2024501523780,2024,501523780,1,9,0,-1,3,7,3,-1,0,0,0,0,0,0,2,1,-1,6,2,21,5,1597,2,10,HONDA CIVIC,7,E01020233,0,3
2024211534044,2024,211534044,2,9,0,-1,19,5,1,-1,0,1,0,4,7,0,1,1,-1,6,2,35,6,1799,1,17,HONDA CIVIC,-1,-1,0,-1
2024201443523,2024,201443523,5,9,0,-1,19,6,2,-1,0,1,0,0,0,0,4,1,-1,6,1,41,7,1799,1,15,HONDA CIVIC,1,E01009607,0,4
2024471407784,2024,471407784,1,9,0,-1,10,8,5,-1,0,5,0,0,0,0,1,1,-1,9,2,66,10,1798,1,11,HONDA CIVIC,6,E01031750,0,1
2024302400306,2024,302400306,1,9,0,18,19,5,1,0,0,1,0,0,0,0,4,1,6,6,1,49,8,1998,1,16,HONDA CIVIC,1,E01008084,0,1
2024411497789,2024,411497789,1,9,0,-1,-1,-1,-1,-1,-1,-1,-1,-1,-1,0,-1,9,-1,6,2,68,10,1339,1,11,HONDA CIVIC,5,E01023386,0,2
2024061527111,2024,061527111,1,9,0,-1,19,5,1,-1,0,8,0,0,0,0,1,1,-1,6,1,-1,-1,1798,1,9,HONDA CIVIC,-1,-1,0,-1
2024991508930,2024,991508930,1,9,0,-1,7,3,3,-1,0,6,0,0,0,0,3,1,-1,9,2,43,7,1597,2,9,HONDA CIVIC,6,-1,0,1
2024010531108,2024,010531108,2,9,9,99,99,9,9,99,99,9,9,99,9,99,9,9,6,6,3,-1,-1,1799,1,18,HONDA CIVIC,4,E01034470,0,1
2024201436859,2024,201436859,1,9,0,-1,5,1,4,-1,0,6,0,0,0,0,3,1,-1,2,1,48,8,1339,1,11,HONDA CIVIC,1,E01009134,0,1
2024201458299,2024,201458299,1,9,0,-1,4,5,1,-1,0,1,0,0,0,0,1,9,-1,1,2,46,8,1396,1,19,HONDA CIVIC,1,E01009133,0,2
2024010488242,2024,010488242,1,9,0,99,99,9,9,99,99,0,9,99,9,99,9,9,2,2,1,45,7,1339,1,13,HONDA CIVIC,1,E01002842,0,1
2024471526414,2024,471526414,1,9,0,-1,19,1,5,-1,0,1,0,0,0,0,1,1,-1,2,1,23,5,1597,2,11,HONDA CIVIC,6,E01031524,0,1
2024010545975,2024,010545975,2,9,0,7,7,7,1,0,0,1,0,0,0,0,1,1,6,6,1,46,8,1798,1,9,HONDA CIVIC,5,E01002567,0,1
2024552400091,2024,552400091,1,9,0,18,19,2,6,0,0,0,5,0,7,10,1,1,6,6,2,55,8,1597,2,9,HONDA CIVIC,5,E01020469,0,2
2024991514575,2024,991514575,2,9,0,-1,19,1,5,-1,0,0,0,0,0,0,1,1,-1,9,2,80,11,988,1,4,HONDA CIVIC,2,-1,0,3
2024501398287,2024,501398287,1,9,0,-1,19,7,3,-1,0,2,0,0,0,0,1,1,-1,1,1,87,11,1396,1,22,HONDA CIVIC,8,E01019946,0,4
2024010525170,2024,010525170,3,9,0,2,2,0,0,0,0,0,0,0,0,0,2,1,6,6,3,-1,-1,1993,8,2,HONDA CIVIC,-1,-1,0,-1
2024531527470,2024,531527470,1,9,0,-1,19,2,6,-1,0,0,0,0,0,0,1,1,-1,6,2,41,7,2204,2,16,HONDA CIVIC,3,E01022286,0,2
2024501502970,2024,501502970,1,9,0,-1,9,5,3,-1,0,6,0,0,0,0,3,1,-1,9,1,78,11,1799,1,17,HONDA CIVIC,8,E01015114,0,3
2024411462182,2024,411462182,2,9,0,-1,19,2,6,-1,0,0,0,0,0,0,1,1,-1,2,2,32,6,1590,1,21,HONDA CIVIC,4,E01023794,0,3
2024501499091,2024,501499091,1,9,0,-1,9,3,1,-1,0,6,0,0,0,0,1,1,-1,6,1,34,6,2204,2,17,HONDA CIVIC,3,E01015192,0,1
2024302401596,2024,302401596,1,9,0,9,9,3,1,0,0,1,0,0,0,0,3,1,6,6,1,34,6,1339,1,11,HONDA CIVIC,6,E01019798,0,1
2024451464469,2024,451464469,1,9,0,-1,19,5,1,-1,0,0,0,0,0,0,4,1,-1,9,2,59,9,1798,1,10,HONDA CIVIC,10,E01030535,0,1
2024461469355,2024,461469355,2,9,0,-1,4,6,4,-1,0,0,0,0,0,0,2,9,-1,9,1,40,7,2204,2,15,HONDA CIVIC,9,E01024834,0,2
2024161507429,2024,161507429,1,9,0,-1,19,6,2,-1,0,0,2,0,1,0,2,9,-1,6,1,45,7,1998,1,13,HONDA CIVIC,8,E01012909,0,2
2024231456704,2024,231456704,2,9,0,-1,4,5,1,-1,0,0,0,0,0,0,1,1,-1,9,2,49,8,988,1,5,HONDA CIVIC,8,E01031196,0,4
2024440354044,2024,440354044,2,9,0,11,11,7,3,0,0,0,0,0,0,0,4,1,6,6,1,21,5,1597,2,6,HONDA CIVIC,3,E01022485,0,4
2024311417220,2024,311417220,1,9,0,-1,5,1,5,-1,0,0,0,0,1,0,4,1,-1,9,2,36,7,1597,2,6,HONDA CIVIC,4,E01013936,0,1
202454C392624,2024,54C392624,2,9,0,18,19,6,2,0,0,1,0,0,0,0,1,1,6,6,2,45,7,1799,1,18,HONDA CIVIC,5,E01015529,0,1
2024471408627,2024,471408627,2,9,0,-1,7,7,2,-1,0,1,0,0,0,0,2,1,-1,9,1,35,6,1799,1,17,HONDA CIVIC,8,E01030577,0,2
2024520402697,2024,520402697,1,9,0,18,19,2,6,0,0,2,0,0,0,0,1,1,6,6,1,25,5,2204,2,17,HONDA CIVIC,8,E01029282,0,1
2024520402034,2024,520402034,3,9,0,10,10,4,1,0,0,1,0,0,0,0,2,1,6,6,3,-1,-1,1339,1,16,HONDA CIVIC,-1,-1,0,-1
2024311446062,2024,311446062,2,9,0,-1,19,7,3,-1,0,8,0,0,8,0,4,1,-1,6,1,25,5,1799,1,17,HONDA CIVIC,7,E01028287,0,1
2024010534448,2024,010534448,2,8,0,99,99,9,9,99,99,9,9,99,9,99,1,9,6,6,3,-1,-1,1799,1,16,HONDA CIVIC,-1,-1,0,-1
2024622400249,2024,622400249,2,9,0,10,10,8,3,0,0,4,0,0,0,0,2,1,2,2,2,42,7,1798,1,11,HONDA CIVIC,10,W01000785,0,1
2024201436462,2024,201436462,1,9,0,-1,19,1,5,-1,0,0,0,0,0,0,1,1,-1,6,1,55,8,1339,1,14,HONDA CIVIC,1,E01009335,0,1
2024010515923,2024,010515923,2,9,9,99,99,9,9,99,99,0,9,99,9,99,9,1,6,6,2,29,6,1799,1,14,HONDA CIVIC,5,E01004484,0,1