collision_index,collision_year,collision_ref_no,vehicle_reference,vehicle_type,towing_and_articulation,vehicle_manoeuvre_historic,vehicle_manoeuvre,vehicle_direction_from,vehicle_direction_to,vehicle_location_restricted_lane_historic,vehicle_location_restricted_lane,junction_location,skidding_and_overturning,hit_object_in_carriageway,vehicle_leaving_carriageway,hit_object_off_carriageway,first_point_of_impact,vehicle_left_hand_drive,journey_purpose_of_driver_historic,journey_purpose_of_driver,sex_of_driver,age_of_driver,age_band_of_driver,engine_capacity_cc,propulsion_code,age_of_vehicle,generic_make_model,driver_imd_decile,lsoa_of_driver,escooter_flag,driver_distance_banding
2024010531257,2024,010531257,2,9,0,99,99,9,9,99,99,0,9,99,9,99,1,9,6,6,3,-1,-1,1998,1,19,HONDA CIVIC,3,E01001675,0,1
2024101521448,2024,101521448,1,9,0,-1,19,8,4,-1,0,0,0,0,0,0,1,9,-1,6,3,-1,-1,1597,2,11,HONDA CIVIC,-1,-1,0,-1
2024131432929,2024,131432929,2,9,0,-1,19,3,7,-1,0,0,0,0,0,0,2,1,-1,2,2,44,7,1798,1,9,HONDA CIVIC,10,E01011576,0,2
2024010546965,2024,010546965,2,9,0,99,99,9,9,99,99,0,9,99,9,99,2,9,1,1,1,25,5,1498,1,4,HONDA CIVIC,2,E01024135,0,4
2024122401183,2024,122401183,1,9,0,16,19,5,8,0,0,1,0,0,0,0,1,1,6,6,1,22,5,1498,1,7,HONDA CIVIC,6,E01027559,0,3
2024531531553,2024,531531553,1,9,0,-1,19,1,5,-1,0,0,0,0,0,0,1,1,-1,9,1,66,10,1798,1,12,HONDA CIVIC,8,E01022462,0,2
2024101465992,2024,101465992,3,9,0,-1,2,0,0,-1,9,0,0,0,0,0,4,1,-1,6,1,74,10,1686,2,19,HONDA CIVIC,7,E01008765,0,1
2024311463565,2024,311463565,1,9,0,-1,19,6,3,-1,0,4,0,0,0,0,1,1,-1,6,1,35,6,1799,1,17,HONDA CIVIC,-1,-1,0,-1
202460Q050393,2024,60Q050393,2,9,0,3,3,5,1,0,0,1,0,0,0,0,2,1,6,6,2,44,7,1590,1,20,HONDA CIVIC,-1,-1,0,-1
2024010507714,2024,010507714,2,9,0,5,5,3,7,0,0,8,0,0,0,0,1,1,2,2,2,49,8,1590,1,20,HONDA CIVIC,5,E01033741,0,1
2024201433828,2024,201433828,1,9,0,-1,9,7,5,-1,0,6,0,0,0,0,1,9,-1,6,2,73,10,1798,1,8,HONDA CIVIC,10,E01010202,0,1
2024371515560,2024,371515560,1,9,0,-1,19,3,7,-1,0,2,0,0,1,0,1,1,-1,9,1,50,8,2204,2,17,HONDA CIVIC,6,E01029907,0,3
2024201460271,2024,201460271,2,9,0,-1,19,1,5,-1,0,8,0,0,0,0,1,9,-1,9,1,25,5,1590,1,20,HONDA CIVIC,6,E01009278,0,1
2024451497846,2024,451497846,1,9,0,-1,19,5,1,-1,0,0,0,0,0,0,1,1,-1,9,1,64,9,1798,1,9,HONDA CIVIC,10,E01003835,0,2
2024501492301,2024,501492301,1,9,0,-1,19,3,7,-1,0,0,5,0,2,0,1,1,-1,6,2,32,6,1998,1,21,HONDA CIVIC,5,E01018972,0,4
2024201525148,2024,201525148,1,9,0,-1,4,2,6,-1,0,0,0,0,0,0,1,1,-1,7,2,51,8,1799,1,16,HONDA CIVIC,1,E01009094,0,1
2024440113794,2024,440113794,1,9,0,18,19,6,2,0,0,0,1,0,5,6,2,1,6,6,1,23,5,1498,1,7,HONDA CIVIC,8,E01030915,0,4
2024501462814,2024,501462814,2,9,0,-1,19,5,1,-1,0,1,0,0,0,0,1,1,-1,6,1,20,4,1590,1,21,HONDA CIVIC,7,E01015137,0,1
2024161410306,2024,161410306,1,9,0,-1,9,-1,-1,-1,0,3,0,0,0,0,4,9,-1,9,2,33,6,1498,1,4,HONDA CIVIC,1,E01013284,0,1
2024522401831,2024,522401831,1,9,0,2,2,0,0,0,0,0,0,0,0,0,2,1,6,6,3,-1,-1,1396,1,22,HONDA CIVIC,-1,-1,0,-1
2024010540945,2024,010540945,2,9,0,3,3,1,5,0,0,8,0,0,0,0,1,1,6,6,1,61,9,1339,8,16,HONDA CIVIC,3,E01003708,0,1
2024161398278,2024,161398278,2,9,0,-1,19,4,8,-1,0,0,0,0,0,0,1,1,-1,9,1,52,8,2204,2,18,HONDA CIVIC,10,E01013059,0,2
2024311469614,2024,311469614,1,9,0,-1,6,3,7,-1,0,0,0,0,0,0,3,1,-1,1,2,57,9,988,1,3,HONDA CIVIC,10,E01028361,0,1
2024161479437,2024,161479437,2,9,0,-1,19,5,1,-1,0,0,0,0,0,0,3,1,-1,6,2,68,10,1668,1,22,HONDA CIVIC,5,E01013274,0,1
2024010535553,2024,010535553,1,9,0,99,99,9,9,99,99,9,9,99,9,99,9,9,6,6,3,-1,-1,1597,2,6,HONDA CIVIC,-1,-1,0,-1
2024411516424,2024,411516424,2,9,0,-1,19,6,2,-1,0,0,0,0,0,0,1,1,-1,6,2,44,7,1396,1,20,HONDA CIVIC,3,E01000127,0,2
2024010498618,2024,010498618,2,9,0,99,99,9,9,99,99,9,9,99,9,99,9,9,6,6,3,-1,-1,1339,1,14,HONDA CIVIC,-1,-1,0,-1
2024122400453,2024,122400453,2,9,0,9,9,3,1,0,0,1,0,0,0,0,4,1,3,7,1,53,8,1799,1,15,HONDA CIVIC,6,E01027873,0,1
2024141513588,2024,141513588,1,9,0,-1,9,1,5,-1,0,0,0,0,0,0,4,1,-1,6,1,40,7,2204,2,16,HONDA CIVIC,3,E01007903,0,1
2024221445312,2024,221445312,1,9,0,-1,19,4,8,-1,0,0,1,0,1,4,1,1,-1,9,1,21,5,1396,1,19,HONDA CIVIC,1,E01008916,0,3
2024221395469,2024,221395469,1,9,0,-1,19,8,5,-1,0,0,1,0,0,0,1,1,-1,9,2,76,11,1686,2,20,HONDA CIVIC,5,E01028870,0,2
2024451508281,2024,451508281,2,9,0,-1,19,5,1,-1,0,3,1,0,5,10,4,1,-1,2,1,38,7,1590,1,21,HONDA CIVIC,6,E01030649,0,1
2024041434930,2024,041434930,1,9,0,-1,9,7,3,-1,0,1,0,0,0,0,1,1,-1,9,1,41,7,1799,1,16,HONDA CIVIC,1,E01012683,0,1
2024141445790,2024,141445790,1,9,0,-1,7,7,3,-1,0,1,0,0,0,0,4,1,-1,2,1,39,7,1597,2,9,HONDA CIVIC,4,E01007762,0,1
2024010529570,2024,010529570,1,9,0,9,9,2,1,0,0,6,0,0,0,0,4,2,6,6,1,34,6,1498,1,4,HONDA CIVIC,7,E01030429,0,4
2024991478132,2024,991478132,1,9,0,-1,9,2,6,-1,0,1,0,0,0,0,1,1,-1,6,1,77,11,1339,8,17,HONDA CIVIC,4,E01022051,0,5
2024552400178,2024,552400178,1,9,0,10,10,6,4,5,5,6,0,0,0,0,4,1,2,2,1,37,7,1799,1,14,HONDA CIVIC,6,E01015291,0,2
202417L109624,2024,17L109624,1,9,0,-1,19,2,6,-1,0,0,0,0,0,0,1,1,-1,9,1,82,11,1396,1,21,HONDA CIVIC,-1,-1,0,-1
2024340WN1892,2024,340WN1892,2,9,0,-1,19,2,6,-1,0,1,0,0,0,0,1,1,-1,9,1,45,7,1798,1,8,HONDA CIVIC,3,E01027175,0,1
2024010546150,2024,010546150,1,9,0,16,19,5,1,0,0,0,0,0,0,0,3,1,6,6,1,24,5,1339,1,13,HONDA CIVIC,3,E01032730,0,4
2024320689100,2024,320689100,1,9,0,-1,-1,2,6,0,0,0,1,0,7,4,1,1,-1,-1,1,32,6,1339,8,17,HONDA CIVIC,-1,-1,0,-1
2024010512116,2024,010512116,1,9,0,4,4,5,1,0,0,0,0,0,0,0,4,1,6,6,1,37,7,1597,2,8,HONDA CIVIC,5,E01004221,0,1
2024010527880,2024,010527880,1,9,0,18,19,3,7,0,0,2,0,0,0,0,3,1,6,6,1,65,9,1799,1,18,HONDA CIVIC,2,E01002830,0,1
2024201512385,2024,201512385,2,9,0,-1,2,0,0,-1,0,0,0,0,0,0,0,1,-1,9,1,48,8,2204,2,17,HONDA CIVIC,4,E01008885,0,1
2024201413327,2024,201413327,1,9,0,-1,11,5,1,-1,0,0,0,0,0,0,4,1,-1,6,1,-1,-1,1339,8,14,HONDA CIVIC,1,E01009129,0,4
2024070159772,2024,070159772,1,9,0,5,5,7,3,0,0,8,0,0,3,0,1,1,6,6,1,-1,-1,1339,1,17,HONDA CIVIC,-1,-1,0,-1
2024010536182,2024,010536182,1,9,0,18,19,5,1,0,0,1,0,0,0,0,3,1,6,6,1,40,7,1339,1,13,HONDA CIVIC,4,E01034602,0,1
2024451404589,2024,451404589,1,9,0,-1,7,7,5,-1,0,2,0,0,0,0,1,1,-1,9,1,81,11,1799,1,14,HONDA CIVIC,9,E01030453,0,1
2024041489652,2024,041489652,1,9,0,-1,9,3,7,-1,0,0,0,0,0,0,4,1,-1,2,2,53,8,1799,1,16,HONDA CIVIC,8,E01025549,0,1
2024440275424,2024,440275424,2,9,0,2,2,0,0,0,0,0,0,0,0,0,2,1,6,6,3,-1,-1,1799,1,16,HONDA CIVIC,-1,-1,0,-1
2024320722922,2024,320722922,1,9,0,-1,-1,4,8,0,0,1,0,0,0,0,1,1,-1,-1,1,29,6,1590,1,19,HONDA CIVIC,6,E01026264,0,1
2024201480746,2024,201480746,2,9,0,-1,19,2,6,-1,0,0,0,0,0,0,2,1,-1,6,1,38,7,1590,1,20,HONDA CIVIC,1,E01009124,0,2
2024991450187,2024,991450187,2,9,0,-1,3,3,7,-1,0,1,0,0,0,0,2,1,-1,6,1,54,8,1597,2,8,HONDA CIVIC,6,-1,0,3
2024101421397,2024,101421397,1,9,0,-1,5,3,7,-1,0,1,0,0,0,0,1,1,-1,9,1,66,10,1339,1,10,HONDA CIVIC,2,E01005744,0,5
2024411530782,2024,411530782,4,9,0,-1,2,0,0,-1,0,2,0,0,0,0,1,1,-1,6,-1,-1,-1,1799,1,15,HONDA CIVIC,-1,-1,0,-1
2024440543688,2024,440543688,2,9,0,18,19,7,3,0,0,8,0,0,0,0,4,1,6,6,1,32,6,1339,1,16,HONDA CIVIC,10,E01022837,0,1
2024211396150,2024,211396150,3,9,0,-1,3,1,5,-1,0,0,0,0,0,0,2,9,-1,9,2,64,9,1339,1,15,HONDA CIVIC,9,E01009814,0,1
2024201425317,2024,201425317,1,9,0,-1,19,4,8,-1,0,6,0,10,2,4,1,9,-1,6,1,22,5,1799,1,18,HONDA CIVIC,1,E01009350,0,1
2024351447676,2024,351447676,1,9,0,-1,9,7,5,-1,0,8,0,0,0,0,1,1,-1,1,1,38,7,1798,1,12,HONDA CIVIC,9,E01018222,0,2
2024440134647,2024,440134647,1,9,0,3,3,2,6,0,0,1,0,0,0,0,2,1,6,6,2,33,6,1799,1,17,HONDA CIVIC,9,E01022717,0,1
2024201553265,2024,201553265,3,9,0,-1,5,0,0,-1,0,1,0,0,0,0,1,9,-1,6,-1,-1,-1,1339,1,12,HONDA CIVIC,-1,-1,0,-1
2024522401293,2024,522401293,1,9,0,3,3,2,6,0,0,1,0,0,0,0,2,1,6,6,1,32,6,1339,1,14,HONDA CIVIC,10,E01014988,0,2
2024411535847,2024,411535847,4,9,0,-1,19,1,5,-1,0,0,0,0,0,0,1,1,-1,6,1,-1,-1,1998,1,14,HONDA CIVIC,-1,-1,0,-1
2024320061396,2024,320061396,1,9,0,-1,-1,8,4,0,0,0,0,0,0,0,1,1,6,6,3,-1,-1,2204,2,15,HONDA CIVIC,-1,-1,0,-1
2024522500114,2024,522500114,2,9,0,3,3,7,3,0,0,0,0,0,0,0,3,1,6,6,2,36,7,1799,1,15,HONDA CIVIC,10,E01014823,0,3
2024471528048,2024,471528048,1,9,0,-1,9,5,3,-1,0,3,0,0,0,0,4,1,-1,1,2,41,7,1799,1,16,HONDA CIVIC,4,E01031433,0,3
2024311406873,2024,311406873,1,9,0,-1,5,1,7,-1,9,0,0,0,0,0,1,2,-1,9,1,39,7,1998,1,22,HONDA CIVIC,9,E01028138,0,1
2024070513224,2024,070513224,1,9,0,9,9,3,1,0,0,6,0,0,0,0,3,1,6,6,2,36,7,1339,1,13,HONDA CIVIC,5,E01006473,0,4
2024061514707,2024,061514707,1,9,0,-1,1,-1,-1,-1,0,0,0,0,0,0,2,1,-1,6,2,37,7,1339,1,13,HONDA CIVIC,1,E01025207,0,4
2024122400876,2024,122400876,2,9,0,18,19,7,3,0,0,0,0,0,0,0,1,1,6,6,2,38,7,1597,2,10,HONDA CIVIC,9,E01025346,0,3
2024430464132,2024,430464132,1,9,0,18,19,3,8,0,0,8,0,0,0,0,3,1,6,6,2,52,8,1799,1,17,HONDA CIVIC,9,E01033956,0,1
2024201512265,2024,201512265,2,9,0,-1,19,4,8,-1,0,0,0,10,1,0,1,9,-1,1,1,36,7,1798,1,11,HONDA CIVIC,1,E01033891,0,1
2024361536636,2024,361536636,3,9,0,-1,19,4,8,-1,0,0,0,0,0,0,0,1,-1,9,1,36,7,2204,2,16,HONDA CIVIC,4,E01026444,0,4
202460Q070357,2024,60Q070357,2,9,0,18,19,7,3,0,0,0,1,0,1,0,2,1,6,6,1,30,6,1396,1,26,HONDA CIVIC,-1,-1,0,-1
2024471397083,2024,471397083,1,9,0,-1,4,5,1,-1,0,2,0,0,0,0,2,9,-1,6,1,-1,-1,988,1,5,HONDA CIVIC,-1,-1,0,-1
2024461406076,2024,461406076,1,9,0,-1,19,1,2,-1,0,2,0,0,0,0,1,9,-1,9,2,28,6,1590,1,21,HONDA CIVIC,1,E01016069,0,1
202417S105424,2024,17S105424,2,9,0,-1,3,3,7,-1,0,2,0,0,0,0,2,1,-1,9,1,54,8,2204,2,17,HONDA CIVIC,1,E01035188,0,3
2024070733375,2024,070733375,1,9,0,-1,19,1,5,-1,0,0,2,0,1,0,1,1,-1,6,1,24,5,1339,1,18,HONDA CIVIC,-1,-1,0,-1
2024122400441,2024,122400441,1,9,0,9,9,7,5,0,0,6,0,0,0,0,1,1,6,6,2,34,6,988,1,6,HONDA CIVIC,7,E01027600,0,3
2024302401471,2024,302401471,1,9,0,18,19,8,4,0,0,8,0,0,0,0,1,1,6,6,3,-1,-1,1590,1,21,HONDA CIVIC,5,E01019456,0,3
2024010539638,2024,010539638,1,9,0,99,99,9,9,99,99,9,9,99,9,99,2,9,6,6,1,36,7,1798,1,11,HONDA CIVIC,3,E01004445,0,1
2024010512655,2024,010512655,2,9,0,99,99,9,9,99,99,9,9,99,9,99,1,9,6,6,3,55,8,1798,1,9,HONDA CIVIC,3,E01001362,0,1
2024010533453,2024,010533453,1,9,0,9,9,9,9,99,99,9,9,99,9,99,9,9,6,6,3,-1,-1,1590,1,23,HONDA CIVIC,4,E01000164,0,1
2024320708231,2024,320708231,1,9,0,-1,-1,6,2,0,0,0,1,0,7,4,1,1,-1,-1,2,25,5,1686,2,19,HONDA CIVIC,6,E01026255,0,1
2024531520744,2024,531520744,1,9,0,-1,19,3,7,-1,0,2,0,0,1,9,1,1,-1,9,1,33,6,1799,1,18,HONDA CIVIC,10,E01028740,0,4
2024201494445,2024,201494445,2,9,0,-1,7,2,4,-1,0,3,0,0,0,0,4,9,-1,1,1,42,7,1798,1,12,HONDA CIVIC,2,E01009837,0,2
2024361515759,2024,361515759,1,9,0,-1,5,8,3,-1,0,2,0,0,0,0,1,1,-1,9,2,37,7,1339,1,11,HONDA CIVIC,1,E01026848,0,1
2024991528689,2024,991528689,2,9,0,-1,19,2,6,-1,0,1,0,0,0,0,2,1,-1,1,2,58,9,1798,1,9,HONDA CIVIC,8,-1,0,3
2024471462031,2024,471462031,2,9,0,-1,4,5,1,-1,0,0,0,0,0,0,2,1,-1,6,2,85,11,1798,1,10,HONDA CIVIC,9,E01031589,0,1
2024201433462,2024,201433462,2,9,0,-1,7,1,7,-1,0,8,0,0,0,0,4,9,-1,9,3,-1,-1,1590,1,20,HONDA CIVIC,-1,-1,0,-1
2024052401255,2024,052401255,2,9,0,4,4,4,8,0,0,0,0,0,0,0,2,1,6,6,2,54,8,1799,1,15,HONDA CIVIC,1,E01006690,0,1
2024471499288,2024,471499288,2,9,0,-1,2,0,0,-1,0,2,0,0,0,0,3,1,-1,6,3,-1,-1,1498,1,5,HONDA CIVIC,-1,-1,0,-1
2024440279834,2024,440279834,1,9,0,18,19,3,7,0,0,1,0,0,0,0,1,1,6,6,1,61,9,1799,1,13,HONDA CIVIC,6,E01020442,0,4
2024010497852,2024,010497852,1,9,0,99,99,9,9,99,99,9,9,99,9,99,2,9,6,6,2,33,6,1799,1,13,HONDA CIVIC,7,E01002423,0,1
2024361527131,2024,361527131,2,9,0,-1,19,1,1,-1,0,8,0,0,3,0,1,1,-1,6,2,56,9,1590,1,21,HONDA CIVIC,8,E01026856,0,1
2024061440416,2024,061440416,1,9,0,-1,99,-1,-1,-1,99,9,9,99,9,99,3,1,-1,6,1,87,11,1396,1,19,HONDA CIVIC,4,E01005299,0,1
2024332401062,2024,332401062,2,9,0,-1,3,2,6,-1,0,0,0,0,0,0,2,1,-1,6,2,45,7,1597,2,8,HONDA CIVIC,-1,-1,0,-1
2024430359989,2024,430359989,1,9,0,9,9,8,6,0,0,5,0,0,0,0,1,1,6,6,2,87,11,1798,1,10,HONDA CIVIC,10,E01017784,0,1
2024451494640,2024,451494640,3,9,0,-1,4,6,2,-1,0,0,0,0,0,0,1,1,-1,9,1,35,6,1798,1,11,HONDA CIVIC,3,E01031752,0,4
2024361484322,2024,361484322,2,9,0,-1,19,7,3,-1,0,1,0,0,0,0,1,1,-1,6,1,43,7,2204,2,13,HONDA CIVIC,5,E01026481,0,1
2024131480581,2024,131480581,1,9,0,-1,19,1,7,-1,0,8,0,0,0,0,1,1,-1,9,1,75,10,1590,1,19,HONDA CIVIC,1,E01010731,0,3
2024522402164,2024,522402164,1,9,0,9,9,6,4,0,0,5,0,0,0,0,2,1,6,6,1,64,9,1339,8,16,HONDA CIVIC,9,E01014931,0,1
2024052402758,2024,052402758,1,9,0,16,19,4,8,0,0,0,0,0,7,2,1,1,2,2,1,53,8,1339,1,11,HONDA CIVIC,8,E01007148,0,1
2024131439900,2024,131439900,1,9,0,-1,19,1,5,-1,0,0,0,0,0,0,1,1,-1,9,1,93,11,1798,1,9,HONDA CIVIC,10,E01011173,0,2
2024340WN7162,2024,340WN7162,2,9,0,-1,4,7,3,-1,0,2,0,0,0,0,2,1,-1,6,1,60,9,2204,2,18,HONDA CIVIC,1,E01027239,0,2
2024231508347,2024,231508347,1,9,0,-1,19,1,5,-1,0,4,0,0,0,0,3,9,-1,6,1,28,6,1799,1,18,HONDA CIVIC,-1,-1,0,-1
2024361406502,2024,361406502,1,9,0,-1,19,3,7,-1,0,0,0,0,0,0,1,1,-1,9,1,39,7,1799,1,18,HONDA CIVIC,2,E01026662,0,1
2024010524938,2024,010524938,1,9,0,99,99,9,9,99,99,9,9,99,9,99,2,9,6,6,2,57,9,1339,8,18,HONDA CIVIC,5,E01002398,0,1
2024010511988,2024,010511988,2,9,0,2,2,0,0,0,0,0,0,0,0,0,1,1,6,6,3,-1,-1,988,1,6,HONDA CIVIC,-1,-1,0,-1
2024031478588,2024,031478588,1,9,0,-1,19,5,8,-1,0,1,0,0,7,11,1,1,-1,9,1,54,8,1996,1,8,HONDA CIVIC,4,E01018843,0,5
2024320240877,2024,320240877,2,9,0,9,9,7,5,0,0,5,0,0,0,0,3,1,6,6,2,68,10,1597,2,8,HONDA CIVIC,7,E01026329,0,2
2024052402832,2024,052402832,1,9,0,18,19,8,4,0,0,1,0,0,0,0,1,1,6,6,1,50,8,1799,1,17,HONDA CIVIC,4,E01007202,0,2
2024411433019,2024,411433019,1,9,0,-1,5,8,4,-1,0,2,0,0,0,0,1,1,-1,6,2,57,9,1799,1,13,HONDA CIVIC,5,E01023384,0,1
2024501450906,2024,501450906,1,9,0,-1,9,1,7,-1,0,1,0,0,0,0,1,1,-1,9,2,63,9,1498,1,7,HONDA CIVIC,1,E01015057,0,1
2024101404522,2024,101404522,1,9,0,-1,19,5,1,-1,0,0,0,0,0,0,1,1,-1,6,1,26,6,1998,1,22,HONDA CIVIC,4,E01008198,0,2
2024041478553,2024,041478553,2,9,0,-1,2,0,0,-1,0,0,0,0,0,0,3,1,-1,6,-1,-1,-1,1339,1,16,HONDA CIVIC,-1,-1,0,-1
2024440430128,2024,440430128,1,9,0,18,19,7,3,0,0,2,0,0,0,0,1,1,6,6,1,55,8,1590,1,19,HONDA CIVIC,6,E01035435,0,1
2024320019868,2024,320019868,1,9,0,18,19,6,2,0,0,8,0,0,1,4,3,1,6,6,1,64,9,988,1,5,HONDA CIVIC,5,E01026213,0,2
2024211491593,2024,211491593,1,9,0,-1,9,6,3,-1,0,6,0,0,0,0,1,1,-1,1,2,53,8,988,1,6,HONDA CIVIC,-1,-1,0,-1
2024201486191,2024,201486191,1,9,0,-1,5,1,4,-1,0,0,0,0,0,0,1,9,-1,2,1,38,7,1998,1,17,HONDA CIVIC,8,E01010255,0,1
2024231444976,2024,231444976,3,9,0,-1,4,4,8,-1,0,1,0,0,0,0,4,9,-1,6,2,45,7,1798,1,9,HONDA CIVIC,2,E01031075,0,2
202460Q030896,2024,60Q030896,1,9,0,4,4,7,5,0,0,1,0,0,0,0,1,1,6,6,1,33,6,1396,1,19,HONDA CIVIC,-1,-1,0,-1
2024440157961,2024,440157961,2,9,0,13,13,2,6,0,0,1,0,0,0,0,4,1,6,6,2,39,7,988,1,5,HONDA CIVIC,6,E01035452,0,3
2024010542810,2024,010542810,1,9,0,18,19,2,6,0,0,1,0,0,0,0,1,1,1,1,1,33,6,1595,1,17,HONDA CIVIC,4,E01001233,0,1
2024131432346,2024,131432346,1,9,0,-1,9,1,1,-1,0,8,0,0,0,0,1,1,-1,9,1,22,5,1339,8,17,HONDA CIVIC,3,E01033900,0,1
2024371442099,2024,371442099,1,9,0,-1,19,2,6,-1,0,0,0,0,0,0,1,1,-1,9,1,51,8,2204,2,16,HONDA CIVIC,4,E01030285,0,1
2024122400634,2024,122400634,2,9,0,17,19,6,1,0,0,0,0,0,0,0,3,1,6,6,1,36,7,1998,1,14,HONDA CIVIC,3,E01010810,0,3
2024461473135,2024,461473135,1,9,0,-1,4,3,7,-1,0,1,0,0,0,0,1,1,-1,9,1,82,11,1597,2,11,HONDA CIVIC,9,E01024057,0,2
2024041480663,2024,041480663,1,9,0,-1,19,7,3,-1,0,0,0,0,0,0,1,1,-1,9,1,31,6,1590,1,21,HONDA CIVIC,8,E01012613,0,1
2024501494951,2024,501494951,2,9,9,-1,19,5,1,-1,0,1,9,99,0,0,1,1,-1,6,1,29,6,1998,1,19,HONDA CIVIC,5,E01015070,0,1
2024451421995,2024,451421995,1,9,0,-1,19,1,3,-1,0,8,0,0,0,0,2,9,-1,9,1,38,7,1799,1,17,HONDA CIVIC,4,E01030709,0,1
2024010525329,2024,010525329,1,9,0,18,19,7,3,0,0,0,0,0,0,0,2,1,6,6,1,61,9,1798,1,12,HONDA CIVIC,2,E01001839,0,2
2024041480826,2024,041480826,2,9,0,-1,19,1,5,-1,0,0,0,0,0,0,2,1,-1,9,1,31,6,988,1,5,HONDA CIVIC,2,-1,0,5
2024371528458,2024,371528458,1,9,0,-1,19,6,2,-1,0,0,2,0,0,0,0,1,-1,9,1,17,4,1590,1,19,HONDA CIVIC,9,E01034559,0,1
2024531487589,2024,531487589,1,9,0,-1,19,6,2,-1,0,0,1,0,1,0,1,1,-1,1,1,41,7,1799,1,16,HONDA CIVIC,5,E01022102,0,4
2024440167204,2024,440167204,1,9,0,18,19,1,5,0,0,8,0,0,0,0,1,1,1,1,1,56,9,1799,1,16,HONDA CIVIC,4,E01017013,0,1
2024332401057,2024,332401057,1,9,0,-1,19,6,2,-1,0,8,0,0,1,1,1,1,-1,9,1,38,7,1396,1,20,HONDA CIVIC,9,E01025768,0,1
2024231410727,2024,231410727,1,9,0,-1,19,4,8,-1,0,0,0,0,0,0,1,1,-1,6,1,81,11,1498,1,4,HONDA CIVIC,8,E01025808,0,1
2024361485540,2024,361485540,2,9,0,-1,19,5,4,-1,0,1,1,0,0,0,1,1,-1,9,1,37,7,1998,1,20,HONDA CIVIC,5,E01026877,0,2
2024430551915,2024,430551915,1,9,0,18,19,8,4,0,0,1,0,0,0,0,1,1,6,6,1,36,7,1339,1,14,HONDA CIVIC,10,E01028775,0,1
2024471533423,2024,471533423,3,9,0,-1,2,0,0,-1,0,0,0,0,0,0,3,1,-1,6,-1,-1,-1,1993,8,0,HONDA CIVIC,-1,-1,0,-1
202460Q119171,2024,60Q119171,3,9,0,18,19,1,5,0,0,4,0,0,0,0,2,1,6,6,2,38,7,1799,1,16,HONDA CIVIC,-1,-1,0,-1
2024522402718,2024,522402718,1,9,0,9,9,1,7,0,0,6,0,0,0,0,3,1,6,6,1,32,6,1339,1,10,HONDA CIVIC,5,E01002179,0,5
2024461517798,2024,461517798,2,9,0,-1,9,7,5,-1,0,1,0,0,0,0,3,9,-1,9,1,48,8,2199,2,12,HONDA CIVIC,3,E01016022,0,1
2024351517742,2024,351517742,1,9,0,-1,19,1,5,-1,0,1,5,0,1,9,1,1,-1,9,1,63,9,1798,1,9,HONDA CIVIC,2,E01026478,0,4
2024421442379,2024,421442379,1,9,0,-1,6,2,2,-1,0,6,0,0,0,0,1,1,-1,6,1,36,7,1590,1,22,HONDA CIVIC,3,E01021888,0,1
2024401402611,2024,401402611,1,9,0,-1,19,5,1,-1,0,0,0,0,7,0,1,9,-1,6,1,47,8,2204,2,18,HONDA CIVIC,2,E01017523,0,2
2024351468634,2024,351468634,4,9,0,-1,2,5,1,-1,0,0,0,0,0,0,1,1,-1,6,-1,-1,-1,2204,2,16,HONDA CIVIC,-1,-1,0,-1
2024010550027,2024,010550027,1,9,0,3,3,3,7,6,6,2,0,0,0,0,3,1,6,6,1,40,7,988,1,7,HONDA CIVIC,3,E01034474,0,2
2024201417324,2024,201417324,1,9,0,-1,9,7,4,-1,0,8,0,0,0,0,1,1,-1,9,1,39,7,1339,1,11,HONDA CIVIC,3,E01009894,0,1
2024991514326,2024,991514326,1,9,0,-1,19,4,1,-1,0,2,0,0,3,0,1,1,-1,9,1,29,6,1339,8,16,HONDA CIVIC,8,-1,0,4
2024311455460,2024,311455460,2,9,0,-1,19,3,7,-1,0,0,2,0,7,0,1,1,-1,2,1,25,5,1998,1,17,HONDA CIVIC,10,E01028201,0,1
2024371427416,2024,371427416,1,9,0,-1,19,7,3,-1,0,2,0,0,0,0,0,1,-1,1,1,36,7,1798,1,8,HONDA CIVIC,2,E01029988,0,1
2024010538116,2024,010538116,2,9,0,7,7,3,6,0,0,5,0,0,0,0,1,1,6,6,1,54,8,1799,1,16,HONDA CIVIC,1,E01000596,0,1
2024101464157,2024,101464157,2,8,0,-1,19,4,8,-1,0,0,0,0,0,0,3,1,-1,6,1,43,7,1799,1,16,HONDA CIVIC,7,E01008518,0,1
202454E190124,2024,54E190124,2,9,0,17,19,8,6,0,0,1,0,0,0,0,4,1,2,2,1,42,7,2204,2,17,HONDA CIVIC,2,E01015537,0,3
2024430294993,2024,430294993,1,9,0,9,9,5,3,0,0,8,0,0,0,0,4,1,6,6,2,66,10,988,1,6,HONDA CIVIC,6,E01016753,0,2
2024461463413,2024,461463413,1,9,0,-1,4,3,7,-1,0,0,0,0,0,0,1,9,-1,6,3,-1,-1,1799,1,18,HONDA CIVIC,-1,-1,0,-1
2024430454835,2024,430454835,2,9,0,18,19,1,5,0,0,0,0,0,0,0,4,1,6,6,2,40,7,1396,1,22,HONDA CIVIC,6,E01032734,0,2
2024041461748,2024,041461748,1,9,0,-1,19,7,3,-1,0,1,1,0,1,0,1,1,-1,9,1,34,6,1998,1,17,HONDA CIVIC,4,E01024927,0,2