collision_index,collision_year,collision_ref_no,vehicle_reference,vehicle_type,towing_and_articulation,vehicle_manoeuvre_historic,vehicle_manoeuvre,vehicle_direction_from,vehicle_direction_to,vehicle_location_restricted_lane_historic,vehicle_location_restricted_lane,junction_location,skidding_and_overturning,hit_object_in_carriageway,vehicle_leaving_carriageway,hit_object_off_carriageway,first_point_of_impact,vehicle_left_hand_drive,journey_purpose_of_driver_historic,journey_purpose_of_driver,sex_of_driver,age_of_driver,age_band_of_driver,engine_capacity_cc,propulsion_code,age_of_vehicle,generic_make_model,driver_imd_decile,lsoa_of_driver,escooter_flag,driver_distance_banding
2024131418929,2024,131418929,1,9,0,-1,19,5,1,-1,0,8,0,0,0,0,1,1,-1,9,1,45,7,1685,2,9,HYUNDAI IX35,7,E01011684,0,1
2024041451263,2024,041451263,1,9,0,-1,9,3,1,-1,0,8,0,0,0,0,3,1,-1,9,2,79,11,1995,2,13,HYUNDAI IX35,8,E01025550,0,1
2024351420977,2024,351420977,1,9,0,-1,19,4,8,-1,0,0,5,0,2,0,1,1,-1,6,1,18,4,1591,1,11,HYUNDAI IX35,1,E01015607,0,2
2024141416728,2024,141416728,1,9,0,-1,10,1,6,-1,0,1,0,0,0,0,2,1,-1,9,2,29,6,1995,2,13,HYUNDAI IX35,2,E01007773,0,1
2024440405082,2024,440405082,2,9,0,4,4,4,8,0,0,0,0,0,0,0,1,1,6,6,3,-1,-1,1995,2,10,HYUNDAI IX35,-1,-1,0,-1
2024302401421,2024,302401421,1,9,0,5,5,6,2,0,0,8,0,0,0,0,1,1,6,6,3,-1,-1,1995,2,11,HYUNDAI IX35,5,E01019456,0,3
2024471440919,2024,471440919,1,9,0,-1,19,7,7,-1,0,0,0,0,0,0,1,1,-1,2,2,28,6,1995,2,14,HYUNDAI IX35,3,E01031598,0,2
2024471468994,2024,471468994,2,9,0,-1,19,6,2,-1,0,0,0,0,0,0,1,1,-1,9,2,32,6,1995,2,10,HYUNDAI IX35,4,E01020921,0,1
2024141398032,2024,141398032,1,9,0,-1,19,4,8,-1,0,0,0,0,0,0,1,9,-1,6,1,40,7,1685,2,9,HYUNDAI IX35,1,E01008157,0,1
2024141534727,2024,141534727,2,9,0,-1,5,1,5,-1,0,0,0,0,0,0,3,1,-1,2,2,53,8,1685,2,9,HYUNDAI IX35,1,E01007370,0,1
2024430443184,2024,430443184,1,9,0,17,19,8,4,0,0,0,0,0,1,2,1,1,6,6,1,42,7,1685,2,9,HYUNDAI IX35,8,E01028506,0,2
2024440148369,2024,440148369,1,9,0,9,9,6,1,0,0,4,0,0,0,0,1,1,6,6,2,59,9,1685,2,11,HYUNDAI IX35,1,E01017331,0,1
2024631443424,2024,631443424,2,9,0,-1,5,1,4,-1,0,6,0,0,0,0,1,1,-1,1,1,55,8,1995,2,12,HYUNDAI IX35,7,W01000470,0,1
2024401431777,2024,401431777,1,9,0,-1,9,1,5,-1,-1,0,0,0,0,0,3,1,-1,6,1,24,5,1995,2,12,HYUNDAI IX35,8,E01017670,0,2
2024471432955,2024,471432955,2,9,0,-1,10,3,7,-1,0,1,0,0,0,0,2,1,-1,2,2,35,6,1995,2,14,HYUNDAI IX35,1,E01021135,0,2
2024401553339,2024,401553339,2,9,0,-1,19,1,5,-1,0,8,5,0,0,0,1,1,-1,6,1,42,7,1685,2,9,HYUNDAI IX35,4,E01017538,0,1
2024052402268,2024,052402268,3,9,0,18,19,7,3,0,0,8,0,0,0,0,1,1,6,6,1,58,9,1685,2,12,HYUNDAI IX35,1,E01006676,0,1
2024351521944,2024,351521944,1,9,0,-1,19,5,2,-1,0,0,0,0,0,0,1,1,-1,9,2,37,7,1685,2,12,HYUNDAI IX35,5,E01018212,0,1
2024552401193,2024,552401193,2,9,0,18,19,8,4,0,0,0,0,0,0,0,2,1,6,6,2,36,7,1685,2,11,HYUNDAI IX35,4,E01015276,0,2
2024161501894,2024,161501894,3,9,0,-1,2,0,0,-1,0,1,0,0,0,0,2,9,-1,6,-1,-1,-1,1591,1,12,HYUNDAI IX35,-1,-1,0,-1
2024430173639,2024,430173639,1,9,0,5,5,1,5,2,2,0,0,0,0,0,3,1,6,6,2,45,7,1995,2,10,HYUNDAI IX35,-1,-1,0,-1
2024541036224,2024,541036224,1,9,0,18,19,5,1,0,0,4,0,0,0,0,1,1,6,6,1,40,7,1685,2,11,HYUNDAI IX35,4,E01015492,0,1
2024161433276,2024,161433276,2,9,0,-1,19,7,3,-1,0,8,5,0,7,0,4,1,-1,9,1,29,6,1685,2,11,HYUNDAI IX35,3,E01012943,0,1
2024320151577,2024,320151577,2,9,0,2,2,0,0,0,0,0,0,0,1,0,2,1,6,6,2,33,6,1685,2,12,HYUNDAI IX35,1,E01026383,0,4
2024421513612,2024,421513612,3,9,0,-1,3,7,3,-1,0,0,0,0,0,0,4,1,-1,9,1,67,10,1995,2,10,HYUNDAI IX35,5,E01021815,0,1
2024991499851,2024,991499851,1,9,0,-1,19,7,3,-1,0,0,1,0,1,0,3,1,-1,1,2,39,7,1591,1,9,HYUNDAI IX35,8,-1,0,2
2024201447199,2024,201447199,1,9,0,-1,19,8,4,-1,0,8,0,0,0,0,1,1,-1,7,2,35,6,1685,2,9,HYUNDAI IX35,2,E01010508,0,1
2024520001346,2024,520001346,1,9,0,5,5,3,7,0,0,8,0,0,0,0,1,1,6,6,1,84,11,1591,1,11,HYUNDAI IX35,10,E01014380,0,1
2024201528924,2024,201528924,1,9,0,-1,4,4,8,-1,0,0,0,0,0,0,2,1,-1,9,2,38,7,1685,2,10,HYUNDAI IX35,7,E01029660,0,3
2024552400581,2024,552400581,1,9,0,9,9,3,1,0,0,5,0,0,0,0,0,1,6,6,2,62,9,1591,1,12,HYUNDAI IX35,5,E01015461,0,1
2024340WN5382,2024,340WN5382,3,9,0,-1,19,7,3,-1,0,1,0,0,0,0,1,1,-1,6,1,57,9,1685,2,10,HYUNDAI IX35,7,E01027277,0,3
2024461454083,2024,461454083,1,9,0,-1,19,5,1,-1,0,0,2,0,2,4,4,1,-1,9,1,26,6,1685,2,11,HYUNDAI IX35,4,E01024565,0,1
2024041488116,2024,041488116,1,9,0,-1,9,6,4,-1,0,8,0,0,0,0,4,1,-1,6,2,32,6,1591,1,10,HYUNDAI IX35,1,E01025139,0,1
2024311415966,2024,311415966,1,9,0,-1,19,5,1,-1,0,0,1,0,0,0,1,1,-1,9,1,38,7,1685,2,10,HYUNDAI IX35,10,E01028222,0,2
2024041480169,2024,041480169,1,9,0,-1,19,7,3,-1,0,0,0,0,0,0,1,1,-1,9,1,49,8,1591,1,11,HYUNDAI IX35,1,E01012672,0,1
2024201492433,2024,201492433,1,9,0,-1,19,5,1,-1,0,0,0,0,0,0,1,1,-1,6,-1,-1,-1,1685,2,11,HYUNDAI IX35,-1,-1,0,-1
2024061464989,2024,061464989,1,9,0,-1,4,-1,-1,-1,0,0,0,0,0,0,1,1,-1,9,2,44,7,1685,2,9,HYUNDAI IX35,2,E01005829,0,1
2024221472318,2024,221472318,1,9,0,-1,19,5,1,-1,0,0,0,0,0,0,4,1,-1,6,2,72,10,1591,1,11,HYUNDAI IX35,6,E01014135,0,1
2024546601124,2024,546601124,1,9,0,18,19,2,6,0,0,8,0,0,0,0,1,1,2,2,2,42,7,1995,2,14,HYUNDAI IX35,7,E01015490,0,1
2024451498828,2024,451498828,2,9,0,-1,19,6,2,-1,0,1,0,0,0,0,3,1,-1,2,2,28,6,1685,2,10,HYUNDAI IX35,-1,-1,0,-1
2024061407760,2024,061407760,1,9,0,-1,19,7,3,-1,0,0,0,0,0,0,4,1,-1,6,1,46,8,1685,2,12,HYUNDAI IX35,8,E01006024,0,1
2024522402309,2024,522402309,1,9,0,2,2,0,0,0,0,0,0,0,0,0,3,1,6,6,2,38,7,1685,2,10,HYUNDAI IX35,2,E01014492,0,1
2024311463026,2024,311463026,2,9,0,-1,4,4,4,-1,0,8,0,0,0,0,1,1,-1,6,1,44,7,1685,2,12,HYUNDAI IX35,1,E01013878,0,1
2024991413442,2024,991413442,1,9,0,-1,7,5,7,-1,0,0,0,12,0,0,1,1,-1,6,2,65,9,1995,2,13,HYUNDAI IX35,-1,-1,0,-1
2024320294865,2024,320294865,1,9,0,-1,-1,4,8,0,0,2,0,0,0,0,1,1,1,1,1,28,6,1685,2,13,HYUNDAI IX35,2,E01026379,0,1
2024471441848,2024,471441848,2,9,0,-1,5,6,2,-1,0,0,0,0,0,0,1,1,-1,6,1,-1,-1,1591,1,9,HYUNDAI IX35,3,E01024264,0,4
2024302400347,2024,302400347,1,9,0,18,19,4,8,0,0,0,0,0,0,0,3,1,6,6,2,44,7,1685,2,12,HYUNDAI IX35,5,E01019813,0,1
202454A322424,2024,54A322424,3,9,0,4,4,8,4,0,0,0,0,0,0,0,2,1,6,6,1,38,7,1685,2,10,HYUNDAI IX35,6,E01031942,0,2
2024440047311,2024,440047311,1,9,0,9,9,3,1,0,0,8,0,0,0,0,3,1,6,6,2,65,9,1995,2,9,HYUNDAI IX35,-1,-1,0,-1
2024302401029,2024,302401029,1,9,0,9,9,1,8,0,0,2,0,0,0,0,3,1,6,6,1,-1,-1,1591,1,9,HYUNDAI IX35,7,E01019405,0,3
2024211431018,2024,211431018,2,9,0,-1,12,2,6,-1,0,0,0,0,1,11,2,9,-1,6,2,42,7,1685,2,10,HYUNDAI IX35,7,E01029721,0,1
2024430032169,2024,430032169,1,9,0,18,19,5,1,0,0,1,0,0,1,4,1,1,6,6,1,33,6,1685,2,12,HYUNDAI IX35,6,E01028586,0,1
2024131409066,2024,131409066,2,9,0,-1,19,2,6,-1,0,8,0,0,0,0,2,1,-1,6,1,51,8,1685,2,10,HYUNDAI IX35,8,-1,0,5
202454D521124,2024,54D521124,1,9,0,18,19,5,1,0,0,4,0,0,0,0,1,1,6,6,2,45,7,1685,2,9,HYUNDAI IX35,4,E01022200,0,3
2024552401227,2024,552401227,1,9,0,18,19,1,5,0,0,4,0,0,0,0,3,1,6,6,2,71,10,1685,2,11,HYUNDAI IX35,7,E01020361,0,1
2024010511112,2024,010511112,2,9,0,9,9,7,5,0,0,8,0,0,0,0,1,1,6,6,2,35,6,1591,1,9,HYUNDAI IX35,-1,-1,0,-1
2024010537735,2024,010537735,1,9,0,99,99,9,9,99,99,9,9,99,9,99,1,9,6,6,3,-1,-1,1591,1,11,HYUNDAI IX35,1,E01026666,0,5
2024991434892,2024,991434892,2,9,0,-1,2,8,4,-1,0,0,0,0,0,0,4,1,-1,6,2,39,7,1685,2,10,HYUNDAI IX35,8,-1,0,2
2024622400280,2024,622400280,3,9,0,2,2,0,0,0,0,0,0,0,0,0,1,1,6,6,3,-1,-1,1685,2,11,HYUNDAI IX35,-1,-1,0,-1
2024430063389,2024,430063389,1,9,0,9,9,5,3,0,0,8,0,0,0,0,0,1,6,6,1,28,6,1685,2,11,HYUNDAI IX35,4,E01014904,0,4
2024141518732,2024,141518732,1,9,0,-1,19,5,1,-1,0,0,0,0,0,0,2,1,-1,2,1,42,7,1685,2,12,HYUNDAI IX35,1,E01007539,0,1
2024131510452,2024,131510452,2,9,0,-1,19,7,3,-1,0,8,0,0,0,0,1,1,-1,9,2,48,8,1685,2,11,HYUNDAI IX35,1,E01011293,0,1
2024101533597,2024,101533597,1,9,0,-1,1,8,4,-1,0,8,0,0,0,0,2,9,-1,6,1,39,7,1685,2,10,HYUNDAI IX35,-1,-1,0,-1
2024401541943,2024,401541943,4,9,0,-1,4,4,8,-1,0,0,0,0,0,0,2,1,-1,6,1,27,6,1685,2,12,HYUNDAI IX35,4,E01015804,0,1
2024501435286,2024,501435286,1,9,0,-1,9,1,6,-1,0,6,0,0,0,0,1,9,-1,6,2,57,9,1995,2,9,HYUNDAI IX35,2,E01018911,0,1
2024311487932,2024,311487932,1,9,0,-1,5,5,3,-1,0,6,0,0,0,0,1,9,-1,6,1,67,10,1685,2,12,HYUNDAI IX35,8,E01028277,0,1
202417S208624,2024,17S208624,1,9,0,-1,19,4,8,-1,0,1,0,0,7,4,1,1,-1,2,1,31,6,1591,1,9,HYUNDAI IX35,1,E01012198,0,1
2024041488825,2024,041488825,1,9,0,-1,19,3,7,-1,0,0,0,0,0,0,1,9,-1,6,1,35,6,1685,2,10,HYUNDAI IX35,4,E01025261,0,1
2024320752672,2024,320752672,2,9,0,-1,-1,5,1,0,0,8,0,0,0,0,1,1,-1,-1,1,30,6,1995,2,13,HYUNDAI IX35,6,E01026264,0,1
2024052401357,2024,052401357,2,9,0,18,19,1,5,0,0,8,0,0,0,0,1,1,2,2,1,35,6,1685,2,9,HYUNDAI IX35,4,E01007109,0,2
2024131436795,2024,131436795,1,9,0,-1,12,7,3,-1,0,8,0,0,0,0,3,1,-1,9,1,35,6,1685,2,11,HYUNDAI IX35,1,E01010782,0,1
2024141405381,2024,141405381,1,9,0,-1,9,5,3,-1,0,1,1,0,0,0,1,1,-1,2,2,45,7,1995,2,9,HYUNDAI IX35,1,E01007856,0,1
2024991520292,2024,991520292,1,9,0,-1,4,4,8,-1,0,1,0,0,0,0,1,1,-1,9,2,72,10,1685,2,13,HYUNDAI IX35,8,-1,0,1
2024010503752,2024,010503752,1,9,0,12,12,3,7,0,0,5,0,0,0,0,3,1,6,6,2,42,7,1591,1,11,HYUNDAI IX35,3,E01003241,0,1
2024991486246,2024,991486246,1,9,0,-1,4,7,3,-1,0,1,0,0,0,0,1,1,-1,6,2,38,7,1685,2,10,HYUNDAI IX35,2,-1,0,1
2024311457624,2024,311457624,1,9,0,-1,19,2,6,-1,0,2,0,0,0,0,1,1,-1,2,1,37,7,1995,2,13,HYUNDAI IX35,8,E01028172,0,1
2024340WN2962,2024,340WN2962,1,9,0,-1,19,4,8,-1,0,2,5,4,7,0,1,1,-1,9,1,89,11,1995,2,9,HYUNDAI IX35,8,E01027279,0,1
2024991537526,2024,991537526,1,9,0,-1,5,7,4,-1,0,6,0,0,0,0,1,9,-1,9,2,34,6,1685,2,11,HYUNDAI IX35,1,-1,0,1
2024070635365,2024,070635365,1,9,0,18,19,1,5,0,0,0,0,0,0,0,1,1,6,6,1,76,11,1685,2,9,HYUNDAI IX35,6,E01018679,0,1
2024622500056,2024,622500056,2,9,0,18,19,3,7,0,0,8,0,0,0,0,1,1,1,1,1,77,11,1685,2,9,HYUNDAI IX35,6,W01001306,0,1
2024552400994,2024,552400994,2,9,0,18,19,3,7,0,0,0,0,0,0,0,2,1,6,6,1,86,11,1685,2,10,HYUNDAI IX35,10,E01015452,0,1
2024622400773,2024,622400773,4,9,0,2,2,0,0,0,0,1,0,0,0,0,1,1,6,6,3,-1,-1,1591,1,10,HYUNDAI IX35,-1,-1,0,-1
2024371536155,2024,371536155,3,9,0,-1,4,3,7,-1,0,0,1,0,0,0,1,1,-1,2,1,61,9,1482,1,1,-1,8,E01030043,0,2
2024440489336,2024,440489336,1,9,0,16,19,5,1,0,0,4,0,9,3,10,1,1,6,6,1,55,8,1482,1,0,-1,4,E01022711,0,4
2024201477420,2024,201477420,2,9,0,-1,5,4,8,-1,0,6,0,0,0,0,1,1,-1,6,1,53,8,1482,1,0,-1,8,E01024235,0,5
2024010518936,2024,010518936,1,9,0,5,5,3,7,0,0,0,0,0,0,0,1,1,1,1,1,40,7,1482,1,0,-1,3,E01034140,0,3
2024501398070,2024,501398070,2,9,0,-1,19,7,3,-1,0,0,2,0,8,0,1,9,-1,9,2,39,7,1951,2,18,LAND ROVER FREELANDER,4,E01018951,0,3
2024010546508,2024,010546508,1,9,0,1,1,3,7,0,0,8,0,0,0,0,4,1,6,6,1,54,8,1796,1,19,LAND ROVER FREELANDER,3,E01000043,0,1
2024302401610,2024,302401610,2,9,0,18,19,8,4,0,0,1,0,0,1,11,1,1,6,6,1,58,9,2179,2,13,LAND ROVER FREELANDER,8,E01008035,0,1
2024501505972,2024,501505972,2,9,0,-1,2,0,0,-1,0,0,0,0,0,0,2,1,-1,6,-1,-1,-1,1951,2,19,LAND ROVER FREELANDER,-1,-1,0,-1
2024101517651,2024,101517651,1,9,0,-1,19,6,2,-1,0,0,0,0,0,0,1,1,-1,6,1,41,7,2179,2,13,LAND ROVER FREELANDER,6,E01020794,0,3
2024141499272,2024,141499272,1,9,0,-1,19,7,3,-1,0,0,0,0,0,0,1,1,-1,6,1,40,7,1951,2,20,LAND ROVER FREELANDER,1,E01007549,0,1
2024131421605,2024,131421605,1,9,0,-1,-1,-1,-1,-1,-1,0,-1,-1,-1,0,-1,1,-1,6,3,-1,-1,1951,2,18,LAND ROVER FREELANDER,-1,-1,0,-1
2024461456710,2024,461456710,1,9,0,-1,19,7,2,-1,0,0,0,0,2,7,1,9,-1,6,2,26,6,2179,2,15,LAND ROVER FREELANDER,3,E01032830,0,3
2024061456961,2024,061456961,1,9,0,-1,5,7,3,-1,9,0,0,0,0,0,1,1,-1,6,2,61,9,2179,2,13,LAND ROVER FREELANDER,8,E01006161,0,3
2024320168723,2024,320168723,1,9,0,-1,-1,2,6,0,0,4,5,0,0,0,2,2,-1,-1,2,58,9,2179,2,12,LAND ROVER FREELANDER,10,E01010169,0,5
2024440038595,2024,440038595,2,9,0,2,2,0,0,0,0,0,0,0,0,0,4,1,6,6,1,-1,-1,2179,2,11,LAND ROVER FREELANDER,-1,-1,0,-1
2024991433245,2024,991433245,1,9,0,-1,19,7,4,-1,0,0,0,0,0,0,1,1,-1,9,2,30,6,2179,2,17,LAND ROVER FREELANDER,1,-1,0,1
2024221414463,2024,221414463,2,9,0,-1,4,7,3,-1,0,0,0,0,0,0,1,9,-1,2,1,68,10,2179,2,17,LAND ROVER FREELANDER,5,E01014060,0,1
2024631433891,2024,631433891,1,9,0,-1,12,5,8,-1,0,0,0,0,0,0,1,1,-1,9,1,70,10,1951,2,19,LAND ROVER FREELANDER,6,W01000471,0,4
2024302401716,2024,302401716,2,9,0,-1,19,5,8,-1,0,8,0,0,0,0,1,1,-1,6,2,53,8,2179,2,16,LAND ROVER FREELANDER,5,E01019480,0,1
2024061450410,2024,061450410,2,9,0,-1,14,-1,-1,-1,4,1,0,1,0,0,4,1,-1,6,2,46,8,2179,2,14,LAND ROVER FREELANDER,1,E01005245,0,1
2024201421485,2024,201421485,2,9,0,-1,3,1,5,-1,0,0,0,0,0,0,0,1,-1,2,2,80,11,2179,2,11,LAND ROVER FREELANDER,5,E01010513,0,2
2024221425382,2024,221425382,2,9,0,-1,4,8,3,-1,0,1,0,0,0,0,2,1,-1,6,1,60,9,2179,2,15,LAND ROVER FREELANDER,5,E01028999,0,1
2024010518603,2024,010518603,2,9,0,99,99,9,9,99,99,9,9,99,9,99,1,9,6,6,3,-1,-1,3200,1,17,LAND ROVER FREELANDER,5,E01001230,0,1
2024520403160,2024,520403160,2,9,0,3,3,8,4,0,0,0,0,0,0,0,2,1,6,6,1,52,8,2179,2,12,LAND ROVER FREELANDER,7,E01029278,0,2
2024501413533,2024,501413533,2,9,0,-1,4,3,7,-1,0,0,0,0,0,0,2,9,-1,9,1,35,6,2179,2,10,LAND ROVER FREELANDER,3,E01015032,0,1
2024440475684,2024,440475684,2,9,0,4,4,7,3,0,0,8,0,0,0,0,2,1,6,6,1,33,6,2179,2,13,LAND ROVER FREELANDER,-1,-1,0,-1
2024161445689,2024,161445689,2,9,0,-1,2,0,0,-1,0,1,0,4,0,0,2,1,-1,6,-1,-1,-1,2179,2,16,LAND ROVER FREELANDER,-1,-1,0,-1
2024411487655,2024,411487655,1,9,0,-1,5,5,1,-1,0,4,0,0,0,0,1,1,-1,6,1,71,10,2179,2,14,LAND ROVER FREELANDER,5,E01021769,0,3
2024520403253,2024,520403253,2,9,0,18,19,6,2,0,0,0,0,0,0,0,2,1,6,6,2,34,6,2179,2,15,LAND ROVER FREELANDER,2,E01029131,0,1
2024041533638,2024,041533638,1,9,0,-1,13,5,1,-1,0,1,0,0,0,0,1,1,-1,7,1,40,7,2179,2,14,LAND ROVER FREELANDER,3,E01025356,0,1
2024430336064,2024,430336064,2,9,0,18,19,3,7,0,0,1,0,0,1,0,1,1,6,6,3,-1,-1,2179,2,16,LAND ROVER FREELANDER,-1,-1,0,-1
2024440026814,2024,440026814,1,9,0,16,19,8,2,0,0,0,0,0,0,0,3,1,6,6,1,37,7,2179,2,14,LAND ROVER FREELANDER,-1,-1,0,-1
2024070495705,2024,070495705,1,9,0,5,5,3,7,0,0,6,0,0,0,0,3,1,6,6,1,77,11,2179,2,12,LAND ROVER FREELANDER,8,E01018721,0,1
2024302401663,2024,302401663,2,9,0,2,2,0,0,0,0,1,0,0,0,0,1,1,1,1,2,62,9,1796,1,21,LAND ROVER FREELANDER,7,E01019634,0,4
2024211487527,2024,211487527,1,9,0,-1,3,1,1,-1,0,0,1,0,0,0,1,1,-1,6,1,31,6,2179,2,12,LAND ROVER FREELANDER,5,E01029367,0,1
2024501451331,2024,501451331,2,9,0,-1,2,0,0,-1,0,3,0,0,0,0,2,1,-1,9,2,32,6,2179,2,11,LAND ROVER FREELANDER,8,E01015134,0,1
2024221423071,2024,221423071,2,9,0,-1,19,3,8,-1,0,8,0,0,0,0,4,9,-1,9,1,67,10,2179,2,17,LAND ROVER FREELANDER,6,E01028851,0,1
2024101504598,2024,101504598,1,9,0,-1,9,8,4,-1,0,1,0,0,0,0,1,1,-1,9,1,77,11,2179,2,11,LAND ROVER FREELANDER,1,E01008735,0,1
2024552400324,2024,552400324,1,9,0,18,19,7,3,0,0,0,0,0,0,0,1,1,6,6,1,24,5,2179,2,12,LAND ROVER FREELANDER,4,E01020506,0,1
2024451452682,2024,451452682,1,9,0,-1,5,8,8,-1,0,4,0,0,0,0,2,1,-1,9,2,62,9,2179,2,17,LAND ROVER FREELANDER,4,E01032858,0,1
2024041411671,2024,041411671,1,9,0,-1,9,1,5,-1,0,1,0,0,0,0,4,1,-1,1,2,30,6,2179,2,15,LAND ROVER FREELANDER,7,E01025317,0,2
2024440082652,2024,440082652,1,9,0,18,19,2,6,0,0,0,2,0,2,4,1,1,6,6,1,37,7,2179,2,16,LAND ROVER FREELANDER,7,E01023235,0,1
2024401475088,2024,401475088,1,9,0,-1,19,-1,-1,-1,0,0,0,0,0,0,1,1,-1,6,3,-1,-1,2179,2,15,LAND ROVER FREELANDER,-1,-1,0,-1
2024552400356,2024,552400356,1,9,0,13,13,4,8,0,0,0,0,0,0,0,4,1,6,6,1,52,8,1951,2,22,LAND ROVER FREELANDER,1,E01015288,0,2
202454C986624,2024,54C986624,1,9,0,18,19,2,6,0,0,0,0,0,0,0,1,1,6,6,1,40,7,1796,1,20,LAND ROVER FREELANDER,3,E01002278,0,5
2024131452055,2024,131452055,1,9,0,-1,4,1,5,-1,0,8,0,0,0,0,2,1,-1,9,2,58,9,2179,2,12,LAND ROVER FREELANDER,7,E01010590,0,3
2024052402529,2024,052402529,3,9,0,9,9,7,5,0,0,8,0,0,0,0,4,1,6,6,1,27,6,2179,2,16,LAND ROVER FREELANDER,1,E01006632,0,1
2024231437819,2024,231437819,2,9,0,-1,7,3,6,-1,0,3,1,0,0,0,4,1,-1,9,1,21,5,1951,2,20,LAND ROVER FREELANDER,7,E01031206,0,3
2024131424987,2024,131424987,1,9,0,-1,19,3,7,-1,0,0,0,0,0,0,1,1,-1,6,3,-1,-1,2179,2,17,LAND ROVER FREELANDER,-1,-1,0,-1
2024221420705,2024,221420705,1,9,0,-1,12,8,5,-1,0,8,0,0,0,0,3,1,-1,6,1,70,10,2179,2,11,LAND ROVER FREELANDER,5,E01035068,0,1
2024545691724,2024,545691724,1,9,0,9,9,2,6,0,0,0,0,0,0,0,4,1,3,7,1,27,6,1997,2,25,LAND ROVER FREELANDER,2,E01032093,0,2
2024010505723,2024,010505723,2,9,0,1,1,4,6,0,0,1,0,99,0,0,9,1,6,6,3,-1,-1,3192,1,18,LAND ROVER FREELANDER,-1,-1,0,-1
2024501397403,2024,501397403,2,9,0,-1,19,1,6,-1,0,0,0,0,0,0,4,1,-1,6,1,68,10,1951,2,19,LAND ROVER FREELANDER,6,E01020276,0,4
2024211508062,2024,211508062,1,9,-1,-1,-1,-1,-1,-1,-1,-1,-1,-1,-1,0,-1,9,-1,1,1,19,4,1951,2,19,LAND ROVER FREELANDER,9,E01014318,0,3
2024522500227,2024,522500227,1,9,0,18,19,6,2,0,0,0,0,0,0,0,1,1,6,6,1,73,10,2179,2,14,LAND ROVER FREELANDER,2,E01010776,0,5
2024631505783,2024,631505783,3,9,0,-1,19,1,5,-1,0,0,0,0,0,0,3,1,-1,9,1,63,9,2179,2,12,LAND ROVER FREELANDER,6,W01000689,0,2
2024161506923,2024,161506923,1,9,0,-1,19,3,7,-1,0,2,5,4,8,0,1,9,-1,6,1,90,11,1951,2,19,LAND ROVER FREELANDER,1,E01013210,0,1
2024461448305,2024,461448305,3,9,0,-1,2,0,0,-1,0,2,0,0,0,0,3,1,-1,6,-1,-1,-1,1951,2,18,LAND ROVER FREELANDER,-1,-1,0,-1
2024351543925,2024,351543925,2,9,0,-1,19,6,2,-1,0,0,0,0,0,0,2,1,-1,6,1,47,8,2179,2,17,LAND ROVER FREELANDER,1,E01018103,0,2
2024311525957,2024,311525957,2,9,0,-1,7,3,3,-1,0,0,0,0,0,0,3,1,-1,2,2,25,5,2179,2,11,LAND ROVER FREELANDER,8,E01034254,0,3
2024440192949,2024,440192949,1,9,0,18,19,7,3,0,0,1,0,0,7,11,1,1,6,6,1,81,11,2179,2,16,LAND ROVER FREELANDER,8,E01017178,0,1
2024991553264,2024,991553264,1,9,0,-1,19,7,2,-1,0,0,0,0,0,0,1,1,-1,9,1,54,8,2179,2,13,LAND ROVER FREELANDER,4,-1,0,3
2024501491144,2024,501491144,1,9,4,-1,19,7,3,-1,0,0,0,0,0,0,1,1,-1,9,1,61,9,1951,2,19,LAND ROVER FREELANDER,2,E01010531,0,5
2024361469822,2024,361469822,2,9,0,-1,19,7,3,-1,0,8,0,0,0,0,3,1,-1,6,1,43,7,2179,2,11,LAND ROVER FREELANDER,3,E01026465,0,4
2024122401133,2024,122401133,1,9,0,18,19,5,1,0,0,0,0,6,0,0,1,1,6,6,1,50,8,1951,2,22,LAND ROVER FREELANDER,5,E01027868,0,3
2024161480364,2024,161480364,2,9,0,-1,1,3,5,-1,0,0,0,0,0,0,2,9,-1,6,1,65,9,2179,2,10,LAND ROVER FREELANDER,8,E01013265,0,1
2024421479592,2024,421479592,1,9,0,-1,4,7,3,-1,0,0,0,0,0,0,1,1,-1,6,1,41,7,2179,2,17,LAND ROVER FREELANDER,9,E01021259,0,2
2024101398992,2024,101398992,1,9,0,-1,19,7,3,-1,0,2,0,0,0,0,1,1,-1,6,1,78,11,1951,2,20,LAND ROVER FREELANDER,1,E01027431,0,1
2024302400664,2024,302400664,1,9,0,18,19,2,6,0,0,0,0,0,7,11,1,1,6,6,2,74,10,2179,2,15,LAND ROVER FREELANDER,10,E01019610,0,1
2024471403527,2024,471403527,2,9,0,-1,3,7,2,-1,0,4,0,0,0,0,1,1,-1,6,1,61,9,1795,1,24,LAND ROVER FREELANDER,8,E01034821,0,1
2024351469664,2024,351469664,1,9,0,-1,19,3,1,-1,0,0,0,0,0,0,2,1,-1,6,2,73,10,2179,2,11,LAND ROVER FREELANDER,7,E01015628,0,1