collision_index,collision_year,collision_ref_no,vehicle_reference,vehicle_type,towing_and_articulation,vehicle_manoeuvre_historic,vehicle_manoeuvre,vehicle_direction_from,vehicle_direction_to,vehicle_location_restricted_lane_historic,vehicle_location_restricted_lane,junction_location,skidding_and_overturning,hit_object_in_carriageway,vehicle_leaving_carriageway,hit_object_off_carriageway,first_point_of_impact,vehicle_left_hand_drive,journey_purpose_of_driver_historic,journey_purpose_of_driver,sex_of_driver,age_of_driver,age_band_of_driver,engine_capacity_cc,propulsion_code,age_of_vehicle,generic_make_model,driver_imd_decile,lsoa_of_driver,escooter_flag,driver_distance_banding
202460Q139980,2024,60Q139980,1,9,0,18,19,1,5,0,0,1,0,0,0,0,1,1,6,6,1,46,8,1951,2,20,LAND ROVER FREELANDER,-1,-1,0,-1
2024501511679,2024,501511679,1,9,0,-1,4,1,5,-1,0,1,0,4,7,2,1,1,-1,9,2,85,11,2179,2,17,LAND ROVER FREELANDER,3,E01018974,0,2
2024131463180,2024,131463180,1,9,0,-1,19,7,3,-1,0,8,0,0,0,0,1,1,-1,6,1,36,7,2179,2,12,LAND ROVER FREELANDER,5,E01011147,0,1
2024631411700,2024,631411700,1,9,0,-1,19,3,8,-1,0,0,5,0,7,10,1,1,-1,2,1,22,5,1951,2,22,LAND ROVER FREELANDER,5,W01000559,0,2
2024461480470,2024,461480470,2,9,0,-1,19,4,8,-1,0,0,0,0,0,0,3,1,-1,1,1,29,6,2179,2,10,LAND ROVER FREELANDER,5,E01024628,0,1
2024101428566,2024,101428566,2,9,0,-1,19,3,7,-1,0,0,0,0,1,0,1,1,-1,9,1,31,6,2179,2,14,LAND ROVER FREELANDER,5,E01020452,0,5
2024371404155,2024,371404155,1,9,0,-1,19,1,6,-1,0,0,0,0,0,0,4,1,-1,6,1,74,10,2179,2,12,LAND ROVER FREELANDER,4,E01030236,0,1
2024302401684,2024,302401684,2,9,0,-1,19,1,5,-1,0,0,0,0,0,0,1,1,-1,6,2,42,7,2179,2,17,LAND ROVER FREELANDER,10,E01019635,0,1
2024161448230,2024,161448230,2,9,0,-1,19,1,5,-1,0,0,0,0,0,0,1,1,-1,6,1,45,7,1951,2,21,LAND ROVER FREELANDER,7,E01026062,0,2
2024440280493,2024,440280493,2,9,0,18,19,8,4,0,0,2,0,0,0,0,1,1,1,1,1,71,10,2179,2,17,LAND ROVER FREELANDER,9,E01028660,0,4
2024010537847,2024,010537847,1,9,0,14,14,7,3,0,0,0,0,0,0,0,1,1,6,6,3,-1,-1,2179,2,16,LAND ROVER FREELANDER,-1,-1,0,-1
2024552401509,2024,552401509,1,9,0,18,19,5,1,0,0,0,0,0,0,0,1,1,6,6,1,56,9,2179,2,16,LAND ROVER FREELANDER,6,E01032114,0,4
2024211457158,2024,211457158,2,9,0,-1,19,5,8,-1,0,8,0,0,0,0,1,1,-1,6,2,51,8,2179,2,17,LAND ROVER FREELANDER,3,E01014364,0,1
2024231442748,2024,231442748,1,9,0,-1,9,5,4,-1,0,6,0,0,0,0,1,1,-1,7,2,34,6,2179,2,14,LAND ROVER FREELANDER,9,E01032231,0,1
2024111415552,2024,111415552,1,9,0,-1,19,1,5,-1,0,0,0,0,0,0,1,1,-1,1,1,42,7,2179,2,13,LAND ROVER FREELANDER,2,E01020700,0,1
2024201494965,2024,201494965,2,9,0,-1,19,6,2,-1,0,0,0,0,0,0,3,9,-1,1,1,43,7,2179,2,17,LAND ROVER FREELANDER,1,E01010031,0,1
2024332400996,2024,332400996,2,9,0,-1,19,2,6,-1,0,8,0,0,0,0,1,1,-1,9,2,42,7,1951,2,18,LAND ROVER FREELANDER,9,E01025948,0,1
2024211544464,2024,211544464,1,9,0,-1,8,2,5,-1,0,5,5,0,0,0,1,1,-1,9,1,77,11,2179,2,14,LAND ROVER FREELANDER,-1,-1,0,-1
2024440543688,2024,440543688,1,9,0,9,9,1,6,0,0,8,0,0,0,0,3,1,6,6,1,71,10,2179,2,14,LAND ROVER FREELANDER,9,E01022828,0,1
2024430147612,2024,430147612,2,9,0,3,3,8,4,0,0,4,0,0,0,0,2,1,6,6,1,50,8,1951,2,22,LAND ROVER FREELANDER,7,E01028490,0,3
2024552401077,2024,552401077,1,9,0,7,7,7,2,0,0,8,0,0,0,0,1,1,6,6,1,72,10,1951,2,22,LAND ROVER FREELANDER,10,E01015455,0,1
2024501487391,2024,501487391,2,9,0,-1,19,7,3,-1,0,8,5,0,2,4,1,1,-1,6,1,64,9,2179,2,15,LAND ROVER FREELANDER,4,E01034852,0,1
2024991517328,2024,991517328,2,9,0,-1,2,0,0,-1,0,0,0,0,0,0,1,1,-1,6,-1,-1,-1,2179,2,18,LAND ROVER FREELANDER,-1,-1,0,-1
2024522401511,2024,522401511,1,9,0,18,19,1,5,0,0,5,0,0,0,0,1,1,6,6,1,47,8,2179,2,14,LAND ROVER FREELANDER,3,E01014811,0,1
2024543648024,2024,543648024,3,9,0,18,19,7,3,0,0,0,0,0,0,0,2,1,6,6,2,33,6,1951,2,18,LAND ROVER FREELANDER,10,E01032097,0,4
2024501435757,2024,501435757,2,9,0,-1,19,3,7,-1,0,0,0,0,0,0,1,1,-1,9,2,59,9,2179,2,17,LAND ROVER FREELANDER,5,E01019947,0,3
2024546328124,2024,546328124,1,9,0,4,4,1,5,0,0,1,0,0,0,0,1,1,6,6,1,19,4,1951,2,20,LAND ROVER FREELANDER,6,E01032076,0,4
2024371411483,2024,371411483,2,9,0,-1,19,1,5,-1,0,0,0,0,0,0,3,1,-1,1,1,26,6,2179,2,14,LAND ROVER FREELANDER,6,E01029907,0,2
2024501409791,2024,501409791,2,9,0,-1,19,6,3,-1,0,8,0,0,0,0,4,1,-1,9,2,52,8,2179,2,14,LAND ROVER FREELANDER,6,E01019030,0,2
2024201428414,2024,201428414,1,9,0,-1,-1,6,2,-1,-1,0,0,0,0,0,1,9,-1,-1,1,56,9,2179,2,10,LAND ROVER FREELANDER,4,E01009245,0,2
2024131414697,2024,131414697,1,9,0,-1,9,7,1,-1,0,5,0,0,0,0,1,1,-1,9,1,79,11,2179,2,16,LAND ROVER FREELANDER,1,E01011540,0,1
2024031476594,2024,031476594,1,9,0,-1,12,3,7,-1,0,0,0,0,0,0,1,1,-1,9,1,83,11,1951,2,21,LAND ROVER FREELANDER,5,E01019306,0,1
2024211468527,2024,211468527,1,9,0,-1,19,2,6,-1,0,0,0,0,0,0,1,1,-1,9,1,75,10,2179,2,11,LAND ROVER FREELANDER,7,E01029613,0,1
2024061420891,2024,061420891,1,9,4,-1,19,5,1,-1,0,1,0,0,0,0,3,1,-1,9,1,34,6,1951,2,18,LAND ROVER FREELANDER,3,E01006370,0,2
2024430613657,2024,430613657,1,9,0,18,19,4,8,0,0,2,0,0,0,0,4,1,6,6,2,70,10,2179,2,15,LAND ROVER FREELANDER,9,E01017752,0,1
2024161535752,2024,161535752,4,9,0,-1,19,3,7,-1,0,1,0,0,0,0,0,1,-1,9,1,81,11,2179,2,12,LAND ROVER FREELANDER,7,E01013100,0,4
2024501443568,2024,501443568,1,9,0,-1,19,5,2,-1,0,0,0,0,0,0,1,1,-1,2,1,59,9,2179,2,15,LAND ROVER FREELANDER,8,E01015122,0,4
2024302400885,2024,302400885,2,9,0,3,3,1,5,0,0,8,0,0,0,0,2,1,6,6,2,69,10,1951,2,18,LAND ROVER FREELANDER,6,E01019477,0,2
2024041400792,2024,041400792,1,9,0,-1,13,1,5,-1,0,1,0,0,0,0,1,1,-1,6,1,26,6,2179,2,12,LAND ROVER FREELANDER,1,E01006871,0,4
2024451472913,2024,451472913,2,9,0,-1,10,8,4,-1,0,0,0,0,0,0,2,9,-1,9,1,55,8,1951,2,19,LAND ROVER FREELANDER,8,E01005737,0,5
2024311424854,2024,311424854,2,9,0,-1,9,4,6,-1,0,1,0,0,0,0,1,1,-1,9,2,29,6,2179,2,17,LAND ROVER FREELANDER,-1,-1,0,-1
2024122400513,2024,122400513,1,9,0,18,19,8,4,0,0,1,0,0,0,0,1,1,6,6,1,70,10,1796,1,20,LAND ROVER FREELANDER,9,E01027845,0,1
2024041496332,2024,041496332,2,9,0,-1,19,5,1,-1,0,0,0,0,0,0,3,1,-1,9,1,62,9,2179,2,11,LAND ROVER FREELANDER,6,E01025279,0,1
2024548880524,2024,548880524,3,9,3,18,19,8,4,0,0,0,0,0,0,0,1,1,6,6,2,44,7,2179,2,13,LAND ROVER FREELANDER,4,E01032104,0,4
2024461427779,2024,461427779,2,9,0,-1,4,6,2,-1,0,0,0,0,0,0,2,9,-1,9,1,68,10,1951,2,18,LAND ROVER FREELANDER,8,E01016148,0,1
2024411525537,2024,411525537,2,9,-1,-1,-1,-1,-1,-1,-1,0,-1,-1,-1,0,2,9,-1,9,1,71,10,2179,2,14,LAND ROVER FREELANDER,3,E01001516,0,1
2024101537608,2024,101537608,6,9,0,-1,19,7,3,-1,0,0,0,0,0,0,1,1,-1,6,1,50,8,2179,2,11,LAND ROVER FREELANDER,-1,-1,0,-1
2024430552578,2024,430552578,2,9,0,3,3,3,7,0,0,0,0,0,0,0,2,1,6,6,3,-1,-1,2179,2,13,LAND ROVER FREELANDER,-1,-1,0,-1
2024211431991,2024,211431991,3,9,0,-1,2,0,0,-1,0,1,0,0,0,0,2,1,-1,6,2,56,9,2179,2,13,LAND ROVER FREELANDER,7,E01029463,0,1
2024131464665,2024,131464665,2,9,0,-1,6,5,2,-1,0,8,0,0,0,0,2,1,-1,9,1,57,9,2179,2,14,LAND ROVER FREELANDER,5,E01011356,0,1
2024991430662,2024,991430662,3,9,0,-1,19,5,1,-1,0,0,0,0,0,0,3,1,-1,6,1,65,9,2179,2,10,LAND ROVER FREELANDER,6,-1,0,4
2024010519356,2024,010519356,2,9,0,99,99,9,9,99,99,0,9,99,9,99,1,9,6,6,1,26,6,2179,2,11,LAND ROVER FREELANDER,6,E01024276,0,3
2024440118957,2024,440118957,1,9,0,18,19,2,6,0,0,1,0,0,0,0,4,1,2,2,1,49,8,1951,2,18,LAND ROVER FREELANDER,1,E01022933,0,2
2024430314027,2024,430314027,1,9,0,5,5,4,8,0,0,1,0,10,2,11,1,1,6,6,2,79,11,2179,2,15,LAND ROVER FREELANDER,9,E01028537,0,2
2024320210416,2024,320210416,1,9,0,-1,-1,1,5,0,0,0,0,0,0,0,1,1,6,6,1,26,6,1951,2,20,LAND ROVER FREELANDER,-1,-1,0,-1
2024041469947,2024,041469947,2,9,0,-1,19,5,1,-1,0,0,0,0,0,0,2,1,-1,9,2,29,6,2179,2,13,LAND ROVER FREELANDER,8,E01025347,0,4
2024531489753,2024,531489753,2,9,0,-1,4,6,2,-1,0,0,0,0,0,0,2,1,-1,9,1,72,10,2179,2,13,LAND ROVER FREELANDER,6,E01022186,0,1
2024451428779,2024,451428779,1,9,0,-1,19,7,3,-1,0,0,0,0,0,0,1,1,-1,9,1,36,7,2179,2,17,LAND ROVER FREELANDER,8,E01030991,0,1
2024421417860,2024,421417860,4,9,0,-1,2,0,0,-1,0,0,0,0,0,0,2,1,-1,6,-1,-1,-1,1951,2,23,LAND ROVER FREELANDER,-1,-1,0,-1
2024221424800,2024,221424800,1,9,0,-1,19,4,8,-1,0,0,0,0,0,0,4,9,-1,6,1,76,11,1795,1,24,LAND ROVER FREELANDER,4,E01029003,0,4
2024340NN3672,2024,340NN3672,2,9,0,-1,19,3,7,-1,0,0,0,0,0,0,1,1,-1,6,1,77,11,2179,2,12,LAND ROVER FREELANDER,5,E01027126,0,1
2024122401304,2024,122401304,1,9,0,5,5,6,2,8,6,0,0,0,0,0,0,1,2,2,1,21,5,2179,2,12,LAND ROVER FREELANDER,7,E01027587,0,1
2024361469416,2024,361469416,2,9,0,-1,19,1,5,-1,0,0,0,0,0,0,2,1,-1,9,1,77,11,2179,2,12,LAND ROVER FREELANDER,7,E01026434,0,4
2024461461794,2024,461461794,1,9,0,-1,19,6,2,-1,0,0,0,0,0,0,3,1,-1,6,2,40,7,2179,2,17,LAND ROVER FREELANDER,4,E01024281,0,1
2024631484283,2024,631484283,2,9,0,-1,19,6,1,-1,0,0,0,0,1,10,1,1,-1,1,1,25,5,1951,2,21,LAND ROVER FREELANDER,4,W01000617,0,1
2024201470301,2024,201470301,3,9,0,-1,2,0,0,-1,0,0,0,0,0,0,2,1,-1,6,2,57,9,1951,2,19,LAND ROVER FREELANDER,2,E01009933,0,1
2024531432896,2024,531432896,1,9,0,-1,19,2,6,-1,0,0,0,0,0,0,1,1,-1,9,1,75,10,2179,2,16,LAND ROVER FREELANDER,6,E01022267,0,3
2024010533519,2024,010533519,2,9,0,18,19,5,1,0,0,0,1,0,1,11,1,1,6,6,1,64,9,2179,2,12,LAND ROVER FREELANDER,-1,-1,0,-1
2024371537209,2024,371537209,2,9,0,-1,19,3,1,-1,0,0,0,0,0,0,0,1,-1,6,1,38,7,2179,2,15,LAND ROVER FREELANDER,5,E01030272,0,1
2024501506623,2024,501506623,1,9,0,-1,19,3,7,-1,0,0,2,0,0,0,1,1,-1,2,1,57,9,1951,2,18,LAND ROVER FREELANDER,5,E01020097,0,2
2024221483469,2024,221483469,2,9,0,-1,1,3,7,-1,0,0,0,0,0,0,2,1,-1,6,1,59,9,2179,2,14,LAND ROVER FREELANDER,4,E01014044,0,2
2024311394885,2024,311394885,1,9,0,-1,9,2,7,-1,0,6,0,0,0,0,3,1,-1,6,1,65,9,2179,2,16,LAND ROVER FREELANDER,1,E01013882,0,1
2024311532746,2024,311532746,2,9,0,-1,2,0,0,-1,0,1,0,0,0,0,2,1,-1,6,-1,-1,-1,2179,2,17,LAND ROVER FREELANDER,-1,-1,0,-1
2024031469801,2024,031469801,1,9,4,-1,7,3,5,-1,0,2,0,0,0,0,4,9,-1,9,1,60,9,2179,2,17,LAND ROVER FREELANDER,-1,-1,0,-1
2024131428080,2024,131428080,4,9,0,-1,2,4,8,-1,9,8,0,0,0,0,1,1,-1,6,-1,-1,-1,2179,2,11,LAND ROVER FREELANDER,-1,-1,0,-1
2024371494158,2024,371494158,2,9,0,-1,19,-1,-1,-1,0,8,0,0,0,0,4,2,-1,2,1,43,7,2179,2,11,LAND ROVER FREELANDER,10,E01030104,0,1
2024522500067,2024,522500067,2,9,4,18,19,4,8,0,0,0,0,0,0,0,1,1,6,6,2,39,7,1951,2,19,LAND ROVER FREELANDER,9,E01014738,0,3
2024471512466,2024,471512466,2,9,0,-1,7,7,1,-1,0,2,0,0,0,0,0,1,-1,6,1,68,10,2179,2,11,LAND ROVER FREELANDER,6,E01021145,0,1
2024552400189,2024,552400189,2,9,0,18,19,7,3,0,0,4,0,0,0,0,1,1,6,6,2,54,8,2179,2,16,LAND ROVER FREELANDER,1,E01015312,0,3
2024320283239,2024,320283239,2,9,0,-1,-1,7,3,0,0,1,0,0,0,0,1,1,6,6,2,76,11,2179,2,10,LAND ROVER FREELANDER,4,E01026259,0,2
2024631438826,2024,631438826,1,9,0,-1,19,7,3,-1,0,0,2,0,2,10,1,1,-1,9,1,61,9,1951,2,23,LAND ROVER FREELANDER,4,W01000589,0,1
2024461402975,2024,461402975,2,9,0,-1,4,3,7,-1,0,1,0,0,0,0,2,1,-1,6,2,70,10,2179,2,16,LAND ROVER FREELANDER,7,E01016094,0,1
2024101403244,2024,101403244,4,9,0,-1,4,5,1,-1,0,0,0,0,0,0,0,1,-1,6,1,35,6,1951,2,18,LAND ROVER FREELANDER,5,E01008386,0,2
2024041399089,2024,041399089,1,9,0,-1,19,8,2,-1,0,1,0,0,0,0,1,1,-1,6,1,-1,-1,2179,2,15,LAND ROVER FREELANDER,1,E01012577,0,1
2024471410941,2024,471410941,1,9,0,-1,6,5,7,-1,0,1,0,0,0,0,3,1,-1,9,1,33,6,2179,2,12,LAND ROVER FREELANDER,10,E01031702,0,1
2024411580857,2024,411580857,2,9,0,-1,19,1,5,-1,0,0,0,0,0,0,1,1,-1,6,1,76,11,1951,2,18,LAND ROVER FREELANDER,6,E01023663,0,1
2024211535692,2024,211535692,2,9,0,-1,4,1,5,-1,0,0,0,0,0,0,1,1,-1,9,1,37,7,2179,2,16,LAND ROVER FREELANDER,4,E01028500,0,5
2024221405235,2024,221405235,2,9,0,-1,2,0,0,-1,0,0,0,0,0,0,2,9,-1,6,1,69,10,1951,2,18,LAND ROVER FREELANDER,6,E01018481,0,4
2024631417265,2024,631417265,1,9,0,-1,7,8,2,-1,0,6,0,0,0,0,1,1,-1,9,1,66,10,2179,2,15,LAND ROVER FREELANDER,4,W01000608,0,1
2024340WN1922,2024,340WN1922,3,9,0,-1,10,4,8,-1,0,1,0,0,0,0,2,1,-1,6,1,57,9,2179,2,17,LAND ROVER FREELANDER,4,E01016717,0,2
2024161456221,2024,161456221,2,9,0,-1,9,3,1,-1,0,1,0,0,0,0,1,1,-1,6,1,60,9,2179,2,13,LAND ROVER FREELANDER,1,E01013084,0,4
2024520402928,2024,520402928,1,9,0,18,19,1,5,0,0,2,0,0,0,0,4,1,6,6,3,-1,-1,2179,2,12,LAND ROVER FREELANDER,-1,-1,0,-1
2024430587255,2024,430587255,2,9,0,18,19,3,7,0,0,0,1,0,1,9,3,1,2,2,2,61,9,2179,2,14,LAND ROVER FREELANDER,9,E01028600,0,1
2024211513758,2024,211513758,2,9,0,-1,14,2,6,-1,0,8,0,0,0,0,3,1,-1,2,2,26,6,2179,2,14,LAND ROVER FREELANDER,-1,-1,0,-1
2024221439635,2024,221439635,1,9,0,-1,5,8,4,-1,0,0,0,0,0,0,3,1,-1,9,1,24,5,2179,2,13,LAND ROVER FREELANDER,5,E01028863,0,4
2024552401435,2024,552401435,3,9,0,18,19,7,3,0,0,0,0,0,0,0,1,1,6,6,1,75,10,2179,2,15,LAND ROVER FREELANDER,7,E01015187,0,4
2024041412788,2024,041412788,2,9,0,-1,19,5,1,-1,0,8,0,0,0,0,4,1,-1,6,3,-1,-1,2179,2,16,LAND ROVER FREELANDER,-1,-1,0,-1
2024131455475,2024,131455475,1,9,0,-1,-1,-1,-1,-1,0,0,-1,-1,-1,-1,1,1,-1,6,3,18,4,1951,2,20,LAND ROVER FREELANDER,-1,-1,0,-1
2024440347575,2024,440347575,2,9,0,18,19,1,5,0,0,0,0,0,0,0,1,1,6,6,3,-1,-1,2179,2,17,LAND ROVER FREELANDER,-1,-1,0,-1
2024031467131,2024,031467131,1,9,0,-1,19,7,3,-1,0,0,0,0,0,0,4,2,-1,6,2,61,9,1951,2,19,LAND ROVER FREELANDER,-1,-1,0,-1
2024031524909,2024,031524909,1,9,0,-1,19,5,2,-1,0,0,5,0,1,0,4,1,-1,2,2,62,9,2179,2,10,LAND ROVER FREELANDER,6,E01019335,0,2
2024052402109,2024,052402109,1,9,0,18,19,3,7,0,0,0,0,0,1,0,1,1,6,6,2,62,9,2179,2,13,LAND ROVER FREELANDER,6,E01025515,0,2
2024471507151,2024,471507151,3,9,0,-1,4,8,4,-1,0,2,0,0,0,0,1,1,-1,6,2,61,9,2179,2,11,LAND ROVER FREELANDER,6,E01031506,0,2
2024471428720,2024,471428720,1,9,0,-1,15,5,1,-1,0,0,0,0,0,0,1,1,-1,9,2,31,6,1951,2,20,LAND ROVER FREELANDER,1,E01016864,0,1
2024122401066,2024,122401066,1,9,0,5,5,5,1,0,0,8,0,0,0,0,3,1,6,6,2,60,9,2179,2,11,LAND ROVER FREELANDER,7,E01027593,0,4
2024461499203,2024,461499203,1,9,0,-1,15,4,8,-1,0,0,0,0,0,0,1,1,-1,9,2,60,9,2179,2,15,LAND ROVER FREELANDER,1,E01016161,0,1
2024520403016,2024,520403016,1,9,0,18,19,1,5,0,0,8,0,0,0,0,4,1,6,6,1,58,9,1951,2,20,LAND ROVER FREELANDER,3,E01032635,0,1
2024340WN4272,2024,340WN4272,2,9,0,-1,19,1,5,-1,0,8,0,0,0,0,4,1,-1,9,1,65,9,2179,2,16,LAND ROVER FREELANDER,9,E01027294,0,1
2024122500121,2024,122500121,2,9,4,17,19,8,5,0,0,0,0,0,0,0,1,1,1,1,1,67,10,2179,2,12,LAND ROVER FREELANDER,6,E01027764,0,3
2024440349232,2024,440349232,1,9,0,9,9,6,2,0,0,8,0,0,0,0,0,1,6,6,1,80,11,2179,2,15,LAND ROVER FREELANDER,5,E01023011,0,1
2024501448698,2024,501448698,2,9,0,-1,19,1,5,-1,0,0,0,0,0,0,1,1,-1,2,1,50,8,2179,2,16,LAND ROVER FREELANDER,5,E01020296,0,3
2024501471825,2024,501471825,1,9,0,-1,19,7,3,-1,0,0,2,0,0,0,2,1,-1,9,2,32,6,1951,2,18,LAND ROVER FREELANDER,3,E01020294,0,2
2024302400568,2024,302400568,2,9,0,18,19,3,7,0,0,8,0,0,0,0,1,1,6,6,1,75,10,2179,2,14,LAND ROVER FREELANDER,3,E01019484,0,1
2024552400855,2024,552400855,1,9,0,4,4,7,3,9,9,0,0,0,1,11,1,1,6,6,1,73,10,2179,2,11,LAND ROVER FREELANDER,8,E01020458,0,3
2024631487364,2024,631487364,2,9,0,-1,19,8,4,-1,0,0,0,0,0,0,3,1,-1,6,1,32,6,2179,2,10,LAND ROVER FREELANDER,5,W01000427,0,2
2024451445453,2024,451445453,2,9,0,-1,19,1,5,-1,0,8,0,0,0,0,1,1,-1,1,1,46,8,2179,2,12,LAND ROVER FREELANDER,6,E01024729,0,4
2024471496542,2024,471496542,1,9,0,-1,7,8,3,-1,0,6,0,0,0,0,3,1,-1,9,1,37,7,2179,2,16,LAND ROVER FREELANDER,2,E01031451,0,1
2024131408618,2024,131408618,2,9,0,-1,19,3,7,-1,0,8,0,0,0,0,0,1,-1,9,1,38,7,1951,2,19,LAND ROVER FREELANDER,1,E01011122,0,1
2024421449800,2024,421449800,1,9,0,-1,10,7,5,-1,0,0,0,0,0,0,4,1,-1,6,2,-1,-1,2179,2,17,LAND ROVER FREELANDER,-1,-1,0,-1
2024141575258,2024,141575258,2,9,0,-1,19,7,3,-1,0,0,0,0,0,0,2,1,-1,6,1,77,11,2179,2,14,LAND ROVER FREELANDER,7,E01007659,0,2
2024520401862,2024,520401862,2,9,0,18,19,2,7,0,0,0,0,0,0,0,4,1,6,6,1,45,7,2179,2,15,LAND ROVER FREELANDER,2,E01029236,0,3
2024340WN2322,2024,340WN2322,2,9,0,-1,19,1,5,-1,0,1,0,0,0,0,4,1,-1,9,1,39,7,2179,2,11,LAND ROVER FREELANDER,6,E01019935,0,5
2024361418658,2024,361418658,2,9,0,-1,20,5,5,-1,0,0,0,0,0,0,3,1,-1,6,2,51,8,2179,2,10,LAND ROVER FREELANDER,6,E01026899,0,1
2024421422798,2024,421422798,2,9,0,-1,19,1,5,-1,0,8,0,0,0,0,1,1,-1,7,1,43,7,2179,2,13,LAND ROVER FREELANDER,7,E01029911,0,3
2024351415408,2024,351415408,2,9,0,-1,4,1,5,-1,0,0,0,0,0,0,2,1,-1,6,1,24,5,1951,2,19,LAND ROVER FREELANDER,5,E01026726,0,4
2024041424314,2024,041424314,2,9,0,-1,19,2,6,-1,0,0,0,0,0,0,1,1,-1,9,2,61,9,2179,2,10,LAND ROVER FREELANDER,10,E01024977,0,1
2024461458601,2024,461458601,1,9,0,-1,19,2,6,-1,0,0,0,0,0,0,3,9,-1,9,2,49,8,2179,2,12,LAND ROVER FREELANDER,7,E01024798,0,1
2024501426187,2024,501426187,2,9,0,-1,2,0,0,-1,0,0,0,0,0,0,2,1,-1,6,-1,-1,-1,1951,2,21,LAND ROVER FREELANDER,-1,-1,0,-1
2024131442390,2024,131442390,1,9,0,-1,19,1,5,-1,0,8,0,0,0,0,3,1,-1,6,2,37,7,2179,2,17,LAND ROVER FREELANDER,8,E01011200,0,1
2024332400354,2024,332400354,3,9,0,-1,4,7,3,-1,0,1,0,0,0,0,2,1,-1,9,1,75,10,2179,2,13,LAND ROVER FREELANDER,9,E01029419,0,4
2024440476443,2024,440476443,1,9,0,18,19,2,6,0,0,0,0,0,0,0,3,1,6,6,1,45,7,1951,2,20,LAND ROVER FREELANDER,4,E01023077,0,1
2024122400947,2024,122400947,3,9,0,18,19,4,8,0,0,8,0,0,0,0,1,1,6,6,1,56,9,2179,2,13,LAND ROVER FREELANDER,9,E01027725,0,2
2024991496943,2024,991496943,2,9,0,-1,19,5,1,-1,0,0,0,0,1,0,1,1,-1,9,1,25,5,2179,2,13,LAND ROVER FREELANDER,6,W01000725,0,5
2024501505650,2024,501505650,1,9,0,-1,10,4,1,-1,0,1,0,0,0,0,3,1,-1,9,2,32,6,2179,2,15,LAND ROVER FREELANDER,5,E01020117,0,1
2024531530519,2024,531530519,1,9,0,-1,7,2,6,-1,0,8,0,0,0,0,2,1,-1,9,2,40,7,2179,2,15,LAND ROVER FREELANDER,6,E01022262,0,3
2024221495846,2024,221495846,2,9,0,-1,2,0,0,-1,0,2,0,0,0,0,3,1,-1,6,2,60,9,2179,2,10,LAND ROVER FREELANDER,9,E01032246,0,1
2024141400408,2024,141400408,2,9,0,-1,19,8,4,-1,0,1,0,0,0,0,1,1,-1,9,2,36,7,3192,1,18,LAND ROVER FREELANDER,2,E01007849,0,1
2024461470786,2024,461470786,1,9,4,-1,7,2,4,-1,0,2,0,0,0,0,3,1,-1,9,1,85,11,2179,2,17,LAND ROVER FREELANDER,6,E01024432,0,1
2024061505313,2024,061505313,1,9,0,-1,8,3,5,-1,0,1,0,0,0,0,4,1,-1,9,1,50,8,2179,2,14,LAND ROVER FREELANDER,-1,-1,0,-1
2024302400388,2024,302400388,2,9,0,7,7,8,1,0,0,8,0,0,0,0,3,1,6,6,1,89,11,2179,2,13,LAND ROVER FREELANDER,7,E01019405,0,1
2024991526283,2024,991526283,2,9,0,-1,2,0,0,-1,0,0,0,0,0,0,2,2,-1,6,-1,-1,-1,2179,2,16,LAND ROVER FREELANDER,-1,-1,0,-1
2024501405153,2024,501405153,2,9,0,-1,19,1,5,-1,0,0,1,0,0,0,3,1,-1,1,2,34,6,2179,2,16,LAND ROVER FREELANDER,6,E01020326,0,3
2024010522421,2024,010522421,1,9,0,9,9,5,3,0,0,1,0,0,0,0,1,1,6,6,1,48,8,2179,2,16,LAND ROVER FREELANDER,2,E01002851,0,1
2024211412599,2024,211412599,1,9,0,-1,19,1,5,-1,0,0,1,0,1,0,1,1,-1,6,2,53,8,2179,2,16,LAND ROVER FREELANDER,5,E01029670,0,3
2024461463012,2024,461463012,2,9,0,-1,5,5,8,-1,0,1,0,0,0,0,3,1,-1,9,1,63,9,1796,1,23,LAND ROVER FREELANDER,2,E01024775,0,3