collision_index,collision_year,collision_ref_no,vehicle_reference,vehicle_type,towing_and_articulation,vehicle_manoeuvre_historic,vehicle_manoeuvre,vehicle_direction_from,vehicle_direction_to,vehicle_location_restricted_lane_historic,vehicle_location_restricted_lane,junction_location,skidding_and_overturning,hit_object_in_carriageway,vehicle_leaving_carriageway,hit_object_off_carriageway,first_point_of_impact,vehicle_left_hand_drive,journey_purpose_of_driver_historic,journey_purpose_of_driver,sex_of_driver,age_of_driver,age_band_of_driver,engine_capacity_cc,propulsion_code,age_of_vehicle,generic_make_model,driver_imd_decile,lsoa_of_driver,escooter_flag,driver_distance_banding
2024302400790,2024,302400790,1,9,0,9,9,6,4,0,0,8,0,0,0,0,1,1,6,6,2,84,11,1951,2,18,LAND ROVER FREELANDER,9,E01019772,0,2
2024371417279,2024,371417279,1,9,0,-1,9,3,7,-1,0,5,1,0,7,0,4,1,-1,9,1,74,10,1796,1,21,LAND ROVER FREELANDER,7,E01029911,0,1
2024440136840,2024,440136840,1,9,0,18,19,8,4,0,0,0,5,0,0,0,1,1,6,6,1,28,6,2179,2,17,LAND ROVER FREELANDER,7,E01018269,0,5
2024161477021,2024,161477021,1,9,0,-1,19,8,4,-1,0,1,0,4,1,0,1,1,-1,6,1,21,5,2179,2,17,LAND ROVER FREELANDER,1,E01034237,0,4
2024461429369,2024,461429369,2,9,0,-1,4,5,1,-1,0,0,0,0,0,0,2,1,-1,9,1,66,10,2179,2,16,LAND ROVER FREELANDER,10,E01015908,0,4
2024430219139,2024,430219139,1,9,0,5,5,1,5,0,0,0,0,0,0,0,3,1,6,6,1,59,9,2179,2,17,LAND ROVER FREELANDER,8,E01028765,0,1
2024552500082,2024,552500082,1,9,0,18,19,8,4,0,0,0,0,0,0,0,1,1,6,6,1,46,8,2179,2,12,LAND ROVER FREELANDER,8,E01015314,0,1
2024052402836,2024,052402836,1,9,0,9,9,5,3,0,0,5,0,0,0,0,1,1,6,6,1,-1,-1,2179,2,16,LAND ROVER FREELANDER,1,E01006552,0,1
2024471441439,2024,471441439,1,9,0,-1,19,4,8,-1,0,1,0,0,0,0,1,9,-1,6,1,20,4,1951,2,19,LAND ROVER FREELANDER,3,E01020941,0,3
2024547932124,2024,547932124,1,9,0,18,19,2,6,0,0,4,0,0,0,0,1,1,6,6,2,64,9,1951,2,19,LAND ROVER FREELANDER,8,E01032041,0,2
2024031533552,2024,031533552,1,9,0,-1,19,6,3,-1,0,0,0,0,0,0,0,1,-1,6,2,39,7,2179,2,15,LAND ROVER FREELANDER,-1,-1,0,-1
2024461453883,2024,461453883,2,9,0,-1,2,1,5,-1,0,0,0,0,0,0,0,1,-1,9,1,27,6,2179,2,16,LAND ROVER FREELANDER,2,E01016024,0,1
2024430050764,2024,430050764,1,9,0,14,14,1,5,0,0,8,0,0,0,0,1,1,2,2,1,45,7,2179,2,12,LAND ROVER FREELANDER,10,E01035753,0,3
2024421450092,2024,421450092,1,9,0,-1,19,1,5,-1,0,0,5,7,0,0,1,1,-1,9,1,59,9,1951,2,18,LAND ROVER FREELANDER,1,E01021988,0,1
2024440027574,2024,440027574,2,9,0,18,19,3,7,0,0,0,0,0,0,0,1,1,2,2,1,54,8,1951,2,19,LAND ROVER FREELANDER,10,E01023239,0,1
2024141462452,2024,141462452,1,9,0,-1,9,8,4,-1,0,6,0,0,3,0,1,1,-1,6,1,29,6,2179,2,13,LAND ROVER FREELANDER,1,E01007851,0,1
2024461534440,2024,461534440,1,9,0,-1,19,5,3,-1,0,0,1,0,7,9,4,1,-1,6,1,39,7,1796,1,19,LAND ROVER FREELANDER,5,E01024427,0,1
2024471476681,2024,471476681,2,9,0,-1,2,5,5,-1,0,0,1,4,0,0,1,1,-1,6,-1,-1,-1,2179,2,13,LAND ROVER FREELANDER,-1,-1,0,-1
2024201424250,2024,201424250,1,9,0,-1,9,2,6,-1,0,5,5,4,7,0,1,1,-1,9,2,35,6,1951,2,22,LAND ROVER FREELANDER,9,E01029677,0,2
2024421532040,2024,421532040,2,9,0,-1,19,6,2,-1,0,0,0,0,0,0,4,1,-1,9,1,62,9,2179,2,18,LAND ROVER FREELANDER,6,E01021355,0,1
2024052402039,2024,052402039,1,9,0,18,19,3,7,0,0,0,0,0,0,0,1,1,6,6,1,-1,-1,2179,2,16,LAND ROVER FREELANDER,-1,-1,0,-1
2024131407777,2024,131407777,1,9,0,-1,9,3,1,-1,0,0,0,0,0,0,1,2,-1,9,1,31,6,1796,1,22,LAND ROVER FREELANDER,2,E01032606,0,1
2024411424452,2024,411424452,2,9,0,-1,19,1,5,-1,0,0,1,0,0,0,3,1,-1,6,1,18,4,2179,2,13,LAND ROVER FREELANDER,10,E01023608,0,1
2024221476114,2024,221476114,2,9,0,-1,4,1,5,-1,0,0,0,0,0,0,2,1,-1,6,1,32,6,2179,2,12,LAND ROVER FREELANDER,4,E01021011,0,5
2024231465436,2024,231465436,1,9,0,-1,19,2,6,-1,0,0,1,0,0,0,1,1,-1,2,1,32,6,2179,2,16,LAND ROVER FREELANDER,3,E01009650,0,2
2024010527696,2024,010527696,1,9,0,99,99,9,9,99,99,9,9,99,9,99,2,9,6,6,2,60,9,2179,2,11,LAND ROVER FREELANDER,2,E01002686,0,1
2024041421213,2024,041421213,1,9,0,-1,19,3,7,-1,0,0,0,0,0,0,1,1,-1,6,-1,-1,-1,2179,2,15,LAND ROVER FREELANDER,-1,-1,0,-1
2024070980522,2024,070980522,2,9,0,-1,9,3,5,-1,0,5,0,0,0,0,3,1,-1,6,2,41,7,2179,2,11,LAND ROVER FREELANDER,8,E01012395,0,1
2024302400326,2024,302400326,2,9,0,2,2,0,0,0,0,0,0,0,0,0,3,1,6,6,3,-1,-1,2179,2,15,LAND ROVER FREELANDER,-1,-1,0,-1
2024061426893,2024,061426893,2,9,0,-1,19,1,5,-1,0,0,0,0,0,0,2,1,-1,6,2,33,6,2179,2,15,LAND ROVER FREELANDER,1,E01004801,0,1
2024302500015,2024,302500015,2,9,0,-1,19,4,8,-1,0,0,0,0,0,0,3,1,-1,9,1,79,11,2179,2,17,LAND ROVER FREELANDER,6,E01019601,0,1
2024320403727,2024,320403727,2,9,0,-1,-1,4,8,0,0,2,0,0,0,0,1,1,6,6,1,45,7,2179,2,16,LAND ROVER FREELANDER,-1,-1,0,-1
2024430494557,2024,430494557,2,4,0,18,19,7,3,0,0,8,1,0,0,0,0,1,2,2,1,44,7,125,1,6,-1,8,E01034451,0,1
2024052402234,2024,052402234,2,9,0,18,19,6,2,0,0,8,0,0,0,0,1,1,6,6,2,65,9,1499,1,8,-1,9,E01006796,0,1
2024302400232,2024,302400232,1,9,0,9,9,7,6,0,0,8,0,0,0,0,1,1,6,6,2,24,5,1499,1,10,-1,8,E01034255,0,2
2024430251965,2024,430251965,3,9,0,3,3,4,8,0,0,1,0,0,0,0,2,1,2,2,1,41,7,1998,1,8,-1,6,E01017710,0,2
2024010551309,2024,010551309,4,9,0,18,19,2,6,0,0,8,0,0,0,0,1,1,6,6,2,60,9,1496,2,10,-1,3,E01002776,0,1
2024471405204,2024,471405204,2,9,0,-1,2,0,0,-1,-1,0,0,0,0,0,2,1,-1,6,-1,-1,-1,1499,1,10,-1,-1,-1,0,-1
2024430506848,2024,430506848,5,9,0,3,3,2,6,0,0,0,0,0,0,0,2,1,6,6,2,45,7,1499,1,10,-1,-1,-1,0,-1
2024141404737,2024,141404737,1,3,0,-1,4,1,1,-1,0,1,0,0,0,0,0,1,-1,6,1,35,6,125,1,3,-1,3,E01008109,0,1
2024161409822,2024,161409822,1,3,0,-1,19,3,7,-1,0,0,1,0,0,0,0,1,-1,1,1,62,9,125,1,4,-1,3,E01013143,0,1
2024991521068,2024,991521068,2,3,0,-1,19,7,3,-1,0,1,0,0,0,0,0,1,-1,2,1,52,8,125,1,6,-1,4,-1,0,1
2024010525303,2024,010525303,1,3,0,99,99,9,9,99,99,9,9,99,9,99,9,1,6,6,1,20,4,125,1,3,-1,2,E01003267,0,2
2024041532621,2024,041532621,2,3,0,-1,19,2,6,-1,0,8,5,0,0,0,3,1,-1,2,1,53,8,125,1,2,-1,1,E01024899,0,1
2024231508391,2024,231508391,1,2,0,-1,19,4,8,-1,0,8,0,0,0,0,1,1,-1,6,1,15,3,49,1,12,OTHER ITALIAN MODEL MISSING,-1,-1,0,-1
202454A586824,2024,54A586824,2,3,0,18,19,1,5,0,0,1,0,0,0,0,1,1,6,6,1,23,5,125,1,25,OTHER ITALIAN MODEL MISSING,5,E01032844,0,4
2024991455068,2024,991455068,1,9,0,-1,19,2,6,-1,0,0,5,0,7,0,1,1,-1,6,1,31,6,349,1,11,OTHER ITALIAN MODEL MISSING,3,-1,0,1
2024430548148,2024,430548148,1,5,0,18,19,2,6,0,0,0,0,0,1,0,4,1,6,6,1,25,5,750,1,54,OTHER ITALIAN MODEL MISSING,7,E01028647,0,3
2024211407342,2024,211407342,2,4,0,-1,5,2,6,-1,0,1,0,0,0,0,1,1,-1,1,1,55,8,124,1,11,OTHER ITALIAN MODEL MISSING,2,E01029809,0,1
2024211475419,2024,211475419,1,4,0,-1,5,1,5,-1,0,1,0,0,0,0,1,1,-1,6,1,64,9,225,1,39,OTHER ITALIAN MODEL MISSING,-1,-1,0,-1
2024221430327,2024,221430327,2,3,0,-1,19,8,4,-1,0,8,0,0,0,0,1,1,-1,6,1,18,4,124,1,4,OTHER ITALIAN MODEL MISSING,7,E01028954,0,3
2024371446339,2024,371446339,2,2,0,-1,4,-1,-1,-1,0,1,0,0,0,0,1,1,-1,9,1,16,4,49,1,6,OTHER ITALIAN MODEL MISSING,6,E01026494,0,2
2024131531796,2024,131531796,1,2,0,-1,19,3,7,-1,0,3,0,0,0,0,1,1,-1,6,1,24,5,125,1,0,OTHER ITALIAN MODEL MISSING,-1,-1,0,-1
2024520401583,2024,520401583,2,2,0,13,13,1,5,0,0,0,0,0,0,0,9,1,6,6,3,-1,-1,49,1,14,OTHER ITALIAN MODEL MISSING,-1,-1,0,-1
2024141420714,2024,141420714,1,3,0,-1,19,5,1,-1,0,1,0,0,0,0,1,1,-1,6,1,20,4,125,1,11,OTHER ITALIAN MODEL MISSING,4,E01007460,0,1
2024070339811,2024,070339811,1,3,0,7,7,5,3,0,0,6,1,0,0,0,0,1,6,6,1,18,4,124,1,10,OTHER ITALIAN MODEL MISSING,7,E01034663,0,1
2024131401553,2024,131401553,2,4,0,-1,19,7,3,-1,0,0,0,0,0,0,3,1,-1,2,1,22,5,426,1,22,OTHER ITALIAN MODEL MISSING,1,E01010958,0,1
2024411411976,2024,411411976,1,3,0,-1,13,5,7,-1,0,1,0,0,0,0,1,1,-1,6,1,25,5,124,1,1,OTHER ITALIAN MODEL MISSING,6,E01023751,0,3
2024610002124,2024,610002124,1,4,0,18,19,2,6,0,0,8,0,0,0,0,4,1,6,6,1,53,8,-1,-1,-1,OTHER ITALIAN MODEL MISSING,5,W01001615,0,1
2024211524013,2024,211524013,1,3,0,-1,19,5,2,-1,0,0,5,0,0,0,1,1,-1,9,1,53,8,125,1,32,OTHER ITALIAN MODEL MISSING,5,E01029399,0,3
2024991458215,2024,991458215,1,4,0,-1,19,5,2,-1,0,4,0,9,0,0,1,1,-1,6,1,37,7,400,1,31,OTHER ITALIAN MODEL MISSING,-1,-1,0,-1
2024320736409,2024,320736409,2,3,0,-1,-1,8,4,0,0,8,5,0,0,0,1,1,-1,-1,1,19,4,-1,-1,-1,OTHER ITALIAN MODEL MISSING,1,E01026384,0,4
2024211428462,2024,211428462,2,3,0,-1,7,6,8,-1,0,1,0,0,0,0,2,1,-1,9,1,19,4,125,1,7,-1,3,E01029527,0,2
2024010531773,2024,010531773,2,3,0,18,19,5,1,0,0,0,2,0,0,0,1,1,6,6,1,23,5,125,1,6,-1,5,E01001276,0,1
2024451486880,2024,451486880,1,3,0,-1,9,7,5,-1,0,0,5,0,0,0,4,1,-1,6,1,18,4,125,1,2,-1,4,E01030913,0,1
2024010491177,2024,010491177,1,5,0,13,13,3,7,0,0,1,0,0,0,0,1,1,2,2,1,34,6,645,1,17,SUZUKI SV 650,1,E01022045,0,4
2024361510974,2024,361510974,2,4,0,-1,19,5,5,-1,0,0,0,0,0,0,1,1,-1,2,1,32,6,645,1,6,SUZUKI SV 650,9,E01026503,0,3
2024421397035,2024,421397035,1,5,0,-1,4,1,5,-1,0,1,1,0,0,0,3,1,-1,2,1,49,8,645,1,11,SUZUKI SV 650,7,E01033720,0,3
2024031507152,2024,031507152,2,5,0,-1,19,2,6,-1,0,1,2,0,0,0,1,1,-1,6,1,57,9,645,1,22,SUZUKI SV 650,4,E01019364,0,1
2024010544567,2024,010544567,2,5,0,18,19,1,5,0,0,0,5,0,0,0,3,1,2,2,1,23,5,645,1,13,SUZUKI SV 650,3,E01021821,0,4
2024471448394,2024,471448394,1,5,0,-1,14,2,6,-1,0,0,0,0,0,0,1,1,-1,9,1,24,5,645,1,23,SUZUKI SV 650,7,E01031746,0,3
2024440514361,2024,440514361,1,4,0,18,19,3,6,0,0,0,1,0,1,10,1,1,1,1,1,20,4,645,1,19,SUZUKI SV 650,5,E01017279,0,2
2024131513172,2024,131513172,2,5,0,-1,19,1,5,-1,0,0,0,0,0,0,2,1,-1,2,1,26,6,645,1,24,SUZUKI SV 650,8,-1,0,5
2024461497046,2024,461497046,2,4,0,-1,19,3,7,-1,0,1,0,0,0,0,1,1,-1,6,1,23,5,645,1,20,SUZUKI SV 650,10,E01024144,0,4
2024371521043,2024,371521043,2,5,0,-1,19,5,1,-1,0,1,0,0,7,0,4,1,-1,9,1,28,6,645,1,1,SUZUKI SV 650,6,E01030154,0,3
2024161440458,2024,161440458,2,5,0,-1,7,1,3,-1,0,2,1,0,0,0,1,1,-1,6,1,47,8,645,1,11,SUZUKI SV 650,1,E01012876,0,2
2024201513659,2024,201513659,2,5,0,-1,3,1,7,-1,0,1,0,0,0,0,2,1,-1,6,1,28,6,645,1,25,SUZUKI SV 650,1,E01009002,0,1
2024221411467,2024,221411467,2,5,0,-1,4,1,6,-1,0,0,1,0,0,0,4,1,-1,6,1,27,6,645,1,18,SUZUKI SV 650,6,E01029571,0,2
2024351457571,2024,351457571,2,5,0,-1,4,3,7,-1,0,1,0,0,0,0,1,1,-1,9,1,21,5,645,1,22,SUZUKI SV 650,6,E01027032,0,3
2024991420453,2024,991420453,1,5,0,-1,19,7,3,-1,0,4,1,0,0,0,4,1,-1,2,1,48,8,645,1,8,SUZUKI SV 650,5,-1,0,1
2024010542472,2024,010542472,1,5,0,7,7,1,3,0,0,5,5,0,0,0,1,1,6,6,1,46,8,645,1,19,SUZUKI SV 650,6,E01000968,0,1
2024471411401,2024,471411401,2,5,0,-1,5,7,3,-1,0,1,0,0,0,0,1,1,-1,2,1,22,5,645,1,10,SUZUKI SV 650,5,E01016966,0,1
2024041439014,2024,041439014,1,5,0,-1,5,5,1,-1,0,4,5,0,0,0,1,1,-1,2,2,44,7,645,1,17,SUZUKI SV 650,8,E01034351,0,3
2024010527927,2024,010527927,1,5,0,18,19,7,3,0,0,1,0,0,0,0,1,1,2,2,1,21,5,645,1,6,SUZUKI SV 650,3,E01000972,0,1
2024010523757,2024,010523757,1,5,0,18,19,7,3,0,0,1,0,0,0,0,1,1,6,6,1,26,6,645,1,6,SUZUKI SV 650,2,E01004304,0,1
2024471526865,2024,471526865,2,5,0,-1,3,1,5,-1,0,1,0,0,0,0,3,1,-1,9,1,24,5,645,1,18,SUZUKI SV 650,9,E01031369,0,1
2024010547983,2024,010547983,1,5,0,13,13,3,7,0,0,2,2,0,5,6,3,1,6,6,1,29,6,645,1,16,SUZUKI SV 650,2,E01003037,0,2
2024451526263,2024,451526263,1,5,0,-1,7,4,6,-1,0,1,0,0,0,0,3,1,-1,2,1,51,8,645,1,19,SUZUKI SV 650,7,E01030660,0,2
2024552401072,2024,552401072,2,5,0,18,19,4,8,0,0,0,0,0,0,0,3,1,2,2,1,28,6,645,1,21,SUZUKI SV 650,6,E01015318,0,1
2024010550394,2024,010550394,1,5,0,15,15,1,5,0,0,0,2,10,0,0,4,1,6,6,1,19,4,645,1,17,SUZUKI SV 650,2,E01000501,0,1
2024991479880,2024,991479880,1,5,0,-1,9,3,8,-1,0,8,5,0,0,0,1,1,-1,9,2,38,7,645,1,6,SUZUKI SV 650,10,-1,0,4
2024401507038,2024,401507038,1,5,0,-1,19,7,3,-1,0,0,2,0,0,0,1,1,-1,6,1,31,6,645,1,22,SUZUKI SV 650,9,E01017439,0,3
2024302401287,2024,302401287,2,5,0,18,19,5,1,0,0,0,0,0,0,0,4,1,2,2,1,37,7,645,1,19,SUZUKI SV 650,5,E01013530,0,1
2024010497259,2024,010497259,2,5,0,18,19,1,5,2,2,1,0,0,0,0,1,1,6,6,1,53,8,6450,1,22,SUZUKI SV 650,1,E01001838,0,1
2024332401000,2024,332401000,1,5,0,-1,7,4,6,-1,0,6,0,0,0,0,1,1,-1,9,2,54,8,645,1,0,SUZUKI SV 650,7,E01025909,0,2
2024471399764,2024,471399764,1,5,0,-1,19,3,7,-1,0,0,0,0,0,0,1,1,-1,1,1,22,5,645,1,22,SUZUKI SV 650,3,E01031559,0,3
2024520403277,2024,520403277,2,5,0,18,19,8,4,0,0,8,0,0,0,0,1,1,6,6,1,19,4,645,1,19,SUZUKI SV 650,5,E01029255,0,1
2024311398511,2024,311398511,2,5,0,-1,15,1,1,-1,0,0,1,0,0,0,1,1,-1,2,1,20,4,645,1,8,SUZUKI SV 650,7,E01019681,0,2
2024631464624,2024,631464624,1,5,0,-1,13,7,2,-1,0,4,0,9,3,10,1,1,-1,9,2,25,5,645,1,8,SUZUKI SV 650,6,W01000802,0,2
2024061491973,2024,061491973,2,5,0,-1,19,6,2,-1,0,1,0,0,0,0,1,1,-1,9,2,45,7,645,1,8,SUZUKI SV 650,2,E01004938,0,2
2024332400796,2024,332400796,2,5,0,-1,19,5,1,-1,0,8,0,0,0,0,1,1,-1,9,1,36,7,645,1,21,SUZUKI SV 650,5,E01025667,0,1
2024141432241,2024,141432241,1,5,0,-1,19,5,1,-1,0,1,2,0,0,0,4,1,-1,2,1,33,6,645,1,22,SUZUKI SV 650,2,E01007784,0,1
2024320480171,2024,320480171,1,5,0,-1,-1,7,3,0,0,0,5,0,1,0,4,1,-1,-1,1,52,8,645,1,6,SUZUKI SV 650,5,E01026373,0,3
2024631402697,2024,631402697,1,3,0,-1,19,6,1,-1,0,0,1,0,8,11,1,1,-1,6,1,16,4,645,1,24,SUZUKI SV 650,3,W01000625,0,1
2024340WN9052,2024,340WN9052,1,5,0,-1,13,3,7,-1,0,0,0,0,7,0,1,1,-1,6,2,19,4,645,1,13,SUZUKI SV 650,7,E01027282,0,2
2024461451111,2024,461451111,2,5,0,-1,14,1,4,-1,0,0,0,0,0,0,3,1,-1,6,1,29,6,645,1,10,SUZUKI SV 650,8,E01016099,0,1
2024010519627,2024,010519627,1,5,0,13,13,4,8,4,4,2,0,0,0,0,1,1,6,6,1,19,4,645,1,20,SUZUKI SV 650,3,E01003299,0,2
2024991438142,2024,991438142,1,5,0,-1,19,3,7,-1,0,1,0,0,0,0,1,1,-1,2,1,26,6,645,1,20,SUZUKI SV 650,1,-1,0,1
2024471532952,2024,471532952,1,5,0,-1,19,7,3,-1,0,0,0,0,0,0,1,1,-1,9,1,28,6,645,1,18,SUZUKI SV 650,7,E01016878,0,1
2024544244424,2024,544244424,1,5,0,18,19,3,7,0,0,8,0,9,7,4,1,1,6,6,1,37,7,645,1,19,SUZUKI SV 650,9,E01015501,0,1
2024041468016,2024,041468016,2,5,0,-1,4,6,2,-1,0,1,0,0,0,0,1,1,-1,9,1,21,5,645,1,17,SUZUKI SV 650,2,E01024951,0,1
2024440042757,2024,440042757,1,5,0,18,19,4,8,0,0,1,0,0,0,0,1,1,6,6,1,39,7,645,1,5,SUZUKI SV 650,10,E01022647,0,3
2024430550706,2024,430550706,2,5,0,18,19,7,3,0,0,0,0,0,0,0,4,1,2,2,1,22,5,645,1,19,SUZUKI SV 650,-1,-1,0,-1
2024010519266,2024,010519266,1,5,0,18,19,5,1,0,0,2,0,0,1,0,1,1,6,6,1,23,5,645,1,2,SUZUKI SV 650,2,E01000858,0,1
2024631448308,2024,631448308,2,5,0,-1,19,2,6,-1,0,1,0,0,7,9,1,1,-1,9,2,29,6,645,1,8,SUZUKI SV 650,9,E01006393,0,5
2024211485593,2024,211485593,2,5,0,-1,3,0,0,-1,0,8,0,0,0,0,1,1,-1,6,1,27,6,645,1,23,SUZUKI SV 650,8,E01029754,0,2
2024010547152,2024,010547152,2,5,0,15,15,3,7,0,0,1,0,0,0,0,4,1,6,6,1,19,4,645,1,20,SUZUKI SV 650,-1,-1,0,-1
2024010513896,2024,010513896,2,5,0,3,3,5,1,0,0,0,0,0,0,0,0,1,6,6,1,28,6,645,1,19,SUZUKI SV 650,3,E01001789,0,1
2024451410920,2024,451410920,1,5,0,-1,4,1,5,-1,0,0,0,0,0,0,1,1,-1,2,1,56,9,645,1,17,SUZUKI SV 650,3,E01030608,0,2
2024371404050,2024,371404050,1,5,0,-1,13,7,4,-1,0,1,0,0,0,0,2,1,-1,6,1,21,5,645,1,24,SUZUKI SV 650,2,E01026717,0,4
2024991485888,2024,991485888,1,5,0,-1,19,1,5,-1,0,0,0,0,0,0,4,1,-1,9,1,28,6,645,1,10,SUZUKI SV 650,3,-1,0,4
2024332400658,2024,332400658,1,5,0,-1,19,8,4,-1,0,0,1,0,0,0,1,1,-1,9,1,40,7,645,1,22,SUZUKI SV 650,-1,-1,0,-1
2024440377579,2024,440377579,1,5,0,18,19,6,2,0,0,0,0,0,0,0,1,1,6,6,1,20,4,645,1,17,SUZUKI SV 650,3,E01022840,0,1
2024440501221,2024,440501221,2,5,0,18,19,1,5,0,0,1,0,0,0,0,1,1,6,6,1,63,9,645,1,12,SUZUKI SV 650,8,E01022586,0,2
2024531434003,2024,531434003,2,5,0,-1,19,5,1,-1,0,1,5,0,0,0,1,1,-1,9,1,27,6,645,1,1,SUZUKI SV 650,7,E01022449,0,4
2024010537146,2024,010537146,2,5,0,18,19,3,7,0,0,0,0,0,0,0,3,1,6,6,1,43,7,645,1,6,SUZUKI SV 650,7,E01004442,0,2
2024552401115,2024,552401115,1,5,0,7,7,2,4,0,0,6,0,0,0,0,3,1,6,6,1,21,5,645,1,21,SUZUKI SV 650,5,E01020577,0,1
2024302401131,2024,302401131,1,5,0,17,19,2,7,0,0,8,1,0,1,0,1,1,6,6,1,31,6,645,1,20,SUZUKI SV 650,5,E01019865,0,2
2024010519887,2024,010519887,3,5,0,14,14,7,3,0,0,1,2,0,0,0,3,1,6,6,1,25,5,645,1,22,SUZUKI SV 650,3,E01004184,0,1
2024501497536,2024,501497536,1,5,0,-1,19,2,6,-1,0,0,1,0,0,0,1,1,-1,2,1,23,5,645,1,19,SUZUKI SV 650,8,E01020133,0,1
2024401488994,2024,401488994,1,5,0,-1,19,5,5,-1,0,0,2,7,1,0,1,1,-1,9,1,20,4,645,1,10,SUZUKI SV 650,-1,-1,0,-1
2024052401266,2024,052401266,2,4,0,18,19,6,2,0,0,8,0,0,0,0,1,1,2,2,1,63,9,645,1,18,SUZUKI SV 650,3,E01007137,0,3
2024361450928,2024,361450928,1,5,0,-1,19,8,5,-1,0,0,0,0,1,0,1,1,-1,9,1,21,5,645,1,22,SUZUKI SV 650,-1,-1,0,-1
2024010533058,2024,010533058,2,5,0,18,19,1,5,0,0,4,2,0,0,0,1,1,1,1,1,28,6,645,1,17,SUZUKI SV 650,-1,-1,0,-1
2024371468174,2024,371468174,2,5,0,-1,19,5,3,-1,0,4,0,0,0,0,0,1,-1,9,2,52,8,645,1,22,SUZUKI SV 650,3,E01030287,0,1
2024421442377,2024,421442377,2,5,0,-1,19,3,7,-1,0,8,2,0,7,0,1,1,-1,9,1,19,4,645,1,23,SUZUKI SV 650,8,E01021566,0,1
2024522402037,2024,522402037,1,5,0,18,19,6,2,0,0,1,0,0,0,0,1,1,6,6,1,54,8,645,1,22,SUZUKI SV 650,7,E01032668,0,2
2024221458644,2024,221458644,2,5,0,-1,19,1,5,-1,0,0,0,0,0,0,1,1,-1,6,1,19,4,645,1,24,SUZUKI SV 650,1,E01009158,0,1
2024461469552,2024,461469552,2,5,0,-1,19,5,3,-1,0,0,0,0,0,0,3,1,-1,1,1,61,9,645,1,13,SUZUKI SV 650,3,E01035295,0,2
2024070726763,2024,070726763,2,5,0,-1,19,4,8,-1,0,1,0,0,0,0,1,1,-1,2,1,52,8,645,1,6,SUZUKI SV 650,1,E01007269,0,4
2024552401177,2024,552401177,1,5,0,18,19,1,5,0,0,8,0,0,0,0,1,1,6,6,1,22,5,645,1,5,SUZUKI SV 650,6,E01034731,0,4
2024141460509,2024,141460509,1,5,0,-1,19,4,8,-1,0,8,0,0,0,0,1,1,-1,9,1,22,5,645,1,22,SUZUKI SV 650,1,E01008096,0,1
2024010507130,2024,010507130,1,5,0,18,19,1,5,0,0,1,5,0,0,0,1,1,6,6,1,26,6,645,1,7,SUZUKI SV 650,1,E01000599,0,1
2024451438031,2024,451438031,1,5,0,-1,19,5,1,-1,0,0,0,12,1,0,1,1,-1,6,1,19,4,645,1,15,SUZUKI SV 650,9,E01031517,0,2
2024201490027,2024,201490027,2,5,0,-1,13,5,4,-1,0,1,0,0,0,0,3,1,-1,9,1,21,5,645,1,20,SUZUKI SV 650,5,E01009895,0,4
2024311494976,2024,311494976,3,5,0,-1,19,7,1,-1,0,1,0,0,0,0,1,1,-1,6,1,19,4,645,1,16,SUZUKI SV 650,-1,-1,0,-1
2024010500986,2024,010500986,1,5,0,5,5,5,1,0,0,8,0,0,0,0,1,1,2,2,1,42,7,645,1,7,SUZUKI SV 650,5,E01003329,0,3
2024122400648,2024,122400648,1,5,0,16,19,8,3,0,0,0,0,0,7,11,1,1,6,6,1,28,6,645,1,20,SUZUKI SV 650,5,E01011728,0,3
2024471498715,2024,471498715,1,5,0,-1,19,7,3,-1,0,1,0,0,0,0,1,1,-1,6,1,21,5,645,1,13,SUZUKI SV 650,4,E01033281,0,5
2024211439329,2024,211439329,1,3,0,-1,19,5,1,-1,0,0,1,7,0,0,3,1,-1,6,1,32,6,645,1,25,SUZUKI SV 650,7,E01029764,0,1
2024421510525,2024,421510525,1,5,0,-1,11,3,7,-1,0,0,0,7,1,0,1,1,-1,2,1,30,6,645,1,10,SUZUKI SV 650,5,E01021762,0,2
2024041445763,2024,041445763,1,5,0,-1,19,5,1,-1,0,0,2,0,0,0,1,1,-1,9,1,65,9,645,1,6,SUZUKI SV 650,7,E01012602,0,3
2024332401125,2024,332401125,2,5,0,-1,7,1,4,-1,0,4,0,0,0,0,3,1,-1,6,1,39,7,645,1,6,SUZUKI SV 650,6,E01031271,0,4
2024351476809,2024,351476809,2,5,0,-1,14,1,5,-1,0,0,1,0,7,0,1,1,-1,6,1,44,7,645,1,17,SUZUKI SV 650,4,E01018146,0,4
2024010531569,2024,010531569,1,5,0,99,99,9,9,0,0,3,2,0,0,0,3,1,6,6,3,58,9,645,1,0,SUZUKI SV 650,10,E01000278,0,2