collision_index,collision_year,collision_ref_no,vehicle_reference,vehicle_type,towing_and_articulation,vehicle_manoeuvre_historic,vehicle_manoeuvre,vehicle_direction_from,vehicle_direction_to,vehicle_location_restricted_lane_historic,vehicle_location_restricted_lane,junction_location,skidding_and_overturning,hit_object_in_carriageway,vehicle_leaving_carriageway,hit_object_off_carriageway,first_point_of_impact,vehicle_left_hand_drive,journey_purpose_of_driver_historic,journey_purpose_of_driver,sex_of_driver,age_of_driver,age_band_of_driver,engine_capacity_cc,propulsion_code,age_of_vehicle,generic_make_model,driver_imd_decile,lsoa_of_driver,escooter_flag,driver_distance_banding
2024451509195,2024,451509195,1,5,0,-1,19,1,5,-1,0,1,0,0,0,0,1,1,-1,9,1,20,4,645,1,10,SUZUKI SV 650,7,E01004164,0,2
2024471462450,2024,471462450,2,5,0,-1,19,5,1,-1,0,0,5,0,0,0,1,1,-1,6,1,27,6,645,1,19,SUZUKI SV 650,1,E01020989,0,1
202417L301024,2024,17L301024,2,3,0,3,3,4,8,0,0,0,0,0,0,0,4,1,6,6,1,32,6,645,1,17,SUZUKI SV 650,4,E01012106,0,1
2024411462969,2024,411462969,1,5,0,-1,13,1,5,-1,0,8,1,0,0,0,1,1,-1,6,1,-1,-1,645,1,19,SUZUKI SV 650,-1,-1,0,-1
2024471461343,2024,471461343,1,5,0,-1,7,3,5,-1,0,8,5,0,0,0,1,1,-1,9,1,21,5,645,1,22,SUZUKI SV 650,5,E01016886,0,1
2024010542505,2024,010542505,2,5,0,99,99,9,9,99,99,0,9,99,9,99,9,1,6,6,3,-1,-1,645,1,6,SUZUKI SV 650,-1,-1,0,-1
2024421498162,2024,421498162,1,5,0,-1,9,7,4,-1,0,4,1,0,0,0,4,1,-1,9,1,43,7,645,1,6,SUZUKI SV 650,7,E01004442,0,4
2024101426098,2024,101426098,1,5,0,-1,19,4,1,-1,0,1,0,0,0,0,1,1,-1,9,1,66,10,645,1,23,SUZUKI SV 650,3,E01032483,0,2
2024461469827,2024,461469827,1,5,0,-1,19,7,3,-1,0,1,0,0,0,0,1,1,-1,6,1,59,9,645,1,9,SUZUKI SV 650,3,E01002278,0,4
2024522402462,2024,522402462,1,5,0,18,19,3,7,2,2,8,0,0,0,0,1,1,6,6,1,32,6,645,1,3,SUZUKI SV 650,4,E01014924,0,1
2024010521975,2024,010521975,2,5,0,18,19,7,3,0,0,1,1,0,0,0,1,1,6,6,1,26,6,645,1,1,SUZUKI SV 650,3,E01003154,0,3
2024332400799,2024,332400799,1,5,0,-1,19,1,5,-1,0,8,0,0,0,0,1,1,-1,9,1,37,7,645,1,17,SUZUKI SV 650,4,E01025894,0,2
2024991459086,2024,991459086,1,5,0,-1,19,2,6,-1,0,0,1,0,7,0,3,1,-1,6,1,22,5,645,1,11,SUZUKI SV 650,5,-1,0,3
2024010513325,2024,010513325,1,5,0,99,99,9,9,99,99,9,9,99,9,99,9,1,2,2,1,26,6,645,1,7,SUZUKI SV 650,3,E01001262,0,1
2024991510429,2024,991510429,1,4,0,-1,15,3,7,-1,0,0,5,0,0,0,3,1,-1,1,1,42,7,645,1,24,SUZUKI SV 650,-1,-1,0,-1
2024440408364,2024,440408364,1,5,0,18,19,4,8,0,0,8,1,0,0,0,0,1,6,6,1,19,4,645,1,16,SUZUKI SV 650,10,E01023211,0,1
2024320155670,2024,320155670,2,9,0,-1,-1,5,2,0,0,1,0,0,0,0,1,1,6,6,1,34,6,2231,2,12,VAUXHALL ANTARA,3,E01026102,0,1
202460Q005715,2024,60Q005715,2,9,0,18,19,3,7,0,0,1,0,0,0,0,1,1,6,6,2,30,6,2231,2,8,VAUXHALL ANTARA,-1,-1,0,-1
2024010533105,2024,010533105,2,9,9,99,99,9,9,99,99,9,9,99,9,99,9,9,6,6,3,-1,-1,2231,2,8,VAUXHALL ANTARA,-1,-1,0,-1
2024991431621,2024,991431621,1,9,0,-1,19,8,4,-1,0,0,5,6,1,6,1,1,-1,6,2,42,7,2231,2,10,VAUXHALL ANTARA,7,-1,0,5
202417L105124,2024,17L105124,2,9,0,-1,9,4,2,-1,0,8,0,0,0,0,0,1,-1,9,1,-1,-1,2231,2,12,VAUXHALL ANTARA,-1,-1,0,-1
2024351420111,2024,351420111,1,9,0,-1,19,2,6,-1,0,0,0,0,0,0,1,1,-1,2,2,61,9,2231,2,11,VAUXHALL ANTARA,10,E01018235,0,3
2024610050724,2024,610050724,2,9,0,18,19,1,5,0,0,0,0,4,0,0,1,1,6,6,1,67,10,2231,2,11,VAUXHALL ANTARA,2,W01001529,0,1
2024991418938,2024,991418938,2,9,0,-1,19,8,4,-1,0,0,0,0,0,0,1,1,-1,9,2,56,9,2231,2,10,VAUXHALL ANTARA,6,-1,0,3
2024552401081,2024,552401081,2,9,0,3,3,4,8,0,0,0,0,0,0,0,2,1,6,6,2,35,6,2231,2,11,VAUXHALL ANTARA,4,E01020589,0,1
2024052400654,2024,052400654,1,9,0,18,19,3,7,0,0,1,0,0,0,0,1,1,6,6,1,64,9,2231,2,11,VAUXHALL ANTARA,7,E01007315,0,1
2024440073732,2024,440073732,2,9,0,18,19,5,1,0,0,1,0,0,0,0,4,1,6,6,2,49,8,2231,2,12,VAUXHALL ANTARA,4,E01017087,0,1
2024361476019,2024,361476019,1,9,0,-1,19,3,7,-1,0,8,0,0,0,0,1,9,-1,6,1,25,5,1991,2,17,VAUXHALL ANTARA,4,E01026638,0,1
2024471411015,2024,471411015,1,9,0,-1,19,3,7,-1,0,0,0,0,0,0,1,1,-1,9,2,35,6,2231,2,12,VAUXHALL ANTARA,5,E01021113,0,4
2024320126333,2024,320126333,2,9,0,4,4,2,6,0,0,0,0,0,0,0,2,1,-1,-1,2,32,6,2231,2,10,VAUXHALL ANTARA,4,E01026389,0,3
2024461405022,2024,461405022,2,9,0,-1,4,6,2,-1,0,0,0,0,0,0,2,1,-1,6,2,42,7,2384,1,12,VAUXHALL ANTARA,9,E01000455,0,2
2024211441054,2024,211441054,1,9,0,-1,11,4,1,-1,0,4,0,0,0,0,4,9,-1,6,1,74,10,2231,2,9,VAUXHALL ANTARA,6,E01029596,0,4
2024320104906,2024,320104906,1,9,0,9,9,3,1,0,0,6,0,0,0,0,1,1,-1,-1,2,37,7,2231,2,10,VAUXHALL ANTARA,6,E01026020,0,1
2024221424967,2024,221424967,1,9,0,-1,3,8,4,-1,0,2,0,0,0,0,3,9,-1,9,2,45,7,2231,2,12,VAUXHALL ANTARA,4,E01028880,0,3
2024991526283,2024,991526283,3,9,0,-1,2,0,0,-1,0,0,0,0,0,0,2,2,-1,6,-1,-1,-1,2231,2,11,VAUXHALL ANTARA,-1,-1,0,-1
2024991442381,2024,991442381,1,9,0,-1,7,4,7,-1,0,5,0,0,0,0,4,1,-1,6,1,27,6,2231,2,11,VAUXHALL ANTARA,-1,-1,0,-1
2024451401114,2024,451401114,1,9,0,-1,4,1,6,-1,0,0,0,0,0,0,2,1,-1,2,2,45,7,2231,2,11,VAUXHALL ANTARA,7,E01023125,0,1
2024070297975,2024,070297975,1,9,0,5,5,3,7,0,0,1,0,0,0,0,1,1,6,6,1,35,6,1991,2,16,VAUXHALL ANTARA,1,E01012537,0,1
2024440519839,2024,440519839,2,9,0,3,3,4,5,0,0,1,0,0,0,0,2,1,2,2,2,24,5,1991,2,14,VAUXHALL ANTARA,3,E01017195,0,4
2024622400879,2024,622400879,1,9,0,18,19,8,4,0,0,0,0,0,0,0,1,1,6,6,2,45,7,1991,2,14,VAUXHALL ANTARA,1,W01001807,0,2
2024610026424,2024,610026424,1,9,0,18,19,5,1,0,0,8,0,0,0,0,1,1,1,1,1,64,9,2231,2,11,VAUXHALL ANTARA,-1,-1,0,-1
2024548313824,2024,548313824,1,9,0,18,19,6,2,0,0,0,0,0,7,1,1,1,1,1,2,52,8,2231,2,12,VAUXHALL ANTARA,-1,-1,0,-1
2024552400588,2024,552400588,2,9,0,2,2,0,0,0,0,0,0,0,0,0,3,1,6,6,2,30,6,2231,2,11,VAUXHALL ANTARA,4,E01015328,0,2
2024501401401,2024,501401401,2,9,0,-1,3,8,4,-1,0,1,0,0,0,0,2,1,-1,9,1,39,7,1991,2,15,VAUXHALL ANTARA,6,E01034859,0,1
2024461486878,2024,461486878,1,9,0,-1,19,1,5,-1,0,2,0,0,0,0,1,1,-1,9,2,34,6,2231,2,10,VAUXHALL ANTARA,4,E01016074,0,4
2024361437526,2024,361437526,1,9,0,-1,19,5,1,-1,0,0,0,0,0,0,1,1,-1,7,1,39,7,2231,2,11,VAUXHALL ANTARA,6,E01026862,0,1
2024320281339,2024,320281339,1,9,0,-1,-1,1,5,9,9,5,0,0,0,0,1,1,6,6,1,34,6,2231,2,10,VAUXHALL ANTARA,-1,-1,0,-1
2024320533279,2024,320533279,1,9,0,-1,-1,7,3,0,0,0,0,0,0,0,1,1,6,6,1,70,10,2231,2,11,VAUXHALL ANTARA,1,E01026094,0,1
2024991491732,2024,991491732,2,9,0,-1,19,4,8,-1,0,1,0,0,0,0,1,1,-1,9,1,64,9,2231,2,11,VAUXHALL ANTARA,10,-1,0,4
202417M114824,2024,17M114824,2,9,0,-1,9,6,4,-1,0,8,0,0,0,0,1,1,-1,9,1,25,5,1991,2,15,VAUXHALL ANTARA,-1,-1,0,-1
2024991484449,2024,991484449,3,9,0,-1,19,7,4,-1,0,1,0,0,0,0,1,1,-1,6,1,45,7,2231,2,11,VAUXHALL ANTARA,2,-1,0,1
2024332400060,2024,332400060,1,9,0,-1,19,1,5,-1,0,0,0,0,7,11,1,1,-1,6,1,47,8,1991,2,14,VAUXHALL ANTARA,10,E01025774,0,4
2024451420135,2024,451420135,1,9,0,-1,19,1,5,-1,0,1,0,0,0,0,1,1,-1,7,2,27,6,1991,2,17,VAUXHALL ANTARA,6,E01030598,0,1
2024421415869,2024,421415869,1,9,0,-1,9,8,6,-1,0,0,0,0,0,0,1,1,-1,9,1,74,10,2231,2,11,VAUXHALL ANTARA,5,E01021640,0,2
2024461513241,2024,461513241,2,9,0,-1,19,7,3,-1,0,0,0,0,0,0,2,1,-1,2,2,34,6,2231,2,11,VAUXHALL ANTARA,9,E01016073,0,2
2024430055942,2024,430055942,2,9,0,18,19,4,8,0,0,8,0,0,0,0,1,1,2,2,2,56,9,2231,2,12,VAUXHALL ANTARA,8,E01028603,0,2
2024101440279,2024,101440279,3,9,0,-1,19,7,3,-1,0,8,0,0,0,0,3,1,-1,9,2,30,6,2231,2,10,VAUXHALL ANTARA,3,E01008462,0,1
2024041541280,2024,041541280,2,9,0,-1,4,3,7,-1,0,0,0,0,0,0,2,1,-1,7,1,32,6,2231,2,10,VAUXHALL ANTARA,1,E01025286,0,1
2024041485200,2024,041485200,1,9,0,-1,19,5,1,-1,0,0,0,0,0,0,1,1,-1,6,2,42,7,2231,2,12,VAUXHALL ANTARA,3,E01012726,0,1
2024411521614,2024,411521614,1,9,-1,-1,-1,-1,-1,-1,-1,0,-1,-1,-1,0,-1,9,-1,6,3,-1,-1,2231,2,12,VAUXHALL ANTARA,-1,-1,0,-1
2024070533546,2024,070533546,1,9,0,10,10,5,3,0,0,1,0,0,0,0,3,1,6,6,1,37,7,2231,2,11,VAUXHALL ANTARA,1,E01012546,0,1
2024351463774,2024,351463774,1,9,0,-1,19,1,5,-1,0,0,0,0,7,0,1,1,-1,6,1,21,5,2231,2,12,VAUXHALL ANTARA,10,E01018134,0,2
2024461425969,2024,461425969,2,9,0,-1,19,6,2,-1,0,0,0,0,0,0,1,1,-1,6,1,60,9,2231,2,11,VAUXHALL ANTARA,2,E01024684,0,4
2024340WN3972,2024,340WN3972,1,9,0,-1,19,2,6,-1,0,4,0,0,0,0,1,1,-1,6,1,56,9,2231,2,11,VAUXHALL ANTARA,7,E01027277,0,1
2024430351845,2024,430351845,1,9,0,18,19,3,7,0,0,0,1,0,0,0,1,1,6,6,1,53,8,2231,2,11,VAUXHALL ANTARA,8,E01028765,0,3
2024010513721,2024,010513721,1,9,0,9,9,1,6,0,0,1,0,0,0,0,1,1,6,6,1,51,8,2231,2,8,VAUXHALL ANTARA,6,E01009645,0,5
2024052400890,2024,052400890,1,9,0,18,19,7,3,0,0,0,0,4,7,11,1,1,6,6,1,79,11,2231,2,11,VAUXHALL ANTARA,3,E01006654,0,2
2024320417783,2024,320417783,2,9,0,-1,-1,8,4,0,0,0,0,0,1,0,1,1,6,6,1,67,10,1991,2,16,VAUXHALL ANTARA,6,E01026316,0,2
2024041492650,2024,041492650,2,9,0,-1,19,1,1,-1,9,2,0,0,3,11,1,1,-1,2,1,51,8,2231,2,10,VAUXHALL ANTARA,3,E01012699,0,1
2024311416054,2024,311416054,1,9,0,-1,19,4,8,-1,0,1,0,0,0,0,1,1,-1,6,2,30,6,2231,2,11,VAUXHALL ANTARA,6,E01028171,0,1
2024131419996,2024,131419996,2,9,0,-1,19,3,7,-1,0,8,0,0,0,0,1,1,-1,6,1,61,9,2231,2,11,VAUXHALL ANTARA,5,E01010870,0,1
2024010523676,2024,010523676,2,9,0,99,99,9,9,99,99,9,9,99,9,99,9,9,6,6,3,-1,-1,2231,2,12,VAUXHALL ANTARA,-1,-1,0,-1
2024161419545,2024,161419545,2,9,0,-1,2,0,0,-1,9,0,0,0,0,0,2,1,-1,6,-1,-1,-1,1991,2,16,VAUXHALL ANTARA,-1,-1,0,-1
2024122400902,2024,122400902,2,9,0,18,19,4,8,0,0,1,0,0,0,0,4,1,6,6,2,49,8,2231,2,10,VAUXHALL ANTARA,8,E01027702,0,2
2024231513301,2024,231513301,1,9,0,-1,19,1,5,-1,0,0,0,0,0,0,4,1,-1,9,2,43,7,2231,2,8,VAUXHALL ANTARA,9,E01031039,0,1
2024351549619,2024,351549619,2,9,0,-1,19,8,4,-1,0,0,0,0,0,0,1,1,-1,6,2,46,8,2231,2,12,VAUXHALL ANTARA,3,E01018090,0,1
2024351411555,2024,351411555,2,9,0,-1,8,-1,-1,-1,0,0,-1,0,0,0,1,9,-1,9,2,-1,-1,2231,2,11,VAUXHALL ANTARA,2,E01035540,0,1
2024041431992,2024,041431992,3,9,0,-1,8,1,3,-1,0,4,0,0,0,0,0,1,-1,6,-1,-1,-1,2231,2,12,VAUXHALL ANTARA,-1,-1,0,-1
2024010514977,2024,010514977,1,9,0,17,19,3,7,0,0,0,0,10,1,2,1,1,6,6,1,33,6,2231,2,12,VAUXHALL ANTARA,6,E01003663,0,2
2024041429792,2024,041429792,3,9,0,-1,4,5,1,-1,0,0,1,0,0,0,1,1,-1,9,1,65,9,2231,2,11,VAUXHALL ANTARA,-1,-1,0,-1
2024991538329,2024,991538329,1,9,0,-1,19,1,5,-1,0,0,0,0,0,0,1,1,-1,1,1,37,7,-1,-1,-1,-1,5,-1,0,1
2024471500946,2024,471500946,2,9,0,-1,19,-1,-1,-1,0,1,1,0,0,0,1,1,-1,6,1,52,8,-1,-1,-1,-1,6,E01021079,0,3
2024131417421,2024,131417421,1,11,0,-1,19,3,3,-1,0,1,0,4,0,0,4,1,-1,1,1,50,8,10837,2,6,-1,2,E01011250,0,3
2024071031263,2024,071031263,2,11,0,-1,19,8,4,-1,0,0,0,0,0,0,1,1,-1,1,1,71,10,10837,2,6,-1,7,E01028889,0,4
2024010539810,2024,010539810,1,11,0,18,19,1,5,0,0,1,0,0,0,0,0,1,1,1,1,62,9,4500,2,8,WRIGHTBUS NB4L,-1,-1,0,-1
2024010550341,2024,010550341,1,11,0,5,5,0,5,0,0,2,0,0,0,0,0,1,6,6,1,28,6,4500,2,8,WRIGHTBUS NB4L,7,E01003287,0,3
2024010501273,2024,010501273,1,11,0,18,19,5,1,0,0,2,0,0,0,0,1,1,1,1,1,44,7,4461,2,10,WRIGHTBUS NB4L,3,E01000127,0,3
2024010516887,2024,010516887,1,11,0,4,4,7,3,0,0,1,0,0,0,0,0,1,1,1,1,30,6,4500,2,9,WRIGHTBUS NB4L,2,E01001777,0,1
2024010529665,2024,010529665,1,11,0,5,5,7,3,0,0,2,0,0,0,0,0,1,1,1,1,30,6,4500,2,9,WRIGHTBUS NB4L,2,E01003557,0,2
2024010505427,2024,010505427,1,11,0,18,19,1,5,2,2,8,0,0,0,0,0,1,1,1,1,35,6,4500,2,7,WRIGHTBUS NB4L,5,E01032785,0,3
2024010541646,2024,010541646,1,11,0,18,19,3,7,3,2,2,0,0,0,0,1,1,1,1,1,45,7,4461,2,10,WRIGHTBUS NB4L,3,E01001372,0,1
2024481503867,2024,481503867,1,11,0,-1,19,3,7,-1,0,1,0,0,0,0,0,1,-1,1,1,62,9,4500,2,9,WRIGHTBUS NB4L,-1,-1,0,-1
2024010508111,2024,010508111,1,11,0,11,11,5,1,2,2,8,0,0,0,0,1,1,1,1,1,46,8,4500,2,8,WRIGHTBUS NB4L,4,E01003343,0,2
2024010537375,2024,010537375,1,11,0,4,4,5,1,2,2,0,0,0,0,0,0,1,1,1,1,59,9,4500,2,9,WRIGHTBUS NB4L,4,E01002098,0,1
2024010506358,2024,010506358,2,11,0,18,19,3,7,2,2,1,0,0,0,0,4,1,6,6,1,23,5,4500,2,7,WRIGHTBUS NB4L,6,E01003359,0,4
2024010528073,2024,010528073,2,11,0,4,4,5,1,0,0,1,0,0,0,0,1,1,1,1,1,62,9,4461,2,10,WRIGHTBUS NB4L,2,E01000049,0,3
2024010526238,2024,010526238,1,11,0,3,3,3,7,0,0,0,0,0,0,0,0,1,1,1,1,46,8,4461,2,11,WRIGHTBUS NB4L,3,E01003015,0,2
2024010543541,2024,010543541,1,11,0,12,12,3,7,0,0,1,0,0,0,0,1,1,1,1,1,51,8,4500,2,9,WRIGHTBUS NB4L,5,E01000071,0,1
2024010548811,2024,010548811,1,11,0,18,19,1,5,0,0,8,0,0,1,0,0,1,1,1,1,36,7,4461,2,10,WRIGHTBUS NB4L,3,E01033491,0,1
2024010518317,2024,010518317,1,11,0,18,19,7,3,2,2,0,0,0,0,0,0,1,1,1,1,62,9,4500,2,9,WRIGHTBUS NB4L,2,E01034477,0,1
2024010551477,2024,010551477,1,11,0,3,3,5,1,0,0,1,0,0,0,0,1,1,6,6,2,51,8,4500,2,8,WRIGHTBUS NB4L,3,E01003154,0,1
2024010518254,2024,010518254,1,11,0,18,19,6,2,0,0,0,0,0,0,0,0,1,6,6,1,64,9,4500,2,9,WRIGHTBUS NB4L,4,E01002346,0,4
2024010542240,2024,010542240,1,11,0,5,5,4,8,0,0,0,0,0,0,0,0,1,1,1,1,55,8,4500,2,10,WRIGHTBUS NB4L,3,E01004044,0,1
2024010498527,2024,010498527,1,11,0,18,19,5,1,0,0,8,0,0,0,0,1,1,1,1,1,62,9,4500,2,9,WRIGHTBUS NB4L,-1,-1,0,-1
2024481557913,2024,481557913,1,11,0,-1,19,5,1,-1,0,2,0,0,0,0,4,1,-1,1,1,59,9,4500,2,9,WRIGHTBUS NB4L,-1,-1,0,-1
2024010506900,2024,010506900,2,11,0,5,5,3,7,0,0,1,0,0,0,0,1,1,1,1,1,30,6,4461,2,11,WRIGHTBUS NB4L,6,E01002628,0,3
2024010529179,2024,010529179,1,11,9,99,99,9,9,99,99,0,9,99,9,99,9,9,6,6,3,-1,-1,4500,2,8,WRIGHTBUS NB4L,-1,-1,0,-1
2024010509140,2024,010509140,1,11,0,7,7,3,6,2,2,0,0,0,0,0,0,1,1,1,1,64,9,4461,2,10,WRIGHTBUS NB4L,-1,-1,0,-1
2024010519528,2024,010519528,1,11,0,3,3,1,5,0,0,1,0,0,0,0,0,1,1,1,1,53,8,4500,2,9,WRIGHTBUS NB4L,2,E01001979,0,1
2024010549206,2024,010549206,1,11,0,18,19,5,1,0,0,1,0,0,3,0,1,1,1,1,1,41,7,4500,2,8,WRIGHTBUS NB4L,2,E01004524,0,1
2024010529237,2024,010529237,1,11,0,5,5,1,5,2,2,1,0,0,0,0,0,1,1,1,1,49,8,4500,2,9,WRIGHTBUS NB4L,2,E01003041,0,1
2024010549777,2024,010549777,1,11,0,9,9,1,7,0,0,8,0,0,0,0,1,1,6,6,1,29,6,4500,2,9,WRIGHTBUS NB4L,8,E01003655,0,2
2024010532436,2024,010532436,1,11,0,4,4,7,3,0,0,1,0,0,0,0,0,1,1,1,1,54,8,4461,2,10,WRIGHTBUS NB4L,4,E01001903,0,1
2024010518223,2024,010518223,6,11,0,18,19,1,5,0,0,1,0,0,0,0,1,1,6,6,1,72,10,4500,2,8,WRIGHTBUS NB4L,5,E01003083,0,3
2024010536502,2024,010536502,2,11,0,18,19,1,5,0,0,0,0,0,0,0,3,1,6,6,1,60,9,4500,2,9,WRIGHTBUS NB4L,4,E01003695,0,4
2024010522380,2024,010522380,2,11,0,18,19,7,3,2,2,0,0,0,0,0,3,1,1,1,1,54,8,4461,2,10,WRIGHTBUS NB4L,4,E01001768,0,1
2024010539506,2024,010539506,1,11,0,5,5,3,7,0,0,1,0,0,1,0,0,1,1,1,1,58,9,4461,2,10,WRIGHTBUS NB4L,10,E01002476,0,3
2024010542460,2024,010542460,1,11,0,5,5,5,1,0,0,5,0,0,0,0,0,1,1,1,1,60,9,4500,2,8,WRIGHTBUS NB4L,2,E01003049,0,2
2024010531137,2024,010531137,1,11,0,18,19,5,1,0,0,0,0,0,0,0,0,1,1,1,1,58,9,4500,2,9,WRIGHTBUS NB4L,3,E01004333,0,3
2024010529146,2024,010529146,1,11,0,5,5,3,7,2,2,2,0,0,0,0,4,1,1,1,1,19,4,4500,2,9,WRIGHTBUS NB4L,3,E01004448,0,2
2024010547874,2024,010547874,1,11,0,18,19,1,5,3,2,1,0,0,0,0,0,1,1,1,1,40,7,4461,2,10,WRIGHTBUS NB4L,2,E01033926,0,2
2024010525728,2024,010525728,1,11,0,4,4,5,1,0,0,1,0,0,0,0,0,1,1,1,1,51,8,4500,2,9,WRIGHTBUS NB4L,3,E01003089,0,1
2024010543430,2024,010543430,2,11,0,18,19,7,3,0,0,0,0,0,0,0,2,1,1,1,1,48,8,4500,2,9,WRIGHTBUS NB4L,5,E01033786,0,1
2024010527598,2024,010527598,1,11,0,4,4,7,3,1,1,2,0,0,0,0,3,1,1,1,1,72,10,4500,2,9,WRIGHTBUS NB4L,5,E01004580,0,3
2024010550828,2024,010550828,1,11,0,5,5,3,7,2,2,2,0,0,0,0,0,1,1,1,1,48,8,4461,2,10,WRIGHTBUS NB4L,6,E01002371,0,3
2024010504226,2024,010504226,1,11,0,5,5,7,3,0,0,1,0,0,0,0,0,1,1,1,1,68,10,4461,2,10,WRIGHTBUS NB4L,6,E01001408,0,2
2024010506321,2024,010506321,1,11,0,5,5,3,7,0,0,1,0,0,0,0,0,1,1,1,2,37,7,4500,2,8,WRIGHTBUS NB4L,4,E01030709,0,3
2024010531651,2024,010531651,1,11,0,18,19,3,7,2,2,1,0,0,0,0,0,1,1,1,1,39,7,4500,2,9,WRIGHTBUS NB4L,3,E01034204,0,2
2024010531862,2024,010531862,1,11,0,4,4,1,5,0,0,0,0,0,0,0,0,1,1,1,1,49,8,4461,2,11,WRIGHTBUS NB4L,5,E01004564,0,1
2024010538015,2024,010538015,1,11,0,5,5,0,1,0,0,0,0,0,0,0,0,1,1,1,1,56,9,4500,2,9,WRIGHTBUS NB4L,2,E01000550,0,1
2024010511795,2024,010511795,1,11,0,5,5,3,7,2,2,1,0,0,0,0,0,1,1,1,2,39,7,4461,2,10,WRIGHTBUS NB4L,3,E01001825,0,1
2024010536614,2024,010536614,1,11,9,99,99,9,9,99,99,0,9,99,9,99,9,9,6,6,1,44,7,4461,2,10,WRIGHTBUS NB4L,4,E01004228,0,2
2024010537038,2024,010537038,1,11,0,4,4,2,6,2,2,1,0,0,0,0,0,1,6,6,2,40,7,4500,2,9,WRIGHTBUS NB4L,2,E01034476,0,2
2024010547341,2024,010547341,1,11,0,18,19,5,1,0,0,1,0,0,0,0,3,1,1,1,1,52,8,4500,2,8,WRIGHTBUS NB4L,2,E01003633,0,2
2024010512215,2024,010512215,1,11,0,18,19,5,1,2,2,1,0,0,0,0,1,1,6,6,1,50,8,4500,2,9,WRIGHTBUS NB4L,4,E01001704,0,3
2024010544522,2024,010544522,1,11,0,18,19,7,3,0,0,1,0,0,0,0,4,1,1,1,1,52,8,4461,2,11,WRIGHTBUS NB4L,4,E01003043,0,1
2024010505924,2024,010505924,1,11,0,5,5,1,5,2,2,2,0,0,0,0,0,1,6,6,1,58,9,4500,2,8,WRIGHTBUS NB4L,5,E01001157,0,2
2024010527386,2024,010527386,2,11,0,4,4,5,1,0,0,0,0,0,1,0,0,1,1,1,1,49,8,4500,2,8,WRIGHTBUS NB4L,5,E01034036,0,2
2024010502614,2024,010502614,1,11,0,4,4,1,5,0,0,0,0,0,0,0,0,1,1,1,1,34,6,4500,2,9,WRIGHTBUS NB4L,1,E01005230,0,5
2024010520153,2024,010520153,1,11,0,5,5,8,4,0,0,1,0,0,0,0,0,1,1,1,1,51,8,450,2,10,WRIGHTBUS NB4L,2,E01003943,0,1
2024010548827,2024,010548827,1,11,0,99,99,9,9,0,0,0,0,0,0,0,9,9,6,6,3,-1,-1,4500,2,9,WRIGHTBUS NB4L,-1,-1,0,-1
2024010531740,2024,010531740,1,11,0,5,5,3,7,2,2,1,0,0,0,0,0,1,1,1,1,36,7,4500,2,10,WRIGHTBUS NB4L,2,E01033702,0,3
2024010536259,2024,010536259,1,11,0,18,19,7,3,0,0,1,0,0,0,0,0,1,1,1,1,37,7,4461,2,11,WRIGHTBUS NB4L,2,E01001857,0,1
2024010526292,2024,010526292,1,11,0,4,4,5,1,2,2,8,0,0,0,0,0,1,1,1,1,24,5,4500,2,9,WRIGHTBUS NB4L,2,E01001485,0,1
2024010511781,2024,010511781,2,11,0,9,9,1,7,0,0,8,0,0,0,0,3,1,1,1,1,44,7,4461,2,10,WRIGHTBUS NB4L,-1,-1,0,-1
2024010540671,2024,010540671,1,11,0,4,4,5,1,2,2,0,0,0,0,0,0,1,6,6,1,62,9,4500,2,7,WRIGHTBUS NB4L,5,E01003375,0,3
2024010498922,2024,010498922,1,11,0,18,19,2,6,2,2,0,0,0,0,0,4,1,1,1,1,28,6,4500,2,9,WRIGHTBUS NB4L,5,E01000071,0,2
2024010526520,2024,010526520,1,11,0,15,15,7,3,2,2,1,0,0,0,0,1,1,1,1,1,59,9,4500,2,8,WRIGHTBUS NB4L,2,E01002760,0,2
2024010507224,2024,010507224,1,11,0,16,19,3,7,2,2,8,0,0,0,0,1,1,1,1,1,32,6,4500,2,8,WRIGHTBUS NB4L,2,E01000863,0,1
2024010501876,2024,010501876,1,11,0,18,19,1,5,0,0,8,0,0,0,0,1,1,6,6,1,33,6,4500,2,10,WRIGHTBUS NB4L,2,E01001775,0,2
2024010534671,2024,010534671,1,11,0,18,19,3,7,0,0,1,0,0,1,0,0,1,1,1,1,25,5,4500,2,10,WRIGHTBUS NB4L,3,E01001814,0,2
2024010548126,2024,010548126,1,11,0,18,19,5,1,2,2,1,0,0,0,0,2,1,6,6,1,55,8,4500,2,9,WRIGHTBUS NB4L,6,E01003435,0,2
2024010550331,2024,010550331,1,11,0,5,5,5,1,0,0,1,0,0,0,0,0,1,1,1,2,61,9,4461,2,10,WRIGHTBUS NB4L,4,E01003096,0,2
2024010539095,2024,010539095,1,11,0,2,2,0,0,2,2,0,0,0,0,0,2,1,6,6,3,-1,-1,4500,2,8,WRIGHTBUS NB4L,-1,-1,0,-1
2024010528977,2024,010528977,1,11,0,5,5,1,5,2,2,1,0,0,0,0,0,2,1,1,1,35,6,4500,2,7,WRIGHTBUS NB4L,2,E01003181,0,1
2024010516715,2024,010516715,1,11,0,4,4,7,3,0,0,2,0,0,0,0,0,1,1,1,1,32,6,4500,2,8,WRIGHTBUS NB4L,3,E01003977,0,2