collision_index,collision_year,collision_ref_no,vehicle_reference,vehicle_type,towing_and_articulation,vehicle_manoeuvre_historic,vehicle_manoeuvre,vehicle_direction_from,vehicle_direction_to,vehicle_location_restricted_lane_historic,vehicle_location_restricted_lane,junction_location,skidding_and_overturning,hit_object_in_carriageway,vehicle_leaving_carriageway,hit_object_off_carriageway,first_point_of_impact,vehicle_left_hand_drive,journey_purpose_of_driver_historic,journey_purpose_of_driver,sex_of_driver,age_of_driver,age_band_of_driver,engine_capacity_cc,propulsion_code,age_of_vehicle,generic_make_model,driver_imd_decile,lsoa_of_driver,escooter_flag,driver_distance_banding
2024010537329,2024,010537329,1,11,0,-1,-1,5,1,2,2,4,0,0,0,0,1,1,6,6,1,61,9,4500,2,7,WRIGHTBUS NB4L,7,E01001160,0,2
2024010524724,2024,010524724,1,11,0,18,19,7,3,0,0,9,0,0,0,0,0,1,1,1,1,41,7,4500,2,7,WRIGHTBUS NB4L,3,E01003137,0,2
2024010521045,2024,010521045,2,11,0,2,2,0,0,2,2,0,0,0,0,0,0,1,6,6,3,-1,-1,4461,2,10,WRIGHTBUS NB4L,-1,-1,0,-1
2024010551323,2024,010551323,2,11,0,18,19,1,5,99,99,9,0,4,9,99,3,1,6,6,3,-1,-1,4500,2,8,WRIGHTBUS NB4L,-1,-1,0,-1
2024010512310,2024,010512310,1,11,0,4,4,7,3,0,0,8,0,0,0,0,0,1,1,1,1,26,6,4500,2,8,WRIGHTBUS NB4L,2,E01003336,0,1
2024010523000,2024,010523000,2,11,0,2,2,0,0,0,0,0,0,0,0,0,2,1,6,6,1,35,6,4500,2,10,WRIGHTBUS NB4L,-1,-1,0,-1
2024010540024,2024,010540024,1,11,0,18,19,5,1,0,0,1,0,0,0,0,0,1,1,1,1,33,6,4500,2,9,WRIGHTBUS NB4L,1,E01001847,0,2
2024010499689,2024,010499689,2,11,0,5,5,3,7,0,0,0,0,0,0,0,1,1,1,1,1,28,6,4461,2,10,WRIGHTBUS NB4L,-1,-1,0,-1
2024010514478,2024,010514478,1,11,0,9,9,8,5,0,0,1,0,0,0,0,0,1,1,1,2,31,6,4500,2,9,WRIGHTBUS NB4L,3,E01001981,0,1
2024010525891,2024,010525891,1,11,0,18,19,5,1,0,0,8,0,0,0,0,2,1,1,1,1,44,7,4500,2,9,WRIGHTBUS NB4L,3,E01023326,0,3
2024010524243,2024,010524243,2,11,0,18,19,3,7,0,0,1,0,0,0,0,3,1,1,1,1,23,5,4500,2,8,WRIGHTBUS NB4L,5,E01002660,0,1
2024010504098,2024,010504098,1,11,0,18,19,3,7,0,0,1,0,0,0,0,0,1,1,1,2,41,7,4500,2,9,WRIGHTBUS NB4L,3,E01000867,0,1
2024010498953,2024,010498953,1,11,0,18,19,7,3,0,0,1,0,0,0,0,0,1,1,1,1,19,4,4461,2,10,WRIGHTBUS NB4L,4,E01003603,0,2
2024010525965,2024,010525965,1,11,0,4,4,7,3,0,0,1,0,0,0,0,1,1,6,6,1,56,9,4500,2,9,WRIGHTBUS NB4L,3,E01003126,0,1
2024010550852,2024,010550852,1,11,0,18,19,5,1,0,0,0,0,0,0,0,1,1,1,1,2,64,9,4500,2,8,WRIGHTBUS NB4L,5,E01001035,0,3
2024010493091,2024,010493091,1,11,0,5,5,7,3,0,0,1,0,0,0,0,0,1,1,1,1,21,5,4500,2,9,WRIGHTBUS NB4L,4,E01003788,0,2
2024010527722,2024,010527722,1,11,0,18,19,2,6,2,2,1,0,0,0,0,0,1,1,1,1,50,8,4500,2,9,WRIGHTBUS NB4L,4,E01004373,0,2
2024010544784,2024,010544784,1,11,0,4,4,1,5,2,2,1,0,0,0,0,1,1,6,6,2,44,7,4461,2,11,WRIGHTBUS NB4L,3,E01004044,0,1
2024010504740,2024,010504740,1,11,0,18,19,5,1,0,0,2,0,0,0,0,1,1,1,1,1,41,7,4500,2,9,WRIGHTBUS NB4L,4,E01004373,0,1
2024010503037,2024,010503037,1,11,0,18,19,6,2,2,2,1,0,0,0,0,1,1,1,1,1,51,8,4500,2,7,WRIGHTBUS NB4L,9,E01002322,0,2
2024010542055,2024,010542055,1,11,0,18,19,7,3,0,0,0,0,0,0,0,1,1,2,2,1,29,6,4500,2,9,WRIGHTBUS NB4L,3,E01004422,0,1
2024010518416,2024,010518416,1,11,0,5,5,7,3,2,2,2,0,0,0,0,0,1,1,1,1,60,9,4461,2,10,WRIGHTBUS NB4L,2,E01032575,0,2
2024010498796,2024,010498796,1,11,0,18,19,6,2,0,0,1,0,0,0,0,0,1,1,1,1,24,5,4500,2,9,WRIGHTBUS NB4L,2,E01000025,0,2
2024010488248,2024,010488248,2,11,9,99,99,9,9,99,99,0,9,99,9,99,9,9,6,6,3,-1,-1,4461,2,11,WRIGHTBUS NB4L,-1,-1,0,-1
2024010533041,2024,010533041,1,11,0,18,19,3,7,0,0,8,0,0,0,0,0,1,1,1,1,56,9,4500,2,9,WRIGHTBUS NB4L,5,E01004631,0,2
2024010550611,2024,010550611,2,11,0,10,10,6,4,0,0,0,0,0,0,0,3,1,1,1,1,45,7,4500,2,8,WRIGHTBUS NB4L,4,E01001047,0,2
2024010508983,2024,010508983,2,11,9,99,99,9,9,99,99,0,9,99,9,99,9,9,6,6,3,-1,-1,4500,2,7,WRIGHTBUS NB4L,-1,-1,0,-1
2024010503653,2024,010503653,1,11,0,18,19,1,5,0,0,0,0,0,0,0,0,1,1,1,1,65,9,4500,2,8,WRIGHTBUS NB4L,-1,-1,0,-1
2024010543615,2024,010543615,1,11,0,18,19,1,5,0,0,1,0,0,0,0,0,2,1,1,1,57,9,4461,2,11,WRIGHTBUS NB4L,2,E01003966,0,1
2024010526830,2024,010526830,2,11,0,18,19,1,5,0,0,1,0,0,0,0,1,1,1,1,1,28,6,4461,2,10,WRIGHTBUS NB4L,3,E01035666,0,2
2024010510766,2024,010510766,1,11,0,5,5,0,5,0,0,1,0,0,0,0,0,1,6,6,1,54,8,4500,2,9,WRIGHTBUS NB4L,3,E01003154,0,3
2024010515655,2024,010515655,3,11,0,4,4,4,8,0,0,0,0,0,0,0,3,1,1,1,1,68,10,4461,2,10,WRIGHTBUS NB4L,6,E01001408,0,1
2024010541776,2024,010541776,1,11,0,4,4,1,5,0,0,1,0,0,0,0,0,1,1,1,1,35,6,4500,2,9,WRIGHTBUS NB4L,2,E01003601,0,2
2024010539827,2024,010539827,1,11,0,18,19,7,3,0,0,8,0,0,0,0,4,1,1,1,1,39,7,4500,2,9,WRIGHTBUS NB4L,2,E01004014,0,1
2024010539095,2024,010539095,2,11,0,5,5,3,7,2,2,0,0,4,0,0,1,1,1,1,1,64,9,4500,2,9,WRIGHTBUS NB4L,5,E01004676,0,1
2024010548955,2024,010548955,1,11,0,7,7,3,5,0,0,3,0,0,0,0,1,1,1,1,1,42,7,4500,2,10,WRIGHTBUS NB4L,2,E01003046,0,1
2024010497613,2024,010497613,1,11,0,18,19,3,7,0,0,1,0,0,0,0,1,1,1,1,1,45,7,4461,2,10,WRIGHTBUS NB4L,2,E01001482,0,2
2024010534718,2024,010534718,1,11,0,5,5,0,3,2,2,0,0,0,0,0,0,1,1,1,1,24,5,4500,2,9,WRIGHTBUS NB4L,4,E01002098,0,1
2024010506338,2024,010506338,1,11,0,4,4,3,7,0,0,2,0,0,0,0,1,1,1,1,1,57,9,4500,2,8,WRIGHTBUS NB4L,2,E01001815,0,2
2024010509669,2024,010509669,1,11,0,4,4,2,6,0,0,1,0,0,0,0,0,1,6,6,1,30,6,4461,2,11,WRIGHTBUS NB4L,6,E01003359,0,2
2024010548701,2024,010548701,1,11,0,5,5,7,3,2,2,1,0,0,0,0,1,1,1,1,1,36,7,4500,2,9,WRIGHTBUS NB4L,2,E01003590,0,3
2024010532344,2024,010532344,1,11,0,4,4,5,1,0,0,1,0,0,0,0,0,1,1,1,1,44,7,4500,2,9,WRIGHTBUS NB4L,2,E01000030,0,1
2024010546830,2024,010546830,2,11,0,-1,-1,3,7,0,0,1,0,0,0,0,1,1,6,6,3,-1,-1,4461,2,11,WRIGHTBUS NB4L,-1,-1,0,-1
2024010537199,2024,010537199,1,11,0,18,19,3,7,0,0,8,0,0,0,0,0,1,1,1,1,52,8,4500,2,8,WRIGHTBUS NB4L,7,E01004518,0,2
2024010532496,2024,010532496,1,11,0,18,19,7,3,0,0,8,0,0,0,0,1,1,1,1,1,54,8,4500,2,8,WRIGHTBUS NB4L,-1,-1,0,-1
2024010513515,2024,010513515,1,11,0,17,19,1,5,2,2,2,0,0,0,0,0,1,1,1,1,25,5,4461,2,10,WRIGHTBUS NB4L,3,E01001825,0,1
2024010531288,2024,010531288,1,11,0,18,19,7,3,0,0,1,0,0,0,0,2,1,1,1,1,25,5,4500,2,9,WRIGHTBUS NB4L,3,E01001733,0,1
2024010533507,2024,010533507,1,11,0,5,5,3,7,0,0,0,0,0,0,0,0,1,1,1,1,36,7,4500,2,9,WRIGHTBUS NB4L,5,E01003662,0,1
2024010498033,2024,010498033,1,11,0,9,9,5,2,9,9,8,0,11,1,10,1,1,1,1,1,48,8,4461,2,10,WRIGHTBUS NB4L,5,E01003495,0,3
2024010527330,2024,010527330,1,11,0,5,5,7,3,0,0,1,0,0,0,0,3,1,6,6,1,42,7,4461,2,11,WRIGHTBUS NB4L,2,E01001337,0,2
2024010505382,2024,010505382,1,11,0,18,19,7,3,0,0,8,0,0,0,0,4,1,1,1,1,29,6,4461,2,11,WRIGHTBUS NB4L,5,E01002455,0,3
2024010518644,2024,010518644,1,11,0,4,4,5,1,0,0,1,0,0,3,99,1,1,6,6,3,-1,-1,4461,2,11,WRIGHTBUS NB4L,-1,-1,0,-1
2024010545640,2024,010545640,1,11,0,9,9,6,4,2,2,2,0,0,0,0,0,1,1,1,1,58,9,4500,2,8,WRIGHTBUS NB4L,8,E01004586,0,3
2024010498571,2024,010498571,1,11,0,18,19,1,5,0,0,0,0,0,0,0,4,1,1,1,1,53,8,4500,2,8,WRIGHTBUS NB4L,5,E01033740,0,3
2024010515727,2024,010515727,1,11,0,4,4,1,5,2,2,0,0,0,0,0,0,1,1,1,1,52,8,4500,2,9,WRIGHTBUS NB4L,2,E01000053,0,1
2024010500866,2024,010500866,1,11,0,18,19,5,1,0,0,0,0,0,0,0,0,1,1,1,1,58,9,4500,2,10,WRIGHTBUS NB4L,1,E01004399,0,2
2024010529290,2024,010529290,2,11,0,18,19,3,7,0,0,1,0,0,0,0,1,1,1,1,1,44,7,4500,2,8,WRIGHTBUS NB4L,2,E01004321,0,2
2024010516762,2024,010516762,2,11,0,2,2,0,0,2,2,1,0,0,0,0,2,1,6,6,3,-1,-1,4461,2,10,WRIGHTBUS NB4L,-1,-1,0,-1
2024010551291,2024,010551291,1,11,0,18,19,3,7,0,0,1,0,0,0,0,1,1,1,1,1,39,7,4461,2,11,WRIGHTBUS NB4L,2,E01002100,0,3
2024010540381,2024,010540381,1,11,0,5,5,1,5,1,1,1,0,0,0,0,0,1,1,1,1,32,6,4500,2,8,WRIGHTBUS NB4L,4,E01004258,0,1
2024010518812,2024,010518812,1,11,0,4,4,6,2,0,0,1,0,0,0,0,0,2,1,1,1,22,5,4500,2,9,WRIGHTBUS NB4L,4,E01004356,0,2
2024010530247,2024,010530247,1,11,0,4,4,5,1,0,0,1,0,0,0,0,0,1,1,1,1,32,6,4500,2,9,WRIGHTBUS NB4L,1,E01002034,0,2
2024010512201,2024,010512201,1,11,0,18,19,5,1,0,0,1,0,0,7,0,1,1,1,1,1,43,7,4416,2,10,WRIGHTBUS NB4L,3,E01001981,0,3
2024010525563,2024,010525563,2,11,0,4,4,6,2,0,0,0,0,0,0,0,0,1,1,1,1,58,9,4500,2,10,WRIGHTBUS NB4L,5,E01004377,0,2
2024010515309,2024,010515309,3,11,0,99,99,9,9,99,99,0,9,99,9,99,2,1,6,6,2,32,6,4461,2,11,WRIGHTBUS NB4L,2,E01003330,0,2
2024010532433,2024,010532433,1,11,0,18,19,5,1,2,2,1,0,0,0,0,0,1,1,1,1,19,4,4461,2,10,WRIGHTBUS NB4L,3,E01004467,0,2
2024010525458,2024,010525458,2,11,0,4,4,5,1,0,0,1,0,4,0,0,1,1,1,1,1,57,9,4500,2,9,WRIGHTBUS NB4L,2,E01003061,0,2
2024010512242,2024,010512242,2,11,0,5,5,1,5,2,2,1,0,0,0,0,0,1,1,1,1,64,9,4500,2,8,WRIGHTBUS NB4L,4,E01000805,0,2
2024010544555,2024,010544555,1,11,0,5,5,1,5,0,0,2,0,0,0,0,0,1,1,1,2,60,9,4500,2,8,WRIGHTBUS NB4L,3,E01001789,0,1
2024010520354,2024,010520354,1,11,0,5,5,3,7,0,0,0,0,4,7,11,1,2,1,1,1,61,9,4500,2,7,WRIGHTBUS NB4L,3,E01000007,0,4
2024010549122,2024,010549122,1,11,0,5,5,3,7,2,2,1,0,0,0,0,4,1,1,1,1,68,10,4500,2,9,WRIGHTBUS NB4L,2,E01001971,0,2
2024010545453,2024,010545453,1,11,0,5,5,3,7,0,0,2,0,0,0,0,0,1,1,1,1,55,8,4500,2,9,WRIGHTBUS NB4L,3,E01001785,0,1
2024010535394,2024,010535394,1,11,0,4,4,3,7,0,0,0,0,0,0,0,0,1,1,1,2,24,5,4500,2,7,WRIGHTBUS NB4L,2,E01034476,0,1
2024010519277,2024,010519277,2,11,0,18,19,5,1,0,0,8,0,0,0,0,4,1,1,1,1,60,9,4500,2,7,WRIGHTBUS NB4L,8,E01004479,0,1
2024010510450,2024,010510450,1,11,0,5,5,1,5,0,0,6,0,0,0,0,0,1,1,1,1,37,7,4461,2,10,WRIGHTBUS NB4L,2,E01000954,0,1
2024010535692,2024,010535692,1,11,0,5,5,1,5,0,0,1,0,0,0,0,0,1,1,1,1,47,8,4461,2,10,WRIGHTBUS NB4L,2,E01004420,0,1
2024010506986,2024,010506986,1,11,0,18,19,3,7,2,2,2,0,0,0,0,0,1,1,1,1,41,7,4500,2,8,WRIGHTBUS NB4L,2,E01003592,0,2
2024010507064,2024,010507064,1,11,0,18,19,1,5,0,0,1,0,0,0,0,1,1,1,1,2,39,7,4461,2,11,WRIGHTBUS NB4L,3,E01003143,0,2
2024010490271,2024,010490271,1,11,0,18,19,5,1,2,2,8,0,0,0,0,1,1,1,1,1,23,5,4500,2,8,WRIGHTBUS NB4L,5,E01000251,0,3
2024010504587,2024,010504587,1,11,0,18,19,7,3,2,2,2,0,0,0,0,0,1,1,1,1,57,9,4461,2,10,WRIGHTBUS NB4L,1,E01002089,0,1
2024421414718,2024,421414718,1,11,0,-1,14,1,5,-1,0,0,0,0,0,0,3,1,-1,1,1,78,11,4461,2,10,WRIGHTBUS NB4L,3,E01000082,0,3
2024010490119,2024,010490119,1,11,0,5,5,1,5,0,0,1,0,0,0,0,1,1,1,1,2,31,6,4500,2,7,WRIGHTBUS NB4L,4,E01003725,0,2
2024010541922,2024,010541922,2,11,0,18,19,1,5,0,0,1,0,0,0,0,1,1,1,1,3,27,6,4461,2,10,WRIGHTBUS NB4L,4,E01002070,0,2
2024010503984,2024,010503984,1,11,0,18,19,1,5,2,2,2,0,10,0,0,1,1,1,1,1,41,7,4461,2,10,WRIGHTBUS NB4L,5,E01004418,0,1
2024010498807,2024,010498807,1,11,0,4,4,1,5,0,0,1,0,0,0,0,0,1,1,1,2,32,6,4461,2,10,WRIGHTBUS NB4L,3,E01032786,0,3
2024010534687,2024,010534687,2,11,0,4,4,1,5,0,0,0,0,0,0,0,0,1,1,1,2,59,9,4500,2,10,WRIGHTBUS NB4L,2,E01003735,0,3
2024010497804,2024,010497804,1,11,1,5,5,0,3,0,0,0,0,0,0,0,4,1,1,1,1,43,7,4500,2,8,WRIGHTBUS NB4L,2,E01001560,0,1
2024010506140,2024,010506140,1,11,0,18,19,3,7,0,0,2,0,0,0,0,0,1,1,1,1,25,5,4500,2,8,WRIGHTBUS NB4L,3,E01034391,0,1
2024010525458,2024,010525458,1,11,0,2,2,0,0,0,0,1,0,0,0,0,2,1,6,6,3,-1,-1,4500,2,9,WRIGHTBUS NB4L,-1,-1,0,-1
2024010511244,2024,010511244,1,11,0,15,15,3,7,0,0,0,0,10,7,11,1,1,6,6,2,37,7,4500,2,9,WRIGHTBUS NB4L,4,E01003716,0,2
2024010503718,2024,010503718,1,11,0,4,4,5,1,0,0,8,0,0,0,0,0,1,1,1,1,44,7,4500,2,8,WRIGHTBUS NB4L,4,E01002695,0,1
2024010508625,2024,010508625,1,11,0,4,4,3,7,0,0,0,0,0,0,0,0,1,1,1,1,39,7,4461,2,10,WRIGHTBUS NB4L,4,E01034613,0,2
2024010530192,2024,010530192,1,11,0,18,19,5,1,0,0,1,0,0,0,0,0,1,1,1,1,59,9,4500,2,8,WRIGHTBUS NB4L,2,E01001710,0,3
2024010519542,2024,010519542,1,11,0,4,4,1,5,0,0,1,0,0,0,0,0,1,1,1,1,37,7,4500,2,8,WRIGHTBUS NB4L,3,E01003920,0,3
2024010507186,2024,010507186,1,11,0,5,5,0,1,2,2,0,0,0,0,0,0,1,6,6,1,62,9,4500,2,8,WRIGHTBUS NB4L,6,E01003085,0,2
2024010519916,2024,010519916,1,11,0,5,5,1,5,0,0,1,0,0,0,0,0,1,1,1,1,52,8,4461,2,10,WRIGHTBUS NB4L,1,E01002038,0,2
2024010510319,2024,010510319,1,11,0,5,5,5,1,0,0,1,0,0,0,0,1,1,1,1,1,61,9,4500,2,9,WRIGHTBUS NB4L,1,E01002081,0,1
2024010507738,2024,010507738,1,11,0,2,2,0,0,2,2,1,0,0,0,0,3,1,6,6,3,-1,-1,4500,2,9,WRIGHTBUS NB4L,-1,-1,0,-1
2024010548695,2024,010548695,1,11,0,5,5,0,5,0,0,0,0,0,0,0,2,1,1,1,1,67,10,4500,2,7,WRIGHTBUS NB4L,8,E01004500,0,2
2024010534725,2024,010534725,1,11,0,18,19,3,7,0,0,2,0,0,0,0,4,1,1,1,1,47,8,4500,2,9,WRIGHTBUS NB4L,6,E01004369,0,3
2024010499959,2024,010499959,1,11,0,15,15,7,3,0,0,1,0,4,0,0,4,1,6,6,2,57,9,4461,2,11,WRIGHTBUS NB4L,1,E01002673,0,3
2024010527053,2024,010527053,1,11,0,18,19,7,3,0,0,2,0,0,0,0,0,1,1,1,1,38,7,4461,2,10,WRIGHTBUS NB4L,2,E01016004,0,3
2024010518017,2024,010518017,1,11,0,18,19,1,5,2,2,1,0,0,0,0,0,1,1,1,1,66,10,4500,2,7,WRIGHTBUS NB4L,4,E01003716,0,2
2024010519856,2024,010519856,1,11,0,4,4,8,4,99,99,9,9,99,9,99,9,1,1,1,3,44,7,4461,2,11,WRIGHTBUS NB4L,6,E01001652,0,3
2024302400604,2024,302400604,2,4,0,14,14,2,6,0,0,1,0,0,0,0,1,1,6,6,1,18,4,124,1,8,-1,9,E01019860,0,1
2024332400922,2024,332400922,2,3,0,-1,12,4,8,-1,0,4,0,0,0,0,3,1,-1,9,1,44,7,125,1,18,-1,3,E01013744,0,3
2024440558472,2024,440558472,1,4,0,18,19,6,2,0,0,1,0,0,0,0,1,1,6,6,1,40,7,124,1,9,-1,6,E01022634,0,1
2024201471461,2024,201471461,2,3,0,-1,19,3,7,-1,0,8,0,0,0,0,1,1,-1,1,1,27,6,125,1,13,-1,1,E01009026,0,1
2024547903824,2024,547903824,1,4,0,18,19,3,7,0,0,0,2,0,0,0,1,1,6,6,2,18,4,125,1,11,-1,-1,-1,0,-1
202417L102624,2024,17L102624,2,3,0,18,19,3,7,0,0,1,0,0,0,0,1,1,6,6,1,24,5,125,1,17,-1,2,E01012165,0,1
2024211441699,2024,211441699,2,3,0,-1,19,5,1,-1,0,1,5,0,0,0,1,1,-1,9,1,37,7,125,1,14,-1,4,E01014353,0,1
2024010507751,2024,010507751,2,19,0,14,14,7,3,0,0,2,0,4,0,0,2,1,6,6,3,-1,-1,-1,-1,-1,-1,-1,-1,0,-1
2024552400495,2024,552400495,1,3,0,18,19,2,6,0,0,8,0,0,0,0,1,1,2,2,1,22,5,125,1,1,-1,6,E01015369,0,1
2024010501362,2024,010501362,2,3,0,15,15,3,7,0,0,8,0,0,0,0,1,1,6,6,2,26,6,125,1,2,-1,2,E01000861,0,1
2024211507183,2024,211507183,2,2,0,-1,19,7,3,-1,0,2,0,0,0,0,3,1,-1,6,1,26,6,125,1,1,-1,-1,-1,0,-1
2024552401411,2024,552401411,2,3,0,9,9,3,1,0,0,8,0,0,0,0,4,1,2,2,2,22,5,125,1,1,-1,7,E01015311,0,1
2024131431894,2024,131431894,1,5,0,-1,2,7,3,-1,0,4,0,0,0,0,3,1,-1,2,1,62,9,647,1,6,-1,1,E01010605,0,3
2024451398435,2024,451398435,1,9,0,-1,19,5,1,-1,0,0,0,0,7,4,1,1,-1,9,2,67,10,1198,1,7,FORD KA+,10,E01030799,0,1
2024461484397,2024,461484397,3,9,0,-1,3,6,1,-1,0,0,0,0,0,0,2,1,-1,2,1,24,5,1198,1,8,FORD KA+,3,E01003552,0,3
2024340NN3662,2024,340NN3662,1,9,0,-1,7,8,2,-1,0,7,0,0,0,0,1,1,-1,6,1,-1,-1,1198,1,8,FORD KA+,-1,-1,0,-1
2024471458886,2024,471458886,1,9,0,-1,19,7,3,-1,0,0,0,0,0,0,0,1,-1,6,1,83,11,1197,1,5,FORD KA+,5,E01031472,0,1
2024622400836,2024,622400836,1,9,0,12,12,4,8,0,0,1,0,0,4,6,2,1,6,6,2,20,4,1197,1,6,FORD KA+,3,W01001393,0,3
2024501443469,2024,501443469,1,9,0,-1,9,5,3,-1,0,6,0,0,0,0,4,1,-1,9,2,85,11,1197,1,5,FORD KA+,5,E01019901,0,1
2024430186648,2024,430186648,2,9,0,18,19,8,4,0,0,1,0,0,1,0,1,1,6,6,1,18,4,1198,1,7,FORD KA+,9,E01028667,0,2
2024161479109,2024,161479109,2,9,0,-1,3,1,5,-1,0,0,0,0,0,0,1,9,-1,6,2,40,7,1197,1,6,FORD KA+,1,E01035467,0,1
2024421456894,2024,421456894,1,9,0,-1,19,1,5,-1,0,1,0,0,0,0,1,9,-1,6,1,40,7,1198,1,6,FORD KA+,9,E01021692,0,2
2024101508169,2024,101508169,1,9,0,-1,19,1,5,-1,0,0,5,7,0,0,1,1,-1,9,1,75,10,1197,1,5,FORD KA+,7,E01027440,0,1
2024332400014,2024,332400014,1,9,0,-1,19,6,2,-1,0,2,0,0,0,0,1,1,-1,6,1,27,6,1198,1,6,FORD KA+,5,E01025762,0,1
2024131524895,2024,131524895,2,9,0,-1,5,5,1,-1,0,0,0,0,0,0,1,1,-1,7,2,44,7,1198,1,6,FORD KA+,1,E01011904,0,3
2024451506328,2024,451506328,2,9,0,-1,19,5,1,-1,0,0,0,0,0,0,2,1,-1,9,2,61,9,1197,1,6,FORD KA+,9,E01031475,0,4
2024451403744,2024,451403744,1,9,0,-1,3,3,7,-1,0,0,0,0,0,0,2,1,-1,9,2,37,7,1198,1,7,FORD KA+,9,E01030614,0,1
2024201450978,2024,201450978,1,9,0,-1,6,3,3,-1,0,0,0,0,0,0,1,1,-1,9,2,75,10,1197,1,5,FORD KA+,10,E01009444,0,1
2024991420992,2024,991420992,2,9,0,-1,3,8,5,-1,0,1,0,0,0,0,2,1,-1,6,2,58,9,1197,1,5,FORD KA+,8,-1,0,1
2024421464048,2024,421464048,6,9,0,-1,19,1,5,-1,0,0,0,0,0,0,1,1,-1,6,2,28,6,1198,1,7,FORD KA+,5,E01018062,0,4
2024461481891,2024,461481891,2,9,0,-1,19,3,7,-1,0,8,0,0,0,0,1,1,-1,9,2,54,8,1197,1,5,FORD KA+,8,E01024730,0,1
2024401415477,2024,401415477,2,9,0,-1,5,1,5,-1,0,8,0,0,0,0,3,1,-1,2,2,47,8,1198,1,7,FORD KA+,5,E01017388,0,4
2024421422010,2024,421422010,2,9,0,-1,-1,-1,-1,-1,-1,0,-1,-1,-1,0,-1,9,-1,6,2,59,9,1198,1,6,FORD KA+,8,E01021607,0,2
2024471498676,2024,471498676,1,9,0,-1,9,5,3,-1,0,8,0,0,0,0,1,1,-1,9,2,65,9,1198,1,6,FORD KA+,7,E01031460,0,3
2024141488059,2024,141488059,2,9,0,-1,3,4,8,-1,0,0,0,0,0,0,1,1,-1,9,1,84,11,1198,1,7,FORD KA+,9,E01007893,0,1
2024421463205,2024,421463205,2,9,0,-1,4,7,3,-1,0,8,0,0,0,0,2,1,-1,2,2,53,8,1198,1,7,FORD KA+,3,E01021321,0,1
2024231530625,2024,231530625,2,9,0,-1,3,3,7,-1,0,0,0,0,0,0,1,9,-1,6,2,42,7,1198,1,8,FORD KA+,7,E01031334,0,3
2024131449146,2024,131449146,2,9,0,-1,19,7,3,-1,0,0,0,0,0,0,0,1,-1,6,2,56,9,1198,1,7,FORD KA+,8,E01011857,0,3
2024201439875,2024,201439875,2,9,0,-1,3,7,3,-1,0,1,0,0,0,0,2,1,-1,9,2,60,9,1198,1,7,FORD KA+,10,E01010166,0,2
2024461479470,2024,461479470,1,9,0,-1,19,3,1,-1,0,8,0,0,0,0,1,9,-1,6,2,55,8,1197,1,5,FORD KA+,4,E01035006,0,1
2024052401657,2024,052401657,2,9,0,18,19,5,1,0,0,0,0,0,0,0,2,1,6,6,1,24,5,1197,1,6,FORD KA+,7,E01006498,0,2
2024461459388,2024,461459388,1,9,0,-1,4,3,7,-1,0,4,0,0,0,0,1,9,-1,6,1,-1,-1,1197,1,5,FORD KA+,7,E01028889,0,5
2024411529508,2024,411529508,1,9,0,-1,5,3,7,-1,0,0,0,0,0,0,1,1,-1,6,1,69,10,1197,1,5,FORD KA+,6,E01023305,0,1
2024440401110,2024,440401110,1,9,0,9,9,1,7,0,0,6,0,0,0,0,1,1,6,6,2,58,9,1198,1,7,FORD KA+,4,E01017297,0,2
2024471505144,2024,471505144,2,9,0,-1,2,0,0,-1,0,0,0,0,0,0,2,1,-1,6,-1,-1,-1,1198,1,6,FORD KA+,-1,-1,0,-1
2024101526997,2024,101526997,2,9,0,-1,3,6,1,-1,0,4,0,0,0,0,2,1,-1,6,2,68,10,1197,1,5,FORD KA+,8,E01027446,0,4
2024010549247,2024,010549247,1,9,0,99,99,9,9,99,99,9,9,99,9,99,9,9,2,2,2,60,9,1198,1,6,FORD KA+,2,E01001574,0,1
2024061469513,2024,061469513,2,9,0,-1,3,4,8,-1,0,0,0,0,0,0,2,1,-1,6,2,-1,-1,1198,1,7,FORD KA+,-1,-1,0,-1
2024461455918,2024,461455918,2,9,0,-1,19,5,1,-1,0,0,0,0,0,0,4,1,-1,6,1,29,6,1198,1,8,FORD KA+,4,E01024290,0,1
202417H104224,2024,17H104224,1,9,0,-1,9,1,7,-1,0,8,0,0,0,0,1,1,-1,9,2,53,8,1197,1,5,FORD KA+,1,E01011993,0,1
2024340NN4013,2024,340NN4013,2,9,0,-1,19,5,1,-1,0,-1,0,0,0,0,4,1,-1,9,2,76,11,1198,1,8,FORD KA+,6,E01027237,0,3
2024161394484,2024,161394484,1,9,0,-1,19,1,5,-1,0,0,1,0,1,0,1,1,-1,2,2,26,6,1198,1,6,FORD KA+,8,E01013046,0,1
2024311510952,2024,311510952,1,9,0,-1,9,2,1,-1,0,0,0,0,0,0,1,9,-1,6,3,-1,-1,1198,1,6,FORD KA+,-1,-1,0,-1
2024991435685,2024,991435685,1,9,0,-1,19,2,6,-1,0,0,0,0,1,0,1,1,-1,9,2,19,4,1198,1,7,FORD KA+,3,-1,0,2
2024221415667,2024,221415667,1,9,0,-1,19,5,1,-1,0,1,0,0,0,0,4,1,-1,6,1,22,5,1198,1,7,FORD KA+,-1,-1,0,-1