collision_index,collision_year,collision_ref_no,vehicle_reference,vehicle_type,towing_and_articulation,vehicle_manoeuvre_historic,vehicle_manoeuvre,vehicle_direction_from,vehicle_direction_to,vehicle_location_restricted_lane_historic,vehicle_location_restricted_lane,junction_location,skidding_and_overturning,hit_object_in_carriageway,vehicle_leaving_carriageway,hit_object_off_carriageway,first_point_of_impact,vehicle_left_hand_drive,journey_purpose_of_driver_historic,journey_purpose_of_driver,sex_of_driver,age_of_driver,age_band_of_driver,engine_capacity_cc,propulsion_code,age_of_vehicle,generic_make_model,driver_imd_decile,lsoa_of_driver,escooter_flag,driver_distance_banding
2024522401340,2024,522401340,3,9,0,4,4,8,4,0,0,0,0,0,0,0,2,1,6,6,1,30,6,1998,1,8,MAZDA 3,8,E01022257,0,3
2024201530157,2024,201530157,1,9,0,-1,5,6,2,-1,0,0,0,0,0,0,1,1,-1,6,1,25,5,1560,2,15,MAZDA 3,8,E01009468,0,1
2024010501491,2024,010501491,1,9,0,99,99,9,9,99,99,0,9,99,9,99,9,9,6,6,1,-1,-1,1598,1,18,MAZDA 3,8,E01004144,0,1
2024302401312,2024,302401312,1,9,0,18,19,2,6,0,0,0,0,0,0,0,4,1,6,6,2,60,9,1598,1,11,MAZDA 3,10,E01013463,0,4
2024201481793,2024,201481793,2,9,0,-1,2,0,0,-1,0,2,0,0,0,0,2,1,-1,9,2,51,8,1598,1,12,MAZDA 3,3,E01009857,0,1
2024041520256,2024,041520256,1,9,0,-1,19,5,1,-1,0,1,1,0,0,0,1,1,-1,9,2,27,6,1598,1,17,MAZDA 3,3,E01025376,0,1
2024061423315,2024,061423315,1,9,0,-1,19,1,5,-1,0,1,0,0,0,0,1,1,-1,2,1,49,8,1998,1,8,MAZDA 3,10,E01006173,0,1
2024430059707,2024,430059707,1,9,0,4,4,8,4,0,0,1,0,0,0,0,2,1,1,1,1,49,8,1598,1,15,MAZDA 3,9,E01016403,0,1
2024430319850,2024,430319850,1,9,0,18,19,5,1,0,0,1,1,0,0,0,1,1,6,6,2,21,5,1598,1,17,MAZDA 3,-1,-1,0,-1
2024991428458,2024,991428458,1,9,0,-1,19,7,4,-1,0,0,0,0,0,0,1,9,-1,6,3,-1,-1,1998,1,9,MAZDA 3,-1,-1,0,-1
2024211533196,2024,211533196,2,9,0,-1,-1,-1,-1,-1,-1,-1,-1,-1,-1,0,-1,1,-1,6,1,23,5,1598,1,14,MAZDA 3,-1,-1,0,-1
2024522401319,2024,522401319,2,9,0,2,2,0,0,0,0,0,0,0,0,0,2,1,6,6,1,26,6,1998,1,8,MAZDA 3,9,E01014556,0,1
2024111431235,2024,111431235,1,9,0,-1,19,5,1,-1,0,0,2,10,1,0,1,1,-1,6,1,48,8,1598,1,16,MAZDA 3,1,E01010659,0,5
2024351477717,2024,351477717,1,9,0,-1,5,1,5,-1,0,1,0,0,0,0,3,1,-1,6,2,27,6,2191,2,7,MAZDA 3,4,E01018060,0,1
2024010499931,2024,010499931,1,9,0,99,99,9,9,99,99,9,9,99,9,99,9,9,6,6,2,28,6,1598,1,20,MAZDA 3,9,E01003809,0,1
2024421456570,2024,421456570,1,9,-1,-1,19,3,5,-1,0,3,0,0,0,0,1,9,-1,6,3,-1,-1,1598,1,14,MAZDA 3,-1,-1,0,-1
2024010492913,2024,010492913,1,9,0,7,7,3,6,0,0,8,0,0,0,0,1,1,6,6,1,17,4,1598,1,19,MAZDA 3,4,E01000915,0,2
2024501489950,2024,501489950,1,9,0,-1,19,1,5,-1,0,1,0,0,0,0,1,1,-1,2,1,26,6,1598,1,13,MAZDA 3,6,E01019982,0,1
2024010516515,2024,010516515,1,9,0,5,5,1,5,0,0,4,0,0,0,0,2,1,6,6,2,66,10,1598,1,12,MAZDA 3,2,E01033604,0,1
2024461468033,2024,461468033,3,9,0,-1,2,0,0,-1,0,0,0,0,0,0,3,1,-1,6,1,34,6,1598,1,17,MAZDA 3,7,E01024403,0,1
2024501414830,2024,501414830,4,9,0,-1,3,8,3,-1,0,0,0,0,0,0,1,1,-1,6,1,37,7,1598,1,14,MAZDA 3,9,E01020019,0,4
2024221513453,2024,221513453,6,9,0,-1,19,4,8,-1,0,1,0,0,0,0,1,1,-1,6,1,22,5,2261,1,14,MAZDA 3,8,E01028907,0,2
2024332400229,2024,332400229,1,9,0,-1,19,5,1,-1,0,8,0,0,0,0,4,1,-1,2,1,25,5,1998,1,8,MAZDA 3,10,E01025904,0,1
2024211489835,2024,211489835,1,9,0,-1,19,7,3,-1,0,0,1,0,0,0,1,1,-1,9,1,73,10,1998,1,1,MAZDA 3,-1,-1,0,-1
2024131488572,2024,131488572,1,9,0,-1,9,-1,-1,-1,0,2,-1,-1,-1,-1,-1,1,-1,6,3,-1,-1,1349,1,19,MAZDA 3,-1,-1,0,-1
2024440149591,2024,440149591,2,9,0,3,3,2,6,0,0,1,0,0,0,0,2,1,2,2,2,44,7,2261,1,14,MAZDA 3,4,E01017151,0,1
2024041479324,2024,041479324,2,9,0,-1,2,0,0,-1,0,0,0,0,0,0,2,1,-1,6,-1,-1,-1,1598,1,19,MAZDA 3,-1,-1,0,-1
2024361452646,2024,361452646,1,9,0,-1,19,6,1,-1,0,0,2,7,3,0,3,1,-1,2,1,29,6,1598,1,17,MAZDA 3,1,E01026595,0,3
2024010537392,2024,010537392,2,9,0,99,99,9,9,99,99,9,9,99,9,99,9,9,6,6,3,-1,-1,1598,1,18,MAZDA 3,-1,-1,0,-1
2024991534653,2024,991534653,1,9,0,-1,2,0,0,-1,2,0,0,4,1,0,2,1,-1,6,1,35,6,1998,1,7,MAZDA 3,-1,-1,0,-1
2024201480662,2024,201480662,2,9,0,-1,19,6,2,-1,0,8,1,0,0,0,1,1,-1,9,1,37,7,1998,1,8,MAZDA 3,6,E01009034,0,1
2024991399482,2024,991399482,1,9,0,-1,4,2,6,-1,0,0,1,0,0,0,4,1,-1,1,1,34,6,1998,1,2,MAZDA 3,3,-1,0,4
2024201456344,2024,201456344,1,9,0,-1,19,4,8,-1,0,0,0,0,0,0,4,1,-1,2,2,38,7,1598,1,15,MAZDA 3,4,E01033615,0,1
2024010522149,2024,010522149,2,9,0,18,19,9,9,99,99,1,9,99,9,99,1,9,6,6,3,-1,-1,1998,1,10,MAZDA 3,5,E01034421,0,4
2024311548121,2024,311548121,2,9,0,-1,11,1,5,-1,0,0,0,0,0,0,3,1,-1,6,2,60,9,1598,1,16,MAZDA 3,2,E01013907,0,1
2024010513262,2024,010513262,1,9,0,99,99,9,9,99,99,9,9,99,9,99,1,9,6,6,3,-1,-1,1998,1,3,MAZDA 3,9,E01000444,0,3
2024401532103,2024,401532103,1,9,0,-1,9,1,7,-1,0,1,0,0,0,0,1,1,-1,6,1,18,4,1598,1,11,MAZDA 3,7,E01015745,0,1
2024991450349,2024,991450349,1,9,0,-1,5,2,6,-1,0,4,0,0,0,0,1,1,-1,6,2,31,6,2191,2,9,MAZDA 3,5,-1,0,1
2024991426440,2024,991426440,1,9,0,-1,19,5,1,-1,0,1,0,0,0,0,1,1,-1,6,2,49,8,1560,2,11,MAZDA 3,1,-1,0,1
2024010521748,2024,010521748,1,9,0,18,19,3,7,0,0,1,0,0,0,0,1,1,6,6,1,27,6,1999,1,15,MAZDA 3,-1,-1,0,-1
2024461534610,2024,461534610,1,9,0,-1,19,7,7,-1,0,0,0,0,0,0,1,1,-1,9,1,76,11,1560,2,14,MAZDA 3,4,E01024776,0,1
2024311406548,2024,311406548,1,9,0,-1,7,4,7,-1,0,2,0,0,0,0,3,1,-1,6,1,47,8,1998,1,7,MAZDA 3,7,E01028048,0,1
2024221413483,2024,221413483,1,9,0,-1,10,5,2,-1,0,1,0,0,0,0,2,1,-1,6,1,74,10,1998,1,10,MAZDA 3,9,E01032316,0,2
2024010533837,2024,010533837,1,9,0,7,7,5,8,0,0,2,0,0,1,11,1,1,6,6,1,69,10,1998,1,2,MAZDA 3,4,E01001683,0,1
2024451428440,2024,451428440,1,9,0,-1,9,3,7,-1,0,5,0,0,3,1,4,1,-1,9,1,51,8,1598,1,20,MAZDA 3,6,E01030458,0,1
2024041419597,2024,041419597,1,9,0,-1,19,-1,-1,-1,0,0,0,0,0,0,-1,9,-1,6,1,-1,-1,1998,1,4,MAZDA 3,10,E01024965,0,1
2024211429250,2024,211429250,2,9,-1,-1,3,6,2,-1,-1,-1,-1,-1,-1,0,-1,1,-1,2,2,48,8,1998,1,6,MAZDA 3,1,E01014331,0,1
2024351471464,2024,351471464,1,9,0,-1,9,3,1,-1,0,1,0,0,0,0,4,1,-1,9,1,48,8,1598,1,15,MAZDA 3,6,E01018247,0,2
2024010540978,2024,010540978,3,9,0,99,99,9,9,99,99,9,9,99,9,99,2,9,6,6,1,27,6,1598,1,14,MAZDA 3,7,E01003657,0,3
2024411482538,2024,411482538,2,9,0,-1,19,-1,-1,-1,0,0,0,0,0,0,1,1,-1,9,1,30,6,2184,2,10,MAZDA 3,9,E01018154,0,4
2024070908826,2024,070908826,2,9,0,-1,5,6,4,-1,0,6,0,0,0,0,3,1,-1,6,2,64,9,1598,1,15,MAZDA 3,8,E01018567,0,1
2024991476706,2024,991476706,2,9,0,-1,5,0,1,-1,0,0,0,0,0,0,1,1,-1,9,1,56,9,1598,1,19,MAZDA 3,-1,-1,0,-1
2024340WN5462,2024,340WN5462,1,9,0,-1,19,3,7,-1,0,2,0,0,0,0,1,1,-1,9,1,25,5,1598,1,16,MAZDA 3,8,E01027216,0,2
2024552400296,2024,552400296,2,9,0,3,3,8,4,0,0,1,0,0,0,0,2,1,6,6,2,43,7,1496,1,9,MAZDA 3,8,E01015333,0,1
2024501517054,2024,501517054,1,9,0,-1,19,7,3,-1,0,1,5,0,0,0,4,1,-1,9,2,19,4,1598,1,16,MAZDA 3,4,E01018779,0,1
2024991430653,2024,991430653,1,9,0,-1,9,3,1,-1,0,6,0,0,8,0,1,1,-1,2,2,42,7,1998,1,2,MAZDA 3,3,-1,0,1
2024101498153,2024,101498153,1,9,0,-1,19,2,6,-1,0,0,0,0,0,0,1,1,-1,2,1,32,6,2191,2,9,MAZDA 3,8,E01012243,0,4
2024451478010,2024,451478010,1,9,0,-1,19,2,6,-1,9,1,0,0,1,2,1,1,-1,6,1,26,6,1598,1,19,MAZDA 3,10,E01030380,0,1
2024552400498,2024,552400498,1,9,0,18,19,8,4,0,0,0,0,0,0,0,1,1,6,6,1,40,7,1598,1,15,MAZDA 3,5,E01015329,0,3
2024201463046,2024,201463046,2,9,0,-1,19,4,8,-1,0,8,0,10,1,2,1,1,-1,9,2,49,8,1998,1,6,MAZDA 3,2,E01010236,0,2
2024501499691,2024,501499691,1,9,0,-1,13,3,7,-1,0,1,5,0,7,1,1,1,-1,2,1,28,6,2191,2,9,MAZDA 3,7,E01034624,0,1
2024440058646,2024,440058646,2,9,0,17,19,7,3,0,0,0,0,0,1,11,1,1,3,7,1,35,6,1598,1,14,MAZDA 3,3,E01017149,0,1
2024010507891,2024,010507891,2,9,0,99,99,9,9,99,99,0,9,99,9,99,9,9,6,6,3,-1,-1,1598,1,16,MAZDA 3,4,E01033872,0,2
2024302400989,2024,302400989,1,9,0,18,19,5,1,0,0,1,0,0,0,0,3,1,6,6,2,33,6,1998,1,8,MAZDA 3,5,E01019456,0,1
2024430476443,2024,430476443,1,9,0,4,4,8,4,0,0,0,0,0,0,0,1,1,6,6,1,25,5,2191,2,9,MAZDA 3,7,E01015524,0,4
2024052401979,2024,052401979,1,9,0,9,9,3,1,0,0,8,0,0,0,0,1,1,2,2,1,54,8,1998,1,7,MAZDA 3,8,E01006525,0,1
2024131470565,2024,131470565,2,9,0,-1,2,0,0,-1,0,8,0,0,0,0,2,1,-1,6,-1,-1,-1,1998,1,9,MAZDA 3,-1,-1,0,-1
2024401541197,2024,401541197,1,9,0,-1,19,8,4,-1,0,0,0,0,0,0,1,1,-1,6,1,48,8,1598,1,19,MAZDA 3,3,E01027228,0,4
2024131431209,2024,131431209,2,9,0,-1,6,7,7,-1,0,1,0,0,0,0,4,1,-1,9,1,85,11,1998,1,1,MAZDA 3,8,E01010907,0,1
2024451506707,2024,451506707,2,9,0,-1,19,4,8,-1,0,0,0,0,0,0,3,1,-1,9,2,39,7,1598,1,11,MAZDA 3,5,E01003000,0,3
2024221495115,2024,221495115,1,9,0,-1,19,6,2,-1,0,0,0,0,7,0,1,1,-1,2,1,48,8,1598,1,15,MAZDA 3,2,E01032474,0,1
2024010536113,2024,010536113,1,9,0,99,99,9,9,99,99,9,9,99,9,99,9,9,6,6,2,42,7,1598,1,11,MAZDA 3,8,E01003446,0,1
2024131423910,2024,131423910,2,9,0,-1,3,6,2,-1,0,1,0,0,0,0,2,1,-1,6,3,-1,-1,1560,2,14,MAZDA 3,-1,-1,0,-1
2024471416027,2024,471416027,2,9,0,-1,19,7,3,-1,0,0,1,0,1,0,1,1,-1,6,1,26,6,1598,1,15,MAZDA 3,4,E01005632,0,5
2024522402913,2024,522402913,2,9,0,9,9,5,3,0,0,8,0,0,0,0,2,1,6,6,1,-1,-1,1598,1,18,MAZDA 3,8,E01014854,0,2
2024401548594,2024,401548594,1,9,0,-1,3,1,5,-1,0,1,0,0,0,0,2,1,-1,9,2,37,7,1598,1,18,MAZDA 3,9,E01011566,0,5
2024231499491,2024,231499491,2,9,0,-1,7,3,5,-1,0,6,0,0,0,0,1,9,-1,9,2,49,8,1998,1,1,MAZDA 3,6,E01009645,0,1
2024991442984,2024,991442984,1,9,0,-1,12,7,2,-1,0,7,0,0,0,0,0,1,-1,2,2,45,7,1598,1,15,MAZDA 3,10,-1,0,1
2024440550873,2024,440550873,1,9,0,18,19,2,6,0,0,1,0,0,0,0,1,1,2,2,1,29,6,1998,1,9,MAZDA 3,9,E01022719,0,3
2024231409221,2024,231409221,1,9,0,-1,7,2,4,-1,0,6,0,0,0,0,3,9,-1,6,1,20,4,1598,1,11,MAZDA 3,7,E01031260,0,1
2024471522038,2024,471522038,2,9,0,-1,19,-1,-1,-1,0,4,0,0,0,0,-1,1,-1,6,2,74,10,1598,1,15,MAZDA 3,6,E01034823,0,1
2024010548107,2024,010548107,2,9,0,-1,-1,6,2,0,0,1,0,0,0,0,1,1,6,6,3,-1,-1,2191,2,9,MAZDA 3,-1,-1,0,-1
2024351538022,2024,351538022,2,9,-1,-1,-1,-1,-1,-1,-1,0,-1,-1,-1,0,-1,9,-1,2,2,31,6,1998,1,10,MAZDA 3,4,E01029927,0,4
2024061484862,2024,061484862,2,9,0,-1,19,1,5,-1,0,0,0,0,0,0,2,1,-1,9,1,29,6,1598,1,11,MAZDA 3,5,E01005646,0,2
2024340WN4462,2024,340WN4462,2,9,0,-1,19,3,7,-1,0,0,0,0,0,0,1,1,-1,6,1,26,6,1560,2,13,MAZDA 3,5,E01027138,0,1
2024010515353,2024,010515353,1,9,0,99,99,9,9,99,99,9,9,99,9,99,2,9,6,6,2,44,7,1998,1,10,MAZDA 3,6,E01001029,0,1
2024161425955,2024,161425955,1,9,0,-1,19,7,3,-1,0,0,0,0,0,0,1,1,-1,6,2,44,7,1998,1,8,MAZDA 3,3,E01013156,0,1
2024010510848,2024,010510848,2,9,0,2,2,0,0,0,0,0,0,0,0,0,2,1,6,6,3,-1,-1,1598,1,16,MAZDA 3,-1,-1,0,-1
2024010525428,2024,010525428,1,9,0,9,9,1,7,0,0,6,0,0,0,0,3,1,6,6,2,70,10,1598,1,18,MAZDA 3,4,E01016529,0,4
2024440329371,2024,440329371,1,9,0,18,19,2,6,0,0,0,0,0,0,0,1,1,6,6,1,24,5,1998,1,9,MAZDA 3,10,E01022694,0,1
2024131441555,2024,131441555,1,9,0,-1,9,1,4,-1,0,8,0,0,0,0,1,1,-1,9,2,57,9,1598,1,16,MAZDA 3,4,E01011794,0,2
2024552400657,2024,552400657,1,9,0,9,9,6,3,0,0,8,0,0,0,0,1,1,6,6,2,54,8,1598,1,18,MAZDA 3,4,E01015321,0,1
2024421472227,2024,421472227,1,9,0,-1,19,8,4,-1,0,0,0,0,0,0,1,1,-1,9,2,52,8,1598,1,14,MAZDA 3,9,E01021721,0,4
2024451419592,2024,451419592,3,9,0,-1,4,7,3,-1,0,0,0,0,0,0,3,1,-1,9,1,49,8,2183,2,11,MAZDA 3,8,E01030574,0,1
2024010545978,2024,010545978,1,9,0,18,19,8,4,0,0,2,1,0,0,0,1,1,2,2,2,33,6,1998,1,6,MAZDA 3,8,E01030704,0,2
2024340WN5542,2024,340WN5542,1,9,0,-1,4,7,3,-1,0,0,0,0,0,0,4,1,-1,6,1,34,6,2183,2,15,MAZDA 3,3,E01027317,0,2
2024552400026,2024,552400026,1,9,0,9,9,1,7,0,0,6,0,0,0,0,1,1,6,6,2,50,8,1560,2,12,MAZDA 3,6,E01034374,0,1
2024010513733,2024,010513733,1,9,0,18,19,5,1,0,0,0,0,0,0,0,1,1,6,6,1,23,5,2184,2,10,MAZDA 3,3,E01003829,0,2
2024221524982,2024,221524982,1,9,0,-1,5,4,7,-1,0,4,0,0,0,0,1,1,-1,9,1,38,7,1998,1,10,MAZDA 3,9,E01032218,0,1
2024531525360,2024,531525360,5,9,0,-1,4,7,3,-1,0,0,0,0,0,0,2,1,-1,9,2,30,6,2191,2,8,MAZDA 3,9,E01022372,0,4
2024552401136,2024,552401136,2,9,0,18,19,5,1,0,0,8,0,0,0,0,1,1,6,6,1,76,11,1598,1,12,MAZDA 3,6,E01034378,0,2
2024471447088,2024,471447088,1,9,0,-1,9,2,6,-1,0,4,0,0,0,0,1,1,-1,1,2,33,6,1598,1,12,MAZDA 3,5,E01031565,0,1
2024201451229,2024,201451229,1,9,0,-1,19,4,8,-1,0,0,0,0,0,0,1,1,-1,6,1,27,6,1598,1,14,MAZDA 3,-1,-1,0,-1
2024221429524,2024,221429524,1,9,0,-1,14,2,6,-1,0,2,0,0,0,0,1,2,-1,2,2,45,7,1560,2,12,MAZDA 3,6,E01032407,0,1
2024201460626,2024,201460626,1,9,0,-1,5,5,1,-1,0,0,0,0,0,0,3,1,-1,6,1,25,5,1598,1,11,MAZDA 3,3,E01009086,0,1
2024361442775,2024,361442775,2,9,0,-1,19,4,8,-1,0,0,0,0,0,0,2,1,-1,6,2,21,5,1496,2,8,MAZDA 3,6,E01026924,0,1
2024361506849,2024,361506849,1,9,0,-1,19,1,5,-1,0,0,0,0,0,0,1,1,-1,6,3,-1,-1,1598,1,13,MAZDA 3,-1,-1,0,-1
2024010505329,2024,010505329,1,9,0,18,19,1,5,0,0,1,2,7,0,0,1,1,1,1,1,28,6,1598,1,17,MAZDA 3,4,E01004452,0,1
2024520002981,2024,520002981,2,9,0,7,7,9,9,0,0,8,0,0,0,0,1,1,6,6,3,-1,-1,1598,1,14,MAZDA 3,-1,-1,0,-1
2024131464373,2024,131464373,3,9,0,-1,2,0,0,-1,0,1,0,0,0,0,2,1,-1,6,-1,-1,-1,1598,1,17,MAZDA 3,-1,-1,0,-1
2024371425604,2024,371425604,1,9,0,-1,9,7,5,-1,0,6,0,0,0,0,1,9,-1,9,1,30,6,1598,1,14,MAZDA 3,2,E01029969,0,4
2024010511271,2024,010511271,2,9,0,18,19,1,5,0,0,2,0,0,0,0,0,1,6,6,1,35,6,1999,1,13,MAZDA 3,5,E01035486,0,1
2024052401498,2024,052401498,9,9,0,3,3,7,3,0,0,1,0,0,0,0,1,1,2,2,1,31,6,1998,1,0,MAZDA 3,1,E01006647,0,1
2024371403115,2024,371403115,1,9,0,-1,19,3,7,-1,0,0,2,0,1,0,4,9,-1,6,1,20,4,1999,1,18,MAZDA 3,5,E01030053,0,2
2024061458860,2024,061458860,1,9,0,-1,5,2,8,-1,0,6,0,0,0,0,1,1,-1,6,1,51,8,1998,1,9,MAZDA 3,-1,-1,0,-1
2024010500231,2024,010500231,2,9,0,99,99,9,9,99,99,9,9,99,9,99,9,9,6,6,3,-1,-1,1598,1,17,MAZDA 3,-1,-1,0,-1
2024221477974,2024,221477974,2,9,0,-1,19,7,8,-1,0,0,0,0,0,0,1,1,-1,6,1,23,5,1598,1,15,MAZDA 3,2,E01008881,0,3
2024440333916,2024,440333916,1,9,0,18,19,4,8,0,0,0,0,0,0,0,1,1,6,6,1,85,11,1598,1,15,MAZDA 3,8,E01022583,0,1
202454E289124,2024,54E289124,1,9,0,18,19,5,1,0,0,0,0,0,0,0,1,1,6,6,1,75,10,1598,1,12,MAZDA 3,7,E01031961,0,1
2024361524413,2024,361524413,2,9,0,-1,3,1,5,-1,0,2,0,0,0,0,2,1,-1,6,1,37,7,1598,1,18,MAZDA 3,1,E01026688,0,1
2024201413573,2024,201413573,1,9,0,-1,19,2,7,-1,0,0,0,4,0,0,1,9,-1,6,1,18,4,1598,1,16,MAZDA 3,1,E01008935,0,3
2024411455211,2024,411455211,1,9,0,-1,19,1,5,-1,0,0,0,0,0,0,1,1,-1,6,1,42,7,1598,1,14,MAZDA 3,7,E01033023,0,1
2024421492891,2024,421492891,1,9,0,-1,4,1,5,-1,0,0,0,0,0,0,1,1,-1,2,1,34,6,1998,1,0,MAZDA 3,8,E01021396,0,2
2024351479605,2024,351479605,2,9,0,-1,19,6,1,-1,0,0,0,0,1,4,1,1,-1,9,1,19,4,1998,1,0,MAZDA 3,7,E01018065,0,3
2024440087575,2024,440087575,1,9,0,9,9,8,6,0,0,5,0,0,0,0,3,1,6,6,2,63,9,1598,1,11,MAZDA 3,10,E01022851,0,1
2024141444339,2024,141444339,2,9,0,-1,19,5,1,-1,0,8,0,0,0,0,1,1,-1,6,1,40,7,1598,1,13,MAZDA 3,1,E01007947,0,2
2024451474475,2024,451474475,2,9,0,-1,19,1,5,-1,0,4,0,0,0,0,1,1,-1,6,1,50,8,1998,1,3,MAZDA 3,-1,-1,0,-1
2024320356383,2024,320356383,1,9,0,-1,-1,8,4,0,0,5,0,0,1,1,1,1,-1,-1,1,48,8,1999,1,15,MAZDA 3,4,E01026140,0,3
2024546178924,2024,546178924,2,9,0,18,19,2,6,0,0,1,0,0,0,0,1,1,1,1,1,44,7,1598,1,16,MAZDA 3,8,E01001386,0,5
2024991428474,2024,991428474,1,9,0,-1,5,6,2,-1,9,6,0,0,0,0,1,1,-1,6,1,62,9,1998,1,8,MAZDA 3,-1,-1,0,-1
2024991488884,2024,991488884,1,9,0,-1,19,5,1,-1,0,4,0,0,0,0,1,1,-1,2,1,30,6,1998,1,3,MAZDA 3,5,-1,0,1
2024531425610,2024,531425610,1,9,0,-1,19,3,7,-1,0,0,1,0,0,0,2,1,-1,2,1,28,6,1999,1,19,MAZDA 3,1,E01022152,0,2
2024010499893,2024,010499893,1,9,0,1,1,4,8,0,0,0,0,0,0,0,2,1,6,6,3,-1,-1,1998,1,7,MAZDA 3,-1,-1,0,-1
2024461510692,2024,461510692,2,9,0,-1,19,5,1,-1,0,0,0,0,0,0,4,9,-1,6,1,39,7,1998,1,8,MAZDA 3,6,E01024172,0,1
2024311433974,2024,311433974,1,9,0,-1,9,7,1,-1,0,5,0,0,3,0,1,1,-1,9,1,19,4,1598,1,14,MAZDA 3,2,E01013858,0,1
2024061474052,2024,061474052,4,9,0,-1,19,7,3,-1,0,0,0,0,0,0,1,1,-1,6,1,45,7,1598,1,17,MAZDA 3,1,E01033674,0,1
2024010511016,2024,010511016,1,9,0,9,9,1,7,0,0,5,0,0,0,0,4,1,6,6,1,40,7,1598,1,11,MAZDA 3,6,E01023359,0,4
2024440321736,2024,440321736,2,9,0,3,3,3,7,0,0,0,0,0,0,0,2,1,2,2,1,-1,-1,1598,1,16,MAZDA 3,-1,-1,0,-1
2024520403438,2024,520403438,2,9,0,18,19,1,5,0,0,8,0,0,0,0,3,1,6,6,1,42,7,1998,1,4,MAZDA 3,4,E01027935,0,5
2024471394946,2024,471394946,1,9,0,-1,9,3,7,-1,0,8,0,0,0,0,3,1,-1,9,1,24,5,1598,1,13,MAZDA 3,6,E01016872,0,1
2024631532417,2024,631532417,2,9,0,-1,19,7,3,-1,0,8,0,0,0,0,3,2,-1,6,1,73,10,1598,1,11,MAZDA 3,7,W01001000,0,4
2024141445812,2024,141445812,2,9,0,-1,19,4,8,-1,0,8,1,0,0,0,4,1,-1,9,2,35,6,1560,2,12,MAZDA 3,9,E01008141,0,1
2024201484065,2024,201484065,1,9,0,-1,3,3,7,-1,0,1,0,0,0,0,2,1,-1,9,1,29,6,2183,2,14,MAZDA 3,1,E01009333,0,1
2024131431502,2024,131431502,2,9,0,-1,12,5,1,-1,0,8,0,0,0,0,3,1,-1,2,2,40,7,1999,1,15,MAZDA 3,1,E01011340,0,1
2024440543427,2024,440543427,1,9,0,3,3,3,7,0,0,2,0,0,0,0,2,1,6,6,1,40,7,1598,1,15,MAZDA 3,6,E01022736,0,1
2024141402936,2024,141402936,1,9,0,-1,19,2,1,-1,0,2,0,0,0,0,1,1,-1,9,1,70,10,1598,1,17,MAZDA 3,4,E01011839,0,4
2024161488100,2024,161488100,2,9,0,-1,2,0,0,-1,0,0,0,0,0,0,4,1,-1,6,-1,-1,-1,1998,1,7,MAZDA 3,-1,-1,0,-1
2024531400888,2024,531400888,2,9,0,-1,19,5,1,-1,0,0,0,0,0,0,2,1,-1,2,2,42,7,1598,1,18,MAZDA 3,6,E01034796,0,3
2024111532786,2024,111532786,1,9,-1,-1,-1,-1,-1,-1,-1,0,-1,-1,-1,0,4,9,-1,2,1,41,7,2184,2,8,MAZDA 3,6,E01020654,0,1
2024010546673,2024,010546673,1,9,0,15,15,5,1,0,0,6,0,0,0,0,1,1,6,6,1,23,5,1998,1,9,MAZDA 3,5,E01003341,0,1
2024440200869,2024,440200869,1,9,0,18,19,5,1,0,0,0,0,0,0,0,1,1,6,6,2,44,7,1998,1,8,MAZDA 3,9,E01032842,0,1
2024440057047,2024,440057047,1,9,0,18,19,4,8,0,0,8,0,0,0,0,1,1,2,2,2,40,7,1998,1,10,MAZDA 3,8,E01022958,0,1
2024440500406,2024,440500406,2,9,0,4,4,7,3,0,0,0,0,0,0,0,1,1,6,6,2,68,10,1598,1,19,MAZDA 3,10,E01023038,0,3
2024991480831,2024,991480831,1,9,0,-1,19,1,5,-1,0,0,0,12,0,0,1,1,-1,9,1,34,6,1998,1,9,MAZDA 3,10,-1,0,3
2024461410471,2024,461410471,1,9,0,-1,7,1,7,-1,0,0,0,0,0,0,1,9,-1,6,1,25,5,1998,1,4,MAZDA 3,8,E01024636,0,1
2024061418397,2024,061418397,1,9,0,-1,-1,-1,-1,-1,-1,-1,-1,-1,-1,0,-1,1,-1,6,1,-1,-1,1998,1,7,MAZDA 3,2,E01005553,0,1
2024401523176,2024,401523176,2,9,0,-1,2,0,0,-1,0,1,0,0,0,0,2,1,-1,9,2,45,7,1998,1,4,MAZDA 3,3,E01017595,0,3
2024101536342,2024,101536342,5,8,0,-1,19,1,5,-1,0,0,0,0,0,0,1,1,-1,1,1,38,7,1998,1,8,MAZDA 3,-1,-1,0,-1
2024201415930,2024,201415930,2,9,0,-1,3,6,2,-1,0,2,0,0,0,0,2,9,-1,6,1,26,6,1598,1,16,MAZDA 3,-1,-1,0,-1
2024451518423,2024,451518423,1,9,0,-1,7,2,4,-1,0,8,0,0,0,0,3,1,-1,2,1,45,7,1496,2,6,MAZDA 3,5,E01030656,0,2
2024501407281,2024,501407281,2,9,0,-1,4,1,5,-1,0,1,0,0,0,0,2,9,-1,6,2,39,7,1598,1,16,MAZDA 3,1,E01015048,0,1
2024451439390,2024,451439390,1,9,0,-1,11,3,7,-1,0,0,1,0,1,0,0,1,-1,9,2,32,6,1598,1,18,MAZDA 3,2,E01008897,0,5
2024010524808,2024,010524808,1,9,0,16,19,3,7,0,0,0,5,0,1,10,3,1,2,2,1,68,10,1998,1,9,MAZDA 3,7,E01000198,0,2
2024131478990,2024,131478990,1,9,0,-1,19,6,2,-1,0,0,5,0,0,0,1,1,-1,9,1,30,6,1598,1,16,MAZDA 3,7,E01011571,0,1
2024340WN6422,2024,340WN6422,2,9,0,-1,19,2,6,-1,0,8,0,0,0,0,4,1,-1,2,1,49,8,1999,1,15,MAZDA 3,-1,-1,0,-1