collision_index,collision_year,collision_ref_no,vehicle_reference,vehicle_type,towing_and_articulation,vehicle_manoeuvre_historic,vehicle_manoeuvre,vehicle_direction_from,vehicle_direction_to,vehicle_location_restricted_lane_historic,vehicle_location_restricted_lane,junction_location,skidding_and_overturning,hit_object_in_carriageway,vehicle_leaving_carriageway,hit_object_off_carriageway,first_point_of_impact,vehicle_left_hand_drive,journey_purpose_of_driver_historic,journey_purpose_of_driver,sex_of_driver,age_of_driver,age_band_of_driver,engine_capacity_cc,propulsion_code,age_of_vehicle,generic_make_model,driver_imd_decile,lsoa_of_driver,escooter_flag,driver_distance_banding
2024501526701,2024,501526701,1,9,0,-1,10,7,5,-1,0,1,0,0,0,0,1,9,-1,6,3,-1,-1,1598,1,16,MAZDA 3,-1,-1,0,-1
2024010517737,2024,010517737,2,9,0,99,99,9,9,99,99,9,9,99,9,99,9,9,6,6,3,34,6,1598,1,13,MAZDA 3,4,E01001465,0,3
2024010503122,2024,010503122,1,9,0,99,99,9,9,99,99,9,9,99,9,99,9,9,6,6,2,26,6,1598,1,18,MAZDA 3,3,E01001215,0,1
2024201425076,2024,201425076,1,9,0,-1,6,1,5,-1,0,0,0,0,0,0,1,1,-1,6,2,56,9,1598,1,12,MAZDA 3,2,E01034955,0,1
2024061534114,2024,061534114,3,9,0,-1,2,0,0,-1,0,2,0,0,0,0,3,1,-1,6,2,46,8,1560,2,13,MAZDA 3,3,E01033680,0,1
2024031403289,2024,031403289,1,9,0,-1,19,3,6,-1,0,8,0,0,0,0,1,9,-1,9,2,25,5,1598,1,15,MAZDA 3,3,E01019126,0,4
2024461518334,2024,461518334,1,9,0,-1,3,1,5,-1,0,1,0,0,0,0,1,1,-1,6,1,21,5,1598,1,12,MAZDA 3,5,E01016034,0,1
2024361484753,2024,361484753,2,9,0,-1,19,1,2,-1,0,0,0,0,0,0,1,1,-1,9,1,24,5,2183,2,14,MAZDA 3,5,E01026501,0,3
2024302400711,2024,302400711,2,9,0,16,19,5,1,0,0,1,0,0,0,0,1,1,2,2,1,62,9,1998,1,2,MAZDA 3,6,E01025940,0,4
2024070516759,2024,070516759,3,9,0,17,19,5,1,0,0,0,0,0,0,0,1,1,6,6,1,34,6,1998,1,7,MAZDA 3,10,E01018322,0,1
2024010512135,2024,010512135,1,9,0,18,19,6,2,0,0,1,5,10,1,10,1,1,6,6,1,35,6,1598,1,19,MAZDA 3,-1,-1,0,-1
2024411450258,2024,411450258,2,9,0,-1,8,6,4,-1,0,1,0,0,0,0,1,1,-1,2,1,42,7,1998,1,9,MAZDA 3,8,E01023658,0,1
2024471430936,2024,471430936,3,9,0,-1,2,0,0,-1,0,0,0,4,0,0,4,1,-1,6,-1,-1,-1,1598,1,18,MAZDA 3,-1,-1,0,-1
2024610004924,2024,610004924,1,9,0,11,11,7,3,0,0,0,0,0,0,0,1,1,6,6,1,34,6,1998,1,6,MAZDA 3,1,W01001707,0,3
2024052400625,2024,052400625,1,9,0,9,9,3,1,0,0,1,0,0,0,0,1,1,6,6,2,61,9,1998,1,7,MAZDA 3,10,E01007188,0,1
2024302500196,2024,302500196,2,9,0,-1,19,4,8,-1,0,8,0,0,0,0,1,1,-1,6,3,23,5,1598,1,12,MAZDA 3,1,E01019575,0,1
2024440157021,2024,440157021,3,9,0,2,2,0,0,0,0,0,0,0,0,0,2,1,6,6,2,-1,-1,1598,1,16,MAZDA 3,-1,-1,0,-1
2024161422939,2024,161422939,1,9,0,-1,19,1,5,-1,0,2,0,0,0,0,1,1,-1,6,2,83,11,2183,2,15,MAZDA 3,4,E01012801,0,1
2024471494028,2024,471494028,1,9,0,-1,5,3,8,-1,1,1,0,0,0,0,1,1,-1,1,2,19,4,1598,1,17,MAZDA 3,6,E01031402,0,2
2024010524982,2024,010524982,2,9,0,18,19,5,1,0,0,1,0,0,0,0,1,1,2,2,1,39,7,1496,1,8,MAZDA 3,4,E01002130,0,1
2024471462015,2024,471462015,2,9,0,-1,19,8,5,-1,0,0,0,0,0,0,4,1,-1,9,1,25,5,1598,1,15,MAZDA 3,4,E01031605,0,1
2024332400755,2024,332400755,2,9,0,-1,19,6,2,-1,0,0,0,0,0,0,1,1,-1,6,1,37,7,1598,1,16,MAZDA 3,1,E01031090,0,3
2024010551335,2024,010551335,2,9,0,-1,-1,3,7,0,0,2,0,4,0,0,1,1,6,6,1,64,9,1998,1,7,MAZDA 3,7,E01021765,0,1
2024010509989,2024,010509989,2,9,0,7,7,3,5,0,0,8,0,0,0,0,1,1,4,7,2,39,7,1998,1,9,MAZDA 3,6,E01002555,0,1
2024311530029,2024,311530029,2,9,0,-1,5,6,2,-1,0,0,0,0,0,0,1,1,-1,9,1,34,6,1998,1,9,MAZDA 3,3,E01027967,0,1
2024461432804,2024,461432804,1,9,0,-1,19,3,7,-1,0,1,0,0,0,0,1,1,-1,9,1,27,6,1598,1,18,MAZDA 3,7,E01024740,0,1
2024430592443,2024,430592443,2,9,0,18,19,1,5,0,0,0,0,0,0,0,1,1,6,6,1,45,7,1598,1,13,MAZDA 3,5,E01016731,0,1
2024461409588,2024,461409588,1,9,0,-1,5,4,8,-1,0,4,0,0,0,0,1,1,-1,6,2,33,6,1598,1,13,MAZDA 3,7,E01032737,0,4
2024430299437,2024,430299437,1,9,0,18,19,8,4,0,0,0,1,10,1,9,2,1,2,2,2,26,6,1998,1,8,MAZDA 3,9,E01033832,0,3
2024010514346,2024,010514346,1,9,0,1,1,6,2,9,9,0,0,0,7,11,2,1,6,6,1,55,8,1998,1,10,MAZDA 3,2,E01000781,0,1
2024401503754,2024,401503754,1,9,0,-1,5,1,5,-1,0,0,0,0,0,0,1,1,-1,6,1,35,6,1598,1,17,MAZDA 3,9,E01015697,0,1
2024141452695,2024,141452695,2,9,0,-1,19,3,8,-1,0,8,0,0,0,0,1,1,-1,1,2,52,8,1598,1,16,MAZDA 3,2,E01007349,0,2
2024371445669,2024,371445669,1,9,0,-1,9,2,3,-1,0,1,0,0,0,0,4,1,-1,2,1,24,5,1560,2,12,MAZDA 3,4,E01030295,0,4
2024201516592,2024,201516592,1,9,0,-1,9,7,5,-1,0,5,0,0,0,0,1,9,-1,6,3,-1,-1,2183,2,11,MAZDA 3,-1,-1,0,-1
2024131480731,2024,131480731,2,9,0,-1,19,1,3,-1,0,0,0,0,0,0,3,1,-1,9,1,43,7,1598,1,19,MAZDA 3,4,E01011482,0,1
2024430195121,2024,430195121,1,9,0,4,4,6,2,0,0,1,0,0,0,0,1,1,6,6,1,22,5,1560,2,11,MAZDA 3,8,E01018159,0,4
2024010509445,2024,010509445,1,9,0,18,19,7,3,0,0,8,0,0,0,0,1,1,6,6,1,30,6,1598,1,15,MAZDA 3,-1,-1,0,-1
2024411519149,2024,411519149,2,9,0,-1,9,7,5,-1,0,8,0,0,0,0,4,1,-1,7,1,27,6,1598,1,11,MAZDA 3,6,E01023388,0,1
2024221463038,2024,221463038,1,9,0,-1,9,5,2,-1,0,6,0,0,0,0,3,9,-1,6,2,71,10,1998,1,9,MAZDA 3,7,W01001933,0,5
2024031492480,2024,031492480,1,9,0,-1,1,1,3,-1,0,1,0,0,0,0,2,1,-1,6,2,49,8,2183,2,11,MAZDA 3,7,E01019133,0,4
2024041478806,2024,041478806,2,9,0,-1,19,5,1,-1,0,6,0,0,0,0,4,1,-1,9,2,50,8,1598,1,19,MAZDA 3,6,E01025548,0,3
2024101472841,2024,101472841,2,9,0,-1,19,1,5,-1,0,0,0,0,0,0,3,1,-1,2,1,27,6,1560,2,11,MAZDA 3,4,E01008306,0,2
2024520402065,2024,520402065,1,9,0,2,2,0,0,0,0,0,0,0,0,0,2,1,6,6,2,31,6,1598,1,17,MAZDA 3,4,E01035116,0,1
2024201430426,2024,201430426,1,9,0,-1,19,1,5,-1,0,4,0,0,0,0,3,1,-1,6,1,53,8,1998,1,8,MAZDA 3,9,E01009787,0,1
2024471488715,2024,471488715,1,9,0,-1,19,6,2,-1,0,0,0,0,0,0,3,1,-1,9,1,19,4,1560,2,11,MAZDA 3,5,E01023206,0,4
2024070744500,2024,070744500,1,9,0,-1,4,8,4,-1,0,0,0,0,0,0,3,1,-1,6,1,40,7,1998,1,5,MAZDA 3,10,E01018554,0,1
2024421528967,2024,421528967,1,9,0,-1,19,7,3,-1,0,3,0,0,0,0,3,1,-1,6,2,28,6,1998,1,4,MAZDA 3,9,E01032611,0,4
2024440084370,2024,440084370,1,9,0,18,19,2,6,0,0,0,0,0,0,0,2,1,6,6,2,41,7,1598,1,16,MAZDA 3,10,E01023169,0,2
2024141533376,2024,141533376,2,9,0,-1,19,3,7,-1,0,1,0,0,0,0,1,1,-1,6,1,30,6,1998,1,8,MAZDA 3,1,E01007339,0,1
2024131515667,2024,131515667,2,9,0,-1,19,7,3,-1,0,8,0,0,0,0,4,1,-1,9,2,28,6,1496,2,8,MAZDA 3,4,E01010798,0,2
2024440236459,2024,440236459,1,9,0,18,19,4,8,0,0,8,0,0,0,0,3,1,6,6,1,23,5,1598,1,18,MAZDA 3,6,E01016304,0,4
2024010528255,2024,010528255,1,9,0,99,99,9,9,99,99,9,9,99,9,99,9,9,6,6,2,35,6,2191,2,6,MAZDA 3,6,E01030700,0,1
2024010527983,2024,010527983,1,9,0,9,9,3,1,0,0,2,0,0,0,0,2,1,6,6,2,18,4,1998,1,0,MAZDA 3,6,E01000486,0,1
2024531444279,2024,531444279,2,9,0,-1,19,3,7,-1,0,0,0,0,0,0,4,1,-1,1,1,31,6,1598,1,15,MAZDA 3,4,E01022301,0,1
2024461523898,2024,461523898,1,9,0,-1,19,5,1,-1,0,0,1,11,0,0,1,1,-1,2,2,30,6,2488,1,0,MAZDA 3,8,E01024045,0,2
2024991496841,2024,991496841,1,9,0,-1,19,5,1,-1,0,0,0,0,0,0,1,2,-1,6,1,18,4,1598,1,13,MAZDA 3,1,-1,0,1
2024401516723,2024,401516723,1,9,0,-1,5,2,6,-1,0,0,0,0,0,0,1,1,-1,6,1,26,6,1598,1,16,MAZDA 3,2,E01015738,0,1
2024332400156,2024,332400156,1,9,0,-1,19,7,3,-1,0,0,0,0,1,3,1,1,-1,6,2,44,7,1598,1,19,MAZDA 3,2,E01013746,0,1
2024041397080,2024,041397080,1,9,0,-1,19,5,1,-1,0,8,0,0,0,0,1,1,-1,9,1,68,10,1998,1,8,MAZDA 3,6,E01025419,0,1
2024411450326,2024,411450326,2,9,0,-1,5,8,2,-1,0,8,0,0,0,0,3,1,-1,9,1,81,11,1598,1,13,MAZDA 3,8,E01023625,0,3
2024131438296,2024,131438296,1,9,0,-1,11,6,2,-1,0,0,0,0,0,0,4,1,-1,6,3,-1,-1,1560,2,12,MAZDA 3,-1,-1,0,-1
2024131507669,2024,131507669,2,9,0,-1,19,1,5,-1,0,1,1,0,0,0,3,1,-1,6,2,49,8,1560,2,13,MAZDA 3,3,E01010791,0,1
2024131513212,2024,131513212,2,9,0,-1,9,3,1,-1,9,8,0,0,0,0,3,1,-1,9,1,29,6,1998,1,10,MAZDA 3,5,E01011356,0,1
2024070594652,2024,070594652,1,9,0,9,9,1,5,0,0,0,0,0,0,0,3,1,2,2,1,20,4,1598,1,13,MAZDA 3,7,E01018338,0,2
2024361407747,2024,361407747,2,9,0,-1,10,4,6,-1,0,1,0,0,0,0,1,1,-1,6,2,43,7,1598,1,12,MAZDA 3,9,E01035146,0,1
2024531395666,2024,531395666,1,9,0,-1,19,5,1,-1,0,0,0,0,1,4,1,1,-1,9,1,84,11,1998,1,1,MAZDA 3,5,E01031312,0,4
2024311465356,2024,311465356,1,9,0,-1,19,4,8,-1,0,0,0,0,0,0,1,1,-1,1,1,37,7,1598,1,18,MAZDA 3,4,E01028192,0,2
2024010526602,2024,010526602,2,9,0,99,99,9,9,99,99,9,9,99,9,99,2,9,6,6,1,35,6,1998,1,7,MAZDA 3,10,E01024144,0,3
2024421420782,2024,421420782,1,9,0,-1,19,5,1,-1,0,0,0,0,0,0,1,9,-1,9,2,40,7,1598,1,15,MAZDA 3,2,E01015929,0,2
2024010525111,2024,010525111,2,9,0,99,99,9,9,99,99,9,9,99,9,99,1,9,6,6,3,-1,-1,1598,1,18,MAZDA 3,3,E01002540,0,4
2024522403156,2024,522403156,2,9,0,4,4,2,6,0,0,0,0,0,0,0,2,1,6,6,2,33,6,1598,1,13,MAZDA 3,5,E01014843,0,4
2024201513992,2024,201513992,2,9,0,-1,19,3,7,-1,0,0,0,0,0,0,3,1,-1,9,2,27,6,1560,2,11,MAZDA 3,1,E01005142,0,5
2024471408464,2024,471408464,2,9,0,-1,4,3,7,-1,0,1,0,0,0,0,2,1,-1,2,2,50,8,1598,1,16,MAZDA 3,2,E01016978,0,1
2024371485625,2024,371485625,2,9,0,-1,4,5,-1,-1,0,1,0,0,0,0,2,1,-1,9,2,38,7,1998,1,3,MAZDA 3,9,E01029872,0,3
2024010547038,2024,010547038,1,9,0,18,19,5,1,0,0,1,5,10,8,10,3,1,6,6,1,38,7,1598,1,17,MAZDA 3,-1,-1,0,-1
2024302400235,2024,302400235,1,9,0,9,9,6,4,0,0,2,0,0,0,0,1,1,6,6,1,33,6,1598,1,17,MAZDA 3,1,E01013566,0,1
2024411489413,2024,411489413,1,9,0,-1,19,1,5,-1,0,0,0,0,0,0,4,1,-1,6,1,-1,-1,1998,1,7,MAZDA 3,-1,-1,0,-1
2024501483649,2024,501483649,3,9,0,-1,3,3,7,-1,0,0,0,0,0,0,2,1,-1,9,1,37,7,1998,1,5,MAZDA 3,7,E01034623,0,2
2024351406749,2024,351406749,2,9,0,-1,19,1,5,-1,0,0,0,0,0,0,4,1,-1,6,1,51,8,1998,1,8,MAZDA 3,10,E01018248,0,1
2024010503502,2024,010503502,1,9,0,9,9,4,3,0,0,6,0,0,0,0,3,1,6,6,1,71,10,1598,1,18,MAZDA 3,5,E01000799,0,1
2024430413906,2024,430413906,2,9,0,7,7,1,4,0,0,6,0,0,0,0,3,1,6,6,1,-1,-1,1998,1,5,MAZDA 3,9,E01016269,0,2
2024201456658,2024,201456658,2,9,0,-1,19,2,6,-1,0,8,0,0,0,0,1,9,-1,9,1,49,8,1998,1,10,MAZDA 3,10,E01029862,0,3
2024111493634,2024,111493634,1,9,0,-1,19,1,4,-1,0,1,1,0,7,0,1,1,-1,9,1,18,4,1560,2,11,MAZDA 3,1,E01012273,0,2
2024131403192,2024,131403192,2,9,0,-1,19,3,7,-1,0,0,0,0,2,0,4,1,-1,6,1,41,7,1998,1,7,MAZDA 3,3,E01010662,0,1
2024201515212,2024,201515212,1,9,0,-1,19,8,4,-1,0,1,0,0,0,0,1,1,-1,6,1,47,8,1598,1,14,MAZDA 3,-1,-1,0,-1
2024421442636,2024,421442636,1,9,0,-1,7,1,3,-1,0,1,0,0,0,0,1,9,-1,6,1,-1,-1,1998,1,6,MAZDA 3,-1,-1,0,-1
2024461499911,2024,461499911,1,9,0,-1,4,7,3,-1,0,0,0,0,0,0,1,1,-1,9,2,51,8,1998,1,9,MAZDA 3,2,E01003540,0,3
2024010516710,2024,010516710,2,9,0,99,99,9,9,99,99,9,9,99,9,99,9,9,6,6,3,-1,-1,1598,1,19,MAZDA 3,-1,-1,0,-1
2024010504896,2024,010504896,2,9,0,99,99,9,9,99,99,9,9,99,9,99,9,9,6,6,3,79,11,1999,1,18,MAZDA 3,5,E01015928,0,2
2024501401401,2024,501401401,1,20,0,-1,19,8,4,-1,0,1,0,0,0,0,1,9,-1,2,1,21,5,2488,2,16,-1,5,E01018903,0,4
2024552401376,2024,552401376,1,19,0,18,19,4,8,0,0,0,5,0,7,0,0,1,2,2,1,60,9,2953,2,20,-1,7,E01020487,0,1
2024461434446,2024,461434446,1,20,0,-1,19,1,5,-1,0,1,0,0,0,0,-1,9,-1,9,3,-1,-1,-1,-1,-1,-1,-1,-1,0,-1
2024501460443,2024,501460443,1,19,0,-1,19,1,5,-1,0,0,1,0,0,0,1,1,-1,1,1,56,9,2488,2,11,-1,2,E01018751,0,3
2024501475975,2024,501475975,1,19,0,-1,19,7,2,-1,0,0,2,0,1,9,1,1,-1,2,1,29,6,2488,2,12,-1,9,E01020162,0,2
2024041428446,2024,041428446,1,19,0,-1,9,4,2,-1,0,2,0,4,0,0,1,1,-1,1,1,46,8,2494,2,24,-1,1,E01025606,0,1
2024471515781,2024,471515781,2,3,0,-1,19,8,4,-1,0,0,0,0,0,0,1,1,-1,1,1,32,6,124,1,15,-1,4,E01020915,0,1
2024201467361,2024,201467361,1,9,0,-1,1,4,6,-1,0,0,0,0,0,0,2,9,-1,6,1,45,7,1149,1,13,-1,2,E01009992,0,1
2024440184190,2024,440184190,1,9,0,18,19,2,6,0,0,1,0,0,0,0,4,1,6,6,2,21,5,1598,1,14,-1,3,E01020393,0,4
2024161492346,2024,161492346,1,9,0,-1,19,7,3,-1,0,2,0,0,0,0,4,1,-1,2,1,37,7,1149,1,14,-1,3,E01012913,0,1
2024411517684,2024,411517684,1,4,0,-1,4,7,3,-1,0,1,0,0,0,0,4,1,-1,6,1,27,6,125,1,0,-1,5,E01021818,0,2
2024211485246,2024,211485246,1,3,0,-1,4,1,3,-1,0,0,2,7,0,0,0,1,-1,9,1,25,5,125,1,0,-1,-1,-1,0,-1
2024471532019,2024,471532019,2,3,0,-1,19,2,7,-1,0,8,2,0,0,0,4,1,-1,2,1,19,4,125,1,1,-1,3,E01031366,0,1
2024361407747,2024,361407747,1,3,0,-1,10,4,8,-1,0,1,0,0,0,0,2,1,-1,6,2,38,7,125,1,20,-1,10,E01026908,0,1
2024371512508,2024,371512508,1,19,0,-1,19,1,5,-1,0,0,0,0,0,0,4,1,-1,6,1,40,7,1499,2,1,TOYOTA PROACE,10,E01023581,0,5
2024991418835,2024,991418835,1,19,0,-1,19,1,5,-1,0,0,0,0,0,0,1,1,-1,6,1,27,6,1499,2,2,TOYOTA PROACE,2,-1,0,1
2024411407680,2024,411407680,2,19,0,-1,4,5,1,-1,0,0,0,0,0,0,2,1,-1,6,1,38,7,1560,2,6,TOYOTA PROACE,7,E01026994,0,4
2024201470013,2024,201470013,2,19,0,-1,2,0,0,-1,0,8,0,0,0,0,2,1,-1,1,1,23,5,1499,2,3,TOYOTA PROACE,1,E01009375,0,2
2024371435054,2024,371435054,1,19,0,-1,2,0,0,-1,0,0,0,0,0,0,3,1,-1,6,1,33,6,1560,2,10,TOYOTA PROACE,4,E01029962,0,1
2024471410414,2024,471410414,2,19,0,-1,4,2,6,-1,0,0,0,0,0,0,2,1,-1,1,1,53,8,1997,2,2,TOYOTA PROACE,6,E01031663,0,3
2024552400753,2024,552400753,1,19,0,5,5,8,4,2,2,0,0,0,0,0,3,1,1,1,1,56,9,1499,2,1,TOYOTA PROACE,7,E01017086,0,4
2024471407780,2024,471407780,2,19,0,-1,19,1,5,-1,0,1,0,0,0,0,2,1,-1,1,2,50,8,1997,2,1,TOYOTA PROACE,8,E01031393,0,4
2024332400889,2024,332400889,3,19,0,-1,19,5,1,-1,0,1,0,0,0,0,1,1,-1,2,1,42,7,1997,2,6,TOYOTA PROACE,7,E01025626,0,2
2024061438365,2024,061438365,1,19,0,-1,19,8,5,-1,0,8,0,0,0,0,1,1,-1,1,1,27,6,1997,2,1,TOYOTA PROACE,2,E01033981,0,2
2024340NN4442,2024,340NN4442,2,10,0,-1,19,3,7,-1,0,0,0,4,0,0,1,1,-1,9,1,35,6,-1,-1,-1,TOYOTA PROACE,1,E01009019,0,4
2024501439731,2024,501439731,1,19,0,-1,19,5,1,-1,0,0,5,0,0,0,4,1,-1,1,1,32,6,1997,2,6,TOYOTA PROACE,4,E01034858,0,3
2024010514657,2024,010514657,1,19,0,9,9,6,4,5,5,5,0,0,0,0,4,1,1,1,1,36,7,1499,2,1,TOYOTA PROACE,7,E01032669,0,5
2024552401037,2024,552401037,1,19,0,18,19,6,2,0,0,0,0,0,0,0,1,1,6,6,1,20,4,1499,2,1,TOYOTA PROACE,2,E01004398,0,5
2024221509443,2024,221509443,4,19,0,-1,4,8,4,-1,0,0,0,0,0,0,2,9,-1,1,1,31,6,1997,2,9,TOYOTA PROACE,1,E01009482,0,4
2024010500471,2024,010500471,2,19,0,99,99,9,9,99,99,9,9,99,9,99,9,9,6,6,3,-1,-1,1560,2,7,TOYOTA PROACE,-1,-1,0,-1
2024201520884,2024,201520884,2,19,0,-1,2,0,0,-1,0,0,0,0,0,0,3,1,-1,6,-1,-1,-1,1499,2,0,TOYOTA PROACE,-1,-1,0,-1
2024991415401,2024,991415401,2,19,0,-1,2,3,7,-1,2,0,0,0,0,0,2,1,-1,1,1,60,9,-1,3,1,TOYOTA PROACE,3,-1,0,2
2024451474300,2024,451474300,1,19,0,-1,19,5,1,-1,0,0,0,0,0,0,0,9,-1,9,3,40,7,1997,2,6,TOYOTA PROACE,-1,-1,0,-1
2024421431025,2024,421431025,2,19,0,-1,4,1,5,-1,0,1,0,0,0,0,1,1,-1,6,1,29,6,1560,2,6,TOYOTA PROACE,1,E01022032,0,1
2024622400101,2024,622400101,4,19,0,18,19,4,8,0,0,0,0,0,0,0,2,1,6,6,1,54,8,1560,2,6,TOYOTA PROACE,4,W01000946,0,2
2024471424897,2024,471424897,2,19,0,-1,19,3,7,-1,0,0,0,0,0,0,4,1,-1,1,1,58,9,1499,2,3,TOYOTA PROACE,9,E01021227,0,4
2024440021306,2024,440021306,3,19,0,3,3,4,8,0,0,1,0,0,0,0,3,1,6,6,1,24,5,1997,2,6,TOYOTA PROACE,4,E01017206,0,4
2024522401689,2024,522401689,1,9,0,9,9,1,8,0,0,5,0,0,0,0,1,1,6,6,1,38,7,1499,2,2,TOYOTA PROACE,10,E01014713,0,1
2024010532942,2024,010532942,2,19,0,99,99,9,9,99,99,9,9,99,9,99,9,9,6,6,3,-1,-1,1499,2,1,TOYOTA PROACE,-1,-1,0,-1
2024471497122,2024,471497122,1,19,0,-1,19,7,3,-1,0,1,0,0,0,0,3,1,-1,1,1,53,8,1499,2,2,TOYOTA PROACE,8,E01031664,0,2
2024131431502,2024,131431502,1,19,0,-1,19,5,1,-1,0,8,0,0,0,0,1,1,-1,2,1,28,6,1997,2,0,TOYOTA PROACE,7,E01011688,0,1
2024201428969,2024,201428969,1,19,0,-1,19,1,5,-1,0,0,0,0,0,0,1,1,-1,2,1,26,6,-1,3,3,TOYOTA PROACE,6,E01006920,0,5
2024201523771,2024,201523771,2,19,0,-1,19,7,3,-1,0,0,0,7,0,0,1,1,-1,6,1,50,8,1499,2,0,TOYOTA PROACE,-1,-1,0,-1
2024332400407,2024,332400407,2,19,0,-1,7,3,1,-1,0,6,0,0,0,0,1,1,-1,6,1,-1,-1,1499,2,1,TOYOTA PROACE,-1,-1,0,-1
2024461435383,2024,461435383,1,19,0,-1,19,4,8,-1,0,0,0,0,0,0,1,1,-1,1,1,48,8,1997,2,4,TOYOTA PROACE,10,E01031740,0,4
2024231419308,2024,231419308,2,19,0,-1,19,7,3,-1,0,1,0,0,0,0,1,1,-1,1,1,25,5,1499,2,2,TOYOTA PROACE,3,E01009664,0,3
2024302400286,2024,302400286,2,19,0,4,4,8,4,0,0,2,0,0,0,0,2,1,1,1,1,47,8,1997,2,6,TOYOTA PROACE,2,E01027942,0,2
2024010530155,2024,010530155,1,19,0,99,99,9,9,99,99,9,9,99,9,99,9,9,1,1,1,43,7,1499,2,1,TOYOTA PROACE,4,E01031547,0,4
2024991525709,2024,991525709,2,19,0,-1,19,8,3,-1,0,0,0,0,0,0,3,1,-1,2,1,48,8,1499,2,2,TOYOTA PROACE,6,-1,0,1
2024361531859,2024,361531859,1,19,0,-1,4,1,5,-1,0,0,0,0,0,0,2,2,-1,1,1,32,6,1997,2,0,TOYOTA PROACE,2,E01026821,0,1
2024010529224,2024,010529224,1,19,0,99,99,9,9,99,99,9,9,99,9,99,9,9,6,6,3,61,9,1499,2,1,TOYOTA PROACE,5,E01016165,0,4
2024311424895,2024,311424895,1,19,0,-1,19,6,2,-1,0,8,0,0,0,0,3,1,-1,9,1,38,7,1997,2,6,TOYOTA PROACE,1,E01013954,0,1
2024141458057,2024,141458057,1,19,0,-1,9,2,7,-1,0,1,0,0,0,0,3,1,-1,2,1,48,8,1499,2,1,TOYOTA PROACE,10,E01013044,0,4
2024010489039,2024,010489039,3,19,0,2,2,0,0,0,0,1,0,0,0,0,2,1,6,6,3,-1,-1,1997,2,6,TOYOTA PROACE,-1,-1,0,-1
2024320316710,2024,320316710,2,19,0,-1,-1,6,2,0,0,8,0,0,0,0,1,1,1,1,1,61,9,1499,2,2,TOYOTA PROACE,3,E01026033,0,3
2024052400350,2024,052400350,2,19,0,2,2,0,0,0,0,0,0,0,0,0,3,1,6,6,3,-1,-1,-1,3,1,TOYOTA PROACE,-1,-1,0,-1
2024991529696,2024,991529696,2,19,0,-1,19,5,1,-1,0,1,0,0,0,0,2,9,-1,2,1,32,6,-1,3,1,TOYOTA PROACE,10,-1,0,2
2024052402579,2024,052402579,1,9,0,5,5,5,1,0,0,1,0,0,0,0,1,1,6,6,1,45,7,1997,2,3,TOYOTA PROACE,1,E01006873,0,1
2024311450491,2024,311450491,1,19,0,-1,19,3,7,-1,0,0,0,0,0,0,1,1,-1,1,1,50,8,1499,2,1,TOYOTA PROACE,-1,-1,0,-1
2024421476906,2024,421476906,3,19,0,-1,4,7,3,-1,0,1,0,0,0,0,0,1,-1,1,1,53,8,1499,2,0,TOYOTA PROACE,4,E01021365,0,1
2024010498746,2024,010498746,1,19,0,5,5,1,5,0,0,8,0,0,0,0,4,1,1,1,1,29,6,-1,3,1,TOYOTA PROACE,6,E01002943,0,4
2024421407366,2024,421407366,2,8,0,-1,2,1,5,-1,0,1,0,0,0,0,3,1,-1,1,2,59,9,1499,2,2,TOYOTA PROACE,2,E01021322,0,1
2024010542210,2024,010542210,1,19,0,18,19,1,5,0,0,0,0,0,0,0,2,1,2,2,1,41,7,-1,3,1,TOYOTA PROACE,3,E01003611,0,3
2024340WN6512,2024,340WN6512,1,19,0,-1,19,3,7,-1,0,0,0,0,0,0,1,1,-1,6,1,57,9,1997,2,3,TOYOTA PROACE,7,E01032974,0,2
2024131495211,2024,131495211,1,19,0,-1,12,5,1,-1,0,1,0,0,0,0,1,1,-1,2,1,36,7,-1,3,3,TOYOTA PROACE,1,E01010803,0,4
2024201532280,2024,201532280,1,19,0,-1,2,0,0,-1,0,0,0,0,0,0,1,1,-1,6,1,48,8,1499,2,2,TOYOTA PROACE,4,E01034750,0,1
2024221455377,2024,221455377,1,19,0,-1,19,8,4,-1,0,0,1,0,0,0,1,1,-1,1,1,28,6,1997,2,1,TOYOTA PROACE,3,E01010323,0,4
2024010523816,2024,010523816,2,19,0,99,99,9,9,99,99,9,9,99,9,99,2,9,6,6,3,-1,-1,1499,2,1,TOYOTA PROACE,-1,-1,0,-1
2024421522642,2024,421522642,1,19,0,-1,19,4,2,-1,0,0,0,0,0,0,4,2,-1,6,1,73,10,1997,2,2,TOYOTA PROACE,5,E01021492,0,1
2024041529889,2024,041529889,2,19,0,-1,19,7,3,-1,0,1,0,0,0,0,2,1,-1,2,1,42,7,1499,2,2,TOYOTA PROACE,1,E01025188,0,2
2024010532522,2024,010532522,2,19,0,9,9,1,7,0,0,5,0,0,0,0,3,1,1,1,1,52,8,1997,2,5,TOYOTA PROACE,4,E01003969,0,1
2024061447911,2024,061447911,3,19,0,-1,2,0,0,-1,-1,2,0,0,0,0,2,1,-1,6,1,43,7,1997,2,9,TOYOTA PROACE,2,E01005163,0,1
2024471407167,2024,471407167,1,19,0,-1,19,7,3,-1,0,0,0,0,0,0,3,9,-1,6,1,30,6,1997,2,6,TOYOTA PROACE,2,E01021178,0,1
2024231398937,2024,231398937,1,19,0,-1,19,1,6,-1,0,8,0,0,0,0,2,1,-1,1,1,61,9,1499,2,1,TOYOTA PROACE,7,E01009116,0,4