collision_index,collision_year,collision_ref_no,vehicle_reference,vehicle_type,towing_and_articulation,vehicle_manoeuvre_historic,vehicle_manoeuvre,vehicle_direction_from,vehicle_direction_to,vehicle_location_restricted_lane_historic,vehicle_location_restricted_lane,junction_location,skidding_and_overturning,hit_object_in_carriageway,vehicle_leaving_carriageway,hit_object_off_carriageway,first_point_of_impact,vehicle_left_hand_drive,journey_purpose_of_driver_historic,journey_purpose_of_driver,sex_of_driver,age_of_driver,age_band_of_driver,engine_capacity_cc,propulsion_code,age_of_vehicle,generic_make_model,driver_imd_decile,lsoa_of_driver,escooter_flag,driver_distance_banding
2024340WN0132,2024,340WN0132,2,19,0,-1,4,6,2,-1,0,0,0,0,0,0,2,1,-1,2,1,35,6,1499,2,2,TOYOTA PROACE,10,E01013806,0,4
2024440157021,2024,440157021,2,19,0,18,19,1,5,0,0,0,0,0,0,0,1,1,1,1,1,68,10,1560,2,7,TOYOTA PROACE,5,E01017355,0,3
2024010517960,2024,010517960,1,19,0,99,99,9,9,99,99,0,9,99,9,99,2,9,6,6,3,-1,-1,1499,2,1,TOYOTA PROACE,8,E01002574,0,1
2024010515949,2024,010515949,2,19,0,99,99,9,9,99,99,0,9,99,9,99,9,9,6,6,3,-1,-1,-1,3,3,TOYOTA PROACE,-1,-1,0,-1
2024991531473,2024,991531473,1,19,0,-1,19,1,4,-1,0,0,0,0,7,0,1,1,-1,9,1,27,6,1997,2,5,TOYOTA PROACE,9,-1,0,4
2024351440724,2024,351440724,3,19,0,-1,19,1,5,-1,0,0,0,0,0,0,1,1,-1,1,1,57,9,1499,2,1,TOYOTA PROACE,2,E01015660,0,4
2024332401073,2024,332401073,2,19,0,-1,9,7,5,-1,0,6,0,0,0,0,1,1,-1,1,1,18,4,1997,2,0,TOYOTA PROACE,10,E01025904,0,3
2024411396447,2024,411396447,2,9,0,-1,3,7,1,-1,0,4,0,0,0,0,2,9,-1,2,2,23,5,1229,1,8,VAUXHALL ADAM,9,E01023767,0,1
2024101438631,2024,101438631,1,9,0,-1,5,1,5,-1,0,1,0,0,0,0,1,1,-1,2,2,18,4,1229,1,10,VAUXHALL ADAM,-1,-1,0,-1
2024161514071,2024,161514071,1,9,0,-1,19,7,3,-1,0,0,0,0,0,0,1,1,-1,9,2,22,5,1229,1,10,VAUXHALL ADAM,10,E01013042,0,2
2024061502920,2024,061502920,1,9,0,-1,10,1,1,-1,0,1,0,0,0,0,3,1,-1,2,2,51,8,1229,1,8,VAUXHALL ADAM,8,E01005442,0,1
2024052401250,2024,052401250,1,9,0,18,19,1,5,0,0,0,0,0,0,0,1,1,6,6,3,-1,-1,1398,1,10,VAUXHALL ADAM,-1,-1,0,-1
2024320588349,2024,320588349,2,9,0,9,9,1,7,0,0,0,0,0,0,0,3,1,-1,-1,2,19,4,1229,1,6,VAUXHALL ADAM,6,E01026408,0,4
2024411442192,2024,411442192,1,9,0,-1,11,1,5,-1,0,0,0,0,0,0,2,1,-1,6,2,19,4,1398,1,8,VAUXHALL ADAM,5,E01023332,0,1
2024361531134,2024,361531134,1,9,0,-1,4,7,3,-1,0,0,0,0,0,0,1,1,-1,1,2,33,6,1229,1,7,VAUXHALL ADAM,5,E01026745,0,4
2024010522615,2024,010522615,2,9,0,99,99,9,9,99,99,9,9,99,9,99,1,9,6,6,3,-1,-1,1398,1,7,VAUXHALL ADAM,5,E01003640,0,1
2024052400351,2024,052400351,1,9,0,5,5,7,1,0,0,2,0,0,0,0,3,1,6,6,2,33,6,1229,1,8,VAUXHALL ADAM,6,E01018635,0,4
2024131439463,2024,131439463,2,9,0,-1,2,0,0,-1,0,0,0,0,0,0,2,1,-1,6,-1,-1,-1,1229,1,11,VAUXHALL ADAM,-1,-1,0,-1
2024061460332,2024,061460332,2,9,0,-1,2,3,7,-1,0,0,0,0,0,0,2,1,-1,9,2,40,7,1229,1,5,VAUXHALL ADAM,4,E01010688,0,4
2024991408138,2024,991408138,1,9,0,-1,19,7,3,-1,0,6,0,0,0,0,1,1,-1,2,2,38,7,1229,1,8,VAUXHALL ADAM,8,-1,0,2
2024010502988,2024,010502988,1,9,0,18,19,7,3,0,0,1,0,0,0,0,4,1,2,2,2,22,5,1229,1,11,VAUXHALL ADAM,7,E01000384,0,2
2024052402150,2024,052402150,1,9,0,1,1,7,3,0,0,0,0,0,0,0,3,1,6,6,2,22,5,1398,1,7,VAUXHALL ADAM,4,E01007001,0,1
2024451440376,2024,451440376,2,9,0,-1,4,1,5,-1,0,8,0,0,0,0,1,1,-1,2,2,38,7,1229,1,10,VAUXHALL ADAM,10,E01030499,0,2
2024131438296,2024,131438296,2,9,0,-1,19,6,2,-1,0,0,0,0,0,0,3,1,-1,9,2,27,6,1398,1,11,VAUXHALL ADAM,2,E01011771,0,3
2024531512221,2024,531512221,1,9,0,-1,5,7,5,-1,0,8,0,0,0,0,1,2,-1,6,1,19,4,1229,1,10,VAUXHALL ADAM,7,E01029964,0,5
2024010503530,2024,010503530,1,9,0,18,19,7,3,0,0,1,0,0,0,0,4,1,6,6,2,46,8,1398,1,7,VAUXHALL ADAM,-1,-1,0,-1
2024111422797,2024,111422797,1,9,0,-1,5,7,1,-1,0,6,0,0,0,0,1,1,-1,6,1,20,4,1229,1,9,VAUXHALL ADAM,9,E01020692,0,4
2024991416383,2024,991416383,1,9,0,-1,5,7,3,-1,0,1,0,0,0,0,4,1,-1,6,2,49,8,1229,1,8,VAUXHALL ADAM,5,-1,0,3
2024610007524,2024,610007524,1,9,0,16,19,6,1,0,0,0,1,0,0,0,1,1,6,6,1,22,5,1229,1,6,VAUXHALL ADAM,6,W01001366,0,2
2024111487567,2024,111487567,1,9,0,-1,19,2,6,-1,0,0,0,0,0,0,3,1,-1,6,1,33,6,1398,1,10,VAUXHALL ADAM,7,E01034499,0,2
2024421465395,2024,421465395,1,9,0,-1,19,3,7,-1,0,0,5,0,0,0,1,1,-1,2,1,19,4,1229,1,9,VAUXHALL ADAM,10,E01023501,0,2
2024061451087,2024,061451087,2,9,0,-1,2,0,0,-1,0,2,5,0,0,0,2,1,-1,6,-1,-1,-1,1229,1,7,VAUXHALL ADAM,-1,-1,0,-1
2024622400705,2024,622400705,1,9,0,15,15,4,8,0,0,0,0,4,0,0,1,1,6,6,2,19,4,1229,1,10,VAUXHALL ADAM,2,W01001141,0,2
2024631525813,2024,631525813,1,9,0,-1,19,5,1,-1,0,0,0,0,1,9,4,1,-1,9,1,27,6,1229,1,7,VAUXHALL ADAM,1,W01001924,0,3
2024520402798,2024,520402798,1,9,0,18,19,8,4,0,0,0,0,0,1,3,3,1,6,6,1,31,6,1398,1,8,VAUXHALL ADAM,5,E01031936,0,4
2024471416027,2024,471416027,15,9,0,-1,19,5,1,-1,0,0,1,0,0,0,1,1,-1,6,2,52,8,1398,1,11,VAUXHALL ADAM,10,E01021210,0,4
2024131520272,2024,131520272,3,9,0,-1,2,0,0,-1,0,0,0,0,0,0,1,1,-1,6,-1,-1,-1,1364,1,9,VAUXHALL ADAM,-1,-1,0,-1
2024440296817,2024,440296817,1,9,0,9,9,3,7,0,0,8,0,0,0,0,1,1,6,6,2,25,5,1229,1,9,VAUXHALL ADAM,5,E01017157,0,1
2024211477526,2024,211477526,2,9,0,-1,2,3,7,-1,0,0,0,0,1,0,3,1,-1,2,2,49,8,999,1,9,VAUXHALL ADAM,5,E01029399,0,1
2024631483928,2024,631483928,2,9,0,-1,19,1,5,-1,0,0,0,0,0,0,1,1,-1,9,1,27,6,1398,1,11,VAUXHALL ADAM,6,W01000613,0,4
2024501428490,2024,501428490,2,9,0,-1,4,5,1,-1,0,1,0,0,0,0,2,1,-1,9,2,55,8,1229,1,9,VAUXHALL ADAM,4,E01019919,0,3
2024122400835,2024,122400835,2,9,0,18,19,7,4,0,0,0,0,0,1,0,1,1,6,6,2,26,6,1229,1,8,VAUXHALL ADAM,7,E01027569,0,2
2024991499770,2024,991499770,1,9,0,-1,19,2,6,-1,0,0,0,0,0,0,1,1,-1,6,2,18,4,1229,1,10,VAUXHALL ADAM,5,-1,0,1
2024070906574,2024,070906574,1,9,0,-1,9,2,4,-1,0,6,0,0,0,0,1,1,-1,9,2,21,5,1229,1,11,VAUXHALL ADAM,6,E01018566,0,1
2024371521210,2024,371521210,1,9,0,-1,9,1,7,-1,0,5,1,0,0,0,4,1,-1,6,2,22,5,1229,1,11,VAUXHALL ADAM,7,E01029942,0,1
2024211513266,2024,211513266,2,9,0,-1,2,0,0,-1,0,0,0,0,0,0,2,1,-1,6,2,56,9,1229,1,10,VAUXHALL ADAM,4,E01029857,0,1
2024302401014,2024,302401014,1,9,0,5,5,2,6,0,0,1,0,0,0,0,1,1,6,6,2,17,4,1229,1,9,VAUXHALL ADAM,6,E01019882,0,1
2024501478958,2024,501478958,1,9,0,-1,11,1,5,-1,0,3,5,0,1,11,4,1,-1,9,2,19,4,1229,1,11,VAUXHALL ADAM,7,E01020085,0,3
2024111498226,2024,111498226,2,9,0,-1,19,6,1,-1,0,8,1,0,7,7,4,1,-1,6,2,18,4,1229,1,10,VAUXHALL ADAM,3,E01033198,0,2
2024471463111,2024,471463111,2,9,0,-1,2,3,7,-1,0,0,0,0,0,0,3,1,-1,6,2,31,6,1398,1,8,VAUXHALL ADAM,8,E01021209,0,1
2024991421206,2024,991421206,1,9,0,-1,19,5,2,-1,0,2,0,0,0,0,1,1,-1,9,2,50,8,1229,1,10,VAUXHALL ADAM,-1,-1,0,-1
2024461453680,2024,461453680,1,9,0,-1,19,5,1,-1,0,4,0,0,0,0,3,9,-1,6,2,21,5,1229,1,7,VAUXHALL ADAM,3,E01016155,0,1
2024041398037,2024,041398037,2,9,0,-1,19,5,1,-1,0,1,0,0,0,0,2,1,-1,9,2,21,5,1229,1,11,VAUXHALL ADAM,6,E01006157,0,4
2024631498425,2024,631498425,1,9,0,-1,19,3,7,-1,0,0,0,0,7,10,1,1,-1,6,2,19,4,1229,1,8,VAUXHALL ADAM,1,W01000733,0,2
2024201398878,2024,201398878,2,9,0,-1,19,5,1,-1,0,0,0,0,0,0,2,1,-1,6,2,28,6,1229,1,10,VAUXHALL ADAM,3,E01009232,0,2
2024411484963,2024,411484963,3,9,0,-1,19,5,1,-1,0,8,0,0,0,0,2,1,-1,2,2,59,9,999,1,9,VAUXHALL ADAM,2,E01001414,0,2
2024522401485,2024,522401485,2,9,0,18,19,4,7,0,0,1,0,0,0,0,1,1,6,6,2,20,4,1229,1,10,VAUXHALL ADAM,8,E01014857,0,3
2024991493696,2024,991493696,1,9,0,-1,19,3,4,-1,0,1,0,0,3,3,1,1,-1,9,2,18,4,1229,1,9,VAUXHALL ADAM,-1,-1,0,-1
2024622400690,2024,622400690,3,9,0,18,19,2,6,0,0,0,0,0,0,0,3,1,6,6,2,20,4,1229,1,7,VAUXHALL ADAM,6,W01001306,0,4
2024430578498,2024,430578498,1,9,0,7,7,6,1,0,0,6,0,0,0,0,1,1,6,6,2,29,6,1229,1,10,VAUXHALL ADAM,10,E01032554,0,2
2024010537117,2024,010537117,2,9,0,17,19,7,3,0,0,8,0,0,0,0,4,1,2,2,2,64,9,1229,1,5,VAUXHALL ADAM,7,E01000748,0,1
2024161408643,2024,161408643,1,9,0,-1,19,5,1,-1,0,0,0,0,0,0,1,1,-1,9,2,19,4,1398,1,11,VAUXHALL ADAM,1,E01012842,0,2
2024122400886,2024,122400886,2,9,0,9,9,5,1,0,0,8,0,0,0,0,4,1,6,6,2,49,8,1398,1,10,VAUXHALL ADAM,2,E01027850,0,1
202417M203024,2024,17M203024,1,9,0,18,19,5,1,0,0,2,0,0,0,0,1,1,6,6,2,24,5,1229,1,7,VAUXHALL ADAM,1,E01012016,0,1
2024201507922,2024,201507922,2,9,0,-1,4,8,2,-1,0,2,0,0,0,0,1,1,-1,6,2,24,5,1229,1,6,VAUXHALL ADAM,7,E01009643,0,1
2024141506131,2024,141506131,1,9,0,-1,19,1,5,-1,0,1,0,0,0,0,1,1,-1,6,2,21,5,1229,1,11,VAUXHALL ADAM,7,E01007798,0,1
2024522403208,2024,522403208,4,9,0,2,2,0,0,0,0,8,0,0,0,0,3,1,6,6,3,-1,-1,1398,1,6,VAUXHALL ADAM,-1,-1,0,-1
2024401451104,2024,401451104,1,9,0,-1,19,1,5,-1,0,0,0,10,0,0,1,1,-1,6,1,19,4,1229,1,6,VAUXHALL ADAM,7,E01017423,0,2
2024201486307,2024,201486307,2,9,0,-1,3,1,5,-1,0,1,0,0,0,0,2,1,-1,6,2,33,6,1398,1,11,VAUXHALL ADAM,2,E01010439,0,1
2024131525773,2024,131525773,1,9,0,-1,19,3,7,-1,0,1,0,0,0,0,1,1,-1,6,2,52,8,1229,1,7,VAUXHALL ADAM,5,E01010689,0,1
2024211477479,2024,211477479,2,9,0,-1,19,3,7,-1,0,0,0,0,0,0,1,1,-1,6,2,25,5,1229,1,8,VAUXHALL ADAM,7,E01029376,0,1
2024351499407,2024,351499407,2,9,0,-1,5,-1,-1,-1,-1,0,0,0,0,0,1,1,-1,2,2,20,4,1229,1,5,VAUXHALL ADAM,5,E01018208,0,1
2024211512063,2024,211512063,2,9,0,-1,9,6,3,-1,0,8,0,0,0,0,1,1,-1,9,2,53,8,1229,1,9,VAUXHALL ADAM,3,E01010249,0,3
2024461461224,2024,461461224,2,9,0,-1,19,4,8,-1,0,8,0,0,0,0,1,1,-1,9,2,72,10,1229,1,8,VAUXHALL ADAM,9,E01016026,0,1
2024111498050,2024,111498050,1,9,0,-1,19,8,4,-1,0,1,0,0,0,0,1,1,-1,6,2,19,4,1398,1,10,VAUXHALL ADAM,1,E01032542,0,3
2024101484110,2024,101484110,2,9,0,-1,5,7,3,-1,0,1,0,0,0,0,1,1,-1,1,2,26,6,1364,1,8,VAUXHALL ADAM,2,E01033716,0,1
2024622400596,2024,622400596,2,9,0,18,19,8,4,0,0,0,0,0,0,0,1,1,6,6,1,24,5,1229,1,9,VAUXHALL ADAM,2,W01001166,0,1
2024461455220,2024,461455220,1,9,0,-1,19,4,8,-1,0,2,0,0,0,0,4,9,-1,9,2,23,5,1229,1,5,VAUXHALL ADAM,4,E01024673,0,1
2024141421658,2024,141421658,1,9,0,-1,19,7,3,-1,0,1,0,0,0,0,1,1,-1,9,2,24,5,1398,1,10,VAUXHALL ADAM,5,E01008058,0,2
2024411490166,2024,411490166,2,9,0,-1,9,3,1,-1,0,1,0,0,0,0,2,1,-1,9,2,19,4,1398,1,10,VAUXHALL ADAM,7,E01035581,0,3
2024531470032,2024,531470032,2,9,0,-1,9,8,6,-1,0,1,0,0,0,0,3,1,-1,9,1,26,6,1229,1,7,VAUXHALL ADAM,1,E01021306,0,5
2024332400853,2024,332400853,1,9,0,-1,5,3,7,-1,0,6,0,0,3,0,1,1,-1,9,2,76,11,1229,1,8,VAUXHALL ADAM,7,E01025620,0,1
2024061394928,2024,061394928,1,9,0,-1,19,1,5,-1,0,1,0,0,0,0,4,1,-1,9,2,73,10,1229,1,10,VAUXHALL ADAM,3,E01005921,0,1
2024201527433,2024,201527433,1,9,0,-1,3,4,8,-1,0,0,0,0,0,0,3,1,-1,6,2,45,7,1229,1,8,VAUXHALL ADAM,3,E01010396,0,3
2024991457758,2024,991457758,1,9,0,-1,14,6,2,-1,0,0,0,0,0,0,1,1,-1,9,2,65,9,1398,1,11,VAUXHALL ADAM,6,-1,0,1
2024361517532,2024,361517532,1,9,0,-1,9,2,8,-1,0,8,0,0,0,0,3,1,-1,9,2,19,4,1398,1,11,VAUXHALL ADAM,3,E01026861,0,1
2024622400172,2024,622400172,1,9,0,9,9,4,7,0,0,0,0,0,0,0,1,1,6,6,2,22,5,1398,1,10,VAUXHALL ADAM,3,W01001216,0,2
2024070903774,2024,070903774,1,9,0,-1,5,1,5,-1,0,1,0,0,0,0,1,1,-1,9,2,18,4,1229,1,11,VAUXHALL ADAM,4,E01012468,0,2
2024141400602,2024,141400602,3,9,0,-1,2,0,0,-1,0,0,0,0,0,0,2,1,-1,6,-1,-1,-1,1229,1,5,VAUXHALL ADAM,-1,-1,0,-1
2024201461176,2024,201461176,2,9,0,-1,4,2,6,-1,0,1,0,0,0,0,2,1,-1,6,2,23,5,1229,1,6,VAUXHALL ADAM,8,E01010307,0,1
2024622400627,2024,622400627,1,9,0,15,15,2,6,0,0,0,1,0,1,0,1,1,6,6,2,23,5,1229,1,5,VAUXHALL ADAM,9,W01000815,0,4
2024991437668,2024,991437668,1,9,0,-1,9,2,6,-1,0,8,0,0,0,0,1,1,-1,9,2,26,6,1229,1,9,VAUXHALL ADAM,3,-1,0,2
2024501507754,2024,501507754,4,9,0,-1,3,3,7,-1,0,0,0,0,0,0,2,1,-1,6,2,60,9,1229,1,8,VAUXHALL ADAM,7,E01018983,0,1
2024161456556,2024,161456556,3,9,0,-1,19,5,1,-1,0,0,0,0,0,0,1,1,-1,9,2,24,5,1229,1,6,VAUXHALL ADAM,1,E01013141,0,1
2024361440913,2024,361440913,2,9,0,-1,3,4,2,-1,0,0,0,0,0,0,2,1,-1,2,2,55,8,1229,1,9,VAUXHALL ADAM,7,E01026881,0,2
2024010536721,2024,010536721,2,9,0,99,99,9,9,99,99,9,9,99,9,99,9,9,6,6,3,-1,-1,1229,1,7,VAUXHALL ADAM,-1,-1,0,-1
2024421477950,2024,421477950,1,9,0,-1,19,1,1,-1,0,0,0,0,0,0,1,1,-1,6,2,19,4,1229,1,10,VAUXHALL ADAM,10,E01021896,0,1
2024340WN2622,2024,340WN2622,3,9,0,-1,19,8,4,-1,0,1,0,0,0,0,1,1,-1,9,2,23,5,1229,1,9,VAUXHALL ADAM,2,E01027229,0,1
2024131517899,2024,131517899,2,9,0,-1,3,2,6,-1,0,8,0,0,0,0,2,1,-1,6,2,22,5,1229,1,10,VAUXHALL ADAM,4,E01010598,0,1
2024221533891,2024,221533891,1,9,0,-1,19,8,4,-1,0,2,0,0,0,0,3,9,-1,6,1,63,9,1398,1,10,VAUXHALL ADAM,5,E01028989,0,1
2024070415060,2024,070415060,2,9,0,-1,-1,3,7,0,0,0,0,0,0,0,1,1,6,6,2,28,6,1229,1,8,VAUXHALL ADAM,3,E01035373,0,1
2024631447970,2024,631447970,6,9,0,-1,2,0,0,-1,0,0,0,0,0,0,2,1,-1,6,-1,-1,-1,1398,1,10,VAUXHALL ADAM,-1,-1,0,-1
2024010542618,2024,010542618,1,9,0,99,99,9,9,99,99,9,9,99,9,99,9,9,6,6,2,30,6,1229,1,7,VAUXHALL ADAM,3,E01034045,0,1
2024101505661,2024,101505661,2,9,0,-1,19,5,1,-1,0,8,0,0,0,0,1,1,-1,9,1,53,8,1229,1,9,VAUXHALL ADAM,9,E01008784,0,1
2024471531833,2024,471531833,3,9,0,-1,19,6,2,-1,0,0,0,0,0,0,2,1,-1,9,2,52,8,1229,1,7,VAUXHALL ADAM,7,E01031566,0,1
2024991493672,2024,991493672,2,9,0,-1,4,7,2,-1,0,8,0,0,0,0,1,1,-1,9,2,23,5,1229,1,7,VAUXHALL ADAM,8,-1,0,3
2024211514057,2024,211514057,2,9,0,-1,19,1,5,-1,0,4,0,0,0,0,3,1,-1,6,2,52,8,1229,1,11,VAUXHALL ADAM,2,E01029849,0,1
2024131441328,2024,131441328,2,9,0,-1,19,1,5,-1,0,8,0,0,0,0,1,1,-1,1,2,37,7,1229,1,9,VAUXHALL ADAM,5,E01007342,0,3
2024311443742,2024,311443742,2,9,0,-1,19,7,4,-1,0,0,0,0,0,0,1,1,-1,6,2,21,5,1229,1,5,VAUXHALL ADAM,7,E01028154,0,3
2024070474063,2024,070474063,2,9,0,2,2,5,1,0,0,0,0,0,0,0,1,1,6,6,3,-1,-1,1229,1,9,VAUXHALL ADAM,-1,-1,0,-1
2024610014724,2024,610014724,2,9,0,4,4,6,2,0,0,0,0,0,0,0,1,1,1,1,2,18,4,1229,1,8,VAUXHALL ADAM,9,W01001434,0,1
2024070519353,2024,070519353,2,9,0,2,2,0,0,0,0,8,0,0,0,0,3,1,6,6,2,28,6,1398,1,10,VAUXHALL ADAM,6,E01012524,0,1
2024131521814,2024,131521814,2,9,0,-1,3,7,3,-1,0,0,0,0,0,0,2,1,-1,9,2,21,5,1229,1,8,VAUXHALL ADAM,5,E01011392,0,3
2024522402773,2024,522402773,1,9,0,18,19,7,3,0,0,8,0,0,0,0,1,1,6,6,2,34,6,1229,1,10,VAUXHALL ADAM,10,E01015016,0,1
2024461477585,2024,461477585,2,9,0,-1,19,1,3,-1,0,0,0,0,0,0,1,9,-1,6,2,57,9,1229,1,7,VAUXHALL ADAM,6,E01023979,0,2
202460Q094459,2024,60Q094459,2,9,0,16,19,8,4,0,0,0,0,0,0,0,1,1,6,6,2,18,4,1229,1,9,VAUXHALL ADAM,-1,-1,0,-1
2024461501827,2024,461501827,1,9,0,-1,9,3,5,-1,0,1,0,0,0,0,3,9,-1,9,2,18,4,1398,1,10,VAUXHALL ADAM,10,E01024631,0,1
2024101519901,2024,101519901,1,9,0,-1,5,5,1,-1,0,0,0,0,0,0,3,1,-1,9,2,31,6,1229,1,8,VAUXHALL ADAM,9,E01027439,0,3
2024161413046,2024,161413046,1,9,0,-1,9,1,7,-1,0,1,0,0,1,0,2,1,-1,2,1,36,7,1229,1,10,VAUXHALL ADAM,9,E01035478,0,1
2024161454844,2024,161454844,1,9,0,-1,3,1,3,-1,0,6,0,0,0,0,2,9,-1,2,2,28,6,1229,1,10,VAUXHALL ADAM,7,E01035476,0,4
2024041496900,2024,041496900,2,9,0,-1,19,1,5,-1,0,1,0,0,0,0,1,1,-1,9,2,19,4,1398,1,9,VAUXHALL ADAM,1,E01012687,0,1
2024631465029,2024,631465029,1,9,0,-1,19,1,5,-1,0,1,0,0,0,0,1,1,-1,6,2,20,4,1229,1,10,VAUXHALL ADAM,5,W01000696,0,1
2024211485889,2024,211485889,1,9,0,-1,7,5,5,-1,0,0,1,0,8,4,4,2,-1,2,2,17,4,1398,1,9,VAUXHALL ADAM,7,E01029806,0,3
2024622400081,2024,622400081,1,9,0,18,19,6,2,0,0,0,0,0,0,0,1,1,6,6,2,43,7,999,1,10,VAUXHALL ADAM,2,W01000814,0,1
2024201455123,2024,201455123,2,9,0,-1,11,4,6,-1,0,1,0,0,0,0,2,1,-1,6,2,25,5,1229,1,6,VAUXHALL ADAM,9,E01009433,0,3
2024401540752,2024,401540752,1,9,0,-1,7,2,4,-1,0,2,0,0,0,0,1,1,-1,6,2,58,9,1229,1,5,VAUXHALL ADAM,10,E01017528,0,3
2024471508405,2024,471508405,1,9,0,-1,3,4,8,-1,0,1,0,0,0,0,2,1,-1,9,2,51,8,1229,1,8,VAUXHALL ADAM,10,E01020946,0,1
2024401397683,2024,401397683,2,9,0,-1,5,4,8,-1,0,8,0,0,0,0,1,9,-1,6,1,45,7,1229,1,6,VAUXHALL ADAM,2,E01015772,0,1
2024052401976,2024,052401976,1,9,0,18,19,7,3,0,0,1,0,0,0,0,1,1,6,6,1,-1,-1,1398,1,8,VAUXHALL ADAM,4,E01007231,0,1
2024631534616,2024,631534616,1,9,0,-1,19,2,6,-1,0,1,5,4,7,0,1,1,-1,2,2,18,4,1229,1,10,VAUXHALL ADAM,7,W01000731,0,1
2024430052993,2024,430052993,1,9,0,9,9,1,7,0,0,4,0,0,0,0,1,1,2,2,2,19,4,1229,1,10,VAUXHALL ADAM,7,E01016383,0,1
2024421488999,2024,421488999,2,9,0,-1,10,7,5,-1,0,1,0,0,0,0,1,1,-1,6,2,23,5,1229,1,6,VAUXHALL ADAM,3,E01015900,0,1
2024610057324,2024,610057324,1,9,0,18,19,6,2,0,0,1,1,0,0,0,1,1,6,6,2,18,4,1229,1,8,VAUXHALL ADAM,9,W01001434,0,1
2024101472699,2024,101472699,1,9,0,-1,19,6,2,-1,0,0,0,0,0,0,1,1,-1,6,2,25,5,1229,1,6,VAUXHALL ADAM,7,E01008412,0,3
2024041522240,2024,041522240,2,9,0,-1,3,5,1,-1,0,0,0,0,0,0,2,1,-1,2,2,28,6,1229,1,8,VAUXHALL ADAM,2,E01006969,0,3
2024141557555,2024,141557555,1,9,0,-1,5,5,1,-1,0,8,0,0,0,0,3,1,-1,6,2,19,4,1398,1,11,VAUXHALL ADAM,9,E01019591,0,3
2024070342475,2024,070342475,5,9,0,2,2,0,0,9,9,1,0,0,0,0,3,1,6,6,3,-1,-1,1398,1,7,VAUXHALL ADAM,-1,-1,0,-1
2024622400781,2024,622400781,2,9,0,18,19,2,6,0,0,0,0,0,0,0,1,1,2,2,2,39,7,1229,1,7,VAUXHALL ADAM,3,W01001322,0,4
2024211485396,2024,211485396,1,9,0,-1,4,4,8,-1,0,0,0,0,0,0,2,1,-1,9,2,53,8,1229,1,6,VAUXHALL ADAM,8,E01029505,0,1
2024031502608,2024,031502608,2,9,0,-1,4,2,5,-1,0,1,0,0,0,0,1,1,-1,6,2,28,6,1229,1,10,VAUXHALL ADAM,10,E01024981,0,4
2024131414959,2024,131414959,1,9,0,-1,19,1,5,-1,0,0,1,0,0,0,1,1,-1,1,2,33,6,1229,1,6,VAUXHALL ADAM,4,E01007329,0,2
2024991473989,2024,991473989,1,9,0,-1,1,5,1,-1,-1,0,0,0,0,0,2,1,-1,2,2,19,4,1229,1,8,VAUXHALL ADAM,7,-1,0,2
2024991490778,2024,991490778,1,9,0,-1,19,7,3,-1,0,0,2,0,7,0,1,1,-1,9,1,21,5,1229,1,8,VAUXHALL ADAM,-1,-1,0,-1
2024610003324,2024,610003324,2,9,0,18,19,5,1,0,0,4,0,0,0,0,1,1,6,6,2,20,4,1229,1,7,VAUXHALL ADAM,1,W01001874,0,4
2024111429563,2024,111429563,2,9,0,-1,19,7,2,-1,0,8,0,0,0,0,4,1,-1,2,2,19,4,1398,1,9,VAUXHALL ADAM,10,E01012347,0,1
2024231444976,2024,231444976,2,9,0,-1,19,4,8,-1,0,8,0,0,0,0,2,9,-1,6,2,23,5,1229,1,9,VAUXHALL ADAM,1,E01035016,0,2
2024010538526,2024,010538526,2,9,0,3,3,5,1,0,0,1,0,0,0,0,1,1,2,2,1,31,6,1229,1,10,VAUXHALL ADAM,1,E01016007,0,3
2024141480784,2024,141480784,1,9,0,-1,9,1,7,-1,0,1,0,0,0,0,3,1,-1,9,2,18,4,1398,1,11,VAUXHALL ADAM,5,E01007390,0,3
2024010524228,2024,010524228,1,9,0,99,99,9,9,99,99,9,9,99,9,99,9,9,6,6,2,27,6,1229,1,10,VAUXHALL ADAM,5,E01004418,0,2
2024371472515,2024,371472515,1,9,0,-1,19,6,2,-1,0,6,0,4,0,0,1,1,-1,6,2,24,5,1229,1,7,VAUXHALL ADAM,1,E01030256,0,1
2024101474579,2024,101474579,1,9,0,-1,7,3,5,-1,0,6,0,0,0,0,4,1,-1,9,2,35,6,1229,1,8,VAUXHALL ADAM,1,E01008651,0,1
2024991522798,2024,991522798,2,9,0,-1,2,0,0,-1,0,0,0,0,0,0,4,1,-1,6,3,-1,-1,1229,1,7,VAUXHALL ADAM,-1,-1,0,-1
2024131504037,2024,131504037,1,9,0,-1,19,8,4,-1,0,0,2,0,1,2,1,1,-1,9,1,36,7,1229,1,9,VAUXHALL ADAM,1,E01011842,0,1
2024622400287,2024,622400287,1,9,0,18,19,2,6,0,0,0,1,0,4,6,1,1,6,6,2,17,4,1398,1,11,VAUXHALL ADAM,6,W01000926,0,1
2024361450311,2024,361450311,1,9,0,-1,19,3,7,-1,0,0,0,4,0,0,1,1,-1,9,1,67,10,1229,1,9,VAUXHALL ADAM,6,E01026870,0,3
2024471525458,2024,471525458,1,9,0,-1,5,5,7,-1,0,0,0,0,0,0,1,1,-1,6,1,41,7,1229,1,11,VAUXHALL ADAM,9,E01021072,0,3