collision_index,collision_year,collision_ref_no,vehicle_reference,vehicle_type,towing_and_articulation,vehicle_manoeuvre_historic,vehicle_manoeuvre,vehicle_direction_from,vehicle_direction_to,vehicle_location_restricted_lane_historic,vehicle_location_restricted_lane,junction_location,skidding_and_overturning,hit_object_in_carriageway,vehicle_leaving_carriageway,hit_object_off_carriageway,first_point_of_impact,vehicle_left_hand_drive,journey_purpose_of_driver_historic,journey_purpose_of_driver,sex_of_driver,age_of_driver,age_band_of_driver,engine_capacity_cc,propulsion_code,age_of_vehicle,generic_make_model,driver_imd_decile,lsoa_of_driver,escooter_flag,driver_distance_banding
2024131438494,2024,131438494,1,9,0,-1,9,3,7,-1,0,1,0,0,0,0,1,1,-1,9,2,27,6,1229,1,6,VAUXHALL ADAM,5,E01011765,0,1
2024061434220,2024,061434220,2,3,-1,-1,7,-1,-1,-1,0,0,0,0,0,0,-1,1,-1,6,1,59,9,125,1,8,-1,4,E01005622,0,1
2024440358148,2024,440358148,1,3,0,18,19,4,6,0,0,0,0,0,0,0,1,1,6,6,1,44,7,124,1,1,YAMAHA R,3,E01017349,0,1
2024201417332,2024,201417332,2,4,0,-1,19,6,2,-1,0,8,0,0,0,0,1,1,-1,6,1,49,8,124,1,1,YAMAHA R,1,E01009498,0,1
2024371566581,2024,371566581,1,3,0,-1,7,3,5,-1,0,1,1,0,0,0,4,1,-1,1,1,29,6,125,1,0,YAMAHA R,4,E01029960,0,4
2024451498119,2024,451498119,1,3,0,-1,19,5,1,-1,0,0,1,0,1,0,3,1,-1,9,1,17,4,124,1,1,YAMAHA R,9,E01030960,0,1
2024311498522,2024,311498522,2,3,0,-1,19,4,8,-1,0,2,0,0,1,0,1,1,-1,2,1,33,6,124,1,3,YAMAHA R,2,E01028269,0,2
2024471418541,2024,471418541,2,3,0,-1,13,3,7,-1,0,1,0,0,0,0,1,1,-1,9,1,18,4,124,1,1,YAMAHA R,3,E01021060,0,1
2024440253363,2024,440253363,2,3,0,18,19,3,7,0,0,0,0,0,0,0,1,1,6,6,1,17,4,124,1,1,YAMAHA R,7,E01020429,0,4
2024471509168,2024,471509168,1,3,0,-1,19,2,4,-1,0,8,1,0,0,0,4,1,-1,9,2,32,6,125,1,0,YAMAHA R,5,E01031577,0,1
2024361487349,2024,361487349,3,3,0,-1,19,2,6,-1,0,0,0,0,0,0,2,1,-1,9,2,19,4,124,1,1,YAMAHA R,4,E01026804,0,1
2024332400403,2024,332400403,1,5,0,-1,19,2,6,-1,0,8,0,0,0,0,1,1,-1,9,1,22,5,124,1,2,YAMAHA R,8,E01025731,0,1
2024440290690,2024,440290690,1,3,0,18,19,2,6,0,0,1,0,0,0,0,1,1,2,2,1,17,4,124,1,0,YAMAHA R,10,E01020355,0,2
2024440431146,2024,440431146,2,3,0,18,19,3,7,0,0,1,0,0,0,0,1,1,6,6,1,18,4,124,1,2,YAMAHA R,4,E01022670,0,1
2024440131190,2024,440131190,1,3,0,18,19,7,3,0,0,2,1,0,0,0,0,1,6,6,1,19,4,124,1,1,YAMAHA R,8,E01003428,0,4
2024211438540,2024,211438540,2,3,0,-1,14,1,5,-1,0,6,0,0,0,0,4,1,-1,2,1,33,6,124,1,1,YAMAHA R,2,E01029351,0,3
2024302400215,2024,302400215,2,3,0,13,13,4,8,0,0,0,0,0,8,10,3,1,6,6,1,18,4,124,1,1,YAMAHA R,5,E01019417,0,1
2024430238099,2024,430238099,2,3,0,18,19,8,4,0,0,8,0,0,0,0,4,1,2,2,1,25,5,124,1,1,YAMAHA R,7,E01016399,0,3
2024451505116,2024,451505116,1,3,0,-1,19,5,1,-1,0,0,0,0,0,0,1,1,-1,6,1,19,4,124,1,2,YAMAHA R,3,E01023105,0,2
2024010508767,2024,010508767,1,3,0,99,99,9,9,99,99,9,9,99,9,99,1,1,6,6,1,19,4,124,1,1,YAMAHA R,3,E01001466,0,1
2024440036582,2024,440036582,1,3,0,18,19,6,2,0,0,0,1,0,7,11,1,1,6,6,1,18,4,124,1,1,YAMAHA R,7,E01022713,0,2
2024010517597,2024,010517597,1,3,0,5,5,1,5,0,0,6,0,0,0,0,3,1,6,6,1,17,4,124,1,0,YAMAHA R,9,E01003882,0,1
2024411455244,2024,411455244,1,3,0,-1,9,3,7,-1,0,8,0,0,0,0,2,1,-1,2,1,20,4,124,1,1,YAMAHA R,7,E01002974,0,4
2024421530967,2024,421530967,1,3,0,-1,19,7,3,-1,0,1,0,0,0,0,1,1,-1,9,1,20,4,124,1,1,YAMAHA R,2,E01015840,0,2
2024421480614,2024,421480614,1,3,0,-1,15,3,7,-1,0,1,0,7,0,0,1,1,-1,6,1,23,5,124,1,0,YAMAHA R,-1,-1,0,-1
2024631484674,2024,631484674,1,3,0,-1,19,3,7,-1,0,0,0,0,7,0,1,1,-1,9,1,30,6,125,1,0,YAMAHA R,6,W01000433,0,1
2024010546576,2024,010546576,1,3,0,5,5,3,7,0,0,8,2,0,0,0,2,1,1,1,1,36,7,124,1,2,YAMAHA R,3,E01000059,0,3
2024010507193,2024,010507193,1,3,0,18,19,5,1,0,0,8,0,0,0,0,1,1,6,6,1,24,5,124,1,2,YAMAHA R,-1,-1,0,-1
2024610055924,2024,610055924,1,2,0,7,7,4,6,0,0,3,0,10,7,11,1,1,6,6,1,17,4,125,1,0,YAMAHA R,3,W01001408,0,1
2024161486186,2024,161486186,1,4,0,-1,19,3,7,-1,0,0,0,0,1,9,1,1,-1,6,1,29,6,124,1,3,YAMAHA R,7,E01013124,0,2
2024552400049,2024,552400049,1,3,0,13,13,6,2,0,0,8,0,0,0,0,1,1,6,6,1,23,5,124,1,1,YAMAHA R,3,E01015357,0,1
2024320134148,2024,320134148,2,4,0,10,10,8,6,0,0,2,0,0,0,0,2,1,-1,-1,1,34,6,124,1,1,YAMAHA R,6,E01034688,0,1
2024052401811,2024,052401811,1,4,0,18,19,7,3,0,0,1,0,0,0,0,1,1,6,6,1,21,5,124,1,0,YAMAHA R,1,E01006296,0,2
2024421441606,2024,421441606,2,3,0,-1,19,5,1,-1,0,8,0,0,0,0,1,1,-1,9,1,24,5,124,1,1,YAMAHA R,9,E01021828,0,3
2024631461245,2024,631461245,1,3,0,-1,19,1,6,-1,0,0,0,0,1,9,4,1,-1,9,1,28,6,124,1,0,YAMAHA R,8,W01000458,0,3
2024552401266,2024,552401266,2,3,0,18,19,5,1,0,0,8,0,0,0,0,4,1,6,6,1,34,6,125,1,0,YAMAHA R,4,E01033285,0,1
2024320427493,2024,320427493,1,3,0,-1,-1,8,4,0,0,1,2,0,7,11,1,1,-1,-1,1,17,4,124,1,0,YAMAHA R,6,E01026199,0,2
2024461462040,2024,461462040,1,3,0,-1,19,5,1,-1,0,3,1,0,3,0,1,1,-1,2,1,28,6,125,1,0,YAMAHA R,3,E01024264,0,2
2024141513669,2024,141513669,1,3,0,-1,19,1,5,-1,0,1,0,0,0,0,1,1,-1,9,1,31,6,124,1,0,YAMAHA R,4,E01007780,0,1
2024320457092,2024,320457092,1,3,0,-1,-1,4,8,0,0,0,1,7,7,6,1,1,6,6,1,21,5,124,1,0,YAMAHA R,8,E01033514,0,5
2024131420795,2024,131420795,1,2,0,-1,19,5,1,-1,0,8,2,10,1,0,4,1,-1,2,1,24,5,124,1,1,YAMAHA R,5,E01010990,0,3
2024451503257,2024,451503257,1,3,0,-1,19,1,5,-1,5,0,1,0,0,0,1,1,-1,9,1,18,4,124,1,0,YAMAHA R,9,E01030772,0,1
2024201431627,2024,201431627,2,3,0,-1,19,4,8,-1,0,3,0,0,0,0,4,1,-1,9,1,18,4,124,1,2,YAMAHA R,9,E01009665,0,1
2024111476610,2024,111476610,1,3,0,-1,19,3,7,-1,0,0,1,0,0,0,4,1,-1,9,1,18,4,124,1,2,YAMAHA R,9,E01008863,0,4
2024010514658,2024,010514658,1,3,0,18,19,1,5,0,0,1,1,0,7,10,4,1,6,6,1,18,4,124,1,1,YAMAHA R,2,E01004570,0,1
2024461492138,2024,461492138,1,4,0,-1,19,4,8,-1,0,8,0,0,0,0,1,1,-1,6,1,27,6,124,1,1,YAMAHA R,7,E01024236,0,1
2024471497174,2024,471497174,1,3,0,-1,19,3,7,-1,0,2,0,0,0,0,3,1,-1,2,1,18,4,124,1,2,YAMAHA R,2,E01021014,0,1
2024161470405,2024,161470405,2,3,0,-1,2,1,5,-1,0,1,0,0,0,0,2,1,-1,9,1,51,8,124,1,1,YAMAHA R,6,E01012882,0,3
2024541154424,2024,541154424,1,4,0,18,19,4,8,0,0,5,1,0,7,4,1,1,6,6,1,17,4,124,1,0,YAMAHA R,8,E01015557,0,2
2024010551550,2024,010551550,1,3,0,18,19,1,5,0,0,9,1,11,4,2,1,1,6,6,1,19,4,124,1,2,YAMAHA R,5,E01024571,0,4
2024451526867,2024,451526867,1,3,0,-1,19,7,3,-1,0,0,0,0,0,0,3,1,-1,9,1,24,5,124,1,1,YAMAHA R,2,E01002530,0,4
2024610043924,2024,610043924,1,4,0,11,11,1,5,0,0,3,0,0,0,0,1,1,6,6,1,26,6,124,1,0,YAMAHA R,1,W01001667,0,1
2024471441412,2024,471441412,1,3,0,-1,19,3,7,-1,0,0,2,0,0,0,4,1,-1,2,1,18,4,124,1,2,YAMAHA R,6,E01020959,0,3
2024010511012,2024,010511012,2,3,0,18,19,1,5,0,0,1,0,0,0,0,1,1,6,6,1,36,7,124,1,3,YAMAHA R,4,E01004453,0,3
2024552400332,2024,552400332,1,3,0,18,19,4,8,0,0,0,1,0,0,0,0,1,6,6,2,17,4,124,1,1,YAMAHA R,5,E01029226,0,4
2024421481557,2024,421481557,1,4,0,-1,19,2,4,-1,0,0,0,0,0,0,1,1,-1,1,1,18,4,124,1,1,YAMAHA R,8,E01035159,0,3
2024070402476,2024,070402476,1,3,0,16,19,8,3,0,0,0,0,0,0,1,1,1,2,2,1,17,4,124,1,2,YAMAHA R,9,E01018474,0,1
2024451495135,2024,451495135,2,3,0,-1,19,3,7,-1,0,1,1,0,0,0,1,1,-1,1,1,23,5,124,1,1,YAMAHA R,4,E01030788,0,1
2024471443144,2024,471443144,2,3,0,-1,19,7,3,-1,0,1,0,0,0,0,1,1,-1,2,1,18,4,124,1,2,YAMAHA R,6,E01020959,0,3
2024991480805,2024,991480805,1,3,0,-1,19,5,1,-1,0,0,1,0,1,0,4,1,-1,6,1,17,4,124,1,1,YAMAHA R,8,-1,0,1
2024070396724,2024,070396724,1,3,0,16,19,6,2,0,0,0,1,0,6,0,4,1,6,6,1,18,4,124,1,2,YAMAHA R,3,E01018732,0,2
2024501508600,2024,501508600,1,3,0,-1,13,3,7,-1,0,2,0,10,0,0,1,1,-1,2,1,27,6,124,1,2,YAMAHA R,4,E01020012,0,1
2024421498848,2024,421498848,1,3,0,-1,4,3,7,-1,0,0,0,0,0,0,1,1,-1,6,1,18,4,124,1,0,YAMAHA R,1,E01021271,0,1
2024302401307,2024,302401307,2,3,0,13,13,6,2,0,0,8,1,0,7,2,1,1,6,6,1,18,4,124,1,1,YAMAHA R,4,E01019800,0,2
2024010516484,2024,010516484,1,3,0,16,19,5,1,0,0,8,0,0,0,0,1,1,6,6,1,36,7,124,1,0,YAMAHA R,5,E01003186,0,1
2024010550133,2024,010550133,1,3,0,99,99,9,9,99,99,9,9,99,9,99,2,1,1,1,3,34,6,125,1,0,YAMAHA R,7,E01002115,0,1
2024122400140,2024,122400140,1,4,0,18,19,7,3,0,0,0,1,0,0,0,0,1,6,6,1,45,7,386,1,6,-1,1,E01011850,0,4
2024010513852,2024,010513852,1,4,0,99,99,9,9,99,99,9,9,99,9,99,2,1,6,6,1,47,8,386,1,4,-1,10,E01022688,0,4
2024122400702,2024,122400702,1,4,0,16,19,5,8,0,0,0,0,0,0,0,1,1,6,6,1,51,8,400,1,19,-1,9,E01027575,0,2
2024031477065,2024,031477065,2,5,0,-1,19,6,2,-1,0,1,0,0,7,0,1,1,-1,6,1,31,6,853,1,5,-1,6,E01019131,0,4
2024461438185,2024,461438185,2,5,0,-1,-1,-1,-1,-1,-1,0,-1,-1,-1,0,-1,1,-1,6,1,43,7,853,1,5,-1,2,E01004382,0,4
2024010533142,2024,010533142,1,5,0,99,99,9,9,99,99,9,9,99,9,99,9,1,6,6,1,35,6,853,1,2,-1,9,E01030761,0,4
2024610029324,2024,610029324,2,5,0,16,19,8,3,0,0,0,1,0,0,0,1,1,6,6,1,59,9,853,1,1,-1,2,W01001447,0,4
2024440387486,2024,440387486,2,5,0,18,19,8,4,0,0,0,0,0,0,0,3,1,6,6,1,61,9,853,1,3,-1,9,E01022611,0,1
2024461441166,2024,461441166,1,5,0,-1,4,3,7,-1,0,0,1,0,0,0,1,1,-1,2,1,33,6,999,1,6,BMW S 1000,4,E01024138,0,1
2024461441898,2024,461441898,2,5,0,-1,12,5,8,-1,0,0,5,7,0,0,3,1,-1,9,1,52,8,999,1,2,BMW S 1000,9,E01035291,0,1
2024340WN6052,2024,340WN6052,2,3,0,-1,19,7,3,-1,0,3,0,0,0,0,1,1,-1,9,1,23,5,999,1,14,BMW S 1000,-1,-1,0,-1
2024122400910,2024,122400910,1,5,0,17,19,2,6,0,0,0,0,0,2,4,1,1,6,6,1,62,9,999,1,5,BMW S 1000,10,E01013408,0,3
2024010524194,2024,010524194,2,5,0,18,19,3,7,0,0,0,0,0,0,0,4,1,6,6,1,44,7,999,1,10,BMW S 1000,7,E01004693,0,2
2024991421755,2024,991421755,1,5,0,-1,5,5,2,-1,0,2,0,0,1,0,2,1,-1,9,1,35,6,999,1,2,BMW S 1000,4,-1,0,1
2024061431566,2024,061431566,1,5,0,-1,19,7,2,-1,0,2,1,10,0,0,1,1,-1,9,1,31,6,999,1,9,BMW S 1000,9,E01005909,0,1
2024991411641,2024,991411641,2,5,0,-1,19,6,2,-1,0,1,0,0,0,0,1,1,-1,9,1,42,7,999,1,1,BMW S 1000,4,-1,0,4
2024320743913,2024,320743913,2,5,0,-1,-1,5,1,0,0,1,1,0,0,0,3,1,-1,-1,1,45,7,999,1,9,BMW S 1000,10,E01026203,0,3
2024131497128,2024,131497128,1,5,0,-1,19,1,1,-1,0,0,1,0,0,0,0,1,-1,6,1,45,7,999,1,5,BMW S 1000,3,E01005440,0,3
2024010539743,2024,010539743,1,5,0,18,19,1,5,0,0,2,0,0,0,0,1,1,6,6,1,26,6,999,1,9,BMW S 1000,4,E01002599,0,4
2024421495970,2024,421495970,1,5,0,-1,19,5,1,-1,0,8,1,8,0,0,1,1,-1,9,1,36,7,999,1,11,BMW S 1000,3,E01021977,0,1
2024320186457,2024,320186457,2,4,0,-1,-1,6,2,0,0,8,5,0,0,0,1,1,6,6,1,30,6,999,1,3,BMW S 1000,-1,-1,0,-1
2024221456391,2024,221456391,3,5,0,-1,19,5,1,-1,0,0,0,0,0,0,2,1,-1,9,1,28,6,999,1,5,BMW S 1000,3,E01029355,0,4
202417S207624,2024,17S207624,2,5,0,-1,19,4,8,-1,0,0,0,0,0,0,1,1,-1,9,1,50,8,999,1,2,BMW S 1000,10,E01012005,0,3
2024421409118,2024,421409118,2,5,0,-1,13,3,3,-1,0,1,0,0,0,0,4,1,-1,6,1,30,6,999,1,12,BMW S 1000,10,E01021939,0,2
2024201431145,2024,201431145,2,5,0,-1,19,5,4,-1,0,1,5,0,0,0,1,1,-1,9,1,42,7,999,1,2,BMW S 1000,2,E01009953,0,1
2024070635686,2024,070635686,2,5,0,18,19,2,6,0,0,1,1,0,0,0,3,1,6,6,2,57,9,999,1,4,BMW S 1000,8,E01018727,0,1
2024211502088,2024,211502088,1,5,0,-1,13,3,7,-1,0,0,2,7,1,0,1,1,-1,9,1,28,6,999,1,9,BMW S 1000,5,E01029611,0,2
2024010498640,2024,010498640,1,5,0,15,15,7,3,0,0,0,0,0,0,0,0,1,6,6,1,31,6,999,1,1,BMW S 1000,5,E01027826,0,5
2024440303782,2024,440303782,1,5,0,9,9,1,5,0,0,5,0,0,0,0,1,1,6,6,1,23,5,999,1,13,BMW S 1000,3,E01017315,0,3
2024302400775,2024,302400775,2,5,0,13,13,5,1,0,0,1,0,0,0,0,1,1,6,6,1,30,6,999,1,4,BMW S 1000,5,E01006008,0,4
2024010539184,2024,010539184,2,5,0,18,19,1,5,9,9,1,0,0,0,0,0,1,2,2,1,35,6,999,1,6,BMW S 1000,3,E01000876,0,1
202454C664424,2024,54C664424,2,5,0,18,19,5,1,2,2,1,0,0,0,0,3,1,6,6,1,27,6,999,1,1,BMW S 1000,7,E01033844,0,1
2024010514953,2024,010514953,1,5,0,18,19,2,6,0,0,6,0,0,0,0,1,1,6,6,1,25,5,999,1,13,BMW S 1000,2,E01033327,0,1
2024461484294,2024,461484294,1,5,0,-1,19,7,3,-1,0,0,0,0,0,0,0,1,-1,9,1,57,9,999,1,13,BMW S 1000,4,E01000904,0,5
2024010546277,2024,010546277,1,5,0,18,19,3,7,0,0,0,0,0,0,0,1,1,2,2,1,32,6,999,1,4,BMW S 1000,10,E01023092,0,4
2024221486206,2024,221486206,1,5,0,-1,19,3,8,-1,0,0,0,10,1,4,1,1,-1,6,1,30,6,999,1,14,BMW S 1000,-1,-1,0,-1
2024451491779,2024,451491779,1,5,0,-1,13,7,3,-1,0,0,0,0,7,0,1,1,-1,9,1,38,7,999,1,8,BMW S 1000,5,E01030819,0,3
2024421517461,2024,421517461,1,5,0,-1,19,1,5,-1,0,0,0,0,0,0,3,1,-1,1,1,64,9,999,1,4,BMW S 1000,7,E01021966,0,1
2024991467312,2024,991467312,2,5,0,-1,19,8,4,-1,0,1,5,0,0,0,1,1,-1,9,1,61,9,999,1,1,BMW S 1000,6,-1,0,4
2024122400551,2024,122400551,1,5,0,13,13,7,3,0,0,8,0,0,7,0,1,1,6,6,1,23,5,999,1,2,BMW S 1000,7,E01010775,0,3
2024332400976,2024,332400976,2,5,0,-1,13,3,7,-1,0,8,1,0,1,0,1,1,-1,6,1,31,6,999,1,4,BMW S 1000,9,E01025779,0,4
2024471467362,2024,471467362,2,5,0,-1,19,7,3,-1,0,8,0,0,0,0,1,1,-1,9,1,53,8,999,1,10,BMW S 1000,8,E01001122,0,4
2024461463210,2024,461463210,1,5,0,-1,5,5,1,-1,0,0,0,0,0,0,1,1,-1,9,1,46,8,999,1,3,BMW S 1000,2,E01024717,0,1
2024440255108,2024,440255108,2,5,0,18,19,6,2,0,0,8,0,0,0,0,1,1,6,6,1,32,6,999,1,2,BMW S 1000,1,E01022968,0,1
2024471484273,2024,471484273,1,5,0,-1,11,2,6,-1,0,0,0,0,1,2,1,1,-1,6,1,58,9,999,1,9,BMW S 1000,8,E01031701,0,3
2024302401116,2024,302401116,2,5,0,18,19,8,4,0,0,0,0,0,0,0,1,1,1,1,1,46,8,999,1,9,BMW S 1000,10,E01028354,0,4
2024552400962,2024,552400962,2,5,0,15,15,6,2,4,4,8,0,0,0,0,1,1,6,6,1,37,7,999,1,12,BMW S 1000,3,E01015381,0,1
2024131470553,2024,131470553,1,5,0,-1,13,1,5,-1,0,0,2,0,1,0,1,1,-1,6,1,56,9,999,1,5,BMW S 1000,6,E01007321,0,2
2024122401111,2024,122401111,1,5,0,16,19,1,4,0,0,1,1,0,0,0,4,1,6,6,2,50,8,999,1,7,BMW S 1000,9,E01033776,0,5
2024311508284,2024,311508284,1,5,0,-1,3,1,5,-1,0,0,0,0,0,0,1,1,-1,6,1,56,9,999,1,0,BMW S 1000,1,E01013920,0,3
2024231441160,2024,231441160,1,5,0,-1,19,7,3,-1,0,0,0,0,0,0,1,1,-1,9,1,53,8,999,1,3,BMW S 1000,10,E01031124,0,1
2024010505897,2024,010505897,1,5,0,18,19,7,3,0,0,1,0,0,0,0,4,1,2,2,1,34,6,999,1,4,BMW S 1000,7,E01024157,0,4
2024161485522,2024,161485522,1,4,0,-1,19,2,6,-1,0,0,0,0,0,0,1,1,-1,6,1,30,6,999,1,1,BMW S 1000,9,E01027845,0,4
2024351466235,2024,351466235,1,5,0,-1,19,2,6,-1,0,0,0,0,1,3,3,1,-1,9,1,58,9,999,1,3,BMW S 1000,9,E01025809,0,4
2024010519785,2024,010519785,2,3,0,18,19,1,5,0,0,4,0,0,0,0,3,1,6,6,1,28,6,999,1,2,BMW S 1000,2,E01000065,0,1
2024501475887,2024,501475887,1,5,0,-1,19,1,5,-1,0,0,2,0,2,1,4,1,-1,9,1,52,8,999,1,2,BMW S 1000,1,E01012894,0,5
2024010531638,2024,010531638,2,5,0,18,19,1,5,0,0,1,0,0,0,0,1,1,6,6,1,36,7,999,1,9,BMW S 1000,-1,-1,0,-1
2024471458474,2024,471458474,2,5,0,-1,19,2,7,-1,0,1,0,0,0,0,1,1,-1,9,1,55,8,999,1,2,BMW S 1000,1,E01031436,0,1
2024010541815,2024,010541815,2,5,0,18,19,1,5,0,0,1,0,0,0,0,1,1,6,6,1,55,8,999,1,7,BMW S 1000,9,E01000690,0,1
2024361484579,2024,361484579,1,5,0,-1,19,4,8,-1,0,0,0,0,1,0,0,1,-1,6,1,45,7,999,1,11,BMW S 1000,5,E01026525,0,2
2024421453650,2024,421453650,1,5,0,-1,4,6,3,-1,0,0,0,0,0,0,1,1,-1,6,1,46,8,999,1,13,BMW S 1000,2,E01016150,0,3
2024070264789,2024,070264789,2,5,0,14,14,3,7,0,0,1,0,0,0,0,4,1,1,1,1,55,8,999,1,5,BMW S 1000,8,E01025453,0,4
2024070402699,2024,070402699,1,5,0,4,4,7,3,0,0,0,1,0,0,0,1,1,6,6,1,41,7,999,1,14,BMW S 1000,1,E01026173,0,5
2024101491569,2024,101491569,2,5,0,-1,19,7,3,-1,0,0,0,0,8,0,1,1,-1,6,1,48,8,999,1,6,BMW S 1000,9,E01008275,0,4
2024101448226,2024,101448226,2,5,0,-1,19,5,1,-1,0,0,0,0,0,0,2,1,-1,9,1,58,9,999,1,3,BMW S 1000,8,E01027407,0,4
2024131411048,2024,131411048,2,5,0,-1,15,5,1,-1,0,0,0,0,0,0,3,1,-1,9,1,41,7,999,1,14,BMW S 1000,3,E01013410,0,4
2024010526928,2024,010526928,1,5,0,18,19,7,3,0,0,0,2,0,0,0,3,1,1,1,1,36,7,999,1,13,BMW S 1000,5,E01002525,0,2
202460Q123676,2024,60Q123676,1,5,0,17,19,5,1,0,0,0,0,0,7,4,1,1,6,6,1,34,6,999,1,10,BMW S 1000,-1,-1,0,-1
2024991465238,2024,991465238,1,5,0,-1,13,2,7,-1,0,1,0,0,0,0,1,1,-1,9,1,38,7,999,1,3,BMW S 1000,3,-1,0,4
2024122401176,2024,122401176,1,5,0,16,19,5,1,0,0,0,0,0,0,0,4,1,6,6,1,50,8,999,1,5,BMW S 1000,5,E01025509,0,4
2024010526383,2024,010526383,2,5,0,13,13,1,5,9,9,0,1,0,0,0,4,1,6,6,1,58,9,999,1,2,BMW S 1000,3,E01033862,0,3
2024451415229,2024,451415229,2,5,0,-1,19,3,7,-1,0,1,0,0,0,0,1,1,-1,6,1,58,9,999,1,2,BMW S 1000,9,E01034719,0,3
2024231516524,2024,231516524,1,5,0,-1,19,6,8,-1,0,0,0,0,7,0,1,1,-1,6,1,29,6,999,1,6,BMW S 1000,6,E01027030,0,3
2024161421479,2024,161421479,1,5,0,-1,19,2,6,-1,0,0,0,0,7,9,1,1,-1,6,1,26,6,999,1,3,BMW S 1000,2,E01035463,0,3
2024211486070,2024,211486070,2,5,0,-1,19,2,6,-1,9,0,2,0,1,0,1,1,-1,9,1,39,7,999,1,10,BMW S 1000,3,E01010349,0,3
2024991476561,2024,991476561,2,5,0,-1,19,3,7,-1,0,0,0,0,0,0,1,1,-1,9,1,55,8,999,1,6,BMW S 1000,10,E01017756,0,5
2024311418000,2024,311418000,2,5,0,-1,19,2,6,-1,0,0,0,0,0,0,1,1,-1,2,1,39,7,999,1,8,BMW S 1000,-1,-1,0,-1
2024471502692,2024,471502692,1,5,0,-1,19,3,7,-1,0,1,1,0,1,0,3,1,-1,9,1,24,5,999,1,8,BMW S 1000,2,E01017011,0,2
2024231454853,2024,231454853,2,5,0,-1,19,3,7,-1,0,0,0,0,7,0,4,1,-1,9,2,37,7,999,1,9,BMW S 1000,10,E01031300,0,3
2024201502556,2024,201502556,2,5,0,-1,15,5,1,-1,0,2,1,0,0,0,1,1,-1,9,1,36,7,999,1,11,BMW S 1000,-1,-1,0,-1
2024991441277,2024,991441277,1,5,0,-1,19,3,8,-1,0,0,1,0,0,0,1,1,-1,6,1,30,6,999,1,6,BMW S 1000,-1,-1,0,-1
2024421426887,2024,421426887,1,5,0,-1,11,7,3,-1,0,0,0,7,1,0,1,1,-1,9,1,54,8,999,1,1,BMW S 1000,6,E01003386,0,4
2024411458235,2024,411458235,2,5,0,-1,5,7,3,-1,0,4,0,0,0,0,3,1,-1,9,1,27,6,999,1,2,BMW S 1000,7,E01000296,0,3
2024161458238,2024,161458238,1,5,0,-1,19,2,8,-1,0,0,0,12,1,0,1,1,-1,6,1,52,8,999,1,7,BMW S 1000,1,E01013084,0,2
2024010513766,2024,010513766,1,5,0,18,19,8,4,0,0,0,0,4,0,0,1,1,6,6,1,32,6,999,1,9,BMW S 1000,4,E01002491,0,1
2024010517348,2024,010517348,1,5,0,99,99,9,9,99,99,9,9,99,9,99,9,1,6,6,1,35,6,999,1,0,BMW S 1000,7,E01022087,0,4
2024332401044,2024,332401044,2,5,0,-1,19,3,7,-1,0,8,1,0,0,0,4,1,-1,6,1,39,7,999,1,7,BMW S 1000,2,E01013721,0,2
2024520403351,2024,520403351,1,5,0,7,7,7,1,0,0,8,1,0,0,0,0,1,6,6,1,32,6,999,1,5,BMW S 1000,7,E01029277,0,3
2024340WN3782,2024,340WN3782,2,5,0,-1,19,1,5,-1,0,0,0,0,0,0,1,1,-1,9,1,69,10,999,1,4,BMW S 1000,10,E01027274,0,1
2024010517319,2024,010517319,2,5,0,99,99,9,9,99,99,1,9,99,9,99,0,1,6,6,3,-1,-1,999,1,0,BMW S 1000,-1,-1,0,-1
2024101442970,2024,101442970,2,5,0,-1,19,2,6,-1,0,1,0,0,0,0,3,1,-1,9,1,41,7,999,1,5,BMW S 1000,-1,-1,0,-1
2024101508898,2024,101508898,1,5,0,-1,19,1,5,-1,0,1,2,0,0,0,1,1,-1,6,1,44,7,999,1,7,BMW S 1000,2,E01008537,0,1
2024421409395,2024,421409395,2,5,0,-1,4,3,7,-1,0,2,0,0,0,0,3,1,-1,9,1,34,6,999,1,9,BMW S 1000,10,E01021403,0,1
2024122500431,2024,122500431,1,5,0,18,19,1,5,0,0,0,0,0,0,0,1,1,6,6,1,54,8,999,1,0,BMW S 1000,9,E01025064,0,4
2024161453358,2024,161453358,2,5,0,-1,19,4,8,-1,0,0,0,0,0,0,1,1,-1,6,1,39,7,999,1,7,BMW S 1000,8,E01035471,0,1
2024440207640,2024,440207640,2,17,0,9,9,3,1,0,0,5,0,0,0,0,3,1,1,1,1,28,6,4485,2,1,-1,10,E01023272,0,1
2024302400211,2024,302400211,2,17,0,4,4,5,1,0,0,0,0,0,0,0,1,1,1,1,1,72,10,4485,2,4,-1,5,E01019723,0,1
2024361448665,2024,361448665,1,90,0,-1,9,6,4,-1,0,0,0,0,0,0,1,1,-1,9,1,53,8,1995,2,6,-1,7,E01026420,0,4
2024061423025,2024,061423025,1,9,0,-1,-1,-1,-1,-1,-1,-1,-1,-1,-1,0,-1,1,-1,6,3,-1,-1,1368,1,6,-1,-1,-1,0,-1