collision_index,collision_year,collision_ref_no,vehicle_reference,vehicle_type,towing_and_articulation,vehicle_manoeuvre_historic,vehicle_manoeuvre,vehicle_direction_from,vehicle_direction_to,vehicle_location_restricted_lane_historic,vehicle_location_restricted_lane,junction_location,skidding_and_overturning,hit_object_in_carriageway,vehicle_leaving_carriageway,hit_object_off_carriageway,first_point_of_impact,vehicle_left_hand_drive,journey_purpose_of_driver_historic,journey_purpose_of_driver,sex_of_driver,age_of_driver,age_band_of_driver,engine_capacity_cc,propulsion_code,age_of_vehicle,generic_make_model,driver_imd_decile,lsoa_of_driver,escooter_flag,driver_distance_banding
2024010507828,2024,010507828,1,9,0,7,7,4,5,0,0,5,0,0,0,0,4,1,6,6,1,59,9,1368,1,7,-1,10,E01004640,0,1
2024531485218,2024,531485218,2,3,0,-1,19,3,1,-1,0,1,0,0,0,0,1,1,-1,6,1,18,4,124,1,40,-1,7,E01022248,0,2
2024361406499,2024,361406499,1,4,0,-1,19,3,7,-1,5,0,0,0,7,4,1,1,-1,6,1,45,7,449,1,1,-1,7,E01018057,0,4
2024430622516,2024,430622516,1,9,0,18,19,1,5,0,0,0,1,0,0,0,1,1,6,6,1,-1,-1,1498,8,0,MG 3,7,E01028776,0,1
2024461447871,2024,461447871,1,9,0,-1,19,3,7,-1,0,8,0,0,0,0,3,1,-1,9,2,71,10,1498,1,5,MG 3,3,E01024535,0,1
2024991394095,2024,991394095,2,9,0,-1,19,3,7,-1,0,4,1,10,4,0,1,1,-1,9,2,61,9,1498,1,6,MG 3,-1,-1,0,-1
2024141530886,2024,141530886,1,9,0,-1,19,5,1,-1,0,0,0,0,0,0,1,1,-1,1,1,19,4,1498,1,3,MG 3,1,E01007643,0,2
2024052402324,2024,052402324,2,9,0,18,19,1,5,0,0,8,0,0,0,0,2,1,6,6,2,33,6,1498,8,0,MG 3,1,E01034837,0,1
2024991519218,2024,991519218,1,9,0,-1,12,7,3,-1,0,1,0,0,0,0,3,1,-1,6,1,71,10,1498,1,6,MG 3,3,-1,0,3
2024122400948,2024,122400948,1,9,0,18,19,2,6,0,0,8,0,0,0,0,1,1,6,6,2,48,8,1498,1,5,MG 3,9,E01027882,0,4
2024631486865,2024,631486865,1,9,0,-1,19,4,7,-1,0,0,5,0,0,0,1,1,-1,6,2,74,10,1498,1,5,MG 3,8,W01000722,0,1
2024010520105,2024,010520105,2,9,9,99,99,9,9,99,99,9,9,99,9,99,9,9,6,6,3,-1,-1,1498,1,1,MG 3,-1,-1,0,-1
2024440463956,2024,440463956,1,9,0,18,19,8,4,0,0,0,0,0,0,0,1,1,2,2,1,-1,-1,1498,1,3,MG 3,-1,-1,0,-1
2024122401191,2024,122401191,1,9,0,18,19,3,7,0,0,0,0,0,1,4,1,1,6,6,1,63,9,1498,8,0,MG 3,3,E01010584,0,3
2024991457559,2024,991457559,2,9,0,-1,19,1,5,-1,0,0,0,0,7,0,1,1,-1,2,2,29,6,1498,1,8,MG 3,8,-1,0,4
2024522403446,2024,522403446,2,9,0,9,9,5,2,0,0,6,0,0,0,0,3,1,6,6,2,42,7,1498,1,8,MG 3,5,E01014573,0,1
2024401417111,2024,401417111,1,9,0,-1,9,3,1,-1,0,1,0,0,0,0,4,1,-1,9,2,28,6,1498,1,1,MG 3,4,E01033827,0,2
2024411539242,2024,411539242,2,9,0,-1,19,5,1,-1,0,0,0,0,0,0,2,1,-1,6,1,22,5,1498,1,6,MG 3,6,E01002111,0,2
2024070422655,2024,070422655,1,9,0,9,9,3,1,0,0,8,0,9,0,0,1,1,2,2,2,51,8,1498,1,4,MG 3,8,E01035390,0,1
2024041504669,2024,041504669,1,9,0,-1,19,1,5,-1,0,0,0,0,0,0,1,1,-1,9,2,22,5,1498,1,4,MG 3,2,E01025285,0,2
2024061458398,2024,061458398,1,9,0,-1,19,4,8,-1,0,0,0,0,0,0,1,1,-1,9,2,55,8,1498,1,1,MG 3,4,E01018962,0,5
2024471516978,2024,471516978,1,9,0,-1,19,6,2,-1,0,0,0,0,7,0,1,1,-1,6,2,58,9,1498,1,3,MG 3,4,E01021177,0,2
2024351435010,2024,351435010,2,9,-1,-1,3,3,7,-1,0,1,0,0,0,0,2,9,-1,9,1,33,6,1498,1,7,MG 3,9,E01018174,0,1
2024371533883,2024,371533883,2,9,0,-1,2,0,0,-1,9,0,0,4,0,0,2,1,-1,6,-1,-1,-1,1498,1,2,MG 3,-1,-1,0,-1
2024320184788,2024,320184788,1,9,0,4,4,1,5,0,0,1,0,0,0,0,1,1,6,6,1,52,8,1498,1,9,MG 3,8,E01019757,0,5
2024622400529,2024,622400529,1,9,0,18,19,4,8,0,0,8,0,0,0,0,4,1,6,6,1,64,9,1498,1,4,MG 3,1,W01001883,0,1
2024010528679,2024,010528679,1,9,0,9,9,7,5,0,0,8,0,0,0,0,4,1,6,6,1,32,6,1498,1,9,MG 3,4,E01002629,0,1
2024010538639,2024,010538639,2,9,0,2,2,0,0,0,0,2,0,0,0,0,4,1,6,6,3,-1,-1,1498,1,4,MG 3,-1,-1,0,-1
2024211404442,2024,211404442,2,9,0,-1,19,5,1,-1,0,0,0,0,0,0,1,1,-1,6,2,30,6,1498,1,6,MG 3,8,E01029416,0,1
2024610004124,2024,610004124,1,9,0,18,19,5,1,0,0,0,0,4,0,0,1,1,6,6,1,74,10,1498,1,3,MG 3,-1,-1,0,-1
2024522401501,2024,522401501,1,9,0,3,3,3,7,0,0,0,0,0,0,0,2,1,6,6,2,37,7,1498,1,7,MG 3,8,E01032672,0,3
2024122400438,2024,122400438,1,9,0,17,19,1,5,0,0,0,2,0,8,10,1,1,6,6,1,41,7,1498,1,1,MG 3,3,E01013366,0,4
2024010512390,2024,010512390,1,9,0,9,9,1,6,0,0,5,0,0,0,0,1,1,6,6,1,44,7,1498,1,7,MG 3,2,E01004067,0,1
2024161421273,2024,161421273,1,9,0,-1,19,5,1,-1,0,0,0,4,0,0,1,1,-1,9,2,63,9,1498,1,1,MG 3,8,E01013053,0,1
2024361417387,2024,361417387,1,9,0,-1,-1,3,1,-1,-1,-1,0,-1,-1,0,1,9,-1,9,1,22,5,1498,1,2,MG 3,6,E01026457,0,4
2024320389948,2024,320389948,1,9,0,-1,-1,4,8,0,0,0,0,0,1,4,1,1,-1,-1,2,35,6,1498,1,10,MG 3,4,E01026253,0,1
2024531395291,2024,531395291,2,9,0,-1,19,6,2,-1,0,8,0,0,0,0,4,1,-1,6,1,75,10,1498,1,1,MG 3,7,E01034801,0,1
2024061515250,2024,061515250,2,9,0,-1,2,0,0,-1,0,0,0,0,0,0,3,1,-1,9,1,80,11,1498,8,0,MG 3,7,E01005415,0,2
2024991397880,2024,991397880,1,9,0,-1,8,4,7,-1,0,1,0,0,0,0,2,1,-1,9,2,22,5,1498,1,1,MG 3,2,-1,0,2
2024201507373,2024,201507373,2,9,0,-1,19,6,2,-1,0,8,0,0,0,0,4,9,-1,6,1,30,6,1498,1,2,MG 3,4,E01009248,0,1
2024440293995,2024,440293995,2,9,0,18,19,3,7,0,0,0,0,12,0,0,1,1,2,2,1,43,7,1498,1,2,MG 3,5,E01017203,0,3
2024991441782,2024,991441782,2,9,0,-1,19,3,8,-1,0,0,0,0,0,0,3,1,-1,9,1,66,10,1498,1,1,MG 3,-1,-1,0,-1
2024421524769,2024,421524769,1,9,0,-1,19,6,2,-1,0,0,0,0,7,0,1,1,-1,9,2,19,4,1498,1,7,MG 3,8,E01002341,0,3
2024320621138,2024,320621138,1,9,0,-1,-1,2,8,0,0,0,5,0,2,11,1,1,6,6,1,86,11,1498,8,0,MG 3,8,E01026171,0,2
2024111512708,2024,111512708,1,9,0,-1,19,6,2,-1,0,0,0,0,1,0,1,1,-1,6,2,40,7,1498,8,0,MG 3,8,E01007002,0,5
2024071065240,2024,071065240,1,9,0,-1,19,2,6,-1,0,0,0,0,0,0,1,1,-1,6,2,26,6,1498,1,5,MG 3,8,E01034078,0,5
2024461534223,2024,461534223,1,9,0,-1,9,6,3,-1,0,8,0,0,0,0,1,1,-1,2,1,29,6,1498,1,6,MG 3,1,E01016063,0,3
2024041458068,2024,041458068,2,9,0,-1,3,7,2,-1,0,1,0,0,0,0,2,1,-1,2,2,36,7,1498,1,4,MG 3,2,E01025115,0,1
2024201499769,2024,201499769,1,9,0,-1,9,2,1,-1,9,5,0,0,0,0,2,1,-1,9,2,58,9,1498,1,7,MG 3,3,E01010020,0,1
2024101409261,2024,101409261,2,9,0,-1,5,3,5,-1,0,8,0,0,0,0,0,1,-1,2,2,31,6,1498,1,2,MG 3,6,E01008696,0,1
2024440348542,2024,440348542,2,9,0,18,19,7,3,0,0,0,0,0,0,0,0,1,6,6,1,31,6,1498,1,2,MG 3,4,E01017275,0,1
2024010518961,2024,010518961,2,9,0,99,99,9,9,99,99,9,9,99,9,99,9,9,6,6,2,38,7,1498,1,1,MG 3,3,E01003089,0,1
2024161484169,2024,161484169,1,9,0,-1,19,7,3,-1,0,4,0,10,3,1,1,1,-1,9,1,76,11,1498,1,5,MG 3,8,E01012814,0,1
2024052400324,2024,052400324,2,9,0,5,5,7,3,0,0,1,0,0,0,0,3,1,6,6,2,40,7,1498,1,1,MG 3,7,E01007080,0,3
2024361506849,2024,361506849,2,9,0,-1,4,1,5,-1,0,0,0,0,0,0,2,1,-1,6,1,77,11,1498,8,0,MG 3,5,E01026751,0,4
2024411516408,2024,411516408,1,9,0,-1,-1,-1,-1,-1,-1,-1,-1,-1,-1,0,2,9,-1,6,2,28,6,1498,8,0,MG 3,9,E01023406,0,2
2024052401933,2024,052401933,1,9,0,9,9,5,4,0,0,6,0,0,0,0,1,1,6,6,1,79,11,1498,1,3,MG 3,9,E01006823,0,1
2024010515118,2024,010515118,2,9,0,18,19,3,7,0,0,0,0,0,0,0,2,1,6,6,1,39,7,1498,1,3,MG 3,6,E01023858,0,3
2024991491160,2024,991491160,2,9,0,-1,19,1,5,-1,0,8,0,0,0,0,4,1,-1,6,2,46,8,1498,1,6,MG 3,2,-1,0,1
2024531503166,2024,531503166,1,9,0,-1,19,5,1,-1,0,0,0,0,0,0,1,1,-1,2,1,23,5,1498,1,2,MG 3,10,E01022354,0,1
2024052402436,2024,052402436,1,9,0,18,19,7,3,0,0,2,1,0,1,11,3,1,6,6,1,28,6,1498,1,4,MG 3,1,E01006648,0,1
2024231447693,2024,231447693,2,9,0,-1,9,1,7,-1,0,5,0,0,0,0,4,1,-1,1,1,22,5,1498,1,3,MG 3,5,E01029855,0,1
2024052401359,2024,052401359,2,9,0,10,10,5,3,0,0,1,0,0,0,0,3,1,6,6,1,70,10,1498,1,2,MG 3,5,E01021954,0,5
2024211442714,2024,211442714,1,9,0,-1,19,5,1,-1,0,0,0,0,0,0,1,1,-1,6,2,27,6,1498,1,7,MG 3,-1,-1,0,-1
2024991506207,2024,991506207,2,9,0,-1,5,5,8,-1,0,6,0,0,0,0,3,1,-1,9,1,28,6,1498,1,1,MG 3,9,E01008156,0,5
2024631439604,2024,631439604,3,9,0,-1,4,6,2,-1,0,1,0,0,0,0,2,1,-1,9,2,45,7,1498,1,5,MG 3,9,W01000580,0,2
2024061512868,2024,061512868,1,9,0,-1,19,3,7,-1,0,0,0,4,0,0,1,1,-1,6,1,23,5,1498,8,0,MG 3,2,E01006359,0,3
2024320317073,2024,320317073,1,9,0,-1,-1,3,7,0,0,0,0,4,0,0,1,1,-1,-1,1,78,11,1498,1,8,MG 3,-1,-1,0,-1
2024221500504,2024,221500504,1,9,0,-1,19,5,2,-1,0,0,0,12,1,3,1,1,-1,6,1,42,7,1498,1,10,MG 3,3,E01032381,0,4
2024010544484,2024,010544484,1,9,0,18,19,7,3,0,0,8,0,0,0,0,1,1,6,6,1,69,10,1498,1,0,MG 3,-1,-1,0,-1
2024430234498,2024,430234498,2,9,0,3,3,6,2,0,0,0,0,0,0,0,2,1,2,2,2,60,9,1498,1,9,MG 3,8,E01027028,0,3
2024361491703,2024,361491703,1,9,0,-1,9,5,3,-1,0,6,0,0,3,0,3,1,-1,9,2,60,9,1498,8,0,MG 3,8,E01026912,0,3
2024991522995,2024,991522995,2,9,0,-1,5,3,6,-1,0,8,0,0,0,0,1,1,-1,9,1,36,7,1498,8,0,MG 3,1,-1,0,1
2024161457503,2024,161457503,2,9,0,-1,7,8,2,-1,0,1,0,0,0,0,1,9,-1,6,3,-1,-1,1498,1,7,MG 3,-1,-1,0,-1
2024421516563,2024,421516563,1,9,0,-1,19,7,7,-1,0,0,0,0,0,0,4,1,-1,9,2,22,5,1498,1,0,MG 3,4,E01021310,0,1
2024631404408,2024,631404408,2,9,0,-1,2,0,0,-1,0,0,0,0,0,0,1,1,-1,6,-1,-1,-1,1498,1,8,MG 3,-1,-1,0,-1
202454E928724,2024,54E928724,2,9,0,18,19,2,6,0,0,8,0,0,0,0,1,1,2,2,2,32,6,1498,1,2,MG 3,5,E01032063,0,2
2024440535193,2024,440535193,1,9,0,13,13,4,8,0,0,0,0,0,0,0,1,1,2,2,2,47,8,1498,8,0,MG 3,4,E01017187,0,3
2024531436532,2024,531436532,3,9,0,-1,19,1,5,-1,0,0,0,0,0,0,0,1,-1,6,-1,-1,-1,1498,1,1,MG 3,-1,-1,0,-1
2024231474761,2024,231474761,1,9,0,-1,19,2,6,-1,0,6,0,0,0,0,1,9,-1,6,2,61,9,1498,1,1,MG 3,9,E01032894,0,1
2024010552090,2024,010552090,1,9,0,18,19,1,5,0,0,2,0,0,0,0,4,1,1,1,2,30,6,1498,8,0,MG 3,4,E01003333,0,2
2024041406648,2024,041406648,1,9,0,-1,7,1,5,-1,0,1,0,0,0,0,4,1,-1,6,2,28,6,1498,1,8,MG 3,2,E01012647,0,1
2024461532261,2024,461532261,3,9,0,-1,4,3,7,-1,0,0,0,0,0,0,1,1,-1,9,2,40,7,1498,1,0,MG 3,10,E01024337,0,1
2024622400066,2024,622400066,2,9,0,3,3,2,6,0,0,1,0,0,0,0,2,1,6,6,2,41,7,1498,1,5,MG 3,9,W01002017,0,1
2024070395968,2024,070395968,1,9,0,18,19,1,5,0,0,0,0,0,0,0,1,1,2,2,1,34,6,1498,1,1,MG 3,8,E01018686,0,4
2024010507461,2024,010507461,1,9,0,99,99,9,9,99,99,0,9,99,9,99,9,9,6,6,2,33,6,1498,1,4,MG 3,5,E01000450,0,1
2024501497593,2024,501497593,2,9,0,-1,2,0,0,-1,0,0,0,0,0,0,1,1,-1,6,-1,-1,-1,1498,1,7,MG 3,-1,-1,0,-1
2024440037091,2024,440037091,1,9,0,9,9,8,7,0,0,8,0,0,0,0,4,1,6,6,1,65,9,1498,1,7,MG 3,9,E01008611,0,5
2024531480887,2024,531480887,1,9,0,-1,19,5,1,-1,0,0,0,0,0,0,1,1,-1,6,2,51,8,1498,1,0,MG 3,3,E01022245,0,2
2024161530726,2024,161530726,1,9,0,-1,9,2,7,-1,0,8,0,0,0,0,1,9,-1,6,3,-1,-1,1498,1,7,MG 3,-1,-1,0,-1
2024991532009,2024,991532009,1,9,0,-1,19,3,5,-1,0,0,0,0,7,11,1,1,-1,9,2,24,5,1498,1,9,MG 3,2,-1,0,4
2024531497634,2024,531497634,2,9,0,-1,3,7,3,-1,0,0,0,0,0,0,2,9,-1,6,2,35,6,1498,1,7,MG 3,5,E01022227,0,4
2024161532028,2024,161532028,1,9,0,-1,19,3,7,-1,0,3,0,0,1,2,1,1,-1,9,1,85,11,1498,1,0,MG 3,9,E01032683,0,2
2024111454970,2024,111454970,1,9,0,-1,7,1,5,-1,0,6,0,0,0,0,1,1,-1,6,1,53,8,1498,1,5,MG 3,3,E01020799,0,1
2024302400485,2024,302400485,2,9,0,9,9,6,4,0,0,1,0,0,0,0,1,1,6,6,2,79,11,1498,1,1,MG 3,2,E01013585,0,1
2024231469395,2024,231469395,2,9,0,-1,19,3,7,-1,0,0,5,0,0,0,1,1,-1,6,2,74,10,1498,8,0,MG 3,10,E01031228,0,1
2024991497991,2024,991497991,1,9,0,-1,7,3,1,-1,0,4,0,0,0,0,2,1,-1,2,1,20,4,1498,1,0,MG 3,8,-1,0,1
2024041514195,2024,041514195,1,9,0,-1,19,3,7,-1,0,4,0,0,0,0,4,1,-1,6,1,57,9,1498,1,1,MG 3,9,E01025022,0,1
2024351435109,2024,351435109,1,9,0,-1,5,5,1,-1,0,4,0,0,0,0,1,1,-1,6,2,69,10,1498,1,7,MG 3,8,E01017992,0,1
2024411486380,2024,411486380,2,9,0,-1,2,0,0,-1,9,0,0,0,0,0,2,1,-1,6,3,-1,-1,1498,8,0,MG 3,-1,-1,0,-1
2024461522465,2024,461522465,1,9,0,-1,9,5,1,-1,0,1,0,0,0,0,3,9,-1,2,1,39,7,1498,1,8,MG 3,6,E01024719,0,1
2024411516237,2024,411516237,3,9,0,-1,2,0,0,-1,0,1,0,0,0,0,4,1,-1,6,-1,-1,-1,1498,1,7,MG 3,-1,-1,0,-1
2024131415956,2024,131415956,2,9,0,-1,19,3,7,-1,0,0,0,0,0,0,1,1,-1,6,1,48,8,1498,1,1,MG 3,6,E01010643,0,2
2024552401150,2024,552401150,1,9,0,18,19,5,1,0,0,0,0,0,0,0,1,1,6,6,2,63,9,1498,1,5,MG 3,5,E01020517,0,1
2024520402137,2024,520402137,2,9,0,9,9,6,4,0,0,8,0,0,0,0,1,1,6,6,1,68,10,1498,1,1,MG 3,-1,-1,0,-1
2024211514075,2024,211514075,2,9,0,-1,19,1,5,-1,0,0,0,0,0,0,1,1,-1,6,1,33,6,1498,1,2,MG 3,-1,-1,0,-1
2024101451683,2024,101451683,2,9,0,-1,19,8,4,-1,0,8,0,0,0,0,1,1,-1,6,1,50,8,1498,1,0,MG 3,1,E01008671,0,1
2024101482341,2024,101482341,1,9,0,-1,19,8,4,-1,0,8,0,0,0,0,1,1,-1,9,1,40,7,1498,1,1,MG 3,7,E01008642,0,1
2024211414346,2024,211414346,1,9,0,-1,6,4,4,-1,0,0,0,0,0,0,3,9,-1,9,1,78,11,1498,1,10,MG 3,3,E01029593,0,1
202460Q012466,2024,60Q012466,1,9,0,17,19,4,8,0,0,0,5,0,2,7,1,1,1,1,1,87,11,1028,2,9,-1,-1,-1,0,-1
2024461486856,2024,461486856,1,9,0,-1,19,2,4,-1,0,0,0,0,0,0,1,1,-1,9,1,-1,-1,1149,1,17,RENAULT MODUS,7,E01032822,0,2
2024501495823,2024,501495823,1,9,0,-1,19,5,1,-1,0,1,0,0,0,0,1,1,-1,9,1,67,10,1461,2,16,RENAULT MODUS,4,E01018863,0,1
2024610056924,2024,610056924,2,9,0,9,9,7,5,0,0,8,0,0,0,0,1,1,6,6,3,-1,-1,1461,2,18,RENAULT MODUS,2,W01001690,0,3
2024401430472,2024,401430472,2,9,0,-1,9,8,6,-1,0,1,0,0,0,0,2,1,-1,6,1,61,9,1390,1,19,RENAULT MODUS,3,E01017518,0,1
2024311406911,2024,311406911,1,9,0,-1,-1,-1,-1,-1,0,0,0,0,0,0,4,9,-1,6,2,80,11,1598,1,13,RENAULT MODUS,-1,-1,0,-1
2024141507696,2024,141507696,1,9,0,-1,7,3,2,-1,0,2,0,0,0,0,1,1,-1,9,2,57,9,1598,1,13,RENAULT MODUS,1,E01007542,0,3
2024501470862,2024,501470862,1,9,0,-1,9,8,6,-1,0,8,0,0,0,0,0,1,-1,6,2,74,10,1598,1,17,RENAULT MODUS,6,E01018826,0,3
202460Q140213,2024,60Q140213,2,9,0,4,4,3,7,0,0,0,0,0,0,0,2,1,6,6,1,55,8,1598,1,13,RENAULT MODUS,-1,-1,0,-1
2024101457425,2024,101457425,1,9,0,-1,5,7,3,-1,0,0,0,0,0,0,2,1,-1,2,1,52,8,1598,1,13,RENAULT MODUS,3,E01032483,0,1
2024361471223,2024,361471223,1,9,0,-1,19,2,6,-1,0,0,0,11,0,0,1,1,-1,9,1,42,7,1390,1,19,RENAULT MODUS,9,E01026558,0,1
2024332400122,2024,332400122,2,9,0,-1,2,0,0,-1,0,1,0,0,0,0,2,1,-1,6,2,-1,-1,1461,2,15,RENAULT MODUS,-1,-1,0,-1
2024461490789,2024,461490789,1,9,0,-1,19,7,3,-1,0,0,1,0,0,0,1,1,-1,9,1,24,5,1461,2,19,RENAULT MODUS,4,E01024565,0,2
2024221453771,2024,221453771,1,9,-1,-1,19,-1,-1,-1,0,0,0,0,0,0,1,9,-1,6,2,76,11,1390,1,19,RENAULT MODUS,4,E01028847,0,1
2024070751067,2024,070751067,1,9,0,-1,19,2,6,-1,0,0,0,0,0,0,1,1,-1,9,1,77,11,1149,1,16,RENAULT MODUS,6,E01014290,0,4
2024501493990,2024,501493990,1,9,0,-1,19,3,7,-1,0,0,0,0,0,0,3,9,-1,6,1,73,10,1461,2,13,RENAULT MODUS,5,E01015076,0,1
2024421527492,2024,421527492,2,9,0,-1,19,5,1,-1,0,0,0,0,0,0,1,2,-1,6,1,46,8,1461,2,14,RENAULT MODUS,7,E01021761,0,2
2024122401149,2024,122401149,1,9,0,18,19,1,5,0,0,0,0,0,0,0,1,1,6,6,1,31,6,1461,2,16,RENAULT MODUS,1,E01027819,0,1
2024131410424,2024,131410424,1,9,0,-1,4,3,7,-1,0,2,0,0,0,0,2,1,-1,9,2,50,8,1461,2,16,RENAULT MODUS,7,E01011383,0,1
2024041453297,2024,041453297,1,9,0,-1,19,5,1,-1,0,0,0,0,0,0,1,1,-1,9,1,39,7,1461,2,16,RENAULT MODUS,2,E01006308,0,4
2024451456559,2024,451456559,1,9,0,-1,9,1,3,-1,0,0,0,0,0,0,1,1,-1,6,1,38,7,1598,1,17,RENAULT MODUS,10,E01030581,0,1
2024052402670,2024,052402670,2,9,0,9,9,2,8,0,0,8,0,0,0,0,3,1,6,6,1,50,8,1149,1,15,RENAULT MODUS,1,E01006696,0,1
2024361489075,2024,361489075,1,9,0,-1,19,7,7,-1,0,0,0,0,0,0,1,1,-1,9,2,85,11,1461,2,14,RENAULT MODUS,5,E01026679,0,1
2024211528775,2024,211528775,2,9,0,-1,13,3,7,-1,0,0,0,0,0,0,4,1,-1,6,2,44,7,1390,1,18,RENAULT MODUS,7,E01018395,0,4
2024471472669,2024,471472669,3,9,0,-1,19,1,5,-1,0,0,0,4,0,0,1,1,-1,9,1,41,7,1461,2,18,RENAULT MODUS,2,E01031454,0,1
2024501404917,2024,501404917,1,9,0,-1,9,7,5,-1,0,1,0,0,0,0,1,1,-1,6,1,81,11,1149,1,14,RENAULT MODUS,7,E01020251,0,2
2024131413039,2024,131413039,1,9,0,-1,10,5,1,-1,0,8,0,0,0,0,1,1,-1,1,-1,50,8,1461,2,17,RENAULT MODUS,1,E01010830,0,1
2024031515121,2024,031515121,2,9,0,-1,9,8,5,-1,0,1,0,0,0,0,1,1,-1,6,1,59,9,1461,2,14,RENAULT MODUS,5,E01019388,0,1
2024501521096,2024,501521096,1,9,0,-1,19,2,6,-1,0,2,0,10,1,0,4,1,-1,6,1,63,9,1390,1,19,RENAULT MODUS,1,E01015153,0,1
2024041506611,2024,041506611,3,9,0,-1,19,5,1,-1,0,0,0,0,0,0,0,1,-1,9,1,65,9,1461,2,15,RENAULT MODUS,8,E01025166,0,1
2024440557476,2024,440557476,1,9,0,9,9,4,2,0,0,6,0,0,0,0,3,1,6,6,2,77,11,1149,1,15,RENAULT MODUS,9,E01022587,0,1
2024010550275,2024,010550275,1,9,0,9,9,5,2,0,0,8,0,0,0,0,3,2,2,2,1,28,6,1149,1,14,RENAULT MODUS,8,E01035358,0,3
2024471401474,2024,471401474,1,9,0,-1,5,5,1,-1,0,4,0,0,0,0,1,1,-1,1,1,58,9,1149,1,14,RENAULT MODUS,8,E01031466,0,1
2024320678578,2024,320678578,1,9,0,9,9,3,1,0,0,6,0,0,0,0,3,1,6,6,1,36,7,1461,2,15,RENAULT MODUS,4,E01026057,0,3
2024221520144,2024,221520144,1,9,0,-1,9,6,4,-1,0,6,0,0,0,0,4,1,-1,6,1,68,10,1598,1,13,RENAULT MODUS,9,E01014083,0,1
2024231442233,2024,231442233,1,9,0,-1,19,4,8,-1,0,0,2,0,2,10,1,1,-1,9,2,23,5,1149,1,18,RENAULT MODUS,1,E01034933,0,4
2024061437572,2024,061437572,1,9,0,-1,9,7,5,-1,0,8,0,0,0,0,1,1,-1,7,1,45,7,1598,1,20,RENAULT MODUS,1,E01005463,0,1
202454C781224,2024,54C781224,1,9,0,18,19,6,2,0,0,1,0,4,0,0,1,1,6,6,1,77,11,1598,1,13,RENAULT MODUS,9,E01015586,0,1
2024440262978,2024,440262978,1,9,0,9,9,1,7,0,0,8,0,0,1,0,4,1,6,6,1,81,11,1461,2,13,RENAULT MODUS,7,E01023013,0,1
2024461453626,2024,461453626,1,9,0,-1,19,5,1,-1,9,1,0,0,1,0,1,1,-1,2,2,39,7,1598,1,13,RENAULT MODUS,2,E01016117,0,1
2024440458656,2024,440458656,2,9,0,3,3,3,7,0,0,0,0,0,0,0,2,1,6,6,1,49,8,1461,2,14,RENAULT MODUS,6,E01035455,0,1
2024041434889,2024,041434889,1,9,0,-1,19,3,7,-1,0,0,0,0,1,0,1,1,-1,9,1,90,11,1598,1,19,RENAULT MODUS,4,E01025587,0,3
2024440551374,2024,440551374,1,9,0,18,19,1,5,0,0,1,0,0,2,7,1,1,6,6,2,61,9,1461,2,14,RENAULT MODUS,-1,-1,0,-1
2024211502858,2024,211502858,2,9,0,-1,7,2,2,-1,0,0,1,0,7,0,1,1,-1,1,2,38,7,1598,1,19,RENAULT MODUS,-1,-1,0,-1
2024010535397,2024,010535397,1,9,0,9,9,1,7,0,0,8,0,0,0,0,1,1,6,6,1,27,6,1598,1,17,RENAULT MODUS,6,E01002221,0,3
2024631466169,2024,631466169,1,9,0,-1,19,7,3,-1,0,1,0,0,7,11,1,1,-1,6,1,82,11,1461,2,13,RENAULT MODUS,6,W01000613,0,3
2024320486918,2024,320486918,1,9,0,-1,-1,2,6,0,0,0,5,0,7,9,1,1,-1,-1,2,77,11,1598,1,14,RENAULT MODUS,3,E01034685,0,4
2024411415725,2024,411415725,1,9,0,-1,19,8,4,-1,0,0,0,0,0,0,1,1,-1,2,2,65,9,1149,1,15,RENAULT MODUS,5,E01023791,0,1
2024332400767,2024,332400767,1,9,0,-1,19,5,1,-1,0,1,5,0,0,0,1,1,-1,9,2,80,11,1598,1,14,RENAULT MODUS,7,E01025964,0,1
2024320577038,2024,320577038,1,9,0,4,4,4,8,0,0,1,0,0,0,0,1,1,-1,-1,2,36,7,1461,2,16,RENAULT MODUS,4,E01026278,0,2
2024201474716,2024,201474716,2,9,0,-1,19,8,4,-1,0,0,0,0,0,0,3,1,-1,6,2,46,8,1461,2,19,RENAULT MODUS,1,E01009125,0,2
2024471453547,2024,471453547,1,9,0,-1,9,1,6,-1,0,6,0,0,0,0,3,1,-1,9,2,74,10,1598,1,13,RENAULT MODUS,6,E01021206,0,2
2024421436993,2024,421436993,2,9,0,-1,19,3,7,-1,0,1,0,0,0,0,4,1,-1,6,1,40,7,1149,1,14,RENAULT MODUS,8,E01029885,0,2
2024201472238,2024,201472238,1,9,0,-1,13,1,5,-1,0,8,0,10,7,10,1,1,-1,2,2,30,6,1598,1,19,RENAULT MODUS,-1,-1,0,-1
2024520402987,2024,520402987,1,9,0,18,19,8,4,0,0,0,2,0,1,3,1,1,6,6,2,19,4,1461,2,14,RENAULT MODUS,5,E01029229,0,1
2024622400780,2024,622400780,1,9,0,18,19,4,8,0,0,8,0,0,0,0,1,1,1,1,2,57,9,1390,1,19,RENAULT MODUS,2,W01001067,0,1