collision_index,collision_year,collision_ref_no,vehicle_reference,vehicle_type,towing_and_articulation,vehicle_manoeuvre_historic,vehicle_manoeuvre,vehicle_direction_from,vehicle_direction_to,vehicle_location_restricted_lane_historic,vehicle_location_restricted_lane,junction_location,skidding_and_overturning,hit_object_in_carriageway,vehicle_leaving_carriageway,hit_object_off_carriageway,first_point_of_impact,vehicle_left_hand_drive,journey_purpose_of_driver_historic,journey_purpose_of_driver,sex_of_driver,age_of_driver,age_band_of_driver,engine_capacity_cc,propulsion_code,age_of_vehicle,generic_make_model,driver_imd_decile,lsoa_of_driver,escooter_flag,driver_distance_banding
2024361508370,2024,361508370,2,9,0,-1,19,7,3,-1,0,1,0,0,0,0,3,1,-1,6,2,27,6,1461,2,14,RENAULT MODUS,1,E01026620,0,1
2024552401415,2024,552401415,1,9,0,18,19,1,5,0,0,0,0,0,0,0,1,1,6,6,1,22,5,1149,1,16,RENAULT MODUS,10,E01015342,0,1
2024161466206,2024,161466206,1,9,0,-1,9,2,8,-1,0,8,0,0,0,0,4,1,-1,1,1,26,6,1598,1,13,RENAULT MODUS,1,E01012806,0,1
2024522403257,2024,522403257,1,9,0,18,19,1,5,0,0,4,0,0,0,0,0,1,6,6,1,18,4,1149,1,16,RENAULT MODUS,10,E01014618,0,1
2024451394012,2024,451394012,1,9,0,-1,7,5,1,-1,0,2,0,0,1,2,3,1,-1,9,1,80,11,1598,1,17,RENAULT MODUS,4,E01030400,0,1
2024010532317,2024,010532317,1,9,0,10,10,4,3,0,0,1,0,0,0,0,2,1,6,6,2,34,6,1390,1,18,RENAULT MODUS,3,E01000718,0,1
2024501488830,2024,501488830,1,8,0,-1,19,1,5,-1,0,0,0,0,0,0,1,1,-1,6,1,69,10,1149,1,15,RENAULT MODUS,6,E01015065,0,3
2024101488865,2024,101488865,2,9,0,-1,19,7,3,-1,0,0,0,0,0,0,1,1,-1,9,2,75,10,1149,1,15,RENAULT MODUS,5,E01008225,0,1
2024061460048,2024,061460048,1,9,0,-1,19,1,5,-1,0,0,0,0,0,0,1,9,-1,6,2,76,11,1587,1,31,-1,10,E01027712,0,5
2024302500238,2024,302500238,1,9,0,-1,19,3,7,-1,0,0,1,0,1,0,1,1,-1,6,1,20,4,998,1,16,-1,7,E01005769,0,4
2024061462418,2024,061462418,1,19,0,-1,19,1,4,-1,0,1,0,0,0,0,1,1,-1,6,1,55,8,2461,2,22,-1,2,E01006034,0,1
2024161406452,2024,161406452,1,19,0,-1,19,7,3,-1,0,0,0,0,0,0,1,1,-1,6,1,34,6,2461,2,24,-1,5,E01013176,0,1
2024501504727,2024,501504727,1,19,0,-1,3,7,1,-1,0,1,0,0,0,0,4,1,-1,6,1,71,10,-1,-1,-1,-1,4,E01020149,0,2
2024461439735,2024,461439735,2,19,0,-1,2,0,0,-1,0,0,0,0,0,0,2,1,-1,6,1,64,9,2461,2,22,-1,10,E01024631,0,1
2024131504001,2024,131504001,1,19,0,-1,19,1,5,-1,0,0,5,0,2,9,4,1,-1,9,1,30,6,2461,2,20,-1,5,E01010888,0,2
2024061464636,2024,061464636,1,3,0,-1,19,1,5,-1,0,1,0,0,0,0,1,1,-1,9,1,17,4,125,1,8,-1,3,E01005039,0,1
2024141441418,2024,141441418,1,4,0,-1,19,1,5,-1,0,8,5,0,0,0,4,1,-1,6,1,31,6,450,1,-1,-1,8,E01011930,0,2
2024991437237,2024,991437237,1,9,0,-1,19,5,1,-1,0,0,2,0,7,0,4,1,-1,9,1,23,5,1984,1,9,-1,5,-1,0,2
2024471513153,2024,471513153,1,9,0,-1,13,5,1,-1,0,0,0,0,0,0,1,1,-1,2,1,22,5,1984,1,10,-1,6,E01035326,0,3
2024041478325,2024,041478325,2,9,0,-1,9,3,5,-1,1,8,0,0,0,0,3,1,-1,9,1,24,5,1984,1,8,-1,7,E01025199,0,3
202460Q194849,2024,60Q194849,1,9,0,17,19,7,4,0,0,0,2,0,7,11,1,1,6,6,2,21,5,1984,1,8,-1,-1,-1,0,-1
2024522401317,2024,522401317,2,9,0,9,9,1,7,0,0,6,0,0,0,0,3,1,6,6,1,24,5,1984,1,10,-1,3,E01014673,0,1
2024461432863,2024,461432863,1,9,0,-1,19,5,1,-1,0,2,0,0,0,0,3,1,-1,9,1,71,10,1984,1,10,-1,7,E01024743,0,2
2024411539785,2024,411539785,1,9,-1,-1,-1,-1,-1,-1,-1,0,-1,-1,-1,0,4,9,-1,6,1,35,6,2480,1,6,-1,10,E01023898,0,1
2024010509754,2024,010509754,1,9,0,18,19,3,7,0,0,0,0,0,0,0,1,1,6,6,1,34,6,2360,1,15,-1,-1,-1,0,-1
2024461414940,2024,461414940,1,9,0,-1,5,2,6,-1,0,8,0,0,0,0,1,1,-1,7,1,42,7,2360,1,17,-1,3,E01024668,0,1
2024131508858,2024,131508858,1,9,0,-1,19,1,5,-1,0,8,0,0,0,0,4,1,-1,9,1,44,7,1968,2,15,-1,1,E01011358,0,1
2024461525210,2024,461525210,1,9,0,-1,19,8,4,-1,0,0,5,0,5,0,1,1,-1,9,1,65,9,1998,1,16,-1,4,E01024194,0,4
2024520401954,2024,520401954,1,19,0,18,19,1,5,0,0,8,0,0,0,0,1,1,6,6,1,64,9,-1,-1,-1,-1,7,E01020479,0,4
2024552400785,2024,552400785,1,90,0,18,19,1,5,0,0,0,0,0,0,0,1,1,6,6,1,57,9,2500,2,29,-1,7,E01025568,0,5
2024471473371,2024,471473371,1,19,0,-1,7,2,4,-1,0,8,0,0,0,0,1,1,-1,1,1,24,5,2287,2,10,-1,6,E01020962,0,3
2024361412065,2024,361412065,2,3,0,-1,19,5,1,-1,0,1,0,0,0,0,1,1,-1,2,2,52,8,125,1,18,-1,10,E01026552,0,1
2024010511341,2024,010511341,2,3,0,15,15,1,5,2,2,8,2,0,0,0,3,1,2,2,1,37,7,125,1,17,-1,4,E01002663,0,1
2024451440338,2024,451440338,1,21,0,-1,19,1,4,-1,0,0,0,0,0,0,3,9,-1,1,1,50,8,-1,-1,-1,-1,3,E01030901,0,3
2024010526288,2024,010526288,2,3,0,18,19,1,5,0,0,4,0,0,0,0,1,1,6,6,1,21,5,125,1,4,-1,6,E01000339,0,1
2024302401609,2024,302401609,2,11,0,18,19,1,5,0,0,0,1,0,0,0,1,1,1,1,2,59,9,6700,2,10,OPTARE MODEL MISSING,9,E01019449,0,1
2024302400523,2024,302400523,1,11,0,16,19,6,1,0,0,6,0,0,1,11,1,1,1,1,2,64,9,6700,2,16,OPTARE MODEL MISSING,4,E01028260,0,4
2024501508906,2024,501508906,1,11,0,-1,19,6,2,-1,2,2,1,10,7,0,1,1,-1,1,1,48,8,4250,2,12,OPTARE MODEL MISSING,6,E01020074,0,4
2024531438738,2024,531438738,1,11,0,-1,19,6,2,-1,0,0,0,0,0,0,1,1,-1,1,1,25,5,4580,2,17,OPTARE MODEL MISSING,-1,-1,0,-1
2024361491899,2024,361491899,1,11,0,-1,5,1,2,-1,0,1,0,0,0,0,0,1,-1,6,1,85,11,4250,2,16,OPTARE MODEL MISSING,2,E01026592,0,4
2024461497102,2024,461497102,1,11,0,-1,5,7,4,-1,0,1,0,0,0,0,1,1,-1,1,1,57,9,4250,2,10,OPTARE MODEL MISSING,3,E01024608,0,1
2024221471575,2024,221471575,3,11,0,-1,3,7,3,-1,0,0,0,0,0,0,3,9,-1,1,1,65,9,5900,2,17,OPTARE MODEL MISSING,2,E01014140,0,1
2024302400292,2024,302400292,1,11,0,18,19,1,5,0,0,1,0,0,0,0,1,1,1,1,1,61,9,4580,2,15,OPTARE MODEL MISSING,3,E01033388,0,1
2024122400804,2024,122400804,1,11,0,18,19,8,4,0,0,0,2,6,7,9,1,1,1,1,1,46,8,4250,2,13,OPTARE MODEL MISSING,1,E01034972,0,2
2024311418751,2024,311418751,1,11,0,-1,19,1,5,-1,0,0,0,0,0,0,0,1,-1,1,1,74,10,4250,2,12,OPTARE MODEL MISSING,-1,-1,0,-1
2024991414333,2024,991414333,1,11,0,-1,19,1,4,-1,2,6,0,0,0,0,4,1,-1,1,1,61,9,4250,2,10,OPTARE MODEL MISSING,2,-1,0,1
2024221436875,2024,221436875,1,11,0,-1,19,8,3,-1,0,0,0,0,0,0,1,1,-1,1,1,24,5,4250,2,17,OPTARE MODEL MISSING,9,E01028966,0,1
2024221474303,2024,221474303,1,11,0,-1,19,4,8,-1,0,0,0,4,0,0,4,1,-1,1,1,63,9,4250,2,12,OPTARE MODEL MISSING,7,E01014093,0,1
2024141464890,2024,141464890,2,11,0,-1,2,0,0,-1,0,0,0,0,0,0,2,1,-1,1,1,61,9,4250,2,15,OPTARE MODEL MISSING,1,E01033277,0,2
2024221522492,2024,221522492,1,11,0,-1,9,2,1,-1,0,5,0,0,0,0,1,9,-1,1,1,48,8,4250,2,15,OPTARE MODEL MISSING,5,E01028980,0,4
2024131530990,2024,131530990,2,11,0,-1,19,8,3,-1,0,0,0,0,0,0,1,1,-1,1,1,40,7,4250,2,10,OPTARE MODEL MISSING,2,E01024897,0,3
2024302400200,2024,302400200,1,11,0,18,19,1,5,0,0,4,0,0,0,0,0,1,1,1,1,42,7,4250,2,11,OPTARE MODEL MISSING,5,E01019440,0,3
2024070367497,2024,070367497,1,11,0,5,5,5,1,0,0,6,0,0,0,0,3,1,1,1,1,61,9,4250,2,12,OPTARE MODEL MISSING,4,E01005850,0,2
2024201437937,2024,201437937,2,11,0,-1,19,3,7,-1,0,0,0,0,0,0,3,1,-1,9,1,50,8,4250,2,12,OPTARE MODEL MISSING,8,E01034317,0,3
2024010512232,2024,010512232,1,11,0,18,19,5,1,2,2,1,0,0,0,0,4,1,1,1,1,23,5,-1,3,2,OPTARE MODEL MISSING,-1,-1,0,-1
2024421499451,2024,421499451,1,11,0,-1,19,1,5,-1,0,1,0,10,2,4,1,1,-1,1,1,60,9,4250,2,16,OPTARE MODEL MISSING,1,E01022042,0,4
2024311413857,2024,311413857,1,11,0,-1,9,6,4,-1,0,0,0,0,0,0,1,1,-1,1,1,54,8,4250,2,12,OPTARE MODEL MISSING,-1,-1,0,-1
2024311412999,2024,311412999,3,11,0,-1,19,8,4,-1,0,0,0,0,0,0,2,1,-1,1,1,47,8,5900,2,15,OPTARE MODEL MISSING,2,E01013856,0,2
2024311398364,2024,311398364,1,11,0,-1,5,4,8,-1,2,0,0,0,0,0,0,1,-1,1,1,63,9,5900,2,15,OPTARE MODEL MISSING,1,E01019452,0,3
2024302400683,2024,302400683,1,11,0,9,9,1,5,9,9,8,0,0,0,0,3,1,1,1,1,64,9,6700,2,10,OPTARE MODEL MISSING,8,E01019415,0,1
2024311474446,2024,311474446,1,11,0,-1,2,1,1,-1,0,0,0,0,0,0,0,2,-1,1,1,50,8,4250,2,10,OPTARE MODEL MISSING,-1,-1,0,-1
2024543740624,2024,543740624,1,11,0,16,19,8,4,0,0,0,0,0,0,0,0,1,1,1,1,63,9,4250,2,15,OPTARE MODEL MISSING,-1,-1,0,-1
2024610048524,2024,610048524,1,11,0,18,19,7,3,0,0,0,0,0,0,0,3,1,1,1,1,30,6,4250,2,19,OPTARE MODEL MISSING,2,W01001436,0,2
2024061397514,2024,061397514,1,11,0,-1,3,-1,-1,-1,0,0,0,0,0,0,-1,9,-1,6,1,34,6,4250,2,13,OPTARE MODEL MISSING,2,E01005732,0,4
2024131505680,2024,131505680,1,11,0,-1,15,7,3,-1,0,8,0,0,0,0,1,1,-1,1,1,47,8,4250,2,10,OPTARE MODEL MISSING,3,E01010847,0,3
2024131527847,2024,131527847,1,11,0,-1,5,7,3,-1,0,1,0,0,0,0,0,1,-1,6,3,-1,-1,6374,2,14,OPTARE MODEL MISSING,-1,-1,0,-1
2024991538676,2024,991538676,2,11,0,-1,5,3,7,-1,0,6,0,0,0,0,1,1,-1,1,1,56,9,4250,2,14,OPTARE MODEL MISSING,6,-1,0,2
2024131450642,2024,131450642,2,11,0,-1,19,5,1,-1,0,1,0,0,0,0,3,1,-1,1,1,21,5,6300,2,17,OPTARE MODEL MISSING,3,E01010784,0,4
2024631395376,2024,631395376,2,11,0,-1,19,6,2,-1,0,0,0,0,1,10,4,1,-1,1,1,56,9,4250,2,12,OPTARE MODEL MISSING,5,W01000728,0,3
2024311443898,2024,311443898,1,11,0,-1,2,0,0,-1,0,0,0,0,0,0,0,1,-1,1,1,41,7,4250,2,12,OPTARE MODEL MISSING,1,E01027939,0,1
202454F133624,2024,54F133624,3,11,0,18,19,4,6,0,0,1,0,0,0,0,1,1,1,1,2,27,6,4250,2,17,OPTARE MODEL MISSING,6,E01029040,0,3
2024351401581,2024,351401581,1,2,0,-1,19,5,1,-1,0,0,2,0,1,0,3,1,-1,6,1,21,5,125,1,13,-1,8,E01018274,0,1
2024161522585,2024,161522585,2,9,0,-1,14,8,4,-1,0,0,0,0,0,0,2,9,-1,6,2,21,5,999,1,12,SEAT MII,9,E01012954,0,1
2024041439435,2024,041439435,1,9,0,-1,19,3,7,-1,0,0,0,0,0,0,3,1,-1,9,2,63,9,999,1,11,SEAT MII,3,E01024879,0,1
2024211432155,2024,211432155,2,9,0,-1,3,-1,-1,-1,0,1,0,0,0,0,2,1,-1,2,1,42,7,999,1,10,SEAT MII,-1,-1,0,-1
2024131535218,2024,131535218,1,9,0,-1,9,2,2,-1,0,1,0,0,0,0,4,1,-1,9,2,18,4,999,1,11,SEAT MII,10,E01011654,0,1
2024161450409,2024,161450409,3,9,0,-1,8,8,2,-1,0,0,0,0,0,0,2,1,-1,6,2,53,8,999,1,11,SEAT MII,2,E01013195,0,1
2024411430695,2024,411430695,1,9,0,-1,19,5,1,-1,0,0,0,0,0,0,1,1,-1,9,2,71,10,999,1,11,SEAT MII,7,E01032963,0,4
2024461443070,2024,461443070,1,9,0,-1,5,8,4,-1,0,0,0,0,0,0,1,1,-1,6,2,25,5,999,1,9,SEAT MII,8,E01024004,0,1
2024061483186,2024,061483186,1,9,0,-1,19,3,7,-1,0,0,0,0,0,0,1,9,-1,6,1,33,6,999,1,10,SEAT MII,1,E01010618,0,4
2024371476804,2024,371476804,2,9,0,-1,5,7,1,-1,0,0,0,0,1,0,3,1,-1,6,2,20,4,999,1,9,SEAT MII,10,E01018015,0,4
2024061498134,2024,061498134,3,9,0,-1,4,7,3,-1,0,0,0,0,0,0,2,1,-1,2,2,30,6,999,1,5,SEAT MII,1,E01011284,0,4
2024520402713,2024,520402713,1,9,0,9,9,7,5,0,0,8,0,0,0,0,4,1,6,6,2,29,6,999,1,8,SEAT MII,7,E01029192,0,2
2024141399698,2024,141399698,2,9,0,-1,2,0,0,-1,0,0,1,4,0,0,2,1,-1,6,-1,-1,-1,999,1,11,SEAT MII,-1,-1,0,-1
2024010531141,2024,010531141,1,9,0,9,9,5,3,0,0,8,0,0,0,0,3,1,3,7,1,43,7,999,1,12,SEAT MII,-1,-1,0,-1
2024501416438,2024,501416438,2,9,0,-1,9,7,5,-1,0,5,0,0,0,0,4,1,-1,6,2,21,5,999,1,5,SEAT MII,4,E01020290,0,2
2024361525293,2024,361525293,1,9,0,-1,19,8,4,-1,0,0,0,0,0,0,1,1,-1,6,1,25,5,999,1,12,SEAT MII,3,E01009656,0,5
2024041449588,2024,041449588,2,9,0,-1,19,1,5,-1,0,1,0,0,0,0,3,1,-1,9,2,34,6,999,1,9,SEAT MII,3,E01025225,0,1
2024411399325,2024,411399325,1,9,0,-1,5,3,7,-1,0,2,0,0,0,0,4,1,-1,9,2,51,8,-1,3,3,SEAT MII,10,E01023425,0,1
2024361521773,2024,361521773,1,9,0,-1,2,0,0,-1,0,1,0,0,0,0,1,1,-1,6,1,18,4,999,1,12,SEAT MII,5,E01026766,0,2
2024161493052,2024,161493052,2,9,0,-1,2,0,0,-1,0,0,0,0,0,0,2,1,-1,6,-1,-1,-1,999,1,10,SEAT MII,-1,-1,0,-1
2024461474474,2024,461474474,2,9,0,-1,19,3,7,-1,0,0,1,0,0,0,1,1,-1,6,1,20,4,999,1,5,SEAT MII,10,E01024233,0,1
2024501464520,2024,501464520,1,9,0,-1,19,7,3,-1,0,0,0,0,0,0,1,1,-1,9,2,80,11,-1,3,4,SEAT MII,5,E01020157,0,1
2024201456846,2024,201456846,1,9,0,-1,9,6,4,-1,0,5,0,0,0,0,3,9,-1,6,1,29,6,999,1,9,SEAT MII,3,E01008957,0,1
2024131449378,2024,131449378,2,9,0,-1,9,6,2,-1,0,8,0,0,8,0,4,1,-1,9,2,20,4,999,1,7,SEAT MII,6,E01011070,0,2
2024471528844,2024,471528844,1,9,0,-1,19,5,1,-1,0,0,5,4,0,0,1,1,-1,2,2,54,8,999,1,10,SEAT MII,8,E01016936,0,1
2024451462387,2024,451462387,1,9,0,-1,19,3,7,-1,0,0,0,0,0,0,1,1,-1,1,1,26,6,999,1,10,SEAT MII,6,E01031586,0,3
2024131457717,2024,131457717,1,9,0,-1,9,3,1,-1,0,1,0,0,0,0,4,1,-1,2,1,29,6,999,1,11,SEAT MII,4,E01011477,0,1
2024471426505,2024,471426505,2,9,0,-1,4,1,5,-1,0,0,0,0,0,0,2,1,-1,9,2,56,9,999,1,11,SEAT MII,7,E01020970,0,4
2024451485456,2024,451485456,2,9,0,-1,9,5,3,-1,0,1,0,0,0,0,3,1,-1,9,2,78,11,-1,3,4,SEAT MII,6,E01030649,0,1
2024440095697,2024,440095697,1,9,0,5,5,3,7,0,0,4,0,0,0,0,1,1,6,6,2,20,4,999,1,8,SEAT MII,9,E01017046,0,1
2024131504270,2024,131504270,2,9,0,-1,4,3,7,-1,0,2,0,0,0,0,2,1,-1,2,1,59,9,999,1,8,SEAT MII,9,E01013341,0,4
2024371516678,2024,371516678,1,9,0,-1,19,5,1,-1,0,0,0,0,0,0,1,1,-1,9,2,64,9,999,1,11,SEAT MII,5,E01030201,0,1
2024131483815,2024,131483815,2,9,0,-1,9,2,3,-1,0,8,0,0,0,0,4,1,-1,9,1,66,10,999,1,8,SEAT MII,10,E01011797,0,1
2024430237341,2024,430237341,2,9,0,18,19,1,5,0,0,8,0,0,1,4,1,1,6,6,1,28,6,999,1,10,SEAT MII,5,E01035736,0,1
2024991455407,2024,991455407,1,9,0,-1,19,6,2,-1,0,0,0,0,0,0,1,1,-1,9,2,49,8,999,1,6,SEAT MII,10,-1,0,1
2024141531474,2024,141531474,1,9,0,-1,9,7,4,-1,0,5,0,0,0,0,1,2,-1,9,1,43,7,999,1,5,SEAT MII,4,E01008142,0,1
2024302401132,2024,302401132,1,9,0,9,9,4,2,0,0,2,0,0,0,0,3,1,6,6,2,78,11,-1,3,3,SEAT MII,6,E01019608,0,2
2024122400721,2024,122400721,3,9,0,18,19,1,5,0,0,0,0,0,0,0,2,1,6,6,1,24,5,999,1,7,SEAT MII,6,E01029907,0,5
2024340WN7112,2024,340WN7112,2,9,0,-1,19,5,1,-1,0,1,0,0,0,0,1,1,-1,1,2,25,5,999,1,11,SEAT MII,9,E01027301,0,2
2024421462030,2024,421462030,1,9,0,-1,19,2,7,-1,0,0,0,0,0,0,1,1,-1,1,1,33,6,999,1,11,SEAT MII,3,E01021319,0,1
2024101470557,2024,101470557,2,9,0,-1,19,2,6,-1,0,1,2,0,1,0,1,1,-1,6,1,48,8,698,1,20,SMART CITY,3,E01008809,0,1
2024361513896,2024,361513896,2,9,0,-1,19,1,5,-1,0,0,0,0,0,0,4,1,-1,6,2,43,7,698,1,20,SMART CITY,6,E01026613,0,2
2024010559786,2024,010559786,2,9,0,99,99,9,9,0,0,0,9,0,0,0,2,9,6,6,1,48,8,698,1,21,SMART CITY,10,E01000874,0,1
2024501414950,2024,501414950,1,9,0,-1,19,4,8,-1,0,2,0,0,0,0,1,1,-1,2,1,18,4,698,1,19,SMART CITY,8,E01018899,0,3
2024351398850,2024,351398850,1,9,0,-1,2,0,0,-1,0,1,0,0,0,0,2,1,-1,6,2,28,6,698,1,19,SMART CITY,8,E01018268,0,1
2024010533401,2024,010533401,2,9,3,2,2,0,0,0,0,1,0,0,0,0,1,1,6,6,3,-1,-1,698,1,20,SMART CITY,-1,-1,0,-1
2024320597830,2024,320597830,1,9,0,-1,-1,8,6,0,0,0,0,0,1,9,1,1,-1,-1,2,68,10,599,1,21,SMART CITY,2,E01026103,0,3
2024052401492,2024,052401492,2,9,0,9,9,1,7,0,0,8,0,0,0,0,4,1,6,6,2,32,6,698,1,19,SMART CITY,1,E01007215,0,1
2024010530370,2024,010530370,1,9,0,5,5,5,1,0,0,0,0,0,7,10,1,1,6,6,2,85,11,698,1,20,SMART CITY,8,E01001123,0,1
2024411507828,2024,411507828,1,9,0,-1,11,7,3,-1,0,0,0,0,1,0,1,1,-1,6,2,33,6,698,1,17,SMART CITY,6,E01017963,0,4
2024010521478,2024,010521478,2,9,0,7,7,5,7,0,0,2,0,0,0,0,1,1,6,6,1,41,7,698,1,19,SMART CITY,3,E01004364,0,1
2024131396986,2024,131396986,1,9,0,-1,19,8,3,-1,0,0,0,0,7,11,1,1,-1,9,1,79,11,1229,1,19,VAUXHALL AGILA,7,E01010887,0,1
2024052401730,2024,052401730,1,9,0,18,19,7,3,0,0,1,0,0,0,0,1,1,2,2,2,24,5,1242,1,13,VAUXHALL AGILA,5,E01007106,0,1
2024320151243,2024,320151243,2,9,0,-1,-1,2,6,0,0,0,0,0,0,0,3,1,6,6,1,68,10,1199,1,22,VAUXHALL AGILA,4,E01026071,0,1
2024631454565,2024,631454565,2,9,0,-1,13,3,7,-1,0,8,0,0,0,0,1,1,-1,9,2,42,7,1242,1,14,VAUXHALL AGILA,4,W01000672,0,4
2024320682929,2024,320682929,1,9,0,7,7,5,8,0,0,6,1,0,0,0,3,1,6,6,1,87,11,1242,1,12,VAUXHALL AGILA,-1,-1,0,-1
2024451510101,2024,451510101,1,9,0,-1,4,5,1,-1,0,0,0,0,0,0,2,1,-1,9,2,69,10,1242,1,13,VAUXHALL AGILA,9,E01030783,0,1
2024461520668,2024,461520668,1,9,0,-1,19,3,7,-1,0,0,0,4,0,0,1,1,-1,9,1,72,10,1242,1,16,VAUXHALL AGILA,6,E01024267,0,1
2024221455666,2024,221455666,1,9,0,-1,9,1,7,-1,0,6,0,0,0,0,1,9,-1,6,2,73,10,1242,1,10,VAUXHALL AGILA,6,E01034323,0,1
2024351509927,2024,351509927,2,9,0,-1,-1,-1,-1,-1,-1,-1,-1,-1,-1,0,2,1,-1,9,2,-1,-1,1242,1,12,VAUXHALL AGILA,1,E01015597,0,1
2024131397690,2024,131397690,1,9,0,-1,19,5,1,-1,0,8,0,0,0,0,1,1,-1,6,2,84,11,1242,1,11,VAUXHALL AGILA,9,E01011565,0,1
2024361536227,2024,361536227,1,9,0,-1,19,3,5,-1,0,1,0,0,1,0,1,1,-1,9,2,83,11,1242,1,12,VAUXHALL AGILA,7,E01026588,0,1
2024430398721,2024,430398721,3,9,0,18,19,4,8,0,0,1,0,0,0,0,1,1,6,6,2,28,6,1242,1,12,VAUXHALL AGILA,10,E01016235,0,1
2024351417248,2024,351417248,1,9,0,-1,19,1,7,-1,0,1,0,0,0,0,1,1,-1,9,2,38,7,1242,1,15,VAUXHALL AGILA,1,E01015639,0,4
2024548300924,2024,548300924,1,9,0,18,19,4,8,0,0,0,2,0,7,4,3,1,6,6,2,22,5,1242,1,13,VAUXHALL AGILA,6,E01032030,0,3
2024010551503,2024,010551503,1,9,0,18,19,5,1,0,0,0,0,0,0,0,0,1,6,6,1,90,11,1242,1,12,VAUXHALL AGILA,5,E01004484,0,1
2024610004924,2024,610004924,2,9,0,11,11,7,3,0,0,0,0,0,0,0,2,1,6,6,1,52,8,1242,1,13,VAUXHALL AGILA,6,W01001680,0,2
2024461459975,2024,461459975,1,9,0,-1,19,6,2,-1,0,1,0,10,0,0,1,1,-1,6,1,72,10,1242,1,12,VAUXHALL AGILA,5,E01016029,0,2
2024221529880,2024,221529880,1,9,0,-1,10,8,6,-1,0,8,0,0,0,0,2,1,-1,1,2,23,5,1199,1,20,VAUXHALL AGILA,8,E01032320,0,1
2024552400104,2024,552400104,1,9,0,7,7,4,6,0,0,6,0,0,0,0,3,1,2,2,2,23,5,1199,1,21,VAUXHALL AGILA,3,E01015294,0,1
2024371460995,2024,371460995,1,9,0,-1,5,7,2,-1,0,1,0,0,0,0,3,2,-1,9,2,75,10,1199,1,21,VAUXHALL AGILA,9,E01030122,0,1
2024430259009,2024,430259009,4,9,0,2,2,0,0,0,0,0,0,0,0,0,2,1,6,6,3,-1,-1,1242,1,16,VAUXHALL AGILA,-1,-1,0,-1
2024122500133,2024,122500133,1,9,0,5,5,5,1,0,0,0,0,0,0,0,0,1,2,2,2,32,6,1242,1,16,VAUXHALL AGILA,3,E01013447,0,1
2024430116968,2024,430116968,1,9,0,6,6,4,6,0,0,5,0,0,0,0,4,1,6,6,1,60,9,1242,1,15,VAUXHALL AGILA,-1,-1,0,-1
2024522403303,2024,522403303,2,9,0,7,7,8,4,0,0,6,0,0,0,0,1,1,6,6,1,45,7,996,1,13,VAUXHALL AGILA,3,E01014569,0,1
2024440014829,2024,440014829,1,9,0,18,19,1,5,0,0,0,1,0,7,4,1,1,6,6,1,64,9,1229,1,19,VAUXHALL AGILA,7,E01023150,0,1
2024501409121,2024,501409121,1,9,0,-1,9,3,1,-1,0,8,1,7,0,0,4,1,-1,9,2,63,9,1199,1,22,VAUXHALL AGILA,1,E01018898,0,1
202460Q098098,2024,60Q098098,1,9,0,7,7,7,1,0,0,8,0,0,0,0,3,1,6,6,2,70,10,1242,1,16,VAUXHALL AGILA,-1,-1,0,-1
2024361528776,2024,361528776,2,9,0,-1,2,0,0,-1,0,0,0,0,0,0,2,1,-1,6,-1,-1,-1,1248,2,15,VAUXHALL AGILA,-1,-1,0,-1
2024311407269,2024,311407269,1,9,0,-1,19,1,5,-1,0,0,0,0,0,0,2,1,-1,9,1,84,11,1199,1,21,VAUXHALL AGILA,1,E01013959,0,1
2024041506247,2024,041506247,1,9,0,-1,7,2,4,-1,0,0,2,0,1,0,1,1,-1,6,1,18,4,996,1,14,VAUXHALL AGILA,1,E01004793,0,3
2024101531943,2024,101531943,2,9,0,-1,19,7,3,-1,0,0,0,0,0,0,2,1,-1,9,1,41,7,1242,1,16,VAUXHALL AGILA,3,E01008536,0,1
2024991502229,2024,991502229,1,9,0,-1,19,7,2,-1,0,4,0,0,0,0,3,1,-1,6,2,20,4,996,1,13,VAUXHALL AGILA,1,-1,0,2
2024522402380,2024,522402380,1,9,0,3,3,6,2,0,0,1,0,0,0,0,2,1,6,6,1,27,6,1242,1,11,VAUXHALL AGILA,2,E01014565,0,1
2024371452454,2024,371452454,2,9,0,-1,8,3,5,-1,0,1,0,0,0,0,2,9,-1,9,2,48,8,1229,1,19,VAUXHALL AGILA,2,E01030254,0,1
2024430589966,2024,430589966,1,9,0,18,19,3,7,0,0,2,0,0,0,0,1,1,1,1,2,56,9,996,1,16,VAUXHALL AGILA,3,E01016375,0,2
2024401459323,2024,401459323,1,9,0,-1,9,1,7,-1,0,8,0,0,0,0,1,1,-1,9,1,53,8,1242,1,16,VAUXHALL AGILA,7,E01015709,0,1
2024401484986,2024,401484986,3,9,0,-1,2,0,0,-1,0,0,0,0,0,0,4,1,-1,6,2,73,10,1242,1,16,VAUXHALL AGILA,7,E01017623,0,1