collision_index,collision_year,collision_ref_no,vehicle_reference,vehicle_type,towing_and_articulation,vehicle_manoeuvre_historic,vehicle_manoeuvre,vehicle_direction_from,vehicle_direction_to,vehicle_location_restricted_lane_historic,vehicle_location_restricted_lane,junction_location,skidding_and_overturning,hit_object_in_carriageway,vehicle_leaving_carriageway,hit_object_off_carriageway,first_point_of_impact,vehicle_left_hand_drive,journey_purpose_of_driver_historic,journey_purpose_of_driver,sex_of_driver,age_of_driver,age_band_of_driver,engine_capacity_cc,propulsion_code,age_of_vehicle,generic_make_model,driver_imd_decile,lsoa_of_driver,escooter_flag,driver_distance_banding
2024201496686,2024,201496686,2,9,0,-1,2,0,0,-1,0,1,0,0,0,0,2,1,-1,6,1,47,8,1242,1,16,VAUXHALL AGILA,7,E01009417,0,1
2024201430955,2024,201430955,1,9,0,-1,1,2,5,-1,9,5,0,0,0,0,2,9,-1,6,2,76,11,1242,1,11,VAUXHALL AGILA,8,E01009644,0,1
2024010542268,2024,010542268,2,9,0,99,99,9,9,99,99,9,9,99,9,99,9,9,6,6,3,-1,-1,996,1,12,VAUXHALL AGILA,-1,-1,0,-1
2024541629524,2024,541629524,1,9,0,9,9,8,4,0,0,5,0,0,0,0,1,1,6,6,1,88,11,996,1,15,VAUXHALL AGILA,3,E01031956,0,1
2024991460484,2024,991460484,1,9,0,-1,19,8,4,-1,0,8,0,0,0,0,4,1,-1,9,2,82,11,1242,1,12,VAUXHALL AGILA,4,-1,0,4
2024361526125,2024,361526125,1,9,0,-1,9,2,4,-1,0,2,0,0,0,0,1,1,-1,9,2,79,11,1242,1,14,VAUXHALL AGILA,4,E01018109,0,3
2024610011724,2024,610011724,2,9,0,17,19,8,5,0,0,0,1,0,0,0,1,1,1,1,1,38,7,1199,1,20,VAUXHALL AGILA,8,W01001565,0,1
202454A006024,2024,54A006024,2,9,0,4,4,4,8,0,0,4,0,0,0,0,2,1,6,6,2,65,9,996,1,11,VAUXHALL AGILA,9,E01032702,0,1
2024501535884,2024,501535884,1,9,0,-1,13,5,1,-1,0,1,0,10,0,0,4,1,-1,2,2,35,6,998,1,19,VAUXHALL AGILA,6,E01018807,0,4
2024211521874,2024,211521874,1,9,0,-1,19,8,4,-1,0,0,0,0,0,0,1,1,-1,6,2,54,8,1242,1,11,VAUXHALL AGILA,8,E01028829,0,3
2024471439702,2024,471439702,3,9,0,-1,2,0,0,-1,0,0,0,0,0,0,3,1,-1,6,-1,-1,-1,1242,1,12,VAUXHALL AGILA,-1,-1,0,-1
2024010501815,2024,010501815,3,9,0,2,2,0,0,0,0,0,0,0,0,0,2,1,6,6,3,-1,-1,1242,1,15,VAUXHALL AGILA,-1,-1,0,-1
2024631425081,2024,631425081,1,9,0,-1,19,6,2,-1,0,8,0,0,0,0,1,1,-1,1,1,75,10,996,1,13,VAUXHALL AGILA,5,W01000590,0,4
2024111426896,2024,111426896,1,9,0,-1,19,7,5,-1,0,8,0,0,0,0,1,1,-1,2,2,-1,-1,1242,1,16,VAUXHALL AGILA,5,E01012012,0,3
2024201461567,2024,201461567,1,9,0,-1,9,2,8,-1,0,5,0,0,7,0,1,1,-1,9,2,84,11,996,1,13,VAUXHALL AGILA,1,E01010400,0,1
2024201496171,2024,201496171,1,9,0,-1,1,1,5,-1,0,0,0,0,0,0,2,9,-1,6,2,60,9,1242,1,13,VAUXHALL AGILA,-1,-1,0,-1
2024501488465,2024,501488465,1,9,0,-1,4,8,4,-1,0,1,0,0,0,0,1,1,-1,6,2,77,11,1242,1,12,VAUXHALL AGILA,7,E01018901,0,2
2024131419082,2024,131419082,2,9,0,-1,19,1,5,-1,0,2,0,0,0,0,3,1,-1,9,2,29,6,1242,1,16,VAUXHALL AGILA,2,E01010673,0,1
2024161428675,2024,161428675,2,9,0,-1,4,3,7,-1,0,1,0,0,0,0,1,1,-1,1,1,50,8,998,1,20,VAUXHALL AGILA,1,E01013162,0,1
2024440025800,2024,440025800,1,9,0,18,19,8,4,0,0,1,0,0,0,0,1,1,6,6,2,59,9,1242,1,13,VAUXHALL AGILA,2,E01017238,0,1
2024101422514,2024,101422514,1,9,0,-1,9,7,3,-1,-1,8,0,0,3,0,1,1,-1,9,1,80,11,1242,1,10,VAUXHALL AGILA,-1,-1,0,-1
2024461398742,2024,461398742,1,9,0,-1,1,3,7,-1,9,0,0,0,0,0,2,9,-1,6,2,34,6,1242,1,14,VAUXHALL AGILA,2,E01024677,0,1
2024122400652,2024,122400652,1,9,0,7,7,7,1,0,0,5,0,0,0,0,1,1,6,6,1,64,9,1242,1,11,VAUXHALL AGILA,9,E01027575,0,1
2024340WN9192,2024,340WN9192,2,9,0,-1,19,3,7,-1,0,0,0,0,0,0,1,1,-1,9,1,26,6,996,1,13,VAUXHALL AGILA,2,E01027178,0,1
2024461457811,2024,461457811,1,9,0,-1,19,5,1,-1,0,0,0,0,0,0,1,9,-1,6,1,85,11,996,1,10,VAUXHALL AGILA,2,E01024685,0,1
2024543659624,2024,543659624,4,9,0,4,4,7,3,0,0,1,0,0,0,0,2,1,6,6,1,49,8,1242,1,15,VAUXHALL AGILA,3,E01015580,0,1
2024401449780,2024,401449780,1,9,0,-1,19,8,4,-1,0,0,0,4,0,0,1,1,-1,6,2,-1,-1,1242,1,12,VAUXHALL AGILA,5,E01015739,0,1
2024320595392,2024,320595392,1,9,0,-1,-1,8,4,0,0,1,5,4,0,0,1,1,6,6,1,47,8,1199,1,22,VAUXHALL AGILA,1,E01026374,0,1
2024221496052,2024,221496052,1,9,0,-1,19,3,7,-1,0,0,5,0,0,0,3,1,-1,6,2,21,5,1199,1,21,VAUXHALL AGILA,8,E01032123,0,1
2024451466711,2024,451466711,2,9,0,-1,99,-1,-1,-1,99,1,9,99,0,0,1,1,-1,6,1,-1,-1,1242,1,11,VAUXHALL AGILA,-1,-1,0,-1
2024991513692,2024,991513692,1,9,0,-1,19,6,3,-1,0,0,0,0,0,0,1,1,-1,9,2,83,11,1242,1,10,VAUXHALL AGILA,5,-1,0,1
2024010496345,2024,010496345,2,9,0,18,19,2,6,0,0,1,0,0,0,0,1,1,6,6,1,28,6,1242,1,16,VAUXHALL AGILA,-1,-1,0,-1
2024531528140,2024,531528140,1,9,0,-1,15,4,8,-1,0,0,0,0,0,0,4,9,-1,6,1,84,11,1229,1,19,VAUXHALL AGILA,10,E01022168,0,1
2024622400065,2024,622400065,1,9,0,18,19,6,2,0,0,0,0,0,0,0,1,1,6,6,1,70,10,1242,1,11,VAUXHALL AGILA,1,W01000934,0,1
2024471399936,2024,471399936,1,9,0,-1,19,2,6,-1,0,8,0,0,0,0,1,2,-1,9,1,89,11,1199,1,23,VAUXHALL AGILA,1,E01020920,0,1
2024361484940,2024,361484940,1,9,0,-1,9,3,7,-1,0,1,0,0,0,0,1,1,-1,6,2,90,11,1242,1,10,VAUXHALL AGILA,6,E01026872,0,1
2024501502265,2024,501502265,3,9,0,-1,4,7,3,-1,0,0,0,0,0,0,2,1,-1,2,1,60,9,1242,1,12,VAUXHALL AGILA,6,E01019935,0,2
2024010515341,2024,010515341,2,9,0,5,5,1,5,0,0,8,0,0,0,0,3,1,1,1,2,45,7,1242,1,13,VAUXHALL AGILA,3,E01001488,0,1
2024371477650,2024,371477650,1,9,0,-1,19,8,4,-1,0,8,0,0,0,0,1,1,-1,9,2,60,9,1242,1,15,VAUXHALL AGILA,8,E01026587,0,3
2024070202856,2024,070202856,1,9,0,18,19,1,5,0,0,1,0,0,0,0,1,1,6,6,2,50,8,1199,1,23,VAUXHALL AGILA,4,E01018712,0,3
2024421399137,2024,421399137,2,9,0,-1,9,1,3,-1,0,5,0,0,0,0,3,1,-1,9,1,65,9,1199,1,20,VAUXHALL AGILA,2,E01015898,0,1
2024161498347,2024,161498347,2,9,0,-1,19,8,4,-1,0,1,0,0,0,0,1,1,-1,9,2,47,8,1242,1,14,VAUXHALL AGILA,1,E01013140,0,1
2024061445739,2024,061445739,2,9,0,-1,10,3,7,-1,0,1,0,0,0,0,1,1,-1,6,3,-1,-1,1242,1,13,VAUXHALL AGILA,-1,-1,0,-1
2024332401238,2024,332401238,1,9,0,-1,19,7,4,-1,0,0,0,0,7,9,1,1,-1,6,2,35,6,1242,1,14,VAUXHALL AGILA,5,E01025999,0,1
2024201430499,2024,201430499,1,9,0,-1,19,1,3,-1,0,0,0,0,0,0,2,9,-1,6,2,54,8,996,1,10,VAUXHALL AGILA,1,E01009124,0,2
2024421470229,2024,421470229,2,9,0,-1,19,1,4,-1,0,5,1,1,3,0,3,1,-1,9,1,39,7,1242,1,12,VAUXHALL AGILA,-1,-1,0,-1
2024552400991,2024,552400991,1,9,0,18,19,2,6,0,0,0,0,0,0,0,1,1,6,6,2,79,11,998,1,17,VAUXHALL AGILA,9,E01034372,0,3
2024201482742,2024,201482742,1,9,0,-1,2,0,0,-1,0,1,0,0,0,0,2,1,-1,6,1,77,11,1242,1,12,VAUXHALL AGILA,1,E01009007,0,1
2024231418074,2024,231418074,1,9,0,-1,9,7,5,-1,0,6,0,0,0,0,3,1,-1,9,1,59,9,1242,1,15,VAUXHALL AGILA,9,E01031329,0,1
2024201481418,2024,201481418,2,9,0,-1,9,5,4,-1,0,8,0,10,0,0,3,1,-1,6,2,19,4,1242,1,15,VAUXHALL AGILA,10,E01032139,0,3
2024631476825,2024,631476825,1,9,0,-1,19,-1,-1,-1,0,0,0,0,0,0,3,1,-1,6,2,76,11,1242,1,14,VAUXHALL AGILA,7,W01000548,0,1
2024552400391,2024,552400391,4,9,0,2,2,0,0,0,0,0,0,0,0,0,3,1,6,6,3,-1,-1,1242,1,10,VAUXHALL AGILA,-1,-1,0,-1
2024201436708,2024,201436708,2,9,0,-1,4,4,8,-1,0,1,0,0,0,0,2,1,-1,2,2,63,9,996,1,13,VAUXHALL AGILA,3,E01009967,0,1
2024991458092,2024,991458092,2,9,0,-1,19,8,4,-1,0,0,1,0,0,0,3,1,-1,9,1,62,9,1242,1,14,VAUXHALL AGILA,4,-1,0,4
2024991537328,2024,991537328,1,9,0,-1,19,7,3,-1,0,0,0,0,1,0,1,1,-1,9,1,23,5,1229,1,18,VAUXHALL AGILA,4,-1,0,3
2024201479804,2024,201479804,1,9,0,-1,9,6,4,-1,0,8,0,0,0,0,1,9,-1,6,3,35,6,1242,1,15,VAUXHALL AGILA,1,E01009094,0,1
2024520002799,2024,520002799,1,9,0,3,3,8,2,0,0,1,0,0,0,0,2,1,6,6,1,76,11,1242,1,11,VAUXHALL AGILA,10,E01014479,0,1
202417M115324,2024,17M115324,1,9,0,-1,19,2,6,-1,0,8,0,0,0,0,3,1,-1,9,1,30,6,973,1,24,VAUXHALL AGILA,1,E01011953,0,3
2024421500684,2024,421500684,2,9,0,-1,19,6,2,-1,0,0,0,0,1,0,3,1,-1,2,2,32,6,1242,1,16,VAUXHALL AGILA,6,E01021723,0,1
2024501439396,2024,501439396,2,9,0,-1,12,7,3,-1,0,8,0,0,0,0,1,1,-1,9,2,22,5,1199,1,22,VAUXHALL AGILA,2,E01018770,0,2
2024461477585,2024,461477585,1,9,0,-1,19,1,3,-1,0,0,0,0,0,0,1,1,-1,6,2,61,9,1242,1,16,VAUXHALL AGILA,4,E01024481,0,4
2024131426814,2024,131426814,1,9,0,-1,19,6,2,-1,0,0,0,0,0,0,3,1,-1,6,1,18,4,1242,1,16,VAUXHALL AGILA,4,E01011462,0,1
2024461449469,2024,461449469,2,9,0,-1,19,3,7,-1,0,8,0,0,0,0,3,1,-1,9,1,81,11,1199,1,20,VAUXHALL AGILA,4,E01024694,0,1
2024052402058,2024,052402058,1,9,0,5,5,5,1,0,0,1,0,0,0,0,1,1,6,6,2,-1,-1,1229,1,19,VAUXHALL AGILA,7,E01007315,0,1
2024052402333,2024,052402333,3,9,0,2,2,0,0,0,0,0,0,0,0,0,2,1,6,6,3,-1,-1,1229,1,17,VAUXHALL AGILA,-1,-1,0,-1
2024010524107,2024,010524107,1,9,0,18,19,5,1,9,9,1,0,10,7,11,1,1,6,6,1,34,6,1199,1,20,VAUXHALL AGILA,3,E01002312,0,3
2024010551599,2024,010551599,2,9,0,17,19,5,3,0,0,4,0,0,0,0,3,1,6,6,2,22,5,1242,1,13,VAUXHALL AGILA,2,E01002356,0,1
2024111449298,2024,111449298,1,9,0,-1,4,8,4,-1,0,0,0,0,0,0,1,1,-1,6,1,30,6,1242,1,15,VAUXHALL AGILA,2,E01012171,0,4
2024610006024,2024,610006024,1,9,0,18,19,2,4,0,0,0,0,4,0,0,1,1,6,6,1,85,11,996,1,13,VAUXHALL AGILA,2,W01001441,0,1
2024010525247,2024,010525247,1,9,0,99,99,9,9,99,99,9,9,99,9,99,2,9,6,6,2,20,4,1242,1,12,VAUXHALL AGILA,3,E01026976,0,5
2024545625724,2024,545625724,1,9,0,9,9,7,4,0,0,8,5,0,0,0,3,1,6,6,1,20,4,996,1,14,VAUXHALL AGILA,8,E01034530,0,2
2024522402547,2024,522402547,2,19,0,18,19,4,8,0,0,8,0,0,0,0,1,1,6,6,1,48,8,1686,2,19,VAUXHALL ASTRAVAN,5,E01015358,0,4
2024440554568,2024,440554568,1,9,0,5,5,3,7,0,0,6,0,0,0,0,1,1,6,6,2,38,7,-1,-1,-1,VAUXHALL ASTRAVAN,5,E01017171,0,1
2024610040124,2024,610040124,2,9,0,5,5,5,1,0,0,4,0,0,0,0,2,1,6,6,1,51,8,-1,-1,-1,VAUXHALL ASTRAVAN,3,W01001444,0,1
2024520002476,2024,520002476,1,19,0,18,19,3,7,0,0,8,0,0,0,0,1,1,6,6,1,75,10,1686,2,19,VAUXHALL ASTRAVAN,1,E01014458,0,2
2024340WN7082,2024,340WN7082,1,9,0,-1,7,5,3,-1,0,2,0,0,7,0,2,1,-1,9,1,21,5,-1,-1,-1,VAUXHALL ASTRAVAN,8,E01017718,0,2
2024451512688,2024,451512688,1,9,0,-1,19,8,4,-1,0,0,0,0,1,0,1,1,-1,9,1,57,9,-1,-1,-1,VAUXHALL ASTRAVAN,10,E01016630,0,4
2024351501522,2024,351501522,1,9,0,-1,6,3,5,-1,0,1,0,0,0,0,3,1,-1,6,1,76,11,-1,-1,-1,VAUXHALL ASTRAVAN,3,E01018091,0,4
2024522402602,2024,522402602,2,19,0,9,9,2,8,0,0,6,0,0,0,0,1,1,6,6,3,-1,-1,1686,2,18,VAUXHALL ASTRAVAN,-1,-1,0,-1
2024522402259,2024,522402259,2,19,0,18,19,8,4,0,0,0,0,0,0,0,1,1,6,6,3,-1,-1,1686,2,19,VAUXHALL ASTRAVAN,-1,-1,0,-1
2024221459468,2024,221459468,2,9,0,-1,14,2,5,-1,0,0,0,0,0,0,1,1,-1,6,1,29,6,-1,-1,-1,VAUXHALL ASTRAVAN,4,E01032201,0,1
2024430621856,2024,430621856,1,9,0,1,1,1,5,0,0,0,0,0,0,0,2,1,6,6,1,28,6,-1,-1,-1,VAUXHALL ASTRAVAN,8,E01028784,0,3
2024421500658,2024,421500658,1,9,0,-1,6,8,1,-1,0,2,0,0,0,0,3,1,-1,2,1,58,9,-1,-1,-1,VAUXHALL ASTRAVAN,-1,-1,0,-1
2024451444837,2024,451444837,1,9,0,-1,9,5,2,-1,0,8,0,0,0,0,3,1,-1,6,1,66,10,-1,-1,-1,VAUXHALL ASTRAVAN,6,E01030524,0,1
2024631494345,2024,631494345,1,19,0,-1,19,2,6,-1,0,1,5,0,0,0,1,1,-1,9,1,42,7,1686,2,20,VAUXHALL ASTRAVAN,5,W01000528,0,3
2024401433428,2024,401433428,1,5,0,-1,19,7,3,-1,0,0,0,0,0,0,1,1,-1,6,1,36,7,1731,1,13,-1,4,E01027320,0,4
2024440270975,2024,440270975,1,19,0,18,19,2,6,0,0,1,1,0,7,0,1,1,6,6,1,77,11,1584,1,46,-1,3,E01017347,0,1
2024010541284,2024,010541284,1,9,0,3,3,7,3,0,0,1,0,0,0,0,2,2,1,1,1,64,9,1395,8,0,VOLKSWAGEN MULTIVAN,7,E01004473,0,1
2024010503506,2024,010503506,1,9,0,18,19,7,3,0,0,7,0,0,0,0,1,1,1,1,1,65,9,1395,8,1,VOLKSWAGEN MULTIVAN,6,E01004450,0,1
2024010505624,2024,010505624,3,8,0,18,19,2,6,0,0,1,0,0,0,0,3,1,1,1,1,51,8,1395,8,1,VOLKSWAGEN MULTIVAN,5,E01003342,0,1
2024010548054,2024,010548054,2,9,9,18,19,9,9,99,99,9,9,99,9,99,9,9,6,6,3,-1,-1,1395,8,1,VOLKSWAGEN MULTIVAN,-1,-1,0,-1
2024520403238,2024,520403238,2,9,0,4,4,4,8,0,0,0,0,0,0,0,1,1,6,6,2,53,8,1968,2,0,VOLKSWAGEN MULTIVAN,8,E01029319,0,3
2024041466829,2024,041466829,2,9,0,-1,3,3,7,-1,0,0,0,0,0,0,2,1,-1,1,2,39,7,1395,8,0,VOLKSWAGEN MULTIVAN,3,E01025469,0,1
2024421407983,2024,421407983,2,8,0,-1,2,0,0,-1,-1,0,0,0,1,10,2,1,-1,1,1,60,9,1395,8,1,VOLKSWAGEN MULTIVAN,5,E01002307,0,4
2024071070623,2024,071070623,1,9,0,-1,9,1,3,-1,0,6,0,0,0,0,3,1,-1,6,1,42,7,1395,8,2,VOLKSWAGEN MULTIVAN,4,E01029502,0,4
2024991455086,2024,991455086,1,9,0,-1,19,4,8,-1,0,0,0,0,1,0,1,1,-1,6,1,64,9,1395,8,0,VOLKSWAGEN MULTIVAN,-1,-1,0,-1
2024371443596,2024,371443596,2,9,0,-1,15,5,3,-1,0,4,0,0,0,0,4,1,-1,9,2,31,6,1395,8,0,VOLKSWAGEN MULTIVAN,8,E01030293,0,1
2024361529349,2024,361529349,2,9,0,-1,7,5,8,-1,0,1,0,0,0,0,2,1,-1,9,1,67,10,1968,2,1,VOLKSWAGEN MULTIVAN,5,E01026761,0,1
2024010524833,2024,010524833,1,9,9,99,99,9,9,99,99,9,0,0,0,0,3,9,6,6,1,-1,-1,1395,8,1,VOLKSWAGEN MULTIVAN,9,E01000156,0,1
2024421437823,2024,421437823,2,8,0,-1,3,1,5,-1,0,0,0,0,0,0,2,1,-1,1,1,51,8,1395,8,1,VOLKSWAGEN MULTIVAN,10,E01022085,0,4
2024010548800,2024,010548800,2,9,0,18,19,1,5,0,0,2,0,0,0,0,1,1,1,1,1,57,9,1395,8,1,VOLKSWAGEN MULTIVAN,2,E01004300,0,2
2024010547416,2024,010547416,1,9,0,18,19,1,5,0,0,1,0,0,0,0,3,1,1,1,1,57,9,1395,8,1,VOLKSWAGEN MULTIVAN,3,E01001578,0,3
2024543660824,2024,543660824,1,9,0,7,7,8,2,0,0,8,0,0,0,0,1,1,2,2,1,18,4,2435,1,26,-1,5,E01031845,0,1
2024461532036,2024,461532036,2,3,0,-1,19,1,5,-1,0,1,0,0,0,0,1,1,-1,1,1,34,6,125,1,4,YAMAHA MWS,8,E01035012,0,1
2024320546329,2024,320546329,1,4,0,4,4,6,2,0,0,0,5,0,1,0,4,1,1,1,1,36,7,125,1,6,YAMAHA MWS,8,E01026258,0,1
2024552400449,2024,552400449,2,3,0,18,19,2,6,0,0,8,0,0,0,0,4,1,2,2,1,41,7,125,1,4,YAMAHA MWS,4,E01015326,0,1
2024430336538,2024,430336538,1,3,0,6,6,3,3,0,0,8,0,0,0,0,1,1,2,2,1,27,6,125,1,2,YAMAHA MWS,5,E01016376,0,1
2024010544058,2024,010544058,1,3,0,14,14,3,7,0,0,1,0,0,0,0,2,1,6,6,1,40,7,125,1,1,YAMAHA MWS,10,E01000458,0,2
2024010540452,2024,010540452,1,3,0,18,19,3,7,0,0,2,1,0,0,0,1,1,1,1,1,55,8,125,1,3,YAMAHA MWS,4,E01004329,0,1
2024010551435,2024,010551435,1,3,0,18,19,3,7,0,0,8,0,0,0,0,1,1,6,6,1,18,4,125,1,5,YAMAHA MWS,4,E01004031,0,3
2024010523796,2024,010523796,2,3,0,99,99,9,9,99,99,9,9,99,9,99,1,1,6,6,1,31,6,125,1,4,YAMAHA MWS,4,E01035686,0,1
2024010496914,2024,010496914,1,3,0,18,19,2,6,0,0,1,0,0,0,0,1,1,6,6,1,24,5,125,1,5,YAMAHA MWS,2,E01000508,0,1
2024010526920,2024,010526920,1,3,9,99,99,9,9,99,99,9,9,99,9,99,9,1,6,6,3,31,6,125,1,4,YAMAHA MWS,4,E01035686,0,1
2024302500171,2024,302500171,1,3,0,-1,19,1,5,-1,0,0,0,0,0,0,1,1,-1,6,1,26,6,125,1,1,YAMAHA MWS,10,E01019848,0,4
2024061532191,2024,061532191,1,3,0,-1,19,1,5,-1,0,2,0,0,0,0,2,1,-1,1,1,49,8,125,1,2,YAMAHA MWS,-1,-1,0,-1
2024221436251,2024,221436251,1,4,0,-1,19,2,7,-1,0,0,0,10,1,0,1,1,-1,6,1,39,7,497,1,23,-1,2,E01034333,0,1
2024471486143,2024,471486143,1,3,0,-1,13,7,3,-1,0,0,0,0,0,0,2,1,-1,9,1,43,7,937,1,0,-1,8,E01021027,0,2
2024141465055,2024,141465055,2,5,0,-1,19,1,4,-1,0,1,0,0,0,0,1,1,-1,9,1,48,8,937,1,0,-1,1,E01007727,0,3
2024522401113,2024,522401113,2,3,0,18,19,1,5,0,0,1,1,0,0,0,1,1,6,6,1,20,4,123,1,13,-1,6,E01032677,0,1
2024070379380,2024,070379380,2,3,0,18,19,5,1,0,0,1,5,0,0,0,1,1,6,6,2,31,6,124,1,21,-1,6,E01018674,0,1
2024451525054,2024,451525054,1,2,0,-1,4,1,5,-1,0,4,0,0,0,0,2,1,-1,9,1,16,4,49,1,24,-1,7,E01030300,0,1
2024501396519,2024,501396519,1,19,0,-1,19,5,1,-1,0,0,2,0,2,10,1,1,-1,9,1,50,8,2999,2,20,-1,5,E01020279,0,2
2024010523773,2024,010523773,2,3,0,18,19,7,3,0,0,1,0,0,0,0,1,1,1,1,1,23,5,125,1,2,KYMCO AGILITY,3,E01003581,0,1
2024010548786,2024,010548786,2,3,0,99,99,9,9,99,99,1,9,99,9,99,1,1,1,1,1,34,6,125,1,0,KYMCO AGILITY,5,E01000606,0,2
2024371522913,2024,371522913,2,3,0,-1,99,-1,-1,-1,0,8,1,0,0,0,1,1,-1,6,1,-1,-1,125,1,0,KYMCO AGILITY,10,E01030206,0,2
2024622400339,2024,622400339,2,2,0,18,19,2,6,0,0,1,1,0,0,0,1,1,6,6,1,32,6,125,1,1,KYMCO AGILITY,1,W01001955,0,1
2024070645015,2024,070645015,1,2,0,18,19,4,8,0,0,8,0,0,0,0,4,1,6,6,1,62,9,125,1,4,KYMCO AGILITY,2,E01018364,0,1
2024371518546,2024,371518546,1,3,0,-1,19,7,3,-1,0,0,0,4,0,0,1,1,-1,6,1,19,4,125,1,0,KYMCO AGILITY,6,E01030099,0,1
2024371517614,2024,371517614,1,3,0,-1,19,3,7,-1,0,0,0,0,0,0,1,1,-1,9,1,29,6,125,1,2,KYMCO AGILITY,10,E01030129,0,1
2024010533046,2024,010533046,2,3,0,15,15,5,1,0,0,1,0,0,0,0,1,1,6,6,1,45,7,125,1,1,KYMCO AGILITY,-1,-1,0,-1
2024122400817,2024,122400817,2,2,0,5,5,1,5,0,0,1,0,0,0,0,2,1,6,6,1,51,8,50,1,2,KYMCO AGILITY,4,E01034981,0,1
2024471490753,2024,471490753,1,3,0,-1,19,7,3,-1,0,8,5,0,0,0,1,1,-1,9,2,31,6,125,1,3,KYMCO AGILITY,8,E01021028,0,1
2024311433252,2024,311433252,1,2,0,-1,19,5,1,-1,0,1,0,0,0,0,1,1,-1,6,1,16,4,50,1,5,KYMCO AGILITY,3,E01028127,0,1
2024461462355,2024,461462355,2,3,0,-1,19,3,7,-1,0,3,1,0,0,0,4,1,-1,9,1,36,7,125,1,0,KYMCO AGILITY,-1,-1,0,-1
2024440275725,2024,440275725,1,3,0,18,19,3,7,0,0,8,0,0,0,0,1,1,6,6,1,17,4,125,1,6,KYMCO AGILITY,5,E01017279,0,1
2024461500416,2024,461500416,1,3,0,-1,19,3,7,-1,0,8,0,0,0,0,1,1,-1,9,1,-1,-1,125,1,3,KYMCO AGILITY,3,E01003564,0,4
2024010508637,2024,010508637,2,3,0,18,19,7,3,0,0,1,0,0,0,0,1,1,6,6,1,19,4,125,1,4,KYMCO AGILITY,4,E01001061,0,4
2024440338987,2024,440338987,1,2,0,17,19,6,3,0,0,1,1,0,0,0,4,1,6,6,1,29,6,125,1,0,KYMCO AGILITY,2,E01022819,0,2
2024131455451,2024,131455451,1,3,0,-1,19,5,5,-1,0,2,1,0,1,0,1,1,-1,2,1,18,4,125,1,5,KYMCO AGILITY,3,E01011090,0,1
2024440445560,2024,440445560,2,2,0,18,19,5,1,0,0,1,0,0,0,0,1,1,6,6,2,30,6,125,1,1,KYMCO AGILITY,5,E01022806,0,2
2024531479465,2024,531479465,2,3,0,-1,19,6,2,-1,0,8,1,0,0,0,3,1,-1,6,1,27,6,125,1,0,KYMCO AGILITY,-1,-1,0,-1
2024501475936,2024,501475936,1,9,0,-1,19,7,3,-1,0,0,0,0,5,6,1,1,-1,2,1,29,6,2495,2,34,-1,5,E01019073,0,2
2024451450096,2024,451450096,1,9,0,-1,19,8,4,-1,0,0,5,0,2,4,1,1,-1,9,2,62,9,2495,2,35,-1,10,E01031675,0,2
2024361532686,2024,361532686,1,9,0,-1,9,8,6,-1,0,1,0,0,0,0,4,1,-1,6,1,34,6,2495,2,35,-1,5,E01026878,0,1
2024041405652,2024,041405652,1,3,0,-1,11,1,5,-1,0,0,1,0,0,0,3,1,-1,6,1,32,6,125,1,6,-1,4,E01025137,0,2
2024052401478,2024,052401478,1,3,0,16,19,6,1,0,0,0,1,0,0,0,1,1,6,6,1,48,8,125,1,6,-1,2,E01006912,0,1
2024461501885,2024,461501885,1,9,0,-1,19,3,7,-1,0,0,0,0,0,0,1,9,-1,6,1,56,9,1332,1,2,MERCEDES GLB CLASS,6,E01021018,0,4
2024010504817,2024,010504817,1,9,0,18,19,5,1,0,0,1,5,0,0,0,1,1,2,2,2,36,7,1332,1,3,MERCEDES GLB CLASS,9,E01003909,0,1
2024010542448,2024,010542448,2,9,0,99,99,9,9,99,99,9,9,99,9,99,1,9,6,6,3,-1,-1,1332,1,2,MERCEDES GLB CLASS,-1,-1,0,-1
2024201523624,2024,201523624,1,9,0,-1,9,2,7,-1,0,2,0,0,0,0,3,1,-1,6,1,46,8,1332,1,2,MERCEDES GLB CLASS,4,E01009288,0,1
2024010534514,2024,010534514,2,9,0,18,19,5,1,0,0,1,0,0,0,0,1,1,6,6,1,40,7,1950,2,0,MERCEDES GLB CLASS,7,E01015968,0,4
2024010545786,2024,010545786,1,9,0,18,19,7,3,0,0,1,0,0,0,0,1,1,6,6,2,74,10,1950,2,2,MERCEDES GLB CLASS,8,E01004731,0,2
2024010550446,2024,010550446,2,9,0,9,9,2,8,0,0,1,0,0,0,0,3,1,6,6,1,41,7,1332,1,2,MERCEDES GLB CLASS,3,E01001368,0,1
2024010506775,2024,010506775,2,9,0,18,19,1,5,0,0,8,0,0,0,0,1,1,6,6,1,29,6,1332,1,1,MERCEDES GLB CLASS,5,E01000615,0,1
2024010529787,2024,010529787,1,9,0,18,19,3,7,0,0,0,0,0,0,0,1,1,6,6,1,44,7,1332,1,2,MERCEDES GLB CLASS,9,E01015982,0,3
2024010505276,2024,010505276,1,9,0,18,19,1,5,0,0,0,0,10,1,7,1,1,6,6,2,34,6,1950,2,4,MERCEDES GLB CLASS,3,E01000737,0,1