collision_index,collision_year,collision_ref_no,vehicle_reference,vehicle_type,towing_and_articulation,vehicle_manoeuvre_historic,vehicle_manoeuvre,vehicle_direction_from,vehicle_direction_to,vehicle_location_restricted_lane_historic,vehicle_location_restricted_lane,junction_location,skidding_and_overturning,hit_object_in_carriageway,vehicle_leaving_carriageway,hit_object_off_carriageway,first_point_of_impact,vehicle_left_hand_drive,journey_purpose_of_driver_historic,journey_purpose_of_driver,sex_of_driver,age_of_driver,age_band_of_driver,engine_capacity_cc,propulsion_code,age_of_vehicle,generic_make_model,driver_imd_decile,lsoa_of_driver,escooter_flag,driver_distance_banding
2024010534010,2024,010534010,2,9,9,12,12,3,7,0,0,8,9,99,0,0,1,9,6,6,1,-1,-1,1332,8,0,MERCEDES GLB CLASS,-1,-1,0,-1
2024010520233,2024,010520233,3,9,0,2,2,0,0,0,0,1,0,10,1,0,2,1,6,6,3,-1,-1,1332,1,4,MERCEDES GLB CLASS,-1,-1,0,-1
2024631417355,2024,631417355,1,9,0,-1,7,2,4,-1,0,6,0,0,0,0,1,1,-1,7,2,39,7,1950,2,4,MERCEDES GLB CLASS,8,W01000644,0,1
2024010549750,2024,010549750,1,9,0,99,99,9,9,99,99,6,9,99,9,99,9,9,2,2,1,30,6,1950,2,3,MERCEDES GLB CLASS,9,E01030989,0,4
2024010551009,2024,010551009,2,9,0,99,99,9,9,99,99,0,9,99,9,99,9,9,6,6,3,-1,-1,1950,2,3,MERCEDES GLB CLASS,-1,-1,0,-1
2024010541499,2024,010541499,1,9,0,18,19,7,3,0,0,1,0,0,0,0,1,1,6,6,1,34,6,1332,1,2,MERCEDES GLB CLASS,-1,-1,0,-1
2024991437231,2024,991437231,2,9,0,-1,19,7,3,-1,0,8,0,0,0,0,3,1,-1,9,2,29,6,1332,1,1,MERCEDES GLB CLASS,8,-1,0,3
2024421470701,2024,421470701,2,9,0,-1,19,7,5,-1,0,1,0,0,0,0,1,1,-1,9,2,31,6,1332,8,0,MERCEDES GLB CLASS,9,E01029882,0,1
2024320727978,2024,320727978,1,9,0,-1,-1,6,2,0,0,0,0,4,2,0,1,1,6,6,1,57,9,1950,2,4,MERCEDES GLB CLASS,1,E01026126,0,1
2024221541350,2024,221541350,1,9,0,-1,19,7,3,-1,0,6,1,0,0,0,1,1,-1,6,1,35,6,1950,2,2,MERCEDES GLB CLASS,4,E01014138,0,3
2024131430176,2024,131430176,1,9,0,-1,19,1,5,-1,0,6,0,0,0,0,1,1,-1,6,3,-1,-1,1950,2,4,MERCEDES GLB CLASS,-1,-1,0,-1
2024010541531,2024,010541531,1,9,0,18,19,9,9,99,99,0,9,99,9,99,1,9,6,6,1,71,10,1332,1,3,MERCEDES GLB CLASS,10,E01015909,0,4
2024131481509,2024,131481509,1,9,0,-1,19,5,1,-1,0,0,0,0,0,0,1,1,-1,6,-1,-1,-1,1332,1,1,MERCEDES GLB CLASS,-1,-1,0,-1
2024332400979,2024,332400979,1,9,0,-1,19,8,4,-1,0,1,0,0,0,0,2,1,-1,6,2,33,6,1950,2,4,MERCEDES GLB CLASS,4,E01013696,0,1
2024010509893,2024,010509893,1,9,0,5,5,3,7,9,9,0,0,4,7,0,1,1,6,6,3,-1,-1,1950,2,1,MERCEDES GLB CLASS,-1,-1,0,-1
2024421530145,2024,421530145,1,9,0,-1,5,5,3,-1,99,4,0,99,0,0,1,1,-1,6,3,-1,-1,1950,2,2,MERCEDES GLB CLASS,-1,-1,0,-1
2024351409301,2024,351409301,1,9,0,-1,5,7,5,-1,0,1,0,0,0,0,3,1,-1,9,1,49,8,1950,2,3,MERCEDES GLB CLASS,8,E01018242,0,2
2024421431463,2024,421431463,3,9,0,-1,19,7,3,-1,0,8,0,0,0,0,2,1,-1,9,1,40,7,1332,1,2,MERCEDES GLB CLASS,9,E01021533,0,1
2024361436582,2024,361436582,2,9,0,-1,4,3,7,-1,0,0,0,0,0,0,2,1,-1,9,1,42,7,1332,1,1,MERCEDES GLB CLASS,-1,-1,0,-1
2024991517290,2024,991517290,1,9,0,-1,19,2,6,-1,0,2,1,6,1,11,3,2,-1,9,1,28,6,1332,8,0,MERCEDES GLB CLASS,7,E01034937,0,5
2024440209765,2024,440209765,3,9,0,18,19,5,1,0,0,0,0,0,0,0,1,1,6,6,1,36,7,1332,1,4,MERCEDES GLB CLASS,9,E01035438,0,2
2024010534850,2024,010534850,2,9,0,99,99,9,9,99,99,9,9,99,9,99,9,9,6,6,3,-1,-1,1332,1,3,MERCEDES GLB CLASS,3,E01004455,0,3
2024421531352,2024,421531352,2,9,0,-1,19,8,4,-1,0,8,0,0,0,0,4,1,-1,6,1,33,6,1332,1,1,MERCEDES GLB CLASS,6,E01021723,0,1
2024332400595,2024,332400595,1,9,0,-1,19,5,1,-1,0,0,0,0,4,1,1,1,-1,9,2,40,7,1332,1,2,MERCEDES GLB CLASS,7,E01025682,0,1
2024201510738,2024,201510738,2,9,0,-1,3,7,3,-1,0,4,0,0,0,0,3,1,-1,6,1,44,7,1950,2,2,MERCEDES GLB CLASS,5,E01008974,0,4
2024471443843,2024,471443843,2,9,0,-1,5,8,2,-1,0,6,0,0,0,0,3,1,-1,9,1,54,8,1332,1,1,MERCEDES GLB CLASS,3,E01020973,0,1
2024010549180,2024,010549180,1,9,0,99,99,9,9,99,99,9,9,99,9,99,1,9,6,6,1,42,7,1332,1,2,MERCEDES GLB CLASS,2,E01003059,0,1
2024451492829,2024,451492829,1,9,0,-1,19,1,3,-1,0,1,0,0,0,0,1,1,-1,9,2,45,7,1332,1,2,MERCEDES GLB CLASS,10,E01030396,0,1
2024451426193,2024,451426193,1,9,0,-1,9,5,7,-1,0,0,0,0,0,0,1,1,-1,9,2,66,10,1332,1,3,MERCEDES GLB CLASS,10,E01030447,0,1
2024131529906,2024,131529906,2,9,0,-1,9,1,7,-1,0,0,0,0,0,0,3,1,-1,9,2,41,7,1950,2,3,MERCEDES GLB CLASS,7,E01006138,0,4
2024451515474,2024,451515474,1,9,0,-1,19,1,5,-1,0,2,0,0,0,0,3,1,-1,6,1,48,8,1950,2,1,MERCEDES GLB CLASS,7,E01030708,0,1
2024320258897,2024,320258897,1,9,0,-1,-1,3,7,0,0,0,0,0,0,0,3,1,-1,-1,1,43,7,1950,2,3,MERCEDES GLB CLASS,6,E01013838,0,4
2024461525375,2024,461525375,1,9,0,-1,19,1,5,-1,0,8,0,0,0,0,3,1,-1,9,2,30,6,1332,1,1,MERCEDES GLB CLASS,2,E01023975,0,3
2024552400207,2024,552400207,1,9,0,13,13,7,3,0,0,0,1,0,1,2,1,1,2,2,1,40,7,1796,1,25,-1,1,E01015384,0,2
2024461455099,2024,461455099,1,9,0,-1,1,5,4,-1,0,1,0,0,0,0,2,9,-1,6,1,63,9,1796,1,23,-1,3,E01016173,0,1
2024421425616,2024,421425616,2,9,0,-1,19,1,5,-1,0,0,0,0,7,9,1,1,-1,9,1,66,10,1796,1,26,-1,5,E01021802,0,2
2024552401452,2024,552401452,1,3,0,15,15,8,4,0,0,8,0,0,0,0,3,1,6,6,1,17,4,125,1,17,-1,-1,-1,0,-1
2024401476952,2024,401476952,2,9,0,-1,19,3,7,-1,0,0,0,0,0,0,3,1,-1,2,1,34,6,1199,1,0,VAUXHALL GRANDLAND,1,E01017471,0,3
2024991470876,2024,991470876,1,9,0,-1,7,8,2,-1,0,6,0,0,0,0,4,1,-1,9,1,81,11,1199,1,0,VAUXHALL GRANDLAND,5,-1,0,1
2024501406586,2024,501406586,1,9,0,-1,19,4,7,-1,0,0,0,0,0,0,3,1,-1,9,2,31,6,1199,1,5,VAUXHALL GRANDLAND,7,E01019023,0,1
2024471490859,2024,471490859,2,9,0,-1,19,7,3,-1,0,8,0,0,0,0,1,1,-1,9,1,39,7,1199,1,6,VAUXHALL GRANDLAND,4,E01021177,0,3
2024010517922,2024,010517922,2,9,0,2,2,0,0,0,0,2,0,7,0,0,2,1,6,6,3,-1,-1,1199,1,5,VAUXHALL GRANDLAND,-1,-1,0,-1
2024361449617,2024,361449617,2,9,0,-1,4,7,1,-1,0,1,0,0,0,0,1,1,-1,9,1,69,10,1199,1,4,VAUXHALL GRANDLAND,5,E01026726,0,1
2024141467338,2024,141467338,2,9,0,-1,5,1,4,-1,0,0,0,0,0,0,4,1,-1,6,1,57,9,1199,1,4,VAUXHALL GRANDLAND,2,E01007872,0,1
2024451434974,2024,451434974,2,9,0,-1,4,4,4,-1,0,1,0,0,0,0,1,1,-1,7,1,37,7,1598,8,2,VAUXHALL GRANDLAND,7,E01030707,0,1
2024131452985,2024,131452985,2,9,0,-1,19,8,4,-1,0,0,0,0,0,0,3,1,-1,9,1,58,9,1199,1,5,VAUXHALL GRANDLAND,1,E01011686,0,1
2024320143132,2024,320143132,2,9,0,-1,-1,3,7,0,0,2,0,0,0,0,1,1,-1,-1,1,29,6,1199,1,4,VAUXHALL GRANDLAND,5,E01025662,0,5
2024201509801,2024,201509801,1,9,0,-1,5,6,2,-1,0,0,0,0,0,0,1,1,-1,6,2,40,7,1199,1,5,VAUXHALL GRANDLAND,2,E01009754,0,1
2024311514919,2024,311514919,1,9,0,-1,10,1,5,-1,0,5,0,0,0,0,2,1,-1,9,1,37,7,1199,1,4,VAUXHALL GRANDLAND,-1,-1,0,-1
2024302400531,2024,302400531,2,9,0,18,19,1,5,0,0,0,0,0,0,0,3,1,2,2,1,56,9,1199,1,5,VAUXHALL GRANDLAND,2,E01007517,0,4
2024221450706,2024,221450706,4,9,0,-1,19,5,1,-1,0,0,1,0,1,0,1,1,-1,6,1,54,8,1199,1,3,VAUXHALL GRANDLAND,6,E01032350,0,1
2024131511089,2024,131511089,2,9,0,-1,19,3,7,-1,0,6,0,0,0,0,1,1,-1,9,1,79,11,1199,1,3,VAUXHALL GRANDLAND,10,E01011196,0,1
2024061443883,2024,061443883,2,9,-1,-1,-1,-1,-1,-1,-1,0,-1,-1,-1,0,-1,9,-1,6,1,43,7,1199,1,4,VAUXHALL GRANDLAND,5,E01005964,0,1
2024340NN0302,2024,340NN0302,3,9,0,-1,4,6,2,-1,0,1,0,0,0,0,3,1,-1,6,1,29,6,1499,2,5,VAUXHALL GRANDLAND,9,E01027084,0,2
2024991456296,2024,991456296,1,9,0,-1,19,3,7,-1,0,0,0,0,0,0,1,1,-1,9,2,35,6,1199,1,4,VAUXHALL GRANDLAND,3,-1,0,1
2024302400336,2024,302400336,1,9,0,18,19,8,4,0,0,4,2,10,1,1,1,1,6,6,1,29,6,1199,1,0,VAUXHALL GRANDLAND,3,E01019665,0,2
2024010530288,2024,010530288,2,9,0,99,99,9,9,99,99,9,9,99,9,99,9,9,6,6,3,-1,-1,1199,1,1,VAUXHALL GRANDLAND,-1,-1,0,-1
2024440254322,2024,440254322,1,9,0,3,3,7,3,0,0,1,0,0,0,0,2,1,6,6,2,53,8,1199,1,5,VAUXHALL GRANDLAND,2,E01023029,0,1
2024520403301,2024,520403301,1,9,0,18,19,8,4,0,0,0,0,0,0,0,2,1,6,6,1,59,9,1598,8,4,VAUXHALL GRANDLAND,5,E01029215,0,1
2024371515719,2024,371515719,1,9,0,-1,19,6,2,-1,0,1,0,0,0,0,4,1,-1,6,1,60,9,1199,1,0,VAUXHALL GRANDLAND,6,E01029992,0,1
2024991510620,2024,991510620,1,9,0,-1,9,7,5,-1,0,8,0,0,0,0,4,1,-1,9,2,54,8,1199,1,2,VAUXHALL GRANDLAND,2,-1,0,1
2024320525689,2024,320525689,1,9,0,13,13,6,4,0,0,1,0,0,0,0,4,1,6,6,3,-1,-1,1499,2,3,VAUXHALL GRANDLAND,-1,-1,0,-1
2024031480829,2024,031480829,1,9,0,-1,19,5,1,-1,0,0,0,0,0,0,4,1,-1,9,1,40,7,1199,1,1,VAUXHALL GRANDLAND,6,E01014290,0,5
2024061473116,2024,061473116,1,9,0,-1,19,5,1,-1,0,0,0,0,0,0,1,1,-1,9,2,35,6,1199,1,4,VAUXHALL GRANDLAND,7,E01005361,0,1
2024531470167,2024,531470167,2,9,0,-1,19,6,2,-1,0,1,0,0,0,0,2,1,-1,6,2,48,8,1199,1,5,VAUXHALL GRANDLAND,8,W01001583,0,2
2024421497071,2024,421497071,1,9,0,-1,5,8,5,-1,0,2,0,0,0,0,4,1,-1,1,1,38,7,1199,1,2,VAUXHALL GRANDLAND,5,E01021262,0,1
2024332400988,2024,332400988,2,9,0,-1,3,5,1,-1,0,0,0,0,0,0,2,1,-1,9,1,68,10,1199,1,3,VAUXHALL GRANDLAND,2,E01013721,0,1
2024520002515,2024,520002515,2,9,0,18,19,4,8,0,0,8,0,0,0,0,1,1,6,6,1,66,10,1199,1,1,VAUXHALL GRANDLAND,8,E01007268,0,5
2024011416337,2024,011416337,3,9,0,-1,-1,3,7,-1,-1,0,0,0,0,0,4,1,-1,-1,1,47,8,1199,1,1,VAUXHALL GRANDLAND,2,E01000101,0,2
2024211490540,2024,211490540,2,9,0,-1,19,8,4,-1,0,0,0,0,0,0,1,1,-1,9,1,24,5,1199,1,0,VAUXHALL GRANDLAND,-1,-1,0,-1
2024061474238,2024,061474238,2,9,0,-1,4,2,6,-1,0,1,0,0,0,0,2,1,-1,6,1,61,9,1199,1,0,VAUXHALL GRANDLAND,-1,-1,0,-1
2024471519673,2024,471519673,1,9,0,-1,9,7,1,-1,0,6,0,0,0,0,1,1,-1,7,1,55,8,1199,1,6,VAUXHALL GRANDLAND,5,E01020999,0,1
2024332400047,2024,332400047,1,9,0,-1,19,2,6,-1,0,1,0,0,0,0,1,1,-1,9,2,55,8,1199,1,6,VAUXHALL GRANDLAND,9,E01025619,0,1
2024332400713,2024,332400713,1,9,0,-1,19,3,7,-1,0,8,0,0,0,0,1,1,-1,1,1,29,6,1199,1,5,VAUXHALL GRANDLAND,4,E01025789,0,1
2024010525928,2024,010525928,2,9,0,18,19,5,1,0,0,0,0,0,0,0,1,1,6,6,2,31,6,1199,1,0,VAUXHALL GRANDLAND,2,E01002669,0,1
2024302400366,2024,302400366,1,9,0,9,9,4,2,0,0,8,0,0,0,0,1,1,6,6,2,38,7,1199,1,5,VAUXHALL GRANDLAND,3,E01013474,0,1
2024101426232,2024,101426232,2,9,0,-1,19,5,1,-1,0,0,0,0,1,0,3,1,-1,6,2,42,7,1199,1,5,VAUXHALL GRANDLAND,1,E01008459,0,1
2024010507908,2024,010507908,1,9,0,3,3,5,1,0,0,1,0,0,0,0,2,1,1,1,1,55,8,1199,1,1,VAUXHALL GRANDLAND,2,E01001151,0,1
2024440314059,2024,440314059,2,9,0,9,9,7,3,0,0,8,0,0,0,0,1,1,6,6,2,53,8,1499,2,4,VAUXHALL GRANDLAND,5,E01017074,0,1
2024161432338,2024,161432338,3,9,0,-1,4,3,7,-1,0,1,0,0,0,0,2,1,-1,9,2,39,7,1499,2,4,VAUXHALL GRANDLAND,2,E01013128,0,1
2024010507020,2024,010507020,1,9,0,4,4,1,5,0,0,1,0,0,0,0,2,1,2,2,2,47,8,1199,1,5,VAUXHALL GRANDLAND,2,E01004007,0,1
2024531418987,2024,531418987,2,9,0,-1,19,1,5,-1,0,0,0,0,1,11,4,1,-1,9,2,24,5,1560,2,6,VAUXHALL GRANDLAND,6,E01022261,0,2
202417H104524,2024,17H104524,2,9,0,-1,19,8,4,-1,0,0,0,0,0,0,0,1,-1,6,1,56,9,1199,1,1,VAUXHALL GRANDLAND,-1,-1,0,-1
2024010541428,2024,010541428,1,9,0,18,19,5,1,0,0,1,0,0,0,0,1,1,6,6,1,66,10,1199,1,4,VAUXHALL GRANDLAND,2,E01001842,0,1
2024991433330,2024,991433330,1,9,0,-1,4,6,2,-1,0,1,0,0,0,0,1,1,-1,9,2,53,8,1199,1,3,VAUXHALL GRANDLAND,6,-1,0,3
2024991426949,2024,991426949,1,9,0,-1,11,7,3,-1,0,0,0,0,0,0,1,1,-1,9,2,34,6,1199,1,5,VAUXHALL GRANDLAND,-1,-1,0,-1
2024302400865,2024,302400865,1,9,0,18,19,1,5,0,0,8,0,0,0,0,1,1,1,1,2,26,6,1199,1,4,VAUXHALL GRANDLAND,10,E01019473,0,3
2024531463837,2024,531463837,1,9,0,-1,4,7,3,-1,0,0,0,4,0,0,1,9,-1,6,1,74,10,1199,1,4,VAUXHALL GRANDLAND,3,E01022256,0,1
2024161486203,2024,161486203,1,9,0,-1,9,6,4,-1,0,8,0,0,0,0,3,9,-1,6,2,68,10,1199,1,4,VAUXHALL GRANDLAND,6,E01013325,0,3
2024991443054,2024,991443054,2,9,0,-1,19,6,2,-1,0,0,0,0,0,0,1,1,-1,2,1,54,8,1199,1,5,VAUXHALL GRANDLAND,2,-1,0,1
2024161444685,2024,161444685,2,9,0,-1,19,2,6,-1,0,4,0,0,0,0,3,1,-1,6,1,58,9,1560,2,6,VAUXHALL GRANDLAND,1,E01012805,0,1
2024461416763,2024,461416763,2,9,0,-1,19,5,1,-1,0,6,0,0,0,0,4,1,-1,9,2,39,7,1199,1,4,VAUXHALL GRANDLAND,-1,-1,0,-1
2024161408265,2024,161408265,3,9,0,-1,3,8,4,-1,0,1,0,0,0,0,2,1,-1,6,2,53,8,1199,1,4,VAUXHALL GRANDLAND,4,E01013320,0,1
2024010542765,2024,010542765,2,9,0,9,9,7,4,0,0,4,0,0,0,0,0,1,2,2,1,34,6,1199,1,6,VAUXHALL GRANDLAND,5,E01032800,0,4
2024061447706,2024,061447706,1,9,0,-1,3,8,4,-1,0,0,0,0,0,0,2,1,-1,7,2,63,9,1199,1,1,VAUXHALL GRANDLAND,3,E01006217,0,1
2024052402722,2024,052402722,2,9,0,18,19,8,4,0,0,1,0,0,0,0,4,1,3,7,2,41,7,1499,2,3,VAUXHALL GRANDLAND,1,E01007122,0,1
2024501519346,2024,501519346,3,9,0,-1,19,3,1,-1,0,6,0,0,0,0,1,1,-1,6,1,56,9,1499,2,3,VAUXHALL GRANDLAND,2,E01015082,0,1
2024031486145,2024,031486145,1,9,0,-1,19,3,7,-1,0,0,0,12,0,0,1,1,-1,9,2,47,8,1199,1,6,VAUXHALL GRANDLAND,3,E01025172,0,4
2024411435154,2024,411435154,3,9,0,-1,4,3,7,-1,0,0,0,0,0,0,1,1,-1,2,2,47,8,1499,2,5,VAUXHALL GRANDLAND,5,E01023611,0,3
2024031499045,2024,031499045,4,9,0,-1,4,3,7,-1,0,0,0,0,0,0,2,1,-1,9,2,36,7,1499,2,5,VAUXHALL GRANDLAND,5,E01019386,0,2
2024070000131,2024,070000131,3,9,0,-1,4,8,4,-1,0,0,0,0,0,0,2,1,-1,6,2,35,6,1199,1,5,VAUXHALL GRANDLAND,8,E01028887,0,4
2024440159491,2024,440159491,1,9,0,10,10,3,7,0,0,1,0,0,0,0,2,1,6,6,2,35,6,1199,1,4,VAUXHALL GRANDLAND,2,E01022901,0,1
2024061508504,2024,061508504,3,9,0,-1,19,1,5,-1,0,0,0,0,0,0,4,1,-1,1,2,41,7,1199,1,2,VAUXHALL GRANDLAND,2,E01006036,0,1
2024421498420,2024,421498420,3,9,0,-1,19,3,7,-1,0,0,0,0,0,0,1,1,-1,9,1,63,9,1199,1,5,VAUXHALL GRANDLAND,3,E01033051,0,4
2024010514067,2024,010514067,1,9,0,18,19,5,1,0,0,0,0,0,0,0,2,1,2,2,2,43,7,1199,1,3,VAUXHALL GRANDLAND,5,E01003415,0,1
2024052402888,2024,052402888,2,9,0,18,19,3,7,0,0,1,0,0,0,0,1,1,6,6,2,32,6,1199,1,3,VAUXHALL GRANDLAND,5,E01006488,0,1
2024461476598,2024,461476598,2,9,0,-1,4,1,5,-1,0,0,0,0,0,0,2,1,-1,9,-1,62,9,1199,1,2,VAUXHALL GRANDLAND,10,E01024523,0,2
2024131475824,2024,131475824,2,9,0,-1,2,0,0,-1,0,0,0,0,0,0,3,1,-1,6,3,-1,-1,1199,1,0,VAUXHALL GRANDLAND,-1,-1,0,-1
2024141466762,2024,141466762,1,9,0,-1,19,1,1,-1,0,0,0,0,0,0,1,2,-1,6,1,61,9,1499,2,0,VAUXHALL GRANDLAND,1,E01007450,0,1
2024440001449,2024,440001449,2,9,0,18,19,8,4,0,0,1,0,0,0,0,1,1,6,6,2,32,6,1199,1,4,VAUXHALL GRANDLAND,5,E01032883,0,1
2024211531226,2024,211531226,1,9,0,-1,9,4,2,-1,0,8,0,0,0,0,4,1,-1,9,1,64,9,1199,1,3,VAUXHALL GRANDLAND,7,E01029728,0,4
2024052400273,2024,052400273,2,9,0,18,19,3,7,0,0,0,0,0,0,0,3,1,6,6,2,43,7,1499,2,6,VAUXHALL GRANDLAND,1,E01006913,0,2
2024991494102,2024,991494102,1,9,0,-1,9,4,1,-1,0,0,0,0,0,0,4,1,-1,9,1,80,11,1199,1,5,VAUXHALL GRANDLAND,5,-1,0,2
2024991416847,2024,991416847,1,9,0,-1,19,5,1,-1,0,0,1,0,7,0,1,1,-1,1,2,67,10,1199,1,4,VAUXHALL GRANDLAND,5,-1,0,1
2024141412170,2024,141412170,3,9,0,-1,2,0,0,-1,0,0,0,0,0,0,3,1,-1,6,-1,-1,-1,1199,1,1,VAUXHALL GRANDLAND,-1,-1,0,-1
202460Q119171,2024,60Q119171,1,9,0,18,19,1,5,0,0,4,0,0,0,0,1,1,6,6,2,37,7,1199,1,2,VAUXHALL GRANDLAND,-1,-1,0,-1
2024461435862,2024,461435862,1,9,0,-1,19,8,2,-1,0,0,0,0,0,0,4,9,-1,9,2,54,8,1199,1,1,VAUXHALL GRANDLAND,4,E01024111,0,1
2024061521301,2024,061521301,2,9,0,-1,10,-1,-1,-1,0,1,0,0,0,0,1,1,-1,6,3,-1,-1,1499,2,1,VAUXHALL GRANDLAND,-1,-1,0,-1
2024531418021,2024,531418021,1,9,0,-1,19,5,1,-1,0,0,0,0,0,0,1,1,-1,6,2,33,6,1560,2,6,VAUXHALL GRANDLAND,4,E01022161,0,1
2024991478968,2024,991478968,3,9,0,-1,19,2,6,-1,0,0,0,0,0,0,2,1,-1,9,1,55,8,1199,1,0,VAUXHALL GRANDLAND,-1,-1,0,-1
2024101401664,2024,101401664,1,9,0,-1,12,1,5,-1,0,0,0,0,0,0,1,2,-1,9,1,67,10,1199,1,3,VAUXHALL GRANDLAND,5,E01008190,0,1
2024991508783,2024,991508783,1,9,0,-1,9,5,3,-1,0,5,0,0,0,0,4,1,-1,2,2,31,6,1499,2,0,VAUXHALL GRANDLAND,-1,-1,0,-1
2024010550953,2024,010550953,1,9,0,2,2,0,0,0,0,2,0,4,0,0,4,1,6,6,3,-1,-1,1199,1,5,VAUXHALL GRANDLAND,-1,-1,0,-1
202417H100924,2024,17H100924,2,9,0,18,19,5,1,0,0,1,0,0,0,0,1,1,6,6,1,30,6,1199,1,0,VAUXHALL GRANDLAND,2,E01012081,0,3
2024411545158,2024,411545158,1,9,0,-1,19,1,5,-1,0,0,0,0,0,0,1,1,-1,6,1,56,9,1199,1,6,VAUXHALL GRANDLAND,8,E01023834,0,1
2024401433372,2024,401433372,1,9,0,-1,19,8,4,-1,0,1,0,0,0,0,1,1,-1,1,1,54,8,1997,2,5,VAUXHALL GRANDLAND,2,E01017400,0,1
2024052401932,2024,052401932,1,9,0,18,19,2,6,0,0,1,0,0,0,0,1,1,6,6,1,-1,-1,1199,1,6,VAUXHALL GRANDLAND,-1,-1,0,-1
2024061483573,2024,061483573,1,9,0,-1,4,-1,-1,-1,0,1,0,0,0,0,2,1,-1,2,1,30,6,1199,1,3,VAUXHALL GRANDLAND,8,E01004984,0,4
2024421395585,2024,421395585,2,9,0,-1,19,3,7,-1,0,0,5,0,1,0,1,1,-1,6,2,41,7,1199,1,4,VAUXHALL GRANDLAND,8,E01002372,0,3
2024161529503,2024,161529503,2,9,0,-1,2,0,0,-1,0,0,0,4,0,0,2,1,-1,6,-1,-1,-1,1199,1,0,VAUXHALL GRANDLAND,-1,-1,0,-1
2024401497614,2024,401497614,2,9,0,-1,4,5,1,-1,0,0,0,0,0,0,2,9,-1,2,2,38,7,1199,1,1,VAUXHALL GRANDLAND,8,E01034434,0,1
2024351453887,2024,351453887,1,9,-1,-1,-1,-1,-1,-1,-1,-1,-1,-1,-1,0,-1,9,-1,9,1,58,9,1199,1,1,VAUXHALL GRANDLAND,5,E01030106,0,3
2024531473138,2024,531473138,1,9,0,-1,9,5,1,-1,0,8,0,0,3,0,3,1,-1,9,1,57,9,1499,2,1,VAUXHALL GRANDLAND,-1,-1,0,-1
2024531483599,2024,531483599,1,9,0,-1,19,5,1,-1,0,4,5,6,3,10,1,1,-1,9,1,59,9,1199,1,4,VAUXHALL GRANDLAND,4,E01022331,0,1
2024991439916,2024,991439916,2,9,0,-1,19,1,5,-1,0,1,1,0,0,0,1,1,-1,9,1,81,11,1199,1,3,VAUXHALL GRANDLAND,2,-1,0,5
2024440293924,2024,440293924,2,9,0,7,7,5,7,0,0,1,0,0,0,0,4,1,6,6,1,-1,-1,1199,1,5,VAUXHALL GRANDLAND,-1,-1,0,-1
2024991493170,2024,991493170,2,9,0,-1,19,6,2,-1,0,8,0,0,0,0,1,2,-1,6,1,34,6,1199,1,3,VAUXHALL GRANDLAND,2,-1,0,1
2024010548632,2024,010548632,2,9,0,99,99,9,9,99,99,6,9,99,9,99,9,9,6,6,3,-1,-1,1199,1,0,VAUXHALL GRANDLAND,-1,-1,0,-1
2024440474685,2024,440474685,1,9,0,17,19,1,6,0,0,0,5,0,1,0,0,1,6,6,1,51,8,1199,1,6,VAUXHALL GRANDLAND,5,E01035460,0,3
2024371470675,2024,371470675,1,9,0,-1,7,-1,-1,-1,5,3,0,0,1,0,1,1,-1,6,2,32,6,1199,1,1,VAUXHALL GRANDLAND,3,E01029998,0,1
2024070907766,2024,070907766,2,9,0,-1,3,6,3,-1,0,3,0,0,0,0,0,1,-1,1,2,42,7,1199,1,5,VAUXHALL GRANDLAND,7,E01018345,0,1
2024461509273,2024,461509273,1,9,0,-1,4,4,1,-1,0,1,0,0,0,0,2,1,-1,2,1,49,8,1199,1,4,VAUXHALL GRANDLAND,2,E01016020,0,1
2024451414170,2024,451414170,2,9,0,-1,19,7,3,-1,0,0,0,0,0,0,2,1,-1,6,1,53,8,1499,2,6,VAUXHALL GRANDLAND,6,E01030451,0,3
2024211513926,2024,211513926,2,9,0,-1,3,1,5,-1,0,1,0,0,0,0,2,9,-1,6,2,-1,-1,1199,1,3,VAUXHALL GRANDLAND,7,E01014272,0,1
2024991476287,2024,991476287,1,9,0,-1,19,4,8,-1,0,0,2,4,0,0,1,1,-1,9,1,73,10,1199,1,1,VAUXHALL GRANDLAND,4,-1,0,1
2024201479383,2024,201479383,1,9,0,-1,11,1,4,-1,0,2,0,0,0,0,3,1,-1,9,1,28,6,1199,1,4,VAUXHALL GRANDLAND,5,E01019465,0,4
2024411452456,2024,411452456,1,9,0,-1,9,7,5,-1,0,8,0,0,0,0,1,1,-1,6,2,42,7,1199,1,1,VAUXHALL GRANDLAND,6,E01023325,0,1
2024221526447,2024,221526447,1,9,0,-1,19,5,1,-1,0,4,1,0,0,0,3,1,-1,2,1,53,8,1199,1,5,VAUXHALL GRANDLAND,2,E01014071,0,1
2024631501269,2024,631501269,1,9,0,-1,19,7,4,-1,0,0,0,0,2,4,1,1,-1,9,2,72,10,1199,1,6,VAUXHALL GRANDLAND,8,E01029489,0,5
2024311480988,2024,311480988,1,9,0,-1,5,6,2,-1,9,0,0,0,0,0,1,1,-1,6,1,60,9,1199,1,3,VAUXHALL GRANDLAND,-1,-1,0,-1
2024201433855,2024,201433855,2,9,0,-1,3,6,8,-1,0,1,0,0,0,0,2,1,-1,1,1,61,9,1199,1,5,VAUXHALL GRANDLAND,2,E01009982,0,1