collision_index,collision_year,collision_ref_no,vehicle_reference,vehicle_type,towing_and_articulation,vehicle_manoeuvre_historic,vehicle_manoeuvre,vehicle_direction_from,vehicle_direction_to,vehicle_location_restricted_lane_historic,vehicle_location_restricted_lane,junction_location,skidding_and_overturning,hit_object_in_carriageway,vehicle_leaving_carriageway,hit_object_off_carriageway,first_point_of_impact,vehicle_left_hand_drive,journey_purpose_of_driver_historic,journey_purpose_of_driver,sex_of_driver,age_of_driver,age_band_of_driver,engine_capacity_cc,propulsion_code,age_of_vehicle,generic_make_model,driver_imd_decile,lsoa_of_driver,escooter_flag,driver_distance_banding
2024991409026,2024,991409026,2,9,0,-1,19,8,4,-1,0,0,0,0,0,0,2,1,-1,6,1,55,8,1199,1,0,VAUXHALL GRANDLAND,2,-1,0,1
2024010533949,2024,010533949,1,9,0,1,1,1,5,0,0,1,0,0,0,0,4,1,6,6,1,62,9,1199,1,3,VAUXHALL GRANDLAND,2,E01001056,0,3
2024101488331,2024,101488331,1,9,0,-1,19,7,3,-1,0,8,0,0,0,0,3,1,-1,6,2,57,9,1199,1,4,VAUXHALL GRANDLAND,2,E01008661,0,1
2024201516157,2024,201516157,1,9,0,-1,19,2,6,-1,0,8,0,0,0,0,1,1,-1,6,1,30,6,1499,2,4,VAUXHALL GRANDLAND,1,E01009844,0,2
2024622400821,2024,622400821,3,9,0,18,19,8,4,0,0,0,0,0,0,0,1,1,6,6,2,31,6,1199,1,0,VAUXHALL GRANDLAND,8,W01000699,0,3
2024052400087,2024,052400087,1,9,0,9,9,3,7,0,0,5,0,0,0,0,1,1,6,6,2,29,6,1199,1,2,VAUXHALL GRANDLAND,1,E01006493,0,1
2024371455331,2024,371455331,1,9,0,-1,19,-1,-1,-1,0,1,0,0,0,0,1,1,-1,9,1,82,11,1199,1,4,VAUXHALL GRANDLAND,7,E01021882,0,4
2024070664362,2024,070664362,1,9,0,18,19,8,4,0,0,1,0,0,0,0,1,1,2,2,2,27,6,1199,1,6,VAUXHALL GRANDLAND,6,E01034674,0,3
2024061529935,2024,061529935,1,9,0,-1,5,6,1,-1,0,6,0,0,0,0,1,1,-1,6,2,26,6,1499,2,5,VAUXHALL GRANDLAND,-1,-1,0,-1
2024231481348,2024,231481348,1,9,0,-1,19,8,4,-1,0,8,0,0,0,0,3,1,-1,6,2,27,6,1560,2,6,VAUXHALL GRANDLAND,10,E01031214,0,1
2024371465515,2024,371465515,2,9,0,-1,19,8,4,-1,0,0,0,0,0,0,1,1,-1,9,1,76,11,1499,2,0,VAUXHALL GRANDLAND,6,E01030154,0,1
2024031487344,2024,031487344,3,9,0,-1,3,1,5,-1,0,1,0,0,0,0,2,1,-1,9,1,30,6,1199,1,6,VAUXHALL GRANDLAND,10,E01019368,0,1
2024061463230,2024,061463230,1,9,0,-1,3,-1,-1,-1,0,0,0,0,0,0,2,1,-1,2,1,54,8,1199,1,5,VAUXHALL GRANDLAND,8,E01006037,0,2
2024340NN4122,2024,340NN4122,1,9,0,-1,-1,1,5,-1,0,2,0,0,0,0,1,1,-1,9,1,79,11,1199,1,0,VAUXHALL GRANDLAND,5,E01027059,0,1
2024131412175,2024,131412175,1,9,0,-1,19,7,3,-1,0,0,0,0,0,0,1,1,-1,9,2,24,5,1499,2,6,VAUXHALL GRANDLAND,8,E01011522,0,2
2024010545403,2024,010545403,2,9,0,99,99,9,9,0,0,1,0,0,0,0,1,9,6,6,1,32,6,1199,1,5,VAUXHALL GRANDLAND,3,E01023774,0,4
2024201452569,2024,201452569,4,8,0,-1,2,0,0,-1,0,0,0,0,0,0,2,9,-1,6,1,42,7,1199,1,5,VAUXHALL GRANDLAND,1,E01009073,0,1
2024010510542,2024,010510542,1,9,0,1,1,6,4,9,9,1,0,0,0,0,2,1,3,7,2,31,6,1199,1,5,VAUXHALL GRANDLAND,-1,-1,0,-1
2024070494560,2024,070494560,2,9,0,18,19,5,1,0,0,8,0,0,0,0,4,1,3,7,2,48,8,1199,1,4,VAUXHALL GRANDLAND,8,E01012395,0,1
2024161484815,2024,161484815,1,9,0,-1,19,5,1,-1,0,0,0,0,0,0,2,1,-1,6,1,34,6,1199,1,4,VAUXHALL GRANDLAND,9,E01033297,0,2
2024991466123,2024,991466123,3,9,0,-1,19,5,8,-1,0,0,0,0,0,0,1,1,-1,6,1,66,10,1199,1,6,VAUXHALL GRANDLAND,1,E01007272,0,5
2024991509219,2024,991509219,1,9,0,-1,9,3,1,-1,0,1,1,0,0,0,4,1,-1,9,2,33,6,1199,1,4,VAUXHALL GRANDLAND,3,-1,0,3
2024111440256,2024,111440256,1,9,0,-1,9,4,2,-1,0,6,0,0,0,0,1,1,-1,6,1,75,10,1199,1,2,VAUXHALL GRANDLAND,3,E01020722,0,1
2024131488628,2024,131488628,1,9,0,-1,19,3,7,-1,9,0,1,0,1,1,1,1,-1,9,1,37,7,1560,2,6,VAUXHALL GRANDLAND,1,E01010943,0,1
2024302400229,2024,302400229,2,9,0,3,3,2,6,0,0,0,0,0,0,0,3,1,6,6,2,43,7,1199,1,1,VAUXHALL GRANDLAND,2,E01019547,0,1
2024421506135,2024,421506135,2,9,0,-1,9,1,6,-1,0,8,0,0,0,0,0,1,-1,9,1,30,6,1199,1,5,VAUXHALL GRANDLAND,1,E01015841,0,1
2024101424981,2024,101424981,1,9,0,-1,19,2,8,-1,0,0,1,0,0,0,4,1,-1,9,2,48,8,1199,1,4,VAUXHALL GRANDLAND,6,E01027466,0,1
2024351495661,2024,351495661,2,9,0,-1,4,5,1,-1,0,0,0,0,0,0,3,1,-1,6,2,53,8,1199,1,3,VAUXHALL GRANDLAND,4,E01011184,0,5
2024010541052,2024,010541052,1,9,0,7,7,7,2,0,0,1,0,0,7,0,4,1,6,6,3,-1,-1,1199,1,1,VAUXHALL GRANDLAND,-1,-1,0,-1
2024332400269,2024,332400269,2,9,0,-1,19,8,4,-1,0,8,0,0,1,0,1,1,-1,9,1,21,5,1199,1,4,VAUXHALL GRANDLAND,7,E01025743,0,2
2024010527279,2024,010527279,1,9,0,5,5,1,5,0,0,6,0,0,0,0,3,1,6,6,1,37,7,1199,1,5,VAUXHALL GRANDLAND,9,E01001916,0,1
2024451497498,2024,451497498,2,9,0,-1,19,3,7,-1,0,1,0,0,0,0,3,1,-1,9,2,29,6,1199,1,1,VAUXHALL GRANDLAND,4,E01030788,0,1
2024010545070,2024,010545070,2,9,0,4,4,5,1,0,0,0,0,0,0,0,1,1,6,6,1,29,6,1199,1,5,VAUXHALL GRANDLAND,7,E01003657,0,2
2024340WN1102,2024,340WN1102,1,9,0,-1,5,6,2,-1,0,6,0,0,0,0,1,1,-1,9,2,61,9,1199,1,6,VAUXHALL GRANDLAND,5,E01034740,0,4
2024361461252,2024,361461252,2,9,0,-1,19,7,4,-1,0,0,0,0,0,0,4,1,-1,9,1,90,11,1199,1,4,VAUXHALL GRANDLAND,4,E01026713,0,2
2024440253363,2024,440253363,1,9,0,3,3,3,7,0,0,0,0,0,0,0,2,1,6,6,2,49,8,1199,1,6,VAUXHALL GRANDLAND,5,E01017261,0,1
2024320600017,2024,320600017,2,9,0,10,10,4,2,0,0,1,0,0,0,0,2,1,-1,-1,1,30,6,1199,1,6,VAUXHALL GRANDLAND,4,E01026317,0,1
2024531483065,2024,531483065,1,9,0,-1,9,3,1,-1,0,5,0,0,0,0,4,1,-1,9,1,71,10,1598,8,0,VAUXHALL GRANDLAND,-1,-1,0,-1
2024161496465,2024,161496465,1,9,0,-1,5,6,2,-1,9,0,0,0,0,0,1,1,-1,2,2,41,7,1199,1,4,VAUXHALL GRANDLAND,4,E01012825,0,1
2024501511210,2024,501511210,1,9,0,-1,19,5,1,-1,0,0,0,0,0,0,2,1,-1,9,2,61,9,1199,1,0,VAUXHALL GRANDLAND,5,E01020247,0,1
2024161535050,2024,161535050,2,9,0,-1,2,0,0,-1,0,2,0,0,0,0,1,1,-1,6,1,64,9,1199,1,0,VAUXHALL GRANDLAND,1,E01012931,0,1
2024101472593,2024,101472593,2,9,0,-1,2,3,7,-1,0,1,0,0,0,0,3,1,-1,6,-1,-1,-1,1199,1,2,VAUXHALL GRANDLAND,-1,-1,0,-1
2024461554320,2024,461554320,1,9,0,-1,19,1,4,-1,0,0,0,11,0,0,1,1,-1,6,2,33,6,1560,2,5,VAUXHALL GRANDLAND,3,E01016128,0,1
2024351442749,2024,351442749,1,9,0,-1,19,5,4,-1,0,4,0,0,0,0,1,1,-1,6,1,86,11,1560,2,6,VAUXHALL GRANDLAND,10,E01018122,0,4
2024351415469,2024,351415469,4,9,0,-1,4,5,1,-1,0,0,0,0,0,0,2,1,-1,2,1,54,8,1199,1,2,VAUXHALL GRANDLAND,8,E01033452,0,3
2024010497949,2024,010497949,2,9,0,18,19,3,7,0,0,2,0,0,0,0,4,1,1,1,2,33,6,1199,1,4,VAUXHALL GRANDLAND,3,E01016011,0,3
2024052400783,2024,052400783,2,9,0,4,4,1,5,0,0,0,0,0,0,0,2,1,6,6,2,53,8,1199,1,2,VAUXHALL GRANDLAND,2,E01007214,0,1
2024161482788,2024,161482788,1,9,0,-1,6,5,1,-1,0,1,0,0,0,0,4,1,-1,9,2,31,6,1199,1,6,VAUXHALL GRANDLAND,4,E01026079,0,3
2024461519856,2024,461519856,2,9,0,-1,4,5,1,-1,0,0,0,0,0,0,2,1,-1,9,2,28,6,1199,1,5,VAUXHALL GRANDLAND,9,E01000410,0,3
2024622400644,2024,622400644,2,9,0,2,2,0,0,0,0,0,0,0,0,0,1,1,6,6,3,-1,-1,1199,1,5,VAUXHALL GRANDLAND,-1,-1,0,-1
2024520402744,2024,520402744,1,9,0,9,9,2,6,0,0,7,0,0,0,0,1,1,6,6,1,72,10,1199,1,1,VAUXHALL GRANDLAND,-1,-1,0,-1
2024141412205,2024,141412205,1,9,0,-1,19,1,5,-1,0,0,0,4,0,0,1,1,-1,9,1,22,5,1560,2,6,VAUXHALL GRANDLAND,9,E01019589,0,3
2024421525191,2024,421525191,4,9,0,-1,19,5,1,-1,0,1,2,0,1,11,3,1,-1,6,2,56,9,1199,1,0,VAUXHALL GRANDLAND,7,E01015946,0,1
2024991443182,2024,991443182,2,9,0,-1,3,2,7,-1,0,1,0,0,0,0,2,1,-1,9,1,62,9,1199,1,5,VAUXHALL GRANDLAND,6,-1,0,1
2024010542455,2024,010542455,2,9,0,7,7,7,8,0,0,5,0,0,0,0,3,1,6,6,1,31,6,1199,1,4,VAUXHALL GRANDLAND,5,E01016494,0,3
2024991482951,2024,991482951,1,9,0,-1,19,7,3,-1,0,8,0,0,0,0,1,1,-1,6,1,73,10,1199,1,5,VAUXHALL GRANDLAND,-1,-1,0,-1
2024061434775,2024,061434775,2,9,-1,-1,-1,-1,-1,-1,-1,0,-1,-1,-1,0,-1,9,-1,6,3,42,7,1199,1,5,VAUXHALL GRANDLAND,9,E01004842,0,1
2024421419283,2024,421419283,2,9,0,-1,19,4,8,-1,0,0,5,0,1,0,1,1,-1,2,1,34,6,1199,1,3,VAUXHALL GRANDLAND,10,E01021615,0,4
2024010522173,2024,010522173,1,9,0,8,8,1,3,0,0,2,0,0,1,0,1,1,6,6,1,23,5,1199,1,5,VAUXHALL GRANDLAND,2,E01003553,0,1
2024311472698,2024,311472698,1,9,0,-1,13,1,5,-1,0,0,0,0,0,0,4,1,-1,6,1,61,9,1199,1,1,VAUXHALL GRANDLAND,5,E01013889,0,1
2024421405318,2024,421405318,1,9,0,-1,19,8,4,-1,0,0,0,0,0,0,1,1,-1,6,2,38,7,1199,1,5,VAUXHALL GRANDLAND,10,E01024468,0,4
2024421472529,2024,421472529,2,9,0,-1,19,4,8,-1,0,1,0,0,0,0,1,1,-1,9,2,57,9,1199,1,2,VAUXHALL GRANDLAND,4,E01022024,0,1
2024302400776,2024,302400776,2,9,0,16,19,8,4,0,0,0,0,0,0,0,1,1,6,6,1,62,9,1499,2,1,VAUXHALL GRANDLAND,3,E01019511,0,4
2024411531800,2024,411531800,1,9,0,-1,19,1,5,-1,0,0,0,0,0,0,1,1,-1,6,1,36,7,1499,2,1,VAUXHALL GRANDLAND,10,E01033966,0,4
2024041485168,2024,041485168,1,9,0,-1,19,1,5,-1,0,0,0,0,1,10,1,1,-1,9,1,55,8,1199,1,0,VAUXHALL GRANDLAND,1,E01012687,0,1
2024201470308,2024,201470308,1,8,0,-1,19,1,5,-1,0,0,0,0,0,0,1,1,-1,6,1,41,7,1560,2,6,VAUXHALL GRANDLAND,6,E01009975,0,3
2024010543010,2024,010543010,1,9,0,9,9,4,2,0,0,2,0,0,0,0,1,1,6,6,2,41,7,1199,1,1,VAUXHALL GRANDLAND,3,E01033705,0,1
2024552400261,2024,552400261,1,9,0,9,9,7,5,0,0,5,0,0,0,0,3,1,6,6,1,79,11,1199,1,3,VAUXHALL GRANDLAND,6,E01014772,0,4
2024031495043,2024,031495043,2,9,0,-1,19,7,3,-1,0,0,0,0,1,0,1,1,-1,9,1,36,7,1199,1,0,VAUXHALL GRANDLAND,6,E01023601,0,5
2024122500114,2024,122500114,1,9,0,18,19,8,4,0,0,2,0,0,0,0,1,1,6,6,2,33,6,1199,1,5,VAUXHALL GRANDLAND,6,E01004485,0,5
2024461517165,2024,461517165,2,9,0,-1,2,0,0,-1,-1,2,0,0,0,0,4,1,-1,6,-1,-1,-1,1199,1,4,VAUXHALL GRANDLAND,-1,-1,0,-1
2024461500235,2024,461500235,2,9,0,-1,19,5,1,-1,0,0,0,0,0,0,3,1,-1,6,2,41,7,1199,1,6,VAUXHALL GRANDLAND,9,E01016073,0,3
2024451521191,2024,451521191,1,9,0,-1,7,7,3,-1,0,5,0,0,7,11,1,1,-1,2,1,36,7,1199,1,0,VAUXHALL GRANDLAND,4,E01030981,0,2
2024221532094,2024,221532094,1,9,0,-1,19,2,6,-1,0,4,0,0,0,0,1,1,-1,9,2,48,8,1199,1,0,VAUXHALL GRANDLAND,8,E01032334,0,1
2024131520365,2024,131520365,2,9,0,-1,3,2,6,-1,0,8,0,0,0,0,4,1,-1,6,2,68,10,1199,1,4,VAUXHALL GRANDLAND,7,E01011013,0,1
2024631461230,2024,631461230,1,9,0,-1,4,5,1,-1,0,0,0,0,0,0,1,1,-1,6,1,53,8,1560,2,7,VAUXHALL GRANDLAND,5,W01000693,0,1
2024991506653,2024,991506653,1,9,0,-1,19,3,7,-1,0,0,0,0,0,0,1,1,-1,9,1,71,10,1199,1,6,VAUXHALL GRANDLAND,6,-1,0,1
2024052401131,2024,052401131,2,9,0,4,4,4,1,0,0,4,0,0,0,0,2,1,6,6,2,44,7,1199,1,5,VAUXHALL GRANDLAND,1,E01034834,0,1
2024991458798,2024,991458798,1,9,0,-1,19,3,7,-1,0,1,2,0,0,0,4,1,-1,9,1,81,11,1199,1,4,VAUXHALL GRANDLAND,4,-1,0,3
2024052400236,2024,052400236,1,9,0,9,9,1,7,0,0,8,0,0,0,0,1,1,6,6,3,-1,-1,1199,1,5,VAUXHALL GRANDLAND,-1,-1,0,-1
2024451403487,2024,451403487,1,9,0,-1,19,1,5,-1,0,1,0,0,0,0,4,1,-1,9,2,38,7,1598,8,1,VAUXHALL GRANDLAND,4,E01004148,0,3
2024231415070,2024,231415070,1,9,0,-1,5,5,1,-1,0,0,0,0,0,0,1,9,-1,6,1,57,9,1499,2,4,VAUXHALL GRANDLAND,2,E01031075,0,1
2024430211512,2024,430211512,2,9,0,9,9,2,8,0,0,6,0,0,0,0,3,1,6,6,1,-1,-1,1199,1,3,VAUXHALL GRANDLAND,-1,-1,0,-1
2024320740645,2024,320740645,1,9,0,-1,-1,8,4,0,0,1,0,0,0,0,4,1,1,1,1,56,9,1199,1,4,VAUXHALL GRANDLAND,-1,-1,0,-1
2024401489623,2024,401489623,2,9,0,-1,3,3,7,-1,0,0,0,0,0,0,4,1,-1,7,1,38,7,1560,2,6,VAUXHALL GRANDLAND,10,E01017459,0,2
2024361511369,2024,361511369,1,9,0,-1,9,8,5,-1,0,1,0,0,0,0,4,1,-1,9,2,59,9,1499,2,2,VAUXHALL GRANDLAND,10,E01026813,0,2
202460Q173094,2024,60Q173094,1,9,0,17,19,6,2,0,0,0,0,0,0,0,2,1,6,6,2,40,7,1199,1,1,VAUXHALL GRANDLAND,-1,-1,0,-1
2024010543266,2024,010543266,1,9,0,8,8,1,4,0,0,1,0,0,0,0,4,1,6,6,2,53,8,1199,1,0,VAUXHALL GRANDLAND,3,E01034046,0,1
2024061440780,2024,061440780,1,9,0,-1,19,3,7,-1,0,2,0,0,0,0,3,9,-1,6,1,69,10,1199,1,2,VAUXHALL GRANDLAND,2,E01004815,0,1
2024010495229,2024,010495229,1,9,0,18,19,5,1,0,0,0,0,0,0,0,1,1,6,6,3,-1,-1,1199,1,4,VAUXHALL GRANDLAND,-1,-1,0,-1
2024231410495,2024,231410495,1,9,0,-1,19,2,6,-1,0,0,0,0,0,0,1,1,-1,6,2,62,9,1199,1,4,VAUXHALL GRANDLAND,8,E01031205,0,1
2024471481061,2024,471481061,2,9,0,-1,19,3,7,-1,0,0,0,0,0,0,2,1,-1,9,2,59,9,1499,2,1,VAUXHALL GRANDLAND,-1,-1,0,-1
2024010515514,2024,010515514,2,9,0,99,99,9,9,99,99,9,9,99,9,99,9,9,6,6,3,-1,-1,1199,1,1,VAUXHALL GRANDLAND,-1,-1,0,-1
2024161462979,2024,161462979,1,9,0,-1,9,5,3,-1,0,1,0,0,0,0,4,9,-1,6,2,-1,-1,1199,1,1,VAUXHALL GRANDLAND,-1,-1,0,-1
2024131460528,2024,131460528,2,9,0,-1,4,1,5,-1,0,0,0,0,0,0,1,1,-1,9,1,35,6,1199,1,6,VAUXHALL GRANDLAND,4,E01034749,0,5
2024320496041,2024,320496041,2,9,0,-1,-1,4,8,0,0,8,0,0,0,0,1,1,6,6,1,34,6,1199,1,6,VAUXHALL GRANDLAND,6,E01026309,0,1
2024371453426,2024,371453426,2,9,0,-1,2,7,3,-1,0,8,0,0,1,0,4,1,-1,6,-1,-1,-1,1199,1,2,VAUXHALL GRANDLAND,-1,-1,0,-1
2024070218124,2024,070218124,2,9,0,3,3,5,1,0,0,0,0,2,0,0,2,1,6,6,2,36,7,1199,1,5,VAUXHALL GRANDLAND,9,E01012376,0,1
2024010508563,2024,010508563,2,9,0,3,3,3,7,0,0,0,0,0,0,0,2,1,6,6,2,57,9,1598,8,4,VAUXHALL GRANDLAND,2,E01004539,0,2
2024101514636,2024,101514636,1,9,0,-1,5,3,7,-1,0,6,0,0,0,0,1,1,-1,6,1,39,7,1560,2,6,VAUXHALL GRANDLAND,1,E01027451,0,3
2024991547147,2024,991547147,2,9,0,-1,19,6,2,-1,0,0,0,0,0,0,1,1,-1,9,1,32,6,1199,1,6,VAUXHALL GRANDLAND,6,-1,0,1
2024010524225,2024,010524225,2,9,0,2,2,0,0,0,0,0,0,0,0,0,2,1,6,6,3,-1,-1,1199,1,4,VAUXHALL GRANDLAND,-1,-1,0,-1
2024430262066,2024,430262066,1,9,0,9,9,4,2,0,0,1,0,0,0,0,3,1,6,6,2,33,6,1199,1,4,VAUXHALL GRANDLAND,8,E01016431,0,1
2024311516588,2024,311516588,1,9,0,-1,19,6,6,-1,0,1,0,0,0,0,1,1,-1,6,1,33,6,1199,1,1,VAUXHALL GRANDLAND,1,E01013958,0,1
2024430291199,2024,430291199,2,9,0,16,19,1,4,0,0,1,0,0,0,0,1,1,1,1,1,35,6,1199,1,4,VAUXHALL GRANDLAND,10,E01016267,0,1
202417M106124,2024,17M106124,1,9,0,-1,4,2,6,-1,0,0,0,0,0,0,2,1,-1,9,1,72,10,1499,2,1,VAUXHALL GRANDLAND,1,E01012044,0,2
2024302401318,2024,302401318,1,9,0,10,10,1,7,0,0,1,0,0,0,0,2,1,2,2,2,47,8,1499,2,3,VAUXHALL GRANDLAND,8,E01019875,0,1
2024201428202,2024,201428202,1,9,0,-1,13,4,8,-1,0,8,0,0,0,0,1,9,-1,2,1,37,7,1199,1,2,VAUXHALL GRANDLAND,6,E01032591,0,1
2024010518743,2024,010518743,1,9,0,4,4,5,1,0,0,2,0,0,0,0,2,1,6,6,1,39,7,1560,2,6,VAUXHALL GRANDLAND,3,E01003068,0,1
2024421525238,2024,421525238,2,9,0,-1,2,0,0,-1,0,0,0,0,0,0,1,1,-1,6,-1,-1,-1,1499,2,2,VAUXHALL GRANDLAND,-1,-1,0,-1
2024451522841,2024,451522841,2,9,0,-1,19,5,1,-1,0,0,0,0,0,0,1,1,-1,9,2,70,10,1560,2,6,VAUXHALL GRANDLAND,8,E01022778,0,4
2024991487283,2024,991487283,1,9,0,-1,19,7,2,-1,0,0,1,12,7,1,3,1,-1,6,1,68,10,1199,1,4,VAUXHALL GRANDLAND,8,-1,0,1
2024101534910,2024,101534910,2,9,0,-1,4,1,5,-1,0,0,0,0,0,0,2,1,-1,9,1,58,9,1499,2,5,VAUXHALL GRANDLAND,4,E01020832,0,4
2024991495876,2024,991495876,1,9,0,-1,19,5,8,-1,0,2,0,0,0,0,1,1,-1,9,1,26,6,1199,1,5,VAUXHALL GRANDLAND,7,-1,0,2
2024311438991,2024,311438991,2,9,0,-1,3,2,6,-1,0,0,0,0,0,0,2,1,-1,1,2,37,7,1199,1,4,VAUXHALL GRANDLAND,2,E01027942,0,2
2024131418191,2024,131418191,2,9,0,-1,15,2,6,-1,0,2,0,0,0,0,3,1,-1,6,1,77,11,1199,1,3,VAUXHALL GRANDLAND,1,E01010635,0,3
2024052402242,2024,052402242,2,9,0,4,4,1,5,0,0,1,0,0,0,0,2,1,6,6,2,45,7,1199,1,0,VAUXHALL GRANDLAND,6,E01007225,0,1
2024010500051,2024,010500051,2,9,0,18,19,5,1,0,0,1,0,0,0,0,2,1,1,1,1,39,7,1199,1,3,VAUXHALL GRANDLAND,3,E01001830,0,2
2024061464774,2024,061464774,1,9,0,-1,19,2,6,-1,0,0,0,0,0,0,1,9,-1,6,2,-1,-1,1199,1,3,VAUXHALL GRANDLAND,-1,-1,0,-1
2024010547989,2024,010547989,1,9,0,99,99,9,9,99,99,9,9,99,9,99,9,9,6,6,1,38,7,1598,8,1,VAUXHALL GRANDLAND,6,E01004163,0,1
2024231436834,2024,231436834,1,9,0,-1,9,8,2,-1,0,6,0,0,3,0,1,1,-1,6,1,32,6,1199,1,5,VAUXHALL GRANDLAND,10,E01031313,0,1
2024161537661,2024,161537661,1,9,0,-1,19,3,7,-1,0,0,0,0,0,0,3,1,-1,6,2,29,6,1199,1,6,VAUXHALL GRANDLAND,4,E01013211,0,1
2024440071159,2024,440071159,2,9,0,18,19,6,2,0,0,0,0,0,0,0,1,1,6,6,3,-1,-1,1199,1,2,VAUXHALL GRANDLAND,-1,-1,0,-1
2024421422016,2024,421422016,1,9,0,-1,19,-1,-1,-1,0,0,0,0,0,0,1,9,-1,6,3,-1,-1,1199,1,5,VAUXHALL GRANDLAND,-1,-1,0,-1
2024320489815,2024,320489815,2,9,0,-1,-1,5,1,0,0,0,0,0,0,0,3,1,6,6,2,26,6,1199,1,4,VAUXHALL GRANDLAND,2,E01026175,0,2
2024010545942,2024,010545942,1,9,0,99,99,9,9,99,99,9,9,99,9,99,1,9,6,6,1,-1,-1,1199,1,1,VAUXHALL GRANDLAND,-1,-1,0,-1
2024161532254,2024,161532254,1,9,0,-1,4,1,5,-1,0,1,0,0,0,0,1,9,-1,6,1,34,6,1560,2,6,VAUXHALL GRANDLAND,1,E01012842,0,3
2024631514597,2024,631514597,2,9,0,-1,19,1,5,-1,0,0,0,0,0,0,1,1,-1,9,2,26,6,1560,2,6,VAUXHALL GRANDLAND,8,W01000534,0,2
2024991483751,2024,991483751,1,9,0,-1,5,1,7,-1,0,6,0,0,0,0,1,1,-1,1,1,35,6,1199,1,2,VAUXHALL GRANDLAND,-1,-1,0,-1
2024101497841,2024,101497841,1,9,0,-1,19,5,1,-1,9,0,0,0,0,0,4,1,-1,6,2,45,7,1199,1,0,VAUXHALL GRANDLAND,3,E01008576,0,1
2024451439906,2024,451439906,1,9,0,-1,19,3,7,-1,0,0,0,0,0,0,1,1,-1,7,2,34,6,1499,2,2,VAUXHALL GRANDLAND,6,E01030842,0,1
2024543876924,2024,543876924,2,9,0,18,19,3,7,0,0,0,0,0,0,0,1,1,6,6,2,69,10,1199,1,5,VAUXHALL GRANDLAND,5,E01024788,0,5
2024991421211,2024,991421211,1,8,0,-1,1,5,5,-1,0,1,0,0,0,0,2,1,-1,1,1,47,8,1199,1,4,VAUXHALL GRANDLAND,2,-1,0,1
2024531523944,2024,531523944,1,9,0,-1,9,5,1,-1,0,8,0,0,0,0,1,1,-1,6,1,66,10,1199,1,2,VAUXHALL GRANDLAND,2,E01022328,0,1
2024461523182,2024,461523182,1,9,0,-1,19,8,4,-1,0,0,0,4,0,0,1,1,-1,6,2,29,6,1199,1,5,VAUXHALL GRANDLAND,4,E01023986,0,1
2024052402384,2024,052402384,1,9,0,9,9,2,8,0,0,5,0,0,0,0,1,1,6,6,1,32,6,1199,1,6,VAUXHALL GRANDLAND,1,E01034397,0,2
2024231422055,2024,231422055,1,9,0,-1,19,3,7,-1,0,0,0,11,3,0,1,1,-1,6,1,74,10,1499,2,3,VAUXHALL GRANDLAND,8,E01031247,0,1
2024430603359,2024,430603359,1,9,0,9,9,7,5,0,0,6,0,0,0,0,1,1,6,6,1,73,10,1199,1,4,VAUXHALL GRANDLAND,5,E01018069,0,5
2024010537485,2024,010537485,2,9,9,99,99,9,9,99,99,9,9,99,9,99,9,9,6,6,2,42,7,1199,1,3,VAUXHALL GRANDLAND,6,E01002125,0,1
2024070073777,2024,070073777,1,9,0,16,19,2,6,0,0,0,1,0,0,3,1,1,2,2,2,30,6,1199,1,5,VAUXHALL GRANDLAND,9,E01018419,0,3
2024311426575,2024,311426575,2,9,0,-1,2,0,0,-1,0,0,0,0,0,0,3,1,-1,9,2,47,8,1199,1,0,VAUXHALL GRANDLAND,4,E01028239,0,1
2024010546991,2024,010546991,1,9,9,99,99,9,9,99,99,9,9,99,9,99,4,9,6,6,2,42,7,1199,1,1,VAUXHALL GRANDLAND,4,E01001694,0,2
2024141462856,2024,141462856,1,9,0,-1,19,3,7,-1,0,0,0,0,1,0,3,1,-1,6,1,30,6,1499,2,4,VAUXHALL GRANDLAND,4,E01007797,0,2
2024311430500,2024,311430500,1,9,0,-1,5,5,1,-1,0,0,0,0,0,0,3,1,-1,2,1,43,7,1199,1,2,VAUXHALL GRANDLAND,1,E01013849,0,2
2024549129524,2024,549129524,1,5,0,18,19,8,4,0,0,0,0,12,0,0,1,1,6,6,1,60,9,1731,1,10,-1,5,E01032022,0,3
2024041457375,2024,041457375,1,5,0,-1,14,7,3,-1,0,0,2,0,0,0,3,1,-1,9,1,54,8,1731,1,12,-1,1,E01012746,0,2
2024041413053,2024,041413053,1,9,0,-1,19,1,5,-1,0,0,0,0,0,0,1,1,-1,9,1,89,11,1198,1,16,VOLKSWAGEN FOX,6,E01025541,0,2
2024201425249,2024,201425249,1,9,0,-1,19,4,8,-1,0,8,0,0,0,0,3,1,-1,6,2,25,5,1198,1,13,VOLKSWAGEN FOX,8,E01010206,0,1
2024010532446,2024,010532446,3,9,0,18,19,5,1,0,0,4,0,0,0,0,1,1,6,6,2,33,6,1198,1,14,VOLKSWAGEN FOX,-1,-1,0,-1
2024010514284,2024,010514284,2,9,0,99,99,9,9,99,99,0,9,99,9,99,1,9,6,6,3,71,10,1198,1,17,VOLKSWAGEN FOX,5,E01003842,0,1
2024351406688,2024,351406688,1,9,0,-1,19,1,5,-1,0,0,0,0,1,0,1,1,-1,1,2,43,7,1198,1,14,VOLKSWAGEN FOX,8,E01034566,0,3
2024451452967,2024,451452967,2,9,0,-1,2,0,0,-1,0,0,0,0,0,0,2,1,-1,6,-1,-1,-1,1198,1,14,VOLKSWAGEN FOX,-1,-1,0,-1