collision_index,collision_year,collision_ref_no,vehicle_reference,vehicle_type,towing_and_articulation,vehicle_manoeuvre_historic,vehicle_manoeuvre,vehicle_direction_from,vehicle_direction_to,vehicle_location_restricted_lane_historic,vehicle_location_restricted_lane,junction_location,skidding_and_overturning,hit_object_in_carriageway,vehicle_leaving_carriageway,hit_object_off_carriageway,first_point_of_impact,vehicle_left_hand_drive,journey_purpose_of_driver_historic,journey_purpose_of_driver,sex_of_driver,age_of_driver,age_band_of_driver,engine_capacity_cc,propulsion_code,age_of_vehicle,generic_make_model,driver_imd_decile,lsoa_of_driver,escooter_flag,driver_distance_banding
2024411442687,2024,411442687,1,9,0,-1,3,7,3,-1,0,2,0,0,0,0,2,1,-1,6,2,18,4,1198,1,14,VOLKSWAGEN FOX,6,E01000232,0,2
2024061440800,2024,061440800,1,9,0,-1,19,3,7,-1,0,1,0,0,0,0,1,1,-1,9,1,17,4,1198,1,14,VOLKSWAGEN FOX,5,E01004840,0,2
2024430208732,2024,430208732,1,9,0,18,19,2,6,0,0,0,1,0,1,0,4,1,1,1,1,27,6,1198,1,14,VOLKSWAGEN FOX,10,E01016532,0,2
2024421470269,2024,421470269,2,9,0,-1,19,6,2,-1,0,1,1,10,7,0,4,1,-1,9,2,17,4,1198,1,13,VOLKSWAGEN FOX,4,E01021799,0,1
2024031458413,2024,031458413,2,9,0,-1,3,1,5,-1,0,0,0,0,0,0,3,1,-1,6,2,33,6,1198,1,15,VOLKSWAGEN FOX,-1,-1,0,-1
2024471400996,2024,471400996,1,9,0,-1,19,1,5,-1,0,1,0,0,7,0,1,1,-1,9,1,18,4,1198,1,14,VOLKSWAGEN FOX,10,E01031739,0,1
2024131508313,2024,131508313,1,9,0,-1,10,5,7,-1,0,8,0,0,0,0,1,1,-1,2,1,25,5,1198,1,18,VOLKSWAGEN FOX,4,E01011823,0,1
2024332400010,2024,332400010,4,9,0,-1,2,0,0,-1,0,0,0,0,0,0,2,1,-1,6,3,-1,-1,1198,1,16,VOLKSWAGEN FOX,-1,-1,0,-1
2024471430217,2024,471430217,1,9,0,-1,15,5,1,-1,0,0,0,0,0,0,4,1,-1,6,2,58,9,1390,1,16,VOLKSWAGEN FOX,10,E01030463,0,3
2024010532122,2024,010532122,2,9,9,99,99,9,9,0,0,9,9,99,9,99,9,9,6,6,3,-1,-1,1390,1,14,VOLKSWAGEN FOX,-1,-1,0,-1
2024010550216,2024,010550216,2,9,0,3,3,3,7,0,0,0,0,0,0,0,1,1,2,2,1,34,6,1198,1,14,VOLKSWAGEN FOX,7,E01004018,0,2
2024211519808,2024,211519808,1,9,0,-1,5,5,7,-1,0,1,1,0,1,0,4,1,-1,6,1,24,5,1198,1,15,VOLKSWAGEN FOX,2,E01014322,0,1
2024010512202,2024,010512202,2,9,0,2,2,0,0,0,0,2,0,0,0,0,2,1,6,6,3,-1,-1,1198,1,18,VOLKSWAGEN FOX,-1,-1,0,-1
2024311492581,2024,311492581,1,9,0,-1,13,6,2,-1,0,0,0,0,0,0,1,1,-1,6,1,18,4,1198,1,15,VOLKSWAGEN FOX,10,E01025761,0,2
2024421507320,2024,421507320,1,9,-1,-1,5,-1,-1,-1,0,0,0,0,0,0,3,9,-1,6,2,20,4,1198,1,14,VOLKSWAGEN FOX,7,E01015946,0,1
2024031406220,2024,031406220,1,9,0,-1,7,6,1,-1,0,0,1,0,7,10,3,1,-1,9,2,18,4,1198,1,17,VOLKSWAGEN FOX,3,E01019221,0,2
2024361450095,2024,361450095,1,9,0,-1,19,5,7,-1,0,0,0,0,1,0,3,1,-1,9,1,18,4,1198,1,17,VOLKSWAGEN FOX,4,E01026884,0,3
2024010540113,2024,010540113,3,9,0,99,99,9,9,99,99,9,9,99,9,99,2,9,6,6,1,25,5,1198,1,17,VOLKSWAGEN FOX,1,E01002904,0,1
2024320645761,2024,320645761,2,9,0,-1,-1,6,2,0,0,8,1,0,1,0,1,1,-1,-1,2,22,5,1198,1,15,VOLKSWAGEN FOX,4,E01026178,0,3
2024061525224,2024,061525224,2,9,0,-1,19,1,5,-1,0,8,0,0,0,0,1,1,-1,9,1,68,10,1198,1,14,VOLKSWAGEN FOX,1,E01005559,0,1
2024041517459,2024,041517459,1,9,0,-1,9,3,7,-1,0,8,0,0,0,0,1,1,-1,9,2,26,6,1198,1,16,VOLKSWAGEN FOX,2,E01004838,0,3
2024101427265,2024,101427265,1,9,0,-1,5,5,1,-1,0,0,0,0,0,0,1,1,-1,6,2,35,6,1390,1,18,VOLKSWAGEN FOX,2,E01008491,0,1
2024031529890,2024,031529890,1,9,0,-1,19,6,4,-1,0,0,1,0,1,0,1,1,-1,6,1,18,4,1198,1,15,VOLKSWAGEN FOX,-1,-1,0,-1
2024031433737,2024,031433737,1,9,0,-1,4,7,3,-1,0,0,1,0,0,0,1,1,-1,2,1,40,7,1198,1,13,VOLKSWAGEN FOX,7,E01034071,0,2
2024631453354,2024,631453354,1,9,0,-1,19,2,6,-1,0,0,5,0,1,3,1,1,-1,9,1,62,9,1198,1,18,VOLKSWAGEN FOX,6,W01000574,0,1
2024311403664,2024,311403664,2,9,0,-1,-1,-1,-1,-1,0,0,0,0,0,0,-1,1,-1,6,2,24,5,1198,1,17,VOLKSWAGEN FOX,10,E01028128,0,2
2024371407204,2024,371407204,2,9,0,-1,2,5,1,-1,0,0,0,0,0,0,2,1,-1,2,2,18,4,1198,1,13,VOLKSWAGEN FOX,4,E01026695,0,4
2024131450812,2024,131450812,1,9,0,-1,9,3,7,-1,0,1,0,0,0,0,1,1,-1,9,1,39,7,1198,1,15,VOLKSWAGEN FOX,3,E01010629,0,1
2024221477804,2024,221477804,2,9,0,-1,4,5,1,-1,0,0,0,0,0,0,2,1,-1,6,2,75,10,1198,1,16,VOLKSWAGEN FOX,10,W01000385,0,5
2024991414767,2024,991414767,1,9,0,-1,9,5,3,-1,0,1,0,0,0,0,1,1,-1,6,2,19,4,1198,1,18,VOLKSWAGEN FOX,8,-1,0,2
2024531416392,2024,531416392,1,9,0,-1,9,3,1,-1,0,0,0,0,0,0,1,1,-1,6,2,69,10,1198,1,17,VOLKSWAGEN FOX,6,E01022400,0,1
2024520402792,2024,520402792,2,9,0,2,2,0,0,0,0,0,0,0,0,0,3,1,6,6,3,-1,-1,1198,1,13,VOLKSWAGEN FOX,-1,-1,0,-1
2024631397363,2024,631397363,2,9,0,-1,19,6,2,-1,0,0,0,0,0,0,1,1,-1,6,1,45,7,1198,1,18,VOLKSWAGEN FOX,7,W01000623,0,2
2024320215892,2024,320215892,1,9,0,-1,-1,7,3,0,0,0,0,0,0,0,1,1,6,6,1,30,6,2967,2,10,AUDI A7,4,E01026034,0,2
2024440256691,2024,440256691,5,9,0,4,4,3,7,0,0,0,0,0,0,0,1,1,6,6,1,31,6,2967,2,13,AUDI A7,8,E01017215,0,4
2024010500124,2024,010500124,2,9,0,18,19,2,6,0,0,8,0,0,0,0,1,1,6,6,2,36,7,2967,2,8,AUDI A7,4,E01033929,0,1
2024501505873,2024,501505873,1,9,0,-1,19,3,7,-1,0,0,0,0,0,0,4,1,-1,9,1,78,11,2967,2,10,AUDI A7,1,E01015030,0,1
2024010538730,2024,010538730,2,9,0,18,19,3,7,0,0,6,0,0,0,0,2,1,6,6,3,24,5,2967,2,6,AUDI A7,5,E01003690,0,2
2024201525715,2024,201525715,1,9,0,-1,19,4,8,-1,0,1,0,0,0,0,1,9,-1,6,1,24,5,1968,2,3,AUDI A7,-1,-1,0,-1
2024471468373,2024,471468373,2,9,0,-1,19,5,1,-1,0,1,1,0,0,0,1,1,-1,1,1,24,5,2967,2,9,AUDI A7,7,E01031792,0,1
2024231406834,2024,231406834,2,9,0,-1,13,5,1,-1,0,8,1,0,0,0,3,9,-1,2,1,42,7,2967,2,8,AUDI A7,8,E01031162,0,3
2024451487027,2024,451487027,2,9,0,-1,19,5,1,-1,0,4,0,0,0,0,1,9,-1,6,1,20,4,2995,1,6,AUDI A7,-1,-1,0,-1
2024401423107,2024,401423107,1,9,0,-1,3,1,5,-1,0,1,0,0,0,0,1,1,-1,6,1,43,7,2967,2,12,AUDI A7,8,E01034433,0,1
2024131410372,2024,131410372,2,9,0,-1,19,1,5,-1,0,8,0,0,0,0,1,1,-1,6,1,36,7,2967,2,8,AUDI A7,2,E01014659,0,5
2024131512876,2024,131512876,1,9,0,-1,19,6,2,-1,0,0,0,0,1,11,1,1,-1,6,1,24,5,2967,2,8,AUDI A7,1,E01011474,0,2
2024501412520,2024,501412520,3,9,0,-1,3,6,7,-1,0,0,0,0,0,0,2,1,-1,1,1,49,8,2995,1,3,AUDI A7,7,E01034520,0,5
2024471418900,2024,471418900,1,9,0,-1,7,7,1,-1,0,1,0,0,0,0,1,1,-1,6,1,-1,-1,2967,2,12,AUDI A7,-1,-1,0,-1
2024141428294,2024,141428294,1,9,0,-1,3,5,1,-1,0,3,0,0,0,0,2,1,-1,6,2,39,7,2967,2,13,AUDI A7,6,E01007560,0,2
2024320034985,2024,320034985,1,9,0,-1,-1,8,4,0,0,6,0,0,0,0,1,1,-1,-1,2,60,9,2967,2,10,AUDI A7,-1,-1,0,-1
2024131459299,2024,131459299,1,9,0,-1,9,3,7,-1,0,8,0,0,1,0,3,1,-1,7,2,40,7,1968,2,3,AUDI A7,1,E01010840,0,1
2024010536846,2024,010536846,1,9,0,3,3,5,1,2,2,0,0,0,0,0,4,1,2,2,1,27,6,2995,1,8,AUDI A7,2,E01002778,0,1
2024401506831,2024,401506831,4,9,-1,-1,-1,-1,-1,-1,-1,0,-1,-1,-1,0,-1,9,-1,6,1,-1,-1,2967,2,8,AUDI A7,-1,-1,0,-1
2024061514573,2024,061514573,2,9,0,-1,19,3,5,-1,0,8,0,0,0,0,3,1,-1,9,2,36,7,1968,2,5,AUDI A7,2,E01005326,0,1
2024201467519,2024,201467519,1,9,0,-1,11,8,4,-1,0,0,0,0,0,0,2,1,-1,6,1,-1,-1,2967,2,9,AUDI A7,-1,-1,0,-1
2024010549736,2024,010549736,3,9,0,2,2,0,0,0,0,1,0,0,0,0,3,1,6,6,3,-1,-1,2967,2,9,AUDI A7,-1,-1,0,-1
2024010529803,2024,010529803,1,9,0,4,4,7,3,0,0,0,0,0,0,0,1,1,6,6,1,32,6,2995,1,14,AUDI A7,5,E01000158,0,1
2024041445634,2024,041445634,1,9,0,-1,19,3,7,-1,0,8,0,0,0,0,1,1,-1,6,1,34,6,2967,2,12,AUDI A7,1,E01025041,0,2
2024010532249,2024,010532249,1,9,0,18,19,7,3,0,0,0,0,0,0,0,1,1,6,6,1,45,7,2967,2,6,AUDI A7,4,E01001586,0,1
2024201431627,2024,201431627,1,9,0,-1,19,5,8,-1,0,4,0,0,0,0,1,1,-1,6,1,55,8,2967,2,11,AUDI A7,8,E01009671,0,1
2024010515773,2024,010515773,1,9,0,18,19,5,1,0,0,8,0,0,0,0,1,1,6,6,1,34,6,2967,2,8,AUDI A7,7,E01015969,0,4
2024522402700,2024,522402700,2,9,0,9,9,5,2,0,0,6,0,0,0,0,1,1,6,6,2,43,7,2967,2,10,AUDI A7,2,E01014685,0,2
2024991420850,2024,991420850,2,9,0,-1,3,4,8,-1,0,0,0,0,0,0,2,1,-1,6,1,37,7,2967,2,11,AUDI A7,3,-1,0,1
2024421464345,2024,421464345,2,9,0,-1,19,7,3,-1,0,0,1,0,0,0,3,1,-1,9,1,30,6,2967,2,8,AUDI A7,2,E01002316,0,2
2024340WN4962,2024,340WN4962,3,9,0,-1,3,4,8,-1,0,0,0,0,0,0,2,1,-1,2,2,33,6,2967,2,11,AUDI A7,2,E01027229,0,1
2024010508838,2024,010508838,2,9,0,18,19,5,1,0,0,2,0,0,7,7,1,1,6,6,1,32,6,1984,1,5,AUDI A7,6,E01001527,0,2
202454F085224,2024,54F085224,2,9,0,18,19,2,6,0,0,8,0,0,0,0,4,1,6,6,1,26,6,2967,2,11,AUDI A7,6,E01032114,0,1
2024451411164,2024,451411164,1,9,0,-1,19,7,3,-1,0,0,0,0,0,0,1,1,-1,9,1,31,6,2967,2,9,AUDI A7,3,E01001011,0,3
2024320277966,2024,320277966,1,9,0,-1,-1,1,5,0,0,8,0,0,7,1,1,1,-1,-1,2,39,7,2967,2,5,AUDI A7,4,E01026259,0,1
2024101497060,2024,101497060,1,9,0,-1,19,5,5,-1,0,0,0,4,0,0,2,1,-1,6,1,40,7,2967,2,10,AUDI A7,-1,-1,0,-1
2024991512122,2024,991512122,2,9,0,-1,2,0,0,-1,0,0,0,0,0,0,1,1,-1,9,1,38,7,2967,2,7,AUDI A7,3,-1,0,2
2024052400942,2024,052400942,2,9,0,18,19,1,5,0,0,0,1,0,4,7,2,1,2,2,1,41,7,2967,2,9,AUDI A7,1,E01006450,0,1
2024201446207,2024,201446207,2,9,0,-1,1,3,3,-1,0,5,0,4,0,0,2,1,-1,6,1,27,6,1968,2,5,AUDI A7,-1,-1,0,-1
2024311397921,2024,311397921,2,9,0,-1,4,1,5,-1,0,0,0,0,0,0,1,1,-1,6,1,30,6,2967,2,11,AUDI A7,9,E01025886,0,4
2024440510975,2024,440510975,2,9,0,4,4,5,1,0,0,6,0,0,0,0,1,1,6,6,1,48,8,2967,2,6,AUDI A7,5,E01015301,0,3
2024010520209,2024,010520209,2,9,0,18,19,5,1,0,0,8,0,0,0,0,1,1,6,6,1,29,6,2967,2,8,AUDI A7,7,E01004626,0,1
2024522402295,2024,522402295,1,9,0,18,19,7,3,0,0,0,0,0,0,0,3,1,6,6,1,35,6,2967,2,8,AUDI A7,3,E01014673,0,2
2024201513780,2024,201513780,1,9,0,-1,19,7,3,-1,0,8,0,0,0,0,2,1,-1,6,1,-1,-1,2967,2,12,AUDI A7,-1,-1,0,-1
2024201495465,2024,201495465,1,9,0,-1,19,1,4,-1,0,0,2,0,0,0,1,1,-1,6,1,34,6,2967,2,7,AUDI A7,5,E01033565,0,1
2024461413440,2024,461413440,2,9,0,-1,4,1,5,-1,0,0,0,0,0,0,2,9,-1,6,2,28,6,2967,2,8,AUDI A7,8,E01024203,0,2
2024361469895,2024,361469895,3,9,0,-1,4,7,3,-1,0,0,0,0,0,0,2,2,-1,2,1,40,7,2967,2,8,AUDI A7,1,E01026848,0,1
2024520401889,2024,520401889,2,9,0,18,19,3,7,0,0,8,0,0,0,0,1,1,6,6,1,32,6,2967,2,13,AUDI A7,7,E01029063,0,1
2024421525481,2024,421525481,1,9,0,-1,1,3,7,-1,0,0,0,0,0,0,2,1,-1,9,1,45,7,1968,2,4,AUDI A7,10,E01021600,0,1
2024052401895,2024,052401895,1,9,0,9,9,2,7,0,0,6,0,0,0,0,0,1,6,6,1,25,5,1968,2,0,AUDI A7,8,E01006921,0,1
2024101420802,2024,101420802,2,9,0,-1,19,7,3,-1,0,1,0,0,0,0,1,1,-1,6,1,35,6,1984,1,4,AUDI A7,4,E01027529,0,4
2024010536850,2024,010536850,1,3,0,18,19,6,2,0,0,8,0,0,0,0,1,1,2,2,1,44,7,124,1,13,-1,3,E01004036,0,3
2024161491004,2024,161491004,2,3,0,-1,19,2,6,-1,0,1,1,0,0,0,1,1,-1,6,1,16,4,124,1,13,-1,1,E01013298,0,1
2024548916924,2024,548916924,1,9,0,18,19,7,3,0,0,1,0,0,1,11,1,1,6,6,1,54,8,-1,3,3,FORD MUSTANG MACH-E,6,E01015574,0,1
2024010551765,2024,010551765,1,9,0,18,19,7,3,0,0,6,0,0,0,0,4,1,1,1,1,37,7,-1,3,2,FORD MUSTANG MACH-E,3,E01021821,0,4
2024411463490,2024,411463490,1,9,0,-1,19,3,7,-1,0,5,1,0,1,0,4,1,-1,9,1,35,6,-1,3,3,FORD MUSTANG MACH-E,4,E01033826,0,4
2024430284680,2024,430284680,1,9,0,18,19,5,1,0,0,8,0,0,3,4,1,1,6,6,1,40,7,-1,3,0,FORD MUSTANG MACH-E,-1,-1,0,-1
2024201506044,2024,201506044,2,9,0,-1,19,5,1,-1,0,8,0,0,0,0,3,9,-1,6,2,32,6,-1,3,3,FORD MUSTANG MACH-E,2,E01009022,0,1
2024010499404,2024,010499404,1,9,0,99,99,9,9,99,99,9,9,99,9,99,9,9,2,2,1,41,7,-1,3,2,FORD MUSTANG MACH-E,2,E01000661,0,1
2024332400858,2024,332400858,1,9,0,-1,5,4,8,-1,0,0,0,0,0,0,1,1,-1,6,3,-1,-1,-1,3,0,FORD MUSTANG MACH-E,-1,-1,0,-1
2024991445594,2024,991445594,1,9,0,-1,9,6,3,-1,0,6,0,0,0,0,1,1,-1,9,1,44,7,-1,3,0,FORD MUSTANG MACH-E,6,-1,0,2
2024010541172,2024,010541172,1,3,0,-1,-1,5,1,0,0,2,0,0,0,0,1,1,6,6,1,32,6,-1,3,0,FORD MUSTANG MACH-E,2,E01003558,0,1
2024546964624,2024,546964624,2,9,0,4,4,8,4,0,0,0,0,0,0,0,2,1,6,6,1,52,8,-1,3,1,FORD MUSTANG MACH-E,7,E01033844,0,1
2024010552584,2024,010552584,1,9,0,99,99,9,9,99,99,9,9,99,9,99,1,1,6,6,3,-1,-1,-1,3,1,FORD MUSTANG MACH-E,-1,-1,0,-1
2024440214197,2024,440214197,1,9,0,5,5,5,1,0,0,8,2,0,0,0,4,1,6,6,2,38,7,-1,3,2,FORD MUSTANG MACH-E,8,E01022765,0,1
2024320741197,2024,320741197,1,9,0,-1,-1,6,2,0,0,2,1,0,3,9,1,1,-1,-1,1,36,7,-1,3,1,FORD MUSTANG MACH-E,9,E01013707,0,4
2024052402291,2024,052402291,2,9,0,18,19,5,1,0,0,8,0,0,0,0,0,1,6,6,3,-1,-1,-1,3,2,FORD MUSTANG MACH-E,-1,-1,0,-1
2024371529745,2024,371529745,1,9,0,-1,19,6,2,-1,0,1,0,0,0,0,1,1,-1,2,2,27,6,-1,3,0,FORD MUSTANG MACH-E,9,E01033445,0,3
2024070468394,2024,070468394,2,9,0,2,2,0,0,0,0,0,0,4,0,0,3,1,6,6,3,-1,-1,-1,3,0,FORD MUSTANG MACH-E,-1,-1,0,-1
2024332401005,2024,332401005,4,9,0,-1,2,0,0,-1,9,0,0,0,0,0,4,1,-1,6,3,-1,-1,-1,3,1,FORD MUSTANG MACH-E,-1,-1,0,-1
202417M313024,2024,17M313024,1,9,0,-1,3,8,4,-1,0,2,0,0,0,0,2,1,-1,9,1,35,6,-1,3,2,FORD MUSTANG MACH-E,3,E01012034,0,1
2024332400801,2024,332400801,2,9,0,-1,5,6,2,-1,0,1,0,0,0,0,2,1,-1,9,1,52,8,1598,3,0,FORD MUSTANG MACH-E,9,E01025634,0,2
2024231462940,2024,231462940,1,9,0,-1,10,1,7,-1,0,0,0,0,0,0,9,1,-1,6,1,64,9,-1,3,3,FORD MUSTANG MACH-E,6,E01010133,0,3
2024531466377,2024,531466377,1,9,0,-1,9,8,4,-1,0,4,0,0,0,0,1,1,-1,6,2,-1,-1,-1,3,0,FORD MUSTANG MACH-E,-1,-1,0,-1
2024471519950,2024,471519950,1,9,0,-1,13,7,3,-1,0,1,0,0,1,11,1,1,-1,7,1,40,7,-1,3,2,FORD MUSTANG MACH-E,7,E01031543,0,1
2024401489511,2024,401489511,1,9,0,-1,19,5,1,-1,9,0,0,0,0,0,1,1,-1,9,1,54,8,-1,3,1,FORD MUSTANG MACH-E,5,E01034428,0,2
2024201509333,2024,201509333,1,9,0,-1,19,4,8,-1,0,1,0,0,0,0,2,1,-1,6,1,47,8,-1,3,0,FORD MUSTANG MACH-E,2,E01010439,0,1
2024401490638,2024,401490638,1,9,0,-1,1,1,5,-1,9,0,0,0,7,2,4,1,-1,9,2,26,6,-1,3,1,FORD MUSTANG MACH-E,3,E01015731,0,1
2024531439328,2024,531439328,1,9,0,-1,19,4,2,-1,0,8,0,0,0,0,1,1,-1,9,2,34,6,-1,3,2,FORD MUSTANG MACH-E,9,E01022453,0,2
2024440485042,2024,440485042,3,9,0,18,19,8,4,0,0,0,0,0,0,0,2,1,6,6,1,27,6,-1,3,3,FORD MUSTANG MACH-E,10,E01022519,0,3
2024401476479,2024,401476479,1,9,0,-1,5,6,2,-1,0,0,0,0,1,0,1,1,-1,6,1,27,6,-1,3,0,FORD MUSTANG MACH-E,7,E01015719,0,2
2024010548711,2024,010548711,1,9,0,99,99,9,9,99,99,9,9,99,9,99,2,9,6,6,2,45,7,-1,3,0,FORD MUSTANG MACH-E,2,E01001441,0,1
2024411469216,2024,411469216,2,9,0,-1,5,4,8,-1,0,2,0,0,0,0,3,1,-1,6,1,58,9,-1,3,2,FORD MUSTANG MACH-E,8,E01035609,0,1
2024010529411,2024,010529411,1,9,0,5,5,5,1,0,0,1,0,0,0,0,1,1,6,6,1,36,7,-1,3,3,FORD MUSTANG MACH-E,7,E01004138,0,2
2024552401046,2024,552401046,1,9,0,7,7,7,2,0,0,6,0,0,0,0,3,1,6,6,1,57,9,-1,3,0,FORD MUSTANG MACH-E,10,E01020406,0,1
2024061423858,2024,061423858,1,9,0,-1,7,1,3,-1,0,8,0,0,0,0,3,1,-1,9,1,30,6,-1,3,1,FORD MUSTANG MACH-E,2,E01006380,0,4
2024471475270,2024,471475270,2,9,0,-1,7,3,6,-1,0,4,0,0,0,0,3,1,-1,1,1,28,6,-1,3,3,FORD MUSTANG MACH-E,9,E01022920,0,3
2024010544302,2024,010544302,3,9,0,4,4,2,6,0,0,0,0,0,0,0,1,1,1,1,1,27,6,-1,3,2,FORD MUSTANG MACH-E,6,E01030310,0,4
2024010535070,2024,010535070,2,9,0,11,11,9,9,99,99,9,9,99,9,99,9,9,6,6,3,-1,-1,-1,3,0,FORD MUSTANG MACH-E,-1,-1,0,-1
2024522403112,2024,522403112,3,9,0,18,19,7,3,0,0,8,0,0,0,0,3,1,6,6,1,45,7,-1,3,2,FORD MUSTANG MACH-E,7,E01035218,0,2
2024201501091,2024,201501091,1,9,0,-1,9,5,3,-1,0,5,0,0,0,0,1,1,-1,6,1,30,6,-1,3,0,FORD MUSTANG MACH-E,-1,-1,0,-1
2024451417686,2024,451417686,1,9,0,-1,5,3,3,-1,0,0,0,0,0,0,1,1,-1,2,1,56,9,-1,3,1,FORD MUSTANG MACH-E,9,E01030885,0,1
2024031487172,2024,031487172,1,2,0,-1,19,5,1,-1,0,1,0,0,0,0,1,1,-1,1,1,16,4,49,1,10,-1,-1,-1,0,-1
2024211468993,2024,211468993,1,3,0,-1,19,5,1,-1,0,1,0,0,0,0,4,1,-1,9,2,59,9,125,1,1,-1,10,E01014182,0,4
2024211498370,2024,211498370,1,3,0,-1,19,3,3,-1,0,0,1,0,0,0,1,1,-1,9,1,51,8,125,1,1,-1,1,E01014237,0,2
2024131458435,2024,131458435,2,3,0,-1,4,5,7,-1,0,8,1,0,0,0,0,1,-1,6,1,20,4,125,1,0,-1,9,E01011271,0,1
2024461401617,2024,461401617,2,3,0,-1,19,1,5,-1,0,1,0,0,0,0,3,1,-1,6,1,49,8,125,1,0,-1,8,E01002300,0,3
2024320672706,2024,320672706,2,3,0,-1,-1,6,2,0,0,8,2,0,0,0,1,1,-1,-1,1,28,6,125,1,0,-1,7,E01032989,0,1
2024320251841,2024,320251841,1,9,0,-1,-1,7,3,0,0,1,0,0,0,0,4,1,-1,-1,1,56,9,-1,3,2,KIA EV6,5,E01026410,0,3
2024052402612,2024,052402612,2,9,0,18,19,2,6,0,0,8,0,0,0,0,4,1,1,1,1,29,6,-1,3,0,KIA EV6,6,E01007045,0,1
2024010542916,2024,010542916,1,8,0,5,5,0,3,0,0,2,0,4,0,0,1,1,1,1,1,46,8,-1,3,0,KIA EV6,2,E01004312,0,2
2024010541832,2024,010541832,1,9,0,9,9,1,6,0,0,2,0,0,0,0,1,1,6,6,2,75,10,-1,3,1,KIA EV6,6,E01002473,0,1
2024010506796,2024,010506796,1,9,0,3,3,3,7,0,0,1,0,0,0,0,4,1,6,6,1,32,6,-1,3,0,KIA EV6,5,E01000144,0,2
2024991437630,2024,991437630,1,9,0,-1,19,3,7,-1,0,8,0,0,0,0,1,9,-1,2,1,42,7,-1,3,0,KIA EV6,-1,-1,0,-1
2024471418802,2024,471418802,1,9,0,-1,19,5,1,-1,0,0,0,0,0,0,1,1,-1,6,1,65,9,-1,3,2,KIA EV6,10,E01031715,0,1
2024010500997,2024,010500997,2,9,0,99,99,9,9,99,99,9,9,99,9,99,1,9,6,6,1,55,8,-1,3,1,KIA EV6,6,E01004521,0,2
2024122400846,2024,122400846,1,9,0,9,9,1,7,0,0,6,0,0,0,0,1,1,6,6,1,31,6,-1,3,0,KIA EV6,10,E01013436,0,1
2024031472731,2024,031472731,2,9,0,-1,15,7,5,-1,0,1,0,0,0,0,4,9,-1,9,1,39,7,-1,3,0,KIA EV6,9,E01022082,0,5
2024461459979,2024,461459979,2,9,0,-1,3,8,4,-1,0,0,0,0,0,0,2,1,-1,2,1,49,8,-1,3,1,KIA EV6,-1,-1,0,-1
2024052400690,2024,052400690,1,9,0,18,19,5,1,0,0,0,0,0,0,0,1,1,1,1,1,32,6,-1,3,0,KIA EV6,7,E01007301,0,2
2024010548953,2024,010548953,2,9,0,16,19,1,5,0,0,2,0,0,0,0,1,1,2,2,1,56,9,-1,3,0,KIA EV6,4,E01001478,0,3
2024141457323,2024,141457323,2,9,0,-1,13,1,5,-1,0,0,0,0,0,0,1,9,-1,9,1,57,9,-1,3,0,KIA EV6,6,E01008134,0,1
2024531482475,2024,531482475,2,9,4,-1,19,1,5,-1,0,0,0,0,0,0,1,1,-1,9,2,49,8,-1,3,2,KIA EV6,10,E01032973,0,5
2024302400333,2024,302400333,1,9,0,7,7,6,8,0,0,4,0,0,0,0,1,1,6,6,1,47,8,-1,3,2,KIA EV6,10,E01019833,0,2
2024010533134,2024,010533134,1,9,0,10,10,1,6,0,0,1,0,0,0,0,4,1,6,6,1,49,8,-1,3,0,KIA EV6,-1,-1,0,-1
2024141426009,2024,141426009,3,9,0,-1,19,6,1,-1,0,0,0,0,0,0,0,9,-1,6,1,35,6,-1,3,1,KIA EV6,-1,-1,0,-1
2024211439189,2024,211439189,1,9,0,-1,19,2,4,-1,0,0,0,0,0,0,4,9,-1,2,1,44,7,-1,3,1,KIA EV6,5,E01029374,0,1
2024010501556,2024,010501556,3,9,0,2,2,0,0,0,0,0,0,0,0,0,1,1,6,6,3,-1,-1,-1,3,2,KIA EV6,-1,-1,0,-1
2024010503683,2024,010503683,2,8,0,18,19,1,5,0,0,8,0,0,0,0,1,1,1,1,1,55,8,-1,3,3,KIA EV6,3,E01016456,0,4
2024221482132,2024,221482132,2,9,0,-1,19,2,6,-1,0,8,0,0,7,1,1,1,-1,2,1,34,6,-1,3,2,KIA EV6,-1,-1,0,-1
2024543515524,2024,543515524,1,9,0,18,19,3,7,0,0,0,0,0,0,0,1,1,2,2,1,53,8,-1,3,2,KIA EV6,8,E01029113,0,4
2024440150479,2024,440150479,1,9,0,18,19,5,1,0,0,3,1,10,1,4,3,1,6,6,1,46,8,-1,3,1,KIA EV6,10,E01022892,0,1
2024010539561,2024,010539561,1,9,0,13,13,3,7,0,0,3,0,0,0,0,3,1,6,6,3,24,5,-1,3,1,KIA EV6,-1,-1,0,-1
2024010544481,2024,010544481,1,9,0,99,99,9,9,99,99,9,9,99,9,99,2,1,1,1,2,39,7,-1,3,0,KIA EV6,3,E01000100,0,3
2024311436753,2024,311436753,1,9,0,-1,3,7,1,-1,0,0,0,0,0,0,1,9,-1,6,1,-1,-1,-1,3,1,KIA EV6,-1,-1,0,-1
2024010536973,2024,010536973,2,9,0,9,9,3,1,0,0,6,0,0,0,0,3,1,6,6,1,44,7,-1,3,0,KIA EV6,2,E01002029,0,2
2024010531264,2024,010531264,1,9,0,9,9,5,2,0,0,5,0,0,0,0,3,1,6,6,1,45,7,-1,3,0,KIA EV6,5,E01003714,0,3
2024430564238,2024,430564238,2,9,0,5,5,4,8,0,0,0,0,0,0,0,2,1,2,2,1,33,6,-1,3,2,KIA EV6,-1,-1,0,-1