collision_index,collision_year,collision_ref_no,vehicle_reference,vehicle_type,towing_and_articulation,vehicle_manoeuvre_historic,vehicle_manoeuvre,vehicle_direction_from,vehicle_direction_to,vehicle_location_restricted_lane_historic,vehicle_location_restricted_lane,junction_location,skidding_and_overturning,hit_object_in_carriageway,vehicle_leaving_carriageway,hit_object_off_carriageway,first_point_of_impact,vehicle_left_hand_drive,journey_purpose_of_driver_historic,journey_purpose_of_driver,sex_of_driver,age_of_driver,age_band_of_driver,engine_capacity_cc,propulsion_code,age_of_vehicle,generic_make_model,driver_imd_decile,lsoa_of_driver,escooter_flag,driver_distance_banding
2024421519528,2024,421519528,1,9,0,-1,19,1,5,-1,0,0,1,0,1,0,1,1,-1,9,1,53,8,-1,3,0,KIA EV6,9,E01002155,0,4
2024461474017,2024,461474017,1,9,0,-1,9,1,7,-1,0,8,0,0,0,0,4,1,-1,8,1,30,6,-1,3,1,KIA EV6,-1,-1,0,-1
2024131453090,2024,131453090,1,9,0,-1,19,5,1,-1,0,8,0,0,0,0,3,1,-1,1,1,51,8,-1,3,1,KIA EV6,7,E01027684,0,1
2024501409520,2024,501409520,1,9,0,-1,19,3,7,-1,0,1,0,0,0,0,1,1,-1,9,1,61,9,-1,3,1,KIA EV6,6,E01018824,0,1
2024070540057,2024,070540057,1,9,0,14,14,5,1,0,0,8,0,0,0,10,4,1,1,1,1,25,5,-1,3,0,KIA EV6,-1,-1,0,-1
2024351406698,2024,351406698,3,9,0,-1,19,3,7,-1,0,0,1,0,7,0,1,1,-1,2,1,37,7,-1,3,0,KIA EV6,6,E01034443,0,2
2024411455201,2024,411455201,2,9,-1,-1,3,2,-1,-1,0,4,1,0,0,0,2,9,-1,2,1,42,7,-1,3,1,KIA EV6,8,E01000256,0,3
2024351460938,2024,351460938,1,9,0,-1,7,5,7,-1,0,6,0,0,0,0,1,1,-1,6,2,30,6,-1,3,2,KIA EV6,3,E01035552,0,2
2024070852886,2024,070852886,1,9,0,-1,19,2,6,-1,0,0,2,10,7,10,4,1,-1,8,1,39,7,-1,3,0,KIA EV6,6,E01018679,0,3
2024201517212,2024,201517212,2,9,0,-1,19,1,2,-1,0,4,0,0,0,0,3,1,-1,6,1,38,7,-1,3,1,KIA EV6,6,E01010081,0,1
2024041534161,2024,041534161,2,9,0,-1,19,3,7,-1,0,0,0,0,1,0,4,1,-1,6,1,66,10,-1,3,1,KIA EV6,6,E01025144,0,1
2024010523101,2024,010523101,2,8,0,99,99,9,9,99,99,9,0,99,9,99,9,1,6,6,1,41,7,-1,3,2,KIA EV6,6,E01001962,0,2
2024052402041,2024,052402041,1,9,0,5,5,4,8,0,0,1,0,0,0,0,1,1,6,6,1,44,7,-1,3,0,KIA EV6,8,E01007023,0,1
2024201510835,2024,201510835,2,9,0,-1,4,6,2,-1,0,0,0,0,1,0,2,1,-1,6,1,54,8,-1,3,0,KIA EV6,7,E01031213,0,3
2024010527611,2024,010527611,1,9,0,18,19,1,5,0,0,0,0,0,0,0,2,1,1,1,1,44,7,-1,3,0,KIA EV6,8,E01023872,0,4
2024430249398,2024,430249398,1,9,0,18,19,2,6,0,0,0,0,0,1,4,1,1,6,6,1,60,9,-1,3,1,KIA EV6,10,E01016253,0,2
2024010526558,2024,010526558,3,9,0,9,9,1,7,0,0,5,0,0,0,0,0,1,1,1,1,48,8,-1,3,0,KIA EV6,4,E01017905,0,4
2024351524869,2024,351524869,1,9,0,-1,5,5,1,-1,0,3,0,0,0,0,1,1,-1,2,1,75,10,-1,3,2,KIA EV6,9,E01018039,0,3
2024010505881,2024,010505881,2,9,0,18,19,3,7,0,0,1,0,0,0,0,3,1,6,6,2,49,8,-1,3,1,KIA EV6,9,E01000282,0,1
2024010521756,2024,010521756,1,9,0,18,19,5,1,0,0,1,0,0,0,0,3,1,6,6,1,50,8,-1,3,2,KIA EV6,4,E01002070,0,1
2024010527290,2024,010527290,1,8,0,99,99,9,9,99,99,0,9,99,9,99,2,9,1,1,1,44,7,-1,3,0,KIA EV6,3,E01000405,0,3
2024991455947,2024,991455947,2,9,0,-1,19,6,2,-1,0,0,0,0,0,0,1,1,-1,6,1,41,7,1399,1,13,KIA RIO,-1,-1,0,-1
2024221400316,2024,221400316,2,9,0,-1,4,8,5,-1,0,0,0,0,0,0,2,9,-1,2,1,27,6,1368,1,6,KIA RIO,7,E01028889,0,3
2024131529754,2024,131529754,2,9,0,-1,19,1,5,-1,0,0,0,0,0,0,2,1,-1,9,2,47,8,1396,2,12,KIA RIO,1,E01011472,0,1
2024371472065,2024,371472065,1,9,0,-1,9,5,1,-1,0,8,0,0,0,0,0,1,-1,9,2,65,9,1368,1,6,KIA RIO,5,E01030275,0,1
2024552400620,2024,552400620,1,9,0,18,19,6,2,0,0,0,0,0,0,0,1,1,6,6,1,22,5,1493,2,14,KIA RIO,7,E01029227,0,4
2024041444964,2024,041444964,2,9,0,-1,19,2,4,-1,0,1,0,0,0,0,2,1,-1,9,1,64,9,1248,1,13,KIA RIO,1,E01012624,0,1
2024320176966,2024,320176966,2,9,0,-1,-1,8,4,0,0,8,0,0,0,0,1,1,-1,-1,1,30,6,1399,1,14,KIA RIO,5,E01011748,0,4
2024991399441,2024,991399441,1,9,0,-1,19,4,8,-1,0,0,0,0,0,0,1,1,-1,9,2,68,10,1197,1,3,KIA RIO,9,-1,0,4
2024461460208,2024,461460208,1,9,0,-1,19,6,2,-1,0,1,0,0,0,0,4,1,-1,9,1,21,5,1396,1,13,KIA RIO,2,E01024019,0,1
2024461492683,2024,461492683,2,9,0,-1,19,7,3,-1,0,0,0,0,0,0,1,1,-1,9,1,21,5,1399,1,13,KIA RIO,4,E01024640,0,2
2024041497749,2024,041497749,2,9,0,-1,3,5,1,-1,0,8,0,0,0,0,2,1,-1,9,2,57,9,998,8,2,KIA RIO,8,E01025425,0,1
2024991490004,2024,991490004,1,9,0,-1,12,7,3,-1,0,0,0,0,4,0,1,1,-1,6,1,20,4,1248,1,12,KIA RIO,5,-1,0,4
2024061510391,2024,061510391,1,9,0,-1,9,6,2,-1,0,5,0,0,0,0,4,1,-1,6,2,44,7,1248,1,6,KIA RIO,8,E01004971,0,1
2024440501221,2024,440501221,1,9,0,9,9,7,5,0,0,2,0,0,0,0,2,1,2,2,3,61,9,1396,1,12,KIA RIO,4,E01022603,0,2
2024991439703,2024,991439703,1,9,0,-1,19,8,4,-1,0,0,0,0,0,0,1,1,-1,6,2,42,7,998,1,5,KIA RIO,7,-1,0,3
2024131406254,2024,131406254,1,9,0,-1,7,7,3,-1,0,0,0,0,8,7,1,1,-1,6,1,38,7,1396,2,7,KIA RIO,2,E01005354,0,4
2024991451606,2024,991451606,1,9,0,-1,19,7,3,-1,0,0,0,0,0,0,1,1,-1,6,2,26,6,1197,1,3,KIA RIO,5,-1,0,4
2024141523070,2024,141523070,3,9,0,-1,2,0,0,-1,0,8,0,0,0,0,2,1,-1,6,-1,-1,-1,1120,2,9,KIA RIO,-1,-1,0,-1
2024061445250,2024,061445250,2,9,0,-1,99,-1,-1,-1,99,1,0,0,0,0,1,1,-1,6,2,-1,-1,1248,1,10,KIA RIO,-1,-1,0,-1
2024552400658,2024,552400658,1,9,0,6,6,4,4,0,0,0,0,0,0,0,4,1,2,2,1,65,9,1248,1,12,KIA RIO,9,E01015419,0,2
2024221423624,2024,221423624,1,9,0,-1,19,3,7,-1,0,2,0,0,0,0,1,9,-1,6,1,33,6,1396,1,11,KIA RIO,6,E01029569,0,2
2024070138981,2024,070138981,2,9,0,17,19,8,4,0,0,0,0,0,0,0,1,1,6,6,1,21,5,1399,1,19,KIA RIO,4,E01018447,0,3
2024340WN6382,2024,340WN6382,1,9,0,-1,9,4,2,-1,0,5,0,0,0,0,1,1,-1,9,2,78,11,1396,1,9,KIA RIO,6,E01027269,0,1
2024547891324,2024,547891324,2,9,0,4,4,6,2,0,0,1,0,0,0,0,2,1,6,6,2,34,6,1120,2,11,KIA RIO,7,E01031944,0,1
2024041428054,2024,041428054,2,9,0,-1,19,5,1,-1,0,2,0,0,0,0,4,1,-1,9,1,63,9,1248,1,9,KIA RIO,8,E01024948,0,1
2024122400097,2024,122400097,4,9,0,2,2,0,0,0,0,8,0,0,0,0,3,1,6,6,3,-1,-1,1248,1,8,KIA RIO,-1,-1,0,-1
2024501518361,2024,501518361,1,9,0,-1,19,7,3,-1,0,0,0,0,0,0,1,1,-1,6,2,46,8,1493,2,14,KIA RIO,4,E01019042,0,3
2024471412963,2024,471412963,1,9,0,-1,19,3,7,-1,0,2,1,0,0,0,3,1,-1,9,2,38,7,1248,1,11,KIA RIO,4,E01031441,0,1
2024131470752,2024,131470752,2,9,0,-1,19,5,1,-1,0,1,0,0,0,0,1,1,-1,9,2,42,7,1248,1,7,KIA RIO,10,E01011454,0,1
2024401528522,2024,401528522,2,9,0,-1,19,4,8,-1,0,8,0,0,0,0,3,1,-1,6,2,66,10,1368,1,7,KIA RIO,10,E01017563,0,1
2024421421548,2024,421421548,1,9,0,-1,19,7,3,-1,0,0,0,12,0,0,1,1,-1,6,1,40,7,1197,1,3,KIA RIO,7,E01021904,0,2
2024101495902,2024,101495902,2,9,0,-1,4,1,5,-1,0,0,0,0,0,0,2,1,-1,2,1,24,5,1248,1,8,KIA RIO,8,E01008657,0,2
2024430181691,2024,430181691,1,9,0,18,19,2,6,0,0,1,0,0,0,0,1,1,6,6,1,41,7,1396,2,7,KIA RIO,10,E01016200,0,1
2024501527721,2024,501527721,3,9,0,-1,19,3,7,-1,0,0,0,0,0,0,1,1,-1,6,2,27,6,1396,1,11,KIA RIO,6,E01020187,0,2
2024471511273,2024,471511273,1,9,0,-1,19,8,4,-1,0,1,0,0,0,0,1,1,-1,2,2,39,7,1396,1,11,KIA RIO,8,E01021147,0,1
202454F267424,2024,54F267424,1,9,0,18,19,6,2,0,0,0,0,0,7,0,1,1,6,6,2,77,11,1399,1,14,KIA RIO,5,E01032004,0,2
2024201436193,2024,201436193,2,9,0,-1,9,6,4,-1,0,6,0,0,0,0,1,9,-1,6,1,-1,-1,1399,1,13,KIA RIO,-1,-1,0,-1
2024061472580,2024,061472580,2,9,0,-1,2,0,0,-1,0,0,0,0,0,0,2,1,-1,6,-1,-1,-1,1396,1,12,KIA RIO,-1,-1,0,-1
2024041518877,2024,041518877,2,9,0,-1,19,4,1,-1,0,3,0,0,0,0,1,1,-1,6,1,76,11,1248,1,11,KIA RIO,2,E01006262,0,2
2024010518873,2024,010518873,1,9,0,7,7,1,4,0,0,2,0,0,0,0,4,1,1,1,1,60,9,1396,1,13,KIA RIO,-1,-1,0,-1
2024010525109,2024,010525109,3,9,0,3,3,5,1,0,0,0,0,0,0,0,2,1,6,6,2,70,10,998,8,1,KIA RIO,7,E01002228,0,3
2024451440926,2024,451440926,1,9,0,-1,12,1,5,-1,0,0,1,0,7,1,1,1,-1,9,2,24,5,1396,1,13,KIA RIO,4,E01023120,0,2
2024101480332,2024,101480332,2,9,0,-1,3,1,5,-1,0,8,0,0,0,0,2,1,-1,6,2,60,9,1396,1,8,KIA RIO,3,E01032649,0,1
2024501427663,2024,501427663,1,9,0,-1,19,5,1,-1,0,0,2,0,0,0,3,1,-1,2,2,57,9,1396,1,11,KIA RIO,6,E01020220,0,4
2024161422517,2024,161422517,1,9,0,-1,9,2,6,-1,0,1,0,0,0,0,1,1,-1,2,1,57,9,1399,1,15,KIA RIO,-1,-1,0,-1
2024131472953,2024,131472953,1,9,0,-1,19,3,7,-1,0,0,0,0,0,0,4,1,-1,9,1,89,11,998,1,4,KIA RIO,6,E01027923,0,3
2024211491352,2024,211491352,2,9,0,-1,19,6,5,-1,0,0,0,0,0,0,4,1,-1,6,1,26,6,1399,1,15,KIA RIO,6,E01029471,0,1
2024471436157,2024,471436157,1,9,0,-1,19,6,2,-1,0,0,5,0,1,1,1,1,-1,1,1,53,8,1396,2,7,KIA RIO,6,E01021022,0,4
2024991416334,2024,991416334,4,9,0,-1,2,0,0,-1,0,0,0,4,0,0,3,1,-1,6,-1,-1,-1,1248,1,4,KIA RIO,-1,-1,0,-1
2024610056424,2024,610056424,2,9,0,5,5,2,5,0,0,8,0,0,0,0,0,1,6,6,2,62,9,1248,1,10,KIA RIO,3,W01001524,0,1
2024311536082,2024,311536082,1,9,0,-1,19,5,1,-1,0,0,1,0,0,0,1,1,-1,6,2,39,7,1399,1,13,KIA RIO,-1,-1,0,-1
2024361532782,2024,361532782,2,9,0,-1,19,1,2,-1,0,0,0,0,0,0,3,1,-1,9,1,77,11,1399,1,19,KIA RIO,3,E01034259,0,5
2024010505085,2024,010505085,1,9,0,99,99,9,9,99,99,9,9,99,9,99,2,9,6,6,1,39,7,1396,1,9,KIA RIO,8,W01001877,0,5
2024440270868,2024,440270868,1,9,0,18,19,2,6,0,0,0,0,0,0,0,3,1,3,7,2,23,5,1399,1,14,KIA RIO,8,E01023245,0,1
2024131415658,2024,131415658,1,9,0,-1,19,3,7,-1,0,0,0,0,7,9,1,1,-1,6,1,37,7,998,1,3,KIA RIO,1,E01011740,0,3
2024501502082,2024,501502082,1,9,0,-1,19,2,6,-1,0,0,0,0,0,0,3,1,-1,6,2,38,7,1248,1,8,KIA RIO,4,E01018861,0,1
2024131531028,2024,131531028,1,9,0,-1,19,1,5,-1,0,0,0,0,1,2,1,1,-1,2,2,35,6,1399,1,14,KIA RIO,2,E01010974,0,1
2024371477351,2024,371477351,2,9,0,-1,19,7,3,-1,0,8,0,0,0,0,3,1,-1,1,1,29,6,1493,2,14,KIA RIO,3,E01033046,0,2
2024371476967,2024,371476967,1,9,0,-1,19,1,5,-1,0,2,0,0,0,0,1,1,-1,2,2,57,9,1248,1,12,KIA RIO,3,E01030255,0,3
2024131499557,2024,131499557,1,9,0,-1,19,7,3,-1,0,2,0,0,0,0,1,1,-1,6,1,85,11,1493,2,14,KIA RIO,7,E01011413,0,1
2024401460385,2024,401460385,2,9,0,-1,10,3,1,-1,0,5,0,0,0,0,1,1,-1,9,1,56,9,1399,1,15,KIA RIO,4,E01015722,0,1
2024631407741,2024,631407741,1,9,0,-1,19,6,2,-1,0,0,5,0,8,10,1,1,-1,1,2,26,6,1248,1,9,KIA RIO,5,W01000566,0,1
202454B133224,2024,54B133224,1,9,0,5,5,1,5,0,0,1,0,0,1,0,3,1,6,6,2,34,6,1493,2,18,KIA RIO,6,E01034549,0,3
2024371521605,2024,371521605,2,9,0,-1,19,2,6,-1,0,0,0,0,0,0,1,1,-1,6,2,56,9,1396,1,12,KIA RIO,8,E01029923,0,1
2024541910124,2024,541910124,2,8,0,9,9,5,1,0,0,3,0,0,0,0,1,1,6,6,1,34,6,1396,1,10,KIA RIO,5,E01031908,0,1
2024371412111,2024,371412111,1,9,0,-1,7,1,4,-1,0,6,0,0,0,0,1,1,-1,9,1,22,5,1493,2,14,KIA RIO,3,E01029978,0,1
202454C109324,2024,54C109324,2,9,0,3,3,2,6,0,0,4,0,0,0,0,2,1,2,2,2,32,6,1248,1,10,KIA RIO,7,E01032078,0,1
2024311405995,2024,311405995,1,9,0,-1,19,5,3,-1,0,0,0,0,0,0,4,1,-1,1,2,64,9,1248,1,7,KIA RIO,8,E01028058,0,4
2024371454494,2024,371454494,2,9,0,-1,19,4,8,-1,0,0,0,8,0,0,4,1,-1,9,2,26,6,1399,1,13,KIA RIO,4,E01030215,0,1
2024501484032,2024,501484032,1,9,0,-1,19,6,2,-1,0,0,2,0,0,0,4,1,-1,9,1,19,4,1248,1,12,KIA RIO,2,E01033292,0,3
2024471418495,2024,471418495,1,9,0,-1,19,5,1,-1,0,0,0,0,0,0,1,1,-1,2,2,32,6,1248,1,5,KIA RIO,1,E01020989,0,1
2024340NN0902,2024,340NN0902,1,9,0,-1,19,8,4,-1,0,6,0,0,0,0,1,1,-1,6,2,39,7,1493,2,15,KIA RIO,9,E01032965,0,2
2024010547634,2024,010547634,1,9,0,18,19,2,6,0,0,0,0,4,0,0,1,1,6,6,1,45,7,1248,1,9,KIA RIO,-1,-1,0,-1
2024320001494,2024,320001494,1,9,0,18,19,6,2,0,0,0,0,0,0,0,1,1,6,6,2,47,8,1396,1,10,KIA RIO,-1,-1,0,-1
2024461496848,2024,461496848,1,9,0,-1,5,5,5,-1,0,0,0,0,0,0,3,1,-1,2,1,56,9,1399,1,13,KIA RIO,1,E01021015,0,3
2024141481855,2024,141481855,1,9,0,-1,11,3,5,-1,0,1,0,0,1,0,4,1,-1,6,2,54,8,1248,1,10,KIA RIO,3,E01007720,0,1
2024061469111,2024,061469111,2,9,-1,-1,-1,-1,-1,-1,-1,0,-1,-1,-1,0,-1,9,-1,6,2,-1,-1,998,8,3,KIA RIO,3,E01004947,0,1
2024520500085,2024,520500085,1,9,0,18,19,8,4,0,0,2,0,0,0,0,1,1,6,6,1,22,5,1248,1,12,KIA RIO,5,E01029324,0,1
2024311410783,2024,311410783,2,9,0,-1,19,4,8,-1,0,3,1,10,0,0,4,1,-1,6,2,20,4,1248,1,12,KIA RIO,1,E01013871,0,2
2024010520374,2024,010520374,2,9,0,18,19,3,7,0,0,8,0,0,0,0,1,1,6,6,2,34,6,1248,1,11,KIA RIO,8,E01000426,0,1
2024041445634,2024,041445634,2,9,0,-1,5,5,1,-1,0,8,0,0,0,0,1,1,-1,9,1,72,10,1493,2,17,KIA RIO,1,E01012595,0,1
2024440167187,2024,440167187,1,9,4,18,19,8,4,0,0,0,0,0,0,0,3,1,6,6,2,-1,-1,1396,2,10,KIA RIO,-1,-1,0,-1
2024141516886,2024,141516886,1,9,0,-1,6,4,3,-1,0,0,0,0,0,0,3,1,-1,9,2,55,8,1248,1,8,KIA RIO,3,E01007747,0,1
2024101482755,2024,101482755,3,9,0,-1,19,2,6,-1,0,1,0,0,0,0,1,1,-1,1,1,55,8,1248,1,10,KIA RIO,1,E01008340,0,1
2024501501681,2024,501501681,1,9,0,-1,19,5,1,-1,0,7,0,0,0,0,3,1,-1,6,2,79,11,1368,1,5,KIA RIO,4,E01018965,0,1
2024991429375,2024,991429375,2,9,0,-1,19,6,2,-1,0,1,0,0,0,0,2,1,-1,6,2,67,10,1396,2,9,KIA RIO,2,-1,0,1
2024320327372,2024,320327372,2,9,0,3,3,8,4,0,0,4,0,0,0,0,2,1,6,6,2,39,7,998,1,5,KIA RIO,7,E01032989,0,3
2024061428840,2024,061428840,1,9,0,-1,19,3,7,-1,0,0,0,0,0,0,1,1,-1,2,1,29,6,1493,2,17,KIA RIO,5,E01006206,0,1
2024610024624,2024,610024624,1,9,0,18,19,1,5,0,0,0,0,0,0,0,1,1,6,6,2,38,7,1399,1,13,KIA RIO,1,W01001473,0,1
2024411484997,2024,411484997,2,9,0,-1,19,5,1,-1,0,6,0,0,0,0,3,1,-1,6,1,35,6,1399,1,15,KIA RIO,4,E01015769,0,3
2024421497187,2024,421497187,1,9,0,-1,9,5,3,-1,0,0,0,0,0,0,0,1,-1,9,1,60,9,1399,1,14,KIA RIO,3,E01021276,0,1
2024010513870,2024,010513870,1,9,0,4,4,6,2,0,0,6,0,0,0,0,3,1,6,6,2,50,8,1399,1,14,KIA RIO,8,E01002269,0,1
2024501488081,2024,501488081,1,9,0,-1,19,4,8,-1,0,0,0,0,0,0,1,1,-1,2,2,18,4,998,1,3,KIA RIO,4,E01018962,0,1
2024461471582,2024,461471582,1,9,0,-1,19,1,5,-1,0,0,0,0,0,0,4,1,-1,6,1,42,7,1248,1,10,KIA RIO,5,E01024495,0,1
2024471502211,2024,471502211,1,9,0,-1,19,5,1,-1,0,0,0,0,1,4,1,1,-1,2,1,48,8,1248,1,9,KIA RIO,3,E01034830,0,3
2024061479274,2024,061479274,1,9,0,-1,19,5,1,-1,0,0,0,0,0,0,1,1,-1,6,2,76,11,1248,1,8,KIA RIO,10,E01005796,0,1
202417L306324,2024,17L306324,2,9,0,-1,19,1,5,-1,0,0,0,0,0,0,1,1,-1,9,1,40,7,1120,2,11,KIA RIO,1,E01012128,0,1
2024471514277,2024,471514277,1,9,0,-1,19,7,3,-1,0,1,0,0,0,0,1,1,-1,9,2,32,6,1396,2,9,KIA RIO,7,E01021110,0,2
2024501470991,2024,501470991,1,9,0,-1,19,2,6,-1,0,0,0,0,0,0,1,1,-1,9,2,31,6,998,1,1,KIA RIO,2,E01015234,0,2
2024052400724,2024,052400724,2,9,0,3,3,7,2,0,0,0,0,0,0,0,2,1,6,6,3,-1,-1,1248,1,10,KIA RIO,-1,-1,0,-1
2024631455064,2024,631455064,2,9,0,-1,19,4,8,-1,0,8,1,0,0,0,1,1,-1,6,2,19,4,1396,2,10,KIA RIO,7,W01000484,0,2
2024991470578,2024,991470578,1,9,0,-1,19,5,1,-1,0,0,0,0,0,0,1,1,-1,9,2,30,6,1248,1,9,KIA RIO,2,-1,0,2
2024543224124,2024,543224124,1,9,0,18,19,7,3,0,0,1,0,0,0,0,1,1,6,6,1,24,5,1396,1,12,KIA RIO,10,E01031923,0,1
2024451528909,2024,451528909,3,9,0,-1,19,2,6,-1,0,0,0,0,0,0,2,1,-1,2,2,49,8,1396,1,9,KIA RIO,7,E01023125,0,2
2024101503042,2024,101503042,2,9,0,-1,9,5,3,-1,0,8,0,0,0,0,3,1,-1,2,1,51,8,1396,2,9,KIA RIO,4,E01008835,0,1
2024010534825,2024,010534825,1,9,9,99,99,9,9,99,99,0,9,99,9,99,2,9,6,6,1,41,7,1396,1,13,KIA RIO,3,E01002370,0,1
2024471493702,2024,471493702,2,9,0,-1,19,5,1,-1,0,1,0,0,0,0,1,2,-1,9,1,28,6,1493,2,13,KIA RIO,7,E01031381,0,1
2024070540073,2024,070540073,1,9,0,9,9,3,1,0,0,4,0,9,0,0,1,1,2,2,2,59,9,1248,1,6,KIA RIO,3,E01018454,0,1
2024201431918,2024,201431918,1,9,0,-1,9,8,6,-1,0,5,0,0,0,0,1,9,-1,6,2,75,10,1248,1,7,KIA RIO,4,E01010393,0,1
2024501520200,2024,501520200,1,9,0,-1,19,1,5,-1,0,0,0,0,2,4,4,1,-1,9,1,84,11,1197,1,3,KIA RIO,1,E01009051,0,5
2024361531134,2024,361531134,3,9,0,-1,4,3,3,-1,0,0,0,0,0,0,2,1,-1,2,2,25,5,1248,1,12,KIA RIO,9,E01026513,0,3
2024122400189,2024,122400189,1,9,0,18,19,7,3,0,0,0,0,0,0,0,1,1,6,6,1,64,9,1399,1,14,KIA RIO,1,E01008062,0,4
2024010539396,2024,010539396,1,9,0,18,19,4,8,0,0,1,0,0,0,0,0,1,2,2,1,43,7,1248,1,12,KIA RIO,6,E01001068,0,1
2024461482882,2024,461482882,1,9,0,-1,2,-1,-1,-1,0,1,0,0,0,0,1,9,-1,6,2,45,7,1396,1,10,KIA RIO,9,E01024297,0,1
2024622400701,2024,622400701,1,9,0,18,19,8,4,0,0,1,0,0,0,0,1,1,1,1,2,24,5,1248,1,10,KIA RIO,4,W01000763,0,2
2024371536140,2024,371536140,1,9,0,-1,9,3,1,-1,0,8,0,0,0,0,4,1,-1,9,2,71,10,1396,1,10,KIA RIO,10,E01030124,0,1
2024451539909,2024,451539909,4,9,0,-1,3,7,3,-1,0,0,0,0,0,0,2,1,-1,9,1,61,9,998,1,5,KIA RIO,7,E01001125,0,3
2024991471402,2024,991471402,2,9,0,-1,19,4,8,-1,0,1,0,0,7,0,1,1,-1,9,1,61,9,998,1,2,KIA RIO,-1,-1,0,-1
202460Q016838,2024,60Q016838,1,9,0,18,19,2,6,0,0,1,0,0,0,0,1,1,6,6,1,45,7,1493,2,14,KIA RIO,-1,-1,0,-1
2024041499683,2024,041499683,2,9,0,-1,19,6,2,-1,0,8,0,0,0,0,3,1,-1,2,2,26,6,1248,1,8,KIA RIO,8,E01025564,0,1
2024201514441,2024,201514441,1,9,0,-1,19,1,5,-1,0,0,2,10,7,7,3,1,-1,6,1,36,7,1248,1,9,KIA RIO,3,E01010528,0,1
202454B352524,2024,54B352524,1,9,0,18,19,2,6,0,0,0,0,0,0,0,1,1,2,2,1,24,5,1399,1,14,KIA RIO,6,E01015574,0,1
2024332400303,2024,332400303,2,9,0,-1,2,0,0,-1,0,0,0,0,0,0,2,1,-1,6,2,46,8,1399,1,14,KIA RIO,6,E01031091,0,3
2024122400598,2024,122400598,2,9,0,18,19,1,5,0,0,1,0,0,1,0,1,1,6,6,2,53,8,1396,2,10,KIA RIO,1,E01012019,0,4
2024010540941,2024,010540941,1,9,0,18,19,7,3,0,0,2,0,0,0,0,3,1,6,6,2,21,5,1396,1,9,KIA RIO,4,E01001646,0,1
2024451471879,2024,451471879,1,9,0,-1,19,1,5,-1,0,0,0,0,0,0,1,1,-1,9,1,19,4,1248,1,10,KIA RIO,3,E01016363,0,4
2024411502025,2024,411502025,2,9,0,-1,5,-1,-1,-1,0,1,0,0,0,0,2,9,-1,9,2,32,6,998,1,4,KIA RIO,8,E01023311,0,1
2024311519838,2024,311519838,1,9,0,-1,19,2,5,-1,0,0,1,4,0,0,1,1,-1,6,1,34,6,1399,1,14,KIA RIO,1,E01013871,0,1
2024451400464,2024,451400464,1,9,0,-1,19,1,6,-1,0,1,0,10,1,0,1,1,-1,2,1,44,7,1248,1,9,KIA RIO,5,E01031565,0,4
2024552400380,2024,552400380,3,9,0,18,19,4,8,0,0,8,0,0,0,0,1,1,6,6,2,27,6,1493,2,13,KIA RIO,5,E01020443,0,2
2024340NN0132,2024,340NN0132,2,9,0,-1,19,2,6,-1,0,1,0,0,1,10,1,1,-1,6,2,29,6,1120,2,11,KIA RIO,2,E01009254,0,4
2024161525372,2024,161525372,1,9,0,-1,2,0,0,-1,0,0,0,0,0,0,3,9,-1,6,3,-1,-1,1493,2,15,KIA RIO,-1,-1,0,-1
2024201458635,2024,201458635,1,9,0,-1,19,1,4,-1,0,1,0,0,0,0,2,9,-1,2,1,39,7,1120,2,9,KIA RIO,1,E01009141,0,1
2024430615684,2024,430615684,2,9,0,18,19,1,5,0,0,0,0,0,0,0,1,1,6,6,1,26,6,1248,1,6,KIA RIO,5,E01016599,0,3
2024531510333,2024,531510333,2,9,0,-1,19,5,1,-1,0,0,0,0,1,11,1,1,-1,6,2,29,6,1248,1,11,KIA RIO,10,E01027715,0,5
2024311429566,2024,311429566,2,9,0,-1,4,7,4,-1,0,1,0,0,0,0,0,1,-1,6,1,21,5,998,1,2,KIA RIO,1,E01028173,0,1
2024131458861,2024,131458861,2,9,0,-1,9,4,2,-1,0,1,0,0,0,0,1,1,-1,9,1,44,7,1248,1,8,KIA RIO,1,E01011004,0,1
2024401398467,2024,401398467,2,9,0,-1,4,-1,-1,-1,0,1,0,0,0,0,2,9,-1,7,2,44,7,1248,1,7,KIA RIO,9,E01033825,0,1
2024471517404,2024,471517404,1,9,0,-1,19,1,3,-1,0,0,1,0,7,11,1,1,-1,2,2,37,7,1399,1,13,KIA RIO,5,E01031810,0,4
2024421431463,2024,421431463,2,9,0,-1,19,7,3,-1,0,8,0,0,0,0,1,1,-1,9,1,48,8,1396,2,11,KIA RIO,5,E01033139,0,3
2024440318319,2024,440318319,1,9,0,18,19,1,5,0,0,0,0,0,0,0,1,1,6,6,1,28,6,1248,1,6,KIA RIO,8,E01022935,0,1
2024221495263,2024,221495263,2,9,0,-1,19,2,6,-1,0,4,0,0,0,0,1,9,-1,6,2,62,9,1396,2,7,KIA RIO,7,E01032253,0,1
2024201425015,2024,201425015,1,9,0,-1,3,8,4,-1,0,1,0,0,0,0,2,1,-1,9,2,23,5,1248,1,4,KIA RIO,1,E01009489,0,2
2024010529412,2024,010529412,1,9,0,18,19,3,7,0,0,0,0,0,0,0,3,1,6,6,1,23,5,1248,1,12,KIA RIO,5,E01002342,0,1
2024531461126,2024,531461126,1,9,0,-1,7,2,4,-1,0,8,0,0,1,9,1,1,-1,1,2,23,5,1248,1,11,KIA RIO,2,E01001770,0,5