collision_index,collision_year,collision_ref_no,vehicle_reference,vehicle_type,towing_and_articulation,vehicle_manoeuvre_historic,vehicle_manoeuvre,vehicle_direction_from,vehicle_direction_to,vehicle_location_restricted_lane_historic,vehicle_location_restricted_lane,junction_location,skidding_and_overturning,hit_object_in_carriageway,vehicle_leaving_carriageway,hit_object_off_carriageway,first_point_of_impact,vehicle_left_hand_drive,journey_purpose_of_driver_historic,journey_purpose_of_driver,sex_of_driver,age_of_driver,age_band_of_driver,engine_capacity_cc,propulsion_code,age_of_vehicle,generic_make_model,driver_imd_decile,lsoa_of_driver,escooter_flag,driver_distance_banding
2024052401031,2024,052401031,1,9,0,7,7,2,4,0,0,6,0,0,0,0,3,1,6,6,1,66,10,1248,1,8,KIA RIO,4,E01006489,0,1
2024430445900,2024,430445900,1,9,0,18,19,3,7,0,0,0,0,0,0,0,3,1,6,6,2,46,8,1248,1,6,KIA RIO,10,E01016612,0,1
2024161503206,2024,161503206,1,9,0,-1,19,8,4,-1,0,2,0,0,0,0,1,1,-1,6,2,79,11,1396,1,12,KIA RIO,8,E01012983,0,1
2024010550922,2024,010550922,2,9,0,4,4,5,1,0,0,1,0,0,0,0,3,1,6,6,1,26,6,1399,1,13,KIA RIO,3,E01000032,0,1
2024320261176,2024,320261176,1,9,0,5,5,7,3,0,0,0,0,0,0,0,1,1,-1,-1,1,46,8,998,1,6,KIA RIO,-1,-1,0,-1
2024421419700,2024,421419700,2,9,0,-1,19,3,7,-1,0,3,0,0,0,0,1,1,-1,9,2,30,6,1396,1,11,KIA RIO,7,E01022071,0,2
2024041412687,2024,041412687,1,9,0,-1,19,7,5,-1,-1,0,0,0,0,0,1,1,-1,7,2,41,7,1248,1,8,KIA RIO,1,E01025527,0,1
2024471433734,2024,471433734,1,9,0,-1,19,6,2,-1,0,0,0,0,0,0,1,1,-1,9,2,21,5,1396,1,9,KIA RIO,7,E01030583,0,2
2024471479267,2024,471479267,2,9,0,-1,19,8,4,-1,0,1,0,0,0,0,3,1,-1,7,2,39,7,1396,2,12,KIA RIO,7,E01021160,0,1
2024131408539,2024,131408539,4,9,0,-1,19,5,1,-1,0,0,0,0,0,0,1,1,-1,1,1,52,8,1248,1,11,KIA RIO,5,E01027889,0,3
2024471422006,2024,471422006,1,9,0,-1,5,7,1,-1,0,4,0,0,0,0,1,1,-1,1,2,54,8,1248,1,9,KIA RIO,4,E01031569,0,1
2024010502116,2024,010502116,2,9,0,18,19,7,3,0,0,0,9,99,9,99,4,2,6,6,3,26,6,1399,1,14,KIA RIO,5,E01000316,0,2
2024061416357,2024,061416357,3,9,0,-1,19,1,5,-1,0,0,0,0,0,0,1,1,-1,9,2,66,10,1396,1,12,KIA RIO,2,E01005224,0,3
2024211481613,2024,211481613,1,9,0,-1,19,7,3,-1,0,1,1,0,1,0,1,1,-1,9,1,20,4,998,1,2,KIA RIO,-1,-1,0,-1
2024552401006,2024,552401006,1,9,0,18,19,2,6,0,0,0,0,0,7,4,1,1,6,6,2,31,6,1248,1,10,KIA RIO,4,E01020496,0,1
2024061473062,2024,061473062,2,9,0,-1,19,3,6,-1,0,0,0,0,0,0,1,1,-1,9,2,29,6,1248,1,10,KIA RIO,3,E01006041,0,1
2024501447949,2024,501447949,1,9,0,-1,19,7,3,-1,0,0,0,0,0,0,1,1,-1,9,1,20,4,1399,1,16,KIA RIO,5,E01020101,0,2
2024440337062,2024,440337062,2,9,0,9,9,7,8,0,0,6,0,0,0,0,3,1,6,6,2,23,5,1248,1,10,KIA RIO,6,E01031705,0,4
2024320309337,2024,320309337,1,9,0,-1,-1,5,3,0,0,0,0,0,1,9,4,1,-1,-1,1,21,5,1399,1,15,KIA RIO,8,E01026106,0,1
2024361510415,2024,361510415,3,9,0,-1,19,5,1,-1,0,0,0,0,0,0,3,1,-1,6,2,53,8,1396,1,11,KIA RIO,4,E01026668,0,3
2024622400429,2024,622400429,1,9,0,9,9,2,8,0,0,5,0,0,0,0,3,1,6,6,1,19,4,1399,1,14,KIA RIO,8,W01000892,0,1
2024010506468,2024,010506468,3,9,0,2,2,0,0,0,0,1,0,0,0,0,3,1,6,6,3,-1,-1,1399,1,14,KIA RIO,-1,-1,0,-1
2024010520375,2024,010520375,1,9,0,99,99,9,9,99,99,9,9,99,9,99,9,9,6,6,2,25,5,1396,1,11,KIA RIO,4,E01001463,0,1
2024302400218,2024,302400218,1,9,0,18,19,2,6,0,0,0,0,0,0,0,1,1,6,6,2,30,6,1248,1,11,KIA RIO,1,E01033167,0,3
2024421432527,2024,421432527,2,9,0,-1,3,4,8,-1,0,0,0,0,0,0,2,1,-1,6,1,52,8,1396,2,7,KIA RIO,10,E01021402,0,1
2024041410568,2024,041410568,3,9,0,-1,2,1,5,-1,0,0,0,0,0,0,2,1,-1,9,2,60,9,1248,1,11,KIA RIO,3,E01025054,0,1
2024991442964,2024,991442964,1,9,0,-1,7,1,3,-1,0,0,0,7,0,0,1,1,-1,6,2,80,11,998,1,7,KIA RIO,9,-1,0,3
2024451491583,2024,451491583,2,9,0,-1,4,5,1,-1,0,2,0,0,0,0,2,1,-1,1,1,55,8,1399,1,15,KIA RIO,4,E01030615,0,2
2024131461961,2024,131461961,1,9,0,-1,19,3,7,-1,0,0,0,0,0,0,1,1,-1,9,2,39,7,1396,2,10,KIA RIO,1,E01011616,0,2
2024461489136,2024,461489136,1,9,0,-1,7,2,2,-1,0,0,1,0,0,0,1,1,-1,2,2,58,9,998,1,5,KIA RIO,4,E01016074,0,1
2024461408723,2024,461408723,1,9,0,-1,9,0,0,-1,0,1,0,0,0,0,4,1,-1,9,1,23,5,1248,1,9,KIA RIO,3,E01024497,0,1
2024430174261,2024,430174261,1,9,0,7,7,7,1,0,0,1,0,0,0,0,4,1,6,6,2,40,7,1399,1,13,KIA RIO,9,E01028818,0,3
202460Q014147,2024,60Q014147,1,9,0,17,19,5,1,0,0,1,0,0,1,0,3,1,2,2,2,39,7,1248,1,10,KIA RIO,-1,-1,0,-1
2024351482676,2024,351482676,1,9,0,-1,9,6,7,-1,0,6,0,0,0,0,4,1,-1,2,2,29,6,1248,1,11,KIA RIO,5,E01035531,0,3
2024361465417,2024,361465417,2,9,0,-1,2,6,5,-1,0,2,0,0,0,0,2,1,-1,9,2,85,11,1399,1,18,KIA RIO,3,E01026817,0,1
2024311419103,2024,311419103,1,9,0,-1,19,8,4,-1,0,1,0,0,0,0,1,1,-1,6,2,54,8,1248,1,9,KIA RIO,-1,-1,0,-1
2024440189023,2024,440189023,2,9,0,1,1,0,5,0,0,0,0,0,0,0,2,1,6,6,1,32,6,1399,1,15,KIA RIO,5,E01022806,0,1
2024471467277,2024,471467277,1,9,0,-1,19,5,8,-1,0,0,0,0,0,0,1,1,-1,1,1,26,6,1493,2,15,KIA RIO,4,E01031433,0,2
2024041452213,2024,041452213,2,9,0,-1,12,5,1,-1,0,0,0,0,0,0,2,1,-1,2,1,39,7,1368,1,5,KIA RIO,2,E01024941,0,2
2024052401448,2024,052401448,2,9,0,4,4,7,3,0,0,0,0,0,0,0,2,1,6,6,2,51,8,998,1,5,KIA RIO,5,E01006527,0,2
2024122400682,2024,122400682,2,9,0,18,19,5,1,0,0,1,0,0,0,0,1,1,6,6,1,27,6,1396,2,6,KIA RIO,4,E01027723,0,3
2024461531263,2024,461531263,2,9,0,-1,10,6,2,-1,0,5,0,0,0,0,1,1,-1,6,1,29,6,1343,1,20,KIA RIO,3,E01024239,0,1
2024061464989,2024,061464989,2,9,0,-1,3,-1,-1,-1,0,0,0,0,0,0,2,1,-1,6,2,-1,-1,1396,1,10,KIA RIO,-1,-1,0,-1
2024141396476,2024,141396476,2,9,0,-1,19,2,1,-1,0,0,0,0,0,0,3,1,-1,6,1,37,7,1493,2,13,KIA RIO,-1,-1,0,-1
2024161502212,2024,161502212,1,9,0,-1,19,3,7,-1,0,0,0,0,0,0,1,1,-1,1,2,32,6,1248,1,10,KIA RIO,3,E01012997,0,1
2024010529086,2024,010529086,2,9,0,9,9,6,3,4,4,8,0,0,0,0,4,1,6,6,2,22,5,998,8,4,KIA RIO,2,E01000098,0,1
2024332400283,2024,332400283,2,9,0,-1,19,1,5,-1,0,8,0,0,0,0,1,1,-1,9,2,41,7,1399,1,13,KIA RIO,9,E01025998,0,1
2024041418944,2024,041418944,1,9,0,-1,2,0,0,-1,0,0,0,0,0,0,3,1,-1,1,1,38,7,1493,2,13,KIA RIO,1,E01012673,0,1
2024010534717,2024,010534717,1,9,0,6,6,3,3,0,0,8,0,0,0,0,1,1,6,6,1,51,8,1396,1,8,KIA RIO,7,E01003232,0,1
2024070445015,2024,070445015,2,9,0,3,3,5,8,0,0,1,0,0,0,0,2,1,6,6,2,21,5,1197,1,1,KIA RIO,1,E01006909,0,2
2024101481072,2024,101481072,1,9,0,-1,10,1,7,-1,-1,2,0,0,0,0,3,1,-1,9,1,55,8,998,1,4,KIA RIO,10,E01008589,0,4
2024131423257,2024,131423257,1,9,0,-1,19,1,5,-1,0,1,0,0,0,0,1,1,-1,9,1,39,7,1399,1,17,KIA RIO,4,E01007360,0,3
2024471428455,2024,471428455,1,9,0,-1,5,7,3,-1,0,6,0,0,0,0,1,1,-1,2,2,26,6,1248,1,7,KIA RIO,2,E01031451,0,2
2024351489534,2024,351489534,1,9,-1,-1,-1,-1,-1,-1,-1,0,-1,-1,-1,0,-1,9,-1,6,1,-1,-1,1493,2,16,KIA RIO,6,E01027062,0,4
2024302400731,2024,302400731,1,9,0,18,19,2,6,0,0,8,0,0,0,0,4,1,6,6,1,24,5,1493,2,17,KIA RIO,4,E01027996,0,2
2024041467695,2024,041467695,1,9,0,-1,19,1,5,-1,0,0,0,0,0,0,1,1,-1,9,2,18,4,1396,2,13,KIA RIO,2,E01025205,0,3
2024010534772,2024,010534772,1,9,0,9,9,3,1,0,0,6,0,0,0,0,1,1,6,6,1,54,8,1368,1,5,KIA RIO,-1,-1,0,-1
2024421509562,2024,421509562,1,9,0,-1,15,4,8,-1,0,1,0,0,0,0,1,1,-1,6,1,52,8,1396,1,11,KIA RIO,9,E01021947,0,1
2024401476451,2024,401476451,1,9,0,-1,19,3,7,-1,0,0,0,0,0,0,1,1,-1,9,1,27,6,1399,1,15,KIA RIO,4,E01015728,0,1
2024631487158,2024,631487158,1,9,0,-1,19,3,7,-1,0,8,0,4,0,0,4,1,-1,6,3,-1,-1,1248,1,8,KIA RIO,-1,-1,0,-1
2024440027292,2024,440027292,2,9,0,18,19,7,3,0,0,6,0,0,0,0,1,1,6,6,2,-1,-1,1396,1,12,KIA RIO,-1,-1,0,-1
2024361422909,2024,361422909,1,9,0,-1,19,3,6,-1,0,4,0,0,0,0,4,1,-1,2,2,48,8,1120,2,9,KIA RIO,5,E01026431,0,1
2024131448512,2024,131448512,1,9,0,-1,19,8,4,-1,0,8,1,0,0,0,1,1,-1,2,2,28,6,1248,1,6,KIA RIO,-1,-1,0,-1
2024991491080,2024,991491080,3,9,0,-1,2,0,0,-1,0,7,0,0,1,0,1,1,-1,6,1,20,4,998,1,7,KIA RIO,-1,-1,0,-1
2024461457849,2024,461457849,1,9,0,-1,3,4,5,-1,0,0,0,0,0,0,1,9,-1,6,1,48,8,1493,2,14,KIA RIO,6,E01024282,0,2
2024101485239,2024,101485239,1,9,0,-1,19,7,3,-1,0,0,1,0,0,0,1,1,-1,9,2,25,5,1248,1,10,KIA RIO,9,E01027367,0,1
2024991396525,2024,991396525,2,9,0,-1,19,7,3,-1,0,0,0,0,0,0,1,1,-1,2,2,39,7,1248,1,11,KIA RIO,6,-1,0,4
2024401418381,2024,401418381,2,9,0,-1,-1,-1,-1,-1,0,8,0,0,3,0,2,9,-1,9,1,41,7,1399,1,15,KIA RIO,4,E01017538,0,4
2024161452973,2024,161452973,2,9,0,-1,19,2,6,-1,0,0,0,0,0,0,1,9,-1,6,2,-1,-1,1399,1,14,KIA RIO,-1,-1,0,-1
2024221468977,2024,221468977,2,9,0,-1,19,3,8,-1,0,0,0,0,0,0,1,1,-1,6,2,31,6,1248,1,8,KIA RIO,9,E01031191,0,3
2024131524252,2024,131524252,1,9,0,-1,5,1,5,-1,0,8,0,0,0,0,4,1,-1,9,2,37,7,1493,2,13,KIA RIO,8,E01011191,0,1
2024041458855,2024,041458855,2,9,0,-1,19,5,1,-1,0,0,0,0,0,0,4,1,-1,6,1,59,9,1493,2,18,KIA RIO,1,E01025185,0,1
2024991414002,2024,991414002,1,9,0,-1,19,7,3,-1,0,0,0,0,0,0,1,1,-1,9,1,35,6,1399,1,14,KIA RIO,-1,-1,0,-1
2024351417130,2024,351417130,1,9,0,-1,19,4,1,-1,0,0,2,0,1,7,1,1,-1,9,1,18,4,1396,2,12,KIA RIO,7,E01018057,0,1
2024041480486,2024,041480486,2,9,0,-1,4,7,3,-1,0,0,0,0,0,0,3,1,-1,9,2,57,9,1399,1,13,KIA RIO,5,E01025479,0,1
2024371537232,2024,371537232,1,9,0,-1,5,2,5,-1,0,8,0,0,0,0,1,1,-1,1,1,51,8,998,8,2,KIA RIO,6,E01032612,0,1
2024161434324,2024,161434324,1,9,0,-1,19,3,7,-1,0,8,0,0,0,0,3,1,-1,2,1,63,9,1493,2,14,KIA RIO,5,E01013274,0,2
2024631436217,2024,631436217,2,9,0,-1,19,7,3,-1,0,1,0,0,1,10,1,1,-1,2,1,52,8,1248,1,9,KIA RIO,8,W01000557,0,4
2024010549174,2024,010549174,2,9,0,3,3,1,5,0,0,1,0,0,0,0,2,2,6,6,1,53,8,998,1,4,KIA RIO,5,E01023537,0,2
2024320239564,2024,320239564,2,9,0,-1,-1,4,8,0,0,8,0,0,0,0,4,1,-1,-1,2,47,8,1399,1,14,KIA RIO,8,E01007485,0,5
2024122400645,2024,122400645,2,9,0,9,9,1,7,0,0,6,0,0,7,0,1,1,6,6,2,47,8,1493,2,14,KIA RIO,9,E01027792,0,1
2024201434222,2024,201434222,2,9,0,-1,19,5,1,-1,0,0,0,0,0,0,2,9,-1,9,1,20,4,1396,2,7,KIA RIO,1,E01010130,0,1
2024302401752,2024,302401752,2,9,0,-1,4,3,7,-1,0,1,0,0,0,0,1,1,-1,6,1,30,6,1396,2,11,KIA RIO,2,E01019666,0,1
2024451532344,2024,451532344,2,9,0,-1,20,1,5,-1,5,8,0,0,0,0,1,1,-1,9,1,39,7,1396,1,9,KIA RIO,7,E01022491,0,4
2024631530775,2024,631530775,1,9,0,-1,19,3,7,-1,0,2,0,4,7,1,1,1,-1,9,2,28,6,1197,1,2,KIA RIO,8,W01000624,0,2
2024361439168,2024,361439168,2,9,0,-1,19,3,7,-1,0,0,0,0,0,0,0,1,-1,6,1,17,4,1396,1,10,KIA RIO,6,E01026496,0,4
2024010510550,2024,010510550,1,9,0,18,19,5,1,0,0,2,0,0,0,0,2,1,6,6,2,27,6,1120,2,8,KIA RIO,5,E01003342,0,2
2024461436778,2024,461436778,3,9,0,-1,2,0,0,-1,0,0,0,0,0,0,3,2,-1,6,-1,-1,-1,1248,1,10,KIA RIO,-1,-1,0,-1
2024041409102,2024,041409102,1,9,0,-1,9,5,7,-1,0,0,0,0,7,0,1,1,-1,9,2,18,4,1493,2,18,KIA RIO,4,E01025276,0,1
2024471482440,2024,471482440,1,9,0,-1,12,7,3,-1,0,0,0,0,7,0,1,1,-1,2,1,44,7,1248,1,9,KIA RIO,9,E01035353,0,1
2024471510576,2024,471510576,2,9,0,-1,3,8,4,-1,0,1,0,0,0,0,2,1,-1,2,1,32,6,1368,1,7,KIA RIO,8,E01021209,0,3
2024302401174,2024,302401174,2,9,0,4,4,8,2,0,0,1,0,0,0,0,2,1,1,1,1,36,7,1248,1,8,KIA RIO,5,E01028250,0,3
2024421426188,2024,421426188,1,9,0,-1,5,3,7,-1,0,2,0,0,0,0,3,1,-1,9,1,37,7,998,1,6,KIA RIO,9,E01002285,0,4
2024332400961,2024,332400961,2,9,0,-1,19,3,7,-1,0,8,0,0,0,0,1,1,-1,9,2,26,6,998,8,3,KIA RIO,4,E01025718,0,1
2024440167205,2024,440167205,2,9,0,9,9,8,6,0,0,1,0,0,0,0,3,1,6,6,2,29,6,1396,1,8,KIA RIO,10,E01023272,0,3
2024991395286,2024,991395286,2,9,0,-1,2,0,0,-1,0,0,0,0,0,0,3,1,-1,6,-1,-1,-1,1120,2,7,KIA RIO,-1,-1,0,-1
2024991503217,2024,991503217,1,9,0,-1,19,3,6,-1,0,0,5,0,7,0,1,1,-1,9,1,21,5,1248,1,4,KIA RIO,4,-1,0,1
2024211468572,2024,211468572,1,9,0,-1,19,2,6,-1,0,1,0,0,0,0,4,1,-1,2,2,50,8,1248,1,11,KIA RIO,6,E01014228,0,1
2024141441387,2024,141441387,1,9,0,-1,19,5,1,-1,0,1,0,0,0,0,3,9,-1,6,2,29,6,1248,1,12,KIA RIO,4,E01001391,0,5
2024501404979,2024,501404979,3,9,0,-1,10,1,5,-1,0,6,0,0,3,0,2,1,-1,6,2,68,10,1248,1,8,KIA RIO,5,E01020097,0,1
2024101398475,2024,101398475,1,9,0,-1,4,5,5,-1,0,0,1,0,0,0,3,1,-1,2,2,33,6,998,1,2,KIA RIO,-1,-1,0,-1
2024010512015,2024,010512015,1,9,0,18,19,5,1,0,0,0,0,0,0,0,1,1,6,6,1,62,9,1248,1,11,KIA RIO,2,E01001820,0,1
2024061515165,2024,061515165,1,9,0,-1,11,3,7,-1,0,0,0,0,1,0,3,1,-1,2,2,30,6,998,1,2,KIA RIO,-1,-1,0,-1
2024302400863,2024,302400863,1,9,0,18,19,6,2,0,0,0,0,0,1,0,1,1,2,2,2,23,5,1120,2,9,KIA RIO,6,E01013491,0,3
2024161430538,2024,161430538,2,9,0,-1,5,3,7,-1,0,1,1,0,0,0,3,1,-1,1,2,37,7,1343,1,20,KIA RIO,3,E01012757,0,3
2024010496490,2024,010496490,1,9,0,9,9,7,5,0,0,1,0,0,0,0,3,1,6,6,1,44,7,1399,1,16,KIA RIO,3,E01000094,0,1
2024010524057,2024,010524057,1,9,0,4,4,1,5,0,0,2,0,0,0,0,0,1,6,6,1,27,6,1343,1,19,KIA RIO,6,E01004347,0,1
2024471421183,2024,471421183,2,9,0,-1,9,4,2,-1,0,8,0,0,3,0,2,1,-1,9,2,61,9,1396,1,8,KIA RIO,4,E01020951,0,3
2024221454081,2024,221454081,1,9,0,-1,19,4,8,-1,0,0,0,0,0,0,1,1,-1,6,1,67,10,1396,1,8,KIA RIO,5,E01032279,0,1
2024631506332,2024,631506332,1,9,0,-1,7,1,2,-1,0,6,0,0,0,0,1,1,-1,9,1,93,11,998,1,7,KIA RIO,9,W01000715,0,1
2024061409166,2024,061409166,1,9,0,-1,3,3,3,-1,0,0,0,0,0,0,2,1,-1,9,1,43,7,1120,2,10,KIA RIO,2,E01005566,0,1
2024520401567,2024,520401567,2,9,0,18,19,6,2,0,0,8,0,0,0,0,3,1,6,6,2,82,11,1396,1,10,KIA RIO,7,E01029250,0,2
2024332400338,2024,332400338,2,9,0,-1,19,2,6,-1,0,1,0,0,0,0,1,1,-1,6,3,-1,-1,1399,1,14,KIA RIO,-1,-1,0,-1
2024991529729,2024,991529729,1,9,0,-1,7,3,5,-1,0,6,0,0,0,0,3,1,-1,6,2,31,6,1248,1,8,KIA RIO,1,-1,0,3
2024461427008,2024,461427008,2,9,0,-1,19,5,1,-1,0,7,0,0,0,0,3,9,-1,2,1,50,8,1399,1,17,KIA RIO,7,E01016179,0,4
2024131497054,2024,131497054,2,9,0,-1,9,1,7,-1,0,2,0,0,0,0,3,1,-1,9,1,62,9,1399,1,15,KIA RIO,6,E01011525,0,1
2024552401536,2024,552401536,1,9,0,18,19,1,5,0,0,8,0,0,0,0,1,1,6,6,2,63,9,1396,1,12,KIA RIO,5,E01020490,0,3
2024451415847,2024,451415847,1,9,0,-1,19,8,4,-1,0,0,0,0,0,0,4,1,-1,9,2,44,7,1197,1,2,KIA RIO,8,E01030766,0,1
2024461490635,2024,461490635,2,9,0,-1,19,4,1,-1,0,1,0,0,0,0,1,1,-1,6,2,31,6,1197,1,3,KIA RIO,3,E01024570,0,1
2024361483208,2024,361483208,2,9,0,-1,19,6,2,-1,0,1,0,0,0,0,2,1,-1,1,1,23,5,1399,1,15,KIA RIO,5,E01033042,0,1
2024041515470,2024,041515470,2,9,0,-1,10,1,3,-1,0,1,0,0,0,0,2,1,-1,9,2,26,6,1248,1,6,KIA RIO,2,E01025051,0,1
2024061406984,2024,061406984,1,9,0,-1,19,7,3,-1,0,2,0,0,0,0,0,1,-1,6,2,78,11,1248,1,8,KIA RIO,2,E01034001,0,1
2024440147795,2024,440147795,1,9,0,12,12,5,1,0,0,1,0,0,0,0,2,1,6,6,2,39,7,1399,1,14,KIA RIO,7,E01022925,0,3
2024522500092,2024,522500092,1,9,0,17,19,1,6,0,0,8,0,0,0,0,1,1,6,6,1,65,9,1248,1,11,KIA RIO,1,E01032514,0,1
2024471396966,2024,471396966,1,9,0,-1,19,7,3,-1,0,0,0,0,0,0,1,1,-1,9,2,61,9,1248,1,9,KIA RIO,5,E01021024,0,3
2024131406934,2024,131406934,1,9,0,-1,9,7,1,-1,0,8,0,0,0,0,1,1,-1,9,1,19,4,1399,1,17,KIA RIO,1,E01010842,0,1
2024351407099,2024,351407099,1,9,0,-1,19,1,2,-1,0,1,0,0,0,0,1,1,-1,6,2,-1,-1,1396,1,9,KIA RIO,10,E01018193,0,3
2024122500200,2024,122500200,1,9,0,5,5,6,8,0,0,7,0,0,3,2,1,1,6,6,1,92,11,1399,1,13,KIA RIO,10,E01013408,0,1
2024371416770,2024,371416770,2,9,0,-1,19,3,7,-1,0,0,1,0,1,0,1,1,-1,1,2,62,9,998,1,4,KIA RIO,3,E01030131,0,2
2024552400301,2024,552400301,1,9,0,18,19,3,7,0,0,0,0,0,0,0,1,1,2,2,1,39,7,1396,2,11,KIA RIO,8,E01022525,0,4
2024501425660,2024,501425660,2,9,0,-1,19,2,6,-1,0,0,0,0,0,0,2,9,-1,9,2,29,6,1399,1,13,KIA RIO,9,E01020054,0,2
2024031521619,2024,031521619,1,9,0,-1,9,2,2,-1,0,6,0,0,0,0,1,1,-1,2,2,26,6,998,1,5,KIA RIO,2,E01019175,0,1
2024070726244,2024,070726244,1,9,0,-1,19,1,1,-1,0,0,0,0,0,0,1,1,-1,9,1,35,6,1248,1,6,KIA RIO,2,E01012535,0,1
2024622400603,2024,622400603,1,9,0,18,19,8,4,0,0,0,0,0,0,0,1,1,6,6,1,22,5,1248,1,10,KIA RIO,2,W01000834,0,2
2024440158096,2024,440158096,2,9,0,1,1,4,8,9,9,0,0,0,0,0,2,1,6,6,1,-1,-1,1248,1,11,KIA RIO,-1,-1,0,-1
2024610037324,2024,610037324,1,9,0,9,9,1,7,0,0,6,0,0,0,0,1,1,6,6,1,77,11,1248,1,8,KIA RIO,2,W01001396,0,1
2024311469754,2024,311469754,1,9,0,-1,3,5,7,-1,0,1,0,0,0,0,1,1,-1,2,2,46,8,1399,1,14,KIA RIO,2,E01013965,0,1
2024991486969,2024,991486969,2,9,0,-1,19,7,3,-1,0,1,0,0,0,0,3,1,-1,9,2,77,11,1248,1,9,KIA RIO,10,-1,0,1
2024501466586,2024,501466586,1,9,0,-1,19,2,6,-1,0,1,1,0,0,0,1,1,-1,6,2,47,8,1399,1,17,KIA RIO,7,E01020043,0,1
2024201443866,2024,201443866,1,9,0,-1,19,4,8,-1,0,0,0,0,0,0,1,1,-1,6,2,31,6,1248,1,9,KIA RIO,-1,-1,0,-1
2024461503409,2024,461503409,1,9,0,-1,19,7,2,-1,0,4,0,0,0,0,3,1,-1,9,1,45,7,1248,1,10,KIA RIO,4,E01020189,0,5
2024501472428,2024,501472428,2,9,0,-1,4,2,6,-1,0,2,0,0,0,0,2,1,-1,9,1,29,6,1248,1,6,KIA RIO,8,E01015038,0,1
2024122400213,2024,122400213,2,9,0,18,19,6,2,0,0,1,0,0,0,0,1,1,6,6,2,65,9,1197,1,2,KIA RIO,8,E01027645,0,2
2024451407810,2024,451407810,3,9,0,-1,4,5,1,-1,0,0,0,0,0,0,2,1,-1,2,2,52,8,1399,1,13,KIA RIO,10,E01030330,0,2
2024010519368,2024,010519368,1,9,0,18,19,1,5,0,0,0,5,0,0,0,1,2,6,6,2,86,11,998,8,0,KIA STONIC,-1,-1,0,-1
2024991478968,2024,991478968,4,9,0,-1,19,2,6,-1,0,0,0,0,0,0,2,1,-1,9,1,34,6,998,1,4,KIA STONIC,-1,-1,0,-1
2024531394329,2024,531394329,2,9,0,-1,19,2,6,-1,0,0,0,0,0,0,1,1,-1,9,1,77,11,1598,2,6,KIA STONIC,7,E01034789,0,3
2024440405082,2024,440405082,1,9,0,3,3,4,8,0,0,0,0,0,0,0,2,1,6,6,2,27,6,998,1,0,KIA STONIC,10,E01022573,0,1
2024501494099,2024,501494099,2,9,0,-1,-1,-1,-1,-1,-1,8,-1,-1,-1,0,-1,1,-1,6,3,-1,-1,998,1,0,KIA STONIC,-1,-1,0,-1
2024421488364,2024,421488364,2,9,0,-1,19,1,5,-1,0,8,0,0,0,0,4,1,-1,2,2,30,6,998,1,6,KIA STONIC,4,E01021984,0,4
2024631397766,2024,631397766,1,9,0,-1,19,2,6,-1,0,8,0,0,0,0,4,1,-1,2,2,37,7,998,1,2,KIA STONIC,6,W01000698,0,1
2024010536368,2024,010536368,1,9,0,99,99,9,9,0,0,1,0,0,0,0,1,1,6,6,2,45,7,1582,2,6,KIA STONIC,3,E01003151,0,2
2024522402915,2024,522402915,1,9,0,5,5,7,3,8,6,0,0,0,0,0,3,1,6,6,1,69,10,1368,1,5,KIA STONIC,7,E01014577,0,3
2024131452691,2024,131452691,1,9,0,-1,9,1,1,-1,0,2,0,0,0,0,1,1,-1,9,1,65,9,998,8,3,KIA STONIC,3,E01010727,0,1
2024461479470,2024,461479470,2,9,0,-1,9,5,1,-1,0,8,0,0,0,0,4,9,-1,6,2,57,9,1368,1,6,KIA STONIC,6,E01024763,0,1
2024501403882,2024,501403882,2,9,0,-1,3,3,6,-1,0,0,0,0,1,11,2,1,-1,6,2,25,5,1368,1,6,KIA STONIC,1,E01015057,0,3
2024201486896,2024,201486896,1,9,0,-1,19,5,1,-1,0,2,0,0,0,0,1,1,-1,6,1,35,6,998,8,1,KIA STONIC,-1,-1,0,-1
2024131423257,2024,131423257,2,9,0,-1,19,5,1,-1,0,1,0,0,0,0,1,1,-1,9,1,49,8,998,1,2,KIA STONIC,7,E01011828,0,1
2024010512771,2024,010512771,1,9,0,99,99,9,9,99,99,9,9,99,9,99,1,9,6,6,3,-1,-1,998,8,1,KIA STONIC,-1,-1,0,-1
2024010503073,2024,010503073,1,9,0,99,99,9,9,99,99,9,9,99,9,99,9,9,6,6,2,58,9,998,1,6,KIA STONIC,10,E01000839,0,1
2024501456205,2024,501456205,1,9,0,-1,19,5,1,-1,0,0,2,10,7,11,4,1,-1,6,2,60,9,998,8,1,KIA STONIC,3,E01018989,0,4
2024501484111,2024,501484111,1,9,0,-1,12,5,1,-1,0,0,0,0,8,10,1,1,-1,6,1,71,10,998,1,6,KIA STONIC,2,E01020141,0,1
2024471407422,2024,471407422,2,9,0,-1,19,3,7,-1,0,0,0,0,1,9,1,1,-1,9,2,52,8,998,8,3,KIA STONIC,7,E01030527,0,3
2024201466273,2024,201466273,1,9,0,-1,7,3,6,-1,0,6,0,10,1,10,1,9,-1,9,1,19,4,998,8,0,KIA STONIC,4,E01009228,0,2
2024010498280,2024,010498280,1,9,0,17,19,5,1,0,0,2,0,0,0,0,1,1,6,6,2,65,9,998,8,2,KIA STONIC,9,E01000716,0,1