collision_index,collision_year,collision_ref_no,vehicle_reference,vehicle_type,towing_and_articulation,vehicle_manoeuvre_historic,vehicle_manoeuvre,vehicle_direction_from,vehicle_direction_to,vehicle_location_restricted_lane_historic,vehicle_location_restricted_lane,junction_location,skidding_and_overturning,hit_object_in_carriageway,vehicle_leaving_carriageway,hit_object_off_carriageway,first_point_of_impact,vehicle_left_hand_drive,journey_purpose_of_driver_historic,journey_purpose_of_driver,sex_of_driver,age_of_driver,age_band_of_driver,engine_capacity_cc,propulsion_code,age_of_vehicle,generic_make_model,driver_imd_decile,lsoa_of_driver,escooter_flag,driver_distance_banding
2024231533943,2024,231533943,2,9,0,-1,3,2,6,-1,0,1,0,0,0,0,2,1,-1,9,2,69,10,998,8,0,KIA STONIC,8,E01035030,0,2
2024041485760,2024,041485760,1,9,0,-1,19,1,5,-1,0,8,0,9,1,1,1,1,-1,9,1,63,9,998,8,1,KIA STONIC,3,E01024911,0,3
2024010532768,2024,010532768,1,9,0,9,9,5,3,0,0,6,0,0,0,0,1,1,6,6,2,51,8,998,8,1,KIA STONIC,9,E01003806,0,1
2024991480057,2024,991480057,1,9,0,-1,19,8,6,-1,0,6,0,0,0,0,3,1,-1,9,2,76,11,998,1,2,KIA STONIC,-1,-1,0,-1
2024520403049,2024,520403049,2,9,0,18,19,1,5,0,0,0,0,0,1,0,1,1,6,6,2,39,7,998,1,5,KIA STONIC,5,E01029054,0,1
2024211530323,2024,211530323,1,9,-1,-1,-1,-1,-1,-1,-1,0,-1,-1,-1,0,-1,9,-1,2,2,22,5,998,8,0,KIA STONIC,2,E01014357,0,1
2024461533190,2024,461533190,1,9,0,-1,19,8,4,-1,0,0,0,4,0,0,1,1,-1,6,2,56,9,998,1,2,KIA STONIC,2,E01024699,0,1
2024340NN2482,2024,340NN2482,2,9,0,-1,19,3,7,-1,0,8,0,0,1,0,3,1,-1,9,1,77,11,998,1,6,KIA STONIC,9,E01027322,0,1
2024411446061,2024,411446061,2,9,-1,-1,-1,-1,-1,-1,-1,0,-1,-1,-1,0,-1,9,-1,7,1,68,10,998,8,1,KIA STONIC,4,E01023488,0,1
2024302500180,2024,302500180,1,9,0,-1,19,4,8,-1,0,0,0,0,0,0,1,1,-1,9,1,46,8,998,8,3,KIA STONIC,-1,-1,0,-1
2024010532241,2024,010532241,1,9,0,4,4,1,5,0,0,1,1,0,0,0,2,1,6,6,2,59,9,998,8,1,KIA STONIC,8,E01002452,0,1
2024201470942,2024,201470942,1,9,0,-1,19,5,7,-1,0,4,0,0,0,0,1,1,-1,9,1,27,6,998,8,1,KIA STONIC,-1,-1,0,-1
2024320522803,2024,320522803,1,9,0,-1,-1,6,2,0,0,0,0,0,0,0,1,1,-1,-1,2,25,5,998,8,1,KIA STONIC,4,E01026034,0,1
2024070339910,2024,070339910,1,9,0,12,12,1,5,0,0,8,0,0,0,0,3,2,6,6,2,49,8,998,1,7,KIA STONIC,8,E01018493,0,2
2024231434256,2024,231434256,1,9,0,-1,9,4,2,-1,0,4,0,0,0,0,3,1,-1,9,2,60,9,998,1,4,KIA STONIC,8,E01031083,0,1
2024991420681,2024,991420681,2,9,0,-1,19,1,5,-1,0,8,5,0,7,11,4,1,-1,6,1,68,10,998,1,2,KIA STONIC,-1,-1,0,-1
2024451436225,2024,451436225,1,9,0,-1,19,3,7,-1,0,1,0,11,0,0,1,1,-1,6,1,25,5,998,8,0,KIA STONIC,2,E01001021,0,1
2024340WN3672,2024,340WN3672,1,9,0,-1,19,3,7,-1,0,6,0,0,0,0,1,1,-1,9,1,69,10,998,1,1,KIA STONIC,10,E01016781,0,4
2024361502222,2024,361502222,1,9,0,-1,19,3,7,-1,0,0,0,0,0,0,1,1,-1,9,2,65,9,998,8,2,KIA STONIC,1,E01026666,0,1
2024421517168,2024,421517168,1,9,0,-1,6,7,7,-1,0,8,0,0,0,0,1,1,-1,9,2,55,8,998,8,0,KIA STONIC,7,E01029902,0,3
2024131519576,2024,131519576,1,9,0,-1,19,7,3,-1,0,0,0,0,0,0,1,1,-1,2,1,19,4,998,8,0,KIA STONIC,1,E01010821,0,1
2024461421999,2024,461421999,2,9,0,-1,19,5,1,-1,0,1,0,0,0,0,1,1,-1,9,1,70,10,998,1,5,KIA STONIC,9,E01024814,0,2
2024201448859,2024,201448859,2,9,0,-1,9,7,5,-1,0,5,0,10,1,0,3,9,-1,6,2,55,8,998,8,3,KIA STONIC,4,E01032430,0,4
2024131461129,2024,131461129,1,9,0,-1,-1,-1,-1,-1,-1,0,-1,-1,-1,-1,-1,1,-1,6,3,-1,-1,998,1,5,KIA STONIC,-1,-1,0,-1
2024411454762,2024,411454762,1,9,0,-1,9,5,1,-1,0,1,0,0,0,0,4,1,-1,6,2,65,9,998,8,3,KIA STONIC,8,E01023658,0,1
2024371524428,2024,371524428,1,9,0,-1,9,1,7,-1,0,6,0,0,0,0,1,1,-1,6,2,48,8,998,1,1,KIA STONIC,9,E01030147,0,1
2024061512842,2024,061512842,1,9,0,-1,99,-1,-1,-1,99,0,9,99,0,0,2,1,-1,9,2,46,8,998,1,3,KIA STONIC,7,E01004933,0,2
2024122400689,2024,122400689,1,9,0,18,19,5,1,0,0,0,1,0,8,11,1,1,6,6,1,75,10,998,8,2,KIA STONIC,9,E01017432,0,5
2024461478647,2024,461478647,2,9,0,-1,4,5,3,-1,0,0,0,0,0,0,2,9,-1,2,1,40,7,998,1,4,KIA STONIC,2,E01001056,0,4
2024610027524,2024,610027524,2,9,0,18,19,3,7,0,0,0,0,4,0,0,3,1,6,6,1,73,10,998,1,0,KIA STONIC,6,W01001195,0,3
2024201522616,2024,201522616,2,9,0,-1,3,3,7,-1,0,0,0,0,0,0,2,9,-1,9,2,38,7,998,8,0,KIA STONIC,4,E01009522,0,1
2024440143697,2024,440143697,1,9,0,7,7,6,8,0,0,6,0,0,0,0,1,1,6,6,1,41,7,998,1,1,KIA STONIC,5,E01022814,0,1
2024471458975,2024,471458975,1,9,0,-1,19,5,1,-1,0,0,0,0,0,0,1,1,-1,9,1,63,9,998,8,0,KIA STONIC,6,E01021022,0,3
2024101471812,2024,101471812,2,9,0,-1,2,0,0,-1,0,0,0,0,0,0,2,1,-1,6,-1,-1,-1,998,1,5,KIA STONIC,-1,-1,0,-1
2024131497466,2024,131497466,1,9,0,-1,6,8,4,-1,0,8,0,0,0,0,3,1,-1,9,1,21,5,998,8,0,KIA STONIC,5,E01011648,0,1
2024201534013,2024,201534013,2,9,0,-1,19,2,3,-1,0,8,0,0,0,0,1,1,-1,6,2,31,6,998,1,6,KIA STONIC,2,E01008944,0,1
2024302400253,2024,302400253,3,9,0,18,19,5,1,0,0,1,0,0,0,0,3,1,6,6,1,43,7,998,1,4,KIA STONIC,10,E01019756,0,1
2024311485383,2024,311485383,1,9,0,-1,19,6,3,-1,0,8,0,0,0,0,3,1,-1,6,2,62,9,998,1,2,KIA STONIC,6,E01028175,0,1
2024122400394,2024,122400394,1,9,0,9,9,3,7,0,0,0,0,0,0,0,1,1,6,6,2,52,8,998,8,3,KIA STONIC,10,E01027670,0,3
2024221402559,2024,221402559,2,9,0,-1,10,4,2,-1,0,8,0,0,0,0,1,9,-1,6,1,61,9,998,1,4,KIA STONIC,8,E01009846,0,3
2024061501224,2024,061501224,1,9,0,-1,9,4,8,-1,0,5,0,0,0,0,1,1,-1,9,2,28,6,998,1,6,KIA STONIC,4,E01005362,0,1
2024361452882,2024,361452882,1,9,0,-1,9,7,3,-1,0,8,0,0,0,0,3,1,-1,9,2,65,9,998,1,2,KIA STONIC,1,E01026467,0,4
2024401499109,2024,401499109,2,9,0,-1,4,1,3,-1,0,0,0,0,0,0,3,1,-1,9,2,54,8,998,1,4,KIA STONIC,9,E01017449,0,1
2024041475883,2024,041475883,4,9,0,-1,2,0,0,-1,0,1,0,0,0,0,1,1,-1,6,-1,-1,-1,998,1,7,KIA STONIC,-1,-1,0,-1
2024461414726,2024,461414726,3,9,0,-1,3,8,4,-1,0,0,0,0,0,0,2,1,-1,9,2,41,7,998,1,2,KIA STONIC,7,E01024405,0,3
2024201470942,2024,201470942,3,9,0,-1,19,2,8,-1,0,8,0,0,0,0,1,1,-1,6,-1,-1,-1,998,8,1,KIA STONIC,-1,-1,0,-1
2024471527752,2024,471527752,1,9,0,-1,9,8,4,-1,0,5,1,0,7,0,4,1,-1,9,2,77,11,998,1,2,KIA STONIC,8,E01021150,0,1
2024991431506,2024,991431506,1,9,0,-1,9,8,6,-1,0,6,0,0,1,0,3,1,-1,9,1,85,11,998,1,4,KIA STONIC,-1,-1,0,-1
2024231481922,2024,231481922,1,9,0,-1,5,1,5,-1,0,6,0,0,0,0,1,1,-1,9,2,20,4,998,1,5,KIA STONIC,7,E01009116,0,4
2024522500441,2024,522500441,1,9,0,4,4,5,1,0,0,8,0,0,0,0,2,1,6,6,1,32,6,998,8,0,KIA STONIC,2,E01014691,0,1
2024320711750,2024,320711750,2,9,0,9,9,4,3,0,0,5,0,0,7,0,4,1,-1,-1,2,45,7,998,1,6,KIA STONIC,3,E01026064,0,1
2024411500556,2024,411500556,2,9,0,-1,5,1,4,-1,0,4,0,0,0,0,2,1,-1,6,2,29,6,998,1,2,KIA STONIC,10,E01017392,0,3
2024122400308,2024,122400308,2,9,0,18,19,7,3,0,0,0,0,0,0,0,1,1,6,6,1,36,7,998,1,6,KIA STONIC,10,E01033426,0,5
2024461504981,2024,461504981,2,9,0,-1,10,5,3,-1,0,1,1,0,7,0,3,2,-1,6,2,38,7,998,8,3,KIA STONIC,5,E01024171,0,1
2024440439686,2024,440439686,2,9,0,9,9,8,1,0,0,8,0,0,0,0,1,1,6,6,2,22,5,998,8,3,KIA STONIC,2,E01032879,0,1
2024122400449,2024,122400449,1,9,0,18,19,1,5,0,0,0,0,0,0,0,2,1,6,6,1,77,11,998,8,3,KIA STONIC,10,E01027893,0,1
2024041427653,2024,041427653,1,9,0,-1,12,5,1,-1,0,1,0,0,0,0,1,1,-1,1,1,62,9,998,1,0,KIA STONIC,4,E01019332,0,4
2024531499111,2024,531499111,1,9,0,-1,1,3,7,-1,0,0,0,0,0,0,2,9,-1,6,1,-1,-1,998,1,6,KIA STONIC,-1,-1,0,-1
2024302401602,2024,302401602,1,9,0,4,4,5,8,0,0,1,0,0,0,0,1,1,6,6,2,22,5,998,1,1,KIA STONIC,8,E01019725,0,1
2024631460179,2024,631460179,2,9,0,-1,4,6,2,-1,0,0,0,0,0,0,2,1,-1,9,1,29,6,998,8,0,KIA STONIC,7,W01000888,0,2
2024052400767,2024,052400767,2,9,0,3,3,4,8,0,0,1,0,0,0,0,2,1,6,6,2,31,6,998,1,5,KIA STONIC,7,E01012415,0,3
2024010524741,2024,010524741,2,9,0,18,19,2,6,0,0,1,0,0,0,0,3,1,6,6,1,60,9,1368,1,5,KIA STONIC,5,E01021443,0,3
2024332400491,2024,332400491,2,9,0,-1,2,0,0,-1,0,0,0,0,0,0,3,1,-1,6,3,-1,-1,998,8,0,KIA STONIC,-1,-1,0,-1
2024010521741,2024,010521741,1,9,0,99,99,9,9,99,99,9,9,99,9,99,1,9,6,6,3,-1,-1,1582,2,6,KIA STONIC,5,E01024428,0,3
2024311523160,2024,311523160,1,9,0,-1,19,3,7,-1,0,0,0,0,0,0,1,1,-1,6,1,59,9,998,1,1,KIA STONIC,-1,-1,0,-1
2024141508107,2024,141508107,1,9,0,-1,5,8,2,-1,0,8,0,0,0,0,1,1,-1,9,2,60,9,1368,1,5,KIA STONIC,2,E01007465,0,2
2024991469841,2024,991469841,2,9,0,-1,19,2,6,-1,0,0,0,0,0,0,2,1,-1,6,2,60,9,998,1,1,KIA STONIC,-1,-1,0,-1
2024332400929,2024,332400929,1,9,0,-1,19,8,4,-1,0,1,0,0,0,0,1,1,-1,2,1,56,9,998,1,6,KIA STONIC,7,E01025690,0,2
2024461452762,2024,461452762,1,9,0,-1,19,2,4,-1,0,0,0,0,0,0,1,9,-1,6,3,-1,-1,998,8,0,KIA STONIC,-1,-1,0,-1
2024010550657,2024,010550657,1,9,0,18,19,5,1,0,0,3,1,0,0,0,3,1,6,6,2,65,9,998,1,6,KIA STONIC,4,E01002551,0,1
2024161531287,2024,161531287,1,9,0,-1,7,5,1,-1,0,3,0,0,0,0,1,1,-1,9,1,34,6,1582,2,6,KIA STONIC,8,E01013024,0,1
2024201456179,2024,201456179,1,9,0,-1,5,1,2,-1,0,0,0,0,0,0,1,9,-1,6,2,30,6,998,8,2,KIA STONIC,4,E01029836,0,4
2024061528237,2024,061528237,1,9,0,-1,19,-1,-1,-1,0,8,0,0,0,0,1,1,-1,2,2,35,6,998,1,6,KIA STONIC,1,E01005564,0,2
2024461500799,2024,461500799,2,9,0,-1,19,5,1,-1,0,1,0,4,0,0,3,1,-1,9,1,24,5,998,8,0,KIA STONIC,3,E01035285,0,1
2024311412003,2024,311412003,1,9,0,-1,19,8,4,-1,0,1,0,0,0,0,4,1,-1,6,1,-1,-1,998,1,2,KIA STONIC,-1,-1,0,-1
2024141438820,2024,141438820,1,9,0,-1,19,8,4,-1,0,0,1,0,7,11,1,1,-1,7,2,21,5,998,8,0,KIA STONIC,1,E01007729,0,1
2024302400971,2024,302400971,1,9,0,18,19,3,7,0,0,0,0,0,0,0,1,1,6,6,2,67,10,998,1,5,KIA STONIC,2,E01005371,0,3
2024201449766,2024,201449766,1,9,0,-1,19,8,2,-1,0,8,0,0,0,0,1,1,-1,6,2,71,10,998,1,5,KIA STONIC,2,E01010010,0,1
2024010506248,2024,010506248,2,9,0,99,99,9,9,99,99,9,9,99,9,99,1,9,6,6,3,-1,-1,998,8,4,KIA STONIC,-1,-1,0,-1
2024411407959,2024,411407959,2,9,-1,-1,-1,-1,-1,-1,-1,0,-1,-1,-1,0,-1,9,-1,6,2,48,8,998,1,6,KIA STONIC,6,E01035606,0,2
2024161475157,2024,161475157,2,9,0,-1,2,0,0,-1,0,0,0,0,0,0,2,1,-1,6,-1,-1,-1,998,8,2,KIA STONIC,-1,-1,0,-1
2024201446237,2024,201446237,5,9,0,-1,2,0,0,-1,0,2,0,0,0,0,2,9,-1,1,1,27,6,998,1,6,KIA STONIC,6,E01009040,0,1
2024471520807,2024,471520807,1,9,0,-1,19,1,5,-1,0,0,0,0,0,0,1,1,-1,9,1,46,8,998,8,2,KIA STONIC,5,E01021024,0,3
2024421470739,2024,421470739,2,9,-1,-1,2,0,0,-1,0,0,0,0,0,0,2,9,-1,6,3,-1,-1,998,8,1,KIA STONIC,-1,-1,0,-1
2024421521596,2024,421521596,1,9,0,-1,19,-1,-1,-1,0,4,0,0,0,0,1,1,-1,6,2,-1,-1,998,8,0,KIA STONIC,10,E01022094,0,1
2024421436390,2024,421436390,2,9,0,-1,9,7,5,-1,0,8,0,0,0,0,3,1,-1,9,1,53,8,998,8,1,KIA STONIC,3,E01021852,0,1
2024361468005,2024,361468005,2,9,0,-1,19,-1,-1,-1,0,0,0,0,0,0,1,1,-1,6,2,46,8,998,8,3,KIA STONIC,8,E01033434,0,1
2024302400802,2024,302400802,1,9,0,16,19,7,2,0,0,0,5,0,0,0,4,1,6,6,2,30,6,998,1,5,KIA STONIC,7,E01019528,0,1
2024440282377,2024,440282377,1,9,0,1,1,3,7,0,0,0,0,0,0,0,0,1,6,6,2,-1,-1,998,1,6,KIA STONIC,-1,-1,0,-1
2024991534765,2024,991534765,1,9,0,-1,19,5,1,-1,0,0,1,0,1,0,1,9,-1,6,1,21,5,998,8,0,KIA STONIC,-1,-1,0,-1
2024451430105,2024,451430105,1,9,0,-1,19,3,1,-1,0,0,0,0,0,0,1,1,-1,6,1,38,7,998,8,1,KIA STONIC,3,E01030676,0,2
2024430310905,2024,430310905,1,9,0,18,19,8,4,0,0,0,0,0,0,0,3,1,6,6,2,64,9,998,1,4,KIA STONIC,8,E01016195,0,1
2024991488048,2024,991488048,1,9,0,-1,8,5,7,-1,0,1,0,0,0,0,1,1,-1,9,1,43,7,998,8,3,KIA STONIC,6,-1,0,1
2024522401982,2024,522401982,1,9,0,4,4,6,3,0,0,0,0,0,0,0,2,1,6,6,1,55,8,998,1,6,KIA STONIC,4,E01014650,0,2
2024122401089,2024,122401089,1,9,0,18,19,7,1,0,0,3,0,0,0,0,0,1,6,6,1,56,9,998,8,2,KIA STONIC,9,E01027575,0,1
2024421463677,2024,421463677,1,5,0,-1,19,5,1,-1,0,8,0,0,0,0,1,1,-1,9,1,41,7,1195,1,10,-1,4,E01004373,0,4
2024440197407,2024,440197407,2,5,0,13,13,4,8,0,0,8,0,0,0,0,1,1,6,6,1,72,10,1195,1,10,-1,10,E01030416,0,4
2024991418880,2024,991418880,1,5,0,-1,19,3,7,-1,0,0,1,0,1,0,4,1,-1,9,1,53,8,1195,1,11,-1,5,-1,0,1
2024161452808,2024,161452808,1,5,0,-1,7,5,8,-1,0,1,0,0,0,0,2,1,-1,6,1,57,9,1195,1,10,-1,3,E01026075,0,4
2024122400650,2024,122400650,1,5,0,13,13,7,3,0,0,1,1,0,7,0,1,1,6,6,1,51,8,1195,1,11,-1,1,E01012091,0,4
2024211473027,2024,211473027,1,5,0,-1,19,2,6,-1,0,4,5,10,1,0,1,1,-1,9,1,59,9,1195,1,8,-1,4,E01025823,0,4
2024010489519,2024,010489519,1,5,0,3,3,5,1,0,0,0,0,0,0,0,4,1,6,6,1,42,7,1195,1,10,-1,7,E01002377,0,3
2024131395497,2024,131395497,2,5,0,-1,19,5,1,-1,0,1,0,0,0,0,1,1,-1,9,1,58,9,1195,1,8,-1,7,E01027633,0,4
2024070450791,2024,070450791,2,2,0,18,19,5,1,0,0,3,0,0,0,0,3,1,6,6,1,17,4,49,1,3,-1,6,E01018722,0,2
2024320289902,2024,320289902,1,3,0,4,4,2,6,0,0,0,2,0,0,0,3,1,-1,-1,1,29,6,124,1,9,-1,2,E01026101,0,3
2024041430275,2024,041430275,1,3,0,-1,19,5,1,-1,0,0,2,0,0,0,1,1,-1,9,1,18,4,124,1,6,OTHER BRITISH MODEL MISSING,3,E01025138,0,1
2024041441388,2024,041441388,1,90,0,-1,13,3,7,-1,0,0,5,0,0,0,4,1,-1,9,1,53,8,-1,-1,-1,OTHER BRITISH MODEL MISSING,4,E01025119,0,1
2024010524837,2024,010524837,1,11,1,4,4,5,1,0,0,1,0,0,0,0,0,2,1,1,1,52,8,-1,3,6,OTHER BRITISH MODEL MISSING,4,E01003114,0,3
2024531406751,2024,531406751,1,9,0,-1,19,5,1,-1,0,0,1,0,1,9,1,1,-1,9,1,48,8,1597,1,8,OTHER BRITISH MODEL MISSING,8,E01022413,0,1
2024520402310,2024,520402310,1,9,0,18,19,7,3,0,0,8,0,0,0,0,4,1,6,6,1,20,4,1840,1,25,OTHER BRITISH MODEL MISSING,6,E01029021,0,1
2024122400370,2024,122400370,1,11,0,5,5,7,3,0,0,8,0,0,0,0,0,1,1,1,1,61,9,6692,2,15,OTHER BRITISH MODEL MISSING,6,E01027878,0,3
2024522401740,2024,522401740,2,3,0,3,3,2,6,0,0,0,0,0,0,0,1,1,6,6,1,57,9,124,1,19,OTHER BRITISH MODEL MISSING,3,E01014942,0,1
2024061516537,2024,061516537,1,4,0,-1,7,-1,-1,-1,0,0,2,0,0,0,2,1,-1,1,1,44,7,125,1,0,OTHER BRITISH MODEL MISSING,5,E01005962,0,1
2024451515473,2024,451515473,2,11,0,-1,3,2,6,-1,0,0,0,0,0,0,0,1,-1,1,1,27,6,-1,3,6,OTHER BRITISH MODEL MISSING,8,E01030478,0,3
2024421518022,2024,421518022,2,2,0,-1,19,6,2,-1,0,0,0,0,0,0,4,1,-1,6,2,16,4,50,1,2,OTHER BRITISH MODEL MISSING,8,E01034364,0,2
2024010529541,2024,010529541,1,11,0,18,19,1,5,0,0,1,0,0,0,0,0,1,1,1,1,43,7,6692,2,14,OTHER BRITISH MODEL MISSING,2,E01001114,0,1
2024070154676,2024,070154676,2,11,0,13,13,1,5,0,0,0,0,0,0,0,1,1,1,1,1,64,9,4461,2,14,OTHER BRITISH MODEL MISSING,2,E01029543,0,3
2024361463840,2024,361463840,2,22,0,-1,19,7,3,-1,0,1,0,0,0,0,4,1,-1,6,1,87,11,-1,3,2,OTHER BRITISH MODEL MISSING,9,E01026708,0,1
202460Q063945,2024,60Q063945,1,9,0,13,13,6,2,0,0,0,2,0,1,3,1,1,6,6,1,60,9,1998,1,17,OTHER BRITISH MODEL MISSING,-1,-1,0,-1
2024010509076,2024,010509076,1,11,0,18,19,5,1,0,0,1,0,0,0,0,0,1,1,1,1,59,9,6692,2,14,OTHER BRITISH MODEL MISSING,8,E01000703,0,2
2024440124065,2024,440124065,1,9,0,18,19,8,4,0,0,2,1,0,1,0,3,1,6,6,1,19,4,1497,1,21,OTHER BRITISH MODEL MISSING,6,E01022584,0,1
2024122400911,2024,122400911,1,2,0,7,7,5,7,0,0,1,0,0,0,0,0,1,6,6,1,20,4,49,1,6,OTHER BRITISH MODEL MISSING,1,E01027817,0,1
2024501535822,2024,501535822,1,2,0,-1,13,7,3,-1,0,1,5,0,3,0,1,1,-1,7,1,16,4,49,1,0,OTHER BRITISH MODEL MISSING,2,E01015259,0,2
2024371496975,2024,371496975,1,17,0,-1,19,-1,-1,-1,0,0,0,0,0,0,-1,9,-1,6,1,23,5,6700,2,1,OTHER BRITISH MODEL MISSING,6,E01030100,0,2
2024421476385,2024,421476385,1,3,0,-1,19,3,7,-1,0,0,1,0,0,0,4,1,-1,9,1,64,9,596,1,-1,OTHER BRITISH MODEL MISSING,9,E01007825,0,5
2024010544847,2024,010544847,2,11,0,4,4,3,7,0,0,0,0,0,0,0,2,1,1,1,1,35,6,-1,3,6,OTHER BRITISH MODEL MISSING,-1,-1,0,-1
2024070142616,2024,070142616,3,9,0,18,19,5,1,0,0,0,0,0,0,0,3,1,6,6,1,71,10,1686,2,22,OTHER BRITISH MODEL MISSING,3,E01034840,0,3
2024501405275,2024,501405275,1,9,0,-1,19,5,1,-1,0,0,0,0,0,0,4,9,-1,6,1,55,8,1998,1,69,OTHER BRITISH MODEL MISSING,7,E01029749,0,5
2024552400602,2024,552400602,1,9,0,18,19,3,7,0,0,0,0,0,5,7,1,1,6,6,1,18,4,1840,1,26,OTHER BRITISH MODEL MISSING,6,E01020543,0,1
2024471410732,2024,471410732,2,3,0,-1,2,0,0,-1,-1,0,0,0,0,0,1,1,-1,6,3,-1,-1,125,1,1,OTHER BRITISH MODEL MISSING,-1,-1,0,-1
2024041431985,2024,041431985,3,9,0,-1,3,2,3,-1,0,1,0,0,0,0,1,1,-1,9,1,58,9,1360,1,16,OTHER BRITISH MODEL MISSING,7,E01025270,0,1
2024010500126,2024,010500126,1,11,0,18,19,4,8,2,2,0,0,0,0,0,0,1,1,1,1,45,7,-1,3,5,OTHER BRITISH MODEL MISSING,2,E01001549,0,3
2024010493522,2024,010493522,1,11,0,7,7,5,8,0,0,2,0,0,0,0,1,1,1,1,1,46,8,-1,3,6,OTHER BRITISH MODEL MISSING,4,E01027189,0,4
2024010515779,2024,010515779,1,11,0,99,99,9,9,99,99,9,9,99,9,99,0,9,1,1,1,47,8,8900,2,12,OTHER BRITISH MODEL MISSING,5,E01003148,0,2
2024332400801,2024,332400801,1,9,0,-1,19,6,2,-1,0,1,0,0,0,0,1,1,-1,9,1,34,6,-1,-1,-1,OTHER BRITISH MODEL MISSING,2,E01013684,0,1
2024010501147,2024,010501147,1,11,0,4,4,3,7,2,2,1,0,0,0,0,0,1,1,1,1,42,7,6692,2,15,OTHER BRITISH MODEL MISSING,5,E01033787,0,1
2024010506771,2024,010506771,1,11,0,4,4,1,5,0,0,1,0,0,0,0,4,1,1,1,1,63,9,-1,3,7,OTHER BRITISH MODEL MISSING,4,E01001511,0,3
2024131499030,2024,131499030,1,9,0,-1,19,5,1,-1,0,8,0,0,0,0,1,1,-1,6,1,28,6,1596,1,21,OTHER BRITISH MODEL MISSING,2,E01010894,0,1
2024010528335,2024,010528335,2,9,0,17,19,1,5,0,0,1,0,0,0,0,3,1,6,6,1,57,9,1000,1,24,OTHER BRITISH MODEL MISSING,2,E01003087,0,1
2024101429954,2024,101429954,1,11,0,-1,2,1,5,-1,0,0,0,0,0,0,0,1,-1,1,1,58,9,6692,2,15,OTHER BRITISH MODEL MISSING,3,E01008476,0,1
2024440343219,2024,440343219,1,4,0,18,19,7,3,0,0,1,0,0,0,0,4,1,6,6,1,56,9,150,1,55,OTHER BRITISH MODEL MISSING,7,E01022724,0,1
2024010512084,2024,010512084,2,11,0,18,19,7,3,0,0,6,0,0,0,0,1,1,1,1,1,54,8,-1,3,7,OTHER BRITISH MODEL MISSING,3,E01032584,0,2
2024010539097,2024,010539097,2,11,0,3,3,7,3,0,0,1,0,0,0,0,1,1,1,1,1,64,9,-1,3,6,OTHER BRITISH MODEL MISSING,2,E01001911,0,1
2024031458759,2024,031458759,1,4,0,-1,19,5,6,-1,0,0,0,0,0,0,1,1,-1,6,1,68,10,350,1,-1,OTHER BRITISH MODEL MISSING,3,E01019291,0,2
2024991444254,2024,991444254,1,5,0,-1,19,1,4,-1,0,0,0,0,7,0,3,1,-1,6,1,26,6,599,1,24,OTHER BRITISH MODEL MISSING,4,-1,0,4
2024010508458,2024,010508458,1,11,0,15,15,5,1,0,0,0,0,0,0,0,1,1,1,1,1,62,9,6692,2,15,OTHER BRITISH MODEL MISSING,3,E01000062,0,1
2024041427273,2024,041427273,2,4,0,-1,19,3,7,-1,0,0,0,0,0,0,2,1,-1,9,1,76,11,197,1,-1,OTHER BRITISH MODEL MISSING,4,E01007053,0,4
2024122401290,2024,122401290,1,11,0,18,19,1,5,0,0,1,0,0,0,0,0,1,1,1,1,21,5,6692,2,15,OTHER BRITISH MODEL MISSING,7,E01027890,0,3
2024531455917,2024,531455917,1,3,0,-1,9,1,1,-1,0,6,0,0,0,0,2,1,-1,1,1,47,8,125,1,0,OTHER BRITISH MODEL MISSING,9,E01022101,0,1
2024311471227,2024,311471227,1,22,0,-1,9,2,3,-1,0,1,0,0,0,0,1,1,-1,9,1,94,11,-1,3,1,OTHER BRITISH MODEL MISSING,2,E01028027,0,1
2024440170200,2024,440170200,1,9,0,7,7,5,6,0,0,8,1,0,1,4,1,1,6,6,1,68,10,5000,1,12,OTHER BRITISH MODEL MISSING,10,E01023244,0,4
2024991464332,2024,991464332,1,3,0,-1,5,3,7,-1,0,4,0,0,0,0,1,1,-1,6,1,17,4,124,1,1,OTHER BRITISH MODEL MISSING,2,-1,0,1
2024401515531,2024,401515531,1,4,0,-1,19,5,1,-1,0,0,1,4,0,0,1,1,-1,6,1,32,6,450,1,4,OTHER BRITISH MODEL MISSING,2,E01017602,0,1
2024061503703,2024,061503703,1,22,0,-1,19,1,5,-1,0,1,5,10,0,0,3,1,-1,9,1,71,10,-1,3,-1,OTHER BRITISH MODEL MISSING,3,E01006376,0,1
2024010501994,2024,010501994,1,11,0,18,19,3,7,0,0,9,0,0,0,0,1,1,6,6,1,46,8,-1,3,7,OTHER BRITISH MODEL MISSING,3,E01000108,0,3