collision_index,collision_year,collision_ref_no,vehicle_reference,vehicle_type,towing_and_articulation,vehicle_manoeuvre_historic,vehicle_manoeuvre,vehicle_direction_from,vehicle_direction_to,vehicle_location_restricted_lane_historic,vehicle_location_restricted_lane,junction_location,skidding_and_overturning,hit_object_in_carriageway,vehicle_leaving_carriageway,hit_object_off_carriageway,first_point_of_impact,vehicle_left_hand_drive,journey_purpose_of_driver_historic,journey_purpose_of_driver,sex_of_driver,age_of_driver,age_band_of_driver,engine_capacity_cc,propulsion_code,age_of_vehicle,generic_make_model,driver_imd_decile,lsoa_of_driver,escooter_flag,driver_distance_banding
2024141407582,2024,141407582,1,19,4,-1,4,1,5,-1,0,4,0,0,0,0,1,1,-1,1,1,26,6,1968,2,5,VOLKSWAGEN CRAFTER,1,E01007495,0,3
2024991457341,2024,991457341,1,19,0,-1,19,7,3,-1,0,1,0,0,0,0,3,1,-1,1,1,35,6,1968,2,5,VOLKSWAGEN CRAFTER,-1,-1,0,-1
2024070637549,2024,070637549,1,19,0,9,9,7,5,0,0,8,0,0,0,0,4,1,1,1,1,-1,-1,1968,2,1,VOLKSWAGEN CRAFTER,-1,-1,0,-1
2024451410112,2024,451410112,1,19,0,-1,19,2,6,-1,0,0,0,0,0,0,1,1,-1,1,1,40,7,1968,2,3,VOLKSWAGEN CRAFTER,7,E01035320,0,4
2024041496601,2024,041496601,1,19,0,-1,11,5,7,-1,0,1,0,0,0,0,4,1,-1,1,1,19,4,1968,2,1,VOLKSWAGEN CRAFTER,8,E01004953,0,4
2024231477304,2024,231477304,1,19,0,-1,19,4,8,-1,0,0,1,0,1,7,4,1,-1,1,1,59,9,1968,2,2,VOLKSWAGEN CRAFTER,3,E01000080,0,5
2024031503099,2024,031503099,1,19,0,-1,19,5,1,-1,0,0,0,0,0,0,1,1,-1,1,1,45,7,1968,2,1,VOLKSWAGEN CRAFTER,2,E01009391,0,5
2024131453704,2024,131453704,1,19,0,-1,19,7,3,-1,0,0,0,0,0,0,1,1,-1,1,1,45,7,1968,2,3,VOLKSWAGEN CRAFTER,1,E01005464,0,4
2024991490226,2024,991490226,3,20,0,-1,19,4,8,-1,0,0,0,11,1,10,1,1,-1,1,1,57,9,-1,-1,-1,VOLKSWAGEN CRAFTER,6,-1,0,2
2024991396978,2024,991396978,2,19,0,-1,2,0,0,-1,0,0,0,0,0,0,4,1,-1,6,-1,-1,-1,1968,2,1,VOLKSWAGEN CRAFTER,-1,-1,0,-1
2024131475113,2024,131475113,1,19,0,-1,1,1,5,-1,0,0,0,0,0,0,2,1,-1,1,1,49,8,1968,2,5,VOLKSWAGEN CRAFTER,1,E01011492,0,1
2024101423744,2024,101423744,2,19,0,-1,19,3,7,-1,0,1,0,0,0,0,1,1,-1,1,1,23,5,1968,2,3,VOLKSWAGEN CRAFTER,5,-1,0,4
2024371494136,2024,371494136,2,19,0,-1,13,-1,-1,-1,0,0,0,0,5,0,4,1,-1,1,2,63,9,1968,2,4,VOLKSWAGEN CRAFTER,6,E01030100,0,4
2024371437458,2024,371437458,1,19,0,-1,19,3,5,-1,0,2,0,0,0,0,1,1,-1,1,1,40,7,1968,2,2,VOLKSWAGEN CRAFTER,1,E01013622,0,5
2024201470211,2024,201470211,1,19,0,-1,1,4,8,-1,0,0,0,0,0,0,2,1,-1,6,1,50,8,1968,2,8,VOLKSWAGEN CRAFTER,-1,-1,0,-1
2024522403451,2024,522403451,1,19,0,6,6,1,1,0,0,0,0,0,0,0,4,1,6,6,1,54,8,1968,2,9,VOLKSWAGEN CRAFTER,2,E01014578,0,1
2024421493884,2024,421493884,4,19,0,-1,3,3,7,-1,0,0,0,0,0,0,2,1,-1,9,1,28,6,1968,2,8,VOLKSWAGEN CRAFTER,7,E01033449,0,4
2024131509909,2024,131509909,1,19,0,-1,-1,-1,-1,-1,-1,0,-1,-1,-1,-1,-1,1,-1,6,3,-1,-1,1968,2,5,VOLKSWAGEN CRAFTER,-1,-1,0,-1
2024451438839,2024,451438839,1,19,0,-1,19,5,1,-1,0,1,0,0,0,0,1,1,-1,1,1,32,6,1968,2,11,VOLKSWAGEN CRAFTER,10,E01022895,0,4
2024101421588,2024,101421588,1,19,0,-1,1,3,8,-1,0,8,0,0,0,0,2,1,-1,1,2,48,8,1968,2,12,VOLKSWAGEN CRAFTER,9,W01001655,0,5
2024010527005,2024,010527005,2,19,0,9,9,5,2,0,0,1,0,0,0,0,4,1,6,6,3,-1,-1,1968,2,2,VOLKSWAGEN CRAFTER,-1,-1,0,-1
2024010518920,2024,010518920,1,19,0,6,6,4,4,0,0,8,0,0,0,0,3,1,1,1,1,31,6,1968,2,2,VOLKSWAGEN CRAFTER,8,E01000786,0,4
2024122500130,2024,122500130,1,19,0,1,1,6,2,0,0,0,0,0,0,0,2,1,1,1,1,35,6,1968,2,0,VOLKSWAGEN CRAFTER,3,E01011529,0,4
2024010528809,2024,010528809,1,19,0,18,19,3,7,0,0,1,0,0,0,0,3,1,1,1,1,32,6,1968,2,4,VOLKSWAGEN CRAFTER,3,E01021328,0,4
2024421461092,2024,421461092,1,19,0,-1,19,7,3,-1,0,0,0,0,0,0,1,1,-1,1,1,21,5,1968,2,1,VOLKSWAGEN CRAFTER,8,E01033610,0,4
2024131572950,2024,131572950,2,19,0,-1,2,5,5,-1,0,1,0,0,0,0,2,1,-1,6,-1,-1,-1,1968,2,6,VOLKSWAGEN CRAFTER,-1,-1,0,-1
2024311420026,2024,311420026,3,19,0,-1,14,5,1,-1,0,0,0,11,0,0,1,1,-1,6,1,21,5,1968,2,4,VOLKSWAGEN CRAFTER,-1,-1,0,-1
2024520403339,2024,520403339,3,19,0,3,3,4,8,0,0,0,0,0,0,0,0,1,1,1,1,32,6,1968,2,1,VOLKSWAGEN CRAFTER,7,E01013294,0,5
2024010513895,2024,010513895,3,19,0,2,2,0,0,0,0,8,0,0,0,0,1,1,6,6,3,-1,-1,1968,2,4,VOLKSWAGEN CRAFTER,-1,-1,0,-1
2024421499954,2024,421499954,2,19,0,-1,9,4,2,-1,0,8,0,0,0,0,0,1,-1,1,1,27,6,1968,2,7,VOLKSWAGEN CRAFTER,4,E01023333,0,4
2024461472226,2024,461472226,4,19,0,-1,12,1,5,-1,0,0,0,0,0,0,0,1,-1,6,-1,20,4,1968,2,6,VOLKSWAGEN CRAFTER,10,E01003745,0,4
2024041431001,2024,041431001,2,19,0,-1,19,1,5,-1,0,0,0,0,0,0,2,1,-1,2,1,25,5,1968,2,10,VOLKSWAGEN CRAFTER,4,E01019137,0,5
2024070244586,2024,070244586,1,19,0,5,5,1,5,0,0,0,0,0,0,0,4,1,1,1,1,-1,-1,1968,2,1,VOLKSWAGEN CRAFTER,7,E01018708,0,3
2024052400425,2024,052400425,2,19,0,4,4,8,3,0,0,0,0,0,0,0,2,1,6,6,1,64,9,2461,2,17,VOLKSWAGEN CRAFTER,5,E01006687,0,2
2024421492460,2024,421492460,1,19,0,-1,1,1,5,-1,0,0,0,0,0,0,2,1,-1,1,1,39,7,1968,2,9,VOLKSWAGEN CRAFTER,10,E01021465,0,4
2024421404063,2024,421404063,2,19,0,-1,4,4,8,-1,0,8,0,0,0,0,2,1,-1,1,1,43,7,1968,2,5,VOLKSWAGEN CRAFTER,2,E01003761,0,4
2024461442794,2024,461442794,1,19,0,-1,19,7,3,-1,0,3,0,0,0,0,1,1,-1,9,1,60,9,1968,2,7,VOLKSWAGEN CRAFTER,2,E01000034,0,3
2024421507103,2024,421507103,1,19,0,-1,19,6,2,-1,0,0,1,0,0,0,1,1,-1,1,1,55,8,1968,2,1,VOLKSWAGEN CRAFTER,5,E01035174,0,4
2024461508463,2024,461508463,1,19,0,-1,2,2,2,-1,0,1,0,0,0,0,1,9,-1,6,1,40,7,1968,2,3,VOLKSWAGEN CRAFTER,9,E01000765,0,4
2024161448974,2024,161448974,2,19,0,-1,19,2,6,-1,0,0,0,0,0,0,1,1,-1,1,1,22,5,1968,2,2,VOLKSWAGEN CRAFTER,10,E01013340,0,3
2024010501751,2024,010501751,1,19,0,9,9,3,2,0,0,8,0,0,0,0,1,1,1,1,1,64,9,1968,2,1,VOLKSWAGEN CRAFTER,3,E01007480,0,5
2024041478617,2024,041478617,1,19,0,-1,12,1,5,-1,0,0,2,0,0,0,1,1,-1,1,1,29,6,1968,2,4,VOLKSWAGEN CRAFTER,2,E01025101,0,2
2024440500029,2024,440500029,2,20,0,4,4,2,6,0,0,1,0,0,0,0,1,1,6,6,3,-1,-1,1968,2,1,VOLKSWAGEN CRAFTER,-1,-1,0,-1
2024010505117,2024,010505117,1,19,0,9,9,1,6,0,0,8,0,0,0,0,4,1,6,6,1,55,8,1968,2,1,VOLKSWAGEN CRAFTER,4,E01001167,0,1
2024331481447,2024,331481447,1,19,0,-1,-1,5,1,-1,-1,0,0,11,0,0,1,1,-1,-1,1,37,7,1968,2,7,VOLKSWAGEN CRAFTER,5,E01011902,0,5
2024451409455,2024,451409455,3,19,0,-1,19,7,3,-1,0,1,0,0,0,0,1,1,-1,1,1,45,7,1968,2,7,VOLKSWAGEN CRAFTER,3,E01004189,0,4
2024440069075,2024,440069075,1,19,0,18,19,5,1,0,0,0,0,0,0,0,1,1,6,6,3,28,6,1968,2,4,VOLKSWAGEN CRAFTER,3,E01016726,0,4
2024010505702,2024,010505702,2,10,0,3,3,5,1,0,0,1,0,0,0,0,2,1,3,7,1,64,9,1968,2,4,VOLKSWAGEN CRAFTER,6,E01004109,0,3
2024501463665,2024,501463665,2,19,4,-1,19,7,4,-1,0,0,0,0,0,0,3,1,-1,1,1,56,9,1968,2,8,VOLKSWAGEN CRAFTER,5,E01034970,0,5
2024010512163,2024,010512163,2,19,0,18,19,5,1,0,0,8,0,0,0,0,3,1,1,1,1,54,8,1968,2,5,VOLKSWAGEN CRAFTER,5,E01016404,0,4
2024131400151,2024,131400151,1,19,0,-1,19,8,4,-1,0,8,0,0,0,0,1,1,-1,1,1,56,9,1968,2,4,VOLKSWAGEN CRAFTER,2,E01010796,0,3
2024552400578,2024,552400578,1,19,0,4,4,4,8,0,0,0,0,0,0,0,1,1,1,1,3,-1,-1,1968,2,1,VOLKSWAGEN CRAFTER,-1,-1,0,-1
2024471522939,2024,471522939,2,19,0,-1,11,3,7,-1,0,0,0,0,0,0,4,9,-1,6,1,60,9,1968,2,8,VOLKSWAGEN CRAFTER,8,E01017008,0,1
2024010531998,2024,010531998,2,20,0,4,4,5,1,0,0,2,0,0,0,0,4,1,1,1,1,62,9,-1,-1,-1,VOLKSWAGEN CRAFTER,2,E01013943,0,5
2024010500699,2024,010500699,1,19,0,18,19,3,7,0,0,2,0,0,0,0,1,1,2,2,1,45,7,1968,2,5,VOLKSWAGEN CRAFTER,2,E01001081,0,2
2024010536608,2024,010536608,1,19,0,99,99,9,9,99,99,9,9,99,9,99,9,1,6,6,3,-1,-1,1968,2,3,VOLKSWAGEN CRAFTER,-1,-1,0,-1
2024461484707,2024,461484707,1,19,0,-1,4,6,2,-1,0,0,0,0,0,0,1,1,-1,1,1,74,10,1968,2,1,VOLKSWAGEN CRAFTER,3,E01003050,0,4
202454C219224,2024,54C219224,1,19,0,18,19,5,1,0,0,1,0,0,0,0,1,1,1,1,1,80,11,2461,2,17,VOLKSWAGEN CRAFTER,7,E01029028,0,4
2024010511422,2024,010511422,3,19,0,18,19,7,3,0,0,8,0,0,0,0,3,1,6,6,1,33,6,1968,2,1,VOLKSWAGEN CRAFTER,10,E01030307,0,3
2024461487039,2024,461487039,1,19,0,-1,19,7,3,-1,0,0,2,4,0,0,1,1,-1,1,1,34,6,1968,2,9,VOLKSWAGEN CRAFTER,4,E01024696,0,3
2024520402134,2024,520402134,1,19,0,4,4,2,6,0,0,8,0,0,0,0,3,1,6,6,1,65,9,1968,2,3,VOLKSWAGEN CRAFTER,6,E01014848,0,4
2024302400238,2024,302400238,1,19,0,4,4,6,2,0,0,1,0,0,0,0,1,1,6,6,3,-1,-1,1968,2,6,VOLKSWAGEN CRAFTER,5,E01019456,0,1
2024070870467,2024,070870467,3,19,0,-1,19,5,1,-1,0,0,0,0,0,0,1,1,-1,1,1,56,9,1968,2,2,VOLKSWAGEN CRAFTER,2,E01003111,0,5
2024631527842,2024,631527842,2,19,0,-1,2,0,0,-1,9,2,0,0,0,0,2,1,-1,6,-1,-1,-1,1968,2,11,VOLKSWAGEN CRAFTER,-1,-1,0,-1
2024211494039,2024,211494039,1,19,0,-1,19,7,3,-1,0,0,0,0,0,0,3,1,-1,6,1,58,9,1968,2,5,VOLKSWAGEN CRAFTER,7,E01029562,0,3
2024522402390,2024,522402390,2,19,0,9,9,5,2,0,0,5,0,0,0,0,1,1,6,6,3,-1,-1,1968,2,1,VOLKSWAGEN CRAFTER,-1,-1,0,-1
2024501432398,2024,501432398,2,19,0,-1,4,3,7,-1,0,1,0,0,0,0,2,1,-1,1,1,31,6,1968,2,2,VOLKSWAGEN CRAFTER,5,E01034169,0,4
2024991487224,2024,991487224,2,10,0,-1,19,1,5,-1,0,6,0,0,0,0,1,1,-1,1,2,59,9,1968,2,11,VOLKSWAGEN CRAFTER,1,-1,0,1
2024622400459,2024,622400459,2,19,0,18,19,5,1,0,0,1,0,0,0,0,3,1,6,6,1,27,6,1968,2,0,VOLKSWAGEN CRAFTER,4,W01001974,0,4
2024010524960,2024,010524960,3,19,0,2,2,0,0,0,0,1,0,4,0,0,0,1,6,6,3,-1,-1,1968,2,7,VOLKSWAGEN CRAFTER,-1,-1,0,-1
2024451430509,2024,451430509,2,19,0,-1,1,5,1,-1,0,1,0,0,0,0,2,1,-1,1,1,37,7,1968,2,2,VOLKSWAGEN CRAFTER,3,E01003615,0,4
2024991421534,2024,991421534,1,19,0,-1,5,1,6,-1,0,2,0,0,0,0,1,1,-1,1,1,51,8,1968,2,7,VOLKSWAGEN CRAFTER,4,-1,0,3
2024010502761,2024,010502761,1,19,0,7,7,1,4,0,0,5,0,0,0,0,4,1,1,1,1,60,9,1968,2,11,VOLKSWAGEN CRAFTER,1,E01002855,0,1
2024010513312,2024,010513312,2,19,0,18,19,9,9,99,99,9,9,99,9,99,0,9,6,6,3,-1,-1,1968,2,2,VOLKSWAGEN CRAFTER,-1,-1,0,-1
2024461509292,2024,461509292,1,19,0,-1,1,7,3,-1,0,1,0,0,0,0,2,1,-1,1,1,42,7,1968,2,6,VOLKSWAGEN CRAFTER,7,E01024726,0,1
2024501407155,2024,501407155,2,19,0,-1,19,2,6,-1,0,0,0,0,0,0,1,9,-1,1,1,26,6,1968,2,3,VOLKSWAGEN CRAFTER,3,E01020079,0,4
2024010517580,2024,010517580,3,19,0,2,2,0,0,6,6,1,0,0,0,0,2,1,6,6,3,-1,-1,1968,2,2,VOLKSWAGEN CRAFTER,-1,-1,0,-1
2024131480256,2024,131480256,1,19,0,-1,1,2,6,-1,0,0,0,0,0,0,2,1,-1,6,1,37,7,1968,2,6,VOLKSWAGEN CRAFTER,5,E01003340,0,5
2024320009223,2024,320009223,2,19,0,-1,-1,6,2,0,0,8,0,0,1,10,1,1,1,1,1,20,4,1968,2,1,VOLKSWAGEN CRAFTER,-1,-1,0,-1
2024010528089,2024,010528089,1,19,0,18,19,5,1,0,0,2,0,0,0,0,3,1,1,1,1,45,7,1968,2,5,VOLKSWAGEN CRAFTER,5,E01003000,0,1
2024231452077,2024,231452077,1,19,0,-1,19,2,6,-1,0,0,0,0,0,0,1,9,-1,1,2,34,6,1968,2,5,VOLKSWAGEN CRAFTER,9,E01025820,0,4
2024141505404,2024,141505404,2,19,0,-1,4,5,1,-1,0,0,0,0,0,0,2,1,-1,2,1,51,8,1968,2,3,VOLKSWAGEN CRAFTER,1,E01010030,0,5
2024471505508,2024,471505508,1,19,0,-1,19,2,6,-1,0,0,1,0,0,0,4,1,-1,2,1,32,6,1968,2,8,VOLKSWAGEN CRAFTER,4,E01021013,0,3
2024141484781,2024,141484781,1,19,0,-1,19,7,3,-1,0,0,0,0,0,0,3,1,-1,6,1,27,6,1968,2,5,VOLKSWAGEN CRAFTER,4,E01007641,0,2
2024131492428,2024,131492428,4,19,0,-1,2,0,0,-1,0,8,0,0,0,0,1,1,-1,6,-1,-1,-1,1968,2,6,VOLKSWAGEN CRAFTER,-1,-1,0,-1
2024320036680,2024,320036680,1,19,0,-1,-1,6,2,0,0,0,0,0,0,0,1,1,-1,-1,1,60,9,1968,2,1,VOLKSWAGEN CRAFTER,1,E01007726,0,4
2024010537485,2024,010537485,1,19,9,99,99,9,9,99,99,9,9,99,9,99,9,9,6,6,3,-1,-1,1968,2,12,VOLKSWAGEN CRAFTER,-1,-1,0,-1
2024411499537,2024,411499537,1,19,0,-1,1,4,8,-1,0,2,0,0,0,0,2,1,-1,6,-1,-1,-1,1968,2,5,VOLKSWAGEN CRAFTER,-1,-1,0,-1
2024421454332,2024,421454332,1,19,0,-1,2,0,0,-1,0,0,0,0,0,0,3,9,-1,1,2,63,9,1968,2,4,VOLKSWAGEN CRAFTER,6,E01030100,0,4
2024440471155,2024,440471155,1,19,0,18,19,1,5,0,0,8,0,0,0,0,1,1,1,1,1,24,5,1968,2,9,VOLKSWAGEN CRAFTER,4,E01001363,0,4
2024010519945,2024,010519945,7,19,0,4,4,7,3,0,0,0,0,0,0,0,2,1,2,2,1,61,9,1968,2,6,VOLKSWAGEN CRAFTER,6,E01021772,0,4
2024332400397,2024,332400397,2,19,0,-1,2,0,0,-1,0,1,0,0,0,0,4,1,-1,6,3,-1,-1,1968,2,12,VOLKSWAGEN CRAFTER,-1,-1,0,-1
2024122400622,2024,122400622,1,19,0,9,9,1,5,0,0,2,0,0,0,0,0,1,1,1,1,34,6,1968,2,4,VOLKSWAGEN CRAFTER,2,E01010871,0,4
2024421516243,2024,421516243,1,20,0,-1,19,7,3,-1,0,0,0,0,1,3,1,1,-1,1,1,72,10,-1,-1,-1,VOLKSWAGEN CRAFTER,9,E01021825,0,3
2024122400729,2024,122400729,2,19,0,4,4,5,1,0,0,1,0,0,0,0,2,1,6,6,3,-1,-1,1968,2,2,VOLKSWAGEN CRAFTER,-1,-1,0,-1
2024411409007,2024,411409007,1,19,-1,-1,-1,-1,-1,-1,-1,0,-1,-1,-1,0,-1,9,-1,6,3,-1,-1,1968,2,9,VOLKSWAGEN CRAFTER,-1,-1,0,-1
2024461401498,2024,461401498,2,19,0,-1,19,8,5,-1,0,0,0,0,0,0,2,1,-1,1,1,32,6,1968,2,2,VOLKSWAGEN CRAFTER,6,E01001572,0,4
2024010516877,2024,010516877,2,19,0,5,5,9,9,99,99,0,9,99,9,99,0,9,6,6,3,41,7,1968,2,2,VOLKSWAGEN CRAFTER,3,E01000138,0,3
2024461515762,2024,461515762,1,19,-1,-1,19,3,6,-1,0,0,0,0,0,0,1,9,-1,6,1,-1,-1,1968,2,5,VOLKSWAGEN CRAFTER,-1,-1,0,-1
2024631444407,2024,631444407,1,19,0,-1,19,2,6,-1,0,8,0,0,1,2,4,1,-1,6,1,20,4,1968,2,2,VOLKSWAGEN CRAFTER,9,W01000877,0,1
2024461503301,2024,461503301,1,19,0,-1,4,5,1,-1,0,0,0,0,0,0,4,9,-1,6,1,45,7,1968,2,1,VOLKSWAGEN CRAFTER,2,E01003783,0,4
2024461539656,2024,461539656,1,19,0,-1,9,3,1,-1,0,6,0,0,0,0,1,2,-1,1,1,23,5,1968,2,6,VOLKSWAGEN CRAFTER,10,E01024336,0,3
2024461520967,2024,461520967,1,19,0,-1,19,1,5,-1,0,0,0,0,0,0,1,1,-1,1,1,64,9,1968,2,1,VOLKSWAGEN CRAFTER,5,E01032823,0,4
2024522403132,2024,522403132,1,19,0,18,19,2,6,0,0,0,0,0,0,0,1,1,6,6,1,25,5,1968,2,8,VOLKSWAGEN CRAFTER,2,E01014692,0,1
2024010541166,2024,010541166,1,19,0,18,19,4,8,0,0,1,0,0,0,0,3,1,6,6,1,50,8,1968,2,3,VOLKSWAGEN CRAFTER,6,E01004482,0,1
2024010541889,2024,010541889,1,19,0,9,9,6,3,0,0,8,0,0,0,0,1,1,1,1,1,28,6,1968,2,6,VOLKSWAGEN CRAFTER,7,E01003414,0,3
2024520403051,2024,520403051,2,19,0,18,19,7,3,0,0,8,0,0,0,0,1,1,6,6,1,53,8,1968,2,6,VOLKSWAGEN CRAFTER,9,E01014898,0,4
2024010543031,2024,010543031,1,19,0,1,1,5,1,0,0,1,0,0,0,0,2,1,1,1,1,34,6,1968,2,5,VOLKSWAGEN CRAFTER,7,E01002700,0,1
202460Q005890,2024,60Q005890,1,19,0,4,4,8,4,0,0,8,0,0,0,0,1,1,1,1,1,24,5,1968,2,9,VOLKSWAGEN CRAFTER,-1,-1,0,-1
2024631437218,2024,631437218,1,19,0,-1,19,2,5,-1,0,0,1,0,0,0,1,1,-1,1,1,51,8,1968,2,3,VOLKSWAGEN CRAFTER,4,E01012816,0,5
202454E687424,2024,54E687424,1,19,0,18,19,4,8,0,0,1,0,10,1,1,1,1,1,1,1,32,6,1968,2,1,VOLKSWAGEN CRAFTER,10,E01028199,0,5
2024340WN4142,2024,340WN4142,2,20,0,-1,19,5,1,-1,0,0,0,0,0,0,3,1,-1,1,1,58,9,1968,2,6,VOLKSWAGEN CRAFTER,-1,-1,0,-1
2024101467492,2024,101467492,1,19,0,-1,19,8,4,-1,0,1,0,0,0,0,1,9,-1,6,1,-1,-1,1968,2,11,VOLKSWAGEN CRAFTER,-1,-1,0,-1
2024131473909,2024,131473909,1,19,0,-1,1,1,5,-1,0,0,0,0,0,0,2,1,-1,1,1,47,8,1968,2,6,VOLKSWAGEN CRAFTER,4,E01011799,0,1
2024041433183,2024,041433183,1,19,0,-1,19,7,3,-1,0,0,1,0,0,0,1,2,-1,2,1,50,8,1968,2,9,VOLKSWAGEN CRAFTER,5,E01006933,0,2
2024430174286,2024,430174286,1,19,0,18,19,6,2,0,0,6,1,0,0,0,1,1,1,1,1,55,8,1968,2,5,VOLKSWAGEN CRAFTER,-1,-1,0,-1
2024010539081,2024,010539081,4,19,0,2,2,0,0,0,0,1,0,0,0,0,2,1,6,6,3,-1,-1,1968,2,5,VOLKSWAGEN CRAFTER,-1,-1,0,-1
2024440081812,2024,440081812,1,19,0,18,19,8,4,0,0,2,0,0,0,0,3,1,6,6,3,-1,-1,1968,2,2,VOLKSWAGEN CRAFTER,-1,-1,0,-1
2024411482514,2024,411482514,2,19,0,-1,9,7,5,-1,0,1,0,0,0,0,2,1,-1,6,1,49,8,1968,2,5,VOLKSWAGEN CRAFTER,9,E01023406,0,3
2024101479547,2024,101479547,1,20,0,-1,1,7,3,-1,0,0,0,0,0,0,2,1,-1,1,1,51,8,-1,-1,-1,VOLKSWAGEN CRAFTER,1,E01008303,0,4
2024041494404,2024,041494404,1,19,0,-1,19,-1,-1,-1,0,1,0,0,0,0,-1,9,-1,6,1,19,4,1968,2,5,VOLKSWAGEN CRAFTER,1,E01025068,0,4
2024201411414,2024,201411414,1,19,0,-1,1,3,7,-1,0,2,0,0,0,0,2,1,-1,6,1,-1,-1,1968,2,10,VOLKSWAGEN CRAFTER,-1,-1,0,-1
2024501423209,2024,501423209,1,20,0,-1,1,2,6,-1,0,0,0,0,0,0,2,1,-1,1,1,31,6,-1,-1,-1,VOLKSWAGEN CRAFTER,7,W01001510,0,5
2024461472226,2024,461472226,3,19,0,-1,19,8,4,-1,0,0,0,0,0,0,1,1,-1,9,1,60,9,2461,2,17,VOLKSWAGEN CRAFTER,9,E01013194,0,5
2024041450040,2024,041450040,1,19,0,-1,9,3,7,-1,0,1,0,0,0,0,1,1,-1,2,1,57,9,1968,2,1,VOLKSWAGEN CRAFTER,1,E01012673,0,1
2024131416554,2024,131416554,2,19,0,-1,19,2,8,-1,0,1,0,0,0,0,3,1,-1,6,1,65,9,1968,2,3,VOLKSWAGEN CRAFTER,-1,-1,0,-1
2024221503268,2024,221503268,1,19,0,-1,19,5,1,-1,0,0,1,0,0,0,1,9,-1,6,1,60,9,1968,2,3,VOLKSWAGEN CRAFTER,2,E01028983,0,4
2024440373576,2024,440373576,3,19,0,18,19,1,5,0,0,4,0,0,0,0,1,1,6,6,1,38,7,1968,2,1,VOLKSWAGEN CRAFTER,10,E01030341,0,4
2024070727895,2024,070727895,1,19,0,-1,9,7,3,-1,0,2,0,0,0,0,1,1,-1,1,1,52,8,1968,2,4,VOLKSWAGEN CRAFTER,3,E01005341,0,4
2024231445558,2024,231445558,1,19,0,-1,19,4,8,-1,0,0,0,0,0,0,1,1,-1,6,1,32,6,1968,2,4,VOLKSWAGEN CRAFTER,3,E01031176,0,1
202460Q091365,2024,60Q091365,1,19,0,10,10,5,3,0,0,1,0,0,0,0,4,1,1,1,1,30,6,1968,2,9,VOLKSWAGEN CRAFTER,-1,-1,0,-1
2024522401340,2024,522401340,4,19,0,3,3,8,4,0,0,0,0,0,0,0,2,1,6,6,1,50,8,1968,2,5,VOLKSWAGEN CRAFTER,4,W01002034,0,4
2024440436817,2024,440436817,1,19,0,18,19,5,1,0,0,0,0,0,0,0,1,1,1,1,1,50,8,1968,2,1,VOLKSWAGEN CRAFTER,6,E01022503,0,3
2024401469580,2024,401469580,2,19,0,-1,2,0,0,-1,0,2,0,0,0,0,0,1,-1,6,-1,-1,-1,1968,2,8,VOLKSWAGEN CRAFTER,-1,-1,0,-1
2024461524180,2024,461524180,1,19,0,-1,19,-1,-1,-1,0,0,0,0,0,0,4,9,-1,6,1,25,5,1968,2,9,VOLKSWAGEN CRAFTER,7,E01024569,0,3
2024461432546,2024,461432546,2,19,0,-1,19,6,2,-1,0,1,0,0,0,0,1,1,-1,1,1,45,7,1968,2,3,VOLKSWAGEN CRAFTER,-1,-1,0,-1
2024131427725,2024,131427725,3,19,0,-1,2,0,0,-1,0,0,0,0,0,0,4,1,-1,6,-1,-1,-1,1968,2,4,VOLKSWAGEN CRAFTER,-1,-1,0,-1
2024302400243,2024,302400243,1,20,0,18,19,5,1,0,0,0,0,0,0,0,0,1,1,1,3,-1,-1,1968,2,2,VOLKSWAGEN CRAFTER,5,E01019456,0,3
2024010538386,2024,010538386,2,19,0,99,99,9,9,99,99,0,9,99,9,99,9,9,6,6,1,28,6,1968,2,1,VOLKSWAGEN CRAFTER,9,E01022600,0,4
2024041511371,2024,041511371,2,19,0,-1,19,4,8,-1,0,0,0,0,0,0,1,1,-1,1,1,41,7,1968,2,8,VOLKSWAGEN CRAFTER,6,E01025418,0,2
2024451410112,2024,451410112,2,19,0,-1,19,5,1,-1,0,0,0,0,0,0,1,1,-1,1,1,28,6,1968,2,2,VOLKSWAGEN CRAFTER,5,E01017171,0,4
2024991453983,2024,991453983,1,19,0,-1,9,8,6,-1,0,8,0,0,0,0,1,1,-1,1,1,43,7,1968,2,0,VOLKSWAGEN CRAFTER,5,E01019225,0,4
2024010519886,2024,010519886,1,19,0,4,4,5,1,0,0,0,0,4,0,0,3,1,6,6,1,55,8,1968,2,1,VOLKSWAGEN CRAFTER,3,E01001688,0,2
2024552400348,2024,552400348,2,19,0,9,9,6,4,0,0,5,0,0,0,0,3,1,6,6,1,45,7,2461,2,16,VOLKSWAGEN CRAFTER,3,E01015442,0,1
2024501536439,2024,501536439,1,19,0,-1,19,2,6,-1,0,0,1,0,2,7,1,1,-1,1,1,54,8,1968,2,2,VOLKSWAGEN CRAFTER,8,E01020011,0,4
2024010502181,2024,010502181,2,19,0,99,99,9,9,99,99,9,9,99,9,99,2,9,6,6,3,-1,-1,1968,2,5,VOLKSWAGEN CRAFTER,-1,-1,0,-1
2024440187340,2024,440187340,1,19,0,18,19,7,3,0,0,0,0,0,0,0,0,1,6,6,1,55,8,1968,2,7,VOLKSWAGEN CRAFTER,6,E01022716,0,3
2024052401637,2024,052401637,2,19,0,5,5,7,3,0,0,4,0,0,0,0,1,1,1,1,1,53,8,1968,2,3,VOLKSWAGEN CRAFTER,2,E01006858,0,2
2024461462650,2024,461462650,2,19,0,-1,19,7,3,-1,0,0,0,0,0,0,3,1,-1,1,1,53,8,1968,2,5,VOLKSWAGEN CRAFTER,5,E01015748,0,5
2024622400102,2024,622400102,1,19,0,18,19,8,4,0,0,3,0,0,7,2,1,1,1,1,1,49,8,1968,2,3,VOLKSWAGEN CRAFTER,5,W01001051,0,3