collision_index,collision_year,collision_ref_no,vehicle_reference,vehicle_type,towing_and_articulation,vehicle_manoeuvre_historic,vehicle_manoeuvre,vehicle_direction_from,vehicle_direction_to,vehicle_location_restricted_lane_historic,vehicle_location_restricted_lane,junction_location,skidding_and_overturning,hit_object_in_carriageway,vehicle_leaving_carriageway,hit_object_off_carriageway,first_point_of_impact,vehicle_left_hand_drive,journey_purpose_of_driver_historic,journey_purpose_of_driver,sex_of_driver,age_of_driver,age_band_of_driver,engine_capacity_cc,propulsion_code,age_of_vehicle,generic_make_model,driver_imd_decile,lsoa_of_driver,escooter_flag,driver_distance_banding
2024371444180,2024,371444180,1,19,0,-1,19,5,1,-1,0,8,0,0,0,0,4,1,-1,1,1,50,8,1968,2,4,VOLKSWAGEN CRAFTER,6,E01003681,0,4
2024010542980,2024,010542980,2,19,0,18,19,5,1,0,0,1,0,0,0,0,1,1,6,6,1,37,7,1968,2,6,VOLKSWAGEN CRAFTER,-1,-1,0,-1
2024221522901,2024,221522901,1,19,0,-1,19,1,5,-1,0,2,0,0,0,0,4,2,-1,1,1,34,6,1968,2,1,VOLKSWAGEN CRAFTER,8,E01034809,0,4
2024411521000,2024,411521000,2,19,0,-1,19,5,1,-1,0,1,0,0,0,0,1,1,-1,6,1,50,8,1968,2,3,VOLKSWAGEN CRAFTER,8,E01002474,0,3
2024401522618,2024,401522618,1,19,0,-1,5,7,3,-1,0,1,0,0,0,0,1,1,-1,2,1,38,7,1968,2,6,VOLKSWAGEN CRAFTER,2,E01033801,0,1
2024440333586,2024,440333586,1,19,0,18,19,1,5,0,0,8,0,0,0,0,1,1,1,1,1,47,8,1968,2,12,VOLKSWAGEN CRAFTER,5,E01022832,0,1
2024471413798,2024,471413798,2,19,0,-1,2,0,0,-1,-1,0,0,0,0,0,1,1,-1,6,-1,-1,-1,1968,2,4,VOLKSWAGEN CRAFTER,-1,-1,0,-1
2024471473448,2024,471473448,1,19,0,-1,9,3,5,-1,0,1,0,0,0,0,1,1,-1,1,1,43,7,1968,2,3,VOLKSWAGEN CRAFTER,6,E01016963,0,1
2024501501408,2024,501501408,4,19,0,-1,19,2,6,-1,0,0,0,0,0,0,3,1,-1,2,1,62,9,1968,2,2,VOLKSWAGEN CRAFTER,6,E01020231,0,2
2024101467190,2024,101467190,1,20,0,-1,5,1,5,-1,0,1,0,0,0,0,0,1,-1,1,1,53,8,-1,-1,-1,VOLKSWAGEN CRAFTER,5,E01008284,0,2
2024231490124,2024,231490124,1,19,0,-1,4,2,6,-1,0,1,0,0,0,0,2,1,-1,1,1,33,6,1968,2,0,VOLKSWAGEN CRAFTER,2,E01010090,0,4
2024010532626,2024,010532626,2,19,0,9,9,8,5,0,0,1,0,0,0,0,1,1,1,1,1,31,6,1968,2,4,VOLKSWAGEN CRAFTER,5,E01000606,0,3
2024010543457,2024,010543457,1,19,0,5,5,7,3,0,0,8,0,0,0,0,1,1,1,1,1,42,7,1968,2,1,VOLKSWAGEN CRAFTER,3,E01003097,0,1
2024010516604,2024,010516604,1,19,0,18,19,4,8,0,0,1,0,0,0,0,3,1,2,2,1,54,8,1968,2,7,VOLKSWAGEN CRAFTER,-1,-1,0,-1
2024131408008,2024,131408008,1,19,0,-1,19,1,5,-1,0,8,0,0,0,0,0,1,-1,6,3,-1,-1,1968,2,3,VOLKSWAGEN CRAFTER,-1,-1,0,-1
2024131452972,2024,131452972,2,19,0,-1,19,5,1,-1,0,0,0,0,0,0,3,1,-1,6,1,69,10,1968,2,9,VOLKSWAGEN CRAFTER,1,E01010654,0,1
2024141456817,2024,141456817,2,19,0,-1,12,8,4,-1,0,0,0,0,0,0,1,9,-1,6,3,-1,-1,1968,2,2,VOLKSWAGEN CRAFTER,-1,-1,0,-1
2024451491311,2024,451491311,2,19,0,-1,9,4,2,-1,0,8,0,0,0,0,4,1,-1,6,3,-1,-1,1968,2,8,VOLKSWAGEN CRAFTER,6,E01002998,0,3
2024070187523,2024,070187523,1,19,0,4,4,1,5,0,0,0,0,0,0,0,1,1,1,1,1,-1,-1,1968,2,2,VOLKSWAGEN CRAFTER,-1,-1,0,-1
2024010513602,2024,010513602,1,19,0,7,7,6,1,0,0,7,0,0,1,0,3,1,2,2,1,58,9,1968,2,0,VOLKSWAGEN CRAFTER,4,E01035305,0,4
2024010518405,2024,010518405,1,19,0,2,2,9,9,99,99,0,9,99,9,99,2,9,1,1,1,33,6,1968,2,2,VOLKSWAGEN CRAFTER,10,E01017755,0,4
2024991406966,2024,991406966,1,19,0,-1,5,5,8,-1,0,1,5,0,0,0,4,1,-1,1,1,57,9,1968,2,4,VOLKSWAGEN CRAFTER,10,-1,0,4
2024430221420,2024,430221420,1,20,0,16,19,3,7,0,0,0,0,0,0,0,1,1,1,1,1,49,8,-1,-1,-1,VOLKSWAGEN CRAFTER,2,E01011321,0,5
2024211445002,2024,211445002,2,19,0,-1,19,5,1,-1,0,0,0,0,0,0,3,1,-1,6,1,85,11,1968,2,5,VOLKSWAGEN CRAFTER,8,E01029370,0,2
2024111459647,2024,111459647,2,19,0,-1,8,8,4,-1,0,1,0,0,0,0,2,1,-1,2,1,50,8,1968,2,2,VOLKSWAGEN CRAFTER,3,E01020621,0,1
2024440306659,2024,440306659,2,19,0,18,19,2,6,0,0,1,0,0,0,0,3,1,1,1,1,33,6,1968,2,3,VOLKSWAGEN CRAFTER,6,E01023135,0,1
2024041516426,2024,041516426,3,19,0,-1,4,3,7,-1,0,0,0,0,0,0,1,1,-1,1,1,43,7,1968,2,1,VOLKSWAGEN CRAFTER,6,E01034341,0,2
2024161461983,2024,161461983,2,19,3,-1,19,6,4,-1,0,1,0,0,0,0,1,1,-1,6,1,26,6,1968,2,2,VOLKSWAGEN CRAFTER,6,E01013056,0,1
2024010523846,2024,010523846,1,20,0,18,19,3,7,0,0,8,0,0,0,0,4,1,1,1,1,55,8,1968,2,2,VOLKSWAGEN CRAFTER,4,E01002583,0,3
2024010502251,2024,010502251,1,19,0,3,3,5,1,0,0,8,0,0,0,0,2,1,1,1,1,32,6,1968,2,4,VOLKSWAGEN CRAFTER,9,E01030893,0,4
2024371397027,2024,371397027,1,19,0,-1,19,5,1,-1,0,0,0,4,0,0,1,1,-1,6,1,46,8,1968,2,4,VOLKSWAGEN CRAFTER,8,E01030042,0,1
2024471442319,2024,471442319,2,19,0,-1,10,6,4,-1,0,1,0,0,0,0,2,1,-1,6,1,63,9,2461,2,14,VOLKSWAGEN CRAFTER,8,E01031540,0,1
2024122400392,2024,122400392,3,19,0,18,19,7,3,0,0,0,0,0,0,0,2,1,1,1,1,48,8,1968,2,1,VOLKSWAGEN CRAFTER,2,E01025205,0,4
2024430238327,2024,430238327,1,19,0,18,19,4,8,0,0,4,0,0,0,0,3,1,2,2,1,50,8,1968,2,5,VOLKSWAGEN CRAFTER,5,E01000310,0,4
2024991495690,2024,991495690,2,19,0,-1,2,1,5,-1,0,0,0,0,0,0,2,1,-1,1,1,31,6,1968,2,1,VOLKSWAGEN CRAFTER,-1,-1,0,-1
2024010506743,2024,010506743,2,19,9,99,99,9,9,99,99,9,9,99,9,99,9,9,6,6,1,67,10,1968,2,11,VOLKSWAGEN CRAFTER,10,E01030509,0,4
2024010514510,2024,010514510,2,19,0,99,99,9,9,99,99,9,9,99,9,99,2,9,6,6,3,47,8,1968,2,3,VOLKSWAGEN CRAFTER,2,E01003912,0,1
2024421460795,2024,421460795,2,19,0,-1,2,1,5,-1,0,0,0,0,0,0,2,1,-1,1,1,19,4,1968,2,2,VOLKSWAGEN CRAFTER,9,E01030122,0,4
2024010519265,2024,010519265,3,19,0,18,19,1,5,0,0,1,0,0,0,0,1,2,1,1,1,49,8,1968,2,4,VOLKSWAGEN CRAFTER,3,E01003302,0,1
2024991492467,2024,991492467,2,19,0,-1,9,3,8,-1,0,0,0,0,0,0,3,1,-1,1,1,54,8,1968,2,0,VOLKSWAGEN CRAFTER,1,-1,0,4
2024411407580,2024,411407580,3,19,0,-1,2,0,0,-1,0,2,0,0,0,0,1,1,-1,6,-1,-1,-1,1968,2,10,VOLKSWAGEN CRAFTER,-1,-1,0,-1
2024461474710,2024,461474710,1,19,0,-1,19,2,6,-1,0,3,0,0,0,0,1,1,-1,6,1,53,8,1968,2,4,VOLKSWAGEN CRAFTER,1,E01027318,0,5
202460Q026033,2024,60Q026033,1,19,0,1,1,6,2,9,9,0,0,0,0,0,2,1,1,1,1,25,5,1968,2,4,VOLKSWAGEN CRAFTER,-1,-1,0,-1
2024201549611,2024,201549611,2,19,0,-1,9,2,2,-1,0,1,0,0,0,0,1,1,-1,1,1,45,7,1968,2,4,VOLKSWAGEN CRAFTER,-1,-1,0,-1
2024411433161,2024,411433161,2,19,0,-1,11,6,2,-1,0,8,0,0,0,0,4,9,-1,6,1,61,9,1968,2,3,VOLKSWAGEN CRAFTER,1,E01011148,0,5
2024351433446,2024,351433446,1,19,0,-1,19,1,5,-1,0,0,0,0,7,0,3,1,-1,1,1,53,8,1968,2,7,VOLKSWAGEN CRAFTER,9,E01018173,0,1
2024010518182,2024,010518182,1,19,3,18,19,5,1,0,0,2,0,0,0,0,1,1,2,2,1,52,8,1968,2,4,VOLKSWAGEN CRAFTER,5,E01001077,0,1
2024522401340,2024,522401340,2,19,0,4,4,8,4,0,0,0,0,0,0,0,2,1,6,6,1,21,5,1968,2,5,VOLKSWAGEN CRAFTER,9,W01001543,0,3
2024631434971,2024,631434971,1,19,0,-1,19,8,3,-1,0,0,0,0,8,11,1,1,-1,6,1,39,7,1968,2,4,VOLKSWAGEN CRAFTER,4,E01007780,0,5
2024101472699,2024,101472699,3,19,0,-1,19,6,2,-1,0,0,0,0,0,0,0,1,-1,1,1,-1,-1,1968,2,0,VOLKSWAGEN CRAFTER,-1,-1,0,-1
2024041413618,2024,041413618,1,19,0,-1,19,3,3,-1,0,1,0,0,0,0,1,1,-1,1,1,29,6,1968,2,9,VOLKSWAGEN CRAFTER,1,E01004794,0,4
2024221421301,2024,221421301,3,19,0,-1,19,5,1,-1,0,0,0,0,0,0,2,9,-1,1,1,32,6,1968,2,2,VOLKSWAGEN CRAFTER,10,E01026187,0,5
2024141448027,2024,141448027,1,19,0,-1,8,2,5,-1,0,6,0,0,0,0,4,1,-1,1,1,54,8,1968,2,3,VOLKSWAGEN CRAFTER,4,E01007329,0,1
2024461536164,2024,461536164,1,19,0,-1,4,7,3,-1,0,0,0,0,0,0,1,9,-1,6,1,49,8,1968,2,8,VOLKSWAGEN CRAFTER,2,E01017276,0,5
2024461445131,2024,461445131,1,19,0,-1,19,-1,-1,-1,0,0,0,0,0,0,1,9,-1,6,1,32,6,1968,2,4,VOLKSWAGEN CRAFTER,9,E01024160,0,1
2024451411153,2024,451411153,1,19,0,-1,7,5,8,-1,0,1,0,0,0,0,1,1,-1,1,1,24,5,1968,2,7,VOLKSWAGEN CRAFTER,4,E01002402,0,4
2024010507379,2024,010507379,4,10,0,2,2,0,0,0,0,1,0,0,0,0,3,1,6,6,3,-1,-1,1968,2,10,VOLKSWAGEN CRAFTER,-1,-1,0,-1
2024451461690,2024,451461690,1,19,0,-1,19,8,3,-1,0,0,0,0,0,0,1,1,-1,1,1,50,8,1968,2,12,VOLKSWAGEN CRAFTER,6,E01030833,0,2
2024131416155,2024,131416155,1,19,0,-1,7,2,6,-1,0,1,0,0,0,0,-1,1,-1,6,3,-1,-1,1968,2,13,VOLKSWAGEN CRAFTER,-1,-1,0,-1
2024201417596,2024,201417596,1,19,0,-1,19,5,1,-1,0,1,0,4,0,0,1,1,-1,6,1,40,7,1968,2,7,VOLKSWAGEN CRAFTER,-1,-1,0,-1
2024010502583,2024,010502583,1,19,0,7,7,1,3,0,0,8,0,0,0,0,4,1,1,1,1,24,5,1968,2,3,VOLKSWAGEN CRAFTER,7,E01000517,0,2
2024010546450,2024,010546450,1,19,0,99,99,9,9,99,99,9,9,99,9,99,1,9,6,6,3,-1,-1,1968,2,6,VOLKSWAGEN CRAFTER,-1,-1,0,-1
2024010545855,2024,010545855,2,19,0,9,9,1,6,0,0,5,0,0,0,0,1,1,1,1,1,52,8,1968,2,1,VOLKSWAGEN CRAFTER,-1,-1,0,-1
2024471449269,2024,471449269,3,19,0,-1,2,0,0,-1,0,0,0,0,0,0,3,1,-1,6,-1,-1,-1,1968,2,10,VOLKSWAGEN CRAFTER,-1,-1,0,-1
2024141414806,2024,141414806,2,2,0,-1,19,3,7,-1,0,1,5,0,0,0,4,1,-1,9,1,16,4,49,1,12,-1,1,E01008054,0,2
2024351539300,2024,351539300,1,3,0,-1,19,6,2,-1,0,1,0,0,0,0,1,1,-1,6,1,16,4,49,1,13,-1,9,E01018275,0,2
2024421530028,2024,421530028,1,2,0,-1,13,1,6,-1,0,0,0,0,0,0,1,1,-1,2,1,17,4,49,1,8,-1,6,E01021971,0,1
2024522500091,2024,522500091,1,2,0,18,19,7,3,2,2,8,0,0,0,0,4,1,6,6,1,16,4,49,1,10,-1,5,E01015000,0,1
2024201478602,2024,201478602,2,2,0,-1,19,1,5,-1,0,8,0,0,0,0,1,1,-1,6,1,53,8,49,1,8,-1,1,E01009200,0,1
2024421413631,2024,421413631,2,2,0,-1,5,3,7,-1,0,8,5,0,0,0,3,1,-1,6,1,16,4,49,1,8,-1,6,E01021971,0,1
2024361403984,2024,361403984,1,2,0,-1,19,2,6,-1,0,0,1,0,0,0,1,1,-1,7,1,16,4,49,1,9,-1,9,E01026570,0,1
2024221498692,2024,221498692,1,2,0,-1,4,4,8,-1,0,0,0,0,0,0,1,1,-1,7,1,16,4,49,1,11,-1,2,E01014074,0,1
2024010504898,2024,010504898,2,9,0,18,19,9,9,99,99,9,9,99,9,99,1,9,6,6,3,25,5,5204,1,4,-1,6,E01032780,0,2
2024052402273,2024,052402273,1,9,0,18,19,5,1,0,0,0,0,0,0,0,1,1,6,6,1,53,8,3982,1,5,-1,2,E01006439,0,2
2024052401249,2024,052401249,4,9,0,18,19,5,1,0,0,0,0,0,0,0,2,1,6,6,1,56,9,5204,1,7,-1,5,E01006951,0,1
2024010526319,2024,010526319,2,9,0,99,99,9,9,99,99,9,9,99,9,99,1,9,6,6,3,32,6,-1,3,1,AUDI E-TRON,2,E01001437,0,2
2024440358223,2024,440358223,2,9,0,18,19,4,8,0,0,8,0,0,0,0,4,1,6,6,1,42,7,-1,3,4,AUDI E-TRON,6,E01022486,0,3
2024471485233,2024,471485233,1,9,0,-1,5,4,8,-1,0,2,0,0,3,10,1,1,-1,9,2,38,7,-1,3,1,AUDI E-TRON,4,E01020921,0,1
2024221507538,2024,221507538,4,9,0,-1,13,2,6,-1,0,0,0,0,6,9,3,1,-1,6,2,48,8,-1,3,4,AUDI E-TRON,5,E01009802,0,2
2024010531583,2024,010531583,1,9,0,18,19,7,3,0,0,1,0,0,0,0,4,1,2,2,1,50,8,-1,3,3,AUDI E-TRON,-1,-1,0,-1
2024221431632,2024,221431632,1,9,0,-1,3,8,4,-1,0,1,0,0,0,0,2,1,-1,6,1,43,7,-1,3,3,AUDI E-TRON,3,W01001408,0,4
2024131407813,2024,131407813,2,9,0,-1,19,1,5,-1,0,0,1,0,0,0,3,1,-1,2,2,44,7,-1,3,3,AUDI E-TRON,9,E01011711,0,1
2024522401154,2024,522401154,1,9,0,18,19,6,2,0,0,0,0,0,0,0,2,1,6,6,1,30,6,-1,3,2,AUDI E-TRON,3,E01022254,0,4
2024101449576,2024,101449576,2,9,0,-1,5,1,5,-1,0,8,0,0,0,0,1,1,-1,1,1,58,9,-1,3,3,AUDI E-TRON,7,E01027473,0,3
2024010526269,2024,010526269,1,9,0,9,9,5,2,0,0,1,0,0,0,0,1,1,2,2,1,27,6,-1,3,1,AUDI E-TRON,6,E01004475,0,1
2024991453444,2024,991453444,1,9,0,-1,19,8,4,-1,0,1,0,0,0,0,1,1,-1,6,1,39,7,-1,3,4,AUDI E-TRON,8,-1,0,3
2024010542249,2024,010542249,1,9,0,3,3,9,9,99,99,9,9,99,9,99,2,9,1,1,1,35,6,-1,3,2,AUDI E-TRON,8,E01034802,0,5
2024010540401,2024,010540401,2,9,9,99,99,9,9,99,99,9,9,99,9,99,9,9,6,6,3,-1,-1,-1,3,2,AUDI E-TRON,-1,-1,0,-1
2024010520432,2024,010520432,1,9,0,18,19,3,7,0,0,1,0,0,7,11,1,1,6,6,1,29,6,-1,3,2,AUDI E-TRON,8,E01000649,0,1
2024071022964,2024,071022964,2,9,0,-1,4,2,6,-1,0,0,0,0,0,0,2,1,-1,9,1,59,9,-1,3,1,AUDI E-TRON,6,E01029778,0,4
2024991428168,2024,991428168,1,9,0,-1,19,6,2,-1,0,0,0,0,1,0,1,1,-1,6,1,50,8,-1,3,4,AUDI E-TRON,2,-1,0,2
2024544803324,2024,544803324,1,9,0,18,19,6,2,0,0,0,0,0,0,0,4,1,6,6,3,-1,-1,-1,3,2,AUDI E-TRON,-1,-1,0,-1
2024231471534,2024,231471534,2,9,0,-1,4,2,6,-1,0,0,0,0,0,0,2,1,-1,9,2,48,8,-1,3,0,AUDI E-TRON,8,E01031285,0,2
2024451455766,2024,451455766,2,9,0,-1,19,7,3,-1,0,0,0,0,0,0,1,1,-1,9,1,54,8,-1,3,5,AUDI E-TRON,10,E01030606,0,2
2024211422889,2024,211422889,2,9,0,-1,19,6,2,-1,0,0,0,0,0,0,1,1,-1,2,1,46,8,-1,3,1,AUDI E-TRON,8,E01029417,0,1
2024010542505,2024,010542505,1,8,0,99,99,9,9,99,99,0,9,99,9,99,9,9,1,1,1,39,7,-1,3,3,AUDI E-TRON,3,E01004295,0,1
2024421432466,2024,421432466,1,9,0,-1,19,2,6,-1,0,0,0,0,0,0,1,9,-1,9,2,46,8,-1,3,4,AUDI E-TRON,5,E01021907,0,4
2024311491950,2024,311491950,2,9,0,-1,19,8,2,-1,0,4,0,0,0,0,1,1,-1,6,3,45,7,-1,3,2,AUDI E-TRON,-1,-1,0,-1
2024451465407,2024,451465407,4,9,0,-1,19,6,2,-1,0,0,0,0,0,0,2,1,-1,9,1,44,7,-1,3,3,AUDI E-TRON,9,E01023111,0,3
2024531502515,2024,531502515,2,9,0,-1,5,7,3,-1,0,0,0,0,0,0,2,1,-1,1,1,57,9,-1,3,1,AUDI E-TRON,6,E01014032,0,4
2024052401118,2024,052401118,2,9,0,2,2,0,0,0,0,0,0,0,0,0,2,1,6,6,3,-1,-1,-1,3,1,AUDI E-TRON,-1,-1,0,-1
2024411474377,2024,411474377,2,9,0,-1,11,8,3,-1,0,3,0,0,0,0,1,1,-1,6,2,44,7,-1,3,1,AUDI E-TRON,10,E01023841,0,1
2024071065145,2024,071065145,2,9,0,-1,4,2,6,-1,0,8,0,0,0,0,4,1,-1,6,1,39,7,-1,3,4,AUDI E-TRON,-1,-1,0,-1
2024211494667,2024,211494667,1,9,0,-1,7,3,5,-1,0,0,0,0,0,0,3,1,-1,6,2,31,6,-1,3,3,AUDI E-TRON,10,E01029513,0,1
2024351479520,2024,351479520,1,9,0,-1,5,7,3,-1,9,6,0,0,0,0,1,1,-1,6,1,48,8,-1,3,3,AUDI E-TRON,9,E01018252,0,1
2024010518659,2024,010518659,1,9,0,3,3,5,1,0,0,1,0,0,0,0,1,1,6,6,1,43,7,-1,3,4,AUDI E-TRON,5,E01035486,0,1
2024010524734,2024,010524734,1,9,0,9,9,1,6,0,0,8,0,0,0,0,3,1,6,6,2,42,7,-1,3,5,AUDI E-TRON,-1,-1,0,-1
2024471416027,2024,471416027,5,9,0,-1,19,7,3,-1,0,0,1,0,0,0,1,1,-1,9,2,47,8,-1,3,5,AUDI E-TRON,5,E01035486,0,4
2024061536294,2024,061536294,2,9,0,-1,2,0,0,-1,0,0,0,0,0,0,0,1,-1,6,-1,-1,-1,-1,3,2,AUDI E-TRON,-1,-1,0,-1
2024451499295,2024,451499295,1,9,0,-1,9,5,7,-1,0,0,0,0,0,0,1,1,-1,9,1,45,7,-1,3,2,AUDI E-TRON,9,E01030421,0,1
2024622400581,2024,622400581,2,9,0,3,3,7,3,0,0,0,0,0,0,0,2,1,6,6,1,35,6,-1,3,3,AUDI E-TRON,10,W01001948,0,2
2024211429019,2024,211429019,1,9,0,-1,4,3,7,-1,0,0,0,0,0,0,2,1,-1,6,2,32,6,-1,3,4,AUDI E-TRON,-1,-1,0,-1
2024201512420,2024,201512420,1,9,0,-1,19,7,3,-1,0,0,0,0,0,0,1,1,-1,9,1,31,6,-1,3,2,AUDI E-TRON,1,E01009507,0,2
2024010509490,2024,010509490,2,9,0,99,99,9,9,99,99,9,9,99,9,99,9,9,6,6,3,39,7,-1,3,4,AUDI E-TRON,9,E01024300,0,4
2024010543477,2024,010543477,1,9,0,99,99,9,9,99,99,9,9,99,9,99,2,9,6,6,1,34,6,-1,3,5,AUDI E-TRON,2,E01001528,0,1
2024421483363,2024,421483363,1,9,0,-1,19,5,1,-1,0,0,0,0,0,0,1,1,-1,6,1,32,6,-1,3,4,AUDI E-TRON,2,E01001437,0,3
2024070958769,2024,070958769,1,9,0,-1,11,6,2,-1,0,8,0,0,0,0,1,1,-1,6,3,-1,-1,-1,3,5,AUDI E-TRON,-1,-1,0,-1
2024010528402,2024,010528402,1,9,0,99,99,9,9,99,99,9,9,99,9,99,9,9,6,6,2,65,9,-1,3,3,AUDI E-TRON,4,E01002780,0,1
2024010509386,2024,010509386,2,9,0,99,99,9,9,99,99,9,9,99,9,99,9,9,6,6,3,-1,-1,-1,3,4,AUDI E-TRON,-1,-1,0,-1
2024070600867,2024,070600867,2,9,0,9,9,1,2,0,0,2,0,0,0,0,1,1,6,6,1,49,8,-1,3,0,AUDI E-TRON,8,E01018703,0,1
2024070499976,2024,070499976,1,9,0,7,7,1,3,0,0,6,0,0,0,0,3,1,2,2,2,-1,-1,-1,3,3,AUDI E-TRON,-1,-1,0,-1
2024522402220,2024,522402220,1,9,0,9,9,7,5,0,0,6,0,0,0,0,1,1,6,6,1,40,7,-1,3,2,AUDI E-TRON,7,E01014577,0,1
2024421470427,2024,421470427,2,9,0,-1,3,1,5,-1,0,0,0,0,0,0,2,1,-1,9,1,44,7,-1,3,1,AUDI E-TRON,7,E01034440,0,4
2024161513693,2024,161513693,1,9,0,-1,3,7,3,-1,0,0,0,0,0,0,0,1,-1,7,2,52,8,-1,3,2,AUDI E-TRON,10,E01013088,0,1
2024461533849,2024,461533849,1,9,0,-1,4,3,1,-1,0,0,0,0,0,0,3,9,-1,9,1,37,7,-1,3,2,AUDI E-TRON,8,E01016060,0,1
2024161420091,2024,161420091,2,9,0,-1,4,7,3,-1,0,8,0,0,0,0,2,1,-1,2,2,29,6,-1,3,2,AUDI E-TRON,8,E01013011,0,1
2024461484860,2024,461484860,2,9,0,-1,19,7,3,-1,0,0,0,0,0,0,4,1,-1,6,2,41,7,-1,3,4,AUDI E-TRON,7,E01035277,0,4
2024351429965,2024,351429965,1,9,-1,-1,-1,-1,-1,-1,-1,0,-1,-1,-1,0,-1,9,-1,6,1,38,7,-1,3,1,AUDI E-TRON,8,E01018117,0,1
2024052402136,2024,052402136,2,9,0,18,19,1,5,0,0,0,0,0,0,0,2,1,6,6,1,43,7,-1,3,3,AUDI E-TRON,10,E01007187,0,2
2024991436467,2024,991436467,2,5,0,-1,19,5,1,-1,0,1,0,0,7,0,1,1,-1,9,1,67,10,-1,-1,-1,-1,9,E01027367,0,4
2024131448764,2024,131448764,1,90,0,-1,19,1,5,-1,0,1,0,0,0,0,1,1,-1,6,1,32,6,976,1,0,-1,1,E01010820,0,1
2024070407335,2024,070407335,1,9,0,18,19,3,7,0,0,8,0,7,3,11,1,1,6,6,1,44,7,6262,1,7,-1,6,E01028899,0,3
2024461423807,2024,461423807,2,17,0,-1,9,4,3,-1,0,1,0,0,0,0,4,2,-1,1,1,18,4,4800,2,3,-1,4,E01024032,0,3
2024520403270,2024,520403270,1,9,4,17,19,3,5,0,0,2,0,0,0,0,3,1,6,6,1,17,4,2495,2,35,LAND ROVER 90,5,E01029222,0,1
2024471406232,2024,471406232,1,9,0,-1,19,5,1,-1,0,0,5,0,1,10,1,2,-1,9,1,21,5,2495,2,35,LAND ROVER 90,8,E01031694,0,2
2024471485156,2024,471485156,2,9,4,-1,10,2,1,-1,0,1,0,0,0,0,4,1,-1,6,1,25,5,2495,2,40,LAND ROVER 90,8,E01021147,0,3
2024520402180,2024,520402180,1,9,0,18,19,3,7,0,0,8,5,0,0,0,1,1,6,6,1,32,6,2494,2,36,LAND ROVER 90,8,E01029182,0,3
2024520402174,2024,520402174,2,9,0,18,19,3,7,0,0,0,0,0,0,0,1,1,6,6,1,72,10,2495,2,35,LAND ROVER 90,4,E01029342,0,1
2024401500415,2024,401500415,1,9,0,-1,19,3,7,-1,0,0,0,0,0,0,1,1,-1,9,1,63,9,2494,2,37,LAND ROVER 90,7,E01027219,0,4
2024141395898,2024,141395898,1,9,0,-1,19,3,7,-1,0,0,0,7,0,0,1,9,-1,6,1,26,6,2495,2,35,LAND ROVER 90,4,E01011184,0,3
2024501477148,2024,501477148,2,9,0,-1,19,6,2,-1,0,8,0,0,0,0,4,1,-1,9,1,30,6,2494,2,37,LAND ROVER 90,8,E01018884,0,1
2024461410695,2024,461410695,2,9,0,-1,19,7,3,-1,0,0,1,0,2,7,1,1,-1,6,1,21,5,2495,2,34,LAND ROVER 90,5,E01024556,0,3
2024471485166,2024,471485166,2,9,0,-1,19,1,5,-1,0,1,0,0,0,0,1,1,-1,2,2,31,6,3500,1,39,LAND ROVER 90,5,E01021152,0,1
2024231493372,2024,231493372,1,9,0,-1,19,8,4,-1,0,8,0,0,0,0,4,1,-1,9,1,58,9,2494,2,36,LAND ROVER 90,7,E01031013,0,1
2024471398296,2024,471398296,1,9,0,-1,19,1,5,-1,0,0,1,0,0,0,1,1,-1,9,1,55,8,2494,2,35,LAND ROVER 90,7,E01021025,0,1
2024010515251,2024,010515251,1,9,0,4,4,1,5,0,0,1,0,0,0,0,2,2,6,6,1,54,8,1998,1,8,-1,-1,-1,0,-1
2024311523537,2024,311523537,1,9,0,-1,5,1,1,-1,0,0,0,0,0,0,1,1,-1,9,1,28,6,1198,1,9,NISSAN PULSAR,-1,-1,0,-1
2024010534003,2024,010534003,3,9,0,2,2,0,0,0,0,1,0,0,0,0,1,1,6,6,3,-1,-1,1198,1,9,NISSAN PULSAR,-1,-1,0,-1
2024522500017,2024,522500017,2,9,0,12,12,1,5,0,0,0,0,0,0,0,3,1,6,6,3,-1,-1,1198,1,7,NISSAN PULSAR,-1,-1,0,-1
2024052400681,2024,052400681,1,9,0,18,19,8,4,0,0,2,0,0,0,0,3,1,2,2,1,40,7,1461,2,8,NISSAN PULSAR,2,E01032510,0,1
202417M118824,2024,17M118824,1,9,0,-1,3,5,1,-1,0,1,0,0,0,0,2,1,-1,9,2,49,8,1461,2,9,NISSAN PULSAR,5,E01012046,0,1
2024361423937,2024,361423937,1,9,0,-1,19,1,5,-1,0,1,0,0,0,0,1,1,-1,6,1,95,11,1198,1,7,NISSAN PULSAR,5,E01026751,0,4
2024471437294,2024,471437294,2,9,0,-1,19,8,4,-1,0,0,0,0,0,0,1,1,-1,6,1,67,10,1461,2,9,NISSAN PULSAR,4,E01031572,0,2
2024231447587,2024,231447587,2,9,0,-1,9,6,4,-1,0,8,0,0,0,0,1,1,-1,6,1,43,7,1198,1,9,NISSAN PULSAR,6,E01031091,0,1
2024061510604,2024,061510604,2,9,0,-1,19,5,1,-1,0,8,0,0,0,0,1,1,-1,9,1,44,7,1198,1,9,NISSAN PULSAR,-1,-1,0,-1
2024010550654,2024,010550654,2,9,0,9,9,3,1,0,0,6,0,0,0,0,3,1,6,6,2,40,7,1461,2,8,NISSAN PULSAR,2,E01002615,0,1
2024501478954,2024,501478954,1,9,0,-1,7,8,4,-1,0,5,0,0,0,0,4,1,-1,9,1,59,9,1198,1,8,NISSAN PULSAR,8,E01020009,0,1
2024302400529,2024,302400529,2,9,0,9,9,5,3,0,0,8,5,0,0,0,1,1,6,6,1,79,11,1198,1,9,NISSAN PULSAR,1,E01013591,0,1