collision_index,collision_year,collision_ref_no,vehicle_reference,vehicle_type,towing_and_articulation,vehicle_manoeuvre_historic,vehicle_manoeuvre,vehicle_direction_from,vehicle_direction_to,vehicle_location_restricted_lane_historic,vehicle_location_restricted_lane,junction_location,skidding_and_overturning,hit_object_in_carriageway,vehicle_leaving_carriageway,hit_object_off_carriageway,first_point_of_impact,vehicle_left_hand_drive,journey_purpose_of_driver_historic,journey_purpose_of_driver,sex_of_driver,age_of_driver,age_band_of_driver,engine_capacity_cc,propulsion_code,age_of_vehicle,generic_make_model,driver_imd_decile,lsoa_of_driver,escooter_flag,driver_distance_banding
2024411457093,2024,411457093,2,9,0,-1,19,5,1,-1,0,8,0,0,0,0,1,1,-1,6,2,61,9,1498,1,4,VOLKSWAGEN T-ROC,10,E01023697,0,2
2024010535855,2024,010535855,2,9,0,5,5,3,7,0,0,8,0,0,0,0,1,1,6,6,2,42,7,1498,1,1,VOLKSWAGEN T-ROC,5,E01000583,0,1
2024041478566,2024,041478566,1,9,0,-1,19,3,7,-1,0,0,0,0,0,0,4,1,-1,9,1,83,11,1498,1,5,VOLKSWAGEN T-ROC,1,E01024899,0,1
2024061525130,2024,061525130,1,9,0,-1,5,1,4,-1,0,0,0,0,0,0,1,1,-1,9,2,37,7,1498,1,1,VOLKSWAGEN T-ROC,8,E01032922,0,3
2024010531881,2024,010531881,2,9,0,10,10,1,6,0,0,1,0,0,0,0,0,1,6,6,1,45,7,1984,1,1,VOLKSWAGEN T-ROC,4,E01001183,0,2
2024122400861,2024,122400861,2,9,0,18,19,6,2,0,0,8,0,0,0,0,1,1,6,6,2,55,8,999,1,2,VOLKSWAGEN T-ROC,8,E01027644,0,3
2024131526619,2024,131526619,1,9,0,-1,19,4,8,-1,0,8,0,0,0,0,1,1,-1,6,1,-1,-1,999,1,0,VOLKSWAGEN T-ROC,-1,-1,0,-1
2024010518476,2024,010518476,4,9,0,18,19,1,5,0,0,8,0,0,0,0,1,2,6,6,2,26,6,1498,1,1,VOLKSWAGEN T-ROC,-1,-1,0,-1
2024332401147,2024,332401147,1,9,0,-1,9,5,3,-1,0,6,0,0,1,7,1,1,-1,9,2,34,6,999,1,3,VOLKSWAGEN T-ROC,4,E01025843,0,1
2024010544122,2024,010544122,1,9,0,99,99,9,9,99,99,9,9,99,9,99,9,9,6,6,2,60,9,999,1,1,VOLKSWAGEN T-ROC,3,E01004403,0,1
2024010546657,2024,010546657,2,9,0,18,19,1,5,0,0,0,0,0,0,0,1,1,6,6,1,23,5,1498,1,0,VOLKSWAGEN T-ROC,7,E01016763,0,4
2024122500065,2024,122500065,3,9,0,4,4,8,4,0,0,0,0,0,0,0,2,1,6,6,2,45,7,1498,1,3,VOLKSWAGEN T-ROC,10,E01027719,0,1
2024141509540,2024,141509540,1,9,0,-1,4,1,5,-1,0,0,0,0,0,0,2,1,-1,6,2,31,6,1598,2,4,VOLKSWAGEN T-ROC,6,E01007554,0,2
2024547121924,2024,547121924,1,9,0,18,19,8,4,0,0,1,0,0,0,0,3,1,6,6,1,72,10,1498,1,2,VOLKSWAGEN T-ROC,8,E01032059,0,2
2024161460044,2024,161460044,2,9,0,-1,19,1,5,-1,0,0,0,7,0,0,3,1,-1,6,2,56,9,1498,1,6,VOLKSWAGEN T-ROC,10,E01034758,0,2
2024161502660,2024,161502660,2,9,0,-1,19,7,3,-1,0,8,0,0,0,0,4,1,-1,6,1,67,10,1498,1,1,VOLKSWAGEN T-ROC,1,E01013206,0,1
2024010551728,2024,010551728,2,9,0,99,99,9,9,99,99,9,9,99,9,99,9,9,6,6,3,55,8,1498,1,4,VOLKSWAGEN T-ROC,5,E01002202,0,1
2024211482956,2024,211482956,1,9,0,-1,19,1,2,-1,0,0,1,0,1,0,1,1,-1,2,1,26,6,1968,2,5,VOLKSWAGEN T-ROC,9,E01029518,0,1
2024221471529,2024,221471529,2,9,0,-1,2,0,0,-1,0,0,0,0,0,0,2,9,-1,6,1,55,8,999,1,6,VOLKSWAGEN T-ROC,5,E01035073,0,4
2024371490513,2024,371490513,1,9,0,-1,5,7,3,-1,0,0,0,0,0,0,1,1,-1,6,2,77,11,1498,1,2,VOLKSWAGEN T-ROC,10,E01023372,0,5
2024461534247,2024,461534247,1,9,0,-1,15,2,6,-1,0,1,0,0,0,0,1,1,-1,6,2,22,5,1498,1,4,VOLKSWAGEN T-ROC,4,E01024138,0,1
2024061505770,2024,061505770,2,9,0,-1,19,6,3,-1,0,0,0,0,0,0,3,1,-1,2,1,64,9,1498,1,0,VOLKSWAGEN T-ROC,4,E01005690,0,2
2024302500066,2024,302500066,1,9,0,-1,19,6,3,-1,0,8,0,0,0,0,1,1,-1,6,1,46,8,1598,2,5,VOLKSWAGEN T-ROC,4,E01013537,0,1
2024552401494,2024,552401494,1,9,0,18,19,3,7,1,1,0,1,0,0,0,1,1,6,6,2,62,9,999,1,6,VOLKSWAGEN T-ROC,10,E01020380,0,1
2024340WN5512,2024,340WN5512,2,9,0,-1,19,4,8,-1,0,8,0,0,0,0,4,1,-1,9,1,19,4,999,1,4,VOLKSWAGEN T-ROC,7,E01026991,0,3
2024052401918,2024,052401918,1,9,0,18,19,5,1,0,0,0,0,0,0,0,1,1,6,6,2,31,6,1498,1,3,VOLKSWAGEN T-ROC,1,E01007012,0,3
2024052400345,2024,052400345,1,9,0,9,9,1,7,0,0,8,0,0,0,0,1,1,6,6,1,21,5,999,1,6,VOLKSWAGEN T-ROC,1,E01006758,0,2
2024531484482,2024,531484482,1,9,0,-1,9,4,2,-1,0,6,0,0,0,0,3,1,-1,9,1,49,8,999,1,5,VOLKSWAGEN T-ROC,8,E01027891,0,5
2024361480928,2024,361480928,2,9,0,-1,4,1,5,-1,0,2,0,0,0,0,2,1,-1,6,1,29,6,999,1,5,VOLKSWAGEN T-ROC,3,E01026719,0,4
2024010550280,2024,010550280,2,9,9,99,99,9,9,99,99,9,9,99,9,99,9,9,6,6,3,-1,-1,1498,1,4,VOLKSWAGEN T-ROC,10,E01003881,0,2
2024070833682,2024,070833682,1,9,0,-1,19,1,5,-1,0,-1,0,0,0,10,1,1,-1,9,1,18,4,1498,1,0,VOLKSWAGEN T-ROC,3,E01009956,0,4
2024061460048,2024,061460048,2,9,0,-1,2,0,0,-1,0,0,0,0,0,0,4,9,-1,7,2,-1,-1,1498,1,4,VOLKSWAGEN T-ROC,-1,-1,0,-1
2024351519425,2024,351519425,2,9,0,-1,4,4,8,-1,0,1,0,0,0,0,2,1,-1,9,1,66,10,1498,1,3,VOLKSWAGEN T-ROC,10,E01026357,0,1
2024010535819,2024,010535819,3,9,0,2,2,0,0,0,0,1,0,0,0,0,4,1,6,6,3,-1,-1,1498,1,0,VOLKSWAGEN T-ROC,-1,-1,0,-1
2024010526134,2024,010526134,2,9,0,9,9,1,6,0,0,0,0,0,0,0,1,1,6,6,2,45,7,1498,1,5,VOLKSWAGEN T-ROC,4,E01020396,0,5
2024231525010,2024,231525010,2,9,0,-1,2,0,0,-1,0,8,0,0,0,0,2,1,-1,6,1,60,9,1498,1,3,VOLKSWAGEN T-ROC,7,E01031206,0,1
2024421421393,2024,421421393,2,9,0,-1,19,4,8,-1,0,0,1,0,7,0,1,1,-1,9,2,60,9,1498,1,4,VOLKSWAGEN T-ROC,5,E01021909,0,2
2024461510687,2024,461510687,2,9,0,-1,3,1,5,-1,0,4,0,0,0,0,2,1,-1,6,2,31,6,999,1,2,VOLKSWAGEN T-ROC,8,E01024058,0,1
2024991450422,2024,991450422,1,9,0,-1,19,3,7,-1,0,0,0,0,0,0,1,1,-1,2,2,48,8,1498,1,2,VOLKSWAGEN T-ROC,10,-1,0,2
2024010516503,2024,010516503,2,9,0,18,19,1,5,0,0,4,0,0,0,0,0,2,6,6,3,24,5,1598,2,5,VOLKSWAGEN T-ROC,-1,-1,0,-1
2024061475230,2024,061475230,1,9,0,-1,11,7,3,-1,0,0,0,0,0,0,1,1,-1,9,2,30,6,1498,1,4,VOLKSWAGEN T-ROC,2,E01033300,0,4
2024201434436,2024,201434436,2,9,0,-1,8,3,1,-1,0,1,0,0,0,0,2,9,-1,6,1,24,5,1498,1,4,VOLKSWAGEN T-ROC,1,E01009132,0,3
2024010541972,2024,010541972,1,9,0,99,99,9,9,99,99,9,9,99,9,99,2,9,6,6,2,30,6,1498,1,1,VOLKSWAGEN T-ROC,6,E01021275,0,4
2024010511402,2024,010511402,1,9,0,9,9,3,1,4,4,8,0,0,0,0,3,1,6,6,1,32,6,1984,1,3,VOLKSWAGEN T-ROC,2,E01001911,0,1
2024461504253,2024,461504253,3,9,0,-1,2,0,0,-1,0,0,0,11,7,11,1,1,-1,6,-1,-1,-1,1498,1,4,VOLKSWAGEN T-ROC,-1,-1,0,-1
2024302401390,2024,302401390,1,9,0,17,19,3,8,0,0,7,0,0,1,0,1,1,6,6,1,26,6,1498,1,0,VOLKSWAGEN T-ROC,1,E01008979,0,4
2024371489614,2024,371489614,3,9,0,-1,19,3,1,-1,0,1,0,0,0,0,3,1,-1,6,2,31,6,999,1,3,VOLKSWAGEN T-ROC,5,E01021360,0,4
2024991527448,2024,991527448,2,9,0,-1,19,8,4,-1,0,0,0,0,0,0,4,1,-1,9,2,28,6,999,1,6,VOLKSWAGEN T-ROC,2,-1,0,2
2024010532346,2024,010532346,2,9,0,16,19,5,1,0,0,0,0,0,7,0,1,1,6,6,1,20,4,1984,1,3,VOLKSWAGEN T-ROC,9,E01003749,0,2
2024440512820,2024,440512820,1,9,0,18,19,2,6,0,0,1,0,4,0,0,4,1,6,6,1,60,9,1498,1,1,VOLKSWAGEN T-ROC,3,E01017257,0,2
2024301394344,2024,301394344,1,9,0,-1,-1,1,5,-1,-1,0,0,0,0,0,2,1,-1,-1,2,24,5,1968,2,3,VOLKSWAGEN T-ROC,2,E01028259,0,2
2024211514183,2024,211514183,2,9,0,-1,19,8,5,-1,0,8,0,0,0,0,3,1,-1,6,2,34,6,1498,1,3,VOLKSWAGEN T-ROC,-1,-1,0,-1
2024141420411,2024,141420411,2,9,0,-1,19,3,7,-1,0,1,0,0,0,0,3,9,-1,6,3,-1,-1,999,1,1,VOLKSWAGEN T-ROC,-1,-1,0,-1
2024991420824,2024,991420824,3,9,0,-1,3,5,1,-1,0,0,0,0,0,0,2,1,-1,6,1,47,8,1968,2,5,VOLKSWAGEN T-ROC,5,-1,0,4
2024991499678,2024,991499678,1,9,0,-1,19,6,2,-1,0,0,0,0,0,0,4,1,-1,9,1,74,10,999,1,1,VOLKSWAGEN T-ROC,-1,-1,0,-1
2024131528485,2024,131528485,1,9,0,-1,19,3,7,-1,0,2,0,0,0,0,3,1,-1,6,3,-1,-1,999,1,2,VOLKSWAGEN T-ROC,-1,-1,0,-1
2024451506920,2024,451506920,2,9,0,-1,19,7,3,-1,0,0,0,0,0,0,0,1,-1,2,2,62,9,1498,1,0,VOLKSWAGEN T-ROC,8,E01023103,0,2
2024471482005,2024,471482005,3,9,0,-1,19,6,2,-1,0,0,0,0,0,0,1,1,-1,9,2,28,6,999,1,2,VOLKSWAGEN T-ROC,5,E01021139,0,4
2024201419810,2024,201419810,2,9,0,-1,9,3,7,-1,0,1,0,0,0,0,3,9,-1,6,1,58,9,999,1,1,VOLKSWAGEN T-ROC,1,E01009301,0,1
2024221428674,2024,221428674,1,9,0,-1,4,6,2,-1,0,1,0,0,0,0,2,1,-1,9,2,28,6,1498,1,3,VOLKSWAGEN T-ROC,9,E01032337,0,2
2024221499023,2024,221499023,1,9,0,-1,9,5,2,-1,0,5,0,0,0,0,4,1,-1,6,1,28,6,1968,2,5,VOLKSWAGEN T-ROC,1,E01028957,0,3
2024501455246,2024,501455246,1,9,0,-1,3,-1,-1,-1,0,1,0,0,0,0,3,1,-1,9,2,36,7,1498,1,6,VOLKSWAGEN T-ROC,9,E01020239,0,2
2024122400599,2024,122400599,2,9,0,18,19,7,3,0,0,0,0,0,1,11,0,1,6,6,1,32,6,1984,1,5,VOLKSWAGEN T-ROC,6,E01027578,0,4
2024131417421,2024,131417421,3,9,0,-1,2,0,0,-1,0,1,0,0,0,0,2,1,-1,6,-1,-1,-1,999,1,3,VOLKSWAGEN T-ROC,-1,-1,0,-1
2024552401043,2024,552401043,2,9,0,18,19,5,1,0,0,8,0,0,1,11,1,1,6,6,1,54,8,1498,1,6,VOLKSWAGEN T-ROC,7,E01015330,0,1
2024211435431,2024,211435431,1,9,0,-1,19,4,8,-1,0,0,0,12,0,0,1,1,-1,1,2,43,7,1498,1,4,VOLKSWAGEN T-ROC,10,E01029678,0,1
2024471526868,2024,471526868,1,9,0,-1,7,1,3,-1,0,6,0,0,0,0,-1,1,-1,9,1,61,9,999,1,4,VOLKSWAGEN T-ROC,9,E01016980,0,1
2024991497824,2024,991497824,2,9,0,-1,19,3,7,-1,0,0,0,0,0,0,1,1,-1,9,2,25,5,1498,1,0,VOLKSWAGEN T-ROC,8,-1,0,3
2024471536086,2024,471536086,2,9,0,-1,19,1,1,-1,0,0,0,0,0,0,1,1,-1,9,2,34,6,1498,1,3,VOLKSWAGEN T-ROC,9,E01031793,0,2
2024430331780,2024,430331780,1,9,0,18,19,4,8,0,0,0,0,0,0,0,4,1,1,1,2,56,9,1498,1,3,VOLKSWAGEN T-ROC,6,E01021022,0,4
2024201470462,2024,201470462,1,9,0,-1,19,2,6,-1,0,0,0,4,0,0,1,9,-1,9,2,39,7,999,1,1,VOLKSWAGEN T-ROC,1,E01009173,0,1
2024131426659,2024,131426659,1,9,0,-1,19,8,4,-1,0,2,0,0,0,0,4,1,-1,9,1,65,9,1498,1,1,VOLKSWAGEN T-ROC,6,E01010955,0,1
2024221404192,2024,221404192,1,9,0,-1,11,4,8,-1,0,2,0,0,0,0,0,9,-1,6,1,38,7,999,1,4,VOLKSWAGEN T-ROC,-1,-1,0,-1
2024010538646,2024,010538646,2,9,0,18,19,5,1,0,0,1,0,0,0,0,1,1,6,6,1,26,6,1984,1,3,VOLKSWAGEN T-ROC,-1,-1,0,-1
2024622400454,2024,622400454,3,9,0,3,3,6,2,0,0,0,0,0,0,0,2,1,6,6,2,28,6,999,1,1,VOLKSWAGEN T-ROC,4,E01027350,0,5
2024031534745,2024,031534745,1,9,0,-1,19,8,5,-1,0,1,0,10,1,4,1,1,-1,9,1,69,10,999,1,4,VOLKSWAGEN T-ROC,8,E01019279,0,1
2024231540887,2024,231540887,2,9,0,-1,19,6,2,-1,0,0,0,0,0,0,1,1,-1,6,1,49,8,1968,2,6,VOLKSWAGEN T-ROC,6,E01028479,0,4
2024201459421,2024,201459421,2,9,0,-1,9,2,8,-1,0,6,0,0,0,0,2,1,-1,9,1,53,8,1498,1,5,VOLKSWAGEN T-ROC,1,E01008966,0,2
2024010541190,2024,010541190,2,9,0,7,7,9,9,99,99,9,9,99,9,99,9,9,6,6,3,-1,-1,1498,1,0,VOLKSWAGEN T-ROC,-1,-1,0,-1
2024371465256,2024,371465256,2,9,0,-1,19,7,3,-1,0,0,0,0,0,0,2,1,-1,9,2,52,8,999,1,4,VOLKSWAGEN T-ROC,6,E01018051,0,4
2024371411234,2024,371411234,1,9,0,-1,5,2,6,-1,0,0,0,0,0,0,3,1,-1,1,1,71,10,1498,1,5,VOLKSWAGEN T-ROC,5,E01033446,0,4
2024201500027,2024,201500027,1,9,0,-1,14,6,2,-1,0,0,0,0,0,0,1,1,-1,9,1,18,4,999,1,6,VOLKSWAGEN T-ROC,-1,-1,0,-1
2024211490287,2024,211490287,1,9,0,-1,19,7,3,-1,0,1,0,0,0,0,1,1,-1,6,2,50,8,1498,1,6,VOLKSWAGEN T-ROC,-1,-1,0,-1
2024010526469,2024,010526469,3,9,0,9,9,5,2,0,0,8,0,0,0,0,1,1,6,6,3,-1,-1,1968,2,5,VOLKSWAGEN T-ROC,-1,-1,0,-1
2024031403690,2024,031403690,2,9,0,-1,2,0,0,-1,0,0,0,0,0,0,2,1,-1,6,-1,-1,-1,999,1,5,VOLKSWAGEN T-ROC,-1,-1,0,-1
2024070488604,2024,070488604,2,9,0,4,4,2,6,0,0,0,0,0,0,0,2,1,6,6,2,33,6,1968,2,6,VOLKSWAGEN T-ROC,5,E01012544,0,1
2024471417374,2024,471417374,1,9,0,-1,13,4,8,-1,0,0,0,0,1,11,2,1,-1,1,2,53,8,1498,1,3,VOLKSWAGEN T-ROC,4,E01021096,0,2
2024131402046,2024,131402046,2,9,0,-1,13,5,7,-1,0,0,0,0,0,0,1,1,-1,6,1,28,6,1498,1,2,VOLKSWAGEN T-ROC,2,E01011157,0,1
2024302401363,2024,302401363,1,9,0,8,8,2,5,0,0,1,0,0,0,0,1,1,6,6,2,-1,-1,1498,1,4,VOLKSWAGEN T-ROC,3,E01019404,0,1
2024421473215,2024,421473215,2,9,0,-1,19,6,2,-1,0,0,0,0,0,0,2,1,-1,9,1,45,7,1498,1,0,VOLKSWAGEN T-ROC,4,E01021704,0,3
2024221419499,2024,221419499,2,9,0,-1,4,4,7,-1,0,1,0,0,0,0,2,9,-1,9,2,27,6,1498,1,2,VOLKSWAGEN T-ROC,1,E01014165,0,1
2024211496257,2024,211496257,1,9,0,-1,19,3,7,-1,0,0,0,0,0,0,1,1,-1,6,1,30,6,1968,2,2,VOLKSWAGEN T-ROC,-1,-1,0,-1
2024430414387,2024,430414387,1,9,0,13,13,1,5,0,0,0,0,0,0,0,4,1,6,6,1,-1,-1,1498,1,2,VOLKSWAGEN T-ROC,-1,-1,0,-1
2024461449202,2024,461449202,3,9,0,-1,7,8,3,-1,0,0,0,0,1,0,0,1,-1,6,1,50,8,1498,1,3,VOLKSWAGEN T-ROC,6,E01021855,0,4
2024141505467,2024,141505467,1,9,0,-1,19,7,3,-1,0,0,1,0,2,4,1,1,-1,1,2,62,9,1498,1,3,VOLKSWAGEN T-ROC,3,E01007459,0,1
2024451521770,2024,451521770,1,9,0,-1,19,3,3,-1,0,0,0,0,0,0,1,1,-1,1,2,21,5,1498,1,3,VOLKSWAGEN T-ROC,9,E01030403,0,1
2024471523778,2024,471523778,1,9,0,-1,13,1,5,-1,0,0,0,0,0,0,3,1,-1,9,1,72,10,1984,1,4,VOLKSWAGEN T-ROC,7,E01030879,0,3
2024421527369,2024,421527369,1,9,0,-1,5,3,1,-1,0,6,0,0,0,0,3,1,-1,6,2,61,9,1984,1,4,VOLKSWAGEN T-ROC,8,E01015965,0,1
2024010542814,2024,010542814,1,9,0,9,9,3,1,0,0,1,0,0,0,0,1,1,2,2,1,40,7,1498,1,3,VOLKSWAGEN T-ROC,4,E01001234,0,1
2024332400174,2024,332400174,2,9,0,-1,2,0,0,-1,0,0,0,0,0,0,2,1,-1,6,3,-1,-1,1498,1,1,VOLKSWAGEN T-ROC,-1,-1,0,-1
2024361447295,2024,361447295,1,9,0,-1,14,1,5,-1,0,1,0,0,0,0,4,1,-1,9,2,72,10,1498,1,5,VOLKSWAGEN T-ROC,8,E01026480,0,2
2024421434598,2024,421434598,3,9,0,-1,19,8,2,-1,0,0,0,0,1,0,1,1,-1,9,1,27,6,1498,1,3,VOLKSWAGEN T-ROC,6,E01021723,0,2
2024421431448,2024,421431448,2,9,0,-1,19,1,5,-1,0,1,0,0,0,0,4,1,-1,1,1,54,8,1968,2,0,VOLKSWAGEN T-ROC,8,E01021914,0,3
2024141492664,2024,141492664,2,9,0,-1,19,1,5,-1,0,4,0,0,0,0,1,1,-1,6,1,42,7,1498,1,4,VOLKSWAGEN T-ROC,9,E01007710,0,1
2024070244285,2024,070244285,3,9,0,18,19,8,3,0,0,0,0,0,0,0,1,1,2,2,2,41,7,1968,2,1,VOLKSWAGEN T-ROC,8,E01018458,0,1
2024430629215,2024,430629215,2,9,0,3,3,5,1,0,0,4,0,0,0,0,2,1,6,6,1,29,6,999,1,2,VOLKSWAGEN T-ROC,9,E01028785,0,1
2024471518636,2024,471518636,2,9,0,-1,19,3,8,-1,0,3,0,0,0,0,4,1,-1,6,1,40,7,1498,1,3,VOLKSWAGEN T-ROC,5,E01031410,0,1
2024471461676,2024,471461676,2,9,0,-1,19,1,5,-1,0,2,0,0,8,11,3,1,-1,6,1,68,10,1498,1,0,VOLKSWAGEN T-ROC,10,E01031702,0,1
2024421444782,2024,421444782,1,9,0,-1,19,8,4,-1,0,8,0,0,0,0,1,1,-1,9,2,34,6,1498,1,3,VOLKSWAGEN T-ROC,10,E01021746,0,1
2024010522773,2024,010522773,1,9,0,99,99,9,9,99,99,9,9,99,9,99,2,9,6,6,2,30,6,1498,1,0,VOLKSWAGEN T-ROC,4,E01003480,0,1
2024010521216,2024,010521216,3,9,0,2,2,0,0,9,9,0,0,0,0,0,0,1,6,6,3,-1,-1,1498,1,2,VOLKSWAGEN T-ROC,-1,-1,0,-1
2024531504640,2024,531504640,1,9,0,-1,19,1,5,-1,0,1,0,0,0,0,1,1,-1,9,1,32,6,1498,1,3,VOLKSWAGEN T-ROC,6,E01022211,0,1
2024991438032,2024,991438032,1,9,0,-1,19,2,6,-1,0,8,5,0,0,0,3,1,-1,6,2,27,6,999,1,2,VOLKSWAGEN T-ROC,2,-1,0,1
2024631490236,2024,631490236,1,9,0,-1,19,1,5,-1,0,0,1,0,7,2,1,1,-1,6,2,23,5,999,1,1,VOLKSWAGEN T-ROC,3,W01001923,0,1
2024041432389,2024,041432389,1,9,0,-1,12,1,7,-1,0,1,0,0,0,0,4,1,-1,9,1,37,7,1498,1,4,VOLKSWAGEN T-ROC,2,E01010894,0,4
2024552400870,2024,552400870,1,9,0,18,19,8,4,0,0,0,0,0,0,0,1,1,2,2,2,35,6,1968,2,2,VOLKSWAGEN T-ROC,10,E01020420,0,3
2024991419539,2024,991419539,2,9,0,-1,19,7,2,-1,0,1,1,0,0,0,3,1,-1,2,2,56,9,1498,1,2,VOLKSWAGEN T-ROC,10,-1,0,1
2024302401324,2024,302401324,1,9,0,18,19,2,6,0,0,0,0,0,0,0,1,1,6,6,1,38,7,1984,1,2,VOLKSWAGEN T-ROC,7,E01011299,0,4
2024302401363,2024,302401363,2,9,0,8,8,2,5,0,0,1,0,0,0,0,2,1,1,1,2,25,5,999,1,6,VOLKSWAGEN T-ROC,2,E01013815,0,4
2024010508361,2024,010508361,1,9,0,1,1,3,7,0,0,6,0,0,0,0,2,1,6,6,1,55,8,1498,1,7,VOLKSWAGEN T-ROC,-1,-1,0,-1
2024991482310,2024,991482310,2,9,0,-1,4,8,4,-1,0,0,0,0,0,0,2,1,-1,9,2,36,7,999,1,1,VOLKSWAGEN T-ROC,3,-1,0,2
2024421505696,2024,421505696,1,9,0,-1,19,1,5,-1,0,0,2,0,7,0,1,1,-1,9,1,20,4,1498,1,3,VOLKSWAGEN T-ROC,8,E01021760,0,2
2024451517202,2024,451517202,2,9,0,-1,19,3,7,-1,0,0,0,0,0,0,2,1,-1,9,2,50,8,999,1,6,VOLKSWAGEN T-ROC,10,E01032839,0,4
2024351411884,2024,351411884,1,9,0,-1,9,7,3,-1,0,1,0,0,0,0,1,1,-1,1,2,26,6,999,1,6,VOLKSWAGEN T-ROC,7,E01018056,0,2
2024631523925,2024,631523925,2,9,0,-1,7,1,3,-1,0,5,0,0,0,0,4,1,-1,9,2,52,8,1498,1,0,VOLKSWAGEN T-ROC,6,W01000551,0,1
2024211511355,2024,211511355,1,9,0,-1,1,5,1,-1,0,0,0,0,0,0,1,1,-1,6,1,-1,-1,1498,1,0,VOLKSWAGEN T-ROC,-1,-1,0,-1
2024161512136,2024,161512136,2,9,0,-1,19,7,3,-1,0,0,0,0,0,0,1,1,-1,6,2,70,10,1498,1,3,VOLKSWAGEN T-ROC,6,E01013253,0,2
2024010523956,2024,010523956,1,9,0,3,3,6,2,0,0,1,0,0,0,0,2,1,2,2,1,33,6,1498,1,5,VOLKSWAGEN T-ROC,3,E01003616,0,2
2024991510601,2024,991510601,1,9,0,-1,19,6,4,-1,9,1,1,10,7,0,1,1,-1,6,2,75,10,1498,1,0,VOLKSWAGEN T-ROC,8,-1,0,1
2024440459204,2024,440459204,1,9,0,9,9,1,7,0,0,6,0,0,0,0,1,1,6,6,2,-1,-1,1498,1,0,VOLKSWAGEN T-ROC,-1,-1,0,-1
2024501421993,2024,501421993,1,9,0,-1,19,7,3,-1,0,0,1,0,1,4,4,9,-1,1,2,25,5,999,1,6,VOLKSWAGEN T-ROC,9,E01019940,0,3
2024461402542,2024,461402542,1,9,0,-1,19,7,3,-1,0,0,0,0,1,4,1,1,-1,6,1,46,8,1498,1,1,VOLKSWAGEN T-ROC,10,E01003857,0,5
2024010528717,2024,010528717,1,9,0,7,7,3,5,0,0,1,0,0,1,0,1,1,6,6,1,28,6,1598,2,6,VOLKSWAGEN T-ROC,5,E01015723,0,4
2024520402420,2024,520402420,3,9,0,18,19,4,8,0,0,1,0,0,0,0,1,1,6,6,2,30,6,999,1,3,VOLKSWAGEN T-ROC,7,E01029262,0,1
2024010526948,2024,010526948,1,9,0,9,9,3,2,0,0,1,0,0,0,0,1,1,6,6,2,55,8,999,1,3,VOLKSWAGEN T-ROC,9,E01003669,0,1
202454F245824,2024,54F245824,2,9,0,4,4,1,5,0,0,4,0,0,0,0,2,1,6,6,1,49,8,999,1,0,VOLKSWAGEN T-ROC,9,E01034543,0,1
2024071050687,2024,071050687,1,9,0,-1,6,1,1,-1,0,0,0,0,0,0,3,1,-1,9,2,58,9,1498,1,1,VOLKSWAGEN T-ROC,10,E01023551,0,5
2024552400859,2024,552400859,2,9,0,2,2,0,0,0,0,0,0,0,0,0,3,1,6,6,1,49,8,1498,1,6,VOLKSWAGEN T-ROC,9,E01015431,0,1
2024471483648,2024,471483648,1,9,0,-1,19,3,7,-1,0,0,0,0,0,0,3,1,-1,9,2,67,10,1498,1,1,VOLKSWAGEN T-ROC,8,E01021095,0,1
2024440513465,2024,440513465,1,9,0,18,19,5,1,0,0,0,0,0,0,0,1,1,6,6,1,28,6,1598,2,5,VOLKSWAGEN T-ROC,9,E01022610,0,3
2024010516487,2024,010516487,2,9,0,2,2,9,9,99,99,0,9,99,9,99,9,1,6,6,3,-1,-1,1498,1,2,VOLKSWAGEN T-ROC,10,E01016606,0,4
2024201558233,2024,201558233,2,9,0,-1,3,7,3,-1,0,4,0,0,0,0,1,1,-1,1,1,73,10,1498,1,0,VOLKSWAGEN T-ROC,1,E01009047,0,1
2024430035351,2024,430035351,2,9,0,18,19,2,6,0,0,8,0,0,0,0,1,1,6,6,2,30,6,999,1,6,VOLKSWAGEN T-ROC,-1,-1,0,-1
2024440202829,2024,440202829,1,9,0,18,19,8,4,0,0,1,0,0,0,0,1,1,2,2,1,37,7,1498,1,6,VOLKSWAGEN T-ROC,-1,-1,0,-1
2024070865014,2024,070865014,2,9,0,-1,19,5,1,-1,0,8,0,0,0,0,1,1,-1,9,2,80,11,1498,1,3,VOLKSWAGEN T-ROC,10,E01018724,0,2
2024471486274,2024,471486274,2,9,0,-1,19,5,1,-1,0,0,0,0,0,0,3,1,-1,2,2,30,6,1498,1,5,VOLKSWAGEN T-ROC,7,E01035329,0,1
2024231536711,2024,231536711,1,9,0,-1,19,6,2,-1,0,8,0,0,0,0,1,1,-1,6,1,35,6,1968,2,1,VOLKSWAGEN T-ROC,9,E01031180,0,1
2024501483547,2024,501483547,4,9,0,-1,15,3,7,-1,0,0,0,0,0,0,0,1,-1,6,2,35,6,999,1,6,VOLKSWAGEN T-ROC,1,E01009124,0,5
2024101531393,2024,101531393,2,9,0,-1,3,1,5,-1,0,0,0,0,0,0,2,1,-1,6,2,27,6,999,1,3,VOLKSWAGEN T-ROC,6,E01027488,0,4
2024411452862,2024,411452862,1,9,0,-1,5,8,4,-1,0,0,0,0,0,0,1,1,-1,6,1,30,6,1498,1,1,VOLKSWAGEN T-ROC,2,E01002032,0,3
2024622400821,2024,622400821,2,9,0,18,19,4,8,0,0,0,0,0,0,0,2,1,6,6,2,58,9,1498,1,3,VOLKSWAGEN T-ROC,7,W01000878,0,1
2024010516540,2024,010516540,1,9,0,18,19,5,1,0,0,9,0,10,9,10,9,1,6,6,2,22,5,999,1,0,VOLKSWAGEN T-ROC,2,E01002852,0,1
2024201470257,2024,201470257,3,9,0,-1,4,8,4,-1,0,0,0,0,0,0,2,1,-1,6,2,34,6,999,1,4,VOLKSWAGEN T-ROC,1,E01009056,0,2
2024070719936,2024,070719936,2,9,0,-1,3,7,3,-1,0,1,0,0,0,0,3,1,-1,9,2,42,7,1498,1,3,VOLKSWAGEN T-ROC,9,E01012488,0,1