collision_index,collision_year,collision_ref_no,vehicle_reference,vehicle_type,towing_and_articulation,vehicle_manoeuvre_historic,vehicle_manoeuvre,vehicle_direction_from,vehicle_direction_to,vehicle_location_restricted_lane_historic,vehicle_location_restricted_lane,junction_location,skidding_and_overturning,hit_object_in_carriageway,vehicle_leaving_carriageway,hit_object_off_carriageway,first_point_of_impact,vehicle_left_hand_drive,journey_purpose_of_driver_historic,journey_purpose_of_driver,sex_of_driver,age_of_driver,age_band_of_driver,engine_capacity_cc,propulsion_code,age_of_vehicle,generic_make_model,driver_imd_decile,lsoa_of_driver,escooter_flag,driver_distance_banding
2024461428622,2024,461428622,2,9,0,-1,19,1,4,-1,0,1,0,0,0,0,3,1,-1,6,2,59,9,1498,1,3,VOLKSWAGEN T-ROC,3,E01024099,0,2
2024010541124,2024,010541124,1,9,0,1,1,5,1,0,0,0,0,0,0,0,2,1,2,2,1,45,7,1498,1,3,VOLKSWAGEN T-ROC,6,E01001951,0,1
2024061470119,2024,061470119,2,9,0,-1,19,3,8,-1,0,1,0,0,0,0,2,1,-1,9,2,37,7,1498,1,6,VOLKSWAGEN T-ROC,1,E01005321,0,1
2024421426890,2024,421426890,1,9,0,-1,19,1,5,-1,0,0,0,0,0,0,1,1,-1,6,1,61,9,1968,2,5,VOLKSWAGEN T-ROC,7,E01026014,0,5
2024010520111,2024,010520111,1,9,0,4,4,7,3,0,0,0,0,0,0,0,4,2,6,6,2,38,7,1498,1,1,VOLKSWAGEN T-ROC,-1,-1,0,-1
2024421517003,2024,421517003,3,9,0,-1,19,1,5,-1,0,8,0,0,0,0,3,1,-1,9,2,44,7,1498,1,2,VOLKSWAGEN T-ROC,8,E01021803,0,1
2024041517930,2024,041517930,1,9,0,-1,19,1,5,-1,0,1,0,0,0,0,1,1,-1,9,2,64,9,1498,1,4,VOLKSWAGEN T-ROC,1,E01012574,0,1
2024501535038,2024,501535038,2,9,0,-1,19,5,2,-1,0,1,0,0,0,0,1,9,-1,6,2,37,7,1498,1,4,VOLKSWAGEN T-ROC,1,E01015048,0,1
2024101535395,2024,101535395,1,9,0,-1,9,5,2,-1,0,1,0,0,0,0,1,1,-1,9,2,80,11,999,1,3,VOLKSWAGEN T-ROC,8,E01027495,0,2
2024440295792,2024,440295792,3,9,0,4,4,8,4,0,0,0,0,0,0,0,1,1,2,2,2,25,5,1498,1,6,VOLKSWAGEN T-ROC,9,E01022547,0,1
2024411435554,2024,411435554,1,9,0,-1,7,3,5,-1,0,0,0,0,0,0,4,9,-1,2,2,32,6,1498,1,1,VOLKSWAGEN T-ROC,10,E01023887,0,3
2024010541616,2024,010541616,2,9,0,99,99,9,9,99,99,9,9,99,9,99,2,9,6,6,1,28,6,1498,1,3,VOLKSWAGEN T-ROC,6,E01000459,0,1
2024010512197,2024,010512197,1,9,0,4,4,5,1,0,0,0,0,0,0,0,1,1,6,6,2,55,8,1498,1,1,VOLKSWAGEN T-ROC,2,E01001076,0,1
2024361397722,2024,361397722,2,9,0,-1,19,7,3,-1,0,0,0,11,0,0,1,1,-1,6,2,66,10,1498,1,4,VOLKSWAGEN T-ROC,4,E01026444,0,4
2024401434613,2024,401434613,1,9,0,-1,19,2,5,-1,9,1,0,0,2,0,1,1,-1,6,1,33,6,1498,1,1,VOLKSWAGEN T-ROC,4,E01017522,0,1
2024522500342,2024,522500342,2,9,0,4,4,2,6,0,0,8,0,0,0,0,1,1,6,6,2,63,9,1498,1,1,VOLKSWAGEN T-ROC,8,W01001549,0,4
2024010491884,2024,010491884,1,9,0,18,19,3,7,0,0,1,0,0,0,0,1,1,2,2,2,30,6,1498,1,3,VOLKSWAGEN T-ROC,1,E01001517,0,1
2024061398268,2024,061398268,1,9,0,-1,19,5,1,-1,0,1,0,0,1,1,1,1,-1,9,1,71,10,1984,1,3,VOLKSWAGEN T-ROC,-1,-1,0,-1
2024991460893,2024,991460893,1,9,0,-1,19,5,1,-1,0,0,0,0,0,0,1,1,-1,6,2,65,9,1498,1,3,VOLKSWAGEN T-ROC,6,-1,0,3
2024531506573,2024,531506573,2,9,0,-1,19,6,2,-1,0,0,0,0,0,0,4,1,-1,2,1,46,8,999,1,0,VOLKSWAGEN T-ROC,5,E01022334,0,3
2024131513151,2024,131513151,4,9,0,-1,4,1,5,-1,0,0,0,0,0,0,2,1,-1,2,2,33,6,1498,1,1,VOLKSWAGEN T-ROC,4,E01010855,0,2
2024411536841,2024,411536841,2,9,-1,-1,-1,-1,-1,-1,-1,0,-1,-1,-1,0,1,9,-1,6,2,42,7,1498,1,1,VOLKSWAGEN T-ROC,8,E01034362,0,4
202460Q089558,2024,60Q089558,1,9,0,18,19,1,5,0,0,0,0,0,0,0,1,1,6,6,1,80,11,1498,1,6,VOLKSWAGEN T-ROC,-1,-1,0,-1
2024131466652,2024,131466652,1,9,0,-1,19,1,1,-1,0,8,0,4,0,0,3,1,-1,6,2,66,10,1498,1,4,VOLKSWAGEN T-ROC,9,E01010875,0,1
2024430343173,2024,430343173,2,9,0,18,19,-1,-1,0,0,0,0,0,0,0,1,1,6,6,2,61,9,1984,1,4,VOLKSWAGEN T-ROC,10,E01028626,0,4
2024010543383,2024,010543383,2,9,0,99,99,9,9,99,99,9,9,99,9,99,1,9,6,6,3,-1,-1,999,1,4,VOLKSWAGEN T-ROC,-1,-1,0,-1
2024501446625,2024,501446625,2,9,0,-1,19,1,5,-1,0,0,0,0,0,0,1,1,-1,6,2,29,6,1968,2,1,VOLKSWAGEN T-ROC,4,E01020262,0,1
2024991435435,2024,991435435,2,9,0,-1,19,1,5,-1,0,0,0,0,0,0,3,1,-1,9,2,69,10,1498,1,3,VOLKSWAGEN T-ROC,3,-1,0,1
2024010551154,2024,010551154,1,9,0,6,6,4,4,0,0,0,0,0,0,0,3,1,2,2,1,25,5,1498,1,6,VOLKSWAGEN T-ROC,6,E01003026,0,1
2024501462814,2024,501462814,1,9,0,-1,4,5,1,-1,0,1,0,0,0,0,2,9,-1,6,1,51,8,1968,2,3,VOLKSWAGEN T-ROC,9,E01020186,0,1
2024320732638,2024,320732638,3,9,0,4,4,6,2,0,0,0,0,0,0,0,2,1,1,1,2,30,6,1498,1,0,VOLKSWAGEN T-ROC,8,E01026258,0,4
2024071063342,2024,071063342,1,9,0,-1,19,6,2,-1,0,0,1,0,1,7,1,1,-1,2,1,31,6,999,1,1,VOLKSWAGEN T-ROC,7,W01000283,0,2
2024010505510,2024,010505510,2,9,9,99,99,9,9,9,9,0,9,99,9,99,9,9,6,6,1,47,8,1498,1,1,VOLKSWAGEN T-ROC,2,E01003932,0,1
2024041475559,2024,041475559,1,9,0,-1,5,5,1,-1,0,0,0,0,0,0,1,1,-1,6,1,29,6,1598,2,5,VOLKSWAGEN T-ROC,6,E01025123,0,3
2024010532395,2024,010532395,2,9,0,99,99,9,9,99,99,9,9,99,9,99,9,9,6,6,2,-1,-1,1968,2,5,VOLKSWAGEN T-ROC,10,E01000395,0,1
2024351509888,2024,351509888,2,9,-1,-1,-1,-1,-1,-1,-1,-1,-1,-1,-1,0,-1,9,-1,6,1,22,5,1598,2,5,VOLKSWAGEN T-ROC,5,E01018059,0,2
2024430425844,2024,430425844,1,9,0,9,9,1,7,0,0,5,0,0,0,0,4,1,6,6,2,72,10,1498,1,1,VOLKSWAGEN T-ROC,9,E01030705,0,3
2024451478519,2024,451478519,1,9,0,-1,7,3,7,-1,0,0,1,0,0,0,1,1,-1,6,1,17,4,1984,1,4,VOLKSWAGEN T-ROC,6,E01003755,0,4
2024332401196,2024,332401196,2,9,0,-1,11,8,4,-1,0,8,0,0,0,0,4,1,-1,6,3,-1,-1,1498,1,3,VOLKSWAGEN T-ROC,-1,-1,0,-1
2024440520903,2024,440520903,3,9,0,18,19,5,1,0,0,0,0,0,0,0,0,1,6,6,2,-1,-1,1498,1,0,VOLKSWAGEN T-ROC,10,E01023213,0,2
2024430081794,2024,430081794,1,9,0,9,9,5,3,0,0,6,0,0,0,0,1,1,6,6,1,57,9,1984,1,4,VOLKSWAGEN T-ROC,10,E01017936,0,1
2024371484878,2024,371484878,2,9,0,-1,19,3,7,-1,0,8,0,0,0,0,1,1,-1,9,2,27,6,1498,1,0,VOLKSWAGEN T-ROC,3,E01029886,0,1
2024010517180,2024,010517180,2,9,9,99,99,9,9,99,99,9,9,99,9,99,9,9,6,6,1,61,9,1498,1,2,VOLKSWAGEN T-ROC,5,E01001611,0,1
2024201455989,2024,201455989,1,9,0,-1,19,3,7,-1,0,0,0,0,0,0,1,1,-1,6,-1,-1,-1,1498,1,3,VOLKSWAGEN T-ROC,-1,-1,0,-1
2024201511783,2024,201511783,1,9,0,-1,5,6,2,-1,0,1,0,0,0,0,3,1,-1,9,2,55,8,1498,1,4,VOLKSWAGEN T-ROC,-1,-1,0,-1
2024141493324,2024,141493324,2,9,0,-1,19,5,1,-1,0,1,0,0,0,0,1,1,-1,2,2,29,6,1498,1,5,VOLKSWAGEN T-ROC,3,E01007513,0,2
2024622400853,2024,622400853,1,9,0,9,9,6,4,0,0,6,1,0,0,0,3,1,1,1,2,53,8,1498,1,5,VOLKSWAGEN T-ROC,3,W01001805,0,1
2024070692743,2024,070692743,1,9,0,-1,-1,8,6,0,0,0,0,0,0,0,1,1,6,6,1,68,10,1498,1,1,VOLKSWAGEN T-ROC,2,E01018685,0,1
2024041531172,2024,041531172,2,9,0,-1,4,5,1,-1,0,1,0,4,0,0,2,1,-1,2,2,39,7,999,1,6,VOLKSWAGEN T-ROC,9,E01012569,0,4
2024440128450,2024,440128450,2,9,0,5,5,2,6,0,0,6,0,0,0,0,1,1,6,6,2,55,8,1498,1,1,VOLKSWAGEN T-ROC,-1,-1,0,-1
2024332400388,2024,332400388,2,9,0,-1,2,0,0,-1,0,0,0,0,1,10,1,1,-1,6,3,-1,-1,1598,2,6,VOLKSWAGEN T-ROC,-1,-1,0,-1
2024991432832,2024,991432832,2,9,0,-1,2,0,0,-1,0,0,0,0,0,0,2,1,-1,6,-1,-1,-1,1968,2,5,VOLKSWAGEN T-ROC,-1,-1,0,-1
2024131534200,2024,131534200,1,9,0,-1,9,8,6,-1,0,6,0,0,0,0,3,1,-1,9,2,28,6,1498,1,2,VOLKSWAGEN T-ROC,3,E01010825,0,1
2024411518045,2024,411518045,1,9,-1,-1,-1,-1,-1,-1,-1,-1,-1,-1,-1,0,1,9,-1,6,1,-1,-1,1984,1,3,VOLKSWAGEN T-ROC,-1,-1,0,-1
2024231512558,2024,231512558,2,9,0,-1,19,5,1,-1,0,1,0,0,0,0,1,9,-1,6,2,25,5,999,1,5,VOLKSWAGEN T-ROC,9,E01009706,0,1
2024010531335,2024,010531335,1,9,0,99,99,9,9,99,99,9,9,99,9,99,9,9,6,6,3,-1,-1,1984,1,3,VOLKSWAGEN T-ROC,10,E01003463,0,2
2024991437671,2024,991437671,1,9,0,-1,9,2,6,-1,0,8,0,0,0,0,4,1,-1,2,2,51,8,1498,1,3,VOLKSWAGEN T-ROC,7,-1,0,1
2024461432863,2024,461432863,2,9,0,-1,19,1,5,-1,0,1,0,0,0,0,3,1,-1,9,2,67,10,1498,1,5,VOLKSWAGEN T-ROC,8,E01024762,0,1
2024010511180,2024,010511180,1,9,0,99,99,9,9,99,99,0,9,99,9,99,1,9,6,6,3,-1,-1,1498,1,3,VOLKSWAGEN T-ROC,-1,-1,0,-1
2024231501206,2024,231501206,1,9,0,-1,5,7,3,-1,0,0,0,0,0,0,1,1,-1,1,1,70,10,1498,1,0,VOLKSWAGEN T-ROC,7,E01031320,0,1
2024211528282,2024,211528282,1,9,0,-1,19,1,5,-1,0,0,0,0,0,0,1,1,-1,6,1,63,9,1968,2,1,VOLKSWAGEN T-ROC,10,E01029507,0,1
2024141532002,2024,141532002,1,9,0,-1,2,0,0,-1,0,2,0,0,0,0,3,1,-1,9,1,33,6,999,1,0,VOLKSWAGEN T-ROC,4,E01008088,0,1
2024332400590,2024,332400590,2,9,0,-1,13,4,1,-1,0,8,0,0,0,0,1,1,-1,1,2,34,6,1498,1,4,VOLKSWAGEN T-ROC,10,E01025734,0,2
2024461504126,2024,461504126,2,3,0,-1,19,6,2,-1,0,1,1,0,0,0,1,1,-1,6,1,21,5,124,1,4,-1,4,E01024200,0,2
2024131421204,2024,131421204,2,9,0,-1,1,3,7,-1,0,1,0,11,0,0,-1,1,-1,6,1,20,4,2967,2,5,-1,5,E01010970,0,1
2024010506110,2024,010506110,3,9,0,2,2,0,0,0,0,0,0,0,1,0,2,1,6,6,3,-1,-1,1598,1,10,BMW 1 SERIES,-1,-1,0,-1
2024320650722,2024,320650722,2,9,0,-1,-1,2,6,0,0,3,0,0,1,10,4,1,-1,-1,1,18,4,1998,1,6,BMW 1 SERIES,8,E01032992,0,2
2024451419121,2024,451419121,1,9,0,-1,19,5,1,-1,0,0,0,0,0,0,1,1,-1,9,2,38,7,1995,1,15,BMW 1 SERIES,9,E01030513,0,3
2024461534340,2024,461534340,2,9,0,-1,19,7,3,-1,0,0,0,0,0,0,3,9,-1,6,1,48,8,1598,1,10,BMW 1 SERIES,5,E01000375,0,4
2024361433802,2024,361433802,1,9,0,-1,19,5,2,-1,0,1,2,0,1,4,1,1,-1,9,1,23,5,1995,2,13,BMW 1 SERIES,5,E01026651,0,1
2024061515580,2024,061515580,1,9,-1,-1,6,-1,-1,-1,-1,0,0,0,0,0,3,9,-1,6,3,-1,-1,1995,2,10,BMW 1 SERIES,-1,-1,0,-1
2024010543591,2024,010543591,2,9,0,99,99,9,9,99,99,9,9,99,9,99,1,9,6,6,3,-1,-1,1598,1,12,BMW 1 SERIES,2,E01001840,0,1
2024340WN6402,2024,340WN6402,1,9,0,-1,9,6,4,-1,0,8,0,0,0,0,3,1,-1,9,1,25,5,1995,2,19,BMW 1 SERIES,1,E01027239,0,1
2024141515445,2024,141515445,1,9,0,-1,19,5,1,-1,0,0,0,0,0,0,1,1,-1,2,1,41,7,1995,2,10,BMW 1 SERIES,1,E01008122,0,1
2024332400399,2024,332400399,1,9,0,-1,4,5,1,-1,0,1,0,0,0,0,2,1,-1,9,2,34,6,1995,2,14,BMW 1 SERIES,10,E01025774,0,2
2024010531820,2024,010531820,1,9,0,99,99,9,9,99,99,9,9,99,9,99,1,9,6,6,1,66,10,1499,1,1,BMW 1 SERIES,9,E01000656,0,1
2024461475899,2024,461475899,1,9,0,-1,19,8,3,-1,0,0,0,0,7,0,1,1,-1,6,1,47,8,1995,2,14,BMW 1 SERIES,6,E01016166,0,1
2024440142464,2024,440142464,1,9,0,18,19,5,1,0,0,8,0,0,0,0,4,1,6,6,1,53,8,1995,2,16,BMW 1 SERIES,10,E01022596,0,3
2024622400556,2024,622400556,2,9,0,18,19,1,6,0,0,0,0,0,0,0,2,1,1,1,1,20,4,1995,2,11,BMW 1 SERIES,3,W01001232,0,3
2024332400213,2024,332400213,1,9,0,-1,19,1,5,-1,0,0,0,0,0,0,1,1,-1,6,1,49,8,1995,2,14,BMW 1 SERIES,1,E01013726,0,1
2024311458622,2024,311458622,3,9,0,-1,2,0,0,-1,0,2,0,0,0,0,2,1,-1,6,-1,-1,-1,1499,1,5,BMW 1 SERIES,-1,-1,0,-1
2024340WN0962,2024,340WN0962,1,9,0,-1,9,7,5,-1,0,6,0,0,0,0,4,1,-1,9,1,24,5,1995,2,8,BMW 1 SERIES,8,E01027285,0,2
2024991530330,2024,991530330,2,9,0,-1,13,4,8,-1,0,0,1,4,1,0,1,1,-1,9,1,28,6,1995,2,14,BMW 1 SERIES,2,-1,0,4
2024041459308,2024,041459308,2,9,0,-1,4,1,5,-1,0,0,0,0,0,0,3,1,-1,9,2,48,8,1499,1,3,BMW 1 SERIES,8,E01034433,0,5
2024010540227,2024,010540227,2,9,0,18,19,1,5,0,0,0,0,0,0,0,0,1,6,6,1,44,7,1598,1,9,BMW 1 SERIES,-1,-1,0,-1
2024010536912,2024,010536912,2,9,0,9,9,5,3,0,0,1,0,0,0,0,1,2,6,6,1,21,5,1499,1,1,BMW 1 SERIES,8,E01001044,0,1
2024010523246,2024,010523246,1,9,0,18,19,5,1,9,9,1,0,10,1,0,1,1,6,6,3,-1,-1,1995,2,16,BMW 1 SERIES,-1,-1,0,-1
2024141435340,2024,141435340,5,9,0,-1,19,5,1,-1,0,0,0,0,0,0,2,9,-1,6,2,38,7,1995,2,14,BMW 1 SERIES,1,E01007760,0,3
2024552401103,2024,552401103,1,9,0,2,2,0,0,0,0,0,0,0,0,0,3,1,6,6,1,49,8,1499,1,8,BMW 1 SERIES,7,E01020495,0,1
2024361431906,2024,361431906,1,9,0,-1,19,5,1,-1,0,0,1,0,0,0,1,1,-1,9,2,23,5,1995,2,12,BMW 1 SERIES,4,E01026495,0,4
2024622400623,2024,622400623,1,9,0,18,19,4,8,0,0,3,0,0,0,0,4,1,6,6,1,56,9,1995,2,14,BMW 1 SERIES,2,W01000960,0,1
2024991528990,2024,991528990,1,9,0,-1,4,4,8,-1,0,0,1,0,0,0,1,1,-1,2,1,44,7,1995,2,15,BMW 1 SERIES,7,-1,0,1
2024201413522,2024,201413522,2,9,0,-1,9,6,4,-1,0,5,0,0,0,0,1,9,-1,6,1,35,6,1499,1,5,BMW 1 SERIES,5,E01009759,0,3
2024461504584,2024,461504584,2,9,0,-1,2,0,0,-1,0,2,0,0,0,0,4,1,-1,6,1,48,8,1496,2,8,BMW 1 SERIES,-1,-1,0,-1
2024010529482,2024,010529482,1,9,0,18,19,1,5,0,0,8,0,0,0,0,1,1,6,6,3,-1,-1,1598,2,11,BMW 1 SERIES,-1,-1,0,-1
2024361402326,2024,361402326,1,9,0,-1,9,1,7,-1,0,1,0,0,0,0,3,1,-1,9,1,27,6,1995,1,15,BMW 1 SERIES,2,E01030264,0,3
2024101512431,2024,101512431,2,9,0,-1,4,5,1,-1,0,0,0,0,0,0,2,1,-1,9,2,42,7,1995,2,13,BMW 1 SERIES,-1,-1,0,-1
2024201427571,2024,201427571,1,9,0,-1,9,8,5,-1,0,5,0,0,0,0,4,9,-1,6,1,23,5,1499,1,0,BMW 1 SERIES,10,E01033061,0,3
2024201451096,2024,201451096,1,9,0,-1,19,2,6,-1,9,0,1,0,1,0,1,1,-1,6,1,25,5,1995,2,12,BMW 1 SERIES,6,E01010221,0,1
2024991548555,2024,991548555,2,9,0,-1,7,3,7,-1,0,0,0,0,0,0,0,1,-1,9,1,21,5,1496,2,8,BMW 1 SERIES,10,E01010197,0,5
2024211431714,2024,211431714,2,9,0,-1,19,5,1,-1,0,0,0,0,0,0,3,1,-1,6,2,38,7,1995,2,9,BMW 1 SERIES,-1,-1,0,-1
2024361488121,2024,361488121,2,9,0,-1,19,7,3,-1,0,0,0,0,0,0,1,1,-1,9,2,49,8,1995,1,13,BMW 1 SERIES,7,E01026584,0,4
2024631535214,2024,631535214,1,9,0,-1,12,2,6,-1,0,0,1,7,7,10,1,1,-1,9,1,52,8,1995,2,16,BMW 1 SERIES,2,W01000588,0,2
2024501434590,2024,501434590,2,9,0,-1,19,2,6,-1,0,1,1,0,1,0,1,1,-1,6,2,22,5,1499,1,9,BMW 1 SERIES,4,E01018793,0,2
2024520403180,2024,520403180,1,9,0,18,19,1,4,0,0,3,0,7,1,10,1,1,6,6,1,20,4,1995,2,15,BMW 1 SERIES,4,E01029342,0,1
2024061489332,2024,061489332,1,9,0,-1,19,1,7,-1,0,8,0,0,0,0,1,9,-1,9,1,-1,-1,1995,2,18,BMW 1 SERIES,-1,-1,0,-1
2024361516703,2024,361516703,2,9,0,-1,3,5,3,-1,0,8,0,0,0,0,4,1,-1,2,1,25,5,1496,2,8,BMW 1 SERIES,1,E01026094,0,4
2024031494234,2024,031494234,1,9,0,-1,19,7,3,-1,0,0,0,10,1,11,1,1,-1,9,1,35,6,1995,2,14,BMW 1 SERIES,1,E01019113,0,4
2024471457404,2024,471457404,5,9,0,-1,2,0,0,-1,0,0,0,0,0,0,2,1,-1,6,-1,-1,-1,1995,2,16,BMW 1 SERIES,-1,-1,0,-1
2024211475057,2024,211475057,3,9,0,-1,19,7,3,-1,0,0,0,0,0,0,1,1,-1,6,1,-1,-1,1499,1,1,BMW 1 SERIES,5,E01029696,0,2
2024461468013,2024,461468013,1,9,0,-1,19,6,2,-1,0,0,0,0,0,0,1,9,-1,6,1,-1,-1,1499,1,1,BMW 1 SERIES,7,E01015628,0,5
2024201444691,2024,201444691,2,9,0,-1,19,7,3,-1,0,1,0,0,0,0,1,1,-1,2,1,18,4,1995,2,12,BMW 1 SERIES,2,E01009971,0,1
2024461485295,2024,461485295,2,9,0,-1,3,5,1,-1,0,0,0,0,0,0,4,9,-1,6,1,31,6,1499,1,4,BMW 1 SERIES,2,E01016068,0,2
2024010488771,2024,010488771,1,9,0,18,19,5,1,0,0,0,0,0,0,0,1,1,1,1,1,34,6,1499,1,2,BMW 1 SERIES,5,E01035598,0,2
2024440016375,2024,440016375,1,9,0,16,19,4,7,0,0,0,0,0,1,9,4,1,6,6,1,29,6,1998,1,6,BMW 1 SERIES,10,E01022898,0,2
2024522403108,2024,522403108,2,9,0,18,19,5,8,0,0,1,0,0,0,0,1,1,6,6,2,34,6,1496,2,9,BMW 1 SERIES,7,E01029086,0,3
2024451489643,2024,451489643,1,9,0,-1,10,1,5,-1,0,1,0,0,0,0,1,9,-1,9,2,27,6,2000,2,15,BMW 1 SERIES,8,E01030979,0,3
2024122400217,2024,122400217,1,9,0,18,19,6,2,0,0,0,1,7,5,6,1,1,6,6,1,27,6,1496,2,9,BMW 1 SERIES,9,E01033475,0,4
2024552400260,2024,552400260,2,9,0,4,4,7,3,0,0,0,0,0,0,0,2,1,6,6,1,39,7,1995,2,12,BMW 1 SERIES,8,E01018884,0,5
2024061430832,2024,061430832,1,9,0,-1,19,3,7,-1,0,1,0,0,7,2,1,9,-1,2,1,59,9,1995,2,19,BMW 1 SERIES,1,E01005070,0,3
2024631475999,2024,631475999,1,9,0,-1,19,4,8,-1,0,0,0,0,0,0,1,1,-1,2,2,57,9,1995,2,16,BMW 1 SERIES,7,W01000561,0,3
2024061489377,2024,061489377,4,9,-1,-1,-1,-1,-1,-1,-1,-1,-1,-1,-1,0,-1,9,-1,6,3,-1,-1,1496,2,9,BMW 1 SERIES,-1,-1,0,-1
2024461460108,2024,461460108,1,9,0,-1,-1,7,3,-1,-1,0,0,0,0,0,1,1,-1,-1,1,21,5,1598,2,12,BMW 1 SERIES,6,E01024472,0,3
2024221461603,2024,221461603,2,9,0,-1,4,3,7,-1,0,1,0,0,0,0,4,1,-1,6,2,31,6,1496,2,8,BMW 1 SERIES,5,E01032384,0,1
2024531448547,2024,531448547,2,9,0,-1,19,6,2,-1,0,1,1,0,1,0,4,1,-1,2,2,32,6,1995,2,12,BMW 1 SERIES,8,E01032182,0,4
2024461418343,2024,461418343,2,9,0,-1,19,7,3,-1,0,3,0,0,9,0,2,9,-1,6,1,20,4,1496,2,9,BMW 1 SERIES,7,E01035306,0,1
2024010548496,2024,010548496,1,9,0,18,19,1,5,0,0,8,0,0,0,0,1,1,2,2,1,35,6,1499,1,4,BMW 1 SERIES,8,E01032577,0,1
2024302401091,2024,302401091,1,9,0,16,19,5,2,0,0,0,0,0,0,0,1,1,6,6,1,45,7,1995,2,12,BMW 1 SERIES,5,E01013784,0,4
2024430557499,2024,430557499,1,9,0,5,5,5,1,0,0,0,0,0,0,0,3,1,6,6,1,-1,-1,1995,2,12,BMW 1 SERIES,-1,-1,0,-1
2024302500108,2024,302500108,1,9,0,-1,4,1,5,-1,0,8,0,0,0,0,1,1,-1,9,1,22,5,1496,2,9,BMW 1 SERIES,6,E01013518,0,1
2024131413965,2024,131413965,2,9,0,-1,19,1,1,-1,0,1,0,1,0,0,4,1,-1,6,1,23,5,1995,2,10,BMW 1 SERIES,2,E01008881,0,5
2024201477695,2024,201477695,2,9,0,-1,3,6,4,-1,0,1,0,0,0,0,2,1,-1,6,1,28,6,1499,1,2,BMW 1 SERIES,8,E01009785,0,1
2024010543854,2024,010543854,2,9,0,12,12,1,5,0,0,2,0,7,0,0,2,1,6,6,1,49,8,1499,1,2,BMW 1 SERIES,10,E01030883,0,4
2024311530324,2024,311530324,2,9,0,-1,19,3,7,-1,0,4,0,0,0,0,1,1,-1,6,1,43,7,1598,1,9,BMW 1 SERIES,6,E01028037,0,3
2024461520816,2024,461520816,1,9,0,-1,19,1,2,-1,0,0,2,0,1,9,4,1,-1,9,1,20,4,1598,1,10,BMW 1 SERIES,5,E01016029,0,1
2024201523281,2024,201523281,1,9,0,-1,19,3,7,-1,0,0,0,0,0,0,1,1,-1,6,1,25,5,1995,2,16,BMW 1 SERIES,-1,-1,0,-1
2024351474187,2024,351474187,1,9,0,-1,19,-1,-1,-1,0,2,-1,-1,-1,0,1,1,-1,6,1,-1,-1,1995,2,13,BMW 1 SERIES,5,E01026132,0,5
2024430315635,2024,430315635,2,9,0,3,3,5,1,0,0,1,0,0,0,0,2,1,2,2,1,27,6,1995,2,12,BMW 1 SERIES,10,E01017631,0,2
2024471497223,2024,471497223,2,9,0,-1,19,7,3,-1,0,0,0,0,0,0,1,1,-1,1,1,48,8,1496,2,6,BMW 1 SERIES,2,E01021179,0,1
2024010532451,2024,010532451,1,9,0,7,7,6,7,4,4,5,0,0,0,0,4,1,6,6,2,35,6,1598,1,12,BMW 1 SERIES,2,E01004574,0,2
2024501476902,2024,501476902,1,9,0,-1,19,1,5,-1,0,8,5,0,1,10,1,9,-1,9,1,41,7,1995,2,8,BMW 1 SERIES,2,E01020280,0,1
2024421469002,2024,421469002,1,9,0,-1,19,1,5,-1,0,0,0,0,0,0,1,1,-1,6,1,-1,-1,1995,2,15,BMW 1 SERIES,-1,-1,0,-1
2024461436778,2024,461436778,1,9,0,-1,19,5,3,-1,0,0,1,0,0,0,1,1,-1,9,1,31,6,1995,2,15,BMW 1 SERIES,3,E01016030,0,1
2024421432431,2024,421432431,1,9,0,-1,19,6,2,-1,0,0,2,0,0,0,1,1,-1,6,1,20,4,1496,2,8,BMW 1 SERIES,6,E01021414,0,1
2024122400897,2024,122400897,2,9,0,18,19,3,7,0,0,2,0,0,0,0,3,1,6,6,1,56,9,1598,1,10,BMW 1 SERIES,7,E01013393,0,1
2024351508366,2024,351508366,2,9,0,-1,19,7,3,-1,0,0,0,0,0,0,1,1,-1,6,1,18,4,1995,2,13,BMW 1 SERIES,2,E01035543,0,2
2024161459723,2024,161459723,2,9,0,-1,9,3,1,-1,0,8,0,0,0,0,1,9,-1,6,1,33,6,1995,2,11,BMW 1 SERIES,1,E01026375,0,4
2024041544136,2024,041544136,2,9,0,-1,3,3,7,-1,0,2,0,0,0,0,1,1,-1,6,1,36,7,1995,2,12,BMW 1 SERIES,1,E01012754,0,1
2024401477199,2024,401477199,2,9,0,-1,19,3,5,-1,0,6,0,0,0,0,3,1,-1,6,1,25,5,1995,2,15,BMW 1 SERIES,4,E01015796,0,3
2024061504676,2024,061504676,1,9,0,-1,19,-1,-1,-1,0,0,0,0,0,0,1,1,-1,6,3,-1,-1,1995,2,17,BMW 1 SERIES,-1,-1,0,-1
2024122401099,2024,122401099,1,9,0,9,9,3,1,0,0,8,0,0,0,0,4,1,6,6,1,48,8,1995,2,14,BMW 1 SERIES,4,E01027843,0,1
2024131441599,2024,131441599,2,9,0,-1,4,7,1,-1,0,1,0,0,0,0,1,1,-1,9,2,63,9,1995,2,16,BMW 1 SERIES,2,E01011298,0,3
2024411461172,2024,411461172,2,9,0,-1,19,8,4,-1,0,0,0,0,0,0,2,1,-1,9,1,19,4,1598,1,11,BMW 1 SERIES,3,E01023793,0,4
2024471481540,2024,471481540,2,9,0,-1,9,5,1,-1,0,0,0,0,0,0,3,1,-1,6,2,40,7,1596,1,17,BMW 1 SERIES,10,E01031668,0,2
2024520402221,2024,520402221,1,9,0,18,19,4,8,0,0,0,0,0,0,0,4,1,6,6,1,59,9,1995,2,16,BMW 1 SERIES,7,E01020085,0,4
2024010512219,2024,010512219,1,9,0,5,5,8,4,0,0,2,0,0,0,0,4,1,6,6,1,23,5,1499,1,6,BMW 1 SERIES,1,E01002039,0,3