collision_index,collision_year,collision_ref_no,vehicle_reference,vehicle_type,towing_and_articulation,vehicle_manoeuvre_historic,vehicle_manoeuvre,vehicle_direction_from,vehicle_direction_to,vehicle_location_restricted_lane_historic,vehicle_location_restricted_lane,junction_location,skidding_and_overturning,hit_object_in_carriageway,vehicle_leaving_carriageway,hit_object_off_carriageway,first_point_of_impact,vehicle_left_hand_drive,journey_purpose_of_driver_historic,journey_purpose_of_driver,sex_of_driver,age_of_driver,age_band_of_driver,engine_capacity_cc,propulsion_code,age_of_vehicle,generic_make_model,driver_imd_decile,lsoa_of_driver,escooter_flag,driver_distance_banding
2024430157594,2024,430157594,1,9,0,5,5,3,1,0,0,1,0,0,0,0,1,1,6,6,1,23,5,1995,2,20,BMW 1 SERIES,2,E01028449,0,1
2024361531470,2024,361531470,2,9,0,-1,19,3,7,-1,0,0,0,0,0,0,1,1,-1,9,2,24,5,1995,2,16,BMW 1 SERIES,4,E01026706,0,2
2024131533798,2024,131533798,2,9,0,-1,8,6,2,-1,0,8,0,0,0,0,1,1,-1,9,1,20,4,1598,2,11,BMW 1 SERIES,4,E01011924,0,1
2024201435567,2024,201435567,2,9,0,-1,19,7,4,-1,0,6,0,0,0,0,2,9,-1,9,1,19,4,1496,2,8,BMW 1 SERIES,1,E01009059,0,1
2024131455179,2024,131455179,1,9,0,-1,19,7,5,-1,0,1,0,4,0,0,1,1,-1,6,1,28,6,1995,2,18,BMW 1 SERIES,5,E01011425,0,1
2024332401200,2024,332401200,1,9,0,-1,19,5,1,-1,0,0,0,0,0,0,3,1,-1,9,1,26,6,1995,2,5,BMW 1 SERIES,10,E01027027,0,4
2024991520772,2024,991520772,1,9,0,-1,19,7,4,-1,0,0,0,0,0,0,1,2,-1,6,1,26,6,1496,2,9,BMW 1 SERIES,3,-1,0,1
202460Q090330,2024,60Q090330,1,9,0,9,9,3,1,0,0,1,0,0,0,0,1,1,1,1,1,24,5,1995,2,18,BMW 1 SERIES,-1,-1,0,-1
2024221446283,2024,221446283,2,9,0,-1,19,7,3,-1,0,8,1,0,0,0,1,9,-1,6,1,27,6,1995,2,13,BMW 1 SERIES,3,E01028903,0,1
2024471486035,2024,471486035,1,9,0,-1,19,8,4,-1,0,0,0,0,7,4,1,1,-1,9,1,37,7,1499,1,7,BMW 1 SERIES,5,E01017902,0,5
2024610056324,2024,610056324,1,9,0,4,4,4,8,0,0,1,0,0,0,0,1,1,6,6,2,68,10,1496,2,9,BMW 1 SERIES,1,W01001689,0,1
2024351493591,2024,351493591,1,9,0,-1,4,5,1,-1,0,0,0,0,0,0,1,1,-1,6,2,36,7,1995,2,7,BMW 1 SERIES,7,E01028255,0,5
2024141426811,2024,141426811,1,9,0,-1,19,5,1,-1,0,3,1,7,7,1,4,1,-1,9,1,19,4,1995,2,8,BMW 1 SERIES,3,E01007781,0,1
2024311506032,2024,311506032,1,9,0,-1,19,5,1,-1,0,0,0,0,0,0,1,1,-1,9,1,22,5,1499,1,7,BMW 1 SERIES,-1,-1,0,-1
2024520402609,2024,520402609,2,9,0,18,19,6,2,0,0,0,0,0,0,0,3,1,6,6,1,39,7,1598,2,11,BMW 1 SERIES,5,E01020528,0,4
2024010500409,2024,010500409,1,9,0,99,99,9,9,99,99,0,9,99,9,99,2,9,6,6,2,29,6,1598,1,11,BMW 1 SERIES,3,E01003925,0,1
2024052401770,2024,052401770,2,9,0,18,19,6,2,0,0,8,0,0,0,0,1,1,6,6,2,55,8,1995,2,17,BMW 1 SERIES,1,E01006600,0,1
2024351403778,2024,351403778,1,9,0,-1,9,5,3,-1,0,0,0,0,0,0,2,1,-1,9,2,45,7,1995,2,11,BMW 1 SERIES,7,E01018053,0,1
2024061460167,2024,061460167,1,9,0,-1,19,3,7,-1,0,8,0,0,0,0,1,1,-1,9,2,69,10,1499,1,8,BMW 1 SERIES,3,E01004939,0,2
2024010543078,2024,010543078,1,9,0,99,99,9,9,99,99,0,9,99,9,99,2,9,6,6,2,38,7,1995,2,14,BMW 1 SERIES,4,E01015990,0,4
2024061491719,2024,061491719,3,9,0,-1,19,7,7,-1,0,0,0,0,0,0,1,1,-1,6,2,29,6,1995,2,9,BMW 1 SERIES,4,E01011335,0,4
2024201493788,2024,201493788,1,9,0,-1,19,4,8,-1,0,0,0,0,0,0,1,1,-1,6,1,42,7,1995,2,19,BMW 1 SERIES,3,E01009176,0,1
2024501448168,2024,501448168,2,9,0,-1,4,4,8,-1,0,1,0,0,0,0,2,1,-1,9,1,38,7,1995,2,18,BMW 1 SERIES,5,E01034643,0,4
2024421401191,2024,421401191,3,9,0,-1,19,7,3,-1,0,0,0,0,0,0,1,1,-1,9,1,41,7,1995,2,10,BMW 1 SERIES,7,E01029476,0,5
2024501537438,2024,501537438,2,9,0,-1,19,3,7,-1,0,0,0,0,0,0,3,1,-1,9,2,32,6,1499,1,6,BMW 1 SERIES,8,E01015128,0,4
2024061509893,2024,061509893,1,9,0,-1,2,0,0,-1,-1,1,0,0,0,0,2,1,-1,6,-1,-1,-1,1499,1,9,BMW 1 SERIES,-1,-1,0,-1
2024221473133,2024,221473133,1,9,0,-1,19,2,6,-1,0,0,0,0,1,9,1,1,-1,6,1,33,6,1995,2,10,BMW 1 SERIES,5,E01014008,0,3
2024451459713,2024,451459713,1,9,0,-1,19,7,3,-1,0,0,0,0,0,0,2,9,-1,6,1,33,6,1995,2,13,BMW 1 SERIES,8,E01030865,0,4
2024421447416,2024,421447416,1,9,0,-1,19,6,1,-1,0,0,0,0,0,0,1,9,-1,6,2,-1,-1,1496,2,7,BMW 1 SERIES,9,E01021583,0,1
2024211440962,2024,211440962,2,9,0,-1,9,4,2,-1,0,0,0,0,0,0,3,1,-1,9,2,21,5,1499,1,3,BMW 1 SERIES,-1,-1,0,-1
2024131453586,2024,131453586,2,9,0,-1,19,5,1,-1,0,1,0,0,1,0,3,1,-1,9,1,22,5,1499,1,7,BMW 1 SERIES,1,E01010926,0,1
2024552401405,2024,552401405,2,9,0,4,4,5,8,0,0,0,0,0,0,0,2,1,6,6,1,32,6,1995,2,13,BMW 1 SERIES,-1,-1,0,-1
2024010527415,2024,010527415,2,9,0,2,2,0,0,0,0,0,0,4,0,0,2,1,6,6,2,38,7,1995,1,15,BMW 1 SERIES,-1,-1,0,-1
2024201527523,2024,201527523,1,9,0,-1,19,3,7,-1,0,2,0,10,3,11,1,1,-1,9,1,26,6,1598,1,12,BMW 1 SERIES,7,E01009252,0,1
2024522402082,2024,522402082,2,9,0,11,11,2,6,0,0,0,0,0,0,0,3,1,6,6,1,23,5,1499,1,6,BMW 1 SERIES,2,E01014659,0,1
2024161535694,2024,161535694,1,9,0,-1,19,5,1,-1,0,1,0,0,0,0,1,1,-1,6,1,35,6,1995,2,12,BMW 1 SERIES,2,E01012886,0,1
2024421513612,2024,421513612,4,9,0,-1,3,7,3,-1,0,0,0,0,0,0,2,1,-1,2,1,36,7,1499,1,8,BMW 1 SERIES,6,E01021794,0,2
2024201513492,2024,201513492,1,9,0,-1,19,2,6,-1,0,0,0,0,0,0,1,9,-1,6,2,-1,-1,1598,1,12,BMW 1 SERIES,4,E01029820,0,4
2024070205369,2024,070205369,1,9,0,3,3,4,8,0,0,1,0,2,0,0,1,1,1,1,1,39,7,1496,2,9,BMW 1 SERIES,-1,-1,0,-1
2024461485115,2024,461485115,1,9,0,-1,5,5,8,-1,-1,0,0,0,0,0,3,1,-1,6,2,46,8,1496,2,9,BMW 1 SERIES,9,E01024256,0,3
2024440018525,2024,440018525,1,9,0,7,7,8,2,0,0,1,0,0,0,0,1,1,6,6,1,34,6,1995,2,13,BMW 1 SERIES,9,E01023229,0,1
2024520002854,2024,520002854,1,9,0,18,19,2,6,0,0,8,0,0,7,11,1,1,6,6,2,19,4,1499,1,5,BMW 1 SERIES,1,E01014653,0,3
2024501408752,2024,501408752,1,9,0,-1,4,5,7,-1,0,0,0,0,0,0,1,9,-1,9,2,19,4,1995,2,10,BMW 1 SERIES,7,E01015253,0,1
2024010521315,2024,010521315,1,9,0,99,99,9,9,99,99,9,9,99,9,99,9,9,6,6,1,19,4,1995,2,16,BMW 1 SERIES,5,E01003684,0,1
2024211522886,2024,211522886,1,9,0,-1,7,7,3,-1,0,3,0,0,0,0,1,1,-1,9,2,38,7,1499,1,1,BMW 1 SERIES,-1,-1,0,-1
2024010526372,2024,010526372,1,9,0,9,9,7,4,0,0,6,0,0,0,0,2,1,1,1,1,33,6,1499,1,5,BMW 1 SERIES,4,E01002558,0,1
2024101535014,2024,101535014,1,9,-1,-1,7,7,3,-1,0,1,0,0,0,0,-1,9,-1,6,1,-1,-1,1598,2,10,BMW 1 SERIES,4,E01008624,0,1
2024141502954,2024,141502954,2,9,0,-1,9,5,2,-1,0,6,1,0,0,0,1,1,-1,2,1,33,6,1995,2,12,BMW 1 SERIES,7,E01007711,0,2
2024552400467,2024,552400467,1,9,0,18,19,4,8,0,0,8,0,0,0,0,1,1,6,6,1,23,5,1995,2,11,BMW 1 SERIES,10,E01015401,0,4
2024471506231,2024,471506231,1,9,0,-1,19,5,1,-1,0,0,5,0,7,0,1,1,-1,6,1,22,5,1997,1,9,BMW 1 SERIES,6,E01035326,0,2
2024302400577,2024,302400577,2,9,0,6,6,2,2,0,0,8,0,0,0,0,3,1,6,6,2,19,4,1496,2,9,BMW 1 SERIES,10,E01034650,0,2
2024320387691,2024,320387691,1,9,0,-1,-1,4,8,0,0,0,0,0,0,0,1,1,6,6,1,57,9,1995,2,16,BMW 1 SERIES,4,E01026032,0,1
2024061496575,2024,061496575,2,9,-1,-1,-1,-1,-1,-1,-1,-1,-1,-1,-1,0,-1,9,-1,6,3,-1,-1,1499,1,0,BMW 1 SERIES,-1,-1,0,-1
2024101404062,2024,101404062,2,9,0,-1,19,6,2,-1,0,8,0,0,0,0,1,1,-1,9,2,28,6,1995,2,7,BMW 1 SERIES,8,E01008862,0,1
2024991509803,2024,991509803,1,9,0,-1,5,2,6,-1,0,1,0,0,0,0,1,1,-1,6,2,38,7,2000,2,15,BMW 1 SERIES,3,-1,0,1
2024201451559,2024,201451559,2,9,0,-1,2,-1,-1,-1,0,0,0,0,0,0,2,1,-1,6,1,36,7,1499,1,1,BMW 1 SERIES,1,E01009160,0,3
2024371399676,2024,371399676,2,9,0,-1,19,5,1,-1,0,1,1,0,0,0,1,1,-1,2,2,27,6,1499,1,6,BMW 1 SERIES,5,E01030222,0,2
2024471401743,2024,471401743,2,9,0,-1,9,2,8,-1,0,8,0,0,0,0,4,1,-1,6,1,74,10,1995,2,18,BMW 1 SERIES,4,E01031610,0,1
2024201513730,2024,201513730,1,9,0,-1,19,4,8,-1,0,1,0,0,0,0,1,9,-1,9,3,-1,-1,1995,2,13,BMW 1 SERIES,-1,-1,0,-1
202460Q171821,2024,60Q171821,8,9,0,18,19,8,4,0,0,0,0,0,0,0,1,1,6,6,1,19,4,1995,2,10,BMW 1 SERIES,-1,-1,0,-1
2024501470991,2024,501470991,2,9,0,-1,19,6,2,-1,0,0,0,0,0,0,1,1,-1,9,2,25,5,1995,2,15,BMW 1 SERIES,2,E01015259,0,1
2024471449182,2024,471449182,1,9,0,-1,19,2,6,-1,0,1,0,0,1,2,4,1,-1,6,1,44,7,1995,2,19,BMW 1 SERIES,4,E01021045,0,4
2024010540233,2024,010540233,2,9,0,4,4,7,3,0,0,5,0,0,0,0,1,1,6,6,2,45,7,1499,1,0,BMW 1 SERIES,3,E01033593,0,1
2024010531036,2024,010531036,1,9,0,5,5,4,8,0,0,4,0,0,0,0,1,1,6,6,1,24,5,1499,1,6,BMW 1 SERIES,10,E01017822,0,2
2024201436507,2024,201436507,1,9,0,-1,19,5,3,-1,0,0,0,0,0,0,2,1,-1,6,1,23,5,1995,2,10,BMW 1 SERIES,2,E01010036,0,2
2024211501038,2024,211501038,2,9,0,-1,19,2,6,-1,0,0,0,0,0,0,2,1,-1,9,1,40,7,1995,2,10,BMW 1 SERIES,-1,-1,0,-1
2024430283034,2024,430283034,1,9,0,3,3,7,3,0,0,0,0,0,0,0,2,1,6,6,1,35,6,1995,2,11,BMW 1 SERIES,10,E01016657,0,3
2024231415518,2024,231415518,1,9,0,-1,19,7,3,-1,0,0,2,0,7,9,1,9,-1,9,1,21,5,1499,1,6,BMW 1 SERIES,9,E01009543,0,2
2024311423952,2024,311423952,1,9,0,-1,19,1,5,-1,0,2,0,0,0,0,2,1,-1,9,2,32,6,1995,2,10,BMW 1 SERIES,-1,-1,0,-1
2024451433264,2024,451433264,2,9,0,-1,19,5,1,-1,0,0,0,0,0,0,1,1,-1,9,1,29,6,1995,1,14,BMW 1 SERIES,9,W01000580,0,5
2024010533124,2024,010533124,2,9,0,18,19,5,1,0,0,2,0,0,0,0,4,1,6,6,1,52,8,1499,1,0,BMW 1 SERIES,2,E01003540,0,1
2024061411691,2024,061411691,3,9,0,-1,3,6,2,-1,0,1,0,0,0,0,4,1,-1,6,1,36,7,1995,2,15,BMW 1 SERIES,6,E01006245,0,1
2024440451734,2024,440451734,2,9,0,18,19,2,6,0,0,1,0,0,0,0,1,1,6,6,1,-1,-1,1995,2,18,BMW 1 SERIES,-1,-1,0,-1
2024010511478,2024,010511478,2,9,0,99,99,9,9,99,99,9,9,99,9,99,9,9,6,6,3,-1,-1,1596,1,17,BMW 1 SERIES,-1,-1,0,-1
2024501499014,2024,501499014,1,9,0,-1,19,7,3,-1,0,0,1,0,1,6,1,1,-1,2,2,39,7,1995,2,16,BMW 1 SERIES,6,E01020161,0,3
2024991486413,2024,991486413,2,9,0,-1,10,3,8,-1,0,8,0,0,0,0,2,1,-1,6,2,26,6,1995,2,7,BMW 1 SERIES,7,-1,0,1
2024440021676,2024,440021676,1,9,0,18,19,2,6,0,0,0,0,0,7,11,1,1,2,2,1,56,9,1499,1,6,BMW 1 SERIES,10,E01022693,0,2
2024440270405,2024,440270405,1,9,0,18,19,2,6,0,0,7,0,0,0,0,3,1,2,2,1,39,7,1995,2,16,BMW 1 SERIES,2,E01022900,0,1
2024320710171,2024,320710171,1,9,0,8,8,2,4,0,0,1,0,0,0,0,2,1,6,6,1,23,5,1995,2,9,BMW 1 SERIES,8,E01026212,0,2
2024010496810,2024,010496810,1,9,0,18,19,5,1,0,0,1,0,0,0,0,1,1,6,6,1,50,8,1995,1,19,BMW 1 SERIES,6,E01002602,0,2
2024201412191,2024,201412191,1,9,0,-1,19,4,8,-1,0,0,0,0,0,0,1,9,-1,9,2,29,6,1995,2,14,BMW 1 SERIES,6,E01033058,0,1
2024131491428,2024,131491428,2,9,0,-1,4,8,4,-1,0,1,0,0,0,0,2,1,-1,6,3,-1,-1,1496,2,7,BMW 1 SERIES,-1,-1,0,-1
2024201436712,2024,201436712,1,9,0,-1,19,6,2,-1,0,0,0,0,0,0,1,9,-1,6,1,25,5,1496,2,1,BMW 1 SERIES,4,E01009620,0,1
2024201515436,2024,201515436,1,9,0,-1,13,1,5,-1,0,0,5,10,7,11,1,1,-1,9,1,24,5,1598,1,12,BMW 1 SERIES,1,E01010541,0,1
2024061470112,2024,061470112,1,9,0,-1,9,1,2,-1,0,1,0,0,0,0,3,9,-1,9,2,46,8,1995,2,13,BMW 1 SERIES,-1,-1,0,-1
2024010509950,2024,010509950,3,9,0,15,15,5,1,2,2,1,0,0,0,0,2,1,6,6,2,42,7,1499,1,2,BMW 1 SERIES,-1,-1,0,-1
2024122400108,2024,122400108,1,9,0,18,19,2,6,0,0,0,0,0,0,0,1,1,3,7,3,-1,-1,1598,1,11,BMW 1 SERIES,-1,-1,0,-1
2024501488457,2024,501488457,1,9,0,-1,19,3,7,-1,0,0,1,0,1,3,4,1,-1,6,1,26,6,1598,2,11,BMW 1 SERIES,1,E01015261,0,2
2024101400341,2024,101400341,2,9,0,-1,4,6,2,-1,0,1,0,0,0,0,2,1,-1,9,2,50,8,1496,2,7,BMW 1 SERIES,2,E01008769,0,1
2024010505590,2024,010505590,2,9,0,99,99,9,9,99,99,9,9,99,9,99,0,9,6,6,1,19,4,1598,1,11,BMW 1 SERIES,3,E01002585,0,1
2024361432284,2024,361432284,5,9,0,-1,2,0,0,-1,0,0,0,0,0,0,1,1,-1,6,1,32,6,1598,1,12,BMW 1 SERIES,2,E01026425,0,1
2024010517098,2024,010517098,2,9,9,99,99,9,9,99,99,9,9,99,9,99,9,9,6,6,3,-1,-1,1499,1,1,BMW 1 SERIES,-1,-1,0,-1
2024061423407,2024,061423407,1,9,0,-1,9,7,3,-1,0,5,0,11,0,0,1,1,-1,6,1,30,6,1499,1,0,BMW 1 SERIES,-1,-1,0,-1
2024010524920,2024,010524920,3,9,0,2,2,0,0,6,6,2,0,0,0,0,1,1,6,6,3,-1,-1,1496,2,8,BMW 1 SERIES,-1,-1,0,-1
2024340NN3702,2024,340NN3702,2,9,0,-1,19,1,5,-1,0,2,0,0,0,0,1,1,-1,6,2,28,6,1995,2,7,BMW 1 SERIES,8,E01027076,0,2
2024440430564,2024,440430564,1,9,0,9,9,6,4,0,0,8,0,0,0,0,4,1,3,7,2,36,7,1499,1,1,BMW 1 SERIES,10,E01032616,0,1
2024991428168,2024,991428168,2,9,0,-1,19,2,6,-1,0,0,0,0,1,0,1,1,-1,2,2,34,6,1995,2,6,BMW 1 SERIES,3,-1,0,1
2024122400688,2024,122400688,1,9,0,16,19,7,3,0,0,0,0,0,0,0,1,1,6,6,1,21,5,1596,1,20,BMW 1 SERIES,7,E01027760,0,1
2024440276510,2024,440276510,1,9,0,18,19,5,1,0,0,8,0,0,0,0,1,1,6,6,1,21,5,1995,2,19,BMW 1 SERIES,8,E01015356,0,4
2024010523313,2024,010523313,2,9,0,99,99,9,9,99,99,9,9,99,9,99,9,9,6,6,3,-1,-1,1499,1,5,BMW 1 SERIES,6,E01003756,0,2
2024131486897,2024,131486897,2,9,0,-1,19,1,5,-1,0,0,0,0,1,11,1,1,-1,1,1,45,7,1995,1,14,BMW 1 SERIES,2,E01027824,0,5
2024061528747,2024,061528747,1,9,0,-1,19,4,8,-1,0,6,0,0,0,0,1,1,-1,6,1,20,4,1995,2,13,BMW 1 SERIES,1,E01006028,0,1
2024401433531,2024,401433531,4,9,0,-1,19,6,2,-1,0,0,0,0,0,0,1,1,-1,6,1,24,5,1995,2,8,BMW 1 SERIES,3,E01017493,0,1
2024440042102,2024,440042102,1,9,0,18,19,4,8,0,0,1,0,0,1,4,4,1,6,6,1,25,5,1995,2,15,BMW 1 SERIES,10,E01016291,0,3
2024061461137,2024,061461137,1,9,0,-1,13,5,1,-1,0,0,0,0,0,0,1,1,-1,9,1,23,5,1499,1,0,BMW 1 SERIES,1,E01005119,0,2
2024010533241,2024,010533241,1,9,0,9,9,6,3,0,0,1,0,0,0,0,3,1,6,6,1,29,6,1499,1,1,BMW 1 SERIES,3,E01001436,0,1
2024430443968,2024,430443968,1,9,0,18,19,0,0,0,0,0,0,0,0,0,3,1,6,6,1,29,6,1995,2,9,BMW 1 SERIES,5,E01017907,0,2
2024351427882,2024,351427882,2,9,0,-1,19,2,6,-1,0,0,0,0,0,0,1,1,-1,6,1,23,5,1995,1,16,BMW 1 SERIES,9,E01033116,0,2
2024461484490,2024,461484490,2,9,0,-1,19,8,4,-1,0,1,0,0,0,0,1,1,-1,9,1,44,7,1499,1,0,BMW 1 SERIES,-1,-1,0,-1
2024471406953,2024,471406953,2,9,0,-1,11,6,2,-1,0,0,0,0,0,0,2,1,-1,2,1,35,6,1995,2,19,BMW 1 SERIES,6,E01016887,0,1
2024201512923,2024,201512923,1,9,0,-1,9,6,4,-1,0,6,0,0,0,0,1,1,-1,6,2,38,7,1598,1,11,BMW 1 SERIES,1,E01009893,0,1
2024010548364,2024,010548364,1,9,0,18,19,1,5,0,0,0,0,0,0,0,1,1,6,6,1,28,6,1598,1,11,BMW 1 SERIES,5,E01004221,0,1
2024201542428,2024,201542428,1,9,0,-1,19,3,7,-1,0,1,0,0,0,0,1,9,-1,6,3,-1,-1,1995,2,15,BMW 1 SERIES,-1,-1,0,-1
2024302401216,2024,302401216,2,9,0,17,19,4,1,0,0,0,1,0,0,0,1,1,2,2,2,35,6,1995,2,14,BMW 1 SERIES,10,E01019855,0,3
2024471531002,2024,471531002,1,9,0,-1,9,7,5,-1,0,2,0,0,0,0,-1,1,-1,6,3,-1,-1,1499,1,3,BMW 1 SERIES,-1,-1,0,-1
2024141534271,2024,141534271,2,9,0,-1,19,2,6,-1,0,1,0,0,0,0,1,2,-1,9,1,18,4,1598,1,11,BMW 1 SERIES,2,E01007733,0,2
2024231521574,2024,231521574,1,9,0,-1,19,1,5,-1,0,4,0,0,0,0,9,9,-1,6,3,42,7,1995,2,10,BMW 1 SERIES,-1,-1,0,-1
2024010499902,2024,010499902,2,9,0,99,99,9,9,99,99,9,9,99,9,99,9,9,6,6,3,-1,-1,1995,2,17,BMW 1 SERIES,-1,-1,0,-1
2024501500026,2024,501500026,1,9,0,-1,19,4,8,-1,0,0,0,0,0,0,4,1,-1,6,2,22,5,1995,2,10,BMW 1 SERIES,3,E01018784,0,1
2024421417146,2024,421417146,2,9,0,-1,19,3,7,-1,0,1,0,4,0,0,3,1,-1,2,2,43,7,1995,2,12,BMW 1 SERIES,6,E01021930,0,2
2024440152036,2024,440152036,2,9,0,18,19,4,8,0,0,8,0,0,0,0,0,1,6,6,1,-1,-1,2000,2,15,BMW 1 SERIES,-1,-1,0,-1
2024131527181,2024,131527181,1,9,0,-1,19,7,3,-1,0,0,0,0,0,0,1,1,-1,9,1,23,5,1995,2,11,BMW 1 SERIES,2,E01011262,0,1
2024430335678,2024,430335678,2,9,0,14,14,5,1,0,0,0,0,0,0,0,3,1,6,6,3,62,9,1499,1,4,BMW 1 SERIES,-1,-1,0,-1
2024340WN4832,2024,340WN4832,1,9,0,-1,13,5,1,-1,0,2,1,0,0,0,1,1,-1,2,1,20,4,1496,2,9,BMW 1 SERIES,2,E01016835,0,4
2024622400815,2024,622400815,1,9,0,18,19,6,2,0,0,0,0,7,0,0,3,1,6,6,1,25,5,1598,1,10,BMW 1 SERIES,9,E01012563,0,5
2024522402631,2024,522402631,2,9,0,2,2,0,0,0,0,0,0,0,0,0,3,1,6,6,1,36,7,1995,2,10,BMW 1 SERIES,3,E01014684,0,1
2024010498578,2024,010498578,2,9,0,9,9,5,2,0,0,1,0,0,0,0,1,1,6,6,1,46,8,1600,1,12,BMW 1 SERIES,7,E01024430,0,4
2024522403169,2024,522403169,1,9,0,18,19,6,2,0,0,1,0,0,0,0,1,1,6,6,1,51,8,2979,1,13,BMW 1 SERIES,3,E01014609,0,1
2024141555152,2024,141555152,1,9,0,-1,2,0,0,-1,0,0,0,0,0,0,4,1,-1,6,1,38,7,1499,1,3,BMW 1 SERIES,5,E01007995,0,1
2024501499729,2024,501499729,1,9,0,-1,9,4,8,-1,0,0,1,0,1,0,1,1,-1,9,1,55,8,1995,2,11,BMW 1 SERIES,3,E01018759,0,1
2024010516297,2024,010516297,2,9,0,7,7,3,5,0,0,1,0,0,0,0,1,1,6,6,3,-1,-1,1995,1,14,BMW 1 SERIES,-1,-1,0,-1
2024101426605,2024,101426605,1,9,0,-1,12,7,3,-1,0,0,0,0,0,0,3,1,-1,9,1,29,6,1995,2,10,BMW 1 SERIES,2,E01008645,0,2
2024421414365,2024,421414365,2,9,0,-1,19,7,3,-1,0,8,0,0,0,0,1,1,-1,9,1,19,4,1597,1,16,BMW 1 SERIES,8,E01021973,0,2
2024041505244,2024,041505244,1,9,0,-1,19,5,1,-1,0,2,0,0,0,0,4,1,-1,6,1,61,9,1995,2,13,BMW 1 SERIES,5,E01025604,0,4
202454D688724,2024,54D688724,1,9,0,18,19,1,5,0,0,0,5,0,1,9,1,1,6,6,1,63,9,1998,1,5,BMW 1 SERIES,4,E01031895,0,3
2024421448732,2024,421448732,1,9,0,-1,19,1,5,-1,0,0,0,0,0,0,3,1,-1,9,1,26,6,1598,2,11,BMW 1 SERIES,7,E01022097,0,2
2024401414581,2024,401414581,2,9,0,-1,9,1,5,-1,0,3,0,0,0,0,1,1,-1,9,1,21,5,1496,2,7,BMW 1 SERIES,2,E01015727,0,1
2024471507151,2024,471507151,1,9,0,-1,4,8,4,-1,0,1,0,0,0,0,2,1,-1,6,2,23,5,1995,2,12,BMW 1 SERIES,5,E01031480,0,1
2024010497069,2024,010497069,3,9,0,18,19,5,1,0,0,1,0,0,0,0,3,1,2,2,2,34,6,1598,1,12,BMW 1 SERIES,2,E01000990,0,1
2024543036224,2024,543036224,1,9,0,18,19,5,1,0,0,0,0,0,1,0,1,1,6,6,2,28,6,1995,2,8,BMW 1 SERIES,9,E01031886,0,2
2024501472581,2024,501472581,2,9,0,-1,19,7,3,-1,0,0,0,0,0,0,1,1,-1,9,2,40,7,1499,1,2,BMW 1 SERIES,9,E01034857,0,3
2024052401648,2024,052401648,2,9,0,18,19,1,5,0,0,0,0,0,0,0,4,1,6,6,2,26,6,1995,2,10,BMW 1 SERIES,9,E01006828,0,1
2024010527908,2024,010527908,1,9,0,15,15,3,7,0,0,0,1,0,0,0,1,1,6,6,1,22,5,1997,1,10,BMW 1 SERIES,4,E01001002,0,1
2024440174837,2024,440174837,2,9,0,7,7,7,1,0,0,5,0,0,0,0,4,1,6,6,1,23,5,1995,2,12,BMW 1 SERIES,-1,-1,0,-1
2024520403082,2024,520403082,1,9,0,18,19,8,4,0,0,2,0,0,0,0,1,1,6,6,1,38,7,1995,1,19,BMW 1 SERIES,4,E01029286,0,1
2024041432735,2024,041432735,1,9,0,-1,19,1,5,-1,0,0,0,0,0,0,4,9,-1,9,2,25,5,1995,2,13,BMW 1 SERIES,1,E01012704,0,1
2024231526219,2024,231526219,2,9,0,-1,19,2,6,-1,0,8,1,0,0,0,1,1,-1,6,2,66,10,1598,1,10,BMW 1 SERIES,8,E01031197,0,2
2024010527496,2024,010527496,1,9,0,9,9,4,2,0,0,1,0,0,0,0,4,1,6,6,1,64,9,1596,1,19,BMW 1 SERIES,2,E01033877,0,1
2024440190730,2024,440190730,2,9,0,18,19,2,6,0,0,1,0,0,0,0,2,1,6,6,1,45,7,1995,2,16,BMW 1 SERIES,6,E01023237,0,1
2024302400704,2024,302400704,2,9,0,9,9,1,7,0,0,1,0,0,0,0,2,1,6,6,2,28,6,1995,2,19,BMW 1 SERIES,7,E01019697,0,2
2024471456746,2024,471456746,2,9,0,-1,3,2,6,-1,0,4,0,0,0,0,2,1,-1,9,2,40,7,1995,2,15,BMW 1 SERIES,2,E01021183,0,2
2024430221484,2024,430221484,2,9,0,1,1,0,0,0,0,0,0,0,0,0,2,1,6,6,2,60,9,1499,1,1,BMW 1 SERIES,-1,-1,0,-1
2024351512982,2024,351512982,1,9,0,-1,19,1,5,-1,0,8,0,0,0,0,1,1,-1,6,1,18,4,2000,2,15,BMW 1 SERIES,2,E01026716,0,4
2024010549717,2024,010549717,2,9,0,-1,-1,5,1,0,0,1,0,0,7,11,1,1,6,6,1,-1,-1,1598,1,10,BMW 1 SERIES,2,E01000153,0,3
2024161454844,2024,161454844,2,9,0,-1,19,1,3,-1,0,6,0,0,0,0,1,9,-1,6,2,61,9,1995,2,12,BMW 1 SERIES,9,E01013277,0,1
2024540148324,2024,540148324,2,9,0,17,19,4,8,0,0,0,0,0,0,0,1,1,1,1,2,30,6,1499,1,4,BMW 1 SERIES,10,E01032870,0,4
2024522402762,2024,522402762,1,9,0,17,19,4,1,0,0,0,0,0,0,0,3,1,6,6,1,31,6,1496,2,9,BMW 1 SERIES,5,E01014994,0,1
2024371445606,2024,371445606,2,9,0,-1,19,3,7,-1,0,0,0,0,0,0,1,1,-1,6,1,26,6,1499,1,4,BMW 1 SERIES,5,E01026409,0,5