collision_index,collision_year,collision_ref_no,vehicle_reference,vehicle_type,towing_and_articulation,vehicle_manoeuvre_historic,vehicle_manoeuvre,vehicle_direction_from,vehicle_direction_to,vehicle_location_restricted_lane_historic,vehicle_location_restricted_lane,junction_location,skidding_and_overturning,hit_object_in_carriageway,vehicle_leaving_carriageway,hit_object_off_carriageway,first_point_of_impact,vehicle_left_hand_drive,journey_purpose_of_driver_historic,journey_purpose_of_driver,sex_of_driver,age_of_driver,age_band_of_driver,engine_capacity_cc,propulsion_code,age_of_vehicle,generic_make_model,driver_imd_decile,lsoa_of_driver,escooter_flag,driver_distance_banding
2024010517797,2024,010517797,2,9,0,-1,-1,7,3,0,0,1,0,0,0,0,0,1,6,6,1,33,6,1995,1,14,BMW 1 SERIES,5,E01002443,0,4
2024010497763,2024,010497763,1,9,9,99,99,9,9,99,99,9,9,99,9,99,9,1,6,6,3,-1,-1,1995,2,8,BMW 1 SERIES,-1,-1,0,-1
2024522403216,2024,522403216,2,9,0,18,19,7,3,0,0,8,0,0,0,0,3,1,6,6,2,29,6,1496,2,8,BMW 1 SERIES,8,E01022413,0,1
2024461443943,2024,461443943,1,9,0,-1,19,7,3,-1,0,0,0,0,0,0,1,1,-1,6,1,24,5,1598,1,10,BMW 1 SERIES,6,E01024554,0,2
2024461471702,2024,461471702,1,9,0,-1,19,5,1,-1,0,0,0,0,0,0,1,9,-1,9,1,29,6,1596,1,19,BMW 1 SERIES,7,E01035328,0,4
202417M102724,2024,17M102724,1,9,0,18,19,2,6,0,0,0,0,0,0,0,4,1,6,6,1,33,6,1499,1,3,BMW 1 SERIES,-1,-1,0,-1
2024211412677,2024,211412677,2,9,0,-1,9,4,1,-1,0,8,0,0,0,0,1,1,-1,1,1,64,9,1499,1,1,BMW 1 SERIES,4,E01029892,0,5
2024201451441,2024,201451441,1,9,0,-1,19,5,1,-1,0,8,0,0,0,0,1,9,-1,6,1,20,4,1995,2,15,BMW 1 SERIES,3,E01009216,0,3
2024340WN0492,2024,340WN0492,1,9,0,-1,19,6,2,-1,0,1,0,0,0,0,1,1,-1,9,1,30,6,1598,1,10,BMW 1 SERIES,7,E01027305,0,2
2024461412575,2024,461412575,2,9,0,-1,4,3,7,-1,0,1,0,0,0,0,2,1,-1,2,1,45,7,1995,1,15,BMW 1 SERIES,6,E01024830,0,3
2024340WN6442,2024,340WN6442,2,9,0,-1,9,5,3,-1,0,8,1,0,0,0,1,1,-1,9,2,32,6,1499,1,4,BMW 1 SERIES,5,E01035423,0,1
2024070978824,2024,070978824,1,9,0,-1,9,7,5,-1,0,1,0,0,0,0,1,1,-1,6,2,63,9,1499,1,0,BMW 1 SERIES,8,E01012557,0,1
2024501505961,2024,501505961,1,9,0,-1,9,2,4,-1,0,0,0,0,0,0,1,1,-1,9,1,37,7,1995,2,14,BMW 1 SERIES,8,E01018810,0,4
2024421431630,2024,421431630,1,9,0,-1,19,1,5,-1,0,1,0,0,0,0,1,9,-1,6,3,-1,-1,1499,1,7,BMW 1 SERIES,-1,-1,0,-1
2024501515902,2024,501515902,1,9,0,-1,19,5,1,-1,0,0,0,0,0,0,3,1,-1,9,1,65,9,1499,1,1,BMW 1 SERIES,4,E01020275,0,4
2024161521274,2024,161521274,1,9,0,-1,19,5,1,-1,0,0,0,0,0,0,4,1,-1,6,1,20,4,1995,2,15,BMW 1 SERIES,4,E01013146,0,1
2024031526970,2024,031526970,2,9,0,-1,19,3,7,-1,0,0,0,0,0,0,2,1,-1,6,1,60,9,2996,1,14,BMW 1 SERIES,8,E01005867,0,5
2024991426776,2024,991426776,1,9,0,-1,9,8,6,-1,0,1,0,0,0,0,1,1,-1,6,2,24,5,1995,2,5,BMW 1 SERIES,5,-1,0,1
2024631428503,2024,631428503,1,9,0,-1,19,5,1,-1,0,0,0,0,0,0,1,1,-1,6,1,25,5,1995,2,13,BMW 1 SERIES,4,W01000636,0,3
2024522401341,2024,522401341,1,9,0,18,19,3,7,0,0,8,0,0,0,0,2,1,6,6,2,30,6,1499,1,5,BMW 1 SERIES,4,E01014746,0,1
2024411532299,2024,411532299,1,9,0,-1,19,1,5,-1,0,0,0,0,0,0,1,1,-1,1,1,25,5,1499,1,7,BMW 1 SERIES,2,E01023860,0,1
2024141414431,2024,141414431,2,9,0,-1,19,4,8,-1,0,0,0,0,0,0,2,1,-1,1,2,33,6,1995,2,11,BMW 1 SERIES,3,E01007449,0,2
2024332401082,2024,332401082,1,9,0,-1,19,7,4,-1,0,0,0,0,7,9,1,1,-1,1,1,37,7,1995,2,9,BMW 1 SERIES,4,E01025827,0,2
2024522401956,2024,522401956,2,9,0,18,19,5,1,0,0,2,0,0,0,0,3,1,6,6,1,26,6,1995,2,16,BMW 1 SERIES,1,E01014729,0,1
2024101492859,2024,101492859,2,9,-1,-1,19,5,1,-1,0,0,0,0,0,0,3,9,-1,9,2,36,7,1995,2,7,BMW 1 SERIES,3,E01008533,0,1
2024201568913,2024,201568913,1,9,0,-1,4,2,6,-1,0,3,1,7,0,0,1,9,-1,9,3,-1,-1,1499,1,5,BMW 1 SERIES,-1,-1,0,-1
2024991464853,2024,991464853,1,9,0,-1,19,1,5,-1,0,0,0,0,0,0,1,1,-1,1,1,28,6,1598,2,10,BMW 1 SERIES,3,E01005161,0,5
2024061422277,2024,061422277,3,9,0,-1,-1,-1,-1,-1,-1,0,-1,-1,-1,0,-1,1,-1,6,1,-1,-1,1496,2,3,BMW 1 SERIES,7,E01006303,0,1
2024010505806,2024,010505806,1,9,0,99,99,9,9,99,99,9,9,99,9,99,9,9,6,6,1,18,4,1496,2,6,BMW 1 SERIES,2,E01001428,0,1
2024010528328,2024,010528328,1,9,0,18,19,3,7,0,0,1,0,0,0,0,1,1,6,6,1,23,5,1499,1,6,BMW 1 SERIES,3,E01002503,0,3
2024440343813,2024,440343813,1,9,0,18,19,4,8,0,0,8,0,0,0,0,4,1,6,6,1,22,5,1598,1,10,BMW 1 SERIES,3,E01017078,0,1
2024041418569,2024,041418569,1,9,0,-1,19,7,3,-1,0,1,0,0,1,0,1,1,-1,9,1,32,6,1995,2,10,BMW 1 SERIES,2,E01024890,0,2
2024991523836,2024,991523836,1,9,0,-1,19,7,4,-1,0,0,0,7,1,0,4,1,-1,9,1,19,4,1499,1,8,BMW 1 SERIES,4,-1,0,1
2024131399211,2024,131399211,1,9,0,-1,19,6,6,-1,0,8,0,0,0,0,3,1,-1,2,1,28,6,1998,1,2,BMW 1 SERIES,2,E01011907,0,4
2024070536397,2024,070536397,1,9,0,16,19,7,2,0,0,0,0,0,0,0,1,1,6,6,1,61,9,1499,1,1,BMW 1 SERIES,6,E01018704,0,3
2024440218346,2024,440218346,1,9,0,14,14,6,2,0,0,0,0,0,0,0,1,1,6,6,1,90,11,1499,1,6,BMW 1 SERIES,10,E01022509,0,1
2024461428881,2024,461428881,2,9,0,-1,3,2,6,-1,0,2,0,0,0,0,2,1,-1,9,1,24,5,1499,1,4,BMW 1 SERIES,5,E01024082,0,2
2024031514601,2024,031514601,1,9,0,-1,19,5,7,-1,0,2,0,0,0,0,1,1,-1,9,1,53,8,1995,2,3,BMW 1 SERIES,7,E01019117,0,3
2024340WN5592,2024,340WN5592,1,9,0,-1,19,5,1,-1,0,0,0,0,0,0,1,1,-1,2,1,30,6,1995,2,16,BMW 1 SERIES,9,E01027284,0,1
2024522403230,2024,522403230,1,9,0,18,19,3,7,0,0,0,0,0,0,0,1,2,6,6,3,-1,-1,1995,2,16,BMW 1 SERIES,-1,-1,0,-1
2024201524565,2024,201524565,1,9,0,-1,19,1,5,-1,0,1,0,0,0,0,1,1,-1,6,2,25,5,1995,2,9,BMW 1 SERIES,1,E01032888,0,1
2024201485311,2024,201485311,1,9,0,-1,19,3,7,-1,0,0,0,0,0,0,1,1,-1,6,1,51,8,1995,2,14,BMW 1 SERIES,2,E01009151,0,1
2024552400390,2024,552400390,1,9,0,18,19,8,4,0,0,0,0,0,0,0,1,1,2,2,1,33,6,1995,2,12,BMW 1 SERIES,10,E01029244,0,4
202460Q154297,2024,60Q154297,1,9,0,5,5,5,1,0,0,8,0,0,0,0,3,1,6,6,1,22,5,1995,1,15,BMW 1 SERIES,-1,-1,0,-1
2024461450367,2024,461450367,2,9,0,-1,4,4,8,-1,0,0,0,0,0,0,2,9,-1,2,1,47,8,1496,2,8,BMW 1 SERIES,5,E01016034,0,1
2024031447548,2024,031447548,3,9,0,-1,10,4,7,-1,0,1,0,0,0,0,0,1,-1,9,1,24,5,1496,2,8,BMW 1 SERIES,10,E01019238,0,1
2024041455626,2024,041455626,8,9,0,-1,19,3,7,-1,0,0,0,0,0,0,2,1,-1,2,2,31,6,1995,2,14,BMW 1 SERIES,2,E01012573,0,2
2024201425103,2024,201425103,2,9,0,-1,19,6,2,-1,0,8,0,0,0,0,1,9,-1,9,1,23,5,1995,2,7,BMW 1 SERIES,1,E01009622,0,1
2024501560298,2024,501560298,1,9,0,-1,19,2,6,-1,0,1,5,0,2,10,1,1,-1,9,1,19,4,1995,2,12,BMW 1 SERIES,4,E01018922,0,1
2024302401090,2024,302401090,1,9,0,9,9,7,5,0,0,6,0,0,0,0,3,1,6,6,1,20,4,1995,2,17,BMW 1 SERIES,5,E01013587,0,1
2024311447276,2024,311447276,1,9,0,-1,19,2,6,-1,0,1,0,0,0,0,2,1,-1,6,1,37,7,1995,1,13,BMW 1 SERIES,-1,-1,0,-1
2024122400721,2024,122400721,2,9,0,18,19,1,5,0,0,0,0,0,0,0,2,1,6,6,2,32,6,1995,2,11,BMW 1 SERIES,1,E01007634,0,3
2024010514609,2024,010514609,1,9,0,7,7,4,7,0,0,0,0,0,0,0,2,1,6,6,2,33,6,1499,1,0,BMW 1 SERIES,-1,-1,0,-1
2024471476217,2024,471476217,2,9,0,-1,19,1,6,-1,0,2,0,0,0,0,1,9,-1,6,2,35,6,1995,1,14,BMW 1 SERIES,5,E01021152,0,1
2024010533787,2024,010533787,2,9,0,99,99,9,9,99,99,9,9,99,9,99,2,9,6,6,3,-1,-1,2000,1,15,BMW 1 SERIES,3,E01023343,0,3
2024010541695,2024,010541695,2,9,0,13,13,1,5,0,0,2,1,0,1,11,4,1,2,2,1,28,6,1995,1,14,BMW 1 SERIES,-1,-1,0,-1
2024010524019,2024,010524019,1,9,0,99,99,9,9,99,99,0,9,99,9,99,9,9,6,6,3,-1,-1,1499,1,4,BMW 1 SERIES,-1,-1,0,-1
2024531431916,2024,531431916,1,9,0,-1,19,5,1,-1,0,1,0,0,0,0,1,1,-1,7,2,43,7,1496,2,9,BMW 1 SERIES,6,E01022444,0,1
2024471466274,2024,471466274,1,9,0,-1,4,7,3,-1,0,0,0,0,0,0,1,1,-1,2,1,37,7,1995,1,15,BMW 1 SERIES,9,E01031561,0,3
2024471404499,2024,471404499,2,9,0,-1,2,0,0,-1,0,2,0,0,0,0,3,1,-1,6,-1,-1,-1,2000,1,15,BMW 1 SERIES,-1,-1,0,-1
2024440226613,2024,440226613,2,9,0,18,19,2,6,0,0,1,0,0,0,0,3,1,6,6,2,42,7,1499,1,8,BMW 1 SERIES,9,E01022930,0,2
2024421494115,2024,421494115,1,9,0,-1,19,3,7,-1,0,0,5,0,0,0,4,1,-1,9,1,30,6,1995,2,18,BMW 1 SERIES,5,E01021796,0,1
2024041474956,2024,041474956,2,9,0,-1,19,5,1,-1,0,0,0,0,0,0,1,1,-1,6,1,41,7,1995,2,8,BMW 1 SERIES,1,E01012625,0,1
2024991520938,2024,991520938,1,9,0,-1,19,7,3,-1,0,0,5,0,1,0,1,2,-1,9,1,64,9,1499,1,0,BMW 1 SERIES,1,-1,0,5
2024440100546,2024,440100546,3,9,0,3,3,6,2,0,0,0,0,0,0,0,2,1,6,6,2,36,7,1598,1,8,BMW 1 SERIES,6,E01017259,0,1
2024471489202,2024,471489202,2,9,0,-1,19,8,4,-1,0,1,0,0,0,0,1,1,-1,7,2,45,7,1598,1,10,BMW 1 SERIES,10,E01031755,0,1
2024010502455,2024,010502455,1,9,0,18,19,7,3,0,0,2,5,7,4,6,1,1,6,6,1,27,6,1598,1,11,BMW 1 SERIES,7,E01016162,0,4
2024031435476,2024,031435476,2,9,0,-1,19,7,1,-1,0,0,0,0,0,0,1,1,-1,2,2,26,6,1995,2,8,BMW 1 SERIES,9,E01019244,0,4
2024371466052,2024,371466052,1,9,0,-1,1,7,3,-1,0,0,0,0,0,0,2,1,-1,1,2,63,9,1995,2,18,BMW 1 SERIES,7,E01029875,0,1
2024451465266,2024,451465266,1,9,0,-1,19,3,3,-1,0,1,0,0,0,0,1,1,-1,1,1,26,6,1499,1,7,BMW 1 SERIES,10,E01031735,0,3
2024052400341,2024,052400341,3,9,0,3,3,5,1,0,0,1,0,0,0,0,1,1,6,6,1,55,8,1995,2,18,BMW 1 SERIES,1,E01006870,0,1
202454C329224,2024,54C329224,1,9,0,18,19,4,8,0,0,0,0,0,0,0,1,1,6,6,2,27,6,1995,2,15,BMW 1 SERIES,8,E01031941,0,1
2024361474295,2024,361474295,1,9,0,-1,19,1,6,-1,0,2,0,0,4,0,3,1,-1,2,2,23,5,1995,2,17,BMW 1 SERIES,3,E01034767,0,1
2024101412679,2024,101412679,2,9,0,-1,2,0,0,-1,0,0,0,4,0,0,2,1,-1,9,2,61,9,1995,2,11,BMW 1 SERIES,9,E01020717,0,3
2024122400436,2024,122400436,1,9,0,1,1,3,7,0,0,0,0,0,0,0,2,1,6,6,2,31,6,1995,2,16,BMW 1 SERIES,1,E01027819,0,1
2024461535501,2024,461535501,1,9,0,-1,19,1,5,-1,0,0,1,0,4,0,1,1,-1,9,1,29,6,1598,1,12,BMW 1 SERIES,2,E01033327,0,4
2024440505897,2024,440505897,2,9,0,18,19,1,5,0,0,8,0,0,0,0,4,1,6,6,1,62,9,1499,1,6,BMW 1 SERIES,9,E01023241,0,1
2024131480837,2024,131480837,2,9,0,-1,19,1,1,-1,0,0,0,0,0,0,1,1,-1,2,2,60,9,1499,1,2,BMW 1 SERIES,4,E01011044,0,1
2024461422607,2024,461422607,1,9,0,-1,19,3,7,-1,0,0,0,0,0,0,1,1,-1,6,1,37,7,1995,2,10,BMW 1 SERIES,-1,-1,0,-1
2024461523376,2024,461523376,1,9,0,-1,5,2,6,-1,0,0,0,0,0,0,4,1,-1,9,2,39,7,1598,1,10,BMW 1 SERIES,2,E01024249,0,1
2024371507862,2024,371507862,2,9,0,-1,19,3,7,-1,0,1,0,0,0,0,3,1,-1,6,1,22,5,1995,2,11,BMW 1 SERIES,8,E01030046,0,2
2024501426161,2024,501426161,1,9,0,-1,19,1,5,-1,0,0,1,0,7,0,1,1,-1,6,1,20,4,1995,2,10,BMW 1 SERIES,9,E01020146,0,2
2024201512070,2024,201512070,1,9,0,-1,4,3,7,-1,0,4,0,0,0,0,1,1,-1,9,2,31,6,1496,2,7,BMW 1 SERIES,4,E01009460,0,2
2024010494514,2024,010494514,4,9,0,2,2,0,0,0,0,1,0,0,0,0,4,1,6,6,3,-1,-1,1597,1,16,BMW 1 SERIES,-1,-1,0,-1
2024141405272,2024,141405272,1,9,0,-1,19,5,5,-1,0,0,0,0,0,0,1,1,-1,2,2,43,7,1499,1,6,BMW 1 SERIES,2,E01007881,0,1
2024131460460,2024,131460460,1,9,0,-1,1,3,7,-1,0,8,0,0,0,0,2,1,-1,6,3,-1,-1,1499,1,1,BMW 1 SERIES,-1,-1,0,-1
2024052400538,2024,052400538,2,9,0,4,4,8,4,0,0,0,0,0,0,0,2,1,6,6,2,48,8,1995,2,6,BMW 1 SERIES,1,E01006767,0,1
2024010505560,2024,010505560,1,9,0,99,99,9,9,99,99,9,9,99,9,99,2,9,2,2,2,24,5,1499,1,7,BMW 1 SERIES,6,E01002410,0,1
2024631443462,2024,631443462,1,9,0,-1,19,6,2,-1,0,0,0,0,7,2,1,1,-1,6,1,30,6,1496,2,9,BMW 1 SERIES,7,W01000712,0,1
2024430382037,2024,430382037,1,9,0,18,19,3,7,0,0,8,0,0,0,0,1,1,6,6,1,28,6,1995,2,13,BMW 1 SERIES,4,E01016446,0,1
2024061539270,2024,061539270,1,9,0,-1,19,8,4,-1,0,0,0,0,0,0,3,2,-1,6,1,49,8,1995,2,18,BMW 1 SERIES,-1,-1,0,-1
2024201437655,2024,201437655,2,9,0,-1,19,6,2,-1,0,8,0,0,0,0,1,9,-1,6,-1,-1,-1,1995,2,17,BMW 1 SERIES,-1,-1,0,-1
2024520403332,2024,520403332,1,9,0,18,19,8,3,0,0,0,0,0,0,0,1,1,6,6,1,20,4,1598,1,11,BMW 1 SERIES,10,E01035124,0,1
2024631457958,2024,631457958,1,9,0,-1,19,6,1,-1,0,1,0,0,0,0,1,1,-1,6,2,-1,-1,1995,2,10,BMW 1 SERIES,2,W01000588,0,3
2024201400447,2024,201400447,1,9,0,-1,14,6,2,-1,0,1,0,0,0,0,1,1,-1,6,2,-1,-1,1995,2,4,BMW 1 SERIES,-1,-1,0,-1
2024461405315,2024,461405315,2,9,0,-1,9,8,5,-1,0,1,0,0,0,0,1,1,-1,9,1,32,6,1499,1,4,BMW 1 SERIES,4,E01016177,0,1
2024430415880,2024,430415880,1,9,0,7,7,8,2,0,0,1,0,0,0,0,4,1,6,6,1,21,5,1499,1,8,BMW 1 SERIES,2,E01016520,0,1
2024631499186,2024,631499186,1,9,0,-1,19,6,2,-1,0,0,1,0,0,0,1,1,-1,2,1,21,5,1995,2,15,BMW 1 SERIES,6,W01000538,0,1
2024440512937,2024,440512937,1,9,0,9,9,5,3,0,0,1,0,0,0,0,4,1,6,6,1,28,6,1995,2,9,BMW 1 SERIES,8,E01023014,0,3
2024421442743,2024,421442743,1,9,0,-1,19,6,2,-1,0,0,5,7,0,0,1,1,-1,6,1,22,5,1995,2,9,BMW 1 SERIES,-1,-1,0,-1
2024501399701,2024,501399701,1,9,0,-1,13,4,7,-1,0,0,0,0,0,0,3,9,-1,6,2,60,9,1998,1,0,BMW 1 SERIES,6,E01018807,0,3
2024231501164,2024,231501164,2,9,0,-1,19,4,8,-1,0,8,0,0,0,0,1,1,-1,6,1,79,11,1995,1,17,BMW 1 SERIES,4,E01031050,0,1
2024061516740,2024,061516740,1,9,0,-1,19,1,1,-1,0,0,0,0,0,0,1,1,-1,6,1,30,6,1995,2,16,BMW 1 SERIES,4,E01005877,0,1
2024320429254,2024,320429254,1,9,0,-1,-1,6,2,0,0,6,0,0,0,0,1,1,-1,-1,2,41,7,1995,2,15,BMW 1 SERIES,2,E01026101,0,2
2024461555468,2024,461555468,2,9,0,-1,19,1,5,-1,0,0,0,0,0,0,2,9,-1,6,1,54,8,1499,1,0,BMW 1 SERIES,4,E01003165,0,4
2024010529746,2024,010529746,1,9,0,9,9,1,6,0,0,2,5,4,0,0,2,1,6,6,1,20,4,1499,1,7,BMW 1 SERIES,5,E01001060,0,1
2024401485349,2024,401485349,2,9,0,-1,4,1,5,-1,0,0,0,0,0,0,2,1,-1,1,1,43,7,1995,2,10,BMW 1 SERIES,8,E01028350,0,5
2024610055424,2024,610055424,1,9,0,17,19,4,2,0,0,8,1,0,1,7,1,1,2,2,2,20,4,1596,1,18,BMW 1 SERIES,10,E01021569,0,5
2024070096608,2024,070096608,2,9,0,9,9,1,7,0,0,3,0,0,0,0,4,1,6,6,1,45,7,1598,1,10,BMW 1 SERIES,2,E01018485,0,3
2024451425970,2024,451425970,1,9,0,-1,19,5,1,-1,0,0,0,0,0,0,4,1,-1,2,2,29,6,1998,1,1,BMW 1 SERIES,8,E01030491,0,3
2024201497140,2024,201497140,2,9,0,-1,19,1,5,-1,0,8,0,0,0,0,1,1,-1,9,2,27,6,1598,2,11,BMW 1 SERIES,1,E01009115,0,4
2024501501115,2024,501501115,2,9,0,-1,19,4,8,-1,0,0,0,0,0,0,3,1,-1,6,1,22,5,2000,2,15,BMW 1 SERIES,6,E01019902,0,1
2024122400873,2024,122400873,1,9,0,16,19,5,8,0,0,0,2,0,1,0,1,1,2,2,2,32,6,1995,1,13,BMW 1 SERIES,8,E01011514,0,4
2024471518543,2024,471518543,2,9,0,-1,3,7,3,-1,0,0,0,0,0,0,2,1,-1,1,2,44,7,1499,1,0,BMW 1 SERIES,7,E01021093,0,3
2024071018043,2024,071018043,2,9,0,-1,3,7,3,-1,0,1,0,0,0,0,2,1,-1,2,2,30,6,1995,2,9,BMW 1 SERIES,7,E01018725,0,4
2024141422249,2024,141422249,1,9,0,-1,7,8,2,-1,0,1,0,0,3,0,4,1,-1,9,1,70,10,1995,2,14,BMW 1 SERIES,1,E01033277,0,1
2024010537619,2024,010537619,2,9,0,10,10,6,4,0,0,1,0,0,0,0,3,1,6,6,1,32,6,1995,2,8,BMW 1 SERIES,7,E01002925,0,3
2024211431450,2024,211431450,2,9,0,-1,19,7,3,-1,0,0,0,0,0,0,3,9,-1,6,1,46,8,1499,1,1,BMW 1 SERIES,6,E01010549,0,1
2024451477709,2024,451477709,2,9,0,-1,19,7,3,-1,0,0,0,0,0,0,0,1,-1,6,1,21,5,1995,1,16,BMW 1 SERIES,8,E01030853,0,1
2024061416576,2024,061416576,2,9,0,-1,19,1,5,-1,0,0,0,0,0,0,1,1,-1,9,1,50,8,1496,2,7,BMW 1 SERIES,8,E01005557,0,1
2024131573973,2024,131573973,1,9,0,-1,5,5,1,-1,0,8,0,0,0,0,3,1,-1,9,2,25,5,1995,2,9,BMW 1 SERIES,3,E01006533,0,4
2024131412639,2024,131412639,1,9,0,-1,9,1,3,-1,0,5,0,0,0,0,1,1,-1,2,1,28,6,1995,2,16,BMW 1 SERIES,1,E01010702,0,1
2024411474258,2024,411474258,2,9,0,-1,7,5,7,-1,0,1,0,0,0,0,0,1,-1,6,2,30,6,1995,2,7,BMW 1 SERIES,4,E01023403,0,1
2024131529865,2024,131529865,1,9,0,-1,9,7,3,-1,0,8,0,0,0,0,4,1,-1,1,2,20,4,1995,2,11,BMW 1 SERIES,1,E01011163,0,3
2024010510486,2024,010510486,1,9,0,18,19,1,5,0,0,0,0,0,0,0,1,1,6,6,1,22,5,1499,1,2,BMW 1 SERIES,1,E01000221,0,1
2024552401106,2024,552401106,1,9,0,11,11,7,5,0,0,8,0,0,0,0,4,1,6,6,1,47,8,1995,2,15,BMW 1 SERIES,5,E01015358,0,1
2024161472155,2024,161472155,1,9,0,-1,9,3,1,-1,0,6,0,0,0,0,3,2,-1,2,1,24,5,1496,2,7,BMW 1 SERIES,6,E01012979,0,1
2024461448433,2024,461448433,2,9,0,-1,19,7,7,-1,0,8,0,10,0,0,3,9,-1,6,1,34,6,1496,2,6,BMW 1 SERIES,8,E01024017,0,1
2024010508400,2024,010508400,1,9,0,9,9,1,7,0,0,1,0,0,4,6,4,1,6,6,2,29,6,1496,2,8,BMW 1 SERIES,5,E01000593,0,4
2024211524588,2024,211524588,1,9,0,-1,19,7,1,-1,0,4,0,0,1,10,1,1,-1,6,1,38,7,1995,2,16,BMW 1 SERIES,7,E01029735,0,1
2024211428633,2024,211428633,2,9,0,-1,3,4,8,-1,0,0,0,0,0,0,1,1,-1,6,2,56,9,1496,2,6,BMW 1 SERIES,1,E01014368,0,2
2024010510466,2024,010510466,3,9,0,2,2,0,0,0,0,0,0,0,0,0,2,1,6,6,3,-1,-1,1499,1,3,BMW 1 SERIES,-1,-1,0,-1
2024421495085,2024,421495085,2,9,0,-1,19,7,3,-1,0,0,0,0,0,0,2,1,-1,6,2,43,7,1499,1,0,BMW 1 SERIES,5,E01021954,0,2
2024052401369,2024,052401369,2,9,0,18,19,5,1,0,0,8,0,0,0,0,4,1,6,6,2,70,10,1998,1,0,BMW 1 SERIES,10,E01025472,0,1
2024520402561,2024,520402561,1,9,0,3,3,8,4,0,0,0,0,0,0,0,2,1,6,6,1,50,8,1496,2,7,BMW 1 SERIES,7,E01029227,0,2
2024622400370,2024,622400370,1,9,0,4,4,1,5,0,0,1,0,0,0,0,1,1,6,6,2,65,9,1598,2,10,BMW 1 SERIES,6,W01001756,0,1
2024071071357,2024,071071357,2,9,0,-1,19,8,4,-1,0,8,0,0,0,0,1,1,-1,6,1,18,4,1496,2,6,BMW 1 SERIES,6,E01007287,0,3
2024221517088,2024,221517088,2,9,0,-1,2,0,0,-1,0,0,0,4,0,0,1,1,-1,9,1,56,9,1995,2,11,BMW 1 SERIES,1,E01010486,0,4
2024461508222,2024,461508222,2,9,0,-1,5,5,3,-1,0,0,0,0,0,0,1,1,-1,9,2,34,6,1499,1,4,BMW 1 SERIES,5,E01021133,0,3
2024041416454,2024,041416454,2,9,0,-1,2,5,1,-1,9,1,0,0,0,0,0,1,-1,6,-1,-1,-1,1995,2,12,BMW 1 SERIES,-1,-1,0,-1
2024471508449,2024,471508449,1,9,0,-1,19,6,2,-1,0,0,0,0,0,0,4,1,-1,7,2,28,6,1995,2,14,BMW 1 SERIES,5,E01016884,0,1
2024041442812,2024,041442812,1,9,0,-1,19,4,8,-1,0,0,0,0,1,9,1,1,-1,6,1,36,7,1995,2,18,BMW 1 SERIES,1,E01012637,0,3
2024471394952,2024,471394952,1,9,0,-1,19,7,3,-1,0,0,1,0,1,0,1,1,-1,2,2,50,8,1499,1,7,BMW 1 SERIES,8,E01031474,0,2
2024010529879,2024,010529879,2,9,0,99,99,9,9,99,99,9,9,99,9,99,1,9,6,6,3,34,6,1499,1,6,BMW 1 SERIES,5,E01003684,0,1
2024451434692,2024,451434692,1,9,0,-1,19,5,1,-1,0,0,0,0,0,0,1,1,-1,6,1,20,4,1598,1,12,BMW 1 SERIES,10,E01030898,0,3
2024401446345,2024,401446345,4,9,0,-1,2,0,0,-1,0,0,0,0,0,0,1,1,-1,6,-1,-1,-1,2996,1,16,BMW 1 SERIES,-1,-1,0,-1
2024010516888,2024,010516888,2,9,0,18,19,5,1,0,0,1,0,0,0,0,1,1,6,6,3,-1,-1,1598,1,9,BMW 1 SERIES,-1,-1,0,-1
2024471441808,2024,471441808,1,9,0,-1,19,5,1,-1,0,0,0,0,0,0,1,1,-1,6,1,28,6,1496,2,5,BMW 1 SERIES,2,E01002782,0,4
2024520403312,2024,520403312,1,9,0,16,19,3,7,0,0,0,0,4,7,11,1,1,6,6,1,19,4,1995,2,14,BMW 1 SERIES,10,E01029265,0,2
2024520401292,2024,520401292,2,9,0,13,13,4,8,0,0,1,0,0,0,0,1,1,6,6,1,30,6,1995,2,6,BMW 1 SERIES,4,E01032644,0,4
2024622400837,2024,622400837,1,9,0,17,19,6,2,0,0,0,0,0,1,4,1,1,6,6,1,33,6,1995,2,8,BMW 1 SERIES,1,W01001400,0,3
2024010517958,2024,010517958,2,9,0,18,19,3,7,0,0,1,0,0,0,0,1,1,6,6,3,-1,-1,1496,2,8,BMW 1 SERIES,-1,-1,0,-1
2024471414015,2024,471414015,2,9,0,-1,9,8,7,-1,0,8,0,0,0,0,1,9,-1,6,1,50,8,1995,1,13,BMW 1 SERIES,6,E01021058,0,2
2024471478468,2024,471478468,2,9,0,-1,19,7,5,-1,0,0,0,0,0,0,1,1,-1,6,1,23,5,1598,1,11,BMW 1 SERIES,3,E01016909,0,1
2024451465755,2024,451465755,1,9,0,-1,19,3,1,-1,0,0,0,0,0,0,3,1,-1,9,1,66,10,1995,1,17,BMW 1 SERIES,9,E01030635,0,1
2024201532611,2024,201532611,2,9,0,-1,6,8,4,-1,0,8,0,0,0,0,1,1,-1,6,1,21,5,1995,2,12,BMW 1 SERIES,5,E01009711,0,1
2024161416639,2024,161416639,1,9,0,-1,19,8,3,-1,0,1,0,0,0,0,1,9,-1,2,2,51,8,1499,1,2,BMW 1 SERIES,9,E01013016,0,1
2024440484336,2024,440484336,1,9,0,7,7,5,7,0,0,3,5,0,0,0,4,1,6,6,1,21,5,1995,2,19,BMW 1 SERIES,6,E01022962,0,1