collision_index,collision_year,collision_ref_no,vehicle_reference,vehicle_type,towing_and_articulation,vehicle_manoeuvre_historic,vehicle_manoeuvre,vehicle_direction_from,vehicle_direction_to,vehicle_location_restricted_lane_historic,vehicle_location_restricted_lane,junction_location,skidding_and_overturning,hit_object_in_carriageway,vehicle_leaving_carriageway,hit_object_off_carriageway,first_point_of_impact,vehicle_left_hand_drive,journey_purpose_of_driver_historic,journey_purpose_of_driver,sex_of_driver,age_of_driver,age_band_of_driver,engine_capacity_cc,propulsion_code,age_of_vehicle,generic_make_model,driver_imd_decile,lsoa_of_driver,escooter_flag,driver_distance_banding
2024201513944,2024,201513944,2,9,0,-1,19,7,3,-1,0,8,0,0,0,0,1,1,-1,9,1,30,6,1499,1,7,BMW 1 SERIES,1,E01033891,0,1
2024340NN0352,2024,340NN0352,1,9,0,-1,19,7,3,-1,0,0,5,10,1,4,1,1,-1,6,1,25,5,1995,2,17,BMW 1 SERIES,2,E01027340,0,1
2024101401066,2024,101401066,2,9,0,-1,19,3,7,-1,0,0,0,0,0,0,2,1,-1,9,1,37,7,1496,2,5,BMW 1 SERIES,2,E01008280,0,2
2024041469745,2024,041469745,1,9,0,-1,19,5,1,-1,0,1,0,4,0,0,1,1,-1,6,1,71,10,1499,1,0,BMW 1 SERIES,3,E01025034,0,3
2024201410338,2024,201410338,2,9,0,-1,3,6,2,-1,0,8,0,0,0,0,2,1,-1,6,2,42,7,1499,1,6,BMW 1 SERIES,-1,-1,0,-1
202454F281624,2024,54F281624,1,9,0,17,19,5,1,0,0,1,1,0,1,1,1,1,6,6,1,27,6,2000,2,15,BMW 1 SERIES,1,W01001664,0,4
2024461481226,2024,461481226,1,9,0,-1,1,5,3,-1,0,0,0,0,0,0,1,9,-1,6,1,34,6,1596,1,18,BMW 1 SERIES,7,E01014205,0,5
2024471438803,2024,471438803,1,9,0,-1,5,7,3,-1,9,0,0,0,0,0,2,1,-1,1,2,67,10,1496,2,6,BMW 1 SERIES,-1,-1,0,-1
2024351484255,2024,351484255,2,9,0,-1,7,1,3,-1,0,3,0,0,1,0,3,1,-1,6,1,22,5,1995,1,13,BMW 1 SERIES,4,E01018095,0,4
2024631486611,2024,631486611,1,9,0,-1,19,1,5,-1,0,0,0,0,0,0,1,1,-1,9,1,30,6,1995,2,15,BMW 1 SERIES,6,W01000584,0,2
2024231445371,2024,231445371,3,9,0,-1,4,4,8,-1,0,0,0,0,0,0,2,1,-1,1,1,36,7,1499,1,3,BMW 1 SERIES,4,E01024290,0,5
2024010528572,2024,010528572,1,9,0,3,3,7,3,3,2,0,0,0,0,0,4,1,1,1,1,35,6,1499,1,1,BMW 1 SERIES,2,E01004382,0,2
2024122400805,2024,122400805,1,9,0,18,19,5,1,9,9,0,0,0,0,0,4,1,6,6,3,-1,-1,1995,2,11,BMW 1 SERIES,-1,-1,0,-1
2024201431400,2024,201431400,1,9,0,-1,3,4,8,-1,0,1,0,0,0,0,1,1,-1,6,2,32,6,1995,2,9,BMW 1 SERIES,-1,-1,0,-1
2024070929750,2024,070929750,2,9,0,-1,3,7,3,-1,0,1,0,0,0,0,4,1,-1,9,1,22,5,1499,1,1,BMW 1 SERIES,-1,-1,0,-1
2024451455930,2024,451455930,2,9,0,-1,19,5,1,-1,0,0,0,0,0,0,1,2,-1,9,2,26,6,1499,1,7,BMW 1 SERIES,10,E01030695,0,2
2024070405227,2024,070405227,5,9,0,2,2,0,0,0,0,0,0,0,0,0,3,1,6,6,3,-1,-1,1995,2,12,BMW 1 SERIES,2,E01018739,0,1
2024201529044,2024,201529044,1,9,0,-1,5,4,8,-1,0,8,0,0,0,0,1,9,-1,6,1,-1,-1,1995,1,14,BMW 1 SERIES,-1,-1,0,-1
2024451466741,2024,451466741,1,9,0,-1,9,3,4,-1,0,2,0,0,0,0,1,1,-1,2,2,35,6,1598,1,9,BMW 1 SERIES,9,E01030802,0,3
2024501530264,2024,501530264,2,9,0,-1,19,8,4,-1,0,0,2,0,0,0,1,1,-1,9,1,19,4,1496,2,8,BMW 1 SERIES,9,E01020173,0,3
2024041413661,2024,041413661,1,9,0,-1,19,5,1,-1,0,1,0,0,0,0,1,1,-1,6,3,-1,-1,1995,2,10,BMW 1 SERIES,-1,-1,0,-1
2024010511150,2024,010511150,2,9,9,99,99,9,9,99,99,1,9,99,9,99,9,9,6,6,3,-1,-1,1499,1,6,BMW 1 SERIES,-1,-1,0,-1
2024201470127,2024,201470127,1,9,0,-1,1,1,5,-1,0,0,0,0,0,0,2,1,-1,2,1,25,5,1499,1,0,BMW 1 SERIES,1,E01009408,0,1
2024041534033,2024,041534033,1,9,0,-1,19,3,7,-1,0,0,0,0,0,0,1,1,-1,9,2,51,8,1995,2,9,BMW 1 SERIES,7,E01025048,0,1
2024552401368,2024,552401368,2,9,0,18,19,2,6,0,0,8,0,0,0,0,1,1,6,6,2,36,7,1598,1,10,BMW 1 SERIES,7,E01015454,0,1
2024311510192,2024,311510192,1,9,0,-1,19,1,5,-1,0,0,0,0,1,10,1,1,-1,9,1,19,4,1596,1,18,BMW 1 SERIES,3,E01013930,0,1
2024141419047,2024,141419047,3,9,0,-1,3,1,5,-1,0,1,0,0,0,0,2,9,-1,6,1,47,8,1995,2,10,BMW 1 SERIES,2,E01007343,0,1
2024201413512,2024,201413512,1,9,0,-1,19,5,1,-1,0,4,0,0,0,0,1,9,-1,6,1,44,7,1995,2,15,BMW 1 SERIES,6,E01029389,0,3
2024101514616,2024,101514616,2,9,0,-1,19,7,3,-1,0,0,0,0,0,0,4,1,-1,6,1,26,6,1995,2,15,BMW 1 SERIES,1,E01035618,0,1
2024320634623,2024,320634623,2,9,0,-1,-1,7,3,0,0,1,1,0,0,0,3,1,-1,-1,2,27,6,1496,2,3,BMW 1 SERIES,9,E01034695,0,4
2024302400425,2024,302400425,2,9,0,2,2,0,0,0,0,0,0,0,0,0,1,1,6,6,1,28,6,1995,2,13,BMW 1 SERIES,10,E01019708,0,1
2024501408059,2024,501408059,1,9,0,-1,12,8,4,-1,0,0,0,0,0,0,0,9,-1,6,1,60,9,1995,2,17,BMW 1 SERIES,4,E01018892,0,3
2024131482860,2024,131482860,1,9,0,-1,19,7,3,-1,0,6,0,0,0,0,3,1,-1,9,1,20,4,1496,2,6,BMW 1 SERIES,2,E01010619,0,1
2024461504460,2024,461504460,1,9,0,-1,4,8,4,-1,0,0,0,0,0,0,1,9,-1,6,2,25,5,1598,1,11,BMW 1 SERIES,5,E01024335,0,1
2024440370152,2024,440370152,1,9,0,18,19,7,3,0,0,1,0,0,3,9,1,1,6,6,1,18,4,1598,1,13,BMW 1 SERIES,10,E01015315,0,4
2024332401078,2024,332401078,1,9,0,-1,19,5,1,-1,0,0,0,0,1,11,1,1,-1,6,1,30,6,1995,2,14,BMW 1 SERIES,4,E01013717,0,2
2024161496411,2024,161496411,1,9,0,-1,19,7,3,-1,0,8,0,0,0,0,4,1,-1,9,1,57,9,1995,2,12,BMW 1 SERIES,1,E01012951,0,1
2024211516963,2024,211516963,1,9,0,-1,19,7,1,-1,0,0,0,4,0,0,1,1,-1,6,1,30,6,1995,1,17,BMW 1 SERIES,10,E01029418,0,1
2024351411975,2024,351411975,1,9,0,-1,9,1,5,-1,0,2,0,0,0,0,3,1,-1,9,1,38,7,1596,1,18,BMW 1 SERIES,5,E01023843,0,4
2024520402138,2024,520402138,1,9,0,18,19,4,2,0,0,8,0,0,0,0,3,1,6,6,2,39,7,1995,2,15,BMW 1 SERIES,3,E01029280,0,3
2024122400307,2024,122400307,1,9,0,5,5,5,1,0,0,0,0,0,0,0,1,1,6,6,1,28,6,1596,1,17,BMW 1 SERIES,4,E01013404,0,1
2024010544279,2024,010544279,1,9,0,18,19,5,1,0,0,0,0,0,0,0,2,1,6,6,1,24,5,1598,1,10,BMW 1 SERIES,6,E01003741,0,1
2024622500032,2024,622500032,1,9,0,13,13,2,6,0,0,0,0,0,1,0,1,1,6,6,1,53,8,1995,2,13,BMW 1 SERIES,4,W01000995,0,3
2024061451087,2024,061451087,3,9,0,-1,2,0,0,-1,0,2,0,0,0,0,2,1,-1,6,-1,-1,-1,1499,1,1,BMW 1 SERIES,-1,-1,0,-1
2024302400887,2024,302400887,1,9,0,18,19,5,1,0,0,2,0,0,0,0,1,1,6,6,2,38,7,1995,2,12,BMW 1 SERIES,8,E01019874,0,1
2024211494729,2024,211494729,2,9,0,-1,19,1,5,-1,0,1,1,0,0,0,1,1,-1,6,1,42,7,1496,2,8,BMW 1 SERIES,9,E01029744,0,2
2024991484005,2024,991484005,2,9,0,-1,19,5,1,-1,0,1,0,0,0,0,1,1,-1,9,1,20,4,1995,2,11,BMW 1 SERIES,-1,-1,0,-1
2024411485010,2024,411485010,2,9,0,-1,4,-1,-1,-1,0,4,-1,-1,1,0,1,9,-1,6,2,31,6,1995,2,11,BMW 1 SERIES,6,E01023390,0,1
2024041504856,2024,041504856,1,9,0,-1,19,2,4,-1,0,0,1,0,7,10,1,1,-1,6,1,32,6,1995,2,14,BMW 1 SERIES,7,E01024999,0,4
2024131482381,2024,131482381,1,9,0,-1,19,1,5,-1,0,8,0,0,1,2,1,1,-1,6,1,38,7,1995,2,10,BMW 1 SERIES,10,E01011649,0,3
2024311424713,2024,311424713,1,9,0,-1,7,5,7,-1,0,2,0,0,0,0,4,1,-1,9,2,18,4,1496,2,9,BMW 1 SERIES,1,E01013817,0,1
2024451502905,2024,451502905,2,9,0,-1,19,6,2,-1,0,8,0,0,0,0,1,1,-1,9,1,72,10,1995,2,16,BMW 1 SERIES,10,E01030961,0,1
2024010542746,2024,010542746,2,9,0,18,19,3,7,0,0,4,0,0,0,0,0,1,6,6,2,28,6,1499,1,3,BMW 1 SERIES,2,E01003245,0,2
2024461488571,2024,461488571,1,9,0,-1,19,4,3,-1,0,0,0,0,0,0,1,1,-1,9,1,24,5,1995,2,12,BMW 1 SERIES,1,E01024621,0,1
2024010528624,2024,010528624,2,9,0,2,2,0,0,0,0,2,0,0,0,0,2,1,6,6,3,-1,-1,1995,2,4,BMW 1 SERIES,-1,-1,0,-1
2024430068860,2024,430068860,1,9,0,1,1,3,7,0,0,6,0,0,0,0,2,1,6,6,3,-1,-1,1995,2,19,BMW 1 SERIES,-1,-1,0,-1
2024991474039,2024,991474039,3,9,0,-1,19,4,8,-1,0,0,0,0,0,0,2,1,-1,2,1,54,8,1499,1,4,BMW 1 SERIES,2,-1,0,4
2024430162191,2024,430162191,1,9,0,9,9,8,6,0,0,6,0,0,0,0,3,1,2,2,1,41,7,1496,2,8,BMW 1 SERIES,3,E01016389,0,1
2024061435418,2024,061435418,1,9,0,-1,19,2,6,-1,0,6,0,0,0,0,1,1,-1,6,3,24,5,1995,1,13,BMW 1 SERIES,-1,-1,0,-1
2024622400058,2024,622400058,2,9,0,18,19,8,4,0,0,8,0,0,0,0,1,1,6,6,2,19,4,1499,1,1,BMW 1 SERIES,4,W01000987,0,1
2024440134614,2024,440134614,1,9,0,18,19,1,5,0,0,0,0,0,0,0,1,1,6,6,2,27,6,1499,1,8,BMW 1 SERIES,9,E01022617,0,1
2024520402034,2024,520402034,1,9,0,18,19,4,8,0,0,1,0,0,0,0,2,1,6,6,1,30,6,1499,1,8,BMW 1 SERIES,6,E01019959,0,4
2024622400791,2024,622400791,1,9,0,18,19,8,4,0,0,8,0,0,0,0,4,1,6,6,1,36,7,1995,2,14,BMW 1 SERIES,3,W01000767,0,1
2024430316903,2024,430316903,2,9,0,2,2,0,0,0,0,0,0,0,0,0,1,1,6,6,1,35,6,1995,2,15,BMW 1 SERIES,-1,-1,0,-1
2024101462406,2024,101462406,2,9,0,-1,3,5,1,-1,0,0,0,0,0,0,2,1,-1,6,2,35,6,1499,1,1,BMW 1 SERIES,-1,-1,0,-1
2024991536324,2024,991536324,1,9,0,-1,19,2,6,-1,0,0,1,0,7,0,1,1,-1,6,2,26,6,1499,1,5,BMW 1 SERIES,-1,-1,0,-1
2024302401639,2024,302401639,2,9,0,-1,19,7,3,-1,0,8,0,0,0,0,1,2,-1,7,1,20,4,1995,2,6,BMW 1 SERIES,2,E01013570,0,1
2024531428264,2024,531428264,1,9,0,-1,19,5,1,-1,0,4,0,0,0,0,1,9,-1,6,3,-1,-1,1995,2,11,BMW 1 SERIES,-1,-1,0,-1
2024440547488,2024,440547488,1,9,0,4,4,1,5,0,0,1,0,0,0,0,2,1,6,6,3,-1,-1,1496,2,8,BMW 1 SERIES,-1,-1,0,-1
2024131576605,2024,131576605,1,9,0,-1,7,1,5,-1,0,0,0,7,0,0,1,1,-1,2,1,28,6,1995,2,11,BMW 1 SERIES,5,E01011147,0,4
2024070215448,2024,070215448,1,9,0,4,4,6,4,0,0,1,0,0,0,0,1,1,6,6,1,30,6,1995,2,6,BMW 1 SERIES,1,E01012436,0,3
2024161443895,2024,161443895,1,9,0,-1,4,2,6,-1,0,0,0,0,0,0,4,9,-1,6,1,42,7,1995,2,11,BMW 1 SERIES,3,E01013133,0,4
2024451458348,2024,451458348,2,9,0,-1,5,3,8,-1,0,0,0,0,0,0,3,1,-1,9,1,20,4,1598,1,12,BMW 1 SERIES,9,E01030450,0,1
2024522402173,2024,522402173,1,9,0,18,19,3,7,0,0,1,0,7,0,0,1,1,6,6,1,39,7,1995,2,14,BMW 1 SERIES,2,E01014977,0,1
2024320005753,2024,320005753,2,9,0,2,2,0,0,0,0,0,0,0,0,0,2,1,6,6,3,-1,-1,1995,2,6,BMW 1 SERIES,-1,-1,0,-1
2024351515775,2024,351515775,2,9,0,-1,19,6,2,-1,0,3,1,0,0,0,4,1,-1,2,2,24,5,2000,1,15,BMW 1 SERIES,8,E01021375,0,4
2024421431645,2024,421431645,1,9,0,-1,4,7,3,-1,0,4,0,0,0,0,1,9,-1,6,3,-1,-1,1995,2,17,BMW 1 SERIES,-1,-1,0,-1
2024141495563,2024,141495563,3,9,0,-1,19,1,5,-1,0,0,0,0,0,0,2,1,-1,2,2,29,6,1995,2,11,BMW 1 SERIES,5,E01007486,0,2
2024041498809,2024,041498809,2,9,0,-1,19,7,7,-1,0,1,0,0,0,0,4,1,-1,2,1,51,8,1995,2,10,BMW 1 SERIES,8,E01025233,0,1
2024320673277,2024,320673277,1,9,0,-1,-1,3,7,0,0,6,0,0,0,0,1,1,-1,-1,1,18,4,1596,1,17,BMW 1 SERIES,6,E01032988,0,4
2024041403597,2024,041403597,1,9,0,-1,19,5,1,-1,0,2,0,0,0,0,1,1,-1,9,2,51,8,1995,2,15,BMW 1 SERIES,1,E01012596,0,1
2024361440065,2024,361440065,1,9,0,-1,5,7,8,-1,0,1,2,0,8,0,1,1,-1,9,2,33,6,1995,2,14,BMW 1 SERIES,1,E01030291,0,3
2024010510996,2024,010510996,1,9,0,18,19,1,5,0,0,0,0,0,0,0,0,1,6,6,1,30,6,1499,1,1,BMW 1 SERIES,5,E01024156,0,1
2024520403009,2024,520403009,3,9,0,18,19,2,6,0,0,8,1,0,0,0,1,1,6,6,2,21,5,1499,1,8,BMW 1 SERIES,8,E01029145,0,1
2024010527188,2024,010527188,2,9,0,99,99,9,9,99,99,9,9,99,9,99,9,9,6,6,3,-1,-1,1499,1,1,BMW 1 SERIES,-1,-1,0,-1
2024411471937,2024,411471937,2,9,0,-1,19,1,7,-1,0,1,0,0,0,0,1,1,-1,9,1,24,5,1596,1,19,BMW 1 SERIES,6,E01023848,0,1
2024430146037,2024,430146037,2,9,0,18,19,5,1,0,0,4,0,0,0,0,3,1,6,6,1,-1,-1,1598,1,10,BMW 1 SERIES,-1,-1,0,-1
2024991510269,2024,991510269,1,9,0,-1,19,5,1,-1,0,0,0,0,0,0,1,1,-1,6,1,23,5,1499,1,7,BMW 1 SERIES,5,-1,0,1
2024320352969,2024,320352969,1,9,0,-1,-1,3,7,0,0,0,2,0,1,9,1,1,-1,-1,1,27,6,1995,2,12,BMW 1 SERIES,7,E01026299,0,2
2024010525964,2024,010525964,2,9,0,99,99,9,9,99,99,0,9,99,9,99,9,9,6,6,3,-1,-1,1549,1,12,BMW 1 SERIES,-1,-1,0,-1
2024461442300,2024,461442300,3,9,0,-1,19,4,8,-1,0,0,0,0,0,0,1,1,-1,9,1,56,9,1499,1,7,BMW 1 SERIES,4,E01024373,0,1
2024361512885,2024,361512885,2,9,0,-1,2,3,3,-1,0,0,0,4,0,0,3,9,-1,6,-1,-1,-1,1499,1,4,BMW 1 SERIES,-1,-1,0,-1
2024440065412,2024,440065412,2,9,0,18,19,4,8,0,0,0,0,0,0,0,1,1,6,6,2,43,7,1995,2,7,BMW 1 SERIES,5,E01028633,0,4
2024340NN3252,2024,340NN3252,1,9,0,-1,7,3,5,-1,0,6,0,0,0,0,1,1,-1,2,2,27,6,1995,2,5,BMW 1 SERIES,6,E01027051,0,2
2024141411131,2024,141411131,2,9,0,-1,2,0,0,-1,-1,0,0,4,0,0,2,1,-1,6,-1,-1,-1,1499,1,0,BMW 1 SERIES,-1,-1,0,-1
2024311410783,2024,311410783,1,9,0,-1,19,6,2,-1,0,4,0,0,0,0,1,1,-1,6,-1,-1,-1,1995,2,9,BMW 1 SERIES,-1,-1,0,-1
2024991526437,2024,991526437,2,9,0,-1,2,0,0,-1,0,0,0,4,0,0,3,1,-1,6,-1,-1,-1,1496,2,7,BMW 1 SERIES,-1,-1,0,-1
2024401396871,2024,401396871,1,9,0,-1,11,-1,-1,-1,0,1,0,0,0,0,4,9,-1,6,3,-1,-1,1995,2,12,BMW 1 SERIES,-1,-1,0,-1
2024211480941,2024,211480941,2,9,0,-1,19,5,1,-1,0,1,1,0,0,0,1,2,-1,9,1,28,6,1597,1,16,BMW 1 SERIES,5,E01019715,0,2
2024302400753,2024,302400753,2,9,0,18,19,8,4,0,0,8,1,0,0,0,1,1,6,6,2,24,5,1995,2,2,BMW 1 SERIES,9,E01007561,0,4
2024451433005,2024,451433005,2,9,0,-1,19,1,5,-1,0,0,0,0,0,0,2,1,-1,9,2,40,7,1499,1,1,BMW 1 SERIES,5,E01002611,0,4
2024010507692,2024,010507692,2,9,0,9,9,5,2,0,0,0,0,0,0,0,3,1,6,6,2,54,8,1499,1,0,BMW 1 SERIES,7,E01032570,0,3
2024010541212,2024,010541212,2,9,0,5,5,3,7,0,0,2,0,0,0,0,2,1,6,6,2,39,7,1499,1,5,BMW 1 SERIES,3,E01000718,0,1
2024451442429,2024,451442429,2,9,0,-1,2,5,1,-1,0,0,0,0,0,0,1,1,-1,9,2,67,10,1995,2,12,BMW 1 SERIES,10,E01030436,0,3
2024501521390,2024,501521390,1,9,0,-1,19,7,3,-1,0,2,0,0,0,0,3,1,-1,6,2,46,8,1995,2,10,BMW 1 SERIES,3,E01020285,0,1
2024401517774,2024,401517774,2,9,0,-1,19,7,3,-1,0,0,0,0,0,0,1,1,-1,2,1,46,8,1499,1,4,BMW 1 SERIES,9,E01033824,0,3
2024991525828,2024,991525828,2,9,0,-1,9,6,3,-1,0,1,0,0,0,0,1,1,-1,9,1,37,7,1995,2,10,BMW 1 SERIES,1,-1,0,1
2024421529653,2024,421529653,1,9,0,-1,19,8,5,-1,0,0,5,0,2,11,1,1,-1,2,1,23,5,1995,2,8,BMW 1 SERIES,6,E01024790,0,4
2024010488691,2024,010488691,1,9,0,9,9,7,5,0,0,5,0,0,0,0,1,1,6,6,3,-1,-1,1496,2,9,BMW 1 SERIES,-1,-1,0,-1
2024320504337,2024,320504337,5,9,0,2,2,0,0,0,0,2,0,0,0,0,1,1,6,6,3,-1,-1,1598,1,11,BMW 1 SERIES,-1,-1,0,-1
2024501470402,2024,501470402,1,9,0,-1,13,2,6,-1,0,8,0,0,0,0,1,1,-1,9,2,69,10,1499,1,0,BMW 1 SERIES,-1,-1,0,-1
2024531507241,2024,531507241,2,9,0,-1,7,5,8,-1,0,8,0,0,0,0,1,1,-1,2,1,29,6,1499,1,3,BMW 1 SERIES,10,W01001597,0,4
2024471452743,2024,471452743,2,9,0,-1,9,1,3,-1,0,8,0,0,0,0,4,1,-1,2,2,32,6,1499,1,3,BMW 1 SERIES,5,E01031565,0,1
2024131431878,2024,131431878,1,9,0,-1,9,7,3,-1,0,8,0,0,0,0,2,1,-1,6,3,-1,-1,1995,2,8,BMW 1 SERIES,-1,-1,0,-1
2024061500292,2024,061500292,1,9,0,-1,10,-1,-1,-1,0,1,0,0,0,0,3,1,-1,9,2,27,6,1499,1,8,BMW 1 SERIES,7,E01005715,0,1
2024010536225,2024,010536225,2,9,0,18,19,1,5,0,0,0,0,0,0,0,1,1,6,6,3,-1,-1,1496,2,2,BMW 1 SERIES,-1,-1,0,-1
2024010516276,2024,010516276,1,9,0,17,19,6,5,0,0,0,1,10,7,4,1,1,6,6,1,20,4,1499,1,9,BMW 1 SERIES,6,E01003469,0,1
2024451506707,2024,451506707,1,9,0,-1,19,4,8,-1,0,0,0,0,0,0,4,1,-1,2,1,34,6,1995,2,1,BMW 1 SERIES,6,E01001254,0,3
2024440510598,2024,440510598,2,9,0,18,19,7,3,0,0,0,0,4,0,0,1,1,6,6,1,26,6,1995,2,6,BMW 1 SERIES,8,E01022651,0,4
2024332400985,2024,332400985,1,9,0,-1,19,1,5,-1,0,8,0,0,0,0,3,1,-1,6,1,25,5,1499,1,6,BMW 1 SERIES,2,E01034021,0,1
2024052401667,2024,052401667,1,9,0,9,9,1,7,0,0,6,0,0,0,0,4,1,6,6,1,-1,-1,1496,2,8,BMW 1 SERIES,4,E01006641,0,1
2024010514263,2024,010514263,1,9,0,9,9,1,7,0,0,8,0,0,0,0,4,1,6,6,1,22,5,1496,2,2,BMW 1 SERIES,2,E01000484,0,3
2024471473198,2024,471473198,1,9,0,-1,19,1,5,-1,0,1,0,0,1,0,1,1,-1,9,1,27,6,1598,1,11,BMW 1 SERIES,4,E01020935,0,4
2024221495835,2024,221495835,1,9,0,-1,19,2,6,-1,0,8,5,10,1,10,1,1,-1,6,1,51,8,1995,2,8,BMW 1 SERIES,4,E01028836,0,3
2024201460116,2024,201460116,2,9,0,-1,7,8,2,-1,0,6,0,0,0,0,4,9,-1,6,2,31,6,1598,2,11,BMW 1 SERIES,1,E01009110,0,1
2024501522972,2024,501522972,1,9,0,-1,19,7,3,-1,0,3,0,0,0,0,1,1,-1,2,1,36,7,1499,1,0,BMW 1 SERIES,7,E01020209,0,3
2024010547489,2024,010547489,3,9,0,4,4,5,1,0,0,0,1,4,0,0,3,1,6,6,1,23,5,1499,1,8,BMW 1 SERIES,3,E01001004,0,1
2024461405359,2024,461405359,1,9,0,-1,9,7,5,-1,0,0,0,0,0,0,3,9,-1,9,1,39,7,1499,1,1,BMW 1 SERIES,8,E01024827,0,4
2024041447233,2024,041447233,2,9,0,-1,9,5,1,-1,0,6,0,0,0,0,3,1,-1,2,2,34,6,1995,2,10,BMW 1 SERIES,1,E01012649,0,1
2024161455970,2024,161455970,1,9,0,-1,19,8,2,-1,0,1,0,0,0,0,3,1,-1,9,1,51,8,1995,2,8,BMW 1 SERIES,8,E01013053,0,1
2024010524089,2024,010524089,3,9,0,18,19,7,3,0,0,2,0,0,1,7,1,1,6,6,1,19,4,1597,1,16,BMW 1 SERIES,5,E01000475,0,4
2024332400434,2024,332400434,2,9,0,-1,19,0,0,-1,0,8,0,0,0,0,1,1,-1,6,1,-1,-1,1995,1,13,BMW 1 SERIES,-1,-1,0,-1
2024320565476,2024,320565476,2,9,0,-1,-1,3,7,0,0,8,0,0,0,0,1,1,-1,-1,1,28,6,1995,2,10,BMW 1 SERIES,9,E01034698,0,3
2024131468120,2024,131468120,2,9,0,-1,2,0,0,-1,0,0,0,0,0,0,2,1,-1,6,-1,-1,-1,1995,2,15,BMW 1 SERIES,-1,-1,0,-1
2024471423368,2024,471423368,1,9,0,-1,19,7,3,-1,0,0,0,0,0,0,1,1,-1,9,1,38,7,1995,2,19,BMW 1 SERIES,8,E01031393,0,2
2024522403199,2024,522403199,1,9,0,9,9,2,8,9,9,5,5,10,1,5,4,1,6,6,1,18,4,1995,2,16,BMW 1 SERIES,5,E01014994,0,3
2024311410933,2024,311410933,1,9,0,-1,19,6,2,-1,0,1,0,0,1,0,4,1,-1,2,1,20,4,1496,2,8,BMW 1 SERIES,1,E01013940,0,1
2024211417839,2024,211417839,4,9,0,-1,19,1,5,-1,0,0,0,0,0,0,2,1,-1,6,2,47,8,1496,2,9,BMW 1 SERIES,-1,-1,0,-1
2024421470377,2024,421470377,1,9,0,-1,19,5,2,-1,0,0,0,0,7,4,1,1,-1,9,2,38,7,1995,2,9,BMW 1 SERIES,5,E01021694,0,1
2024440181919,2024,440181919,1,9,0,18,19,7,3,0,0,1,0,0,0,0,1,1,6,6,2,35,6,1598,1,12,BMW 1 SERIES,3,E01023144,0,1
2024201478923,2024,201478923,1,9,0,-1,19,3,7,-1,0,6,0,0,0,0,2,1,-1,6,2,28,6,1598,1,12,BMW 1 SERIES,1,E01009511,0,1
2024052402653,2024,052402653,2,9,0,18,19,3,7,0,0,0,0,0,0,0,4,1,2,2,2,45,7,1496,2,9,BMW 1 SERIES,6,E01012501,0,2
2024302401341,2024,302401341,2,9,0,3,3,4,8,0,0,2,0,0,0,0,2,1,6,6,2,43,7,1995,2,12,BMW 1 SERIES,3,E01013531,0,1
2024461438503,2024,461438503,1,9,0,-1,4,1,5,-1,0,0,1,0,0,0,1,1,-1,9,1,20,4,1596,1,19,BMW 1 SERIES,-1,-1,0,-1
2024451440864,2024,451440864,2,9,0,-1,19,5,1,-1,0,0,0,0,0,0,1,1,-1,9,2,52,8,1499,1,1,BMW 1 SERIES,1,E01005123,0,5
2024131394493,2024,131394493,2,9,0,-1,19,3,7,-1,0,1,0,0,1,0,3,1,-1,6,1,28,6,1499,1,5,BMW 1 SERIES,5,E01011065,0,1
2024471437140,2024,471437140,4,9,0,-1,19,2,6,-1,0,0,0,0,7,10,1,1,-1,2,1,48,8,1995,2,1,BMW 1 SERIES,10,E01031745,0,4
2024161484825,2024,161484825,1,9,0,-1,15,4,8,-1,0,0,0,0,0,0,4,1,-1,9,1,43,7,1995,2,16,BMW 1 SERIES,4,E01013314,0,2
2024520403328,2024,520403328,2,9,0,18,19,7,2,0,0,0,0,0,0,0,1,1,6,6,2,25,5,1998,1,0,BMW 1 SERIES,7,E01029164,0,3
2024461430307,2024,461430307,1,9,0,-1,19,5,1,-1,0,0,0,0,0,0,1,9,-1,6,1,33,6,1496,2,7,BMW 1 SERIES,7,E01024333,0,2
2024111428777,2024,111428777,1,9,0,-1,19,3,7,-1,0,4,0,9,0,0,1,1,-1,6,1,25,5,1496,2,8,BMW 1 SERIES,-1,-1,0,-1
2024430333008,2024,430333008,1,9,0,13,13,4,8,0,0,0,1,0,0,0,1,1,6,6,1,35,6,1995,2,14,BMW 1 SERIES,-1,-1,0,-1
2024010492661,2024,010492661,1,9,0,99,99,9,9,99,99,9,9,99,9,99,4,9,6,6,2,35,6,1597,1,16,BMW 1 SERIES,3,E01004675,0,1
2024471434933,2024,471434933,3,9,0,-1,4,3,7,-1,0,0,0,0,0,0,2,1,-1,2,2,63,9,1995,1,13,BMW 1 SERIES,5,E01031469,0,1
2024010508723,2024,010508723,2,9,0,4,4,3,7,0,0,0,0,0,0,0,1,1,6,6,1,31,6,1598,1,12,BMW 1 SERIES,3,E01004471,0,3
2024440443958,2024,440443958,2,9,0,15,15,1,5,0,0,1,0,0,0,0,1,1,6,6,1,20,4,1995,1,16,BMW 1 SERIES,-1,-1,0,-1
2024052400596,2024,052400596,1,9,0,17,19,7,5,0,0,1,0,0,0,0,1,1,3,7,2,33,6,1995,2,10,BMW 1 SERIES,8,E01006886,0,1
2024471487812,2024,471487812,1,9,0,-1,19,5,1,-1,0,8,0,0,7,7,1,1,-1,9,1,25,5,1995,2,10,BMW 1 SERIES,7,E01031398,0,1