collision_index,collision_year,collision_ref_no,vehicle_reference,vehicle_type,towing_and_articulation,vehicle_manoeuvre_historic,vehicle_manoeuvre,vehicle_direction_from,vehicle_direction_to,vehicle_location_restricted_lane_historic,vehicle_location_restricted_lane,junction_location,skidding_and_overturning,hit_object_in_carriageway,vehicle_leaving_carriageway,hit_object_off_carriageway,first_point_of_impact,vehicle_left_hand_drive,journey_purpose_of_driver_historic,journey_purpose_of_driver,sex_of_driver,age_of_driver,age_band_of_driver,engine_capacity_cc,propulsion_code,age_of_vehicle,generic_make_model,driver_imd_decile,lsoa_of_driver,escooter_flag,driver_distance_banding
2024552400410,2024,552400410,1,9,0,9,9,2,8,0,0,6,0,0,0,0,3,1,6,6,2,28,6,1599,1,15,BMW 1 SERIES,4,E01034271,0,1
2024041463500,2024,041463500,2,9,0,-1,19,1,6,-1,0,1,0,0,0,0,4,1,-1,1,2,32,6,1995,2,6,BMW 1 SERIES,6,E01012659,0,2
2024201411393,2024,201411393,1,9,0,-1,19,5,1,-1,0,0,0,0,0,0,1,1,-1,9,1,25,5,1995,2,14,BMW 1 SERIES,3,E01010411,0,1
2024461469011,2024,461469011,2,9,0,-1,3,7,3,-1,0,4,0,0,0,0,2,1,-1,9,2,62,9,1596,1,17,BMW 1 SERIES,-1,-1,0,-1
2024332400301,2024,332400301,2,9,0,-1,19,7,3,-1,2,8,0,0,0,0,4,1,-1,6,1,28,6,1995,2,12,BMW 1 SERIES,2,E01013752,0,1
2024131422510,2024,131422510,1,9,0,-1,11,3,7,-1,0,1,0,0,0,0,3,1,-1,6,3,-1,-1,1995,2,10,BMW 1 SERIES,-1,-1,0,-1
2024501507834,2024,501507834,1,9,0,-1,19,6,2,-1,0,0,5,0,4,1,1,1,-1,9,1,20,4,1995,2,17,BMW 1 SERIES,1,E01026832,0,5
2024461509286,2024,461509286,1,9,0,-1,14,5,1,-1,0,1,0,0,0,0,3,2,-1,6,1,25,5,1995,2,16,BMW 1 SERIES,5,E01024206,0,3
2024401545136,2024,401545136,1,9,0,-1,19,1,5,-1,0,0,0,0,0,0,1,1,-1,6,1,34,6,1995,2,5,BMW 1 SERIES,5,E01034428,0,3
2024991535886,2024,991535886,1,9,0,-1,9,4,2,-1,0,6,0,0,0,0,1,1,-1,6,1,33,6,1499,1,3,BMW 1 SERIES,9,-1,0,1
2024440273114,2024,440273114,1,9,0,18,19,5,1,0,0,8,0,0,0,0,1,1,6,6,2,52,8,1598,2,12,BMW 1 SERIES,1,E01017118,0,2
2024622400152,2024,622400152,2,9,0,4,4,4,8,0,0,0,0,0,0,0,2,1,6,6,2,33,6,1499,1,3,BMW 1 SERIES,4,W01001001,0,3
2024010540835,2024,010540835,1,9,0,4,4,5,1,0,0,8,0,0,0,0,1,1,6,6,2,49,8,1499,1,8,BMW 1 SERIES,4,E01001156,0,1
2024471396521,2024,471396521,1,9,0,-1,19,2,6,-1,0,0,0,0,0,0,2,1,-1,9,1,22,5,1995,2,9,BMW 1 SERIES,1,E01016880,0,2
2024501431031,2024,501431031,1,9,0,-1,19,2,6,-1,0,0,2,0,2,11,1,1,-1,2,1,24,5,1499,1,6,BMW 1 SERIES,4,E01018943,0,4
2024451409612,2024,451409612,1,9,0,-1,19,6,2,-1,0,0,0,0,0,0,1,1,-1,9,2,27,6,1995,2,8,BMW 1 SERIES,6,E01002489,0,2
2024231531193,2024,231531193,2,9,0,-1,19,6,2,-1,0,8,0,0,0,0,1,1,-1,6,1,25,5,1499,1,9,BMW 1 SERIES,9,E01031220,0,1
2024131404244,2024,131404244,2,9,0,-1,9,1,3,-1,0,1,0,0,0,0,4,1,-1,2,1,28,6,1496,2,8,BMW 1 SERIES,3,E01015801,0,5
2024061486532,2024,061486532,1,9,0,-1,5,-1,-1,-1,0,9,1,10,0,0,3,1,-1,9,1,53,8,1995,2,6,BMW 1 SERIES,9,E01004842,0,1
2024411491032,2024,411491032,2,9,0,-1,19,4,6,-1,0,4,0,0,0,0,1,1,-1,2,1,31,6,1995,2,9,BMW 1 SERIES,3,E01017654,0,3
2024010533329,2024,010533329,1,9,0,18,19,1,5,0,0,2,0,0,0,0,1,1,6,6,1,50,8,1496,2,8,BMW 1 SERIES,7,E01000711,0,2
2024131462230,2024,131462230,1,9,0,-1,19,1,5,-1,0,0,0,0,0,0,0,1,-1,6,1,24,5,1995,1,18,BMW 1 SERIES,3,E01011601,0,1
2024332400547,2024,332400547,4,9,0,-1,2,0,0,-1,0,2,0,0,0,0,1,1,-1,6,3,-1,-1,1597,1,16,BMW 1 SERIES,-1,-1,0,-1
2024052402133,2024,052402133,1,9,0,18,19,7,3,0,0,0,0,0,0,0,1,1,6,6,3,-1,-1,1995,2,14,BMW 1 SERIES,-1,-1,0,-1
2024010532211,2024,010532211,2,9,0,2,2,0,0,0,0,1,0,0,0,0,1,1,6,6,3,-1,-1,2000,1,16,BMW 1 SERIES,-1,-1,0,-1
2024461398780,2024,461398780,6,9,0,-1,19,3,7,-1,0,0,0,0,0,0,4,9,-1,6,1,37,7,1499,1,7,BMW 1 SERIES,6,E01024282,0,2
2024041424418,2024,041424418,2,9,0,-1,3,3,5,-1,0,1,0,0,0,0,4,1,-1,2,2,26,6,1496,2,6,BMW 1 SERIES,4,E01025288,0,1
2024520403445,2024,520403445,1,9,0,13,13,7,3,0,0,0,0,0,0,0,1,1,6,6,1,32,6,1596,1,19,BMW 1 SERIES,4,E01029286,0,3
2024221452468,2024,221452468,1,9,0,-1,19,3,7,-1,0,4,0,0,0,0,1,9,-1,6,2,30,6,1995,2,18,BMW 1 SERIES,1,E01014198,0,1
2024122400722,2024,122400722,2,9,0,18,19,1,5,0,0,0,0,0,5,7,2,1,2,2,2,29,6,1995,2,8,BMW 1 SERIES,2,E01011781,0,4
2024201472668,2024,201472668,1,9,0,-1,1,1,5,-1,0,1,0,4,0,0,4,9,-1,6,1,19,4,1598,2,11,BMW 1 SERIES,9,E01009860,0,1
2024131415226,2024,131415226,1,9,0,-1,19,5,1,-1,0,8,1,4,1,11,1,1,-1,6,2,20,4,1496,2,7,BMW 1 SERIES,3,E01011822,0,4
2024461400812,2024,461400812,2,9,0,-1,19,3,7,-1,0,1,0,0,0,0,1,1,-1,6,1,22,5,1995,2,5,BMW 1 SERIES,6,E01024437,0,2
2024440229303,2024,440229303,1,9,0,18,19,6,2,0,0,0,2,0,1,11,3,1,6,6,1,17,4,1995,2,19,BMW 1 SERIES,6,E01035454,0,3
2024010543087,2024,010543087,2,9,0,9,9,5,4,0,0,8,0,0,0,0,3,1,6,6,2,30,6,1499,1,7,BMW 1 SERIES,2,E01003159,0,1
2024421402699,2024,421402699,1,9,0,-1,19,2,6,-1,0,7,0,0,0,0,1,9,-1,6,1,-1,-1,1496,2,7,BMW 1 SERIES,-1,-1,0,-1
2024131531323,2024,131531323,1,9,0,-1,11,7,3,-1,0,0,0,0,0,0,4,1,-1,2,1,32,6,1995,2,7,BMW 1 SERIES,1,E01010735,0,2
2024201492708,2024,201492708,2,9,0,-1,19,8,4,-1,0,8,0,10,7,0,4,1,-1,9,1,28,6,1496,2,9,BMW 1 SERIES,2,E01010051,0,1
2024991408115,2024,991408115,1,9,0,-1,19,5,1,-1,0,8,0,0,1,0,3,1,-1,9,1,18,4,1496,2,8,BMW 1 SERIES,7,-1,0,3
2024522500447,2024,522500447,1,9,0,18,19,6,2,0,0,0,0,0,0,0,2,1,6,6,1,40,7,1499,1,8,BMW 1 SERIES,5,E01014613,0,1
2024201423439,2024,201423439,1,9,0,-1,1,6,2,-1,0,0,0,0,0,0,2,1,-1,6,2,40,7,1499,1,5,BMW 1 SERIES,-1,-1,0,-1
2024522403273,2024,522403273,2,9,0,3,3,4,8,0,0,8,0,0,0,0,2,1,6,6,1,28,6,1995,2,10,BMW 1 SERIES,2,E01014526,0,1
2024010507290,2024,010507290,1,9,0,18,19,3,7,0,0,7,0,0,0,0,4,1,6,6,1,25,5,1995,2,7,BMW 1 SERIES,4,E01001463,0,1
2024041408502,2024,041408502,3,9,0,-1,19,5,1,-1,0,0,0,0,0,0,3,1,-1,1,1,28,6,1499,1,6,BMW 1 SERIES,2,E01005818,0,4
2024320567858,2024,320567858,1,9,0,-1,-1,8,4,0,0,1,0,0,0,0,1,1,6,6,2,-1,-1,1598,2,11,BMW 1 SERIES,-1,-1,0,-1
2024320333812,2024,320333812,2,9,0,-1,-1,4,8,0,0,8,0,0,0,0,1,1,-1,-1,1,50,8,1499,1,8,BMW 1 SERIES,10,E01034701,0,1
2024552401149,2024,552401149,1,9,0,11,11,1,5,0,0,0,1,0,1,4,1,1,6,6,1,23,5,1995,2,14,BMW 1 SERIES,9,E01034542,0,4
2024430450785,2024,430450785,2,9,0,16,19,1,6,0,0,0,0,0,0,0,3,1,6,6,2,42,7,1499,8,0,BMW 1 SERIES,8,E01017718,0,1
2024461408985,2024,461408985,1,9,0,-1,19,5,1,-1,0,0,0,0,0,0,1,1,-1,1,1,27,6,1995,2,13,BMW 1 SERIES,3,E01021131,0,4
2024311448847,2024,311448847,1,9,0,-1,19,2,6,-1,0,0,0,0,0,0,3,1,-1,1,1,31,6,1995,1,16,BMW 1 SERIES,2,E01028271,0,1
2024991438490,2024,991438490,1,9,0,-1,9,2,8,-1,0,5,0,0,0,0,4,1,-1,9,2,66,10,1499,1,0,BMW 1 SERIES,-1,-1,0,-1
2024041422185,2024,041422185,1,9,0,-1,-1,-1,-1,-1,-1,0,-1,-1,-1,0,-1,9,-1,6,3,-1,-1,1995,2,18,BMW 1 SERIES,-1,-1,0,-1
2024340WN2332,2024,340WN2332,1,9,0,-1,19,6,2,-1,0,6,0,0,1,0,3,1,-1,6,2,26,6,1995,2,7,BMW 1 SERIES,1,E01027153,0,3
202454B168324,2024,54B168324,3,9,0,4,4,3,7,0,0,0,0,0,0,0,2,1,6,6,1,62,9,1499,1,6,BMW 1 SERIES,7,E01033861,0,1
2024201527245,2024,201527245,1,9,0,-1,4,5,1,-1,0,1,0,0,0,0,1,2,-1,9,1,23,5,1995,2,15,BMW 1 SERIES,10,E01010150,0,3
2024501458804,2024,501458804,1,9,0,-1,19,1,5,-1,0,0,0,0,0,0,1,1,-1,6,1,31,6,1995,2,10,BMW 1 SERIES,6,E01032091,0,4
2024622500011,2024,622500011,1,9,0,11,11,8,4,0,0,0,0,0,0,0,1,1,6,6,1,46,8,1995,2,9,BMW 1 SERIES,1,W01001880,0,2
2024211515718,2024,211515718,2,9,0,-1,5,5,1,-1,0,2,0,0,0,0,1,1,-1,6,1,45,7,1995,1,14,BMW 1 SERIES,7,E01010518,0,3
2024461397368,2024,461397368,1,9,0,-1,19,4,6,-1,0,0,0,4,0,0,3,1,-1,7,2,42,7,1995,2,3,BMW 1 SERIES,3,E01016070,0,1
2024010547716,2024,010547716,2,9,0,99,99,9,9,99,99,9,9,99,9,99,9,9,6,6,3,-1,-1,1598,1,11,BMW 1 SERIES,3,E01001492,0,1
2024471448757,2024,471448757,1,9,0,-1,10,4,2,-1,0,0,0,0,0,0,2,9,-1,6,2,41,7,1995,2,16,BMW 1 SERIES,8,E01020963,0,1
2024371409878,2024,371409878,2,9,0,-1,19,7,3,-1,0,8,0,0,0,0,1,1,-1,2,2,39,7,1995,2,14,BMW 1 SERIES,9,E01030193,0,2
2024010496675,2024,010496675,1,9,0,18,19,1,5,0,0,2,0,0,0,0,1,1,6,6,1,29,6,1598,1,11,BMW 1 SERIES,6,E01003702,0,4
2024111462060,2024,111462060,2,9,0,-1,7,6,2,-1,0,4,0,0,0,0,3,1,-1,6,2,52,8,1995,2,14,BMW 1 SERIES,-1,-1,0,-1
2024010535410,2024,010535410,2,9,0,99,99,9,9,99,99,9,9,99,9,99,9,9,6,6,3,-1,-1,1499,1,6,BMW 1 SERIES,5,E01000745,0,1
2024421440345,2024,421440345,1,9,0,-1,19,4,1,-1,0,0,0,0,0,0,1,9,-1,6,1,-1,-1,1499,1,9,BMW 1 SERIES,-1,-1,0,-1
2024451422565,2024,451422565,1,9,0,-1,3,8,4,-1,0,0,0,0,0,0,2,1,-1,9,2,43,7,1995,2,14,BMW 1 SERIES,4,W01000763,0,5
2024010509169,2024,010509169,1,9,0,7,7,5,8,0,0,1,0,0,0,0,4,1,6,6,1,33,6,1598,1,12,BMW 1 SERIES,6,E01030699,0,3
2024061519369,2024,061519369,2,9,0,-1,9,2,8,-1,0,8,0,99,0,0,1,1,-1,6,3,-1,-1,1995,2,9,BMW 1 SERIES,-1,-1,0,-1
2024010528491,2024,010528491,1,9,0,3,3,9,9,99,99,9,9,99,9,99,2,9,2,2,2,29,6,1496,2,8,BMW 1 SERIES,6,E01003149,0,1
2024010531114,2024,010531114,2,9,0,4,4,1,5,0,0,0,0,0,0,0,1,1,2,2,2,23,5,1499,1,3,BMW 1 SERIES,7,E01003696,0,2
2024010539442,2024,010539442,1,9,0,99,99,9,9,99,99,9,9,99,9,99,9,9,6,6,1,36,7,1499,1,4,BMW 1 SERIES,5,E01002169,0,2
2024401496621,2024,401496621,1,9,0,-1,19,7,3,-1,0,0,2,0,1,0,1,1,-1,6,1,24,5,1499,1,9,BMW 1 SERIES,7,E01017517,0,1
2024371471182,2024,371471182,1,9,0,-1,9,1,5,-1,0,8,0,0,0,0,1,1,-1,9,1,24,5,1995,2,14,BMW 1 SERIES,9,E01030191,0,2
2024332401053,2024,332401053,1,9,0,-1,19,6,2,-1,0,0,1,10,0,0,2,1,-1,9,1,22,5,1995,2,19,BMW 1 SERIES,3,E01026959,0,1
2024501415367,2024,501415367,1,9,0,-1,19,2,6,-1,0,8,1,0,7,7,4,1,-1,9,2,48,8,1496,2,9,BMW 1 SERIES,7,E01020176,0,4
2024201438284,2024,201438284,1,9,0,-1,19,5,1,-1,0,8,0,0,0,0,1,9,-1,9,2,42,7,1995,2,6,BMW 1 SERIES,1,E01014113,0,4
2024010513945,2024,010513945,1,9,0,18,19,1,5,0,0,1,0,4,0,0,3,1,6,6,2,74,10,1499,1,5,BMW 1 SERIES,6,E01002639,0,1
2024421447835,2024,421447835,2,9,0,-1,19,3,6,-1,0,0,0,0,0,0,2,1,-1,9,1,47,8,1597,1,17,BMW 1 SERIES,6,E01001415,0,4
2024010514483,2024,010514483,1,9,0,99,99,9,9,99,99,9,9,99,9,99,2,9,6,6,1,35,6,1499,1,7,BMW 1 SERIES,2,E01000102,0,1
2024010504384,2024,010504384,1,9,0,99,99,9,9,99,99,9,9,99,9,99,9,9,6,6,2,51,8,1496,2,8,BMW 1 SERIES,2,E01003325,0,1
2024131517099,2024,131517099,1,9,0,-1,19,1,5,-1,0,0,1,10,7,4,4,1,-1,9,1,25,5,1496,2,7,BMW 1 SERIES,3,E01011261,0,3
2024631492556,2024,631492556,1,9,0,-1,19,6,2,-1,0,0,5,0,1,10,1,1,-1,6,1,25,5,1596,1,17,BMW 1 SERIES,7,W01000451,0,1
2024461480896,2024,461480896,2,9,0,-1,19,3,7,-1,0,0,0,0,0,0,3,1,-1,9,1,54,8,1499,1,6,BMW 1 SERIES,5,E01016034,0,1
2024302400870,2024,302400870,2,9,0,18,19,2,6,0,0,8,0,0,7,11,1,1,2,2,1,21,5,1499,1,6,BMW 1 SERIES,8,E01034254,0,1
2024320392900,2024,320392900,2,9,0,10,10,2,8,0,0,1,0,0,0,0,2,1,6,6,2,37,7,1995,2,13,BMW 1 SERIES,-1,-1,0,-1
2024010505515,2024,010505515,1,9,0,18,19,5,1,0,0,1,0,11,3,10,1,1,6,6,2,35,6,1496,2,8,BMW 1 SERIES,-1,-1,0,-1
2024061477592,2024,061477592,3,9,0,-1,19,2,6,-1,0,0,0,0,0,0,4,1,-1,9,1,57,9,1496,2,1,BMW 1 SERIES,-1,-1,0,-1
2024201446207,2024,201446207,1,9,0,-1,2,0,0,-1,0,1,0,0,0,0,3,1,-1,6,1,36,7,1598,1,11,BMW 1 SERIES,-1,-1,0,-1
2024141437329,2024,141437329,2,9,0,-1,13,5,1,-1,0,0,0,0,0,0,4,9,-1,6,3,-1,-1,1995,2,14,BMW 1 SERIES,-1,-1,0,-1
2024231437795,2024,231437795,2,9,0,-1,19,2,6,-1,0,0,1,4,0,0,1,1,-1,1,1,46,8,1995,2,13,BMW 1 SERIES,1,E01009275,0,4
2024131524098,2024,131524098,3,9,0,-1,19,3,7,-1,0,0,0,0,0,0,2,1,-1,9,1,51,8,1995,2,17,BMW 1 SERIES,1,E01006880,0,4
2024610009224,2024,610009224,1,9,0,18,19,1,5,0,0,4,0,0,0,0,2,1,6,6,2,72,10,1995,2,14,BMW 1 SERIES,5,W01001521,0,1
2024440433006,2024,440433006,3,9,0,18,19,2,6,0,0,0,0,0,0,0,1,1,6,6,1,20,4,1995,2,13,BMW 1 SERIES,2,E01015293,0,4
202417M116124,2024,17M116124,3,9,0,-1,2,0,0,-1,0,0,0,0,0,0,0,1,-1,9,1,-1,-1,1995,2,5,BMW 1 SERIES,-1,-1,0,-1
2024061504923,2024,061504923,1,9,0,-1,1,3,7,-1,0,8,0,0,0,0,4,1,-1,6,3,-1,-1,1995,2,2,BMW 1 SERIES,-1,-1,0,-1
2024552401320,2024,552401320,2,9,0,9,9,8,6,0,0,5,0,0,0,0,3,1,6,6,2,27,6,1499,1,7,BMW 1 SERIES,7,E01020359,0,1
2024010511632,2024,010511632,1,8,0,99,99,9,9,99,99,9,9,99,9,99,2,9,1,1,2,45,7,1499,1,1,BMW 1 SERIES,7,E01001871,0,1
2024440395798,2024,440395798,1,9,0,17,19,3,7,0,0,0,0,0,1,4,1,1,6,6,1,19,4,1995,2,20,BMW 1 SERIES,5,E01017317,0,3
2024320642844,2024,320642844,1,9,0,-1,-1,2,6,0,0,8,1,0,2,9,1,1,6,6,1,40,7,1995,2,17,BMW 1 SERIES,-1,-1,0,-1
2024461454605,2024,461454605,1,9,0,-1,19,5,1,-1,0,0,0,0,2,0,4,1,-1,6,1,23,5,1995,2,11,BMW 1 SERIES,2,E01024192,0,1
2024440050092,2024,440050092,2,9,0,18,19,1,5,0,0,1,0,0,0,0,2,1,6,6,2,55,8,1499,1,1,BMW 1 SERIES,10,E01023047,0,2
2024302401225,2024,302401225,1,9,0,6,6,8,8,0,0,2,0,0,0,0,3,1,6,6,2,25,5,1995,2,15,BMW 1 SERIES,-1,-1,0,-1
2024010520100,2024,010520100,2,9,0,18,19,9,9,99,99,9,9,99,9,99,9,9,6,6,3,-1,-1,1496,2,2,BMW 1 SERIES,-1,-1,0,-1
2024451459613,2024,451459613,2,9,0,-1,2,0,0,-1,9,0,0,4,0,0,1,1,-1,6,-1,-1,-1,1499,1,3,BMW 1 SERIES,-1,-1,0,-1
2024361443473,2024,361443473,2,9,0,-1,19,7,3,-1,0,0,2,0,0,0,1,1,-1,2,1,61,9,1995,2,5,BMW 1 SERIES,6,E01026451,0,1
2024131513037,2024,131513037,1,9,0,-1,19,5,1,-1,0,2,0,0,0,0,4,1,-1,6,2,26,6,1496,2,9,BMW 1 SERIES,2,E01010682,0,1
2024211451634,2024,211451634,1,9,0,-1,19,1,5,-1,0,0,0,0,0,0,1,1,-1,6,2,27,6,1598,2,11,BMW 1 SERIES,-1,-1,0,-1
2024531498992,2024,531498992,2,9,0,-1,10,1,5,-1,0,5,0,0,0,0,2,9,-1,6,2,43,7,1598,1,12,BMW 1 SERIES,8,E01034800,0,1
202417L305424,2024,17L305424,1,9,0,-1,19,1,5,-1,0,8,0,0,0,0,1,1,-1,9,1,47,8,1995,2,14,BMW 1 SERIES,-1,-1,0,-1
2024141478238,2024,141478238,1,9,0,-1,19,7,3,-1,0,2,0,0,0,0,2,1,-1,9,2,48,8,1995,2,12,BMW 1 SERIES,1,E01007352,0,1
2024522500037,2024,522500037,1,9,0,18,19,4,8,0,0,0,0,7,0,0,1,1,6,6,2,37,7,1496,2,0,BMW 1 SERIES,2,E01014683,0,1
2024010489149,2024,010489149,2,9,0,18,19,2,6,0,0,1,0,0,0,0,1,1,6,6,1,19,4,1596,1,20,BMW 1 SERIES,4,E01004303,0,1
2024010537344,2024,010537344,1,9,0,18,19,1,5,0,0,2,0,0,0,0,1,1,6,6,1,26,6,1599,1,17,BMW 1 SERIES,2,E01035677,0,1
2024440170118,2024,440170118,2,9,0,18,19,2,6,0,0,0,0,0,0,0,1,1,6,6,3,-1,-1,1598,1,12,BMW 1 SERIES,-1,-1,0,-1
2024201453040,2024,201453040,1,9,0,-1,13,2,6,-1,0,1,0,10,1,0,1,9,-1,6,-1,-1,-1,1499,1,4,BMW 1 SERIES,-1,-1,0,-1
2024010540177,2024,010540177,2,9,0,18,19,3,7,0,0,8,0,0,0,0,1,1,6,6,1,36,7,1995,1,18,BMW 1 SERIES,7,E01003270,0,2
2024461443326,2024,461443326,1,9,0,-1,19,2,6,-1,0,0,0,0,7,0,3,1,-1,2,1,24,5,1499,1,9,BMW 1 SERIES,6,E01024847,0,1
2024221498096,2024,221498096,2,9,0,-1,19,2,7,-1,0,1,0,0,0,0,1,1,-1,6,2,33,6,1995,2,12,BMW 1 SERIES,5,E01032212,0,3
2024451471949,2024,451471949,1,9,0,-1,19,5,1,-1,0,0,0,0,0,0,1,1,-1,6,1,28,6,1995,2,18,BMW 1 SERIES,10,E01030937,0,3
2024010543820,2024,010543820,1,9,0,18,19,7,3,0,0,3,1,10,0,0,1,1,6,6,1,20,4,1496,2,9,BMW 1 SERIES,4,E01021808,0,2
2024070183650,2024,070183650,1,9,0,14,14,1,6,0,0,1,0,0,0,0,1,1,6,6,1,25,5,1598,1,10,BMW 1 SERIES,5,E01018613,0,1
2024501457801,2024,501457801,2,9,0,-1,7,3,5,-1,9,5,1,0,0,0,4,1,-1,6,2,20,4,1496,2,5,BMW 1 SERIES,8,E01015251,0,2
2024552401547,2024,552401547,1,9,0,18,19,8,4,0,0,0,0,0,0,0,1,1,6,6,1,20,4,1995,2,13,BMW 1 SERIES,5,E01029208,0,4
2024061394577,2024,061394577,1,9,0,-1,19,5,1,-1,0,8,0,0,0,0,1,1,-1,2,1,50,8,1995,2,19,BMW 1 SERIES,2,E01004855,0,2
2024991480760,2024,991480760,1,9,0,-1,19,6,1,-1,0,0,0,0,0,0,1,1,-1,9,1,21,5,1499,1,1,BMW 1 SERIES,-1,-1,0,-1
2024311447048,2024,311447048,2,9,0,-1,19,5,1,-1,0,0,0,0,0,0,1,1,-1,2,1,37,7,1499,1,0,BMW 1 SERIES,-1,-1,0,-1
2024440021715,2024,440021715,1,9,0,18,19,6,2,0,0,0,5,0,7,4,1,1,2,2,1,27,6,1598,2,11,BMW 1 SERIES,3,E01022993,0,1
2024141503896,2024,141503896,1,9,0,-1,12,7,5,-1,0,1,0,0,0,0,1,1,-1,9,2,47,8,1496,2,9,BMW 1 SERIES,2,E01007872,0,1
2024010520025,2024,010520025,2,9,0,-1,-1,9,9,99,99,9,9,99,9,99,1,9,6,6,3,-1,-1,1995,1,18,BMW 1 SERIES,2,E01002669,0,1
2024010539737,2024,010539737,1,9,0,18,19,1,5,0,0,2,0,0,0,0,1,1,6,6,1,25,5,1499,1,2,BMW 1 SERIES,5,E01002010,0,1
2024061460047,2024,061460047,1,9,0,-1,19,4,8,-1,0,8,0,0,0,0,1,1,-1,9,2,40,7,1499,1,0,BMW 1 SERIES,2,E01005337,0,1
2024543800824,2024,543800824,1,9,0,11,11,3,7,0,0,0,0,0,5,6,4,1,6,6,1,67,10,1995,2,13,BMW 1 SERIES,4,W01001790,0,4
2024010545278,2024,010545278,1,9,0,18,19,2,6,0,0,8,0,0,0,0,1,1,2,2,1,32,6,1499,1,1,BMW 1 SERIES,4,E01002681,0,2
2024101502322,2024,101502322,1,9,0,-1,19,1,5,-1,0,8,0,0,7,0,1,1,-1,6,1,18,4,1995,2,8,BMW 1 SERIES,1,E01008389,0,1
2024531469458,2024,531469458,1,9,0,-1,9,5,3,-1,0,8,0,0,0,0,3,1,-1,6,2,65,9,1995,2,14,BMW 1 SERIES,5,E01022218,0,3
2024440309159,2024,440309159,1,9,0,18,19,7,3,0,0,0,5,0,1,2,1,1,6,6,1,25,5,1995,2,12,BMW 1 SERIES,6,E01034729,0,4
2024221396412,2024,221396412,2,9,0,-1,9,8,5,-1,0,4,0,0,0,0,1,9,-1,6,2,59,9,1995,2,12,BMW 1 SERIES,4,E01014026,0,2
2024440455008,2024,440455008,2,9,0,4,4,7,3,0,0,1,0,0,0,0,1,1,1,1,2,28,6,1496,2,7,BMW 1 SERIES,3,E01017080,0,2
2024201453219,2024,201453219,1,9,0,-1,19,4,7,-1,0,8,0,0,0,0,4,1,-1,6,1,30,6,1995,2,19,BMW 1 SERIES,3,E01008973,0,1
2024622400867,2024,622400867,2,9,0,18,19,1,5,0,0,1,0,0,0,0,1,1,6,6,1,29,6,1995,2,11,BMW 1 SERIES,2,W01001942,0,4
2024221455391,2024,221455391,1,9,0,-1,19,1,5,-1,0,6,0,0,0,0,3,9,-1,6,2,72,10,1995,2,9,BMW 1 SERIES,6,E01032460,0,1
202417M218424,2024,17M218424,2,9,0,-1,8,2,8,-1,0,8,0,0,0,0,1,1,-1,9,1,24,5,1995,2,11,BMW 1 SERIES,-1,-1,0,-1
2024010511183,2024,010511183,2,9,0,18,19,1,5,0,0,1,0,4,0,0,3,1,6,6,1,30,6,1598,1,10,BMW 1 SERIES,4,E01002030,0,1
2024371534978,2024,371534978,1,9,0,-1,19,5,1,-1,0,0,0,0,1,0,3,1,-1,6,2,31,6,1995,2,9,BMW 1 SERIES,3,E01029998,0,4
2024461471052,2024,461471052,1,9,0,-1,13,1,5,-1,0,0,0,0,0,0,1,9,-1,6,1,-1,-1,1995,2,16,BMW 1 SERIES,-1,-1,0,-1
2024371455524,2024,371455524,2,9,0,-1,3,5,1,-1,0,4,0,0,0,0,2,1,-1,9,1,34,6,1995,1,13,BMW 1 SERIES,5,E01029949,0,1
2024430430741,2024,430430741,3,9,0,8,8,5,7,0,0,4,0,0,0,0,2,1,6,6,2,-1,-1,1995,2,16,BMW 1 SERIES,-1,-1,0,-1
2024501411360,2024,501411360,1,9,0,-1,19,4,7,-1,0,0,0,0,0,0,1,1,-1,9,1,44,7,1499,1,1,BMW 1 SERIES,3,E01000404,0,5
2024440219920,2024,440219920,2,9,0,7,7,8,2,0,0,8,0,0,0,0,1,1,6,6,1,36,7,1995,1,19,BMW 1 SERIES,9,E01034710,0,4
2024430201704,2024,430201704,2,9,0,1,1,2,6,0,0,0,0,0,0,0,2,1,6,6,1,-1,-1,1995,2,14,BMW 1 SERIES,-1,-1,0,-1
2024522401399,2024,522401399,1,9,0,12,12,2,6,0,0,3,0,0,0,0,1,1,6,6,1,46,8,1499,1,2,BMW 1 SERIES,6,E01014848,0,2
2024471516791,2024,471516791,1,9,0,-1,7,1,3,-1,0,5,0,0,0,0,2,1,-1,9,2,34,6,1995,2,13,BMW 1 SERIES,10,E01035350,0,1
2024320292124,2024,320292124,1,9,0,7,7,8,2,0,0,6,0,0,0,0,4,1,6,6,2,25,5,1995,2,14,BMW 1 SERIES,3,E01026235,0,1
2024401418381,2024,401418381,1,9,0,-1,-1,-1,-1,-1,-1,-1,-1,-1,-1,0,-1,9,-1,6,3,-1,-1,1499,1,7,BMW 1 SERIES,-1,-1,0,-1
2024340WN5152,2024,340WN5152,2,9,0,-1,3,1,5,-1,0,2,0,0,0,0,2,1,-1,6,2,41,7,1995,1,14,BMW 1 SERIES,5,E01027247,0,1
2024131487680,2024,131487680,2,9,0,-1,19,3,7,-1,0,0,0,0,0,0,3,1,-1,9,2,33,6,1995,2,7,BMW 1 SERIES,8,E01011216,0,3
2024161423238,2024,161423238,2,9,0,-1,19,5,8,-1,0,1,0,0,0,0,1,1,-1,6,1,23,5,1499,1,8,BMW 1 SERIES,6,E01013125,0,2
2024430415027,2024,430415027,1,9,0,18,19,8,4,0,0,0,0,0,0,0,3,1,6,6,2,80,11,1499,1,6,BMW 1 SERIES,10,E01017894,0,1