collision_index,collision_year,collision_ref_no,vehicle_reference,vehicle_type,towing_and_articulation,vehicle_manoeuvre_historic,vehicle_manoeuvre,vehicle_direction_from,vehicle_direction_to,vehicle_location_restricted_lane_historic,vehicle_location_restricted_lane,junction_location,skidding_and_overturning,hit_object_in_carriageway,vehicle_leaving_carriageway,hit_object_off_carriageway,first_point_of_impact,vehicle_left_hand_drive,journey_purpose_of_driver_historic,journey_purpose_of_driver,sex_of_driver,age_of_driver,age_band_of_driver,engine_capacity_cc,propulsion_code,age_of_vehicle,generic_make_model,driver_imd_decile,lsoa_of_driver,escooter_flag,driver_distance_banding
2024340WN0322,2024,340WN0322,2,9,0,-1,3,8,4,-1,0,0,0,0,0,0,2,1,-1,1,1,28,6,1598,2,12,BMW 1 SERIES,3,E01027188,0,3
2024440169010,2024,440169010,1,9,0,9,9,6,4,0,0,8,0,0,0,0,4,1,6,6,2,39,7,1995,2,13,BMW 1 SERIES,-1,-1,0,-1
2024010535454,2024,010535454,1,9,0,18,19,1,5,0,0,4,0,0,3,0,4,1,6,6,1,22,5,1995,2,8,BMW 1 SERIES,5,E01002344,0,1
2024061461706,2024,061461706,1,9,0,-1,19,4,1,-1,0,1,1,0,1,0,1,1,-1,6,1,45,7,1995,2,13,BMW 1 SERIES,1,E01006239,0,1
2024552401042,2024,552401042,1,9,0,18,19,2,6,0,0,0,0,0,0,0,1,1,6,6,1,33,6,1598,2,11,BMW 1 SERIES,1,E01027519,0,5
2024061442060,2024,061442060,2,9,-1,-1,-1,-1,-1,-1,0,0,0,0,0,0,-1,9,-1,6,3,26,6,1499,1,7,BMW 1 SERIES,3,E01005013,0,1
2024061505952,2024,061505952,1,9,0,-1,19,5,1,-1,0,0,0,0,0,0,1,9,-1,6,2,24,5,1499,1,7,BMW 1 SERIES,9,E01004968,0,1
2024311491064,2024,311491064,1,9,0,-1,19,3,1,-1,0,0,1,0,0,0,1,1,-1,1,1,26,6,1995,2,7,BMW 1 SERIES,5,E01013937,0,3
2024010536985,2024,010536985,2,9,0,99,99,9,9,99,99,9,9,99,9,99,1,9,6,6,1,51,8,1995,1,19,BMW 1 SERIES,6,E01002602,0,1
2024010498710,2024,010498710,1,9,0,5,5,5,1,0,0,1,0,0,0,0,1,1,6,6,1,33,6,1597,1,16,BMW 1 SERIES,4,E01001174,0,1
2024501398417,2024,501398417,1,9,0,-1,4,2,6,-1,0,1,1,0,0,0,0,9,-1,1,2,35,6,1995,2,4,BMW 1 SERIES,6,E01020160,0,4
2024451412781,2024,451412781,3,9,0,-1,19,7,3,-1,0,0,0,0,0,0,1,1,-1,9,1,31,6,1499,1,8,BMW 1 SERIES,5,E01030677,0,1
202460Q016948,2024,60Q016948,1,9,0,18,19,5,1,0,0,1,0,0,0,0,2,1,6,6,1,29,6,1995,2,12,BMW 1 SERIES,-1,-1,0,-1
2024430147099,2024,430147099,1,9,0,18,19,2,6,0,0,8,0,0,0,0,1,1,6,6,1,26,6,1995,2,9,BMW 1 SERIES,-1,-1,0,-1
2024010534918,2024,010534918,1,9,0,18,19,1,5,0,0,0,0,0,0,0,1,1,6,6,2,72,10,1496,2,9,BMW 1 SERIES,8,E01001399,0,1
2024010514310,2024,010514310,1,9,9,99,99,9,9,99,99,0,9,99,9,99,9,9,6,6,3,-1,-1,1599,1,15,BMW 1 SERIES,9,E01003837,0,1
2024371395354,2024,371395354,2,9,0,-1,4,-1,-1,-1,0,0,0,0,0,0,2,1,-1,9,2,70,10,1499,1,1,BMW 1 SERIES,6,E01030063,0,4
2024010541290,2024,010541290,1,9,0,18,19,1,5,0,0,1,0,0,0,0,1,1,6,6,1,59,9,1598,1,9,BMW 1 SERIES,3,E01001557,0,1
2024501445764,2024,501445764,3,9,0,-1,19,4,6,-1,0,0,0,0,0,0,1,1,-1,9,1,53,8,1995,2,10,BMW 1 SERIES,3,E01020294,0,4
2024010509930,2024,010509930,1,9,0,17,19,7,3,0,0,1,2,7,1,4,1,1,6,6,1,21,5,1995,2,9,BMW 1 SERIES,2,E01004324,0,1
2024061543506,2024,061543506,1,9,0,-1,19,-1,-1,-1,0,0,0,0,0,0,3,1,-1,6,2,40,7,1995,2,9,BMW 1 SERIES,3,E01005535,0,1
2024131403410,2024,131403410,1,9,0,-1,19,5,1,-1,0,1,0,0,7,10,1,1,-1,6,1,31,6,1995,2,14,BMW 1 SERIES,1,E01011466,0,2
2024311518251,2024,311518251,1,9,0,-1,13,2,6,-1,0,8,0,0,0,0,3,1,-1,6,1,24,5,1995,2,6,BMW 1 SERIES,1,E01013871,0,1
2024522500207,2024,522500207,1,9,0,10,10,6,2,0,0,8,0,0,0,0,2,1,6,6,1,39,7,1995,2,14,BMW 1 SERIES,3,-1,0,5
2024440365535,2024,440365535,1,9,0,16,19,4,7,0,0,0,0,0,7,4,1,1,6,6,1,43,7,1995,2,11,BMW 1 SERIES,-1,-1,0,-1
2024041436164,2024,041436164,1,9,0,-1,13,7,5,-1,0,3,0,0,0,0,1,1,-1,6,1,22,5,1598,1,10,BMW 1 SERIES,1,E01025493,0,2
2024161452892,2024,161452892,2,9,0,-1,2,0,0,-1,0,0,0,0,0,0,2,1,-1,6,-1,-1,-1,1995,2,10,BMW 1 SERIES,-1,-1,0,-1
2024461440396,2024,461440396,1,9,0,-1,19,4,8,-1,0,0,0,0,0,0,1,1,-1,2,1,21,5,1995,2,17,BMW 1 SERIES,5,E01024595,0,1
2024010491159,2024,010491159,1,9,0,9,9,7,5,0,0,1,0,0,0,0,1,1,6,6,1,23,5,1995,2,10,BMW 1 SERIES,-1,-1,0,-1
2024430411986,2024,430411986,1,9,0,9,9,6,4,0,0,6,0,0,0,0,3,1,6,6,1,46,8,1995,2,11,BMW 1 SERIES,7,E01033852,0,1
2024501432823,2024,501432823,2,9,0,-1,19,5,1,-1,0,1,0,0,0,0,1,1,-1,9,2,32,6,1995,2,11,BMW 1 SERIES,4,E01019064,0,1
2024101470063,2024,101470063,1,9,0,-1,19,7,3,-1,0,8,2,0,3,10,1,1,-1,9,2,19,4,1598,1,10,BMW 1 SERIES,9,E01008520,0,1
2024201533560,2024,201533560,2,9,0,-1,2,0,0,-1,0,0,0,0,0,0,2,2,-1,9,2,41,7,1995,2,12,BMW 1 SERIES,1,E01009129,0,1
2024201435223,2024,201435223,1,9,0,-1,19,4,6,-1,0,8,1,10,0,0,3,9,-1,9,1,20,4,1995,2,9,BMW 1 SERIES,1,E01010364,0,1
2024471483214,2024,471483214,2,9,0,-1,5,-1,-1,-1,-1,0,0,99,0,0,4,1,-1,6,2,59,9,1995,2,10,BMW 1 SERIES,4,E01020918,0,1
2024520403369,2024,520403369,1,9,0,18,19,7,3,0,0,0,0,11,0,0,1,1,6,6,1,27,6,1995,2,10,BMW 1 SERIES,8,E01029033,0,1
2024351428241,2024,351428241,1,9,0,-1,9,4,2,-1,0,1,0,0,0,0,3,1,-1,6,3,-1,-1,1596,1,17,BMW 1 SERIES,-1,-1,0,-1
2024501410873,2024,501410873,1,9,0,-1,9,3,1,-1,0,8,0,0,0,0,3,1,-1,9,1,30,6,1600,1,12,BMW 1 SERIES,5,E01001275,0,5
2024010536494,2024,010536494,1,9,0,9,9,8,7,0,0,5,0,0,0,0,1,1,6,6,1,37,7,1499,1,2,BMW 1 SERIES,5,E01000037,0,1
2024332400059,2024,332400059,1,9,0,-1,4,2,6,-1,0,4,0,0,0,0,2,1,-1,6,1,42,7,1995,2,12,BMW 1 SERIES,3,E01025997,0,3
2024451462546,2024,451462546,1,9,0,-1,19,1,5,-1,0,0,0,0,0,0,1,1,-1,2,1,26,6,1995,2,16,BMW 1 SERIES,7,E01030968,0,1
2024141467987,2024,141467987,1,9,0,-1,1,1,5,-1,0,1,0,0,0,0,2,1,-1,6,2,41,7,1995,2,5,BMW 1 SERIES,6,E01007703,0,1
2024221517088,2024,221517088,3,9,0,-1,2,0,0,-1,0,0,0,0,0,0,2,1,-1,9,1,35,6,1496,2,9,BMW 1 SERIES,1,E01010486,0,4
2024302400850,2024,302400850,2,9,0,18,19,1,5,0,0,0,0,0,5,6,2,1,6,6,1,47,8,1995,1,14,BMW 1 SERIES,10,E01025914,0,4
2024131444467,2024,131444467,1,9,0,-1,5,5,2,-1,9,6,0,0,0,0,4,1,-1,9,1,47,8,1995,2,8,BMW 1 SERIES,1,E01011917,0,1
2024440254322,2024,440254322,3,9,0,18,19,7,3,0,0,1,0,0,0,0,1,1,6,6,2,21,5,1499,1,9,BMW 1 SERIES,6,E01022656,0,2
2024201436684,2024,201436684,1,9,0,-1,4,2,6,-1,0,5,0,0,0,0,2,9,-1,6,2,30,6,1499,1,5,BMW 1 SERIES,2,E01009623,0,1
2024010529791,2024,010529791,2,9,0,99,99,9,9,99,99,9,9,99,9,99,1,9,6,6,3,46,8,1598,1,9,BMW 1 SERIES,4,E01000114,0,1
2024311532095,2024,311532095,1,9,0,-1,19,1,1,-1,0,1,0,0,0,0,1,2,-1,6,1,54,8,1995,2,15,BMW 1 SERIES,-1,-1,0,-1
2024371466709,2024,371466709,2,9,0,-1,19,3,7,-1,0,0,0,0,0,0,4,1,-1,2,2,33,6,2000,2,15,BMW 1 SERIES,8,E01030155,0,1
2024201418409,2024,201418409,2,9,0,-1,7,3,4,-1,0,6,0,0,0,0,3,9,-1,2,2,57,9,1995,2,11,BMW 1 SERIES,2,E01010071,0,1
2024141432868,2024,141432868,1,9,0,-1,2,0,0,-1,0,0,0,0,1,0,2,1,-1,6,-1,-1,-1,1596,1,18,BMW 1 SERIES,-1,-1,0,-1
2024010548003,2024,010548003,2,9,0,99,99,9,9,99,99,9,9,99,9,99,1,9,6,6,3,43,7,1496,2,8,BMW 1 SERIES,2,E01003633,0,3
2024430375055,2024,430375055,1,9,0,5,5,3,7,0,0,0,0,0,0,0,1,1,6,6,1,47,8,1995,2,14,BMW 1 SERIES,-1,-1,0,-1
2024010510564,2024,010510564,2,9,0,99,99,9,9,99,99,9,9,99,9,99,1,9,6,6,1,21,5,1598,1,11,BMW 1 SERIES,5,E01002236,0,1
2024041485221,2024,041485221,1,9,0,-1,19,7,3,-1,0,0,0,0,0,0,1,1,-1,9,2,41,7,1995,2,5,BMW 1 SERIES,1,E01025171,0,4
2024010543185,2024,010543185,1,9,0,18,19,3,7,0,0,0,0,0,0,0,4,1,2,2,2,57,9,1499,1,4,BMW 1 SERIES,3,E01000622,0,2
2024161501623,2024,161501623,2,9,0,-1,19,7,3,-1,0,8,0,0,0,0,3,1,-1,6,2,54,8,1995,2,15,BMW 1 SERIES,8,E01013055,0,2
2024371492455,2024,371492455,2,9,0,-1,19,7,3,-1,0,0,0,0,1,0,1,1,-1,2,1,32,6,1598,1,12,BMW 1 SERIES,4,E01030187,0,1
2024501529469,2024,501529469,2,9,0,-1,3,7,3,-1,0,1,0,0,0,0,2,1,-1,6,2,34,6,1995,2,14,BMW 1 SERIES,5,E01018765,0,3
2024440043989,2024,440043989,1,9,0,13,13,1,5,0,0,8,0,0,0,0,1,1,6,6,1,74,10,1995,2,14,BMW 1 SERIES,3,E01017104,0,1
2024501457694,2024,501457694,1,9,0,-1,3,3,1,-1,0,4,0,0,0,0,2,1,-1,9,1,32,6,1995,2,11,BMW 1 SERIES,6,E01020255,0,1
2024471452159,2024,471452159,2,9,0,-1,10,5,1,-1,0,1,0,0,0,0,2,1,-1,7,2,42,7,1995,2,14,BMW 1 SERIES,4,E01020914,0,1
2024430416443,2024,430416443,1,9,0,9,9,3,5,0,0,1,0,0,0,0,1,1,1,1,1,28,6,1995,2,15,BMW 1 SERIES,-1,-1,0,-1
2024221447173,2024,221447173,1,9,0,-1,2,0,0,-1,0,0,0,0,0,0,3,1,-1,9,2,51,8,1596,1,17,BMW 1 SERIES,2,E01032239,0,1
2024351521580,2024,351521580,1,9,-1,-1,-1,-1,-1,-1,-1,1,-1,-1,-1,0,-1,9,-1,2,1,32,6,1995,2,12,BMW 1 SERIES,8,E01018287,0,1
2024531485651,2024,531485651,2,9,0,-1,19,3,7,-1,0,8,0,0,0,0,1,1,-1,9,1,24,5,2000,2,15,BMW 1 SERIES,2,E01022285,0,1
2024211468457,2024,211468457,1,9,0,-1,12,8,4,-1,0,0,0,0,0,0,0,9,-1,6,1,-1,-1,1499,1,0,BMW 1 SERIES,-1,-1,0,-1
2024010528059,2024,010528059,1,9,0,4,4,3,7,0,0,0,0,0,0,0,4,1,6,6,1,44,7,1995,1,18,BMW 1 SERIES,5,E01002611,0,1
2024440118878,2024,440118878,2,9,0,5,5,1,5,0,0,1,0,0,0,0,1,1,6,6,1,-1,-1,1596,1,19,BMW 1 SERIES,-1,-1,0,-1
2024622400644,2024,622400644,1,9,0,18,19,2,6,0,0,0,5,4,1,10,1,1,6,6,1,26,6,1995,2,15,BMW 1 SERIES,2,W01001049,0,2
2024421432238,2024,421432238,1,9,0,-1,19,7,3,-1,0,0,0,0,0,0,1,1,-1,9,2,48,8,1597,1,17,BMW 1 SERIES,7,E01021505,0,1
2024411460468,2024,411460468,2,9,0,-1,19,5,1,-1,0,1,0,0,0,0,1,1,-1,7,2,35,6,1499,1,5,BMW 1 SERIES,6,E01023317,0,1
2024501490710,2024,501490710,2,9,0,-1,19,3,7,-1,0,1,0,0,0,0,1,1,-1,9,2,52,8,2000,2,15,BMW 1 SERIES,2,E01020039,0,4
2024131499996,2024,131499996,2,9,0,-1,19,3,7,-1,0,8,0,0,0,0,3,1,-1,6,1,23,5,1598,2,11,BMW 1 SERIES,2,E01011359,0,2
2024101470607,2024,101470607,2,9,0,-1,4,6,3,-1,0,0,0,0,0,0,2,1,-1,9,1,29,6,1995,2,12,BMW 1 SERIES,3,E01034512,0,1
2024351539764,2024,351539764,1,9,0,-1,19,5,1,-1,0,1,1,0,7,0,1,1,-1,6,1,36,7,1995,2,15,BMW 1 SERIES,1,E01015647,0,1
2024010537231,2024,010537231,1,9,0,99,99,9,9,99,99,9,9,99,9,99,9,9,2,2,2,23,5,1598,1,12,BMW 1 SERIES,9,E01003680,0,1
2024421418558,2024,421418558,2,9,0,-1,2,0,0,-1,9,0,0,0,0,0,3,1,-1,6,-1,-1,-1,1499,1,3,BMW 1 SERIES,-1,-1,0,-1
2024231515564,2024,231515564,1,9,0,-1,9,6,4,-1,0,6,1,0,7,0,3,1,-1,1,1,54,8,1496,2,7,BMW 1 SERIES,8,E01009464,0,2
2024201455529,2024,201455529,2,9,0,-1,19,4,7,-1,0,0,0,0,0,0,1,1,-1,6,1,43,7,1496,2,7,BMW 1 SERIES,1,E01009002,0,1
2024552400700,2024,552400700,2,9,0,18,19,7,3,0,0,0,0,0,7,4,3,1,2,2,2,25,5,1496,2,9,BMW 1 SERIES,5,E01017586,0,5
2024320106704,2024,320106704,2,9,0,-1,-1,4,8,0,0,0,0,0,0,0,3,1,6,6,1,55,8,1496,2,4,BMW 1 SERIES,3,E01026068,0,1
2024351431724,2024,351431724,1,9,0,-1,13,1,5,-1,0,0,1,0,1,0,1,1,-1,6,1,53,8,1499,1,1,BMW 1 SERIES,5,E01018106,0,3
202417M118324,2024,17M118324,1,9,0,-1,4,6,2,-1,0,0,0,0,0,0,2,1,-1,2,1,25,5,1499,1,3,BMW 1 SERIES,9,E01032593,0,2
2024122400772,2024,122400772,4,9,0,2,2,0,0,0,0,0,0,0,0,0,2,1,6,6,1,21,5,1499,1,6,BMW 1 SERIES,7,E01013346,0,1
2024421529901,2024,421529901,1,9,0,-1,5,1,5,-1,0,1,0,0,0,0,1,1,-1,6,2,54,8,1995,1,14,BMW 1 SERIES,5,E01021954,0,1
2024371451735,2024,371451735,1,9,0,-1,5,2,2,-1,0,0,0,0,0,0,2,1,-1,6,2,53,8,1995,2,16,BMW 1 SERIES,6,E01029874,0,3
2024552400323,2024,552400323,2,9,0,18,19,6,2,0,0,8,0,0,0,0,1,1,6,6,2,34,6,1995,2,11,BMW 1 SERIES,5,E01020534,0,3
2024010493387,2024,010493387,2,9,0,99,99,9,9,0,0,1,0,0,0,0,9,1,6,6,1,40,7,1499,1,1,BMW 1 SERIES,3,E01001726,0,1
2024461520673,2024,461520673,2,9,0,-1,19,4,8,-1,0,0,0,0,0,0,3,1,-1,6,1,22,5,1995,2,18,BMW 1 SERIES,2,E01024659,0,1
2024010521350,2024,010521350,2,9,9,99,99,9,9,99,99,1,9,99,9,99,9,9,6,6,3,-1,-1,1995,1,17,BMW 1 SERIES,-1,-1,0,-1
2024061433909,2024,061433909,1,9,0,-1,11,6,6,-1,0,1,0,0,0,0,1,1,-1,9,1,32,6,1995,2,8,BMW 1 SERIES,1,E01004787,0,1
2024421458939,2024,421458939,1,9,0,-1,4,7,3,-1,0,8,1,0,0,0,1,1,-1,9,1,27,6,1995,2,8,BMW 1 SERIES,2,E01015861,0,1
2024440109509,2024,440109509,3,9,0,13,13,4,8,0,0,0,1,0,1,0,4,1,6,6,1,18,4,1995,2,17,BMW 1 SERIES,2,E01023006,0,2
2024351436877,2024,351436877,2,9,0,-1,3,2,6,-1,0,0,0,0,0,0,2,1,-1,9,2,32,6,1598,2,9,BMW 1 SERIES,6,E01035549,0,1
2024010530513,2024,010530513,2,9,0,18,19,3,7,0,0,6,0,0,0,0,3,1,6,6,2,29,6,1598,1,12,BMW 1 SERIES,6,E01003741,0,2
2024131444620,2024,131444620,1,9,0,-1,19,5,1,-1,0,0,1,0,1,11,1,1,-1,9,1,20,4,1995,2,14,BMW 1 SERIES,2,E01011754,0,1
2024430466570,2024,430466570,2,9,0,18,19,1,5,0,0,8,0,0,0,0,1,1,1,1,1,30,6,1499,1,2,BMW 1 SERIES,-1,-1,0,-1
2024201457745,2024,201457745,1,9,0,-1,13,3,7,-1,0,2,0,0,0,0,1,1,-1,6,1,38,7,1995,2,13,BMW 1 SERIES,2,E01008946,0,1
2024052401720,2024,052401720,1,9,0,7,7,5,7,0,0,3,0,0,6,0,1,1,6,6,2,50,8,1496,2,9,BMW 1 SERIES,4,E01006843,0,3
2024061462825,2024,061462825,2,9,0,-1,99,-1,-1,-1,0,0,9,99,0,0,1,1,-1,6,3,-1,-1,1496,2,6,BMW 1 SERIES,-1,-1,0,-1
2024440077393,2024,440077393,1,9,0,17,19,4,8,0,0,0,1,0,1,4,1,1,6,6,2,19,4,1995,2,17,BMW 1 SERIES,8,E01022755,0,3
2024451451377,2024,451451377,1,9,0,-1,11,7,3,-1,0,2,0,0,3,10,1,1,-1,9,1,19,4,1598,1,11,BMW 1 SERIES,9,E01030340,0,4
2024520402778,2024,520402778,1,9,0,17,19,1,5,0,0,8,0,0,0,0,2,1,6,6,1,18,4,1995,2,15,BMW 1 SERIES,7,E01029092,0,1
2024201458258,2024,201458258,1,9,0,-1,5,4,6,-1,0,1,0,0,0,0,1,1,-1,6,1,21,5,1995,2,10,BMW 1 SERIES,6,E01010376,0,1
2024320291188,2024,320291188,1,9,0,-1,-1,6,2,0,0,0,5,0,7,3,1,1,-1,-1,1,24,5,1995,2,15,BMW 1 SERIES,6,E01026306,0,1
2024622400181,2024,622400181,1,9,0,18,19,1,6,0,0,0,0,0,0,0,0,1,6,6,1,37,7,2000,2,15,BMW 1 SERIES,2,W01001765,0,1
2024302400918,2024,302400918,1,9,0,13,13,2,4,0,0,8,0,0,0,0,4,1,6,6,1,35,6,1995,2,13,BMW 1 SERIES,2,E01013522,0,1
2024161517964,2024,161517964,1,9,0,-1,19,8,4,-1,0,8,0,11,1,11,1,1,-1,9,1,40,7,1499,1,0,BMW 1 SERIES,1,E01035473,0,1
2024010533833,2024,010533833,1,9,0,7,7,3,5,0,0,0,0,0,0,0,1,1,6,6,1,29,6,1499,1,6,BMW 1 SERIES,4,E01000546,0,1
2024131532584,2024,131532584,1,9,0,-1,19,1,5,-1,0,8,0,0,0,0,1,1,-1,6,1,28,6,1995,2,9,BMW 1 SERIES,1,E01010966,0,1
2024440233075,2024,440233075,1,9,0,11,11,3,7,0,0,2,0,0,0,0,4,1,6,6,1,33,6,1995,2,17,BMW 1 SERIES,5,E01022907,0,2
2024440536465,2024,440536465,1,9,0,18,19,6,2,0,0,0,5,0,7,9,1,1,6,6,2,18,4,1995,2,18,BMW 1 SERIES,8,E01030766,0,2
2024631488944,2024,631488944,1,9,0,-1,19,1,1,-1,0,4,0,0,0,0,1,1,-1,6,1,21,5,1598,2,11,BMW 1 SERIES,9,W01000665,0,2
2024991410227,2024,991410227,2,9,0,-1,19,7,3,-1,0,1,0,0,0,0,1,1,-1,9,1,25,5,1995,2,14,BMW 1 SERIES,7,-1,0,2
2024520401766,2024,520401766,2,9,0,4,4,5,1,0,0,0,0,0,0,0,2,1,6,6,1,26,6,1995,2,14,BMW 1 SERIES,3,E01015096,0,5
2024161395183,2024,161395183,1,9,0,-1,19,5,1,-1,0,8,0,10,0,0,3,9,-1,7,1,37,7,1995,2,9,BMW 1 SERIES,7,E01013224,0,1
2024201460067,2024,201460067,1,9,0,-1,19,4,8,-1,0,8,0,0,0,0,1,1,-1,6,2,43,7,1995,2,7,BMW 1 SERIES,3,E01008890,0,2
2024010547607,2024,010547607,1,9,0,18,19,5,1,0,0,1,0,4,0,0,1,1,6,6,1,34,6,2996,1,14,BMW 1 SERIES,3,E01003972,0,3
2024461425228,2024,461425228,2,9,0,-1,19,5,1,-1,0,0,0,0,0,0,3,1,-1,7,2,31,6,1496,2,7,BMW 1 SERIES,8,E01016082,0,2
2024010538466,2024,010538466,1,9,0,3,3,5,1,0,0,0,0,0,0,0,2,1,2,2,2,36,7,1496,2,9,BMW 1 SERIES,5,E01000512,0,1
2024201490570,2024,201490570,1,9,0,-1,13,4,8,-1,0,0,0,0,0,0,3,1,-1,6,1,24,5,1598,1,11,BMW 1 SERIES,1,E01009028,0,1
2024501478070,2024,501478070,1,9,0,-1,19,2,6,-1,0,0,0,0,0,0,1,1,-1,9,1,20,4,1995,2,17,BMW 1 SERIES,5,E01018785,0,1
2024421520210,2024,421520210,2,9,0,-1,9,3,1,-1,0,6,0,0,0,0,3,1,-1,9,1,51,8,1499,1,1,BMW 1 SERIES,3,E01021811,0,3
2024421438847,2024,421438847,1,9,0,-1,19,7,3,-1,0,0,0,0,0,0,1,1,-1,9,1,74,10,1499,1,7,BMW 1 SERIES,8,E01021708,0,1
2024451394924,2024,451394924,1,9,0,-1,6,8,8,-1,0,8,0,0,0,0,1,1,-1,9,2,81,11,1499,1,7,BMW 1 SERIES,10,E01030341,0,1
2024501429288,2024,501429288,1,9,0,-1,19,1,5,-1,0,0,2,0,4,0,3,1,-1,6,1,25,5,1995,2,15,BMW 1 SERIES,2,E01015182,0,4
2024501484249,2024,501484249,1,9,0,-1,19,4,8,-1,0,0,0,0,0,0,1,1,-1,6,1,31,6,1596,1,17,BMW 1 SERIES,3,E01018937,0,1
2024070463500,2024,070463500,1,9,0,18,19,8,3,0,0,8,0,0,0,0,4,1,6,6,1,68,10,1496,2,9,BMW 1 SERIES,9,E01018518,0,1
202460Q044752,2024,60Q044752,2,9,0,10,10,1,5,0,0,1,0,0,0,0,2,1,6,6,2,24,5,1995,2,9,BMW 1 SERIES,-1,-1,0,-1
2024041480191,2024,041480191,2,9,0,-1,19,1,5,-1,0,0,0,0,1,0,3,1,-1,2,1,62,9,1995,2,11,BMW 1 SERIES,2,E01004902,0,3
2024552400586,2024,552400586,1,9,0,18,19,6,2,0,0,8,5,0,0,0,0,1,6,6,2,47,8,1995,2,14,BMW 1 SERIES,5,E01020389,0,3
2024461493176,2024,461493176,2,9,0,-1,2,0,0,-1,9,0,0,4,0,0,2,1,-1,9,2,57,9,1995,2,15,BMW 1 SERIES,7,E01024252,0,1
2024351519194,2024,351519194,1,9,0,-1,19,2,6,-1,0,8,0,0,0,0,4,1,-1,6,2,22,5,1995,2,15,BMW 1 SERIES,1,E01015609,0,1
2024201470651,2024,201470651,2,9,0,-1,4,4,8,-1,0,0,0,0,0,0,3,1,-1,9,2,24,5,1598,2,10,BMW 1 SERIES,1,E01009514,0,1
2024610008924,2024,610008924,2,9,0,9,9,4,2,0,0,2,1,10,1,11,2,1,6,6,1,91,11,1995,2,13,BMW 1 SERIES,8,W01001581,0,1
2024461492837,2024,461492837,2,9,0,-1,3,-1,-1,-1,0,0,0,0,0,0,2,9,-1,6,1,42,7,1598,1,12,BMW 1 SERIES,6,E01024314,0,2
2024520001310,2024,520001310,2,9,0,18,19,1,5,0,0,0,0,0,0,0,3,1,6,6,2,60,9,1499,1,6,BMW 1 SERIES,8,E01032059,0,2
2024010539299,2024,010539299,1,9,0,7,7,1,3,0,0,8,0,11,0,0,1,1,2,2,1,30,6,1598,2,11,BMW 1 SERIES,5,E01004698,0,1
2024131520434,2024,131520434,2,9,0,-1,19,2,6,-1,0,8,0,0,0,0,1,1,-1,6,1,22,5,1496,2,7,BMW 1 SERIES,2,E01007417,0,3
2024340WN4882,2024,340WN4882,2,9,0,-1,19,5,1,-1,0,0,0,0,0,0,2,1,-1,9,1,25,5,1499,1,3,BMW 1 SERIES,6,E01030717,0,5
2024131514093,2024,131514093,1,9,0,-1,19,7,3,-1,0,0,5,0,7,3,3,1,-1,6,1,25,5,1496,2,6,BMW 1 SERIES,1,E01010632,0,1
2024311495702,2024,311495702,1,9,0,-1,12,1,5,-1,0,0,0,0,0,0,1,1,-1,2,2,26,6,1499,1,1,BMW 1 SERIES,10,E01035509,0,2
2024141434938,2024,141434938,2,9,0,-1,19,4,8,-1,0,8,0,0,0,0,1,1,-1,9,1,22,5,1995,2,10,BMW 1 SERIES,5,E01007953,0,2
2024231414686,2024,231414686,1,9,0,-1,7,6,8,-1,0,4,0,0,0,0,1,9,-1,6,2,35,6,1496,2,7,BMW 1 SERIES,10,E01031110,0,1
2024332401140,2024,332401140,1,9,0,-1,19,4,8,-1,0,0,0,0,0,0,1,1,-1,6,1,26,6,1598,1,10,BMW 1 SERIES,5,E01025749,0,2
2024211407399,2024,211407399,1,9,0,-1,9,8,4,-1,0,5,0,0,0,0,1,9,-1,9,2,40,7,1995,2,11,BMW 1 SERIES,1,E01034311,0,2
2024010517162,2024,010517162,3,9,0,4,4,1,5,0,0,1,0,0,0,0,2,1,6,6,1,25,5,1998,1,0,BMW 1 SERIES,-1,-1,0,-1
2024471535608,2024,471535608,1,9,0,-1,5,8,4,-1,0,5,0,0,0,0,1,1,-1,6,2,41,7,1995,2,15,BMW 1 SERIES,3,E01020996,0,2
2024070871851,2024,070871851,2,9,0,-1,5,4,8,-1,0,1,0,0,0,0,2,1,-1,9,2,35,6,1995,2,10,BMW 1 SERIES,5,E01012541,0,1
2024451399050,2024,451399050,1,9,0,-1,6,1,5,-1,0,1,0,0,0,0,2,1,-1,9,2,35,6,1995,2,9,BMW 1 SERIES,3,E01030676,0,3
2024010500275,2024,010500275,1,9,0,1,1,7,3,0,0,1,0,0,9,0,2,9,6,6,3,-1,-1,1995,1,19,BMW 1 SERIES,-1,-1,0,-1
2024501506171,2024,501506171,1,9,0,-1,19,1,5,-1,0,0,5,0,5,6,1,1,-1,9,1,22,5,1995,2,14,BMW 1 SERIES,3,E01015245,0,2
2024010514338,2024,010514338,2,9,0,18,19,3,7,0,0,0,0,0,0,0,2,1,6,6,1,24,5,1995,2,7,BMW 1 SERIES,3,E01004350,0,1
2024201505709,2024,201505709,1,9,0,-1,19,1,5,-1,0,8,1,10,1,4,1,1,-1,6,1,20,4,1995,2,14,BMW 1 SERIES,7,E01009880,0,1
2024371442322,2024,371442322,1,9,0,-1,9,8,2,-1,0,8,0,0,0,0,3,1,-1,6,2,46,8,1995,2,18,BMW 1 SERIES,7,E01029974,0,1