collision_index,collision_year,collision_ref_no,vehicle_reference,vehicle_type,towing_and_articulation,vehicle_manoeuvre_historic,vehicle_manoeuvre,vehicle_direction_from,vehicle_direction_to,vehicle_location_restricted_lane_historic,vehicle_location_restricted_lane,junction_location,skidding_and_overturning,hit_object_in_carriageway,vehicle_leaving_carriageway,hit_object_off_carriageway,first_point_of_impact,vehicle_left_hand_drive,journey_purpose_of_driver_historic,journey_purpose_of_driver,sex_of_driver,age_of_driver,age_band_of_driver,engine_capacity_cc,propulsion_code,age_of_vehicle,generic_make_model,driver_imd_decile,lsoa_of_driver,escooter_flag,driver_distance_banding
2024991478224,2024,991478224,1,9,0,-1,9,7,3,-1,0,1,0,0,0,0,1,2,-1,9,1,29,6,1499,1,0,BMW 1 SERIES,-1,-1,0,-1
2024010542804,2024,010542804,1,9,0,99,99,9,9,99,99,6,9,99,9,99,9,9,6,6,3,-1,-1,1598,1,9,BMW 1 SERIES,-1,-1,0,-1
2024471417287,2024,471417287,1,9,0,-1,12,5,1,-1,0,0,1,0,1,0,3,1,-1,2,1,19,4,1995,2,7,BMW 1 SERIES,7,E01021146,0,1
2024401444946,2024,401444946,1,9,0,-1,1,7,3,-1,0,0,0,0,0,0,2,9,-1,6,2,-1,-1,1995,2,13,BMW 1 SERIES,-1,-1,0,-1
2024440122453,2024,440122453,2,9,0,4,4,4,8,0,0,0,0,0,0,0,1,1,6,6,2,-1,-1,1995,2,14,BMW 1 SERIES,-1,-1,0,-1
2024141408712,2024,141408712,1,9,0,-1,19,1,5,-1,0,0,0,0,0,0,1,1,-1,6,2,25,5,1496,2,7,BMW 1 SERIES,1,E01010809,0,4
2024010534786,2024,010534786,1,9,0,9,9,1,6,0,0,1,0,0,0,0,1,1,6,6,3,-1,-1,1995,1,14,BMW 1 SERIES,-1,-1,0,-1
2024231518510,2024,231518510,2,9,0,-1,10,4,2,-1,0,1,0,0,0,0,2,1,-1,9,2,30,6,1995,2,5,BMW 1 SERIES,7,E01031198,0,1
2024340WN2722,2024,340WN2722,2,9,0,-1,3,4,8,-1,0,4,0,0,0,0,2,1,-1,1,1,29,6,1499,1,4,BMW 1 SERIES,2,E01027241,0,1
2024010527421,2024,010527421,2,9,0,99,99,9,9,99,99,9,9,99,9,99,1,9,6,6,3,-1,-1,1499,1,1,BMW 1 SERIES,3,E01001186,0,2
2024131524252,2024,131524252,2,9,0,-1,19,3,7,-1,0,8,0,0,1,10,1,1,-1,9,1,37,7,1995,2,12,BMW 1 SERIES,5,E01011228,0,2
2024302401772,2024,302401772,1,9,0,-1,19,3,6,-1,0,0,0,4,0,0,3,1,-1,6,1,28,6,1496,2,9,BMW 1 SERIES,3,E01019690,0,1
2024520403262,2024,520403262,1,9,0,9,9,5,1,0,0,1,0,0,0,0,2,1,6,6,1,27,6,1496,2,9,BMW 1 SERIES,6,E01029288,0,2
2024221408865,2024,221408865,1,9,0,-1,9,5,2,-1,0,6,0,0,0,0,3,1,-1,9,1,25,5,1995,2,12,BMW 1 SERIES,7,E01022234,0,4
2024010518098,2024,010518098,1,9,0,2,2,0,0,6,6,0,0,0,0,0,3,1,6,6,3,-1,-1,1995,2,9,BMW 1 SERIES,-1,-1,0,-1
2024010500304,2024,010500304,1,9,0,18,19,1,5,0,0,0,5,4,0,0,1,1,6,6,1,25,5,1499,1,2,BMW 1 SERIES,8,E01000665,0,1
2024501413464,2024,501413464,2,9,0,-1,19,1,6,-1,0,1,0,0,0,0,1,1,-1,1,2,27,6,1499,1,7,BMW 1 SERIES,6,E01020283,0,2
2024061507370,2024,061507370,2,9,-1,-1,5,-1,-1,-1,0,8,0,0,0,0,-1,9,-1,6,1,29,6,1995,2,9,BMW 1 SERIES,2,E01005163,0,1
2024311406174,2024,311406174,1,9,0,-1,19,2,6,-1,0,0,0,0,0,0,1,9,-1,6,2,-1,-1,1995,1,15,BMW 1 SERIES,-1,-1,0,-1
2024501408127,2024,501408127,2,9,0,-1,19,5,1,-1,0,1,0,0,1,4,1,1,-1,9,2,81,11,1499,1,5,BMW 1 SERIES,4,E01018815,0,1
2024340WN7232,2024,340WN7232,2,9,0,-1,3,5,1,-1,0,0,0,0,0,0,2,1,-1,7,1,27,6,1499,1,6,BMW 1 SERIES,-1,-1,0,-1
2024131514990,2024,131514990,1,9,0,-1,19,3,7,-1,0,1,0,0,0,0,1,1,-1,2,1,22,5,1998,1,6,BMW 1 SERIES,10,E01010646,0,1
2024061485729,2024,061485729,2,9,0,-1,7,8,2,-1,0,1,0,0,0,0,1,1,-1,9,1,59,9,1998,1,0,BMW 1 SERIES,3,E01004777,0,2
2024542905524,2024,542905524,1,9,0,18,19,8,4,0,0,0,1,0,4,6,3,1,6,6,2,18,4,1598,2,11,BMW 1 SERIES,2,E01033845,0,1
2024631435258,2024,631435258,1,9,0,-1,19,6,2,-1,0,0,0,0,1,4,1,1,-1,6,1,33,6,1995,2,14,BMW 1 SERIES,5,W01000647,0,2
2024231484261,2024,231484261,2,9,0,-1,19,8,4,-1,0,0,0,0,0,0,2,9,-1,6,1,29,6,1499,1,6,BMW 1 SERIES,6,E01007185,0,5
2024010508971,2024,010508971,1,9,0,99,99,9,9,99,99,0,9,99,9,99,1,9,6,6,3,-1,-1,1499,1,5,BMW 1 SERIES,5,E01002440,0,2
2024411458217,2024,411458217,5,9,0,-1,3,5,1,-1,0,0,0,0,0,0,2,1,-1,6,1,39,7,1499,1,2,BMW 1 SERIES,10,E01017447,0,2
2024501460976,2024,501460976,2,9,0,-1,99,8,3,-1,0,4,9,0,0,0,1,1,-1,6,1,22,5,1995,2,15,BMW 1 SERIES,2,E01015082,0,4
2024991399495,2024,991399495,2,9,0,-1,19,8,4,-1,0,0,0,0,0,0,2,1,-1,2,1,55,8,1496,2,9,BMW 1 SERIES,7,-1,0,1
2024131469567,2024,131469567,2,9,0,-1,2,4,8,-1,0,0,0,0,2,10,2,1,-1,6,-1,-1,-1,1995,2,9,BMW 1 SERIES,-1,-1,0,-1
2024471395825,2024,471395825,2,9,0,-1,19,4,8,-1,0,0,0,0,1,0,1,1,-1,2,1,65,9,2000,1,15,BMW 1 SERIES,10,E01031775,0,2
2024451398184,2024,451398184,1,9,0,-1,19,5,1,-1,0,0,0,0,0,0,1,1,-1,9,2,31,6,1598,1,10,BMW 1 SERIES,5,E01031584,0,3
2024421473646,2024,421473646,1,9,0,-1,19,1,5,-1,0,0,0,0,7,0,1,1,-1,6,2,24,5,1995,2,16,BMW 1 SERIES,6,E01021884,0,3
2024552401526,2024,552401526,2,9,0,18,19,4,8,0,0,8,0,0,0,0,1,1,6,6,3,-1,-1,1995,2,19,BMW 1 SERIES,-1,-1,0,-1
2024430061910,2024,430061910,1,9,0,18,19,4,8,0,0,0,1,0,6,6,3,1,6,6,1,47,8,2996,1,14,BMW 1 SERIES,10,E01022505,0,3
2024010541243,2024,010541243,1,9,0,99,99,9,9,99,99,9,9,99,9,99,9,9,2,2,2,25,5,1496,2,8,BMW 1 SERIES,3,E01002217,0,3
2024440404207,2024,440404207,2,9,0,4,4,1,5,0,0,1,0,0,0,0,2,1,6,6,2,46,8,1995,2,14,BMW 1 SERIES,6,E01035437,0,1
2024010542991,2024,010542991,1,9,0,99,99,9,9,99,99,9,9,99,9,99,1,9,6,6,3,-1,-1,1995,2,9,BMW 1 SERIES,3,E01021816,0,3
2024440499489,2024,440499489,1,9,0,18,19,1,5,0,0,0,0,4,0,0,1,1,6,6,1,21,5,1995,2,16,BMW 1 SERIES,9,E01023158,0,1
2024221486322,2024,221486322,1,9,0,-1,19,1,5,-1,0,0,1,0,0,0,3,1,-1,6,1,22,5,1995,2,9,BMW 1 SERIES,9,E01014022,0,1
2024440218819,2024,440218819,4,9,0,2,2,0,0,6,6,0,0,0,0,0,3,1,6,6,3,-1,-1,1598,1,10,BMW 1 SERIES,-1,-1,0,-1
2024401435002,2024,401435002,1,9,0,-1,19,6,2,-1,0,0,0,0,0,0,1,1,-1,6,1,35,6,1499,1,0,BMW 1 SERIES,5,E01002440,0,4
2024361500054,2024,361500054,2,9,0,-1,4,6,2,-1,0,1,1,0,7,0,4,1,-1,9,2,23,5,1995,2,12,BMW 1 SERIES,5,E01026693,0,1
2024010548815,2024,010548815,1,9,0,9,9,7,5,0,0,6,0,0,0,0,1,2,6,6,1,19,4,1499,1,6,BMW 1 SERIES,9,E01003365,0,1
2024622400030,2024,622400030,1,9,0,5,5,3,7,0,0,8,0,0,0,0,1,1,6,6,1,22,5,1995,2,17,BMW 1 SERIES,10,W01000770,0,2
2024111486976,2024,111486976,1,9,0,-1,5,7,3,-1,0,4,0,0,0,0,1,1,-1,9,1,36,7,1496,2,1,BMW 1 SERIES,7,E01020731,0,1
2024430561075,2024,430561075,1,9,0,9,9,3,1,0,0,6,0,0,0,0,3,1,6,6,2,22,5,1995,2,9,BMW 1 SERIES,4,E01035247,0,1
2024010503958,2024,010503958,1,9,0,18,19,3,7,0,0,6,0,10,0,0,1,1,6,6,3,-1,-1,1499,1,8,BMW 1 SERIES,-1,-1,0,-1
2024991443418,2024,991443418,1,9,0,-1,9,5,2,-1,0,1,0,0,0,0,1,1,-1,9,1,34,6,1499,1,0,BMW 1 SERIES,-1,-1,0,-1
2024451402028,2024,451402028,1,9,0,-1,4,1,5,-1,0,0,0,0,0,0,4,1,-1,2,1,47,8,1995,2,14,BMW 1 SERIES,8,E01022529,0,4
2024430624689,2024,430624689,2,9,0,18,19,5,1,0,0,8,0,0,0,0,1,1,6,6,1,43,7,1995,2,14,BMW 1 SERIES,10,E01017638,0,1
2024541163724,2024,541163724,1,9,0,7,7,5,7,0,0,4,0,0,0,0,1,1,6,6,2,50,8,1499,1,5,BMW 1 SERIES,10,E01015518,0,1
2024061432396,2024,061432396,1,9,0,-1,5,3,7,-1,0,2,0,0,0,0,1,1,-1,9,2,27,6,1995,2,10,BMW 1 SERIES,9,E01006017,0,1
2024302500011,2024,302500011,1,9,0,18,19,1,5,0,0,0,0,0,0,0,1,1,6,6,2,35,6,1599,1,15,BMW 1 SERIES,7,E01029694,0,4
2024131397753,2024,131397753,1,9,0,-1,19,1,5,-1,0,8,0,0,0,0,3,1,-1,9,1,20,4,2000,2,15,BMW 1 SERIES,2,E01010836,0,1
2024332400528,2024,332400528,1,9,0,-1,9,6,4,-1,0,5,0,0,0,0,1,1,-1,9,2,51,8,1995,2,7,BMW 1 SERIES,4,E01025703,0,1
2024201458965,2024,201458965,2,9,0,-1,5,6,4,-1,0,6,0,0,0,0,1,1,-1,6,3,-1,-1,1499,1,6,BMW 1 SERIES,-1,-1,0,-1
2024451520209,2024,451520209,5,9,0,-1,2,0,0,-1,9,1,0,0,0,0,2,1,-1,6,-1,-1,-1,1499,1,9,BMW 1 SERIES,-1,-1,0,-1
2024451478314,2024,451478314,1,9,0,-1,7,5,1,-1,0,0,0,0,0,0,3,1,-1,9,-1,49,8,1995,2,11,BMW 1 SERIES,7,E01030838,0,1
2024522402002,2024,522402002,1,9,0,9,9,7,5,0,0,5,0,0,0,0,4,1,6,6,1,27,6,1995,1,14,BMW 1 SERIES,2,E01014575,0,1
2024552400149,2024,552400149,1,9,0,18,19,6,2,0,0,0,0,0,0,0,3,1,3,7,1,46,8,1499,1,1,BMW 1 SERIES,3,E01015381,0,1
2024440539299,2024,440539299,1,9,0,3,3,5,8,0,0,1,0,0,0,0,2,1,2,2,2,31,6,1499,1,1,BMW 1 SERIES,9,E01022882,0,1
202454C352824,2024,54C352824,1,9,0,18,19,1,5,0,0,0,0,0,1,10,1,1,1,1,2,21,5,1995,2,15,BMW 1 SERIES,10,E01031948,0,1
2024421476489,2024,421476489,3,9,0,-1,3,1,5,-1,0,1,0,0,0,0,1,1,-1,6,1,27,6,1998,1,1,BMW 1 SERIES,9,E01022064,0,2
2024201459567,2024,201459567,2,9,0,-1,2,0,0,-1,9,0,0,0,0,0,2,1,-1,6,1,56,9,1995,2,13,BMW 1 SERIES,6,E01009529,0,1
2024231524856,2024,231524856,1,9,0,-1,19,6,2,-1,0,0,1,0,1,4,1,9,-1,6,1,18,4,1496,2,9,BMW 1 SERIES,4,E01031028,0,2
2024401522116,2024,401522116,1,9,0,-1,19,5,1,-1,0,0,0,0,7,11,1,1,-1,6,1,19,4,1998,1,7,BMW 1 SERIES,2,E01015779,0,1
2024231404462,2024,231404462,2,9,0,-1,4,6,2,-1,0,1,0,0,0,0,1,9,-1,2,1,41,7,1995,2,16,BMW 1 SERIES,7,E01032269,0,4
2024471429727,2024,471429727,2,9,0,-1,9,1,7,-1,0,0,0,0,0,0,1,1,-1,9,2,21,5,1995,2,7,BMW 1 SERIES,6,E01031663,0,4
2024371543085,2024,371543085,2,9,4,-1,19,3,7,-1,0,0,1,0,0,0,3,1,-1,9,2,35,6,1995,2,15,BMW 1 SERIES,3,E01033128,0,1
2024061425375,2024,061425375,1,9,0,-1,19,5,8,-1,9,1,1,7,7,10,1,1,-1,6,1,34,6,1995,2,19,BMW 1 SERIES,3,E01004909,0,1
2024440370549,2024,440370549,2,9,0,4,4,7,1,0,0,1,0,0,0,0,0,1,1,1,1,35,6,1995,2,17,BMW 1 SERIES,8,E01016545,0,4
2024010509970,2024,010509970,2,9,0,18,19,6,2,0,0,1,0,0,3,0,4,1,6,6,2,52,8,1499,1,7,BMW 1 SERIES,9,E01000199,0,2
2024010536822,2024,010536822,1,9,0,99,99,9,9,99,99,9,9,99,9,99,1,9,2,2,1,41,7,1995,1,19,BMW 1 SERIES,2,E01001687,0,2
2024201421451,2024,201421451,2,9,0,-1,19,6,2,-1,0,8,0,10,7,0,1,1,-1,6,-1,-1,-1,1995,2,8,BMW 1 SERIES,-1,-1,0,-1
2024622400690,2024,622400690,1,9,0,18,19,2,6,0,0,0,0,0,0,0,1,1,6,6,1,20,4,1995,2,14,BMW 1 SERIES,5,W01001839,0,1
2024211525613,2024,211525613,1,9,0,-1,19,4,6,-1,0,1,0,0,0,0,1,1,-1,9,2,38,7,1496,2,8,BMW 1 SERIES,4,E01014245,0,1
2024552400976,2024,552400976,1,9,0,5,5,2,6,0,0,8,0,0,0,0,4,1,2,2,1,61,9,1599,1,16,BMW 1 SERIES,-1,-1,0,-1
2024131448585,2024,131448585,3,9,0,-1,19,5,5,-1,0,2,0,0,0,0,1,1,-1,6,1,22,5,1499,1,5,BMW 1 SERIES,1,E01010842,0,1
2024361443489,2024,361443489,2,9,0,-1,19,7,3,-1,0,0,2,0,0,0,1,1,-1,6,2,33,6,1995,2,10,BMW 1 SERIES,7,E01026421,0,1
2024131513099,2024,131513099,1,9,0,-1,19,5,7,-1,0,6,0,0,0,0,1,1,-1,6,3,-1,-1,1995,2,14,BMW 1 SERIES,-1,-1,0,-1
2024991509014,2024,991509014,1,9,0,-1,19,2,6,-1,0,0,2,0,1,0,4,1,-1,9,1,20,4,1995,2,16,BMW 1 SERIES,-1,-1,0,-1
2024061522023,2024,061522023,3,9,0,-1,3,1,1,-1,0,0,0,0,0,0,2,1,-1,6,1,30,6,1995,2,17,BMW 1 SERIES,-1,-1,0,-1
2024231506508,2024,231506508,1,9,0,-1,19,2,4,-1,0,1,0,0,0,0,1,9,-1,6,3,50,8,1995,2,13,BMW 1 SERIES,-1,-1,0,-1
2024231538406,2024,231538406,1,9,0,-1,5,5,1,-1,0,6,0,0,0,0,3,1,-1,6,2,26,6,1995,2,8,BMW 1 SERIES,3,E01031264,0,1
2024522401578,2024,522401578,2,9,0,7,7,7,1,0,0,5,0,0,0,0,4,1,6,6,3,-1,-1,1499,1,8,BMW 1 SERIES,-1,-1,0,-1
2024522401450,2024,522401450,2,9,0,4,4,2,6,0,0,0,0,0,0,0,2,1,6,6,3,-1,-1,1995,2,12,BMW 1 SERIES,-1,-1,0,-1
2024041400139,2024,041400139,1,9,0,-1,5,3,5,-1,0,6,0,0,0,0,3,1,-1,9,1,56,9,1995,2,12,BMW 1 SERIES,5,E01025025,0,1
2024052401280,2024,052401280,2,9,0,18,19,5,1,0,0,1,0,0,0,0,4,1,6,6,2,25,5,1998,1,0,BMW 1 SERIES,4,E01006454,0,1
2024501442704,2024,501442704,2,9,0,-1,19,7,3,-1,0,0,1,0,2,6,1,1,-1,1,1,20,4,1995,1,15,BMW 1 SERIES,8,E01019988,0,3
2024461469056,2024,461469056,1,9,0,-1,9,5,3,-1,0,8,0,0,0,0,1,9,-1,6,1,19,4,1995,1,13,BMW 1 SERIES,4,E01016055,0,1
2024141451054,2024,141451054,1,9,0,-1,9,3,1,-1,0,2,0,0,0,0,1,1,-1,9,1,20,4,1995,2,15,BMW 1 SERIES,5,E01007424,0,2
2024010539607,2024,010539607,1,9,0,18,19,3,7,0,0,4,0,0,0,0,1,1,6,6,1,20,4,2000,1,15,BMW 1 SERIES,2,E01002282,0,1
2024061495531,2024,061495531,1,9,0,-1,12,5,1,-1,0,0,0,0,0,0,3,1,-1,6,1,-1,-1,1995,2,10,BMW 1 SERIES,-1,-1,0,-1
2024201432799,2024,201432799,2,9,0,-1,19,3,7,-1,0,8,0,0,0,0,1,9,-1,1,1,37,7,1995,2,7,BMW 1 SERIES,1,E01009486,0,1
2024010534692,2024,010534692,2,9,0,9,9,8,6,0,0,6,0,0,0,0,1,1,6,6,1,19,4,2000,1,16,BMW 1 SERIES,5,E01001158,0,1
2024411441036,2024,411441036,1,9,0,-1,5,6,2,-1,0,6,0,0,0,0,3,1,-1,6,2,36,7,1995,2,11,BMW 1 SERIES,5,E01015782,0,3
2024221529212,2024,221529212,1,9,0,-1,5,4,8,-1,0,6,0,0,0,0,4,1,-1,6,1,39,7,1599,1,15,BMW 1 SERIES,-1,-1,0,-1
2024440441439,2024,440441439,1,9,0,18,19,7,3,0,0,0,0,7,0,0,1,1,6,6,1,19,4,1995,2,12,BMW 1 SERIES,1,E01017205,0,1
2024131486146,2024,131486146,3,9,0,-1,2,0,0,-1,0,8,0,0,0,0,3,1,-1,6,-1,-1,-1,1496,2,7,BMW 1 SERIES,-1,-1,0,-1
2024101413094,2024,101413094,2,9,0,-1,19,3,7,-1,0,2,0,0,0,0,1,1,-1,9,2,31,6,1995,2,13,BMW 1 SERIES,2,E01008441,0,1
2024010510699,2024,010510699,1,9,0,18,19,5,1,0,0,2,0,0,0,0,1,1,6,6,1,24,5,1995,1,13,BMW 1 SERIES,3,E01001113,0,1
2024501435987,2024,501435987,1,9,0,-1,19,5,1,-1,0,3,0,0,0,0,1,1,-1,9,2,21,5,1995,2,14,BMW 1 SERIES,6,E01015132,0,1
2024221463933,2024,221463933,1,9,0,-1,19,8,4,-1,0,6,0,0,0,0,1,1,-1,6,1,36,7,1995,2,10,BMW 1 SERIES,4,E01032440,0,1
2024501414798,2024,501414798,1,9,0,-1,19,3,7,-1,0,0,1,0,0,0,2,1,-1,9,1,18,4,1995,2,17,BMW 1 SERIES,3,E01018993,0,2
2024010520664,2024,010520664,5,9,0,2,2,0,0,0,0,1,0,0,0,0,3,1,6,6,3,-1,-1,1499,1,5,BMW 1 SERIES,-1,-1,0,-1
2024461457669,2024,461457669,1,9,0,-1,19,1,5,-1,0,0,5,0,1,0,1,1,-1,9,1,22,5,1995,2,13,BMW 1 SERIES,2,E01024390,0,2
2024461405804,2024,461405804,1,9,0,-1,19,6,2,-1,0,0,0,0,7,0,1,1,-1,9,1,20,4,1598,2,12,BMW 1 SERIES,2,E01024596,0,1
2024161478491,2024,161478491,2,9,0,-1,19,1,5,-1,0,0,0,0,0,0,1,1,-1,6,1,46,8,1995,2,18,BMW 1 SERIES,1,E01012877,0,1
2024211470198,2024,211470198,2,9,0,-1,19,7,3,-1,0,0,0,0,0,0,0,1,-1,9,2,31,6,1995,2,12,BMW 1 SERIES,-1,-1,0,-1
2024211439705,2024,211439705,1,9,0,-1,9,1,2,-1,0,1,0,0,0,0,1,1,-1,7,2,35,6,1995,2,13,BMW 1 SERIES,-1,-1,0,-1
2024421420871,2024,421420871,2,9,0,-1,19,1,1,-1,0,8,0,0,0,0,3,1,-1,2,1,41,7,1995,2,8,BMW 1 SERIES,7,E01021552,0,1
2024061444429,2024,061444429,1,9,0,-1,19,5,1,-1,0,0,0,0,0,0,4,1,-1,9,1,39,7,1995,2,11,BMW 1 SERIES,5,E01005964,0,1
2024311481550,2024,311481550,1,9,0,-1,7,1,5,-1,0,0,1,0,7,0,1,1,-1,9,1,19,4,1995,2,10,BMW 1 SERIES,9,E01033775,0,1
202460Q081595,2024,60Q081595,2,9,0,10,10,1,5,0,0,1,0,0,0,0,2,1,1,1,1,32,6,1995,2,5,BMW 1 SERIES,-1,-1,0,-1
2024520401528,2024,520401528,1,9,0,18,19,4,1,0,0,8,0,0,0,0,1,1,6,6,1,79,11,1995,2,5,BMW 1 SERIES,10,E01018663,0,5
2024131506671,2024,131506671,1,9,0,-1,19,1,5,-1,0,2,0,0,0,0,4,1,-1,9,2,43,7,1995,2,17,BMW 1 SERIES,9,E01027904,0,3
2024041442277,2024,041442277,1,9,0,-1,19,3,7,-1,0,0,0,0,0,0,1,1,-1,6,2,22,5,1995,2,14,BMW 1 SERIES,1,E01025041,0,2
2024201521416,2024,201521416,2,9,0,-1,7,4,6,-1,0,6,0,0,0,0,1,1,-1,6,1,27,6,1598,1,9,BMW 1 SERIES,7,E01009819,0,1
2024201486084,2024,201486084,2,9,0,-1,19,1,5,-1,0,4,0,0,0,0,4,1,-1,9,1,32,6,1598,1,11,BMW 1 SERIES,1,E01009359,0,1
2024010519418,2024,010519418,2,9,0,9,9,1,7,0,0,8,0,0,0,0,1,1,6,6,2,38,7,1598,1,12,BMW 1 SERIES,9,E01001416,0,1
2024141426816,2024,141426816,3,9,0,-1,14,6,1,-1,0,2,0,0,0,0,1,1,-1,9,1,56,9,1995,2,14,BMW 1 SERIES,2,E01007336,0,1
2024041529000,2024,041529000,2,9,0,-1,19,1,5,-1,0,8,0,0,0,0,4,1,-1,2,1,34,6,1496,2,8,BMW 1 SERIES,1,E01024872,0,1
2024440353364,2024,440353364,1,9,0,18,19,7,3,0,0,1,2,0,1,1,1,1,6,6,1,56,9,1995,2,10,BMW 1 SERIES,9,E01022879,0,2
2024440438059,2024,440438059,1,9,0,18,19,3,7,0,0,0,1,0,7,10,1,1,6,6,1,19,4,1995,2,15,BMW 1 SERIES,2,E01034060,0,2
2024461450703,2024,461450703,2,9,0,-1,9,3,5,-1,0,1,0,0,0,0,1,9,-1,9,2,29,6,1499,1,3,BMW 1 SERIES,6,E01024371,0,3
2024010542257,2024,010542257,1,9,0,99,99,9,9,99,99,9,9,99,9,99,2,9,2,2,1,33,6,1596,1,18,BMW 1 SERIES,4,E01000113,0,4
2024340NN1882,2024,340NN1882,1,9,0,-1,19,5,1,-1,0,0,1,0,0,0,1,1,-1,9,1,23,5,1598,1,11,BMW 1 SERIES,4,E01027069,0,1
2024101461836,2024,101461836,2,9,0,-1,19,3,7,-1,0,1,0,0,0,0,1,1,-1,9,2,20,4,1995,2,11,BMW 1 SERIES,10,E01027464,0,1
2024041524429,2024,041524429,1,9,0,-1,19,7,3,-1,0,0,2,0,0,0,3,1,-1,9,1,17,4,1598,1,10,BMW 1 SERIES,5,E01012618,0,1
2024411427090,2024,411427090,1,9,0,-1,5,2,6,-1,0,0,0,4,7,0,1,1,-1,6,1,21,5,1995,2,15,BMW 1 SERIES,8,E01023385,0,1
2024461500598,2024,461500598,2,9,0,-1,19,3,7,-1,0,0,0,0,0,0,2,1,-1,9,1,64,9,1995,2,11,BMW 1 SERIES,4,E01024178,0,1
2024631499918,2024,631499918,1,9,0,-1,19,4,8,-1,0,0,5,0,1,0,1,1,-1,9,1,65,9,1995,2,16,BMW 1 SERIES,5,W01000546,0,1
2024991439009,2024,991439009,2,9,0,-1,19,6,1,-1,0,4,0,0,0,0,1,1,-1,9,1,41,7,1598,2,11,BMW 1 SERIES,-1,-1,0,-1
2024461492096,2024,461492096,1,9,0,-1,19,1,5,-1,0,0,1,4,0,0,1,1,-1,6,1,38,7,1995,2,12,BMW 1 SERIES,5,E01024207,0,1
2024161481966,2024,161481966,1,9,0,-1,5,1,5,-1,0,2,0,0,0,0,1,1,-1,9,1,50,8,1598,1,12,BMW 1 SERIES,9,E01012957,0,2
2024471425591,2024,471425591,2,9,0,-1,19,3,7,-1,0,1,0,0,0,0,1,9,-1,6,1,39,7,1995,2,8,BMW 1 SERIES,7,E01031545,0,2
2024440223995,2024,440223995,1,9,0,17,19,3,1,0,0,2,0,0,0,0,1,1,6,6,1,50,8,1995,2,18,BMW 1 SERIES,8,E01022958,0,1
2024522500173,2024,522500173,1,9,0,9,9,7,5,0,0,2,0,0,0,0,3,1,6,6,1,73,10,1995,1,14,BMW 1 SERIES,10,E01014761,0,1
2024010523829,2024,010523829,1,9,0,5,5,3,7,0,0,8,0,99,9,99,9,9,6,6,1,61,9,1596,1,18,BMW 1 SERIES,-1,-1,0,-1
2024991480222,2024,991480222,2,9,0,-1,19,3,1,-1,0,0,0,0,0,0,1,1,-1,9,1,74,10,1499,1,1,BMW 1 SERIES,10,-1,0,4
2024302400622,2024,302400622,1,9,0,18,19,7,3,0,0,7,1,0,1,3,1,1,6,6,1,18,4,1995,2,16,BMW 1 SERIES,8,E01019868,0,1
2024311423053,2024,311423053,1,9,0,-1,1,6,2,-1,0,1,0,0,0,0,2,1,-1,6,3,-1,-1,1600,2,12,BMW 1 SERIES,-1,-1,0,-1
2024131406183,2024,131406183,1,9,0,-1,9,7,1,-1,0,5,0,0,0,0,4,1,-1,9,2,27,6,1995,2,10,BMW 1 SERIES,9,E01011508,0,1
2024361490532,2024,361490532,1,9,0,-1,19,1,5,-1,0,8,0,0,0,0,1,1,-1,9,2,22,5,1995,2,11,BMW 1 SERIES,9,E01035148,0,3
2024520403009,2024,520403009,2,9,0,18,19,2,6,0,0,8,1,0,0,0,1,1,6,6,2,28,6,1598,2,10,BMW 1 SERIES,4,E01029152,0,1
2024211455025,2024,211455025,1,9,0,-1,19,1,1,-1,0,6,0,0,0,0,1,1,-1,6,1,34,6,1995,2,10,BMW 1 SERIES,2,E01025291,0,4
2024430624298,2024,430624298,1,9,0,18,19,4,8,0,0,0,0,0,0,0,1,1,6,6,1,30,6,1995,2,13,BMW 1 SERIES,-1,-1,0,-1
2024421439801,2024,421439801,1,9,0,-1,19,5,1,-1,0,1,0,0,0,0,1,9,-1,6,3,-1,-1,1596,1,17,BMW 1 SERIES,-1,-1,0,-1
2024451403070,2024,451403070,1,9,0,-1,19,4,8,-1,0,0,0,0,0,0,3,1,-1,9,1,24,5,1598,1,13,BMW 1 SERIES,4,E01028228,0,5
2024101398247,2024,101398247,1,9,0,-1,19,1,5,-1,0,8,0,0,0,0,1,1,-1,6,1,21,5,1995,2,14,BMW 1 SERIES,1,E01027412,0,2
2024061498003,2024,061498003,1,9,0,-1,3,1,5,-1,0,1,0,0,0,0,2,1,-1,2,1,44,7,1496,2,0,BMW 1 SERIES,3,E01004777,0,1
2024211416953,2024,211416953,1,9,0,-1,19,4,8,-1,0,1,0,0,0,0,1,9,-1,9,1,41,7,1995,2,10,BMW 1 SERIES,1,E01010239,0,4
2024201519374,2024,201519374,1,9,0,-1,19,5,1,-1,0,0,0,0,0,0,1,9,-1,6,1,23,5,1995,2,12,BMW 1 SERIES,8,E01029676,0,2
2024332400356,2024,332400356,1,9,0,-1,19,6,2,-1,0,0,0,0,7,0,1,1,-1,1,1,23,5,1499,1,4,BMW 1 SERIES,4,E01013786,0,4
2024010517063,2024,010517063,1,9,0,9,9,8,7,0,0,5,0,0,0,0,3,1,6,6,1,29,6,1499,1,9,BMW 1 SERIES,6,E01021551,0,4
2024552400758,2024,552400758,2,9,0,4,4,2,6,0,0,0,0,0,0,0,2,1,6,6,1,34,6,1995,2,15,BMW 1 SERIES,8,E01020376,0,1