collision_index,collision_year,collision_ref_no,vehicle_reference,vehicle_type,towing_and_articulation,vehicle_manoeuvre_historic,vehicle_manoeuvre,vehicle_direction_from,vehicle_direction_to,vehicle_location_restricted_lane_historic,vehicle_location_restricted_lane,junction_location,skidding_and_overturning,hit_object_in_carriageway,vehicle_leaving_carriageway,hit_object_off_carriageway,first_point_of_impact,vehicle_left_hand_drive,journey_purpose_of_driver_historic,journey_purpose_of_driver,sex_of_driver,age_of_driver,age_band_of_driver,engine_capacity_cc,propulsion_code,age_of_vehicle,generic_make_model,driver_imd_decile,lsoa_of_driver,escooter_flag,driver_distance_banding
2024440138402,2024,440138402,1,9,0,18,19,5,1,0,0,0,0,0,7,9,4,1,6,6,1,19,4,1598,1,11,BMW 1 SERIES,9,E01022783,0,1
2024010520329,2024,010520329,4,9,0,2,2,0,0,6,6,0,0,0,0,0,3,1,6,6,3,-1,-1,1590,1,12,BMW 1 SERIES,-1,-1,0,-1
2024161513498,2024,161513498,1,9,0,-1,9,5,1,-1,0,8,0,0,0,0,1,1,-1,6,1,33,6,1995,2,13,BMW 1 SERIES,1,E01013298,0,1
2024010545404,2024,010545404,2,9,0,5,5,0,4,8,6,8,0,0,0,0,2,1,6,6,1,26,6,1499,1,3,BMW 1 SERIES,3,E01002370,0,1
2024401541222,2024,401541222,2,9,0,-1,3,8,4,-1,0,1,0,0,0,0,2,1,-1,9,1,46,8,1995,2,12,BMW 1 SERIES,4,E01015724,0,1
2024351507960,2024,351507960,4,9,0,-1,10,8,4,-1,0,1,0,0,0,0,2,1,-1,9,1,46,8,1499,1,3,BMW 1 SERIES,8,E01018246,0,3
2024320249595,2024,320249595,2,9,0,-1,-1,2,6,0,0,1,5,0,1,9,1,1,-1,-1,2,33,6,1995,1,13,BMW 1 SERIES,-1,-1,0,-1
2024991501848,2024,991501848,1,9,0,-1,9,3,8,-1,0,8,0,0,0,0,1,1,-1,6,1,18,4,1496,2,7,BMW 1 SERIES,5,-1,0,2
2024211481329,2024,211481329,1,9,0,-1,19,1,5,-1,0,1,0,0,0,0,1,1,-1,6,2,32,6,1598,2,10,BMW 1 SERIES,-1,-1,0,-1
2024131504436,2024,131504436,2,9,0,-1,3,7,3,-1,0,8,0,0,0,0,3,1,-1,6,2,30,6,1496,2,5,BMW 1 SERIES,6,E01011551,0,2
2024361515385,2024,361515385,1,9,0,-1,9,3,1,-1,0,8,0,0,0,0,1,1,-1,9,1,51,8,1598,1,11,BMW 1 SERIES,6,E01033435,0,3
2024340WN5512,2024,340WN5512,1,9,0,-1,19,7,3,-1,0,8,0,0,0,0,3,1,-1,9,2,28,6,1598,1,10,BMW 1 SERIES,3,E01027228,0,1
2024522402693,2024,522402693,1,9,0,18,19,2,6,0,0,3,0,0,0,0,1,1,6,6,2,34,6,1995,2,11,BMW 1 SERIES,6,E01032671,0,1
2024361407912,2024,361407912,4,9,0,-1,9,4,8,-1,0,1,0,0,0,0,1,1,-1,6,2,43,7,1995,2,19,BMW 1 SERIES,7,E01026436,0,1
2024552400213,2024,552400213,1,9,0,18,19,8,4,0,0,0,2,0,0,0,0,1,6,6,1,34,6,1995,2,17,BMW 1 SERIES,7,E01020428,0,2
2024302500273,2024,302500273,1,9,0,-1,19,7,4,-1,0,0,5,0,1,11,1,1,-1,6,1,19,4,1596,1,17,BMW 1 SERIES,3,E01019503,0,1
2024070669429,2024,070669429,1,9,0,11,11,1,3,0,0,8,0,0,0,0,4,1,6,6,2,27,6,1499,1,2,BMW 1 SERIES,-1,-1,0,-1
2024221408963,2024,221408963,1,9,0,-1,19,1,5,-1,0,4,1,0,2,2,1,9,-1,9,1,31,6,1499,1,6,BMW 1 SERIES,7,E01034319,0,2
2024991537054,2024,991537054,1,9,0,-1,19,1,5,-1,0,4,0,0,0,0,1,1,-1,6,1,21,5,1499,1,1,BMW 1 SERIES,2,-1,0,2
2024010522176,2024,010522176,2,9,0,18,19,3,7,0,0,1,0,0,0,0,1,1,6,6,2,23,5,1499,1,7,BMW 1 SERIES,6,E01000459,0,2
2024320717734,2024,320717734,2,9,0,-1,-1,2,6,0,0,1,0,0,0,0,2,1,-1,-1,2,51,8,1997,1,9,BMW 1 SERIES,3,E01026041,0,1
2024361400422,2024,361400422,2,9,0,-1,10,1,8,-1,0,5,0,0,0,0,1,1,-1,6,1,37,7,1995,2,13,BMW 1 SERIES,5,E01026727,0,1
2024451441343,2024,451441343,2,9,0,-1,19,7,3,-1,0,0,0,0,0,0,1,1,-1,2,2,21,5,1599,1,16,BMW 1 SERIES,8,E01030405,0,1
2024010497795,2024,010497795,1,9,0,18,19,3,7,0,0,0,0,0,0,0,1,1,6,6,2,25,5,1596,1,19,BMW 1 SERIES,-1,-1,0,-1
2024461497217,2024,461497217,2,9,0,-1,19,5,1,-1,0,1,0,0,0,0,4,1,-1,6,1,35,6,1995,2,12,BMW 1 SERIES,4,E01024510,0,2
2024501430815,2024,501430815,2,9,0,-1,4,6,2,-1,0,1,0,0,0,0,2,1,-1,6,2,31,6,1995,2,15,BMW 1 SERIES,9,E01019906,0,3
2024010534763,2024,010534763,2,9,0,99,99,9,9,99,99,9,9,99,9,99,9,9,6,6,3,-1,-1,1496,2,9,BMW 1 SERIES,4,E01003224,0,1
2024101439044,2024,101439044,2,9,0,-1,6,5,3,-1,0,8,0,0,0,0,1,1,-1,9,2,34,6,1496,2,9,BMW 1 SERIES,1,E01035619,0,1
2024010501995,2024,010501995,2,9,9,99,99,9,9,99,99,9,9,99,9,99,9,9,6,6,3,-1,-1,1995,1,14,BMW 1 SERIES,-1,-1,0,-1
2024430408040,2024,430408040,1,9,0,18,19,7,3,0,0,0,0,4,0,0,1,1,6,6,2,40,7,1499,1,5,BMW 1 SERIES,9,E01035752,0,1
2024161416895,2024,161416895,1,9,0,-1,19,6,2,-1,0,8,0,0,7,11,1,1,-1,2,1,50,8,2996,1,17,BMW 1 SERIES,1,E01013159,0,1
2024311531537,2024,311531537,1,9,0,-1,19,6,2,-1,0,0,1,4,7,0,1,1,-1,6,1,45,7,1598,1,11,BMW 1 SERIES,-1,-1,0,-1
2024010520053,2024,010520053,1,9,0,99,99,9,9,99,99,0,9,99,9,99,9,9,6,6,2,49,8,1499,1,5,BMW 1 SERIES,1,E01003515,0,1
2024041532976,2024,041532976,2,9,0,-1,14,3,7,-1,0,0,0,0,0,0,4,1,-1,9,1,21,5,1499,1,8,BMW 1 SERIES,7,E01025597,0,1
2024111436459,2024,111436459,1,9,0,-1,19,5,1,-1,0,0,0,0,0,0,1,1,-1,9,1,47,8,1995,2,13,BMW 1 SERIES,2,E01008221,0,1
2024361509148,2024,361509148,1,9,0,-1,9,3,3,-1,0,0,0,0,0,0,2,1,-1,1,2,23,5,1995,2,10,BMW 1 SERIES,5,E01026728,0,1
2024061400984,2024,061400984,1,9,0,-1,9,5,3,-1,0,1,0,0,0,0,1,1,-1,9,1,20,4,1596,1,17,BMW 1 SERIES,1,E01034234,0,3
2024461442062,2024,461442062,1,9,0,-1,4,8,3,-1,0,0,0,0,0,0,2,9,-1,6,2,-1,-1,1995,1,14,BMW 1 SERIES,7,E01024403,0,1
2024320039702,2024,320039702,3,9,0,2,2,0,0,0,0,0,0,0,0,0,1,1,6,6,3,-1,-1,1499,1,7,BMW 1 SERIES,-1,-1,0,-1
2024302400882,2024,302400882,1,9,0,14,14,8,4,0,0,0,0,0,0,0,1,1,6,6,2,32,6,1995,2,11,BMW 1 SERIES,7,E01019700,0,1
2024461420092,2024,461420092,2,9,0,-1,19,5,8,-1,0,3,1,0,0,0,4,9,-1,9,1,21,5,1995,2,12,BMW 1 SERIES,4,E01016100,0,2
2024010504815,2024,010504815,3,9,0,17,19,7,3,0,0,3,0,0,0,0,1,1,6,6,3,-1,-1,1600,1,12,BMW 1 SERIES,-1,-1,0,-1
2024991473957,2024,991473957,2,9,0,-1,19,4,8,-1,0,8,2,0,1,0,1,1,-1,6,2,24,5,1995,2,9,BMW 1 SERIES,1,E01008545,0,5
2024201480999,2024,201480999,2,9,0,-1,19,4,8,-1,0,8,0,0,0,0,2,1,-1,6,1,-1,-1,1496,2,9,BMW 1 SERIES,-1,-1,0,-1
2024471458149,2024,471458149,2,9,0,-1,19,7,3,-1,0,2,0,0,0,0,1,1,-1,6,3,-1,-1,1598,1,10,BMW 1 SERIES,-1,-1,0,-1
2024131436221,2024,131436221,1,9,0,-1,5,7,3,-1,0,1,0,0,0,0,0,1,-1,2,2,34,6,1995,2,11,BMW 1 SERIES,1,E01011339,0,1
2024131399138,2024,131399138,1,9,0,-1,19,3,7,-1,0,0,0,0,0,0,4,1,-1,2,2,23,5,1496,2,8,BMW 1 SERIES,4,E01011870,0,3
2024451515828,2024,451515828,1,9,0,-1,9,7,5,-1,0,8,1,0,0,0,1,1,-1,2,1,23,5,1499,1,7,BMW 1 SERIES,4,E01030304,0,1
2024211436498,2024,211436498,2,9,0,-1,3,1,5,-1,0,0,0,10,0,0,2,1,-1,1,1,21,5,1995,2,14,BMW 1 SERIES,5,E01011902,0,5
2024131428080,2024,131428080,1,9,0,-1,-1,4,8,-1,-1,8,-1,-1,-1,0,-1,1,-1,6,1,40,7,1995,2,16,BMW 1 SERIES,3,E01011908,0,1
2024131485461,2024,131485461,1,9,0,-1,5,1,3,-1,0,1,0,0,0,0,2,1,-1,9,1,27,6,1499,1,3,BMW 1 SERIES,9,E01011508,0,1
2024461492870,2024,461492870,2,9,0,-1,19,5,1,-1,0,1,0,0,0,0,1,1,-1,9,1,35,6,1499,1,5,BMW 1 SERIES,9,E01000412,0,2
2024461407086,2024,461407086,2,9,0,-1,19,1,5,-1,0,0,1,0,1,3,1,9,-1,6,2,41,7,1995,2,14,BMW 1 SERIES,5,E01024086,0,1
2024070394732,2024,070394732,2,9,0,6,6,5,2,0,0,0,0,0,0,0,3,1,6,6,1,35,6,1499,1,7,BMW 1 SERIES,3,E01033302,0,1
2024440433228,2024,440433228,1,9,0,16,19,5,7,0,0,0,0,0,0,0,1,1,6,6,1,21,5,1995,2,12,BMW 1 SERIES,6,E01023179,0,1
2024010517768,2024,010517768,1,9,0,99,99,9,9,99,99,0,9,99,9,99,2,9,6,6,1,26,6,1995,2,9,BMW 1 SERIES,9,E01002285,0,1
2024332400240,2024,332400240,1,9,0,-1,3,1,5,-1,0,1,0,0,0,0,1,1,-1,9,1,31,6,1499,1,4,BMW 1 SERIES,10,E01025847,0,3
2024070565043,2024,070565043,1,9,0,18,19,1,5,0,0,0,0,0,0,0,1,1,1,1,1,43,7,1499,1,5,BMW 1 SERIES,7,E01018725,0,2
2024010515100,2024,010515100,1,9,0,18,19,5,1,0,0,1,0,10,1,2,1,1,6,6,3,24,5,1995,2,19,BMW 1 SERIES,-1,-1,0,-1
2024010501898,2024,010501898,2,9,0,18,19,3,7,0,0,8,0,0,0,0,1,1,2,2,2,27,6,1598,1,11,BMW 1 SERIES,3,E01003302,0,1
2024351433043,2024,351433043,2,9,0,-1,9,1,5,-1,0,1,0,0,0,0,2,1,-1,6,2,37,7,1995,2,10,BMW 1 SERIES,4,E01023592,0,4
2024471393931,2024,471393931,1,9,0,-1,19,1,5,-1,0,0,0,0,1,6,4,1,-1,9,1,20,4,1995,2,17,BMW 1 SERIES,8,E01031393,0,4
2024061415240,2024,061415240,1,9,0,-1,19,2,6,-1,0,0,0,0,0,0,1,1,-1,9,2,20,4,1995,2,13,BMW 1 SERIES,3,E01020871,0,5
2024471517944,2024,471517944,2,9,0,-1,4,7,3,-1,0,0,0,0,0,0,2,1,-1,6,1,30,6,1998,1,7,BMW 1 SERIES,8,E01021209,0,1
2024471489333,2024,471489333,1,9,0,-1,19,8,4,-1,0,0,0,0,0,0,1,1,-1,9,1,19,4,1995,2,17,BMW 1 SERIES,7,E01031351,0,1
2024302401748,2024,302401748,2,9,0,-1,19,1,5,-1,0,0,0,0,4,0,1,1,-1,6,2,25,5,1995,2,11,BMW 1 SERIES,1,E01029427,0,4
2024061521528,2024,061521528,5,9,0,-1,4,1,5,-1,0,0,0,0,0,0,1,1,-1,2,1,28,6,1499,1,5,BMW 1 SERIES,3,E01025267,0,4
2024501450666,2024,501450666,2,9,0,-1,19,7,3,-1,0,0,0,0,0,0,1,2,-1,6,1,33,6,1499,1,8,BMW 1 SERIES,4,E01019037,0,1
2024991433995,2024,991433995,1,9,0,-1,19,4,8,-1,0,0,0,0,0,0,1,1,-1,9,2,36,7,1499,1,6,BMW 1 SERIES,5,-1,0,1
2024361518382,2024,361518382,1,9,0,-1,5,4,8,-1,0,6,0,0,0,0,1,1,-1,2,1,40,7,1995,2,14,BMW 1 SERIES,5,E01026428,0,4
2024501425332,2024,501425332,1,9,0,-1,19,6,2,-1,0,0,0,0,0,0,1,9,-1,6,1,32,6,1596,1,18,BMW 1 SERIES,5,E01018840,0,2
2024440490845,2024,440490845,1,9,0,10,10,1,5,0,0,1,0,0,0,0,4,1,2,2,2,-1,-1,1598,2,11,BMW 1 SERIES,10,E01023180,0,1
2024451506920,2024,451506920,3,9,0,-1,19,7,3,-1,0,0,0,0,0,0,1,1,-1,2,2,21,5,1496,2,8,BMW 1 SERIES,7,E01023141,0,3
2024522402586,2024,522402586,1,9,0,10,10,2,8,0,0,5,0,0,0,0,3,1,6,6,1,25,5,1496,2,9,BMW 1 SERIES,6,E01033338,0,1
2024010519759,2024,010519759,1,9,0,7,7,7,8,0,0,3,0,0,0,0,1,1,6,6,2,51,8,1499,1,3,BMW 1 SERIES,4,E01001294,0,1
2024052402174,2024,052402174,3,9,0,18,19,3,7,0,0,1,0,0,0,0,3,1,1,1,1,25,5,1995,2,8,BMW 1 SERIES,1,E01006758,0,1
2024221483258,2024,221483258,3,9,0,-1,19,8,4,-1,0,0,0,0,7,9,1,1,-1,9,1,30,6,1995,2,5,BMW 1 SERIES,6,E01032405,0,2
2024991496503,2024,991496503,2,9,0,-1,4,7,3,-1,0,0,0,0,0,0,2,1,-1,2,1,66,10,1995,2,14,BMW 1 SERIES,6,-1,0,4
2024622400225,2024,622400225,1,9,0,9,9,6,4,0,0,8,0,0,0,0,3,1,6,6,1,58,9,1496,2,8,BMW 1 SERIES,1,W01001707,0,1
2024041426298,2024,041426298,1,9,0,-1,19,5,1,-1,0,1,0,0,0,0,1,1,-1,9,1,18,4,1496,2,3,BMW 1 SERIES,8,E01005570,0,3
202417L208924,2024,17L208924,2,9,0,-1,19,6,2,-1,0,8,0,0,0,0,1,1,-1,9,1,20,4,1496,2,5,BMW 1 SERIES,1,E01033471,0,1
2024061463377,2024,061463377,1,9,0,-1,19,-1,-1,-1,0,0,0,0,0,0,0,9,-1,6,3,-1,-1,1496,2,9,BMW 1 SERIES,-1,-1,0,-1
2024340NN2802,2024,340NN2802,1,9,0,-1,15,3,7,-1,0,3,0,0,0,0,3,1,-1,2,1,30,6,1995,2,14,BMW 1 SERIES,1,E01013692,0,4
2024201434045,2024,201434045,2,9,0,-1,19,1,5,-1,0,1,0,0,0,0,2,1,-1,6,2,29,6,1995,2,8,BMW 1 SERIES,1,E01009197,0,1
2024010513539,2024,010513539,2,9,0,99,99,9,9,99,99,9,9,99,9,99,9,9,6,6,3,20,4,1499,1,5,BMW 1 SERIES,3,E01002672,0,2
2024010500190,2024,010500190,2,9,0,7,7,1,4,0,0,1,1,0,0,0,1,1,6,6,1,23,5,1499,1,3,BMW 1 SERIES,4,E01003725,0,1
2024010546273,2024,010546273,2,9,0,3,3,7,3,0,0,1,0,0,0,0,4,1,6,6,1,-1,-1,1499,1,0,BMW 1 SERIES,8,E01004627,0,1
2024122400359,2024,122400359,3,9,0,10,10,1,7,0,0,8,0,0,0,0,2,1,6,6,2,50,8,1496,2,4,BMW 1 SERIES,9,E01027903,0,1
2024411531249,2024,411531249,1,9,0,-1,-1,-1,-1,-1,-1,-1,-1,-1,-1,0,-1,9,-1,6,3,-1,-1,1597,1,17,BMW 1 SERIES,-1,-1,0,-1
2024161404079,2024,161404079,1,9,0,-1,5,1,6,-1,0,0,0,0,0,0,4,1,-1,9,2,29,6,1995,2,9,BMW 1 SERIES,1,E01035468,0,1
2024531431196,2024,531431196,3,9,0,-1,15,2,6,-1,0,1,0,0,0,0,1,9,-1,6,1,38,7,1995,2,6,BMW 1 SERIES,4,W01001598,0,3
2024201475118,2024,201475118,1,9,0,-1,19,2,6,-1,0,1,0,0,0,0,1,9,-1,6,1,-1,-1,2996,1,19,BMW 1 SERIES,-1,-1,0,-1
2024061477592,2024,061477592,1,9,0,-1,15,2,6,-1,0,0,0,0,0,0,1,1,-1,9,1,36,7,1496,2,0,BMW 1 SERIES,-1,-1,0,-1
2024010515082,2024,010515082,2,9,0,4,4,5,1,0,0,8,0,0,0,0,1,1,2,2,1,45,7,1995,1,13,BMW 1 SERIES,10,E01018116,0,4
2024010504930,2024,010504930,1,9,9,99,99,9,9,99,99,0,9,99,9,99,9,9,6,6,3,-1,-1,1499,1,4,BMW 1 SERIES,-1,-1,0,-1
2024311505527,2024,311505527,1,9,0,-1,19,7,3,-1,9,0,1,4,7,0,1,1,-1,6,1,41,7,1995,2,15,BMW 1 SERIES,1,E01013818,0,2
2024010531046,2024,010531046,2,9,0,18,19,6,2,0,0,1,0,0,0,0,4,1,6,6,2,65,9,1499,1,1,BMW 1 SERIES,-1,-1,0,-1
2024111498100,2024,111498100,2,9,0,-1,7,8,2,-1,0,1,0,0,0,0,2,1,-1,9,2,32,6,1499,1,2,BMW 1 SERIES,2,E01034502,0,1
2024501414903,2024,501414903,3,9,0,-1,3,6,2,-1,0,1,0,0,9,0,2,9,-1,6,2,-1,-1,1598,1,11,BMW 1 SERIES,-1,-1,0,-1
2024221402467,2024,221402467,1,9,0,-1,19,6,2,-1,0,1,0,0,0,0,1,9,-1,6,2,29,6,1995,2,19,BMW 1 SERIES,8,E01032410,0,3
2024201500543,2024,201500543,2,9,0,-1,3,8,2,-1,0,1,0,0,0,0,2,2,-1,6,2,37,7,1499,1,0,BMW 1 SERIES,6,E01010114,0,2
2024010516768,2024,010516768,1,9,0,5,5,0,8,0,0,8,0,0,0,0,1,1,6,6,1,37,7,1499,1,8,BMW 1 SERIES,4,E01003222,0,2
2024430412550,2024,430412550,2,9,0,18,19,7,3,0,0,1,0,0,0,0,1,1,6,6,2,-1,-1,2996,1,14,BMW 1 SERIES,-1,-1,0,-1
2024421485529,2024,421485529,2,9,0,-1,4,7,3,-1,0,0,0,0,4,0,2,1,-1,6,2,37,7,1600,1,12,BMW 1 SERIES,4,E01030225,0,4
2024052401651,2024,052401651,1,9,0,17,19,3,7,0,0,0,1,10,7,0,4,1,6,6,1,39,7,1598,2,9,BMW 1 SERIES,1,E01007006,0,1
2024351477711,2024,351477711,3,9,0,-1,3,4,8,-1,0,0,0,0,0,0,2,1,-1,6,2,43,7,1995,2,11,BMW 1 SERIES,7,E01018057,0,3
2024401422308,2024,401422308,1,9,0,-1,7,5,1,-1,0,1,0,0,0,0,3,1,-1,6,1,38,7,1499,1,2,BMW 1 SERIES,10,E01017447,0,3
2024311491488,2024,311491488,1,9,0,-1,5,2,8,-1,0,8,1,0,0,0,1,1,-1,6,2,24,5,1499,1,4,BMW 1 SERIES,2,E01013966,0,1
2024201433144,2024,201433144,2,9,0,-1,3,8,4,-1,0,1,0,0,0,0,2,1,-1,6,1,30,6,1598,2,10,BMW 1 SERIES,-1,-1,0,-1
2024041435653,2024,041435653,1,9,0,-1,19,5,1,-1,0,0,0,0,0,0,1,1,-1,6,2,21,5,1496,2,4,BMW 1 SERIES,7,E01025462,0,1
2024531458543,2024,531458543,3,9,0,-1,19,1,5,-1,0,0,0,0,0,0,1,1,-1,6,2,53,8,2000,2,15,BMW 1 SERIES,9,E01022183,0,3
2024010497908,2024,010497908,2,9,0,2,2,0,0,6,6,2,0,0,0,0,1,1,6,6,3,-1,-1,1499,1,6,BMW 1 SERIES,-1,-1,0,-1
2024010549571,2024,010549571,1,9,0,5,5,3,7,0,0,0,0,0,0,0,1,1,6,6,1,25,5,1596,1,17,BMW 1 SERIES,2,E01001461,0,1
2024010520192,2024,010520192,2,9,9,99,99,9,9,99,99,9,9,99,9,99,9,9,6,6,3,-1,-1,1496,2,6,BMW 1 SERIES,-1,-1,0,-1
2024010530385,2024,010530385,3,9,0,99,99,9,9,99,99,9,9,99,9,99,1,9,6,6,3,-1,-1,1499,1,5,BMW 1 SERIES,-1,-1,0,-1
2024311424861,2024,311424861,1,9,0,-1,9,4,2,-1,0,8,0,0,0,0,2,9,-1,6,2,36,7,1499,1,8,BMW 1 SERIES,4,E01028165,0,1
2024421438520,2024,421438520,1,9,0,-1,19,1,4,-1,0,0,0,10,6,0,1,1,-1,6,-1,27,6,1995,2,14,BMW 1 SERIES,5,E01019201,0,5
2024541546424,2024,541546424,1,9,0,18,19,7,3,0,0,0,1,0,0,0,1,1,2,2,1,33,6,1995,2,19,BMW 1 SERIES,2,E01033846,0,1
2024520402716,2024,520402716,1,9,0,4,4,7,3,0,0,1,0,0,0,0,2,1,6,6,1,61,9,1499,1,5,BMW 1 SERIES,5,E01004737,0,5
2024101526749,2024,101526749,2,9,0,-1,19,6,2,-1,0,0,0,0,0,0,1,1,-1,6,2,32,6,1499,1,4,BMW 1 SERIES,-1,-1,0,-1
2024610042124,2024,610042124,2,9,0,18,19,1,5,0,0,0,0,0,0,0,3,1,6,6,1,48,8,1998,1,1,BMW 1 SERIES,5,W01001686,0,1
2024231454924,2024,231454924,1,9,0,-1,19,-1,-1,-1,0,3,0,0,0,0,3,9,-1,6,2,39,7,1496,2,7,BMW 1 SERIES,10,E01025835,0,2
2024548890024,2024,548890024,2,9,0,9,9,7,5,0,0,5,0,0,0,0,3,1,1,1,1,25,5,1995,2,12,BMW 1 SERIES,7,E01033844,0,2
2024041405714,2024,041405714,1,9,0,-1,19,8,4,-1,0,0,0,0,0,0,1,1,-1,6,2,20,4,1995,2,8,BMW 1 SERIES,2,E01012605,0,1
2024421506016,2024,421506016,1,9,0,-1,19,6,2,-1,0,0,2,0,1,0,1,1,-1,6,1,29,6,1598,1,9,BMW 1 SERIES,6,E01021344,0,2
202417M107424,2024,17M107424,1,9,0,-1,9,6,5,-1,0,2,0,0,0,0,1,1,-1,9,1,24,5,1995,2,15,BMW 1 SERIES,7,E01012007,0,1
2024991470497,2024,991470497,3,9,0,-1,7,2,6,-1,0,8,0,0,0,0,3,1,-1,6,1,19,4,1499,1,6,BMW 1 SERIES,8,-1,0,1
2024201433153,2024,201433153,2,9,0,-1,3,7,3,-1,0,1,0,0,0,0,2,1,-1,6,1,35,6,1995,2,12,BMW 1 SERIES,1,E01009514,0,1
2024430320177,2024,430320177,2,9,0,9,9,3,1,0,0,6,0,0,0,0,1,1,6,6,3,22,5,1995,2,11,BMW 1 SERIES,-1,-1,0,-1
2024461399255,2024,461399255,1,9,0,-1,12,3,7,-1,0,0,0,0,0,0,3,9,-1,6,1,45,7,1496,2,8,BMW 1 SERIES,6,E01035280,0,2
2024201549731,2024,201549731,1,9,0,-1,19,1,5,-1,0,8,0,0,0,0,3,1,-1,9,2,41,7,1995,2,10,BMW 1 SERIES,1,E01009758,0,1
2024451450824,2024,451450824,2,9,0,-1,19,1,5,-1,0,8,0,0,1,10,4,1,-1,9,1,23,5,1499,1,0,BMW 1 SERIES,10,E01004180,0,3
2024461500061,2024,461500061,2,9,0,-1,9,6,4,-1,0,1,0,0,0,0,3,9,-1,6,1,36,7,1995,1,15,BMW 1 SERIES,2,E01024548,0,3
2024340WN5382,2024,340WN5382,4,9,0,-1,19,7,3,-1,0,0,0,0,0,0,0,1,-1,6,1,24,5,1598,2,12,BMW 1 SERIES,8,E01027261,0,1
2024041444912,2024,041444912,2,9,0,-1,7,1,5,-1,0,6,0,0,0,0,3,1,-1,6,1,27,6,1496,2,8,BMW 1 SERIES,8,E01025233,0,1
2024610036924,2024,610036924,2,9,0,18,19,2,6,0,0,8,0,0,0,0,1,1,6,6,1,19,4,1598,1,12,BMW 1 SERIES,3,W01001348,0,1
202454B162024,2024,54B162024,1,9,0,9,9,3,7,0,0,6,0,0,0,0,1,1,6,6,2,29,6,1598,1,9,BMW 1 SERIES,3,E01034533,0,1
2024401498563,2024,401498563,2,9,0,-1,19,4,8,-1,0,1,0,0,0,0,0,1,-1,2,1,31,6,1995,2,11,BMW 1 SERIES,5,E01015742,0,1
2024430367406,2024,430367406,1,9,0,11,11,2,6,0,0,0,0,0,1,7,1,1,2,2,1,40,7,1499,1,6,BMW 1 SERIES,6,E01001343,0,4
2024471477849,2024,471477849,1,9,0,-1,19,2,6,-1,0,2,0,0,0,0,4,1,-1,6,2,77,11,1499,1,7,BMW 1 SERIES,9,E01024808,0,3
2024201506599,2024,201506599,1,9,0,-1,19,8,4,-1,0,3,0,0,0,0,4,1,-1,6,2,29,6,1995,2,17,BMW 1 SERIES,3,E01009294,0,1
2024631475666,2024,631475666,1,9,0,-1,4,6,2,-1,0,0,0,0,0,0,0,1,-1,9,1,43,7,1995,2,11,BMW 1 SERIES,4,W01000591,0,1
2024010546431,2024,010546431,1,9,0,99,99,9,9,99,99,9,9,99,9,99,2,9,2,2,2,53,8,1995,1,15,BMW 1 SERIES,2,E01003514,0,1
2024131535190,2024,131535190,1,9,0,-1,19,1,5,-1,0,1,0,0,0,0,4,1,-1,9,1,57,9,1995,2,8,BMW 1 SERIES,7,E01011938,0,1
2024010537823,2024,010537823,3,9,0,18,19,7,3,0,0,4,0,0,0,0,1,1,6,6,1,22,5,1995,2,7,BMW 1 SERIES,2,E01000022,0,1
2024311426362,2024,311426362,2,9,0,-1,19,1,4,-1,0,1,0,0,0,0,1,1,-1,6,1,-1,-1,1995,2,12,BMW 1 SERIES,-1,-1,0,-1
2024010550473,2024,010550473,2,9,0,99,99,9,9,99,99,9,9,99,9,99,2,9,6,6,1,41,7,1499,1,4,BMW 1 SERIES,4,E01000608,0,3
2024501494373,2024,501494373,2,9,0,-1,19,1,5,-1,0,1,0,0,0,0,1,1,-1,9,2,54,8,1995,2,14,BMW 1 SERIES,6,E01020045,0,2
2024440198017,2024,440198017,1,9,0,18,19,1,5,0,0,1,0,0,0,0,1,1,6,6,1,21,5,1995,2,18,BMW 1 SERIES,5,E01023026,0,1
2024201515243,2024,201515243,2,9,0,-1,19,4,8,-1,0,0,0,0,0,0,3,1,-1,6,2,41,7,1998,1,8,BMW 1 SERIES,1,E01033640,0,1
2024401446142,2024,401446142,2,9,0,-1,2,0,0,-1,0,0,0,0,0,0,3,1,-1,6,-1,-1,-1,1995,2,14,BMW 1 SERIES,-1,-1,0,-1
2024221420151,2024,221420151,1,9,0,-1,19,4,8,-1,0,0,0,0,0,0,1,9,-1,2,1,24,5,1496,2,2,BMW 1 SERIES,6,E01035066,0,3
2024211510487,2024,211510487,1,9,0,-1,19,7,3,-1,0,1,0,0,0,0,1,2,-1,6,1,32,6,1995,2,14,BMW 1 SERIES,-1,-1,0,-1
2024501411001,2024,501411001,1,9,0,-1,19,5,8,-1,0,8,1,0,0,0,4,1,-1,9,1,51,8,1995,2,9,BMW 1 SERIES,7,E01029070,0,5
2024221530716,2024,221530716,2,9,0,-1,19,1,6,-1,0,8,0,0,0,0,4,9,-1,6,1,24,5,2996,1,15,BMW 1 SERIES,6,E01032460,0,2
2024351394803,2024,351394803,2,9,0,-1,12,-1,-1,-1,0,1,0,10,0,0,4,9,-1,2,2,29,6,1598,2,10,BMW 1 SERIES,3,E01018180,0,4
2024201496686,2024,201496686,1,9,0,-1,19,6,2,-1,0,1,0,4,0,0,3,1,-1,6,2,-1,-1,1995,2,11,BMW 1 SERIES,7,E01009417,0,1
2024041458877,2024,041458877,1,9,0,-1,19,-1,-1,-1,0,0,0,0,0,0,1,1,-1,6,2,22,5,1995,2,14,BMW 1 SERIES,2,E01004813,0,4