collision_index,collision_year,collision_ref_no,vehicle_reference,vehicle_type,towing_and_articulation,vehicle_manoeuvre_historic,vehicle_manoeuvre,vehicle_direction_from,vehicle_direction_to,vehicle_location_restricted_lane_historic,vehicle_location_restricted_lane,junction_location,skidding_and_overturning,hit_object_in_carriageway,vehicle_leaving_carriageway,hit_object_off_carriageway,first_point_of_impact,vehicle_left_hand_drive,journey_purpose_of_driver_historic,journey_purpose_of_driver,sex_of_driver,age_of_driver,age_band_of_driver,engine_capacity_cc,propulsion_code,age_of_vehicle,generic_make_model,driver_imd_decile,lsoa_of_driver,escooter_flag,driver_distance_banding
2024010494953,2024,010494953,1,9,0,9,9,5,3,0,0,8,0,0,0,0,1,1,6,6,2,34,6,1998,1,5,BMW 1 SERIES,10,E01035555,0,4
2024131489517,2024,131489517,1,9,0,-1,12,7,2,-1,0,8,0,0,0,0,3,1,-1,6,1,56,9,1995,2,6,BMW 1 SERIES,7,E01011410,0,2
2024311511696,2024,311511696,2,9,0,-1,19,3,7,-1,0,0,0,0,0,0,1,1,-1,6,1,22,5,1998,1,7,BMW 1 SERIES,8,E01028411,0,2
2024311519799,2024,311519799,1,9,0,-1,-1,-1,-1,-1,-1,0,-1,-1,-1,0,-1,9,-1,2,1,33,6,1995,2,9,BMW 1 SERIES,-1,-1,0,-1
2024461417912,2024,461417912,1,9,0,-1,19,4,8,-1,0,0,0,0,0,0,1,9,-1,6,1,38,7,1496,2,9,BMW 1 SERIES,8,E01024313,0,1
2024461475215,2024,461475215,1,9,0,-1,14,6,3,-1,0,0,1,4,0,0,3,1,-1,9,2,41,7,1995,2,14,BMW 1 SERIES,4,E01024262,0,3
2024211482638,2024,211482638,2,9,0,-1,5,0,0,-1,0,6,1,0,3,0,4,1,-1,9,1,32,6,1995,2,14,BMW 1 SERIES,1,E01034055,0,1
2024471452725,2024,471452725,2,9,0,-1,19,8,4,-1,0,1,0,0,0,0,2,1,-1,6,2,45,7,1995,2,14,BMW 1 SERIES,4,E01031499,0,1
2024430237341,2024,430237341,1,9,0,5,5,3,7,0,0,6,0,0,0,0,0,1,6,6,1,42,7,1496,2,8,BMW 1 SERIES,9,E01028495,0,2
2024010492706,2024,010492706,1,9,0,18,19,1,5,0,0,0,0,0,0,0,1,1,6,6,2,56,9,1499,1,1,BMW 1 SERIES,3,E01021800,0,1
2024430580025,2024,430580025,1,9,0,9,9,6,4,0,0,6,0,0,0,0,1,1,1,1,1,47,8,1499,1,4,BMW 1 SERIES,10,E01003811,0,3
2024041510199,2024,041510199,1,9,0,-1,19,3,7,-1,0,0,0,0,0,0,1,1,-1,9,1,39,7,1496,2,3,BMW 1 SERIES,1,E01012603,0,1
2024010511793,2024,010511793,2,9,0,99,99,9,9,99,99,9,9,99,9,99,9,9,6,6,1,26,6,1598,1,11,BMW 1 SERIES,5,E01002759,0,1
2024071011370,2024,071011370,2,9,0,-1,3,2,6,-1,0,0,0,0,0,0,2,1,-1,9,1,39,7,1496,2,8,BMW 1 SERIES,3,E01018732,0,3
2024010518288,2024,010518288,1,9,0,99,99,9,9,0,0,0,9,99,9,99,2,9,2,2,1,24,5,1599,1,15,BMW 1 SERIES,9,E01003744,0,3
2024010525030,2024,010525030,2,9,0,99,99,9,9,99,99,9,9,99,9,99,9,9,6,6,3,-1,-1,1598,1,10,BMW 1 SERIES,-1,-1,0,-1
2024411399925,2024,411399925,2,9,0,-1,19,3,7,-1,0,8,0,0,0,0,1,9,-1,6,2,25,5,1995,2,13,BMW 1 SERIES,3,E01017568,0,3
2024211524076,2024,211524076,3,9,0,-1,2,0,0,-1,0,0,0,4,0,0,2,1,-1,6,-1,-1,-1,1995,2,9,BMW 1 SERIES,-1,-1,0,-1
2024351433400,2024,351433400,1,9,0,-1,9,3,1,-1,0,5,0,0,0,0,1,1,-1,6,1,31,6,1995,2,13,BMW 1 SERIES,9,E01018027,0,4
2024010549287,2024,010549287,2,9,0,99,99,9,9,99,99,9,9,99,9,99,1,9,6,6,2,-1,-1,1598,1,11,BMW 1 SERIES,3,E01003582,0,1
2024010498673,2024,010498673,3,9,0,18,19,7,3,0,0,8,0,0,0,0,1,1,6,6,1,24,5,1499,1,9,BMW 1 SERIES,2,E01004239,0,3
2024201466313,2024,201466313,2,9,0,-1,19,1,5,-1,0,8,0,0,0,0,1,9,-1,6,-1,-1,-1,1995,1,14,BMW 1 SERIES,-1,-1,0,-1
2024010500957,2024,010500957,2,9,0,99,99,9,9,99,99,9,9,99,9,99,9,9,6,6,3,-1,-1,1499,1,4,BMW 1 SERIES,-1,-1,0,-1
2024131404959,2024,131404959,2,9,0,-1,19,3,7,-1,0,8,0,0,0,0,1,1,-1,9,1,27,6,1598,2,11,BMW 1 SERIES,1,E01010617,0,1
2024421518446,2024,421518446,2,9,0,-1,19,4,6,-1,0,0,0,0,1,0,1,2,-1,6,1,41,7,1995,2,10,BMW 1 SERIES,-1,-1,0,-1
2024332400587,2024,332400587,2,9,0,-1,13,7,3,-1,0,0,0,0,0,0,1,1,-1,6,3,-1,-1,1995,2,14,BMW 1 SERIES,-1,-1,0,-1
2024052401217,2024,052401217,1,9,0,18,19,8,4,0,0,1,5,0,1,2,4,1,6,6,1,20,4,1995,2,5,BMW 1 SERIES,3,E01006433,0,1
2024320700955,2024,320700955,1,9,0,2,2,0,0,0,0,2,0,0,0,0,2,1,6,6,2,19,4,1590,1,11,BMW 1 SERIES,9,E01026226,0,2
2024010546311,2024,010546311,2,9,0,99,99,9,9,99,99,0,9,99,9,99,1,9,6,6,3,-1,-1,1995,2,7,BMW 1 SERIES,-1,-1,0,-1
2024522500033,2024,522500033,1,9,0,18,19,5,1,0,0,2,5,0,2,10,4,1,6,6,1,17,4,1995,2,17,BMW 1 SERIES,2,E01009954,0,5
2024070159002,2024,070159002,1,9,0,18,19,6,2,0,0,0,0,7,0,1,1,1,6,6,2,38,7,1597,1,17,BMW 1 SERIES,3,E01018489,0,1
2024440421606,2024,440421606,1,9,0,18,19,8,4,0,0,0,0,0,0,0,2,1,6,6,3,-1,-1,1995,2,9,BMW 1 SERIES,-1,-1,0,-1
2024421517078,2024,421517078,1,9,0,-1,19,6,2,-1,0,8,2,10,3,0,1,1,-1,9,1,19,4,1995,2,9,BMW 1 SERIES,2,E01009271,0,5
2024401476371,2024,401476371,1,9,0,-1,7,8,2,-1,0,6,0,0,0,0,1,1,-1,9,1,-1,-1,1499,1,5,BMW 1 SERIES,-1,-1,0,-1
2024991483618,2024,991483618,2,9,0,-1,19,8,4,-1,0,0,0,0,0,0,2,1,-1,9,1,30,6,1496,2,7,BMW 1 SERIES,4,-1,0,1
2024041442762,2024,041442762,2,9,0,-1,19,1,5,-1,0,0,0,0,0,0,0,1,-1,1,1,24,5,1995,2,15,BMW 1 SERIES,1,E01012625,0,2
2024440185132,2024,440185132,2,9,0,2,2,0,0,6,6,0,0,0,0,0,2,1,6,6,1,65,9,1995,2,19,BMW 1 SERIES,10,E01002917,0,4
2024991514382,2024,991514382,1,9,0,-1,19,4,8,-1,0,2,1,0,0,0,1,1,-1,9,1,17,4,1995,2,10,BMW 1 SERIES,-1,-1,0,-1
2024161444834,2024,161444834,2,9,0,-1,2,0,0,-1,0,1,0,0,0,0,4,1,-1,6,-1,-1,-1,1598,1,11,BMW 1 SERIES,-1,-1,0,-1
2024320261127,2024,320261127,2,9,0,-1,-1,8,6,0,0,3,0,0,1,11,4,1,-1,-1,1,19,4,1995,2,12,BMW 1 SERIES,3,E01026041,0,1
2024131511739,2024,131511739,2,9,0,-1,19,7,3,-1,0,1,0,0,0,0,1,1,-1,9,1,36,7,1995,2,7,BMW 1 SERIES,6,E01010592,0,2
2024141444694,2024,141444694,1,9,0,-1,19,5,1,-1,0,1,1,0,1,1,1,9,-1,6,1,22,5,1499,1,5,BMW 1 SERIES,2,E01000040,0,5
2024991515458,2024,991515458,1,9,0,-1,19,2,6,-1,0,0,1,0,1,4,1,1,-1,6,1,23,5,1998,1,3,BMW 1 SERIES,6,-1,0,1
2024010508047,2024,010508047,2,9,0,18,19,1,5,0,0,0,0,0,0,0,1,1,6,6,1,44,7,1496,2,8,BMW 1 SERIES,3,E01003526,0,1
2024161429599,2024,161429599,1,9,0,-1,19,4,8,-1,0,1,0,0,0,0,1,9,-1,6,2,34,6,1995,2,9,BMW 1 SERIES,7,E01013185,0,1
2024010542704,2024,010542704,1,9,0,-1,-1,5,1,9,9,1,0,7,0,0,1,2,6,6,1,23,5,1499,1,6,BMW 1 SERIES,7,E01021468,0,3
2024010513736,2024,010513736,1,9,0,17,19,6,2,0,0,1,0,0,0,0,1,1,6,6,1,32,6,1596,1,18,BMW 1 SERIES,3,E01002217,0,1
2024231484185,2024,231484185,2,9,0,-1,19,4,8,-1,0,8,0,0,0,0,1,1,-1,9,1,27,6,1496,2,8,BMW 1 SERIES,7,E01035033,0,1
2024010518948,2024,010518948,1,9,0,18,19,5,1,0,0,8,0,10,1,11,1,1,6,6,1,21,5,1499,1,6,BMW 1 SERIES,2,E01001770,0,3
2024131477994,2024,131477994,1,9,0,-1,-1,-1,-1,-1,-1,8,-1,-1,-1,0,-1,1,-1,6,3,-1,-1,1995,2,8,BMW 1 SERIES,-1,-1,0,-1
2024052402042,2024,052402042,2,9,0,17,19,2,6,0,0,0,0,0,0,0,1,1,6,6,1,46,8,1496,2,5,BMW 1 SERIES,8,E01006622,0,1
2024061528491,2024,061528491,2,9,0,-1,6,1,5,-1,0,0,0,4,0,0,3,1,-1,6,1,41,7,1597,1,17,BMW 1 SERIES,-1,-1,0,-1
2024010516222,2024,010516222,1,9,0,1,1,4,8,0,0,1,0,0,0,0,2,1,6,6,1,24,5,1499,1,7,BMW 1 SERIES,-1,-1,0,-1
2024311404934,2024,311404934,2,9,0,-1,5,2,7,-1,0,6,0,0,0,0,3,1,-1,9,1,46,8,1499,1,5,BMW 1 SERIES,8,E01028194,0,1
2024211430759,2024,211430759,1,9,0,-1,19,1,1,-1,-1,0,5,0,1,1,1,1,-1,6,1,58,9,1995,2,12,BMW 1 SERIES,5,E01019534,0,4
2024131426026,2024,131426026,1,9,0,-1,19,3,7,-1,0,1,0,0,0,0,1,1,-1,9,1,24,5,1995,2,17,BMW 1 SERIES,8,E01027558,0,4
2024451523651,2024,451523651,1,9,0,-1,3,2,4,-1,0,0,0,0,0,0,2,1,-1,9,1,31,6,1598,1,11,BMW 1 SERIES,5,E01030484,0,3
2024332400160,2024,332400160,2,9,0,-1,19,3,7,-1,0,0,1,0,0,0,1,1,-1,6,2,55,8,1995,2,12,BMW 1 SERIES,8,E01025888,0,1
2024991523905,2024,991523905,1,9,0,-1,19,8,3,-1,0,1,2,0,0,0,1,1,-1,6,1,42,7,1496,2,7,BMW 1 SERIES,2,-1,0,3
2024430626480,2024,430626480,1,9,0,18,19,5,1,0,0,8,0,0,0,0,3,1,6,6,1,26,6,1995,2,10,BMW 1 SERIES,-1,-1,0,-1
2024461472476,2024,461472476,1,9,0,-1,19,2,6,-1,-1,5,0,0,1,4,1,1,-1,2,1,54,8,1499,1,5,BMW 1 SERIES,7,E01024803,0,1
2024340WN7032,2024,340WN7032,1,9,0,-1,9,5,1,-1,0,1,0,0,0,0,1,1,-1,2,1,30,6,1995,2,8,BMW 1 SERIES,1,E01035413,0,4
2024340WN4662,2024,340WN4662,1,9,0,-1,13,1,5,-1,0,1,0,0,7,0,1,1,-1,6,3,-1,-1,1995,2,15,BMW 1 SERIES,-1,-1,0,-1
2024622400672,2024,622400672,1,9,0,18,19,8,4,0,0,0,0,0,0,0,1,1,6,6,1,39,7,1995,2,13,BMW 1 SERIES,1,W01001884,0,2
2024351526648,2024,351526648,1,9,0,-1,19,7,3,-1,0,1,1,4,0,0,1,9,-1,6,1,28,6,1995,2,18,BMW 1 SERIES,4,E01015623,0,1
2024371406198,2024,371406198,1,9,0,-1,13,4,8,-1,0,1,0,0,7,0,1,1,-1,6,1,44,7,1995,2,8,BMW 1 SERIES,9,E01033445,0,2
2024201456112,2024,201456112,1,9,0,-1,19,7,3,-1,0,0,0,0,0,0,1,1,-1,6,1,22,5,2979,1,16,BMW 1 SERIES,1,E01009104,0,1
2024311403884,2024,311403884,2,9,0,-1,19,1,5,-1,0,0,0,0,0,0,1,9,-1,6,2,32,6,1995,2,13,BMW 1 SERIES,4,E01035507,0,2
2024401496072,2024,401496072,2,9,0,-1,3,5,1,-1,0,0,0,0,0,0,4,1,-1,9,1,37,7,1596,1,19,BMW 1 SERIES,3,E01000515,0,4
2024010536978,2024,010536978,2,9,0,99,99,9,9,99,99,9,9,99,9,99,1,9,6,6,3,-1,-1,1995,1,14,BMW 1 SERIES,-1,-1,0,-1
2024231486375,2024,231486375,2,9,0,-1,19,6,2,-1,0,0,0,0,0,0,2,9,-1,6,1,36,7,1499,1,2,BMW 1 SERIES,5,E01010115,0,3
2024141534085,2024,141534085,1,9,0,-1,19,7,4,-1,0,0,0,0,0,0,1,1,-1,1,1,27,6,1995,2,15,BMW 1 SERIES,2,E01008114,0,3
2024141455445,2024,141455445,1,9,0,-1,19,2,6,-1,0,1,0,0,0,0,3,9,-1,6,2,-1,-1,1995,2,10,BMW 1 SERIES,2,E01007443,0,1
2024010497259,2024,010497259,1,9,0,9,9,7,4,2,2,5,0,0,0,0,4,1,6,6,1,18,4,1496,2,9,BMW 1 SERIES,4,E01000287,0,3
2024461481166,2024,461481166,3,9,0,-1,2,0,0,-1,0,1,0,0,0,0,2,2,-1,1,2,-1,-1,1598,2,11,BMW 1 SERIES,-1,-1,0,-1
2024010547962,2024,010547962,2,9,0,12,12,3,7,0,0,1,0,0,0,0,3,1,6,6,2,39,7,1995,1,14,BMW 1 SERIES,6,E01002371,0,2
2024201448895,2024,201448895,1,9,0,-1,19,2,6,-1,0,1,0,0,0,0,1,1,-1,6,1,25,5,1995,1,15,BMW 1 SERIES,-1,-1,0,-1
2024361461880,2024,361461880,2,9,0,-1,19,7,3,-1,0,1,0,0,0,0,1,1,-1,9,2,30,6,1499,1,5,BMW 1 SERIES,5,E01026487,0,2
2024010521576,2024,010521576,4,9,0,9,9,7,5,0,0,8,0,0,0,0,1,1,6,6,1,38,7,1598,1,11,BMW 1 SERIES,2,E01001549,0,2
2024131466836,2024,131466836,1,9,0,-1,13,5,1,-1,0,8,0,0,0,0,1,1,-1,6,3,-1,-1,1995,2,13,BMW 1 SERIES,-1,-1,0,-1
2024052401486,2024,052401486,2,9,0,10,10,6,2,0,0,1,0,0,0,0,2,1,2,2,1,42,7,1499,1,8,BMW 1 SERIES,1,E01006847,0,1
2024201443184,2024,201443184,1,9,0,-1,5,6,2,-1,0,0,0,0,0,0,1,9,-1,9,1,29,6,1496,2,9,BMW 1 SERIES,2,E01009075,0,1
2024471410073,2024,471410073,2,9,0,-1,19,5,1,-1,0,0,0,0,7,0,1,1,-1,9,1,74,10,1995,2,14,BMW 1 SERIES,2,E01021103,0,3
2024361409599,2024,361409599,2,9,0,-1,5,4,3,-1,0,8,0,0,0,0,3,9,-1,9,2,21,5,1995,2,13,BMW 1 SERIES,6,E01018047,0,4
2024041488863,2024,041488863,1,9,0,-1,19,7,3,-1,0,0,1,0,2,7,4,1,-1,9,1,33,6,1998,1,5,BMW 1 SERIES,2,E01007088,0,2
2024141446776,2024,141446776,2,9,0,-1,10,5,3,-1,0,8,0,0,0,0,3,1,-1,9,2,32,6,1496,2,9,BMW 1 SERIES,1,E01007377,0,1
2024332400279,2024,332400279,1,9,0,-1,9,4,2,-1,0,6,0,0,0,0,3,1,-1,9,1,27,6,1995,1,15,BMW 1 SERIES,3,E01029409,0,4
2024440368631,2024,440368631,2,9,0,3,3,5,1,0,0,1,0,0,0,0,2,1,6,6,1,46,8,1995,2,16,BMW 1 SERIES,5,E01017024,0,1
2024421485226,2024,421485226,2,9,0,-1,19,7,3,-1,0,1,0,0,0,0,1,1,-1,9,1,59,9,2000,1,16,BMW 1 SERIES,10,E01015908,0,1
2024010507428,2024,010507428,2,9,0,18,19,5,1,0,0,1,0,0,0,0,1,1,6,6,2,31,6,1998,1,7,BMW 1 SERIES,5,E01001863,0,3
2024231489944,2024,231489944,1,9,0,-1,1,8,4,-1,0,0,0,0,0,0,2,9,-1,6,2,38,7,1995,2,11,BMW 1 SERIES,-1,-1,0,-1
2024052402451,2024,052402451,2,9,0,18,19,7,3,0,0,1,0,0,0,0,1,1,6,6,2,26,6,1995,2,10,BMW 1 SERIES,1,E01006648,0,1
2024141449745,2024,141449745,1,9,0,-1,3,1,5,-1,0,0,0,0,0,0,2,1,-1,9,2,26,6,1995,2,10,BMW 1 SERIES,4,E01008019,0,1
2024010498886,2024,010498886,1,9,0,18,19,7,3,0,0,8,0,4,8,1,1,1,6,6,1,32,6,1995,2,9,BMW 1 SERIES,2,E01001875,0,1
2024201470339,2024,201470339,2,9,0,-1,10,7,5,-1,0,8,0,0,0,0,3,1,-1,6,2,39,7,1995,2,16,BMW 1 SERIES,8,E01010122,0,1
2024010551785,2024,010551785,2,9,0,-1,-1,3,7,0,0,1,0,0,0,0,1,1,6,6,3,-1,-1,1995,2,9,BMW 1 SERIES,2,E01004722,0,1
2024340NN1082,2024,340NN1082,1,9,0,-1,9,4,1,-1,0,6,0,0,0,0,1,1,-1,9,2,35,6,1995,2,16,BMW 1 SERIES,7,E01027102,0,1
2024552400004,2024,552400004,1,9,0,7,7,7,2,0,0,6,0,0,0,0,3,1,6,6,1,52,8,1598,2,9,BMW 1 SERIES,1,E01015309,0,1
2024010552586,2024,010552586,2,9,0,99,99,9,9,99,99,9,9,99,9,99,1,9,6,6,3,-1,-1,1496,2,9,BMW 1 SERIES,-1,-1,0,-1
2024471465538,2024,471465538,1,9,0,-1,19,7,3,-1,0,4,0,0,0,0,1,1,-1,6,1,30,6,1995,2,14,BMW 1 SERIES,10,E01035350,0,1
2024522401101,2024,522401101,1,9,0,4,4,4,8,0,0,1,0,0,1,0,2,1,6,6,1,30,6,1995,1,13,BMW 1 SERIES,7,E01014528,0,2
2024471488292,2024,471488292,2,9,0,-1,13,3,7,-1,0,0,0,0,0,0,1,1,-1,9,1,36,7,1995,2,9,BMW 1 SERIES,6,E01031533,0,2
2024461474284,2024,461474284,1,9,0,-1,7,6,8,-1,0,1,0,0,0,0,1,1,-1,2,1,23,5,1995,2,12,BMW 1 SERIES,5,E01024788,0,1
2024061510783,2024,061510783,1,9,0,-1,7,7,1,-1,9,0,2,0,1,0,1,9,-1,6,1,20,4,1995,1,16,BMW 1 SERIES,-1,-1,0,-1
2024351446151,2024,351446151,1,9,0,-1,19,5,1,-1,0,7,0,0,0,0,1,9,-1,6,1,29,6,1499,1,5,BMW 1 SERIES,7,E01018168,0,1
2024421439254,2024,421439254,1,9,0,-1,5,4,8,-1,0,1,0,0,0,0,1,1,-1,6,1,20,4,1598,1,11,BMW 1 SERIES,5,E01034090,0,1
2024211501595,2024,211501595,2,9,0,-1,20,5,1,-1,0,0,0,0,0,0,1,1,-1,6,2,36,7,1496,2,9,BMW 1 SERIES,9,E01029518,0,1
2024320086576,2024,320086576,1,9,0,13,13,2,6,0,0,0,5,0,0,0,1,1,6,6,1,27,6,1995,2,13,BMW 1 SERIES,-1,-1,0,-1
2024361467692,2024,361467692,1,9,0,-1,5,5,1,-1,0,8,0,0,0,0,1,1,-1,6,2,-1,-1,1598,2,10,BMW 1 SERIES,-1,-1,0,-1
2024340NN2962,2024,340NN2962,1,9,0,-1,19,7,3,-1,0,0,0,0,0,0,1,1,-1,2,2,37,7,2000,2,15,BMW 1 SERIES,2,E01026966,0,1
2024201470558,2024,201470558,3,9,0,-1,19,2,6,-1,0,1,0,0,0,0,3,1,-1,9,1,24,5,1499,1,3,BMW 1 SERIES,-1,-1,0,-1
2024351451151,2024,351451151,1,9,-1,-1,5,3,7,-1,0,4,0,0,0,0,1,1,-1,6,2,59,9,1499,1,0,BMW 1 SERIES,7,E01000384,0,4
2024461484915,2024,461484915,1,9,0,-1,20,5,3,-1,9,0,0,0,0,0,1,9,-1,6,3,-1,-1,1496,2,8,BMW 1 SERIES,-1,-1,0,-1
2024440180159,2024,440180159,1,9,0,9,9,8,6,0,0,1,0,0,0,0,2,1,6,6,2,31,6,1598,1,12,BMW 1 SERIES,10,E01022693,0,2
2024451394371,2024,451394371,3,9,0,-1,99,5,1,-1,0,0,0,0,0,0,9,9,-1,6,2,20,4,1599,1,16,BMW 1 SERIES,-1,-1,0,-1
2024201437372,2024,201437372,1,9,0,-1,19,6,2,-1,0,0,0,0,0,0,4,1,-1,6,1,21,5,1499,1,7,BMW 1 SERIES,1,E01009214,0,2
2024111436822,2024,111436822,1,9,0,-1,19,8,4,-1,0,0,0,0,1,3,1,1,-1,6,1,32,6,1499,1,7,BMW 1 SERIES,4,E01034494,0,1
2024440522521,2024,440522521,3,9,0,18,19,3,7,0,0,0,0,0,0,0,2,1,6,6,2,-1,-1,1598,1,10,BMW 1 SERIES,-1,-1,0,-1
2024461494085,2024,461494085,1,9,0,-1,4,1,5,-1,0,4,1,11,8,1,1,1,-1,7,1,18,4,1496,2,4,BMW 1 SERIES,3,E01000498,0,4
2024451431946,2024,451431946,2,9,0,-1,13,3,7,-1,0,1,0,0,0,0,1,9,-1,6,2,45,7,1496,2,9,BMW 1 SERIES,-1,-1,0,-1
2024451468405,2024,451468405,2,9,0,-1,19,2,6,-1,0,1,0,0,0,0,1,1,-1,9,1,19,4,1995,2,12,BMW 1 SERIES,5,E01030459,0,1
2024122400971,2024,122400971,1,9,0,18,19,2,6,0,0,0,5,0,1,4,1,1,2,2,1,26,6,1995,2,17,BMW 1 SERIES,7,E01011399,0,2
2024340NN9032,2024,340NN9032,1,9,0,-1,19,5,1,-1,0,0,0,0,7,0,1,1,-1,6,1,43,7,1995,2,11,BMW 1 SERIES,1,E01015597,0,4
2024131474972,2024,131474972,1,9,0,-1,19,3,7,-1,0,4,0,0,0,0,1,1,-1,9,2,31,6,1496,2,5,BMW 1 SERIES,3,E01011519,0,1
2024361397863,2024,361397863,1,9,0,-1,19,3,7,-1,0,0,0,0,0,0,1,9,-1,6,2,37,7,1995,2,12,BMW 1 SERIES,5,E01026674,0,1
2024522402142,2024,522402142,2,9,0,18,19,7,3,0,0,6,0,0,0,0,1,1,6,6,3,-1,-1,1499,1,3,BMW 1 SERIES,-1,-1,0,-1
2024421439339,2024,421439339,1,9,0,-1,5,8,4,-1,0,0,0,0,0,0,1,1,-1,9,1,28,6,1995,1,13,BMW 1 SERIES,3,E01015986,0,3
2024041449878,2024,041449878,3,9,0,-1,2,0,0,-1,0,0,0,0,0,0,2,1,-1,6,-1,-1,-1,1995,2,10,BMW 1 SERIES,-1,-1,0,-1
2024010508292,2024,010508292,1,9,0,18,19,7,3,0,0,0,0,0,0,0,1,1,6,6,1,18,4,1598,1,12,BMW 1 SERIES,-1,-1,0,-1
2024440077606,2024,440077606,2,9,0,11,11,5,1,0,0,0,0,0,0,0,1,1,6,6,2,-1,-1,1499,1,5,BMW 1 SERIES,-1,-1,0,-1
2024010529135,2024,010529135,2,9,0,2,2,0,0,0,0,0,0,0,0,0,4,1,6,6,3,-1,-1,1499,1,5,BMW 1 SERIES,-1,-1,0,-1
2024061532476,2024,061532476,3,9,0,-1,19,1,5,-1,0,0,0,0,0,0,3,1,-1,2,2,30,6,1496,2,9,BMW 1 SERIES,-1,-1,0,-1
2024610053024,2024,610053024,1,9,0,18,19,5,1,0,0,0,0,0,0,0,1,1,6,6,1,40,7,1995,2,14,BMW 1 SERIES,3,W01001444,0,1
2024141522420,2024,141522420,1,9,0,-1,19,7,7,-1,0,6,0,0,0,0,1,1,-1,6,-1,-1,-1,1995,2,10,BMW 1 SERIES,-1,-1,0,-1
2024302400615,2024,302400615,1,9,0,17,19,4,2,0,0,0,0,0,1,11,1,1,6,6,1,33,6,1499,1,6,BMW 1 SERIES,5,E01005964,0,3
2024320275803,2024,320275803,1,9,0,-1,-1,6,2,0,0,1,0,0,1,0,1,1,-1,-1,1,56,9,1995,2,16,BMW 1 SERIES,1,E01026869,0,4
2024010499291,2024,010499291,2,9,0,18,19,6,2,0,0,8,0,0,7,0,4,1,3,7,1,20,4,1496,2,7,BMW 1 SERIES,4,E01003734,0,1
202454B445624,2024,54B445624,2,9,0,10,10,1,7,0,0,5,0,0,0,0,2,1,6,6,1,42,7,1995,2,12,BMW 1 SERIES,6,E01032692,0,1
2024041418866,2024,041418866,2,9,0,-1,19,2,6,-1,0,1,0,0,0,0,4,1,-1,2,1,23,5,1995,2,16,BMW 1 SERIES,2,E01025292,0,1
2024471425754,2024,471425754,3,9,0,-1,19,5,1,-1,0,1,0,0,0,0,1,1,-1,6,1,-1,-1,1995,2,15,BMW 1 SERIES,5,E01031523,0,2
202417S206424,2024,17S206424,1,9,0,-1,9,1,7,-1,0,8,0,0,1,9,2,1,-1,2,2,40,7,1499,1,4,BMW 1 SERIES,-1,-1,0,-1
2024221476278,2024,221476278,1,9,0,-1,19,6,2,-1,0,0,1,10,1,10,1,1,-1,6,1,24,5,1995,2,17,BMW 1 SERIES,9,E01032349,0,1
2024552400006,2024,552400006,1,9,0,18,19,8,4,0,0,0,0,0,7,11,4,1,6,6,1,21,5,1995,2,10,BMW 1 SERIES,7,E01020498,0,3
2024122400731,2024,122400731,2,9,0,18,19,3,7,0,0,1,0,0,7,0,4,1,2,2,1,58,9,1995,1,13,BMW 1 SERIES,10,E01010648,0,4
2024010520244,2024,010520244,2,9,0,18,19,5,1,0,0,1,0,0,0,0,1,1,6,6,1,34,6,1499,1,0,BMW 1 SERIES,-1,-1,0,-1
2024010515134,2024,010515134,6,9,0,2,2,0,0,0,0,0,0,0,0,0,4,1,6,6,3,-1,-1,1598,1,11,BMW 1 SERIES,-1,-1,0,-1
2024010526461,2024,010526461,2,9,0,7,7,1,4,0,0,1,0,0,0,0,4,1,6,6,1,24,5,1499,1,7,BMW 1 SERIES,4,E01003529,0,2
2024010541892,2024,010541892,2,9,0,9,9,7,5,1,1,5,0,0,0,0,4,1,6,6,1,34,6,1499,1,9,BMW 1 SERIES,-1,-1,0,-1
2024010508144,2024,010508144,1,9,0,9,9,3,1,2,2,5,0,0,0,0,1,2,1,1,1,66,10,1499,1,7,BMW 1 SERIES,3,E01004023,0,1
2024010549252,2024,010549252,2,9,0,18,19,1,5,0,0,0,0,0,0,0,1,1,6,6,2,24,5,1598,1,9,BMW 1 SERIES,1,E01000782,0,2
2024471496846,2024,471496846,1,9,0,-1,19,6,1,-1,0,8,5,0,0,0,4,1,-1,9,1,27,6,1995,2,12,BMW 1 SERIES,4,E01021002,0,1
2024501409597,2024,501409597,1,9,0,-1,19,4,1,-1,0,1,1,0,1,7,4,9,-1,2,2,30,6,1499,1,1,BMW 1 SERIES,9,E01019984,0,4
2024010500376,2024,010500376,1,9,0,9,9,7,5,0,0,8,0,0,0,0,1,1,6,6,2,29,6,1496,2,9,BMW 1 SERIES,6,E01002353,0,1
2024401525402,2024,401525402,1,9,0,-1,7,1,5,-1,0,0,0,0,0,0,2,1,-1,6,1,30,6,1995,2,8,BMW 1 SERIES,9,E01006365,0,5
2024061444321,2024,061444321,1,9,0,-1,19,8,4,-1,0,0,0,0,0,0,1,1,-1,9,2,30,6,1995,2,18,BMW 1 SERIES,1,E01032558,0,1
2024141509708,2024,141509708,1,9,0,-1,19,3,7,-1,0,0,0,4,1,3,2,1,-1,9,1,20,4,1995,2,10,BMW 1 SERIES,3,E01007679,0,3
2024501404300,2024,501404300,1,9,0,-1,19,4,1,-1,0,0,0,0,0,0,1,9,-1,6,2,44,7,1596,1,17,BMW 1 SERIES,5,E01019066,0,1
2024010517907,2024,010517907,2,9,0,9,9,7,5,0,0,8,0,0,0,0,1,1,6,6,2,24,5,1499,1,6,BMW 1 SERIES,7,E01003152,0,2
2024131419732,2024,131419732,1,9,0,-1,-1,-1,-1,-1,-1,-1,-1,-1,-1,0,-1,1,-1,6,3,-1,-1,1995,2,16,BMW 1 SERIES,-1,-1,0,-1