collision_index,collision_year,collision_ref_no,vehicle_reference,vehicle_type,towing_and_articulation,vehicle_manoeuvre_historic,vehicle_manoeuvre,vehicle_direction_from,vehicle_direction_to,vehicle_location_restricted_lane_historic,vehicle_location_restricted_lane,junction_location,skidding_and_overturning,hit_object_in_carriageway,vehicle_leaving_carriageway,hit_object_off_carriageway,first_point_of_impact,vehicle_left_hand_drive,journey_purpose_of_driver_historic,journey_purpose_of_driver,sex_of_driver,age_of_driver,age_band_of_driver,engine_capacity_cc,propulsion_code,age_of_vehicle,generic_make_model,driver_imd_decile,lsoa_of_driver,escooter_flag,driver_distance_banding
2024010531578,2024,010531578,1,9,0,99,99,9,9,99,99,9,9,99,9,99,1,9,6,6,3,37,7,1499,1,7,BMW 1 SERIES,8,E01003446,0,1
2024101472575,2024,101472575,2,9,0,-1,-1,-1,-1,-1,-1,0,-1,-1,-1,0,2,1,-1,6,2,24,5,1598,2,10,BMW 1 SERIES,-1,-1,0,-1
2024351473947,2024,351473947,1,9,0,-1,13,7,3,-1,0,0,0,0,0,0,1,1,-1,6,2,20,4,2000,2,12,BMW 1 SERIES,10,E01017995,0,1
2024111462046,2024,111462046,2,9,0,-1,4,6,8,-1,0,0,0,0,0,0,4,1,-1,9,2,49,8,1499,1,3,BMW 1 SERIES,4,E01020904,0,1
2024010504825,2024,010504825,1,9,0,18,19,3,7,0,0,8,0,0,0,0,1,1,6,6,2,36,7,1499,1,4,BMW 1 SERIES,3,E01002774,0,1
2024201459438,2024,201459438,1,9,0,-1,19,8,4,-1,0,8,0,0,0,0,4,1,-1,6,2,56,9,1598,1,11,BMW 1 SERIES,-1,-1,0,-1
2024461475913,2024,461475913,1,9,0,-1,19,1,5,-1,0,4,2,10,1,0,1,1,-1,9,2,21,5,1995,1,16,BMW 1 SERIES,7,E01032822,0,1
202417S112324,2024,17S112324,2,9,0,-1,9,3,1,-1,0,8,0,0,0,0,0,1,-1,6,1,-1,-1,1995,2,11,BMW 1 SERIES,-1,-1,0,-1
2024052400579,2024,052400579,2,9,0,18,19,8,4,0,0,1,0,0,0,0,3,1,6,6,1,33,6,1598,1,10,BMW 1 SERIES,8,E01006668,0,1
2024302400913,2024,302400913,1,9,0,17,19,3,8,0,0,0,0,0,0,0,3,1,2,2,2,34,6,1995,2,14,BMW 1 SERIES,1,E01019625,0,2
2024440011810,2024,440011810,1,9,0,2,2,0,0,0,0,1,0,0,0,0,4,1,6,6,2,24,5,1995,2,13,BMW 1 SERIES,5,E01022480,0,1
2024451522968,2024,451522968,1,9,0,-1,11,1,5,-1,0,0,0,0,1,0,1,1,-1,1,1,26,6,1499,1,6,BMW 1 SERIES,4,E01001156,0,4
2024501471800,2024,501471800,2,9,0,-1,11,-1,-1,-1,0,0,0,99,0,0,1,1,-1,6,2,37,7,1995,2,17,BMW 1 SERIES,5,E01015091,0,1
2024361428920,2024,361428920,1,9,0,-1,4,7,3,-1,0,0,0,0,0,0,1,9,-1,9,2,27,6,1995,2,20,BMW 1 SERIES,1,E01026809,0,4
2024122400880,2024,122400880,2,9,0,13,13,2,6,0,0,0,0,0,0,0,1,1,1,1,2,22,5,1995,1,14,BMW 1 SERIES,4,E01034980,0,1
2024010499692,2024,010499692,2,9,0,9,9,7,4,0,0,2,0,0,0,0,3,1,6,6,1,87,11,1496,2,8,BMW 1 SERIES,7,E01000748,0,1
2024221513453,2024,221513453,3,9,0,-1,10,4,2,-1,0,8,0,0,0,0,1,1,-1,6,1,19,4,1995,2,9,BMW 1 SERIES,6,E01014184,0,4
2024010543080,2024,010543080,1,9,0,16,19,1,5,0,0,4,0,0,0,0,1,1,6,6,2,78,11,1499,1,2,BMW 1 SERIES,6,E01002662,0,1
2024501484555,2024,501484555,1,9,0,-1,3,4,8,-1,0,0,0,0,0,0,2,1,-1,9,2,50,8,1499,1,8,BMW 1 SERIES,6,E01015102,0,2
2024622400312,2024,622400312,1,9,0,18,19,8,4,0,0,0,0,0,4,0,1,2,6,6,1,26,6,1995,2,14,BMW 1 SERIES,4,W01001313,0,1
2024371431791,2024,371431791,1,9,0,-1,19,5,7,-1,0,0,0,0,0,0,3,1,-1,9,1,21,5,1598,1,12,BMW 1 SERIES,8,E01029885,0,1
2024451533867,2024,451533867,1,9,0,-1,19,1,5,-1,0,0,2,0,0,0,3,1,-1,2,1,23,5,1995,2,4,BMW 1 SERIES,10,E01030368,0,1
2024522401924,2024,522401924,2,9,0,18,19,2,6,0,0,0,5,0,6,0,4,1,6,6,2,52,8,1995,2,16,BMW 1 SERIES,6,E01014812,0,4
2024221494841,2024,221494841,1,9,0,-1,19,3,6,-1,0,0,1,0,7,4,1,1,-1,6,1,43,7,1995,2,10,BMW 1 SERIES,3,E01014005,0,1
2024010496882,2024,010496882,1,9,0,9,9,7,6,0,0,1,0,0,0,0,1,1,6,6,1,37,7,1596,1,16,BMW 1 SERIES,-1,-1,0,-1
2024371503821,2024,371503821,1,9,0,-1,19,1,7,-1,0,0,0,0,0,0,1,1,-1,9,1,31,6,1995,2,16,BMW 1 SERIES,1,E01030249,0,1
2024451487214,2024,451487214,6,9,0,-1,19,3,7,-1,0,0,0,0,0,0,1,1,-1,9,2,20,4,1995,2,9,BMW 1 SERIES,4,E01030551,0,1
2024010534078,2024,010534078,2,9,0,9,9,1,7,0,0,5,0,0,0,0,1,1,6,6,3,-1,-1,1499,1,1,BMW 1 SERIES,-1,-1,0,-1
2024501438301,2024,501438301,1,9,0,-1,15,2,5,-1,9,8,0,0,1,0,3,9,-1,6,1,21,5,1995,2,11,BMW 1 SERIES,5,E01020088,0,3
2024010546720,2024,010546720,2,9,0,18,19,7,3,0,0,2,0,0,0,0,1,1,6,6,2,31,6,1598,1,12,BMW 1 SERIES,6,E01030767,0,4
2024340NN0912,2024,340NN0912,1,9,0,-1,19,7,3,-1,0,1,0,10,1,4,1,1,-1,9,1,69,10,1995,2,10,BMW 1 SERIES,2,E01026975,0,2
2024010532519,2024,010532519,1,9,0,3,3,2,6,0,0,0,0,0,0,0,2,1,2,2,1,25,5,1499,1,4,BMW 1 SERIES,2,E01000604,0,1
2024411504350,2024,411504350,1,9,0,-1,19,6,2,-1,0,0,0,0,0,0,1,1,-1,1,1,28,6,2000,2,15,BMW 1 SERIES,8,E01034364,0,1
2024501437667,2024,501437667,1,9,0,-1,19,7,3,-1,0,0,0,0,7,0,3,1,-1,1,1,45,7,1995,2,19,BMW 1 SERIES,3,E01018978,0,2
2024501491161,2024,501491161,2,9,0,-1,4,8,4,-1,0,8,0,0,0,0,2,1,-1,2,2,33,6,1995,2,12,BMW 1 SERIES,6,E01020226,0,4
2024401435564,2024,401435564,2,9,0,-1,19,1,5,-1,0,1,0,0,0,0,1,1,-1,6,1,22,5,1598,1,9,BMW 1 SERIES,3,E01001448,0,4
2024471488172,2024,471488172,3,9,0,-1,2,0,0,-1,0,0,0,0,0,0,2,1,-1,6,-1,-1,-1,1995,2,8,BMW 1 SERIES,-1,-1,0,-1
2024010537658,2024,010537658,1,9,0,18,19,6,2,0,0,0,0,0,1,0,1,1,2,2,2,23,5,1995,2,7,BMW 1 SERIES,6,E01022961,0,4
2024302401320,2024,302401320,1,9,0,16,19,3,6,0,0,0,0,0,0,0,3,1,6,6,2,34,6,1995,2,13,BMW 1 SERIES,5,E01019658,0,2
2024161444133,2024,161444133,2,9,0,-1,19,5,1,-1,0,1,0,0,0,0,1,1,-1,6,1,26,6,1995,2,11,BMW 1 SERIES,5,E01013236,0,1
2024320198612,2024,320198612,1,9,0,-1,-1,2,6,0,0,0,1,4,7,0,4,1,-1,-1,1,20,4,1598,2,11,BMW 1 SERIES,5,E01026373,0,1
2024201440243,2024,201440243,2,9,0,-1,9,4,2,-1,0,5,0,0,0,0,1,9,-1,6,1,-1,-1,1597,1,16,BMW 1 SERIES,-1,-1,0,-1
2024010503649,2024,010503649,1,9,0,99,99,9,9,99,99,9,9,99,9,99,9,9,6,6,1,32,6,1995,2,5,BMW 1 SERIES,4,E01003529,0,2
2024201443115,2024,201443115,2,9,0,-1,10,8,6,-1,0,8,0,0,0,0,3,1,-1,9,1,25,5,1499,1,4,BMW 1 SERIES,1,E01010066,0,2
2024041414241,2024,041414241,1,9,0,-1,19,8,5,-1,0,1,0,0,0,0,1,1,-1,2,1,19,4,1598,1,11,BMW 1 SERIES,4,E01007053,0,3
2024610032624,2024,610032624,2,9,0,2,2,0,0,0,0,0,0,0,0,0,3,1,6,6,1,30,6,1496,2,7,BMW 1 SERIES,9,W01001543,0,1
2024061497025,2024,061497025,1,9,0,-1,19,2,5,-1,0,0,0,0,0,0,1,1,-1,2,1,40,7,1598,2,10,BMW 1 SERIES,1,E01005138,0,1
2024401432253,2024,401432253,2,9,0,-1,-1,2,6,-1,-1,0,-1,-1,-1,0,2,1,-1,6,3,-1,-1,1995,2,9,BMW 1 SERIES,-1,-1,0,-1
2024211475057,2024,211475057,2,9,0,-1,3,2,6,-1,0,0,0,0,1,0,2,1,-1,6,2,30,6,1995,2,10,BMW 1 SERIES,7,E01028954,0,4
2024201425528,2024,201425528,2,9,0,-1,19,7,3,-1,0,8,0,10,7,11,1,1,-1,6,2,19,4,1499,1,5,BMW 1 SERIES,1,E01008899,0,1
202417H101324,2024,17H101324,2,9,0,3,3,4,8,0,0,4,0,0,0,0,1,1,6,6,2,28,6,1598,2,9,BMW 1 SERIES,7,E01011963,0,1
2024440343369,2024,440343369,1,9,0,6,6,3,3,0,0,0,0,0,0,0,1,1,6,6,2,30,6,1598,1,12,BMW 1 SERIES,5,E01022814,0,1
2024141464573,2024,141464573,1,9,0,-1,19,7,3,-1,0,0,1,0,1,11,1,1,-1,9,2,23,5,1995,2,2,BMW 1 SERIES,3,E01013245,0,3
2024131406925,2024,131406925,2,9,0,-1,19,2,6,-1,0,1,0,0,0,0,0,1,-1,9,1,52,8,1995,2,15,BMW 1 SERIES,5,E01010870,0,1
202454E732624,2024,54E732624,1,9,0,18,19,5,1,0,0,0,0,0,0,0,1,1,6,6,1,30,6,1598,2,10,BMW 1 SERIES,2,E01015543,0,4
2024231506415,2024,231506415,1,9,0,-1,19,4,8,-1,0,0,0,0,0,0,1,1,-1,6,1,36,7,1995,2,15,BMW 1 SERIES,4,E01029851,0,3
2024440242636,2024,440242636,2,9,0,2,2,0,0,0,0,0,0,0,0,0,2,1,6,6,1,26,6,1499,1,1,BMW 1 SERIES,6,E01017173,0,1
2024010522738,2024,010522738,2,9,0,99,99,9,9,99,99,9,9,99,9,99,2,9,2,2,2,43,7,1499,1,2,BMW 1 SERIES,2,E01034487,0,1
2024201478414,2024,201478414,1,9,0,-1,3,7,3,-1,0,0,0,0,0,0,1,1,-1,6,1,34,6,1995,2,17,BMW 1 SERIES,1,E01009304,0,1
2024010546276,2024,010546276,2,9,0,3,3,5,1,0,0,1,0,0,0,0,2,1,6,6,1,28,6,1499,1,0,BMW 1 SERIES,2,E01004301,0,2
2024440433228,2024,440433228,2,9,0,18,19,7,3,0,0,0,0,0,0,0,1,1,6,6,2,33,6,2000,2,15,BMW 1 SERIES,4,E01023154,0,1
202454B979924,2024,54B979924,1,9,0,18,19,4,8,0,0,0,0,0,4,6,1,1,6,6,1,76,11,1998,1,1,BMW 1 SERIES,9,E01015523,0,2
2024101416071,2024,101416071,2,9,0,-1,19,6,2,-1,0,8,1,0,0,0,1,1,-1,2,2,24,5,1496,2,2,BMW 1 SERIES,7,E01008765,0,1
2024201476618,2024,201476618,1,9,0,-1,19,7,3,-1,0,3,0,0,0,0,1,1,-1,9,1,71,10,1598,1,11,BMW 1 SERIES,5,E01029623,0,3
2024201456752,2024,201456752,1,9,0,-1,19,8,4,-1,0,8,0,0,0,0,1,1,-1,6,1,36,7,1995,2,10,BMW 1 SERIES,2,E01034312,0,1
2024552400892,2024,552400892,1,9,0,9,9,8,6,4,4,5,0,0,0,0,3,1,6,6,2,27,6,1995,2,11,BMW 1 SERIES,4,E01015343,0,1
2024231442997,2024,231442997,1,9,0,-1,9,8,6,-1,0,6,0,0,0,0,3,1,-1,9,1,78,11,1598,1,10,BMW 1 SERIES,1,E01013621,0,4
2024201442081,2024,201442081,2,9,0,-1,19,2,6,-1,0,8,0,0,0,0,1,9,-1,1,1,26,6,1499,1,4,BMW 1 SERIES,1,E01010235,0,2
2024440000830,2024,440000830,2,9,0,4,4,6,2,0,0,0,0,0,0,0,2,1,6,6,1,30,6,1995,1,20,BMW 1 SERIES,2,E01017265,0,1
2024311463848,2024,311463848,2,9,0,-1,8,3,7,-1,0,4,0,0,0,0,2,1,-1,9,2,49,8,1597,1,16,BMW 1 SERIES,8,E01028004,0,1
2024501413387,2024,501413387,1,9,-1,-1,19,2,6,-1,0,0,2,0,2,0,4,1,-1,9,2,28,6,2000,1,15,BMW 1 SERIES,5,E01020117,0,1
2024070996988,2024,070996988,2,9,0,-1,3,1,5,-1,0,0,0,0,0,0,2,1,-1,6,1,44,7,1496,2,7,BMW 1 SERIES,3,E01007240,0,3
2024991511918,2024,991511918,2,9,0,-1,2,0,0,-1,0,0,0,4,0,0,1,1,-1,6,-1,-1,-1,1995,2,10,BMW 1 SERIES,-1,-1,0,-1
2024052400887,2024,052400887,2,9,0,15,15,3,7,0,0,2,0,0,0,0,4,1,6,6,2,54,8,1499,1,1,BMW 1 SERIES,2,E01006477,0,2
2024141443392,2024,141443392,1,9,0,-1,19,5,1,-1,0,1,0,0,0,0,4,1,-1,9,1,47,8,1596,1,17,BMW 1 SERIES,1,E01008085,0,3
2024401500656,2024,401500656,1,9,0,-1,5,5,5,-1,0,1,0,0,0,0,1,1,-1,2,1,50,8,1995,2,17,BMW 1 SERIES,5,E01017520,0,1
2024471480692,2024,471480692,1,9,0,-1,19,7,3,-1,0,1,1,11,0,0,1,1,-1,9,1,19,4,1998,1,6,BMW 1 SERIES,10,E01021228,0,1
2024010544676,2024,010544676,2,9,0,99,99,9,9,99,99,9,9,99,9,99,9,9,6,6,1,76,11,1499,1,1,BMW 1 SERIES,8,E01002494,0,4
2024440557684,2024,440557684,2,9,0,4,4,8,4,0,0,8,0,0,0,0,2,1,6,6,3,-1,-1,1499,8,0,BMW 1 SERIES,-1,-1,0,-1
2024131499210,2024,131499210,2,9,0,-1,2,1,5,-1,0,8,0,0,0,0,2,1,-1,9,1,34,6,1995,2,10,BMW 1 SERIES,7,E01011145,0,2
2024201453306,2024,201453306,3,9,0,-1,4,7,3,-1,0,0,0,0,0,0,2,9,-1,9,1,27,6,1995,2,15,BMW 1 SERIES,1,E01010415,0,1
2024340NN2352,2024,340NN2352,1,9,0,-1,19,1,5,-1,0,0,0,0,0,0,4,1,-1,6,2,-1,-1,1499,1,7,BMW 1 SERIES,-1,-1,0,-1
2024610031924,2024,610031924,1,9,0,18,19,2,6,6,6,0,0,0,1,0,0,1,6,6,2,29,6,1499,1,6,BMW 1 SERIES,10,E01032298,0,4
2024411459698,2024,411459698,1,9,0,-1,19,3,7,-1,0,0,0,0,0,0,1,1,-1,1,2,40,7,1496,2,9,BMW 1 SERIES,7,E01023947,0,1
2024440204078,2024,440204078,3,9,0,17,19,7,4,0,0,2,0,0,0,0,3,1,6,6,2,43,7,1995,2,13,BMW 1 SERIES,8,E01031542,0,4
2024201462356,2024,201462356,2,9,0,-1,12,1,5,-1,0,0,0,0,0,0,2,1,-1,6,1,24,5,1998,1,5,BMW 1 SERIES,4,E01010426,0,2
2024010540411,2024,010540411,2,9,0,99,99,9,9,99,99,9,9,99,9,99,1,9,6,6,3,55,8,1596,1,18,BMW 1 SERIES,4,E01024182,0,4
2024302401427,2024,302401427,2,9,0,3,3,6,2,0,0,1,0,0,0,0,2,1,2,2,2,48,8,1995,2,15,BMW 1 SERIES,7,E01019716,0,1
2024010517355,2024,010517355,1,9,0,9,9,8,5,0,0,1,0,0,0,0,2,1,3,7,2,39,7,1499,1,9,BMW 1 SERIES,3,E01001722,0,1
2024010528019,2024,010528019,2,9,9,99,99,9,9,99,99,0,9,99,9,99,9,9,6,6,3,21,5,1499,1,7,BMW 1 SERIES,3,E01003295,0,3
2024610053424,2024,610053424,1,9,0,18,19,4,8,0,0,0,0,0,0,0,1,1,6,6,1,29,6,1995,2,12,BMW 1 SERIES,2,W01001385,0,1
2024520402179,2024,520402179,2,9,0,18,19,7,3,0,0,0,0,0,0,0,1,1,6,6,1,26,6,1995,2,10,BMW 1 SERIES,5,W01001824,0,4
2024041496926,2024,041496926,1,9,0,-1,9,7,5,-1,0,6,0,0,0,0,3,1,-1,9,1,25,5,1995,2,15,BMW 1 SERIES,2,E01014276,0,5
2024161464110,2024,161464110,1,9,0,-1,19,6,2,-1,0,1,0,0,0,0,1,1,-1,9,2,23,5,1496,2,6,BMW 1 SERIES,8,E01013148,0,1
2024501441727,2024,501441727,2,9,0,-1,2,0,0,-1,0,0,0,0,1,0,2,1,-1,6,2,30,6,1995,2,5,BMW 1 SERIES,4,E01015258,0,4
2024631441280,2024,631441280,1,9,0,-1,19,6,2,-1,0,0,1,0,1,3,1,1,-1,9,1,19,4,1995,2,16,BMW 1 SERIES,5,W01000717,0,2
2024010543153,2024,010543153,1,9,0,9,9,1,6,0,0,1,0,0,0,0,1,1,6,6,1,47,8,1499,1,6,BMW 1 SERIES,5,E01002546,0,1
2024031483149,2024,031483149,1,9,0,-1,3,1,7,-1,0,0,0,0,0,0,2,1,-1,6,1,51,8,1499,1,1,BMW 1 SERIES,-1,-1,0,-1
2024010497657,2024,010497657,1,9,0,16,19,3,7,0,0,1,0,11,0,0,1,1,6,6,1,51,8,1995,2,6,BMW 1 SERIES,2,E01002053,0,1
2024221513299,2024,221513299,2,9,0,-1,3,5,1,-1,0,1,0,0,0,0,2,9,-1,2,1,27,6,1995,2,8,BMW 1 SERIES,6,E01014184,0,1
2024201411376,2024,201411376,2,9,0,-1,9,8,6,-1,0,6,0,0,0,0,3,9,-1,9,2,23,5,1995,2,16,BMW 1 SERIES,5,E01025875,0,4
2024461488880,2024,461488880,1,9,0,-1,7,-1,-1,-1,0,0,0,0,0,0,1,9,-1,6,2,-1,-1,1597,1,16,BMW 1 SERIES,8,E01032825,0,3
2024471484273,2024,471484273,2,9,0,-1,11,2,6,-1,0,0,0,0,0,0,4,1,-1,6,2,70,10,2996,1,15,BMW 1 SERIES,10,E01031581,0,1
2024991397156,2024,991397156,1,9,0,-1,19,1,5,-1,0,0,5,10,0,0,1,1,-1,9,1,30,6,1598,1,12,BMW 1 SERIES,5,-1,0,1
2024351459671,2024,351459671,1,9,0,-1,19,1,5,-1,0,0,2,0,7,0,1,1,-1,2,1,22,5,1600,1,11,BMW 1 SERIES,6,E01026257,0,2
2024430331099,2024,430331099,1,9,0,18,19,2,6,0,0,8,0,0,7,0,1,1,6,6,1,18,4,1995,2,14,BMW 1 SERIES,3,E01033857,0,2
2024411445366,2024,411445366,1,9,0,-1,11,5,1,-1,0,0,0,0,0,0,1,1,-1,1,2,45,7,1598,2,11,BMW 1 SERIES,5,E01033838,0,4
2024201444702,2024,201444702,1,9,0,-1,9,1,6,-1,0,6,0,0,0,0,1,9,-1,6,1,-1,-1,1598,2,11,BMW 1 SERIES,-1,-1,0,-1
2024371404856,2024,371404856,1,9,0,-1,19,3,7,-1,0,2,0,0,0,0,1,1,-1,6,1,24,5,1596,1,19,BMW 1 SERIES,-1,-1,0,-1
2024141455705,2024,141455705,1,9,0,-1,19,7,3,-1,0,1,0,0,0,0,1,1,-1,6,1,-1,-1,2000,2,15,BMW 1 SERIES,-1,-1,0,-1
2024010534999,2024,010534999,2,9,0,99,99,9,9,99,99,9,9,99,9,99,9,9,6,6,1,24,5,1499,1,7,BMW 1 SERIES,8,E01003831,0,2
2024010493327,2024,010493327,2,9,0,9,9,5,2,0,0,1,0,0,0,0,1,1,2,2,2,40,7,1496,2,9,BMW 1 SERIES,6,E01002601,0,1
2024061439338,2024,061439338,1,9,0,-1,19,6,2,-1,0,1,0,0,0,0,4,1,-1,6,1,41,7,1995,2,11,BMW 1 SERIES,2,E01005960,0,1
2024221509856,2024,221509856,2,9,0,-1,19,1,5,-1,0,8,0,0,0,0,1,1,-1,6,2,25,5,1496,2,5,BMW 1 SERIES,3,E01014072,0,2
2024010523322,2024,010523322,1,9,0,7,7,7,1,0,0,1,0,0,0,0,1,1,6,6,1,50,8,1596,1,19,BMW 1 SERIES,4,E01001934,0,1
2024543142824,2024,543142824,1,9,0,16,19,6,2,0,0,0,0,0,0,0,3,1,6,6,2,40,7,1995,2,17,BMW 1 SERIES,6,E01032037,0,1
2024421495105,2024,421495105,1,9,0,-1,-1,-1,-1,-1,-1,-1,-1,-1,-1,0,-1,9,-1,6,2,-1,-1,1995,2,14,BMW 1 SERIES,-1,-1,0,-1
2024122400598,2024,122400598,1,9,0,9,9,5,1,0,0,8,0,0,1,0,0,1,1,1,1,24,5,1995,1,16,BMW 1 SERIES,10,E01011702,0,3
2024231538529,2024,231538529,1,9,0,-1,8,5,7,-1,0,1,0,0,0,0,3,1,-1,7,2,44,7,1496,2,8,BMW 1 SERIES,7,E01031099,0,1
2024371439294,2024,371439294,2,9,0,-1,3,5,1,-1,0,0,0,0,0,0,2,1,-1,9,1,21,5,1598,1,11,BMW 1 SERIES,7,E01030207,0,1
2024440516628,2024,440516628,1,9,0,18,19,3,7,0,0,0,1,0,1,2,3,1,6,6,1,31,6,1995,2,15,BMW 1 SERIES,6,E01035451,0,3
2024211467475,2024,211467475,1,9,0,-1,19,2,6,-1,0,0,2,10,1,0,4,1,-1,6,1,19,4,1995,2,12,BMW 1 SERIES,-1,-1,0,-1
2024991481963,2024,991481963,2,9,0,-1,19,4,8,-1,0,0,0,0,0,0,1,1,-1,9,2,34,6,1499,1,5,BMW 1 SERIES,8,-1,0,2
2024041424248,2024,041424248,1,9,0,-1,19,3,7,-1,0,1,0,0,0,0,1,1,-1,2,1,44,7,1499,1,6,BMW 1 SERIES,9,E01025533,0,2
2024320734089,2024,320734089,3,9,0,2,2,0,0,0,0,0,0,0,0,0,1,1,6,6,1,37,7,1995,2,13,BMW 1 SERIES,3,E01015652,0,4
2024122401154,2024,122401154,2,9,0,18,19,2,6,0,0,8,0,0,0,0,1,1,1,1,1,24,5,1499,8,0,BMW 1 SERIES,9,E01011381,0,2
2024041458992,2024,041458992,1,9,0,-1,15,7,3,-1,0,0,1,0,7,0,4,1,-1,9,1,34,6,2979,1,16,BMW 1 SERIES,5,E01025604,0,1
2024351424556,2024,351424556,1,9,0,-1,19,5,3,-1,0,2,2,0,1,3,4,1,-1,6,1,17,4,1596,1,19,BMW 1 SERIES,9,E01018199,0,2
2024471451332,2024,471451332,1,9,0,-1,19,6,2,-1,0,1,0,0,0,0,1,1,-1,6,2,30,6,1598,1,9,BMW 1 SERIES,3,E01021057,0,1
2024440147925,2024,440147925,2,9,0,7,7,6,1,0,0,3,0,0,0,0,4,1,6,6,1,-1,-1,1995,2,8,BMW 1 SERIES,-1,-1,0,-1
2024070226333,2024,070226333,2,9,0,3,3,2,6,0,0,0,0,0,0,0,2,1,1,1,2,57,9,1995,1,15,BMW 1 SERIES,9,E01018737,0,2
2024010521942,2024,010521942,1,9,0,18,19,5,1,0,0,6,0,0,0,0,1,1,6,6,1,31,6,1598,1,12,BMW 1 SERIES,-1,-1,0,-1
2024201453399,2024,201453399,2,9,0,-1,8,1,3,-1,0,4,0,0,0,0,2,9,-1,9,1,27,6,1995,2,13,BMW 1 SERIES,2,E01034746,0,1
2024010547253,2024,010547253,2,9,0,99,99,9,9,99,99,9,9,99,9,99,4,9,6,6,3,-1,-1,1598,1,10,BMW 1 SERIES,-1,-1,0,-1
2024070515230,2024,070515230,1,9,0,9,9,3,7,0,0,8,0,0,0,0,3,1,2,2,1,23,5,1598,1,12,BMW 1 SERIES,9,E01018384,0,4
2024411429284,2024,411429284,1,9,0,-1,9,4,6,-1,0,4,0,0,0,0,3,1,-1,2,1,32,6,1995,2,14,BMW 1 SERIES,10,E01023451,0,1
2024101508466,2024,101508466,2,9,0,-1,19,1,5,-1,0,0,0,0,0,0,3,1,-1,6,2,26,6,1496,2,8,BMW 1 SERIES,1,E01033547,0,1
2024471476689,2024,471476689,2,9,0,-1,19,3,7,-1,0,0,0,0,7,10,1,1,-1,9,1,40,7,1496,2,7,BMW 1 SERIES,3,E01021060,0,1
2024101434034,2024,101434034,1,9,0,-1,5,7,3,-1,0,1,0,0,0,0,1,9,-1,6,1,26,6,1995,2,15,BMW 1 SERIES,-1,-1,0,-1
2024451506920,2024,451506920,4,9,0,-1,19,7,3,-1,0,0,0,0,0,0,1,1,-1,6,2,45,7,1995,2,18,BMW 1 SERIES,10,E01016523,0,2
2024221527665,2024,221527665,1,9,0,-1,19,6,2,-1,0,2,1,0,0,0,1,1,-1,6,3,23,5,1995,2,14,BMW 1 SERIES,-1,-1,0,-1
2024010523142,2024,010523142,3,9,0,7,7,3,5,0,0,8,0,99,0,0,4,1,6,6,2,75,10,2996,1,14,BMW 1 SERIES,8,E01001918,0,1
2024141434921,2024,141434921,1,9,0,-1,9,1,7,-1,0,5,0,0,0,0,1,1,-1,6,1,66,10,1598,1,9,BMW 1 SERIES,6,E01007833,0,1
2024371529964,2024,371529964,1,9,0,-1,19,5,1,-1,-1,0,1,0,1,4,4,1,-1,2,2,44,7,1995,2,11,BMW 1 SERIES,6,E01015644,0,4
2024311490866,2024,311490866,1,9,0,-1,7,4,6,-1,0,8,0,7,0,0,1,1,-1,9,1,52,8,1499,1,1,BMW 1 SERIES,1,E01027930,0,1
2024052400843,2024,052400843,3,9,0,2,2,0,0,0,0,0,0,0,0,0,2,1,6,6,3,-1,-1,1499,1,0,BMW 1 SERIES,-1,-1,0,-1
2024991476295,2024,991476295,1,9,0,-1,13,7,3,-1,0,0,1,4,0,0,3,1,-1,6,2,20,4,1995,2,11,BMW 1 SERIES,6,-1,0,1
2024041544136,2024,041544136,1,9,0,-1,1,3,7,-1,0,2,0,0,0,0,2,1,-1,6,1,44,7,1995,2,19,BMW 1 SERIES,1,E01024910,0,4
2024311442317,2024,311442317,1,9,0,-1,19,4,8,-1,0,0,2,0,1,0,3,1,-1,9,1,18,4,1995,2,16,BMW 1 SERIES,3,E01013873,0,2
2024010502568,2024,010502568,1,9,0,9,9,3,1,0,0,8,0,0,0,0,1,1,6,6,2,44,7,2996,1,15,BMW 1 SERIES,4,E01002814,0,1
2024610023724,2024,610023724,1,9,0,18,19,5,1,0,0,0,0,0,0,0,1,1,6,6,2,29,6,1598,2,10,BMW 1 SERIES,4,W01002032,0,1
2024201567475,2024,201567475,2,9,0,-1,19,6,2,-1,0,0,0,0,0,0,1,1,-1,6,1,33,6,1496,2,9,BMW 1 SERIES,-1,-1,0,-1
2024010515843,2024,010515843,1,9,0,5,5,7,3,0,0,8,0,0,0,0,1,1,6,6,1,19,4,1496,2,2,BMW 1 SERIES,2,E01032575,0,1
2024501439107,2024,501439107,1,9,0,-1,19,4,8,-1,0,0,1,0,7,2,1,1,-1,9,1,22,5,1995,2,12,BMW 1 SERIES,5,E01019019,0,1
2024010532053,2024,010532053,2,9,0,13,13,6,2,0,0,4,0,0,0,0,1,1,6,6,3,-1,-1,1995,1,16,BMW 1 SERIES,-1,-1,0,-1
2024361440520,2024,361440520,1,9,0,-1,19,7,3,-1,0,0,2,0,1,0,1,1,-1,6,1,28,6,1598,1,11,BMW 1 SERIES,8,E01026895,0,2
2024320682548,2024,320682548,2,9,0,7,7,2,3,0,0,5,0,0,0,0,2,2,-1,-1,1,17,4,1496,2,5,BMW 1 SERIES,4,E01026067,0,1
2024141519424,2024,141519424,1,9,0,-1,3,5,1,-1,0,1,0,0,0,0,3,1,-1,9,2,51,8,1995,2,10,BMW 1 SERIES,3,E01007458,0,1