collision_index,collision_year,collision_ref_no,vehicle_reference,vehicle_type,towing_and_articulation,vehicle_manoeuvre_historic,vehicle_manoeuvre,vehicle_direction_from,vehicle_direction_to,vehicle_location_restricted_lane_historic,vehicle_location_restricted_lane,junction_location,skidding_and_overturning,hit_object_in_carriageway,vehicle_leaving_carriageway,hit_object_off_carriageway,first_point_of_impact,vehicle_left_hand_drive,journey_purpose_of_driver_historic,journey_purpose_of_driver,sex_of_driver,age_of_driver,age_band_of_driver,engine_capacity_cc,propulsion_code,age_of_vehicle,generic_make_model,driver_imd_decile,lsoa_of_driver,escooter_flag,driver_distance_banding
2024010515429,2024,010515429,2,9,0,99,99,9,9,99,99,0,9,99,9,99,1,9,6,6,3,-1,-1,1496,2,9,BMW 1 SERIES,-1,-1,0,-1
2024201513507,2024,201513507,2,9,0,-1,1,2,6,-1,0,0,0,4,0,0,2,9,-1,9,1,71,10,1995,2,15,BMW 1 SERIES,2,E01010560,0,1
2024311526924,2024,311526924,1,9,0,-1,19,5,1,-1,0,2,0,0,0,0,1,1,-1,9,1,19,4,1499,1,6,BMW 1 SERIES,-1,-1,0,-1
2024010549593,2024,010549593,1,9,0,1,1,9,9,99,99,6,9,99,9,99,2,9,6,6,1,38,7,1596,1,18,BMW 1 SERIES,6,E01003653,0,1
2024141393632,2024,141393632,1,9,0,-1,19,7,3,-1,0,0,0,0,0,0,1,1,-1,9,2,44,7,1499,1,4,BMW 1 SERIES,4,E01034247,0,1
2024522401462,2024,522401462,2,9,0,1,1,1,5,0,0,1,0,0,0,0,2,1,6,6,3,-1,-1,1499,1,6,BMW 1 SERIES,-1,-1,0,-1
2024440380665,2024,440380665,3,9,0,18,19,3,7,0,0,0,0,0,0,0,3,1,2,2,2,40,7,1995,2,12,BMW 1 SERIES,8,E01016370,0,3
2024320617868,2024,320617868,2,9,0,4,4,4,8,0,0,0,0,0,0,0,2,1,-1,-1,1,20,4,1995,2,5,BMW 1 SERIES,4,E01026245,0,2
2024461426807,2024,461426807,1,9,0,-1,13,1,5,-1,0,0,2,0,0,0,2,1,-1,6,1,17,4,1998,1,5,BMW 1 SERIES,6,E01024187,0,1
2024520402733,2024,520402733,1,9,0,18,19,3,7,0,0,0,0,0,0,0,4,1,6,6,1,27,6,1499,1,9,BMW 1 SERIES,9,E01029076,0,1
2024231530620,2024,231530620,1,9,0,-1,19,5,1,-1,0,8,0,0,0,0,3,1,-1,6,2,51,8,1499,1,4,BMW 1 SERIES,6,E01031167,0,1
2024010504911,2024,010504911,1,9,0,9,9,5,3,0,0,8,0,0,0,0,3,1,6,6,1,20,4,1496,2,9,BMW 1 SERIES,5,E01009279,0,5
2024041516547,2024,041516547,1,9,0,-1,19,3,7,-1,0,0,0,0,0,0,1,1,-1,2,1,45,7,1995,2,10,BMW 1 SERIES,1,E01012537,0,4
2024211489289,2024,211489289,2,9,0,-1,19,1,5,-1,0,4,0,0,0,0,2,1,-1,6,2,-1,-1,1496,2,7,BMW 1 SERIES,4,E01029537,0,1
2024101396212,2024,101396212,2,9,0,-1,1,1,5,-1,0,8,0,0,0,0,2,9,-1,6,1,21,5,1995,2,7,BMW 1 SERIES,7,E01008464,0,3
2024522402283,2024,522402283,2,9,0,6,6,1,1,0,0,0,0,0,0,0,3,1,6,6,1,-1,-1,1499,1,3,BMW 1 SERIES,10,E01035220,0,1
2024371464143,2024,371464143,2,9,0,-1,19,2,6,-1,0,1,0,0,0,0,1,1,-1,2,2,58,9,1499,1,4,BMW 1 SERIES,6,E01030056,0,1
2024010519942,2024,010519942,2,9,0,99,99,9,9,99,99,9,9,99,9,99,1,9,6,6,3,-1,-1,1499,1,9,BMW 1 SERIES,-1,-1,0,-1
2024991502725,2024,991502725,2,9,0,-1,19,2,6,-1,0,1,0,0,1,1,3,1,-1,9,2,40,7,1598,2,10,BMW 1 SERIES,5,-1,0,1
2024361491067,2024,361491067,1,9,0,-1,5,7,3,-1,0,4,0,0,0,0,1,1,-1,9,2,38,7,1995,2,18,BMW 1 SERIES,1,E01026635,0,1
2024161434158,2024,161434158,1,9,0,-1,19,7,3,-1,0,0,0,2,0,0,1,1,-1,6,1,22,5,1598,2,12,BMW 1 SERIES,8,E01013151,0,2
2024221512518,2024,221512518,1,9,0,-1,19,2,6,-1,0,0,1,0,1,2,1,9,-1,6,1,37,7,1995,2,12,BMW 1 SERIES,5,E01032205,0,4
2024131501039,2024,131501039,1,9,0,-1,9,1,5,-1,0,0,1,0,0,0,1,1,-1,9,1,37,7,1995,2,15,BMW 1 SERIES,3,E01011488,0,1
2024122400654,2024,122400654,1,9,0,16,19,1,4,0,0,0,0,0,0,0,1,1,6,6,1,56,9,1499,1,0,BMW 1 SERIES,-1,-1,0,-1
2024010522707,2024,010522707,1,9,0,4,4,3,7,0,0,1,0,0,0,0,1,1,2,2,1,25,5,1499,1,7,BMW 1 SERIES,8,E01003815,0,1
2024221460499,2024,221460499,5,9,0,-1,19,6,4,-1,0,0,0,0,0,0,1,1,-1,6,1,47,8,1995,2,10,BMW 1 SERIES,3,E01013532,0,5
2024332400084,2024,332400084,3,9,0,-1,2,0,0,-1,0,2,0,0,0,0,2,1,-1,6,3,-1,-1,1995,1,14,BMW 1 SERIES,-1,-1,0,-1
2024520403236,2024,520403236,1,9,0,18,19,4,8,0,0,0,0,0,0,0,1,1,6,6,1,18,4,1596,1,19,BMW 1 SERIES,5,E01029185,0,1
2024552400499,2024,552400499,1,9,0,18,19,6,2,0,0,0,0,0,0,0,4,1,6,6,3,-1,-1,1499,1,1,BMW 1 SERIES,-1,-1,0,-1
2024231452860,2024,231452860,2,9,0,-1,7,8,4,-1,0,3,0,0,0,0,4,9,-1,2,1,23,5,1598,1,11,BMW 1 SERIES,1,E01010142,0,3
2024010488845,2024,010488845,2,9,0,1,1,1,5,0,0,0,0,0,0,0,3,1,6,6,1,30,6,1995,2,8,BMW 1 SERIES,4,E01002629,0,2
2024161397030,2024,161397030,1,9,0,-1,19,5,1,-1,0,8,0,0,0,0,3,1,-1,9,1,24,5,1995,2,4,BMW 1 SERIES,2,E01012869,0,4
2024461458544,2024,461458544,1,9,0,-1,19,6,2,-1,0,0,0,0,0,0,1,1,-1,9,2,20,4,1598,1,9,BMW 1 SERIES,5,E01024181,0,1
2024131502983,2024,131502983,2,9,0,-1,19,1,5,-1,0,8,0,0,0,0,4,1,-1,9,2,41,7,1995,2,11,BMW 1 SERIES,6,E01033696,0,1
2024010500061,2024,010500061,1,9,0,13,13,3,7,0,0,1,0,0,0,0,1,1,6,6,3,34,6,1995,2,17,BMW 1 SERIES,5,E01016496,0,4
2024440365908,2024,440365908,2,9,0,18,19,4,8,0,0,1,0,0,0,0,1,1,6,6,2,30,6,1995,2,14,BMW 1 SERIES,5,E01022640,0,3
2024311522421,2024,311522421,1,9,0,-1,19,3,5,-1,0,0,1,7,0,0,3,1,-1,6,1,25,5,1499,1,5,BMW 1 SERIES,-1,-1,0,-1
2024031456648,2024,031456648,1,9,0,-1,19,1,5,-1,0,0,0,0,5,6,3,1,-1,9,2,21,5,1598,1,11,BMW 1 SERIES,10,-1,0,5
2024201513998,2024,201513998,1,9,0,-1,3,2,6,-1,0,0,0,0,0,0,1,1,-1,6,1,-1,-1,1995,2,12,BMW 1 SERIES,-1,-1,0,-1
2024340WN3202,2024,340WN3202,1,9,0,-1,19,7,3,-1,0,0,0,4,0,0,1,1,-1,9,2,55,8,1995,2,9,BMW 1 SERIES,7,E01027135,0,2
2024010545315,2024,010545315,2,9,0,99,99,9,9,99,99,9,9,99,9,99,1,9,6,6,3,-1,-1,2996,1,13,BMW 1 SERIES,-1,-1,0,-1
2024631515951,2024,631515951,1,9,0,-1,19,8,4,-1,0,0,0,0,0,0,2,1,-1,9,2,42,7,1496,2,8,BMW 1 SERIES,5,W01002011,0,2
2024332400927,2024,332400927,1,9,0,-1,9,1,7,-1,0,5,0,0,0,0,1,1,-1,6,1,41,7,1496,2,8,BMW 1 SERIES,5,E01025875,0,1
2024471488258,2024,471488258,2,9,0,-1,4,2,6,-1,0,0,0,0,7,0,2,1,-1,2,2,54,8,1995,1,17,BMW 1 SERIES,7,E01031398,0,4
2024545420424,2024,545420424,1,9,0,18,19,8,4,0,0,1,5,0,1,5,1,1,6,6,1,23,5,1995,2,9,BMW 1 SERIES,6,E01015568,0,1
2024320329208,2024,320329208,2,9,0,13,13,3,7,0,0,0,0,0,0,0,4,1,-1,-1,2,55,8,1995,2,19,BMW 1 SERIES,-1,-1,0,-1
2024340WN5082,2024,340WN5082,2,9,0,-1,2,0,0,-1,0,0,0,0,0,0,2,1,-1,6,3,-1,-1,1995,2,10,BMW 1 SERIES,-1,-1,0,-1
2024471523672,2024,471523672,2,9,0,-1,19,2,6,-1,0,1,0,0,0,0,1,9,-1,6,1,44,7,1995,2,11,BMW 1 SERIES,7,E01035328,0,1
2024010532729,2024,010532729,1,9,0,99,99,9,9,99,99,9,9,99,9,99,9,9,6,6,2,34,6,1596,1,17,BMW 1 SERIES,2,E01001660,0,2
2024201467519,2024,201467519,2,9,0,-1,12,8,4,-1,0,0,0,0,0,0,1,1,-1,9,2,23,5,1496,2,7,BMW 1 SERIES,1,E01009152,0,1
2024411501926,2024,411501926,3,9,0,-1,19,3,7,-1,0,0,0,0,0,0,2,1,-1,6,1,23,5,1499,1,2,BMW 1 SERIES,2,E01003507,0,4
2024401523179,2024,401523179,1,9,0,-1,19,6,3,-1,0,0,0,0,0,0,1,1,-1,1,1,44,7,1496,2,9,BMW 1 SERIES,10,E01017397,0,1
2024311530923,2024,311530923,1,9,0,-1,5,1,6,-1,0,5,0,0,0,0,1,1,-1,9,2,27,6,1995,2,12,BMW 1 SERIES,2,E01028259,0,1
2024061532837,2024,061532837,3,9,0,-1,3,-1,-1,-1,0,0,0,0,0,0,2,1,-1,6,3,-1,-1,1499,1,4,BMW 1 SERIES,-1,-1,0,-1
2024010506054,2024,010506054,1,9,0,99,99,9,9,99,99,9,9,99,9,99,2,9,2,2,2,43,7,1499,1,8,BMW 1 SERIES,4,E01004453,0,1
2024161414019,2024,161414019,2,9,0,-1,19,2,6,-1,0,0,0,0,0,0,3,1,-1,9,1,22,5,1596,1,17,BMW 1 SERIES,3,E01013164,0,4
202454E863324,2024,54E863324,4,9,0,18,19,7,3,0,0,1,0,0,0,0,1,1,6,6,1,25,5,1499,1,6,BMW 1 SERIES,8,E01020491,0,4
2024041416358,2024,041416358,1,9,0,-1,19,1,5,-1,0,0,0,4,0,0,1,1,-1,9,1,21,5,1995,2,9,BMW 1 SERIES,8,E01024912,0,1
2024010520868,2024,010520868,1,9,0,3,3,1,5,0,0,4,0,0,0,0,1,1,6,6,1,37,7,1995,1,15,BMW 1 SERIES,6,E01003435,0,1
2024010506976,2024,010506976,2,9,0,99,99,9,9,99,99,9,9,99,9,99,9,9,6,6,2,45,7,1499,1,2,BMW 1 SERIES,3,E01003560,0,2
2024131398054,2024,131398054,1,9,0,-1,19,5,1,-1,0,0,0,10,1,2,4,1,-1,9,1,23,5,1496,2,6,BMW 1 SERIES,7,E01011512,0,1
2024041505061,2024,041505061,1,9,0,-1,9,7,3,-1,0,8,1,0,0,0,4,1,-1,6,2,38,7,1995,2,16,BMW 1 SERIES,3,E01024879,0,1
2024010526387,2024,010526387,1,9,0,99,99,9,9,99,99,9,9,99,9,99,2,9,6,6,2,26,6,1499,1,5,BMW 1 SERIES,9,E01030728,0,3
2024440542405,2024,440542405,1,9,0,10,10,3,1,0,0,1,0,0,0,0,2,1,6,6,2,55,8,1499,1,8,BMW 1 SERIES,7,E01017323,0,1
2024541343524,2024,541343524,1,9,0,18,19,1,5,0,0,0,0,10,1,4,1,1,6,6,1,26,6,1496,2,9,BMW 1 SERIES,8,E01015514,0,1
202454A516824,2024,54A516824,1,9,0,16,19,4,8,0,0,0,5,0,1,0,1,1,6,6,1,18,4,1597,1,16,BMW 1 SERIES,8,E01031694,0,5
2024552401377,2024,552401377,2,9,0,18,19,4,8,0,0,0,0,0,0,0,3,1,6,6,2,30,6,1499,1,4,BMW 1 SERIES,4,E01015339,0,2
2024010504581,2024,010504581,2,9,0,4,4,6,2,0,0,0,0,0,0,0,1,1,6,6,1,27,6,1499,1,2,BMW 1 SERIES,6,E01002636,0,1
2024231443043,2024,231443043,2,9,0,-1,4,8,4,-1,0,0,0,0,0,0,2,1,-1,9,1,26,6,1499,1,1,BMW 1 SERIES,10,E01032893,0,2
2024052402536,2024,052402536,1,9,0,18,19,1,5,0,0,0,0,10,1,0,1,1,6,6,1,23,5,1499,1,5,BMW 1 SERIES,6,E01006941,0,1
2024111511346,2024,111511346,1,9,0,-1,5,1,2,-1,0,6,0,0,0,0,3,1,-1,9,1,50,8,1998,1,5,BMW 1 SERIES,10,E01012337,0,1
2024231481445,2024,231481445,3,9,0,-1,3,8,6,-1,0,0,0,0,0,0,1,1,-1,6,1,65,9,1995,2,10,BMW 1 SERIES,3,E01031058,0,1
2024411517820,2024,411517820,2,9,-1,-1,-1,-1,-1,-1,-1,0,-1,-1,-1,0,-1,9,-1,6,2,36,7,1596,1,17,BMW 1 SERIES,1,E01025932,0,5
2024052400442,2024,052400442,1,9,0,18,19,3,7,0,0,1,0,0,0,0,1,2,6,6,2,28,6,1995,2,13,BMW 1 SERIES,1,E01006614,0,1
2024522402568,2024,522402568,2,9,0,2,2,0,0,0,0,0,0,0,0,0,3,1,6,6,1,25,5,1499,1,2,BMW 1 SERIES,7,E01035217,0,2
2024041527535,2024,041527535,1,9,0,-1,14,7,3,-1,0,0,2,0,1,11,1,1,-1,6,1,20,4,1995,2,18,BMW 1 SERIES,1,E01013496,0,5
2024522402879,2024,522402879,1,9,0,17,19,5,2,0,0,0,1,0,0,0,1,1,6,6,1,30,6,1995,2,10,BMW 1 SERIES,7,W01001584,0,4
2024141405622,2024,141405622,3,9,0,-1,4,1,5,-1,0,0,0,0,0,0,2,1,-1,6,2,23,5,1496,2,9,BMW 1 SERIES,5,E01013297,0,4
2024471522437,2024,471522437,1,9,0,-1,9,7,5,-1,0,6,0,0,0,0,1,1,-1,2,2,24,5,1995,2,7,BMW 1 SERIES,10,E01021192,0,1
2024122400659,2024,122400659,1,9,0,18,19,1,5,0,0,8,0,0,0,0,4,1,6,6,2,62,9,1995,2,11,BMW 1 SERIES,3,E01013335,0,1
2024522401608,2024,522401608,1,9,0,3,3,6,2,0,0,0,0,0,0,0,1,1,6,6,2,30,6,1499,1,2,BMW 1 SERIES,4,E01014968,0,2
2024031526539,2024,031526539,2,9,0,-1,19,5,1,-1,0,1,0,0,0,0,1,1,-1,9,2,49,8,1499,1,6,BMW 1 SERIES,9,E01019347,0,1
2024131523743,2024,131523743,1,9,0,-1,19,1,5,-1,0,4,0,0,0,0,1,1,-1,9,1,17,4,1995,2,14,BMW 1 SERIES,1,E01011360,0,4
2024010545929,2024,010545929,2,9,0,18,19,1,5,0,0,1,0,0,0,0,4,1,6,6,1,23,5,1499,1,6,BMW 1 SERIES,-1,-1,0,-1
2024201515080,2024,201515080,1,9,0,-1,19,4,8,-1,0,1,0,0,0,0,1,1,-1,6,2,38,7,1496,2,4,BMW 1 SERIES,2,E01009999,0,1
202417S108824,2024,17S108824,2,9,0,-1,4,4,8,-1,0,0,0,0,0,0,2,1,-1,2,2,38,7,1499,1,7,BMW 1 SERIES,6,E01012022,0,1
2024302401660,2024,302401660,1,9,0,16,19,2,5,0,0,0,0,0,0,0,1,1,6,6,1,42,7,1598,1,14,CHEVROLET CRUZE,1,E01005657,0,4
2024320711278,2024,320711278,1,9,0,-1,-1,2,6,0,0,0,0,0,0,0,1,1,-1,-1,1,50,8,1598,1,11,CHEVROLET CRUZE,9,E01034695,0,4
2024010530421,2024,010530421,2,9,0,99,99,9,9,99,99,9,9,99,9,99,9,9,6,6,1,-1,-1,1598,1,12,CHEVROLET CRUZE,7,E01001678,0,1
2024471406002,2024,471406002,1,9,0,-1,19,2,7,-1,0,1,0,0,0,0,1,1,-1,6,1,34,6,1991,2,14,CHEVROLET CRUZE,6,E01035334,0,1
2024031426894,2024,031426894,1,9,0,-1,9,8,5,-1,0,2,0,0,8,0,3,1,-1,9,1,84,11,1598,1,10,CHEVROLET CRUZE,-1,-1,0,-1
2024311435456,2024,311435456,1,9,0,-1,5,8,4,-1,0,8,0,0,0,0,1,1,-1,6,1,57,9,1991,2,14,CHEVROLET CRUZE,1,E01013860,0,2
2024451509630,2024,451509630,2,9,0,-1,19,5,1,-1,0,0,9,0,3,0,1,1,-1,6,1,27,6,1598,1,13,CHEVROLET CRUZE,4,E01001373,0,4
2024501418245,2024,501418245,2,9,0,-1,14,2,6,-1,0,0,0,4,0,0,3,1,-1,6,1,31,6,1598,1,11,CHEVROLET CRUZE,4,E01020100,0,1
2024010512678,2024,010512678,2,9,0,99,99,9,9,99,99,9,9,99,9,99,9,9,6,6,3,-1,-1,1796,1,11,CHEVROLET CRUZE,-1,-1,0,-1
2024302401121,2024,302401121,2,9,0,9,9,6,4,0,0,8,0,0,0,0,1,1,6,6,2,37,7,1686,2,11,CHEVROLET CRUZE,3,E01019672,0,4
2024461439095,2024,461439095,1,9,0,-1,1,1,5,-1,0,0,0,4,0,0,2,1,-1,6,1,25,5,1991,2,15,CHEVROLET CRUZE,-1,-1,0,-1
2024501528312,2024,501528312,1,9,0,-1,19,7,3,-1,0,0,0,0,0,0,1,1,-1,1,1,31,6,1991,2,14,CHEVROLET CRUZE,4,E01020052,0,2
2024311510693,2024,311510693,1,9,0,-1,7,1,7,-1,0,8,0,0,0,0,1,1,-1,6,2,71,10,1598,1,11,CHEVROLET CRUZE,9,E01028063,0,1
2024010519734,2024,010519734,2,9,0,99,99,9,9,99,99,9,9,99,9,99,1,9,6,6,3,-1,-1,1598,1,14,CHEVROLET CRUZE,-1,-1,0,-1
2024552400781,2024,552400781,1,9,0,18,19,8,4,0,0,0,0,0,1,4,1,1,2,2,2,48,8,1598,1,11,CHEVROLET CRUZE,1,E01015307,0,3
2024991408203,2024,991408203,2,9,0,-1,19,6,2,-1,0,0,0,0,0,0,4,1,-1,9,2,62,9,1598,1,12,CHEVROLET CRUZE,6,-1,0,3
2024461544934,2024,461544934,1,9,0,-1,2,0,0,-1,0,1,0,0,0,0,1,1,-1,9,1,26,6,1598,1,13,CHEVROLET CRUZE,5,E01024357,0,1
2024371427049,2024,371427049,1,9,0,-1,19,7,3,-1,0,1,0,0,0,0,1,1,-1,6,1,43,7,1598,1,13,CHEVROLET CRUZE,10,E01030084,0,1
2024010513713,2024,010513713,1,9,0,14,14,7,3,0,0,9,0,0,0,0,1,9,6,6,3,-1,-1,1598,1,13,CHEVROLET CRUZE,-1,-1,0,-1
2024430353406,2024,430353406,1,9,0,18,19,2,6,0,0,1,0,0,0,0,1,1,6,6,1,-1,-1,1991,2,14,CHEVROLET CRUZE,-1,-1,0,-1
2024041474745,2024,041474745,2,9,0,-1,19,1,5,-1,0,8,0,0,0,0,1,1,-1,9,1,65,9,1598,1,14,CHEVROLET CRUZE,5,E01025235,0,1
2024451459740,2024,451459740,1,9,0,-1,2,5,1,-1,0,0,0,0,0,0,2,1,-1,6,1,26,6,1598,1,11,CHEVROLET CRUZE,2,E01027105,0,5
202460Q180690,2024,60Q180690,3,9,0,18,19,8,4,0,0,1,0,0,0,0,0,1,6,6,1,25,5,1686,2,11,CHEVROLET CRUZE,-1,-1,0,-1
2024471520013,2024,471520013,1,9,0,-1,19,3,7,-1,0,0,0,0,0,0,1,1,-1,9,1,26,6,1991,2,14,CHEVROLET CRUZE,5,E01020936,0,3
2024131403024,2024,131403024,2,9,0,-1,2,0,0,-1,0,1,0,0,0,0,1,1,-1,6,-1,-1,-1,1686,2,11,CHEVROLET CRUZE,-1,-1,0,-1
2024991531489,2024,991531489,1,9,0,-1,19,2,6,-1,0,8,0,0,7,11,1,1,-1,6,2,77,11,1598,1,13,CHEVROLET CRUZE,-1,-1,0,-1
2024201444989,2024,201444989,2,9,0,-1,3,7,3,-1,0,0,0,0,0,0,2,1,-1,6,1,27,6,1598,1,15,CHEVROLET CRUZE,8,E01002328,0,5
2024052401489,2024,052401489,1,9,0,9,9,2,8,0,0,8,0,0,0,0,1,1,6,6,1,28,6,1598,1,11,CHEVROLET CRUZE,1,E01006763,0,1
2024201520463,2024,201520463,2,9,0,-1,19,8,1,-1,0,0,0,0,0,0,3,1,-1,6,1,-1,-1,1598,1,13,CHEVROLET CRUZE,1,E01010527,0,1
202417L109524,2024,17L109524,1,17,4,-1,19,6,2,-1,0,0,0,0,0,0,3,1,-1,1,1,59,9,15600,2,1,CLAAS MODEL MISSING,-1,-1,0,-1
2024231501129,2024,231501129,2,17,4,-1,9,6,4,-1,0,5,0,0,0,0,3,1,-1,1,1,25,5,6788,2,5,CLAAS MODEL MISSING,7,-1,0,5
2024361484043,2024,361484043,2,17,5,-1,19,3,7,-1,0,0,0,0,0,0,3,1,-1,1,1,55,8,16150,2,0,CLAAS MODEL MISSING,3,E01026694,0,4
2024041459654,2024,041459654,1,17,5,-1,19,3,7,-1,0,0,0,0,0,0,2,1,-1,2,1,72,10,6788,2,8,CLAAS MODEL MISSING,7,E01024921,0,1
2024211473402,2024,211473402,1,17,0,-1,19,5,1,-1,0,0,0,0,0,0,1,1,-1,1,1,24,5,16000,2,15,CLAAS MODEL MISSING,8,E01018515,0,2
2024501458590,2024,501458590,2,17,0,-1,19,1,5,-1,0,0,0,0,0,0,2,2,-1,1,1,57,9,3621,2,2,CLAAS MODEL MISSING,5,E01020308,0,1
2024031472848,2024,031472848,2,17,4,-1,19,3,8,-1,0,2,0,0,0,0,1,1,-1,1,1,20,4,6788,2,1,CLAAS MODEL MISSING,1,E01019231,0,2
2024351418060,2024,351418060,2,17,0,-1,19,8,4,-1,0,0,5,0,1,9,2,1,-1,1,1,38,7,4525,2,9,CLAAS MODEL MISSING,6,E01018020,0,1
2024070493631,2024,070493631,2,17,0,10,10,2,5,0,0,0,0,0,0,0,1,1,1,1,1,28,6,1560,2,3,CLAAS MODEL MISSING,7,E01018429,0,1
2024501477798,2024,501477798,1,17,0,-1,5,3,7,-1,-1,0,0,0,0,0,0,1,-1,1,1,25,5,6788,2,1,CLAAS MODEL MISSING,4,E01018979,0,4
2024461500881,2024,461500881,2,90,5,-1,19,1,4,-1,0,0,0,0,0,0,1,1,-1,1,1,57,9,6788,2,5,CLAAS MODEL MISSING,7,E01024459,0,2
2024991446755,2024,991446755,1,17,4,-1,9,5,3,-1,0,6,0,0,0,0,1,1,-1,1,1,38,7,6788,2,4,CLAAS MODEL MISSING,6,-1,0,4
2024991439916,2024,991439916,3,17,4,-1,4,4,1,-1,0,1,0,0,0,0,1,1,-1,1,1,28,6,6788,2,5,CLAAS MODEL MISSING,3,-1,0,1
2024991498132,2024,991498132,1,17,4,-1,9,1,7,-1,0,8,0,0,0,0,1,1,-1,1,1,22,5,6788,2,2,CLAAS MODEL MISSING,8,-1,0,1
2024440306223,2024,440306223,2,17,0,18,19,1,5,0,0,0,0,0,0,0,1,1,1,1,1,51,8,16000,2,9,CLAAS MODEL MISSING,8,E01032855,0,1
2024010537195,2024,010537195,2,19,0,5,5,3,7,0,0,1,0,0,0,0,3,1,1,1,1,26,6,1997,2,3,-1,3,E01034144,0,2
2024440381314,2024,440381314,1,19,0,4,4,1,5,0,0,8,0,0,0,0,1,1,1,1,1,33,6,1997,2,3,-1,9,E01022782,0,4
2024010517547,2024,010517547,1,19,0,18,19,5,1,0,0,2,0,0,0,0,3,1,6,6,1,57,9,1997,2,4,-1,5,E01001085,0,1
2024461428485,2024,461428485,1,19,0,-1,9,8,5,-1,0,5,0,0,7,0,1,9,-1,1,1,26,6,1997,2,4,-1,3,E01017242,0,5
2024531442839,2024,531442839,2,9,0,-1,3,2,6,-1,0,1,0,0,0,0,2,1,-1,6,1,35,6,1997,2,3,-1,2,E01022133,0,1
2024221516706,2024,221516706,2,19,0,-1,1,2,6,-1,0,0,0,0,0,0,0,9,-1,6,3,45,7,1598,2,6,-1,-1,-1,0,-1
2024440383200,2024,440383200,2,19,0,4,4,8,4,0,0,2,0,0,0,0,2,1,6,6,1,-1,-1,1997,2,4,-1,-1,-1,0,-1
2024131513281,2024,131513281,3,19,0,-1,2,5,5,-1,0,1,0,4,0,0,2,1,-1,6,-1,-1,-1,1997,2,3,-1,-1,-1,0,-1
2024010503316,2024,010503316,1,9,0,3,3,5,1,0,0,0,0,0,0,0,2,1,6,6,1,30,6,2143,2,8,-1,3,E01035653,0,1
2024010516959,2024,010516959,1,9,0,99,99,9,9,99,99,0,9,99,9,99,2,9,6,6,3,-1,-1,2143,2,8,-1,-1,-1,0,-1
2024302500237,2024,302500237,1,9,0,-1,5,8,5,-1,0,1,0,0,0,0,4,1,-1,1,2,42,7,2143,2,9,-1,10,E01019412,0,4
2024061441309,2024,061441309,2,9,0,-1,9,6,3,-1,0,8,0,0,0,0,3,1,-1,9,1,53,8,2143,2,6,-1,3,E01006002,0,1
2024221509191,2024,221509191,1,9,0,-1,9,6,3,-1,0,7,0,0,0,0,1,1,-1,9,1,77,11,2143,2,7,-1,5,E01022258,0,2
2024522403029,2024,522403029,1,21,0,1,1,2,6,0,0,1,0,0,0,0,0,1,1,1,1,37,7,6728,2,5,IVECO EUROCARGO,1,E01014595,0,2
2024351504310,2024,351504310,1,19,-1,-1,-1,-1,-1,-1,-1,-1,-1,-1,-1,0,-1,1,-1,6,1,34,6,6728,2,7,IVECO EUROCARGO,2,E01027151,0,4
2024010535461,2024,010535461,3,20,0,2,2,0,0,0,0,0,0,0,0,0,2,1,6,6,3,-1,-1,6728,2,6,IVECO EUROCARGO,-1,-1,0,-1
2024332400484,2024,332400484,1,20,0,-1,7,7,1,-1,0,6,0,0,0,0,4,1,-1,1,1,43,7,4485,2,4,IVECO EUROCARGO,8,E01025888,0,3
2024471469523,2024,471469523,2,20,0,-1,9,6,2,-1,0,0,0,0,0,0,3,1,-1,1,1,37,7,4485,2,6,IVECO EUROCARGO,2,E01021178,0,3
2024010535264,2024,010535264,2,20,0,-1,-1,1,5,0,0,9,0,99,9,99,9,1,6,6,1,30,6,4485,2,10,IVECO EUROCARGO,4,E01023447,0,4
2024221430525,2024,221430525,2,21,0,-1,19,1,5,-1,0,0,0,0,0,0,3,9,-1,1,1,50,8,4485,2,3,IVECO EUROCARGO,2,E01014071,0,4
2024991459514,2024,991459514,2,98,0,-1,19,8,4,-1,0,0,0,0,0,0,4,1,-1,1,1,65,9,4485,2,4,IVECO EUROCARGO,8,E01025277,0,5
2024440128855,2024,440128855,1,21,0,4,4,7,3,0,0,0,0,0,0,0,2,1,1,1,1,23,5,6728,2,7,IVECO EUROCARGO,8,E01022983,0,1
2024471450896,2024,471450896,2,98,0,-1,2,0,0,-1,0,2,0,0,0,0,0,1,-1,6,-1,-1,-1,4485,2,0,IVECO EUROCARGO,-1,-1,0,-1
2024501469599,2024,501469599,2,98,0,-1,19,3,6,-1,0,0,0,0,0,0,2,9,-1,6,1,59,9,4485,2,4,IVECO EUROCARGO,1,E01024397,0,5
2024010504199,2024,010504199,2,20,1,99,99,9,9,99,99,9,9,99,9,99,9,9,6,6,1,-1,-1,4485,2,2,IVECO EUROCARGO,8,E01030704,0,1
2024070267493,2024,070267493,3,19,0,3,3,4,8,0,0,0,0,0,0,0,2,1,1,1,1,60,9,-1,-1,-1,IVECO EUROCARGO,8,E01006886,0,4
2024501449697,2024,501449697,2,21,0,-1,2,0,0,-1,0,0,0,0,0,0,0,1,-1,6,-1,-1,-1,6728,2,6,IVECO EUROCARGO,-1,-1,0,-1