collision_index,collision_year,collision_ref_no,vehicle_reference,vehicle_type,towing_and_articulation,vehicle_manoeuvre_historic,vehicle_manoeuvre,vehicle_direction_from,vehicle_direction_to,vehicle_location_restricted_lane_historic,vehicle_location_restricted_lane,junction_location,skidding_and_overturning,hit_object_in_carriageway,vehicle_leaving_carriageway,hit_object_off_carriageway,first_point_of_impact,vehicle_left_hand_drive,journey_purpose_of_driver_historic,journey_purpose_of_driver,sex_of_driver,age_of_driver,age_band_of_driver,engine_capacity_cc,propulsion_code,age_of_vehicle,generic_make_model,driver_imd_decile,lsoa_of_driver,escooter_flag,driver_distance_banding
2024421465272,2024,421465272,1,21,0,-1,19,4,8,-1,0,0,0,0,0,0,1,1,-1,1,1,62,9,4485,2,3,IVECO EUROCARGO,5,E01033095,0,5
2024211484359,2024,211484359,1,20,0,-1,5,8,4,-1,0,0,0,0,0,0,1,1,-1,1,1,38,7,4485,2,1,IVECO EUROCARGO,1,E01009107,0,4
2024440439727,2024,440439727,1,21,0,5,5,7,3,0,0,6,0,0,0,0,2,1,1,1,1,36,7,6728,2,5,IVECO EUROCARGO,2,E01008173,0,5
2024461464720,2024,461464720,1,21,0,-1,19,3,7,-1,0,8,0,0,0,0,1,9,-1,6,1,-1,-1,4485,2,4,IVECO EUROCARGO,-1,-1,0,-1
2024340WN6982,2024,340WN6982,2,20,0,-1,5,5,1,-1,0,0,0,0,0,0,2,1,-1,1,1,58,9,4485,2,9,IVECO EUROCARGO,5,E01027123,0,3
2024061493897,2024,061493897,2,98,0,-1,19,3,7,-1,0,0,0,0,0,0,1,1,-1,1,1,55,8,4485,2,7,IVECO EUROCARGO,7,E01005691,0,3
2024010543487,2024,010543487,3,20,0,18,19,7,3,0,0,0,0,0,0,0,0,1,1,1,1,68,10,6728,2,0,IVECO EUROCARGO,5,E01002394,0,4
2024531406971,2024,531406971,2,21,0,-1,19,1,5,-1,0,0,0,0,0,0,2,1,-1,1,1,52,8,6728,2,3,IVECO EUROCARGO,6,E01031169,0,4
2024010537934,2024,010537934,2,20,0,3,3,1,5,0,0,1,0,0,0,0,0,1,1,1,1,33,6,4485,2,5,IVECO EUROCARGO,10,E01035360,0,4
2024231459706,2024,231459706,2,20,0,-1,19,8,4,-1,0,0,0,0,7,4,1,1,-1,1,1,57,9,4485,2,2,IVECO EUROCARGO,7,E01022205,0,4
2024991453923,2024,991453923,2,21,0,-1,2,5,1,-1,0,0,0,2,0,0,2,1,-1,1,1,30,6,6728,2,2,IVECO EUROCARGO,3,-1,0,4
2024231414704,2024,231414704,1,21,1,-1,19,2,6,-1,0,0,1,0,1,4,1,1,-1,1,1,26,6,4485,2,8,IVECO EUROCARGO,1,E01009309,0,4
2024622400161,2024,622400161,2,19,0,18,19,8,4,0,0,0,0,0,0,0,2,1,1,1,1,50,8,4485,2,5,IVECO EUROCARGO,4,W01001158,0,3
2024141482816,2024,141482816,1,90,0,-1,3,4,8,-1,0,0,0,0,0,0,3,1,-1,1,1,42,7,-1,-1,-1,IVECO EUROCARGO,1,E01008055,0,2
2024070777334,2024,070777334,2,20,0,-1,19,4,2,-1,0,2,0,0,0,0,1,1,-1,1,1,59,9,4485,2,5,IVECO EUROCARGO,-1,-1,0,-1
2024411407609,2024,411407609,2,19,0,-1,19,5,1,-1,0,7,0,0,0,0,4,1,-1,1,1,54,8,6728,2,5,IVECO EUROCARGO,7,E01029995,0,5
2024070988515,2024,070988515,2,21,0,-1,5,5,2,-1,0,8,0,0,0,0,1,1,-1,1,1,50,8,6728,2,1,IVECO EUROCARGO,-1,-1,0,-1
2024351538785,2024,351538785,1,9,0,-1,9,3,1,-1,0,8,0,0,0,0,3,1,-1,6,1,70,10,-1,3,0,-1,2,E01018071,0,1
2024122400868,2024,122400868,1,5,0,16,19,5,8,0,0,0,1,0,7,0,0,1,6,6,1,33,6,799,1,4,-1,1,E01012175,0,4
2024531484716,2024,531484716,1,5,0,-1,13,8,4,-1,0,0,0,0,0,0,0,1,-1,6,1,54,8,799,1,4,-1,8,E01032709,0,3
2024549896324,2024,549896324,1,5,0,18,19,2,6,0,0,0,0,0,1,0,1,1,2,2,1,34,6,799,1,4,-1,9,E01034543,0,2
2024010510348,2024,010510348,1,3,0,99,99,9,9,99,99,9,9,99,9,99,9,1,6,6,1,44,7,123,1,8,-1,2,E01003330,0,2
2024201458121,2024,201458121,2,3,0,-1,4,4,8,-1,0,1,1,0,0,0,1,1,-1,6,1,19,4,123,1,8,-1,3,E01010249,0,1
2024471424119,2024,471424119,1,3,0,-1,19,3,6,-1,0,0,0,0,0,0,1,1,-1,9,1,18,4,123,1,9,-1,3,E01031372,0,1
2024531406760,2024,531406760,1,3,0,-1,19,6,2,-1,0,8,0,0,0,0,0,1,-1,6,1,29,6,123,1,9,-1,7,E01014037,0,1
2024501502536,2024,501502536,2,3,0,-1,4,1,5,-1,0,0,1,0,0,0,1,1,-1,6,1,47,8,123,1,7,-1,1,E01015231,0,3
2024320272090,2024,320272090,2,3,0,-1,-1,6,2,0,0,1,5,0,0,0,1,1,-1,-1,1,19,4,125,1,4,LEXMOTO ZSX,6,E01027902,0,4
2024631418851,2024,631418851,1,3,0,-1,19,7,3,-1,0,8,0,0,0,0,0,1,-1,6,1,17,4,125,1,6,LEXMOTO ZSX,1,W01001924,0,1
2024332400387,2024,332400387,1,3,0,-1,19,2,6,-1,0,0,0,0,0,0,3,1,-1,6,2,50,8,125,1,4,LEXMOTO ZSX,8,E01025755,0,1
2024131475639,2024,131475639,1,3,0,-1,19,1,1,-1,9,0,0,0,0,0,4,1,-1,9,1,18,4,125,1,5,LEXMOTO ZSX,2,E01010776,0,1
2024211436046,2024,211436046,1,3,0,-1,9,1,3,-1,0,0,5,0,7,0,4,1,-1,9,1,23,5,125,1,4,LEXMOTO ZSX,1,E01014300,0,2
2024332400596,2024,332400596,1,4,0,-1,19,8,4,-1,0,4,1,0,3,1,1,1,-1,6,1,37,7,124,1,11,LEXMOTO ZSX,1,E01013688,0,1
2024161512050,2024,161512050,1,3,0,-1,19,3,7,-1,0,8,0,0,0,0,4,1,-1,9,1,18,4,125,1,6,LEXMOTO ZSX,8,E01013028,0,3
2024440078566,2024,440078566,1,2,0,3,3,2,6,0,0,1,0,0,0,0,2,1,2,2,2,17,4,125,1,5,LEXMOTO ZSX,4,E01017088,0,2
2024070748370,2024,070748370,2,4,0,-1,19,7,3,-1,0,0,0,7,5,6,1,1,-1,6,1,31,6,125,1,5,LEXMOTO ZSX,2,E01012391,0,1
2024552400454,2024,552400454,1,3,0,18,19,8,2,0,0,8,1,0,0,0,1,1,2,2,1,21,5,125,1,8,LEXMOTO ZSX,1,E01015338,0,1
2024461491268,2024,461491268,1,3,0,-1,19,6,3,-1,0,0,0,0,0,0,1,1,-1,6,1,17,4,125,1,4,LEXMOTO ZSX,1,E01024687,0,1
2024421418859,2024,421418859,1,3,0,-1,19,5,1,-1,0,6,0,0,0,0,1,1,-1,1,1,21,5,125,1,3,LEXMOTO ZSX,9,E01021519,0,2
2024421523380,2024,421523380,2,3,0,-1,14,5,1,-1,0,0,2,0,0,0,1,1,-1,6,1,18,4,125,1,4,LEXMOTO ZSX,-1,-1,0,-1
2024141397789,2024,141397789,2,3,0,-1,19,6,2,-1,0,1,0,0,0,0,1,1,-1,9,2,30,6,125,1,6,LEXMOTO ZSX,1,E01007714,0,1
2024010509810,2024,010509810,1,3,0,99,99,9,9,99,99,9,9,99,9,99,1,1,6,6,1,21,5,125,1,6,LEXMOTO ZSX,2,E01001978,0,4
2024340NN1542,2024,340NN1542,2,3,0,-1,19,8,4,-1,0,0,0,0,7,9,1,1,-1,6,1,24,5,125,1,5,LEXMOTO ZSX,3,E01035411,0,1
2024122500183,2024,122500183,2,3,0,15,15,5,1,0,0,0,1,0,0,0,1,1,6,6,1,21,5,125,1,4,LEXMOTO ZSX,10,E01013425,0,1
2024010535671,2024,010535671,1,3,0,18,19,5,1,0,0,1,0,0,0,0,1,1,1,1,1,30,6,125,1,4,LEXMOTO ZSX,2,E01024177,0,2
2024201484506,2024,201484506,2,3,0,-1,19,1,5,-1,0,0,0,0,0,0,3,1,-1,9,1,17,4,124,1,10,LEXMOTO ZSX,5,E01008974,0,1
2024231507343,2024,231507343,1,3,0,-1,19,6,2,-1,0,0,0,0,0,0,1,1,-1,9,1,30,6,125,1,6,LEXMOTO ZSX,7,E01031293,0,1
2024231512924,2024,231512924,2,3,0,-1,19,5,1,-1,0,8,0,0,0,0,1,1,-1,9,1,20,4,125,1,4,LEXMOTO ZSX,8,E01035035,0,2
2024141408360,2024,141408360,2,3,0,-1,19,1,5,-1,0,8,0,0,0,0,1,1,-1,9,1,17,4,125,1,8,LEXMOTO ZSX,1,E01008094,0,1
2024501521228,2024,501521228,1,3,0,-1,19,7,3,-1,0,1,2,0,0,0,1,1,-1,6,2,18,4,125,1,6,LEXMOTO ZSX,9,E01034857,0,1
2024320072249,2024,320072249,1,4,0,15,15,5,1,0,0,0,5,7,7,0,3,1,-1,-1,1,38,7,125,1,4,LEXMOTO ZSX,6,E01026247,0,4
2024501505961,2024,501505961,2,3,0,-1,19,5,2,-1,0,0,5,0,0,0,1,1,-1,9,1,17,4,125,1,5,LEXMOTO ZSX,2,E01019074,0,1
202454E574224,2024,54E574224,2,4,0,18,19,4,8,0,0,1,5,0,0,0,1,1,6,6,1,19,4,125,1,5,LEXMOTO ZSX,1,E01015558,0,1
2024421518854,2024,421518854,2,4,0,-1,19,7,7,-1,0,3,1,0,0,0,4,1,-1,9,1,33,6,125,1,5,LEXMOTO ZSX,2,E01021312,0,1
2024010496586,2024,010496586,1,3,0,18,19,7,3,0,0,8,0,0,0,0,1,1,6,6,1,35,6,125,1,5,LEXMOTO ZSX,1,E01030227,0,5
2024371437782,2024,371437782,1,3,0,-1,19,4,8,-1,0,0,2,0,0,0,1,1,-1,6,2,27,6,125,1,5,LEXMOTO ZSX,7,E01034573,0,1
2024211517344,2024,211517344,1,3,0,-1,19,5,1,-1,0,1,5,0,0,0,1,1,-1,1,1,40,7,125,1,6,LEXMOTO ZSX,2,E01010472,0,3
2024451479832,2024,451479832,1,9,0,-1,4,3,7,-1,9,0,1,0,0,0,1,1,-1,6,1,23,5,1998,1,26,-1,9,E01030492,0,3
2024471500669,2024,471500669,1,9,0,-1,19,2,6,-1,0,0,1,0,0,0,1,1,-1,9,1,27,6,2000,1,30,-1,10,E01022465,0,5
2024041399470,2024,041399470,1,9,0,-1,9,2,8,-1,0,8,0,0,0,0,3,1,-1,9,2,31,6,1995,2,14,-1,3,E01025312,0,1
2024340NN1402,2024,340NN1402,2,9,0,-1,2,0,0,-1,0,2,0,0,2,0,4,1,-1,6,3,-1,-1,1995,2,12,-1,-1,-1,0,-1
2024461424325,2024,461424325,1,9,0,-1,19,8,4,-1,0,0,0,0,0,0,3,1,-1,6,3,-1,-1,2188,2,20,-1,-1,-1,0,-1
2024541035524,2024,541035524,1,9,0,18,19,6,2,0,0,0,0,0,0,0,1,1,6,6,1,57,9,2188,2,19,-1,8,E01017620,0,5
2024010516559,2024,010516559,2,9,0,4,4,3,7,0,0,1,0,0,0,0,3,1,6,6,1,36,7,1998,1,20,-1,3,E01003611,0,2
2024010531181,2024,010531181,1,9,0,14,14,3,7,0,0,1,0,0,0,0,1,1,3,7,2,50,8,1995,2,17,-1,9,E01000456,0,1
2024430359968,2024,430359968,2,4,0,18,19,2,6,0,0,8,0,0,0,0,1,1,6,6,1,18,4,124,1,17,-1,9,E01033503,0,2
2024461506056,2024,461506056,1,3,0,-1,9,6,3,-1,0,0,1,0,0,0,3,1,-1,2,1,22,5,124,1,24,-1,7,E01024109,0,1
2024340NN3032,2024,340NN3032,2,3,0,-1,3,4,8,-1,0,0,0,0,0,0,2,1,-1,1,1,22,5,124,1,19,-1,4,E01027328,0,2
2024471404546,2024,471404546,1,3,0,-1,19,4,1,-1,0,1,0,0,0,0,0,1,-1,9,1,30,6,124,1,24,-1,1,E01021135,0,1
2024543170124,2024,543170124,1,4,0,15,15,1,4,0,0,1,0,10,1,0,4,1,6,6,1,19,4,124,1,24,-1,8,E01015473,0,2
2024351435919,2024,351435919,1,4,0,-1,19,7,3,-1,0,0,0,0,7,0,4,1,-1,6,1,17,4,124,1,24,-1,6,E01018150,0,1
2024320757646,2024,320757646,2,4,0,-1,-1,6,2,0,0,0,5,0,1,0,1,1,-1,-1,1,23,5,124,1,6,-1,2,E01026110,0,1
2024070683193,2024,070683193,1,23,0,-1,-1,7,3,9,9,2,2,0,1,0,1,1,6,6,1,26,6,-1,3,3,-1,4,E01005877,0,4
2024471488474,2024,471488474,2,9,0,-1,15,7,3,-1,0,0,0,0,0,0,0,9,-1,6,1,57,9,6750,1,19,-1,-1,-1,0,-1
2024010521476,2024,010521476,2,5,0,4,4,3,7,0,0,0,0,12,0,0,1,1,6,6,1,35,6,853,1,3,BMW F 750,3,E01001830,0,1
2024010551630,2024,010551630,3,5,0,18,19,1,5,0,0,2,0,0,0,0,0,1,1,1,1,39,7,853,1,5,BMW F 750,4,E01034156,0,2
2024991410845,2024,991410845,2,5,0,-1,3,6,2,-1,0,4,5,0,0,0,2,1,-1,9,1,60,9,853,1,6,BMW F 750,9,-1,0,4
2024010511004,2024,010511004,2,5,0,18,19,7,3,0,0,8,1,0,3,0,4,1,6,6,1,35,6,853,1,3,BMW F 750,3,E01002133,0,1
2024411510910,2024,411510910,2,5,0,-1,19,3,7,-1,0,0,0,0,0,0,2,1,-1,1,2,-1,-1,853,1,2,BMW F 750,4,E01000472,0,4
2024010521476,2024,010521476,1,5,0,4,4,3,7,0,0,0,0,0,0,0,2,1,6,6,1,31,6,853,1,4,BMW F 750,3,E01001830,0,1
2024010514047,2024,010514047,2,5,0,18,19,6,2,0,0,1,2,0,8,10,4,1,6,6,1,26,6,853,1,2,BMW F 750,2,E01004068,0,1
2024231486438,2024,231486438,2,5,0,-1,13,5,1,-1,0,0,1,0,7,0,1,1,-1,9,1,56,9,853,1,3,BMW F 750,5,E01010211,0,3
2024401540813,2024,401540813,1,5,0,-1,19,2,6,-1,0,0,1,12,0,0,1,1,-1,2,1,49,8,853,1,5,BMW F 750,4,E01015776,0,1
2024010505629,2024,010505629,1,5,0,3,3,7,3,0,0,1,0,0,0,0,1,1,1,1,1,45,7,853,1,5,BMW F 750,3,E01003221,0,2
2024010503485,2024,010503485,1,5,0,18,19,5,1,0,0,1,1,0,0,0,4,1,1,1,1,24,5,853,1,1,BMW F 750,-1,-1,0,-1
2024010512391,2024,010512391,2,5,0,18,19,5,1,0,0,1,0,0,0,0,0,1,1,1,1,49,8,853,1,4,BMW F 750,4,E01000472,0,1
2024440075075,2024,440075075,2,5,0,14,14,4,8,0,0,0,0,0,0,0,1,1,2,2,2,53,8,853,1,1,BMW F 750,6,E01020398,0,4
2024010502583,2024,010502583,2,5,0,18,19,1,5,0,0,8,2,0,0,0,3,1,1,1,1,48,8,853,1,3,BMW F 750,4,E01000472,0,1
2024010546000,2024,010546000,4,9,0,3,3,3,7,0,0,8,0,0,0,0,2,1,6,6,1,57,9,-1,3,0,-1,4,E01033941,0,3
2024320746097,2024,320746097,2,9,0,3,3,5,1,0,0,1,0,0,0,0,2,1,-1,-1,2,38,7,1560,2,11,CITROEN DS4,-1,-1,0,-1
2024351475043,2024,351475043,1,9,-1,-1,-1,-1,-1,-1,-1,-1,-1,-1,-1,0,-1,9,-1,6,2,55,8,1560,2,11,CITROEN DS4,2,E01018063,0,1
2024111407752,2024,111407752,2,9,0,-1,19,5,1,-1,0,8,0,0,0,0,1,1,-1,9,2,29,6,1598,1,10,CITROEN DS4,4,E01012319,0,4
2024411462080,2024,411462080,2,9,-1,-1,-1,-1,-1,-1,-1,0,-1,-1,-1,0,2,9,-1,7,2,37,7,1997,2,10,CITROEN DS4,5,E01023384,0,1
2024471441975,2024,471441975,1,9,0,-1,19,5,8,-1,0,1,0,0,0,0,1,1,-1,9,1,34,6,1560,2,10,CITROEN DS4,1,E01021136,0,2
2024351503956,2024,351503956,2,9,0,-1,4,5,1,-1,0,0,0,0,0,0,2,1,-1,6,1,32,6,1560,2,11,CITROEN DS4,8,E01013805,0,4
2024411414579,2024,411414579,1,9,0,-1,19,8,4,-1,0,0,0,0,0,0,1,1,-1,2,2,54,8,1997,2,10,CITROEN DS4,4,E01023955,0,1
2024010509810,2024,010509810,2,9,0,99,99,9,9,99,99,9,9,99,9,99,9,9,6,6,3,-1,-1,1598,1,10,CITROEN DS4,-1,-1,0,-1
2024332401126,2024,332401126,1,9,0,-1,19,8,4,-1,0,0,0,0,0,0,1,1,-1,6,1,21,5,1560,2,12,CITROEN DS4,2,E01013667,0,1
2024440271730,2024,440271730,1,9,0,1,1,7,3,0,0,6,0,0,0,0,2,1,6,6,2,42,7,1560,2,11,CITROEN DS4,7,E01022946,0,4
2024131439303,2024,131439303,1,9,0,-1,19,5,1,-1,0,0,5,10,7,1,3,1,-1,9,1,21,5,1560,2,9,CITROEN DS4,2,E01011137,0,3
2024010524694,2024,010524694,1,9,0,14,14,5,1,0,0,0,0,0,0,0,1,1,6,6,3,-1,-1,1997,2,10,CITROEN DS4,-1,-1,0,-1
2024440289523,2024,440289523,1,9,0,18,19,4,8,0,0,0,2,0,0,0,4,1,2,2,1,45,7,1560,2,9,CITROEN DS4,10,E01022989,0,4
2024311497904,2024,311497904,2,9,0,-1,19,5,1,-1,0,8,0,0,0,0,1,1,-1,9,1,34,6,1560,2,11,CITROEN DS4,10,E01035105,0,4
2024501499423,2024,501499423,2,9,-1,-1,2,0,0,-1,-1,0,-1,-1,-1,0,2,9,-1,6,2,-1,-1,1560,2,11,CITROEN DS4,4,E01020116,0,1
2024131399991,2024,131399991,1,9,0,-1,19,3,7,-1,0,1,0,0,0,0,1,1,-1,6,1,54,8,1560,2,11,CITROEN DS4,1,E01011338,0,1
2024351485345,2024,351485345,1,9,0,-1,19,-1,-1,-1,0,0,0,0,0,0,1,9,-1,2,1,28,6,1997,2,11,CITROEN DS4,6,E01034442,0,1
2024161434272,2024,161434272,1,9,0,-1,19,2,6,-1,0,0,0,0,8,0,1,1,-1,9,1,70,10,1560,2,12,CITROEN DS4,3,E01034752,0,1
2024340NN0302,2024,340NN0302,1,9,0,-1,9,6,2,-1,0,5,0,0,0,0,1,1,-1,6,1,47,8,1997,2,11,CITROEN DS4,7,E01027338,0,1
2024371432827,2024,371432827,2,9,0,-1,4,3,7,-1,0,0,0,0,0,0,2,1,-1,9,1,33,6,1997,2,13,CITROEN DS4,-1,-1,0,-1
2024311525768,2024,311525768,2,9,0,-1,3,1,5,-1,0,0,0,0,0,0,2,1,-1,2,1,27,6,1598,1,11,CITROEN DS4,1,E01013909,0,1
2024461422237,2024,461422237,3,9,0,-1,2,0,0,-1,0,1,0,0,0,0,1,1,-1,6,1,45,7,1997,2,13,CITROEN DS4,3,E01024497,0,1
2024231429937,2024,231429937,2,9,0,-1,7,6,2,-1,0,3,1,0,0,0,3,9,-1,9,2,18,4,1200,1,9,CITROEN DS4,8,E01025861,0,3
2024351524707,2024,351524707,3,9,0,-1,19,1,5,-1,0,0,0,0,0,0,2,1,-1,6,1,43,7,1997,2,12,CITROEN DS4,4,E01026660,0,4
2024211407833,2024,211407833,1,9,0,-1,19,4,8,-1,0,8,0,0,0,0,1,9,-1,6,1,53,8,1560,2,12,CITROEN DS4,9,E01029508,0,1
2024461469613,2024,461469613,1,9,0,-1,19,-1,-1,-1,0,1,0,0,0,0,1,9,-1,6,2,-1,-1,1997,2,10,CITROEN DS4,7,E01016119,0,2
2024501466654,2024,501466654,1,9,0,-1,19,1,5,-1,0,0,0,0,0,0,1,1,-1,9,1,27,6,1560,2,11,CITROEN DS4,6,E01018750,0,4
2024371487839,2024,371487839,1,9,0,-1,5,6,2,-1,0,0,0,9,3,0,1,1,-1,2,1,28,6,1560,2,10,CITROEN DS4,8,E01033047,0,4
2024211501251,2024,211501251,1,9,-1,-1,-1,-1,-1,-1,-1,-1,-1,-1,-1,0,-1,9,-1,2,1,38,7,1560,2,13,CITROEN DS4,9,E01029465,0,1
2024311411386,2024,311411386,2,9,0,-1,2,0,0,-1,0,0,0,0,1,0,1,1,-1,6,-1,-1,-1,1560,2,10,CITROEN DS4,-1,-1,0,-1
2024061449393,2024,061449393,1,9,0,-1,19,1,6,-1,0,2,0,0,0,0,1,1,-1,9,1,66,10,1560,2,10,CITROEN DS4,6,E01004963,0,1
2024501505219,2024,501505219,2,9,0,-1,2,0,0,-1,0,0,0,0,0,0,1,1,-1,6,3,-1,-1,1560,2,10,CITROEN DS4,-1,-1,0,-1
2024501499259,2024,501499259,2,9,0,-1,19,3,7,-1,0,0,0,0,0,0,1,1,-1,9,1,69,10,1997,2,11,CITROEN DS4,4,E01018951,0,3
2024131474560,2024,131474560,1,9,0,-1,19,2,6,-1,0,0,0,0,0,0,3,1,-1,2,1,37,7,1560,2,9,CITROEN DS4,1,E01010821,0,2
2024061447278,2024,061447278,1,9,0,-1,19,3,7,-1,0,0,0,0,0,0,3,1,-1,9,2,56,9,1560,2,11,CITROEN DS4,3,E01025213,0,4
2024052500025,2024,052500025,1,9,0,18,19,8,4,0,0,0,0,0,0,0,1,1,6,6,2,39,7,1560,2,9,CITROEN DS4,1,E01018551,0,3
2024421483684,2024,421483684,3,9,0,-1,4,5,1,-1,0,0,0,0,0,0,2,1,-1,9,2,39,7,1149,1,9,DACIA LOGAN,4,E01004426,0,3
2024501501728,2024,501501728,1,9,0,-1,19,6,2,-1,0,0,0,0,1,0,3,1,-1,9,1,86,11,1461,2,9,DACIA LOGAN,5,E01018940,0,2
2024411452831,2024,411452831,3,9,0,-1,4,8,4,-1,0,4,0,0,0,0,1,1,-1,6,2,48,8,1461,2,7,DACIA LOGAN,9,E01023946,0,1
2024061473613,2024,061473613,1,9,0,-1,4,3,7,-1,0,2,0,0,0,0,2,1,-1,1,1,32,6,1461,2,8,DACIA LOGAN,2,E01005145,0,1
2024111406821,2024,111406821,2,9,0,-1,2,7,3,-1,0,8,0,0,0,0,2,1,-1,6,1,54,8,1461,2,8,DACIA LOGAN,1,E01035187,0,1
2024141469874,2024,141469874,1,9,0,-1,3,3,7,-1,0,0,0,0,0,0,2,1,-1,6,2,60,9,898,1,8,DACIA LOGAN,7,E01019801,0,2
2024351472368,2024,351472368,2,9,0,-1,19,4,8,-1,0,0,0,0,2,0,1,1,-1,6,2,52,8,898,1,6,DACIA LOGAN,5,E01018062,0,3
2024991505931,2024,991505931,2,9,0,-1,7,5,1,-1,0,0,0,0,7,0,3,1,-1,9,1,74,10,1461,2,5,DACIA LOGAN,5,-1,0,4
2024440099780,2024,440099780,3,9,0,4,4,3,7,0,0,0,0,0,0,0,2,1,6,6,1,33,6,898,1,10,DACIA LOGAN,9,E01022859,0,2
2024201406167,2024,201406167,1,8,0,-1,19,1,2,-1,0,0,0,0,0,0,1,9,-1,1,1,62,9,1461,2,7,DACIA LOGAN,3,E01009967,0,1
2024411441036,2024,411441036,2,9,0,-1,19,4,8,-1,0,8,0,0,0,0,1,1,-1,2,1,52,8,1461,2,11,DACIA LOGAN,5,E01023611,0,1
2024501468645,2024,501468645,2,9,0,-1,19,5,1,-1,0,0,0,0,0,0,2,9,-1,6,1,36,7,1461,2,6,DACIA LOGAN,3,E01015245,0,2
2024522401854,2024,522401854,1,9,0,10,10,4,8,0,0,8,0,0,0,0,2,1,6,6,1,78,11,1461,2,10,DACIA LOGAN,8,E01032059,0,3
2024340NN1772,2024,340NN1772,3,9,0,-1,19,2,6,-1,0,1,0,0,0,0,1,1,-1,9,1,32,6,998,1,5,DACIA LOGAN,10,E01026294,0,4
2024311472216,2024,311472216,2,9,0,-1,19,5,1,-1,0,0,0,0,0,0,1,1,-1,2,1,61,9,898,1,4,DACIA LOGAN,-1,-1,0,-1
2024201425684,2024,201425684,1,9,0,-1,13,7,3,-1,4,0,0,0,0,0,1,1,-1,6,1,57,9,1149,1,9,DACIA LOGAN,2,E01010531,0,1
2024610037524,2024,610037524,2,9,0,18,19,1,5,0,0,0,0,0,0,0,0,1,1,1,1,52,8,898,1,5,DACIA LOGAN,1,W01001536,0,1
2024052401198,2024,052401198,1,9,0,18,19,7,3,0,0,0,0,0,0,0,4,1,6,6,1,31,6,898,1,7,DACIA LOGAN,1,E01007239,0,1
2024231430080,2024,231430080,1,9,0,-1,9,6,3,-1,0,8,0,0,0,0,3,9,-1,9,2,40,7,898,1,4,DACIA LOGAN,2,E01010309,0,4
2024461534229,2024,461534229,1,9,0,-1,19,1,5,-1,0,1,0,0,0,0,3,1,-1,6,1,21,5,1461,2,10,DACIA LOGAN,4,E01024747,0,1
2024041395613,2024,041395613,1,9,0,-1,9,3,1,-1,0,6,0,0,0,0,1,1,-1,9,1,33,6,1461,2,8,DACIA LOGAN,2,E01025275,0,1
2024440539299,2024,440539299,2,9,0,18,19,5,8,0,0,1,0,0,0,0,1,1,6,6,1,-1,-1,898,1,5,DACIA LOGAN,-1,-1,0,-1
2024991438961,2024,991438961,1,9,0,-1,9,7,5,-1,0,8,0,0,7,0,1,1,-1,1,1,33,6,898,1,6,DACIA LOGAN,2,-1,0,1
2024421511099,2024,421511099,2,9,0,-1,2,7,3,-1,0,0,0,0,2,0,2,1,-1,1,1,54,8,898,1,10,DACIA LOGAN,6,E01021525,0,2
2024548852924,2024,548852924,1,9,0,18,19,3,8,0,0,1,0,0,0,0,2,1,6,6,1,61,9,1461,2,6,DACIA LOGAN,6,E01015568,0,1
2024122500340,2024,122500340,3,9,0,4,4,3,7,0,0,0,0,0,0,0,2,1,6,6,1,63,9,1461,2,6,DACIA LOGAN,6,E01012338,0,3
2024622400088,2024,622400088,1,8,0,18,19,7,3,0,0,8,0,0,0,0,1,1,6,6,1,80,11,1461,2,9,DACIA LOGAN,9,W01001160,0,2
2024501486105,2024,501486105,2,9,0,-1,9,8,6,-1,0,2,0,0,0,0,4,1,-1,6,1,71,10,1461,2,11,DACIA LOGAN,6,E01018935,0,2
2024141397890,2024,141397890,3,9,0,-1,2,1,1,-1,0,0,0,0,0,0,2,1,-1,6,-1,-1,-1,1461,2,9,DACIA LOGAN,-1,-1,0,-1
2024221396841,2024,221396841,2,9,0,-1,14,8,4,-1,0,0,0,0,0,0,1,1,-1,2,1,40,7,1461,2,10,DACIA LOGAN,8,E01013988,0,1
2024231441210,2024,231441210,1,9,0,-1,19,2,6,-1,0,8,0,0,0,0,4,1,-1,2,1,37,7,898,1,6,DACIA LOGAN,9,E01031329,0,2
2024041418937,2024,041418937,2,9,0,-1,19,1,5,-1,0,0,0,0,0,0,2,1,-1,1,2,60,9,1461,2,10,DACIA LOGAN,3,E01025138,0,1
2024010518058,2024,010518058,1,9,0,18,19,1,5,0,0,1,0,0,0,0,1,1,6,6,2,71,10,898,1,9,DACIA LOGAN,5,E01002004,0,1
2024430181584,2024,430181584,2,9,0,18,19,2,6,0,0,4,0,0,0,0,2,1,6,6,1,70,10,1461,2,8,DACIA LOGAN,7,E01015550,0,2
2024501529450,2024,501529450,3,9,0,-1,4,7,3,-1,0,0,0,0,0,0,2,1,-1,9,1,53,8,898,1,6,DACIA LOGAN,8,E01033232,0,1
2024461469123,2024,461469123,2,9,0,-1,8,3,7,-1,0,0,0,0,0,0,2,9,-1,6,2,29,6,1461,2,10,DACIA LOGAN,1,E01024496,0,2
2024471419602,2024,471419602,2,8,0,-1,4,2,1,-1,0,1,0,0,0,0,1,9,-1,1,1,50,8,1461,2,8,DACIA LOGAN,3,E01016881,0,1