collision_index,collision_year,collision_ref_no,vehicle_reference,vehicle_type,towing_and_articulation,vehicle_manoeuvre_historic,vehicle_manoeuvre,vehicle_direction_from,vehicle_direction_to,vehicle_location_restricted_lane_historic,vehicle_location_restricted_lane,junction_location,skidding_and_overturning,hit_object_in_carriageway,vehicle_leaving_carriageway,hit_object_off_carriageway,first_point_of_impact,vehicle_left_hand_drive,journey_purpose_of_driver_historic,journey_purpose_of_driver,sex_of_driver,age_of_driver,age_band_of_driver,engine_capacity_cc,propulsion_code,age_of_vehicle,generic_make_model,driver_imd_decile,lsoa_of_driver,escooter_flag,driver_distance_banding
2024991397489,2024,991397489,2,9,0,-1,19,3,6,-1,0,8,0,0,0,0,1,1,-1,2,1,47,8,1461,2,9,DACIA LOGAN,-1,-1,0,-1
2024421425380,2024,421425380,3,9,0,-1,4,3,7,-1,0,1,0,1,0,0,2,9,-1,6,1,53,8,898,1,6,DACIA LOGAN,7,E01021904,0,3
2024031401142,2024,031401142,1,8,0,-1,19,1,5,-1,0,0,0,0,0,0,1,1,-1,1,1,52,8,1461,2,11,DACIA LOGAN,-1,-1,0,-1
2024461399878,2024,461399878,2,8,0,-1,19,5,1,-1,0,0,0,0,0,0,3,9,-1,6,1,65,9,1461,2,5,DACIA LOGAN,4,E01035315,0,3
2024031475010,2024,031475010,1,9,0,-1,-1,-1,-1,-1,-1,-1,-1,-1,-1,0,1,1,-1,1,1,-1,-1,1461,2,6,DACIA LOGAN,3,E01019099,0,1
2024320436417,2024,320436417,1,9,0,-1,-1,2,4,0,0,0,1,0,7,4,1,1,6,6,1,79,11,1461,2,9,DACIA LOGAN,-1,-1,0,-1
2024311522391,2024,311522391,1,9,0,-1,19,5,1,-1,0,8,0,0,0,0,1,1,-1,9,1,59,9,898,1,6,DACIA LOGAN,-1,-1,0,-1
2024520401337,2024,520401337,4,9,0,2,2,0,0,0,0,0,0,0,0,0,2,1,6,6,3,-1,-1,898,1,9,DACIA LOGAN,-1,-1,0,-1
2024543224124,2024,543224124,2,9,0,18,19,7,3,0,0,1,0,0,0,0,2,1,6,6,2,42,7,1461,2,6,DACIA LOGAN,6,E01031902,0,2
2024461494822,2024,461494822,1,9,0,-1,19,3,7,-1,0,0,0,0,0,0,1,9,-1,6,1,60,9,1461,2,6,DACIA LOGAN,8,E01021230,0,4
2024221486195,2024,221486195,1,8,0,-1,2,0,0,-1,0,0,0,0,0,0,3,9,-1,6,1,58,9,1461,2,8,DACIA LOGAN,3,E01014073,0,1
2024320702272,2024,320702272,1,9,0,9,9,1,7,0,0,5,0,0,0,0,1,1,-1,-1,2,72,10,898,1,9,DACIA LOGAN,9,E01026197,0,3
2024141468914,2024,141468914,1,9,0,-1,3,8,4,-1,0,1,0,7,0,0,3,1,-1,6,3,35,6,1461,2,9,DACIA LOGAN,-1,-1,0,-1
2024061521006,2024,061521006,1,9,0,-1,4,5,1,-1,0,0,0,4,0,0,1,1,-1,2,2,61,9,1149,1,11,DACIA LOGAN,7,E01011351,0,4
2024041517459,2024,041517459,2,9,0,-1,19,8,4,-1,0,8,0,0,0,0,1,1,-1,9,2,45,7,898,1,10,DACIA LOGAN,1,E01034339,0,1
2024501478501,2024,501478501,1,9,0,-1,19,6,2,-1,0,0,1,0,2,1,4,1,-1,6,1,22,5,1461,2,9,DACIA LOGAN,2,E01018897,0,1
2024041497396,2024,041497396,2,9,0,-1,2,5,1,-1,-1,0,0,0,0,0,1,1,-1,7,2,50,8,1461,2,8,DACIA LOGAN,5,E01025428,0,2
2024302400142,2024,302400142,1,9,0,17,19,7,5,0,0,0,0,0,2,11,1,1,6,6,2,29,6,1461,2,8,DACIA LOGAN,3,E01028297,0,4
2024622400481,2024,622400481,1,9,0,18,19,4,8,0,0,0,0,0,0,0,1,1,4,7,1,73,10,898,1,5,DACIA LOGAN,10,W01000793,0,1
2024101516129,2024,101516129,2,9,-1,-1,10,2,7,-1,0,1,0,0,0,0,2,9,-1,9,2,41,7,1149,1,8,DACIA LOGAN,1,E01008838,0,1
2024010503693,2024,010503693,1,9,0,9,9,3,8,0,0,8,0,0,0,0,1,1,6,6,1,67,10,1461,2,7,DACIA LOGAN,3,E01003309,0,1
2024351476144,2024,351476144,2,9,0,-1,19,1,5,-1,0,0,0,0,0,0,2,1,-1,6,1,42,7,-1,3,3,HONDA E,7,E01035529,0,1
2024340WN4572,2024,340WN4572,1,9,0,-1,19,6,2,-1,0,8,0,0,0,0,4,1,-1,9,2,31,6,-1,3,0,HONDA E,6,E01035422,0,3
2024061487399,2024,061487399,2,9,0,-1,3,3,7,-1,0,1,0,0,0,0,1,1,-1,9,1,62,9,-1,3,0,HONDA E,1,E01006248,0,2
2024231516862,2024,231516862,2,9,0,-1,9,7,5,-1,0,6,0,0,0,0,1,9,-1,9,2,45,7,-1,3,0,HONDA E,6,E01031049,0,1
2024010504110,2024,010504110,2,9,0,18,19,6,2,0,0,1,0,0,0,0,1,1,6,6,1,66,10,-1,3,0,HONDA E,-1,-1,0,-1
2024461531829,2024,461531829,2,9,0,-1,2,0,0,-1,0,0,0,0,0,0,3,9,-1,6,3,-1,-1,-1,3,0,HONDA E,-1,-1,0,-1
2024010505703,2024,010505703,1,9,0,9,9,8,5,0,0,5,0,7,7,10,1,1,2,2,2,63,9,-1,3,0,HONDA E,7,E01001891,0,1
2024201436186,2024,201436186,2,9,0,-1,19,4,1,-1,0,0,0,0,0,0,1,1,-1,6,-1,34,6,-1,3,1,HONDA E,7,E01010317,0,3
2024010542882,2024,010542882,1,9,0,7,7,5,7,0,0,6,0,0,0,0,1,1,2,2,1,52,8,-1,3,0,HONDA E,8,E01000539,0,3
2024451512173,2024,451512173,2,9,0,-1,19,1,5,-1,0,1,0,0,0,0,1,1,-1,7,2,50,8,-1,3,2,HONDA E,10,E01022585,0,1
2024461488487,2024,461488487,2,9,0,-1,5,3,7,-1,0,0,0,0,0,0,2,1,-1,6,1,53,8,-1,3,0,HONDA E,1,E01016153,0,2
2024471536427,2024,471536427,2,9,0,-1,5,3,7,-1,0,1,0,0,0,0,1,2,-1,9,1,25,5,-1,3,4,HONDA E,3,E01020974,0,1
2024010509827,2024,010509827,1,9,0,99,99,9,9,99,99,9,9,99,9,99,9,9,6,6,2,58,9,-1,3,2,HONDA E,8,E01004072,0,1
2024010540846,2024,010540846,1,9,0,7,7,1,3,0,0,6,0,0,0,0,2,1,6,6,2,39,7,-1,3,1,HONDA E,8,E01003678,0,1
202460Q073444,2024,60Q073444,2,9,0,18,19,8,4,6,6,1,0,0,3,0,1,1,1,1,2,51,8,1968,3,0,HONDA E,-1,-1,0,-1
2024070255155,2024,070255155,1,9,0,18,19,1,5,0,0,0,0,0,0,0,3,1,6,6,1,68,10,1343,1,24,-1,4,E01012454,0,1
2024440124637,2024,440124637,1,9,0,18,19,1,5,0,0,0,0,0,0,0,1,1,6,6,2,63,9,1343,1,24,-1,3,E01031483,0,3
2024631520796,2024,631520796,1,9,0,-1,12,2,5,-1,0,1,0,0,7,10,3,1,-1,6,1,63,9,998,8,1,HYUNDAI BAYON,6,W01000540,0,2
2024421431876,2024,421431876,2,9,0,-1,2,0,0,-1,0,8,0,0,0,0,1,1,-1,9,1,40,7,998,8,2,HYUNDAI BAYON,3,E01021977,0,1
2024061462761,2024,061462761,1,9,0,-1,19,4,7,-1,9,6,0,0,3,11,1,1,-1,9,1,22,5,998,8,0,HYUNDAI BAYON,2,E01006338,0,3
2024211564270,2024,211564270,1,9,0,-1,5,3,3,-1,0,4,0,0,0,0,1,1,-1,6,2,43,7,998,8,0,HYUNDAI BAYON,2,E01029843,0,1
2024531436196,2024,531436196,1,9,0,-1,9,5,1,-1,0,0,2,10,1,9,1,1,-1,9,1,47,8,998,8,2,HYUNDAI BAYON,7,E01022414,0,2
2024361471120,2024,361471120,2,9,-1,-1,4,-1,-1,-1,0,3,0,0,0,0,2,1,-1,6,2,30,6,998,8,1,HYUNDAI BAYON,4,E01026643,0,2
2024332401170,2024,332401170,1,9,0,-1,11,5,1,-1,0,8,0,0,0,0,4,1,-1,9,1,19,4,998,8,1,HYUNDAI BAYON,1,E01015639,0,4
2024201474646,2024,201474646,2,9,0,-1,3,6,2,-1,0,1,0,0,0,0,2,9,-1,1,1,26,6,998,8,2,HYUNDAI BAYON,1,E01034923,0,3
2024070201412,2024,070201412,2,9,0,18,19,1,5,0,0,1,0,0,0,0,1,1,6,6,1,25,5,998,8,0,HYUNDAI BAYON,1,E01018519,0,1
2024052401381,2024,052401381,2,9,0,4,4,7,3,0,0,1,0,0,0,0,2,1,6,6,2,26,6,998,8,2,HYUNDAI BAYON,1,E01006746,0,1
2024010508279,2024,010508279,1,9,0,99,99,9,9,99,99,0,9,99,9,99,1,1,6,6,1,24,5,998,8,0,HYUNDAI BAYON,3,E01003089,0,3
2024552400189,2024,552400189,1,9,0,18,19,7,3,0,0,4,0,0,0,0,2,1,2,2,1,30,6,998,8,2,HYUNDAI BAYON,10,E01015452,0,2
2024211533111,2024,211533111,2,9,0,-1,3,5,1,-1,0,1,0,0,0,0,3,1,-1,6,2,58,9,998,8,2,HYUNDAI BAYON,2,E01029548,0,1
2024201494767,2024,201494767,1,9,0,-1,9,6,4,-1,0,6,0,0,0,0,1,1,-1,6,1,45,7,998,8,2,HYUNDAI BAYON,-1,-1,0,-1
2024411452833,2024,411452833,1,9,0,-1,19,7,3,-1,0,1,0,0,0,0,1,9,-1,6,2,35,6,998,8,0,HYUNDAI BAYON,2,E01023844,0,1
2024010517179,2024,010517179,1,9,0,99,99,9,9,99,99,9,9,99,9,99,2,9,6,6,2,53,8,998,8,0,HYUNDAI BAYON,5,E01002229,0,1
2024010511700,2024,010511700,2,9,0,99,99,9,9,99,99,9,9,99,9,99,9,9,6,6,3,-1,-1,998,8,1,HYUNDAI BAYON,-1,-1,0,-1
2024131525052,2024,131525052,1,9,0,-1,19,2,6,-1,0,0,0,0,0,0,1,1,-1,6,2,37,7,998,8,1,HYUNDAI BAYON,8,E01011596,0,1
2024471489767,2024,471489767,2,9,0,-1,19,3,7,-1,0,0,1,0,0,0,1,1,-1,2,1,50,8,998,8,1,HYUNDAI BAYON,7,E01035320,0,3
2024501511754,2024,501511754,2,9,0,-1,7,7,1,-1,0,2,0,0,0,0,0,1,-1,9,1,57,9,998,8,0,HYUNDAI BAYON,5,E01019043,0,1
2024440301497,2024,440301497,1,9,0,18,19,3,7,0,0,0,0,0,0,0,1,1,6,6,1,33,6,998,8,1,HYUNDAI BAYON,10,E01022624,0,1
2024052400433,2024,052400433,1,9,0,18,19,1,5,0,0,4,0,0,0,0,1,1,1,1,2,49,8,998,8,1,HYUNDAI BAYON,4,E01007112,0,1
2024361492935,2024,361492935,2,9,0,-1,2,7,3,-1,0,0,0,0,0,0,2,1,-1,6,2,67,10,998,8,1,HYUNDAI BAYON,2,E01018063,0,4
2024211451634,2024,211451634,2,9,0,-1,19,1,5,-1,0,0,0,0,0,0,1,1,-1,6,-1,-1,-1,998,8,1,HYUNDAI BAYON,-1,-1,0,-1
2024471413308,2024,471413308,4,9,0,-1,19,2,7,-1,0,0,0,0,0,0,1,1,-1,6,1,-1,-1,998,8,1,HYUNDAI BAYON,3,E01031549,0,3
2024161406364,2024,161406364,1,9,0,-1,19,7,3,-1,0,8,0,0,0,0,1,9,-1,6,2,37,7,998,8,2,HYUNDAI BAYON,1,E01013212,0,1
2024302401361,2024,302401361,1,9,0,9,9,7,5,0,0,8,0,0,0,0,3,1,6,6,2,23,5,998,8,2,HYUNDAI BAYON,2,E01004902,0,4
2024101460055,2024,101460055,2,9,0,-1,8,1,3,-1,0,0,0,0,0,0,3,1,-1,9,2,65,9,998,8,2,HYUNDAI BAYON,2,E01020743,0,2
2024401462703,2024,401462703,1,9,0,-1,19,4,8,-1,0,1,0,0,0,0,1,1,-1,6,2,25,5,998,8,2,HYUNDAI BAYON,2,E01015725,0,1
2024522402149,2024,522402149,1,9,0,9,9,7,5,0,0,2,0,0,0,0,3,1,6,6,3,-1,-1,998,8,0,HYUNDAI BAYON,-1,-1,0,-1
2024461431214,2024,461431214,3,9,0,-1,4,6,2,-1,0,0,1,0,0,0,2,1,-1,6,2,38,7,998,8,1,HYUNDAI BAYON,-1,-1,0,-1
2024471409623,2024,471409623,1,9,0,-1,19,1,5,-1,0,0,1,0,1,4,1,1,-1,6,1,18,4,998,8,1,HYUNDAI BAYON,9,E01031769,0,1
2024440000768,2024,440000768,1,9,0,5,5,1,5,0,0,1,0,0,0,0,1,1,6,6,2,57,9,998,8,1,HYUNDAI BAYON,5,E01017204,0,1
2024201520321,2024,201520321,2,9,-1,-1,-1,-1,-1,-1,-1,-1,-1,-1,-1,0,-1,9,-1,6,3,-1,-1,998,8,3,HYUNDAI BAYON,-1,-1,0,-1
2024501502667,2024,501502667,1,9,-1,-1,19,2,6,-1,0,0,0,0,0,0,4,9,-1,6,3,-1,-1,998,8,0,HYUNDAI BAYON,-1,-1,0,-1
2024501435434,2024,501435434,2,9,0,-1,19,2,6,-1,0,0,0,0,0,0,2,1,-1,9,1,25,5,998,8,0,HYUNDAI BAYON,1,E01024498,0,5
2024061440621,2024,061440621,1,9,0,-1,9,-1,-1,-1,0,5,0,1,0,0,4,1,-1,9,1,24,5,998,8,0,HYUNDAI BAYON,7,E01025411,0,4
2024401435592,2024,401435592,2,9,-1,-1,-1,-1,-1,-1,-1,0,-1,-1,-1,0,-1,9,-1,7,2,47,8,998,8,1,HYUNDAI BAYON,2,E01015774,0,1
2024351539687,2024,351539687,2,9,0,-1,7,1,3,-1,0,3,0,0,0,0,3,1,-1,6,2,27,6,998,8,1,HYUNDAI BAYON,1,E01015661,0,1
2024311524164,2024,311524164,1,9,0,-1,9,6,4,-1,0,4,0,0,0,0,1,1,-1,9,2,37,7,998,8,0,HYUNDAI BAYON,-1,-1,0,-1
2024552400037,2024,552400037,2,9,0,3,3,6,2,0,0,0,0,0,0,0,2,1,6,6,2,32,6,998,8,1,HYUNDAI BAYON,1,E01020552,0,1
2024010541527,2024,010541527,2,9,0,99,99,9,9,99,99,9,9,99,9,99,9,9,6,6,3,56,9,998,8,1,HYUNDAI BAYON,4,E01004425,0,1
2024141451238,2024,141451238,1,9,0,-1,19,4,8,-1,0,0,0,0,0,0,3,1,-1,6,1,41,7,998,8,0,HYUNDAI BAYON,1,E01027968,0,4
2024231431701,2024,231431701,2,9,0,-1,7,3,5,-1,0,6,0,0,0,0,3,9,-1,6,1,37,7,998,8,1,HYUNDAI BAYON,7,E01031188,0,1
2024302401652,2024,302401652,1,9,0,17,19,1,7,0,0,8,0,0,0,0,3,1,3,7,1,76,11,998,8,0,HYUNDAI BAYON,10,E01019592,0,1
2024991465039,2024,991465039,1,9,0,-1,19,3,7,-1,0,0,0,0,0,0,4,1,-1,9,1,65,9,998,8,3,HYUNDAI BAYON,-1,-1,0,-1
2024991420690,2024,991420690,1,9,0,-1,9,3,1,-1,0,8,0,0,0,0,1,1,-1,6,2,35,6,998,8,0,HYUNDAI BAYON,-1,-1,0,-1
2024622400182,2024,622400182,3,9,0,18,19,5,1,0,0,1,0,0,0,0,2,1,6,6,1,72,10,998,8,0,HYUNDAI BAYON,4,W01000765,0,1
2024552401487,2024,552401487,1,9,0,18,19,4,8,0,0,8,0,0,7,3,1,1,6,6,2,20,4,998,8,1,HYUNDAI BAYON,6,E01015286,0,3
2024340NN0042,2024,340NN0042,2,9,0,-1,3,6,2,-1,0,0,0,0,0,0,2,1,-1,9,2,34,6,998,8,1,HYUNDAI BAYON,3,E01026962,0,1
2024320290337,2024,320290337,1,9,0,-1,-1,3,7,0,0,0,0,0,0,0,3,1,-1,-1,2,83,11,998,8,1,HYUNDAI BAYON,9,E01026061,0,1
2024421400997,2024,421400997,2,9,0,-1,19,7,3,-1,0,1,0,0,0,0,3,1,-1,6,1,60,9,998,8,1,HYUNDAI BAYON,6,E01021509,0,3
2024471477092,2024,471477092,1,9,0,-1,19,6,2,-1,0,8,1,0,0,0,1,1,-1,6,2,45,7,998,8,0,HYUNDAI BAYON,7,E01016889,0,1
2024122400121,2024,122400121,1,9,0,18,19,3,7,0,0,3,5,0,0,0,1,1,6,6,1,77,11,998,8,1,HYUNDAI BAYON,2,E01027864,0,1
2024461422487,2024,461422487,1,9,0,-1,10,1,5,-1,0,1,0,0,0,0,1,1,-1,6,2,69,10,998,8,0,HYUNDAI BAYON,3,E01024488,0,3
2024052401855,2024,052401855,1,9,0,18,19,3,7,0,0,1,0,0,0,0,1,1,6,6,2,57,9,998,8,2,HYUNDAI BAYON,1,E01006746,0,1
202460Q095504,2024,60Q095504,1,9,0,18,19,4,8,0,0,0,0,4,0,0,4,1,6,6,2,43,7,998,8,2,HYUNDAI BAYON,-1,-1,0,-1
2024221422709,2024,221422709,1,9,0,-1,5,5,1,-1,1,0,0,10,7,11,1,1,-1,9,2,59,9,998,8,1,HYUNDAI BAYON,3,E01032432,0,1
2024201491705,2024,201491705,1,9,0,-1,5,4,3,-1,0,0,0,10,7,11,4,1,-1,6,-1,-1,-1,998,8,2,HYUNDAI BAYON,-1,-1,0,-1
2024520401826,2024,520401826,2,9,0,9,9,4,2,0,0,8,0,0,0,0,1,1,6,6,1,76,11,998,8,3,HYUNDAI BAYON,9,E01029076,0,3
2024501470673,2024,501470673,1,9,0,-1,19,2,6,-1,0,0,2,0,2,4,4,1,-1,6,1,43,7,998,8,1,HYUNDAI BAYON,6,E01024848,0,5
2024211493594,2024,211493594,3,9,0,-1,19,8,4,-1,0,0,0,0,0,0,1,1,-1,6,1,62,9,998,8,3,HYUNDAI BAYON,3,E01029725,0,1
2024131456504,2024,131456504,1,9,0,-1,19,4,8,-1,0,2,0,0,0,0,1,1,-1,9,2,25,5,998,8,2,HYUNDAI BAYON,1,E01011283,0,2
2024440241073,2024,440241073,2,9,0,3,3,6,2,0,0,0,0,0,0,0,2,1,6,6,1,27,6,998,8,0,HYUNDAI BAYON,5,E01022678,0,4
2024311482111,2024,311482111,2,9,0,-1,2,1,5,-1,0,0,0,0,0,0,4,1,-1,6,3,-1,-1,998,8,1,HYUNDAI BAYON,-1,-1,0,-1
2024041411369,2024,041411369,1,9,0,-1,19,1,5,-1,0,8,0,0,0,0,3,1,-1,6,2,75,10,998,8,1,HYUNDAI BAYON,9,E01025021,0,3
2024010518435,2024,010518435,1,9,0,17,19,1,5,0,0,8,0,0,0,0,3,1,6,6,2,40,7,998,8,1,HYUNDAI BAYON,8,E01003460,0,1
2024221530549,2024,221530549,1,21,1,-1,19,2,6,-1,0,0,0,0,7,0,1,1,-1,1,1,40,7,12900,5,0,IVECO S-WAY,-1,-1,0,-1
2024070537409,2024,070537409,1,21,1,18,19,5,1,0,0,0,0,0,0,0,1,1,1,1,1,51,8,12900,5,1,IVECO S-WAY,9,E01012493,0,4
2024041495527,2024,041495527,3,21,0,-1,19,7,3,-1,0,0,0,0,0,0,0,1,-1,1,1,27,6,12882,2,0,IVECO S-WAY,1,E01011467,0,4
2024201479834,2024,201479834,1,21,1,-1,19,5,1,-1,0,0,0,0,0,0,1,1,-1,1,1,57,9,12882,2,0,IVECO S-WAY,3,E01017711,0,5
2024320136496,2024,320136496,1,21,0,-1,-1,4,8,0,0,8,1,0,0,0,1,1,6,6,1,63,9,11120,2,2,IVECO S-WAY,1,E01007979,0,4
2024131488877,2024,131488877,1,21,1,-1,19,7,5,-1,0,8,0,0,0,0,1,1,-1,1,1,25,5,12900,5,1,IVECO S-WAY,2,E01006308,0,4
2024052400776,2024,052400776,2,21,1,18,19,7,3,0,0,0,0,0,0,0,2,1,1,1,3,-1,-1,12900,5,2,IVECO S-WAY,-1,-1,0,-1
2024131458475,2024,131458475,3,20,0,-1,19,3,7,-1,0,0,0,0,0,0,1,1,-1,1,1,50,8,-1,-1,-1,IVECO S-WAY,5,E01011731,0,2
2024201445890,2024,201445890,1,21,1,-1,9,2,8,-1,0,1,0,0,0,0,3,9,-1,1,1,43,7,12900,5,2,IVECO S-WAY,3,E01010361,0,3
2024211438619,2024,211438619,2,21,1,-1,4,5,1,-1,0,0,0,0,0,0,1,2,-1,1,1,44,7,12882,2,2,IVECO S-WAY,-1,-1,0,-1
2024231521938,2024,231521938,1,21,1,-1,12,6,2,-1,0,0,0,0,0,0,3,1,-1,1,1,60,9,12900,5,2,IVECO S-WAY,2,E01010448,0,4
2024010511706,2024,010511706,1,21,0,18,19,3,7,0,0,6,0,0,0,0,1,1,1,1,1,27,6,8710,2,0,IVECO S-WAY,2,E01004088,0,3
2024231486375,2024,231486375,1,21,1,-1,19,6,2,-1,0,0,0,0,0,0,1,9,-1,6,1,39,7,12882,2,1,IVECO S-WAY,10,E01029662,0,4
2024071006822,2024,071006822,1,21,1,-1,19,6,2,-1,0,8,0,0,0,1,1,1,-1,1,1,56,9,11120,2,2,IVECO S-WAY,1,E01005665,0,4
2024451537126,2024,451537126,2,21,-1,-1,-1,-1,-1,-1,-1,0,-1,-1,-1,0,-1,9,-1,6,3,-1,-1,12882,2,0,IVECO S-WAY,-1,-1,0,-1
2024201532295,2024,201532295,1,21,0,-1,9,3,5,-1,0,8,0,0,0,0,1,1,-1,1,1,41,7,12900,5,2,IVECO S-WAY,1,E01009366,0,2
2024361532651,2024,361532651,1,21,4,-1,-1,-1,-1,-1,-1,-1,-1,-1,-1,0,-1,9,-1,6,1,63,9,12882,2,0,IVECO S-WAY,7,E01026532,0,3
2024451475562,2024,451475562,1,21,0,-1,11,7,3,-1,0,0,0,0,0,0,4,1,-1,6,1,45,7,11120,2,0,IVECO S-WAY,-1,-1,0,-1
2024421512913,2024,421512913,1,21,0,-1,2,0,0,-1,-1,0,-1,-1,-1,0,-1,9,-1,6,1,32,6,12882,2,1,IVECO S-WAY,8,E01024313,0,3
2024351540092,2024,351540092,1,21,1,-1,19,7,3,-1,0,0,0,0,1,0,4,1,-1,1,1,60,9,12882,2,1,IVECO S-WAY,8,E01021684,0,4
2024361403184,2024,361403184,1,9,0,-1,6,4,1,-1,0,6,0,0,0,0,4,1,-1,9,2,55,8,1598,2,8,JEEP RENEGADE,4,E01026743,0,3
2024010509375,2024,010509375,1,9,0,99,99,9,9,99,99,9,9,99,9,99,2,9,6,6,2,28,6,1368,1,8,JEEP RENEGADE,5,E01000338,0,1
2024421529595,2024,421529595,2,9,0,-1,19,5,1,-1,0,0,0,0,1,0,3,1,-1,6,2,29,6,1598,2,8,JEEP RENEGADE,9,E01021661,0,1
2024052402653,2024,052402653,3,9,0,18,19,3,7,0,0,0,0,0,0,0,4,1,6,6,2,65,9,1598,2,8,JEEP RENEGADE,8,E01006889,0,1
2024332401187,2024,332401187,2,9,0,-1,19,8,4,-1,0,8,5,0,0,0,1,1,-1,6,2,30,6,1368,1,9,JEEP RENEGADE,8,E01025739,0,2
2024421505959,2024,421505959,1,9,0,-1,4,1,5,-1,0,8,0,0,0,0,1,1,-1,9,1,67,10,1368,1,8,JEEP RENEGADE,6,E01003771,0,4
2024010515795,2024,010515795,2,9,0,9,9,7,4,0,0,1,0,0,0,0,3,1,6,6,1,27,6,1332,1,6,JEEP RENEGADE,4,E01001156,0,1
2024501456107,2024,501456107,1,9,0,-1,19,6,2,-1,0,0,0,0,0,0,1,1,-1,2,2,51,8,1598,2,6,JEEP RENEGADE,4,E01020291,0,4
2024440106036,2024,440106036,1,9,0,18,19,8,4,0,0,1,0,0,0,0,1,1,6,6,1,-1,-1,1368,1,6,JEEP RENEGADE,-1,-1,0,-1
2024461529425,2024,461529425,4,9,0,-1,19,4,8,-1,0,0,0,0,0,0,1,1,-1,2,2,37,7,1368,1,6,JEEP RENEGADE,7,E01000377,0,3
2024161520137,2024,161520137,2,9,0,-1,5,6,2,-1,0,0,0,0,0,0,1,1,-1,6,1,32,6,999,1,2,JEEP RENEGADE,-1,-1,0,-1
2024302401632,2024,302401632,2,9,0,9,9,2,1,0,0,3,0,0,0,0,4,1,6,6,2,39,7,999,1,3,JEEP RENEGADE,6,E01019660,0,1
2024440449652,2024,440449652,1,9,0,5,5,5,1,0,0,4,0,0,0,0,1,1,2,2,1,45,7,1956,2,6,JEEP RENEGADE,8,E01023174,0,2
2024010515539,2024,010515539,2,9,0,99,99,9,9,99,99,9,9,99,9,99,9,9,6,6,3,-1,-1,1368,1,8,JEEP RENEGADE,-1,-1,0,-1
2024101473344,2024,101473344,1,9,0,-1,19,5,1,-1,0,1,0,0,0,0,1,1,-1,6,1,37,7,1956,2,8,JEEP RENEGADE,2,E01008231,0,1
2024010505968,2024,010505968,3,9,0,99,99,9,9,99,99,9,9,99,9,99,1,9,6,6,3,-1,-1,1368,1,9,JEEP RENEGADE,-1,-1,0,-1
2024010518632,2024,010518632,1,9,0,2,2,0,0,9,9,1,0,0,0,0,2,1,6,6,3,-1,-1,1332,1,5,JEEP RENEGADE,-1,-1,0,-1
2024141432694,2024,141432694,1,9,0,-1,4,7,3,-1,0,1,0,0,0,0,2,1,-1,6,2,56,9,1598,2,9,JEEP RENEGADE,9,E01008023,0,3
2024141400077,2024,141400077,3,9,0,-1,19,7,3,-1,0,0,0,0,0,0,1,1,-1,9,2,72,10,1598,2,8,JEEP RENEGADE,6,E01007586,0,2
2024440496863,2024,440496863,4,9,0,18,19,5,1,0,0,0,0,0,0,0,2,1,6,6,1,25,5,1368,1,8,JEEP RENEGADE,2,E01028186,0,5
2024221471311,2024,221471311,1,9,0,-1,9,8,6,-1,0,5,0,0,0,0,1,1,-1,1,1,48,8,1332,8,1,JEEP RENEGADE,5,E01020068,0,5
2024501519670,2024,501519670,2,9,0,-1,19,4,8,-1,0,1,0,0,0,0,1,1,-1,6,2,27,6,999,1,4,JEEP RENEGADE,10,E01030616,0,5
2024991439102,2024,991439102,1,9,0,-1,9,6,3,-1,0,8,0,0,0,0,1,1,-1,9,2,59,9,1956,2,8,JEEP RENEGADE,-1,-1,0,-1
2024351410079,2024,351410079,2,9,-1,-1,-1,-1,-1,-1,-1,0,-1,-1,-1,0,2,9,-1,9,2,40,7,1956,2,9,JEEP RENEGADE,3,E01031006,0,5
2024401539781,2024,401539781,1,9,0,-1,19,5,2,-1,0,8,0,0,0,0,1,1,-1,6,2,34,6,1368,1,8,JEEP RENEGADE,4,E01023652,0,4
2024461463339,2024,461463339,1,9,0,-1,19,5,1,-1,0,0,0,0,0,0,2,1,-1,9,2,22,5,1368,1,8,JEEP RENEGADE,6,E01024267,0,2
2024461405425,2024,461405425,1,9,0,-1,9,4,1,-1,0,1,0,0,0,0,3,1,-1,2,1,39,7,1368,1,8,JEEP RENEGADE,4,E01000788,0,2
2024471531486,2024,471531486,2,9,0,-1,7,2,4,-1,0,5,0,0,0,0,4,1,-1,6,2,25,5,999,1,3,JEEP RENEGADE,6,E01031375,0,2
2024201460852,2024,201460852,2,9,0,-1,7,6,2,-1,0,1,1,0,0,0,2,1,-1,6,2,43,7,1598,2,8,JEEP RENEGADE,1,E01009173,0,1
2024010496093,2024,010496093,1,9,0,18,19,1,5,0,0,1,1,0,0,0,1,1,6,6,1,34,6,1332,1,5,JEEP RENEGADE,2,E01034042,0,1
2024231407632,2024,231407632,1,9,0,-1,19,2,6,-1,0,8,1,10,0,0,4,1,-1,9,2,31,6,1598,2,8,JEEP RENEGADE,10,E01033254,0,1
2024041467155,2024,041467155,3,9,0,-1,10,5,3,-1,0,0,0,0,1,0,1,1,-1,9,1,58,9,999,1,4,JEEP RENEGADE,9,E01025281,0,2
2024231501164,2024,231501164,1,9,0,-1,5,2,6,-1,0,6,0,0,0,0,4,1,-1,6,2,34,6,999,1,3,JEEP RENEGADE,8,E01031083,0,1
2024430243203,2024,430243203,1,9,0,18,19,4,8,0,0,0,0,0,0,0,4,1,6,6,1,32,6,1598,1,8,JEEP RENEGADE,5,E01016500,0,1