collision_index,collision_year,collision_ref_no,vehicle_reference,vehicle_type,towing_and_articulation,vehicle_manoeuvre_historic,vehicle_manoeuvre,vehicle_direction_from,vehicle_direction_to,vehicle_location_restricted_lane_historic,vehicle_location_restricted_lane,junction_location,skidding_and_overturning,hit_object_in_carriageway,vehicle_leaving_carriageway,hit_object_off_carriageway,first_point_of_impact,vehicle_left_hand_drive,journey_purpose_of_driver_historic,journey_purpose_of_driver,sex_of_driver,age_of_driver,age_band_of_driver,engine_capacity_cc,propulsion_code,age_of_vehicle,generic_make_model,driver_imd_decile,lsoa_of_driver,escooter_flag,driver_distance_banding
2024161421094,2024,161421094,2,9,0,-1,7,5,7,-1,0,2,0,0,0,0,2,9,-1,6,1,65,9,1368,1,9,JEEP RENEGADE,-1,-1,0,-1
2024411507914,2024,411507914,1,9,0,-1,7,5,6,-1,0,3,0,0,0,0,1,9,-1,9,1,52,8,1368,1,8,JEEP RENEGADE,4,E01023395,0,1
2024131490160,2024,131490160,2,9,0,-1,2,1,5,-1,0,8,0,0,0,0,2,1,-1,6,-1,-1,-1,1598,2,8,JEEP RENEGADE,-1,-1,0,-1
2024991491726,2024,991491726,2,9,0,-1,19,5,1,-1,0,6,0,0,0,0,1,1,-1,6,2,28,6,999,1,3,JEEP RENEGADE,8,-1,0,3
2024211463286,2024,211463286,2,9,0,-1,5,6,2,-1,0,1,0,0,1,0,1,1,-1,6,2,66,10,999,1,5,JEEP RENEGADE,7,E01014202,0,4
2024010518632,2024,010518632,2,9,0,2,2,0,0,9,9,1,0,0,0,0,2,1,6,6,3,-1,-1,1332,1,5,JEEP RENEGADE,-1,-1,0,-1
2024461501803,2024,461501803,1,9,0,-1,19,3,5,-1,0,6,0,0,0,0,1,1,-1,2,1,48,8,1368,1,8,JEEP RENEGADE,2,E01024477,0,1
2024522402639,2024,522402639,1,9,0,11,11,2,6,0,0,8,0,0,0,0,4,1,6,6,2,31,6,1332,1,4,JEEP RENEGADE,1,E01010368,0,5
2024161496327,2024,161496327,2,9,0,-1,13,7,3,-1,0,0,0,0,0,0,0,1,-1,6,2,49,8,1332,8,3,JEEP RENEGADE,9,E01033107,0,4
2024201410281,2024,201410281,1,9,0,-1,19,4,1,-1,0,8,0,0,0,0,3,9,-1,6,2,37,7,1598,2,5,JEEP RENEGADE,2,E01009890,0,1
2024010529282,2024,010529282,1,9,0,5,5,3,7,0,0,1,0,0,0,0,1,1,6,6,2,42,7,1598,1,8,JEEP RENEGADE,3,E01004718,0,3
2024201525499,2024,201525499,1,9,0,-1,5,4,2,-1,0,8,0,0,0,0,1,1,-1,6,2,45,7,1598,2,9,JEEP RENEGADE,2,E01010479,0,1
2024061433927,2024,061433927,2,9,0,-1,19,-1,-1,-1,0,0,9,0,0,0,1,1,-1,6,1,-1,-1,1598,1,8,JEEP RENEGADE,7,E01025361,0,3
2024430181255,2024,430181255,1,9,0,16,19,2,6,0,0,0,2,0,0,0,1,1,2,2,2,34,6,1598,2,8,JEEP RENEGADE,7,E01017680,0,2
2024010516256,2024,010516256,2,9,0,99,99,9,9,99,99,9,9,99,9,99,9,9,6,6,1,45,7,1332,1,5,JEEP RENEGADE,5,E01022640,0,4
2024471513153,2024,471513153,3,9,0,-1,19,5,1,-1,0,0,0,0,0,0,3,1,-1,6,1,49,8,1598,1,8,JEEP RENEGADE,6,E01031663,0,2
2024622400841,2024,622400841,1,9,0,7,7,4,6,0,0,8,0,0,0,0,4,1,6,6,2,25,5,999,1,5,JEEP RENEGADE,10,W01001779,0,2
2024010512426,2024,010512426,2,9,0,99,99,9,9,99,99,9,9,99,9,99,2,9,6,6,2,43,7,1368,1,8,JEEP RENEGADE,6,E01002636,0,2
2024302401224,2024,302401224,1,9,0,17,19,3,7,0,0,1,0,0,0,0,1,1,6,6,1,43,7,1598,1,9,JEEP RENEGADE,8,E01019713,0,1
2024201505772,2024,201505772,2,9,0,-1,3,1,5,-1,0,1,0,0,0,0,2,1,-1,9,2,39,7,999,1,5,JEEP RENEGADE,1,E01010370,0,1
2024311433129,2024,311433129,2,9,0,-1,4,7,3,-1,0,1,0,0,0,0,2,1,-1,6,1,35,6,1598,2,8,JEEP RENEGADE,8,E01028058,0,1
2024061458785,2024,061458785,1,9,0,-1,4,-1,-1,-1,0,0,0,0,0,0,1,1,-1,9,1,58,9,1956,2,7,JEEP RENEGADE,8,E01005049,0,2
2024531501048,2024,531501048,2,9,0,-1,3,5,2,-1,0,0,0,0,0,0,2,2,-1,9,1,37,7,1332,1,6,JEEP RENEGADE,6,E01034791,0,1
2024531447741,2024,531447741,1,9,0,-1,9,5,3,-1,0,5,0,0,0,0,1,1,-1,9,1,37,7,999,1,3,JEEP RENEGADE,8,E01022447,0,1
2024122401002,2024,122401002,2,9,0,9,9,7,3,0,0,5,0,0,0,0,1,1,6,6,2,29,6,1598,2,9,JEEP RENEGADE,9,E01027567,0,4
2024061415951,2024,061415951,2,9,0,-1,19,8,4,-1,0,0,0,0,0,0,1,1,-1,6,2,59,9,1368,1,8,JEEP RENEGADE,3,E01018611,0,3
2024430072783,2024,430072783,1,9,0,3,3,8,4,0,0,1,0,0,0,0,3,1,6,6,2,41,7,1956,2,8,JEEP RENEGADE,9,E01016696,0,1
2024302400352,2024,302400352,2,9,0,18,19,7,3,0,0,0,1,0,0,0,1,1,6,6,2,23,5,1368,1,8,JEEP RENEGADE,9,E01028094,0,3
2024991422963,2024,991422963,2,9,0,-1,3,1,7,-1,0,1,0,0,0,0,2,1,-1,9,1,31,6,1598,1,9,JEEP RENEGADE,-1,-1,0,-1
2024131405776,2024,131405776,1,9,0,-1,19,7,3,-1,0,0,1,0,1,1,1,1,-1,9,1,31,6,1332,1,5,JEEP RENEGADE,1,E01011430,0,2
2024221452442,2024,221452442,1,9,0,-1,19,1,5,-1,0,0,0,4,0,0,1,9,-1,6,2,53,8,1956,2,9,JEEP RENEGADE,8,E01032176,0,1
2024061447900,2024,061447900,2,9,0,-1,2,0,0,-1,9,2,0,0,0,0,3,1,-1,6,-1,-1,-1,999,1,4,JEEP RENEGADE,-1,-1,0,-1
2024451448065,2024,451448065,2,9,0,-1,10,3,1,-1,0,0,0,0,1,0,3,1,-1,6,1,45,7,1368,1,8,JEEP RENEGADE,9,E01030301,0,1
2024010550679,2024,010550679,1,9,0,99,99,9,9,0,0,9,0,99,9,99,0,9,6,6,3,37,7,1598,2,8,JEEP RENEGADE,2,E01001432,0,1
2024411488936,2024,411488936,1,9,0,-1,19,6,2,-1,0,0,2,7,0,0,3,1,-1,6,2,50,8,1956,2,9,JEEP RENEGADE,10,E01023724,0,1
2024501451254,2024,501451254,1,9,0,-1,5,7,3,-1,0,4,0,0,0,0,4,1,-1,9,1,60,9,1368,1,8,JEEP RENEGADE,3,E01014612,0,5
2024421400194,2024,421400194,1,9,0,-1,19,2,4,-1,0,2,0,0,0,0,1,1,-1,6,2,27,6,1368,1,9,JEEP RENEGADE,5,E01022010,0,1
2024401528519,2024,401528519,1,9,0,-1,9,6,3,-1,0,0,2,0,1,9,3,1,-1,2,2,24,5,999,1,5,JEEP RENEGADE,4,E01033827,0,1
2024411487677,2024,411487677,1,5,0,-1,19,6,2,-1,0,4,0,0,0,0,3,1,-1,6,1,38,7,998,1,7,KAWASAKI ZX,8,E01023880,0,2
2024520402465,2024,520402465,1,5,0,18,19,3,7,0,0,8,0,0,0,0,1,1,6,6,1,32,6,998,1,16,KAWASAKI ZX,8,E01035111,0,1
2024421522298,2024,421522298,2,5,0,-1,19,6,2,-1,0,0,0,0,0,0,2,1,-1,9,1,62,9,998,1,6,KAWASAKI ZX,2,E01004310,0,4
2024501514048,2024,501514048,2,5,0,-1,19,1,6,-1,0,0,5,0,0,0,1,1,-1,9,1,54,8,599,1,23,KAWASAKI ZX,5,E01018849,0,1
2024520401682,2024,520401682,2,5,0,13,13,2,6,0,0,0,0,0,0,0,1,1,6,6,1,28,6,636,1,18,KAWASAKI ZX,5,E01029153,0,1
2024101485940,2024,101485940,1,5,0,-1,19,1,4,-1,0,1,2,0,7,0,1,1,-1,9,2,55,8,599,1,19,KAWASAKI ZX,1,E01027542,0,3
2024549766324,2024,549766324,1,5,0,18,19,1,4,0,0,0,1,0,7,11,1,1,6,6,1,60,9,1052,1,33,KAWASAKI ZX,5,E01032010,0,1
2024471484731,2024,471484731,1,5,0,-1,15,4,8,-1,0,2,5,0,0,0,3,1,-1,9,1,30,6,600,1,17,KAWASAKI ZX,2,E01031432,0,1
2024122401071,2024,122401071,1,5,0,18,19,7,3,0,0,0,0,0,1,11,4,1,6,6,1,29,6,636,1,7,KAWASAKI ZX,7,E01012614,0,4
2024211461933,2024,211461933,1,5,0,-1,19,8,3,-1,0,1,0,0,0,0,1,1,-1,6,-1,18,4,1199,1,22,KAWASAKI ZX,-1,-1,0,-1
2024111438250,2024,111438250,1,5,0,-1,19,3,8,-1,0,0,2,0,0,0,4,1,-1,9,1,34,6,1043,1,11,KAWASAKI ZX,1,E01020739,0,4
2024302400757,2024,302400757,2,5,0,18,19,4,8,0,0,0,0,0,0,0,1,1,6,6,1,31,6,998,1,16,KAWASAKI ZX,4,E01019693,0,1
2024302400564,2024,302400564,2,5,0,18,19,3,7,0,0,0,0,0,0,0,1,1,6,6,1,39,7,1043,1,12,KAWASAKI ZX,1,E01005121,0,4
2024481569657,2024,481569657,1,5,0,-1,19,3,7,-1,0,8,0,0,0,0,1,1,-1,1,1,40,7,1043,1,6,KAWASAKI ZX,-1,-1,0,-1
2024430450504,2024,430450504,1,5,0,18,19,4,8,0,0,0,0,0,0,0,0,1,2,2,1,44,7,599,1,23,KAWASAKI ZX,5,E01016599,0,2
2024421458040,2024,421458040,1,5,0,-1,19,2,6,-1,0,0,0,0,0,0,1,1,-1,9,1,35,6,998,1,8,KAWASAKI ZX,1,E01003506,0,4
2024552400413,2024,552400413,1,5,0,18,19,2,6,0,0,0,0,0,0,0,0,1,2,2,1,35,6,1043,1,7,KAWASAKI ZX,3,E01020574,0,3
2024991461434,2024,991461434,1,5,0,-1,19,4,8,-1,0,0,5,0,1,9,1,1,-1,9,1,25,5,636,1,9,KAWASAKI ZX,2,E01013187,0,5
2024361499263,2024,361499263,1,5,0,-1,13,7,3,-1,-1,1,2,0,1,0,1,1,-1,6,1,56,9,899,1,25,KAWASAKI ZX,-1,-1,0,-1
2024471516007,2024,471516007,1,5,0,-1,19,6,2,-1,9,0,0,0,2,2,1,1,-1,6,1,44,7,1352,1,15,KAWASAKI ZX,8,E01016928,0,3
2024311455625,2024,311455625,1,5,0,-1,19,1,5,-1,0,2,0,0,0,0,1,1,-1,6,1,30,6,636,1,19,KAWASAKI ZX,-1,-1,0,-1
2024122400407,2024,122400407,2,5,0,18,19,2,6,0,0,8,0,0,0,0,1,1,6,6,1,63,9,899,1,23,KAWASAKI ZX,8,E01027875,0,4
2024421405934,2024,421405934,3,5,0,-1,19,5,1,-1,0,0,2,0,0,0,1,1,-1,9,1,44,7,998,1,19,KAWASAKI ZX,10,E01021345,0,4
2024302500237,2024,302500237,2,5,0,-1,5,1,5,-1,0,1,0,0,0,0,3,1,-1,6,1,42,7,998,1,17,KAWASAKI ZX,7,E01019528,0,1
2024010523605,2024,010523605,1,5,0,13,13,6,2,0,0,2,0,7,0,0,1,1,6,6,1,32,6,998,1,9,KAWASAKI ZX,5,E01000609,0,1
2024302400199,2024,302400199,2,5,0,18,19,4,8,0,0,1,0,0,0,0,1,1,6,6,1,22,5,998,1,17,KAWASAKI ZX,3,E01019687,0,1
2024031473106,2024,031473106,2,4,0,-1,19,4,8,-1,0,1,0,0,0,0,1,1,-1,6,1,59,9,1441,1,9,KAWASAKI ZX,4,E01027795,0,5
2024440379620,2024,440379620,2,5,0,18,19,7,3,0,0,8,0,0,0,0,4,1,6,6,1,65,9,1441,1,9,KAWASAKI ZX,4,E01017348,0,1
2024010497764,2024,010497764,2,5,0,18,19,3,7,0,0,1,1,0,0,0,1,1,6,6,1,57,9,599,1,23,KAWASAKI ZX,5,E01033787,0,1
2024031486975,2024,031486975,2,4,0,-1,14,6,2,-1,0,2,0,0,0,0,1,1,-1,9,1,60,9,1199,1,18,KAWASAKI ZX,3,E01019150,0,2
2024122400625,2024,122400625,2,5,0,18,19,1,5,0,0,1,0,0,0,0,0,1,6,6,1,31,6,1164,1,20,KAWASAKI ZX,8,E01011507,0,4
2024070471796,2024,070471796,1,5,0,18,19,7,3,0,0,1,0,0,5,6,3,1,6,6,1,58,9,998,1,15,KAWASAKI ZX,6,E01018472,0,2
2024141455760,2024,141455760,2,5,0,-1,19,7,3,-1,0,8,0,0,0,0,1,1,-1,6,1,70,10,1043,1,8,KAWASAKI ZX,4,E01011208,0,4
2024122400954,2024,122400954,1,5,0,13,13,7,3,0,0,1,0,0,3,0,1,1,6,6,1,63,9,1441,1,11,KAWASAKI ZX,5,E01012054,0,4
2024501404523,2024,501404523,2,5,0,-1,14,7,3,-1,0,0,0,10,0,0,4,1,-1,2,1,33,6,599,1,23,KAWASAKI ZX,4,E01018918,0,1
2024010538330,2024,010538330,2,3,0,99,99,9,9,99,99,9,9,99,9,99,1,1,6,6,1,27,6,636,1,10,KAWASAKI ZX,10,E01023948,0,3
2024311457798,2024,311457798,2,5,0,-1,19,1,5,-1,0,1,5,0,0,0,1,1,-1,9,1,26,6,599,1,24,KAWASAKI ZX,10,E01028364,0,1
2024461445275,2024,461445275,2,5,0,-1,5,3,7,-1,0,0,5,0,7,0,4,1,-1,6,1,25,5,636,1,21,KAWASAKI ZX,3,E01024695,0,1
2024522402949,2024,522402949,2,3,0,18,19,2,6,0,0,8,0,0,0,0,1,1,6,6,1,59,9,997,1,37,KAWASAKI ZX,5,E01033339,0,1
2024161498780,2024,161498780,1,5,0,-1,19,8,4,-1,0,0,5,0,1,0,3,1,-1,6,1,50,8,599,1,15,KAWASAKI ZX,4,E01013146,0,2
2024991494414,2024,991494414,1,5,0,-1,19,4,8,-1,0,1,0,4,1,7,1,1,-1,9,1,58,9,998,1,19,KAWASAKI ZX,3,-1,0,5
2024471426581,2024,471426581,2,5,0,-1,19,7,3,-1,0,1,0,0,0,0,1,1,-1,6,1,49,8,1043,1,8,KAWASAKI ZX,8,E01024077,0,5
2024440082678,2024,440082678,1,5,0,4,4,1,5,0,0,1,1,0,0,0,3,1,2,2,2,34,6,599,1,22,KAWASAKI ZX,4,E01017020,0,1
2024440241997,2024,440241997,1,5,0,4,4,6,2,0,0,0,0,0,0,0,1,1,6,6,1,42,7,636,1,18,KAWASAKI ZX,9,E01014430,0,5
2024520402918,2024,520402918,2,5,0,7,7,2,6,0,0,8,0,0,0,0,4,1,6,6,1,59,9,899,1,24,KAWASAKI ZX,4,E01029286,0,3
2024991467571,2024,991467571,1,5,0,-1,19,3,3,-1,0,0,2,0,2,10,4,1,-1,9,1,31,6,899,1,24,KAWASAKI ZX,2,-1,0,4
2024411537135,2024,411537135,2,5,0,-1,19,8,4,-1,0,1,0,0,0,0,1,1,-1,6,1,57,9,1043,1,6,KAWASAKI ZX,8,E01017658,0,4
2024421428798,2024,421428798,1,5,0,-1,19,6,2,-1,0,0,2,0,0,0,1,1,-1,6,1,36,7,998,1,9,KAWASAKI ZX,4,E01030187,0,4
2024211486927,2024,211486927,2,5,0,-1,19,5,7,-1,0,3,5,0,7,0,4,1,-1,9,1,61,9,1441,1,8,KAWASAKI ZX,8,E01029742,0,3
2024430056070,2024,430056070,2,5,0,13,13,4,8,0,0,0,1,0,0,0,1,1,6,6,1,37,7,1164,1,22,KAWASAKI ZX,9,E01033833,0,2
2024332400409,2024,332400409,1,5,0,-1,13,5,1,-1,0,0,0,0,0,0,1,1,-1,9,1,29,6,899,1,22,KAWASAKI ZX,1,E01013632,0,1
2024411482615,2024,411482615,2,5,0,-1,4,3,7,-1,0,0,0,0,0,0,2,1,-1,6,1,68,10,899,1,24,KAWASAKI ZX,3,E01023957,0,3
2024221491678,2024,221491678,2,5,0,-1,13,8,4,-1,0,8,0,0,0,0,1,1,-1,9,1,41,7,998,1,13,KAWASAKI ZX,-1,-1,0,-1
2024622400700,2024,622400700,1,5,0,18,19,4,8,0,0,0,0,10,1,1,4,1,6,6,1,50,8,599,1,28,KAWASAKI ZX,3,W01000739,0,3
2024522403010,2024,522403010,1,5,0,18,19,2,6,0,0,0,0,1,0,0,1,1,6,6,1,53,8,899,1,25,KAWASAKI ZX,9,E01014738,0,2
2024440271766,2024,440271766,1,5,0,18,19,6,2,0,0,3,1,0,0,0,3,1,6,6,1,35,6,998,1,17,KAWASAKI ZX,3,E01022549,0,3
2024201523260,2024,201523260,2,5,0,-1,11,7,2,-1,0,0,0,0,0,0,3,1,-1,6,1,54,8,599,1,26,KAWASAKI ZX,4,E01009229,0,1
2024201499317,2024,201499317,2,5,0,-1,19,5,2,-1,0,8,0,0,0,0,3,1,-1,6,1,48,8,599,1,24,KAWASAKI ZX,1,E01010404,0,1
2024430289325,2024,430289325,2,5,0,14,14,2,6,0,0,0,0,0,1,9,3,1,2,2,1,33,6,998,1,16,KAWASAKI ZX,5,E01028477,0,2
2024991474278,2024,991474278,2,5,0,-1,19,6,1,-1,0,1,5,0,0,0,1,1,-1,9,1,26,6,1043,1,7,KAWASAKI ZX,7,-1,0,2
2024010522715,2024,010522715,2,5,0,7,7,3,5,0,0,1,0,0,0,0,1,1,6,6,1,37,7,599,1,16,KAWASAKI ZX,6,E01002220,0,1
2024201533225,2024,201533225,2,3,0,-1,19,1,1,-1,0,8,0,0,0,0,4,1,-1,9,1,64,9,1199,1,24,KAWASAKI ZX,2,E01009741,0,1
2024481564157,2024,481564157,1,5,0,-1,14,7,3,-1,0,1,0,0,0,0,1,1,-1,2,1,41,7,1043,1,10,KAWASAKI ZX,-1,-1,0,-1
202454C989524,2024,54C989524,2,5,0,16,19,3,5,0,0,1,0,0,0,0,3,1,2,2,1,38,7,599,1,16,KAWASAKI ZX,3,E01015569,0,1
2024991422551,2024,991422551,2,4,0,-1,19,8,4,-1,0,0,1,0,0,0,1,1,-1,9,1,24,5,398,1,23,KAWASAKI ZX,5,-1,0,1
2024141408823,2024,141408823,2,5,0,-1,19,1,5,-1,0,8,0,0,0,0,1,1,-1,6,1,29,6,599,1,21,KAWASAKI ZX,3,E01008095,0,2
2024471394090,2024,471394090,1,5,0,-1,19,3,7,-1,0,0,0,0,0,0,1,1,-1,6,1,39,7,636,1,20,KAWASAKI ZX,9,E01031532,0,4
2024520402713,2024,520402713,2,5,0,18,19,3,7,0,0,8,0,0,0,0,1,1,6,6,1,34,6,636,1,18,KAWASAKI ZX,5,E01029229,0,4
2024052402873,2024,052402873,1,5,0,18,19,1,5,0,0,4,1,0,3,1,1,1,6,6,1,33,6,749,1,25,KAWASAKI ZX,1,E01012367,0,4
2024451477906,2024,451477906,1,5,0,-1,4,5,1,-1,0,0,0,0,0,0,2,1,-1,6,2,27,6,599,1,15,KAWASAKI ZX,5,E01004061,0,4
2024991444081,2024,991444081,1,5,0,-1,19,6,2,-1,0,0,0,0,1,0,1,1,-1,9,1,34,6,1043,1,6,KAWASAKI ZX,-1,-1,0,-1
2024461487216,2024,461487216,1,5,0,-1,19,3,7,-1,0,0,1,0,0,0,1,1,-1,2,1,35,6,636,1,9,KAWASAKI ZX,9,E01001605,0,3
2024546628424,2024,546628424,2,5,0,3,3,7,3,0,0,0,0,0,0,0,1,1,1,1,1,43,7,1043,1,12,KAWASAKI ZX,9,E01031946,0,3
2024351516800,2024,351516800,2,4,0,-1,13,5,1,-1,0,0,1,0,0,0,1,1,-1,6,2,51,8,636,1,21,KAWASAKI ZX,4,E01026280,0,3
2024440192977,2024,440192977,1,5,0,18,19,8,4,0,0,1,1,0,0,0,1,1,6,6,1,52,8,1043,1,7,KAWASAKI ZX,4,E01017172,0,2
2024421465471,2024,421465471,1,5,0,-1,19,5,1,-1,0,0,0,0,0,0,3,1,-1,2,1,51,8,1043,1,6,KAWASAKI ZX,7,E01021856,0,1
2024131442051,2024,131442051,2,5,0,-1,11,5,7,-1,0,8,0,9,1,11,4,1,-1,2,1,25,5,899,1,22,KAWASAKI ZX,9,E01013016,0,4
2024332400530,2024,332400530,1,5,0,-1,19,6,1,-1,0,0,1,0,1,0,3,1,-1,1,1,60,9,599,1,20,KAWASAKI ZX,7,E01025895,0,1
2024430075185,2024,430075185,1,5,0,18,19,5,1,0,0,8,0,0,0,0,1,1,6,6,1,20,4,899,1,21,KAWASAKI ZX,-1,-1,0,-1
2024461433162,2024,461433162,2,5,0,-1,7,7,8,-1,0,0,2,0,0,0,4,1,-1,6,1,52,8,599,1,12,KAWASAKI ZX,4,E01024167,0,1
2024421514602,2024,421514602,1,5,0,-1,19,8,4,-1,0,8,1,0,0,0,1,1,-1,6,1,26,6,599,1,24,KAWASAKI ZX,9,E01033142,0,1
2024351498475,2024,351498475,2,5,0,-1,19,7,3,-1,0,1,0,0,0,0,1,1,-1,6,1,25,5,636,1,22,KAWASAKI ZX,9,E01032999,0,4
2024440007326,2024,440007326,1,5,0,15,15,5,1,0,0,1,0,0,8,10,1,1,6,6,1,37,7,1000,1,19,KAWASAKI ZX,7,E01023131,0,1
2024221488456,2024,221488456,2,5,0,-1,13,8,4,-1,0,0,0,0,0,0,2,1,-1,1,2,40,7,1441,1,6,KAWASAKI ZX,4,E01032275,0,4
2024122400505,2024,122400505,1,5,0,18,19,3,7,0,0,0,0,0,1,9,1,1,1,1,1,31,6,1043,1,10,KAWASAKI ZX,4,E01007536,0,4
2024311405813,2024,311405813,2,5,0,-1,19,4,2,-1,0,4,0,0,0,0,0,1,-1,6,1,28,6,599,1,20,KAWASAKI ZX,7,E01027473,0,5
2024430212936,2024,430212936,1,5,0,18,19,5,1,0,0,0,1,0,0,0,0,1,6,6,1,53,8,1043,1,10,KAWASAKI ZX,8,E01017692,0,2
2024122400472,2024,122400472,1,5,0,6,6,7,7,0,0,1,0,0,0,0,3,1,6,6,1,48,8,998,1,6,KAWASAKI ZX,1,E01012250,0,4
2024052401244,2024,052401244,2,5,0,13,13,5,1,0,0,0,1,0,0,0,0,1,6,6,1,42,7,599,1,24,KAWASAKI ZX,4,E01006641,0,4
2024351521998,2024,351521998,1,5,0,-1,19,5,1,-1,0,0,2,0,0,0,1,1,-1,6,1,40,7,599,1,25,KAWASAKI ZX,10,E01026307,0,1
2024991468854,2024,991468854,2,5,0,-1,19,1,5,-1,0,1,1,0,0,0,1,1,-1,2,1,21,5,899,1,23,KAWASAKI ZX,10,-1,0,2
2024340NN3452,2024,340NN3452,2,5,0,-1,9,7,5,-1,0,8,0,0,0,0,4,1,-1,2,1,61,9,1043,1,7,KAWASAKI ZX,9,E01027053,0,2
2024070471878,2024,070471878,1,5,0,18,19,3,8,0,0,8,1,0,0,0,3,1,6,6,1,34,6,1441,1,8,KAWASAKI ZX,3,E01012507,0,1
2024440466812,2024,440466812,2,5,0,18,19,3,7,0,0,0,0,0,0,0,4,1,6,6,1,62,9,738,1,37,KAWASAKI ZX,5,E01017279,0,2
2024361472982,2024,361472982,1,5,0,-1,10,2,4,-1,0,2,0,0,0,0,2,1,-1,9,-1,73,10,1441,1,8,KAWASAKI ZX,8,E01027273,0,5
2024371513291,2024,371513291,2,5,0,-1,19,7,3,-1,0,8,0,0,0,0,1,1,-1,1,1,32,6,599,1,17,KAWASAKI ZX,5,E01029922,0,3
2024351455556,2024,351455556,1,5,-1,-1,-1,-1,-1,-1,-1,-1,-1,-1,-1,0,4,1,-1,2,1,47,8,998,1,18,KAWASAKI ZX,5,E01018207,0,1
2024161435585,2024,161435585,1,5,0,-1,19,2,6,-1,0,1,0,0,0,0,0,1,-1,6,1,46,8,1043,1,9,KAWASAKI ZX,1,E01012837,0,1
2024421428724,2024,421428724,1,5,0,-1,7,4,6,-1,0,8,1,0,0,0,3,1,-1,9,2,51,8,998,1,6,KAWASAKI ZX,6,E01015816,0,2
2024451413059,2024,451413059,2,5,0,-1,19,5,1,-1,0,0,1,0,1,0,3,1,-1,6,1,28,6,599,1,15,KAWASAKI ZX,9,E01031733,0,3
2024201488887,2024,201488887,1,5,0,-1,19,5,1,-1,0,0,0,0,0,0,1,1,-1,6,1,42,7,899,1,26,KAWASAKI ZX,8,E01010255,0,1
2024991453518,2024,991453518,1,5,0,-1,19,5,1,-1,0,0,1,0,7,0,1,1,-1,9,1,28,6,636,1,18,KAWASAKI ZX,-1,-1,0,-1
2024501499709,2024,501499709,1,5,0,-1,19,8,6,-1,0,1,0,0,0,0,1,1,-1,6,1,21,5,599,1,24,KAWASAKI ZX,4,E01015077,0,1
2024010540170,2024,010540170,1,5,0,10,10,1,6,0,0,2,0,0,0,0,2,1,6,6,1,41,7,998,1,9,KAWASAKI ZX,-1,-1,0,-1
2024471454586,2024,471454586,1,5,0,-1,7,3,5,-1,0,2,0,0,0,0,4,1,-1,1,1,22,5,599,1,19,KAWASAKI ZX,1,E01031429,0,1
2024211432612,2024,211432612,2,5,0,-1,19,1,6,-1,0,0,0,0,0,0,3,1,-1,9,1,38,7,899,1,24,KAWASAKI ZX,7,E01029719,0,2
2024501455497,2024,501455497,1,5,0,-1,19,5,1,-1,0,8,5,0,0,0,1,1,-1,9,1,24,5,998,1,13,KAWASAKI ZX,3,E01034171,0,2
2024122400625,2024,122400625,1,5,0,18,19,1,5,0,0,8,1,0,7,11,1,1,6,6,1,30,6,998,1,14,KAWASAKI ZX,8,E01034963,0,1
2024041442386,2024,041442386,2,5,0,-1,5,5,1,-1,0,8,0,0,0,0,4,1,-1,9,1,60,9,1441,1,6,KAWASAKI ZX,5,E01027998,0,5
2024371467759,2024,371467759,1,5,0,-1,12,5,1,-1,0,0,0,11,1,9,4,1,-1,9,1,49,8,998,1,11,KAWASAKI ZX,1,E01030018,0,2
2024131458220,2024,131458220,1,5,0,-1,19,3,7,-1,0,0,2,0,0,0,4,1,-1,2,1,49,8,1043,1,6,KAWASAKI ZX,7,E01013346,0,4
2024070635068,2024,070635068,2,5,0,18,19,3,7,0,0,0,0,0,1,0,1,1,6,6,1,24,5,600,1,17,KAWASAKI ZX,10,E01018339,0,3
2024531515054,2024,531515054,2,5,0,-1,19,7,3,-1,0,8,5,0,1,1,1,1,-1,2,1,25,5,636,1,22,KAWASAKI ZX,10,E01022395,0,3
2024531442421,2024,531442421,2,5,0,-1,15,7,3,-1,4,2,0,0,0,0,1,1,-1,6,1,61,9,1043,1,6,KAWASAKI ZX,3,E01016373,0,4
2024010494670,2024,010494670,2,5,0,18,19,5,1,0,0,1,0,0,0,0,1,1,2,2,1,24,5,636,1,10,KAWASAKI ZX,2,E01001333,0,1
2024201452859,2024,201452859,2,5,0,-1,19,4,8,-1,0,1,0,0,0,0,1,1,-1,6,1,27,6,599,1,14,KAWASAKI ZX,1,E01034949,0,1
2024501531037,2024,501531037,2,5,0,-1,19,4,8,-1,0,0,0,0,0,0,4,1,-1,2,1,62,9,1043,1,5,KAWASAKI ZX,3,E01018869,0,4
2024340WN1532,2024,340WN1532,2,5,0,-1,7,2,4,-1,0,6,0,0,0,0,3,1,-1,6,1,38,7,998,1,7,KAWASAKI ZX,8,E01027160,0,1
2024440402700,2024,440402700,2,5,0,18,19,7,3,0,0,8,0,0,0,0,1,1,6,6,1,48,8,899,1,26,KAWASAKI ZX,4,E01022657,0,1
2024302400879,2024,302400879,1,3,0,18,19,2,6,0,0,2,1,0,0,0,1,1,6,6,1,24,5,599,1,24,KAWASAKI ZX,4,E01008019,0,1
2024201470308,2024,201470308,2,4,0,-1,19,8,4,-1,0,0,0,0,0,0,2,1,-1,6,1,34,6,599,1,25,KAWASAKI ZX,1,E01009141,0,1