collision_index,collision_year,collision_ref_no,vehicle_reference,vehicle_type,towing_and_articulation,vehicle_manoeuvre_historic,vehicle_manoeuvre,vehicle_direction_from,vehicle_direction_to,vehicle_location_restricted_lane_historic,vehicle_location_restricted_lane,junction_location,skidding_and_overturning,hit_object_in_carriageway,vehicle_leaving_carriageway,hit_object_off_carriageway,first_point_of_impact,vehicle_left_hand_drive,journey_purpose_of_driver_historic,journey_purpose_of_driver,sex_of_driver,age_of_driver,age_band_of_driver,engine_capacity_cc,propulsion_code,age_of_vehicle,generic_make_model,driver_imd_decile,lsoa_of_driver,escooter_flag,driver_distance_banding
2024101441726,2024,101441726,1,5,0,-1,19,4,1,-1,0,1,0,0,7,0,1,1,-1,6,1,75,10,1352,1,15,KAWASAKI ZX,4,E01027445,0,3
202454A375724,2024,54A375724,2,5,0,9,9,2,8,0,0,8,0,0,0,0,2,1,2,2,1,44,7,1043,1,11,KAWASAKI ZX,8,E01034530,0,2
2024122401152,2024,122401152,2,5,0,14,14,3,7,0,0,1,0,0,0,0,1,1,6,6,1,48,8,1352,1,15,KAWASAKI ZX,6,E01027648,0,1
2024501476818,2024,501476818,2,5,0,-1,19,8,4,-1,0,8,5,0,8,0,4,1,-1,6,1,54,8,1352,1,17,KAWASAKI ZX,4,E01018825,0,1
2024010540846,2024,010540846,2,5,0,18,19,1,5,0,0,2,0,0,0,0,1,1,6,6,1,49,8,1441,1,9,KAWASAKI ZX,3,E01023865,0,4
2024471497276,2024,471497276,2,5,0,-1,14,1,5,-1,0,1,0,0,0,0,1,1,-1,9,1,38,7,899,1,25,KAWASAKI ZX,1,E01016904,0,1
2024211500018,2024,211500018,1,5,0,-1,19,2,6,-1,0,2,0,0,0,0,1,1,-1,9,1,36,7,899,1,23,KAWASAKI ZX,7,E01029781,0,1
2024991491572,2024,991491572,2,5,0,-1,19,2,6,-1,0,1,0,0,0,0,1,1,-1,9,1,54,8,599,1,16,KAWASAKI ZX,4,-1,0,1
2024461451055,2024,461451055,1,5,0,-1,19,7,3,-1,0,0,1,0,1,1,1,1,-1,9,1,26,6,899,1,25,KAWASAKI ZX,3,E01024119,0,1
2024131469890,2024,131469890,2,5,0,-1,19,6,6,-1,0,1,0,0,7,0,3,1,-1,6,1,37,7,998,1,5,KAWASAKI ZX,4,E01007434,0,1
2024440445446,2024,440445446,1,5,0,18,19,7,3,0,0,0,0,0,0,0,0,1,6,6,1,23,5,599,1,22,KAWASAKI ZX,2,E01022965,0,2
2024991485100,2024,991485100,1,5,0,-1,19,8,4,-1,0,1,0,0,0,0,1,1,-1,9,1,66,10,1043,1,13,KAWASAKI ZX,6,-1,0,4
2024371441067,2024,371441067,2,4,0,-1,19,7,3,-1,0,1,0,0,0,0,1,1,-1,6,1,47,8,599,1,26,KAWASAKI ZX,5,E01030210,0,4
2024231500651,2024,231500651,2,5,0,-1,19,4,8,-1,0,8,0,0,0,0,3,1,-1,6,1,30,6,599,1,22,KAWASAKI ZX,8,E01031162,0,1
2024201418858,2024,201418858,2,5,0,-1,19,5,1,-1,0,8,1,0,0,0,4,1,-1,9,1,36,7,998,1,6,KAWASAKI ZX,1,E01009128,0,1
2024141444881,2024,141444881,1,5,0,-1,19,8,5,-1,0,8,0,0,0,0,1,1,-1,9,1,29,6,998,1,17,KAWASAKI ZX,6,E01028050,0,4
202454A984924,2024,54A984924,1,5,0,18,19,8,4,0,0,4,2,9,1,0,1,1,6,6,1,25,5,599,1,15,KAWASAKI ZX,-1,-1,0,-1
2024361440478,2024,361440478,1,5,0,-1,19,2,3,-1,0,8,1,0,2,11,1,1,-1,9,1,30,6,998,1,16,KAWASAKI ZX,6,E01026479,0,2
2024440075432,2024,440075432,1,5,0,4,4,8,4,0,0,0,1,0,2,2,1,1,2,2,1,42,7,998,1,10,KAWASAKI ZX,10,E01022646,0,3
2024361441321,2024,361441321,2,5,0,-1,19,6,2,-1,0,1,1,0,0,0,1,1,-1,6,1,49,8,998,1,18,KAWASAKI ZX,3,E01026861,0,1
202460Q053161,2024,60Q053161,1,5,0,17,19,5,1,0,0,1,2,0,7,10,4,1,6,6,1,63,9,1441,1,10,KAWASAKI ZX,-1,-1,0,-1
2024520402969,2024,520402969,1,5,0,15,15,7,3,0,0,0,0,0,0,0,1,1,2,2,1,42,7,1043,1,7,KAWASAKI ZX,8,E01035119,0,1
2024401450211,2024,401450211,1,5,0,-1,19,2,6,-1,0,8,0,0,0,0,4,1,-1,6,1,28,6,599,1,26,KAWASAKI ZX,3,E01017605,0,4
2024471470507,2024,471470507,1,5,0,-1,13,6,2,-1,0,0,1,0,6,11,1,1,-1,6,1,36,7,998,1,18,KAWASAKI ZX,1,E01021015,0,4
2024543906724,2024,543906724,1,4,0,13,13,2,6,0,0,1,0,0,0,0,1,1,6,6,1,40,7,599,1,15,KAWASAKI ZX,1,E01015573,0,1
2024411434411,2024,411434411,1,5,0,-1,4,8,4,-1,0,1,1,0,0,0,3,1,-1,6,1,26,6,599,1,13,KAWASAKI ZX,5,E01023324,0,1
2024010538308,2024,010538308,2,5,0,18,19,5,1,0,0,0,0,4,0,0,1,1,6,6,1,30,6,636,1,18,KAWASAKI ZX,2,E01001800,0,1
2024471484980,2024,471484980,1,5,0,-1,13,7,3,-1,0,0,0,0,7,4,1,1,-1,2,1,53,8,599,1,24,KAWASAKI ZX,4,E01020997,0,3
2024991485762,2024,991485762,1,5,0,-1,19,5,8,-1,0,1,2,0,7,0,4,1,-1,9,1,24,5,636,1,7,KAWASAKI ZX,8,-1,0,4
2024991473188,2024,991473188,2,5,0,-1,19,3,8,-1,0,0,0,0,0,0,4,1,-1,9,1,30,6,1352,1,16,KAWASAKI ZX,3,E01008569,0,4
2024461414330,2024,461414330,2,5,0,-1,19,3,7,-1,0,0,0,0,0,0,0,1,-1,6,1,29,6,899,1,24,KAWASAKI ZX,2,E01000429,0,3
2024221486378,2024,221486378,2,5,0,-1,13,6,2,-1,0,8,1,0,0,0,1,1,-1,6,1,31,6,899,1,23,KAWASAKI ZX,3,E01014073,0,1
2024161432350,2024,161432350,1,5,0,-1,19,3,7,-1,0,0,0,0,0,0,1,1,-1,9,1,56,9,998,1,9,KAWASAKI ZX,9,E01012813,0,4
2024131458768,2024,131458768,1,5,0,-1,11,7,3,-1,0,0,1,0,0,0,4,1,-1,2,1,65,9,1199,1,18,KAWASAKI ZX,6,E01011053,0,1
2024361456613,2024,361456613,1,5,0,-1,19,1,7,-1,0,0,2,0,0,0,1,1,-1,9,1,54,8,1352,1,18,KAWASAKI ZX,2,E01018097,0,4
2024332400773,2024,332400773,2,5,0,-1,19,7,3,-1,0,4,0,0,0,0,1,1,-1,6,1,21,5,599,1,16,KAWASAKI ZX,4,E01013711,0,3
2024440540035,2024,440540035,1,5,0,18,19,5,1,0,0,4,0,0,0,0,3,1,2,2,1,54,8,1043,1,12,KAWASAKI ZX,4,E01023204,0,4
2024070975677,2024,070975677,1,5,0,-1,4,5,5,-1,0,1,1,0,0,0,1,1,-1,2,1,40,7,599,1,17,KAWASAKI ZX,2,E01006842,0,3
2024010519000,2024,010519000,1,5,0,18,19,1,5,0,0,0,2,0,0,0,1,1,2,2,1,56,9,899,1,27,KAWASAKI ZX,3,E01000315,0,1
2024332400342,2024,332400342,1,5,0,-1,19,2,5,-1,0,0,0,0,0,0,1,1,-1,6,1,28,6,599,1,15,KAWASAKI ZX,9,E01025998,0,3
2024211527328,2024,211527328,1,5,0,-1,19,5,1,-1,0,1,0,0,0,0,0,1,-1,9,1,31,6,998,1,14,KAWASAKI ZX,-1,-1,0,-1
2024320398368,2024,320398368,1,5,0,-1,-1,6,2,0,0,1,5,0,0,0,2,1,-1,-1,1,23,5,636,1,22,KAWASAKI ZX,6,E01034562,0,4
2024221463353,2024,221463353,1,5,0,-1,13,8,4,-1,0,0,1,0,7,4,1,1,-1,9,1,43,7,899,1,27,KAWASAKI ZX,3,E01009834,0,3
2024471462287,2024,471462287,1,5,0,-1,19,1,1,-1,0,0,5,0,0,0,0,1,-1,6,1,32,6,998,1,14,KAWASAKI ZX,5,E01021117,0,1
2024421421822,2024,421421822,2,4,0,-1,19,8,4,-1,0,1,1,0,7,0,1,1,-1,2,1,30,6,998,1,7,KAWASAKI ZX,8,E01021568,0,1
2024371411234,2024,371411234,2,5,0,-1,19,8,4,-1,0,0,0,0,0,0,1,1,-1,6,1,38,7,599,1,24,KAWASAKI ZX,8,E01034570,0,2
2024421485013,2024,421485013,2,5,0,-1,19,3,7,-1,0,0,2,0,0,0,1,1,-1,6,1,61,9,1352,1,17,KAWASAKI ZX,7,E01022058,0,2
2024311440471,2024,311440471,2,5,0,-1,13,5,1,-1,0,1,2,0,0,0,1,1,-1,9,1,33,6,599,1,12,KAWASAKI ZX,9,E01007674,0,3
2024991485534,2024,991485534,1,5,0,-1,19,3,6,-1,0,1,1,10,3,10,1,1,-1,6,1,32,6,998,1,12,KAWASAKI ZX,1,-1,0,3
2024371516826,2024,371516826,1,5,0,-1,19,1,5,-1,0,0,0,0,1,0,4,1,-1,9,1,21,5,592,1,33,KAWASAKI ZX,7,E01033454,0,1
2024421441655,2024,421441655,1,5,0,-1,13,7,3,-1,0,1,2,0,0,0,1,1,-1,9,1,28,6,1043,1,9,KAWASAKI ZX,3,E01021359,0,1
2024552400261,2024,552400261,2,5,0,18,19,3,7,0,0,8,0,0,0,0,1,1,6,6,1,32,6,998,1,18,KAWASAKI ZX,-1,-1,0,-1
2024501499901,2024,501499901,1,5,0,-1,15,5,1,-1,0,0,1,0,0,0,4,1,-1,2,1,20,4,899,1,25,KAWASAKI ZX,3,E01015060,0,4
2024471426256,2024,471426256,2,5,0,-1,4,7,3,-1,0,1,0,0,0,0,1,1,-1,1,1,56,9,998,1,13,KAWASAKI ZX,6,E01016890,0,4
2024231515087,2024,231515087,2,5,0,-1,3,8,5,-1,0,1,0,0,0,0,2,1,-1,9,1,57,9,899,1,25,KAWASAKI ZX,5,E01031190,0,1
2024161421399,2024,161421399,2,5,0,-1,19,7,3,-1,2,1,1,0,0,0,0,1,-1,9,1,35,6,636,1,9,KAWASAKI ZX,-1,-1,0,-1
2024520402265,2024,520402265,2,5,0,18,19,3,7,0,0,8,0,0,0,0,1,1,6,6,1,65,9,1052,1,25,KAWASAKI ZX,7,E01029164,0,1
2024122500433,2024,122500433,2,5,0,18,19,7,3,0,0,1,0,0,0,0,1,1,6,6,1,55,8,899,1,22,KAWASAKI ZX,4,E01027803,0,1
2024351406344,2024,351406344,2,5,0,-1,19,4,8,-1,0,8,0,0,0,0,1,1,-1,6,1,30,6,599,1,28,KAWASAKI ZX,5,E01035531,0,2
2024520402408,2024,520402408,1,3,0,18,19,3,7,0,0,8,0,0,0,0,1,1,6,6,1,22,5,599,1,26,KAWASAKI ZX,4,E01014448,0,2
2024061469020,2024,061469020,2,5,0,-1,19,5,1,-1,0,8,0,0,0,0,1,1,-1,6,1,35,6,636,1,19,KAWASAKI ZX,-1,-1,0,-1
2024991463681,2024,991463681,1,5,0,-1,19,6,2,-1,0,0,0,0,7,0,4,1,-1,6,1,63,9,1441,1,12,KAWASAKI ZX,4,-1,0,1
2024302401118,2024,302401118,1,5,0,18,19,7,3,0,0,0,0,0,0,0,3,1,6,6,1,55,8,998,1,6,KAWASAKI ZX,4,E01011823,0,4
2024430504606,2024,430504606,2,3,0,18,19,8,4,0,0,0,0,0,0,0,2,1,6,6,1,16,4,124,1,0,LEXMOTO ISCA 125,6,E01016507,0,1
2024991453885,2024,991453885,2,3,0,-1,19,3,7,-1,0,8,0,0,0,0,1,1,-1,9,1,18,4,124,1,4,LEXMOTO ISCA 125,-1,-1,0,-1
2024371538441,2024,371538441,1,3,0,-1,9,2,7,-1,0,8,0,0,0,0,3,1,-1,9,1,17,4,124,1,5,LEXMOTO ISCA 125,4,E01026474,0,2
2024311528953,2024,311528953,1,3,0,-1,19,3,7,-1,0,1,0,0,0,0,1,1,-1,6,1,17,4,124,1,4,LEXMOTO ISCA 125,4,E01028049,0,1
2024161462583,2024,161462583,2,3,0,-1,15,8,4,-1,0,0,0,0,0,0,3,1,-1,6,1,60,9,124,1,4,LEXMOTO ISCA 125,2,E01013130,0,1
2024061422638,2024,061422638,1,3,0,-1,19,7,3,-1,0,1,0,0,0,0,1,1,-1,2,2,18,4,124,1,2,LEXMOTO ISCA 125,-1,-1,0,-1
2024320678578,2024,320678578,2,3,0,-1,-1,1,5,0,0,8,5,0,1,0,1,1,6,6,1,19,4,124,1,5,LEXMOTO ISCA 125,4,E01026057,0,2
202460Q054116,2024,60Q054116,2,3,0,18,19,5,1,0,0,1,0,0,0,0,1,1,6,6,2,37,7,124,1,4,LEXMOTO ISCA 125,-1,-1,0,-1
2024231559450,2024,231559450,2,3,0,-1,19,7,3,-1,0,1,0,0,0,0,3,1,-1,9,1,21,5,124,1,5,LEXMOTO ISCA 125,5,E01031309,0,1
2024201494685,2024,201494685,2,4,0,-1,19,3,7,-1,0,0,0,0,0,0,4,1,-1,2,1,19,4,124,1,1,LEXMOTO ISCA 125,6,E01010123,0,1
2024520402946,2024,520402946,1,3,0,18,19,7,3,0,0,0,0,0,1,1,1,1,6,6,1,33,6,124,1,1,LEXMOTO ISCA 125,7,E01029151,0,1
2024010541435,2024,010541435,1,3,0,99,99,9,9,99,99,9,9,99,9,99,9,1,2,2,1,32,6,124,1,4,LEXMOTO ISCA 125,4,E01003447,0,3
2024461395423,2024,461395423,1,3,0,-1,19,7,3,-1,0,1,0,0,0,0,4,1,-1,9,2,18,4,124,1,4,LEXMOTO ISCA 125,8,E01024629,0,2
2024320543368,2024,320543368,1,4,0,-1,-1,3,7,0,0,2,1,0,0,0,1,1,-1,-1,1,26,6,124,1,4,LEXMOTO ISCA 125,6,E01026020,0,1
2024161482045,2024,161482045,1,3,0,-1,9,1,7,-1,0,6,5,0,0,0,1,1,-1,9,1,18,4,124,1,4,LEXMOTO ISCA 125,7,E01013100,0,1
2024421498057,2024,421498057,2,3,0,-1,19,2,6,-1,0,4,1,0,0,0,3,1,-1,9,1,33,6,124,1,1,LEXMOTO ISCA 125,7,E01021430,0,3
2024440155642,2024,440155642,1,3,0,18,19,6,2,0,0,0,1,0,0,0,3,1,6,6,1,17,4,124,1,4,LEXMOTO ISCA 125,2,E01017265,0,1
2024231478851,2024,231478851,1,3,0,-1,19,5,1,-1,0,0,0,0,0,0,1,1,-1,2,1,22,5,124,1,1,LEXMOTO ISCA 125,5,E01031274,0,1
2024552401378,2024,552401378,2,3,0,18,19,8,4,4,4,8,0,0,1,0,1,1,6,6,1,20,4,124,1,0,LEXMOTO ISCA 125,4,E01034283,0,1
2024041420855,2024,041420855,1,3,0,-1,15,1,5,-1,0,1,5,0,0,0,1,1,-1,6,3,-1,-1,124,1,5,LEXMOTO ISCA 125,-1,-1,0,-1
2024471399477,2024,471399477,1,3,0,-1,19,3,7,-1,0,0,0,0,0,0,1,1,-1,6,1,22,5,124,1,4,LEXMOTO ISCA 125,8,E01021029,0,3
2024131459089,2024,131459089,2,3,0,-1,13,8,4,-1,0,1,1,0,0,0,4,1,-1,9,1,17,4,124,1,4,LEXMOTO ISCA 125,6,E01011012,0,1
2024451507454,2024,451507454,3,90,0,-1,19,7,2,-1,0,1,0,0,0,0,0,2,-1,1,1,26,6,-1,-1,-1,-1,7,E01030879,0,1
2024531518294,2024,531518294,1,17,0,-1,2,1,5,-1,0,0,0,0,0,0,2,1,-1,6,-1,-1,-1,4400,2,13,-1,-1,-1,0,-1
2024122400627,2024,122400627,1,9,0,17,19,2,6,0,0,0,5,12,1,11,4,1,6,6,1,32,6,2261,1,16,-1,8,E01011066,0,4
2024070890948,2024,070890948,1,9,0,-1,19,1,5,-1,0,0,0,0,0,0,1,1,-1,6,1,17,4,2261,1,15,-1,7,E01018670,0,1
2024010548612,2024,010548612,1,9,0,18,19,7,3,0,0,1,0,0,0,0,2,1,6,6,2,28,6,1490,1,1,MG HS,-1,-1,0,-1
2024622400471,2024,622400471,1,9,0,18,19,3,7,0,0,1,0,0,0,0,1,1,2,2,1,45,7,1490,1,1,MG HS,7,W01000955,0,3
2024320392900,2024,320392900,3,9,0,-1,-1,6,2,0,0,1,0,0,0,0,2,1,6,6,2,52,8,1490,1,2,MG HS,3,E01026017,0,2
2024451425134,2024,451425134,1,9,0,-1,9,1,3,-1,0,0,0,0,0,0,1,1,-1,9,1,75,10,1490,8,2,MG HS,9,E01030526,0,1
2024461500890,2024,461500890,2,9,0,-1,19,-1,-1,-1,-1,0,-1,-1,-1,0,4,9,-1,6,2,50,8,1490,1,1,MG HS,7,E01024158,0,2
2024471475654,2024,471475654,2,9,0,-1,9,3,1,-1,0,0,0,0,0,0,3,1,-1,9,1,51,8,1490,1,2,MG HS,-1,-1,0,-1
2024201413544,2024,201413544,2,9,0,-1,12,4,8,-1,0,0,0,10,7,0,1,9,-1,6,1,58,9,1490,1,1,MG HS,4,E01010008,0,1
2024141397232,2024,141397232,2,9,0,-1,19,8,3,-1,0,0,0,0,0,0,1,1,-1,9,2,53,8,1490,1,1,MG HS,1,E01008011,0,2
2024010515637,2024,010515637,1,9,0,1,1,3,7,9,9,5,0,0,0,0,2,1,6,6,1,47,8,1490,1,2,MG HS,6,E01003711,0,1
2024041461854,2024,041461854,1,9,0,-1,-1,7,3,-1,-1,0,0,0,7,4,1,1,-1,-1,1,40,7,1490,1,0,MG HS,1,E01006306,0,4
2024010503665,2024,010503665,1,9,0,7,7,5,8,9,9,6,0,0,0,0,1,1,6,6,1,32,6,1490,8,1,MG HS,5,E01002140,0,2
2024010506627,2024,010506627,2,9,0,99,99,9,9,0,0,0,9,99,9,99,9,1,6,6,1,50,8,1490,1,1,MG HS,7,E01021801,0,2
2024010503415,2024,010503415,2,9,9,99,99,9,9,99,99,9,9,99,9,99,9,9,6,6,3,-1,-1,1490,1,1,MG HS,-1,-1,0,-1
2024631420861,2024,631420861,1,9,0,-1,19,3,7,-1,0,8,5,0,2,11,1,1,-1,9,1,44,7,1490,1,0,MG HS,1,W01000600,0,1
2024471503542,2024,471503542,1,9,0,-1,9,2,7,-1,0,6,0,0,0,0,3,1,-1,9,2,60,9,1490,1,1,MG HS,6,E01004517,0,4
2024010501856,2024,010501856,1,9,0,3,3,2,6,0,0,0,0,0,0,0,2,1,6,6,2,42,7,1490,1,1,MG HS,6,E01002943,0,1
2024141476700,2024,141476700,2,9,0,-1,2,0,0,-1,9,0,0,0,0,0,3,1,-1,6,-1,-1,-1,1490,1,1,MG HS,-1,-1,0,-1
2024061436578,2024,061436578,2,9,0,-1,4,4,6,-1,0,8,0,0,0,0,2,1,-1,9,1,42,7,1490,1,2,MG HS,3,E01005853,0,1
2024010509468,2024,010509468,2,9,0,9,9,1,7,0,0,5,0,0,0,0,3,1,6,6,2,61,9,1490,8,1,MG HS,9,E01003158,0,1
2024451480602,2024,451480602,3,9,0,-1,19,5,1,-1,0,0,0,0,0,0,3,1,-1,9,1,57,9,1490,1,1,MG HS,10,E01030508,0,3
2024531432498,2024,531432498,1,9,0,-1,5,6,1,-1,0,6,0,0,0,0,1,1,-1,2,2,64,9,1490,1,1,MG HS,8,E01022300,0,1
2024411452831,2024,411452831,1,9,0,-1,19,5,1,-1,0,3,0,0,0,0,1,1,-1,6,2,43,7,1490,1,1,MG HS,4,E01023914,0,1
2024371484505,2024,371484505,1,9,0,-1,19,1,5,-1,0,0,0,0,0,0,1,1,-1,6,1,54,8,1490,1,0,MG HS,2,E01030024,0,4
2024010508702,2024,010508702,1,9,0,18,19,7,3,0,0,4,0,9,3,1,1,1,6,6,1,25,5,1490,8,1,MG HS,5,E01002212,0,1
2024421461621,2024,421461621,1,9,0,-1,9,5,3,-1,0,8,1,0,1,0,1,1,-1,6,-1,28,6,1490,1,1,MG HS,1,E01015867,0,1
2024111524485,2024,111524485,1,9,0,-1,19,5,1,-1,0,0,1,0,0,0,1,1,-1,6,2,45,7,1490,1,1,MG HS,9,E01020718,0,2
2024010533957,2024,010533957,1,9,0,99,99,9,9,99,99,9,9,99,9,99,9,9,2,2,1,32,6,1490,1,2,MG HS,7,E01001058,0,3
2024070836801,2024,070836801,1,9,0,-1,19,1,5,-1,0,0,0,0,0,0,2,1,-1,6,1,30,6,1490,8,1,MG HS,2,E01012479,0,1
2024631481330,2024,631481330,2,9,0,-1,9,5,3,-1,0,5,0,0,0,0,1,1,-1,2,2,51,8,1490,1,0,MG HS,2,W01000588,0,1
2024522500042,2024,522500042,3,9,0,18,19,3,7,0,0,8,5,0,0,0,3,1,6,6,1,46,8,1490,1,0,MG HS,1,W01001643,0,4
2024010498306,2024,010498306,1,9,0,18,19,1,5,0,0,1,0,0,0,0,3,1,6,6,1,31,6,1490,8,1,MG HS,6,E01001091,0,1
2024010534764,2024,010534764,1,9,0,99,99,9,9,99,99,0,9,99,9,99,3,9,6,6,1,26,6,1490,8,1,MG HS,4,E01001469,0,2
2024010526524,2024,010526524,2,9,0,99,99,9,9,99,99,9,9,99,9,99,1,9,6,6,3,-1,-1,1490,1,1,MG HS,3,E01032765,0,1
2024010538037,2024,010538037,1,9,0,7,7,3,5,0,0,1,0,0,0,0,1,1,6,6,2,58,9,1490,1,1,MG HS,6,E01003413,0,1
2024071001058,2024,071001058,1,9,0,-1,19,7,3,-1,0,0,0,11,0,0,1,1,-1,6,1,36,7,1490,1,0,MG HS,4,W01000306,0,4
2024471526898,2024,471526898,2,9,0,-1,12,8,4,-1,0,0,0,0,0,0,2,1,-1,9,1,53,8,1490,1,0,MG HS,10,E01016050,0,4
2024631421256,2024,631421256,2,9,0,-1,19,7,4,-1,0,0,0,0,0,0,0,1,-1,6,1,60,9,1490,1,4,MG HS,-1,-1,0,-1
2024520401886,2024,520401886,2,9,0,2,2,0,0,0,0,0,0,0,0,0,4,1,6,6,3,-1,-1,1490,8,1,MG HS,-1,-1,0,-1
2024631529816,2024,631529816,2,9,0,-1,3,8,4,-1,0,0,0,0,0,0,2,2,-1,9,2,50,8,1490,1,2,MG HS,9,W01000795,0,3
2024552401385,2024,552401385,1,9,0,18,19,4,8,0,0,0,0,0,0,0,1,1,6,6,3,-1,-1,1496,1,0,MG HS,-1,-1,0,-1
2024010531689,2024,010531689,2,9,0,4,4,7,3,0,0,0,0,0,0,0,2,1,2,2,1,36,7,1490,8,0,MG HS,-1,-1,0,-1
2024351501123,2024,351501123,2,9,0,-1,3,5,1,-1,0,0,1,0,0,0,2,1,-1,9,1,40,7,1490,1,3,MG HS,7,E01027019,0,4
2024631435287,2024,631435287,1,9,0,-1,19,8,4,-1,0,0,0,0,1,11,1,1,-1,6,1,45,7,1490,1,2,MG HS,9,E01031353,0,5
2024041461773,2024,041461773,1,9,0,-1,19,1,1,-1,0,0,0,0,0,0,4,1,-1,9,1,54,8,1490,1,2,MG HS,1,E01004942,0,4
2024201416379,2024,201416379,1,9,0,-1,14,5,5,-1,0,1,2,0,1,0,1,1,-1,6,1,42,7,1490,1,0,MG HS,2,E01010506,0,2
2024131513120,2024,131513120,1,9,0,-1,19,8,4,-1,-1,0,0,0,0,0,1,1,-1,9,1,72,10,1490,1,0,MG HS,3,E01011249,0,2
2024991445805,2024,991445805,1,9,0,-1,19,8,5,-1,0,0,0,0,0,0,1,1,-1,9,1,43,7,1490,1,0,MG HS,-1,-1,0,-1
2024451405041,2024,451405041,2,9,0,-1,99,2,4,-1,99,0,1,99,0,0,4,1,-1,6,2,34,6,1490,1,2,MG HS,-1,-1,0,-1
2024411423069,2024,411423069,1,9,0,-1,1,5,1,-1,-1,0,0,0,0,0,2,1,-1,6,1,42,7,1490,1,1,MG HS,9,E01023291,0,2
2024041405351,2024,041405351,1,9,0,-1,19,5,1,-1,0,6,0,0,0,0,3,1,-1,6,1,26,6,1490,8,1,MG HS,1,E01012679,0,1
2024131444181,2024,131444181,2,9,0,-1,19,7,3,-1,0,6,0,0,0,0,4,1,-1,6,1,33,6,1490,8,1,MG HS,6,E01027720,0,4
2024010505934,2024,010505934,2,9,0,18,19,7,3,0,0,0,1,0,1,11,1,1,6,6,1,23,5,1490,1,2,MG HS,8,E01004144,0,1
2024010549793,2024,010549793,2,9,0,12,12,7,3,0,0,2,0,0,0,0,2,1,2,2,2,41,7,1490,1,0,MG HS,2,E01021288,0,4
2024451416781,2024,451416781,1,9,0,-1,11,5,8,-1,0,0,0,0,0,0,4,1,-1,9,1,62,9,1490,8,1,MG HS,7,E01030300,0,2
2024440460683,2024,440460683,2,9,0,7,7,7,3,0,0,3,0,0,0,0,4,1,6,6,2,43,7,1490,1,1,MG HS,4,E01022540,0,1
2024991456539,2024,991456539,1,9,0,-1,13,1,5,-1,0,2,2,4,0,0,4,1,-1,6,1,33,6,1490,1,1,MG HS,4,-1,0,1
2024991445262,2024,991445262,1,9,0,-1,19,6,2,-1,0,0,0,0,0,0,1,1,-1,6,1,57,9,1490,1,1,MG HS,8,-1,0,1
2024161436465,2024,161436465,1,9,0,-1,19,2,6,-1,0,0,0,0,0,0,1,1,-1,9,1,64,9,1490,1,2,MG HS,6,E01012940,0,4
2024991417773,2024,991417773,1,9,0,-1,6,8,8,-1,0,1,0,0,0,0,1,1,-1,6,1,61,9,1490,1,1,MG HS,4,-1,0,1
2024311521328,2024,311521328,1,9,0,-1,1,1,2,-1,0,1,0,0,7,11,1,1,-1,9,2,46,8,1490,1,1,MG HS,2,E01013957,0,1
2024451507713,2024,451507713,1,9,0,-1,5,7,5,-1,0,4,0,0,0,0,1,1,-1,2,2,22,5,1490,8,1,MG HS,8,E01030528,0,3
2024010548336,2024,010548336,3,9,0,2,2,0,0,0,0,0,0,0,0,0,1,1,6,6,3,-1,-1,1490,1,0,MG HS,-1,-1,0,-1
202460Q187385,2024,60Q187385,1,9,0,18,19,7,3,0,0,0,0,0,0,0,1,1,6,6,2,36,7,1490,1,0,MG HS,-1,-1,0,-1
2024041437213,2024,041437213,1,9,0,-1,5,5,7,-1,0,0,0,0,0,0,1,1,-1,2,1,53,8,1490,1,3,MG HS,1,E01012641,0,1
2024421432786,2024,421432786,2,9,0,-1,19,7,3,-1,0,0,0,0,0,0,2,1,-1,9,2,45,7,1490,8,1,MG HS,5,E01021753,0,3
2024010551345,2024,010551345,1,9,0,99,99,9,9,99,99,9,9,99,9,99,1,9,6,6,2,47,8,1490,1,1,MG HS,7,E01003476,0,1
2024320438649,2024,320438649,1,9,0,4,4,1,5,0,0,1,0,0,0,0,2,1,-1,-1,1,47,8,1490,8,1,MG HS,10,E01028218,0,4
2024320400108,2024,320400108,2,9,0,2,2,0,0,0,0,0,0,0,0,0,2,1,6,6,1,32,6,1490,1,0,MG HS,1,E01026072,0,1
2024211516257,2024,211516257,2,9,0,-1,9,4,3,-1,0,8,0,0,0,0,1,1,-1,6,2,33,6,1496,1,0,MG HS,9,E01029868,0,1
2024052400927,2024,052400927,1,9,0,1,1,5,1,0,0,0,0,0,0,0,2,1,6,6,1,68,10,1490,1,1,MG HS,5,E01007057,0,1
2024501479292,2024,501479292,1,9,0,-1,19,4,8,-1,9,0,1,0,1,1,1,1,-1,9,1,36,7,1490,1,0,MG HS,4,E01034640,0,4
2024131512071,2024,131512071,1,9,0,-1,19,3,7,-1,0,8,0,0,0,0,1,1,-1,6,2,76,11,1490,1,3,MG HS,1,E01011317,0,1
2024010541847,2024,010541847,1,9,0,18,19,8,4,0,0,1,0,0,0,0,1,1,6,6,1,51,8,1490,1,2,MG HS,3,E01002185,0,1
2024010509531,2024,010509531,2,9,0,9,9,8,5,0,0,2,0,0,0,0,3,1,6,6,1,66,10,1490,1,0,MG HS,3,E01000642,0,1
2024010522280,2024,010522280,1,9,0,18,19,3,7,0,0,0,0,0,0,0,3,1,6,6,1,48,8,1490,8,1,MG HS,6,E01000430,0,1