collision_index,collision_year,collision_ref_no,vehicle_reference,vehicle_type,towing_and_articulation,vehicle_manoeuvre_historic,vehicle_manoeuvre,vehicle_direction_from,vehicle_direction_to,vehicle_location_restricted_lane_historic,vehicle_location_restricted_lane,junction_location,skidding_and_overturning,hit_object_in_carriageway,vehicle_leaving_carriageway,hit_object_off_carriageway,first_point_of_impact,vehicle_left_hand_drive,journey_purpose_of_driver_historic,journey_purpose_of_driver,sex_of_driver,age_of_driver,age_band_of_driver,engine_capacity_cc,propulsion_code,age_of_vehicle,generic_make_model,driver_imd_decile,lsoa_of_driver,escooter_flag,driver_distance_banding
2024141516027,2024,141516027,1,9,0,-1,19,1,5,-1,0,0,5,4,0,0,4,1,-1,6,1,42,7,1490,1,0,MG HS,1,E01034842,0,1
2024401469281,2024,401469281,1,9,0,-1,5,8,2,-1,0,1,5,0,0,0,1,1,-1,6,1,71,10,1490,1,2,MG HS,2,E01015735,0,1
2024421498369,2024,421498369,1,9,0,-1,19,7,3,-1,0,1,0,0,0,0,4,1,-1,9,1,55,8,1490,8,2,MG HS,9,E01015893,0,1
2024371448902,2024,371448902,1,9,0,-1,19,3,7,-1,0,0,0,0,1,0,1,1,-1,6,2,39,7,1490,1,1,MG HS,6,E01030209,0,2
2024421527494,2024,421527494,2,9,0,-1,1,-1,-1,-1,0,0,0,0,0,0,2,1,-1,6,1,-1,-1,1490,1,1,MG HS,8,E01021514,0,1
2024201499607,2024,201499607,2,9,0,-1,15,1,7,-1,0,8,5,10,1,0,1,1,-1,6,2,28,6,1490,1,2,MG HS,3,E01009894,0,1
2024361477864,2024,361477864,2,9,0,-1,19,5,7,-1,0,0,0,0,0,0,0,1,-1,9,1,57,9,1490,1,3,MG HS,4,E01026668,0,1
2024101429739,2024,101429739,1,9,0,-1,13,1,5,-1,0,1,0,0,0,0,1,1,-1,9,1,40,7,1490,1,1,MG HS,5,E01027368,0,2
2024520402654,2024,520402654,1,9,0,9,9,4,1,0,0,8,5,0,7,0,1,1,6,6,1,60,9,1490,8,1,MG HS,-1,-1,0,-1
2024610051824,2024,610051824,2,9,0,18,19,7,3,0,0,8,0,0,0,0,3,1,6,6,1,48,8,1490,1,0,MG HS,1,W01001326,0,1
2024411479035,2024,411479035,1,9,0,-1,19,3,7,-1,0,1,0,0,0,0,1,1,-1,6,1,62,9,1490,8,1,MG HS,10,E01023586,0,1
2024010534189,2024,010534189,1,9,0,11,11,6,2,0,0,1,5,0,0,0,4,1,6,6,1,71,10,1490,1,0,MG HS,2,E01002078,0,2
2024471523240,2024,471523240,3,9,0,-1,2,0,0,-1,0,0,0,0,0,0,3,1,-1,6,-1,-1,-1,1490,8,1,MG HS,-1,-1,0,-1
2024440091789,2024,440091789,2,9,0,18,19,7,3,0,0,8,0,0,0,0,3,1,6,6,2,51,8,1490,1,2,MG HS,3,E01017228,0,1
2024991454388,2024,991454388,1,9,0,-1,19,2,5,-1,0,1,0,0,0,0,1,1,-1,6,2,44,7,1490,1,2,MG HS,2,-1,0,3
2024411452803,2024,411452803,3,9,0,-1,19,7,3,-1,0,0,0,0,0,0,4,1,-1,9,1,28,6,1490,1,1,MG HS,-1,-1,0,-1
2024101479460,2024,101479460,1,9,0,-1,19,1,5,-1,0,0,0,0,0,0,1,1,-1,6,2,61,9,1490,1,1,MG HS,-1,-1,0,-1
2024991548633,2024,991548633,2,9,0,-1,19,3,7,-1,0,4,0,0,0,0,1,1,-1,9,2,63,9,1490,1,1,MG HS,-1,-1,0,-1
2024991468406,2024,991468406,1,9,0,-1,19,3,7,-1,0,0,0,0,7,0,1,1,-1,6,1,68,10,1490,1,1,MG HS,-1,-1,0,-1
2024010537446,2024,010537446,2,9,0,99,99,9,9,99,99,9,9,99,9,99,1,9,6,6,1,27,6,1490,1,0,MG HS,2,E01003021,0,1
2024991512390,2024,991512390,1,9,0,-1,12,1,5,-1,0,0,0,0,0,0,3,1,-1,9,1,53,8,1490,1,1,MG HS,4,-1,0,1
2024010533212,2024,010533212,1,9,0,18,19,1,5,0,0,8,0,0,0,0,0,1,6,6,1,34,6,1490,1,1,MG HS,3,E01033735,0,1
2024991491440,2024,991491440,1,9,0,-1,19,8,3,-1,0,0,0,0,0,0,1,1,-1,6,1,51,8,1490,1,1,MG HS,2,-1,0,1
2024302400479,2024,302400479,2,9,0,17,19,4,1,0,0,0,0,0,0,0,3,1,6,6,2,61,9,1490,1,1,MG HS,-1,-1,0,-1
2024501455076,2024,501455076,3,9,0,-1,2,0,0,-1,0,0,0,0,0,0,2,1,-1,6,-1,-1,-1,1490,1,2,MG HS,-1,-1,0,-1
2024052401065,2024,052401065,2,9,0,18,19,5,2,0,0,3,0,0,0,0,1,1,6,6,1,55,8,1490,8,3,MG HS,5,E01006687,0,1
2024010536496,2024,010536496,1,9,0,18,19,1,5,0,0,0,0,0,0,0,4,1,6,6,1,28,6,1490,1,1,MG HS,2,E01000104,0,1
2024320400108,2024,320400108,1,9,0,-1,-1,8,4,0,0,0,0,0,0,0,1,1,6,6,1,75,10,1490,1,1,MG HS,1,E01026072,0,1
2024430055896,2024,430055896,4,8,0,18,19,3,7,0,0,0,0,0,0,0,2,1,6,6,1,25,5,1490,8,1,MG HS,2,E01016458,0,4
2024302500151,2024,302500151,1,9,0,-1,19,6,2,-1,0,1,0,0,0,0,2,1,-1,6,1,24,5,1490,1,0,MG HS,1,E01007531,0,4
2024361487968,2024,361487968,1,9,0,-1,19,5,1,-1,0,0,0,4,0,0,4,1,-1,9,1,65,9,1490,1,1,MG HS,3,E01034569,0,4
2024161439691,2024,161439691,2,9,0,-1,19,1,5,-1,0,0,0,0,0,0,1,1,-1,6,1,33,6,1490,1,1,MG HS,1,E01035466,0,3
2024471460038,2024,471460038,1,9,0,-1,9,1,7,-1,0,6,0,0,0,0,1,1,-1,9,2,83,11,1490,8,3,MG HS,6,E01031607,0,1
2024501412451,2024,501412451,1,9,0,-1,1,6,4,-1,0,0,0,0,0,0,2,9,-1,6,1,69,10,1490,8,1,MG HS,-1,-1,0,-1
2024421457615,2024,421457615,3,9,0,-1,2,0,0,-1,0,2,0,0,0,0,2,1,-1,6,-1,-1,-1,1490,8,2,MG HS,-1,-1,0,-1
2024340NN0462,2024,340NN0462,2,9,0,-1,3,4,8,-1,0,4,0,0,0,0,2,1,-1,1,2,54,8,1490,1,1,MG HS,3,E01026972,0,1
2024320155954,2024,320155954,2,9,0,-1,-1,4,8,0,0,8,0,0,0,0,1,1,6,6,1,70,10,1490,1,1,MG HS,8,E01026372,0,3
2024010529984,2024,010529984,1,9,0,99,99,9,9,99,99,9,9,99,9,99,0,9,6,6,3,-1,-1,1490,1,2,MG HS,-1,-1,0,-1
2024501438342,2024,501438342,1,9,0,-1,9,1,5,-1,0,0,0,0,0,0,4,1,-1,6,2,40,7,1490,1,2,MG HS,10,E01019943,0,3
2024501488990,2024,501488990,2,9,0,-1,2,0,0,-1,0,8,0,0,0,0,2,1,-1,6,-1,-1,-1,1490,1,1,MG HS,-1,-1,0,-1
2024421476653,2024,421476653,2,9,0,-1,4,7,3,-1,0,8,0,0,0,0,2,1,-1,6,2,52,8,1490,1,1,MG HS,5,E01023350,0,4
2024010541381,2024,010541381,1,9,0,99,99,9,9,0,0,8,0,0,9,0,9,9,6,6,3,-1,-1,1490,1,2,MG HS,-1,-1,0,-1
2024010507461,2024,010507461,2,9,0,99,99,9,9,99,99,0,9,99,9,99,2,9,6,6,2,40,7,1490,1,1,MG HS,4,E01001595,0,2
2024610038924,2024,610038924,1,9,0,18,19,5,1,0,0,0,5,0,1,10,4,1,6,6,1,47,8,1490,1,0,MG HS,1,W01001326,0,2
2024622500005,2024,622500005,2,9,0,18,19,2,6,0,0,0,0,0,0,0,1,1,6,6,2,31,6,1490,1,3,MG HS,5,W01000426,0,1
2024111486599,2024,111486599,1,9,0,-1,19,4,8,-1,0,0,0,0,0,0,1,1,-1,9,2,39,7,1490,1,1,MG HS,4,E01020688,0,1
2024031427620,2024,031427620,1,9,0,-1,19,7,2,-1,0,0,0,0,0,0,0,9,-1,6,1,68,10,1490,1,1,MG HS,-1,-1,0,-1
2024501531812,2024,501531812,1,9,0,-1,9,5,3,-1,0,8,0,0,0,0,1,1,-1,1,1,62,9,1490,1,3,MG HS,4,E01015265,0,1
2024430088189,2024,430088189,1,9,0,18,19,2,6,0,0,0,0,0,0,0,4,1,6,6,1,-1,-1,1490,8,2,MG HS,-1,-1,0,-1
2024131462244,2024,131462244,1,9,0,-1,19,3,7,-1,0,8,0,0,0,0,1,1,-1,9,2,62,9,1490,1,1,MG HS,2,E01011470,0,1
2024471489638,2024,471489638,2,9,0,-1,19,6,2,-1,0,0,1,0,1,0,1,1,-1,1,1,69,10,1490,1,1,MG HS,8,E01031439,0,3
2024421422423,2024,421422423,2,9,0,-1,3,5,1,-1,0,0,0,0,0,0,2,1,-1,9,1,52,8,1490,1,1,MG HS,7,E01035173,0,1
2024141436929,2024,141436929,2,9,0,-1,19,5,1,-1,0,1,0,0,0,0,1,9,-1,6,2,23,5,1490,1,2,MG HS,8,E01007379,0,1
2024311458002,2024,311458002,1,9,0,-1,5,8,8,-1,0,0,0,0,0,0,1,1,-1,9,1,54,8,1496,1,0,MG HS,5,E01028073,0,1
2024061495919,2024,061495919,3,9,0,-1,5,6,2,-1,0,0,0,0,0,0,2,1,-1,9,1,39,7,1490,1,1,MG HS,8,E01005867,0,1
2024122400798,2024,122400798,1,9,0,7,7,1,3,0,0,2,0,0,0,0,1,1,6,6,2,22,5,1490,1,1,MG HS,7,E01027680,0,1
2024531472634,2024,531472634,1,9,0,-1,19,8,4,-1,0,1,0,0,0,0,1,1,-1,9,1,43,7,1490,1,1,MG HS,-1,-1,0,-1
2024010546025,2024,010546025,2,9,0,2,2,0,0,0,0,2,0,0,0,0,3,1,6,6,3,-1,-1,1490,1,0,MG HS,-1,-1,0,-1
2024061504481,2024,061504481,1,9,0,-1,19,4,8,-1,0,0,0,0,0,0,1,1,-1,6,1,64,9,1490,1,0,MG HS,3,E01005712,0,1
2024461561703,2024,461561703,2,9,0,-1,2,0,0,-1,0,0,0,0,0,0,1,9,-1,9,1,32,6,1490,1,1,MG HS,2,E01016035,0,1
2024061458370,2024,061458370,1,9,0,-1,4,-1,-1,-1,0,6,1,0,0,0,3,1,-1,9,1,39,7,1496,1,0,MG HS,1,E01005657,0,1
2024440237667,2024,440237667,2,9,0,18,19,1,5,0,0,1,0,0,0,0,1,1,6,6,1,34,6,1490,1,1,MG HS,5,E01023095,0,1
2024351529018,2024,351529018,2,9,0,-1,5,3,7,-1,0,4,0,11,0,0,1,1,-1,6,2,53,8,1490,8,3,MG HS,9,E01026557,0,5
2024552400828,2024,552400828,2,9,0,4,4,3,7,0,0,0,0,0,0,0,3,1,6,6,1,46,8,1490,1,1,MG HS,6,E01026255,0,5
2024161510467,2024,161510467,2,9,0,-1,2,0,0,-1,0,2,0,0,0,0,1,1,-1,6,-1,-1,-1,1490,1,1,MG HS,-1,-1,0,-1
2024101427232,2024,101427232,1,9,0,-1,4,1,5,-1,0,0,0,0,0,0,2,1,-1,9,2,36,7,1490,1,1,MG HS,2,E01020606,0,3
2024141495942,2024,141495942,2,9,0,-1,19,4,8,-1,0,1,0,0,0,0,1,1,-1,9,1,31,6,1490,1,1,MG HS,2,E01007364,0,1
2024010514130,2024,010514130,1,9,0,18,19,4,8,0,0,3,0,7,0,0,1,1,2,2,2,40,7,1490,1,0,MG HS,6,E01000727,0,1
2024010505653,2024,010505653,1,9,0,9,9,1,6,0,0,1,0,0,0,0,1,1,6,6,2,32,6,1490,8,1,MG HS,2,E01001849,0,1
2024131471162,2024,131471162,3,9,0,-1,19,1,5,-1,0,8,0,0,0,0,2,1,-1,9,1,25,5,1490,8,1,MG HS,4,E01011165,0,1
2024010506942,2024,010506942,2,9,0,99,99,9,9,0,0,0,0,0,0,0,4,9,6,6,1,37,7,1490,1,2,MG HS,3,E01000055,0,1
2024010513880,2024,010513880,2,9,0,18,19,1,5,0,0,0,0,0,0,0,1,1,6,6,1,31,6,1490,1,1,MG HS,2,E01001196,0,1
2024545578724,2024,545578724,2,9,0,3,3,5,1,0,0,2,0,0,0,0,2,1,6,6,2,51,8,1490,1,0,MG HS,9,E01032060,0,2
202460Q082478,2024,60Q082478,3,9,0,18,19,7,3,0,0,1,0,0,0,0,0,1,6,6,1,62,9,1490,1,0,MG HS,-1,-1,0,-1
2024351508619,2024,351508619,1,9,0,-1,13,7,3,-1,0,0,0,0,1,0,1,1,-1,1,1,25,5,1490,1,3,MG HS,-1,-1,0,-1
2024991480808,2024,991480808,1,9,0,-1,19,5,8,-1,0,0,0,6,8,11,1,1,-1,9,1,28,6,1490,1,0,MG HS,2,-1,0,4
2024052400086,2024,052400086,1,9,0,18,19,5,1,0,0,1,0,0,0,0,4,1,6,6,1,29,6,1490,1,0,MG HS,1,E01007210,0,2
2024201529557,2024,201529557,1,9,0,-1,1,3,7,-1,0,2,0,0,0,0,2,9,-1,6,2,30,6,1490,1,1,MG HS,-1,-1,0,-1
2024111501015,2024,111501015,2,9,0,-1,19,6,1,-1,0,0,0,0,0,0,4,1,-1,6,1,56,9,1490,1,1,MG HS,3,E01034510,0,3
2024010544874,2024,010544874,2,9,0,99,99,9,9,99,99,9,9,99,9,99,2,9,6,6,3,-1,-1,1490,1,0,MG HS,8,E01004510,0,2
2024010516837,2024,010516837,1,9,0,18,19,1,5,0,0,2,0,4,0,0,3,1,6,6,2,32,6,1490,8,1,MG HS,-1,-1,0,-1
202460Q149153,2024,60Q149153,2,9,0,3,3,4,8,0,0,4,0,0,0,0,2,1,6,6,2,55,8,1490,1,0,MG HS,-1,-1,0,-1
2024991495853,2024,991495853,1,9,0,-1,19,3,7,-1,0,2,5,4,0,0,1,1,-1,9,1,30,6,1490,1,2,MG HS,-1,-1,0,-1
2024401409220,2024,401409220,2,9,0,-1,3,5,1,-1,0,1,0,0,0,0,2,1,-1,9,1,40,7,1490,1,1,MG HS,2,E01017474,0,1
2024461410896,2024,461410896,3,9,0,-1,19,7,3,-1,0,0,0,0,0,0,4,1,-1,9,2,35,6,1490,1,2,MG HS,6,E01024314,0,2
2024041503433,2024,041503433,3,9,0,-1,19,8,4,-1,0,1,0,0,0,0,1,1,-1,9,2,36,7,1490,1,0,MG HS,9,E01025600,0,1
2024070460690,2024,070460690,1,9,0,18,19,6,2,0,0,8,0,0,0,0,1,1,6,6,1,30,6,1490,1,1,MG HS,-1,-1,0,-1
2024320210812,2024,320210812,1,9,0,-1,-1,2,8,0,0,2,0,0,0,0,1,1,6,6,1,39,7,1490,1,1,MG HS,7,E01028326,0,4
2024351470679,2024,351470679,1,9,0,-1,3,3,7,-1,0,0,0,0,0,0,2,1,-1,6,2,31,6,1490,1,2,MG HS,8,E01018054,0,2
2024302400908,2024,302400908,2,9,0,18,19,3,7,0,0,0,0,0,0,0,0,1,6,6,2,46,8,1490,1,2,MG HS,1,E01028173,0,4
2024131528541,2024,131528541,1,9,0,-1,19,3,3,-1,0,4,0,0,0,0,3,1,-1,2,1,59,9,1490,1,2,MG HS,1,E01010802,0,1
2024461463613,2024,461463613,1,9,0,-1,19,3,7,-1,0,0,0,0,7,3,1,9,-1,7,1,43,7,1490,1,0,MG HS,2,E01024170,0,1
2024440124637,2024,440124637,2,9,0,4,4,1,5,0,0,0,0,0,0,0,2,1,6,6,2,25,5,1490,1,0,MG HS,6,E01022614,0,1
2024471462351,2024,471462351,2,9,0,-1,19,1,5,-1,0,1,0,0,0,0,2,1,-1,9,1,63,9,1490,1,1,MG HS,2,E01031779,0,1
2024010538458,2024,010538458,1,9,0,18,19,3,7,9,9,2,0,0,0,0,1,1,6,6,2,46,8,1496,1,0,MG HS,4,E01002267,0,2
2024010492290,2024,010492290,1,9,0,18,19,6,2,3,2,6,0,0,1,10,1,1,6,6,1,64,9,1490,8,1,MG HS,4,E01000958,0,1
2024010491747,2024,010491747,1,9,9,99,99,9,9,99,99,9,9,99,9,99,9,1,6,6,3,-1,-1,1490,1,1,MG HS,-1,-1,0,-1
2024141400602,2024,141400602,2,9,0,-1,2,0,0,-1,0,0,0,0,0,0,2,1,-1,6,-1,-1,-1,1490,1,1,MG HS,-1,-1,0,-1
2024221406389,2024,221406389,2,9,0,-1,19,7,3,-1,0,8,0,0,7,11,4,9,-1,2,2,59,9,1490,1,4,MG HS,5,E01028846,0,1
2024522402894,2024,522402894,3,9,0,6,6,6,6,0,0,8,0,0,0,0,0,1,6,6,3,-1,-1,1490,1,0,MG HS,-1,-1,0,-1
2024991403524,2024,991403524,1,9,0,-1,4,7,5,-1,0,1,0,0,1,0,1,1,-1,6,1,30,6,1490,8,1,MG HS,1,-1,0,4
2024122401181,2024,122401181,1,9,0,3,3,7,3,0,0,1,0,0,0,0,4,1,6,6,2,49,8,1490,1,1,MG HS,2,E01027824,0,1
2024622400344,2024,622400344,1,9,0,18,19,3,7,0,0,0,0,0,0,0,4,1,6,6,2,60,9,1490,1,1,MG HS,1,W01001300,0,1
2024052402055,2024,052402055,2,9,0,18,19,6,2,0,0,8,0,0,0,0,4,1,6,6,1,74,10,1490,1,0,MG HS,1,E01006564,0,1
2024991493269,2024,991493269,3,9,0,-1,19,2,6,-1,0,0,0,0,0,0,1,1,-1,9,1,67,10,1490,1,1,MG HS,-1,-1,0,-1
2024131457731,2024,131457731,2,9,0,-1,19,7,3,-1,0,8,0,0,0,0,1,1,-1,6,1,38,7,1490,1,0,MG HS,1,E01011345,0,1
2024451503385,2024,451503385,2,9,0,-1,3,5,1,-1,0,0,0,0,0,0,4,9,-1,6,3,-1,-1,1490,1,0,MG HS,-1,-1,0,-1
2024610024824,2024,610024824,1,9,0,9,9,1,6,0,0,6,0,0,0,0,1,1,1,1,2,44,7,1490,8,3,MG HS,9,W01001404,0,1
2024221479258,2024,221479258,2,9,0,-1,11,5,1,-1,0,0,0,0,0,0,4,1,-1,6,1,24,5,1490,8,1,MG HS,-1,-1,0,-1
2024461416989,2024,461416989,1,9,0,-1,19,6,6,-1,0,0,0,4,0,0,1,9,-1,9,1,23,5,1490,1,1,MG HS,3,E01035313,0,1
2024991447739,2024,991447739,1,9,0,-1,19,4,8,-1,0,1,0,11,0,0,1,1,-1,9,1,61,9,1490,1,1,MG HS,-1,-1,0,-1
2024221459982,2024,221459982,3,9,0,-1,19,1,5,-1,0,8,0,0,0,0,3,9,-1,6,1,63,9,1490,1,0,MG HS,5,E01018479,0,4
2024111458494,2024,111458494,1,9,0,-1,19,8,4,-1,0,0,0,0,0,0,4,1,-1,6,1,62,9,1490,8,2,MG HS,-1,-1,0,-1
2024061440800,2024,061440800,2,9,0,-1,19,1,5,-1,0,1,5,0,0,0,4,1,-1,1,2,37,7,1490,1,1,MG HS,5,E01006337,0,3
2024221510227,2024,221510227,2,9,0,-1,19,8,4,-1,0,8,0,0,0,0,4,9,-1,6,1,36,7,1490,1,3,MG HS,9,E01014083,0,2
2024991479670,2024,991479670,2,9,0,-1,19,1,5,-1,0,0,1,0,7,0,1,1,-1,9,1,70,10,1490,8,0,MG HS,-1,-1,0,-1
2024991531958,2024,991531958,2,9,0,-1,19,2,6,-1,0,2,1,0,3,0,3,1,-1,9,1,33,6,1490,1,2,MG HS,-1,-1,0,-1
2024201439553,2024,201439553,2,9,0,-1,11,7,2,-1,0,3,0,0,0,0,3,9,-1,6,1,-1,-1,1490,1,2,MG HS,-1,-1,0,-1
2024111425550,2024,111425550,1,9,0,-1,19,1,5,-1,0,0,0,0,1,0,1,1,-1,9,1,36,7,1490,1,1,MG HS,4,E01034494,0,4
2024311428076,2024,311428076,1,9,0,-1,4,5,1,-1,0,0,0,0,0,0,1,1,-1,2,1,31,6,1490,8,1,MG HS,1,E01013688,0,4
2024010499469,2024,010499469,1,9,0,2,2,0,0,99,99,9,9,99,9,99,2,9,6,6,3,-1,-1,1490,1,2,MG HS,-1,-1,0,-1
2024010544808,2024,010544808,1,9,0,5,5,0,1,0,0,0,0,11,0,0,0,1,6,6,1,78,11,1490,8,0,MG HS,6,E01004577,0,2
2024351526629,2024,351526629,2,9,0,-1,10,1,6,-1,0,1,0,0,0,0,2,1,-1,9,2,28,6,1490,1,1,MG HS,3,E01018070,0,1
2024010506011,2024,010506011,3,9,0,99,99,9,9,99,99,9,9,99,9,99,2,9,6,6,3,-1,-1,1490,1,1,MG HS,-1,-1,0,-1
2024471452945,2024,471452945,1,9,0,-1,19,1,5,-1,0,0,0,0,0,0,1,1,-1,9,2,56,9,1490,8,0,MG HS,6,E01021149,0,4
2024052401313,2024,052401313,2,9,0,2,2,0,0,0,0,0,0,0,0,0,1,1,6,6,3,-1,-1,1490,1,0,MG HS,-1,-1,0,-1
2024552400731,2024,552400731,1,9,0,18,19,3,7,0,0,8,0,0,0,0,4,1,6,6,2,55,8,1490,1,1,MG HS,4,E01015409,0,4
2024041419982,2024,041419982,1,9,0,-1,1,8,4,-1,0,1,0,0,0,0,2,1,-1,9,1,63,9,1490,1,3,MG HS,5,E01006419,0,4
2024070430091,2024,070430091,1,9,0,18,19,2,6,0,0,0,0,0,0,0,1,1,6,6,1,33,6,1490,8,1,MG HS,2,E01012480,0,1
2024451508779,2024,451508779,2,9,0,-1,-1,-1,-1,-1,-1,-1,-1,-1,-1,0,-1,1,-1,6,1,-1,-1,1490,1,0,MG HS,-1,-1,0,-1
2024052401859,2024,052401859,1,9,0,18,19,1,5,0,0,0,0,0,0,0,3,1,6,6,2,40,7,1490,1,0,MG HS,1,E01006507,0,1
2024991494140,2024,991494140,2,9,0,-1,19,5,1,-1,0,1,0,0,0,0,1,1,-1,6,1,62,9,1490,1,1,MG HS,4,-1,0,1
2024471475490,2024,471475490,1,9,0,-1,19,2,6,-1,0,6,0,0,0,0,1,1,-1,9,1,68,10,1490,1,0,MG HS,-1,-1,0,-1
2024010528264,2024,010528264,1,9,0,99,99,9,9,99,99,0,9,99,9,99,2,9,6,6,2,40,7,1490,1,1,MG HS,3,E01002276,0,1
2024221525075,2024,221525075,1,9,0,-1,19,3,7,-1,0,0,0,0,0,0,1,1,-1,6,1,35,6,1490,1,1,MG HS,5,E01028943,0,2
2024201502539,2024,201502539,1,9,0,-1,9,3,8,-1,0,0,0,0,0,0,4,1,-1,1,1,52,8,1490,8,1,MG HS,5,E01009939,0,1
2024461505391,2024,461505391,1,9,0,-1,9,2,6,-1,0,2,0,0,0,0,1,1,-1,9,1,48,8,1490,1,1,MG HS,3,E01024539,0,1
2024061470225,2024,061470225,1,9,-1,-1,-1,-1,-1,-1,4,0,-1,-1,0,0,4,9,-1,7,2,-1,-1,1490,1,1,MG HS,-1,-1,0,-1
2024031402187,2024,031402187,1,9,0,-1,7,5,7,-1,0,1,0,0,7,11,1,1,-1,9,2,57,9,1490,1,2,MG HS,2,E01019199,0,1
2024221468222,2024,221468222,1,9,0,-1,4,7,3,-1,0,1,0,0,0,0,1,9,-1,6,1,45,7,1490,8,1,MG HS,8,E01013996,0,1
2024052401621,2024,052401621,2,9,0,18,19,6,2,0,0,0,0,0,0,0,4,1,6,6,3,-1,-1,1490,1,2,MG HS,-1,-1,0,-1
2024101515545,2024,101515545,2,9,0,-1,3,3,7,-1,0,0,0,0,0,0,3,1,-1,9,2,71,10,1490,1,1,MG HS,4,E01008513,0,1
2024501459106,2024,501459106,1,9,0,-1,19,1,5,-1,0,0,0,0,0,0,1,1,-1,9,1,63,9,1490,1,0,MG HS,-1,-1,0,-1
2024041486820,2024,041486820,2,9,0,-1,19,6,2,-1,0,1,1,0,7,0,1,1,-1,9,1,56,9,1490,1,2,MG HS,7,E01010860,0,2
2024070162853,2024,070162853,1,9,0,13,13,5,1,0,0,1,0,0,0,0,4,1,6,6,1,47,8,1490,1,1,MG HS,7,E01018450,0,2
2024411403949,2024,411403949,2,9,0,-1,19,3,7,-1,0,4,0,0,0,0,3,9,-1,9,2,58,9,1490,1,2,MG HS,8,E01023311,0,1
2024052402537,2024,052402537,1,9,0,18,19,7,3,0,0,8,0,0,1,0,1,1,6,6,1,37,7,1490,8,1,MG HS,1,E01006678,0,3
2024622400099,2024,622400099,1,9,0,9,9,6,4,0,0,1,0,0,0,0,1,1,6,6,1,82,11,1490,1,2,MG HS,1,W01000963,0,1
2024010535901,2024,010535901,1,9,0,1,1,8,2,9,9,2,0,11,7,10,2,1,1,1,2,67,10,1490,1,1,MG HS,3,E01000305,0,1
2024010524741,2024,010524741,1,9,0,18,19,3,7,0,0,1,0,0,0,0,1,1,6,6,1,40,7,1490,1,1,MG HS,4,E01003731,0,1
2024010544109,2024,010544109,1,9,0,18,19,7,3,0,0,0,1,0,0,0,3,1,6,6,1,34,6,1490,1,1,MG HS,3,E01002542,0,4
2024010517132,2024,010517132,2,9,0,99,99,9,9,99,99,9,9,99,9,99,9,9,6,6,3,68,10,1490,1,3,MG HS,4,E01001582,0,1
2024471486048,2024,471486048,2,9,0,-1,4,7,3,-1,0,0,0,0,0,0,2,1,-1,9,1,31,6,1490,8,0,MG HS,7,E01031462,0,1
2024311514852,2024,311514852,1,9,0,-1,5,1,5,-1,9,0,0,7,0,0,1,1,-1,9,1,86,11,1490,8,0,MG HS,-1,-1,0,-1
2024371411630,2024,371411630,1,9,0,-1,19,5,7,-1,0,0,0,0,0,0,1,1,-1,9,1,35,6,1490,1,4,MG HS,1,E01030256,0,1
2024440065048,2024,440065048,2,9,0,4,4,2,6,0,0,0,0,0,0,0,2,1,6,6,2,31,6,1490,1,1,MG HS,2,E01031432,0,4
2024101521958,2024,101521958,1,9,0,-1,8,1,3,-1,0,6,0,0,0,0,1,1,-1,1,1,58,9,1490,8,1,MG HS,-1,-1,0,-1
2024471414634,2024,471414634,2,9,0,-1,19,5,6,-1,0,3,0,0,0,0,1,1,-1,9,2,40,7,1490,1,1,MG HS,6,E01034824,0,2
2024351469587,2024,351469587,1,9,0,-1,7,3,5,-1,0,6,0,99,1,0,1,9,-1,6,2,-1,-1,1490,8,1,MG HS,6,E01015688,0,1
2024991473707,2024,991473707,2,9,0,-1,19,3,7,-1,0,0,0,0,0,0,1,1,-1,9,2,61,9,1490,1,0,MG HS,-1,-1,0,-1
2024041421089,2024,041421089,1,9,0,-1,19,5,1,-1,0,2,0,0,0,0,4,1,-1,9,2,34,6,1490,1,1,MG HS,5,E01025458,0,1
2024131500006,2024,131500006,1,9,0,-1,5,7,3,-1,0,0,0,0,0,0,2,1,-1,9,1,49,8,1490,1,0,MG HS,1,E01010608,0,1
2024461518334,2024,461518334,2,9,0,-1,7,1,5,-1,0,1,0,0,0,0,2,9,-1,6,1,47,8,1490,8,0,MG HS,2,E01016159,0,1
2024361481585,2024,361481585,1,9,0,-1,19,7,3,-1,0,0,2,0,0,0,1,1,-1,6,1,66,10,1490,1,2,MG HS,3,E01026719,0,2
2024361444977,2024,361444977,1,9,-1,-1,-1,-1,-1,-1,-1,0,-1,-1,-1,0,-1,9,-1,9,2,55,8,1490,8,1,MG HS,3,E01026458,0,1
2024501410280,2024,501410280,2,9,0,-1,19,7,3,-1,0,8,0,0,0,0,3,9,-1,6,2,53,8,1490,1,1,MG HS,7,E01020318,0,1
2024052402222,2024,052402222,1,9,0,5,5,2,6,0,0,0,0,0,0,0,1,1,6,6,1,-1,-1,1490,1,0,MG HS,-1,-1,0,-1
2024131467346,2024,131467346,1,9,0,-1,19,1,5,-1,0,8,0,0,0,0,3,1,-1,6,1,58,9,1490,1,3,MG HS,4,E01011876,0,1
2024141505614,2024,141505614,1,9,0,-1,19,2,6,-1,0,1,0,0,0,0,1,1,-1,1,1,32,6,1490,8,1,MG HS,4,E01007746,0,1
2024141537109,2024,141537109,1,9,0,-1,10,3,7,-1,0,1,0,0,0,0,2,1,-1,6,1,-1,-1,1490,1,3,MG HS,1,E01011863,0,3