collision_index,collision_year,collision_ref_no,vehicle_reference,vehicle_type,towing_and_articulation,vehicle_manoeuvre_historic,vehicle_manoeuvre,vehicle_direction_from,vehicle_direction_to,vehicle_location_restricted_lane_historic,vehicle_location_restricted_lane,junction_location,skidding_and_overturning,hit_object_in_carriageway,vehicle_leaving_carriageway,hit_object_off_carriageway,first_point_of_impact,vehicle_left_hand_drive,journey_purpose_of_driver_historic,journey_purpose_of_driver,sex_of_driver,age_of_driver,age_band_of_driver,engine_capacity_cc,propulsion_code,age_of_vehicle,generic_make_model,driver_imd_decile,lsoa_of_driver,escooter_flag,driver_distance_banding
2024061416148,2024,061416148,1,9,0,-1,19,5,1,-1,0,6,0,0,0,0,1,1,-1,9,1,76,11,1490,1,1,MG HS,-1,-1,0,-1
2024991461953,2024,991461953,1,9,0,-1,19,4,7,-1,0,0,0,0,0,0,1,1,-1,9,1,49,8,1490,1,0,MG HS,6,-1,0,4
2024201460161,2024,201460161,1,9,0,-1,19,4,6,-1,0,0,0,0,0,0,3,1,-1,6,3,-1,-1,1490,1,0,MG HS,-1,-1,0,-1
2024461415053,2024,461415053,2,9,0,-1,19,3,7,-1,0,1,0,0,0,0,4,9,-1,6,2,42,7,1490,1,1,MG HS,2,E01024717,0,1
2024411481806,2024,411481806,1,9,0,-1,19,-1,-1,-1,0,0,0,0,0,0,3,9,-1,6,1,-1,-1,1490,1,0,MG HS,3,E01017665,0,4
2024061393893,2024,061393893,2,9,0,-1,19,1,5,-1,0,0,1,0,2,7,2,1,-1,9,1,28,6,1490,8,4,MG HS,-1,-1,0,-1
2024010501434,2024,010501434,1,9,0,18,19,3,7,0,0,1,5,4,0,0,1,1,6,6,1,49,8,1490,1,3,MG HS,5,E01002119,0,1
2024991465095,2024,991465095,2,9,0,-1,2,0,0,-1,0,0,0,0,0,0,2,1,-1,6,-1,-1,-1,1490,1,1,MG HS,-1,-1,0,-1
2024052400722,2024,052400722,1,9,0,2,2,0,0,0,0,2,0,0,0,0,3,1,6,6,1,52,8,1490,1,1,MG HS,1,E01006740,0,1
2024201483019,2024,201483019,2,9,0,-1,2,0,0,-1,0,0,0,0,0,0,2,1,-1,6,1,45,7,1490,1,0,MG HS,1,E01009033,0,2
2024631504111,2024,631504111,1,9,0,-1,12,1,4,-1,0,0,0,4,0,0,3,1,-1,9,2,40,7,1490,1,1,MG HS,4,W01000589,0,1
2024010503312,2024,010503312,1,9,0,18,19,1,5,0,0,2,0,0,0,0,4,1,6,6,2,24,5,1490,1,1,MG HS,6,E01002422,0,1
2024010544841,2024,010544841,1,9,0,7,7,7,1,0,0,6,0,0,1,0,4,1,6,6,2,37,7,1490,1,3,MG HS,9,E01002255,0,1
2024991504115,2024,991504115,1,9,0,-1,5,2,2,-1,9,0,0,10,3,0,1,1,-1,6,1,57,9,1490,1,0,MG HS,4,-1,0,1
2024461426849,2024,461426849,1,9,0,-1,19,4,6,-1,0,1,0,0,0,0,1,9,-1,9,1,68,10,1490,1,1,MG HS,4,E01016143,0,1
2024052402527,2024,052402527,2,9,0,18,19,3,7,0,0,8,0,0,0,0,1,1,6,6,2,53,8,1490,1,1,MG HS,4,E01007202,0,1
2024451485142,2024,451485142,1,9,0,-1,3,5,1,-1,0,0,0,0,0,0,2,9,-1,9,1,47,8,1490,1,0,MG HS,-1,-1,0,-1
2024622400167,2024,622400167,1,9,0,16,19,8,4,0,0,1,0,0,0,0,1,1,6,6,2,56,9,1490,1,1,MG HS,9,W01001729,0,1
2024471453560,2024,471453560,1,9,0,-1,19,5,1,-1,0,8,0,0,0,0,4,1,-1,9,1,45,7,1490,1,1,MG HS,4,E01023772,0,5
2024010538133,2024,010538133,2,9,0,2,2,0,0,0,0,1,0,0,0,0,4,1,6,6,3,-1,-1,1490,1,1,MG HS,-1,-1,0,-1
2024141441404,2024,141441404,1,9,0,-1,14,5,1,-1,0,0,5,4,0,0,3,1,-1,6,2,42,7,1490,8,1,MG HS,1,E01007491,0,1
2024991484631,2024,991484631,1,9,0,-1,19,8,4,-1,0,8,0,0,0,0,3,1,-1,9,1,57,9,1490,8,1,MG HS,-1,-1,0,-1
2024991412926,2024,991412926,1,9,0,-1,19,1,4,-1,0,0,0,4,0,0,1,1,-1,9,1,78,11,1490,1,3,MG HS,7,-1,0,2
2024351402142,2024,351402142,1,9,0,-1,19,1,5,-1,0,0,0,0,0,0,1,9,-1,6,3,-1,-1,1490,1,2,MG HS,-1,-1,0,-1
2024351531668,2024,351531668,2,9,0,-1,3,7,3,-1,0,0,0,0,0,0,2,1,-1,6,1,50,8,1490,1,0,MG HS,1,E01015663,0,1
2024041507483,2024,041507483,1,9,0,-1,19,5,1,-1,0,8,0,0,0,0,1,1,-1,6,-1,-1,-1,1490,1,0,MG HS,-1,-1,0,-1
2024302400389,2024,302400389,1,9,0,18,19,2,6,0,0,0,0,0,0,0,1,1,6,6,1,54,8,1490,8,1,MG HS,3,E01019797,0,1
2024991448631,2024,991448631,2,9,0,-1,19,4,7,-1,0,1,0,0,0,0,1,1,-1,6,1,34,6,1490,1,1,MG HS,1,-1,0,3
2024421493260,2024,421493260,1,9,0,-1,-1,-1,-1,-1,-1,0,-1,-1,-1,0,-1,9,-1,6,3,-1,-1,1490,1,0,MG HS,-1,-1,0,-1
2024451478966,2024,451478966,1,9,0,-1,19,1,5,-1,0,0,0,0,1,1,1,1,-1,9,1,51,8,1490,1,0,MG HS,9,E01031805,0,4
2024991450364,2024,991450364,1,9,0,-1,1,5,5,-1,0,0,0,0,0,0,2,1,-1,6,1,60,9,1490,1,0,MG HS,6,-1,0,2
2024461442190,2024,461442190,3,9,0,-1,19,6,2,-1,0,0,0,0,0,0,2,1,-1,6,2,27,6,1490,1,2,MG HS,2,E01001702,0,3
2024411413138,2024,411413138,1,9,0,-1,13,-1,-1,-1,0,0,0,99,0,0,1,9,-1,6,3,-1,-1,1490,1,1,MG HS,-1,-1,0,-1
2024052401871,2024,052401871,1,9,0,7,7,4,6,0,0,1,0,0,0,0,1,1,6,6,1,57,9,1490,1,0,MG HS,1,E01006737,0,2
2024010537188,2024,010537188,1,9,0,5,5,0,3,0,0,1,0,0,0,0,2,1,1,1,1,59,9,1490,8,1,MG HS,9,E01022455,0,5
2024211479017,2024,211479017,2,9,0,-1,5,6,2,-1,0,0,0,0,0,0,1,2,-1,6,1,51,8,1490,1,1,MG HS,10,E01029839,0,1
2024010516708,2024,010516708,1,9,0,5,5,3,7,0,0,1,0,0,0,0,1,1,6,6,3,-1,-1,1490,1,0,MG HS,-1,-1,0,-1
2024361468947,2024,361468947,1,9,0,-1,19,6,2,-1,0,0,0,0,7,0,1,1,-1,9,1,61,9,1490,1,1,MG HS,3,E01013548,0,5
2024010546641,2024,010546641,1,9,0,99,99,9,9,99,99,9,9,99,9,99,2,9,6,6,2,43,7,1496,1,0,MG HS,3,E01003926,0,1
2024010533975,2024,010533975,2,9,0,18,19,5,1,0,0,1,0,0,7,0,4,1,3,7,2,59,9,1490,8,1,MG HS,4,E01004376,0,1
2024010550381,2024,010550381,1,9,0,9,9,7,5,0,0,5,0,0,0,0,1,1,6,6,2,51,8,1490,1,1,MG HS,-1,-1,0,-1
2024041432746,2024,041432746,1,9,0,-1,19,1,5,-1,0,0,0,0,0,0,3,1,-1,9,1,77,11,1490,1,2,MG HS,3,E01024887,0,2
2024061478640,2024,061478640,2,9,0,-1,19,7,3,-1,0,1,0,0,0,0,3,1,-1,6,1,29,6,1490,1,0,MG HS,6,E01004999,0,1
2024471430240,2024,471430240,2,9,0,-1,7,7,1,-1,0,4,0,0,0,0,4,1,-1,6,2,30,6,1490,1,3,MG HS,5,E01021213,0,1
2024522403358,2024,522403358,2,9,0,7,7,1,3,0,0,8,0,0,0,0,1,1,6,6,1,61,9,1490,1,0,MG HS,1,E01014638,0,1
2024361555540,2024,361555540,1,9,0,-1,7,8,2,-1,0,6,0,0,0,0,1,1,-1,2,2,60,9,1490,1,0,MG HS,3,E01033041,0,3
2024461450837,2024,461450837,1,5,0,-1,7,3,5,-1,0,3,1,0,0,0,4,1,-1,9,1,64,9,1064,1,17,-1,7,E01032817,0,4
2024070814917,2024,070814917,1,3,0,-1,19,5,1,-1,-1,0,0,0,0,0,0,1,-1,6,1,57,9,1064,1,23,-1,2,W01000149,0,4
2024471451001,2024,471451001,1,5,0,-1,19,6,2,-1,0,1,0,0,1,4,1,1,-1,9,1,64,9,1380,1,11,-1,9,E01030360,0,4
2024991490030,2024,991490030,2,17,0,-1,2,1,5,-1,-1,0,0,0,0,0,2,1,-1,1,1,59,9,2197,1,17,-1,3,-1,0,3
2024221492084,2024,221492084,1,17,0,-1,19,8,4,-1,0,0,0,0,0,0,1,1,-1,1,1,22,5,12700,2,1,-1,8,E01032182,0,2
2024440363959,2024,440363959,2,9,0,18,19,5,1,0,0,1,0,0,0,0,1,1,6,6,1,-1,-1,1500,2,13,-1,-1,-1,0,-1
2024010538767,2024,010538767,2,9,0,99,99,9,9,99,99,9,9,99,9,99,1,9,6,6,2,-1,-1,1796,1,22,-1,2,E01003046,0,1
2024631395270,2024,631395270,2,3,0,-1,19,3,6,-1,0,8,1,0,0,0,3,1,-1,6,1,17,4,107,1,10,-1,4,W01000605,0,1
2024101422553,2024,101422553,1,3,0,-1,13,7,3,-1,0,8,2,0,7,0,1,1,-1,9,1,36,7,107,1,9,-1,2,E01008810,0,1
2024520002470,2024,520002470,1,4,0,18,19,6,2,0,0,1,1,0,1,1,1,1,6,6,1,24,5,125,1,5,RIEJU MRT,8,E01014443,0,1
2024302500229,2024,302500229,1,2,0,-1,14,8,4,-1,0,8,0,0,0,0,4,1,-1,2,1,17,4,50,1,0,RIEJU MRT,8,E01019454,0,1
2024041506646,2024,041506646,2,2,0,-1,19,5,1,-1,0,0,1,0,0,0,2,1,-1,2,2,16,4,50,1,2,RIEJU MRT,10,E01025441,0,1
2024302400586,2024,302400586,2,2,0,18,19,7,3,0,0,7,0,0,0,0,1,1,6,6,1,16,4,50,1,5,RIEJU MRT,7,E01019448,0,1
2024211459604,2024,211459604,1,2,0,-1,19,2,8,-1,0,8,0,0,0,0,3,1,-1,9,1,16,4,50,1,0,RIEJU MRT,3,E01029549,0,1
2024010517729,2024,010517729,1,3,0,18,19,1,5,0,0,1,0,0,0,0,1,1,6,6,1,23,5,125,1,1,RIEJU MRT,9,E01000359,0,1
2024541607824,2024,541607824,1,2,0,18,19,3,7,0,0,0,0,0,0,0,0,1,6,6,1,16,4,50,1,12,RIEJU MRT,9,E01031922,0,2
2024010523338,2024,010523338,1,2,0,18,19,3,7,0,0,2,0,0,0,0,1,1,6,6,1,16,4,50,1,2,RIEJU MRT,8,E01002372,0,1
2024501468690,2024,501468690,1,2,0,-1,19,5,1,-1,0,1,1,4,0,0,1,1,-1,6,1,16,4,50,1,2,RIEJU MRT,8,E01018811,0,1
2024461456550,2024,461456550,1,3,0,-1,15,7,3,-1,0,0,0,0,0,0,1,1,-1,6,1,17,4,-1,-1,-1,RIEJU MRT,8,E01016138,0,1
2024461528234,2024,461528234,2,3,0,-1,19,7,3,-1,0,0,0,0,0,0,2,1,-1,9,1,21,5,125,1,2,RIEJU MRT,6,E01024491,0,1
2024131434748,2024,131434748,2,2,0,-1,19,3,7,-1,0,1,0,0,0,0,1,1,-1,6,1,16,4,50,1,5,RIEJU MRT,5,E01011765,0,2
2024440227215,2024,440227215,1,2,0,16,19,7,1,0,0,0,0,0,0,0,1,1,2,2,1,16,4,50,1,3,RIEJU MRT,9,E01022836,0,1
2024610042024,2024,610042024,1,9,0,4,4,6,2,0,0,0,0,0,0,0,1,1,1,1,1,18,4,1328,1,15,SUZUKI SWIFT,5,W01001412,0,1
2024041469708,2024,041469708,1,9,0,-1,19,3,7,-1,0,1,0,0,0,0,4,1,-1,1,1,83,11,1242,1,6,SUZUKI SWIFT,2,E01025075,0,1
2024010529523,2024,010529523,2,9,9,5,5,9,9,99,99,9,9,99,9,99,9,9,6,6,3,-1,-1,1490,1,17,SUZUKI SWIFT,-1,-1,0,-1
2024351397517,2024,351397517,1,9,0,-1,19,3,7,-1,0,0,0,0,0,0,2,1,-1,2,2,52,8,1242,1,5,SUZUKI SWIFT,3,E01023650,0,4
2024161492160,2024,161492160,5,9,0,-1,2,0,0,-1,0,2,0,0,0,0,3,1,-1,6,-1,-1,-1,1242,1,9,SUZUKI SWIFT,-1,-1,0,-1
2024430150976,2024,430150976,1,9,0,4,4,7,3,0,0,0,0,0,0,0,2,1,6,6,2,25,5,998,1,6,SUZUKI SWIFT,5,W01001164,0,5
2024201483240,2024,201483240,2,9,0,-1,19,1,5,-1,0,0,0,0,0,0,1,1,-1,6,1,22,5,1328,1,17,SUZUKI SWIFT,1,E01009485,0,1
2024111409269,2024,111409269,3,9,0,-1,2,0,0,-1,0,2,0,0,0,0,3,1,-1,6,1,30,6,1242,1,11,SUZUKI SWIFT,6,E01020843,0,4
2024461451107,2024,461451107,1,9,0,-1,9,7,4,-1,0,6,0,0,0,0,3,1,-1,7,2,45,7,1197,8,4,SUZUKI SWIFT,9,E01024462,0,1
2024161485432,2024,161485432,1,9,0,-1,19,7,3,-1,0,0,0,0,0,0,1,9,-1,6,1,52,8,1242,1,4,SUZUKI SWIFT,-1,-1,0,-1
2024471403143,2024,471403143,2,9,0,-1,3,1,5,-1,0,0,0,0,0,0,2,1,-1,9,1,23,5,1586,1,15,SUZUKI SWIFT,7,E01031545,0,4
2024991447277,2024,991447277,2,9,0,-1,9,8,6,-1,0,4,0,0,0,0,3,1,-1,9,1,23,5,1242,1,8,SUZUKI SWIFT,5,-1,0,5
2024161444249,2024,161444249,1,9,0,-1,9,5,3,-1,0,1,0,0,0,0,4,1,-1,9,2,77,11,1197,8,3,SUZUKI SWIFT,3,E01012934,0,1
2024361419752,2024,361419752,2,9,0,-1,19,5,1,-1,0,8,0,0,7,0,4,1,-1,9,2,29,6,1328,1,16,SUZUKI SWIFT,6,E01026462,0,4
2024340NN0772,2024,340NN0772,3,9,0,-1,3,5,1,-1,0,0,0,0,0,0,2,1,-1,9,2,23,5,998,1,7,SUZUKI SWIFT,6,E01027039,0,1
2024231475053,2024,231475053,2,9,0,-1,19,5,1,-1,0,8,0,0,0,0,3,1,-1,6,2,53,8,998,1,6,SUZUKI SWIFT,4,E01031105,0,1
2024052401384,2024,052401384,2,9,0,7,7,2,4,0,0,1,0,0,0,0,1,1,6,6,2,18,4,1242,1,9,SUZUKI SWIFT,6,E01007164,0,1
2024211433813,2024,211433813,2,9,0,-1,9,4,4,-1,0,1,0,0,0,0,3,1,-1,6,2,25,5,998,1,7,SUZUKI SWIFT,2,E01014329,0,2
2024010530491,2024,010530491,1,9,9,99,99,9,9,99,99,1,9,99,9,99,9,9,6,6,2,59,9,1197,8,1,SUZUKI SWIFT,4,E01004416,0,1
2024340WN5102,2024,340WN5102,1,9,0,-1,7,7,1,-1,0,6,0,0,7,0,2,1,-1,9,1,21,5,1490,1,17,SUZUKI SWIFT,2,E01027156,0,1
2024111435915,2024,111435915,1,9,0,-1,19,7,3,-1,0,0,0,0,0,0,1,2,-1,2,2,60,9,1242,1,12,SUZUKI SWIFT,4,E01020646,0,1
2024201509712,2024,201509712,2,9,0,-1,19,5,1,-1,0,8,0,0,0,0,1,1,-1,6,1,54,8,1242,1,10,SUZUKI SWIFT,-1,-1,0,-1
2024211510497,2024,211510497,1,9,0,-1,5,3,7,-1,0,0,0,0,0,0,1,1,-1,9,2,41,7,1490,1,17,SUZUKI SWIFT,2,E01014339,0,1
2024320708129,2024,320708129,2,9,0,2,2,0,0,0,0,2,0,0,0,0,3,1,6,6,3,-1,-1,1242,1,12,SUZUKI SWIFT,-1,-1,0,-1
2024010530070,2024,010530070,3,9,0,3,3,7,3,0,0,1,0,0,0,0,2,1,6,6,1,62,9,1242,1,12,SUZUKI SWIFT,9,E01000350,0,1
2024221427856,2024,221427856,2,9,0,-1,19,4,8,-1,0,0,0,0,2,0,4,9,-1,6,1,18,4,1328,1,14,SUZUKI SWIFT,5,E01032181,0,3
2024221410566,2024,221410566,2,9,0,-1,19,8,4,-1,0,0,0,0,0,0,1,1,-1,6,2,30,6,1328,1,18,SUZUKI SWIFT,3,E01032310,0,2
2024010518246,2024,010518246,3,9,0,4,4,1,5,0,0,1,0,4,0,0,2,1,6,6,2,81,11,1328,1,15,SUZUKI SWIFT,5,E01002024,0,2
2024991536055,2024,991536055,1,9,0,-1,19,7,3,-1,0,0,0,0,0,0,4,1,-1,6,1,49,8,1242,1,10,SUZUKI SWIFT,8,-1,0,2
2024131466571,2024,131466571,1,9,0,-1,7,5,7,-1,0,1,0,0,1,0,4,1,-1,9,2,54,8,1328,1,13,SUZUKI SWIFT,1,E01007341,0,3
2024552500086,2024,552500086,1,9,0,18,19,1,5,0,0,8,0,0,0,0,1,1,6,6,1,62,9,1242,1,5,SUZUKI SWIFT,3,E01020574,0,1
2024991439215,2024,991439215,1,9,0,-1,1,1,5,-1,0,1,0,0,0,0,2,1,-1,6,1,37,7,998,1,7,SUZUKI SWIFT,6,-1,0,4
202460Q181593,2024,60Q181593,3,9,0,2,2,0,0,0,0,0,0,4,0,0,2,1,6,6,1,42,7,1586,1,17,SUZUKI SWIFT,-1,-1,0,-1
2024010531495,2024,010531495,1,9,0,18,19,7,3,0,0,0,0,0,0,0,1,1,3,7,1,49,8,1242,1,10,SUZUKI SWIFT,3,E01001338,0,1
2024101426470,2024,101426470,1,9,0,-1,2,5,1,-1,0,0,0,0,0,0,0,1,-1,6,1,39,7,1242,1,11,SUZUKI SWIFT,6,E01008314,0,1
2024471492622,2024,471492622,1,9,0,-1,19,1,5,-1,0,0,0,0,0,0,1,1,-1,2,1,40,7,1242,1,5,SUZUKI SWIFT,8,E01034821,0,4
2024552400668,2024,552400668,2,9,0,18,19,8,4,0,0,8,0,0,7,4,1,1,6,6,1,63,9,1248,2,10,SUZUKI SWIFT,7,E01020538,0,4
2024201406366,2024,201406366,2,9,0,-1,3,4,1,-1,0,1,0,0,0,0,1,1,-1,6,1,-1,-1,1328,1,15,SUZUKI SWIFT,-1,-1,0,-1
2024622400117,2024,622400117,2,9,0,18,19,7,3,0,0,0,0,0,0,0,2,1,6,6,1,26,6,1242,1,9,SUZUKI SWIFT,7,W01001507,0,3
2024302401689,2024,302401689,2,9,0,-1,7,5,6,-1,0,8,1,0,0,0,3,1,-1,2,2,26,6,1242,1,8,SUZUKI SWIFT,2,E01007982,0,3
2024201442258,2024,201442258,1,9,0,-1,15,5,1,-1,0,0,0,0,0,0,1,1,-1,9,2,70,10,1197,8,3,SUZUKI SWIFT,3,E01009164,0,2
2024122500453,2024,122500453,1,9,0,18,19,5,1,0,0,8,0,0,0,0,1,1,6,6,2,64,9,1242,1,8,SUZUKI SWIFT,1,E01027740,0,1
2024031450593,2024,031450593,1,9,0,-1,19,7,2,-1,0,0,5,0,2,11,1,1,-1,9,2,65,9,1586,1,12,SUZUKI SWIFT,-1,-1,0,-1
2024221474635,2024,221474635,2,9,0,-1,19,4,8,-1,0,8,0,0,0,0,1,9,-1,6,2,67,10,1197,8,0,SUZUKI SWIFT,10,E01032150,0,1
2024010510443,2024,010510443,1,9,0,99,99,9,9,99,99,9,9,99,9,99,9,9,2,2,2,47,8,1197,8,2,SUZUKI SWIFT,10,E01024474,0,3
2024522401841,2024,522401841,1,9,0,18,19,8,4,0,0,8,0,0,0,0,1,1,6,6,2,35,6,1328,1,19,SUZUKI SWIFT,1,E01014516,0,1
2024461460682,2024,461460682,2,9,0,-1,19,1,5,-1,0,1,0,0,0,0,3,1,-1,9,1,19,4,1490,1,16,SUZUKI SWIFT,3,E01035294,0,1
2024501424750,2024,501424750,3,9,0,-1,2,0,0,-1,0,0,0,0,0,0,2,1,-1,6,-1,-1,-1,1197,8,0,SUZUKI SWIFT,-1,-1,0,-1
2024131444186,2024,131444186,2,9,0,-1,19,5,1,-1,0,0,0,0,0,0,1,1,-1,9,2,32,6,1197,8,3,SUZUKI SWIFT,4,E01011477,0,3
2024320649287,2024,320649287,1,9,0,7,7,8,2,0,0,5,0,0,7,10,1,1,-1,-1,1,64,9,1197,8,1,SUZUKI SWIFT,2,E01011856,0,4
2024520403059,2024,520403059,1,9,0,16,19,1,3,0,0,8,0,0,0,0,1,1,6,6,2,18,4,998,8,6,SUZUKI SWIFT,6,E01029271,0,2
2024520401935,2024,520401935,1,9,0,18,19,6,2,0,0,8,0,0,0,0,4,1,6,6,1,53,8,1328,1,14,SUZUKI SWIFT,8,E01029294,0,2
2024501440079,2024,501440079,1,9,0,-1,19,7,3,-1,0,0,1,0,0,0,4,1,-1,9,1,40,7,1242,1,8,SUZUKI SWIFT,4,E01018861,0,1
2024520402985,2024,520402985,1,9,0,18,19,1,5,0,0,0,1,0,1,0,1,1,6,6,1,24,5,1328,1,15,SUZUKI SWIFT,10,E01014822,0,4
2024302400767,2024,302400767,1,9,0,9,9,6,4,0,0,8,0,0,0,0,4,1,6,6,2,49,8,1242,1,11,SUZUKI SWIFT,2,E01013550,0,1
2024041523867,2024,041523867,1,9,0,-1,19,3,7,-1,0,0,0,0,0,0,4,1,-1,6,1,24,5,1490,1,16,SUZUKI SWIFT,3,E01025407,0,2
2024010542824,2024,010542824,1,9,0,4,4,3,7,0,0,1,0,0,0,0,2,1,6,6,2,48,8,1242,1,11,SUZUKI SWIFT,10,E01003385,0,2
2024131529055,2024,131529055,1,9,0,-1,9,8,4,-1,0,8,0,0,0,0,1,1,-1,9,1,84,11,1197,8,1,SUZUKI SWIFT,10,E01011190,0,1
2024631413051,2024,631413051,1,9,0,-1,19,4,7,-1,0,8,0,0,3,11,1,1,-1,6,1,53,8,1242,1,11,SUZUKI SWIFT,4,W01000587,0,2
2024070404021,2024,070404021,1,9,0,18,19,6,2,0,0,0,0,0,0,0,1,1,6,6,1,77,11,1197,8,3,SUZUKI SWIFT,3,E01018746,0,2
2024991421664,2024,991421664,1,9,0,-1,19,3,7,-1,0,0,0,0,0,0,1,1,-1,9,2,22,5,1490,1,18,SUZUKI SWIFT,6,E01026411,0,5
2024211530437,2024,211530437,1,9,0,-1,19,1,5,-1,0,0,0,12,0,0,1,1,-1,6,2,25,5,1586,1,11,SUZUKI SWIFT,5,E01029802,0,2
2024340WN4932,2024,340WN4932,2,9,0,-1,4,1,5,-1,0,0,0,0,0,0,2,1,-1,9,2,37,7,1490,1,18,SUZUKI SWIFT,10,E01027295,0,2
2024610053124,2024,610053124,1,9,0,3,3,2,6,0,0,1,0,0,0,0,2,1,6,6,1,67,10,1242,1,10,SUZUKI SWIFT,3,W01001444,0,2
2024531530519,2024,531530519,3,9,0,-1,19,2,6,-1,0,2,0,0,0,0,1,1,-1,9,2,69,10,998,8,6,SUZUKI SWIFT,7,E01022376,0,1
2024101405862,2024,101405862,2,9,0,-1,2,7,3,-1,0,0,0,0,0,0,4,1,-1,6,3,-1,-1,1242,1,12,SUZUKI SWIFT,-1,-1,0,-1
2024061522230,2024,061522230,1,9,0,-1,20,5,1,-1,0,0,0,0,0,0,1,1,-1,2,2,58,9,998,1,7,SUZUKI SWIFT,-1,-1,0,-1
2024122400453,2024,122400453,1,9,0,18,19,7,3,0,0,1,0,0,0,0,1,1,6,6,2,22,5,1328,1,17,SUZUKI SWIFT,8,E01027836,0,2
2024991409373,2024,991409373,1,9,0,-1,19,2,6,-1,0,0,1,0,0,0,1,1,-1,6,2,21,5,1586,1,7,SUZUKI SWIFT,5,-1,0,1
2024520403409,2024,520403409,1,9,0,18,19,1,5,0,0,0,0,0,6,0,0,1,6,6,2,18,4,1328,1,15,SUZUKI SWIFT,7,E01020105,0,4
2024461458530,2024,461458530,2,9,0,-1,9,7,5,-1,0,1,0,0,0,0,3,1,-1,6,1,63,9,1490,1,18,SUZUKI SWIFT,5,E01024356,0,1
2024131397433,2024,131397433,1,9,0,-1,19,5,1,-1,0,4,0,0,0,0,3,1,-1,2,2,50,8,1242,1,10,SUZUKI SWIFT,5,E01011821,0,3
2024052400237,2024,052400237,1,9,0,18,19,6,2,0,0,0,0,0,0,0,1,1,1,1,2,25,5,1197,8,2,SUZUKI SWIFT,6,E01012491,0,2
2024010514625,2024,010514625,1,9,0,3,3,3,7,0,0,0,0,0,0,0,2,2,2,2,1,40,7,1197,8,1,SUZUKI SWIFT,8,E01034386,0,1
2024440192760,2024,440192760,2,9,0,18,19,1,5,0,0,0,0,0,0,0,1,1,6,6,1,43,7,1242,1,9,SUZUKI SWIFT,9,E01022535,0,1
2024061475986,2024,061475986,2,9,0,-1,19,4,8,-1,0,1,0,0,0,0,1,1,-1,9,1,57,9,1197,8,2,SUZUKI SWIFT,2,E01025480,0,2
2024471396747,2024,471396747,1,9,0,-1,19,4,1,-1,0,0,1,0,1,10,4,1,-1,2,2,27,6,1197,8,3,SUZUKI SWIFT,10,E01031650,0,1
2024471441519,2024,471441519,2,9,0,-1,19,2,6,-1,0,0,5,0,0,0,1,1,-1,9,2,32,6,998,1,7,SUZUKI SWIFT,9,E01021231,0,4
2024320571965,2024,320571965,1,9,0,-1,-1,5,1,0,0,0,0,0,0,0,1,1,-1,-1,1,19,4,1328,1,16,SUZUKI SWIFT,1,E01026093,0,1
2024131524086,2024,131524086,2,9,0,-1,19,4,8,-1,9,8,0,0,0,0,1,1,-1,6,1,27,6,1328,1,17,SUZUKI SWIFT,1,E01010625,0,1
2024131404834,2024,131404834,1,9,0,-1,7,7,4,-1,0,8,0,0,0,0,1,1,-1,9,1,18,4,1328,1,13,SUZUKI SWIFT,1,E01011917,0,2
2024010509277,2024,010509277,1,9,0,99,99,9,9,99,99,9,9,99,9,99,9,9,6,6,2,35,6,1490,1,17,SUZUKI SWIFT,2,E01004222,0,1
2024302400538,2024,302400538,1,9,0,18,19,7,3,0,0,2,0,0,0,0,1,1,6,6,1,73,10,1242,1,9,SUZUKI SWIFT,2,E01019576,0,1
2024610024224,2024,610024224,1,9,0,9,9,4,2,0,0,5,0,0,0,0,3,1,6,6,1,82,11,1328,1,17,SUZUKI SWIFT,1,W01001364,0,1
2024440030361,2024,440030361,1,9,0,7,7,8,2,0,0,6,0,0,0,0,3,1,2,2,2,47,8,998,1,4,SUZUKI SWIFT,4,E01017217,0,1
2024440149976,2024,440149976,1,9,0,9,9,6,4,0,0,6,0,0,0,0,3,1,6,6,1,74,10,1242,1,8,SUZUKI SWIFT,6,E01020405,0,1
2024131430614,2024,131430614,2,9,0,-1,19,1,1,-1,0,1,0,0,0,0,1,1,-1,6,2,32,6,1328,1,17,SUZUKI SWIFT,1,E01010832,0,1
202454E647524,2024,54E647524,2,9,0,18,19,8,4,0,0,0,0,0,0,0,2,1,2,2,1,22,5,1328,1,16,SUZUKI SWIFT,6,E01022169,0,4
2024211536236,2024,211536236,1,9,0,-1,19,7,3,-1,0,1,0,0,0,0,1,1,-1,9,2,34,6,1242,1,11,SUZUKI SWIFT,-1,-1,0,-1
2024471484731,2024,471484731,2,9,0,-1,20,4,8,-1,0,2,0,0,0,0,4,1,-1,9,2,44,7,1490,1,17,SUZUKI SWIFT,2,E01031437,0,1
2024211512102,2024,211512102,3,9,0,-1,2,7,7,-1,0,0,0,0,0,0,3,1,-1,6,-1,-1,-1,1242,1,13,SUZUKI SWIFT,-1,-1,0,-1
2024320230354,2024,320230354,2,9,0,-1,-1,8,4,0,0,8,0,0,0,0,1,1,-1,-1,2,47,8,998,1,6,SUZUKI SWIFT,7,E01026208,0,1
2024340NN1082,2024,340NN1082,2,9,0,-1,19,1,6,-1,0,1,0,0,0,0,4,1,-1,6,1,46,8,1242,1,13,SUZUKI SWIFT,7,E01027343,0,1
2024440431396,2024,440431396,3,9,0,4,4,7,3,0,0,1,0,0,0,0,2,1,2,2,1,31,6,993,1,21,SUZUKI SWIFT,10,E01023188,0,1
2024010530562,2024,010530562,3,9,0,5,5,3,7,0,0,4,0,0,0,0,1,1,2,2,2,68,10,1242,1,10,SUZUKI SWIFT,4,E01004150,0,1