collision_index,collision_year,collision_ref_no,vehicle_reference,vehicle_type,towing_and_articulation,vehicle_manoeuvre_historic,vehicle_manoeuvre,vehicle_direction_from,vehicle_direction_to,vehicle_location_restricted_lane_historic,vehicle_location_restricted_lane,junction_location,skidding_and_overturning,hit_object_in_carriageway,vehicle_leaving_carriageway,hit_object_off_carriageway,first_point_of_impact,vehicle_left_hand_drive,journey_purpose_of_driver_historic,journey_purpose_of_driver,sex_of_driver,age_of_driver,age_band_of_driver,engine_capacity_cc,propulsion_code,age_of_vehicle,generic_make_model,driver_imd_decile,lsoa_of_driver,escooter_flag,driver_distance_banding
2024221495036,2024,221495036,1,9,0,-1,19,8,4,-1,0,0,0,4,0,0,1,1,-1,9,2,47,8,1242,1,12,SUZUKI SWIFT,3,E01032194,0,1
2024440353787,2024,440353787,4,9,0,2,2,0,0,0,0,0,0,0,0,0,3,1,6,6,3,-1,-1,1586,1,13,SUZUKI SWIFT,-1,-1,0,-1
2024031426894,2024,031426894,2,9,0,-1,19,6,3,-1,0,1,0,0,0,0,1,1,-1,9,2,28,6,1242,1,11,SUZUKI SWIFT,-1,-1,0,-1
2024010522878,2024,010522878,2,9,0,99,99,9,9,99,99,9,9,99,9,99,9,9,6,6,1,-1,-1,1242,1,10,SUZUKI SWIFT,4,E01003409,0,1
2024421441770,2024,421441770,2,9,0,-1,19,3,7,-1,0,8,1,7,4,0,3,1,-1,9,2,58,9,998,8,6,SUZUKI SWIFT,9,E01021610,0,1
2024041527431,2024,041527431,2,9,0,-1,19,2,6,-1,0,1,0,0,0,0,1,1,-1,9,2,33,6,1328,1,17,SUZUKI SWIFT,4,E01012693,0,1
2024501474232,2024,501474232,1,9,0,-1,9,6,3,-1,0,8,0,0,0,0,1,1,-1,9,1,43,7,1248,2,11,SUZUKI SWIFT,3,E01015032,0,1
2024131461765,2024,131461765,1,9,0,-1,19,7,3,-1,0,0,0,0,4,0,1,1,-1,9,1,54,8,1242,1,10,SUZUKI SWIFT,4,E01011834,0,2
2024141514319,2024,141514319,2,9,0,-1,2,0,0,-1,0,1,0,0,0,0,3,1,-1,6,-1,-1,-1,1242,8,6,SUZUKI SWIFT,-1,-1,0,-1
2024430393855,2024,430393855,1,9,0,1,1,7,3,9,9,6,0,0,0,0,2,1,6,6,2,81,11,1242,1,12,SUZUKI SWIFT,5,E01028554,0,1
2024320484735,2024,320484735,1,9,0,9,9,7,6,0,0,6,0,0,0,0,3,1,-1,-1,1,46,8,1242,1,12,SUZUKI SWIFT,3,E01018090,0,3
2024430422272,2024,430422272,1,9,0,16,19,7,1,0,0,0,0,0,0,0,1,1,6,6,1,45,7,1586,1,12,SUZUKI SWIFT,9,E01017807,0,4
2024522403448,2024,522403448,1,9,0,18,19,7,3,0,0,6,0,0,0,0,1,1,6,6,1,62,9,1242,1,12,SUZUKI SWIFT,2,E01014497,0,3
2024031416266,2024,031416266,1,9,0,-1,4,1,5,-1,0,0,0,0,0,0,2,1,-1,6,2,78,11,1197,8,0,SUZUKI SWIFT,3,E01019099,0,3
2024501460094,2024,501460094,1,9,0,-1,19,1,5,-1,0,0,0,0,0,0,4,1,-1,6,1,76,11,1197,8,1,SUZUKI SWIFT,9,E01020173,0,1
2024052402225,2024,052402225,2,9,0,2,2,0,0,0,0,0,0,0,0,0,2,1,6,6,3,-1,-1,1490,1,16,SUZUKI SWIFT,-1,-1,0,-1
2024201553460,2024,201553460,2,9,0,-1,2,0,0,-1,9,0,0,0,0,0,4,9,-1,6,1,63,9,1242,1,13,SUZUKI SWIFT,1,E01009341,0,1
2024041457302,2024,041457302,1,9,0,-1,14,3,7,-1,0,1,0,4,0,0,1,1,-1,1,2,60,9,998,1,6,SUZUKI SWIFT,7,E01024924,0,1
2024201521097,2024,201521097,2,9,0,-1,19,3,7,-1,0,2,0,0,0,0,3,1,-1,2,2,30,6,1242,1,7,SUZUKI SWIFT,3,E01008957,0,3
2024440528866,2024,440528866,2,9,0,18,19,3,7,0,0,0,0,0,0,0,2,1,6,6,1,-1,-1,1586,1,10,SUZUKI SWIFT,-1,-1,0,-1
2024461407896,2024,461407896,2,9,0,-1,19,5,1,-1,0,8,0,0,0,0,4,9,-1,9,2,54,8,1586,1,15,SUZUKI SWIFT,4,E01035319,0,1
2024161535752,2024,161535752,3,9,0,-1,19,3,7,-1,0,1,0,0,1,0,1,1,-1,1,1,24,5,1242,1,11,SUZUKI SWIFT,3,E01033002,0,4
2024401404843,2024,401404843,1,9,0,-1,3,5,1,-1,0,3,0,0,0,0,0,1,-1,9,1,68,10,1197,8,3,SUZUKI SWIFT,9,E01017558,0,3
2024610034424,2024,610034424,1,9,0,18,19,4,8,9,9,0,1,10,7,5,1,1,6,6,1,29,6,1242,1,5,SUZUKI SWIFT,1,W01001689,0,2
2024141455005,2024,141455005,2,9,0,-1,19,6,3,-1,0,1,0,0,0,0,1,1,-1,9,2,35,6,1242,1,11,SUZUKI SWIFT,5,E01007441,0,1
2024201494649,2024,201494649,1,9,0,-1,19,6,2,-1,0,0,1,0,0,0,1,1,-1,6,1,23,5,1490,1,15,SUZUKI SWIFT,1,E01010410,0,1
2024131446665,2024,131446665,2,9,0,-1,9,7,3,-1,0,1,0,0,0,0,4,1,-1,9,1,59,9,1197,8,2,SUZUKI SWIFT,4,E01007434,0,2
2024141424045,2024,141424045,1,9,0,-1,4,6,2,-1,0,1,0,0,0,0,3,1,-1,9,2,32,6,1490,1,16,SUZUKI SWIFT,5,E01007882,0,1
2024461471118,2024,461471118,2,9,0,-1,15,1,5,-1,0,0,0,0,0,0,2,9,-1,6,2,-1,-1,1242,1,10,SUZUKI SWIFT,7,E01024569,0,2
2024061419675,2024,061419675,2,9,0,-1,-1,-1,-1,-1,-1,-1,-1,-1,-1,0,-1,1,-1,6,2,29,6,1242,1,5,SUZUKI SWIFT,1,E01005024,0,1
2024371397006,2024,371397006,1,9,0,-1,19,4,7,-1,0,0,2,0,7,0,3,1,-1,9,1,18,4,1490,1,16,SUZUKI SWIFT,9,E01018034,0,1
2024440314069,2024,440314069,2,9,0,12,12,3,7,0,0,1,0,0,0,0,2,1,6,6,2,36,7,1242,1,11,SUZUKI SWIFT,8,E01032841,0,2
2024340NN9022,2024,340NN9022,1,9,0,-1,19,8,4,-1,0,1,1,0,1,11,1,1,-1,6,1,19,4,1586,1,7,SUZUKI SWIFT,4,E01032971,0,1
2024231501478,2024,231501478,2,9,0,-1,19,8,4,-1,0,6,0,0,0,0,3,9,-1,6,2,65,9,1242,1,9,SUZUKI SWIFT,3,E01031165,0,2
2024991395060,2024,991395060,1,9,0,-1,19,8,3,-1,0,0,2,0,1,4,1,1,-1,6,2,30,6,1328,1,16,SUZUKI SWIFT,4,-1,0,1
2024131397951,2024,131397951,2,9,0,-1,4,6,2,-1,0,0,0,0,0,0,2,1,-1,9,2,24,5,1242,1,9,SUZUKI SWIFT,4,E01011823,0,1
202417M218724,2024,17M218724,3,9,0,-1,2,0,0,-1,0,0,0,0,0,0,1,1,-1,9,1,-1,-1,1242,1,9,SUZUKI SWIFT,-1,-1,0,-1
2024320401261,2024,320401261,2,9,0,-1,-1,2,6,0,0,1,0,0,0,0,2,1,6,6,1,28,6,1328,1,15,SUZUKI SWIFT,5,E01026298,0,4
2024070783253,2024,070783253,1,9,0,-1,9,5,7,-1,0,5,0,0,0,0,1,1,-1,6,1,49,8,1242,1,14,SUZUKI SWIFT,2,E01012412,0,1
2024631470473,2024,631470473,3,9,0,-1,10,7,6,-1,0,8,0,0,0,0,1,1,-1,2,1,41,7,1197,8,3,SUZUKI SWIFT,4,W01000672,0,4
2024302401173,2024,302401173,1,9,0,18,19,4,8,0,0,8,0,0,0,0,3,1,6,6,1,78,11,1242,1,9,SUZUKI SWIFT,7,E01019583,0,1
2024501508582,2024,501508582,2,9,0,-1,19,1,5,-1,0,0,0,0,0,0,3,1,-1,9,2,65,9,1242,1,10,SUZUKI SWIFT,7,E01020219,0,1
2024010547776,2024,010547776,1,9,0,3,3,5,1,0,0,1,0,0,0,0,3,1,6,6,2,48,8,1328,1,18,SUZUKI SWIFT,6,E01024833,0,4
2024302401716,2024,302401716,1,9,0,-1,19,2,6,-1,0,8,0,0,0,0,4,1,-1,9,2,53,8,1197,8,0,SUZUKI SWIFT,5,E01027998,0,1
2024471422978,2024,471422978,1,9,0,-1,3,-1,-1,-1,99,1,0,0,0,0,2,2,-1,2,1,20,4,1242,1,9,SUZUKI SWIFT,9,E01020944,0,1
2024161508205,2024,161508205,1,9,0,-1,7,7,1,-1,0,8,0,0,0,0,1,1,-1,9,2,54,8,1242,1,11,SUZUKI SWIFT,8,E01012959,0,1
2024201408034,2024,201408034,2,9,0,-1,19,3,7,-1,0,1,0,0,0,0,1,9,-1,9,1,43,7,1328,1,13,SUZUKI SWIFT,4,E01010100,0,1
2024141518522,2024,141518522,1,9,0,-1,3,1,5,-1,0,4,0,0,0,0,2,1,-1,2,2,63,9,998,1,6,SUZUKI SWIFT,3,E01007545,0,2
2024061474512,2024,061474512,1,9,0,-1,19,3,7,-1,0,2,0,0,3,0,4,1,-1,6,2,19,4,1242,1,12,SUZUKI SWIFT,4,E01005084,0,1
2024061480312,2024,061480312,1,9,0,-1,5,6,2,-1,0,1,0,0,0,0,3,2,-1,9,2,37,7,1242,8,4,SUZUKI SWIFT,4,E01005728,0,2
2024010499346,2024,010499346,2,9,0,99,99,9,9,99,99,9,0,12,9,99,1,9,6,6,3,-1,-1,1242,1,11,SUZUKI SWIFT,-1,-1,0,-1
2024471428066,2024,471428066,2,9,0,-1,11,3,1,-1,0,3,0,0,0,0,4,1,-1,6,1,35,6,998,1,6,SUZUKI SWIFT,9,E01021208,0,1
2024522401875,2024,522401875,1,9,0,9,9,2,8,0,0,5,0,0,0,0,4,1,6,6,1,32,6,1242,1,9,SUZUKI SWIFT,2,E01014497,0,1
2024302400402,2024,302400402,2,9,0,18,19,6,2,0,0,0,0,0,0,0,3,1,6,6,2,48,8,998,1,5,SUZUKI SWIFT,7,E01028378,0,2
2024411457612,2024,411457612,3,9,0,-1,13,5,1,-1,0,0,0,0,0,0,1,1,-1,6,2,27,6,1197,8,3,SUZUKI SWIFT,2,E01023294,0,2
2024332401168,2024,332401168,1,9,0,-1,19,5,1,-1,0,8,0,0,0,0,1,1,-1,6,1,24,5,1328,1,15,SUZUKI SWIFT,5,E01013756,0,1
2024061456228,2024,061456228,2,9,0,-1,19,3,7,-1,0,2,0,0,0,0,4,1,-1,9,2,25,5,1586,1,10,SUZUKI SWIFT,1,E01004863,0,1
2024141498231,2024,141498231,2,9,0,-1,19,3,7,-1,0,0,0,0,0,0,1,1,-1,6,3,-1,-1,1242,1,8,SUZUKI SWIFT,-1,-1,0,-1
202417M105524,2024,17M105524,1,9,0,-1,3,2,6,-1,0,1,0,0,0,0,2,1,-1,9,2,26,6,1586,1,9,SUZUKI SWIFT,-1,-1,0,-1
2024111490637,2024,111490637,2,9,0,-1,7,1,5,-1,0,0,0,0,0,0,4,1,-1,6,2,54,8,1197,8,3,SUZUKI SWIFT,7,E01012351,0,1
2024031427127,2024,031427127,1,9,0,-1,19,6,2,-1,0,0,0,0,0,0,3,1,-1,6,1,81,11,1242,1,13,SUZUKI SWIFT,3,E01019210,0,1
2024440161057,2024,440161057,1,9,0,9,9,1,7,0,0,8,0,0,0,0,3,1,1,1,2,18,4,1490,1,18,SUZUKI SWIFT,8,E01017302,0,1
2024131520377,2024,131520377,1,9,0,-1,19,7,3,-1,0,0,0,0,0,0,3,1,-1,2,2,61,9,1373,8,2,SUZUKI SWIFT,6,E01010644,0,1
2024221521570,2024,221521570,2,9,0,-1,4,4,1,-1,0,0,0,0,0,0,2,1,-1,6,2,49,8,1242,1,5,SUZUKI SWIFT,5,E01032384,0,4
2024041499684,2024,041499684,2,9,0,-1,9,1,6,-1,0,2,0,0,0,0,1,1,-1,9,2,33,6,1197,8,0,SUZUKI SWIFT,1,E01012738,0,1
2024010513312,2024,010513312,1,9,0,3,3,9,9,99,99,9,9,99,9,99,2,9,1,1,2,28,6,1373,8,3,SUZUKI SWIFT,7,E01002925,0,3
2024010532346,2024,010532346,1,9,0,17,19,1,5,0,0,0,5,0,0,0,1,1,6,6,1,25,5,1242,1,9,SUZUKI SWIFT,2,E01033148,0,1
2024311433303,2024,311433303,1,9,0,-1,19,1,5,-1,0,1,1,7,0,0,1,1,-1,2,1,37,7,1328,1,14,SUZUKI SWIFT,4,E01027935,0,3
2024302400726,2024,302400726,1,9,0,18,19,4,8,0,0,8,0,9,0,0,1,1,6,6,1,19,4,1242,1,8,SUZUKI SWIFT,4,E01014271,0,4
2024610054824,2024,610054824,1,9,0,17,19,7,4,0,0,0,0,4,0,0,1,1,6,6,2,60,9,1242,8,4,SUZUKI SWIFT,2,W01001538,0,1
2024111456643,2024,111456643,2,9,0,-1,7,7,5,-1,0,2,0,0,0,0,4,1,-1,6,1,41,7,1242,1,12,SUZUKI SWIFT,1,E01012314,0,1
2024361444146,2024,361444146,2,9,0,-1,4,-1,-1,-1,0,1,0,0,0,0,2,1,-1,1,2,33,6,1242,1,10,SUZUKI SWIFT,5,E01026761,0,3
2024520402473,2024,520402473,1,9,0,17,19,7,3,0,0,0,5,0,2,4,4,1,6,6,1,47,8,1490,1,17,SUZUKI SWIFT,4,E01019932,0,3
2024201458356,2024,201458356,1,9,0,-1,19,5,1,-1,0,4,0,0,0,0,1,1,-1,6,2,-1,-1,1328,1,15,SUZUKI SWIFT,-1,-1,0,-1
2024131419014,2024,131419014,3,9,0,-1,11,4,8,-1,0,8,0,0,0,0,2,1,-1,9,2,26,6,998,8,6,SUZUKI SWIFT,8,E01025178,0,3
2024320040380,2024,320040380,1,9,0,4,4,8,4,0,0,1,0,0,0,0,1,1,-1,-1,2,68,10,998,1,7,SUZUKI SWIFT,10,E01025780,0,4
2024340WN5402,2024,340WN5402,1,9,0,-1,19,5,7,-1,0,7,0,0,0,0,1,1,-1,2,1,62,9,1586,1,10,SUZUKI SWIFT,3,E01027191,0,1
2024010504582,2024,010504582,1,9,0,4,4,5,1,0,0,1,0,0,0,0,2,1,2,2,1,29,6,1328,1,16,SUZUKI SWIFT,6,E01029285,0,5
2024991529484,2024,991529484,4,9,0,-1,2,0,0,-1,0,2,0,0,0,0,2,1,-1,6,-1,-1,-1,1242,1,13,SUZUKI SWIFT,-1,-1,0,-1
2024991462282,2024,991462282,3,9,0,-1,3,8,4,-1,0,4,0,0,0,0,1,1,-1,6,1,39,7,1490,1,15,SUZUKI SWIFT,1,-1,0,1
2024161471117,2024,161471117,2,9,0,-1,19,3,7,-1,0,8,0,0,0,0,1,9,-1,6,1,-1,-1,1586,1,10,SUZUKI SWIFT,-1,-1,0,-1
2024131452190,2024,131452190,3,9,0,-1,19,7,3,-1,0,0,0,0,0,0,2,1,-1,2,1,36,7,1242,1,8,SUZUKI SWIFT,3,E01011871,0,3
2024440256691,2024,440256691,3,9,0,4,4,3,7,0,0,0,0,0,0,0,1,1,6,6,1,19,4,1242,1,11,SUZUKI SWIFT,3,E01022916,0,3
2024101398406,2024,101398406,1,9,0,-1,5,1,5,-1,0,6,0,0,0,0,3,1,-1,6,2,22,5,1490,1,15,SUZUKI SWIFT,9,E01008493,0,1
2024010530469,2024,010530469,2,9,0,2,2,0,0,0,0,0,1,4,0,0,2,1,6,6,3,-1,-1,1242,1,12,SUZUKI SWIFT,-1,-1,0,-1
2024041513375,2024,041513375,3,9,0,-1,19,1,5,-1,0,0,0,0,1,0,1,1,-1,6,2,45,7,1242,1,12,SUZUKI SWIFT,6,E01019335,0,4
2024131401187,2024,131401187,1,9,0,-1,19,5,1,-1,0,0,0,0,1,10,1,1,-1,9,1,80,11,1242,1,5,SUZUKI SWIFT,8,E01011185,0,1
2024010535515,2024,010535515,2,9,0,99,99,9,9,99,99,9,9,99,9,99,1,9,6,6,3,50,8,1242,1,11,SUZUKI SWIFT,8,E01001906,0,1
2024411417735,2024,411417735,1,9,0,-1,-1,1,5,-1,-1,0,1,0,0,0,3,9,-1,-1,1,28,6,1490,1,18,SUZUKI SWIFT,7,E01023704,0,2
2024610037024,2024,610037024,2,9,0,4,4,1,5,0,0,8,0,0,0,0,1,1,6,6,2,-1,-1,1242,1,11,SUZUKI SWIFT,6,W01001908,0,3
2024041446764,2024,041446764,2,9,0,-1,4,1,5,-1,0,4,0,0,0,0,2,1,-1,2,2,39,7,1242,1,10,SUZUKI SWIFT,4,E01005025,0,4
2024471507151,2024,471507151,2,9,0,-1,4,8,4,-1,0,1,0,0,0,0,2,1,-1,1,2,51,8,1490,1,18,SUZUKI SWIFT,4,E01031522,0,3
2024161426338,2024,161426338,1,9,0,-1,19,8,4,-1,0,0,0,0,1,0,1,1,-1,9,1,48,8,998,1,5,SUZUKI SWIFT,8,E01012959,0,2
2024161403361,2024,161403361,1,9,0,-1,4,7,3,-1,0,0,0,0,0,0,1,1,-1,6,1,19,4,1490,1,15,SUZUKI SWIFT,10,E01013171,0,1
2024471476236,2024,471476236,2,9,0,-1,4,8,4,-1,0,0,0,0,1,0,2,1,-1,1,1,33,6,1242,1,12,SUZUKI SWIFT,1,E01020912,0,1
2024131498304,2024,131498304,1,9,0,-1,3,6,2,-1,0,8,0,0,0,0,4,1,-1,6,2,40,7,1328,1,16,SUZUKI SWIFT,1,E01010839,0,1
2024520402716,2024,520402716,2,9,0,4,4,7,3,0,0,1,0,0,0,0,2,1,6,6,1,25,5,1242,1,10,SUZUKI SWIFT,10,E01014775,0,4
2024531502554,2024,531502554,1,9,0,-1,19,3,7,-1,0,0,0,0,0,0,3,1,-1,6,2,59,9,1373,1,6,SUZUKI SWIFT,9,E01031935,0,4
2024131488045,2024,131488045,1,9,0,-1,19,1,5,-1,0,1,0,0,0,0,1,1,-1,9,1,23,5,1242,1,9,SUZUKI SWIFT,9,E01011117,0,1
2024131509624,2024,131509624,3,9,0,-1,19,1,5,-1,0,0,0,0,0,0,2,1,-1,1,2,59,9,998,1,6,SUZUKI SWIFT,7,E01027696,0,4
2024361509958,2024,361509958,1,9,0,-1,7,5,1,-1,0,2,0,0,0,0,1,1,-1,6,2,27,6,1197,8,1,SUZUKI SWIFT,4,E01026668,0,1
2024520002647,2024,520002647,2,9,0,18,19,4,8,0,0,0,0,0,0,0,1,1,6,6,1,23,5,1242,1,8,SUZUKI SWIFT,1,E01007873,0,5
2024440306879,2024,440306879,1,9,0,17,19,2,8,0,0,2,0,0,1,0,4,1,6,6,2,82,11,993,1,21,SUZUKI SWIFT,2,E01017366,0,1
2024522402573,2024,522402573,1,9,0,18,19,4,8,0,0,8,0,0,0,0,1,1,6,6,1,29,6,1242,1,9,SUZUKI SWIFT,2,E01014499,0,1
2024631473584,2024,631473584,1,9,0,-1,11,7,3,-1,0,0,1,4,0,0,1,1,-1,6,1,22,5,1242,1,10,SUZUKI SWIFT,4,W01000718,0,1
2024031481885,2024,031481885,1,9,0,-1,19,8,4,-1,0,0,0,0,0,0,1,1,-1,9,2,32,6,998,1,6,SUZUKI SWIFT,-1,-1,0,-1
2024131479624,2024,131479624,2,9,0,-1,4,1,3,-1,0,8,0,0,0,0,2,1,-1,2,2,46,8,998,1,6,SUZUKI SWIFT,6,E01033033,0,1
2024332400253,2024,332400253,1,9,0,-1,19,6,2,-1,0,0,0,0,1,2,2,1,-1,7,1,23,5,1197,8,2,SUZUKI SWIFT,7,E01025830,0,1
2024320311255,2024,320311255,1,9,0,-1,-1,2,8,0,0,8,2,0,1,0,1,1,-1,-1,1,25,5,1328,1,16,SUZUKI SWIFT,3,E01026415,0,2
2024622400728,2024,622400728,2,9,0,18,19,2,6,0,0,1,0,0,0,0,0,1,3,7,2,39,7,1242,1,8,SUZUKI SWIFT,3,W01001868,0,1
2024440235107,2024,440235107,1,9,0,18,19,7,3,0,0,3,0,0,0,0,4,1,2,2,2,27,6,1490,1,17,SUZUKI SWIFT,4,E01023121,0,4
2024311426318,2024,311426318,4,9,0,-1,2,0,0,-1,0,0,0,0,0,0,4,1,-1,6,-1,-1,-1,1242,1,10,SUZUKI SWIFT,-1,-1,0,-1
2024332400538,2024,332400538,1,9,0,-1,19,5,1,-1,2,8,0,0,0,0,3,1,-1,2,2,33,6,1242,1,13,SUZUKI SWIFT,3,E01013690,0,1
2024010512060,2024,010512060,2,9,0,1,1,3,7,0,0,5,0,0,0,0,2,1,6,6,1,57,9,1328,1,17,SUZUKI SWIFT,3,E01001466,0,1
2024131535739,2024,131535739,2,9,0,-1,19,1,5,-1,0,0,0,0,0,0,1,1,-1,6,1,23,5,1242,1,7,SUZUKI SWIFT,8,E01034270,0,1
2024610043324,2024,610043324,1,9,0,18,19,1,5,0,0,0,1,0,1,10,4,1,6,6,2,19,4,1490,1,16,SUZUKI SWIFT,1,W01001530,0,1
2024221521822,2024,221521822,1,9,0,-1,19,2,6,-1,0,0,1,0,1,1,1,1,-1,9,1,47,8,1490,1,17,SUZUKI SWIFT,3,E01032267,0,1
2024141416456,2024,141416456,2,9,0,-1,12,5,1,-1,0,0,0,0,0,0,1,1,-1,9,1,29,6,1490,1,17,SUZUKI SWIFT,1,E01007869,0,2
2024501436149,2024,501436149,2,9,0,-1,19,1,5,-1,0,1,0,0,0,0,4,1,-1,9,2,38,7,1197,8,1,SUZUKI SWIFT,5,E01033289,0,4
2024221441968,2024,221441968,2,9,0,-1,19,1,5,-1,0,0,0,0,0,0,3,1,-1,9,2,51,8,998,8,6,SUZUKI SWIFT,8,E01013242,0,5
2024010541888,2024,010541888,1,9,0,18,19,5,1,0,0,1,1,0,1,4,1,1,6,6,1,18,4,1328,1,19,SUZUKI SWIFT,-1,-1,0,-1
2024440033326,2024,440033326,2,9,0,18,19,4,8,0,0,0,2,0,1,7,3,1,6,6,1,76,11,1242,1,10,SUZUKI SWIFT,7,E01023198,0,2
2024131505664,2024,131505664,1,9,0,-1,5,1,5,-1,0,8,0,0,0,0,1,1,-1,6,1,50,8,1242,1,13,SUZUKI SWIFT,1,E01011094,0,1
2024010506819,2024,010506819,1,9,0,7,7,3,5,0,0,1,0,0,2,10,4,1,6,6,2,48,8,1490,1,15,SUZUKI SWIFT,4,E01003348,0,3
2024522402055,2024,522402055,1,9,0,18,19,7,3,0,0,8,0,0,0,0,1,1,6,6,2,56,9,1242,1,9,SUZUKI SWIFT,9,E01014943,0,1
2024010505617,2024,010505617,1,9,9,99,99,9,9,0,0,9,0,0,0,0,9,9,6,6,3,-1,-1,1242,1,5,SUZUKI SWIFT,-1,-1,0,-1
2024311525740,2024,311525740,1,9,0,-1,19,6,2,-1,0,0,0,0,0,0,1,1,-1,9,1,28,6,1242,1,9,SUZUKI SWIFT,7,E01032522,0,1
2024371504958,2024,371504958,1,9,0,-1,9,3,1,-1,0,8,0,0,0,0,3,1,-1,6,1,39,7,1490,1,15,SUZUKI SWIFT,4,E01030257,0,1
2024542023324,2024,542023324,1,9,0,18,19,5,1,0,0,0,0,0,0,0,1,1,6,6,3,-1,-1,998,1,6,SUZUKI SWIFT,-1,-1,0,-1
2024131403502,2024,131403502,3,9,0,-1,19,3,7,-1,0,1,0,0,0,0,1,1,-1,9,1,54,8,1197,8,3,SUZUKI SWIFT,9,E01032876,0,2
2024371408557,2024,371408557,2,9,0,-1,19,1,5,-1,0,1,0,0,0,0,1,1,-1,6,2,40,7,1328,1,17,SUZUKI SWIFT,-1,-1,0,-1
2024411492015,2024,411492015,1,9,0,-1,-1,-1,-1,-1,-1,0,-1,-1,-1,0,4,9,-1,2,2,60,9,998,1,6,SUZUKI SWIFT,6,E01023874,0,1
2024131412635,2024,131412635,2,9,0,-1,19,5,1,-1,0,1,0,0,0,0,3,1,-1,6,2,55,8,1242,1,11,SUZUKI SWIFT,3,E01010950,0,1
2024552401098,2024,552401098,1,9,0,18,19,8,4,0,0,0,0,0,0,0,1,1,6,6,1,19,4,1490,1,15,SUZUKI SWIFT,2,E01020347,0,1
2024320459319,2024,320459319,2,9,0,-1,-1,8,4,0,0,8,0,0,0,0,4,1,6,6,1,77,11,1328,1,14,SUZUKI SWIFT,7,E01026281,0,1
2024010517589,2024,010517589,1,9,0,9,9,7,5,0,0,2,0,0,0,0,3,1,2,2,2,21,5,1490,1,18,SUZUKI SWIFT,2,E01003511,0,1
2024471523906,2024,471523906,1,9,0,-1,9,6,4,-1,0,6,0,0,0,0,3,1,-1,2,2,53,8,1328,1,14,SUZUKI SWIFT,9,E01031733,0,1
2024010516781,2024,010516781,2,9,0,2,2,0,0,0,0,1,0,0,0,0,1,1,6,6,3,-1,-1,1242,1,5,SUZUKI SWIFT,-1,-1,0,-1
2024101439962,2024,101439962,1,9,0,-1,19,6,2,-1,0,0,0,0,0,0,1,1,-1,6,2,41,7,1242,1,10,SUZUKI SWIFT,4,E01027382,0,3
2024161425653,2024,161425653,1,9,0,-1,4,1,7,-1,0,0,0,0,0,0,2,9,-1,6,2,-1,-1,1490,1,17,SUZUKI SWIFT,-1,-1,0,-1
2024440453889,2024,440453889,1,9,0,18,19,4,8,0,0,6,0,0,0,0,1,1,6,6,2,76,11,1242,1,12,SUZUKI SWIFT,4,E01022936,0,4
2024440017186,2024,440017186,2,9,0,18,19,5,1,0,0,1,0,0,0,0,1,1,6,6,3,-1,-1,1490,1,17,SUZUKI SWIFT,-1,-1,0,-1
2024101458943,2024,101458943,1,9,0,-1,19,3,7,-1,0,8,5,7,0,0,3,1,-1,9,1,30,6,1242,1,11,SUZUKI SWIFT,-1,-1,0,-1
2024531529847,2024,531529847,3,9,0,-1,14,1,5,-1,0,1,0,0,0,0,1,1,-1,9,1,31,6,1490,1,17,SUZUKI SWIFT,5,E01022218,0,1
2024101447874,2024,101447874,1,9,0,-1,19,7,3,-1,0,0,0,0,0,0,4,1,-1,9,2,44,7,1328,1,18,SUZUKI SWIFT,3,E01034512,0,1
2024111438665,2024,111438665,2,9,0,-1,9,1,7,-1,0,1,0,0,0,0,3,1,-1,9,2,30,6,1373,1,5,SUZUKI SWIFT,2,E01012362,0,1
2024471485494,2024,471485494,1,9,0,-1,9,4,2,-1,0,6,0,0,0,0,3,1,-1,9,1,93,11,998,8,6,SUZUKI SWIFT,10,E01021157,0,1
2024440216913,2024,440216913,1,9,0,18,19,6,2,0,0,1,0,0,0,0,3,1,6,6,1,58,9,1242,1,11,SUZUKI SWIFT,4,E01017087,0,1
2024401460477,2024,401460477,1,9,0,-1,19,3,7,-1,0,0,0,7,1,0,1,1,-1,9,1,52,8,1490,1,16,SUZUKI SWIFT,2,E01015733,0,1
2024221481734,2024,221481734,1,9,0,-1,6,6,6,-1,0,0,1,0,0,0,3,1,-1,6,2,58,9,1242,1,9,SUZUKI SWIFT,10,E01028949,0,3
2024131525788,2024,131525788,1,9,0,-1,9,4,6,-1,0,8,0,0,0,0,1,1,-1,6,1,20,4,1490,1,16,SUZUKI SWIFT,1,E01010625,0,1
2024361515191,2024,361515191,1,9,0,-1,19,4,8,-1,0,8,0,0,0,0,1,1,-1,6,2,64,9,1490,1,18,SUZUKI SWIFT,6,E01026452,0,1
2024461469812,2024,461469812,2,9,0,-1,8,8,4,-1,0,1,0,0,0,0,2,1,-1,7,1,18,4,1373,8,2,SUZUKI SWIFT,1,E01024666,0,3
2024010546573,2024,010546573,1,9,0,7,7,3,5,0,0,8,0,7,0,0,1,1,6,6,2,37,7,1197,8,3,SUZUKI SWIFT,3,E01002672,0,1
2024201482096,2024,201482096,2,9,0,-1,19,7,3,-1,0,0,0,0,0,0,4,9,-1,1,1,60,9,1328,1,14,SUZUKI SWIFT,3,E01009922,0,1
2024010510657,2024,010510657,2,9,0,18,19,4,8,0,0,1,0,0,0,0,2,1,2,2,2,46,8,1242,1,11,SUZUKI SWIFT,-1,-1,0,-1
2024041514286,2024,041514286,2,9,0,-1,9,1,7,-1,0,8,0,0,0,0,1,1,-1,6,2,45,7,998,8,6,SUZUKI SWIFT,2,E01012647,0,1
2024361470778,2024,361470778,1,9,0,-1,6,5,3,-1,0,0,0,7,1,10,2,1,-1,9,1,84,11,1242,1,10,SUZUKI SWIFT,4,E01026741,0,2