collision_index,collision_year,collision_ref_no,vehicle_reference,vehicle_type,towing_and_articulation,vehicle_manoeuvre_historic,vehicle_manoeuvre,vehicle_direction_from,vehicle_direction_to,vehicle_location_restricted_lane_historic,vehicle_location_restricted_lane,junction_location,skidding_and_overturning,hit_object_in_carriageway,vehicle_leaving_carriageway,hit_object_off_carriageway,first_point_of_impact,vehicle_left_hand_drive,journey_purpose_of_driver_historic,journey_purpose_of_driver,sex_of_driver,age_of_driver,age_band_of_driver,engine_capacity_cc,propulsion_code,age_of_vehicle,generic_make_model,driver_imd_decile,lsoa_of_driver,escooter_flag,driver_distance_banding
2024430389028,2024,430389028,1,9,0,18,19,8,5,0,0,0,0,0,0,0,1,1,2,2,2,28,6,1328,1,16,SUZUKI SWIFT,8,E01017688,0,2
2024052400272,2024,052400272,1,9,0,18,19,1,6,0,0,8,0,0,0,0,3,1,6,6,2,72,10,1197,8,3,SUZUKI SWIFT,1,E01006480,0,1
2024542867924,2024,542867924,2,9,0,18,19,4,8,0,0,0,0,0,0,0,1,1,6,6,1,28,6,1328,1,14,SUZUKI SWIFT,5,E01034554,0,4
2024622400508,2024,622400508,2,9,0,18,19,3,7,0,0,8,0,0,0,0,1,1,6,6,2,34,6,1242,1,12,SUZUKI SWIFT,3,W01002021,0,2
2024031529746,2024,031529746,2,9,0,-1,19,8,4,-1,0,1,0,0,0,0,2,1,-1,9,2,87,11,998,1,6,SUZUKI SWIFT,4,E01019229,0,3
2024522402941,2024,522402941,1,9,0,18,19,3,7,0,0,0,0,0,0,0,2,1,6,6,2,53,8,1328,1,14,SUZUKI SWIFT,8,E01014773,0,1
2024101488302,2024,101488302,1,9,0,-1,19,7,3,-1,0,6,0,0,0,0,4,1,-1,9,1,48,8,1328,1,16,SUZUKI SWIFT,-1,-1,0,-1
2024421433497,2024,421433497,1,9,0,-1,19,3,7,-1,0,0,0,0,0,0,3,1,-1,9,2,81,11,1490,1,17,SUZUKI SWIFT,3,E01021326,0,1
2024421476575,2024,421476575,1,9,0,-1,9,1,7,-1,0,8,0,0,0,0,1,1,-1,9,2,77,11,1197,8,3,SUZUKI SWIFT,5,E01021644,0,1
2024131466543,2024,131466543,1,9,0,-1,19,2,6,-1,0,1,0,0,0,0,1,1,-1,9,1,34,6,1242,1,10,SUZUKI SWIFT,2,E01011020,0,1
2024141533335,2024,141533335,2,9,0,-1,3,6,4,-1,0,1,0,0,0,0,3,1,-1,6,1,50,8,1586,1,9,SUZUKI SWIFT,1,E01007873,0,2
2024010550357,2024,010550357,2,9,0,99,99,9,9,99,99,9,9,99,9,99,9,9,6,6,3,-1,-1,1242,1,11,SUZUKI SWIFT,-1,-1,0,-1
2024101520653,2024,101520653,2,9,0,-1,19,6,3,-1,0,1,0,0,0,0,1,1,-1,9,2,18,4,1328,1,14,SUZUKI SWIFT,-1,-1,0,-1
2024361531742,2024,361531742,1,9,0,-1,19,7,3,-1,0,0,0,0,7,0,1,1,-1,6,1,91,11,1242,1,13,SUZUKI SWIFT,6,E01026678,0,2
2024231471591,2024,231471591,1,9,0,-1,19,8,3,-1,0,8,0,0,0,0,1,1,-1,9,2,22,5,1242,8,4,SUZUKI SWIFT,7,E01031055,0,1
2024411578127,2024,411578127,7,9,0,-1,19,7,3,-1,0,0,0,0,4,0,1,1,-1,6,1,42,7,998,8,6,SUZUKI SWIFT,10,-1,0,5
2024552401054,2024,552401054,2,9,0,4,4,7,3,0,0,8,0,0,0,0,1,1,6,6,1,17,4,1328,1,19,SUZUKI SWIFT,2,E01020553,0,2
2024351411933,2024,351411933,2,9,0,-1,9,7,1,-1,0,4,0,0,0,0,4,9,-1,2,1,43,7,1586,1,9,SUZUKI SWIFT,8,E01035397,0,4
2024622400601,2024,622400601,1,9,0,17,19,7,3,0,0,0,2,10,1,4,1,1,6,6,1,20,4,1328,1,15,SUZUKI SWIFT,7,W01000779,0,1
2024221522556,2024,221522556,3,9,0,-1,4,6,2,-1,0,1,0,0,0,0,2,1,-1,6,2,55,8,1373,1,6,SUZUKI SWIFT,5,E01029016,0,4
2024361429550,2024,361429550,2,9,0,-1,19,5,1,-1,0,0,0,0,0,0,1,9,-1,1,1,32,6,1490,1,16,SUZUKI SWIFT,2,E01026662,0,2
2024141471727,2024,141471727,1,9,0,-1,19,8,5,-1,0,4,0,0,0,0,1,1,-1,9,2,17,4,1242,1,10,SUZUKI SWIFT,5,E01007558,0,2
2024201448001,2024,201448001,1,9,0,-1,1,2,6,-1,9,6,0,0,0,0,2,1,-1,6,3,37,7,1242,1,9,SUZUKI SWIFT,-1,-1,0,-1
2024221522165,2024,221522165,1,9,0,-1,19,5,1,-1,0,8,0,10,1,1,1,1,-1,6,2,29,6,1242,1,13,SUZUKI SWIFT,6,E01014078,0,1
2024010511986,2024,010511986,2,9,0,7,7,5,6,0,0,8,0,0,0,0,1,1,6,6,2,42,7,1242,1,12,SUZUKI SWIFT,3,E01004719,0,1
2024320533678,2024,320533678,1,9,0,-1,-1,8,4,0,0,2,0,0,0,0,1,1,-1,-1,2,20,4,1490,1,17,SUZUKI SWIFT,8,E01026200,0,4
2024010535269,2024,010535269,1,9,0,2,2,0,0,0,0,1,0,0,0,0,3,1,6,6,3,-1,-1,1242,1,10,SUZUKI SWIFT,-1,-1,0,-1
2024061532090,2024,061532090,1,9,0,-1,-1,-1,-1,-1,-1,0,-1,-1,-1,0,-1,9,-1,6,3,40,7,998,8,5,SUZUKI SWIFT,3,E01010981,0,4
2024440159668,2024,440159668,1,9,0,18,19,4,8,0,0,0,0,0,0,0,1,1,6,6,1,29,6,1373,1,6,SUZUKI SWIFT,4,E01023260,0,1
2024010544760,2024,010544760,1,9,0,99,99,9,9,99,99,9,9,99,9,99,1,9,6,6,3,73,10,1242,1,9,SUZUKI SWIFT,3,E01001795,0,1
2024411470755,2024,411470755,2,9,0,-1,4,5,1,-1,0,0,0,0,0,0,2,1,-1,9,1,51,8,1490,1,18,SUZUKI SWIFT,8,E01021791,0,4
2024201494377,2024,201494377,1,9,0,-1,19,5,1,-1,0,0,0,0,0,0,1,1,-1,6,1,18,4,1328,1,15,SUZUKI SWIFT,2,E01009742,0,1
2024531409694,2024,531409694,1,9,0,-1,19,6,2,-1,0,8,0,0,0,0,1,1,-1,7,2,44,7,1242,1,10,SUZUKI SWIFT,10,E01034779,0,1
2024061404144,2024,061404144,1,9,-1,-1,-1,-1,-1,-1,-1,-1,-1,-1,-1,0,-1,9,-1,6,1,58,9,1242,1,13,SUZUKI SWIFT,2,E01005207,0,1
2024430438542,2024,430438542,1,9,0,18,19,2,6,0,0,0,0,0,0,0,1,1,6,6,1,42,7,1242,1,10,SUZUKI SWIFT,4,E01016727,0,1
2024471499736,2024,471499736,1,9,0,-1,19,3,7,-1,0,0,5,0,0,0,1,1,-1,9,1,19,4,1328,1,17,SUZUKI SWIFT,1,E01022903,0,3
2024131487379,2024,131487379,1,9,0,-1,19,1,5,-1,0,8,5,0,7,10,0,1,-1,6,1,20,4,1242,1,8,SUZUKI SWIFT,9,E01011306,0,1
2024471437219,2024,471437219,3,9,0,-1,2,0,0,-1,0,1,0,4,1,0,2,1,-1,6,-1,-1,-1,1242,1,8,SUZUKI SWIFT,-1,-1,0,-1
2024461405723,2024,461405723,1,9,0,-1,9,5,1,-1,0,5,0,0,7,0,4,1,-1,6,2,18,4,1242,1,13,SUZUKI SWIFT,2,E01023975,0,2
2024401428231,2024,401428231,1,9,0,-1,5,3,7,-1,0,5,0,0,0,0,1,1,-1,2,2,60,9,1490,1,15,SUZUKI SWIFT,2,E01015772,0,1
2024622400443,2024,622400443,1,9,0,18,19,1,5,0,0,8,0,10,1,0,1,1,6,6,1,22,5,1586,1,8,SUZUKI SWIFT,4,W01001001,0,1
2024221535686,2024,221535686,1,9,0,-1,4,7,2,-1,0,2,1,12,0,0,1,1,-1,2,1,42,7,1242,1,11,SUZUKI SWIFT,8,W01000494,0,3
2024122400097,2024,122400097,1,9,0,5,5,2,6,0,0,6,0,0,0,0,3,1,2,2,2,66,10,998,1,7,SUZUKI SWIFT,8,E01027694,0,1
2024231528646,2024,231528646,1,9,0,-1,19,8,5,-1,0,0,0,0,0,0,1,9,-1,1,1,27,6,998,8,5,SUZUKI SWIFT,2,E01009679,0,3
2024201472650,2024,201472650,1,9,0,-1,9,2,7,-1,0,5,0,0,0,0,3,1,-1,9,2,33,6,998,8,6,SUZUKI SWIFT,2,E01009516,0,2
2024552400315,2024,552400315,2,9,0,18,19,5,1,0,0,8,0,0,0,0,0,1,6,6,2,66,10,1197,8,2,SUZUKI SWIFT,6,E01020561,0,2
2024031415083,2024,031415083,2,9,0,-1,19,6,2,-1,0,8,0,0,0,0,1,1,-1,9,1,23,5,1586,1,15,SUZUKI SWIFT,2,E01019277,0,1
2024631508046,2024,631508046,1,9,0,-1,7,3,5,-1,0,5,0,0,0,0,4,1,-1,6,2,34,6,1242,1,14,SUZUKI SWIFT,7,W01000447,0,1
2024010501092,2024,010501092,2,9,9,99,99,9,9,99,99,9,9,99,9,99,9,9,6,6,3,-1,-1,1490,1,15,SUZUKI SWIFT,-1,-1,0,-1
2024440170118,2024,440170118,1,9,0,3,3,2,6,0,0,0,0,0,0,0,2,1,1,1,2,24,5,1242,1,11,SUZUKI SWIFT,7,E01023150,0,1
2024631477011,2024,631477011,1,9,0,-1,19,3,7,-1,0,0,0,0,7,9,1,1,-1,9,1,17,4,1242,1,13,SUZUKI SWIFT,5,W01000702,0,1
2024991490210,2024,991490210,2,9,0,-1,19,7,3,-1,0,8,0,0,0,0,1,1,-1,6,2,48,8,1242,1,10,SUZUKI SWIFT,6,-1,0,1
2024061419995,2024,061419995,3,9,0,-1,2,0,0,-1,0,1,0,0,0,0,1,1,-1,6,1,-1,-1,1242,1,9,SUZUKI SWIFT,-1,-1,0,-1
2024131419033,2024,131419033,2,9,0,-1,19,5,1,-1,0,4,0,10,2,4,1,1,-1,9,1,19,4,1328,1,16,SUZUKI SWIFT,4,E01032489,0,2
2024471432016,2024,471432016,2,9,0,-1,19,1,5,-1,0,1,0,0,0,0,1,1,-1,2,1,19,4,1242,1,13,SUZUKI SWIFT,5,E01031394,0,4
2024461415593,2024,461415593,1,9,0,-1,5,7,3,-1,0,0,0,0,0,0,3,9,-1,6,1,65,9,1242,1,13,SUZUKI SWIFT,2,E01024648,0,1
2024010499025,2024,010499025,1,9,0,9,9,3,1,0,0,1,0,0,0,0,4,1,6,6,1,-1,-1,1328,1,17,SUZUKI SWIFT,-1,-1,0,-1
2024531405017,2024,531405017,2,9,0,-1,19,5,1,-1,0,8,0,0,0,0,1,1,-1,9,2,21,5,1328,1,18,SUZUKI SWIFT,10,E01022146,0,1
2024211490113,2024,211490113,2,9,0,-1,9,5,3,-1,0,5,0,0,0,0,1,1,-1,6,2,48,8,1490,1,19,SUZUKI SWIFT,-1,-1,0,-1
2024991432714,2024,991432714,2,9,0,-1,19,3,7,-1,0,2,0,0,0,0,1,1,-1,9,1,22,5,1242,1,11,SUZUKI SWIFT,-1,-1,0,-1
2024041530914,2024,041530914,1,9,0,-1,19,5,1,-1,0,0,0,0,0,0,1,1,-1,6,2,45,7,1328,1,17,SUZUKI SWIFT,1,E01012720,0,1
2024622500016,2024,622500016,1,9,0,18,19,8,4,0,0,1,0,0,0,0,3,1,6,6,2,37,7,1197,8,1,SUZUKI SWIFT,8,W01001981,0,4
2024201514443,2024,201514443,1,9,0,-1,19,1,5,-1,0,1,0,0,0,0,1,1,-1,6,1,28,6,1586,1,16,SUZUKI SWIFT,1,E01009013,0,1
2024141463996,2024,141463996,1,9,0,-1,19,2,7,-1,0,1,0,0,0,0,1,1,-1,9,2,40,7,1242,1,13,SUZUKI SWIFT,9,E01007442,0,1
2024161430256,2024,161430256,2,9,0,-1,19,5,1,-1,0,8,0,0,0,0,1,1,-1,9,1,26,6,1490,1,16,SUZUKI SWIFT,1,E01013278,0,2
2024061447036,2024,061447036,1,9,0,-1,5,1,5,-1,0,0,0,0,0,0,-1,9,-1,6,1,76,11,1242,1,7,SUZUKI SWIFT,2,E01004931,0,1
2024430563339,2024,430563339,1,9,0,18,19,4,8,0,0,0,0,0,0,0,1,1,6,6,1,-1,-1,1490,1,18,SUZUKI SWIFT,-1,-1,0,-1
2024991420299,2024,991420299,1,9,0,-1,19,4,8,-1,0,8,1,11,0,0,1,1,-1,9,1,18,4,1490,1,18,SUZUKI SWIFT,5,-1,0,2
2024201475006,2024,201475006,1,9,0,-1,19,1,5,-1,0,1,0,0,0,0,1,1,-1,6,1,20,4,1242,1,13,SUZUKI SWIFT,1,E01009328,0,1
2024451433690,2024,451433690,1,9,0,-1,19,8,4,-1,99,6,0,0,0,0,4,1,-1,9,1,27,6,1242,1,12,SUZUKI SWIFT,10,E01030487,0,1
202454A362124,2024,54A362124,1,9,0,18,19,7,3,0,0,0,0,6,1,11,1,1,1,1,2,29,6,1490,1,17,SUZUKI SWIFT,9,E01031922,0,3
2024320192818,2024,320192818,2,9,0,-1,-1,6,2,0,0,0,1,0,1,0,1,1,6,6,1,56,9,1242,1,9,SUZUKI SWIFT,3,E01026377,0,3
2024201427644,2024,201427644,2,9,0,-1,10,8,6,-1,0,1,0,0,0,0,4,9,-1,9,2,32,6,998,1,7,SUZUKI SWIFT,2,E01009315,0,1
2024122400509,2024,122400509,2,9,0,9,9,5,1,0,0,6,0,0,0,0,0,1,2,2,2,45,7,1242,1,10,SUZUKI SWIFT,8,E01027556,0,1
2024531395315,2024,531395315,2,9,0,-1,19,5,1,-1,0,0,0,0,4,6,1,1,-1,9,1,75,10,998,8,7,SUZUKI SWIFT,1,E01011626,0,5
2024131535190,2024,131535190,3,9,0,-1,19,6,1,-1,0,1,0,0,0,0,4,1,-1,9,1,48,8,1197,8,2,SUZUKI SWIFT,9,E01011905,0,1
2024311404946,2024,311404946,1,9,0,-1,19,3,7,-1,0,6,0,0,0,0,1,9,-1,6,3,16,4,1490,1,17,SUZUKI SWIFT,-1,-1,0,-1
2024501532409,2024,501532409,1,9,0,-1,9,2,8,-1,0,8,0,0,0,0,1,1,-1,9,1,69,10,1373,8,3,SUZUKI SWIFT,8,E01033232,0,1
2024552400486,2024,552400486,2,9,0,18,19,3,7,0,0,0,0,0,0,0,1,1,6,6,1,33,6,1242,1,11,SUZUKI SWIFT,10,E01020382,0,1
2024070892268,2024,070892268,1,9,0,-1,19,2,4,-1,0,2,0,0,0,0,1,1,-1,9,1,30,6,1373,1,5,SUZUKI SWIFT,4,E01014169,0,4
2024010542877,2024,010542877,1,9,0,7,7,5,8,0,0,6,0,0,0,0,1,1,6,6,2,49,8,1242,1,10,SUZUKI SWIFT,3,E01001440,0,1
2024430425590,2024,430425590,1,9,0,6,6,1,1,0,0,0,0,0,0,0,4,1,6,6,1,37,7,1328,1,18,SUZUKI SWIFT,3,E01016456,0,1
2024031518747,2024,031518747,2,9,0,-1,4,1,5,-1,0,3,0,0,0,0,2,1,-1,6,1,72,10,1242,1,8,SUZUKI SWIFT,-1,-1,0,-1
2024141428985,2024,141428985,1,9,0,-1,19,8,4,-1,0,0,0,0,0,0,1,1,-1,6,3,-1,-1,1586,1,11,SUZUKI SWIFT,-1,-1,0,-1
2024302401088,2024,302401088,3,9,0,3,3,2,6,0,0,0,0,0,0,0,2,1,6,6,2,45,7,1197,8,0,SUZUKI SWIFT,2,E01027977,0,2
2024041435833,2024,041435833,1,9,0,-1,19,1,5,-1,0,0,0,0,0,0,2,1,-1,9,1,67,10,1197,8,1,SUZUKI SWIFT,9,E01013216,0,5
2024461503019,2024,461503019,1,9,0,-1,10,4,5,-1,0,8,0,0,0,0,1,1,-1,9,1,18,4,1328,1,14,SUZUKI SWIFT,3,E01024396,0,1
2024122400774,2024,122400774,1,9,0,4,4,1,5,0,0,0,0,0,0,0,2,1,2,2,2,54,8,1242,1,7,SUZUKI SWIFT,6,E01027809,0,1
2024061528931,2024,061528931,2,9,0,-1,99,-1,-1,-1,0,6,0,0,0,0,4,1,-1,6,1,-1,-1,1242,1,12,SUZUKI SWIFT,1,E01005197,0,3
2024041416017,2024,041416017,2,9,0,-1,2,0,0,-1,9,0,0,0,0,0,3,1,-1,6,-1,-1,-1,1490,1,18,SUZUKI SWIFT,-1,-1,0,-1
2024501497929,2024,501497929,2,9,0,-1,9,2,8,-1,0,8,0,0,0,0,1,1,-1,2,1,18,4,1242,1,12,SUZUKI SWIFT,6,E01018828,0,3
2024070456970,2024,070456970,1,9,0,18,19,7,3,0,0,1,0,0,0,0,1,1,2,2,2,23,5,1242,1,9,SUZUKI SWIFT,5,E01018625,0,1
2024201413419,2024,201413419,5,9,0,-1,2,0,0,-1,0,0,0,0,0,0,4,1,-1,6,-1,30,6,1490,1,17,SUZUKI SWIFT,-1,-1,0,-1
2024131512428,2024,131512428,1,9,0,-1,19,3,7,-1,0,0,0,0,0,0,1,1,-1,9,1,82,11,1197,8,0,SUZUKI SWIFT,7,E01010726,0,1
2024231401112,2024,231401112,2,9,0,-1,19,7,3,-1,0,8,0,0,0,0,1,1,-1,6,1,73,10,993,1,22,SUZUKI SWIFT,6,E01031017,0,1
2024461445409,2024,461445409,2,9,0,-1,19,8,8,-1,0,0,0,0,0,0,1,9,-1,2,2,54,8,1242,1,9,SUZUKI SWIFT,5,E01024223,0,2
2024411418464,2024,411418464,2,9,0,-1,19,6,2,-1,0,2,0,0,0,0,3,1,-1,9,1,25,5,1490,1,17,SUZUKI SWIFT,3,E01023957,0,3
2024471492530,2024,471492530,1,9,0,-1,5,4,8,-1,0,6,0,0,0,0,3,1,-1,9,2,62,9,1586,1,8,SUZUKI SWIFT,9,E01031339,0,1
202460Q047875,2024,60Q047875,2,9,0,18,19,2,6,0,0,1,0,0,0,0,3,1,6,6,1,72,10,1490,1,18,SUZUKI SWIFT,-1,-1,0,-1
2024201505373,2024,201505373,2,9,0,-1,19,2,6,-1,0,0,0,10,1,1,1,9,-1,6,1,-1,-1,1586,1,14,SUZUKI SWIFT,3,E01010324,0,1
2024101413827,2024,101413827,1,9,0,-1,9,5,3,-1,0,1,0,0,0,0,1,9,-1,9,1,41,7,1490,1,16,SUZUKI SWIFT,3,E01008451,0,1
2024471417733,2024,471417733,1,9,0,-1,19,6,2,-1,0,0,0,0,0,0,1,1,-1,6,2,88,11,998,1,6,SUZUKI SWIFT,7,E01021140,0,1
2024311489346,2024,311489346,1,9,0,-1,2,6,2,-1,0,1,0,0,0,0,2,1,-1,6,3,28,6,1242,1,7,SUZUKI SWIFT,3,E01035506,0,2
2024531442706,2024,531442706,2,9,0,-1,19,1,5,-1,0,0,0,0,0,0,4,1,-1,6,1,28,6,1242,1,11,SUZUKI SWIFT,6,E01022155,0,1
2024131420960,2024,131420960,1,9,0,-1,19,2,6,-1,0,8,0,0,0,0,4,1,-1,2,-1,42,7,1242,1,10,SUZUKI SWIFT,6,E01011012,0,2
2024421406205,2024,421406205,2,9,0,-1,19,1,5,-1,0,0,0,0,0,0,2,1,-1,6,2,62,9,998,8,5,SUZUKI SWIFT,7,E01032394,0,5
2024501483242,2024,501483242,3,9,0,-1,2,0,0,-1,0,0,0,4,0,0,1,1,-1,6,2,61,9,998,1,5,SUZUKI SWIFT,4,E01020116,0,1
2024340WN4432,2024,340WN4432,2,9,0,-1,19,1,5,-1,0,8,1,0,0,0,1,1,-1,9,1,74,10,1328,1,15,SUZUKI SWIFT,5,E01027017,0,1
202460Q115933,2024,60Q115933,2,9,0,16,19,4,8,0,0,0,0,0,0,0,1,1,2,2,2,26,6,1242,1,6,SUZUKI SWIFT,-1,-1,0,-1
2024052402646,2024,052402646,2,9,0,4,4,6,2,0,0,4,0,0,0,0,2,1,6,6,1,35,6,1197,8,0,SUZUKI SWIFT,1,E01033794,0,1
2024461429703,2024,461429703,4,9,0,-1,10,7,3,-1,0,0,0,0,0,0,2,1,-1,1,1,48,8,1242,1,12,SUZUKI SWIFT,6,E01024332,0,2
2024010525860,2024,010525860,1,9,0,5,5,2,6,0,0,4,0,0,0,0,3,1,6,6,2,53,8,1328,1,16,SUZUKI SWIFT,-1,-1,0,-1
2024471464329,2024,471464329,1,9,0,-1,20,6,3,-1,0,1,0,0,0,0,1,1,-1,9,2,58,9,1490,1,18,SUZUKI SWIFT,5,E01016855,0,1
2024101515609,2024,101515609,1,9,0,-1,4,3,6,-1,0,1,0,0,0,0,1,1,-1,9,1,26,6,1242,1,7,SUZUKI SWIFT,1,E01008204,0,1
2024041434368,2024,041434368,2,9,0,-1,19,2,6,-1,0,0,1,0,0,0,3,1,-1,2,2,26,6,1242,1,8,SUZUKI SWIFT,2,E01006969,0,2
2024411491021,2024,411491021,1,9,0,-1,7,2,4,-1,0,0,1,10,0,0,1,1,-1,9,1,18,4,1490,1,19,SUZUKI SWIFT,10,E01017657,0,1
2024010548520,2024,010548520,2,9,0,18,19,3,7,0,0,2,0,0,0,0,1,1,2,2,2,23,5,1328,1,18,SUZUKI SWIFT,9,E01000654,0,2
2024061506529,2024,061506529,1,9,0,-1,9,6,4,-1,0,8,0,0,0,0,0,1,-1,6,1,-1,-1,1197,8,3,SUZUKI SWIFT,5,E01005940,0,2
2024631441508,2024,631441508,1,9,0,-1,19,5,1,-1,0,0,0,0,0,0,1,1,-1,9,1,18,4,1328,1,14,SUZUKI SWIFT,7,W01000473,0,4
2024161474082,2024,161474082,2,9,0,-1,19,5,1,-1,0,4,0,0,0,0,3,2,-1,9,1,44,7,998,8,6,SUZUKI SWIFT,10,E01013261,0,3
2024122401130,2024,122401130,1,9,0,18,19,7,3,0,0,0,0,0,0,0,1,1,6,6,2,35,6,1242,1,13,SUZUKI SWIFT,6,E01027610,0,1
2024010537214,2024,010537214,3,9,0,18,19,7,3,0,0,1,0,0,0,0,2,1,6,6,1,66,10,1328,1,19,SUZUKI SWIFT,6,E01021331,0,4
2024531470543,2024,531470543,2,9,0,-1,19,3,7,-1,0,1,0,0,0,0,3,1,-1,6,1,17,4,1242,1,13,SUZUKI SWIFT,7,E01022239,0,2
2024010525104,2024,010525104,1,9,0,4,4,7,3,0,0,0,0,0,0,0,2,1,6,6,1,69,10,1242,1,13,SUZUKI SWIFT,-1,-1,0,-1
2024332400757,2024,332400757,1,9,0,-1,19,8,3,-1,0,0,2,0,1,9,3,1,-1,9,1,29,6,1242,1,13,SUZUKI SWIFT,1,E01015596,0,4
2024131479003,2024,131479003,1,9,0,-1,19,1,5,-1,9,8,1,0,8,0,3,1,-1,9,1,27,6,1328,1,16,SUZUKI SWIFT,5,E01011836,0,1
2024041521611,2024,041521611,1,9,0,-1,5,5,3,-1,0,1,1,6,0,0,4,1,-1,1,1,23,5,1490,1,15,SUZUKI SWIFT,2,E01025232,0,3
2024131478978,2024,131478978,2,9,0,-1,19,3,3,-1,0,1,0,0,0,0,1,1,-1,6,2,60,9,1242,1,9,SUZUKI SWIFT,5,E01010948,0,1
2024440056131,2024,440056131,1,9,0,13,13,7,3,0,0,0,0,0,0,0,4,1,6,6,1,17,4,1242,1,12,SUZUKI SWIFT,8,E01022778,0,1
2024340NN0972,2024,340NN0972,2,9,0,-1,19,3,7,-1,0,0,0,0,0,6,2,1,-1,9,2,18,4,1197,8,4,SUZUKI SWIFT,6,E01032970,0,2
2024622400736,2024,622400736,1,9,0,18,19,2,6,0,0,8,0,0,0,0,1,1,6,6,1,31,6,1242,1,9,SUZUKI SWIFT,5,W01002040,0,3
2024302400264,2024,302400264,2,9,0,9,9,3,1,0,0,8,0,0,0,0,4,1,6,6,2,28,6,1242,1,5,SUZUKI SWIFT,7,E01019821,0,1
2024161467698,2024,161467698,1,9,0,-1,19,4,8,-1,0,0,0,0,0,0,1,1,-1,6,1,21,5,1328,1,17,SUZUKI SWIFT,9,E01013157,0,1
202417M210824,2024,17M210824,1,9,0,-1,19,2,6,-1,0,0,0,0,0,0,1,1,-1,2,2,19,4,1328,1,17,SUZUKI SWIFT,-1,-1,0,-1
2024111535158,2024,111535158,1,9,0,-1,7,4,6,-1,0,0,0,0,0,0,1,1,-1,6,2,60,9,1197,8,3,SUZUKI SWIFT,2,E01020798,0,1
2024101505214,2024,101505214,2,9,0,-1,4,7,3,-1,0,0,0,0,0,0,1,1,-1,6,2,54,8,1242,1,9,SUZUKI SWIFT,6,E01027447,0,4
2024340WN5932,2024,340WN5932,1,9,0,-1,19,6,2,-1,0,1,0,0,0,0,1,1,-1,9,2,73,10,1490,1,17,SUZUKI SWIFT,-1,-1,0,-1
2024461414933,2024,461414933,2,9,0,-1,19,7,1,-1,0,0,1,0,1,0,1,1,-1,1,2,47,8,1490,1,17,SUZUKI SWIFT,7,E01024794,0,1
2024010516408,2024,010516408,1,9,0,99,99,9,9,99,99,9,9,99,9,99,1,9,6,6,2,20,4,1242,1,12,SUZUKI SWIFT,1,E01001545,0,1
2024430430952,2024,430430952,2,9,0,13,13,2,5,0,0,0,0,0,0,0,3,1,6,6,2,-1,-1,998,8,6,SUZUKI SWIFT,7,E01016305,0,1
2024201520122,2024,201520122,3,9,0,-1,19,4,7,-1,0,6,0,0,0,0,2,1,-1,6,-1,-1,-1,1490,1,14,SUZUKI SWIFT,-1,-1,0,-1
2024631489993,2024,631489993,1,9,0,-1,13,6,3,-1,0,0,0,0,0,0,1,1,-1,6,1,38,7,1197,8,3,SUZUKI SWIFT,1,E01024987,0,5
2024010519865,2024,010519865,2,9,5,4,4,1,5,0,0,1,5,4,0,0,1,2,6,6,2,27,6,1490,1,14,SUZUKI SWIFT,4,E01000286,0,3
2024311453074,2024,311453074,2,9,0,-1,2,0,0,-1,0,0,0,0,0,0,2,1,-1,6,-1,-1,-1,1490,1,17,SUZUKI SWIFT,-1,-1,0,-1
2024010512560,2024,010512560,2,9,0,99,99,9,9,99,99,6,9,99,9,99,9,9,6,6,3,-1,-1,1242,8,6,SUZUKI SWIFT,-1,-1,0,-1
2024320424652,2024,320424652,1,9,0,-1,-1,8,4,0,0,6,0,0,7,11,1,1,-1,-1,2,92,11,998,1,5,SUZUKI SWIFT,5,E01026373,0,1
2024010495905,2024,010495905,1,9,0,18,19,5,1,0,0,6,0,0,0,0,1,1,1,1,1,29,6,1490,1,18,SUZUKI SWIFT,2,E01034479,0,1
202454F269924,2024,54F269924,2,9,0,18,19,8,4,0,0,0,0,0,0,0,2,1,6,6,1,52,8,1490,1,16,SUZUKI SWIFT,9,E01034787,0,3
2024131402046,2024,131402046,3,9,0,-1,19,3,7,-1,0,0,0,0,0,0,1,1,-1,6,2,52,8,1242,1,12,SUZUKI SWIFT,2,E01011246,0,1
2024221452526,2024,221452526,2,9,0,-1,4,7,3,-1,0,0,0,0,0,0,1,1,-1,6,2,19,4,1328,1,14,SUZUKI SWIFT,7,E01026066,0,5
2024010520480,2024,010520480,1,9,0,16,19,5,7,0,0,6,0,0,3,0,1,1,6,6,2,68,10,998,1,5,SUZUKI SWIFT,-1,-1,0,-1
2024552401109,2024,552401109,1,9,0,7,7,8,1,0,0,8,0,0,0,0,1,1,2,2,1,32,6,1242,1,12,SUZUKI SWIFT,5,E01020397,0,1
2024421520191,2024,421520191,1,9,0,-1,19,7,3,-1,0,0,0,10,7,2,1,1,-1,9,2,84,11,1242,1,8,SUZUKI SWIFT,3,E01021637,0,1
2024421433402,2024,421433402,2,90,0,-1,5,8,4,-1,0,0,0,0,0,0,1,1,-1,6,1,44,7,1642,2,3,-1,3,E01015899,0,1
2024421433402,2024,421433402,3,90,0,-1,5,8,4,-1,0,0,0,0,0,0,2,1,-1,1,1,58,9,1642,2,3,-1,8,E01021933,0,2
2024421433402,2024,421433402,4,90,0,-1,5,8,4,-1,0,0,0,0,0,0,4,1,-1,1,1,36,7,1642,2,3,-1,5,E01015835,0,2
202417L406424,2024,17L406424,2,90,0,-1,9,5,3,-1,0,8,0,0,0,0,3,1,-1,1,1,31,6,1598,2,1,-1,2,E01012168,0,2
2024430424660,2024,430424660,1,5,0,18,19,1,5,0,0,1,0,0,0,0,4,1,6,6,1,53,8,885,1,28,TRIUMPH MODEL MISSING,10,E01017806,0,1