collision_index,collision_year,collision_ref_no,vehicle_reference,vehicle_type,towing_and_articulation,vehicle_manoeuvre_historic,vehicle_manoeuvre,vehicle_direction_from,vehicle_direction_to,vehicle_location_restricted_lane_historic,vehicle_location_restricted_lane,junction_location,skidding_and_overturning,hit_object_in_carriageway,vehicle_leaving_carriageway,hit_object_off_carriageway,first_point_of_impact,vehicle_left_hand_drive,journey_purpose_of_driver_historic,journey_purpose_of_driver,sex_of_driver,age_of_driver,age_band_of_driver,engine_capacity_cc,propulsion_code,age_of_vehicle,generic_make_model,driver_imd_decile,lsoa_of_driver,escooter_flag,driver_distance_banding
2024010517915,2024,010517915,2,9,0,99,99,9,9,99,99,9,9,99,9,99,9,9,6,6,3,31,6,1984,1,5,AUDI S3,5,E01003718,0,4
2024122400459,2024,122400459,1,9,0,18,19,1,5,0,0,0,1,0,7,9,1,1,6,6,1,26,6,1984,1,13,AUDI S3,10,E01027660,0,2
2024052401631,2024,052401631,1,9,0,9,9,1,7,0,0,8,0,0,0,0,4,1,6,6,1,26,6,1984,1,8,AUDI S3,9,E01013172,0,5
2024522403324,2024,522403324,1,9,0,18,19,5,1,0,0,0,0,0,0,0,2,1,6,6,1,24,5,1984,1,8,AUDI S3,3,E01020791,0,5
2024401432509,2024,401432509,1,9,0,-1,19,5,1,-1,0,0,1,0,7,0,1,1,-1,6,1,35,6,1984,1,3,AUDI S3,3,E01015737,0,4
2024041461148,2024,041461148,2,9,0,-1,2,1,5,-1,0,1,0,0,0,0,3,1,-1,9,2,36,7,1984,1,8,AUDI S3,8,E01034347,0,1
2024501413890,2024,501413890,1,9,0,-1,12,5,1,-1,0,0,0,0,0,0,1,1,-1,6,1,21,5,1984,1,5,AUDI S3,4,E01020252,0,1
2024451505077,2024,451505077,1,9,0,-1,19,5,1,-1,0,0,1,0,1,4,3,1,-1,9,1,20,4,1781,1,23,AUDI S3,10,E01030868,0,1
2024010520255,2024,010520255,3,9,0,18,19,3,7,0,0,2,0,0,0,0,0,1,6,6,1,23,5,1984,1,3,AUDI S3,5,E01035689,0,1
2024061420579,2024,061420579,1,9,0,-1,-1,-1,-1,-1,-1,-1,-1,-1,-1,0,-1,1,-1,6,3,-1,-1,1984,1,9,AUDI S3,-1,-1,0,-1
2024010509144,2024,010509144,2,9,9,99,99,9,9,99,99,3,9,99,9,99,9,9,6,6,3,-1,-1,1984,1,6,AUDI S3,-1,-1,0,-1
202454A986624,2024,54A986624,1,9,0,18,19,4,8,0,0,0,2,10,1,10,1,1,6,6,1,48,8,1984,1,0,AUDI S3,9,E01032035,0,1
2024041464124,2024,041464124,1,9,0,-1,7,7,3,-1,0,0,0,0,0,0,1,1,-1,9,1,29,6,1984,1,8,AUDI S3,4,E01012700,0,1
2024411578127,2024,411578127,2,9,0,-1,4,7,3,-1,0,0,1,0,4,0,1,1,-1,6,1,38,7,1984,1,7,AUDI S3,6,E01035607,0,2
2024010528140,2024,010528140,2,9,0,18,19,3,7,0,0,1,0,0,0,0,1,1,2,2,1,24,5,1984,1,10,AUDI S3,3,E01001436,0,1
2024991534653,2024,991534653,2,9,0,-1,5,5,1,-1,-1,0,1,4,2,0,1,1,-1,6,1,41,7,1984,1,1,AUDI S3,5,-1,0,1
2024332400348,2024,332400348,1,9,0,-1,13,8,4,-1,0,0,1,0,1,2,1,1,-1,6,1,30,6,1984,1,14,AUDI S3,8,E01034006,0,2
2024371417487,2024,371417487,1,9,0,-1,11,3,7,-1,0,0,0,0,0,0,1,9,-1,2,1,27,6,1984,1,7,AUDI S3,3,E01030163,0,1
2024451404905,2024,451404905,2,5,0,-1,4,1,5,-1,0,0,0,0,0,0,2,1,-1,2,1,58,9,1125,2,15,-1,5,E01032426,0,5
2024451477184,2024,451477184,1,9,0,-1,9,3,5,-1,0,5,0,0,0,0,3,1,-1,9,1,20,4,1587,1,17,CITROEN C2,9,E01030997,0,1
2024501464385,2024,501464385,1,9,0,-1,19,6,2,-1,0,1,0,0,0,0,1,1,-1,9,1,57,9,1398,2,15,CITROEN C2,4,E01029888,0,5
2024201461899,2024,201461899,2,9,0,-1,19,3,7,-1,0,1,0,0,0,0,1,1,-1,1,1,28,6,1124,1,20,CITROEN C2,2,E01010446,0,1
2024221478984,2024,221478984,1,9,0,-1,19,6,2,-1,0,0,5,0,1,0,1,1,-1,9,1,19,4,1587,1,16,CITROEN C2,5,E01031186,0,2
2024122400124,2024,122400124,2,9,0,18,19,5,1,0,0,0,0,0,0,0,2,1,6,6,1,32,6,1587,1,20,CITROEN C2,3,E01013385,0,2
2024501407372,2024,501407372,1,9,0,-1,19,3,6,-1,0,0,0,0,0,0,1,1,-1,1,1,20,4,1587,1,21,CITROEN C2,1,E01019004,0,3
2024010487303,2024,010487303,5,9,0,2,2,0,0,0,0,2,0,4,0,0,2,1,6,6,3,-1,-1,1587,1,17,CITROEN C2,-1,-1,0,-1
2024522401629,2024,522401629,1,9,0,9,9,4,2,0,0,6,0,0,0,0,1,1,6,6,1,28,6,1124,1,16,CITROEN C2,4,E01015020,0,1
2024010504828,2024,010504828,1,9,0,99,99,9,9,99,99,9,9,99,9,99,2,9,6,6,1,37,7,1360,1,16,CITROEN C2,8,E01030393,0,3
2024520003106,2024,520003106,1,9,0,18,19,4,8,0,0,8,0,0,0,0,1,1,6,6,2,20,4,1124,1,15,CITROEN C2,2,E01014660,0,3
2024320262669,2024,320262669,1,9,0,-1,-1,8,4,0,0,4,0,0,0,0,3,1,-1,-1,1,84,11,1398,2,19,CITROEN C2,5,E01028369,0,4
2024161399904,2024,161399904,1,9,0,-1,7,8,4,-1,0,3,0,10,3,10,1,1,-1,9,1,19,4,1124,1,19,CITROEN C2,1,E01013138,0,2
2024351539326,2024,351539326,1,9,0,-1,4,5,1,-1,2,0,0,4,0,0,1,1,-1,6,2,51,8,1360,1,17,CITROEN C2,8,E01015650,0,1
2024010519824,2024,010519824,1,9,0,4,4,1,5,0,0,8,0,4,0,0,4,1,6,6,1,18,4,1360,1,17,CITROEN C2,5,E01003907,0,1
2024501399199,2024,501399199,1,9,0,-1,19,6,2,-1,0,0,0,0,0,0,3,9,-1,1,1,24,5,1587,1,16,CITROEN C2,5,E01015215,0,4
2024421440316,2024,421440316,2,9,0,-1,19,7,3,-1,0,1,0,0,0,0,4,1,-1,9,2,22,5,1124,1,16,CITROEN C2,1,E01022032,0,2
2024340WN4022,2024,340WN4022,1,9,0,-1,19,5,1,-1,0,4,0,0,0,0,1,1,-1,6,2,44,7,1398,2,15,CITROEN C2,3,E01027147,0,1
2024531409854,2024,531409854,2,9,0,-1,19,1,5,-1,0,0,0,0,0,0,1,1,-1,6,2,60,9,1587,1,20,CITROEN C2,6,E01022211,0,1
2024211522097,2024,211522097,1,9,0,-1,9,8,6,-1,0,2,0,0,0,0,1,1,-1,6,1,73,10,1124,1,18,CITROEN C2,10,E01029665,0,1
2024340NN3422,2024,340NN3422,2,9,0,-1,2,0,0,-1,0,1,0,0,0,0,2,1,-1,6,3,-1,-1,1587,1,16,CITROEN C2,-1,-1,0,-1
2024440222565,2024,440222565,1,9,0,18,19,2,6,0,0,1,0,0,0,0,1,1,6,6,1,19,4,1124,1,20,CITROEN C2,3,E01017299,0,3
2024991527467,2024,991527467,1,9,0,-1,19,5,8,-1,0,0,1,0,0,0,1,1,-1,9,1,19,4,1587,1,16,CITROEN C2,8,-1,0,3
2024471401573,2024,471401573,2,9,0,-1,19,8,4,-1,0,0,0,0,0,0,2,1,-1,2,1,49,8,1124,1,19,CITROEN C2,8,E01031698,0,3
2024141412170,2024,141412170,4,9,0,-1,2,0,0,-1,0,0,0,0,0,0,1,1,-1,6,-1,-1,-1,1124,1,16,CITROEN C2,-1,-1,0,-1
2024411495340,2024,411495340,1,9,0,-1,19,6,7,-1,0,8,0,0,0,0,4,1,-1,9,2,22,5,1124,1,20,CITROEN C2,5,E01023611,0,1
2024141434032,2024,141434032,1,9,0,-1,19,3,7,-1,0,0,0,0,0,0,1,1,-1,9,1,21,5,1124,1,19,CITROEN C2,7,E01008006,0,3
2024061505606,2024,061505606,1,9,0,-1,19,7,3,-1,0,0,0,0,0,0,1,1,-1,6,2,57,9,1124,1,17,CITROEN C2,-1,-1,0,-1
2024161406342,2024,161406342,1,9,0,-1,4,5,1,-1,0,1,0,0,0,0,2,9,-1,9,2,42,7,1124,1,15,CITROEN C2,4,E01012964,0,1
2024371445968,2024,371445968,1,9,0,-1,19,8,3,-1,0,0,0,0,0,0,3,9,-1,9,1,33,6,1124,1,18,CITROEN C2,7,E01026889,0,3
2024501485856,2024,501485856,1,9,0,-1,5,1,5,-1,0,1,0,0,3,0,1,1,-1,6,2,76,11,1398,2,18,CITROEN C2,7,E01020178,0,1
2024201441000,2024,201441000,1,9,0,-1,19,7,3,-1,0,8,0,0,0,0,1,9,-1,6,3,-1,-1,1124,1,16,CITROEN C2,-1,-1,0,-1
2024471439461,2024,471439461,2,9,0,-1,19,4,8,-1,0,0,0,0,0,0,1,1,-1,2,2,27,6,1124,1,16,CITROEN C2,6,E01031538,0,3
2024041430920,2024,041430920,3,9,0,-1,19,2,6,-1,0,1,0,0,0,0,3,1,-1,9,1,59,9,1124,1,15,CITROEN C2,1,E01025139,0,2
2024111423371,2024,111423371,1,9,0,-1,19,7,3,-1,0,0,0,4,1,3,1,1,-1,6,1,37,7,1124,1,17,CITROEN C2,1,E01012058,0,4
2024122400414,2024,122400414,1,9,0,17,19,3,1,0,0,0,1,0,1,4,3,1,6,6,2,20,4,1124,1,15,CITROEN C2,7,E01027766,0,3
2024141509407,2024,141509407,1,9,0,-1,19,3,7,-1,0,1,0,0,0,0,1,1,-1,9,2,84,11,1124,1,19,CITROEN C2,6,E01007660,0,3
2024131502892,2024,131502892,2,9,0,-1,7,4,8,-1,0,0,0,0,0,0,3,1,-1,6,2,30,6,1587,1,16,CITROEN C2,2,E01010778,0,1
2024547651624,2024,547651624,2,9,0,18,19,1,5,0,0,3,0,0,7,1,1,1,6,6,1,20,4,1587,1,17,CITROEN C2,8,E01032694,0,1
2024401482654,2024,401482654,1,9,0,-1,4,6,2,-1,0,0,0,0,0,0,2,1,-1,6,1,19,4,1124,1,18,CITROEN C2,5,E01017600,0,2
2024361428776,2024,361428776,1,9,0,-1,7,7,3,-1,0,1,1,0,7,4,1,1,-1,9,2,17,4,1360,1,14,CITROEN C2,9,E01030085,0,4
2024421522322,2024,421522322,1,9,0,-1,19,8,4,-1,0,3,0,0,0,0,1,1,-1,6,1,21,5,1398,2,20,CITROEN C2,8,E01021887,0,2
2024471495917,2024,471495917,2,9,0,-1,19,3,7,-1,0,0,0,0,0,0,4,9,-1,6,3,-1,-1,1398,2,16,CITROEN C2,-1,-1,0,-1
2024161473995,2024,161473995,2,9,0,-1,9,7,5,-1,0,1,0,0,0,0,1,1,-1,2,1,19,4,1360,1,14,CITROEN C2,4,E01012964,0,1
2024211431239,2024,211431239,1,90,0,-1,5,8,8,-1,0,6,0,0,0,0,3,9,-1,6,1,21,5,448,1,15,-1,2,E01029429,0,1
2024122400864,2024,122400864,1,5,0,4,4,3,7,7,6,0,1,0,0,0,4,1,6,6,1,49,8,695,1,18,-1,-1,-1,0,-1
2024440416865,2024,440416865,1,19,0,6,6,1,1,0,0,2,0,0,0,0,3,1,2,2,1,29,6,1499,2,2,FORD TRANSIT CONNECT,9,E01022971,0,2
2024371423829,2024,371423829,2,19,0,-1,19,7,3,-1,0,0,0,0,0,0,2,1,-1,2,1,31,6,1753,2,16,FORD TRANSIT CONNECT,7,E01030068,0,1
2024451434667,2024,451434667,1,19,0,-1,19,3,7,-1,0,2,0,0,0,0,1,1,-1,1,1,27,6,1499,2,8,FORD TRANSIT CONNECT,7,E01033964,0,4
2024311436729,2024,311436729,1,19,0,-1,19,3,7,-1,0,3,0,0,0,0,1,2,-1,6,1,47,8,1499,2,6,FORD TRANSIT CONNECT,3,E01028272,0,4
2024351522581,2024,351522581,1,19,-1,-1,5,1,5,-1,0,1,0,0,0,0,1,9,-1,6,1,53,8,1499,2,4,FORD TRANSIT CONNECT,6,E01026239,0,3
2024211535691,2024,211535691,6,19,0,-1,19,3,7,-1,0,0,0,0,0,0,1,1,-1,9,1,24,5,1499,2,5,FORD TRANSIT CONNECT,8,E01029430,0,4
2024440132108,2024,440132108,3,19,0,18,19,2,6,0,0,0,0,0,0,0,1,1,2,2,1,29,6,1560,2,9,FORD TRANSIT CONNECT,6,E01022777,0,3
2024440271552,2024,440271552,2,19,0,3,3,3,7,0,0,1,0,0,0,0,2,1,2,2,2,33,6,1499,2,1,FORD TRANSIT CONNECT,10,E01022772,0,1
2024031423334,2024,031423334,1,19,0,-1,13,5,5,-1,0,0,0,0,0,0,4,1,-1,6,1,48,8,1753,2,12,FORD TRANSIT CONNECT,8,E01019352,0,1
2024610002924,2024,610002924,2,19,0,2,2,0,0,0,0,0,0,0,0,0,2,1,6,6,1,68,10,1499,2,6,FORD TRANSIT CONNECT,2,W01001468,0,1
2024041407409,2024,041407409,1,19,0,-1,6,5,1,-1,0,1,0,0,0,0,3,1,-1,2,1,44,7,1560,2,9,FORD TRANSIT CONNECT,8,E01034347,0,1
2024461532359,2024,461532359,2,19,0,-1,7,5,7,-1,0,2,0,0,0,0,2,9,-1,9,2,32,6,1499,2,8,FORD TRANSIT CONNECT,3,E01024264,0,1
2024440117349,2024,440117349,2,19,0,4,4,4,8,0,0,1,0,0,0,0,2,1,2,2,1,27,6,1499,2,3,FORD TRANSIT CONNECT,10,E01022608,0,3
2024010511215,2024,010511215,2,19,0,9,9,7,5,0,0,8,0,0,0,0,0,1,6,6,1,26,6,1499,2,3,FORD TRANSIT CONNECT,2,E01033000,0,1
2024052402461,2024,052402461,1,19,0,18,19,1,5,0,0,0,0,0,0,0,1,1,6,6,1,46,8,1499,2,5,FORD TRANSIT CONNECT,-1,-1,0,-1
2024411452861,2024,411452861,1,19,0,-1,9,8,6,-1,0,8,0,0,0,0,4,1,-1,6,2,42,7,1499,2,7,FORD TRANSIT CONNECT,10,E01023610,0,4
2024991394489,2024,991394489,1,19,0,-1,5,2,3,-1,0,2,0,0,0,0,2,1,-1,1,1,36,7,1560,2,10,FORD TRANSIT CONNECT,7,-1,0,1
2024440327888,2024,440327888,2,19,0,3,3,6,2,0,0,1,0,0,0,0,2,1,6,6,2,53,8,1499,2,7,FORD TRANSIT CONNECT,6,E01017173,0,1
2024552401221,2024,552401221,1,19,0,18,19,5,1,0,0,0,0,0,0,0,3,1,6,6,1,53,8,1753,2,20,FORD TRANSIT CONNECT,5,E01020530,0,1
2024440221878,2024,440221878,2,19,0,18,19,3,7,0,0,8,0,0,0,0,3,1,2,2,1,38,7,1753,2,17,FORD TRANSIT CONNECT,4,E01035447,0,1
2024340WN1182,2024,340WN1182,1,19,0,-1,9,5,3,-1,0,6,0,0,0,0,4,1,-1,2,2,29,6,1499,2,2,FORD TRANSIT CONNECT,4,E01032980,0,2
2024421517627,2024,421517627,1,19,0,-1,19,6,1,-1,0,8,0,0,7,11,1,1,-1,9,1,53,8,1499,2,6,FORD TRANSIT CONNECT,7,E01021552,0,1
2024302400135,2024,302400135,2,19,0,18,19,5,1,0,0,1,0,0,1,0,3,1,1,1,1,35,6,1560,2,10,FORD TRANSIT CONNECT,3,E01013513,0,1
2024010520700,2024,010520700,1,19,0,18,19,6,2,0,0,1,0,0,0,0,1,1,1,1,1,26,6,1499,2,7,FORD TRANSIT CONNECT,3,E01023778,0,4
2024201456690,2024,201456690,1,19,0,-1,19,-1,-1,-1,0,8,0,0,0,0,1,9,-1,6,3,-1,-1,1499,2,7,FORD TRANSIT CONNECT,-1,-1,0,-1
2024211456163,2024,211456163,1,19,0,-1,19,3,7,-1,0,0,0,0,7,0,3,1,-1,6,1,23,5,1753,2,12,FORD TRANSIT CONNECT,9,E01029712,0,1
2024311459008,2024,311459008,1,19,0,-1,5,7,3,-1,0,0,0,0,0,0,3,1,-1,6,1,40,7,1753,2,17,FORD TRANSIT CONNECT,2,E01028101,0,2
2024211530734,2024,211530734,1,19,0,-1,19,5,1,-1,0,0,0,0,0,0,0,1,-1,6,1,19,4,1753,2,17,FORD TRANSIT CONNECT,4,E01029598,0,1
2024311517229,2024,311517229,3,19,0,-1,3,7,3,-1,0,1,0,0,1,1,1,1,-1,2,1,50,8,1499,2,8,FORD TRANSIT CONNECT,-1,-1,0,-1
2024351402048,2024,351402048,1,19,0,-1,19,1,5,-1,0,1,0,0,4,6,1,9,-1,1,1,30,6,1499,2,1,FORD TRANSIT CONNECT,3,E01018094,0,1
2024430113236,2024,430113236,3,19,0,2,2,0,0,0,0,0,0,0,0,0,2,1,6,6,1,67,10,1753,2,19,FORD TRANSIT CONNECT,2,E01032941,0,1
2024421431025,2024,421431025,1,19,0,-1,19,5,1,-1,0,1,0,0,0,0,1,1,-1,6,1,34,6,1753,2,19,FORD TRANSIT CONNECT,4,E01022012,0,2
2024010544792,2024,010544792,1,19,0,4,4,7,3,0,0,1,0,0,0,0,2,1,1,1,1,49,8,1499,2,1,FORD TRANSIT CONNECT,4,E01023337,0,3
2024631476170,2024,631476170,1,19,0,-1,9,4,2,-1,0,6,0,0,0,0,3,1,-1,1,1,25,5,1560,2,9,FORD TRANSIT CONNECT,6,W01000689,0,3
2024201467701,2024,201467701,2,19,0,-1,19,3,7,-1,0,0,1,10,0,0,1,1,-1,6,1,33,6,1560,2,9,FORD TRANSIT CONNECT,2,E01009741,0,1
2024111406821,2024,111406821,1,19,0,-1,19,7,3,-1,0,8,0,0,0,0,1,1,-1,6,1,30,6,1560,2,10,FORD TRANSIT CONNECT,-1,-1,0,-1
2024622400175,2024,622400175,1,19,0,5,5,6,2,0,0,8,0,0,0,0,1,1,6,6,1,47,8,999,2,2,FORD TRANSIT CONNECT,5,W01001817,0,1
2024201423958,2024,201423958,3,19,0,-1,2,0,0,-1,0,0,0,0,0,0,2,9,-1,6,1,29,6,1560,2,9,FORD TRANSIT CONNECT,2,E01009929,0,1
2024520402829,2024,520402829,1,19,0,16,19,2,7,0,0,0,0,0,0,0,3,1,2,2,1,60,9,1560,2,8,FORD TRANSIT CONNECT,4,E01025370,0,5
2024141494216,2024,141494216,1,19,0,-1,19,8,5,-1,0,2,0,0,0,0,1,1,-1,1,1,68,10,1753,2,14,FORD TRANSIT CONNECT,7,E01013247,0,4
2024461482466,2024,461482466,1,19,0,-1,5,7,7,-1,0,0,0,4,0,0,1,1,-1,6,3,20,4,1753,2,12,FORD TRANSIT CONNECT,-1,-1,0,-1
2024141437112,2024,141437112,1,19,0,-1,19,2,7,-1,0,0,0,0,0,0,1,9,-1,6,1,44,7,1499,2,6,FORD TRANSIT CONNECT,7,E01028023,0,4
2024991514921,2024,991514921,1,19,0,-1,19,5,1,-1,0,0,0,0,0,0,1,1,-1,2,1,22,5,1560,2,8,FORD TRANSIT CONNECT,10,-1,0,2
2024430577449,2024,430577449,3,19,0,18,19,5,1,0,0,8,0,0,0,0,3,1,6,6,1,53,8,1560,2,8,FORD TRANSIT CONNECT,5,E01016346,0,4
2024622400691,2024,622400691,1,19,0,18,19,6,2,0,0,1,0,0,0,0,1,1,6,6,1,24,5,1753,2,12,FORD TRANSIT CONNECT,3,W01001093,0,1
2024430382027,2024,430382027,2,19,0,18,19,2,6,0,0,3,0,0,0,0,3,1,6,6,1,-1,-1,1499,2,1,FORD TRANSIT CONNECT,-1,-1,0,-1
2024421481625,2024,421481625,1,19,0,-1,19,2,6,-1,0,0,0,0,0,0,1,1,-1,2,1,48,8,1753,2,11,FORD TRANSIT CONNECT,9,E01021428,0,1
2024440427990,2024,440427990,2,19,0,18,19,1,6,0,0,1,1,0,0,0,1,1,2,2,1,23,5,1499,2,6,FORD TRANSIT CONNECT,4,E01017058,0,2
2024141557352,2024,141557352,2,19,0,-1,5,1,5,-1,0,6,0,0,0,0,3,1,-1,6,3,-1,-1,1753,2,18,FORD TRANSIT CONNECT,-1,-1,0,-1
2024302500011,2024,302500011,3,19,0,18,19,1,5,0,0,0,0,0,0,0,2,1,6,6,1,58,9,1560,2,10,FORD TRANSIT CONNECT,10,E01033532,0,3
2024991531364,2024,991531364,2,19,0,-1,4,3,7,-1,0,0,0,0,0,0,2,1,-1,1,1,58,9,1499,2,3,FORD TRANSIT CONNECT,4,-1,0,2
2024201461232,2024,201461232,2,19,0,-1,19,8,4,-1,0,0,0,0,0,0,2,1,-1,6,1,18,4,1560,2,10,FORD TRANSIT CONNECT,-1,-1,0,-1
2024221422295,2024,221422295,2,19,0,-1,19,5,1,-1,0,2,0,0,0,0,3,1,-1,6,1,59,9,1499,2,4,FORD TRANSIT CONNECT,6,E01028826,0,3
2024131496275,2024,131496275,1,19,0,-1,19,2,6,-1,0,8,0,0,0,0,1,1,-1,6,3,-1,-1,1753,2,21,FORD TRANSIT CONNECT,-1,-1,0,-1
2024010498709,2024,010498709,2,19,0,11,11,9,9,99,99,9,9,99,9,99,9,9,6,6,1,26,6,1499,2,6,FORD TRANSIT CONNECT,7,E01022087,0,4
2024421469101,2024,421469101,1,19,0,-1,14,3,7,-1,0,1,0,0,0,0,4,9,-1,6,1,30,6,1499,2,7,FORD TRANSIT CONNECT,4,E01021862,0,1
2024401413155,2024,401413155,1,19,0,-1,5,1,7,-1,0,6,0,0,0,0,1,1,-1,1,1,65,9,1560,2,9,FORD TRANSIT CONNECT,4,E01017543,0,3
2024552400010,2024,552400010,2,19,0,18,19,8,4,0,0,0,0,1,1,4,1,1,6,6,1,36,7,1753,2,20,FORD TRANSIT CONNECT,3,E01015308,0,3
2024520401970,2024,520401970,2,19,0,18,19,5,1,0,0,1,0,0,0,0,1,1,6,6,1,67,10,1753,2,11,FORD TRANSIT CONNECT,7,E01029027,0,3
2024211532915,2024,211532915,1,19,0,-1,7,3,6,-1,0,1,0,0,0,0,1,1,-1,1,2,27,6,1753,2,17,FORD TRANSIT CONNECT,-1,-1,0,-1
2024010499559,2024,010499559,1,19,0,18,19,1,5,0,0,0,0,0,0,0,1,1,1,1,1,22,5,1499,2,2,FORD TRANSIT CONNECT,9,E01000656,0,4
2024522402223,2024,522402223,1,19,0,18,19,4,8,0,0,1,0,0,1,10,4,1,6,6,1,22,5,1499,2,0,FORD TRANSIT CONNECT,2,E01014691,0,1
2024361462899,2024,361462899,1,19,-1,-1,5,-1,-1,-1,0,1,0,0,0,0,1,9,-1,1,2,49,8,1560,2,10,FORD TRANSIT CONNECT,6,E01026541,0,1
2024131441397,2024,131441397,1,19,0,-1,19,5,1,-1,0,0,5,0,0,0,4,1,-1,6,1,19,4,1499,2,2,FORD TRANSIT CONNECT,9,E01011715,0,1
2024010526656,2024,010526656,3,19,0,18,19,3,7,0,0,1,0,1,0,0,2,1,6,6,1,30,6,1499,2,5,FORD TRANSIT CONNECT,6,E01002563,0,1
2024451423812,2024,451423812,2,19,0,-1,3,1,7,-1,0,1,0,0,0,0,1,9,-1,6,1,40,7,1499,2,6,FORD TRANSIT CONNECT,6,E01030515,0,1
2024070626577,2024,070626577,1,19,0,9,9,3,6,0,0,1,0,0,0,0,2,1,2,2,1,43,7,1753,2,15,FORD TRANSIT CONNECT,8,E01018567,0,1
2024351458400,2024,351458400,2,19,0,-1,19,1,5,-1,0,0,0,0,1,0,1,1,-1,2,1,51,8,1560,2,9,FORD TRANSIT CONNECT,7,E01018011,0,2
2024070983171,2024,070983171,1,19,0,-1,19,3,7,-1,0,0,1,0,0,0,1,1,-1,6,1,20,4,1753,2,17,FORD TRANSIT CONNECT,9,E01018669,0,1
2024531410377,2024,531410377,1,19,0,-1,9,8,4,-1,0,6,0,0,0,0,0,1,-1,6,1,67,10,1499,2,6,FORD TRANSIT CONNECT,9,E01022363,0,2
2024131521811,2024,131521811,1,19,0,-1,-1,-1,-1,-1,-1,-1,-1,-1,-1,-1,-1,1,-1,6,3,-1,-1,1560,2,10,FORD TRANSIT CONNECT,-1,-1,0,-1
2024010549087,2024,010549087,1,19,0,9,9,5,2,0,0,1,0,0,0,0,3,1,2,2,1,55,8,1499,2,6,FORD TRANSIT CONNECT,6,E01015778,0,4
2024320069640,2024,320069640,2,19,0,7,7,4,6,0,0,6,0,0,0,0,3,1,1,1,2,39,7,1499,2,5,FORD TRANSIT CONNECT,5,E01026213,0,4
2024451482691,2024,451482691,3,19,0,-1,19,7,3,-1,0,0,0,0,0,0,2,1,-1,6,1,40,7,1499,2,1,FORD TRANSIT CONNECT,-1,-1,0,-1
2024010524994,2024,010524994,3,19,0,18,19,1,5,0,0,1,0,0,0,0,0,2,1,1,1,22,5,1499,2,1,FORD TRANSIT CONNECT,8,E01003422,0,3
2024010520131,2024,010520131,1,19,0,3,3,1,5,0,0,0,0,0,0,0,2,1,1,1,1,54,8,1499,2,7,FORD TRANSIT CONNECT,5,E01003704,0,2
2024041441603,2024,041441603,1,19,0,-1,13,4,7,-1,0,0,5,11,0,0,1,1,-1,1,1,55,8,1753,2,14,FORD TRANSIT CONNECT,4,E01025216,0,1
2024371468398,2024,371468398,1,19,0,-1,19,1,5,-1,0,1,1,0,0,0,3,1,-1,9,1,41,7,1753,2,16,FORD TRANSIT CONNECT,1,E01030279,0,1
2024031488975,2024,031488975,1,19,0,-1,11,6,2,-1,0,0,0,0,1,11,4,2,-1,9,1,27,6,1560,2,10,FORD TRANSIT CONNECT,1,E01019156,0,1
2024061470141,2024,061470141,2,19,0,-1,19,5,3,-1,0,6,0,0,0,0,4,1,-1,6,-1,-1,-1,1499,2,6,FORD TRANSIT CONNECT,-1,-1,0,-1
2024141510106,2024,141510106,1,19,0,-1,1,0,7,-1,0,0,0,0,0,0,2,1,-1,1,1,47,8,1499,2,7,FORD TRANSIT CONNECT,5,E01007996,0,1
2024421453037,2024,421453037,2,19,0,-1,19,8,4,-1,0,1,0,0,0,0,1,1,-1,1,1,39,7,1499,2,7,FORD TRANSIT CONNECT,8,E01021482,0,4
2024531483130,2024,531483130,4,19,0,-1,3,4,8,-1,0,0,0,0,0,0,2,1,-1,2,1,21,5,1499,2,7,FORD TRANSIT CONNECT,4,E01022421,0,2
2024461396171,2024,461396171,1,19,0,-1,11,5,1,-1,0,1,0,0,0,0,0,9,-1,1,1,47,8,1499,2,7,FORD TRANSIT CONNECT,1,E01024580,0,3
2024520402948,2024,520402948,1,19,0,18,19,6,2,0,0,8,0,0,0,0,1,1,6,6,1,23,5,1753,2,17,FORD TRANSIT CONNECT,4,E01029111,0,1
2024451440933,2024,451440933,3,19,0,-1,3,2,6,-1,0,8,0,0,0,0,1,1,-1,2,1,17,4,1499,2,5,FORD TRANSIT CONNECT,6,E01030310,0,1
2024461506881,2024,461506881,1,19,0,-1,19,7,3,-1,0,1,0,0,0,0,1,9,-1,6,3,-1,-1,1499,2,7,FORD TRANSIT CONNECT,-1,-1,0,-1
2024221502552,2024,221502552,1,19,0,-1,4,2,7,-1,0,0,0,0,0,0,1,1,-1,1,1,20,4,1499,2,7,FORD TRANSIT CONNECT,5,E01014079,0,3
2024440090783,2024,440090783,4,19,0,4,4,2,6,0,0,0,0,0,0,0,2,1,2,2,1,33,6,1560,2,9,FORD TRANSIT CONNECT,7,E01023171,0,3