collision_index,collision_year,collision_ref_no,vehicle_reference,vehicle_type,towing_and_articulation,vehicle_manoeuvre_historic,vehicle_manoeuvre,vehicle_direction_from,vehicle_direction_to,vehicle_location_restricted_lane_historic,vehicle_location_restricted_lane,junction_location,skidding_and_overturning,hit_object_in_carriageway,vehicle_leaving_carriageway,hit_object_off_carriageway,first_point_of_impact,vehicle_left_hand_drive,journey_purpose_of_driver_historic,journey_purpose_of_driver,sex_of_driver,age_of_driver,age_band_of_driver,engine_capacity_cc,propulsion_code,age_of_vehicle,generic_make_model,driver_imd_decile,lsoa_of_driver,escooter_flag,driver_distance_banding
2024332401260,2024,332401260,2,19,0,-1,2,0,0,-1,0,2,0,0,0,0,2,1,-1,6,1,52,8,1560,2,9,FORD TRANSIT CONNECT,1,E01013726,0,1
2024010511938,2024,010511938,1,19,0,7,7,1,3,0,0,5,0,0,1,0,4,1,1,1,1,49,8,999,1,4,FORD TRANSIT CONNECT,3,E01002396,0,3
2024461498487,2024,461498487,1,19,0,-1,19,7,3,-1,0,0,0,0,0,0,1,9,-1,6,1,29,6,1499,2,5,FORD TRANSIT CONNECT,7,E01035277,0,1
2024041478030,2024,041478030,2,19,0,-1,19,5,1,-1,0,1,0,0,0,0,1,1,-1,1,1,25,5,1753,2,17,FORD TRANSIT CONNECT,10,E01025259,0,1
2024201413557,2024,201413557,1,19,0,-1,19,5,8,-1,0,0,0,4,0,0,1,9,-1,2,1,30,6,1499,2,2,FORD TRANSIT CONNECT,1,E01009007,0,1
2024622400711,2024,622400711,1,19,0,18,19,2,6,0,0,1,0,0,0,0,1,1,6,6,1,23,5,1560,2,9,FORD TRANSIT CONNECT,1,W01001884,0,2
2024211429659,2024,211429659,1,19,0,-1,19,2,6,-1,0,0,0,0,0,0,1,1,-1,9,1,26,6,1499,2,2,FORD TRANSIT CONNECT,6,E01031033,0,4
2024010500899,2024,010500899,2,19,0,99,99,9,9,99,99,9,9,99,9,99,1,9,6,6,1,39,7,1499,2,7,FORD TRANSIT CONNECT,2,E01001263,0,1
2024010507673,2024,010507673,4,19,0,2,2,0,0,0,0,8,0,0,0,0,1,2,6,6,3,-1,-1,1499,2,6,FORD TRANSIT CONNECT,-1,-1,0,-1
2024361489403,2024,361489403,1,19,0,-1,-1,-1,-1,-1,0,0,0,0,0,0,3,9,-1,6,1,39,7,1753,2,13,FORD TRANSIT CONNECT,4,E01026429,0,4
2024010551053,2024,010551053,2,19,0,99,99,9,9,99,99,9,9,99,9,99,1,9,6,6,3,-1,-1,1560,2,8,FORD TRANSIT CONNECT,-1,-1,0,-1
2024010524302,2024,010524302,1,19,0,18,19,5,1,0,0,6,0,0,0,0,1,1,1,1,1,51,8,1560,2,9,FORD TRANSIT CONNECT,-1,-1,0,-1
2024471475017,2024,471475017,1,19,0,-1,5,5,1,-1,0,8,0,0,0,0,3,1,-1,1,1,57,9,1753,2,19,FORD TRANSIT CONNECT,9,E01016875,0,1
2024010503503,2024,010503503,1,19,0,4,4,3,7,0,0,1,0,0,0,0,2,1,6,6,1,60,9,1499,2,7,FORD TRANSIT CONNECT,3,E01001480,0,1
2024010533540,2024,010533540,1,19,0,1,1,3,7,0,0,6,0,0,0,0,3,1,6,6,1,57,9,1499,2,7,FORD TRANSIT CONNECT,3,E01000638,0,1
2024371442732,2024,371442732,2,19,0,-1,10,3,7,-1,0,1,0,0,0,0,2,1,-1,6,1,66,10,1499,2,6,FORD TRANSIT CONNECT,8,E01029885,0,1
2024221429144,2024,221429144,2,19,0,-1,19,1,5,-1,0,8,0,0,0,0,1,1,-1,6,1,33,6,1753,2,19,FORD TRANSIT CONNECT,9,E01032218,0,3
2024332400821,2024,332400821,1,19,0,-1,19,6,2,-1,0,8,0,0,0,0,1,1,-1,6,1,33,6,1753,2,16,FORD TRANSIT CONNECT,7,E01019859,0,1
2024070978668,2024,070978668,1,19,0,-1,4,6,1,-1,0,1,0,0,0,0,1,1,-1,6,3,-1,-1,1753,2,12,FORD TRANSIT CONNECT,-1,-1,0,-1
202460Q059053,2024,60Q059053,1,19,0,17,19,3,7,0,0,0,0,0,1,11,4,1,6,6,1,35,6,1499,2,3,FORD TRANSIT CONNECT,-1,-1,0,-1
2024440095995,2024,440095995,1,19,0,18,19,5,1,0,0,1,0,0,0,0,1,1,6,6,1,43,7,1753,2,19,FORD TRANSIT CONNECT,4,E01031443,0,4
2024131402346,2024,131402346,1,19,0,-1,19,3,7,-1,0,1,0,0,0,0,1,1,-1,6,1,29,6,1753,2,17,FORD TRANSIT CONNECT,7,E01011162,0,1
2024061480312,2024,061480312,2,19,0,-1,19,4,8,-1,0,1,0,0,0,0,1,2,-1,9,1,53,8,1560,2,9,FORD TRANSIT CONNECT,2,E01004956,0,3
2024361498054,2024,361498054,2,19,0,-1,19,6,2,-1,0,8,0,0,0,0,1,1,-1,1,1,28,6,1499,2,5,FORD TRANSIT CONNECT,2,E01035140,0,1
2024311417158,2024,311417158,2,19,0,-1,10,8,6,-1,0,1,0,0,0,0,2,1,-1,1,2,29,6,1753,2,14,FORD TRANSIT CONNECT,3,E01028338,0,4
2024461511012,2024,461511012,1,19,0,-1,12,3,8,-1,0,0,0,0,0,0,0,1,-1,1,1,28,6,1499,2,1,FORD TRANSIT CONNECT,7,E01016094,0,1
2024141534206,2024,141534206,1,19,0,-1,19,1,5,-1,0,0,1,0,0,0,1,1,-1,9,1,41,7,1753,2,14,FORD TRANSIT CONNECT,1,E01007378,0,2
2024311531537,2024,311531537,2,19,0,-1,2,0,0,-1,0,0,1,0,0,0,2,1,-1,6,-1,-1,-1,1560,2,10,FORD TRANSIT CONNECT,-1,-1,0,-1
2024461419758,2024,461419758,1,19,0,-1,19,2,6,-1,0,0,0,0,0,0,4,9,-1,6,3,-1,-1,1499,2,5,FORD TRANSIT CONNECT,-1,-1,0,-1
2024010546165,2024,010546165,2,19,9,99,99,9,9,99,99,9,9,99,9,99,9,9,6,6,3,-1,-1,1499,2,7,FORD TRANSIT CONNECT,5,E01023324,0,4
2024631418657,2024,631418657,2,19,0,-1,19,5,1,-1,0,8,0,0,0,0,1,2,-1,9,1,58,9,1753,2,20,FORD TRANSIT CONNECT,7,W01000067,0,4
2024351401587,2024,351401587,1,20,0,-1,5,3,7,-1,0,0,0,0,0,0,3,9,-1,2,1,-1,-1,-1,-1,-1,FORD TRANSIT CONNECT,-1,-1,0,-1
2024481557919,2024,481557919,1,19,0,-1,19,5,1,-1,0,1,0,0,0,0,1,1,-1,1,1,50,8,1499,2,3,FORD TRANSIT CONNECT,-1,-1,0,-1
2024010516525,2024,010516525,3,19,0,5,5,7,3,0,0,8,0,0,0,0,4,1,6,6,1,57,9,1499,2,1,FORD TRANSIT CONNECT,9,E01023461,0,4
2024520403252,2024,520403252,1,19,0,17,19,8,4,0,0,0,0,0,0,0,1,1,6,6,1,65,9,1560,2,10,FORD TRANSIT CONNECT,5,E01029287,0,2
2024531534607,2024,531534607,2,19,0,-1,19,7,3,-1,0,8,0,10,0,0,1,1,-1,1,1,52,8,1499,2,5,FORD TRANSIT CONNECT,6,E01034797,0,4
2024501397362,2024,501397362,1,19,0,-1,6,7,4,-1,-1,0,0,0,0,0,2,1,-1,6,1,79,11,1499,2,6,FORD TRANSIT CONNECT,9,E01019958,0,3
202454A424524,2024,54A424524,1,19,0,18,19,2,6,0,0,0,0,0,0,0,1,1,6,6,3,-1,-1,1560,2,9,FORD TRANSIT CONNECT,-1,-1,0,-1
2024201420284,2024,201420284,1,19,0,-1,19,2,6,-1,0,0,0,0,0,0,1,1,-1,1,2,23,5,1499,2,3,FORD TRANSIT CONNECT,1,E01013652,0,4
2024622400054,2024,622400054,1,19,0,5,5,4,8,0,0,1,0,0,0,0,1,1,2,2,1,50,8,1499,2,4,FORD TRANSIT CONNECT,2,W01001690,0,3
2024161522602,2024,161522602,2,19,0,-1,4,5,1,-1,0,0,0,0,0,0,1,1,-1,6,3,-1,-1,1753,2,21,FORD TRANSIT CONNECT,-1,-1,0,-1
2024520403190,2024,520403190,1,19,0,18,19,1,5,0,0,0,0,0,0,0,1,1,1,1,2,36,7,1753,2,14,FORD TRANSIT CONNECT,6,E01020059,0,2
2024010524490,2024,010524490,1,19,0,99,99,9,9,99,99,9,9,99,9,99,2,9,1,1,1,62,9,1499,2,5,FORD TRANSIT CONNECT,6,E01015925,0,3
2024010500646,2024,010500646,1,19,0,18,19,7,3,0,0,1,0,0,0,0,2,1,2,2,1,36,7,1499,2,3,FORD TRANSIT CONNECT,9,E01002255,0,3
2024010548171,2024,010548171,1,19,0,18,19,7,3,0,0,1,0,0,0,0,3,1,6,6,1,21,5,1499,2,3,FORD TRANSIT CONNECT,4,E01015993,0,4
2024411427628,2024,411427628,1,19,0,-1,19,2,6,-1,0,0,0,0,0,0,1,1,-1,1,1,35,6,1499,2,4,FORD TRANSIT CONNECT,7,E01002499,0,3
2024351512294,2024,351512294,1,19,0,-1,19,6,2,-1,0,0,0,0,0,0,1,1,-1,6,1,50,8,1560,2,9,FORD TRANSIT CONNECT,5,E01017960,0,1
2024010518127,2024,010518127,2,19,0,99,99,9,9,99,99,0,9,99,9,99,1,9,6,6,3,33,6,1499,2,8,FORD TRANSIT CONNECT,-1,-1,0,-1
2024052401548,2024,052401548,2,19,0,18,19,7,3,0,0,0,0,0,0,0,3,1,1,1,1,52,8,1499,2,7,FORD TRANSIT CONNECT,1,E01007253,0,1
2024440100546,2024,440100546,2,19,0,18,19,6,2,0,0,0,0,0,0,0,1,1,6,6,1,50,8,1753,2,13,FORD TRANSIT CONNECT,7,E01017197,0,2
2024010536208,2024,010536208,2,19,0,2,2,0,0,0,0,0,0,0,0,0,1,1,6,6,3,-1,-1,1499,2,6,FORD TRANSIT CONNECT,-1,-1,0,-1
2024991536080,2024,991536080,3,19,0,-1,19,1,5,-1,0,1,0,0,0,0,3,1,-1,6,1,44,7,1499,2,5,FORD TRANSIT CONNECT,9,-1,0,4
2024461409718,2024,461409718,1,19,0,-1,9,7,3,-1,0,0,0,0,0,0,1,9,-1,6,1,52,8,1753,2,12,FORD TRANSIT CONNECT,7,E01024236,0,2
2024041518916,2024,041518916,1,19,0,-1,19,3,7,-1,-1,6,0,-1,-1,0,4,9,-1,6,1,52,8,1753,2,18,FORD TRANSIT CONNECT,2,E01025232,0,1
2024161489324,2024,161489324,1,19,0,-1,19,1,7,-1,9,0,0,7,0,0,1,1,-1,9,1,33,6,1753,2,19,FORD TRANSIT CONNECT,-1,-1,0,-1
2024201502870,2024,201502870,2,19,0,-1,19,3,7,-1,0,0,0,0,0,0,2,1,-1,6,-1,-1,-1,1499,2,8,FORD TRANSIT CONNECT,-1,-1,0,-1
2024161432249,2024,161432249,1,19,0,-1,19,1,5,-1,0,0,0,0,7,9,1,1,-1,2,1,66,10,1499,2,7,FORD TRANSIT CONNECT,3,E01012934,0,2
2024440141977,2024,440141977,2,19,0,9,9,3,1,0,0,5,0,0,0,0,3,1,2,2,1,24,5,1753,2,16,FORD TRANSIT CONNECT,4,E01022568,0,1
2024351486422,2024,351486422,2,19,0,-1,4,7,3,-1,0,0,0,0,0,0,1,1,-1,2,1,20,4,1499,2,1,FORD TRANSIT CONNECT,5,E01035569,0,4
2024041437121,2024,041437121,2,19,0,-1,2,5,5,-1,0,0,0,0,0,0,2,1,-1,6,-1,-1,-1,1499,2,7,FORD TRANSIT CONNECT,-1,-1,0,-1
2024010521148,2024,010521148,2,19,0,2,2,0,0,0,0,0,0,0,0,0,3,1,6,6,3,-1,-1,1499,2,6,FORD TRANSIT CONNECT,-1,-1,0,-1
2024440443504,2024,440443504,1,19,0,18,19,7,3,0,0,0,5,4,0,0,1,1,6,6,1,54,8,1753,2,15,FORD TRANSIT CONNECT,3,E01022801,0,1
2024401500612,2024,401500612,2,19,0,-1,3,5,1,-1,0,8,0,0,0,0,1,1,-1,6,1,36,7,1560,2,9,FORD TRANSIT CONNECT,7,E01015770,0,1
2024010519230,2024,010519230,2,19,0,10,10,3,1,0,0,1,0,0,0,0,3,1,1,1,1,25,5,1499,2,5,FORD TRANSIT CONNECT,2,E01001515,0,2
2024340WN6082,2024,340WN6082,3,19,0,-1,19,5,1,-1,0,1,0,0,0,0,2,1,-1,6,1,58,9,1753,2,12,FORD TRANSIT CONNECT,3,E01027191,0,3
2024041527843,2024,041527843,2,19,0,-1,5,7,7,-1,0,3,0,0,3,7,2,1,-1,2,2,34,6,1499,2,5,FORD TRANSIT CONNECT,7,E01025029,0,2
2024010525483,2024,010525483,1,19,0,3,3,1,5,0,0,1,0,0,0,0,2,1,1,1,1,33,6,1499,2,1,FORD TRANSIT CONNECT,3,E01003430,0,2
2024201460913,2024,201460913,1,19,0,-1,10,4,3,-1,0,8,0,0,0,0,4,9,-1,9,1,-1,-1,1753,2,20,FORD TRANSIT CONNECT,1,E01010368,0,2
2024461415895,2024,461415895,2,19,0,-1,7,4,8,-1,0,0,1,0,1,9,2,1,-1,2,1,47,8,1499,2,7,FORD TRANSIT CONNECT,5,E01024010,0,1
2024461394524,2024,461394524,3,19,0,-1,19,5,1,-1,0,0,0,0,0,0,1,1,-1,2,1,49,8,1499,2,8,FORD TRANSIT CONNECT,6,E01016078,0,1
2024302400113,2024,302400113,1,19,0,7,7,2,4,0,0,3,0,0,0,0,1,1,6,6,1,43,7,1753,2,12,FORD TRANSIT CONNECT,8,E01019875,0,1
202454D507924,2024,54D507924,2,19,0,18,19,2,6,0,0,8,0,0,0,0,1,1,1,1,2,54,8,1499,2,2,FORD TRANSIT CONNECT,10,E01022196,0,4
2024211440199,2024,211440199,1,19,0,-1,2,0,0,-1,0,0,0,0,0,0,1,1,-1,6,1,46,8,1560,2,10,FORD TRANSIT CONNECT,2,E01029849,0,1
2024552400937,2024,552400937,3,19,0,4,4,4,8,0,0,0,0,0,0,0,2,1,2,2,1,39,7,1753,2,13,FORD TRANSIT CONNECT,5,E01015274,0,2
2024411482571,2024,411482571,1,19,0,-1,19,8,4,-1,0,0,0,0,1,0,1,1,-1,6,1,20,4,1753,2,20,FORD TRANSIT CONNECT,4,E01023488,0,1
2024211519750,2024,211519750,2,19,0,-1,19,7,3,-1,0,0,0,0,0,0,3,1,-1,2,1,32,6,1753,2,17,FORD TRANSIT CONNECT,5,E01029352,0,3
2024991433061,2024,991433061,2,19,0,-1,19,2,6,-1,0,0,0,0,0,0,2,1,-1,1,1,42,7,999,2,2,FORD TRANSIT CONNECT,3,-1,0,4
2024440260055,2024,440260055,1,19,0,4,4,7,3,0,0,0,0,0,0,0,2,1,1,1,1,39,7,1753,2,12,FORD TRANSIT CONNECT,10,E01023273,0,3
2024371457588,2024,371457588,1,19,0,-1,-1,-1,-1,-1,0,1,0,0,0,0,0,9,-1,6,1,46,8,1499,2,1,FORD TRANSIT CONNECT,10,E01030183,0,1
2024161403953,2024,161403953,1,8,0,-1,5,3,7,-1,2,1,0,0,0,0,1,1,-1,1,1,51,8,1499,2,8,FORD TRANSIT CONNECT,2,E01033109,0,1
2024010522848,2024,010522848,1,19,0,99,99,9,9,99,99,9,9,99,9,99,9,9,6,6,3,35,6,1499,2,7,FORD TRANSIT CONNECT,5,E01001007,0,3
2024351477756,2024,351477756,2,19,0,-1,19,1,7,-1,0,6,0,0,0,0,2,1,-1,6,1,60,9,1499,2,4,FORD TRANSIT CONNECT,2,E01015605,0,1
2024371411459,2024,371411459,1,19,0,-1,19,3,7,-1,0,1,0,0,3,0,1,1,-1,1,1,22,5,1499,2,8,FORD TRANSIT CONNECT,9,E01025342,0,5
2024340WN6522,2024,340WN6522,2,19,0,-1,5,1,5,-1,0,1,0,0,0,0,2,1,-1,2,1,37,7,1560,2,9,FORD TRANSIT CONNECT,2,E01027214,0,2
2024070436936,2024,070436936,1,19,0,5,5,7,5,0,0,8,0,0,0,0,1,1,2,2,1,35,6,1560,2,9,FORD TRANSIT CONNECT,9,E01018431,0,4
2024221504607,2024,221504607,1,19,0,-1,19,8,5,-1,0,6,0,0,0,0,1,9,-1,6,1,32,6,1753,2,20,FORD TRANSIT CONNECT,2,E01032464,0,4
2024161521658,2024,161521658,2,19,0,-1,14,3,7,-1,0,1,1,0,7,0,3,1,-1,6,1,32,6,1753,2,18,FORD TRANSIT CONNECT,-1,-1,0,-1
2024311472545,2024,311472545,2,19,0,-1,20,0,0,-1,0,2,0,0,0,0,2,1,-1,6,-1,-1,-1,1753,2,17,FORD TRANSIT CONNECT,-1,-1,0,-1
2024221452442,2024,221452442,3,19,0,-1,2,0,0,-1,0,0,0,0,0,0,1,9,-1,6,-1,56,9,1499,2,5,FORD TRANSIT CONNECT,-1,-1,0,-1
2024361511487,2024,361511487,1,19,0,-1,7,-1,3,-1,0,0,0,0,1,0,1,1,-1,9,1,21,5,1753,2,18,FORD TRANSIT CONNECT,4,E01026741,0,2
2024371479724,2024,371479724,1,19,0,-1,9,1,5,-1,0,8,0,0,0,0,1,1,-1,1,2,24,5,999,1,1,FORD TRANSIT CONNECT,7,E01030049,0,4
2024052401608,2024,052401608,2,19,0,18,19,8,4,0,0,1,0,0,0,0,1,1,6,6,1,37,7,1499,2,8,FORD TRANSIT CONNECT,7,E01007044,0,2
2024501416024,2024,501416024,1,19,0,-1,7,4,8,-1,0,5,0,0,0,0,1,1,-1,2,1,38,7,1560,2,8,FORD TRANSIT CONNECT,4,E01019024,0,1
2024440359723,2024,440359723,1,19,0,12,12,4,6,0,0,7,0,0,0,0,1,1,6,6,1,22,5,1499,2,7,FORD TRANSIT CONNECT,1,E01022968,0,3
2024481563471,2024,481563471,2,19,0,-1,19,3,7,-1,0,8,0,0,0,0,1,1,-1,1,1,26,6,1499,2,1,FORD TRANSIT CONNECT,-1,-1,0,-1
2024061424158,2024,061424158,1,19,0,-1,19,-1,-1,-1,0,8,1,11,1,10,1,1,-1,9,1,43,7,1753,2,15,FORD TRANSIT CONNECT,10,E01018589,0,2
2024311414986,2024,311414986,2,19,0,-1,7,8,3,-1,0,8,0,0,0,0,4,9,-1,1,1,40,7,1499,2,1,FORD TRANSIT CONNECT,-1,-1,0,-1
2024302400915,2024,302400915,2,19,0,18,19,2,6,0,0,0,0,0,0,0,0,1,1,1,1,54,8,1560,2,7,FORD TRANSIT CONNECT,2,E01013473,0,1
2024461405709,2024,461405709,1,19,0,-1,19,6,2,-1,0,0,0,0,0,0,1,1,-1,6,1,32,6,1753,2,11,FORD TRANSIT CONNECT,5,E01023978,0,4
2024122400925,2024,122400925,2,19,0,2,2,0,0,0,0,0,0,0,0,0,3,1,6,6,1,64,9,1499,2,7,FORD TRANSIT CONNECT,5,E01027828,0,3
2024991412614,2024,991412614,1,19,0,-1,9,2,7,-1,0,1,1,0,0,0,1,1,-1,9,1,29,6,1753,2,12,FORD TRANSIT CONNECT,3,-1,0,4
2024501444815,2024,501444815,1,19,0,-1,6,7,5,-1,0,8,0,0,0,0,1,1,-1,9,2,37,7,1753,2,18,FORD TRANSIT CONNECT,8,E01015097,0,1
2024320065638,2024,320065638,2,19,0,10,10,1,7,0,0,1,0,0,0,0,2,1,-1,-1,1,55,8,1753,2,20,FORD TRANSIT CONNECT,4,E01026385,0,1
2024552400852,2024,552400852,2,19,0,10,10,6,2,0,0,5,0,0,0,0,3,1,6,6,1,45,7,1499,2,4,FORD TRANSIT CONNECT,2,E01015537,0,4
2024052401194,2024,052401194,2,19,0,4,4,3,7,0,0,0,0,0,0,0,2,1,1,1,1,34,6,1499,2,4,FORD TRANSIT CONNECT,6,E01006389,0,4
2024501494215,2024,501494215,1,19,0,-1,19,8,3,-1,0,0,0,0,0,0,1,1,-1,6,1,65,9,1560,2,10,FORD TRANSIT CONNECT,3,E01018991,0,3
2024340WN5942,2024,340WN5942,2,19,0,-1,7,5,7,-1,0,1,0,0,0,0,2,1,-1,1,1,77,11,1499,2,7,FORD TRANSIT CONNECT,3,E01027314,0,3
2024401406708,2024,401406708,2,19,0,-1,3,5,1,-1,0,0,0,0,0,0,2,1,-1,1,1,39,7,1499,2,7,FORD TRANSIT CONNECT,5,E01035583,0,4
2024201511351,2024,201511351,1,19,0,-1,19,4,6,-1,0,0,0,0,0,0,1,1,-1,6,1,34,6,1560,2,9,FORD TRANSIT CONNECT,4,E01009620,0,1
2024010514792,2024,010514792,1,19,0,5,5,5,1,0,0,1,0,0,0,0,1,1,1,1,1,34,6,1499,2,2,FORD TRANSIT CONNECT,9,E01004694,0,2
2024221426744,2024,221426744,2,19,0,-1,9,7,5,-1,0,6,0,0,0,0,1,1,-1,9,1,68,10,1753,2,17,FORD TRANSIT CONNECT,-1,-1,0,-1
2024010505246,2024,010505246,3,19,0,10,10,1,7,0,0,1,0,0,0,0,1,1,1,1,1,51,8,999,2,3,FORD TRANSIT CONNECT,2,E01004702,0,1
2024351469688,2024,351469688,1,19,0,-1,10,2,1,-1,0,6,0,0,0,0,3,1,-1,6,1,61,9,1753,2,16,FORD TRANSIT CONNECT,7,E01018223,0,3
2024421496724,2024,421496724,1,19,0,-1,20,4,8,-1,2,0,0,0,0,0,2,1,-1,1,1,34,6,1499,2,2,FORD TRANSIT CONNECT,-1,-1,0,-1
2024471471856,2024,471471856,5,19,0,-1,19,3,7,-1,0,1,0,0,0,0,4,1,-1,1,1,23,5,1753,2,17,FORD TRANSIT CONNECT,9,E01031805,0,1
2024201527028,2024,201527028,3,19,0,-1,2,0,0,-1,0,2,0,0,0,0,2,1,-1,6,1,-1,-1,1560,2,9,FORD TRANSIT CONNECT,3,E01009838,0,1
2024332401220,2024,332401220,2,19,0,-1,19,4,8,-1,0,0,0,0,0,0,1,1,-1,6,1,-1,-1,1560,2,9,FORD TRANSIT CONNECT,-1,-1,0,-1
2024201467594,2024,201467594,1,19,0,-1,19,6,2,-1,0,0,0,0,0,0,1,1,-1,6,1,54,8,1753,2,18,FORD TRANSIT CONNECT,3,E01009977,0,2
2024141546073,2024,141546073,1,19,0,-1,19,6,2,-1,0,0,0,0,1,3,1,1,-1,1,1,41,7,1499,2,3,FORD TRANSIT CONNECT,2,E01034846,0,2
2024631477936,2024,631477936,1,19,0,-1,14,2,6,-1,0,8,1,0,0,0,3,1,-1,9,1,26,6,1753,2,17,FORD TRANSIT CONNECT,9,W01000609,0,3
2024101523161,2024,101523161,1,19,0,-1,9,7,4,-1,0,8,0,0,0,0,1,9,-1,6,1,46,8,1753,2,16,FORD TRANSIT CONNECT,1,E01008858,0,1
2024471436283,2024,471436283,2,19,0,-1,2,0,0,-1,0,8,0,0,0,0,4,1,-1,6,-1,-1,-1,1499,2,3,FORD TRANSIT CONNECT,-1,-1,0,-1
2024421430585,2024,421430585,3,19,0,-1,4,5,1,-1,0,0,0,0,0,0,2,1,-1,1,1,42,7,1499,2,7,FORD TRANSIT CONNECT,1,E01030021,0,4
2024201520431,2024,201520431,2,19,0,-1,19,4,8,-1,0,8,0,0,0,0,1,9,-1,9,1,35,6,1499,2,2,FORD TRANSIT CONNECT,1,E01009101,0,2
2024031450486,2024,031450486,1,19,0,-1,19,5,1,-1,0,0,1,0,2,11,1,1,-1,6,1,21,5,1753,2,20,FORD TRANSIT CONNECT,-1,-1,0,-1
2024411419293,2024,411419293,1,19,0,-1,5,-1,-1,-1,0,6,0,0,0,0,3,1,-1,6,2,45,7,1499,2,1,FORD TRANSIT CONNECT,8,E01034430,0,4
2024320695051,2024,320695051,2,19,0,4,4,2,6,0,0,0,0,0,1,0,2,1,1,1,1,28,6,1753,2,11,FORD TRANSIT CONNECT,7,E01033394,0,3
2024340WN1592,2024,340WN1592,1,19,0,-1,9,4,2,-1,0,5,0,0,0,0,4,1,-1,9,1,21,5,1499,2,6,FORD TRANSIT CONNECT,8,E01027216,0,1
2024340WN5562,2024,340WN5562,1,19,0,-1,9,5,3,-1,0,8,0,0,0,0,3,1,-1,1,1,72,10,1560,2,8,FORD TRANSIT CONNECT,7,E01027024,0,1
2024451534956,2024,451534956,1,19,0,-1,7,5,8,-1,0,5,0,0,0,0,1,1,-1,9,1,25,5,1499,2,7,FORD TRANSIT CONNECT,5,E01030819,0,4
2024351523257,2024,351523257,1,19,0,-1,9,4,2,-1,0,6,0,0,0,0,1,1,-1,6,1,64,9,1753,2,11,FORD TRANSIT CONNECT,10,E01018234,0,1
2024041480086,2024,041480086,1,19,0,-1,19,5,1,-1,0,1,0,0,0,0,1,1,-1,1,1,27,6,1499,2,4,FORD TRANSIT CONNECT,1,E01024885,0,1
2024201524102,2024,201524102,4,19,0,-1,2,0,0,-1,0,0,0,0,0,0,2,1,-1,6,-1,-1,-1,1499,2,4,FORD TRANSIT CONNECT,-1,-1,0,-1
2024131415452,2024,131415452,1,19,0,-1,19,1,5,-1,0,0,0,0,0,0,4,1,-1,6,3,-1,-1,1499,2,1,FORD TRANSIT CONNECT,-1,-1,0,-1
2024421526796,2024,421526796,2,19,0,-1,19,2,6,-1,0,0,0,0,0,0,2,1,-1,1,1,41,7,1499,2,3,FORD TRANSIT CONNECT,10,E01021605,0,4
2024311530834,2024,311530834,1,19,0,-1,19,6,2,-1,0,0,0,0,0,0,1,1,-1,2,1,69,10,1499,2,3,FORD TRANSIT CONNECT,-1,-1,0,-1
2024471433104,2024,471433104,2,19,0,-1,19,1,5,-1,0,0,0,0,0,0,2,1,-1,1,1,35,6,1499,2,5,FORD TRANSIT CONNECT,9,E01021223,0,4
2024421448954,2024,421448954,2,19,0,-1,19,7,6,-1,0,1,0,0,0,0,1,9,-1,6,1,37,7,1499,2,4,FORD TRANSIT CONNECT,7,E01021993,0,1
2024411401246,2024,411401246,2,19,0,-1,9,1,7,-1,0,8,0,0,0,0,4,9,-1,9,1,23,5,1753,2,17,FORD TRANSIT CONNECT,7,E01023328,0,1
2024421529457,2024,421529457,1,19,0,-1,6,1,7,-1,0,0,0,0,0,0,4,1,-1,2,1,40,7,1499,2,3,FORD TRANSIT CONNECT,5,E01033459,0,1
2024122401234,2024,122401234,2,19,0,4,4,1,5,0,0,1,0,0,0,0,2,1,1,1,1,64,9,1499,2,4,FORD TRANSIT CONNECT,1,E01007530,0,4
2024231524277,2024,231524277,2,19,0,-1,19,6,2,-1,0,0,0,0,0,0,2,1,-1,6,1,48,8,1499,2,8,FORD TRANSIT CONNECT,9,E01031112,0,1
2024010547487,2024,010547487,1,19,0,18,19,5,1,0,0,1,0,0,0,0,4,1,1,1,1,25,5,1499,2,7,FORD TRANSIT CONNECT,7,E01032570,0,2
2024131525756,2024,131525756,3,19,0,-1,19,1,5,-1,0,0,1,0,0,0,1,1,-1,1,1,62,9,1499,2,3,FORD TRANSIT CONNECT,7,E01003820,0,5
2024461440687,2024,461440687,2,19,0,-1,4,5,1,-1,0,0,0,0,0,0,2,9,-1,6,1,34,6,1499,2,3,FORD TRANSIT CONNECT,8,E01024011,0,2
2024991487726,2024,991487726,2,19,0,-1,3,4,8,-1,0,1,0,0,0,0,2,1,-1,6,2,23,5,1499,2,7,FORD TRANSIT CONNECT,-1,-1,0,-1
2024010498810,2024,010498810,2,19,0,99,99,9,9,99,99,9,9,99,9,99,1,9,6,6,3,-1,-1,1499,2,7,FORD TRANSIT CONNECT,-1,-1,0,-1