collision_index,collision_year,collision_ref_no,vehicle_reference,vehicle_type,towing_and_articulation,vehicle_manoeuvre_historic,vehicle_manoeuvre,vehicle_direction_from,vehicle_direction_to,vehicle_location_restricted_lane_historic,vehicle_location_restricted_lane,junction_location,skidding_and_overturning,hit_object_in_carriageway,vehicle_leaving_carriageway,hit_object_off_carriageway,first_point_of_impact,vehicle_left_hand_drive,journey_purpose_of_driver_historic,journey_purpose_of_driver,sex_of_driver,age_of_driver,age_band_of_driver,engine_capacity_cc,propulsion_code,age_of_vehicle,generic_make_model,driver_imd_decile,lsoa_of_driver,escooter_flag,driver_distance_banding
2024991403853,2024,991403853,2,19,0,-1,19,3,7,-1,0,0,0,0,0,0,1,1,-1,6,1,30,6,1499,2,4,FORD TRANSIT CONNECT,-1,-1,0,-1
2024361513473,2024,361513473,1,19,0,-1,19,4,7,-1,0,0,0,0,7,4,3,1,-1,1,1,31,6,1560,2,9,FORD TRANSIT CONNECT,-1,-1,0,-1
2024031448861,2024,031448861,1,19,5,-1,19,3,3,-1,0,0,0,0,1,0,1,1,-1,1,1,30,6,1560,2,10,FORD TRANSIT CONNECT,3,E01007371,0,5
2024371531184,2024,371531184,2,19,0,-1,19,7,3,-1,0,1,0,0,0,0,1,1,-1,2,1,44,7,1499,2,3,FORD TRANSIT CONNECT,7,E01029911,0,3
2024440207456,2024,440207456,1,19,0,2,2,0,0,0,0,0,0,0,0,0,2,1,6,6,1,19,4,1753,2,17,FORD TRANSIT CONNECT,8,E01023253,0,1
2024461508463,2024,461508463,2,19,0,-1,2,2,2,-1,0,1,0,0,0,0,2,9,-1,1,1,30,6,1499,2,7,FORD TRANSIT CONNECT,2,E01016061,0,1
2024520403009,2024,520403009,1,19,0,18,19,2,6,0,0,8,0,0,0,0,2,1,6,6,1,65,9,1499,2,7,FORD TRANSIT CONNECT,4,E01029137,0,1
2024010524903,2024,010524903,3,19,0,18,19,1,5,0,0,0,0,0,0,0,2,1,2,2,1,63,9,1499,2,6,FORD TRANSIT CONNECT,7,E01001106,0,3
2024401444053,2024,401444053,1,19,-1,-1,-1,-1,-1,-1,-1,-1,-1,-1,-1,0,-1,9,-1,6,1,46,8,1499,2,0,FORD TRANSIT CONNECT,7,E01015803,0,1
2024320666999,2024,320666999,1,19,0,-1,-1,2,6,9,9,0,0,0,0,0,1,1,6,6,3,-1,-1,1753,2,14,FORD TRANSIT CONNECT,-1,-1,0,-1
2024010505285,2024,010505285,2,19,0,9,9,5,2,2,2,5,0,10,0,0,1,1,2,2,1,47,8,1499,2,6,FORD TRANSIT CONNECT,3,E01001503,0,2
2024461429819,2024,461429819,1,19,0,-1,19,2,6,-1,0,0,0,0,0,0,4,1,-1,2,1,47,8,1499,2,6,FORD TRANSIT CONNECT,8,E01024203,0,1
2024531512174,2024,531512174,2,19,0,-1,3,5,1,-1,0,0,0,0,0,0,2,1,-1,2,1,29,6,1499,2,6,FORD TRANSIT CONNECT,10,E01022172,0,1
2024010514811,2024,010514811,2,19,0,9,9,1,8,0,0,1,0,0,0,0,1,1,1,1,1,36,7,1499,2,4,FORD TRANSIT CONNECT,2,E01024295,0,4
2024010519691,2024,010519691,1,19,0,18,19,1,5,0,0,1,0,0,0,0,1,1,2,2,1,45,7,1499,2,7,FORD TRANSIT CONNECT,7,E01023832,0,4
2024411417222,2024,411417222,1,19,0,-1,19,2,6,-1,0,0,0,0,0,0,1,1,-1,6,1,36,7,1753,2,19,FORD TRANSIT CONNECT,6,E01023798,0,4
2024461472315,2024,461472315,2,19,0,-1,19,1,5,-1,0,8,1,0,0,0,3,1,-1,2,1,31,6,1499,2,3,FORD TRANSIT CONNECT,7,E01016312,0,5
2024031471159,2024,031471159,1,19,0,-1,7,3,5,-1,0,0,0,0,0,0,4,1,-1,6,1,50,8,1753,2,13,FORD TRANSIT CONNECT,-1,-1,0,-1
2024531485993,2024,531485993,2,19,0,-1,4,5,1,-1,0,0,0,0,0,0,2,2,-1,1,1,32,6,1499,2,6,FORD TRANSIT CONNECT,2,E01016964,0,5
2024451520894,2024,451520894,1,19,0,-1,19,1,5,-1,0,1,0,0,0,0,1,1,-1,6,1,42,7,1499,2,8,FORD TRANSIT CONNECT,6,E01030631,0,1
2024522401908,2024,522401908,3,19,0,18,19,2,6,0,0,0,0,0,0,0,1,1,6,6,1,26,6,1499,2,6,FORD TRANSIT CONNECT,6,E01032073,0,4
2024991529464,2024,991529464,2,19,0,-1,19,6,2,-1,0,1,0,0,0,0,1,1,-1,9,1,40,7,1499,2,0,FORD TRANSIT CONNECT,2,-1,0,4
2024411438708,2024,411438708,1,19,-1,-1,-1,-1,-1,-1,-1,-1,-1,-1,-1,0,-1,9,-1,6,1,31,6,1753,2,15,FORD TRANSIT CONNECT,10,E01021757,0,3
2024401447563,2024,401447563,1,20,0,-1,11,1,7,-1,0,3,0,0,0,0,1,1,-1,6,1,66,10,-1,-1,-1,FORD TRANSIT CONNECT,5,E01017542,0,1
2024010528414,2024,010528414,2,19,0,99,99,9,9,99,99,9,9,99,9,99,1,9,6,6,3,57,9,1499,2,6,FORD TRANSIT CONNECT,3,E01004315,0,1
2024010509106,2024,010509106,2,19,0,3,3,1,5,0,0,0,0,0,0,0,2,1,1,1,1,23,5,1499,2,6,FORD TRANSIT CONNECT,-1,-1,0,-1
2024552400977,2024,552400977,1,19,0,9,9,6,3,0,0,5,0,0,0,0,4,1,1,1,1,17,4,1753,2,16,FORD TRANSIT CONNECT,7,E01015354,0,1
2024411542246,2024,411542246,3,19,0,-1,19,3,7,-1,0,0,0,0,0,0,2,1,-1,6,1,36,7,1499,2,7,FORD TRANSIT CONNECT,9,E01000440,0,4
2024010541887,2024,010541887,1,19,0,10,10,5,2,0,0,5,0,0,0,0,3,1,2,2,1,58,9,1499,2,6,FORD TRANSIT CONNECT,1,E01003290,0,1
2024461399047,2024,461399047,2,19,0,-1,19,1,5,-1,0,0,1,0,0,0,4,1,-1,2,1,29,6,1560,2,7,FORD TRANSIT CONNECT,6,E01024836,0,4
2024010539901,2024,010539901,1,19,0,18,19,8,4,0,0,1,0,0,0,0,4,1,6,6,1,39,7,1499,2,8,FORD TRANSIT CONNECT,2,E01000959,0,1
2024010500874,2024,010500874,1,19,0,18,19,1,5,0,0,0,0,0,0,0,1,1,1,1,1,38,7,1499,2,4,FORD TRANSIT CONNECT,9,E01015939,0,4
2024461490791,2024,461490791,1,19,0,-1,19,3,7,-1,0,1,0,0,0,0,1,1,-1,2,2,28,6,1499,2,4,FORD TRANSIT CONNECT,4,E01016118,0,2
2024041404572,2024,041404572,1,19,0,-1,9,2,8,-1,0,6,0,0,0,0,1,1,-1,1,1,34,6,1499,2,6,FORD TRANSIT CONNECT,1,E01025041,0,3
2024461396435,2024,461396435,1,19,0,-1,9,1,7,-1,0,1,0,0,0,0,4,9,-1,6,1,48,8,1499,2,1,FORD TRANSIT CONNECT,6,E01024783,0,1
2024221525075,2024,221525075,2,19,0,-1,4,7,3,-1,0,0,0,0,0,0,1,1,-1,2,1,39,7,1499,2,7,FORD TRANSIT CONNECT,9,E01028929,0,2
2024010551558,2024,010551558,1,19,0,99,99,9,9,99,99,9,9,99,9,99,9,9,1,1,1,29,6,1499,2,0,FORD TRANSIT CONNECT,2,E01001760,0,3
2024010533829,2024,010533829,2,19,0,5,5,1,5,0,0,0,0,0,0,0,1,1,1,1,1,65,9,1499,2,1,FORD TRANSIT CONNECT,9,E01001413,0,4
2024471429727,2024,471429727,3,19,0,-1,4,7,3,-1,0,0,0,0,0,0,0,1,-1,1,1,63,9,1499,2,1,FORD TRANSIT CONNECT,6,E01031449,0,2
2024522402813,2024,522402813,1,19,0,12,12,8,4,0,0,0,0,0,0,0,3,1,6,6,2,44,7,1753,2,17,FORD TRANSIT CONNECT,1,E01012748,0,5
2024351444025,2024,351444025,2,19,-1,-1,-1,-1,-1,-1,-1,0,-1,-1,-1,0,2,1,-1,6,1,63,9,1499,2,1,FORD TRANSIT CONNECT,9,E01026537,0,5
2024351440792,2024,351440792,1,19,0,-1,19,1,6,-1,0,1,0,0,7,11,1,1,-1,6,1,42,7,1499,2,2,FORD TRANSIT CONNECT,6,E01017616,0,4
2024430492147,2024,430492147,1,19,0,12,12,8,4,0,0,1,0,0,7,4,1,1,6,6,1,-1,-1,1560,2,9,FORD TRANSIT CONNECT,-1,-1,0,-1
2024010524427,2024,010524427,1,19,0,7,7,6,1,0,0,6,0,0,0,0,1,1,1,1,2,36,7,1499,2,5,FORD TRANSIT CONNECT,3,E01030385,0,1
2024161497881,2024,161497881,2,19,0,-1,5,3,7,-1,0,2,0,0,0,0,1,9,-1,6,3,-1,-1,1753,2,19,FORD TRANSIT CONNECT,-1,-1,0,-1
2024430108757,2024,430108757,2,19,0,18,19,3,5,0,0,6,0,0,0,0,1,1,6,6,1,-1,-1,1560,2,9,FORD TRANSIT CONNECT,-1,-1,0,-1
2024361428209,2024,361428209,1,19,0,-1,19,4,8,-1,0,4,0,0,0,0,-1,9,-1,6,1,60,9,1753,2,18,FORD TRANSIT CONNECT,1,E01026824,0,1
2024421429834,2024,421429834,1,19,0,-1,19,7,3,-1,0,0,0,0,0,0,1,9,-1,6,1,50,8,1753,2,12,FORD TRANSIT CONNECT,5,E01021907,0,1
2024201512661,2024,201512661,1,19,0,-1,19,8,6,-1,0,0,0,10,7,1,4,1,-1,1,1,18,4,1499,2,2,FORD TRANSIT CONNECT,1,E01010366,0,1
2024421409979,2024,421409979,1,19,0,-1,7,6,1,-1,0,3,0,0,1,0,4,1,-1,6,1,45,7,1499,2,2,FORD TRANSIT CONNECT,6,E01021983,0,4
2024221532395,2024,221532395,1,19,0,-1,19,7,4,-1,0,0,0,0,2,0,3,9,-1,6,3,45,7,1560,2,8,FORD TRANSIT CONNECT,-1,-1,0,-1
2024430574563,2024,430574563,1,19,0,1,1,3,7,0,0,0,0,0,0,0,2,1,6,6,3,48,8,1499,2,5,FORD TRANSIT CONNECT,-1,-1,0,-1
2024201525894,2024,201525894,1,19,0,-1,19,6,2,-1,0,6,0,0,0,0,1,9,-1,6,1,33,6,1499,2,2,FORD TRANSIT CONNECT,3,E01009876,0,4
2024111398842,2024,111398842,1,19,0,-1,19,1,5,-1,0,1,0,0,0,0,1,1,-1,1,1,30,6,1499,2,2,FORD TRANSIT CONNECT,-1,-1,0,-1
2024461471198,2024,461471198,1,19,0,-1,19,3,7,-1,0,0,0,0,0,0,1,9,-1,6,1,-1,-1,1753,2,16,FORD TRANSIT CONNECT,6,E01032619,0,4
2024061447706,2024,061447706,2,19,0,-1,3,8,4,-1,0,0,0,0,0,0,1,9,-1,9,1,-1,-1,1753,2,13,FORD TRANSIT CONNECT,9,E01006229,0,2
2024451520559,2024,451520559,1,19,0,-1,4,7,3,-1,0,0,0,0,0,0,1,1,-1,6,1,41,7,1499,2,6,FORD TRANSIT CONNECT,2,E01001021,0,1
2024461417515,2024,461417515,1,19,0,-1,7,6,2,-1,0,6,0,0,0,0,1,9,-1,6,2,54,8,1499,2,1,FORD TRANSIT CONNECT,7,E01024798,0,2
2024991502805,2024,991502805,7,19,0,-1,2,1,1,-1,0,0,0,0,0,0,1,9,-1,6,-1,-1,-1,1560,2,8,FORD TRANSIT CONNECT,-1,-1,0,-1
2024122400790,2024,122400790,1,19,0,1,1,8,1,0,0,1,0,0,0,0,2,1,6,6,1,27,6,1499,2,5,FORD TRANSIT CONNECT,9,E01027583,0,1
2024461528426,2024,461528426,1,19,0,-1,19,7,3,-1,0,0,0,0,0,0,1,9,-1,6,1,20,4,1499,2,6,FORD TRANSIT CONNECT,6,E01024332,0,2
2024631462308,2024,631462308,1,19,0,-1,13,8,4,-1,0,8,5,0,2,10,1,1,-1,9,1,29,6,1560,2,8,FORD TRANSIT CONNECT,6,W01001906,0,1
2024311479421,2024,311479421,2,19,0,-1,19,1,5,-1,0,0,0,0,0,0,2,1,-1,9,1,67,10,1753,2,13,FORD TRANSIT CONNECT,-1,-1,0,-1
2024010527111,2024,010527111,1,19,0,6,6,1,1,0,0,0,0,0,0,0,3,1,1,1,1,37,7,1499,2,5,FORD TRANSIT CONNECT,4,E01030601,0,4
2024411487156,2024,411487156,2,19,-1,-1,-1,-1,-1,-1,-1,0,-1,-1,-1,0,-1,9,-1,6,3,-1,-1,1499,2,6,FORD TRANSIT CONNECT,-1,-1,0,-1
2024461398849,2024,461398849,1,19,0,-1,19,6,3,-1,0,8,0,0,0,0,1,9,-1,6,1,37,7,1499,2,4,FORD TRANSIT CONNECT,3,E01024309,0,1
2024451457149,2024,451457149,1,19,0,-1,19,3,7,-1,0,1,0,0,0,0,1,1,-1,2,1,34,6,1499,2,7,FORD TRANSIT CONNECT,4,E01033919,0,4
2024351547127,2024,351547127,2,19,0,-1,19,5,1,-1,0,0,0,0,0,0,1,1,-1,6,1,73,10,1499,2,5,FORD TRANSIT CONNECT,6,E01018098,0,3
2024221456730,2024,221456730,1,19,0,-1,19,4,8,-1,0,4,0,0,0,0,1,9,-1,6,1,61,9,1753,2,16,FORD TRANSIT CONNECT,8,E01013996,0,1
2024201469315,2024,201469315,1,19,0,-1,15,3,7,-1,0,3,0,10,1,0,4,9,-1,6,1,26,6,1499,2,3,FORD TRANSIT CONNECT,2,E01034953,0,3
2024231489661,2024,231489661,1,19,0,-1,19,1,5,-1,0,1,0,0,0,0,1,1,-1,1,1,26,6,1753,2,17,FORD TRANSIT CONNECT,5,E01031037,0,1
2024522401964,2024,522401964,2,19,0,16,19,2,6,0,0,0,0,0,0,0,1,1,6,6,1,24,5,1499,2,7,FORD TRANSIT CONNECT,-1,-1,0,-1
2024010549822,2024,010549822,1,19,0,14,14,7,3,0,0,8,0,0,0,0,1,1,2,2,1,34,6,1499,2,7,FORD TRANSIT CONNECT,-1,-1,0,-1
2024471428066,2024,471428066,1,19,0,-1,7,7,1,-1,0,3,0,0,0,0,3,1,-1,2,1,40,7,1560,2,8,FORD TRANSIT CONNECT,6,E01020938,0,1
2024552400215,2024,552400215,2,19,0,18,19,4,8,0,0,8,0,0,0,0,1,1,1,1,1,27,6,1753,2,11,FORD TRANSIT CONNECT,7,E01020540,0,4
2024411515192,2024,411515192,1,19,0,-1,1,-1,-1,-1,0,0,0,0,0,0,2,9,-1,6,1,41,7,1499,2,8,FORD TRANSIT CONNECT,5,E01023537,0,1
2024461517051,2024,461517051,1,19,0,-1,19,2,6,-1,9,1,0,0,1,1,1,1,-1,9,1,44,7,1499,2,4,FORD TRANSIT CONNECT,8,E01016101,0,1
2024010544959,2024,010544959,4,19,0,13,13,7,3,0,0,0,0,0,0,0,1,1,6,6,3,-1,-1,1560,2,9,FORD TRANSIT CONNECT,-1,-1,0,-1
2024411449991,2024,411449991,4,19,0,-1,4,4,8,-1,0,0,1,0,0,0,1,1,-1,2,1,32,6,1499,2,2,FORD TRANSIT CONNECT,8,E01002922,0,4
2024010512795,2024,010512795,2,19,0,7,7,9,9,99,99,5,9,99,9,99,9,9,6,6,3,25,5,1499,2,3,FORD TRANSIT CONNECT,8,E01000341,0,1
2024332401003,2024,332401003,1,19,0,-1,19,1,5,-1,0,0,0,0,0,0,1,1,-1,1,1,20,4,1499,2,1,FORD TRANSIT CONNECT,6,E01013476,0,4
2024991513632,2024,991513632,2,19,0,-1,19,3,7,-1,0,2,0,0,0,0,1,1,-1,1,1,37,7,1499,2,3,FORD TRANSIT CONNECT,6,-1,0,3
2024221456616,2024,221456616,1,19,0,-1,19,8,4,-1,0,8,0,0,0,0,1,1,-1,1,2,33,6,1560,2,9,FORD TRANSIT CONNECT,5,E01035074,0,2
2024421519812,2024,421519812,2,19,0,-1,19,5,1,-1,0,0,0,0,0,0,2,1,-1,1,1,31,6,1499,2,5,FORD TRANSIT CONNECT,5,E01021922,0,4
2024421504919,2024,421504919,2,19,0,-1,12,2,6,-1,0,0,0,0,0,0,2,1,-1,2,1,30,6,1499,2,3,FORD TRANSIT CONNECT,5,E01021410,0,3
2024211418129,2024,211418129,1,19,0,-1,3,5,1,-1,0,0,0,0,0,0,1,9,-1,1,1,32,6,1499,2,6,FORD TRANSIT CONNECT,10,E01018438,0,4
2024141481150,2024,141481150,1,19,0,-1,19,2,6,-1,0,0,0,0,0,0,1,1,-1,9,1,34,6,1753,2,17,FORD TRANSIT CONNECT,5,E01007698,0,1
2024010516161,2024,010516161,1,19,0,7,7,3,5,5,5,5,0,0,0,0,3,1,2,2,1,45,7,1499,2,5,FORD TRANSIT CONNECT,3,E01003915,0,3
2024311454692,2024,311454692,2,19,0,-1,19,1,1,-1,0,0,0,0,0,0,2,1,-1,1,2,34,6,1499,2,7,FORD TRANSIT CONNECT,-1,-1,0,-1
2024141445747,2024,141445747,2,19,0,-1,19,2,6,-1,0,8,0,0,0,0,3,1,-1,1,1,35,6,1499,2,8,FORD TRANSIT CONNECT,6,E01008104,0,1
2024351403952,2024,351403952,2,19,0,-1,4,7,3,-1,0,0,0,0,0,0,1,9,-1,6,1,38,7,1753,2,17,FORD TRANSIT CONNECT,8,E01029951,0,3
2024401474657,2024,401474657,2,19,0,-1,19,2,2,-1,0,0,0,0,0,0,1,1,-1,6,1,51,8,1499,2,5,FORD TRANSIT CONNECT,9,E01017470,0,1
2024461463339,2024,461463339,3,19,0,-1,19,5,1,-1,0,0,0,0,0,0,2,1,-1,1,1,41,7,1499,2,2,FORD TRANSIT CONNECT,8,E01024286,0,3
2024131460717,2024,131460717,1,19,0,-1,19,7,3,-1,0,0,0,0,0,0,4,1,-1,2,1,38,7,1499,2,4,FORD TRANSIT CONNECT,2,E01011223,0,1
2024401537216,2024,401537216,3,19,0,-1,19,3,7,-1,0,0,0,0,0,0,1,1,-1,1,1,23,5,1499,2,2,FORD TRANSIT CONNECT,9,E01015708,0,2
2024320384687,2024,320384687,1,19,0,9,9,1,7,0,0,8,0,0,0,0,3,1,1,1,1,19,4,1753,2,19,FORD TRANSIT CONNECT,3,E01021358,0,5
2024010507616,2024,010507616,1,19,0,9,9,1,6,0,0,2,0,0,0,0,4,1,6,6,1,49,8,1499,2,6,FORD TRANSIT CONNECT,3,E01003265,0,3
2024430485683,2024,430485683,1,19,0,18,19,4,8,0,0,0,0,0,0,0,1,1,1,1,1,17,4,1499,2,6,FORD TRANSIT CONNECT,1,E01017240,0,4
202454D965824,2024,54D965824,2,19,0,4,4,5,1,0,0,0,0,0,0,0,2,1,6,6,1,55,8,1499,2,6,FORD TRANSIT CONNECT,7,E01031974,0,4
2024461435358,2024,461435358,1,19,0,-1,10,7,3,-1,0,0,0,0,0,0,1,1,-1,6,1,30,6,1499,2,7,FORD TRANSIT CONNECT,-1,-1,0,-1
2024122500111,2024,122500111,1,19,0,18,19,5,1,0,0,0,0,0,0,0,1,1,6,6,1,33,6,1753,2,16,FORD TRANSIT CONNECT,7,E01027680,0,1
2024552400154,2024,552400154,2,19,0,18,19,5,1,0,0,8,0,0,0,0,1,1,2,2,1,43,7,1753,2,15,FORD TRANSIT CONNECT,6,E01020507,0,1
2024070878436,2024,070878436,2,19,0,-1,19,5,1,-1,-1,0,1,0,1,0,1,1,-1,1,1,44,7,1499,2,5,FORD TRANSIT CONNECT,9,E01018571,0,2
2024302400662,2024,302400662,2,19,0,4,4,8,4,0,0,0,0,0,0,0,2,1,6,6,1,31,6,1499,2,3,FORD TRANSIT CONNECT,3,E01028306,0,4
2024371453643,2024,371453643,1,19,0,-1,19,2,6,-1,0,0,0,10,1,0,1,1,-1,6,1,47,8,1753,2,18,FORD TRANSIT CONNECT,2,E01030248,0,2
2024211420345,2024,211420345,2,19,0,-1,2,0,0,-1,0,0,0,0,0,0,2,1,-1,6,-1,-1,-1,1499,2,3,FORD TRANSIT CONNECT,-1,-1,0,-1
2024520401337,2024,520401337,3,19,0,2,2,0,0,0,0,0,0,0,0,0,2,1,6,6,2,25,5,1499,2,6,FORD TRANSIT CONNECT,3,E01029186,0,1
2024311420622,2024,311420622,1,19,0,-1,19,6,2,-1,0,1,0,0,0,0,1,1,-1,1,1,54,8,1560,2,10,FORD TRANSIT CONNECT,9,E01028375,0,4
2024631494269,2024,631494269,1,19,0,-1,19,3,7,-1,0,0,0,0,7,10,1,1,-1,9,1,19,4,1753,2,12,FORD TRANSIT CONNECT,1,W01000606,0,1
2024010528054,2024,010528054,1,19,0,11,11,1,5,0,0,1,0,0,0,0,1,1,6,6,1,27,6,1499,2,5,FORD TRANSIT CONNECT,4,E01000618,0,1
2024351513870,2024,351513870,2,19,0,-1,2,0,0,-1,0,0,0,0,0,0,2,1,-1,6,1,24,5,1753,2,12,FORD TRANSIT CONNECT,5,E01015617,0,4
2024010549226,2024,010549226,2,19,0,5,5,0,1,0,0,0,0,0,0,0,4,1,6,6,3,24,5,1499,2,7,FORD TRANSIT CONNECT,-1,-1,0,-1
2024161425653,2024,161425653,2,19,0,-1,19,1,5,-1,0,0,0,0,0,0,1,9,-1,6,1,-1,-1,1753,2,11,FORD TRANSIT CONNECT,-1,-1,0,-1
2024131519991,2024,131519991,1,19,0,-1,7,8,3,-1,0,3,0,0,0,0,1,1,-1,1,1,44,7,1499,2,5,FORD TRANSIT CONNECT,7,E01007356,0,4
2024522403138,2024,522403138,3,19,0,2,2,0,0,0,0,0,0,0,0,0,2,1,6,6,3,-1,-1,1753,2,18,FORD TRANSIT CONNECT,-1,-1,0,-1
2024302400901,2024,302400901,1,19,0,9,9,2,8,0,0,8,0,0,0,0,3,1,2,2,1,35,6,1499,2,7,FORD TRANSIT CONNECT,4,E01019574,0,1
2024010505408,2024,010505408,3,19,0,3,3,7,3,0,0,2,0,0,0,0,2,1,6,6,1,49,8,1499,2,7,FORD TRANSIT CONNECT,6,E01001059,0,2
2024340WN4002,2024,340WN4002,1,19,0,-1,7,3,5,-1,0,6,0,0,0,0,3,1,-1,6,1,-1,-1,1499,2,4,FORD TRANSIT CONNECT,10,E01027027,0,1
2024401542239,2024,401542239,2,19,0,-1,19,1,5,-1,0,0,0,0,0,0,2,1,-1,6,1,36,7,1499,2,7,FORD TRANSIT CONNECT,5,E01009711,0,4
2024221435106,2024,221435106,1,19,0,-1,19,6,2,-1,0,8,0,0,0,0,1,9,-1,1,1,32,6,1499,2,0,FORD TRANSIT CONNECT,7,E01028918,0,2
2024451437649,2024,451437649,1,19,0,-1,9,3,7,-1,0,0,0,0,0,0,3,9,-1,6,3,-1,-1,1753,2,19,FORD TRANSIT CONNECT,-1,-1,0,-1
2024221507071,2024,221507071,3,19,0,-1,13,6,3,-1,0,0,0,0,1,10,4,1,-1,6,1,55,8,1753,2,21,FORD TRANSIT CONNECT,6,E01022260,0,2
2024031401142,2024,031401142,2,19,0,-1,19,5,1,-1,0,0,0,0,0,0,2,1,-1,2,2,31,6,1499,2,3,FORD TRANSIT CONNECT,-1,-1,0,-1
2024041417841,2024,041417841,1,19,0,-1,19,1,1,-1,0,1,0,0,0,0,4,1,-1,2,1,54,8,1499,2,2,FORD TRANSIT CONNECT,5,E01014239,0,5
2024451451350,2024,451451350,3,19,0,-1,9,3,1,-1,0,1,0,0,0,0,1,1,-1,2,1,57,9,1499,2,2,FORD TRANSIT CONNECT,6,E01003316,0,4
2024122400681,2024,122400681,1,19,0,9,9,1,5,0,0,6,0,0,0,0,1,1,2,2,1,37,7,1499,2,5,FORD TRANSIT CONNECT,4,E01034982,0,1
2024031481008,2024,031481008,1,19,-1,-1,-1,-1,-1,-1,-1,-1,-1,-1,-1,0,-1,9,-1,1,1,30,6,1560,2,9,FORD TRANSIT CONNECT,8,E01019169,0,1
2024522402712,2024,522402712,2,19,0,4,4,3,7,0,0,1,0,0,0,0,1,1,6,6,2,26,6,1499,2,1,FORD TRANSIT CONNECT,7,E01032669,0,3
2024231515791,2024,231515791,2,19,0,-1,19,2,6,-1,0,8,0,0,0,0,4,1,-1,1,1,47,8,1753,2,16,FORD TRANSIT CONNECT,1,E01009301,0,1
2024522401789,2024,522401789,3,19,0,5,5,3,7,0,0,0,0,0,0,0,2,1,6,6,1,73,10,1560,2,9,FORD TRANSIT CONNECT,8,E01014621,0,2
2024311407202,2024,311407202,1,19,0,-1,5,2,6,-1,0,0,0,0,0,0,4,1,-1,6,2,55,8,1499,2,1,FORD TRANSIT CONNECT,5,E01013937,0,1
2024010523260,2024,010523260,1,19,0,1,1,7,3,0,0,0,0,0,0,0,2,1,1,1,2,46,8,1499,2,1,FORD TRANSIT CONNECT,3,E01002608,0,2
2024332400165,2024,332400165,1,19,0,-1,19,1,5,-1,0,0,5,0,0,0,1,1,-1,6,1,36,7,1560,2,9,FORD TRANSIT CONNECT,3,E01025992,0,3
2024041447938,2024,041447938,1,19,0,-1,12,6,2,-1,0,1,0,0,0,0,1,1,-1,6,1,31,6,1560,2,9,FORD TRANSIT CONNECT,8,E01025204,0,2
2024451523477,2024,451523477,1,19,0,-1,7,1,5,-1,0,1,0,0,0,0,1,1,-1,6,1,49,8,1499,2,6,FORD TRANSIT CONNECT,5,E01002448,0,3
2024131418191,2024,131418191,1,19,0,-1,-1,-1,-1,-1,-1,-1,-1,-1,-1,-1,-1,1,-1,6,3,-1,-1,1753,2,15,FORD TRANSIT CONNECT,-1,-1,0,-1
2024311540049,2024,311540049,1,19,0,-1,9,3,1,-1,0,8,0,0,0,0,1,9,-1,6,1,42,7,1753,2,18,FORD TRANSIT CONNECT,3,E01027987,0,1
2024122400114,2024,122400114,3,20,0,10,10,5,3,0,0,1,0,0,0,0,2,1,1,1,1,27,6,-1,-1,-1,FORD TRANSIT CONNECT,10,E01027663,0,2
2024141448106,2024,141448106,2,19,0,-1,2,0,0,-1,0,1,0,4,0,0,2,1,-1,6,-1,-1,-1,1499,2,5,FORD TRANSIT CONNECT,-1,-1,0,-1
2024471495008,2024,471495008,2,19,0,-1,1,1,3,-1,0,2,0,0,0,0,2,9,-1,6,1,-1,-1,1753,2,15,FORD TRANSIT CONNECT,3,E01031360,0,1
2024221420080,2024,221420080,1,19,0,-1,19,7,3,-1,0,0,0,0,0,0,1,9,-1,6,1,42,7,1753,2,16,FORD TRANSIT CONNECT,-1,-1,0,-1
2024991397490,2024,991397490,1,19,0,-1,19,1,6,-1,0,0,0,0,0,0,1,1,-1,6,1,30,6,1499,2,6,FORD TRANSIT CONNECT,5,-1,0,1
2024622400017,2024,622400017,1,19,0,12,12,6,2,0,0,0,0,0,0,0,3,1,6,6,1,36,7,1499,2,4,FORD TRANSIT CONNECT,10,W01001133,0,2
2024991477142,2024,991477142,2,19,0,-1,19,8,4,-1,0,8,0,0,0,0,1,1,-1,9,1,64,9,1753,2,12,FORD TRANSIT CONNECT,2,-1,0,4
2024501409079,2024,501409079,2,19,0,-1,19,0,0,-1,0,0,0,4,0,0,4,9,-1,6,1,33,6,1499,2,3,FORD TRANSIT CONNECT,5,E01034848,0,4
2024501497593,2024,501497593,4,19,0,-1,2,0,0,-1,0,0,0,0,0,0,1,1,-1,6,-1,-1,-1,1560,2,9,FORD TRANSIT CONNECT,-1,-1,0,-1