collision_index,collision_year,collision_ref_no,vehicle_reference,vehicle_type,towing_and_articulation,vehicle_manoeuvre_historic,vehicle_manoeuvre,vehicle_direction_from,vehicle_direction_to,vehicle_location_restricted_lane_historic,vehicle_location_restricted_lane,junction_location,skidding_and_overturning,hit_object_in_carriageway,vehicle_leaving_carriageway,hit_object_off_carriageway,first_point_of_impact,vehicle_left_hand_drive,journey_purpose_of_driver_historic,journey_purpose_of_driver,sex_of_driver,age_of_driver,age_band_of_driver,engine_capacity_cc,propulsion_code,age_of_vehicle,generic_make_model,driver_imd_decile,lsoa_of_driver,escooter_flag,driver_distance_banding
2024471495175,2024,471495175,1,19,0,-1,7,3,5,-1,0,6,0,0,0,0,3,1,-1,2,1,45,7,1753,2,20,FORD TRANSIT CONNECT,3,E01031430,0,3
2024201517443,2024,201517443,1,19,0,-1,4,5,1,-1,0,0,0,0,0,0,1,1,-1,6,1,40,7,1499,2,7,FORD TRANSIT CONNECT,-1,-1,0,-1
202460Q144235,2024,60Q144235,2,20,0,18,19,8,4,0,0,0,0,0,0,0,3,1,1,1,1,69,10,-1,-1,-1,FORD TRANSIT CONNECT,-1,-1,0,-1
2024351540783,2024,351540783,1,19,0,-1,19,8,4,-1,0,0,0,0,0,0,1,1,-1,1,1,67,10,1499,2,7,FORD TRANSIT CONNECT,2,E01035538,0,1
2024451491511,2024,451491511,2,19,0,-1,1,1,5,-1,-1,0,0,0,0,0,2,9,-1,6,1,40,7,1560,2,10,FORD TRANSIT CONNECT,-1,-1,0,-1
2024461512412,2024,461512412,2,19,0,-1,3,5,1,-1,0,0,0,0,0,0,4,1,-1,9,1,56,9,1753,2,13,FORD TRANSIT CONNECT,3,E01024634,0,2
2024411460485,2024,411460485,2,19,0,-1,5,1,4,-1,0,5,0,0,0,0,1,1,-1,1,1,53,8,1499,2,6,FORD TRANSIT CONNECT,4,E01023956,0,2
2024010527551,2024,010527551,1,19,0,9,9,5,3,0,0,6,0,0,9,10,9,9,6,6,1,35,6,1499,2,1,FORD TRANSIT CONNECT,10,E01024471,0,4
2024320258462,2024,320258462,1,19,0,-1,-1,5,1,0,0,6,0,0,0,0,1,1,6,6,1,19,4,1499,2,4,FORD TRANSIT CONNECT,6,E01026244,0,2
2024010524429,2024,010524429,1,19,0,4,4,3,7,0,0,1,5,4,0,0,4,1,6,6,1,19,4,1499,2,1,FORD TRANSIT CONNECT,2,E01001828,0,1
2024010504301,2024,010504301,1,19,0,99,99,9,9,99,99,9,9,99,9,99,1,9,1,1,1,35,6,1499,2,5,FORD TRANSIT CONNECT,3,E01003768,0,2
2024622400419,2024,622400419,1,20,0,17,19,6,8,0,0,0,0,4,0,0,1,1,6,6,1,37,7,-1,-1,-1,FORD TRANSIT CONNECT,4,W01001253,0,1
2024430343173,2024,430343173,5,19,0,18,19,-1,-1,0,0,0,0,0,0,0,1,1,6,6,3,55,8,1560,2,8,FORD TRANSIT CONNECT,5,E01032955,0,3
2024041519612,2024,041519612,3,19,0,-1,2,0,0,-1,-1,1,0,4,0,0,2,1,-1,1,1,26,6,1560,2,10,FORD TRANSIT CONNECT,7,E01027162,0,5
2024340WN6072,2024,340WN6072,1,19,0,-1,4,7,3,-1,0,0,0,0,0,0,2,1,-1,2,1,31,6,999,1,4,FORD TRANSIT CONNECT,2,E01035432,0,3
2024010514781,2024,010514781,1,19,0,99,99,9,9,99,99,9,9,99,9,99,2,9,1,1,1,42,7,1499,2,5,FORD TRANSIT CONNECT,5,E01004547,0,1
2024361456047,2024,361456047,1,19,0,-1,19,4,8,-1,0,1,0,0,0,0,1,1,-1,6,1,76,11,1753,2,16,FORD TRANSIT CONNECT,7,E01026420,0,1
2024461401182,2024,461401182,1,19,0,-1,19,1,5,-1,0,1,0,0,0,0,3,9,-1,2,1,-1,-1,1499,2,5,FORD TRANSIT CONNECT,10,E01024116,0,1
2024070424411,2024,070424411,1,19,0,5,5,7,3,0,0,6,0,0,0,0,1,1,6,6,1,36,7,1560,2,9,FORD TRANSIT CONNECT,9,E01018431,0,1
2024501436248,2024,501436248,1,19,0,-1,19,5,1,-1,0,2,1,0,1,3,1,1,-1,9,1,43,7,1753,2,17,FORD TRANSIT CONNECT,3,E01020078,0,2
2024451459078,2024,451459078,2,19,0,-1,3,1,7,-1,0,0,0,0,0,0,1,9,-1,6,1,25,5,1753,2,18,FORD TRANSIT CONNECT,5,E01030946,0,1
2024231447601,2024,231447601,1,19,0,-1,19,1,4,-1,0,0,0,0,0,0,1,9,-1,6,1,65,9,1753,2,17,FORD TRANSIT CONNECT,6,E01031189,0,1
202460Q148363,2024,60Q148363,1,19,0,18,19,7,3,0,0,0,0,0,0,0,3,1,6,6,1,60,9,1753,2,18,FORD TRANSIT CONNECT,-1,-1,0,-1
2024411522729,2024,411522729,2,19,0,-1,19,8,4,-1,0,1,0,0,0,0,1,1,-1,6,1,34,6,1499,2,7,FORD TRANSIT CONNECT,5,E01023828,0,1
2024320097724,2024,320097724,1,19,0,-1,-1,5,1,0,0,0,0,0,0,0,1,1,6,6,1,32,6,1560,2,9,FORD TRANSIT CONNECT,-1,-1,0,-1
2024371420650,2024,371420650,2,19,0,-1,2,7,3,-1,0,0,0,0,0,0,2,1,-1,1,1,58,9,1499,2,0,FORD TRANSIT CONNECT,6,E01030220,0,4
2024471400298,2024,471400298,1,19,0,-1,3,6,2,-1,0,0,0,0,0,0,2,1,-1,2,1,33,6,1499,2,7,FORD TRANSIT CONNECT,5,E01034300,0,3
2024010513535,2024,010513535,1,19,0,9,9,1,7,0,0,2,0,0,0,0,1,1,1,1,1,48,8,1499,2,1,FORD TRANSIT CONNECT,10,E01001129,0,1
2024351468632,2024,351468632,1,19,0,-1,19,1,5,-1,0,0,0,11,0,0,1,1,-1,1,1,74,10,1753,2,16,FORD TRANSIT CONNECT,10,E01018175,0,1
2024131525470,2024,131525470,2,19,0,-1,3,7,3,-1,0,0,0,0,0,0,2,1,-1,6,1,45,7,1499,2,4,FORD TRANSIT CONNECT,1,E01010623,0,1
2024131434657,2024,131434657,1,19,0,-1,-1,-1,-1,-1,-1,0,-1,-1,-1,-1,-1,1,-1,6,3,-1,-1,1499,2,4,FORD TRANSIT CONNECT,-1,-1,0,-1
2024451425762,2024,451425762,2,19,0,-1,5,7,3,-1,0,0,0,0,0,0,1,2,-1,6,1,40,7,1753,2,14,FORD TRANSIT CONNECT,5,E01030862,0,4
2024552401075,2024,552401075,3,19,0,18,19,4,8,0,0,0,0,0,0,0,1,1,6,6,1,47,8,1560,2,8,FORD TRANSIT CONNECT,5,E01020389,0,2
2024211502713,2024,211502713,1,19,0,-1,19,6,5,-1,0,1,5,0,0,0,1,1,-1,6,1,17,4,1499,2,4,FORD TRANSIT CONNECT,5,E01019480,0,4
2024071024455,2024,071024455,1,19,0,-1,5,7,3,-1,0,4,0,0,0,0,1,1,-1,1,1,-1,-1,1560,2,9,FORD TRANSIT CONNECT,1,E01018738,0,1
2024461462355,2024,461462355,1,19,0,-1,5,5,1,-1,0,4,0,0,0,0,1,1,-1,2,1,58,9,1499,2,6,FORD TRANSIT CONNECT,-1,-1,0,-1
2024411455683,2024,411455683,1,19,0,-1,19,2,6,-1,0,0,0,0,0,0,1,1,-1,6,1,39,7,1499,2,2,FORD TRANSIT CONNECT,6,E01007973,0,5
2024131505397,2024,131505397,4,19,0,-1,4,1,5,-1,0,0,0,0,0,0,1,1,-1,2,1,51,8,1499,2,4,FORD TRANSIT CONNECT,2,E01011424,0,1
2024302401017,2024,302401017,1,19,0,4,4,8,4,0,0,0,0,0,0,0,1,1,6,6,1,25,5,1753,2,16,FORD TRANSIT CONNECT,2,E01019562,0,2
2024411439802,2024,411439802,1,19,-1,-1,-1,-1,-1,-1,-1,0,-1,-1,-1,0,-1,9,-1,6,1,47,8,1796,7,19,FORD TRANSIT CONNECT,5,E01023542,0,1
2024421419086,2024,421419086,2,19,0,-1,19,7,3,-1,0,8,0,0,0,0,1,9,-1,9,1,75,10,1753,2,16,FORD TRANSIT CONNECT,2,E01015917,0,1
2024451506328,2024,451506328,1,19,0,-1,19,5,1,-1,0,0,0,0,0,0,1,1,-1,1,1,40,7,1499,2,1,FORD TRANSIT CONNECT,4,E01033834,0,4
2024552401244,2024,552401244,1,19,0,18,19,8,4,0,0,1,0,0,0,0,1,1,1,1,1,38,7,1753,2,13,FORD TRANSIT CONNECT,1,E01020582,0,1
2024010525240,2024,010525240,2,19,0,18,19,5,1,0,0,1,0,0,0,0,1,1,6,6,1,27,6,1499,2,7,FORD TRANSIT CONNECT,9,E01023580,0,3
2024010514026,2024,010514026,1,19,0,18,19,3,7,0,0,2,0,0,0,0,3,1,1,1,1,25,5,1499,2,6,FORD TRANSIT CONNECT,5,E01000591,0,2
2024430162844,2024,430162844,1,19,0,13,13,7,3,0,0,0,0,0,0,0,1,-1,2,2,1,40,7,1499,2,6,FORD TRANSIT CONNECT,9,E01017495,0,4
2024010504399,2024,010504399,3,9,0,3,3,1,5,0,0,0,0,0,0,0,2,1,1,1,1,62,9,1499,2,7,FORD TRANSIT CONNECT,5,E01033579,0,1
2024010542150,2024,010542150,1,19,0,7,7,1,3,0,0,5,0,0,0,0,1,1,1,1,1,35,6,1499,2,1,FORD TRANSIT CONNECT,4,E01034617,0,1
2024010502008,2024,010502008,2,4,0,13,13,4,8,0,0,1,0,0,0,0,1,1,6,6,1,43,7,1745,1,6,-1,8,E01004175,0,1
2024221503340,2024,221503340,1,5,0,-1,12,4,6,-1,0,7,0,0,5,6,1,1,-1,9,1,63,9,1340,1,25,-1,2,W01001069,0,4
2024010530733,2024,010530733,2,3,0,99,99,9,9,99,99,9,9,99,9,99,9,1,6,6,3,23,5,110,1,1,HONDA NSC,4,E01002487,0,1
2024010500203,2024,010500203,1,3,0,99,99,9,9,99,99,0,9,99,9,99,1,1,1,1,1,23,5,110,1,2,HONDA NSC,5,E01002119,0,3
2024010517448,2024,010517448,2,3,0,99,99,9,9,99,99,9,9,99,9,99,9,1,1,1,1,25,5,110,1,1,HONDA NSC,2,E01000626,0,1
2024010524825,2024,010524825,1,3,0,99,99,9,9,99,99,9,9,99,9,99,9,1,1,1,1,29,6,110,1,3,HONDA NSC,5,E01002236,0,3
2024010532480,2024,010532480,1,3,0,13,13,1,5,0,0,1,0,0,0,0,1,1,6,6,1,37,7,108,1,5,HONDA NSC,9,E01002535,0,1
2024010537171,2024,010537171,1,3,0,99,99,9,9,99,99,9,9,99,9,99,9,1,1,1,3,27,6,110,1,2,HONDA NSC,7,E01002204,0,1
2024440005396,2024,440005396,1,3,0,18,19,4,8,0,0,0,1,0,1,0,4,1,6,6,1,24,5,110,1,1,HONDA NSC,1,E01022967,0,1
2024201450097,2024,201450097,1,3,0,-1,19,2,6,-1,0,2,1,0,0,0,4,1,-1,9,1,34,6,108,1,12,HONDA NSC,1,E01034925,0,1
2024010550272,2024,010550272,1,3,0,4,4,7,3,0,0,0,5,10,0,0,1,1,1,1,1,21,5,108,1,12,HONDA NSC,3,E01000184,0,4
2024010515886,2024,010515886,1,3,0,9,9,1,7,0,0,8,0,0,0,0,1,1,1,1,1,28,6,108,1,8,HONDA NSC,2,E01002810,0,1
2024421512844,2024,421512844,2,3,0,-1,4,5,1,-1,0,0,0,0,0,0,2,1,-1,1,1,25,5,108,1,5,HONDA NSC,3,E01015869,0,1
2024111463977,2024,111463977,1,3,0,-1,19,1,5,-1,0,0,0,0,0,0,1,1,-1,6,1,18,4,108,1,10,HONDA NSC,-1,-1,0,-1
2024161424398,2024,161424398,1,3,0,-1,3,3,5,-1,0,1,0,0,0,0,2,1,-1,2,1,31,6,108,1,6,HONDA NSC,1,E01012779,0,1
2024010520133,2024,010520133,1,3,0,99,99,9,9,99,99,0,9,99,9,99,1,9,6,6,1,26,6,108,1,6,HONDA NSC,9,E01004480,0,1
2024361483132,2024,361483132,1,2,0,-1,7,1,5,-1,0,0,0,0,1,0,0,1,-1,6,1,19,4,108,1,5,HONDA NSC,2,E01033040,0,1
2024010503800,2024,010503800,1,2,0,4,4,1,5,0,0,1,0,0,0,0,1,1,6,6,1,21,5,108,1,4,HONDA NSC,6,E01000487,0,2
2024010534672,2024,010534672,2,3,0,14,14,7,3,0,0,8,0,0,0,0,4,1,6,6,1,27,6,108,1,5,HONDA NSC,7,E01004491,0,1
2024010537287,2024,010537287,1,3,0,99,99,9,9,99,99,9,9,99,9,99,9,1,6,6,1,29,6,110,1,0,HONDA NSC,4,E01000634,0,1
2024311407628,2024,311407628,2,3,0,-1,3,5,1,-1,0,1,0,0,0,0,2,1,-1,6,1,-1,-1,108,1,4,HONDA NSC,10,E01028363,0,1
2024010524169,2024,010524169,2,3,0,18,19,1,5,0,0,8,0,0,0,0,1,1,1,1,1,37,7,110,1,1,HONDA NSC,3,E01003439,0,2
2024430454533,2024,430454533,1,3,0,18,19,8,4,0,0,0,1,0,0,0,1,1,1,1,1,21,5,110,1,2,HONDA NSC,-1,-1,0,-1
2024471502320,2024,471502320,2,3,0,-1,19,4,8,-1,0,0,0,0,0,0,1,1,-1,6,1,38,7,108,1,4,HONDA NSC,1,E01020979,0,3
2024010541519,2024,010541519,1,3,0,13,13,3,7,0,0,1,0,0,0,0,1,1,2,2,1,62,9,108,1,7,HONDA NSC,3,E01003201,0,2
2024440396831,2024,440396831,1,2,0,18,19,1,5,0,0,8,0,0,0,0,1,1,1,1,1,27,6,108,1,7,HONDA NSC,2,E01032878,0,1
2024161416734,2024,161416734,1,3,0,-1,19,1,5,-1,0,0,2,10,7,0,0,1,-1,2,1,18,4,110,1,2,HONDA NSC,9,E01013120,0,3
2024010531646,2024,010531646,2,3,0,3,3,7,3,0,0,8,0,0,0,0,1,1,1,1,1,27,6,110,1,2,HONDA NSC,9,E01002210,0,3
2024451535334,2024,451535334,1,3,0,-1,19,3,7,-1,0,0,0,0,0,0,2,1,-1,2,1,26,6,108,1,9,HONDA NSC,6,E01003003,0,2
2024361411305,2024,361411305,2,3,0,-1,9,7,5,-1,0,1,0,0,0,0,1,1,-1,1,1,27,6,108,1,7,HONDA NSC,1,E01026869,0,1
2024991419926,2024,991419926,1,3,0,-1,19,7,3,-1,0,0,1,0,0,0,3,1,-1,9,1,30,6,110,1,2,HONDA NSC,4,-1,0,2
2024101422132,2024,101422132,1,3,0,-1,19,6,2,-1,0,1,0,0,0,0,1,1,-1,6,1,38,7,110,1,1,HONDA NSC,3,E01008536,0,1
2024010509732,2024,010509732,1,3,0,18,19,1,5,0,0,8,0,0,0,0,3,1,1,1,1,21,5,108,1,5,HONDA NSC,2,E01003252,0,2
2024010543807,2024,010543807,2,3,0,18,19,7,3,0,0,2,0,0,0,0,2,1,1,1,1,24,5,110,1,0,HONDA NSC,4,E01000477,0,1
2024010551182,2024,010551182,1,3,0,99,99,9,9,99,99,9,9,99,9,99,9,1,6,6,1,27,6,110,1,2,HONDA NSC,4,E01002663,0,1
2024361544944,2024,361544944,2,3,0,-1,19,4,8,-1,0,1,0,0,1,2,3,1,-1,1,1,26,6,108,1,7,HONDA NSC,5,E01026845,0,1
2024010517677,2024,010517677,2,3,0,99,99,9,9,0,0,0,0,0,0,0,9,1,6,6,3,-1,-1,108,1,7,HONDA NSC,-1,-1,0,-1
2024451460950,2024,451460950,1,3,0,-1,2,6,2,-1,0,1,0,0,0,0,1,1,-1,2,2,44,7,108,1,6,HONDA NSC,9,E01030313,0,1
2024010509929,2024,010509929,1,3,0,99,99,9,9,99,99,9,9,99,9,99,2,1,1,1,1,29,6,108,1,4,HONDA NSC,5,E01034041,0,1
2024010525139,2024,010525139,1,3,0,4,4,1,5,0,0,1,0,0,0,0,0,1,6,6,1,21,5,108,1,12,HONDA NSC,2,E01004340,0,2
2024010500456,2024,010500456,2,3,0,12,12,7,3,0,0,1,0,0,0,0,1,1,6,6,1,65,9,108,1,6,HONDA NSC,6,E01004520,0,1
2024411494930,2024,411494930,1,23,0,-1,19,5,1,-1,0,1,0,0,0,0,3,1,-1,9,1,19,4,108,1,5,HONDA NSC,5,E01033457,0,2
2024122400567,2024,122400567,1,2,0,4,4,8,4,6,6,0,1,0,0,0,4,1,1,1,2,37,7,110,1,1,HONDA NSC,7,E01027766,0,1
2024010543148,2024,010543148,1,3,0,13,13,7,3,0,0,0,5,0,0,0,4,1,6,6,1,29,6,110,1,2,HONDA NSC,9,E01002210,0,1
2024361413416,2024,361413416,2,3,0,-1,4,1,1,-1,0,0,1,4,0,0,1,1,-1,2,1,30,6,108,1,7,HONDA NSC,2,E01026477,0,1
2024010542844,2024,010542844,1,3,0,99,99,9,9,99,99,9,9,99,9,99,9,1,6,6,3,26,6,110,1,1,HONDA NSC,9,E01002107,0,2
2024010520876,2024,010520876,1,3,0,18,19,3,7,0,0,1,0,0,0,0,3,1,1,1,1,24,5,108,1,9,HONDA NSC,2,E01004398,0,1
2024010499300,2024,010499300,1,3,0,99,99,9,9,99,99,9,9,99,9,99,1,1,1,1,1,23,5,108,1,6,HONDA NSC,3,E01000630,0,2
2024010541762,2024,010541762,1,3,0,18,19,5,1,0,0,0,5,0,0,0,1,1,2,2,2,46,8,108,1,4,HONDA NSC,3,E01003524,0,3
2024010508304,2024,010508304,1,3,0,18,19,1,5,0,0,8,0,0,0,0,3,1,1,1,1,22,5,110,1,2,HONDA NSC,4,E01002589,0,1
2024411465722,2024,411465722,2,3,0,-1,9,-1,-1,-1,0,3,0,0,0,0,-1,1,-1,1,1,34,6,110,1,1,HONDA NSC,6,E01035563,0,1
2024010513178,2024,010513178,1,3,0,99,99,9,9,99,99,9,9,99,9,99,9,1,1,1,1,33,6,108,1,7,HONDA NSC,4,E01002645,0,2
2024010514330,2024,010514330,1,3,0,18,19,1,5,0,0,8,0,0,0,0,1,1,6,6,3,-1,-1,108,1,4,HONDA NSC,-1,-1,0,-1
2024461399569,2024,461399569,2,3,0,-1,19,7,3,-1,0,8,0,0,0,0,4,1,-1,1,1,26,6,108,1,10,HONDA NSC,2,E01024670,0,1
2024010507747,2024,010507747,1,3,0,13,13,7,3,0,0,0,0,0,0,0,1,1,1,1,1,26,6,108,1,6,HONDA NSC,4,E01004568,0,2
2024010518325,2024,010518325,1,3,0,18,19,7,3,0,0,0,0,0,0,0,4,1,2,2,1,26,6,110,1,1,HONDA NSC,3,E01002560,0,1
2024010542219,2024,010542219,2,3,0,99,99,9,9,99,99,9,9,99,9,99,1,1,1,1,1,25,5,110,1,3,HONDA NSC,4,E01002641,0,1
2024010542175,2024,010542175,1,3,0,5,5,3,7,0,0,1,0,0,0,0,2,1,6,6,1,38,7,110,1,3,HONDA NSC,2,E01001249,0,1
2024010520481,2024,010520481,1,2,0,9,9,7,5,0,0,2,0,7,0,0,1,1,1,1,1,30,6,108,1,6,HONDA NSC,3,E01001175,0,1
2024371446035,2024,371446035,1,3,0,-1,19,3,1,-1,0,0,0,0,0,0,4,1,-1,1,1,26,6,110,1,3,HONDA NSC,4,E01030022,0,1
2024010533895,2024,010533895,1,3,0,18,19,4,8,0,0,1,0,0,0,0,1,1,1,1,1,28,6,110,1,2,HONDA NSC,6,E01002586,0,1
2024010531325,2024,010531325,2,3,0,13,13,5,1,0,0,0,2,0,0,0,1,1,6,6,1,15,3,108,1,7,HONDA NSC,8,E01023321,0,3
2024371547745,2024,371547745,2,3,0,-1,4,2,6,-1,0,0,0,0,0,0,4,1,-1,6,1,55,8,49,1,12,HONDA NSC,10,E01029903,0,1
2024010531722,2024,010531722,2,3,0,99,99,9,9,99,99,9,9,99,9,99,9,1,1,1,1,32,6,108,1,8,HONDA NSC,3,E01001113,0,1
2024371406292,2024,371406292,2,3,0,-1,19,2,6,-1,0,1,1,0,0,0,1,1,-1,1,1,30,6,110,1,2,HONDA NSC,1,E01030250,0,1
2024010540763,2024,010540763,1,3,0,18,19,5,1,0,0,8,0,0,0,0,4,1,1,1,1,56,9,110,1,3,HONDA NSC,9,E01002155,0,1
2024421521859,2024,421521859,2,2,0,-1,19,7,4,-1,0,3,0,0,0,0,4,1,-1,6,1,31,6,108,1,6,HONDA NSC,2,E01015875,0,1
2024010499077,2024,010499077,2,3,0,18,19,3,7,0,0,1,0,0,0,0,1,1,2,2,1,22,5,108,1,10,HONDA NSC,3,E01002585,0,1
2024010501955,2024,010501955,1,3,0,99,99,9,9,99,99,9,9,99,9,99,2,1,6,6,3,22,5,110,1,1,HONDA NSC,6,E01000629,0,1
2024361568629,2024,361568629,2,3,0,-1,19,1,5,-1,0,3,0,0,0,0,3,1,-1,1,1,20,4,110,1,3,HONDA NSC,1,E01026619,0,1
2024010532201,2024,010532201,1,3,0,18,19,7,3,0,0,2,0,0,0,0,1,1,2,2,1,19,4,108,1,8,HONDA NSC,3,E01004384,0,1
2024501467637,2024,501467637,1,2,0,-1,19,5,1,-1,0,1,1,0,0,0,4,1,-1,6,1,19,4,49,1,11,HONDA NSC,5,E01019904,0,1
2024010536138,2024,010536138,1,2,0,3,3,3,7,0,0,1,0,0,0,0,2,1,1,1,1,27,6,110,1,2,HONDA NSC,3,E01003240,0,1
2024010502316,2024,010502316,1,3,0,18,19,5,1,0,0,1,5,0,0,0,4,1,6,6,1,27,6,110,1,2,HONDA NSC,4,E01004526,0,1
2024010550902,2024,010550902,1,3,0,99,99,9,9,99,99,9,9,99,9,99,9,1,6,6,1,23,5,110,1,1,HONDA NSC,4,E01000612,0,1
2024010524098,2024,010524098,2,3,0,18,19,5,1,0,0,8,0,0,0,0,4,1,1,1,1,30,6,108,1,4,HONDA NSC,-1,-1,0,-1
2024131492130,2024,131492130,2,3,0,-1,19,5,1,-1,0,8,5,0,0,0,1,1,-1,9,1,49,8,108,1,6,HONDA NSC,3,E01011806,0,2
2024010518460,2024,010518460,1,3,0,99,99,9,9,99,99,9,9,99,9,99,9,1,6,6,1,20,4,110,1,2,HONDA NSC,6,E01003433,0,3
2024010517403,2024,010517403,1,3,0,18,19,1,5,0,0,2,0,10,0,0,4,1,6,6,1,39,7,108,1,8,HONDA NSC,2,E01002003,0,3
2024010490666,2024,010490666,1,3,0,99,99,9,9,99,99,9,9,99,9,99,9,1,1,1,2,35,6,108,1,7,HONDA NSC,2,E01033938,0,3
2024461484070,2024,461484070,2,3,0,-1,3,3,7,-1,0,0,0,0,0,0,2,1,-1,6,1,53,8,108,1,10,HONDA NSC,6,E01024833,0,1
2024010542988,2024,010542988,1,2,0,18,19,7,3,0,0,1,0,4,0,0,2,1,1,1,1,46,8,108,1,7,HONDA NSC,6,E01034595,0,1
2024010538166,2024,010538166,1,3,0,99,99,9,9,99,99,9,9,99,9,99,1,1,6,6,1,48,8,108,1,7,HONDA NSC,6,E01003167,0,2
2024010519128,2024,010519128,1,3,0,9,9,1,7,0,0,2,0,0,0,0,1,1,6,6,1,27,6,108,1,8,HONDA NSC,2,E01001651,0,2
2024010529505,2024,010529505,1,3,0,99,99,9,9,99,99,0,9,99,9,99,9,1,6,6,3,25,5,108,1,4,HONDA NSC,3,E01003581,0,2
2024010507853,2024,010507853,3,3,0,11,11,3,7,0,0,2,0,0,0,0,4,1,2,2,1,29,6,110,1,1,HONDA NSC,3,E01000043,0,1
2024371506891,2024,371506891,1,3,0,-1,19,5,1,-1,0,0,2,0,0,0,4,1,-1,6,1,17,4,108,1,4,HONDA NSC,2,E01026600,0,2
2024010503417,2024,010503417,1,3,0,99,99,9,9,99,99,9,9,99,9,99,1,1,1,1,1,29,6,110,1,3,HONDA NSC,7,E01000517,0,1
2024010501266,2024,010501266,2,3,0,18,19,7,3,0,0,1,0,0,7,0,1,1,6,6,1,15,3,108,1,5,HONDA NSC,4,E01003308,0,1
2024010521488,2024,010521488,2,3,0,11,11,5,1,0,0,1,0,0,0,0,1,1,6,6,1,21,5,108,1,4,HONDA NSC,3,E01034609,0,3
2024501400738,2024,501400738,1,3,0,-1,19,5,1,-1,0,1,1,0,0,0,1,1,-1,6,2,20,4,108,1,12,HONDA NSC,1,E01015030,0,1
2024010553072,2024,010553072,1,3,0,5,5,7,3,0,0,9,5,0,0,0,4,1,6,6,3,-1,-1,108,1,9,HONDA NSC,-1,-1,0,-1
2024471478203,2024,471478203,1,3,0,-1,19,1,3,-1,0,0,0,0,7,4,1,1,-1,1,1,23,5,110,1,2,HONDA NSC,7,E01031541,0,2
2024070093222,2024,070093222,2,3,0,18,19,6,2,0,0,1,0,0,1,11,1,1,6,6,1,35,6,108,1,7,HONDA NSC,10,E01018662,0,2
2024010507876,2024,010507876,1,3,0,99,99,9,9,99,99,0,9,99,9,99,9,1,6,6,1,24,5,110,1,3,HONDA NSC,2,E01001414,0,1
2024010522600,2024,010522600,1,3,0,13,13,9,9,99,99,9,9,99,9,99,1,1,1,1,1,27,6,108,1,5,HONDA NSC,6,E01000631,0,1
2024461485418,2024,461485418,1,3,0,-1,13,4,7,-1,0,0,0,0,0,0,3,1,-1,6,1,21,5,108,1,6,HONDA NSC,6,E01024276,0,3
2024010516415,2024,010516415,1,3,0,18,19,7,3,0,0,1,0,0,0,0,1,1,1,1,1,23,5,110,1,1,HONDA NSC,-1,-1,0,-1
2024052402707,2024,052402707,2,3,0,18,19,3,7,0,0,0,0,0,0,0,1,1,1,1,1,41,7,108,1,7,HONDA NSC,2,E01006819,0,1
2024010522480,2024,010522480,2,3,0,12,12,5,1,0,0,1,0,0,0,0,1,1,1,1,1,34,6,108,1,6,HONDA NSC,3,E01003689,0,3
2024440415410,2024,440415410,2,3,0,15,15,3,7,0,0,1,0,0,0,0,1,1,2,2,1,39,7,110,1,2,HONDA NSC,4,E01030793,0,1
2024340WN4562,2024,340WN4562,1,3,0,-1,9,7,5,-1,0,8,0,0,0,0,3,1,-1,1,1,44,7,110,1,1,HONDA NSC,3,E01014695,0,5
2024010498180,2024,010498180,1,3,0,99,99,9,9,99,99,9,9,99,9,99,1,1,1,1,1,32,6,108,1,5,HONDA NSC,4,E01002641,0,1
2024010538773,2024,010538773,1,3,0,18,19,3,7,0,0,1,0,0,0,0,3,1,1,1,1,17,4,108,1,6,HONDA NSC,5,E01002118,0,1
2024010536678,2024,010536678,2,3,0,99,99,9,9,99,99,9,9,99,9,99,9,1,6,6,1,27,6,108,1,7,HONDA NSC,7,E01000981,0,1
2024010525804,2024,010525804,1,3,0,18,19,5,1,0,0,3,0,10,0,0,1,1,2,2,1,29,6,110,1,1,HONDA NSC,8,E01000237,0,1
2024010521794,2024,010521794,2,3,0,99,99,9,9,99,99,9,9,99,9,99,1,1,6,6,3,26,6,110,1,1,HONDA NSC,2,E01004140,0,1
2024010546049,2024,010546049,2,3,0,13,13,5,1,0,0,0,1,0,0,0,0,1,2,2,1,25,5,108,1,11,HONDA NSC,3,E01001491,0,1
2024010534789,2024,010534789,1,3,0,18,19,1,5,0,0,0,0,0,0,0,2,1,6,6,1,23,5,110,1,0,HONDA NSC,8,E01000540,0,3
2024010537468,2024,010537468,1,3,0,4,4,1,5,0,0,8,0,0,0,0,2,1,1,1,1,45,7,110,1,2,HONDA NSC,2,E01003087,0,2