collision_index,collision_year,collision_ref_no,vehicle_reference,vehicle_type,towing_and_articulation,vehicle_manoeuvre_historic,vehicle_manoeuvre,vehicle_direction_from,vehicle_direction_to,vehicle_location_restricted_lane_historic,vehicle_location_restricted_lane,junction_location,skidding_and_overturning,hit_object_in_carriageway,vehicle_leaving_carriageway,hit_object_off_carriageway,first_point_of_impact,vehicle_left_hand_drive,journey_purpose_of_driver_historic,journey_purpose_of_driver,sex_of_driver,age_of_driver,age_band_of_driver,engine_capacity_cc,propulsion_code,age_of_vehicle,generic_make_model,driver_imd_decile,lsoa_of_driver,escooter_flag,driver_distance_banding
2024440020463,2024,440020463,1,3,0,18,19,2,6,0,0,2,0,0,0,0,1,1,1,1,1,-1,-1,110,1,0,HONDA NSC,-1,-1,0,-1
2024010508060,2024,010508060,1,3,0,99,99,9,9,99,99,9,9,99,9,99,2,1,1,1,1,49,8,110,1,3,HONDA NSC,7,E01003865,0,2
2024010524925,2024,010524925,2,3,0,18,19,3,7,0,0,2,0,0,0,0,1,1,2,2,1,26,6,108,1,5,HONDA NSC,5,E01002632,0,2
2024501528421,2024,501528421,2,2,0,-1,5,8,4,-1,0,1,5,0,0,0,2,1,-1,1,1,18,4,110,1,2,HONDA NSC,5,E01018903,0,1
2024010543631,2024,010543631,1,23,0,10,10,1,7,0,0,1,0,0,0,0,3,1,2,2,1,32,6,110,1,3,HONDA NSC,9,E01002210,0,1
202454D556424,2024,54D556424,2,3,0,18,19,4,8,0,0,8,0,0,0,0,1,1,1,1,1,25,5,110,1,0,HONDA NSC,2,E01031983,0,1
2024010509345,2024,010509345,1,3,9,99,99,9,9,99,99,9,9,99,9,99,1,1,1,1,1,27,6,110,1,1,HONDA NSC,3,E01033422,0,4
2024461495017,2024,461495017,1,3,0,-1,19,7,2,-1,0,8,1,0,0,0,1,1,-1,2,2,25,5,110,1,0,HONDA NSC,6,E01024736,0,4
2024201476474,2024,201476474,2,3,0,-1,19,6,8,-1,0,0,0,0,0,0,1,1,-1,1,1,34,6,108,1,6,HONDA NSC,1,E01009396,0,1
2024010530910,2024,010530910,1,2,0,18,19,5,1,0,0,1,0,0,0,0,1,1,1,1,1,29,6,108,1,8,HONDA NSC,6,E01001990,0,1
2024361523068,2024,361523068,2,3,0,-1,19,1,5,-1,0,8,0,0,0,0,1,1,-1,6,1,21,5,110,1,2,HONDA NSC,8,E01026895,0,2
2024311475985,2024,311475985,1,3,0,-1,14,7,3,-1,0,1,0,0,0,0,1,1,-1,6,1,23,5,108,1,5,HONDA NSC,-1,-1,0,-1
2024010549777,2024,010549777,2,3,0,5,5,7,3,0,0,8,0,0,0,0,1,1,6,6,1,25,5,110,1,0,HONDA NSC,4,E01033920,0,3
2024201484087,2024,201484087,1,3,0,-1,19,7,3,-1,0,2,0,0,0,0,4,1,-1,2,2,21,5,108,1,5,HONDA NSC,5,E01009262,0,2
2024010532315,2024,010532315,1,3,0,18,19,3,7,0,0,8,0,0,0,0,3,1,1,1,1,36,7,110,1,1,HONDA NSC,5,E01004418,0,1
2024430558981,2024,430558981,2,2,0,9,9,7,5,0,0,8,0,0,0,0,1,1,1,1,2,27,6,110,1,2,HONDA NSC,6,E01002625,0,3
2024010548704,2024,010548704,2,3,5,15,15,7,3,0,0,1,0,0,0,0,1,1,6,6,1,24,5,108,1,7,HONDA NSC,3,E01004613,0,2
2024010529019,2024,010529019,2,3,0,18,19,7,3,0,0,1,0,0,0,0,1,1,6,6,1,30,6,110,1,1,HONDA NSC,2,E01001191,0,1
2024010508588,2024,010508588,1,3,0,15,15,7,3,0,0,1,1,0,0,0,0,1,6,6,1,31,6,108,1,9,HONDA NSC,3,E01034200,0,2
2024010530140,2024,010530140,1,3,0,99,99,9,9,99,99,9,9,99,9,99,9,1,1,1,1,35,6,110,1,2,HONDA NSC,4,E01004039,0,3
2024010520205,2024,010520205,1,3,0,16,19,2,3,0,0,1,0,4,0,0,3,1,1,1,1,21,5,108,1,5,HONDA NSC,4,E01003719,0,1
2024361410308,2024,361410308,2,3,0,-1,19,6,2,-1,0,1,0,0,0,0,1,1,-1,1,1,28,6,110,1,3,HONDA NSC,9,E01035136,0,2
2024010544802,2024,010544802,1,3,0,5,5,8,4,0,0,3,0,0,0,0,3,1,6,6,1,40,7,108,1,10,HONDA NSC,8,E01002291,0,1
2024471416617,2024,471416617,1,3,0,-1,7,1,3,-1,0,8,0,0,0,0,4,1,-1,9,2,51,8,108,1,6,HONDA NSC,3,E01016921,0,1
2024010541137,2024,010541137,2,3,0,18,19,5,1,0,0,4,0,0,0,0,1,1,6,6,1,30,6,108,1,5,HONDA NSC,3,E01000143,0,1
2024010535813,2024,010535813,1,3,0,13,13,7,3,0,0,1,0,10,7,0,3,1,6,6,1,20,4,108,1,5,HONDA NSC,3,E01002649,0,1
2024161461422,2024,161461422,2,3,0,-1,19,3,7,-1,0,1,0,4,0,0,4,1,-1,1,1,20,4,110,1,1,HONDA NSC,4,E01013314,0,1
2024010518900,2024,010518900,1,3,0,14,14,7,3,0,0,1,0,0,0,0,4,1,1,1,1,32,6,108,1,8,HONDA NSC,3,E01003519,0,2
2024010541573,2024,010541573,1,3,0,99,99,9,9,99,99,9,9,99,9,99,9,1,6,6,1,20,4,110,1,1,HONDA NSC,3,E01001372,0,3
2024161428974,2024,161428974,1,2,0,-1,19,5,1,-1,0,0,0,0,0,0,1,1,-1,9,1,24,5,49,1,11,HONDA NSC,5,E01012902,0,1
2024010503016,2024,010503016,1,3,0,99,99,9,9,0,0,1,0,0,3,0,1,1,6,6,3,-1,-1,108,1,8,HONDA NSC,-1,-1,0,-1
2024010513465,2024,010513465,2,3,0,99,99,9,9,99,99,9,9,99,9,99,1,1,6,6,3,-1,-1,108,1,4,HONDA NSC,-1,-1,0,-1
2024010535399,2024,010535399,2,3,0,4,4,3,7,0,0,1,0,0,0,0,2,1,2,2,1,21,5,108,1,4,HONDA NSC,4,E01004525,0,2
2024010501776,2024,010501776,1,3,0,4,4,3,7,0,0,8,0,0,0,0,0,1,2,2,1,18,4,108,1,11,HONDA NSC,7,E01000493,0,3
2024010548389,2024,010548389,1,3,0,99,99,9,9,99,99,9,9,99,9,99,9,1,2,2,2,35,6,110,1,2,HONDA NSC,4,E01033919,0,1
2024010518761,2024,010518761,1,3,9,99,99,9,9,99,99,9,9,99,9,99,9,1,6,6,1,20,4,110,1,2,HONDA NSC,3,E01003352,0,1
2024010506248,2024,010506248,1,3,0,99,99,9,9,99,99,9,9,99,9,99,2,1,2,2,1,24,5,108,1,5,HONDA NSC,5,E01002666,0,2
2024552401088,2024,552401088,2,2,0,4,4,6,2,0,0,0,0,0,0,0,2,1,6,6,1,16,4,49,1,11,HONDA NSC,4,E01015465,0,1
2024440272694,2024,440272694,2,3,0,18,19,7,3,0,0,1,0,0,0,0,1,1,1,1,1,17,4,108,1,7,HONDA NSC,3,E01017315,0,4
2024451463953,2024,451463953,1,2,0,-1,19,3,7,-1,0,1,1,0,0,0,4,1,-1,6,1,16,4,49,1,9,HONDA NSC,5,E01030572,0,1
2024010518711,2024,010518711,2,3,0,18,19,8,4,0,0,1,0,0,0,0,2,1,2,2,1,23,5,108,1,9,HONDA NSC,6,E01003226,0,1
2024371555526,2024,371555526,2,3,0,-1,19,4,8,-1,0,0,0,0,0,0,1,1,-1,9,1,18,4,108,1,5,HONDA NSC,5,E01030241,0,1
2024461524610,2024,461524610,2,2,0,-1,19,4,8,-1,0,0,0,0,0,0,1,1,-1,9,1,24,5,49,1,7,HONDA NSC,3,E01033092,0,1
2024010504947,2024,010504947,1,3,0,18,19,3,7,0,0,1,0,0,0,0,1,1,1,1,1,29,6,108,1,5,HONDA NSC,6,E01003392,0,1
2024010550498,2024,010550498,1,3,0,99,99,9,9,99,99,0,9,99,9,99,1,1,1,1,1,28,6,110,1,2,HONDA NSC,5,E01000354,0,1
2024010496035,2024,010496035,1,3,0,17,19,6,2,0,0,0,0,0,0,0,2,1,6,6,1,27,6,108,1,5,HONDA NSC,8,E01003421,0,1
2024361454238,2024,361454238,1,3,0,-1,5,8,4,-1,0,8,0,0,0,0,3,1,-1,1,1,17,4,110,1,1,HONDA NSC,5,E01026445,0,3
2024351538000,2024,351538000,1,2,0,-1,19,3,7,-1,0,8,5,0,0,0,1,1,-1,6,1,27,6,108,1,4,HONDA NSC,6,E01017949,0,1
2024010501895,2024,010501895,1,3,0,3,3,1,5,0,0,1,0,0,0,0,2,1,6,6,1,34,6,108,1,12,HONDA NSC,2,E01000072,0,3
2024010528919,2024,010528919,2,3,0,14,14,6,2,0,0,1,0,0,0,0,1,1,1,1,1,25,5,108,1,5,HONDA NSC,5,E01000567,0,3
2024010512408,2024,010512408,2,3,0,99,99,9,9,99,99,9,9,99,9,99,1,1,6,6,3,-1,-1,108,1,11,HONDA NSC,-1,-1,0,-1
2024010522701,2024,010522701,1,3,0,18,19,5,1,0,0,1,1,0,0,0,3,1,1,1,1,30,6,108,1,5,HONDA NSC,7,E01003754,0,1
2024010529753,2024,010529753,2,3,0,13,13,2,6,0,0,0,5,0,7,0,4,1,6,6,1,31,6,110,1,3,HONDA NSC,-1,-1,0,-1
2024052402419,2024,052402419,2,3,0,18,19,8,4,0,0,1,0,0,0,0,1,1,6,6,1,33,6,110,1,2,HONDA NSC,1,E01006540,0,1
2024010529449,2024,010529449,1,3,0,18,19,5,1,0,0,1,0,0,0,0,1,1,6,6,1,21,5,108,1,4,HONDA NSC,-1,-1,0,-1
2024010532671,2024,010532671,1,3,0,14,14,1,5,0,0,1,5,0,0,0,1,1,1,1,1,26,6,110,1,1,HONDA NSC,4,E01004328,0,2
2024070855501,2024,070855501,2,3,0,-1,7,5,3,-1,0,8,0,0,0,0,2,1,-1,1,1,17,4,49,1,9,HONDA NSC,2,E01006344,0,2
2024501427714,2024,501427714,2,3,0,-1,19,1,5,-1,0,8,0,0,0,0,3,1,-1,2,1,19,4,108,1,7,HONDA NSC,5,E01018768,0,3
2024010516655,2024,010516655,1,3,0,99,99,9,9,99,99,9,9,99,9,99,9,1,1,1,1,25,5,108,1,11,HONDA NSC,5,E01000591,0,3
2024461408685,2024,461408685,2,3,0,-1,19,7,3,-1,0,1,0,0,0,0,1,1,-1,6,1,26,6,108,1,5,HONDA NSC,2,E01016018,0,1
2024010512532,2024,010512532,1,3,0,99,99,9,9,99,99,9,9,99,9,99,9,1,6,6,1,21,5,108,1,5,HONDA NSC,3,E01001316,0,3
2024501505966,2024,501505966,2,3,0,-1,19,6,2,-1,0,1,0,0,0,0,1,1,-1,1,1,18,4,110,1,1,HONDA NSC,3,E01020018,0,1
2024010528679,2024,010528679,2,3,0,18,19,3,7,0,0,8,5,0,0,0,1,1,1,1,1,20,4,110,1,2,HONDA NSC,2,E01021771,0,4
2024010522012,2024,010522012,1,3,0,99,99,9,9,99,99,0,9,8,9,99,9,1,1,1,1,32,6,110,1,2,HONDA NSC,4,E01004525,0,1
2024010526754,2024,010526754,1,3,0,99,99,9,9,99,99,9,9,99,9,99,2,9,1,1,1,26,6,110,1,2,HONDA NSC,9,E01032576,0,1
2024010530256,2024,010530256,1,3,0,18,19,7,3,3,2,8,0,0,0,0,1,1,6,6,1,24,5,108,1,5,HONDA NSC,5,E01004580,0,3
2024421503246,2024,421503246,2,3,0,-1,4,1,5,-1,0,0,0,0,0,0,2,1,-1,9,1,28,6,108,1,7,HONDA NSC,1,E01021970,0,1
2024010551681,2024,010551681,1,3,0,18,19,5,1,0,0,0,1,0,0,0,1,1,6,6,1,20,4,108,1,11,HONDA NSC,2,E01004013,0,3
2024430076834,2024,430076834,1,3,0,18,19,8,4,0,0,6,0,0,0,0,4,1,2,2,1,29,6,108,1,9,HONDA NSC,5,E01016500,0,1
2024201534800,2024,201534800,2,3,0,-1,19,8,4,-1,0,8,0,0,0,0,2,1,-1,6,1,22,5,108,1,4,HONDA NSC,2,E01009391,0,1
2024471413672,2024,471413672,2,3,0,-1,3,2,6,-1,0,0,0,0,0,0,1,1,-1,6,1,47,8,108,1,7,HONDA NSC,6,E01020938,0,1
2024010551534,2024,010551534,1,3,0,18,19,1,5,0,0,0,0,0,0,0,1,1,1,1,2,22,5,110,1,0,HONDA NSC,-1,-1,0,-1
2024010497968,2024,010497968,1,3,0,18,19,3,7,0,0,1,0,0,0,0,1,1,6,6,1,30,6,108,1,9,HONDA NSC,4,E01000312,0,2
2024010513044,2024,010513044,1,3,0,99,99,9,9,99,99,9,9,99,9,99,2,1,1,1,1,26,6,108,1,4,HONDA NSC,4,E01002647,0,1
2024010520018,2024,010520018,1,3,0,18,19,7,3,0,0,8,0,0,0,0,1,1,1,1,1,24,5,110,1,2,HONDA NSC,3,E01004613,0,1
2024010547364,2024,010547364,1,3,0,99,99,9,9,99,99,1,9,99,9,99,9,1,1,1,1,29,6,108,1,6,HONDA NSC,3,E01003575,0,1
2024010532266,2024,010532266,1,3,0,99,99,9,9,99,99,9,9,99,9,99,1,1,6,6,1,42,7,110,1,2,HONDA NSC,4,E01002593,0,2
2024010525517,2024,010525517,1,3,0,99,99,9,9,99,99,9,9,99,9,99,1,1,6,6,1,25,5,110,1,2,HONDA NSC,6,E01002680,0,1
2024501447613,2024,501447613,2,3,0,-1,19,8,2,-1,0,1,0,0,0,0,1,1,-1,1,2,30,6,110,1,1,HONDA NSC,2,E01015074,0,1
2024361488074,2024,361488074,1,-1,0,-1,19,5,1,-1,0,0,1,0,0,0,1,1,-1,9,1,36,7,110,1,1,HONDA NSC,2,E01026711,1,4
2024231452306,2024,231452306,2,3,0,-1,19,2,6,-1,0,8,1,0,0,0,1,1,-1,2,1,23,5,110,1,1,HONDA NSC,5,E01031114,0,1
2024010539879,2024,010539879,2,3,0,18,19,3,7,0,0,8,0,0,0,0,1,1,1,1,1,24,5,110,1,3,HONDA NSC,7,E01002159,0,2
2024010518129,2024,010518129,2,3,0,18,19,7,3,0,0,2,0,0,0,0,1,1,6,6,1,26,6,110,1,1,HONDA NSC,2,E01003500,0,1
2024010527126,2024,010527126,1,3,0,18,19,5,1,4,4,8,9,0,0,0,4,1,1,1,1,23,5,110,1,0,HONDA NSC,4,E01004328,0,2
2024010498940,2024,010498940,1,3,0,13,13,5,1,0,0,8,0,0,0,0,1,1,1,1,1,29,6,108,1,5,HONDA NSC,6,E01003392,0,1
2024010545207,2024,010545207,1,3,0,9,9,5,3,0,0,8,0,0,0,0,4,1,2,2,1,29,6,108,1,6,HONDA NSC,3,E01003326,0,1
2024010505476,2024,010505476,2,3,0,18,19,5,1,0,0,8,0,0,0,0,1,1,6,6,1,26,6,110,1,2,HONDA NSC,3,E01002503,0,1
2024010506796,2024,010506796,2,3,0,14,14,3,7,0,0,1,5,8,0,0,3,1,6,6,1,19,4,110,1,2,HONDA NSC,1,E01000596,0,2
2024010536564,2024,010536564,1,3,0,15,15,2,6,0,0,8,0,0,0,0,1,1,1,1,2,52,8,108,1,8,HONDA NSC,5,E01003344,0,1
2024401456565,2024,401456565,2,3,0,-1,9,4,6,-1,0,3,2,0,0,0,3,1,-1,6,1,20,4,110,1,1,HONDA NSC,4,E01015785,0,1
2024451492200,2024,451492200,2,3,0,-1,3,6,2,-1,0,0,0,0,0,0,1,1,-1,6,1,30,6,110,1,3,HONDA NSC,4,E01001047,0,2
2024010523106,2024,010523106,1,3,0,99,99,9,9,99,99,9,9,99,9,99,9,1,6,6,1,21,5,110,1,2,HONDA NSC,4,E01002231,0,3
2024010534703,2024,010534703,1,3,0,18,19,1,5,0,0,1,0,0,0,0,1,1,6,6,1,22,5,108,1,8,HONDA NSC,3,E01000498,0,2
2024010549124,2024,010549124,1,3,0,14,14,5,1,0,0,2,0,0,0,0,4,1,6,6,1,20,4,110,1,3,HONDA NSC,2,E01014842,0,5
2024010529946,2024,010529946,1,3,0,18,19,7,3,0,0,2,5,0,0,0,1,1,2,2,1,32,6,110,1,3,HONDA NSC,-1,-1,0,-1
2024451528708,2024,451528708,1,3,0,-1,19,1,5,-1,0,1,0,0,0,0,1,1,-1,6,2,44,7,108,1,6,HONDA NSC,8,E01030730,0,2
2024010539163,2024,010539163,1,3,9,99,99,9,9,99,99,1,9,99,9,99,9,1,1,1,1,29,6,108,1,7,HONDA NSC,6,E01003327,0,1
2024010533985,2024,010533985,1,3,0,99,99,9,9,99,99,9,9,99,9,99,9,1,1,1,3,33,6,108,1,6,HONDA NSC,6,E01032716,0,5
2024010498356,2024,010498356,2,3,0,5,5,5,1,0,0,1,0,0,0,0,3,1,6,6,1,23,5,108,1,6,HONDA NSC,4,E01000613,0,3
2024371434783,2024,371434783,1,2,0,-1,19,1,5,-1,4,8,0,0,0,0,3,1,-1,2,1,16,4,49,1,9,HONDA NSC,7,E01029871,0,2
2024010495041,2024,010495041,2,3,0,18,19,3,7,0,0,0,0,0,1,0,3,1,6,6,1,21,5,108,1,5,HONDA NSC,3,E01002396,0,1
2024451517012,2024,451517012,1,3,0,-1,19,7,3,-1,5,0,0,0,0,0,1,1,-1,2,1,34,6,108,1,6,HONDA NSC,8,E01002657,0,3
2024010499702,2024,010499702,1,3,0,99,99,9,9,99,99,9,9,99,9,99,9,1,1,1,1,51,8,108,1,6,HONDA NSC,2,E01001426,0,1
2024501454527,2024,501454527,2,2,0,-1,19,2,6,-1,0,8,0,0,0,0,1,1,-1,2,1,17,4,110,1,1,HONDA NSC,1,E01018870,0,2
2024010542300,2024,010542300,2,3,0,5,5,0,7,8,6,8,0,0,0,0,1,1,6,6,1,31,6,108,1,4,HONDA NSC,2,E01000902,0,1
2024010525800,2024,010525800,2,2,0,18,19,5,1,1,1,2,0,0,0,0,1,1,1,1,1,34,6,108,1,6,HONDA NSC,7,E01002427,0,1
2024430515330,2024,430515330,2,3,0,18,19,2,6,0,0,1,0,0,0,0,1,1,1,1,3,41,7,108,1,11,HONDA NSC,5,E01028554,0,1
2024010543139,2024,010543139,1,3,0,99,99,9,9,99,99,9,9,99,9,99,2,1,6,6,1,33,6,108,1,9,HONDA NSC,3,E01004467,0,1
2024010546817,2024,010546817,2,3,0,3,3,7,3,0,0,1,0,0,0,0,2,1,1,1,1,36,7,108,1,6,HONDA NSC,4,E01001182,0,2
2024041501304,2024,041501304,1,3,0,-1,19,5,1,-1,0,2,1,0,0,0,0,1,-1,9,1,18,4,108,1,12,HONDA NSC,8,E01009464,0,5
2024071048476,2024,071048476,2,3,0,-1,19,3,7,-1,0,1,0,0,0,0,1,1,-1,1,1,32,6,110,1,2,HONDA NSC,4,E01018639,0,1
2024531469633,2024,531469633,2,3,0,-1,19,7,3,-1,0,8,0,0,0,0,1,1,-1,2,1,75,10,110,1,2,HONDA NSC,4,E01022151,0,1
2024010536375,2024,010536375,1,3,0,99,99,9,9,99,99,9,9,99,9,99,2,1,2,2,1,36,7,110,1,2,HONDA NSC,4,E01002393,0,2
2024010538764,2024,010538764,1,3,0,99,99,9,9,99,99,0,9,99,9,99,2,1,1,1,1,22,5,108,1,10,HONDA NSC,3,E01003326,0,1
2024991510572,2024,991510572,2,3,0,-1,19,1,5,-1,0,0,0,0,0,0,3,1,-1,1,1,20,4,110,1,1,HONDA NSC,-1,-1,0,-1
2024010538962,2024,010538962,1,3,0,9,9,3,1,0,0,3,0,0,0,0,1,1,1,1,1,24,5,110,1,1,HONDA NSC,3,E01004397,0,1
2024010537801,2024,010537801,2,3,0,18,19,5,1,0,0,1,0,0,0,0,1,1,1,1,1,22,5,108,1,5,HONDA NSC,3,E01003235,0,1
2024061454879,2024,061454879,2,2,0,-1,99,-1,-1,-1,0,0,0,0,0,0,1,1,-1,6,1,-1,-1,49,1,6,HONDA NSC,1,E01006333,0,1
2024552400580,2024,552400580,1,2,0,18,19,2,8,0,0,0,0,0,0,0,0,1,6,6,1,17,4,49,1,11,HONDA NSC,4,E01020411,0,1
2024141439209,2024,141439209,1,3,0,-1,19,5,1,-1,0,0,0,4,0,0,1,1,-1,1,1,25,5,110,1,2,HONDA NSC,-1,-1,0,-1
2024010544480,2024,010544480,1,3,0,18,19,1,5,0,0,1,0,0,0,0,2,1,1,1,1,26,6,108,1,4,HONDA NSC,7,E01001346,0,1
2024351529538,2024,351529538,1,3,0,-1,19,3,7,-1,0,0,0,4,0,0,1,1,-1,6,1,23,5,108,1,5,HONDA NSC,5,E01033121,0,1
2024340NN3572,2024,340NN3572,2,3,0,-1,19,7,3,-1,0,1,5,0,0,0,3,1,-1,9,1,33,6,110,1,0,HONDA NSC,9,E01027116,0,1
2024332400488,2024,332400488,2,3,0,-1,19,5,1,-1,0,8,0,0,0,0,1,1,-1,6,1,-1,-1,110,1,0,HONDA NSC,1,E01025699,0,1
2024010546660,2024,010546660,2,3,0,14,14,7,3,0,0,1,0,0,0,0,1,1,1,1,1,21,5,108,1,12,HONDA NSC,-1,-1,0,-1
2024010533533,2024,010533533,2,3,0,5,5,1,5,0,0,8,0,0,0,0,1,1,1,1,1,32,6,108,1,5,HONDA NSC,3,E01034152,0,1
2024010489815,2024,010489815,1,3,0,99,99,9,9,99,99,1,9,99,9,99,1,1,6,6,1,24,5,108,1,6,HONDA NSC,5,E01003134,0,1
2024161483662,2024,161483662,1,3,0,-1,19,3,7,-1,9,0,0,0,2,2,1,1,-1,6,1,38,7,108,1,12,HONDA NSC,2,E01035463,0,1
2024010495956,2024,010495956,1,3,0,99,99,9,9,99,99,9,9,99,9,99,2,1,1,1,1,44,7,108,1,10,HONDA NSC,4,E01000031,0,1
2024010531623,2024,010531623,1,3,0,18,19,1,5,0,0,0,0,0,0,0,3,1,6,6,1,26,6,110,1,0,HONDA NSC,6,E01002636,0,3
2024010527383,2024,010527383,1,3,0,18,19,5,1,0,0,8,1,0,0,0,1,1,6,6,1,29,6,108,1,9,HONDA NSC,2,E01003591,0,1
2024010547504,2024,010547504,2,3,0,99,99,9,9,99,99,9,9,99,9,99,2,1,1,1,1,25,5,108,1,11,HONDA NSC,6,E01000927,0,1
2024302500146,2024,302500146,2,3,0,-1,19,3,7,-1,0,8,0,0,0,0,1,1,-1,2,1,40,7,110,1,2,HONDA NSC,3,E01013971,0,4
2024010548793,2024,010548793,1,3,0,99,99,9,9,99,99,9,9,99,9,99,2,1,6,6,1,26,6,110,1,3,HONDA NSC,6,E01001091,0,1
2024010529024,2024,010529024,1,3,0,15,15,3,7,0,0,1,0,0,0,0,4,1,6,6,2,26,6,108,1,9,HONDA NSC,3,E01001983,0,1
2024361424808,2024,361424808,1,3,0,-1,19,6,2,-1,0,0,1,0,0,0,1,1,-1,1,1,21,5,110,1,2,HONDA NSC,9,E01026548,0,2
2024010524216,2024,010524216,1,3,0,13,13,7,3,0,0,1,5,4,0,0,1,1,2,2,1,27,6,108,1,12,HONDA NSC,3,E01001113,0,1
2024010544301,2024,010544301,1,3,0,99,99,9,9,99,99,9,9,99,9,99,9,1,6,6,1,21,5,110,1,2,HONDA NSC,5,E01002179,0,2
2024161506316,2024,161506316,1,3,0,-1,19,3,7,-1,0,1,1,0,0,0,0,1,-1,1,1,17,4,110,1,3,HONDA NSC,1,E01013279,0,2
2024010526165,2024,010526165,1,3,0,99,99,9,9,99,99,9,9,99,9,99,9,1,6,6,1,23,5,110,1,3,HONDA NSC,4,E01001183,0,1
2024010542650,2024,010542650,1,3,0,17,19,2,6,0,0,8,2,10,0,0,1,1,6,6,2,25,5,110,1,2,HONDA NSC,2,E01002151,0,1
2024010506990,2024,010506990,1,3,0,18,19,1,5,9,9,5,0,0,0,0,1,1,6,6,1,28,6,108,1,8,HONDA NSC,8,E01014103,0,5
2024010506455,2024,010506455,1,3,0,99,99,9,9,99,99,1,9,99,9,99,1,1,6,6,1,27,6,108,1,4,HONDA NSC,7,E01004018,0,3
2024010539327,2024,010539327,2,3,0,18,19,5,1,0,0,8,0,0,0,0,1,1,1,1,1,37,7,110,1,0,HONDA NSC,4,E01000239,0,3
2024440463922,2024,440463922,2,2,0,18,19,3,7,0,0,0,0,0,0,0,1,1,6,6,1,27,6,110,1,3,HONDA NSC,8,E01022786,0,1
2024010525826,2024,010525826,1,3,0,18,19,3,7,0,0,1,5,0,0,0,1,1,6,6,1,38,7,108,1,8,HONDA NSC,3,E01003352,0,1
2024010531919,2024,010531919,1,3,0,99,99,9,9,99,99,9,9,99,9,99,1,1,6,6,1,24,5,25,1,2,HONDA NSC,2,E01003622,0,2
2024141452267,2024,141452267,1,3,0,-1,5,4,1,-1,0,6,0,0,0,0,3,1,-1,1,1,25,5,110,1,2,HONDA NSC,1,E01007763,0,2
2024010551860,2024,010551860,1,3,9,99,99,9,9,99,99,9,9,99,9,99,2,1,6,6,1,27,6,108,1,5,HONDA NSC,3,E01003491,0,1
2024010543632,2024,010543632,1,3,0,4,4,5,1,0,0,0,1,0,0,0,0,1,6,6,1,43,7,108,1,4,HONDA NSC,-1,-1,0,-1
2024361495488,2024,361495488,2,3,0,-1,19,8,4,-1,0,8,0,0,0,0,1,1,-1,9,1,18,4,108,1,6,HONDA NSC,6,E01026722,0,2
2024010541124,2024,010541124,2,3,0,15,15,1,5,0,0,0,0,0,0,0,3,1,6,6,1,31,6,110,1,2,HONDA NSC,4,E01003389,0,3
2024010507375,2024,010507375,1,3,0,99,99,9,9,99,99,9,9,99,9,99,9,1,6,6,1,28,6,110,1,3,HONDA NSC,4,E01000565,0,2
2024361471315,2024,361471315,2,3,0,-1,19,6,7,-1,0,0,0,0,0,0,1,1,-1,9,1,21,5,108,1,5,HONDA NSC,5,E01026651,0,2
2024101510404,2024,101510404,1,3,0,-1,19,7,2,-1,0,8,0,0,0,0,1,1,-1,2,2,80,11,110,1,3,HONDA NSC,1,E01027422,0,3
2024010538628,2024,010538628,2,3,0,99,99,9,9,99,99,9,9,99,9,99,1,1,6,6,3,26,6,108,1,9,HONDA NSC,5,E01003342,0,1
2024411402929,2024,411402929,2,3,-1,-1,-1,-1,-1,-1,-1,0,-1,-1,-1,0,-1,1,-1,1,1,40,7,108,1,8,HONDA NSC,5,E01023400,0,2
2024361418202,2024,361418202,2,3,0,-1,9,3,7,-1,0,2,1,0,0,0,3,1,-1,2,1,29,6,110,1,3,HONDA NSC,5,E01026481,0,4
2024010530742,2024,010530742,1,2,0,7,7,5,7,0,0,2,0,0,0,0,4,1,6,6,1,22,5,110,1,2,HONDA NSC,5,E01002184,0,1
2024010529961,2024,010529961,1,3,0,18,19,1,5,0,0,8,0,0,0,0,1,1,6,6,1,33,6,110,1,2,HONDA NSC,-1,-1,0,-1
2024010521068,2024,010521068,1,3,0,13,13,5,1,0,0,0,0,0,0,0,1,1,6,6,3,-1,-1,110,1,1,HONDA NSC,-1,-1,0,-1
2024451394495,2024,451394495,1,3,0,-1,19,1,3,-1,0,8,0,0,0,0,0,1,-1,1,1,21,5,110,1,2,HONDA NSC,6,E01034729,0,3
2024010503241,2024,010503241,1,3,0,99,99,9,9,99,99,9,9,99,9,99,9,1,1,1,1,32,6,108,1,10,HONDA NSC,4,E01002591,0,2
2024010514963,2024,010514963,2,3,0,18,19,4,8,9,9,4,5,10,3,4,1,1,6,6,1,36,7,108,1,8,HONDA NSC,2,E01001755,0,3