collision_index,collision_year,collision_ref_no,vehicle_reference,vehicle_type,towing_and_articulation,vehicle_manoeuvre_historic,vehicle_manoeuvre,vehicle_direction_from,vehicle_direction_to,vehicle_location_restricted_lane_historic,vehicle_location_restricted_lane,junction_location,skidding_and_overturning,hit_object_in_carriageway,vehicle_leaving_carriageway,hit_object_off_carriageway,first_point_of_impact,vehicle_left_hand_drive,journey_purpose_of_driver_historic,journey_purpose_of_driver,sex_of_driver,age_of_driver,age_band_of_driver,engine_capacity_cc,propulsion_code,age_of_vehicle,generic_make_model,driver_imd_decile,lsoa_of_driver,escooter_flag,driver_distance_banding
2024010535888,2024,010535888,1,3,0,18,19,7,3,0,0,0,1,0,0,0,1,1,6,6,1,37,7,108,1,6,HONDA NSC,5,E01000337,0,1
2024010545011,2024,010545011,1,3,0,7,7,7,1,4,4,1,0,0,0,0,1,1,6,6,1,34,6,108,1,7,HONDA NSC,7,E01002121,0,3
2024501508342,2024,501508342,1,3,0,-1,19,2,6,-1,0,0,9,0,0,0,1,1,-1,6,1,20,4,110,1,3,HONDA NSC,2,E01018841,0,1
2024010517129,2024,010517129,1,3,0,18,19,5,1,0,0,2,2,0,0,0,1,1,1,1,1,19,4,108,1,5,HONDA NSC,5,E01003131,0,1
2024471439455,2024,471439455,2,3,0,-1,12,5,1,-1,0,0,5,0,0,0,1,1,-1,1,1,28,6,110,1,3,HONDA NSC,3,E01017007,0,1
2024010551296,2024,010551296,1,2,0,18,19,8,4,0,0,8,0,10,0,0,2,1,1,1,1,43,7,108,1,5,HONDA NSC,3,E01015783,0,4
2024430057326,2024,430057326,2,2,0,18,19,6,2,0,0,4,0,0,0,0,2,1,2,2,1,24,5,108,1,10,HONDA NSC,3,E01033421,0,1
2024010500522,2024,010500522,1,3,0,99,99,9,9,99,99,0,9,99,9,99,9,1,1,1,1,25,5,108,1,7,HONDA NSC,3,E01003326,0,1
2024010535176,2024,010535176,1,3,0,18,19,7,3,0,0,8,0,0,0,0,1,1,1,1,1,25,5,110,1,2,HONDA NSC,-1,-1,0,-1
2024161445778,2024,161445778,1,3,0,-1,19,2,6,-1,0,1,0,11,1,0,4,1,-1,6,1,19,4,110,1,1,HONDA NSC,4,E01012976,0,2
2024501523822,2024,501523822,1,3,0,-1,19,7,3,-1,0,1,2,0,0,0,3,1,-1,1,1,20,4,110,1,1,HONDA NSC,5,E01019981,0,1
2024010532270,2024,010532270,1,3,0,5,5,1,5,0,0,3,0,0,0,0,0,1,6,6,1,26,6,108,1,6,HONDA NSC,4,E01001359,0,2
2024010528048,2024,010528048,2,3,0,18,19,5,1,2,2,1,0,0,0,0,1,1,1,1,1,28,6,110,1,0,HONDA NSC,6,E01003226,0,1
2024010494289,2024,010494289,1,3,0,99,99,9,9,99,99,9,9,99,9,99,9,1,6,6,1,19,4,110,1,2,HONDA NSC,8,E01030698,0,3
2024010528276,2024,010528276,2,3,0,18,19,5,1,0,0,6,0,0,0,0,1,1,6,6,1,24,5,108,1,11,HONDA NSC,-1,-1,0,-1
2024010550247,2024,010550247,1,3,9,99,99,9,9,99,99,9,9,99,9,99,9,1,6,6,3,-1,-1,110,1,2,HONDA NSC,-1,-1,0,-1
2024010511536,2024,010511536,1,3,0,99,99,9,9,99,99,9,9,99,9,99,9,1,2,2,1,28,6,108,1,7,HONDA NSC,2,E01004272,0,2
2024351513317,2024,351513317,2,3,0,-1,14,5,1,-1,0,0,0,0,0,0,1,1,-1,6,1,25,5,108,1,12,HONDA NSC,5,E01017953,0,1
2024010525226,2024,010525226,1,3,0,18,19,5,1,0,0,0,0,0,0,0,1,1,6,6,1,24,5,110,1,3,HONDA NSC,-1,-1,0,-1
2024010513649,2024,010513649,2,2,0,18,19,8,4,0,0,4,0,0,0,0,2,1,6,6,1,24,5,108,1,4,HONDA NSC,2,E01001152,0,1
2024451463953,2024,451463953,2,2,0,-1,19,3,7,-1,0,1,5,0,0,0,3,1,-1,9,1,16,4,49,1,10,HONDA NSC,6,E01030594,0,1
2024061404160,2024,061404160,2,3,0,-1,19,-1,-1,-1,0,0,0,0,0,0,1,1,-1,6,3,62,9,108,1,5,HONDA NSC,5,E01004882,0,3
2024010542131,2024,010542131,1,3,0,18,19,3,7,0,0,0,0,0,0,0,1,1,6,6,2,46,8,108,1,7,HONDA NSC,1,E01002082,0,1
2024052401499,2024,052401499,2,3,0,9,9,2,7,0,0,3,0,0,0,0,4,1,1,1,1,47,8,110,1,1,HONDA NSC,1,E01034401,0,1
2024010512208,2024,010512208,1,3,0,18,19,1,5,0,0,0,0,0,0,0,1,1,6,6,1,27,6,110,1,2,HONDA NSC,5,E01001157,0,1
2024010528078,2024,010528078,1,3,0,9,9,1,6,0,0,1,0,0,0,0,2,1,1,1,2,32,6,108,1,8,HONDA NSC,4,E01001182,0,2
2024010497788,2024,010497788,2,3,0,18,19,1,5,0,0,1,0,0,0,0,1,1,1,1,1,24,5,110,1,0,HONDA NSC,6,E01003394,0,1
2024421406086,2024,421406086,2,3,0,-1,5,5,7,-1,0,1,0,0,0,0,2,1,-1,1,1,32,6,110,1,2,HONDA NSC,3,E01003636,0,4
2024041425469,2024,041425469,2,3,0,-1,19,5,1,-1,0,0,0,0,0,0,1,1,-1,6,1,48,8,108,1,9,HONDA NSC,2,E01012742,0,1
2024501511754,2024,501511754,1,3,0,-1,19,5,1,-1,0,1,1,0,0,0,0,1,-1,1,1,29,6,110,1,1,HONDA NSC,2,E01019074,0,1
2024010540065,2024,010540065,2,3,0,18,19,3,7,0,0,1,5,0,0,0,1,1,1,1,1,28,6,108,1,10,HONDA NSC,6,E01003327,0,1
2024010546596,2024,010546596,1,3,0,99,99,9,9,99,99,9,9,99,9,99,9,1,6,6,1,25,5,108,1,4,HONDA NSC,7,E01004186,0,2
2024010550005,2024,010550005,1,3,0,18,19,7,3,0,0,0,0,0,0,0,1,1,6,6,1,25,5,110,1,2,HONDA NSC,5,E01002234,0,1
2024010526739,2024,010526739,1,3,0,18,19,8,4,0,0,1,0,0,0,0,1,1,6,6,1,34,6,110,1,3,HONDA NSC,6,E01000726,0,2
2024010546481,2024,010546481,1,3,0,-1,-1,1,5,0,0,0,0,0,0,0,1,1,1,1,1,27,6,110,1,3,HONDA NSC,6,E01002680,0,1
2024010528504,2024,010528504,1,3,0,18,19,1,5,0,0,6,0,0,0,0,1,1,1,1,1,22,5,108,1,7,HONDA NSC,-1,-1,0,-1
2024010542357,2024,010542357,1,3,0,3,3,1,5,0,0,1,0,0,0,0,2,1,1,1,1,27,6,110,1,1,HONDA NSC,9,E01002516,0,1
2024010533927,2024,010533927,1,3,0,16,19,5,7,0,0,8,0,0,0,0,4,1,6,6,1,36,7,108,1,8,HONDA NSC,2,E01000091,0,1
2024451405978,2024,451405978,1,3,0,-1,4,3,7,-1,0,1,0,0,0,0,2,1,-1,1,1,31,6,110,1,2,HONDA NSC,7,E01030361,0,1
2024451435718,2024,451435718,1,3,0,-1,7,1,5,-1,0,1,1,0,0,0,4,1,-1,9,2,28,6,108,1,5,HONDA NSC,7,E01030708,0,2
2024010523021,2024,010523021,1,3,0,18,19,3,7,0,0,0,0,0,0,0,1,1,1,1,2,25,5,110,1,0,HONDA NSC,6,E01001350,0,2
2024010536912,2024,010536912,1,3,0,18,19,1,5,0,0,1,2,0,0,0,1,1,1,1,1,24,5,108,1,4,HONDA NSC,-1,-1,0,-1
2024010527611,2024,010527611,2,3,0,18,19,1,5,0,0,0,0,0,0,0,1,1,6,6,1,20,4,108,1,5,HONDA NSC,3,E01002649,0,1
2024451414008,2024,451414008,2,3,0,-1,19,1,5,-1,0,2,5,0,0,0,2,1,-1,2,1,25,5,108,1,4,HONDA NSC,8,E01030742,0,1
2024161477799,2024,161477799,1,3,0,-1,19,2,6,-1,0,0,1,0,0,0,1,1,-1,9,1,19,4,110,1,2,HONDA NSC,1,E01012948,0,3
2024010528075,2024,010528075,1,3,0,13,13,2,6,0,0,8,0,0,0,0,4,1,2,2,1,29,6,108,1,7,HONDA NSC,2,E01001118,0,1
2024361442365,2024,361442365,1,3,-1,-1,2,0,0,-1,-1,0,-1,-1,-1,0,-1,1,-1,6,1,17,4,49,1,10,HONDA NSC,2,E01026633,0,1
2024010499674,2024,010499674,1,3,0,99,99,9,9,99,99,9,9,99,9,99,1,1,6,6,1,23,5,110,1,1,HONDA NSC,5,E01000475,0,3
2024131432906,2024,131432906,1,3,0,-1,4,5,1,-1,0,1,0,0,0,0,1,1,-1,1,2,56,9,108,1,8,HONDA NSC,1,E01011745,0,3
2024010548974,2024,010548974,1,3,0,5,5,5,1,0,0,2,0,0,0,0,3,1,6,6,1,34,6,110,1,2,HONDA NSC,-1,-1,0,-1
2024010548522,2024,010548522,2,3,0,18,19,5,1,0,0,8,0,0,0,0,3,1,1,1,2,25,5,108,1,5,HONDA NSC,2,E01001364,0,2
2024010526577,2024,010526577,2,3,0,14,14,4,8,0,0,1,0,0,0,0,1,1,6,6,1,27,6,108,1,5,HONDA NSC,-1,-1,0,-1
2024451406933,2024,451406933,1,3,9,-1,19,1,1,-1,0,1,0,0,0,0,1,1,-1,6,1,24,5,110,1,2,HONDA NSC,10,E01016575,0,1
2024302400417,2024,302400417,1,3,0,18,19,2,6,0,0,8,0,0,0,0,1,1,1,1,1,26,6,110,1,2,HONDA NSC,10,E01013564,0,1
2024010545697,2024,010545697,2,3,0,99,99,9,9,99,99,9,9,99,9,99,1,1,1,1,1,23,5,110,1,2,HONDA NSC,4,E01000608,0,1
2024010542427,2024,010542427,2,3,0,14,14,3,7,0,0,2,0,0,0,0,4,1,2,2,1,26,6,110,1,3,HONDA NSC,3,E01003520,0,1
2024010509322,2024,010509322,1,3,0,99,99,9,9,99,99,9,9,99,9,99,9,1,6,6,1,28,6,108,1,4,HONDA NSC,4,E01003635,0,1
2024010507987,2024,010507987,1,3,0,99,99,9,9,99,99,9,9,99,9,99,1,1,1,1,1,23,5,110,1,2,HONDA NSC,5,E01002119,0,3
2024010513800,2024,010513800,1,2,9,99,99,9,9,99,99,9,9,99,9,99,9,1,1,1,1,36,7,49,1,11,HONDA NSC,6,E01003386,0,1
2024010514163,2024,010514163,2,3,0,99,99,9,9,99,99,9,9,99,9,99,9,1,6,6,3,-1,-1,108,1,8,HONDA NSC,-1,-1,0,-1
2024430076857,2024,430076857,1,3,0,18,19,1,5,0,0,0,0,0,0,0,1,1,1,1,1,31,6,110,1,3,HONDA NSC,10,E01017831,0,2
2024201435003,2024,201435003,2,3,0,-1,19,1,5,-1,0,8,0,0,0,0,4,1,-1,2,2,25,5,108,1,8,HONDA NSC,4,E01009927,0,2
2024010523418,2024,010523418,3,3,0,18,19,5,1,0,0,8,5,0,0,0,3,1,6,6,1,24,5,108,1,4,HONDA NSC,2,E01001218,0,3
2024451512337,2024,451512337,1,3,0,-1,13,2,6,-1,0,1,5,0,0,0,4,1,-1,2,1,29,6,108,1,4,HONDA NSC,4,E01003436,0,2
2024010518319,2024,010518319,1,3,0,18,19,5,1,0,0,1,0,0,0,0,0,1,1,1,1,22,5,110,1,1,HONDA NSC,3,E01003525,0,1
2024010543828,2024,010543828,1,3,0,11,11,7,3,0,0,0,0,0,0,0,2,1,1,1,2,28,6,110,1,0,HONDA NSC,3,E01035670,0,2
2024440523482,2024,440523482,2,3,0,18,19,5,1,0,0,8,0,0,0,0,4,1,1,1,1,38,7,110,1,2,HONDA NSC,1,E01017155,0,2
2024010541317,2024,010541317,1,3,0,7,7,1,3,8,6,5,0,0,0,0,2,1,1,1,1,24,5,108,1,10,HONDA NSC,2,E01001695,0,3
2024010513481,2024,010513481,1,3,0,99,99,9,9,99,99,9,9,99,9,99,9,1,1,1,1,33,6,108,1,6,HONDA NSC,7,E01002160,0,2
2024010548201,2024,010548201,1,3,0,18,19,1,5,0,0,6,0,0,9,0,9,1,6,6,1,38,7,108,1,6,HONDA NSC,1,E01009134,0,5
2024010507835,2024,010507835,2,2,0,5,5,8,4,0,0,4,0,0,0,0,2,1,6,6,1,33,6,110,1,0,HONDA NSC,6,E01002221,0,1
2024010498294,2024,010498294,1,3,0,10,10,7,5,0,0,1,0,0,0,0,3,1,6,6,1,24,5,108,1,5,HONDA NSC,3,E01003588,0,3
2024461514880,2024,461514880,1,3,0,-1,9,3,1,-1,0,5,0,0,1,0,4,1,-1,9,1,21,5,108,1,11,HONDA NSC,6,E01024783,0,1
2024010503369,2024,010503369,2,2,0,3,3,1,5,0,0,8,0,0,0,0,1,1,2,2,1,38,7,108,1,11,HONDA NSC,4,E01001481,0,1
2024451396912,2024,451396912,2,3,0,-1,19,7,3,-1,0,8,5,0,0,0,3,1,-1,9,2,33,6,108,1,9,HONDA NSC,4,E01030634,0,1
2024010524021,2024,010524021,1,3,0,-1,-1,1,5,0,0,8,0,8,0,0,1,1,6,6,1,24,5,110,1,1,HONDA NSC,3,E01002723,0,1
2024361402326,2024,361402326,2,3,0,-1,19,6,1,-1,0,1,0,0,0,0,3,1,-1,1,1,40,7,110,1,2,HONDA NSC,1,E01026625,0,1
2024522402787,2024,522402787,2,3,0,4,4,7,3,0,0,1,0,0,0,0,2,1,6,6,1,31,6,110,1,3,HONDA NSC,3,E01014564,0,1
2024010529329,2024,010529329,1,3,0,99,99,9,9,99,99,1,9,99,9,99,9,1,6,6,3,27,6,108,1,4,HONDA NSC,3,E01003598,0,2
2024010532030,2024,010532030,2,3,0,4,4,1,5,0,0,3,0,0,0,0,2,1,6,6,1,28,6,108,1,8,HONDA NSC,9,E01002432,0,1
2024010497410,2024,010497410,1,3,0,18,19,7,3,0,0,0,0,0,0,0,1,1,6,6,1,25,5,108,1,6,HONDA NSC,9,E01004480,0,1
2024010524075,2024,010524075,1,3,0,5,5,3,7,0,0,8,0,0,0,0,3,1,6,6,1,32,6,108,1,9,HONDA NSC,2,E01001066,0,1
2024010536260,2024,010536260,2,3,0,-1,-1,1,5,0,0,1,0,0,0,0,1,1,6,6,1,25,5,108,1,7,HONDA NSC,-1,-1,0,-1
2024361487444,2024,361487444,2,3,-1,-1,-1,-1,-1,-1,-1,0,-1,-1,-1,0,-1,1,-1,6,2,51,8,110,1,0,HONDA NSC,5,E01033037,0,3
2024010519289,2024,010519289,2,3,0,14,14,3,7,0,0,1,1,0,1,0,0,1,1,1,1,28,6,108,1,6,HONDA NSC,5,E01024179,0,3
2024010539854,2024,010539854,1,3,0,18,19,5,1,0,0,1,0,0,0,0,1,1,1,1,1,38,7,110,1,1,HONDA NSC,7,E01023892,0,3
2024061524646,2024,061524646,2,2,0,-1,19,7,3,-1,0,1,0,0,0,0,1,1,-1,1,1,19,4,110,1,1,HONDA NSC,2,E01005678,0,1
2024010516994,2024,010516994,2,3,0,99,99,9,9,99,99,9,9,99,9,99,1,9,6,6,3,22,5,108,1,7,HONDA NSC,5,E01001158,0,2
2024451499864,2024,451499864,1,3,0,-1,19,1,5,-1,0,2,0,0,0,0,3,1,-1,2,1,28,6,110,1,2,HONDA NSC,7,E01004146,0,3
2024010550893,2024,010550893,2,3,0,18,19,5,1,0,0,0,0,0,0,0,2,1,1,1,1,23,5,108,1,4,HONDA NSC,9,E01001382,0,1
2024010544384,2024,010544384,2,3,0,18,19,2,6,0,0,1,0,0,0,0,4,1,6,6,1,22,5,110,1,1,HONDA NSC,6,E01003653,0,3
2024010525009,2024,010525009,1,3,0,99,99,9,9,99,99,9,9,99,9,99,9,1,1,1,3,32,6,108,1,10,HONDA NSC,7,E01033928,0,1
2024010548509,2024,010548509,1,3,0,18,19,1,5,0,0,6,0,0,7,0,4,1,6,6,2,35,6,108,1,11,HONDA NSC,8,E01001534,0,1
2024010543643,2024,010543643,2,3,0,14,14,7,3,0,0,1,2,0,0,0,1,1,1,1,1,22,5,108,1,4,HONDA NSC,2,E01000012,0,2
2024010522158,2024,010522158,1,3,0,18,19,2,6,0,0,0,5,0,0,0,4,1,2,2,1,36,7,108,1,9,HONDA NSC,2,E01003712,0,1
2024010503205,2024,010503205,1,3,9,99,99,9,9,99,99,9,9,99,9,99,2,1,1,1,1,35,6,108,1,7,HONDA NSC,-1,-1,0,-1
2024010540907,2024,010540907,2,2,0,16,19,7,2,0,0,8,0,0,0,0,1,1,6,6,1,30,6,110,1,2,HONDA NSC,-1,-1,0,-1
2024010525472,2024,010525472,1,3,0,14,14,7,3,0,0,1,2,0,0,0,3,1,1,1,1,23,5,108,1,8,HONDA NSC,2,E01003432,0,1
2024010533531,2024,010533531,1,3,5,18,19,1,5,0,0,1,0,0,0,0,3,1,1,1,1,25,5,110,1,2,HONDA NSC,3,E01003567,0,2
2024010516047,2024,010516047,1,3,0,18,19,7,3,0,0,0,0,0,0,0,1,1,6,6,1,30,6,108,1,9,HONDA NSC,-1,-1,0,-1
2024010539804,2024,010539804,1,3,0,99,99,9,9,99,99,9,9,99,9,99,1,1,6,6,1,34,6,110,1,1,HONDA NSC,6,E01002124,0,1
2024010496147,2024,010496147,1,3,0,18,19,1,5,0,0,1,0,0,0,0,4,1,1,1,1,25,5,110,1,3,HONDA NSC,6,E01003413,0,3
2024010520528,2024,010520528,2,3,0,18,19,7,3,0,0,8,2,0,0,0,0,1,1,1,1,28,6,108,1,4,HONDA NSC,2,E01000868,0,2
2024440042415,2024,440042415,2,3,0,18,19,8,4,0,0,1,0,0,0,0,1,1,1,1,1,19,4,110,1,1,HONDA NSC,10,E01022746,0,1
2024010536565,2024,010536565,2,4,0,14,14,3,7,0,0,1,1,0,0,0,4,1,2,2,1,27,6,108,1,8,HONDA NSC,3,E01004233,0,1
2024544390324,2024,544390324,2,3,0,18,19,1,5,0,0,1,0,0,0,0,1,1,6,6,2,30,6,110,1,0,HONDA NSC,7,E01032015,0,1
2024010535763,2024,010535763,2,3,0,18,19,7,3,0,0,1,0,0,0,0,1,1,6,6,1,34,6,108,1,10,HONDA NSC,5,E01003661,0,1
2024010494953,2024,010494953,2,3,0,18,19,1,5,0,0,8,0,0,0,0,1,1,1,1,1,26,6,108,1,4,HONDA NSC,-1,-1,0,-1
2024010532105,2024,010532105,2,3,0,5,5,1,5,0,0,2,0,0,0,0,2,1,1,1,1,24,5,110,1,2,HONDA NSC,4,E01000634,0,2
2024411487989,2024,411487989,2,3,0,-1,3,1,5,-1,0,1,0,0,0,0,1,1,-1,1,1,23,5,110,1,2,HONDA NSC,7,E01002121,0,3
2024010537119,2024,010537119,1,9,0,9,9,1,7,0,0,6,0,0,0,0,1,1,1,1,1,61,9,108,1,4,HONDA NSC,5,E01002584,0,1
2024552400752,2024,552400752,1,3,0,18,19,7,3,0,0,0,0,0,0,0,0,1,6,6,1,30,6,110,1,0,HONDA NSC,4,E01015327,0,1
2024421417497,2024,421417497,2,3,0,-1,5,5,1,-1,0,3,0,0,0,0,4,1,-1,6,1,29,6,108,1,12,HONDA NSC,4,E01015993,0,1
2024010546319,2024,010546319,1,3,0,99,99,9,9,0,0,9,0,99,0,0,9,1,1,1,2,28,6,110,1,2,HONDA NSC,5,E01004631,0,1
2024010512342,2024,010512342,1,2,0,18,19,1,5,0,0,0,0,0,0,0,4,1,2,2,1,50,8,49,1,8,HONDA NSC,5,E01001319,0,1
2024010529611,2024,010529611,1,3,0,99,99,9,9,99,99,9,9,99,9,99,1,1,1,1,1,28,6,110,1,2,HONDA NSC,8,E01002201,0,1
2024010500932,2024,010500932,1,3,0,99,99,9,9,99,99,9,9,99,9,99,1,1,1,1,1,35,6,108,1,10,HONDA NSC,2,E01004420,0,1
2024351473947,2024,351473947,2,3,0,-1,9,7,5,-1,9,0,0,0,0,0,2,1,-1,2,1,23,5,108,1,5,HONDA NSC,8,E01035519,0,1
2024010496914,2024,010496914,2,4,0,10,10,6,3,0,0,1,0,0,0,0,0,1,6,6,1,35,6,110,1,1,HONDA NSC,6,E01000564,0,2
2024010507713,2024,010507713,2,3,0,18,19,7,3,0,0,1,0,0,0,0,2,1,6,6,1,50,8,110,1,2,HONDA NSC,6,E01000581,0,1
2024430245219,2024,430245219,1,3,0,18,19,3,7,0,0,4,0,10,0,0,1,1,1,1,1,19,4,108,1,10,HONDA NSC,8,E01016232,0,2
2024440010293,2024,440010293,1,3,0,18,19,1,5,0,0,2,0,0,0,0,1,1,1,1,1,-1,-1,110,1,1,HONDA NSC,-1,-1,0,-1
2024010545678,2024,010545678,2,3,0,99,99,9,9,99,99,9,9,99,9,99,1,1,6,6,3,-1,-1,108,1,11,HONDA NSC,-1,-1,0,-1
2024010525155,2024,010525155,1,3,0,99,99,9,9,99,99,0,9,99,9,99,9,1,2,2,1,39,7,110,1,2,HONDA NSC,2,E01001181,0,2
2024010525989,2024,010525989,2,4,0,11,11,1,5,0,0,0,1,0,0,0,2,1,1,1,1,25,5,108,1,9,HONDA NSC,2,E01003783,0,2
2024451452823,2024,451452823,2,3,0,-1,19,5,1,-1,0,1,0,0,0,0,3,1,-1,9,1,31,6,110,1,1,HONDA NSC,3,E01002623,0,3
2024010545066,2024,010545066,1,3,0,5,5,4,8,0,0,8,1,0,0,0,0,1,1,1,1,24,5,110,1,2,HONDA NSC,3,E01001213,0,2
2024010538457,2024,010538457,1,3,0,18,19,5,1,0,0,1,0,0,0,0,1,1,6,6,1,21,5,108,1,5,HONDA NSC,4,E01033940,0,1
2024161516749,2024,161516749,1,2,0,-1,19,5,1,-1,9,8,0,0,0,0,1,1,-1,2,1,17,4,49,1,11,HONDA NSC,8,E01035470,0,1
2024340WN1502,2024,340WN1502,1,3,0,-1,5,5,1,-1,0,4,0,0,0,0,3,1,-1,1,1,27,6,108,1,11,HONDA NSC,1,E01008905,0,4
2024010501059,2024,010501059,1,3,0,99,99,9,9,99,99,9,9,99,9,99,1,1,6,6,1,27,6,108,1,4,HONDA NSC,7,E01004018,0,1
2024010513422,2024,010513422,1,3,0,99,99,9,9,99,99,9,9,99,9,99,9,1,6,6,3,29,6,108,1,9,HONDA NSC,6,E01002618,0,1
2024010546033,2024,010546033,1,9,0,12,12,1,5,0,0,0,0,0,0,0,1,1,6,6,2,29,6,108,1,5,HONDA NSC,4,E01020320,0,5
2024440135884,2024,440135884,1,3,0,18,19,1,5,0,0,2,0,0,0,0,0,1,6,6,1,20,4,110,1,1,HONDA NSC,3,E01023256,0,1
2024010518589,2024,010518589,1,3,0,-1,-1,5,1,0,0,1,0,0,0,0,1,1,1,1,1,20,4,110,1,1,HONDA NSC,3,E01004349,0,1
2024010499902,2024,010499902,1,2,0,99,99,9,9,99,99,9,9,99,9,99,9,1,1,1,1,17,4,49,1,12,HONDA NSC,8,E01004119,0,4
2024010505680,2024,010505680,2,3,0,9,9,7,5,0,0,8,0,0,0,0,2,1,1,1,1,53,8,108,1,5,HONDA NSC,2,E01002553,0,1
2024010546062,2024,010546062,1,3,0,18,19,5,1,0,0,8,0,0,0,0,1,1,1,1,1,34,6,108,1,4,HONDA NSC,4,E01004531,0,1
2024440339411,2024,440339411,1,3,0,18,19,3,7,0,0,1,0,0,0,0,1,1,6,6,1,32,6,110,1,2,HONDA NSC,4,E01017192,0,1
2024010488863,2024,010488863,1,2,0,16,19,5,1,0,0,1,0,0,0,0,1,1,2,2,1,24,5,108,1,7,HONDA NSC,6,E01000575,0,2
2024010526761,2024,010526761,1,3,0,8,8,6,1,0,0,1,0,0,0,0,2,1,1,1,1,44,7,110,1,0,HONDA NSC,2,E01003535,0,1
2024010509862,2024,010509862,2,3,0,12,12,5,1,0,0,0,0,0,2,10,3,1,6,6,1,18,4,108,1,12,HONDA NSC,4,E01001167,0,3
2024010499553,2024,010499553,1,3,0,99,99,9,9,99,99,1,9,99,9,99,1,1,1,1,3,33,6,110,1,2,HONDA NSC,6,E01000824,0,2
2024320022308,2024,320022308,1,3,0,18,19,4,8,0,0,0,2,0,0,0,1,1,6,6,1,26,6,110,1,2,HONDA NSC,8,E01026394,0,1
2024010512221,2024,010512221,2,2,0,18,19,3,7,0,0,8,0,0,0,0,1,1,6,6,1,38,7,110,1,3,HONDA NSC,3,E01004710,0,2
2024221494803,2024,221494803,2,3,0,-1,19,2,6,-1,0,8,0,0,0,0,3,1,-1,6,1,25,5,108,1,4,HONDA NSC,6,E01028970,0,2
2024351449988,2024,351449988,2,3,0,-1,19,4,8,-1,4,0,0,0,0,0,1,1,-1,6,1,28,6,108,1,7,HONDA NSC,5,E01018005,0,1
2024010543457,2024,010543457,2,2,0,18,19,1,5,0,0,8,0,0,0,0,4,1,6,6,1,65,9,49,1,7,HONDA NSC,9,E01003356,0,2
2024010511692,2024,010511692,1,3,0,99,99,9,9,99,99,9,9,99,9,99,9,1,6,6,3,22,5,108,1,6,HONDA NSC,2,E01032799,0,4
2024201465514,2024,201465514,2,3,0,-1,4,8,4,-1,0,0,0,0,0,0,1,1,-1,6,1,25,5,125,1,1,HONDA NSC,-1,-1,0,-1
2024010558007,2024,010558007,1,3,0,99,99,9,9,99,99,9,9,99,9,99,9,1,6,6,1,26,6,108,1,9,HONDA NSC,7,E01000572,0,1
2024010511755,2024,010511755,1,2,0,99,99,9,9,99,99,9,9,99,9,99,9,1,1,1,1,30,6,108,1,6,HONDA NSC,6,E01003945,0,1
2024010529544,2024,010529544,1,3,0,3,3,7,3,0,0,0,0,0,0,0,1,1,1,1,1,54,8,108,1,5,HONDA NSC,4,E01003513,0,1
2024010529657,2024,010529657,2,3,0,18,19,5,1,0,0,1,5,0,0,0,1,1,1,1,1,20,4,110,1,3,HONDA NSC,9,E01000456,0,1
2024131435342,2024,131435342,1,2,0,-1,19,5,8,-1,0,0,0,0,0,0,1,1,-1,6,1,29,6,49,1,11,HONDA NSC,1,E01010723,0,2
2024010501782,2024,010501782,2,2,0,18,19,1,5,0,0,1,0,0,0,0,1,1,6,6,1,26,6,108,1,5,HONDA NSC,3,E01003251,0,2
2024471524604,2024,471524604,2,3,0,-1,9,1,7,-1,0,1,0,0,0,0,3,1,-1,1,1,37,7,110,1,0,HONDA NSC,1,E01020912,0,1
2024010539710,2024,010539710,2,3,0,18,19,1,5,0,0,0,0,0,0,0,1,1,6,6,1,26,6,110,1,2,HONDA NSC,8,E01002414,0,1
2024161432359,2024,161432359,2,3,0,-1,19,7,3,-1,2,8,0,0,0,0,3,1,-1,2,2,25,5,110,1,3,HONDA NSC,7,E01013100,0,3
2024010518983,2024,010518983,1,3,0,99,99,9,9,99,99,9,9,99,9,99,9,1,1,1,1,29,6,108,1,5,HONDA NSC,7,E01004146,0,1
2024440352757,2024,440352757,1,2,0,17,19,7,5,0,0,8,1,0,0,0,4,1,6,6,2,62,9,108,1,11,HONDA NSC,10,E01022895,0,1
2024411428214,2024,411428214,1,3,0,-1,19,1,5,-1,0,4,1,0,0,0,0,1,-1,2,1,28,6,108,1,5,HONDA NSC,5,E01033457,0,2
2024010506007,2024,010506007,1,2,0,99,99,9,9,99,99,1,9,99,9,99,9,1,2,2,1,54,8,49,1,7,HONDA NSC,4,E01004538,0,1
2024471476623,2024,471476623,1,3,0,-1,13,6,2,-1,0,1,1,0,0,0,1,1,-1,9,1,17,4,110,1,1,HONDA NSC,7,E01020970,0,1