collision_index,collision_year,collision_ref_no,vehicle_reference,vehicle_type,towing_and_articulation,vehicle_manoeuvre_historic,vehicle_manoeuvre,vehicle_direction_from,vehicle_direction_to,vehicle_location_restricted_lane_historic,vehicle_location_restricted_lane,junction_location,skidding_and_overturning,hit_object_in_carriageway,vehicle_leaving_carriageway,hit_object_off_carriageway,first_point_of_impact,vehicle_left_hand_drive,journey_purpose_of_driver_historic,journey_purpose_of_driver,sex_of_driver,age_of_driver,age_band_of_driver,engine_capacity_cc,propulsion_code,age_of_vehicle,generic_make_model,driver_imd_decile,lsoa_of_driver,escooter_flag,driver_distance_banding
2024010520154,2024,010520154,2,3,0,18,19,1,5,0,0,7,2,0,0,0,4,1,1,1,1,21,5,110,1,0,HONDA NSC,2,E01001282,0,1
2024010504958,2024,010504958,2,3,0,18,19,5,1,0,0,1,0,0,0,0,1,1,6,6,1,26,6,108,1,9,HONDA NSC,6,E01000979,0,1
2024010545392,2024,010545392,1,3,0,10,10,7,4,0,0,1,0,0,0,0,4,1,2,2,1,32,6,110,1,2,HONDA NSC,-1,-1,0,-1
2024010537764,2024,010537764,2,23,0,18,19,8,4,0,0,8,1,0,0,0,0,1,2,2,1,45,7,49,1,8,HONDA NSC,3,E01002909,0,1
2024010523606,2024,010523606,2,3,0,18,19,5,1,0,0,0,1,0,0,0,3,1,1,1,1,28,6,108,1,7,HONDA NSC,6,E01001872,0,2
2024010511959,2024,010511959,2,3,0,18,19,5,1,0,0,2,0,0,0,0,2,1,1,1,1,30,6,110,1,3,HONDA NSC,-1,-1,0,-1
2024010493327,2024,010493327,1,3,0,18,19,1,5,0,0,1,0,0,0,0,1,1,1,1,1,44,7,108,1,4,HONDA NSC,5,E01002590,0,1
2024440424739,2024,440424739,1,4,0,18,19,3,7,0,0,0,1,0,0,0,3,1,6,6,1,65,9,108,1,12,HONDA NSC,3,E01017325,0,1
2024440242112,2024,440242112,2,3,0,14,14,8,4,0,0,1,0,0,0,0,1,1,6,6,1,23,5,108,1,6,HONDA NSC,5,E01017024,0,1
2024010504830,2024,010504830,2,4,0,18,19,3,7,0,0,1,0,0,0,0,1,1,1,1,1,23,5,110,1,3,HONDA NSC,7,E01001915,0,1
2024010508955,2024,010508955,1,4,0,18,19,3,7,0,0,1,0,0,0,0,1,1,6,6,1,24,5,108,1,7,HONDA NSC,7,E01000517,0,1
2024231492774,2024,231492774,2,3,0,-1,3,4,8,-1,0,0,0,0,0,0,2,1,-1,9,2,54,8,110,1,1,HONDA NSC,3,E01031264,0,1
2024361474212,2024,361474212,1,3,0,-1,19,5,2,-1,0,0,2,12,1,9,1,1,-1,6,1,25,5,110,1,0,HONDA NSC,4,E01029940,0,4
2024010514222,2024,010514222,2,3,0,18,19,5,1,0,0,6,0,4,7,0,1,1,1,1,1,30,6,108,1,4,HONDA NSC,5,E01034036,0,1
2024010520015,2024,010520015,2,3,0,18,19,7,3,0,0,1,0,0,0,0,1,1,6,6,1,30,6,108,1,5,HONDA NSC,7,E01003754,0,1
2024320541635,2024,320541635,1,3,0,-1,-1,2,6,0,0,0,2,0,0,0,0,1,6,6,1,39,7,108,1,6,HONDA NSC,5,E01026054,0,1
2024010516879,2024,010516879,1,3,0,99,99,9,9,99,99,9,9,99,9,99,9,9,1,1,1,23,5,110,1,1,HONDA NSC,4,E01003562,0,3
2024010525364,2024,010525364,2,4,0,18,19,7,3,0,0,0,0,0,0,0,1,1,6,6,1,58,9,49,1,11,HONDA NSC,3,E01003081,0,2
2024010529448,2024,010529448,2,3,0,18,19,3,7,0,0,1,0,0,0,0,0,1,6,6,1,40,7,108,1,9,HONDA NSC,4,E01002641,0,1
2024010501031,2024,010501031,1,3,0,10,10,7,4,0,0,2,0,0,0,0,2,1,1,1,1,26,6,108,1,5,HONDA NSC,4,E01034469,0,2
2024471402974,2024,471402974,1,3,0,-1,19,7,3,-1,0,1,0,0,0,0,4,1,-1,9,1,77,11,110,1,1,HONDA NSC,4,E01021045,0,3
2024010540505,2024,010540505,1,3,0,99,99,9,9,99,99,9,9,99,9,99,1,1,6,6,1,28,6,108,1,5,HONDA NSC,5,E01002179,0,2
2024010508780,2024,010508780,2,3,0,99,99,9,9,99,99,9,9,99,9,99,9,1,1,1,1,49,8,108,1,5,HONDA NSC,5,E01001247,0,1
2024010507403,2024,010507403,1,3,0,18,19,9,9,99,99,4,9,99,9,99,2,1,6,6,1,25,5,110,1,3,HONDA NSC,6,E01003433,0,2
2024221501415,2024,221501415,1,3,0,-1,19,3,7,-1,0,8,0,0,0,0,1,1,-1,1,1,19,4,110,1,1,HONDA NSC,4,E01028958,0,1
2024471412201,2024,471412201,2,3,0,-1,19,3,7,-1,0,0,0,0,0,0,1,1,-1,1,1,19,4,110,1,2,HONDA NSC,8,E01020953,0,3
2024010540600,2024,010540600,1,3,0,99,99,9,9,99,99,9,9,99,9,99,1,1,6,6,1,27,6,108,1,5,HONDA NSC,3,E01000481,0,2
2024010539556,2024,010539556,1,3,0,18,19,3,7,0,0,1,0,0,0,0,1,1,1,1,1,36,7,108,1,7,HONDA NSC,4,E01003555,0,1
2024501575896,2024,501575896,2,3,0,-1,19,1,5,-1,0,0,0,0,0,0,1,1,-1,1,1,21,5,110,1,0,HONDA NSC,7,E01020206,0,1
2024471473371,2024,471473371,2,2,0,-1,19,2,6,-1,2,1,0,0,1,0,1,1,-1,9,1,16,4,49,1,8,HONDA NSC,3,E01021090,0,1
2024991532294,2024,991532294,1,3,0,-1,19,7,2,-1,0,0,0,0,0,0,4,1,-1,9,1,28,6,108,1,11,HONDA NSC,4,-1,0,3
2024461532633,2024,461532633,2,3,0,-1,19,1,4,-1,0,1,0,0,0,0,1,1,-1,1,2,28,6,110,1,2,HONDA NSC,4,E01024293,0,1
2024010523162,2024,010523162,2,3,0,18,19,3,7,0,0,0,1,0,0,0,1,1,6,6,1,23,5,110,1,1,HONDA NSC,4,E01003214,0,1
2024010551754,2024,010551754,1,3,0,18,19,8,4,0,0,1,0,0,0,0,4,1,1,1,1,33,6,108,1,11,HONDA NSC,4,E01002168,0,2
2024201485087,2024,201485087,1,3,0,-1,19,1,3,-1,0,4,0,0,0,0,1,1,-1,6,1,61,9,49,1,10,HONDA NSC,3,E01010055,0,1
2024010511124,2024,010511124,2,3,0,9,9,3,1,0,0,8,0,0,0,0,1,1,1,1,1,29,6,108,1,7,HONDA NSC,-1,-1,0,-1
2024010510779,2024,010510779,1,3,0,99,99,9,9,99,99,9,9,99,9,99,1,1,1,1,1,20,4,110,1,0,HONDA NSC,5,E01002119,0,1
2024361483919,2024,361483919,2,3,0,-1,19,4,8,-1,0,0,1,0,8,0,3,1,-1,9,1,19,4,110,1,1,HONDA NSC,7,E01026514,0,1
2024010525190,2024,010525190,1,3,0,99,99,9,9,99,99,1,9,99,9,99,9,1,6,6,1,32,6,108,1,5,HONDA NSC,4,E01000565,0,1
2024010513256,2024,010513256,1,3,0,3,3,9,9,99,99,0,9,99,9,99,9,1,6,6,1,37,7,108,1,8,HONDA NSC,5,E01000996,0,1
2024361440021,2024,361440021,1,3,0,-1,19,6,2,-1,0,0,1,10,1,0,4,1,-1,2,1,21,5,110,1,1,HONDA NSC,1,E01026827,0,2
2024010504062,2024,010504062,1,3,0,99,99,9,9,99,99,9,9,99,9,99,9,1,1,1,2,26,6,108,1,12,HONDA NSC,3,E01001692,0,1
2024010541104,2024,010541104,2,3,0,13,13,3,7,0,0,1,0,0,0,0,1,1,6,6,1,31,6,110,1,1,HONDA NSC,3,E01001892,0,1
2024010543235,2024,010543235,2,3,0,18,19,1,5,0,0,0,5,0,0,0,2,1,6,6,1,25,5,108,1,6,HONDA NSC,2,E01001361,0,1
2024010544708,2024,010544708,2,3,0,18,19,8,4,0,0,1,1,0,0,0,4,1,6,6,1,27,6,110,1,3,HONDA NSC,3,E01000800,0,1
2024481564141,2024,481564141,2,3,0,-1,19,3,7,-1,0,8,0,0,0,0,4,1,-1,6,1,30,6,110,1,2,HONDA NSC,-1,-1,0,-1
2024161444839,2024,161444839,2,3,0,-1,9,2,4,-1,0,0,0,0,0,0,3,1,-1,2,1,44,7,110,1,3,HONDA NSC,3,E01012860,0,2
2024010525043,2024,010525043,2,3,0,99,99,9,9,99,99,0,9,99,9,99,9,1,2,2,1,32,6,108,1,6,HONDA NSC,5,E01003259,0,1
2024010550357,2024,010550357,1,3,0,99,99,9,9,99,99,9,9,99,9,99,9,1,6,6,1,18,4,108,1,10,HONDA NSC,4,E01003548,0,3
2024010535286,2024,010535286,1,3,0,4,4,7,3,0,0,0,0,0,0,0,2,1,6,6,1,58,9,108,1,5,HONDA NSC,2,E01001978,0,2
2024010505397,2024,010505397,1,3,0,99,99,9,9,99,99,0,9,8,9,99,9,1,6,6,3,34,6,108,1,8,HONDA NSC,6,E01000486,0,3
2024010537845,2024,010537845,1,3,0,9,9,2,7,0,0,1,2,0,0,0,1,1,1,1,1,30,6,110,1,2,HONDA NSC,5,E01000475,0,1
2024361551618,2024,361551618,2,3,0,-1,19,3,7,-1,0,8,0,0,0,0,4,1,-1,1,1,36,7,108,1,7,HONDA NSC,2,E01026865,0,1
2024010535256,2024,010535256,2,3,9,99,99,9,9,99,99,0,9,99,9,99,9,1,6,6,1,-1,-1,110,1,0,HONDA NSC,3,E01033924,0,1
2024411502048,2024,411502048,2,3,-1,-1,-1,-1,-1,-1,-1,-1,-1,-1,-1,0,2,1,-1,6,1,29,6,110,1,1,HONDA NSC,4,E01023883,0,1
2024010500196,2024,010500196,1,3,0,99,99,9,9,99,99,9,9,99,9,99,1,1,1,1,1,30,6,108,1,7,HONDA NSC,4,E01003215,0,3
2024010532804,2024,010532804,1,3,0,99,99,9,9,99,99,9,9,99,9,99,9,1,2,2,1,29,6,110,1,0,HONDA NSC,6,E01002142,0,3
2024010511610,2024,010511610,2,3,0,18,19,3,7,0,0,1,0,0,0,0,1,1,6,6,1,51,8,108,1,9,HONDA NSC,3,E01003081,0,1
2024440487864,2024,440487864,1,3,0,18,19,5,1,0,0,0,0,0,0,0,1,1,1,1,1,29,6,110,1,2,HONDA NSC,4,E01017110,0,1
2024010544796,2024,010544796,1,3,0,99,99,9,9,99,99,9,9,99,9,99,9,1,1,1,1,31,6,108,1,5,HONDA NSC,9,E01002242,0,1
2024010489924,2024,010489924,2,3,0,18,19,6,2,0,0,1,0,0,0,0,2,1,6,6,1,19,4,110,1,1,HONDA NSC,5,E01000512,0,2
2024471400531,2024,471400531,2,3,0,-1,5,6,1,-1,0,8,0,0,0,0,1,1,-1,1,1,28,6,108,1,7,HONDA NSC,6,E01016957,0,3
2024010541258,2024,010541258,1,2,0,14,14,7,3,0,0,0,2,0,0,0,1,1,6,6,1,51,8,49,1,10,HONDA NSC,2,E01002856,0,1
2024010510555,2024,010510555,1,3,0,99,99,9,9,99,99,1,9,99,9,99,1,1,1,1,3,-1,-1,108,1,7,HONDA NSC,3,E01003496,0,1
2024010510795,2024,010510795,2,3,0,18,19,1,5,0,0,0,0,0,0,0,1,1,6,6,1,20,4,110,1,1,HONDA NSC,4,E01001739,0,1
2024010551407,2024,010551407,2,3,9,4,4,1,5,99,99,9,9,99,9,99,9,1,6,6,1,31,6,110,1,2,HONDA NSC,4,E01002663,0,1
2024201511692,2024,201511692,2,3,0,-1,19,6,2,-1,0,0,0,0,0,0,1,1,-1,6,1,30,6,108,1,8,HONDA NSC,-1,-1,0,-1
2024010516888,2024,010516888,1,3,0,18,19,1,5,0,0,2,0,0,0,0,1,1,1,1,1,29,6,108,1,5,HONDA NSC,3,E01004341,0,1
2024501415554,2024,501415554,1,3,0,-1,4,2,6,-1,0,0,5,0,0,0,0,1,-1,9,2,18,4,108,1,7,HONDA NSC,4,E01018945,0,3
2024010544660,2024,010544660,1,3,0,18,19,3,7,0,0,8,0,0,0,0,1,1,6,6,1,24,5,108,1,7,HONDA NSC,1,E01000524,0,3
2024622400733,2024,622400733,2,3,0,18,19,4,8,0,0,1,0,0,0,0,4,1,1,1,1,40,7,125,1,0,-1,2,W01001768,0,1
2024141401515,2024,141401515,3,3,0,-1,19,4,8,-1,0,0,0,0,0,0,1,1,-1,2,1,56,9,125,1,1,-1,1,E01007466,0,1
2024061432806,2024,061432806,2,3,0,-1,5,2,6,-1,0,1,1,0,0,0,2,1,-1,6,1,20,4,125,1,1,-1,1,E01005725,0,1
2024451535753,2024,451535753,3,9,0,-1,2,5,1,-1,9,0,0,0,0,0,1,1,-1,6,-1,-1,-1,1685,2,11,KIA SPORTAGE,-1,-1,0,-1
2024411419293,2024,411419293,2,9,0,-1,19,-1,-1,-1,0,8,0,0,0,0,1,1,-1,9,2,34,6,1591,1,8,KIA SPORTAGE,3,E01035604,0,1
2024010550377,2024,010550377,2,9,0,99,99,9,9,99,99,9,9,99,9,99,9,9,6,6,3,42,7,1598,2,5,KIA SPORTAGE,4,E01033826,0,4
2024411497662,2024,411497662,2,9,0,-1,13,8,4,-1,0,8,0,0,0,0,4,1,-1,1,1,53,8,1591,1,4,KIA SPORTAGE,7,E01015694,0,3
2024471410900,2024,471410900,2,9,0,-1,9,1,7,-1,0,8,0,0,0,0,1,1,-1,9,1,58,9,1991,2,14,KIA SPORTAGE,7,E01031351,0,1
2024201433181,2024,201433181,1,8,0,-1,1,1,5,-1,0,2,0,0,0,0,2,1,-1,6,1,46,8,1591,1,6,KIA SPORTAGE,1,E01009612,0,1
2024421521859,2024,421521859,1,9,0,-1,19,8,4,-1,0,4,0,0,0,0,1,1,-1,9,1,61,9,1591,1,12,KIA SPORTAGE,-1,-1,0,-1
2024991472512,2024,991472512,1,9,0,-1,7,5,8,-1,0,6,0,0,1,7,3,1,-1,9,1,46,8,1685,2,8,KIA SPORTAGE,2,-1,0,4
2024052401249,2024,052401249,1,9,0,18,19,5,1,0,0,0,0,0,0,0,1,1,6,6,2,28,6,1685,2,10,KIA SPORTAGE,2,E01006945,0,1
2024101536100,2024,101536100,1,9,0,-1,19,1,5,-1,0,1,0,0,7,0,1,1,-1,9,1,66,10,1995,2,7,KIA SPORTAGE,-1,-1,0,-1
2024411530642,2024,411530642,1,9,0,-1,19,7,3,-1,0,0,0,0,0,0,1,1,-1,1,1,31,6,1591,1,8,KIA SPORTAGE,9,E01023770,0,1
2024201465244,2024,201465244,1,9,0,-1,4,1,7,-1,0,1,0,10,2,11,2,1,-1,2,-1,66,10,1685,2,11,KIA SPORTAGE,3,E01010495,0,1
2024622400448,2024,622400448,4,9,0,2,2,0,0,0,0,0,0,0,0,0,2,1,6,6,3,-1,-1,1685,2,13,KIA SPORTAGE,-1,-1,0,-1
2024010523561,2024,010523561,1,9,0,99,99,9,9,99,99,9,9,99,9,99,2,9,2,2,2,49,8,1591,1,7,KIA SPORTAGE,5,E01002234,0,2
2024141500286,2024,141500286,2,9,0,-1,19,6,2,-1,0,1,0,0,0,0,1,2,-1,9,1,84,11,1685,2,10,KIA SPORTAGE,6,E01007452,0,1
2024010517664,2024,010517664,1,9,9,99,99,9,9,99,99,9,9,99,9,99,9,1,6,6,3,-1,-1,1998,1,12,KIA SPORTAGE,-1,-1,0,-1
2024061415060,2024,061415060,1,9,-1,-1,-1,-1,-1,-1,-1,0,-1,-1,-1,0,-1,9,-1,6,3,54,8,1685,2,9,KIA SPORTAGE,9,E01027574,0,4
2024141509680,2024,141509680,1,9,0,-1,19,2,6,-1,0,1,0,0,0,0,1,1,-1,2,2,38,7,1598,8,0,KIA SPORTAGE,10,E01007826,0,1
2024501451635,2024,501451635,1,9,0,-1,7,5,8,-1,0,1,0,0,3,0,4,1,-1,9,2,40,7,1591,1,5,KIA SPORTAGE,10,E01014457,0,4
2024131403253,2024,131403253,3,9,0,-1,19,7,3,-1,0,8,0,0,0,0,0,1,-1,2,1,54,8,1591,1,3,KIA SPORTAGE,7,E01010858,0,3
2024552500051,2024,552500051,3,9,0,3,3,6,2,0,0,0,0,0,0,0,2,1,6,6,1,52,8,1598,8,0,KIA SPORTAGE,7,E01015448,0,1
2024461406048,2024,461406048,2,9,0,-1,9,1,5,-1,0,2,2,4,0,0,2,1,-1,6,2,63,9,1685,2,9,KIA SPORTAGE,7,E01016079,0,1
2024041530131,2024,041530131,1,9,0,-1,19,1,5,-1,0,0,0,0,0,0,1,1,-1,9,1,80,11,1591,1,6,KIA SPORTAGE,7,E01012722,0,1
2024131531323,2024,131531323,3,9,0,-1,19,7,3,-1,0,0,0,0,0,0,2,1,-1,2,1,64,9,1598,8,0,KIA SPORTAGE,5,E01030252,0,5
2024010522501,2024,010522501,2,9,0,2,2,0,0,0,0,0,0,0,0,0,2,1,6,6,3,-1,-1,1591,1,6,KIA SPORTAGE,-1,-1,0,-1
2024302401644,2024,302401644,3,9,0,2,2,0,0,0,0,0,0,0,0,0,2,1,6,6,3,-1,-1,1598,1,1,KIA SPORTAGE,-1,-1,0,-1
2024421530066,2024,421530066,2,9,0,-1,19,5,1,-1,0,0,0,0,0,0,1,1,-1,9,1,49,8,1598,8,0,KIA SPORTAGE,8,E01021924,0,1
2024010513647,2024,010513647,2,9,0,18,19,5,1,0,0,0,0,0,0,0,2,1,6,6,1,25,5,1591,1,2,KIA SPORTAGE,9,E01027290,0,4
2024451479647,2024,451479647,1,9,0,-1,19,3,7,-1,0,0,1,99,0,0,3,1,-1,9,2,35,6,1598,8,2,KIA SPORTAGE,10,E01004105,0,3
2024131414283,2024,131414283,1,9,0,-1,-1,-1,-1,-1,-1,-1,-1,-1,-1,0,-1,1,-1,6,3,-1,-1,1995,2,6,KIA SPORTAGE,-1,-1,0,-1
2024371428677,2024,371428677,1,9,0,-1,19,1,1,-1,0,0,0,0,0,0,2,9,-1,9,2,29,6,1685,2,10,KIA SPORTAGE,7,E01030101,0,2
2024061458812,2024,061458812,1,9,0,-1,2,1,5,-1,0,1,0,4,0,0,4,1,-1,9,1,57,9,1598,8,2,KIA SPORTAGE,-1,-1,0,-1
2024070297110,2024,070297110,2,9,0,3,3,8,4,0,0,1,0,2,0,0,0,1,6,6,1,44,7,1685,2,12,KIA SPORTAGE,1,E01018521,0,1
2024302401638,2024,302401638,1,9,0,4,4,3,7,0,0,1,0,0,0,0,1,1,6,6,2,44,7,1995,2,8,KIA SPORTAGE,8,E01019812,0,3
2024041418618,2024,041418618,2,9,0,-1,9,3,1,-1,1,5,0,0,1,0,3,1,-1,9,1,50,8,1685,2,9,KIA SPORTAGE,4,E01024891,0,1
2024070532822,2024,070532822,1,9,0,18,19,7,3,0,0,0,0,0,0,0,3,1,6,6,1,50,8,1598,1,1,KIA SPORTAGE,6,E01023532,0,5
2024010513664,2024,010513664,1,9,0,18,19,1,5,0,0,1,0,0,0,0,4,1,6,6,2,41,7,1598,8,2,KIA SPORTAGE,6,E01001200,0,1
2024052400353,2024,052400353,1,9,0,18,19,8,4,0,0,0,5,0,1,1,1,1,6,6,1,25,5,1685,2,8,KIA SPORTAGE,7,E01006938,0,1
2024522402075,2024,522402075,1,9,0,3,3,1,1,0,0,8,0,0,0,0,2,1,6,6,2,50,8,1598,8,0,KIA SPORTAGE,5,E01031933,0,4
2024361498517,2024,361498517,1,9,-1,-1,9,-1,-1,-1,0,1,0,0,0,0,1,9,-1,6,2,74,10,1995,2,8,KIA SPORTAGE,6,E01026462,0,1
2024351402087,2024,351402087,2,9,0,-1,19,1,5,-1,0,0,0,0,0,0,1,1,-1,2,2,41,7,1591,1,4,KIA SPORTAGE,2,E01035538,0,1
2024161409587,2024,161409587,2,9,0,-1,19,1,5,-1,0,1,0,0,0,0,1,1,-1,9,1,45,7,1685,2,11,KIA SPORTAGE,7,E01013322,0,4
2024401484526,2024,401484526,3,9,0,-1,19,1,5,-1,0,0,0,0,0,0,0,1,-1,6,2,64,9,1591,1,5,KIA SPORTAGE,6,E01023390,0,2
2024061511480,2024,061511480,1,9,0,-1,9,1,3,-1,0,1,0,0,3,0,4,1,-1,9,1,67,10,1591,1,3,KIA SPORTAGE,5,E01005993,0,1
2024351538060,2024,351538060,1,9,0,-1,3,4,8,-1,0,0,0,0,0,0,2,1,-1,6,2,31,6,1598,8,0,KIA SPORTAGE,8,E01018203,0,2
2024430301532,2024,430301532,2,9,0,4,4,1,5,0,0,1,0,0,0,0,2,1,6,6,2,36,7,1685,2,12,KIA SPORTAGE,6,E01022890,0,1
2024131452143,2024,131452143,1,9,0,-1,19,3,7,-1,0,8,0,0,0,0,4,1,-1,9,2,21,5,1598,1,2,KIA SPORTAGE,1,E01010996,0,1
2024501406252,2024,501406252,1,9,0,-1,19,1,4,-1,0,0,5,0,1,10,0,9,-1,6,1,19,4,1685,2,9,KIA SPORTAGE,9,E01034633,0,2
2024010544565,2024,010544565,2,8,0,99,99,9,9,99,99,0,9,99,9,99,0,1,1,1,1,32,6,1598,8,1,KIA SPORTAGE,-1,-1,0,-1
2024010513458,2024,010513458,2,9,0,99,99,9,9,99,99,9,9,99,9,99,1,9,6,6,3,-1,-1,1685,2,7,KIA SPORTAGE,4,E01034370,0,4
2024440523613,2024,440523613,1,9,0,5,5,3,7,0,0,1,0,0,0,0,1,1,6,6,1,49,8,1685,2,14,KIA SPORTAGE,4,E01017122,0,4
2024991512354,2024,991512354,2,9,0,-1,19,3,7,-1,0,0,5,0,0,0,2,1,-1,9,1,31,6,1591,1,4,KIA SPORTAGE,10,-1,0,2
2024461525147,2024,461525147,2,9,0,-1,4,1,5,-1,0,0,0,0,0,0,2,1,-1,6,2,34,6,1598,8,4,KIA SPORTAGE,10,E01024725,0,2
2024501497538,2024,501497538,2,9,0,-1,10,5,1,-1,0,1,0,0,0,0,3,1,-1,9,2,42,7,1995,2,8,KIA SPORTAGE,6,E01020121,0,3
2024052402848,2024,052402848,1,9,0,18,19,6,2,0,0,0,0,0,0,0,1,1,6,6,1,32,6,1591,1,10,KIA SPORTAGE,2,E01007088,0,2
2024471413664,2024,471413664,2,9,0,-1,4,2,6,-1,0,0,0,0,0,0,0,1,-1,1,2,37,7,1598,1,1,KIA SPORTAGE,8,E01021174,0,2
2024010510765,2024,010510765,2,9,0,99,99,9,9,99,99,9,9,99,9,99,9,9,6,6,3,-1,-1,1995,2,9,KIA SPORTAGE,-1,-1,0,-1
2024111498124,2024,111498124,1,9,0,-1,12,2,6,-1,-1,0,0,0,0,0,3,1,-1,6,2,30,6,1598,1,1,KIA SPORTAGE,-1,-1,0,-1
2024340WN2352,2024,340WN2352,1,9,0,-1,9,3,1,-1,0,6,0,0,0,0,1,1,-1,9,2,41,7,1598,1,2,KIA SPORTAGE,9,E01027284,0,1
2024010503961,2024,010503961,1,9,0,9,9,7,6,0,0,6,0,0,0,0,1,1,6,6,1,52,8,1685,2,8,KIA SPORTAGE,6,E01000268,0,1
2024010551331,2024,010551331,1,9,0,99,99,9,9,99,99,9,9,99,9,99,1,9,6,6,2,36,7,1598,1,0,KIA SPORTAGE,5,E01000928,0,1
2024320249561,2024,320249561,2,9,0,-1,-1,8,4,0,0,8,0,0,0,0,3,1,-1,-1,1,39,7,1598,1,1,KIA SPORTAGE,10,E01026364,0,1
2024010525126,2024,010525126,1,9,0,9,9,4,3,0,0,2,0,0,0,0,3,2,6,6,1,33,6,1598,8,1,KIA SPORTAGE,4,E01004525,0,3
2024211502826,2024,211502826,1,9,0,-1,14,0,0,-1,0,1,0,0,0,0,3,1,-1,9,2,46,8,1598,8,1,KIA SPORTAGE,7,E01029669,0,2
2024131429585,2024,131429585,3,9,0,-1,9,5,1,-1,0,8,0,0,0,0,1,1,-1,9,2,37,7,1598,8,3,KIA SPORTAGE,8,E01010913,0,1
2024101399801,2024,101399801,2,9,0,-1,3,5,1,-1,0,1,0,0,0,0,2,1,-1,6,1,61,9,1598,1,1,KIA SPORTAGE,1,E01008667,0,3
2024471409779,2024,471409779,2,9,0,-1,19,1,5,-1,0,0,0,0,1,0,3,1,-1,9,1,63,9,1995,2,11,KIA SPORTAGE,6,E01031445,0,1
2024411490062,2024,411490062,2,9,0,-1,19,3,7,-1,0,8,0,0,0,0,1,1,-1,1,1,67,10,1591,1,7,KIA SPORTAGE,8,E01023292,0,3
2024231445558,2024,231445558,3,9,0,-1,4,4,8,-1,0,0,0,0,0,0,2,9,-1,6,2,60,9,1591,1,13,KIA SPORTAGE,6,E01031132,0,1
2024401463126,2024,401463126,1,9,0,-1,9,5,1,-1,0,8,0,0,0,0,1,1,-1,1,2,41,7,1685,2,8,KIA SPORTAGE,8,E01017735,0,4
2024010514461,2024,010514461,2,9,0,18,19,5,1,0,0,8,0,0,0,0,3,1,6,6,2,36,7,1995,2,8,KIA SPORTAGE,5,E01002247,0,1
2024361475152,2024,361475152,1,9,0,-1,19,2,6,-1,0,8,1,0,0,0,1,1,-1,9,1,30,6,1975,1,16,KIA SPORTAGE,3,E01001621,0,5
2024471521812,2024,471521812,1,9,0,-1,4,3,7,-1,0,0,0,0,0,0,2,1,-1,2,2,32,6,1685,2,7,KIA SPORTAGE,4,E01020921,0,2
2024201535342,2024,201535342,3,9,0,-1,19,2,2,-1,0,1,0,0,0,0,2,1,-1,6,1,68,10,1598,8,0,KIA SPORTAGE,-1,-1,0,-1
2024302401299,2024,302401299,1,9,0,9,9,1,8,0,0,8,0,0,0,0,4,1,6,6,2,73,10,1591,1,3,KIA SPORTAGE,2,E01013598,0,1
2024061399837,2024,061399837,1,9,0,-1,2,5,1,-1,-1,1,0,0,0,0,2,1,-1,1,1,39,7,1685,2,7,KIA SPORTAGE,10,E01012490,0,3
2024161481472,2024,161481472,2,9,0,-1,4,6,2,-1,0,0,0,0,0,0,2,1,-1,6,1,77,11,1991,2,15,KIA SPORTAGE,6,E01013048,0,3
2024131425395,2024,131425395,1,9,0,-1,19,5,1,-1,0,0,0,0,0,0,1,1,-1,9,1,31,6,1591,1,2,KIA SPORTAGE,2,E01011041,0,2
2024361472332,2024,361472332,2,9,0,-1,19,7,3,-1,0,1,0,0,0,0,2,1,-1,9,1,52,8,1598,1,0,KIA SPORTAGE,7,E01017976,0,4
2024010511443,2024,010511443,1,9,0,5,5,5,1,0,0,1,0,0,0,0,1,1,3,7,2,46,8,1591,1,9,KIA SPORTAGE,5,E01000609,0,1
2024010541305,2024,010541305,1,9,0,16,19,1,5,0,0,3,0,0,0,0,1,1,6,6,1,29,6,1598,8,0,KIA SPORTAGE,3,E01002503,0,1
2024131409066,2024,131409066,1,9,0,-1,5,5,6,-1,0,4,0,0,0,0,1,1,-1,6,1,89,11,1991,2,16,KIA SPORTAGE,8,E01011930,0,1
2024122400852,2024,122400852,2,9,0,4,4,5,1,0,0,0,0,0,4,7,2,1,6,6,1,82,11,1598,8,0,KIA SPORTAGE,6,E01012260,0,4
2024211474879,2024,211474879,1,9,0,-1,9,1,1,-1,0,6,0,0,0,0,1,1,-1,9,1,75,10,1685,2,6,KIA SPORTAGE,10,E01018614,0,3
2024302400442,2024,302400442,1,9,0,2,2,0,0,9,9,0,0,0,0,0,2,1,6,6,2,37,7,1598,1,2,KIA SPORTAGE,4,E01013503,0,3
2024461419081,2024,461419081,1,9,0,-1,19,3,7,-1,0,0,0,0,2,0,1,1,-1,9,1,38,7,1591,1,4,KIA SPORTAGE,7,E01016093,0,4
2024122500008,2024,122500008,1,9,0,9,9,2,8,0,0,1,0,0,0,0,1,1,6,6,2,61,9,1598,8,1,KIA SPORTAGE,5,E01027828,0,1
2024131501985,2024,131501985,2,9,0,-1,3,3,7,-1,0,0,0,0,0,0,1,1,-1,6,1,53,8,1598,8,2,KIA SPORTAGE,3,E01010669,0,1