collision_index,collision_year,collision_ref_no,vehicle_reference,vehicle_type,towing_and_articulation,vehicle_manoeuvre_historic,vehicle_manoeuvre,vehicle_direction_from,vehicle_direction_to,vehicle_location_restricted_lane_historic,vehicle_location_restricted_lane,junction_location,skidding_and_overturning,hit_object_in_carriageway,vehicle_leaving_carriageway,hit_object_off_carriageway,first_point_of_impact,vehicle_left_hand_drive,journey_purpose_of_driver_historic,journey_purpose_of_driver,sex_of_driver,age_of_driver,age_band_of_driver,engine_capacity_cc,propulsion_code,age_of_vehicle,generic_make_model,driver_imd_decile,lsoa_of_driver,escooter_flag,driver_distance_banding
2024010539895,2024,010539895,1,9,0,7,7,7,1,0,0,6,0,0,0,0,1,1,6,6,3,-1,-1,1598,8,1,KIA SPORTAGE,-1,-1,0,-1
2024161434873,2024,161434873,2,9,0,-1,5,3,7,-1,0,1,0,0,0,0,1,1,-1,9,1,77,11,1991,2,15,KIA SPORTAGE,8,E01013055,0,2
2024061451917,2024,061451917,1,9,0,-1,19,5,1,-1,0,1,0,0,0,0,1,1,-1,6,1,48,8,1685,2,6,KIA SPORTAGE,1,E01005948,0,2
2024131491335,2024,131491335,2,9,0,-1,2,0,0,-1,0,0,0,0,0,0,2,1,-1,9,1,60,9,1995,2,10,KIA SPORTAGE,1,E01034264,0,3
2024052402255,2024,052402255,1,9,0,18,19,4,8,0,0,1,0,0,0,0,1,1,6,6,1,75,10,1991,2,16,KIA SPORTAGE,1,E01006762,0,1
2024031491150,2024,031491150,3,9,0,-1,2,7,3,-1,0,1,0,0,0,0,3,1,-1,6,2,52,8,1995,2,7,KIA SPORTAGE,7,E01019200,0,3
202454E465624,2024,54E465624,2,9,0,3,3,7,3,0,0,3,0,0,0,0,2,1,6,6,1,58,9,1591,1,5,KIA SPORTAGE,9,E01032069,0,2
2024451400049,2024,451400049,2,9,0,-1,19,1,5,-1,0,0,0,0,0,0,1,1,-1,9,2,49,8,1591,1,8,KIA SPORTAGE,9,E01023130,0,2
2024061432366,2024,061432366,2,9,0,-1,19,-1,-1,-1,0,0,0,0,0,0,1,1,-1,6,1,-1,-1,1591,1,3,KIA SPORTAGE,-1,-1,0,-1
2024991491600,2024,991491600,2,9,0,-1,19,3,1,-1,0,8,0,0,0,0,1,1,-1,9,2,38,7,1598,8,1,KIA SPORTAGE,7,-1,0,1
2024010541304,2024,010541304,1,9,0,5,5,3,7,0,0,2,0,0,3,0,4,1,6,6,1,55,8,1598,8,0,KIA SPORTAGE,5,E01003862,0,1
2024141489447,2024,141489447,3,9,0,-1,19,2,6,-1,0,0,0,0,0,0,2,1,-1,7,1,57,9,1591,1,7,KIA SPORTAGE,6,E01007725,0,1
2024141514092,2024,141514092,2,9,0,-1,5,7,3,-1,0,8,0,0,0,0,1,1,-1,9,2,38,7,1685,2,11,KIA SPORTAGE,7,E01007552,0,1
2024471513431,2024,471513431,1,9,0,-1,2,0,0,-1,0,0,0,0,0,0,4,9,-1,6,3,-1,-1,1598,1,2,KIA SPORTAGE,-1,-1,0,-1
2024451410431,2024,451410431,3,9,0,-1,19,3,7,-1,0,0,0,0,0,0,2,1,-1,9,2,41,7,1591,1,7,KIA SPORTAGE,4,E01002250,0,4
2024221400399,2024,221400399,1,9,0,-1,9,6,3,-1,0,3,0,0,0,0,1,1,-1,6,1,79,11,1995,2,12,KIA SPORTAGE,5,E01028858,0,2
2024131532043,2024,131532043,1,9,0,-1,9,6,4,-1,0,8,0,0,0,0,1,1,-1,6,1,61,9,1995,2,10,KIA SPORTAGE,3,E01011175,0,1
202460Q063828,2024,60Q063828,1,9,0,11,11,7,3,0,0,0,2,0,1,0,4,1,6,6,2,30,6,1591,1,13,KIA SPORTAGE,-1,-1,0,-1
2024411516719,2024,411516719,2,9,0,-1,-1,-1,-1,-1,-1,-1,-1,-1,-1,0,2,9,-1,2,2,33,6,1598,1,2,KIA SPORTAGE,6,E01023804,0,1
2024221491555,2024,221491555,2,9,0,-1,19,5,1,-1,0,8,0,0,0,0,3,1,-1,9,2,28,6,1685,2,9,KIA SPORTAGE,5,E01032357,0,1
2024221451910,2024,221451910,1,9,0,-1,2,0,0,-1,0,0,0,0,0,0,4,9,-1,6,1,24,5,1598,8,1,KIA SPORTAGE,3,E01009112,0,3
2024401503888,2024,401503888,2,9,-1,-1,-1,-1,-1,-1,-1,-1,-1,-1,-1,0,3,9,-1,9,2,34,6,1591,1,6,KIA SPORTAGE,6,E01017511,0,3
2024440063336,2024,440063336,1,9,0,18,19,6,2,0,0,8,0,0,7,0,4,1,6,6,2,41,7,1685,2,8,KIA SPORTAGE,-1,-1,0,-1
2024061405143,2024,061405143,2,9,0,-1,7,3,7,-1,0,0,0,0,1,0,4,1,-1,2,2,45,7,1591,1,3,KIA SPORTAGE,-1,-1,0,-1
2024430149054,2024,430149054,2,9,0,18,19,3,7,0,0,8,0,10,2,11,1,1,6,6,2,37,7,1685,2,7,KIA SPORTAGE,-1,-1,0,-1
2024111507788,2024,111507788,1,9,0,-1,19,5,1,-1,0,0,0,0,0,0,1,1,-1,6,2,46,8,1598,1,1,KIA SPORTAGE,9,E01020817,0,2
2024461513772,2024,461513772,1,9,0,-1,4,5,1,-1,0,0,0,0,0,0,1,9,-1,6,1,59,9,1591,1,2,KIA SPORTAGE,6,E01024205,0,1
2024451533219,2024,451533219,1,9,0,-1,5,1,3,-1,0,2,0,0,0,0,0,9,-1,6,2,59,9,1591,1,7,KIA SPORTAGE,3,E01030619,0,1
2024401463526,2024,401463526,1,9,0,-1,15,1,2,-1,0,0,1,0,7,4,1,1,-1,6,1,15,3,1591,1,3,KIA SPORTAGE,2,E01017400,0,2
2024991411735,2024,991411735,1,9,0,-1,5,3,7,-1,0,6,0,0,0,0,1,1,-1,6,2,28,6,1591,1,6,KIA SPORTAGE,1,-1,0,1
2024101434697,2024,101434697,1,9,0,-1,7,1,5,-1,0,4,0,0,0,0,3,1,-1,9,2,58,9,1591,1,5,KIA SPORTAGE,2,E01008860,0,1
2024430450489,2024,430450489,1,9,0,3,3,8,4,0,0,0,0,0,0,0,2,1,6,6,1,36,7,1598,8,0,KIA SPORTAGE,5,E01002229,0,3
2024010533985,2024,010533985,2,9,9,99,99,9,9,99,99,9,9,99,9,99,9,9,6,6,3,29,6,1591,1,5,KIA SPORTAGE,4,E01003412,0,1
2024461415207,2024,461415207,2,9,0,-1,19,3,7,-1,0,0,0,0,0,0,1,1,-1,2,2,40,7,1685,2,9,KIA SPORTAGE,7,E01024723,0,1
2024622400207,2024,622400207,1,9,0,18,19,2,6,0,0,0,0,0,0,0,1,1,6,6,2,34,6,1685,2,10,KIA SPORTAGE,1,W01000896,0,1
2024231534310,2024,231534310,4,9,0,-1,10,2,1,-1,0,1,0,0,0,0,1,1,-1,9,2,40,7,1685,2,7,KIA SPORTAGE,8,E01025663,0,3
2024461485501,2024,461485501,2,9,0,-1,19,7,7,-1,0,0,1,0,0,0,1,1,-1,9,2,36,7,1991,2,14,KIA SPORTAGE,8,E01024605,0,3
2024401449336,2024,401449336,1,9,0,-1,9,3,1,-1,0,6,0,0,0,0,1,1,-1,6,1,53,8,1685,2,8,KIA SPORTAGE,10,E01017371,0,1
2024311436376,2024,311436376,2,9,0,-1,9,4,8,-1,0,5,0,0,0,0,2,1,-1,9,2,-1,-1,1685,2,7,KIA SPORTAGE,3,E01007781,0,4
2024010526284,2024,010526284,1,9,0,9,9,1,6,0,0,8,0,0,0,0,3,1,6,6,1,34,6,1591,1,9,KIA SPORTAGE,7,E01021765,0,3
2024421400289,2024,421400289,1,9,0,-1,19,1,5,-1,0,0,0,4,0,0,1,1,-1,6,1,80,11,1598,8,2,KIA SPORTAGE,5,E01015992,0,2
2024131463596,2024,131463596,2,9,0,-1,19,7,3,-1,0,0,0,0,0,0,2,1,-1,6,2,56,9,1598,2,6,KIA SPORTAGE,8,E01011882,0,1
2024010534475,2024,010534475,1,9,0,99,99,9,9,99,99,0,9,99,9,99,9,9,6,6,2,32,6,1591,1,3,KIA SPORTAGE,5,E01001038,0,1
2024302400275,2024,302400275,1,9,0,18,19,6,2,0,0,2,5,0,0,0,1,1,6,6,1,75,10,1995,2,13,KIA SPORTAGE,9,E01013596,0,1
2024010501388,2024,010501388,2,9,0,18,19,7,3,9,9,0,0,0,1,4,1,1,6,6,1,40,7,1598,8,1,KIA SPORTAGE,2,E01000433,0,1
2024010519695,2024,010519695,1,9,0,4,4,3,7,0,0,1,0,0,0,0,2,1,6,6,1,59,9,1598,8,0,KIA SPORTAGE,3,E01034045,0,1
2024440263342,2024,440263342,3,9,0,3,3,1,5,0,0,1,0,0,0,0,2,1,1,1,1,43,7,1598,8,0,KIA SPORTAGE,7,E01022532,0,3
2024531463034,2024,531463034,2,9,0,-1,9,8,4,-1,0,5,0,0,0,0,3,1,-1,9,2,49,8,1685,2,8,KIA SPORTAGE,9,E01022282,0,4
2024549265624,2024,549265624,1,9,0,14,14,6,2,0,0,1,0,0,0,0,3,1,6,6,1,64,9,1598,1,1,KIA SPORTAGE,7,E01015550,0,1
2024161469515,2024,161469515,1,9,0,-1,19,5,1,-1,0,0,0,0,0,0,1,1,-1,2,1,36,7,1598,1,0,KIA SPORTAGE,-1,-1,0,-1
2024361507899,2024,361507899,2,9,0,-1,3,3,7,-1,0,0,0,0,0,0,2,1,-1,7,2,29,6,1685,2,10,KIA SPORTAGE,4,E01026720,0,2
2024161533703,2024,161533703,1,9,0,-1,1,7,3,-1,99,0,0,0,1,11,1,1,-1,6,1,75,10,1598,8,0,KIA SPORTAGE,9,E01028009,0,4
2024522402490,2024,522402490,1,9,0,18,19,3,6,0,0,8,0,0,0,0,4,1,6,6,2,32,6,1995,2,12,KIA SPORTAGE,6,E01035213,0,1
2024991459132,2024,991459132,1,9,0,-1,19,1,6,-1,0,6,0,0,0,0,1,1,-1,6,1,31,6,1685,2,8,KIA SPORTAGE,1,-1,0,1
2024101500407,2024,101500407,1,9,0,-1,19,8,4,-1,0,0,0,0,0,0,1,1,-1,6,1,-1,-1,1685,2,12,KIA SPORTAGE,-1,-1,0,-1
2024311471233,2024,311471233,2,9,0,-1,4,7,3,-1,0,0,0,0,0,0,2,1,-1,6,1,77,11,1598,2,5,KIA SPORTAGE,2,E01019505,0,1
2024430163001,2024,430163001,1,9,0,7,7,3,5,0,0,4,0,0,0,0,0,1,6,6,1,28,6,1685,2,7,KIA SPORTAGE,7,E01017928,0,1
2024430439377,2024,430439377,2,9,0,11,11,1,5,0,0,0,0,0,0,0,4,1,6,6,1,-1,-1,1598,8,4,KIA SPORTAGE,-1,-1,0,-1
202454A137024,2024,54A137024,1,9,0,18,19,6,2,0,0,0,2,0,0,0,1,1,6,6,2,70,10,1991,2,15,KIA SPORTAGE,3,E01031854,0,1
2024421525199,2024,421525199,3,9,0,-1,14,7,1,-1,0,0,0,1,2,0,3,1,-1,6,2,39,7,1598,2,2,KIA SPORTAGE,5,E01021921,0,2
2024211440607,2024,211440607,2,9,0,-1,7,6,8,-1,0,0,0,0,0,0,3,1,-1,6,2,35,6,1685,2,6,KIA SPORTAGE,1,E01014316,0,1
2024052401483,2024,052401483,3,9,0,3,3,5,1,0,0,0,0,0,0,0,2,1,6,6,2,27,6,1598,1,0,KIA SPORTAGE,3,E01034408,0,2
2024201439726,2024,201439726,1,9,0,-1,5,1,2,-1,0,0,0,0,0,0,1,1,-1,6,3,30,6,1591,1,12,KIA SPORTAGE,-1,-1,0,-1
2024131513613,2024,131513613,3,9,0,-1,2,0,0,-1,0,0,0,0,0,0,1,1,-1,6,-1,-1,-1,1685,2,10,KIA SPORTAGE,-1,-1,0,-1
2024471454562,2024,471454562,1,9,0,-1,19,3,7,-1,0,0,0,10,0,0,3,1,-1,9,1,44,7,1685,2,8,KIA SPORTAGE,7,E01031560,0,1
2024440142069,2024,440142069,2,9,0,18,19,5,1,0,0,0,0,0,0,0,1,1,6,6,1,-1,-1,1995,2,11,KIA SPORTAGE,-1,-1,0,-1
2024141534741,2024,141534741,1,9,0,-1,19,4,8,-1,0,1,2,0,1,1,4,1,-1,9,1,57,9,1685,2,8,KIA SPORTAGE,3,E01029434,0,4
2024631533587,2024,631533587,1,9,0,-1,19,2,6,-1,0,0,1,0,2,4,1,1,-1,9,1,58,9,1598,8,0,KIA SPORTAGE,10,E01006583,0,5
2024211423008,2024,211423008,1,9,0,-1,19,7,3,-1,0,0,5,10,0,0,1,1,-1,6,1,67,10,1685,2,9,KIA SPORTAGE,1,E01029453,0,1
2024131440868,2024,131440868,1,9,0,-1,4,1,5,-1,0,8,0,0,0,0,2,1,-1,6,1,65,9,1598,8,0,KIA SPORTAGE,6,E01011846,0,1
2024070523453,2024,070523453,1,9,0,16,19,5,1,0,0,0,0,0,1,4,1,1,2,2,1,65,9,1685,2,10,KIA SPORTAGE,4,E01006278,0,3
2024141415183,2024,141415183,2,9,0,-1,2,0,0,-1,0,2,0,0,0,0,2,2,-1,6,-1,-1,-1,1598,1,1,KIA SPORTAGE,-1,-1,0,-1
2024320603271,2024,320603271,1,9,0,-1,-1,6,2,0,0,0,0,0,0,0,1,1,6,6,1,73,10,1598,8,0,KIA SPORTAGE,2,E01026110,0,4
2024421495498,2024,421495498,2,9,0,-1,3,3,7,-1,0,1,0,0,0,0,3,1,-1,6,2,64,9,1598,1,2,KIA SPORTAGE,6,E01015816,0,2
2024010524567,2024,010524567,1,9,0,18,19,5,1,0,0,6,0,4,0,0,1,1,6,6,1,56,9,1598,8,1,KIA SPORTAGE,-1,-1,0,-1
2024161437466,2024,161437466,2,9,9,-1,19,1,5,-1,0,0,9,0,0,0,9,9,-1,6,1,-1,-1,1598,8,1,KIA SPORTAGE,-1,-1,0,-1
2024411511208,2024,411511208,2,9,0,-1,19,5,4,-1,0,0,0,0,0,0,1,1,-1,6,2,69,10,1598,8,1,KIA SPORTAGE,10,E01023497,0,1
2024552400449,2024,552400449,1,9,0,7,7,3,6,0,0,6,0,0,0,0,1,1,6,6,2,34,6,1685,2,11,KIA SPORTAGE,7,E01015387,0,1
202454B646924,2024,54B646924,2,9,0,18,19,6,2,0,0,8,0,0,1,4,1,1,6,6,2,28,6,1685,2,8,KIA SPORTAGE,5,E01032070,0,2
2024201525391,2024,201525391,1,9,0,-1,7,7,1,-1,0,6,0,0,0,0,1,1,-1,7,2,37,7,1598,8,0,KIA SPORTAGE,3,E01010085,0,1
2024010533141,2024,010533141,1,9,0,18,19,1,5,0,0,8,0,0,0,0,1,1,6,6,1,50,8,1598,1,1,KIA SPORTAGE,3,E01000367,0,3
2024610005024,2024,610005024,1,9,0,5,5,2,6,0,0,0,0,0,0,0,1,1,6,6,1,57,9,1598,8,4,KIA SPORTAGE,6,W01001912,0,1
2024411480425,2024,411480425,1,9,0,-1,19,5,1,-1,0,0,0,0,0,0,1,1,-1,9,1,75,10,1598,2,5,KIA SPORTAGE,6,E01017378,0,3
2024622400263,2024,622400263,1,9,0,18,19,8,4,0,0,3,0,0,0,0,1,1,6,6,2,30,6,1685,2,7,KIA SPORTAGE,7,W01001152,0,4
2024061470067,2024,061470067,2,9,0,-1,5,-1,-1,-1,0,0,0,0,0,0,1,1,-1,6,3,-1,-1,1598,8,1,KIA SPORTAGE,-1,-1,0,-1
2024131450265,2024,131450265,2,9,0,-1,19,1,5,-1,0,4,0,0,0,0,3,1,-1,6,2,60,9,1685,2,12,KIA SPORTAGE,3,E01010763,0,1
2024061502662,2024,061502662,3,9,0,-1,2,0,0,-1,9,1,0,0,0,0,3,1,-1,6,-1,-1,-1,1685,2,9,KIA SPORTAGE,-1,-1,0,-1
2024131405313,2024,131405313,2,9,0,-1,19,1,5,-1,0,2,0,0,0,0,1,1,-1,6,2,39,7,1685,2,7,KIA SPORTAGE,1,E01011326,0,1
2024201533816,2024,201533816,2,9,0,-1,19,3,7,-1,0,8,1,0,0,0,3,1,-1,6,2,44,7,1591,1,6,KIA SPORTAGE,5,E01009663,0,1
2024052401954,2024,052401954,2,9,0,5,5,2,6,0,0,0,0,0,0,0,3,1,2,2,2,38,7,1685,2,12,KIA SPORTAGE,10,E01012446,0,4
2024471477053,2024,471477053,1,9,0,-1,19,3,6,-1,0,2,0,0,0,0,1,1,-1,9,1,53,8,1685,2,11,KIA SPORTAGE,9,E01031563,0,1
2024010507867,2024,010507867,1,9,0,13,13,7,3,0,0,0,0,0,1,0,4,1,3,7,2,40,7,1598,1,1,KIA SPORTAGE,3,E01001362,0,1
2024231408619,2024,231408619,2,9,0,-1,2,0,0,-1,0,0,0,0,1,1,2,1,-1,6,1,44,7,1598,8,1,KIA SPORTAGE,9,E01026214,0,4
2024010535810,2024,010535810,1,9,0,8,8,2,3,3,2,6,0,0,7,0,1,1,6,6,2,72,10,1598,8,2,KIA SPORTAGE,6,E01032572,0,1
2024451467442,2024,451467442,3,9,0,-1,2,5,1,-1,9,1,0,0,0,0,2,1,-1,6,-1,-1,-1,1591,1,8,KIA SPORTAGE,-1,-1,0,-1
2024631442046,2024,631442046,2,9,0,-1,4,8,3,-1,0,0,0,0,0,0,2,1,-1,6,1,33,6,1591,1,3,KIA SPORTAGE,6,W01000713,0,2
2024631461481,2024,631461481,2,9,0,-1,19,2,5,-1,0,0,0,0,1,10,1,1,-1,9,1,31,6,1598,8,0,KIA SPORTAGE,8,W01000439,0,1
2024451508255,2024,451508255,1,9,0,-1,19,3,7,-1,0,2,0,0,3,11,1,1,-1,6,1,74,10,1598,8,4,KIA SPORTAGE,6,E01030515,0,1
2024010524796,2024,010524796,1,9,0,18,19,1,5,0,0,1,5,4,0,0,4,1,6,6,1,40,7,1591,1,7,KIA SPORTAGE,9,W01000759,0,5
2024031464240,2024,031464240,1,9,0,-1,19,1,5,-1,0,0,0,0,1,4,1,1,-1,9,1,26,6,1685,2,11,KIA SPORTAGE,1,E01005090,0,5
2024430584732,2024,430584732,1,9,0,18,19,6,2,0,0,8,2,7,0,0,3,1,6,6,2,33,6,1598,8,1,KIA SPORTAGE,9,E01035268,0,1
2024221443312,2024,221443312,2,9,0,-1,9,1,7,-1,0,8,1,0,0,0,4,9,-1,9,2,33,6,1598,2,5,KIA SPORTAGE,6,E01035066,0,4
2024320525884,2024,320525884,2,9,0,2,2,0,0,0,0,0,0,0,0,0,2,1,6,6,2,43,7,1598,8,0,KIA SPORTAGE,9,E01026263,0,1
2024041463685,2024,041463685,1,9,0,-1,9,7,3,-1,0,6,0,0,0,0,4,1,-1,9,2,83,11,1685,2,12,KIA SPORTAGE,4,E01025544,0,1
2024052400981,2024,052400981,1,9,0,15,15,6,2,0,0,0,0,0,0,0,4,1,1,1,1,-1,-1,1598,8,3,KIA SPORTAGE,-1,-1,0,-1
2024451428417,2024,451428417,1,9,0,-1,19,5,1,-1,0,3,0,9,0,0,1,1,-1,9,1,37,7,1598,1,0,KIA SPORTAGE,9,E01002274,0,4
2024991403642,2024,991403642,2,9,0,-1,10,4,2,-1,0,1,0,0,7,4,2,1,-1,9,2,58,9,1685,2,9,KIA SPORTAGE,6,-1,0,1
2024461420460,2024,461420460,2,9,0,-1,4,5,1,-1,0,0,0,0,0,0,2,1,-1,6,2,26,6,1685,2,9,KIA SPORTAGE,4,E01024767,0,1
2024131444852,2024,131444852,3,9,0,-1,2,0,0,-1,0,8,0,0,0,0,4,1,-1,6,-1,-1,-1,1598,1,0,KIA SPORTAGE,-1,-1,0,-1
2024131416202,2024,131416202,1,9,0,-1,5,1,5,-1,0,1,0,0,0,0,1,1,-1,6,1,49,8,1685,2,12,KIA SPORTAGE,3,E01005621,0,4
2024501426514,2024,501426514,2,9,0,-1,19,1,5,-1,0,1,0,0,0,0,1,1,-1,9,2,74,10,1591,1,6,KIA SPORTAGE,7,E01029216,0,5
2024401406359,2024,401406359,3,9,0,-1,19,5,1,-1,0,1,1,0,0,0,4,1,-1,6,1,75,10,1598,8,1,KIA SPORTAGE,10,E01017371,0,1
2024010537799,2024,010537799,1,9,0,99,99,9,9,99,99,9,9,99,9,99,9,9,2,2,1,38,7,1591,1,5,KIA SPORTAGE,9,E01035760,0,4
2024061451813,2024,061451813,2,9,0,-1,19,2,6,-1,0,8,0,0,0,0,3,1,-1,9,2,38,7,1591,1,8,KIA SPORTAGE,9,E01030975,0,5
2024991514882,2024,991514882,1,9,0,-1,9,1,2,-1,0,6,0,0,0,0,1,1,-1,6,2,56,9,1598,8,0,KIA SPORTAGE,-1,-1,0,-1
2024211414720,2024,211414720,1,9,0,-1,4,6,2,-1,0,1,0,0,0,0,1,1,-1,6,2,47,8,1685,2,11,KIA SPORTAGE,7,E01033535,0,2
2024401430396,2024,401430396,3,9,0,-1,4,2,6,-1,0,1,1,0,0,0,2,1,-1,6,1,76,11,1591,1,4,KIA SPORTAGE,8,E01017458,0,1
2024430616511,2024,430616511,1,9,0,9,9,2,8,0,0,8,0,0,0,0,4,1,6,6,2,28,6,1598,8,0,KIA SPORTAGE,10,E01016565,0,3
2024141428294,2024,141428294,2,9,0,-1,3,5,1,-1,0,3,0,0,0,0,2,1,-1,6,2,42,7,1598,1,2,KIA SPORTAGE,6,E01007476,0,1
2024141406471,2024,141406471,1,9,0,-1,19,4,2,-1,0,1,0,0,0,0,2,1,-1,2,2,50,8,1598,2,5,KIA SPORTAGE,9,E01028047,0,4
202460Q115486,2024,60Q115486,2,9,0,17,19,1,6,0,0,0,0,0,0,0,1,1,6,6,1,30,6,1598,8,0,KIA SPORTAGE,-1,-1,0,-1
2024552401532,2024,552401532,4,9,0,3,3,2,6,0,0,0,0,0,0,0,2,1,6,6,2,55,8,1598,8,0,KIA SPORTAGE,7,E01015436,0,2
2024010522639,2024,010522639,2,9,0,4,4,7,3,0,0,0,0,0,0,0,3,1,6,6,2,43,7,1591,1,4,KIA SPORTAGE,4,E01001153,0,2
2024161460416,2024,161460416,1,9,0,-1,19,4,7,-1,0,0,0,0,0,0,0,1,-1,6,2,32,6,1685,2,7,KIA SPORTAGE,7,E01013145,0,1
2024221469211,2024,221469211,2,9,0,-1,19,5,1,-1,0,8,0,0,0,0,1,9,-1,6,2,53,8,1598,1,1,KIA SPORTAGE,10,W01001586,0,5
2024211415534,2024,211415534,3,9,0,-1,7,1,4,-1,0,0,0,0,0,0,1,9,-1,6,2,62,9,1598,8,0,KIA SPORTAGE,4,E01014271,0,1
2024061416357,2024,061416357,1,9,0,-1,12,1,5,-1,0,0,0,0,0,0,0,1,-1,9,2,41,7,1591,1,5,KIA SPORTAGE,3,E01005893,0,3
2024131487538,2024,131487538,1,9,0,-1,19,5,1,-1,0,1,0,0,7,1,1,1,-1,9,1,67,10,1995,2,10,KIA SPORTAGE,5,E01007469,0,3
2024461539025,2024,461539025,1,9,-1,-1,19,5,2,-1,0,0,0,0,0,0,1,9,-1,6,2,42,7,1591,1,3,KIA SPORTAGE,5,E01024413,0,2
2024052402373,2024,052402373,2,9,0,18,19,3,7,0,0,1,0,0,0,0,4,1,6,6,2,53,8,1598,8,2,KIA SPORTAGE,2,E01006907,0,2
2024421484046,2024,421484046,2,9,0,-1,4,6,2,-1,0,0,0,0,0,0,2,1,-1,9,2,38,7,1598,1,1,KIA SPORTAGE,7,E01021657,0,2
2024031535381,2024,031535381,2,9,0,-1,2,0,0,-1,-1,0,0,0,0,0,2,1,-1,6,2,39,7,1685,2,9,KIA SPORTAGE,-1,-1,0,-1
2024052500487,2024,052500487,2,9,0,9,9,3,1,0,0,8,1,0,0,0,1,1,1,1,2,-1,-1,1598,8,3,KIA SPORTAGE,1,E01006872,0,3
2024201533114,2024,201533114,2,9,0,-1,19,8,4,-1,0,0,0,0,0,0,1,1,-1,9,1,71,10,1598,8,4,KIA SPORTAGE,-1,-1,0,-1
2024361467015,2024,361467015,2,9,0,-1,19,3,7,-1,0,0,0,0,1,9,1,1,-1,6,1,62,9,1598,2,5,KIA SPORTAGE,5,E01030241,0,3
2024522402633,2024,522402633,2,9,0,11,11,3,7,0,0,0,0,0,0,0,2,1,6,6,2,50,8,1995,2,12,KIA SPORTAGE,5,E01030210,0,5
2024320648133,2024,320648133,3,9,0,8,8,2,4,0,0,1,0,0,0,0,1,1,-1,-1,2,32,6,1685,2,7,KIA SPORTAGE,6,E01026399,0,3
2024041449048,2024,041449048,1,9,0,-1,19,5,1,-1,9,0,0,0,1,11,1,1,-1,9,2,61,9,1591,1,6,KIA SPORTAGE,3,E01025536,0,1
2024052401918,2024,052401918,2,9,0,18,19,5,1,0,0,0,0,0,0,0,1,1,1,1,2,66,10,1598,2,5,KIA SPORTAGE,8,E01006992,0,2
2024161504450,2024,161504450,1,9,9,-1,99,-1,-1,-1,99,9,9,99,9,0,9,9,-1,6,2,24,5,1591,1,5,KIA SPORTAGE,5,E01013180,0,3
2024320363666,2024,320363666,2,9,0,4,4,6,2,0,0,1,0,0,0,0,2,1,6,6,1,32,6,1598,1,1,KIA SPORTAGE,2,E01026103,0,3
2024211523368,2024,211523368,1,9,0,-1,9,4,2,-1,0,8,0,0,0,0,1,1,-1,9,1,55,8,1598,8,0,KIA SPORTAGE,7,E01029728,0,1
2024010519744,2024,010519744,1,9,0,7,7,5,7,0,0,1,0,0,0,0,1,1,6,6,2,35,6,1598,1,1,KIA SPORTAGE,3,E01003990,0,1
2024010500539,2024,010500539,2,9,0,99,99,9,9,99,99,0,9,99,9,99,9,9,6,6,3,-1,-1,1995,2,9,KIA SPORTAGE,-1,-1,0,-1
2024471411759,2024,471411759,2,9,0,-1,19,2,7,-1,0,0,0,0,0,0,1,1,-1,2,2,36,7,1685,2,7,KIA SPORTAGE,7,E01031616,0,3
2024201433742,2024,201433742,2,9,0,-1,19,7,3,-1,0,0,0,10,1,0,3,1,-1,2,1,48,8,1591,1,7,KIA SPORTAGE,4,E01032534,0,1
2024010538552,2024,010538552,2,9,0,99,99,9,9,99,99,9,9,99,9,99,2,9,6,6,2,52,8,1598,8,2,KIA SPORTAGE,9,E01002468,0,1
2024501430978,2024,501430978,1,9,0,-1,19,1,5,-1,0,0,5,7,1,0,1,2,-1,9,2,16,4,1591,1,4,KIA SPORTAGE,2,E01015210,0,1
2024421479751,2024,421479751,2,9,0,-1,19,3,7,-1,0,0,0,0,0,0,4,1,-1,2,2,51,8,1995,8,5,KIA SPORTAGE,6,E01035178,0,4
2024991395430,2024,991395430,1,9,0,-1,19,7,3,-1,0,0,0,0,1,10,4,1,-1,9,1,75,10,1591,1,4,KIA SPORTAGE,5,-1,0,1
2024401502604,2024,401502604,3,9,0,-1,19,2,6,-1,0,0,0,0,0,0,1,1,-1,6,1,43,7,1591,1,9,KIA SPORTAGE,8,E01027193,0,4
2024421485195,2024,421485195,1,9,0,-1,9,3,8,-1,0,0,0,0,0,0,1,1,-1,1,1,61,9,1995,2,13,KIA SPORTAGE,8,E01021405,0,1
2024430465429,2024,430465429,2,8,0,3,3,1,5,0,0,1,0,0,0,0,2,1,6,6,2,34,6,1591,1,3,KIA SPORTAGE,2,E01035432,0,3
2024991489563,2024,991489563,1,9,0,-1,4,3,6,-1,0,1,0,0,0,0,1,1,-1,9,1,66,10,1598,8,0,KIA SPORTAGE,5,-1,0,1
2024101524695,2024,101524695,2,9,0,-1,19,5,1,-1,0,1,0,0,0,0,1,1,-1,6,1,50,8,1685,2,12,KIA SPORTAGE,2,E01008460,0,1
2024991440018,2024,991440018,2,9,0,-1,4,5,1,-1,0,1,0,0,0,0,2,1,-1,9,1,40,7,1685,2,7,KIA SPORTAGE,6,-1,0,1
2024421483113,2024,421483113,1,9,0,-1,19,6,2,-1,0,0,0,0,0,0,1,1,-1,9,2,58,9,1685,2,10,KIA SPORTAGE,2,E01029971,0,4
2024471426582,2024,471426582,1,9,0,-1,19,6,2,-1,0,0,0,0,1,4,1,1,-1,9,2,55,8,1991,2,19,KIA SPORTAGE,2,E01030483,0,4