collision_index,collision_year,collision_ref_no,vehicle_reference,vehicle_type,towing_and_articulation,vehicle_manoeuvre_historic,vehicle_manoeuvre,vehicle_direction_from,vehicle_direction_to,vehicle_location_restricted_lane_historic,vehicle_location_restricted_lane,junction_location,skidding_and_overturning,hit_object_in_carriageway,vehicle_leaving_carriageway,hit_object_off_carriageway,first_point_of_impact,vehicle_left_hand_drive,journey_purpose_of_driver_historic,journey_purpose_of_driver,sex_of_driver,age_of_driver,age_band_of_driver,engine_capacity_cc,propulsion_code,age_of_vehicle,generic_make_model,driver_imd_decile,lsoa_of_driver,escooter_flag,driver_distance_banding
2024340WN6842,2024,340WN6842,1,9,0,-1,19,5,1,-1,0,0,1,0,0,6,1,1,-1,6,1,50,8,1598,8,2,KIA SPORTAGE,8,E01027285,0,2
2024111522609,2024,111522609,2,9,0,-1,19,1,5,-1,0,1,0,0,0,0,3,1,-1,6,2,40,7,1591,1,2,KIA SPORTAGE,5,E01034492,0,1
2024501449936,2024,501449936,1,9,0,-1,19,4,1,-1,0,2,0,0,0,0,1,1,-1,9,1,57,9,1598,1,2,KIA SPORTAGE,5,E01020068,0,3
2024471532606,2024,471532606,1,9,0,-1,5,3,8,-1,0,8,0,0,0,0,3,1,-1,9,1,73,10,1598,1,0,KIA SPORTAGE,9,E01031706,0,1
2024131397689,2024,131397689,1,9,0,-1,19,6,2,-1,0,0,0,0,0,0,1,1,-1,9,2,25,5,1598,8,5,KIA SPORTAGE,6,E01011861,0,2
2024010505979,2024,010505979,1,9,0,18,19,3,7,0,0,8,5,0,0,0,1,1,6,6,2,44,7,1591,1,7,KIA SPORTAGE,8,E01002421,0,1
2024481437320,2024,481437320,1,9,0,-1,19,3,7,-1,0,8,0,0,0,0,1,1,-1,1,1,35,6,1598,1,1,KIA SPORTAGE,-1,-1,0,-1
2024201499432,2024,201499432,1,9,0,-1,19,2,7,-1,9,3,0,0,0,0,1,1,-1,9,1,68,10,1685,2,10,KIA SPORTAGE,7,E01009805,0,1
2024010544525,2024,010544525,1,9,0,18,19,3,7,0,0,8,0,0,0,0,1,1,6,6,1,49,8,1685,2,6,KIA SPORTAGE,-1,-1,0,-1
2024161427358,2024,161427358,1,9,0,-1,19,8,4,-1,0,0,0,0,0,0,4,1,-1,9,1,40,7,1685,2,10,KIA SPORTAGE,1,E01013141,0,1
2024552400006,2024,552400006,3,9,0,18,19,4,8,0,0,0,0,0,0,0,1,1,6,6,1,54,8,1995,2,6,KIA SPORTAGE,6,E01015244,0,4
2024041409941,2024,041409941,2,9,0,-1,9,6,2,-1,0,0,0,0,0,0,3,1,-1,9,1,35,6,1591,1,4,KIA SPORTAGE,7,E01034068,0,5
2024221434997,2024,221434997,1,9,0,-1,19,1,5,-1,0,8,0,0,0,0,4,1,-1,1,1,48,8,1685,2,10,KIA SPORTAGE,1,E01008905,0,4
2024471455966,2024,471455966,2,9,0,-1,19,6,1,-1,0,0,1,0,1,4,1,1,-1,9,1,69,10,1598,8,0,KIA SPORTAGE,7,E01021201,0,1
2024231477332,2024,231477332,1,9,0,-1,19,2,6,-1,0,0,1,0,0,0,1,1,-1,6,1,52,8,1591,1,8,KIA SPORTAGE,5,E01009591,0,2
2024131401417,2024,131401417,1,9,0,-1,9,1,5,-1,0,8,0,0,0,0,3,1,-1,9,1,40,7,1995,2,11,KIA SPORTAGE,10,E01011190,0,1
2024221430026,2024,221430026,1,9,0,-1,10,3,1,-1,0,1,0,0,0,0,2,1,-1,6,1,65,9,1995,2,12,KIA SPORTAGE,7,E01029012,0,4
2024411525303,2024,411525303,2,9,0,-1,4,3,7,-1,0,0,0,0,0,0,2,1,-1,6,1,38,7,1591,1,6,KIA SPORTAGE,9,E01024849,0,4
2024991441782,2024,991441782,3,9,0,-1,19,3,8,-1,0,0,0,0,0,0,3,1,-1,9,2,53,8,1591,1,6,KIA SPORTAGE,5,-1,0,2
2024351421015,2024,351421015,1,9,0,-1,19,1,5,-1,0,0,0,0,0,0,1,1,-1,6,1,44,7,1685,2,12,KIA SPORTAGE,4,E01015606,0,3
2024052400450,2024,052400450,1,9,0,18,19,5,1,0,0,8,0,0,0,0,4,1,1,1,1,46,8,1598,8,1,KIA SPORTAGE,2,E01007300,0,3
2024421492652,2024,421492652,1,9,0,-1,19,3,7,-1,0,2,0,0,0,0,3,1,-1,9,1,51,8,1598,8,0,KIA SPORTAGE,9,E01025883,0,5
2024471450482,2024,471450482,2,9,0,-1,19,1,5,-1,0,0,5,0,0,0,3,1,-1,9,2,49,8,1685,2,11,KIA SPORTAGE,5,E01031385,0,1
2024311407247,2024,311407247,1,9,0,-1,9,7,4,-1,0,8,0,0,0,0,4,9,-1,9,2,32,6,1598,8,2,KIA SPORTAGE,3,E01033769,0,1
2024302401385,2024,302401385,1,9,0,9,9,6,4,0,0,2,0,0,0,0,1,1,6,6,2,55,8,1598,1,1,KIA SPORTAGE,3,E01013548,0,3
2024010530336,2024,010530336,2,9,0,99,99,9,9,99,99,9,9,99,9,99,1,9,6,6,3,40,7,1598,1,0,KIA SPORTAGE,8,E01000426,0,1
2024311525158,2024,311525158,2,9,0,-1,10,6,4,-1,0,8,0,0,0,0,1,1,-1,6,2,58,9,1598,1,1,KIA SPORTAGE,8,E01028194,0,1
2024451413997,2024,451413997,2,9,0,-1,7,3,5,-1,0,1,0,0,0,0,3,1,-1,9,1,38,7,1591,1,4,KIA SPORTAGE,4,E01003448,0,3
2024461416272,2024,461416272,1,9,0,-1,19,7,3,-1,0,0,0,0,0,0,2,1,-1,6,2,58,9,1685,2,11,KIA SPORTAGE,-1,-1,0,-1
2024041534914,2024,041534914,1,9,0,-1,19,1,6,-1,0,0,0,0,0,0,1,9,-1,6,1,58,9,1685,2,11,KIA SPORTAGE,1,E01025482,0,2
2024201494168,2024,201494168,2,9,0,-1,2,0,0,-1,0,0,0,0,0,0,1,1,-1,6,1,67,10,1598,8,5,KIA SPORTAGE,-1,-1,0,-1
2024122400558,2024,122400558,1,9,0,5,5,7,3,9,9,1,0,0,0,0,1,1,6,6,1,65,9,1598,1,1,KIA SPORTAGE,8,E01027836,0,1
2024201441647,2024,201441647,1,9,0,-1,9,2,8,-1,0,5,0,0,0,0,4,1,-1,9,2,63,9,1591,1,3,KIA SPORTAGE,8,E01028830,0,4
2024201512767,2024,201512767,2,9,0,-1,9,4,2,-1,0,5,0,0,0,0,4,1,-1,2,2,36,7,1598,1,1,KIA SPORTAGE,-1,-1,0,-1
2024010499334,2024,010499334,2,9,0,99,99,9,9,99,99,6,9,99,9,99,9,9,6,6,3,-1,-1,1591,1,5,KIA SPORTAGE,-1,-1,0,-1
2024440221034,2024,440221034,1,9,0,18,19,6,2,0,0,8,0,0,3,1,1,1,6,6,1,67,10,1685,2,13,KIA SPORTAGE,9,E01022879,0,3
2024522403411,2024,522403411,1,9,0,12,12,7,3,0,0,0,0,0,0,0,3,1,6,6,1,33,6,1685,2,6,KIA SPORTAGE,9,E01014898,0,1
2024401435241,2024,401435241,1,9,0,-1,-1,-1,-1,-1,-1,-1,-1,-1,-1,0,-1,1,-1,6,1,41,7,1591,1,3,KIA SPORTAGE,4,E01017506,0,1
202417S108524,2024,17S108524,2,9,0,-1,9,7,5,-1,0,8,0,0,0,0,1,1,-1,9,1,57,9,1598,8,1,KIA SPORTAGE,10,E01012223,0,1
2024451505133,2024,451505133,1,9,0,-1,19,5,1,-1,0,8,0,0,0,0,4,1,-1,1,1,59,9,1591,1,9,KIA SPORTAGE,10,E01030408,0,2
2024340NN1192,2024,340NN1192,1,9,0,-1,9,7,6,-1,0,6,0,0,3,9,4,1,-1,9,2,34,6,1598,2,5,KIA SPORTAGE,8,E01027103,0,1
2024161402740,2024,161402740,1,9,0,-1,7,3,7,-1,0,2,0,0,0,0,1,1,-1,2,2,31,6,1685,2,7,KIA SPORTAGE,5,E01033414,0,1
2024161447906,2024,161447906,2,9,0,-1,19,5,1,-1,0,1,0,0,0,0,1,1,-1,6,1,58,9,1995,2,6,KIA SPORTAGE,3,E01013164,0,1
2024031518377,2024,031518377,2,9,0,-1,19,6,2,-1,0,8,0,0,0,0,1,1,-1,6,2,58,9,1598,8,3,KIA SPORTAGE,-1,-1,0,-1
2024161492379,2024,161492379,1,9,0,-1,19,1,3,-1,0,0,0,0,0,0,1,1,-1,9,1,71,10,1591,1,6,KIA SPORTAGE,2,E01020809,0,5
2024211524221,2024,211524221,2,9,0,-1,19,7,7,-1,0,0,0,0,1,0,1,1,-1,6,2,55,8,1995,2,8,KIA SPORTAGE,7,E01029517,0,1
2024041499834,2024,041499834,1,9,0,-1,7,7,1,-1,0,2,0,0,1,0,3,1,-1,9,1,57,9,1598,8,0,KIA SPORTAGE,6,E01024861,0,1
2024211499036,2024,211499036,1,9,3,-1,19,3,7,-1,0,0,4,0,0,0,3,1,-1,6,1,65,9,1995,2,9,KIA SPORTAGE,5,E01027989,0,4
2024440075432,2024,440075432,3,9,0,3,3,8,4,0,0,0,0,0,0,0,2,1,2,2,2,46,8,1591,1,11,KIA SPORTAGE,3,E01022803,0,2
2024101413568,2024,101413568,2,9,0,-1,5,0,1,-1,0,1,0,0,0,0,1,1,-1,6,1,57,9,1598,1,1,KIA SPORTAGE,1,E01008303,0,1
2024501515431,2024,501515431,1,9,0,-1,19,8,3,-1,0,1,0,0,0,0,1,1,-1,9,1,46,8,1995,2,9,KIA SPORTAGE,5,E01020076,0,2
2024351546022,2024,351546022,2,9,0,-1,19,3,7,-1,0,1,0,0,0,0,4,1,-1,6,1,33,6,1685,2,10,KIA SPORTAGE,2,E01015660,0,1
2024471463234,2024,471463234,1,9,0,-1,3,7,3,-1,0,0,0,0,0,0,2,1,-1,9,2,45,7,1591,1,5,KIA SPORTAGE,9,E01017003,0,1
2024430216587,2024,430216587,3,9,0,3,3,8,4,0,0,0,0,0,0,0,2,1,6,6,2,45,7,1598,1,1,KIA SPORTAGE,9,E01016247,0,1
2024371477868,2024,371477868,2,9,0,-1,19,6,3,-1,0,0,0,0,0,0,3,1,-1,2,1,42,7,1598,8,0,KIA SPORTAGE,-1,-1,0,-1
2024430031296,2024,430031296,3,9,0,18,19,8,4,0,0,0,0,0,0,0,1,1,6,6,1,-1,-1,1591,1,6,KIA SPORTAGE,10,E01022118,0,4
2024221400135,2024,221400135,1,9,0,-1,4,7,3,-1,0,0,1,0,0,0,1,2,-1,9,2,34,6,1685,2,8,KIA SPORTAGE,7,E01029517,0,4
2024531482475,2024,531482475,1,9,0,-1,19,5,1,-1,0,0,0,0,7,0,1,1,-1,9,1,41,7,1598,1,1,KIA SPORTAGE,5,E01022321,0,4
2024501483231,2024,501483231,1,9,0,-1,11,3,7,-1,9,1,1,7,1,7,4,1,-1,6,2,51,8,1685,2,10,KIA SPORTAGE,8,E01015067,0,1
2024010532321,2024,010532321,1,9,0,9,9,5,3,0,0,8,0,0,0,0,1,1,6,6,2,25,5,1598,8,1,KIA SPORTAGE,7,E01002207,0,2
2024231506478,2024,231506478,2,9,0,-1,19,4,8,-1,0,0,0,0,4,6,1,1,-1,9,1,56,9,1591,1,6,KIA SPORTAGE,7,E01017379,0,4
2024010521494,2024,010521494,1,9,0,18,19,7,3,9,9,6,0,0,0,0,1,1,3,7,2,53,8,1591,1,5,KIA SPORTAGE,9,E01000673,0,1
2024401415477,2024,401415477,1,9,0,-1,5,8,5,-1,0,8,0,0,0,0,1,1,-1,6,1,65,9,1591,1,12,KIA SPORTAGE,8,E01028623,0,4
2024041436420,2024,041436420,2,9,0,-1,2,1,5,-1,0,0,0,0,0,0,2,1,-1,6,-1,-1,-1,1591,1,4,KIA SPORTAGE,-1,-1,0,-1
2024471438040,2024,471438040,2,9,0,-1,2,0,0,-1,0,0,0,0,0,0,1,1,-1,6,-1,-1,-1,1598,8,2,KIA SPORTAGE,-1,-1,0,-1
2024430466520,2024,430466520,1,9,0,18,19,8,4,0,0,1,0,0,0,0,1,1,6,6,1,51,8,1598,8,4,KIA SPORTAGE,4,E01032731,0,1
2024991404259,2024,991404259,1,9,0,-1,9,3,1,-1,0,6,0,0,0,0,1,1,-1,6,2,25,5,1598,2,5,KIA SPORTAGE,4,-1,0,1
2024052402480,2024,052402480,1,9,0,7,7,2,3,0,0,1,0,0,0,0,1,1,6,6,2,31,6,1591,1,7,KIA SPORTAGE,2,E01006879,0,1
2024221447173,2024,221447173,2,9,0,-1,19,2,6,-1,0,0,0,8,0,0,4,9,-1,6,2,44,7,1685,2,8,KIA SPORTAGE,10,E01032271,0,1
2024161468113,2024,161468113,1,9,0,-1,5,6,2,-1,9,0,0,10,2,11,1,1,-1,9,1,17,4,1685,2,8,KIA SPORTAGE,6,E01012810,0,2
202460Q136135,2024,60Q136135,1,9,0,18,19,1,5,0,0,0,2,0,7,10,1,1,6,6,1,38,7,1685,2,8,KIA SPORTAGE,-1,-1,0,-1
2024991524001,2024,991524001,2,9,0,-1,19,3,8,-1,0,0,0,0,0,0,2,1,-1,6,1,38,7,1598,1,2,KIA SPORTAGE,-1,-1,0,-1
2024531453413,2024,531453413,3,9,0,-1,19,6,2,-1,0,0,0,0,0,0,3,1,-1,2,2,64,9,1591,1,2,KIA SPORTAGE,5,E01022377,0,1
2024141497768,2024,141497768,1,9,0,-1,19,1,3,-1,0,1,0,0,0,0,1,1,-1,2,1,58,9,1598,8,3,KIA SPORTAGE,9,E01007749,0,1
2024552500147,2024,552500147,1,9,0,5,5,7,3,0,0,8,0,0,0,0,1,1,6,6,2,37,7,1598,8,2,KIA SPORTAGE,8,E01015389,0,2
2024010533541,2024,010533541,2,9,0,18,19,3,7,0,0,0,0,0,0,0,0,1,6,6,1,60,9,1598,8,0,KIA SPORTAGE,6,E01001419,0,2
2024302400100,2024,302400100,1,9,0,18,19,7,4,0,0,8,0,0,0,0,4,1,6,6,1,44,7,1598,8,1,KIA SPORTAGE,9,E01019853,0,2
2024401414480,2024,401414480,1,9,0,-1,19,2,6,-1,0,0,0,0,0,0,1,1,-1,9,2,47,8,1685,2,8,KIA SPORTAGE,5,E01034428,0,2
2024211433537,2024,211433537,2,9,0,-1,13,8,2,-1,0,3,1,0,0,0,4,1,-1,9,1,48,8,1598,8,0,KIA SPORTAGE,9,E01029536,0,1
2024332400845,2024,332400845,2,9,0,-1,19,4,8,-1,0,0,0,0,0,0,2,1,-1,9,2,32,6,1598,8,1,KIA SPORTAGE,10,E01019855,0,1
2024010517936,2024,010517936,2,9,0,99,99,9,9,99,99,9,9,99,9,99,2,9,6,6,2,51,8,1598,8,1,KIA SPORTAGE,5,E01000260,0,1
2024461412653,2024,461412653,3,9,0,-1,2,0,0,-1,9,0,0,4,0,0,3,9,-1,6,-1,-1,-1,1598,8,2,KIA SPORTAGE,-1,-1,0,-1
2024552401116,2024,552401116,2,9,0,4,4,7,3,0,0,0,0,0,0,0,2,1,6,6,2,42,7,1685,2,11,KIA SPORTAGE,9,E01011086,0,5
2024052401927,2024,052401927,1,9,0,18,19,5,1,0,0,8,2,0,1,1,1,1,1,1,1,-1,-1,1598,8,4,KIA SPORTAGE,-1,-1,0,-1
2024351419728,2024,351419728,1,9,-1,-1,-1,-1,-1,-1,-1,0,-1,-1,-1,0,-1,9,-1,6,2,46,8,1598,8,4,KIA SPORTAGE,7,E01018140,0,1
2024501451019,2024,501451019,1,9,0,-1,19,2,6,-1,0,0,1,0,5,0,3,1,-1,9,2,54,8,1995,2,12,KIA SPORTAGE,8,E01019962,0,4
2024461497145,2024,461497145,2,9,0,-1,5,5,1,-1,0,8,0,0,0,0,3,1,-1,9,1,31,6,1598,8,3,KIA SPORTAGE,1,E01024661,0,1
2024231529243,2024,231529243,1,9,0,-1,9,2,8,-1,0,5,0,0,0,0,1,1,-1,6,1,66,10,1591,1,3,KIA SPORTAGE,9,E01009543,0,2
2024052401963,2024,052401963,2,9,0,4,4,3,7,0,0,1,0,0,0,0,1,1,1,1,1,32,6,1598,8,3,KIA SPORTAGE,-1,-1,0,-1
2024041514014,2024,041514014,2,9,0,-1,2,0,0,-1,0,0,0,0,0,0,1,1,-1,6,-1,-1,-1,1598,8,3,KIA SPORTAGE,-1,-1,0,-1
2024430478894,2024,430478894,2,9,0,4,4,2,6,0,0,0,0,0,0,0,2,1,6,6,1,39,7,1598,8,0,KIA SPORTAGE,10,E01016702,0,4
2024471529639,2024,471529639,3,9,0,-1,2,0,0,-1,-1,-1,0,0,0,0,1,9,-1,6,2,44,7,1995,2,9,KIA SPORTAGE,6,E01031464,0,3
2024320329841,2024,320329841,1,9,0,9,9,4,2,0,0,6,0,0,0,0,1,1,6,6,1,83,11,1591,1,4,KIA SPORTAGE,6,E01026040,0,1
2024991523812,2024,991523812,1,9,0,-1,9,5,3,-1,0,8,0,0,0,0,1,1,-1,6,1,36,7,1591,1,3,KIA SPORTAGE,-1,-1,0,-1
2024451533037,2024,451533037,1,9,0,-1,9,2,4,-1,0,2,0,0,0,0,3,1,-1,9,2,49,8,1598,8,2,KIA SPORTAGE,10,E01030797,0,1
2024141464344,2024,141464344,3,9,0,-1,19,8,4,-1,0,1,0,0,0,0,3,1,-1,6,2,42,7,1591,1,6,KIA SPORTAGE,5,E01008045,0,3
2024052400314,2024,052400314,2,9,0,18,19,7,4,0,0,1,0,0,0,0,4,1,6,6,2,45,7,1598,8,2,KIA SPORTAGE,1,E01006745,0,2
2024141511015,2024,141511015,2,9,0,-1,14,6,2,-1,0,0,0,0,0,0,4,1,-1,9,1,48,8,1995,2,11,KIA SPORTAGE,1,E01008098,0,1
2024421425989,2024,421425989,5,9,0,-1,19,1,5,-1,0,0,0,0,0,0,3,1,-1,9,2,47,8,1995,2,9,KIA SPORTAGE,4,E01002267,0,4
2024461433626,2024,461433626,1,9,0,-1,5,6,1,-1,0,0,1,0,0,0,4,1,-1,6,2,35,6,1591,1,6,KIA SPORTAGE,4,E01035007,0,1
2024131469567,2024,131469567,3,9,0,-1,2,8,4,-1,0,0,0,0,0,0,3,1,-1,6,-1,-1,-1,1598,8,0,KIA SPORTAGE,-1,-1,0,-1
2024451524073,2024,451524073,3,9,0,-1,19,8,4,-1,0,0,0,0,0,0,1,1,-1,1,1,43,7,1598,8,4,KIA SPORTAGE,5,E01016226,0,3
2024430583935,2024,430583935,1,9,0,7,7,3,4,0,0,3,0,0,0,0,1,1,2,2,1,38,7,1685,2,13,KIA SPORTAGE,6,E01017860,0,1
2024522401363,2024,522401363,2,9,0,18,19,7,3,0,0,8,0,0,0,0,1,1,6,6,2,72,10,1685,2,6,KIA SPORTAGE,9,E01014816,0,4
2024302400482,2024,302400482,2,9,0,18,19,7,3,0,0,1,0,0,0,0,2,1,6,6,1,24,5,1598,8,0,KIA SPORTAGE,2,E01013453,0,1
2024991495543,2024,991495543,2,9,0,-1,19,3,7,-1,0,2,1,0,0,0,3,1,-1,9,1,30,6,1598,8,0,KIA SPORTAGE,-1,-1,0,-1
2024031416502,2024,031416502,2,9,0,-1,-1,-1,-1,-1,-1,0,-1,-1,-1,0,-1,1,-1,6,3,-1,-1,1685,2,7,KIA SPORTAGE,-1,-1,0,-1
2024041502359,2024,041502359,2,9,0,-1,19,1,5,-1,0,0,0,0,0,0,4,1,-1,9,2,53,8,1598,8,0,KIA SPORTAGE,1,E01025140,0,1
2024061486644,2024,061486644,2,9,0,-1,3,6,2,-1,0,1,0,0,0,0,2,1,-1,6,2,39,7,1598,8,2,KIA SPORTAGE,6,E01005537,0,1
2024041525685,2024,041525685,2,9,0,-1,8,1,4,-1,0,1,5,0,3,0,2,1,-1,7,2,43,7,1598,1,1,KIA SPORTAGE,4,E01025394,0,2
2024161513955,2024,161513955,1,9,0,-1,19,7,3,-1,0,8,0,0,0,0,3,1,-1,6,1,63,9,1991,2,14,KIA SPORTAGE,7,E01013175,0,1
2024302401365,2024,302401365,2,9,0,18,19,4,1,0,0,6,0,0,0,0,4,1,2,2,2,32,6,1685,2,8,KIA SPORTAGE,7,E01019754,0,1
2024531478926,2024,531478926,2,9,0,-1,12,5,5,-1,0,0,0,0,0,0,2,1,-1,2,1,48,8,1591,1,3,KIA SPORTAGE,8,E01028715,0,4
2024201503677,2024,201503677,1,9,0,-1,5,7,2,-1,0,4,0,0,0,0,3,1,-1,6,2,44,7,1685,2,10,KIA SPORTAGE,2,E01010016,0,1
2024101460548,2024,101460548,1,9,0,-1,19,7,3,-1,0,8,0,0,1,0,1,1,-1,6,1,68,10,1995,2,7,KIA SPORTAGE,-1,-1,0,-1
2024461402362,2024,461402362,2,9,0,-1,19,4,8,-1,0,8,0,0,0,0,1,9,-1,6,1,64,9,1995,2,9,KIA SPORTAGE,8,E01024511,0,1
2024411518795,2024,411518795,3,9,0,-1,7,2,4,-1,0,7,0,0,0,0,0,1,-1,9,2,51,8,1598,8,0,KIA SPORTAGE,6,E01023491,0,1
2024201518933,2024,201518933,1,9,0,-1,19,3,7,-1,0,0,1,0,0,0,1,1,-1,9,2,30,6,1598,1,0,KIA SPORTAGE,4,E01009849,0,1
2024471499235,2024,471499235,2,9,0,-1,19,5,1,-1,0,0,0,0,0,0,1,1,-1,2,1,51,8,1995,2,9,KIA SPORTAGE,10,E01021202,0,4
2024340NN3912,2024,340NN3912,1,9,0,-1,19,4,8,-1,0,4,0,0,0,0,1,1,-1,2,2,43,7,1685,2,10,KIA SPORTAGE,8,E01032966,0,1
2024451442526,2024,451442526,1,9,0,-1,19,6,2,-1,0,1,0,0,0,0,1,1,-1,6,2,65,9,1685,2,12,KIA SPORTAGE,10,E01030581,0,1
2024332400048,2024,332400048,2,9,0,-1,19,2,5,-1,0,8,0,0,0,0,3,1,-1,9,1,41,7,1591,1,6,KIA SPORTAGE,6,E01026260,0,4
2024411513318,2024,411513318,1,9,-1,-1,-1,-1,-1,-1,-1,-1,-1,-1,-1,0,-1,9,-1,6,1,56,9,1591,1,7,KIA SPORTAGE,6,E01015950,0,4
2024520001722,2024,520001722,1,9,0,18,19,6,2,0,0,0,0,4,0,0,4,1,6,6,1,60,9,1998,1,14,KIA SPORTAGE,8,E01004053,0,5
2024161530227,2024,161530227,2,9,0,-1,19,5,1,-1,0,0,0,0,0,0,1,1,-1,9,1,43,7,1995,2,12,KIA SPORTAGE,5,E01013244,0,1
2024622400173,2024,622400173,2,9,0,18,19,4,8,0,0,0,0,0,0,0,2,1,6,6,2,51,8,1591,1,7,KIA SPORTAGE,10,W01001780,0,4
2024332400791,2024,332400791,1,9,0,-1,19,7,3,-1,0,0,2,0,1,11,1,1,-1,9,2,55,8,1591,1,3,KIA SPORTAGE,4,E01028380,0,3
2024052402491,2024,052402491,1,9,0,9,9,8,6,0,0,5,0,0,0,0,1,1,6,6,1,38,7,1598,8,0,KIA SPORTAGE,1,E01006678,0,1
2024061508960,2024,061508960,1,9,0,-1,5,4,1,-1,0,1,0,0,0,0,3,2,-1,9,2,34,6,1598,8,1,KIA SPORTAGE,4,E01005451,0,1
2024161464767,2024,161464767,1,9,0,-1,6,3,3,-1,0,0,0,0,0,0,3,1,-1,2,1,64,9,1975,1,14,KIA SPORTAGE,1,E01012894,0,1
2024010500032,2024,010500032,2,9,0,11,11,1,5,2,2,0,0,0,0,0,4,1,6,6,2,49,8,1598,1,1,KIA SPORTAGE,1,E01000596,0,1
2024141546507,2024,141546507,2,9,0,-1,5,5,1,-1,0,0,0,0,0,0,3,1,-1,9,1,53,8,1591,1,6,KIA SPORTAGE,7,E01008128,0,2
2024531410990,2024,531410990,2,9,-1,-1,2,0,0,-1,0,0,0,0,0,0,4,9,-1,6,2,37,7,1598,1,0,KIA SPORTAGE,1,E01022323,0,1
2024141501711,2024,141501711,4,9,0,-1,8,0,0,-1,0,1,0,0,0,0,3,1,-1,6,1,49,8,1685,2,9,KIA SPORTAGE,3,E01007569,0,1
2024451407673,2024,451407673,2,9,0,-1,19,5,1,-1,0,0,0,0,1,0,1,1,-1,1,2,43,7,1685,2,8,KIA SPORTAGE,5,E01017127,0,4
2024311431500,2024,311431500,1,9,0,-1,5,7,3,-1,0,1,0,0,0,0,3,1,-1,2,1,48,8,1598,8,2,KIA SPORTAGE,4,E01013938,0,1
2024501534551,2024,501534551,1,9,0,-1,19,1,5,-1,1,1,0,0,0,0,3,1,-1,6,1,80,11,1598,8,1,KIA SPORTAGE,6,E01018957,0,3
2024451459773,2024,451459773,2,9,0,-1,19,1,5,-1,0,2,0,0,0,0,1,1,-1,6,2,42,7,1995,2,9,KIA SPORTAGE,1,E01016368,0,3
2024041450506,2024,041450506,2,9,0,-1,6,1,5,-1,0,0,0,0,0,0,1,1,-1,9,1,32,6,1995,2,11,KIA SPORTAGE,1,E01012746,0,1
2024010511386,2024,010511386,2,9,5,18,19,1,5,99,99,0,9,0,0,0,9,9,6,6,3,-1,-1,1591,1,8,KIA SPORTAGE,-1,-1,0,-1
2024991454547,2024,991454547,1,9,0,-1,9,8,4,-1,0,6,0,0,0,0,3,1,-1,9,1,72,10,1991,2,17,KIA SPORTAGE,2,-1,0,1
2024070355595,2024,070355595,4,9,0,4,4,7,3,0,0,0,0,0,0,0,2,1,6,6,1,74,10,1591,1,6,KIA SPORTAGE,4,E01019247,0,5
2024991496000,2024,991496000,2,9,0,-1,19,3,7,-1,0,0,0,0,0,0,1,1,-1,1,1,27,6,1598,8,0,KIA SPORTAGE,3,-1,0,1
2024451423755,2024,451423755,2,9,0,-1,8,7,4,-1,0,4,0,0,0,0,1,1,-1,9,1,29,6,1591,1,4,KIA SPORTAGE,2,E01003174,0,3
2024430259009,2024,430259009,2,9,0,18,19,8,4,0,0,0,0,0,0,0,2,1,6,6,2,37,7,1685,2,8,KIA SPORTAGE,7,E01017915,0,2
2024421464048,2024,421464048,2,9,0,-1,19,1,5,-1,0,0,0,0,0,0,1,1,-1,6,2,26,6,1591,1,13,KIA SPORTAGE,1,E01032543,0,5
2024141458796,2024,141458796,2,9,0,-1,9,4,2,-1,0,6,0,0,0,0,3,1,-1,6,1,42,7,1685,2,8,KIA SPORTAGE,3,E01007550,0,1
2024052400989,2024,052400989,1,9,0,18,19,5,1,0,0,1,0,0,0,0,1,1,6,6,2,70,10,1591,1,7,KIA SPORTAGE,1,E01006618,0,3
2024471483731,2024,471483731,1,9,0,-1,5,1,4,-1,0,2,0,0,0,0,2,1,-1,1,1,40,7,1591,1,5,KIA SPORTAGE,2,E01031437,0,3
2024161486255,2024,161486255,3,9,0,-1,10,6,2,-1,0,0,0,0,0,0,2,1,-1,6,1,60,9,1591,1,4,KIA SPORTAGE,7,E01012835,0,1
2024211468489,2024,211468489,1,9,0,-1,19,7,3,-1,0,1,0,0,0,0,1,1,-1,9,1,51,8,1591,1,6,KIA SPORTAGE,4,E01029834,0,1
2024031434554,2024,031434554,1,9,0,-1,5,4,1,-1,0,0,0,11,0,0,1,1,-1,9,2,28,6,1685,2,9,KIA SPORTAGE,5,E01019123,0,3
2024471480592,2024,471480592,2,9,0,-1,4,6,2,-1,0,1,0,0,0,0,2,1,-1,9,1,32,6,1685,2,8,KIA SPORTAGE,1,E01020982,0,3
2024211472962,2024,211472962,1,9,0,-1,10,5,1,-1,0,0,0,0,0,0,1,1,-1,6,1,76,11,1598,1,0,KIA SPORTAGE,4,E01029535,0,2
2024531561317,2024,531561317,1,9,0,-1,7,4,6,-1,0,1,0,0,0,0,1,1,-1,6,2,32,6,1975,1,14,KIA SPORTAGE,6,E01034797,0,2
2024622400277,2024,622400277,1,9,0,8,8,1,5,0,0,1,0,0,0,0,2,1,6,6,2,68,10,1591,1,3,KIA SPORTAGE,5,W01000757,0,1
2024010532899,2024,010532899,2,9,0,18,19,1,5,0,0,2,0,0,0,0,0,1,6,6,1,27,6,1598,8,1,KIA SPORTAGE,8,E01000704,0,3
2024552401267,2024,552401267,1,9,0,18,19,6,2,0,0,0,5,4,0,0,1,1,6,6,1,80,11,1975,1,15,KIA SPORTAGE,-1,-1,0,-1