collision_index,collision_year,collision_ref_no,vehicle_reference,vehicle_type,towing_and_articulation,vehicle_manoeuvre_historic,vehicle_manoeuvre,vehicle_direction_from,vehicle_direction_to,vehicle_location_restricted_lane_historic,vehicle_location_restricted_lane,junction_location,skidding_and_overturning,hit_object_in_carriageway,vehicle_leaving_carriageway,hit_object_off_carriageway,first_point_of_impact,vehicle_left_hand_drive,journey_purpose_of_driver_historic,journey_purpose_of_driver,sex_of_driver,age_of_driver,age_band_of_driver,engine_capacity_cc,propulsion_code,age_of_vehicle,generic_make_model,driver_imd_decile,lsoa_of_driver,escooter_flag,driver_distance_banding
2024361521446,2024,361521446,2,9,0,-1,19,8,5,-1,0,1,0,0,0,0,1,1,-1,2,1,62,9,1591,1,3,KIA SPORTAGE,5,E01026438,0,2
2024451523833,2024,451523833,1,9,0,-1,19,3,7,-1,0,8,0,0,0,0,3,1,-1,9,1,43,7,1591,1,8,KIA SPORTAGE,10,E01035360,0,4
2024320673277,2024,320673277,2,9,0,-1,-1,4,8,0,0,8,0,0,7,0,3,1,-1,-1,1,47,8,1685,2,6,KIA SPORTAGE,7,E01026091,0,3
2024041521763,2024,041521763,1,9,0,-1,5,5,3,-1,0,1,0,0,0,0,1,1,-1,9,1,87,11,1598,8,1,KIA SPORTAGE,9,E01024937,0,1
2024010502533,2024,010502533,2,9,9,99,99,9,9,99,99,9,9,99,9,99,9,9,6,6,3,-1,-1,1591,1,4,KIA SPORTAGE,-1,-1,0,-1
2024231440174,2024,231440174,2,9,0,-1,8,2,5,-1,0,1,0,0,0,0,0,9,-1,6,2,49,8,1591,1,4,KIA SPORTAGE,8,E01035031,0,3
2024221458653,2024,221458653,1,9,0,-1,9,7,4,-1,9,6,0,0,0,0,1,1,-1,6,1,60,9,1591,1,3,KIA SPORTAGE,7,E01032317,0,1
202454B001124,2024,54B001124,1,9,0,18,19,1,5,0,0,3,0,0,0,0,1,1,6,6,2,-1,-1,1995,2,9,KIA SPORTAGE,-1,-1,0,-1
2024010503805,2024,010503805,2,9,0,15,15,3,7,0,0,1,0,0,0,0,1,1,6,6,1,44,7,1598,1,1,KIA SPORTAGE,4,E01017905,0,4
2024520402137,2024,520402137,1,9,0,18,19,8,4,0,0,8,0,0,1,11,4,1,6,6,2,40,7,1685,2,8,KIA SPORTAGE,9,E01029031,0,1
2024361460350,2024,361460350,1,9,0,-1,19,7,3,-1,0,0,0,0,0,0,1,1,-1,6,2,37,7,1591,1,7,KIA SPORTAGE,4,E01026780,0,1
2024320084845,2024,320084845,1,9,0,-1,-1,5,1,0,0,0,1,10,1,4,1,1,6,6,1,35,6,1591,1,2,KIA SPORTAGE,3,E01013156,0,2
2024461521808,2024,461521808,2,9,0,-1,19,6,2,-1,0,8,0,0,0,0,1,1,-1,9,2,44,7,1591,1,6,KIA SPORTAGE,7,E01024448,0,1
2024041521046,2024,041521046,2,9,0,-1,19,6,2,-1,0,1,0,0,0,0,1,1,-1,7,2,28,6,1685,2,10,KIA SPORTAGE,2,E01025210,0,2
2024340NN2392,2024,340NN2392,1,9,0,-1,19,1,5,-1,0,8,0,0,1,10,1,1,-1,6,1,74,10,1685,2,13,KIA SPORTAGE,10,E01032973,0,1
202454A360024,2024,54A360024,2,9,0,18,19,7,3,0,0,3,0,0,0,0,4,1,6,6,2,33,6,1995,2,11,KIA SPORTAGE,7,E01015582,0,1
2024351397101,2024,351397101,1,9,0,-1,4,-1,-1,-1,0,8,0,0,0,0,1,9,-1,6,2,23,5,1591,1,7,KIA SPORTAGE,5,E01017974,0,1
2024520402495,2024,520402495,2,9,0,18,19,4,8,0,0,0,0,0,0,0,3,1,6,6,1,66,10,1591,1,5,KIA SPORTAGE,4,E01029327,0,3
2024351407899,2024,351407899,1,9,0,-1,-1,-1,-1,-1,0,8,0,0,0,0,1,9,-1,6,1,44,7,1995,2,7,KIA SPORTAGE,3,E01017978,0,1
2024430224142,2024,430224142,2,9,0,18,19,3,7,0,0,8,0,0,0,0,1,1,6,6,1,50,8,1598,8,1,KIA SPORTAGE,6,E01019917,0,5
2024501407878,2024,501407878,1,9,0,-1,19,7,3,-1,0,1,1,0,0,0,1,9,-1,1,2,33,6,1995,2,12,KIA SPORTAGE,4,E01020123,0,1
2024440327786,2024,440327786,1,9,0,6,6,7,7,8,6,0,0,0,0,0,3,1,6,6,2,61,9,1685,2,12,KIA SPORTAGE,7,E01023164,0,1
2024052400200,2024,052400200,1,9,0,13,13,7,3,0,0,8,0,0,7,11,1,1,1,1,1,-1,-1,1598,8,1,KIA SPORTAGE,2,E01006655,0,3
2024010518771,2024,010518771,2,9,0,2,2,0,0,9,9,1,0,0,0,0,0,1,6,6,3,-1,-1,1685,2,6,KIA SPORTAGE,-1,-1,0,-1
2024111507089,2024,111507089,1,9,0,-1,5,4,8,-1,0,4,0,0,0,0,1,1,-1,6,2,48,8,1598,8,3,KIA SPORTAGE,9,E01020664,0,2
2024991483861,2024,991483861,1,9,0,-1,10,2,8,-1,0,4,0,0,0,0,1,1,-1,9,2,45,7,1685,2,13,KIA SPORTAGE,5,-1,0,2
2024421430000,2024,421430000,2,9,0,-1,19,4,8,-1,0,0,0,0,0,0,4,1,-1,1,1,55,8,1598,8,1,KIA SPORTAGE,7,E01029891,0,3
2024010518946,2024,010518946,1,9,0,99,99,9,9,99,99,9,9,99,9,99,9,9,6,6,2,51,8,1598,8,2,KIA SPORTAGE,6,E01000779,0,1
2024061519944,2024,061519944,1,9,0,-1,12,3,7,-1,0,0,0,0,0,0,1,1,-1,9,2,33,6,1591,1,2,KIA SPORTAGE,7,E01005530,0,2
2024161491004,2024,161491004,1,9,0,-1,9,5,2,-1,0,8,0,0,0,0,1,1,-1,6,2,23,5,1995,2,9,KIA SPORTAGE,3,E01013286,0,1
2024131519956,2024,131519956,2,9,0,-1,4,1,7,-1,0,3,0,0,0,0,2,1,-1,6,2,44,7,1995,2,8,KIA SPORTAGE,3,E01010662,0,1
2024461482055,2024,461482055,2,9,0,-1,4,4,2,-1,0,0,0,0,0,0,2,9,-1,9,2,45,7,1598,8,0,KIA SPORTAGE,3,E01024169,0,1
2024451406589,2024,451406589,3,9,0,-1,19,1,5,-1,0,0,1,0,0,0,3,1,-1,2,1,49,8,1975,1,18,KIA SPORTAGE,8,E01030822,0,3
2024340WN2622,2024,340WN2622,2,9,0,-1,9,8,6,-1,0,5,0,0,0,0,2,1,-1,1,1,81,11,1598,8,1,KIA SPORTAGE,3,E01027154,0,1
2024471497237,2024,471497237,2,9,0,-1,3,5,1,-1,0,0,0,0,0,0,2,1,-1,9,1,64,9,1995,2,7,KIA SPORTAGE,6,E01031484,0,2
2024440280446,2024,440280446,1,9,0,18,19,1,5,0,0,8,0,0,0,0,2,1,6,6,2,-1,-1,1598,8,1,KIA SPORTAGE,-1,-1,0,-1
2024540871924,2024,540871924,2,9,0,9,9,8,5,0,0,8,0,0,0,0,4,1,6,6,2,28,6,1685,2,10,KIA SPORTAGE,8,E01033849,0,1
2024201439583,2024,201439583,3,9,0,-1,2,0,0,-1,9,0,0,0,0,0,1,1,-1,6,-1,-1,-1,1591,1,5,KIA SPORTAGE,-1,-1,0,-1
2024320765518,2024,320765518,1,9,0,-1,-1,2,6,0,0,0,0,0,7,0,1,1,-1,-1,2,73,10,1598,2,6,KIA SPORTAGE,6,E01026349,0,3
2024501408099,2024,501408099,1,9,0,-1,9,1,6,-1,0,2,0,0,0,0,1,1,-1,6,2,57,9,1591,1,4,KIA SPORTAGE,5,E01018938,0,1
2024070860193,2024,070860193,2,9,0,-1,19,5,5,-1,0,1,0,0,0,0,1,1,-1,9,2,43,7,1598,2,5,KIA SPORTAGE,9,E01034666,0,2
2024531502672,2024,531502672,2,9,0,-1,19,2,6,-1,0,1,0,0,1,0,3,1,-1,9,2,48,8,1685,2,11,KIA SPORTAGE,3,E01014073,0,4
2024371411169,2024,371411169,2,9,0,-1,19,-1,-1,-1,0,3,0,0,0,0,4,1,-1,9,2,58,9,1598,2,5,KIA SPORTAGE,7,E01030038,0,2
2024041457900,2024,041457900,2,9,0,-1,19,3,7,-1,0,0,0,0,0,0,1,1,-1,9,1,68,10,1995,2,10,KIA SPORTAGE,8,E01025596,0,1
2024440231328,2024,440231328,2,9,0,4,4,7,3,0,0,1,0,0,0,0,2,1,6,6,1,59,9,1598,8,0,KIA SPORTAGE,10,E01022748,0,3
2024302500187,2024,302500187,1,9,0,-1,19,2,7,-1,0,0,2,0,0,0,0,1,-1,9,1,21,5,1995,2,12,KIA SPORTAGE,9,E01019631,0,1
2024010527908,2024,010527908,2,9,0,17,19,7,3,0,0,0,0,0,0,0,1,2,6,6,1,66,10,1591,1,9,KIA SPORTAGE,3,E01003332,0,1
2024451487214,2024,451487214,5,9,0,-1,19,3,7,-1,0,0,0,0,0,0,1,1,-1,9,1,51,8,1685,2,6,KIA SPORTAGE,9,E01035246,0,4
2024010527349,2024,010527349,1,9,0,3,3,5,1,0,0,1,0,0,0,0,1,1,6,6,1,40,7,1591,1,6,KIA SPORTAGE,10,E01002194,0,3
2024061477838,2024,061477838,1,9,0,-1,-1,-1,-1,-1,-1,0,-1,-1,-1,0,-1,1,-1,6,2,48,8,1591,1,6,KIA SPORTAGE,10,E01006173,0,3
2024451455636,2024,451455636,1,9,0,-1,19,7,3,-1,0,1,0,99,0,0,3,1,-1,9,2,56,9,1598,8,1,KIA SPORTAGE,10,E01030775,0,1
2024010526066,2024,010526066,2,9,0,99,99,9,9,99,99,9,9,99,9,99,9,9,6,6,3,-1,-1,1598,1,0,KIA SPORTAGE,-1,-1,0,-1
2024430111171,2024,430111171,3,9,0,2,2,0,0,9,9,2,0,0,0,0,1,1,6,6,2,54,8,1591,1,6,KIA SPORTAGE,4,E01016529,0,1
2024302400608,2024,302400608,1,9,0,18,19,2,6,0,0,0,0,0,0,0,4,1,6,6,2,33,6,1685,2,6,KIA SPORTAGE,10,E01013556,0,1
2024401449373,2024,401449373,2,9,0,-1,3,4,1,-1,0,1,0,0,0,0,2,1,-1,9,1,34,6,1598,8,0,KIA SPORTAGE,9,E01017460,0,1
2024430455390,2024,430455390,2,9,0,18,19,4,8,0,0,0,0,0,0,0,1,1,6,6,2,-1,-1,1591,1,11,KIA SPORTAGE,7,E01015487,0,4
2024991442939,2024,991442939,1,9,0,-1,19,8,4,-1,0,0,0,0,1,0,1,1,-1,6,1,76,11,1995,2,13,KIA SPORTAGE,6,-1,0,4
2024541360124,2024,541360124,2,9,0,3,3,7,3,0,0,0,0,0,0,0,2,1,6,6,1,55,8,1591,1,5,KIA SPORTAGE,7,E01024417,0,5
2024991442643,2024,991442643,2,9,0,-1,4,3,7,-1,0,2,0,0,0,0,2,1,-1,1,1,42,7,1598,8,2,KIA SPORTAGE,3,E01008163,0,5
2024211470874,2024,211470874,2,9,0,-1,19,1,5,-1,0,0,0,0,0,0,1,1,-1,2,1,62,9,1598,8,3,KIA SPORTAGE,-1,-1,0,-1
2024991397489,2024,991397489,1,9,0,-1,9,6,3,-1,0,8,0,0,0,0,1,1,-1,2,2,50,8,1591,1,10,KIA SPORTAGE,-1,-1,0,-1
2024440180162,2024,440180162,2,9,0,9,9,5,3,0,0,8,0,0,0,0,1,1,6,6,2,40,7,1685,2,12,KIA SPORTAGE,2,E01022833,0,1
2024311412248,2024,311412248,2,9,0,-1,2,1,5,-1,0,0,0,0,0,0,2,1,-1,6,1,19,4,1598,8,1,KIA SPORTAGE,-1,-1,0,-1
2024010511246,2024,010511246,1,9,0,6,6,7,7,0,0,1,0,0,0,0,4,1,6,6,1,25,5,1591,1,8,KIA SPORTAGE,6,E01002295,0,4
2024411408995,2024,411408995,2,9,-1,-1,-1,-1,-1,-1,-1,-1,-1,-1,-1,0,-1,9,-1,9,1,45,7,1591,1,8,KIA SPORTAGE,1,E01023536,0,1
2024311407293,2024,311407293,1,9,0,-1,5,2,6,-1,0,0,0,0,1,0,1,1,-1,6,1,33,6,1685,2,7,KIA SPORTAGE,-1,-1,0,-1
2024302401094,2024,302401094,1,9,0,18,19,5,1,0,0,0,0,0,0,0,1,1,2,2,1,27,6,1598,8,1,KIA SPORTAGE,3,E01013548,0,1
2024421512464,2024,421512464,1,9,0,-1,12,4,5,-1,0,3,0,0,0,0,3,1,-1,6,2,49,8,1598,8,2,KIA SPORTAGE,7,E01021628,0,1
2024471522446,2024,471522446,5,9,0,-1,19,7,3,-1,0,0,0,0,0,0,4,1,-1,9,2,67,10,1685,2,6,KIA SPORTAGE,6,E01020926,0,4
2024501439592,2024,501439592,1,9,0,-1,19,5,1,-1,0,0,0,0,0,0,2,1,-1,9,1,61,9,1685,2,8,KIA SPORTAGE,9,E01019952,0,3
2024052402084,2024,052402084,2,9,0,2,2,0,0,0,0,0,0,0,0,0,1,1,6,6,3,-1,-1,1598,8,0,KIA SPORTAGE,-1,-1,0,-1
2024221461954,2024,221461954,2,9,0,-1,19,6,2,-1,0,0,0,0,0,0,3,1,-1,6,2,51,8,1591,1,3,KIA SPORTAGE,6,E01032383,0,2
2024131575933,2024,131575933,1,9,0,-1,19,8,4,-1,0,0,0,0,0,0,1,1,-1,9,2,37,7,1591,1,3,KIA SPORTAGE,1,E01011739,0,1
2024351541682,2024,351541682,1,9,0,-1,19,1,5,-1,0,0,0,0,7,11,1,1,-1,6,1,81,11,1995,2,10,KIA SPORTAGE,3,E01015624,0,1
2024991536031,2024,991536031,2,9,0,-1,19,7,3,-1,0,0,0,0,0,0,1,1,-1,9,2,27,6,1995,2,11,KIA SPORTAGE,10,E01028382,0,5
2024440092898,2024,440092898,3,9,0,3,3,4,8,0,0,0,0,0,0,0,2,1,6,6,1,53,8,1685,2,11,KIA SPORTAGE,4,E01017101,0,1
2024440552645,2024,440552645,2,9,0,3,3,2,7,0,0,0,0,0,0,0,2,1,1,1,1,79,11,1685,2,11,KIA SPORTAGE,6,E01022911,0,1
2024231498245,2024,231498245,1,9,0,-1,7,7,1,-1,0,4,2,9,3,1,1,1,-1,2,1,46,8,1685,2,8,KIA SPORTAGE,1,E01013632,0,3
2024201413537,2024,201413537,2,9,0,-1,19,4,8,-1,0,8,0,0,0,0,1,9,-1,2,1,53,8,1995,2,8,KIA SPORTAGE,5,E01010285,0,2
2024430581292,2024,430581292,1,9,0,16,19,5,8,0,0,2,0,0,0,0,1,1,6,6,2,50,8,1598,8,3,KIA SPORTAGE,4,E01016360,0,1
2024991412383,2024,991412383,1,9,0,-1,5,7,3,-1,0,8,0,0,0,0,4,2,-1,2,2,45,7,1685,2,11,KIA SPORTAGE,3,-1,0,3
2024010518531,2024,010518531,2,9,0,99,99,9,9,99,99,9,9,99,9,99,9,9,6,6,3,22,5,1591,1,7,KIA SPORTAGE,4,E01001463,0,1
2024421456566,2024,421456566,1,9,0,-1,2,0,0,-1,0,1,0,0,0,0,3,1,-1,9,2,60,9,1685,2,9,KIA SPORTAGE,5,E01021880,0,3
2024430343173,2024,430343173,1,9,0,18,19,-1,-1,0,0,0,0,0,0,0,1,1,6,6,1,91,11,1998,1,13,KIA SPORTAGE,8,E01028640,0,2
2024631516578,2024,631516578,1,9,0,-1,19,3,8,-1,0,2,0,0,0,0,3,1,-1,2,2,65,9,1685,2,7,KIA SPORTAGE,3,W01001902,0,1
2024311543133,2024,311543133,1,9,0,-1,19,5,1,-1,0,1,0,0,0,0,4,1,-1,9,2,42,7,1685,2,6,KIA SPORTAGE,2,E01013961,0,1
2024131465433,2024,131465433,2,9,0,-1,19,3,7,-1,0,0,0,0,0,0,2,1,-1,9,1,56,9,1598,8,2,KIA SPORTAGE,2,E01034260,0,1
2024421497927,2024,421497927,2,9,0,-1,2,0,0,-1,0,0,1,4,0,0,1,1,-1,6,-1,-1,-1,1598,8,0,KIA SPORTAGE,-1,-1,0,-1
2024010526875,2024,010526875,1,9,0,7,7,3,5,0,0,5,0,0,0,0,1,1,6,6,2,65,9,1685,2,8,KIA SPORTAGE,-1,-1,0,-1
2024131473070,2024,131473070,1,9,0,-1,7,5,1,-1,0,8,0,0,0,0,0,1,-1,9,2,42,7,1685,2,8,KIA SPORTAGE,2,E01010752,0,3
2024501455184,2024,501455184,1,9,0,-1,5,1,5,-1,0,0,0,0,0,0,4,9,-1,6,2,45,7,1685,2,6,KIA SPORTAGE,5,E01020324,0,1
2024141516027,2024,141516027,2,9,0,-1,2,0,0,-1,0,0,0,0,1,0,3,1,-1,6,-1,-1,-1,1685,2,11,KIA SPORTAGE,-1,-1,0,-1
2024991475776,2024,991475776,2,9,0,-1,19,6,2,-1,0,2,0,0,0,0,4,1,-1,9,2,51,8,1591,1,3,KIA SPORTAGE,-1,-1,0,-1
2024351436030,2024,351436030,1,9,0,-1,4,1,5,-1,0,0,0,0,0,0,1,1,-1,9,2,49,8,1591,1,5,KIA SPORTAGE,9,E01017460,0,4
2024010515285,2024,010515285,1,9,0,18,19,5,1,0,0,1,0,0,7,1,1,1,6,6,1,50,8,1598,8,1,KIA SPORTAGE,3,E01001557,0,2
2024141415932,2024,141415932,2,9,0,-1,19,3,8,-1,0,4,0,0,0,0,1,1,-1,6,1,52,8,1991,2,17,KIA SPORTAGE,8,E01007988,0,1
2024302500206,2024,302500206,3,9,0,-1,19,6,2,-1,0,2,0,0,0,0,2,1,-1,9,1,47,8,1598,8,4,KIA SPORTAGE,8,E01013546,0,3
202454E477924,2024,54E477924,4,9,0,4,4,3,7,0,0,0,0,0,0,0,1,1,6,6,1,49,8,1685,2,8,KIA SPORTAGE,1,E01015542,0,2
2024052401389,2024,052401389,1,9,0,18,19,4,8,0,0,0,0,0,0,0,3,1,6,6,2,64,9,1598,1,0,KIA SPORTAGE,1,E01006676,0,1
2024421441994,2024,421441994,2,9,0,-1,13,5,1,-1,0,0,0,0,0,0,4,1,-1,6,1,36,7,1591,1,5,KIA SPORTAGE,7,E01021657,0,2
2024351450260,2024,351450260,1,9,0,-1,19,6,7,-1,0,1,0,0,0,0,1,1,-1,6,1,86,11,1591,1,5,KIA SPORTAGE,10,E01018040,0,1
2024631527087,2024,631527087,1,9,0,-1,19,6,2,-1,0,0,1,0,8,11,1,1,-1,9,1,39,7,1598,2,5,KIA SPORTAGE,4,W01000617,0,2
2024320386289,2024,320386289,1,9,0,-1,-1,7,3,0,0,8,0,0,0,0,1,1,2,2,2,49,8,1591,1,6,KIA SPORTAGE,7,E01026208,0,1
2024430337988,2024,430337988,1,9,0,18,19,5,1,0,0,8,0,0,0,0,4,1,1,1,1,27,6,1591,1,5,KIA SPORTAGE,8,E01017813,0,1
2024440270338,2024,440270338,1,9,0,13,13,5,1,0,0,0,2,0,0,0,4,1,2,2,2,58,9,1685,2,9,KIA SPORTAGE,10,E01023272,0,1
2024622400869,2024,622400869,1,9,0,5,5,3,7,0,0,6,0,4,1,11,1,1,3,7,2,40,7,1685,2,8,KIA SPORTAGE,3,W01000999,0,1
2024421423660,2024,421423660,1,9,0,-1,19,3,7,-1,0,0,0,0,0,0,1,1,-1,9,1,20,4,1591,1,7,KIA SPORTAGE,4,E01004392,0,3
2024531463611,2024,531463611,3,9,0,-1,2,0,0,-1,0,0,0,0,0,0,3,9,-1,6,-1,-1,-1,1685,2,10,KIA SPORTAGE,-1,-1,0,-1
2024361449376,2024,361449376,3,9,0,-1,3,1,5,-1,0,1,0,0,0,0,1,1,-1,9,1,62,9,1598,2,4,KIA SPORTAGE,4,E01026668,0,2
2024440280668,2024,440280668,1,9,0,9,9,4,8,0,0,1,0,0,0,0,1,1,6,6,2,48,8,1598,8,3,KIA SPORTAGE,10,E01017746,0,4
2024221503540,2024,221503540,4,9,0,-1,2,0,0,-1,0,0,0,0,0,0,3,1,-1,6,1,80,11,1598,1,0,KIA SPORTAGE,6,E01028973,0,1
2024302400578,2024,302400578,2,9,0,18,19,3,7,0,0,0,1,0,0,0,1,1,1,1,2,58,9,1995,2,11,KIA SPORTAGE,1,E01013472,0,1
2024161481426,2024,161481426,2,9,0,-1,7,2,4,-1,0,1,0,0,0,0,1,9,-1,6,3,50,8,1598,1,1,KIA SPORTAGE,-1,-1,0,-1
2024421436613,2024,421436613,1,9,0,-1,19,6,2,-1,0,0,2,0,1,0,1,1,-1,9,2,33,6,1591,1,13,KIA SPORTAGE,7,E01021552,0,3
2024122400398,2024,122400398,1,9,0,18,19,5,1,0,0,0,0,0,0,0,1,1,6,6,2,34,6,1685,2,11,KIA SPORTAGE,6,E01027790,0,4
2024010539370,2024,010539370,1,9,0,18,19,5,1,0,0,0,0,0,0,0,3,1,6,6,1,49,8,1591,1,3,KIA SPORTAGE,2,E01003540,0,1
2024011503798,2024,011503798,1,9,0,-1,14,5,1,-1,0,0,0,0,0,0,1,1,-1,1,1,45,7,1598,8,1,KIA SPORTAGE,-1,-1,0,-1
2024161402651,2024,161402651,1,9,0,-1,19,3,7,-1,0,1,0,0,0,0,1,2,-1,6,2,31,6,1685,2,11,KIA SPORTAGE,10,E01013261,0,1
2024052400119,2024,052400119,2,9,0,18,19,1,5,0,0,8,0,0,0,0,0,1,1,1,1,-1,-1,1598,8,3,KIA SPORTAGE,2,E01007216,0,1
2024010546642,2024,010546642,1,9,0,99,99,9,9,99,99,9,9,99,9,99,2,9,6,6,2,23,5,1591,1,5,KIA SPORTAGE,3,E01002445,0,1
2024430403744,2024,430403744,2,9,0,18,19,8,4,0,0,0,0,0,0,0,3,1,6,6,2,40,7,1591,1,7,KIA SPORTAGE,10,E01030672,0,1
2024631535214,2024,631535214,2,9,0,-1,19,6,2,-1,0,0,1,0,0,0,3,1,-1,9,1,42,7,1598,8,1,KIA SPORTAGE,8,E01035565,0,5
2024010534785,2024,010534785,1,9,0,99,99,9,9,99,99,9,9,99,9,99,1,9,6,6,3,-1,-1,1591,1,9,KIA SPORTAGE,-1,-1,0,-1
2024531559598,2024,531559598,1,9,0,-1,5,8,4,-1,0,2,0,0,0,0,1,1,-1,6,1,-1,-1,1591,1,8,KIA SPORTAGE,-1,-1,0,-1
2024131482020,2024,131482020,2,9,0,-1,2,0,0,-1,0,0,0,0,0,0,3,1,-1,6,-1,-1,-1,1591,1,5,KIA SPORTAGE,-1,-1,0,-1
2024471540509,2024,471540509,1,9,0,-1,1,3,7,-1,0,2,0,0,0,0,1,1,-1,9,1,42,7,1685,2,7,KIA SPORTAGE,5,E01031600,0,1
2024010546979,2024,010546979,2,9,0,4,4,7,3,0,0,8,0,0,0,0,2,1,6,6,2,35,6,1591,1,7,KIA SPORTAGE,9,E01001475,0,1
2024201499205,2024,201499205,2,9,0,-1,2,0,0,-1,0,2,0,0,0,0,2,9,-1,9,1,42,7,1685,2,6,KIA SPORTAGE,1,E01009570,0,1
2024461455563,2024,461455563,2,9,0,-1,19,7,3,-1,0,0,0,0,0,0,4,9,-1,6,1,69,10,1991,2,18,KIA SPORTAGE,9,E01031823,0,4
2024131509941,2024,131509941,2,9,0,-1,19,5,1,-1,0,8,0,0,0,0,3,1,-1,1,2,29,6,1685,2,14,KIA SPORTAGE,1,E01011362,0,1
2024520401781,2024,520401781,1,9,0,10,10,2,6,0,0,8,0,0,0,0,4,1,6,6,2,52,8,1598,8,1,KIA SPORTAGE,9,E01029310,0,1
2024141505900,2024,141505900,2,9,0,-1,19,3,7,-1,0,1,0,0,0,0,1,1,-1,9,1,90,11,1591,1,8,KIA SPORTAGE,8,E01019735,0,2
2024351469700,2024,351469700,2,9,0,-1,19,3,7,-1,0,1,0,0,0,0,1,1,-1,9,1,58,9,1685,2,8,KIA SPORTAGE,10,E01018211,0,2
2024010500456,2024,010500456,1,9,0,3,3,7,3,0,0,1,0,0,0,0,2,1,6,6,1,74,10,1598,8,1,KIA SPORTAGE,-1,-1,0,-1
2024461492737,2024,461492737,1,9,0,-1,19,6,5,-1,0,2,0,4,0,0,1,1,-1,9,2,54,8,1685,2,7,KIA SPORTAGE,6,E01024314,0,4
2024010538074,2024,010538074,3,9,0,2,2,0,0,0,0,2,0,0,0,0,3,1,6,6,3,-1,-1,1598,8,1,KIA SPORTAGE,-1,-1,0,-1
2024361488800,2024,361488800,2,9,0,-1,19,4,4,-1,0,1,0,0,0,0,4,9,-1,6,1,73,10,1591,1,3,KIA SPORTAGE,1,E01026688,0,1
2024451401458,2024,451401458,1,9,0,-1,4,5,1,-1,0,0,0,0,0,0,2,1,-1,2,1,23,5,1598,1,1,KIA SPORTAGE,6,E01030684,0,3
2024421403578,2024,421403578,1,9,0,-1,19,8,4,-1,0,0,1,7,0,0,1,1,-1,9,1,31,6,1995,2,8,KIA SPORTAGE,5,E01021670,0,1
2024461424289,2024,461424289,1,9,0,-1,19,6,3,-1,0,6,0,0,0,0,3,1,-1,9,2,33,6,1591,1,5,KIA SPORTAGE,8,E01024744,0,2
2024161524049,2024,161524049,3,9,0,-1,19,5,1,-1,0,1,0,0,0,0,1,1,-1,6,1,36,7,1591,1,3,KIA SPORTAGE,2,E01035483,0,1
2024131491046,2024,131491046,1,9,0,-1,19,4,8,-1,0,8,0,0,0,0,1,1,-1,6,3,-1,-1,1598,1,1,KIA SPORTAGE,7,E01011630,0,2
2024320641956,2024,320641956,1,9,0,-1,-1,5,2,0,0,1,0,0,1,4,1,1,-1,-1,1,43,7,1995,2,8,KIA SPORTAGE,6,E01007724,0,4
202417M106924,2024,17M106924,1,9,0,-1,9,4,2,-1,0,6,0,0,0,0,1,1,-1,1,1,46,8,1598,8,0,KIA SPORTAGE,4,E01012056,0,1
2024552400537,2024,552400537,3,9,0,2,2,0,0,0,0,0,0,0,0,0,2,1,6,6,3,-1,-1,1685,2,9,KIA SPORTAGE,-1,-1,0,-1
2024430315656,2024,430315656,2,9,0,18,19,2,6,0,0,0,0,0,0,0,2,1,3,7,2,33,6,1598,2,5,KIA SPORTAGE,4,E01017901,0,1
2024332400685,2024,332400685,1,9,0,-1,4,1,5,-1,0,8,0,0,0,0,2,1,-1,9,1,50,8,1685,2,11,KIA SPORTAGE,8,E01025890,0,4
2024031527894,2024,031527894,1,9,0,-1,7,3,1,-1,0,6,0,0,7,0,3,1,-1,6,1,82,11,1598,2,5,KIA SPORTAGE,6,E01019239,0,1
2024552400459,2024,552400459,2,9,0,3,3,6,2,0,0,1,0,0,0,0,2,1,6,6,2,40,7,1591,1,7,KIA SPORTAGE,10,E01020366,0,1
2024371442425,2024,371442425,2,9,0,-1,19,7,3,-1,0,0,0,0,0,0,3,1,-1,6,1,56,9,1598,8,0,KIA SPORTAGE,8,E01030098,0,3
2024131524381,2024,131524381,2,9,0,-1,-1,-1,-1,-1,-1,-1,-1,-1,-1,-1,3,1,-1,6,2,49,8,1598,8,1,KIA SPORTAGE,9,E01011528,0,2
2024302400292,2024,302400292,2,9,0,16,19,1,5,0,0,1,0,0,0,0,2,1,6,6,2,63,9,1591,1,6,KIA SPORTAGE,7,E01019771,0,1
2024010518439,2024,010518439,2,9,0,99,99,9,9,99,99,9,9,99,9,99,1,9,6,6,3,-1,-1,1591,1,6,KIA SPORTAGE,-1,-1,0,-1
2024471489086,2024,471489086,1,9,0,-1,19,1,5,-1,0,0,0,0,2,0,1,1,-1,6,1,52,8,1591,1,5,KIA SPORTAGE,10,E01031424,0,2
2024201506874,2024,201506874,1,9,0,-1,5,2,6,-1,0,0,0,0,0,0,0,1,-1,7,1,41,7,1598,8,2,KIA SPORTAGE,7,E01029376,0,3
2024552401477,2024,552401477,3,9,0,3,3,4,8,0,0,8,0,0,0,0,1,1,6,6,2,37,7,1598,1,0,KIA SPORTAGE,9,E01015323,0,2
2024471437397,2024,471437397,2,9,0,-1,19,5,1,-1,0,0,0,0,0,0,2,1,-1,9,1,59,9,1685,2,9,KIA SPORTAGE,9,E01035353,0,3
202417H100124,2024,17H100124,2,9,0,18,19,6,2,0,0,0,0,0,0,0,1,1,6,6,1,61,9,1685,2,7,KIA SPORTAGE,9,E01011983,0,2