collision_index,collision_year,collision_ref_no,vehicle_reference,vehicle_type,towing_and_articulation,vehicle_manoeuvre_historic,vehicle_manoeuvre,vehicle_direction_from,vehicle_direction_to,vehicle_location_restricted_lane_historic,vehicle_location_restricted_lane,junction_location,skidding_and_overturning,hit_object_in_carriageway,vehicle_leaving_carriageway,hit_object_off_carriageway,first_point_of_impact,vehicle_left_hand_drive,journey_purpose_of_driver_historic,journey_purpose_of_driver,sex_of_driver,age_of_driver,age_band_of_driver,engine_capacity_cc,propulsion_code,age_of_vehicle,generic_make_model,driver_imd_decile,lsoa_of_driver,escooter_flag,driver_distance_banding
2024371500398,2024,371500398,1,9,0,-1,9,1,5,-1,0,8,0,0,0,0,4,1,-1,9,2,61,9,1591,1,7,KIA SPORTAGE,9,E01032611,0,3
2024201476913,2024,201476913,1,9,0,-1,14,8,4,-1,0,2,0,0,0,0,1,9,-1,6,2,40,7,1598,1,1,KIA SPORTAGE,2,E01010381,0,1
2024421530840,2024,421530840,2,9,0,-1,3,1,5,-1,0,0,0,0,0,0,2,1,-1,1,2,44,7,1598,8,3,KIA SPORTAGE,5,E01034082,0,1
2024451414459,2024,451414459,1,9,0,-1,19,-1,-1,-1,0,0,1,8,0,0,1,1,-1,2,2,36,7,1685,2,7,KIA SPORTAGE,5,E01031600,0,2
2024991416468,2024,991416468,4,9,0,-1,3,1,5,-1,0,0,0,0,0,0,2,1,-1,9,1,71,10,1591,1,3,KIA SPORTAGE,-1,-1,0,-1
2024131480562,2024,131480562,2,9,0,-1,2,0,0,-1,-1,8,0,0,0,0,3,1,-1,6,-1,-1,-1,1685,2,12,KIA SPORTAGE,-1,-1,0,-1
2024440141631,2024,440141631,1,9,0,3,3,6,2,0,0,1,0,0,0,0,2,1,6,6,2,61,9,1995,2,12,KIA SPORTAGE,-1,-1,0,-1
2024052402759,2024,052402759,1,9,0,18,19,2,6,0,0,8,0,0,0,0,1,1,6,6,1,28,6,1598,8,3,KIA SPORTAGE,-1,-1,0,-1
2024522500009,2024,522500009,3,9,0,4,4,2,6,0,0,0,0,0,0,0,2,1,6,6,1,75,10,1591,1,6,KIA SPORTAGE,9,E01027052,0,5
2024471411072,2024,471411072,1,9,0,-1,19,1,4,-1,0,0,1,0,0,0,1,1,-1,9,2,47,8,1991,2,15,KIA SPORTAGE,7,E01021166,0,2
2024052402244,2024,052402244,1,9,0,3,3,7,3,0,0,0,0,0,0,0,1,1,1,1,1,37,7,1598,8,3,KIA SPORTAGE,-1,-1,0,-1
2024201456476,2024,201456476,1,9,0,-1,19,4,8,-1,0,0,0,0,0,0,1,9,-1,6,2,37,7,1591,1,4,KIA SPORTAGE,7,E01029376,0,2
2024131456487,2024,131456487,2,9,0,-1,19,3,7,-1,0,8,0,0,0,0,3,1,-1,9,1,86,11,1598,8,4,KIA SPORTAGE,10,E01010936,0,2
2024161501321,2024,161501321,1,9,0,-1,9,7,5,-1,0,8,0,0,0,0,1,1,-1,6,1,47,8,1685,2,9,KIA SPORTAGE,4,E01013334,0,1
2024440335644,2024,440335644,2,9,0,3,3,6,2,0,0,8,0,0,0,0,2,1,6,6,2,41,7,1685,2,12,KIA SPORTAGE,4,E01023121,0,1
2024221520977,2024,221520977,2,9,0,-1,4,6,2,-1,0,0,0,0,0,0,2,9,-1,6,2,52,8,1591,1,7,KIA SPORTAGE,8,E01032207,0,1
2024071044235,2024,071044235,1,9,0,-1,20,5,1,-1,9,0,0,10,1,11,2,1,-1,9,1,80,11,1598,8,4,KIA SPORTAGE,10,E01006124,0,3
2024461523211,2024,461523211,2,9,0,-1,19,1,5,-1,0,0,0,0,0,0,2,9,-1,6,2,41,7,1598,8,2,KIA SPORTAGE,4,E01024262,0,3
2024070166490,2024,070166490,1,9,0,4,4,8,5,0,0,1,0,0,0,0,1,1,3,7,2,38,7,1591,1,3,KIA SPORTAGE,10,E01035387,0,1
2024221446074,2024,221446074,1,9,0,-1,19,1,5,-1,0,0,0,0,0,0,1,1,-1,6,2,62,9,1598,8,0,KIA SPORTAGE,-1,-1,0,-1
2024461401585,2024,461401585,1,9,0,-1,19,-1,-1,-1,0,1,0,0,0,0,1,9,-1,6,1,-1,-1,1591,1,6,KIA SPORTAGE,-1,-1,0,-1
2024421501059,2024,421501059,1,9,0,-1,19,4,8,-1,0,0,0,0,0,0,1,1,-1,2,2,45,7,1591,1,6,KIA SPORTAGE,5,E01034082,0,2
2024991420446,2024,991420446,1,9,0,-1,19,1,5,-1,0,0,5,0,0,0,1,1,-1,6,1,45,7,1591,1,3,KIA SPORTAGE,4,-1,0,1
2024052401761,2024,052401761,1,9,0,18,19,8,4,0,0,1,0,0,0,0,1,1,1,1,1,-1,-1,1598,8,1,KIA SPORTAGE,-1,-1,0,-1
2024351479631,2024,351479631,2,9,0,-1,19,5,1,-1,0,0,0,0,0,0,2,1,-1,6,1,31,6,1598,8,0,KIA SPORTAGE,7,E01026275,0,4
2024231476468,2024,231476468,1,9,0,-1,9,4,2,-1,0,6,0,0,0,0,1,9,-1,6,1,55,8,1591,1,4,KIA SPORTAGE,6,E01031178,0,1
2024501395639,2024,501395639,2,9,0,-1,4,6,5,-1,0,0,0,11,0,0,1,1,-1,2,2,43,7,1995,2,7,KIA SPORTAGE,5,E01020319,0,2
2024451414206,2024,451414206,2,9,0,-1,19,3,3,-1,0,0,1,0,0,0,1,1,-1,1,2,26,6,1591,1,13,KIA SPORTAGE,10,E01030627,0,3
2024541676624,2024,541676624,1,9,0,18,19,8,4,0,0,6,0,0,0,0,2,1,6,6,2,31,6,1685,2,10,KIA SPORTAGE,7,E01031976,0,2
2024010491794,2024,010491794,1,9,0,18,19,7,3,0,0,8,0,7,3,11,1,1,6,6,1,20,4,1591,1,7,KIA SPORTAGE,-1,-1,0,-1
2024991469079,2024,991469079,2,9,0,-1,2,0,0,-1,0,2,0,0,0,0,4,1,-1,6,-1,-1,-1,1685,2,12,KIA SPORTAGE,-1,-1,0,-1
2024991487346,2024,991487346,2,9,0,-1,19,2,6,-1,0,2,0,0,0,0,4,1,-1,9,2,64,9,1685,2,7,KIA SPORTAGE,3,-1,0,2
2024052402720,2024,052402720,2,9,0,3,3,4,8,0,0,4,0,0,0,0,2,1,6,6,2,37,7,1685,2,9,KIA SPORTAGE,1,E01006604,0,1
2024061516767,2024,061516767,2,9,0,-1,9,2,7,-1,0,2,0,0,0,0,3,1,-1,9,2,48,8,1591,1,5,KIA SPORTAGE,-1,-1,0,-1
2024421498980,2024,421498980,2,9,0,-1,19,2,6,-1,0,0,5,0,0,0,3,1,-1,2,2,56,9,1591,1,4,KIA SPORTAGE,4,E01021365,0,4
2024411539780,2024,411539780,2,9,0,-1,19,4,8,-1,0,1,0,0,0,0,1,1,-1,6,1,71,10,1598,8,0,KIA SPORTAGE,8,E01023486,0,1
2024401534067,2024,401534067,1,9,0,-1,9,2,6,-1,0,8,0,0,0,0,1,1,-1,2,1,47,8,1598,8,1,KIA SPORTAGE,4,E01017538,0,1
2024411496986,2024,411496986,1,9,0,-1,19,7,3,-1,0,0,0,0,0,0,1,1,-1,6,1,37,7,1591,1,8,KIA SPORTAGE,5,E01023546,0,1
2024522401288,2024,522401288,2,9,0,4,4,7,2,0,0,0,1,0,1,0,1,1,6,6,2,31,6,1591,1,4,KIA SPORTAGE,9,W01001890,0,4
2024501420585,2024,501420585,1,9,0,-1,19,1,5,-1,0,3,0,0,0,0,3,9,-1,6,1,36,7,1591,1,3,KIA SPORTAGE,8,E01020009,0,1
2024351459331,2024,351459331,2,9,0,-1,19,-1,-1,-1,0,2,0,0,0,0,2,9,-1,9,2,47,8,1685,2,9,KIA SPORTAGE,1,E01018103,0,1
2024440333586,2024,440333586,3,9,0,18,19,3,7,0,0,8,0,0,0,0,3,1,6,6,1,76,11,1685,2,11,KIA SPORTAGE,5,E01022845,0,1
2024211422993,2024,211422993,1,9,0,-1,19,6,2,-1,0,0,0,0,0,0,3,1,-1,6,2,52,8,1685,2,12,KIA SPORTAGE,6,E01029411,0,2
2024332400094,2024,332400094,3,9,0,-1,19,5,1,-1,0,0,0,0,0,0,1,1,-1,9,1,52,8,1598,8,2,KIA SPORTAGE,4,E01025789,0,3
2024101524695,2024,101524695,1,9,0,-1,3,5,1,-1,0,1,0,0,0,0,2,1,-1,9,2,39,7,1685,2,10,KIA SPORTAGE,4,E01008306,0,1
2024991432808,2024,991432808,1,9,0,-1,19,4,8,-1,0,0,0,0,0,0,1,1,-1,9,2,60,9,1598,1,1,KIA SPORTAGE,2,-1,0,4
2024461472241,2024,461472241,2,9,0,-1,2,0,0,-1,0,0,0,0,0,0,2,1,-1,6,-1,51,8,1598,1,1,KIA SPORTAGE,-1,-1,0,-1
2024440153198,2024,440153198,1,9,0,18,19,8,4,0,0,0,0,0,1,11,1,1,6,6,2,84,11,1598,8,1,KIA SPORTAGE,3,E01022959,0,1
2024471503689,2024,471503689,1,9,0,-1,19,1,5,-1,0,1,5,0,0,0,1,1,-1,6,2,26,6,1591,1,3,KIA SPORTAGE,3,E01030578,0,1
2024052400427,2024,052400427,1,9,0,1,1,3,7,0,0,0,0,0,0,0,2,1,6,6,1,39,7,1685,2,6,KIA SPORTAGE,3,E01025469,0,3
2024010515945,2024,010515945,2,9,0,99,99,9,9,99,99,9,9,99,9,99,9,9,6,6,3,-1,-1,1598,8,1,KIA SPORTAGE,-1,-1,0,-1
2024461464154,2024,461464154,2,9,0,-1,19,3,7,-1,0,1,0,0,0,0,1,1,-1,9,1,37,7,1591,1,8,KIA SPORTAGE,8,E01033088,0,1
202417M118324,2024,17M118324,2,9,0,-1,19,6,2,-1,0,0,0,0,0,0,1,1,-1,2,1,-1,-1,1995,2,11,KIA SPORTAGE,-1,-1,0,-1
2024010522434,2024,010522434,2,9,0,99,99,9,9,99,99,9,9,99,9,99,9,9,6,6,3,-1,-1,1591,1,8,KIA SPORTAGE,4,E01024296,0,4
2024461528030,2024,461528030,1,9,0,-1,19,7,3,-1,0,0,0,0,0,0,4,1,-1,9,2,39,7,1995,2,13,KIA SPORTAGE,8,E01016060,0,1
2024061458230,2024,061458230,3,9,0,-1,19,3,7,-1,0,1,0,0,0,0,2,1,-1,6,2,53,8,1598,1,0,KIA SPORTAGE,3,E01005536,0,1
2024122400389,2024,122400389,2,9,0,2,2,0,0,0,0,0,0,0,0,0,2,1,6,6,3,-1,-1,1598,8,1,KIA SPORTAGE,-1,-1,0,-1
2024070415060,2024,070415060,3,9,0,-1,-1,3,7,0,0,0,0,0,0,0,1,1,6,6,2,36,7,1598,2,5,KIA SPORTAGE,2,E01018314,0,2
2024351528517,2024,351528517,1,9,0,-1,19,5,1,-1,0,8,1,0,1,0,1,1,-1,6,1,56,9,1598,8,0,KIA SPORTAGE,5,E01018067,0,1
202460Q023926,2024,60Q023926,1,9,0,4,4,7,5,0,0,1,0,0,0,0,4,1,6,6,1,67,10,1598,1,1,KIA SPORTAGE,-1,-1,0,-1
2024471407780,2024,471407780,4,9,0,-1,19,1,5,-1,0,1,0,0,0,0,1,1,-1,2,2,43,7,1685,2,13,KIA SPORTAGE,5,E01031834,0,3
2024061420131,2024,061420131,1,9,0,-1,19,5,1,-1,0,1,0,0,0,0,4,9,-1,6,2,-1,-1,1995,2,7,KIA SPORTAGE,-1,-1,0,-1
2024501484152,2024,501484152,1,9,0,-1,19,1,5,-1,0,0,5,0,0,0,1,1,-1,1,1,65,9,1975,1,19,KIA SPORTAGE,2,E01018949,0,3
2024991505878,2024,991505878,2,9,0,-1,19,1,5,-1,0,1,0,0,7,0,1,1,-1,9,1,27,6,1598,8,3,KIA SPORTAGE,-1,-1,0,-1
2024991531469,2024,991531469,4,9,0,-1,4,5,1,-1,0,0,0,0,0,0,0,1,-1,9,2,36,7,1591,1,8,KIA SPORTAGE,5,-1,0,1
2024302401791,2024,302401791,1,9,0,-1,19,7,3,-1,0,1,0,0,0,0,1,1,-1,6,2,71,10,1991,2,16,KIA SPORTAGE,7,E01019411,0,1
2024131422140,2024,131422140,2,9,0,-1,5,4,2,-1,0,0,0,0,0,0,3,1,-1,9,2,28,6,1685,2,8,KIA SPORTAGE,3,E01011761,0,1
2024501518398,2024,501518398,1,9,0,-1,19,8,4,-1,0,0,0,0,0,0,4,1,-1,6,2,39,7,1685,2,11,KIA SPORTAGE,5,E01019031,0,1
2024471483210,2024,471483210,2,9,0,-1,19,3,7,-1,0,0,0,0,0,0,1,1,-1,9,1,39,7,1598,8,0,KIA SPORTAGE,6,E01021079,0,1
2024052400909,2024,052400909,2,9,0,18,19,7,3,0,0,0,0,0,0,0,4,1,6,6,2,34,6,1591,1,7,KIA SPORTAGE,4,E01007156,0,1
2024991477727,2024,991477727,1,9,0,-1,9,1,7,-1,0,2,0,0,0,0,3,1,-1,9,2,42,7,1598,8,3,KIA SPORTAGE,6,-1,0,1
2024122400839,2024,122400839,1,9,0,18,19,5,1,0,0,0,0,0,0,0,1,1,6,6,2,24,5,1591,1,7,KIA SPORTAGE,6,E01013072,0,4
2024061471354,2024,061471354,1,9,0,-1,7,1,4,-1,0,2,0,0,0,0,1,1,-1,6,1,19,4,1591,1,4,KIA SPORTAGE,-1,-1,0,-1
2024010501113,2024,010501113,3,9,0,3,3,1,5,0,0,1,0,0,0,0,1,1,6,6,2,44,7,1591,1,6,KIA SPORTAGE,2,E01000121,0,1
2024201524172,2024,201524172,1,9,0,-1,19,4,8,-1,0,0,0,0,0,0,1,1,-1,6,1,45,7,1598,8,0,KIA SPORTAGE,5,E01031056,0,4
2024122400712,2024,122400712,1,9,0,18,19,8,4,0,0,2,0,0,3,10,1,1,6,6,2,40,7,1598,8,0,KIA SPORTAGE,7,E01027626,0,1
2024622400362,2024,622400362,3,9,0,18,19,2,6,1,1,0,0,0,0,0,2,1,6,6,2,37,7,1995,2,12,KIA SPORTAGE,4,W01001233,0,3
2024010543858,2024,010543858,2,9,0,18,19,1,5,0,0,1,0,0,0,0,2,1,6,6,3,47,8,1598,8,5,KIA SPORTAGE,2,E01033713,0,1
2024141430221,2024,141430221,1,9,0,-1,11,3,7,-1,0,4,5,0,0,0,3,1,-1,6,2,30,6,1591,1,6,KIA SPORTAGE,4,E01007699,0,1
2024221516476,2024,221516476,2,9,0,-1,14,3,8,-1,0,0,0,0,0,0,3,1,-1,6,2,37,7,1591,1,8,KIA SPORTAGE,6,E01010200,0,1
2024061453355,2024,061453355,1,9,0,-1,19,1,1,-1,0,8,1,0,0,0,3,1,-1,9,2,37,7,1685,2,12,KIA SPORTAGE,2,E01005966,0,2
2024421500889,2024,421500889,2,9,0,-1,7,5,7,-1,0,3,0,0,0,0,4,1,-1,9,1,35,6,1591,1,3,KIA SPORTAGE,5,E01035165,0,1
2024461490184,2024,461490184,2,9,0,-1,4,2,6,-1,0,0,0,0,0,0,2,1,-1,6,2,34,6,1685,2,6,KIA SPORTAGE,2,E01023984,0,2
2024010546727,2024,010546727,1,9,0,3,3,9,9,99,99,9,9,99,9,99,2,9,6,6,2,49,8,1598,8,1,KIA SPORTAGE,2,E01000102,0,1
2024141513658,2024,141513658,1,9,0,-1,19,5,1,-1,0,0,0,0,0,0,1,9,-1,6,2,31,6,1995,2,10,KIA SPORTAGE,1,E01008054,0,1
2024111457447,2024,111457447,2,9,0,-1,19,5,1,-1,0,1,0,0,0,0,1,1,-1,6,2,20,4,1995,2,8,KIA SPORTAGE,6,E01012310,0,1
2024991464984,2024,991464984,2,9,0,-1,19,3,7,-1,0,0,1,0,1,0,3,1,-1,9,1,68,10,1598,8,1,KIA SPORTAGE,7,-1,0,1
2024430603359,2024,430603359,2,9,0,18,19,5,1,0,0,8,0,0,7,11,4,1,6,6,2,47,8,1598,8,0,KIA SPORTAGE,7,E01016288,0,1
2024010518411,2024,010518411,2,9,9,99,99,9,9,99,99,9,9,99,9,99,9,9,6,6,2,-1,-1,1591,1,3,KIA SPORTAGE,-1,-1,0,-1
2024411490953,2024,411490953,2,9,0,-1,2,0,0,-1,0,1,0,0,0,0,4,1,-1,6,1,65,9,1598,8,1,KIA SPORTAGE,7,E01023923,0,1
202417L207824,2024,17L207824,3,9,0,-1,3,7,3,-1,0,1,0,0,0,0,2,1,-1,9,1,68,10,1685,2,7,KIA SPORTAGE,9,E01012224,0,3
2024631473527,2024,631473527,1,9,0,-1,1,8,3,-1,0,0,0,0,0,0,2,1,-1,6,2,68,10,1685,2,7,KIA SPORTAGE,4,W01000646,0,4
2024101518624,2024,101518624,1,9,0,-1,19,8,4,-1,0,1,0,0,0,0,1,1,-1,6,1,48,8,1995,2,9,KIA SPORTAGE,10,E01008423,0,1
2024211482556,2024,211482556,1,9,0,-1,19,1,5,-1,0,0,0,0,0,0,1,1,-1,6,1,49,8,1591,1,5,KIA SPORTAGE,6,E01029348,0,1
2024211477536,2024,211477536,1,9,0,-1,19,3,7,-1,0,6,0,0,0,0,1,1,-1,6,2,32,6,1598,1,0,KIA SPORTAGE,-1,-1,0,-1
2024311459523,2024,311459523,3,9,0,-1,19,6,1,-1,0,0,0,0,0,0,4,1,-1,9,2,36,7,1598,2,5,KIA SPORTAGE,9,E01026119,0,4
2024340NN0102,2024,340NN0102,1,9,0,-1,19,4,8,-1,0,4,0,0,0,0,3,1,-1,1,2,30,6,1685,2,11,KIA SPORTAGE,8,E01035397,0,1
2024522402701,2024,522402701,1,9,0,18,19,5,1,0,0,0,0,0,0,0,3,1,6,6,3,-1,-1,1598,8,1,KIA SPORTAGE,-1,-1,0,-1
2024052500097,2024,052500097,1,9,0,18,19,4,8,0,0,8,1,0,7,11,1,1,1,1,1,-1,-1,1598,8,3,KIA SPORTAGE,-1,-1,0,-1
2024010542203,2024,010542203,2,9,0,2,2,0,0,0,0,2,0,0,0,0,1,1,6,6,3,-1,-1,1598,8,1,KIA SPORTAGE,-1,-1,0,-1
2024631512098,2024,631512098,1,9,0,-1,19,2,6,-1,0,0,0,0,0,0,4,1,-1,2,1,35,6,1591,1,6,KIA SPORTAGE,3,W01000705,0,1
2024991486229,2024,991486229,1,9,0,-1,19,2,6,-1,0,0,0,0,0,0,1,1,-1,2,2,55,8,1995,2,7,KIA SPORTAGE,-1,-1,0,-1
202417M303324,2024,17M303324,1,9,0,18,19,4,8,0,0,4,0,0,0,0,1,1,6,6,2,57,9,1995,2,10,KIA SPORTAGE,-1,-1,0,-1
2024131426467,2024,131426467,4,9,0,-1,2,0,0,-1,0,8,0,0,0,0,2,1,-1,6,-1,-1,-1,1995,2,10,KIA SPORTAGE,-1,-1,0,-1
2024010548876,2024,010548876,2,9,0,18,19,7,3,0,0,0,0,0,0,0,2,1,6,6,1,55,8,1995,2,8,KIA SPORTAGE,4,E01002267,0,2
2024010500980,2024,010500980,1,9,0,18,19,3,7,0,0,0,5,11,0,0,3,1,1,1,2,55,8,1685,2,7,KIA SPORTAGE,7,E01004143,0,1
2024320665515,2024,320665515,2,9,0,-1,-1,1,5,0,0,0,0,0,0,0,1,1,6,6,1,42,7,1598,8,4,KIA SPORTAGE,7,E01026348,0,4
2024211518312,2024,211518312,1,9,-1,-1,-1,-1,-1,-1,-1,-1,-1,-1,-1,0,-1,9,-1,6,1,26,6,1685,2,8,KIA SPORTAGE,4,E01029869,0,1
2024461507746,2024,461507746,2,9,0,-1,19,3,7,-1,0,0,0,0,0,0,3,1,-1,6,2,65,9,1591,1,5,KIA SPORTAGE,3,E01024535,0,1
2024311423683,2024,311423683,1,9,0,-1,19,4,8,-1,0,0,0,0,0,0,2,1,-1,6,2,32,6,1598,1,1,KIA SPORTAGE,5,E01027972,0,1
2024201447201,2024,201447201,2,9,0,-1,19,5,1,-1,0,8,0,0,0,0,2,1,-1,6,1,69,10,1995,2,12,KIA SPORTAGE,5,E01032159,0,3
2024052402466,2024,052402466,2,9,0,18,19,2,6,0,0,0,0,0,0,0,1,1,6,6,1,56,9,1685,2,10,KIA SPORTAGE,7,E01006666,0,1
2024101515713,2024,101515713,1,9,0,-1,7,6,1,-1,0,8,0,0,0,0,4,1,-1,9,2,76,11,1685,2,12,KIA SPORTAGE,4,E01008614,0,1
202460Q034144,2024,60Q034144,1,9,0,2,2,0,0,0,0,0,0,0,1,11,2,1,6,6,1,48,8,1598,1,2,KIA SPORTAGE,-1,-1,0,-1
2024111469917,2024,111469917,1,9,0,-1,-1,3,1,-1,-1,3,0,0,0,0,4,1,-1,-1,1,56,9,1591,1,5,KIA SPORTAGE,7,E01008734,0,2
2024122400244,2024,122400244,1,9,0,4,4,4,8,0,0,0,1,0,7,9,3,1,6,6,1,70,10,1598,8,1,KIA SPORTAGE,10,E01029483,0,5
2024440455287,2024,440455287,2,9,0,18,19,1,5,0,0,8,0,0,0,0,1,1,6,6,1,62,9,1995,2,10,KIA SPORTAGE,6,E01017049,0,3
2024531511246,2024,531511246,1,9,0,-1,19,7,3,-1,0,8,0,0,0,0,1,1,-1,9,2,60,9,1598,1,1,KIA SPORTAGE,3,E01016505,0,5
2024101492995,2024,101492995,1,9,0,-1,11,3,7,-1,0,3,0,0,0,0,4,1,-1,6,2,46,8,1591,1,8,KIA SPORTAGE,10,E01034496,0,3
2024520402277,2024,520402277,2,9,0,18,19,5,1,0,0,8,0,0,0,0,1,1,6,6,1,65,9,1598,8,2,KIA SPORTAGE,10,E01029128,0,1
2024371498048,2024,371498048,2,9,0,-1,19,1,5,-1,0,0,0,0,0,0,3,1,-1,6,1,67,10,1685,2,7,KIA SPORTAGE,3,E01030253,0,2
2024031534979,2024,031534979,1,9,0,-1,19,8,4,-1,0,0,0,0,0,0,1,1,-1,9,1,42,7,1685,2,8,KIA SPORTAGE,9,E01019079,0,1
2024461448229,2024,461448229,1,9,0,-1,19,3,5,-1,0,0,0,0,0,0,1,1,-1,2,1,57,9,1598,8,4,KIA SPORTAGE,6,E01024064,0,1
2024411451520,2024,411451520,1,9,0,-1,19,1,5,-1,0,8,0,0,0,0,1,1,-1,6,1,66,10,1591,1,6,KIA SPORTAGE,6,E01017571,0,2
2024991415877,2024,991415877,1,9,0,-1,19,8,5,-1,0,6,0,0,0,0,3,9,-1,7,2,61,9,1685,2,10,KIA SPORTAGE,-1,-1,0,-1
2024421491333,2024,421491333,2,9,0,-1,4,3,7,-1,0,0,0,0,0,0,2,1,-1,6,1,38,7,1598,8,1,KIA SPORTAGE,8,E01002252,0,2
2024440026631,2024,440026631,1,9,0,16,19,4,8,0,0,0,1,0,7,4,3,1,2,2,2,41,7,1591,1,8,KIA SPORTAGE,9,E01022593,0,2
2024440102846,2024,440102846,2,9,0,2,2,0,0,0,0,0,0,0,0,0,3,1,6,6,2,-1,-1,1995,2,12,KIA SPORTAGE,-1,-1,0,-1
2024201457773,2024,201457773,1,9,0,-1,5,6,2,-1,0,0,0,10,0,0,1,9,-1,6,2,45,7,1685,2,11,KIA SPORTAGE,2,E01010441,0,3
2024311458878,2024,311458878,1,9,0,-1,19,7,3,-1,0,8,0,0,0,0,3,1,-1,9,2,40,7,1598,8,3,KIA SPORTAGE,7,E01019513,0,1
2024070051485,2024,070051485,1,9,0,7,7,5,1,9,9,0,1,0,7,0,3,1,6,6,1,57,9,1591,1,4,KIA SPORTAGE,10,E01014190,0,4
2024552400625,2024,552400625,2,9,0,18,19,4,8,0,0,8,0,0,0,0,1,1,2,2,2,35,6,1598,1,2,KIA SPORTAGE,8,E01020435,0,3
2024070342624,2024,070342624,2,9,0,18,19,8,4,0,0,0,0,0,0,0,1,1,1,1,1,54,8,1685,2,6,KIA SPORTAGE,8,E01019725,0,3
2024010541346,2024,010541346,1,9,0,17,19,1,7,0,0,3,0,0,0,0,2,1,6,6,1,38,7,1598,1,2,KIA SPORTAGE,9,E01002378,0,4
2024141492988,2024,141492988,2,9,0,-1,5,1,5,-1,0,8,0,0,0,0,3,1,-1,6,2,27,6,1995,2,7,KIA SPORTAGE,1,E01007791,0,2
2024071026016,2024,071026016,2,9,0,-1,19,5,8,-1,0,8,0,0,0,0,1,1,-1,6,1,35,6,1685,2,11,KIA SPORTAGE,6,E01012524,0,1
2024010517013,2024,010517013,2,9,0,18,19,5,1,0,0,1,0,0,0,0,1,1,1,1,1,54,8,1685,2,9,KIA SPORTAGE,-1,-1,0,-1
2024010522239,2024,010522239,2,9,0,18,19,3,7,0,0,0,0,0,0,0,1,1,6,6,1,63,9,1598,8,0,KIA SPORTAGE,7,E01000334,0,3
2024221534877,2024,221534877,1,9,0,-1,4,4,8,-1,0,6,0,0,0,0,2,1,-1,9,2,35,6,1685,2,10,KIA SPORTAGE,9,E01032336,0,2
2024141476787,2024,141476787,2,9,0,-1,5,7,3,-1,0,4,0,0,0,0,4,1,-1,6,3,-1,-1,1598,8,3,KIA SPORTAGE,-1,-1,0,-1
2024320469703,2024,320469703,1,9,0,-1,-1,5,1,0,0,8,0,0,7,3,1,1,6,6,1,39,7,1685,2,10,KIA SPORTAGE,1,E01004848,0,5
2024221450351,2024,221450351,1,9,0,-1,19,6,4,-1,0,2,0,0,0,0,1,1,-1,6,2,49,8,1598,8,0,KIA SPORTAGE,8,E01032315,0,2
2024361521481,2024,361521481,3,9,0,-1,19,5,1,-1,0,8,0,0,0,0,3,1,-1,2,1,70,10,1591,1,5,KIA SPORTAGE,9,E01026558,0,1
2024340WN3732,2024,340WN3732,1,9,0,-1,19,5,1,-1,0,0,0,0,0,0,4,1,-1,9,1,22,5,1685,2,10,KIA SPORTAGE,9,E01027255,0,3
2024010523189,2024,010523189,1,9,0,9,9,1,6,0,0,6,0,0,0,0,1,1,2,2,2,41,7,1685,2,6,KIA SPORTAGE,4,E01000805,0,2
2024471421895,2024,471421895,1,9,0,-1,19,3,7,-1,0,0,0,0,0,0,1,1,-1,2,1,45,7,1995,2,6,KIA SPORTAGE,6,E01021130,0,4
2024122400751,2024,122400751,2,9,0,18,19,4,8,0,0,8,1,0,0,0,1,1,6,6,1,63,9,1995,2,11,KIA SPORTAGE,5,E01027857,0,1
2024411490464,2024,411490464,2,9,0,-1,19,3,7,-1,0,0,0,0,0,0,4,1,-1,2,1,36,7,1598,8,1,KIA SPORTAGE,9,E01002537,0,3
2024371477213,2024,371477213,3,9,0,-1,19,1,5,-1,0,0,0,0,0,0,2,1,-1,9,1,29,6,1598,8,0,KIA SPORTAGE,5,E01035532,0,4
2024041462211,2024,041462211,1,9,0,-1,19,3,7,-1,0,8,0,0,0,0,1,1,-1,9,1,77,11,1591,1,5,KIA SPORTAGE,4,E01005994,0,4
2024131465483,2024,131465483,2,9,0,-1,2,0,0,-1,0,0,0,0,0,0,3,1,-1,6,-1,-1,-1,1598,8,3,KIA SPORTAGE,-1,-1,0,-1
2024351503956,2024,351503956,1,9,0,-1,4,5,1,-1,0,0,0,0,0,0,1,1,-1,6,2,38,7,1591,1,5,KIA SPORTAGE,3,E01015619,0,1
2024221399330,2024,221399330,1,9,0,-1,12,4,2,-1,0,4,0,0,0,0,3,9,-1,6,1,55,8,1591,1,3,KIA SPORTAGE,8,E01029706,0,3
2024501417370,2024,501417370,2,9,0,-1,19,2,6,-1,0,0,5,0,4,6,4,1,-1,1,2,41,7,1685,2,11,KIA SPORTAGE,3,E01015167,0,1
2024052402210,2024,052402210,1,9,0,18,19,1,5,0,0,0,0,0,0,0,1,1,6,6,2,34,6,1591,1,6,KIA SPORTAGE,4,E01006570,0,1
2024010549480,2024,010549480,2,9,0,99,99,9,9,99,99,4,9,99,9,99,1,9,6,6,3,34,6,1591,1,3,KIA SPORTAGE,-1,-1,0,-1
2024201505584,2024,201505584,1,9,0,-1,19,2,6,-1,0,8,0,0,0,0,1,1,-1,6,2,32,6,1995,2,7,KIA SPORTAGE,5,E01010110,0,1
2024552401287,2024,552401287,1,9,0,5,5,2,6,0,0,0,0,0,0,0,2,1,6,6,2,69,10,1598,8,1,KIA SPORTAGE,5,E01015380,0,1
2024131483034,2024,131483034,1,9,0,-1,19,6,2,-1,0,0,0,0,0,0,-1,1,-1,6,3,-1,-1,1685,2,8,KIA SPORTAGE,-1,-1,0,-1