collision_index,collision_year,collision_ref_no,vehicle_reference,vehicle_type,towing_and_articulation,vehicle_manoeuvre_historic,vehicle_manoeuvre,vehicle_direction_from,vehicle_direction_to,vehicle_location_restricted_lane_historic,vehicle_location_restricted_lane,junction_location,skidding_and_overturning,hit_object_in_carriageway,vehicle_leaving_carriageway,hit_object_off_carriageway,first_point_of_impact,vehicle_left_hand_drive,journey_purpose_of_driver_historic,journey_purpose_of_driver,sex_of_driver,age_of_driver,age_band_of_driver,engine_capacity_cc,propulsion_code,age_of_vehicle,generic_make_model,driver_imd_decile,lsoa_of_driver,escooter_flag,driver_distance_banding
2024101406742,2024,101406742,1,9,0,-1,19,5,1,-1,0,0,0,0,0,0,1,1,-1,2,1,45,7,1591,1,4,KIA SPORTAGE,7,E01008320,0,1
2024430563502,2024,430563502,2,9,0,16,19,3,6,0,0,0,0,0,0,0,3,1,6,6,2,45,7,1598,1,0,KIA SPORTAGE,4,E01016439,0,2
2024041500760,2024,041500760,2,9,0,-1,19,3,7,-1,0,0,0,0,0,0,2,1,-1,6,1,77,11,1995,2,13,KIA SPORTAGE,9,E01024964,0,1
2024501511991,2024,501511991,2,9,0,-1,4,3,7,-1,0,4,0,0,0,0,2,1,-1,9,1,43,7,1685,2,11,KIA SPORTAGE,8,E01020156,0,4
2024122400875,2024,122400875,2,9,0,4,4,1,5,0,0,0,0,0,0,0,2,1,6,6,1,60,9,1598,8,3,KIA SPORTAGE,5,E01007640,0,4
2024361502158,2024,361502158,1,9,0,-1,19,3,3,-1,0,0,0,0,1,2,1,1,-1,9,2,57,9,1598,1,0,KIA SPORTAGE,10,E01026574,0,3
2024221516481,2024,221516481,1,9,0,-1,19,7,3,-1,0,0,0,0,0,0,4,9,-1,6,2,67,10,1598,8,1,KIA SPORTAGE,5,E01032174,0,1
2024041411675,2024,041411675,1,9,0,-1,19,7,3,-1,0,1,0,0,0,0,1,1,-1,9,2,36,7,1591,1,5,KIA SPORTAGE,8,E01005713,0,4
2024430266869,2024,430266869,2,9,0,4,4,0,0,0,0,0,0,0,0,0,2,1,4,7,1,-1,-1,1591,1,2,KIA SPORTAGE,-1,-1,0,-1
2024411431723,2024,411431723,2,9,0,-1,4,-1,-1,-1,0,0,0,0,0,0,2,9,-1,9,2,46,8,1685,2,11,KIA SPORTAGE,6,E01023494,0,3
2024041485221,2024,041485221,2,9,0,-1,3,7,3,-1,0,0,0,0,0,0,2,1,-1,9,1,53,8,1685,2,6,KIA SPORTAGE,9,E01034695,0,5
2024461515738,2024,461515738,1,9,0,-1,19,1,3,-1,5,0,0,0,0,0,3,9,-1,6,2,38,7,1685,2,10,KIA SPORTAGE,1,E01016153,0,1
2024351447605,2024,351447605,1,9,0,-1,19,3,7,-1,0,8,0,0,7,9,1,1,-1,6,1,51,8,1591,1,8,KIA SPORTAGE,7,E01034440,0,2
2024421465471,2024,421465471,2,9,0,-1,19,1,5,-1,0,0,0,0,0,0,1,1,-1,6,1,32,6,1591,1,7,KIA SPORTAGE,10,E01023454,0,3
2024401486616,2024,401486616,1,9,0,-1,9,8,6,-1,0,2,0,0,0,0,1,1,-1,6,1,47,8,1591,1,6,KIA SPORTAGE,5,E01018183,0,3
2024010515356,2024,010515356,2,9,0,99,99,9,9,99,99,9,9,99,9,99,1,9,6,6,1,-1,-1,1591,1,8,KIA SPORTAGE,4,E01034370,0,4
2024201506303,2024,201506303,1,9,0,-1,19,7,3,-1,0,8,0,0,0,0,1,1,-1,6,2,32,6,1591,1,3,KIA SPORTAGE,4,E01009324,0,2
2024520402457,2024,520402457,2,9,3,11,11,4,2,0,0,8,0,0,0,0,9,1,6,6,3,-1,-1,1995,2,7,KIA SPORTAGE,-1,-1,0,-1
2024332400493,2024,332400493,2,9,0,-1,19,6,2,-1,0,0,0,0,0,0,1,1,-1,6,1,-1,-1,1598,1,1,KIA SPORTAGE,-1,-1,0,-1
2024440223212,2024,440223212,2,9,0,18,19,2,6,0,0,1,0,0,0,0,1,1,6,6,1,-1,-1,1685,2,9,KIA SPORTAGE,10,E01015433,0,3
2024340NN2032,2024,340NN2032,1,9,0,-1,19,3,7,-1,0,8,0,0,1,0,1,1,-1,2,1,49,8,1598,8,1,KIA SPORTAGE,7,E01027309,0,4
2024622400189,2024,622400189,2,9,0,18,19,4,8,0,0,8,1,0,0,0,1,1,6,6,2,39,7,1685,2,13,KIA SPORTAGE,3,W01001050,0,2
2024411521189,2024,411521189,1,9,0,-1,11,4,6,-1,0,3,0,0,0,0,4,1,-1,2,2,63,9,1591,1,6,KIA SPORTAGE,9,E01023684,0,1
2024361439330,2024,361439330,4,9,0,-1,3,1,5,-1,0,1,0,0,0,0,2,1,-1,6,2,44,7,1685,2,8,KIA SPORTAGE,10,E01026815,0,4
2024010530969,2024,010530969,1,9,0,9,9,6,4,0,0,1,0,0,0,0,3,1,6,6,1,47,8,1598,8,1,KIA SPORTAGE,9,E01003356,0,2
2024311415406,2024,311415406,1,9,0,-1,19,3,7,-1,0,0,0,0,0,0,1,1,-1,9,2,40,7,1685,2,8,KIA SPORTAGE,1,E01027930,0,2
2024320130881,2024,320130881,3,9,0,4,4,2,6,0,0,0,1,0,0,0,2,1,6,6,1,62,9,1995,2,11,KIA SPORTAGE,-1,-1,0,-1
2024371494136,2024,371494136,1,9,0,-1,19,-1,-1,-1,0,0,0,0,0,0,3,1,-1,6,1,68,10,1591,1,6,KIA SPORTAGE,8,E01021708,0,4
2024141463937,2024,141463937,2,9,0,-1,19,7,3,-1,0,1,0,0,0,0,1,1,-1,9,1,66,10,1995,2,9,KIA SPORTAGE,7,E01007658,0,1
2024231538529,2024,231538529,3,9,0,-1,19,5,1,-1,0,1,0,0,0,0,1,1,-1,6,1,43,7,1598,1,2,KIA SPORTAGE,1,E01010277,0,4
2024041518885,2024,041518885,3,9,0,-1,19,5,1,-1,0,0,0,0,0,0,3,1,-1,9,1,72,10,1685,2,12,KIA SPORTAGE,9,E01006314,0,4
2024340NN2272,2024,340NN2272,2,9,0,-1,19,2,6,-1,0,8,0,0,0,0,1,1,-1,6,1,63,9,1591,1,3,KIA SPORTAGE,6,E01027039,0,1
2024471400286,2024,471400286,2,9,0,-1,5,1,5,-1,0,8,0,0,0,0,1,1,-1,6,2,60,9,1591,1,5,KIA SPORTAGE,6,E01021032,0,1
2024311447325,2024,311447325,1,9,0,-1,5,1,5,-1,0,1,0,0,0,0,4,1,-1,1,1,58,9,1591,1,8,KIA SPORTAGE,10,E01028097,0,1
2024451517570,2024,451517570,1,9,0,-1,5,3,1,-1,0,8,0,0,0,0,3,1,-1,7,2,49,8,1591,1,8,KIA SPORTAGE,8,E01030865,0,1
2024520003115,2024,520003115,1,9,0,5,5,8,4,0,0,8,0,0,0,0,4,1,6,6,1,74,10,1591,1,6,KIA SPORTAGE,9,E01014484,0,1
2024052401900,2024,052401900,1,9,0,18,19,1,5,0,0,0,0,0,0,0,0,1,1,1,1,-1,-1,1598,8,3,KIA SPORTAGE,-1,-1,0,-1
2024201444227,2024,201444227,1,9,0,-1,19,6,2,-1,0,0,5,10,7,0,3,1,-1,6,1,77,11,1591,1,6,KIA SPORTAGE,10,E01010229,0,2
2024522401840,2024,522401840,1,9,0,3,3,5,1,0,0,1,0,0,0,0,2,1,6,6,2,56,9,1591,1,4,KIA SPORTAGE,7,E01014805,0,1
2024440253361,2024,440253361,2,9,0,18,19,8,4,0,0,1,0,0,0,0,3,1,6,6,1,50,8,1598,1,2,KIA SPORTAGE,3,E01017075,0,1
2024221478700,2024,221478700,2,9,0,-1,19,7,2,-1,0,0,0,0,0,0,1,1,-1,6,2,64,9,1598,8,2,KIA SPORTAGE,7,E01032136,0,2
2024052401342,2024,052401342,2,9,0,18,19,1,5,0,0,1,0,0,0,0,0,1,1,1,3,-1,-1,1598,8,3,KIA SPORTAGE,-1,-1,0,-1
2024451438312,2024,451438312,3,9,0,-1,19,1,5,-1,0,1,0,0,0,0,3,1,-1,9,2,49,8,1591,1,3,KIA SPORTAGE,5,E01030814,0,1
2024501429308,2024,501429308,1,9,0,-1,19,8,4,-1,0,0,0,0,0,0,2,1,-1,9,1,70,10,1598,8,1,KIA SPORTAGE,4,E01020138,0,4
2024451455515,2024,451455515,1,9,0,-1,2,7,3,-1,9,0,0,0,0,0,1,1,-1,9,1,65,9,1591,1,7,KIA SPORTAGE,10,E01030392,0,1
2024631406955,2024,631406955,2,9,0,-1,19,3,7,-1,0,2,0,0,0,0,4,1,-1,9,2,54,8,1685,2,8,KIA SPORTAGE,1,W01000600,0,4
2024122400161,2024,122400161,2,9,0,17,19,7,3,0,0,2,0,0,0,0,1,1,2,2,2,51,8,1591,1,3,KIA SPORTAGE,5,E01027857,0,2
2024010540765,2024,010540765,1,9,0,9,9,7,4,0,0,5,0,0,0,0,1,1,6,6,2,-1,-1,1995,2,7,KIA SPORTAGE,2,E01001515,0,2
2024010545603,2024,010545603,1,9,0,9,9,7,5,0,0,8,0,0,0,0,1,1,6,6,1,38,7,1685,2,6,KIA SPORTAGE,1,E01004449,0,3
2024161408476,2024,161408476,1,9,0,-1,4,7,3,-1,0,1,1,7,0,0,1,1,-1,6,2,40,7,1685,2,6,KIA SPORTAGE,6,E01013325,0,1
2024141442067,2024,141442067,1,9,0,-1,4,4,8,-1,0,1,0,0,0,0,3,1,-1,2,1,24,5,1685,2,8,KIA SPORTAGE,4,E01008093,0,1
2024122401099,2024,122401099,2,9,0,18,19,7,3,0,0,8,0,0,0,0,1,1,6,6,1,39,7,1598,8,0,KIA SPORTAGE,2,E01027824,0,1
2024421412750,2024,421412750,1,9,0,-1,5,1,5,-1,0,8,0,0,0,0,1,1,-1,9,2,57,9,1598,8,1,KIA SPORTAGE,10,E01015911,0,1
2024221427551,2024,221427551,1,9,0,-1,19,6,2,-1,0,0,0,0,0,0,3,9,-1,9,2,64,9,1685,2,11,KIA SPORTAGE,5,E01014056,0,1
2024141495950,2024,141495950,2,9,0,-1,19,7,3,-1,0,0,0,0,0,0,2,1,-1,6,2,37,7,1591,1,5,KIA SPORTAGE,2,E01007326,0,1
2024041448444,2024,041448444,1,9,0,-1,19,1,5,-1,0,1,0,7,1,1,1,1,-1,9,1,20,4,1598,8,4,KIA SPORTAGE,3,E01012669,0,1
2024052402613,2024,052402613,1,9,0,5,5,6,3,0,0,1,0,0,0,0,1,1,6,6,2,57,9,1598,8,4,KIA SPORTAGE,5,E01007288,0,1
2024061409880,2024,061409880,2,9,-1,-1,19,7,3,-1,0,0,0,0,0,0,2,9,-1,6,1,-1,-1,1591,1,3,KIA SPORTAGE,-1,-1,0,-1
2024351479615,2024,351479615,3,9,0,-1,3,2,5,-1,0,0,0,0,0,0,2,1,-1,6,1,62,9,1598,8,0,KIA SPORTAGE,5,E01015655,0,1
2024122500325,2024,122500325,1,9,0,5,5,3,4,0,0,1,0,0,0,0,1,1,6,6,2,75,10,1975,1,15,KIA SPORTAGE,7,E01027743,0,1
2024010524925,2024,010524925,1,9,0,7,7,7,2,1,1,2,0,0,0,0,2,1,2,2,2,44,7,1598,1,2,KIA SPORTAGE,7,E01002513,0,1
2024111432345,2024,111432345,1,9,0,-1,19,2,6,-1,0,1,5,0,1,0,1,1,-1,1,1,20,4,1598,8,4,KIA SPORTAGE,4,E01012333,0,1
2024041426041,2024,041426041,2,9,0,-1,19,1,5,-1,0,1,0,0,0,0,4,1,-1,7,2,44,7,1598,8,3,KIA SPORTAGE,9,E01025404,0,1
2024501417687,2024,501417687,2,9,0,-1,19,1,5,-1,0,8,0,0,0,0,4,9,-1,9,2,31,6,1685,2,12,KIA SPORTAGE,4,E01018908,0,1
2024231499065,2024,231499065,1,9,0,-1,19,1,6,-1,0,0,0,0,0,0,1,9,-1,2,1,42,7,1685,2,9,KIA SPORTAGE,6,E01031169,0,1
2024401449340,2024,401449340,1,9,0,-1,19,1,5,-1,0,0,0,0,0,0,-1,9,-1,9,1,60,9,1598,8,3,KIA SPORTAGE,3,E01027065,0,2
2024010509451,2024,010509451,1,9,0,9,9,1,8,0,0,5,0,0,0,0,1,1,6,6,2,53,8,1591,1,8,KIA SPORTAGE,4,E01003102,0,1
2024461396946,2024,461396946,1,9,0,-1,19,4,8,-1,0,0,1,0,2,4,1,9,-1,6,1,55,8,1598,8,3,KIA SPORTAGE,9,E01016086,0,1
2024061496604,2024,061496604,1,9,0,-1,2,7,3,-1,0,0,0,0,0,0,1,1,-1,6,1,-1,-1,1685,2,12,KIA SPORTAGE,1,E01033669,0,1
2024501485746,2024,501485746,2,9,0,-1,19,1,5,-1,0,0,1,0,1,11,1,1,-1,9,2,44,7,1685,2,9,KIA SPORTAGE,3,E01018974,0,4
2024141479956,2024,141479956,1,9,0,-1,7,6,1,-1,0,0,0,0,0,0,4,1,-1,9,1,26,6,1685,2,11,KIA SPORTAGE,7,E01028048,0,4
2024440229767,2024,440229767,1,9,0,18,19,6,2,0,0,2,0,0,0,0,1,1,6,6,2,37,7,1591,1,7,KIA SPORTAGE,3,E01023145,0,1
2024340WN5522,2024,340WN5522,2,9,0,-1,3,4,7,-1,0,1,0,0,0,0,2,1,-1,9,1,27,6,1598,8,0,KIA SPORTAGE,2,E01027156,0,1
2024991420500,2024,991420500,1,9,0,-1,19,3,7,-1,0,6,0,0,7,11,1,1,-1,9,2,72,10,1685,2,7,KIA SPORTAGE,4,-1,0,1
2024061472936,2024,061472936,4,8,0,-1,2,0,0,-1,0,0,0,0,0,0,2,1,-1,6,-1,-1,-1,1685,2,11,KIA SPORTAGE,-1,-1,0,-1
2024622500009,2024,622500009,3,9,0,3,3,4,8,0,0,4,0,0,0,0,2,1,6,6,1,60,9,1685,2,7,KIA SPORTAGE,9,W01001113,0,3
2024451430942,2024,451430942,2,9,0,-1,5,7,3,-1,0,4,0,0,0,0,1,9,-1,6,2,73,10,1598,1,1,KIA SPORTAGE,8,E01030298,0,1
2024231533861,2024,231533861,1,9,0,-1,9,7,5,-1,0,6,0,0,0,0,1,1,-1,9,2,62,9,1591,1,4,KIA SPORTAGE,1,E01031116,0,1
202454A375724,2024,54A375724,1,9,0,18,19,4,8,0,0,8,0,0,0,0,1,1,6,6,1,45,7,1591,1,7,KIA SPORTAGE,8,E01034525,0,2
2024061507765,2024,061507765,2,9,0,-1,19,3,7,-1,0,0,0,0,0,0,1,1,-1,9,2,39,7,1591,1,6,KIA SPORTAGE,3,E01005567,0,1
2024302401335,2024,302401335,1,9,0,18,19,4,8,0,0,4,0,0,0,0,1,1,6,6,1,77,11,1591,1,4,KIA SPORTAGE,5,E01019866,0,2
2024531485249,2024,531485249,3,9,0,-1,8,5,7,-1,0,8,0,0,0,0,3,1,-1,1,1,67,10,1598,8,2,KIA SPORTAGE,8,E01022178,0,1
2024131509373,2024,131509373,3,9,0,-1,19,4,8,-1,0,8,0,0,0,0,2,1,-1,6,1,52,8,1591,1,5,KIA SPORTAGE,5,E01010754,0,2
2024471496428,2024,471496428,1,9,0,-1,19,3,7,-1,0,0,1,10,0,0,4,1,-1,9,2,31,6,1591,1,7,KIA SPORTAGE,5,E01030531,0,1
2024041490872,2024,041490872,2,9,0,-1,19,1,5,-1,0,0,0,0,0,0,2,1,-1,6,2,39,7,1591,1,8,KIA SPORTAGE,3,E01005469,0,4
2024311429729,2024,311429729,1,9,0,-1,19,3,7,-1,0,0,1,7,1,1,1,1,-1,9,2,46,8,1598,8,1,KIA SPORTAGE,1,E01013879,0,1
2024351541159,2024,351541159,1,9,0,-1,19,1,5,-1,0,0,0,0,0,0,1,1,-1,6,2,37,7,1598,8,3,KIA SPORTAGE,3,E01017978,0,3
2024041523463,2024,041523463,2,9,0,-1,19,5,1,-1,0,0,0,0,0,0,2,1,-1,6,1,35,6,1591,1,4,KIA SPORTAGE,8,E01025596,0,4
2024451493150,2024,451493150,2,9,0,-1,99,4,8,-1,0,0,9,0,0,0,1,1,-1,6,1,62,9,1975,1,14,KIA SPORTAGE,10,E01022350,0,5
2024061482417,2024,061482417,2,9,0,-1,19,4,4,-1,0,8,1,11,0,0,1,1,-1,6,2,39,7,1598,2,5,KIA SPORTAGE,8,E01012652,0,2
2024070294313,2024,070294313,1,9,0,5,5,4,8,0,0,0,0,0,7,11,1,1,6,6,1,79,11,1591,1,5,KIA SPORTAGE,5,E01018627,0,1
2024501436450,2024,501436450,2,9,0,-1,3,1,4,-1,0,0,0,0,0,0,2,1,-1,9,1,31,6,1598,8,1,KIA SPORTAGE,6,E01015027,0,1
2024010535684,2024,010535684,1,9,0,7,7,3,5,0,0,8,0,0,0,0,1,1,6,6,3,24,5,1598,8,0,KIA SPORTAGE,2,E01033883,0,1
2024471469163,2024,471469163,1,9,0,-1,4,6,8,-1,0,1,0,4,0,0,3,1,-1,1,2,53,8,1591,1,4,KIA SPORTAGE,6,E01030833,0,1
2024547124124,2024,547124124,2,9,0,17,19,4,8,0,0,0,0,0,0,0,1,1,6,6,1,73,10,1598,8,1,KIA SPORTAGE,6,E01032030,0,1
2024421439813,2024,421439813,1,9,0,-1,4,5,1,-1,0,1,0,0,0,0,1,1,-1,6,1,74,10,1591,1,7,KIA SPORTAGE,10,E01015890,0,2
2024161506316,2024,161506316,2,9,0,-1,19,5,1,-1,0,8,0,0,0,0,0,1,-1,6,1,52,8,1598,1,2,KIA SPORTAGE,6,E01013276,0,1
2024302400411,2024,302400411,1,9,0,18,19,6,1,0,0,1,0,0,0,0,1,1,2,2,1,60,9,1685,2,7,KIA SPORTAGE,10,E01029455,0,1
2024631462885,2024,631462885,1,9,0,-1,19,2,5,-1,0,0,0,0,0,0,3,1,-1,9,2,59,9,1598,8,1,KIA SPORTAGE,5,W01000650,0,3
2024471487225,2024,471487225,2,9,0,-1,10,8,6,-1,0,2,0,0,0,0,1,1,-1,9,1,83,11,1591,1,2,KIA SPORTAGE,8,E01016931,0,2
2024041505895,2024,041505895,1,9,0,-1,19,3,7,-1,0,0,0,0,0,0,1,1,-1,6,2,73,10,1598,2,6,KIA SPORTAGE,8,E01025513,0,2
2024451506506,2024,451506506,1,9,0,-1,9,5,1,-1,0,6,0,0,0,0,1,1,-1,9,2,56,9,1598,8,2,KIA SPORTAGE,10,E01031725,0,2
2024131423270,2024,131423270,1,9,0,-1,5,1,5,-1,0,8,0,0,0,0,1,1,-1,9,2,31,6,1685,2,11,KIA SPORTAGE,2,E01010658,0,1
2024131527495,2024,131527495,1,9,0,-1,9,7,3,-1,0,1,0,0,0,0,3,1,-1,9,1,35,6,1975,1,17,KIA SPORTAGE,6,E01011846,0,2
2024552401203,2024,552401203,2,9,0,18,19,4,8,0,0,8,0,0,1,11,1,1,6,6,2,67,10,1591,1,6,KIA SPORTAGE,9,E01015322,0,1
2024070881278,2024,070881278,2,9,0,-1,19,3,7,-1,0,0,0,0,0,0,1,1,-1,2,2,64,9,1591,1,7,KIA SPORTAGE,5,E01018514,0,2
2024471449269,2024,471449269,2,9,0,-1,2,0,0,-1,0,0,0,0,0,0,2,1,-1,6,-1,-1,-1,1591,1,8,KIA SPORTAGE,-1,-1,0,-1
2024010547907,2024,010547907,1,9,0,99,99,9,9,99,99,9,9,99,9,99,3,9,6,6,2,31,6,1598,8,0,KIA SPORTAGE,5,E01001060,0,1
2024302400874,2024,302400874,1,9,0,7,7,7,5,0,0,3,0,0,0,0,1,1,6,6,1,84,11,1591,1,2,KIA SPORTAGE,4,E01019800,0,1
2024501497197,2024,501497197,1,9,0,-1,19,5,1,-1,0,8,0,0,0,0,3,1,-1,9,1,39,7,1598,8,0,KIA SPORTAGE,2,E01015176,0,1
2024991499245,2024,991499245,1,9,0,-1,19,8,4,-1,0,0,0,0,0,0,3,1,-1,6,2,29,6,1591,1,4,KIA SPORTAGE,4,-1,0,2
2024631522597,2024,631522597,2,9,0,-1,4,2,6,-1,0,0,0,0,0,0,3,1,-1,7,2,45,7,1598,1,1,KIA SPORTAGE,5,W01000537,0,1
2024461461073,2024,461461073,3,9,0,-1,2,0,0,-1,0,0,0,0,0,0,3,1,-1,6,1,42,7,1598,8,0,KIA SPORTAGE,8,E01024451,0,1
2024161452237,2024,161452237,2,9,0,-1,19,3,7,-1,0,1,0,0,0,0,1,1,-1,6,1,34,6,1598,2,5,KIA SPORTAGE,6,E01012766,0,1
2024201457281,2024,201457281,1,9,0,-1,19,3,7,-1,0,0,0,0,0,0,1,1,-1,6,-1,-1,-1,1685,2,8,KIA SPORTAGE,-1,-1,0,-1
2024201427271,2024,201427271,2,9,0,-1,19,8,4,-1,0,0,0,0,0,0,1,9,-1,9,1,56,9,1598,2,5,KIA SPORTAGE,1,E01009640,0,1
2024520402163,2024,520402163,1,9,0,4,4,2,6,0,0,0,0,0,0,0,2,1,6,6,2,49,8,1598,8,0,KIA SPORTAGE,6,E01032652,0,1
2024351516172,2024,351516172,1,9,0,-1,6,5,5,-1,0,0,0,0,0,0,3,9,-1,6,1,-1,-1,1598,8,2,KIA SPORTAGE,6,E01018045,0,4
2024221458871,2024,221458871,1,9,0,-1,19,6,2,-1,0,0,2,0,1,0,1,1,-1,9,2,38,7,1591,1,4,KIA SPORTAGE,8,E01032441,0,4
2024332400994,2024,332400994,1,9,0,-1,19,1,5,-1,0,8,0,0,0,0,4,1,-1,9,1,36,7,1598,8,1,KIA SPORTAGE,5,E01013542,0,3
2024041541280,2024,041541280,1,9,0,-1,19,3,7,-1,0,0,0,0,0,0,1,1,-1,6,2,-1,-1,1685,2,12,KIA SPORTAGE,5,E01025243,0,1
2024332400579,2024,332400579,2,9,0,-1,12,2,6,-1,2,6,0,0,0,0,3,1,-1,6,2,46,8,1591,1,7,KIA SPORTAGE,6,E01025752,0,2
2024332400127,2024,332400127,1,9,0,-1,4,3,7,-1,0,1,0,0,0,0,2,1,-1,2,2,62,9,1591,1,4,KIA SPORTAGE,3,E01025900,0,3
2024351440818,2024,351440818,1,9,0,-1,3,2,4,-1,0,1,0,0,0,0,2,1,-1,2,1,48,8,1598,8,1,KIA SPORTAGE,5,E01026241,0,3
2024461507227,2024,461507227,2,9,0,-1,3,7,3,-1,0,0,0,0,0,0,2,1,-1,9,2,56,9,1685,2,11,KIA SPORTAGE,6,E01016080,0,2
2024461532717,2024,461532717,1,9,0,-1,19,3,7,-1,0,1,0,0,0,0,2,9,-1,2,2,41,7,1591,1,5,KIA SPORTAGE,8,E01024183,0,1
2024010526441,2024,010526441,1,9,0,99,99,9,9,99,99,9,9,99,9,99,9,9,6,6,2,64,9,1598,8,0,KIA SPORTAGE,9,E01000895,0,1
2024010537875,2024,010537875,1,9,0,18,19,1,5,0,0,1,0,0,1,0,1,1,6,6,2,50,8,1598,8,1,KIA SPORTAGE,2,E01001460,0,1
2024052402640,2024,052402640,1,9,0,18,19,8,4,0,0,8,0,0,0,0,1,1,2,2,2,47,8,1685,2,6,KIA SPORTAGE,2,E01032511,0,1
2024421427082,2024,421427082,1,9,0,-1,-1,-1,-1,-1,-1,-1,-1,-1,-1,0,-1,9,-1,6,3,-1,-1,1591,1,7,KIA SPORTAGE,-1,-1,0,-1
2024311398511,2024,311398511,1,9,0,-1,9,1,5,-1,0,0,0,0,0,0,3,1,-1,1,1,30,6,1995,2,10,KIA SPORTAGE,2,E01013813,0,2
2024401525844,2024,401525844,1,9,0,-1,4,4,7,-1,0,0,0,0,0,0,2,1,-1,6,2,45,7,1598,8,0,KIA SPORTAGE,2,E01015705,0,1
2024141484921,2024,141484921,1,9,0,-1,19,3,7,-1,0,0,5,0,2,11,4,1,-1,9,1,74,10,1685,2,8,KIA SPORTAGE,9,E01019737,0,3
2024371501900,2024,371501900,1,9,0,-1,7,3,5,-1,0,8,0,0,0,0,1,1,-1,9,2,47,8,1591,1,3,KIA SPORTAGE,8,E01029901,0,1
2024430405320,2024,430405320,2,9,0,13,13,4,8,0,0,0,0,0,0,0,4,1,2,2,1,42,7,1591,1,10,KIA SPORTAGE,9,E01028595,0,1
2024430535644,2024,430535644,1,9,0,18,19,8,4,0,0,0,0,0,0,0,1,1,6,6,2,47,8,1591,1,3,KIA SPORTAGE,10,E01017816,0,1
2024552401539,2024,552401539,1,9,0,7,7,4,5,0,0,5,0,10,7,1,1,1,6,6,2,49,8,1591,1,7,KIA SPORTAGE,8,E01020421,0,1
2024010517789,2024,010517789,1,9,0,5,5,1,5,0,0,3,0,0,0,0,1,1,6,6,2,35,6,1591,1,8,KIA SPORTAGE,8,E01030390,0,1
2024041393883,2024,041393883,1,9,0,-1,19,8,4,-1,0,0,2,0,7,0,1,1,-1,9,1,81,11,1995,2,8,KIA SPORTAGE,9,E01025127,0,1
2024311519985,2024,311519985,1,9,0,-1,19,6,3,-1,0,3,0,0,0,0,1,1,-1,9,2,30,6,1591,1,9,KIA SPORTAGE,1,E01027976,0,1
2024010537532,2024,010537532,2,9,0,18,19,5,1,0,0,0,0,0,0,0,0,1,6,6,2,41,7,1591,1,6,KIA SPORTAGE,9,E01030573,0,3
2024010533494,2024,010533494,1,9,0,18,19,3,7,0,0,0,1,0,0,0,3,1,6,6,1,59,9,1598,1,0,KIA SPORTAGE,6,E01016824,0,4
2024161416895,2024,161416895,2,9,0,-1,19,7,3,-1,0,8,0,0,3,11,3,1,-1,2,1,42,7,1995,2,10,KIA SPORTAGE,1,E01013141,0,1
2024201534086,2024,201534086,2,9,0,-1,9,4,6,-1,0,4,0,0,0,0,1,1,-1,9,1,44,7,1995,2,8,KIA SPORTAGE,7,E01009452,0,1
2024131406946,2024,131406946,1,9,0,-1,6,7,3,-1,0,0,0,0,1,0,3,1,-1,9,2,50,8,1598,1,1,KIA SPORTAGE,7,E01011588,0,3
2024201502861,2024,201502861,2,9,0,-1,4,7,3,-1,0,0,0,0,0,0,2,1,-1,2,2,26,6,1598,8,2,KIA SPORTAGE,10,E01029674,0,4
2024622400605,2024,622400605,2,9,0,18,19,7,3,0,0,8,0,0,1,4,4,1,6,6,1,62,9,1995,2,10,KIA SPORTAGE,6,E01010043,0,5
2024010501121,2024,010501121,2,9,0,3,3,6,2,0,0,1,0,0,0,0,4,1,6,6,1,64,9,1591,1,11,KIA SPORTAGE,4,E01002267,0,2
2024531512829,2024,531512829,1,9,0,-1,19,5,1,-1,0,1,0,0,0,0,1,1,-1,9,1,72,10,1598,1,2,KIA SPORTAGE,8,E01022259,0,3
2024302401199,2024,302401199,1,9,0,9,9,7,4,0,0,8,0,0,0,0,1,1,6,6,1,68,10,1598,8,1,KIA SPORTAGE,10,E01019727,0,1
2024440227495,2024,440227495,2,9,0,3,3,7,3,0,0,1,0,0,0,0,2,1,6,6,2,33,6,1995,2,8,KIA SPORTAGE,8,E01022769,0,1
2024471409107,2024,471409107,1,9,0,-1,7,1,3,-1,0,8,0,0,0,0,9,1,-1,6,1,47,8,1598,1,2,KIA SPORTAGE,8,E01031617,0,2
2024991477532,2024,991477532,1,9,0,-1,12,4,8,-1,0,0,1,0,2,7,1,1,-1,6,1,36,7,1598,8,4,KIA SPORTAGE,8,-1,0,4
2024010543507,2024,010543507,2,4,0,16,19,1,5,0,0,0,0,0,0,0,1,1,6,6,1,45,7,399,1,9,-1,-1,-1,0,-1
2024231420083,2024,231420083,2,9,0,-1,19,4,8,-1,0,0,0,0,0,0,3,1,-1,9,1,74,10,505,1,10,-1,5,E01031249,0,1
2024501498049,2024,501498049,1,5,0,-1,19,7,3,-1,0,2,0,0,1,0,4,1,-1,6,1,53,8,921,1,9,-1,8,E01019898,0,1
2024440270055,2024,440270055,1,2,0,18,19,5,1,0,0,0,0,0,0,0,3,1,6,6,1,22,5,49,1,3,-1,2,E01017345,0,1
202460Q139402,2024,60Q139402,2,4,0,18,19,5,1,0,0,0,1,12,0,0,1,1,6,6,1,53,8,597,1,-1,-1,-1,-1,0,-1