collision_index,collision_year,collision_ref_no,vehicle_reference,vehicle_type,towing_and_articulation,vehicle_manoeuvre_historic,vehicle_manoeuvre,vehicle_direction_from,vehicle_direction_to,vehicle_location_restricted_lane_historic,vehicle_location_restricted_lane,junction_location,skidding_and_overturning,hit_object_in_carriageway,vehicle_leaving_carriageway,hit_object_off_carriageway,first_point_of_impact,vehicle_left_hand_drive,journey_purpose_of_driver_historic,journey_purpose_of_driver,sex_of_driver,age_of_driver,age_band_of_driver,engine_capacity_cc,propulsion_code,age_of_vehicle,generic_make_model,driver_imd_decile,lsoa_of_driver,escooter_flag,driver_distance_banding
2024421476669,2024,421476669,2,4,0,-1,19,7,3,-1,0,1,0,0,0,0,1,1,-1,6,1,74,10,350,1,-1,-1,6,E01021261,0,1
2024631512237,2024,631512237,2,5,0,-1,19,7,4,-1,0,8,0,0,0,0,4,1,-1,6,1,71,10,745,1,52,-1,8,W01000534,0,1
2024041490407,2024,041490407,1,4,0,-1,11,3,7,-1,0,0,1,0,1,0,4,1,-1,9,1,74,10,500,1,62,-1,2,E01025269,0,3
2024302401303,2024,302401303,2,3,0,16,19,8,4,0,0,8,0,0,0,0,1,1,6,6,1,66,10,828,1,47,-1,8,E01019812,0,2
2024311438024,2024,311438024,2,5,0,-1,13,4,8,-1,0,0,0,0,0,0,4,1,-1,9,1,61,9,850,1,-1,-1,8,E01032991,0,3
2024010515150,2024,010515150,1,11,0,18,19,5,1,0,0,1,0,0,0,0,0,1,6,6,3,-1,-1,4249,2,10,-1,-1,-1,0,-1
2024010529462,2024,010529462,2,9,0,4,4,5,1,0,0,1,0,0,0,0,3,1,6,6,2,31,6,1332,1,13,-1,3,E01002018,0,2
2024052401624,2024,052401624,2,9,0,18,19,8,4,0,0,8,2,0,0,0,1,1,1,1,1,31,6,1598,8,1,RENAULT ARKANA,8,E01006936,0,1
2024141397104,2024,141397104,1,9,0,-1,9,1,7,-1,0,1,0,0,0,0,1,1,-1,9,1,55,8,1598,8,2,RENAULT ARKANA,1,E01007500,0,1
2024320265992,2024,320265992,3,9,0,-1,-1,6,2,0,0,0,0,0,0,0,2,1,-1,-1,1,57,9,1598,8,1,RENAULT ARKANA,9,E01026371,0,2
2024440232506,2024,440232506,2,9,0,13,13,6,2,0,0,1,0,0,4,0,1,1,6,6,1,54,8,1598,8,1,RENAULT ARKANA,7,E01023080,0,1
2024471434750,2024,471434750,3,9,0,-1,2,0,0,-1,0,2,0,0,0,0,4,1,-1,6,-1,-1,-1,1598,8,2,RENAULT ARKANA,-1,-1,0,-1
2024421467511,2024,421467511,1,9,0,-1,5,4,8,-1,0,0,0,0,0,0,1,9,-1,6,1,51,8,1598,8,2,RENAULT ARKANA,9,E01035172,0,1
202417H105724,2024,17H105724,2,9,0,-1,19,6,2,-1,0,0,0,0,0,0,1,1,-1,9,1,71,10,1598,8,0,RENAULT ARKANA,7,E01011963,0,1
2024371489393,2024,371489393,1,9,0,-1,19,1,5,-1,0,0,0,0,0,0,1,1,-1,6,2,54,8,1333,1,1,RENAULT ARKANA,6,E01030220,0,3
2024451511767,2024,451511767,2,9,0,-1,1,5,1,-1,0,0,0,99,0,0,2,1,-1,6,2,23,5,1598,8,1,RENAULT ARKANA,-1,-1,0,-1
2024131442390,2024,131442390,2,9,0,-1,19,5,1,-1,0,8,0,0,0,0,3,1,-1,6,1,69,10,1598,8,1,RENAULT ARKANA,5,E01011096,0,1
2024631410835,2024,631410835,2,9,0,-1,19,3,6,-1,0,0,0,0,0,0,1,1,-1,6,2,75,10,1598,8,1,RENAULT ARKANA,8,W01000534,0,1
2024131427094,2024,131427094,2,9,0,-1,2,0,0,-1,0,2,0,0,0,0,2,1,-1,6,-1,-1,-1,1598,8,2,RENAULT ARKANA,-1,-1,0,-1
2024991434005,2024,991434005,1,9,0,-1,19,6,2,-1,0,0,0,0,0,0,4,1,-1,9,2,45,7,1598,8,2,RENAULT ARKANA,9,-1,0,4
2024221498096,2024,221498096,1,9,0,-1,3,2,7,-1,0,1,0,0,0,0,2,1,-1,9,1,77,11,1598,8,2,RENAULT ARKANA,1,E01025447,0,5
2024440400520,2024,440400520,1,9,0,5,5,5,1,0,0,4,0,0,0,0,1,1,6,6,1,67,10,1598,8,0,RENAULT ARKANA,3,-1,0,5
2024131402690,2024,131402690,2,9,0,-1,3,3,7,-1,0,0,0,0,0,0,1,1,-1,6,2,46,8,1598,8,2,RENAULT ARKANA,10,E01007617,0,3
2024991463250,2024,991463250,1,9,0,-1,19,4,8,-1,0,0,0,0,0,0,1,1,-1,6,2,36,7,1598,8,1,RENAULT ARKANA,1,-1,0,3
2024991434154,2024,991434154,1,9,0,-1,19,6,2,-1,0,0,0,4,7,0,1,1,-1,9,1,41,7,1598,8,1,RENAULT ARKANA,1,-1,0,1
2024991531974,2024,991531974,1,9,0,-1,19,3,8,-1,0,0,0,0,0,0,1,1,-1,2,1,44,7,1598,8,2,RENAULT ARKANA,7,-1,0,4
2024010524743,2024,010524743,2,9,0,99,99,9,9,99,99,9,9,99,9,99,1,9,6,6,3,-1,-1,1598,8,1,RENAULT ARKANA,-1,-1,0,-1
2024991420757,2024,991420757,2,9,0,-1,19,3,7,-1,0,0,0,0,0,0,2,1,-1,6,2,55,8,1598,8,2,RENAULT ARKANA,5,-1,0,1
2024122400747,2024,122400747,2,9,0,9,9,3,1,0,0,1,0,0,0,0,2,1,6,6,1,58,9,1598,8,0,RENAULT ARKANA,6,E01027648,0,1
2024501500923,2024,501500923,1,9,0,-1,19,6,8,-1,0,0,0,0,0,0,1,1,-1,6,2,61,9,1598,8,0,RENAULT ARKANA,6,E01015027,0,1
2024041490121,2024,041490121,1,9,0,-1,5,8,4,-1,9,1,0,0,7,9,1,1,-1,9,1,77,11,1598,8,1,RENAULT ARKANA,3,E01025271,0,1
2024501496852,2024,501496852,2,9,0,-1,5,5,1,-1,0,0,0,0,0,0,1,1,-1,9,2,51,8,1598,8,0,RENAULT ARKANA,2,E01018897,0,1
2024451414038,2024,451414038,3,9,0,-1,4,1,5,-1,0,0,0,0,0,0,2,1,-1,9,2,58,9,1598,8,1,RENAULT ARKANA,5,E01015274,0,5
2024131478909,2024,131478909,2,9,0,-1,19,3,7,-1,0,0,0,0,0,0,2,1,-1,6,2,58,9,1333,1,1,RENAULT ARKANA,6,E01019145,0,5
2024052401348,2024,052401348,1,9,0,18,19,5,1,0,0,0,0,0,0,0,9,1,6,6,1,28,6,1598,8,1,RENAULT ARKANA,2,E01007300,0,1
2024991439212,2024,991439212,1,9,0,-1,19,7,3,-1,0,1,0,0,0,0,1,1,-1,7,2,31,6,1598,8,1,RENAULT ARKANA,-1,-1,0,-1
2024622400642,2024,622400642,1,9,0,18,19,4,8,0,0,4,0,0,0,0,1,1,6,6,1,83,11,1598,8,3,RENAULT ARKANA,2,W01001396,0,1
2024131511380,2024,131511380,1,9,0,-1,4,1,5,-1,0,8,0,0,0,0,2,1,-1,6,1,58,9,1598,8,3,RENAULT ARKANA,3,E01011944,0,1
2024131431879,2024,131431879,1,9,0,-1,14,5,1,-1,0,0,0,0,0,0,3,1,-1,6,1,65,9,1598,8,2,RENAULT ARKANA,7,E01010672,0,1
2024201440983,2024,201440983,4,9,0,-1,2,3,3,-1,0,1,0,0,0,0,2,1,-1,9,1,28,6,1598,8,1,RENAULT ARKANA,5,E01009843,0,1
2024141472870,2024,141472870,1,9,0,-1,19,1,5,-1,0,1,0,0,0,0,1,1,-1,9,1,62,9,1598,8,1,RENAULT ARKANA,5,E01011892,0,4
2024320119276,2024,320119276,1,9,0,-1,-1,5,1,0,0,0,0,0,0,0,1,1,6,6,2,79,11,1333,1,2,RENAULT ARKANA,2,E01026103,0,3
2024131512791,2024,131512791,1,9,0,-1,19,5,5,-1,0,0,0,0,0,0,1,1,-1,2,1,54,8,1598,8,2,RENAULT ARKANA,1,E01011864,0,2
2024311440039,2024,311440039,1,9,0,-1,7,1,3,-1,0,6,0,0,0,0,4,1,-1,9,1,36,7,1598,8,1,RENAULT ARKANA,2,E01019549,0,3
2024211524012,2024,211524012,1,9,0,-1,19,7,3,-1,0,0,0,0,0,0,1,1,-1,6,1,25,5,1598,8,2,RENAULT ARKANA,4,E01026224,0,5
2024461471483,2024,461471483,2,9,0,-1,10,3,5,-1,0,1,0,0,0,0,3,9,-1,6,2,36,7,1598,8,3,RENAULT ARKANA,3,E01024552,0,1
2024052401147,2024,052401147,2,9,0,2,2,0,0,0,0,0,0,0,0,0,2,1,1,1,1,30,6,1598,8,1,RENAULT ARKANA,1,E01006618,0,2
2024131530172,2024,131530172,2,9,0,-1,19,1,3,-1,0,2,0,0,0,0,1,1,-1,9,1,48,8,1598,8,2,RENAULT ARKANA,1,E01011540,0,2
2024361490376,2024,361490376,1,9,0,-1,4,5,1,-1,0,0,0,0,0,0,4,1,-1,9,1,71,10,1598,8,0,RENAULT ARKANA,7,E01033540,0,1
2024461488571,2024,461488571,2,9,0,-1,15,7,7,-1,0,0,0,0,0,0,1,1,-1,9,1,32,6,1598,8,2,RENAULT ARKANA,1,E01035301,0,1
2024010534978,2024,010534978,1,9,0,18,19,5,1,0,0,8,0,0,0,0,1,1,6,6,1,60,9,1598,8,1,RENAULT ARKANA,3,E01004528,0,2
2024052400459,2024,052400459,2,9,0,18,19,7,3,0,0,0,0,0,0,0,4,1,6,6,2,39,7,1598,8,3,RENAULT ARKANA,5,E01033795,0,1
2024211450662,2024,211450662,1,9,0,-1,9,8,6,-1,0,8,0,0,0,0,0,1,-1,6,2,39,7,1598,8,2,RENAULT ARKANA,9,E01014348,0,1
2024421467671,2024,421467671,2,9,0,-1,2,1,5,-1,9,0,0,0,0,0,2,1,-1,6,-1,-1,-1,1598,8,2,RENAULT ARKANA,-1,-1,0,-1
2024311526887,2024,311526887,1,9,0,-1,3,7,3,-1,0,1,0,0,0,0,2,1,-1,9,1,66,10,1598,8,1,RENAULT ARKANA,1,E01028281,0,1
2024010533448,2024,010533448,2,9,0,5,5,5,1,0,0,2,0,0,0,0,3,1,6,6,2,59,9,1598,8,2,RENAULT ARKANA,2,E01000076,0,1
2024131481027,2024,131481027,1,9,0,-1,9,5,2,-1,0,6,0,0,0,0,1,1,-1,6,3,30,6,1598,8,0,RENAULT ARKANA,-1,-1,0,-1
2024622400803,2024,622400803,1,9,0,3,3,1,6,0,0,0,0,0,0,0,1,1,6,6,1,82,11,1598,8,0,RENAULT ARKANA,7,W01000822,0,4
2024440395174,2024,440395174,2,9,0,18,19,1,5,0,0,2,0,0,0,0,1,1,6,6,1,76,11,1598,8,1,RENAULT ARKANA,4,E01023088,0,4
2024041474429,2024,041474429,1,9,0,-1,19,7,3,-1,0,1,0,0,0,0,4,1,-1,6,1,64,9,1598,8,1,RENAULT ARKANA,2,E01012630,0,1
2024211518097,2024,211518097,1,9,0,-1,19,3,7,-1,0,0,0,0,0,0,4,1,-1,6,1,75,10,1598,8,2,RENAULT ARKANA,-1,-1,0,-1
2024041496922,2024,041496922,1,9,0,-1,19,5,1,-1,0,1,1,10,0,0,3,1,-1,9,1,26,6,1598,8,1,RENAULT ARKANA,2,E01025264,0,1
2024371453872,2024,371453872,3,9,0,-1,19,5,1,-1,0,0,0,0,1,0,1,1,-1,9,1,67,10,1598,8,1,RENAULT ARKANA,5,E01024383,0,5
2024010507360,2024,010507360,1,9,0,99,99,9,9,99,99,9,9,99,9,99,1,9,6,6,3,42,7,1598,8,3,RENAULT ARKANA,2,E01001745,0,1
2024451489209,2024,451489209,1,9,0,-1,19,5,1,-1,0,0,2,0,0,0,4,1,-1,9,1,72,10,1333,1,1,RENAULT ARKANA,4,E01031572,0,2
2024421431620,2024,421431620,1,9,0,-1,4,7,3,-1,0,0,0,0,0,0,1,9,-1,6,3,-1,-1,1598,8,2,RENAULT ARKANA,-1,-1,0,-1
2024131496144,2024,131496144,1,9,0,-1,-1,-1,-1,-1,-1,0,-1,-1,-1,0,1,1,-1,6,3,-1,-1,1598,8,2,RENAULT ARKANA,-1,-1,0,-1
2024361493619,2024,361493619,2,9,0,-1,9,2,8,-1,0,5,0,0,0,0,1,1,-1,6,1,34,6,1598,8,1,RENAULT ARKANA,5,E01026435,0,1
2024010527073,2024,010527073,2,9,0,3,3,5,1,0,0,2,0,0,0,0,2,1,6,6,1,50,8,1598,8,1,RENAULT ARKANA,3,E01001503,0,2
2024421448467,2024,421448467,1,9,0,-1,19,7,3,-1,5,2,0,0,7,0,1,1,-1,6,1,58,9,1598,8,1,RENAULT ARKANA,9,E01021533,0,1
2024010501201,2024,010501201,2,9,0,99,99,9,9,99,99,9,9,99,9,99,1,9,6,6,3,-1,-1,2290,1,26,-1,-1,-1,0,-1
2024052401958,2024,052401958,2,3,0,18,19,6,2,0,0,8,0,0,0,0,1,1,2,2,1,43,7,125,1,1,-1,1,E01006674,0,1
2024440510881,2024,440510881,2,9,0,13,13,7,3,0,0,0,0,0,1,4,4,1,2,2,1,51,8,698,1,21,-1,4,E01017290,0,1
2024041500320,2024,041500320,1,9,0,-1,19,1,5,-1,0,0,0,0,0,0,1,1,-1,9,1,80,11,698,1,21,-1,7,E01025270,0,1
2024221467236,2024,221467236,1,9,0,-1,13,8,4,-1,0,8,0,0,7,9,1,1,-1,6,1,48,8,698,1,20,-1,4,E01032378,0,1
2024010527032,2024,010527032,1,9,0,6,6,7,7,0,0,4,0,0,0,0,1,1,6,6,1,29,6,698,1,20,-1,7,E01001308,0,1
2024332401205,2024,332401205,1,9,0,-1,6,4,4,-1,0,0,0,0,0,0,3,1,-1,9,2,42,7,2755,2,0,-1,8,E01025888,0,1
2024311460163,2024,311460163,3,9,0,-1,5,4,4,-1,0,1,0,0,0,0,1,1,-1,6,2,22,5,2198,1,18,-1,10,E01028400,0,1
2024546543524,2024,546543524,1,9,0,18,19,2,6,0,0,1,0,0,0,0,1,1,6,6,1,63,9,1968,2,10,VOLKSWAGEN CARAVELLE,8,E01035208,0,3
2024440303275,2024,440303275,2,9,0,18,19,4,8,0,0,1,0,0,0,0,1,1,6,6,1,38,7,2461,2,23,VOLKSWAGEN CARAVELLE,2,E01034727,0,1
2024501510596,2024,501510596,1,19,0,-1,13,5,1,-1,0,0,5,0,0,0,1,1,-1,2,1,32,6,2461,2,21,VOLKSWAGEN CARAVELLE,2,E01018949,0,3
2024471434466,2024,471434466,2,9,0,-1,19,3,7,-1,0,0,0,0,0,0,3,1,-1,6,1,52,8,3189,1,16,VOLKSWAGEN CARAVELLE,6,E01003437,0,4
2024221475995,2024,221475995,2,90,0,-1,14,1,7,-1,0,8,0,0,0,0,3,9,-1,6,1,20,4,1915,1,40,VOLKSWAGEN CARAVELLE,7,E01014080,0,2
2024440225636,2024,440225636,2,19,0,1,1,3,7,0,0,6,0,0,0,0,2,1,6,6,2,48,8,1968,2,7,VOLKSWAGEN CARAVELLE,10,E01023043,0,1
2024010530309,2024,010530309,1,9,0,6,6,7,7,0,0,0,0,0,0,0,3,1,6,6,1,34,6,1968,2,3,VOLKSWAGEN CARAVELLE,8,E01002470,0,2
2024131408427,2024,131408427,2,9,0,-1,19,5,5,-1,0,8,0,0,0,0,1,1,-1,9,1,28,6,1968,2,2,VOLKSWAGEN CARAVELLE,1,E01011427,0,1
2024101440822,2024,101440822,1,9,0,-1,19,5,1,-1,0,0,0,0,1,11,4,1,-1,9,1,47,8,1968,2,6,VOLKSWAGEN CARAVELLE,4,E01020651,0,4
2024351397535,2024,351397535,1,9,0,-1,19,1,5,-1,0,0,0,0,0,0,1,9,-1,7,2,44,7,1968,2,4,VOLKSWAGEN CARAVELLE,9,E01018171,0,1
2024440370385,2024,440370385,1,10,0,18,19,5,1,0,0,4,0,0,0,0,1,1,6,6,1,52,8,-1,-1,-1,VOLKSWAGEN CARAVELLE,5,E01018785,0,5
2024501548154,2024,501548154,1,9,0,-1,9,3,7,-1,0,0,0,0,0,0,3,1,-1,6,2,57,9,1896,2,20,VOLKSWAGEN CARAVELLE,4,E01018815,0,1
2024531466651,2024,531466651,2,9,0,-1,9,1,3,-1,0,8,5,0,7,0,3,1,-1,9,2,51,8,1968,2,12,VOLKSWAGEN CARAVELLE,10,E01022105,0,1
2024231494852,2024,231494852,1,9,0,-1,19,2,6,-1,0,0,1,0,1,6,1,9,-1,6,1,57,9,1968,2,1,VOLKSWAGEN CARAVELLE,7,E01019821,0,4
2024552401529,2024,552401529,2,9,0,9,9,6,4,0,0,5,0,0,0,0,3,1,3,7,2,48,8,-1,3,1,VOLVO C40,6,E01015460,0,1
2024421447814,2024,421447814,1,9,0,-1,19,5,1,-1,0,1,1,0,0,0,1,1,-1,2,2,54,8,-1,3,1,VOLVO C40,6,E01021571,0,2
2024201470926,2024,201470926,1,9,0,-1,9,8,4,-1,0,8,0,0,0,0,1,1,-1,1,1,25,5,-1,3,1,VOLVO C40,8,E01010516,0,1
2024451450955,2024,451450955,2,9,0,-1,19,7,3,-1,0,8,0,0,0,0,1,1,-1,6,2,65,9,-1,3,2,VOLVO C40,10,E01030522,0,1
2024451520972,2024,451520972,3,9,0,-1,19,3,7,-1,0,0,0,0,0,0,2,9,-1,1,1,35,6,-1,3,2,VOLVO C40,5,E01031523,0,4
2024361400663,2024,361400663,2,9,0,-1,19,6,2,-1,0,0,0,0,0,0,1,9,-1,6,1,39,7,-1,3,1,VOLVO C40,7,E01026897,0,2
2024451440804,2024,451440804,2,9,0,-1,10,1,1,-1,0,4,0,0,0,0,3,1,-1,6,2,48,8,-1,3,1,VOLVO C40,10,E01030680,0,1
2024351539262,2024,351539262,3,9,0,-1,19,1,5,-1,0,0,0,0,0,0,4,1,-1,6,2,49,8,-1,3,1,VOLVO C40,9,E01018278,0,1
2024101470172,2024,101470172,2,9,0,-1,3,2,6,-1,0,1,0,0,0,0,2,1,-1,9,1,50,8,-1,3,2,VOLVO C40,1,E01027539,0,2
2024631511030,2024,631511030,1,9,0,-1,19,8,4,-1,0,8,0,0,3,11,1,1,-1,9,2,46,8,-1,3,0,VOLVO C40,6,W01000501,0,1
2024451426286,2024,451426286,3,9,0,-1,2,0,0,-1,0,0,0,0,0,0,4,1,-1,6,-1,-1,-1,-1,3,2,VOLVO C40,-1,-1,0,-1
2024052402725,2024,052402725,2,9,0,4,4,6,2,0,0,0,0,0,0,0,2,1,6,6,1,43,7,-1,3,1,VOLVO C40,2,E01006415,0,1
2024131525198,2024,131525198,1,9,0,-1,5,3,7,-1,0,4,0,0,0,0,1,1,-1,9,2,34,6,-1,3,2,VOLVO C40,4,E01011732,0,1
2024131471332,2024,131471332,2,5,0,-1,15,6,2,-1,0,1,0,0,0,0,1,1,-1,9,1,64,9,849,1,26,-1,9,E01011092,0,3
2024991435739,2024,991435739,2,5,0,-1,4,6,1,-1,0,1,1,0,7,0,1,1,-1,2,1,32,6,659,1,2,-1,-1,-1,0,-1
2024302401235,2024,302401235,2,3,0,12,12,6,2,0,0,7,0,0,0,0,2,1,6,6,1,24,5,659,1,2,-1,9,E01013596,0,1
2024010547681,2024,010547681,2,5,0,18,19,1,5,0,0,8,1,0,0,0,1,1,2,2,1,29,6,659,1,2,-1,-1,-1,0,-1
2024421467340,2024,421467340,3,4,0,-1,19,2,6,-1,0,0,0,0,0,0,3,1,-1,9,1,59,9,659,1,2,-1,7,E01021412,0,4
2024440352086,2024,440352086,1,5,0,18,19,1,4,0,0,1,1,0,0,0,0,1,6,6,1,49,8,659,1,1,-1,9,E01035438,0,3
2024010519658,2024,010519658,2,5,0,4,4,7,3,0,0,0,0,0,0,0,2,1,6,6,1,23,5,659,1,2,-1,6,E01001471,0,4
2024041463161,2024,041463161,2,5,0,-1,19,5,1,-1,0,0,0,0,0,0,1,1,-1,9,1,24,5,659,1,2,-1,8,E01024956,0,4
2024302400785,2024,302400785,2,9,0,18,19,6,2,0,0,1,0,0,0,0,1,1,6,6,1,45,7,3982,1,1,-1,5,E01019434,0,1
2024421431824,2024,421431824,2,9,0,-1,19,4,8,-1,0,8,0,0,0,0,4,1,-1,9,2,26,6,1968,2,13,AUDI A6,8,E01021684,0,1
2024010506365,2024,010506365,1,9,0,18,19,7,3,0,0,1,0,0,0,0,1,1,3,7,2,35,6,1968,2,8,AUDI A6,3,E01000731,0,1
2024421528967,2024,421528967,2,9,0,-1,19,7,3,-1,0,3,0,0,0,0,4,1,-1,1,1,35,6,1968,2,5,AUDI A6,9,E01030191,0,4
2024991511665,2024,991511665,2,9,0,-1,19,6,2,-1,0,0,0,0,1,0,1,1,-1,6,1,36,7,1968,2,13,AUDI A6,-1,-1,0,-1
2024461408788,2024,461408788,2,9,0,-1,4,7,3,-1,0,8,0,0,0,0,2,1,-1,6,1,61,9,2967,2,13,AUDI A6,7,E01024726,0,2
2024201507971,2024,201507971,4,9,0,-1,19,1,4,-1,0,0,0,0,0,0,3,9,-1,1,1,-1,-1,2967,2,0,AUDI A6,-1,-1,0,-1
2024451472913,2024,451472913,1,9,0,-1,19,8,4,-1,0,0,0,0,0,0,1,1,-1,9,1,45,7,2967,2,9,AUDI A6,3,E01016954,0,4
2024131403025,2024,131403025,2,9,0,-1,19,8,4,-1,0,0,0,0,0,0,2,1,-1,9,1,63,9,2967,2,9,AUDI A6,10,E01025019,0,4
2024131507221,2024,131507221,1,9,0,-1,19,3,7,-1,0,0,0,0,0,0,1,1,-1,9,1,21,5,2969,2,17,AUDI A6,-1,-1,0,-1
2024451495533,2024,451495533,2,9,0,-1,19,5,1,-1,0,0,0,0,7,0,4,1,-1,1,1,39,7,1968,2,7,AUDI A6,3,E01024090,0,4
2024010550993,2024,010550993,2,9,0,9,9,7,5,1,1,1,0,0,0,0,1,1,6,6,1,52,8,1984,1,4,AUDI A6,3,E01030711,0,2
2024211476383,2024,211476383,3,9,0,-1,4,4,8,-1,0,0,0,0,0,0,2,1,-1,1,1,54,8,1968,2,7,AUDI A6,8,E01019101,0,5
2024351406769,2024,351406769,2,9,0,-1,2,0,0,-1,0,0,0,0,1,0,2,1,-1,6,-1,-1,-1,1968,2,15,AUDI A6,-1,-1,0,-1
2024010519672,2024,010519672,2,9,0,18,19,1,5,0,0,1,0,0,0,0,1,1,6,6,1,80,11,1968,2,13,AUDI A6,9,E01033824,0,4
2024451492253,2024,451492253,3,9,0,-1,19,7,3,-1,0,0,1,0,4,7,2,1,-1,9,1,39,7,1968,2,7,AUDI A6,6,E01016874,0,4
2024101491375,2024,101491375,1,9,0,-1,-1,-1,-1,-1,0,-1,-1,-1,-1,0,-1,9,-1,6,1,-1,-1,2967,2,5,AUDI A6,-1,-1,0,-1
202417M211824,2024,17M211824,1,9,0,-1,4,2,6,-1,0,8,0,0,0,0,2,1,-1,9,2,69,10,2967,2,5,AUDI A6,9,E01032593,0,1
2024340WN6212,2024,340WN6212,1,9,0,-1,19,7,3,-1,0,0,0,0,0,0,1,1,-1,9,2,48,8,1968,2,16,AUDI A6,5,E01027133,0,1
2024351428175,2024,351428175,1,9,0,-1,19,6,1,-1,0,0,1,7,0,0,1,1,-1,6,1,43,7,2967,2,6,AUDI A6,9,E01033173,0,4
2024302400788,2024,302400788,2,9,0,18,19,8,4,0,0,8,0,0,0,0,3,1,6,6,2,42,7,1968,2,16,AUDI A6,7,E01019617,0,1
2024461499021,2024,461499021,2,9,0,-1,4,5,1,-1,0,0,0,0,0,0,2,1,-1,2,1,42,7,1968,2,11,AUDI A6,8,E01024255,0,1
2024201500368,2024,201500368,2,9,0,-1,19,4,8,-1,0,0,0,0,0,0,0,1,-1,8,1,-1,-1,2967,2,1,AUDI A6,4,E01009234,0,2
2024061454174,2024,061454174,4,9,0,-1,2,4,8,-1,0,0,0,0,0,0,2,1,-1,6,-1,-1,-1,1968,2,8,AUDI A6,-1,-1,0,-1
2024041469987,2024,041469987,3,9,0,-1,3,1,5,-1,0,8,0,0,0,0,4,1,-1,6,1,43,7,1968,2,3,AUDI A6,3,E01012741,0,1
2024201456681,2024,201456681,1,9,0,-1,7,-1,-1,-1,0,0,1,11,1,10,1,9,-1,6,3,-1,-1,1968,2,18,AUDI A6,-1,-1,0,-1
2024351445192,2024,351445192,1,9,0,-1,5,4,8,-1,0,1,0,0,0,0,1,1,-1,6,1,32,6,1968,2,16,AUDI A6,4,E01015676,0,1
2024471478714,2024,471478714,1,9,0,-1,19,3,7,-1,0,3,0,0,0,0,3,9,-1,6,3,-1,-1,1968,2,17,AUDI A6,-1,-1,0,-1
2024302400773,2024,302400773,1,9,0,4,4,5,8,0,0,3,0,0,0,0,0,1,6,6,1,28,6,1968,2,12,AUDI A6,1,E01008098,0,3
2024010511953,2024,010511953,5,9,0,18,19,7,3,0,0,0,0,0,0,0,1,1,1,1,1,40,7,1984,8,1,AUDI A6,3,E01002708,0,1
2024141442976,2024,141442976,3,9,0,-1,2,0,0,-1,0,0,0,0,0,0,3,1,-1,6,-1,-1,-1,1968,2,15,AUDI A6,-1,-1,0,-1
2024430281212,2024,430281212,3,9,0,4,4,2,6,0,0,4,0,0,0,0,2,1,6,6,3,-1,-1,1968,2,8,AUDI A6,-1,-1,0,-1
2024531522441,2024,531522441,1,9,0,-1,19,7,3,-1,0,0,0,0,0,0,1,1,-1,6,1,38,7,2698,2,18,AUDI A6,2,E01022324,0,1
2024430222663,2024,430222663,1,9,0,18,19,2,6,0,0,2,0,0,0,0,1,1,2,2,1,44,7,1968,2,13,AUDI A6,4,E01016519,0,3
2024440405314,2024,440405314,1,9,0,18,19,6,2,0,0,0,0,0,7,0,1,1,6,6,3,-1,-1,2496,2,21,AUDI A6,-1,-1,0,-1
2024461521957,2024,461521957,1,9,0,-1,5,3,2,-1,0,4,0,0,0,0,3,1,-1,1,1,53,8,1968,2,10,AUDI A6,8,E01033210,0,3
2024201536127,2024,201536127,1,9,0,-1,19,3,7,-1,0,8,0,0,0,0,1,1,-1,9,1,18,4,1968,2,17,AUDI A6,1,E01009102,0,1
2024010507289,2024,010507289,2,9,0,12,12,7,3,0,0,2,0,0,0,0,3,1,6,6,1,34,6,1984,1,1,AUDI A6,9,E01024102,0,4
2024451470412,2024,451470412,2,9,0,-1,19,1,5,-1,0,0,0,0,0,0,3,1,-1,9,2,57,9,1968,2,13,AUDI A6,8,E01030817,0,1
2024221400031,2024,221400031,1,9,0,-1,9,7,4,-1,0,5,0,7,0,0,1,9,-1,6,1,75,10,1968,2,8,AUDI A6,9,E01032189,0,2
2024231484113,2024,231484113,1,9,0,-1,19,8,4,-1,0,0,0,0,8,6,1,1,-1,6,1,32,6,1968,2,8,AUDI A6,1,E01006545,0,5
2024201488570,2024,201488570,4,9,0,-1,9,4,3,-1,0,5,0,0,0,0,4,1,-1,6,1,42,7,1968,2,9,AUDI A6,-1,-1,0,-1
2024361506703,2024,361506703,1,9,0,-1,7,-1,-1,-1,0,3,0,0,1,0,3,1,-1,6,1,32,6,2967,2,11,AUDI A6,10,E01026552,0,4
2024052401600,2024,052401600,2,8,0,18,19,6,2,0,0,1,0,0,0,0,1,1,1,1,1,32,6,1968,2,4,AUDI A6,1,E01005429,0,4
2024991436655,2024,991436655,1,9,0,-1,1,6,2,-1,9,2,0,0,0,0,2,1,-1,9,1,48,8,1968,2,5,AUDI A6,10,-1,0,1
2024401427547,2024,401427547,6,9,0,-1,19,6,2,-1,0,1,0,0,0,0,4,1,-1,6,1,39,7,1968,2,13,AUDI A6,2,E01033801,0,1
2024131408102,2024,131408102,1,9,0,-1,4,5,5,-1,0,4,0,0,0,0,1,2,-1,9,1,47,8,1968,2,10,AUDI A6,1,E01010965,0,2
2024122400754,2024,122400754,2,9,0,13,13,3,7,0,0,0,0,0,0,0,3,1,6,6,1,35,6,1968,2,6,AUDI A6,6,E01027790,0,2
2024010547780,2024,010547780,2,9,0,4,4,3,7,0,0,2,0,0,0,0,2,1,2,2,2,25,5,1968,2,8,AUDI A6,8,E01002209,0,3