collision_index,collision_year,collision_ref_no,vehicle_reference,vehicle_type,towing_and_articulation,vehicle_manoeuvre_historic,vehicle_manoeuvre,vehicle_direction_from,vehicle_direction_to,vehicle_location_restricted_lane_historic,vehicle_location_restricted_lane,junction_location,skidding_and_overturning,hit_object_in_carriageway,vehicle_leaving_carriageway,hit_object_off_carriageway,first_point_of_impact,vehicle_left_hand_drive,journey_purpose_of_driver_historic,journey_purpose_of_driver,sex_of_driver,age_of_driver,age_band_of_driver,engine_capacity_cc,propulsion_code,age_of_vehicle,generic_make_model,driver_imd_decile,lsoa_of_driver,escooter_flag,driver_distance_banding
2024061534222,2024,061534222,1,9,0,-1,9,2,8,-1,0,6,0,0,0,0,4,1,-1,9,2,46,8,1968,2,8,AUDI A6,7,E01004781,0,1
2024201533772,2024,201533772,2,9,0,-1,19,2,6,-1,0,0,0,0,0,0,2,1,-1,1,1,40,7,2967,2,0,AUDI A6,-1,-1,0,-1
2024010507347,2024,010507347,1,9,0,3,3,1,5,0,0,1,0,0,0,0,2,1,1,1,1,48,8,1984,8,1,AUDI A6,2,E01000902,0,1
2024430558552,2024,430558552,1,9,0,18,19,4,8,0,0,0,0,0,1,2,1,1,2,2,1,75,10,2967,2,15,AUDI A6,6,E01016737,0,1
2024041501301,2024,041501301,2,9,0,-1,19,5,1,-1,0,2,0,0,0,0,3,1,-1,9,1,40,7,1968,2,8,AUDI A6,4,E01025190,0,1
2024201403769,2024,201403769,2,9,0,-1,19,3,3,-1,0,8,0,0,0,0,1,9,-1,9,1,32,6,1871,2,19,AUDI A6,3,E01009624,0,1
2024991470399,2024,991470399,1,9,0,-1,19,1,5,-1,0,0,1,0,0,0,1,1,-1,9,1,51,8,1968,2,9,AUDI A6,8,-1,0,3
2024501471761,2024,501471761,1,9,0,-1,9,3,1,-1,0,6,0,0,0,0,1,1,-1,6,2,37,7,1968,2,14,AUDI A6,5,E01018960,0,2
2024411482269,2024,411482269,2,9,0,-1,19,5,1,-1,0,1,0,0,2,0,1,1,-1,6,1,43,7,1968,2,11,AUDI A6,9,E01023713,0,1
2024991469013,2024,991469013,1,9,0,-1,19,5,1,-1,0,0,0,0,0,0,1,1,-1,2,1,41,7,1968,2,7,AUDI A6,7,-1,0,1
2024201476647,2024,201476647,2,9,0,-1,2,0,0,-1,0,0,0,0,0,0,3,1,-1,6,-1,-1,-1,2967,2,12,AUDI A6,-1,-1,0,-1
2024101420894,2024,101420894,2,9,-1,-1,5,7,3,-1,0,4,0,0,0,0,2,9,-1,1,1,30,6,1968,2,7,AUDI A6,9,E01012200,0,4
2024201455529,2024,201455529,1,9,0,-1,19,7,3,-1,0,0,0,0,0,0,1,1,-1,6,1,32,6,2967,2,5,AUDI A6,2,E01009006,0,1
2024320409905,2024,320409905,2,9,0,-1,-1,6,2,0,0,0,1,0,1,9,1,1,-1,-1,1,35,6,1968,2,8,AUDI A6,-1,-1,0,-1
2024340WN6792,2024,340WN6792,1,9,0,-1,9,5,1,-1,0,8,0,0,0,0,1,1,-1,9,2,71,10,1781,1,23,AUDI A6,-1,-1,0,-1
2024101474877,2024,101474877,3,9,0,-1,3,1,5,-1,0,0,0,0,0,0,2,1,-1,1,1,35,6,1968,2,5,AUDI A6,-1,-1,0,-1
2024010538606,2024,010538606,1,9,0,18,19,3,7,0,0,8,0,0,0,0,3,1,6,6,1,46,8,1798,1,6,AUDI A6,3,E01021266,0,3
2024430170292,2024,430170292,1,9,0,9,9,6,2,0,0,4,0,0,0,0,1,1,6,6,1,22,5,1968,2,5,AUDI A6,4,E01028447,0,1
2024010535090,2024,010535090,1,9,0,99,99,9,9,99,99,9,9,99,9,99,9,9,6,6,3,-1,-1,1968,2,10,AUDI A6,-1,-1,0,-1
2024332401001,2024,332401001,1,9,0,-1,19,3,8,-1,0,8,0,0,0,0,1,1,-1,9,1,41,7,1968,2,5,AUDI A6,8,E01025613,0,1
2024332400954,2024,332400954,1,9,0,-1,2,0,0,-1,0,2,0,0,1,10,3,1,-1,6,3,-1,-1,1968,2,12,AUDI A6,-1,-1,0,-1
2024351404862,2024,351404862,2,9,0,-1,5,7,3,-1,0,1,0,0,0,0,0,9,-1,9,1,53,8,1968,2,7,AUDI A6,7,E01016820,0,4
2024440451734,2024,440451734,1,9,0,7,7,2,6,0,0,5,0,0,0,0,2,1,6,6,1,34,6,1968,2,15,AUDI A6,4,E01017251,0,1
2024031423392,2024,031423392,1,9,0,-1,19,8,4,-1,0,0,0,0,0,0,1,1,-1,6,1,54,8,1968,2,10,AUDI A6,7,E01019395,0,1
2024531496389,2024,531496389,1,9,0,-1,19,3,7,-1,0,1,0,0,0,0,1,1,-1,6,1,21,5,1968,2,14,AUDI A6,5,E01022266,0,1
2024531413834,2024,531413834,1,9,0,-1,19,3,7,-1,0,0,0,0,0,0,1,1,-1,9,2,31,6,1968,2,10,AUDI A6,8,E01022355,0,1
2024122400990,2024,122400990,1,9,0,18,19,3,7,0,0,1,0,0,0,0,3,1,6,6,2,47,8,1968,2,7,AUDI A6,9,E01027882,0,1
2024991424203,2024,991424203,1,9,0,-1,19,3,7,-1,0,1,1,0,0,0,1,1,-1,9,1,46,8,2496,2,19,AUDI A6,8,-1,0,2
2024101531393,2024,101531393,1,9,0,-1,7,1,5,-1,0,0,0,0,0,0,2,1,-1,2,1,24,5,1968,2,16,AUDI A6,9,E01019190,0,4
2024211463202,2024,211463202,1,9,0,-1,19,3,7,-1,0,1,0,0,0,0,1,1,-1,6,1,36,7,1968,2,10,AUDI A6,-1,-1,0,-1
2024461462423,2024,461462423,2,9,0,-1,19,1,5,-1,0,0,0,0,0,0,1,1,-1,9,1,65,9,1968,2,16,AUDI A6,4,E01024031,0,3
2024430552660,2024,430552660,1,9,0,18,19,3,7,0,0,4,0,0,0,0,1,1,2,2,1,37,7,1968,2,14,AUDI A6,4,E01016453,0,1
2024522402155,2024,522402155,2,9,0,9,9,5,1,0,0,5,0,0,0,0,2,1,6,6,1,55,8,1984,8,3,AUDI A6,7,E01014890,0,2
2024161415484,2024,161415484,2,9,0,-1,3,1,5,-1,0,0,0,0,0,0,2,1,-1,1,1,46,8,1968,2,8,AUDI A6,4,E01013158,0,1
2024421495077,2024,421495077,1,9,0,-1,12,6,2,-1,0,0,0,0,0,0,1,1,-1,9,1,69,10,1968,2,8,AUDI A6,10,E01021941,0,4
2024201484025,2024,201484025,1,9,0,-1,19,1,1,-1,0,0,0,0,0,0,1,1,-1,9,2,38,7,1968,2,11,AUDI A6,4,E01028905,0,4
2024991417865,2024,991417865,1,9,0,-1,5,7,5,-1,0,6,0,0,0,0,4,1,-1,9,1,36,7,1968,2,7,AUDI A6,4,-1,0,2
2024991440291,2024,991440291,2,9,0,-1,19,1,5,-1,0,1,1,0,5,6,4,1,-1,6,1,36,7,1984,1,1,AUDI A6,-1,-1,0,-1
2024070985233,2024,070985233,1,9,0,-1,19,6,2,-1,0,8,5,0,0,0,0,2,-1,6,1,46,8,1968,2,10,AUDI A6,4,W01000314,0,4
2024451484440,2024,451484440,1,9,0,-1,19,5,1,-1,0,0,0,0,0,0,1,1,-1,9,1,61,9,2698,2,18,AUDI A6,4,E01030709,0,1
2024430049745,2024,430049745,2,9,0,18,19,2,6,0,0,0,0,0,0,0,3,1,6,6,2,48,8,1871,2,20,AUDI A6,10,E01028662,0,1
2024311472055,2024,311472055,2,9,0,-1,19,4,7,-1,0,0,0,0,0,0,1,1,-1,2,1,56,9,1968,2,2,AUDI A6,9,E01029786,0,4
2024351508619,2024,351508619,2,9,0,-1,19,3,7,-1,0,0,0,0,0,0,1,1,-1,2,1,62,9,2967,2,10,AUDI A6,10,E01018285,0,1
2024010523897,2024,010523897,1,9,0,4,4,2,6,0,0,8,0,0,0,0,2,1,6,6,1,30,6,2967,2,8,AUDI A6,9,E01001926,0,1
2024501483215,2024,501483215,1,9,0,-1,19,5,1,-1,0,3,0,0,0,0,3,1,-1,1,1,30,6,1968,2,10,AUDI A6,3,E01034166,0,2
2024332400576,2024,332400576,1,9,0,-1,19,0,0,-1,0,6,5,0,1,0,1,1,-1,6,1,27,6,1968,2,3,AUDI A6,2,E01013961,0,4
2024041403426,2024,041403426,1,9,0,-1,19,8,5,-1,0,1,0,0,0,0,1,1,-1,1,1,43,7,1968,2,7,AUDI A6,4,E01025252,0,4
2024451440988,2024,451440988,2,9,0,-1,19,2,6,-1,0,6,0,0,0,0,4,1,-1,6,1,21,5,1984,1,1,AUDI A6,5,E01030971,0,1
2024522403427,2024,522403427,2,9,0,3,3,4,8,0,0,0,0,0,0,0,2,1,6,6,1,55,8,1968,2,9,AUDI A6,8,E01032672,0,4
2024041431007,2024,041431007,2,9,0,-1,19,3,7,-1,0,8,0,0,0,0,1,1,-1,9,1,69,10,2967,2,10,AUDI A6,6,E01025279,0,1
2024052401203,2024,052401203,2,9,0,18,19,5,1,0,0,1,0,0,0,0,1,1,6,6,2,26,6,1984,1,2,AUDI A6,8,E01006936,0,2
2024552401007,2024,552401007,1,9,0,11,11,6,2,0,0,8,0,0,0,0,4,1,6,6,1,49,8,2698,2,19,AUDI A6,6,E01020354,0,1
2024161488146,2024,161488146,2,9,0,-1,13,1,5,-1,0,0,0,0,0,0,1,1,-1,1,1,43,7,2698,2,17,AUDI A6,3,E01012817,0,4
2024131483248,2024,131483248,1,9,0,-1,3,5,1,-1,0,1,0,0,0,0,2,1,-1,9,1,39,7,1968,2,5,AUDI A6,1,E01010610,0,1
2024131397367,2024,131397367,1,9,0,-1,5,1,5,-1,0,0,0,0,0,0,1,1,-1,6,1,52,8,1968,2,14,AUDI A6,3,E01010597,0,1
2024131483261,2024,131483261,2,9,0,-1,2,0,0,-1,9,8,0,4,0,0,1,1,-1,6,-1,-1,-1,1968,2,9,AUDI A6,-1,-1,0,-1
2024061503469,2024,061503469,1,9,0,-1,9,-1,-1,-1,0,7,9,99,0,0,1,1,-1,6,3,-1,-1,1968,2,9,AUDI A6,-1,-1,0,-1
2024311463565,2024,311463565,2,9,0,-1,13,6,3,-1,0,4,0,0,0,0,3,9,-1,6,3,-1,-1,1984,1,1,AUDI A6,-1,-1,0,-1
2024320275101,2024,320275101,1,9,0,-1,-1,8,4,0,0,1,0,0,0,0,1,1,6,6,1,-1,-1,1968,2,6,AUDI A6,6,E01026039,0,1
2024010517017,2024,010517017,2,9,9,18,19,2,6,0,0,2,9,0,1,99,1,9,6,6,1,40,7,1968,2,5,AUDI A6,6,E01003694,0,3
2024061491158,2024,061491158,2,9,0,-1,19,4,8,-1,0,1,0,0,0,0,4,1,-1,9,1,33,6,1968,2,12,AUDI A6,1,E01005085,0,2
2024311440709,2024,311440709,1,9,0,-1,19,8,4,-1,0,2,0,0,0,0,1,1,-1,6,3,-1,-1,1968,2,17,AUDI A6,-1,-1,0,-1
2024101463016,2024,101463016,2,9,0,-1,19,1,7,-1,0,0,0,0,0,0,3,1,-1,6,1,46,8,1968,2,18,AUDI A6,3,E01027537,0,1
2024302401088,2024,302401088,4,9,0,3,3,2,6,0,0,0,0,0,0,0,2,1,2,2,1,52,8,1968,2,16,AUDI A6,6,E01008033,0,4
2024161502112,2024,161502112,2,9,0,-1,19,8,4,-1,0,0,0,0,0,0,1,9,-1,6,1,-1,-1,1968,2,16,AUDI A6,-1,-1,0,-1
2024311451354,2024,311451354,1,9,0,-1,13,5,1,-1,0,1,0,10,0,0,1,2,-1,9,1,26,6,2698,2,17,AUDI A6,3,E01013944,0,1
2024101467012,2024,101467012,1,9,0,-1,19,4,8,-1,0,8,0,0,0,0,1,9,-1,6,1,49,8,1968,2,7,AUDI A6,7,E01008452,0,1
2024131478639,2024,131478639,1,9,0,-1,19,3,7,-1,0,1,0,0,0,0,1,1,-1,6,1,33,6,1968,2,8,AUDI A6,2,E01010942,0,1
2024131511939,2024,131511939,2,9,0,-1,10,4,1,-1,0,6,0,0,0,0,2,1,-1,6,2,27,6,1968,2,12,AUDI A6,10,E01013381,0,4
2024411466011,2024,411466011,2,9,0,-1,13,7,7,-1,0,0,0,0,0,0,1,1,-1,9,1,26,6,1968,2,2,AUDI A6,7,E01021807,0,4
2024361403101,2024,361403101,2,9,0,-1,19,1,5,-1,0,1,0,0,0,0,4,1,-1,6,2,35,6,1968,2,17,AUDI A6,8,E01026450,0,1
2024010519338,2024,010519338,2,9,9,6,6,9,9,99,99,9,9,99,9,99,1,9,6,6,3,-1,-1,1984,1,2,AUDI A6,-1,-1,0,-1
2024411486381,2024,411486381,1,9,0,-1,-1,-1,-1,-1,-1,-1,-1,-1,-1,0,-1,9,-1,6,1,48,8,1984,1,1,AUDI A6,8,E01033029,0,2
2024010519029,2024,010519029,1,9,0,99,99,9,9,99,99,9,9,99,9,99,9,9,6,6,1,25,5,2698,2,15,AUDI A6,3,E01004203,0,3
2024010502259,2024,010502259,2,9,0,5,5,1,5,0,0,1,0,0,0,0,1,1,6,6,1,22,5,1968,2,9,AUDI A6,3,E01034393,0,3
2024991459142,2024,991459142,1,9,0,-1,19,1,5,-1,0,1,0,0,0,0,1,1,-1,6,1,58,9,1968,2,8,AUDI A6,7,-1,0,1
2024010522687,2024,010522687,2,9,0,2,2,0,0,0,0,1,1,0,7,0,1,1,6,6,3,-1,-1,1968,2,7,AUDI A6,-1,-1,0,-1
2024520403266,2024,520403266,1,9,0,18,19,5,1,0,0,3,0,0,0,0,3,1,6,6,2,39,7,1968,2,9,AUDI A6,8,E01029145,0,1
2024430258873,2024,430258873,1,9,0,18,19,5,1,0,0,0,0,0,7,11,1,1,6,6,1,61,9,1968,2,12,AUDI A6,9,E01028793,0,1
2024010500788,2024,010500788,1,9,0,99,99,9,9,99,99,0,9,99,9,99,9,9,1,1,1,48,8,1968,2,7,AUDI A6,8,E01000346,0,2
2024421475368,2024,421475368,3,9,0,-1,5,6,2,-1,0,1,0,0,0,0,1,1,-1,6,1,38,7,1968,2,13,AUDI A6,5,E01021869,0,3
2024371480882,2024,371480882,1,9,0,-1,19,1,5,-1,0,0,0,0,0,0,1,1,-1,6,1,45,7,2969,2,19,AUDI A6,6,E01033049,0,4
2024010512265,2024,010512265,1,9,0,9,9,4,2,0,0,8,0,4,0,0,2,1,6,6,1,26,6,1984,1,5,AUDI A6,5,E01003284,0,1
2024161439280,2024,161439280,1,9,0,-1,19,8,4,-1,9,0,5,10,2,11,1,1,-1,6,1,26,6,2967,2,11,AUDI A6,1,E01013298,0,1
2024010517904,2024,010517904,1,9,0,18,19,1,5,0,0,8,0,0,0,0,4,1,6,6,2,42,7,1968,2,9,AUDI A6,1,E01003515,0,1
2024070119588,2024,070119588,2,9,0,18,19,3,7,0,0,0,0,0,0,0,1,1,6,6,1,50,8,2967,2,10,AUDI A6,6,E01018654,0,2
2024131496461,2024,131496461,2,9,0,-1,19,3,7,-1,0,8,1,0,4,6,1,1,-1,9,1,51,8,1968,2,9,AUDI A6,6,E01010639,0,3
2024552400676,2024,552400676,1,9,0,6,6,6,6,0,0,0,0,0,0,0,3,1,2,2,1,57,9,1984,8,1,AUDI A6,2,E01002633,0,5
2024351527543,2024,351527543,1,9,0,-1,19,5,1,-1,0,0,0,0,0,0,1,1,-1,6,1,75,10,1968,2,11,AUDI A6,2,E01015668,0,1
2024340WN1772,2024,340WN1772,1,9,0,-1,5,3,7,-1,0,4,0,0,0,0,1,1,-1,6,1,59,9,1968,2,12,AUDI A6,-1,-1,0,-1
2024041496486,2024,041496486,2,9,0,-1,19,2,6,-1,0,2,0,0,1,0,4,1,-1,9,1,23,5,1968,2,11,AUDI A6,2,E01012642,0,1
2024520403362,2024,520403362,1,9,0,18,19,5,1,0,0,0,0,0,0,0,1,1,1,1,1,49,8,2967,2,0,AUDI A6,4,E01035114,0,1
2024131522204,2024,131522204,2,9,0,-1,2,5,1,-1,0,2,0,0,0,0,3,1,-1,6,3,-1,-1,1968,2,13,AUDI A6,-1,-1,0,-1
2024411535808,2024,411535808,1,9,-1,-1,-1,-1,-1,-1,-1,0,-1,-1,-1,0,-1,1,-1,6,3,-1,-1,1968,2,16,AUDI A6,-1,-1,0,-1
2024010523899,2024,010523899,1,9,0,18,19,3,7,0,0,4,0,0,0,0,4,1,6,6,3,-1,-1,4172,1,22,AUDI A6,-1,-1,0,-1
2024061417033,2024,061417033,1,9,-1,-1,2,-1,-1,-1,0,0,0,0,0,0,-1,9,-1,6,3,-1,-1,1968,2,9,AUDI A6,-1,-1,0,-1
2024501406599,2024,501406599,2,9,0,-1,19,6,2,-1,0,0,0,0,0,0,1,2,-1,6,1,36,7,1968,2,16,AUDI A6,2,E01019074,0,1
2024430267234,2024,430267234,1,9,0,18,19,3,7,0,0,2,0,0,0,0,1,1,6,6,1,18,4,1968,2,3,AUDI A6,10,E01016645,0,1
2024201457737,2024,201457737,3,9,0,-1,2,0,0,-1,0,2,0,0,0,0,2,9,-1,6,-1,-1,-1,1968,2,7,AUDI A6,-1,-1,0,-1
2024131489392,2024,131489392,2,9,0,-1,2,0,0,-1,9,0,0,0,0,0,3,1,-1,6,-1,-1,-1,1968,2,9,AUDI A6,-1,-1,0,-1
2024201447126,2024,201447126,1,9,0,-1,9,2,5,-1,0,8,0,0,0,0,3,1,-1,2,1,36,7,1968,2,11,AUDI A6,1,E01009493,0,2
2024430309484,2024,430309484,1,9,0,18,19,7,3,0,0,0,0,0,0,0,1,1,6,6,2,45,7,2967,2,12,AUDI A6,-1,-1,0,-1
2024481564136,2024,481564136,1,8,0,-1,19,7,3,-1,0,0,0,0,0,0,1,1,-1,1,1,56,9,1984,8,1,AUDI A6,-1,-1,0,-1
202454E969424,2024,54E969424,2,9,0,3,3,3,7,0,0,1,0,0,0,0,2,1,6,6,2,29,6,1968,2,6,AUDI A6,10,E01015515,0,1
2024371493952,2024,371493952,1,9,0,-1,19,2,6,-1,0,1,0,10,3,0,1,1,-1,2,1,36,7,2969,2,19,AUDI A6,8,E01029885,0,2
2024501447315,2024,501447315,1,9,0,-1,19,7,6,-1,0,2,0,0,1,11,1,1,-1,7,2,39,7,1968,2,18,AUDI A6,1,E01015046,0,1
2024361405021,2024,361405021,2,9,0,-1,19,7,3,-1,0,1,1,0,7,0,1,1,-1,6,2,29,6,1968,2,12,AUDI A6,6,E01026479,0,1
2024421404685,2024,421404685,2,9,0,-1,2,0,0,-1,0,0,0,0,0,0,2,1,-1,6,3,-1,-1,1968,2,7,AUDI A6,-1,-1,0,-1
2024451412176,2024,451412176,1,9,0,-1,19,1,5,-1,0,1,0,0,0,0,4,1,-1,7,2,41,7,2698,2,15,AUDI A6,8,E01030697,0,1
2024231452102,2024,231452102,1,9,0,-1,4,1,5,-1,0,0,0,0,0,0,1,9,-1,6,1,33,6,2967,2,6,AUDI A6,1,E01009585,0,3
2024201491860,2024,201491860,2,9,0,-1,19,3,7,-1,0,8,0,0,0,0,2,1,-1,6,1,44,7,1968,2,8,AUDI A6,1,E01009350,0,1
2024122400365,2024,122400365,2,9,0,18,19,4,8,0,0,8,0,0,0,0,1,1,2,2,2,35,6,1968,2,7,AUDI A6,8,E01011350,0,3
2024201482705,2024,201482705,1,9,0,-1,19,8,3,-1,0,0,0,0,0,0,1,1,-1,1,1,50,8,1984,8,1,AUDI A6,10,E01009431,0,3
2024101530040,2024,101530040,2,9,0,-1,19,1,5,-1,0,2,0,0,0,0,2,1,-1,9,2,57,9,1968,2,0,AUDI A6,5,E01008727,0,3
2024031398892,2024,031398892,1,9,0,-1,19,1,5,-1,0,0,1,10,0,0,1,1,-1,1,1,45,7,1968,2,8,AUDI A6,1,E01008655,0,5
2024010520912,2024,010520912,3,9,0,18,19,4,8,0,0,1,0,0,3,0,1,1,6,6,1,26,6,2969,2,17,AUDI A6,-1,-1,0,-1
2024061407488,2024,061407488,1,9,0,-1,-1,-1,-1,-1,-1,-1,-1,-1,-1,0,-1,1,-1,6,1,-1,-1,2967,2,15,AUDI A6,-1,-1,0,-1
2024101413307,2024,101413307,1,8,0,-1,1,7,3,-1,0,0,0,0,0,0,0,9,-1,1,1,-1,-1,1968,2,6,AUDI A6,-1,-1,0,-1
2024010535909,2024,010535909,2,9,0,18,19,2,6,0,0,0,0,0,0,0,2,1,6,6,1,36,7,1968,2,9,AUDI A6,-1,-1,0,-1
2024545344924,2024,545344924,2,9,0,18,19,2,6,0,0,8,0,0,7,11,1,1,2,2,1,37,7,1871,2,19,AUDI A6,8,E01029033,0,2
202460Q060433,2024,60Q060433,1,9,0,18,19,3,7,0,0,1,0,0,0,0,0,1,6,6,1,30,6,1968,2,16,AUDI A6,-1,-1,0,-1
2024061408849,2024,061408849,1,9,0,-1,7,6,8,-1,0,0,0,0,0,0,1,9,-1,6,3,-1,-1,2967,2,9,AUDI A6,-1,-1,0,-1
2024061502468,2024,061502468,1,9,0,-1,2,1,1,-1,0,1,0,0,0,0,2,1,-1,7,2,41,7,1968,2,8,AUDI A6,1,E01004866,0,1
2024430588914,2024,430588914,2,9,0,18,19,1,5,0,0,0,0,0,0,0,1,1,6,6,2,54,8,1968,2,13,AUDI A6,9,E01028794,0,3
2024421498445,2024,421498445,2,9,0,-1,2,-1,-1,-1,0,0,0,0,0,0,2,1,-1,6,3,-1,-1,1968,2,14,AUDI A6,-1,-1,0,-1
2024221401303,2024,221401303,2,9,0,-1,19,3,8,-1,0,8,1,0,0,0,1,9,-1,6,1,49,8,1968,2,7,AUDI A6,6,E01020594,0,5
2024061527219,2024,061527219,1,9,0,-1,19,6,2,-1,0,8,0,0,0,0,1,1,-1,9,1,18,4,2698,2,18,AUDI A6,3,E01006002,0,1
2024211532529,2024,211532529,1,9,0,-1,3,1,5,-1,0,1,0,0,0,0,1,1,-1,1,1,35,6,1968,2,9,AUDI A6,-1,-1,0,-1
2024131527727,2024,131527727,2,9,0,-1,19,7,3,-1,0,0,0,0,0,0,4,1,-1,6,2,36,7,1968,2,11,AUDI A6,1,E01010676,0,1
2024991560359,2024,991560359,2,9,0,-1,13,3,7,-1,0,0,0,0,0,0,1,1,-1,6,1,43,7,1968,2,7,AUDI A6,9,-1,0,2
2024311481566,2024,311481566,2,9,0,-1,19,5,1,-1,0,0,1,0,0,0,3,1,-1,1,1,57,9,1968,2,12,AUDI A6,5,E01033260,0,4
2024201449791,2024,201449791,1,9,0,-1,15,7,3,-1,0,3,0,0,1,0,2,1,-1,6,2,47,8,2967,2,7,AUDI A6,2,E01008892,0,2
2024461507815,2024,461507815,1,9,0,-1,13,5,1,-1,0,0,1,0,0,0,1,1,-1,6,1,45,7,2696,2,17,AUDI A6,5,E01033089,0,2
2024052400736,2024,052400736,2,9,0,18,19,5,1,0,0,1,0,0,0,0,1,1,6,6,1,47,8,1968,2,7,AUDI A6,4,E01007074,0,2
2024371528060,2024,371528060,2,9,0,-1,19,3,7,-1,0,0,0,0,0,0,2,1,-1,9,1,30,6,1968,2,18,AUDI A6,6,E01029992,0,4
2024141515868,2024,141515868,1,9,0,-1,9,1,5,-1,0,1,0,11,0,0,4,1,-1,6,1,25,5,2698,2,14,AUDI A6,2,E01008014,0,1
2024201506010,2024,201506010,1,9,0,-1,9,2,8,-1,0,6,0,0,0,0,1,1,-1,9,1,47,8,1968,2,13,AUDI A6,1,E01009093,0,1
2024522402603,2024,522402603,2,9,0,18,19,5,1,0,0,1,0,0,0,0,0,1,1,1,1,-1,-1,2967,2,1,AUDI A6,10,E01014793,0,3
2024070807333,2024,070807333,2,9,0,-1,19,3,1,-1,0,8,0,0,0,0,1,1,-1,2,1,35,6,1984,8,0,AUDI A6,8,E01018323,0,1
2024311481970,2024,311481970,1,9,0,-1,19,7,3,-1,0,2,0,0,0,0,1,1,-1,9,1,48,8,1968,2,11,AUDI A6,5,E01028159,0,1
2024201480662,2024,201480662,1,9,0,-1,19,4,8,-1,0,8,0,0,0,0,4,1,-1,6,1,37,7,1968,2,7,AUDI A6,3,E01009792,0,3
2024010546605,2024,010546605,2,9,0,99,99,9,9,99,99,9,9,99,9,99,1,9,6,6,3,-1,-1,1798,1,6,AUDI A6,-1,-1,0,-1
2024440332360,2024,440332360,2,9,0,18,19,2,6,0,0,8,0,0,0,0,1,1,6,6,2,42,7,1968,2,2,AUDI A6,7,E01023255,0,4
2024522401150,2024,522401150,1,9,0,18,19,1,5,0,0,0,1,0,7,4,3,1,6,6,1,52,8,1968,2,10,AUDI A6,9,E01014794,0,1
2024351411951,2024,351411951,1,9,0,-1,19,3,7,-1,0,1,0,0,0,0,1,1,-1,6,1,68,10,1968,2,17,AUDI A6,2,E01015633,0,1
2024010536971,2024,010536971,1,8,0,99,99,9,9,0,0,0,0,0,0,0,1,1,6,6,3,-1,-1,1984,8,1,AUDI A6,9,E01015995,0,4
2024061501785,2024,061501785,1,9,0,-1,19,8,4,-1,0,1,0,0,0,0,1,9,-1,6,3,-1,-1,1984,8,0,AUDI A6,4,E01033658,0,3
2024201448302,2024,201448302,1,9,0,-1,1,6,2,-1,0,0,0,4,1,0,2,9,-1,6,3,-1,-1,1968,2,16,AUDI A6,-1,-1,0,-1
2024010517147,2024,010517147,1,9,0,9,9,5,3,0,0,8,0,0,0,0,1,1,2,2,2,33,6,1968,2,8,AUDI A6,8,E01030409,0,2
2024320040575,2024,320040575,1,9,0,11,11,2,6,0,0,0,0,0,5,6,1,1,-1,-1,1,26,6,1968,2,2,AUDI A6,1,E01015616,0,4
2024201517561,2024,201517561,3,9,0,-1,3,5,1,-1,0,0,0,0,0,0,2,1,-1,6,1,31,6,1968,2,9,AUDI A6,9,E01010168,0,2
2024552400536,2024,552400536,2,9,0,2,2,0,0,0,0,0,0,0,0,0,3,1,6,6,3,-1,-1,2698,2,17,AUDI A6,-1,-1,0,-1
2024371395276,2024,371395276,1,9,0,-1,4,5,1,-1,0,1,0,0,0,0,3,9,-1,9,1,36,7,2698,2,16,AUDI A6,5,E01029961,0,1
2024101403838,2024,101403838,3,9,0,-1,2,0,0,-1,0,2,0,0,0,0,4,1,-1,6,1,29,6,1968,2,10,AUDI A6,3,E01008833,0,1
2024010504195,2024,010504195,1,9,0,9,9,1,7,0,0,2,0,7,0,0,3,1,6,6,2,36,7,1968,2,0,AUDI A6,3,E01000089,0,3
2024552400893,2024,552400893,2,9,0,2,2,0,0,0,0,0,0,0,0,0,1,1,6,6,3,-1,-1,1968,2,10,AUDI A6,-1,-1,0,-1
2024461494773,2024,461494773,1,9,0,-1,19,7,3,-1,0,0,0,0,0,0,1,9,-1,9,1,59,9,1968,2,8,AUDI A6,7,E01035000,0,2
2024010518137,2024,010518137,2,9,0,1,1,5,1,0,0,0,0,0,7,11,1,1,6,6,1,31,6,1968,2,9,AUDI A6,1,E01001575,0,3
2024010526063,2024,010526063,3,9,0,2,2,0,0,0,0,1,0,0,0,0,1,1,6,6,3,-1,-1,1984,1,3,AUDI A6,-1,-1,0,-1
2024622400826,2024,622400826,1,9,0,4,4,2,6,0,0,0,0,0,0,0,1,1,6,6,1,27,6,2967,2,5,AUDI A6,9,W01001944,0,2
2024052402181,2024,052402181,2,9,0,18,19,4,8,0,0,1,0,0,0,0,2,1,6,6,1,26,6,1968,2,13,AUDI A6,1,E01018551,0,3
2024041512073,2024,041512073,1,9,0,-1,19,3,1,-1,0,0,0,0,0,0,1,1,-1,9,1,48,8,1984,1,1,AUDI A6,10,E01025278,0,1
2024351424378,2024,351424378,2,9,-1,-1,4,-1,-1,-1,0,0,0,-1,-1,0,2,9,-1,2,1,38,7,1968,2,14,AUDI A6,1,E01015664,0,1
2024471483467,2024,471483467,3,9,0,-1,4,6,2,-1,0,0,0,0,0,0,2,1,-1,9,1,62,9,2967,2,9,AUDI A6,8,E01004075,0,4
2024141434136,2024,141434136,2,9,0,-1,19,2,6,-1,0,1,0,0,0,0,3,1,-1,9,1,54,8,1984,1,1,AUDI A6,2,E01007494,0,1