collision_index,collision_year,collision_ref_no,vehicle_reference,vehicle_type,towing_and_articulation,vehicle_manoeuvre_historic,vehicle_manoeuvre,vehicle_direction_from,vehicle_direction_to,vehicle_location_restricted_lane_historic,vehicle_location_restricted_lane,junction_location,skidding_and_overturning,hit_object_in_carriageway,vehicle_leaving_carriageway,hit_object_off_carriageway,first_point_of_impact,vehicle_left_hand_drive,journey_purpose_of_driver_historic,journey_purpose_of_driver,sex_of_driver,age_of_driver,age_band_of_driver,engine_capacity_cc,propulsion_code,age_of_vehicle,generic_make_model,driver_imd_decile,lsoa_of_driver,escooter_flag,driver_distance_banding
2024161522336,2024,161522336,2,9,0,-1,19,3,7,-1,0,1,0,0,0,0,1,1,-1,9,1,25,5,2967,2,12,AUDI A6,2,E01012872,0,1
2024522403387,2024,522403387,2,9,0,11,11,7,3,0,0,0,0,0,0,0,4,1,6,6,1,42,7,2772,1,9,AUDI A6,10,E01022470,0,4
2024061487389,2024,061487389,3,9,0,-1,19,6,4,-1,0,8,0,0,0,0,0,1,-1,1,1,42,7,2967,2,2,AUDI A6,1,E01034113,0,2
2024010505348,2024,010505348,2,9,0,18,19,3,7,0,0,1,0,0,0,0,1,1,1,1,1,46,8,1798,1,6,AUDI A6,3,E01004405,0,2
2024552400393,2024,552400393,2,9,0,7,7,8,1,0,0,5,0,0,0,0,4,1,6,6,2,54,8,1968,2,16,AUDI A6,10,E01023052,0,3
2024461399755,2024,461399755,2,9,0,-1,19,5,1,-1,0,1,0,0,0,0,4,9,-1,6,2,47,8,1968,2,4,AUDI A6,7,E01024316,0,1
2024061453375,2024,061453375,1,9,0,-1,19,3,7,-1,0,0,0,0,0,0,1,1,-1,6,-1,24,5,1968,2,6,AUDI A6,-1,-1,0,-1
2024471477909,2024,471477909,2,9,0,-1,19,7,3,-1,0,0,0,0,0,0,1,1,-1,6,1,52,8,1984,1,3,AUDI A6,3,E01004063,0,4
2024010504691,2024,010504691,2,9,0,4,4,3,7,0,0,1,0,0,0,0,1,1,2,2,2,50,8,1984,1,1,AUDI A6,2,E01001979,0,2
2024332400380,2024,332400380,2,9,0,-1,19,3,7,-1,0,0,0,0,0,0,1,1,-1,6,1,-1,-1,1968,2,8,AUDI A6,-1,-1,0,-1
2024302400141,2024,302400141,1,9,0,18,19,5,1,0,0,8,0,0,0,0,1,1,6,6,1,32,6,1968,2,14,AUDI A6,9,E01035101,0,2
2024010518723,2024,010518723,3,9,0,2,2,0,0,0,0,1,0,0,0,0,0,1,6,6,3,-1,-1,1968,2,0,AUDI A6,-1,-1,0,-1
2024211405885,2024,211405885,3,9,0,-1,2,6,5,-1,0,0,0,0,0,0,4,9,-1,9,1,37,7,2496,2,20,AUDI A6,3,E01029720,0,4
2024610025224,2024,610025224,2,9,0,2,2,0,0,0,0,4,0,0,0,0,1,1,1,1,3,-1,-1,2967,2,7,AUDI A6,8,W01001003,0,4
2024141398293,2024,141398293,1,9,0,-1,19,3,7,-1,0,0,0,11,0,0,1,1,-1,9,1,51,8,1968,2,8,AUDI A6,4,E01034247,0,3
2024041411772,2024,041411772,1,9,0,-1,14,5,5,-1,0,0,0,0,0,0,3,1,-1,2,1,40,7,1968,2,12,AUDI A6,1,E01025236,0,1
2024141491411,2024,141491411,2,9,0,-1,19,6,2,-1,0,0,0,0,0,0,2,1,-1,1,2,-1,-1,2969,2,17,AUDI A6,1,E01007531,0,1
2024401463031,2024,401463031,1,9,0,-1,19,1,5,-1,0,1,0,0,0,0,1,1,-1,6,1,25,5,1968,2,14,AUDI A6,3,E01015795,0,1
2024451524073,2024,451524073,1,9,0,-1,19,4,8,-1,0,0,1,0,0,0,1,1,-1,9,1,48,8,1968,2,9,AUDI A6,2,E01000087,0,4
2024131456088,2024,131456088,1,9,0,-1,7,5,7,-1,0,8,0,0,0,0,1,1,-1,2,1,48,8,1968,2,7,AUDI A6,1,E01011472,0,1
202417L304224,2024,17L304224,1,9,0,-1,1,1,5,-1,0,0,0,0,0,0,2,1,-1,9,1,55,8,1968,2,14,AUDI A6,4,E01012106,0,1
2024141456183,2024,141456183,1,9,0,-1,7,2,5,-1,9,5,0,0,7,1,1,1,-1,9,2,34,6,1968,2,17,AUDI A6,1,E01007851,0,1
2024010516343,2024,010516343,2,9,0,18,19,7,3,0,0,3,0,0,0,0,1,1,6,6,1,32,6,1968,2,9,AUDI A6,2,E01004469,0,1
2024061503122,2024,061503122,1,9,0,-1,9,-1,-1,-1,0,6,9,99,0,0,3,1,-1,6,1,42,7,1984,1,2,AUDI A6,9,E01005740,0,1
2024401425275,2024,401425275,1,9,0,-1,19,8,5,-1,0,8,1,0,0,0,1,1,-1,9,1,26,6,2967,2,11,AUDI A6,1,E01017466,0,1
2024361528873,2024,361528873,1,9,0,-1,19,2,6,-1,0,0,0,0,7,0,1,1,-1,6,-1,-1,-1,1871,2,20,AUDI A6,-1,-1,0,-1
2024010507433,2024,010507433,2,9,0,1,1,3,7,0,0,6,0,0,0,0,2,1,6,6,3,-1,-1,1968,2,3,AUDI A6,-1,-1,0,-1
2024451459820,2024,451459820,2,9,0,-1,19,2,6,-1,0,0,0,0,0,0,3,1,-1,9,1,41,7,1968,2,7,AUDI A6,4,E01030354,0,1
2024041515995,2024,041515995,2,9,0,-1,19,1,5,-1,0,0,0,0,0,0,2,1,-1,6,1,41,7,2969,2,18,AUDI A6,2,E01005366,0,4
2024010523298,2024,010523298,1,9,0,3,3,1,5,99,99,9,9,99,0,0,9,1,6,6,1,35,6,2967,2,8,AUDI A6,9,E01000885,0,2
2024430449909,2024,430449909,3,9,0,10,10,7,5,0,0,1,0,0,0,0,1,1,2,2,1,54,8,1968,2,7,AUDI A6,4,E01016436,0,1
2024332400205,2024,332400205,1,9,0,-1,4,5,3,-1,0,1,0,0,0,0,2,1,-1,9,1,55,8,1968,2,5,AUDI A6,7,E01013794,0,1
2024332401122,2024,332401122,2,9,0,-1,19,9,9,-1,0,8,0,0,0,0,4,1,-1,6,3,-1,-1,1968,2,6,AUDI A6,-1,-1,0,-1
2024471434596,2024,471434596,2,9,0,-1,19,3,6,-1,0,8,0,0,0,0,4,1,-1,6,1,53,8,2698,2,16,AUDI A6,5,E01031442,0,3
2024010534878,2024,010534878,3,9,0,18,19,5,1,0,0,0,0,0,0,0,2,1,6,6,1,48,8,1968,2,10,AUDI A6,4,E01003608,0,1
2024052401233,2024,052401233,1,9,0,9,9,1,5,0,0,2,0,0,0,0,1,1,6,6,1,38,7,1968,2,3,AUDI A6,5,E01006670,0,2
2024201499349,2024,201499349,1,9,0,-1,9,5,3,-1,0,6,0,0,0,0,3,9,-1,9,1,20,4,1968,2,17,AUDI A6,1,E01009412,0,2
2024010503958,2024,010503958,3,9,0,2,2,0,0,0,0,2,0,0,0,0,3,1,6,6,3,-1,-1,1968,2,3,AUDI A6,-1,-1,0,-1
2024041459611,2024,041459611,2,9,0,-1,4,1,5,-1,0,0,0,0,5,6,1,1,-1,9,1,23,5,1968,2,6,AUDI A6,2,E01024986,0,4
2024320154771,2024,320154771,2,9,0,-1,-1,8,4,0,0,0,0,0,0,0,1,1,6,6,1,31,6,1968,2,10,AUDI A6,5,E01028305,0,3
2024430289985,2024,430289985,1,9,0,9,9,8,6,0,0,6,0,0,0,0,1,1,1,1,1,37,7,2698,2,16,AUDI A6,6,E01035725,0,1
2024451436557,2024,451436557,1,9,0,-1,19,3,7,-1,0,0,0,0,0,0,1,1,-1,9,1,22,5,1968,2,6,AUDI A6,1,E01002857,0,4
2024991416596,2024,991416596,1,9,0,-1,19,4,8,-1,9,2,0,0,0,0,1,2,-1,6,1,52,8,1968,2,7,AUDI A6,-1,-1,0,-1
2024471472010,2024,471472010,2,9,0,-1,19,8,4,-1,0,1,0,0,0,0,1,1,-1,6,1,44,7,1968,2,10,AUDI A6,3,E01020973,0,1
2024552400552,2024,552400552,1,9,0,4,4,1,5,0,0,3,0,0,0,0,2,1,2,2,1,56,9,2698,2,17,AUDI A6,4,E01022301,0,5
2024320769192,2024,320769192,1,9,0,-1,-1,1,5,0,0,0,0,0,0,0,1,1,6,6,1,37,7,1968,2,14,AUDI A6,2,E01026378,0,1
2024010508650,2024,010508650,3,9,0,18,19,1,5,0,0,4,0,0,0,0,2,1,6,6,1,47,8,2969,2,19,AUDI A6,-1,-1,0,-1
2024141421280,2024,141421280,2,9,0,-1,7,3,5,-1,0,8,0,0,1,0,1,1,-1,2,1,52,8,1968,2,7,AUDI A6,8,E01007888,0,1
2024010502497,2024,010502497,1,9,0,18,19,1,5,0,0,0,0,0,0,0,1,1,6,6,1,45,7,1968,2,2,AUDI A6,7,E01003752,0,1
2024041462603,2024,041462603,1,9,0,-1,19,7,3,-1,0,0,0,0,0,0,1,1,-1,9,1,44,7,1968,2,14,AUDI A6,1,E01025189,0,3
2024421450776,2024,421450776,1,9,0,-1,19,1,4,-1,0,1,0,4,7,0,1,1,-1,6,1,64,9,1968,2,18,AUDI A6,4,E01022022,0,1
2024010525665,2024,010525665,1,9,0,18,19,3,7,0,0,0,0,0,0,0,1,1,1,1,1,39,7,1968,2,5,AUDI A6,3,E01033706,0,1
2024520401911,2024,520401911,1,9,0,18,19,9,9,0,0,1,0,0,0,0,1,1,1,1,1,56,9,1968,2,14,AUDI A6,6,E01029270,0,1
2024991405899,2024,991405899,1,9,0,-1,19,1,4,-1,0,0,1,0,0,0,2,1,-1,2,1,37,7,1968,2,18,AUDI A6,6,-1,0,4
2024111397322,2024,111397322,1,9,0,-1,19,7,3,-1,9,0,0,0,1,11,4,1,-1,6,1,64,9,1984,1,2,AUDI A6,5,E01008686,0,3
2024340WN2682,2024,340WN2682,2,9,0,-1,19,5,1,-1,0,0,0,0,0,0,1,1,-1,6,2,56,9,1968,2,13,AUDI A6,-1,-1,0,-1
2024161474923,2024,161474923,2,9,0,-1,19,3,5,-1,0,4,0,0,0,0,3,1,-1,6,2,40,7,1968,2,15,AUDI A6,1,E01013300,0,1
2024221399594,2024,221399594,1,9,0,-1,9,1,7,-1,0,5,0,0,0,0,1,9,-1,2,1,64,9,1968,2,6,AUDI A6,10,E01032298,0,1
2024052402119,2024,052402119,1,9,0,18,19,2,6,0,0,0,0,0,0,0,1,1,6,6,1,46,8,1968,2,5,AUDI A6,8,E01006992,0,1
2024131453410,2024,131453410,1,9,0,-1,19,1,5,-1,0,1,0,4,0,0,1,1,-1,6,1,38,7,2967,2,13,AUDI A6,2,E01011862,0,1
2024531500476,2024,531500476,2,9,0,-1,19,3,7,-1,0,1,0,0,1,0,1,1,-1,6,1,35,6,2496,2,21,AUDI A6,10,W01001597,0,4
2024201493680,2024,201493680,1,9,0,-1,19,7,3,-1,0,4,1,0,0,0,1,9,-1,6,1,-1,-1,2773,1,17,AUDI A6,-1,-1,0,-1
2024101528133,2024,101528133,1,9,0,-1,19,3,7,-1,0,0,0,0,0,0,1,1,-1,2,1,69,10,2967,2,15,AUDI A6,10,E01008564,0,1
2024201394190,2024,201394190,1,9,0,-1,9,7,5,-1,0,6,0,0,0,0,3,1,-1,6,2,45,7,1968,2,18,AUDI A6,1,E01009074,0,1
2024351522171,2024,351522171,2,9,0,-1,9,5,3,-1,0,5,0,0,0,0,1,1,-1,9,2,57,9,1968,2,6,AUDI A6,9,E01018237,0,1
2024531509819,2024,531509819,1,9,0,-1,5,7,3,-1,0,0,0,0,0,0,1,9,-1,6,3,-1,-1,1968,2,9,AUDI A6,-1,-1,0,-1
2024531485993,2024,531485993,3,9,0,-1,9,5,1,-1,0,0,0,0,0,0,0,2,-1,6,1,49,8,1984,1,4,AUDI A6,9,E01022466,0,3
2024010521888,2024,010521888,2,9,0,99,99,9,9,99,99,9,9,99,9,99,9,9,6,6,3,-1,-1,1968,2,3,AUDI A6,-1,-1,0,-1
202454C875424,2024,54C875424,1,9,0,18,19,6,2,0,0,1,0,0,0,0,1,1,6,6,1,41,7,1968,2,8,AUDI A6,10,E01031984,0,1
2024041436973,2024,041436973,2,9,0,-1,19,3,7,-1,0,1,0,11,1,10,3,1,-1,2,1,58,9,1984,8,0,AUDI A6,6,E01025338,0,3
2024461461224,2024,461461224,1,9,0,-1,19,1,5,-1,0,8,0,0,0,0,0,1,-1,1,1,34,6,2967,2,2,AUDI A6,-1,-1,0,-1
2024131535490,2024,131535490,2,9,0,-1,19,2,6,-1,0,1,0,0,0,0,1,1,-1,6,1,46,8,1968,2,17,AUDI A6,7,E01011119,0,1
2024010507656,2024,010507656,1,9,0,99,99,9,9,99,99,9,9,99,9,99,9,9,6,6,2,32,6,2967,2,6,AUDI A6,9,E01004511,0,1
2024622400439,2024,622400439,1,9,0,9,9,5,3,0,0,8,0,0,0,0,1,1,6,6,1,58,9,1968,2,13,AUDI A6,4,W01001749,0,1
2024411495428,2024,411495428,1,9,0,-1,8,1,3,-1,0,1,0,0,0,0,1,1,-1,6,1,37,7,2698,2,17,AUDI A6,4,E01023790,0,1
2024320522276,2024,320522276,1,9,0,-1,-1,5,1,0,0,0,0,0,7,4,1,1,-1,-1,1,23,5,1968,2,13,AUDI A6,8,E01026053,0,2
2024332400871,2024,332400871,3,9,0,-1,4,1,5,-1,0,0,0,0,0,0,2,1,-1,6,1,42,7,1968,2,12,AUDI A6,6,E01025995,0,2
2024461393694,2024,461393694,18,9,0,-1,19,4,8,-1,0,0,0,0,0,0,3,1,-1,1,1,35,6,2967,2,1,AUDI A6,2,E01024717,0,3
2024201479804,2024,201479804,2,9,0,-1,19,6,2,-1,0,3,0,0,0,0,1,9,-1,1,1,-1,-1,2967,2,5,AUDI A6,-1,-1,0,-1
2024201456572,2024,201456572,1,9,0,-1,9,6,4,-1,0,8,0,0,0,0,1,9,-1,9,3,-1,-1,1968,1,16,AUDI A6,-1,-1,0,-1
2024010541071,2024,010541071,2,9,0,7,7,8,3,0,0,5,0,0,0,0,4,1,6,6,1,57,9,1968,2,8,AUDI A6,-1,-1,0,-1
2024061453971,2024,061453971,2,9,0,-1,19,2,6,-1,0,0,0,0,7,0,1,1,-1,6,3,-1,-1,1968,2,11,AUDI A6,-1,-1,0,-1
2024430596283,2024,430596283,2,9,0,18,19,5,1,0,0,0,0,0,0,0,1,1,6,6,1,20,4,2969,2,16,AUDI A6,4,E01017904,0,3
2024231507925,2024,231507925,2,9,0,-1,3,7,3,-1,0,1,0,0,0,0,1,1,-1,2,1,36,7,1968,2,11,AUDI A6,9,E01028444,0,4
2024070434726,2024,070434726,2,9,0,18,19,5,1,0,0,8,0,0,0,0,3,1,6,6,1,44,7,1984,1,1,AUDI A6,-1,-1,0,-1
2024471510618,2024,471510618,1,9,0,-1,19,6,8,-1,0,8,0,0,0,0,1,1,-1,9,1,46,8,2967,2,7,AUDI A6,6,E01031601,0,4
2024010530469,2024,010530469,1,9,0,2,2,0,0,0,0,0,0,0,0,0,2,1,6,6,3,-1,-1,1968,2,10,AUDI A6,-1,-1,0,-1
2024340WN3882,2024,340WN3882,1,9,0,-1,13,5,1,-1,0,0,0,0,0,0,1,1,-1,6,1,-1,-1,1968,2,9,AUDI A6,-1,-1,0,-1
2024471520770,2024,471520770,1,9,0,-1,11,3,7,-1,0,2,0,0,0,0,2,2,-1,9,1,34,6,1968,2,8,AUDI A6,4,E01031548,0,1
2024991521511,2024,991521511,2,9,0,-1,19,3,7,-1,0,0,0,0,0,0,2,1,-1,6,1,51,8,1984,1,2,AUDI A6,9,-1,0,3
2024010501465,2024,010501465,2,9,0,99,99,9,9,99,99,9,9,99,9,99,1,9,6,6,3,-1,-1,2773,1,17,AUDI A6,-1,-1,0,-1
2024302500231,2024,302500231,1,9,0,-1,19,4,8,-1,0,8,0,0,0,0,4,1,-1,9,1,58,9,1968,2,11,AUDI A6,6,E01007201,0,5
2024010547982,2024,010547982,1,9,0,17,19,7,3,0,0,8,0,0,0,0,4,1,6,6,2,34,6,1968,2,9,AUDI A6,6,E01002123,0,3
2024461535558,2024,461535558,1,9,0,-1,19,7,3,-1,0,0,0,0,0,0,2,1,-1,9,1,28,6,1968,2,13,AUDI A6,8,E01018298,0,4
2024201477680,2024,201477680,2,9,0,-1,19,2,6,-1,0,8,0,0,0,0,0,9,-1,6,3,-1,-1,2967,2,1,AUDI A6,1,E01008910,0,1
2024161446049,2024,161446049,1,9,0,-1,13,7,3,-1,0,0,0,0,0,0,1,1,-1,6,1,53,8,2967,2,12,AUDI A6,3,E01012913,0,3
2024451483125,2024,451483125,1,9,0,-1,19,2,6,-1,0,0,0,0,0,0,1,1,-1,2,1,40,7,1968,2,17,AUDI A6,9,E01030782,0,3
2024070138430,2024,070138430,1,9,0,18,19,2,6,0,0,0,0,0,0,0,1,1,6,6,1,43,7,2698,2,17,AUDI A6,6,E01018617,0,1
2024610052324,2024,610052324,3,9,0,18,19,3,7,0,0,0,0,0,0,0,1,1,6,6,1,32,6,1968,2,8,AUDI A6,2,W01001485,0,1
2024211426917,2024,211426917,2,9,0,-1,19,1,5,-1,0,0,0,0,0,0,1,1,-1,9,1,27,6,1968,2,15,AUDI A6,4,E01029830,0,1
2024061440946,2024,061440946,2,9,0,-1,19,7,3,-1,0,1,0,0,0,0,1,1,-1,6,1,57,9,1968,2,4,AUDI A6,-1,-1,0,-1
2024991404531,2024,991404531,1,9,0,-1,6,7,7,-1,0,0,0,0,0,0,3,1,-1,9,1,54,8,1968,2,10,AUDI A6,4,-1,0,1
2024201478240,2024,201478240,2,9,0,-1,13,8,4,-1,0,1,0,0,0,0,1,9,-1,1,1,33,6,2967,2,2,AUDI A6,1,E01008910,0,3
2024451430249,2024,451430249,1,9,0,-1,19,1,5,-1,0,0,0,0,0,0,1,1,-1,9,2,33,6,2967,2,7,AUDI A6,10,E01030487,0,1
2024320618175,2024,320618175,2,9,0,-1,-1,8,4,0,0,8,0,0,0,0,1,1,6,6,1,45,7,2698,2,19,AUDI A6,3,E01026075,0,1
2024411533914,2024,411533914,2,9,0,-1,2,0,0,-1,-1,0,-1,-1,-1,0,2,1,-1,1,1,52,8,1968,2,5,AUDI A6,2,E01023294,0,3
2024430563420,2024,430563420,2,9,0,9,9,6,4,0,0,6,0,0,0,0,1,1,6,6,1,-1,-1,1968,2,6,AUDI A6,-1,-1,0,-1
2024501470893,2024,501470893,2,9,0,-1,3,6,2,-1,0,0,0,0,0,0,2,1,-1,9,2,54,8,2967,2,14,AUDI A6,6,E01019039,0,2
2024351473745,2024,351473745,1,9,0,-1,19,6,2,-1,0,1,0,0,0,0,1,1,-1,1,1,59,9,1968,2,11,AUDI A6,3,E01018073,0,1
2024552401195,2024,552401195,1,9,0,9,9,4,2,0,0,6,0,0,0,0,3,1,6,6,1,60,9,2967,2,8,AUDI A6,6,E01020434,0,1
2024201444807,2024,201444807,2,9,0,-1,9,5,2,-1,0,6,0,0,0,0,1,1,-1,6,-1,-1,-1,1968,2,5,AUDI A6,-1,-1,0,-1
2024451409942,2024,451409942,1,9,0,-1,19,4,8,-1,0,0,0,0,0,0,9,1,-1,6,3,40,7,1968,2,8,AUDI A6,-1,-1,0,-1
2024361484521,2024,361484521,1,9,0,-1,19,1,5,-1,0,0,0,4,0,0,1,1,-1,9,1,46,8,1968,2,11,AUDI A6,10,E01017401,0,5
2024991519396,2024,991519396,2,9,0,-1,2,0,0,-1,0,1,0,0,0,0,0,1,-1,6,-1,-1,-1,1968,2,8,AUDI A6,-1,-1,0,-1
2024320721864,2024,320721864,2,9,0,-1,-1,8,4,0,0,8,0,0,0,0,3,1,-1,-1,2,22,5,2698,2,17,AUDI A6,-1,-1,0,-1
2024461470483,2024,461470483,1,9,0,-1,11,1,5,-1,0,0,0,0,0,0,4,1,-1,9,1,24,5,1984,1,11,AUDI A6,3,E01015856,0,4
202417M212324,2024,17M212324,1,9,0,-1,19,6,2,-1,0,8,0,0,0,0,1,1,-1,9,1,31,6,1968,2,6,AUDI A6,1,E01012077,0,1
2024070456970,2024,070456970,2,9,0,4,4,7,3,0,0,1,0,0,0,0,2,1,2,2,1,-1,-1,1968,2,12,AUDI A6,-1,-1,0,-1
2024221507045,2024,221507045,1,9,0,-1,19,3,7,-1,0,0,0,0,7,0,1,1,-1,1,1,37,7,2698,2,16,AUDI A6,10,E01034328,0,4
2024421465188,2024,421465188,1,9,0,-1,19,7,3,-1,0,0,0,0,0,0,1,9,-1,6,3,-1,-1,1968,2,6,AUDI A6,-1,-1,0,-1
2024041481611,2024,041481611,2,9,0,-1,2,0,0,-1,0,0,0,4,0,0,1,1,-1,6,-1,-1,-1,1968,2,13,AUDI A6,-1,-1,0,-1
2024501419934,2024,501419934,1,9,0,-1,19,1,5,-1,0,0,1,0,1,4,1,1,-1,6,1,48,8,2967,2,13,AUDI A6,8,E01019929,0,4
2024411549598,2024,411549598,2,9,0,-1,2,0,0,-1,9,8,0,0,0,0,4,1,-1,6,-1,-1,-1,1968,2,5,AUDI A6,-1,-1,0,-1
2024201443523,2024,201443523,10,9,0,-1,19,2,6,-1,0,1,0,0,0,0,0,1,-1,8,1,30,6,2967,2,8,AUDI A6,-1,-1,0,-1
2024361518265,2024,361518265,2,9,0,-1,19,1,2,-1,0,1,0,0,0,0,1,1,-1,9,1,39,7,2698,2,16,AUDI A6,8,E01026918,0,4
2024440383383,2024,440383383,3,9,0,18,19,5,1,0,0,1,0,0,0,0,1,1,1,1,2,30,6,1968,2,5,AUDI A6,7,E01022589,0,4
2024010523608,2024,010523608,1,9,0,9,9,3,1,0,0,5,0,0,0,0,1,1,6,6,1,26,6,1968,2,9,AUDI A6,-1,-1,0,-1
2024311529660,2024,311529660,1,9,0,-1,5,3,7,-1,0,0,0,0,0,0,1,1,-1,6,3,-1,-1,1968,2,6,AUDI A6,-1,-1,0,-1
2024471442807,2024,471442807,3,9,0,-1,19,6,2,-1,-1,0,0,0,0,0,4,1,-1,9,2,78,11,1798,1,6,AUDI A6,7,E01031399,0,4
2024440150180,2024,440150180,1,9,0,18,19,7,3,0,0,1,0,0,0,0,1,1,6,6,1,61,9,1968,2,9,AUDI A6,7,E01017323,0,4
2024991527691,2024,991527691,1,9,0,-1,19,8,4,-1,0,0,0,0,0,0,1,1,-1,6,2,60,9,1968,2,10,AUDI A6,-1,-1,0,-1
2024471502694,2024,471502694,1,9,0,-1,5,3,7,-1,0,6,0,0,0,0,1,1,-1,9,1,20,4,1968,2,10,AUDI A6,4,E01031499,0,3
2024552400264,2024,552400264,1,9,0,18,19,7,3,0,0,6,0,0,0,0,3,1,6,6,1,58,9,1968,2,7,AUDI A6,5,E01029154,0,2
2024552401080,2024,552401080,1,9,0,7,7,6,8,0,0,6,0,0,0,0,4,1,6,6,2,62,9,2967,2,5,AUDI A6,10,E01020470,0,1
2024010518401,2024,010518401,1,9,0,4,4,3,7,0,0,6,0,0,0,0,2,1,6,6,2,47,8,1968,2,5,AUDI A6,3,E01003656,0,1
2024311507983,2024,311507983,1,9,0,-1,5,7,3,-1,0,0,0,0,0,0,1,1,-1,2,1,40,7,1968,2,7,AUDI A6,-1,-1,0,-1
2024061492079,2024,061492079,2,9,0,-1,19,7,3,-1,0,1,0,0,0,0,1,1,-1,6,1,66,10,1968,2,11,AUDI A6,-1,-1,0,-1
2024332400832,2024,332400832,2,9,0,-1,19,6,2,-1,4,0,0,0,0,0,1,1,-1,1,3,-1,-1,2967,2,10,AUDI A6,-1,-1,0,-1
2024131500259,2024,131500259,2,9,0,-1,19,5,1,-1,0,7,0,0,0,0,4,1,-1,1,1,41,7,1968,2,13,AUDI A6,4,E01011208,0,4
2024461442645,2024,461442645,2,9,0,-1,19,3,7,-1,0,0,0,0,0,0,2,1,-1,9,2,43,7,1798,1,6,AUDI A6,6,E01024276,0,1
2024010503960,2024,010503960,2,9,0,99,99,9,9,99,99,9,9,99,9,99,9,9,6,6,3,-1,-1,2967,2,5,AUDI A6,5,E01003697,0,1
2024361393612,2024,361393612,1,9,0,-1,19,4,8,-1,0,0,5,12,1,4,1,1,-1,6,1,25,5,1968,2,10,AUDI A6,10,E01026915,0,2
2024401471519,2024,401471519,2,9,0,-1,9,4,2,-1,0,1,0,0,0,0,3,1,-1,6,3,-1,-1,1968,2,16,AUDI A6,-1,-1,0,-1
2024461485188,2024,461485188,1,9,0,-1,9,1,2,-1,0,4,0,10,7,11,1,1,-1,9,1,77,11,2698,2,16,AUDI A6,9,E01035291,0,1
2024622500008,2024,622500008,2,9,0,18,19,6,2,0,0,0,0,0,0,0,1,1,6,6,3,-1,-1,1968,2,10,AUDI A6,-1,-1,0,-1
2024010510069,2024,010510069,1,9,0,7,7,5,7,9,9,7,0,0,1,0,3,1,6,6,1,23,5,2773,1,17,AUDI A6,2,E01000744,0,1
2024430340277,2024,430340277,1,9,0,18,19,8,4,0,0,1,0,0,0,0,3,1,6,6,3,-1,-1,1968,2,9,AUDI A6,-1,-1,0,-1
2024201502861,2024,201502861,1,9,0,-1,19,7,3,-1,0,0,0,0,0,0,1,1,-1,6,3,-1,-1,1968,2,12,AUDI A6,-1,-1,0,-1
2024471413030,2024,471413030,2,9,0,-1,19,3,7,-1,0,1,0,0,0,0,2,1,-1,7,2,34,6,2696,2,18,AUDI A6,4,E01031671,0,1
2024201413557,2024,201413557,2,9,0,-1,2,0,0,-1,9,0,0,4,0,0,1,9,-1,6,1,35,6,1968,2,12,AUDI A6,1,E01009007,0,1
2024371507509,2024,371507509,1,9,0,-1,19,5,1,-1,0,0,0,0,0,0,1,1,-1,6,3,-1,-1,1968,2,11,AUDI A6,-1,-1,0,-1
202454D787824,2024,54D787824,2,9,0,3,3,8,5,0,0,0,0,0,0,0,2,1,6,6,2,53,8,1968,2,13,AUDI A6,9,E01031992,0,2
2024520403396,2024,520403396,1,9,0,18,19,8,2,0,0,3,0,0,0,0,1,1,6,6,1,35,6,1968,2,11,AUDI A6,10,E01032634,0,1
2024070476966,2024,070476966,1,9,0,16,19,7,3,0,0,0,0,0,1,0,1,1,6,6,1,40,7,1968,2,11,AUDI A6,1,E01033330,0,3
2024991437627,2024,991437627,2,9,0,-1,19,3,7,-1,0,0,0,0,0,0,2,1,-1,9,2,32,6,2967,2,8,AUDI A6,10,-1,0,2
2024332400826,2024,332400826,1,9,0,-1,19,8,4,-1,0,0,0,0,0,0,1,1,-1,9,1,39,7,1984,1,3,AUDI A6,10,E01013797,0,4
2024122400080,2024,122400080,3,9,0,18,19,7,3,0,0,1,0,0,1,0,3,1,2,2,1,36,7,1984,1,2,AUDI A6,8,E01027645,0,3
2024201434107,2024,201434107,2,9,0,-1,19,8,4,-1,0,8,0,0,0,0,3,1,-1,6,2,37,7,1968,2,10,AUDI A6,9,E01010547,0,1
2024471448334,2024,471448334,1,9,0,-1,19,6,3,-1,0,1,0,0,0,0,4,9,-1,6,1,48,8,1968,2,16,AUDI A6,4,E01031546,0,1
2024320101253,2024,320101253,1,9,0,-1,-1,2,6,0,0,0,0,4,0,0,1,1,6,6,1,35,6,2698,2,16,AUDI A6,5,E01032995,0,1
2024031478120,2024,031478120,3,9,0,-1,2,3,3,-1,0,1,0,0,0,0,2,1,-1,6,1,52,8,1984,1,3,AUDI A6,5,E01019388,0,1
2024122400832,2024,122400832,2,9,3,18,19,3,7,0,0,1,0,0,0,0,1,1,6,6,1,57,9,2967,2,10,AUDI A6,2,E01011298,0,4
2024201431740,2024,201431740,1,9,0,-1,9,1,7,-1,0,5,0,0,0,0,1,9,-1,6,3,-1,-1,1968,2,16,AUDI A6,-1,-1,0,-1
2024071080749,2024,071080749,1,9,0,-1,7,4,8,-1,9,1,0,10,1,11,3,1,-1,1,1,32,6,2967,2,13,AUDI A6,10,E01018362,0,4
2024010513280,2024,010513280,2,9,0,99,99,9,9,99,99,9,9,99,9,99,9,9,6,6,3,-1,-1,2995,1,12,AUDI A6,-1,-1,0,-1
2024520000183,2024,520000183,2,9,0,18,19,1,5,0,0,0,1,0,1,11,1,1,6,6,2,52,8,1968,2,1,AUDI A6,7,E01014491,0,3