collision_index,collision_year,collision_ref_no,vehicle_reference,vehicle_type,towing_and_articulation,vehicle_manoeuvre_historic,vehicle_manoeuvre,vehicle_direction_from,vehicle_direction_to,vehicle_location_restricted_lane_historic,vehicle_location_restricted_lane,junction_location,skidding_and_overturning,hit_object_in_carriageway,vehicle_leaving_carriageway,hit_object_off_carriageway,first_point_of_impact,vehicle_left_hand_drive,journey_purpose_of_driver_historic,journey_purpose_of_driver,sex_of_driver,age_of_driver,age_band_of_driver,engine_capacity_cc,propulsion_code,age_of_vehicle,generic_make_model,driver_imd_decile,lsoa_of_driver,escooter_flag,driver_distance_banding
2024031506160,2024,031506160,3,9,0,-1,3,6,1,-1,0,0,0,0,0,0,2,1,-1,6,1,54,8,1968,2,13,AUDI A6,-1,-1,0,-1
2024010539585,2024,010539585,1,9,0,18,19,7,3,99,99,1,0,99,0,0,4,1,6,6,1,-1,-1,1968,2,10,AUDI A6,-1,-1,0,-1
2024201438352,2024,201438352,1,9,0,-1,19,7,3,-1,0,0,0,0,0,0,1,1,-1,6,1,44,7,1968,2,17,AUDI A6,4,E01033060,0,3
2024421512012,2024,421512012,1,9,0,-1,5,1,5,-1,0,4,0,0,0,0,1,1,-1,6,1,31,6,1968,2,9,AUDI A6,2,E01034208,0,4
2024061492814,2024,061492814,2,9,0,-1,19,1,1,-1,0,0,1,0,1,0,2,1,-1,2,1,29,6,1968,2,8,AUDI A6,-1,-1,0,-1
2024201491860,2024,201491860,1,9,0,-1,7,5,7,-1,0,6,0,0,0,0,1,1,-1,6,1,61,9,1968,2,13,AUDI A6,2,E01009271,0,1
2024991445286,2024,991445286,3,9,0,-1,19,6,2,-1,0,0,0,0,1,0,3,1,-1,9,1,52,8,1968,2,12,AUDI A6,-1,-1,0,-1
2024471414275,2024,471414275,1,9,0,-1,7,3,5,-1,0,1,0,0,0,0,1,1,-1,1,2,50,8,1968,2,5,AUDI A6,5,E01034301,0,1
2024622500001,2024,622500001,1,9,0,4,4,1,5,0,0,0,0,0,0,0,1,1,1,1,1,-1,-1,2967,2,7,AUDI A6,9,W01001820,0,2
2024201469334,2024,201469334,2,9,0,-1,19,4,8,-1,0,0,0,0,0,0,0,9,-1,1,-1,-1,-1,2967,2,0,AUDI A6,-1,-1,0,-1
2024010538410,2024,010538410,2,9,0,2,2,0,0,9,9,2,0,0,0,0,3,2,6,6,3,-1,-1,2967,2,7,AUDI A6,-1,-1,0,-1
2024302401699,2024,302401699,2,9,0,9,9,1,7,0,0,8,0,0,0,0,1,1,2,2,1,54,8,1968,2,15,AUDI A6,8,E01019714,0,1
2024471427107,2024,471427107,3,9,0,-1,19,3,7,-1,0,0,0,0,0,0,2,1,-1,6,1,31,6,1984,1,4,AUDI A6,5,E01003645,0,4
2024552401151,2024,552401151,1,9,0,18,19,5,1,0,0,8,0,0,0,0,1,1,6,6,3,-1,-1,1968,2,8,AUDI A6,-1,-1,0,-1
202460Q148242,2024,60Q148242,2,9,0,18,19,5,1,0,0,1,0,0,0,0,1,1,1,1,1,32,6,1968,2,11,AUDI A6,-1,-1,0,-1
2024302400662,2024,302400662,1,9,0,4,4,8,4,0,0,0,0,0,0,0,2,1,6,6,1,60,9,1968,2,7,AUDI A6,7,E01019680,0,3
2024451533269,2024,451533269,2,9,0,-1,19,7,3,-1,0,2,0,0,0,0,1,1,-1,9,1,52,8,2995,1,15,AUDI A6,7,E01029092,0,5
2024531441718,2024,531441718,1,9,0,-1,19,4,2,-1,9,0,5,11,8,2,1,1,-1,9,1,52,8,2496,2,20,AUDI A6,4,E01022161,0,1
2024201395153,2024,201395153,2,9,0,-1,19,1,6,-1,0,0,0,0,0,0,2,1,-1,6,-1,-1,-1,2967,2,1,AUDI A6,-1,-1,0,-1
2024991412544,2024,991412544,1,9,0,-1,12,5,1,-1,-1,0,0,0,1,2,4,1,-1,9,2,65,9,1984,1,4,AUDI A6,2,-1,0,4
2024131517922,2024,131517922,1,9,0,-1,7,3,5,-1,0,8,0,0,0,0,1,1,-1,6,-1,-1,-1,1968,2,9,AUDI A6,-1,-1,0,-1
2024471428455,2024,471428455,2,9,0,-1,19,5,1,-1,0,8,1,0,2,4,3,1,-1,1,1,44,7,2967,2,2,AUDI A6,6,E01021034,0,4
2024501457304,2024,501457304,1,9,0,-1,8,3,5,-1,0,1,0,0,0,0,2,9,-1,9,1,46,8,2698,2,13,AUDI A6,6,E01035434,0,5
2024421422526,2024,421422526,1,9,0,-1,9,1,8,-1,0,6,0,0,0,0,1,1,-1,9,1,36,7,1968,2,9,AUDI A6,3,E01003656,0,2
2024531407243,2024,531407243,2,9,0,-1,19,3,7,-1,0,0,1,0,0,0,3,1,-1,1,1,24,5,1968,2,17,AUDI A6,-1,-1,0,-1
2024201415313,2024,201415313,1,9,0,-1,9,2,8,-1,0,5,0,0,0,0,1,9,-1,6,1,38,7,1896,2,21,AUDI A6,2,E01010525,0,1
2024010505363,2024,010505363,2,9,0,11,11,9,9,4,4,0,9,99,9,99,4,9,6,6,2,33,6,1968,2,2,AUDI A6,7,E01030563,0,2
2024010507706,2024,010507706,2,9,9,99,99,9,9,99,99,9,9,99,9,99,1,9,6,6,3,-1,-1,2698,2,18,AUDI A6,-1,-1,0,-1
2024201437812,2024,201437812,1,9,0,-1,9,2,6,-1,0,6,0,0,0,0,3,9,-1,9,1,38,7,1968,2,12,AUDI A6,3,E01009864,0,1
2024531477409,2024,531477409,2,9,0,-1,19,1,5,-1,0,1,0,0,0,0,1,1,-1,6,2,62,9,2967,2,9,AUDI A6,7,E01022391,0,2
2024361548804,2024,361548804,1,9,0,-1,9,4,2,-1,0,1,0,0,0,0,1,1,-1,6,2,64,9,2967,2,11,AUDI A6,8,E01026855,0,1
2024371459689,2024,371459689,1,9,0,-1,19,5,1,-1,0,2,0,4,0,0,1,9,-1,6,3,-1,-1,2969,2,15,AUDI A6,-1,-1,0,-1
2024320078738,2024,320078738,2,9,0,3,3,6,2,0,0,0,0,0,0,0,2,1,-1,-1,2,33,6,1968,2,5,AUDI A6,3,E01026207,0,4
2024421396546,2024,421396546,3,9,0,-1,19,3,7,-1,0,1,0,0,0,0,1,1,-1,9,1,48,8,1968,2,7,AUDI A6,4,E01021847,0,1
2024461436241,2024,461436241,2,9,0,-1,19,4,1,-1,0,1,0,0,0,0,2,9,-1,9,2,48,8,1968,2,7,AUDI A6,9,E01016172,0,1
2024549003224,2024,549003224,1,9,0,18,19,5,1,0,0,1,0,0,0,0,1,1,6,6,1,70,10,2967,2,8,AUDI A6,4,E01029036,0,4
2024543069924,2024,543069924,1,9,0,1,1,4,2,0,0,6,0,0,0,0,2,1,6,6,1,32,6,1968,2,10,AUDI A6,7,E01015582,0,1
2024440083167,2024,440083167,2,9,0,3,3,2,6,0,0,1,0,0,0,0,2,1,2,2,1,35,6,1968,2,13,AUDI A6,4,E01017198,0,3
2024161434618,2024,161434618,1,9,0,-1,19,1,5,-1,0,1,0,0,0,0,2,1,-1,9,1,45,7,1968,2,11,AUDI A6,2,E01035483,0,1
2024302401629,2024,302401629,2,9,0,18,19,5,1,0,0,8,0,0,0,0,4,1,6,6,2,49,8,1968,2,17,AUDI A6,1,E01013480,0,3
2024531507241,2024,531507241,3,9,0,-1,9,8,5,-1,0,8,0,0,0,0,0,9,-1,1,1,38,7,2967,2,0,AUDI A6,-1,-1,0,-1
2024010506975,2024,010506975,3,9,0,18,19,7,3,0,0,0,0,1,0,0,1,1,6,6,1,50,8,1968,2,8,AUDI A6,-1,-1,0,-1
202417M111624,2024,17M111624,3,9,0,-1,19,7,3,-1,0,0,0,0,0,0,1,1,-1,1,1,30,6,1968,2,8,AUDI A6,1,E01035618,0,4
2024061532945,2024,061532945,2,9,0,-1,99,-1,-1,-1,99,0,0,99,0,0,2,1,-1,6,3,-1,-1,1968,2,10,AUDI A6,-1,-1,0,-1
2024201521557,2024,201521557,1,9,0,-1,11,3,1,-1,0,6,0,0,0,0,1,9,-1,1,1,32,6,2967,2,0,AUDI A6,-1,-1,0,-1
2024201504074,2024,201504074,1,9,0,-1,5,2,6,-1,0,8,0,0,0,0,4,1,-1,2,1,25,5,1968,2,9,AUDI A6,2,E01009022,0,2
2024520403226,2024,520403226,3,9,0,3,3,1,5,0,0,0,0,0,0,0,2,1,6,6,1,67,10,1968,2,16,AUDI A6,8,E01029274,0,1
2024430456165,2024,430456165,2,9,0,18,19,4,8,0,0,1,0,0,0,0,1,1,6,6,1,49,8,2967,2,11,AUDI A6,-1,-1,0,-1
2024440444475,2024,440444475,1,9,0,18,19,1,5,0,0,0,0,12,0,0,1,1,6,6,1,59,9,2967,2,8,AUDI A6,5,E01023216,0,3
2024522401665,2024,522401665,1,9,0,3,3,5,1,0,0,0,0,0,0,0,2,1,6,6,1,49,8,1968,2,9,AUDI A6,7,E01020251,0,5
2024311462028,2024,311462028,1,9,0,-1,19,5,1,-1,0,4,0,0,0,0,4,9,-1,6,-1,-1,-1,1984,1,2,AUDI A6,-1,-1,0,-1
2024421511610,2024,421511610,2,9,0,-1,9,3,7,-1,0,7,0,0,0,0,1,1,-1,6,1,51,8,1968,2,12,AUDI A6,-1,-1,0,-1
2024471452963,2024,471452963,2,9,0,-1,19,4,2,-1,0,1,0,0,0,0,1,1,-1,6,2,47,8,1968,2,5,AUDI A6,10,E01016939,0,4
2024520403286,2024,520403286,2,9,0,18,19,1,5,0,0,8,0,0,0,0,1,1,6,6,2,23,5,2969,2,17,AUDI A6,4,E01029249,0,1
2024501425840,2024,501425840,1,9,0,-1,19,1,5,-1,0,0,0,0,0,0,1,9,-1,6,1,46,8,1968,1,17,AUDI A6,2,E01015181,0,2
2024471407001,2024,471407001,3,9,0,-1,19,2,6,-1,0,0,0,0,0,0,1,1,-1,9,1,54,8,2698,2,19,AUDI A6,6,E01031579,0,4
2024010534351,2024,010534351,1,9,0,9,9,3,1,0,0,7,0,0,0,0,1,1,1,1,1,43,7,2967,2,2,AUDI A6,7,E01032767,0,1
2024451502917,2024,451502917,2,9,0,-1,5,4,6,-1,0,3,0,0,0,0,9,1,-1,6,1,32,6,1968,2,10,AUDI A6,-1,-1,0,-1
2024201552158,2024,201552158,1,9,0,-1,9,4,4,-1,0,6,0,0,0,0,1,1,-1,6,3,-1,-1,1968,2,14,AUDI A6,-1,-1,0,-1
2024302401134,2024,302401134,2,9,0,7,7,2,4,0,0,0,0,0,0,0,0,1,6,6,1,-1,-1,2393,1,18,AUDI A6,3,E01013502,0,1
2024010519269,2024,010519269,2,9,0,2,2,0,0,0,0,2,0,0,0,0,3,1,6,6,3,-1,-1,1968,2,6,AUDI A6,-1,-1,0,-1
2024041410030,2024,041410030,1,9,0,-1,19,4,8,-1,0,8,0,0,1,1,1,1,-1,9,1,28,6,2773,1,15,AUDI A6,1,E01033226,0,1
2024070045283,2024,070045283,1,9,0,18,19,5,1,0,0,0,0,0,0,0,1,1,2,2,1,46,8,1968,2,12,AUDI A6,2,E01025366,0,4
2024991555239,2024,991555239,2,9,0,-1,19,5,1,-1,0,0,0,0,0,0,4,1,-1,6,1,40,7,1968,2,6,AUDI A6,-1,-1,0,-1
2024010526745,2024,010526745,2,23,0,15,15,5,1,0,0,1,1,0,7,0,1,1,6,6,1,49,8,-1,3,0,-1,8,E01000877,0,1
2024010510943,2024,010510943,2,23,0,99,99,9,9,99,99,9,9,99,9,99,9,1,6,6,3,-1,-1,-1,3,2,-1,-1,-1,0,-1
2024549637024,2024,549637024,1,5,0,18,19,3,7,0,0,0,0,0,0,0,1,1,6,6,1,52,8,1203,1,17,-1,7,E01032121,0,4
2024991403346,2024,991403346,1,9,0,-1,19,5,7,-1,0,2,0,0,0,0,3,9,-1,2,2,36,7,1368,1,16,FIAT PUNTO,5,-1,0,4
2024010544492,2024,010544492,1,9,9,99,99,9,9,99,99,9,9,99,9,99,9,9,6,6,3,-1,-1,1368,1,18,FIAT PUNTO,-1,-1,0,-1
2024231516879,2024,231516879,2,9,0,-1,7,1,3,-1,0,8,0,0,0,0,4,9,-1,9,2,32,6,1242,1,17,FIAT PUNTO,3,E01031081,0,1
2024041455955,2024,041455955,1,9,0,-1,-1,-1,-1,-1,-1,-1,-1,-1,-1,0,1,1,-1,6,3,-1,-1,1368,1,17,FIAT PUNTO,-1,-1,0,-1
2024501483461,2024,501483461,1,9,0,-1,19,5,1,-1,0,0,0,0,0,0,1,1,-1,9,1,89,11,1242,1,22,FIAT PUNTO,6,E01020315,0,3
2024031397213,2024,031397213,1,9,0,-1,19,7,6,-1,0,0,1,0,7,0,1,1,-1,6,2,30,6,1368,1,15,FIAT PUNTO,-1,-1,0,-1
2024340WN0532,2024,340WN0532,2,9,0,-1,19,8,4,-1,0,8,1,0,1,0,3,1,-1,2,2,65,9,1368,1,16,FIAT PUNTO,2,E01027170,0,1
2024421422617,2024,421422617,2,9,0,-1,-1,-1,-1,-1,-1,0,-1,-1,-1,0,-1,9,-1,6,2,34,6,1242,1,12,FIAT PUNTO,3,E01015900,0,2
2024070934649,2024,070934649,4,9,0,-1,4,1,5,-1,0,0,0,0,0,0,0,1,-1,9,-1,62,9,1242,1,13,FIAT PUNTO,4,E01004258,0,5
2024221491459,2024,221491459,2,9,0,-1,9,8,6,-1,0,5,0,0,0,0,1,1,-1,9,2,27,6,1242,1,16,FIAT PUNTO,5,E01032411,0,2
2024070945284,2024,070945284,2,9,0,-1,2,0,0,-1,0,0,0,0,0,0,2,1,-1,2,2,24,5,1368,1,14,FIAT PUNTO,1,E01005918,0,4
2024991417869,2024,991417869,1,9,0,-1,19,5,1,-1,0,0,1,0,7,0,4,1,-1,6,1,50,8,1242,1,16,FIAT PUNTO,3,-1,0,1
2024421507988,2024,421507988,2,9,0,-1,3,7,3,-1,0,1,0,0,0,0,4,1,-1,9,2,27,6,1368,1,14,FIAT PUNTO,6,E01033413,0,5
2024141463215,2024,141463215,1,9,0,-1,1,4,8,-1,9,2,0,0,1,0,2,1,-1,6,2,51,8,1242,1,9,FIAT PUNTO,1,E01008075,0,1
2024311461700,2024,311461700,1,9,0,-1,10,3,1,-1,0,6,0,0,0,0,3,1,-1,6,1,26,6,1242,1,7,FIAT PUNTO,4,E01027957,0,1
2024501535201,2024,501535201,2,9,0,-1,11,3,7,-1,0,0,2,0,1,4,2,1,-1,2,1,62,9,1368,1,14,FIAT PUNTO,4,E01018905,0,4
2024141467604,2024,141467604,1,9,0,-1,19,1,5,-1,0,1,0,0,0,0,1,1,-1,9,2,21,5,1242,1,19,FIAT PUNTO,4,E01007704,0,1
2024351473892,2024,351473892,1,9,0,-1,3,5,1,-1,0,8,0,0,0,0,1,1,-1,1,2,17,4,1368,1,15,FIAT PUNTO,8,E01018290,0,1
202454E033124,2024,54E033124,1,9,0,18,19,3,7,0,0,0,0,0,0,0,1,1,6,6,2,22,5,1242,1,10,FIAT PUNTO,3,E01003450,0,5
2024320188300,2024,320188300,1,9,0,13,13,6,2,0,0,0,5,4,7,11,4,1,-1,-1,1,42,7,1242,1,21,FIAT PUNTO,6,E01026266,0,1
2024061486123,2024,061486123,1,9,0,-1,19,5,1,-1,0,8,0,0,0,0,1,1,-1,9,2,22,5,1242,1,10,FIAT PUNTO,1,E01005430,0,1
2024010545234,2024,010545234,3,9,0,18,19,7,3,0,0,1,0,0,0,0,2,1,6,6,2,46,8,1368,1,11,FIAT PUNTO,7,-1,0,5
2024522401231,2024,522401231,1,9,0,9,9,3,1,0,0,5,0,0,0,0,3,1,6,6,1,63,9,1242,1,9,FIAT PUNTO,8,E01014819,0,1
2024161526766,2024,161526766,2,9,0,-1,4,5,1,-1,0,0,0,0,0,0,2,1,-1,6,1,27,6,1368,1,12,FIAT PUNTO,5,E01013027,0,1
2024991483445,2024,991483445,2,9,0,-1,19,5,1,-1,0,0,0,0,0,0,1,1,-1,9,1,23,5,1368,1,17,FIAT PUNTO,-1,-1,0,-1
2024501457801,2024,501457801,1,9,0,-1,7,3,5,-1,9,5,1,11,1,11,4,1,-1,9,2,19,4,1368,1,13,FIAT PUNTO,1,E01015256,0,1
2024010527819,2024,010527819,1,9,0,4,4,5,1,0,0,1,0,0,0,0,1,1,6,6,2,37,7,1242,1,17,FIAT PUNTO,3,E01000511,0,1
2024471456457,2024,471456457,4,9,0,-1,19,7,3,-1,0,0,0,0,0,0,1,1,-1,9,2,31,6,1242,1,10,FIAT PUNTO,5,E01031611,0,4
2024401453786,2024,401453786,1,9,0,-1,19,6,2,-1,0,1,0,0,0,0,1,1,-1,6,1,20,4,1368,1,11,FIAT PUNTO,4,E01015810,0,1
2024451495813,2024,451495813,2,9,9,-1,19,1,5,-1,0,0,0,0,0,0,1,1,-1,6,1,25,5,1242,1,16,FIAT PUNTO,-1,-1,0,-1
2024201472405,2024,201472405,1,9,0,-1,19,7,3,-1,0,0,0,0,0,0,1,1,-1,6,1,-1,-1,1242,1,18,FIAT PUNTO,1,E01010415,0,1
2024371444669,2024,371444669,1,9,0,-1,19,4,8,-1,0,0,0,0,0,0,1,9,-1,6,1,20,4,1242,1,17,FIAT PUNTO,3,E01030114,0,1
2024161460661,2024,161460661,1,9,0,-1,9,2,8,-1,0,1,0,0,0,0,4,1,-1,9,2,30,6,1368,1,14,FIAT PUNTO,1,E01007338,0,4
2024052400318,2024,052400318,1,9,0,18,19,6,2,0,0,8,0,0,0,0,1,1,6,6,1,50,8,1368,1,15,FIAT PUNTO,1,E01006547,0,2
2024010520966,2024,010520966,1,9,0,9,9,6,4,0,0,6,0,0,0,0,3,1,1,1,2,56,9,1242,1,20,FIAT PUNTO,4,E01003441,0,1
2024430265108,2024,430265108,2,9,0,4,4,6,2,0,0,1,0,0,0,0,1,1,6,6,1,22,5,1242,1,22,FIAT PUNTO,6,E01016472,0,1
2024061437004,2024,061437004,2,9,0,-1,19,1,5,-1,0,1,0,0,0,0,1,1,-1,6,2,72,10,1242,1,12,FIAT PUNTO,3,E01005897,0,1
2024131437208,2024,131437208,1,9,0,-1,19,1,5,-1,0,1,2,7,1,1,1,1,-1,9,1,18,4,1368,1,14,FIAT PUNTO,2,E01010871,0,1
2024141514531,2024,141514531,1,9,0,-1,19,7,3,-1,0,2,0,0,1,4,1,1,-1,6,1,32,6,1368,1,14,FIAT PUNTO,6,E01008033,0,1
2024501412373,2024,501412373,1,9,0,-1,14,5,1,-1,0,0,0,0,0,0,1,9,-1,9,1,22,5,1368,1,17,FIAT PUNTO,9,E01020023,0,1
2024542516624,2024,542516624,1,9,0,18,19,4,8,0,0,0,2,10,0,0,1,1,1,1,1,34,6,1368,1,18,FIAT PUNTO,9,E01032047,0,1
2024421443836,2024,421443836,3,9,0,-1,19,3,7,-1,0,0,1,7,1,7,3,1,-1,6,1,19,4,1242,1,21,FIAT PUNTO,6,E01021308,0,1
2024371493310,2024,371493310,2,9,0,-1,4,3,7,-1,0,0,0,4,0,0,2,1,-1,1,2,42,7,1368,1,14,FIAT PUNTO,6,E01021398,0,2
2024052401015,2024,052401015,1,9,0,18,19,7,3,0,0,0,0,0,0,0,0,1,6,6,2,43,7,1242,1,10,FIAT PUNTO,1,E01006816,0,1
2024461508904,2024,461508904,1,9,0,-1,9,5,3,-1,0,5,0,0,0,0,1,1,-1,9,1,81,11,1242,1,21,FIAT PUNTO,4,E01024557,0,1
2024010537442,2024,010537442,1,9,0,10,10,5,2,0,0,1,0,0,0,0,2,1,6,6,1,35,6,1242,1,16,FIAT PUNTO,4,E01003333,0,1
2024010513988,2024,010513988,2,9,0,18,19,3,7,0,0,1,0,0,0,0,1,1,6,6,2,22,5,1368,1,17,FIAT PUNTO,4,E01002558,0,1
2024131479679,2024,131479679,1,9,0,-1,19,5,1,-1,0,0,2,0,7,11,4,1,-1,9,2,39,7,1368,1,14,FIAT PUNTO,9,E01032876,0,2
2024221458417,2024,221458417,2,9,0,-1,7,6,8,-1,0,6,0,0,0,0,3,9,-1,9,2,31,6,1242,1,11,FIAT PUNTO,6,E01018356,0,2
2024061423253,2024,061423253,1,9,0,-1,19,7,3,-1,0,0,0,0,0,0,1,1,-1,9,2,24,5,1242,1,12,FIAT PUNTO,4,E01005025,0,1
2024211410936,2024,211410936,2,9,0,-1,5,6,2,-1,0,1,0,0,0,0,1,9,-1,9,3,-1,-1,1368,1,16,FIAT PUNTO,-1,-1,0,-1
2024320067450,2024,320067450,1,9,0,-1,-1,2,6,0,0,0,0,0,0,0,1,1,6,6,1,50,8,1242,1,17,FIAT PUNTO,-1,-1,0,-1
2024461434243,2024,461434243,1,9,0,-1,19,7,3,-1,0,1,0,0,0,0,1,9,-1,6,1,26,6,1368,1,16,FIAT PUNTO,2,E01024047,0,1
2024041425217,2024,041425217,1,9,0,-1,12,1,5,-1,0,0,0,0,0,0,4,1,-1,9,2,28,6,1368,1,16,FIAT PUNTO,3,E01025460,0,2
2024991403642,2024,991403642,1,9,0,-1,19,4,8,-1,0,1,0,0,0,0,1,1,-1,9,2,27,6,1368,1,13,FIAT PUNTO,5,-1,0,3
2024501528010,2024,501528010,1,9,0,-1,19,2,6,-1,0,0,0,0,0,0,1,1,-1,2,1,62,9,1248,2,17,FIAT PUNTO,5,E01018864,0,2
2024311534974,2024,311534974,1,9,0,-1,19,2,6,-1,0,0,0,0,0,0,1,1,-1,2,1,17,4,1242,1,7,FIAT PUNTO,-1,-1,0,-1
2024061531968,2024,061531968,1,9,0,-1,19,5,1,-1,0,6,0,0,0,0,1,1,-1,6,1,24,5,1242,1,13,FIAT PUNTO,-1,-1,0,-1
2024031434133,2024,031434133,2,9,0,-1,7,2,4,-1,0,2,0,0,0,0,2,1,-1,9,1,28,6,1368,1,15,FIAT PUNTO,2,E01020908,0,4
2024201512438,2024,201512438,1,9,0,-1,19,4,8,-1,0,0,0,0,0,0,1,1,-1,9,2,37,7,1242,1,17,FIAT PUNTO,4,E01009240,0,1
2024131412073,2024,131412073,2,9,0,-1,9,3,7,-1,0,1,0,0,0,0,3,1,-1,1,1,75,10,1242,1,7,FIAT PUNTO,5,E01011766,0,1
2024991430225,2024,991430225,1,9,0,-1,19,6,2,-1,0,0,2,0,8,10,3,1,-1,2,1,33,6,1368,1,14,FIAT PUNTO,6,-1,0,4
2024340WN6872,2024,340WN6872,1,9,0,-1,19,4,8,-1,9,1,1,10,1,4,4,1,-1,6,1,16,4,1242,1,19,FIAT PUNTO,7,E01027259,0,1
2024332400741,2024,332400741,1,9,0,-1,19,2,6,-1,0,0,5,0,1,1,1,1,-1,9,1,19,4,1368,1,14,FIAT PUNTO,9,E01025883,0,2
2024041423966,2024,041423966,1,9,0,-1,19,5,1,-1,0,1,0,0,1,4,1,1,-1,9,1,18,4,1242,1,13,FIAT PUNTO,6,E01025548,0,1
2024421477905,2024,421477905,1,9,0,-1,19,2,6,-1,0,0,2,0,5,0,3,1,-1,9,1,22,5,1368,1,15,FIAT PUNTO,2,E01022039,0,4
2024440095354,2024,440095354,1,9,0,18,19,6,2,0,0,0,1,0,0,0,4,1,6,6,2,29,6,1368,1,17,FIAT PUNTO,1,E01015255,0,5
2024451533686,2024,451533686,2,9,0,-1,9,7,3,-1,0,0,0,0,0,0,4,1,-1,9,1,23,5,1368,1,12,FIAT PUNTO,3,E01030952,0,1
2024522403011,2024,522403011,2,9,0,9,9,8,6,0,0,5,0,0,1,0,1,1,6,6,1,36,7,1242,1,19,FIAT PUNTO,1,W01001693,0,4
2024501408810,2024,501408810,1,9,0,-1,14,3,6,-1,0,0,-1,0,-1,0,0,1,-1,6,1,37,7,1242,1,7,FIAT PUNTO,7,E01018818,0,4
2024451441343,2024,451441343,1,9,0,-1,19,3,7,-1,0,0,0,0,0,0,1,1,-1,9,2,38,7,1242,1,13,FIAT PUNTO,8,E01030405,0,1
2024430196833,2024,430196833,3,9,0,3,3,7,3,0,0,1,0,0,0,0,0,1,6,6,1,23,5,1242,1,11,FIAT PUNTO,9,E01017740,0,1
2024211432759,2024,211432759,1,9,0,-1,2,0,0,-1,0,1,0,0,0,0,4,1,-1,6,1,29,6,1242,1,17,FIAT PUNTO,6,E01029609,0,1
2024052400652,2024,052400652,3,9,0,18,19,4,1,0,0,0,0,0,0,0,1,1,6,6,1,40,7,1242,1,19,FIAT PUNTO,9,E01007096,0,2
2024201465469,2024,201465469,2,9,0,-1,19,3,7,-1,0,8,0,0,0,0,1,1,-1,2,2,21,5,1368,1,15,FIAT PUNTO,6,E01009972,0,3
2024211490113,2024,211490113,1,9,0,-1,9,3,1,-1,0,6,0,0,0,0,4,1,-1,6,1,20,4,1368,1,13,FIAT PUNTO,-1,-1,0,-1
2024101492392,2024,101492392,1,9,0,-1,7,7,4,-1,0,3,0,0,0,0,4,1,-1,9,2,33,6,1368,1,15,FIAT PUNTO,-1,-1,0,-1
2024010528163,2024,010528163,1,9,0,4,4,3,7,0,0,1,0,0,4,6,3,1,2,2,1,64,9,1368,1,15,FIAT PUNTO,7,E01002424,0,1
2024131413375,2024,131413375,1,9,0,-1,3,2,6,-1,0,0,0,0,0,0,2,1,-1,9,2,53,8,1242,1,15,FIAT PUNTO,2,E01011854,0,2
2024231524405,2024,231524405,2,9,0,-1,19,2,6,-1,0,8,0,0,0,0,1,1,-1,6,2,21,5,1242,1,18,FIAT PUNTO,8,E01003674,0,5
2024320641650,2024,320641650,1,9,0,-1,-1,6,2,0,0,0,0,0,0,0,4,1,-1,-1,1,19,4,1242,1,17,FIAT PUNTO,6,E01026404,0,3
2024332401226,2024,332401226,1,9,0,-1,19,6,2,-1,0,0,0,0,0,0,3,1,-1,9,1,43,7,1242,1,20,FIAT PUNTO,10,E01025615,0,1
2024361447937,2024,361447937,2,9,0,-1,8,1,5,-1,0,1,0,0,0,0,3,1,-1,9,1,19,4,1368,1,16,FIAT PUNTO,7,E01026885,0,4
2024401525416,2024,401525416,1,9,0,-1,9,5,3,-1,0,8,0,0,0,0,1,1,-1,6,1,24,5,1242,1,13,FIAT PUNTO,3,E01017518,0,1
2024991499281,2024,991499281,1,9,0,-1,19,4,8,-1,0,1,0,7,1,10,1,1,-1,2,1,40,7,1242,1,17,FIAT PUNTO,-1,-1,0,-1
2024461451031,2024,461451031,1,9,0,-1,19,3,7,-1,0,8,0,0,0,0,1,1,-1,6,2,17,4,1368,1,12,FIAT PUNTO,4,E01035007,0,4
2024010516555,2024,010516555,2,9,0,18,19,7,3,0,0,0,0,0,0,0,1,1,6,6,1,37,7,1242,1,16,FIAT PUNTO,2,E01002090,0,1
2024061461706,2024,061461706,2,9,0,-1,5,2,3,-1,0,1,0,0,0,0,3,1,-1,6,2,48,8,1242,1,17,FIAT PUNTO,-1,-1,0,-1
2024010555805,2024,010555805,1,9,0,99,99,9,9,99,99,9,9,99,9,99,1,9,6,6,3,-1,-1,1242,1,16,FIAT PUNTO,-1,-1,0,-1
2024622400778,2024,622400778,3,9,0,18,19,8,4,0,0,0,0,0,1,0,1,1,6,6,1,31,6,1368,1,14,FIAT PUNTO,1,W01000992,0,1
2024302401601,2024,302401601,1,9,0,18,19,1,5,0,0,0,1,4,0,0,1,1,6,6,3,45,7,1242,1,20,FIAT PUNTO,3,E01013765,0,4
2024041502314,2024,041502314,1,9,0,-1,19,3,7,-1,0,0,5,4,0,0,1,1,-1,9,1,18,4,1368,1,12,FIAT PUNTO,9,E01025090,0,1
2024421414478,2024,421414478,1,9,0,-1,4,6,2,-1,0,1,0,0,0,0,1,9,-1,6,3,-1,-1,1242,1,10,FIAT PUNTO,-1,-1,0,-1
2024141425195,2024,141425195,1,9,0,-1,9,6,4,-1,0,1,0,0,0,0,1,1,-1,9,2,21,5,1242,1,17,FIAT PUNTO,8,E01008130,0,2
2024501533061,2024,501533061,1,9,0,-1,7,1,3,-1,0,4,0,0,0,0,1,1,-1,2,1,24,5,1368,1,14,FIAT PUNTO,2,E01019034,0,1
2024010548065,2024,010548065,1,9,0,9,9,1,7,0,0,8,1,0,0,0,3,1,6,6,2,53,8,1242,1,17,FIAT PUNTO,2,E01001755,0,1
2024041516611,2024,041516611,1,9,0,-1,13,5,1,-1,0,1,0,0,0,0,1,1,-1,6,1,23,5,1242,1,16,FIAT PUNTO,6,E01012747,0,1