collision_index,collision_year,collision_ref_no,vehicle_reference,vehicle_type,towing_and_articulation,vehicle_manoeuvre_historic,vehicle_manoeuvre,vehicle_direction_from,vehicle_direction_to,vehicle_location_restricted_lane_historic,vehicle_location_restricted_lane,junction_location,skidding_and_overturning,hit_object_in_carriageway,vehicle_leaving_carriageway,hit_object_off_carriageway,first_point_of_impact,vehicle_left_hand_drive,journey_purpose_of_driver_historic,journey_purpose_of_driver,sex_of_driver,age_of_driver,age_band_of_driver,engine_capacity_cc,propulsion_code,age_of_vehicle,generic_make_model,driver_imd_decile,lsoa_of_driver,escooter_flag,driver_distance_banding
2024522403405,2024,522403405,1,9,0,18,19,7,3,0,0,4,0,0,0,0,1,1,6,6,1,18,4,1368,1,12,FIAT PUNTO,4,E01014746,0,2
2024361421446,2024,361421446,3,9,0,-1,3,1,3,-1,0,1,0,0,0,0,2,1,-1,6,1,21,5,1368,1,17,FIAT PUNTO,10,E01026552,0,3
2024070838005,2024,070838005,1,9,0,-1,19,5,1,-1,9,1,0,0,1,11,1,1,-1,6,2,18,4,1368,1,16,FIAT PUNTO,3,E01005618,0,1
2024440238702,2024,440238702,2,9,0,10,10,4,2,0,0,1,0,0,0,0,2,1,6,6,1,68,10,1368,1,9,FIAT PUNTO,9,E01022547,0,2
2024061477119,2024,061477119,3,9,0,-1,2,0,0,-1,0,0,0,0,0,0,2,1,-1,6,-1,-1,-1,1368,1,14,FIAT PUNTO,-1,-1,0,-1
2024411473688,2024,411473688,1,9,-1,-1,-1,-1,-1,-1,-1,0,-1,-1,-1,0,1,9,-1,6,1,32,6,1368,1,13,FIAT PUNTO,7,E01006379,0,5
2024461439228,2024,461439228,2,9,0,-1,4,1,1,-1,0,0,0,0,0,0,2,1,-1,9,1,43,7,1368,1,14,FIAT PUNTO,1,E01024612,0,3
2024141430652,2024,141430652,1,9,0,-1,19,4,8,-1,0,0,0,0,0,0,1,1,-1,9,2,22,5,1368,1,14,FIAT PUNTO,2,E01007789,0,1
2024201452604,2024,201452604,2,9,0,-1,19,4,8,-1,0,8,0,0,0,0,1,9,-1,6,2,21,5,1368,1,16,FIAT PUNTO,3,E01008989,0,1
2024461415211,2024,461415211,2,9,0,-1,2,0,0,-1,0,0,0,0,0,0,3,1,-1,6,-1,-1,-1,1368,1,15,FIAT PUNTO,-1,-1,0,-1
2024421405043,2024,421405043,2,9,0,-1,19,7,3,-1,0,0,5,10,1,0,2,1,-1,9,2,58,9,1242,1,20,FIAT PUNTO,7,E01015821,0,4
2024501428453,2024,501428453,1,9,0,-1,7,4,6,-1,0,8,0,0,0,0,1,1,-1,9,1,42,7,1242,1,18,FIAT PUNTO,7,E01020209,0,1
2024471419022,2024,471419022,1,9,0,-1,19,1,6,-1,0,0,5,10,2,10,1,1,-1,9,1,17,4,1368,1,14,FIAT PUNTO,10,E01031621,0,1
2024010547467,2024,010547467,2,9,0,18,19,3,7,0,0,0,0,0,0,0,1,1,6,6,1,28,6,1368,1,16,FIAT PUNTO,8,E01004131,0,1
2024991446602,2024,991446602,1,9,0,-1,19,1,5,-1,0,0,0,0,0,0,1,1,-1,9,1,44,7,1368,1,15,FIAT PUNTO,4,-1,0,1
2024161467471,2024,161467471,1,9,0,-1,19,7,3,-1,0,0,1,0,5,0,1,1,-1,9,1,23,5,1368,1,17,FIAT PUNTO,7,E01013101,0,4
2024501496476,2024,501496476,2,9,0,-1,19,5,1,-1,0,1,0,0,0,0,1,1,-1,6,1,19,4,1368,1,16,FIAT PUNTO,4,E01019062,0,1
2024311444265,2024,311444265,2,9,0,-1,19,3,7,-1,0,0,1,4,0,0,1,1,-1,6,2,64,9,1242,1,20,FIAT PUNTO,2,E01028282,0,3
2024991528950,2024,991528950,1,9,0,-1,19,3,7,-1,0,1,0,0,0,0,4,1,-1,1,2,39,7,1368,1,14,FIAT PUNTO,-1,-1,0,-1
2024161493694,2024,161493694,1,9,0,-1,19,8,4,-1,0,0,5,0,0,0,1,1,-1,9,2,47,8,1242,1,20,FIAT PUNTO,1,E01012846,0,1
2024991520772,2024,991520772,2,9,0,-1,2,7,3,-1,0,0,0,0,0,0,2,2,-1,6,1,94,11,1368,1,14,FIAT PUNTO,-1,-1,0,-1
2024070231407,2024,070231407,2,9,0,3,3,4,8,0,0,1,0,0,0,0,2,1,6,6,2,35,6,1242,1,7,FIAT PUNTO,9,E01018368,0,2
2024320304643,2024,320304643,1,9,0,4,4,2,6,0,0,0,0,0,0,0,1,1,6,6,1,20,4,1242,1,16,FIAT PUNTO,-1,-1,0,-1
2024201480740,2024,201480740,4,9,0,-1,20,0,0,-1,0,0,0,0,0,0,2,1,-1,6,-1,-1,-1,1368,1,12,FIAT PUNTO,-1,-1,0,-1
2024010506182,2024,010506182,1,9,0,1,1,1,5,0,0,8,0,11,0,0,2,1,6,6,2,28,6,1368,1,11,FIAT PUNTO,3,E01004669,0,1
2024010492314,2024,010492314,2,9,0,2,2,0,0,9,9,2,0,0,0,0,2,1,6,6,3,-1,-1,1368,1,14,FIAT PUNTO,-1,-1,0,-1
2024041492206,2024,041492206,1,9,0,-1,19,5,1,-1,0,8,0,0,3,3,3,1,-1,9,1,19,4,1368,1,14,FIAT PUNTO,1,E01012739,0,1
2024101452574,2024,101452574,2,9,0,-1,9,1,7,-1,0,8,0,0,0,0,3,1,-1,6,1,60,9,1242,1,16,FIAT PUNTO,5,E01008588,0,1
2024361486317,2024,361486317,1,9,0,-1,19,7,3,-1,0,0,5,0,1,0,1,1,-1,9,1,40,7,1242,1,20,FIAT PUNTO,3,E01018073,0,4
2024010510628,2024,010510628,2,9,9,99,99,9,9,99,99,9,9,99,9,99,9,9,6,6,3,-1,-1,1368,1,15,FIAT PUNTO,-1,-1,0,-1
2024161490447,2024,161490447,2,9,0,-1,19,3,7,-1,0,0,0,0,7,0,1,1,-1,6,1,35,6,1368,1,15,FIAT PUNTO,1,E01012889,0,2
2024131452760,2024,131452760,1,9,0,-1,19,5,1,-1,0,0,1,0,7,0,1,1,-1,2,2,42,7,1242,1,16,FIAT PUNTO,5,E01010948,0,1
2024010525334,2024,010525334,2,9,0,18,19,7,3,0,0,1,0,0,0,0,1,1,6,6,1,40,7,1368,1,15,FIAT PUNTO,6,E01002206,0,3
2024544046324,2024,544046324,2,9,0,3,3,1,5,0,0,1,0,0,0,0,2,1,6,6,1,63,9,1368,1,16,FIAT PUNTO,10,E01032055,0,2
2024061501925,2024,061501925,2,9,0,-1,19,-1,-1,-1,0,0,0,0,0,0,-1,9,-1,6,3,-1,-1,1242,1,20,FIAT PUNTO,-1,-1,0,-1
2024311452783,2024,311452783,2,9,0,-1,19,2,6,-1,0,0,1,0,0,0,4,1,-1,6,1,59,9,1368,1,14,FIAT PUNTO,-1,-1,0,-1
2024461521902,2024,461521902,1,9,0,-1,9,8,5,-1,0,6,0,0,0,0,1,1,-1,9,1,19,4,1368,1,16,FIAT PUNTO,10,E01024818,0,1
2024211467308,2024,211467308,1,9,0,-1,19,1,5,-1,0,1,0,0,0,0,1,1,-1,6,1,21,5,1368,1,13,FIAT PUNTO,2,E01014262,0,1
2024141405055,2024,141405055,2,9,0,-1,2,0,0,-1,9,0,0,0,0,0,1,1,-1,6,-1,-1,-1,1368,1,16,FIAT PUNTO,-1,-1,0,-1
2024520401947,2024,520401947,4,9,0,2,2,0,0,0,0,0,0,0,0,0,3,1,6,6,3,-1,-1,1242,1,12,FIAT PUNTO,-1,-1,0,-1
2024430233981,2024,430233981,1,9,0,9,9,6,3,0,0,4,0,9,0,0,1,1,6,6,1,29,6,1368,1,16,FIAT PUNTO,4,E01002622,0,4
2024371405287,2024,371405287,2,9,0,-1,7,3,6,-1,0,8,0,0,0,0,3,1,-1,9,2,51,8,1242,1,13,FIAT PUNTO,2,E01029987,0,1
2024421406019,2024,421406019,1,9,0,-1,13,6,2,-1,0,0,1,0,0,0,1,1,-1,2,1,31,6,1368,1,14,FIAT PUNTO,9,E01015913,0,1
2024041443353,2024,041443353,1,9,0,-1,5,3,7,-1,0,6,0,0,0,0,3,1,-1,9,2,28,6,1242,1,17,FIAT PUNTO,2,E01012677,0,1
2024052400739,2024,052400739,1,9,0,18,19,3,7,0,0,0,0,0,0,0,1,1,6,6,1,19,4,1368,1,13,FIAT PUNTO,8,E01007250,0,3
202460Q101898,2024,60Q101898,1,9,0,16,19,1,5,0,0,1,2,0,8,11,3,1,6,6,1,20,4,1242,1,18,FIAT PUNTO,-1,-1,0,-1
2024371503462,2024,371503462,2,9,0,-1,2,5,5,-1,0,1,0,0,0,0,3,1,-1,6,2,28,6,1242,1,19,FIAT PUNTO,1,E01030036,0,1
2024421438520,2024,421438520,4,9,0,-1,19,4,8,-1,0,0,0,0,0,0,1,1,-1,9,1,22,5,1242,1,13,FIAT PUNTO,9,E01021527,0,1
2024231486438,2024,231486438,1,9,0,-1,14,5,1,-1,0,0,0,0,0,0,1,1,-1,9,2,22,5,1368,1,14,FIAT PUNTO,5,E01032134,0,3
2024440391887,2024,440391887,2,9,0,1,1,7,3,0,0,1,0,0,0,0,2,1,6,6,3,-1,-1,1368,1,16,FIAT PUNTO,-1,-1,0,-1
2024340WN4072,2024,340WN4072,1,9,0,-1,19,7,3,-1,0,0,5,0,0,0,1,1,-1,9,1,27,6,1368,1,15,FIAT PUNTO,1,E01027235,0,1
2024520403073,2024,520403073,2,9,0,18,19,3,7,0,0,8,0,0,0,0,1,1,6,6,1,33,6,1368,1,15,FIAT PUNTO,8,E01034637,0,3
2024631496876,2024,631496876,2,9,0,-1,19,2,6,-1,0,8,0,0,0,0,1,1,-1,2,2,55,8,1368,1,15,FIAT PUNTO,5,W01000576,0,1
2024131422196,2024,131422196,1,9,0,-1,19,4,8,-1,0,1,0,0,0,0,4,1,-1,6,1,35,6,1368,1,14,FIAT PUNTO,7,E01011277,0,1
2024010488826,2024,010488826,1,9,0,99,99,9,9,99,99,9,9,99,9,99,1,9,2,2,1,27,6,1368,1,14,FIAT PUNTO,7,E01024732,0,4
2024221431108,2024,221431108,2,9,0,-1,9,7,5,-1,0,5,0,0,0,0,2,1,-1,6,2,24,5,1368,1,14,FIAT PUNTO,6,E01032385,0,1
2024430126778,2024,430126778,1,9,0,18,19,7,3,0,0,0,1,0,4,6,1,1,6,6,1,27,6,1242,1,16,FIAT PUNTO,3,E01030131,0,5
2024221454900,2024,221454900,2,9,0,-1,2,0,0,-1,0,0,0,0,1,0,2,1,-1,6,1,27,6,1242,1,9,FIAT PUNTO,7,E01032401,0,1
2024461509251,2024,461509251,1,9,0,-1,5,8,4,-1,0,6,0,0,0,0,2,1,-1,9,1,19,4,1242,1,16,FIAT PUNTO,3,E01024715,0,1
2024131405571,2024,131405571,1,9,0,-1,19,1,1,-1,0,0,0,4,1,1,4,1,-1,9,2,81,11,1368,1,15,FIAT PUNTO,2,E01010916,0,2
2024401452481,2024,401452481,2,9,-1,-1,-1,-1,-1,-1,-1,-1,-1,-1,-1,0,-1,9,-1,9,2,36,7,1242,1,7,FIAT PUNTO,10,E01017560,0,1
2024010520318,2024,010520318,1,9,0,9,9,5,3,0,0,8,0,0,0,0,1,2,6,6,1,33,6,1242,1,17,FIAT PUNTO,2,E01003194,0,1
2024211405982,2024,211405982,1,9,0,-1,10,8,6,-1,0,6,0,0,0,0,1,1,-1,9,1,64,9,1368,1,15,FIAT PUNTO,2,E01014279,0,1
2024340NN0712,2024,340NN0712,2,9,0,-1,19,4,8,-1,0,0,0,0,0,0,1,1,-1,2,1,33,6,1248,2,17,FIAT PUNTO,2,E01027249,0,2
2024401496768,2024,401496768,1,9,0,-1,7,8,2,-1,0,5,0,0,0,0,3,1,-1,1,1,19,4,1242,1,9,FIAT PUNTO,2,E01017523,0,1
2024201524866,2024,201524866,2,9,0,-1,19,6,2,-1,0,0,1,0,0,0,1,1,-1,6,1,33,6,1368,1,12,FIAT PUNTO,-1,-1,0,-1
2024122401186,2024,122401186,2,9,0,18,19,2,6,0,0,8,0,0,0,0,1,1,2,2,2,33,6,1242,1,20,FIAT PUNTO,9,E01027652,0,1
2024461490928,2024,461490928,1,9,0,-1,5,4,7,-1,-1,0,0,0,0,0,1,1,-1,7,2,29,6,1368,1,17,FIAT PUNTO,-1,-1,0,-1
2024201429220,2024,201429220,2,9,0,-1,19,6,2,-1,0,4,0,0,0,0,4,1,-1,9,1,48,8,1368,1,15,FIAT PUNTO,7,E01010352,0,1
2024201509120,2024,201509120,2,9,0,-1,13,8,4,-1,0,0,0,0,0,0,4,1,-1,9,1,42,7,1368,1,15,FIAT PUNTO,3,E01010144,0,2
2024111486340,2024,111486340,1,9,0,-1,19,7,3,-1,0,1,0,0,0,0,1,1,-1,6,1,30,6,1368,1,15,FIAT PUNTO,2,E01020694,0,1
2024461526488,2024,461526488,1,9,0,-1,19,3,6,-1,0,1,0,0,0,0,1,9,-1,6,1,36,7,1242,1,21,FIAT PUNTO,10,E01024272,0,2
2024101404624,2024,101404624,2,9,0,-1,4,1,5,-1,0,0,0,0,0,0,1,1,-1,9,2,24,5,1242,1,13,FIAT PUNTO,-1,-1,0,-1
2024052402277,2024,052402277,1,9,0,18,19,7,3,0,0,1,0,0,0,0,1,1,6,6,1,27,6,1242,1,13,FIAT PUNTO,1,E01007179,0,1
2024041462850,2024,041462850,1,9,0,-1,19,8,4,-1,0,0,5,4,0,0,4,1,-1,9,2,18,4,1242,1,10,FIAT PUNTO,1,E01025151,0,1
2024010504583,2024,010504583,2,9,0,99,99,9,9,99,99,9,9,99,9,99,9,9,6,6,3,37,7,1368,1,14,FIAT PUNTO,2,E01001257,0,2
2024010523676,2024,010523676,1,9,0,99,99,9,9,99,99,9,9,99,9,99,9,9,6,6,2,25,5,1368,1,11,FIAT PUNTO,2,E01001161,0,1
2024302500139,2024,302500139,1,9,0,-1,19,1,3,-1,0,0,1,0,8,4,1,1,-1,9,1,19,4,1242,1,21,FIAT PUNTO,10,E01019635,0,2
2024141466153,2024,141466153,1,9,0,-1,5,6,7,-1,0,2,0,0,0,0,3,1,-1,9,1,55,8,1242,1,17,FIAT PUNTO,2,E01007772,0,1
2024411471492,2024,411471492,3,9,0,-1,4,7,0,-1,0,1,0,0,0,0,1,1,-1,9,2,25,5,1242,1,18,FIAT PUNTO,9,E01023653,0,1
2024161419545,2024,161419545,1,9,0,-1,9,5,7,-1,0,0,0,0,0,0,1,1,-1,6,1,30,6,1368,1,17,FIAT PUNTO,3,E01012866,0,1
2024052400559,2024,052400559,2,9,0,15,15,3,7,0,0,1,0,0,0,0,0,1,6,6,2,28,6,1368,1,14,FIAT PUNTO,1,E01006874,0,1
2024461524162,2024,461524162,2,9,0,-1,19,5,1,-1,0,8,0,0,0,0,1,9,-1,6,2,56,9,1368,1,15,FIAT PUNTO,2,E01000720,0,3
2024052402700,2024,052402700,1,9,0,16,19,1,5,0,0,0,2,0,1,9,1,1,6,6,1,18,4,1368,1,17,FIAT PUNTO,9,E01018536,0,2
2024302401031,2024,302401031,1,9,0,18,19,5,1,0,0,2,0,0,7,0,1,1,6,6,1,17,4,1368,1,10,FIAT PUNTO,6,E01034656,0,1
2024131476687,2024,131476687,1,9,0,-1,19,1,1,-1,0,2,0,0,0,0,1,1,-1,9,1,19,4,1242,1,17,FIAT PUNTO,8,E01011800,0,1
2024471433640,2024,471433640,2,9,0,-1,5,8,2,-1,0,4,0,0,0,0,4,1,-1,6,1,81,11,1242,1,8,FIAT PUNTO,6,E01031440,0,1
2024010548326,2024,010548326,3,9,0,2,2,0,0,0,0,0,0,0,0,0,3,1,6,6,3,-1,-1,1368,1,15,FIAT PUNTO,-1,-1,0,-1
2024471522637,2024,471522637,2,9,0,-1,19,4,1,-1,0,1,0,0,0,0,1,1,-1,2,2,31,6,1248,2,15,FIAT PUNTO,5,E01034817,0,1
2024131415226,2024,131415226,3,9,0,-1,2,0,0,-1,0,2,0,0,0,0,2,1,-1,6,-1,-1,-1,1242,1,13,FIAT PUNTO,-1,-1,0,-1
2024610028024,2024,610028024,2,9,0,18,19,2,6,0,0,0,0,0,0,0,2,1,6,6,2,30,6,1910,2,17,FIAT PUNTO,4,W01001450,0,3
2024471410631,2024,471410631,1,9,0,-1,10,5,4,-1,0,3,0,0,0,0,2,1,-1,9,1,56,9,1242,1,20,FIAT PUNTO,9,E01035349,0,1
2024401469666,2024,401469666,2,9,0,-1,19,6,2,-1,0,8,0,0,0,0,2,1,-1,9,1,24,5,1242,1,17,FIAT PUNTO,4,E01015755,0,1
2024161416569,2024,161416569,2,9,0,-1,19,1,1,-1,0,1,0,0,0,0,1,1,-1,9,1,28,6,1242,1,18,FIAT PUNTO,1,E01012867,0,1
2024201500391,2024,201500391,1,9,0,-1,19,8,4,-1,0,8,0,0,0,0,1,1,-1,6,1,45,7,1368,1,12,FIAT PUNTO,2,E01034955,0,1
2024361405758,2024,361405758,1,9,0,-1,9,8,7,-1,0,2,0,0,0,0,1,1,-1,9,1,51,8,1242,1,18,FIAT PUNTO,3,E01026861,0,1
202417L301424,2024,17L301424,1,9,0,5,5,1,5,0,0,1,0,0,0,0,1,1,6,6,1,-1,-1,1368,1,16,FIAT PUNTO,4,E01027238,0,5
2024631464380,2024,631464380,1,9,0,-1,19,2,6,-1,0,0,0,0,0,0,1,1,-1,9,2,40,7,1368,1,9,FIAT PUNTO,1,W01000601,0,1
2024161444276,2024,161444276,1,9,0,-1,19,2,7,-1,0,0,0,0,0,0,1,1,-1,6,1,55,8,1242,1,13,FIAT PUNTO,1,E01012888,0,1
2024221435908,2024,221435908,2,9,0,-1,2,0,0,-1,0,8,0,0,0,0,2,1,-1,6,1,36,7,1368,1,14,FIAT PUNTO,-1,-1,0,-1
2024421430940,2024,421430940,1,9,0,-1,19,6,2,-1,0,0,2,0,0,0,1,1,-1,6,2,31,6,1368,1,14,FIAT PUNTO,3,E01035672,0,4
2024052401774,2024,052401774,1,9,0,18,19,3,7,0,0,1,0,0,0,0,1,1,6,6,1,53,8,1242,1,20,FIAT PUNTO,7,E01006498,0,1
2024131448242,2024,131448242,1,9,0,-1,19,7,3,-1,0,0,0,0,0,0,1,1,-1,6,1,38,7,1248,2,16,FIAT PUNTO,5,E01005688,0,4
2024991397934,2024,991397934,1,9,0,-1,19,6,2,-1,0,0,1,0,7,0,1,1,-1,9,2,27,6,1368,1,15,FIAT PUNTO,1,-1,0,3
2024531409930,2024,531409930,2,9,0,-1,4,7,3,-1,0,0,0,0,0,0,1,9,-1,1,1,21,5,1368,1,16,FIAT PUNTO,4,E01022149,0,3
2024201424779,2024,201424779,1,9,0,-1,19,4,8,-1,0,2,0,0,0,0,1,1,-1,6,1,28,6,1368,1,14,FIAT PUNTO,2,E01010503,0,2
2024421425616,2024,421425616,1,9,0,-1,19,5,1,-1,0,0,0,0,0,0,1,1,-1,9,1,23,5,1368,1,15,FIAT PUNTO,7,E01021412,0,4
2024421436227,2024,421436227,1,9,0,-1,9,7,3,-1,0,0,0,0,7,0,4,1,-1,9,1,34,6,1242,1,17,FIAT PUNTO,2,E01021989,0,1
2024320518100,2024,320518100,2,9,0,-1,-1,4,8,0,0,8,0,0,0,0,4,1,-1,-1,2,55,8,1242,1,13,FIAT PUNTO,9,E01026197,0,1
2024991404448,2024,991404448,1,9,0,-1,19,2,6,-1,0,0,2,0,1,11,1,1,-1,9,1,39,7,1242,1,17,FIAT PUNTO,1,-1,0,2
2024411496291,2024,411496291,2,9,0,-1,19,7,3,-1,0,0,0,0,0,0,1,1,-1,1,2,40,7,1368,1,14,FIAT PUNTO,6,E01023472,0,1
2024221491495,2024,221491495,2,9,0,-1,19,4,8,-1,0,8,0,0,0,0,3,1,-1,6,2,20,4,1242,1,9,FIAT PUNTO,6,E01028975,0,3
2024052400874,2024,052400874,3,9,0,2,2,0,0,0,0,8,0,0,0,0,1,1,6,6,3,-1,-1,1368,1,12,FIAT PUNTO,-1,-1,0,-1
2024131499300,2024,131499300,1,9,0,-1,19,1,7,-1,0,0,1,0,0,0,1,1,-1,9,1,18,4,1368,1,16,FIAT PUNTO,3,E01033002,0,1
2024401401732,2024,401401732,3,9,0,-1,4,5,1,-1,0,3,0,0,0,0,4,9,-1,6,1,23,5,1242,1,17,FIAT PUNTO,4,E01015755,0,1
2024201444563,2024,201444563,2,9,0,-1,19,2,6,-1,0,0,0,0,0,0,4,1,-1,1,1,33,6,1368,1,15,FIAT PUNTO,-1,-1,0,-1
2024471417024,2024,471417024,4,9,0,-1,19,3,7,-1,0,0,0,0,0,0,1,1,-1,9,1,50,8,1242,1,23,FIAT PUNTO,6,E01016877,0,2
2024201445879,2024,201445879,1,9,0,-1,4,2,6,-1,0,0,0,0,0,0,1,1,-1,6,3,-1,-1,1368,1,15,FIAT PUNTO,-1,-1,0,-1
2024201499184,2024,201499184,2,9,0,-1,5,7,3,-1,0,0,0,0,0,0,2,1,-1,6,1,52,8,1242,1,16,FIAT PUNTO,8,E01009730,0,1
2024211406328,2024,211406328,2,9,4,-1,19,2,6,-1,0,1,1,0,7,11,1,1,-1,1,2,45,7,1242,1,17,FIAT PUNTO,4,E01029578,0,1
2024610047624,2024,610047624,2,9,0,18,19,1,5,0,0,1,0,0,0,0,1,1,6,6,1,71,10,1248,2,13,FIAT PUNTO,3,W01001429,0,1
2024010531094,2024,010531094,1,9,0,99,99,9,9,99,99,9,9,99,9,99,2,9,6,6,2,47,8,1368,1,13,FIAT PUNTO,9,E01001533,0,1
2024010519368,2024,010519368,2,9,0,2,2,0,0,0,0,0,0,0,0,0,1,2,6,6,3,-1,-1,1242,1,13,FIAT PUNTO,-1,-1,0,-1
202454F314824,2024,54F314824,1,9,0,16,19,6,1,0,0,8,1,0,7,4,1,1,6,6,2,26,6,1368,1,14,FIAT PUNTO,10,E01031966,0,2
2024610047624,2024,610047624,1,9,0,9,9,5,3,0,0,5,0,0,1,2,1,1,6,6,1,74,10,1242,1,18,FIAT PUNTO,3,W01001429,0,1
2024302401334,2024,302401334,2,9,0,18,19,1,5,0,0,8,0,0,0,0,1,1,6,6,1,25,5,1242,1,18,FIAT PUNTO,7,E01019553,0,1
2024522402782,2024,522402782,1,9,0,18,19,2,6,0,0,0,0,0,1,9,1,1,6,6,1,17,4,1368,1,11,FIAT PUNTO,4,E01015185,0,5
2024041489489,2024,041489489,1,9,0,-1,9,-1,-1,-1,0,3,0,0,-1,0,-1,9,-1,6,1,-1,-1,1242,1,16,FIAT PUNTO,3,E01005015,0,4
2024052401025,2024,052401025,1,9,0,5,5,7,5,0,0,6,0,0,0,0,1,1,6,6,1,59,9,1242,1,22,FIAT PUNTO,6,E01006955,0,2
2024440535193,2024,440535193,2,9,0,18,19,8,4,0,0,0,0,0,0,0,1,1,6,6,2,63,9,1242,1,19,FIAT PUNTO,9,E01022674,0,2
2024010524763,2024,010524763,1,9,0,11,11,3,7,0,0,5,0,0,0,0,2,1,2,2,1,19,4,1242,1,13,FIAT PUNTO,2,E01000030,0,2
2024520000824,2024,520000824,1,9,0,18,19,4,8,0,0,0,0,0,0,0,1,1,6,6,1,26,6,875,1,11,FIAT PUNTO,6,W01001377,0,4
2024052400875,2024,052400875,1,9,0,1,1,8,4,0,0,0,0,4,1,11,2,1,6,6,1,82,11,1368,1,16,FIAT PUNTO,10,E01007187,0,1
2024041466189,2024,041466189,2,9,0,-1,3,1,3,-1,0,0,0,0,0,0,1,1,-1,6,1,41,7,1368,1,18,FIAT PUNTO,1,E01024885,0,1
2024451448291,2024,451448291,2,9,0,-1,19,2,6,-1,0,1,0,0,0,0,1,1,-1,6,2,30,6,1242,1,17,FIAT PUNTO,8,E01030991,0,1
2024221460413,2024,221460413,1,9,0,-1,9,2,8,-1,0,6,0,0,0,0,3,1,-1,2,2,44,7,1242,1,16,FIAT PUNTO,4,E01028968,0,1
2024421424177,2024,421424177,2,9,0,-1,2,4,8,-1,0,0,0,0,7,10,2,1,-1,9,1,42,7,1368,1,16,FIAT PUNTO,8,E01021924,0,1
2024041414533,2024,041414533,1,9,0,-1,13,3,7,-1,0,1,0,0,0,0,4,1,-1,6,1,21,5,1368,1,12,FIAT PUNTO,3,E01012750,0,1
2024122500448,2024,122500448,1,9,0,18,19,5,1,0,0,0,2,0,0,0,0,1,6,6,1,20,4,1368,1,15,FIAT PUNTO,3,-1,0,5
2024991461011,2024,991461011,1,9,0,-1,5,2,8,-1,0,6,0,0,0,0,1,1,-1,9,1,31,6,1368,1,14,FIAT PUNTO,2,-1,0,1
2024320310543,2024,320310543,1,9,0,-1,-1,8,4,0,0,0,1,0,0,0,1,1,6,6,2,29,6,1368,1,14,FIAT PUNTO,4,E01018100,0,4
2024320690821,2024,320690821,1,9,0,-1,-1,3,7,0,0,0,1,0,0,3,1,1,-1,-1,1,18,4,1242,1,17,FIAT PUNTO,3,E01026248,0,1
2024320054741,2024,320054741,1,9,0,5,5,8,4,0,0,0,0,0,0,0,1,1,-1,-1,1,17,4,1368,1,7,FIAT PUNTO,9,E01013788,0,4
2024461497217,2024,461497217,1,9,0,-1,5,7,3,-1,0,6,0,0,0,0,1,1,-1,6,1,23,5,1242,1,11,FIAT PUNTO,7,E01024550,0,2
2024122400216,2024,122400216,1,9,0,16,19,5,7,0,0,0,5,0,1,4,1,1,6,6,1,19,4,1242,1,16,FIAT PUNTO,1,E01011620,0,4
2024010526916,2024,010526916,1,9,0,99,99,9,9,99,99,9,9,99,9,99,3,9,6,6,1,68,10,1242,1,9,FIAT PUNTO,6,E01000513,0,1
2024371509901,2024,371509901,3,9,0,-1,19,8,4,-1,0,0,0,0,0,0,1,1,-1,6,2,31,6,1242,1,16,FIAT PUNTO,7,E01029875,0,1
2024061440227,2024,061440227,1,9,0,-1,19,7,2,-1,0,0,0,0,0,0,1,9,-1,6,3,-1,-1,1242,1,9,FIAT PUNTO,-1,-1,0,-1
2024991404078,2024,991404078,1,9,0,-1,19,2,6,-1,0,0,0,0,1,4,1,1,-1,9,1,17,4,1242,1,10,FIAT PUNTO,7,-1,0,2
2024211520927,2024,211520927,1,9,0,-1,19,6,2,-1,0,3,0,0,0,0,3,1,-1,2,1,69,10,1242,1,8,FIAT PUNTO,5,E01029855,0,1
2024010546525,2024,010546525,2,9,0,2,2,0,0,0,0,0,0,10,0,0,1,1,6,6,3,-1,-1,1368,1,17,FIAT PUNTO,-1,-1,0,-1
2024161459376,2024,161459376,2,9,0,-1,9,8,6,-1,0,8,0,0,0,0,1,9,-1,6,1,43,7,1368,1,15,FIAT PUNTO,3,E01013164,0,1
2024010542900,2024,010542900,2,9,0,2,2,0,0,0,0,8,0,0,0,0,3,1,6,6,3,-1,-1,1368,1,13,FIAT PUNTO,-1,-1,0,-1
2024201433826,2024,201433826,2,9,0,-1,19,6,3,-1,0,6,0,0,0,0,3,9,-1,6,2,45,7,1368,1,13,FIAT PUNTO,2,E01009592,0,1
2024544584924,2024,544584924,2,9,0,10,10,3,1,0,0,1,0,0,1,10,3,1,1,1,1,18,4,1242,1,10,FIAT PUNTO,8,E01031885,0,4
2024411466315,2024,411466315,1,9,0,-1,19,2,5,-1,0,3,0,0,0,0,3,1,-1,2,1,23,5,1368,1,13,FIAT PUNTO,3,E01023650,0,4
2024631447970,2024,631447970,2,9,0,-1,2,0,0,-1,0,0,0,4,0,0,2,1,-1,6,-1,-1,-1,1368,1,15,FIAT PUNTO,-1,-1,0,-1
2024201500391,2024,201500391,2,9,0,-1,19,8,4,-1,0,8,0,0,0,0,2,1,-1,6,1,30,6,1242,1,18,FIAT PUNTO,-1,-1,0,-1
2024332400748,2024,332400748,2,9,0,-1,19,2,6,-1,0,1,0,0,1,0,1,1,-1,6,1,21,5,1242,1,18,FIAT PUNTO,6,E01028126,0,4
2024161522585,2024,161522585,1,9,0,-1,2,0,0,-1,0,0,0,0,0,0,0,9,-1,6,-1,-1,-1,1368,1,14,FIAT PUNTO,-1,-1,0,-1