collision_index,collision_year,collision_ref_no,vehicle_reference,vehicle_type,towing_and_articulation,vehicle_manoeuvre_historic,vehicle_manoeuvre,vehicle_direction_from,vehicle_direction_to,vehicle_location_restricted_lane_historic,vehicle_location_restricted_lane,junction_location,skidding_and_overturning,hit_object_in_carriageway,vehicle_leaving_carriageway,hit_object_off_carriageway,first_point_of_impact,vehicle_left_hand_drive,journey_purpose_of_driver_historic,journey_purpose_of_driver,sex_of_driver,age_of_driver,age_band_of_driver,engine_capacity_cc,propulsion_code,age_of_vehicle,generic_make_model,driver_imd_decile,lsoa_of_driver,escooter_flag,driver_distance_banding
2024320026273,2024,320026273,1,9,0,18,19,8,4,0,0,0,5,0,1,9,2,1,-1,-1,2,22,5,1368,1,12,FIAT PUNTO,4,E01026250,0,1
2024010521738,2024,010521738,1,9,0,18,19,3,7,0,0,3,0,0,0,0,0,1,6,6,2,29,6,1242,1,10,FIAT PUNTO,4,E01000380,0,1
2024070424632,2024,070424632,1,9,0,18,19,2,6,0,0,8,0,0,0,0,1,1,6,6,1,27,6,1368,1,14,FIAT PUNTO,2,E01018553,0,1
2024440283681,2024,440283681,1,9,0,18,19,3,7,0,0,8,0,0,0,0,1,1,2,2,1,43,7,1368,1,15,FIAT PUNTO,6,E01022777,0,1
2024161532153,2024,161532153,1,9,0,-1,19,7,3,-1,0,1,0,0,0,0,1,1,-1,6,2,24,5,1242,1,17,FIAT PUNTO,1,E01035464,0,1
2024141464513,2024,141464513,1,9,0,-1,19,6,2,-1,0,0,0,0,0,0,1,1,-1,9,1,28,6,1242,1,10,FIAT PUNTO,6,E01008104,0,1
2024522401368,2024,522401368,2,9,0,18,19,8,4,0,0,3,0,0,0,0,1,1,6,6,1,25,5,1368,1,11,FIAT PUNTO,7,E01014735,0,3
2024631466649,2024,631466649,1,9,0,-1,19,1,5,-1,0,0,1,0,1,10,1,1,-1,6,1,39,7,1368,1,15,FIAT PUNTO,6,W01000431,0,3
202454F064424,2024,54F064424,1,9,0,18,19,4,8,0,0,0,0,4,0,0,1,1,6,6,1,38,7,1242,1,13,FIAT PUNTO,5,E01031908,0,1
2024211520349,2024,211520349,1,9,0,-1,-1,-1,-1,-1,-1,-1,-1,-1,-1,0,-1,1,-1,9,1,50,8,1242,1,17,FIAT PUNTO,-1,-1,0,-1
2024052401053,2024,052401053,1,9,0,17,19,1,5,0,0,0,0,0,1,2,4,1,2,2,2,52,8,1368,1,14,FIAT PUNTO,1,E01006643,0,1
2024201535522,2024,201535522,2,9,0,-1,19,7,8,-1,0,8,0,0,0,0,3,1,-1,6,1,21,5,1242,1,17,FIAT PUNTO,1,E01008896,0,2
2024440365180,2024,440365180,1,9,0,18,19,4,8,0,0,1,0,0,0,0,1,1,6,6,1,28,6,1242,1,20,FIAT PUNTO,-1,-1,0,-1
2024161402395,2024,161402395,2,9,0,-1,2,0,0,-1,0,0,0,0,0,0,3,9,-1,6,3,-1,-1,1242,1,16,FIAT PUNTO,-1,-1,0,-1
2024320690182,2024,320690182,1,9,0,9,9,4,2,0,0,5,0,0,1,4,1,1,-1,-1,2,57,9,1242,1,15,FIAT PUNTO,-1,-1,0,-1
2024101451806,2024,101451806,1,9,0,-1,19,1,5,-1,0,8,0,0,0,0,4,1,-1,9,1,26,6,1368,1,14,FIAT PUNTO,4,E01024258,0,5
2024522401789,2024,522401789,1,9,0,11,11,3,7,0,0,0,0,0,0,0,1,1,6,6,1,49,8,1242,1,18,FIAT PUNTO,4,E01014904,0,1
2024430123241,2024,430123241,2,9,0,18,19,7,3,0,0,1,1,0,0,0,1,1,6,6,1,-1,-1,1248,2,15,FIAT PUNTO,-1,-1,0,-1
2024122400375,2024,122400375,1,9,0,17,19,4,8,0,0,0,0,0,1,11,1,1,6,6,1,18,4,1368,1,14,FIAT PUNTO,8,E01033184,0,1
2024041454460,2024,041454460,1,9,0,-1,9,6,2,-1,0,1,0,0,0,0,2,1,-1,6,1,32,6,1248,2,18,FIAT PUNTO,1,E01025139,0,1
2024131458761,2024,131458761,1,9,0,-1,19,8,4,-1,0,8,0,0,0,0,4,1,-1,2,2,20,4,1242,1,12,FIAT PUNTO,3,E01010584,0,2
2024622400035,2024,622400035,1,9,0,18,19,2,6,0,0,0,0,4,0,0,1,1,6,6,1,73,10,1368,1,15,FIAT PUNTO,1,W01001274,0,1
2024440032065,2024,440032065,5,9,0,4,4,6,2,0,0,0,0,0,0,0,2,1,2,2,1,37,7,1248,2,18,FIAT PUNTO,4,E01017045,0,4
2024340WN0192,2024,340WN0192,1,9,0,-1,19,1,5,-1,0,0,1,0,7,4,1,1,-1,6,1,18,4,1242,1,13,FORD KA,8,E01027193,0,2
2024061404010,2024,061404010,2,9,0,-1,19,1,5,-1,0,0,0,0,0,0,2,1,-1,9,1,79,11,1242,1,9,FORD KA,8,E01025056,0,3
2024451414834,2024,451414834,3,9,0,-1,10,1,7,-1,0,8,0,0,0,0,2,1,-1,9,1,58,9,1242,1,8,FORD KA,8,E01030613,0,1
2024461467140,2024,461467140,1,9,0,-1,19,3,1,-1,0,6,0,0,0,0,1,1,-1,9,2,18,4,1242,1,14,FORD KA,5,E01024225,0,2
2024531462056,2024,531462056,1,9,0,-1,11,5,1,-1,0,0,2,0,8,1,1,1,-1,9,2,19,4,1242,1,12,FORD KA,2,E01022328,0,4
2024631448749,2024,631448749,2,9,0,-1,19,3,7,-1,0,8,0,0,0,0,1,1,-1,2,2,17,4,1242,1,12,FORD KA,4,W01001899,0,1
2024471536083,2024,471536083,3,9,0,-1,19,8,4,-1,0,0,0,0,0,0,1,2,-1,6,-1,-1,-1,1242,1,14,FORD KA,-1,-1,0,-1
2024320361565,2024,320361565,1,9,0,9,9,3,8,0,0,2,0,0,1,11,1,1,6,6,2,34,6,1299,1,16,FORD KA,5,E01026107,0,1
2024052402835,2024,052402835,1,9,0,18,19,3,7,0,0,0,5,7,1,1,1,1,6,6,2,41,7,1242,1,10,FORD KA,9,E01025553,0,4
2024371437352,2024,371437352,2,9,0,-1,19,3,7,-1,0,0,0,0,0,0,2,1,-1,6,2,37,7,1242,1,12,FORD KA,5,E01030073,0,1
2024101499505,2024,101499505,1,9,0,-1,19,4,1,-1,0,4,0,0,0,0,0,1,-1,6,1,33,6,1299,1,22,FORD KA,1,E01035622,0,1
2024520402810,2024,520402810,2,9,0,9,9,4,1,0,0,8,0,0,0,0,1,1,6,6,2,57,9,1242,1,12,FORD KA,4,E01029111,0,1
2024501398080,2024,501398080,1,9,0,-1,19,3,7,-1,0,0,5,0,7,9,1,1,-1,9,1,71,10,1242,1,9,FORD KA,5,E01020308,0,1
2024440236229,2024,440236229,1,9,0,18,19,1,0,0,0,3,0,0,7,1,1,1,6,6,2,34,6,1242,1,13,FORD KA,8,E01032843,0,4
2024440392392,2024,440392392,1,9,0,5,5,5,2,0,0,6,0,0,0,0,1,1,2,2,1,20,4,1242,1,15,FORD KA,7,E01022713,0,1
2024010504354,2024,010504354,1,9,0,99,99,9,9,99,99,9,9,99,9,99,1,9,6,6,2,59,9,1299,1,17,FORD KA,7,E01001929,0,1
2024552400642,2024,552400642,1,9,0,4,4,6,2,0,0,0,0,0,0,0,1,1,6,6,2,69,10,1242,1,9,FORD KA,5,E01016392,0,4
2024201488015,2024,201488015,1,9,0,-1,7,8,2,-1,0,5,0,0,0,0,2,1,-1,6,2,75,10,1242,1,13,FORD KA,9,E01010251,0,1
2024461398407,2024,461398407,2,9,0,-1,4,4,8,-1,0,0,1,0,0,0,2,1,-1,6,2,19,4,1242,1,14,FORD KA,6,E01024314,0,4
2024041443353,2024,041443353,2,9,0,-1,19,1,5,-1,0,1,0,0,0,0,1,1,-1,6,2,18,4,1242,1,15,FORD KA,5,E01012706,0,1
2024547875924,2024,547875924,2,9,0,3,3,5,1,0,0,1,0,0,0,0,2,1,6,6,2,31,6,1242,1,14,FORD KA,8,E01032704,0,2
2024131467170,2024,131467170,3,9,0,-1,5,1,5,-1,0,4,0,0,0,0,1,1,-1,9,2,35,6,1242,1,10,FORD KA,1,E01011842,0,1
2024371418575,2024,371418575,1,9,0,-1,19,1,5,-1,0,0,1,10,0,0,1,9,-1,9,2,17,4,1299,1,15,FORD KA,3,E01030077,0,1
2024311486316,2024,311486316,2,9,0,-1,7,2,4,-1,0,5,0,0,0,0,1,1,-1,2,2,25,5,1242,1,8,FORD KA,10,E01028414,0,2
2024461442861,2024,461442861,1,9,0,-1,19,1,5,-1,0,0,0,0,0,0,1,1,-1,2,1,26,6,1242,1,12,FORD KA,7,E01024157,0,1
2024010515938,2024,010515938,1,9,9,99,99,9,9,99,99,9,9,99,9,99,9,9,6,6,3,-1,-1,1242,1,11,FORD KA,4,E01030740,0,1
2024010505259,2024,010505259,1,9,0,9,9,2,7,0,0,8,0,0,0,0,1,1,6,6,2,42,7,1242,1,11,FORD KA,7,E01000362,0,3
2024161394893,2024,161394893,1,9,0,-1,9,1,5,-1,0,8,0,0,0,0,4,1,-1,9,2,69,10,1242,1,15,FORD KA,1,E01012876,0,1
2024520001958,2024,520001958,1,9,0,3,3,3,7,0,0,0,0,0,0,0,2,1,6,6,2,21,5,1242,1,14,FORD KA,4,E01014450,0,3
2024161403605,2024,161403605,1,9,0,-1,19,7,3,-1,0,0,1,0,7,11,1,1,-1,9,1,19,4,1248,2,11,FORD KA,3,E01012913,0,2
2024161433698,2024,161433698,1,9,0,-1,19,2,5,-1,0,0,5,4,7,0,1,1,-1,6,1,39,7,1299,1,18,FORD KA,1,E01012778,0,1
2024010494653,2024,010494653,1,9,0,99,99,9,9,99,99,9,9,99,9,99,9,9,6,6,2,58,9,1299,1,18,FORD KA,5,E01004172,0,1
2024371420560,2024,371420560,1,9,0,-1,19,5,3,-1,0,1,0,0,0,0,1,1,-1,2,2,19,4,1242,1,13,FORD KA,6,E01030041,0,1
2024061471333,2024,061471333,2,9,0,-1,10,3,7,-1,0,1,0,0,0,0,2,1,-1,2,2,22,5,1242,1,15,FORD KA,6,E01005780,0,1
2024351424572,2024,351424572,1,9,0,-1,19,2,6,-1,0,1,0,0,0,0,1,1,-1,6,2,-1,-1,1242,1,11,FORD KA,1,E01018103,0,1
2024991400645,2024,991400645,1,9,0,-1,9,8,6,-1,0,6,0,0,0,0,3,1,-1,9,2,18,4,1242,1,10,FORD KA,7,-1,0,1
2024440129571,2024,440129571,1,9,0,10,10,4,2,0,0,8,0,0,0,0,4,1,6,6,2,20,4,1242,1,13,FORD KA,6,E01022656,0,2
2024131483725,2024,131483725,3,9,0,-1,2,0,0,-1,0,8,0,0,0,0,2,1,-1,6,-1,-1,-1,1242,1,11,FORD KA,-1,-1,0,-1
2024471422575,2024,471422575,1,9,0,-1,19,1,5,-1,0,0,0,0,0,0,1,1,-1,9,2,19,4,1242,1,14,FORD KA,4,E01031428,0,3
2024451461734,2024,451461734,1,9,0,-1,7,3,7,-1,0,6,0,0,0,0,1,1,-1,9,2,73,10,1242,1,11,FORD KA,7,E01030660,0,1
2024440339629,2024,440339629,1,9,0,17,19,7,4,0,0,8,0,0,0,0,1,1,6,6,1,17,4,1242,1,12,FORD KA,1,E01022903,0,1
2024061506725,2024,061506725,2,9,0,-1,3,7,3,-1,0,1,1,1,1,0,2,1,-1,9,1,64,9,1242,1,13,FORD KA,3,E01004992,0,1
2024471430936,2024,471430936,1,9,0,-1,19,5,1,-1,0,0,0,0,0,0,3,1,-1,9,2,19,4,1242,1,12,FORD KA,7,E01034828,0,1
2024302400296,2024,302400296,1,9,0,18,19,7,3,0,0,0,0,0,0,0,1,1,6,6,2,22,5,1242,1,15,FORD KA,5,E01019407,0,3
2024631462879,2024,631462879,1,9,0,-1,19,5,1,-1,0,8,5,0,0,0,1,1,-1,2,2,50,8,1242,1,8,FORD KA,3,W01001287,0,4
2024122500070,2024,122500070,2,9,0,1,1,7,3,0,0,8,0,0,3,0,1,1,6,6,2,74,10,1242,1,14,FORD KA,6,E01027616,0,1
2024340WN5802,2024,340WN5802,2,9,0,-1,19,1,5,-1,0,0,0,0,0,0,2,1,-1,7,2,42,7,1299,1,17,FORD KA,9,E01027018,0,1
2024411445946,2024,411445946,1,9,0,-1,19,1,5,-1,0,0,0,10,0,0,3,1,-1,6,2,17,4,1299,1,18,FORD KA,5,E01023705,0,1
2024451422601,2024,451422601,3,9,0,-1,19,7,3,-1,0,0,0,0,0,0,0,1,-1,9,1,24,5,1242,1,11,FORD KA,3,E01000062,0,4
2024211535920,2024,211535920,1,9,0,-1,19,5,8,-1,0,0,0,0,0,0,1,1,-1,9,2,69,10,1299,1,16,FORD KA,7,E01034100,0,1
2024471488469,2024,471488469,1,9,0,-1,19,3,1,-1,0,0,0,0,0,0,4,1,-1,1,2,45,7,1242,1,10,FORD KA,4,E01020976,0,3
2024141498745,2024,141498745,1,9,0,-1,9,8,6,-1,0,8,0,0,0,0,1,1,-1,9,2,82,11,1242,1,11,FORD KA,7,E01008154,0,1
2024501495597,2024,501495597,3,9,0,-1,19,8,4,-1,0,0,0,0,0,0,1,1,-1,2,2,18,4,1242,1,12,FORD KA,4,E01018760,0,1
2024070147565,2024,070147565,1,9,0,4,4,2,6,0,0,1,0,0,0,0,1,1,6,6,2,77,11,1242,1,13,FORD KA,6,E01018472,0,2
2024610053024,2024,610053024,2,9,0,18,19,1,5,0,0,0,1,0,1,0,1,1,6,6,2,19,4,1242,1,15,FORD KA,2,W01001436,0,2
2024311495547,2024,311495547,2,9,0,-1,2,0,0,-1,0,0,0,0,0,0,3,1,-1,6,-1,-1,-1,1242,1,14,FORD KA,-1,-1,0,-1
2024501405153,2024,501405153,1,9,0,-1,19,5,3,-1,0,0,0,0,0,0,3,1,-1,9,2,26,6,1242,1,15,FORD KA,10,E01025914,0,5
2024031513267,2024,031513267,1,9,0,-1,19,6,2,-1,0,0,0,0,2,11,1,1,-1,9,1,18,4,1242,1,13,FORD KA,7,E01019178,0,3
2024131499843,2024,131499843,1,9,0,-1,3,1,1,-1,0,0,0,0,0,0,2,1,-1,9,2,30,6,1242,1,10,FORD KA,7,E01005005,0,4
2024010516952,2024,010516952,2,9,0,3,3,5,1,0,0,2,0,0,0,0,2,1,6,6,1,26,6,1299,1,22,FORD KA,-1,-1,0,-1
2024501500087,2024,501500087,2,9,0,-1,19,5,1,-1,0,8,0,0,0,0,3,1,-1,6,1,50,8,1242,1,12,FORD KA,9,E01015105,0,2
2024531445273,2024,531445273,1,9,0,-1,19,7,3,-1,0,8,0,0,0,0,1,1,-1,9,2,20,4,1242,1,14,FORD KA,10,E01026362,0,5
2024201491676,2024,201491676,2,9,0,-1,19,6,2,-1,0,8,0,0,0,0,4,1,-1,9,1,19,4,1242,1,11,FORD KA,3,E01009458,0,1
2024440290690,2024,440290690,2,9,0,10,10,2,8,0,0,1,0,0,0,0,2,1,6,6,2,18,4,1242,1,11,FORD KA,9,E01000116,0,5
2024421514215,2024,421514215,2,9,0,-1,19,3,7,-1,0,0,0,0,0,0,3,1,-1,6,1,69,10,1299,1,17,FORD KA,5,E01021518,0,2
2024501521739,2024,501521739,1,9,0,-1,19,6,2,-1,0,0,5,0,2,10,4,1,-1,6,2,61,9,1242,1,15,FORD KA,6,E01020276,0,2
2024552400111,2024,552400111,1,9,0,9,9,4,1,0,0,5,0,0,0,0,1,1,1,1,1,19,4,1242,1,13,FORD KA,10,E01015399,0,1
2024622400173,2024,622400173,3,9,0,17,19,4,8,0,0,0,0,0,0,0,2,1,6,6,2,22,5,1242,1,11,FORD KA,8,W01000610,0,4
2024201504517,2024,201504517,2,9,0,-1,5,5,1,-1,0,0,0,0,0,0,1,9,-1,9,2,19,4,1242,1,15,FORD KA,1,E01009113,0,2
2024552401261,2024,552401261,1,9,0,18,19,2,6,0,0,6,0,0,0,0,1,1,6,6,2,23,5,1242,1,9,FORD KA,7,E01020509,0,1
2024010527754,2024,010527754,1,9,0,18,19,8,4,0,0,1,0,0,0,0,4,1,2,2,1,24,5,1242,1,15,FORD KA,8,E01000341,0,1
2024440302019,2024,440302019,1,9,0,18,19,7,3,0,0,0,0,0,0,0,4,1,6,6,2,27,6,1242,1,12,FORD KA,9,E01023147,0,1
2024440514653,2024,440514653,1,9,0,9,9,1,7,0,0,2,0,0,0,0,2,1,2,2,2,27,6,1299,1,17,FORD KA,4,E01017206,0,1
2024221404357,2024,221404357,1,9,0,-1,19,2,4,-1,0,0,5,0,0,0,1,9,-1,9,2,18,4,1242,1,8,FORD KA,3,E01033526,0,2
2024221532518,2024,221532518,2,9,0,-1,7,4,6,-1,0,2,0,0,0,0,3,1,-1,6,2,69,10,1242,1,13,FORD KA,1,E01032434,0,1
2024461512631,2024,461512631,1,9,0,-1,19,6,8,-1,0,8,0,0,7,1,1,1,-1,9,2,34,6,1242,1,10,FORD KA,5,E01026423,0,5
2024631418657,2024,631418657,1,9,0,-1,9,6,5,-1,0,6,0,0,0,0,1,1,-1,9,2,19,4,1242,1,14,FORD KA,6,W01000517,0,1
2024161424825,2024,161424825,2,9,0,-1,7,3,7,-1,0,1,0,0,0,0,1,9,-1,6,2,-1,-1,1242,1,12,FORD KA,-1,-1,0,-1
2024501442690,2024,501442690,2,9,0,-1,19,8,4,-1,0,0,0,0,0,0,4,1,-1,2,2,25,5,1242,1,10,FORD KA,4,E01018866,0,3
2024010516569,2024,010516569,1,9,0,7,7,1,3,0,0,4,0,0,0,0,1,1,6,6,2,26,6,1242,1,9,FORD KA,5,E01000338,0,1
2024461512057,2024,461512057,1,9,0,-1,19,1,1,-1,0,0,0,0,0,0,3,1,-1,9,1,19,4,1242,1,10,FORD KA,10,E01024823,0,1
2024052402191,2024,052402191,2,9,0,18,19,3,7,0,0,8,0,0,1,0,1,1,6,6,3,-1,-1,1242,1,10,FORD KA,-1,-1,0,-1
2024522401393,2024,522401393,2,9,0,18,19,1,5,0,0,8,0,0,0,0,1,1,6,6,1,30,6,1242,1,12,FORD KA,6,E01014614,0,1
2024311406429,2024,311406429,1,9,0,-1,19,4,8,-1,9,0,1,10,1,0,0,1,-1,6,2,21,5,1242,1,15,FORD KA,2,E01019498,0,4
2024052402087,2024,052402087,2,9,0,18,19,7,3,0,0,8,0,0,0,0,1,1,6,6,2,26,6,1242,1,10,FORD KA,1,E01007155,0,1
2024430034916,2024,430034916,1,9,0,1,1,4,8,0,0,0,1,0,0,0,1,1,6,6,2,68,10,1242,1,15,FORD KA,8,E01028562,0,1
2024131495472,2024,131495472,1,9,0,-1,19,1,5,-1,0,0,0,0,0,0,1,1,-1,9,1,64,9,1242,1,10,FORD KA,9,E01011457,0,3
2024461408788,2024,461408788,1,9,0,-1,3,7,3,-1,0,8,0,11,0,0,1,1,-1,6,2,91,11,1242,1,15,FORD KA,8,E01024454,0,1
2024991434116,2024,991434116,1,9,0,-1,19,6,3,-1,0,0,5,0,1,9,1,1,-1,6,2,22,5,1242,1,13,FORD KA,4,-1,0,3
2024610050224,2024,610050224,1,9,0,3,3,6,2,0,0,1,0,0,0,0,2,1,2,2,2,31,6,1242,1,11,FORD KA,7,W01001439,0,4
2024141401033,2024,141401033,1,9,0,-1,9,3,1,-1,0,0,0,0,0,0,1,1,-1,2,1,20,4,1242,1,10,FORD KA,4,E01007489,0,2
2024302400929,2024,302400929,1,9,0,5,5,1,5,0,0,4,0,0,0,0,1,1,6,6,2,55,8,1242,1,14,FORD KA,9,E01019591,0,2
2024371410716,2024,371410716,1,9,0,-1,9,7,3,-1,0,1,0,0,0,0,1,1,-1,6,2,74,10,1299,1,16,FORD KA,7,E01029974,0,1
2024041473077,2024,041473077,1,9,0,-1,19,3,7,-1,0,0,1,0,0,0,1,2,-1,6,2,19,4,1242,1,13,FORD KA,9,E01025437,0,2
2024991431816,2024,991431816,1,9,0,-1,19,1,3,-1,0,0,0,0,0,0,1,1,-1,9,2,85,11,1242,1,10,FORD KA,8,-1,0,3
2024052402482,2024,052402482,1,9,0,9,9,3,1,0,0,8,0,0,0,0,4,1,6,6,1,29,6,1242,1,11,FORD KA,8,E01006668,0,2
2024351452924,2024,351452924,2,9,0,-1,9,8,4,-1,0,5,0,0,7,0,3,1,-1,6,2,25,5,1242,1,12,FORD KA,2,E01017946,0,1
2024010530654,2024,010530654,1,9,0,18,19,1,5,9,9,8,0,0,2,10,1,1,2,2,2,33,6,1299,1,17,FORD KA,4,E01001724,0,1
2024302401311,2024,302401311,1,9,0,18,19,2,6,0,0,1,0,0,0,0,1,1,6,6,1,23,5,1242,1,14,FORD KA,8,E01019518,0,1
2024440512791,2024,440512791,1,9,0,4,4,6,2,0,0,1,0,0,0,0,2,1,6,6,2,47,8,1242,1,12,FORD KA,4,E01022670,0,3
2024111425484,2024,111425484,4,9,0,-1,19,1,5,-1,0,0,0,0,0,0,1,1,-1,1,1,24,5,1299,1,19,FORD KA,8,E01029570,0,5
2024340WN1582,2024,340WN1582,1,9,0,-1,19,2,6,-1,0,0,5,4,0,0,4,1,-1,6,2,21,5,1242,1,12,FORD KA,9,E01021527,0,5
2024141462633,2024,141462633,1,9,0,-1,19,3,8,-1,0,1,0,0,0,0,1,1,-1,9,1,17,4,1242,1,11,FORD KA,4,E01007699,0,1
2024201452054,2024,201452054,2,9,0,-1,2,0,0,-1,0,0,0,0,0,0,2,9,-1,6,2,53,8,1242,1,11,FORD KA,3,E01008957,0,1
2024311423032,2024,311423032,2,9,0,-1,10,6,3,-1,0,6,0,0,1,0,1,1,-1,6,2,17,4,1242,1,15,FORD KA,6,E01028242,0,1
2024111535617,2024,111535617,3,9,0,-1,19,4,8,-1,0,0,0,0,0,0,3,1,-1,9,1,78,11,1242,1,13,FORD KA,5,E01020814,0,1
2024471434911,2024,471434911,2,9,0,-1,19,6,2,-1,0,0,0,0,0,0,1,1,-1,6,2,62,9,1299,1,16,FORD KA,10,E01021194,0,1
2024411496657,2024,411496657,2,9,0,-1,5,8,4,-1,0,0,5,0,0,0,2,1,-1,2,1,32,6,1242,1,9,FORD KA,8,E01015799,0,3
2024052400423,2024,052400423,1,9,0,18,19,8,4,0,0,6,0,0,0,0,1,1,6,6,2,31,6,1299,1,19,FORD KA,2,E01006718,0,1
2024461453440,2024,461453440,1,9,0,-1,19,7,3,-1,0,0,0,0,1,4,1,1,-1,6,2,22,5,1242,1,12,FORD KA,9,E01024431,0,3
2024122400395,2024,122400395,1,9,0,13,13,7,3,0,0,0,1,0,1,0,1,1,6,6,2,24,5,1299,1,16,FORD KA,10,E01013057,0,2
2024221492258,2024,221492258,1,9,0,-1,9,3,1,-1,0,6,1,0,0,0,1,1,-1,6,1,65,9,1242,1,13,FORD KA,9,E01032396,0,3
2024320171220,2024,320171220,1,9,0,-1,-1,2,6,0,0,0,0,0,7,0,1,1,1,1,2,20,4,1242,1,13,FORD KA,-1,-1,0,-1
2024131485196,2024,131485196,1,9,0,-1,19,1,1,-1,0,8,0,0,0,0,4,1,-1,6,2,56,9,1242,1,11,FORD KA,1,E01011003,0,1
2024122400359,2024,122400359,2,9,0,18,19,1,5,0,0,8,0,0,0,0,2,1,6,6,2,18,4,1242,1,14,FORD KA,1,E01019796,0,4
2024471427350,2024,471427350,1,9,0,-1,19,8,4,-1,0,0,5,0,0,0,1,9,-1,6,2,19,4,1242,1,12,FORD KA,10,E01031803,0,4
2024451420353,2024,451420353,2,9,0,-1,7,7,8,-1,0,8,0,0,0,0,4,9,-1,6,2,35,6,1242,1,8,FORD KA,9,E01030403,0,1
2024201451441,2024,201451441,3,9,0,-1,19,1,5,-1,0,8,0,0,0,0,1,9,-1,6,2,44,7,1242,1,10,FORD KA,8,E01009465,0,1
2024221466238,2024,221466238,2,9,0,-1,9,3,1,-1,0,5,0,0,0,0,1,9,-1,6,2,21,5,1242,1,10,FORD KA,6,E01032268,0,1
2024010513905,2024,010513905,2,9,0,99,99,9,9,99,99,9,9,99,9,99,9,9,6,6,2,44,7,1242,1,15,FORD KA,3,E01003293,0,1
2024201457299,2024,201457299,2,9,0,-1,3,3,7,-1,0,0,0,0,0,0,2,9,-1,2,1,54,8,1242,1,13,FORD KA,1,E01008966,0,1
2024421422344,2024,421422344,2,9,0,-1,11,4,8,-1,0,0,0,0,0,0,4,1,-1,2,1,37,7,1242,1,11,FORD KA,6,E01033064,0,3
2024351445584,2024,351445584,2,9,0,-1,19,3,7,-1,0,1,0,0,0,0,1,1,-1,6,1,18,4,1242,1,14,FORD KA,10,E01023454,0,4
2024461532883,2024,461532883,2,9,0,-1,19,1,5,-1,0,0,0,0,0,0,1,1,-1,6,2,29,6,1242,1,14,FORD KA,6,E01024346,0,4
2024471508982,2024,471508982,1,9,0,-1,19,7,3,-1,0,1,0,0,0,0,1,9,-1,6,3,-1,-1,1242,1,14,FORD KA,-1,-1,0,-1
2024991425579,2024,991425579,1,9,0,-1,19,4,8,-1,0,0,0,0,0,0,1,1,-1,9,2,24,5,1242,1,10,FORD KA,8,E01012225,0,5
2024501448571,2024,501448571,1,9,0,-1,19,3,7,-1,0,0,0,0,7,9,1,1,-1,2,2,19,4,1242,1,13,FORD KA,2,E01020277,0,4
2024421407366,2024,421407366,1,9,0,-1,19,1,5,-1,0,1,0,0,0,0,1,1,-1,2,1,19,4,1242,1,11,FORD KA,9,E01015995,0,3
2024471412165,2024,471412165,1,9,0,-1,9,4,2,-1,0,6,0,0,0,0,3,1,-1,6,2,41,7,1242,1,15,FORD KA,5,E01031565,0,1
2024451458142,2024,451458142,1,9,0,-1,99,6,2,-1,0,0,9,0,0,0,1,1,-1,9,2,30,6,1242,1,11,FORD KA,7,E01030741,0,3
2024041397187,2024,041397187,2,9,0,-1,19,1,5,-1,0,1,0,0,0,0,1,1,-1,9,2,18,4,1242,1,9,FORD KA,10,E01025472,0,3
2024061478020,2024,061478020,1,9,0,-1,19,1,5,-1,0,0,0,0,0,0,1,1,-1,6,2,20,4,1242,1,11,FORD KA,4,E01024960,0,1
2024231437684,2024,231437684,1,9,0,-1,1,8,4,-1,9,6,0,0,0,0,2,1,-1,9,1,18,4,1242,1,14,FORD KA,6,E01031322,0,2
2024231498968,2024,231498968,1,9,0,-1,19,6,2,-1,0,0,0,12,0,0,1,9,-1,6,1,18,4,1299,1,16,FORD KA,8,E01031070,0,4
2024010502619,2024,010502619,1,9,0,99,99,9,9,99,99,0,9,99,9,99,9,9,6,6,2,17,4,1242,1,14,FORD KA,6,E01021362,0,4
2024631441308,2024,631441308,1,9,0,-1,19,2,6,-1,0,0,5,0,2,10,4,1,-1,9,2,20,4,1242,1,15,FORD KA,9,E01019787,0,5
2024302401553,2024,302401553,2,9,0,4,4,2,6,0,0,1,0,0,0,0,2,1,6,6,2,72,10,1299,1,18,FORD KA,6,E01019482,0,2
2024311491116,2024,311491116,2,9,0,-1,9,7,6,-1,0,6,0,0,0,0,3,1,-1,6,2,18,4,1242,1,11,FORD KA,-1,-1,0,-1
2024471475853,2024,471475853,1,9,0,-1,9,7,3,-1,0,8,0,0,0,0,3,1,-1,9,1,25,5,1242,1,13,FORD KA,6,E01031656,0,1
2024010525368,2024,010525368,2,9,0,18,19,8,4,0,0,0,0,0,1,0,1,1,6,6,1,77,11,1242,1,12,FORD KA,2,E01004615,0,1