collision_index,collision_year,collision_ref_no,vehicle_reference,vehicle_type,towing_and_articulation,vehicle_manoeuvre_historic,vehicle_manoeuvre,vehicle_direction_from,vehicle_direction_to,vehicle_location_restricted_lane_historic,vehicle_location_restricted_lane,junction_location,skidding_and_overturning,hit_object_in_carriageway,vehicle_leaving_carriageway,hit_object_off_carriageway,first_point_of_impact,vehicle_left_hand_drive,journey_purpose_of_driver_historic,journey_purpose_of_driver,sex_of_driver,age_of_driver,age_band_of_driver,engine_capacity_cc,propulsion_code,age_of_vehicle,generic_make_model,driver_imd_decile,lsoa_of_driver,escooter_flag,driver_distance_banding
2024361510831,2024,361510831,2,9,0,-1,3,2,4,-1,0,1,0,0,0,0,2,1,-1,9,2,50,8,1299,1,18,FORD KA,7,E01026801,0,1
2024501447524,2024,501447524,1,9,0,-1,19,6,2,-1,0,1,0,0,0,0,1,2,-1,9,2,47,8,1242,1,11,FORD KA,10,E01015160,0,1
2024522401771,2024,522401771,1,9,0,9,9,6,4,0,0,5,0,0,0,0,1,1,6,6,2,52,8,1299,1,18,FORD KA,8,E01014506,0,1
2024122400616,2024,122400616,2,9,0,2,2,0,0,0,0,0,0,0,0,0,1,1,6,6,3,-1,-1,1242,1,15,FORD KA,-1,-1,0,-1
2024461435790,2024,461435790,2,9,0,-1,19,1,5,-1,0,0,0,0,0,0,1,1,-1,6,2,19,4,1242,1,11,FORD KA,5,E01024383,0,2
2024440450915,2024,440450915,3,9,0,3,3,6,2,0,0,1,0,0,0,0,1,1,6,6,2,20,4,1242,1,14,FORD KA,10,E01022688,0,2
2024361553069,2024,361553069,2,9,0,-1,19,3,7,-1,0,8,5,0,1,0,3,1,-1,9,1,27,6,1242,1,11,FORD KA,1,E01033437,0,1
2024010518205,2024,010518205,1,9,0,99,99,9,9,99,99,9,9,99,9,99,2,9,2,2,2,41,7,1242,1,11,FORD KA,7,E01001495,0,2
2024131471142,2024,131471142,1,9,0,-1,19,3,7,-1,0,0,0,0,0,0,1,1,-1,6,1,31,6,1242,1,14,FORD KA,8,E01011174,0,3
2024440516189,2024,440516189,1,9,0,18,19,5,1,0,0,8,0,0,0,0,1,1,2,2,1,62,9,1242,1,11,FORD KA,5,E01017369,0,2
2024061404549,2024,061404549,2,9,0,-1,19,7,2,-1,0,6,0,0,0,0,3,1,-1,9,2,42,7,1242,1,11,FORD KA,3,E01006007,0,2
2024610042424,2024,610042424,1,9,0,18,19,3,7,0,0,8,0,0,0,0,3,1,6,6,2,17,4,1242,1,10,FORD KA,9,W01001417,0,1
2024531516856,2024,531516856,1,9,0,-1,19,8,5,-1,0,0,1,0,1,0,1,1,-1,9,2,17,4,1242,1,10,FORD KA,10,E01014987,0,2
2024061461304,2024,061461304,2,9,0,-1,3,-1,-1,-1,0,0,0,0,0,0,1,1,-1,6,3,-1,-1,1242,1,10,FORD KA,-1,-1,0,-1
2024351519194,2024,351519194,2,9,0,-1,9,4,2,-1,0,8,0,0,0,0,1,1,-1,6,1,43,7,1242,1,12,FORD KA,2,E01015608,0,1
2024141482579,2024,141482579,1,9,0,-1,9,2,7,-1,0,6,0,0,0,0,3,1,-1,9,2,17,4,1242,1,12,FORD KA,6,E01007753,0,1
2024471535036,2024,471535036,1,9,0,-1,19,6,2,-1,0,0,5,0,7,4,1,1,-1,6,1,23,5,1242,1,12,FORD KA,6,E01024425,0,4
2024552401503,2024,552401503,2,9,0,18,19,8,4,0,0,8,0,0,0,0,1,1,6,6,2,20,4,1242,1,12,FORD KA,10,E01015433,0,2
2024520402386,2024,520402386,1,9,0,7,7,4,5,0,0,8,0,0,1,11,1,1,6,6,2,18,4,1299,1,18,FORD KA,7,E01029070,0,1
2024010553234,2024,010553234,2,9,9,99,99,9,9,99,99,9,9,99,9,99,9,9,6,6,3,-1,-1,1299,1,16,FORD KA,-1,-1,0,-1
2024101419829,2024,101419829,1,9,0,-1,19,7,5,-1,0,8,0,0,0,0,1,1,-1,9,2,70,10,1242,1,9,FORD KA,1,E01008608,0,1
2024122401035,2024,122401035,1,9,0,18,19,5,1,0,0,0,0,0,0,0,1,1,6,6,2,48,8,1242,1,11,FORD KA,8,E01027682,0,2
2024461476573,2024,461476573,1,9,0,-1,7,1,3,-1,0,6,0,0,0,0,1,1,-1,6,2,19,4,1242,1,15,FORD KA,2,E01024604,0,1
2024041442942,2024,041442942,2,9,0,-1,19,7,3,-1,0,8,0,0,0,0,1,1,-1,9,2,21,5,1242,1,12,FORD KA,6,E01007029,0,3
2024311414793,2024,311414793,2,9,0,-1,19,8,4,-1,0,1,0,0,0,0,2,1,-1,6,2,40,7,1242,1,11,FORD KA,4,E01033770,0,3
2024501460582,2024,501460582,1,9,0,-1,11,3,7,-1,0,0,0,0,0,0,2,1,-1,9,2,38,7,1242,1,15,FORD KA,8,E01015098,0,1
2024122400362,2024,122400362,1,9,0,16,19,1,5,0,0,0,2,0,1,4,1,1,2,2,2,19,4,1242,1,15,FORD KA,8,E01027783,0,3
2024311471280,2024,311471280,1,9,0,-1,19,2,6,-1,0,1,0,0,0,0,1,9,-1,2,2,48,8,1299,1,17,FORD KA,-1,-1,0,-1
2024320612549,2024,320612549,2,9,0,-1,-1,5,1,0,0,8,0,0,0,0,1,1,-1,-1,2,39,7,1299,1,16,FORD KA,4,E01026230,0,1
2024552400557,2024,552400557,2,9,0,18,19,3,7,0,0,0,0,0,0,0,4,1,6,6,1,79,11,1299,1,16,FORD KA,2,E01015430,0,1
2024440437785,2024,440437785,2,9,0,7,7,8,2,0,0,6,0,0,1,10,3,1,6,6,2,22,5,1242,1,12,FORD KA,8,E01017056,0,1
2024010519295,2024,010519295,1,9,0,3,3,1,5,0,0,1,0,0,0,0,4,1,6,6,1,42,7,1242,1,13,FORD KA,7,E01004635,0,1
2024211505553,2024,211505553,1,9,0,-1,5,5,1,-1,0,2,0,0,0,0,3,1,-1,6,2,77,11,1242,1,15,FORD KA,8,E01029704,0,1
2024351410561,2024,351410561,1,9,0,-1,19,5,1,-1,0,0,0,0,0,0,1,1,-1,6,1,18,4,1242,1,12,FORD KA,6,E01015644,0,1
2024421489909,2024,421489909,2,9,0,-1,19,1,3,-1,0,0,0,0,0,0,2,1,-1,6,2,61,9,1242,1,10,FORD KA,6,E01002371,0,3
2024332400334,2024,332400334,1,9,0,-1,14,6,2,-1,0,0,0,4,0,0,4,1,-1,6,3,-1,-1,1242,1,14,FORD KA,-1,-1,0,-1
2024201435329,2024,201435329,1,9,0,-1,4,6,2,-1,0,0,0,0,0,0,2,1,-1,9,2,23,5,1242,1,11,FORD KA,1,E01033649,0,1
2024131423710,2024,131423710,2,9,0,-1,19,8,4,-1,0,1,0,0,0,0,1,1,-1,2,2,20,4,1242,1,15,FORD KA,9,E01027894,0,4
2024610053724,2024,610053724,2,9,0,18,19,7,3,0,0,0,0,0,0,0,1,1,1,1,2,34,6,1242,1,10,FORD KA,2,W01001358,0,1
2024371450793,2024,371450793,1,9,0,-1,11,7,3,-1,9,1,0,0,1,0,1,1,-1,6,2,27,6,1242,1,15,FORD KA,7,E01030038,0,4
2024461411059,2024,461411059,1,9,0,-1,8,1,4,-1,0,1,0,0,0,0,1,9,-1,9,1,20,4,1242,1,13,FORD KA,6,E01016080,0,1
2024320578844,2024,320578844,1,9,0,-1,-1,4,8,0,0,0,5,0,0,0,3,1,-1,-1,1,19,4,1242,1,12,FORD KA,3,E01026415,0,2
2024041511774,2024,041511774,2,9,0,-1,9,5,2,-1,0,1,0,0,0,0,0,1,-1,6,2,43,7,1242,1,14,FORD KA,6,E01025608,0,1
2024211426708,2024,211426708,1,9,0,-1,4,1,5,-1,0,0,0,0,0,0,2,1,-1,6,2,67,10,1242,1,12,FORD KA,-1,-1,0,-1
2024141491725,2024,141491725,1,9,0,-1,19,4,8,-1,0,3,2,0,2,4,3,1,-1,9,2,19,4,1242,1,12,FORD KA,6,E01007660,0,1
2024041413618,2024,041413618,2,9,0,-1,3,3,5,-1,0,8,0,0,0,0,2,1,-1,9,2,19,4,1242,1,15,FORD KA,9,E01025451,0,2
2024201411142,2024,201411142,1,9,0,-1,19,8,4,-1,0,8,0,0,0,0,1,9,-1,9,2,31,6,1248,2,13,FORD KA,9,E01009912,0,1
2024031470207,2024,031470207,2,9,0,-1,15,2,6,-1,0,0,0,0,0,0,3,1,-1,9,2,22,5,1242,1,12,FORD KA,-1,-1,0,-1
2024461478627,2024,461478627,1,9,0,-1,7,1,5,-1,0,1,0,0,0,0,4,1,-1,9,1,23,5,1242,1,13,FORD KA,10,E01016085,0,2
2024101448125,2024,101448125,2,9,0,-1,19,1,5,-1,0,6,0,0,0,0,1,1,-1,9,2,43,7,1242,1,11,FORD KA,4,E01008597,0,1
2024010526127,2024,010526127,1,9,0,10,10,9,9,99,99,9,9,99,9,99,9,9,6,6,3,-1,-1,1242,1,8,FORD KA,-1,-1,0,-1
2024061464675,2024,061464675,1,9,0,-1,19,1,3,-1,0,1,0,0,0,0,1,1,-1,9,2,18,4,1242,1,8,FORD KA,3,E01006293,0,1
2024501423751,2024,501423751,2,9,0,-1,13,6,2,-1,0,1,1,0,1,0,1,1,-1,9,1,84,11,1242,1,8,FORD KA,10,E01019909,0,1
2024061476305,2024,061476305,1,9,0,-1,9,8,6,-1,0,8,0,0,0,0,1,1,-1,6,1,27,6,1242,1,15,FORD KA,-1,-1,0,-1
2024401522116,2024,401522116,3,9,0,-1,2,0,0,-1,0,0,0,0,0,0,3,1,-1,6,-1,-1,-1,1299,1,17,FORD KA,-1,-1,0,-1
2024340NN1162,2024,340NN1162,1,9,0,-1,12,4,8,-1,0,7,1,0,0,0,1,1,-1,9,1,18,4,1299,1,19,FORD KA,3,E01035411,0,1
2024070405227,2024,070405227,4,9,0,2,2,0,0,0,0,0,0,0,0,0,3,1,6,6,3,-1,-1,1242,1,14,FORD KA,7,E01018736,0,1
2024430150976,2024,430150976,2,9,0,18,19,7,3,0,0,0,0,0,0,0,1,1,6,6,2,-1,-1,1299,1,17,FORD KA,-1,-1,0,-1
2024010550667,2024,010550667,1,9,0,18,19,7,3,0,0,0,0,0,0,0,0,1,6,6,2,44,7,1242,1,11,FORD KA,2,E01001081,0,1
2024440544986,2024,440544986,2,9,0,18,19,1,5,0,0,4,0,0,0,0,1,1,6,6,1,18,4,1299,1,18,FORD KA,9,E01022618,0,2
2024440271476,2024,440271476,3,9,0,18,19,1,5,0,0,1,0,0,0,0,1,1,6,6,2,76,11,1242,1,11,FORD KA,4,E01017234,0,1
2024501517074,2024,501517074,1,9,0,-1,19,1,5,-1,0,0,1,0,7,4,1,1,-1,6,1,19,4,1242,1,15,FORD KA,6,E01018917,0,4
2024010517179,2024,010517179,2,9,0,18,19,5,1,0,0,1,0,0,0,0,1,1,6,6,3,-1,-1,1242,1,13,FORD KA,-1,-1,0,-1
2024161414780,2024,161414780,1,9,0,-1,7,4,2,-1,0,0,0,0,0,0,1,1,-1,9,2,54,8,1242,1,10,FORD KA,3,E01012899,0,1
2024161485817,2024,161485817,2,9,0,-1,9,5,3,-1,0,5,0,0,0,0,4,1,-1,6,1,-1,-1,1242,1,8,FORD KA,4,E01012767,0,1
2024411465177,2024,411465177,1,9,0,-1,4,3,8,-1,0,1,0,0,0,0,1,1,-1,1,2,37,7,1299,1,18,FORD KA,7,E01023932,0,1
2024161486497,2024,161486497,1,9,0,-1,3,5,7,-1,0,1,0,0,0,0,1,1,-1,9,2,19,4,1242,1,9,FORD KA,2,E01012821,0,1
2024311534320,2024,311534320,1,9,0,-1,19,5,1,-1,0,1,0,4,0,0,1,1,-1,9,2,52,8,1242,1,9,FORD KA,9,E01012066,0,5
2024411480062,2024,411480062,2,9,0,-1,19,1,5,-1,0,2,0,0,0,0,1,1,-1,6,2,27,6,1242,1,11,FORD KA,6,E01023320,0,1
2024201465013,2024,201465013,2,9,0,-1,19,1,5,-1,0,0,0,0,0,0,3,1,-1,9,1,21,5,1299,1,16,FORD KA,1,E01010289,0,1
2024411496971,2024,411496971,2,9,-1,-1,4,5,1,-1,0,0,0,0,0,0,-1,9,-1,6,1,56,9,1242,1,9,FORD KA,3,E01023637,0,3
2024401442152,2024,401442152,1,9,-1,-1,-1,-1,-1,-1,-1,0,-1,-1,-1,0,3,9,-1,6,2,78,11,1242,1,15,FORD KA,2,E01015725,0,1
2024421404049,2024,421404049,1,9,0,-1,19,5,1,-1,0,0,0,0,0,0,1,1,-1,6,1,20,4,1299,1,17,FORD KA,8,E01021555,0,2
2024320321860,2024,320321860,2,9,0,3,3,1,5,0,0,1,0,0,0,0,2,1,-1,-1,2,45,7,1242,1,13,FORD KA,7,E01026147,0,1
2024161467355,2024,161467355,1,9,0,-1,19,7,3,-1,0,1,1,0,7,0,2,1,-1,9,2,19,4,1242,1,12,FORD KA,6,E01013001,0,3
2024421529454,2024,421529454,2,9,0,-1,19,-1,-1,-1,0,3,0,0,0,0,2,1,-1,6,2,51,8,1299,1,16,FORD KA,5,E01015865,0,1
2024421493997,2024,421493997,1,9,0,-1,19,1,5,-1,0,0,0,0,0,0,1,1,-1,6,2,79,11,1242,1,9,FORD KA,8,E01015998,0,3
2024461437252,2024,461437252,1,9,0,-1,7,-1,-1,-1,0,9,0,0,0,0,1,9,-1,6,1,-1,-1,1242,1,13,FORD KA,-1,-1,0,-1
2024461514130,2024,461514130,2,9,0,-1,3,8,3,-1,0,0,0,0,0,0,3,1,-1,6,1,80,11,1299,1,20,FORD KA,3,E01035289,0,3
2024421434973,2024,421434973,1,9,0,-1,1,1,5,-1,0,1,0,0,0,0,2,1,-1,6,1,32,6,1299,1,17,FORD KA,1,E01015842,0,1
2024141441369,2024,141441369,2,9,0,-1,9,7,3,-1,0,6,0,0,7,0,1,1,-1,6,1,19,4,1242,1,11,FORD KA,6,E01007560,0,1
2024991511067,2024,991511067,2,9,0,-1,9,2,8,-1,0,5,0,0,0,0,1,1,-1,1,1,56,9,1242,1,12,FORD KA,7,-1,0,3
2024421442875,2024,421442875,3,9,0,-1,19,7,3,-1,0,0,0,0,0,0,3,1,-1,2,2,31,6,1299,1,22,FORD KA,5,E01021572,0,2
2024440425552,2024,440425552,1,9,0,18,19,1,5,0,0,4,0,0,0,0,1,1,6,6,1,80,11,1242,1,10,FORD KA,10,E01023193,0,1
2024161418112,2024,161418112,1,9,0,-1,9,4,2,-1,0,8,0,0,0,0,1,9,-1,6,2,17,4,1242,1,15,FORD KA,9,E01034759,0,1
2024471529391,2024,471529391,1,9,0,-1,9,5,2,-1,0,6,0,0,3,0,3,1,-1,2,2,65,9,1242,1,10,FORD KA,3,E01031830,0,1
2024461456321,2024,461456321,1,9,0,-1,4,6,2,-1,0,0,1,0,0,0,1,1,-1,6,2,19,4,1299,1,16,FORD KA,5,E01016149,0,2
2024421448616,2024,421448616,2,9,0,-1,19,5,3,-1,0,8,0,0,0,0,1,1,-1,9,2,18,4,1299,1,21,FORD KA,8,E01021407,0,1
2024440127008,2024,440127008,1,9,0,18,19,1,5,0,0,8,0,0,1,10,1,1,6,6,2,19,4,1242,1,11,FORD KA,-1,-1,0,-1
202460Q007267,2024,60Q007267,1,9,0,4,4,1,3,0,0,4,0,0,0,0,1,1,6,6,2,61,9,1242,1,15,FORD KA,-1,-1,0,-1
2024411493279,2024,411493279,1,9,0,-1,9,4,2,-1,0,5,0,0,0,0,3,1,-1,2,2,19,4,1242,1,12,FORD KA,10,E01017816,0,3
2024302400796,2024,302400796,1,9,0,18,19,5,1,0,0,1,0,0,0,0,1,1,6,6,1,64,9,1242,1,14,FORD KA,2,E01019515,0,1
2024061512133,2024,061512133,1,9,0,-1,19,5,1,-1,0,0,0,0,0,0,1,1,-1,7,2,33,6,1242,1,13,FORD KA,-1,-1,0,-1
2024501491738,2024,501491738,1,9,0,-1,19,1,5,-1,0,0,0,0,0,0,4,1,-1,2,2,24,5,1242,1,15,FORD KA,6,E01020161,0,1
2024122400604,2024,122400604,1,9,0,16,19,8,3,0,0,0,0,0,1,4,1,1,6,6,1,18,4,1242,1,11,FORD KA,7,E01027667,0,2
2024401449356,2024,401449356,1,9,0,-1,19,3,7,-1,0,1,0,0,1,0,1,1,-1,6,2,55,8,1242,1,9,FORD KA,7,E01017455,0,2
2024010531997,2024,010531997,1,9,0,99,99,9,9,99,99,9,9,99,9,99,2,9,6,6,1,39,7,1242,1,15,FORD KA,1,E01000061,0,1
2024041484750,2024,041484750,1,9,0,-1,13,1,5,-1,0,1,0,0,0,0,1,1,-1,9,2,18,4,1242,1,12,FORD KA,10,E01005046,0,2
2024531498992,2024,531498992,1,9,0,-1,19,1,5,-1,0,1,0,0,0,0,1,9,-1,6,2,23,5,1299,1,21,FORD KA,9,E01022342,0,1
2024061500850,2024,061500850,2,9,0,-1,5,1,1,-1,99,4,0,0,0,0,3,1,-1,6,3,30,6,1299,1,18,FORD KA,-1,-1,0,-1
2024311512930,2024,311512930,1,9,0,-1,4,5,1,-1,0,0,0,0,0,0,2,1,-1,6,3,-1,-1,1242,1,15,FORD KA,-1,-1,0,-1
2024010509570,2024,010509570,1,9,0,18,19,1,5,0,0,1,0,0,0,0,1,2,6,6,2,23,5,1242,1,15,FORD KA,1,E01001080,0,3
2024010514530,2024,010514530,2,9,0,16,19,1,5,0,0,0,0,0,7,0,1,1,6,6,2,32,6,1242,1,14,FORD KA,4,E01016003,0,3
2024052400857,2024,052400857,1,9,0,18,19,2,8,0,0,1,0,0,0,0,1,1,2,2,2,23,5,1242,1,9,FORD KA,4,E01032445,0,5
2024010525106,2024,010525106,1,9,0,18,19,1,5,0,0,1,0,0,0,0,4,1,6,6,2,45,7,1242,1,9,FORD KA,-1,-1,0,-1
2024991514796,2024,991514796,2,9,0,-1,4,6,2,-1,0,0,0,0,0,0,1,1,-1,6,2,18,4,1242,1,14,FORD KA,4,-1,0,1
2024070415060,2024,070415060,1,9,0,-1,-1,3,7,0,0,0,0,0,0,0,1,1,6,6,2,28,6,1242,1,11,FORD KA,9,E01018526,0,2
2024010496361,2024,010496361,1,9,0,99,99,9,9,99,99,9,9,99,9,99,9,9,6,6,3,-1,-1,1242,1,10,FORD KA,-1,-1,0,-1
2024471394940,2024,471394940,2,9,0,-1,4,5,1,-1,0,1,0,0,0,0,2,1,-1,9,2,19,4,1242,1,12,FORD KA,6,E01034824,0,1
2024461481482,2024,461481482,2,9,0,-1,3,1,5,-1,0,0,0,0,0,0,1,1,-1,9,2,19,4,1242,1,10,FORD KA,6,E01024314,0,1
2024061494962,2024,061494962,1,9,0,-1,19,-1,-1,-1,0,2,0,0,0,0,3,1,-1,7,2,22,5,1242,1,11,FORD KA,2,E01006307,0,2
2024161471117,2024,161471117,1,9,0,-1,19,7,3,-1,0,8,0,0,0,0,1,9,-1,6,2,-1,-1,1242,1,13,FORD KA,-1,-1,0,-1
2024211461477,2024,211461477,2,9,0,-1,19,2,5,-1,0,0,0,0,0,0,1,1,-1,9,2,24,5,1242,1,13,FORD KA,2,E01014339,0,1
2024421428445,2024,421428445,1,9,0,-1,19,2,6,-1,0,0,0,0,0,0,1,1,-1,6,1,23,5,1242,1,11,FORD KA,4,E01016143,0,3
2024010537502,2024,010537502,2,9,0,18,19,3,7,0,0,8,0,0,0,0,1,1,6,6,2,23,5,1242,1,14,FORD KA,7,E01000790,0,2
2024351401208,2024,351401208,2,9,-1,-1,4,3,7,-1,0,0,0,0,0,0,2,9,-1,1,2,31,6,1242,1,14,FORD KA,9,E01026289,0,4
2024421414409,2024,421414409,2,9,0,-1,19,3,7,-1,0,0,0,0,0,0,2,1,-1,6,2,17,4,1242,1,12,FORD KA,9,E01015857,0,1
2024991424141,2024,991424141,1,9,0,-1,19,1,4,-1,0,8,0,0,0,0,4,1,-1,6,2,68,10,1242,1,15,FORD KA,9,-1,0,1
2024320168544,2024,320168544,1,9,0,9,9,6,4,0,0,5,0,0,0,0,1,1,-1,-1,2,17,4,1242,1,11,FORD KA,8,E01026185,0,1
2024451477903,2024,451477903,1,9,0,-1,19,1,5,-1,0,0,0,0,1,4,3,1,-1,9,1,21,5,1242,1,14,FORD KA,10,E01002286,0,4
2024471424904,2024,471424904,2,9,0,-1,9,6,3,-1,0,7,0,0,0,0,4,1,-1,6,2,73,10,1242,1,13,FORD KA,2,E01016918,0,1
2024440273671,2024,440273671,1,9,0,18,19,7,3,0,0,0,5,4,0,0,1,1,6,6,2,58,9,1242,1,15,FORD KA,10,E01034723,0,2
2024010530973,2024,010530973,4,9,0,2,2,0,0,6,6,0,0,0,0,0,0,1,6,6,3,-1,-1,1299,1,17,FORD KA,-1,-1,0,-1
2024161486445,2024,161486445,1,9,0,-1,19,3,7,-1,0,0,0,0,0,0,1,1,-1,2,2,41,7,1242,1,12,FORD KA,1,E01013206,0,1
2024332401039,2024,332401039,2,9,0,-1,19,6,2,-1,0,8,0,0,0,0,1,1,-1,9,2,38,7,1299,1,17,FORD KA,9,E01025892,0,2
2024201508841,2024,201508841,2,9,0,-1,9,1,6,-1,0,8,0,0,0,0,4,1,-1,6,2,54,8,1242,1,11,FORD KA,2,E01009954,0,2
2024141434711,2024,141434711,1,9,0,-1,19,3,7,-1,0,0,0,0,0,0,1,1,-1,6,2,18,4,1242,1,10,FORD KA,10,E01008146,0,1
2024221518889,2024,221518889,1,9,0,-1,19,2,5,-1,0,0,0,0,0,0,1,1,-1,2,1,35,6,1242,1,11,FORD KA,6,E01028975,0,2
2024231527743,2024,231527743,1,9,0,-1,19,3,7,-1,0,0,0,0,0,0,1,1,-1,6,2,18,4,1242,1,11,FORD KA,10,E01032891,0,1
2024311434053,2024,311434053,2,9,0,-1,4,2,6,-1,0,0,0,0,0,0,2,1,-1,1,2,45,7,1299,1,17,FORD KA,-1,-1,0,-1
2024351514835,2024,351514835,1,9,0,-1,3,6,3,-1,0,0,0,0,7,0,1,1,-1,6,2,20,4,1242,1,10,FORD KA,4,E01026250,0,4
2024501530449,2024,501530449,1,9,0,-1,19,7,3,-1,0,0,5,0,1,4,1,1,-1,6,1,22,5,1242,1,10,FORD KA,5,E01034643,0,4
2024211448350,2024,211448350,1,9,0,-1,19,4,8,-1,0,0,0,0,7,4,1,1,-1,9,1,18,4,1242,1,13,FORD KA,8,W01000347,0,4
2024401556255,2024,401556255,2,9,0,-1,2,0,0,-1,0,1,0,0,0,0,2,1,-1,6,-1,-1,-1,1299,1,19,FORD KA,-1,-1,0,-1
2024332400515,2024,332400515,2,9,0,-1,9,1,7,-1,0,3,0,0,0,0,2,1,-1,6,1,39,7,1242,1,11,FORD KA,7,E01025924,0,2
2024501424750,2024,501424750,1,9,0,-1,5,5,1,-1,9,0,0,4,7,0,1,1,-1,9,2,51,8,1242,1,11,FORD KA,6,E01019945,0,1
2024501491182,2024,501491182,1,9,0,-1,19,1,5,-1,0,0,5,0,0,0,3,1,-1,2,1,18,4,1242,1,15,FORD KA,5,E01018864,0,1
2024161484861,2024,161484861,1,9,0,-1,19,2,6,-1,0,0,0,0,1,0,1,1,-1,6,2,22,5,1248,2,13,FORD KA,5,E01027796,0,4
2024010514108,2024,010514108,1,9,0,99,99,9,9,99,99,9,9,99,9,99,9,9,2,2,1,46,8,1242,1,8,FORD KA,7,E01004635,0,2
2024041480143,2024,041480143,1,9,0,-1,19,2,6,-1,0,0,1,0,7,9,0,1,-1,9,2,64,9,1242,1,13,FORD KA,1,E01012574,0,1
2024201474515,2024,201474515,2,9,0,-1,2,1,5,-1,0,1,0,0,0,0,2,9,-1,2,2,58,9,1242,1,12,FORD KA,2,E01010204,0,2
2024161452872,2024,161452872,2,9,0,-1,19,4,8,-1,0,1,0,0,0,0,1,9,-1,6,2,21,5,1242,1,11,FORD KA,-1,-1,0,-1
2024332401104,2024,332401104,2,9,0,-1,2,0,0,-1,0,0,0,0,0,0,2,1,-1,6,3,-1,-1,1242,1,12,FORD KA,-1,-1,0,-1
2024421442995,2024,421442995,1,9,0,-1,19,-1,-1,-1,0,1,0,0,0,0,1,1,-1,6,2,-1,-1,1242,1,11,FORD KA,-1,-1,0,-1
2024461509223,2024,461509223,1,9,0,-1,19,2,7,-1,0,8,0,0,0,0,4,1,-1,9,1,75,10,1242,1,13,FORD KA,2,E01000431,0,1
2024531508349,2024,531508349,1,9,0,-1,5,7,3,-1,0,6,0,0,0,0,1,9,-1,2,2,18,4,1242,1,14,FORD KA,4,E01021368,0,5
2024451457103,2024,451457103,1,9,0,-1,19,7,3,-1,0,1,0,0,0,0,1,1,-1,1,2,19,4,1242,1,12,FORD KA,9,E01030978,0,1
2024501406260,2024,501406260,1,9,0,-1,19,1,4,-1,9,2,1,10,7,0,1,1,-1,2,2,23,5,1242,1,15,FORD KA,8,E01019913,0,3
2024371499738,2024,371499738,2,9,0,-1,4,6,5,-1,0,1,1,0,3,0,1,1,-1,9,1,17,4,1242,1,15,FORD KA,6,E01029992,0,3
2024411404399,2024,411404399,1,9,0,-1,19,6,1,-1,0,0,1,0,2,0,2,9,-1,6,1,17,4,1299,1,16,FORD KA,7,E01023932,0,2
2024440047439,2024,440047439,1,9,0,18,19,8,4,0,0,1,0,0,0,0,3,1,6,6,2,18,4,1242,1,14,FORD KA,-1,-1,0,-1
2024421406957,2024,421406957,1,9,0,-1,19,8,4,-1,0,0,0,0,0,0,1,1,-1,9,2,58,9,1242,1,12,FORD KA,2,E01021989,0,3
2024461525831,2024,461525831,1,9,0,-1,19,1,5,-1,0,1,0,0,8,0,4,1,-1,6,3,-1,-1,1242,1,15,FORD KA,-1,-1,0,-1
2024451489259,2024,451489259,1,9,0,-1,9,1,7,-1,0,1,0,0,0,0,1,1,-1,9,2,20,4,1242,1,10,FORD KA,8,E01035362,0,1
2024471461578,2024,471461578,1,9,0,-1,19,-1,-1,-1,0,1,1,6,1,7,1,1,-1,9,2,18,4,1242,1,10,FORD KA,8,E01021115,0,2
2024010544826,2024,010544826,1,9,0,5,5,7,3,0,0,1,0,0,0,0,2,2,6,6,1,69,10,1299,1,18,FORD KA,4,E01004617,0,2
2024320505539,2024,320505539,1,9,0,-1,-1,3,7,0,0,2,1,0,1,3,1,1,-1,-1,2,19,4,1299,1,16,FORD KA,7,E01019802,0,5
2024461425211,2024,461425211,1,9,0,-1,5,3,7,-1,0,1,0,0,0,0,1,1,-1,2,2,44,7,1299,1,18,FORD KA,4,E01016097,0,1
2024361408696,2024,361408696,1,9,0,-1,19,3,5,-1,0,0,0,0,0,0,3,9,-1,6,2,53,8,1299,1,18,FORD KA,3,E01026639,0,1
2024430034233,2024,430034233,2,9,0,17,19,6,3,0,0,0,0,0,0,0,1,1,2,2,2,27,6,1242,1,12,FORD KA,9,E01032947,0,2
2024211433893,2024,211433893,2,9,0,-1,19,4,7,-1,0,1,0,0,0,0,1,1,-1,6,2,22,5,1242,1,14,FORD KA,4,E01029578,0,1
2024471449652,2024,471449652,2,9,0,-1,19,3,7,-1,0,1,0,0,0,0,1,1,-1,9,2,27,6,1242,1,15,FORD KA,7,E01021201,0,2
2024311511696,2024,311511696,1,9,0,-1,19,3,7,-1,0,0,2,0,1,0,1,2,-1,6,1,19,4,1242,1,10,FORD KA,9,E01028178,0,1
2024041478998,2024,041478998,1,9,0,-1,19,3,7,-1,0,6,0,0,0,0,1,1,-1,1,1,49,8,1299,1,16,FORD KA,2,E01024996,0,4
2024201437806,2024,201437806,2,9,0,-1,11,5,1,-1,0,0,0,0,0,0,1,1,-1,6,2,18,4,1242,1,14,FORD KA,2,E01010439,0,3