collision_index,collision_year,collision_ref_no,vehicle_reference,vehicle_type,towing_and_articulation,vehicle_manoeuvre_historic,vehicle_manoeuvre,vehicle_direction_from,vehicle_direction_to,vehicle_location_restricted_lane_historic,vehicle_location_restricted_lane,junction_location,skidding_and_overturning,hit_object_in_carriageway,vehicle_leaving_carriageway,hit_object_off_carriageway,first_point_of_impact,vehicle_left_hand_drive,journey_purpose_of_driver_historic,journey_purpose_of_driver,sex_of_driver,age_of_driver,age_band_of_driver,engine_capacity_cc,propulsion_code,age_of_vehicle,generic_make_model,driver_imd_decile,lsoa_of_driver,escooter_flag,driver_distance_banding
2024070812704,2024,070812704,1,9,0,-1,9,2,7,-1,0,1,0,0,7,1,4,1,-1,9,2,22,5,1242,1,11,FORD KA,3,E01005979,0,4
2024461416118,2024,461416118,1,9,0,-1,19,3,7,-1,0,0,5,0,1,0,1,1,-1,1,2,18,4,1242,1,14,FORD KA,8,E01021190,0,3
2024201453653,2024,201453653,2,9,0,-1,19,8,4,-1,0,1,0,0,0,0,1,1,-1,9,2,21,5,1242,1,12,FORD KA,-1,-1,0,-1
2024552500106,2024,552500106,2,9,0,4,4,4,8,0,0,0,0,0,0,0,1,1,6,6,2,32,6,1242,1,13,FORD KA,8,E01020474,0,1
2024010505576,2024,010505576,2,9,0,99,99,9,9,99,99,0,9,99,9,99,9,9,6,6,2,19,4,1242,1,10,FORD KA,6,E01024152,0,3
2024411531722,2024,411531722,1,9,0,-1,5,5,1,-1,0,0,0,0,0,0,1,1,-1,2,2,20,4,1299,1,18,FORD KA,8,E01033027,0,1
2024351420272,2024,351420272,3,9,0,-1,19,6,2,-1,0,0,0,0,1,4,1,1,-1,9,2,33,6,1242,1,11,FORD KA,2,E01018075,0,3
2024231490472,2024,231490472,1,9,0,-1,19,2,6,-1,0,1,0,0,0,0,1,1,-1,9,1,76,11,1242,1,9,FORD KA,10,E01031214,0,1
2024461456170,2024,461456170,4,9,0,-1,3,4,2,-1,0,0,0,0,0,0,2,1,-1,1,1,21,5,1242,1,8,FORD KA,7,E01021140,0,3
2024991470667,2024,991470667,1,9,0,-1,19,2,7,-1,0,2,2,0,1,0,1,1,-1,6,2,20,4,1242,1,10,FORD KA,6,-1,0,3
2024471461111,2024,471461111,1,9,0,-1,19,3,7,-1,0,1,0,0,1,10,4,1,-1,9,1,17,4,1242,1,13,FORD KA,10,E01031340,0,4
202417M103924,2024,17M103924,1,9,0,18,19,6,2,0,0,8,0,0,0,0,1,1,6,6,2,40,7,1242,1,11,FORD KA,2,E01012014,0,1
2024451463148,2024,451463148,2,9,0,-1,11,1,5,-1,0,0,0,0,0,0,1,1,-1,2,2,29,6,1242,1,11,FORD KA,7,E01024333,0,4
2024211452308,2024,211452308,1,9,0,-1,19,1,5,-1,0,0,0,0,0,0,1,1,-1,6,1,38,7,1299,1,17,FORD KA,2,E01014274,0,1
2024311505217,2024,311505217,1,9,0,-1,19,2,6,-1,0,0,0,0,0,0,3,1,-1,2,2,26,6,1242,1,10,FORD KA,1,E01028068,0,2
2024440021306,2024,440021306,2,9,0,18,19,2,6,0,0,8,1,0,0,0,3,1,6,6,2,50,8,1242,1,9,FORD KA,7,E01035320,0,3
2024031444421,2024,031444421,1,9,0,-1,19,7,3,-1,0,1,0,0,7,0,1,1,-1,2,2,43,7,1242,1,12,FORD KA,3,E01019126,0,1
2024311411206,2024,311411206,1,9,0,-1,19,6,2,-1,0,0,2,0,7,0,1,1,-1,2,2,20,4,1242,1,8,FORD KA,10,E01028389,0,1
2024421472005,2024,421472005,2,9,0,-1,19,3,7,-1,0,0,0,0,0,0,2,1,-1,9,2,31,6,1242,1,13,FORD KA,4,E01023891,0,4
2024451527676,2024,451527676,3,9,0,-1,4,1,5,-1,0,0,0,0,0,0,2,1,-1,9,2,27,6,1242,1,13,FORD KA,8,E01003417,0,3
2024221459725,2024,221459725,2,9,0,-1,10,3,4,-1,0,1,0,0,0,0,2,9,-1,2,2,22,5,1299,1,18,FORD KA,7,E01032195,0,1
2024141493590,2024,141493590,1,9,0,-1,19,3,7,-1,0,0,5,0,0,0,4,1,-1,9,2,19,4,1242,1,13,FORD KA,6,E01007585,0,1
2024451398108,2024,451398108,1,9,0,-1,19,2,6,-1,0,0,0,0,0,0,1,1,-1,9,2,56,9,1242,1,13,FORD KA,5,E01031571,0,3
2024371518625,2024,371518625,1,9,0,-1,19,1,5,-1,0,0,0,0,0,0,1,1,-1,2,2,37,7,1242,1,15,FORD KA,1,E01030036,0,3
2024031414654,2024,031414654,1,9,0,-1,19,8,4,-1,0,4,0,0,0,0,1,1,-1,6,2,18,4,1242,1,16,FORD KA,8,E01019374,0,2
2024141414033,2024,141414033,1,9,0,-1,19,2,4,-1,0,0,0,0,0,0,3,1,-1,9,2,23,5,1242,1,13,FORD KA,1,E01007804,0,3
2024361526794,2024,361526794,1,9,0,-1,19,5,1,-1,0,8,0,0,1,0,3,1,-1,9,2,80,11,1242,1,12,FORD KA,8,E01026653,0,1
2024041454552,2024,041454552,1,9,0,-1,9,3,7,-1,0,3,0,0,0,0,3,1,-1,9,2,18,4,1242,1,15,FORD KA,8,E01034337,0,1
2024440209152,2024,440209152,1,9,0,16,19,6,8,0,0,1,0,0,3,10,1,1,6,6,2,19,4,1248,2,13,FORD KA,6,E01023196,0,3
2024540337524,2024,540337524,1,9,0,18,19,5,1,0,0,1,0,0,0,0,1,1,2,2,2,39,7,1242,1,9,FORD KA,6,E01034375,0,1
2024231489642,2024,231489642,2,9,0,-1,10,2,4,-1,0,1,0,0,0,0,1,1,-1,2,1,41,7,1242,1,9,FORD KA,1,E01035017,0,1
2024610040224,2024,610040224,2,9,0,4,4,8,4,0,0,0,0,0,0,0,1,1,6,6,2,18,4,1242,1,13,FORD KA,4,W01001363,0,2
2024010535869,2024,010535869,1,9,0,18,19,1,5,0,0,8,0,0,0,0,1,1,6,6,1,77,11,1242,1,15,FORD KA,4,E01032764,0,2
2024461488432,2024,461488432,1,9,0,-1,14,6,2,-1,0,0,0,4,0,0,4,2,-1,9,1,75,10,1242,1,15,FORD KA,8,E01024221,0,1
2024421496758,2024,421496758,1,9,0,-1,19,6,6,-1,0,0,0,0,0,0,1,9,-1,6,1,85,11,1299,1,20,FORD KA,4,E01022048,0,1
2024211518331,2024,211518331,1,9,0,-1,7,5,1,-1,0,0,1,0,1,11,1,1,-1,6,1,42,7,1299,1,25,FORD KA,3,E01017979,0,5
2024311408178,2024,311408178,1,9,0,-1,19,7,2,-1,0,0,2,0,7,4,0,1,-1,2,2,22,5,1242,1,10,FORD KA,5,E01013551,0,4
2024421400194,2024,421400194,2,9,0,-1,19,5,1,-1,0,1,0,0,0,0,1,1,-1,6,2,55,8,1242,1,9,FORD KA,4,E01022033,0,1
2024041523890,2024,041523890,1,9,0,-1,19,1,5,-1,0,0,5,4,0,0,4,1,-1,6,1,20,4,1242,1,10,FORD KA,7,E01034763,0,1
2024131398690,2024,131398690,1,9,0,-1,19,2,6,-1,0,0,2,0,1,10,1,1,-1,9,1,18,4,1242,1,12,FORD KA,1,E01011475,0,2
2024440352481,2024,440352481,1,9,0,18,19,8,6,0,0,0,0,0,1,4,4,1,6,6,2,18,4,1242,1,15,FORD KA,10,E01023073,0,2
2024010501789,2024,010501789,2,9,0,99,99,9,9,99,99,9,9,99,9,99,9,9,6,6,3,-1,-1,1242,1,14,FORD KA,-1,-1,0,-1
2024440387601,2024,440387601,1,9,0,18,19,4,8,0,0,8,1,0,3,0,1,1,6,6,1,18,4,1242,1,12,FORD KA,-1,-1,0,-1
2024361522611,2024,361522611,1,9,0,-1,19,8,3,-1,0,0,0,0,7,0,1,1,-1,9,2,19,4,1242,1,12,FORD KA,4,E01026850,0,4
2024201469315,2024,201469315,3,9,0,-1,7,3,7,-1,0,3,0,10,1,0,3,9,-1,6,1,48,8,1242,1,14,FORD KA,2,E01010096,0,1
2024421443855,2024,421443855,1,9,0,-1,19,2,6,-1,0,0,0,0,0,0,1,1,-1,9,1,17,4,1242,1,10,FORD KA,10,E01021586,0,1
2024522401387,2024,522401387,1,9,0,9,9,7,5,0,0,8,0,0,0,0,1,1,6,6,2,19,4,1242,1,15,FORD KA,1,E01014800,0,3
2024991455527,2024,991455527,1,9,0,-1,19,7,3,-1,0,0,2,0,1,4,1,1,-1,2,2,31,6,1242,1,15,FORD KA,1,-1,0,2
2024461444913,2024,461444913,1,9,0,-1,19,7,3,-1,0,0,0,7,0,0,1,2,-1,9,2,22,5,1242,1,8,FORD KA,-1,-1,0,-1
2024501415134,2024,501415134,1,9,0,-1,19,3,6,-1,0,4,0,0,0,0,1,9,-1,6,2,56,9,1242,1,9,FORD KA,8,E01034636,0,1
2024622400130,2024,622400130,2,9,0,11,11,8,4,0,0,0,1,0,4,6,2,1,6,6,2,65,9,1299,1,17,FORD KA,3,W01001045,0,1
2024430053467,2024,430053467,2,9,0,9,9,8,6,0,0,6,0,0,0,0,3,1,6,6,2,17,4,1242,1,14,FORD KA,10,E01030770,0,3
2024361452922,2024,361452922,2,9,0,-1,19,1,5,-1,0,8,0,0,0,0,4,1,-1,9,1,25,5,1242,1,14,FORD KA,8,E01027186,0,5
2024421396464,2024,421396464,1,9,0,-1,19,5,1,-1,0,1,0,0,0,0,1,9,-1,9,2,53,8,1299,1,20,FORD KA,4,E01015819,0,1
2024440429305,2024,440429305,2,9,0,18,19,0,8,0,0,4,0,7,0,0,3,1,6,6,2,37,7,1299,1,16,FORD KA,3,E01017326,0,2
2024221408741,2024,221408741,1,9,0,-1,19,5,1,-1,0,0,0,0,1,0,1,1,-1,6,1,44,7,1242,1,12,FORD KA,8,E01014087,0,2
2024070790515,2024,070790515,1,9,0,-1,19,3,7,-1,0,0,0,0,0,0,1,1,-1,6,3,19,4,1242,1,14,FORD KA,-1,-1,0,-1
2024520000281,2024,520000281,1,9,0,18,19,-1,-1,0,0,1,0,0,0,0,1,1,6,6,2,60,9,1242,1,10,FORD KA,10,E01014932,0,1
2024320464428,2024,320464428,1,9,0,-1,-1,2,6,0,0,2,0,0,3,4,1,1,6,6,2,70,10,1242,1,8,FORD KA,9,E01026118,0,1
2024201433407,2024,201433407,1,9,0,-1,5,2,6,-1,0,6,0,0,0,0,1,1,-1,6,1,-1,-1,1242,1,11,FORD KA,1,E01009367,0,1
2024421499995,2024,421499995,1,9,0,-1,19,7,3,-1,0,8,0,0,0,0,1,1,-1,2,1,29,6,1242,1,8,FORD KA,-1,-1,0,-1
2024122500012,2024,122500012,1,9,0,18,19,7,3,0,0,4,0,0,0,0,1,1,6,6,2,24,5,1242,1,11,FORD KA,4,E01007489,0,2
2024332400796,2024,332400796,1,9,0,-1,9,3,5,-1,0,6,0,0,0,0,3,1,-1,9,2,32,6,1242,1,12,FORD KA,2,E01034745,0,4
2024010535574,2024,010535574,1,9,0,18,19,5,1,0,0,0,0,0,0,0,1,1,6,6,2,35,6,1242,1,15,FORD KA,3,E01001177,0,2
2024201518381,2024,201518381,1,9,0,-1,19,8,2,-1,0,0,0,0,0,0,2,1,-1,6,2,26,6,1242,1,13,FORD KA,8,E01009800,0,2
2024031416685,2024,031416685,1,9,0,-1,19,1,5,-1,0,0,0,0,1,0,3,1,-1,6,1,18,4,1242,1,14,FORD KA,5,E01019313,0,1
2024411462969,2024,411462969,2,9,0,-1,9,3,1,-1,0,6,0,0,0,0,3,9,-1,6,2,26,6,1242,1,12,FORD KA,8,E01021867,0,2
2024461454613,2024,461454613,1,9,0,-1,19,5,7,-1,0,1,1,0,0,0,2,9,-1,6,2,18,4,1242,1,13,FORD KA,7,E01035287,0,1
2024041407884,2024,041407884,3,9,0,-1,2,0,0,-1,0,0,0,0,0,0,1,1,-1,6,-1,-1,-1,1242,1,9,FORD KA,-1,-1,0,-1
2024991454112,2024,991454112,1,9,0,-1,19,4,8,-1,0,0,0,0,7,0,4,1,-1,9,1,19,4,1299,1,18,FORD KA,-1,-1,0,-1
2024320395863,2024,320395863,2,9,0,-1,-1,8,4,0,0,8,0,0,0,0,1,1,-1,-1,2,24,5,1242,1,11,FORD KA,6,E01028308,0,4
2024031436184,2024,031436184,1,9,0,-1,19,7,3,-1,0,8,0,11,0,0,1,1,-1,2,2,24,5,1242,1,9,FORD KA,-1,-1,0,-1
2024411462205,2024,411462205,1,9,0,-1,19,4,8,-1,0,6,0,0,0,0,1,1,-1,6,2,36,7,1248,2,14,FORD KA,4,E01023775,0,2
2024991442054,2024,991442054,1,9,0,-1,7,1,4,-1,0,1,0,0,0,0,1,1,-1,9,2,80,11,1242,1,8,FORD KA,8,-1,0,1
2024161474093,2024,161474093,3,9,0,-1,19,3,7,-1,0,1,0,0,0,0,1,1,-1,6,2,27,6,1242,1,10,FORD KA,9,E01013191,0,1
2024052401566,2024,052401566,2,9,0,12,12,5,1,0,0,0,0,0,0,0,2,1,6,6,2,71,10,1242,1,12,FORD KA,1,E01007269,0,1
2024221421136,2024,221421136,2,9,0,-1,4,2,6,-1,0,1,0,0,0,0,2,1,-1,9,2,39,7,1299,1,19,FORD KA,-1,-1,0,-1
2024061461675,2024,061461675,1,9,0,-1,3,-1,-1,-1,0,0,0,0,0,0,2,9,-1,6,3,-1,-1,1242,1,14,FORD KA,-1,-1,0,-1
2024991496041,2024,991496041,1,9,0,-1,5,3,6,-1,0,4,0,0,0,0,1,1,-1,9,2,86,11,1242,1,10,FORD KA,5,-1,0,3
2024010509819,2024,010509819,2,9,0,3,3,5,1,0,0,2,0,0,0,0,2,1,6,6,2,58,9,1242,1,11,FORD KA,2,E01001461,0,2
2024461529431,2024,461529431,1,9,0,-1,15,3,7,-1,0,0,1,4,0,0,1,1,-1,9,1,17,4,1242,1,11,FORD KA,3,E01001764,0,5
2024061462418,2024,061462418,2,9,0,-1,19,4,2,-1,0,1,0,0,1,0,1,1,-1,6,1,24,5,1248,2,14,FORD KA,9,E01006062,0,2
2024501513327,2024,501513327,2,9,0,-1,19,1,5,-1,0,1,0,0,0,0,3,1,-1,9,2,19,4,1242,1,11,FORD KA,1,E01015149,0,1
2024461488410,2024,461488410,1,9,0,-1,19,6,2,-1,0,0,0,0,7,0,1,1,-1,9,2,23,5,1242,1,15,FORD KA,2,E01024548,0,2
2024201449002,2024,201449002,2,9,0,-1,19,8,4,-1,0,0,0,0,0,0,2,1,-1,6,2,24,5,1242,1,10,FORD KA,7,E01009252,0,2
2024010527993,2024,010527993,2,9,0,99,99,9,9,99,99,9,9,99,9,99,9,9,6,6,2,-1,-1,1242,1,13,FORD KA,-1,-1,0,-1
2024010527062,2024,010527062,1,9,0,18,19,3,7,0,0,8,0,0,0,0,1,1,6,6,1,47,8,1242,1,12,FORD KA,2,E01015758,0,4
2024451493675,2024,451493675,1,9,0,-1,19,5,8,-1,0,0,1,0,5,6,1,1,-1,2,2,26,6,1242,1,12,FORD KA,8,E01016250,0,2
2024440208678,2024,440208678,2,9,0,9,9,6,2,0,0,6,0,0,0,0,3,1,6,6,1,80,11,1242,1,10,FORD KA,5,E01017158,0,2
2024010524012,2024,010524012,2,9,0,99,99,9,9,99,99,9,9,99,9,99,9,9,6,6,3,-1,-1,1242,1,10,FORD KA,-1,-1,0,-1
2024451394371,2024,451394371,2,9,0,-1,99,5,1,-1,0,0,1,0,0,0,9,9,-1,6,2,20,4,1242,1,14,FORD KA,-1,-1,0,-1
2024471475351,2024,471475351,1,9,0,-1,19,4,8,-1,0,0,0,0,0,0,-1,1,-1,9,2,21,5,1242,1,11,FORD KA,8,E01030859,0,3
2024201433010,2024,201433010,1,9,0,-1,19,4,8,-1,0,8,0,0,0,0,1,9,-1,6,1,60,9,1242,1,14,FORD KA,-1,-1,0,-1
2024340WN0972,2024,340WN0972,1,9,0,-1,9,5,3,-1,0,5,0,0,0,0,1,1,-1,9,1,17,4,1242,1,11,FORD KA,5,E01026981,0,4
2024411445958,2024,411445958,1,9,0,-1,13,5,1,-1,0,1,0,0,0,0,1,1,-1,1,2,18,4,1242,1,15,FORD KA,4,E01023870,0,2
2024421447814,2024,421447814,2,9,0,-1,19,6,2,-1,0,8,0,0,0,0,1,1,-1,9,1,25,5,1242,1,9,FORD KA,8,E01021582,0,1
2024991434563,2024,991434563,1,9,0,-1,19,1,5,-1,0,0,0,0,2,4,1,2,-1,9,2,17,4,1242,1,9,FORD KA,-1,-1,0,-1
2024122400543,2024,122400543,2,9,0,2,2,0,0,0,0,1,0,0,0,0,2,1,6,6,2,30,6,1299,1,17,FORD KA,10,E01013044,0,4
2024631490291,2024,631490291,1,9,0,-1,19,3,7,-1,0,0,5,0,0,0,1,1,-1,6,1,19,4,1242,1,12,FORD KA,5,W01000543,0,4
2024161419670,2024,161419670,1,9,0,-1,19,5,1,-1,0,0,0,0,0,0,4,9,-1,6,2,-1,-1,1242,1,10,FORD KA,2,E01012869,0,1
2024371400722,2024,371400722,2,9,0,-1,8,3,4,-1,0,0,0,0,0,0,2,1,-1,9,2,19,4,1242,1,9,FORD KA,5,E01030138,0,3
2024122400565,2024,122400565,1,9,0,17,19,8,5,0,0,0,0,0,7,9,4,1,6,6,2,18,4,1242,1,14,FORD KA,3,E01012214,0,4
2024471425149,2024,471425149,1,9,0,-1,19,3,7,-1,0,0,5,0,2,4,4,1,-1,6,1,19,4,1242,1,11,FORD KA,9,E01021161,0,2
2024501469276,2024,501469276,1,9,0,-1,7,2,4,-1,0,2,1,0,7,11,1,1,-1,9,1,27,6,1299,1,16,FORD KA,1,E01015088,0,1
2024061470930,2024,061470930,1,9,0,-1,19,5,1,-1,0,2,0,0,1,11,1,1,-1,2,2,88,11,1242,1,15,FORD KA,-1,-1,0,-1
2024471511690,2024,471511690,1,9,0,-1,19,1,5,-1,0,8,0,0,0,0,4,1,-1,9,2,47,8,1242,1,13,FORD KA,2,E01031450,0,1
2024141492664,2024,141492664,1,9,0,-1,19,8,4,-1,0,4,0,0,0,0,1,1,-1,2,2,19,4,1242,1,12,FORD KA,5,E01007687,0,1
2024411474373,2024,411474373,2,9,0,-1,19,8,4,-1,0,8,0,0,7,0,1,1,-1,6,1,28,6,1299,1,16,FORD KA,6,E01023863,0,2
2024371529271,2024,371529271,2,9,0,-1,9,6,4,-1,0,8,0,0,0,0,4,1,-1,6,2,73,10,1242,1,11,FORD KA,2,E01030029,0,1
2024421455119,2024,421455119,1,9,0,-1,19,5,1,-1,0,0,0,0,0,0,1,9,-1,6,3,-1,-1,1242,1,15,FORD KA,-1,-1,0,-1
2024522401637,2024,522401637,1,9,0,18,19,5,1,0,0,0,0,0,0,0,4,1,6,6,1,17,4,1242,1,13,FORD KA,3,E01014674,0,1
2024522402757,2024,522402757,1,9,0,18,19,6,2,0,0,8,0,0,0,0,1,1,6,6,1,31,6,1299,1,20,FORD KA,2,W01001406,0,4
2024041483951,2024,041483951,2,9,0,-1,7,7,5,-1,0,1,0,0,0,0,1,1,-1,9,1,66,10,1242,1,10,FORD KA,3,E01025058,0,1
2024471484306,2024,471484306,3,9,0,-1,19,5,1,-1,0,0,0,0,1,9,1,1,-1,9,2,48,8,1242,1,9,FORD KA,5,E01001037,0,4
2024401541139,2024,401541139,2,9,0,-1,10,1,2,-1,0,1,0,0,3,9,3,1,-1,6,2,17,4,1242,1,14,FORD KA,6,E01017547,0,1
2024531473792,2024,531473792,1,9,0,-1,19,5,1,-1,0,0,2,0,7,0,3,9,-1,6,1,28,6,1242,1,9,FORD KA,8,E01022408,0,3
2024351428005,2024,351428005,1,9,0,-1,19,8,4,-1,0,2,0,0,0,0,1,1,-1,6,2,21,5,1242,1,12,FORD KA,6,E01018110,0,3
2024531445153,2024,531445153,1,9,0,-1,19,6,2,-1,0,0,0,0,0,0,4,9,-1,6,2,18,4,1242,1,15,FORD KA,5,E01022150,0,1
2024421484046,2024,421484046,1,9,0,-1,4,6,2,-1,0,0,0,0,0,0,1,1,-1,6,2,49,8,1299,1,16,FORD KA,2,E01021697,0,1
2024440016564,2024,440016564,1,9,0,18,19,6,2,0,0,1,0,0,0,0,3,1,6,6,2,59,9,1299,1,17,FORD KA,3,E01031444,0,4
2024461411262,2024,461411262,1,9,0,-1,9,7,3,-1,0,0,0,10,3,4,1,1,-1,6,2,39,7,1242,1,14,FORD KA,4,E01023337,0,4
2024461495989,2024,461495989,1,9,0,-1,19,1,5,-1,0,0,1,0,0,0,1,1,-1,2,1,20,4,1242,1,15,FORD KA,8,E01016027,0,3
2024371411564,2024,371411564,1,9,0,-1,19,7,2,-1,0,0,1,0,1,0,4,1,-1,2,2,19,4,1242,1,13,FORD KA,7,E01029891,0,3
2024041439474,2024,041439474,1,9,0,-1,19,7,3,-1,1,1,0,0,0,0,3,1,-1,9,2,18,4,1242,1,15,FORD KA,6,E01025607,0,2
2024471446743,2024,471446743,1,9,0,-1,7,5,5,-1,0,8,1,0,0,0,1,1,-1,9,2,20,4,1242,1,15,FORD KA,7,E01000685,0,4
2024122400711,2024,122400711,1,9,0,7,7,1,3,0,0,3,0,0,0,0,4,1,6,6,2,20,4,1242,1,11,FORD KA,9,E01028292,0,5
2024430458240,2024,430458240,1,9,0,17,19,1,6,0,0,0,2,0,1,9,1,1,6,6,1,25,5,1299,1,16,FORD KA,8,E01017721,0,2
2024440532437,2024,440532437,1,9,0,5,5,3,7,0,0,6,0,0,0,0,4,1,6,6,1,71,10,1242,1,11,FORD KA,6,E01022716,0,1
2024421480656,2024,421480656,1,9,0,-1,19,7,4,-1,0,0,1,0,7,0,4,1,-1,2,2,44,7,1299,1,16,FORD KA,8,E01021613,0,3
2024501498396,2024,501498396,1,9,0,-1,19,5,1,-1,0,1,0,0,7,0,1,1,-1,7,2,17,4,1242,1,15,FORD KA,5,E01020088,0,3
2024010534184,2024,010534184,1,9,0,18,19,3,7,0,0,8,0,0,0,0,1,1,6,6,2,65,9,1242,1,13,FORD KA,10,E01002387,0,1
2024201435880,2024,201435880,1,9,0,-1,19,5,1,-1,0,4,0,9,3,10,1,9,-1,9,1,45,7,1242,1,10,FORD KA,3,E01010018,0,1
2024361410669,2024,361410669,1,9,0,-1,19,5,2,-1,0,0,0,0,1,9,1,9,-1,2,2,24,5,1299,1,16,FORD KA,5,E01026877,0,1
2024161434157,2024,161434157,2,9,0,-1,4,2,6,-1,0,0,0,0,1,7,2,1,-1,9,1,61,9,1242,1,9,FORD KA,7,E01011159,0,4
2024430380172,2024,430380172,1,9,0,18,19,2,6,0,0,4,0,0,0,0,1,1,2,2,2,27,6,1242,1,9,FORD KA,10,E01023743,0,4
2024221428033,2024,221428033,2,9,0,-1,19,7,3,-1,0,0,0,0,0,0,2,9,-1,9,2,18,4,1242,1,13,FORD KA,3,E01032456,0,2
2024131523145,2024,131523145,1,9,0,-1,-1,-1,-1,-1,-1,-1,-1,-1,-1,-1,-1,1,-1,6,3,-1,-1,1242,1,10,FORD KA,-1,-1,0,-1
2024010520260,2024,010520260,1,9,0,-1,-1,5,1,0,0,1,1,0,2,11,1,1,6,6,1,35,6,1242,1,13,FORD KA,3,E01002086,0,2
2024401406359,2024,401406359,2,9,0,-1,5,7,1,-1,0,6,1,0,0,0,1,1,-1,6,2,28,6,1242,1,15,FORD KA,5,E01015750,0,3
2024631504730,2024,631504730,1,9,0,-1,19,1,5,-1,0,0,2,0,2,10,1,1,-1,9,1,18,4,1242,1,13,FORD KA,2,W01000638,0,2
2024471443449,2024,471443449,2,9,0,-1,2,0,0,-1,0,0,0,0,0,0,4,1,-1,6,-1,-1,-1,1242,1,8,FORD KA,-1,-1,0,-1
2024461405239,2024,461405239,1,9,0,-1,9,4,1,-1,0,6,0,0,0,0,1,1,-1,6,2,18,4,1242,1,15,FORD KA,9,E01024213,0,1
2024061483186,2024,061483186,2,9,0,-1,4,3,7,-1,0,0,0,0,0,0,2,1,-1,6,1,54,8,1242,1,15,FORD KA,6,E01013253,0,4
2024440244792,2024,440244792,2,9,0,13,13,3,7,0,0,1,0,0,0,0,1,1,6,6,2,-1,-1,1242,1,12,FORD KA,-1,-1,0,-1
2024421476851,2024,421476851,1,9,0,-1,11,1,5,-1,0,0,0,0,0,0,1,1,-1,9,2,18,4,1242,1,15,FORD KA,9,E01021634,0,2
2024221427510,2024,221427510,2,9,0,-1,4,4,8,-1,0,0,0,0,0,0,2,9,-1,6,2,25,5,1242,1,15,FORD KA,7,E01031976,0,5
2024991522999,2024,991522999,1,9,0,-1,19,7,3,-1,0,0,0,0,1,0,1,1,-1,6,2,36,7,1242,1,15,FORD KA,3,-1,0,1
2024101508146,2024,101508146,1,9,0,-1,9,3,1,-1,0,3,0,0,0,0,3,1,-1,9,2,42,7,1242,1,9,FORD KA,5,E01035632,0,1
2024122400740,2024,122400740,1,9,0,18,19,7,3,0,0,0,0,0,0,0,4,1,6,6,2,74,10,1242,1,10,FORD KA,5,E01027823,0,1
2024161522701,2024,161522701,2,9,0,-1,19,7,3,-1,0,0,0,0,0,0,1,1,-1,7,1,17,4,1242,1,15,FORD KA,10,E01012926,0,2
2024161491638,2024,161491638,2,9,0,-1,4,3,7,-1,0,3,0,0,0,0,1,1,-1,9,1,27,6,1242,1,15,FORD KA,8,E01013189,0,1
2024221403525,2024,221403525,1,9,0,-1,19,1,5,-1,0,0,0,0,0,0,1,1,-1,9,2,85,11,1242,1,10,FORD KA,4,E01014098,0,2
2024340NN0412,2024,340NN0412,1,9,0,-1,19,7,3,-1,0,0,0,0,0,0,1,1,-1,6,2,25,5,1242,1,12,FORD KA,7,E01032967,0,3
2024471446723,2024,471446723,1,9,0,-1,7,5,7,-1,0,0,0,0,0,0,1,1,-1,9,1,34,6,1242,1,9,FORD KA,3,E01031598,0,1
2024421511446,2024,421511446,1,9,0,-1,19,3,7,-1,0,1,0,0,0,0,1,1,-1,9,2,21,5,1242,1,14,FORD KA,8,E01015991,0,1
2024201420240,2024,201420240,1,9,0,-1,5,7,3,-1,0,6,0,0,0,0,4,1,-1,6,1,36,7,1242,1,14,FORD KA,-1,-1,0,-1
2024010522127,2024,010522127,1,9,0,9,9,1,6,0,0,6,0,0,0,0,1,1,6,6,1,26,6,1242,1,14,FORD KA,9,E01002255,0,2
2024010502274,2024,010502274,3,9,0,4,4,5,1,0,0,0,0,0,0,0,2,1,6,6,1,38,7,1242,1,15,FORD KA,2,E01024128,0,5
2024131533425,2024,131533425,2,9,0,-1,19,8,4,-1,0,8,0,0,0,0,1,1,-1,2,2,19,4,1242,1,12,FORD KA,4,E01011613,0,2
2024141469181,2024,141469181,1,9,0,-1,3,7,3,-1,0,0,0,0,0,0,1,9,-1,6,2,35,6,1248,2,13,FORD KA,4,E01005892,0,4
2024041404101,2024,041404101,2,9,0,-1,2,0,0,-1,0,0,0,0,0,0,2,1,-1,6,-1,-1,-1,1299,1,23,FORD KA,-1,-1,0,-1
2024010514640,2024,010514640,1,9,0,9,9,2,7,0,0,0,0,0,0,0,2,1,3,7,1,34,6,1242,1,13,FORD KA,5,E01002307,0,1
2024520500299,2024,520500299,1,9,0,9,9,2,1,0,0,8,0,0,0,0,4,1,6,6,2,20,4,1242,1,14,FORD KA,9,E01029260,0,2
2024421523464,2024,421523464,1,9,0,-1,19,6,4,-1,0,0,0,0,0,0,1,1,-1,6,2,19,4,1242,1,11,FORD KA,9,E01021949,0,1