collision_index,collision_year,collision_ref_no,vehicle_reference,vehicle_type,towing_and_articulation,vehicle_manoeuvre_historic,vehicle_manoeuvre,vehicle_direction_from,vehicle_direction_to,vehicle_location_restricted_lane_historic,vehicle_location_restricted_lane,junction_location,skidding_and_overturning,hit_object_in_carriageway,vehicle_leaving_carriageway,hit_object_off_carriageway,first_point_of_impact,vehicle_left_hand_drive,journey_purpose_of_driver_historic,journey_purpose_of_driver,sex_of_driver,age_of_driver,age_band_of_driver,engine_capacity_cc,propulsion_code,age_of_vehicle,generic_make_model,driver_imd_decile,lsoa_of_driver,escooter_flag,driver_distance_banding
2024461516778,2024,461516778,1,9,0,-1,19,3,7,-1,0,0,0,0,0,0,1,9,-1,6,1,39,7,1242,1,15,FORD KA,7,E01035286,0,3
2024610051924,2024,610051924,1,9,0,5,5,3,1,0,0,6,0,0,0,0,4,1,2,2,2,-1,-1,1242,1,11,FORD KA,6,W01001976,0,1
2024501421251,2024,501421251,2,9,0,-1,3,5,1,-1,0,1,0,0,0,0,2,1,-1,2,1,29,6,1242,1,12,FORD KA,7,E01015211,0,1
2024201464742,2024,201464742,2,9,0,-1,19,4,2,-1,0,0,0,0,0,0,3,1,-1,1,2,21,5,1242,1,14,FORD KA,10,E01009821,0,2
2024122500351,2024,122500351,1,9,0,16,19,7,2,0,0,0,0,12,7,4,4,1,6,6,2,18,4,1242,1,10,FORD KA,4,E01012981,0,3
2024010499006,2024,010499006,2,9,0,3,3,7,3,0,0,2,0,0,0,0,2,1,6,6,1,31,6,1242,1,15,FORD KA,2,E01024311,0,4
2024031414083,2024,031414083,1,9,0,-1,5,3,7,-1,0,8,0,0,0,0,4,1,-1,6,2,37,7,1242,1,11,FORD KA,3,E01019204,0,1
2024010500080,2024,010500080,2,9,0,99,99,9,9,99,99,0,9,99,9,99,1,9,6,6,3,-1,-1,1242,1,10,FORD KA,-1,-1,0,-1
2024501464597,2024,501464597,1,9,0,-1,9,1,6,-1,0,8,0,0,0,0,3,1,-1,9,2,81,11,1299,1,17,FORD KA,4,E01020053,0,1
2024211451994,2024,211451994,1,9,0,-1,19,7,3,-1,0,8,0,0,1,0,1,1,-1,6,1,45,7,1242,1,12,FORD KA,-1,-1,0,-1
202454D991124,2024,54D991124,1,9,0,9,9,7,5,0,0,6,0,0,1,11,2,1,6,6,1,85,11,1498,1,1,-1,8,E01031873,0,2
202454C209724,2024,54C209724,2,9,0,4,4,2,6,0,0,0,0,0,0,0,2,1,2,2,1,47,8,1968,2,2,-1,6,E01015244,0,5
2024010521300,2024,010521300,1,9,0,9,9,2,1,0,0,1,0,4,0,0,1,1,6,6,2,66,10,1968,2,2,-1,1,E01017477,0,4
2024461532764,2024,461532764,2,9,0,-1,3,5,5,-1,0,0,0,0,0,0,3,1,-1,7,2,67,10,1968,2,0,-1,7,E01024096,0,1
2024320167891,2024,320167891,2,9,0,-1,-1,8,6,0,0,4,0,0,0,0,3,1,-1,-1,1,78,11,1968,2,1,-1,4,E01026105,0,4
2024131512285,2024,131512285,2,10,0,-1,19,3,7,-1,0,8,0,0,0,0,1,1,-1,1,2,36,7,-1,-1,-1,-1,1,E01011863,0,1
2024231521462,2024,231521462,2,9,0,-1,19,4,2,-1,0,8,0,0,0,0,1,9,-1,2,1,20,4,1968,2,1,-1,7,E01009452,0,2
2024010540313,2024,010540313,1,9,0,2,2,9,9,99,99,0,9,99,9,99,9,9,6,6,2,32,6,1498,1,0,-1,2,E01035708,0,1
2024471503228,2024,471503228,1,9,0,-1,19,1,5,-1,0,0,0,0,0,0,1,1,-1,1,2,56,9,1968,2,1,-1,7,E01016920,0,1
2024041458126,2024,041458126,2,5,0,-1,19,3,3,-1,0,4,1,0,0,0,4,1,-1,6,1,70,10,1690,1,7,-1,2,E01012623,0,1
2024340NN3092,2024,340NN3092,2,5,0,-1,7,5,7,-1,0,8,0,0,0,0,3,1,-1,1,1,32,6,1690,1,9,-1,7,E01035396,0,1
2024320385980,2024,320385980,1,5,0,5,5,5,1,0,0,6,1,0,0,0,3,1,-1,-1,1,70,10,1690,1,10,-1,1,E01007376,0,4
2024631483586,2024,631483586,2,5,0,-1,19,3,7,-1,0,1,0,0,0,0,1,1,-1,9,1,62,9,1690,1,10,-1,8,E01016431,0,5
2024371474173,2024,371474173,2,5,0,-1,7,-1,-1,-1,0,8,0,0,0,0,4,1,-1,6,1,25,5,745,1,13,-1,7,E01030171,0,1
2024501498786,2024,501498786,1,5,0,-1,5,5,1,-1,-1,6,2,0,0,0,4,1,-1,9,1,28,6,745,1,14,-1,9,E01019939,0,3
2024991499242,2024,991499242,1,3,0,-1,5,2,6,-1,0,1,0,0,0,0,1,1,-1,9,1,19,4,124,1,23,-1,5,-1,0,1
2024501455462,2024,501455462,2,3,0,-1,19,6,2,-1,0,1,0,0,0,0,1,1,-1,9,1,27,6,124,1,23,-1,3,E01015209,0,1
2024010505066,2024,010505066,1,9,0,3,3,6,2,0,0,8,0,0,0,0,3,1,6,6,1,84,11,1248,1,9,KIA PICANTO,6,E01002680,0,1
2024061455875,2024,061455875,2,9,0,-1,19,8,4,-1,0,0,0,0,0,0,1,9,-1,6,2,75,10,1248,1,9,KIA PICANTO,1,E01005382,0,1
2024522402965,2024,522402965,1,9,0,3,3,6,2,0,0,1,0,0,0,0,2,1,6,6,2,56,9,998,1,5,KIA PICANTO,7,E01022376,0,4
2024010510282,2024,010510282,2,9,0,10,10,1,7,0,0,6,0,0,0,0,3,1,6,6,2,73,10,1248,1,11,KIA PICANTO,9,E01023811,0,2
2024311493802,2024,311493802,1,9,0,-1,7,5,1,-1,0,0,0,0,1,0,1,1,-1,9,2,50,8,1086,1,15,KIA PICANTO,9,E01028415,0,1
2024411495683,2024,411495683,1,9,0,-1,4,8,2,-1,0,2,0,0,0,0,3,1,-1,6,2,34,6,998,1,1,KIA PICANTO,5,E01023764,0,1
2024332400369,2024,332400369,2,9,0,-1,19,8,4,-1,0,8,0,0,0,0,3,1,-1,9,1,30,6,999,1,14,KIA PICANTO,3,E01013683,0,1
2024471510150,2024,471510150,1,9,0,-1,19,5,1,-1,0,8,0,0,0,0,2,1,-1,2,2,63,9,1248,1,5,KIA PICANTO,6,E01031376,0,3
2024131521382,2024,131521382,1,9,0,-1,9,3,7,-1,0,2,0,0,0,0,1,1,-1,6,1,40,7,998,1,11,KIA PICANTO,1,E01010711,0,1
2024461469224,2024,461469224,2,9,0,-1,19,7,3,-1,0,3,0,0,0,0,1,1,-1,6,1,75,10,1248,1,6,KIA PICANTO,5,E01024749,0,2
2024531405539,2024,531405539,2,9,0,-1,4,5,1,-1,0,0,0,0,0,0,2,1,-1,2,2,54,8,1086,1,13,KIA PICANTO,6,E01022253,0,2
2024351528268,2024,351528268,2,9,0,-1,-1,-1,-1,-1,-1,0,-1,-1,-1,0,2,1,-1,9,2,52,8,998,1,2,KIA PICANTO,1,E01015647,0,2
2024520402132,2024,520402132,1,9,0,18,19,1,5,0,0,8,0,10,0,0,4,1,6,6,1,30,6,1086,1,14,KIA PICANTO,5,E01014665,0,4
2024302400379,2024,302400379,2,9,0,2,2,0,0,0,0,0,0,0,0,0,2,1,6,6,3,-1,-1,998,1,1,KIA PICANTO,-1,-1,0,-1
2024421465724,2024,421465724,1,9,0,-1,19,3,7,-1,0,0,0,0,0,0,3,1,-1,2,2,51,8,998,1,8,KIA PICANTO,6,E01021331,0,2
2024543275424,2024,543275424,1,9,0,18,19,5,1,0,0,1,5,4,0,0,3,1,6,6,1,18,4,1248,1,11,KIA PICANTO,2,E01031928,0,1
2024991537070,2024,991537070,1,9,0,-1,19,1,5,-1,0,1,0,0,0,0,3,1,-1,9,2,50,8,998,1,13,KIA PICANTO,6,-1,0,1
2024440506212,2024,440506212,1,9,0,18,19,1,5,0,0,4,0,0,0,0,1,1,6,6,2,71,10,998,1,1,KIA PICANTO,-1,-1,0,-1
2024361532211,2024,361532211,1,9,0,-1,19,7,4,-1,0,8,0,0,1,10,4,1,-1,6,2,70,10,999,1,18,KIA PICANTO,5,E01026703,0,3
2024201499466,2024,201499466,2,9,0,-1,7,4,6,-1,0,6,5,7,0,0,3,1,-1,9,2,54,8,999,1,18,KIA PICANTO,3,E01009876,0,1
2024161411885,2024,161411885,2,9,0,-1,13,7,3,-1,0,0,0,0,0,0,4,1,-1,7,2,32,6,1086,1,19,KIA PICANTO,-1,-1,0,-1
2024010500916,2024,010500916,2,9,0,99,99,9,9,99,99,9,9,99,9,99,1,9,6,6,3,-1,-1,998,1,1,KIA PICANTO,-1,-1,0,-1
2024010540695,2024,010540695,2,9,0,5,5,3,7,0,0,6,0,0,0,0,1,1,6,6,2,62,9,1248,1,11,KIA PICANTO,6,E01000193,0,1
2024461464523,2024,461464523,1,9,0,-1,19,3,7,-1,0,0,0,0,0,0,2,1,-1,9,1,56,9,998,1,11,KIA PICANTO,3,E01016038,0,3
2024461442787,2024,461442787,1,9,0,-1,19,1,3,-1,0,0,0,0,7,4,3,9,-1,7,2,43,7,999,1,14,KIA PICANTO,1,E01024667,0,1
2024061424658,2024,061424658,2,9,0,-1,7,-1,-1,-1,0,0,0,0,0,0,3,1,-1,6,3,-1,-1,1086,1,19,KIA PICANTO,-1,-1,0,-1
2024010530159,2024,010530159,1,9,0,99,99,9,9,99,99,9,9,99,9,99,9,9,6,6,2,40,7,998,1,12,KIA PICANTO,1,E01001845,0,1
2024461489051,2024,461489051,1,9,0,-1,19,6,8,-1,9,0,1,0,1,0,4,1,-1,2,1,18,4,1086,1,18,KIA PICANTO,2,E01024080,0,4
2024201482162,2024,201482162,1,9,0,-1,19,6,2,-1,0,0,0,0,0,0,1,9,-1,1,1,63,9,998,1,10,KIA PICANTO,9,E01010257,0,2
2024520401937,2024,520401937,1,9,0,4,4,2,6,0,0,0,0,0,0,0,3,1,6,6,3,-1,-1,1086,1,17,KIA PICANTO,-1,-1,0,-1
2024010517404,2024,010517404,2,9,0,99,99,9,9,0,0,9,9,99,9,99,1,9,6,6,3,66,10,998,1,9,KIA PICANTO,3,E01003237,0,4
2024211514069,2024,211514069,1,9,0,-1,2,0,0,-1,0,0,0,0,0,0,2,1,-1,6,1,58,9,998,1,6,KIA PICANTO,9,E01029465,0,1
2024101456359,2024,101456359,1,9,0,-1,19,1,5,-1,0,0,0,0,0,0,1,1,-1,9,2,75,10,998,1,8,KIA PICANTO,-1,-1,0,-1
2024520500344,2024,520500344,1,9,0,18,19,3,6,0,0,0,0,0,0,0,1,1,6,6,1,79,11,1086,1,15,KIA PICANTO,4,E01029343,0,1
2024010511431,2024,010511431,2,9,0,9,9,8,6,0,0,8,0,0,0,0,4,1,6,6,1,26,6,1086,1,19,KIA PICANTO,5,E01002611,0,1
2024991424550,2024,991424550,1,9,0,-1,9,3,8,-1,0,8,0,0,4,0,2,1,-1,6,2,78,11,999,1,15,KIA PICANTO,5,-1,0,4
2024231418300,2024,231418300,2,9,0,-1,7,8,4,-1,0,6,0,0,0,0,0,1,-1,6,1,79,11,999,1,19,KIA PICANTO,7,E01032147,0,3
2024440440242,2024,440440242,2,9,0,9,9,7,5,0,0,5,0,0,0,0,3,1,6,6,2,43,7,1248,1,8,KIA PICANTO,9,E01022783,0,1
2024991432282,2024,991432282,2,9,0,-1,19,7,3,-1,0,0,0,0,0,0,3,1,-1,1,2,25,5,1248,1,4,KIA PICANTO,9,-1,0,2
2024061460703,2024,061460703,2,9,0,-1,9,6,5,-1,0,1,0,0,0,0,1,1,-1,6,1,87,11,998,1,7,KIA PICANTO,1,E01004946,0,1
2024010498512,2024,010498512,1,9,0,18,19,5,1,0,0,0,0,0,0,0,3,1,2,2,1,21,5,998,1,5,KIA PICANTO,6,E01003787,0,4
2024311458977,2024,311458977,2,9,0,-1,19,1,5,-1,0,8,0,0,0,0,3,1,-1,9,1,76,11,998,1,10,KIA PICANTO,3,E01028297,0,1
2024131525438,2024,131525438,1,9,0,-1,19,5,1,-1,0,2,0,0,0,0,1,1,-1,9,1,34,6,998,1,1,KIA PICANTO,5,E01011757,0,3
2024411428024,2024,411428024,1,9,0,-1,19,8,4,-1,0,0,0,0,1,0,1,1,-1,6,1,56,9,998,1,1,KIA PICANTO,2,E01023750,0,1
2024010530717,2024,010530717,1,9,0,99,99,9,9,99,99,9,9,99,9,99,9,9,6,6,2,34,6,998,1,1,KIA PICANTO,3,E01002064,0,1
2024131421355,2024,131421355,2,9,0,-1,2,0,0,-1,0,8,0,0,0,0,2,1,-1,6,-1,-1,-1,1248,1,4,KIA PICANTO,-1,-1,0,-1
2024991506666,2024,991506666,1,9,0,-1,19,3,8,-1,0,0,0,0,1,0,1,1,-1,9,2,19,4,998,1,9,KIA PICANTO,-1,-1,0,-1
2024520500071,2024,520500071,1,9,0,16,19,2,5,0,0,0,0,0,1,4,1,1,6,6,1,18,4,999,1,20,KIA PICANTO,6,E01032075,0,4
2024361425080,2024,361425080,1,9,0,-1,1,2,4,-1,0,0,0,0,0,0,2,1,-1,6,2,50,8,998,1,3,KIA PICANTO,3,E01026483,0,4
2024010525442,2024,010525442,1,9,0,18,19,5,1,0,0,0,0,0,0,0,1,1,6,6,3,-1,-1,998,1,1,KIA PICANTO,-1,-1,0,-1
2024401434234,2024,401434234,1,9,0,-1,19,5,1,-1,0,0,0,0,0,0,3,1,-1,6,1,29,6,1086,1,19,KIA PICANTO,6,E01015740,0,3
2024031476683,2024,031476683,1,9,0,-1,5,4,1,-1,0,8,0,0,0,0,1,1,-1,9,2,79,11,998,1,4,KIA PICANTO,6,-1,0,4
2024071006731,2024,071006731,1,9,0,-1,19,5,7,-1,9,2,1,10,7,4,1,1,-1,6,1,48,8,1086,1,20,KIA PICANTO,1,E01005232,0,4
2024061517514,2024,061517514,3,9,0,-1,3,6,2,-1,0,1,0,0,0,0,3,1,-1,9,1,34,6,999,1,15,KIA PICANTO,4,E01012633,0,3
2024010522033,2024,010522033,2,9,0,99,99,9,9,99,99,9,9,99,9,99,2,9,6,6,2,25,5,998,1,6,KIA PICANTO,10,E01000276,0,2
2024302400462,2024,302400462,1,9,0,17,19,6,3,0,0,0,5,0,0,0,4,1,6,6,2,65,9,999,1,17,KIA PICANTO,2,E01013585,0,1
2024552400645,2024,552400645,1,9,0,18,19,2,6,0,0,6,0,0,0,0,1,1,6,6,2,62,9,999,1,13,KIA PICANTO,-1,-1,0,-1
2024351521449,2024,351521449,2,9,0,-1,2,0,0,-1,0,0,0,0,0,0,2,1,-1,6,-1,-1,-1,998,1,12,KIA PICANTO,-1,-1,0,-1
2024501441057,2024,501441057,2,9,0,-1,5,8,3,-1,0,4,0,0,0,0,1,1,-1,6,2,78,11,1248,1,5,KIA PICANTO,4,E01019037,0,3
2024070479384,2024,070479384,2,9,0,18,19,5,1,0,0,0,0,0,0,0,1,1,1,1,1,19,4,998,1,4,KIA PICANTO,7,E01018449,0,4
2024471472866,2024,471472866,1,9,0,-1,4,5,1,-1,0,0,0,0,0,0,2,1,-1,9,1,46,8,998,1,1,KIA PICANTO,7,E01031837,0,1
2024991513640,2024,991513640,1,9,0,-1,2,3,7,-1,0,2,0,0,0,0,1,1,-1,6,2,19,4,998,1,10,KIA PICANTO,3,-1,0,1
202454E856224,2024,54E856224,1,9,0,18,19,8,4,0,0,0,0,0,7,9,0,1,2,2,1,26,6,1248,1,13,KIA PICANTO,4,E01014991,0,4
2024201400868,2024,201400868,2,9,0,-1,2,0,0,-1,0,0,0,0,0,0,2,1,-1,6,2,37,7,1086,1,20,KIA PICANTO,2,E01032435,0,3
2024320319898,2024,320319898,1,9,0,-1,-1,7,3,0,0,0,5,0,1,3,1,1,-1,-1,2,79,11,1248,1,11,KIA PICANTO,7,E01026281,0,1
2024411508516,2024,411508516,1,9,-1,-1,-1,-1,-1,-1,-1,0,-1,-1,-1,0,3,9,-1,9,1,75,10,1197,1,0,KIA PICANTO,9,E01023319,0,1
2024131527198,2024,131527198,2,9,0,-1,9,3,7,-1,0,7,0,0,0,0,4,2,-1,9,2,53,8,1248,1,7,KIA PICANTO,7,E01010760,0,3
2024471518956,2024,471518956,1,9,0,-1,11,6,2,-1,0,1,0,0,0,0,4,1,-1,7,2,39,7,998,1,0,KIA PICANTO,6,E01021148,0,3
2024430102404,2024,430102404,1,9,0,8,8,5,7,0,0,1,0,0,0,0,2,1,6,6,2,50,8,1248,1,12,KIA PICANTO,6,E01016472,0,1
2024421419984,2024,421419984,1,9,0,-1,19,8,4,-1,0,0,0,0,0,0,1,1,-1,6,2,45,7,998,1,6,KIA PICANTO,8,E01021382,0,2
2024010548884,2024,010548884,1,9,0,3,3,5,1,0,0,2,0,0,0,0,2,1,6,6,2,51,8,998,1,0,KIA PICANTO,10,E01002387,0,1
2024430193600,2024,430193600,1,9,0,18,19,2,6,0,0,0,0,0,0,0,1,1,6,6,1,81,11,1248,1,5,KIA PICANTO,2,E01004702,0,4
2024520002755,2024,520002755,1,9,0,18,19,2,6,0,0,0,0,0,0,0,1,1,6,6,2,30,6,1248,1,7,KIA PICANTO,9,E01014470,0,2
2024031502716,2024,031502716,2,9,0,-1,19,2,7,-1,0,1,0,0,0,0,1,1,-1,6,2,42,7,1086,1,19,KIA PICANTO,1,E01019143,0,1
2024451494793,2024,451494793,2,9,0,-1,5,1,3,-1,0,5,0,0,0,0,1,1,-1,2,2,54,8,1248,1,5,KIA PICANTO,10,E01003883,0,2
2024440273010,2024,440273010,1,9,0,9,9,6,4,0,0,1,0,0,0,0,1,1,6,6,2,28,6,1086,1,16,KIA PICANTO,6,E01017070,0,3
2024010503160,2024,010503160,3,9,0,2,2,0,0,0,0,2,0,0,1,0,3,1,6,6,3,-1,-1,998,1,10,KIA PICANTO,-1,-1,0,-1
2024361397045,2024,361397045,1,9,0,-1,9,2,1,-1,0,0,0,0,0,0,1,1,-1,9,2,63,9,999,1,15,KIA PICANTO,9,E01026871,0,2
2024440084892,2024,440084892,2,9,0,16,19,6,2,0,0,0,0,0,0,0,1,1,6,6,1,38,7,998,1,1,KIA PICANTO,5,E01016359,0,3
2024520401169,2024,520401169,1,9,0,18,19,3,1,0,0,1,0,0,0,0,2,1,6,6,2,20,4,1086,1,16,KIA PICANTO,6,E01029199,0,3
2024531465712,2024,531465712,1,9,0,-1,9,2,1,-1,0,2,0,0,0,0,1,1,-1,6,2,85,11,998,1,1,KIA PICANTO,10,E01022354,0,1
2024161415202,2024,161415202,1,9,0,-1,9,6,4,-1,0,8,0,0,0,0,3,1,-1,6,2,68,10,1086,1,13,KIA PICANTO,6,E01013153,0,1
2024201440429,2024,201440429,1,9,0,-1,19,1,5,-1,0,0,0,0,0,0,1,1,-1,6,1,75,10,999,1,15,KIA PICANTO,-1,-1,0,-1
2024440325383,2024,440325383,1,9,0,10,10,5,3,0,0,1,0,0,7,9,2,1,6,6,2,35,6,998,1,1,KIA PICANTO,10,E01020418,0,2
2024201421841,2024,201421841,1,9,0,-1,9,8,6,-1,0,5,0,0,0,0,1,1,-1,6,2,20,4,999,1,18,KIA PICANTO,1,E01010299,0,1
2024010510057,2024,010510057,2,9,0,99,99,9,9,99,99,0,9,99,9,99,1,9,6,6,3,-1,-1,1086,1,20,KIA PICANTO,-1,-1,0,-1
2024201524168,2024,201524168,2,9,0,-1,10,7,3,-1,0,1,0,0,0,0,2,1,-1,9,2,47,8,999,1,15,KIA PICANTO,1,E01034949,0,1
2024201549731,2024,201549731,2,9,0,-1,9,3,7,-1,0,8,0,0,0,0,1,1,-1,9,2,63,9,998,1,2,KIA PICANTO,2,E01008894,0,4
2024010503767,2024,010503767,2,9,0,5,5,0,5,0,0,0,0,0,0,0,3,1,6,6,1,20,4,998,1,13,KIA PICANTO,2,E01004222,0,1
2024061520103,2024,061520103,1,9,0,-1,9,7,4,-1,0,8,0,0,0,0,3,1,-1,6,2,20,4,998,1,6,KIA PICANTO,4,E01006228,0,1
2024201447333,2024,201447333,1,9,0,-1,19,6,2,-1,0,0,0,0,0,0,1,1,-1,9,2,31,6,998,1,1,KIA PICANTO,3,E01008973,0,2
2024211488158,2024,211488158,2,9,0,-1,3,2,6,-1,0,1,0,0,0,0,2,9,-1,6,2,39,7,998,1,10,KIA PICANTO,4,E01029702,0,1
2024351463484,2024,351463484,2,9,-1,-1,-1,-1,-1,-1,-1,-1,-1,-1,-1,0,4,9,-1,2,2,55,8,998,1,10,KIA PICANTO,6,E01015679,0,1
2024101509067,2024,101509067,2,9,-1,-1,3,6,2,-1,0,0,0,0,0,0,2,9,-1,9,2,52,8,999,1,16,KIA PICANTO,8,E01008721,0,1
2024221482519,2024,221482519,1,9,0,-1,19,1,6,-1,0,0,1,0,2,0,1,1,-1,6,2,26,6,998,1,5,KIA PICANTO,10,E01018407,0,4
2024041516110,2024,041516110,2,9,0,-1,19,6,2,-1,0,2,0,0,0,0,3,1,-1,6,2,68,10,998,1,7,KIA PICANTO,2,E01024902,0,1
2024010548336,2024,010548336,1,9,0,1,1,1,5,0,0,0,0,4,0,0,3,1,6,6,2,40,7,1086,1,14,KIA PICANTO,6,E01002999,0,1
2024101477255,2024,101477255,2,9,0,-1,19,7,3,-1,0,8,0,0,0,0,3,1,-1,6,1,59,9,998,1,3,KIA PICANTO,5,E01008343,0,1
2024131412635,2024,131412635,1,9,0,-1,9,1,3,-1,0,1,0,0,0,0,1,1,-1,6,2,69,10,999,1,15,KIA PICANTO,4,E01010878,0,1
2024010539819,2024,010539819,1,9,0,9,9,3,1,0,0,6,0,0,0,0,3,1,6,6,2,38,7,1248,1,6,KIA PICANTO,9,E01002464,0,4
2024461443889,2024,461443889,2,9,0,-1,19,4,3,-1,0,0,1,0,0,0,2,9,-1,6,2,37,7,998,1,9,KIA PICANTO,2,E01024263,0,2
2024302500206,2024,302500206,2,9,0,-1,19,6,2,-1,0,2,0,0,0,0,2,1,-1,9,1,76,11,1248,1,7,KIA PICANTO,10,E01019473,0,1
2024041459322,2024,041459322,1,9,0,-1,19,5,1,-1,0,1,0,0,0,0,1,1,-1,6,1,80,11,1248,1,8,KIA PICANTO,1,E01025049,0,2
2024622400469,2024,622400469,1,9,0,18,19,1,5,0,0,0,0,0,0,0,1,1,6,6,2,78,11,998,1,2,KIA PICANTO,-1,-1,0,-1
2024041493555,2024,041493555,3,9,0,-1,10,7,5,-1,0,8,0,0,0,0,3,1,-1,9,1,32,6,998,1,10,KIA PICANTO,10,E01025019,0,3
2024131408406,2024,131408406,1,9,0,-1,19,1,5,-1,0,0,0,0,0,0,1,2,-1,9,1,82,11,1248,1,11,KIA PICANTO,8,E01011211,0,1
2024543648024,2024,543648024,1,9,0,18,19,7,3,0,0,0,0,0,0,0,1,1,6,6,1,32,6,1086,1,14,KIA PICANTO,10,E01032097,0,4
2024201469226,2024,201469226,2,9,0,-1,19,4,6,-1,99,0,0,0,0,0,1,9,-1,6,1,27,6,1086,1,14,KIA PICANTO,2,E01010268,0,1
2024520402708,2024,520402708,1,9,0,1,1,6,2,0,0,8,0,0,0,0,2,1,6,6,1,97,11,1086,1,14,KIA PICANTO,5,E01029167,0,1
2024531461952,2024,531461952,1,9,0,-1,19,5,1,-1,0,0,0,0,0,0,1,1,-1,1,1,28,6,1248,1,7,KIA PICANTO,3,E01022254,0,2
2024041505890,2024,041505890,1,9,0,-1,19,7,3,-1,0,1,0,11,0,0,1,1,-1,9,1,70,10,999,1,15,KIA PICANTO,2,E01024951,0,2
2024101456357,2024,101456357,2,9,0,-1,19,5,1,-1,0,0,0,0,0,0,1,1,-1,6,2,76,11,998,1,13,KIA PICANTO,1,E01027533,0,3
2024421475235,2024,421475235,2,9,0,-1,5,3,7,-1,0,1,0,0,0,0,2,1,-1,9,2,62,9,998,1,5,KIA PICANTO,3,E01004397,0,4
2024461402309,2024,461402309,2,9,0,-1,3,5,8,-1,0,0,0,0,0,0,3,1,-1,9,2,58,9,999,1,15,KIA PICANTO,7,E01035010,0,3
2024302400459,2024,302400459,2,9,0,17,19,2,8,0,0,0,0,0,0,0,1,1,6,6,1,55,8,998,1,12,KIA PICANTO,7,E01008052,0,4
2024991450494,2024,991450494,1,9,0,-1,19,4,7,-1,0,0,0,0,0,0,1,1,-1,9,1,26,6,1248,1,12,KIA PICANTO,1,-1,0,2
2024010512916,2024,010512916,2,9,0,99,99,9,9,99,99,9,9,99,9,99,2,9,6,6,3,-1,-1,998,1,3,KIA PICANTO,-1,-1,0,-1
2024141402306,2024,141402306,1,9,0,-1,19,1,5,-1,0,1,0,0,0,0,3,1,-1,6,2,20,4,1248,1,6,KIA PICANTO,1,E01007461,0,1
2024041453611,2024,041453611,2,9,0,-1,19,5,1,-1,0,1,0,0,0,0,1,1,-1,1,2,49,8,998,1,4,KIA PICANTO,1,E01025283,0,1
2024421413979,2024,421413979,1,9,0,-1,7,4,7,-1,0,1,0,0,0,0,1,1,-1,6,2,69,10,1086,1,13,KIA PICANTO,5,E01022014,0,2
2024311488801,2024,311488801,2,9,0,-1,19,1,5,-1,0,0,1,0,1,0,1,1,-1,9,1,57,9,998,1,12,KIA PICANTO,-1,-1,0,-1
2024201410791,2024,201410791,2,9,0,-1,19,6,2,-1,0,1,0,0,0,0,1,1,-1,6,3,25,5,1248,1,13,KIA PICANTO,-1,-1,0,-1
2024471455796,2024,471455796,1,9,0,-1,19,5,1,-1,0,8,0,0,0,0,1,1,-1,6,2,18,4,1248,1,5,KIA PICANTO,2,E01016945,0,1
2024421523464,2024,421523464,2,9,0,-1,19,4,8,-1,0,0,0,0,0,0,1,1,-1,6,2,29,6,1248,1,8,KIA PICANTO,9,E01021959,0,1
2024461443415,2024,461443415,2,9,0,-1,2,0,0,-1,0,0,0,4,0,0,1,1,-1,6,-1,-1,-1,999,1,15,KIA PICANTO,-1,-1,0,-1
2024351471541,2024,351471541,1,9,0,-1,-1,-1,-1,-1,-1,2,-1,-1,-1,0,-1,1,-1,6,3,-1,-1,1086,1,20,KIA PICANTO,-1,-1,0,-1
2024010501491,2024,010501491,2,9,0,99,99,9,9,99,99,0,9,99,9,99,9,9,6,6,2,-1,-1,998,1,12,KIA PICANTO,9,E01001030,0,2
2024201429114,2024,201429114,2,9,0,-1,19,6,2,-1,0,0,0,0,0,0,2,1,-1,6,2,70,10,998,1,1,KIA PICANTO,-1,-1,0,-1
2024320390828,2024,320390828,2,9,0,-1,-1,8,4,0,0,8,0,0,0,0,1,1,-1,-1,2,62,9,1248,1,8,KIA PICANTO,9,E01026289,0,1
2024010551488,2024,010551488,1,9,0,99,99,9,9,99,99,9,9,99,9,99,1,9,6,6,3,-1,-1,998,1,4,KIA PICANTO,7,E01000169,0,1
2024201507743,2024,201507743,2,9,0,-1,4,4,8,-1,0,0,0,0,0,0,1,1,-1,9,2,30,6,998,1,10,KIA PICANTO,7,E01009554,0,1
2024631433623,2024,631433623,1,9,0,-1,19,6,2,-1,0,1,0,0,0,0,1,1,-1,9,2,58,9,998,1,0,KIA PICANTO,7,W01000464,0,4
2024610053524,2024,610053524,2,9,0,18,19,6,2,0,0,0,0,0,0,0,1,1,1,1,2,37,7,1086,1,14,KIA PICANTO,6,W01001504,0,2
2024991474466,2024,991474466,2,9,0,-1,19,6,2,-1,0,0,0,0,0,0,1,9,-1,6,2,76,11,998,1,0,KIA PICANTO,6,-1,0,2