collision_index,collision_year,collision_ref_no,vehicle_reference,vehicle_type,towing_and_articulation,vehicle_manoeuvre_historic,vehicle_manoeuvre,vehicle_direction_from,vehicle_direction_to,vehicle_location_restricted_lane_historic,vehicle_location_restricted_lane,junction_location,skidding_and_overturning,hit_object_in_carriageway,vehicle_leaving_carriageway,hit_object_off_carriageway,first_point_of_impact,vehicle_left_hand_drive,journey_purpose_of_driver_historic,journey_purpose_of_driver,sex_of_driver,age_of_driver,age_band_of_driver,engine_capacity_cc,propulsion_code,age_of_vehicle,generic_make_model,driver_imd_decile,lsoa_of_driver,escooter_flag,driver_distance_banding
2024421458935,2024,421458935,1,9,0,-1,19,3,7,-1,0,0,0,0,2,0,1,1,-1,6,1,44,7,999,1,14,KIA PICANTO,4,E01015825,0,1
2024131497877,2024,131497877,1,9,0,-1,1,1,5,-1,0,0,0,0,0,0,2,1,-1,9,2,88,11,999,1,15,KIA PICANTO,8,E01011509,0,1
2024010511541,2024,010511541,1,9,0,99,99,9,9,99,99,9,9,99,9,99,1,9,6,6,1,31,6,998,1,13,KIA PICANTO,5,E01001512,0,1
2024401448910,2024,401448910,1,9,0,-1,19,5,1,-1,0,0,0,0,0,0,1,1,-1,6,2,38,7,1248,1,9,KIA PICANTO,9,E01033824,0,1
2024201497548,2024,201497548,2,9,0,-1,5,5,1,-1,0,8,1,0,0,0,3,1,-1,6,2,55,8,998,1,0,KIA PICANTO,10,E01010191,0,1
2024161521810,2024,161521810,1,9,0,-1,19,1,5,-1,0,8,1,0,0,0,3,1,-1,7,1,46,8,1086,1,16,KIA PICANTO,1,E01012856,0,1
2024610039024,2024,610039024,2,9,0,4,4,2,6,0,0,1,0,0,0,0,2,1,6,6,1,-1,-1,998,1,12,KIA PICANTO,1,W01001692,0,1
2024340WN6682,2024,340WN6682,2,9,0,-1,19,7,5,-1,0,2,1,0,0,0,3,1,-1,2,2,22,5,1248,1,8,KIA PICANTO,10,E01035419,0,1
202454E574224,2024,54E574224,1,9,0,9,9,8,6,0,0,5,0,0,0,0,1,1,6,6,1,65,9,1086,1,14,KIA PICANTO,2,E01015506,0,1
2024991428574,2024,991428574,1,9,0,-1,19,4,8,-1,0,0,0,0,0,0,1,2,-1,9,2,40,7,998,1,1,KIA PICANTO,3,-1,0,5
2024311529730,2024,311529730,1,9,0,-1,9,6,4,-1,0,1,0,0,0,0,4,2,-1,6,2,71,10,998,1,7,KIA PICANTO,-1,-1,0,-1
2024052402594,2024,052402594,1,9,0,18,19,7,3,0,0,4,0,0,0,0,1,1,6,6,2,26,6,1248,1,5,KIA PICANTO,5,E01006488,0,2
2024311462392,2024,311462392,1,9,0,-1,9,2,7,-1,0,0,0,0,0,0,1,1,-1,6,2,37,7,1248,1,8,KIA PICANTO,1,E01013825,0,1
2024522402500,2024,522402500,2,9,0,5,5,3,7,0,0,6,0,0,0,0,1,1,6,6,1,45,7,998,1,11,KIA PICANTO,9,E01031888,0,3
2024411489410,2024,411489410,3,9,0,-1,2,0,0,-1,-1,0,0,0,0,0,2,1,-1,6,1,36,7,1248,1,6,KIA PICANTO,5,E01023546,0,1
2024430087468,2024,430087468,1,9,0,18,19,2,6,0,0,0,1,0,7,11,4,1,6,6,1,53,8,1086,1,15,KIA PICANTO,9,E01023352,0,2
2024211520079,2024,211520079,1,9,0,-1,7,7,2,-1,0,1,0,0,1,0,3,1,-1,6,2,29,6,998,1,12,KIA PICANTO,1,E01014266,0,1
2024371476165,2024,371476165,1,9,0,-1,15,7,3,-1,0,0,0,0,0,0,3,1,-1,9,2,60,9,998,1,4,KIA PICANTO,5,E01030229,0,1
2024440164576,2024,440164576,2,9,0,18,19,8,4,0,0,1,0,0,0,0,2,1,6,6,2,38,7,998,1,13,KIA PICANTO,3,E01017315,0,2
2024552401008,2024,552401008,3,9,0,18,19,4,8,0,0,0,0,0,0,0,1,1,6,6,2,57,9,998,1,1,KIA PICANTO,5,E01002632,0,5
2024131407149,2024,131407149,3,9,0,-1,2,0,0,-1,0,1,0,0,0,0,3,1,-1,9,2,38,7,998,1,12,KIA PICANTO,1,E01010841,0,1
2024141477583,2024,141477583,2,9,0,-1,14,5,1,-1,0,1,0,0,1,0,1,1,-1,6,-1,-1,-1,998,1,6,KIA PICANTO,-1,-1,0,-1
2024440261948,2024,440261948,1,9,0,9,9,1,7,0,0,6,0,0,0,0,1,1,6,6,1,48,8,1086,1,14,KIA PICANTO,9,E01022848,0,1
2024111456320,2024,111456320,1,9,0,-1,5,5,1,-1,0,0,0,0,0,0,3,1,-1,9,1,28,6,1248,1,4,KIA PICANTO,2,E01020647,0,4
2024201457316,2024,201457316,1,9,0,-1,14,7,4,-1,0,0,0,0,0,0,4,1,-1,2,1,62,9,999,1,18,KIA PICANTO,1,E01034923,0,2
2024471403438,2024,471403438,2,9,0,-1,19,-1,-1,-1,0,8,0,0,0,0,3,1,-1,6,3,-1,-1,998,1,13,KIA PICANTO,-1,-1,0,-1
2024141393803,2024,141393803,1,9,0,-1,19,3,7,-1,0,1,0,0,0,0,4,1,-1,9,1,34,6,1248,1,13,KIA PICANTO,6,E01008046,0,1
2024451436220,2024,451436220,1,9,0,-1,19,7,3,-1,0,0,0,0,0,0,1,1,-1,9,2,46,8,998,1,3,KIA PICANTO,9,E01035146,0,5
2024010536324,2024,010536324,3,9,0,18,19,1,5,0,0,1,1,0,6,0,1,1,2,2,2,23,5,1086,1,14,KIA PICANTO,6,E01001271,0,1
2024070798279,2024,070798279,1,9,0,-1,9,5,3,-1,0,1,0,0,0,0,1,1,-1,2,2,38,7,998,1,3,KIA PICANTO,2,E01012459,0,1
2024451408805,2024,451408805,1,9,0,-1,4,1,5,-1,0,0,0,0,0,0,2,1,-1,2,2,31,6,998,1,4,KIA PICANTO,6,E01003413,0,4
2024332400671,2024,332400671,1,9,0,-1,19,6,2,-1,0,6,0,0,0,0,3,1,-1,6,2,76,11,998,1,1,KIA PICANTO,9,E01025828,0,1
2024141433044,2024,141433044,1,9,0,-1,7,5,7,-1,0,6,0,0,0,0,2,1,-1,6,1,84,11,1248,1,5,KIA PICANTO,9,E01007674,0,1
2024421514360,2024,421514360,1,9,0,-1,1,5,1,-1,0,0,0,0,1,0,0,1,-1,6,2,85,11,1248,1,7,KIA PICANTO,9,E01002274,0,2
2024440173416,2024,440173416,1,9,0,9,9,1,6,0,0,8,0,0,0,0,1,1,6,6,2,18,4,998,1,1,KIA PICANTO,10,E01022867,0,2
2024522402551,2024,522402551,1,9,0,7,7,4,6,0,0,6,0,0,0,0,2,1,6,6,1,34,6,999,1,14,KIA PICANTO,3,E01014569,0,1
2024501455462,2024,501455462,1,9,0,-1,9,2,8,-1,0,8,0,0,0,0,4,1,-1,9,1,90,11,1086,1,14,KIA PICANTO,4,E01015241,0,1
2024221447714,2024,221447714,3,9,0,-1,4,1,5,-1,0,0,0,0,0,0,2,9,-1,6,2,68,10,998,1,2,KIA PICANTO,4,E01028978,0,4
2024061461357,2024,061461357,1,9,0,-1,2,5,8,-1,0,0,0,0,0,0,0,1,-1,9,2,72,10,1248,1,7,KIA PICANTO,-1,-1,0,-1
2024461520430,2024,461520430,2,9,0,-1,19,7,3,-1,0,0,0,0,0,0,2,1,-1,6,1,62,9,998,1,2,KIA PICANTO,4,E01024287,0,3
2024061432882,2024,061432882,2,9,0,-1,19,2,7,-1,0,0,1,0,1,0,3,1,-1,9,1,87,11,998,1,9,KIA PICANTO,2,E01005371,0,2
2024302400605,2024,302400605,1,9,0,14,14,7,3,0,0,8,2,0,0,0,4,2,6,6,2,24,5,998,1,1,KIA PICANTO,3,E01019692,0,1
2024430591765,2024,430591765,2,9,0,3,3,7,3,0,0,2,0,0,0,0,2,1,2,2,2,62,9,999,1,13,KIA PICANTO,7,E01028658,0,1
2024401476496,2024,401476496,4,9,0,-1,2,0,0,-1,0,0,0,4,0,0,2,1,-1,6,-1,-1,-1,998,1,7,KIA PICANTO,-1,-1,0,-1
2024041492545,2024,041492545,1,9,0,-1,19,7,3,-1,0,0,0,0,0,0,1,1,-1,1,1,73,10,1086,1,14,KIA PICANTO,3,E01025063,0,1
2024501484188,2024,501484188,2,9,0,-1,9,1,6,-1,0,8,0,0,0,0,3,1,-1,2,2,29,6,998,1,3,KIA PICANTO,8,E01020027,0,2
2024440394300,2024,440394300,1,9,0,3,3,2,6,0,0,0,0,0,0,0,1,1,6,6,2,25,5,1086,1,18,KIA PICANTO,3,E01030432,0,1
2024631431204,2024,631431204,2,9,0,-1,4,6,2,-1,0,0,0,0,0,0,2,1,-1,2,2,19,4,998,1,2,KIA PICANTO,4,W01000809,0,3
2024461442114,2024,461442114,1,9,0,-1,19,7,3,-1,0,0,0,0,0,0,1,1,-1,9,2,20,4,1086,1,18,KIA PICANTO,9,E01024104,0,3
2024041527535,2024,041527535,5,9,0,-1,2,0,0,-1,0,0,0,0,1,0,2,1,-1,6,-1,-1,-1,1086,1,19,KIA PICANTO,-1,-1,0,-1
202417S107824,2024,17S107824,1,9,0,-1,19,2,8,-1,0,0,0,0,0,0,1,1,-1,9,2,58,9,998,1,6,KIA PICANTO,1,E01012249,0,1
2024052402397,2024,052402397,2,9,0,18,19,3,7,0,0,0,0,0,0,0,1,1,6,6,2,58,9,998,1,2,KIA PICANTO,6,E01007265,0,2
2024543142824,2024,543142824,2,9,0,17,19,2,6,0,0,0,0,0,0,0,3,1,6,6,1,91,11,1248,1,5,KIA PICANTO,6,E01032037,0,1
2024461525087,2024,461525087,2,9,0,-1,19,2,6,-1,0,1,0,0,0,0,1,1,-1,9,1,71,10,998,1,10,KIA PICANTO,8,E01016082,0,4
2024631501741,2024,631501741,1,9,0,-1,19,4,8,-1,0,0,0,0,2,10,4,1,-1,6,1,22,5,998,1,7,KIA PICANTO,7,W01000623,0,1
2024471489542,2024,471489542,1,9,0,-1,4,-1,-1,-1,0,0,0,0,0,0,2,1,-1,9,2,53,8,1086,1,14,KIA PICANTO,3,E01031400,0,2
2024311461823,2024,311461823,162,9,0,-1,19,1,5,-1,0,0,0,0,0,0,3,1,-1,9,2,32,6,1248,1,10,KIA PICANTO,-1,-1,0,-1
2024131442198,2024,131442198,1,9,0,-1,19,1,5,-1,0,8,0,0,0,0,1,1,-1,9,2,22,5,1086,1,15,KIA PICANTO,2,E01022320,0,5
2024451475808,2024,451475808,3,9,0,-1,4,3,7,-1,0,0,0,0,0,0,2,1,-1,9,1,57,9,998,1,2,KIA PICANTO,8,E01032835,0,2
2024522403308,2024,522403308,2,9,0,18,19,2,6,0,0,1,0,0,0,0,1,1,6,6,2,77,11,998,1,10,KIA PICANTO,6,E01014848,0,1
2024471485697,2024,471485697,1,9,0,-1,7,3,5,-1,0,6,0,0,0,0,1,1,-1,6,2,19,4,1248,1,7,KIA PICANTO,3,E01031366,0,4
2024071004430,2024,071004430,1,9,0,-1,19,3,7,-1,0,0,0,0,0,0,1,1,-1,6,1,26,6,999,1,13,KIA PICANTO,2,E01012480,0,4
2024211535270,2024,211535270,1,9,0,-1,15,1,5,-1,0,0,0,0,0,0,1,2,-1,6,1,33,6,999,1,14,KIA PICANTO,2,E01029447,0,1
2024061503078,2024,061503078,2,9,0,-1,19,-1,-1,-1,4,4,0,0,0,0,4,1,-1,6,2,-1,-1,998,1,12,KIA PICANTO,-1,-1,0,-1
2024320409446,2024,320409446,2,9,0,-1,-1,8,4,0,0,8,0,0,0,0,3,1,-1,-1,2,22,5,1248,1,5,KIA PICANTO,2,-1,0,5
2024332400567,2024,332400567,2,9,0,-1,13,1,5,-1,0,0,0,0,0,0,4,1,-1,6,1,-1,-1,999,1,14,KIA PICANTO,-1,-1,0,-1
2024430154944,2024,430154944,1,9,0,18,19,2,7,0,0,0,0,0,0,0,1,1,6,6,2,45,7,1248,1,10,KIA PICANTO,-1,-1,0,-1
2024361454238,2024,361454238,2,9,0,-1,19,4,8,-1,0,8,0,0,0,0,1,1,-1,2,2,29,6,1248,1,9,KIA PICANTO,-1,-1,0,-1
2024552500144,2024,552500144,3,9,0,18,19,4,8,0,0,0,0,0,7,10,1,1,6,6,2,51,8,1248,1,9,KIA PICANTO,10,E01020463,0,1
2024471422480,2024,471422480,1,9,0,-1,19,3,7,-1,0,0,0,4,0,0,1,1,-1,9,2,47,8,1248,1,12,KIA PICANTO,3,E01021050,0,3
2024440010155,2024,440010155,1,9,0,18,19,2,6,0,0,0,0,4,7,11,1,1,6,6,2,77,11,1086,1,19,KIA PICANTO,4,E01017271,0,1
2024991502952,2024,991502952,1,9,0,-1,9,7,5,-1,0,8,0,0,0,0,3,1,-1,6,2,85,11,998,1,1,KIA PICANTO,9,-1,0,1
2024052402572,2024,052402572,1,9,0,12,12,6,2,0,0,0,0,0,0,0,3,1,6,6,2,58,9,998,1,1,KIA PICANTO,5,E01006999,0,1
2024061421173,2024,061421173,1,9,0,-1,10,5,3,-1,0,5,0,0,0,0,1,1,-1,1,2,40,7,1248,1,6,KIA PICANTO,2,E01011754,0,4
2024320224373,2024,320224373,1,9,0,-1,-1,8,4,0,0,0,5,0,7,0,1,1,-1,-1,1,62,9,998,1,3,KIA PICANTO,5,E01026373,0,3
2024010542118,2024,010542118,1,9,0,6,6,5,5,0,0,1,0,0,0,0,0,1,6,6,1,24,5,998,1,12,KIA PICANTO,3,E01034146,0,1
2024471536515,2024,471536515,4,9,0,-1,19,2,6,-1,0,0,0,0,1,9,3,1,-1,9,2,21,5,998,1,6,KIA PICANTO,10,E01031678,0,4
2024461398359,2024,461398359,2,9,0,-1,4,1,5,-1,0,0,0,0,0,0,2,9,-1,1,2,39,7,998,1,7,KIA PICANTO,6,E01016078,0,1
2024131453826,2024,131453826,3,9,0,-1,19,5,1,-1,0,0,0,0,0,0,2,1,-1,1,1,19,4,998,1,1,KIA PICANTO,2,E01011028,0,1
2024440097066,2024,440097066,1,9,0,18,19,5,1,0,0,1,1,0,7,1,1,1,2,2,1,46,8,998,1,2,KIA PICANTO,2,E01022819,0,3
2024010542343,2024,010542343,1,9,0,12,12,1,5,0,0,2,0,0,0,0,3,1,6,6,2,61,9,998,1,10,KIA PICANTO,4,E01004752,0,1
2024141424051,2024,141424051,6,9,0,-1,19,3,7,-1,0,1,0,0,0,0,1,1,-1,6,2,57,9,998,1,8,KIA PICANTO,10,E01011113,0,2
2024131448641,2024,131448641,1,9,0,-1,7,4,8,-1,0,1,0,0,0,0,4,1,-1,6,1,21,5,998,1,12,KIA PICANTO,1,E01011370,0,1
2024010535067,2024,010535067,2,9,0,99,99,9,9,99,99,9,9,99,9,99,1,9,6,6,3,-1,-1,998,1,6,KIA PICANTO,-1,-1,0,-1
2024010524406,2024,010524406,1,9,0,18,19,5,1,0,0,1,1,4,0,0,1,1,6,6,1,51,8,998,1,0,KIA PICANTO,2,E01000386,0,1
2024451486641,2024,451486641,1,9,0,-1,19,6,3,-1,0,3,5,0,0,0,4,1,-1,9,1,29,6,1086,1,16,KIA PICANTO,6,E01030842,0,4
202454F078924,2024,54F078924,1,9,0,18,19,8,4,0,0,0,0,4,0,0,1,1,6,6,2,38,7,1248,1,5,KIA PICANTO,7,E01033842,0,1
2024010530924,2024,010530924,1,9,0,99,99,9,9,99,99,9,9,99,9,99,9,9,6,6,3,-1,-1,998,1,2,KIA PICANTO,-1,-1,0,-1
2024201398147,2024,201398147,1,9,0,-1,9,8,4,-1,0,5,0,0,0,0,1,1,-1,6,2,65,9,998,1,12,KIA PICANTO,-1,-1,0,-1
2024161509845,2024,161509845,1,9,0,-1,19,6,2,-1,0,0,2,0,1,0,1,1,-1,2,1,17,4,1086,1,15,KIA PICANTO,3,E01013303,0,1
2024430446056,2024,430446056,1,9,0,9,9,6,4,0,0,6,0,6,0,0,1,1,6,6,1,19,4,1086,1,19,KIA PICANTO,10,E01016653,0,2
2024031535233,2024,031535233,1,9,0,-1,19,8,4,-1,0,0,0,12,0,0,1,1,-1,6,2,53,8,998,1,2,KIA PICANTO,3,E01019290,0,4
2024440219417,2024,440219417,1,9,0,9,9,1,7,0,0,8,0,0,0,0,1,1,6,6,1,79,11,1086,1,14,KIA PICANTO,8,E01017287,0,1
2024211528143,2024,211528143,1,9,0,-1,5,1,5,-1,0,0,0,0,0,0,1,1,-1,6,2,73,10,998,1,0,KIA PICANTO,-1,-1,0,-1
2024131534921,2024,131534921,2,9,0,-1,19,1,1,-1,0,1,0,0,0,0,1,1,-1,9,2,31,6,998,1,1,KIA PICANTO,8,E01010971,0,1
2024052401089,2024,052401089,2,9,0,18,19,6,2,0,0,1,0,0,0,0,1,1,6,6,2,46,8,998,1,7,KIA PICANTO,1,E01006644,0,1
2024041468477,2024,041468477,1,9,0,-1,9,5,7,-1,0,6,0,0,0,0,4,1,-1,9,2,50,8,998,1,2,KIA PICANTO,8,E01025550,0,3
2024221455741,2024,221455741,2,9,0,-1,9,1,7,-1,0,5,0,0,0,0,4,1,-1,6,2,34,6,1086,1,18,KIA PICANTO,5,E01028890,0,3
2024010494675,2024,010494675,1,9,0,18,19,2,6,0,0,8,0,0,0,0,1,1,1,1,1,60,9,1248,1,10,KIA PICANTO,6,E01002653,0,1
2024520402909,2024,520402909,1,9,0,18,19,8,4,0,0,8,0,0,1,10,1,1,6,6,2,56,9,1248,1,11,KIA PICANTO,2,E01029042,0,1
2024552400037,2024,552400037,1,9,0,18,19,6,2,0,0,0,0,0,0,0,1,1,6,6,2,29,6,1248,1,9,KIA PICANTO,1,E01020552,0,1
2024041453602,2024,041453602,2,9,0,-1,19,3,7,-1,0,0,0,0,0,0,3,1,-1,1,2,25,5,998,1,5,KIA PICANTO,3,E01025209,0,1
2024052401242,2024,052401242,2,9,0,4,4,7,3,0,0,1,0,0,0,0,2,1,6,6,2,20,4,998,1,7,KIA PICANTO,3,E01006497,0,1
2024302400479,2024,302400479,3,9,0,2,2,0,0,0,0,0,0,0,0,0,3,1,6,6,3,-1,-1,1086,1,16,KIA PICANTO,-1,-1,0,-1
2024311482111,2024,311482111,1,9,0,-1,9,5,1,-1,0,0,0,0,0,0,1,1,-1,9,1,19,4,998,1,9,KIA PICANTO,4,E01028158,0,1
2024991481923,2024,991481923,2,9,0,-1,2,0,0,-1,0,1,0,0,0,0,2,1,-1,6,-1,-1,-1,1248,1,7,KIA PICANTO,-1,-1,0,-1
2024302401478,2024,302401478,1,9,0,16,19,6,2,0,0,0,0,0,1,3,4,1,6,6,1,17,4,998,1,11,KIA PICANTO,3,E01019858,0,3
2024131500156,2024,131500156,2,9,0,-1,5,1,3,-1,9,0,0,0,0,0,0,1,-1,9,2,21,5,999,1,15,KIA PICANTO,4,E01011834,0,1
2024010538631,2024,010538631,1,9,0,18,19,3,7,0,0,0,0,0,0,0,1,1,6,6,1,54,8,998,1,2,KIA PICANTO,2,E01001409,0,1
2024430551554,2024,430551554,1,9,0,2,2,8,4,0,0,0,0,0,0,0,3,1,2,2,2,67,10,1086,1,15,KIA PICANTO,7,E01016775,0,1
2024010494514,2024,010494514,2,9,0,16,19,5,1,0,0,1,0,0,0,0,1,1,6,6,3,18,4,998,1,1,KIA PICANTO,6,E01003787,0,1
2024122400042,2024,122400042,1,9,0,18,19,3,7,0,0,1,0,0,0,0,1,1,2,2,2,29,6,1086,1,16,KIA PICANTO,7,E01027738,0,3
2024991486254,2024,991486254,2,9,0,-1,2,0,0,-1,0,0,0,0,0,0,3,1,-1,6,-1,-1,-1,998,1,11,KIA PICANTO,-1,-1,0,-1
2024461420441,2024,461420441,1,9,0,-1,9,7,5,-1,0,1,0,0,1,11,3,1,-1,2,2,67,10,998,1,3,KIA PICANTO,5,E01024342,0,1
2024052401572,2024,052401572,1,9,0,18,19,5,1,0,0,1,0,0,3,11,1,1,6,6,1,83,11,998,1,12,KIA PICANTO,1,E01006693,0,1
2024531430681,2024,531430681,2,9,0,-1,19,7,3,-1,0,8,0,0,0,0,1,1,-1,2,2,20,4,1248,1,13,KIA PICANTO,9,E01022308,0,1
2024201435611,2024,201435611,2,9,0,-1,19,4,8,-1,0,6,2,0,0,0,1,1,-1,9,2,19,4,998,1,11,KIA PICANTO,5,E01004733,0,5
2024991524998,2024,991524998,1,9,0,-1,5,3,7,-1,0,0,0,0,0,0,2,1,-1,9,1,74,10,1086,1,15,KIA PICANTO,5,-1,0,1
2024131452094,2024,131452094,2,9,0,-1,9,1,5,-1,0,8,0,0,0,0,2,1,-1,2,2,57,9,1086,1,17,KIA PICANTO,1,E01011284,0,1
2024041536160,2024,041536160,2,9,0,-1,9,6,7,-1,0,1,0,0,0,0,2,1,-1,9,1,20,4,998,1,0,KIA PICANTO,10,E01025438,0,1
2024052401005,2024,052401005,1,9,0,18,19,6,2,0,0,1,0,0,0,0,1,1,6,6,1,-1,-1,998,1,6,KIA PICANTO,-1,-1,0,-1
2024610042124,2024,610042124,1,9,0,18,19,5,1,0,0,0,0,0,0,0,4,1,6,6,2,82,11,1086,1,18,KIA PICANTO,5,W01001686,0,1
2024311489736,2024,311489736,2,9,0,-1,19,1,2,-1,0,0,0,0,0,0,1,1,-1,6,2,48,8,999,1,14,KIA PICANTO,7,E01028124,0,1
2024401484876,2024,401484876,3,9,0,-1,2,0,0,-1,0,2,0,0,0,0,3,1,-1,6,-1,-1,-1,998,1,12,KIA PICANTO,-1,-1,0,-1
2024351430432,2024,351430432,2,9,0,-1,8,-1,-1,-1,0,1,0,0,0,0,1,1,-1,2,2,57,9,1248,1,5,KIA PICANTO,6,E01018169,0,1
2024201487517,2024,201487517,1,9,0,-1,5,6,2,-1,0,1,0,0,0,0,1,2,-1,6,2,20,4,998,1,11,KIA PICANTO,2,E01009091,0,1
2024211516718,2024,211516718,1,9,0,-1,7,6,1,-1,0,5,0,0,0,0,3,2,-1,6,2,69,10,998,1,1,KIA PICANTO,8,E01029432,0,1
2024451518733,2024,451518733,2,9,0,-1,9,5,2,-1,0,6,0,0,0,0,1,1,-1,7,2,42,7,998,1,10,KIA PICANTO,10,E01030425,0,1
2024010540826,2024,010540826,1,9,0,99,99,9,9,99,99,9,9,99,9,99,2,9,6,6,2,54,8,1086,1,19,KIA PICANTO,7,E01000298,0,1
2024440459885,2024,440459885,1,9,0,5,5,7,3,0,0,8,0,0,0,0,0,1,6,6,2,77,11,998,1,0,KIA PICANTO,9,E01022600,0,1
2024520402221,2024,520402221,2,9,0,18,19,8,4,0,0,0,0,0,0,0,1,1,6,6,1,17,4,1248,1,12,KIA PICANTO,5,E01029153,0,1
2024161453902,2024,161453902,1,9,0,-1,7,4,6,-1,0,1,0,0,0,0,3,1,-1,6,2,21,5,998,1,2,KIA PICANTO,7,E01012792,0,1
2024520403050,2024,520403050,1,9,0,18,19,5,1,0,0,0,5,0,0,0,1,1,6,6,2,19,4,1086,1,20,KIA PICANTO,6,E01029218,0,1
2024461401757,2024,461401757,2,9,0,-1,4,4,8,-1,0,0,0,0,0,0,2,9,-1,6,1,18,4,998,1,11,KIA PICANTO,10,E01024074,0,1
2024231433343,2024,231433343,1,9,0,-1,15,4,8,-1,0,0,0,0,0,0,3,9,-1,9,3,34,6,999,1,19,KIA PICANTO,-1,-1,0,-1
2024320766568,2024,320766568,1,9,0,-1,-1,1,3,0,0,0,1,0,1,9,4,1,-1,-1,1,71,10,1248,1,4,KIA PICANTO,2,E01026050,0,2
2024071005844,2024,071005844,1,9,0,-1,19,3,7,-1,0,0,0,0,0,0,1,1,-1,6,1,75,10,998,1,0,KIA PICANTO,2,E01006479,0,3
2024231437901,2024,231437901,1,9,0,-1,19,5,3,-1,0,0,2,10,1,11,4,1,-1,9,2,63,9,998,1,1,KIA PICANTO,8,E01035035,0,3
2024010524534,2024,010524534,2,9,0,18,19,7,3,0,0,1,0,0,0,0,2,1,6,6,1,60,9,998,1,3,KIA PICANTO,4,E01004368,0,1
2024351525448,2024,351525448,2,9,0,-1,3,7,3,-1,0,0,0,0,1,10,2,1,-1,6,2,32,6,1248,1,5,KIA PICANTO,8,E01015650,0,1
2024501456778,2024,501456778,1,9,0,-1,9,3,7,-1,0,1,0,0,0,0,2,1,-1,9,2,70,10,1086,1,15,KIA PICANTO,2,E01019990,0,1
2024041532591,2024,041532591,1,9,0,-1,19,5,1,-1,0,0,0,0,0,0,1,1,-1,6,2,83,11,999,1,14,KIA PICANTO,9,E01024937,0,1
2024320522233,2024,320522233,1,9,0,-1,-1,6,2,0,0,1,0,0,0,0,1,1,6,6,1,71,10,1086,1,13,KIA PICANTO,2,E01026165,0,1
2024010511149,2024,010511149,1,9,9,99,99,9,9,99,99,9,9,99,9,99,2,9,6,6,1,20,4,998,1,3,KIA PICANTO,4,E01001484,0,1
2024501533177,2024,501533177,2,9,0,-1,19,5,3,-1,0,8,0,0,0,0,1,1,-1,6,1,30,6,1248,1,5,KIA PICANTO,2,E01015216,0,1
2024501500424,2024,501500424,1,9,0,-1,19,4,8,-1,0,2,0,0,0,0,1,1,-1,2,2,30,6,998,1,12,KIA PICANTO,6,E01020159,0,5
2024211460006,2024,211460006,2,9,0,-1,19,2,8,-1,0,0,5,0,0,0,1,1,-1,6,2,52,8,1248,1,8,KIA PICANTO,6,E01029789,0,1
2024440353787,2024,440353787,3,9,0,2,2,0,0,0,0,0,0,0,0,0,3,1,6,6,3,-1,-1,998,1,5,KIA PICANTO,-1,-1,0,-1
2024991467312,2024,991467312,1,9,0,-1,19,6,2,-1,0,8,0,0,0,0,4,1,-1,9,1,66,10,998,1,5,KIA PICANTO,4,E01035193,0,5
2024201531583,2024,201531583,5,9,0,-1,19,1,1,-1,9,0,1,0,0,0,1,1,-1,6,2,26,6,1248,1,13,KIA PICANTO,2,E01010061,0,2
2024010505178,2024,010505178,1,9,0,99,99,9,9,99,99,9,9,99,9,99,2,9,6,6,2,45,7,998,1,1,KIA PICANTO,3,E01002413,0,1
2024351445534,2024,351445534,2,9,0,-1,19,7,3,-1,0,0,0,0,1,9,2,1,-1,6,1,64,9,999,1,13,KIA PICANTO,6,E01013787,0,4
2024401471971,2024,401471971,1,9,0,-1,7,3,5,-1,0,8,0,0,0,0,1,1,-1,6,2,58,9,1248,1,8,KIA PICANTO,4,E01017506,0,1
2024010545590,2024,010545590,1,9,0,8,8,5,7,0,0,0,0,0,0,0,1,1,6,6,2,58,9,998,1,4,KIA PICANTO,7,E01000701,0,1
2024430076459,2024,430076459,1,9,0,18,19,5,1,0,0,0,0,0,0,0,4,1,6,6,2,71,10,999,1,14,KIA PICANTO,5,E01035735,0,1
2024031450716,2024,031450716,2,9,0,-1,5,7,3,-1,0,0,0,0,0,0,3,1,-1,6,1,28,6,998,1,13,KIA PICANTO,1,E01019280,0,1
2024440455861,2024,440455861,1,9,0,6,6,5,6,0,0,0,0,0,0,0,3,1,6,6,2,49,8,998,1,11,KIA PICANTO,2,E01032879,0,2
2024522401498,2024,522401498,2,9,0,9,9,3,2,0,0,6,0,0,0,0,0,1,6,6,1,22,5,999,1,17,KIA PICANTO,1,E01033358,0,1
2024201531626,2024,201531626,1,9,0,-1,15,2,6,-1,0,0,0,0,0,0,1,9,-1,6,1,33,6,1086,1,18,KIA PICANTO,4,E01009037,0,1
2024010545936,2024,010545936,1,9,0,3,3,5,1,0,0,1,0,0,0,0,2,1,6,6,2,53,8,998,1,1,KIA PICANTO,-1,-1,0,-1