collision_index,collision_year,collision_ref_no,vehicle_reference,vehicle_type,towing_and_articulation,vehicle_manoeuvre_historic,vehicle_manoeuvre,vehicle_direction_from,vehicle_direction_to,vehicle_location_restricted_lane_historic,vehicle_location_restricted_lane,junction_location,skidding_and_overturning,hit_object_in_carriageway,vehicle_leaving_carriageway,hit_object_off_carriageway,first_point_of_impact,vehicle_left_hand_drive,journey_purpose_of_driver_historic,journey_purpose_of_driver,sex_of_driver,age_of_driver,age_band_of_driver,engine_capacity_cc,propulsion_code,age_of_vehicle,generic_make_model,driver_imd_decile,lsoa_of_driver,escooter_flag,driver_distance_banding
2024010522560,2024,010522560,2,9,0,16,19,5,1,0,0,1,0,0,0,0,1,1,6,6,2,22,5,1086,1,14,KIA PICANTO,4,E01034612,0,1
2024361544944,2024,361544944,1,9,0,-1,19,8,6,-1,0,1,0,0,0,0,1,1,-1,9,1,77,11,998,1,10,KIA PICANTO,7,E01026536,0,1
2024010495537,2024,010495537,1,9,0,18,19,3,7,0,0,0,0,0,0,0,1,1,6,6,2,71,10,1248,1,5,KIA PICANTO,8,E01023312,0,2
2024010505488,2024,010505488,1,9,0,99,99,9,9,99,99,9,9,99,9,99,9,9,6,6,2,25,5,999,1,15,KIA PICANTO,4,E01001323,0,1
2024122400293,2024,122400293,2,9,0,18,19,2,7,0,0,6,0,0,0,0,1,1,6,6,1,29,6,1086,1,14,KIA PICANTO,6,E01013383,0,1
2024010519883,2024,010519883,2,9,0,12,12,5,1,0,0,0,0,0,0,0,3,1,6,6,2,43,7,998,1,1,KIA PICANTO,6,E01001964,0,2
2024361427923,2024,361427923,2,9,0,-1,19,5,1,-1,0,0,0,0,0,0,1,1,-1,9,2,32,6,1248,1,8,KIA PICANTO,7,E01026937,0,4
2024052402270,2024,052402270,2,9,0,18,19,8,4,0,0,8,0,0,0,0,4,1,6,6,2,32,6,1248,1,11,KIA PICANTO,1,E01006737,0,2
2024070588429,2024,070588429,2,9,0,7,7,2,6,0,0,2,0,0,0,0,1,1,6,6,2,27,6,1248,1,11,KIA PICANTO,3,E01018731,0,1
2024320762303,2024,320762303,2,9,0,10,10,6,2,0,0,1,0,0,1,0,1,1,6,6,2,25,5,998,1,7,KIA PICANTO,7,E01034684,0,2
2024041425059,2024,041425059,1,9,0,-1,19,5,1,-1,0,8,0,0,0,0,1,1,-1,6,1,23,5,998,1,2,KIA PICANTO,1,E01025186,0,1
2024471478118,2024,471478118,1,9,0,-1,19,8,4,-1,0,0,1,0,0,0,4,1,-1,9,2,40,7,998,1,11,KIA PICANTO,2,E01031451,0,1
2024061442527,2024,061442527,2,9,0,-1,9,3,7,-1,0,1,5,0,0,0,4,1,-1,6,2,30,6,998,1,3,KIA PICANTO,3,E01006009,0,2
2024201411986,2024,201411986,9,9,0,-1,3,3,8,-1,0,0,0,0,0,0,2,1,-1,6,2,66,10,998,1,8,KIA PICANTO,-1,-1,0,-1
2024501424720,2024,501424720,1,9,0,-1,2,3,7,-1,0,0,0,0,0,0,2,1,-1,9,2,34,6,998,1,10,KIA PICANTO,2,E01018928,0,3
2024201512594,2024,201512594,2,9,0,-1,19,5,1,-1,0,8,0,0,0,0,1,1,-1,6,1,76,11,999,1,15,KIA PICANTO,1,E01010455,0,1
2024010530581,2024,010530581,2,9,0,18,19,5,1,0,0,1,0,0,0,0,4,1,6,6,1,19,4,998,1,6,KIA PICANTO,7,E01004166,0,1
2024122400287,2024,122400287,3,9,0,2,2,0,0,0,0,0,0,0,0,0,3,1,6,6,3,-1,-1,999,1,14,KIA PICANTO,-1,-1,0,-1
2024052400804,2024,052400804,2,9,0,2,2,0,0,0,0,0,0,0,0,0,2,1,6,6,3,-1,-1,998,1,10,KIA PICANTO,-1,-1,0,-1
2024421431658,2024,421431658,2,9,0,-1,10,1,5,-1,0,1,0,0,0,0,2,9,-1,6,2,65,9,1248,1,6,KIA PICANTO,9,E01021349,0,4
2024361437523,2024,361437523,1,9,0,-1,8,5,7,-1,0,1,0,0,0,0,1,1,-1,6,1,42,7,1248,1,10,KIA PICANTO,4,E01026468,0,1
2024101456590,2024,101456590,1,9,0,-1,9,5,2,-1,0,1,0,0,0,0,1,1,-1,6,1,40,7,1086,1,19,KIA PICANTO,6,E01008411,0,1
2024010532091,2024,010532091,1,9,0,99,99,9,9,99,99,9,9,99,9,99,9,9,6,6,1,19,4,998,1,2,KIA PICANTO,4,E01004426,0,1
202417M207124,2024,17M207124,1,9,0,-1,9,8,6,-1,0,8,0,0,0,0,3,1,-1,9,2,30,6,1248,1,6,KIA PICANTO,1,E01012089,0,1
2024221512646,2024,221512646,2,9,0,-1,19,6,2,-1,0,0,0,0,0,0,2,9,-1,6,1,29,6,998,1,7,KIA PICANTO,2,W01001910,0,5
2024520402419,2024,520402419,2,9,0,18,19,7,3,0,0,8,0,0,0,0,1,1,6,6,2,70,10,998,1,1,KIA PICANTO,5,E01029208,0,1
2024471536561,2024,471536561,1,9,0,-1,19,3,6,-1,0,0,0,0,0,0,3,1,-1,9,1,56,9,1248,1,5,KIA PICANTO,9,E01031683,0,2
2024320191573,2024,320191573,1,9,0,-1,-1,6,2,0,0,0,0,0,0,0,1,1,-1,-1,2,21,5,998,1,11,KIA PICANTO,5,E01026438,0,5
2024430441069,2024,430441069,2,9,0,18,19,2,6,0,0,1,0,0,0,0,1,1,6,6,1,-1,-1,1086,1,18,KIA PICANTO,-1,-1,0,-1
2024010507940,2024,010507940,2,9,0,99,99,9,9,99,99,9,9,99,9,99,1,9,6,6,3,-1,-1,998,1,9,KIA PICANTO,-1,-1,0,-1
2024991442975,2024,991442975,1,9,0,-1,19,4,2,-1,0,8,0,0,1,1,1,1,-1,9,1,20,4,998,1,6,KIA PICANTO,2,-1,0,1
2024131431379,2024,131431379,2,9,0,-1,19,2,6,-1,0,0,0,0,0,0,3,1,-1,2,1,21,5,998,1,5,KIA PICANTO,8,E01010568,0,1
2024622400141,2024,622400141,1,9,0,18,19,8,4,0,0,0,0,0,0,0,1,1,6,6,2,33,6,1086,1,14,KIA PICANTO,4,W01000749,0,4
2024501523830,2024,501523830,1,9,0,-1,19,1,5,-1,0,4,0,0,0,0,4,1,-1,6,1,55,8,998,1,6,KIA PICANTO,9,E01015101,0,1
2024332400760,2024,332400760,3,9,0,-1,19,5,1,-1,0,0,0,0,0,0,1,1,-1,9,2,32,6,998,1,10,KIA PICANTO,10,E01025695,0,2
2024461464699,2024,461464699,1,9,0,-1,19,5,1,-1,0,1,0,0,0,0,3,9,-1,6,1,88,11,998,1,9,KIA PICANTO,9,E01024353,0,1
2024221452084,2024,221452084,2,9,0,-1,19,5,1,-1,0,0,1,0,0,0,1,1,-1,6,1,23,5,1248,1,5,KIA PICANTO,8,E01032228,0,2
2024610027124,2024,610027124,2,9,0,2,2,0,0,0,0,2,0,0,0,0,3,1,6,6,3,-1,-1,998,1,9,KIA PICANTO,-1,-1,0,-1
2024471450482,2024,471450482,1,9,0,-1,19,5,1,-1,0,0,0,0,0,0,3,1,-1,9,2,83,11,1248,1,8,KIA PICANTO,9,E01031380,0,1
2024061486859,2024,061486859,2,9,0,-1,19,7,3,-1,0,1,0,0,0,0,3,1,-1,6,1,22,5,1086,1,16,KIA PICANTO,-1,-1,0,-1
2024201533186,2024,201533186,1,9,0,-1,19,1,5,-1,0,8,0,0,0,0,1,1,-1,6,2,25,5,1086,1,20,KIA PICANTO,-1,-1,0,-1
2024991461059,2024,991461059,1,9,0,-1,14,7,3,-1,0,1,0,0,0,0,1,1,-1,6,2,22,5,998,1,1,KIA PICANTO,9,-1,0,1
2024421405949,2024,421405949,3,9,0,-1,2,0,0,-1,9,0,0,0,0,0,1,9,-1,6,-1,-1,-1,998,1,3,KIA PICANTO,-1,-1,0,-1
2024041516504,2024,041516504,1,9,0,-1,19,5,3,-1,0,0,0,0,0,0,4,1,-1,9,1,40,7,998,1,5,KIA PICANTO,9,E01025165,0,1
2024061487419,2024,061487419,1,9,0,-1,19,6,2,-1,0,0,0,0,0,0,1,1,-1,9,1,57,9,998,1,13,KIA PICANTO,2,E01004906,0,1
2024451407487,2024,451407487,2,9,0,-1,5,8,4,-1,0,1,1,0,0,0,1,1,-1,2,1,28,6,1086,1,14,KIA PICANTO,8,E01002966,0,1
2024061472213,2024,061472213,1,9,0,-1,19,3,7,-1,0,0,0,0,0,0,1,1,-1,6,-1,-1,-1,999,1,13,KIA PICANTO,-1,-1,0,-1
2024320196204,2024,320196204,2,9,0,3,3,8,4,0,0,1,0,0,0,0,2,1,6,6,2,18,4,998,1,0,KIA PICANTO,9,E01026337,0,1
2024522403379,2024,522403379,1,9,0,18,19,1,5,0,0,8,0,0,0,0,1,1,6,6,3,-1,-1,998,1,12,KIA PICANTO,-1,-1,0,-1
2024010509725,2024,010509725,2,9,0,18,19,5,1,0,0,1,0,0,0,0,1,1,6,6,2,22,5,1086,1,14,KIA PICANTO,3,E01003541,0,1
2024471477125,2024,471477125,1,9,0,-1,19,5,1,-1,0,4,0,0,0,0,1,1,-1,2,1,77,11,998,1,7,KIA PICANTO,6,E01031514,0,1
2024211470597,2024,211470597,2,9,0,-1,3,6,2,-1,0,0,0,0,0,0,1,1,-1,9,2,33,6,998,1,12,KIA PICANTO,3,E01029787,0,1
2024302401179,2024,302401179,5,9,0,18,19,5,1,0,0,0,0,0,0,0,1,1,6,6,1,65,9,998,1,2,KIA PICANTO,3,E01014334,0,4
2024201473870,2024,201473870,3,9,0,-1,2,0,0,-1,0,0,0,0,0,0,0,9,-1,6,2,-1,-1,1248,1,7,KIA PICANTO,7,E01020338,0,5
2024411504453,2024,411504453,1,9,0,-1,5,3,7,-1,0,0,0,9,0,0,1,1,-1,6,1,55,8,1086,1,16,KIA PICANTO,6,E01023462,0,3
2024010526819,2024,010526819,2,9,0,2,2,0,0,0,0,0,0,0,0,0,0,1,6,6,3,-1,-1,1086,1,15,KIA PICANTO,-1,-1,0,-1
2024010525363,2024,010525363,1,9,0,5,5,7,3,0,0,0,0,0,0,0,1,1,2,2,1,26,6,999,1,14,KIA PICANTO,-1,-1,0,-1
2024461430325,2024,461430325,2,9,0,-1,2,0,0,-1,-1,0,0,0,0,0,2,9,-1,9,2,33,6,1248,1,8,KIA PICANTO,7,E01024097,0,1
2024421438189,2024,421438189,2,9,0,-1,4,2,6,-1,0,4,0,0,0,0,2,9,-1,9,1,19,4,1248,1,9,KIA PICANTO,5,E01021443,0,3
2024041458927,2024,041458927,1,9,0,-1,19,1,5,-1,0,0,0,0,7,11,1,1,-1,9,1,22,5,999,1,15,KIA PICANTO,3,E01024889,0,1
2024461403627,2024,461403627,1,9,0,-1,19,7,3,-1,0,0,0,0,0,0,4,9,-1,6,2,32,6,1086,1,19,KIA PICANTO,8,E01016099,0,2
2024991536118,2024,991536118,1,9,0,-1,9,7,4,-1,0,5,0,0,0,0,3,2,-1,9,1,45,7,999,1,15,KIA PICANTO,3,-1,0,3
2024991498267,2024,991498267,2,9,0,-1,19,7,3,-1,0,0,0,0,0,0,1,1,-1,6,2,52,8,998,1,7,KIA PICANTO,7,-1,0,1
2024991476980,2024,991476980,1,9,0,-1,7,1,3,-1,0,1,0,0,0,0,1,1,-1,9,1,55,8,998,1,1,KIA PICANTO,2,-1,0,4
2024471502950,2024,471502950,2,9,0,-1,19,1,6,-1,0,0,0,0,0,0,2,1,-1,9,1,29,6,998,1,8,KIA PICANTO,9,E01030453,0,4
2024141519532,2024,141519532,2,9,0,-1,5,4,8,-1,0,6,0,0,0,0,1,1,-1,9,2,86,11,1086,1,14,KIA PICANTO,5,E01008080,0,1
2024501513203,2024,501513203,2,9,0,-1,19,2,6,-1,0,2,0,0,0,0,3,1,-1,6,2,75,10,999,1,13,KIA PICANTO,6,E01018826,0,1
2024010536646,2024,010536646,2,9,0,99,99,9,9,99,99,0,9,99,9,99,0,9,6,6,3,-1,-1,1248,1,10,KIA PICANTO,-1,-1,0,-1
2024010516263,2024,010516263,3,9,0,2,2,0,0,0,0,2,0,0,0,0,2,1,6,6,3,-1,-1,1248,1,11,KIA PICANTO,-1,-1,0,-1
202460Q195537,2024,60Q195537,2,9,0,2,2,0,0,9,9,0,0,0,0,0,3,1,6,6,1,52,8,998,1,5,KIA PICANTO,-1,-1,0,-1
2024161501555,2024,161501555,2,9,0,-1,19,5,1,-1,0,8,0,0,0,0,1,1,-1,2,1,18,4,998,1,12,KIA PICANTO,7,E01013041,0,3
2024361479249,2024,361479249,2,9,0,-1,2,2,8,-1,0,0,0,4,0,0,2,1,-1,6,1,82,11,998,1,0,KIA PICANTO,6,E01030232,0,1
2024430608173,2024,430608173,2,9,0,18,19,2,6,0,0,1,0,0,0,0,1,1,6,6,1,46,8,998,1,2,KIA PICANTO,5,E01016766,0,2
2024520002515,2024,520002515,1,9,0,9,9,6,4,0,0,6,0,0,0,0,3,1,6,6,2,20,4,998,1,3,KIA PICANTO,10,E01014413,0,1
2024552400603,2024,552400603,1,9,0,2,2,0,0,0,0,0,0,0,0,0,3,1,6,6,1,55,8,998,1,8,KIA PICANTO,6,E01034280,0,1
2024451498342,2024,451498342,1,9,0,-1,19,5,1,-1,0,0,0,0,0,0,2,1,-1,9,1,89,11,1248,1,6,KIA PICANTO,10,E01030919,0,3
2024471524617,2024,471524617,2,9,0,-1,2,0,0,-1,0,0,0,0,0,0,1,1,-1,6,-1,-1,-1,1086,1,18,KIA PICANTO,-1,-1,0,-1
2024471486559,2024,471486559,1,9,0,-1,19,2,6,-1,0,0,5,0,1,3,3,1,-1,9,1,18,4,1086,1,15,KIA PICANTO,10,E01031800,0,3
2024471400409,2024,471400409,2,9,0,-1,9,4,2,-1,0,6,0,0,0,0,1,1,-1,6,1,32,6,998,1,10,KIA PICANTO,4,E01021002,0,1
2024440365113,2024,440365113,2,9,0,18,19,4,8,0,0,1,0,0,0,0,1,1,6,6,3,-1,-1,998,1,10,KIA PICANTO,-1,-1,0,-1
2024211527996,2024,211527996,1,9,0,-1,9,4,1,-1,0,5,0,0,0,0,1,1,-1,9,2,82,11,998,1,2,KIA PICANTO,3,E01029487,0,1
2024131532678,2024,131532678,1,9,0,-1,19,3,3,-1,0,0,0,0,0,0,1,1,-1,1,2,22,5,998,1,3,KIA PICANTO,6,E01011693,0,1
2024201517309,2024,201517309,3,9,0,-1,2,0,0,-1,0,8,0,0,0,0,3,1,-1,6,-1,-1,-1,998,1,12,KIA PICANTO,-1,-1,0,-1
2024991506635,2024,991506635,2,9,0,-1,19,2,5,-1,0,0,0,0,0,0,1,1,-1,1,2,25,5,998,1,6,KIA PICANTO,6,-1,0,1
2024440290302,2024,440290302,1,9,0,18,19,4,1,0,0,1,0,0,0,0,1,1,6,6,2,79,11,998,1,2,KIA PICANTO,7,E01023208,0,4
2024122400440,2024,122400440,1,9,0,18,19,8,4,0,0,2,0,0,0,0,1,1,6,6,1,68,10,1086,1,15,KIA PICANTO,5,E01034971,0,1
2024340WN2712,2024,340WN2712,3,9,0,-1,19,5,1,-1,0,0,0,0,0,0,1,1,-1,9,2,53,8,998,1,12,KIA PICANTO,7,E01016264,0,5
202454A769424,2024,54A769424,1,9,0,9,9,1,7,0,0,5,0,0,0,0,1,1,6,6,2,18,4,999,1,15,KIA PICANTO,10,E01032017,0,3
2024471484731,2024,471484731,3,9,0,-1,2,0,0,-1,0,2,0,0,0,0,3,1,-1,6,-1,-1,-1,998,1,6,KIA PICANTO,-1,-1,0,-1
2024440492607,2024,440492607,1,9,0,7,7,5,7,0,0,6,0,0,0,0,3,1,6,6,1,87,11,998,1,6,KIA PICANTO,9,E01022855,0,1
2024010545517,2024,010545517,1,9,0,18,19,3,7,0,0,0,0,7,1,10,4,1,6,6,2,89,11,998,1,6,KIA PICANTO,5,E01004644,0,1
2024141403950,2024,141403950,2,9,0,-1,9,5,3,-1,0,6,0,0,0,0,1,1,-1,6,2,23,5,1248,1,10,KIA PICANTO,6,E01033261,0,3
2024010514137,2024,010514137,1,9,0,18,19,3,7,1,1,0,0,0,0,0,3,1,6,6,2,19,4,998,1,7,KIA PICANTO,3,E01000725,0,3
2024201526513,2024,201526513,1,9,0,-1,19,4,2,-1,0,0,0,0,0,0,1,9,-1,6,2,30,6,999,1,15,KIA PICANTO,-1,-1,0,-1
2024411495645,2024,411495645,2,9,0,-1,5,3,7,-1,0,4,0,0,0,0,4,1,-1,6,2,50,8,1248,1,11,KIA PICANTO,5,E01023782,0,2
2024010521398,2024,010521398,2,9,0,99,99,9,9,99,99,9,9,99,9,99,9,9,6,6,1,20,4,998,1,4,KIA PICANTO,2,E01004304,0,3
2024211474286,2024,211474286,1,9,0,-1,19,3,7,-1,0,1,0,0,0,0,4,1,-1,2,2,23,5,1248,1,12,KIA PICANTO,1,E01014249,0,1
2024451441964,2024,451441964,1,9,0,-1,19,7,3,-1,0,0,0,0,0,0,4,1,-1,9,1,29,6,1248,1,6,KIA PICANTO,1,E01006249,0,5
2024041523625,2024,041523625,2,9,0,-1,5,3,7,-1,0,0,0,0,0,0,2,1,-1,9,2,44,7,1248,1,9,KIA PICANTO,8,E01024869,0,4
2024332400871,2024,332400871,2,9,0,-1,4,1,5,-1,0,0,0,0,0,0,2,1,-1,6,2,20,4,1248,1,5,KIA PICANTO,7,E01025626,0,1
2024010544988,2024,010544988,2,9,0,7,7,3,6,0,0,1,0,0,0,0,4,1,6,6,2,29,6,1248,1,6,KIA PICANTO,8,E01030859,0,2
2024131501782,2024,131501782,2,9,0,-1,19,7,3,-1,0,1,0,0,0,0,1,1,-1,6,1,38,7,998,1,5,KIA PICANTO,2,E01010619,0,2
2024010529487,2024,010529487,1,9,0,13,13,3,7,0,0,2,0,0,0,0,1,1,6,6,3,31,6,1086,1,18,KIA PICANTO,3,E01002612,0,1
2024010524974,2024,010524974,1,9,0,99,99,9,9,99,99,9,9,99,9,99,4,9,2,2,2,23,5,998,1,12,KIA PICANTO,8,E01023875,0,3
2024122400101,2024,122400101,3,9,0,18,19,1,5,0,0,0,0,0,0,0,2,1,1,1,2,30,6,998,1,8,KIA PICANTO,10,E01027721,0,1
2024061517623,2024,061517623,3,9,0,-1,19,7,3,-1,0,0,1,0,0,0,1,1,-1,2,1,50,8,998,1,0,KIA PICANTO,-1,-1,0,-1
2024010508402,2024,010508402,1,9,0,4,4,1,5,0,0,1,0,0,0,0,1,1,6,6,2,18,4,1248,1,5,KIA PICANTO,10,E01023550,0,2
2024201427770,2024,201427770,1,9,0,-1,9,6,4,-1,0,6,0,0,0,0,1,9,-1,1,2,26,6,1248,1,4,KIA PICANTO,1,E01009341,0,1
2024201401359,2024,201401359,2,9,0,-1,19,5,1,-1,0,8,0,0,0,0,1,9,-1,6,2,39,7,1086,1,19,KIA PICANTO,2,E01010010,0,2
2024221495756,2024,221495756,1,9,0,-1,9,8,4,-1,0,5,0,0,0,0,1,1,-1,9,1,96,11,1086,1,14,KIA PICANTO,8,E01028830,0,2
2024501485202,2024,501485202,1,9,0,-1,19,1,5,-1,0,0,0,0,6,2,2,1,-1,6,2,85,11,1248,1,5,KIA PICANTO,8,E01019915,0,1
2024320257027,2024,320257027,1,9,0,-1,-1,6,2,0,0,0,0,0,0,0,3,1,-1,-1,2,62,9,998,1,0,KIA PICANTO,6,E01026151,0,1
2024351481839,2024,351481839,3,9,0,-1,19,7,3,-1,0,0,0,0,0,0,2,1,-1,6,1,67,10,998,1,6,KIA PICANTO,8,E01018159,0,1
2024141476842,2024,141476842,1,9,0,-1,19,1,5,-1,0,3,0,0,0,0,4,1,-1,2,2,27,6,998,1,6,KIA PICANTO,8,E01034243,0,1
2024461461178,2024,461461178,1,9,0,-1,9,1,5,-1,0,0,0,0,0,0,4,1,-1,6,2,27,6,1248,1,6,KIA PICANTO,2,E01024155,0,1
2024141454484,2024,141454484,1,9,0,-1,7,8,2,-1,0,6,0,4,0,0,3,1,-1,9,1,87,11,998,1,2,KIA PICANTO,2,E01007397,0,1
2024461399690,2024,461399690,1,9,0,-1,9,2,8,-1,0,6,0,0,0,0,3,1,-1,6,2,48,8,1248,1,12,KIA PICANTO,2,E01001603,0,3
2024111423215,2024,111423215,1,9,0,-1,19,5,1,-1,0,0,0,0,0,0,1,1,-1,6,3,30,6,998,1,8,KIA PICANTO,-1,-1,0,-1
2024991522961,2024,991522961,1,9,0,-1,4,5,1,-1,0,1,0,0,0,0,1,1,-1,9,1,78,11,998,1,3,KIA PICANTO,8,-1,0,4
2024010550002,2024,010550002,1,9,0,99,99,9,9,99,99,9,9,99,9,99,9,9,6,6,1,30,6,1248,1,11,KIA PICANTO,2,E01000015,0,1
2024041529365,2024,041529365,1,9,0,-1,19,1,5,-1,0,1,0,0,0,0,1,1,-1,9,2,17,4,998,1,10,KIA PICANTO,7,E01025322,0,4
2024122400547,2024,122400547,1,9,0,4,4,7,5,0,0,1,0,0,0,0,1,1,6,6,2,39,7,999,1,14,KIA PICANTO,6,E01027873,0,1
2024332400826,2024,332400826,2,9,0,-1,19,8,4,-1,0,0,0,0,0,0,3,1,-1,9,1,68,10,999,1,15,KIA PICANTO,3,E01033038,0,4
2024451481941,2024,451481941,1,9,0,-1,20,3,7,-1,0,0,0,0,1,10,1,1,-1,9,1,77,11,998,1,1,KIA PICANTO,10,E01003466,0,2
2024351465286,2024,351465286,2,9,0,-1,4,1,4,-1,0,0,0,0,0,0,2,1,-1,6,1,71,10,999,1,15,KIA PICANTO,9,E01018280,0,1
2024552401256,2024,552401256,1,9,0,18,19,4,8,0,0,0,0,0,1,10,1,1,6,6,2,44,7,1086,1,20,KIA PICANTO,6,E01020433,0,4
2024371474778,2024,371474778,2,9,0,-1,19,7,3,-1,0,0,5,0,0,0,1,1,-1,2,1,66,10,1086,1,14,KIA PICANTO,7,E01029911,0,4
2024041501837,2024,041501837,2,9,0,-1,19,1,5,-1,0,0,0,0,0,0,1,1,-1,9,1,79,11,1086,1,19,KIA PICANTO,3,E01025076,0,2
202454D780524,2024,54D780524,1,9,0,9,9,7,5,0,0,8,0,0,0,0,3,1,2,2,2,72,10,1248,1,5,KIA PICANTO,8,E01022209,0,3
2024061499392,2024,061499392,1,9,0,-1,-1,-1,-1,-1,-1,-1,-1,-1,-1,0,-1,2,-1,6,3,-1,-1,998,1,2,KIA PICANTO,-1,-1,0,-1
2024211449494,2024,211449494,1,9,0,-1,10,2,6,-1,0,0,0,0,0,0,2,1,-1,6,2,61,9,998,1,6,KIA PICANTO,8,E01029793,0,2
2024320069640,2024,320069640,1,9,0,-1,-1,2,6,0,0,8,0,0,0,0,1,1,6,6,2,45,7,1086,1,15,KIA PICANTO,6,E01026326,0,1
2024311466077,2024,311466077,1,9,0,-1,5,3,7,-1,0,0,0,0,7,0,3,1,-1,9,2,88,11,1248,1,10,KIA PICANTO,10,E01028196,0,2
2024361487988,2024,361487988,2,9,0,-1,19,-1,-1,-1,0,2,0,0,0,0,4,9,-1,6,1,81,11,999,1,14,KIA PICANTO,3,E01026799,0,1
2024471504743,2024,471504743,1,9,0,-1,19,7,3,-1,-1,0,1,0,7,4,1,1,-1,9,1,26,6,1248,1,8,KIA PICANTO,1,E01020979,0,2
2024461454582,2024,461454582,2,9,0,-1,19,7,3,-1,0,0,0,0,0,0,1,1,-1,6,2,18,4,998,1,13,KIA PICANTO,5,E01024544,0,1
2024361443536,2024,361443536,1,9,0,-1,4,1,5,-1,0,0,0,0,0,0,1,1,-1,9,1,79,11,998,1,1,KIA PICANTO,7,E01026941,0,3
2024070164442,2024,070164442,1,9,0,5,5,3,7,0,0,1,0,0,0,0,1,1,6,6,2,-1,-1,1248,1,11,KIA PICANTO,-1,-1,0,-1
2024531474829,2024,531474829,1,9,0,-1,9,1,7,-1,0,8,0,0,0,0,4,1,-1,6,2,17,4,1086,1,15,KIA PICANTO,10,E01022465,0,3
2024010505198,2024,010505198,2,9,0,18,19,4,8,0,0,2,0,0,0,0,2,1,2,2,1,56,9,1086,1,19,KIA PICANTO,1,E01021311,0,4
2024501526082,2024,501526082,1,9,0,-1,19,6,2,-1,0,0,0,0,0,0,1,1,-1,2,2,23,5,998,1,11,KIA PICANTO,2,E01015170,0,1
2024501533811,2024,501533811,3,9,0,-1,19,2,6,-1,0,0,0,4,5,6,2,1,-1,6,1,60,9,1248,1,5,KIA PICANTO,5,E01018831,0,4
2024991502805,2024,991502805,3,9,0,-1,2,7,7,-1,0,0,0,0,0,0,3,9,-1,6,-1,-1,-1,1086,1,14,KIA PICANTO,-1,-1,0,-1
2024421400799,2024,421400799,1,9,0,-1,19,5,2,-1,0,0,0,0,0,0,1,1,-1,9,2,84,11,998,1,2,KIA PICANTO,5,E01021393,0,1
2024122400296,2024,122400296,1,9,0,9,9,5,2,0,0,8,0,0,1,2,1,1,6,6,2,79,11,1086,1,15,KIA PICANTO,10,E01027675,0,1
2024141432040,2024,141432040,1,9,0,-1,9,7,5,-1,0,8,0,0,0,0,3,1,-1,6,2,57,9,998,1,8,KIA PICANTO,2,E01007593,0,1
2024010521048,2024,010521048,1,9,0,17,19,5,1,0,0,0,0,0,1,0,1,1,6,6,2,40,7,1248,1,8,KIA PICANTO,6,E01002601,0,1
2024522401967,2024,522401967,1,9,0,18,19,2,6,0,0,1,0,0,0,0,1,1,6,6,2,18,4,999,1,15,KIA PICANTO,7,E01035218,0,2
202417M110724,2024,17M110724,2,9,0,-1,19,5,1,-1,0,0,1,0,0,0,1,1,-1,9,2,65,9,998,1,8,KIA PICANTO,10,E01012223,0,2
2024411489107,2024,411489107,2,9,0,-1,2,0,0,-1,0,0,0,0,0,0,2,1,-1,6,2,56,9,1248,1,6,KIA PICANTO,7,E01023736,0,1
2024501461420,2024,501461420,2,9,0,-1,4,8,4,-1,0,0,0,0,1,0,2,1,-1,9,2,18,4,1086,1,16,KIA PICANTO,9,E01020092,0,1
2024201395058,2024,201395058,2,9,0,-1,3,2,6,-1,0,2,0,0,0,0,2,1,-1,6,2,67,10,1248,1,6,KIA PICANTO,2,E01010064,0,1
2024440202193,2024,440202193,2,9,0,17,19,6,1,0,0,1,0,0,0,0,3,1,6,6,1,53,8,1248,1,5,KIA PICANTO,10,E01016644,0,2
2024430522838,2024,430522838,2,9,0,2,2,0,0,0,0,0,0,0,0,0,1,1,6,6,3,-1,-1,999,1,14,KIA PICANTO,-1,-1,0,-1
2024991475584,2024,991475584,2,9,0,-1,5,2,6,-1,0,4,0,0,0,0,2,1,-1,6,1,84,11,998,1,5,KIA PICANTO,7,-1,0,1
2024991484219,2024,991484219,1,9,0,-1,9,8,6,-1,0,8,0,0,0,0,2,1,-1,6,2,19,4,1248,1,9,KIA PICANTO,2,-1,0,1
2024010535329,2024,010535329,1,9,0,18,19,3,7,9,9,5,2,10,7,10,4,1,6,6,1,18,4,998,1,12,KIA PICANTO,-1,-1,0,-1
2024631514577,2024,631514577,2,9,0,-1,19,5,1,-1,0,8,0,0,3,1,1,1,-1,9,1,39,7,999,1,15,KIA PICANTO,5,W01000566,0,1
2024111536402,2024,111536402,2,9,0,-1,10,4,8,-1,0,1,0,0,0,0,3,1,-1,9,2,42,7,998,1,1,KIA PICANTO,1,E01020907,0,1
2024991423885,2024,991423885,2,9,0,-1,2,0,0,-1,0,0,0,0,0,0,2,1,-1,6,3,-1,-1,998,1,7,KIA PICANTO,-1,-1,0,-1
2024631507627,2024,631507627,2,9,0,-1,19,8,3,-1,0,8,1,0,1,10,3,1,-1,2,1,25,5,998,1,6,KIA PICANTO,4,W01000542,0,2