collision_index,collision_year,collision_ref_no,vehicle_reference,vehicle_type,towing_and_articulation,vehicle_manoeuvre_historic,vehicle_manoeuvre,vehicle_direction_from,vehicle_direction_to,vehicle_location_restricted_lane_historic,vehicle_location_restricted_lane,junction_location,skidding_and_overturning,hit_object_in_carriageway,vehicle_leaving_carriageway,hit_object_off_carriageway,first_point_of_impact,vehicle_left_hand_drive,journey_purpose_of_driver_historic,journey_purpose_of_driver,sex_of_driver,age_of_driver,age_band_of_driver,engine_capacity_cc,propulsion_code,age_of_vehicle,generic_make_model,driver_imd_decile,lsoa_of_driver,escooter_flag,driver_distance_banding
2024010506793,2024,010506793,1,9,0,3,3,7,3,99,99,9,9,99,0,0,2,9,2,2,2,31,6,1248,1,11,KIA PICANTO,5,E01002244,0,2
2024440258094,2024,440258094,1,9,0,11,11,5,1,0,0,8,0,0,0,0,4,1,6,6,2,34,6,998,1,3,KIA PICANTO,2,E01017182,0,1
202417M107824,2024,17M107824,1,9,0,-1,1,1,5,-1,0,1,0,0,0,0,2,1,-1,9,1,30,6,999,1,14,KIA PICANTO,1,E01035190,0,1
2024211428831,2024,211428831,1,9,0,-1,19,5,1,-1,0,8,0,0,0,0,1,1,-1,6,1,80,11,998,1,12,KIA PICANTO,8,E01010565,0,1
202417M105024,2024,17M105024,1,9,0,18,19,2,6,0,0,0,0,0,0,0,1,1,6,6,1,60,9,998,1,10,KIA PICANTO,2,E01012080,0,1
2024041509242,2024,041509242,2,9,0,-1,19,1,5,-1,0,1,0,0,0,0,4,1,-1,9,2,26,6,998,1,10,KIA PICANTO,2,E01025578,0,1
2024131483975,2024,131483975,2,9,0,-1,19,6,1,-1,0,0,0,0,0,0,4,1,-1,9,2,50,8,999,1,18,KIA PICANTO,2,E01011137,0,3
2024070986946,2024,070986946,1,9,0,-1,9,5,1,-1,0,5,0,0,0,0,4,1,-1,1,2,37,7,1086,1,14,KIA PICANTO,2,E01018484,0,1
2024461429564,2024,461429564,2,9,0,-1,19,8,4,-1,0,8,0,0,0,0,4,9,-1,9,2,27,6,998,1,6,KIA PICANTO,2,E01016102,0,1
2024101471812,2024,101471812,1,9,0,-1,19,3,7,-1,0,0,0,4,0,0,4,1,-1,6,2,85,11,998,1,3,KIA PICANTO,10,E01027469,0,1
2024131430964,2024,131430964,2,9,0,-1,19,5,1,-1,0,1,0,0,0,0,3,1,-1,6,2,53,8,998,1,11,KIA PICANTO,1,E01010667,0,1
2024052400496,2024,052400496,1,9,0,18,19,7,3,0,0,0,0,0,0,0,1,1,6,6,1,37,7,998,1,9,KIA PICANTO,3,E01006878,0,1
2024010503838,2024,010503838,1,9,0,3,3,3,7,0,0,0,0,0,0,0,2,1,6,6,1,35,6,998,1,5,KIA PICANTO,8,E01001402,0,4
202454E396724,2024,54E396724,2,9,0,18,19,3,7,0,0,0,1,0,0,0,3,1,2,2,2,64,9,1248,1,9,KIA PICANTO,10,E01031949,0,3
2024141535103,2024,141535103,1,9,0,-1,10,8,4,-1,0,1,0,0,0,0,1,1,-1,6,2,23,5,1248,1,7,KIA PICANTO,4,E01019526,0,3
2024451427615,2024,451427615,1,9,0,-1,19,3,7,-1,0,4,0,0,0,0,1,1,-1,6,1,53,8,1086,1,17,KIA PICANTO,10,E01030308,0,1
2024451459841,2024,451459841,2,9,0,-1,19,5,1,-1,0,0,0,0,0,0,2,1,-1,2,1,24,5,1248,1,12,KIA PICANTO,9,E01030947,0,1
2024461429366,2024,461429366,1,9,0,-1,12,3,7,-1,0,0,0,0,0,0,1,1,-1,2,1,19,4,998,1,1,KIA PICANTO,9,E01006095,0,5
2024531459208,2024,531459208,1,9,0,-1,19,1,5,-1,0,8,5,0,7,10,4,1,-1,2,1,40,7,1086,1,18,KIA PICANTO,2,E01032932,0,3
2024061457272,2024,061457272,1,9,0,-1,11,5,1,-1,0,0,0,0,0,0,4,1,-1,9,1,58,9,999,1,15,KIA PICANTO,3,E01004766,0,1
2024991511498,2024,991511498,1,9,0,-1,19,2,7,-1,0,3,0,0,0,0,1,1,-1,9,1,71,10,1248,1,7,KIA PICANTO,-1,-1,0,-1
2024351395914,2024,351395914,1,9,0,-1,19,-1,-1,-1,0,0,1,0,0,0,1,9,-1,6,1,21,5,1086,1,14,KIA PICANTO,1,E01015593,0,1
2024131462771,2024,131462771,1,9,0,-1,9,1,5,-1,0,8,0,0,0,0,1,1,-1,9,2,21,5,1248,1,9,KIA PICANTO,1,E01010610,0,1
2024421440554,2024,421440554,1,9,0,-1,8,5,6,-1,0,4,0,0,0,0,3,1,-1,6,2,24,5,998,1,4,KIA PICANTO,10,E01021710,0,1
2024311460631,2024,311460631,1,9,0,-1,19,7,3,-1,0,2,0,0,0,0,1,1,-1,2,1,64,9,1086,1,15,KIA PICANTO,1,E01013824,0,1
2024440132499,2024,440132499,1,9,0,16,19,5,8,0,0,1,0,0,0,0,1,1,1,1,1,67,10,998,1,2,KIA PICANTO,8,E01023234,0,1
2024610048824,2024,610048824,2,9,0,4,4,1,5,0,0,0,0,0,0,0,2,1,6,6,2,66,10,1248,1,5,KIA PICANTO,8,W01001392,0,1
2024231443174,2024,231443174,2,9,0,-1,11,8,4,-1,0,0,0,0,0,0,4,1,-1,9,1,54,8,998,1,10,KIA PICANTO,7,E01032863,0,4
2024440249388,2024,440249388,1,9,0,18,19,1,5,0,0,0,5,7,0,0,1,1,6,6,1,74,10,998,1,10,KIA PICANTO,10,E01023207,0,1
2024010548443,2024,010548443,1,9,0,99,99,9,9,99,99,9,9,99,9,99,9,9,2,2,1,25,5,998,1,7,KIA PICANTO,5,E01000071,0,2
2024522401441,2024,522401441,1,9,0,9,9,8,5,0,0,5,0,0,0,0,1,1,6,6,1,28,6,1248,1,12,KIA PICANTO,1,E01014688,0,1
2024371489101,2024,371489101,1,9,0,-1,19,8,4,-1,0,1,0,0,0,0,1,1,-1,9,2,71,10,1248,1,11,KIA PICANTO,2,E01030274,0,1
2024010521528,2024,010521528,1,9,0,9,9,7,4,0,0,0,5,4,0,0,4,1,6,6,2,77,11,1248,1,5,KIA PICANTO,6,E01001471,0,1
2024070823788,2024,070823788,1,9,9,-1,9,5,1,-1,0,6,0,0,0,0,1,9,-1,6,1,22,5,998,1,3,KIA PICANTO,-1,-1,0,-1
2024052402400,2024,052402400,2,9,0,18,19,6,2,0,0,8,0,0,0,0,1,1,6,6,1,19,4,998,1,10,KIA PICANTO,2,E01006477,0,1
2024440502054,2024,440502054,1,9,0,9,9,7,5,0,0,6,0,0,0,0,1,1,2,2,2,62,9,1248,1,9,KIA PICANTO,5,E01022543,0,3
2024131479530,2024,131479530,2,9,0,-1,2,0,0,-1,-1,0,1,0,0,0,2,1,-1,6,-1,-1,-1,998,1,12,KIA PICANTO,-1,-1,0,-1
2024141497194,2024,141497194,1,9,0,-1,19,3,8,-1,0,0,0,7,1,2,1,1,-1,9,1,77,11,999,1,13,KIA PICANTO,7,E01008140,0,1
2024340WN1602,2024,340WN1602,1,9,0,-1,9,5,3,-1,0,5,0,0,0,0,4,1,-1,6,2,29,6,1086,1,15,KIA PICANTO,2,E01027151,0,1
2024361415862,2024,361415862,2,9,-1,-1,-1,-1,-1,-1,-1,-1,-1,-1,-1,0,-1,9,-1,2,2,48,8,998,1,10,KIA PICANTO,2,E01026600,0,1
2024371525181,2024,371525181,1,9,0,-1,9,5,3,-1,0,1,0,0,1,4,1,1,-1,9,1,17,4,1086,1,15,KIA PICANTO,6,E01030090,0,2
2024351531036,2024,351531036,1,9,0,-1,19,5,1,-1,0,0,1,0,1,0,1,1,-1,6,1,91,11,998,1,8,KIA PICANTO,6,E01026282,0,4
2024061419000,2024,061419000,1,9,0,-1,19,1,5,-1,0,3,0,0,0,0,3,1,-1,9,2,87,11,998,1,11,KIA PICANTO,7,E01005367,0,1
2024451423889,2024,451423889,2,9,0,-1,19,5,1,-1,0,0,1,0,1,0,3,1,-1,1,2,55,8,1248,1,10,KIA PICANTO,7,E01030879,0,1
2024401406740,2024,401406740,1,9,0,-1,5,1,5,-1,0,0,0,0,0,0,1,1,-1,9,2,76,11,1086,1,17,KIA PICANTO,3,E01017562,0,1
2024471499189,2024,471499189,2,9,0,-1,19,7,3,-1,0,0,0,0,0,0,1,1,-1,6,1,25,5,1086,1,19,KIA PICANTO,6,E01020926,0,2
2024501431163,2024,501431163,1,9,0,-1,19,1,5,-1,0,0,0,0,1,10,1,9,-1,9,2,26,6,999,1,15,KIA PICANTO,4,E01018924,0,3
2024010516770,2024,010516770,1,9,0,99,99,9,9,99,99,9,9,99,9,99,1,9,2,2,2,62,9,998,1,1,KIA PICANTO,4,E01034601,0,2
2024122401148,2024,122401148,2,9,0,3,3,7,3,0,0,0,0,0,0,0,2,1,6,6,2,57,9,998,1,5,KIA PICANTO,9,E01034762,0,1
2024461512978,2024,461512978,1,9,0,-1,19,7,3,-1,0,4,0,0,0,0,3,9,-1,9,1,70,10,998,1,0,KIA PICANTO,1,E01024621,0,1
2024522402750,2024,522402750,1,9,0,9,9,5,2,0,0,4,0,0,0,0,3,1,6,6,2,30,6,1086,1,19,KIA PICANTO,4,E01014576,0,1
2024221429705,2024,221429705,1,9,0,-1,12,7,3,-1,0,8,0,0,0,0,3,9,-1,6,1,22,5,999,1,14,KIA PICANTO,8,E01019707,0,5
2024440516492,2024,440516492,1,9,0,18,19,7,3,0,0,0,0,0,0,0,1,1,1,1,2,24,5,998,1,12,KIA PICANTO,2,E01022819,0,2
2024531462539,2024,531462539,2,9,0,-1,19,2,6,-1,0,0,0,0,7,0,1,1,-1,6,1,58,9,1086,1,16,KIA PICANTO,6,E01022454,0,1
2024991523386,2024,991523386,2,9,0,-1,19,1,5,-1,0,0,0,0,0,0,4,1,-1,2,2,38,7,1248,1,10,KIA PICANTO,1,-1,0,1
2024010521065,2024,010521065,1,9,0,18,19,5,1,0,0,6,0,0,0,0,2,1,6,6,2,42,7,1248,1,5,KIA PICANTO,-1,-1,0,-1
2024010537171,2024,010537171,2,9,0,99,99,9,9,99,99,9,9,99,9,99,9,9,6,6,3,-1,-1,999,1,15,KIA PICANTO,-1,-1,0,-1
2024010551040,2024,010551040,1,9,0,7,7,2,4,0,0,2,0,0,0,0,1,1,2,2,2,29,6,1248,1,5,KIA PICANTO,2,E01000077,0,1
2024991512725,2024,991512725,2,9,0,-1,4,5,1,-1,0,1,0,0,0,0,2,1,-1,6,2,66,10,998,1,10,KIA PICANTO,-1,-1,0,-1
2024111536402,2024,111536402,1,9,0,-1,5,8,4,-1,0,8,0,0,0,0,1,1,-1,9,2,70,10,1248,1,4,KIA PICANTO,5,E01020882,0,1
2024201522511,2024,201522511,1,9,0,-1,19,6,2,-1,0,2,0,0,0,0,1,1,-1,9,2,20,4,1086,1,15,KIA PICANTO,-1,-1,0,-1
2024451492370,2024,451492370,2,9,0,-1,19,7,3,-1,0,6,0,0,0,0,1,1,-1,6,1,21,5,998,1,1,KIA PICANTO,4,E01030816,0,3
2024131481817,2024,131481817,2,9,0,-1,19,3,7,-1,0,8,0,0,0,0,3,1,-1,6,2,81,11,1248,1,4,KIA PICANTO,8,E01011710,0,1
2024430569770,2024,430569770,1,9,0,18,19,4,8,0,0,4,0,0,0,0,1,1,6,6,1,-1,-1,1248,1,7,KIA PICANTO,7,E01016248,0,1
2024141426088,2024,141426088,2,9,0,-1,19,5,5,-1,0,8,0,0,0,0,1,1,-1,6,2,23,5,998,1,1,KIA PICANTO,2,E01007878,0,1
2024544840924,2024,544840924,1,9,0,6,6,1,1,0,0,0,0,0,0,0,1,1,6,6,2,61,9,1248,1,6,KIA PICANTO,4,E01014437,0,3
2024461449192,2024,461449192,2,9,0,-1,19,6,2,-1,0,0,0,0,1,0,2,1,-1,9,2,60,9,1248,1,12,KIA PICANTO,5,E01016130,0,4
2024411448881,2024,411448881,1,9,0,-1,9,7,2,-1,0,3,0,11,0,0,1,1,-1,1,2,38,7,998,1,1,KIA PICANTO,10,E01023614,0,3
2024622400788,2024,622400788,1,9,0,9,9,8,6,0,0,5,0,0,0,0,1,1,6,6,2,75,10,998,1,0,KIA PICANTO,6,W01001291,0,1
2024991469944,2024,991469944,2,9,0,-1,19,4,8,-1,0,3,0,0,0,0,4,1,-1,9,2,23,5,998,1,1,KIA PICANTO,3,-1,0,1
2024411425285,2024,411425285,4,9,0,-1,19,5,1,-1,0,0,0,0,0,0,2,1,-1,6,2,53,8,998,1,5,KIA PICANTO,9,E01023731,0,3
2024430541428,2024,430541428,1,9,0,18,19,5,1,0,0,1,0,0,0,0,1,1,3,7,1,53,8,999,1,14,KIA PICANTO,8,E01017788,0,2
2024440556914,2024,440556914,1,9,0,18,19,5,1,0,0,8,0,0,1,10,1,1,6,6,1,44,7,998,1,1,KIA PICANTO,4,E01017122,0,2
2024610003924,2024,610003924,2,9,0,18,19,3,7,0,0,0,0,0,0,0,1,1,6,6,2,40,7,998,1,1,KIA PICANTO,9,W01001639,0,1
2024070691727,2024,070691727,2,9,0,18,19,8,4,0,0,1,0,0,0,0,4,1,6,6,2,76,11,998,1,10,KIA PICANTO,-1,-1,0,-1
2024320325665,2024,320325665,1,9,0,-1,-1,7,3,0,0,0,0,0,0,0,1,1,-1,-1,1,71,10,1248,1,10,KIA PICANTO,10,E01026294,0,1
2024440461041,2024,440461041,1,9,0,3,3,5,1,0,0,1,0,0,0,0,2,1,6,6,2,55,8,1197,1,0,KIA PICANTO,3,E01022732,0,3
202454A565424,2024,54A565424,2,9,0,18,19,5,1,0,0,1,0,0,0,0,1,1,6,6,2,42,7,998,1,4,KIA PICANTO,5,E01015554,0,1
2024340NN4002,2024,340NN4002,1,9,0,-1,9,5,2,-1,0,8,0,0,0,0,2,1,-1,9,2,65,9,1086,1,15,KIA PICANTO,9,E01027099,0,1
2024061491059,2024,061491059,2,9,0,-1,2,0,0,-1,0,0,0,0,0,0,2,1,-1,9,2,85,11,998,1,9,KIA PICANTO,-1,-1,0,-1
2024471428129,2024,471428129,1,9,0,-1,19,7,3,-1,0,0,0,4,0,0,1,1,-1,6,2,38,7,998,1,0,KIA PICANTO,2,E01021119,0,2
2024141408560,2024,141408560,1,9,0,-1,19,1,4,-1,0,1,0,0,0,0,4,1,-1,6,1,64,9,998,1,7,KIA PICANTO,2,E01007535,0,2
2024041451052,2024,041451052,2,9,0,-1,19,1,1,-1,0,0,0,0,0,0,1,1,-1,9,1,41,7,998,1,2,KIA PICANTO,6,E01024915,0,1
2024320022613,2024,320022613,2,9,0,-1,-1,4,1,0,0,0,1,0,1,0,1,1,6,6,2,22,5,999,1,15,KIA PICANTO,1,E01026173,0,4
2024991428484,2024,991428484,3,9,0,-1,4,3,7,-1,0,1,0,0,0,0,2,1,-1,6,2,33,6,1248,1,12,KIA PICANTO,8,-1,0,2
2024440087333,2024,440087333,2,9,0,18,19,2,6,0,0,8,0,0,0,0,4,1,6,6,2,79,11,998,1,1,KIA PICANTO,3,E01017228,0,1
2024141413378,2024,141413378,2,9,0,-1,9,2,8,-1,0,5,0,0,0,0,3,1,-1,9,2,80,11,998,1,12,KIA PICANTO,6,E01007560,0,2
2024631511037,2024,631511037,1,9,0,-1,19,8,4,-1,0,0,0,0,0,0,1,1,-1,9,2,60,9,1248,1,7,KIA PICANTO,3,W01000695,0,1
2024440239580,2024,440239580,1,9,0,18,19,7,3,0,0,0,0,0,2,4,1,1,1,1,2,35,6,1086,1,18,KIA PICANTO,5,E01022810,0,1
2024451433954,2024,451433954,2,9,0,-1,19,1,5,-1,0,0,0,0,0,0,1,1,-1,6,2,51,8,1086,1,14,KIA PICANTO,4,E01034287,0,1
2024010506837,2024,010506837,2,9,0,4,4,5,1,0,0,1,0,0,0,0,2,1,6,6,1,21,5,998,1,3,KIA PICANTO,3,E01023310,0,3
2024052402765,2024,052402765,1,9,0,9,9,5,3,0,0,6,0,0,0,0,3,1,6,6,2,43,7,1248,1,12,KIA PICANTO,1,E01034398,0,1
2024211493880,2024,211493880,2,9,0,-1,2,0,0,-1,0,1,0,0,0,0,3,1,-1,6,2,-1,-1,998,1,2,KIA PICANTO,2,E01014248,0,1
2024061513078,2024,061513078,2,9,0,-1,19,5,1,-1,0,0,0,0,0,0,2,9,-1,6,2,39,7,998,1,3,KIA PICANTO,3,E01006035,0,1
2024061423421,2024,061423421,2,9,-1,-1,-1,-1,-1,-1,-1,-1,-1,-1,-1,0,-1,9,-1,6,3,25,5,998,1,9,KIA PICANTO,5,E01005977,0,1
2024451477572,2024,451477572,2,9,0,-1,7,6,1,-1,0,8,0,0,0,0,4,1,-1,9,2,63,9,1248,1,7,KIA PICANTO,8,E01030813,0,1
2024440214761,2024,440214761,2,9,0,2,2,0,0,0,0,0,0,0,0,0,2,1,6,6,3,-1,-1,1086,1,16,KIA PICANTO,-1,-1,0,-1
2024451407974,2024,451407974,1,9,0,-1,2,1,5,-1,0,0,0,0,0,0,2,1,-1,2,2,73,10,998,1,8,KIA PICANTO,10,E01032623,0,1
2024201493550,2024,201493550,2,9,0,-1,3,5,1,-1,0,1,0,0,0,0,2,1,-1,1,2,38,7,999,1,15,KIA PICANTO,2,E01009515,0,2
2024211542212,2024,211542212,2,9,0,-1,4,3,5,-1,0,0,1,0,0,0,2,1,-1,6,2,22,5,1248,1,8,KIA PICANTO,2,E01018400,0,2
2024302400359,2024,302400359,1,9,0,17,19,6,3,0,0,0,2,0,1,9,1,1,6,6,1,29,6,1098,1,48,-1,6,E01019545,0,4
2024421444998,2024,421444998,1,19,0,-1,19,8,5,-1,0,1,0,11,0,0,4,1,-1,7,2,42,7,-1,3,0,-1,-1,-1,0,-1
2024010543423,2024,010543423,2,9,9,99,99,9,9,99,99,0,9,99,9,99,9,9,6,6,3,-1,-1,-1,3,2,-1,-1,-1,0,-1
2024411463432,2024,411463432,1,9,0,-1,4,8,4,-1,0,0,0,0,0,0,2,1,-1,6,1,61,9,2996,1,9,MERCEDES SL CLASS,10,E01017749,0,3
2024010546123,2024,010546123,1,9,0,9,9,5,3,0,0,6,0,0,0,0,3,1,6,6,1,61,9,4966,1,20,MERCEDES SL CLASS,8,E01001994,0,1
2024461498510,2024,461498510,1,9,0,-1,5,4,8,-1,0,8,0,0,0,0,4,1,-1,2,1,64,9,3724,1,18,MERCEDES SL CLASS,6,E01024790,0,4
2024471505220,2024,471505220,1,9,0,-1,9,5,4,-1,0,0,0,0,0,0,2,1,-1,9,1,33,6,3498,1,18,MERCEDES SL CLASS,1,E01002907,0,4
2024311519361,2024,311519361,1,9,0,-1,19,5,1,-1,0,1,0,0,0,0,1,1,-1,9,1,36,7,2996,1,9,MERCEDES SL CLASS,3,E01028212,0,2
2024122400122,2024,122400122,1,9,0,17,19,1,5,0,0,0,0,0,0,0,1,1,6,6,1,67,10,5461,1,18,MERCEDES SL CLASS,10,E01023269,0,5
2024221474031,2024,221474031,1,9,0,-1,19,5,1,-1,0,0,0,4,1,0,1,1,-1,9,1,70,10,4973,1,26,MERCEDES SL CLASS,5,E01014063,0,1
2024501501658,2024,501501658,1,9,0,-1,5,4,8,-1,0,0,0,0,0,0,3,1,-1,1,1,50,8,3498,1,11,MERCEDES SL CLASS,6,E01022940,0,5
2024010503664,2024,010503664,1,9,0,4,4,1,5,0,0,1,0,0,0,0,0,1,6,6,1,44,7,3724,1,20,MERCEDES SL CLASS,9,E01002892,0,1
2024430464497,2024,430464497,2,9,0,4,4,5,7,0,0,4,0,0,0,0,2,1,6,6,1,59,9,5439,1,17,MERCEDES SL CLASS,8,E01027304,0,3
2024631511985,2024,631511985,2,9,0,-1,19,7,4,-1,0,8,0,0,0,0,1,1,-1,9,1,51,8,4663,1,11,MERCEDES SL CLASS,10,W01001670,0,4
2024522401282,2024,522401282,2,19,0,18,19,8,4,0,0,1,0,0,0,0,1,1,6,6,3,-1,-1,2268,2,5,MITSUBISHI L200,-1,-1,0,-1
2024340NN3992,2024,340NN3992,2,19,0,-1,19,7,3,-1,0,3,0,0,0,0,4,1,-1,6,3,-1,-1,2442,2,8,MITSUBISHI L200,-1,-1,0,-1
2024440502011,2024,440502011,1,19,0,18,19,1,5,0,0,1,0,0,0,0,2,1,2,2,1,24,5,2477,2,13,MITSUBISHI L200,5,E01031860,0,3
2024501526158,2024,501526158,2,19,0,-1,13,8,4,-1,0,1,0,0,0,0,4,1,-1,6,1,64,9,2477,2,10,MITSUBISHI L200,4,E01018979,0,1
2024552400309,2024,552400309,1,19,0,5,5,1,5,0,0,4,0,0,0,0,1,1,6,6,2,57,9,2477,2,18,MITSUBISHI L200,6,E01020441,0,2
2024501408589,2024,501408589,1,19,0,-1,19,3,6,-1,0,1,5,0,0,0,4,9,-1,1,1,31,6,2442,2,6,MITSUBISHI L200,7,E01019960,0,2
2024501433641,2024,501433641,1,19,0,-1,1,1,5,-1,5,0,0,0,0,0,3,1,-1,6,1,44,7,2442,2,5,MITSUBISHI L200,5,E01019043,0,1
2024501417598,2024,501417598,1,19,4,-1,19,5,1,-1,0,0,2,0,7,10,1,1,-1,9,1,61,9,2477,2,18,MITSUBISHI L200,4,E01020301,0,4
2024991438001,2024,991438001,3,19,0,-1,8,7,1,-1,0,1,0,0,0,0,1,1,-1,2,1,68,10,2268,2,4,MITSUBISHI L200,5,-1,0,4
2024101500532,2024,101500532,2,19,0,-1,19,7,3,-1,0,8,0,0,0,0,1,1,-1,6,1,36,7,2477,2,11,MITSUBISHI L200,1,E01027426,0,4
2024070849757,2024,070849757,2,19,0,-1,4,2,6,-1,0,1,0,0,0,0,2,1,-1,9,1,36,7,2477,2,10,MITSUBISHI L200,4,E01029537,0,4
2024221486301,2024,221486301,3,9,5,-1,3,1,5,-1,0,0,0,0,0,0,3,1,-1,6,2,73,10,2500,2,23,MITSUBISHI L200,4,E01028859,0,2
2024052402185,2024,052402185,1,19,0,18,19,1,5,0,0,0,0,0,0,0,1,1,6,6,1,38,7,2477,2,9,MITSUBISHI L200,1,E01007289,0,1
2024131436435,2024,131436435,1,19,0,-1,-1,-1,-1,-1,-1,-1,-1,-1,-1,-1,-1,1,-1,6,3,-1,-1,2477,2,12,MITSUBISHI L200,-1,-1,0,-1
2024440222109,2024,440222109,2,19,0,18,19,6,2,0,0,1,0,0,0,0,1,1,6,6,1,37,7,2442,2,7,MITSUBISHI L200,9,E01022991,0,2
2024520403189,2024,520403189,1,19,0,16,19,2,6,0,0,0,1,0,1,9,4,1,6,6,1,23,5,2268,2,4,MITSUBISHI L200,5,E01029154,0,1
2024991453062,2024,991453062,2,19,0,-1,19,8,5,-1,0,0,0,0,0,0,2,1,-1,6,1,57,9,2477,2,11,MITSUBISHI L200,-1,-1,0,-1
2024161501321,2024,161501321,2,3,0,-1,19,3,7,-1,0,8,0,0,0,0,1,1,-1,6,1,20,4,125,1,0,-1,1,E01013296,0,1
2024991472843,2024,991472843,3,9,0,-1,3,8,4,-1,0,1,0,0,0,0,2,9,-1,9,1,25,5,-1,3,2,POLESTAR 2,9,-1,0,3
2024101515149,2024,101515149,2,9,0,-1,19,1,5,-1,0,0,0,0,0,0,2,1,-1,1,1,55,8,-1,3,1,POLESTAR 2,7,E01027438,0,3
2024991418938,2024,991418938,1,9,0,-1,19,5,8,-1,0,0,0,0,0,0,1,1,-1,6,1,26,6,-1,3,2,POLESTAR 2,-1,-1,0,-1
2024501504585,2024,501504585,1,9,0,-1,19,3,7,-1,0,0,0,0,4,0,1,2,-1,6,1,39,7,-1,3,0,POLESTAR 2,2,E01012431,0,5
2024430380410,2024,430380410,1,9,0,18,19,2,6,0,0,1,1,0,0,0,1,1,6,6,1,-1,-1,-1,3,1,POLESTAR 2,6,E01016502,0,1
2024461487030,2024,461487030,1,9,0,-1,19,5,1,-1,0,0,0,0,1,4,1,1,-1,9,1,46,8,-1,3,1,POLESTAR 2,9,E01024431,0,1
2024231498993,2024,231498993,1,9,0,-1,19,2,6,-1,0,6,0,0,0,0,1,1,-1,9,1,60,9,-1,3,1,POLESTAR 2,-1,-1,0,-1
2024361525817,2024,361525817,1,9,0,-1,19,1,5,-1,0,0,1,0,7,4,3,1,-1,2,1,21,5,-1,3,3,POLESTAR 2,5,E01026725,0,1
2024522403075,2024,522403075,1,9,0,7,7,1,2,0,0,6,0,0,0,0,1,1,6,6,1,49,8,-1,3,3,POLESTAR 2,6,E01014439,0,3
2024131458432,2024,131458432,1,9,0,-1,4,5,1,-1,0,0,0,0,0,0,2,1,-1,6,1,38,7,-1,3,3,POLESTAR 2,2,E01011298,0,1
2024131520006,2024,131520006,3,9,0,-1,19,7,3,-1,0,0,0,0,0,0,2,1,-1,2,1,63,9,-1,3,0,POLESTAR 2,1,E01026112,0,5
2024221446074,2024,221446074,2,9,0,-1,19,5,1,-1,0,0,0,0,1,0,1,1,-1,6,1,59,9,-1,3,1,POLESTAR 2,-1,-1,0,-1
2024010547193,2024,010547193,2,9,0,99,99,9,9,99,99,9,9,99,9,99,1,9,6,6,3,-1,-1,-1,3,1,POLESTAR 2,6,E01018156,0,4
2024552400766,2024,552400766,1,9,0,13,13,4,8,0,0,8,0,0,0,0,1,1,6,6,1,61,9,-1,3,3,POLESTAR 2,9,E01033156,0,1
2024340NN3612,2024,340NN3612,3,9,0,-1,19,5,1,-1,0,0,0,0,1,0,3,1,-1,9,1,62,9,-1,3,3,POLESTAR 2,7,E01032078,0,5
2024201513666,2024,201513666,1,9,0,-1,5,5,1,-1,0,8,0,0,0,0,1,1,-1,6,1,50,8,-1,3,4,POLESTAR 2,8,E01031286,0,3
2024010506382,2024,010506382,1,9,0,9,9,7,5,0,0,6,0,0,0,0,1,1,1,1,1,44,7,-1,3,1,POLESTAR 2,6,E01002628,0,3
2024010493948,2024,010493948,2,8,0,99,99,9,9,99,99,9,9,99,9,99,1,9,6,6,3,-1,-1,-1,3,1,POLESTAR 2,-1,-1,0,-1
2024201424250,2024,201424250,2,9,0,-1,3,6,2,-1,0,1,0,0,0,0,3,1,-1,9,1,24,5,-1,3,1,POLESTAR 2,10,E01029678,0,2
2024010547255,2024,010547255,3,9,0,2,2,0,0,0,0,2,0,0,0,0,2,1,6,6,3,-1,-1,-1,3,2,POLESTAR 2,-1,-1,0,-1
2024010508106,2024,010508106,2,9,0,18,19,1,5,0,0,8,0,0,0,0,1,1,6,6,1,29,6,-1,3,1,POLESTAR 2,10,E01023885,0,3
2024010546458,2024,010546458,1,9,0,9,9,5,2,0,0,2,0,0,0,0,3,2,6,6,1,53,8,-1,3,3,POLESTAR 2,7,E01023165,0,4
2024421474408,2024,421474408,1,9,0,-1,19,1,5,-1,0,0,0,0,0,0,1,1,-1,1,1,20,4,-1,3,1,POLESTAR 2,4,E01000066,0,3
2024501518364,2024,501518364,2,9,0,-1,13,7,3,-1,0,0,0,0,0,0,4,1,-1,1,1,42,7,-1,3,1,POLESTAR 2,9,E01033236,0,3
2024411534289,2024,411534289,2,9,0,-1,19,5,1,-1,0,0,0,0,0,0,3,1,-1,6,1,36,7,-1,3,1,POLESTAR 2,1,E01001410,0,4
2024361525293,2024,361525293,2,9,0,-1,19,8,4,-1,0,0,0,0,0,0,4,1,-1,6,2,46,8,-1,3,1,POLESTAR 2,8,E01026518,0,1
2024010512838,2024,010512838,2,9,0,99,99,9,9,99,99,9,9,99,9,99,9,9,6,6,3,-1,-1,-1,3,1,POLESTAR 2,-1,-1,0,-1