collision_index,collision_year,collision_ref_no,vehicle_reference,vehicle_type,towing_and_articulation,vehicle_manoeuvre_historic,vehicle_manoeuvre,vehicle_direction_from,vehicle_direction_to,vehicle_location_restricted_lane_historic,vehicle_location_restricted_lane,junction_location,skidding_and_overturning,hit_object_in_carriageway,vehicle_leaving_carriageway,hit_object_off_carriageway,first_point_of_impact,vehicle_left_hand_drive,journey_purpose_of_driver_historic,journey_purpose_of_driver,sex_of_driver,age_of_driver,age_band_of_driver,engine_capacity_cc,propulsion_code,age_of_vehicle,generic_make_model,driver_imd_decile,lsoa_of_driver,escooter_flag,driver_distance_banding
2024052400572,2024,052400572,1,9,0,18,19,1,5,0,0,8,0,0,0,0,4,1,6,6,1,30,6,-1,3,2,POLESTAR 2,2,E01006786,0,3
2024461412229,2024,461412229,2,9,0,-1,19,3,7,-1,0,0,1,0,0,0,4,9,-1,9,2,38,7,-1,3,2,POLESTAR 2,6,E01024013,0,4
2024451526775,2024,451526775,2,9,0,-1,7,2,3,-1,0,2,0,0,0,0,3,1,-1,2,1,52,8,-1,3,3,POLESTAR 2,8,E01021225,0,4
2024440376739,2024,440376739,3,9,0,18,19,3,7,0,0,1,0,0,1,1,1,1,6,6,1,52,8,-1,3,2,POLESTAR 2,7,E01022690,0,1
2024122401131,2024,122401131,2,9,0,18,19,1,5,0,0,1,0,0,0,0,4,1,6,6,2,44,7,-1,3,2,POLESTAR 2,7,E01027646,0,1
2024991467918,2024,991467918,3,9,0,-1,19,1,5,-1,0,0,0,0,0,0,2,1,-1,9,2,65,9,-1,3,1,POLESTAR 2,-1,-1,0,-1
2024061487118,2024,061487118,1,9,0,-1,3,7,3,-1,0,0,0,0,0,0,1,1,-1,6,1,34,6,-1,3,4,POLESTAR 2,5,E01033988,0,1
2024430115038,2024,430115038,1,9,0,18,19,2,6,7,6,0,0,0,0,0,1,1,3,7,2,46,8,-1,3,2,POLESTAR 2,5,E01016577,0,1
2024052401495,2024,052401495,1,9,0,5,5,3,7,0,0,0,0,0,0,0,1,1,6,6,2,69,10,-1,3,0,POLESTAR 2,1,E01006762,0,1
2024531407382,2024,531407382,1,9,0,-1,9,5,2,-1,0,8,0,0,0,0,3,1,-1,2,1,62,9,-1,3,2,POLESTAR 2,9,E01028783,0,4
2024302401032,2024,302401032,1,9,0,9,9,6,4,0,0,8,0,0,0,0,3,1,6,6,1,64,9,-1,3,1,POLESTAR 2,4,E01019529,0,1
2024010525918,2024,010525918,2,9,0,4,4,3,7,0,0,0,0,0,0,0,1,1,6,6,1,41,7,-1,3,1,POLESTAR 2,3,E01033594,0,1
2024131505841,2024,131505841,1,9,0,-1,19,2,6,-1,0,3,0,0,0,0,2,1,-1,9,1,42,7,-1,3,1,POLESTAR 2,3,E01010601,0,1
2024351486306,2024,351486306,1,9,0,-1,1,-1,-1,-1,-1,0,-1,-1,-1,0,-1,9,-1,6,1,-1,-1,-1,3,3,POLESTAR 2,9,E01018307,0,1
2024501406715,2024,501406715,2,9,0,-1,19,5,1,-1,0,4,0,0,0,0,1,1,-1,2,1,53,8,-1,3,3,POLESTAR 2,9,E01034857,0,3
2024221456616,2024,221456616,2,9,0,-1,9,2,8,-1,0,6,0,0,0,0,3,1,-1,2,2,49,8,-1,3,1,POLESTAR 2,9,E01028855,0,1
2024411394714,2024,411394714,1,9,0,-1,3,1,5,-1,0,0,0,0,0,0,3,9,-1,6,1,43,7,-1,3,0,POLESTAR 2,9,E01026998,0,4
2024461511660,2024,461511660,1,9,0,-1,19,5,1,-1,0,1,1,0,1,0,1,1,-1,9,1,25,5,-1,3,1,POLESTAR 2,4,E01034155,0,4
2024471417287,2024,471417287,2,9,0,-1,19,5,1,-1,0,0,2,0,7,0,4,1,-1,1,1,44,7,-1,3,1,POLESTAR 2,10,E01021228,0,2
2024461396670,2024,461396670,1,9,0,-1,19,5,5,-1,0,0,0,0,0,0,1,9,-1,9,2,40,7,-1,3,3,POLESTAR 2,9,E01032821,0,1
2024461459052,2024,461459052,1,9,0,-1,10,5,6,-1,0,6,0,0,0,0,1,1,-1,9,2,58,9,-1,3,1,POLESTAR 2,-1,-1,0,-1
2024010512140,2024,010512140,1,9,0,18,19,5,1,0,0,0,0,0,0,0,1,1,2,2,1,28,6,-1,3,1,POLESTAR 2,3,E01001762,0,1
2024101571510,2024,101571510,5,9,0,-1,4,5,1,-1,0,0,0,0,0,0,2,1,-1,6,1,57,9,-1,3,2,POLESTAR 2,7,E01027554,0,4
2024231419884,2024,231419884,2,9,0,-1,19,2,6,-1,0,0,0,0,0,0,1,1,-1,9,2,46,8,-1,3,1,POLESTAR 2,6,E01009529,0,3
2024141525793,2024,141525793,1,9,0,-1,19,4,8,-1,0,0,0,0,0,0,1,1,-1,2,1,49,8,-1,3,2,POLESTAR 2,5,E01007894,0,1
2024010529201,2024,010529201,1,8,0,3,3,3,7,0,0,4,0,0,7,0,2,1,1,1,1,37,7,-1,3,1,POLESTAR 2,2,E01000018,0,4
2024302401746,2024,302401746,1,9,9,-1,8,4,8,-1,0,1,0,0,0,0,3,1,-1,6,1,46,8,-1,3,0,POLESTAR 2,10,E01019727,0,1
2024430019401,2024,430019401,1,9,0,18,19,8,4,0,0,6,0,0,0,0,3,1,6,6,2,27,6,-1,3,3,POLESTAR 2,6,E01017922,0,2
2024010537507,2024,010537507,2,9,0,18,19,3,7,0,0,8,0,0,0,0,1,1,6,6,2,34,6,-1,3,1,POLESTAR 2,2,E01001979,0,2
2024471433278,2024,471433278,3,9,0,-1,19,7,3,-1,0,8,0,11,1,0,1,1,-1,2,2,28,6,-1,3,1,POLESTAR 2,6,E01031614,0,3
2024622400232,2024,622400232,1,9,0,18,19,8,4,0,0,4,0,0,0,0,1,1,1,1,2,46,8,-1,3,3,POLESTAR 2,10,W01000904,0,3
2024991430213,2024,991430213,1,9,0,-1,4,3,7,-1,0,1,0,0,0,0,1,1,-1,1,1,50,8,-1,3,1,POLESTAR 2,9,-1,0,3
2024531522123,2024,531522123,1,9,0,-1,19,4,8,-1,0,0,0,0,0,0,1,1,-1,6,1,-1,-1,-1,3,2,POLESTAR 2,-1,-1,0,-1
2024440252439,2024,440252439,2,9,0,2,2,0,0,0,0,0,0,0,0,0,4,1,6,6,3,-1,-1,-1,3,1,POLESTAR 2,-1,-1,0,-1
2024010516821,2024,010516821,1,9,0,99,99,9,9,99,99,0,9,99,9,99,2,9,6,6,1,35,6,-1,3,1,POLESTAR 2,-1,-1,0,-1
2024991514921,2024,991514921,4,9,0,-1,4,5,1,-1,0,0,0,0,0,0,2,1,-1,6,1,34,6,-1,3,2,POLESTAR 2,9,-1,0,4
2024461534189,2024,461534189,2,9,0,-1,19,1,5,-1,0,1,0,0,7,4,1,1,-1,2,1,33,6,-1,3,0,POLESTAR 2,8,E01021088,0,3
2024010543864,2024,010543864,1,9,0,18,19,1,5,0,0,2,0,0,0,0,3,1,1,1,1,32,6,-1,3,1,POLESTAR 2,8,E01004553,0,1
2024201425264,2024,201425264,1,9,0,-1,19,6,8,-1,0,1,0,0,0,0,1,1,-1,6,1,20,4,-1,3,1,POLESTAR 2,-1,-1,0,-1
2024361447733,2024,361447733,1,9,0,-1,19,7,3,-1,0,1,0,0,0,0,4,1,-1,2,1,57,9,-1,3,2,POLESTAR 2,4,E01026444,0,1
2024052400307,2024,052400307,1,9,0,18,19,4,8,0,0,8,0,0,0,0,1,1,6,6,1,54,8,-1,3,1,POLESTAR 2,9,E01012562,0,4
2024201515322,2024,201515322,2,9,0,-1,3,7,2,-1,0,0,0,0,0,0,2,1,-1,6,1,64,9,-1,3,1,POLESTAR 2,8,E01032532,0,2
2024010509526,2024,010509526,2,9,0,4,4,3,7,0,0,1,0,0,0,0,1,1,2,2,1,35,6,-1,3,1,POLESTAR 2,3,E01016391,0,4
2024010530281,2024,010530281,2,9,0,7,7,3,5,0,0,6,0,10,1,10,3,1,1,1,1,32,6,-1,3,1,POLESTAR 2,8,E01000678,0,3
2024010538801,2024,010538801,1,9,0,3,3,5,1,0,0,2,0,0,0,0,0,1,6,6,1,74,10,-1,3,1,POLESTAR 2,2,E01003057,0,1
2024010504349,2024,010504349,1,9,0,18,19,6,2,0,0,8,0,0,0,0,4,1,2,2,1,41,7,-1,3,3,POLESTAR 2,2,E01002851,0,1
2024991449090,2024,991449090,2,9,0,-1,9,4,2,-1,0,4,0,0,0,0,0,1,-1,6,1,43,7,-1,3,2,POLESTAR 2,3,-1,0,1
2024461410858,2024,461410858,2,9,0,-1,19,1,5,-1,0,2,0,0,0,0,3,1,-1,9,1,44,7,-1,3,1,POLESTAR 2,10,E01021151,0,3
2024211426527,2024,211426527,1,9,0,-1,19,4,8,-1,0,1,0,0,0,0,2,1,-1,6,1,38,7,-1,3,2,POLESTAR 2,4,E01014245,0,1
2024010514363,2024,010514363,2,9,0,3,3,7,3,0,0,1,0,0,0,0,1,9,6,6,1,-1,-1,-1,3,1,POLESTAR 2,-1,-1,0,-1
2024131414534,2024,131414534,1,9,0,-1,9,7,1,-1,0,5,0,0,0,0,1,1,-1,2,2,45,7,998,1,22,SEAT AROSA,2,E01011079,0,1
2024461498326,2024,461498326,2,9,0,-1,5,6,2,-1,0,6,0,0,0,0,3,1,-1,6,2,18,4,998,1,21,SEAT AROSA,2,E01024061,0,2
2024131395383,2024,131395383,2,9,0,-1,3,2,6,-1,0,1,0,0,0,0,2,1,-1,9,2,55,8,998,1,22,SEAT AROSA,2,E01010776,0,1
2024501499886,2024,501499886,1,9,0,-1,19,1,5,-1,0,0,5,0,0,0,4,1,-1,9,1,18,4,1390,1,20,SEAT AROSA,7,E01019068,0,1
2024141421203,2024,141421203,1,9,0,-1,19,2,5,-1,0,8,0,0,0,0,1,1,-1,6,1,47,8,998,1,21,SEAT AROSA,5,E01007438,0,1
2024451507235,2024,451507235,1,9,0,-1,5,2,6,-1,0,8,0,0,0,0,1,1,-1,1,2,34,6,1390,1,20,SEAT AROSA,10,E01030790,0,1
2024520403142,2024,520403142,2,9,0,4,4,3,7,0,0,0,1,0,1,0,1,1,6,6,1,36,7,1422,2,23,SEAT AROSA,7,E01029070,0,2
202460Q012409,2024,60Q012409,2,9,0,2,2,0,0,0,0,0,0,0,0,0,1,1,6,6,2,26,6,998,1,20,SEAT AROSA,-1,-1,0,-1
2024440460835,2024,440460835,1,9,0,18,19,7,3,0,0,8,5,0,8,10,1,1,6,6,1,-1,-1,998,1,21,SEAT AROSA,-1,-1,0,-1
2024031426769,2024,031426769,3,9,0,-1,10,6,4,-1,0,1,0,0,0,0,0,1,-1,6,1,21,5,998,1,21,SEAT AROSA,4,E01019137,0,1
2024520402751,2024,520402751,1,9,0,7,7,1,6,0,0,8,0,0,0,0,1,1,6,6,2,84,11,1390,1,24,SEAT AROSA,6,E01029316,0,1
2024010511603,2024,010511603,2,9,0,3,3,1,5,0,0,1,0,0,0,0,1,1,2,2,2,50,8,-1,3,0,TOYOTA BZ4X,4,E01003388,0,1
2024991492351,2024,991492351,2,9,0,-1,19,6,2,-1,0,0,0,0,0,0,1,1,-1,6,2,60,9,-1,3,0,TOYOTA BZ4X,3,-1,0,3
2024010520910,2024,010520910,2,9,0,3,3,4,8,0,0,1,0,0,0,0,2,1,6,6,1,33,6,-1,3,0,TOYOTA BZ4X,2,E01004306,0,1
2024010550401,2024,010550401,2,9,0,99,99,9,9,99,99,5,9,99,9,99,9,9,6,6,3,-1,-1,-1,3,0,TOYOTA BZ4X,4,E01004034,0,1
2024141444704,2024,141444704,2,9,0,-1,19,1,5,-1,0,1,0,0,0,0,1,1,-1,9,2,43,7,-1,3,0,TOYOTA BZ4X,2,E01007773,0,1
2024101455320,2024,101455320,2,9,0,-1,6,7,3,-1,0,1,0,0,0,0,1,1,-1,6,1,41,7,-1,3,0,TOYOTA BZ4X,-1,-1,0,-1
2024010520329,2024,010520329,1,9,0,18,19,3,7,0,0,0,0,4,0,0,4,1,6,6,1,41,7,-1,3,0,TOYOTA BZ4X,2,E01001827,0,2
2024991467590,2024,991467590,2,9,0,-1,19,6,2,-1,0,0,0,0,0,0,2,1,-1,6,2,40,7,-1,3,0,TOYOTA BZ4X,3,-1,0,1
2024531456010,2024,531456010,1,9,0,-1,9,5,1,-1,0,8,0,0,0,0,1,1,-1,9,1,64,9,-1,3,0,TOYOTA BZ4X,-1,-1,0,-1
2024141424444,2024,141424444,2,9,0,-1,19,6,3,-1,0,4,0,0,0,0,1,1,-1,6,1,33,6,-1,3,0,TOYOTA BZ4X,1,E01007738,0,1
2024401521151,2024,401521151,1,9,0,-1,5,5,1,-1,0,0,0,0,0,0,-1,1,-1,6,3,-1,-1,-1,3,0,TOYOTA BZ4X,-1,-1,0,-1
2024371447880,2024,371447880,3,9,0,-1,4,7,6,-1,0,0,0,0,0,0,2,1,-1,6,1,39,7,-1,3,2,TOYOTA BZ4X,7,E01030184,0,1
2024010534719,2024,010534719,2,8,0,99,99,9,9,99,99,9,9,99,9,99,9,9,1,1,1,56,9,-1,3,0,TOYOTA BZ4X,3,E01001508,0,3
2024010521440,2024,010521440,1,9,0,18,19,3,7,0,0,0,0,0,0,0,3,1,6,6,1,51,8,-1,3,0,TOYOTA BZ4X,6,E01002371,0,1
2024010546749,2024,010546749,1,9,0,18,19,7,3,0,0,0,0,0,0,0,1,1,6,6,2,39,7,-1,3,0,TOYOTA BZ4X,6,E01000726,0,3
2024052401332,2024,052401332,1,9,0,18,19,7,3,0,0,6,0,0,0,0,4,1,2,2,1,33,6,-1,3,0,TOYOTA BZ4X,1,E01035366,0,3
2024010536148,2024,010536148,1,9,0,18,19,5,1,0,0,4,0,0,0,0,1,1,6,6,1,27,6,-1,3,0,TOYOTA BZ4X,4,E01000189,0,2
2024411473715,2024,411473715,2,9,0,-1,19,5,1,-1,0,0,0,0,0,0,4,1,-1,9,1,37,7,-1,3,0,TOYOTA BZ4X,6,E01023927,0,1
2024311501789,2024,311501789,1,9,0,-1,19,5,1,-1,0,0,0,0,0,0,1,1,-1,9,1,81,11,-1,3,0,TOYOTA BZ4X,9,E01028009,0,1
2024522401350,2024,522401350,1,9,0,18,19,2,6,0,0,0,0,8,0,0,1,1,6,6,1,82,11,-1,3,0,TOYOTA BZ4X,10,E01014822,0,1
2024411404700,2024,411404700,2,9,0,-1,19,5,1,-1,0,8,0,0,0,0,1,1,-1,9,2,37,7,-1,3,1,TOYOTA BZ4X,6,E01023874,0,1
2024010504580,2024,010504580,2,9,0,99,99,9,9,99,99,9,9,99,9,99,1,9,6,6,1,58,9,-1,3,0,TOYOTA BZ4X,3,E01002506,0,4
2024010542099,2024,010542099,1,9,0,-1,-1,7,3,0,0,5,0,0,0,0,1,1,6,6,1,31,6,-1,3,0,TOYOTA BZ4X,-1,-1,0,-1
2024010551646,2024,010551646,2,9,0,18,19,5,1,0,0,8,0,0,0,0,4,1,6,6,1,50,8,-1,3,0,TOYOTA BZ4X,3,E01001981,0,1
2024161493155,2024,161493155,1,9,0,-1,19,5,1,-1,0,8,0,0,0,0,1,1,-1,6,1,72,10,-1,3,0,TOYOTA BZ4X,7,E01013069,0,3
2024010545431,2024,010545431,1,9,0,18,19,1,5,0,0,0,0,4,0,0,1,1,6,6,2,57,9,-1,3,0,TOYOTA BZ4X,3,E01000515,0,1
2024010546659,2024,010546659,2,9,0,5,5,3,7,0,0,1,0,0,0,0,3,1,1,1,1,46,8,-1,3,0,TOYOTA BZ4X,4,E01004421,0,2
2024010538498,2024,010538498,1,8,0,3,3,9,9,99,99,9,9,99,9,99,9,9,6,6,3,61,9,-1,3,0,TOYOTA BZ4X,2,E01003502,0,2
2024010522227,2024,010522227,2,9,0,18,19,5,1,0,0,1,0,0,0,0,3,1,6,6,2,45,7,-1,3,0,TOYOTA BZ4X,8,E01004629,0,1
2024061510218,2024,061510218,1,9,0,-1,19,1,5,-1,0,1,0,0,0,0,1,1,-1,6,2,34,6,-1,3,0,TOYOTA BZ4X,-1,-1,0,-1
2024401522001,2024,401522001,1,9,0,-1,9,5,3,-1,0,1,0,0,0,0,3,1,-1,6,1,61,9,1968,2,5,VOLKSWAGEN CADDYMAXI,3,E01015731,0,1
2024332401202,2024,332401202,2,8,0,-1,11,5,1,-1,0,1,0,0,0,0,4,1,-1,6,3,-1,-1,1968,2,7,VOLKSWAGEN CADDYMAXI,-1,-1,0,-1
2024161416031,2024,161416031,1,8,0,-1,19,1,5,-1,0,1,5,10,0,0,4,1,-1,1,1,56,9,1598,2,11,VOLKSWAGEN CADDYMAXI,1,E01012850,0,1
2024221510308,2024,221510308,1,19,0,-1,9,3,1,-1,0,5,0,0,0,0,1,9,-1,6,1,35,6,1968,2,5,VOLKSWAGEN CADDYMAXI,8,E01014203,0,1
2024440234090,2024,440234090,2,19,0,3,3,6,2,0,0,1,0,0,0,0,2,1,1,1,1,55,8,1968,2,3,VOLKSWAGEN CADDYMAXI,8,E01031446,0,4
2024631456154,2024,631456154,1,19,0,-1,12,6,2,-1,0,0,0,10,0,0,1,1,-1,6,2,31,6,1968,2,8,VOLKSWAGEN CADDYMAXI,5,W01000567,0,4
2024201514205,2024,201514205,2,19,0,-1,4,1,5,-1,0,0,0,0,0,0,2,1,-1,6,1,29,6,1598,2,9,VOLKSWAGEN CADDYMAXI,9,E01028749,0,4
2024010511069,2024,010511069,1,90,0,99,99,9,9,99,99,9,9,99,9,99,9,9,6,6,3,-1,-1,1968,2,1,VOLKSWAGEN CADDYMAXI,-1,-1,0,-1
2024461533838,2024,461533838,2,8,0,-1,19,6,2,-1,0,8,0,0,0,0,1,1,-1,1,1,65,9,1968,2,6,VOLKSWAGEN CADDYMAXI,7,E01024129,0,1
2024302401142,2024,302401142,2,8,0,18,19,5,1,0,0,0,1,0,1,0,3,1,6,6,2,43,7,1968,2,4,VOLKSWAGEN CADDYMAXI,1,E01012093,0,5
2024440264821,2024,440264821,2,8,0,18,19,7,3,0,0,1,0,0,0,0,1,1,6,6,1,20,4,1968,2,6,VOLKSWAGEN CADDYMAXI,1,E01017154,0,1
2024501417152,2024,501417152,2,19,0,-1,19,5,3,-1,0,0,0,0,0,0,3,2,-1,1,1,64,9,1968,2,4,VOLKSWAGEN CADDYMAXI,6,E01018915,0,3
2024461521926,2024,461521926,1,8,0,-1,19,1,5,-1,0,1,0,0,0,0,1,9,-1,6,1,36,7,1968,2,7,VOLKSWAGEN CADDYMAXI,1,E01033211,0,1
2024332400778,2024,332400778,1,9,0,-1,1,5,1,-1,0,8,0,0,0,0,3,1,-1,2,1,67,10,1968,2,6,VOLKSWAGEN CADDYMAXI,7,E01019681,0,3
2024501515431,2024,501515431,2,9,0,-1,9,8,5,-1,0,5,0,0,0,0,2,1,-1,9,1,53,8,1968,2,7,VOLKSWAGEN CADDYMAXI,5,E01020083,0,1
2024161444627,2024,161444627,1,19,0,-1,19,3,7,-1,0,1,0,0,2,2,1,1,-1,1,1,42,7,1968,2,1,VOLKSWAGEN CADDYMAXI,-1,-1,0,-1
2024010550350,2024,010550350,1,9,0,18,19,7,3,0,0,6,0,0,0,0,1,1,6,6,1,57,9,1968,2,6,VOLKSWAGEN CADDYMAXI,4,E01015933,0,4
2024440141977,2024,440141977,1,19,0,13,13,3,7,0,0,1,0,10,7,0,1,1,6,6,1,-1,-1,1598,2,10,VOLKSWAGEN CADDYMAXI,-1,-1,0,-1
2024440279455,2024,440279455,2,9,0,18,19,3,8,0,0,1,0,0,1,0,3,1,1,1,2,65,9,1968,2,5,VOLKSWAGEN CADDYMAXI,8,E01022490,0,3
2024501535889,2024,501535889,1,19,0,-1,2,-1,-1,-1,0,1,0,0,0,0,1,1,-1,1,1,35,6,1968,2,6,VOLKSWAGEN CADDYMAXI,2,E01018841,0,3
2024061419015,2024,061419015,2,19,0,-1,9,5,3,-1,0,0,0,0,0,0,3,1,-1,9,1,34,6,1598,2,10,VOLKSWAGEN CADDYMAXI,-1,-1,0,-1
2024031507152,2024,031507152,3,20,0,-1,19,6,2,-1,0,1,0,0,0,0,3,1,-1,1,1,22,5,-1,-1,-1,VOLKSWAGEN CADDYMAXI,8,E01019307,0,4
2024010548580,2024,010548580,2,9,0,18,19,6,2,0,0,1,0,7,0,0,1,1,3,7,1,60,9,1968,2,6,VOLKSWAGEN CADDYMAXI,7,E01002181,0,1
2024131479979,2024,131479979,2,9,0,-1,-1,-1,-1,-1,-1,-1,-1,-1,-1,0,-1,1,-1,1,1,31,6,1968,2,7,VOLKSWAGEN CADDYMAXI,1,E01011917,0,3
2024531479226,2024,531479226,2,19,0,-1,19,6,2,-1,0,0,0,0,0,0,1,9,-1,1,1,30,6,1498,1,1,VOLKSWAGEN CADDYMAXI,5,E01022268,0,4
2024421498861,2024,421498861,2,9,0,-1,2,0,0,-1,0,0,0,0,1,0,2,2,-1,9,1,63,9,1968,2,4,VOLKSWAGEN CADDYMAXI,6,E01003751,0,4
2024471406299,2024,471406299,1,19,0,-1,4,3,7,-1,0,0,0,0,0,0,1,1,-1,2,1,39,7,1968,2,1,VOLKSWAGEN CADDYMAXI,8,E01016893,0,2
2024471492429,2024,471492429,1,9,0,-1,19,5,1,-1,0,1,0,0,0,0,1,1,-1,2,1,49,8,1968,2,6,VOLKSWAGEN CADDYMAXI,6,E01031798,0,4
2024010529135,2024,010529135,1,9,0,18,19,7,3,0,0,0,5,4,0,0,3,1,2,2,1,55,8,1968,2,6,VOLKSWAGEN CADDYMAXI,5,E01004345,0,4
2024052400604,2024,052400604,1,9,0,18,19,3,7,0,0,1,0,0,0,0,4,1,6,6,1,69,10,1968,2,6,VOLKSWAGEN CADDYMAXI,1,E01007011,0,1
2024501414830,2024,501414830,9,19,0,-1,3,8,7,-1,0,0,0,0,0,0,0,1,-1,6,2,33,6,1968,2,9,VOLKSWAGEN CADDYMAXI,9,E01020215,0,1
2024471467047,2024,471467047,1,19,0,-1,2,0,0,-1,0,1,0,0,0,0,0,1,-1,9,1,52,8,1968,2,7,VOLKSWAGEN CADDYMAXI,10,E01031800,0,1
2024461476277,2024,461476277,2,9,0,-1,4,1,5,-1,0,0,0,0,0,0,1,1,-1,6,1,27,6,1968,2,8,VOLKSWAGEN CADDYMAXI,2,E01024277,0,1
2024101441702,2024,101441702,1,9,0,-1,19,4,8,-1,0,1,0,0,0,0,1,1,-1,1,1,44,7,1968,2,7,VOLKSWAGEN CADDYMAXI,1,E01008438,0,1
2024440432897,2024,440432897,2,9,0,18,19,1,5,0,0,8,0,0,0,0,4,1,6,6,2,76,11,1395,1,7,VOLKSWAGEN CADDYMAXI,3,E01022993,0,1
2024010536538,2024,010536538,1,19,0,4,4,6,2,0,0,0,1,7,0,0,1,1,2,2,1,54,8,1968,2,8,VOLKSWAGEN CADDYMAXI,-1,-1,0,-1
2024141473203,2024,141473203,2,9,0,-1,19,5,1,-1,0,1,0,0,0,0,2,1,-1,1,1,59,9,1968,2,6,VOLKSWAGEN CADDYMAXI,2,E01008014,0,1
2024461485903,2024,461485903,1,9,0,-1,19,4,8,-1,0,2,0,0,0,0,4,1,-1,9,1,65,9,1498,1,1,VOLKSWAGEN CADDYMAXI,9,E01033825,0,5
2024430584005,2024,430584005,2,19,0,7,7,7,1,0,0,5,0,0,0,0,4,1,6,6,1,-1,-1,999,1,6,VOLKSWAGEN CADDYMAXI,-1,-1,0,-1
2024211470158,2024,211470158,3,8,0,-1,19,7,3,-1,0,0,0,0,0,0,1,1,-1,1,1,49,8,1968,2,7,VOLKSWAGEN CADDYMAXI,-1,-1,0,-1
2024501489567,2024,501489567,1,19,0,-1,19,1,5,-1,0,0,0,0,0,0,1,1,-1,6,1,37,7,1968,2,8,VOLKSWAGEN CADDYMAXI,3,E01034172,0,1
2024010533933,2024,010533933,2,19,0,9,9,9,9,99,99,9,9,99,9,99,9,9,6,6,3,61,9,1968,2,6,VOLKSWAGEN CADDYMAXI,6,E01004181,0,2
2024501404492,2024,501404492,1,8,0,-1,19,8,1,-1,0,0,0,0,0,0,2,1,-1,6,1,69,10,1968,2,6,VOLKSWAGEN CADDYMAXI,4,E01015221,0,1
2024991395288,2024,991395288,1,8,0,-1,19,2,8,-1,0,1,0,0,0,0,3,1,-1,1,2,53,8,1968,2,2,VOLKSWAGEN CADDYMAXI,1,-1,0,1
2024070500711,2024,070500711,2,9,0,16,19,7,3,0,0,1,0,0,0,0,1,1,2,2,2,47,8,1968,2,7,VOLKSWAGEN CADDYMAXI,8,E01018609,0,1
2024221412247,2024,221412247,1,8,0,-1,2,0,0,-1,0,1,0,0,0,0,2,1,-1,2,1,51,8,1968,2,4,VOLKSWAGEN CADDYMAXI,4,E01032301,0,1
2024340WN3142,2024,340WN3142,1,9,0,-1,19,5,1,-1,0,1,0,0,0,0,1,1,-1,9,1,63,9,1968,2,7,VOLKSWAGEN CADDYMAXI,7,E01026987,0,1
2024211532163,2024,211532163,3,19,0,-1,4,2,2,-1,0,1,0,0,0,0,1,1,-1,1,1,58,9,1968,2,5,VOLKSWAGEN CADDYMAXI,2,E01014247,0,1
2024991483848,2024,991483848,2,9,0,-1,3,5,1,-1,0,0,0,0,0,0,0,1,-1,6,1,66,10,999,1,4,VOLKSWAGEN CADDYMAXI,8,-1,0,4
2024010514090,2024,010514090,2,19,0,18,19,3,7,0,0,8,0,0,0,0,1,1,1,1,1,52,8,1968,2,7,VOLKSWAGEN CADDYMAXI,9,E01000752,0,2
2024231504062,2024,231504062,1,9,0,-1,19,1,4,-1,0,8,0,0,0,0,1,9,-1,9,1,67,10,1968,2,2,VOLKSWAGEN CADDYMAXI,9,E01031328,0,1
2024161419697,2024,161419697,1,9,0,-1,7,5,7,-1,0,0,0,0,0,0,1,9,-1,6,1,-1,-1,1968,2,7,VOLKSWAGEN CADDYMAXI,-1,-1,0,-1
2024061427255,2024,061427255,2,19,0,-1,3,-1,-1,-1,4,0,0,99,1,0,1,1,-1,6,1,-1,-1,1968,2,1,VOLKSWAGEN CADDYMAXI,5,E01006121,0,2
2024320211568,2024,320211568,1,19,0,9,9,4,8,6,6,6,0,0,0,0,3,1,6,6,1,72,10,1968,2,7,VOLKSWAGEN CADDYMAXI,8,E01026202,0,1
2024430210750,2024,430210750,2,19,0,18,19,8,4,0,0,0,0,0,0,0,1,1,2,2,2,41,7,1598,2,9,VOLKSWAGEN CADDYMAXI,7,E01028733,0,4
2024522402055,2024,522402055,2,19,0,9,9,1,7,0,0,6,0,0,0,0,3,1,6,6,3,-1,-1,1968,2,8,VOLKSWAGEN CADDYMAXI,-1,-1,0,-1
2024141449502,2024,141449502,2,9,0,-1,2,0,0,-1,0,0,0,0,0,0,3,1,-1,6,1,-1,-1,1968,2,6,VOLKSWAGEN CADDYMAXI,-1,-1,0,-1
202454D799824,2024,54D799824,2,8,0,4,4,1,4,0,0,0,0,0,0,0,3,1,1,1,1,59,9,1968,2,5,VOLKSWAGEN CADDYMAXI,7,E01015588,0,4
2024440029842,2024,440029842,2,9,0,18,19,1,5,0,0,6,0,0,0,0,1,1,6,6,1,69,10,1968,2,0,VOLKSWAGEN CADDYMAXI,7,E01022979,0,1
2024010514251,2024,010514251,2,9,0,99,99,9,9,99,99,0,9,99,9,99,9,9,6,6,1,38,7,1968,2,8,VOLKSWAGEN CADDYMAXI,9,E01004191,0,3
2024010536774,2024,010536774,2,9,0,18,19,5,1,0,0,2,0,0,0,0,1,1,6,6,3,57,9,1968,2,6,VOLKSWAGEN CADDYMAXI,3,E01001970,0,1
2024010500876,2024,010500876,3,19,0,18,19,1,5,0,0,1,0,0,0,0,2,1,1,1,1,39,7,1968,2,1,VOLKSWAGEN CADDYMAXI,6,E01023327,0,4
2024531485993,2024,531485993,1,19,0,-1,19,1,5,-1,0,0,5,0,1,9,1,2,-1,1,1,53,8,1968,2,4,VOLKSWAGEN CADDYMAXI,6,E01034796,0,3
2024201563510,2024,201563510,1,9,0,-1,19,6,2,-1,0,0,0,0,0,0,1,9,-1,1,1,35,6,1968,2,6,VOLKSWAGEN CADDYMAXI,1,E01009114,0,1
2024311401229,2024,311401229,1,9,0,-1,7,1,3,-1,0,5,0,0,0,0,1,1,-1,6,1,53,8,1968,2,6,VOLKSWAGEN CADDYMAXI,8,E01017488,0,5
2024201489757,2024,201489757,1,9,0,-1,19,2,6,-1,0,8,0,0,0,0,1,1,-1,9,1,24,5,1968,2,5,VOLKSWAGEN CADDYMAXI,1,E01009488,0,1