collision_index,collision_year,collision_ref_no,vehicle_reference,vehicle_type,towing_and_articulation,vehicle_manoeuvre_historic,vehicle_manoeuvre,vehicle_direction_from,vehicle_direction_to,vehicle_location_restricted_lane_historic,vehicle_location_restricted_lane,junction_location,skidding_and_overturning,hit_object_in_carriageway,vehicle_leaving_carriageway,hit_object_off_carriageway,first_point_of_impact,vehicle_left_hand_drive,journey_purpose_of_driver_historic,journey_purpose_of_driver,sex_of_driver,age_of_driver,age_band_of_driver,engine_capacity_cc,propulsion_code,age_of_vehicle,generic_make_model,driver_imd_decile,lsoa_of_driver,escooter_flag,driver_distance_banding
2024991474533,2024,991474533,2,9,0,-1,19,2,6,-1,0,8,0,0,0,0,1,1,-1,6,1,57,9,1968,2,2,VOLKSWAGEN CADDYMAXI,2,-1,0,3
2024010491813,2024,010491813,1,90,0,10,10,3,1,0,0,1,0,0,0,0,4,1,1,1,1,37,7,1968,2,4,VOLKSWAGEN CADDYMAXI,2,E01000954,0,1
2024010493244,2024,010493244,2,19,0,9,9,7,5,0,0,8,0,0,0,0,4,1,6,6,1,55,8,1968,2,6,VOLKSWAGEN CADDYMAXI,5,E01003449,0,1
2024461448773,2024,461448773,1,9,0,-1,19,7,7,-1,0,0,0,4,0,0,1,1,-1,6,1,34,6,1968,2,2,VOLKSWAGEN CADDYMAXI,3,E01024384,0,4
2024070638239,2024,070638239,1,9,0,18,19,1,5,0,0,0,0,0,1,0,1,1,6,6,1,51,8,1968,2,8,VOLKSWAGEN CADDYMAXI,7,E01024127,0,5
2024991535741,2024,991535741,1,8,0,-1,7,2,4,-1,0,0,0,0,0,0,0,1,-1,1,1,31,6,1968,2,7,VOLKSWAGEN CADDYMAXI,1,-1,0,1
2024440263717,2024,440263717,1,9,0,9,9,1,7,0,0,8,0,0,0,0,1,1,1,1,1,57,9,1968,2,5,VOLKSWAGEN CADDYMAXI,1,E01017130,0,1
2024231484145,2024,231484145,2,9,0,-1,19,6,2,-1,0,0,0,0,0,0,2,1,-1,9,2,40,7,1968,2,1,VOLKSWAGEN CADDYMAXI,7,E01009562,0,3
2024320110701,2024,320110701,3,19,0,4,4,6,2,0,0,0,0,0,0,0,2,1,1,1,1,69,10,1968,2,5,VOLKSWAGEN CADDYMAXI,5,E01028291,0,4
2024471450640,2024,471450640,1,9,0,-1,9,5,7,-1,0,0,0,0,0,0,1,1,-1,2,1,36,7,1968,2,4,VOLKSWAGEN CADDYMAXI,3,E01021057,0,1
2024201443083,2024,201443083,1,9,0,-1,3,2,4,-1,0,0,0,0,0,0,1,1,-1,6,1,63,9,1968,2,2,VOLKSWAGEN CADDYMAXI,3,E01010094,0,1
2024991416810,2024,991416810,1,8,0,-1,2,0,0,-1,0,1,0,0,0,0,2,1,-1,1,1,52,8,1968,2,7,VOLKSWAGEN CADDYMAXI,-1,-1,0,-1
2024010551212,2024,010551212,1,90,9,99,99,9,9,99,99,9,9,99,9,99,9,9,6,6,3,-1,-1,1968,2,3,VOLKSWAGEN CADDYMAXI,4,E01003165,0,2
2024141441692,2024,141441692,2,9,0,-1,9,2,6,-1,0,6,0,0,0,0,3,1,-1,9,1,59,9,1968,2,7,VOLKSWAGEN CADDYMAXI,1,E01007902,0,2
2024302400165,2024,302400165,2,19,0,9,9,7,5,0,0,8,0,0,0,0,1,1,2,2,1,60,9,1598,2,8,VOLKSWAGEN CADDYMAXI,3,E01013513,0,1
2024010505803,2024,010505803,1,19,0,5,5,1,5,0,0,8,1,0,0,0,1,1,1,1,1,60,9,1968,2,5,VOLKSWAGEN CADDYMAXI,5,E01000973,0,2
2024471508982,2024,471508982,2,9,0,-1,19,5,1,-1,0,2,0,0,0,0,4,1,-1,9,2,53,8,1968,2,0,VOLKSWAGEN CADDYMAXI,5,E01030862,0,4
2024451504520,2024,451504520,2,9,0,-1,12,5,1,-1,0,0,0,0,0,0,2,1,-1,9,2,45,7,1968,2,1,VOLKSWAGEN CADDYMAXI,10,E01027205,0,5
2024041513996,2024,041513996,1,19,0,-1,9,5,1,-1,0,0,0,0,0,0,1,1,-1,1,1,60,9,1968,2,8,VOLKSWAGEN CADDYMAXI,2,E01012692,0,2
2024201467900,2024,201467900,1,20,0,-1,19,3,7,-1,0,1,0,0,0,0,1,1,-1,6,1,30,6,-1,-1,-1,VOLKSWAGEN CADDYMAXI,9,E01031315,0,4
2024471408526,2024,471408526,1,9,0,-1,19,5,3,-1,0,1,0,0,0,0,1,1,-1,1,1,53,8,1968,2,5,VOLKSWAGEN CADDYMAXI,6,E01031601,0,1
2024361432679,2024,361432679,1,5,0,-1,19,6,2,-1,0,1,0,0,0,0,1,1,-1,1,1,68,10,562,1,2,-1,1,E01026827,0,4
2024440482312,2024,440482312,1,4,0,18,19,3,7,0,0,0,0,0,0,0,3,1,2,2,1,30,6,562,1,2,-1,1,E01017250,0,2
2024471520666,2024,471520666,1,9,0,-1,19,2,6,-1,0,0,0,0,0,0,1,1,-1,9,2,45,7,1968,2,12,AUDI Q3,7,E01021033,0,3
2024421401242,2024,421401242,2,9,0,-1,3,-1,-1,-1,0,1,0,0,0,0,2,9,-1,6,1,54,8,1968,2,10,AUDI Q3,1,E01015880,0,1
2024451490359,2024,451490359,1,9,0,-1,7,5,1,-1,0,1,0,0,0,0,1,9,-1,2,2,55,8,1984,1,5,AUDI Q3,4,E01030710,0,1
2024340WN6762,2024,340WN6762,2,9,0,-1,3,3,7,-1,0,0,0,0,0,0,2,1,-1,2,2,54,8,1395,8,2,AUDI Q3,6,E01035422,0,1
2024010518341,2024,010518341,1,9,0,99,99,9,9,99,99,9,9,99,9,99,2,9,6,6,2,35,6,1395,1,6,AUDI Q3,5,E01001500,0,2
2024440049971,2024,440049971,1,9,0,18,19,4,8,0,0,8,0,0,0,0,4,1,6,6,2,48,8,1968,2,9,AUDI Q3,9,E01022947,0,3
2024211438440,2024,211438440,3,9,0,-1,19,6,2,-1,0,0,0,0,0,0,3,1,-1,2,2,54,8,1968,2,8,AUDI Q3,7,E01014315,0,1
2024221535834,2024,221535834,1,9,0,-1,9,4,2,-1,0,5,0,0,0,0,1,9,-1,6,1,29,6,1968,2,11,AUDI Q3,1,E01014165,0,1
2024010505858,2024,010505858,1,9,0,5,5,0,3,0,0,8,0,0,0,0,1,1,6,6,1,25,5,1498,1,5,AUDI Q3,3,E01003580,0,1
2024461513241,2024,461513241,3,9,0,-1,19,7,3,-1,0,0,0,0,0,0,2,1,-1,6,1,66,10,1968,2,0,AUDI Q3,3,E01016070,0,3
202460Q124274,2024,60Q124274,1,9,0,18,19,5,8,0,0,4,5,10,1,7,1,1,6,6,2,29,6,1968,2,10,AUDI Q3,-1,-1,0,-1
2024010526929,2024,010526929,2,9,0,99,99,9,9,99,99,9,0,99,0,0,9,9,6,6,3,-1,-1,1395,1,8,AUDI Q3,8,E01001127,0,1
2024061467553,2024,061467553,1,9,0,-1,4,-1,-1,-1,0,1,0,0,0,0,4,1,-1,9,2,35,6,1968,2,11,AUDI Q3,1,E01005370,0,1
2024041404504,2024,041404504,1,9,0,-1,19,3,7,-1,0,1,0,0,0,0,1,9,-1,6,1,16,4,1395,1,7,AUDI Q3,1,E01012724,0,1
2024010538027,2024,010538027,1,9,0,99,99,9,9,99,99,9,9,99,9,99,1,9,2,2,2,38,7,1395,1,8,AUDI Q3,2,E01002508,0,1
2024471482597,2024,471482597,1,9,0,-1,19,1,5,-1,0,0,5,4,0,0,3,1,-1,6,1,80,11,1395,1,8,AUDI Q3,10,E01016982,0,1
2024131408116,2024,131408116,3,9,0,-1,19,7,7,-1,0,0,1,0,0,0,1,1,-1,6,2,29,6,1968,2,10,AUDI Q3,8,E01027504,0,5
2024010535258,2024,010535258,2,9,9,99,99,9,9,99,99,9,9,99,9,99,9,9,6,6,3,-1,-1,1498,1,1,AUDI Q3,4,E01003136,0,2
2024320189701,2024,320189701,1,9,0,-1,-1,2,6,0,0,8,0,0,0,0,1,1,6,6,3,-1,-1,1968,2,12,AUDI Q3,-1,-1,0,-1
2024211439141,2024,211439141,1,9,0,-1,19,8,3,-1,0,0,0,0,0,0,1,1,-1,9,1,23,5,1968,2,8,AUDI Q3,9,E01029854,0,1
2024201422181,2024,201422181,1,9,0,-1,2,0,0,-1,0,1,0,0,0,0,1,2,-1,9,1,33,6,1968,2,11,AUDI Q3,1,E01009200,0,1
2024332400717,2024,332400717,3,9,0,-1,19,3,7,-1,0,0,0,0,0,0,1,1,-1,6,2,45,7,1968,2,8,AUDI Q3,9,E01025980,0,1
2024622400736,2024,622400736,2,9,0,18,19,8,4,0,0,8,0,0,0,0,1,1,6,6,2,34,6,1968,2,6,AUDI Q3,1,W01000884,0,4
2024552401424,2024,552401424,3,9,0,2,2,0,0,0,0,0,0,4,0,0,1,1,6,6,3,-1,-1,1968,2,8,AUDI Q3,-1,-1,0,-1
2024010523130,2024,010523130,1,9,0,17,19,2,6,0,0,3,0,0,0,0,1,1,3,7,1,61,9,1395,1,7,AUDI Q3,4,E01000113,0,1
2024340WN6932,2024,340WN6932,3,9,0,-1,2,0,0,-1,0,0,0,0,0,0,1,1,-1,6,3,-1,-1,1968,2,12,AUDI Q3,-1,-1,0,-1
2024041556245,2024,041556245,1,9,0,-1,19,7,3,-1,0,0,0,0,0,0,1,1,-1,6,1,62,9,1968,2,8,AUDI Q3,9,E01025303,0,4
2024451498806,2024,451498806,1,9,0,-1,3,7,3,-1,0,1,0,0,0,0,2,1,-1,9,1,34,6,1498,1,4,AUDI Q3,10,E01032624,0,1
2024131438992,2024,131438992,1,9,0,-1,19,3,7,-1,0,8,0,0,0,0,1,1,-1,6,3,-1,-1,1968,2,12,AUDI Q3,-1,-1,0,-1
2024131406990,2024,131406990,1,9,0,-1,4,5,8,-1,0,0,0,0,0,0,1,1,-1,6,-1,-1,-1,1968,2,10,AUDI Q3,-1,-1,0,-1
2024122400611,2024,122400611,2,9,0,18,19,2,6,0,0,8,0,0,0,0,1,1,6,6,1,55,8,1968,2,7,AUDI Q3,8,E01011584,0,2
2024201457504,2024,201457504,2,9,0,-1,19,2,6,-1,0,8,0,0,0,0,1,9,-1,9,2,41,7,1968,2,4,AUDI Q3,1,E01009511,0,1
2024041416769,2024,041416769,3,9,0,-1,3,1,5,-1,0,1,0,0,0,0,2,1,-1,6,2,44,7,1395,1,6,AUDI Q3,7,E01025028,0,1
2024361507338,2024,361507338,2,9,0,-1,19,-1,-1,-1,0,8,0,0,0,0,4,1,-1,9,2,29,6,1968,2,10,AUDI Q3,9,E01035146,0,3
202417M115624,2024,17M115624,2,9,0,-1,4,5,1,-1,0,0,0,0,0,0,2,1,-1,9,1,75,10,1498,1,2,AUDI Q3,10,E01012301,0,2
2024401452877,2024,401452877,2,9,0,-1,3,1,5,-1,0,4,0,0,0,0,2,1,-1,6,1,28,6,1968,2,1,AUDI Q3,10,E01027037,0,3
2024231442635,2024,231442635,2,9,0,-1,19,5,1,-1,0,0,1,0,0,0,1,9,-1,6,2,30,6,1395,1,6,AUDI Q3,2,E01032241,0,1
2024340NN2602,2024,340NN2602,4,9,0,-1,19,7,3,-1,0,0,0,0,0,0,2,1,-1,2,1,57,9,1498,1,3,AUDI Q3,7,E01018056,0,4
2024520401610,2024,520401610,1,9,0,18,19,8,4,0,0,0,0,0,0,0,4,1,6,6,2,61,9,1968,2,6,AUDI Q3,8,E01029274,0,1
2024010531604,2024,010531604,1,9,0,9,9,3,1,0,0,5,0,0,0,0,4,1,6,6,1,30,6,1498,1,4,AUDI Q3,2,E01002029,0,2
2024471531045,2024,471531045,2,9,0,-1,15,5,8,-1,0,2,0,0,0,0,2,1,-1,6,1,32,6,1498,1,0,AUDI Q3,10,E01031804,0,4
2024122500429,2024,122500429,1,9,0,7,7,7,1,0,0,6,0,0,0,0,3,1,6,6,2,72,10,1395,1,7,AUDI Q3,8,E01027695,0,1
2024010538842,2024,010538842,2,9,0,18,19,2,6,0,0,0,0,0,0,0,1,1,6,6,2,28,6,1498,1,5,AUDI Q3,3,E01004004,0,1
202417M119224,2024,17M119224,2,9,0,-1,19,7,3,-1,0,8,0,0,0,0,4,1,-1,9,1,24,5,1395,1,6,AUDI Q3,4,E01012105,0,3
202417S305224,2024,17S305224,2,9,0,-1,19,3,7,-1,0,1,0,0,0,0,1,1,-1,9,1,-1,-1,1968,2,10,AUDI Q3,-1,-1,0,-1
2024522403207,2024,522403207,2,9,0,18,19,8,4,0,0,4,0,0,0,0,1,1,6,6,2,35,6,1498,1,5,AUDI Q3,9,E01014552,0,1
2024231437416,2024,231437416,1,9,0,-1,19,3,8,-1,0,0,0,0,1,11,1,1,-1,9,1,38,7,1498,1,4,AUDI Q3,9,E01031278,0,2
2024010526692,2024,010526692,4,9,0,2,2,0,0,0,0,2,0,0,0,0,3,1,6,6,3,-1,-1,1968,2,6,AUDI Q3,-1,-1,0,-1
2024061441646,2024,061441646,1,9,0,-1,1,3,2,-1,0,0,0,0,0,0,3,1,-1,9,2,31,6,1968,2,2,AUDI Q3,7,E01005644,0,2
2024471508813,2024,471508813,1,9,0,-1,2,0,0,-1,0,0,0,0,0,0,-1,9,-1,6,3,-1,-1,1498,1,3,AUDI Q3,-1,-1,0,-1
2024311451579,2024,311451579,1,9,0,-1,19,7,3,-1,0,0,0,10,1,0,3,1,-1,1,1,36,7,1395,8,2,AUDI Q3,7,E01027647,0,5
2024430268646,2024,430268646,2,9,0,13,13,5,1,0,0,8,0,0,0,0,4,1,6,6,2,37,7,1968,2,8,AUDI Q3,7,E01033961,0,4
2024430517454,2024,430517454,2,9,0,18,19,8,4,0,0,8,0,0,0,0,4,1,6,6,1,77,11,1395,8,3,AUDI Q3,-1,-1,0,-1
2024221399342,2024,221399342,1,9,0,-1,7,6,8,-1,0,5,0,0,0,0,1,9,-1,6,1,66,10,1395,8,2,AUDI Q3,10,E01033062,0,1
2024471521379,2024,471521379,2,9,0,-1,20,3,7,-1,0,0,0,0,0,0,3,1,-1,9,2,40,7,1968,2,9,AUDI Q3,7,E01031379,0,1
2024010509499,2024,010509499,1,9,0,18,19,1,5,0,0,0,0,0,0,0,2,1,6,6,1,43,7,1395,1,6,AUDI Q3,5,E01003645,0,1
2024101462930,2024,101462930,1,9,0,-1,19,7,3,-1,0,1,0,0,0,0,1,9,-1,6,2,66,10,1968,2,7,AUDI Q3,3,E01008842,0,1
2024332400412,2024,332400412,2,9,0,-1,4,5,1,-1,0,1,0,0,0,0,2,1,-1,9,1,51,8,1968,2,5,AUDI Q3,9,E01031143,0,4
2024061482603,2024,061482603,1,9,0,-1,19,4,8,-1,0,8,0,0,0,0,1,9,-1,6,3,-1,-1,1968,2,10,AUDI Q3,-1,-1,0,-1
2024622400641,2024,622400641,1,9,0,18,19,2,6,0,0,1,5,7,0,0,1,1,6,6,3,-1,-1,1498,1,0,AUDI Q3,-1,-1,0,-1
2024122400526,2024,122400526,3,9,0,2,2,0,0,0,0,2,0,0,0,0,2,1,6,6,3,-1,-1,1984,1,10,AUDI Q3,-1,-1,0,-1
2024201533650,2024,201533650,2,9,0,-1,3,1,1,-1,0,0,0,0,0,0,2,9,-1,6,1,35,6,1968,2,11,AUDI Q3,1,E01010239,0,1
2024411495577,2024,411495577,2,9,0,-1,19,1,5,-1,0,0,0,0,0,0,3,1,-1,6,2,69,10,1968,2,10,AUDI Q3,9,E01023597,0,1
2024041419291,2024,041419291,1,9,0,-1,19,3,7,-1,0,6,0,0,0,0,1,1,-1,9,1,62,9,1984,1,5,AUDI Q3,7,E01025040,0,1
2024231484067,2024,231484067,1,9,0,-1,19,3,7,-1,0,0,0,0,0,0,1,1,-1,6,1,61,9,1968,2,11,AUDI Q3,8,E01031210,0,1
2024010516215,2024,010516215,4,9,0,18,19,7,3,0,0,1,0,0,0,0,1,1,6,6,1,54,8,1968,2,4,AUDI Q3,2,E01010146,0,5
2024461396116,2024,461396116,3,9,0,-1,19,7,3,-1,0,0,0,0,0,0,2,1,-1,6,2,29,6,1498,1,4,AUDI Q3,3,E01001698,0,3
2024411495251,2024,411495251,1,9,0,-1,19,1,5,-1,0,8,0,0,0,0,2,1,-1,6,2,44,7,1968,2,1,AUDI Q3,9,E01035592,0,3
2024401427373,2024,401427373,1,9,-1,-1,-1,-1,-1,-1,-1,-1,-1,-1,-1,0,-1,9,-1,6,3,-1,-1,1395,1,9,AUDI Q3,-1,-1,0,-1
2024131406709,2024,131406709,2,9,0,-1,3,1,5,-1,0,0,0,0,1,0,2,1,-1,2,2,47,8,1968,2,11,AUDI Q3,2,E01010940,0,2
2024122401306,2024,122401306,3,9,0,4,4,7,3,0,0,0,0,0,0,0,1,1,6,6,1,79,11,1395,1,6,AUDI Q3,8,E01027656,0,1
2024070621419,2024,070621419,2,9,0,17,19,2,6,0,0,1,0,0,0,0,3,1,6,6,2,49,8,1984,1,5,AUDI Q3,6,E01005694,0,4
2024440075668,2024,440075668,2,9,0,18,19,7,3,0,0,0,0,0,0,0,3,1,6,6,2,62,9,1968,2,8,AUDI Q3,7,E01016307,0,1
2024010521002,2024,010521002,2,9,0,99,99,9,9,99,99,9,9,99,9,99,9,9,6,6,2,38,7,1984,1,12,AUDI Q3,-1,-1,0,-1
2024221503540,2024,221503540,1,9,0,-1,2,0,0,-1,0,0,0,4,0,0,4,1,-1,9,2,75,10,1395,1,7,AUDI Q3,10,E01028953,0,1
2024031487344,2024,031487344,2,9,0,-1,3,1,5,-1,0,1,0,0,0,0,2,1,-1,9,2,55,8,1498,1,4,AUDI Q3,4,E01019359,0,1
2024451427119,2024,451427119,1,9,0,-1,4,7,3,-1,0,2,0,0,0,0,1,9,-1,6,2,22,5,1968,2,5,AUDI Q3,2,E01011018,0,5
2024010548612,2024,010548612,2,9,0,18,19,7,3,0,0,1,0,0,0,0,1,1,6,6,2,44,7,1395,1,7,AUDI Q3,-1,-1,0,-1
2024340NN3072,2024,340NN3072,1,9,0,-1,9,1,7,-1,0,1,0,0,0,0,1,1,-1,7,2,31,6,1968,2,10,AUDI Q3,6,E01027051,0,2
2024430484922,2024,430484922,1,9,0,9,9,6,4,0,0,6,0,0,0,0,4,1,6,6,1,-1,-1,1498,1,0,AUDI Q3,-1,-1,0,-1
2024070794993,2024,070794993,2,9,0,-1,10,4,8,-1,0,1,0,0,0,0,2,1,-1,6,1,41,7,1968,2,7,AUDI Q3,10,E01018602,0,2
2024010509105,2024,010509105,1,9,0,9,9,7,4,0,0,8,0,0,0,0,4,1,6,6,1,25,5,1395,1,9,AUDI Q3,3,E01000737,0,3
2024041406547,2024,041406547,2,9,0,-1,19,7,3,-1,0,0,0,0,0,0,4,1,-1,9,2,37,7,1968,2,7,AUDI Q3,9,E01025545,0,1
2024631434558,2024,631434558,2,9,0,-1,4,5,1,-1,0,0,0,0,0,0,2,1,-1,2,2,52,8,1968,2,11,AUDI Q3,5,W01000582,0,1
2024010537779,2024,010537779,2,9,9,99,99,9,9,99,99,0,9,99,9,99,9,9,6,6,3,-1,-1,1395,1,7,AUDI Q3,-1,-1,0,-1
2024061509080,2024,061509080,1,9,0,-1,19,3,7,-1,0,8,0,0,0,0,1,1,-1,9,1,66,10,1395,1,8,AUDI Q3,-1,-1,0,-1
2024522402449,2024,522402449,2,9,0,18,19,5,1,0,0,0,0,0,0,0,1,1,6,6,3,-1,-1,1984,1,11,AUDI Q3,-1,-1,0,-1
2024522402217,2024,522402217,2,9,0,18,19,3,7,0,0,2,0,0,0,0,1,1,6,6,2,37,7,1395,1,8,AUDI Q3,2,E01014575,0,1
2024440110748,2024,440110748,2,9,0,18,19,1,5,0,0,1,0,0,0,0,1,1,6,6,1,46,8,1498,1,1,AUDI Q3,9,E01022794,0,1
2024371487023,2024,371487023,1,9,0,-1,9,5,2,-1,0,1,0,0,0,0,3,1,-1,9,2,21,5,1968,2,11,AUDI Q3,6,E01030059,0,3
2024122401108,2024,122401108,4,9,0,18,19,8,4,0,0,0,0,0,0,0,0,1,6,6,2,60,9,1498,1,0,AUDI Q3,10,E01012926,0,4
2024311528573,2024,311528573,1,9,0,-1,5,6,2,-1,0,1,0,0,0,0,4,1,-1,9,2,77,11,1984,1,4,AUDI Q3,7,E01028416,0,1
2024010529200,2024,010529200,2,9,9,99,99,9,9,99,99,9,9,99,9,99,9,9,6,6,3,-1,-1,1984,1,11,AUDI Q3,-1,-1,0,-1
2024332401230,2024,332401230,1,9,0,-1,19,6,2,-1,0,6,1,0,1,0,3,1,-1,9,1,25,5,1968,2,7,AUDI Q3,4,E01025931,0,2
2024010519175,2024,010519175,3,9,0,3,3,1,5,0,0,1,0,0,0,0,0,1,6,6,1,23,5,1395,1,8,AUDI Q3,7,E01003754,0,1
2024061481089,2024,061481089,1,9,0,-1,10,-1,-1,-1,0,1,0,0,0,0,1,1,-1,9,2,38,7,1498,1,2,AUDI Q3,2,E01006112,0,1
2024471517379,2024,471517379,1,9,0,-1,19,3,7,-1,0,0,5,0,1,9,1,1,-1,9,2,28,6,1968,2,9,AUDI Q3,10,E01031684,0,1
2024461443407,2024,461443407,1,9,0,-1,7,1,5,-1,0,3,5,0,0,0,1,1,-1,2,2,47,8,1968,2,12,AUDI Q3,2,E01016159,0,1
2024141488700,2024,141488700,1,9,0,-1,19,4,8,-1,0,1,0,0,0,0,4,1,-1,9,2,62,9,1968,2,9,AUDI Q3,4,E01007537,0,1
2024061528565,2024,061528565,2,9,0,-1,4,4,6,-1,0,1,0,0,0,0,1,9,-1,6,1,43,7,1498,1,4,AUDI Q3,3,E01005116,0,2
2024010531910,2024,010531910,1,9,0,99,99,9,9,99,99,9,9,99,9,99,9,9,2,2,2,31,6,1968,2,8,AUDI Q3,3,E01024396,0,4
2024141532077,2024,141532077,1,9,0,-1,19,5,1,-1,0,0,0,0,0,0,1,9,-1,2,1,20,4,1968,2,12,AUDI Q3,3,E01007676,0,3
2024461394965,2024,461394965,1,9,0,-1,13,4,1,-1,0,0,0,0,0,0,3,9,-1,6,1,37,7,1968,2,6,AUDI Q3,6,E01032656,0,1
2024461456976,2024,461456976,2,9,0,-1,3,1,4,-1,0,0,0,0,0,0,2,9,-1,6,1,59,9,1968,2,8,AUDI Q3,6,E01024367,0,1
2024010501054,2024,010501054,1,9,0,14,14,1,5,0,0,1,0,10,0,0,1,1,2,2,1,29,6,1968,2,1,AUDI Q3,2,E01035585,0,1
2024010508765,2024,010508765,2,9,0,18,19,1,5,0,0,1,0,0,0,0,1,1,6,6,3,-1,-1,1498,1,3,AUDI Q3,-1,-1,0,-1
2024430311476,2024,430311476,2,9,0,9,9,7,4,0,0,6,0,0,0,0,2,1,6,6,3,-1,-1,1968,2,11,AUDI Q3,-1,-1,0,-1
2024010516250,2024,010516250,2,9,0,9,9,5,3,0,0,1,0,0,0,0,1,1,6,6,2,32,6,1395,1,10,AUDI Q3,4,E01030747,0,2
2024302400311,2024,302400311,2,9,0,4,4,4,8,0,0,8,0,0,0,0,2,1,6,6,1,43,7,1498,1,3,AUDI Q3,-1,-1,0,-1
2024421498980,2024,421498980,1,9,0,-1,19,6,2,-1,0,0,0,0,7,0,1,1,-1,6,1,40,7,1968,2,8,AUDI Q3,6,E01021768,0,1
2024111475977,2024,111475977,1,9,0,-1,19,2,6,-1,0,0,0,0,0,0,1,1,-1,6,3,30,6,1968,1,11,AUDI Q3,-1,-1,0,-1
2024122401010,2024,122401010,1,9,0,9,9,8,6,0,0,6,0,0,0,0,1,1,6,6,2,62,9,1498,1,0,AUDI Q3,10,E01013355,0,1
2024010502705,2024,010502705,2,9,0,18,19,3,7,0,0,0,0,0,0,0,1,1,6,6,1,39,7,1984,1,9,AUDI Q3,5,E01002352,0,3
2024520402372,2024,520402372,2,9,0,1,1,5,1,0,0,0,0,0,0,0,2,1,6,6,3,-1,-1,1395,1,7,AUDI Q3,-1,-1,0,-1
2024201500258,2024,201500258,1,9,0,-1,9,5,1,-1,0,5,0,0,0,0,1,1,-1,6,1,33,6,1968,2,11,AUDI Q3,-1,-1,0,-1
2024010506904,2024,010506904,2,9,0,9,9,7,5,0,0,1,0,0,0,0,3,1,2,2,2,60,9,1395,1,8,AUDI Q3,5,E01001077,0,2
2024231481754,2024,231481754,2,9,0,-1,19,5,1,-1,0,8,0,0,1,0,3,1,-1,6,1,52,8,1498,1,4,AUDI Q3,6,E01031017,0,1
2024471449431,2024,471449431,3,9,0,-1,2,0,0,-1,0,0,1,0,7,0,3,1,-1,6,-1,-1,-1,1984,1,11,AUDI Q3,-1,-1,0,-1
2024010534204,2024,010534204,1,9,0,9,9,5,2,0,0,8,0,0,0,0,2,1,6,6,2,35,6,1395,1,7,AUDI Q3,2,E01003187,0,1
2024401529324,2024,401529324,1,9,0,-1,19,4,8,-1,0,0,0,0,0,0,1,1,-1,6,2,19,4,1498,1,2,AUDI Q3,6,E01002142,0,4
2024131455927,2024,131455927,3,9,0,-1,2,1,1,-1,-1,1,0,0,0,0,2,1,-1,6,-1,-1,-1,1984,1,11,AUDI Q3,-1,-1,0,-1
2024131410330,2024,131410330,4,9,0,-1,19,-1,-1,-1,0,0,0,4,-1,0,-1,1,-1,9,1,32,6,1968,2,8,AUDI Q3,8,E01028032,0,4
2024320100767,2024,320100767,1,9,0,9,9,8,6,0,0,5,0,0,7,0,0,1,-1,-1,2,49,8,1395,1,7,AUDI Q3,3,E01022649,0,5
2024010515699,2024,010515699,2,9,0,99,99,9,9,99,99,9,9,99,9,99,3,9,6,6,3,-1,-1,1968,2,8,AUDI Q3,-1,-1,0,-1
2024461501184,2024,461501184,1,9,0,-1,5,7,3,-1,0,0,0,0,0,0,1,1,-1,1,2,29,6,1968,2,8,AUDI Q3,1,E01016161,0,1
2024201470355,2024,201470355,2,9,0,-1,7,5,7,-1,0,3,0,0,0,0,4,2,-1,6,2,30,6,1968,2,11,AUDI Q3,-1,-1,0,-1
2024351442553,2024,351442553,2,9,-1,-1,-1,-1,-1,-1,-1,0,-1,-1,-1,0,2,9,-1,9,2,32,6,1968,2,6,AUDI Q3,2,E01015615,0,1
2024010505435,2024,010505435,1,9,0,99,99,9,9,99,99,6,9,99,9,99,9,9,6,6,2,30,6,1498,1,5,AUDI Q3,4,E01003129,0,1
2024471527860,2024,471527860,1,9,0,-1,19,3,5,-1,0,1,0,0,0,0,1,1,-1,6,1,79,11,1984,1,8,AUDI Q3,9,E01021124,0,3
2024010511183,2024,010511183,3,9,0,11,11,1,5,0,0,1,0,0,0,0,4,1,6,6,1,34,6,1395,1,7,AUDI Q3,10,E01021545,0,4
2024131535195,2024,131535195,1,9,0,-1,9,7,3,-1,0,0,0,0,0,0,3,1,-1,9,1,25,5,1984,1,0,AUDI Q3,10,E01007430,0,3
2024201490340,2024,201490340,2,9,0,-1,19,5,1,-1,0,3,0,0,0,0,4,1,-1,6,2,31,6,1968,2,10,AUDI Q3,6,E01010035,0,2
2024411429622,2024,411429622,3,9,0,-1,19,5,1,-1,0,0,0,0,0,0,4,1,-1,6,1,42,7,1984,1,12,AUDI Q3,6,E01002142,0,3
2024201469469,2024,201469469,2,9,0,-1,7,7,2,-1,0,6,0,0,0,0,4,1,-1,6,2,46,8,1968,2,9,AUDI Q3,2,E01008881,0,1
2024010526744,2024,010526744,1,9,0,3,3,5,1,0,0,8,0,0,1,0,3,1,6,6,2,36,7,1968,2,1,AUDI Q3,6,E01002327,0,1
2024010523956,2024,010523956,2,9,0,5,5,6,2,0,0,1,0,0,0,0,1,1,6,6,3,-1,-1,1498,1,4,AUDI Q3,-1,-1,0,-1
2024010535206,2024,010535206,1,9,0,99,99,9,9,99,99,9,9,99,9,99,1,9,6,6,1,43,7,1395,1,6,AUDI Q3,3,E01003251,0,1
2024991492513,2024,991492513,2,9,0,-1,7,1,7,-1,0,3,0,0,0,0,4,1,-1,1,1,33,6,1968,2,9,AUDI Q3,8,-1,0,4
2024131534184,2024,131534184,2,9,0,-1,19,1,5,-1,0,0,0,0,0,0,1,1,-1,6,1,40,7,1968,2,9,AUDI Q3,8,E01027160,0,5
2024421461958,2024,421461958,2,9,0,-1,19,7,3,-1,0,8,0,4,0,0,3,1,-1,6,2,56,9,1968,2,1,AUDI Q3,5,E01001751,0,4
2024052401269,2024,052401269,2,9,0,4,4,6,2,0,0,1,0,0,0,0,2,1,6,6,2,34,6,1498,1,3,AUDI Q3,6,E01006596,0,1