collision_index,collision_year,collision_ref_no,vehicle_reference,vehicle_type,towing_and_articulation,vehicle_manoeuvre_historic,vehicle_manoeuvre,vehicle_direction_from,vehicle_direction_to,vehicle_location_restricted_lane_historic,vehicle_location_restricted_lane,junction_location,skidding_and_overturning,hit_object_in_carriageway,vehicle_leaving_carriageway,hit_object_off_carriageway,first_point_of_impact,vehicle_left_hand_drive,journey_purpose_of_driver_historic,journey_purpose_of_driver,sex_of_driver,age_of_driver,age_band_of_driver,engine_capacity_cc,propulsion_code,age_of_vehicle,generic_make_model,driver_imd_decile,lsoa_of_driver,escooter_flag,driver_distance_banding
2024471474095,2024,471474095,1,9,0,-1,19,5,1,-1,0,3,0,0,0,0,4,9,-1,6,2,63,9,1968,2,5,AUDI Q3,8,E01031397,0,2
2024010489039,2024,010489039,2,9,0,18,19,7,3,0,0,1,0,0,0,0,1,1,6,6,1,40,7,1395,1,6,AUDI Q3,2,E01004324,0,1
2024461445418,2024,461445418,2,9,0,-1,4,5,1,-1,0,0,0,0,0,0,4,9,-1,6,2,39,7,1498,1,3,AUDI Q3,1,E01024610,0,1
2024031531406,2024,031531406,1,9,0,-1,19,1,5,-1,0,2,0,0,0,0,1,1,-1,6,2,49,8,1968,2,8,AUDI Q3,4,E01019389,0,3
2024131448728,2024,131448728,1,9,0,-1,19,1,1,-1,0,1,0,0,0,0,1,1,-1,9,1,74,10,1968,2,10,AUDI Q3,2,E01010815,0,1
2024161418914,2024,161418914,1,9,0,-1,19,6,2,-1,0,0,5,0,1,0,1,1,-1,2,1,47,8,1984,1,9,AUDI Q3,1,E01012952,0,4
2024451432847,2024,451432847,2,9,0,-1,19,7,3,-1,0,0,0,0,1,0,1,1,-1,9,2,69,10,1968,2,3,AUDI Q3,5,E01030814,0,1
2024311533041,2024,311533041,2,9,0,-1,19,6,2,-1,0,8,0,0,0,0,4,1,-1,1,1,29,6,1498,1,4,AUDI Q3,1,E01033411,0,3
2024401537216,2024,401537216,2,9,0,-1,19,3,7,-1,0,0,1,0,0,0,1,1,-1,6,2,29,6,1498,1,3,AUDI Q3,8,E01033814,0,4
2024401482585,2024,401482585,1,9,0,-1,19,2,6,-1,0,4,0,0,0,0,1,9,-1,6,3,-1,-1,1968,2,10,AUDI Q3,-1,-1,0,-1
2024031405310,2024,031405310,1,9,0,-1,9,5,1,-1,0,6,0,10,1,0,4,9,-1,6,1,40,7,1968,2,11,AUDI Q3,-1,-1,0,-1
2024010541151,2024,010541151,1,9,0,99,99,9,9,99,99,9,9,99,9,99,2,9,2,2,1,61,9,1395,1,8,AUDI Q3,3,E01001311,0,1
2024131501855,2024,131501855,2,9,0,-1,2,0,0,-1,0,8,0,0,0,0,1,1,-1,6,-1,-1,-1,1968,2,10,AUDI Q3,-1,-1,0,-1
2024010551791,2024,010551791,1,9,0,9,9,1,7,0,0,5,0,0,0,0,1,1,6,6,1,28,6,1984,1,3,AUDI Q3,2,E01003065,0,1
2024421527385,2024,421527385,2,9,0,-1,19,5,1,-1,0,1,0,0,0,0,1,1,-1,6,1,31,6,1395,1,7,AUDI Q3,8,E01002272,0,4
2024549826924,2024,549826924,3,9,0,3,3,2,6,0,0,0,0,0,0,0,3,1,6,6,1,60,9,1498,1,4,AUDI Q3,9,E01032706,0,1
2024371517721,2024,371517721,2,9,0,-1,19,5,1,-1,0,8,0,0,0,0,3,1,-1,9,2,56,9,1968,2,12,AUDI Q3,5,E01030259,0,2
2024991457998,2024,991457998,1,9,0,-1,19,2,6,-1,0,1,0,0,0,0,1,1,-1,6,1,46,8,1968,2,4,AUDI Q3,10,-1,0,1
2024430422310,2024,430422310,1,9,0,18,19,8,4,0,0,0,0,0,0,0,3,1,1,1,1,42,7,1968,2,11,AUDI Q3,8,E01028478,0,4
202454C911724,2024,54C911724,1,9,0,18,19,5,1,0,0,0,0,0,0,0,1,1,6,6,1,38,7,1968,2,8,AUDI Q3,9,E01031995,0,1
2024311402665,2024,311402665,1,9,0,-1,5,3,1,-1,0,0,0,0,0,0,3,1,-1,6,2,43,7,1968,2,12,AUDI Q3,2,E01013854,0,1
2024221418763,2024,221418763,1,9,0,-1,13,7,3,-1,0,8,0,0,7,11,1,1,-1,6,1,55,8,1395,8,3,AUDI Q3,5,E01032198,0,1
2024010547178,2024,010547178,1,9,0,99,99,9,9,99,99,9,9,99,9,99,1,9,6,6,3,-1,-1,1968,2,9,AUDI Q3,8,E01000569,0,1
2024501441557,2024,501441557,1,9,0,-1,19,3,7,-1,0,0,0,0,0,0,3,1,-1,9,2,41,7,1968,2,12,AUDI Q3,5,E01035131,0,3
2024131406160,2024,131406160,1,9,0,-1,9,5,1,-1,0,6,0,0,0,0,1,1,-1,9,2,65,9,1498,1,4,AUDI Q3,10,E01011458,0,1
2024991433586,2024,991433586,1,9,0,-1,9,7,5,-1,0,0,0,0,0,0,1,1,-1,2,2,39,7,1968,2,9,AUDI Q3,2,-1,0,4
2024411519895,2024,411519895,2,9,0,-1,3,3,7,-1,0,1,0,0,0,0,2,1,-1,6,2,47,8,1968,2,8,AUDI Q3,9,E01023823,0,1
2024010542650,2024,010542650,2,9,0,9,9,8,6,0,0,6,0,0,0,0,0,1,6,6,2,44,7,1395,1,7,AUDI Q3,7,E01002173,0,1
2024101450840,2024,101450840,3,9,0,-1,3,1,5,-1,0,0,0,0,0,0,2,1,-1,6,1,69,10,1498,1,0,AUDI Q3,3,E01033205,0,3
2024320113289,2024,320113289,2,9,0,-1,-1,8,4,0,0,0,0,0,1,0,3,1,6,6,1,41,7,1498,1,3,AUDI Q3,7,E01012235,0,5
2024332400369,2024,332400369,3,9,0,-1,9,6,4,-1,0,6,0,0,0,0,1,1,-1,9,1,42,7,1968,2,10,AUDI Q3,4,E01009620,0,4
2024501490213,2024,501490213,1,9,0,-1,19,1,5,-1,0,0,0,0,0,0,4,1,-1,6,1,30,6,1968,2,8,AUDI Q3,4,E01034850,0,1
2024010548934,2024,010548934,2,9,0,8,8,5,8,0,0,1,0,0,3,0,1,1,6,6,2,28,6,1498,1,1,AUDI Q3,-1,-1,0,-1
2024052402727,2024,052402727,1,9,0,5,5,7,3,0,0,1,0,0,0,0,1,1,6,6,1,70,10,1498,1,2,AUDI Q3,6,E01007076,0,1
2024430358134,2024,430358134,3,9,0,4,4,1,5,0,0,0,0,0,0,0,2,1,6,6,3,40,7,1968,2,11,AUDI Q3,3,E01005294,0,5
2024052402405,2024,052402405,1,9,0,18,19,7,3,0,0,1,0,0,0,0,1,1,6,6,2,53,8,1395,1,7,AUDI Q3,6,E01007247,0,1
2024010491995,2024,010491995,2,9,0,1,1,9,9,99,99,0,9,99,9,99,2,9,6,6,1,46,8,1395,1,8,AUDI Q3,9,E01002537,0,1
2024221443049,2024,221443049,1,9,0,-1,19,5,1,-1,0,4,0,0,0,0,1,9,-1,6,1,26,6,1395,8,1,AUDI Q3,5,E01035075,0,1
2024211513743,2024,211513743,1,9,0,-1,7,6,1,-1,0,8,0,0,0,0,4,1,-1,1,1,75,10,1968,2,7,AUDI Q3,9,E01029636,0,3
2024371494812,2024,371494812,2,9,0,-1,4,3,7,-1,0,0,0,4,0,0,2,1,-1,9,1,36,7,1498,1,0,AUDI Q3,9,E01018034,0,4
2024302400737,2024,302400737,1,9,0,4,4,6,2,0,0,0,0,0,0,0,1,1,2,2,2,32,6,1968,2,10,AUDI Q3,9,E01019850,0,2
2024061479481,2024,061479481,1,9,0,-1,19,1,4,-1,0,0,0,0,0,0,-1,1,-1,6,1,72,10,1968,2,9,AUDI Q3,6,E01006146,0,1
2024430221420,2024,430221420,2,9,0,17,19,7,3,0,0,0,0,0,1,0,1,1,6,6,2,54,8,1968,2,9,AUDI Q3,8,E01034781,0,4
2024361455512,2024,361455512,1,9,0,-1,7,7,1,-1,0,3,0,0,1,0,1,9,-1,6,1,20,4,1395,1,9,AUDI Q3,5,E01026891,0,1
2024010548543,2024,010548543,1,9,0,99,99,9,9,99,99,9,9,99,9,99,4,9,6,6,2,48,8,1498,1,2,AUDI Q3,2,E01002392,0,2
2024411430304,2024,411430304,2,9,0,-1,19,5,1,-1,0,1,0,0,0,0,3,1,-1,9,2,68,10,1984,1,9,AUDI Q3,7,E01002187,0,2
2024052402268,2024,052402268,1,9,0,18,19,5,1,0,0,8,0,0,0,0,1,1,6,6,2,29,6,1498,1,2,AUDI Q3,7,E01007077,0,3
2024461409181,2024,461409181,1,9,0,-1,19,7,3,-1,0,0,0,0,0,0,1,9,-1,6,2,37,7,1395,1,7,AUDI Q3,2,E01024646,0,1
2024010507357,2024,010507357,3,9,0,18,19,7,3,0,0,1,0,0,0,0,3,1,6,6,2,55,8,1498,1,3,AUDI Q3,-1,-1,0,-1
2024451461145,2024,451461145,1,9,0,-1,2,1,1,-1,99,0,0,8,0,0,4,9,-1,9,2,32,6,1498,1,5,AUDI Q3,6,E01030678,0,1
2024041420474,2024,041420474,1,9,0,-1,19,7,3,-1,0,0,0,0,0,0,1,1,-1,6,1,21,5,1395,1,6,AUDI Q3,7,E01025326,0,1
2024010517052,2024,010517052,2,9,0,18,19,1,5,0,0,1,1,0,0,0,1,1,6,6,1,49,8,1984,1,8,AUDI Q3,4,E01000035,0,1
2024010529783,2024,010529783,1,5,0,18,19,8,4,0,0,1,0,0,1,0,1,1,6,6,1,23,5,500,1,2,-1,8,E01004168,0,1
2024631495546,2024,631495546,1,9,0,-1,19,3,7,-1,0,0,5,10,1,10,2,1,-1,6,1,55,8,796,1,25,-1,3,W01000965,0,1
2024552400438,2024,552400438,3,9,0,18,19,8,4,0,0,0,0,0,0,0,1,1,6,6,2,21,5,995,1,20,-1,7,E01020479,0,3
2024501403602,2024,501403602,2,9,0,-1,19,5,1,-1,0,0,0,0,1,4,3,9,-1,6,1,61,9,796,1,20,-1,2,E01015055,0,4
2024501432392,2024,501432392,1,5,0,-1,19,8,4,-1,0,0,2,0,1,0,1,1,-1,9,1,53,8,1690,1,8,-1,3,E01018991,0,1
2024201511114,2024,201511114,3,5,0,-1,9,6,4,-1,0,5,0,0,0,0,1,1,-1,6,1,59,9,1550,1,19,-1,4,E01009169,0,2
2024421456017,2024,421456017,1,5,0,-1,19,7,3,-1,0,0,0,0,0,0,1,1,-1,6,1,71,10,975,1,1,-1,4,E01034371,0,1
2024111499308,2024,111499308,2,5,0,-1,19,4,7,-1,0,0,0,0,1,0,1,1,-1,6,1,57,9,1745,1,0,-1,4,E01020900,0,3
2024231494839,2024,231494839,2,5,0,-1,19,7,3,-1,0,8,1,0,0,0,1,1,-1,9,1,49,8,1745,1,1,-1,8,E01009707,0,1
2024471534287,2024,471534287,2,9,0,-1,2,0,0,-1,0,0,0,0,0,0,3,1,-1,6,-1,-1,-1,2685,2,20,JEEP GRAND CHEROKEE,-1,-1,0,-1
2024141504712,2024,141504712,1,9,0,-1,19,5,1,-1,0,2,0,0,0,0,1,1,-1,9,2,36,7,2985,2,19,JEEP GRAND CHEROKEE,2,E01007772,0,1
2024461480589,2024,461480589,1,9,0,-1,2,0,0,-1,0,2,0,0,0,0,1,1,-1,6,2,30,6,2987,2,7,JEEP GRAND CHEROKEE,4,E01024296,0,1
2024421423669,2024,421423669,2,9,0,-1,3,4,8,-1,0,1,0,0,0,0,3,1,-1,6,1,68,10,2987,2,12,JEEP GRAND CHEROKEE,8,E01021513,0,1
2024552401457,2024,552401457,2,9,0,4,4,3,7,0,0,0,0,0,0,0,2,1,6,6,2,58,9,5654,1,18,JEEP GRAND CHEROKEE,6,E01020405,0,1
2024440014571,2024,440014571,2,9,0,18,19,7,3,0,0,8,0,0,0,0,3,1,2,2,2,43,7,2987,2,11,JEEP GRAND CHEROKEE,1,E01017207,0,1
2024070175542,2024,070175542,2,9,0,18,19,7,3,0,0,0,0,0,0,0,3,1,6,6,1,37,7,2987,2,10,JEEP GRAND CHEROKEE,1,E01012367,0,1
2024361461880,2024,361461880,1,9,0,-1,9,1,8,-1,0,1,0,0,0,0,1,1,-1,9,1,66,10,2985,2,18,JEEP GRAND CHEROKEE,6,E01026496,0,3
2024101398053,2024,101398053,2,9,0,-1,19,1,5,-1,0,2,0,0,0,0,1,1,-1,6,1,66,10,2987,2,10,JEEP GRAND CHEROKEE,4,E01027433,0,1
2024010510004,2024,010510004,1,9,0,18,19,1,5,0,0,1,0,0,0,0,1,1,6,6,1,46,8,2987,2,8,JEEP GRAND CHEROKEE,6,E01004178,0,1
2024411498145,2024,411498145,2,9,0,-1,2,0,0,-1,0,0,0,0,0,0,2,1,-1,2,2,55,8,2987,2,13,JEEP GRAND CHEROKEE,9,E01023969,0,1
2024302401282,2024,302401282,2,9,0,18,19,4,8,0,0,0,0,0,0,0,1,1,2,2,1,27,6,2985,2,19,JEEP GRAND CHEROKEE,7,E01025969,0,3
2024531409064,2024,531409064,2,9,0,-1,19,3,7,-1,0,0,0,0,1,0,3,1,-1,9,2,39,7,2987,2,4,JEEP GRAND CHEROKEE,9,E01022434,0,1
2024231476132,2024,231476132,1,9,0,-1,9,6,4,-1,0,6,0,0,0,0,1,9,-1,6,2,60,9,2987,2,10,JEEP GRAND CHEROKEE,9,E01022183,0,3
2024351461170,2024,351461170,1,9,0,-1,19,3,7,-1,0,0,1,0,1,9,1,1,-1,6,1,70,10,2685,2,20,JEEP GRAND CHEROKEE,3,E01018087,0,3
2024471485691,2024,471485691,2,9,0,-1,19,8,4,-1,0,0,0,0,0,0,4,1,-1,9,1,31,6,2985,2,18,JEEP GRAND CHEROKEE,9,E01021235,0,1
2024461420038,2024,461420038,1,9,0,-1,19,8,8,-1,0,0,0,0,0,0,4,9,-1,6,-1,-1,-1,4701,1,22,JEEP GRAND CHEROKEE,-1,-1,0,-1
2024610023424,2024,610023424,2,9,0,18,19,7,3,0,0,1,0,0,0,0,1,1,6,6,2,63,9,2987,2,12,JEEP GRAND CHEROKEE,5,E01032198,0,4
2024501421566,2024,501421566,1,9,0,-1,19,5,1,-1,0,0,1,0,2,11,0,1,-1,9,2,32,6,2987,2,13,JEEP GRAND CHEROKEE,6,E01018906,0,1
2024332400694,2024,332400694,1,3,0,-1,13,3,7,-1,0,8,0,0,0,0,1,1,-1,9,1,18,4,125,1,18,-1,9,E01025877,0,1
2024440467847,2024,440467847,1,3,0,18,19,7,3,0,0,1,0,0,0,0,1,1,6,6,1,19,4,124,1,8,LEXMOTO VENOM 125,1,E01017036,0,1
2024461466204,2024,461466204,2,3,0,-1,19,7,3,-1,0,0,2,0,0,0,2,1,-1,2,1,17,4,124,1,7,LEXMOTO VENOM 125,2,E01024306,0,1
2024522401376,2024,522401376,1,4,0,18,19,2,6,0,0,3,0,10,1,11,1,1,6,6,2,18,4,124,1,8,LEXMOTO VENOM 125,8,E01014896,0,1
2024461489815,2024,461489815,1,3,0,-1,19,5,1,-1,0,0,0,0,0,0,1,1,-1,9,2,19,4,124,1,7,LEXMOTO VENOM 125,4,E01024776,0,1
2024302400574,2024,302400574,1,2,0,9,9,8,6,0,0,8,0,0,0,0,4,1,6,6,1,17,4,124,1,8,LEXMOTO VENOM 125,4,E01029472,0,1
2024010516951,2024,010516951,2,3,0,15,15,3,7,4,4,0,2,4,0,0,3,1,6,6,1,45,7,124,1,8,LEXMOTO VENOM 125,-1,-1,0,-1
2024552401011,2024,552401011,2,3,0,14,14,5,1,0,0,0,0,0,0,0,1,1,6,6,1,40,7,124,1,5,LEXMOTO VENOM 125,8,E01023049,0,4
2024531464074,2024,531464074,2,3,0,-1,19,7,3,-1,0,1,2,0,0,0,2,1,-1,6,1,29,6,124,1,6,LEXMOTO VENOM 125,6,E01022260,0,1
2024501456686,2024,501456686,2,4,0,-1,4,3,7,-1,0,1,0,0,0,0,1,1,-1,6,1,20,4,124,1,8,LEXMOTO VENOM 125,4,E01029238,0,5
2024991452812,2024,991452812,1,3,0,-1,19,7,3,-1,0,0,1,0,1,0,1,1,-1,9,1,17,4,124,1,8,LEXMOTO VENOM 125,2,-1,0,1
2024111435918,2024,111435918,1,2,0,-1,19,1,5,-1,0,1,0,0,0,0,1,1,-1,6,1,20,4,124,1,6,LEXMOTO VENOM 125,2,E01020694,0,2
2024010505465,2024,010505465,1,4,0,18,19,1,5,0,0,1,1,0,0,0,4,1,6,6,1,19,4,124,1,5,LEXMOTO VENOM 125,2,E01032565,0,1
2024531545559,2024,531545559,1,3,0,-1,4,7,3,-1,0,0,0,0,0,0,1,1,-1,6,1,19,4,124,1,6,LEXMOTO VENOM 125,4,E01022241,0,2
2024361409508,2024,361409508,2,3,0,-1,14,7,3,-1,0,1,5,0,0,0,1,1,-1,2,1,18,4,124,1,4,LEXMOTO VENOM 125,7,E01026456,0,4
2024430488349,2024,430488349,1,3,0,17,19,6,4,0,0,0,0,10,1,2,4,1,6,6,1,22,5,124,1,9,LEXMOTO VENOM 125,-1,-1,0,-1
2024052400236,2024,052400236,2,3,0,18,19,5,1,0,0,1,0,0,0,0,1,1,6,6,1,37,7,124,1,8,LEXMOTO VENOM 125,4,E01006628,0,2
2024211529261,2024,211529261,1,4,0,-1,19,7,1,-1,0,4,2,0,0,0,3,1,-1,2,1,30,6,124,1,9,LEXMOTO VENOM 125,1,E01014256,0,3
2024041488368,2024,041488368,2,3,0,-1,19,3,7,-1,0,1,0,0,0,0,1,1,-1,6,1,26,6,124,1,9,LEXMOTO VENOM 125,1,E01024900,0,1
2024471425759,2024,471425759,2,3,0,-1,19,1,5,-1,0,0,5,0,0,0,3,1,-1,6,1,19,4,124,1,8,LEXMOTO VENOM 125,4,E01021051,0,1
2024320726341,2024,320726341,2,3,0,-1,-1,6,4,0,0,8,0,0,0,0,1,1,6,6,1,19,4,124,1,4,LEXMOTO VENOM 125,10,E01026184,0,3
2024302401204,2024,302401204,2,3,0,18,19,2,6,0,0,8,0,0,0,0,1,1,6,6,1,22,5,124,1,6,LEXMOTO VENOM 125,1,E01034257,0,1
2024552400067,2024,552400067,2,3,0,18,19,8,4,0,0,8,0,0,0,0,4,1,2,2,1,36,7,124,1,7,LEXMOTO VENOM 125,1,E01015307,0,1
2024531494782,2024,531494782,1,9,0,-1,19,1,5,-1,0,1,0,0,0,0,1,1,-1,9,1,84,11,2487,8,0,-1,8,E01022463,0,2
2024010509988,2024,010509988,2,9,3,17,19,1,5,0,0,6,0,0,0,0,1,2,6,6,1,79,11,3456,1,17,-1,-1,-1,0,-1
2024010494505,2024,010494505,2,9,0,99,99,9,9,99,99,9,9,99,9,99,1,1,6,6,3,-1,-1,3456,1,18,-1,-1,-1,0,-1
2024010533862,2024,010533862,1,9,0,18,19,7,3,0,0,4,0,0,0,0,1,1,6,6,1,32,6,2487,8,1,-1,4,E01002411,0,1
2024010505506,2024,010505506,2,9,0,18,19,1,5,0,0,2,0,0,0,0,2,1,6,6,1,60,9,3456,1,17,-1,4,E01024162,0,3
2024302401310,2024,302401310,1,9,0,4,4,4,7,0,0,2,0,0,0,0,2,1,6,6,1,69,10,2487,8,0,-1,8,E01005508,0,4
2024052400493,2024,052400493,2,9,0,18,19,1,5,0,0,1,0,0,0,0,4,1,1,1,1,62,9,2487,8,1,-1,7,E01006689,0,2
2024122400745,2024,122400745,1,9,0,18,19,3,7,0,0,0,0,0,1,11,1,1,6,6,1,50,8,3456,7,16,-1,9,E01035024,0,5
2024201488232,2024,201488232,1,9,0,-1,5,5,1,-1,0,6,0,0,0,0,3,1,-1,9,1,42,7,1968,2,17,-1,1,E01034935,0,1
2024010490600,2024,010490600,2,9,0,9,9,7,5,0,0,8,0,0,0,0,1,1,6,6,1,29,6,2378,1,20,-1,4,E01000113,0,1
2024201462136,2024,201462136,1,9,0,-1,19,8,4,-1,0,0,0,0,0,0,4,1,-1,6,-1,-1,-1,1968,2,17,-1,-1,-1,0,-1
2024531512174,2024,531512174,3,9,0,-1,3,5,1,-1,0,0,0,0,0,0,2,1,-1,2,1,64,9,1968,2,17,-1,6,E01022216,0,2
2024451509185,2024,451509185,2,9,0,-1,19,7,3,-1,0,0,0,0,0,0,1,1,-1,9,1,43,7,1968,2,18,-1,10,E01030476,0,1
2024010514370,2024,010514370,1,9,0,6,6,5,5,0,0,1,0,0,1,0,1,1,3,7,2,37,7,2378,1,18,-1,5,E01033490,0,1
2024010507346,2024,010507346,1,3,0,18,19,6,2,0,0,0,0,0,0,0,1,1,1,1,1,20,4,-1,3,2,NIU NQI,6,E01002111,0,2
2024141442098,2024,141442098,2,23,0,-1,9,5,3,-1,0,2,0,0,0,0,1,1,-1,9,2,40,7,-1,3,3,NIU NQI,4,E01007842,0,1
2024430418120,2024,430418120,1,2,0,18,19,8,4,0,0,1,0,0,0,0,2,1,1,1,1,33,6,-1,3,1,NIU NQI,1,E01016394,0,1
2024471505135,2024,471505135,2,90,0,-1,19,1,5,-1,0,1,0,0,0,0,3,1,-1,2,1,34,6,-1,3,4,NIU NQI,10,E01031822,0,1
2024010493877,2024,010493877,1,2,0,15,15,6,2,0,0,1,0,0,0,0,1,1,1,1,1,32,6,-1,3,3,NIU NQI,7,E01000139,0,1
2024010544591,2024,010544591,1,23,0,99,99,9,9,99,99,9,9,99,9,99,9,1,6,6,1,39,7,-1,3,3,NIU NQI,3,E01003922,0,1
2024010511251,2024,010511251,2,3,0,14,14,7,3,0,0,2,0,0,0,0,1,1,2,2,1,29,6,-1,-1,-1,NIU NQI,6,E01000631,0,1
2024010529234,2024,010529234,2,3,0,18,19,7,3,0,0,0,5,0,0,0,1,1,1,1,1,22,5,-1,3,4,NIU NQI,8,E01000574,0,1
2024010526794,2024,010526794,2,23,0,18,19,5,1,0,0,1,0,0,0,0,1,1,1,1,1,21,5,-1,3,2,NIU NQI,5,E01001085,0,1
2024010522867,2024,010522867,1,3,0,18,19,7,3,0,0,0,0,0,0,0,1,1,1,1,1,21,5,-1,3,2,NIU NQI,5,E01001389,0,1
2024010532097,2024,010532097,1,23,0,99,99,9,9,99,99,9,9,99,9,99,1,1,1,1,1,51,8,-1,3,3,NIU NQI,4,E01003485,0,3
2024010538739,2024,010538739,1,3,0,-1,-1,8,4,0,0,1,0,0,0,0,1,1,6,6,1,23,5,-1,3,2,NIU NQI,-1,-1,0,-1
2024010549262,2024,010549262,1,3,0,18,19,6,2,0,0,0,0,0,0,0,1,1,1,1,1,21,5,-1,3,4,NIU NQI,-1,-1,0,-1
2024010546443,2024,010546443,2,2,0,18,19,2,6,0,0,1,0,0,0,0,1,1,1,1,1,25,5,-1,3,2,NIU NQI,3,E01001298,0,3
2024201530640,2024,201530640,1,9,0,-1,19,4,8,-1,0,4,0,0,0,0,1,1,-1,6,3,40,7,1560,2,12,PEUGEOT 308,-1,-1,0,-1
2024501483461,2024,501483461,2,9,0,-1,19,1,5,-1,0,0,0,0,0,0,3,1,-1,9,1,31,6,1200,1,5,PEUGEOT 308,1,E01015058,0,1
2024111503236,2024,111503236,2,9,0,-1,19,4,1,-1,0,0,0,0,0,0,1,1,-1,6,1,35,6,1560,2,8,PEUGEOT 308,3,E01008809,0,4
2024141454012,2024,141454012,1,9,0,-1,19,1,1,-1,0,1,0,0,0,0,3,1,-1,1,2,22,5,1560,2,8,PEUGEOT 308,5,E01008139,0,3
2024052400119,2024,052400119,1,9,0,18,19,1,5,0,0,8,0,9,3,11,1,1,6,6,1,45,7,1560,2,7,PEUGEOT 308,1,E01006745,0,3
2024211514285,2024,211514285,1,9,0,-1,19,1,5,-1,0,0,0,0,0,0,2,1,-1,6,2,54,8,1560,2,12,PEUGEOT 308,3,E01029765,0,1
2024111448623,2024,111448623,4,9,0,-1,19,7,3,-1,0,0,0,0,0,0,0,1,-1,1,1,30,6,1560,2,6,PEUGEOT 308,-1,-1,0,-1
2024991447277,2024,991447277,1,9,0,-1,19,2,6,-1,0,4,0,0,0,0,4,1,-1,8,1,33,6,1500,2,3,PEUGEOT 308,2,-1,0,1
2024302400752,2024,302400752,1,9,0,18,19,5,1,0,0,0,1,0,1,4,4,1,6,6,1,24,5,1598,1,6,PEUGEOT 308,10,E01019425,0,1
2024991487346,2024,991487346,1,9,0,-1,9,5,2,-1,0,6,0,0,0,0,1,1,-1,1,1,23,5,1498,2,4,PEUGEOT 308,7,-1,0,1
2024471473227,2024,471473227,1,9,0,-1,19,7,3,-1,0,0,0,0,0,0,3,1,-1,9,1,43,7,1560,2,13,PEUGEOT 308,3,E01031562,0,1
2024061429650,2024,061429650,2,9,0,-1,2,0,0,-1,0,1,1,0,0,0,2,1,-1,6,2,50,8,1200,1,7,PEUGEOT 308,-1,-1,0,-1
2024111518076,2024,111518076,1,9,0,-1,19,4,6,-1,0,0,0,0,0,0,1,1,-1,6,1,30,6,1560,2,17,PEUGEOT 308,3,E01034509,0,1
2024311529835,2024,311529835,2,9,0,-1,4,5,1,-1,0,0,0,0,0,0,1,1,-1,9,2,32,6,1560,2,10,PEUGEOT 308,-1,-1,0,-1
2024552400177,2024,552400177,1,9,0,9,9,8,6,0,0,6,0,0,0,0,3,1,2,2,1,40,7,1997,2,10,PEUGEOT 308,9,E01020419,0,3
2024361460041,2024,361460041,1,9,0,-1,19,1,5,-1,0,8,1,0,0,0,4,1,-1,9,1,83,11,1200,1,9,PEUGEOT 308,10,E01026815,0,3
2024401515694,2024,401515694,1,9,0,-1,13,7,3,-1,0,1,0,0,0,0,2,1,-1,1,1,22,5,1500,2,2,PEUGEOT 308,3,E01017514,0,1
2024421418547,2024,421418547,1,9,0,-1,3,1,5,-1,0,1,0,0,0,0,0,1,-1,1,1,26,6,1500,2,2,PEUGEOT 308,1,E01021998,0,1
2024010538151,2024,010538151,2,9,0,3,3,3,7,0,0,1,0,0,0,0,1,1,6,6,2,36,7,1560,2,8,PEUGEOT 308,-1,-1,0,-1
2024471492311,2024,471492311,2,9,0,-1,3,3,7,-1,0,0,0,0,0,0,3,1,-1,1,1,61,9,1598,8,0,PEUGEOT 308,5,E01021008,0,4
2024052400506,2024,052400506,1,9,0,18,19,5,1,0,0,8,0,0,4,0,4,1,1,1,1,-1,-1,1560,2,6,PEUGEOT 308,6,E01033756,0,3
2024211405645,2024,211405645,2,9,0,-1,19,8,3,-1,9,0,0,0,0,0,1,9,-1,6,1,36,7,1598,1,16,PEUGEOT 308,5,E01029852,0,1
2024552400155,2024,552400155,2,9,0,4,4,1,5,0,0,0,0,0,0,0,3,1,1,1,1,33,6,1199,1,1,PEUGEOT 308,6,E01034282,0,1
2024520402302,2024,520402302,1,9,0,4,4,2,6,0,0,0,0,0,0,0,1,1,6,6,1,32,6,1598,1,6,PEUGEOT 308,10,E01032055,0,4
2024010534095,2024,010534095,2,9,0,18,19,3,7,0,0,4,0,0,0,0,1,1,1,1,1,38,7,1997,2,7,PEUGEOT 308,6,E01016304,0,4
2024501505582,2024,501505582,1,9,0,-1,3,3,7,-1,0,0,0,0,0,0,2,1,-1,9,2,18,4,1397,1,16,PEUGEOT 308,5,E01019043,0,1
2024461416061,2024,461416061,1,9,0,-1,13,4,8,-1,0,0,0,0,7,0,1,1,-1,8,1,29,6,1500,2,3,PEUGEOT 308,-1,-1,0,-1
2024131427725,2024,131427725,2,9,0,-1,19,1,5,-1,0,0,0,0,0,0,1,1,-1,1,1,29,6,1498,2,4,PEUGEOT 308,6,E01011396,0,3
2024201482246,2024,201482246,1,9,0,-1,19,5,8,-1,0,6,0,0,0,0,0,1,-1,1,1,54,8,1499,2,1,PEUGEOT 308,-1,-1,0,-1
2024622400799,2024,622400799,1,9,0,4,4,7,3,0,0,0,0,0,0,0,1,1,6,6,1,26,6,1997,2,7,PEUGEOT 308,6,W01000671,0,4
2024991459577,2024,991459577,4,9,0,-1,3,7,3,-1,0,0,0,0,0,0,4,9,-1,6,1,39,7,1598,8,1,PEUGEOT 308,-1,-1,0,-1