collision_index,collision_year,collision_ref_no,vehicle_reference,vehicle_type,towing_and_articulation,vehicle_manoeuvre_historic,vehicle_manoeuvre,vehicle_direction_from,vehicle_direction_to,vehicle_location_restricted_lane_historic,vehicle_location_restricted_lane,junction_location,skidding_and_overturning,hit_object_in_carriageway,vehicle_leaving_carriageway,hit_object_off_carriageway,first_point_of_impact,vehicle_left_hand_drive,journey_purpose_of_driver_historic,journey_purpose_of_driver,sex_of_driver,age_of_driver,age_band_of_driver,engine_capacity_cc,propulsion_code,age_of_vehicle,generic_make_model,driver_imd_decile,lsoa_of_driver,escooter_flag,driver_distance_banding
2024010533292,2024,010533292,2,9,0,99,99,9,9,99,99,9,9,99,9,99,1,9,6,6,3,-1,-1,1598,1,15,PEUGEOT 308,-1,-1,0,-1
2024631474810,2024,631474810,1,9,0,-1,19,6,2,-1,0,0,0,0,0,0,1,1,-1,6,1,88,11,1560,2,12,PEUGEOT 308,5,E01014009,0,3
2024552400144,2024,552400144,1,9,0,1,1,8,4,0,0,0,0,0,0,0,2,1,3,7,2,53,8,1997,2,13,PEUGEOT 308,10,E01023243,0,4
2024010550975,2024,010550975,1,9,0,18,19,7,3,0,0,0,0,0,0,0,3,2,6,6,1,25,5,1200,1,6,PEUGEOT 308,7,E01002981,0,1
2024991413578,2024,991413578,1,9,0,-1,19,1,5,-1,0,0,0,12,0,0,1,1,-1,1,1,48,8,1560,2,6,PEUGEOT 308,4,-1,0,4
2024401449344,2024,401449344,2,9,0,-1,19,5,7,-1,0,0,0,0,0,0,1,1,-1,1,2,46,8,1499,2,1,PEUGEOT 308,2,E01033804,0,1
2024161462624,2024,161462624,2,9,0,-1,19,3,7,-1,0,0,0,0,0,0,0,1,-1,1,1,36,7,1500,2,2,PEUGEOT 308,8,E01012962,0,4
202417M104124,2024,17M104124,1,9,0,18,19,6,7,0,0,2,0,0,0,0,1,1,6,6,1,-1,-1,1560,2,9,PEUGEOT 308,-1,-1,0,-1
2024131470943,2024,131470943,1,9,0,-1,9,4,8,-1,0,2,0,0,0,0,1,1,-1,1,1,50,8,1560,2,6,PEUGEOT 308,1,E01011366,0,1
2024451410879,2024,451410879,2,9,0,-1,9,1,3,-1,1,8,0,0,0,0,1,1,-1,1,1,23,5,1499,2,1,PEUGEOT 308,2,E01003128,0,3
2024010538661,2024,010538661,1,9,0,18,19,5,1,0,0,1,0,0,0,0,1,1,6,6,2,56,9,1598,1,14,PEUGEOT 308,4,E01000464,0,1
2024991407966,2024,991407966,2,9,0,-1,5,8,4,-1,0,0,0,0,0,0,2,2,-1,2,1,21,5,1598,1,5,PEUGEOT 308,6,-1,0,3
2024061408749,2024,061408749,2,9,0,-1,4,3,7,-1,0,1,0,0,0,0,3,1,-1,1,1,29,6,1200,1,7,PEUGEOT 308,1,E01004979,0,1
2024201521631,2024,201521631,2,9,0,-1,19,7,2,-1,0,0,0,0,0,0,1,9,-1,9,1,-1,-1,1500,2,3,PEUGEOT 308,-1,-1,0,-1
2024622400417,2024,622400417,1,9,0,9,9,6,5,0,0,8,0,0,0,0,4,1,6,6,1,24,5,1560,2,14,PEUGEOT 308,6,W01001712,0,1
2024131502372,2024,131502372,1,9,0,-1,19,1,5,-1,0,0,5,0,0,0,1,1,-1,1,1,27,6,1560,2,10,PEUGEOT 308,3,E01011323,0,4
2024991409373,2024,991409373,3,9,0,-1,3,2,6,-1,0,0,0,0,0,0,2,1,-1,9,1,56,9,1560,2,9,PEUGEOT 308,2,-1,0,1
2024131472643,2024,131472643,2,9,0,-1,2,0,0,-1,0,8,0,0,0,0,2,1,-1,6,-1,-1,-1,1560,2,9,PEUGEOT 308,-1,-1,0,-1
2024061524700,2024,061524700,1,9,0,-1,19,7,4,-1,0,1,0,0,0,0,1,1,-1,1,2,38,7,1560,2,12,PEUGEOT 308,2,E01005392,0,1
2024101479259,2024,101479259,1,9,0,-1,19,3,7,-1,0,1,0,0,0,0,4,1,-1,9,1,55,8,1560,2,11,PEUGEOT 308,5,E01008787,0,2
2024371477595,2024,371477595,1,9,0,-1,19,6,2,-1,0,0,0,0,0,0,3,1,-1,6,1,61,9,1560,2,14,PEUGEOT 308,3,E01029998,0,1
2024631509961,2024,631509961,2,9,0,-1,9,4,1,-1,0,5,0,0,0,0,3,1,-1,9,2,53,8,1200,1,8,PEUGEOT 308,6,W01000598,0,2
2024010506600,2024,010506600,2,9,9,99,99,9,9,99,99,9,9,0,0,0,1,9,6,6,1,53,8,1200,1,9,PEUGEOT 308,-1,-1,0,-1
2024461498182,2024,461498182,1,9,0,-1,10,3,5,-1,0,1,0,0,0,0,1,1,-1,9,1,63,9,1500,2,5,PEUGEOT 308,4,E01024665,0,1
2024052402010,2024,052402010,2,9,0,18,19,6,1,0,0,8,0,0,0,0,2,1,6,6,2,57,9,1199,1,0,PEUGEOT 308,4,E01006997,0,1
2024201503533,2024,201503533,2,9,0,-1,2,0,0,-1,9,0,0,0,0,0,4,1,-1,1,1,49,8,1499,2,2,PEUGEOT 308,1,E01009542,0,1
2024041479748,2024,041479748,2,9,0,-1,4,1,5,-1,0,0,0,0,0,0,2,1,-1,1,1,22,5,1500,2,4,PEUGEOT 308,3,E01006904,0,3
2024501539298,2024,501539298,2,9,0,-1,13,4,8,-1,0,8,1,0,0,0,1,1,-1,6,1,73,10,1200,1,9,PEUGEOT 308,3,E01031975,0,5
2024141401515,2024,141401515,2,9,0,-1,2,0,0,-1,0,0,0,0,0,0,1,1,-1,1,1,27,6,1498,2,3,PEUGEOT 308,1,E01007578,0,3
2024991443849,2024,991443849,1,9,0,-1,19,3,7,-1,0,0,0,0,2,10,1,1,-1,9,2,19,4,1598,1,14,PEUGEOT 308,-1,-1,0,-1
2024221467746,2024,221467746,1,9,0,-1,9,6,3,-1,4,5,0,0,0,0,4,9,-1,6,2,22,5,1997,2,15,PEUGEOT 308,7,E01014037,0,3
2024101449034,2024,101449034,1,9,0,-1,19,5,1,-1,0,0,0,0,0,0,1,1,-1,1,2,-1,-1,1200,1,3,PEUGEOT 308,1,E01034514,0,1
2024421411985,2024,421411985,1,9,0,-1,19,6,1,-1,0,4,0,0,3,10,1,1,-1,2,1,37,7,1598,1,14,PEUGEOT 308,10,E01021673,0,1
2024302400548,2024,302400548,1,9,0,9,9,3,1,0,0,6,0,0,0,0,3,1,6,6,2,43,7,1598,1,15,PEUGEOT 308,2,E01019777,0,1
2024401422321,2024,401422321,1,9,0,-1,4,1,6,-1,9,1,0,0,3,0,1,1,-1,1,1,27,6,1499,2,1,PEUGEOT 308,-1,-1,0,-1
2024991532715,2024,991532715,2,9,0,-1,19,4,8,-1,0,0,0,0,0,0,2,1,-1,9,2,37,7,1560,2,6,PEUGEOT 308,9,-1,0,1
2024221404406,2024,221404406,2,9,0,-1,19,6,2,-1,0,0,0,0,0,0,3,1,-1,7,2,46,8,1397,1,14,PEUGEOT 308,5,E01028955,0,2
2024041410921,2024,041410921,1,9,0,-1,6,0,0,-1,9,0,0,0,0,0,1,1,-1,9,1,22,5,1560,2,16,PEUGEOT 308,1,E01012656,0,1
2024332400642,2024,332400642,1,9,0,-1,19,7,3,-1,0,8,0,0,0,0,1,1,-1,6,1,30,6,1560,2,10,PEUGEOT 308,6,E01035103,0,2
2024531510272,2024,531510272,3,9,0,-1,2,0,0,-1,0,0,0,0,0,0,1,1,-1,7,2,28,6,1200,1,8,PEUGEOT 308,9,E01034814,0,1
2024010546628,2024,010546628,2,9,0,99,99,9,9,99,99,0,9,99,9,99,1,9,6,6,2,-1,-1,1200,1,9,PEUGEOT 308,3,E01004169,0,2
2024461485442,2024,461485442,1,9,0,-1,15,3,7,-1,0,0,0,0,0,0,1,1,-1,6,1,66,10,1598,1,14,PEUGEOT 308,2,E01024246,0,1
2024131425035,2024,131425035,2,9,0,-1,19,5,5,-1,0,8,0,0,0,0,0,1,-1,1,1,29,6,1500,2,2,PEUGEOT 308,1,E01011130,0,1
2024010513800,2024,010513800,2,9,9,99,99,9,9,99,99,9,9,99,9,99,9,9,6,6,3,-1,-1,1598,1,16,PEUGEOT 308,-1,-1,0,-1
2024201448302,2024,201448302,2,9,0,-1,2,0,0,-1,0,0,0,0,0,0,2,9,-1,6,1,36,7,1560,2,13,PEUGEOT 308,1,E01009889,0,1
2024201437900,2024,201437900,2,9,0,-1,19,6,2,-1,0,1,0,0,0,0,2,9,-1,6,1,33,6,1500,2,3,PEUGEOT 308,-1,-1,0,-1
2024131396989,2024,131396989,3,9,0,-1,2,0,0,-1,0,8,0,0,0,0,3,1,-1,6,-1,-1,-1,1560,2,16,PEUGEOT 308,-1,-1,0,-1
2024052401401,2024,052401401,1,9,0,18,19,5,1,0,0,0,0,0,0,0,1,1,6,6,2,44,7,1560,2,13,PEUGEOT 308,1,E01007227,0,1
202454F264124,2024,54F264124,1,9,0,9,9,3,2,8,6,6,0,0,0,0,3,1,6,6,1,87,11,1397,1,15,PEUGEOT 308,-1,-1,0,-1
2024430204026,2024,430204026,1,9,0,9,9,6,8,0,0,5,0,0,0,0,0,1,1,1,1,30,6,1499,1,1,PEUGEOT 308,9,E01017637,0,1
2024522401865,2024,522401865,1,9,0,18,19,7,4,0,0,8,0,0,0,0,4,1,6,6,1,60,9,1560,2,10,PEUGEOT 308,9,E01014796,0,1
2024430431161,2024,430431161,1,9,0,18,19,8,4,0,0,8,0,0,0,0,1,1,1,1,1,-1,-1,1499,2,0,PEUGEOT 308,-1,-1,0,-1
2024201453145,2024,201453145,2,9,0,-1,19,8,4,-1,0,0,0,0,0,0,3,1,-1,1,1,37,7,1500,2,3,PEUGEOT 308,7,E01009976,0,1
2024061403601,2024,061403601,4,9,0,-1,19,1,5,-1,0,0,0,0,0,0,0,1,-1,8,1,36,7,1200,1,3,PEUGEOT 308,1,E01004927,0,1
2024501399041,2024,501399041,1,9,0,-1,19,3,6,-1,0,8,0,0,0,0,1,1,-1,2,2,41,7,1560,2,10,PEUGEOT 308,5,E01034847,0,1
2024421465566,2024,421465566,2,9,0,-1,5,1,5,-1,9,0,0,0,0,0,1,1,-1,1,1,22,5,1499,2,0,PEUGEOT 308,-1,-1,0,-1
2024461420872,2024,461420872,8,9,0,-1,19,3,7,-1,0,0,0,0,0,0,0,1,-1,8,1,30,6,1500,2,3,PEUGEOT 308,9,E01024044,0,1
2024361437730,2024,361437730,1,9,0,-1,19,5,1,-1,0,0,0,4,0,0,1,1,-1,6,1,80,11,1560,2,14,PEUGEOT 308,5,E01026729,0,1
2024211431680,2024,211431680,2,9,0,-1,4,1,5,-1,0,0,0,0,0,0,2,1,-1,9,2,73,10,1560,2,14,PEUGEOT 308,-1,-1,0,-1
2024131408122,2024,131408122,1,9,0,-1,19,1,-1,-1,0,0,0,0,0,0,1,1,-1,6,3,-1,-1,1560,2,11,PEUGEOT 308,-1,-1,0,-1
2024201442971,2024,201442971,3,9,0,-1,19,6,6,-1,0,1,0,0,0,0,0,1,-1,1,1,33,6,1499,2,1,PEUGEOT 308,2,E01034313,0,1
2024471448759,2024,471448759,1,9,0,-1,6,1,5,-1,0,0,0,0,0,0,4,1,-1,9,2,40,7,1560,2,8,PEUGEOT 308,7,E01031493,0,1
2024201413503,2024,201413503,2,9,0,-1,19,3,7,-1,0,8,0,4,1,10,1,9,-1,1,1,30,6,1500,2,3,PEUGEOT 308,2,E01009509,0,2
2024991404579,2024,991404579,1,9,0,-1,13,7,3,-1,0,1,1,0,7,0,1,1,-1,8,2,33,6,1560,2,9,PEUGEOT 308,1,-1,0,1
2024610005324,2024,610005324,1,9,0,3,3,5,1,0,0,4,0,0,3,4,1,1,6,6,1,44,7,1560,2,8,PEUGEOT 308,8,W01001966,0,3
2024461517643,2024,461517643,1,9,0,-1,5,3,5,-1,0,2,0,0,0,0,4,9,-1,6,2,46,8,1560,2,11,PEUGEOT 308,5,E01024796,0,1
2024041489300,2024,041489300,1,9,0,-1,1,-1,-1,-1,0,1,0,0,0,0,2,9,-1,9,1,36,7,1560,2,9,PEUGEOT 308,3,E01025234,0,1
2024361481486,2024,361481486,1,9,0,-1,3,7,3,-1,0,0,0,0,0,0,1,1,-1,6,2,39,7,1200,1,6,PEUGEOT 308,7,E01026545,0,1
2024131467077,2024,131467077,1,9,0,-1,13,7,3,-1,0,0,1,0,0,0,1,1,-1,6,3,18,4,1997,2,8,PEUGEOT 308,-1,-1,0,-1
2024531465516,2024,531465516,2,9,0,-1,19,4,6,-1,0,0,0,0,0,0,2,1,-1,2,2,53,8,1560,2,9,PEUGEOT 308,9,E01034814,0,1
2024991404579,2024,991404579,2,9,0,-1,9,7,5,-1,0,8,0,0,7,0,3,1,-1,2,2,33,6,1200,1,7,PEUGEOT 308,4,-1,0,1
2024131437658,2024,131437658,2,9,0,-1,19,3,7,-1,0,0,0,0,0,0,0,1,-1,1,1,33,6,1498,2,5,PEUGEOT 308,6,E01011885,0,2
2024231524663,2024,231524663,1,9,0,-1,19,2,6,-1,0,0,0,0,0,0,1,1,-1,9,1,42,7,1560,2,9,PEUGEOT 308,8,E01031294,0,1
2024131425938,2024,131425938,2,9,0,-1,19,7,3,-1,0,0,1,0,5,0,4,1,-1,9,2,47,8,1560,2,14,PEUGEOT 308,3,-1,0,5
2024041511988,2024,041511988,1,9,0,-1,5,4,2,-1,0,1,0,0,0,0,1,9,-1,6,3,-1,-1,1560,2,15,PEUGEOT 308,-1,-1,0,-1
2024201473341,2024,201473341,1,9,0,-1,1,8,4,-1,0,0,0,0,0,0,2,1,-1,6,1,30,6,1560,2,12,PEUGEOT 308,-1,-1,0,-1
2024401547393,2024,401547393,2,9,0,-1,19,1,5,-1,0,0,0,0,0,0,1,1,-1,1,1,-1,-1,1500,2,3,PEUGEOT 308,-1,-1,0,-1
2024161473297,2024,161473297,2,9,0,-1,19,7,3,-1,0,8,0,0,0,0,1,9,-1,1,2,29,6,1560,2,8,PEUGEOT 308,2,E01012871,0,1
2024430515841,2024,430515841,2,9,0,18,19,8,4,0,0,8,0,0,0,0,4,1,6,6,2,75,10,1200,1,4,PEUGEOT 308,-1,-1,0,-1
2024141505640,2024,141505640,1,9,0,-1,19,1,5,-1,0,2,0,0,0,0,1,1,-1,2,2,58,9,1199,1,1,PEUGEOT 308,5,E01007505,0,1
2024201478257,2024,201478257,4,9,0,-1,19,8,6,-1,0,8,0,0,0,0,0,9,-1,1,1,52,8,1499,2,1,PEUGEOT 308,-1,-1,0,-1
2024141456072,2024,141456072,2,9,0,-1,9,7,5,-1,0,1,0,0,0,0,3,1,-1,9,1,54,8,1560,2,9,PEUGEOT 308,7,E01007818,0,2
2024311512785,2024,311512785,1,9,0,-1,9,6,2,-1,0,0,0,0,7,0,1,1,-1,2,1,-1,-1,1500,2,6,PEUGEOT 308,7,E01034464,0,5
2024311462476,2024,311462476,2,9,0,-1,20,6,5,-1,9,0,0,0,0,0,1,1,-1,6,2,65,9,1200,1,4,PEUGEOT 308,1,E01013833,0,1
2024631518429,2024,631518429,3,9,0,-1,2,0,0,-1,0,0,0,0,0,0,2,1,-1,6,-1,-1,-1,1560,2,10,PEUGEOT 308,-1,-1,0,-1
2024320609178,2024,320609178,1,9,0,-1,-1,4,8,0,0,0,0,0,7,4,1,1,-1,-1,1,24,5,1560,2,12,PEUGEOT 308,3,E01026775,0,5
2024131524595,2024,131524595,1,9,0,-1,19,7,3,-1,0,8,0,0,0,0,1,1,-1,1,1,26,6,1499,2,1,PEUGEOT 308,7,E01034268,0,4
2024221529175,2024,221529175,1,9,0,-1,19,6,2,-1,0,0,1,0,1,7,1,9,-1,6,2,41,7,1200,1,8,PEUGEOT 308,10,E01034328,0,3
2024211435068,2024,211435068,2,8,0,-1,19,3,7,-1,0,0,0,0,0,0,1,1,-1,1,1,63,9,1500,2,3,PEUGEOT 308,-1,-1,0,-1
2024991508087,2024,991508087,2,9,0,-1,19,1,5,-1,0,1,0,0,0,0,1,1,-1,1,1,35,6,1498,2,4,PEUGEOT 308,8,-1,0,1
2024351472330,2024,351472330,3,9,0,-1,2,0,0,-1,0,0,0,0,0,0,0,1,-1,1,2,22,5,1499,2,1,PEUGEOT 308,6,E01034437,0,3
2024211468491,2024,211468491,1,9,0,-1,19,4,8,-1,0,0,0,0,0,0,1,1,-1,6,2,47,8,1397,1,16,PEUGEOT 308,-1,-1,0,-1
2024221464954,2024,221464954,2,9,0,-1,19,6,2,-1,0,8,0,0,0,0,4,9,-1,6,2,22,5,1560,2,15,PEUGEOT 308,3,E01032236,0,1
2024461401869,2024,461401869,3,9,0,-1,15,6,6,-1,0,1,0,11,7,0,4,1,-1,1,1,-1,-1,1500,2,3,PEUGEOT 308,-1,-1,0,-1
2024041521167,2024,041521167,1,9,0,-1,19,5,1,-1,0,0,0,0,0,0,1,1,-1,9,2,78,11,1560,2,11,PEUGEOT 308,4,E01012701,0,1
2024221441149,2024,221441149,2,9,0,-1,2,0,0,-1,0,0,0,0,0,0,2,9,-1,6,-1,45,7,1200,1,7,PEUGEOT 308,-1,-1,0,-1
2024010502242,2024,010502242,2,9,0,5,5,5,1,0,0,5,0,0,0,0,1,1,6,6,1,37,7,1200,1,6,PEUGEOT 308,4,E01000915,0,2
2024031445302,2024,031445302,1,9,0,-1,9,6,3,-1,0,5,0,0,0,0,4,9,-1,9,1,32,6,1560,2,11,PEUGEOT 308,4,E01006537,0,5
2024430423799,2024,430423799,2,9,0,18,19,7,3,0,0,0,0,0,0,0,4,1,6,6,1,-1,-1,1598,1,14,PEUGEOT 308,-1,-1,0,-1
2024340WN6932,2024,340WN6932,2,9,0,-1,19,3,7,-1,0,0,0,0,0,0,1,1,-1,9,1,81,11,1560,2,14,PEUGEOT 308,8,E01027279,0,1
2024010515821,2024,010515821,2,9,0,7,7,3,5,0,0,6,0,0,0,0,2,2,1,1,1,25,5,1200,1,6,PEUGEOT 308,-1,-1,0,-1
2024401460761,2024,401460761,1,9,0,-1,2,8,4,-1,0,0,0,0,0,0,2,1,-1,2,2,32,6,1598,1,15,PEUGEOT 308,2,E01017490,0,1
2024991527171,2024,991527171,2,9,0,-1,2,0,0,-1,0,1,0,0,1,0,3,1,-1,9,1,35,6,1200,1,8,PEUGEOT 308,2,-1,0,1
2024010539828,2024,010539828,2,9,0,99,99,9,9,99,99,0,9,99,9,99,2,9,6,6,3,-1,-1,1200,1,6,PEUGEOT 308,-1,-1,0,-1
2024311467911,2024,311467911,2,9,0,-1,19,3,7,-1,0,1,0,0,0,0,1,1,-1,9,2,34,6,1598,1,16,PEUGEOT 308,-1,-1,0,-1
2024440198443,2024,440198443,1,9,0,13,13,6,2,0,0,1,0,0,7,4,1,1,6,6,1,37,7,1500,2,5,PEUGEOT 308,5,E01023285,0,3
2024010513856,2024,010513856,1,9,0,1,1,5,1,0,0,1,0,0,0,0,2,2,6,6,1,58,9,1598,1,15,PEUGEOT 308,7,E01003396,0,1
2024991406031,2024,991406031,1,9,0,-1,19,3,7,-1,0,8,0,0,0,0,1,1,-1,1,1,28,6,1499,2,1,PEUGEOT 308,7,-1,0,1
2024131535722,2024,131535722,2,9,0,-1,19,5,1,-1,0,0,0,0,0,0,3,1,-1,9,2,40,7,1997,2,14,PEUGEOT 308,1,E01010812,0,4
2024061494789,2024,061494789,3,9,0,-1,3,7,3,-1,0,1,0,0,0,0,2,1,-1,1,1,52,8,1560,2,9,PEUGEOT 308,1,E01004812,0,3
2024440009833,2024,440009833,1,9,0,9,9,2,8,0,0,1,0,0,3,0,1,1,6,6,1,22,5,1200,1,8,PEUGEOT 308,4,E01017101,0,1
2024991426250,2024,991426250,1,9,0,-1,19,2,7,-1,0,8,0,0,0,0,1,1,-1,1,1,36,7,1498,2,3,PEUGEOT 308,8,-1,0,3
2024340NN1332,2024,340NN1332,1,9,0,-1,19,6,2,-1,0,0,1,0,1,0,1,1,-1,9,2,32,6,1560,2,9,PEUGEOT 308,10,E01026307,0,4
2024161469149,2024,161469149,1,9,0,-1,6,5,1,-1,0,8,0,0,0,0,4,1,-1,2,1,60,9,1560,2,15,PEUGEOT 308,1,E01013162,0,1
2024991414230,2024,991414230,2,9,0,-1,7,2,6,-1,0,1,0,0,0,0,0,1,-1,1,1,38,7,1499,2,1,PEUGEOT 308,10,-1,0,1
2024061441309,2024,061441309,3,9,0,-1,19,7,3,-1,0,2,0,0,0,0,0,1,-1,1,1,32,6,1200,1,4,PEUGEOT 308,3,E01006035,0,2
2024430567533,2024,430567533,2,9,0,2,2,0,0,0,0,0,0,0,0,0,2,1,6,6,1,-1,-1,1499,2,1,PEUGEOT 308,-1,-1,0,-1
2024351489636,2024,351489636,3,9,0,-1,19,5,1,-1,0,0,0,0,0,0,0,1,-1,1,2,24,5,1499,2,0,PEUGEOT 308,-1,-1,0,-1
2024991473189,2024,991473189,2,9,0,-1,13,2,6,-1,0,0,0,0,0,0,0,1,-1,8,1,36,7,1499,2,1,PEUGEOT 308,1,-1,0,2
2024520402827,2024,520402827,2,9,0,18,19,6,1,0,0,8,0,0,0,0,1,1,6,6,2,33,6,1200,1,5,PEUGEOT 308,8,E01029319,0,1
2024141453024,2024,141453024,3,9,0,-1,19,1,5,-1,0,0,0,0,0,0,0,1,-1,6,2,43,7,1560,2,7,PEUGEOT 308,1,E01007783,0,1
2024101407474,2024,101407474,2,9,0,-1,19,1,5,-1,0,8,0,0,0,0,2,1,-1,6,2,30,6,1500,2,5,PEUGEOT 308,3,E01008463,0,2
2024231464810,2024,231464810,3,9,0,-1,19,2,7,-1,0,8,0,0,0,0,0,1,-1,1,1,33,6,1499,2,1,PEUGEOT 308,9,E01031183,0,3
2024010507299,2024,010507299,1,9,0,99,99,9,9,99,99,9,9,99,9,99,9,9,6,6,1,62,9,1598,1,10,PEUGEOT 308,2,E01002151,0,1
2024141430104,2024,141430104,2,9,0,-1,19,2,5,-1,0,0,0,0,0,0,1,9,-1,1,1,41,7,1499,2,1,PEUGEOT 308,1,E01007714,0,1
2024052400198,2024,052400198,1,9,0,18,19,1,5,0,0,8,0,0,0,0,4,1,1,1,1,29,6,1498,2,5,PEUGEOT 308,-1,-1,0,-1
2024351452465,2024,351452465,1,9,0,-1,5,1,7,-1,0,1,0,0,0,0,1,1,-1,1,1,30,6,1500,2,2,PEUGEOT 308,-1,-1,0,-1
202454B744424,2024,54B744424,3,9,0,18,19,1,5,0,0,8,0,0,0,0,1,1,6,6,1,60,9,1199,1,0,PEUGEOT 308,7,E01033840,0,2
2024131433710,2024,131433710,3,9,0,-1,19,2,2,-1,0,1,0,0,0,0,0,1,-1,9,1,32,6,1499,2,1,PEUGEOT 308,1,E01011366,0,1
2024070590723,2024,070590723,2,9,0,16,19,7,3,0,0,0,0,0,0,0,0,1,6,6,1,-1,-1,1598,1,7,PEUGEOT 308,-1,-1,0,-1
2024111420703,2024,111420703,1,9,0,-1,19,6,2,-1,0,1,0,0,3,0,1,1,-1,6,1,30,6,1499,2,1,PEUGEOT 308,-1,-1,0,-1
2024131428126,2024,131428126,2,9,0,-1,19,8,4,-1,0,1,0,0,0,0,1,1,-1,6,-1,-1,-1,1500,2,5,PEUGEOT 308,-1,-1,0,-1
2024332400934,2024,332400934,2,9,0,-1,19,2,6,-1,0,0,0,0,0,0,1,1,-1,6,3,-1,-1,1560,2,15,PEUGEOT 308,-1,-1,0,-1
2024131502288,2024,131502288,2,9,0,-1,19,1,5,-1,0,0,0,0,0,0,1,1,-1,2,1,25,5,1560,2,9,PEUGEOT 308,5,E01032499,0,2
2024061478779,2024,061478779,1,9,0,-1,7,3,7,-1,0,3,0,0,0,0,3,1,-1,9,1,56,9,1560,2,16,PEUGEOT 308,1,E01006356,0,2
2024991529569,2024,991529569,2,9,0,-1,19,5,1,-1,0,1,0,0,0,0,0,1,-1,1,1,31,6,1499,2,1,PEUGEOT 308,4,-1,0,1
2024340WN2562,2024,340WN2562,2,9,0,-1,19,3,7,-1,0,1,0,0,0,0,1,1,-1,9,2,53,8,1560,2,10,PEUGEOT 308,4,E01027238,0,1
2024540903424,2024,540903424,2,9,0,18,19,3,7,0,0,0,0,0,0,0,2,1,6,6,2,41,7,1560,2,8,PEUGEOT 308,7,E01014677,0,4
2024991448382,2024,991448382,1,9,0,-1,9,2,7,-1,0,8,0,0,0,0,3,1,-1,6,2,43,7,1997,2,8,PEUGEOT 308,4,-1,0,4
2024531409514,2024,531409514,1,9,0,-1,19,5,1,-1,0,4,0,0,0,0,1,1,-1,9,2,59,9,1560,2,15,PEUGEOT 308,5,E01022361,0,1
2024221430787,2024,221430787,2,9,0,-1,2,0,0,-1,0,0,0,0,0,0,4,9,-1,6,1,59,9,1560,2,12,PEUGEOT 308,7,E01010209,0,3
2024302401624,2024,302401624,1,9,0,9,9,4,2,0,0,8,0,0,0,0,3,1,6,6,1,41,7,1560,2,16,PEUGEOT 308,4,E01019516,0,1
2024010497856,2024,010497856,2,9,0,99,99,9,9,99,99,9,9,99,9,99,9,9,6,6,3,-1,-1,1200,1,8,PEUGEOT 308,-1,-1,0,-1
2024302401774,2024,302401774,1,9,0,-1,19,7,3,-1,0,1,0,0,0,0,1,1,-1,6,2,41,7,1598,1,15,PEUGEOT 308,8,E01019722,0,1
2024070057385,2024,070057385,3,9,0,18,19,3,7,0,0,0,0,0,0,0,1,1,6,6,2,38,7,1560,2,16,PEUGEOT 308,2,E01006428,0,1
2024101534816,2024,101534816,1,9,0,-1,19,8,4,-1,0,0,0,0,0,0,1,1,-1,6,1,-1,-1,1560,2,10,PEUGEOT 308,10,E01027468,0,2
2024501493616,2024,501493616,1,9,0,-1,11,5,1,-1,0,0,0,0,0,0,4,1,-1,9,1,53,8,1560,2,13,PEUGEOT 308,-1,-1,0,-1
2024211528322,2024,211528322,2,9,0,-1,9,5,1,-1,0,5,0,0,0,0,3,1,-1,9,1,89,11,1200,1,9,PEUGEOT 308,9,E01029661,0,2
2024061512334,2024,061512334,1,9,0,-1,1,3,7,-1,9,0,0,0,0,0,2,1,-1,9,2,67,10,1200,1,8,PEUGEOT 308,1,E01005290,0,1
2024471528515,2024,471528515,2,9,0,-1,19,8,3,-1,0,1,0,0,0,0,1,1,-1,1,2,67,10,1560,2,10,PEUGEOT 308,6,E01020956,0,4
2024141530646,2024,141530646,3,9,0,-1,19,6,1,-1,0,0,0,0,0,0,3,9,-1,1,1,-1,-1,1498,2,5,PEUGEOT 308,-1,-1,0,-1
2024471494919,2024,471494919,2,9,0,-1,19,6,3,-1,0,0,0,0,0,0,3,1,-1,9,2,63,9,1560,2,11,PEUGEOT 308,8,E01021150,0,2
2024302401762,2024,302401762,1,9,0,-1,19,7,3,-1,0,8,0,0,0,0,1,1,-1,8,2,-1,-1,1498,2,5,PEUGEOT 308,5,E01033387,0,1
2024311534357,2024,311534357,1,9,0,-1,19,5,1,-1,0,0,0,0,0,0,1,1,-1,6,-1,24,5,1560,2,12,PEUGEOT 308,-1,-1,0,-1
2024332400400,2024,332400400,2,9,0,-1,19,5,1,-1,0,8,1,0,1,4,1,1,-1,6,2,44,7,1560,2,12,PEUGEOT 308,10,E01025708,0,1
2024430248791,2024,430248791,1,9,0,18,19,2,6,0,0,1,0,0,0,0,1,1,6,6,1,-1,-1,1560,2,13,PEUGEOT 308,3,E01017906,0,2
2024991441821,2024,991441821,1,9,0,-1,9,8,6,-1,0,8,0,0,0,0,3,1,-1,8,2,23,5,1500,2,3,PEUGEOT 308,-1,-1,0,-1
2024201467033,2024,201467033,1,9,0,-1,19,3,7,-1,0,0,5,10,0,0,1,9,-1,6,1,36,7,1598,1,9,PEUGEOT 308,2,E01010264,0,1
2024371434627,2024,371434627,2,9,0,-1,10,4,7,-1,0,1,0,0,0,0,2,1,-1,1,2,35,6,1397,1,12,PEUGEOT 308,9,E01026537,0,4
2024991471259,2024,991471259,3,9,0,-1,19,7,2,-1,0,0,0,0,0,0,0,1,-1,8,2,33,6,1500,2,3,PEUGEOT 308,8,-1,0,4