collision_index,collision_year,collision_ref_no,vehicle_reference,vehicle_type,towing_and_articulation,vehicle_manoeuvre_historic,vehicle_manoeuvre,vehicle_direction_from,vehicle_direction_to,vehicle_location_restricted_lane_historic,vehicle_location_restricted_lane,junction_location,skidding_and_overturning,hit_object_in_carriageway,vehicle_leaving_carriageway,hit_object_off_carriageway,first_point_of_impact,vehicle_left_hand_drive,journey_purpose_of_driver_historic,journey_purpose_of_driver,sex_of_driver,age_of_driver,age_band_of_driver,engine_capacity_cc,propulsion_code,age_of_vehicle,generic_make_model,driver_imd_decile,lsoa_of_driver,escooter_flag,driver_distance_banding
2024131469435,2024,131469435,1,9,0,-1,12,1,7,-1,0,2,0,0,0,0,4,1,-1,1,1,46,8,1500,2,5,PEUGEOT 308,1,E01011001,0,1
2024991425542,2024,991425542,3,9,0,-1,19,7,3,-1,0,0,0,0,0,0,1,1,-1,9,1,23,5,1560,2,8,PEUGEOT 308,4,-1,0,4
2024421498477,2024,421498477,2,9,0,-1,5,-1,-1,-1,9,0,0,0,0,0,1,1,-1,2,2,47,8,1560,2,16,PEUGEOT 308,7,E01021966,0,1
2024320287279,2024,320287279,1,9,0,6,6,2,2,0,0,0,0,0,0,0,3,1,6,6,1,53,8,1560,2,6,PEUGEOT 308,3,E01013410,0,4
2024421487783,2024,421487783,1,9,0,-1,20,5,1,-1,0,0,0,0,3,0,1,1,-1,9,2,82,11,1500,2,4,PEUGEOT 308,8,E01021385,0,1
2024201535906,2024,201535906,1,9,0,-1,5,1,1,-1,0,1,0,4,0,0,1,1,-1,6,1,30,6,1560,2,12,PEUGEOT 308,-1,-1,0,-1
2024361536289,2024,361536289,1,9,0,-1,13,6,2,-1,0,8,0,0,7,11,1,1,-1,8,1,25,5,1500,2,3,PEUGEOT 308,3,E01026426,0,1
2024141432040,2024,141432040,2,9,0,-1,13,7,3,-1,0,8,0,0,0,0,4,1,-1,1,1,28,6,1500,2,2,PEUGEOT 308,1,E01034238,0,2
2024131475712,2024,131475712,1,9,0,-1,19,5,1,-1,0,8,0,0,0,0,1,1,-1,1,1,34,6,1499,2,1,PEUGEOT 308,9,E01011715,0,2
2024201428179,2024,201428179,1,9,0,-1,14,8,4,-1,0,1,0,0,0,0,1,1,-1,6,1,18,4,1598,1,10,PEUGEOT 308,8,E01009794,0,1
2024531470508,2024,531470508,1,9,0,-1,19,5,1,-1,0,8,0,0,0,0,1,1,-1,1,1,30,6,1500,2,3,PEUGEOT 308,6,E01034794,0,1
2024061396973,2024,061396973,3,9,0,-1,19,1,1,-1,0,1,0,0,0,0,0,1,-1,8,1,24,5,1200,1,3,PEUGEOT 308,1,E01005202,0,1
2024010500124,2024,010500124,1,9,0,18,19,4,8,0,0,8,0,0,0,0,1,1,6,6,1,70,10,1598,1,15,PEUGEOT 308,5,E01002237,0,2
2024061522023,2024,061522023,2,9,0,-1,19,1,1,-1,0,0,9,0,0,0,1,1,-1,6,1,63,9,1560,2,16,PEUGEOT 308,-1,-1,0,-1
2024320328354,2024,320328354,2,9,0,2,2,0,0,0,0,0,0,0,0,0,2,1,6,6,3,-1,-1,1598,1,15,PEUGEOT 308,-1,-1,0,-1
2024522403307,2024,522403307,2,9,0,4,4,3,7,0,0,0,0,0,0,0,1,1,6,6,2,34,6,1560,2,16,PEUGEOT 308,2,E01014691,0,1
2024131460454,2024,131460454,1,9,0,-1,19,1,5,-1,0,0,0,0,0,0,1,1,-1,9,2,24,5,1560,2,9,PEUGEOT 308,8,E01011170,0,1
2024340WN1252,2024,340WN1252,1,9,0,-1,4,1,5,-1,0,0,0,0,1,0,3,1,-1,6,1,-1,-1,1560,2,11,PEUGEOT 308,-1,-1,0,-1
2024311428432,2024,311428432,1,9,0,-1,19,1,4,-1,0,6,0,0,0,0,1,1,-1,9,2,56,9,1560,2,8,PEUGEOT 308,5,E01028333,0,1
2024201500321,2024,201500321,1,8,0,-1,9,8,7,-1,0,6,0,0,0,0,4,1,-1,1,1,34,6,1560,2,7,PEUGEOT 308,-1,-1,0,-1
2024010518365,2024,010518365,2,9,0,99,99,9,9,99,99,9,9,99,9,99,1,9,6,6,2,73,10,1200,1,8,PEUGEOT 308,10,E01003465,0,1
2024131509222,2024,131509222,3,9,0,-1,19,5,5,-1,0,0,0,0,0,0,0,1,-1,1,1,34,6,1498,2,4,PEUGEOT 308,6,E01027560,0,3
2024471500849,2024,471500849,1,9,0,-1,19,1,5,-1,0,1,0,0,0,0,1,1,-1,2,1,25,5,1560,2,7,PEUGEOT 308,3,E01031473,0,4
2024041481137,2024,041481137,1,9,0,-1,19,2,6,-1,0,8,0,0,0,0,3,1,-1,9,2,33,6,1199,1,1,PEUGEOT 308,6,E01005053,0,3
2024991418653,2024,991418653,4,9,0,-1,2,0,0,-1,0,0,0,0,0,0,3,1,-1,6,-1,-1,-1,1200,1,10,PEUGEOT 308,-1,-1,0,-1
2024461439261,2024,461439261,3,9,0,-1,2,0,0,-1,0,0,0,0,0,0,1,1,-1,6,1,39,7,1560,2,14,PEUGEOT 308,5,E01024207,0,1
2024201498856,2024,201498856,2,9,0,-1,3,6,2,-1,0,0,0,0,0,0,1,1,-1,8,1,28,6,1499,2,1,PEUGEOT 308,-1,-1,0,-1
2024401495451,2024,401495451,1,9,0,-1,19,7,3,-1,0,0,0,0,0,0,1,1,-1,1,1,43,7,1560,2,13,PEUGEOT 308,7,E01018220,0,4
2024320590524,2024,320590524,2,9,0,9,9,6,4,0,0,5,0,0,0,0,3,1,6,6,1,24,5,1560,2,10,PEUGEOT 308,-1,-1,0,-1
2024351545133,2024,351545133,3,9,0,-1,19,7,3,-1,0,0,0,0,0,0,1,1,-1,8,1,25,5,1499,2,1,PEUGEOT 308,-1,-1,0,-1
2024061442250,2024,061442250,1,9,0,-1,19,0,7,-1,0,0,0,0,0,0,4,1,-1,2,1,45,7,1560,2,15,PEUGEOT 308,8,E01019755,0,2
2024430286597,2024,430286597,1,9,0,14,14,-1,-1,0,0,1,0,0,0,0,1,1,1,1,1,28,6,1499,2,1,PEUGEOT 308,6,E01035744,0,1
2024622400829,2024,622400829,2,9,0,18,19,3,7,0,0,0,0,0,0,0,1,1,6,6,2,66,10,1200,1,5,PEUGEOT 308,4,W01001270,0,1
2024201469240,2024,201469240,1,9,0,-1,2,0,0,-1,0,1,0,0,0,0,2,9,-1,7,1,-1,-1,1560,2,16,PEUGEOT 308,-1,-1,0,-1
2024131520919,2024,131520919,2,9,0,-1,4,7,3,-1,0,4,0,0,0,0,0,1,-1,1,1,28,6,1498,2,4,PEUGEOT 308,2,E01011166,0,1
2024361451076,2024,361451076,1,9,0,-1,9,5,3,-1,0,8,0,0,0,0,1,1,-1,6,2,58,9,1560,2,11,PEUGEOT 308,2,E01026634,0,1
2024061432806,2024,061432806,1,9,0,-1,19,2,6,-1,0,1,1,0,0,0,1,1,-1,9,1,57,9,1500,2,5,PEUGEOT 308,6,E01005643,0,1
2024546090524,2024,546090524,3,9,0,4,4,6,2,0,0,0,0,0,0,0,2,1,6,6,1,61,9,1560,2,12,PEUGEOT 308,6,E01032114,0,4
2024622400727,2024,622400727,1,9,0,18,19,2,6,0,0,1,5,10,0,0,1,1,6,6,1,83,11,1560,2,12,PEUGEOT 308,1,W01001081,0,1
2024221471689,2024,221471689,1,9,0,-1,19,1,6,-1,0,0,2,0,2,10,4,1,-1,9,1,27,6,1598,1,11,PEUGEOT 308,10,E01009784,0,4
2024131425996,2024,131425996,1,9,0,-1,19,1,5,-1,0,8,0,0,0,0,4,1,-1,1,1,22,5,1500,2,2,PEUGEOT 308,-1,-1,0,-1
202454C622324,2024,54C622324,2,9,0,18,19,6,2,0,0,0,0,0,1,0,3,1,6,6,2,43,7,1598,1,10,PEUGEOT 308,7,E01024809,0,5
2024501511662,2024,501511662,1,9,0,-1,19,5,1,-1,0,0,1,0,0,0,1,1,-1,1,1,25,5,1199,1,1,PEUGEOT 308,5,E01020328,0,3
2024161488607,2024,161488607,1,9,0,-1,19,4,8,-1,0,0,0,0,0,0,4,1,-1,1,1,31,6,1499,2,1,PEUGEOT 308,1,E01013221,0,1
2024221510455,2024,221510455,3,9,0,-1,2,0,0,-1,0,0,0,0,0,0,1,9,-1,6,1,28,6,1560,2,10,PEUGEOT 308,4,E01028836,0,1
2024371409441,2024,371409441,1,9,0,-1,19,7,3,-1,0,0,0,0,0,0,1,1,-1,6,1,30,6,1560,2,11,PEUGEOT 308,2,E01030023,0,1
2024440022410,2024,440022410,2,9,0,4,4,6,2,0,0,0,0,0,0,0,1,1,6,6,2,22,5,1560,2,10,PEUGEOT 308,10,E01022588,0,1
2024131525246,2024,131525246,4,9,0,-1,19,1,6,-1,0,1,0,0,0,0,0,1,-1,1,1,-1,-1,1500,2,2,PEUGEOT 308,1,E01010807,0,1
2024440344469,2024,440344469,1,9,0,18,19,1,5,0,0,0,0,0,0,0,1,1,6,6,1,43,7,1997,2,9,PEUGEOT 308,4,E01034616,0,4
2024361400597,2024,361400597,2,9,0,-1,13,-1,-1,-1,0,0,0,0,0,0,4,1,-1,9,1,57,9,1560,2,13,PEUGEOT 308,1,E01026808,0,1
2024101489820,2024,101489820,3,9,0,-1,19,6,2,-1,0,0,0,0,4,6,2,1,-1,2,2,41,7,1200,1,4,PEUGEOT 308,8,E01008677,0,2
2024131398217,2024,131398217,2,9,0,-1,19,5,1,-1,0,8,0,0,0,0,0,1,-1,1,1,46,8,1500,2,2,PEUGEOT 308,9,E01011186,0,2
2024361451583,2024,361451583,2,9,0,-1,19,7,3,-1,0,2,0,0,0,0,4,1,-1,6,1,20,4,1200,1,7,PEUGEOT 308,4,E01026468,0,1
2024421437469,2024,421437469,1,9,0,-1,4,7,1,-1,0,4,0,0,0,0,2,9,-1,6,1,84,11,1598,1,15,PEUGEOT 308,5,E01021865,0,1
2024231499099,2024,231499099,1,9,0,-1,7,5,8,-1,0,6,0,0,0,0,1,1,-1,6,2,41,7,1560,2,9,PEUGEOT 308,9,E01032894,0,1
2024421421155,2024,421421155,1,9,0,-1,9,5,3,-1,0,0,0,0,0,0,3,1,-1,2,2,36,7,1200,1,5,PEUGEOT 308,8,E01021582,0,1
2024311505470,2024,311505470,1,9,0,-1,11,5,1,-1,0,0,0,0,0,0,4,1,-1,6,3,-1,-1,1560,2,15,PEUGEOT 308,-1,-1,0,-1
2024010536784,2024,010536784,1,8,0,9,9,6,3,0,0,6,0,0,0,0,3,1,6,6,1,33,6,1560,2,8,PEUGEOT 308,6,E01003459,0,1
2024361535477,2024,361535477,1,9,0,-1,19,7,3,-1,0,0,0,0,0,0,1,1,-1,9,1,37,7,1560,2,8,PEUGEOT 308,9,E01026916,0,1
2024401447198,2024,401447198,1,9,0,-1,19,2,6,-1,0,1,0,10,0,0,1,1,-1,6,1,39,7,1560,2,11,PEUGEOT 308,3,E01015783,0,1
2024070488532,2024,070488532,2,9,0,18,19,6,2,0,0,0,0,0,0,0,3,1,6,6,1,30,6,1560,2,14,PEUGEOT 308,1,E01012445,0,1
2024221457453,2024,221457453,2,9,0,-1,19,3,7,-1,0,1,0,0,0,0,3,1,-1,9,2,63,9,1200,1,8,PEUGEOT 308,6,E01032268,0,1
2024320130881,2024,320130881,1,9,0,13,13,2,6,0,0,0,1,0,1,9,1,1,6,6,1,36,7,1560,2,7,PEUGEOT 308,9,E01034698,0,3
2024041532442,2024,041532442,1,9,0,-1,19,1,5,-1,0,0,0,0,0,0,1,1,-1,6,1,77,11,1560,2,15,PEUGEOT 308,-1,-1,0,-1
2024451425186,2024,451425186,1,9,0,-1,19,3,7,-1,0,0,0,0,0,0,1,1,-1,2,1,28,6,1598,1,17,PEUGEOT 308,9,E01030696,0,1
2024141436260,2024,141436260,1,9,0,-1,19,3,7,-1,0,0,0,0,0,0,3,1,-1,1,2,24,5,1500,2,2,PEUGEOT 308,3,E01007761,0,2
2024501489637,2024,501489637,1,9,0,-1,1,5,1,-1,9,0,0,0,0,0,2,9,-1,6,2,55,8,1560,2,8,PEUGEOT 308,3,E01019069,0,3
2024131521324,2024,131521324,2,9,0,-1,19,7,3,-1,0,8,0,0,0,0,1,1,-1,2,1,28,6,1200,1,6,PEUGEOT 308,1,E01011429,0,1
2024131534905,2024,131534905,4,9,0,-1,19,6,2,-1,0,1,0,0,0,0,0,1,-1,1,1,29,6,1499,2,1,PEUGEOT 308,1,E01011366,0,2
2024061527966,2024,061527966,1,9,0,-1,5,5,1,-1,0,8,0,0,0,0,1,1,-1,1,1,23,5,1199,1,1,PEUGEOT 308,1,E01005484,0,1
2024421478175,2024,421478175,1,9,0,-1,1,1,5,-1,0,0,0,0,0,0,2,1,-1,1,1,27,6,1500,2,3,PEUGEOT 308,1,E01034095,0,1
202460Q176967,2024,60Q176967,2,9,0,18,19,7,3,0,0,0,0,0,0,0,2,1,6,6,1,24,5,1500,2,5,PEUGEOT 308,-1,-1,0,-1
2024501473550,2024,501473550,3,9,0,-1,19,3,7,-1,0,1,0,0,0,0,2,1,-1,9,2,64,9,1598,1,16,PEUGEOT 308,4,E01018881,0,3
2024451513676,2024,451513676,2,9,0,-1,9,3,1,-1,0,8,0,0,0,0,1,1,-1,9,1,27,6,1598,1,13,PEUGEOT 308,10,E01030375,0,1
2024351399280,2024,351399280,3,9,0,-1,19,1,5,-1,0,1,0,9,0,0,1,9,-1,6,1,44,7,1199,1,1,PEUGEOT 308,8,E01015682,0,2
2024070463840,2024,070463840,2,9,0,4,4,5,1,0,0,0,0,0,0,0,3,1,1,1,1,39,7,1498,2,4,PEUGEOT 308,3,E01033302,0,1
2024471529005,2024,471529005,4,9,0,-1,19,3,7,-1,0,0,0,0,0,0,2,1,-1,9,1,39,7,1200,1,5,PEUGEOT 308,8,E01021740,0,5
2024131479953,2024,131479953,1,9,0,-1,19,3,7,-1,0,1,0,0,0,0,4,1,-1,1,2,31,6,1498,2,4,PEUGEOT 308,3,E01007676,0,4
2024501525737,2024,501525737,1,9,0,-1,12,7,3,-1,0,0,0,0,0,0,1,1,-1,9,2,30,6,1560,2,12,PEUGEOT 308,5,E01018839,0,3
2024131427976,2024,131427976,2,9,0,-1,19,3,7,-1,0,1,0,0,0,0,1,1,-1,9,2,31,6,1560,2,10,PEUGEOT 308,3,E01011608,0,1
2024131418136,2024,131418136,1,9,0,-1,19,1,3,-1,0,1,0,0,0,0,4,1,-1,2,1,58,9,1560,2,12,PEUGEOT 308,2,E01010891,0,1
2024141462452,2024,141462452,3,9,0,-1,19,8,4,-1,9,2,1,0,3,0,1,1,-1,1,1,31,6,1500,2,2,PEUGEOT 308,6,E01033264,0,1
2024010498126,2024,010498126,1,9,0,18,19,1,5,0,0,1,0,0,0,0,4,1,1,1,1,30,6,1200,1,2,PEUGEOT 308,-1,-1,0,-1
2024101577291,2024,101577291,1,9,0,-1,5,1,1,-1,0,1,0,0,0,0,1,1,-1,1,2,24,5,1200,1,4,PEUGEOT 308,2,E01008298,0,2
2024231441210,2024,231441210,2,9,0,-1,9,6,4,-1,0,5,0,0,0,0,3,1,-1,2,2,45,7,1200,1,3,PEUGEOT 308,7,E01031260,0,2
2024061395496,2024,061395496,2,9,0,-1,2,0,0,-1,0,0,0,0,0,0,2,1,-1,6,-1,-1,-1,1200,1,9,PEUGEOT 308,-1,-1,0,-1
2024631453429,2024,631453429,1,9,0,-1,19,7,4,-1,0,0,5,0,2,10,1,1,-1,6,1,70,10,1500,2,5,PEUGEOT 308,8,W01000449,0,1
2024231427078,2024,231427078,1,9,0,-1,19,2,6,-1,0,1,0,0,0,0,1,9,-1,6,3,35,6,1560,2,16,PEUGEOT 308,-1,-1,0,-1
2024131438925,2024,131438925,1,9,0,-1,19,1,5,-1,0,3,0,0,0,0,1,1,-1,9,2,27,6,1560,2,10,PEUGEOT 308,7,E01010647,0,2
2024991493913,2024,991493913,1,9,0,-1,7,7,1,-1,0,1,0,0,0,0,3,2,-1,6,2,62,9,1200,1,8,PEUGEOT 308,3,-1,0,2
2024461518008,2024,461518008,1,9,0,-1,19,5,4,-1,0,0,1,0,8,0,3,1,-1,9,1,19,4,1397,1,16,PEUGEOT 308,6,E01024173,0,1
2024531432792,2024,531432792,2,9,0,-1,19,3,7,-1,0,0,0,0,0,0,1,1,-1,9,1,42,7,1560,2,11,PEUGEOT 308,8,E01022246,0,1
2024461441237,2024,461441237,1,9,0,-1,19,1,5,-1,0,0,0,0,0,0,4,1,-1,1,-1,27,6,1500,2,3,PEUGEOT 308,5,E01016130,0,1
2024161403356,2024,161403356,2,9,0,-1,19,8,4,-1,0,8,0,0,0,0,3,1,-1,1,2,42,7,1560,2,8,PEUGEOT 308,4,E01012804,0,1
2024122400278,2024,122400278,1,9,0,13,13,8,4,0,0,1,0,0,7,10,1,1,1,1,1,21,5,1498,2,5,PEUGEOT 308,8,E01011555,0,4
2024991475877,2024,991475877,1,9,0,-1,19,4,8,-1,0,5,0,0,0,0,3,1,-1,6,2,36,7,1560,2,12,PEUGEOT 308,1,-1,0,4
2024520402182,2024,520402182,2,9,0,4,4,4,7,0,0,8,0,0,0,0,2,1,6,6,2,57,9,1560,2,12,PEUGEOT 308,10,E01035123,0,4
2024401450211,2024,401450211,2,9,0,-1,19,2,6,-1,0,8,0,0,0,0,0,1,-1,1,1,24,5,1499,2,1,PEUGEOT 308,-1,-1,0,-1
2024201411028,2024,201411028,2,9,0,-1,7,2,4,-1,0,6,0,0,0,0,3,1,-1,6,1,81,11,1200,1,7,PEUGEOT 308,3,E01009834,0,1
2024440239200,2024,440239200,2,9,0,3,3,5,1,0,0,1,0,0,0,0,2,1,6,6,1,36,7,1560,2,9,PEUGEOT 308,7,E01023078,0,1
2024061460714,2024,061460714,1,9,0,-1,19,5,1,-1,0,0,0,0,0,0,4,9,-1,6,3,20,4,1598,1,16,PEUGEOT 308,-1,-1,0,-1
2024041469987,2024,041469987,4,9,0,-1,19,3,7,-1,0,8,0,0,0,0,0,1,-1,1,2,34,6,1499,2,1,PEUGEOT 308,9,E01025545,0,2
2024430307768,2024,430307768,1,9,0,18,19,2,6,0,0,1,0,0,7,4,1,2,6,6,1,-1,-1,1499,2,1,PEUGEOT 308,-1,-1,0,-1
2024052402082,2024,052402082,1,9,0,18,19,5,1,0,0,8,0,0,0,0,1,1,6,6,1,28,6,1500,2,5,PEUGEOT 308,1,E01033798,0,1
2024471468981,2024,471468981,2,9,0,-1,7,5,7,-1,0,5,0,0,0,0,4,1,-1,6,2,42,7,1500,2,6,PEUGEOT 308,5,E01031806,0,3
2024141518432,2024,141518432,1,9,0,-1,9,1,7,-1,0,1,0,0,0,0,1,9,-1,6,1,84,11,1560,2,15,PEUGEOT 308,10,E01007927,0,1
2024061452679,2024,061452679,2,9,0,-1,19,8,8,-1,0,0,0,0,0,0,1,1,-1,8,1,28,6,1200,1,5,PEUGEOT 308,-1,-1,0,-1
2024361455148,2024,361455148,2,9,0,-1,19,8,4,-1,0,0,0,0,0,0,0,1,-1,1,1,33,6,1499,2,1,PEUGEOT 308,-1,-1,0,-1
2024161427001,2024,161427001,1,9,0,-1,10,1,3,-1,0,2,0,0,0,0,1,1,-1,1,-1,34,6,1560,2,16,PEUGEOT 308,1,E01035466,0,1
2024101396161,2024,101396161,3,9,0,-1,4,7,3,-1,0,1,0,0,0,0,3,1,-1,6,1,54,8,1560,2,10,PEUGEOT 308,2,E01008341,0,1
2024461525727,2024,461525727,1,9,0,-1,5,1,2,-1,0,2,0,0,0,0,1,1,-1,1,2,23,5,1500,2,3,PEUGEOT 308,5,E01035292,0,1
2024461398568,2024,461398568,1,9,0,-1,19,1,5,-1,0,0,0,0,0,0,1,9,-1,6,1,57,9,1560,2,16,PEUGEOT 308,8,E01024351,0,1
2024211396109,2024,211396109,1,9,0,-1,1,7,3,-1,0,0,0,0,0,0,2,1,-1,1,1,22,5,1500,2,3,PEUGEOT 308,5,E01029627,0,2
2024161506923,2024,161506923,2,9,0,-1,2,0,0,-1,0,2,0,0,0,0,4,9,-1,6,-1,-1,-1,1560,2,7,PEUGEOT 308,-1,-1,0,-1
2024041496588,2024,041496588,1,9,0,-1,19,5,1,-1,0,0,0,0,0,0,1,1,-1,9,1,57,9,1997,2,7,PEUGEOT 308,3,E01025262,0,2
202417M106624,2024,17M106624,2,9,0,-1,9,6,4,-1,0,8,0,0,0,0,1,1,-1,1,1,-1,-1,1500,2,2,PEUGEOT 308,-1,-1,0,-1
2024161498780,2024,161498780,5,9,0,-1,19,4,8,-1,0,0,0,0,0,0,0,1,-1,1,2,-1,-1,1500,2,2,PEUGEOT 308,1,E01013221,0,2
2024430286597,2024,430286597,2,9,0,4,4,-1,-1,0,0,1,0,0,0,0,2,1,1,1,1,24,5,1499,2,1,PEUGEOT 308,6,E01035744,0,1
2024201531583,2024,201531583,1,9,0,-1,19,2,6,-1,0,0,1,0,0,0,2,1,-1,6,2,40,7,1560,2,9,PEUGEOT 308,6,E01009207,0,1
2024991427942,2024,991427942,1,9,0,-1,19,1,5,-1,0,1,0,0,0,0,1,1,-1,1,1,35,6,1499,2,1,PEUGEOT 308,-1,-1,0,-1
2024430555215,2024,430555215,2,9,0,18,19,1,5,0,0,0,0,0,0,0,4,1,6,6,1,23,5,1560,2,10,PEUGEOT 308,8,E01028547,0,1
2024531530265,2024,531530265,2,9,0,-1,6,5,1,-1,0,0,0,0,0,0,3,1,-1,1,1,29,6,1500,2,3,PEUGEOT 308,10,E01034328,0,4
2024052401141,2024,052401141,1,9,0,18,19,5,1,0,0,1,0,0,0,0,1,1,6,6,1,46,8,1560,2,9,PEUGEOT 308,5,E01006268,0,2
2024041490761,2024,041490761,2,9,0,-1,3,3,7,-1,0,0,0,0,0,0,2,1,-1,1,1,39,7,1560,2,12,PEUGEOT 308,6,E01025555,0,3
2024991416218,2024,991416218,1,9,0,-1,9,3,1,-1,0,8,0,0,0,0,1,1,-1,1,1,31,6,1499,2,1,PEUGEOT 308,2,-1,0,1
2024010538472,2024,010538472,1,9,0,9,9,2,7,0,0,5,0,0,0,0,1,1,6,6,2,50,8,1200,1,8,PEUGEOT 308,5,E01001157,0,1
2024411401612,2024,411401612,1,9,0,-1,19,1,5,-1,0,0,0,0,0,0,0,1,-1,1,1,33,6,1500,2,3,PEUGEOT 308,-1,-1,0,-1
2024101423189,2024,101423189,1,9,0,-1,19,5,1,-1,0,0,0,0,0,0,1,1,-1,9,1,28,6,1200,1,8,PEUGEOT 308,2,E01027395,0,1
2024610023924,2024,610023924,1,9,0,9,9,8,5,0,0,8,0,0,0,0,4,1,6,6,1,58,9,1560,2,15,PEUGEOT 308,3,W01001388,0,2
2024351468712,2024,351468712,1,9,0,-1,4,5,1,-1,-1,2,0,0,0,0,2,1,-1,1,1,32,6,1499,2,1,PEUGEOT 308,-1,-1,0,-1
2024231407232,2024,231407232,1,9,0,-1,19,8,4,-1,0,0,1,0,0,0,1,9,-1,2,2,19,4,1397,1,15,PEUGEOT 308,5,E01031009,0,1
2024340WN0792,2024,340WN0792,1,9,0,-1,19,5,1,-1,0,4,0,0,0,0,1,1,-1,6,1,30,6,1560,2,12,PEUGEOT 308,2,E01027226,0,1
2024421508624,2024,421508624,3,9,0,-1,19,7,3,-1,0,4,0,0,0,0,0,1,-1,1,1,28,6,1500,2,3,PEUGEOT 308,5,E01033459,0,1
2024111481384,2024,111481384,2,8,0,-1,5,1,6,-1,0,0,0,0,0,0,2,1,-1,1,1,41,7,1560,2,7,PEUGEOT 308,9,E01020666,0,3
2024610055024,2024,610055024,2,9,0,18,19,4,8,0,0,2,0,0,0,0,1,1,6,6,1,-1,-1,1397,1,11,PEUGEOT 308,4,W01001650,0,2
2024461458930,2024,461458930,2,9,0,-1,4,7,3,-1,0,0,0,0,0,0,2,1,-1,1,1,47,8,1500,2,2,PEUGEOT 308,5,E01035292,0,1
2024361494118,2024,361494118,1,9,0,-1,9,-1,-1,-1,0,1,0,0,0,0,3,1,-1,6,2,47,8,1598,1,12,PEUGEOT 308,-1,-1,0,-1
2024430478369,2024,430478369,1,9,0,4,4,4,8,0,0,1,0,0,0,0,3,1,1,1,1,-1,-1,1499,2,1,PEUGEOT 308,-1,-1,0,-1
2024201472882,2024,201472882,2,9,0,-1,19,8,5,-1,0,0,0,0,0,0,0,9,-1,6,1,26,6,1500,2,3,PEUGEOT 308,1,E01009746,0,1
2024161399927,2024,161399927,2,9,0,-1,7,3,5,-1,0,8,0,0,0,0,4,9,-1,6,1,37,7,1560,2,13,PEUGEOT 308,-1,-1,0,-1
2024320036075,2024,320036075,1,9,0,7,7,5,7,0,0,5,0,0,0,0,4,1,-1,-1,1,41,7,1560,2,9,PEUGEOT 308,9,E01034697,0,1
2024221432511,2024,221432511,1,9,0,-1,9,5,8,-1,0,6,0,0,0,0,1,9,-1,6,2,35,6,1200,1,6,PEUGEOT 308,4,E01014192,0,1
2024131400088,2024,131400088,1,9,0,-1,19,2,2,-1,0,8,1,0,0,0,1,1,-1,1,1,34,6,1560,2,6,PEUGEOT 308,3,E01011229,0,1
2024622400082,2024,622400082,3,9,0,3,3,4,8,0,0,0,0,0,0,0,2,1,6,6,1,30,6,1560,2,10,PEUGEOT 308,4,W01001249,0,1
2024131506280,2024,131506280,3,9,0,-1,19,1,5,-1,0,6,0,0,0,0,0,1,-1,1,1,35,6,1498,2,3,PEUGEOT 308,7,E01010876,0,3
2024161415457,2024,161415457,5,9,0,-1,2,0,0,-1,0,0,0,0,0,0,2,1,-1,6,-1,-1,-1,1200,1,6,PEUGEOT 308,-1,-1,0,-1
2024052402167,2024,052402167,1,9,0,18,19,6,2,0,0,0,0,0,0,0,3,1,2,2,1,23,5,1199,1,0,PEUGEOT 308,9,E01007034,0,1
2024471396439,2024,471396439,2,9,0,-1,19,5,1,-1,0,1,0,0,0,0,2,1,-1,6,1,54,8,1560,2,10,PEUGEOT 308,6,E01016887,0,1
2024430185936,2024,430185936,1,9,0,3,3,8,4,0,0,1,0,0,0,0,2,1,2,2,1,34,6,1200,1,6,PEUGEOT 308,10,E01016235,0,1
2024010514458,2024,010514458,2,9,0,99,99,9,9,99,99,9,9,99,9,99,9,9,6,6,2,32,6,1200,1,5,PEUGEOT 308,6,E01001923,0,1
2024061534356,2024,061534356,1,9,0,-1,19,-1,-1,-1,0,2,0,0,0,0,4,1,-1,6,1,77,11,1560,2,8,PEUGEOT 308,6,E01006227,0,3
2024991455443,2024,991455443,1,9,0,-1,4,4,6,-1,0,1,0,0,0,0,1,1,-1,2,1,59,9,1997,2,8,PEUGEOT 308,8,-1,0,1
2024440104068,2024,440104068,1,9,0,18,19,4,8,0,0,8,0,10,1,1,1,1,6,6,1,46,8,1997,2,6,PEUGEOT 308,9,E01034709,0,2
2024141462452,2024,141462452,2,9,0,-1,19,6,2,-1,0,1,0,0,0,0,1,1,-1,6,1,37,7,1598,1,16,PEUGEOT 308,4,E01008073,0,1
2024201479780,2024,201479780,1,9,0,-1,19,2,6,-1,0,1,0,0,0,0,0,9,-1,6,1,31,6,1499,2,1,PEUGEOT 308,1,E01009746,0,1
2024131534789,2024,131534789,2,9,0,-1,19,3,7,-1,0,1,0,0,0,0,0,1,-1,1,1,25,5,1500,2,2,PEUGEOT 308,1,E01011130,0,1
2024061445877,2024,061445877,1,9,0,-1,7,5,7,-1,0,0,0,0,0,0,1,9,-1,6,3,-1,-1,1598,1,14,PEUGEOT 308,-1,-1,0,-1
2024131417889,2024,131417889,1,9,0,-1,19,5,2,-1,0,1,0,0,0,0,4,1,-1,1,2,32,6,1499,2,1,PEUGEOT 308,1,E01011366,0,1
2024461517464,2024,461517464,1,9,0,-1,13,4,8,-1,0,0,0,0,0,0,1,1,-1,6,1,38,7,1560,2,15,PEUGEOT 308,6,E01024589,0,1
2024531529442,2024,531529442,2,9,0,-1,19,7,3,-1,0,1,0,0,0,0,1,1,-1,6,1,64,9,1560,2,12,PEUGEOT 308,8,E01022275,0,1