collision_index,collision_year,collision_ref_no,vehicle_reference,vehicle_type,towing_and_articulation,vehicle_manoeuvre_historic,vehicle_manoeuvre,vehicle_direction_from,vehicle_direction_to,vehicle_location_restricted_lane_historic,vehicle_location_restricted_lane,junction_location,skidding_and_overturning,hit_object_in_carriageway,vehicle_leaving_carriageway,hit_object_off_carriageway,first_point_of_impact,vehicle_left_hand_drive,journey_purpose_of_driver_historic,journey_purpose_of_driver,sex_of_driver,age_of_driver,age_band_of_driver,engine_capacity_cc,propulsion_code,age_of_vehicle,generic_make_model,driver_imd_decile,lsoa_of_driver,escooter_flag,driver_distance_banding
2024430253203,2024,430253203,1,9,0,18,19,3,7,0,0,0,0,11,0,6,1,1,1,1,1,28,6,1499,2,1,PEUGEOT 308,7,E01016348,0,3
2024461398578,2024,461398578,2,9,0,-1,19,4,8,-1,0,6,0,0,0,0,3,1,-1,9,1,49,8,1598,1,13,PEUGEOT 308,6,E01033239,0,5
2024031459060,2024,031459060,1,9,0,-1,19,5,1,-1,0,0,0,0,0,0,1,1,-1,9,1,49,8,1560,2,8,PEUGEOT 308,2,-1,0,5
2024501475361,2024,501475361,3,9,0,-1,2,0,0,-1,0,0,0,0,0,0,1,1,-1,6,-1,-1,-1,1560,2,9,PEUGEOT 308,-1,-1,0,-1
2024501477041,2024,501477041,1,9,0,-1,4,3,7,-1,0,1,0,0,0,0,4,1,-1,6,2,45,7,1560,2,13,PEUGEOT 308,5,E01018885,0,1
2024141441418,2024,141441418,2,9,0,-1,6,5,1,-1,0,1,0,0,0,0,0,1,-1,1,1,-1,-1,1498,2,3,PEUGEOT 308,3,E01007346,0,1
2024430205895,2024,430205895,1,9,0,18,19,5,1,0,0,8,0,0,0,0,4,1,1,1,1,24,5,1499,2,1,PEUGEOT 308,-1,-1,0,-1
2024991439800,2024,991439800,2,9,0,-1,10,1,7,-1,0,1,0,0,1,11,3,1,-1,1,1,34,6,1499,2,1,PEUGEOT 308,4,-1,0,1
2024231530620,2024,231530620,2,9,0,-1,9,3,1,-1,0,6,0,0,0,0,1,1,-1,6,1,62,9,1560,2,10,PEUGEOT 308,5,E01031168,0,1
2024461396123,2024,461396123,1,9,0,-1,19,3,7,-1,0,1,0,0,0,0,0,1,-1,8,1,43,7,1500,2,2,PEUGEOT 308,10,E01024823,0,4
2024471510069,2024,471510069,1,9,0,-1,5,7,3,-1,0,2,0,0,0,0,2,1,-1,9,2,71,10,1200,1,9,PEUGEOT 308,1,E01031429,0,1
2024141430616,2024,141430616,2,9,0,-1,5,7,1,-1,0,6,0,0,0,0,3,1,-1,9,2,53,8,1560,2,16,PEUGEOT 308,3,E01007591,0,1
2024221454870,2024,221454870,2,9,0,-1,19,6,2,-1,0,0,0,0,0,0,1,9,-1,7,1,76,11,1560,2,13,PEUGEOT 308,2,E01032368,0,2
2024111448623,2024,111448623,3,9,0,-1,19,7,3,-1,0,0,0,0,0,0,0,1,-1,1,1,30,6,1499,2,1,PEUGEOT 308,-1,-1,0,-1
2024622400151,2024,622400151,2,9,0,3,3,4,8,0,0,1,0,0,0,0,2,1,4,7,1,35,6,1560,2,16,PEUGEOT 308,8,W01001959,0,1
202460Q022130,2024,60Q022130,1,9,0,16,19,1,5,0,0,0,1,0,0,0,1,1,2,2,1,54,8,1997,2,16,PEUGEOT 308,-1,-1,0,-1
2024552500006,2024,552500006,2,9,0,18,19,8,4,0,0,8,0,0,0,0,1,1,6,6,2,38,7,1560,2,11,PEUGEOT 308,6,E01015355,0,1
2024201521576,2024,201521576,1,9,0,-1,19,5,1,-1,0,0,0,0,0,0,3,9,-1,9,1,-1,-1,1499,2,1,PEUGEOT 308,-1,-1,0,-1
2024631467146,2024,631467146,1,9,0,-1,9,5,2,-1,0,5,0,0,0,0,4,1,-1,9,1,25,5,1199,1,1,PEUGEOT 308,-1,-1,0,-1
2024320455280,2024,320455280,3,9,0,-1,-1,8,4,0,0,0,0,0,0,0,0,1,-1,-1,1,45,7,1499,2,0,PEUGEOT 308,-1,-1,0,-1
2024471468319,2024,471468319,3,9,0,-1,2,0,0,-1,0,0,0,0,0,0,2,1,-1,6,-1,-1,-1,1560,2,16,PEUGEOT 308,-1,-1,0,-1
2024461488514,2024,461488514,1,9,0,-1,19,5,2,-1,0,0,1,0,1,6,1,1,-1,1,1,32,6,1500,2,2,PEUGEOT 308,1,E01035316,0,4
2024501486605,2024,501486605,2,9,0,-1,19,2,6,-1,0,0,0,0,0,0,3,1,-1,9,1,45,7,1199,1,1,PEUGEOT 308,1,E01015261,0,2
2024111465662,2024,111465662,2,9,0,-1,19,7,3,-1,0,0,0,0,0,0,2,1,-1,6,2,56,9,1560,2,12,PEUGEOT 308,10,E01012347,0,1
2024430445976,2024,430445976,2,9,0,18,19,4,8,0,0,0,2,0,0,0,1,1,6,6,2,67,10,1199,1,2,PEUGEOT 308,10,E01016194,0,1
2024531422254,2024,531422254,1,9,0,-1,5,3,7,-1,0,1,0,0,0,0,1,1,-1,9,2,44,7,1200,1,7,PEUGEOT 308,8,E01022356,0,4
2024010543924,2024,010543924,2,9,0,18,19,7,3,0,0,1,0,0,0,0,4,1,6,6,1,35,6,1200,1,9,PEUGEOT 308,4,E01015993,0,3
2024461438929,2024,461438929,2,9,0,-1,19,1,2,-1,0,8,0,0,0,0,1,1,-1,2,2,22,5,1500,2,6,PEUGEOT 308,8,E01016101,0,1
202460Q055540,2024,60Q055540,1,9,0,18,19,7,3,0,0,0,0,0,0,0,4,1,6,6,1,34,6,1500,2,4,PEUGEOT 308,-1,-1,0,-1
2024070364625,2024,070364625,1,9,0,9,9,3,1,0,0,2,0,0,0,0,4,1,6,6,1,46,8,1997,2,9,PEUGEOT 308,-1,-1,0,-1
2024010542271,2024,010542271,2,9,0,99,99,9,9,99,99,9,9,99,9,99,1,9,6,6,3,-1,-1,1397,1,16,PEUGEOT 308,-1,-1,0,-1
2024461479136,2024,461479136,1,9,0,-1,19,5,1,-1,0,0,0,0,0,0,1,9,-1,6,1,86,11,1560,2,11,PEUGEOT 308,8,E01024762,0,3
2024061475779,2024,061475779,4,9,0,-1,19,4,8,-1,0,8,0,0,0,0,0,1,-1,1,1,23,5,1200,1,3,PEUGEOT 308,-1,-1,0,-1
2024991460632,2024,991460632,1,9,0,-1,3,5,8,-1,5,1,0,0,0,0,1,1,-1,1,1,23,5,1500,2,3,PEUGEOT 308,6,-1,0,1
2024440407121,2024,440407121,2,9,0,2,2,0,0,0,0,0,0,0,0,0,2,1,6,6,3,-1,-1,1598,1,16,PEUGEOT 308,-1,-1,0,-1
2024201491532,2024,201491532,1,9,0,-1,19,7,3,-1,0,8,0,0,0,0,4,1,-1,1,1,34,6,1499,2,1,PEUGEOT 308,5,E01010354,0,3
2024501454459,2024,501454459,1,9,0,-1,19,4,1,-1,0,0,0,0,0,0,1,1,-1,1,2,48,8,1199,1,1,PEUGEOT 308,5,E01018757,0,1
2024461406246,2024,461406246,1,9,0,-1,19,3,7,-1,0,0,0,0,1,11,1,1,-1,6,1,54,8,1560,2,12,PEUGEOT 308,3,E01024620,0,2
2024320198696,2024,320198696,1,9,0,-1,-1,4,8,0,0,2,0,0,0,0,1,1,-1,-1,2,55,8,1560,2,11,PEUGEOT 308,10,E01034703,0,2
2024501514308,2024,501514308,2,9,0,-1,19,5,1,-1,0,8,1,0,0,0,3,1,-1,9,2,48,8,1560,2,15,PEUGEOT 308,3,E01015167,0,1
2024010545162,2024,010545162,3,9,0,18,19,5,1,0,0,1,0,0,0,0,1,1,6,6,1,40,7,1397,1,12,PEUGEOT 308,9,E01021285,0,4
2024221470023,2024,221470023,1,9,0,-1,19,4,8,-1,0,8,0,0,0,0,1,1,-1,6,2,35,6,1560,2,15,PEUGEOT 308,7,E01014137,0,1
2024052401885,2024,052401885,1,9,0,18,19,8,4,0,0,8,2,0,7,11,1,1,1,1,2,-1,-1,1560,2,6,PEUGEOT 308,-1,-1,0,-1
2024141455961,2024,141455961,1,9,0,-1,19,5,1,-1,0,0,1,0,0,0,1,1,-1,1,1,41,7,1560,2,11,PEUGEOT 308,2,E01007514,0,2
2024131461094,2024,131461094,3,9,0,-1,19,3,5,-1,0,1,0,0,0,0,0,1,-1,6,-1,-1,-1,1500,2,3,PEUGEOT 308,-1,-1,0,-1
2024131422272,2024,131422272,1,9,0,-1,4,1,1,-1,0,1,0,0,0,0,2,2,-1,9,1,59,9,1560,2,13,PEUGEOT 308,1,E01011025,0,1
2024421405543,2024,421405543,1,9,0,-1,9,7,5,-1,0,8,0,0,0,0,1,1,-1,2,1,57,9,1598,8,2,PEUGEOT 308,4,E01021956,0,4
2024010524709,2024,010524709,2,9,0,18,19,1,5,0,0,0,0,0,0,0,3,1,6,6,1,48,8,1200,1,8,PEUGEOT 308,4,E01004453,0,3
2024411473339,2024,411473339,2,9,0,-1,4,5,2,-1,0,0,0,0,0,0,0,1,-1,1,2,23,5,1500,2,3,PEUGEOT 308,-1,-1,0,-1
2024131524144,2024,131524144,4,9,0,-1,19,3,7,-1,0,8,0,0,0,0,0,1,-1,6,3,-1,-1,1498,2,3,PEUGEOT 308,-1,-1,0,-1
2024351548372,2024,351548372,1,9,0,-1,4,2,6,-1,0,4,1,9,0,0,3,1,-1,1,1,42,7,1499,2,0,PEUGEOT 308,-1,-1,0,-1
2024211450627,2024,211450627,2,9,0,-1,19,8,4,-1,0,1,0,0,0,0,2,1,-1,6,2,27,6,1560,2,9,PEUGEOT 308,8,E01014326,0,1
2024991517335,2024,991517335,1,9,0,-1,19,8,3,-1,0,3,0,7,7,7,1,1,-1,1,1,21,5,1500,2,3,PEUGEOT 308,4,-1,0,1
2024131520282,2024,131520282,1,9,0,-1,19,5,1,-1,0,1,5,4,0,0,1,1,-1,6,2,60,9,1560,2,14,PEUGEOT 308,2,E01011424,0,1
2024421498861,2024,421498861,4,9,0,-1,19,1,5,-1,0,0,0,0,0,0,0,2,-1,1,1,56,9,1500,2,2,PEUGEOT 308,10,E01021364,0,3
2024201482862,2024,201482862,1,9,0,-1,19,7,3,-1,0,0,0,0,0,0,1,1,-1,6,1,-1,-1,1560,2,7,PEUGEOT 308,-1,-1,0,-1
2024201522051,2024,201522051,2,9,0,-1,14,7,3,-1,0,0,0,0,0,0,4,9,-1,1,1,32,6,1500,2,4,PEUGEOT 308,-1,-1,0,-1
2024031455484,2024,031455484,2,9,0,-1,19,5,1,-1,0,2,0,0,0,0,3,1,-1,9,2,25,5,1500,2,3,PEUGEOT 308,4,E01019128,0,4
2024141412170,2024,141412170,2,9,0,-1,19,4,8,-1,0,0,0,0,0,0,1,1,-1,9,1,43,7,1560,2,14,PEUGEOT 308,4,E01007444,0,1
2024141432414,2024,141432414,1,9,0,-1,13,1,5,-1,0,1,0,0,7,2,1,2,-1,1,1,28,6,1499,2,1,PEUGEOT 308,4,E01007746,0,2
2024201532611,2024,201532611,1,9,0,-1,4,4,8,-1,0,8,0,0,0,0,1,1,-1,1,2,29,6,1499,2,1,PEUGEOT 308,3,E01031064,0,2
2024211484408,2024,211484408,1,9,0,-1,7,5,1,-1,0,0,1,0,1,0,1,1,-1,9,1,28,6,1560,2,16,PEUGEOT 308,-1,-1,0,-1
2024041480478,2024,041480478,4,9,0,-1,2,0,0,-1,0,2,0,0,0,0,2,1,-1,6,-1,-1,-1,1397,1,15,PEUGEOT 308,-1,-1,0,-1
2024430279575,2024,430279575,1,9,0,5,5,6,2,0,0,1,0,0,0,0,1,1,6,6,1,40,7,1499,2,1,PEUGEOT 308,6,E01028717,0,1
2024991449661,2024,991449661,2,9,0,-1,19,6,1,-1,0,4,0,0,0,0,2,1,-1,9,1,39,7,1500,2,5,PEUGEOT 308,-1,-1,0,-1
2024361430833,2024,361430833,1,9,0,-1,19,3,7,-1,0,0,0,0,0,0,1,1,-1,6,1,80,11,1560,2,14,PEUGEOT 308,5,E01026729,0,1
2024201442137,2024,201442137,2,9,0,-1,19,8,4,-1,0,2,0,0,0,0,2,1,-1,1,1,45,7,1499,2,1,PEUGEOT 308,4,E01034744,0,1
2024061449400,2024,061449400,1,9,0,-1,6,1,5,-1,0,0,0,0,0,0,3,1,-1,1,2,30,6,1200,1,6,PEUGEOT 308,1,E01005638,0,3
2024141448113,2024,141448113,2,9,0,-1,13,1,5,-1,0,1,0,0,0,0,1,9,-1,1,1,29,6,1500,2,2,PEUGEOT 308,3,E01007761,0,1
2024371547359,2024,371547359,1,9,0,-1,19,7,4,-1,0,1,0,0,0,0,4,1,-1,1,1,27,6,1499,2,1,PEUGEOT 308,2,E01030031,0,1
2024201517435,2024,201517435,2,9,0,-1,13,3,7,-1,0,1,0,0,0,0,1,1,-1,8,1,40,7,1499,2,1,PEUGEOT 308,9,E01010192,0,2
2024411517717,2024,411517717,2,9,0,-1,2,0,0,-1,9,0,0,0,0,0,1,1,-1,1,1,27,6,1500,2,2,PEUGEOT 308,-1,-1,0,-1
2024421493509,2024,421493509,2,9,0,-1,19,5,1,-1,0,0,5,0,0,0,1,1,-1,2,1,28,6,1199,1,1,PEUGEOT 308,6,E01021903,0,1
2024501400123,2024,501400123,2,9,0,-1,2,1,4,-1,0,0,0,0,1,0,2,1,-1,1,2,37,7,1200,1,9,PEUGEOT 308,5,E01020122,0,2
2024131444008,2024,131444008,2,9,0,-1,3,1,5,-1,0,1,0,0,0,0,2,1,-1,9,1,32,6,1200,1,7,PEUGEOT 308,2,E01011002,0,3
2024101533285,2024,101533285,1,9,0,-1,7,2,4,-1,0,8,0,0,0,0,1,1,-1,6,2,61,9,1598,1,12,PEUGEOT 308,4,E01008711,0,1
2024131401796,2024,131401796,1,9,0,-1,13,5,1,-1,0,8,2,0,0,0,1,1,-1,6,2,73,10,1560,2,9,PEUGEOT 308,9,E01011698,0,2
202460Q185322,2024,60Q185322,2,9,0,9,9,1,5,0,0,5,0,0,0,0,1,1,6,6,1,49,8,1560,2,14,PEUGEOT 308,-1,-1,0,-1
2024471445447,2024,471445447,2,9,0,-1,19,7,3,-1,0,0,0,0,0,0,1,9,-1,6,1,76,11,1200,1,6,PEUGEOT 308,7,E01031379,0,1
2024302400968,2024,302400968,2,9,0,17,19,1,4,0,0,8,0,0,0,0,4,1,6,6,1,48,8,1560,2,12,PEUGEOT 308,8,E01019685,0,1
2024991436683,2024,991436683,1,9,0,-1,19,5,1,-1,0,1,1,0,7,0,1,1,-1,1,1,32,6,1499,2,1,PEUGEOT 308,4,-1,0,1
2024211526795,2024,211526795,1,9,0,-1,15,2,4,-1,0,1,0,0,0,0,1,1,-1,9,1,70,10,1560,2,8,PEUGEOT 308,-1,-1,0,-1
2024991439441,2024,991439441,2,9,0,-1,19,3,7,-1,0,8,0,0,0,0,4,1,-1,6,2,31,6,1199,1,1,PEUGEOT 308,1,-1,0,4
2024141489046,2024,141489046,2,9,0,-1,19,2,6,-1,0,0,0,0,0,0,0,1,-1,1,2,27,6,1500,2,2,PEUGEOT 308,1,E01007904,0,2
2024010516137,2024,010516137,1,9,0,3,3,7,3,0,0,8,0,0,0,0,0,1,6,6,1,52,8,1200,1,6,PEUGEOT 308,6,E01002968,0,1
2024010541570,2024,010541570,1,9,0,7,7,5,7,0,0,1,0,0,0,0,2,1,1,1,1,22,5,1200,1,6,PEUGEOT 308,2,E01003047,0,1
2024031444145,2024,031444145,1,9,0,-1,9,5,3,-1,0,1,1,0,1,0,1,1,-1,9,2,18,4,1200,1,11,PEUGEOT 308,-1,-1,0,-1
2024010498778,2024,010498778,3,9,0,9,9,1,6,0,0,1,0,0,1,0,1,1,6,6,1,44,7,1598,1,16,PEUGEOT 308,3,E01003182,0,2
2024622400878,2024,622400878,1,9,0,9,9,6,4,0,0,8,0,0,0,0,4,1,6,6,2,25,5,1200,1,5,PEUGEOT 308,10,W01001089,0,3
2024461475951,2024,461475951,1,9,0,-1,5,5,1,-1,9,0,0,0,0,0,2,1,-1,6,2,26,6,1498,2,5,PEUGEOT 308,3,E01035285,0,1
2024061486859,2024,061486859,1,9,0,-1,4,5,1,-1,0,1,0,0,0,0,1,1,-1,1,1,39,7,1200,1,4,PEUGEOT 308,-1,-1,0,-1
2024311533306,2024,311533306,1,9,0,-1,3,7,3,-1,0,0,0,0,0,0,2,1,-1,9,2,46,8,1560,2,11,PEUGEOT 308,6,E01028298,0,1
2024231491853,2024,231491853,1,9,0,-1,19,6,2,-1,0,0,0,0,0,0,3,1,-1,1,1,31,6,1500,2,3,PEUGEOT 308,5,E01031312,0,4
2024991449087,2024,991449087,2,9,0,-1,2,0,0,-1,0,0,0,0,0,0,2,1,-1,6,-1,-1,-1,1560,2,10,PEUGEOT 308,-1,-1,0,-1
2024546491224,2024,546491224,2,9,0,18,19,6,2,0,0,0,0,0,0,0,1,1,6,6,1,44,7,1560,2,10,PEUGEOT 308,10,E01032870,0,3
202460Q144515,2024,60Q144515,2,9,0,2,2,0,0,0,0,0,0,0,0,0,2,1,6,6,2,33,6,1500,2,5,PEUGEOT 308,-1,-1,0,-1
2024052402373,2024,052402373,1,9,0,18,19,1,5,0,0,1,0,0,0,0,4,1,6,6,1,-1,-1,1500,2,4,PEUGEOT 308,-1,-1,0,-1
2024461428383,2024,461428383,2,9,0,-1,19,4,4,-1,0,0,0,7,0,0,2,1,-1,6,2,32,6,1997,2,9,PEUGEOT 308,7,E01016087,0,1
2024201494095,2024,201494095,2,9,0,-1,19,8,5,-1,0,0,0,0,0,0,0,1,-1,9,1,33,6,1499,2,1,PEUGEOT 308,1,E01010292,0,1
2024430121223,2024,430121223,1,9,0,13,13,1,5,0,0,8,0,0,0,0,1,1,1,1,1,36,7,1499,2,1,PEUGEOT 308,10,E01016648,0,2
202460Q154297,2024,60Q154297,2,9,0,5,5,3,7,0,0,8,0,0,0,0,1,1,6,6,1,74,10,1200,1,5,PEUGEOT 308,-1,-1,0,-1
202460Q176967,2024,60Q176967,1,9,0,18,19,7,3,0,0,0,0,0,0,0,2,1,6,6,1,27,6,1499,2,1,PEUGEOT 308,-1,-1,0,-1
2024501486605,2024,501486605,3,9,0,-1,19,2,6,-1,0,0,0,0,0,0,2,1,-1,9,1,25,5,1199,1,0,PEUGEOT 308,1,E01015261,0,2
2024201512744,2024,201512744,2,9,0,-1,19,5,1,-1,0,0,0,0,0,0,2,1,-1,6,1,28,6,1499,2,1,PEUGEOT 308,-1,-1,0,-1
2024548789324,2024,548789324,1,9,0,9,9,5,3,0,0,1,0,4,0,0,1,1,6,6,2,86,11,1200,1,5,PEUGEOT 308,8,E01034535,0,1
2024061471620,2024,061471620,2,9,0,-1,9,1,7,-1,0,0,0,0,0,0,4,1,-1,6,1,-1,-1,1560,2,15,PEUGEOT 308,-1,-1,0,-1
2024031478547,2024,031478547,1,9,0,-1,19,1,5,-1,9,0,0,0,0,0,1,1,-1,9,1,84,11,1560,2,12,PEUGEOT 308,6,E01019335,0,2
2024351445855,2024,351445855,2,9,0,-1,19,4,7,-1,0,3,0,0,0,0,1,1,-1,1,2,36,7,1500,2,3,PEUGEOT 308,8,E01015689,0,1
2024010501327,2024,010501327,2,9,0,99,99,9,9,99,99,6,9,99,9,99,9,9,6,6,3,-1,-1,1598,1,13,PEUGEOT 308,-1,-1,0,-1
2024552401087,2024,552401087,3,8,0,18,19,8,4,0,0,0,0,0,0,0,1,1,2,2,1,40,7,1200,1,5,PEUGEOT 308,6,E01029178,0,4
2024131447273,2024,131447273,3,9,0,-1,4,5,1,-1,0,1,0,0,0,0,1,1,-1,6,-1,-1,-1,1498,2,3,PEUGEOT 308,-1,-1,0,-1
2024231398428,2024,231398428,2,9,0,-1,2,0,0,-1,0,1,0,0,1,0,2,9,-1,2,1,63,9,1598,1,13,PEUGEOT 308,4,E01009625,0,1
2024061462835,2024,061462835,2,9,0,-1,19,1,5,-1,0,0,0,0,0,0,1,1,-1,1,1,29,6,1200,1,3,PEUGEOT 308,-1,-1,0,-1
2024070746045,2024,070746045,1,9,0,-1,13,4,8,-1,0,1,5,0,7,10,1,1,-1,8,1,18,4,1498,2,3,PEUGEOT 308,4,E01018437,0,1
2024010498631,2024,010498631,3,9,0,18,19,5,1,0,0,6,0,0,0,0,0,1,1,1,2,30,6,1200,1,3,PEUGEOT 308,5,E01001677,0,1
2024231459463,2024,231459463,1,9,0,-1,1,2,6,-1,0,0,0,0,0,0,1,1,-1,9,1,85,11,1598,8,2,PEUGEOT 308,8,E01031285,0,1
2024471456395,2024,471456395,2,9,0,-1,19,2,6,-1,0,0,1,0,0,0,1,1,-1,9,1,22,5,1200,1,10,PEUGEOT 308,10,E01031695,0,3
2024411455211,2024,411455211,3,9,0,-1,19,5,1,-1,0,0,0,0,0,0,0,1,-1,1,1,-1,-1,1499,2,1,PEUGEOT 308,-1,-1,0,-1
2024371512593,2024,371512593,2,9,0,-1,19,7,3,-1,0,8,0,0,0,0,3,1,-1,1,1,42,7,1500,2,3,PEUGEOT 308,2,E01033125,0,1
2024221529574,2024,221529574,1,9,0,-1,5,7,3,-1,0,1,0,0,0,0,1,1,-1,6,1,75,10,1560,2,15,PEUGEOT 308,6,E01032466,0,1
2024401477229,2024,401477229,2,9,0,-1,15,1,1,-1,0,0,1,0,0,0,1,1,-1,6,1,46,8,1560,2,10,PEUGEOT 308,9,E01015697,0,3
2024302401230,2024,302401230,2,9,0,7,7,5,6,0,0,8,0,0,0,0,3,1,6,6,2,36,7,1560,2,12,PEUGEOT 308,5,E01019440,0,1
2024302500393,2024,302500393,2,9,0,-1,4,1,5,-1,0,8,0,0,0,0,2,1,-1,6,2,23,5,1560,2,11,PEUGEOT 308,1,E01013846,0,4
2024122400737,2024,122400737,1,9,0,18,19,1,5,0,0,2,0,0,7,11,1,1,6,6,1,80,11,1200,1,4,PEUGEOT 308,8,E01027677,0,1
2024221499023,2024,221499023,2,9,0,-1,19,1,5,-1,0,8,0,0,0,0,1,1,-1,9,1,86,11,1200,1,7,PEUGEOT 308,2,E01014151,0,3
2024221429092,2024,221429092,2,9,0,-1,4,6,2,-1,0,0,0,0,0,0,2,1,-1,1,1,28,6,1500,2,3,PEUGEOT 308,-1,-1,0,-1
2024541797224,2024,541797224,1,9,0,16,19,4,8,0,0,3,0,0,0,0,1,1,6,6,1,33,6,1560,2,13,PEUGEOT 308,7,E01032708,0,1
2024991435424,2024,991435424,1,9,0,-1,13,3,7,-1,0,0,0,0,0,0,2,2,-1,9,1,43,7,1560,2,12,PEUGEOT 308,-1,-1,0,-1
2024991404937,2024,991404937,1,9,0,-1,19,8,4,-1,0,0,1,0,0,0,1,1,-1,2,1,29,6,1200,1,6,PEUGEOT 308,5,-1,0,1
2024141461103,2024,141461103,2,9,0,-1,1,1,5,-1,9,0,0,0,0,0,1,1,-1,1,1,53,8,1500,2,2,PEUGEOT 308,2,E01007336,0,1
2024421441862,2024,421441862,1,9,0,-1,9,4,6,-1,0,8,0,0,0,0,4,1,-1,9,1,61,9,1997,2,10,PEUGEOT 308,8,E01023321,0,3
2024131508997,2024,131508997,2,9,0,-1,19,6,6,-1,0,0,0,0,0,0,0,1,-1,1,1,28,6,1498,2,5,PEUGEOT 308,1,E01010614,0,2
2024552400266,2024,552400266,1,9,0,18,19,3,7,0,0,0,1,0,1,2,1,1,6,6,2,23,5,1560,2,12,PEUGEOT 308,6,E01020442,0,3
2024122400797,2024,122400797,1,9,0,2,2,0,0,0,0,1,0,0,0,0,0,1,1,1,2,26,6,1200,1,2,PEUGEOT 308,9,E01013429,0,1
2024111485735,2024,111485735,1,9,0,-1,13,5,1,-1,0,1,0,0,0,0,1,1,-1,1,1,29,6,1500,2,2,PEUGEOT 308,-1,-1,0,-1
2024401502604,2024,401502604,7,9,0,-1,19,2,6,-1,0,0,0,0,0,0,1,1,-1,6,2,28,6,1560,2,10,PEUGEOT 308,6,E01017418,0,1
2024461418764,2024,461418764,1,9,0,-1,19,4,8,-1,0,0,0,0,0,0,1,1,-1,6,1,17,4,1560,2,15,PEUGEOT 308,2,E01000720,0,3
2024131535554,2024,131535554,1,9,0,-1,19,5,1,-1,0,1,0,0,0,0,1,1,-1,8,2,53,8,1500,2,2,PEUGEOT 308,9,E01011241,0,3
2024221481734,2024,221481734,2,9,0,-1,19,6,2,-1,0,0,1,0,0,0,1,1,-1,6,1,58,9,1560,2,16,PEUGEOT 308,2,E01014241,0,4
202454D168724,2024,54D168724,1,9,0,9,9,2,8,0,0,6,0,0,0,0,1,1,6,6,1,82,11,1560,2,11,PEUGEOT 308,9,E01032102,0,1
2024201517382,2024,201517382,1,9,0,-1,19,2,6,-1,0,0,0,0,0,0,1,1,-1,1,1,38,7,1500,2,3,PEUGEOT 308,-1,-1,0,-1
2024141515187,2024,141515187,1,9,0,-1,9,5,1,-1,0,5,0,0,0,0,1,1,-1,6,2,59,9,1560,2,12,PEUGEOT 308,4,E01007850,0,1
2024141459211,2024,141459211,1,9,0,-1,19,8,5,-1,0,0,0,0,1,11,1,1,-1,9,1,20,4,1560,2,9,PEUGEOT 308,2,E01008112,0,2
2024201477921,2024,201477921,2,9,0,-1,19,4,8,-1,0,8,0,0,0,0,3,9,-1,1,2,29,6,1500,2,3,PEUGEOT 308,9,E01010171,0,2
2024231404147,2024,231404147,1,9,0,-1,19,2,5,-1,0,8,0,0,0,0,1,1,-1,6,2,56,9,1997,2,8,PEUGEOT 308,3,E01031177,0,1
2024520001407,2024,520001407,1,9,0,18,19,3,7,0,0,0,0,0,7,11,3,1,6,6,1,33,6,1199,1,1,PEUGEOT 308,-1,-1,0,-1
2024061491799,2024,061491799,2,8,0,-1,19,4,7,-1,0,1,0,0,0,0,3,1,-1,6,1,45,7,1560,2,17,PEUGEOT 308,2,E01005460,0,1
2024421432022,2024,421432022,1,9,0,-1,1,6,5,-1,0,0,0,0,0,0,3,2,-1,9,1,42,7,1200,1,4,PEUGEOT 308,5,E01015953,0,1
2024201474515,2024,201474515,1,9,0,-1,19,1,5,-1,0,1,0,0,0,0,1,9,-1,1,3,-1,-1,1500,2,3,PEUGEOT 308,2,E01009509,0,1
2024131435637,2024,131435637,1,9,0,-1,19,5,1,-1,0,1,0,0,0,0,1,1,-1,1,1,35,6,1499,2,1,PEUGEOT 308,1,E01011624,0,3
2024010536757,2024,010536757,2,9,0,99,99,9,9,99,99,6,9,99,9,99,9,9,6,6,3,-1,-1,1200,1,6,PEUGEOT 308,-1,-1,0,-1
2024010516163,2024,010516163,1,9,0,99,99,9,9,99,99,9,9,99,9,99,9,9,6,6,1,22,5,1200,1,4,PEUGEOT 308,10,E01000755,0,1
2024552500039,2024,552500039,2,9,0,18,19,8,4,0,0,8,0,0,0,0,1,1,1,1,1,33,6,1199,1,1,PEUGEOT 308,8,E01020491,0,3
2024161430538,2024,161430538,1,9,0,-1,19,1,5,-1,0,1,0,0,7,0,1,1,-1,6,1,83,11,1200,1,5,PEUGEOT 308,10,E01034758,0,1
2024201533128,2024,201533128,2,9,0,-1,2,0,0,-1,0,0,0,0,0,0,2,1,-1,8,1,40,7,1500,2,3,PEUGEOT 308,-1,-1,0,-1
2024201530150,2024,201530150,1,9,0,-1,9,1,6,-1,0,5,0,0,0,0,1,1,-1,9,1,30,6,1200,1,5,PEUGEOT 308,1,E01009104,0,1
2024340NN0272,2024,340NN0272,2,9,0,-1,9,6,4,-1,0,6,0,0,7,0,1,1,-1,6,1,55,8,1598,1,16,PEUGEOT 308,1,E01027318,0,1
2024302400903,2024,302400903,1,9,0,7,7,5,7,0,0,8,0,0,0,0,3,1,6,6,1,28,6,1560,2,8,PEUGEOT 308,4,E01019822,0,2
2024411445946,2024,411445946,2,9,0,-1,19,5,1,-1,0,0,0,0,0,0,3,1,-1,1,1,-1,-1,1500,2,3,PEUGEOT 308,7,E01015719,0,3
2024440454466,2024,440454466,2,9,0,18,19,6,2,0,0,8,0,0,0,0,1,1,6,6,2,35,6,1199,1,0,PEUGEOT 308,5,E01017159,0,1
2024501400342,2024,501400342,2,9,0,-1,19,3,7,-1,0,8,0,0,0,0,4,1,-1,6,1,78,11,1200,1,10,PEUGEOT 308,5,E01015070,0,1