collision_index,collision_year,collision_ref_no,vehicle_reference,vehicle_type,towing_and_articulation,vehicle_manoeuvre_historic,vehicle_manoeuvre,vehicle_direction_from,vehicle_direction_to,vehicle_location_restricted_lane_historic,vehicle_location_restricted_lane,junction_location,skidding_and_overturning,hit_object_in_carriageway,vehicle_leaving_carriageway,hit_object_off_carriageway,first_point_of_impact,vehicle_left_hand_drive,journey_purpose_of_driver_historic,journey_purpose_of_driver,sex_of_driver,age_of_driver,age_band_of_driver,engine_capacity_cc,propulsion_code,age_of_vehicle,generic_make_model,driver_imd_decile,lsoa_of_driver,escooter_flag,driver_distance_banding
2024461520528,2024,461520528,1,9,0,-1,19,2,6,-1,0,0,0,0,0,0,0,1,-1,8,1,34,6,1500,2,2,PEUGEOT 308,3,E01024508,0,2
2024411465991,2024,411465991,1,9,0,-1,19,3,7,-1,0,1,0,0,0,0,1,1,-1,6,2,62,9,1560,2,11,PEUGEOT 308,6,E01023952,0,1
2024401466324,2024,401466324,1,9,0,-1,15,1,5,-1,0,0,0,0,0,0,0,1,-1,1,1,23,5,1499,2,1,PEUGEOT 308,-1,-1,0,-1
2024201429060,2024,201429060,2,9,0,-1,4,3,7,-1,0,1,0,0,0,0,4,1,-1,9,2,30,6,1560,2,15,PEUGEOT 308,7,E01009822,0,2
2024201475635,2024,201475635,2,9,0,-1,3,4,8,-1,0,1,0,0,0,0,2,9,-1,1,1,-1,-1,1500,2,3,PEUGEOT 308,2,E01009509,0,1
2024421454435,2024,421454435,1,9,0,-1,5,7,5,-1,0,6,0,0,0,0,2,1,-1,6,1,79,11,1200,1,4,PEUGEOT 308,9,E01023500,0,3
2024411499537,2024,411499537,2,9,0,-1,19,4,8,-1,0,2,0,0,0,0,1,1,-1,9,1,28,6,1499,2,1,PEUGEOT 308,9,E01035597,0,3
2024451471854,2024,451471854,1,9,0,-1,19,7,3,-1,0,0,0,0,0,0,1,1,-1,6,1,27,6,1560,2,14,PEUGEOT 308,7,E01027010,0,5
2024111499002,2024,111499002,1,9,0,-1,19,7,3,-1,0,2,0,0,0,0,1,1,-1,9,1,39,7,1499,2,2,PEUGEOT 308,2,E01020618,0,1
2024231431110,2024,231431110,2,9,0,-1,4,8,4,-1,0,1,0,0,0,0,2,1,-1,6,1,30,6,1397,1,15,PEUGEOT 308,2,E01009566,0,2
202417H108224,2024,17H108224,2,9,0,-1,9,5,3,-1,0,8,0,0,0,0,1,1,-1,7,2,-1,-1,1997,2,16,PEUGEOT 308,-1,-1,0,-1
2024332400129,2024,332400129,1,9,0,-1,3,5,1,-1,0,0,0,0,0,0,2,1,-1,2,1,54,8,1199,1,2,PEUGEOT 308,9,E01019447,0,4
2024421479840,2024,421479840,2,9,0,-1,2,0,0,-1,0,0,0,4,0,0,3,1,-1,6,-1,-1,-1,1997,2,12,PEUGEOT 308,-1,-1,0,-1
2024010505870,2024,010505870,3,9,0,7,7,1,3,0,0,1,0,0,0,0,1,1,6,6,3,-1,-1,1598,1,10,PEUGEOT 308,-1,-1,0,-1
2024451421761,2024,451421761,2,9,0,-1,5,4,8,-1,0,2,0,0,0,0,1,1,-1,2,1,40,7,1560,2,7,PEUGEOT 308,6,E01030714,0,1
2024471400105,2024,471400105,1,9,0,-1,19,5,1,-1,9,1,0,0,0,0,1,1,-1,9,1,45,7,1560,2,16,PEUGEOT 308,4,E01020966,0,1
2024440203555,2024,440203555,1,9,0,9,9,7,5,0,0,8,0,0,0,0,4,1,6,6,1,46,8,1560,2,11,PEUGEOT 308,5,E01015274,0,4
2024991499464,2024,991499464,1,9,0,-1,14,3,7,-1,0,8,0,0,0,0,4,1,-1,8,1,30,6,1499,2,1,PEUGEOT 308,4,-1,0,1
2024411487920,2024,411487920,1,9,0,-1,4,5,1,-1,0,0,0,0,0,0,1,1,-1,1,2,22,5,1200,1,9,PEUGEOT 308,5,E01021868,0,2
2024421447307,2024,421447307,2,9,0,-1,19,5,8,-1,0,8,1,0,0,0,2,1,-1,6,1,40,7,1199,1,0,PEUGEOT 308,-1,-1,0,-1
2024471435682,2024,471435682,1,9,0,-1,5,3,7,-1,0,6,0,0,7,11,1,1,-1,6,2,61,9,1997,2,9,PEUGEOT 308,4,E01034029,0,4
202460Q122477,2024,60Q122477,2,9,0,18,19,6,2,0,0,0,0,0,0,0,1,1,6,6,2,23,5,1199,1,0,PEUGEOT 308,-1,-1,0,-1
2024320024231,2024,320024231,1,9,0,-1,-1,6,4,0,0,8,0,0,0,0,1,1,6,6,1,-1,-1,1560,2,9,PEUGEOT 308,-1,-1,0,-1
2024131419996,2024,131419996,3,9,0,-1,2,0,0,-1,0,8,0,0,2,0,3,1,-1,6,-1,-1,-1,1560,2,9,PEUGEOT 308,-1,-1,0,-1
2024411539242,2024,411539242,1,9,0,-1,19,5,1,-1,0,0,1,10,0,0,4,1,-1,1,1,31,6,1499,2,1,PEUGEOT 308,-1,-1,0,-1
2024201505318,2024,201505318,1,9,0,-1,19,2,6,-1,0,8,0,0,0,0,4,9,-1,2,1,-1,-1,1500,2,3,PEUGEOT 308,-1,-1,0,-1
2024991476125,2024,991476125,1,9,0,-1,14,7,3,-1,0,8,0,0,0,0,1,1,-1,1,1,32,6,1499,2,1,PEUGEOT 308,3,-1,0,1
2024010504223,2024,010504223,1,9,0,4,4,7,3,0,0,1,0,0,0,0,1,1,6,6,2,27,6,1397,1,15,PEUGEOT 308,4,E01015975,0,3
2024141499431,2024,141499431,1,9,0,-1,19,3,3,-1,0,0,0,0,0,0,1,1,-1,9,2,43,7,1498,2,4,PEUGEOT 308,4,E01007587,0,2
2024161511527,2024,161511527,1,9,0,-1,7,1,8,-1,0,8,0,0,0,0,4,1,-1,2,1,46,8,1560,2,8,PEUGEOT 308,3,E01013231,0,1
2024111405397,2024,111405397,2,9,0,-1,19,1,5,-1,0,1,0,0,0,0,0,1,-1,8,2,27,6,1499,2,1,PEUGEOT 308,-1,-1,0,-1
2024501494008,2024,501494008,1,9,0,-1,19,2,6,-1,0,0,0,0,0,0,1,1,-1,2,2,19,4,1598,1,12,PEUGEOT 308,3,E01015228,0,1
2024501438857,2024,501438857,3,9,0,-1,4,1,5,-1,0,0,0,0,0,0,2,2,-1,9,2,32,6,1560,2,11,PEUGEOT 308,4,E01029134,0,4
2024340WN3962,2024,340WN3962,2,9,0,-1,19,3,7,-1,0,1,0,0,0,0,2,1,-1,9,2,44,7,1598,8,0,PEUGEOT 308,-1,-1,0,-1
2024461399762,2024,461399762,1,9,0,-1,9,2,6,-1,0,1,0,0,0,0,1,9,-1,6,1,22,5,1200,1,6,PEUGEOT 308,6,E01023977,0,1
2024411448925,2024,411448925,2,9,0,-1,19,7,3,-1,0,1,0,0,0,0,4,1,-1,1,1,31,6,1500,2,3,PEUGEOT 308,5,E01023755,0,2
2024320304043,2024,320304043,2,9,0,2,2,0,0,0,0,0,0,0,0,11,4,1,6,6,3,-1,-1,1560,2,16,PEUGEOT 308,-1,-1,0,-1
2024991535147,2024,991535147,2,9,0,-1,9,3,7,-1,0,0,0,0,1,0,1,1,-1,1,2,35,6,1498,2,4,PEUGEOT 308,-1,-1,0,-1
2024421504938,2024,421504938,1,9,-1,-1,19,-1,-1,-1,-1,0,-1,-1,-1,0,-1,9,-1,6,1,31,6,1200,1,10,PEUGEOT 308,3,E01021836,0,1
202417L301424,2024,17L301424,2,9,0,5,5,1,5,0,0,1,0,0,0,0,2,1,6,6,1,30,6,1200,1,4,PEUGEOT 308,1,E01012273,0,3
2024201483976,2024,201483976,2,9,0,-1,2,1,5,-1,0,2,0,0,0,0,1,1,-1,8,1,28,6,1500,2,3,PEUGEOT 308,1,E01010292,0,1
2024201484049,2024,201484049,1,9,0,-1,3,4,8,-1,0,0,0,0,0,0,1,1,-1,9,2,31,6,1200,1,7,PEUGEOT 308,1,E01009507,0,1
2024211472645,2024,211472645,2,9,0,-1,9,7,5,-1,0,1,0,0,0,0,4,1,-1,9,2,22,5,1598,1,15,PEUGEOT 308,5,E01014233,0,1
2024070829758,2024,070829758,1,9,0,-1,5,5,6,-1,0,8,0,0,0,0,1,1,-1,9,2,33,6,1560,2,8,PEUGEOT 308,2,E01012535,0,1
2024461518442,2024,461518442,1,9,0,-1,11,1,3,-1,0,0,1,0,0,0,3,1,-1,6,2,47,8,1200,1,8,PEUGEOT 308,6,E01016080,0,1
2024041399958,2024,041399958,2,9,0,-1,7,3,5,-1,0,1,0,0,0,0,1,1,-1,1,1,54,8,1200,1,3,PEUGEOT 308,7,E01012597,0,1
2024201486647,2024,201486647,1,9,0,-1,19,2,8,-1,0,8,0,0,0,0,1,9,-1,6,1,24,5,1560,2,10,PEUGEOT 308,1,E01009051,0,2
2024451427866,2024,451427866,1,9,0,-1,19,3,7,-1,0,0,0,0,0,0,1,1,-1,1,1,34,6,1199,1,1,PEUGEOT 308,9,E01028511,0,4
2024010538210,2024,010538210,2,9,0,18,19,7,3,0,0,2,0,0,0,0,2,1,6,6,1,40,7,1199,1,0,PEUGEOT 308,2,E01034043,0,1
2024332400457,2024,332400457,1,9,0,-1,2,0,0,-1,0,0,0,0,0,0,4,1,-1,1,1,55,8,1560,2,9,PEUGEOT 308,10,E01025615,0,2
2024131431308,2024,131431308,1,9,0,-1,9,5,1,-1,0,0,0,0,0,0,1,1,-1,1,1,46,8,1560,2,11,PEUGEOT 308,7,E01011938,0,1
2024302401698,2024,302401698,1,9,0,9,9,2,8,0,0,8,0,0,0,0,3,1,1,1,1,-1,-1,1498,2,4,PEUGEOT 308,1,E01013472,0,1
2024361455913,2024,361455913,2,9,0,-1,4,5,1,-1,0,0,0,0,0,0,2,1,-1,6,2,31,6,1997,2,14,PEUGEOT 308,6,E01026533,0,1
2024421479840,2024,421479840,5,9,0,-1,19,5,1,-1,0,0,0,0,0,0,0,1,-1,1,1,30,6,1500,2,3,PEUGEOT 308,5,E01021890,0,1
2024361463197,2024,361463197,1,9,0,-1,19,7,3,-1,0,1,0,0,0,0,4,1,-1,8,1,28,6,1499,2,1,PEUGEOT 308,4,E01026747,0,3
2024221442524,2024,221442524,1,9,0,-1,6,2,2,-1,0,1,0,0,0,0,3,1,-1,6,1,60,9,1200,1,6,PEUGEOT 308,2,E01010479,0,4
2024122401043,2024,122401043,1,9,0,9,9,2,7,0,0,8,0,0,0,0,1,1,6,6,1,51,8,1560,2,11,PEUGEOT 308,9,E01013123,0,4
2024311510104,2024,311510104,1,9,0,-1,4,3,7,-1,0,1,0,0,0,0,1,1,-1,6,1,30,6,1560,2,9,PEUGEOT 308,-1,-1,0,-1
2024522402356,2024,522402356,2,9,0,9,9,4,2,0,0,6,0,0,0,0,3,1,6,6,3,-1,-1,1997,2,7,PEUGEOT 308,-1,-1,0,-1
2024430595752,2024,430595752,1,9,0,18,19,6,2,0,0,0,0,0,0,0,1,1,6,6,2,24,5,1598,1,14,PEUGEOT 308,10,E01026836,0,5
202454F116524,2024,54F116524,2,9,0,17,19,1,6,0,0,8,0,0,0,0,1,1,6,6,1,38,7,1200,1,4,PEUGEOT 308,8,E01031904,0,1
2024471442403,2024,471442403,1,9,0,-1,12,1,4,-1,0,2,0,0,0,0,1,1,-1,2,1,35,6,1500,2,5,PEUGEOT 308,8,E01016893,0,1
2024231525547,2024,231525547,2,9,0,-1,4,1,5,-1,0,0,0,0,0,0,2,9,-1,6,2,49,8,1598,1,16,PEUGEOT 308,4,E01031052,0,1
2024101520934,2024,101520934,1,9,0,-1,5,3,8,-1,0,6,0,0,0,0,4,1,-1,2,1,35,6,1560,2,14,PEUGEOT 308,3,E01008396,0,2
2024011569308,2024,011569308,1,9,0,-1,6,1,1,-1,0,0,0,0,0,0,2,1,-1,9,1,19,4,1200,1,8,PEUGEOT 308,-1,-1,0,-1
2024122400812,2024,122400812,1,9,0,9,9,3,1,0,0,8,0,0,0,0,1,1,6,6,1,32,6,1560,2,14,PEUGEOT 308,4,E01027843,0,1
2024991412634,2024,991412634,2,9,0,-1,5,4,2,-1,0,6,0,0,0,0,4,1,-1,9,1,65,9,1560,2,12,PEUGEOT 308,1,-1,0,1
2024201473103,2024,201473103,1,9,0,-1,13,8,4,-1,0,1,0,0,7,0,1,1,-1,8,2,27,6,1499,2,1,PEUGEOT 308,2,E01009988,0,1
2024401498563,2024,401498563,1,9,0,-1,19,6,2,-1,0,1,0,0,0,0,4,1,-1,1,1,25,5,1500,2,3,PEUGEOT 308,-1,-1,0,-1
2024340WN4952,2024,340WN4952,2,9,0,-1,2,0,0,-1,0,0,0,0,1,4,2,1,-1,1,1,32,6,1560,2,14,PEUGEOT 308,2,E01015632,0,4
2024991531488,2024,991531488,1,9,0,-1,5,1,5,-1,0,1,0,0,0,0,4,1,-1,8,1,31,6,1498,2,4,PEUGEOT 308,3,-1,0,1
2024131448585,2024,131448585,2,9,0,-1,19,7,5,-1,0,1,0,0,0,0,0,1,-1,6,1,31,6,1500,2,2,PEUGEOT 308,6,E01011525,0,3
2024451522965,2024,451522965,2,9,0,-1,9,7,5,-1,0,6,0,0,0,0,1,1,-1,6,1,47,8,1560,2,13,PEUGEOT 308,7,E01030429,0,1
2024111450102,2024,111450102,2,9,0,-1,19,1,1,-1,0,0,5,0,0,0,2,1,-1,9,2,26,6,1560,2,11,PEUGEOT 308,-1,-1,0,-1
2024411538987,2024,411538987,1,9,0,-1,19,4,8,-1,0,1,0,0,0,0,0,1,-1,1,1,34,6,1499,2,1,PEUGEOT 308,9,E01017576,0,4
2024161480770,2024,161480770,2,9,0,-1,5,7,3,-1,0,0,0,0,0,0,2,1,-1,9,1,34,6,1560,2,9,PEUGEOT 308,-1,-1,0,-1
2024041444144,2024,041444144,2,9,0,-1,19,5,1,-1,0,0,0,0,0,0,4,1,-1,6,2,41,7,1499,2,2,PEUGEOT 308,6,E01025027,0,1
2024221484996,2024,221484996,1,9,0,-1,7,6,8,-1,0,6,0,0,0,0,2,9,-1,9,2,63,9,1560,2,7,PEUGEOT 308,-1,-1,0,-1
2024631441745,2024,631441745,1,9,0,-1,19,5,1,-1,0,0,0,0,0,0,1,1,-1,6,1,21,5,1598,1,14,PEUGEOT 308,3,W01000586,0,1
2024041433560,2024,041433560,1,9,0,-1,9,6,2,-1,0,5,0,0,0,0,1,1,-1,9,1,33,6,1560,2,15,PEUGEOT 308,2,E01025245,0,1
2024010510307,2024,010510307,1,9,0,5,5,5,1,0,0,2,0,11,0,0,1,1,2,2,1,33,6,1598,1,15,PEUGEOT 308,3,E01034484,0,1
2024440294215,2024,440294215,2,9,0,4,4,1,5,0,0,0,0,0,0,0,2,1,6,6,1,53,8,1397,1,14,PEUGEOT 308,6,E01022669,0,1
2024131394867,2024,131394867,2,9,0,-1,19,1,5,-1,0,0,0,0,0,0,0,1,-1,6,-1,-1,-1,1500,2,2,PEUGEOT 308,-1,-1,0,-1
2024991428759,2024,991428759,1,9,0,-1,19,7,3,-1,0,0,0,0,0,0,3,1,-1,1,1,27,6,1498,2,4,PEUGEOT 308,7,-1,0,1
2024361478817,2024,361478817,1,9,0,-1,19,7,3,-1,0,4,0,0,0,0,3,1,-1,1,2,28,6,1499,2,1,PEUGEOT 308,3,E01026426,0,1
2024302500215,2024,302500215,1,9,0,-1,19,3,7,-1,0,8,0,0,0,0,3,1,-1,1,1,-1,-1,1499,2,1,PEUGEOT 308,5,E01033387,0,1
2024070656895,2024,070656895,1,9,0,18,19,3,7,9,9,2,0,0,3,11,1,1,6,6,1,46,8,1598,1,6,PEUGEOT 308,4,E01018512,0,2
2024161426019,2024,161426019,2,9,0,-1,14,5,1,-1,0,0,0,0,0,0,1,1,-1,1,1,30,6,1560,2,6,PEUGEOT 308,10,E01013063,0,3
2024041412706,2024,041412706,1,9,0,-1,19,1,5,-1,0,0,0,0,0,0,1,1,-1,6,3,-1,-1,1560,2,12,PEUGEOT 308,-1,-1,0,-1
2024211499880,2024,211499880,1,9,0,-1,19,2,6,-1,0,0,0,0,0,0,4,9,-1,6,1,29,6,1560,2,14,PEUGEOT 308,7,E01029379,0,1
2024522401520,2024,522401520,2,9,0,18,19,7,3,0,0,8,0,0,0,0,1,1,6,6,1,44,7,1200,1,9,PEUGEOT 308,5,E01032516,0,3
2024131463697,2024,131463697,1,9,0,-1,9,3,1,-1,0,1,0,0,0,0,4,1,-1,9,1,20,4,1200,1,6,PEUGEOT 308,2,E01010779,0,2
2024311426950,2024,311426950,2,9,0,-1,9,5,3,-1,0,6,0,0,0,0,3,1,-1,6,1,59,9,1200,1,5,PEUGEOT 308,4,E01028130,0,1
2024031468485,2024,031468485,1,9,0,-1,19,4,8,-1,0,0,0,4,0,0,4,1,-1,6,1,32,6,1560,2,17,PEUGEOT 308,5,E01019363,0,1
2024531438786,2024,531438786,2,9,0,-1,19,7,3,-1,0,8,0,0,0,0,1,9,-1,6,2,33,6,1199,1,2,PEUGEOT 308,8,E01022139,0,1
2024430111171,2024,430111171,2,9,0,18,19,5,1,0,0,6,0,0,0,0,3,1,6,6,1,53,8,1598,1,14,PEUGEOT 308,-1,-1,0,-1
2024311533836,2024,311533836,1,9,0,-1,9,2,8,-1,0,1,0,0,0,0,3,1,-1,2,2,47,8,1200,1,9,PEUGEOT 308,2,E01028234,0,1
2024552400335,2024,552400335,2,3,0,18,19,7,3,0,0,8,0,0,0,0,4,1,6,6,1,31,6,123,1,16,-1,7,E01015376,0,1
2024131487956,2024,131487956,1,3,0,-1,19,5,1,-1,0,0,0,0,1,2,4,1,-1,9,1,59,9,123,1,18,-1,1,E01011345,0,3
2024131407328,2024,131407328,1,3,0,-1,19,1,2,-1,0,8,0,0,0,0,0,1,-1,6,1,53,8,124,1,21,-1,7,E01011714,0,1
2024320489231,2024,320489231,2,3,0,-1,-1,8,4,0,0,8,0,0,0,0,1,1,-1,-1,1,57,9,123,1,18,-1,2,E01026116,0,1
2024440385602,2024,440385602,1,3,0,4,4,1,5,0,0,0,0,0,0,0,1,1,6,6,1,67,10,124,1,21,-1,2,E01017108,0,1
2024421453488,2024,421453488,1,3,0,-1,19,7,2,-1,0,0,0,0,0,0,3,1,-1,9,1,58,9,123,1,18,-1,4,E01021847,0,3
2024440313237,2024,440313237,1,3,0,17,19,8,5,0,0,1,0,0,0,0,3,1,6,6,1,50,8,123,1,17,-1,5,E01017321,0,2
2024122400419,2024,122400419,1,3,0,18,19,5,1,0,0,0,0,0,0,0,0,1,6,6,2,54,8,125,1,22,-1,7,E01007135,0,5
2024471461870,2024,471461870,2,3,0,-1,19,6,2,-1,0,1,1,0,0,0,1,1,-1,9,1,74,10,124,1,20,-1,4,E01031426,0,3
2024320711278,2024,320711278,2,9,0,-1,-1,2,6,0,0,0,0,0,0,0,2,1,6,6,1,55,8,1997,1,25,-1,3,E01026183,0,1
2024361432956,2024,361432956,1,9,0,-1,19,5,1,-1,0,1,0,0,0,0,1,1,-1,6,1,83,11,1997,1,25,-1,4,E01026789,0,2
2024501477281,2024,501477281,2,9,0,-1,13,2,6,-1,0,0,0,0,0,0,4,1,-1,9,1,33,6,1998,1,27,-1,3,E01018869,0,2
2024471445596,2024,471445596,1,9,0,-1,5,8,2,-1,0,8,0,0,0,0,3,1,-1,9,2,85,11,2457,1,17,SUBARU FORESTER,6,E01021149,0,1
2024520002665,2024,520002665,1,9,0,18,19,7,3,0,0,0,0,0,0,0,1,1,6,6,1,81,11,1994,1,18,SUBARU FORESTER,7,E01029056,0,3
2024461427357,2024,461427357,1,9,0,-1,19,6,5,-1,0,0,0,0,0,0,1,9,-1,9,1,27,6,2457,1,18,SUBARU FORESTER,2,E01024305,0,1
2024371413705,2024,371413705,1,9,0,-1,19,1,5,-1,0,0,2,0,1,0,4,1,-1,6,2,33,6,1995,8,1,SUBARU FORESTER,1,E01030261,0,3
2024332400877,2024,332400877,1,9,0,-1,19,7,3,-1,0,2,0,0,0,0,1,1,-1,9,1,58,9,2457,1,18,SUBARU FORESTER,4,E01013696,0,1
2024141452843,2024,141452843,2,9,0,-1,9,7,3,-1,0,0,0,0,0,0,1,1,-1,6,3,-1,-1,2457,1,16,SUBARU FORESTER,-1,-1,0,-1
2024201455236,2024,201455236,2,9,0,-1,19,6,2,-1,0,8,0,0,0,0,1,9,-1,6,2,45,7,1998,1,19,SUBARU FORESTER,1,E01009404,0,1
2024231499104,2024,231499104,1,9,0,-1,19,4,1,-1,0,0,1,0,1,11,2,1,-1,6,1,21,5,2457,1,19,SUBARU FORESTER,6,E01031187,0,2
2024631500822,2024,631500822,2,9,0,-1,19,7,3,-1,0,0,0,0,0,0,1,1,-1,2,2,63,9,1994,1,16,SUBARU FORESTER,7,W01000428,0,1
2024520500031,2024,520500031,2,9,0,17,19,1,5,0,0,0,0,0,0,0,1,1,6,6,3,-1,-1,1994,1,20,SUBARU FORESTER,-1,-1,0,-1
2024101484011,2024,101484011,1,9,0,-1,9,5,1,-1,0,1,0,0,0,0,0,9,-1,6,3,-1,-1,1994,1,18,SUBARU FORESTER,-1,-1,0,-1
2024010532687,2024,010532687,1,9,0,18,19,5,1,0,0,0,0,0,0,0,1,1,2,2,1,52,8,1995,8,3,SUBARU FORESTER,5,E01004419,0,1
2024131416046,2024,131416046,1,9,0,-1,2,1,5,-1,0,0,0,0,0,0,1,1,-1,6,1,34,6,1994,1,20,SUBARU FORESTER,7,E01011755,0,1
2024320336674,2024,320336674,1,9,0,-1,-1,6,2,0,0,0,0,0,1,0,3,2,-1,-1,1,75,10,1994,1,21,SUBARU FORESTER,8,E01026363,0,1
2024451459738,2024,451459738,2,9,0,-1,19,3,7,-1,0,1,0,0,0,0,1,1,-1,9,1,79,11,1995,1,6,SUBARU FORESTER,5,E01030812,0,1
2024531488519,2024,531488519,1,9,0,-1,19,4,6,-1,0,2,0,0,0,0,1,1,-1,9,1,81,11,1994,1,13,SUBARU FORESTER,3,E01022364,0,3
2024010503241,2024,010503241,2,9,0,99,99,9,9,99,99,9,9,99,9,99,9,9,6,6,3,-1,-1,1998,1,10,SUBARU FORESTER,-1,-1,0,-1
2024520402027,2024,520402027,1,9,0,9,9,4,2,0,0,6,0,0,0,0,3,1,6,6,2,79,11,1995,1,8,SUBARU FORESTER,8,E01028715,0,5
2024211448592,2024,211448592,2,9,0,-1,5,1,5,-1,0,1,0,0,0,0,1,1,-1,6,1,50,8,1994,1,15,SUBARU FORESTER,-1,-1,0,-1
2024010528339,2024,010528339,1,9,0,9,9,2,1,0,0,6,0,0,0,0,1,1,6,6,1,27,6,1994,1,21,SUBARU FORESTER,2,E01001758,0,1
2024131535722,2024,131535722,1,9,0,-1,19,1,5,-1,0,0,0,0,0,0,1,1,-1,6,1,34,6,1994,1,21,SUBARU FORESTER,4,E01011858,0,1
2024471472122,2024,471472122,3,9,0,-1,4,6,2,-1,0,0,0,0,0,0,2,1,-1,6,3,-1,-1,1994,1,21,SUBARU FORESTER,-1,-1,0,-1
2024010523414,2024,010523414,2,9,0,5,5,1,5,0,0,1,0,0,0,0,1,1,6,6,1,21,5,2457,1,17,SUBARU FORESTER,7,E01016216,0,4
2024141442976,2024,141442976,1,9,0,-1,19,8,5,-1,0,0,5,4,0,0,3,1,-1,9,1,39,7,1998,2,8,SUBARU FORESTER,1,E01007708,0,1
2024351567918,2024,351567918,2,9,0,-1,4,5,1,-1,0,0,0,0,0,0,2,1,-1,6,1,39,7,1995,8,1,SUBARU FORESTER,8,E01018054,0,1
2024631473996,2024,631473996,2,9,0,-1,19,7,4,-1,0,1,0,0,0,0,3,1,-1,9,2,72,10,1995,8,1,SUBARU FORESTER,-1,-1,0,-1
2024461529958,2024,461529958,2,9,0,-1,19,5,5,-1,0,0,0,0,0,0,1,1,-1,6,1,62,9,1994,1,14,SUBARU FORESTER,4,E01024200,0,1
2024101416755,2024,101416755,1,9,0,-1,9,7,3,-1,0,1,0,0,0,0,1,1,-1,6,1,72,10,1995,1,5,SUBARU FORESTER,7,E01027473,0,3
2024461401096,2024,461401096,13,9,0,-1,19,5,1,-1,0,0,1,0,0,0,2,9,-1,9,1,53,8,1998,1,10,SUBARU FORESTER,4,E01024042,0,4
202417L109124,2024,17L109124,1,9,0,-1,19,2,6,-1,0,1,0,0,0,0,1,1,-1,9,1,79,11,1995,1,10,SUBARU FORESTER,5,E01012164,0,1
2024311525553,2024,311525553,2,9,0,-1,9,5,2,-1,0,5,0,0,0,0,3,1,-1,9,1,55,8,1995,1,8,SUBARU FORESTER,9,E01025886,0,1
2024461456238,2024,461456238,2,9,0,-1,19,7,3,-1,0,0,0,0,0,0,3,1,-1,9,1,30,6,1994,1,24,SUBARU FORESTER,2,E01023975,0,1
2024302400800,2024,302400800,1,9,0,18,19,3,7,9,9,0,0,0,0,0,1,1,6,6,1,79,11,1995,1,12,SUBARU FORESTER,4,E01013525,0,2
2024991512832,2024,991512832,1,9,0,-1,19,5,1,-1,0,0,0,0,0,0,3,1,-1,9,1,50,8,1998,2,13,SUBARU FORESTER,5,-1,0,1
2024131458982,2024,131458982,2,9,0,-1,9,7,5,-1,0,0,0,0,0,0,3,1,-1,2,2,48,8,1998,2,13,SUBARU FORESTER,1,E01010731,0,1
2024041436381,2024,041436381,1,9,0,-1,19,1,1,-1,9,1,0,11,7,0,1,1,-1,9,2,54,8,1995,1,5,SUBARU FORESTER,1,E01025186,0,1
2024501501800,2024,501501800,1,9,0,-1,9,8,5,-1,-1,1,1,0,0,0,1,2,-1,9,1,36,7,1994,1,18,SUBARU FORESTER,3,E01019076,0,4
2024461495924,2024,461495924,1,9,0,-1,19,2,6,-1,0,0,0,0,0,0,1,1,-1,9,1,77,11,1998,2,8,SUBARU FORESTER,4,E01024200,0,1
2024122401273,2024,122401273,2,9,0,1,1,8,4,0,0,0,0,0,0,0,2,1,6,6,1,62,9,1995,8,3,SUBARU FORESTER,9,E01027567,0,1
2024411474788,2024,411474788,2,9,0,-1,19,4,8,-1,0,8,0,0,0,0,1,1,-1,6,1,55,8,2457,7,17,SUBARU FORESTER,8,E01023625,0,1
2024201478276,2024,201478276,1,9,0,-1,19,5,1,-1,0,4,0,0,0,0,2,1,-1,9,1,36,7,1995,8,3,SUBARU FORESTER,3,E01009105,0,1
2024461438194,2024,461438194,1,9,0,-1,19,7,3,-1,0,0,0,0,0,0,1,9,-1,6,2,52,8,1998,1,11,SUBARU FORESTER,4,E01016157,0,1
2024471524080,2024,471524080,2,9,0,-1,19,8,5,-1,0,1,0,0,0,0,3,1,-1,9,1,76,11,1995,8,5,SUBARU FORESTER,8,E01031698,0,1
2024101482120,2024,101482120,2,9,0,-1,9,3,8,-1,0,2,0,0,0,0,3,1,-1,9,2,40,7,1998,2,9,SUBARU FORESTER,9,E01027463,0,1
2024221518267,2024,221518267,2,9,0,-1,19,7,3,-1,0,3,1,0,0,0,3,9,-1,6,1,25,5,1998,2,13,SUBARU FORESTER,4,E01028841,0,3
2024141462241,2024,141462241,1,9,0,-1,7,1,3,-1,0,0,0,0,0,0,1,1,-1,9,2,67,10,1995,1,8,SUBARU XV,10,E01007957,0,1
2024231482718,2024,231482718,3,9,0,-1,4,3,8,-1,0,0,0,0,0,0,1,1,-1,9,1,64,9,1995,1,6,SUBARU XV,6,E01031193,0,1
2024010549484,2024,010549484,2,9,0,99,99,9,9,99,99,4,9,99,9,99,9,9,6,6,3,-1,-1,1600,1,6,SUBARU XV,-1,-1,0,-1
2024041452194,2024,041452194,1,9,0,-1,19,5,1,-1,0,0,0,0,1,4,1,1,-1,9,1,37,7,1995,1,6,SUBARU XV,6,-1,0,5
2024421406205,2024,421406205,3,9,0,-1,19,1,5,-1,0,0,0,0,0,0,2,1,-1,6,1,40,7,1600,1,11,SUBARU XV,7,E01011998,0,5