collision_index,collision_year,collision_ref_no,vehicle_reference,vehicle_type,towing_and_articulation,vehicle_manoeuvre_historic,vehicle_manoeuvre,vehicle_direction_from,vehicle_direction_to,vehicle_location_restricted_lane_historic,vehicle_location_restricted_lane,junction_location,skidding_and_overturning,hit_object_in_carriageway,vehicle_leaving_carriageway,hit_object_off_carriageway,first_point_of_impact,vehicle_left_hand_drive,journey_purpose_of_driver_historic,journey_purpose_of_driver,sex_of_driver,age_of_driver,age_band_of_driver,engine_capacity_cc,propulsion_code,age_of_vehicle,generic_make_model,driver_imd_decile,lsoa_of_driver,escooter_flag,driver_distance_banding
2024430368669,2024,430368669,1,9,0,9,9,6,4,0,0,5,0,0,0,0,1,1,6,6,1,30,6,1995,1,12,SUBARU XV,10,E01028670,0,3
2024991492599,2024,991492599,1,9,0,-1,19,5,3,-1,0,0,0,0,3,11,1,1,-1,6,1,80,11,1998,2,8,SUBARU XV,5,-1,0,1
2024201520529,2024,201520529,1,9,0,-1,9,4,1,-1,0,2,0,0,0,0,1,1,-1,9,1,76,11,1995,1,6,SUBARU XV,6,E01009878,0,1
2024991455742,2024,991455742,2,9,0,-1,19,4,8,-1,0,0,0,0,0,0,1,1,-1,6,2,40,7,1998,2,12,SUBARU XV,7,-1,0,2
2024461421138,2024,461421138,2,9,0,-1,19,1,5,-1,0,0,0,0,0,0,3,1,-1,1,1,48,8,1998,2,8,SUBARU XV,5,E01024628,0,1
2024131505250,2024,131505250,3,9,0,-1,2,0,0,-1,0,8,0,0,0,0,4,1,-1,6,-1,-1,-1,1998,2,12,SUBARU XV,-1,-1,0,-1
2024991468913,2024,991468913,2,9,0,-1,13,7,3,-1,0,0,0,0,3,0,1,1,-1,9,2,45,7,1995,1,10,SUBARU XV,6,-1,0,3
2024122500209,2024,122500209,2,9,0,5,5,3,1,0,0,2,0,0,0,0,3,1,6,6,1,71,10,1995,1,7,SUBARU XV,9,E01011011,0,4
2024052401860,2024,052401860,1,11,0,18,19,7,4,0,0,1,0,0,0,0,1,1,1,1,1,-1,-1,6700,2,15,VDL MODEL MISSING,-1,-1,0,-1
2024071043403,2024,071043403,1,11,0,-1,19,5,1,-1,0,8,0,0,0,0,1,1,-1,1,1,54,8,6700,2,14,VDL MODEL MISSING,6,E01018336,0,3
2024101426664,2024,101426664,2,11,0,-1,19,5,1,-1,0,1,0,0,0,0,0,1,-1,1,1,56,9,6700,2,13,VDL MODEL MISSING,5,E01027517,0,1
202417S114624,2024,17S114624,1,11,0,-1,19,8,4,-1,0,2,0,0,0,0,1,1,-1,1,2,55,8,6700,2,14,VDL MODEL MISSING,3,E01012282,0,2
202417L205324,2024,17L205324,1,11,0,-1,19,4,8,-1,0,0,0,0,0,0,4,1,-1,1,1,25,5,6700,2,13,VDL MODEL MISSING,2,E01011952,0,3
202417S113424,2024,17S113424,2,11,0,-1,19,7,4,-1,0,8,0,0,0,0,3,1,-1,1,1,44,7,6700,2,13,VDL MODEL MISSING,-1,-1,0,-1
2024440509435,2024,440509435,2,11,0,3,3,6,2,0,0,0,0,0,0,0,2,1,1,1,3,-1,-1,10837,2,10,VDL MODEL MISSING,-1,-1,0,-1
2024052402604,2024,052402604,2,11,0,3,3,6,2,0,0,0,0,0,0,0,2,1,1,1,1,38,7,6700,2,15,VDL MODEL MISSING,5,E01012440,0,4
2024122500156,2024,122500156,1,11,0,17,19,8,4,0,0,0,0,0,0,0,4,1,1,1,1,-1,-1,6700,2,13,VDL MODEL MISSING,1,E01012107,0,4
202417M211424,2024,17M211424,1,11,0,-1,19,4,8,-1,0,1,0,0,0,0,1,1,-1,1,1,59,9,6700,2,14,VDL MODEL MISSING,-1,-1,0,-1
202417S112524,2024,17S112524,2,11,0,-1,19,4,8,-1,0,1,0,0,0,0,1,1,-1,1,1,53,8,6700,2,14,VDL MODEL MISSING,1,E01012112,0,3
2024411487998,2024,411487998,2,11,-1,-1,-1,-1,-1,-1,-1,0,-1,-1,-1,0,-1,9,-1,1,1,60,9,6700,2,13,VDL MODEL MISSING,5,E01035569,0,3
2024052400235,2024,052400235,2,11,0,18,19,3,7,0,0,0,0,0,0,0,4,1,1,1,1,55,8,6700,2,12,VDL MODEL MISSING,3,E01006719,0,3
2024111515721,2024,111515721,1,11,0,-1,7,1,7,-1,0,0,0,0,0,0,1,1,-1,1,1,53,8,6700,2,12,VDL MODEL MISSING,2,E01020751,0,4
2024401526085,2024,401526085,1,11,0,-1,5,3,8,-1,0,0,0,0,0,0,1,1,-1,1,1,30,6,6700,2,13,VDL MODEL MISSING,4,E01023781,0,3
2024411559488,2024,411559488,2,11,0,-1,-1,-1,-1,-1,-1,0,-1,-1,-1,0,-1,1,-1,6,1,54,8,6700,2,13,VDL MODEL MISSING,7,E01023776,0,1
2024371441015,2024,371441015,1,19,0,-1,19,3,7,-1,0,0,0,0,0,0,-1,9,-1,9,1,53,8,2993,2,1,-1,7,E01030207,0,1
2024552400815,2024,552400815,1,19,0,18,19,6,2,0,0,0,0,0,0,0,1,1,1,1,1,30,6,1968,2,9,-1,7,E01020429,0,4
2024161517968,2024,161517968,1,19,0,-1,19,7,3,-1,0,0,0,0,0,0,1,1,-1,2,1,36,7,1996,2,0,-1,10,E01013113,0,4
2024070434331,2024,070434331,2,19,0,18,19,8,4,0,0,1,0,0,0,0,2,1,1,1,1,31,6,2967,2,6,-1,2,E01018730,0,2
2024522402504,2024,522402504,2,19,0,5,5,8,3,0,0,1,0,4,0,0,1,1,6,6,1,33,6,1996,2,1,-1,4,E01014519,0,1
2024070996988,2024,070996988,3,20,0,-1,3,1,5,-1,0,0,0,0,0,0,2,1,-1,6,2,30,6,-1,-1,-1,-1,8,W01000223,0,4
2024351412301,2024,351412301,2,19,0,-1,19,2,6,-1,0,0,0,0,0,0,1,1,-1,1,1,45,7,2967,2,5,-1,2,E01027942,0,5
202454E856224,2024,54E856224,3,19,0,3,3,8,4,0,0,0,0,0,0,0,2,1,2,2,2,38,7,1968,2,11,-1,9,E01034557,0,1
2024522401963,2024,522401963,2,4,0,18,19,7,3,0,0,8,0,0,0,0,1,1,6,6,1,20,4,293,1,2,-1,2,E01014629,0,1
2024501397777,2024,501397777,1,2,0,-1,19,5,2,-1,0,0,1,0,0,0,4,1,-1,9,1,17,4,49,1,14,-1,1,E01015087,0,1
2024421426188,2024,421426188,2,3,0,-1,19,3,7,-1,0,1,1,0,0,0,4,1,-1,9,1,25,5,124,1,8,-1,4,E01015884,0,1
2024471473371,2024,471473371,3,3,0,-1,19,2,6,-1,2,1,0,0,0,0,1,1,-1,6,1,18,4,124,1,15,-1,4,E01021126,0,1
2024371512932,2024,371512932,1,3,0,-1,19,3,7,-1,0,0,0,0,0,0,1,1,-1,6,1,33,6,124,1,8,-1,10,E01033050,0,3
2024501439972,2024,501439972,2,2,0,-1,13,7,3,-1,0,0,0,0,0,0,1,1,-1,6,1,17,4,49,1,14,-1,1,E01015087,0,2
2024010516417,2024,010516417,1,2,0,18,19,7,3,0,0,8,0,0,0,0,2,1,6,6,1,20,4,-1,3,2,-1,2,E01004735,0,1
2024010529343,2024,010529343,1,3,0,99,99,9,9,99,99,1,9,99,9,99,9,1,1,1,3,34,6,-1,-1,-1,-1,4,E01003562,0,1
2024010517151,2024,010517151,1,2,0,18,19,3,7,0,0,1,0,0,1,0,1,1,1,1,1,23,5,-1,3,2,-1,5,E01003495,0,1
2024010512647,2024,010512647,2,2,0,99,99,9,9,99,99,0,9,99,9,99,1,1,6,6,3,-1,-1,-1,3,2,-1,2,E01004424,0,1
2024010531250,2024,010531250,2,3,0,3,3,7,3,0,0,1,0,0,0,0,2,1,2,2,1,24,5,-1,-1,-1,-1,4,E01004342,0,1
2024010522826,2024,010522826,1,3,0,99,99,9,9,99,99,9,9,99,9,99,1,1,1,1,1,41,7,-1,-1,-1,-1,4,E01004568,0,1
2024302401349,2024,302401349,2,9,0,3,3,2,6,0,0,1,0,0,0,0,2,1,6,6,2,21,5,1242,1,13,FIAT 500,8,E01028653,0,5
2024122400291,2024,122400291,1,9,0,7,7,7,2,0,0,6,0,0,0,0,3,1,6,6,2,18,4,999,1,3,FIAT 500,10,E01011382,0,2
2024201429373,2024,201429373,1,9,0,-1,9,5,4,-1,0,5,0,0,0,0,1,2,-1,6,2,25,5,1242,1,8,FIAT 500,5,E01009179,0,2
202454D830424,2024,54D830424,1,9,0,13,13,5,1,0,0,2,0,0,1,9,2,1,2,2,1,45,7,1242,1,9,FIAT 500,2,E01017218,0,4
2024211485985,2024,211485985,1,9,0,-1,19,5,1,-1,0,0,0,0,0,0,1,1,-1,6,2,58,9,1368,1,6,FIAT 500,-1,-1,0,-1
2024430499436,2024,430499436,2,9,0,4,4,5,1,0,0,0,0,0,0,0,2,1,6,6,2,23,5,1242,1,7,FIAT 500,10,E01035419,0,4
2024161496576,2024,161496576,1,9,0,-1,19,6,8,-1,0,4,0,0,0,0,1,1,-1,2,1,51,8,1242,1,11,FIAT 500,10,E01013090,0,3
2024430175409,2024,430175409,1,9,0,5,5,-1,-1,0,0,0,0,0,1,0,1,1,6,6,1,71,10,1242,1,11,FIAT 500,10,E01028752,0,1
2024052402160,2024,052402160,1,9,0,9,9,7,5,0,0,8,0,0,0,0,1,1,6,6,2,20,4,1242,1,12,FIAT 500,2,E01006786,0,1
2024552401393,2024,552401393,2,9,0,18,19,7,3,0,0,8,0,0,0,0,2,1,6,6,2,42,7,1242,1,7,FIAT 500,9,E01019989,0,4
2024161525976,2024,161525976,1,9,0,-1,19,8,4,-1,0,1,0,0,0,0,1,9,-1,6,2,25,5,1242,1,11,FIAT 500,1,E01035465,0,1
2024010541409,2024,010541409,1,9,0,99,99,9,9,99,99,9,9,99,9,99,2,9,6,6,2,20,4,1242,1,8,FIAT 500,3,E01000404,0,2
2024401510893,2024,401510893,1,9,0,-1,19,6,2,-1,0,0,1,7,1,1,1,9,-1,1,1,23,5,999,1,1,FIAT 500,4,E01023883,0,4
2024552400436,2024,552400436,1,9,0,4,4,3,7,0,0,4,0,0,0,0,1,1,6,6,2,29,6,1242,1,7,FIAT 500,3,E01015292,0,1
2024010520577,2024,010520577,1,9,0,99,99,9,9,99,99,9,9,99,9,99,2,9,6,6,2,43,7,999,1,0,FIAT 500,6,E01001293,0,1
2024421526121,2024,421526121,2,9,0,-1,3,7,3,-1,0,0,0,0,0,0,2,1,-1,6,2,40,7,1242,1,6,FIAT 500,7,E01022067,0,3
2024351452080,2024,351452080,1,9,0,-1,12,3,6,-1,0,0,0,0,1,3,3,1,-1,9,2,59,9,1242,1,12,FIAT 500,5,E01018213,0,1
2024052402079,2024,052402079,2,9,0,9,9,5,3,0,0,8,0,0,0,0,4,1,6,6,2,36,7,1598,2,8,FIAT 500,1,E01006691,0,1
2024320636008,2024,320636008,2,9,0,9,9,6,3,0,0,2,0,0,0,1,3,1,-1,-1,2,42,7,1242,1,9,FIAT 500,8,E01015626,0,2
2024631454471,2024,631454471,2,9,0,-1,19,6,3,-1,0,8,0,0,0,0,1,1,-1,9,2,57,9,1242,1,6,FIAT 500,6,W01000475,0,3
2024041535719,2024,041535719,1,9,0,-1,19,3,7,-1,0,4,0,0,0,0,1,1,-1,6,1,78,11,1242,1,6,FIAT 500,1,E01024855,0,1
2024111445380,2024,111445380,1,9,0,-1,19,8,4,-1,0,0,0,0,0,0,1,1,-1,6,2,40,7,1242,1,9,FIAT 500,7,E01008570,0,4
2024052400350,2024,052400350,1,9,0,18,19,1,5,0,0,0,0,4,0,0,1,1,6,6,2,58,9,1242,1,8,FIAT 500,3,E01006836,0,1
2024440212553,2024,440212553,2,9,0,18,19,8,4,0,0,8,1,0,0,0,3,1,1,1,2,40,7,1368,1,8,FIAT 500,8,E01023234,0,1
2024991520021,2024,991520021,1,9,0,-1,5,8,6,-1,0,8,0,0,0,0,1,1,-1,6,2,24,5,999,1,0,FIAT 500,4,-1,0,2
2024010541864,2024,010541864,1,9,0,5,5,1,5,0,0,0,0,0,0,0,2,1,6,6,1,29,6,999,1,0,FIAT 500,4,E01003025,0,1
2024010540581,2024,010540581,2,9,0,2,2,0,0,0,0,0,0,0,0,0,2,1,6,6,3,-1,-1,875,1,9,FIAT 500,-1,-1,0,-1
2024421411349,2024,421411349,1,9,0,-1,19,1,5,-1,0,0,1,0,0,0,1,1,-1,6,2,18,4,1242,1,10,FIAT 500,8,E01022072,0,1
2024340NN3392,2024,340NN3392,2,9,0,-1,3,7,3,-1,0,1,0,0,0,0,2,1,-1,6,2,26,6,875,1,13,FIAT 500,8,E01035397,0,1
2024131453826,2024,131453826,2,9,0,-1,19,5,1,-1,0,0,0,0,0,0,2,1,-1,1,1,19,4,1242,1,15,FIAT 500,1,E01011497,0,1
2024161455916,2024,161455916,1,9,0,-1,10,1,5,-1,0,0,0,0,0,0,2,9,-1,7,2,19,4,1242,1,14,FIAT 500,9,E01012924,0,3
2024991402765,2024,991402765,1,9,0,-1,19,7,3,-1,0,0,0,0,0,0,1,1,-1,9,2,87,11,1242,1,15,FIAT 500,5,-1,0,1
2024161401410,2024,161401410,1,9,0,-1,19,1,5,-1,0,0,0,0,1,4,1,1,-1,9,1,86,11,1242,1,10,FIAT 500,6,E01013078,0,1
2024471472669,2024,471472669,1,9,0,-1,2,1,5,-1,0,0,0,0,0,0,2,1,-1,9,2,25,5,1242,1,8,FIAT 500,5,E01031472,0,1
2024010537532,2024,010537532,1,9,0,18,19,5,1,0,0,0,0,0,0,0,1,1,6,6,2,54,8,999,1,4,FIAT 500,10,E01035359,0,3
2024211480876,2024,211480876,1,9,0,-1,4,3,7,-1,0,1,0,0,0,0,2,1,-1,2,2,55,8,1242,1,7,FIAT 500,2,E01029445,0,1
2024010523702,2024,010523702,2,9,0,99,99,9,9,99,99,9,9,99,9,99,1,9,6,6,3,-1,-1,875,1,13,FIAT 500,-1,-1,0,-1
2024421485588,2024,421485588,1,9,0,-1,9,6,3,-1,0,8,0,0,0,0,1,1,-1,9,2,23,5,1368,1,15,FIAT 500,2,E01015896,0,1
2024131453623,2024,131453623,1,9,0,-1,19,1,1,-1,0,8,5,0,0,0,2,1,-1,9,2,30,6,1242,1,11,FIAT 500,1,E01010713,0,2
2024610026824,2024,610026824,1,9,0,4,4,2,6,0,0,1,0,0,0,0,1,1,6,6,2,29,6,1242,1,9,FIAT 500,-1,-1,0,-1
2024211412677,2024,211412677,1,9,0,-1,19,1,5,-1,0,8,0,7,0,0,1,1,-1,2,2,55,8,1242,1,10,FIAT 500,5,E01029829,0,1
2024991497195,2024,991497195,1,9,0,-1,14,7,2,-1,0,2,0,0,0,0,1,1,-1,6,2,18,4,1242,1,11,FIAT 500,-1,-1,0,-1
2024451520906,2024,451520906,1,9,0,-1,5,5,1,-1,0,6,0,0,7,11,1,1,-1,6,1,27,6,1242,1,15,FIAT 500,10,E01031672,0,3
2024061458540,2024,061458540,1,9,0,-1,4,4,6,-1,0,1,0,0,0,0,2,1,-1,2,2,45,7,1242,1,9,FIAT 500,4,E01005838,0,1
2024411408991,2024,411408991,1,9,0,-1,19,1,5,-1,0,0,1,0,0,0,4,9,-1,2,2,21,5,1242,1,5,FIAT 500,7,E01023890,0,2
2024421438901,2024,421438901,1,9,0,-1,19,2,6,-1,0,0,0,0,7,9,1,1,-1,6,2,19,4,875,1,13,FIAT 500,4,E01021847,0,3
2024052400751,2024,052400751,1,9,0,18,19,8,4,0,0,0,0,0,0,0,1,1,6,6,1,26,6,1242,1,14,FIAT 500,2,E01006956,0,1
2024070025812,2024,070025812,1,9,0,18,19,4,8,0,0,7,1,0,0,0,1,1,6,6,2,25,5,1242,1,5,FIAT 500,5,E01006422,0,2
2024451509263,2024,451509263,1,9,0,-1,19,7,3,-1,0,0,0,0,0,0,1,1,-1,9,2,35,6,1242,1,14,FIAT 500,5,E01002948,0,2
2024320489468,2024,320489468,1,9,0,-1,-1,8,4,0,0,1,0,0,0,0,1,1,-1,-1,1,46,8,1242,1,14,FIAT 500,6,E01034687,0,1
2024421466606,2024,421466606,1,9,0,-1,9,3,1,-1,0,4,0,0,0,0,3,1,-1,9,2,19,4,1242,1,12,FIAT 500,8,E01035159,0,1
2024351443051,2024,351443051,1,9,0,-1,19,5,1,-1,0,0,0,0,0,0,3,1,-1,6,1,21,5,1242,1,7,FIAT 500,8,E01026200,0,4
2024371473758,2024,371473758,2,9,0,-1,19,7,3,-1,0,8,5,0,7,0,4,1,-1,6,1,30,6,1242,1,16,FIAT 500,8,E01033044,0,1
2024041475813,2024,041475813,1,9,0,-1,19,1,5,-1,0,3,0,0,0,0,1,1,-1,9,2,22,5,1242,1,9,FIAT 500,5,E01012719,0,1
2024430621900,2024,430621900,2,9,0,3,3,1,5,0,0,1,0,0,1,0,2,1,6,6,2,40,7,1242,1,14,FIAT 500,10,E01032700,0,3
2024421428938,2024,421428938,1,9,0,-1,19,2,4,-1,0,1,0,0,0,0,1,1,-1,6,2,27,6,1242,1,9,FIAT 500,2,E01000098,0,3
2024122400441,2024,122400441,2,9,0,18,19,5,1,0,0,8,0,0,0,0,1,1,6,6,2,46,8,1598,2,8,FIAT 500,7,E01012047,0,4
2024421461456,2024,421461456,1,9,0,-1,19,5,3,-1,0,0,0,0,1,0,1,9,-1,6,2,19,4,1242,1,8,FIAT 500,6,E01021414,0,3
2024461410475,2024,461410475,1,9,0,-1,19,1,1,-1,0,0,0,4,0,0,1,1,-1,9,2,48,8,1242,1,4,FIAT 500,-1,-1,0,-1
2024461455996,2024,461455996,1,9,0,-1,19,8,1,-1,0,0,0,4,0,0,1,1,-1,9,2,34,6,1242,1,15,FIAT 500,5,E01016065,0,4
2024101468002,2024,101468002,3,9,0,-1,2,1,1,-1,0,0,0,0,0,0,1,1,-1,6,-1,-1,-1,1242,1,14,FIAT 500,-1,-1,0,-1
2024361510392,2024,361510392,1,9,0,-1,19,3,7,-1,0,0,1,0,1,0,0,1,-1,6,2,50,8,1242,1,13,FIAT 500,5,E01026466,0,1
2024161458605,2024,161458605,5,9,0,-1,2,0,0,-1,0,0,0,0,0,0,2,1,-1,6,-1,-1,-1,1242,1,9,FIAT 500,-1,-1,0,-1
2024161525976,2024,161525976,2,9,0,-1,19,8,4,-1,0,1,0,0,0,0,2,9,-1,6,2,30,6,1242,1,15,FIAT 500,8,E01013104,0,1
2024010507919,2024,010507919,2,9,0,99,99,9,9,99,99,9,9,99,9,99,1,9,6,6,3,-1,-1,1242,1,15,FIAT 500,-1,-1,0,-1
2024320494182,2024,320494182,1,9,0,-1,-1,4,6,9,9,1,0,0,0,0,2,1,6,6,2,18,4,875,1,13,FIAT 500,3,E01034686,0,1
2024010507805,2024,010507805,2,9,0,2,2,0,0,0,0,9,9,4,1,99,4,9,6,6,3,-1,-1,999,1,1,FIAT 500,-1,-1,0,-1
2024311439407,2024,311439407,1,9,0,-1,9,7,5,-1,0,1,0,0,0,0,1,1,-1,6,2,50,8,1242,1,10,FIAT 500,7,E01028154,0,3
2024461503449,2024,461503449,2,9,0,-1,2,0,0,-1,9,0,0,4,0,0,2,1,-1,9,2,21,5,1242,1,12,FIAT 500,-1,-1,0,-1
2024440176267,2024,440176267,2,9,0,18,19,8,4,0,0,0,0,0,0,0,2,1,6,6,2,63,9,1368,1,7,FIAT 500,8,E01022787,0,1
2024131433015,2024,131433015,1,9,0,-1,19,5,8,-1,1,0,0,0,0,0,4,1,-1,2,2,43,7,999,1,3,FIAT 500,9,E01011939,0,1
2024501463199,2024,501463199,1,9,0,-1,9,3,2,-1,0,6,0,0,0,0,1,1,-1,9,2,19,4,1242,1,8,FIAT 500,9,E01030731,0,5
2024520403036,2024,520403036,2,9,0,2,2,0,0,0,0,0,0,0,0,0,3,1,6,6,2,59,9,1242,1,11,FIAT 500,6,E01029321,0,1
2024421398649,2024,421398649,1,9,0,-1,9,1,6,-1,0,8,0,0,0,0,4,1,-1,9,2,36,7,1242,1,10,FIAT 500,8,E01021389,0,1
2024201451096,2024,201451096,2,9,0,-1,2,0,0,-1,9,0,1,0,0,0,2,1,-1,6,-1,-1,-1,875,1,12,FIAT 500,-1,-1,0,-1
2024052401969,2024,052401969,1,9,0,18,19,7,3,0,0,0,0,0,0,0,1,1,6,6,2,72,10,1242,1,9,FIAT 500,6,E01006920,0,1
2024631474148,2024,631474148,1,9,0,-1,19,6,2,-1,0,1,0,0,0,0,1,1,-1,6,2,17,4,1242,1,15,FIAT 500,8,W01000457,0,1
2024061450433,2024,061450433,2,9,0,-1,4,1,5,-1,0,0,0,0,0,0,2,1,-1,9,2,30,6,1242,1,12,FIAT 500,5,E01012541,0,3
2024320114070,2024,320114070,1,9,0,-1,-1,4,8,0,0,0,1,4,0,0,1,2,1,1,2,21,5,1368,1,16,FIAT 500,2,E01013813,0,4
2024070642502,2024,070642502,1,9,0,18,19,5,1,0,0,8,0,0,0,0,3,1,6,6,2,39,7,1242,1,7,FIAT 500,4,E01012481,0,1
2024501500072,2024,501500072,3,9,0,-1,10,3,7,-1,0,8,0,0,0,0,0,1,-1,6,2,35,6,1368,1,7,FIAT 500,5,E01020101,0,2
2024351508793,2024,351508793,1,9,0,-1,19,7,3,-1,0,0,0,0,1,4,3,1,-1,1,-1,25,5,999,1,2,FIAT 500,4,E01015692,0,4
2024131455528,2024,131455528,1,9,0,-1,19,1,5,-1,0,0,0,0,0,0,4,1,-1,9,2,23,5,1242,1,16,FIAT 500,6,E01010918,0,3
2024010495431,2024,010495431,2,9,0,99,99,9,9,99,99,9,9,99,9,99,1,9,6,6,3,-1,-1,1242,1,10,FIAT 500,3,E01004233,0,1
2024031438904,2024,031438904,2,9,0,-1,19,3,7,-1,0,0,0,0,0,0,4,1,-1,9,2,17,4,1242,1,10,FIAT 500,1,E01019231,0,1
2024440510285,2024,440510285,1,9,0,16,19,2,5,0,0,0,2,0,7,9,3,1,6,6,2,18,4,1242,1,6,FIAT 500,10,E01022770,0,2
2024302400760,2024,302400760,1,9,0,17,19,6,4,0,0,0,0,0,1,0,1,1,6,6,2,20,4,1368,1,16,FIAT 500,2,E01019563,0,1
2024531531764,2024,531531764,2,9,0,-1,19,6,2,-1,0,2,1,10,7,0,1,1,-1,2,2,27,6,1242,1,10,FIAT 500,7,E01022409,0,1
2024501458124,2024,501458124,2,9,0,-1,4,2,6,-1,0,0,0,0,0,0,2,1,-1,6,2,53,8,1242,1,9,FIAT 500,3,E01019051,0,1
2024141499974,2024,141499974,4,9,0,-1,2,0,0,-1,9,2,0,4,0,0,2,2,-1,6,2,-1,-1,1242,1,11,FIAT 500,-1,-1,0,-1
2024010497708,2024,010497708,2,9,0,16,19,6,1,0,0,2,0,0,0,0,1,1,6,6,2,38,7,1242,1,8,FIAT 500,5,E01001656,0,1
2024421448710,2024,421448710,2,9,0,-1,2,0,0,-1,0,0,0,0,0,0,4,1,-1,6,-1,-1,-1,875,1,8,FIAT 500,-1,-1,0,-1
202454C068124,2024,54C068124,1,9,0,16,19,8,4,0,0,0,5,0,1,10,4,1,1,1,1,18,4,1242,1,11,FIAT 500,6,E01022374,0,4
2024411479553,2024,411479553,1,9,-1,-1,-1,-1,-1,-1,-1,0,-1,-1,-1,0,-1,9,-1,6,2,85,11,1242,1,10,FIAT 500,9,E01002225,0,1
2024161527169,2024,161527169,1,9,0,-1,12,2,6,-1,0,0,0,0,0,0,3,1,-1,6,2,24,5,1598,2,8,FIAT 500,3,E01012759,0,1
2024161508905,2024,161508905,2,9,0,-1,19,3,7,-1,0,2,0,0,0,0,4,1,-1,9,2,21,5,1242,1,14,FIAT 500,10,E01013067,0,3
2024010499269,2024,010499269,2,9,9,99,99,9,9,99,99,9,9,99,9,99,9,9,6,6,3,58,9,999,1,1,FIAT 500,4,E01001624,0,1
2024471469938,2024,471469938,1,9,0,-1,5,6,2,-1,0,4,0,0,0,0,1,1,-1,2,2,55,8,1242,1,12,FIAT 500,5,E01031370,0,1
2024471398696,2024,471398696,1,9,0,-1,19,5,1,-1,0,0,2,0,0,0,3,1,-1,2,2,17,4,875,1,12,FIAT 500,9,E01031693,0,1
2024461535551,2024,461535551,1,9,0,-1,5,2,6,-1,0,0,0,4,0,0,1,1,-1,6,2,19,4,1242,1,6,FIAT 500,-1,-1,0,-1
2024131511739,2024,131511739,1,9,0,-1,6,7,7,-1,0,1,0,0,0,0,2,1,-1,2,1,22,5,-1,3,2,FIAT 500,1,E01010700,0,1
2024411506998,2024,411506998,1,9,0,-1,19,7,3,-1,0,1,0,0,0,0,1,1,-1,9,2,54,8,999,1,2,FIAT 500,6,E01023598,0,3
2024010513926,2024,010513926,1,9,0,18,19,3,7,0,0,8,0,0,0,0,1,1,6,6,2,18,4,1242,1,10,FIAT 500,3,E01000404,0,1
2024340NN3972,2024,340NN3972,1,9,0,-1,19,8,4,-1,0,1,0,4,0,0,1,1,-1,1,1,43,7,999,1,3,FIAT 500,5,E01027316,0,1
2024010524124,2024,010524124,1,9,0,9,9,3,1,0,0,2,0,0,0,0,1,1,2,2,1,17,4,1242,1,14,FIAT 500,3,E01002603,0,1
2024371486247,2024,371486247,1,9,0,-1,7,3,5,-1,0,1,0,0,0,0,1,1,-1,6,1,62,9,999,1,1,FIAT 500,-1,-1,0,-1
2024451427932,2024,451427932,2,9,0,-1,19,1,5,-1,0,6,0,7,0,0,4,1,-1,9,2,24,5,1242,1,15,FIAT 500,6,E01030332,0,2
2024340NN0542,2024,340NN0542,1,9,0,-1,19,6,2,-1,0,1,0,0,0,0,1,1,-1,6,1,37,7,1242,1,11,FIAT 500,9,E01027052,0,1
2024421512461,2024,421512461,1,9,0,-1,9,4,1,-1,0,8,0,0,0,0,1,1,-1,6,2,21,5,1242,1,7,FIAT 500,6,E01021435,0,1
2024061436769,2024,061436769,1,9,0,-1,19,2,6,-1,0,1,0,0,0,0,1,1,-1,9,2,48,8,999,1,2,FIAT 500,2,E01004868,0,1
2024501432327,2024,501432327,3,9,0,-1,19,1,5,-1,0,1,0,0,0,0,4,1,-1,6,2,26,6,1242,1,13,FIAT 500,9,E01019984,0,3
2024201443494,2024,201443494,2,9,0,-1,19,8,4,-1,0,0,0,0,0,0,2,1,-1,6,2,27,6,1242,1,5,FIAT 500,-1,-1,0,-1
2024501413488,2024,501413488,2,9,0,-1,19,5,8,-1,0,0,0,0,0,0,1,1,-1,9,2,50,8,875,1,11,FIAT 500,5,E01019073,0,1
2024631436171,2024,631436171,1,9,0,-1,19,2,6,-1,0,0,0,0,0,0,4,1,-1,9,2,17,4,1242,1,13,FIAT 500,7,W01000470,0,1
2024411449001,2024,411449001,1,9,0,-1,7,6,2,-1,0,4,0,0,0,0,3,1,-1,9,2,82,11,1242,1,11,FIAT 500,6,E01023915,0,1
2024545815724,2024,545815724,1,9,0,7,7,8,4,0,0,4,0,0,0,0,1,1,3,7,2,17,4,1242,1,16,FIAT 500,5,E01032090,0,1
2024320317657,2024,320317657,3,9,0,-1,-1,5,1,0,0,1,0,0,0,0,2,2,-1,-1,1,29,6,1242,1,13,FIAT 500,10,E01026357,0,1
2024211411038,2024,211411038,1,9,0,-1,19,4,8,-1,0,3,0,0,0,0,4,1,-1,6,2,54,8,1242,1,12,FIAT 500,3,E01034047,0,2
2024631488274,2024,631488274,2,9,0,-1,2,0,0,-1,0,0,0,0,0,0,2,1,-1,6,-1,-1,-1,1242,1,14,FIAT 500,-1,-1,0,-1