collision_index,collision_year,collision_ref_no,vehicle_reference,vehicle_type,towing_and_articulation,vehicle_manoeuvre_historic,vehicle_manoeuvre,vehicle_direction_from,vehicle_direction_to,vehicle_location_restricted_lane_historic,vehicle_location_restricted_lane,junction_location,skidding_and_overturning,hit_object_in_carriageway,vehicle_leaving_carriageway,hit_object_off_carriageway,first_point_of_impact,vehicle_left_hand_drive,journey_purpose_of_driver_historic,journey_purpose_of_driver,sex_of_driver,age_of_driver,age_band_of_driver,engine_capacity_cc,propulsion_code,age_of_vehicle,generic_make_model,driver_imd_decile,lsoa_of_driver,escooter_flag,driver_distance_banding
2024320527140,2024,320527140,2,9,0,3,3,2,4,0,0,6,0,0,0,0,2,1,-1,-1,2,60,9,1242,1,8,FIAT 500,8,E01032991,0,2
2024010532211,2024,010532211,6,9,0,1,1,1,5,0,0,1,0,4,0,0,1,1,6,6,1,49,8,875,1,10,FIAT 500,3,E01000099,0,1
2024991493893,2024,991493893,2,9,0,-1,19,6,1,-1,0,0,1,0,0,0,1,1,-1,9,2,67,10,999,1,2,FIAT 500,4,-1,0,1
202417M300724,2024,17M300724,3,9,0,3,3,3,7,0,0,0,0,0,0,0,2,1,2,2,2,47,8,1242,1,7,FIAT 500,7,E01012235,0,2
2024010493471,2024,010493471,1,9,0,14,14,3,7,0,0,0,0,0,0,0,1,1,6,6,2,53,8,1242,1,15,FIAT 500,5,E01001138,0,1
2024991470266,2024,991470266,1,9,0,-1,3,7,4,-1,4,0,0,0,0,0,3,1,-1,9,1,53,8,1242,1,15,FIAT 500,9,-1,0,1
2024546401324,2024,546401324,2,9,0,18,19,7,3,0,0,2,0,0,0,0,1,1,2,2,2,22,5,1242,1,5,FIAT 500,10,E01015471,0,1
2024501414375,2024,501414375,1,9,0,-1,19,7,3,-1,0,1,0,0,0,0,1,1,-1,7,2,19,4,1242,1,11,FIAT 500,4,E01018847,0,2
2024302400381,2024,302400381,2,9,0,2,2,0,0,0,0,0,0,0,0,0,3,1,6,6,3,-1,-1,1242,1,12,FIAT 500,-1,-1,0,-1
2024320262246,2024,320262246,1,9,0,-1,-1,8,4,0,0,1,0,0,0,0,1,1,6,6,2,20,4,1242,1,12,FIAT 500,10,E01032993,0,1
2024010505038,2024,010505038,1,9,0,18,19,1,5,0,0,8,0,0,0,0,1,1,6,6,2,24,5,1242,1,14,FIAT 500,5,E01001105,0,1
2024548078124,2024,548078124,3,9,0,18,19,5,1,0,0,1,0,0,0,0,1,1,6,6,2,49,8,1242,1,16,FIAT 500,9,E01031955,0,1
2024991409428,2024,991409428,1,9,0,-1,19,8,4,-1,0,0,0,0,0,0,1,1,-1,6,2,24,5,1242,1,9,FIAT 500,5,-1,0,2
2024501525737,2024,501525737,2,9,0,-1,12,7,3,-1,0,0,0,0,0,0,2,1,-1,2,1,43,7,999,1,1,FIAT 500,10,E01020167,0,4
2024421449727,2024,421449727,2,9,0,-1,3,1,5,-1,0,1,0,0,0,0,2,1,-1,9,2,45,7,1242,1,10,FIAT 500,5,E01015872,0,2
2024421410207,2024,421410207,2,9,0,-1,19,-1,-1,-1,0,0,0,0,0,0,3,9,-1,6,2,18,4,1242,1,10,FIAT 500,4,E01021817,0,1
2024161417534,2024,161417534,2,9,0,-1,2,-1,-1,-1,0,2,0,0,0,0,-1,9,-1,6,3,-1,-1,1242,1,13,FIAT 500,-1,-1,0,-1
2024031401257,2024,031401257,1,9,0,-1,9,5,3,-1,0,6,0,0,0,0,3,1,-1,9,1,81,11,1242,1,9,FIAT 500,8,E01019330,0,4
2024010520399,2024,010520399,2,9,0,9,9,3,8,0,0,3,0,0,0,0,3,1,6,6,2,27,6,1242,1,8,FIAT 500,6,E01001236,0,2
2024041430927,2024,041430927,2,9,0,-1,19,2,1,-1,0,1,0,0,0,0,1,1,-1,9,2,24,5,1242,1,5,FIAT 500,4,E01025216,0,1
2024461419625,2024,461419625,1,9,0,-1,19,7,3,-1,0,3,0,0,0,0,4,9,-1,6,2,17,4,1242,1,14,FIAT 500,9,E01016090,0,1
2024010547235,2024,010547235,1,9,0,18,19,5,1,0,0,1,5,4,0,0,4,1,6,6,2,-1,-1,875,1,13,FIAT 500,-1,-1,0,-1
2024461409990,2024,461409990,1,9,0,-1,19,5,1,-1,0,0,5,0,0,0,1,9,-1,9,2,17,4,1242,1,13,FIAT 500,6,E01024361,0,3
2024010549376,2024,010549376,1,9,0,99,99,9,9,99,99,9,9,99,9,99,3,9,6,6,2,20,4,1242,1,11,FIAT 500,10,E01031531,0,4
2024471414006,2024,471414006,1,9,0,-1,19,3,8,-1,0,2,1,0,0,0,1,1,-1,9,2,52,8,1242,1,13,FIAT 500,3,E01021050,0,4
2024221466493,2024,221466493,1,9,0,-1,4,6,1,-1,0,1,0,0,0,0,2,1,-1,2,2,42,7,1598,1,7,FIAT 500,10,E01014168,0,1
2024340NN2242,2024,340NN2242,2,9,0,-1,2,0,0,-1,0,0,0,0,1,0,3,1,-1,6,3,-1,-1,1242,1,11,FIAT 500,-1,-1,0,-1
2024522500167,2024,522500167,1,9,0,18,19,4,8,0,0,0,0,0,0,0,2,1,6,6,1,46,8,1242,1,9,FIAT 500,8,W01001549,0,3
2024471499213,2024,471499213,1,9,0,-1,19,4,8,-1,0,0,0,0,0,0,1,1,-1,2,2,41,7,999,1,1,FIAT 500,9,E01021223,0,1
2024010547505,2024,010547505,2,9,0,99,99,9,9,99,99,9,9,99,9,99,9,9,6,6,3,-1,-1,1242,1,13,FIAT 500,-1,-1,0,-1
2024131455431,2024,131455431,1,9,0,-1,9,4,2,-1,0,8,0,0,0,0,1,1,-1,6,2,-1,-1,1598,2,9,FIAT 500,-1,-1,0,-1
2024010501556,2024,010501556,5,9,0,2,2,0,0,0,0,0,0,0,0,0,3,1,6,6,3,-1,-1,1598,1,8,FIAT 500,-1,-1,0,-1
2024430038311,2024,430038311,1,9,0,12,12,8,4,0,0,2,0,0,0,0,3,1,6,6,1,52,8,1598,1,8,FIAT 500,4,E01016455,0,2
2024010519082,2024,010519082,1,9,0,9,9,1,7,0,0,6,0,0,0,0,1,1,6,6,2,56,9,1242,1,6,FIAT 500,7,E01003888,0,2
2024320345739,2024,320345739,2,9,0,4,4,2,6,0,0,0,0,0,0,0,2,1,-1,-1,2,23,5,1242,1,10,FIAT 500,8,E01026219,0,1
2024211501073,2024,211501073,1,9,0,-1,2,0,0,-1,0,0,0,0,0,0,3,1,-1,6,2,41,7,1242,1,7,FIAT 500,6,E01029524,0,1
2024052402489,2024,052402489,2,9,0,18,19,5,1,0,0,8,0,0,0,0,1,1,6,6,2,70,10,1242,1,11,FIAT 500,7,E01007135,0,1
2024411477743,2024,411477743,1,9,0,-1,15,5,1,-1,0,0,0,0,0,0,1,1,-1,9,2,27,6,1956,2,8,FIAT 500,9,E01024146,0,4
2024401508398,2024,401508398,1,9,0,-1,10,5,3,-1,0,1,0,0,0,0,4,1,-1,6,2,64,9,999,1,0,FIAT 500,10,E01017401,0,2
2024320519549,2024,320519549,1,9,0,-1,-1,4,8,0,0,0,0,0,0,0,3,1,-1,-1,2,19,4,1242,1,13,FIAT 500,7,E01026398,0,1
2024141455336,2024,141455336,1,9,0,-1,19,6,2,-1,0,1,0,0,0,0,4,1,-1,9,2,54,8,1242,1,5,FIAT 500,9,E01019602,0,3
2024531477945,2024,531477945,1,9,0,-1,12,1,5,-1,0,1,0,0,4,1,1,1,-1,9,1,36,7,999,1,1,FIAT 500,2,E01000858,0,5
2024231460294,2024,231460294,2,9,0,-1,19,1,5,-1,0,8,0,0,0,0,1,1,-1,6,2,19,4,1242,1,9,FIAT 500,3,E01009589,0,1
2024411496657,2024,411496657,4,9,0,-1,2,0,0,-1,0,0,0,0,0,0,2,1,-1,6,-1,-1,-1,999,1,2,FIAT 500,-1,-1,0,-1
2024421420150,2024,421420150,2,9,0,-1,19,7,5,-1,0,0,0,0,0,0,1,1,-1,2,2,46,8,1242,1,14,FIAT 500,-1,-1,0,-1
2024501407803,2024,501407803,1,9,0,-1,9,1,5,-1,0,8,1,0,0,0,1,1,-1,6,2,57,9,1242,1,10,FIAT 500,7,E01020080,0,1
2024201504833,2024,201504833,1,9,0,-1,5,4,8,-1,0,8,0,0,0,0,1,1,-1,6,2,33,6,1242,1,5,FIAT 500,3,E01009977,0,1
2024430136330,2024,430136330,1,9,0,7,7,6,8,0,0,6,0,0,0,0,3,1,6,6,2,35,6,1248,2,7,FIAT 500,9,E01022494,0,3
2024421494791,2024,421494791,1,9,0,-1,19,5,8,-1,0,0,1,0,0,0,4,1,-1,1,2,26,6,1242,1,14,FIAT 500,2,E01034367,0,3
2024070783868,2024,070783868,1,9,0,-1,19,5,1,-1,0,0,0,0,0,0,1,1,-1,2,2,20,4,1242,1,9,FIAT 500,8,E01018567,0,1
2024061501888,2024,061501888,1,9,0,-1,19,1,5,-1,0,8,0,0,2,2,1,1,-1,2,1,28,6,1242,1,8,FIAT 500,-1,-1,0,-1
2024440323582,2024,440323582,1,9,0,4,4,4,8,0,0,0,0,0,0,0,2,1,6,6,2,70,10,1242,1,7,FIAT 500,9,E01032852,0,2
2024522402915,2024,522402915,2,9,0,18,19,7,3,0,0,0,0,0,0,0,4,1,6,6,1,66,10,1242,1,14,FIAT 500,8,E01014972,0,2
2024010514481,2024,010514481,1,9,0,99,99,9,9,0,0,0,0,12,0,0,9,1,6,6,2,35,6,1242,1,11,FIAT 500,7,E01021761,0,3
2024041429327,2024,041429327,1,9,0,-1,19,1,5,-1,0,0,5,4,0,0,1,1,-1,9,2,83,11,999,1,3,FIAT 500,7,E01012597,0,1
2024552400893,2024,552400893,1,9,0,14,14,2,6,0,0,0,0,0,0,0,1,1,6,6,2,29,6,1598,1,6,FIAT 500,6,E01015353,0,1
2024461481877,2024,461481877,2,9,0,-1,3,7,3,-1,0,1,0,0,0,0,2,1,-1,6,2,58,9,1242,1,13,FIAT 500,4,E01024541,0,1
2024320130184,2024,320130184,2,9,0,3,3,8,4,0,0,0,0,0,1,0,2,1,-1,-1,2,47,8,1242,1,13,FIAT 500,4,E01026343,0,1
2024052500017,2024,052500017,1,9,0,18,19,3,7,0,0,1,0,0,7,0,1,1,6,6,2,19,4,1242,1,5,FIAT 500,2,E01032511,0,3
2024010526830,2024,010526830,1,9,0,7,7,1,3,0,0,5,0,0,0,0,4,1,6,6,2,45,7,1242,1,5,FIAT 500,6,E01001997,0,2
2024461453695,2024,461453695,1,9,0,-1,7,-1,-1,-1,0,2,0,0,0,0,1,9,-1,6,2,21,5,875,1,13,FIAT 500,1,E01024020,0,1
2024461432828,2024,461432828,4,9,0,-1,2,1,1,-1,0,0,0,0,0,0,2,9,-1,6,2,61,9,1242,1,4,FIAT 500,6,E01024592,0,1
2024411519146,2024,411519146,1,9,0,-1,19,1,5,-1,0,8,0,0,0,0,3,1,-1,6,2,55,8,-1,3,2,FIAT 500,6,E01002161,0,3
2024411532855,2024,411532855,1,9,0,-1,4,5,1,-1,0,1,0,0,1,0,4,1,-1,6,2,47,8,1242,1,9,FIAT 500,7,E01017564,0,3
2024451396117,2024,451396117,2,9,0,-1,9,1,3,-1,0,1,0,0,0,0,4,9,-1,6,2,30,6,1242,1,5,FIAT 500,-1,-1,0,-1
2024421419722,2024,421419722,2,9,0,-1,19,6,2,-1,0,1,0,0,0,0,4,1,-1,9,2,33,6,1368,1,9,FIAT 500,6,E01035155,0,1
2024010511998,2024,010511998,1,9,0,7,7,5,7,4,4,5,0,0,1,0,4,1,6,6,2,35,6,1598,1,8,FIAT 500,2,E01033876,0,1
2024520000561,2024,520000561,1,9,0,3,3,2,6,0,0,0,0,0,0,0,2,1,6,6,2,21,5,999,1,4,FIAT 500,6,E01014372,0,1
2024522500088,2024,522500088,1,9,0,18,19,3,7,0,0,2,0,0,0,0,1,1,6,6,2,29,6,1242,1,6,FIAT 500,3,E01014646,0,1
2024010511890,2024,010511890,1,9,0,9,9,1,6,0,0,4,0,0,0,0,1,1,6,6,2,20,4,1242,1,15,FIAT 500,4,E01001582,0,2
2024440204132,2024,440204132,1,9,0,16,19,5,7,0,0,0,2,0,7,4,1,1,6,6,2,18,4,1242,1,11,FIAT 500,9,E01032604,0,1
2024351506943,2024,351506943,2,9,0,-1,19,8,4,-1,0,0,0,0,0,0,4,1,-1,2,2,39,7,1242,1,12,FIAT 500,4,E01018100,0,4
2024552401258,2024,552401258,2,9,0,3,3,1,5,0,0,4,0,0,0,0,2,1,6,6,2,31,6,1242,1,11,FIAT 500,7,E01015466,0,1
2024070987489,2024,070987489,1,9,0,-1,19,3,7,-1,0,1,1,0,0,11,1,1,-1,2,2,25,5,1242,1,15,FIAT 500,-1,-1,0,-1
2024340WN3872,2024,340WN3872,2,9,0,-1,8,3,1,-1,0,8,0,0,0,0,2,1,-1,6,2,63,9,1242,1,10,FIAT 500,-1,-1,0,-1
2024302400267,2024,302400267,1,9,0,9,9,7,5,0,0,6,0,0,0,0,3,1,6,6,2,76,11,1242,1,5,FIAT 500,9,E01025809,0,4
2024131431155,2024,131431155,1,9,0,-1,9,7,3,-1,0,1,0,0,0,0,1,1,-1,1,2,17,4,1242,1,12,FIAT 500,8,E01011596,0,2
2024101475252,2024,101475252,1,9,0,-1,4,1,5,-1,0,1,0,0,0,0,2,1,-1,2,2,36,7,1242,1,6,FIAT 500,5,E01008178,0,1
2024440091587,2024,440091587,1,9,0,16,19,4,8,0,0,0,2,0,8,4,3,1,6,6,1,18,4,1242,1,13,FIAT 500,8,E01034555,0,1
2024041478998,2024,041478998,2,9,0,-1,19,5,1,-1,0,1,0,0,0,0,3,1,-1,9,2,18,4,1242,1,8,FIAT 500,9,E01025451,0,1
2024101517651,2024,101517651,3,9,0,-1,3,6,2,-1,0,0,0,0,0,0,2,1,-1,6,2,24,5,1242,1,7,FIAT 500,7,E01008364,0,3
2024501449116,2024,501449116,1,9,0,-1,19,5,1,-1,0,0,0,0,0,0,1,1,-1,6,2,69,10,1242,1,11,FIAT 500,3,E01019012,0,1
2024010544300,2024,010544300,1,9,0,18,19,3,7,0,0,2,0,0,0,0,1,1,2,2,1,64,9,875,1,13,FIAT 500,5,E01001185,0,1
2024320068351,2024,320068351,2,9,0,9,9,6,4,0,0,5,0,0,7,0,2,1,-1,-1,1,18,4,999,1,2,FIAT 500,8,E01026394,0,1
2024471491988,2024,471491988,1,9,0,-1,19,5,1,-1,0,1,0,0,0,0,1,1,-1,9,2,46,8,1242,1,11,FIAT 500,3,E01016926,0,1
2024451405906,2024,451405906,1,9,0,-1,19,3,7,-1,0,0,0,0,0,0,2,1,-1,1,2,38,7,1242,1,7,FIAT 500,9,E01030846,0,1
2024461406048,2024,461406048,3,9,0,-1,2,0,0,-1,0,2,0,0,0,0,1,1,-1,6,2,60,9,1242,1,14,FIAT 500,5,E01016130,0,1
2024411515628,2024,411515628,1,9,0,-1,9,8,7,-1,0,8,1,0,0,0,4,1,-1,6,2,23,5,1242,1,10,FIAT 500,10,E01023908,0,2
2024211500367,2024,211500367,2,9,0,-1,19,1,5,-1,0,1,1,0,0,0,1,1,-1,9,2,17,4,1242,1,9,FIAT 500,7,E01029655,0,3
2024371462572,2024,371462572,1,9,0,-1,9,4,2,-1,0,8,0,0,0,0,1,1,-1,6,2,36,7,1242,1,10,FIAT 500,4,E01030270,0,1
2024440381657,2024,440381657,2,9,0,18,19,1,5,0,0,0,5,0,2,10,2,1,6,6,2,47,8,1242,1,8,FIAT 500,5,E01015461,0,4
2024201451309,2024,201451309,3,9,0,-1,19,5,1,-1,0,1,0,0,0,0,2,1,-1,9,2,50,8,1242,1,11,FIAT 500,2,E01010511,0,1
2024411457539,2024,411457539,1,9,0,-1,-1,-1,-1,-1,-1,-1,-1,-1,-1,0,-1,9,-1,9,1,-1,-1,1242,1,5,FIAT 500,-1,-1,0,-1
2024201403815,2024,201403815,2,9,0,-1,11,8,4,-1,0,0,1,0,0,0,2,9,-1,1,2,55,8,875,1,11,FIAT 500,4,E01009779,0,3
2024201447758,2024,201447758,2,9,0,-1,3,6,8,-1,0,1,0,0,0,0,2,1,-1,6,1,-1,-1,1242,1,16,FIAT 500,1,E01010363,0,1
2024501398231,2024,501398231,1,9,0,-1,19,1,5,-1,0,0,1,11,1,10,4,1,-1,9,2,19,4,1242,1,11,FIAT 500,9,E01020038,0,3
2024361463566,2024,361463566,1,9,0,-1,19,6,2,-1,0,0,0,0,0,0,1,1,-1,6,2,19,4,1242,1,6,FIAT 500,5,E01026651,0,4
2024461423147,2024,461423147,2,9,0,-1,19,1,5,-1,0,0,0,0,0,0,3,9,-1,9,1,21,5,1242,1,11,FIAT 500,10,E01024348,0,1
2024311402516,2024,311402516,2,9,0,-1,3,1,5,-1,0,0,0,0,0,0,0,1,-1,6,2,24,5,1242,1,11,FIAT 500,1,E01013818,0,2
2024541630124,2024,541630124,1,9,0,18,19,6,2,0,0,0,0,0,0,0,1,1,2,2,2,20,4,1242,1,12,FIAT 500,8,E01032088,0,1
2024010540713,2024,010540713,2,9,0,3,3,3,7,0,0,2,0,0,0,0,2,1,6,6,2,57,9,-1,3,0,FIAT 500,-1,-1,0,-1
2024421466448,2024,421466448,3,9,0,-1,19,4,8,-1,0,0,0,0,0,0,2,1,-1,9,2,37,7,999,1,4,FIAT 500,-1,-1,0,-1
2024340WN6092,2024,340WN6092,2,9,0,-1,19,1,5,-1,0,1,0,0,0,0,1,1,-1,2,2,45,7,1368,1,9,FIAT 500,2,E01027246,0,1
2024231447760,2024,231447760,2,9,0,-1,8,6,8,-1,0,1,0,0,0,0,2,9,-1,2,2,25,5,1242,1,4,FIAT 500,9,E01035100,0,4
2024231529737,2024,231529737,1,9,0,-1,5,1,4,-1,0,4,0,0,0,0,1,9,-1,6,2,54,8,1242,1,8,FIAT 500,6,E01035021,0,1
2024122400728,2024,122400728,2,9,0,17,19,1,7,0,0,0,0,0,0,0,3,1,6,6,2,39,7,1598,1,6,FIAT 500,9,E01012297,0,3
202460Q054116,2024,60Q054116,1,9,0,9,9,7,5,0,0,6,0,0,0,0,1,1,2,2,2,22,5,1248,2,8,FIAT 500,-1,-1,0,-1
2024471476197,2024,471476197,1,9,0,-1,19,2,6,-1,0,0,5,0,7,0,4,1,-1,9,2,69,10,999,1,1,FIAT 500,5,E01012706,0,5
2024371472374,2024,371472374,2,9,0,-1,19,6,1,-1,0,1,0,0,0,0,1,1,-1,6,2,19,4,1242,1,10,FIAT 500,6,E01030059,0,1
2024211477210,2024,211477210,1,9,0,-1,19,1,5,-1,0,0,0,0,0,0,1,1,-1,6,2,42,7,999,1,1,FIAT 500,8,E01014214,0,1
2024622400611,2024,622400611,1,9,0,18,19,4,8,0,0,0,5,4,0,0,4,1,6,6,2,83,11,1242,1,7,FIAT 500,3,W01001177,0,1
2024010529073,2024,010529073,2,8,0,99,99,9,9,99,99,9,9,99,9,99,9,9,6,6,3,-1,-1,999,1,1,FIAT 500,-1,-1,0,-1
2024351422703,2024,351422703,1,9,0,-1,19,1,5,-1,0,0,0,0,0,0,1,1,-1,9,1,48,8,999,1,3,FIAT 500,-1,-1,0,-1
2024320254776,2024,320254776,1,9,0,-1,-1,1,3,0,0,6,0,0,0,0,1,1,6,6,2,25,5,1242,1,8,FIAT 500,8,E01026368,0,1
2024991522872,2024,991522872,1,9,0,-1,19,7,3,-1,0,0,0,0,0,0,1,1,-1,6,2,22,5,1242,1,6,FIAT 500,8,-1,0,3
2024361524368,2024,361524368,2,9,0,-1,3,3,5,-1,0,4,0,0,0,0,2,1,-1,6,2,18,4,1242,1,9,FIAT 500,5,E01030241,0,2
2024351432500,2024,351432500,2,9,-1,-1,-1,-1,-1,-1,-1,-1,-1,-1,-1,0,-1,9,-1,6,1,39,7,875,1,13,FIAT 500,4,E01026280,0,3
2024010517413,2024,010517413,3,9,0,18,19,3,7,0,0,0,0,4,0,0,1,1,6,6,2,18,4,1242,1,6,FIAT 500,10,E01000458,0,1
2024440013322,2024,440013322,2,9,0,18,19,4,8,0,0,8,0,0,0,0,1,1,6,6,2,19,4,1242,1,7,FIAT 500,10,E01022784,0,1
2024361399152,2024,361399152,1,9,0,-1,5,7,3,-1,0,3,1,0,0,0,4,1,-1,9,2,22,5,1242,1,12,FIAT 500,8,E01026519,0,1
2024041462003,2024,041462003,2,9,0,-1,19,7,3,-1,0,0,0,0,7,0,1,1,-1,9,2,21,5,1242,1,11,FIAT 500,6,E01025014,0,1
2024211528405,2024,211528405,1,9,0,-1,19,7,3,-1,0,0,0,0,0,0,1,1,-1,9,2,55,8,999,1,0,FIAT 500,10,E01029710,0,2
2024320696889,2024,320696889,1,9,0,-1,-1,4,8,0,0,6,0,0,7,9,3,1,6,6,2,32,6,1242,1,10,FIAT 500,4,E01013227,0,4
2024131428770,2024,131428770,1,9,0,-1,19,4,7,-1,0,0,0,0,1,2,1,1,-1,9,1,24,5,1242,1,7,FIAT 500,9,E01011715,0,1
2024421417260,2024,421417260,3,9,0,-1,-1,-1,-1,-1,-1,0,-1,-1,-1,0,-1,9,-1,6,3,-1,-1,1242,1,15,FIAT 500,-1,-1,0,-1
2024320528163,2024,320528163,2,9,0,-1,-1,8,4,0,0,0,0,0,0,0,1,1,-1,-1,2,24,5,1242,1,7,FIAT 500,6,E01027923,0,4
2024010517200,2024,010517200,1,9,0,99,99,9,9,99,99,9,9,99,9,99,2,9,6,6,2,37,7,1242,1,5,FIAT 500,3,E01002086,0,1
2024122500171,2024,122500171,1,9,0,7,7,7,1,0,0,1,0,0,0,0,4,1,2,2,2,18,4,1242,1,10,FIAT 500,9,E01033186,0,1
2024451524421,2024,451524421,1,9,0,-1,3,-1,-1,-1,0,9,1,10,1,11,4,1,-1,2,2,21,5,1242,1,11,FIAT 500,8,E01030954,0,1
2024221511790,2024,221511790,2,9,0,-1,19,4,8,-1,0,8,0,0,0,0,4,1,-1,6,2,20,4,1242,1,8,FIAT 500,9,E01032451,0,1
2024141494601,2024,141494601,1,9,0,-1,19,7,3,-1,0,0,0,0,0,0,1,1,-1,6,1,26,6,1242,1,8,FIAT 500,2,E01007593,0,4
2024610027124,2024,610027124,1,9,0,7,7,3,5,0,0,2,0,0,0,0,1,1,6,6,2,20,4,1242,1,12,FIAT 500,-1,-1,0,-1
2024041441923,2024,041441923,1,9,0,-1,19,7,3,-1,0,0,0,4,0,0,1,1,-1,9,2,30,6,1242,1,12,FIAT 500,1,E01025260,0,3
2024631403114,2024,631403114,1,9,0,-1,19,2,6,-1,0,0,5,0,0,0,1,1,-1,6,1,55,8,999,1,2,FIAT 500,4,W01000533,0,2
2024542167524,2024,542167524,2,9,0,3,3,8,4,0,0,3,0,0,0,0,2,1,6,6,1,31,6,1242,1,10,FIAT 500,5,E01015509,0,1
2024531519610,2024,531519610,2,9,0,-1,19,4,8,-1,0,8,1,0,0,0,1,1,-1,6,2,45,7,1242,1,14,FIAT 500,3,E01022159,0,1
2024991442130,2024,991442130,1,9,0,-1,4,5,1,-1,0,1,0,6,3,10,1,1,-1,9,2,74,10,-1,3,2,FIAT 500,6,-1,0,4
2024552401260,2024,552401260,1,9,0,18,19,8,4,0,0,8,0,0,0,0,1,1,6,6,3,-1,-1,1242,1,5,FIAT 500,-1,-1,0,-1
2024201529645,2024,201529645,1,9,0,-1,19,3,5,-1,0,0,0,0,0,0,1,9,-1,6,2,34,6,1242,1,12,FIAT 500,1,E01010234,0,1
2024440368717,2024,440368717,1,9,0,18,19,3,7,0,0,0,5,0,8,5,1,1,6,6,1,20,4,1242,1,14,FIAT 500,6,E01023179,0,1
2024501448287,2024,501448287,1,9,0,-1,19,2,6,-1,0,0,5,0,0,0,1,1,-1,9,2,19,4,1242,1,11,FIAT 500,7,E01018934,0,4
2024461517165,2024,461517165,1,9,0,-1,3,5,1,-1,0,1,0,4,0,0,1,1,-1,9,2,83,11,999,1,3,FIAT 500,9,E01024526,0,1
2024010519696,2024,010519696,2,9,9,99,99,9,9,99,99,9,9,99,9,99,9,9,6,6,3,-1,-1,999,1,4,FIAT 500,-1,-1,0,-1
2024311427276,2024,311427276,2,9,0,-1,4,4,8,-1,0,0,0,0,0,0,1,9,-1,6,2,32,6,999,1,2,FIAT 500,9,E01018205,0,4
2024451523929,2024,451523929,1,9,0,-1,3,5,1,-1,0,4,0,0,0,0,2,1,-1,6,2,43,7,1242,1,7,FIAT 500,10,E01030606,0,1
2024131535176,2024,131535176,1,9,0,-1,19,7,3,-1,0,1,0,0,0,0,1,1,-1,2,2,25,5,1242,1,6,FIAT 500,10,E01010586,0,2
2024311475992,2024,311475992,1,9,0,-1,19,8,4,-1,0,8,0,0,0,0,1,1,-1,6,2,22,5,1242,1,14,FIAT 500,5,E01028291,0,1
2024351424935,2024,351424935,1,9,-1,-1,-1,-1,-1,-1,-1,-1,-1,-1,-1,0,-1,9,-1,6,2,54,8,999,1,2,FIAT 500,5,E01018213,0,1
2024991496013,2024,991496013,1,9,0,-1,9,7,5,-1,0,8,0,0,0,0,4,1,-1,9,1,54,8,999,1,2,FIAT 500,-1,-1,0,-1
2024141507658,2024,141507658,2,9,0,-1,2,0,0,-1,0,0,0,0,0,0,4,1,-1,6,-1,-1,-1,1242,1,11,FIAT 500,-1,-1,0,-1
2024451529640,2024,451529640,1,9,0,-1,9,7,1,-1,0,6,0,0,7,1,3,1,-1,6,2,42,7,1242,1,9,FIAT 500,2,E01001076,0,1
2024041423001,2024,041423001,2,9,0,-1,19,3,7,-1,0,0,0,0,0,0,2,1,-1,2,2,48,8,999,1,2,FIAT 500,9,E01012563,0,4
2024440497307,2024,440497307,2,9,0,18,19,5,1,0,0,8,0,0,0,0,1,1,6,6,2,24,5,1242,1,8,FIAT 500,8,E01017287,0,2
2024440326150,2024,440326150,1,9,0,6,6,5,5,8,6,0,0,0,0,0,1,1,2,2,1,23,5,1598,2,8,FIAT 500,7,E01022992,0,2
2024461443197,2024,461443197,1,9,0,-1,13,2,5,-1,0,0,0,0,0,0,3,1,-1,6,2,56,9,1242,1,5,FIAT 500,4,E01016100,0,1
2024421437358,2024,421437358,4,9,0,-1,19,6,2,-1,0,0,0,0,0,0,1,1,-1,9,2,54,8,1242,1,14,FIAT 500,10,E01023441,0,1
2024421499110,2024,421499110,1,9,0,-1,19,4,1,-1,0,2,0,0,0,0,1,1,-1,9,2,38,7,1368,1,16,FIAT 500,7,E01021540,0,1
2024061484567,2024,061484567,1,9,0,-1,1,1,6,-1,0,0,0,0,3,11,2,1,-1,9,2,81,11,-1,3,1,FIAT 500,-1,-1,0,-1
2024010508330,2024,010508330,1,9,0,99,99,9,9,99,99,9,9,99,9,99,2,9,2,2,2,56,9,875,1,9,FIAT 500,7,E01000668,0,1
2024552400694,2024,552400694,2,9,0,18,19,2,6,0,0,8,0,0,0,0,1,1,6,6,2,31,6,1242,1,5,FIAT 500,7,E01020540,0,1
2024201528135,2024,201528135,2,9,0,-1,10,1,3,-1,0,1,0,0,0,0,2,9,-1,2,2,63,9,1242,1,7,FIAT 500,8,E01022462,0,4
2024052402006,2024,052402006,1,9,0,18,19,7,3,0,0,8,0,0,0,0,4,1,6,6,2,73,10,1242,1,11,FIAT 500,2,E01006944,0,1
2024201437597,2024,201437597,1,9,0,-1,19,8,4,-1,0,0,0,0,0,0,1,1,-1,9,2,21,5,1242,1,8,FIAT 500,5,E01009527,0,1
2024471441809,2024,471441809,1,9,0,-1,19,4,1,-1,0,0,1,0,6,4,1,1,-1,2,2,17,4,1242,1,13,FIAT 500,3,E01031795,0,2