collision_index,collision_year,collision_ref_no,vehicle_reference,vehicle_type,towing_and_articulation,vehicle_manoeuvre_historic,vehicle_manoeuvre,vehicle_direction_from,vehicle_direction_to,vehicle_location_restricted_lane_historic,vehicle_location_restricted_lane,junction_location,skidding_and_overturning,hit_object_in_carriageway,vehicle_leaving_carriageway,hit_object_off_carriageway,first_point_of_impact,vehicle_left_hand_drive,journey_purpose_of_driver_historic,journey_purpose_of_driver,sex_of_driver,age_of_driver,age_band_of_driver,engine_capacity_cc,propulsion_code,age_of_vehicle,generic_make_model,driver_imd_decile,lsoa_of_driver,escooter_flag,driver_distance_banding
2024461413281,2024,461413281,2,9,0,-1,9,5,7,-1,0,0,0,0,0,0,4,9,-1,1,2,28,6,999,1,3,FIAT 500,5,E01024628,0,4
2024471458783,2024,471458783,1,9,0,-1,9,7,3,-1,0,0,0,0,0,0,3,1,-1,9,2,28,6,1242,1,12,FIAT 500,4,E01002444,0,4
2024302500044,2024,302500044,4,9,0,-1,19,8,4,-1,0,0,0,0,0,0,1,1,-1,6,2,30,6,1368,1,15,FIAT 500,10,E01034650,0,3
2024522500046,2024,522500046,1,9,0,4,4,2,6,0,0,0,0,0,0,0,2,1,6,6,2,42,7,1242,1,13,FIAT 500,2,E01014643,0,1
2024430467195,2024,430467195,1,9,0,9,9,6,4,0,0,6,0,0,0,0,1,1,6,6,1,20,4,1242,1,10,FIAT 500,8,E01017855,0,2
2024101511084,2024,101511084,2,9,0,-1,19,5,1,-1,0,0,0,0,0,0,1,1,-1,9,2,27,6,999,1,3,FIAT 500,5,E01034507,0,4
2024622400793,2024,622400793,1,9,0,14,14,8,4,0,0,0,5,4,0,0,1,1,1,1,2,18,4,1242,1,9,FIAT 500,1,W01001266,0,1
2024010511570,2024,010511570,2,9,0,18,19,5,1,0,0,8,0,0,0,0,1,1,6,6,2,22,5,1242,1,13,FIAT 500,3,E01000108,0,1
2024231482352,2024,231482352,2,9,0,-1,19,3,7,-1,0,0,5,0,0,0,1,1,-1,9,2,39,7,999,1,3,FIAT 500,4,E01009606,0,2
2024211450080,2024,211450080,1,9,0,-1,19,8,6,-1,0,0,2,0,7,0,1,1,-1,9,1,42,7,1242,1,15,FIAT 500,-1,-1,0,-1
2024201487452,2024,201487452,2,9,0,-1,2,0,0,-1,0,0,0,0,0,0,3,9,-1,6,2,33,6,1598,2,9,FIAT 500,2,E01032538,0,1
2024131488566,2024,131488566,1,9,0,-1,19,6,2,-1,0,0,5,0,1,1,1,1,-1,6,2,27,6,1242,1,9,FIAT 500,3,E01035043,0,2
2024010498745,2024,010498745,1,9,0,9,9,1,7,0,0,6,0,0,0,0,1,1,6,6,2,20,4,1242,1,5,FIAT 500,4,E01001497,0,1
2024531475487,2024,531475487,1,9,0,-1,19,4,8,-1,0,0,0,0,0,0,4,1,-1,9,1,81,11,875,1,12,FIAT 500,7,E01022392,0,2
2024440223503,2024,440223503,2,9,0,2,2,0,0,0,0,2,0,0,1,11,2,1,6,6,1,26,6,1242,1,10,FIAT 500,-1,-1,0,-1
2024010523231,2024,010523231,1,9,0,18,19,5,1,0,0,8,0,0,0,0,2,1,6,6,1,35,6,1242,1,6,FIAT 500,5,E01001664,0,1
2024010515904,2024,010515904,1,9,0,99,99,9,9,99,99,9,9,99,9,99,9,9,6,6,3,-1,-1,1242,1,11,FIAT 500,-1,-1,0,-1
2024052400642,2024,052400642,1,9,0,18,19,7,3,0,0,0,0,0,0,0,1,1,6,6,2,21,5,1242,1,10,FIAT 500,4,E01007161,0,1
2024440078693,2024,440078693,1,9,0,9,9,7,5,0,0,1,1,0,7,0,1,1,6,6,2,21,5,1242,1,14,FIAT 500,4,E01017362,0,3
2024351495552,2024,351495552,1,9,0,-1,5,7,3,-1,0,8,0,0,0,0,3,1,-1,1,2,17,4,1242,1,7,FIAT 500,6,E01018126,0,1
2024010516473,2024,010516473,1,9,0,18,19,7,3,0,0,1,0,4,0,0,1,1,6,6,2,69,10,875,1,11,FIAT 500,10,E01003883,0,1
2024201522274,2024,201522274,1,9,0,-1,19,8,4,-1,0,8,0,0,0,0,1,1,-1,6,2,41,7,1242,1,10,FIAT 500,2,E01009751,0,1
2024052401581,2024,052401581,1,9,0,7,7,8,2,0,0,8,0,0,0,0,4,1,6,6,2,63,9,1242,1,10,FIAT 500,2,E01006523,0,1
2024411447274,2024,411447274,3,9,0,-1,19,3,7,-1,0,0,0,0,0,0,3,1,-1,6,2,65,9,1242,1,15,FIAT 500,5,E01035575,0,1
2024122400771,2024,122400771,2,9,0,18,19,6,2,0,0,4,0,0,0,0,2,1,6,6,2,24,5,1242,1,14,FIAT 500,9,E01011713,0,2
2024991410867,2024,991410867,2,9,0,-1,19,5,1,-1,0,0,2,0,7,0,3,1,-1,6,1,57,9,1242,1,5,FIAT 500,-1,-1,0,-1
2024061468543,2024,061468543,1,9,0,-1,9,6,4,-1,0,8,0,0,0,0,4,1,-1,9,2,33,6,1242,1,6,FIAT 500,2,E01006029,0,2
2024010493439,2024,010493439,1,9,0,9,9,4,2,0,0,5,0,7,1,0,1,1,6,6,1,31,6,999,1,1,FIAT 500,3,E01001591,0,1
2024041462135,2024,041462135,1,9,0,-1,10,1,5,-1,0,0,0,0,7,0,4,1,-1,2,2,30,6,1242,1,11,FIAT 500,9,E01025281,0,1
2024421499640,2024,421499640,2,9,0,-1,19,4,8,-1,0,0,0,0,0,0,3,1,-1,9,2,50,8,1242,1,8,FIAT 500,7,E01021476,0,1
2024211482715,2024,211482715,1,9,0,-1,19,1,5,-1,0,0,0,0,0,0,1,1,-1,6,2,22,5,1242,1,7,FIAT 500,9,E01029799,0,4
2024440254323,2024,440254323,1,9,0,18,19,7,3,0,0,0,0,0,0,0,4,1,6,6,2,-1,-1,1242,1,8,FIAT 500,-1,-1,0,-1
2024302401149,2024,302401149,1,9,0,1,1,7,3,0,0,6,0,0,0,0,2,1,6,6,1,40,7,1242,1,11,FIAT 500,2,E01013497,0,1
2024010523441,2024,010523441,1,9,0,5,5,3,7,0,0,6,0,0,0,0,1,1,6,6,2,58,9,-1,3,2,FIAT 500,8,E01023557,0,1
2024061491920,2024,061491920,2,9,0,-1,3,7,3,-1,0,8,0,0,0,0,1,9,-1,6,2,49,8,999,1,3,FIAT 500,3,E01006220,0,4
2024411460401,2024,411460401,1,9,0,-1,19,5,1,-1,0,0,0,0,0,0,1,1,-1,6,2,20,4,1242,1,13,FIAT 500,6,E01033311,0,2
2024201526280,2024,201526280,3,9,0,-1,19,2,6,-1,0,8,0,0,0,0,1,1,-1,6,2,20,4,999,1,0,FIAT 500,6,E01007620,0,5
2024991420446,2024,991420446,3,9,0,-1,2,0,0,-1,0,0,0,0,0,0,1,1,-1,6,-1,-1,-1,1242,1,5,FIAT 500,-1,-1,0,-1
2024340WN3252,2024,340WN3252,1,9,0,-1,19,3,7,-1,0,2,5,0,7,9,3,1,-1,2,2,19,4,1242,1,11,FIAT 500,8,E01027296,0,1
2024332400521,2024,332400521,1,9,0,-1,9,1,7,-1,0,5,0,0,7,0,3,1,-1,9,2,67,10,1242,1,7,FIAT 500,9,E01025668,0,2
2024545528824,2024,545528824,1,9,0,18,19,3,7,0,0,1,0,0,0,0,1,1,6,6,2,24,5,1242,1,11,FIAT 500,7,E01031882,0,1
2024070145254,2024,070145254,1,9,0,11,11,1,5,0,0,3,0,0,0,0,4,1,6,6,1,-1,-1,1956,2,9,FIAT 500,-1,-1,0,-1
2024010524903,2024,010524903,2,9,0,18,19,1,5,0,0,0,0,4,0,0,2,1,6,6,2,41,7,1956,2,8,FIAT 500,8,E01000651,0,3
2024010550893,2024,010550893,1,9,0,18,19,5,1,0,0,0,0,0,0,0,0,1,6,6,2,42,7,875,1,13,FIAT 500,8,E01030393,0,3
2024421422105,2024,421422105,3,9,0,-1,4,1,1,-1,0,0,0,0,0,0,2,9,-1,1,2,39,7,875,1,12,FIAT 500,5,E01015989,0,2
2024061521992,2024,061521992,2,9,0,-1,4,-1,-1,-1,99,0,1,0,0,0,2,1,-1,6,2,22,5,1242,1,12,FIAT 500,8,E01006078,0,1
2024461474910,2024,461474910,1,9,0,-1,1,4,8,-1,0,0,0,0,0,0,2,1,-1,9,2,19,4,875,1,12,FIAT 500,10,E01024337,0,1
2024161469876,2024,161469876,1,9,0,-1,9,7,3,-1,0,2,0,0,0,0,3,1,-1,6,2,57,9,999,1,0,FIAT 500,1,E01013196,0,1
2024440426174,2024,440426174,1,9,0,12,12,5,3,0,0,1,0,0,0,0,3,1,6,6,2,43,7,1242,1,12,FIAT 500,10,E01023272,0,1
2024421438419,2024,421438419,4,9,0,-1,3,8,4,-1,0,0,0,0,0,0,2,1,-1,9,2,49,8,875,1,13,FIAT 500,6,E01021981,0,2
2024141534165,2024,141534165,1,9,0,-1,4,5,1,-1,0,0,0,0,0,0,2,1,-1,6,2,19,4,1242,1,12,FIAT 500,2,E01007324,0,2
2024141421338,2024,141421338,1,9,0,-1,19,6,2,-1,0,0,1,0,0,0,1,1,-1,2,2,18,4,1242,1,8,FIAT 500,2,E01007627,0,2
2024010516509,2024,010516509,2,9,0,99,99,9,9,99,99,9,9,99,9,99,1,9,6,6,2,29,6,1242,1,11,FIAT 500,4,E01004540,0,1
2024201433356,2024,201433356,2,9,0,-1,19,8,4,-1,0,0,0,0,0,0,2,1,-1,9,1,31,6,999,1,1,FIAT 500,2,E01009684,0,2
2024471429014,2024,471429014,1,9,0,-1,19,5,1,-1,0,0,5,0,8,0,1,1,-1,2,2,18,4,1242,1,14,FIAT 500,10,E01031740,0,2
2024371482595,2024,371482595,2,9,-1,-1,19,-1,-1,-1,0,0,0,0,0,0,3,9,-1,6,2,17,4,1242,1,14,FIAT 500,4,E01030257,0,1
2024010542111,2024,010542111,1,9,0,4,4,1,5,0,0,1,0,0,0,0,1,1,6,6,1,59,9,1242,1,10,FIAT 500,4,E01003841,0,1
2024122400909,2024,122400909,1,9,0,17,19,1,6,0,0,0,5,0,7,3,1,1,6,6,2,23,5,1242,1,11,FIAT 500,6,E01027689,0,3
2024351436086,2024,351436086,2,9,0,-1,9,4,1,-1,0,8,0,0,0,0,4,1,-1,2,2,22,5,1242,1,7,FIAT 500,10,E01018134,0,3
2024010540586,2024,010540586,2,9,0,9,9,5,3,0,0,1,0,0,0,0,1,1,6,6,1,21,5,1242,1,5,FIAT 500,8,E01000837,0,1
2024440004068,2024,440004068,1,9,0,18,19,6,2,0,0,0,0,0,0,0,1,1,6,6,2,85,11,875,1,13,FIAT 500,10,E01022856,0,1
2024041418983,2024,041418983,1,9,0,-1,19,8,4,-1,0,0,5,0,1,0,4,9,-1,6,2,35,6,1242,1,8,FIAT 500,1,E01025396,0,2
2024991467661,2024,991467661,2,9,0,-1,11,2,6,-1,0,0,0,0,0,0,2,1,-1,9,2,31,6,1242,1,7,FIAT 500,2,-1,0,4
202454E928724,2024,54E928724,1,9,0,5,5,3,8,0,0,8,0,0,7,11,3,1,2,2,2,77,11,875,1,7,FIAT 500,8,E01032067,0,1
2024430377487,2024,430377487,2,9,0,18,19,5,1,0,0,4,0,0,0,0,1,1,6,6,1,-1,-1,1242,1,13,FIAT 500,-1,-1,0,-1
2024221482326,2024,221482326,2,9,0,-1,5,7,7,-1,0,0,0,0,0,0,3,1,-1,6,2,24,5,1242,1,5,FIAT 500,6,E01014078,0,1
2024010548931,2024,010548931,2,9,0,5,5,5,1,0,0,1,0,0,0,0,1,1,6,6,2,30,6,1242,1,15,FIAT 500,1,E01000061,0,1
2024471454099,2024,471454099,2,9,0,-1,3,2,6,-1,0,1,0,0,0,0,2,1,-1,9,2,49,8,1242,1,9,FIAT 500,4,E01031550,0,1
2024501413150,2024,501413150,2,9,0,-1,3,5,1,-1,0,1,0,0,0,0,2,9,-1,9,2,21,5,999,1,1,FIAT 500,4,E01018881,0,3
2024211398626,2024,211398626,1,9,0,-1,14,2,6,-1,0,1,0,0,0,0,4,2,-1,6,1,62,9,1242,1,11,FIAT 500,4,E01031005,0,4
2024010511885,2024,010511885,1,9,0,18,19,7,3,0,0,0,0,0,0,0,4,1,6,6,1,-1,-1,1242,1,13,FIAT 500,-1,-1,0,-1
2024541781624,2024,541781624,2,9,0,18,19,3,7,0,0,4,0,0,1,2,4,1,6,6,2,20,4,1242,1,15,FIAT 500,8,E01033849,0,3
2024061502679,2024,061502679,1,9,0,-1,19,2,7,-1,0,8,0,0,0,0,1,1,-1,6,2,41,7,1242,1,7,FIAT 500,2,E01005744,0,1
2024221518827,2024,221518827,1,9,0,-1,19,2,8,-1,0,0,1,10,2,2,4,9,-1,2,2,18,4,1242,1,13,FIAT 500,5,E01028834,0,1
2024440459324,2024,440459324,3,9,0,3,3,1,5,0,0,0,0,0,0,0,2,1,6,6,2,22,5,1242,1,5,FIAT 500,6,E01023135,0,1
2024991513136,2024,991513136,2,9,0,-1,3,6,1,-1,0,4,0,0,0,0,2,1,-1,6,2,20,4,999,1,3,FIAT 500,3,-1,0,2
2024411452831,2024,411452831,2,9,0,-1,19,8,4,-1,0,4,0,0,0,0,3,1,-1,6,2,60,9,999,1,1,FIAT 500,3,E01023951,0,1
2024302400063,2024,302400063,1,9,0,4,4,7,3,0,0,2,0,0,0,0,1,1,6,6,1,80,11,1242,1,5,FIAT 500,10,-1,0,5
2024371567109,2024,371567109,1,9,0,-1,19,3,7,-1,0,0,0,0,7,0,1,1,-1,6,2,17,4,1242,1,14,FIAT 500,8,E01021407,0,4
2024010508352,2024,010508352,2,9,0,99,99,9,9,99,99,9,9,99,9,99,1,9,6,6,3,-1,-1,1242,1,8,FIAT 500,2,E01000890,0,1
2024440407038,2024,440407038,1,9,0,5,5,5,1,0,0,8,0,0,0,0,1,1,6,6,2,26,6,1242,1,10,FIAT 500,8,E01017231,0,1
2024211479864,2024,211479864,2,9,0,-1,19,4,8,-1,0,1,1,0,0,0,0,1,-1,9,2,24,5,1242,1,14,FIAT 500,3,E01014364,0,1
2024302400545,2024,302400545,1,9,0,18,19,6,2,0,0,1,2,0,7,0,1,1,6,6,1,87,11,1242,1,11,FIAT 500,5,E01019438,0,1
2024461483368,2024,461483368,1,9,0,-1,19,1,2,-1,0,0,1,0,0,0,4,2,-1,1,2,20,4,1242,1,15,FIAT 500,5,E01024216,0,1
2024311529107,2024,311529107,1,9,0,-1,19,7,3,-1,0,1,1,0,7,11,2,2,-1,2,2,52,8,1242,1,9,FIAT 500,6,E01028237,0,1
2024010528178,2024,010528178,1,9,0,3,3,7,3,0,0,1,0,0,0,0,2,1,6,6,2,59,9,999,1,4,FIAT 500,3,E01003309,0,1
2024061491503,2024,061491503,1,9,0,-1,7,8,3,-1,0,6,0,0,0,0,1,1,-1,6,2,80,11,1242,1,4,FIAT 500,1,E01033687,0,1
2024311509227,2024,311509227,2,9,0,-1,9,6,4,-1,0,1,1,0,0,0,2,1,-1,6,2,20,4,1242,1,9,FIAT 500,7,E01023754,0,5
2024461444310,2024,461444310,1,9,0,-1,9,8,4,-1,0,8,0,0,0,0,1,1,-1,2,2,38,7,1242,1,10,FIAT 500,2,E01016064,0,1
2024421471929,2024,421471929,1,9,0,-1,19,6,3,-1,0,0,0,0,0,0,1,1,-1,6,2,33,6,1242,1,6,FIAT 500,8,E01033460,0,2
2024070284656,2024,070284656,2,9,0,9,9,6,2,0,0,4,0,0,0,0,3,1,6,6,2,18,4,875,1,13,FIAT 500,10,E01018642,0,1
2024111420251,2024,111420251,2,9,0,-1,4,4,8,-1,0,0,0,0,0,0,2,9,-1,6,2,27,6,1598,2,9,FIAT 500,2,E01020645,0,2
2024371492455,2024,371492455,1,9,0,-1,13,3,7,-1,0,0,0,0,0,0,1,1,-1,2,2,33,6,1242,1,7,FIAT 500,9,E01030190,0,4
2024371460523,2024,371460523,2,9,0,-1,3,4,1,-1,0,1,0,0,0,0,2,1,-1,6,2,34,6,1242,1,7,FIAT 500,9,E01034560,0,2
2024332400490,2024,332400490,2,9,0,-1,5,2,6,-1,0,6,0,0,4,2,3,1,-1,6,2,39,7,1368,1,14,FIAT 500,3,E01013635,0,1
2024361517780,2024,361517780,2,9,-1,-1,3,-1,-1,-1,0,1,0,0,0,0,2,9,-1,6,2,33,6,1242,1,10,FIAT 500,1,E01026826,0,1
2024421412187,2024,421412187,1,9,0,-1,19,5,1,-1,0,0,0,0,0,0,1,1,-1,9,2,28,6,1242,1,7,FIAT 500,8,E01016138,0,3
202460Q029692,2024,60Q029692,1,9,0,2,2,0,0,0,0,6,0,0,0,0,1,1,6,6,2,32,6,1248,2,7,FIAT 500,-1,-1,0,-1
2024552401459,2024,552401459,1,9,0,9,9,8,5,0,0,5,0,0,0,0,1,1,6,6,2,43,7,1242,1,8,FIAT 500,2,E01015367,0,1
2024461484258,2024,461484258,1,9,0,-1,3,5,1,-1,0,0,0,0,0,0,1,1,-1,6,1,-1,-1,999,1,0,FIAT 500,4,E01010746,0,5
2024451474875,2024,451474875,2,9,0,-1,19,1,1,-1,0,0,0,0,0,0,2,1,-1,9,2,33,6,1242,1,11,FIAT 500,6,E01030759,0,2
2024631475261,2024,631475261,3,9,0,-1,19,5,1,-1,0,0,0,11,0,0,1,1,-1,6,1,58,9,-1,3,2,FIAT 500,5,E01004418,0,5
2024122500044,2024,122500044,3,9,0,18,19,3,7,0,0,2,0,0,0,0,1,1,6,6,1,74,10,1598,2,9,FIAT 500,5,E01027630,0,2
2024421406817,2024,421406817,1,9,0,-1,19,1,5,-1,0,1,0,0,0,0,3,1,-1,9,1,57,9,999,1,4,FIAT 500,5,E01021443,0,2
2024141416915,2024,141416915,1,9,0,-1,19,8,5,-1,0,3,0,0,0,0,3,1,-1,6,2,24,5,999,1,4,FIAT 500,2,E01011126,0,4
2024340WN3792,2024,340WN3792,1,9,0,-1,19,5,1,-1,0,5,0,0,0,0,1,1,-1,6,2,19,4,1242,1,14,FIAT 500,8,E01027146,0,2
2024440392310,2024,440392310,1,9,0,18,19,1,5,0,0,0,0,0,0,0,1,1,1,1,2,61,9,1242,1,9,FIAT 500,8,E01022525,0,1
2024471492174,2024,471492174,3,9,0,-1,2,0,0,-1,0,0,0,0,0,0,1,1,-1,6,-1,-1,-1,1242,1,4,FIAT 500,-1,-1,0,-1
2024421429861,2024,421429861,1,9,0,-1,7,8,2,-1,0,2,0,0,0,0,2,1,-1,6,2,19,4,1242,1,6,FIAT 500,8,E01003673,0,3
2024991524603,2024,991524603,1,9,0,-1,9,3,8,-1,0,1,0,0,0,0,1,1,-1,9,2,22,5,1242,1,16,FIAT 500,4,-1,0,1
2024010507774,2024,010507774,2,9,0,99,99,9,9,99,99,9,9,99,9,99,9,9,6,6,3,-1,-1,1242,1,14,FIAT 500,-1,-1,0,-1
2024471429974,2024,471429974,2,9,0,-1,19,3,7,-1,0,0,0,0,0,0,3,1,-1,2,2,20,4,1242,1,16,FIAT 500,6,E01016890,0,1
2024471512673,2024,471512673,2,9,0,-1,19,3,7,-1,0,1,0,0,0,0,1,1,-1,2,2,27,6,1242,1,6,FIAT 500,4,E01031499,0,1
2024610037924,2024,610037924,1,9,0,18,19,2,6,0,0,0,0,0,1,4,1,1,6,6,2,19,4,1242,1,13,FIAT 500,9,E01023197,0,4
2024031446563,2024,031446563,1,9,0,-1,19,1,5,-1,0,0,0,0,8,6,3,1,-1,6,2,22,5,1242,1,14,FIAT 500,8,E01019366,0,4
2024052400913,2024,052400913,1,9,0,18,19,1,5,0,0,1,0,0,0,0,1,1,6,6,2,75,10,999,1,3,FIAT 500,9,E01007078,0,1
2024141430977,2024,141430977,1,9,0,-1,19,3,7,-1,0,1,0,0,0,0,1,1,-1,6,2,79,11,1956,2,9,FIAT 500,6,E01007321,0,1
2024311524115,2024,311524115,1,9,0,-1,19,2,6,-1,0,1,0,7,0,0,1,1,-1,9,1,68,10,1248,2,8,FIAT 500,6,E01028051,0,2
2024461511388,2024,461511388,1,9,0,-1,7,5,7,-1,0,6,0,0,0,0,1,2,-1,9,2,59,9,1242,1,12,FIAT 500,6,E01024022,0,1
2024461443197,2024,461443197,2,9,0,-1,4,2,5,-1,0,0,0,0,0,0,4,1,-1,9,2,30,6,1242,1,9,FIAT 500,2,E01016039,0,2
2024101444721,2024,101444721,1,9,0,-1,5,4,2,-1,0,1,0,0,0,0,1,1,-1,9,2,24,5,999,1,2,FIAT 500,1,E01008593,0,1
2024070634460,2024,070634460,1,9,0,18,19,7,3,0,0,0,1,2,0,0,4,1,6,6,1,33,6,1242,1,13,FIAT 500,-1,-1,0,-1
2024421433260,2024,421433260,4,9,0,-1,19,1,5,-1,0,0,0,0,0,0,0,1,-1,6,2,28,6,1242,1,15,FIAT 500,5,E01021769,0,1
2024371498569,2024,371498569,1,9,0,-1,19,-1,-1,-1,0,1,0,0,0,0,1,1,-1,6,2,19,4,1242,1,9,FIAT 500,9,E01030045,0,1
2024522500021,2024,522500021,2,9,0,18,19,7,3,0,0,0,0,0,0,0,1,1,6,6,1,56,9,999,1,2,FIAT 500,5,E01015529,0,4
2024010505538,2024,010505538,1,9,0,9,9,1,6,0,0,1,0,0,0,0,1,1,1,1,1,54,8,999,1,2,FIAT 500,5,E01000313,0,1
2024451501797,2024,451501797,3,9,0,-1,3,5,1,-1,0,0,0,0,0,0,1,1,-1,6,1,62,9,1242,1,15,FIAT 500,10,E01030379,0,1
2024461489444,2024,461489444,2,9,0,-1,4,5,1,-1,0,0,0,0,0,0,2,1,-1,9,2,31,6,1242,1,13,FIAT 500,4,E01024681,0,1
2024061448090,2024,061448090,1,9,0,-1,19,5,1,-1,9,0,0,0,1,0,4,1,-1,9,2,18,4,1242,1,11,FIAT 500,10,E01006347,0,1
2024471524108,2024,471524108,1,9,0,-1,19,7,3,-1,0,8,0,0,0,0,4,1,-1,1,2,54,8,1242,1,14,FIAT 500,2,E01021049,0,1
2024622400209,2024,622400209,1,9,0,18,19,1,5,0,0,1,0,0,0,0,0,1,6,6,2,25,5,1368,1,9,FIAT 500,4,W01001305,0,2
2024141408190,2024,141408190,1,9,0,-1,19,8,4,-1,0,1,0,0,0,0,3,1,-1,9,2,26,6,1242,1,9,FIAT 500,1,E01007491,0,3
2024522401694,2024,522401694,2,9,0,9,9,2,8,0,0,5,0,0,0,0,1,1,6,6,1,-1,-1,1242,1,4,FIAT 500,-1,-1,0,-1
2024131520452,2024,131520452,2,9,0,-1,19,3,7,-1,0,0,0,0,0,0,3,1,-1,6,2,22,5,1242,1,10,FIAT 500,4,E01011192,0,2
2024440045608,2024,440045608,1,9,0,17,19,5,2,0,0,0,0,0,7,4,1,1,6,6,2,25,5,1242,1,12,FIAT 500,4,E01017333,0,3
2024430425901,2024,430425901,2,9,0,18,19,1,5,0,0,6,0,0,0,0,4,1,6,6,1,40,7,1242,1,14,FIAT 500,-1,-1,0,-1
2024421420723,2024,421420723,1,9,0,-1,5,0,1,-1,0,6,0,0,0,0,4,9,-1,6,2,23,5,1242,1,9,FIAT 500,10,E01021351,0,1
2024302401521,2024,302401521,1,9,0,9,9,2,8,0,0,8,0,0,0,0,3,1,2,2,1,27,6,999,1,1,FIAT 500,3,E01013547,0,1
2024201441367,2024,201441367,2,9,0,-1,19,2,6,-1,0,8,0,0,0,0,4,1,-1,9,1,42,7,1598,2,9,FIAT 500,2,E01010397,0,1
2024461503449,2024,461503449,1,9,0,-1,14,1,5,-1,0,0,2,4,0,0,1,1,-1,9,2,79,11,1242,1,7,FIAT 500,9,E01016086,0,1
2024361468295,2024,361468295,1,9,0,-1,19,7,3,-1,0,0,1,0,1,9,3,1,-1,1,2,43,7,1242,1,9,FIAT 500,9,E01034766,0,2
2024421515961,2024,421515961,2,9,0,-1,19,5,8,-1,0,8,0,0,0,0,1,1,-1,9,2,22,5,1242,1,7,FIAT 500,5,E01021380,0,1
2024471411158,2024,471411158,1,9,0,-1,19,7,3,-1,0,0,1,11,0,0,1,1,-1,9,2,18,4,1248,2,16,FIAT 500,6,E01021080,0,3
2024411425669,2024,411425669,1,9,0,-1,4,2,6,-1,0,0,0,0,0,0,1,1,-1,6,2,70,10,1242,1,7,FIAT 500,10,E01020380,0,5
2024401424839,2024,401424839,2,9,-1,-1,-1,-1,-1,-1,-1,-1,-1,-1,-1,0,-1,9,-1,9,2,21,5,-1,3,3,FIAT 500,7,E01017464,0,2
2024070834547,2024,070834547,2,9,0,-1,19,2,6,-1,0,1,0,0,0,0,1,1,-1,9,2,34,6,1242,1,9,FIAT 500,1,E01033793,0,1
2024361505630,2024,361505630,1,9,0,-1,7,3,5,-1,0,0,0,0,0,0,4,1,-1,1,2,36,7,1368,1,15,FIAT 500,4,E01018109,0,3
2024351463068,2024,351463068,1,9,-1,-1,-1,-1,-1,-1,-1,-1,-1,-1,-1,0,-1,9,-1,6,2,18,4,1242,1,12,FIAT 500,10,E01018283,0,1
2024221435166,2024,221435166,3,9,0,-1,4,8,4,-1,0,1,0,0,0,0,1,1,-1,6,2,48,8,1368,1,7,FIAT 500,1,E01032278,0,1
2024544793724,2024,544793724,1,9,0,18,19,6,2,0,0,0,1,0,0,0,1,1,6,6,2,55,8,1242,1,14,FIAT 500,6,E01032037,0,3
2024131461833,2024,131461833,2,9,0,-1,7,5,1,-1,0,0,0,0,0,0,0,1,-1,6,2,43,7,1242,1,14,FIAT 500,1,E01011838,0,1
2024231411481,2024,231411481,1,9,0,-1,19,6,1,-1,0,0,0,0,0,0,1,1,-1,6,1,31,6,1242,1,13,FIAT 500,9,E01031138,0,1
2024991430662,2024,991430662,1,9,0,-1,15,5,1,-1,0,0,0,0,0,0,1,1,-1,6,1,60,9,1242,1,4,FIAT 500,-1,-1,0,-1
2024471496469,2024,471496469,1,9,0,-1,19,6,2,-1,0,1,0,0,1,0,1,1,-1,9,2,43,7,875,1,8,FIAT 500,8,E01015453,0,4
2024231509439,2024,231509439,2,9,0,-1,19,6,2,-1,0,8,0,0,0,0,1,1,-1,9,2,63,9,1242,1,9,FIAT 500,8,E01025913,0,1
2024451440022,2024,451440022,1,9,0,-1,19,8,4,-1,0,0,0,0,0,0,1,1,-1,9,2,48,8,999,1,3,FIAT 500,10,E01030377,0,1
2024041434950,2024,041434950,1,9,0,-1,9,3,1,-1,0,6,0,0,1,0,3,1,-1,9,2,20,4,1242,1,13,FIAT 500,6,E01024117,0,5
2024501469543,2024,501469543,1,9,0,-1,19,7,3,-1,0,0,5,0,0,0,4,1,-1,9,1,17,4,1242,1,9,FIAT 500,5,E01018900,0,2
2024411514778,2024,411514778,2,9,0,-1,3,8,4,-1,0,2,0,0,0,0,3,1,-1,6,2,65,9,1598,1,7,FIAT 500,10,E01023881,0,1
2024052400252,2024,052400252,2,9,0,18,19,5,1,0,0,8,0,0,0,0,3,1,6,6,2,51,8,1242,1,14,FIAT 500,8,E01006532,0,1
2024052500025,2024,052500025,2,9,0,4,4,8,4,0,0,0,0,0,0,0,2,1,6,6,2,91,11,1242,1,9,FIAT 500,7,E01006531,0,1
2024401497614,2024,401497614,1,9,-1,-1,19,5,1,-1,0,0,0,0,0,0,1,1,-1,6,2,17,4,1242,1,10,FIAT 500,9,E01017421,0,2
2024141420366,2024,141420366,2,9,0,-1,19,7,3,-1,0,1,0,0,0,0,1,1,-1,6,2,28,6,1242,1,9,FIAT 500,1,E01007916,0,1
2024061487190,2024,061487190,2,9,-1,-1,4,2,6,-1,0,1,0,0,0,0,2,9,-1,6,2,49,8,1242,1,7,FIAT 500,2,E01004872,0,1