collision_index,collision_year,collision_ref_no,vehicle_reference,vehicle_type,towing_and_articulation,vehicle_manoeuvre_historic,vehicle_manoeuvre,vehicle_direction_from,vehicle_direction_to,vehicle_location_restricted_lane_historic,vehicle_location_restricted_lane,junction_location,skidding_and_overturning,hit_object_in_carriageway,vehicle_leaving_carriageway,hit_object_off_carriageway,first_point_of_impact,vehicle_left_hand_drive,journey_purpose_of_driver_historic,journey_purpose_of_driver,sex_of_driver,age_of_driver,age_band_of_driver,engine_capacity_cc,propulsion_code,age_of_vehicle,generic_make_model,driver_imd_decile,lsoa_of_driver,escooter_flag,driver_distance_banding
2024041424509,2024,041424509,2,9,0,-1,19,3,7,-1,0,1,0,0,7,0,1,1,-1,7,2,55,8,1242,1,11,FIAT 500,8,E01025365,0,1
2024351499781,2024,351499781,1,9,0,-1,13,3,7,-1,0,0,1,10,1,0,1,1,-1,1,-1,57,9,1242,1,10,FIAT 500,10,E01035407,0,2
2024371526215,2024,371526215,2,9,0,-1,19,5,1,-1,0,0,0,0,0,0,1,1,-1,9,1,32,6,1242,1,15,FIAT 500,6,E01034561,0,1
2024440483504,2024,440483504,2,9,0,18,19,1,5,0,0,0,0,0,0,0,2,1,6,6,2,20,4,1242,1,11,FIAT 500,9,E01022922,0,2
2024411519457,2024,411519457,1,9,0,-1,4,1,5,-1,0,0,0,0,0,0,1,1,-1,2,2,21,5,1242,1,10,FIAT 500,5,E01000592,0,2
2024141412274,2024,141412274,1,9,0,-1,19,2,8,-1,0,1,5,6,0,0,1,1,-1,9,2,65,9,1242,1,6,FIAT 500,9,E01007923,0,2
2024401538975,2024,401538975,3,9,0,-1,19,5,1,-1,0,0,0,0,0,0,2,9,-1,2,2,23,5,1242,1,15,FIAT 500,3,E01015795,0,3
2024411427949,2024,411427949,1,9,0,-1,19,1,5,-1,0,0,1,0,0,0,4,1,-1,6,2,23,5,1242,1,13,FIAT 500,5,E01023293,0,2
202454B995224,2024,54B995224,2,9,0,9,9,2,8,0,0,5,0,0,0,0,3,1,2,2,2,48,8,999,1,3,FIAT 500,8,E01031964,0,1
2024531502646,2024,531502646,5,9,0,-1,3,3,7,-1,0,0,0,0,0,0,2,1,-1,2,2,22,5,1242,1,16,FIAT 500,8,E01034802,0,1
2024141503380,2024,141503380,2,9,0,-1,19,2,6,-1,0,0,0,0,0,0,3,1,-1,9,2,49,8,1242,1,5,FIAT 500,6,E01007408,0,1
2024440529800,2024,440529800,2,9,0,7,7,3,5,0,0,8,0,0,0,0,3,1,6,6,1,-1,-1,999,3,0,FIAT 500,-1,-1,0,-1
2024302400317,2024,302400317,1,9,0,5,5,8,4,0,0,8,0,0,0,0,3,1,2,2,2,35,6,1242,1,9,FIAT 500,4,E01019851,0,1
2024141400397,2024,141400397,3,9,0,-1,2,4,8,-1,0,0,0,0,0,0,2,1,-1,6,-1,-1,-1,1242,1,6,FIAT 500,-1,-1,0,-1
2024622400806,2024,622400806,1,9,0,2,2,0,0,0,0,0,0,0,0,0,1,1,2,2,2,20,4,1242,1,14,FIAT 500,2,W01000788,0,1
2024421432762,2024,421432762,1,9,0,-1,9,7,5,-1,0,5,0,0,7,0,4,1,-1,9,2,57,9,1242,1,8,FIAT 500,7,E01021542,0,2
2024451421669,2024,451421669,2,9,0,-1,19,7,3,-1,0,0,0,0,0,0,3,1,-1,9,2,68,10,1242,1,11,FIAT 500,6,E01030649,0,1
2024211423798,2024,211423798,2,9,0,-1,19,8,4,-1,0,0,0,0,0,0,2,1,-1,6,2,66,10,-1,3,1,FIAT 500,4,E01010558,0,4
2024371504555,2024,371504555,1,9,0,-1,19,1,5,-1,0,0,0,0,0,0,1,1,-1,6,1,43,7,875,1,11,FIAT 500,6,E01013589,0,5
202454F085224,2024,54F085224,1,9,0,18,19,4,8,0,0,6,0,0,0,0,1,1,6,6,2,45,7,1242,1,9,FIAT 500,9,E01032105,0,1
2024201489278,2024,201489278,2,9,0,-1,7,2,5,-1,0,6,0,0,0,0,3,1,-1,9,2,77,11,1242,1,6,FIAT 500,9,E01009422,0,1
2024101523318,2024,101523318,2,9,0,-1,5,2,6,-1,0,1,0,0,0,0,2,1,-1,6,2,22,5,1242,1,12,FIAT 500,6,E01020654,0,3
2024371523731,2024,371523731,3,9,0,-1,4,1,5,-1,0,0,0,0,0,0,2,1,-1,6,2,53,8,1242,1,4,FIAT 500,6,E01030052,0,4
2024211483334,2024,211483334,2,9,0,-1,6,1,5,-1,0,2,0,0,0,0,2,1,-1,2,2,62,9,999,1,3,FIAT 500,2,E01014279,0,2
2024131429754,2024,131429754,2,9,0,-1,3,7,3,-1,0,1,0,0,0,0,2,1,-1,6,1,35,6,1242,1,11,FIAT 500,3,E01011779,0,3
2024141452011,2024,141452011,1,9,0,-1,3,5,1,-1,0,0,0,0,0,0,2,1,-1,2,2,28,6,1242,1,4,FIAT 500,6,E01011607,0,4
2024010546848,2024,010546848,1,9,0,18,19,1,5,0,0,2,5,10,0,0,1,1,6,6,1,28,6,999,1,0,FIAT 500,2,E01000626,0,2
2024061517349,2024,061517349,2,9,0,-1,7,8,4,-1,0,0,0,0,1,0,1,1,-1,2,2,58,9,1242,1,5,FIAT 500,2,E01004911,0,1
2024991396564,2024,991396564,2,9,0,-1,2,0,0,-1,0,0,0,0,0,0,3,1,-1,6,-1,-1,-1,1242,1,8,FIAT 500,-1,-1,0,-1
2024520401504,2024,520401504,1,9,0,18,19,8,4,0,0,0,0,0,0,0,1,1,6,6,1,52,8,1242,1,14,FIAT 500,7,E01029227,0,2
2024122500111,2024,122500111,3,9,0,3,3,5,1,0,0,0,0,0,0,0,2,1,6,6,1,48,8,875,1,13,FIAT 500,10,E01027709,0,3
2024231451659,2024,231451659,1,9,0,-1,19,4,8,-1,0,8,0,0,0,0,1,1,-1,6,2,47,8,1242,1,8,FIAT 500,5,E01031009,0,2
2024401433361,2024,401433361,1,9,-1,-1,-1,-1,-1,-1,-1,1,-1,-1,-1,0,-1,9,-1,6,1,-1,-1,999,1,4,FIAT 500,-1,-1,0,-1
2024041477302,2024,041477302,1,9,0,-1,7,5,1,-1,0,1,0,0,0,0,1,1,-1,9,2,27,6,1242,1,6,FIAT 500,4,E01000929,0,5
2024340WN4152,2024,340WN4152,1,9,0,-1,19,1,5,-1,0,1,0,0,0,0,1,1,-1,6,1,-1,-1,1242,1,11,FIAT 500,6,E01027169,0,1
2024311528953,2024,311528953,2,9,0,-1,9,7,3,-1,0,5,0,0,0,0,3,1,-1,2,1,31,6,1242,1,10,FIAT 500,3,E01028019,0,3
2024010535275,2024,010535275,2,9,0,9,9,6,3,0,0,1,0,0,0,0,1,1,2,2,2,65,9,1242,1,12,FIAT 500,9,E01002255,0,1
2024320586944,2024,320586944,1,9,0,-1,-1,6,2,0,0,1,0,0,0,0,1,1,6,6,1,-1,-1,1242,1,9,FIAT 500,-1,-1,0,-1
2024010523484,2024,010523484,1,9,0,18,19,7,3,0,0,1,0,0,0,0,1,1,2,2,2,26,6,1242,1,7,FIAT 500,-1,-1,0,-1
2024622400542,2024,622400542,2,9,0,18,19,2,6,0,0,1,0,0,0,0,1,1,6,6,2,39,7,875,1,11,FIAT 500,4,W01000764,0,2
2024411409884,2024,411409884,1,9,-1,-1,-1,-1,-1,-1,-1,0,-1,-1,-1,0,-1,9,-1,6,3,-1,-1,1242,1,13,FIAT 500,-1,-1,0,-1
2024231494839,2024,231494839,1,9,0,-1,9,3,1,-1,0,5,0,0,0,0,1,1,-1,9,2,17,4,1242,1,13,FIAT 500,7,E01031055,0,3
2024542188224,2024,542188224,1,9,0,18,19,5,1,0,0,8,0,0,0,0,1,1,6,6,2,21,5,1242,1,9,FIAT 500,4,E01031980,0,3
2024201442095,2024,201442095,1,9,0,-1,19,8,4,-1,0,1,0,0,0,0,1,1,-1,1,2,56,9,999,1,3,FIAT 500,1,E01008927,0,1
2024010510895,2024,010510895,2,9,0,18,19,3,7,0,0,1,0,0,0,0,2,1,2,2,2,57,9,1242,1,10,FIAT 500,3,E01000718,0,1
2024461443867,2024,461443867,2,9,0,-1,2,0,0,-1,0,0,0,0,7,11,2,1,-1,6,-1,-1,-1,1242,1,4,FIAT 500,-1,-1,0,-1
2024041456048,2024,041456048,2,9,0,-1,4,5,1,-1,0,0,0,0,0,0,2,2,-1,2,1,49,8,1242,1,4,FIAT 500,4,E01025567,0,2
2024631414921,2024,631414921,2,9,0,-1,19,4,8,-1,0,8,0,0,0,0,1,1,-1,1,2,19,4,1242,1,4,FIAT 500,5,W01002012,0,1
2024411460838,2024,411460838,3,9,0,-1,10,1,7,-1,0,2,0,0,0,0,3,1,-1,2,2,19,4,875,1,12,FIAT 500,9,E01023466,0,3
2024161525562,2024,161525562,1,9,0,-1,9,1,5,-1,0,8,0,0,3,1,4,1,-1,9,2,18,4,999,1,1,FIAT 500,4,E01026416,0,4
2024320711705,2024,320711705,1,9,0,-1,-1,8,2,0,0,0,0,0,7,9,1,1,-1,-1,2,18,4,1242,1,9,FIAT 500,6,E01014360,0,5
2024351527699,2024,351527699,1,9,0,-1,7,1,3,-1,0,8,0,0,0,0,3,1,-1,6,2,45,7,1368,1,15,FIAT 500,1,E01015664,0,1
2024421469941,2024,421469941,1,9,0,-1,7,1,5,-1,0,0,0,0,0,0,4,1,-1,2,1,20,4,875,1,12,FIAT 500,5,E01021562,0,1
2024501401985,2024,501401985,1,9,-1,-1,19,1,5,-1,0,8,0,0,0,0,1,9,-1,6,1,-1,-1,1242,1,16,FIAT 500,-1,-1,0,-1
2024010549143,2024,010549143,1,9,0,16,19,1,5,0,0,0,0,4,0,0,1,1,6,6,1,40,7,999,1,0,FIAT 500,10,E01017005,0,4
2024031417873,2024,031417873,3,9,0,-1,2,0,0,-1,0,2,0,0,0,0,2,1,-1,6,-1,-1,-1,1368,1,8,FIAT 500,-1,-1,0,-1
2024461457708,2024,461457708,2,9,0,-1,19,4,8,-1,0,1,0,0,0,0,1,1,-1,6,2,52,8,1242,1,14,FIAT 500,5,E01024227,0,1
2024471449431,2024,471449431,2,9,0,-1,19,7,3,-1,0,0,0,0,0,0,1,1,-1,6,2,73,10,1242,1,8,FIAT 500,1,E01021015,0,1
2024501516936,2024,501516936,1,9,0,-1,19,4,8,-1,0,8,0,0,0,0,3,1,-1,7,1,55,8,1956,2,9,FIAT 500,6,E01020074,0,1
2024111412563,2024,111412563,1,9,0,-1,19,3,7,-1,0,0,1,0,7,0,2,1,-1,6,2,34,6,1242,1,12,FIAT 500,-1,-1,0,-1
2024320274389,2024,320274389,1,9,0,-1,-1,6,2,0,0,1,0,0,1,2,1,1,-1,-1,2,17,4,1242,1,10,FIAT 500,9,E01026164,0,2
2024430239270,2024,430239270,1,9,0,16,19,1,4,0,0,0,1,0,1,9,3,1,6,6,2,20,4,1242,1,12,FIAT 500,8,E01030668,0,3
2024461532787,2024,461532787,1,9,0,-1,19,3,7,-1,0,0,0,0,0,0,1,9,-1,6,1,86,11,1368,1,15,FIAT 500,4,E01024373,0,1
2024501492679,2024,501492679,4,9,0,-1,19,6,2,-1,0,0,1,0,0,0,2,1,-1,1,2,22,5,1242,1,12,FIAT 500,8,E01019010,0,2
2024070837557,2024,070837557,1,9,0,-1,19,3,7,-1,0,6,1,0,0,0,3,1,-1,1,1,35,6,1242,1,11,FIAT 500,10,E01018502,0,2
2024041468874,2024,041468874,2,9,0,-1,19,1,5,-1,0,1,0,0,0,0,3,1,-1,9,2,42,7,1242,1,16,FIAT 500,1,E01012648,0,1
2024010550016,2024,010550016,1,9,0,9,9,4,2,0,0,1,0,0,0,0,3,1,6,6,1,68,10,1242,1,10,FIAT 500,-1,-1,0,-1
202460Q138026,2024,60Q138026,1,9,0,17,19,7,4,0,0,0,2,0,1,11,1,1,6,6,2,18,4,1242,1,14,FIAT 500,-1,-1,0,-1
2024141444315,2024,141444315,2,9,0,-1,2,0,0,-1,9,0,0,0,0,0,4,1,-1,6,-1,-1,-1,1598,2,8,FIAT 500,-1,-1,0,-1
2024221463314,2024,221463314,1,9,0,-1,19,5,1,-1,0,8,2,10,7,10,4,1,-1,6,2,17,4,1242,1,16,FIAT 500,6,E01022233,0,3
2024552401259,2024,552401259,2,9,0,18,19,2,6,0,0,8,0,0,0,0,1,1,2,2,2,18,4,1368,1,16,FIAT 500,7,E01020390,0,1
2024531430681,2024,531430681,1,9,0,-1,19,1,5,-1,0,4,0,0,0,0,3,1,-1,1,2,18,4,1242,1,14,FIAT 500,2,E01032932,0,1
2024421508849,2024,421508849,2,9,0,-1,4,1,6,-1,0,0,0,0,0,0,1,1,-1,9,2,38,7,1242,1,13,FIAT 500,9,E01022064,0,1
2024211431991,2024,211431991,2,9,0,-1,9,3,1,-1,0,1,0,0,0,0,1,1,-1,6,2,52,8,875,1,12,FIAT 500,8,E01029417,0,1
2024547031124,2024,547031124,1,9,0,9,9,8,6,0,0,3,5,10,0,0,4,1,6,6,1,15,3,1242,1,10,FIAT 500,8,E01033849,0,1
2024461473580,2024,461473580,2,9,0,-1,19,2,6,-1,0,1,0,0,0,0,1,1,-1,9,2,51,8,999,1,2,FIAT 500,7,E01024129,0,2
2024122500040,2024,122500040,1,9,0,18,19,8,4,0,0,0,0,0,0,0,1,1,6,6,2,76,11,1242,1,6,FIAT 500,5,E01027777,0,1
2024070682600,2024,070682600,2,9,0,18,19,3,7,0,0,0,0,0,0,0,1,1,6,6,2,-1,-1,999,1,0,FIAT 500,9,E01012518,0,1
2024311426652,2024,311426652,2,9,0,-1,12,8,4,-1,0,1,0,0,0,0,3,1,-1,6,2,20,4,1242,1,9,FIAT 500,3,E01028297,0,2
2024211508636,2024,211508636,2,9,0,-1,12,5,1,-1,0,0,0,0,0,0,3,1,-1,9,1,47,8,999,1,0,FIAT 500,1,E01004856,0,4
2024010528581,2024,010528581,1,9,0,7,7,5,7,0,0,1,0,0,0,0,4,1,6,6,2,48,8,1242,1,11,FIAT 500,-1,-1,0,-1
2024201422615,2024,201422615,1,9,0,-1,19,6,2,-1,0,0,0,4,0,0,4,1,-1,6,1,20,4,999,1,1,FIAT 500,-1,-1,0,-1
2024052402387,2024,052402387,2,9,0,3,3,1,5,0,0,1,0,0,0,0,2,1,6,6,2,46,8,1242,1,10,FIAT 500,1,E01007175,0,1
2024461420836,2024,461420836,2,9,0,-1,4,5,5,-1,0,0,0,0,0,0,2,1,-1,2,2,24,5,1242,1,14,FIAT 500,4,E01032568,0,4
2024070047790,2024,070047790,1,9,0,5,5,7,3,0,0,6,0,0,0,0,1,2,6,6,2,56,9,1242,1,9,FIAT 500,-1,-1,0,-1
2024161480251,2024,161480251,1,9,0,-1,19,5,1,-1,0,3,0,0,0,0,4,1,-1,9,2,17,4,1242,1,10,FIAT 500,5,E01013285,0,1
2024231449475,2024,231449475,2,9,0,-1,5,7,3,-1,0,0,0,0,0,0,1,1,-1,9,2,23,5,1242,1,14,FIAT 500,1,E01012170,0,5
2024061510866,2024,061510866,2,9,0,-1,19,4,8,-1,0,8,0,0,0,0,1,1,-1,9,2,21,5,1242,1,15,FIAT 500,1,E01005487,0,1
2024031509087,2024,031509087,1,9,0,-1,19,5,1,-1,0,1,0,0,0,0,1,1,-1,1,2,58,9,1242,1,4,FIAT 500,-1,-1,0,-1
2024131483471,2024,131483471,2,9,0,-1,19,5,1,-1,0,0,0,0,7,0,1,1,-1,9,2,28,6,1242,1,12,FIAT 500,9,E01011278,0,1
2024061475324,2024,061475324,2,9,0,-1,19,5,1,-1,0,0,0,0,0,0,1,1,-1,9,2,70,10,1242,1,5,FIAT 500,10,E01025478,0,4
2024010505671,2024,010505671,2,9,0,99,99,9,9,99,99,9,9,99,9,99,1,9,6,6,2,26,6,1242,1,10,FIAT 500,4,E01000029,0,1
2024070165919,2024,070165919,2,9,0,18,19,5,1,0,0,1,0,0,0,0,1,1,1,1,2,29,6,1242,1,7,FIAT 500,6,E01018336,0,1
2024461535353,2024,461535353,2,9,0,-1,19,1,5,-1,0,1,0,0,0,0,1,1,-1,6,2,20,4,1242,1,14,FIAT 500,-1,-1,0,-1
2024302400056,2024,302400056,1,9,0,18,19,1,5,0,0,0,0,0,0,0,1,1,6,6,2,17,4,875,1,11,FIAT 500,2,E01019505,0,3
2024010512837,2024,010512837,1,9,0,99,99,9,9,99,99,9,9,99,9,99,9,9,2,2,2,17,4,1242,1,9,FIAT 500,1,E01021305,0,4
2024351457061,2024,351457061,1,9,0,-1,19,6,2,-1,0,1,0,0,0,0,1,1,-1,9,2,60,9,1248,2,9,FIAT 500,10,E01018198,0,3
2024010498817,2024,010498817,2,9,0,99,99,9,9,99,99,9,9,99,9,99,1,9,6,6,3,21,5,1242,1,8,FIAT 500,2,E01000789,0,2
2024311497107,2024,311497107,1,9,0,-1,3,2,6,-1,0,2,0,0,0,0,2,1,-1,9,2,56,9,1242,1,10,FIAT 500,-1,-1,0,-1
2024010516490,2024,010516490,1,9,0,18,19,3,7,0,0,1,0,0,0,0,2,1,6,6,2,32,6,1242,1,12,FIAT 500,-1,-1,0,-1
2024311495129,2024,311495129,2,9,0,-1,19,4,8,-1,0,8,0,0,0,0,4,1,-1,6,2,62,9,1242,1,10,FIAT 500,-1,-1,0,-1
2024421468598,2024,421468598,1,9,0,-1,19,8,3,-1,0,4,0,0,0,0,1,1,-1,6,2,23,5,875,1,13,FIAT 500,-1,-1,0,-1
2024440402846,2024,440402846,1,9,0,18,19,6,2,0,0,0,0,0,0,0,4,1,6,6,3,-1,-1,1242,1,15,FIAT 500,-1,-1,0,-1
2024411531590,2024,411531590,2,9,0,-1,19,2,5,-1,0,0,0,0,0,0,2,1,-1,6,2,20,4,1242,1,9,FIAT 500,6,E01023927,0,1
2024471504083,2024,471504083,1,9,0,-1,19,1,5,-1,0,0,0,0,0,0,1,1,-1,2,1,35,6,1242,1,16,FIAT 500,6,E01016953,0,1
2024010507300,2024,010507300,1,9,0,11,11,7,3,0,0,0,5,0,0,0,4,1,6,6,1,39,7,1242,1,4,FIAT 500,4,E01002576,0,3
2024461524887,2024,461524887,3,9,0,-1,19,2,6,-1,0,0,0,0,0,0,3,1,-1,2,2,21,5,1242,1,8,FIAT 500,9,E01002259,0,4
2024010538872,2024,010538872,1,9,0,18,19,8,4,0,0,0,0,0,0,0,1,1,6,6,2,35,6,1598,2,9,FIAT 500,8,E01000703,0,2
2024451408791,2024,451408791,1,9,0,-1,9,1,1,-1,0,3,0,11,3,11,1,1,-1,2,2,36,7,1242,1,10,FIAT 500,9,E01030960,0,1
2024070436936,2024,070436936,2,9,0,18,19,3,7,0,0,8,0,0,0,0,4,1,6,6,2,55,8,1242,1,14,FIAT 500,7,E01018409,0,4
2024041513034,2024,041513034,1,9,0,-1,9,5,7,-1,0,1,0,0,0,0,4,1,-1,2,2,22,5,1242,1,15,FIAT 500,1,E01012698,0,1
2024041513276,2024,041513276,1,9,0,-1,10,5,1,-1,0,8,1,0,1,0,1,1,-1,1,2,29,6,1242,1,13,FIAT 500,3,E01025246,0,1
2024221428837,2024,221428837,1,9,0,-1,19,8,4,-1,0,0,0,0,2,7,1,1,-1,2,1,37,7,1242,1,16,FIAT 500,9,E01032227,0,2
2024610019024,2024,610019024,1,9,0,5,5,4,8,0,0,8,0,0,3,2,1,1,1,1,2,25,5,1242,1,9,FIAT 500,9,W01001426,0,1
2024471407422,2024,471407422,1,9,0,-1,19,7,3,-1,0,0,0,0,0,0,1,1,-1,9,1,34,6,999,1,1,FIAT 500,-1,-1,0,-1
2024461455511,2024,461455511,2,9,0,-1,19,5,6,-1,0,0,0,0,0,0,1,9,-1,9,2,18,4,1242,1,8,FIAT 500,5,E01024054,0,1
2024302401603,2024,302401603,1,9,0,7,7,5,6,0,0,8,0,0,0,0,1,1,1,1,2,46,8,1242,1,10,FIAT 500,8,E01019811,0,1
2024141463124,2024,141463124,2,9,0,-1,2,0,0,-1,0,0,0,0,0,0,3,1,-1,6,-1,-1,-1,1368,1,15,FIAT 500,-1,-1,0,-1
2024440025239,2024,440025239,1,9,0,18,19,7,3,0,0,0,0,0,0,0,1,1,6,6,2,60,9,1242,1,6,FIAT 500,8,E01022615,0,1
2024451493150,2024,451493150,1,9,0,-1,19,4,8,-1,0,0,0,0,0,0,2,1,-1,2,2,23,5,875,1,11,FIAT 500,8,E01030766,0,3
2024010525546,2024,010525546,2,9,0,9,9,3,1,0,0,2,1,0,3,0,1,1,2,2,2,30,6,1242,1,12,FIAT 500,1,E01015932,0,1
2024131467170,2024,131467170,2,9,0,-1,5,1,5,-1,0,4,0,0,0,0,1,1,-1,9,2,50,8,1598,2,8,FIAT 500,1,E01011850,0,1
2024211486149,2024,211486149,1,9,0,-1,9,8,5,-1,0,5,0,0,0,0,1,1,-1,9,2,19,4,1242,1,12,FIAT 500,-1,-1,0,-1
202460Q050406,2024,60Q050406,2,9,0,9,9,1,7,0,0,5,0,0,0,0,3,1,6,6,2,24,5,1248,2,16,FIAT 500,-1,-1,0,-1
2024041469745,2024,041469745,2,9,0,-1,2,0,0,-1,0,1,0,0,0,0,3,1,-1,6,-1,-1,-1,1598,2,9,FIAT 500,-1,-1,0,-1
2024010545441,2024,010545441,2,9,0,99,99,9,9,99,99,9,9,99,9,99,1,9,6,6,3,-1,-1,999,1,3,FIAT 500,-1,-1,0,-1
2024010541118,2024,010541118,1,9,0,99,99,9,9,99,99,9,9,99,9,99,2,9,1,1,2,45,7,1242,1,8,FIAT 500,3,E01033936,0,3
2024010522765,2024,010522765,2,9,0,9,9,7,5,0,0,8,5,0,0,0,3,1,6,6,2,-1,-1,875,1,13,FIAT 500,9,E01018154,0,4
2024141519410,2024,141519410,1,9,0,-1,9,8,6,-1,0,0,0,0,7,0,1,1,-1,9,2,53,8,1242,1,11,FIAT 500,4,E01008001,0,1
2024010498487,2024,010498487,1,9,0,99,99,9,9,99,99,9,9,99,9,99,9,9,6,6,2,21,5,1242,1,10,FIAT 500,3,E01003539,0,1
2024461535123,2024,461535123,1,9,0,-1,4,5,1,-1,0,0,0,0,0,0,1,1,-1,9,2,38,7,1242,1,8,FIAT 500,5,E01000375,0,2
2024440493626,2024,440493626,3,9,0,18,19,2,6,0,0,2,0,0,0,0,2,1,6,6,2,28,6,1242,1,10,FIAT 500,4,E01015443,0,4
2024041533805,2024,041533805,1,9,0,-1,11,5,1,-1,0,3,2,10,1,9,3,1,-1,9,2,19,4,1242,1,10,FIAT 500,1,E01012748,0,2
2024010536421,2024,010536421,1,9,0,18,19,3,7,1,1,1,0,0,0,0,1,1,6,6,1,75,10,1368,1,16,FIAT 500,8,E01001924,0,1
2024332401096,2024,332401096,1,9,0,-1,9,5,4,-1,0,5,0,0,1,0,1,1,-1,2,2,41,7,999,1,0,FIAT 500,8,E01035018,0,3
2024411517694,2024,411517694,1,9,0,-1,4,5,1,-1,0,5,0,0,0,0,0,1,-1,2,2,61,9,-1,3,2,FIAT 500,10,E01023410,0,1
2024101467729,2024,101467729,1,9,0,-1,19,3,7,-1,0,0,0,0,0,0,1,1,-1,2,2,53,8,1242,1,7,FIAT 500,3,E01008247,0,2
2024520500096,2024,520500096,1,9,0,18,19,8,4,0,0,0,0,0,7,11,1,1,6,6,2,19,4,1242,1,7,FIAT 500,3,E01032635,0,3
2024991498112,2024,991498112,1,9,0,-1,5,1,5,-1,0,6,0,0,0,0,1,1,-1,6,2,33,6,1598,1,7,FIAT 500,3,-1,0,3
2024061448412,2024,061448412,3,9,0,-1,19,1,5,-1,0,0,0,0,0,0,1,1,-1,9,2,17,4,1242,1,10,FIAT 500,8,E01004984,0,1
2024501406234,2024,501406234,1,9,0,-1,1,3,7,-1,0,0,0,0,0,0,2,1,-1,6,2,23,5,1248,2,9,FIAT 500,6,E01018786,0,1
2024622400119,2024,622400119,1,9,0,18,19,6,2,0,0,1,0,0,0,0,1,1,6,6,2,18,4,1242,1,15,FIAT 500,2,W01000788,0,1
2024501427266,2024,501427266,2,9,0,-1,4,3,1,-1,0,0,0,0,0,0,2,9,-1,9,2,36,7,1242,1,10,FIAT 500,10,E01029115,0,4
2024010518943,2024,010518943,1,9,0,18,19,5,1,0,0,0,0,7,1,10,1,1,6,6,1,26,6,999,1,1,FIAT 500,-1,-1,0,-1
2024211404173,2024,211404173,2,9,0,-1,5,4,6,-1,0,8,0,0,0,0,2,9,-1,2,2,19,4,1242,1,10,FIAT 500,-1,-1,0,-1
2024421475468,2024,421475468,1,9,0,-1,19,2,6,-1,0,0,0,0,1,0,1,1,-1,2,2,20,4,1242,1,11,FIAT 500,7,E01022088,0,1
2024451529913,2024,451529913,2,9,0,-1,19,1,5,-1,0,3,0,0,0,0,1,1,-1,9,2,17,4,1242,1,9,FIAT 500,8,E01030679,0,1
202417L102224,2024,17L102224,1,9,0,18,19,1,5,0,0,2,0,0,1,10,4,1,6,6,2,18,4,1242,1,10,FIAT 500,7,E01035195,0,2
2024451459751,2024,451459751,2,9,0,-1,11,3,7,-1,0,1,0,0,0,0,4,1,-1,2,2,54,8,1242,1,14,FIAT 500,9,E01003823,0,3
2024361399661,2024,361399661,1,9,0,-1,19,7,3,-1,0,0,1,0,0,0,1,1,-1,2,2,31,6,1242,1,10,FIAT 500,5,E01026505,0,1
2024311426318,2024,311426318,3,9,0,-1,2,0,0,-1,0,0,0,0,0,0,4,1,-1,6,-1,-1,-1,1242,1,7,FIAT 500,-1,-1,0,-1
2024461517351,2024,461517351,1,9,0,-1,7,3,7,-1,0,0,1,7,0,0,1,1,-1,9,2,19,4,1248,2,15,FIAT 500,4,E01024694,0,4
2024371496948,2024,371496948,2,9,0,-1,2,-1,-1,-1,0,0,0,0,0,0,2,1,-1,9,2,54,8,1242,1,10,FIAT 500,8,E01030269,0,1
2024461430264,2024,461430264,1,9,0,-1,19,1,4,-1,-1,0,1,10,7,3,1,1,-1,9,1,18,4,1242,1,13,FIAT 500,6,E01024406,0,2
2024141482348,2024,141482348,1,9,0,-1,19,2,6,-1,0,2,0,0,0,0,1,2,-1,1,1,35,6,1242,1,13,FIAT 500,1,E01007450,0,1
2024430265108,2024,430265108,3,9,0,4,4,6,2,0,0,1,0,0,0,0,2,1,6,6,2,19,4,1242,1,6,FIAT 500,3,E01016499,0,1
2024991491572,2024,991491572,1,9,0,-1,9,4,2,-1,0,8,0,0,0,0,1,1,-1,1,1,51,8,1242,1,4,FIAT 500,9,-1,0,3
2024302401050,2024,302401050,4,9,0,2,2,0,0,0,0,0,0,0,0,0,3,1,6,6,3,-1,-1,1242,1,12,FIAT 500,-1,-1,0,-1
2024041419897,2024,041419897,2,9,0,-1,19,3,7,-1,0,0,0,0,0,0,2,1,-1,2,2,17,4,1242,1,10,FIAT 500,3,E01033072,0,1
2024451405847,2024,451405847,1,9,0,-1,11,5,1,-1,0,0,2,0,5,7,4,1,-1,2,2,19,4,1242,1,12,FIAT 500,9,E01030501,0,2
2024401406743,2024,401406743,2,9,0,-1,19,5,1,-1,0,1,0,1,0,0,0,1,-1,6,1,74,10,1242,1,11,FIAT 500,7,E01033817,0,1
2024131494677,2024,131494677,1,9,0,-1,11,1,1,-1,0,2,0,0,0,0,1,1,-1,9,2,29,6,1242,1,8,FIAT 500,5,E01010903,0,1
2024101458253,2024,101458253,2,9,0,-1,3,5,1,-1,0,0,0,0,0,0,2,1,-1,6,2,59,9,1956,2,8,FIAT 500,8,E01027407,0,3
2024010548155,2024,010548155,1,9,0,99,99,9,9,99,99,9,9,99,9,99,2,9,6,6,2,38,7,1242,1,8,FIAT 500,2,E01001729,0,1