collision_index,collision_year,collision_ref_no,vehicle_reference,vehicle_type,towing_and_articulation,vehicle_manoeuvre_historic,vehicle_manoeuvre,vehicle_direction_from,vehicle_direction_to,vehicle_location_restricted_lane_historic,vehicle_location_restricted_lane,junction_location,skidding_and_overturning,hit_object_in_carriageway,vehicle_leaving_carriageway,hit_object_off_carriageway,first_point_of_impact,vehicle_left_hand_drive,journey_purpose_of_driver_historic,journey_purpose_of_driver,sex_of_driver,age_of_driver,age_band_of_driver,engine_capacity_cc,propulsion_code,age_of_vehicle,generic_make_model,driver_imd_decile,lsoa_of_driver,escooter_flag,driver_distance_banding
2024411460313,2024,411460313,2,9,-1,-1,19,7,3,-1,0,0,1,4,0,0,4,9,-1,9,2,79,11,875,1,8,FIAT 500,10,E01023489,0,1
2024041468062,2024,041468062,1,9,0,-1,19,4,8,-1,0,0,5,0,0,0,1,1,-1,2,2,21,5,1242,1,11,FIAT 500,1,E01012641,0,1
2024522402344,2024,522402344,1,9,0,18,19,6,2,0,0,1,0,0,0,0,1,1,6,6,1,32,6,1242,1,9,FIAT 500,1,E01014654,0,1
2024351440792,2024,351440792,3,9,0,-1,19,5,1,-1,0,1,0,0,0,0,1,1,-1,6,2,54,8,1242,1,14,FIAT 500,4,E01018044,0,4
2024332401260,2024,332401260,1,9,0,-1,19,8,4,-1,0,3,0,0,0,0,1,1,-1,6,1,39,7,1242,1,10,FIAT 500,2,E01013781,0,1
2024141475898,2024,141475898,2,9,0,-1,2,0,0,-1,0,0,0,0,0,0,1,1,-1,6,-1,-1,-1,1242,1,10,FIAT 500,-1,-1,0,-1
2024010506592,2024,010506592,2,9,0,9,9,6,3,0,0,1,0,0,0,0,2,1,6,6,1,52,8,-1,3,2,FIAT 500,9,E01004650,0,1
2024461402582,2024,461402582,2,9,0,-1,3,4,8,-1,0,0,0,0,0,0,2,1,-1,9,2,19,4,1242,1,13,FIAT 500,5,E01035299,0,1
2024302400806,2024,302400806,2,9,0,18,19,4,1,0,0,0,0,0,1,9,1,1,6,6,2,40,7,1242,1,15,FIAT 500,10,E01013599,0,1
2024320761401,2024,320761401,1,9,0,1,1,3,7,0,0,0,0,0,0,0,2,1,-1,-1,1,68,10,999,1,1,FIAT 500,1,E01026072,0,3
2024522402565,2024,522402565,3,9,0,18,19,6,2,0,0,0,0,0,0,0,0,1,6,6,2,20,4,1242,1,8,FIAT 500,8,E01014773,0,1
2024501520550,2024,501520550,1,9,0,-1,19,5,1,-1,0,0,1,0,1,2,1,1,-1,9,2,57,9,-1,3,0,FIAT 500,5,E01020127,0,1
2024451479625,2024,451479625,1,9,0,-1,9,3,4,-1,0,8,0,0,0,0,3,1,-1,6,2,18,4,1242,1,11,FIAT 500,9,E01030764,0,1
2024161398601,2024,161398601,1,9,0,-1,19,2,6,-1,0,0,1,0,7,0,1,1,-1,9,2,52,8,1242,1,10,FIAT 500,7,E01013021,0,3
2024010521066,2024,010521066,1,9,0,18,19,7,3,0,0,1,0,0,0,0,4,1,6,6,2,54,8,1242,1,9,FIAT 500,3,E01002772,0,1
2024010505995,2024,010505995,1,9,0,9,9,3,1,0,0,1,0,0,0,0,1,1,6,6,1,64,9,999,1,3,FIAT 500,4,E01004373,0,1
2024461459589,2024,461459589,1,9,0,-1,19,7,3,-1,0,1,0,0,0,0,1,1,-1,6,2,41,7,875,1,10,FIAT 500,4,E01016120,0,1
2024101493947,2024,101493947,1,9,0,-1,3,2,7,-1,0,0,0,0,0,0,4,1,-1,2,2,23,5,1242,1,8,FIAT 500,1,E01008665,0,2
2024141407978,2024,141407978,2,9,0,-1,19,1,5,-1,0,0,0,0,0,0,1,9,-1,6,3,-1,-1,1242,1,16,FIAT 500,-1,-1,0,-1
2024340WN4252,2024,340WN4252,1,9,0,-1,19,5,1,-1,0,0,0,0,0,0,1,1,-1,9,2,79,11,1242,1,8,FIAT 500,8,E01027000,0,1
2024461487216,2024,461487216,2,9,0,-1,3,3,7,-1,0,0,0,0,0,0,2,1,-1,2,2,-1,-1,999,1,0,FIAT 500,3,E01003302,0,4
2024302400944,2024,302400944,1,9,0,4,4,1,5,0,0,1,0,0,0,0,4,1,6,6,1,53,8,1368,1,15,FIAT 500,7,E01019513,0,1
2024421437679,2024,421437679,2,9,0,-1,10,7,5,-1,0,1,0,0,0,0,2,1,-1,9,2,60,9,1242,1,10,FIAT 500,5,E01021550,0,3
2024411423542,2024,411423542,3,9,0,-1,2,0,0,-1,0,2,0,0,0,0,1,1,-1,6,-1,-1,-1,1242,1,5,FIAT 500,-1,-1,0,-1
2024010542445,2024,010542445,1,9,0,99,99,9,9,99,99,9,9,99,9,99,9,9,6,6,2,49,8,1242,1,11,FIAT 500,4,E01003141,0,3
2024421455146,2024,421455146,1,9,0,-1,5,8,3,-1,0,1,0,0,0,0,1,1,-1,6,2,44,7,875,1,13,FIAT 500,-1,-1,0,-1
2024302400391,2024,302400391,2,9,0,18,19,1,5,0,0,0,0,0,0,0,1,1,3,7,2,28,6,1242,1,12,FIAT 500,1,E01019578,0,1
2024211444992,2024,211444992,1,9,0,-1,19,5,1,-1,0,2,0,0,0,0,1,1,-1,9,2,59,9,1242,1,10,FIAT 500,5,E01010399,0,2
2024131443864,2024,131443864,2,9,0,-1,11,7,3,-1,0,8,2,0,0,0,3,1,-1,6,2,25,5,1242,1,16,FIAT 500,-1,-1,0,-1
2024141401052,2024,141401052,1,9,0,-1,19,5,1,-1,0,8,0,0,0,0,1,1,-1,6,2,21,5,1242,1,12,FIAT 500,2,E01007336,0,1
2024421502051,2024,421502051,1,9,0,-1,19,6,2,-1,0,2,0,0,0,0,4,1,-1,9,2,72,10,1242,1,14,FIAT 500,7,E01021759,0,2
2024622400582,2024,622400582,2,8,0,17,19,3,7,0,0,0,0,0,1,0,1,1,6,6,2,36,7,1242,1,9,FIAT 500,9,W01001107,0,2
2024332400919,2024,332400919,1,9,0,-1,4,5,3,-1,0,8,0,0,0,0,2,1,-1,9,2,24,5,999,1,4,FIAT 500,7,E01025626,0,1
2024052401689,2024,052401689,2,9,0,2,2,0,0,0,0,0,0,0,0,0,2,1,6,6,3,-1,-1,1242,1,9,FIAT 500,-1,-1,0,-1
2024061447278,2024,061447278,2,9,0,-1,19,7,3,-1,0,0,0,0,0,0,1,1,-1,9,2,42,7,1242,1,15,FIAT 500,-1,-1,0,-1
2024101502502,2024,101502502,2,9,0,-1,19,2,6,-1,0,1,0,0,0,0,1,1,-1,9,2,25,5,1242,1,11,FIAT 500,2,E01008776,0,1
202460Q085037,2024,60Q085037,1,9,0,16,19,6,3,0,0,0,0,0,1,11,1,1,6,6,2,18,4,1242,1,13,FIAT 500,-1,-1,0,-1
2024501485564,2024,501485564,1,9,0,-1,19,2,6,-1,0,0,1,0,7,4,1,1,-1,9,2,19,4,1242,1,13,FIAT 500,6,E01020056,0,1
2024311443428,2024,311443428,1,9,0,-1,6,3,3,-1,0,0,0,0,0,0,4,1,-1,9,2,66,10,1242,1,15,FIAT 500,6,E01028202,0,1
2024501498080,2024,501498080,1,9,0,-1,4,5,1,-1,0,1,1,0,0,0,1,1,-1,2,2,52,8,999,1,3,FIAT 500,4,E01020189,0,2
2024451448236,2024,451448236,1,9,0,-1,19,7,3,-1,9,2,0,0,7,11,1,1,-1,9,2,81,11,1242,1,6,FIAT 500,10,E01030624,0,1
202454D841224,2024,54D841224,1,9,0,18,19,5,1,0,0,4,0,0,0,0,1,1,6,6,1,30,6,1242,1,12,FIAT 500,5,E01034554,0,4
2024421532649,2024,421532649,1,9,0,-1,19,1,5,-1,0,8,0,0,0,0,1,1,-1,1,2,57,9,1598,2,7,FIAT 500,7,E01021330,0,1
2024430076565,2024,430076565,2,9,0,3,3,3,7,0,0,0,0,0,0,0,2,1,6,6,2,35,6,1368,1,9,FIAT 500,10,E01017606,0,3
2024141412452,2024,141412452,1,9,0,-1,11,5,1,-1,0,8,0,0,0,0,4,1,-1,6,2,20,4,1242,1,12,FIAT 500,9,E01013807,0,5
2024122500201,2024,122500201,2,9,0,18,19,4,8,0,0,8,0,0,1,11,1,1,6,6,2,18,4,1242,1,10,FIAT 500,6,E01027573,0,3
2024122500013,2024,122500013,1,9,0,18,19,1,5,0,0,1,0,0,0,0,1,1,6,6,1,65,9,1242,1,6,FIAT 500,8,E01027677,0,1
2024010504200,2024,010504200,2,9,0,99,99,9,9,99,99,9,9,99,9,99,9,9,6,6,3,-1,-1,1242,1,5,FIAT 500,-1,-1,0,-1
2024991505029,2024,991505029,1,9,0,-1,9,7,5,-1,0,5,0,0,7,0,4,1,-1,6,2,34,6,1242,1,11,FIAT 500,-1,-1,0,-1
2024421504302,2024,421504302,1,9,0,-1,19,1,5,-1,0,0,0,0,0,0,1,9,-1,6,2,-1,-1,1242,1,8,FIAT 500,-1,-1,0,-1
2024351421054,2024,351421054,1,9,0,-1,9,7,5,-1,0,2,0,0,0,0,3,1,-1,6,2,51,8,1598,2,8,FIAT 500,3,E01030109,0,4
2024411504993,2024,411504993,2,9,0,-1,12,1,4,-1,0,0,0,0,1,6,1,1,-1,2,2,59,9,999,1,2,FIAT 500,8,E01021813,0,3
2024440434497,2024,440434497,2,9,0,18,19,2,6,0,0,0,0,0,1,9,1,1,6,6,2,23,5,875,1,13,FIAT 500,2,E01020348,0,3
2024332400989,2024,332400989,2,9,0,-1,2,0,0,-1,0,0,0,0,1,0,2,1,-1,6,3,-1,-1,1242,1,8,FIAT 500,-1,-1,0,-1
2024371462063,2024,371462063,1,9,0,-1,19,7,3,-1,0,0,0,0,0,0,1,1,-1,9,2,22,5,875,1,4,FIAT 500,5,E01033446,0,3
2024332400283,2024,332400283,3,9,0,-1,2,0,0,-1,2,2,0,0,0,0,2,1,-1,6,3,-1,-1,1242,1,8,FIAT 500,-1,-1,0,-1
2024131423973,2024,131423973,3,9,0,-1,19,1,5,-1,0,8,0,0,0,0,3,1,-1,9,2,49,8,1598,2,7,FIAT 500,1,E01011292,0,1
2024411484997,2024,411484997,3,9,0,-1,19,3,7,-1,0,8,0,0,0,0,0,1,-1,6,2,61,9,999,1,2,FIAT 500,10,E01033966,0,3
2024041430196,2024,041430196,2,9,0,-1,3,1,5,-1,0,2,0,0,0,0,2,1,-1,9,2,31,6,999,1,1,FIAT 500,4,E01025431,0,1
2024451439130,2024,451439130,1,9,0,-1,19,3,7,-1,0,1,0,0,0,0,1,1,-1,9,2,22,5,1242,1,12,FIAT 500,10,E01022853,0,2
2024361416988,2024,361416988,2,9,0,-1,9,3,8,-1,0,1,0,0,0,0,1,1,-1,2,2,56,9,1242,1,12,FIAT 500,5,E01026766,0,2
2024351539262,2024,351539262,5,9,0,-1,19,1,5,-1,0,0,0,0,0,0,1,1,-1,6,2,24,5,875,1,13,FIAT 500,10,E01018155,0,3
2024471481560,2024,471481560,1,9,0,-1,9,3,5,-1,0,8,0,0,0,0,2,2,-1,9,2,23,5,1368,1,15,FIAT 500,10,E01021745,0,4
2024101571510,2024,101571510,1,9,0,-1,4,5,1,-1,0,0,0,0,0,0,2,1,-1,6,2,23,5,1242,1,4,FIAT 500,-1,-1,0,-1
2024552401492,2024,552401492,1,9,0,18,19,8,4,0,0,0,5,0,2,7,3,1,6,6,2,19,4,1248,2,10,FIAT 500,2,E01020499,0,3
2024351521577,2024,351521577,1,9,0,-1,19,4,8,-1,0,0,0,0,0,0,0,1,-1,6,1,60,9,1368,1,17,FIAT 500,7,E01018294,0,1
2024061479418,2024,061479418,1,9,0,-1,10,5,3,-1,0,1,0,0,0,0,2,1,-1,2,2,20,4,1242,1,6,FIAT 500,5,E01005940,0,2
2024070846964,2024,070846964,1,9,0,-1,4,3,7,-1,0,6,0,0,0,0,1,1,-1,2,2,60,9,1242,1,12,FIAT 500,5,E01018514,0,3
2024161493584,2024,161493584,3,9,0,-1,2,0,0,-1,0,2,0,0,0,0,2,1,-1,6,-1,-1,-1,1242,1,12,FIAT 500,-1,-1,0,-1
2024622400042,2024,622400042,2,9,0,17,19,4,8,0,0,0,0,0,0,0,1,1,2,2,2,42,7,1242,1,8,FIAT 500,6,W01001291,0,3
2024501400115,2024,501400115,1,9,0,-1,9,7,5,-1,0,6,0,0,1,0,3,1,-1,2,2,62,9,999,1,1,FIAT 500,7,E01015165,0,2
2024471423345,2024,471423345,3,9,0,-1,12,4,8,-1,0,0,0,0,0,0,0,9,-1,6,2,18,4,875,1,12,FIAT 500,9,E01031772,0,3
2024101493737,2024,101493737,1,9,0,-1,15,8,4,-1,0,1,0,0,0,0,4,1,-1,6,1,45,7,1242,1,10,FIAT 500,-1,-1,0,-1
2024361538850,2024,361538850,1,9,0,-1,19,4,8,-1,0,1,0,0,0,0,1,1,-1,2,2,25,5,1242,1,14,FIAT 500,4,E01026823,0,1
2024451472914,2024,451472914,1,9,0,-1,5,4,5,-1,99,0,0,7,0,0,3,1,-1,9,2,27,6,1242,1,9,FIAT 500,8,E01004149,0,3
2024421517926,2024,421517926,1,9,0,-1,19,3,7,-1,0,1,0,0,0,0,1,1,-1,6,2,17,4,1242,1,11,FIAT 500,6,E01015945,0,1
2024340NN3612,2024,340NN3612,2,9,0,-1,19,5,1,-1,0,0,0,0,0,0,3,1,-1,2,1,27,6,1242,1,9,FIAT 500,3,E01010137,0,4
2024471445686,2024,471445686,2,9,0,-1,19,5,1,-1,0,1,0,0,0,0,2,1,-1,6,2,45,7,1242,1,5,FIAT 500,10,E01017001,0,1
2024531437681,2024,531437681,1,9,0,-1,19,3,7,-1,0,4,0,0,0,0,1,1,-1,2,2,20,4,875,1,13,FIAT 500,9,E01022189,0,4
2024501521323,2024,501521323,1,9,0,-1,12,6,2,-1,0,0,0,0,0,0,2,1,-1,9,2,20,4,1242,1,9,FIAT 500,4,E01018843,0,2
2024101507533,2024,101507533,1,9,0,-1,5,1,5,-1,0,0,0,0,0,0,1,2,-1,6,2,19,4,1242,1,14,FIAT 500,5,E01008233,0,1
2024070547935,2024,070547935,2,9,0,9,9,8,4,0,0,6,0,0,0,0,3,1,6,6,2,19,4,1242,1,11,FIAT 500,4,E01018451,0,1
2024041453211,2024,041453211,1,9,0,-1,9,3,7,-1,0,2,0,0,0,0,1,1,-1,9,2,56,9,1368,1,7,FIAT 500,3,E01025391,0,1
2024610032924,2024,610032924,2,9,0,18,19,1,5,0,0,0,0,0,0,0,1,1,2,2,2,36,7,1242,1,10,FIAT 500,4,W01001445,0,1
2024552400402,2024,552400402,1,9,0,18,19,6,2,0,0,1,0,0,0,0,1,1,6,6,2,71,10,875,1,11,FIAT 500,5,E01020528,0,1
2024131505725,2024,131505725,1,9,0,-1,9,7,5,-1,0,8,0,0,0,0,4,1,-1,2,2,21,5,1242,1,7,FIAT 500,6,E01010969,0,1
2024440377446,2024,440377446,1,9,0,16,19,1,5,0,0,1,1,0,1,0,1,1,2,2,2,23,5,1242,1,12,FIAT 500,5,E01022924,0,1
2024010513993,2024,010513993,2,9,9,99,99,9,9,99,99,9,9,99,9,99,9,9,6,6,3,-1,-1,1242,1,15,FIAT 500,-1,-1,0,-1
2024010504754,2024,010504754,2,9,9,99,99,9,9,99,99,0,9,99,9,99,9,9,6,6,3,-1,-1,1242,1,10,FIAT 500,-1,-1,0,-1
2024430576611,2024,430576611,1,9,0,9,9,2,8,0,0,6,0,0,0,0,1,1,2,2,2,38,7,999,1,2,FIAT 500,7,E01033967,0,1
2024010528796,2024,010528796,1,9,0,18,19,5,1,0,0,1,0,0,7,0,1,1,6,6,1,18,4,1242,1,10,FIAT 500,6,E01002142,0,2
2024161474923,2024,161474923,1,9,0,-1,19,5,1,-1,0,4,0,0,0,0,4,1,-1,2,2,20,4,1242,1,13,FIAT 500,5,E01013297,0,1
2024451441541,2024,451441541,3,9,0,-1,2,3,7,-1,0,2,0,0,0,0,4,1,-1,6,-1,-1,-1,1242,1,7,FIAT 500,-1,-1,0,-1
202454E047424,2024,54E047424,1,9,0,4,4,4,8,0,0,8,1,0,7,11,1,1,1,1,2,37,7,1242,1,13,FIAT 500,8,E01034537,0,2
2024010536044,2024,010536044,1,9,0,3,3,1,5,0,0,1,0,0,0,0,2,1,6,6,2,21,5,1368,1,15,FIAT 500,5,E01004127,0,1
2024010525063,2024,010525063,2,9,0,6,6,1,1,0,0,0,0,0,0,0,1,1,6,6,2,47,8,1242,1,8,FIAT 500,7,E01003750,0,1
2024440120799,2024,440120799,2,9,0,9,9,1,7,0,0,6,0,0,0,0,1,1,6,6,2,71,10,1242,1,14,FIAT 500,5,E01017055,0,1
2024211475177,2024,211475177,2,9,0,-1,4,1,5,-1,0,0,0,0,0,0,1,1,-1,6,2,26,6,999,1,4,FIAT 500,3,E01029804,0,3
2024010525350,2024,010525350,1,9,0,99,99,9,9,99,99,9,9,99,9,99,2,9,6,6,2,26,6,1242,1,14,FIAT 500,3,E01004436,0,1
2024631461481,2024,631461481,1,9,0,-1,19,5,2,-1,0,0,0,0,0,0,1,1,-1,9,2,42,7,999,1,2,FIAT 500,9,W01000476,0,2
2024991486858,2024,991486858,1,9,0,-1,19,3,7,-1,0,0,0,0,0,0,1,9,-1,6,1,42,7,1242,1,15,FIAT 500,3,-1,0,1
2024991483641,2024,991483641,1,9,0,-1,10,4,2,-1,0,6,0,0,0,0,2,1,-1,9,2,31,6,999,1,0,FIAT 500,-1,-1,0,-1
2024131464462,2024,131464462,2,9,0,-1,10,2,3,-1,0,8,0,0,0,0,3,1,-1,6,2,31,6,1242,1,8,FIAT 500,2,E01010806,0,1
202417M107424,2024,17M107424,2,9,0,-1,19,5,1,-1,0,1,0,0,0,0,1,1,-1,9,2,23,5,1242,1,5,FIAT 500,9,E01032593,0,1
2024501398209,2024,501398209,2,9,0,-1,19,1,5,-1,0,0,0,0,0,0,3,9,-1,9,2,30,6,1242,1,15,FIAT 500,4,E01028809,0,5
2024010540890,2024,010540890,1,9,0,7,7,8,2,0,0,1,0,0,1,0,4,1,6,6,1,89,11,1242,1,9,FIAT 500,7,E01000147,0,1
2024131526220,2024,131526220,2,9,0,-1,4,2,6,-1,0,0,0,0,0,0,0,1,-1,6,2,49,8,1242,1,8,FIAT 500,9,E01011566,0,2
2024031422175,2024,031422175,2,9,0,-1,19,2,2,-1,0,8,0,0,7,0,4,1,-1,2,2,50,8,1242,1,8,FIAT 500,-1,-1,0,-1
2024070416180,2024,070416180,1,9,0,4,4,3,7,0,0,0,0,0,0,0,1,1,2,2,2,20,4,1242,1,15,FIAT 500,3,E01018746,0,1
2024010537120,2024,010537120,2,9,0,18,19,5,1,0,0,8,0,0,0,0,1,1,2,2,2,30,6,1242,1,11,FIAT 500,7,E01000196,0,1
2024421481527,2024,421481527,2,9,0,-1,9,8,5,-1,0,2,0,0,0,0,2,1,-1,9,2,26,6,1242,1,14,FIAT 500,9,E01022077,0,2
2024451458668,2024,451458668,1,9,0,-1,19,5,1,-1,0,8,0,0,0,0,1,2,-1,2,2,27,6,1242,1,7,FIAT 500,5,E01030656,0,2
2024010520422,2024,010520422,1,9,0,99,99,9,9,99,99,9,9,99,9,99,2,9,6,6,1,37,7,1242,1,7,FIAT 500,5,E01003156,0,3
2024101427685,2024,101427685,1,9,0,-1,19,3,7,-1,0,0,0,0,0,0,1,2,-1,9,2,18,4,1242,1,6,FIAT 500,2,E01008263,0,1
2024211490559,2024,211490559,2,9,-1,-1,-1,-1,-1,-1,-1,-1,-1,-1,-1,0,-1,9,-1,2,2,24,5,999,1,3,FIAT 500,7,E01029823,0,4
2024010499928,2024,010499928,1,9,0,18,19,1,5,0,0,0,1,0,1,0,1,1,6,6,2,50,8,1242,1,9,FIAT 500,9,E01002992,0,1
2024041433639,2024,041433639,2,9,0,-1,3,7,3,-1,0,0,0,0,0,0,2,1,-1,9,2,19,4,1242,1,5,FIAT 500,9,E01025404,0,2
2024421431057,2024,421431057,1,9,0,-1,19,1,4,-1,9,0,5,0,3,1,1,1,-1,9,2,27,6,1242,1,13,FIAT 500,3,E01015922,0,4
2024211454474,2024,211454474,1,9,0,-1,19,7,4,-1,0,2,0,0,0,0,1,1,-1,6,2,19,4,1242,1,12,FIAT 500,7,E01029476,0,2
2024141431384,2024,141431384,2,9,0,-1,19,3,6,-1,0,0,0,0,0,0,1,1,-1,9,2,24,5,999,1,4,FIAT 500,2,E01007914,0,3
2024610047124,2024,610047124,1,9,0,4,4,2,5,0,0,1,0,0,0,0,2,1,6,6,1,30,6,1242,1,9,FIAT 500,3,W01001322,0,2
2024421480212,2024,421480212,1,9,0,-1,19,3,7,-1,0,0,0,0,0,0,1,1,-1,6,2,56,9,1242,1,5,FIAT 500,8,E01021920,0,2
2024411434322,2024,411434322,1,9,0,-1,10,1,8,-1,0,1,0,0,0,0,1,1,-1,6,2,17,4,1242,1,9,FIAT 500,5,E01023331,0,2
2024221495999,2024,221495999,2,9,0,-1,19,4,8,-1,0,8,0,0,0,0,1,1,-1,9,2,35,6,999,1,2,FIAT 500,6,E01028850,0,3
2024221484919,2024,221484919,2,9,0,-1,19,8,6,-1,0,0,0,0,0,0,1,1,-1,6,2,41,7,999,1,3,FIAT 500,6,E01016877,0,5
2024501527258,2024,501527258,1,9,0,-1,11,3,7,-1,0,4,0,0,1,0,1,1,-1,9,2,18,4,875,1,13,FIAT 500,8,E01015125,0,2
2024201421388,2024,201421388,2,9,0,-1,3,8,4,-1,0,1,0,0,0,0,2,1,-1,6,1,21,5,1242,1,8,FIAT 500,1,E01009488,0,1
2024430119439,2024,430119439,2,9,0,3,3,2,6,0,0,1,0,0,0,0,2,1,2,2,2,25,5,1242,1,8,FIAT 500,2,E01017500,0,4
2024061505185,2024,061505185,1,9,0,-1,19,7,3,-1,0,4,2,0,7,0,1,1,-1,9,1,87,11,-1,3,0,FIAT 500,8,E01034352,0,4
2024010548526,2024,010548526,2,9,0,7,7,8,2,0,0,2,0,0,0,0,1,1,6,6,1,36,7,1956,2,9,FIAT 500,4,E01004454,0,1
2024461545412,2024,461545412,1,9,0,-1,9,5,1,-1,0,8,0,0,0,0,1,2,-1,9,2,19,4,1242,1,11,FIAT 500,7,E01024158,0,2
2024231480469,2024,231480469,1,9,0,-1,19,3,7,-1,0,4,5,0,0,0,1,1,-1,6,1,50,8,1242,1,13,FIAT 500,7,E01031208,0,2
2024010489924,2024,010489924,1,9,0,18,19,6,2,0,0,2,0,0,0,0,1,1,6,6,1,62,9,875,1,8,FIAT 500,6,E01002882,0,1
2024122400218,2024,122400218,2,9,0,3,3,2,6,0,0,0,0,0,0,0,2,1,2,2,1,50,8,1242,1,10,FIAT 500,5,E01027889,0,1
2024411445501,2024,411445501,1,9,-1,-1,6,5,5,-1,0,5,0,0,0,0,3,9,-1,6,2,-1,-1,1242,1,8,FIAT 500,10,E01023730,0,1
2024061435620,2024,061435620,1,9,0,-1,99,-1,-1,-1,0,0,9,1,1,99,3,1,-1,9,2,47,8,1242,1,9,FIAT 500,2,E01034128,0,1
2024041520909,2024,041520909,1,9,0,-1,5,5,3,-1,0,8,0,0,0,0,4,1,-1,9,2,30,6,1242,1,10,FIAT 500,7,E01025597,0,1
2024440153060,2024,440153060,2,9,0,18,19,1,5,0,0,1,0,0,0,0,1,1,1,1,1,69,10,999,1,2,FIAT 500,3,E01017337,0,3
2024461523211,2024,461523211,1,9,0,-1,19,1,5,-1,0,0,0,0,0,0,1,9,-1,6,2,19,4,1242,1,10,FIAT 500,8,E01016027,0,2
2024461543921,2024,461543921,2,9,0,-1,19,1,5,-1,0,0,1,10,1,0,1,1,-1,6,2,27,6,1242,1,13,FIAT 500,6,E01034989,0,1
2024131460066,2024,131460066,1,9,0,-1,19,7,3,-1,0,6,0,0,0,0,1,1,-1,1,2,36,7,1242,1,12,FIAT 500,7,E01011506,0,1
2024052402264,2024,052402264,1,9,0,18,19,6,2,0,0,8,0,0,0,0,1,1,2,2,2,39,7,1368,1,9,FIAT 500,3,E01006916,0,1
2024991568251,2024,991568251,1,9,0,-1,12,7,3,-1,0,0,0,0,7,0,1,1,-1,9,1,74,10,999,1,2,FIAT 500,-1,-1,0,-1
2024451476028,2024,451476028,1,9,0,-1,12,7,3,-1,0,1,0,0,0,0,1,1,-1,9,2,43,7,1242,1,8,FIAT 500,10,E01031738,0,1
2024161415243,2024,161415243,1,9,0,-1,19,5,1,-1,0,1,0,0,0,0,4,1,-1,9,1,17,4,1242,1,6,FIAT 500,10,E01010772,0,4
2024471491903,2024,471491903,2,9,0,-1,19,4,8,-1,0,8,1,0,0,0,1,1,-1,2,2,40,7,1242,1,6,FIAT 500,3,E01021122,0,3
2024201468600,2024,201468600,1,9,0,-1,3,8,4,-1,0,8,0,0,0,0,2,9,-1,9,2,23,5,999,1,1,FIAT 500,9,E01029654,0,4
2024622500045,2024,622500045,1,9,0,5,5,4,8,0,0,0,0,0,0,0,1,1,1,1,2,48,8,1242,1,8,FIAT 500,3,W01000907,0,3
2024631492602,2024,631492602,1,9,0,-1,19,5,1,-1,0,0,0,0,0,0,1,1,-1,6,2,89,11,1242,1,5,FIAT 500,8,W01001937,0,1
2024141443371,2024,141443371,2,9,0,-1,7,8,4,-1,0,8,0,0,0,0,1,1,-1,9,2,19,4,1242,1,10,FIAT 500,10,E01019606,0,3
2024221402901,2024,221402901,1,9,0,-1,7,4,6,-1,0,6,0,10,1,11,1,1,-1,9,2,78,11,1242,1,14,FIAT 500,6,E01032462,0,1
2024211470597,2024,211470597,1,9,0,-1,19,6,2,-1,0,0,0,0,0,0,1,1,-1,9,2,26,6,1368,1,16,FIAT 500,4,E01029594,0,3
2024461469144,2024,461469144,1,9,0,-1,19,7,3,-1,0,1,0,0,0,0,4,9,-1,6,2,22,5,1242,1,12,FIAT 500,10,E01024644,0,1
2024231469172,2024,231469172,2,9,0,-1,4,7,3,-1,0,1,0,0,0,0,2,9,-1,6,2,58,9,1242,1,8,FIAT 500,9,E01031082,0,1
2024451456763,2024,451456763,2,9,0,-1,11,5,7,-1,99,8,0,99,0,0,4,1,-1,6,3,30,6,1242,1,14,FIAT 500,-1,-1,0,-1
2024031401475,2024,031401475,1,9,0,-1,19,3,7,-1,0,8,0,0,1,0,1,1,-1,6,2,63,9,1242,1,14,FIAT 500,10,E01019176,0,2
2024161496070,2024,161496070,4,9,0,-1,19,2,6,-1,0,0,0,0,0,0,1,9,-1,6,2,17,4,1242,1,6,FIAT 500,6,E01013081,0,4
2024302400717,2024,302400717,1,9,0,4,4,4,8,0,0,0,0,0,0,0,4,1,6,6,2,18,4,875,1,13,FIAT 500,6,E01019598,0,3
2024101458880,2024,101458880,1,9,0,-1,12,5,1,-1,0,0,0,0,0,0,1,1,-1,6,2,39,7,1242,1,7,FIAT 500,-1,-1,0,-1
2024010520329,2024,010520329,2,9,0,2,2,0,0,6,6,0,0,0,0,0,3,1,6,6,3,-1,-1,1242,1,4,FIAT 500,-1,-1,0,-1
2024010544726,2024,010544726,1,9,0,18,19,4,8,0,0,1,0,7,0,0,1,1,6,6,2,19,4,1242,1,16,FIAT 500,9,E01030412,0,1
2024451502205,2024,451502205,2,9,0,-1,4,8,6,-1,0,2,0,0,0,0,2,1,-1,6,2,22,5,1242,1,7,FIAT 500,4,E01030750,0,2
2024430233150,2024,430233150,2,9,0,18,19,8,4,0,0,0,5,0,0,0,1,1,6,6,2,20,4,1242,1,4,FIAT 500,7,E01017743,0,1
2024010550919,2024,010550919,1,9,0,2,2,0,0,0,0,8,0,0,0,0,1,1,6,6,3,-1,-1,1242,1,8,FIAT 500,-1,-1,0,-1