collision_index,collision_year,collision_ref_no,vehicle_reference,vehicle_type,towing_and_articulation,vehicle_manoeuvre_historic,vehicle_manoeuvre,vehicle_direction_from,vehicle_direction_to,vehicle_location_restricted_lane_historic,vehicle_location_restricted_lane,junction_location,skidding_and_overturning,hit_object_in_carriageway,vehicle_leaving_carriageway,hit_object_off_carriageway,first_point_of_impact,vehicle_left_hand_drive,journey_purpose_of_driver_historic,journey_purpose_of_driver,sex_of_driver,age_of_driver,age_band_of_driver,engine_capacity_cc,propulsion_code,age_of_vehicle,generic_make_model,driver_imd_decile,lsoa_of_driver,escooter_flag,driver_distance_banding
2024471495558,2024,471495558,2,9,0,-1,19,3,7,-1,0,0,0,0,0,0,1,1,-1,9,1,45,7,875,1,13,FIAT 500,7,E01021038,0,2
2024161427128,2024,161427128,1,9,0,-1,3,8,4,-1,0,4,0,0,0,0,2,9,-1,6,2,33,6,1598,1,6,FIAT 500,9,E01013157,0,1
2024041421213,2024,041421213,2,9,0,-1,2,0,0,-1,0,0,0,0,0,0,4,1,-1,6,-1,-1,-1,1242,1,15,FIAT 500,-1,-1,0,-1
2024010512908,2024,010512908,2,9,0,99,99,9,9,99,99,9,9,99,9,99,9,9,6,6,3,-1,-1,-1,3,2,FIAT 500,-1,-1,0,-1
2024141531255,2024,141531255,1,9,0,-1,4,1,6,-1,0,0,0,0,0,0,2,9,-1,6,1,50,8,1248,2,16,FIAT 500,6,E01007452,0,3
2024010532015,2024,010532015,1,9,0,18,19,5,1,0,0,5,0,0,0,0,1,1,6,6,1,39,7,1242,1,14,FIAT 500,3,E01000506,0,3
2024131531004,2024,131531004,1,9,0,-1,19,1,7,-1,0,0,0,0,0,0,1,1,-1,9,1,23,5,1242,1,15,FIAT 500,3,E01010597,0,1
2024440501058,2024,440501058,1,9,0,16,19,8,4,0,0,8,0,0,0,0,1,1,2,2,2,37,7,1242,1,10,FIAT 500,9,E01034719,0,2
2024332400309,2024,332400309,1,9,0,-1,3,4,8,-1,0,0,0,0,0,0,2,1,-1,2,2,23,5,1242,1,10,FIAT 500,8,E01025786,0,3
2024010545715,2024,010545715,1,9,0,18,19,7,3,0,0,1,2,4,0,0,1,1,6,6,2,19,4,1242,1,11,FIAT 500,5,E01019305,0,5
2024101401873,2024,101401873,1,9,0,-1,19,7,3,-1,0,4,1,10,1,11,4,1,-1,1,2,18,4,1242,1,9,FIAT 500,-1,-1,0,-1
2024070424411,2024,070424411,2,9,0,18,19,5,1,0,0,8,0,0,0,0,4,1,6,6,2,55,8,1242,1,14,FIAT 500,7,E01018409,0,2
2024552401252,2024,552401252,1,9,0,18,19,5,1,0,0,0,5,4,0,0,1,1,6,6,2,19,4,875,1,10,FIAT 500,7,E01015413,0,1
2024501477367,2024,501477367,2,9,0,-1,19,6,4,-1,0,1,0,0,0,0,1,1,-1,6,2,26,6,1242,1,8,FIAT 500,10,E01031383,0,5
2024548124824,2024,548124824,2,9,0,3,3,5,1,0,0,0,0,0,0,0,2,1,2,2,2,33,6,1242,1,13,FIAT 500,4,E01015492,0,1
2024041405972,2024,041405972,2,9,0,-1,4,7,3,-1,0,0,0,0,0,0,2,1,-1,9,1,19,4,1242,1,14,FIAT 500,4,E01012633,0,2
2024332400980,2024,332400980,1,9,0,-1,9,6,4,-1,0,5,0,0,7,0,4,1,-1,9,1,38,7,1242,1,12,FIAT 500,6,E01025752,0,1
2024451509684,2024,451509684,3,9,0,-1,19,3,7,-1,0,0,0,0,0,0,1,1,-1,2,2,64,9,1242,1,7,FIAT 500,5,E01030814,0,2
2024052401152,2024,052401152,1,9,0,18,19,4,8,0,0,1,0,0,0,0,1,1,6,6,2,21,5,1242,1,11,FIAT 500,-1,-1,0,-1
2024010532061,2024,010532061,1,9,0,17,19,1,5,0,0,0,0,0,0,0,1,1,6,6,1,63,9,999,1,4,FIAT 500,-1,-1,0,-1
2024631517342,2024,631517342,1,9,0,-1,19,2,6,-1,0,0,2,0,1,10,4,1,-1,9,2,18,4,1368,1,16,FIAT 500,3,W01000586,0,1
2024543161824,2024,543161824,1,9,0,5,5,4,8,0,0,4,0,0,0,0,1,1,6,6,2,44,7,1242,1,5,FIAT 500,6,E01032114,0,2
2024311535981,2024,311535981,2,9,0,-1,2,0,0,-1,0,0,0,0,0,0,2,1,-1,6,-1,-1,-1,1242,1,6,FIAT 500,-1,-1,0,-1
2024471508445,2024,471508445,1,9,0,-1,11,1,5,-1,0,0,0,0,0,0,1,1,-1,6,2,21,5,1242,1,12,FIAT 500,6,E01012213,0,5
2024552401301,2024,552401301,1,9,0,5,5,1,5,0,0,8,0,0,0,0,1,1,6,6,1,55,8,1242,1,7,FIAT 500,6,E01015286,0,1
2024430334261,2024,430334261,2,9,0,18,19,8,4,0,0,0,0,0,0,0,2,1,6,6,1,60,9,1242,1,6,FIAT 500,8,E01028506,0,4
2024461450367,2024,461450367,1,9,0,-1,19,4,8,-1,0,0,1,0,0,0,1,9,-1,9,2,18,4,875,1,12,FIAT 500,3,E01016037,0,1
2024421520174,2024,421520174,1,9,0,-1,9,7,3,-1,0,8,0,0,0,0,1,1,-1,9,2,29,6,1242,1,6,FIAT 500,5,E01015972,0,1
2024451393623,2024,451393623,1,9,0,-1,19,3,7,-1,0,0,0,0,0,0,3,1,-1,9,2,26,6,1242,1,8,FIAT 500,7,E01022604,0,2
2024471470583,2024,471470583,1,9,0,-1,7,3,7,-1,0,1,0,0,3,0,1,1,-1,9,2,35,6,1242,1,15,FIAT 500,4,E01020966,0,1
2024622400189,2024,622400189,1,9,0,9,9,8,6,0,0,8,0,0,0,0,1,1,6,6,2,55,8,1242,1,9,FIAT 500,2,W01000951,0,1
2024522401980,2024,522401980,1,9,0,18,19,7,3,0,0,0,0,0,0,0,1,1,6,6,2,54,8,1242,1,12,FIAT 500,6,E01014614,0,2
2024010532413,2024,010532413,2,9,9,99,99,9,9,99,99,9,9,99,9,99,9,9,6,6,3,-1,-1,1242,1,8,FIAT 500,-1,-1,0,-1
2024031519921,2024,031519921,1,9,0,-1,4,3,7,-1,0,0,1,0,1,0,3,1,-1,2,2,26,6,1242,1,13,FIAT 500,5,E01019278,0,1
2024451520924,2024,451520924,1,9,0,-1,19,3,7,-1,0,0,0,0,1,11,1,1,-1,9,1,20,4,1242,1,15,FIAT 500,5,E01002449,0,2
2024231530743,2024,231530743,1,9,0,-1,19,1,5,-1,0,8,0,0,7,0,4,1,-1,9,2,24,5,1242,1,9,FIAT 500,7,E01010209,0,4
2024622400042,2024,622400042,1,9,0,17,19,4,8,0,0,0,0,0,2,6,3,1,2,2,2,23,5,1242,1,9,FIAT 500,9,W01001284,0,1
2024010533664,2024,010533664,2,9,0,15,15,7,3,0,0,2,0,0,0,0,1,1,6,6,1,56,9,999,1,3,FIAT 500,-1,-1,0,-1
2024430036140,2024,430036140,1,9,0,18,19,6,2,0,0,0,5,0,1,0,1,1,6,6,1,85,11,1242,1,5,FIAT 500,6,E01031866,0,3
2024122400267,2024,122400267,1,9,0,18,19,1,6,0,0,0,0,0,0,0,1,1,6,6,2,47,8,1242,1,9,FIAT 500,9,E01027665,0,1
2024430197942,2024,430197942,1,9,0,18,19,2,6,0,0,0,0,0,0,0,1,1,2,2,2,20,4,1242,1,10,FIAT 500,7,E01029517,0,5
2024010502026,2024,010502026,1,9,0,99,99,9,9,99,99,0,9,99,9,99,2,9,2,2,2,22,5,1242,1,11,FIAT 500,10,E01030511,0,3
2024010496495,2024,010496495,1,9,0,99,99,9,9,99,99,9,9,99,9,99,1,9,6,6,1,41,7,1242,1,14,FIAT 500,4,E01001945,0,1
2024471419448,2024,471419448,1,9,0,-1,11,1,5,-1,0,1,0,0,0,0,1,1,-1,1,2,18,4,1242,1,15,FIAT 500,5,E01021099,0,3
2024361434727,2024,361434727,2,9,0,-1,4,5,1,-1,0,1,0,0,0,0,2,1,-1,9,2,49,8,1368,1,8,FIAT 500,5,E01026738,0,2
2024010524013,2024,010524013,1,9,0,3,3,1,5,0,0,1,0,0,0,0,2,1,2,2,1,37,7,1242,1,6,FIAT 500,3,E01021800,0,4
2024221469596,2024,221469596,2,9,0,-1,19,7,3,-1,0,8,0,0,0,0,4,1,-1,6,2,36,7,1242,1,8,FIAT 500,10,E01014181,0,1
2024070494560,2024,070494560,1,9,0,9,9,7,3,0,0,6,0,0,0,0,1,1,3,7,2,52,8,1242,1,9,FIAT 500,9,E01012531,0,1
2024421489386,2024,421489386,2,9,0,-1,19,5,1,-1,0,0,0,0,0,0,4,1,-1,6,1,23,5,1242,1,8,FIAT 500,10,E01021403,0,2
2024320476355,2024,320476355,2,9,0,-1,-1,7,3,0,0,8,1,10,7,0,3,1,-1,-1,2,70,10,1242,1,10,FIAT 500,8,E01026188,0,2
2024451504527,2024,451504527,1,9,0,-1,9,1,5,-1,0,1,0,0,0,0,2,1,-1,6,2,39,7,1242,1,6,FIAT 500,10,E01030489,0,1
2024211475448,2024,211475448,1,9,0,-1,9,1,6,-1,0,8,0,0,0,0,1,2,-1,9,2,34,6,-1,3,0,FIAT 500,-1,-1,0,-1
2024361462373,2024,361462373,1,9,0,-1,19,8,4,-1,0,0,2,0,1,0,0,1,-1,6,1,38,7,1242,1,14,FIAT 500,5,E01030272,0,4
2024411405129,2024,411405129,1,9,0,-1,13,8,4,-1,0,0,0,0,0,0,4,1,-1,6,2,33,6,-1,3,2,FIAT 500,6,E01023708,0,1
2024302401532,2024,302401532,1,9,0,9,9,1,7,0,0,8,0,0,0,0,1,1,6,6,2,21,5,1242,1,8,FIAT 500,9,E01008021,0,1
2024461485271,2024,461485271,1,9,0,-1,3,3,7,-1,0,0,0,0,0,0,1,9,-1,6,1,43,7,-1,3,3,FIAT 500,8,E01024454,0,1
2024552401183,2024,552401183,1,9,0,9,9,8,6,0,0,6,0,0,0,0,1,1,2,2,2,56,9,1368,1,9,FIAT 500,8,E01015297,0,1
2024440174788,2024,440174788,2,9,0,5,5,3,7,0,0,8,0,0,0,0,1,1,6,6,3,-1,-1,1242,1,10,FIAT 500,-1,-1,0,-1
2024010507813,2024,010507813,2,9,9,99,99,9,9,99,99,6,9,99,9,99,9,9,6,6,3,61,9,999,1,1,FIAT 500,6,E01004519,0,1
2024320522146,2024,320522146,1,9,0,7,7,1,3,0,0,5,0,0,7,11,1,1,-1,-1,1,84,11,999,1,0,FIAT 500,4,E01026057,0,2
2024451457698,2024,451457698,1,9,0,-1,9,6,2,-1,0,1,0,10,1,0,2,1,-1,9,2,21,5,999,1,1,FIAT 500,6,E01030681,0,1
2024211425155,2024,211425155,1,9,0,-1,7,4,7,-1,0,0,0,0,7,0,4,9,-1,9,2,18,4,1242,1,15,FIAT 500,2,E01029346,0,1
2024052400042,2024,052400042,1,9,0,5,5,4,8,0,0,0,0,0,0,0,1,1,6,6,2,-1,-1,1598,1,8,FIAT 500,-1,-1,0,-1
2024161529483,2024,161529483,2,9,0,-1,19,6,2,-1,0,1,0,0,0,0,1,2,-1,6,2,74,10,1242,1,5,FIAT 500,2,E01035483,0,1
2024531488141,2024,531488141,1,9,0,-1,9,6,4,-1,0,8,0,0,0,0,1,1,-1,9,2,28,6,1242,1,12,FIAT 500,7,E01034790,0,4
2024311467085,2024,311467085,1,9,0,-1,10,1,3,-1,0,1,0,0,0,0,2,1,-1,6,2,19,4,999,1,2,FIAT 500,7,E01028287,0,1
2024302400743,2024,302400743,1,9,0,18,19,8,4,0,0,0,0,0,1,4,1,1,6,6,2,43,7,1242,1,10,FIAT 500,10,E01033532,0,1
2024371515709,2024,371515709,1,9,0,-1,19,1,5,-1,0,6,0,0,0,0,1,1,-1,2,2,54,8,-1,3,2,FIAT 500,10,E01029973,0,1
2024440155775,2024,440155775,2,9,0,18,19,3,7,0,0,1,0,0,0,0,1,1,6,6,1,71,10,1242,1,8,FIAT 500,7,E01017094,0,3
2024061453375,2024,061453375,2,9,0,-1,19,7,3,-1,0,0,0,0,0,0,1,1,-1,9,2,80,11,1242,1,9,FIAT 500,1,E01033687,0,1
2024010501330,2024,010501330,1,9,0,99,99,9,9,99,99,9,9,99,9,99,2,9,6,6,2,24,5,1242,1,5,FIAT 500,8,E01000702,0,1
2024041464569,2024,041464569,1,9,0,-1,19,3,7,-1,0,1,0,0,0,0,1,1,-1,9,2,22,5,1242,1,13,FIAT 500,1,E01024885,0,1
2024430624689,2024,430624689,1,9,0,9,9,7,5,0,0,5,0,0,0,0,3,1,6,6,2,68,10,1242,1,6,FIAT 500,9,E01017655,0,2
2024122400315,2024,122400315,1,9,0,3,3,4,8,0,0,1,0,0,1,0,2,1,6,6,2,54,8,999,1,3,FIAT 500,6,E01027923,0,4
2024201421592,2024,201421592,2,9,0,-1,19,2,5,-1,0,2,0,0,0,0,2,1,-1,2,2,20,4,1242,1,15,FIAT 500,1,E01008918,0,2
2024471495512,2024,471495512,1,9,0,-1,19,8,4,-1,0,1,0,0,0,0,1,1,-1,6,2,32,6,1242,1,10,FIAT 500,7,E01031539,0,4
2024471460610,2024,471460610,2,9,0,-1,4,4,8,-1,0,1,0,0,0,0,1,1,-1,2,1,25,5,1242,1,4,FIAT 500,7,E01035320,0,3
2024421521403,2024,421521403,2,9,0,-1,19,5,1,-1,0,3,0,0,0,0,4,9,-1,9,2,24,5,1368,1,16,FIAT 500,6,E01021525,0,1
2024501459223,2024,501459223,2,9,0,-1,19,6,2,-1,0,1,1,0,7,0,4,1,-1,9,2,18,4,1242,1,13,FIAT 500,7,E01018934,0,3
2024311535761,2024,311535761,2,9,0,-1,3,1,2,-1,0,4,0,0,0,0,1,1,-1,6,2,47,8,1242,1,6,FIAT 500,-1,-1,0,-1
2024340WN6772,2024,340WN6772,2,9,0,-1,19,5,1,-1,0,1,0,0,0,0,3,1,-1,9,2,59,9,1242,1,10,FIAT 500,6,E01027139,0,1
2024440167981,2024,440167981,1,9,0,5,5,3,7,0,0,1,0,0,0,0,1,1,6,6,1,68,10,999,1,1,FIAT 500,-1,-1,0,-1
2024622400090,2024,622400090,2,9,0,18,19,6,2,0,0,3,0,0,0,0,3,1,6,6,2,27,6,1242,1,7,FIAT 500,5,W01001824,0,1
2024522402048,2024,522402048,1,9,0,18,19,7,3,0,0,0,5,0,2,4,3,1,6,6,2,37,7,1242,1,5,FIAT 500,9,E01014441,0,4
2024010531190,2024,010531190,1,9,0,18,19,5,1,0,0,0,0,0,0,0,1,1,6,6,2,68,10,1242,1,10,FIAT 500,6,E01001201,0,1
2024340WN0292,2024,340WN0292,1,9,0,-1,19,6,2,-1,0,0,0,0,1,0,1,1,-1,6,2,22,5,1242,1,14,FIAT 500,8,E01032376,0,4
2024320325607,2024,320325607,1,9,0,-1,-1,1,5,0,0,2,0,0,0,1,1,1,-1,-1,1,86,11,1242,1,11,FIAT 500,8,E01026313,0,4
2024451494922,2024,451494922,1,9,0,-1,19,1,5,-1,0,8,0,0,0,0,3,1,-1,9,2,19,4,1368,1,16,FIAT 500,5,E01031731,0,1
2024041427624,2024,041427624,2,9,0,-1,19,3,7,-1,0,8,0,0,0,0,1,1,-1,2,1,22,5,999,1,2,FIAT 500,10,E01024965,0,3
2024052401724,2024,052401724,1,9,0,18,19,5,1,0,0,4,0,0,0,0,1,1,6,6,2,58,9,1242,1,8,FIAT 500,2,E01007294,0,1
2024061503946,2024,061503946,1,9,0,-1,19,4,8,-1,0,1,0,0,0,0,1,1,-1,2,2,24,5,1242,1,8,FIAT 500,10,E01024950,0,3
2024371525359,2024,371525359,2,9,0,-1,9,5,3,-1,0,0,0,0,0,0,1,1,-1,6,2,44,7,999,1,4,FIAT 500,10,E01030204,0,1
2024991474528,2024,991474528,1,9,0,-1,7,2,8,-1,0,1,0,0,0,0,1,1,-1,9,2,26,6,1242,1,5,FIAT 500,7,-1,0,1
2024451470482,2024,451470482,2,9,0,-1,4,6,1,-1,0,0,0,0,0,0,2,9,-1,6,2,19,4,1242,1,11,FIAT 500,9,E01022879,0,4
2024010531262,2024,010531262,2,9,0,5,5,7,3,0,0,0,0,0,0,0,3,1,6,6,1,21,5,1242,1,15,FIAT 500,2,E01002588,0,1
2024430570568,2024,430570568,2,9,0,18,19,8,2,0,0,1,0,0,0,0,1,1,6,6,1,-1,-1,999,1,1,FIAT 500,-1,-1,0,-1
2024201447216,2024,201447216,2,9,0,-1,9,2,6,-1,0,5,0,0,0,0,3,1,-1,9,2,76,11,1242,1,9,FIAT 500,6,E01010350,0,1
2024461459360,2024,461459360,1,9,0,-1,19,7,3,-1,0,0,5,0,0,0,1,1,-1,1,2,28,6,1242,1,11,FIAT 500,4,E01024565,0,2
2024401437281,2024,401437281,2,9,0,-1,19,5,7,-1,0,0,1,0,0,0,1,1,-1,7,2,46,8,1242,1,16,FIAT 500,5,E01034429,0,1
2024461480896,2024,461480896,3,9,0,-1,2,0,0,-1,-1,0,0,4,0,0,3,1,-1,6,-1,-1,-1,1242,1,11,FIAT 500,-1,-1,0,-1
2024141394513,2024,141394513,2,9,0,-1,4,7,3,-1,0,0,0,0,0,0,2,1,-1,9,1,18,4,999,1,1,FIAT 500,7,E01007972,0,1
2024451502687,2024,451502687,1,9,0,-1,9,1,5,-1,0,0,0,0,0,0,1,1,-1,7,2,17,4,999,1,1,FIAT 500,10,E01030831,0,2
2024311406706,2024,311406706,1,9,0,-1,19,3,7,-1,0,0,5,0,1,0,0,1,-1,1,2,33,6,1242,1,11,FIAT 500,5,E01028305,0,4
2024351412369,2024,351412369,1,9,0,-1,19,3,7,-1,0,0,0,0,0,0,1,1,-1,9,2,75,10,1242,1,14,FIAT 500,5,E01018082,0,1
2024471464064,2024,471464064,1,9,0,-1,19,3,7,-1,0,8,0,4,0,0,1,1,-1,2,2,24,5,1242,1,13,FIAT 500,9,E01031356,0,3
2024010535959,2024,010535959,1,9,0,99,99,9,9,99,99,9,9,99,9,99,2,9,6,6,1,58,9,1242,1,12,FIAT 500,9,E01000396,0,3
2024552401117,2024,552401117,2,9,0,18,19,8,4,0,0,0,5,0,0,0,2,1,6,6,2,18,4,1242,1,14,FIAT 500,7,E01020588,0,3
2024991404290,2024,991404290,1,9,0,-1,9,6,2,-1,0,8,0,0,0,0,1,1,-1,2,2,49,8,1242,1,7,FIAT 500,10,-1,0,2
2024161400942,2024,161400942,1,9,0,-1,9,8,6,-1,0,6,1,0,0,0,1,1,-1,9,1,14,3,1242,1,9,FIAT 500,6,E01013036,0,2
202454B670724,2024,54B670724,1,9,0,18,19,2,6,0,0,0,0,0,0,0,1,1,1,1,1,74,10,1242,1,10,FIAT 500,9,E01031883,0,3
2024451461731,2024,451461731,2,9,0,-1,19,5,3,-1,0,0,0,4,0,0,4,1,-1,9,1,17,4,1242,1,8,FIAT 500,10,E01030967,0,1
2024421436746,2024,421436746,1,9,0,-1,19,3,7,-1,0,0,2,0,7,0,1,1,-1,2,2,17,4,1242,1,9,FIAT 500,6,E01021733,0,2
2024061489779,2024,061489779,1,9,0,-1,19,2,6,-1,0,1,5,0,1,0,1,1,-1,6,2,67,10,1242,1,16,FIAT 500,2,E01005028,0,1
2024101473344,2024,101473344,2,9,0,-1,19,5,1,-1,0,1,0,0,0,0,2,1,-1,6,1,33,6,1242,1,7,FIAT 500,3,E01008229,0,1
2024340WN0062,2024,340WN0062,1,9,0,-1,19,2,6,-1,0,0,1,0,0,0,1,1,-1,2,2,20,4,1242,1,16,FIAT 500,9,E01027254,0,4
2024531529191,2024,531529191,1,9,0,-1,9,7,5,-1,0,6,0,0,0,0,1,1,-1,9,2,32,6,999,1,1,FIAT 500,9,E01022431,0,2
2024010514466,2024,010514466,1,9,0,7,7,3,5,0,0,5,0,0,0,0,1,1,2,2,2,34,6,1242,1,10,FIAT 500,-1,-1,0,-1
2024421445758,2024,421445758,1,9,0,-1,19,7,8,-1,0,0,0,0,1,3,1,1,-1,9,2,24,5,875,1,11,FIAT 500,2,E01000551,0,4
2024501426913,2024,501426913,1,9,0,-1,19,8,4,-1,9,2,0,11,1,11,1,1,-1,9,2,31,6,1242,1,11,FIAT 500,6,E01019924,0,1
2024141428538,2024,141428538,1,9,0,-1,9,3,2,-1,0,8,0,0,0,0,1,1,-1,9,2,17,4,1242,1,9,FIAT 500,8,E01008025,0,1
2024471491750,2024,471491750,2,9,0,-1,9,7,5,-1,0,8,0,0,0,0,4,1,-1,9,2,48,8,1242,1,9,FIAT 500,3,E01034830,0,4
2024201520996,2024,201520996,2,9,0,-1,9,4,2,-1,0,3,0,0,0,0,1,1,-1,6,2,39,7,875,1,12,FIAT 500,7,E01009067,0,1
2024411479155,2024,411479155,1,9,0,-1,19,8,4,-1,0,0,0,0,0,0,1,1,-1,9,2,62,9,1242,1,15,FIAT 500,2,E01001339,0,4
2024211490695,2024,211490695,2,9,0,-1,19,1,1,-1,0,1,0,0,0,0,1,1,-1,6,2,56,9,1242,1,10,FIAT 500,2,E01014252,0,1
2024401406512,2024,401406512,2,9,0,-1,19,4,8,-1,0,0,0,0,0,0,2,1,-1,2,2,26,6,1242,1,9,FIAT 500,9,E01017439,0,2
2024522402446,2024,522402446,1,9,0,8,8,6,1,0,0,1,0,0,0,0,2,1,6,6,2,59,9,1242,1,6,FIAT 500,8,E01014560,0,1
202417M118124,2024,17M118124,2,9,0,-1,19,3,7,-1,0,8,0,0,0,0,3,1,-1,9,2,20,4,1242,1,13,FIAT 500,-1,-1,0,-1
2024440502955,2024,440502955,2,9,0,2,2,0,0,0,0,0,0,4,0,0,2,1,6,6,2,51,8,1242,1,13,FIAT 500,9,E01022862,0,1
2024421460102,2024,421460102,1,9,0,-1,7,5,7,-1,4,0,0,0,0,0,1,1,-1,6,2,48,8,1242,1,9,FIAT 500,-1,-1,0,-1
2024461506341,2024,461506341,1,9,0,-1,11,4,6,-1,0,0,2,11,2,7,4,1,-1,2,2,22,5,1242,1,14,FIAT 500,8,E01021107,0,4
2024991532749,2024,991532749,2,9,0,-1,10,3,5,-1,0,0,0,0,0,0,3,1,-1,9,2,19,4,999,1,1,FIAT 500,7,-1,0,1
2024610033524,2024,610033524,2,9,0,18,19,2,6,0,0,0,0,0,0,0,3,1,6,6,1,65,9,1242,1,15,FIAT 500,4,W01001331,0,1
2024430553940,2024,430553940,1,9,0,4,4,3,7,0,0,0,0,0,0,0,1,1,6,6,2,18,4,999,1,1,FIAT 500,6,E01023409,0,4
2024010532092,2024,010532092,2,9,0,99,99,9,9,99,99,9,9,99,9,99,1,9,6,6,2,26,6,1242,1,6,FIAT 500,3,E01000385,0,1
2024010517930,2024,010517930,2,9,0,2,2,0,0,0,0,0,0,0,0,0,3,1,6,6,3,-1,-1,1242,1,10,FIAT 500,-1,-1,0,-1
2024070603902,2024,070603902,1,9,0,18,19,6,2,0,0,4,0,0,0,0,1,1,2,2,2,22,5,999,1,1,FIAT 500,7,E01018395,0,1
202417M107524,2024,17M107524,1,9,0,-1,11,6,2,-1,0,7,0,0,0,0,1,1,-1,9,2,18,4,1242,1,9,FIAT 500,1,E01011979,0,3
2024451497490,2024,451497490,1,9,0,-1,19,6,2,-1,0,0,0,0,0,0,1,1,-1,9,2,47,8,1242,1,5,FIAT 500,3,E01030608,0,1
2024041435875,2024,041435875,2,9,0,-1,19,5,1,-1,0,1,0,0,0,0,2,1,-1,6,2,45,7,999,1,2,FIAT 500,7,E01025462,0,1
2024201451146,2024,201451146,2,9,0,-1,3,7,6,-1,0,1,0,0,0,0,4,1,-1,6,2,19,4,999,1,1,FIAT 500,-1,-1,0,-1
2024332401209,2024,332401209,1,9,0,-1,5,4,8,-1,0,6,0,0,3,0,4,1,-1,6,2,48,8,1242,1,11,FIAT 500,3,E01025715,0,2
2024440349232,2024,440349232,2,9,0,18,19,2,6,0,0,1,0,0,6,1,1,1,2,2,1,33,6,1368,1,7,FIAT 500,4,E01031980,0,3
2024520000313,2024,520000313,1,9,0,18,19,6,2,0,0,8,0,0,0,0,3,1,6,6,3,52,8,1242,1,10,FIAT 500,9,E01014931,0,2
2024610009924,2024,610009924,2,9,0,18,19,5,1,0,0,8,0,0,0,0,3,1,6,6,2,28,6,1242,1,11,FIAT 500,2,W01001325,0,1
2024101417277,2024,101417277,2,9,0,-1,19,3,7,-1,0,8,0,0,0,0,2,1,-1,9,2,25,5,999,1,2,FIAT 500,9,E01008784,0,1
2024361484488,2024,361484488,1,9,0,-1,19,1,5,-1,0,1,5,10,0,0,1,1,-1,9,2,23,5,1242,1,15,FIAT 500,8,E01026542,0,1
2024211497222,2024,211497222,1,9,0,-1,19,4,8,-1,0,0,0,0,0,0,1,1,-1,9,2,25,5,1242,1,15,FIAT 500,-1,-1,0,-1
2024421445770,2024,421445770,2,9,0,-1,4,7,3,-1,0,1,0,0,0,0,2,9,-1,6,2,-1,-1,999,1,3,FIAT 500,-1,-1,0,-1
2024052400322,2024,052400322,1,9,0,18,19,5,1,0,0,0,0,0,0,0,1,1,6,6,3,-1,-1,1242,1,9,FIAT 500,-1,-1,0,-1
2024211469052,2024,211469052,2,9,0,-1,19,3,7,-1,0,0,0,0,0,0,2,1,-1,2,2,58,9,999,1,4,FIAT 500,1,E01014249,0,1
2024991526378,2024,991526378,1,9,0,-1,14,2,6,-1,0,0,0,0,0,0,3,1,-1,2,1,49,8,999,1,0,FIAT 500,2,-1,0,4
2024522401821,2024,522401821,2,9,0,2,2,0,0,0,0,1,0,0,0,0,1,1,6,6,3,-1,-1,1242,1,11,FIAT 500,-1,-1,0,-1
2024991435277,2024,991435277,1,9,0,-1,7,2,4,-1,0,1,0,0,7,2,1,1,-1,9,1,74,10,999,1,2,FIAT 500,9,-1,0,3
2024061459137,2024,061459137,1,9,0,-1,19,4,8,-1,0,0,0,0,0,0,1,1,-1,9,2,24,5,1242,1,11,FIAT 500,4,E01006242,0,3
2024471485589,2024,471485589,2,9,0,-1,19,2,6,-1,0,1,0,0,0,0,2,1,-1,9,1,50,8,1598,2,9,FIAT 500,7,E01031813,0,3
2024421479840,2024,421479840,4,9,0,-1,2,0,0,-1,0,0,0,0,0,0,3,1,-1,6,-1,-1,-1,1242,1,11,FIAT 500,-1,-1,0,-1
2024631517236,2024,631517236,1,9,0,-1,19,5,8,-1,0,0,0,0,0,0,1,1,-1,9,2,20,4,1242,1,14,FIAT 500,5,W01000648,0,2
2024061532581,2024,061532581,1,9,0,-1,9,5,1,-1,0,1,0,0,0,0,3,1,-1,9,2,82,11,1242,1,11,FIAT 500,4,E01005446,0,1
2024471396492,2024,471396492,2,9,0,-1,19,5,1,-1,0,8,0,0,0,0,4,1,-1,9,2,77,11,1242,1,10,FIAT 500,8,E01031757,0,3
2024070350967,2024,070350967,1,9,0,18,19,3,7,0,0,8,1,0,0,0,1,1,1,1,2,57,9,1242,1,5,FIAT 500,9,E01018500,0,2
2024451504430,2024,451504430,1,9,0,-1,19,7,3,-1,0,0,0,0,0,0,1,9,-1,6,2,50,8,1242,1,12,FIAT 500,7,E01030527,0,1
2024052400573,2024,052400573,1,9,0,18,19,1,5,0,0,0,0,8,0,0,3,1,6,6,2,60,9,1242,1,14,FIAT 500,4,E01006983,0,1
2024231460294,2024,231460294,1,9,0,-1,9,3,1,-1,0,6,0,0,0,0,1,1,-1,9,2,18,4,999,1,3,FIAT 500,3,E01031080,0,1
2024311544248,2024,311544248,1,9,0,-1,19,4,8,-1,0,0,1,0,1,0,0,1,-1,2,2,26,6,875,1,11,FIAT 500,5,E01033762,0,5