collision_index,collision_year,collision_ref_no,vehicle_reference,vehicle_type,towing_and_articulation,vehicle_manoeuvre_historic,vehicle_manoeuvre,vehicle_direction_from,vehicle_direction_to,vehicle_location_restricted_lane_historic,vehicle_location_restricted_lane,junction_location,skidding_and_overturning,hit_object_in_carriageway,vehicle_leaving_carriageway,hit_object_off_carriageway,first_point_of_impact,vehicle_left_hand_drive,journey_purpose_of_driver_historic,journey_purpose_of_driver,sex_of_driver,age_of_driver,age_band_of_driver,engine_capacity_cc,propulsion_code,age_of_vehicle,generic_make_model,driver_imd_decile,lsoa_of_driver,escooter_flag,driver_distance_banding
2024421455043,2024,421455043,3,9,0,-1,19,5,1,-1,0,6,0,0,0,0,2,2,-1,9,2,30,6,1368,1,8,FIAT 500,8,E01021878,0,1
2024622400197,2024,622400197,1,9,0,18,19,2,6,0,0,0,0,0,0,0,0,1,6,6,2,58,9,1242,1,10,FIAT 500,7,W01000758,0,1
2024520500409,2024,520500409,2,9,0,18,19,9,9,0,0,0,0,0,0,0,1,1,6,6,3,-1,-1,1242,1,15,FIAT 500,-1,-1,0,-1
2024440177093,2024,440177093,1,9,0,3,3,4,8,0,0,1,0,0,0,0,2,1,6,6,2,29,6,1242,1,12,FIAT 500,6,E01017041,0,1
2024070279106,2024,070279106,2,9,0,18,19,7,3,0,0,1,0,0,0,0,2,1,1,1,2,53,8,1242,1,8,FIAT 500,6,E01018369,0,1
2024320580517,2024,320580517,2,9,0,-1,-1,3,7,0,0,1,0,0,0,0,1,1,-1,-1,2,23,5,875,1,7,FIAT 500,4,E01026019,0,2
2024010530200,2024,010530200,2,9,0,99,99,9,9,99,99,9,9,99,9,99,1,9,6,6,3,-1,-1,1242,1,7,FIAT 500,-1,-1,0,-1
2024101506389,2024,101506389,2,9,0,-1,19,4,8,-1,0,8,0,0,0,0,4,1,-1,2,2,21,5,1242,1,10,FIAT 500,5,E01035631,0,1
2024010493248,2024,010493248,2,9,0,2,2,9,9,99,99,9,9,99,9,99,3,9,6,6,3,-1,-1,1242,1,7,FIAT 500,-1,-1,0,-1
2024010505997,2024,010505997,1,9,0,-1,-1,7,3,0,0,0,0,0,0,0,1,1,6,6,1,56,9,1242,1,11,FIAT 500,6,E01024425,0,3
2024471393878,2024,471393878,2,9,0,-1,3,7,3,-1,0,4,0,0,0,0,2,9,-1,9,1,58,9,1242,1,10,FIAT 500,10,E01020946,0,1
2024520402843,2024,520402843,2,9,0,18,19,6,2,0,0,0,0,0,0,0,4,1,6,6,2,20,4,1242,1,10,FIAT 500,8,E01014442,0,1
2024991473969,2024,991473969,1,9,0,-1,13,8,4,-1,0,0,0,0,7,0,1,1,-1,6,1,59,9,999,1,0,FIAT 500,-1,-1,0,-1
2024440165783,2024,440165783,1,9,0,7,7,1,3,0,0,8,0,0,0,0,4,1,6,6,2,44,7,-1,3,2,FIAT 500,10,E01023287,0,4
2024340NN1882,2024,340NN1882,2,9,0,-1,19,1,5,-1,0,0,1,0,7,9,1,1,-1,9,1,87,11,1956,2,8,FIAT 500,6,E01027062,0,1
2024041447750,2024,041447750,2,9,0,-1,19,4,8,-1,0,8,0,0,0,0,1,1,-1,9,2,66,10,1242,1,11,FIAT 500,8,E01025056,0,1
2024131399211,2024,131399211,2,9,0,-1,19,1,1,-1,0,1,0,0,0,0,4,1,-1,9,1,77,11,1368,1,7,FIAT 500,2,E01011149,0,1
2024421457139,2024,421457139,2,9,0,-1,2,6,2,-1,0,0,0,0,0,0,1,1,-1,6,-1,-1,-1,1242,1,8,FIAT 500,-1,-1,0,-1
2024211520003,2024,211520003,2,9,0,-1,2,0,0,-1,0,0,1,0,0,0,1,1,-1,6,2,24,5,1242,1,10,FIAT 500,6,E01009443,0,2
2024320239594,2024,320239594,2,9,0,-1,-1,6,2,0,0,1,0,0,0,0,1,1,-1,-1,1,29,6,-1,3,0,FIAT 500,4,E01026317,0,1
2024161459723,2024,161459723,1,9,0,-1,19,7,3,-1,0,1,0,0,0,0,1,9,-1,6,2,18,4,1242,1,10,FIAT 500,9,E01013260,0,1
2024010513339,2024,010513339,1,9,0,99,99,9,9,99,99,9,9,99,9,99,9,9,6,6,2,60,9,1242,1,4,FIAT 500,10,E01000449,0,1
2024371479498,2024,371479498,2,9,0,-1,19,1,5,-1,0,8,0,0,0,0,1,1,-1,9,2,28,6,1242,1,6,FIAT 500,6,E01030041,0,1
2024141448604,2024,141448604,2,9,0,-1,3,2,6,-1,0,2,1,0,0,0,3,1,-1,2,2,27,6,1242,1,10,FIAT 500,1,E01008117,0,1
2024451461727,2024,451461727,2,9,0,-1,2,5,1,-1,0,0,0,0,0,0,2,1,-1,6,-1,-1,-1,1242,1,9,FIAT 500,-1,-1,0,-1
2024991427656,2024,991427656,1,9,0,-1,19,2,6,-1,0,3,0,0,0,0,1,1,-1,2,2,27,6,1242,1,12,FIAT 500,5,E01025331,0,5
2024991443461,2024,991443461,1,9,0,-1,6,1,8,-1,0,1,0,0,0,0,4,1,-1,6,2,17,4,1242,1,11,FIAT 500,-1,-1,0,-1
2024421455546,2024,421455546,2,9,0,-1,4,3,7,-1,0,8,0,0,0,0,4,1,-1,9,2,49,8,1242,1,6,FIAT 500,4,E01021704,0,4
2024440212560,2024,440212560,1,9,0,3,3,8,4,0,0,1,0,0,0,0,2,1,6,6,2,20,4,1242,1,10,FIAT 500,9,E01022625,0,1
2024430427915,2024,430427915,1,9,0,18,19,4,8,0,0,0,0,0,0,0,1,1,1,1,2,-1,-1,1242,1,13,FIAT 500,-1,-1,0,-1
202454A226624,2024,54A226624,1,9,0,18,19,7,3,0,0,0,0,0,0,0,1,1,6,6,2,28,6,1242,1,9,FIAT 500,5,E01031933,0,3
2024010519945,2024,010519945,11,9,0,4,4,7,3,0,0,0,0,0,0,0,3,1,6,6,2,60,9,1242,1,7,FIAT 500,5,E01003123,0,3
2024302401157,2024,302401157,2,9,0,18,19,5,1,0,0,1,0,0,0,0,4,1,6,6,1,36,7,1956,2,9,FIAT 500,3,E01013471,0,2
2024131494491,2024,131494491,2,9,0,-1,19,1,5,-1,0,0,0,0,0,0,2,1,-1,6,2,53,8,1242,1,9,FIAT 500,8,E01010573,0,1
2024201407222,2024,201407222,1,9,0,-1,19,2,6,-1,0,0,0,4,0,0,1,9,-1,1,1,37,7,1242,1,5,FIAT 500,5,E01008974,0,1
2024221459982,2024,221459982,2,9,0,-1,4,5,1,-1,0,8,0,0,0,0,3,1,-1,6,2,18,4,1242,1,10,FIAT 500,8,E01028861,0,2
2024430308686,2024,430308686,1,9,0,18,19,2,6,0,0,0,0,0,0,0,4,1,6,6,2,-1,-1,1368,1,9,FIAT 500,7,E01016309,0,1
2024010533288,2024,010533288,2,9,0,2,2,9,9,99,99,9,9,99,9,99,9,9,6,6,3,-1,-1,1956,2,8,FIAT 500,-1,-1,0,-1
2024520402920,2024,520402920,1,9,0,4,4,2,6,0,0,0,0,0,0,0,2,1,6,6,2,20,4,999,1,2,FIAT 500,6,E01029300,0,1
2024070474291,2024,070474291,1,9,0,9,9,5,3,0,0,8,0,0,0,1,3,1,6,6,2,18,4,1242,1,14,FIAT 500,10,E01018643,0,2
2024531413834,2024,531413834,3,9,0,-1,2,0,0,-1,0,0,0,0,0,0,1,1,-1,6,-1,-1,-1,1242,1,15,FIAT 500,-1,-1,0,-1
2024201484641,2024,201484641,2,9,0,-1,19,1,5,-1,0,8,0,10,1,11,1,9,-1,9,2,23,5,1242,1,7,FIAT 500,8,E01010437,0,1
2024131419017,2024,131419017,1,9,0,-1,19,3,7,-1,0,2,0,0,0,0,1,1,-1,9,2,17,4,1242,1,15,FIAT 500,8,E01011203,0,2
2024041523968,2024,041523968,2,9,0,-1,4,4,8,-1,0,1,0,0,0,0,2,1,-1,9,2,19,4,1242,1,12,FIAT 500,9,E01012598,0,1
2024552400868,2024,552400868,1,9,0,18,19,6,2,0,0,6,0,0,0,0,3,1,2,2,2,75,10,1242,1,8,FIAT 500,4,E01015328,0,1
2024471396748,2024,471396748,2,9,0,-1,19,4,8,-1,0,0,0,0,0,0,2,1,-1,9,2,37,7,1242,1,11,FIAT 500,10,E01031678,0,3
2024320192356,2024,320192356,1,9,0,9,9,1,7,0,0,6,0,0,1,2,2,1,-1,-1,2,20,4,999,1,4,FIAT 500,9,E01021454,0,5
2024411474169,2024,411474169,1,9,0,-1,4,7,3,-1,0,7,0,0,0,0,1,1,-1,6,2,28,6,1242,1,16,FIAT 500,9,E01023946,0,1
2024361503741,2024,361503741,1,9,0,-1,19,6,1,-1,0,0,0,4,0,0,1,1,-1,6,2,72,10,1242,1,8,FIAT 500,4,E01026609,0,1
2024522401992,2024,522401992,1,9,0,4,4,6,2,0,0,1,0,0,0,0,2,1,6,6,2,63,9,1242,1,9,FIAT 500,9,E01014920,0,1
2024010514184,2024,010514184,1,9,0,99,99,9,9,99,99,9,9,99,9,99,2,9,6,6,2,63,9,1242,1,16,FIAT 500,3,E01002105,0,1
2024461478153,2024,461478153,1,9,0,-1,19,3,7,-1,0,0,0,0,7,0,1,1,-1,9,2,61,9,1242,1,10,FIAT 500,2,E01024502,0,1
2024340WN6832,2024,340WN6832,1,9,0,-1,19,3,7,-1,0,0,2,0,1,11,1,1,-1,9,2,33,6,1242,1,10,FIAT 500,5,E01027302,0,2
2024131406795,2024,131406795,1,9,0,-1,9,1,3,-1,0,0,0,0,0,0,1,1,-1,2,2,24,5,1242,1,8,FIAT 500,5,E01011678,0,1
2024161461376,2024,161461376,1,9,0,-1,7,3,5,-1,0,1,0,0,0,0,4,1,-1,9,2,26,6,1242,1,11,FIAT 500,9,E01013316,0,1
2024501492341,2024,501492341,1,9,0,-1,19,1,5,-1,0,0,0,0,0,0,1,1,-1,6,2,62,9,1242,1,10,FIAT 500,4,E01015236,0,1
2024231492310,2024,231492310,2,9,0,-1,4,6,2,-1,0,0,0,0,0,0,2,9,-1,7,2,20,4,1242,1,10,FIAT 500,2,E01013781,0,4
2024010515525,2024,010515525,2,9,9,99,99,9,9,99,99,9,9,99,9,99,9,9,6,6,2,18,4,1242,1,15,FIAT 500,10,E01000684,0,3
2024421500397,2024,421500397,1,9,0,-1,19,1,5,-1,0,1,0,0,0,0,4,1,-1,6,2,43,7,999,1,2,FIAT 500,10,E01021585,0,1
2024031426448,2024,031426448,1,9,0,-1,19,8,4,-1,0,1,0,0,0,0,2,9,-1,6,2,20,4,1242,1,12,FIAT 500,-1,-1,0,-1
2024041533648,2024,041533648,1,9,0,-1,5,7,3,-1,0,0,0,0,0,0,3,1,-1,9,1,64,9,1242,1,11,FIAT 500,9,E01024916,0,1
2024411516296,2024,411516296,2,9,0,-1,3,-1,-1,-1,0,4,0,0,0,0,1,9,-1,9,2,29,6,1242,1,9,FIAT 500,7,E01023366,0,1
2024221445147,2024,221445147,1,9,0,-1,5,1,5,-1,0,0,1,0,1,10,1,9,-1,6,2,25,5,1242,1,11,FIAT 500,5,E01032342,0,1
2024010518797,2024,010518797,2,9,0,18,19,7,3,0,0,1,0,0,0,0,3,1,6,6,2,22,5,1598,1,8,FIAT 500,4,E01001420,0,1
2024421421484,2024,421421484,3,9,0,-1,19,4,8,-1,0,0,0,0,0,0,3,1,-1,9,1,62,9,1242,1,6,FIAT 500,10,E01023452,0,4
2024161400122,2024,161400122,1,9,0,-1,19,4,8,-1,0,0,1,0,0,0,2,1,-1,9,2,63,9,1242,1,5,FIAT 500,5,E01012296,0,4
2024451509195,2024,451509195,2,9,0,-1,9,1,7,-1,0,8,0,0,0,0,3,1,-1,2,1,47,8,1242,1,12,FIAT 500,8,E01001024,0,1
2024552400944,2024,552400944,2,9,0,18,19,8,4,0,0,8,0,0,0,0,4,1,2,2,2,41,7,1598,1,8,FIAT 500,8,E01023069,0,2
2024221429263,2024,221429263,2,9,0,-1,4,1,7,-1,0,8,0,0,0,0,2,1,-1,6,1,17,4,1242,1,8,FIAT 500,3,E01032267,0,1
2024131414056,2024,131414056,2,9,0,-1,19,3,3,-1,0,3,1,0,0,0,1,1,-1,9,2,43,7,1242,1,4,FIAT 500,8,E01032490,0,1
2024552500129,2024,552500129,2,9,0,18,19,2,6,0,0,8,0,0,0,0,1,1,2,2,2,54,8,875,1,14,FIAT 500,5,E01015380,0,1
2024471479430,2024,471479430,2,9,0,-1,19,1,5,-1,0,0,0,0,0,0,1,1,-1,2,2,52,8,-1,3,3,FIAT 500,5,E01031611,0,2
2024311397939,2024,311397939,2,9,0,-1,9,4,2,-1,0,4,1,0,0,0,3,1,-1,6,2,28,6,1242,1,11,FIAT 500,4,E01027945,0,3
2024440282845,2024,440282845,1,9,0,12,12,5,1,0,0,7,5,0,4,0,3,1,3,7,2,17,4,999,1,3,FIAT 500,10,E01030775,0,1
2024531424669,2024,531424669,1,9,0,-1,5,7,3,-1,0,8,0,0,0,0,3,1,-1,9,1,50,8,1242,1,6,FIAT 500,7,E01022397,0,1
2024010544076,2024,010544076,1,9,0,18,19,1,5,0,0,2,0,10,0,0,1,1,6,6,2,44,7,1242,1,16,FIAT 500,3,E01033924,0,1
2024010545578,2024,010545578,1,9,0,18,19,7,3,0,0,0,0,0,0,0,1,1,6,6,3,-1,-1,999,1,3,FIAT 500,-1,-1,0,-1
2024371422830,2024,371422830,2,9,0,-1,2,0,0,-1,-1,0,0,0,0,0,2,1,-1,6,2,57,9,999,1,1,FIAT 500,6,E01026649,0,4
2024471486353,2024,471486353,2,9,0,-1,7,3,5,-1,0,2,0,0,0,0,1,1,-1,6,2,62,9,875,1,9,FIAT 500,3,E01016907,0,2
2024122400229,2024,122400229,1,9,0,18,19,1,5,0,0,6,0,0,0,0,1,1,6,6,2,51,8,1242,1,11,FIAT 500,10,E01027655,0,1
2024101414328,2024,101414328,1,9,0,-1,19,5,1,-1,0,0,0,0,1,7,1,1,-1,6,2,64,9,1242,1,11,FIAT 500,1,E01008400,0,2
2024320369973,2024,320369973,2,9,0,-1,-1,7,3,0,0,8,0,0,0,0,1,1,-1,-1,2,26,6,1242,1,16,FIAT 500,2,E01026277,0,3
2024552400616,2024,552400616,2,9,0,18,19,3,7,0,0,8,0,0,0,0,1,1,2,2,2,18,4,1242,1,12,FIAT 500,7,E01020449,0,1
2024440483251,2024,440483251,2,9,0,18,19,5,1,0,0,8,0,0,0,0,1,1,2,2,2,27,6,1242,1,12,FIAT 500,3,E01017091,0,1
2024010510057,2024,010510057,1,9,0,99,99,9,9,99,99,0,9,99,9,99,2,9,6,6,2,60,9,1598,1,8,FIAT 500,6,E01001563,0,1
2024552400609,2024,552400609,2,9,0,3,3,2,6,0,0,0,0,0,0,0,2,1,6,6,2,37,7,1242,1,15,FIAT 500,7,E01020570,0,1
2024320732214,2024,320732214,1,9,0,7,7,6,8,0,0,6,0,0,0,0,3,1,1,1,2,21,5,1242,1,12,FIAT 500,5,E01026054,0,4
2024161459946,2024,161459946,2,9,0,-1,19,6,2,-1,0,0,0,0,0,0,2,1,-1,9,2,22,5,1242,1,11,FIAT 500,2,E01011919,0,4
2024461463292,2024,461463292,1,9,0,-1,19,7,3,-1,0,1,1,4,0,0,1,9,-1,9,1,37,7,1368,1,16,FIAT 500,6,E01030842,0,2
2024340NN1102,2024,340NN1102,3,9,0,-1,2,0,0,-1,0,0,0,0,0,0,3,1,-1,6,3,-1,-1,1242,1,9,FIAT 500,-1,-1,0,-1
2024421419722,2024,421419722,1,9,0,-1,19,6,2,-1,0,2,0,0,0,0,1,1,-1,6,1,60,9,1242,1,9,FIAT 500,-1,-1,0,-1
2024610026124,2024,610026124,2,9,0,9,9,6,3,0,0,8,0,0,0,0,1,1,6,6,2,17,4,999,1,3,FIAT 500,7,W01001556,0,3
2024411454859,2024,411454859,1,9,0,-1,19,6,2,-1,0,0,1,0,1,4,1,1,-1,9,2,27,6,999,1,1,FIAT 500,9,E01023670,0,2
2024161418164,2024,161418164,1,9,0,-1,9,7,5,-1,0,4,0,0,0,0,1,1,-1,6,2,40,7,1242,1,8,FIAT 500,4,E01012797,0,1
2024361399661,2024,361399661,4,9,0,-1,19,7,3,-1,0,0,0,0,0,0,1,1,-1,2,2,20,4,1242,1,10,FIAT 500,9,E01026509,0,1
2024440225636,2024,440225636,1,9,0,18,19,5,1,0,0,1,0,0,0,0,3,1,2,2,2,20,4,1242,1,6,FIAT 500,10,E01023043,0,1
2024461451107,2024,461451107,2,9,0,-1,19,5,1,-1,0,1,0,0,0,0,1,1,-1,1,2,52,8,1242,1,7,FIAT 500,9,E01024462,0,1
2024131421414,2024,131421414,1,9,0,-1,19,6,2,-1,0,0,0,0,0,0,2,1,-1,1,2,34,6,1242,1,6,FIAT 500,3,E01011908,0,1
2024231414947,2024,231414947,6,9,0,-1,3,6,2,-1,0,0,0,0,0,0,2,2,-1,6,2,37,7,999,1,3,FIAT 500,5,E01031009,0,3
2024010524362,2024,010524362,1,9,0,18,19,1,5,0,0,1,0,0,0,0,1,1,2,2,2,79,11,1368,1,9,FIAT 500,6,E01000180,0,1
2024122500036,2024,122500036,2,9,0,4,4,3,1,0,0,1,0,0,0,0,2,1,6,6,2,34,6,1242,1,11,FIAT 500,3,E01034752,0,1
2024421408496,2024,421408496,1,9,0,-1,19,1,1,-1,0,1,1,7,7,0,4,1,-1,6,1,26,6,1242,1,12,FIAT 500,-1,-1,0,-1
2024302400721,2024,302400721,3,9,0,18,19,2,6,0,0,1,0,0,0,0,3,1,6,6,2,30,6,1242,1,6,FIAT 500,9,E01013488,0,2
2024201431098,2024,201431098,2,9,0,-1,19,7,3,-1,0,2,0,0,0,0,2,1,-1,9,1,54,8,875,1,13,FIAT 500,10,E01010202,0,2
2024471475489,2024,471475489,1,9,0,-1,3,8,3,-1,0,4,0,0,0,0,2,1,-1,9,2,27,6,1242,1,10,FIAT 500,5,E01031477,0,1
2024991497465,2024,991497465,1,9,0,-1,19,6,2,-1,0,0,0,0,0,0,1,1,-1,9,2,21,5,1242,1,6,FIAT 500,-1,-1,0,-1
2024111470315,2024,111470315,1,9,0,-1,9,3,1,-1,0,6,0,0,1,0,3,1,-1,2,2,24,5,1242,1,8,FIAT 500,2,E01020686,0,2
2024010501318,2024,010501318,1,9,0,14,14,1,5,0,0,2,0,4,1,2,1,1,6,6,2,78,11,1242,1,13,FIAT 500,6,E01000407,0,1
2024041439014,2024,041439014,2,9,0,-1,5,5,1,-1,0,4,0,0,0,0,2,1,-1,2,2,40,7,1242,1,10,FIAT 500,2,E01025289,0,1
2024332400864,2024,332400864,1,9,0,-1,9,4,2,-1,0,6,0,0,0,0,1,1,-1,9,2,23,5,1242,1,5,FIAT 500,7,E01013615,0,4
2024461459639,2024,461459639,1,9,0,-1,9,3,1,-1,0,6,0,0,0,0,1,1,-1,9,2,43,7,1242,1,15,FIAT 500,6,E01024136,0,1
2024010529366,2024,010529366,1,9,0,1,1,4,8,0,0,1,0,0,0,0,2,1,1,1,2,17,4,1242,1,12,FIAT 500,8,E01002436,0,1
2024531426948,2024,531426948,1,9,0,-1,9,1,5,-1,0,1,0,0,2,0,1,1,-1,9,2,53,8,1242,1,9,FIAT 500,7,E01022232,0,1
2024320579737,2024,320579737,1,9,0,-1,-1,4,8,0,0,0,0,0,0,0,1,1,-1,-1,2,23,5,1242,1,8,FIAT 500,7,E01018043,0,5
2024010538674,2024,010538674,2,9,0,5,5,1,5,0,0,8,0,0,0,0,3,1,2,2,2,27,6,1242,1,6,FIAT 500,2,E01003066,0,1
2024991399961,2024,991399961,1,9,0,-1,4,2,5,-1,0,0,0,0,0,0,4,1,-1,2,2,26,6,1242,1,10,FIAT 500,2,-1,0,1
2024361442365,2024,361442365,2,9,-1,-1,2,0,0,-1,-1,0,-1,-1,-1,0,-1,9,-1,6,2,20,4,1598,2,9,FIAT 500,1,E01026620,0,1
2024201438351,2024,201438351,1,9,0,-1,9,6,5,-1,0,6,0,0,0,0,1,9,-1,6,2,22,5,1242,1,10,FIAT 500,8,E01031152,0,1
2024231479468,2024,231479468,2,9,0,-1,19,6,2,-1,0,0,5,0,0,0,3,1,-1,9,2,55,8,875,1,12,FIAT 500,2,E01028300,0,4
2024461491023,2024,461491023,1,9,0,-1,19,8,5,-1,0,0,1,0,0,0,1,1,-1,9,2,31,6,875,1,13,FIAT 500,9,E01000345,0,4
2024552400452,2024,552400452,1,9,0,18,19,6,2,0,0,1,0,0,0,0,1,1,6,6,1,31,6,1242,1,8,FIAT 500,3,E01015429,0,1
2024430019320,2024,430019320,1,9,0,9,9,3,1,0,0,8,0,0,0,0,3,1,6,6,2,20,4,1242,1,13,FIAT 500,9,E01033501,0,1
2024141486400,2024,141486400,1,9,0,-1,3,1,5,-1,0,1,0,0,0,0,1,1,-1,1,2,27,6,1242,1,10,FIAT 500,1,E01007626,0,3
2024451414038,2024,451414038,1,9,0,-1,4,1,5,-1,0,0,0,0,0,0,1,1,-1,9,2,35,6,875,1,12,FIAT 500,6,E01034292,0,1
2024320583635,2024,320583635,1,9,0,14,14,4,8,0,0,0,0,0,0,0,4,1,-1,-1,2,74,10,1242,1,9,FIAT 500,8,E01026185,0,1
2024311426276,2024,311426276,2,9,0,-1,2,0,0,-1,0,0,0,0,0,0,3,9,-1,9,2,44,7,1242,1,10,FIAT 500,4,E01013929,0,1
2024211488834,2024,211488834,1,9,0,-1,19,2,3,-1,0,8,0,0,3,11,1,1,-1,2,2,22,5,1242,1,13,FIAT 500,9,E01029364,0,3
2024411470810,2024,411470810,2,9,0,-1,9,5,3,-1,0,6,0,0,0,0,1,1,-1,9,1,53,8,999,1,4,FIAT 500,5,E01021785,0,2
2024430568784,2024,430568784,1,9,0,18,19,2,6,0,0,0,0,0,0,0,3,1,6,6,2,18,4,1242,1,12,FIAT 500,10,E01016565,0,1
202417L200424,2024,17L200424,1,9,0,18,19,2,6,0,0,0,5,0,1,9,4,1,2,2,2,19,4,1242,1,13,FIAT 500,2,E01012051,0,2
2024061436974,2024,061436974,2,9,-1,-1,-1,-1,-1,-1,-1,0,-1,-1,-1,0,4,9,-1,6,2,22,5,1242,1,12,FIAT 500,4,E01006887,0,4
2024421412681,2024,421412681,1,9,0,-1,19,8,4,-1,0,1,0,4,0,0,1,2,-1,6,2,23,5,1242,1,9,FIAT 500,4,E01004417,0,4
2024052400804,2024,052400804,1,9,0,18,19,5,1,0,0,0,0,0,0,0,1,1,6,6,1,33,6,1242,1,13,FIAT 500,9,E01012374,0,1
2024201465725,2024,201465725,2,9,0,-1,19,5,1,-1,0,1,0,0,0,0,2,1,-1,6,2,37,7,1242,1,11,FIAT 500,-1,-1,0,-1
2024211470234,2024,211470234,2,9,0,-1,19,5,1,-1,0,4,0,0,0,0,2,1,-1,6,2,65,9,1242,1,5,FIAT 500,9,E01033257,0,1
2024010532290,2024,010532290,1,9,0,7,7,7,1,0,0,8,0,0,0,0,1,1,6,6,2,20,4,1242,1,5,FIAT 500,8,E01002579,0,1
2024211539239,2024,211539239,2,9,0,-1,19,4,7,-1,0,8,0,0,0,0,1,1,-1,1,2,18,4,1242,1,13,FIAT 500,3,E01029357,0,1
2024461434387,2024,461434387,2,9,0,-1,2,5,1,-1,0,0,0,4,0,0,2,9,-1,6,2,22,5,1242,1,15,FIAT 500,2,E01016136,0,1
2024421524271,2024,421524271,2,9,0,-1,19,6,1,-1,0,1,0,0,0,0,1,1,-1,1,2,52,8,1242,1,5,FIAT 500,10,E01022085,0,3
2024451432232,2024,451432232,1,9,0,-1,5,5,1,-1,0,0,0,0,0,0,1,9,-1,9,2,85,11,1242,1,7,FIAT 500,10,E01031675,0,2
2024440324724,2024,440324724,2,9,0,3,3,4,8,0,0,0,0,0,0,0,2,1,6,6,1,73,10,1242,1,14,FIAT 500,6,E01022597,0,4
2024461492251,2024,461492251,1,9,0,-1,19,1,5,-1,0,0,5,10,7,4,4,1,-1,9,2,18,4,999,1,1,FIAT 500,9,E01016086,0,3
2024141424730,2024,141424730,2,9,0,-1,19,7,3,-1,0,8,0,0,0,0,1,1,-1,1,2,34,6,1242,1,15,FIAT 500,1,E01007463,0,1
2024070809942,2024,070809942,1,9,0,-1,11,5,1,-1,0,0,1,0,1,11,4,1,-1,9,2,18,4,1242,1,8,FIAT 500,4,E01006501,0,4
2024371440425,2024,371440425,2,9,0,-1,19,8,4,-1,0,0,0,0,0,0,1,1,-1,6,1,25,5,1242,1,13,FIAT 500,-1,-1,0,-1
2024010551548,2024,010551548,1,9,0,18,19,1,5,0,0,4,0,0,0,0,1,1,6,6,2,18,4,1242,1,7,FIAT 500,8,E01000665,0,1
2024461531546,2024,461531546,2,9,0,-1,2,0,0,-1,0,0,0,0,0,0,1,1,-1,6,-1,-1,-1,999,1,3,FIAT 500,-1,-1,0,-1
2024351493406,2024,351493406,2,9,0,-1,-1,-1,-1,-1,-1,-1,-1,-1,-1,0,-1,9,-1,9,2,75,10,1242,1,8,FIAT 500,10,E01018295,0,1
2024111394627,2024,111394627,2,9,0,-1,19,8,4,-1,0,0,0,0,0,0,2,1,-1,6,1,60,9,1242,1,12,FIAT 500,7,E01012365,0,1
2024421442849,2024,421442849,1,9,0,-1,19,4,8,-1,0,0,1,0,1,0,3,1,-1,9,2,17,4,1242,1,13,FIAT 500,5,E01021241,0,1
2024332400782,2024,332400782,2,9,0,-1,19,5,1,-1,0,8,5,0,1,0,1,1,-1,6,2,37,7,999,1,4,FIAT 500,5,E01025625,0,3
2024141467477,2024,141467477,1,9,0,-1,19,1,3,-1,0,6,0,0,0,0,1,1,-1,9,2,19,4,1242,1,15,FIAT 500,8,E01008131,0,1
2024010504486,2024,010504486,2,3,0,18,19,7,3,0,0,1,0,0,0,0,1,1,6,6,1,23,5,124,1,16,-1,2,E01004068,0,1
2024010525299,2024,010525299,1,3,0,18,19,7,3,0,0,2,0,0,0,0,1,1,6,6,1,18,4,124,1,13,-1,2,E01002737,0,1
2024141541298,2024,141541298,1,3,0,-1,19,5,1,-1,0,0,5,0,0,0,3,1,-1,6,1,18,4,124,1,8,-1,1,E01007411,0,1
2024501519589,2024,501519589,2,3,0,-1,9,2,7,-1,0,2,0,0,3,0,1,1,-1,9,1,46,8,124,1,18,-1,1,E01015266,0,1
2024010519933,2024,010519933,1,3,0,4,4,7,3,0,0,0,5,0,0,0,4,1,6,6,1,33,6,124,1,21,-1,5,E01004501,0,1
2024991475921,2024,991475921,1,9,0,-1,19,2,5,-1,0,3,0,0,7,7,3,1,-1,9,1,51,8,1745,1,5,-1,8,-1,0,5
2024451481578,2024,451481578,1,5,0,-1,5,1,5,-1,0,0,0,0,0,0,1,1,-1,9,1,54,8,1450,1,21,-1,5,E01031565,0,4
2024351468697,2024,351468697,2,5,0,-1,19,1,5,-1,0,0,0,0,0,0,1,1,-1,6,1,26,6,1584,1,15,-1,7,E01018053,0,1
2024440058959,2024,440058959,1,5,0,18,19,1,5,0,0,0,0,0,0,0,0,1,6,6,1,49,8,1450,1,21,-1,7,E01017344,0,2
2024543485724,2024,543485724,2,5,0,5,5,4,8,0,0,1,0,0,0,0,3,1,1,1,1,20,4,889,1,1,-1,9,E01031995,0,2
2024631467439,2024,631467439,2,5,0,-1,7,1,4,-1,0,8,0,0,0,0,1,1,-1,9,1,59,9,889,1,1,-1,5,W01001612,0,4
2024361510413,2024,361510413,1,9,0,-1,19,3,3,-1,0,0,0,11,0,0,1,1,-1,6,1,31,6,3059,2,28,-1,3,E01026792,0,1