collision_index,collision_year,collision_ref_no,vehicle_reference,vehicle_type,towing_and_articulation,vehicle_manoeuvre_historic,vehicle_manoeuvre,vehicle_direction_from,vehicle_direction_to,vehicle_location_restricted_lane_historic,vehicle_location_restricted_lane,junction_location,skidding_and_overturning,hit_object_in_carriageway,vehicle_leaving_carriageway,hit_object_off_carriageway,first_point_of_impact,vehicle_left_hand_drive,journey_purpose_of_driver_historic,journey_purpose_of_driver,sex_of_driver,age_of_driver,age_band_of_driver,engine_capacity_cc,propulsion_code,age_of_vehicle,generic_make_model,driver_imd_decile,lsoa_of_driver,escooter_flag,driver_distance_banding
2024141509207,2024,141509207,1,9,0,-1,19,2,2,-1,0,0,0,0,0,0,3,9,-1,6,3,-1,-1,1997,2,11,PEUGEOT 508,-1,-1,0,-1
202454A898324,2024,54A898324,1,9,0,5,5,2,6,0,0,8,0,0,0,0,1,1,6,6,1,67,10,1997,2,13,PEUGEOT 508,7,E01034541,0,2
2024631407027,2024,631407027,1,9,0,-1,19,3,8,-1,0,0,5,6,2,10,4,1,-1,6,1,66,10,1997,2,11,PEUGEOT 508,6,W01000560,0,1
2024131504648,2024,131504648,3,9,0,-1,2,0,0,-1,0,8,0,0,0,0,2,1,-1,6,-1,-1,-1,1997,2,9,PEUGEOT 508,-1,-1,0,-1
2024552401153,2024,552401153,3,9,0,2,2,0,0,0,0,8,0,0,0,0,2,1,6,6,3,-1,-1,1560,2,13,PEUGEOT 508,-1,-1,0,-1
2024351540902,2024,351540902,1,9,0,-1,1,-1,-1,-1,0,0,0,0,0,0,2,1,-1,6,1,58,9,1997,2,11,PEUGEOT 508,2,E01018063,0,4
2024201421143,2024,201421143,1,9,0,-1,7,2,8,-1,0,6,0,0,0,0,1,1,-1,6,1,60,9,1560,2,10,PEUGEOT 508,-1,-1,0,-1
2024221498621,2024,221498621,2,9,0,-1,3,1,5,-1,0,1,0,0,0,0,2,9,-1,9,1,38,7,1560,2,11,PEUGEOT 508,9,W01001796,0,4
2024471397742,2024,471397742,1,9,0,-1,19,3,7,-1,0,1,0,0,0,0,1,1,-1,1,2,36,7,1997,2,12,PEUGEOT 508,7,E01031462,0,1
2024101427265,2024,101427265,2,9,0,-1,3,5,1,-1,0,0,0,0,0,0,2,1,-1,6,1,75,10,1560,2,12,PEUGEOT 508,9,-1,0,5
2024311492689,2024,311492689,1,9,0,-1,1,5,1,-1,0,0,0,0,3,0,1,1,-1,6,2,88,11,1560,2,8,PEUGEOT 508,6,E01028013,0,1
2024401464923,2024,401464923,1,9,0,-1,19,2,5,-1,0,0,1,0,7,9,1,1,-1,6,1,36,7,1997,2,11,PEUGEOT 508,5,E01017388,0,3
2024991410850,2024,991410850,2,9,0,-1,9,1,4,-1,0,6,0,0,0,0,3,1,-1,9,1,56,9,1997,2,9,PEUGEOT 508,-1,-1,0,-1
2024501477000,2024,501477000,1,9,0,-1,19,5,1,-1,0,2,0,0,0,0,4,9,-1,6,1,73,10,1997,12,12,PEUGEOT 508,4,E01020311,0,4
2024141533254,2024,141533254,1,9,0,-1,19,4,8,-1,0,4,0,0,0,0,2,1,-1,9,1,30,6,2000,2,3,PEUGEOT 508,1,E01005585,0,4
2024010505982,2024,010505982,2,9,0,99,99,9,9,99,99,9,9,99,9,99,1,9,6,6,3,-1,-1,1997,2,9,PEUGEOT 508,-1,-1,0,-1
2024041536445,2024,041536445,3,9,0,-1,4,1,5,-1,0,0,0,0,0,0,2,1,-1,9,1,57,9,1500,2,3,PEUGEOT 508,4,E01006286,0,4
2024461530399,2024,461530399,2,9,0,-1,5,7,5,-1,0,4,0,0,0,0,3,1,-1,6,1,40,7,1199,1,1,PEUGEOT 508,7,E01016103,0,2
2024122500235,2024,122500235,1,9,0,5,5,8,5,0,0,6,0,0,0,0,1,1,6,6,1,59,9,1997,2,7,PEUGEOT 508,10,E01013351,0,1
2024991523173,2024,991523173,2,9,0,-1,19,7,3,-1,0,8,0,0,0,0,1,1,-1,6,1,82,11,1560,2,6,PEUGEOT 508,6,-1,0,1
2024501495117,2024,501495117,2,9,0,-1,9,6,3,-1,0,1,0,0,0,0,2,1,-1,2,2,31,6,1997,2,10,PEUGEOT 508,2,E01019053,0,1
2024451459752,2024,451459752,1,9,0,-1,5,3,1,-1,0,1,0,0,0,0,2,1,-1,9,1,81,11,1997,2,12,PEUGEOT 508,10,E01030518,0,1
2024461455261,2024,461455261,1,9,0,-1,19,7,4,-1,0,8,0,0,0,0,1,1,-1,7,2,34,6,1598,1,5,PEUGEOT 508,6,E01024303,0,1
2024501428461,2024,501428461,1,8,0,-1,15,3,7,-1,0,0,0,0,0,0,1,1,-1,6,2,28,6,1560,2,13,PEUGEOT 508,4,E01019057,0,2
2024546696824,2024,546696824,1,9,0,5,5,1,5,0,0,6,0,0,0,0,1,1,6,6,2,42,7,1500,2,5,PEUGEOT 508,10,E01031903,0,1
2024061521367,2024,061521367,2,9,0,-1,2,0,0,-1,0,0,0,0,0,0,3,9,-1,9,1,60,9,1598,8,1,PEUGEOT 508,2,E01004865,0,1
2024320272710,2024,320272710,3,9,0,3,3,6,2,0,0,1,0,0,0,0,2,1,6,6,1,40,7,1997,2,8,PEUGEOT 508,4,E01026025,0,2
2024361456803,2024,361456803,1,9,0,-1,19,1,4,-1,0,4,0,0,0,0,4,1,-1,2,2,53,8,1560,2,12,PEUGEOT 508,5,E01026724,0,1
2024991512879,2024,991512879,1,9,0,-1,19,4,8,-1,0,8,0,0,7,2,1,1,-1,6,1,47,8,1560,2,12,PEUGEOT 508,5,-1,0,1
2024540982924,2024,540982924,1,9,0,5,5,1,5,9,9,6,0,0,0,0,1,1,6,6,1,43,7,2000,2,3,PEUGEOT 508,6,E01031846,0,1
2024610001524,2024,610001524,2,9,0,3,3,8,4,0,0,0,0,0,0,0,2,1,1,1,1,60,9,1200,1,3,PEUGEOT 508,8,W01001409,0,1
2024531516998,2024,531516998,1,9,0,-1,5,3,7,-1,0,4,0,0,0,0,3,1,-1,6,1,77,11,1997,2,10,PEUGEOT 508,8,E01022275,0,1
2024522402173,2024,522402173,3,9,0,2,2,0,0,0,0,2,0,0,0,0,4,1,6,6,3,-1,-1,1997,2,10,PEUGEOT 508,-1,-1,0,-1
2024501433999,2024,501433999,2,9,0,-1,19,2,6,-1,0,0,1,0,0,0,1,1,-1,6,1,31,6,1997,2,11,PEUGEOT 508,1,E01018910,0,1
2024531473623,2024,531473623,2,9,0,-1,10,1,5,-1,0,0,0,0,0,0,1,1,-1,9,1,51,8,2179,2,13,PEUGEOT 508,5,E01022266,0,2
2024520403190,2024,520403190,2,9,0,4,4,5,1,0,0,0,0,0,0,0,2,1,6,6,1,33,6,1560,2,9,PEUGEOT 508,6,E01029321,0,1
2024141504704,2024,141504704,1,9,0,-1,19,2,6,-1,0,0,1,11,0,0,1,1,-1,9,1,56,9,1997,12,9,PEUGEOT 508,7,E01007427,0,1
2024111487898,2024,111487898,1,9,0,-1,-1,8,4,-1,-1,0,0,0,0,0,1,1,-1,-1,1,26,6,1997,2,11,PEUGEOT 508,4,E01008244,0,4
2024010511975,2024,010511975,2,9,0,3,3,5,1,0,0,8,0,0,0,0,0,1,6,6,1,50,8,1500,2,5,PEUGEOT 508,10,E01001101,0,1
2024161409535,2024,161409535,1,9,0,-1,19,4,8,-1,0,0,0,0,0,0,1,1,-1,6,2,63,9,1560,2,13,PEUGEOT 508,7,E01013026,0,1
2024231494749,2024,231494749,2,9,0,-1,4,1,5,-1,0,0,0,0,0,0,2,9,-1,6,1,32,6,1997,2,13,PEUGEOT 508,6,E01025940,0,4
2024440221642,2024,440221642,1,9,0,18,19,5,1,0,0,0,0,0,1,4,1,1,6,6,1,43,7,1560,2,13,PEUGEOT 508,3,E01027330,0,5
2024430414992,2024,430414992,2,9,0,18,19,5,1,0,0,8,0,7,1,11,4,1,1,1,1,53,8,1997,2,9,PEUGEOT 508,10,E01028476,0,2
2024041424228,2024,041424228,2,9,0,-1,9,5,1,-1,0,8,0,0,0,0,2,1,-1,9,1,59,9,1997,2,11,PEUGEOT 508,6,E01025014,0,3
2024461393694,2024,461393694,10,9,0,-1,4,4,8,-1,0,0,0,0,0,0,4,1,-1,9,1,30,6,1500,2,4,PEUGEOT 508,1,E01016062,0,3
2024421434165,2024,421434165,1,9,0,-1,19,5,1,-1,-1,4,0,0,0,0,1,1,-1,6,1,42,7,2967,2,9,-1,4,E01001497,0,2
2024461472892,2024,461472892,1,9,0,-1,19,5,5,-1,0,0,0,0,0,0,1,1,-1,9,1,51,8,1600,1,61,-1,9,E01024799,0,2
2024411535895,2024,411535895,1,9,0,-1,19,4,8,-1,0,0,1,0,0,0,1,1,-1,9,1,50,8,1994,1,22,-1,3,E01023310,0,1
2024520401508,2024,520401508,1,9,0,18,19,5,2,0,0,8,0,0,1,2,1,1,6,6,1,20,4,1996,1,20,-1,7,E01029147,0,3
2024471536626,2024,471536626,1,9,0,-1,19,1,7,-1,0,8,1,0,0,0,3,1,-1,9,1,65,9,2000,1,24,-1,5,E01031403,0,2
2024010534482,2024,010534482,1,9,0,18,19,6,2,0,0,0,1,0,0,0,1,1,6,6,1,41,7,2000,1,18,-1,3,E01004389,0,2
2024131464911,2024,131464911,1,9,0,-1,19,8,4,-1,0,0,0,0,0,0,1,1,-1,6,1,22,5,1994,1,16,-1,9,E01007425,0,4
2024401485067,2024,401485067,1,9,0,-1,19,5,4,-1,0,8,1,10,0,0,3,1,-1,9,1,64,9,2198,1,21,-1,7,E01015803,0,2
2024010523329,2024,010523329,2,9,0,99,99,9,9,99,99,9,9,99,9,99,9,9,6,6,3,-1,-1,2967,2,7,VOLKSWAGEN TOUAREG,6,E01003173,0,2
2024041535649,2024,041535649,2,9,0,-1,2,0,0,-1,0,1,0,4,0,0,2,1,-1,6,-1,-1,-1,2460,2,19,VOLKSWAGEN TOUAREG,-1,-1,0,-1
2024430607958,2024,430607958,1,9,0,18,19,2,8,0,0,6,0,0,7,9,1,1,6,6,1,83,11,2967,2,11,VOLKSWAGEN TOUAREG,8,E01028765,0,3
2024461435110,2024,461435110,1,9,0,-1,19,-1,-1,-1,0,1,0,0,0,0,1,9,-1,6,1,52,8,2967,2,11,VOLKSWAGEN TOUAREG,4,E01024776,0,1
2024052401900,2024,052401900,3,9,0,18,19,5,1,0,0,0,0,0,0,0,2,1,6,6,1,34,6,2967,2,1,VOLKSWAGEN TOUAREG,10,E01006991,0,3
2024332400787,2024,332400787,2,9,0,-1,19,5,1,-1,0,0,0,0,0,0,1,1,-1,6,1,-1,-1,2967,2,17,VOLKSWAGEN TOUAREG,-1,-1,0,-1
2024522401905,2024,522401905,5,9,4,6,6,7,7,0,0,1,0,0,0,0,0,1,6,6,3,-1,-1,2967,2,11,VOLKSWAGEN TOUAREG,-1,-1,0,-1
2024440378816,2024,440378816,2,9,5,18,19,2,6,0,0,1,0,0,0,0,4,1,6,6,1,30,6,2967,2,12,VOLKSWAGEN TOUAREG,7,E01022532,0,3
2024221534384,2024,221534384,3,9,0,-1,19,3,7,-1,0,1,0,0,0,0,0,1,-1,1,1,32,6,2967,2,4,VOLKSWAGEN TOUAREG,-1,-1,0,-1
2024061484779,2024,061484779,1,9,0,-1,19,7,3,-1,0,1,0,0,0,0,1,1,-1,9,1,26,6,2999,2,18,VOLKSWAGEN TOUAREG,4,E01005877,0,1
2024531415623,2024,531415623,1,9,0,-1,14,1,5,-1,0,0,1,4,0,0,4,1,-1,9,1,20,4,2967,2,18,VOLKSWAGEN TOUAREG,8,E01022259,0,1
2024320361237,2024,320361237,2,9,0,-1,-1,3,7,0,0,8,0,0,0,0,1,1,-1,-1,2,41,7,2967,2,8,VOLKSWAGEN TOUAREG,7,E01026208,0,3
2024430306727,2024,430306727,1,9,0,7,7,6,7,0,0,6,0,0,0,0,1,1,6,6,2,40,7,2967,2,9,VOLKSWAGEN TOUAREG,-1,-1,0,-1
2024631469039,2024,631469039,1,9,0,-1,13,4,8,-1,0,8,0,0,7,11,1,1,-1,9,1,69,10,2460,2,19,VOLKSWAGEN TOUAREG,4,W01000535,0,1
2024061514417,2024,061514417,1,9,0,-1,19,1,5,-1,0,8,0,0,0,0,1,1,-1,1,1,42,7,2967,2,2,VOLKSWAGEN TOUAREG,6,E01004962,0,3
2024361462641,2024,361462641,2,9,0,-1,19,5,8,-1,0,0,5,0,0,0,4,1,-1,2,1,61,9,4921,2,15,VOLKSWAGEN TOUAREG,5,E01026877,0,1
2024070996988,2024,070996988,1,9,0,-1,19,1,5,-1,0,0,0,0,0,0,1,1,-1,6,1,53,8,2967,2,9,VOLKSWAGEN TOUAREG,8,E01007256,0,2
2024332400420,2024,332400420,1,9,3,-1,3,5,1,-1,0,0,0,0,0,0,3,1,-1,9,1,72,10,2461,2,17,VOLKSWAGEN TOUAREG,1,E01015639,0,4
2024010507595,2024,010507595,3,9,0,99,99,9,9,99,99,9,9,99,9,99,2,9,6,6,1,-1,-1,2967,2,15,VOLKSWAGEN TOUAREG,-1,-1,0,-1
2024361444770,2024,361444770,1,9,3,-1,19,7,3,-1,0,1,0,0,7,0,1,1,-1,9,1,74,10,2967,2,1,VOLKSWAGEN TOUAREG,6,E01026158,0,4
2024461495116,2024,461495116,2,9,0,-1,11,3,7,-1,0,0,0,0,0,0,4,1,-1,7,2,51,8,2967,2,11,VOLKSWAGEN TOUAREG,1,E01030256,0,5
2024411428201,2024,411428201,1,9,0,-1,3,-1,-1,-1,0,4,0,0,0,0,1,9,-1,6,2,56,9,2460,2,18,VOLKSWAGEN TOUAREG,7,E01023328,0,1
2024041468848,2024,041468848,2,9,0,-1,7,5,1,-1,0,1,0,0,1,0,1,1,-1,6,1,52,8,2999,2,18,VOLKSWAGEN TOUAREG,1,E01012751,0,1
2024010509243,2024,010509243,2,9,0,99,99,9,9,99,99,9,9,99,9,99,9,9,6,6,3,-1,-1,2967,2,1,VOLKSWAGEN TOUAREG,8,E01002348,0,1
2024010530854,2024,010530854,2,9,0,99,99,9,9,99,99,9,9,99,9,99,1,9,6,6,3,-1,-1,2999,2,18,VOLKSWAGEN TOUAREG,-1,-1,0,-1
2024471396439,2024,471396439,1,9,0,-1,7,5,1,-1,0,1,1,0,0,0,1,1,-1,6,3,-1,-1,2967,2,17,VOLKSWAGEN TOUAREG,-1,-1,0,-1
2024401502471,2024,401502471,2,9,0,-1,4,7,3,-1,0,0,0,0,0,0,1,1,-1,6,-1,-1,-1,2460,2,18,VOLKSWAGEN TOUAREG,-1,-1,0,-1
2024461529663,2024,461529663,3,9,0,-1,3,5,1,-1,0,0,0,0,0,0,3,9,-1,9,1,39,7,2967,2,6,VOLKSWAGEN TOUAREG,7,E01024405,0,1
2024421514973,2024,421514973,2,9,0,-1,19,3,7,-1,0,1,0,10,1,0,3,1,-1,9,1,53,8,2967,2,11,VOLKSWAGEN TOUAREG,8,E01022060,0,1
2024340WN4852,2024,340WN4852,1,9,0,-1,19,7,3,-1,0,1,0,0,0,0,1,1,-1,2,2,49,8,3189,1,16,VOLKSWAGEN TOUAREG,3,E01027154,0,1
2024131433973,2024,131433973,2,9,0,-1,19,1,5,-1,0,8,0,0,0,0,1,1,-1,9,1,30,6,2967,2,1,VOLKSWAGEN TOUAREG,6,E01011885,0,3
2024061403339,2024,061403339,3,9,0,-1,19,3,7,-1,0,1,0,0,0,0,0,1,-1,8,1,31,6,2967,2,1,VOLKSWAGEN TOUAREG,1,E01034113,0,1
2024430542698,2024,430542698,1,9,0,18,19,6,2,0,0,0,0,0,0,0,1,1,6,6,1,29,6,2460,2,18,VOLKSWAGEN TOUAREG,10,E01016628,0,3
2024522401260,2024,522401260,2,9,0,3,3,5,1,0,0,0,0,0,0,0,2,1,6,6,1,58,9,2967,2,1,VOLKSWAGEN TOUAREG,10,E01014999,0,2
2024401415400,2024,401415400,2,9,0,-1,19,3,7,-1,0,4,0,0,0,0,1,1,-1,9,2,29,6,2967,2,13,VOLKSWAGEN TOUAREG,7,E01017510,0,1
2024061437212,2024,061437212,2,9,0,-1,19,7,3,-1,0,1,0,0,0,0,0,1,-1,1,1,36,7,2967,2,1,VOLKSWAGEN TOUAREG,1,E01034113,0,3
2024461425969,2024,461425969,1,9,0,-1,19,2,6,-1,0,0,0,0,0,0,1,1,-1,9,2,38,7,2967,2,14,VOLKSWAGEN TOUAREG,7,E01032807,0,2
2024991475349,2024,991475349,2,9,0,-1,19,1,5,-1,0,0,0,0,1,0,1,1,-1,9,2,38,7,2967,2,17,VOLKSWAGEN TOUAREG,1,-1,0,4
2024991469344,2024,991469344,2,9,0,-1,7,1,3,-1,0,5,0,0,0,0,2,1,-1,9,1,58,9,2967,2,8,VOLKSWAGEN TOUAREG,6,-1,0,1
2024061512609,2024,061512609,1,9,0,-1,19,1,1,-1,0,6,0,0,0,0,1,1,-1,6,1,65,9,2967,2,9,VOLKSWAGEN TOUAREG,1,E01034124,0,2
202417M208924,2024,17M208924,2,9,0,-1,19,8,4,-1,0,8,0,0,0,0,4,1,-1,6,3,-1,-1,2967,2,17,VOLKSWAGEN TOUAREG,-1,-1,0,-1
2024131416850,2024,131416850,3,9,0,-1,19,1,5,-1,0,0,0,0,0,0,3,1,-1,9,1,59,9,2461,2,17,VOLKSWAGEN TOUAREG,3,E01010703,0,2
2024320248200,2024,320248200,1,9,0,-1,-1,6,2,0,0,6,0,0,0,0,1,1,6,6,1,-1,-1,2967,2,10,VOLKSWAGEN TOUAREG,-1,-1,0,-1
2024201487499,2024,201487499,2,9,0,-1,3,4,8,-1,0,1,0,0,0,0,2,9,-1,2,2,30,6,2967,2,1,VOLKSWAGEN TOUAREG,4,E01009879,0,2
2024141408631,2024,141408631,2,9,0,-1,8,5,1,-1,0,3,0,0,0,0,2,1,-1,9,1,30,6,2967,2,7,VOLKSWAGEN TOUAREG,6,E01026047,0,5
2024010528471,2024,010528471,1,9,0,99,99,9,9,99,99,9,9,99,9,99,9,9,6,6,3,-1,-1,3189,1,18,VOLKSWAGEN TOUAREG,-1,-1,0,-1
2024061434094,2024,061434094,4,9,0,-1,19,1,5,-1,0,1,0,0,0,0,0,1,-1,1,1,38,7,2967,2,1,VOLKSWAGEN TOUAREG,-1,-1,0,-1
2024430200390,2024,430200390,2,9,0,9,9,7,5,4,4,5,0,0,0,0,0,1,6,6,2,48,8,2460,2,18,VOLKSWAGEN TOUAREG,-1,-1,0,-1
2024371518515,2024,371518515,1,9,0,-1,9,1,3,-1,0,1,0,0,0,0,1,9,-1,9,1,53,8,2460,2,18,VOLKSWAGEN TOUAREG,6,E01029919,0,2
2024211457448,2024,211457448,1,9,0,-1,5,3,6,-1,5,6,0,0,0,0,4,2,-1,2,2,31,6,2967,2,10,VOLKSWAGEN TOUAREG,-1,-1,0,-1
2024131507049,2024,131507049,1,9,0,-1,19,6,2,-1,0,0,0,0,0,0,1,1,-1,6,3,-1,-1,2967,2,12,VOLKSWAGEN TOUAREG,-1,-1,0,-1
2024010548852,2024,010548852,1,9,0,18,19,5,1,6,6,0,0,0,0,0,0,1,1,1,1,24,5,2967,2,1,VOLKSWAGEN TOUAREG,7,E01021544,0,4
2024421489810,2024,421489810,2,9,0,-1,19,7,3,-1,0,1,0,0,0,0,0,1,-1,8,1,39,7,2967,2,3,VOLKSWAGEN TOUAREG,-1,-1,0,-1
2024141479001,2024,141479001,2,9,4,-1,19,1,5,-1,0,0,0,0,0,0,1,1,-1,9,1,40,7,2461,2,17,VOLKSWAGEN TOUAREG,6,E01029473,0,4
2024010543294,2024,010543294,1,9,0,7,7,1,3,0,0,8,0,0,0,0,1,1,6,6,1,63,9,2967,2,1,VOLKSWAGEN TOUAREG,-1,-1,0,-1
2024141489459,2024,141489459,2,9,0,-1,19,1,2,-1,0,3,0,0,0,0,3,9,-1,6,1,65,9,2967,2,9,VOLKSWAGEN TOUAREG,5,E01013313,0,4
2024501523777,2024,501523777,2,9,0,-1,19,3,7,-1,0,1,0,0,0,0,0,1,-1,9,1,38,7,2967,2,1,VOLKSWAGEN TOUAREG,7,E01018934,0,3
2024010516601,2024,010516601,1,9,0,9,9,5,2,0,0,1,0,0,0,0,2,1,3,7,2,43,7,2967,2,8,VOLKSWAGEN TOUAREG,3,E01021490,0,4
2024461511642,2024,461511642,2,9,0,-1,19,6,1,-1,0,0,1,0,0,0,4,1,-1,9,2,77,11,2461,2,17,VOLKSWAGEN TOUAREG,4,E01024503,0,3
2024010511228,2024,010511228,2,9,0,16,19,7,3,0,0,4,0,0,0,0,1,1,6,6,1,21,5,2999,2,18,VOLKSWAGEN TOUAREG,-1,-1,0,-1
2024061532476,2024,061532476,6,9,0,-1,19,1,5,-1,0,0,0,0,0,0,3,1,-1,8,1,40,7,2967,2,1,VOLKSWAGEN TOUAREG,-1,-1,0,-1
2024070308710,2024,070308710,1,9,0,18,19,3,7,0,0,1,0,0,0,0,1,1,6,6,1,40,7,2967,2,7,VOLKSWAGEN TOUAREG,6,E01025279,0,4
2024010528470,2024,010528470,2,9,0,18,19,5,1,0,0,1,0,0,0,0,1,1,6,6,1,52,8,2967,2,9,VOLKSWAGEN TOUAREG,5,E01004141,0,1
2024302401258,2024,302401258,1,9,0,18,19,5,1,0,0,0,0,0,0,0,1,1,6,6,1,51,8,2967,2,9,VOLKSWAGEN TOUAREG,10,E01019427,0,1
2024061488222,2024,061488222,2,9,0,-1,19,7,3,-1,0,0,0,0,0,0,2,1,-1,9,1,47,8,2967,2,7,VOLKSWAGEN TOUAREG,2,E01006030,0,2
2024471477268,2024,471477268,1,9,0,-1,-1,-1,-1,-1,-1,0,-1,-1,-1,0,-1,9,-1,6,2,59,9,2967,2,3,VOLKSWAGEN TOUAREG,7,E01016859,0,1
2024061445748,2024,061445748,2,9,0,-1,19,5,1,-1,0,0,0,0,0,0,0,1,-1,1,1,43,7,2967,2,1,VOLKSWAGEN TOUAREG,4,E01005730,0,3
2024041456180,2024,041456180,1,9,0,-1,9,5,3,-1,0,8,0,0,0,0,1,1,-1,9,2,34,6,2967,2,16,VOLKSWAGEN TOUAREG,2,E01025051,0,3
2024302400482,2024,302400482,1,9,0,18,19,7,3,0,0,1,0,0,0,0,1,1,6,6,1,39,7,2967,2,8,VOLKSWAGEN TOUAREG,9,E01034653,0,2
2024531458543,2024,531458543,2,9,0,-1,19,5,1,-1,0,0,0,0,0,0,4,1,-1,9,1,61,9,2967,2,11,VOLKSWAGEN TOUAREG,9,E01032821,0,5
2024340NN1762,2024,340NN1762,1,9,0,-1,19,1,3,-1,0,3,0,0,0,0,1,1,-1,6,3,-1,-1,2999,2,17,VOLKSWAGEN TOUAREG,-1,-1,0,-1
2024332401127,2024,332401127,2,9,0,-1,19,7,3,-1,0,8,0,0,0,0,1,1,-1,6,1,44,7,2967,2,13,VOLKSWAGEN TOUAREG,9,E01025998,0,1
2024451460637,2024,451460637,3,9,0,-1,3,3,7,-1,0,0,0,0,0,0,2,1,-1,9,2,33,6,2967,2,5,VOLKSWAGEN TOUAREG,9,E01030421,0,1
2024501404979,2024,501404979,2,9,0,-1,3,1,4,-1,0,6,0,0,0,0,1,1,-1,6,1,27,6,2460,2,20,VOLKSWAGEN TOUAREG,1,E01020103,0,2
2024061480001,2024,061480001,2,9,0,-1,19,5,1,-1,0,8,0,0,0,0,0,1,-1,8,1,34,6,2967,2,1,VOLKSWAGEN TOUAREG,-1,-1,0,-1
2024991414354,2024,991414354,3,9,0,-1,4,3,6,-1,0,1,0,0,0,0,2,1,-1,7,1,36,7,2967,2,3,VOLKSWAGEN TOUAREG,5,-1,0,1
2024501521173,2024,501521173,2,9,0,-1,19,5,1,-1,0,0,0,0,0,0,1,1,-1,6,1,42,7,2967,2,9,VOLKSWAGEN TOUAREG,8,E01020102,0,1
2024052401021,2024,052401021,1,9,0,18,19,3,7,0,0,0,0,0,0,0,0,1,1,1,1,-1,-1,2995,1,4,VOLKSWAGEN TOUAREG,3,E01006743,0,3
2024421527440,2024,421527440,1,9,0,-1,7,-1,-1,-1,0,3,0,0,0,0,4,1,-1,6,2,56,9,2967,2,6,VOLKSWAGEN TOUAREG,8,E01033052,0,3
2024461462479,2024,461462479,2,9,0,-1,10,5,3,-1,0,0,0,0,0,0,2,1,-1,1,1,27,6,2967,2,1,VOLKSWAGEN TOUAREG,2,E01024717,0,3
2024361519173,2024,361519173,2,9,0,-1,9,8,1,-1,0,2,0,0,0,0,3,1,-1,2,1,31,6,2967,2,5,VOLKSWAGEN TOUAREG,4,E01026474,0,1
2024010506216,2024,010506216,2,9,0,2,2,0,0,0,0,0,0,0,0,0,1,1,6,6,3,-1,-1,2967,2,3,VOLKSWAGEN TOUAREG,-1,-1,0,-1
2024131479762,2024,131479762,1,9,0,-1,19,6,2,-1,0,1,0,0,0,0,1,1,-1,6,1,-1,-1,2967,2,7,VOLKSWAGEN TOUAREG,-1,-1,0,-1
2024991530330,2024,991530330,3,9,0,-1,19,4,8,-1,0,0,0,4,0,0,1,1,-1,9,1,31,6,2967,2,5,VOLKSWAGEN TOUAREG,3,-1,0,4
2024522403138,2024,522403138,1,9,0,14,14,2,6,0,0,0,0,4,0,0,1,1,6,6,1,72,10,2967,2,9,VOLKSWAGEN TOUAREG,4,E01014904,0,2
2024201523010,2024,201523010,2,9,0,-1,7,2,5,-1,0,0,0,0,0,0,0,9,-1,9,1,-1,-1,2967,2,1,VOLKSWAGEN TOUAREG,4,E01009234,0,3
2024161448218,2024,161448218,3,9,0,-1,2,0,0,-1,0,0,0,0,0,0,3,1,-1,6,-1,-1,-1,2967,2,8,VOLKSWAGEN TOUAREG,-1,-1,0,-1
2024141456662,2024,141456662,1,9,0,-1,19,3,7,-1,0,1,0,0,1,10,1,1,-1,9,1,29,6,2995,1,3,VOLKSWAGEN TOUAREG,7,E01007493,0,1
2024451458447,2024,451458447,1,9,0,-1,4,1,5,-1,-1,0,0,0,0,0,3,1,-1,9,1,68,10,2967,2,4,VOLKSWAGEN TOUAREG,10,E01030996,0,2
2024131407439,2024,131407439,1,9,0,-1,19,5,1,-1,0,0,1,0,0,0,4,1,-1,6,1,20,4,2967,2,17,VOLKSWAGEN TOUAREG,3,E01003573,0,5
2024061489224,2024,061489224,3,9,0,-1,4,1,7,-1,0,1,0,0,0,0,0,1,-1,8,2,39,7,2967,2,1,VOLKSWAGEN TOUAREG,4,E01004986,0,2
2024421493246,2024,421493246,1,9,0,-1,9,1,6,-1,0,2,0,0,0,0,1,1,-1,6,1,47,8,2967,2,4,VOLKSWAGEN TOUAREG,8,E01035160,0,1
2024631470170,2024,631470170,1,9,0,-1,13,4,8,-1,0,0,2,0,7,10,1,1,-1,6,1,56,9,2967,2,5,VOLKSWAGEN TOUAREG,4,W01000677,0,3
2024161489324,2024,161489324,2,9,0,-1,19,1,7,-1,9,0,0,0,0,0,0,1,-1,1,1,43,7,2967,2,0,VOLKSWAGEN TOUAREG,10,E01013090,0,3
2024052401498,2024,052401498,3,9,0,7,7,5,7,0,0,1,0,0,0,0,1,1,1,1,1,-1,-1,2995,1,4,VOLKSWAGEN TOUAREG,1,E01006739,0,3
2024501507079,2024,501507079,1,9,0,-1,5,8,4,-1,0,0,0,0,0,0,1,1,-1,6,2,25,5,2967,2,10,VOLKSWAGEN TOUAREG,-1,-1,0,-1
2024010548314,2024,010548314,1,9,0,1,1,1,5,0,0,1,0,0,0,0,2,1,6,6,1,61,9,2967,2,9,VOLKSWAGEN TOUAREG,2,E01033485,0,1
2024061481210,2024,061481210,6,9,0,-1,19,5,1,-1,0,8,0,0,0,0,4,1,-1,8,1,44,7,2967,2,1,VOLKSWAGEN TOUAREG,1,E01034113,0,3
2024070976470,2024,070976470,1,9,0,-1,19,1,5,-1,0,0,0,0,0,0,1,1,-1,6,2,46,8,2461,2,16,VOLKSWAGEN TOUAREG,4,E01012454,0,2
2024031514608,2024,031514608,1,9,4,-1,19,5,1,-1,0,0,0,0,1,7,1,1,-1,6,1,45,7,2460,2,20,VOLKSWAGEN TOUAREG,1,-1,0,5
2024531410377,2024,531410377,2,3,0,-1,19,5,1,-1,0,1,1,0,0,0,0,1,-1,6,1,65,9,124,1,16,YAMAHA XC,4,E01022325,0,3