collision_index,collision_year,collision_ref_no,vehicle_reference,vehicle_type,towing_and_articulation,vehicle_manoeuvre_historic,vehicle_manoeuvre,vehicle_direction_from,vehicle_direction_to,vehicle_location_restricted_lane_historic,vehicle_location_restricted_lane,junction_location,skidding_and_overturning,hit_object_in_carriageway,vehicle_leaving_carriageway,hit_object_off_carriageway,first_point_of_impact,vehicle_left_hand_drive,journey_purpose_of_driver_historic,journey_purpose_of_driver,sex_of_driver,age_of_driver,age_band_of_driver,engine_capacity_cc,propulsion_code,age_of_vehicle,generic_make_model,driver_imd_decile,lsoa_of_driver,escooter_flag,driver_distance_banding
2024430339650,2024,430339650,2,4,0,3,3,4,8,0,0,1,0,0,0,0,2,1,6,6,2,35,6,114,1,10,YAMAHA XC,3,E01016834,0,1
2024010503236,2024,010503236,1,3,0,99,99,9,9,99,99,9,9,99,9,99,2,1,6,6,1,30,6,115,1,8,YAMAHA XC,3,E01002133,0,1
2024451398269,2024,451398269,1,3,0,-1,4,6,2,-1,0,1,2,0,0,0,3,1,-1,1,1,31,6,115,1,9,YAMAHA XC,5,E01030751,0,1
2024041509700,2024,041509700,1,3,0,-1,19,-1,-1,-1,0,0,0,0,0,0,-1,1,-1,6,1,15,3,125,1,8,YAMAHA XC,1,E01012679,0,1
2024471422589,2024,471422589,1,3,0,-1,19,3,7,-1,0,1,1,0,0,0,0,1,-1,1,1,19,4,124,1,15,YAMAHA XC,4,E01003409,0,4
2024131400112,2024,131400112,2,3,0,-1,19,3,7,-1,0,0,5,0,0,0,2,1,-1,7,1,18,4,124,1,15,YAMAHA XC,2,E01011852,0,1
2024010512084,2024,010512084,1,3,0,18,19,8,4,0,0,1,0,0,0,0,2,1,6,6,1,39,7,124,1,13,YAMAHA XC,4,E01002101,0,1
2024010503952,2024,010503952,1,3,0,18,19,1,5,9,9,1,0,0,0,0,1,1,6,6,1,26,6,114,1,10,YAMAHA XC,-1,-1,0,-1
2024501408445,2024,501408445,1,3,0,-1,19,7,3,-1,0,0,1,-1,0,0,0,1,-1,6,1,21,5,124,1,12,YAMAHA XC,7,E01019077,0,1
2024010527092,2024,010527092,1,3,0,7,7,7,1,0,0,6,0,0,0,0,1,1,6,6,1,27,6,124,1,15,YAMAHA XC,3,E01004630,0,3
2024451414825,2024,451414825,2,3,0,-1,19,2,6,-1,0,8,0,0,0,0,3,1,-1,1,1,25,5,115,1,9,YAMAHA XC,6,E01002661,0,3
2024991480168,2024,991480168,2,3,0,-1,10,7,3,-1,0,8,5,0,0,0,1,1,-1,9,1,60,9,124,1,13,YAMAHA XC,-1,-1,0,-1
2024010520103,2024,010520103,2,3,0,13,13,1,5,0,0,1,0,0,0,0,0,1,6,6,1,51,8,124,1,13,YAMAHA XC,4,E01003145,0,1
2024471443449,2024,471443449,1,3,0,-1,19,3,7,-1,0,0,2,0,0,0,1,1,-1,1,1,23,5,124,1,12,YAMAHA XC,1,E01020983,0,1
2024440166389,2024,440166389,2,3,0,9,9,2,7,0,0,8,0,0,0,0,1,1,6,6,1,36,7,115,1,8,YAMAHA XC,3,E01017350,0,2
2024010541484,2024,010541484,2,3,0,18,19,5,1,0,0,0,0,0,0,0,1,1,1,1,1,31,6,125,1,10,YAMAHA XC,4,E01002622,0,1
2024010518411,2024,010518411,1,3,9,99,99,9,9,99,99,9,9,99,9,99,9,1,6,6,1,67,10,114,1,10,YAMAHA XC,7,E01001223,0,1
2024471534212,2024,471534212,1,3,0,-1,19,7,3,-1,0,0,1,7,0,0,1,1,-1,9,1,21,5,115,1,10,YAMAHA XC,4,E01021013,0,1
2024471423369,2024,471423369,2,3,0,-1,13,2,6,-1,0,0,0,0,0,0,1,1,-1,6,1,23,5,124,1,15,YAMAHA XC,1,E01020989,0,1
2024141416671,2024,141416671,1,3,0,-1,19,1,5,-1,0,8,2,0,0,0,4,1,-1,6,1,18,4,124,1,13,YAMAHA XC,5,E01019791,0,2
2024531526253,2024,531526253,1,3,0,-1,19,1,5,-1,0,0,0,0,0,0,1,1,-1,6,1,28,6,124,1,16,YAMAHA XC,10,E01022439,0,1
2024010526014,2024,010526014,2,3,0,9,9,5,3,0,0,5,0,0,0,0,2,1,6,6,1,32,6,115,1,8,YAMAHA XC,3,E01003572,0,1
2024010498294,2024,010498294,2,3,0,15,15,7,3,0,0,1,0,0,0,0,1,1,6,6,3,-1,-1,124,1,12,YAMAHA XC,-1,-1,0,-1
2024461516407,2024,461516407,1,3,0,-1,13,1,3,-1,0,1,5,0,0,0,1,1,-1,6,1,18,4,124,1,14,YAMAHA XC,5,E01024749,0,1
2024451496229,2024,451496229,2,2,0,-1,19,1,5,-1,0,0,0,0,0,0,1,1,-1,1,1,45,7,125,1,10,YAMAHA XC,-1,-1,0,-1
2024201467397,2024,201467397,2,3,0,-1,19,5,1,-1,0,1,0,0,0,0,4,1,-1,6,1,35,6,114,1,10,YAMAHA XC,1,E01009272,0,1
2024501517486,2024,501517486,1,2,0,-1,4,3,7,-1,0,0,1,0,0,0,4,1,-1,9,2,21,5,124,1,12,YAMAHA XC,8,E01020300,0,1
2024010502384,2024,010502384,1,3,0,17,19,1,5,0,0,6,0,0,0,0,1,1,6,6,1,22,5,124,1,14,YAMAHA XC,-1,-1,0,-1
2024552400857,2024,552400857,1,4,0,16,19,4,6,0,0,8,1,0,0,0,0,1,6,6,1,26,6,124,1,11,YAMAHA XC,7,E01020540,0,3
2024061530453,2024,061530453,1,3,0,-1,-1,-1,-1,-1,-1,0,-1,-1,-1,0,-1,1,-1,6,1,40,7,114,1,10,YAMAHA XC,1,E01004850,0,1
2024311532740,2024,311532740,1,3,0,-1,19,5,1,-1,0,0,1,0,1,0,1,1,-1,6,2,48,8,124,1,14,YAMAHA XC,-1,-1,0,-1
2024010543395,2024,010543395,1,3,0,99,99,9,9,99,99,9,9,99,9,99,1,1,1,1,3,29,6,115,1,9,YAMAHA XC,6,E01000587,0,2
2024010498787,2024,010498787,1,3,0,13,13,5,1,0,0,1,0,0,0,0,1,1,6,6,1,22,5,124,1,14,YAMAHA XC,2,E01003207,0,4
2024461464668,2024,461464668,2,3,0,-1,19,3,7,-1,0,0,0,0,0,0,1,1,-1,9,1,26,6,114,1,10,YAMAHA XC,2,E01016035,0,1
2024340WN6162,2024,340WN6162,2,3,0,-1,19,5,1,-1,0,8,0,0,0,0,4,1,-1,2,1,52,8,125,1,10,YAMAHA XC,7,E01027172,0,1
2024421450372,2024,421450372,1,3,0,-1,19,2,6,-1,0,2,1,0,0,0,1,1,-1,6,1,22,5,125,1,8,YAMAHA XC,6,E01021356,0,1
2024501450678,2024,501450678,2,3,0,-1,19,3,7,-1,0,0,5,0,0,0,3,1,-1,9,2,37,7,114,1,11,YAMAHA XC,6,E01018826,0,1
2024471514684,2024,471514684,1,3,0,-1,19,4,8,-1,0,0,1,0,0,0,3,1,-1,2,1,28,6,124,1,11,YAMAHA XC,8,E01021221,0,1
2024361504077,2024,361504077,1,3,0,-1,19,5,1,-1,0,0,0,10,1,0,0,1,-1,2,1,40,7,115,1,8,YAMAHA XC,6,E01026758,0,1
2024471407894,2024,471407894,1,3,0,-1,19,1,5,-1,0,2,0,0,0,0,3,1,-1,2,2,62,9,114,1,9,YAMAHA XC,5,E01031786,0,1
2024461492717,2024,461492717,1,5,0,-1,19,5,1,-1,0,0,0,0,0,0,1,1,-1,6,1,63,9,1300,1,11,YAMAHA XVS,5,E01016156,0,3
2024010506565,2024,010506565,1,5,0,18,19,5,1,0,0,0,0,0,0,0,1,1,6,6,1,64,9,649,1,25,YAMAHA XVS,-1,-1,0,-1
2024411429677,2024,411429677,1,5,0,-1,4,7,3,-1,0,4,0,0,0,0,2,1,-1,6,1,64,9,649,1,21,YAMAHA XVS,3,E01023336,0,4
2024221503235,2024,221503235,1,5,0,-1,19,8,4,-1,0,0,1,0,0,0,3,1,-1,6,1,32,6,942,1,10,YAMAHA XVS,4,E01032409,0,2
2024371432287,2024,371432287,1,3,0,-1,19,2,6,-1,0,0,0,0,0,0,3,1,-1,9,1,19,4,124,1,21,YAMAHA XVS,9,E01030233,0,2
2024010543386,2024,010543386,2,5,3,11,11,3,7,0,0,0,0,0,0,0,4,1,6,6,1,30,6,942,1,10,YAMAHA XVS,6,E01024406,0,4
2024501451029,2024,501451029,1,5,0,-1,19,6,2,-1,0,1,2,0,0,0,4,1,-1,9,1,59,9,1063,1,25,YAMAHA XVS,1,E01018930,0,4
2024201488602,2024,201488602,1,5,0,-1,19,8,4,-1,0,0,1,0,0,0,4,1,-1,9,1,57,9,649,1,24,YAMAHA XVS,2,E01010335,0,1
2024501451254,2024,501451254,2,3,0,-1,5,7,3,-1,0,4,0,0,0,0,4,1,-1,9,1,47,8,124,1,20,YAMAHA XVS,3,E01019022,0,3
2024122400369,2024,122400369,1,5,0,18,19,7,3,0,0,1,1,0,0,0,0,1,6,6,1,34,6,649,1,20,YAMAHA XVS,3,E01027909,0,1
2024141484856,2024,141484856,1,5,0,-1,19,6,2,-1,0,0,0,0,0,0,1,1,-1,6,1,28,6,1300,1,8,YAMAHA XVS,7,E01008151,0,1
2024440392392,2024,440392392,2,3,0,18,19,4,8,0,0,8,0,0,0,0,1,1,2,2,1,21,5,124,1,21,YAMAHA XVS,4,E01022781,0,3
2024010544175,2024,010544175,2,5,0,18,19,1,5,0,0,1,0,0,0,0,1,1,2,2,1,28,6,942,1,4,YAMAHA XVS,8,E01001039,0,3
2024010525920,2024,010525920,1,5,0,18,19,5,1,0,0,1,0,0,0,0,3,1,2,2,1,63,9,1063,1,22,YAMAHA XVS,7,E01030563,0,1
2024471459062,2024,471459062,1,5,0,-1,19,2,6,-1,0,0,0,0,3,10,1,1,-1,6,1,87,11,649,1,22,YAMAHA XVS,5,E01021152,0,3
2024451527983,2024,451527983,1,5,0,-1,19,7,3,-1,0,8,5,0,0,0,4,1,-1,2,1,34,6,942,1,9,YAMAHA XVS,4,E01030640,0,2
2024311533668,2024,311533668,1,5,0,-1,19,7,4,-1,9,0,1,0,1,0,4,1,-1,9,1,35,6,1063,1,21,YAMAHA XVS,-1,-1,0,-1
202417S109024,2024,17S109024,2,4,0,-1,19,5,1,-1,0,1,0,0,0,0,3,1,-1,6,1,51,8,649,1,19,YAMAHA XVS,8,E01012212,0,1
2024471520770,2024,471520770,2,5,0,-1,19,3,7,-1,0,2,0,0,0,0,1,1,-1,9,1,24,5,649,1,19,YAMAHA XVS,6,E01031557,0,1
2024430279582,2024,430279582,1,5,0,18,19,1,5,0,0,0,0,0,0,0,3,1,6,6,1,65,9,649,1,22,YAMAHA XVS,1,E01016368,0,1
2024471482912,2024,471482912,1,5,0,-1,19,5,1,-1,0,2,1,0,0,0,1,1,-1,2,1,65,9,1063,1,13,YAMAHA XVS,7,E01021007,0,1
2024430169516,2024,430169516,1,3,0,11,11,4,8,0,0,1,0,0,0,0,4,1,6,6,1,19,4,124,1,21,YAMAHA XVS,-1,-1,0,-1
2024610031124,2024,610031124,1,5,0,18,19,7,3,0,0,0,1,0,0,0,1,1,6,6,1,31,6,950,1,11,YAMAHA XVS,6,W01001377,0,1
2024361491403,2024,361491403,1,5,0,-1,9,5,1,-1,0,0,0,0,7,0,3,1,-1,9,2,48,8,649,1,16,YAMAHA XVS,6,E01026462,0,4
2024122400580,2024,122400580,1,5,0,14,14,6,2,0,0,1,0,0,0,0,1,1,6,6,1,24,5,950,1,7,YAMAHA XVS,4,E01018511,0,5
2024122400488,2024,122400488,1,5,0,18,19,3,6,0,0,1,0,0,0,0,3,1,6,6,1,65,9,1063,1,22,YAMAHA XVS,1,E01004793,0,5
2024552401299,2024,552401299,2,5,0,13,13,6,2,0,0,0,0,0,0,0,1,1,6,6,1,48,8,649,1,26,YAMAHA XVS,10,E01020378,0,1
2024501531586,2024,501531586,1,5,0,-1,19,3,7,-1,0,0,2,0,0,0,1,1,-1,6,1,36,7,1300,1,16,YAMAHA XVS,1,E01015058,0,1
2024991492347,2024,991492347,2,3,0,-1,19,4,8,-1,0,0,0,0,0,0,1,1,-1,6,1,59,9,942,1,15,YAMAHA XVS,2,-1,0,2
2024421427076,2024,421427076,1,5,0,-1,-1,-1,-1,-1,-1,0,-1,-1,-1,0,-1,1,-1,6,3,-1,-1,1300,1,13,YAMAHA XVS,-1,-1,0,-1
2024010516601,2024,010516601,2,5,0,14,14,5,1,0,0,1,5,0,0,0,1,1,6,6,1,46,8,942,1,11,YAMAHA XVS,3,E01002276,0,1
2024501487642,2024,501487642,2,5,0,-1,19,1,5,-1,0,0,0,0,0,0,3,1,-1,9,1,62,9,1063,1,20,YAMAHA XVS,3,E01023757,0,5
2024131475914,2024,131475914,1,5,0,-1,19,5,1,-1,0,0,2,0,0,0,1,1,-1,9,1,32,6,1063,1,17,YAMAHA XVS,3,E01010662,0,2
2024501409264,2024,501409264,1,9,0,-1,19,6,2,-1,0,1,0,0,0,0,1,9,-1,6,1,37,7,2993,2,15,BMW X5,6,E01015027,0,1
2024451507215,2024,451507215,1,9,0,-1,19,3,7,-1,0,1,0,0,0,0,4,1,-1,2,1,28,6,2993,2,5,BMW X5,9,E01030908,0,1
2024131422856,2024,131422856,1,9,0,-1,1,3,7,-1,0,1,0,0,0,0,2,1,-1,6,3,-1,-1,2993,2,20,BMW X5,-1,-1,0,-1
2024461400740,2024,461400740,1,9,0,-1,19,6,2,-1,0,2,1,0,1,0,4,1,-1,9,1,36,7,4395,1,3,BMW X5,10,E01024336,0,1
2024041442305,2024,041442305,1,9,0,-1,6,1,5,-1,0,0,0,0,0,0,0,1,-1,9,1,42,7,2998,8,1,BMW X5,10,E01006985,0,4
2024522402597,2024,522402597,1,9,0,18,19,2,6,0,0,8,0,0,0,0,4,1,1,1,1,-1,-1,2998,8,2,BMW X5,10,E01014793,0,3
2024361442914,2024,361442914,3,9,0,-1,19,6,2,-1,0,0,0,0,0,0,1,1,-1,8,1,43,7,2993,12,3,BMW X5,9,E01026509,0,3
2024131417421,2024,131417421,2,9,0,-1,2,3,3,-1,0,1,0,0,0,0,2,1,-1,6,-1,-1,-1,2993,2,19,BMW X5,-1,-1,0,-1
2024052401498,2024,052401498,2,9,0,7,7,5,7,0,0,1,0,0,0,0,1,1,1,1,1,47,8,2993,2,7,BMW X5,-1,-1,0,-1
2024522403242,2024,522403242,2,9,0,9,9,5,3,0,0,5,0,0,0,0,1,1,6,6,3,-1,-1,2993,2,18,BMW X5,-1,-1,0,-1
2024991485929,2024,991485929,2,9,0,-1,19,5,8,-1,0,1,1,0,0,0,1,1,-1,6,2,41,7,2993,2,18,BMW X5,8,-1,0,2
2024131502976,2024,131502976,5,9,0,-1,2,0,0,-1,0,0,0,0,0,0,1,2,-1,6,-1,-1,-1,2993,2,8,BMW X5,-1,-1,0,-1
2024010523910,2024,010523910,1,9,0,18,19,3,7,9,9,1,0,10,1,11,4,1,6,6,2,37,7,4398,1,21,BMW X5,3,E01002923,0,1
2024421510661,2024,421510661,1,9,4,-1,19,1,5,-1,0,0,0,0,0,0,0,1,-1,1,1,30,6,2993,2,16,BMW X5,8,E01002348,0,4
2024430437764,2024,430437764,2,9,0,17,19,4,2,0,0,0,1,0,7,0,2,1,6,6,1,51,8,2998,8,0,BMW X5,9,E01017714,0,1
2024131397433,2024,131397433,3,9,0,-1,19,1,5,-1,0,4,0,0,0,0,0,1,-1,1,1,18,4,2993,12,3,BMW X5,6,E01011885,0,2
2024451409619,2024,451409619,8,9,0,-1,19,7,3,-1,0,0,0,0,0,0,0,1,-1,1,1,39,7,2993,12,3,BMW X5,10,E01030435,0,3
2024201434373,2024,201434373,1,9,0,-1,19,1,7,-1,0,8,0,0,0,0,1,1,-1,6,1,-1,-1,2993,2,6,BMW X5,-1,-1,0,-1
2024010531760,2024,010531760,3,9,0,18,19,1,5,0,0,1,0,0,0,0,1,1,6,6,1,42,7,2993,2,5,BMW X5,3,E01003574,0,1
2024421446413,2024,421446413,2,9,0,-1,19,7,3,-1,0,1,0,0,0,0,1,1,-1,1,1,41,7,2993,2,4,BMW X5,8,E01021537,0,4
2024061518960,2024,061518960,4,9,0,-1,19,5,1,-1,0,0,0,0,0,0,0,1,-1,8,2,49,8,2998,8,1,BMW X5,4,E01005730,0,2
2024041498813,2024,041498813,1,9,0,-1,5,3,7,-1,0,2,0,0,7,0,1,1,-1,9,1,44,7,2998,8,1,BMW X5,8,E01025549,0,3
2024101441105,2024,101441105,1,9,0,-1,9,1,7,-1,0,8,0,0,0,0,1,1,-1,2,1,47,8,1995,2,10,BMW X5,1,E01008540,0,3
2024421416310,2024,421416310,2,9,0,-1,19,7,3,-1,0,0,0,0,1,4,4,1,-1,9,1,33,6,2993,2,16,BMW X5,3,E01021889,0,2
2024221452426,2024,221452426,2,9,0,-1,4,5,1,-1,0,8,0,0,0,0,2,9,-1,6,2,40,7,2993,2,5,BMW X5,5,E01014060,0,2
2024440402201,2024,440402201,1,9,0,18,19,6,2,0,0,2,5,7,0,0,1,1,2,2,1,35,6,2979,1,21,BMW X5,4,E01022621,0,3
2024101421589,2024,101421589,2,9,0,-1,19,7,3,-1,0,0,0,0,0,0,0,9,-1,6,1,26,6,2993,2,14,BMW X5,2,E01033206,0,2
2024010536260,2024,010536260,4,9,0,-1,-1,5,1,0,0,1,0,0,0,0,0,1,6,6,1,44,7,2993,2,4,BMW X5,4,E01001484,0,2
2024122400921,2024,122400921,1,9,0,9,9,1,7,0,0,2,0,0,0,0,1,1,6,6,1,43,7,2993,12,0,BMW X5,8,E01027891,0,4
2024010549226,2024,010549226,3,9,0,2,2,0,0,0,0,0,0,0,0,0,4,1,6,6,3,-1,-1,2998,1,5,BMW X5,-1,-1,0,-1
2024070050720,2024,070050720,2,9,0,4,4,2,6,0,0,0,0,0,0,0,2,1,6,6,1,60,9,2993,12,3,BMW X5,-1,-1,0,-1
2024501507754,2024,501507754,3,9,0,-1,3,3,7,-1,0,0,0,0,0,0,2,1,-1,6,1,38,7,2993,2,19,BMW X5,4,E01018918,0,3
2024010537011,2024,010537011,1,9,0,4,4,5,1,0,0,8,0,0,0,0,3,1,2,2,1,44,7,2993,2,9,BMW X5,3,E01034201,0,1
2024061425962,2024,061425962,2,9,0,-1,19,8,4,-1,0,1,0,0,0,0,0,1,-1,8,1,43,7,2998,8,1,BMW X5,4,E01005730,0,2
2024430209262,2024,430209262,1,9,0,5,5,4,8,0,0,0,0,0,0,0,2,1,6,6,1,35,6,2993,2,15,BMW X5,4,E01032714,0,4
2024411541112,2024,411541112,1,9,0,-1,4,1,5,-1,0,0,0,0,0,0,2,1,-1,6,1,69,10,2993,2,6,BMW X5,10,E01017938,0,4
2024430283038,2024,430283038,2,9,0,6,6,6,6,0,0,8,0,0,0,0,3,1,6,6,2,32,6,1995,2,7,BMW X5,-1,-1,0,-1
2024451409619,2024,451409619,3,9,0,-1,19,7,3,-1,0,0,0,0,0,0,0,1,-1,1,1,31,6,2993,12,2,BMW X5,10,E01030435,0,3
2024070236115,2024,070236115,2,9,0,18,19,7,3,0,0,4,0,0,0,0,0,1,1,1,1,53,8,2993,2,4,BMW X5,3,E01018402,0,3
2024131439420,2024,131439420,3,9,0,-1,19,4,1,-1,0,1,0,0,0,0,0,9,-1,1,1,-1,-1,2993,12,3,BMW X5,-1,-1,0,-1
2024361447784,2024,361447784,1,9,0,-1,19,8,4,-1,0,0,0,4,0,0,1,1,-1,6,1,33,6,2993,2,19,BMW X5,7,E01026471,0,2
2024461490374,2024,461490374,1,9,0,-1,5,3,7,-1,0,0,0,0,0,0,3,9,-1,6,2,40,7,2998,8,1,BMW X5,6,E01024117,0,1
2024471497492,2024,471497492,3,9,0,-1,19,7,3,-1,0,0,0,0,0,0,0,1,-1,9,1,43,7,2993,12,3,BMW X5,6,E01021034,0,4
2024302400818,2024,302400818,1,9,0,18,19,6,1,0,0,8,0,0,0,0,1,1,6,6,1,52,8,2993,2,12,BMW X5,2,E01013453,0,1
202417L210524,2024,17L210524,1,9,0,-1,19,2,6,-1,0,0,0,0,0,0,1,1,-1,9,1,28,6,2993,2,7,BMW X5,1,E01012175,0,1
2024461402752,2024,461402752,2,9,0,-1,4,4,8,-1,0,1,0,0,0,0,2,9,-1,6,1,49,8,2998,8,2,BMW X5,9,E01024526,0,4
2024440213309,2024,440213309,1,9,0,13,13,3,7,0,0,1,0,0,0,0,1,1,1,1,2,-1,-1,2993,12,2,BMW X5,-1,-1,0,-1
2024421427046,2024,421427046,1,9,0,-1,19,-1,-1,-1,0,1,0,0,0,0,1,9,-1,6,2,58,9,2998,8,3,BMW X5,8,E01002273,0,3
2024041455853,2024,041455853,1,9,0,-1,19,1,2,-1,0,1,0,0,0,0,4,1,-1,6,2,38,7,2993,2,7,BMW X5,3,E01025071,0,1
2024010536882,2024,010536882,2,9,0,9,9,1,7,0,0,8,0,0,0,0,1,1,6,6,2,45,7,2998,8,2,BMW X5,9,E01000213,0,1
2024201425635,2024,201425635,2,9,0,-1,19,5,2,-1,0,0,0,0,0,0,2,1,-1,6,2,40,7,1995,2,9,BMW X5,-1,-1,0,-1
2024201535189,2024,201535189,1,9,0,-1,1,3,7,-1,0,0,0,0,0,0,4,1,-1,6,1,-1,-1,2996,2,14,BMW X5,-1,-1,0,-1
2024520403299,2024,520403299,1,9,0,9,9,3,1,0,0,8,0,0,0,0,2,1,6,6,2,56,9,2993,2,20,BMW X5,5,E01029330,0,1
2024430622984,2024,430622984,2,9,0,9,9,2,8,0,0,4,0,0,0,0,3,1,6,6,1,33,6,2993,2,12,BMW X5,8,E01028463,0,1
2024302500226,2024,302500226,1,9,0,-1,13,6,2,-1,0,0,0,0,0,0,1,1,-1,6,1,46,8,2993,2,12,BMW X5,2,E01029452,0,2
2024231457143,2024,231457143,2,9,0,-1,4,0,0,-1,0,0,0,0,0,0,1,1,-1,1,1,48,8,2993,2,4,BMW X5,9,E01031284,0,4
2024010536179,2024,010536179,1,9,0,18,19,5,1,0,0,1,0,0,0,0,1,1,6,6,2,56,9,2993,-1,0,BMW X5,8,E01021788,0,2
2024332400298,2024,332400298,1,9,0,-1,9,6,5,-1,0,2,0,0,0,0,1,1,-1,2,2,43,7,2993,2,8,BMW X5,7,E01025941,0,1
2024131459171,2024,131459171,3,9,0,-1,19,3,7,-1,0,0,0,0,0,0,0,1,-1,1,1,30,6,2993,12,3,BMW X5,6,E01011885,0,3
2024991420020,2024,991420020,1,9,0,-1,19,7,3,-1,0,1,0,0,0,0,1,1,-1,9,2,37,7,2993,12,2,BMW X5,8,-1,0,1
2024131421730,2024,131421730,3,9,0,-1,-1,-1,-1,-1,-1,0,-1,-1,-1,0,-1,1,-1,6,1,34,6,2993,2,17,BMW X5,1,E01010700,0,1
2024010495251,2024,010495251,2,9,0,18,19,7,3,0,0,0,0,0,0,0,1,1,1,1,1,34,6,2993,12,2,BMW X5,-1,-1,0,-1
2024221487643,2024,221487643,2,9,0,-1,19,5,8,-1,0,0,0,0,1,10,1,1,-1,2,1,55,8,2993,2,14,BMW X5,8,E01014002,0,2
2024010528924,2024,010528924,2,9,0,18,19,7,3,0,0,8,0,0,0,0,1,1,6,6,1,17,4,1995,2,8,BMW X5,4,E01002114,0,1
2024010532890,2024,010532890,1,9,0,99,99,9,9,0,0,0,9,99,9,99,9,9,6,6,1,-1,-1,2993,2,9,BMW X5,5,E01002682,0,1
2024401492376,2024,401492376,2,9,-1,-1,-1,-1,-1,-1,-1,0,-1,-1,-1,0,4,9,-1,6,1,29,6,2993,2,16,BMW X5,3,E01015795,0,1
2024440363203,2024,440363203,1,9,0,9,9,3,7,0,0,5,0,0,0,0,1,1,6,6,1,59,9,2993,2,20,BMW X5,5,E01017204,0,1
2024451421284,2024,451421284,2,9,0,-1,19,7,3,-1,0,0,0,0,0,0,1,1,-1,1,1,44,7,2993,12,3,BMW X5,10,E01030435,0,4
2024010549911,2024,010549911,1,9,0,99,99,9,9,99,99,9,9,99,9,99,9,1,6,6,1,37,7,2979,1,21,BMW X5,9,E01002509,0,1
2024071083778,2024,071083778,3,9,0,-1,4,5,1,-1,0,0,0,0,0,0,2,1,-1,9,1,49,8,2993,2,19,BMW X5,4,E01025988,0,5
2024010516983,2024,010516983,1,9,0,9,9,5,2,1,1,8,0,0,0,0,3,1,6,6,1,29,6,2993,12,3,BMW X5,10,E01000448,0,1
2024041433382,2024,041433382,2,9,0,-1,19,7,3,-1,0,0,0,0,0,0,0,1,-1,6,1,-1,-1,2993,2,5,BMW X5,8,E01025453,0,3
2024070033124,2024,070033124,4,9,0,18,19,7,3,0,0,1,0,0,0,0,1,1,6,6,2,38,7,2993,2,12,BMW X5,7,E01018345,0,1
2024302401054,2024,302401054,2,9,0,3,3,4,8,0,0,1,0,0,0,0,3,1,6,6,1,51,8,2993,2,12,BMW X5,10,E01019712,0,3
2024010535129,2024,010535129,1,9,0,5,5,3,7,0,0,1,0,0,0,0,1,1,6,6,1,72,10,4799,1,17,BMW X5,1,E01002905,0,1
2024302400804,2024,302400804,1,9,0,4,4,6,2,0,0,8,0,0,0,0,2,1,6,6,2,46,8,1995,2,7,BMW X5,-1,-1,0,-1
2024010516285,2024,010516285,1,9,0,18,19,5,1,0,0,2,0,0,0,0,1,1,6,6,1,26,6,1997,8,8,BMW X5,4,E01003376,0,2
2024211530011,2024,211530011,1,9,0,-1,12,5,1,-1,0,0,0,0,0,0,3,1,-1,6,2,63,9,2993,2,19,BMW X5,7,E01018450,0,4
2024991460484,2024,991460484,2,9,0,-1,19,2,6,-1,0,1,0,0,0,0,1,1,-1,6,2,35,6,2993,2,15,BMW X5,5,-1,0,1
2024031466371,2024,031466371,3,9,0,-1,19,1,5,-1,0,0,0,0,0,0,3,1,-1,9,1,57,9,2998,8,0,BMW X5,8,E01025323,0,5
2024552400560,2024,552400560,1,9,0,1,1,3,7,0,0,0,0,0,0,0,2,1,6,6,1,29,6,2993,2,11,BMW X5,8,E01020421,0,2
2024131495996,2024,131495996,3,9,0,-1,19,1,5,-1,0,0,0,0,0,0,0,1,-1,1,1,42,7,2993,2,4,BMW X5,6,E01011885,0,3
2024041492206,2024,041492206,2,9,0,-1,19,3,7,-1,0,8,0,0,0,0,1,1,-1,9,1,57,9,2993,12,1,BMW X5,10,E01025015,0,3
2024430339574,2024,430339574,2,9,0,18,19,2,6,0,0,0,0,0,0,0,1,1,6,6,2,-1,-1,2993,2,5,BMW X5,7,E01016579,0,2
2024201432799,2024,201432799,1,9,0,-1,19,5,1,-1,0,8,0,10,1,11,1,9,-1,6,3,-1,-1,2993,2,7,BMW X5,-1,-1,0,-1
2024041536451,2024,041536451,1,9,0,-1,19,2,4,-1,0,0,5,0,1,11,4,1,-1,9,1,41,7,2993,2,9,BMW X5,3,E01012617,0,1
2024332400137,2024,332400137,2,9,0,-1,19,3,7,-1,0,1,0,0,0,0,1,1,-1,1,3,-1,-1,2993,2,6,BMW X5,-1,-1,0,-1
2024010522392,2024,010522392,2,9,0,6,6,1,1,0,0,0,0,0,0,0,2,1,2,2,1,62,9,2979,1,20,BMW X5,-1,-1,0,-1
2024340WN3162,2024,340WN3162,1,9,0,-1,19,5,1,-1,0,4,0,0,0,0,1,1,-1,9,1,43,7,2998,8,2,BMW X5,9,E01025816,0,3
2024161527325,2024,161527325,1,9,0,-1,6,4,4,-1,0,1,0,0,0,0,1,1,-1,1,1,40,7,2993,2,6,BMW X5,8,E01007605,0,4
2024010537837,2024,010537837,1,9,0,7,7,6,8,7,6,2,0,0,0,0,1,1,6,6,3,-1,-1,2993,2,18,BMW X5,-1,-1,0,-1
202460Q008964,2024,60Q008964,1,9,0,9,9,5,8,0,0,4,0,0,0,0,1,1,6,6,1,57,9,2993,2,14,BMW X5,-1,-1,0,-1