collision_index,collision_year,collision_ref_no,vehicle_reference,vehicle_type,towing_and_articulation,vehicle_manoeuvre_historic,vehicle_manoeuvre,vehicle_direction_from,vehicle_direction_to,vehicle_location_restricted_lane_historic,vehicle_location_restricted_lane,junction_location,skidding_and_overturning,hit_object_in_carriageway,vehicle_leaving_carriageway,hit_object_off_carriageway,first_point_of_impact,vehicle_left_hand_drive,journey_purpose_of_driver_historic,journey_purpose_of_driver,sex_of_driver,age_of_driver,age_band_of_driver,engine_capacity_cc,propulsion_code,age_of_vehicle,generic_make_model,driver_imd_decile,lsoa_of_driver,escooter_flag,driver_distance_banding
2024131534912,2024,131534912,3,9,0,-1,19,8,4,-1,0,0,0,0,0,0,0,1,-1,1,1,31,6,2993,12,2,BMW X5,-1,-1,0,-1
2024041408688,2024,041408688,1,9,0,-1,19,3,7,-1,0,0,0,0,1,1,1,1,-1,9,1,35,6,2993,2,14,BMW X5,1,E01025083,0,2
2024430483348,2024,430483348,2,9,0,18,19,7,3,0,0,8,0,0,0,0,1,1,2,2,1,30,6,2993,2,19,BMW X5,3,E01016454,0,1
2024231433431,2024,231433431,1,9,0,-1,9,3,7,-1,0,5,0,0,0,0,1,1,-1,9,2,66,10,2993,2,11,BMW X5,6,E01031193,0,1
2024061454114,2024,061454114,1,9,0,-1,19,5,1,-1,0,2,0,0,0,0,1,1,-1,1,1,30,6,2998,8,1,BMW X5,-1,-1,0,-1
2024161486902,2024,161486902,1,9,0,-1,19,7,3,-1,0,0,0,0,0,0,1,1,-1,6,1,47,8,2993,2,15,BMW X5,1,E01012856,0,3
2024010545440,2024,010545440,2,9,0,99,99,9,9,99,99,9,9,99,9,99,0,9,6,6,3,-1,-1,2993,2,10,BMW X5,-1,-1,0,-1
2024061420880,2024,061420880,2,9,0,-1,4,4,8,-1,0,0,0,0,0,0,4,1,-1,1,2,34,6,2998,8,1,BMW X5,2,E01005950,0,3
2024161439160,2024,161439160,2,9,0,-1,19,7,3,-1,0,0,0,0,0,0,0,1,-1,1,1,36,7,2993,12,3,BMW X5,8,E01012962,0,1
2024221523319,2024,221523319,1,9,0,-1,19,6,2,-1,0,8,0,0,0,0,1,1,-1,6,1,81,11,2993,2,7,BMW X5,3,E01032423,0,2
2024161414198,2024,161414198,2,9,0,-1,19,5,1,-1,0,2,0,0,0,0,1,9,-1,6,1,50,8,2993,2,11,BMW X5,-1,-1,0,-1
2024471396748,2024,471396748,1,9,0,-1,4,4,8,-1,0,0,0,0,0,0,1,1,-1,2,1,46,8,2993,2,4,BMW X5,7,E01031564,0,2
2024131409147,2024,131409147,1,9,0,-1,19,2,5,-1,0,0,0,4,7,0,1,1,-1,9,1,65,9,2993,-1,3,BMW X5,7,E01011889,0,1
2024401434994,2024,401434994,2,9,0,-1,19,8,2,-1,0,1,0,0,0,0,0,1,-1,1,1,47,8,2993,2,4,BMW X5,-1,-1,0,-1
2024010491746,2024,010491746,2,9,0,9,9,2,7,9,9,2,0,0,1,1,1,1,1,1,1,42,7,2993,12,3,BMW X5,7,E01032767,0,2
2024440423066,2024,440423066,1,9,0,9,9,1,7,0,0,8,0,0,0,0,3,1,1,1,2,23,5,2993,2,4,BMW X5,3,E01022916,0,2
2024991397421,2024,991397421,2,9,0,-1,5,7,2,-1,0,8,0,0,0,0,4,1,-1,7,1,33,6,2993,2,10,BMW X5,4,-1,0,1
2024421523813,2024,421523813,1,9,0,-1,19,1,5,-1,0,0,0,0,0,0,1,1,-1,6,3,-1,-1,2926,2,21,BMW X5,-1,-1,0,-1
2024101564105,2024,101564105,2,9,0,-1,19,7,3,-1,0,8,0,0,0,0,1,1,-1,6,-1,-1,-1,2993,2,19,BMW X5,-1,-1,0,-1
2024010514971,2024,010514971,1,9,0,5,5,1,5,0,0,3,0,0,0,0,0,1,1,1,1,47,8,2993,12,3,BMW X5,3,E01004734,0,1
2024440433128,2024,440433128,3,9,0,18,19,7,3,0,0,8,0,0,0,0,0,1,1,1,1,42,7,2993,12,2,BMW X5,2,E01017051,0,3
202454B133224,2024,54B133224,2,9,0,18,19,7,3,0,0,1,0,0,0,0,1,1,6,6,1,46,8,2993,12,2,BMW X5,8,E01020435,0,4
2024522401084,2024,522401084,1,9,0,18,19,6,2,0,0,0,0,0,0,0,1,1,6,6,1,41,7,2993,2,6,BMW X5,10,E01014901,0,2
2024010516538,2024,010516538,2,9,0,9,9,4,1,0,0,6,0,0,0,0,1,1,6,6,3,-1,-1,2993,2,5,BMW X5,-1,-1,0,-1
2024471437192,2024,471437192,2,9,0,-1,19,1,5,-1,0,0,1,0,1,0,1,1,-1,6,2,48,8,2993,12,2,BMW X5,10,E01031621,0,2
2024401414175,2024,401414175,1,9,0,-1,19,-1,-1,-1,0,4,0,0,0,0,1,9,-1,6,1,28,6,2993,2,4,BMW X5,5,E01033837,0,1
2024451475808,2024,451475808,1,9,0,-1,19,7,3,-1,0,0,0,0,0,0,0,1,-1,1,1,28,6,2993,12,3,BMW X5,4,E01031575,0,2
2024131509704,2024,131509704,2,9,0,-1,19,1,1,-1,0,1,0,0,0,0,0,1,-1,6,-1,35,6,2993,12,2,BMW X5,-1,-1,0,-1
2024131428995,2024,131428995,1,9,0,-1,13,5,1,-1,0,0,1,0,0,0,1,1,-1,9,1,41,7,2998,8,1,BMW X5,10,E01011562,0,2
2024010521537,2024,010521537,2,9,0,18,19,1,5,0,0,1,0,0,0,0,1,9,6,6,3,-1,-1,2993,12,3,BMW X5,-1,-1,0,-1
2024401477282,2024,401477282,2,9,0,-1,3,7,3,-1,0,0,0,0,0,0,2,1,-1,6,1,53,8,2993,2,13,BMW X5,3,E01026033,0,4
2024052401988,2024,052401988,1,9,0,18,19,8,4,0,0,1,0,0,0,0,0,1,1,1,2,-1,-1,2993,2,7,BMW X5,-1,-1,0,-1
2024471480592,2024,471480592,4,9,0,-1,19,2,6,-1,0,2,0,0,1,0,1,1,-1,9,1,50,8,2993,2,5,BMW X5,10,E01030839,0,4
2024010540423,2024,010540423,2,9,0,99,99,9,9,99,99,6,9,99,9,99,9,9,6,6,3,-1,-1,2998,8,2,BMW X5,-1,-1,0,-1
2024622400009,2024,622400009,1,8,0,18,19,5,1,0,0,2,0,4,0,0,1,1,6,6,1,36,7,2993,2,8,BMW X5,1,E01025229,0,5
2024991521847,2024,991521847,1,9,0,-1,19,4,8,-1,0,0,0,0,0,0,1,1,-1,9,1,23,5,1995,2,9,BMW X5,3,-1,0,4
2024141441564,2024,141441564,1,9,0,-1,9,5,2,-1,0,8,0,0,0,0,1,1,-1,9,1,63,9,2993,12,2,BMW X5,9,E01007690,0,1
2024501451415,2024,501451415,1,9,0,-1,1,1,5,-1,0,1,0,0,0,0,2,1,-1,9,1,60,9,2497,2,17,BMW X5,4,E01018780,0,1
2024531439717,2024,531439717,1,9,0,-1,19,2,6,-1,0,0,2,10,7,0,1,9,-1,9,1,38,7,2979,1,21,BMW X5,4,E01022156,0,2
2024471481588,2024,471481588,2,9,0,-1,19,7,3,-1,0,0,0,0,0,0,3,1,-1,9,1,61,9,2993,12,1,BMW X5,10,E01028655,0,4
2024201456752,2024,201456752,2,9,0,-1,19,5,4,-1,0,8,0,0,0,0,1,1,-1,6,1,54,8,2993,2,12,BMW X5,-1,-1,0,-1
2024332400954,2024,332400954,2,9,0,-1,19,7,3,-1,0,1,0,0,0,0,1,1,-1,6,3,-1,-1,2993,2,13,BMW X5,-1,-1,0,-1
2024041443828,2024,041443828,1,9,0,-1,19,1,5,-1,0,0,5,0,0,0,1,1,-1,9,1,45,7,2993,2,18,BMW X5,4,E01025360,0,1
2024131476678,2024,131476678,1,9,0,-1,19,3,7,-1,0,1,0,0,0,0,4,1,-1,6,1,30,6,2993,2,9,BMW X5,1,E01010622,0,2
2024421478172,2024,421478172,2,9,0,-1,4,6,4,-1,0,0,0,0,0,0,2,1,-1,6,2,62,9,2993,2,17,BMW X5,3,E01003563,0,4
2024010504727,2024,010504727,2,9,0,99,99,9,9,99,99,9,9,99,9,99,1,9,6,6,3,-1,-1,2993,2,5,BMW X5,1,E01000643,0,1
2024461448670,2024,461448670,3,9,0,-1,2,0,0,-1,-1,0,0,0,0,0,4,1,-1,6,1,40,7,2926,2,21,BMW X5,6,E01024180,0,1
2024340NN0062,2024,340NN0062,2,9,0,-1,19,5,2,-1,0,1,0,0,0,0,1,1,-1,9,1,40,7,2993,2,12,BMW X5,3,E01027038,0,1
2024201454837,2024,201454837,2,9,0,-1,7,3,7,-1,0,5,0,0,0,0,3,1,-1,6,1,50,8,2993,2,11,BMW X5,-1,-1,0,-1
2024010493549,2024,010493549,1,9,0,18,19,1,5,0,0,1,0,0,0,0,0,1,6,6,1,46,8,2998,8,1,BMW X5,2,E01010047,0,5
2024471497963,2024,471497963,1,9,0,-1,19,1,5,-1,0,1,0,0,0,0,1,1,-1,9,2,48,8,2993,2,5,BMW X5,10,E01003851,0,4
2024991401867,2024,991401867,1,9,0,-1,19,4,8,-1,0,0,5,12,7,1,1,1,-1,9,1,35,6,2993,2,16,BMW X5,2,-1,0,4
2024041539738,2024,041539738,1,9,0,-1,19,6,6,-1,0,1,0,0,0,0,1,9,-1,6,1,48,8,2993,2,12,BMW X5,1,E01024895,0,1
2024501505636,2024,501505636,3,9,0,-1,19,2,6,-1,0,0,0,0,0,0,0,1,-1,1,1,38,7,2993,-1,2,BMW X5,6,E01015123,0,1
2024340WN4332,2024,340WN4332,7,9,0,-1,19,3,7,-1,0,0,0,0,0,0,0,1,-1,9,1,33,6,2993,2,10,BMW X5,10,E01027274,0,1
2024520401827,2024,520401827,2,9,0,18,19,5,1,0,0,2,0,0,4,6,2,1,6,6,2,33,6,2993,2,12,BMW X5,5,E01032070,0,3
2024371513749,2024,371513749,2,9,0,-1,19,6,2,-1,0,1,0,0,0,0,3,1,-1,6,2,53,8,2993,2,18,BMW X5,9,E01030011,0,1
2024061506594,2024,061506594,1,9,0,-1,5,5,1,-1,0,0,0,0,0,0,3,1,-1,1,1,27,6,2993,2,19,BMW X5,3,E01006106,0,1
2024471445190,2024,471445190,2,9,0,-1,2,0,0,-1,0,0,0,0,0,0,3,1,-1,7,2,40,7,2993,2,5,BMW X5,8,E01021107,0,1
2024201462813,2024,201462813,1,9,0,-1,19,3,5,-1,0,0,0,0,0,0,1,1,-1,9,2,57,9,2993,2,11,BMW X5,6,E01029620,0,2
2024061450941,2024,061450941,2,9,0,-1,19,-1,-1,-1,0,0,0,0,0,0,1,1,-1,6,3,-1,-1,3000,2,15,BMW X5,-1,-1,0,-1
2024010508765,2024,010508765,1,9,0,18,19,1,5,0,0,1,0,0,0,0,1,1,6,6,1,33,6,2993,2,4,BMW X5,-1,-1,0,-1
2024061420593,2024,061420593,1,9,0,-1,7,-1,-1,-1,0,0,0,0,0,0,-1,9,-1,6,3,-1,-1,2993,2,5,BMW X5,-1,-1,0,-1
2024541956624,2024,541956624,1,9,0,1,1,2,6,0,0,0,0,0,0,0,2,1,6,6,1,51,8,2993,2,18,BMW X5,9,E01015501,0,2
2024070643218,2024,070643218,2,9,0,16,19,5,1,0,0,0,2,0,7,11,1,1,1,1,1,42,7,2993,12,3,BMW X5,1,E01018310,0,4
2024991464384,2024,991464384,2,9,0,-1,19,1,5,-1,0,8,0,0,0,0,1,1,-1,6,1,27,6,1995,2,7,BMW X5,1,-1,0,2
2024061423076,2024,061423076,2,9,0,-1,-1,-1,-1,-1,-1,-1,-1,-1,-1,0,-1,1,-1,6,3,40,7,2993,2,8,BMW X5,1,E01005165,0,1
2024471473845,2024,471473845,2,9,0,-1,19,3,7,-1,0,0,0,0,0,0,2,1,-1,9,2,37,7,2993,2,15,BMW X5,3,E01031549,0,4
2024430405911,2024,430405911,2,9,0,3,3,3,7,0,0,0,0,0,0,0,2,1,6,6,2,48,8,1997,8,7,BMW X5,8,E01028510,0,1
2024041464797,2024,041464797,1,9,0,-1,19,3,7,-1,1,0,0,0,0,0,1,1,-1,2,1,69,10,2993,12,2,BMW X5,10,E01025015,0,2
2024302500132,2024,302500132,1,9,0,-1,19,7,3,-1,0,0,1,0,1,0,1,1,-1,6,1,70,10,2993,2,11,BMW X5,7,E01019814,0,4
2024131438804,2024,131438804,5,9,0,-1,19,6,2,-1,0,1,0,0,0,0,0,1,-1,1,1,31,6,2993,12,3,BMW X5,6,E01011885,0,3
2024010511643,2024,010511643,2,9,0,99,99,9,9,0,0,9,0,99,9,99,4,9,6,6,1,35,6,2993,2,10,BMW X5,-1,-1,0,-1
2024010524142,2024,010524142,1,9,0,18,19,7,3,0,0,0,0,0,1,2,1,1,6,6,1,69,10,2993,2,8,BMW X5,9,E01004546,0,1
2024461428138,2024,461428138,5,9,0,-1,-1,5,1,-1,-1,0,0,0,0,0,0,1,-1,-1,1,40,7,2993,12,2,BMW X5,7,E01030452,0,4
2024320708628,2024,320708628,2,9,0,2,2,0,0,0,0,0,0,0,0,0,2,1,-1,-1,2,18,4,2993,2,4,BMW X5,7,E01034706,0,1
2024411518162,2024,411518162,2,9,0,-1,19,1,5,-1,0,2,0,0,0,0,4,1,-1,6,1,56,9,2993,2,5,BMW X5,9,E01017422,0,3
2024141489459,2024,141489459,1,9,0,-1,11,1,2,-1,0,3,0,0,0,0,4,9,-1,6,2,36,7,4395,1,6,BMW X5,3,E01007777,0,3
2024131412996,2024,131412996,3,9,0,-1,19,2,1,-1,0,1,0,0,0,0,0,1,-1,1,1,40,7,2993,2,6,BMW X5,6,E01011885,0,3
2024131452222,2024,131452222,1,9,0,-1,9,1,1,-1,0,8,0,0,0,0,1,1,-1,9,-1,25,5,4395,1,10,BMW X5,1,E01011368,0,2
2024501446574,2024,501446574,1,9,0,-1,4,7,3,-1,0,0,0,0,0,0,1,1,-1,2,2,40,7,2993,2,11,BMW X5,5,E01034619,0,1
2024010487919,2024,010487919,4,9,0,18,19,4,8,0,0,6,0,0,1,0,0,1,1,1,1,53,8,2993,12,3,BMW X5,-1,-1,0,-1
2024111437160,2024,111437160,2,9,0,-1,19,7,3,-1,0,0,0,0,0,0,0,1,-1,8,1,-1,-1,2993,2,4,BMW X5,-1,-1,0,-1
2024131419991,2024,131419991,2,9,0,-1,19,5,1,-1,0,1,0,0,0,0,0,1,-1,1,1,-1,-1,2993,2,4,BMW X5,6,E01011885,0,3
2024010509950,2024,010509950,1,9,0,18,19,5,1,0,0,1,0,0,0,0,3,1,6,6,1,61,9,2993,2,6,BMW X5,3,E01004720,0,2
2024552400439,2024,552400439,2,9,0,4,4,8,4,0,0,4,0,0,0,0,2,1,6,6,2,65,9,2993,2,10,BMW X5,4,E01020581,0,1
2024052401770,2024,052401770,1,9,0,9,9,2,8,0,0,8,0,0,0,0,1,1,6,6,2,49,8,1995,2,7,BMW X5,10,E01030891,0,5
2024131420883,2024,131420883,2,9,0,-1,19,5,1,-1,0,8,0,0,0,0,1,1,-1,6,3,-1,-1,2993,2,18,BMW X5,-1,-1,0,-1
2024201532070,2024,201532070,2,9,0,-1,19,7,3,-1,5,4,0,0,0,0,0,1,-1,1,1,33,6,2993,2,4,BMW X5,-1,-1,0,-1
2024471424897,2024,471424897,3,9,0,-1,4,0,0,-1,0,0,0,0,0,0,0,1,-1,1,1,40,7,2993,12,3,BMW X5,6,E01021034,0,4
2024351539380,2024,351539380,1,9,0,-1,5,4,8,-1,0,1,0,0,0,0,2,1,-1,9,2,30,6,2993,2,12,BMW X5,3,E01018093,0,1
2024161439160,2024,161439160,3,9,0,-1,19,3,7,-1,0,0,0,0,0,0,0,1,-1,1,1,35,6,2993,12,3,BMW X5,8,E01012962,0,1
2024141499324,2024,141499324,1,9,0,-1,19,3,7,-1,0,4,0,0,0,0,1,1,-1,6,3,-1,-1,2993,2,18,BMW X5,-1,-1,0,-1
2024052400600,2024,052400600,3,9,0,18,19,3,7,0,0,0,0,0,0,0,4,1,1,1,1,44,7,2993,2,7,BMW X5,-1,-1,0,-1
2024122400476,2024,122400476,2,9,0,9,9,5,2,0,0,0,0,0,0,0,1,1,6,6,1,48,8,2993,12,3,BMW X5,3,E01027651,0,1
2024361465400,2024,361465400,1,9,0,-1,19,1,3,-1,0,0,0,10,1,0,3,1,-1,9,1,73,10,2926,2,21,BMW X5,9,E01026543,0,4
2024501507796,2024,501507796,3,9,0,-1,19,5,1,-1,0,1,0,0,0,0,1,1,-1,1,1,36,7,2993,-1,2,BMW X5,6,E01015123,0,1
2024010496440,2024,010496440,1,9,0,3,3,1,5,0,0,1,0,0,0,0,2,1,6,6,1,39,7,4799,1,16,BMW X5,8,E01002946,0,1
2024340WN3702,2024,340WN3702,2,9,0,-1,3,1,5,-1,0,1,0,0,0,0,2,1,-1,6,1,38,7,1995,2,9,BMW X5,9,E01027254,0,1
2024421520959,2024,421520959,1,9,0,-1,13,8,4,-1,0,0,0,0,1,4,1,1,-1,9,1,38,7,2998,8,0,BMW X5,7,E01021902,0,1
2024161432006,2024,161432006,2,9,0,-1,19,3,7,-1,0,8,0,0,0,0,1,1,-1,2,1,56,9,2993,-1,2,BMW X5,10,E01013064,0,3
2024631483918,2024,631483918,1,9,0,-1,14,3,7,-1,0,1,0,0,0,0,4,1,-1,1,2,55,8,2993,2,19,BMW X5,7,W01000578,0,3
2024061495047,2024,061495047,2,9,0,-1,19,1,5,-1,0,1,0,0,7,0,1,1,-1,9,1,68,10,2993,2,17,BMW X5,8,E01005776,0,1
2024010540887,2024,010540887,2,9,0,2,2,0,0,0,0,2,0,0,0,0,0,1,6,6,3,-1,-1,2998,1,5,BMW X5,-1,-1,0,-1
2024041417918,2024,041417918,2,9,0,-1,19,1,5,-1,0,1,0,0,0,0,2,1,-1,9,1,52,8,2993,2,17,BMW X5,4,E01012693,0,1
2024010491151,2024,010491151,1,9,0,9,9,5,3,0,0,1,1,0,0,0,1,1,6,6,1,32,6,2993,2,20,BMW X5,4,E01029102,0,5
2024141519805,2024,141519805,1,9,0,-1,9,7,3,-1,0,0,1,6,0,0,1,1,-1,1,1,44,7,2993,2,4,BMW X5,1,E01007902,0,2
2024351435511,2024,351435511,2,9,0,-1,5,7,3,-1,0,4,0,0,0,0,3,1,-1,6,1,81,11,2993,2,9,BMW X5,6,E01018165,0,3
202454A720524,2024,54A720524,1,9,0,18,19,1,5,0,0,1,0,0,0,0,1,1,6,6,3,-1,-1,2993,2,19,BMW X5,-1,-1,0,-1
2024451465583,2024,451465583,1,9,0,-1,19,1,5,-1,0,0,0,0,8,7,1,1,-1,2,1,43,7,2998,8,2,BMW X5,8,E01022780,0,4
2024131466188,2024,131466188,1,9,0,-1,9,1,3,-1,0,1,0,0,0,0,1,1,-1,6,-1,-1,-1,2993,2,4,BMW X5,-1,-1,0,-1
2024311518194,2024,311518194,1,9,0,-1,20,8,4,-1,0,0,0,0,0,0,1,1,-1,1,1,-1,-1,2993,12,2,BMW X5,5,E01028189,0,3
2024451445256,2024,451445256,3,9,0,-1,4,1,5,-1,-1,0,0,0,0,0,2,1,-1,1,1,38,7,2993,2,6,BMW X5,10,E01030435,0,3
2024131417867,2024,131417867,3,9,0,-1,19,1,5,-1,0,1,0,0,0,0,0,1,-1,1,2,39,7,2993,2,5,BMW X5,6,E01011885,0,3
2024010527588,2024,010527588,3,9,0,18,19,7,3,0,0,8,0,0,0,0,0,1,1,1,1,38,7,2993,2,4,BMW X5,7,E01023492,0,4
2024451425446,2024,451425446,1,9,0,-1,19,3,7,-1,0,0,1,0,1,7,3,1,-1,6,1,28,6,2993,2,5,BMW X5,8,E01016748,0,4
2024549093824,2024,549093824,1,9,0,18,19,7,3,0,0,0,0,0,0,0,1,1,6,6,2,54,8,2993,12,0,BMW X5,-1,-1,0,-1
2024010498889,2024,010498889,1,9,0,18,19,7,3,0,0,0,0,4,0,0,1,1,6,6,2,65,9,2993,-1,1,BMW X5,4,E01000689,0,1
2024161472191,2024,161472191,2,9,0,-1,19,5,3,-1,0,1,0,0,0,0,0,1,-1,1,1,29,6,2993,12,3,BMW X5,10,E01013090,0,2
2024010487919,2024,010487919,5,9,0,18,19,4,8,0,0,7,0,0,1,0,0,1,1,1,1,34,6,2993,12,3,BMW X5,-1,-1,0,-1
2024010523613,2024,010523613,1,9,0,18,19,5,1,0,0,8,0,0,0,0,1,1,6,6,3,34,6,2998,1,5,BMW X5,-1,-1,0,-1
2024010504788,2024,010504788,2,9,0,9,9,2,7,0,0,2,0,0,0,0,3,1,6,6,1,49,8,2993,-1,2,BMW X5,8,E01002366,0,1
2024531422218,2024,531422218,2,9,0,-1,19,5,1,-1,0,0,0,0,0,0,1,1,-1,9,1,42,7,2993,2,5,BMW X5,3,E01022457,0,1
2024141536419,2024,141536419,2,9,0,-1,19,3,7,-1,0,0,0,0,0,0,1,1,-1,9,1,41,7,2993,2,8,BMW X5,-1,-1,0,-1
2024010501726,2024,010501726,1,9,0,18,19,5,1,0,0,0,0,0,0,0,2,1,6,6,1,47,8,2998,8,3,BMW X5,10,E01021751,0,2
2024131402046,2024,131402046,1,9,0,-1,19,5,2,-1,0,0,0,0,0,0,0,1,-1,1,1,35,6,2993,12,2,BMW X5,-1,-1,0,-1
2024131509466,2024,131509466,1,9,0,-1,4,3,7,-1,0,0,0,0,0,0,2,1,-1,6,1,-1,-1,2993,2,19,BMW X5,-1,-1,0,-1
2024421451632,2024,421451632,1,9,0,-1,19,6,8,-1,0,1,0,4,0,0,1,1,-1,9,1,53,8,2926,2,21,BMW X5,9,E01021371,0,1
2024411449831,2024,411449831,2,9,-1,-1,-1,-1,-1,-1,-1,-1,-1,-1,-1,0,-1,9,-1,6,2,50,8,2993,2,7,BMW X5,3,E01023326,0,3
2024411469237,2024,411469237,1,9,0,-1,19,5,1,-1,0,1,0,0,0,0,1,1,-1,9,1,34,6,2993,2,16,BMW X5,7,E01023492,0,1
2024471460672,2024,471460672,2,9,0,-1,19,6,2,-1,0,0,0,0,0,0,0,1,-1,1,1,27,6,2993,2,3,BMW X5,6,E01021034,0,3
2024041525172,2024,041525172,2,9,0,-1,19,7,3,-1,0,0,0,0,0,0,2,1,-1,9,1,50,8,2993,12,0,BMW X5,4,E01025212,0,1
2024311431453,2024,311431453,3,9,0,-1,2,5,1,-1,0,0,0,0,0,0,3,9,-1,6,1,71,10,2993,12,2,BMW X5,9,E01028351,0,3
2024501461776,2024,501461776,1,9,0,-1,19,1,5,-1,0,1,0,0,0,0,1,1,-1,1,1,41,7,2993,-1,2,BMW X5,4,E01018876,0,3
2024471466484,2024,471466484,1,9,0,-1,5,1,5,-1,9,0,0,0,0,0,0,9,-1,6,1,52,8,2993,2,4,BMW X5,8,E01001925,0,4
2024061505751,2024,061505751,1,9,0,-1,19,7,3,-1,0,1,0,10,0,0,1,1,-1,9,1,30,6,2993,12,1,BMW X5,-1,-1,0,-1
2024201456353,2024,201456353,2,9,0,-1,10,7,5,-1,0,8,0,0,0,0,1,9,-1,1,2,48,8,2998,8,3,BMW X5,8,E01010151,0,1
2024061483513,2024,061483513,2,9,0,-1,9,1,5,-1,0,2,0,0,0,0,1,1,-1,1,1,40,7,2993,12,3,BMW X5,-1,-1,0,-1
2024131460538,2024,131460538,3,9,0,-1,19,6,2,-1,0,2,0,0,0,0,0,1,-1,1,1,-1,-1,2993,2,6,BMW X5,6,E01011885,0,1
2024552401057,2024,552401057,2,9,0,18,19,6,2,0,0,0,0,0,0,0,1,1,6,6,1,52,8,2993,2,13,BMW X5,4,E01020571,0,4
2024061530994,2024,061530994,3,9,0,-1,5,7,3,-1,0,5,0,0,0,0,0,1,-1,1,1,28,6,2998,8,1,BMW X5,5,E01008139,0,4
2024041486512,2024,041486512,1,9,0,-1,11,7,3,-1,0,0,1,10,0,0,1,1,-1,9,1,49,8,4395,1,9,BMW X5,1,E01025229,0,2
2024461523707,2024,461523707,2,9,0,-1,19,7,3,-1,0,2,0,0,0,0,4,1,-1,6,1,31,6,2998,8,0,BMW X5,4,E01035314,0,2
2024010529601,2024,010529601,2,9,0,13,13,5,1,0,0,1,0,0,0,0,0,1,6,6,1,33,6,2993,12,2,BMW X5,-1,-1,0,-1
2024052402459,2024,052402459,1,9,0,18,19,1,5,0,0,1,0,0,0,0,1,1,1,1,1,-1,-1,2993,2,7,BMW X5,-1,-1,0,-1
2024052402265,2024,052402265,1,9,0,5,5,6,2,0,0,8,0,0,0,0,1,1,6,6,1,34,6,2993,2,4,BMW X5,1,E01006760,0,1
2024111481184,2024,111481184,2,9,0,-1,19,3,7,-1,0,0,0,0,0,0,3,1,-1,6,1,44,7,2993,2,5,BMW X5,-1,-1,0,-1
2024320321382,2024,320321382,1,9,0,-1,-1,3,7,0,0,2,0,0,0,0,1,1,6,6,3,-1,-1,2993,2,19,BMW X5,-1,-1,0,-1
2024010547031,2024,010547031,1,9,0,18,19,3,7,0,0,1,0,0,0,0,1,1,6,6,1,33,6,2993,2,5,BMW X5,-1,-1,0,-1
2024440294773,2024,440294773,2,9,0,18,19,6,2,0,0,0,0,10,0,0,3,1,2,2,1,38,7,2998,8,2,BMW X5,9,E01022593,0,1
2024061428941,2024,061428941,1,9,0,-1,9,4,8,-1,0,5,0,0,0,0,1,1,-1,6,2,38,7,2993,2,12,BMW X5,6,E01005875,0,1
2024351531608,2024,351531608,3,9,0,-1,2,0,0,-1,0,0,0,0,0,0,0,1,-1,6,-1,-1,-1,2993,-1,2,BMW X5,-1,-1,0,-1
2024010545152,2024,010545152,1,9,0,99,99,9,9,99,99,9,9,99,9,99,1,9,6,6,3,40,7,2993,2,7,BMW X5,6,E01032803,0,2
2024061525049,2024,061525049,1,9,0,-1,19,8,5,-1,0,1,0,0,0,0,1,1,-1,9,1,45,7,2993,2,17,BMW X5,1,E01005527,0,1
2024010516798,2024,010516798,3,9,0,18,19,3,7,0,0,0,0,0,0,0,4,1,1,1,1,43,7,2993,12,3,BMW X5,2,E01035694,0,3
2024161444228,2024,161444228,1,9,0,-1,9,5,3,-1,0,0,0,0,0,0,1,1,-1,6,1,56,9,2993,2,15,BMW X5,5,E01012773,0,1
2024010516462,2024,010516462,2,9,0,18,19,7,3,0,0,8,0,0,0,0,1,1,6,6,1,36,7,2993,2,10,BMW X5,2,E01000552,0,1
2024010527380,2024,010527380,3,9,0,18,19,1,5,0,0,1,0,0,0,0,3,1,6,6,1,38,7,2998,8,3,BMW X5,2,E01001458,0,1
2024131452273,2024,131452273,3,9,0,-1,19,7,1,-1,0,8,0,0,0,0,0,1,-1,1,1,-1,-1,2993,12,2,BMW X5,6,E01011885,0,3
2024501458043,2024,501458043,1,9,0,-1,19,2,6,-1,0,0,0,0,0,0,1,1,-1,9,1,47,8,2993,2,19,BMW X5,2,E01020141,0,1
2024991523247,2024,991523247,1,9,0,-1,19,3,7,-1,0,0,0,0,0,0,1,1,-1,9,2,31,6,2993,2,7,BMW X5,6,-1,0,1
202417S107724,2024,17S107724,1,9,0,-1,19,6,2,-1,0,8,0,0,0,0,4,1,-1,1,1,35,6,2993,2,9,BMW X5,-1,-1,0,-1
2024101397993,2024,101397993,2,9,0,-1,9,5,7,-1,0,2,0,0,0,0,1,1,-1,9,1,44,7,4395,1,4,BMW X5,8,E01008370,0,1
2024031517592,2024,031517592,1,9,0,-1,9,1,5,-1,0,0,0,0,0,0,1,1,-1,6,1,58,9,2993,2,14,BMW X5,-1,-1,0,-1
2024010502789,2024,010502789,1,9,0,7,7,2,5,0,0,6,0,0,0,0,3,1,6,6,1,49,8,2998,8,3,BMW X5,8,E01000646,0,1
2024340WN5302,2024,340WN5302,3,9,0,-1,2,0,0,-1,0,8,0,0,0,0,4,1,-1,6,3,-1,-1,2993,2,17,BMW X5,-1,-1,0,-1
2024451526575,2024,451526575,2,9,0,-1,5,3,7,-1,99,1,0,0,0,0,1,1,-1,6,2,58,9,2998,8,3,BMW X5,-1,-1,0,-1
2024631448094,2024,631448094,2,9,0,-1,4,4,8,-1,0,0,0,0,0,0,2,1,-1,6,2,27,6,2993,2,19,BMW X5,4,W01000656,0,4