collision_index,collision_year,collision_ref_no,vehicle_reference,vehicle_type,towing_and_articulation,vehicle_manoeuvre_historic,vehicle_manoeuvre,vehicle_direction_from,vehicle_direction_to,vehicle_location_restricted_lane_historic,vehicle_location_restricted_lane,junction_location,skidding_and_overturning,hit_object_in_carriageway,vehicle_leaving_carriageway,hit_object_off_carriageway,first_point_of_impact,vehicle_left_hand_drive,journey_purpose_of_driver_historic,journey_purpose_of_driver,sex_of_driver,age_of_driver,age_band_of_driver,engine_capacity_cc,propulsion_code,age_of_vehicle,generic_make_model,driver_imd_decile,lsoa_of_driver,escooter_flag,driver_distance_banding
2024501445193,2024,501445193,2,9,0,-1,19,3,7,-1,0,0,0,0,0,0,2,1,-1,9,1,43,7,2993,2,14,BMW X5,5,E01020279,0,3
2024122500129,2024,122500129,2,9,0,18,19,7,5,0,0,3,0,0,0,0,4,1,6,6,2,35,6,2993,2,11,BMW X5,6,E01027790,0,1
2024131468470,2024,131468470,1,9,0,-1,15,3,3,-1,0,0,0,0,4,0,4,1,-1,9,1,37,7,2993,2,4,BMW X5,6,E01011885,0,3
2024201449721,2024,201449721,1,9,0,-1,19,2,6,-1,0,6,1,0,0,0,1,1,-1,6,1,41,7,2993,2,19,BMW X5,-1,-1,0,-1
2024991534620,2024,991534620,2,9,0,-1,19,1,2,-1,0,1,0,0,0,0,2,1,-1,9,1,57,9,2993,2,19,BMW X5,-1,-1,0,-1
2024122400201,2024,122400201,1,9,0,18,19,6,2,0,0,1,0,0,0,0,1,1,6,6,1,70,10,4395,1,2,BMW X5,4,E01027779,0,2
2024010493727,2024,010493727,2,9,0,10,10,5,2,0,0,2,0,0,0,0,1,1,3,7,1,42,7,2998,8,3,BMW X5,8,E01000671,0,1
2024041497749,2024,041497749,1,9,0,-1,19,5,1,-1,0,1,0,0,0,0,1,1,-1,2,1,67,10,2993,12,1,BMW X5,7,E01025251,0,1
2024131482048,2024,131482048,2,9,0,-1,19,1,5,-1,0,8,0,0,0,0,2,1,-1,6,1,37,7,2993,2,7,BMW X5,1,E01033693,0,2
2024010503884,2024,010503884,1,9,0,18,19,5,1,0,0,0,0,0,0,0,1,1,6,6,1,48,8,2993,2,13,BMW X5,4,E01001391,0,2
2024471445986,2024,471445986,1,9,0,-1,19,3,7,-1,0,2,0,0,0,0,1,1,-1,1,1,41,7,4395,1,1,BMW X5,5,E01030531,0,3
2024010487919,2024,010487919,3,9,0,18,19,4,8,0,0,6,0,0,0,0,0,1,1,1,1,36,7,2993,12,3,BMW X5,-1,-1,0,-1
2024010545518,2024,010545518,1,9,0,18,19,1,5,0,0,8,0,0,0,0,1,1,6,6,1,53,8,2993,2,8,BMW X5,5,E01000071,0,1
2024311410995,2024,311410995,1,9,0,-1,4,1,5,-1,0,1,0,0,0,0,1,1,-1,6,1,58,9,2993,2,19,BMW X5,1,E01013825,0,1
2024010519672,2024,010519672,1,9,0,18,19,5,1,0,0,1,1,11,0,0,1,1,6,6,1,33,6,2993,2,5,BMW X5,-1,-1,0,-1
2024461536102,2024,461536102,1,9,0,-1,19,1,5,-1,0,0,0,0,0,0,1,1,-1,9,1,56,9,2998,8,2,BMW X5,3,E01024742,0,3
2024201526906,2024,201526906,2,9,0,-1,19,6,2,-1,0,0,0,0,0,0,2,1,-1,6,1,36,7,2993,2,19,BMW X5,1,E01009083,0,1
2024411416848,2024,411416848,1,9,0,-1,7,3,5,-1,0,6,0,0,0,0,-1,1,-1,6,2,65,9,1995,2,10,BMW X5,3,E01023300,0,1
2024991437571,2024,991437571,1,9,0,-1,7,7,8,-1,0,5,0,0,0,0,4,1,-1,9,1,40,7,2993,2,15,BMW X5,6,-1,0,1
2024471522818,2024,471522818,1,9,0,-1,19,7,3,-1,9,0,0,0,1,0,4,1,-1,6,3,-1,-1,1997,8,7,BMW X5,-1,-1,0,-1
2024061450910,2024,061450910,2,9,0,-1,19,1,5,-1,0,0,0,0,0,0,1,1,-1,8,1,31,6,2998,8,1,BMW X5,2,E01004817,0,1
2024061521352,2024,061521352,1,9,0,-1,19,1,5,-1,0,2,0,0,0,0,1,1,-1,1,1,36,7,2993,2,15,BMW X5,7,E01034663,0,4
2024131421095,2024,131421095,2,9,0,-1,10,1,5,-1,0,0,0,0,0,0,2,1,-1,6,1,44,7,2993,2,17,BMW X5,6,E01035048,0,1
2024141506339,2024,141506339,3,9,0,-1,19,7,3,-1,0,0,0,0,0,0,2,1,-1,9,2,58,9,2926,2,23,BMW X5,7,E01019548,0,4
2024501515044,2024,501515044,2,9,0,-1,19,4,8,-1,0,0,0,4,0,0,1,1,-1,2,1,29,6,2993,2,16,BMW X5,5,E01020195,0,4
2024010549081,2024,010549081,2,9,0,99,99,9,9,99,99,9,9,99,9,99,1,9,6,6,3,-1,-1,2993,2,7,BMW X5,-1,-1,0,-1
2024421409646,2024,421409646,2,9,0,-1,19,7,3,-1,0,0,1,0,0,0,4,1,-1,9,2,45,7,2993,2,6,BMW X5,2,E01024677,0,4
2024421434976,2024,421434976,2,9,0,-1,10,6,3,-1,0,1,0,0,0,0,3,1,-1,6,2,38,7,2993,2,11,BMW X5,7,E01021476,0,1
2024461457700,2024,461457700,1,9,0,-1,19,4,8,-1,0,0,5,11,1,0,1,1,-1,6,2,45,7,2993,2,5,BMW X5,9,E01000444,0,4
2024411454403,2024,411454403,2,9,0,-1,11,5,1,-1,0,3,5,0,4,0,1,1,-1,2,1,32,6,2993,2,12,BMW X5,6,E01023798,0,1
2024131514519,2024,131514519,1,9,0,-1,19,3,7,-1,0,8,0,0,0,0,1,1,-1,9,1,26,6,2993,2,14,BMW X5,1,E01011723,0,1
2024201523990,2024,201523990,2,9,0,-1,3,5,1,-1,0,0,0,0,0,0,2,1,-1,9,2,46,8,2993,2,6,BMW X5,8,E01009466,0,3
2024440504116,2024,440504116,1,9,0,18,19,1,5,0,0,0,0,4,1,10,1,1,6,6,2,65,9,2993,2,18,BMW X5,7,E01017292,0,1
2024010507357,2024,010507357,2,9,0,18,19,7,3,0,0,1,0,0,0,0,0,1,6,6,1,38,7,2993,2,4,BMW X5,-1,-1,0,-1
2024991406598,2024,991406598,1,9,0,-1,19,4,8,-1,0,0,1,0,0,0,1,1,-1,6,1,35,6,4395,1,3,BMW X5,8,-1,0,5
2024610015724,2024,610015724,1,9,0,18,19,6,2,0,0,0,0,0,0,0,4,1,6,6,2,43,7,1995,2,9,BMW X5,9,W01001714,0,4
2024440096555,2024,440096555,2,9,0,4,4,2,6,0,0,0,0,0,0,0,2,1,1,1,2,44,7,2993,2,10,BMW X5,-1,-1,0,-1
2024522403304,2024,522403304,3,9,0,18,19,6,2,0,0,0,0,0,0,0,0,1,6,6,1,-1,-1,2998,8,2,BMW X5,10,E01014793,0,3
2024010518304,2024,010518304,3,9,0,18,19,3,7,0,0,1,0,0,0,0,3,2,6,6,1,47,8,2993,2,9,BMW X5,3,E01035695,0,1
202454D000024,2024,54D000024,2,9,0,10,10,5,3,0,0,1,0,0,0,0,2,1,6,6,1,65,9,2993,2,12,BMW X5,9,E01013293,0,5
2024361428920,2024,361428920,3,9,0,-1,13,3,7,-1,0,0,0,0,0,0,0,9,-1,9,1,49,8,2993,12,3,BMW X5,-1,-1,0,-1
2024451445256,2024,451445256,1,9,0,-1,4,1,5,-1,-1,0,0,0,0,0,1,1,-1,1,1,36,7,2993,2,5,BMW X5,10,E01030435,0,3
2024411522622,2024,411522622,1,9,0,-1,5,6,2,-1,0,5,0,0,7,0,1,1,-1,6,1,29,6,2993,2,5,BMW X5,6,E01033308,0,1
2024311494578,2024,311494578,2,9,0,-1,3,1,5,-1,0,1,0,0,0,0,3,9,-1,6,1,65,9,2993,2,19,BMW X5,6,E01033774,0,1
2024430085633,2024,430085633,1,9,0,18,19,1,5,0,0,0,0,0,0,0,1,1,6,6,1,59,9,2993,2,19,BMW X5,4,E01016474,0,4
2024131406254,2024,131406254,2,9,0,-1,19,7,3,-1,0,0,0,0,0,0,0,1,-1,6,-1,-1,-1,2993,2,6,BMW X5,-1,-1,0,-1
2024061403860,2024,061403860,1,9,0,-1,19,6,2,-1,0,0,2,0,2,4,1,1,-1,9,1,34,6,2993,2,7,BMW X5,1,E01008122,0,4
2024548780224,2024,548780224,2,9,0,3,3,3,7,0,0,0,0,0,0,0,0,1,1,1,1,-1,-1,2993,12,2,BMW X5,-1,-1,0,-1
2024411428345,2024,411428345,1,9,0,-1,19,5,1,-1,0,0,0,0,0,0,2,1,-1,6,1,38,7,2993,2,16,BMW X5,6,E01023598,0,1
2024531513938,2024,531513938,2,5,0,-1,19,3,7,-1,0,1,5,0,0,0,1,1,-1,9,1,59,9,600,1,3,-1,2,E01022284,0,1
2024320440467,2024,320440467,3,4,0,-1,-1,2,8,0,0,1,1,0,0,0,1,1,6,6,1,60,9,600,1,1,-1,-1,-1,0,-1
2024010521398,2024,010521398,1,5,0,99,99,9,9,99,99,9,9,99,9,99,9,1,6,6,1,36,7,600,1,5,-1,9,E01015939,0,3
2024141426471,2024,141426471,1,5,0,-1,19,1,5,-1,0,1,0,10,0,0,3,1,-1,6,1,73,10,600,1,2,-1,1,E01007626,0,1
2024522401480,2024,522401480,2,5,0,18,19,1,6,0,0,8,0,0,0,0,1,1,6,6,1,58,9,1200,1,25,-1,8,E01014821,0,1
2024501423209,2024,501423209,2,5,0,-1,4,6,2,-1,0,0,0,0,0,0,1,1,-1,9,1,66,10,1200,1,24,-1,4,E01018877,0,1
2024211418174,2024,211418174,2,5,0,-1,-1,5,8,-1,-1,0,-1,0,-1,0,1,1,-1,6,1,47,8,1202,1,9,-1,4,E01029851,0,1
2024311428921,2024,311428921,1,5,0,-1,5,1,1,-1,0,0,0,4,0,0,1,1,-1,6,1,61,9,1458,1,21,-1,8,E01028194,0,1
2024471505144,2024,471505144,1,5,0,-1,19,7,3,-1,0,0,1,4,7,0,3,1,-1,6,1,77,11,1200,1,27,-1,3,E01021003,0,1
2024440210031,2024,440210031,1,5,0,14,14,8,4,0,0,0,0,0,0,0,4,1,6,6,1,38,7,1202,1,10,-1,10,E01022605,0,1
2024631478167,2024,631478167,2,4,0,-1,19,2,6,-1,0,0,2,0,0,0,3,1,-1,9,1,80,11,1690,1,9,-1,3,W01000714,0,1
2024211472224,2024,211472224,2,5,0,-1,19,2,6,-1,0,1,0,0,0,0,1,1,-1,6,1,37,7,1690,1,7,-1,-1,-1,0,-1
2024101474034,2024,101474034,2,5,0,-1,19,2,6,-1,0,8,1,0,0,0,1,1,-1,6,1,39,7,883,1,10,-1,3,E01008639,0,1
2024070337121,2024,070337121,1,5,0,18,19,7,3,0,0,1,0,0,0,0,1,1,6,6,1,48,8,998,1,7,HONDA CRF1000D,10,E01035386,0,4
2024010539828,2024,010539828,1,5,0,99,99,9,9,99,99,0,9,99,9,99,1,1,2,2,2,47,8,998,1,4,HONDA CRF1000D,9,E01023461,0,4
2024501498871,2024,501498871,1,5,0,-1,9,3,1,-1,9,1,0,0,1,0,1,1,-1,6,1,74,10,998,1,6,HONDA CRF1000D,7,E01018670,0,5
2024461471156,2024,461471156,2,5,0,-1,99,1,5,-1,0,0,0,0,0,0,2,1,-1,6,1,64,9,998,1,6,HONDA CRF1000D,4,E01035314,0,3
2024421485195,2024,421485195,2,5,0,-1,19,7,3,-1,0,0,0,0,1,0,1,1,-1,9,1,28,6,998,1,4,HONDA CRF1000D,6,E01021399,0,3
2024332400644,2024,332400644,2,5,0,-1,19,1,5,-1,0,8,0,0,0,0,4,1,-1,6,1,29,6,998,1,5,HONDA CRF1000D,4,E01025843,0,1
2024010549648,2024,010549648,1,5,0,18,19,5,1,0,0,8,0,0,0,0,1,1,2,2,1,61,9,998,1,7,HONDA CRF1000D,6,E01033813,0,4
2024451462079,2024,451462079,1,5,0,-1,19,5,1,-1,0,0,0,0,0,0,4,1,-1,2,1,39,7,998,1,5,HONDA CRF1000D,7,E01016569,0,4
2024221424244,2024,221424244,1,5,0,-1,13,6,2,-1,0,0,1,0,1,0,1,1,-1,9,1,65,9,998,1,7,HONDA CRF1000D,9,E01009817,0,4
2024520402451,2024,520402451,2,5,0,18,19,3,7,0,0,8,0,0,0,0,4,1,6,6,1,56,9,998,1,6,HONDA CRF1000D,6,E01029039,0,4
2024451449223,2024,451449223,2,5,0,-1,19,2,6,-1,0,0,5,0,0,0,2,1,-1,9,1,22,5,998,1,6,HONDA CRF1000D,10,E01016672,0,4
2024041437996,2024,041437996,2,5,0,-1,19,5,1,-1,9,0,5,0,0,0,4,1,-1,9,1,69,10,998,1,7,HONDA CRF1000D,7,E01025400,0,2
2024010531418,2024,010531418,1,5,0,99,99,9,9,99,99,9,9,99,9,99,1,1,6,6,1,50,8,998,1,6,HONDA CRF1000D,6,E01016467,0,3
2024401405094,2024,401405094,2,5,0,-1,5,5,1,-1,0,6,0,0,0,0,0,1,-1,2,1,37,7,998,1,5,HONDA CRF1000D,8,E01017669,0,4
2024061458942,2024,061458942,2,5,0,-1,19,5,1,-1,0,0,0,0,0,0,0,1,-1,6,1,38,7,998,1,5,HONDA CRF1000D,1,E01005615,0,1
2024010530377,2024,010530377,1,5,0,18,19,7,3,9,9,1,0,0,0,0,1,1,2,2,1,49,8,644,1,16,-1,3,E01003983,0,1
2024501395345,2024,501395345,2,5,0,-1,19,6,2,-1,0,1,0,0,0,0,1,1,-1,6,1,57,9,690,1,13,-1,9,E01015033,0,1
2024332400279,2024,332400279,2,5,0,-1,19,2,6,-1,0,8,0,0,0,0,1,1,-1,9,1,22,5,690,1,8,-1,6,E01025746,0,1
2024440133521,2024,440133521,2,5,0,18,19,8,4,0,0,1,0,0,0,0,1,1,6,6,1,51,8,690,1,10,-1,10,E01034724,0,1
2024471486882,2024,471486882,1,3,0,-1,19,7,3,-1,0,0,1,0,1,0,4,1,-1,9,1,32,6,125,1,13,-1,3,E01020971,0,2
2024440479969,2024,440479969,1,2,0,4,4,6,2,0,0,1,0,0,0,0,1,1,6,6,1,19,4,125,1,0,-1,8,E01023124,0,1
2024122401214,2024,122401214,1,9,0,13,13,1,5,0,0,0,0,0,0,0,1,1,3,7,1,62,9,2487,8,0,LEXUS NX 350,7,E01012942,0,2
2024302400789,2024,302400789,5,9,0,18,19,7,3,0,0,0,0,0,0,0,1,1,6,6,1,52,8,2487,8,2,LEXUS NX 350,9,E01028421,0,4
2024411497828,2024,411497828,1,9,0,-1,19,4,1,-1,0,1,0,0,0,0,4,1,-1,9,1,87,11,2487,8,1,LEXUS NX 350,9,E01001417,0,1
2024401414480,2024,401414480,2,9,0,-1,19,6,2,-1,0,0,0,0,0,0,1,1,-1,6,1,17,4,2487,8,2,LEXUS NX 350,9,E01033508,0,3
2024010522607,2024,010522607,1,9,0,18,19,7,3,0,0,1,0,0,0,0,1,1,2,2,2,68,10,2487,8,2,LEXUS NX 350,3,E01000800,0,1
2024451416301,2024,451416301,1,9,0,-1,19,3,7,-1,0,1,0,0,0,0,3,1,-1,9,1,78,11,2487,8,0,LEXUS NX 350,10,E01016608,0,3
2024991408951,2024,991408951,1,9,0,-1,9,7,4,-1,0,2,0,0,0,0,1,1,-1,9,1,57,9,2487,8,1,LEXUS NX 350,5,-1,0,1
2024161475384,2024,161475384,1,9,0,-1,19,5,3,-1,0,0,0,0,0,0,1,1,-1,6,1,52,8,2487,8,0,LEXUS NX 350,-1,-1,0,-1
2024010516037,2024,010516037,1,9,0,9,9,6,3,0,0,8,0,0,0,0,1,1,6,6,1,74,10,2487,8,1,LEXUS NX 350,7,E01002617,0,1
2024141474705,2024,141474705,1,9,0,-1,3,5,1,-1,0,0,0,0,0,0,2,1,-1,9,2,37,7,2487,8,1,LEXUS NX 350,7,E01010572,0,4
2024451441955,2024,451441955,2,9,0,-1,19,3,7,-1,0,1,0,0,0,0,4,2,-1,9,1,62,9,2487,8,2,LEXUS NX 350,9,E01030334,0,2
2024461530692,2024,461530692,1,9,0,-1,19,3,7,-1,0,8,0,0,0,0,1,9,-1,6,3,-1,-1,2487,8,1,LEXUS NX 350,-1,-1,0,-1
2024361443763,2024,361443763,1,2,0,-1,4,1,5,-1,0,0,1,0,0,0,3,1,-1,6,1,16,4,50,1,7,-1,5,E01018067,0,1
2024531436698,2024,531436698,2,2,0,-1,19,7,3,-1,0,1,2,0,0,0,1,1,-1,2,1,29,6,50,1,9,-1,2,E01022285,0,1
2024552400655,2024,552400655,1,3,0,4,4,6,2,0,0,0,1,0,0,0,1,1,6,6,1,18,4,-1,-1,-1,-1,4,E01020581,0,2
2024622400602,2024,622400602,1,2,0,18,19,2,6,0,0,0,1,0,7,0,1,1,6,6,1,13,3,49,1,8,-1,3,W01000922,0,1
2024501449921,2024,501449921,2,2,0,-1,3,7,3,-1,0,0,0,0,0,0,1,1,-1,9,1,16,4,50,1,7,-1,5,E01018768,0,1
2024430281319,2024,430281319,2,3,0,7,7,8,4,0,0,5,0,0,0,0,2,1,2,2,2,27,6,125,1,13,-1,4,E01017905,0,1
2024061506594,2024,061506594,2,3,0,-1,19,1,4,-1,0,0,0,0,1,0,1,1,-1,9,1,17,4,-1,-1,-1,-1,1,E01006105,0,1
2024302400598,2024,302400598,1,2,0,18,19,6,2,0,0,3,0,0,0,0,1,1,6,6,2,47,8,50,1,7,-1,1,E01013456,0,3
2024332400968,2024,332400968,2,9,0,-1,4,7,3,-1,0,4,0,0,0,0,1,1,-1,2,1,54,8,1997,1,21,-1,1,-1,0,5
2024010544984,2024,010544984,2,9,9,99,99,9,9,99,99,9,9,99,9,99,9,9,6,6,1,-1,-1,1997,1,17,-1,-1,-1,0,-1
2024201484886,2024,201484886,1,9,0,-1,7,3,4,-1,0,0,0,10,1,2,1,1,-1,6,3,-1,-1,1997,2,16,-1,-1,-1,0,-1
2024471465486,2024,471465486,2,9,0,-1,19,1,5,-1,0,1,0,0,0,0,3,1,-1,9,2,39,7,1997,1,17,-1,1,E01016868,0,2
2024101525486,2024,101525486,1,9,-1,-1,-1,-1,-1,-1,-1,0,-1,-1,-1,0,-1,9,-1,9,1,58,9,1997,2,16,-1,1,E01033547,0,1
2024131402679,2024,131402679,3,9,0,-1,3,3,7,-1,0,0,0,0,0,0,2,1,-1,2,1,55,8,1997,2,14,-1,1,E01011036,0,1
2024010504287,2024,010504287,1,3,0,18,19,3,7,0,0,0,0,0,0,0,0,1,6,6,1,25,5,124,1,21,-1,2,E01033584,0,1
2024131504270,2024,131504270,3,19,0,-1,4,3,7,-1,0,2,0,0,0,0,1,1,-1,1,1,25,5,1461,2,7,RENAULT KANGOO,8,E01027839,0,4
2024440015723,2024,440015723,1,19,0,9,9,6,4,0,0,8,0,0,0,0,0,1,6,6,1,35,6,1461,2,13,RENAULT KANGOO,5,E01017014,0,1
2024501533090,2024,501533090,2,9,0,-1,4,6,2,-1,0,0,0,0,0,0,1,1,-1,9,2,81,11,1149,1,16,RENAULT KANGOO,6,E01018981,0,2
2024161434796,2024,161434796,2,19,0,-1,19,4,8,-1,0,0,0,0,0,0,4,1,-1,6,1,65,9,1461,2,11,RENAULT KANGOO,-1,-1,0,-1
2024461464688,2024,461464688,1,9,0,-1,19,3,7,-1,0,0,5,0,7,0,0,1,-1,6,1,40,7,1598,1,16,RENAULT KANGOO,1,E01024612,0,2
2024122400884,2024,122400884,1,9,0,18,19,3,7,0,0,0,0,0,0,0,1,1,6,6,1,70,10,1598,1,15,RENAULT KANGOO,7,E01027600,0,1
2024061417099,2024,061417099,1,19,0,-1,9,5,3,-1,0,1,0,0,0,0,1,9,-1,6,3,-1,-1,1461,2,12,RENAULT KANGOO,-1,-1,0,-1
2024552401416,2024,552401416,1,19,0,18,19,7,3,0,0,1,0,0,0,0,3,1,6,6,3,-1,-1,1461,2,6,RENAULT KANGOO,-1,-1,0,-1
2024340WN3602,2024,340WN3602,1,9,0,-1,5,4,8,-1,0,4,0,0,0,0,2,1,-1,6,1,71,10,1598,1,17,RENAULT KANGOO,3,E01027175,0,1
2024010505881,2024,010505881,1,19,0,9,9,2,8,0,0,1,0,0,0,0,1,1,1,1,1,60,9,1461,2,6,RENAULT KANGOO,8,E01023415,0,4
2024311432076,2024,311432076,1,9,0,-1,9,7,4,-1,0,6,0,0,0,0,1,1,-1,6,1,71,10,1598,1,20,RENAULT KANGOO,3,E01035500,0,1
2024010540410,2024,010540410,1,9,0,99,99,9,9,99,99,9,0,99,9,99,9,9,2,2,2,56,9,1598,1,14,RENAULT KANGOO,1,E01002095,0,1
2024141405838,2024,141405838,1,9,0,-1,19,3,7,-1,0,0,0,0,0,0,1,1,-1,2,1,28,6,-1,-1,-1,RENAULT KANGOO,5,E01007640,0,2
2024991449590,2024,991449590,1,9,0,-1,19,3,7,-1,0,0,0,0,0,0,1,2,-1,6,1,63,9,-1,-1,-1,RENAULT KANGOO,2,-1,0,3
2024061491920,2024,061491920,1,19,0,-1,9,1,7,-1,0,8,0,0,0,0,-1,9,-1,6,1,-1,-1,1461,2,15,RENAULT KANGOO,-1,-1,0,-1
2024371400805,2024,371400805,1,19,0,-1,19,1,5,-1,0,0,2,0,2,0,1,9,-1,6,1,35,6,1461,2,21,RENAULT KANGOO,4,E01030219,0,1
2024544255224,2024,544255224,1,19,0,12,12,1,5,0,0,0,0,0,0,0,3,1,6,6,1,35,6,1461,2,9,RENAULT KANGOO,5,E01015479,0,2
2024041520390,2024,041520390,1,9,0,-1,5,7,3,-1,0,1,0,0,0,0,4,1,-1,1,1,41,7,-1,-1,-1,RENAULT KANGOO,1,E01012574,0,1
2024201517442,2024,201517442,1,9,0,-1,19,7,3,-1,0,6,0,0,0,0,4,1,-1,6,1,46,8,-1,-1,-1,RENAULT KANGOO,4,E01010480,0,1
2024320497317,2024,320497317,2,19,0,-1,-1,6,2,0,0,8,5,0,7,0,1,1,6,6,1,52,8,1461,2,5,RENAULT KANGOO,1,E01026069,0,4
2024531404839,2024,531404839,2,9,0,-1,4,6,2,-1,0,0,0,0,0,0,2,9,-1,6,2,42,7,1461,2,19,RENAULT KANGOO,1,E01022329,0,1
2024131446387,2024,131446387,1,19,0,-1,9,1,2,-1,0,2,0,0,0,0,1,1,-1,9,1,39,7,1461,2,5,RENAULT KANGOO,1,E01010623,0,1
2024430608810,2024,430608810,2,19,0,3,3,1,5,0,0,0,0,0,0,0,2,1,6,6,1,58,9,1461,2,16,RENAULT KANGOO,9,E01028433,0,4
2024201500975,2024,201500975,1,9,0,-1,12,2,6,-1,0,1,0,0,0,0,3,9,-1,1,1,66,10,1598,1,12,RENAULT KANGOO,1,E01009631,0,1
2024211403447,2024,211403447,1,19,0,-1,19,7,3,-1,0,3,0,0,3,0,4,1,-1,2,2,31,6,1461,2,9,RENAULT KANGOO,5,E01034103,0,1
2024010527637,2024,010527637,1,19,0,4,4,9,9,99,99,5,9,99,9,99,2,9,1,1,1,51,8,-1,3,1,RENAULT KANGOO,2,E01000739,0,2
2024520402638,2024,520402638,3,19,0,18,19,5,1,0,0,1,0,0,0,0,1,1,6,6,2,26,6,1461,2,6,RENAULT KANGOO,10,E01014985,0,4
2024010527662,2024,010527662,1,19,0,99,99,9,9,99,99,9,9,99,9,99,9,9,6,6,1,26,6,1461,2,0,RENAULT KANGOO,2,E01004214,0,1
2024421495607,2024,421495607,1,9,0,-1,5,1,5,-1,0,1,0,0,0,0,1,1,-1,6,1,-1,-1,1598,1,20,RENAULT KANGOO,-1,-1,0,-1
2024311426113,2024,311426113,1,9,0,-1,19,6,2,-1,0,0,5,0,1,4,1,1,-1,6,2,58,9,1598,1,15,RENAULT KANGOO,4,E01027945,0,1
2024131450761,2024,131450761,1,9,0,-1,19,5,1,-1,0,0,0,0,0,0,1,1,-1,6,2,43,7,-1,-1,-1,RENAULT KANGOO,6,E01010909,0,1
2024111503846,2024,111503846,1,19,0,-1,19,2,4,-1,0,0,0,0,0,0,1,1,-1,6,2,30,6,1461,2,8,RENAULT KANGOO,2,E01008690,0,4
2024122401266,2024,122401266,1,19,0,1,1,4,8,0,0,0,0,0,0,0,2,1,1,1,1,59,9,-1,3,2,RENAULT KANGOO,5,E01027778,0,1
2024041437541,2024,041437541,1,9,0,-1,9,7,1,-1,0,0,0,10,0,0,1,1,-1,9,2,71,10,1598,1,14,RENAULT KANGOO,2,E01007349,0,5
2024122400973,2024,122400973,2,9,0,18,19,1,5,0,0,2,0,0,0,0,1,1,6,6,1,65,9,-1,-1,-1,RENAULT KANGOO,3,E01027629,0,3
2024361471223,2024,361471223,2,19,0,-1,19,6,2,-1,0,0,0,0,1,0,2,1,-1,1,2,44,7,1461,2,5,RENAULT KANGOO,7,E01026528,0,2
2024991430626,2024,991430626,2,19,0,-1,19,1,5,-1,0,0,0,0,0,0,1,2,-1,2,1,41,7,1461,2,6,RENAULT KANGOO,7,-1,0,2
2024991512763,2024,991512763,2,9,0,-1,4,2,6,-1,0,0,0,0,0,0,2,1,-1,1,1,55,8,-1,-1,-1,RENAULT KANGOO,6,-1,0,4
2024231504362,2024,231504362,2,19,0,-1,11,6,2,-1,0,0,0,0,0,0,1,1,-1,6,1,24,5,1461,2,16,RENAULT KANGOO,10,E01025741,0,4
2024010542466,2024,010542466,1,9,0,99,99,9,9,99,99,9,9,99,9,99,2,9,2,2,2,37,7,1149,1,16,RENAULT KANGOO,10,E01003461,0,4
2024991515882,2024,991515882,2,19,0,-1,5,5,3,-1,0,8,0,0,0,0,2,1,-1,1,1,52,8,1461,2,6,RENAULT KANGOO,1,-1,0,1
2024440454026,2024,440454026,3,19,0,4,4,2,6,0,0,0,0,0,0,0,1,1,2,2,1,19,4,1461,2,4,RENAULT KANGOO,2,E01017238,0,3
2024471482242,2024,471482242,1,19,0,-1,3,7,3,-1,0,0,0,0,0,0,2,1,-1,6,1,53,8,1461,2,12,RENAULT KANGOO,10,E01035350,0,4
2024501502332,2024,501502332,1,9,0,-1,19,2,6,-1,0,0,0,10,7,4,1,1,-1,9,2,25,5,1149,1,21,RENAULT KANGOO,6,E01020241,0,1
2024010500805,2024,010500805,2,9,9,99,99,9,9,99,99,9,9,99,9,99,9,9,6,6,3,-1,-1,1149,1,21,RENAULT KANGOO,-1,-1,0,-1
2024201533122,2024,201533122,1,9,0,-1,19,1,5,-1,0,8,1,0,0,0,1,1,-1,9,1,51,8,1390,1,24,RENAULT KANGOO,2,E01010419,0,2
2024010498376,2024,010498376,2,19,0,99,99,9,9,99,99,5,9,99,9,99,1,9,6,6,3,-1,-1,1461,2,5,RENAULT KANGOO,-1,-1,0,-1
2024221510191,2024,221510191,1,19,0,-1,19,5,1,-1,0,0,0,0,7,4,1,1,-1,6,1,64,9,1461,2,8,RENAULT KANGOO,5,E01033530,0,1
2024010524529,2024,010524529,1,19,0,1,1,5,1,0,0,1,0,0,0,0,2,2,1,1,1,55,8,1461,2,5,RENAULT KANGOO,7,E01000748,0,4
2024991511608,2024,991511608,2,19,0,-1,10,2,6,-1,0,0,0,0,0,0,2,1,-1,1,1,26,6,1461,2,0,RENAULT KANGOO,3,-1,0,1
2024520402783,2024,520402783,1,9,0,17,19,6,2,0,0,0,1,0,1,3,3,1,6,6,1,23,5,1149,1,16,RENAULT KANGOO,9,E01020092,0,4
2024451488527,2024,451488527,1,19,4,-1,5,3,7,-1,0,0,0,0,0,0,0,1,-1,9,2,56,9,1461,2,8,RENAULT KANGOO,7,E01030423,0,2