collision_index,collision_year,collision_ref_no,vehicle_reference,vehicle_type,towing_and_articulation,vehicle_manoeuvre_historic,vehicle_manoeuvre,vehicle_direction_from,vehicle_direction_to,vehicle_location_restricted_lane_historic,vehicle_location_restricted_lane,junction_location,skidding_and_overturning,hit_object_in_carriageway,vehicle_leaving_carriageway,hit_object_off_carriageway,first_point_of_impact,vehicle_left_hand_drive,journey_purpose_of_driver_historic,journey_purpose_of_driver,sex_of_driver,age_of_driver,age_band_of_driver,engine_capacity_cc,propulsion_code,age_of_vehicle,generic_make_model,driver_imd_decile,lsoa_of_driver,escooter_flag,driver_distance_banding
2024471464315,2024,471464315,2,19,0,-1,19,5,1,-1,0,1,0,0,1,0,1,1,-1,1,1,35,6,1461,2,16,RENAULT KANGOO,8,E01035341,0,1
2024010543368,2024,010543368,1,19,0,2,2,0,0,0,0,0,0,0,0,0,0,1,6,6,3,-1,-1,1461,2,3,RENAULT KANGOO,-1,-1,0,-1
2024010517558,2024,010517558,2,19,0,99,99,9,9,99,99,6,9,99,9,99,9,9,6,6,3,-1,-1,1461,2,19,RENAULT KANGOO,6,E01000430,0,3
2024320087200,2024,320087200,2,9,0,2,2,0,0,0,0,0,0,0,1,2,2,1,1,1,2,47,8,-1,-1,-1,RENAULT KANGOO,-1,-1,0,-1
2024631529816,2024,631529816,1,19,0,-1,19,8,4,-1,0,0,0,0,0,0,1,2,-1,2,1,26,6,1461,2,1,RENAULT KANGOO,9,W01000943,0,4
2024371416312,2024,371416312,2,19,0,-1,19,3,5,-1,0,0,0,0,0,0,1,9,-1,2,1,50,8,1461,2,8,RENAULT KANGOO,3,E01030108,0,1
2024991525599,2024,991525599,2,19,0,-1,2,8,1,-1,0,0,0,0,0,0,2,1,-1,1,1,49,8,1461,2,6,RENAULT KANGOO,9,-1,0,3
2024522401398,2024,522401398,1,19,0,18,19,6,2,0,0,8,0,0,0,0,1,1,6,6,1,22,5,1461,2,1,RENAULT KANGOO,4,E01015007,0,2
2024041451144,2024,041451144,3,19,0,-1,3,3,7,-1,0,0,0,0,0,0,2,1,-1,9,1,49,8,-1,3,1,RENAULT KANGOO,3,E01025308,0,1
2024501443400,2024,501443400,1,19,0,-1,7,2,6,-1,0,6,0,0,0,0,1,1,-1,1,1,19,4,1461,2,1,RENAULT KANGOO,5,E01018900,0,5
2024010506749,2024,010506749,2,19,0,99,99,9,9,99,99,9,9,99,9,99,0,9,6,6,3,-1,-1,1461,2,13,RENAULT KANGOO,5,E01000620,0,1
2024501484221,2024,501484221,1,9,0,-1,19,5,1,-1,0,1,0,0,0,0,4,1,-1,6,1,85,11,1598,1,13,RENAULT KANGOO,2,E01018751,0,1
2024440537806,2024,440537806,2,19,0,18,19,5,1,0,0,8,0,0,0,0,1,1,1,1,1,28,6,-1,3,5,RENAULT KANGOO,2,E01013945,0,5
2024231531110,2024,231531110,1,19,0,-1,19,4,7,-1,0,0,1,10,7,9,1,9,-1,1,2,36,7,1461,2,4,RENAULT KANGOO,2,E01009584,0,3
2024101506825,2024,101506825,2,9,0,-1,4,5,1,-1,0,0,0,0,0,0,2,1,-1,9,2,62,9,1598,1,20,RENAULT KANGOO,3,E01035610,0,2
2024440483009,2024,440483009,1,19,0,18,19,7,3,0,0,1,0,0,0,0,1,1,2,2,1,31,6,1461,2,14,RENAULT KANGOO,3,E01022649,0,2
2024461456170,2024,461456170,2,19,0,-1,4,6,2,-1,0,0,0,0,0,0,2,1,-1,1,1,28,6,1461,2,11,RENAULT KANGOO,6,E01024807,0,3
2024991465444,2024,991465444,2,9,0,-1,13,5,1,-1,0,0,0,11,1,11,1,1,-1,1,1,33,6,-1,-1,-1,RENAULT KANGOO,-1,-1,0,-1
2024221529098,2024,221529098,1,9,0,-1,19,2,6,-1,0,0,0,4,0,0,1,9,-1,6,2,79,11,1461,2,17,RENAULT KANGOO,7,E01029006,0,1
2024141460197,2024,141460197,1,9,0,-1,19,5,1,-1,0,4,0,0,0,0,3,1,-1,6,1,88,11,1149,1,18,RENAULT KANGOO,2,E01007638,0,3
2024211486927,2024,211486927,1,9,0,-1,5,6,3,-1,0,4,0,0,0,0,1,1,-1,9,1,63,9,1461,2,13,RENAULT KANGOO,-1,-1,0,-1
2024320654834,2024,320654834,3,19,0,2,2,0,0,0,0,2,0,0,0,0,2,1,6,6,3,-1,-1,1461,2,0,RENAULT KANGOO,-1,-1,0,-1
2024320464841,2024,320464841,1,19,0,-1,-1,5,1,0,0,1,0,0,0,0,1,1,-1,-1,2,44,7,1461,2,9,RENAULT KANGOO,9,E01026273,0,2
202460Q131101,2024,60Q131101,2,9,0,2,2,0,0,0,0,0,0,0,0,0,1,1,6,6,1,-1,-1,-1,-1,-1,RENAULT KANGOO,-1,-1,0,-1
2024101406095,2024,101406095,1,19,0,-1,9,8,6,-1,0,8,0,0,0,0,1,1,-1,2,1,52,8,-1,3,4,RENAULT KANGOO,3,E01008213,0,1
2024461427930,2024,461427930,3,9,0,-1,19,7,3,-1,0,1,0,0,0,0,2,1,-1,6,2,75,10,1149,1,20,RENAULT KANGOO,6,E01023987,0,1
2024061458431,2024,061458431,2,19,0,-1,2,0,0,-1,9,1,0,0,0,0,1,1,-1,6,-1,-1,-1,1461,2,13,RENAULT KANGOO,-1,-1,0,-1
2024131425996,2024,131425996,2,19,0,-1,19,3,7,-1,0,8,0,0,0,0,1,1,-1,1,2,35,6,1461,2,0,RENAULT KANGOO,4,E01010795,0,2
2024501517750,2024,501517750,1,9,0,-1,14,3,7,-1,0,0,0,4,0,0,1,1,-1,2,2,39,7,1598,1,16,RENAULT KANGOO,4,E01020302,0,4
2024061487399,2024,061487399,1,9,0,-1,8,7,5,-1,0,2,0,0,3,0,1,1,-1,9,1,71,10,1598,1,17,RENAULT KANGOO,1,E01012483,0,2
2024340WN6912,2024,340WN6912,1,9,0,-1,5,5,1,-1,0,8,0,0,0,0,1,1,-1,1,1,55,8,-1,-1,-1,RENAULT KANGOO,2,E01027249,0,3
2024122400411,2024,122400411,2,19,0,10,10,3,7,0,0,0,0,0,0,0,3,1,1,1,1,51,8,1461,2,10,RENAULT KANGOO,10,E01013337,0,2
2024031417266,2024,031417266,2,19,0,-1,19,1,6,-1,0,1,0,0,7,11,1,1,-1,1,2,47,8,1461,2,1,RENAULT KANGOO,7,E01034074,0,3
2024430111171,2024,430111171,4,9,0,2,2,0,0,9,9,2,0,0,0,0,1,1,6,6,1,69,10,1461,2,15,RENAULT KANGOO,4,E01016529,0,1
2024061530440,2024,061530440,1,9,0,-1,1,3,7,-1,0,0,0,0,0,0,2,1,-1,6,1,20,4,-1,-1,-1,RENAULT KANGOO,-1,-1,0,-1
2024131453704,2024,131453704,2,19,0,-1,11,7,3,-1,0,0,0,0,0,0,2,1,-1,2,1,57,9,1461,2,0,RENAULT KANGOO,1,E01006361,0,4
2024320340978,2024,320340978,2,9,0,-1,-1,1,5,0,0,1,0,0,0,0,1,1,6,6,2,40,7,1598,1,13,RENAULT KANGOO,-1,-1,0,-1
2024101452857,2024,101452857,2,19,-1,-1,3,2,6,-1,0,0,0,0,0,0,2,9,-1,1,1,40,7,1461,2,8,RENAULT KANGOO,9,E01008493,0,1
2024991498071,2024,991498071,1,19,0,-1,19,3,7,-1,0,0,2,0,2,4,1,1,-1,9,1,39,7,1461,2,19,RENAULT KANGOO,7,-1,0,2
2024430503170,2024,430503170,1,9,0,4,4,2,6,0,0,1,1,0,8,4,3,1,2,2,1,52,8,-1,-1,-1,RENAULT KANGOO,-1,-1,0,-1
2024010547547,2024,010547547,2,19,0,4,4,6,2,9,9,1,0,11,0,0,3,1,1,1,1,49,8,-1,3,1,RENAULT KANGOO,4,E01003534,0,3
2024231469610,2024,231469610,2,9,0,-1,4,6,3,-1,0,1,0,0,0,0,2,1,-1,9,1,75,10,1461,2,15,RENAULT KANGOO,9,E01031180,0,1
2024371403717,2024,371403717,2,9,0,-1,3,1,1,-1,0,0,0,0,0,0,2,1,-1,9,2,57,9,1390,1,22,RENAULT KANGOO,7,E01030049,0,3
2024471430975,2024,471430975,2,9,0,-1,19,7,3,-1,0,0,0,0,0,0,3,1,-1,9,1,47,8,-1,-1,-1,RENAULT KANGOO,7,E01031438,0,3
2024332401232,2024,332401232,2,19,0,-1,12,3,7,-1,0,3,0,0,0,0,1,1,-1,9,1,59,9,1461,2,9,RENAULT KANGOO,5,E01018851,0,5
2024010508145,2024,010508145,3,9,0,4,4,1,5,0,0,0,0,0,0,0,0,1,6,6,1,20,4,1149,1,15,RENAULT KANGOO,2,E01004574,0,2
2024520500400,2024,520500400,1,19,0,18,19,3,7,0,0,0,0,0,0,0,4,1,6,6,3,-1,-1,1461,2,5,RENAULT KANGOO,-1,-1,0,-1
2024522401666,2024,522401666,1,9,0,18,19,8,4,9,9,1,0,0,1,11,1,1,6,6,1,77,11,1598,1,16,RENAULT KANGOO,1,E01014663,0,1
2024010542211,2024,010542211,1,19,0,3,3,1,5,0,0,1,9,0,0,0,2,1,6,6,1,51,8,-1,3,0,RENAULT KANGOO,6,E01002206,0,2
2024361439788,2024,361439788,1,19,0,-1,19,2,7,-1,0,0,0,4,0,0,1,9,-1,6,1,60,9,1461,2,4,RENAULT KANGOO,5,E01026466,0,1
2024991485365,2024,991485365,1,9,0,-1,5,5,1,-1,0,6,0,0,0,0,1,1,-1,1,2,47,8,-1,-1,-1,RENAULT KANGOO,9,-1,0,2
2024622400468,2024,622400468,1,19,0,18,19,1,4,0,0,0,0,0,0,0,1,1,1,1,1,19,4,-1,3,3,RENAULT KANGOO,4,W01001278,0,4
2024520403175,2024,520403175,2,19,0,18,19,1,2,0,0,0,0,0,0,0,1,1,6,6,1,38,7,1461,2,10,RENAULT KANGOO,10,E01022896,0,5
2024361479352,2024,361479352,1,19,0,-1,19,7,3,-1,0,1,0,0,0,0,1,1,-1,2,1,21,5,1461,2,4,RENAULT KANGOO,6,E01026565,0,1
2024010541409,2024,010541409,2,19,0,99,99,9,9,99,99,9,9,99,9,99,9,9,6,6,1,29,6,1461,2,0,RENAULT KANGOO,2,E01024391,0,4
2024451516997,2024,451516997,2,9,0,-1,19,1,5,-1,0,0,0,0,0,0,1,9,-1,6,1,41,7,-1,-1,-1,RENAULT KANGOO,5,E01002948,0,1
2024131504595,2024,131504595,4,19,0,-1,19,1,5,-1,0,0,1,0,0,0,2,1,-1,1,1,40,7,1461,2,7,RENAULT KANGOO,2,E01012275,0,4
2024440439647,2024,440439647,1,19,0,1,1,6,8,0,0,1,0,0,0,0,2,1,6,6,2,37,7,1461,2,13,RENAULT KANGOO,3,E01017179,0,1
2024548995924,2024,548995924,1,19,0,18,19,2,6,0,0,1,5,0,0,0,3,1,6,6,1,60,9,1461,2,14,RENAULT KANGOO,1,E01015544,0,1
2024401534422,2024,401534422,2,19,-1,-1,-1,-1,-1,-1,-1,-1,-1,-1,-1,0,2,9,-1,9,1,29,6,1461,2,11,RENAULT KANGOO,6,E01017451,0,3
2024031431009,2024,031431009,1,9,0,-1,19,1,1,-1,0,6,1,0,1,0,1,9,-1,6,1,53,8,1461,2,13,RENAULT KANGOO,4,E01019080,0,3
2024991449854,2024,991449854,1,9,0,-1,9,6,4,-1,0,8,0,0,0,0,1,1,-1,1,1,27,6,-1,-1,-1,RENAULT KANGOO,-1,-1,0,-1
2024010547177,2024,010547177,1,19,0,7,7,1,3,0,0,3,0,0,0,0,1,1,1,1,1,22,5,-1,3,1,RENAULT KANGOO,2,E01004286,0,1
2024122401281,2024,122401281,2,9,0,18,19,5,1,0,0,8,0,0,0,0,1,1,6,6,1,83,11,1598,1,12,RENAULT KANGOO,2,E01011533,0,4
2024161510002,2024,161510002,1,19,0,-1,19,3,7,-1,0,0,0,0,0,0,1,1,-1,1,1,55,8,-1,3,3,RENAULT KANGOO,4,E01012820,0,2
2024361437230,2024,361437230,2,19,0,-1,19,6,2,-1,0,1,0,0,0,0,4,1,-1,2,1,-1,-1,1461,2,8,RENAULT KANGOO,1,E01026819,0,1
2024461410354,2024,461410354,1,19,0,-1,19,1,5,-1,0,1,0,4,0,0,1,1,-1,6,1,20,4,1461,2,5,RENAULT KANGOO,7,E01024285,0,1
2024010525090,2024,010525090,1,19,0,9,9,3,1,0,0,8,0,0,0,0,1,1,6,6,1,55,8,1461,2,4,RENAULT KANGOO,6,E01003153,0,1
2024451398754,2024,451398754,1,19,0,-1,9,1,5,-1,0,8,0,0,0,0,1,9,-1,6,1,60,9,1461,2,10,RENAULT KANGOO,9,E01030477,0,1
2024501449216,2024,501449216,2,9,0,-1,19,5,1,-1,0,0,0,0,0,0,1,1,-1,1,2,46,8,-1,-1,-1,RENAULT KANGOO,4,E01020301,0,1
2024631442863,2024,631442863,2,9,0,-1,20,0,0,-1,-1,1,0,0,0,0,2,1,-1,6,2,72,10,1149,1,20,RENAULT KANGOO,6,W01000459,0,2
2024531530942,2024,531530942,2,19,0,-1,19,2,6,-1,0,8,0,0,7,9,4,1,-1,2,1,19,4,1870,2,22,RENAULT KANGOO,7,E01022405,0,4
2024211518438,2024,211518438,1,19,0,-1,2,0,0,-1,0,0,1,0,0,0,2,1,-1,1,1,43,7,1461,2,3,RENAULT KANGOO,-1,-1,0,-1
2024010549667,2024,010549667,2,19,0,99,99,9,9,99,99,9,9,99,9,99,9,9,6,6,3,-1,-1,1461,2,4,RENAULT KANGOO,-1,-1,0,-1
2024552400391,2024,552400391,2,9,0,2,2,0,0,0,0,0,0,0,0,0,3,1,6,6,3,-1,-1,-1,-1,-1,RENAULT KANGOO,-1,-1,0,-1
2024430311681,2024,430311681,1,19,0,14,14,4,3,0,0,5,0,0,0,0,1,1,1,1,1,69,10,-1,3,3,RENAULT KANGOO,9,E01028708,0,2
2024320157510,2024,320157510,1,9,0,9,9,4,2,0,0,6,0,0,0,0,4,1,-1,-1,1,83,11,1598,1,12,RENAULT KANGOO,2,E01026099,0,2
2024440145649,2024,440145649,1,19,0,9,9,8,6,0,0,1,0,0,0,0,1,1,6,6,1,25,5,1461,2,20,RENAULT KANGOO,10,E01022708,0,1
2024371463561,2024,371463561,1,9,0,-1,9,5,2,-1,0,8,0,0,0,0,1,1,-1,6,1,74,10,1598,1,18,RENAULT KANGOO,5,E01030201,0,1
2024221408963,2024,221408963,2,19,0,-1,9,5,3,-1,0,8,0,0,0,0,1,9,-1,9,1,25,5,1461,2,17,RENAULT KANGOO,5,E01034325,0,2
2024631528823,2024,631528823,1,9,0,-1,19,3,7,-1,0,0,0,0,4,6,3,2,-1,2,2,43,7,1598,1,21,RENAULT KANGOO,7,W01000721,0,2
2024320235635,2024,320235635,1,19,0,9,9,6,2,0,0,6,0,0,1,2,1,1,6,6,1,62,9,1461,2,10,RENAULT KANGOO,4,E01026367,0,1
2024201404830,2024,201404830,2,9,0,-1,3,3,7,-1,0,0,0,0,0,0,2,9,-1,1,1,56,9,-1,-1,-1,RENAULT KANGOO,1,E01009299,0,3
2024010493463,2024,010493463,1,19,0,3,3,4,8,0,0,1,0,0,0,0,3,1,1,1,1,23,5,1461,2,3,RENAULT KANGOO,2,E01001364,0,3
2024430152382,2024,430152382,1,19,0,3,3,4,8,0,0,2,0,0,0,0,2,1,1,1,2,59,9,1461,2,5,RENAULT KANGOO,4,E01016437,0,1
2024131496728,2024,131496728,1,19,0,-1,5,5,1,-1,0,1,0,0,0,0,1,1,-1,1,1,27,6,1461,2,10,RENAULT KANGOO,2,E01010776,0,1
2024052401809,2024,052401809,1,19,0,18,19,2,6,0,0,1,0,0,0,0,1,1,6,6,3,-1,-1,1461,2,6,RENAULT KANGOO,-1,-1,0,-1
2024010541668,2024,010541668,1,19,0,18,19,1,5,0,0,8,0,0,0,0,1,1,6,6,3,-1,-1,-1,3,3,RENAULT KANGOO,-1,-1,0,-1
2024010532708,2024,010532708,1,19,0,99,99,9,9,99,99,9,9,99,9,99,9,9,1,1,1,48,8,1461,2,6,RENAULT KANGOO,4,E01000112,0,3
2024010538167,2024,010538167,1,19,0,17,19,1,5,0,0,1,0,0,0,0,2,2,2,2,1,34,6,1461,2,1,RENAULT KANGOO,6,E01034989,0,4
2024320532292,2024,320532292,2,19,0,3,3,2,6,0,0,1,0,0,0,0,2,1,1,1,2,26,6,1461,2,13,RENAULT KANGOO,-1,-1,0,-1
2024131402117,2024,131402117,1,19,0,-1,9,5,3,-1,0,8,0,0,0,0,3,1,-1,6,1,64,9,1333,1,1,RENAULT KANGOO,1,E01011730,0,3
2024421472135,2024,421472135,1,19,0,-1,5,1,5,-1,0,0,0,0,0,0,2,9,-1,1,1,27,6,1461,2,5,RENAULT KANGOO,4,E01016003,0,1
2024631441811,2024,631441811,2,19,0,-1,19,8,4,-1,0,8,0,0,0,0,1,1,-1,1,1,51,8,1461,2,1,RENAULT KANGOO,4,W01000535,0,2
2024547891324,2024,547891324,1,19,0,14,14,6,2,0,0,1,0,0,0,0,1,1,1,1,2,30,6,1461,2,9,RENAULT KANGOO,8,E01034525,0,3
2024010500054,2024,010500054,1,19,0,10,10,1,6,0,0,8,0,0,0,0,1,1,1,1,1,52,8,1149,1,17,RENAULT KANGOO,3,E01003079,0,1
2024451526191,2024,451526191,3,19,0,-1,19,5,1,-1,0,0,0,0,0,0,3,1,-1,1,1,25,5,1461,2,1,RENAULT KANGOO,8,E01021920,0,4
2024201412022,2024,201412022,2,19,0,-1,3,6,2,-1,0,0,0,0,0,0,2,9,-1,6,1,24,5,1461,2,10,RENAULT KANGOO,-1,-1,0,-1
2024010514800,2024,010514800,1,19,0,99,99,9,9,99,99,9,9,99,9,99,1,9,2,2,2,35,6,-1,3,1,RENAULT KANGOO,2,E01003761,0,3
2024061479276,2024,061479276,1,19,0,-1,1,-1,-1,-1,9,9,0,99,0,0,3,1,-1,6,1,-1,-1,1461,2,8,RENAULT KANGOO,-1,-1,0,-1
2024122400355,2024,122400355,1,9,0,18,19,1,5,0,0,0,1,0,0,0,1,1,6,6,2,56,9,1461,2,13,RENAULT KANGOO,10,E01008366,0,5
2024430472382,2024,430472382,2,19,0,3,3,7,3,0,0,0,0,0,0,0,2,1,6,6,1,25,5,1461,2,0,RENAULT KANGOO,4,E01016784,0,1
2024131403443,2024,131403443,1,9,0,-1,19,7,3,-1,0,8,0,0,0,0,1,1,-1,6,1,-1,-1,1461,2,15,RENAULT KANGOO,-1,-1,0,-1
2024631405902,2024,631405902,2,9,0,-1,4,3,7,-1,0,1,0,0,0,0,2,1,-1,6,2,60,9,1598,1,14,RENAULT KANGOO,6,W01000434,0,1
2024631464526,2024,631464526,2,9,0,-1,4,4,8,-1,0,0,0,0,0,0,2,1,-1,6,2,26,6,1586,1,8,SUZUKI VITARA,6,W01000803,0,3
2024361487293,2024,361487293,2,9,0,-1,19,8,4,-1,0,8,0,0,0,0,1,1,-1,6,2,40,7,1586,1,8,SUZUKI VITARA,5,E01026845,0,1
2024361525637,2024,361525637,2,9,0,-1,4,4,8,-1,0,0,0,0,1,0,2,1,-1,6,2,29,6,1373,8,0,SUZUKI VITARA,9,E01026558,0,1
2024041468047,2024,041468047,2,9,0,-1,19,3,8,-1,0,3,0,0,0,0,4,1,-1,9,1,50,8,1586,1,6,SUZUKI VITARA,5,E01006933,0,4
2024221456206,2024,221456206,2,9,0,-1,19,8,5,-1,0,2,0,0,0,0,4,1,-1,9,2,35,6,998,1,5,SUZUKI VITARA,4,E01032355,0,2
2024061520697,2024,061520697,1,9,0,-1,19,2,6,-1,0,0,0,0,0,0,1,1,-1,9,2,51,8,1586,1,8,SUZUKI VITARA,2,E01005982,0,2
2024332401168,2024,332401168,2,9,0,-1,19,1,5,-1,0,8,0,0,0,0,3,1,-1,6,1,60,9,1586,1,9,SUZUKI VITARA,1,E01013692,0,1
2024131400788,2024,131400788,3,9,0,-1,2,0,0,-1,0,8,0,0,0,0,2,1,-1,6,-1,-1,-1,998,1,5,SUZUKI VITARA,-1,-1,0,-1
2024451501716,2024,451501716,1,9,0,-1,1,5,1,-1,0,0,0,0,1,10,2,1,-1,9,2,83,11,1586,1,8,SUZUKI VITARA,10,E01030811,0,1
2024421513539,2024,421513539,1,9,0,-1,9,4,1,-1,0,3,1,10,0,0,1,1,-1,9,2,46,8,1462,8,0,SUZUKI VITARA,2,E01021703,0,1
2024991508679,2024,991508679,2,9,0,-1,19,1,4,-1,0,0,1,0,0,0,1,9,-1,9,1,61,9,1586,1,8,SUZUKI VITARA,1,-1,0,1
2024361452619,2024,361452619,1,9,0,-1,19,5,8,-1,0,8,0,0,0,0,3,1,-1,9,1,76,11,1586,1,8,SUZUKI VITARA,2,E01026753,0,4
2024010542174,2024,010542174,2,9,9,99,99,9,9,99,99,9,9,99,9,99,9,9,6,6,2,42,7,1373,8,3,SUZUKI VITARA,3,E01000385,0,1
2024351529303,2024,351529303,1,9,0,-1,12,7,3,-1,0,0,0,0,1,0,1,1,-1,6,1,58,9,1373,8,3,SUZUKI VITARA,6,E01018020,0,1
2024141466936,2024,141466936,1,9,0,-1,7,3,5,-1,0,1,0,0,0,0,1,1,-1,7,2,27,6,1586,1,7,SUZUKI VITARA,5,E01007558,0,1
2024201489763,2024,201489763,2,9,0,-1,19,4,8,-1,0,8,0,0,0,0,1,9,-1,9,2,34,6,1373,8,1,SUZUKI VITARA,1,E01009304,0,1
2024010530962,2024,010530962,1,9,0,99,99,9,9,99,99,9,9,99,9,99,9,9,6,6,1,50,8,1373,8,2,SUZUKI VITARA,2,E01002092,0,1
2024340NN2432,2024,340NN2432,1,9,0,-1,9,3,1,-1,0,6,0,0,0,0,1,1,-1,6,1,83,11,1598,2,8,SUZUKI VITARA,9,E01025862,0,4
2024010533512,2024,010533512,2,9,0,99,99,9,9,99,99,9,9,99,9,99,1,9,6,6,2,33,6,998,1,5,SUZUKI VITARA,2,E01004382,0,1
2024131412977,2024,131412977,1,9,0,-1,3,4,6,-1,0,0,5,0,0,0,1,1,-1,1,2,56,9,1462,8,1,SUZUKI VITARA,1,E01011721,0,1
2024320480059,2024,320480059,1,9,0,-1,-1,7,3,0,0,1,0,0,0,0,1,1,-1,-1,1,60,9,998,1,6,SUZUKI VITARA,5,E01013180,0,4
2024531401857,2024,531401857,2,9,0,-1,19,5,1,-1,0,0,0,0,0,0,1,1,-1,6,2,57,9,1586,1,6,SUZUKI VITARA,6,E01022263,0,2
2024211472085,2024,211472085,2,9,0,-1,9,6,2,-1,0,0,0,0,0,0,4,1,-1,9,1,87,11,1586,1,6,SUZUKI VITARA,-1,-1,0,-1
2024010546934,2024,010546934,2,9,0,99,99,9,9,99,99,9,9,99,9,99,1,9,6,6,3,-1,-1,998,1,5,SUZUKI VITARA,-1,-1,0,-1
2024471426581,2024,471426581,1,9,0,-1,7,1,7,-1,0,6,0,0,0,0,3,1,-1,9,1,66,10,1373,8,0,SUZUKI VITARA,7,E01031398,0,3
2024311524116,2024,311524116,2,9,0,-1,19,2,6,-1,0,8,0,0,0,0,1,1,-1,6,2,54,8,1373,8,1,SUZUKI VITARA,6,E01028312,0,3
2024302401097,2024,302401097,1,9,0,18,19,1,5,0,0,0,0,0,0,0,1,1,6,6,1,52,8,1586,1,8,SUZUKI VITARA,10,E01007930,0,4
2024221496151,2024,221496151,1,9,0,-1,19,5,1,-1,0,8,0,0,0,0,4,9,-1,1,1,32,6,1373,8,1,SUZUKI VITARA,6,E01032258,0,1
2024430452381,2024,430452381,1,9,0,13,13,8,4,0,0,0,0,0,0,0,1,1,3,7,2,42,7,998,1,5,SUZUKI VITARA,8,E01028808,0,4
2024471471856,2024,471471856,2,9,0,-1,2,0,0,-1,0,1,0,0,0,0,2,1,-1,6,-1,-1,-1,998,1,5,SUZUKI VITARA,-1,-1,0,-1
2024041400035,2024,041400035,2,9,0,-1,2,0,0,-1,0,0,0,0,0,0,2,1,-1,6,-1,-1,-1,1586,1,7,SUZUKI VITARA,-1,-1,0,-1
2024031535410,2024,031535410,1,9,0,-1,-1,-1,-1,-1,-1,1,-1,-1,-1,0,-1,1,-1,9,2,29,6,1373,1,4,SUZUKI VITARA,5,E01014186,0,5
2024161493209,2024,161493209,3,9,0,-1,3,2,6,-1,0,1,0,0,0,0,1,1,-1,9,2,29,6,1586,1,7,SUZUKI VITARA,10,E01012970,0,1
2024531455269,2024,531455269,2,9,0,-1,4,7,3,-1,0,0,0,0,0,0,2,1,-1,9,1,38,7,1586,1,7,SUZUKI VITARA,4,E01022421,0,1
2024531527575,2024,531527575,1,9,0,-1,9,7,5,-1,0,6,0,0,7,0,3,1,-1,9,2,61,9,1586,1,6,SUZUKI VITARA,5,E01032198,0,2
2024401535954,2024,401535954,1,9,0,-1,6,3,7,-1,0,0,0,0,0,0,1,1,-1,6,1,35,6,1586,1,7,SUZUKI VITARA,7,E01033817,0,2
2024231484145,2024,231484145,1,9,0,-1,19,6,2,-1,0,0,1,10,0,0,1,1,-1,9,1,73,10,1373,8,4,SUZUKI VITARA,3,E01031174,0,1
2024991431288,2024,991431288,2,9,0,-1,4,5,1,-1,0,1,0,0,0,0,1,1,-1,9,1,28,6,1373,8,1,SUZUKI VITARA,5,-1,0,1
2024991448743,2024,991448743,1,9,0,-1,19,4,8,-1,0,0,0,0,0,0,3,1,-1,9,1,43,7,1586,1,9,SUZUKI VITARA,7,-1,0,1
2024061512532,2024,061512532,1,8,0,-1,11,1,3,-1,0,0,0,0,0,0,4,1,-1,1,2,-1,-1,1462,8,2,SUZUKI VITARA,-1,-1,0,-1
2024991469440,2024,991469440,1,9,0,-1,19,1,5,-1,0,1,0,0,0,0,1,1,-1,1,2,44,7,1462,8,0,SUZUKI VITARA,5,-1,0,1
2024320728916,2024,320728916,1,9,0,9,9,2,8,0,0,6,0,0,0,0,1,1,-1,-1,2,48,8,1373,8,0,SUZUKI VITARA,4,E01026230,0,1
2024461452047,2024,461452047,3,9,0,-1,2,0,0,-1,0,0,0,0,0,0,1,1,-1,6,-1,-1,-1,1586,1,8,SUZUKI VITARA,-1,-1,0,-1
2024302401608,2024,302401608,2,9,0,9,9,5,3,0,0,8,0,0,0,0,3,1,6,6,2,26,6,1373,8,3,SUZUKI VITARA,1,E01005746,0,2
2024622400569,2024,622400569,1,9,0,18,19,2,6,0,0,4,0,0,0,0,1,1,6,6,2,25,5,998,1,6,SUZUKI VITARA,10,W01001915,0,3
2024471493494,2024,471493494,1,9,0,-1,19,3,7,-1,0,1,0,0,0,0,1,1,-1,7,2,47,8,1373,8,2,SUZUKI VITARA,8,E01016956,0,2
2024010512809,2024,010512809,1,9,0,99,99,9,9,99,99,9,9,99,9,99,1,9,6,6,2,55,8,1373,8,4,SUZUKI VITARA,3,E01001688,0,1
2024141505425,2024,141505425,1,9,0,-1,6,7,7,-1,0,0,0,0,0,0,3,9,-1,6,2,73,10,1373,8,2,SUZUKI VITARA,10,E01007922,0,1
2024070590027,2024,070590027,1,9,0,16,19,2,6,0,0,0,1,0,0,0,1,1,6,6,2,75,10,1373,8,1,SUZUKI VITARA,7,E01028892,0,2
2024401509768,2024,401509768,1,9,0,-1,19,4,1,-1,0,2,0,7,1,0,1,1,-1,6,2,55,8,1373,8,2,SUZUKI VITARA,8,E01034414,0,1
2024411551141,2024,411551141,1,9,0,-1,9,5,1,-1,0,8,0,0,0,0,1,1,-1,7,2,56,9,1373,8,2,SUZUKI VITARA,8,E01023884,0,1
2024440198813,2024,440198813,1,9,0,18,19,1,5,0,0,1,1,0,7,4,3,1,6,6,2,32,6,1373,8,1,SUZUKI VITARA,8,E01032664,0,1