collision_index,collision_year,collision_ref_no,vehicle_reference,vehicle_type,towing_and_articulation,vehicle_manoeuvre_historic,vehicle_manoeuvre,vehicle_direction_from,vehicle_direction_to,vehicle_location_restricted_lane_historic,vehicle_location_restricted_lane,junction_location,skidding_and_overturning,hit_object_in_carriageway,vehicle_leaving_carriageway,hit_object_off_carriageway,first_point_of_impact,vehicle_left_hand_drive,journey_purpose_of_driver_historic,journey_purpose_of_driver,sex_of_driver,age_of_driver,age_band_of_driver,engine_capacity_cc,propulsion_code,age_of_vehicle,generic_make_model,driver_imd_decile,lsoa_of_driver,escooter_flag,driver_distance_banding
2024141424051,2024,141424051,2,9,0,-1,9,3,1,-1,0,8,2,0,0,0,1,1,-1,6,1,75,10,1373,8,3,SUZUKI VITARA,6,E01011182,0,3
2024302401791,2024,302401791,2,9,0,-1,6,7,7,-1,0,8,0,0,0,0,3,1,-1,6,1,25,5,1586,1,6,SUZUKI VITARA,2,E01019469,0,2
2024991519396,2024,991519396,1,9,0,-1,1,3,7,-1,0,1,0,0,0,0,2,1,-1,9,1,59,9,1586,1,7,SUZUKI VITARA,2,-1,0,1
2024440080227,2024,440080227,1,9,0,2,2,0,0,0,0,0,0,0,0,0,2,1,6,6,3,-1,-1,1373,8,1,SUZUKI VITARA,-1,-1,0,-1
2024101527307,2024,101527307,2,9,0,-1,19,5,1,-1,0,0,0,0,0,0,1,1,-1,6,1,74,10,1586,1,7,SUZUKI VITARA,-1,-1,0,-1
2024161494679,2024,161494679,1,9,0,-1,19,3,7,-1,0,0,0,0,1,0,4,1,-1,9,1,59,9,1586,1,7,SUZUKI VITARA,4,E01013255,0,2
2024211418775,2024,211418775,2,9,0,-1,10,4,2,-1,0,1,0,0,0,0,4,9,-1,6,2,40,7,998,1,5,SUZUKI VITARA,9,E01029469,0,1
2024010525611,2024,010525611,1,9,0,4,4,3,7,0,0,6,0,0,0,0,0,1,6,6,2,32,6,1462,8,0,SUZUKI VITARA,-1,-1,0,-1
2024041493114,2024,041493114,3,9,0,-1,19,7,3,-1,0,0,0,0,0,0,2,1,-1,6,1,31,6,1586,1,6,SUZUKI VITARA,6,E01025222,0,3
2024302400443,2024,302400443,2,9,0,17,19,1,6,0,0,0,0,0,0,0,1,1,2,2,2,33,6,998,1,6,SUZUKI VITARA,4,E01028260,0,2
2024501404612,2024,501404612,1,9,0,-1,19,4,1,-1,0,0,1,0,7,11,3,9,-1,9,2,22,5,1586,1,9,SUZUKI VITARA,6,E01020150,0,1
2024421437180,2024,421437180,1,9,0,-1,10,1,7,-1,0,6,0,0,0,0,1,1,-1,9,2,49,8,1586,1,6,SUZUKI VITARA,9,E01021346,0,1
2024010535899,2024,010535899,2,9,9,99,99,9,9,99,99,6,9,99,9,99,9,9,6,6,3,-1,-1,1462,8,1,SUZUKI VITARA,-1,-1,0,-1
2024501504756,2024,501504756,1,9,0,-1,4,8,4,-1,0,1,0,0,0,0,1,1,-1,6,1,85,11,1462,8,2,SUZUKI VITARA,6,E01019039,0,1
2024451482002,2024,451482002,1,9,0,-1,5,3,7,-1,0,8,0,0,0,0,3,1,-1,9,2,60,9,1586,1,8,SUZUKI VITARA,7,E01030652,0,2
2024991455709,2024,991455709,2,9,0,-1,19,7,4,-1,0,1,0,0,0,0,3,1,-1,2,2,56,9,1373,8,3,SUZUKI VITARA,8,-1,0,3
2024111528619,2024,111528619,2,9,0,-1,19,3,7,-1,0,8,0,0,0,0,4,1,-1,6,1,43,7,1373,1,5,SUZUKI VITARA,6,E01020830,0,1
2024101534449,2024,101534449,2,9,0,-1,2,0,0,-1,0,0,0,0,0,0,2,1,-1,9,2,60,9,1586,1,7,SUZUKI VITARA,7,E01008505,0,1
2024361480852,2024,361480852,1,9,0,-1,19,7,3,-1,0,0,5,4,0,0,1,1,-1,9,1,60,9,1373,8,0,SUZUKI VITARA,9,E01026454,0,4
2024552400260,2024,552400260,1,9,0,18,19,7,3,0,0,0,0,0,0,0,1,1,6,6,1,37,7,1586,1,7,SUZUKI VITARA,6,E01031782,0,5
2024041518885,2024,041518885,2,9,0,-1,2,0,0,-1,0,0,0,0,0,0,3,1,-1,6,-1,-1,-1,1373,8,2,SUZUKI VITARA,-1,-1,0,-1
2024302401144,2024,302401144,1,9,0,16,19,2,6,0,0,0,1,0,7,7,1,1,6,6,2,32,6,1586,1,7,SUZUKI VITARA,8,E01034255,0,1
2024131481207,2024,131481207,2,9,0,-1,3,1,5,-1,0,8,0,0,0,0,2,1,-1,1,1,31,6,1586,1,6,SUZUKI VITARA,3,E01011920,0,1
2024411548574,2024,411548574,1,9,0,-1,9,3,1,-1,0,8,0,0,0,0,1,2,-1,6,1,30,6,1373,1,8,SUZUKI VITARA,3,E01023357,0,1
2024231445559,2024,231445559,2,9,0,-1,5,3,5,-1,0,4,0,0,0,0,2,1,-1,1,2,55,8,1462,8,1,SUZUKI VITARA,6,E01031199,0,4
2024302401303,2024,302401303,1,9,0,9,9,4,1,0,0,1,0,0,0,0,4,1,6,6,1,74,10,998,1,5,SUZUKI VITARA,2,E01019581,0,1
2024481570119,2024,481570119,1,9,0,-1,19,1,5,-1,0,1,0,0,0,0,1,1,-1,9,2,76,11,1462,8,1,SUZUKI VITARA,-1,-1,0,-1
2024161415457,2024,161415457,1,9,0,-1,19,5,1,-1,0,0,5,4,0,0,1,1,-1,6,1,22,5,1373,8,2,SUZUKI VITARA,1,E01013142,0,1
2024501485856,2024,501485856,3,9,0,-1,14,0,0,-1,0,2,0,0,0,0,1,1,-1,6,-1,-1,-1,1373,8,0,SUZUKI VITARA,-1,-1,0,-1
2024320770621,2024,320770621,1,9,0,9,9,2,6,0,0,5,0,0,0,0,1,1,-1,-1,1,66,10,1586,1,6,SUZUKI VITARA,4,E01026067,0,1
2024221410025,2024,221410025,1,9,0,-1,19,5,1,-1,0,1,0,0,0,0,1,1,-1,6,1,94,11,1373,8,3,SUZUKI VITARA,5,E01014063,0,2
2024991547528,2024,991547528,2,9,0,-1,5,7,5,-1,0,1,0,0,0,0,1,9,-1,6,1,77,11,1598,2,8,SUZUKI VITARA,9,-1,0,2
2024010545650,2024,010545650,1,9,0,11,11,7,3,0,0,2,0,0,0,0,2,1,2,2,1,58,9,998,1,5,SUZUKI VITARA,3,E01000094,0,2
2024501501718,2024,501501718,2,9,-1,-1,5,5,1,-1,0,4,0,0,0,0,2,9,-1,6,1,57,9,1586,1,6,SUZUKI VITARA,10,E01019905,0,2
2024221532395,2024,221532395,2,9,0,-1,19,4,7,-1,0,0,0,0,0,0,3,9,-1,6,1,79,11,1586,1,6,SUZUKI VITARA,8,E01032455,0,1
2024531478940,2024,531478940,1,9,0,-1,19,5,1,-1,0,0,0,0,0,0,1,1,-1,6,2,86,11,1373,1,5,SUZUKI VITARA,10,E01022128,0,1
2024320379652,2024,320379652,1,9,0,18,19,8,4,0,0,0,0,4,0,0,4,1,-1,-1,1,77,11,1373,8,3,SUZUKI VITARA,7,E01026013,0,1
2024141422630,2024,141422630,1,9,0,-1,9,1,7,-1,0,8,0,0,0,0,1,1,-1,9,2,39,7,1373,8,1,SUZUKI VITARA,1,E01008076,0,1
2024031439512,2024,031439512,2,9,0,-1,19,6,2,-1,0,1,0,0,0,0,1,1,-1,9,1,74,10,1373,8,4,SUZUKI VITARA,7,E01034072,0,2
2024061401331,2024,061401331,1,9,0,-1,4,-1,-1,-1,0,0,-1,-1,-1,0,0,9,-1,6,3,-1,-1,1586,1,7,SUZUKI VITARA,-1,-1,0,-1
2024221513453,2024,221513453,4,9,0,-1,15,4,8,-1,0,8,0,0,0,0,1,1,-1,6,2,26,6,1373,1,8,SUZUKI VITARA,10,E01033190,0,5
2024010518878,2024,010518878,2,9,0,99,99,9,9,99,99,9,9,99,9,99,1,9,6,6,3,-1,-1,1586,1,7,SUZUKI VITARA,3,E01034191,0,2
2024401502465,2024,401502465,2,9,-1,-1,-1,-1,-1,-1,-1,0,-1,-1,-1,0,2,9,-1,1,2,27,6,1373,8,2,SUZUKI VITARA,1,E01001429,0,4
2024531507711,2024,531507711,1,9,0,-1,19,5,1,-1,0,1,0,0,0,0,1,1,-1,9,2,41,7,1598,2,8,SUZUKI VITARA,5,E01022231,0,1
2024131394475,2024,131394475,1,9,0,-1,19,5,1,-1,0,2,0,0,0,0,1,1,-1,2,1,55,8,1373,8,3,SUZUKI VITARA,7,E01010593,0,2
2024211516874,2024,211516874,2,9,0,-1,19,5,8,-1,0,1,0,0,0,0,1,1,-1,6,1,57,9,1586,1,7,SUZUKI VITARA,5,E01029363,0,1
2024221508716,2024,221508716,2,9,0,-1,9,7,5,-1,0,6,0,0,0,0,3,1,-1,6,2,26,6,1373,8,1,SUZUKI VITARA,3,E01032456,0,1
2024041399603,2024,041399603,2,9,0,-1,19,5,1,-1,0,0,0,0,0,0,1,1,-1,9,2,61,9,1598,2,8,SUZUKI VITARA,1,E01012600,0,1
2024440124599,2024,440124599,1,9,0,9,9,4,2,0,0,6,0,0,0,0,1,1,6,6,2,31,6,1586,1,7,SUZUKI VITARA,-1,-1,0,-1
2024161486469,2024,161486469,1,9,0,-1,19,3,7,-1,0,4,0,0,0,0,3,1,-1,9,2,26,6,1586,1,6,SUZUKI VITARA,1,E01012881,0,4
2024501502937,2024,501502937,1,9,0,-1,19,3,7,-1,0,0,0,0,0,0,0,1,-1,9,2,31,6,1373,1,7,SUZUKI VITARA,6,E01020246,0,2
2024471459247,2024,471459247,2,9,0,-1,3,7,3,-1,0,0,0,0,0,0,2,1,-1,2,2,34,6,998,1,5,SUZUKI VITARA,7,E01021061,0,1
2024531405521,2024,531405521,1,9,0,-1,19,1,5,-1,0,0,0,0,1,4,4,1,-1,6,2,32,6,1586,1,6,SUZUKI VITARA,10,E01035261,0,4
2024211482067,2024,211482067,1,9,0,-1,19,5,1,-1,0,1,0,0,0,0,1,1,-1,6,1,57,9,1373,8,2,SUZUKI VITARA,1,E01034310,0,1
2024401462573,2024,401462573,2,9,0,-1,19,5,1,-1,0,0,0,0,0,0,1,1,-1,9,2,48,8,1373,1,8,SUZUKI VITARA,8,E01017387,0,1
2024471440472,2024,471440472,2,9,0,-1,13,8,4,-1,0,1,0,0,0,0,4,1,-1,6,3,-1,-1,1373,8,0,SUZUKI VITARA,-1,-1,0,-1
2024451460622,2024,451460622,1,9,0,-1,3,3,7,-1,0,0,0,0,0,0,2,1,-1,9,2,37,7,1586,1,7,SUZUKI VITARA,10,E01030408,0,1
2024111398842,2024,111398842,2,9,0,-1,10,1,5,-1,0,1,0,0,0,0,2,1,-1,6,1,27,6,1586,1,6,SUZUKI VITARA,3,E01020669,0,1
2024991524624,2024,991524624,2,9,0,-1,19,6,2,-1,0,8,0,0,0,0,1,1,-1,1,2,49,8,1373,8,0,SUZUKI VITARA,6,-1,0,2
2024421399247,2024,421399247,1,9,0,-1,19,7,1,-1,0,0,0,0,0,0,4,1,-1,6,2,86,11,1373,1,4,SUZUKI VITARA,6,E01021917,0,1
2024010537487,2024,010537487,2,9,0,2,2,0,0,0,0,2,0,0,0,0,2,1,6,6,3,-1,-1,1373,8,3,SUZUKI VITARA,-1,-1,0,-1
2024010531952,2024,010531952,2,9,9,99,99,9,9,99,99,9,9,99,9,99,9,9,6,6,3,-1,-1,1586,1,8,SUZUKI VITARA,-1,-1,0,-1
2024371510744,2024,371510744,2,9,0,-1,19,4,7,-1,0,0,0,0,0,0,0,1,-1,6,2,73,10,1462,8,1,SUZUKI VITARA,6,E01030150,0,1
2024991497672,2024,991497672,2,9,0,-1,19,1,5,-1,1,0,0,0,0,0,1,1,-1,9,1,72,10,1586,1,7,SUZUKI VITARA,-1,-1,0,-1
2024421413961,2024,421413961,2,9,0,-1,19,7,3,-1,0,8,0,0,1,0,1,1,-1,6,1,57,9,1586,1,9,SUZUKI VITARA,-1,-1,0,-1
2024430543088,2024,430543088,1,9,0,5,5,1,5,0,0,4,0,0,0,0,2,1,6,6,1,75,10,1373,8,3,SUZUKI VITARA,5,E01028538,0,1
2024201505928,2024,201505928,1,9,0,-1,19,2,6,-1,0,8,0,0,0,0,1,1,-1,8,1,40,7,1586,1,6,SUZUKI VITARA,2,E01008942,0,1
2024421468472,2024,421468472,1,9,0,-1,1,1,5,-1,9,0,0,0,0,0,3,1,-1,9,1,68,10,1373,8,1,SUZUKI VITARA,4,E01015884,0,2
2024221503015,2024,221503015,1,9,0,-1,19,8,4,-1,0,0,0,0,7,4,1,1,-1,9,1,20,4,998,1,6,SUZUKI VITARA,7,E01014082,0,2
2024991395143,2024,991395143,1,9,0,-1,19,5,1,-1,0,0,0,0,7,11,1,1,-1,9,1,62,9,1373,1,5,SUZUKI VITARA,7,-1,0,4
2024061526307,2024,061526307,2,9,0,-1,19,1,5,-1,0,0,9,4,3,99,4,1,-1,6,2,45,7,1586,1,9,SUZUKI VITARA,-1,-1,0,-1
2024361493193,2024,361493193,1,9,0,-1,19,5,1,-1,0,0,0,0,0,0,4,9,-1,6,2,28,6,1586,1,7,SUZUKI VITARA,5,E01026516,0,1
2024471461588,2024,471461588,1,9,0,-1,2,0,0,-1,0,1,0,0,0,0,3,1,-1,6,2,47,8,1586,1,6,SUZUKI VITARA,4,E01016891,0,1
2024311516566,2024,311516566,1,9,0,-1,9,1,3,-1,0,5,0,0,0,0,4,1,-1,2,1,24,5,1373,8,3,SUZUKI VITARA,9,E01028195,0,1
2024552401514,2024,552401514,2,9,0,3,3,5,1,0,0,4,0,0,0,0,2,1,6,6,2,33,6,1586,1,8,SUZUKI VITARA,8,E01020345,0,2
2024010536008,2024,010536008,1,9,0,4,4,3,7,4,4,2,0,0,0,0,2,1,6,6,2,67,10,1373,8,2,SUZUKI VITARA,-1,-1,0,-1
2024010503625,2024,010503625,2,9,0,14,14,7,3,0,0,0,0,0,0,0,3,1,6,6,2,62,9,1373,8,3,SUZUKI VITARA,10,E01000794,0,1
2024161464516,2024,161464516,1,9,3,-1,19,7,3,-1,0,0,0,0,0,0,2,1,-1,9,1,88,11,1998,2,28,SUZUKI VITARA,2,E01013858,0,5
2024141408485,2024,141408485,1,9,0,-1,19,2,6,-1,0,0,5,0,1,0,1,1,-1,1,1,38,7,1373,8,4,SUZUKI VITARA,1,E01007626,0,1
2024451448417,2024,451448417,2,9,0,-1,19,1,5,-1,0,1,0,0,0,0,1,1,-1,1,1,52,8,1586,1,7,SUZUKI VITARA,5,E01031577,0,2
2024631509272,2024,631509272,1,9,0,-1,19,6,3,-1,0,0,5,6,2,11,4,1,-1,6,2,24,5,1373,8,1,SUZUKI VITARA,5,W01000898,0,4
2024440025659,2024,440025659,4,9,0,10,10,8,6,0,0,0,0,0,0,0,2,1,6,6,1,71,10,1598,2,9,SUZUKI VITARA,4,E01017334,0,2
2024041481194,2024,041481194,2,9,0,-1,2,0,0,-1,0,0,0,0,0,0,1,1,-1,6,-1,-1,-1,1586,1,6,SUZUKI VITARA,-1,-1,0,-1
2024201462655,2024,201462655,2,9,0,-1,19,2,6,-1,0,0,0,0,0,0,1,1,-1,6,2,82,11,1373,1,5,SUZUKI VITARA,6,E01010394,0,1
2024991485998,2024,991485998,1,9,0,-1,5,5,1,-1,0,6,0,10,0,0,1,1,-1,9,2,29,6,1373,1,5,SUZUKI VITARA,8,-1,0,3
2024991421568,2024,991421568,2,9,0,-1,2,5,1,-1,0,2,0,0,0,0,2,1,-1,9,2,33,6,1373,8,3,SUZUKI VITARA,6,-1,0,1
2024221427297,2024,221427297,1,5,0,-1,19,6,2,-1,0,8,1,0,0,0,3,1,-1,9,1,43,7,1462,1,10,-1,3,E01032132,0,1
2024440049764,2024,440049764,1,5,0,18,19,4,8,0,0,0,1,10,1,4,1,1,6,6,1,40,7,1462,1,21,-1,8,E01034545,0,4
2024070013810,2024,070013810,1,3,0,18,19,4,8,0,0,0,0,4,0,0,1,1,6,6,1,17,4,125,1,5,-1,1,E01012453,0,1
2024320708164,2024,320708164,1,3,0,-1,-1,8,4,0,0,0,1,0,1,10,1,1,-1,-1,1,28,6,124,1,13,-1,5,E01017967,0,4
2024531480576,2024,531480576,1,3,0,-1,19,2,6,-1,0,0,0,0,0,0,3,1,-1,9,1,18,4,125,1,8,-1,6,E01032353,0,2
2024351421054,2024,351421054,2,3,0,-1,19,5,1,-1,0,1,0,0,0,0,1,1,-1,6,1,20,4,125,1,10,-1,5,E01035531,0,1
2024371483708,2024,371483708,1,9,0,-1,12,3,1,-1,0,0,0,0,0,0,2,1,-1,6,1,83,11,1147,1,59,-1,6,E01029945,0,1
2024421514453,2024,421514453,1,3,0,-1,13,1,5,-1,0,1,1,10,0,0,4,1,-1,6,1,32,6,750,1,15,-1,4,E01015927,0,1
2024141524590,2024,141524590,1,5,0,-1,13,4,1,-1,0,1,0,0,0,0,1,1,-1,6,1,34,6,750,1,9,-1,1,E01011138,0,4
2024010533240,2024,010533240,1,5,0,7,7,3,4,0,0,4,0,0,0,0,1,1,6,6,1,28,6,750,1,14,-1,5,E01002744,0,3
2024371445207,2024,371445207,1,5,0,-1,19,3,7,-1,0,0,2,0,7,4,1,1,-1,9,1,39,7,896,1,4,-1,7,E01030069,0,4
2024471463111,2024,471463111,1,5,0,-1,3,3,7,-1,0,0,0,0,0,0,4,1,-1,9,1,24,5,750,1,15,-1,8,E01020948,0,2
2024991399111,2024,991399111,1,5,0,-1,19,2,8,-1,0,0,1,0,0,0,4,1,-1,9,1,42,7,750,1,14,-1,-1,-1,0,-1
2024991533779,2024,991533779,1,9,0,-1,5,7,2,-1,0,0,0,0,0,0,3,1,-1,9,1,69,10,1997,2,10,CITROEN DS5,3,-1,0,1
2024991441324,2024,991441324,1,9,0,-1,19,8,5,-1,0,0,0,0,0,0,1,1,-1,9,1,56,9,1997,2,11,CITROEN DS5,5,-1,0,1
2024131519688,2024,131519688,2,9,0,-1,19,5,1,-1,0,8,0,0,0,0,1,1,-1,9,1,78,11,1997,2,11,CITROEN DS5,10,E01032504,0,1
2024161460665,2024,161460665,1,9,0,-1,19,5,1,-1,0,6,0,11,1,10,1,1,-1,9,2,31,6,1997,2,10,CITROEN DS5,6,E01013125,0,1
2024161403113,2024,161403113,1,9,0,-1,19,3,7,-1,0,0,0,7,0,0,1,1,-1,2,2,50,8,1997,2,11,CITROEN DS5,9,E01034755,0,2
2024548352324,2024,548352324,1,9,0,2,2,0,0,0,0,0,0,0,0,0,3,1,6,6,1,29,6,1997,12,12,CITROEN DS5,5,E01015505,0,1
2024201448959,2024,201448959,2,9,0,-1,5,6,4,-1,0,5,0,0,0,0,1,9,-1,6,1,42,7,1997,2,12,CITROEN DS5,5,E01010306,0,2
2024201447285,2024,201447285,3,9,0,-1,2,0,0,-1,0,0,0,4,0,0,2,1,-1,6,-1,-1,-1,1997,2,10,CITROEN DS5,-1,-1,0,-1
202454B979624,2024,54B979624,1,9,0,18,19,5,1,0,0,0,0,0,0,0,1,1,6,6,1,30,6,1560,2,11,CITROEN DS5,9,E01015504,0,1
2024421480673,2024,421480673,1,9,0,-1,9,1,7,-1,0,8,0,0,0,0,1,1,-1,6,1,65,9,1560,2,10,CITROEN DS5,4,E01021575,0,2
2024211422587,2024,211422587,1,9,0,-1,19,7,3,-1,0,2,0,0,0,0,3,1,-1,2,2,39,7,1997,2,11,CITROEN DS5,-1,-1,0,-1
2024131526974,2024,131526974,2,9,0,-1,2,0,0,-1,0,0,0,0,0,0,2,1,-1,6,-1,-1,-1,1997,12,12,CITROEN DS5,-1,-1,0,-1
2024201431251,2024,201431251,1,9,0,-1,10,4,2,-1,0,1,0,0,0,0,2,1,-1,6,1,51,8,1560,2,10,CITROEN DS5,1,E01009746,0,3
2024371501949,2024,371501949,2,9,0,-1,2,0,0,-1,0,8,0,0,0,0,3,1,-1,9,1,37,7,1997,2,9,CITROEN DS5,6,E01030186,0,2
2024311418072,2024,311418072,1,9,0,-1,15,2,6,-1,0,1,0,0,0,0,3,9,-1,2,1,46,8,1997,2,12,CITROEN DS5,8,E01028118,0,2
2024552401211,2024,552401211,1,9,0,18,19,2,6,0,0,0,0,4,0,0,1,1,6,6,2,81,11,1997,2,12,CITROEN DS5,7,E01020428,0,2
2024622400177,2024,622400177,2,9,0,9,9,8,6,0,0,6,0,0,0,0,1,1,2,2,1,31,6,1997,2,12,CITROEN DS5,2,W01001803,0,1
2024451394615,2024,451394615,2,9,0,-1,2,0,0,-1,0,0,0,0,0,0,3,1,-1,6,-1,40,7,1997,2,9,CITROEN DS5,-1,-1,0,-1
2024010521954,2024,010521954,1,9,0,18,19,5,1,0,0,8,0,0,0,0,4,1,6,6,1,36,7,1997,2,9,CITROEN DS5,6,E01003952,0,1
2024131428659,2024,131428659,1,2,0,-1,19,7,3,-1,0,8,0,0,0,0,1,1,-1,9,1,16,4,49,1,18,-1,2,E01011060,0,1
2024430372731,2024,430372731,1,2,0,18,19,2,6,0,0,6,0,0,0,0,1,1,6,6,1,16,4,49,1,20,-1,4,E01035269,0,1
2024311475264,2024,311475264,2,2,0,-1,19,2,6,-1,0,8,0,0,0,0,1,1,-1,9,1,16,4,49,1,20,-1,1,E01028320,0,1
2024549517824,2024,549517824,1,5,0,5,5,5,1,0,0,4,0,0,0,0,1,1,6,6,1,19,4,583,1,24,-1,6,E01034548,0,1
2024520403212,2024,520403212,1,9,0,16,19,1,5,0,0,0,0,0,7,11,1,1,6,6,1,84,11,1591,1,8,HYUNDAI IX20,6,E01029135,0,1
2024471451025,2024,471451025,2,9,0,-1,19,3,7,-1,0,1,1,0,0,0,4,1,-1,9,2,28,6,1396,1,10,HYUNDAI IX20,5,E01031806,0,1
2024131423973,2024,131423973,1,9,0,-1,19,5,1,-1,0,8,0,0,0,0,3,1,-1,9,1,60,9,1591,1,6,HYUNDAI IX20,9,E01011513,0,1
2024141449974,2024,141449974,1,9,0,-1,19,3,7,-1,0,8,0,0,0,0,4,1,-1,9,2,54,8,1396,1,9,HYUNDAI IX20,2,E01007326,0,1
2024311445331,2024,311445331,1,9,0,-1,19,2,6,-1,0,0,1,7,5,0,1,1,-1,6,1,39,7,1591,1,12,HYUNDAI IX20,6,E01013928,0,1
202417M204824,2024,17M204824,1,9,0,4,4,6,2,0,0,0,0,0,0,0,2,1,6,6,2,41,7,1396,1,13,HYUNDAI IX20,9,E01012297,0,2
2024552401445,2024,552401445,1,9,0,9,9,2,1,0,0,5,0,0,0,0,1,1,6,6,2,84,11,1591,1,11,HYUNDAI IX20,7,E01020357,0,1
2024471521656,2024,471521656,1,9,0,-1,19,3,7,-1,0,1,0,0,0,0,1,1,-1,9,1,88,11,1591,1,5,HYUNDAI IX20,7,E01031399,0,1
2024471534748,2024,471534748,1,9,0,-1,9,7,3,-1,0,5,5,0,0,0,4,1,-1,6,2,84,11,1591,1,13,HYUNDAI IX20,5,E01031786,0,1
2024622500009,2024,622500009,2,9,0,3,3,4,8,0,0,4,0,0,0,0,3,1,6,6,1,62,9,1396,1,11,HYUNDAI IX20,10,W01001894,0,2
2024041492650,2024,041492650,1,9,0,-1,19,7,7,-1,9,2,5,0,0,0,1,1,-1,9,1,70,10,1591,1,10,HYUNDAI IX20,3,E01012740,0,1
2024031470207,2024,031470207,1,9,0,-1,15,4,6,-1,0,0,0,0,0,0,3,1,-1,9,1,63,9,1591,1,5,HYUNDAI IX20,-1,-1,0,-1
2024131527077,2024,131527077,2,9,0,-1,19,1,5,-1,0,8,0,0,0,0,1,1,-1,6,2,77,11,1591,1,10,HYUNDAI IX20,9,E01011377,0,1
2024221527736,2024,221527736,2,9,0,-1,19,4,8,-1,0,0,0,11,0,0,1,9,-1,9,1,75,10,1396,1,11,HYUNDAI IX20,9,E01032451,0,4
2024061490240,2024,061490240,2,9,0,-1,7,-1,-1,-1,0,0,0,99,0,0,0,1,-1,6,2,-1,-1,1591,1,10,HYUNDAI IX20,-1,-1,0,-1
2024320761073,2024,320761073,2,9,0,-1,-1,8,4,0,0,8,0,0,0,0,4,1,6,6,2,25,5,1396,1,7,HYUNDAI IX20,-1,-1,0,-1
2024461563775,2024,461563775,2,9,0,-1,19,2,2,-1,0,1,0,0,0,0,2,1,-1,1,2,58,9,1591,1,9,HYUNDAI IX20,3,E01024392,0,1
2024520403419,2024,520403419,1,9,0,17,19,4,8,0,0,0,0,0,1,4,1,1,6,6,1,91,11,1591,1,5,HYUNDAI IX20,7,E01029147,0,2
2024421397970,2024,421397970,2,9,0,-1,2,0,0,-1,0,0,0,4,1,0,2,1,-1,6,-1,-1,-1,1591,1,5,HYUNDAI IX20,-1,-1,0,-1
2024501481085,2024,501481085,1,9,0,-1,9,6,4,-1,0,6,0,0,0,0,3,1,-1,9,2,35,6,1396,1,13,HYUNDAI IX20,7,E01033294,0,2
2024010497712,2024,010497712,1,9,0,5,5,5,1,0,0,8,0,0,0,0,1,1,6,6,1,37,7,1591,1,10,HYUNDAI IX20,5,E01003740,0,2
2024010501780,2024,010501780,2,9,0,99,99,9,9,99,99,9,9,99,9,99,9,9,6,6,3,-1,-1,1591,1,13,HYUNDAI IX20,-1,-1,0,-1
2024010550292,2024,010550292,2,9,0,9,9,3,2,0,0,2,0,0,0,0,1,1,1,1,1,55,8,1591,1,11,HYUNDAI IX20,4,E01033745,0,2
2024041515880,2024,041515880,2,9,0,-1,19,5,1,-1,0,0,0,0,0,0,1,1,-1,2,2,72,10,1396,1,8,HYUNDAI IX20,7,E01025048,0,4
2024461409146,2024,461409146,3,9,0,-1,2,0,0,-1,9,0,0,4,0,0,2,1,-1,6,2,49,8,1591,1,8,HYUNDAI IX20,-1,-1,0,-1
2024461482869,2024,461482869,1,9,0,-1,19,6,4,-1,0,0,0,0,0,0,1,9,-1,6,2,69,10,1591,1,13,HYUNDAI IX20,7,E01024236,0,1
2024991473032,2024,991473032,1,9,0,-1,9,8,5,-1,0,2,0,0,0,0,1,1,-1,6,1,39,7,1582,2,10,HYUNDAI IX20,2,-1,0,3
2024430347104,2024,430347104,1,9,0,5,5,-1,-1,0,0,0,0,6,0,6,1,1,6,6,1,43,7,1591,1,10,HYUNDAI IX20,-1,-1,0,-1
2024010531450,2024,010531450,1,9,0,18,19,8,4,0,0,0,0,0,0,0,1,1,6,6,2,20,4,1591,1,12,HYUNDAI IX20,2,E01002872,0,1
2024421525629,2024,421525629,2,9,0,-1,19,3,7,-1,0,8,0,0,1,0,1,1,-1,6,1,78,11,1591,1,5,HYUNDAI IX20,9,E01021479,0,2
2024161469811,2024,161469811,1,9,0,-1,8,8,2,-1,4,8,0,0,0,0,3,1,-1,9,2,48,8,1396,1,7,HYUNDAI IX20,7,E01012818,0,1
2024430492835,2024,430492835,1,9,0,18,19,2,6,0,0,4,1,0,0,0,1,1,6,6,1,25,5,1396,2,14,HYUNDAI IX20,2,E01015754,0,4
2024141407863,2024,141407863,1,9,0,-1,8,7,3,-1,0,0,0,0,0,0,2,1,-1,9,1,66,10,1396,1,8,HYUNDAI IX20,4,E01008161,0,3
2024041468695,2024,041468695,2,9,0,-1,19,3,7,-1,0,1,0,0,0,0,3,1,-1,1,2,51,8,1396,1,7,HYUNDAI IX20,3,E01012587,0,1
2024471461723,2024,471461723,2,9,0,-1,19,3,8,-1,0,0,5,0,7,0,3,1,-1,9,2,64,9,1396,1,8,HYUNDAI IX20,2,E01021183,0,1
2024010525879,2024,010525879,2,9,0,99,99,9,9,99,99,9,9,99,9,99,9,9,6,6,3,-1,-1,1591,1,10,HYUNDAI IX20,7,E01024433,0,2
202454A271224,2024,54A271224,1,9,0,18,19,1,5,0,0,1,0,0,0,0,1,1,6,6,1,90,11,1582,2,12,HYUNDAI IX20,7,E01032696,0,3