collision_index,collision_year,collision_ref_no,vehicle_reference,vehicle_type,towing_and_articulation,vehicle_manoeuvre_historic,vehicle_manoeuvre,vehicle_direction_from,vehicle_direction_to,vehicle_location_restricted_lane_historic,vehicle_location_restricted_lane,junction_location,skidding_and_overturning,hit_object_in_carriageway,vehicle_leaving_carriageway,hit_object_off_carriageway,first_point_of_impact,vehicle_left_hand_drive,journey_purpose_of_driver_historic,journey_purpose_of_driver,sex_of_driver,age_of_driver,age_band_of_driver,engine_capacity_cc,propulsion_code,age_of_vehicle,generic_make_model,driver_imd_decile,lsoa_of_driver,escooter_flag,driver_distance_banding
2024501538370,2024,501538370,2,9,0,-1,3,5,1,-1,0,0,0,0,0,0,2,1,-1,6,2,71,10,1591,1,5,HYUNDAI IX20,8,E01020240,0,2
2024991411245,2024,991411245,1,9,0,-1,19,1,5,-1,0,0,0,0,0,0,1,1,-1,9,1,57,9,1396,1,6,HYUNDAI IX20,7,E01011645,0,5
2024430355133,2024,430355133,1,9,0,9,9,5,3,0,0,5,0,0,0,0,1,1,6,6,1,43,7,1591,1,13,HYUNDAI IX20,6,E01016393,0,1
2024531442374,2024,531442374,1,9,0,-1,19,1,5,-1,0,0,0,0,0,0,1,1,-1,6,2,50,8,1591,1,12,HYUNDAI IX20,2,E01022324,0,2
2024201429945,2024,201429945,1,9,0,-1,19,1,8,-1,0,6,0,0,0,0,1,1,-1,6,2,33,6,1396,1,13,HYUNDAI IX20,2,E01009954,0,2
2024552400794,2024,552400794,2,9,0,18,19,3,7,0,0,8,0,0,0,0,1,1,6,6,2,68,10,1582,2,8,HYUNDAI IX20,8,E01015297,0,1
2024070126931,2024,070126931,1,9,0,12,12,7,7,0,0,0,0,0,0,0,0,1,6,6,3,-1,-1,1396,1,9,HYUNDAI IX20,4,E01005910,0,4
2024451409607,2024,451409607,1,9,0,-1,19,3,7,-1,0,0,0,0,0,0,1,1,-1,2,2,65,9,1591,1,9,HYUNDAI IX20,6,E01030336,0,1
2024201531583,2024,201531583,4,9,0,-1,19,2,6,-1,0,0,1,0,0,0,0,1,-1,6,2,34,6,1396,1,9,HYUNDAI IX20,1,E01009498,0,1
2024471415166,2024,471415166,1,9,0,-1,9,1,3,-1,0,2,0,0,0,0,1,9,-1,6,2,34,6,1396,2,14,HYUNDAI IX20,6,E01034816,0,1
2024320736409,2024,320736409,3,9,0,8,8,3,4,0,0,1,0,0,0,0,0,1,6,6,2,77,11,1591,1,5,HYUNDAI IX20,4,E01026016,0,1
2024421533768,2024,421533768,2,9,0,-1,19,7,3,-1,0,4,0,0,0,0,3,1,-1,9,2,45,7,1591,1,7,HYUNDAI IX20,3,E01021490,0,2
2024320431231,2024,320431231,1,9,0,-1,-1,2,6,0,0,0,0,0,0,0,3,1,-1,-1,2,28,6,1396,1,8,HYUNDAI IX20,2,E01026382,0,1
2024070732533,2024,070732533,1,9,0,-1,7,3,5,-1,0,1,0,0,0,0,1,1,-1,9,2,44,7,1591,1,11,HYUNDAI IX20,3,E01003983,0,5
2024231419795,2024,231419795,1,9,0,-1,5,6,2,-1,-1,0,0,0,0,0,4,9,-1,6,1,86,11,1396,1,7,HYUNDAI IX20,3,E01032254,0,1
2024141457323,2024,141457323,1,9,0,-1,19,1,5,-1,0,0,0,0,0,0,1,9,-1,6,1,65,9,1396,1,8,HYUNDAI IX20,10,E01008146,0,2
2024421412232,2024,421412232,1,9,0,-1,19,1,5,-1,0,0,0,0,0,0,3,1,-1,9,2,24,5,1591,1,10,HYUNDAI IX20,3,E01034354,0,1
2024211501524,2024,211501524,1,9,0,-1,19,8,4,-1,0,0,0,0,0,0,1,1,-1,6,3,20,4,1582,2,12,HYUNDAI IX20,-1,-1,0,-1
2024547955524,2024,547955524,1,9,0,18,19,1,5,0,0,8,5,0,0,0,1,1,6,6,2,57,9,1591,1,13,HYUNDAI IX20,4,E01023077,0,4
2024421397340,2024,421397340,2,9,0,-1,19,3,1,-1,0,0,0,0,0,0,1,1,-1,9,2,81,11,1591,1,6,HYUNDAI IX20,6,E01021448,0,2
2024122500447,2024,122500447,1,9,0,18,19,6,2,0,0,1,0,0,0,0,1,1,6,6,1,64,9,1396,1,7,HYUNDAI IX20,5,E01027829,0,3
2024430612841,2024,430612841,1,9,0,9,9,7,5,0,0,5,0,0,0,0,1,1,2,2,1,37,7,1582,2,12,HYUNDAI IX20,9,E01017914,0,1
2024201499680,2024,201499680,2,9,0,-1,19,5,1,-1,0,4,0,0,0,0,1,1,-1,9,2,41,7,1396,1,11,HYUNDAI IX20,3,E01009884,0,2
2024141465420,2024,141465420,1,9,0,-1,9,2,8,-1,0,1,0,0,0,0,1,1,-1,6,1,68,10,1396,1,12,HYUNDAI IX20,3,E01007449,0,1
2024421438419,2024,421438419,2,9,0,-1,3,8,4,-1,0,0,0,0,0,0,2,1,-1,9,1,76,11,1591,1,5,HYUNDAI IX20,7,E01021967,0,1
2024221404037,2024,221404037,1,9,0,-1,19,8,4,-1,0,0,0,0,7,4,1,1,-1,6,2,80,11,1591,1,6,HYUNDAI IX20,7,E01032126,0,4
2024010540179,2024,010540179,1,9,0,18,19,7,3,0,0,1,0,0,0,0,4,1,6,6,2,39,7,1591,1,14,HYUNDAI IX20,2,E01003546,0,2
2024111513848,2024,111513848,1,9,0,-1,19,7,3,-1,0,2,0,0,0,0,3,1,-1,6,1,30,6,1396,2,14,HYUNDAI IX20,1,E01014246,0,5
2024010508032,2024,010508032,1,9,0,99,99,9,9,99,99,9,9,99,9,99,9,9,6,6,2,66,10,1396,1,11,HYUNDAI IX20,6,E01021464,0,4
2024421449006,2024,421449006,1,9,0,-1,9,4,1,-1,0,6,0,0,0,0,1,1,-1,9,2,78,11,1591,1,7,HYUNDAI IX20,4,E01021984,0,1
2024141512091,2024,141512091,1,9,0,-1,9,7,4,-1,0,1,5,0,0,0,4,1,-1,6,1,57,9,1591,1,10,HYUNDAI IX20,1,E01008083,0,3
2024991508821,2024,991508821,2,9,0,-1,11,1,5,-1,0,1,0,0,0,0,0,1,-1,6,2,41,7,1591,1,8,HYUNDAI IX20,9,-1,0,2
2024070941260,2024,070941260,1,9,0,-1,9,3,1,-1,0,8,0,0,0,0,1,1,-1,9,2,19,4,1591,1,5,HYUNDAI IX20,7,E01018448,0,1
2024430265913,2024,430265913,3,9,0,16,19,2,6,0,0,8,0,0,0,0,3,1,6,6,1,56,9,1582,2,12,HYUNDAI IX20,4,E01028471,0,1
2024122400878,2024,122400878,2,4,0,18,19,4,8,0,0,0,0,0,0,0,1,1,6,6,1,29,6,125,1,15,-1,10,E01013351,0,3
2024340NN3522,2024,340NN3522,2,3,0,-1,19,1,5,-1,0,8,1,0,1,0,4,1,-1,9,1,18,4,125,1,11,-1,6,E01027047,0,1
2024501418169,2024,501418169,1,9,0,-1,19,5,1,-1,0,1,0,0,0,0,1,1,-1,9,1,28,6,1582,2,8,KIA CEED,3,E01020293,0,1
2024201481994,2024,201481994,2,9,0,-1,2,0,0,-1,0,0,0,0,0,0,2,9,-1,6,1,39,7,1482,1,1,KIA CEED,5,E01009936,0,1
2024401488923,2024,401488923,2,9,0,-1,-1,-1,-1,-1,-1,0,-1,-1,-1,0,2,9,-1,9,1,47,8,998,1,4,KIA CEED,10,E01007929,0,5
2024201478499,2024,201478499,3,9,0,-1,19,3,7,-1,0,2,0,0,0,0,1,1,-1,6,2,32,6,1582,2,12,KIA CEED,2,E01010535,0,1
2024440191265,2024,440191265,1,9,0,9,9,4,2,0,0,8,0,0,0,0,3,1,6,6,2,72,10,1591,1,14,KIA CEED,1,E01017120,0,1
2024041431984,2024,041431984,1,9,0,-1,6,3,1,-1,0,0,0,0,0,0,1,1,-1,7,2,56,9,1582,2,12,KIA CEED,1,E01025139,0,1
2024320662195,2024,320662195,2,9,0,3,3,4,8,0,0,0,0,0,0,0,1,1,-1,-1,2,24,5,1582,2,6,KIA CEED,4,E01026253,0,4
2024991505132,2024,991505132,1,9,0,-1,5,3,5,-1,0,6,0,0,0,0,2,1,-1,9,2,45,7,998,1,3,KIA CEED,2,-1,0,1
2024010534026,2024,010534026,1,9,0,2,2,0,0,0,0,0,0,0,0,0,2,1,6,6,3,-1,-1,1591,1,12,KIA CEED,-1,-1,0,-1
2024052400354,2024,052400354,1,8,0,18,19,8,4,0,0,2,0,0,0,0,1,1,1,1,1,45,7,1598,2,5,KIA CEED,4,E01006641,0,2
2024991483229,2024,991483229,1,9,0,-1,19,8,4,-1,0,0,5,0,2,0,1,1,-1,9,1,75,10,1582,2,15,KIA CEED,7,-1,0,2
2024991490582,2024,991490582,1,9,0,-1,9,7,1,-1,0,4,0,0,0,0,1,1,-1,6,2,55,8,1582,2,10,KIA CEED,7,-1,0,2
2024461466219,2024,461466219,2,9,0,-1,3,4,6,-1,0,0,0,0,0,0,2,9,-1,9,1,44,7,1582,2,15,KIA CEED,9,E01024057,0,1
2024122500210,2024,122500210,2,9,0,18,19,2,6,0,0,0,0,0,7,0,1,1,6,6,1,79,11,1582,2,8,KIA CEED,6,E01027790,0,3
2024361535668,2024,361535668,2,9,0,-1,19,1,5,-1,0,1,0,0,0,0,1,1,-1,9,2,67,10,1582,2,12,KIA CEED,7,E01018271,0,5
2024221398743,2024,221398743,2,9,0,-1,19,6,2,-1,0,8,0,0,0,0,1,1,-1,2,1,70,10,1591,1,10,KIA CEED,6,E01032372,0,1
2024122400849,2024,122400849,1,9,0,9,9,2,6,0,0,6,1,0,0,0,2,1,6,6,1,77,11,1582,2,7,KIA CEED,9,E01013426,0,1
2024461469612,2024,461469612,2,9,0,-1,2,0,0,-1,0,8,0,0,0,0,2,9,-1,9,2,32,6,1582,2,10,KIA CEED,2,E01024108,0,1
2024061438482,2024,061438482,1,9,0,-1,19,1,5,-1,0,1,0,0,0,0,3,1,-1,9,1,28,6,1482,1,1,KIA CEED,1,E01006334,0,1
2024501409121,2024,501409121,2,9,0,-1,19,7,3,-1,0,8,0,0,0,0,1,1,-1,2,2,50,8,1582,2,17,KIA CEED,2,E01034867,0,1
2024010520788,2024,010520788,1,9,9,99,99,9,9,99,99,9,9,99,9,99,9,9,6,6,3,-1,-1,1396,1,14,KIA CEED,-1,-1,0,-1
2024141430616,2024,141430616,1,9,0,-1,19,5,1,-1,0,1,0,0,7,0,1,1,-1,2,1,22,5,1582,2,9,KIA CEED,8,E01007612,0,2
2024440182606,2024,440182606,1,9,0,17,19,2,7,0,0,0,0,0,0,0,1,1,6,6,1,35,6,1582,2,14,KIA CEED,-1,-1,0,-1
2024122400918,2024,122400918,1,9,0,18,19,6,2,0,0,1,0,0,0,0,1,1,2,2,2,32,6,1582,2,12,KIA CEED,6,E01027873,0,1
2024161488593,2024,161488593,1,9,0,-1,1,7,3,-1,0,2,0,0,0,0,2,1,-1,1,1,63,9,1598,2,5,KIA CEED,8,E01013257,0,1
2024010495066,2024,010495066,1,9,0,99,99,9,9,99,99,9,9,99,9,99,1,9,6,6,1,-1,-1,1582,2,8,KIA CEED,-1,-1,0,-1
2024052401179,2024,052401179,2,9,0,2,2,0,0,0,0,0,0,0,0,0,2,1,6,6,3,-1,-1,998,1,4,KIA CEED,-1,-1,0,-1
2024451528008,2024,451528008,2,9,0,-1,19,1,5,-1,0,0,0,0,0,0,1,9,-1,6,1,20,4,1582,2,7,KIA CEED,10,E01030489,0,1
2024411423066,2024,411423066,1,9,0,-1,3,1,5,-1,0,1,0,0,0,0,1,1,-1,6,1,51,8,1598,2,5,KIA CEED,7,E01023544,0,1
2024141434653,2024,141434653,1,9,0,-1,19,2,6,-1,0,4,0,0,0,0,1,1,-1,6,2,51,8,1582,2,16,KIA CEED,6,E01007724,0,2
2024131398369,2024,131398369,1,9,0,-1,9,1,5,-1,0,1,0,0,0,0,1,1,-1,9,-1,66,10,1582,2,6,KIA CEED,2,E01011017,0,1
2024010537368,2024,010537368,1,9,0,18,19,1,5,0,0,1,0,0,0,0,2,2,6,6,2,51,8,1591,1,13,KIA CEED,5,E01004418,0,1
2024320439352,2024,320439352,2,9,0,9,9,8,7,0,0,5,1,0,7,9,3,1,-1,-1,2,43,7,1591,1,16,KIA CEED,2,E01026700,0,3
2024411509793,2024,411509793,1,9,0,-1,19,1,5,-1,0,1,0,0,0,0,1,1,-1,6,1,36,7,1582,2,8,KIA CEED,5,E01023369,0,1
2024531517861,2024,531517861,1,9,0,-1,19,1,5,-1,0,0,1,0,1,9,1,1,-1,1,2,37,7,1591,1,15,KIA CEED,1,E01034792,0,4
2024311408637,2024,311408637,2,9,0,-1,2,5,1,-1,0,0,0,0,0,0,3,1,-1,6,3,-1,-1,998,1,5,KIA CEED,-1,-1,0,-1
2024991546403,2024,991546403,1,9,0,-1,12,1,5,-1,0,0,1,11,0,0,1,2,-1,9,2,75,10,1396,1,8,KIA CEED,6,-1,0,1
2024461471443,2024,461471443,1,9,0,-1,5,7,3,-1,0,1,0,0,0,0,1,9,-1,6,1,23,5,1598,2,17,KIA CEED,5,E01024495,0,1
2024552401017,2024,552401017,1,9,0,1,1,8,4,0,0,6,0,0,0,0,2,1,6,6,2,38,7,1582,2,8,KIA CEED,8,E01015394,0,1
2024122400531,2024,122400531,2,9,0,18,19,6,2,0,0,1,0,0,0,0,1,1,2,2,1,44,7,1582,2,13,KIA CEED,10,E01013381,0,1
2024311509256,2024,311509256,2,9,0,-1,19,7,2,-1,0,0,0,0,0,0,1,1,-1,6,1,37,7,1591,1,6,KIA CEED,2,E01013499,0,3
2024111405696,2024,111405696,1,8,0,-1,9,3,5,-1,0,8,0,0,0,0,1,1,-1,1,1,42,7,998,1,2,KIA CEED,1,E01020816,0,3
2024552400183,2024,552400183,2,9,0,3,3,5,1,0,0,0,0,0,0,0,2,1,6,6,2,63,9,1582,2,6,KIA CEED,7,E01015418,0,4
2024131495926,2024,131495926,1,9,0,-1,19,1,5,-1,0,0,0,0,0,0,1,1,-1,6,3,-1,-1,1582,2,14,KIA CEED,-1,-1,0,-1
2024010507710,2024,010507710,3,9,0,2,2,0,0,0,0,1,0,0,0,0,2,1,6,6,3,-1,-1,1591,1,16,KIA CEED,-1,-1,0,-1
2024440074237,2024,440074237,2,9,0,18,19,8,4,0,0,0,0,0,0,0,1,1,6,6,1,63,9,1582,2,14,KIA CEED,4,E01017125,0,2
2024522402380,2024,522402380,2,9,0,18,19,6,2,0,0,1,0,0,0,0,1,1,6,6,1,61,9,1582,2,10,KIA CEED,7,E01014900,0,1
2024161479397,2024,161479397,1,9,0,-1,19,1,5,-1,0,8,1,0,0,0,3,1,-1,6,1,41,7,1582,2,11,KIA CEED,8,E01016584,0,5
2024052401021,2024,052401021,2,9,0,18,19,3,7,0,0,0,0,0,1,11,1,1,6,6,1,51,8,1582,2,9,KIA CEED,1,E01034834,0,1
2024991433944,2024,991433944,1,9,0,-1,19,3,8,-1,0,8,0,0,0,0,1,1,-1,9,2,39,7,998,1,4,KIA CEED,1,-1,0,1
2024161467087,2024,161467087,1,9,0,-1,19,7,3,-1,0,1,0,0,0,0,1,1,-1,9,1,29,6,1591,1,14,KIA CEED,1,E01012845,0,1
2024440101835,2024,440101835,2,9,0,9,9,3,8,0,0,6,0,0,0,0,1,1,6,6,1,-1,-1,1582,2,14,KIA CEED,3,E01017078,0,1
2024070849713,2024,070849713,2,9,0,-1,19,3,7,-1,0,8,0,0,0,0,0,1,-1,6,2,45,7,1582,2,11,KIA CEED,8,-1,0,5
2024201548384,2024,201548384,3,9,0,-1,4,4,8,-1,0,0,0,0,0,0,2,1,-1,6,-1,20,4,1580,8,4,KIA CEED,-1,-1,0,-1
2024610010324,2024,610010324,1,9,0,3,3,4,8,0,0,7,0,0,0,0,2,1,6,6,2,39,7,998,1,4,KIA CEED,1,W01001668,0,2
2024531423374,2024,531423374,1,9,0,-1,9,3,7,-1,0,8,0,0,0,0,4,1,-1,2,2,38,7,998,1,5,KIA CEED,10,E01015014,0,4
2024631424657,2024,631424657,3,9,0,-1,2,0,0,-1,9,0,0,0,0,0,4,1,-1,6,-1,-1,-1,1591,1,10,KIA CEED,-1,-1,0,-1
2024520402655,2024,520402655,2,9,0,18,19,5,1,0,0,8,0,0,0,0,1,1,6,6,2,38,7,1582,2,13,KIA CEED,6,E01029161,0,2
2024461521253,2024,461521253,3,9,0,-1,3,3,3,-1,0,1,0,0,0,0,3,2,-1,9,2,45,7,1591,1,12,KIA CEED,8,E01024004,0,1
2024010491621,2024,010491621,1,9,0,17,19,5,1,0,0,0,0,0,0,0,1,1,6,6,1,55,8,1580,8,4,KIA CEED,7,E01002127,0,2
2024010551775,2024,010551775,1,9,0,99,99,9,9,99,99,9,0,99,9,99,9,9,6,6,3,-1,-1,1353,1,6,KIA CEED,-1,-1,0,-1
2024011416663,2024,011416663,2,9,0,-1,-1,7,3,-1,-1,0,0,0,0,0,2,1,-1,-1,2,46,8,1591,1,14,KIA CEED,5,E01023929,0,4
2024221504867,2024,221504867,2,9,0,-1,7,1,3,-1,0,5,0,0,1,0,4,9,-1,6,2,53,8,998,1,3,KIA CEED,10,E01032155,0,2
2024131512604,2024,131512604,1,9,0,-1,11,5,1,-1,0,0,0,0,0,0,4,1,-1,9,1,78,11,1396,1,9,KIA CEED,8,E01011207,0,4
2024451533269,2024,451533269,1,9,0,-1,9,1,7,-1,0,6,0,0,0,0,3,1,-1,9,1,72,10,1396,1,14,KIA CEED,10,E01030355,0,1
2024991454064,2024,991454064,1,9,0,-1,9,4,2,-1,0,5,0,0,0,0,1,1,-1,9,1,42,7,1582,2,6,KIA CEED,9,-1,0,1
2024010515082,2024,010515082,1,9,0,18,19,1,5,0,0,8,0,0,0,0,3,1,6,6,2,47,8,1396,2,8,KIA CEED,-1,-1,0,-1
2024332400623,2024,332400623,3,9,0,-1,19,4,8,-1,0,0,0,0,0,0,2,1,-1,2,1,54,8,1482,1,0,KIA CEED,7,E01025819,0,3
2024320317282,2024,320317282,1,9,0,-1,-1,4,8,0,0,0,0,0,0,0,3,1,1,1,1,37,7,1482,1,0,KIA CEED,3,E01013233,0,4
2024061478793,2024,061478793,1,9,0,-1,19,7,3,-1,0,1,0,0,0,0,1,1,-1,6,2,38,7,1582,2,11,KIA CEED,3,E01006035,0,2
2024461462945,2024,461462945,2,8,0,-1,19,1,5,-1,0,8,0,11,0,0,2,1,-1,1,1,36,7,998,1,3,KIA CEED,7,E01024780,0,3
2024010531218,2024,010531218,1,9,0,18,19,1,5,0,0,1,0,0,0,0,2,1,6,6,1,40,7,1591,1,12,KIA CEED,2,E01001767,0,1
2024122401220,2024,122401220,3,9,0,18,19,1,5,0,0,0,0,0,0,0,1,1,6,6,1,57,9,1582,2,6,KIA CEED,9,E01027794,0,3
2024430244874,2024,430244874,2,9,0,3,3,5,1,0,0,0,0,0,0,0,2,1,6,6,2,63,9,1582,2,12,KIA CEED,5,E01028498,0,2
2024122400967,2024,122400967,3,9,0,18,19,8,4,0,0,1,0,4,0,0,1,1,6,6,1,75,10,1482,1,2,KIA CEED,5,E01020723,0,4
202454A087424,2024,54A087424,1,9,0,18,19,2,6,0,0,1,0,0,0,0,1,1,6,6,1,-1,-1,1582,2,13,KIA CEED,7,E01029162,0,4
2024320588691,2024,320588691,2,9,0,4,4,2,6,0,0,1,0,0,0,0,2,1,-1,-1,2,44,7,1582,2,6,KIA CEED,6,E01026331,0,4
2024371480491,2024,371480491,2,9,0,-1,2,0,0,-1,9,1,0,0,0,0,1,1,-1,9,1,22,5,1582,2,14,KIA CEED,1,E01026598,0,3
2024332400292,2024,332400292,1,9,0,-1,19,3,7,-1,0,8,0,0,0,0,2,1,-1,9,2,26,6,1482,1,1,KIA CEED,4,E01034012,0,1
2024010509849,2024,010509849,2,9,0,99,99,9,9,99,99,9,9,99,9,99,1,9,6,6,3,-1,-1,1591,1,7,KIA CEED,-1,-1,0,-1
2024141503928,2024,141503928,2,9,0,-1,19,5,8,-1,0,1,0,0,0,0,1,9,-1,6,3,-1,-1,1582,2,14,KIA CEED,-1,-1,0,-1
2024501488070,2024,501488070,2,9,0,-1,19,3,7,-1,0,0,0,0,0,0,1,1,-1,2,2,35,6,1396,1,15,KIA CEED,4,E01020307,0,3
2024061442250,2024,061442250,2,9,0,-1,5,3,5,-1,0,0,0,0,0,0,3,1,-1,6,1,-1,-1,1582,2,15,KIA CEED,1,E01005905,0,1
2024052401398,2024,052401398,1,9,0,18,19,3,7,0,0,2,0,0,0,0,1,1,6,6,1,48,8,998,1,5,KIA CEED,3,E01006878,0,1
2024430216650,2024,430216650,1,9,0,18,19,4,8,0,0,1,0,0,0,0,1,1,6,6,1,69,10,1591,1,16,KIA CEED,6,E01023848,0,2
2024211502089,2024,211502089,1,9,0,-1,5,6,2,-1,5,1,0,0,0,0,1,1,-1,9,1,38,7,1582,2,16,KIA CEED,1,E01014217,0,1
2024991439089,2024,991439089,3,9,0,-1,9,1,7,-1,0,1,0,0,0,0,4,1,-1,6,2,25,5,1598,8,3,KIA CEED,10,-1,0,1
2024010535662,2024,010535662,3,9,0,3,3,3,7,0,0,2,0,0,0,0,3,1,1,1,1,42,7,1582,2,8,KIA CEED,3,E01002408,0,1
2024991496762,2024,991496762,1,9,0,-1,19,6,2,-1,0,0,0,0,0,0,3,1,-1,9,2,71,10,1582,2,10,KIA CEED,4,-1,0,1
2024461467650,2024,461467650,1,9,0,-1,19,6,5,-1,0,0,0,0,0,0,4,9,-1,9,2,52,8,1591,1,16,KIA CEED,5,E01032800,0,1
2024311453303,2024,311453303,2,9,0,-1,5,7,3,-1,0,0,0,0,0,0,1,1,-1,6,2,67,10,998,1,4,KIA CEED,9,E01028119,0,1
2024302401602,2024,302401602,2,9,0,4,4,5,8,0,0,1,0,0,0,0,2,1,6,6,2,33,6,1482,1,3,KIA CEED,1,E01019761,0,1
2024351493591,2024,351493591,3,9,0,-1,4,5,1,-1,0,0,0,0,0,0,2,1,-1,6,2,62,9,1582,2,8,KIA CEED,9,E01018199,0,3
2024991484259,2024,991484259,1,9,0,-1,2,1,6,-1,0,0,0,0,1,10,1,1,-1,1,1,68,10,998,1,4,KIA CEED,2,-1,0,1
2024041399451,2024,041399451,1,9,0,-1,9,5,1,-1,0,8,0,0,0,0,1,1,-1,9,2,62,9,1582,2,8,KIA CEED,9,E01025533,0,1
2024221399998,2024,221399998,2,9,0,-1,3,4,8,-1,0,0,0,0,0,0,2,9,-1,6,1,20,4,998,1,2,KIA CEED,6,E01014088,0,1
2024520500220,2024,520500220,1,9,0,18,19,6,1,0,0,0,0,0,0,0,1,1,6,6,1,80,11,1396,1,16,KIA CEED,4,E01029200,0,3
2024421518056,2024,421518056,1,9,0,-1,4,5,1,-1,0,0,0,0,0,0,1,1,-1,6,1,-1,-1,1591,1,10,KIA CEED,-1,-1,0,-1
2024340WN6022,2024,340WN6022,2,9,0,-1,2,0,0,-1,0,0,0,0,0,0,2,1,-1,9,2,17,4,1482,1,0,KIA CEED,5,E01027017,0,2
2024991527997,2024,991527997,2,9,0,-1,9,2,8,-1,0,1,0,0,0,0,1,1,-1,6,1,34,6,1582,2,14,KIA CEED,2,-1,0,1
2024401544249,2024,401544249,2,9,0,-1,4,8,4,-1,0,0,0,0,0,0,2,1,-1,6,2,41,7,1396,1,9,KIA CEED,6,E01016753,0,3
2024141400712,2024,141400712,1,9,0,-1,19,4,8,-1,0,0,0,0,0,0,2,1,-1,9,1,20,4,1598,2,5,KIA CEED,2,E01007855,0,1
2024332400882,2024,332400882,1,9,0,-1,19,3,7,-1,0,0,0,0,7,0,1,1,-1,2,1,56,9,1396,1,17,KIA CEED,8,E01025913,0,2
202417M119024,2024,17M119024,2,9,0,-1,19,7,3,-1,0,0,0,0,0,0,1,1,-1,2,1,-1,-1,1582,2,13,KIA CEED,-1,-1,0,-1
2024231427472,2024,231427472,3,9,0,-1,19,8,4,-1,0,8,1,1,0,0,1,1,-1,1,1,56,9,1482,1,2,KIA CEED,4,E01031060,0,2
2024101443557,2024,101443557,2,9,0,-1,10,5,2,-1,0,8,0,0,0,0,2,1,-1,2,1,38,7,1582,2,7,KIA CEED,5,E01020695,0,4
2024041445267,2024,041445267,5,9,0,-1,4,3,7,-1,0,0,0,0,0,0,2,1,-1,6,2,65,9,1396,2,8,KIA CEED,1,E01025045,0,2
2024041487699,2024,041487699,1,9,0,-1,10,3,5,-1,0,0,0,0,3,0,1,1,-1,9,1,41,7,1396,1,16,KIA CEED,1,E01012737,0,1
2024131534944,2024,131534944,2,9,0,-1,19,7,1,-1,0,1,0,0,0,0,1,1,-1,6,2,44,7,1582,2,10,KIA CEED,6,E01010588,0,1
2024311429797,2024,311429797,2,9,0,-1,2,0,0,-1,-1,0,0,4,0,0,3,1,-1,6,-1,-1,-1,998,1,3,KIA CEED,-1,-1,0,-1
2024471491152,2024,471491152,2,9,0,-1,9,6,4,-1,0,8,0,0,0,0,4,1,-1,9,1,28,6,1591,1,9,KIA CEED,4,E01031441,0,2
2024991433514,2024,991433514,1,9,0,-1,9,1,6,-1,0,1,0,0,1,0,1,1,-1,6,1,19,4,1582,2,9,KIA CEED,7,-1,0,2
2024531500466,2024,531500466,1,9,0,-1,19,6,1,-1,0,8,0,0,0,0,3,1,-1,9,1,58,9,1582,2,15,KIA CEED,3,E01022132,0,1
2024991501440,2024,991501440,2,9,0,-1,4,1,5,-1,0,1,0,0,0,0,2,1,-1,9,1,31,6,1598,2,6,KIA CEED,5,-1,0,2
2024201448252,2024,201448252,1,9,0,-1,19,2,6,-1,0,1,0,0,0,0,3,1,-1,6,1,34,6,998,1,8,KIA CEED,7,E01009737,0,2
2024991403112,2024,991403112,2,9,0,-1,19,7,3,-1,0,0,0,0,0,0,1,1,-1,2,2,52,8,1582,2,7,KIA CEED,10,-1,0,2
2024610054624,2024,610054624,4,9,0,2,2,0,0,0,0,0,0,0,0,0,2,1,6,6,2,50,8,1396,1,12,KIA CEED,5,W01001373,0,1
2024201514053,2024,201514053,1,9,0,-1,9,4,2,-1,0,3,0,0,0,0,1,1,-1,9,1,30,6,1582,2,16,KIA CEED,-1,-1,0,-1
2024991426217,2024,991426217,2,9,0,-1,19,2,6,-1,0,1,0,0,0,0,1,1,-1,6,1,48,8,1582,2,8,KIA CEED,-1,-1,0,-1
202460Q188034,2024,60Q188034,1,8,0,5,5,3,7,0,0,0,0,0,0,0,4,1,6,6,1,-1,-1,1598,8,3,KIA CEED,-1,-1,0,-1
2024052402129,2024,052402129,1,9,0,18,19,2,6,0,0,0,0,0,7,0,1,1,6,6,1,27,6,998,1,4,KIA CEED,2,E01006329,0,4
2024631405146,2024,631405146,2,9,0,-1,19,2,7,-1,0,0,0,0,0,0,3,1,-1,1,1,64,9,1582,2,8,KIA CEED,3,W01001923,0,4
2024201492900,2024,201492900,2,9,0,-1,7,2,4,-1,0,4,0,0,0,0,3,1,-1,6,1,29,6,1598,2,5,KIA CEED,1,E01006760,0,5
2024111449241,2024,111449241,1,9,0,-1,19,7,3,-1,0,8,0,0,0,0,1,1,-1,6,2,28,6,1582,2,15,KIA CEED,5,E01012363,0,1
2024461485643,2024,461485643,2,9,0,-1,3,1,4,-1,0,0,0,0,0,0,2,1,-1,6,2,33,6,1396,1,12,KIA CEED,10,E01000793,0,3
2024371436272,2024,371436272,1,9,0,-1,19,5,1,-1,0,1,0,0,0,0,4,1,-1,6,1,30,6,1396,1,15,KIA CEED,-1,-1,0,-1
2024440529007,2024,440529007,1,9,0,18,19,7,3,0,0,0,0,0,0,0,3,1,6,6,1,-1,-1,1396,2,11,KIA CEED,-1,-1,0,-1
2024471436550,2024,471436550,1,9,0,-1,9,2,8,-1,0,8,0,0,0,0,1,1,-1,2,1,33,6,1582,2,11,KIA CEED,3,E01024795,0,3