collision_index,collision_year,collision_ref_no,vehicle_reference,vehicle_type,towing_and_articulation,vehicle_manoeuvre_historic,vehicle_manoeuvre,vehicle_direction_from,vehicle_direction_to,vehicle_location_restricted_lane_historic,vehicle_location_restricted_lane,junction_location,skidding_and_overturning,hit_object_in_carriageway,vehicle_leaving_carriageway,hit_object_off_carriageway,first_point_of_impact,vehicle_left_hand_drive,journey_purpose_of_driver_historic,journey_purpose_of_driver,sex_of_driver,age_of_driver,age_band_of_driver,engine_capacity_cc,propulsion_code,age_of_vehicle,generic_make_model,driver_imd_decile,lsoa_of_driver,escooter_flag,driver_distance_banding
2024111500293,2024,111500293,2,9,0,-1,19,1,5,-1,0,1,1,10,7,0,4,1,-1,1,1,23,5,1582,2,16,KIA CEED,4,E01020812,0,1
2024991462248,2024,991462248,1,9,0,-1,19,7,3,-1,0,0,0,0,0,0,1,1,-1,6,1,63,9,1582,2,9,KIA CEED,-1,-1,0,-1
2024610040224,2024,610040224,1,9,0,3,3,8,4,0,0,0,0,0,0,0,2,1,6,6,2,22,5,1482,1,1,KIA CEED,9,W01001340,0,1
2024052400314,2024,052400314,1,9,0,18,19,5,2,0,0,1,0,0,0,0,1,1,6,6,2,22,5,1582,2,12,KIA CEED,1,E01024875,0,4
2024361467437,2024,361467437,1,9,0,-1,19,8,5,-1,0,0,1,0,1,4,4,1,-1,9,1,75,10,1582,2,14,KIA CEED,8,E01026450,0,2
202454B162024,2024,54B162024,2,9,0,18,19,1,5,0,0,1,0,0,0,0,1,1,6,6,2,47,8,1582,2,14,KIA CEED,8,E01034535,0,1
2024041421989,2024,041421989,1,9,0,-1,19,3,7,-1,0,0,0,0,0,0,2,1,-1,7,2,38,7,1582,2,11,KIA CEED,8,E01012583,0,1
2024010542338,2024,010542338,1,9,0,99,99,9,9,99,99,9,9,99,9,99,9,9,6,6,1,40,7,1591,1,11,KIA CEED,3,E01000226,0,1
2024010502434,2024,010502434,1,9,0,10,10,4,1,0,0,0,0,0,0,0,3,1,6,6,1,25,5,1591,1,16,KIA CEED,8,E01030900,0,4
2024520402975,2024,520402975,1,9,0,4,4,8,4,0,0,3,0,0,0,0,2,1,6,6,2,72,10,1582,2,13,KIA CEED,4,E01035120,0,1
2024440274113,2024,440274113,1,9,0,3,3,3,7,0,0,8,0,0,0,0,2,1,2,2,1,30,6,1582,2,15,KIA CEED,-1,-1,0,-1
202417S309624,2024,17S309624,1,9,0,-1,7,6,1,-1,0,4,0,0,0,0,1,1,-1,6,1,-1,-1,1582,2,12,KIA CEED,-1,-1,0,-1
2024471401394,2024,471401394,1,9,0,-1,3,8,-1,-1,0,0,0,0,0,0,1,9,-1,6,1,44,7,1591,1,14,KIA CEED,3,E01016879,0,1
2024010504788,2024,010504788,1,9,0,18,19,5,1,0,0,2,0,0,0,0,1,1,6,6,2,42,7,1591,1,11,KIA CEED,8,E01002367,0,1
2024440271109,2024,440271109,2,9,0,9,9,4,2,0,0,6,0,0,0,0,1,1,6,6,2,-1,-1,1591,1,7,KIA CEED,-1,-1,0,-1
2024061495919,2024,061495919,4,9,0,-1,5,6,2,-1,0,0,0,0,0,0,2,1,-1,9,1,55,8,1582,2,8,KIA CEED,1,E01005756,0,1
2024211407833,2024,211407833,2,9,0,-1,19,2,7,-1,0,8,0,0,0,0,4,9,-1,9,1,46,8,1482,1,1,KIA CEED,5,E01034103,0,1
2024111419644,2024,111419644,2,9,0,-1,19,4,8,-1,0,0,0,0,0,0,1,1,-1,6,2,36,7,1582,2,13,KIA CEED,3,E01020811,0,1
2024351424536,2024,351424536,2,9,0,-1,4,7,1,-1,0,1,0,0,0,0,2,1,-1,9,1,44,7,1582,2,12,KIA CEED,7,E01018057,0,1
2024031493966,2024,031493966,1,9,0,-1,19,7,3,-1,0,0,0,0,0,0,1,1,-1,2,1,49,8,1582,2,9,KIA CEED,1,E01004879,0,4
2024070982147,2024,070982147,1,9,0,-1,19,1,5,-1,0,2,0,0,0,0,1,-1,-1,6,1,53,8,1396,2,7,KIA CEED,2,E01029763,0,2
2024061433225,2024,061433225,1,9,0,-1,19,1,5,-1,0,1,0,0,0,0,2,1,-1,6,1,49,8,1582,2,13,KIA CEED,1,E01005376,0,1
2024340NN0732,2024,340NN0732,1,9,0,-1,14,1,5,-1,0,0,0,4,0,0,4,1,-1,9,1,85,11,1582,2,11,KIA CEED,4,E01027091,0,1
2024451416385,2024,451416385,2,9,0,-1,19,5,1,-1,0,0,1,0,7,0,4,1,-1,2,2,27,6,1396,1,14,KIA CEED,10,E01030958,0,1
2024031497985,2024,031497985,1,9,0,-1,9,7,3,-1,0,8,0,0,0,0,4,1,-1,7,2,38,7,1353,1,6,KIA CEED,10,E01019368,0,1
2024010495114,2024,010495114,1,9,0,18,19,3,7,0,0,2,0,10,0,0,3,1,6,6,1,26,6,1591,1,10,KIA CEED,6,E01003741,0,1
2024131499166,2024,131499166,2,9,0,-1,14,8,4,-1,0,0,0,0,0,0,3,1,-1,9,2,40,7,998,1,2,KIA CEED,5,E01010857,0,2
2024302400520,2024,302400520,1,9,0,9,9,1,7,0,0,8,0,0,0,0,1,1,6,6,2,41,7,998,1,6,KIA CEED,2,E01032879,0,5
2024201518154,2024,201518154,2,9,0,-1,19,1,3,-1,0,0,0,0,0,0,3,9,-1,6,1,37,7,1582,2,6,KIA CEED,2,E01033642,0,1
2024010502785,2024,010502785,2,9,9,99,99,9,9,99,99,9,9,99,9,99,9,9,6,6,2,38,7,1582,2,8,KIA CEED,3,E01003973,0,1
2024320537384,2024,320537384,3,9,0,8,8,8,4,0,0,1,0,0,0,0,1,1,-1,-1,1,40,7,1591,1,12,KIA CEED,10,E01026324,0,1
2024101536304,2024,101536304,1,9,0,-1,5,8,4,-1,0,8,0,0,0,0,1,1,-1,6,1,55,8,1582,2,14,KIA CEED,3,E01008639,0,1
2024211517969,2024,211517969,1,9,0,-1,5,7,3,-1,9,0,0,0,0,0,2,1,-1,1,2,56,9,1582,2,9,KIA CEED,9,E01029799,0,2
2024010529206,2024,010529206,1,9,0,9,9,7,6,0,0,1,0,0,0,0,1,1,6,6,1,28,6,1591,1,13,KIA CEED,8,E01000123,0,2
2024061413026,2024,061413026,1,9,0,-1,19,5,1,-1,0,1,0,0,0,0,4,1,-1,9,2,66,10,1582,2,9,KIA CEED,-1,-1,0,-1
2024461438418,2024,461438418,2,9,0,-1,2,0,0,-1,0,0,0,4,0,0,2,1,-1,6,-1,-1,-1,1482,1,0,KIA CEED,-1,-1,0,-1
2024991421517,2024,991421517,1,9,0,-1,19,2,6,-1,0,2,0,0,0,0,4,1,-1,6,1,47,8,1591,1,12,KIA CEED,4,-1,0,1
2024522401488,2024,522401488,2,9,0,3,3,2,6,0,0,0,0,0,0,0,1,1,6,6,1,61,9,1582,2,13,KIA CEED,4,W01001632,0,4
2024991482252,2024,991482252,2,9,0,-1,9,8,6,-1,0,8,0,0,0,0,1,1,-1,6,1,45,7,1582,2,8,KIA CEED,7,-1,0,4
2024010510220,2024,010510220,1,9,9,99,99,9,9,99,99,9,9,99,9,99,9,9,6,6,1,30,6,1591,1,15,KIA CEED,2,E01001196,0,1
2024552400935,2024,552400935,2,9,0,9,9,3,1,0,0,8,0,0,0,0,4,1,2,2,2,62,9,1591,1,6,KIA CEED,6,E01033283,0,3
2024131467546,2024,131467546,1,9,0,-1,9,1,7,-1,0,8,0,0,0,0,4,1,-1,2,2,24,5,998,1,5,KIA CEED,3,E01011048,0,2
2024541621224,2024,541621224,2,9,0,18,19,5,1,0,0,4,0,0,0,0,2,1,6,6,2,49,8,1482,1,2,KIA CEED,9,E01031931,0,3
2024471422049,2024,471422049,2,9,0,-1,19,8,5,-1,0,1,0,0,0,0,1,1,-1,6,1,34,6,1591,1,9,KIA CEED,6,E01035326,0,2
2024351471096,2024,351471096,1,9,0,-1,4,1,8,-1,0,1,0,0,0,0,3,1,-1,9,1,91,11,1591,1,12,KIA CEED,10,E01022075,0,3
2024141511377,2024,141511377,1,9,0,-1,19,4,8,-1,0,8,0,0,0,0,2,1,-1,9,1,46,8,1582,2,14,KIA CEED,2,E01007525,0,1
2024401410099,2024,401410099,2,9,0,-1,12,-1,-1,-1,0,3,0,0,0,0,3,9,-1,2,1,39,7,1582,2,10,KIA CEED,2,E01018144,0,3
2024161508925,2024,161508925,2,9,0,-1,5,7,1,-1,0,8,0,0,0,0,1,1,-1,6,1,44,7,1582,2,9,KIA CEED,1,E01012862,0,1
2024610044424,2024,610044424,2,9,0,14,14,1,5,0,0,1,0,0,0,0,1,1,6,6,1,-1,-1,1582,2,9,KIA CEED,1,W01001633,0,1
2024371440859,2024,371440859,1,9,0,-1,19,3,4,-1,0,0,0,0,0,0,1,1,-1,1,2,30,6,1582,2,13,KIA CEED,7,E01030143,0,1
2024010516085,2024,010516085,1,9,0,99,99,9,9,99,99,9,9,99,9,99,2,9,6,6,2,26,6,1591,1,17,KIA CEED,1,E01001838,0,1
2024111455441,2024,111455441,2,9,0,-1,19,1,5,-1,0,1,0,0,1,0,4,1,-1,9,2,67,10,1396,1,11,KIA CEED,7,E01020731,0,2
2024991490726,2024,991490726,1,9,0,-1,9,5,3,-1,0,4,0,0,0,0,3,1,-1,7,2,66,10,1482,1,0,KIA CEED,10,-1,0,2
202454B271224,2024,54B271224,2,9,0,3,3,7,4,0,0,1,0,0,0,0,1,1,6,6,2,35,6,1396,2,7,KIA CEED,8,E01032689,0,3
2024320668232,2024,320668232,2,9,0,-1,-1,8,4,0,0,8,0,0,0,0,1,1,-1,-1,1,22,5,1482,1,3,KIA CEED,2,E01026142,0,2
2024501408098,2024,501408098,1,9,0,-1,19,7,8,-1,0,1,0,0,0,0,1,1,-1,6,2,35,6,1582,2,15,KIA CEED,1,E01015046,0,1
2024351404862,2024,351404862,1,9,0,-1,5,7,3,-1,0,1,0,0,0,0,1,9,-1,6,1,-1,-1,1582,2,10,KIA CEED,10,E01018260,0,1
2024211428633,2024,211428633,1,9,0,-1,1,8,4,-1,0,0,0,0,0,0,2,9,-1,6,3,25,5,998,1,8,KIA CEED,-1,-1,0,-1
2024522403400,2024,522403400,1,9,0,9,9,4,1,0,0,5,0,0,0,0,4,1,6,6,1,45,7,1598,2,4,KIA CEED,4,E01014958,0,2
2024010515678,2024,010515678,2,9,0,99,99,9,9,99,99,0,9,99,9,99,2,9,6,6,3,-1,-1,1591,1,15,KIA CEED,-1,-1,0,-1
2024221462134,2024,221462134,2,9,0,-1,19,1,4,-1,0,4,0,0,0,0,1,9,-1,6,3,47,8,1582,2,16,KIA CEED,-1,-1,0,-1
2024991477099,2024,991477099,1,9,0,-1,19,6,3,-1,0,0,0,0,0,0,1,1,-1,6,1,54,8,1582,2,12,KIA CEED,-1,-1,0,-1
2024070566282,2024,070566282,1,9,0,18,19,2,6,0,0,0,0,0,0,0,1,1,1,1,2,48,8,998,1,2,KIA CEED,3,E01018401,0,3
2024211432712,2024,211432712,1,9,0,-1,19,4,8,-1,0,1,0,0,0,0,1,1,-1,6,1,25,5,1582,2,10,KIA CEED,2,E01014322,0,3
2024041425094,2024,041425094,1,9,0,-1,19,5,1,-1,0,8,0,0,0,0,1,1,-1,6,1,41,7,1582,2,10,KIA CEED,1,E01034335,0,1
2024122400563,2024,122400563,1,9,0,18,19,3,7,0,0,1,0,0,1,0,1,1,6,6,1,36,7,1482,1,3,KIA CEED,7,E01013396,0,2
2024622400308,2024,622400308,2,9,0,2,2,0,0,0,0,0,0,0,0,0,3,1,6,6,3,-1,-1,1582,2,11,KIA CEED,-1,-1,0,-1
2024010515230,2024,010515230,1,9,0,99,99,9,9,99,99,9,9,99,9,99,1,9,6,6,2,27,6,1591,1,14,KIA CEED,4,E01001737,0,2
2024131516455,2024,131516455,1,9,0,-1,19,3,7,-1,0,0,0,0,0,0,2,1,-1,6,2,60,9,1396,2,8,KIA CEED,4,E01010865,0,1
2024340NN4062,2024,340NN4062,1,9,0,-1,12,5,1,-1,0,0,0,0,6,0,1,1,-1,6,1,51,8,1582,2,13,KIA CEED,3,E01026984,0,2
2024221532408,2024,221532408,2,9,0,-1,19,4,1,-1,0,8,0,0,0,0,4,1,-1,6,2,19,4,1582,2,17,KIA CEED,7,E01028862,0,1
2024010508538,2024,010508538,3,9,0,18,19,7,3,0,0,0,0,0,0,0,3,1,6,6,2,76,11,1396,1,14,KIA CEED,2,E01001438,0,1
2024351400392,2024,351400392,2,9,0,-1,3,8,4,-1,0,0,0,0,0,0,2,9,-1,2,1,26,6,1582,2,13,KIA CEED,3,E01034568,0,3
2024610003324,2024,610003324,1,9,0,18,19,5,1,0,0,4,0,0,0,0,2,1,6,6,2,25,5,1582,2,10,KIA CEED,7,W01001407,0,2
2024201535768,2024,201535768,2,9,0,-1,19,3,7,-1,0,8,0,10,0,0,3,9,-1,9,1,-1,-1,1582,2,12,KIA CEED,-1,-1,0,-1
2024552400640,2024,552400640,2,9,0,8,8,6,2,0,0,1,0,0,0,0,2,1,6,6,2,34,6,1582,2,10,KIA CEED,9,E01020416,0,2
2024451420609,2024,451420609,1,9,0,-1,19,1,5,-1,0,1,0,0,0,0,4,1,-1,6,1,59,9,1582,2,10,KIA CEED,4,E01030304,0,1
2024010519097,2024,010519097,1,9,0,7,7,1,3,0,0,8,0,0,0,0,4,1,6,6,3,-1,-1,1482,1,1,KIA CEED,-1,-1,0,-1
2024302400066,2024,302400066,1,9,0,17,19,2,4,0,0,8,0,0,0,0,1,1,6,6,1,64,9,1582,2,7,KIA CEED,2,E01019505,0,2
2024991481046,2024,991481046,1,9,0,-1,13,4,8,-1,0,1,0,0,0,0,2,1,-1,9,1,73,10,1591,1,8,KIA CEED,9,E01001385,0,5
2024311436360,2024,311436360,2,9,0,-1,19,1,2,-1,0,0,0,0,0,0,1,1,-1,9,1,43,7,1582,2,12,KIA CEED,-1,-1,0,-1
2024991431970,2024,991431970,1,9,0,-1,10,2,8,-1,0,7,0,0,0,0,2,1,-1,6,2,31,6,1353,1,5,KIA CEED,-1,-1,0,-1
2024201496688,2024,201496688,1,9,0,-1,9,8,6,-1,0,5,0,0,0,0,1,9,-1,6,2,24,5,1582,2,6,KIA CEED,1,E01008938,0,1
2024010542697,2024,010542697,2,9,0,6,6,1,1,0,0,0,0,0,0,0,1,1,1,1,1,59,9,1482,1,1,KIA CEED,2,E01001479,0,1
2024141435340,2024,141435340,3,9,0,-1,19,5,1,-1,0,0,0,0,0,0,2,9,-1,6,2,34,6,1482,1,1,KIA CEED,9,E01007984,0,2
2024461469677,2024,461469677,1,9,0,-1,19,4,8,-1,0,6,0,0,0,0,1,9,-1,6,1,38,7,1582,2,9,KIA CEED,2,E01016041,0,1
2024451485679,2024,451485679,2,9,0,-1,5,3,7,-1,0,1,0,99,0,0,1,1,-1,6,1,32,6,1582,2,12,KIA CEED,-1,-1,0,-1
2024010538459,2024,010538459,2,9,0,99,99,9,9,99,99,9,9,99,9,99,0,9,6,6,3,-1,-1,1396,1,11,KIA CEED,3,E01034039,0,1
202454B741324,2024,54B741324,1,9,0,18,19,4,8,0,0,0,0,0,0,0,1,1,6,6,2,32,6,1582,2,11,KIA CEED,9,E01032711,0,1
2024041418196,2024,041418196,1,9,0,-1,9,7,1,-1,0,6,0,0,0,0,1,1,-1,1,1,64,9,1582,2,6,KIA CEED,5,E01024958,0,1
2024211485874,2024,211485874,1,9,0,-1,19,7,3,-1,0,0,0,0,0,0,1,1,-1,6,1,23,5,1396,1,16,KIA CEED,6,E01029814,0,1
2024411480566,2024,411480566,1,9,0,-1,19,3,7,-1,0,0,0,0,0,0,1,9,-1,9,2,41,7,1582,2,9,KIA CEED,5,E01023922,0,1
2024351505055,2024,351505055,1,9,0,-1,19,2,6,-1,0,1,0,0,7,0,1,1,-1,6,1,38,7,1582,2,10,KIA CEED,1,E01018108,0,1
2024340WN6482,2024,340WN6482,2,9,0,-1,19,7,3,-1,0,1,0,11,0,0,1,1,-1,2,1,35,6,1582,2,12,KIA CEED,3,E01027240,0,1
2024991515556,2024,991515556,1,9,0,-1,9,8,6,-1,0,1,0,0,0,0,1,1,-1,9,2,87,11,1582,2,7,KIA CEED,7,-1,0,1
2024211497495,2024,211497495,1,9,0,-1,19,8,4,-1,9,2,1,0,7,0,1,1,-1,9,1,24,5,1396,1,14,KIA CEED,7,E01029728,0,2
2024311518412,2024,311518412,2,9,0,-1,7,4,6,-1,0,1,0,0,0,0,3,1,-1,9,1,28,6,1396,2,11,KIA CEED,7,E01028080,0,2
2024622400414,2024,622400414,1,9,0,9,9,6,4,0,0,8,0,0,0,0,1,1,6,6,2,18,4,1582,2,11,KIA CEED,7,W01000779,0,1
2024991428084,2024,991428084,2,9,0,-1,19,2,6,-1,0,4,0,0,0,0,2,1,-1,9,2,42,7,998,1,7,KIA CEED,7,-1,0,3
2024320327372,2024,320327372,1,9,0,-1,-1,8,4,0,0,4,0,0,0,0,1,1,6,6,2,65,9,1582,2,9,KIA CEED,10,E01025680,0,4
2024451436011,2024,451436011,1,9,0,-1,3,8,4,-1,99,8,9,0,0,0,3,1,-1,7,2,29,6,1482,1,1,KIA CEED,7,E01030652,0,1
2024991440312,2024,991440312,1,9,0,-1,5,1,5,-1,0,0,0,0,0,0,1,1,-1,2,1,33,6,1482,1,2,KIA CEED,1,-1,0,1
202460Q181935,2024,60Q181935,1,9,0,18,19,4,8,0,0,3,0,0,0,0,4,1,6,6,1,33,6,1582,2,11,KIA CEED,-1,-1,0,-1
2024302500132,2024,302500132,2,9,0,-1,19,3,7,-1,0,0,0,0,1,0,1,1,-1,2,2,44,7,1353,1,6,KIA CEED,8,E01019596,0,2
2024361447784,2024,361447784,2,9,0,-1,3,8,4,-1,0,0,0,0,0,0,2,1,-1,6,1,55,8,1582,2,14,KIA CEED,8,E01018137,0,4
2024302400390,2024,302400390,2,9,0,4,4,3,7,0,0,1,0,0,0,0,2,1,3,7,2,33,6,1582,2,16,KIA CEED,8,W01001108,0,5
2024991519980,2024,991519980,1,9,0,-1,19,7,4,-1,0,1,0,0,0,0,1,1,-1,9,1,61,9,998,1,2,KIA CEED,-1,-1,0,-1
2024131394910,2024,131394910,1,9,0,-1,19,2,2,-1,0,6,0,0,0,0,1,1,-1,9,2,46,8,1598,2,5,KIA CEED,5,E01011352,0,1
2024201480290,2024,201480290,3,9,0,-1,19,1,5,-1,0,0,0,0,0,0,2,1,-1,6,1,47,8,1582,2,6,KIA CEED,-1,-1,0,-1
2024471427504,2024,471427504,3,9,0,-1,19,4,8,-1,0,2,0,0,0,0,1,1,-1,2,2,47,8,1482,1,2,KIA CEED,7,E01031746,0,2
2024991404829,2024,991404829,2,9,0,-1,19,1,5,-1,0,0,0,7,0,0,1,1,-1,2,2,64,9,1591,1,15,KIA CEED,4,-1,0,2
2024991518089,2024,991518089,1,9,0,-1,19,4,1,-1,0,0,2,0,1,0,4,1,-1,9,1,18,4,1396,1,15,KIA CEED,1,-1,0,2
2024201441996,2024,201441996,2,9,0,-1,19,4,8,-1,0,0,0,0,0,0,1,9,-1,1,1,37,7,1582,2,6,KIA CEED,2,E01033642,0,1
2024421482855,2024,421482855,1,9,0,-1,19,1,5,-1,0,0,0,0,0,0,1,1,-1,2,1,28,6,1482,1,1,KIA CEED,2,E01024155,0,4
2024041424228,2024,041424228,1,9,0,-1,19,5,1,-1,0,1,0,0,0,0,1,9,-1,6,3,-1,-1,1582,2,16,KIA CEED,-1,-1,0,-1
2024991425286,2024,991425286,2,9,0,-1,19,3,7,-1,0,0,1,4,1,7,1,1,-1,6,1,43,7,1582,2,13,KIA CEED,-1,-1,0,-1
2024451530396,2024,451530396,2,9,0,-1,19,7,3,-1,0,1,0,0,0,0,4,1,-1,9,2,69,10,1591,1,9,KIA CEED,9,E01030761,0,4
2024320078888,2024,320078888,3,9,0,2,2,0,0,0,0,0,0,0,0,0,1,1,6,6,3,-1,-1,1598,2,5,KIA CEED,-1,-1,0,-1
2024131432842,2024,131432842,3,9,0,-1,19,5,1,-1,0,0,0,0,0,0,0,1,-1,9,1,44,7,1582,2,8,KIA CEED,10,E01013059,0,4
2024411471129,2024,411471129,1,9,0,-1,19,3,8,-1,0,1,1,0,0,0,1,1,-1,9,1,62,9,1591,1,16,KIA CEED,3,E01023756,0,1
2024991459577,2024,991459577,2,9,0,-1,19,7,3,-1,0,0,5,0,0,0,4,1,-1,1,2,64,9,1482,1,0,KIA CEED,6,-1,0,2
2024061482410,2024,061482410,3,9,0,-1,2,0,0,-1,0,0,0,0,0,0,2,1,-1,6,-1,-1,-1,1582,2,10,KIA CEED,-1,-1,0,-1
2024332401031,2024,332401031,2,9,0,-1,9,8,6,-1,0,6,0,7,0,0,4,1,-1,9,1,60,9,1582,2,17,KIA CEED,1,E01013638,0,1
2024031417433,2024,031417433,1,9,0,-1,19,1,5,-1,0,0,0,0,0,0,1,1,-1,6,1,46,8,1582,2,11,KIA CEED,-1,-1,0,-1
2024131490981,2024,131490981,2,9,0,-1,19,4,8,-1,0,1,0,0,0,0,1,1,-1,6,2,63,9,998,1,5,KIA CEED,4,E01007329,0,1
2024031440941,2024,031440941,1,9,0,-1,19,6,2,-1,0,0,0,0,0,0,1,1,-1,9,2,57,9,1582,2,6,KIA CEED,3,E01019210,0,1
2024311401660,2024,311401660,1,9,0,-1,9,4,5,-1,0,4,0,0,0,0,3,1,-1,9,1,38,7,1591,1,11,KIA CEED,2,E01013834,0,1
2024430337103,2024,430337103,1,9,0,9,9,2,8,0,0,5,0,0,0,0,4,1,2,2,2,38,7,1591,1,10,KIA CEED,9,E01035263,0,1
2024041505410,2024,041505410,1,9,0,-1,19,1,5,-1,0,0,0,0,0,0,2,1,-1,6,-1,-1,-1,1582,2,13,KIA CEED,-1,-1,0,-1
2024141423092,2024,141423092,1,9,0,-1,5,5,1,-1,0,1,0,0,0,0,1,9,-1,9,1,47,8,1482,1,1,KIA CEED,1,E01007946,0,1
2024320675695,2024,320675695,1,9,0,-1,-1,3,7,0,0,2,0,0,0,0,1,1,6,6,2,45,7,1591,1,8,KIA CEED,-1,-1,0,-1
2024520402609,2024,520402609,1,9,0,6,6,6,6,0,0,0,0,0,0,0,3,1,6,6,1,74,10,1591,1,17,KIA CEED,4,E01016474,0,5
2024061467636,2024,061467636,1,9,0,-1,19,7,3,-1,0,0,0,0,0,0,4,1,-1,9,1,42,7,1582,2,11,KIA CEED,8,E01006194,0,1
2024991507024,2024,991507024,1,8,0,-1,9,1,7,-1,0,1,0,0,0,0,4,1,-1,1,1,62,9,1582,2,7,KIA CEED,2,-1,0,1
2024351502467,2024,351502467,5,9,0,-1,19,3,7,-1,0,0,0,0,0,0,1,1,-1,6,-1,-1,-1,1482,1,0,KIA CEED,-1,-1,0,-1
2024122400333,2024,122400333,1,9,0,18,19,1,5,0,0,0,1,0,1,0,1,1,6,6,1,58,9,1396,2,7,KIA CEED,4,E01027813,0,2
2024010515250,2024,010515250,2,9,0,18,19,6,2,0,0,0,0,0,0,0,1,1,6,6,1,70,10,1591,1,9,KIA CEED,-1,-1,0,-1
2024622400071,2024,622400071,1,9,0,18,19,4,8,0,0,3,0,0,1,4,1,1,6,6,1,28,6,998,1,5,KIA CEED,4,W01001314,0,1
2024461533125,2024,461533125,1,8,0,-1,19,4,1,-1,0,0,1,0,7,0,3,1,-1,9,1,23,5,1598,2,5,KIA CEED,10,E01024349,0,1
2024231495417,2024,231495417,2,9,0,-1,4,4,8,-1,0,0,0,0,0,0,2,1,-1,6,2,33,6,1582,2,8,KIA CEED,8,E01031301,0,1
2024071075221,2024,071075221,4,9,0,-1,3,4,8,-1,0,0,0,0,0,0,2,1,-1,9,1,41,7,1396,2,10,KIA CEED,10,E01018506,0,1
2024361463578,2024,361463578,3,9,0,-1,19,2,8,-1,0,0,0,0,0,0,1,1,-1,9,2,28,6,1582,2,11,KIA CEED,9,E01035145,0,1
2024311513122,2024,311513122,1,9,0,-1,15,5,1,-1,0,0,0,0,1,0,1,1,-1,6,2,35,6,1582,2,14,KIA CEED,-1,-1,0,-1
2024010563901,2024,010563901,2,9,9,99,99,9,9,99,99,9,9,99,9,99,9,9,6,6,3,-1,-1,1353,1,5,KIA CEED,-1,-1,0,-1
2024421455350,2024,421455350,1,9,0,-1,5,1,1,-1,0,6,0,0,0,0,1,1,-1,9,2,33,6,1582,2,6,KIA CEED,-1,-1,0,-1
2024440514435,2024,440514435,2,9,0,4,4,2,6,0,0,1,0,0,0,0,2,1,6,6,1,52,8,1582,2,17,KIA CEED,4,E01031980,0,4
2024991513783,2024,991513783,1,9,0,-1,19,4,8,-1,0,0,1,0,1,7,1,1,-1,6,1,38,7,1396,1,13,KIA CEED,3,-1,0,2
2024311513233,2024,311513233,3,9,0,-1,9,8,5,-1,0,6,0,0,1,0,3,1,-1,2,2,36,7,1482,1,2,KIA CEED,3,E01033778,0,1
2024201471330,2024,201471330,1,9,0,-1,19,4,1,-1,0,8,0,0,0,0,1,1,-1,9,1,43,7,998,1,6,KIA CEED,10,E01009853,0,1
2024531500445,2024,531500445,1,9,0,-1,19,2,4,-1,0,8,0,0,0,0,1,1,-1,2,1,35,6,1582,2,11,KIA CEED,3,E01022159,0,1
2024631464526,2024,631464526,1,9,0,-1,19,4,8,-1,0,0,0,0,0,0,1,1,-1,6,1,37,7,1582,2,14,KIA CEED,2,W01000729,0,1
2024061403411,2024,061403411,2,9,0,-1,12,1,5,-1,0,0,0,0,0,0,3,1,-1,1,1,33,6,1582,2,8,KIA CEED,-1,-1,0,-1
2024211448646,2024,211448646,1,9,0,-1,19,1,1,-1,0,6,0,0,0,0,1,1,-1,9,2,59,9,1582,2,13,KIA CEED,3,E01014334,0,1
2024991491504,2024,991491504,1,9,0,-1,19,6,2,-1,0,2,0,0,0,0,1,1,-1,1,1,32,6,1582,2,12,KIA CEED,1,-1,0,3
2024070697038,2024,070697038,1,9,0,18,19,1,5,0,0,0,0,0,2,7,1,1,6,6,1,27,6,1582,2,9,KIA CEED,4,E01005562,0,4
2024520401640,2024,520401640,1,9,0,5,5,4,3,0,0,0,0,0,0,0,3,1,6,6,2,48,8,1482,1,1,KIA CEED,6,E01029169,0,1
2024440367788,2024,440367788,2,9,0,18,19,1,5,0,0,1,0,0,0,0,1,1,6,6,1,-1,-1,1582,2,11,KIA CEED,7,E01022825,0,2
2024010512218,2024,010512218,1,9,0,18,19,7,3,0,0,2,0,0,0,0,1,1,6,6,1,66,10,1582,2,7,KIA CEED,3,E01003299,0,3
2024010530149,2024,010530149,1,9,9,13,13,3,7,0,0,2,0,0,0,0,9,9,6,6,1,-1,-1,1582,2,13,KIA CEED,-1,-1,0,-1
2024070476882,2024,070476882,1,8,0,5,5,5,1,0,0,0,0,0,0,0,0,1,6,6,1,24,5,1582,2,14,KIA CEED,1,E01012546,0,1
202454B775224,2024,54B775224,2,9,0,3,3,3,7,0,0,0,0,0,0,0,3,1,6,6,2,75,10,1582,2,9,KIA CEED,6,E01032037,0,1
2024440081223,2024,440081223,1,9,0,18,19,6,2,0,0,1,0,0,0,0,2,1,6,6,2,30,6,1353,1,5,KIA CEED,4,E01016421,0,3
2024451421389,2024,451421389,1,9,0,-1,19,1,5,-1,0,3,1,9,3,2,1,1,-1,9,1,51,8,1582,2,13,KIA CEED,5,E01030484,0,3
2024320390827,2024,320390827,2,9,0,3,3,2,6,0,0,0,0,0,0,0,1,1,6,6,2,40,7,1582,2,8,KIA CEED,-1,-1,0,-1