collision_index,collision_year,collision_ref_no,vehicle_reference,vehicle_type,towing_and_articulation,vehicle_manoeuvre_historic,vehicle_manoeuvre,vehicle_direction_from,vehicle_direction_to,vehicle_location_restricted_lane_historic,vehicle_location_restricted_lane,junction_location,skidding_and_overturning,hit_object_in_carriageway,vehicle_leaving_carriageway,hit_object_off_carriageway,first_point_of_impact,vehicle_left_hand_drive,journey_purpose_of_driver_historic,journey_purpose_of_driver,sex_of_driver,age_of_driver,age_band_of_driver,engine_capacity_cc,propulsion_code,age_of_vehicle,generic_make_model,driver_imd_decile,lsoa_of_driver,escooter_flag,driver_distance_banding
2024201470211,2024,201470211,2,9,0,-1,2,0,0,-1,0,0,0,0,0,0,2,1,-1,9,1,37,7,1396,1,10,KIA CEED,3,E01008950,0,2
2024320188300,2024,320188300,4,9,0,2,2,0,0,0,0,0,0,0,0,0,1,1,6,6,3,-1,-1,1582,2,14,KIA CEED,-1,-1,0,-1
2024010545233,2024,010545233,1,9,0,99,99,9,9,99,99,9,9,99,9,99,2,9,2,2,2,32,6,1482,1,0,KIA CEED,2,E01002615,0,2
2024421486238,2024,421486238,1,9,0,-1,5,4,2,-1,0,0,0,0,0,0,1,1,-1,9,2,78,11,1591,1,14,KIA CEED,9,E01022061,0,1
2024070929750,2024,070929750,1,9,0,-1,19,1,5,-1,0,1,0,0,0,0,1,1,-1,9,2,56,9,1482,1,2,KIA CEED,4,E01018512,0,2
2024991492513,2024,991492513,1,9,0,-1,5,3,1,-1,0,4,0,0,0,0,1,1,-1,1,1,42,7,1482,1,0,KIA CEED,1,-1,0,2
2024010537938,2024,010537938,1,9,0,99,99,9,9,99,99,9,9,99,9,99,9,9,6,6,3,-1,-1,1582,2,7,KIA CEED,-1,-1,0,-1
2024041511988,2024,041511988,2,9,0,-1,19,3,7,-1,0,1,0,0,3,0,1,2,-1,9,1,76,11,1591,1,12,KIA CEED,8,E01025180,0,2
2024430139567,2024,430139567,2,9,0,13,13,3,7,0,0,0,0,0,0,0,4,1,1,1,2,29,6,1582,2,13,KIA CEED,6,E01028575,0,1
2024031442309,2024,031442309,1,8,0,-1,9,5,6,-1,0,8,0,0,0,0,4,1,-1,1,1,-1,-1,1482,1,0,KIA CEED,-1,-1,0,-1
2024131453937,2024,131453937,1,9,0,-1,6,8,6,-1,0,0,0,0,0,0,1,1,-1,6,2,43,7,1591,1,14,KIA CEED,1,E01010821,0,1
2024631419977,2024,631419977,1,9,0,-1,1,7,3,-1,9,1,0,0,0,0,2,1,-1,6,2,33,6,1582,2,11,KIA CEED,5,W01000546,0,1
2024052401247,2024,052401247,1,9,0,18,19,5,1,0,0,0,0,0,0,0,1,1,6,6,1,31,6,1591,1,11,KIA CEED,1,E01006632,0,2
2024471524238,2024,471524238,1,9,0,-1,9,6,5,-1,0,1,0,0,0,0,1,1,-1,7,2,43,7,1353,1,5,KIA CEED,5,E01031611,0,3
2024201529277,2024,201529277,1,9,0,-1,9,-1,-1,-1,0,0,0,0,0,0,3,1,-1,6,1,45,7,1582,2,6,KIA CEED,2,E01009146,0,2
2024052400098,2024,052400098,2,9,0,18,19,2,8,0,0,8,0,0,0,0,2,1,1,1,2,-1,-1,1598,2,5,KIA CEED,-1,-1,0,-1
2024302401557,2024,302401557,2,9,0,18,19,4,8,0,0,1,0,0,0,0,4,1,6,6,1,80,11,1591,1,16,KIA CEED,10,E01013544,0,1
2024351535127,2024,351535127,1,9,0,-1,4,1,5,-1,0,1,2,0,1,0,3,1,-1,9,2,24,5,1582,2,16,KIA CEED,3,E01018090,0,3
2024311437832,2024,311437832,2,9,0,-1,3,5,1,-1,0,0,0,0,0,0,2,1,-1,7,1,18,4,1396,2,12,KIA CEED,-1,-1,0,-1
2024351531120,2024,351531120,1,9,0,-1,4,7,3,-1,0,1,0,0,0,0,4,1,-1,7,1,44,7,1582,2,9,KIA CEED,5,E01033121,0,1
2024501493067,2024,501493067,3,9,0,-1,19,5,1,-1,0,1,0,0,0,0,1,1,-1,6,1,52,8,998,1,3,KIA CEED,6,E01020187,0,3
2024041418605,2024,041418605,2,9,0,-1,10,5,6,-1,0,7,0,0,0,0,3,1,-1,7,2,38,7,1582,2,6,KIA CEED,10,E01024970,0,2
2024052402827,2024,052402827,2,9,0,18,19,6,2,0,0,0,0,0,0,0,1,1,1,1,2,-1,-1,1598,2,5,KIA CEED,-1,-1,0,-1
2024430293550,2024,430293550,2,9,0,18,19,8,4,0,0,0,0,0,0,0,1,1,6,6,2,35,6,1582,2,12,KIA CEED,3,E01017906,0,1
2024522401606,2024,522401606,1,9,0,4,4,8,4,0,0,1,0,0,0,0,2,1,6,6,1,44,7,1582,2,6,KIA CEED,10,E01014963,0,1
2024520402862,2024,520402862,1,9,0,18,19,1,5,0,0,0,0,4,0,0,4,1,6,6,1,67,10,1482,1,1,KIA CEED,3,E01032635,0,1
2024631477481,2024,631477481,1,9,0,-1,19,3,7,-1,0,8,0,0,0,0,4,1,-1,9,1,61,9,1582,2,11,KIA CEED,3,W01000688,0,1
2024361542332,2024,361542332,1,9,0,-1,19,8,4,-1,0,0,0,0,0,0,1,1,-1,9,2,94,11,1582,2,10,KIA CEED,7,E01026421,0,2
2024131428664,2024,131428664,1,9,0,-1,19,5,1,-1,0,1,0,0,0,0,1,1,-1,9,2,47,8,1582,2,12,KIA CEED,4,E01011545,0,2
2024231505528,2024,231505528,1,9,0,-1,19,4,8,-1,0,6,0,0,0,0,1,1,-1,9,1,57,9,1582,2,15,KIA CEED,2,E01009632,0,3
2024361447806,2024,361447806,2,9,0,-1,5,7,3,-1,0,4,0,0,0,0,2,1,-1,9,2,67,10,1591,1,10,KIA CEED,8,E01026473,0,1
2024101524002,2024,101524002,1,9,0,-1,10,3,8,-1,0,5,0,0,0,0,3,1,-1,9,2,46,8,1482,1,1,KIA CEED,1,E01027422,0,1
2024131505927,2024,131505927,1,9,0,-1,19,1,1,-1,0,5,0,0,0,0,1,1,-1,9,2,44,7,1582,2,7,KIA CEED,1,E01011375,0,1
2024332400023,2024,332400023,7,9,0,-1,19,1,5,-1,0,0,0,0,0,0,1,1,-1,2,1,21,5,1582,2,12,KIA CEED,5,E01027158,0,4
2024991423776,2024,991423776,2,9,0,-1,19,3,7,-1,0,1,0,0,0,0,1,1,-1,6,1,37,7,998,1,2,KIA CEED,4,-1,0,1
2024430344297,2024,430344297,2,9,0,2,2,0,0,0,0,0,0,0,1,0,3,1,6,6,3,-1,-1,1580,8,4,KIA CEED,-1,-1,0,-1
2024052400423,2024,052400423,2,9,0,18,19,2,6,0,0,8,0,0,0,0,3,1,6,6,2,44,7,1591,1,11,KIA CEED,5,E01006665,0,1
2024070651731,2024,070651731,1,9,0,18,19,4,8,0,0,0,0,0,1,4,1,1,2,2,1,53,8,1582,2,6,KIA CEED,6,E01006166,0,3
2024161472588,2024,161472588,1,9,0,-1,19,2,6,-1,0,3,0,0,3,0,3,1,-1,6,1,74,10,1591,1,9,KIA CEED,1,E01013218,0,1
2024622400458,2024,622400458,1,9,0,18,19,2,6,0,0,4,0,0,0,0,0,1,6,6,3,-1,-1,1582,2,17,KIA CEED,-1,-1,0,-1
2024471488504,2024,471488504,2,9,0,-1,7,1,3,-1,0,1,0,0,0,0,4,1,-1,6,1,62,9,1582,2,14,KIA CEED,7,E01017004,0,1
2024161458616,2024,161458616,1,9,0,-1,1,8,4,-1,0,0,0,0,0,0,2,1,-1,7,2,63,9,1396,1,10,KIA CEED,8,E01013011,0,1
2024991468729,2024,991468729,2,9,0,-1,7,8,2,-1,0,0,0,0,0,0,3,1,-1,1,2,45,7,1482,1,0,KIA CEED,6,-1,0,2
2024311441245,2024,311441245,1,9,0,-1,6,8,1,-1,0,1,0,0,0,0,3,1,-1,6,2,63,9,1582,2,10,KIA CEED,3,E01028166,0,1
2024501507633,2024,501507633,1,9,0,-1,19,5,1,-1,5,0,0,0,7,11,1,1,-1,6,1,52,8,1598,8,3,KIA CEED,5,E01014059,0,5
2024522402702,2024,522402702,1,9,0,4,4,6,2,0,0,6,0,0,0,0,2,1,6,6,2,45,7,1598,8,3,KIA CEED,5,E01014548,0,1
2024610009724,2024,610009724,1,9,0,18,19,2,6,0,0,1,0,0,0,0,1,1,6,6,2,25,5,1582,2,7,KIA CEED,10,W01001427,0,1
2024991436675,2024,991436675,1,9,0,-1,19,6,2,-1,0,0,0,0,0,0,1,1,-1,9,1,25,5,1591,1,10,KIA CEED,10,-1,0,1
2024332401071,2024,332401071,1,9,0,-1,19,5,1,-1,0,8,0,0,0,0,4,1,-1,9,1,78,11,1482,1,0,KIA CEED,7,E01025664,0,1
2024052400561,2024,052400561,1,9,0,18,19,5,1,0,0,2,0,0,0,0,1,1,1,1,1,58,9,1598,2,5,KIA CEED,1,E01006661,0,1
2024141482657,2024,141482657,1,9,0,-1,19,5,1,-1,0,0,0,0,7,4,2,1,-1,2,1,33,6,1582,2,15,KIA CEED,1,E01011080,0,4
2024531441281,2024,531441281,1,9,0,-1,13,3,7,-1,0,1,5,0,7,9,1,1,-1,1,1,49,8,1591,1,11,KIA CEED,3,E01032627,0,4
2024411539064,2024,411539064,1,9,0,-1,19,5,1,-1,0,8,0,0,0,0,1,1,-1,6,1,44,7,1582,2,8,KIA CEED,6,E01000265,0,3
2024211488838,2024,211488838,2,9,0,-1,5,5,1,-1,0,0,1,0,0,0,1,1,-1,9,1,32,6,1582,2,7,KIA CEED,-1,-1,0,-1
2024311426767,2024,311426767,1,9,0,-1,7,3,6,-1,0,1,0,0,0,0,3,1,-1,6,1,24,5,1482,1,2,KIA CEED,1,E01013820,0,2
2024061434964,2024,061434964,1,9,0,-1,19,5,7,-1,0,8,0,0,0,0,1,1,-1,6,2,41,7,1591,1,17,KIA CEED,-1,-1,0,-1
2024070420476,2024,070420476,1,9,0,18,19,8,3,0,0,8,0,0,0,0,4,1,6,6,1,84,11,1353,1,5,KIA CEED,3,E01018747,0,1
2024991398675,2024,991398675,1,9,0,-1,19,6,8,-1,0,2,0,0,1,1,3,1,-1,2,1,57,9,1482,1,1,KIA CEED,-1,-1,0,-1
2024371398891,2024,371398891,1,9,0,-1,19,3,7,-1,0,0,1,0,0,0,1,1,-1,1,2,22,5,998,1,5,KIA CEED,6,E01034574,0,1
2024122500070,2024,122500070,3,9,0,10,10,1,7,0,0,1,0,0,0,0,1,1,6,6,2,30,6,1482,1,1,KIA CEED,8,E01027603,0,2
2024440133847,2024,440133847,2,9,0,18,19,7,3,0,0,0,0,0,0,0,1,1,6,6,1,60,9,1582,2,13,KIA CEED,4,E01023121,0,1
2024052401727,2024,052401727,1,9,0,18,19,2,6,0,0,0,0,0,0,0,1,1,6,6,2,48,8,1582,2,13,KIA CEED,1,E01006711,0,1
2024031452175,2024,031452175,1,9,0,-1,19,8,4,-1,0,0,0,0,4,0,1,9,-1,9,1,68,10,1582,2,8,KIA CEED,6,E01025122,0,4
2024631422247,2024,631422247,1,9,0,-1,19,8,4,-1,0,0,0,4,0,0,1,1,-1,6,1,56,9,1582,2,8,KIA CEED,6,W01000664,0,3
2024501399671,2024,501399671,3,9,0,-1,2,0,0,-1,0,0,0,0,0,0,2,9,-1,6,1,40,7,1396,1,10,KIA CEED,3,E01015069,0,1
2024052400547,2024,052400547,2,9,0,4,4,3,7,0,0,0,0,0,0,0,2,1,6,6,1,54,8,1582,2,11,KIA CEED,6,E01007299,0,1
2024302400279,2024,302400279,1,9,0,9,9,3,1,0,0,0,0,0,0,0,3,1,6,6,2,38,7,1582,2,11,KIA CEED,2,E01027954,0,3
2024052400317,2024,052400317,2,9,0,4,4,5,1,0,0,0,0,0,0,0,2,1,6,6,2,28,6,1396,1,11,KIA CEED,2,E01006845,0,2
2024332400150,2024,332400150,1,9,0,-1,19,8,4,-1,0,2,0,0,0,0,1,1,-1,6,2,33,6,1582,2,11,KIA CEED,10,E01025772,0,1
2024351469931,2024,351469931,2,9,0,-1,19,7,3,-1,0,0,1,0,1,0,3,1,-1,6,2,62,9,1598,2,5,KIA CEED,3,E01018092,0,1
2024320236028,2024,320236028,1,9,0,12,12,4,8,0,0,0,0,0,0,0,1,1,-1,-1,2,33,6,1582,2,13,KIA CEED,1,E01007003,0,5
2024440017070,2024,440017070,2,9,0,18,19,4,8,0,0,8,0,0,0,0,1,1,6,6,2,70,10,1582,2,10,KIA CEED,2,E01017089,0,1
2024451495138,2024,451495138,2,9,0,-1,19,7,3,-1,99,0,0,0,0,0,1,1,-1,6,3,-1,-1,1582,2,14,KIA CEED,-1,-1,0,-1
2024501504164,2024,501504164,1,9,0,-1,19,7,3,-1,0,0,5,0,1,0,2,1,-1,9,1,60,9,1582,2,15,KIA CEED,4,E01018881,0,5
2024320595493,2024,320595493,1,9,0,-1,-1,4,8,0,0,0,5,0,1,9,1,1,6,6,1,50,8,1582,2,13,KIA CEED,3,E01013164,0,2
2024131503075,2024,131503075,2,9,0,-1,4,1,1,-1,0,1,0,0,0,0,3,1,-1,6,1,39,7,1582,2,11,KIA CEED,1,E01011059,0,2
2024311469836,2024,311469836,1,9,0,-1,19,1,5,-1,0,0,0,0,0,0,1,1,-1,6,1,61,9,1582,2,9,KIA CEED,2,E01028053,0,1
202417S309224,2024,17S309224,2,9,0,-1,19,3,7,-1,0,1,0,0,0,0,1,1,-1,6,1,49,8,998,1,4,KIA CEED,9,E01012231,0,1
2024320134903,2024,320134903,1,9,0,-1,-1,4,8,0,0,4,0,0,0,0,1,1,-1,-1,2,55,8,1582,2,11,KIA CEED,6,E01026159,0,2
2024501523726,2024,501523726,2,9,0,-1,19,2,6,-1,0,0,1,10,0,0,1,1,-1,9,2,65,9,1582,2,17,KIA CEED,3,E01034171,0,3
2024041492830,2024,041492830,2,9,0,-1,19,3,3,-1,0,1,0,0,0,0,1,1,-1,9,1,74,10,1582,2,13,KIA CEED,7,E01024999,0,1
2024421416186,2024,421416186,1,9,0,-1,19,2,6,-1,0,0,0,0,0,0,1,1,-1,9,1,19,4,1591,1,15,KIA CEED,6,E01029874,0,4
2024010507480,2024,010507480,2,9,0,2,2,0,0,0,0,0,0,0,0,0,2,1,6,6,3,-1,-1,1591,1,11,KIA CEED,-1,-1,0,-1
2024302400762,2024,302400762,2,9,0,9,9,3,1,0,0,8,0,0,0,0,0,1,3,7,2,46,8,998,1,4,KIA CEED,10,E01019708,0,1
2024010544211,2024,010544211,1,9,0,4,4,1,5,0,0,0,0,8,0,0,4,1,6,6,1,28,6,1598,2,5,KIA CEED,4,E01034616,0,1
2024041481133,2024,041481133,2,9,0,-1,19,8,4,-1,0,8,0,0,0,0,4,1,-1,6,2,20,4,1396,1,15,KIA CEED,2,E01006307,0,3
2024991426482,2024,991426482,2,9,0,-1,3,5,1,-1,0,0,0,0,0,0,2,1,-1,7,2,17,4,1482,1,1,KIA CEED,2,-1,0,1
2024141421280,2024,141421280,3,9,0,-1,2,0,0,-1,0,1,0,0,0,0,2,1,-1,6,-1,-1,-1,1582,2,11,KIA CEED,-1,-1,0,-1
2024401510822,2024,401510822,2,9,0,-1,3,1,5,-1,0,0,0,0,0,0,2,1,-1,6,-1,24,5,998,1,5,KIA CEED,9,E01017559,0,2
2024131493652,2024,131493652,2,9,0,-1,19,5,1,-1,0,0,0,0,0,0,3,1,-1,6,1,24,5,1482,1,1,KIA CEED,-1,-1,0,-1
2024010542354,2024,010542354,1,3,0,18,19,4,8,0,0,1,0,0,0,0,1,1,6,6,1,25,5,125,1,4,-1,10,E01030386,0,1
2024010554060,2024,010554060,1,3,0,99,99,9,9,99,99,9,9,99,9,99,9,1,2,2,1,22,5,125,1,3,-1,5,E01023331,0,3
2024141496710,2024,141496710,1,3,0,-1,19,1,1,-1,0,8,0,0,0,0,1,1,-1,1,1,54,8,125,1,6,-1,3,E01007799,0,3
2024501454558,2024,501454558,1,3,0,-1,19,6,2,-1,0,1,5,0,0,0,1,1,-1,6,1,36,7,125,1,7,-1,-1,-1,0,-1
2024010547221,2024,010547221,1,3,0,18,19,5,1,0,0,8,0,0,0,0,1,1,1,1,1,25,5,125,1,6,-1,10,E01003457,0,1
2024471490984,2024,471490984,2,3,0,-1,19,7,3,-1,0,8,0,0,0,0,0,1,-1,2,1,41,7,125,1,2,-1,1,E01020992,0,1
2024211458556,2024,211458556,1,3,0,-1,19,8,5,-1,0,3,2,0,0,0,0,1,-1,9,2,17,4,125,1,3,-1,4,E01029811,0,1
2024501511543,2024,501511543,1,3,0,-1,19,1,5,-1,0,1,0,4,1,10,1,1,-1,9,2,30,6,125,1,3,-1,3,E01015235,0,1
2024451439425,2024,451439425,2,3,0,-1,19,7,3,-1,0,0,0,0,0,0,4,1,-1,9,1,33,6,125,1,5,-1,6,E01004178,0,2
2024010545267,2024,010545267,1,3,0,18,19,7,3,0,0,1,5,0,0,0,1,1,1,1,1,35,6,125,1,6,PIAGGIO MEDLEY,8,E01002658,0,3
2024010512985,2024,010512985,1,3,0,99,99,9,9,99,99,9,9,99,9,99,9,1,6,6,1,37,7,125,1,1,PIAGGIO MEDLEY,2,E01001147,0,1
2024010542697,2024,010542697,1,3,0,18,19,1,5,0,0,0,0,0,0,0,1,1,1,1,1,25,5,125,1,8,PIAGGIO MEDLEY,8,E01001392,0,2
2024010505054,2024,010505054,1,3,0,99,99,9,9,99,99,9,9,99,9,99,9,1,6,6,1,29,6,125,1,1,PIAGGIO MEDLEY,4,E01004328,0,2
2024010551854,2024,010551854,1,3,0,3,3,5,1,0,0,1,0,0,0,0,1,1,6,6,1,30,6,125,1,2,PIAGGIO MEDLEY,4,E01000915,0,1
2024440009823,2024,440009823,1,4,0,5,5,1,5,0,0,1,1,0,0,0,4,1,1,1,1,25,5,125,1,1,PIAGGIO MEDLEY,3,E01023157,0,1
2024471439424,2024,471439424,1,3,0,-1,19,1,5,-1,0,0,0,0,0,0,0,1,-1,1,1,34,6,125,1,2,PIAGGIO MEDLEY,7,E01016913,0,1
2024010535466,2024,010535466,1,3,0,18,19,7,3,0,0,1,5,0,0,0,0,1,6,6,2,30,6,125,1,5,PIAGGIO MEDLEY,3,E01001705,0,3
2024010501362,2024,010501362,1,3,0,7,7,3,5,0,0,8,0,0,0,0,4,1,2,2,1,58,9,125,1,3,PIAGGIO MEDLEY,7,E01000898,0,1
2024010515799,2024,010515799,2,3,9,99,99,9,9,99,99,9,9,99,9,99,1,1,1,1,1,40,7,125,1,4,PIAGGIO MEDLEY,7,E01000492,0,1
2024131479004,2024,131479004,1,3,0,-1,19,5,1,-1,0,0,0,0,0,0,1,1,-1,9,1,17,4,125,1,0,PIAGGIO MEDLEY,2,E01007435,0,2
2024501455931,2024,501455931,1,3,0,-1,5,7,6,-1,0,6,2,0,0,0,4,1,-1,9,1,21,5,125,1,4,PIAGGIO MEDLEY,6,E01034634,0,1
2024010512187,2024,010512187,2,3,0,18,19,1,5,0,0,1,0,0,0,0,3,1,2,2,2,59,9,125,1,3,PIAGGIO MEDLEY,2,E01002069,0,2
2024010533499,2024,010533499,3,3,0,18,19,5,1,0,0,1,0,0,0,0,1,1,6,6,1,26,6,125,1,5,PIAGGIO MEDLEY,-1,-1,0,-1
2024010504566,2024,010504566,1,3,0,18,19,1,5,0,0,1,2,0,0,0,1,1,6,6,1,37,7,125,1,5,PIAGGIO MEDLEY,-1,-1,0,-1
2024361426741,2024,361426741,1,9,0,-1,19,7,3,-1,0,0,0,0,0,0,1,9,-1,9,1,51,8,1600,1,10,SUBARU IMPREZA,9,-1,0,5
2024320114769,2024,320114769,1,9,0,-1,-1,6,2,0,0,8,0,0,0,0,1,1,-1,-1,1,54,8,1994,1,22,SUBARU IMPREZA,5,E01026279,0,1
2024461428159,2024,461428159,1,9,0,-1,19,1,6,-1,0,0,0,0,0,0,1,1,-1,6,1,37,7,1994,1,23,SUBARU IMPREZA,6,E01024079,0,1
2024451421255,2024,451421255,3,9,0,-1,2,0,0,-1,-1,0,0,0,0,0,2,1,-1,6,-1,-1,-1,2457,1,14,SUBARU IMPREZA,-1,-1,0,-1
2024221450100,2024,221450100,1,9,0,-1,19,8,2,-1,0,8,0,0,7,4,1,1,-1,9,1,23,5,1990,1,22,SUBARU IMPREZA,7,E01014012,0,1
2024231505460,2024,231505460,2,9,0,-1,19,1,3,-1,0,3,0,0,0,0,1,9,-1,6,1,24,5,1498,1,13,SUBARU IMPREZA,6,E01026986,0,4
2024010533382,2024,010533382,2,9,0,99,99,9,9,99,99,9,9,99,9,99,4,9,2,2,1,30,6,1994,1,19,SUBARU IMPREZA,8,E01021332,0,3
2024201514942,2024,201514942,1,9,0,-1,19,7,3,-1,0,0,1,0,7,0,1,1,-1,9,1,19,4,1994,1,19,SUBARU IMPREZA,2,E01010560,0,1
2024631534077,2024,631534077,1,9,0,-1,19,1,5,-1,0,0,2,0,2,10,1,1,-1,6,1,40,7,2457,1,17,SUBARU IMPREZA,7,W01000548,0,1
2024031421254,2024,031421254,1,9,0,-1,19,1,5,-1,0,0,1,0,2,11,3,9,-1,9,1,31,6,1994,1,22,SUBARU IMPREZA,1,E01019193,0,1
2024552400646,2024,552400646,2,9,0,3,3,2,6,0,0,1,0,0,0,0,2,1,2,2,1,19,4,1994,1,22,SUBARU IMPREZA,3,E01020574,0,4
2024041411348,2024,041411348,1,9,0,-1,19,5,1,-1,0,0,0,0,0,0,3,1,-1,9,2,33,6,2457,1,18,SUBARU IMPREZA,6,E01010909,0,4
2024543684324,2024,543684324,1,9,0,16,19,5,1,0,0,0,1,0,0,0,1,1,6,6,1,23,5,1994,1,23,SUBARU IMPREZA,5,E01031845,0,1
2024440006849,2024,440006849,1,9,0,18,19,7,3,0,0,1,0,0,0,0,1,1,6,6,1,44,7,1994,1,22,SUBARU IMPREZA,2,E01023055,0,1
2024548755324,2024,548755324,1,9,0,9,9,6,4,0,0,6,0,0,0,0,3,1,1,1,1,37,7,1994,1,21,SUBARU IMPREZA,3,E01031963,0,1
2024161426338,2024,161426338,3,9,0,-1,2,0,0,-1,0,0,0,0,0,0,2,1,-1,6,-1,-1,-1,1994,1,14,SUBARU IMPREZA,-1,-1,0,-1
2024991495463,2024,991495463,1,9,0,-1,19,1,5,-1,0,2,5,7,0,0,1,1,-1,9,1,88,11,1600,1,8,SUBARU IMPREZA,6,-1,0,3
2024430029837,2024,430029837,1,9,0,18,19,5,1,0,0,4,5,9,0,11,1,1,6,6,1,33,6,1994,1,21,SUBARU IMPREZA,2,E01028450,0,1
2024531464893,2024,531464893,1,9,0,-1,19,1,5,-1,0,0,1,0,7,11,4,1,-1,9,1,26,6,1994,1,22,SUBARU IMPREZA,9,E01022394,0,1
2024552400048,2024,552400048,1,9,0,7,7,4,6,0,0,6,0,0,0,0,1,1,6,6,1,36,7,1996,1,21,SUBARU IMPREZA,8,E01015447,0,1
2024520402385,2024,520402385,1,9,0,18,19,2,6,0,0,0,0,0,0,0,1,1,6,6,1,27,6,1994,1,23,SUBARU IMPREZA,3,W01001474,0,4
2024440383618,2024,440383618,1,9,0,18,19,3,7,0,0,2,0,0,1,8,1,1,2,2,1,24,5,1994,1,19,SUBARU IMPREZA,10,E01022467,0,1
2024531470911,2024,531470911,2,9,0,-1,19,8,4,-1,0,8,0,0,0,0,3,1,-1,9,2,41,7,1994,1,19,SUBARU IMPREZA,6,E01022216,0,3
2024041452637,2024,041452637,1,9,0,-1,5,5,5,-1,0,0,0,0,0,0,1,1,-1,9,1,35,6,2000,1,29,SUBARU IMPREZA,6,E01025514,0,1
2024471476676,2024,471476676,1,9,0,-1,19,4,8,-1,0,0,1,0,7,4,2,1,-1,9,1,28,6,1994,1,22,SUBARU IMPREZA,9,E01022846,0,4
2024531438944,2024,531438944,2,9,0,-1,19,3,1,-1,0,1,0,0,0,0,1,1,-1,9,1,64,9,2457,1,15,SUBARU IMPREZA,6,E01022236,0,1
2024010499039,2024,010499039,2,9,9,18,19,9,9,99,99,1,9,99,9,99,1,9,6,6,3,-1,-1,1994,1,21,SUBARU IMPREZA,-1,-1,0,-1
2024340NN3572,2024,340NN3572,1,9,0,-1,9,3,1,-1,0,1,5,0,0,0,1,1,-1,9,1,31,6,1498,1,15,SUBARU IMPREZA,2,E01027105,0,1
2024320717734,2024,320717734,3,9,0,4,4,2,6,0,0,1,0,0,0,0,2,1,-1,-1,1,26,6,2457,1,17,SUBARU IMPREZA,-1,-1,0,-1
2024161423065,2024,161423065,3,9,0,-1,3,5,1,-1,0,8,0,0,0,0,1,1,-1,1,2,33,6,1994,1,17,SUBARU IMPREZA,7,E01013289,0,1
2024451413059,2024,451413059,1,9,0,-1,19,5,1,-1,0,0,0,0,0,0,4,1,-1,2,1,31,6,2457,1,18,SUBARU IMPREZA,5,E01030569,0,1
2024991492961,2024,991492961,1,9,0,-1,4,8,4,-1,0,8,0,0,0,0,2,1,-1,9,1,71,10,1994,1,19,SUBARU IMPREZA,8,-1,0,1
2024461483690,2024,461483690,1,9,0,-1,5,5,3,-1,0,2,0,0,0,0,3,1,-1,9,2,76,11,1994,1,23,SUBARU IMPREZA,7,E01032620,0,1
2024131456501,2024,131456501,2,9,0,-1,19,5,5,-1,0,1,0,0,1,0,1,1,-1,6,2,39,7,1994,1,22,SUBARU IMPREZA,5,E01011818,0,4
2024340WN6862,2024,340WN6862,1,9,0,-1,19,2,6,-1,0,0,0,0,2,6,3,1,-1,9,2,93,11,1600,1,7,SUBARU IMPREZA,9,E01028537,0,4
202460Q053306,2024,60Q053306,1,9,0,16,19,7,3,0,0,0,1,10,1,10,1,1,2,2,1,44,7,2457,1,18,SUBARU IMPREZA,-1,-1,0,-1
2024522403182,2024,522403182,1,9,0,9,9,3,1,0,0,6,0,0,0,0,2,1,6,6,1,46,8,2500,1,14,SUBARU IMPREZA,9,E01014933,0,1
2024131509617,2024,131509617,1,19,0,-1,9,7,5,-1,0,8,0,0,0,0,1,1,-1,1,1,61,9,1968,2,0,VOLKSWAGEN CADDY,1,E01025219,0,4
2024552400425,2024,552400425,1,19,0,18,19,3,7,0,0,1,0,0,0,0,1,1,6,6,1,27,6,1968,2,8,VOLKSWAGEN CADDY,6,E01029240,0,3
2024141432647,2024,141432647,3,19,0,-1,19,2,6,-1,0,0,0,0,0,0,2,1,-1,1,1,28,6,1968,2,2,VOLKSWAGEN CADDY,7,E01007483,0,4
2024201506336,2024,201506336,1,19,0,-1,19,4,8,-1,0,0,0,0,0,0,1,1,-1,6,1,37,7,1598,2,9,VOLKSWAGEN CADDY,5,E01031027,0,2
2024361407052,2024,361407052,2,19,0,-1,19,8,4,-1,0,1,0,0,0,0,1,1,-1,2,1,38,7,1598,2,13,VOLKSWAGEN CADDY,8,E01026560,0,1
2024371411169,2024,371411169,1,19,0,-1,5,-1,-1,-1,0,4,0,0,0,0,1,1,-1,6,1,30,6,1598,2,13,VOLKSWAGEN CADDY,6,E01030081,0,1
2024231437822,2024,231437822,1,19,0,-1,9,4,2,-1,0,8,0,0,0,0,1,9,-1,9,1,23,5,1598,2,10,VOLKSWAGEN CADDY,3,E01031176,0,1
2024010539172,2024,010539172,1,19,0,1,1,1,5,0,0,2,0,0,0,0,2,1,1,1,1,47,8,1197,1,6,VOLKSWAGEN CADDY,8,E01001541,0,2
2024411507117,2024,411507117,1,19,0,-1,19,5,8,-1,0,4,0,0,0,0,1,1,-1,2,1,39,7,1598,2,9,VOLKSWAGEN CADDY,8,E01023541,0,1
2024421488950,2024,421488950,2,19,0,-1,4,2,6,-1,0,0,0,0,0,0,2,1,-1,6,1,59,9,1968,2,1,VOLKSWAGEN CADDY,10,E01021580,0,3