collision_index,collision_year,collision_ref_no,vehicle_reference,vehicle_type,towing_and_articulation,vehicle_manoeuvre_historic,vehicle_manoeuvre,vehicle_direction_from,vehicle_direction_to,vehicle_location_restricted_lane_historic,vehicle_location_restricted_lane,junction_location,skidding_and_overturning,hit_object_in_carriageway,vehicle_leaving_carriageway,hit_object_off_carriageway,first_point_of_impact,vehicle_left_hand_drive,journey_purpose_of_driver_historic,journey_purpose_of_driver,sex_of_driver,age_of_driver,age_band_of_driver,engine_capacity_cc,propulsion_code,age_of_vehicle,generic_make_model,driver_imd_decile,lsoa_of_driver,escooter_flag,driver_distance_banding
2024070682684,2024,070682684,2,19,0,18,19,7,3,0,0,8,0,0,0,0,1,1,1,1,2,27,6,1598,2,10,VOLKSWAGEN CADDY,-1,-1,0,-1
2024531419232,2024,531419232,1,19,0,-1,4,3,7,-1,0,0,0,0,0,0,1,1,-1,6,1,31,6,1598,2,10,VOLKSWAGEN CADDY,3,E01022121,0,1
2024440027096,2024,440027096,2,19,0,3,3,3,7,0,0,0,0,0,0,0,2,1,6,6,3,-1,-1,1598,2,10,VOLKSWAGEN CADDY,-1,-1,0,-1
2024552401441,2024,552401441,1,19,0,6,6,6,6,0,0,0,0,0,0,0,3,1,2,2,1,24,5,1968,2,6,VOLKSWAGEN CADDY,3,E01017906,0,5
2024461433435,2024,461433435,2,9,0,-1,3,1,5,-1,0,0,0,0,0,0,2,9,-1,9,2,39,7,1598,2,9,VOLKSWAGEN CADDY,1,E01016161,0,2
2024440093780,2024,440093780,3,19,0,18,19,3,7,0,0,0,0,0,0,0,1,1,2,2,1,36,7,1968,2,15,VOLKSWAGEN CADDY,7,E01031543,0,3
2024320576464,2024,320576464,2,19,0,-1,-1,8,4,0,0,0,0,4,0,0,1,1,-1,-1,1,35,6,1598,2,11,VOLKSWAGEN CADDY,7,E01026330,0,1
2024421427209,2024,421427209,1,19,0,-1,19,7,3,-1,0,0,0,0,0,0,1,1,-1,1,1,49,8,1896,2,15,VOLKSWAGEN CADDY,3,E01015843,0,1
2024010550568,2024,010550568,1,3,0,-1,-1,5,1,0,0,1,0,4,0,0,1,1,1,1,1,31,6,1968,2,1,VOLKSWAGEN CADDY,2,E01001697,0,1
2024531519651,2024,531519651,1,19,0,-1,4,3,7,-1,0,4,0,0,0,0,1,1,-1,9,1,21,5,1968,2,20,VOLKSWAGEN CADDY,7,E01022179,0,3
2024430407340,2024,430407340,1,19,0,10,10,6,4,0,0,1,0,0,0,0,2,1,6,6,1,19,4,1598,2,12,VOLKSWAGEN CADDY,9,E01014752,0,4
2024131461436,2024,131461436,1,19,0,-1,19,3,7,-1,0,0,5,0,0,0,1,1,-1,6,-1,-1,-1,1896,2,15,VOLKSWAGEN CADDY,-1,-1,0,-1
2024302401633,2024,302401633,1,19,0,17,19,3,8,0,0,2,0,0,0,0,4,1,6,6,3,83,11,1896,2,19,VOLKSWAGEN CADDY,9,E01019602,0,2
2024231494921,2024,231494921,3,19,0,-1,4,6,2,-1,0,0,0,0,0,0,2,9,-1,6,1,26,6,1896,2,15,VOLKSWAGEN CADDY,6,E01009446,0,4
2024161498947,2024,161498947,2,19,0,-1,19,7,3,-1,0,0,0,0,0,0,9,9,-1,6,1,34,6,1598,2,11,VOLKSWAGEN CADDY,5,E01012829,0,2
2024991523436,2024,991523436,1,19,0,-1,9,5,3,-1,0,5,0,0,0,0,1,1,-1,6,1,30,6,1968,2,7,VOLKSWAGEN CADDY,-1,-1,0,-1
2024471454574,2024,471454574,1,9,0,-1,1,5,3,-1,9,0,0,0,0,0,2,1,-1,9,1,57,9,-1,-1,-1,VOLKSWAGEN CADDY,3,E01016909,0,1
2024461509706,2024,461509706,1,19,0,-1,5,0,7,-1,0,0,0,0,0,0,2,2,-1,2,1,27,6,1968,2,6,VOLKSWAGEN CADDY,9,E01024765,0,2
202454D347824,2024,54D347824,1,19,0,18,19,4,8,0,0,1,0,0,0,0,1,1,1,1,1,38,7,1598,2,10,VOLKSWAGEN CADDY,6,E01023183,0,4
2024991410615,2024,991410615,2,19,0,-1,9,6,3,-1,0,2,0,0,0,0,1,1,-1,9,1,52,8,1598,2,9,VOLKSWAGEN CADDY,2,-1,0,1
2024461504460,2024,461504460,2,19,0,-1,4,4,8,-1,0,0,1,0,0,0,3,9,-1,1,1,20,4,1968,2,1,VOLKSWAGEN CADDY,7,E01016103,0,2
2024211535305,2024,211535305,1,19,0,-1,19,5,5,-1,0,0,0,4,0,0,1,1,-1,9,2,42,7,1968,2,14,VOLKSWAGEN CADDY,6,E01014297,0,2
2024461533619,2024,461533619,1,19,0,-1,19,4,2,-1,0,4,0,0,0,0,1,1,-1,9,1,62,9,1896,2,18,VOLKSWAGEN CADDY,8,E01024473,0,1
2024041430191,2024,041430191,3,19,0,-1,19,8,4,-1,0,0,0,0,0,0,0,1,-1,1,1,31,6,1896,2,16,VOLKSWAGEN CADDY,3,E01018747,0,4
2024201460483,2024,201460483,1,19,0,-1,19,6,2,-1,0,8,0,0,0,0,1,9,-1,6,1,39,7,2000,1,13,VOLKSWAGEN CADDY,3,E01009458,0,1
2024451493570,2024,451493570,1,19,0,-1,4,3,5,-1,0,4,0,0,0,0,4,1,-1,2,1,55,8,1968,2,4,VOLKSWAGEN CADDY,9,E01030313,0,3
2024501474894,2024,501474894,2,19,0,-1,19,5,1,-1,0,0,0,0,1,0,1,1,-1,6,2,48,8,1968,2,6,VOLKSWAGEN CADDY,5,E01020049,0,1
202460Q052339,2024,60Q052339,3,19,0,3,3,1,5,0,0,0,0,0,0,0,1,1,1,1,1,27,6,1896,2,16,VOLKSWAGEN CADDY,-1,-1,0,-1
2024622400457,2024,622400457,1,19,0,18,19,6,2,0,0,1,0,0,0,0,1,1,6,6,1,40,7,1968,2,6,VOLKSWAGEN CADDY,1,W01000817,0,4
2024430610431,2024,430610431,1,19,0,18,19,2,6,0,0,1,0,0,0,0,1,1,6,6,1,48,8,1896,2,24,VOLKSWAGEN CADDY,2,E01028569,0,2
2024361518582,2024,361518582,1,19,0,-1,19,8,4,-1,0,0,0,4,0,0,1,1,-1,1,1,47,8,1598,2,13,VOLKSWAGEN CADDY,6,E01026615,0,1
2024052401180,2024,052401180,1,19,0,9,9,7,5,0,0,6,0,0,0,0,4,2,1,1,1,34,6,1968,2,4,VOLKSWAGEN CADDY,1,E01033747,0,1
2024010526714,2024,010526714,2,19,0,7,7,5,8,0,0,5,0,0,0,0,4,1,1,1,1,43,7,1598,2,8,VOLKSWAGEN CADDY,6,E01004165,0,1
2024061430268,2024,061430268,1,9,0,-1,19,5,1,-1,0,0,0,0,1,0,2,1,-1,9,2,-1,-1,1968,2,11,VOLKSWAGEN CADDY,2,E01015608,0,5
2024520002936,2024,520002936,1,19,0,2,2,0,0,0,0,1,0,0,0,0,1,1,6,6,1,29,6,1968,2,7,VOLKSWAGEN CADDY,6,-1,0,5
2024461528992,2024,461528992,1,9,0,-1,19,7,3,-1,0,1,0,0,0,0,1,1,-1,9,1,44,7,-1,-1,-1,VOLKSWAGEN CADDY,2,E01024684,0,1
2024440482390,2024,440482390,1,9,0,3,3,3,7,0,0,1,0,0,0,0,2,1,2,2,1,62,9,1598,2,13,VOLKSWAGEN CADDY,5,E01034554,0,2
2024421461337,2024,421461337,3,19,0,-1,19,5,1,-1,0,0,0,0,0,0,1,1,-1,2,1,33,6,1968,2,2,VOLKSWAGEN CADDY,9,E01021828,0,3
2024010547332,2024,010547332,1,19,0,10,10,8,6,0,0,1,0,0,0,0,0,1,6,6,1,59,9,999,1,7,VOLKSWAGEN CADDY,3,E01003977,0,2
2024061424403,2024,061424403,2,19,0,-1,-1,-1,-1,-1,-1,-1,-1,-1,-1,0,-1,1,-1,6,3,-1,-1,1598,2,13,VOLKSWAGEN CADDY,-1,-1,0,-1
2024461422607,2024,461422607,2,19,0,-1,19,3,7,-1,0,0,0,0,1,4,2,1,-1,6,1,32,6,1968,2,16,VOLKSWAGEN CADDY,-1,-1,0,-1
2024501516897,2024,501516897,2,19,0,-1,7,4,6,-1,4,5,9,0,0,0,4,1,-1,6,1,27,6,1598,2,13,VOLKSWAGEN CADDY,5,E01015070,0,1
2024311416268,2024,311416268,1,19,0,-1,8,7,1,-1,0,4,0,0,0,0,1,1,-1,6,1,20,4,1968,2,2,VOLKSWAGEN CADDY,3,E01026033,0,4
2024421503037,2024,421503037,1,19,0,-1,19,7,3,-1,0,0,0,0,0,0,1,1,-1,6,1,50,8,1896,2,15,VOLKSWAGEN CADDY,-1,-1,0,-1
2024461504981,2024,461504981,1,19,0,-1,10,5,3,-1,0,1,0,0,0,0,1,2,-1,6,1,54,8,1395,1,5,VOLKSWAGEN CADDY,6,E01024276,0,2
2024061422974,2024,061422974,2,9,0,-1,19,2,7,-1,0,1,0,0,0,0,1,1,-1,9,1,36,7,1598,2,11,VOLKSWAGEN CADDY,1,E01005104,0,1
2024531524443,2024,531524443,2,19,0,-1,19,5,1,-1,0,1,1,0,7,11,1,1,-1,1,1,33,6,1598,2,12,VOLKSWAGEN CADDY,10,E01032940,0,4
2024211452772,2024,211452772,1,19,-1,-1,7,5,3,-1,-1,-1,-1,-1,-1,0,-1,9,-1,6,1,55,8,1968,2,1,VOLKSWAGEN CADDY,10,E01029700,0,4
2024231520024,2024,231520024,1,19,0,-1,5,5,1,-1,0,6,0,0,0,0,1,1,-1,2,1,38,7,999,1,4,VOLKSWAGEN CADDY,6,E01027269,0,4
2024052400218,2024,052400218,1,9,0,18,19,2,6,0,0,1,0,0,0,0,1,1,1,1,1,20,4,-1,-1,-1,VOLKSWAGEN CADDY,1,E01006728,0,1
2024430598619,2024,430598619,3,19,0,18,19,8,4,0,0,0,0,0,0,0,1,1,6,6,1,-1,-1,1968,2,15,VOLKSWAGEN CADDY,-1,-1,0,-1
2024991494097,2024,991494097,3,19,0,-1,2,0,0,-1,0,0,0,0,0,0,1,1,-1,6,-1,-1,-1,1968,2,4,VOLKSWAGEN CADDY,-1,-1,0,-1
2024411443113,2024,411443113,1,9,-1,-1,1,1,5,-1,0,1,0,0,0,0,2,9,-1,6,1,36,7,1896,2,14,VOLKSWAGEN CADDY,8,E01034451,0,4
2024351567930,2024,351567930,3,19,0,-1,5,5,3,-1,0,4,0,0,0,0,1,1,-1,1,1,59,9,1968,2,7,VOLKSWAGEN CADDY,9,E01018038,0,4
2024471522418,2024,471522418,1,19,0,-1,5,7,4,-1,0,8,0,0,0,0,1,1,-1,9,1,21,5,1598,2,11,VOLKSWAGEN CADDY,1,E01016942,0,1
2024440196091,2024,440196091,2,19,0,18,19,1,5,0,0,8,0,0,0,0,4,1,2,2,1,21,5,1598,2,11,VOLKSWAGEN CADDY,9,E01035438,0,3
2024451434451,2024,451434451,1,9,0,-1,19,2,6,-1,0,8,2,0,1,2,1,1,-1,9,1,34,6,-1,-1,-1,VOLKSWAGEN CADDY,7,E01023123,0,4
2024552401501,2024,552401501,1,9,0,9,9,1,7,0,0,6,0,0,0,0,1,1,6,6,2,75,10,1598,2,9,VOLKSWAGEN CADDY,7,E01020509,0,3
2024430471554,2024,430471554,2,19,0,9,9,1,7,0,0,5,0,0,0,0,3,1,1,1,1,70,10,1968,2,5,VOLKSWAGEN CADDY,7,E01032352,0,4
2024101530025,2024,101530025,1,8,0,-1,19,5,1,-1,0,0,0,0,0,0,4,1,-1,1,1,71,10,1896,2,15,VOLKSWAGEN CADDY,4,E01008494,0,1
2024010538962,2024,010538962,2,19,0,13,13,3,7,0,0,3,0,0,0,0,2,1,6,6,3,-1,-1,1968,2,17,VOLKSWAGEN CADDY,-1,-1,0,-1
2024201471748,2024,201471748,2,8,0,-1,2,0,0,-1,0,8,0,0,0,0,1,1,-1,6,1,30,6,1598,2,10,VOLKSWAGEN CADDY,5,E01009284,0,1
2024010512202,2024,010512202,3,9,0,2,2,0,0,0,0,2,0,0,0,0,2,1,6,6,3,-1,-1,1598,2,9,VOLKSWAGEN CADDY,-1,-1,0,-1
2024311472852,2024,311472852,1,19,0,-1,19,1,1,-1,0,0,0,0,0,0,3,1,-1,1,1,20,4,1968,2,1,VOLKSWAGEN CADDY,10,E01028137,0,1
2024302401597,2024,302401597,2,19,0,18,19,4,8,0,0,0,0,0,0,0,1,1,6,6,1,26,6,1968,2,0,VOLKSWAGEN CADDY,1,E01005136,0,4
2024031413413,2024,031413413,1,19,0,-1,1,6,2,-1,0,8,0,0,0,0,3,1,-1,6,1,-1,-1,1968,2,2,VOLKSWAGEN CADDY,-1,-1,0,-1
2024201458867,2024,201458867,1,19,0,-1,9,8,5,-1,0,5,0,0,0,0,1,9,-1,6,1,21,5,1598,2,10,VOLKSWAGEN CADDY,2,E01009254,0,2
2024161527449,2024,161527449,1,19,0,-1,19,2,6,-1,0,0,0,4,0,0,1,1,-1,1,1,55,8,1598,2,12,VOLKSWAGEN CADDY,6,E01012810,0,2
2024320118649,2024,320118649,1,19,0,-1,-1,5,1,0,0,2,0,0,0,0,1,1,2,2,1,47,8,1598,2,9,VOLKSWAGEN CADDY,7,E01035476,0,4
2024471526116,2024,471526116,1,19,0,-1,19,3,7,-1,0,0,0,0,7,1,1,1,-1,6,1,29,6,1968,2,2,VOLKSWAGEN CADDY,9,E01016959,0,2
2024451521335,2024,451521335,3,19,0,-1,2,0,0,-1,0,0,0,0,0,0,3,1,-1,6,3,-1,-1,1968,2,7,VOLKSWAGEN CADDY,-1,-1,0,-1
2024111528634,2024,111528634,2,19,0,-1,8,2,5,-1,0,1,0,0,0,0,3,1,-1,9,1,32,6,1968,2,8,VOLKSWAGEN CADDY,1,E01020762,0,1
2024041404140,2024,041404140,1,19,0,-1,19,1,5,-1,0,0,0,0,0,0,4,1,-1,9,1,27,6,1896,2,17,VOLKSWAGEN CADDY,9,E01028839,0,5
2024361521530,2024,361521530,2,19,0,-1,19,6,3,-1,0,1,0,0,0,0,4,1,-1,2,1,37,7,1968,2,14,VOLKSWAGEN CADDY,3,E01026453,0,4
2024320677552,2024,320677552,1,8,0,-1,-1,6,2,0,0,1,0,0,0,0,1,1,6,6,1,53,8,1598,2,10,VOLKSWAGEN CADDY,3,E01026017,0,3
2024340NN2612,2024,340NN2612,1,19,0,-1,19,5,3,-1,0,8,0,0,7,0,4,1,-1,6,1,22,5,1598,2,11,VOLKSWAGEN CADDY,10,E01035410,0,2
2024430226304,2024,430226304,2,19,0,18,19,5,1,0,0,0,0,0,0,0,3,1,1,1,1,28,6,1896,2,16,VOLKSWAGEN CADDY,7,E01028512,0,2
2024520401704,2024,520401704,2,19,0,18,19,3,7,0,0,1,0,0,0,0,2,1,6,6,1,24,5,1968,2,11,VOLKSWAGEN CADDY,8,E01029145,0,2
2024131492568,2024,131492568,1,19,0,-1,5,7,3,-1,0,0,0,0,0,0,1,1,-1,6,1,77,11,1968,2,11,VOLKSWAGEN CADDY,8,W01000458,0,5
2024211457459,2024,211457459,1,19,0,-1,3,6,5,-1,0,1,0,0,0,0,1,1,-1,6,1,30,6,1197,1,5,VOLKSWAGEN CADDY,3,E01029538,0,2
2024031440998,2024,031440998,1,9,0,-1,19,4,1,-1,9,0,0,0,1,99,1,1,-1,2,1,26,6,-1,-1,-1,VOLKSWAGEN CADDY,4,E01019364,0,1
2024520402528,2024,520402528,2,9,0,18,19,2,6,0,0,8,0,0,0,0,1,1,6,6,1,51,8,1598,2,9,VOLKSWAGEN CADDY,3,E01029248,0,3
2024501484882,2024,501484882,1,19,0,-1,4,5,1,-1,0,1,0,0,0,0,2,1,-1,2,1,27,6,1598,2,13,VOLKSWAGEN CADDY,4,E01015071,0,1
2024221401733,2024,221401733,2,19,0,-1,9,5,3,-1,0,6,0,0,0,0,3,9,-1,6,1,25,5,1598,2,12,VOLKSWAGEN CADDY,9,E01032273,0,2
2024471466252,2024,471466252,1,19,0,-1,19,7,3,-1,0,4,0,0,7,4,1,1,-1,6,1,30,6,1896,2,18,VOLKSWAGEN CADDY,7,E01031837,0,2
2024501431314,2024,501431314,1,19,0,-1,19,1,5,-1,0,0,5,11,0,0,1,1,-1,9,1,18,4,1598,2,11,VOLKSWAGEN CADDY,4,E01018908,0,2
2024131517363,2024,131517363,1,19,0,-1,19,7,3,-1,0,1,0,11,0,0,1,1,-1,6,1,38,7,1598,2,11,VOLKSWAGEN CADDY,1,E01010843,0,2
2024041446586,2024,041446586,3,9,0,-1,10,2,4,-1,0,6,0,0,1,0,1,1,-1,7,1,45,7,1598,2,10,VOLKSWAGEN CADDY,7,E01006182,0,4
2024161448209,2024,161448209,2,8,0,-1,19,1,5,-1,0,0,0,0,0,0,4,1,-1,1,2,33,6,1598,2,10,VOLKSWAGEN CADDY,1,E01012865,0,1
2024631497426,2024,631497426,1,19,0,-1,19,2,5,-1,0,8,1,0,1,10,4,1,-1,9,1,17,4,1896,2,16,VOLKSWAGEN CADDY,4,W01000685,0,2
2024302400924,2024,302400924,1,19,0,5,5,4,8,0,0,4,0,0,0,0,1,1,1,1,1,32,6,1598,2,13,VOLKSWAGEN CADDY,6,E01027997,0,4
2024622500020,2024,622500020,1,19,0,18,19,8,4,0,0,1,0,4,1,1,0,1,6,6,1,63,9,1598,2,9,VOLKSWAGEN CADDY,6,W01001228,0,2
2024201438874,2024,201438874,1,9,0,-1,19,4,8,-1,0,0,0,0,0,0,1,1,-1,1,1,61,9,1598,2,12,VOLKSWAGEN CADDY,1,E01009486,0,1
2024991413097,2024,991413097,1,19,0,-1,13,2,6,-1,0,8,0,0,0,0,3,1,-1,9,1,36,7,1598,2,14,VOLKSWAGEN CADDY,6,-1,0,4
2024501410332,2024,501410332,2,19,0,-1,19,3,7,-1,0,1,1,0,7,10,1,1,-1,6,1,70,10,1598,2,12,VOLKSWAGEN CADDY,5,E01020068,0,1
2024501410930,2024,501410930,1,9,0,-1,19,7,3,-1,0,0,0,0,0,0,1,9,-1,6,2,39,7,1598,2,12,VOLKSWAGEN CADDY,7,E01015203,0,1
2024440459325,2024,440459325,2,9,0,18,19,7,3,0,0,8,0,0,0,0,3,1,6,6,1,41,7,-1,-1,-1,VOLKSWAGEN CADDY,2,E01017239,0,1
2024421491930,2024,421491930,1,19,0,-1,5,8,4,-1,0,4,0,0,0,0,1,1,-1,6,1,34,6,1896,2,16,VOLKSWAGEN CADDY,6,E01021715,0,1
2024461490263,2024,461490263,1,9,0,-1,1,1,5,-1,0,1,0,0,0,0,2,1,-1,6,1,25,5,-1,-1,-1,VOLKSWAGEN CADDY,1,E01024676,0,1
2024552401474,2024,552401474,2,19,0,9,9,4,3,0,0,5,0,0,0,0,3,1,2,2,1,29,6,1968,2,5,VOLKSWAGEN CADDY,5,E01020587,0,1
2024061408868,2024,061408868,1,19,-1,-1,-1,-1,-1,-1,-1,0,-1,-1,-1,0,-1,9,-1,9,1,49,8,1968,2,7,VOLKSWAGEN CADDY,1,E01005432,0,1
2024371434459,2024,371434459,2,19,0,-1,19,3,7,-1,0,8,0,0,0,0,1,1,-1,9,1,46,8,1896,2,17,VOLKSWAGEN CADDY,1,E01030291,0,4
2024631430248,2024,631430248,1,19,0,-1,19,8,4,-1,0,8,1,0,3,11,1,1,-1,9,1,24,5,1968,2,16,VOLKSWAGEN CADDY,1,W01000631,0,1
2024471432281,2024,471432281,2,19,0,-1,19,1,5,-1,0,0,0,0,7,0,3,1,-1,1,1,62,9,1968,2,18,VOLKSWAGEN CADDY,7,E01030864,0,3
2024052400069,2024,052400069,1,19,0,16,19,1,5,0,0,0,0,0,0,0,3,1,6,6,1,77,11,1598,2,8,VOLKSWAGEN CADDY,1,E01034401,0,3
2024201439298,2024,201439298,1,19,0,-1,5,6,2,-1,0,6,0,0,0,0,1,1,-1,6,1,28,6,1968,2,14,VOLKSWAGEN CADDY,4,E01009186,0,1
2024440126354,2024,440126354,1,19,0,18,19,3,7,0,0,8,0,0,0,0,4,1,6,6,1,38,7,1896,2,16,VOLKSWAGEN CADDY,5,E01022814,0,1
2024471505761,2024,471505761,2,9,0,-1,15,4,8,-1,0,1,0,0,0,0,0,9,-1,6,1,36,7,-1,-1,-1,VOLKSWAGEN CADDY,4,E01031522,0,2
2024010516202,2024,010516202,1,19,0,18,19,5,1,0,0,8,0,0,0,0,1,1,6,6,3,-1,-1,1598,2,9,VOLKSWAGEN CADDY,-1,-1,0,-1
2024461465650,2024,461465650,1,19,0,-1,19,5,7,-1,0,0,1,0,0,0,4,9,-1,6,3,-1,-1,1598,2,13,VOLKSWAGEN CADDY,-1,-1,0,-1
2024451449223,2024,451449223,1,19,0,-1,19,2,6,-1,0,0,0,0,0,0,2,1,-1,9,1,29,6,1598,2,10,VOLKSWAGEN CADDY,10,E01031615,0,3
2024231479573,2024,231479573,1,9,0,-1,19,7,3,-1,0,4,0,10,2,2,1,9,-1,6,1,24,5,-1,-1,-1,VOLKSWAGEN CADDY,4,E01031032,0,2
2024411541256,2024,411541256,1,19,0,-1,9,8,6,-1,0,1,1,4,1,0,1,1,-1,6,1,36,7,1598,2,10,VOLKSWAGEN CADDY,3,E01023756,0,4
2024320391037,2024,320391037,1,19,0,9,9,4,8,0,0,8,0,0,0,0,1,1,-1,-1,2,25,5,1968,2,8,VOLKSWAGEN CADDY,4,E01026055,0,1
2024461435336,2024,461435336,1,8,0,-1,19,1,5,-1,0,1,0,0,0,0,1,1,-1,9,1,58,9,1598,2,9,VOLKSWAGEN CADDY,2,E01016040,0,3
2024520402199,2024,520402199,1,19,0,18,19,8,5,0,0,8,0,0,0,0,1,1,6,6,1,56,9,1598,2,10,VOLKSWAGEN CADDY,7,E01029028,0,3
2024461468646,2024,461468646,1,19,0,-1,19,7,3,-1,0,0,0,0,0,0,1,9,-1,6,1,-1,-1,1968,2,14,VOLKSWAGEN CADDY,5,E01024202,0,1
2024052402788,2024,052402788,2,9,0,5,5,1,5,0,0,1,0,0,0,0,3,1,1,1,1,32,6,1598,2,11,VOLKSWAGEN CADDY,1,E01006637,0,2
2024122401293,2024,122401293,3,9,0,10,10,3,7,0,0,1,0,0,0,0,2,1,6,6,1,72,10,1598,2,8,VOLKSWAGEN CADDY,9,-1,0,5
2024231460052,2024,231460052,2,19,0,-1,19,1,5,-1,0,0,0,0,0,0,4,9,-1,1,1,59,9,1896,2,18,VOLKSWAGEN CADDY,9,E01009665,0,2
2024421478426,2024,421478426,1,9,0,-1,19,5,1,-1,0,0,0,0,0,0,1,1,-1,6,1,28,6,-1,-1,-1,VOLKSWAGEN CADDY,-1,-1,0,-1
2024501456921,2024,501456921,1,9,0,-1,9,8,6,-1,0,8,0,0,0,0,4,1,-1,9,1,59,9,-1,-1,-1,VOLKSWAGEN CADDY,4,E01018863,0,1
2024520403237,2024,520403237,2,19,0,1,1,6,2,0,0,0,0,0,0,0,2,1,6,6,3,-1,-1,1598,2,11,VOLKSWAGEN CADDY,-1,-1,0,-1
2024501408099,2024,501408099,2,19,0,-1,19,5,1,-1,0,1,0,0,1,11,1,1,-1,6,2,30,6,1968,2,7,VOLKSWAGEN CADDY,5,E01018938,0,1
2024631473360,2024,631473360,2,19,0,-1,4,4,8,-1,0,8,0,0,0,0,2,1,-1,6,2,52,8,1395,1,5,VOLKSWAGEN CADDY,9,W01000609,0,1
2024201516268,2024,201516268,1,19,0,-1,9,8,5,-1,0,8,0,0,0,0,1,1,-1,1,1,58,9,1968,2,7,VOLKSWAGEN CADDY,7,E01029613,0,1
2024041417774,2024,041417774,1,19,0,-1,19,5,1,-1,0,1,0,0,0,0,1,1,-1,9,1,63,9,1968,2,7,VOLKSWAGEN CADDY,6,E01012659,0,1
2024501483547,2024,501483547,1,19,0,-1,4,3,7,-1,0,0,0,0,0,0,1,1,-1,9,1,37,7,1968,2,8,VOLKSWAGEN CADDY,5,E01034853,0,4
2024052400219,2024,052400219,1,19,0,18,19,1,5,0,0,2,0,0,0,0,4,1,2,2,1,26,6,1968,2,8,VOLKSWAGEN CADDY,5,E01006802,0,3
2024161513681,2024,161513681,2,19,0,-1,19,1,5,-1,0,0,0,0,0,0,1,1,-1,2,1,37,7,1598,2,10,VOLKSWAGEN CADDY,1,E01035464,0,1
2024440111717,2024,440111717,1,19,0,5,5,1,5,0,0,1,0,0,0,0,2,1,1,1,1,-1,-1,1598,2,11,VOLKSWAGEN CADDY,-1,-1,0,-1
2024302401455,2024,302401455,2,19,0,2,2,0,0,0,0,0,0,0,0,0,3,1,6,6,3,-1,-1,1968,2,14,VOLKSWAGEN CADDY,-1,-1,0,-1
2024061490153,2024,061490153,2,19,0,-1,7,1,3,-1,4,8,0,0,0,0,4,1,-1,6,1,-1,-1,1598,2,12,VOLKSWAGEN CADDY,-1,-1,0,-1
2024401519759,2024,401519759,1,8,0,-1,19,7,3,-1,0,0,0,0,0,0,1,9,-1,6,3,-1,-1,1896,2,14,VOLKSWAGEN CADDY,-1,-1,0,-1
2024302401571,2024,302401571,2,19,0,2,2,0,0,9,9,2,0,0,0,0,2,1,6,6,1,48,8,1968,2,6,VOLKSWAGEN CADDY,-1,-1,0,-1
2024010518162,2024,010518162,1,19,0,18,19,3,7,0,0,2,0,0,0,0,1,1,1,1,1,41,7,1395,1,5,VOLKSWAGEN CADDY,4,E01000402,0,3
2024991511073,2024,991511073,1,19,0,-1,19,4,8,-1,0,0,0,0,2,0,3,1,-1,1,1,46,8,1968,2,0,VOLKSWAGEN CADDY,4,E01010746,0,5
2024622400578,2024,622400578,1,19,0,18,19,2,6,0,0,0,0,0,0,0,1,1,6,6,1,22,5,1598,2,13,VOLKSWAGEN CADDY,9,W01001190,0,2
2024411502099,2024,411502099,1,9,0,-1,19,1,5,-1,0,0,0,0,0,0,1,1,-1,6,1,62,9,-1,-1,-1,VOLKSWAGEN CADDY,3,E01017595,0,4
2024010526876,2024,010526876,1,19,0,9,9,5,3,0,0,8,0,0,0,0,4,1,1,1,1,26,6,1968,2,1,VOLKSWAGEN CADDY,3,E01001981,0,2
2024061452170,2024,061452170,1,19,0,-1,4,-1,-1,-1,0,0,0,0,0,0,2,1,-1,1,1,29,6,1968,2,4,VOLKSWAGEN CADDY,6,E01006867,0,4
2024061526176,2024,061526176,1,19,0,-1,7,4,6,-1,0,2,0,0,0,0,-1,9,-1,6,3,-1,-1,1598,2,13,VOLKSWAGEN CADDY,-1,-1,0,-1
2024501420632,2024,501420632,1,9,0,-1,5,5,1,-1,0,1,0,4,0,0,1,1,-1,9,2,65,9,1598,2,11,VOLKSWAGEN CADDY,9,E01019937,0,1
2024552400999,2024,552400999,1,19,0,18,19,8,4,0,0,7,0,0,0,0,1,1,2,2,2,63,9,1896,2,19,VOLKSWAGEN CADDY,5,E01020364,0,1
2024101526902,2024,101526902,1,20,0,-1,19,3,7,-1,0,0,0,0,0,0,1,1,-1,1,2,31,6,-1,-1,-1,VOLKSWAGEN CADDY,2,E01008401,0,2
2024010501138,2024,010501138,2,19,0,3,3,6,2,0,0,1,0,0,0,0,2,1,1,1,1,31,6,1968,2,6,VOLKSWAGEN CADDY,3,E01026740,0,5
2024041451036,2024,041451036,1,19,0,-1,19,7,3,-1,0,0,1,0,0,0,1,1,-1,9,1,28,6,1598,2,10,VOLKSWAGEN CADDY,8,E01025561,0,2
2024430339574,2024,430339574,1,9,0,18,19,6,2,0,0,0,1,0,0,0,1,1,6,6,1,45,7,1598,2,9,VOLKSWAGEN CADDY,-1,-1,0,-1
2024070082150,2024,070082150,2,19,0,17,19,5,7,0,0,0,0,0,0,0,3,1,2,2,1,59,9,1968,2,1,VOLKSWAGEN CADDY,2,E01005671,0,4
2024471495020,2024,471495020,3,9,0,-1,19,3,7,-1,0,0,0,0,0,0,0,1,-1,2,1,48,8,-1,-1,-1,VOLKSWAGEN CADDY,9,E01031793,0,1
2024552401213,2024,552401213,1,9,0,18,19,4,8,9,9,0,0,11,1,11,4,1,6,6,1,84,11,1968,2,5,VOLKSWAGEN CADDY,10,E01020559,0,1
2024351458321,2024,351458321,2,19,0,-1,4,1,5,-1,0,0,0,0,0,0,2,1,-1,1,1,63,9,1598,2,10,VOLKSWAGEN CADDY,8,E01015645,0,4