collision_index,collision_year,collision_ref_no,vehicle_reference,vehicle_type,towing_and_articulation,vehicle_manoeuvre_historic,vehicle_manoeuvre,vehicle_direction_from,vehicle_direction_to,vehicle_location_restricted_lane_historic,vehicle_location_restricted_lane,junction_location,skidding_and_overturning,hit_object_in_carriageway,vehicle_leaving_carriageway,hit_object_off_carriageway,first_point_of_impact,vehicle_left_hand_drive,journey_purpose_of_driver_historic,journey_purpose_of_driver,sex_of_driver,age_of_driver,age_band_of_driver,engine_capacity_cc,propulsion_code,age_of_vehicle,generic_make_model,driver_imd_decile,lsoa_of_driver,escooter_flag,driver_distance_banding
2024201409187,2024,201409187,1,19,0,-1,19,6,2,-1,0,0,0,11,0,0,1,1,-1,6,1,49,8,1968,2,20,VOLKSWAGEN CADDY,1,E01010102,0,1
2024122400663,2024,122400663,1,19,0,12,12,2,6,0,0,3,0,0,0,0,4,1,6,6,1,36,7,1968,2,6,VOLKSWAGEN CADDY,1,E01033672,0,4
2024302401445,2024,302401445,1,19,0,9,9,1,7,0,0,6,0,0,0,0,4,1,2,2,1,48,8,1968,2,8,VOLKSWAGEN CADDY,7,E01019680,0,1
2024520402677,2024,520402677,1,9,0,18,19,3,7,0,0,0,5,0,0,0,1,1,6,6,1,17,4,-1,-1,-1,VOLKSWAGEN CADDY,2,E01029105,0,4
2024010509026,2024,010509026,1,19,0,3,3,5,1,0,0,1,0,0,0,0,2,1,2,2,1,30,6,1968,2,5,VOLKSWAGEN CADDY,10,E01023456,0,4
2024332400269,2024,332400269,3,19,0,-1,19,8,4,-1,0,8,0,0,1,0,1,1,-1,9,1,64,9,1896,2,15,VOLKSWAGEN CADDY,10,E01025734,0,2
2024351409334,2024,351409334,1,9,0,-1,13,6,2,-1,0,8,0,0,0,0,4,2,-1,6,1,48,8,1598,2,9,VOLKSWAGEN CADDY,5,E01017961,0,1
2024991421330,2024,991421330,2,8,0,-1,19,5,8,-1,0,0,0,0,0,0,1,1,-1,9,1,71,10,1598,2,13,VOLKSWAGEN CADDY,-1,-1,0,-1
2024010509259,2024,010509259,1,19,0,18,19,3,7,0,0,4,0,0,0,0,1,1,6,6,1,68,10,1968,2,8,VOLKSWAGEN CADDY,7,E01003738,0,1
2024041487502,2024,041487502,1,19,0,-1,19,7,3,-1,0,0,0,0,1,0,1,1,-1,1,1,55,8,1968,2,17,VOLKSWAGEN CADDY,6,E01025486,0,2
2024471398254,2024,471398254,4,19,0,-1,19,7,3,-1,0,0,0,0,0,0,1,1,-1,6,1,21,5,1598,2,9,VOLKSWAGEN CADDY,9,E01031496,0,1
2024411538987,2024,411538987,4,19,0,-1,2,0,0,-1,0,2,0,0,0,0,2,1,-1,6,-1,-1,-1,1968,2,17,VOLKSWAGEN CADDY,-1,-1,0,-1
2024010537618,2024,010537618,2,19,0,-1,-1,3,7,0,0,8,0,0,0,0,4,1,2,2,1,46,8,1968,2,3,VOLKSWAGEN CADDY,-1,-1,0,-1
2024010539913,2024,010539913,1,19,0,5,5,1,5,0,0,0,0,0,0,0,1,1,6,6,1,-1,-1,1968,2,5,VOLKSWAGEN CADDY,2,E01003051,0,1
2024361408173,2024,361408173,1,19,0,-1,19,2,6,-1,0,1,0,0,1,0,1,1,-1,1,1,60,9,1598,2,11,VOLKSWAGEN CADDY,6,E01029944,0,3
2024411519211,2024,411519211,2,19,0,-1,19,1,5,-1,0,8,0,0,0,0,1,1,-1,6,1,40,7,1598,2,9,VOLKSWAGEN CADDY,10,E01023473,0,4
2024631464399,2024,631464399,1,19,0,-1,19,2,6,-1,0,6,0,0,0,0,1,1,-1,6,1,37,7,1968,2,14,VOLKSWAGEN CADDY,4,W01000591,0,3
2024421532825,2024,421532825,2,19,0,-1,10,3,1,-1,0,5,0,0,0,0,1,1,-1,2,1,51,8,1968,2,17,VOLKSWAGEN CADDY,5,E01021922,0,2
2024371472452,2024,371472452,1,9,0,-1,19,5,1,-1,0,1,0,0,0,0,1,1,-1,1,1,40,7,1598,2,9,VOLKSWAGEN CADDY,3,E01030278,0,1
2024010509082,2024,010509082,1,19,0,10,10,6,3,0,0,8,0,0,0,0,3,1,1,1,1,54,8,1968,2,5,VOLKSWAGEN CADDY,1,E01002853,0,1
2024631428149,2024,631428149,1,19,0,-1,19,8,4,-1,-1,5,5,0,7,0,1,1,-1,6,1,67,10,1598,2,9,VOLKSWAGEN CADDY,7,W01000484,0,1
2024070259154,2024,070259154,1,19,0,18,19,5,1,0,0,0,0,0,4,6,3,1,6,6,1,20,4,1598,2,9,VOLKSWAGEN CADDY,4,E01029820,0,4
2024031507152,2024,031507152,1,19,0,-1,5,3,6,-1,0,6,0,0,0,0,3,1,-1,1,1,27,6,1968,2,14,VOLKSWAGEN CADDY,5,E01019394,0,1
2024320308278,2024,320308278,1,19,0,-1,-1,4,8,0,0,0,5,0,1,9,1,1,-1,-1,1,41,7,1598,2,9,VOLKSWAGEN CADDY,4,E01026016,0,3
2024631442077,2024,631442077,1,19,0,-1,5,2,6,-1,0,6,0,0,0,0,1,1,-1,2,1,46,8,1968,2,14,VOLKSWAGEN CADDY,4,W01000535,0,3
2024440502011,2024,440502011,2,19,0,18,19,1,5,0,0,1,0,0,0,0,1,1,1,1,1,33,6,1598,2,11,VOLKSWAGEN CADDY,9,E01022978,0,4
2024411473690,2024,411473690,1,19,0,-1,19,1,5,-1,0,0,0,0,0,0,1,1,-1,1,1,35,6,1598,2,9,VOLKSWAGEN CADDY,8,E01023315,0,1
2024991433033,2024,991433033,1,19,0,-1,19,4,8,-1,0,0,0,0,0,0,1,1,-1,1,1,62,9,1968,2,5,VOLKSWAGEN CADDY,-1,-1,0,-1
2024421410462,2024,421410462,2,19,0,-1,19,3,7,-1,0,7,0,0,0,0,2,1,-1,6,1,-1,-1,1968,2,2,VOLKSWAGEN CADDY,-1,-1,0,-1
2024101437091,2024,101437091,2,9,0,-1,9,7,5,-1,0,8,0,0,0,0,4,1,-1,6,1,61,9,-1,-1,-1,VOLKSWAGEN CADDY,4,E01008764,0,3
2024041478539,2024,041478539,2,19,0,-1,19,1,5,-1,0,0,0,0,0,0,1,1,-1,6,-1,-1,-1,1598,2,11,VOLKSWAGEN CADDY,-1,-1,0,-1
2024440090783,2024,440090783,5,19,0,4,4,2,6,0,0,0,0,0,0,0,2,1,2,2,1,32,6,1598,2,9,VOLKSWAGEN CADDY,4,E01022657,0,3
2024041513375,2024,041513375,8,19,0,-1,19,1,5,-1,0,0,0,0,0,0,1,1,-1,6,2,43,7,1598,2,13,VOLKSWAGEN CADDY,3,E01006839,0,4
2024440202248,2024,440202248,1,19,0,18,19,6,2,0,0,0,0,0,0,0,1,1,6,6,2,44,7,1896,2,21,VOLKSWAGEN CADDY,5,E01017221,0,1
2024552400313,2024,552400313,1,19,0,18,19,7,3,0,0,0,0,12,0,0,1,1,1,1,1,49,8,1896,2,16,VOLKSWAGEN CADDY,7,E01020514,0,3
2024041519664,2024,041519664,1,19,0,-1,19,5,1,-1,0,1,1,10,1,11,4,1,-1,9,1,24,5,1598,2,9,VOLKSWAGEN CADDY,3,E01025460,0,1
2024320636641,2024,320636641,1,19,0,-1,-1,3,7,0,0,1,0,0,0,0,1,1,6,6,1,-1,-1,1598,2,9,VOLKSWAGEN CADDY,-1,-1,0,-1
2024522403389,2024,522403389,2,19,0,1,1,3,7,0,0,0,0,0,0,0,2,1,6,6,1,-1,-1,1896,2,16,VOLKSWAGEN CADDY,1,E01014654,0,1
2024201474586,2024,201474586,1,9,0,-1,19,2,4,-1,0,6,0,0,0,0,1,9,-1,6,3,-1,-1,1598,2,10,VOLKSWAGEN CADDY,-1,-1,0,-1
2024070796383,2024,070796383,1,19,0,-1,5,2,6,-1,0,6,0,0,0,0,3,1,-1,1,1,48,8,1968,2,0,VOLKSWAGEN CADDY,7,E01018449,0,4
2024451517067,2024,451517067,2,19,0,-1,19,5,1,-1,0,0,0,0,0,0,1,9,-1,6,3,24,5,1968,2,17,VOLKSWAGEN CADDY,-1,-1,0,-1
2024440549748,2024,440549748,2,19,0,18,19,6,2,0,0,8,0,0,0,0,1,1,6,6,1,44,7,1896,2,21,VOLKSWAGEN CADDY,5,E01017221,0,1
2024320222375,2024,320222375,1,9,0,-1,-1,3,7,0,0,0,0,0,0,0,1,1,6,6,3,-1,-1,-1,-1,-1,VOLKSWAGEN CADDY,-1,-1,0,-1
2024141479094,2024,141479094,2,19,0,-1,13,6,2,-1,9,0,1,0,7,9,1,1,-1,6,1,20,4,1598,2,11,VOLKSWAGEN CADDY,4,E01007478,0,1
2024471427263,2024,471427263,1,19,0,-1,19,1,5,-1,0,1,0,0,0,0,1,1,-1,6,1,71,10,1968,2,16,VOLKSWAGEN CADDY,6,E01021206,0,1
2024631509612,2024,631509612,3,19,0,-1,19,6,2,-1,0,0,0,0,0,0,0,1,-1,9,2,29,6,1598,2,10,VOLKSWAGEN CADDY,6,E01025167,0,5
2024501449402,2024,501449402,1,19,0,-1,19,3,1,-1,0,1,0,0,0,0,4,9,-1,2,2,36,7,1598,2,13,VOLKSWAGEN CADDY,4,E01018987,0,2
2024010548884,2024,010548884,2,19,0,18,19,5,1,0,0,2,0,0,0,0,1,1,6,6,1,24,5,1598,2,10,VOLKSWAGEN CADDY,-1,-1,0,-1
2024052402063,2024,052402063,1,19,0,18,19,3,7,0,0,1,0,0,0,0,1,1,1,1,1,26,6,1968,2,14,VOLKSWAGEN CADDY,6,E01006221,0,3
2024401424839,2024,401424839,1,19,-1,-1,-1,-1,-1,-1,-1,-1,-1,-1,-1,0,-1,9,-1,6,1,76,11,1896,2,17,VOLKSWAGEN CADDY,8,E01017488,0,1
2024101509408,2024,101509408,3,9,0,-1,5,3,7,-1,0,0,0,0,0,0,2,9,-1,9,2,66,10,1968,2,9,VOLKSWAGEN CADDY,-1,-1,0,-1
2024451427606,2024,451427606,2,19,0,-1,19,3,7,-1,0,8,0,0,0,0,2,1,-1,2,1,55,8,1598,2,10,VOLKSWAGEN CADDY,10,E01030811,0,3
2024031454945,2024,031454945,2,9,0,-1,4,2,5,-1,0,0,0,0,0,0,2,9,-1,1,1,31,6,1498,1,1,VOLKSWAGEN CADDY,1,E01025136,0,4
2024471445686,2024,471445686,1,19,0,-1,3,5,1,-1,0,1,0,0,0,0,2,1,-1,6,1,55,8,1968,2,14,VOLKSWAGEN CADDY,9,E01016924,0,1
2024122400793,2024,122400793,1,19,0,5,5,3,1,0,0,1,0,0,0,0,1,1,1,1,2,47,8,1968,2,8,VOLKSWAGEN CADDY,1,E01027804,0,1
2024501401621,2024,501401621,1,19,0,-1,7,4,6,-1,0,8,0,0,0,0,1,1,-1,1,1,24,5,1598,2,12,VOLKSWAGEN CADDY,3,E01015190,0,1
2024471411056,2024,471411056,2,19,0,-1,19,8,4,-1,0,2,0,0,0,0,3,9,-1,6,1,39,7,1896,2,19,VOLKSWAGEN CADDY,5,E01031469,0,3
2024991405187,2024,991405187,1,19,0,-1,19,4,6,-1,0,1,0,4,0,0,4,1,-1,6,1,30,6,1968,2,5,VOLKSWAGEN CADDY,1,-1,0,2
2024010498990,2024,010498990,6,19,0,18,19,5,1,0,0,0,0,0,0,0,2,1,6,6,1,26,6,1896,2,18,VOLKSWAGEN CADDY,3,E01016952,0,4
2024991450071,2024,991450071,1,19,0,-1,19,3,7,-1,0,1,0,0,0,0,1,1,-1,2,1,29,6,1968,2,5,VOLKSWAGEN CADDY,1,-1,0,1
202460Q034666,2024,60Q034666,1,19,4,18,19,5,1,0,0,6,0,0,7,0,3,1,1,1,1,42,7,1598,2,12,VOLKSWAGEN CADDY,-1,-1,0,-1
2024332400307,2024,332400307,1,8,0,-1,3,5,1,-1,0,1,0,0,0,0,2,1,-1,1,1,-1,-1,1598,2,9,VOLKSWAGEN CADDY,-1,-1,0,-1
2024122500147,2024,122500147,1,19,0,18,19,6,2,0,0,0,0,0,0,0,3,1,6,6,1,21,5,1968,2,0,VOLKSWAGEN CADDY,3,E01013143,0,4
2024552400382,2024,552400382,2,9,0,3,3,4,8,0,0,0,0,0,0,0,2,1,6,6,2,70,10,1598,2,10,VOLKSWAGEN CADDY,9,E01020446,0,1
2024131524875,2024,131524875,1,19,0,-1,19,1,5,-1,0,1,0,0,1,0,4,1,-1,2,2,51,8,1968,2,14,VOLKSWAGEN CADDY,7,E01011193,0,2
2024552400010,2024,552400010,1,19,0,18,19,8,4,0,0,0,1,0,2,4,1,1,6,6,1,54,8,1896,2,16,VOLKSWAGEN CADDY,2,E01015290,0,4
2024411474654,2024,411474654,2,19,0,-1,3,3,7,-1,0,0,0,0,0,0,2,1,-1,6,1,23,5,1395,1,5,VOLKSWAGEN CADDY,6,E01023305,0,3
2024061422919,2024,061422919,2,19,0,-1,4,-1,-1,-1,0,1,0,0,0,0,1,1,-1,6,2,-1,-1,1598,2,11,VOLKSWAGEN CADDY,-1,-1,0,-1
2024340WN0052,2024,340WN0052,3,19,0,-1,3,8,4,-1,0,1,0,0,0,0,0,1,-1,6,1,54,8,1968,2,13,VOLKSWAGEN CADDY,9,E01027006,0,1
2024101405241,2024,101405241,2,20,0,-1,19,5,1,-1,0,0,0,0,0,0,1,1,-1,9,1,58,9,-1,-1,-1,VOLKSWAGEN CADDY,4,E01024293,0,5
2024010500718,2024,010500718,1,19,0,18,19,8,4,0,0,8,0,0,0,0,1,1,1,1,1,58,9,1197,1,6,VOLKSWAGEN CADDY,9,E01001422,0,2
2024622400782,2024,622400782,2,19,0,4,4,8,4,0,0,1,0,0,0,0,2,1,6,6,2,28,6,1896,2,17,VOLKSWAGEN CADDY,5,W01001131,0,1
2024471479702,2024,471479702,2,19,0,-1,9,5,3,-1,0,1,0,0,0,0,1,2,-1,6,2,25,5,1598,2,11,VOLKSWAGEN CADDY,5,E01021100,0,1
2024211405703,2024,211405703,2,19,0,-1,9,6,3,-1,0,0,0,0,0,0,1,9,-1,9,1,34,6,1598,2,12,VOLKSWAGEN CADDY,7,E01034672,0,4
202417L101224,2024,17L101224,2,19,0,18,19,4,8,0,0,0,0,0,0,0,1,1,6,6,1,33,6,1896,2,14,VOLKSWAGEN CADDY,8,E01027838,0,4
2024622400276,2024,622400276,4,19,0,4,4,8,4,0,0,0,0,0,0,0,2,1,1,1,3,-1,-1,1968,2,5,VOLKSWAGEN CADDY,-1,-1,0,-1
2024201499763,2024,201499763,2,19,0,-1,5,7,3,-1,0,8,0,0,0,0,1,1,-1,1,1,69,10,1968,2,8,VOLKSWAGEN CADDY,10,E01009666,0,1
2024411539354,2024,411539354,1,19,0,-1,19,3,7,-1,0,4,0,0,0,0,-1,9,-1,6,1,65,9,1598,2,11,VOLKSWAGEN CADDY,10,E01023516,0,3
2024052400204,2024,052400204,2,19,0,18,19,5,1,0,0,6,0,0,0,0,1,1,1,1,1,53,8,1598,2,13,VOLKSWAGEN CADDY,3,E01007240,0,4
2024371500457,2024,371500457,2,19,0,-1,11,1,6,-1,0,0,0,0,0,0,1,1,-1,9,2,47,8,1598,2,12,VOLKSWAGEN CADDY,8,E01016713,0,5
2024231422738,2024,231422738,1,9,0,-1,19,7,3,-1,0,0,0,10,7,11,1,1,-1,6,1,25,5,-1,-1,-1,VOLKSWAGEN CADDY,6,E01031049,0,1
2024461526927,2024,461526927,1,19,0,-1,19,8,4,-1,0,2,0,4,0,0,4,1,-1,2,1,37,7,1968,2,4,VOLKSWAGEN CADDY,3,E01016154,0,4
2024542898724,2024,542898724,3,19,0,18,19,6,2,0,0,0,0,0,0,0,1,1,1,1,1,65,9,1968,2,17,VOLKSWAGEN CADDY,8,E01031865,0,2
2024070700225,2024,070700225,1,19,0,-1,-1,6,2,0,0,1,0,0,0,0,1,1,6,6,2,25,5,1968,2,15,VOLKSWAGEN CADDY,10,E01018346,0,1
2024631526524,2024,631526524,1,19,0,-1,9,1,7,-1,0,6,0,0,0,0,3,1,-1,6,1,61,9,1896,2,15,VOLKSWAGEN CADDY,5,W01000461,0,1
2024010513975,2024,010513975,4,9,0,18,19,5,1,0,0,1,0,0,0,0,2,1,6,6,1,61,9,1968,2,5,VOLKSWAGEN CADDY,5,E01000383,0,2
2024161502338,2024,161502338,2,19,0,-1,4,2,6,-1,0,0,0,0,0,0,2,1,-1,1,1,26,6,1968,2,6,VOLKSWAGEN CADDY,2,E01011852,0,4
2024302400479,2024,302400479,1,19,0,16,19,1,4,0,0,0,0,4,0,0,1,1,6,6,3,-1,-1,1598,2,12,VOLKSWAGEN CADDY,5,E01019456,0,3
2024101530044,2024,101530044,2,19,-1,-1,4,1,5,-1,0,0,0,0,0,0,2,9,-1,2,1,60,9,1598,2,12,VOLKSWAGEN CADDY,4,E01008554,0,1
2024010519695,2024,010519695,2,19,0,18,19,3,7,0,0,1,0,0,0,0,2,1,2,2,1,45,7,1968,2,12,VOLKSWAGEN CADDY,-1,-1,0,-1
2024440029842,2024,440029842,1,19,0,18,19,3,7,0,0,8,0,0,0,0,3,1,6,6,1,43,7,1968,2,14,VOLKSWAGEN CADDY,5,E01023010,0,3
2024201413566,2024,201413566,2,19,0,-1,19,8,4,-1,0,0,0,0,0,0,2,9,-1,1,1,29,6,1896,2,15,VOLKSWAGEN CADDY,3,E01009221,0,2
2024440442850,2024,440442850,1,19,0,18,19,3,7,0,0,0,0,0,0,0,1,1,2,2,1,63,9,1598,2,9,VOLKSWAGEN CADDY,8,E01017178,0,4
2024991449956,2024,991449956,1,19,0,-1,7,4,6,-1,0,6,0,0,0,0,3,1,-1,2,1,26,6,1968,2,5,VOLKSWAGEN TRANSPORTER,9,-1,0,1
2024131486146,2024,131486146,1,19,0,-1,19,1,5,-1,0,8,0,0,0,0,1,1,-1,6,1,58,9,2461,2,21,VOLKSWAGEN TRANSPORTER,2,E01032923,0,2
2024552401084,2024,552401084,2,19,0,2,2,0,0,0,0,0,0,0,0,0,3,1,6,6,3,-1,-1,1968,2,6,VOLKSWAGEN TRANSPORTER,-1,-1,0,-1
2024101486221,2024,101486221,2,19,0,-1,19,4,8,-1,0,1,0,0,0,0,1,9,-1,6,1,-1,-1,1968,2,12,VOLKSWAGEN TRANSPORTER,7,E01008845,0,1
2024010518744,2024,010518744,2,19,0,99,99,9,9,99,99,9,9,99,9,99,9,9,1,1,1,35,6,1968,2,6,VOLKSWAGEN TRANSPORTER,3,E01002708,0,2
2024221495115,2024,221495115,2,19,0,-1,19,2,6,-1,0,0,0,0,1,0,1,1,-1,1,1,26,6,1968,2,3,VOLKSWAGEN TRANSPORTER,1,E01009401,0,4
2024231447100,2024,231447100,1,20,0,-1,19,4,1,-1,0,0,0,0,0,0,1,1,-1,6,2,57,9,-1,-1,-1,VOLKSWAGEN TRANSPORTER,4,E01031102,0,1
2024501515936,2024,501515936,1,19,0,-1,2,2,6,-1,99,0,0,0,0,0,1,1,-1,6,1,76,11,1896,2,17,VOLKSWAGEN TRANSPORTER,2,E01015168,0,1
2024501485788,2024,501485788,2,19,0,-1,19,7,3,-1,0,0,0,0,0,0,3,1,-1,6,1,30,6,1968,2,10,VOLKSWAGEN TRANSPORTER,5,E01019019,0,1
2024351497156,2024,351497156,1,19,0,-1,7,1,7,-1,0,8,0,0,0,0,4,1,-1,1,1,54,8,1968,2,1,VOLKSWAGEN TRANSPORTER,9,E01033045,0,4
2024320716005,2024,320716005,1,19,0,9,9,8,6,0,0,6,0,0,0,0,1,1,1,1,1,32,6,1968,2,1,VOLKSWAGEN TRANSPORTER,2,E01007417,0,4
2024471509981,2024,471509981,1,19,0,-1,1,0,0,-1,0,0,0,0,0,0,2,9,-1,6,2,53,8,1896,2,19,VOLKSWAGEN TRANSPORTER,6,E01021034,0,3
2024501505200,2024,501505200,2,19,0,-1,4,7,3,-1,0,1,0,0,0,0,2,1,-1,7,2,26,6,2461,2,22,VOLKSWAGEN TRANSPORTER,4,E01020535,0,2
2024141497910,2024,141497910,2,19,0,-1,4,8,4,-1,0,1,0,0,0,0,2,1,-1,1,2,52,8,1968,2,5,VOLKSWAGEN TRANSPORTER,5,E01008024,0,2
2024440366430,2024,440366430,1,19,0,18,19,1,5,0,0,8,0,0,1,4,1,1,6,6,1,65,9,1968,2,11,VOLKSWAGEN TRANSPORTER,9,E01031532,0,2
2024141545199,2024,141545199,2,19,0,-1,19,7,5,-1,0,1,0,0,0,0,1,1,-1,6,3,-1,-1,1968,2,6,VOLKSWAGEN TRANSPORTER,-1,-1,0,-1
2024231433479,2024,231433479,1,19,0,-1,5,3,1,-1,0,6,0,0,0,0,0,9,-1,6,1,37,7,1968,2,4,VOLKSWAGEN TRANSPORTER,4,E01031276,0,2
2024430584047,2024,430584047,1,19,0,9,9,8,6,0,0,6,0,0,0,0,4,1,6,6,1,56,9,1968,2,6,VOLKSWAGEN TRANSPORTER,7,E01030651,0,4
2024520003139,2024,520003139,2,19,0,17,19,-1,-1,0,0,0,0,0,0,0,1,1,6,6,1,34,6,1968,2,14,VOLKSWAGEN TRANSPORTER,4,E01014448,0,1
2024340WN2412,2024,340WN2412,1,8,0,-1,19,7,3,-1,0,2,0,0,0,0,1,1,-1,1,1,57,9,1968,2,8,VOLKSWAGEN TRANSPORTER,8,E01027174,0,2
2024221450104,2024,221450104,2,19,0,-1,19,4,8,-1,0,8,0,0,0,0,3,1,-1,6,1,58,9,1968,2,7,VOLKSWAGEN TRANSPORTER,5,E01014099,0,2
2024131457223,2024,131457223,2,19,0,-1,19,3,7,-1,0,1,0,0,0,0,1,1,-1,1,1,61,9,1968,2,8,VOLKSWAGEN TRANSPORTER,4,E01011044,0,1
2024520402857,2024,520402857,3,19,0,18,19,7,3,0,0,0,0,0,0,0,3,1,6,6,1,68,10,1896,2,17,VOLKSWAGEN TRANSPORTER,10,E01029030,0,1
2024451455503,2024,451455503,1,19,0,-1,19,3,7,-1,0,0,0,0,0,0,1,1,-1,2,1,26,6,1968,2,7,VOLKSWAGEN TRANSPORTER,8,E01030335,0,1
2024631476825,2024,631476825,2,19,0,-1,19,-1,-1,-1,0,0,0,0,0,0,3,1,-1,6,1,40,7,2461,2,24,VOLKSWAGEN TRANSPORTER,3,W01000213,0,5
2024440220219,2024,440220219,2,19,0,18,19,6,2,0,0,0,0,0,0,0,1,1,6,6,1,40,7,2461,2,22,VOLKSWAGEN TRANSPORTER,7,E01017285,0,3
2024522402997,2024,522402997,3,19,0,16,19,3,6,0,0,0,0,1,0,0,1,1,6,6,1,53,8,1968,2,14,VOLKSWAGEN TRANSPORTER,6,E01032519,0,1
2024451414366,2024,451414366,3,19,0,-1,1,1,3,-1,99,7,0,0,0,0,0,1,-1,6,3,30,6,-1,-1,-1,VOLKSWAGEN TRANSPORTER,-1,-1,0,-1
2024041488840,2024,041488840,2,19,0,-1,4,3,1,-1,0,1,0,0,0,0,2,1,-1,2,1,33,6,1968,2,0,VOLKSWAGEN TRANSPORTER,1,E01005427,0,4
2024010550297,2024,010550297,1,19,0,4,4,4,8,0,0,0,0,0,0,0,2,1,6,6,1,58,9,1968,2,5,VOLKSWAGEN TRANSPORTER,6,E01000623,0,2
2024552400646,2024,552400646,1,19,0,3,3,2,6,0,0,4,0,0,0,0,1,1,6,6,1,49,8,2460,2,17,VOLKSWAGEN TRANSPORTER,9,E01020532,0,4
2024332400593,2024,332400593,4,19,0,-1,19,1,5,-1,0,0,0,0,0,0,3,1,-1,9,1,55,8,2460,2,14,VOLKSWAGEN TRANSPORTER,10,E01026004,0,1
2024231462693,2024,231462693,2,19,0,-1,19,6,2,-1,0,8,1,0,0,0,1,9,-1,6,1,50,8,1968,2,4,VOLKSWAGEN TRANSPORTER,8,E01026653,0,5
2024010501506,2024,010501506,3,19,0,2,2,0,0,0,0,1,0,0,0,0,2,1,6,6,3,-1,-1,1968,2,1,VOLKSWAGEN TRANSPORTER,-1,-1,0,-1
2024031441363,2024,031441363,2,19,0,-1,19,5,1,-1,0,0,0,0,0,0,3,1,-1,9,1,43,7,1968,2,6,VOLKSWAGEN TRANSPORTER,8,E01027586,0,4
2024211513685,2024,211513685,2,19,0,-1,19,3,7,-1,0,1,5,0,0,0,1,1,-1,9,1,42,7,-1,-1,-1,VOLKSWAGEN TRANSPORTER,3,-1,0,5
2024361495183,2024,361495183,2,19,0,-1,19,8,4,-1,0,0,0,0,1,10,1,1,-1,1,1,37,7,1968,2,1,VOLKSWAGEN TRANSPORTER,1,E01026690,0,3
2024461459552,2024,461459552,1,19,0,-1,19,1,2,-1,0,0,0,0,0,0,3,1,-1,2,1,44,7,1968,2,3,VOLKSWAGEN TRANSPORTER,7,E01024691,0,1
2024041494992,2024,041494992,2,19,0,-1,2,0,0,-1,0,0,0,0,0,0,4,1,-1,6,-1,-1,-1,1968,2,2,VOLKSWAGEN TRANSPORTER,-1,-1,0,-1
2024061521935,2024,061521935,2,19,0,-1,19,3,3,-1,0,8,0,0,0,0,1,1,-1,2,2,43,7,1968,2,6,VOLKSWAGEN TRANSPORTER,5,E01011078,0,4
2024461523360,2024,461523360,1,20,0,-1,9,3,1,-1,0,6,0,0,0,0,1,1,-1,1,1,40,7,-1,-1,-1,VOLKSWAGEN TRANSPORTER,7,E01024094,0,3
2024501522950,2024,501522950,1,9,0,-1,11,3,7,-1,0,0,0,-1,0,0,-1,1,-1,6,3,-1,-1,1968,2,5,VOLKSWAGEN TRANSPORTER,-1,-1,0,-1
2024231417296,2024,231417296,1,19,0,-1,7,3,5,-1,0,6,0,0,0,0,1,1,-1,9,1,45,7,1968,2,8,VOLKSWAGEN TRANSPORTER,3,E01031264,0,1
2024340NN2642,2024,340NN2642,1,9,0,-1,19,7,1,-1,0,0,0,0,0,0,1,1,-1,9,1,69,10,1968,2,4,VOLKSWAGEN TRANSPORTER,6,E01027039,0,3
2024320130881,2024,320130881,4,20,0,-1,-1,6,2,0,0,0,0,0,0,0,2,1,6,6,1,29,6,-1,-1,-1,VOLKSWAGEN TRANSPORTER,4,E01018083,0,4
2024461493973,2024,461493973,1,19,0,-1,19,3,1,-1,0,0,5,0,0,0,1,1,-1,1,1,39,7,1968,2,2,VOLKSWAGEN TRANSPORTER,3,E01016021,0,4
2024010521829,2024,010521829,2,19,0,99,99,9,9,99,99,9,9,99,9,99,9,9,6,6,3,-1,-1,1968,2,0,VOLKSWAGEN TRANSPORTER,9,E01028634,0,4
2024421519293,2024,421519293,1,19,0,-1,1,-1,-1,-1,0,0,0,0,0,0,2,9,-1,6,1,46,8,1968,2,1,VOLKSWAGEN TRANSPORTER,5,E01021522,0,1
2024031464980,2024,031464980,1,19,0,-1,19,2,6,-1,0,0,0,0,0,0,1,1,-1,1,1,29,6,1968,2,2,VOLKSWAGEN TRANSPORTER,-1,-1,0,-1
2024522401675,2024,522401675,2,19,0,18,19,8,4,0,0,1,0,0,0,0,3,1,6,6,3,-1,-1,2460,2,19,VOLKSWAGEN TRANSPORTER,-1,-1,0,-1
2024471454443,2024,471454443,1,19,0,-1,19,8,4,-1,9,1,0,0,0,0,1,9,-1,6,1,44,7,2461,2,21,VOLKSWAGEN TRANSPORTER,6,E01031440,0,4
2024131453577,2024,131453577,2,19,0,-1,19,1,5,-1,0,4,0,0,0,0,1,1,-1,2,1,46,8,1968,2,1,VOLKSWAGEN TRANSPORTER,3,E01007488,0,4
2024501501375,2024,501501375,2,19,0,-1,19,1,5,-1,0,0,0,0,0,0,1,1,-1,9,1,47,8,1968,2,9,VOLKSWAGEN TRANSPORTER,7,E01025830,0,5
2024531488056,2024,531488056,2,19,0,-1,4,5,1,-1,0,0,0,0,0,0,0,9,-1,1,1,54,8,1968,2,8,VOLKSWAGEN TRANSPORTER,6,E01022162,0,2
2024340WN2332,2024,340WN2332,2,19,0,-1,19,4,8,-1,0,1,0,0,0,0,1,1,-1,6,1,58,9,1968,2,8,VOLKSWAGEN TRANSPORTER,7,E01018057,0,4
2024543049324,2024,543049324,2,19,0,18,19,8,4,0,0,0,2,0,1,9,3,1,6,6,1,60,9,1968,2,7,VOLKSWAGEN TRANSPORTER,8,E01015473,0,1