collision_index,collision_year,collision_ref_no,vehicle_reference,vehicle_type,towing_and_articulation,vehicle_manoeuvre_historic,vehicle_manoeuvre,vehicle_direction_from,vehicle_direction_to,vehicle_location_restricted_lane_historic,vehicle_location_restricted_lane,junction_location,skidding_and_overturning,hit_object_in_carriageway,vehicle_leaving_carriageway,hit_object_off_carriageway,first_point_of_impact,vehicle_left_hand_drive,journey_purpose_of_driver_historic,journey_purpose_of_driver,sex_of_driver,age_of_driver,age_band_of_driver,engine_capacity_cc,propulsion_code,age_of_vehicle,generic_make_model,driver_imd_decile,lsoa_of_driver,escooter_flag,driver_distance_banding
2024552401200,2024,552401200,1,19,0,4,4,3,7,0,0,1,0,0,0,0,1,1,6,6,1,45,7,1968,2,8,VOLKSWAGEN TRANSPORTER,4,E01034277,0,2
2024070268835,2024,070268835,2,19,0,18,19,5,1,0,0,0,0,0,0,0,1,1,6,6,1,58,9,1968,2,7,VOLKSWAGEN TRANSPORTER,6,E01010885,0,4
2024522403173,2024,522403173,1,19,0,9,9,5,2,0,0,5,0,0,0,0,1,1,6,6,1,58,9,1896,2,19,VOLKSWAGEN TRANSPORTER,2,E01014526,0,2
2024141465002,2024,141465002,2,19,0,-1,19,1,5,-1,0,1,1,0,1,0,1,1,-1,2,1,41,7,1968,2,4,VOLKSWAGEN TRANSPORTER,1,E01007577,0,3
2024411395112,2024,411395112,2,19,0,-1,4,-1,-1,-1,0,0,0,0,0,0,2,9,-1,2,1,37,7,1968,2,8,VOLKSWAGEN TRANSPORTER,6,E01023564,0,3
2024520002234,2024,520002234,2,90,0,18,19,7,3,0,0,0,0,0,0,0,4,1,6,6,1,44,7,2460,2,16,VOLKSWAGEN TRANSPORTER,9,E01014467,0,1
2024340NN3682,2024,340NN3682,2,19,0,-1,19,1,5,-1,0,3,0,0,0,0,0,1,-1,2,2,36,7,1968,2,7,VOLKSWAGEN TRANSPORTER,6,E01027079,0,1
2024631401041,2024,631401041,2,19,0,-1,4,8,4,-1,0,0,0,0,1,10,2,1,-1,1,1,46,8,1968,2,12,VOLKSWAGEN TRANSPORTER,8,W01000555,0,4
2024520401754,2024,520401754,2,19,0,9,9,7,5,0,0,8,0,0,0,0,1,1,6,6,2,-1,-1,1968,2,3,VOLKSWAGEN TRANSPORTER,-1,-1,0,-1
2024471439745,2024,471439745,1,19,0,-1,19,5,5,-1,0,8,0,0,0,0,1,1,-1,1,1,36,7,1968,2,14,VOLKSWAGEN TRANSPORTER,5,E01020968,0,1
2024411461175,2024,411461175,2,19,0,-1,4,6,2,-1,0,0,0,0,0,0,2,1,-1,6,1,28,6,1968,2,1,VOLKSWAGEN TRANSPORTER,5,E01023542,0,2
2024531505142,2024,531505142,1,90,0,-1,5,5,1,-1,0,1,0,0,0,0,4,1,-1,9,1,75,10,2461,2,22,VOLKSWAGEN TRANSPORTER,3,E01003926,0,5
2024991513554,2024,991513554,3,90,0,-1,3,7,3,-1,0,0,0,0,0,0,2,1,-1,6,1,53,8,1968,2,10,VOLKSWAGEN TRANSPORTER,8,-1,0,4
2024991510096,2024,991510096,1,8,0,-1,6,1,5,-1,0,1,0,0,7,0,3,1,-1,6,1,68,10,1968,2,8,VOLKSWAGEN TRANSPORTER,7,-1,0,1
2024521434824,2024,521434824,2,19,0,-1,-1,7,3,-1,-1,0,1,0,0,0,1,1,-1,-1,1,47,8,1968,2,4,VOLKSWAGEN TRANSPORTER,7,E01020064,0,3
2024010547084,2024,010547084,2,19,0,3,3,7,3,0,0,0,0,4,0,0,2,1,6,6,1,61,9,1968,2,8,VOLKSWAGEN TRANSPORTER,9,E01000773,0,1
2024010507966,2024,010507966,2,19,3,7,7,6,8,0,0,1,0,0,0,0,4,1,1,1,1,63,9,1968,2,6,VOLKSWAGEN TRANSPORTER,3,E01033914,0,2
2024311465506,2024,311465506,1,19,0,-1,19,7,3,-1,0,0,0,0,0,0,1,1,-1,1,1,32,6,1968,2,8,VOLKSWAGEN TRANSPORTER,1,E01013331,0,4
2024211514325,2024,211514325,1,19,0,-1,19,1,5,-1,0,0,0,0,0,0,4,1,-1,9,1,49,8,1968,2,7,VOLKSWAGEN TRANSPORTER,-1,-1,0,-1
2024501429685,2024,501429685,2,19,0,-1,19,1,5,-1,1,1,0,0,0,0,1,1,-1,9,2,34,6,1968,2,12,VOLKSWAGEN TRANSPORTER,7,E01018983,0,1
2024411423482,2024,411423482,3,19,0,-1,5,1,3,-1,0,8,0,0,0,0,1,1,-1,1,1,60,9,1968,2,2,VOLKSWAGEN TRANSPORTER,10,E01023966,0,2
2024101440123,2024,101440123,2,19,0,-1,9,8,3,-1,0,8,0,0,0,0,2,1,-1,9,1,42,7,1968,2,10,VOLKSWAGEN TRANSPORTER,1,E01008823,0,2
2024131397367,2024,131397367,2,10,0,-1,19,1,5,-1,0,0,0,0,0,0,1,1,-1,1,1,46,8,-1,-1,-1,VOLKSWAGEN TRANSPORTER,1,E01010736,0,1
2024201464872,2024,201464872,2,9,0,-1,2,0,0,-1,0,1,0,0,0,0,2,1,-1,6,-1,-1,-1,1968,2,14,VOLKSWAGEN TRANSPORTER,-1,-1,0,-1
2024141425941,2024,141425941,2,19,0,-1,19,8,4,-1,0,8,0,0,1,0,4,1,-1,9,1,68,10,1968,2,8,VOLKSWAGEN TRANSPORTER,2,E01007559,0,1
2024501420961,2024,501420961,1,19,0,-1,19,5,1,-1,0,8,0,9,3,11,1,9,-1,6,1,51,8,1968,2,11,VOLKSWAGEN TRANSPORTER,7,E01018889,0,1
2024501438899,2024,501438899,2,9,0,-1,3,4,8,-1,0,0,0,0,0,0,2,2,-1,6,2,42,7,1968,2,6,VOLKSWAGEN TRANSPORTER,4,E01018968,0,3
2024552400336,2024,552400336,1,19,0,18,19,7,3,0,0,8,0,0,0,0,1,1,6,6,1,51,8,1968,2,10,VOLKSWAGEN TRANSPORTER,5,E01020452,0,1
2024421437358,2024,421437358,3,19,0,-1,19,6,2,-1,0,0,0,0,0,0,3,1,-1,1,1,56,9,2460,2,16,VOLKSWAGEN TRANSPORTER,8,E01021867,0,3
2024430459990,2024,430459990,3,19,0,3,3,6,2,0,0,1,0,0,0,0,2,1,6,6,1,48,8,1968,2,6,VOLKSWAGEN TRANSPORTER,7,E01016328,0,2
2024501524805,2024,501524805,1,19,0,-1,4,3,7,-1,0,1,0,0,0,0,2,1,-1,1,1,36,7,1968,2,8,VOLKSWAGEN TRANSPORTER,2,E01015248,0,3
2024010542849,2024,010542849,2,19,0,18,19,3,7,0,0,0,0,0,0,0,1,1,1,1,1,47,8,1968,2,3,VOLKSWAGEN TRANSPORTER,2,E01003335,0,1
2024481557893,2024,481557893,1,19,0,-1,9,5,3,-1,0,8,0,0,0,0,1,2,-1,1,1,27,6,1968,2,2,VOLKSWAGEN TRANSPORTER,-1,-1,0,-1
2024461465680,2024,461465680,2,19,0,-1,4,3,7,-1,0,0,0,0,0,0,2,9,-1,1,1,53,8,1968,2,1,VOLKSWAGEN TRANSPORTER,5,E01033791,0,2
2024231431421,2024,231431421,1,19,0,-1,19,4,1,-1,0,0,0,0,0,0,1,1,-1,9,1,30,6,1968,2,3,VOLKSWAGEN TRANSPORTER,5,E01031327,0,2
2024461480653,2024,461480653,1,9,0,-1,19,3,7,-1,0,0,0,0,0,0,1,1,-1,9,1,38,7,1968,2,7,VOLKSWAGEN TRANSPORTER,6,E01016166,0,3
2024320437483,2024,320437483,1,19,0,14,14,2,6,0,0,0,0,0,7,9,1,1,6,6,1,50,8,1968,2,4,VOLKSWAGEN TRANSPORTER,6,E01026408,0,3
2024302401482,2024,302401482,2,19,0,2,2,0,0,0,0,2,0,0,1,0,2,1,6,6,3,-1,-1,1968,2,6,VOLKSWAGEN TRANSPORTER,-1,-1,0,-1
2024010539411,2024,010539411,2,19,0,99,99,9,9,99,99,9,9,99,9,99,1,9,6,6,3,-1,-1,1968,2,1,VOLKSWAGEN TRANSPORTER,6,E01002135,0,3
2024010499829,2024,010499829,2,19,0,18,19,1,5,0,0,8,0,0,0,0,1,1,1,1,1,21,5,1968,2,3,VOLKSWAGEN TRANSPORTER,8,E01002474,0,1
2024451508591,2024,451508591,2,19,0,-1,19,1,5,-1,0,0,0,0,0,0,2,1,-1,1,1,52,8,1968,2,0,VOLKSWAGEN TRANSPORTER,9,E01022475,0,4
2024010517241,2024,010517241,2,19,0,99,99,9,9,99,99,9,9,99,9,99,9,9,6,6,1,55,8,1968,2,4,VOLKSWAGEN TRANSPORTER,6,E01022175,0,5
2024010531987,2024,010531987,3,19,0,2,2,0,0,0,0,0,0,0,0,0,0,1,6,6,3,-1,-1,1968,2,2,VOLKSWAGEN TRANSPORTER,-1,-1,0,-1
2024010532211,2024,010532211,5,19,0,2,2,0,0,9,9,1,0,0,0,0,4,1,6,6,3,-1,-1,1968,2,7,VOLKSWAGEN TRANSPORTER,-1,-1,0,-1
2024451440436,2024,451440436,3,10,0,-1,2,6,7,-1,0,2,0,0,1,0,3,1,-1,6,-1,-1,-1,-1,-1,-1,VOLKSWAGEN TRANSPORTER,-1,-1,0,-1
2024461471757,2024,461471757,1,19,0,-1,3,5,1,-1,0,2,0,0,0,0,3,1,-1,9,1,35,6,1968,2,11,VOLKSWAGEN TRANSPORTER,5,E01016156,0,4
2024010502977,2024,010502977,1,19,0,3,3,7,3,0,0,3,0,0,0,0,2,1,1,1,1,54,8,1984,1,5,VOLKSWAGEN TRANSPORTER,3,E01035640,0,1
2024070536750,2024,070536750,1,10,0,18,19,3,7,0,0,0,0,0,0,1,1,1,6,6,1,38,7,-1,-1,-1,VOLKSWAGEN TRANSPORTER,6,E01012378,0,1
2024070372744,2024,070372744,2,19,0,18,19,7,3,0,0,8,1,0,7,1,1,1,6,6,1,51,8,1968,2,4,VOLKSWAGEN TRANSPORTER,7,E01018736,0,2
2024201403993,2024,201403993,3,19,0,-1,2,0,0,-1,0,0,0,0,0,0,2,1,-1,9,1,58,9,1968,2,6,VOLKSWAGEN TRANSPORTER,-1,-1,0,-1
2024610042724,2024,610042724,2,19,0,18,19,7,3,0,0,0,0,0,4,6,2,1,6,6,2,23,5,1896,2,17,VOLKSWAGEN TRANSPORTER,4,W01001450,0,4
2024401486777,2024,401486777,2,19,0,-1,-1,-1,-1,-1,-1,0,-1,-1,-1,0,-1,9,-1,9,1,56,9,1968,2,1,VOLKSWAGEN TRANSPORTER,9,E01034426,0,4
2024010541816,2024,010541816,1,19,0,99,99,9,9,99,99,9,9,99,9,99,2,9,6,6,1,49,8,2461,2,22,VOLKSWAGEN TRANSPORTER,6,E01001065,0,2
2024622400653,2024,622400653,1,19,0,7,7,5,7,0,0,5,0,0,0,0,1,1,1,1,1,41,7,1896,2,17,VOLKSWAGEN TRANSPORTER,4,W01000760,0,1
2024520402974,2024,520402974,2,19,0,18,19,3,7,0,0,0,0,0,0,0,4,1,6,6,3,-1,-1,1968,2,3,VOLKSWAGEN TRANSPORTER,-1,-1,0,-1
2024552401282,2024,552401282,3,19,0,4,4,6,2,0,0,0,0,0,0,0,2,1,6,6,1,55,8,-1,-1,-1,VOLKSWAGEN TRANSPORTER,6,E01032027,0,4
2024440231890,2024,440231890,1,19,0,18,19,2,6,0,0,0,0,0,1,2,1,1,6,6,1,42,7,1896,2,20,VOLKSWAGEN TRANSPORTER,3,E01023083,0,1
2024471415548,2024,471415548,1,19,0,-1,19,3,7,-1,0,0,0,0,0,0,1,1,-1,2,1,49,8,1968,2,11,VOLKSWAGEN TRANSPORTER,5,E01031771,0,2
2024552400821,2024,552400821,1,19,4,5,5,6,2,0,0,0,0,0,0,0,0,1,6,6,1,33,6,1968,2,8,VOLKSWAGEN TRANSPORTER,7,E01022758,0,4
202454D803524,2024,54D803524,1,19,0,18,19,3,7,9,9,0,0,0,1,2,4,1,1,1,1,53,8,1968,2,1,VOLKSWAGEN TRANSPORTER,10,E01031972,0,1
2024201513849,2024,201513849,1,19,0,-1,19,7,3,-1,0,0,0,0,0,0,4,1,-1,6,1,40,7,1968,2,14,VOLKSWAGEN TRANSPORTER,-1,-1,0,-1
2024622400604,2024,622400604,1,19,0,18,19,8,4,0,0,0,0,0,0,0,1,1,6,6,1,50,8,2461,2,22,VOLKSWAGEN TRANSPORTER,5,W01001131,0,1
2024430304850,2024,430304850,1,19,0,18,19,5,1,0,0,6,0,0,0,0,1,1,1,1,1,45,7,1968,2,3,VOLKSWAGEN TRANSPORTER,-1,-1,0,-1
2024501532110,2024,501532110,2,19,0,-1,3,1,5,-1,0,0,0,0,0,0,1,1,-1,6,1,20,4,1968,2,14,VOLKSWAGEN TRANSPORTER,8,E01020120,0,1
2024631461975,2024,631461975,2,90,0,-1,19,4,8,-1,0,0,5,0,1,9,3,1,-1,9,2,59,9,1968,2,12,VOLKSWAGEN TRANSPORTER,8,E01028923,0,4
2024522402359,2024,522402359,2,19,0,12,12,2,6,0,0,0,0,0,0,0,1,1,6,6,1,-1,-1,1968,2,8,VOLKSWAGEN TRANSPORTER,5,E01014641,0,2
2024440014571,2024,440014571,3,19,0,18,19,7,3,0,0,8,0,0,0,0,1,1,1,1,1,47,8,1968,2,2,VOLKSWAGEN TRANSPORTER,3,E01017194,0,1
2024340NN2412,2024,340NN2412,1,19,0,-1,19,3,7,-1,0,8,0,0,0,0,4,1,-1,1,1,43,7,1968,2,5,VOLKSWAGEN TRANSPORTER,8,W01001397,0,5
2024131455436,2024,131455436,2,19,0,-1,19,1,5,-1,0,1,0,0,7,2,1,1,-1,2,1,28,6,1968,2,6,VOLKSWAGEN TRANSPORTER,7,E01010572,0,1
2024471513176,2024,471513176,1,19,0,-1,9,5,3,-1,0,0,0,0,0,0,1,1,-1,9,1,24,5,1896,2,18,VOLKSWAGEN TRANSPORTER,4,E01031716,0,2
2024440088339,2024,440088339,2,19,0,18,19,2,6,0,0,0,0,0,0,0,1,1,6,6,1,42,7,1968,2,7,VOLKSWAGEN TRANSPORTER,4,E01022527,0,1
2024141424502,2024,141424502,2,19,0,-1,1,8,4,-1,0,6,0,0,0,0,2,9,-1,6,1,42,7,1968,2,5,VOLKSWAGEN TRANSPORTER,5,E01007698,0,1
2024501464604,2024,501464604,1,90,0,-1,13,1,5,-1,0,1,0,0,0,0,4,1,-1,9,1,73,10,2370,2,23,VOLKSWAGEN TRANSPORTER,4,E01015258,0,4
2024411476434,2024,411476434,1,19,0,-1,5,5,1,-1,-1,0,0,0,0,0,1,1,-1,1,1,58,9,1968,2,14,VOLKSWAGEN TRANSPORTER,4,E01023534,0,1
2024122400380,2024,122400380,2,19,0,2,2,0,0,0,0,1,0,0,0,0,2,1,1,1,1,52,8,1968,2,6,VOLKSWAGEN TRANSPORTER,8,E01027836,0,1
2024461410116,2024,461410116,1,19,0,-1,19,7,3,-1,0,0,0,0,0,0,9,9,-1,6,2,47,8,1968,2,7,VOLKSWAGEN TRANSPORTER,4,E01024387,0,3
2024440254984,2024,440254984,3,19,0,2,2,0,0,0,0,2,0,0,0,0,4,1,6,6,3,-1,-1,1968,2,6,VOLKSWAGEN TRANSPORTER,-1,-1,0,-1
2024010523704,2024,010523704,2,9,0,18,19,7,3,0,0,1,0,0,0,0,1,1,1,1,1,39,7,1968,2,2,VOLKSWAGEN TRANSPORTER,4,E01000617,0,3
2024471457764,2024,471457764,2,19,0,-1,19,5,1,-1,0,1,0,0,1,11,1,1,-1,9,1,68,10,1968,2,10,VOLKSWAGEN TRANSPORTER,6,E01020986,0,3
2024010518944,2024,010518944,2,19,0,99,99,9,9,99,99,9,9,99,9,99,9,9,6,6,3,-1,-1,1968,2,2,VOLKSWAGEN TRANSPORTER,-1,-1,0,-1
2024543074624,2024,543074624,2,19,0,18,19,6,2,0,0,0,0,0,0,0,1,1,6,6,1,45,7,-1,-1,-1,VOLKSWAGEN TRANSPORTER,8,E01021886,0,5
2024231399264,2024,231399264,1,19,0,-1,10,1,7,-1,0,1,0,0,0,0,1,1,-1,1,1,52,8,1968,2,9,VOLKSWAGEN TRANSPORTER,9,E01031183,0,1
202460Q066760,2024,60Q066760,1,19,0,9,9,2,5,0,0,6,0,0,0,0,1,1,6,6,1,40,7,1968,2,7,VOLKSWAGEN TRANSPORTER,-1,-1,0,-1
2024991422827,2024,991422827,3,20,0,-1,19,2,6,-1,0,0,0,0,0,0,2,1,-1,1,1,55,8,-1,-1,-1,VOLKSWAGEN TRANSPORTER,3,-1,0,4
2024451405568,2024,451405568,1,90,0,-1,19,2,6,-1,5,2,0,0,0,0,4,1,-1,6,1,51,8,2461,1,22,VOLKSWAGEN TRANSPORTER,6,E01030629,0,3
2024041470043,2024,041470043,1,90,0,-1,19,5,1,-1,0,0,5,0,7,2,1,1,-1,9,1,71,10,2370,2,30,VOLKSWAGEN TRANSPORTER,4,E01005327,0,4
2024430567278,2024,430567278,1,19,0,18,19,1,5,0,0,8,0,0,0,0,3,1,6,6,1,65,9,1896,2,20,VOLKSWAGEN TRANSPORTER,9,E01017807,0,1
2024471460113,2024,471460113,1,19,0,-1,4,-1,-1,-1,0,0,0,0,0,0,3,1,-1,9,2,57,9,1896,2,16,VOLKSWAGEN TRANSPORTER,6,E01031643,0,1
2024501397386,2024,501397386,2,19,0,-1,4,7,3,-1,0,0,1,0,0,0,3,1,-1,1,1,21,5,1968,2,1,VOLKSWAGEN TRANSPORTER,5,E01020279,0,1
2024302400456,2024,302400456,2,19,0,18,19,5,1,0,0,2,0,0,0,0,1,1,6,6,1,51,8,1968,2,13,VOLKSWAGEN TRANSPORTER,7,E01019636,0,3
2024131504793,2024,131504793,2,19,0,-1,2,1,5,-1,9,0,0,0,0,0,1,1,-1,6,-1,-1,-1,1968,2,6,VOLKSWAGEN TRANSPORTER,-1,-1,0,-1
2024501400115,2024,501400115,2,19,0,-1,19,5,1,-1,0,8,0,0,7,0,1,1,-1,2,1,23,5,1968,2,11,VOLKSWAGEN TRANSPORTER,6,E01020335,0,2
2024351427780,2024,351427780,1,19,0,-1,10,5,3,-1,0,1,0,0,1,0,4,1,-1,6,2,28,6,1968,2,8,VOLKSWAGEN TRANSPORTER,8,E01018206,0,3
2024991470578,2024,991470578,3,19,0,-1,19,1,5,-1,0,0,0,0,0,0,3,1,-1,1,1,63,9,1968,2,4,VOLKSWAGEN TRANSPORTER,8,-1,0,1
2024501515402,2024,501515402,1,19,0,-1,19,7,3,-1,0,2,0,0,0,0,1,1,-1,9,2,43,7,1968,2,9,VOLKSWAGEN TRANSPORTER,5,E01020119,0,1
2024501419435,2024,501419435,1,19,0,-1,19,8,2,-1,0,1,0,0,0,0,1,9,-1,6,1,70,10,1968,2,8,VOLKSWAGEN TRANSPORTER,6,E01018985,0,1
2024991406815,2024,991406815,2,19,0,-1,4,5,1,-1,0,1,0,0,0,0,2,1,-1,1,1,29,6,1968,2,3,VOLKSWAGEN TRANSPORTER,4,-1,0,3
2024991419539,2024,991419539,1,19,0,-1,19,4,8,-1,0,8,1,0,0,0,1,1,-1,1,1,38,7,1968,2,4,VOLKSWAGEN TRANSPORTER,10,-1,0,1
2024101497565,2024,101497565,2,19,0,-1,2,1,5,-1,0,1,0,0,0,0,2,1,-1,9,2,64,9,1968,2,2,VOLKSWAGEN TRANSPORTER,5,E01031606,0,5
2024010510130,2024,010510130,2,19,0,7,7,2,4,0,0,1,0,0,0,0,3,1,1,1,1,55,8,1968,2,2,VOLKSWAGEN TRANSPORTER,9,E01021824,0,4
2024201529102,2024,201529102,2,19,0,-1,2,0,0,-1,0,2,0,0,0,0,2,9,-1,1,1,39,7,1968,2,1,VOLKSWAGEN TRANSPORTER,7,E01025840,0,4
2024451423750,2024,451423750,1,19,0,-1,4,6,2,-1,0,0,0,0,0,0,2,1,-1,9,1,36,7,1968,2,4,VOLKSWAGEN TRANSPORTER,5,E01030572,0,2
2024461497457,2024,461497457,2,9,0,-1,9,0,1,-1,0,0,0,0,0,0,4,2,-1,6,2,62,9,1968,2,10,VOLKSWAGEN TRANSPORTER,5,E01024198,0,1
2024010547653,2024,010547653,1,19,0,18,19,5,1,0,0,8,0,0,0,0,1,1,2,2,1,35,6,1968,2,4,VOLKSWAGEN TRANSPORTER,3,E01001806,0,1
2024231415502,2024,231415502,1,19,0,-1,19,1,5,-1,0,0,0,0,0,0,1,9,-1,6,1,64,9,2460,2,17,VOLKSWAGEN TRANSPORTER,4,E01031028,0,1
2024471442947,2024,471442947,2,19,0,-1,19,7,3,-1,0,0,0,0,0,0,3,1,-1,6,1,45,7,1968,2,10,VOLKSWAGEN TRANSPORTER,6,E01031449,0,2
2024440161885,2024,440161885,2,19,0,4,4,5,1,0,0,1,0,0,0,0,1,1,2,2,1,37,7,1968,2,3,VOLKSWAGEN TRANSPORTER,8,E01022983,0,1
2024991403853,2024,991403853,1,19,0,-1,4,3,7,-1,0,0,0,0,0,0,2,1,-1,6,1,36,7,1968,2,6,VOLKSWAGEN TRANSPORTER,1,-1,0,4
2024041454552,2024,041454552,2,19,0,-1,9,3,7,-1,0,3,0,0,0,0,1,1,-1,1,1,28,6,1968,2,7,VOLKSWAGEN TRANSPORTER,7,E01024938,0,1
2024481563496,2024,481563496,1,19,0,-1,9,3,1,-1,0,8,0,0,0,0,1,1,-1,1,2,29,6,1968,2,3,VOLKSWAGEN TRANSPORTER,-1,-1,0,-1
2024544046324,2024,544046324,1,19,0,5,5,1,5,0,0,1,0,0,0,0,1,1,6,6,1,57,9,1968,2,3,VOLKSWAGEN TRANSPORTER,6,E01032117,0,1
2024430195308,2024,430195308,2,19,0,4,4,1,5,0,0,1,0,0,0,0,2,1,6,6,1,30,6,1968,2,14,VOLKSWAGEN TRANSPORTER,6,E01028480,0,1
2024320021470,2024,320021470,2,19,0,10,10,1,7,0,0,2,0,0,0,0,2,1,1,1,1,44,7,1968,2,5,VOLKSWAGEN TRANSPORTER,5,E01026213,0,2
2024440324340,2024,440324340,2,19,0,13,13,2,6,0,0,8,0,0,0,0,4,1,6,6,1,-1,-1,1915,1,38,VOLKSWAGEN TRANSPORTER,-1,-1,0,-1
2024440142580,2024,440142580,2,19,0,18,19,5,1,0,0,4,0,0,0,0,3,1,6,6,1,57,9,1968,2,6,VOLKSWAGEN TRANSPORTER,7,E01034721,0,4
2024131437646,2024,131437646,2,8,0,-1,19,5,1,-1,0,8,0,0,0,0,1,1,-1,1,1,52,8,1968,2,7,VOLKSWAGEN TRANSPORTER,3,E01011489,0,1
2024522401918,2024,522401918,1,19,0,18,19,2,6,0,0,0,0,0,0,0,4,1,6,6,2,57,9,1968,2,10,VOLKSWAGEN TRANSPORTER,1,E01014663,0,1
2024332400120,2024,332400120,1,19,0,-1,19,2,6,-1,0,8,0,0,1,0,1,1,-1,1,1,20,4,1968,2,5,VOLKSWAGEN TRANSPORTER,10,E01025737,0,1
2024991407875,2024,991407875,2,19,0,-1,19,2,6,-1,0,0,0,0,0,0,1,9,-1,6,1,54,8,2460,2,17,VOLKSWAGEN TRANSPORTER,7,-1,0,1
2024161431747,2024,161431747,2,19,0,-1,-1,-1,-1,-1,0,1,-1,-1,-1,0,-1,1,-1,9,1,24,5,1968,2,9,VOLKSWAGEN TRANSPORTER,3,E01013164,0,1
2024010545895,2024,010545895,2,19,9,99,99,9,9,99,99,9,9,99,9,99,9,9,6,6,1,-1,-1,1968,2,0,VOLKSWAGEN TRANSPORTER,-1,-1,0,-1
2024430482530,2024,430482530,1,19,0,18,19,7,3,0,0,1,0,0,0,0,1,1,1,1,1,46,8,1968,2,8,VOLKSWAGEN TRANSPORTER,4,E01035745,0,1
2024340NN1842,2024,340NN1842,1,19,0,-1,19,3,7,-1,0,0,0,4,0,0,1,1,-1,1,1,43,7,1968,2,2,VOLKSWAGEN TRANSPORTER,10,E01027046,0,1
2024010511845,2024,010511845,1,19,0,7,7,1,2,0,0,1,0,0,0,0,2,1,1,1,1,47,8,1968,2,2,VOLKSWAGEN TRANSPORTER,3,E01003334,0,2
2024131474065,2024,131474065,2,19,0,-1,19,5,1,-1,0,0,0,0,0,0,1,1,-1,9,1,42,7,1968,2,7,VOLKSWAGEN TRANSPORTER,5,E01007687,0,4
2024052400877,2024,052400877,1,19,0,4,4,4,8,0,0,8,1,0,7,1,1,1,1,1,1,-1,-1,1968,2,3,VOLKSWAGEN TRANSPORTER,6,E01033756,0,1
2024501487555,2024,501487555,1,19,0,-1,19,3,7,-1,0,0,0,0,0,0,1,1,-1,1,1,25,5,1968,2,0,VOLKSWAGEN TRANSPORTER,1,E01015231,0,3
2024361482731,2024,361482731,3,19,0,-1,19,8,6,-1,0,0,1,0,1,0,1,1,-1,1,1,30,6,1968,2,8,VOLKSWAGEN TRANSPORTER,6,E01034771,0,4
2024041516426,2024,041516426,1,19,0,-1,4,3,7,-1,0,0,0,0,0,0,2,1,-1,6,1,61,9,1968,2,7,VOLKSWAGEN TRANSPORTER,1,E01025369,0,4
2024010555147,2024,010555147,2,19,0,99,99,9,9,99,99,9,9,99,9,99,2,9,6,6,3,37,7,-1,3,4,VOLKSWAGEN TRANSPORTER,4,E01004656,0,1
2024010514236,2024,010514236,1,19,9,99,99,9,9,99,99,9,9,99,9,99,9,9,6,6,3,46,8,1968,2,5,VOLKSWAGEN TRANSPORTER,2,E01003540,0,3
2024141417894,2024,141417894,1,10,0,-1,19,4,7,-1,0,0,0,0,0,0,1,1,-1,1,1,39,7,-1,-1,-1,VOLKSWAGEN TRANSPORTER,2,E01007448,0,1
2024041405972,2024,041405972,1,19,0,-1,19,7,3,-1,0,0,1,0,0,0,1,1,-1,1,1,43,7,1968,2,1,VOLKSWAGEN TRANSPORTER,6,E01012610,0,3
2024010508039,2024,010508039,1,9,0,4,4,1,5,0,0,0,0,10,0,0,1,1,2,2,1,65,9,1968,2,3,VOLKSWAGEN TRANSPORTER,9,E01003905,0,1
2024991477277,2024,991477277,2,10,0,-1,19,6,2,-1,0,0,0,0,0,0,1,1,-1,9,2,35,6,-1,-1,-1,VOLKSWAGEN TRANSPORTER,2,-1,0,4
2024161410730,2024,161410730,3,19,0,-1,19,1,5,-1,0,0,0,0,0,0,1,1,-1,6,1,24,5,1968,2,2,VOLKSWAGEN TRANSPORTER,9,E01013252,0,2
2024010530090,2024,010530090,1,19,0,12,12,1,5,0,0,8,0,0,0,0,3,1,1,1,1,60,9,1968,2,0,VOLKSWAGEN TRANSPORTER,8,E01034451,0,4
2024421483678,2024,421483678,1,9,0,-1,1,6,7,-1,0,0,0,0,0,0,1,1,-1,9,2,32,6,1968,2,4,VOLKSWAGEN TRANSPORTER,7,E01023576,0,4
2024411455683,2024,411455683,2,20,4,-1,19,7,3,-1,0,0,0,0,0,0,3,1,-1,1,1,51,8,-1,-1,-1,VOLKSWAGEN TRANSPORTER,7,E01030466,0,4
2024631432522,2024,631432522,1,19,0,-1,12,5,1,-1,0,0,0,0,1,10,3,1,-1,9,1,35,6,1968,2,1,VOLKSWAGEN TRANSPORTER,2,W01001443,0,4
2024311500905,2024,311500905,1,19,0,-1,19,8,4,-1,0,0,0,0,0,0,1,1,-1,9,1,36,7,1968,2,0,VOLKSWAGEN TRANSPORTER,6,E01013840,0,1
2024471485904,2024,471485904,2,9,0,-1,19,6,2,-1,0,0,0,0,0,0,1,1,-1,1,1,45,7,1968,2,5,VOLKSWAGEN TRANSPORTER,4,E01020915,0,3
2024010522684,2024,010522684,2,19,0,7,7,1,3,0,0,6,0,0,0,0,1,1,2,2,1,51,8,1968,2,5,VOLKSWAGEN TRANSPORTER,-1,-1,0,-1
2024070246036,2024,070246036,1,19,0,18,19,4,8,0,0,1,0,0,0,0,1,1,6,6,1,43,7,1968,2,3,VOLKSWAGEN TRANSPORTER,7,E01034671,0,1