collision_index,collision_year,collision_ref_no,vehicle_reference,vehicle_type,towing_and_articulation,vehicle_manoeuvre_historic,vehicle_manoeuvre,vehicle_direction_from,vehicle_direction_to,vehicle_location_restricted_lane_historic,vehicle_location_restricted_lane,junction_location,skidding_and_overturning,hit_object_in_carriageway,vehicle_leaving_carriageway,hit_object_off_carriageway,first_point_of_impact,vehicle_left_hand_drive,journey_purpose_of_driver_historic,journey_purpose_of_driver,sex_of_driver,age_of_driver,age_band_of_driver,engine_capacity_cc,propulsion_code,age_of_vehicle,generic_make_model,driver_imd_decile,lsoa_of_driver,escooter_flag,driver_distance_banding
2024622400182,2024,622400182,4,19,0,18,19,5,1,0,0,1,0,0,0,0,2,1,1,1,1,41,7,1968,2,12,VOLKSWAGEN TRANSPORTER,7,W01000779,0,2
2024070246284,2024,070246284,1,19,0,9,9,1,7,0,0,2,0,0,0,0,3,1,1,1,1,27,6,1968,2,7,VOLKSWAGEN TRANSPORTER,-1,-1,0,-1
2024371486247,2024,371486247,2,19,0,-1,19,5,1,-1,0,1,0,0,0,0,1,1,-1,6,2,54,8,1968,2,2,VOLKSWAGEN TRANSPORTER,10,E01017534,0,4
2024471452198,2024,471452198,2,19,0,-1,19,7,3,-1,0,0,0,0,1,4,3,1,-1,6,1,58,9,1968,2,4,VOLKSWAGEN TRANSPORTER,8,E01035342,0,3
2024501445099,2024,501445099,1,8,0,-1,19,7,3,-1,0,0,0,0,0,0,1,1,-1,1,1,54,8,1968,2,0,VOLKSWAGEN TRANSPORTER,-1,-1,0,-1
2024631517206,2024,631517206,1,19,0,-1,19,4,1,-1,0,1,5,0,2,10,1,1,-1,1,1,73,10,1896,2,16,VOLKSWAGEN TRANSPORTER,5,W01000546,0,1
2024531509904,2024,531509904,1,19,0,-1,12,3,7,-1,0,7,0,0,0,0,3,9,-1,6,3,-1,-1,1968,2,10,VOLKSWAGEN TRANSPORTER,-1,-1,0,-1
2024061458343,2024,061458343,1,19,0,-1,9,4,1,-1,0,5,0,0,0,0,3,1,-1,1,1,60,9,1968,2,5,VOLKSWAGEN TRANSPORTER,5,E01005711,0,3
2024231431701,2024,231431701,1,19,0,-1,14,1,5,-1,0,8,0,0,0,0,1,9,-1,6,1,79,11,1968,2,0,VOLKSWAGEN TRANSPORTER,6,E01031187,0,2
2024440143626,2024,440143626,3,19,0,18,19,4,8,0,0,0,0,0,1,1,3,1,6,6,1,42,7,1968,2,7,VOLKSWAGEN TRANSPORTER,2,E01022965,0,4
2024451515473,2024,451515473,1,19,0,-1,19,2,6,-1,0,0,0,0,0,0,1,1,-1,1,1,58,9,1968,2,4,VOLKSWAGEN TRANSPORTER,10,E01030303,0,4
2024070760846,2024,070760846,1,19,0,-1,19,1,8,-1,9,6,0,0,0,0,1,1,-1,9,1,59,9,1968,2,2,VOLKSWAGEN TRANSPORTER,8,E01018323,0,1
2024411518468,2024,411518468,2,19,0,-1,4,3,7,-1,0,0,0,0,0,0,2,1,-1,2,1,54,8,1968,2,3,VOLKSWAGEN TRANSPORTER,-1,-1,0,-1
2024522401962,2024,522401962,1,19,0,3,3,7,3,0,0,1,0,0,0,0,2,1,6,6,1,43,7,2460,2,18,VOLKSWAGEN TRANSPORTER,4,E01014746,0,2
2024440466034,2024,440466034,2,19,0,18,19,6,2,0,0,6,0,0,0,0,1,1,6,6,1,29,6,1968,2,8,VOLKSWAGEN TRANSPORTER,4,E01017262,0,1
2024010549757,2024,010549757,1,19,0,9,9,5,2,0,0,5,0,0,0,0,4,1,1,1,1,50,8,1968,2,5,VOLKSWAGEN TRANSPORTER,5,E01001556,0,2
2024631403348,2024,631403348,2,19,0,-1,9,3,1,-1,0,5,0,0,0,0,4,1,-1,2,1,53,8,2460,2,16,VOLKSWAGEN TRANSPORTER,4,W01000591,0,1
2024451434254,2024,451434254,2,19,0,-1,4,-1,-1,-1,0,0,0,0,0,0,2,1,-1,6,1,53,8,1968,2,5,VOLKSWAGEN TRANSPORTER,8,E01002949,0,3
2024361445889,2024,361445889,1,19,0,-1,4,5,2,-1,0,0,1,0,0,0,1,1,-1,2,1,56,9,2461,2,21,VOLKSWAGEN TRANSPORTER,4,E01030251,0,4
2024451434584,2024,451434584,2,19,0,-1,19,5,1,-1,0,1,0,0,0,0,1,1,-1,9,1,50,8,1968,2,13,VOLKSWAGEN TRANSPORTER,5,E01030658,0,1
2024622400725,2024,622400725,2,19,0,18,19,4,8,0,0,0,0,0,0,0,1,1,6,6,1,50,8,1600,1,60,VOLKSWAGEN TRANSPORTER,3,E01024620,0,5
2024340WN6972,2024,340WN6972,1,10,0,-1,10,5,1,-1,0,1,0,0,0,0,1,1,-1,1,1,58,9,-1,-1,-1,VOLKSWAGEN TRANSPORTER,8,E01027174,0,1
2024041407421,2024,041407421,1,19,0,-1,2,5,1,-1,0,0,0,0,0,0,1,1,-1,1,1,50,8,1968,2,2,VOLKSWAGEN TRANSPORTER,1,E01025584,0,4
2024421440455,2024,421440455,2,19,0,-1,2,0,0,-1,0,0,0,4,0,0,1,1,-1,6,-1,-1,-1,1896,2,30,VOLKSWAGEN TRANSPORTER,-1,-1,0,-1
2024501455939,2024,501455939,1,19,0,-1,14,3,1,-1,0,0,0,0,0,0,3,1,-1,6,1,69,10,-1,-1,-1,VOLKSWAGEN TRANSPORTER,6,E01020243,0,1
2024010501043,2024,010501043,1,19,0,9,9,7,5,0,0,6,0,0,0,0,2,1,2,2,1,44,7,1968,2,3,VOLKSWAGEN TRANSPORTER,4,E01004538,0,1
2024545125124,2024,545125124,1,10,0,18,19,3,7,0,0,0,1,0,0,0,1,1,1,1,1,54,8,-1,-1,-1,VOLKSWAGEN TRANSPORTER,6,E01019917,0,5
2024520403192,2024,520403192,1,19,0,10,10,6,5,0,0,1,0,0,0,0,4,1,6,6,1,50,8,1968,2,14,VOLKSWAGEN TRANSPORTER,4,E01029230,0,1
2024461470136,2024,461470136,1,19,0,-1,13,2,2,-1,0,0,0,0,0,0,1,1,-1,6,1,47,8,1968,2,1,VOLKSWAGEN TRANSPORTER,8,E01033610,0,1
2024421437229,2024,421437229,1,19,0,-1,1,7,3,-1,0,0,0,0,0,0,2,9,-1,6,1,37,7,-1,-1,-1,VOLKSWAGEN TRANSPORTER,5,E01021426,0,4
2024221533593,2024,221533593,1,90,0,-1,3,2,7,-1,0,0,0,0,0,0,2,1,-1,6,1,51,8,1896,2,18,VOLKSWAGEN TRANSPORTER,4,E01032454,0,2
2024991484739,2024,991484739,1,8,0,-1,19,1,5,-1,0,0,0,0,0,0,1,1,-1,1,1,51,8,1968,2,4,VOLKSWAGEN TRANSPORTER,5,E01008416,0,5
2024371518515,2024,371518515,2,19,0,-1,19,5,1,-1,0,1,0,0,0,0,1,9,-1,1,1,47,8,1968,2,10,VOLKSWAGEN TRANSPORTER,8,E01029901,0,1
2024131529153,2024,131529153,1,19,0,-1,-1,-1,-1,-1,-1,-1,-1,-1,-1,-1,-1,1,-1,6,3,-1,-1,1968,2,7,VOLKSWAGEN TRANSPORTER,-1,-1,0,-1
2024010504271,2024,010504271,2,19,0,4,4,5,1,0,0,0,0,0,0,0,1,1,1,1,1,27,6,1968,2,3,VOLKSWAGEN TRANSPORTER,2,E01001447,0,2
2024161485964,2024,161485964,2,19,0,-1,19,3,7,-1,0,1,0,0,0,0,2,1,-1,6,3,-1,-1,1968,2,14,VOLKSWAGEN TRANSPORTER,-1,-1,0,-1
2024471447920,2024,471447920,2,19,0,-1,19,1,5,-1,0,1,1,0,7,4,1,1,-1,9,1,46,8,1896,2,18,VOLKSWAGEN TRANSPORTER,3,E01024493,0,5
2024010535416,2024,010535416,1,9,0,3,3,5,1,0,0,7,0,0,0,0,0,1,6,6,1,51,8,1968,2,4,VOLKSWAGEN TRANSPORTER,10,E01021746,0,2
2024421424016,2024,421424016,2,19,0,-1,3,1,5,-1,0,0,0,0,0,0,2,1,-1,9,1,53,8,1968,2,8,VOLKSWAGEN TRANSPORTER,7,E01015955,0,1
2024522402904,2024,522402904,2,21,0,7,7,7,1,0,0,8,0,0,0,0,1,1,1,1,1,30,6,-1,-1,-1,VOLKSWAGEN TRANSPORTER,9,E01032106,0,4
2024501421251,2024,501421251,3,19,0,-1,19,5,1,-1,0,1,0,0,0,0,2,2,-1,1,1,47,8,1968,2,7,VOLKSWAGEN TRANSPORTER,1,E01015263,0,1
2024520401146,2024,520401146,3,19,0,2,2,0,0,0,0,0,0,0,0,0,4,1,6,6,3,-1,-1,1968,2,5,VOLKSWAGEN TRANSPORTER,-1,-1,0,-1
2024610054624,2024,610054624,3,19,0,2,2,0,0,0,0,0,0,0,0,0,3,1,6,6,2,-1,-1,1968,2,8,VOLKSWAGEN TRANSPORTER,5,W01001373,0,1
2024421450092,2024,421450092,2,19,0,-1,2,1,5,-1,0,0,0,4,1,0,2,1,-1,6,-1,-1,-1,1968,2,1,VOLKSWAGEN TRANSPORTER,-1,-1,0,-1
202460Q160335,2024,60Q160335,2,19,0,9,9,1,5,0,0,1,0,0,0,0,4,1,1,1,2,50,8,1968,2,5,VOLKSWAGEN TRANSPORTER,-1,-1,0,-1
2024332400088,2024,332400088,2,19,0,-1,19,7,3,-1,0,0,0,0,0,0,1,1,-1,1,1,32,6,-1,-1,-1,VOLKSWAGEN TRANSPORTER,6,E01027095,0,3
2024010532630,2024,010532630,1,3,0,7,7,4,7,0,0,8,1,0,0,0,4,1,6,6,2,28,6,1968,2,4,VOLKSWAGEN TRANSPORTER,4,E01002589,0,1
2024211506486,2024,211506486,1,19,0,-1,-1,-1,-1,-1,-1,-1,-1,-1,-1,0,-1,1,-1,6,1,34,6,1896,2,17,VOLKSWAGEN TRANSPORTER,-1,-1,0,-1
2024122401005,2024,122401005,2,20,0,4,4,5,1,0,0,1,0,0,0,0,2,1,1,1,2,24,5,-1,-1,-1,VOLKSWAGEN TRANSPORTER,6,E01012923,0,4
2024501519110,2024,501519110,1,19,0,-1,19,1,5,-1,0,0,0,0,0,0,1,1,-1,6,1,26,6,1896,2,29,VOLKSWAGEN TRANSPORTER,-1,-1,0,-1
2024332400118,2024,332400118,2,19,0,-1,2,0,0,-1,0,0,0,0,0,0,2,1,-1,6,2,61,9,-1,-1,-1,VOLKSWAGEN TRANSPORTER,3,E01013772,0,1
2024440335644,2024,440335644,1,19,0,18,19,6,2,0,0,8,0,0,0,0,1,1,2,2,1,49,8,1968,2,10,VOLKSWAGEN TRANSPORTER,6,E01031614,0,4
2024991416887,2024,991416887,2,19,0,-1,19,1,5,-1,0,0,0,0,0,0,1,1,-1,1,1,31,6,1968,2,3,VOLKSWAGEN TRANSPORTER,4,-1,0,4
2024430389790,2024,430389790,1,19,0,18,19,2,6,0,0,8,0,0,0,0,4,1,6,6,1,59,9,1968,2,8,VOLKSWAGEN TRANSPORTER,4,E01032731,0,3
2024131511314,2024,131511314,1,19,0,-1,3,3,7,-1,0,0,0,0,0,0,4,1,-1,6,3,-1,-1,1968,2,8,VOLKSWAGEN TRANSPORTER,-1,-1,0,-1
2024451459494,2024,451459494,2,19,0,-1,19,5,1,-1,0,0,0,0,0,0,4,9,-1,6,1,30,6,2460,2,18,VOLKSWAGEN TRANSPORTER,-1,-1,0,-1
2024221469887,2024,221469887,1,9,0,-1,9,5,2,-1,0,6,0,0,0,0,1,9,-1,6,1,52,8,1968,2,10,VOLKSWAGEN TRANSPORTER,6,E01032375,0,1
2024201459007,2024,201459007,1,19,0,-1,1,7,3,-1,0,0,0,0,0,0,2,1,-1,6,1,32,6,1968,2,2,VOLKSWAGEN TRANSPORTER,-1,-1,0,-1
2024631472908,2024,631472908,3,19,0,-1,19,6,2,-1,0,0,0,0,0,0,1,1,-1,6,1,40,7,1968,2,4,VOLKSWAGEN TRANSPORTER,7,W01000460,0,1
2024231411670,2024,231411670,1,19,0,-1,9,8,6,-1,0,5,0,0,0,0,2,9,-1,6,1,25,5,1968,2,10,VOLKSWAGEN TRANSPORTER,4,E01031026,0,3
2024321410766,2024,321410766,1,19,0,-1,-1,3,7,-1,-1,0,0,0,0,0,4,1,-1,-1,1,57,9,1968,2,3,VOLKSWAGEN TRANSPORTER,1,E01013229,0,3
2024332401228,2024,332401228,1,19,0,-1,19,8,4,-1,0,0,0,0,0,0,1,1,-1,1,1,53,8,1968,2,4,VOLKSWAGEN TRANSPORTER,4,E01003562,0,5
2024552401490,2024,552401490,1,19,0,7,7,2,4,0,0,5,0,0,0,0,3,1,6,6,1,50,8,-1,-1,-1,VOLKSWAGEN TRANSPORTER,7,E01015450,0,3
2024361437526,2024,361437526,2,19,0,-1,3,5,1,-1,0,0,0,0,0,0,2,1,-1,6,2,42,7,1968,2,11,VOLKSWAGEN TRANSPORTER,7,E01026881,0,1
2024010551109,2024,010551109,2,19,0,99,99,9,9,99,99,0,9,99,9,99,9,9,6,6,3,24,5,1968,2,0,VOLKSWAGEN TRANSPORTER,2,E01004464,0,3
2024421480582,2024,421480582,1,9,0,-1,19,1,4,-1,0,1,0,0,1,0,3,1,-1,8,1,45,7,1968,2,3,VOLKSWAGEN TRANSPORTER,5,E01021393,0,3
2024501439373,2024,501439373,3,19,0,-1,4,3,7,-1,0,2,0,0,0,0,1,1,-1,6,1,53,8,2461,2,18,VOLKSWAGEN TRANSPORTER,2,E01019046,0,1
2024541981224,2024,541981224,3,19,0,4,4,1,5,0,0,0,0,0,0,0,1,1,6,6,1,65,9,2460,2,16,VOLKSWAGEN TRANSPORTER,6,E01032083,0,2
2024201452587,2024,201452587,2,19,0,-1,19,1,5,-1,0,8,0,0,0,0,4,9,-1,1,1,26,6,1968,2,1,VOLKSWAGEN TRANSPORTER,3,E01009596,0,1
2024440168848,2024,440168848,1,19,0,3,3,2,6,0,0,0,0,0,0,0,2,1,6,6,1,26,6,1968,2,0,VOLKSWAGEN TRANSPORTER,2,E01022966,0,2
2024451417491,2024,451417491,3,19,0,-1,2,0,0,-1,0,1,0,0,0,0,1,1,-1,6,-1,-1,-1,1968,2,9,VOLKSWAGEN TRANSPORTER,-1,-1,0,-1
2024622400444,2024,622400444,1,19,0,9,9,3,1,0,0,1,0,0,0,0,1,1,6,6,2,41,7,1968,2,11,VOLKSWAGEN TRANSPORTER,10,W01000880,0,2
2024361428809,2024,361428809,1,19,0,-1,19,5,1,-1,0,0,0,0,1,0,1,1,-1,9,1,37,7,2461,2,21,VOLKSWAGEN TRANSPORTER,3,E01034768,0,4
2024340WN2322,2024,340WN2322,1,19,0,-1,9,5,3,-1,0,5,0,0,1,0,4,1,-1,6,1,45,7,1968,2,6,VOLKSWAGEN TRANSPORTER,4,E01026067,0,5
2024041400017,2024,041400017,1,19,0,-1,19,5,1,-1,0,2,0,0,0,0,1,1,-1,1,1,61,9,1968,2,9,VOLKSWAGEN TRANSPORTER,7,E01025463,0,4
2024351435586,2024,351435586,2,19,0,-1,2,0,0,-1,0,2,0,0,0,0,2,1,-1,6,2,47,8,1968,2,8,VOLKSWAGEN TRANSPORTER,-1,-1,0,-1
2024071075470,2024,071075470,1,19,0,-1,6,9,9,-1,0,0,0,0,0,0,9,1,-1,-1,2,-1,-1,1968,2,1,VOLKSWAGEN TRANSPORTER,-1,-1,0,-1
2024131486895,2024,131486895,2,19,0,-1,15,7,5,-1,0,8,0,0,0,0,-1,1,-1,6,3,-1,-1,1968,2,5,VOLKSWAGEN TRANSPORTER,-1,-1,0,-1
2024070589521,2024,070589521,2,19,0,4,4,7,2,0,0,0,0,0,0,0,1,1,6,6,1,37,7,1896,2,18,VOLKSWAGEN TRANSPORTER,6,W01000021,0,5
2024371516819,2024,371516819,1,19,0,-1,19,8,4,-1,0,1,0,0,0,0,1,1,-1,6,1,26,6,1968,2,0,VOLKSWAGEN TRANSPORTER,6,E01029944,0,3
2024520401651,2024,520401651,1,19,0,18,19,5,1,0,0,0,0,0,0,0,4,1,6,6,1,55,8,1968,2,14,VOLKSWAGEN TRANSPORTER,8,E01014747,0,1
2024332400203,2024,332400203,2,19,0,-1,19,1,5,-1,0,8,0,0,0,0,4,1,-1,1,1,49,8,1968,2,0,VOLKSWAGEN TRANSPORTER,1,E01013620,0,1
2024501492793,2024,501492793,1,19,0,-1,19,6,2,-1,0,0,5,6,7,9,1,1,-1,6,1,35,6,1968,2,13,VOLKSWAGEN TRANSPORTER,5,E01018851,0,1
2024361423517,2024,361423517,1,19,0,-1,10,1,7,-1,0,8,0,0,0,0,3,1,-1,2,1,44,7,1968,2,9,VOLKSWAGEN TRANSPORTER,5,E01026724,0,1
2024101526314,2024,101526314,7,19,0,-1,19,5,1,-1,0,0,0,0,0,0,1,1,-1,2,1,35,6,1968,2,7,VOLKSWAGEN TRANSPORTER,5,E01008774,0,1
2024221512576,2024,221512576,1,19,0,-1,19,8,4,-1,0,0,0,0,0,0,4,9,-1,6,1,51,8,1968,2,1,VOLKSWAGEN TRANSPORTER,7,E01014006,0,2
2024501455734,2024,501455734,2,19,0,-1,19,1,5,-1,0,0,0,8,0,0,3,9,-1,6,3,-1,-1,1968,2,11,VOLKSWAGEN TRANSPORTER,-1,-1,0,-1
2024010541972,2024,010541972,2,19,0,99,99,9,9,99,99,9,9,99,9,99,1,9,6,6,1,68,10,1968,2,9,VOLKSWAGEN TRANSPORTER,7,E01015969,0,4
2024141411730,2024,141411730,1,19,0,-1,5,1,5,-1,0,2,0,0,0,0,3,1,-1,1,1,60,9,1968,2,1,VOLKSWAGEN TRANSPORTER,10,E01011894,0,3
2024010523751,2024,010523751,2,19,0,99,99,9,9,99,99,9,9,99,9,99,9,9,6,6,3,55,8,1968,2,4,VOLKSWAGEN TRANSPORTER,7,E01002975,0,2
2024122400785,2024,122400785,1,19,0,9,9,7,6,0,0,6,0,0,1,0,3,1,1,1,1,32,6,1968,2,3,VOLKSWAGEN TRANSPORTER,-1,-1,0,-1
2024211526138,2024,211526138,2,10,0,-1,9,4,2,-1,0,6,0,0,0,0,3,1,-1,2,1,22,5,-1,-1,-1,VOLKSWAGEN TRANSPORTER,5,E01029528,0,2
2024070108726,2024,070108726,1,19,0,18,19,8,4,0,0,1,0,0,0,0,4,1,3,7,2,49,8,-1,-1,-1,VOLKSWAGEN TRANSPORTER,10,E01018676,0,1
2024041450380,2024,041450380,2,19,0,-1,19,1,5,-1,0,0,0,0,0,0,2,1,-1,1,1,29,6,1968,2,7,VOLKSWAGEN TRANSPORTER,1,E01005602,0,4
2024451408458,2024,451408458,3,19,0,-1,2,0,0,-1,0,0,0,0,0,0,1,1,-1,6,-1,-1,-1,1984,1,6,VOLKSWAGEN TRANSPORTER,-1,-1,0,-1
2024221510211,2024,221510211,2,19,0,-1,19,6,2,-1,0,0,0,0,0,0,1,1,-1,2,2,58,9,1968,2,2,VOLKSWAGEN TRANSPORTER,9,E01032289,0,1
2024302400137,2024,302400137,1,19,0,9,9,8,7,0,0,1,0,0,0,0,4,1,6,6,1,54,8,1968,2,5,VOLKSWAGEN TRANSPORTER,8,E01019725,0,2
2024451406179,2024,451406179,2,19,0,-1,2,7,3,-1,0,0,0,0,0,0,2,1,-1,9,1,27,6,2461,2,22,VOLKSWAGEN TRANSPORTER,9,E01030955,0,1
2024501426516,2024,501426516,1,9,0,-1,13,3,7,-1,0,0,0,0,0,0,1,1,-1,9,1,48,8,1968,2,5,VOLKSWAGEN TRANSPORTER,7,E01029966,0,5
2024461410354,2024,461410354,2,19,0,-1,2,1,5,-1,0,2,0,0,0,0,1,1,-1,6,-1,-1,-1,1968,2,4,VOLKSWAGEN TRANSPORTER,-1,-1,0,-1
2024320271050,2024,320271050,1,19,0,-1,-1,2,6,0,0,1,0,0,0,0,1,1,1,1,1,21,5,1968,2,4,VOLKSWAGEN TRANSPORTER,8,E01026200,0,4
2024461526589,2024,461526589,2,20,0,-1,19,1,5,-1,0,1,0,0,0,0,4,9,-1,9,1,51,8,-1,-1,-1,VOLKSWAGEN TRANSPORTER,6,E01024589,0,1
2024421510661,2024,421510661,2,19,0,-1,19,5,1,-1,0,0,0,11,0,0,3,1,-1,6,1,50,8,1968,2,6,VOLKSWAGEN TRANSPORTER,6,E01001494,0,4
2024471414113,2024,471414113,3,19,0,-1,19,6,2,-1,0,0,0,0,0,0,1,1,-1,1,1,32,6,1968,2,4,VOLKSWAGEN TRANSPORTER,5,E01021133,0,4
2024361505480,2024,361505480,1,19,0,-1,19,6,2,-1,0,1,0,0,0,0,4,9,-1,6,1,50,8,1968,2,11,VOLKSWAGEN TRANSPORTER,6,E01026730,0,2
2024421487777,2024,421487777,4,19,0,-1,4,6,2,-1,0,0,0,0,0,0,2,1,-1,6,1,35,6,1896,2,16,VOLKSWAGEN TRANSPORTER,-1,-1,0,-1
2024131485961,2024,131485961,2,9,0,-1,19,3,7,-1,0,8,0,0,0,0,4,1,-1,9,1,48,8,1968,2,7,VOLKSWAGEN TRANSPORTER,3,E01010762,0,1
2024471445596,2024,471445596,2,19,0,-1,19,6,2,-1,0,1,0,0,0,0,1,1,-1,2,2,54,8,1968,2,3,VOLKSWAGEN TRANSPORTER,9,E01021129,0,4
2024440190297,2024,440190297,2,19,0,18,19,1,5,0,0,0,0,0,0,0,1,1,6,6,1,29,6,1896,2,16,VOLKSWAGEN TRANSPORTER,5,E01030786,0,2
2024010511534,2024,010511534,2,19,0,99,99,9,9,99,99,9,9,99,9,99,9,9,6,6,3,21,5,1968,2,5,VOLKSWAGEN TRANSPORTER,5,E01001319,0,1
2024552400680,2024,552400680,1,19,0,7,7,5,8,0,0,6,0,0,0,0,3,1,6,6,1,47,8,2461,2,23,VOLKSWAGEN TRANSPORTER,7,E01020487,0,2
2024991486204,2024,991486204,1,19,0,-1,9,1,7,-1,0,8,0,0,0,0,4,1,-1,1,1,43,7,1968,2,0,VOLKSWAGEN TRANSPORTER,8,-1,0,4
2024471466084,2024,471466084,2,19,0,-1,19,2,6,-1,0,1,0,0,1,1,1,1,-1,9,1,62,9,1968,2,4,VOLKSWAGEN TRANSPORTER,8,E01016981,0,1
2024101501406,2024,101501406,1,19,0,-1,1,4,8,-1,0,0,0,0,0,0,2,1,-1,6,1,51,8,1968,2,13,VOLKSWAGEN TRANSPORTER,6,E01020782,0,2
2024131457772,2024,131457772,3,19,0,-1,19,1,5,-1,0,1,0,0,0,0,3,1,-1,6,2,42,7,1968,2,9,VOLKSWAGEN TRANSPORTER,8,E01010698,0,1
2024520402892,2024,520402892,2,19,0,18,19,3,8,0,0,1,0,0,7,11,3,1,6,6,1,28,6,-1,-1,-1,VOLKSWAGEN TRANSPORTER,6,E01029021,0,3
2024052401649,2024,052401649,2,19,0,9,9,6,2,0,0,1,0,0,0,0,4,1,6,6,1,59,9,2459,1,29,VOLKSWAGEN TRANSPORTER,6,E01007248,0,1
2024320278984,2024,320278984,1,20,0,-1,-1,8,4,0,0,0,1,0,0,0,1,1,1,1,1,49,8,-1,-1,-1,VOLKSWAGEN TRANSPORTER,2,E01013853,0,4
2024010528138,2024,010528138,2,11,0,99,99,9,9,99,99,9,9,99,9,99,1,9,6,6,3,-1,-1,1968,2,5,VOLKSWAGEN TRANSPORTER,-1,-1,0,-1
2024221519022,2024,221519022,2,19,0,-1,2,0,0,-1,0,0,0,0,0,0,2,1,-1,6,1,61,9,2460,2,16,VOLKSWAGEN TRANSPORTER,4,E01014027,0,1
2024340WN2962,2024,340WN2962,2,19,0,-1,2,0,0,-1,0,2,0,0,0,0,2,1,-1,6,3,-1,-1,1968,2,6,VOLKSWAGEN TRANSPORTER,-1,-1,0,-1
2024061453668,2024,061453668,2,19,0,-1,19,4,8,-1,0,0,0,0,0,0,2,9,-1,6,1,67,10,1968,2,9,VOLKSWAGEN TRANSPORTER,-1,-1,0,-1
2024131496451,2024,131496451,3,10,0,-1,2,0,0,-1,0,8,0,0,0,0,2,1,-1,6,-1,-1,-1,-1,-1,-1,VOLKSWAGEN TRANSPORTER,-1,-1,0,-1
2024440516995,2024,440516995,1,19,0,9,9,2,7,0,0,8,0,0,0,0,3,1,6,6,2,65,9,1968,2,3,VOLKSWAGEN TRANSPORTER,-1,-1,0,-1
2024430043835,2024,430043835,1,10,0,18,19,2,1,0,0,0,0,0,7,0,3,1,2,2,2,32,6,-1,-1,-1,VOLKSWAGEN TRANSPORTER,9,E01028485,0,3
2024010524431,2024,010524431,4,19,0,18,19,5,1,0,0,0,0,0,0,0,1,1,1,1,1,35,6,1968,2,4,VOLKSWAGEN TRANSPORTER,5,E01003494,0,2
2024070536397,2024,070536397,2,19,0,17,19,2,7,0,0,0,0,0,1,4,1,1,6,6,1,70,10,1968,2,5,VOLKSWAGEN TRANSPORTER,9,E01018383,0,3
2024211421189,2024,211421189,1,19,0,-1,19,5,3,-1,0,0,0,0,0,0,1,1,-1,9,1,30,6,1968,2,12,VOLKSWAGEN TRANSPORTER,10,E01029724,0,3
2024111414898,2024,111414898,2,19,0,-1,3,2,4,-1,0,0,0,0,0,0,2,1,-1,6,1,52,8,1968,2,2,VOLKSWAGEN TRANSPORTER,8,E01008772,0,3
2024070224643,2024,070224643,1,19,0,9,9,7,3,0,0,5,0,0,0,0,3,1,1,1,1,34,6,1968,2,11,VOLKSWAGEN TRANSPORTER,5,E01034659,0,1
2024101432871,2024,101432871,1,19,0,-1,19,3,7,-1,0,8,0,0,0,0,1,9,-1,9,1,70,10,1968,2,7,VOLKSWAGEN TRANSPORTER,9,E01008275,0,1
2024122400464,2024,122400464,3,19,0,18,19,4,8,0,0,1,0,0,0,0,1,1,6,6,1,27,6,1968,2,1,VOLKSWAGEN TRANSPORTER,7,E01027858,0,3
2024440322414,2024,440322414,1,19,0,18,19,5,1,0,0,0,0,0,7,11,1,1,6,6,1,46,8,2460,2,16,VOLKSWAGEN TRANSPORTER,9,E01022947,0,1
2024371483830,2024,371483830,2,90,0,-1,3,1,5,-1,0,0,0,0,0,0,2,1,-1,9,1,56,9,1968,2,2,VOLKSWAGEN TRANSPORTER,8,E01030121,0,3
2024161501971,2024,161501971,1,19,-1,-1,7,6,1,-1,0,0,0,0,0,0,-1,9,-1,9,1,43,7,1968,2,10,VOLKSWAGEN TRANSPORTER,2,E01012795,0,2
2024221507586,2024,221507586,2,19,0,-1,4,7,3,-1,0,1,0,0,0,0,2,9,-1,9,2,20,4,1896,2,17,VOLKSWAGEN TRANSPORTER,8,E01014002,0,3
2024131408666,2024,131408666,1,19,0,-1,9,6,6,-1,0,8,0,0,0,0,3,2,-1,9,1,56,9,1968,2,11,VOLKSWAGEN TRANSPORTER,4,E01011208,0,1
2024332401111,2024,332401111,3,19,0,-1,3,8,4,-1,0,1,0,0,0,0,3,1,-1,9,1,34,6,1896,2,16,VOLKSWAGEN TRANSPORTER,9,E01025750,0,1
2024501403097,2024,501403097,1,19,0,-1,19,6,3,-1,0,0,0,0,0,0,3,1,-1,9,2,66,10,1968,2,10,VOLKSWAGEN TRANSPORTER,6,E01020025,0,4
2024471420033,2024,471420033,1,19,0,-1,19,7,3,-1,0,0,0,4,0,0,1,1,-1,6,2,39,7,1968,2,4,VOLKSWAGEN TRANSPORTER,7,E01025270,0,5
2024552400951,2024,552400951,1,19,0,18,19,2,6,0,0,0,0,0,0,0,1,1,6,6,1,53,8,1896,2,15,VOLKSWAGEN TRANSPORTER,9,E01016092,0,5
2024430458325,2024,430458325,2,19,0,18,19,4,8,0,0,8,0,0,0,0,4,1,2,2,1,30,6,1968,2,2,VOLKSWAGEN TRANSPORTER,10,E01028473,0,1
2024991475909,2024,991475909,1,19,0,-1,4,3,7,-1,0,1,0,0,0,0,1,1,-1,6,1,59,9,1968,2,13,VOLKSWAGEN TRANSPORTER,5,-1,0,4
2024440482996,2024,440482996,2,19,0,9,9,6,4,0,0,6,0,0,0,0,3,1,1,1,1,51,8,1968,2,9,VOLKSWAGEN TRANSPORTER,2,E01017165,0,1
2024221515085,2024,221515085,2,19,0,-1,19,2,6,-1,0,0,0,0,0,0,2,9,-1,6,1,42,7,1968,2,0,VOLKSWAGEN TRANSPORTER,2,E01033886,0,3