collision_index,collision_year,collision_ref_no,vehicle_reference,vehicle_type,towing_and_articulation,vehicle_manoeuvre_historic,vehicle_manoeuvre,vehicle_direction_from,vehicle_direction_to,vehicle_location_restricted_lane_historic,vehicle_location_restricted_lane,junction_location,skidding_and_overturning,hit_object_in_carriageway,vehicle_leaving_carriageway,hit_object_off_carriageway,first_point_of_impact,vehicle_left_hand_drive,journey_purpose_of_driver_historic,journey_purpose_of_driver,sex_of_driver,age_of_driver,age_band_of_driver,engine_capacity_cc,propulsion_code,age_of_vehicle,generic_make_model,driver_imd_decile,lsoa_of_driver,escooter_flag,driver_distance_banding
2024631454978,2024,631454978,2,90,0,-1,19,2,6,-1,0,0,0,0,0,0,1,1,-1,9,2,51,8,1896,2,16,VOLKSWAGEN TRANSPORTER,5,W01000647,0,1
2024010508086,2024,010508086,1,19,9,99,99,9,9,99,99,1,9,0,0,0,1,9,1,1,1,31,6,1968,2,3,VOLKSWAGEN TRANSPORTER,2,E01002003,0,1
2024631423938,2024,631423938,1,19,0,-1,19,6,1,-1,0,0,0,0,7,11,3,1,-1,9,1,51,8,2460,2,20,VOLKSWAGEN TRANSPORTER,8,W01002013,0,3
2024221484967,2024,221484967,2,19,0,-1,9,4,2,-1,0,5,0,0,0,0,3,9,-1,2,1,31,6,1968,2,7,VOLKSWAGEN TRANSPORTER,8,E01032315,0,2
2024361450811,2024,361450811,1,19,0,-1,-1,-1,-1,-1,-1,-1,-1,-1,-1,0,3,9,-1,9,1,45,7,1968,2,9,VOLKSWAGEN TRANSPORTER,4,E01026733,0,4
2024552401393,2024,552401393,3,19,0,10,10,7,5,0,0,8,0,0,0,0,2,1,6,6,1,42,7,1895,2,23,VOLKSWAGEN TRANSPORTER,5,E01014927,0,4
2024451481069,2024,451481069,2,19,0,-1,19,3,7,-1,0,0,0,0,0,0,1,1,-1,1,1,60,9,1968,2,4,VOLKSWAGEN TRANSPORTER,10,E01022874,0,3
2024320577038,2024,320577038,3,20,0,4,4,4,8,0,0,1,0,0,0,0,1,1,1,1,1,-1,-1,-1,-1,-1,VOLKSWAGEN TRANSPORTER,-1,-1,0,-1
2024461517758,2024,461517758,2,19,0,-1,19,3,7,-1,0,1,0,0,8,0,4,1,-1,9,1,42,7,1968,2,5,VOLKSWAGEN TRANSPORTER,4,E01024087,0,3
2024471481497,2024,471481497,3,19,0,-1,4,1,5,-1,0,0,0,0,0,0,2,1,-1,9,1,51,8,1968,2,7,VOLKSWAGEN TRANSPORTER,10,E01031511,0,4
2024070894097,2024,070894097,2,9,0,-1,4,1,1,-1,0,8,0,0,0,0,1,1,-1,9,1,35,6,1968,2,5,VOLKSWAGEN TRANSPORTER,5,E01018479,0,1
2024302500181,2024,302500181,1,19,0,17,19,5,2,0,0,0,0,0,1,4,1,1,2,2,1,44,7,1968,2,0,VOLKSWAGEN TRANSPORTER,4,E01019431,0,2
2024131505627,2024,131505627,1,19,0,-1,13,6,1,-1,0,8,0,0,0,0,3,1,-1,9,1,31,6,1968,2,0,VOLKSWAGEN TRANSPORTER,5,E01011078,0,2
2024010508091,2024,010508091,2,19,0,3,3,1,5,0,0,0,0,0,0,0,3,1,6,6,1,24,5,1968,2,0,VOLKSWAGEN TRANSPORTER,6,E01001214,0,1
2024440461257,2024,440461257,1,19,0,9,9,7,1,0,0,6,1,0,0,0,1,1,1,1,1,38,7,-1,-1,-1,VOLKSWAGEN TRANSPORTER,9,E01017147,0,1
2024531414995,2024,531414995,1,19,0,-1,19,2,6,-1,0,0,0,0,1,4,1,1,-1,1,1,42,7,1968,2,4,VOLKSWAGEN TRANSPORTER,10,W01001132,0,4
2024411424452,2024,411424452,1,9,0,-1,19,4,1,-1,0,0,1,0,0,0,3,1,-1,6,1,78,11,2435,1,28,-1,6,E01023622,0,1
2024471411677,2024,471411677,1,9,0,-1,7,2,6,-1,0,2,0,0,0,0,1,9,-1,6,1,58,9,2319,1,29,-1,5,E01021001,0,1
2024371495638,2024,371495638,1,9,0,-1,19,1,3,-1,0,0,0,0,0,0,1,1,-1,6,1,20,4,1984,1,28,-1,1,E01030227,0,3
2024010523481,2024,010523481,1,2,0,18,19,5,1,0,0,4,0,0,0,0,0,1,6,6,1,30,6,-1,3,2,-1,5,E01003084,0,3
2024531455656,2024,531455656,2,5,0,-1,19,5,1,-1,0,1,5,0,0,0,1,1,-1,9,1,55,8,779,1,13,-1,7,E01027055,0,5
2024471442356,2024,471442356,2,5,0,-1,13,7,3,-1,0,1,5,0,0,0,1,1,-1,2,1,53,8,779,1,10,-1,6,E01031352,0,4
2024451453442,2024,451453442,1,5,0,-1,19,3,7,-1,0,0,0,0,7,0,1,1,-1,6,1,35,6,779,1,10,-1,9,E01030781,0,4
2024421407189,2024,421407189,2,5,0,-1,13,3,7,-1,0,0,2,0,0,0,3,1,-1,9,1,47,8,779,1,12,-1,7,E01021952,0,2
2024211511166,2024,211511166,1,2,0,-1,19,4,8,-1,0,8,0,0,0,0,3,1,-1,9,1,16,4,48,1,2,-1,-1,-1,0,-1
2024221436100,2024,221436100,1,2,0,-1,19,3,7,-1,0,8,0,0,0,0,1,1,-1,6,1,17,4,48,1,2,-1,6,E01028971,0,2
2024332400158,2024,332400158,1,2,0,-1,19,9,9,-1,0,6,0,0,0,0,3,1,-1,9,1,16,4,48,1,1,-1,10,E01025676,0,1
2024471439230,2024,471439230,2,2,0,-1,19,5,1,-1,0,4,1,0,0,0,4,1,-1,6,1,16,4,48,1,2,-1,7,E01031535,0,2
2024471472812,2024,471472812,1,2,0,-1,6,1,4,-1,0,8,5,0,0,0,1,1,-1,1,1,17,4,48,1,2,-1,5,E01031834,0,1
2024161502339,2024,161502339,1,5,0,-1,19,1,5,-1,0,0,1,0,0,0,1,1,-1,6,1,19,4,839,1,16,-1,3,E01013272,0,1
2024201456272,2024,201456272,1,9,0,-1,9,1,7,-1,0,8,0,7,0,0,1,1,-1,6,2,38,7,1995,2,11,BMW 5 SERIES,1,E01009024,0,1
2024141417344,2024,141417344,1,9,0,-1,19,2,5,-1,-1,2,0,0,0,0,1,1,-1,9,1,61,9,1995,2,5,BMW 5 SERIES,1,E01007948,0,1
2024411490627,2024,411490627,1,9,0,-1,5,7,3,-1,0,6,0,0,0,0,1,1,-1,6,1,42,7,1995,2,12,BMW 5 SERIES,5,E01023720,0,4
2024010506933,2024,010506933,1,9,0,18,19,1,5,0,0,1,0,0,0,0,0,1,1,1,1,38,7,1998,1,5,BMW 5 SERIES,-1,-1,0,-1
2024421467743,2024,421467743,1,9,0,-1,19,1,5,-1,0,1,0,0,0,0,1,9,-1,6,3,-1,-1,1995,2,13,BMW 5 SERIES,-1,-1,0,-1
2024421517314,2024,421517314,3,9,0,-1,19,5,1,-1,0,0,0,0,0,0,2,1,-1,9,1,48,8,1995,2,10,BMW 5 SERIES,9,E01013707,0,5
2024411454237,2024,411454237,1,9,-1,-1,-1,-1,-1,-1,-1,-1,-1,-1,-1,0,1,9,-1,6,2,-1,-1,1995,2,8,BMW 5 SERIES,-1,-1,0,-1
2024201525125,2024,201525125,1,9,0,-1,15,6,1,-1,0,0,0,0,0,0,4,1,-1,6,1,37,7,1995,2,8,BMW 5 SERIES,1,E01009272,0,2
2024201520996,2024,201520996,1,9,0,-1,9,4,8,-1,0,3,0,0,0,0,1,1,-1,6,1,38,7,1995,2,13,BMW 5 SERIES,2,E01010064,0,1
2024010544064,2024,010544064,2,9,0,11,11,7,3,0,0,0,0,0,0,0,0,1,6,6,2,35,6,1995,2,9,BMW 5 SERIES,2,E01027341,0,4
2024010528718,2024,010528718,1,9,0,4,4,1,5,0,0,8,0,0,0,0,1,1,1,1,1,35,6,1995,2,6,BMW 5 SERIES,3,E01004033,0,2
2024211528870,2024,211528870,1,9,0,-1,13,4,8,-1,0,1,0,0,0,0,4,9,-1,6,1,-1,-1,1995,2,10,BMW 5 SERIES,-1,-1,0,-1
2024010550060,2024,010550060,1,8,0,18,19,5,1,0,0,2,0,0,0,0,1,1,1,1,1,39,7,1998,8,4,BMW 5 SERIES,2,E01000028,0,3
2024440101122,2024,440101122,2,9,0,18,19,4,8,0,0,0,0,0,0,0,2,1,6,6,1,50,8,2497,2,21,BMW 5 SERIES,9,E01032860,0,4
2024430085633,2024,430085633,4,9,0,18,19,1,5,0,0,0,0,0,1,0,1,1,6,6,1,66,10,2979,1,22,BMW 5 SERIES,6,E01002674,0,4
2024010514977,2024,010514977,2,9,0,18,19,3,7,0,0,0,0,0,0,0,0,1,1,1,1,45,7,2993,2,4,BMW 5 SERIES,-1,-1,0,-1
2024991409138,2024,991409138,1,9,0,-1,19,5,1,-1,0,0,1,0,7,0,2,1,-1,9,1,32,6,1995,2,12,BMW 5 SERIES,8,E01035159,0,5
2024221511970,2024,221511970,1,9,0,-1,19,1,5,-1,0,3,0,10,3,9,1,1,-1,6,1,36,7,1998,8,7,BMW 5 SERIES,3,E01032254,0,1
2024231454103,2024,231454103,4,9,0,-1,-1,3,7,-1,-1,0,0,0,0,0,0,1,-1,-1,1,-1,-1,2993,12,2,BMW 5 SERIES,6,E01025627,0,4
2024371467952,2024,371467952,1,9,0,-1,5,6,8,-1,0,4,0,0,0,0,1,1,-1,9,1,21,5,1995,2,12,BMW 5 SERIES,7,E01030003,0,2
2024010515471,2024,010515471,1,9,0,18,19,7,3,0,0,0,0,0,0,0,1,1,1,1,1,37,7,2993,12,3,BMW 5 SERIES,5,E01003666,0,3
2024061449645,2024,061449645,2,9,0,-1,5,5,1,-1,0,1,0,0,0,0,0,1,-1,9,1,41,7,1995,2,16,BMW 5 SERIES,1,E01005434,0,3
2024351471989,2024,351471989,1,9,0,-1,19,5,1,-1,0,1,1,10,7,0,1,1,-1,6,1,39,7,2993,2,16,BMW 5 SERIES,2,E01015594,0,2
2024010520664,2024,010520664,2,9,0,18,19,1,5,0,0,2,0,0,0,0,1,2,6,6,1,39,7,1998,1,5,BMW 5 SERIES,5,E01003666,0,2
2024010505572,2024,010505572,1,9,0,5,5,7,3,0,0,8,0,0,0,0,3,1,6,6,3,-1,-1,1995,2,5,BMW 5 SERIES,-1,-1,0,-1
2024010494560,2024,010494560,1,9,5,18,19,1,5,0,0,0,0,0,0,0,2,1,6,6,1,26,6,1998,8,5,BMW 5 SERIES,4,E01024429,0,4
2024010529384,2024,010529384,2,9,0,18,19,9,9,99,99,0,9,99,9,99,1,9,6,6,3,-1,-1,1995,2,9,BMW 5 SERIES,-1,-1,0,-1
2024201420077,2024,201420077,1,9,0,-1,5,4,4,-1,9,0,0,0,1,0,1,9,-1,6,1,34,6,1995,2,10,BMW 5 SERIES,1,E01008882,0,1
2024201532070,2024,201532070,1,9,0,-1,19,7,3,-1,5,3,1,10,3,4,1,1,-1,6,1,16,4,2993,2,9,BMW 5 SERIES,-1,-1,0,-1
2024430021603,2024,430021603,2,9,0,3,3,6,2,0,0,0,0,0,0,0,1,1,6,6,1,56,9,2993,2,10,BMW 5 SERIES,8,E01028720,0,3
2024010509135,2024,010509135,2,9,0,18,19,7,3,0,0,0,0,0,0,0,4,1,1,1,2,47,8,2993,2,4,BMW 5 SERIES,4,E01000472,0,2
2024010542368,2024,010542368,1,9,0,13,13,1,5,0,0,1,0,10,0,0,1,1,1,1,1,60,9,2993,2,4,BMW 5 SERIES,-1,-1,0,-1
2024010516008,2024,010516008,2,9,0,18,19,3,7,0,0,2,0,0,0,0,1,1,6,6,2,35,6,1995,2,6,BMW 5 SERIES,3,E01035672,0,1
2024201513507,2024,201513507,1,9,0,-1,2,0,0,-1,0,0,0,4,0,0,2,1,-1,6,3,-1,-1,1995,2,8,BMW 5 SERIES,-1,-1,0,-1
2024161462886,2024,161462886,1,9,0,-1,19,7,4,-1,0,1,2,7,7,11,4,1,-1,9,1,26,6,1995,2,12,BMW 5 SERIES,1,E01012864,0,1
2024010503559,2024,010503559,1,9,0,18,19,3,7,0,0,2,0,0,0,0,1,1,1,1,1,48,8,2993,2,5,BMW 5 SERIES,-1,-1,0,-1
2024201493546,2024,201493546,1,9,0,-1,19,6,2,-1,0,1,0,0,0,0,1,1,-1,6,1,-1,-1,1995,2,9,BMW 5 SERIES,-1,-1,0,-1
2024061398516,2024,061398516,2,9,-1,-1,-1,-1,-1,-1,-1,-1,-1,-1,-1,0,-1,9,-1,6,2,43,7,2497,2,18,BMW 5 SERIES,2,E01006218,0,1
2024052400776,2024,052400776,1,9,0,18,19,7,3,0,0,0,0,0,0,0,1,1,6,6,1,19,4,1995,2,9,BMW 5 SERIES,7,E01029610,0,4
2024010551103,2024,010551103,2,9,0,99,99,9,9,99,99,9,9,99,9,99,3,9,6,6,3,-1,-1,1995,-1,1,BMW 5 SERIES,-1,-1,0,-1
2024461408923,2024,461408923,1,9,0,-1,19,1,5,-1,0,1,0,0,0,0,3,9,-1,6,2,34,6,1995,2,10,BMW 5 SERIES,4,E01024167,0,1
2024430427535,2024,430427535,2,9,0,4,4,5,1,0,0,0,0,0,0,0,2,1,2,2,1,21,5,2494,1,25,BMW 5 SERIES,6,E01035435,0,4
2024440065214,2024,440065214,1,9,0,18,19,1,5,0,0,0,2,0,1,9,0,1,6,6,1,35,6,1998,8,6,BMW 5 SERIES,3,E01003588,0,5
2024010498742,2024,010498742,1,9,0,18,19,3,7,0,0,1,0,0,0,0,4,1,6,6,1,51,8,1998,8,2,BMW 5 SERIES,2,E01000060,0,1
2024622400863,2024,622400863,1,9,0,9,9,7,5,0,0,5,0,0,0,0,4,1,6,6,1,37,7,2993,2,15,BMW 5 SERIES,3,W01001946,0,1
2024332400023,2024,332400023,4,9,0,-1,19,1,5,-1,0,0,0,0,0,0,1,1,-1,1,1,23,5,1995,2,9,BMW 5 SERIES,1,E01008348,0,5
2024461507227,2024,461507227,1,9,0,-1,19,3,7,-1,0,0,0,4,0,0,1,1,-1,2,1,47,8,1995,2,16,BMW 5 SERIES,1,E01016062,0,1
2024461476660,2024,461476660,1,9,0,-1,5,6,3,-1,0,4,0,0,0,0,1,1,-1,1,1,49,8,1995,2,5,BMW 5 SERIES,1,E01020880,0,5
2024010531295,2024,010531295,3,9,0,18,19,1,5,0,0,8,0,0,0,0,1,1,1,1,1,33,6,1998,1,5,BMW 5 SERIES,4,E01000472,0,2
2024201527501,2024,201527501,1,9,0,-1,19,7,3,-1,0,0,0,0,0,0,1,1,-1,6,1,31,6,1995,2,7,BMW 5 SERIES,-1,-1,0,-1
2024161448274,2024,161448274,1,9,0,-1,19,7,3,-1,0,4,0,0,0,0,3,1,-1,2,1,21,5,1995,2,6,BMW 5 SERIES,5,E01013297,0,4
2024421478533,2024,421478533,2,9,0,-1,2,5,1,-1,-1,0,0,0,0,0,3,1,-1,9,2,36,7,1995,2,11,BMW 5 SERIES,3,E01015902,0,1
2024010539523,2024,010539523,1,9,0,99,99,9,9,99,99,9,9,99,9,99,9,9,6,6,1,61,9,1995,2,12,BMW 5 SERIES,3,E01003533,0,2
2024010509884,2024,010509884,3,9,0,14,14,3,7,0,0,0,1,10,7,0,1,1,6,6,1,25,5,2993,2,7,BMW 5 SERIES,7,E01008006,0,5
2024461428138,2024,461428138,3,9,0,-1,-1,5,1,-1,-1,0,0,0,0,0,0,1,-1,-1,1,46,8,2993,2,5,BMW 5 SERIES,8,E01004147,0,4
2024010508630,2024,010508630,1,9,0,5,5,0,5,0,0,1,0,0,0,0,1,1,2,2,1,38,7,1998,8,5,BMW 5 SERIES,4,E01001932,0,1
2024010532170,2024,010532170,2,9,0,4,4,1,5,0,0,0,0,0,0,0,2,1,6,6,1,62,9,2993,2,12,BMW 5 SERIES,5,E01003715,0,2
2024010503998,2024,010503998,5,9,0,18,19,5,1,0,0,0,0,0,0,0,0,1,1,1,1,29,6,2993,2,4,BMW 5 SERIES,3,E01003221,0,2
2024221424343,2024,221424343,1,9,0,-1,19,1,5,-1,0,0,2,10,8,0,4,1,-1,8,1,40,7,2993,12,4,BMW 5 SERIES,3,E01014010,0,4
2024401468693,2024,401468693,1,9,0,-1,19,5,1,-1,0,1,0,0,0,0,1,1,-1,6,1,-1,-1,2000,2,13,BMW 5 SERIES,-1,-1,0,-1
2024010525352,2024,010525352,3,9,0,18,19,5,1,0,0,0,0,0,0,0,1,1,6,6,1,52,8,2993,2,17,BMW 5 SERIES,3,E01003229,0,2
2024010549674,2024,010549674,1,9,0,99,99,9,9,99,99,0,9,99,9,99,3,9,6,6,1,33,6,2993,2,6,BMW 5 SERIES,3,E01023336,0,2
2024010534230,2024,010534230,1,9,0,18,19,7,3,0,0,1,0,0,0,0,0,1,1,1,1,23,5,1998,1,4,BMW 5 SERIES,-1,-1,0,-1
2024101528014,2024,101528014,1,9,0,-1,19,7,3,-1,0,1,0,0,0,0,4,1,-1,2,1,32,6,1995,2,10,BMW 5 SERIES,2,E01008537,0,2
2024501468996,2024,501468996,2,9,0,-1,19,1,5,-1,0,0,0,0,0,0,1,1,-1,6,1,74,10,1995,2,9,BMW 5 SERIES,3,E01018761,0,2
2024010536712,2024,010536712,4,9,0,18,19,5,1,0,0,0,0,0,0,0,0,1,6,6,1,33,6,2993,2,4,BMW 5 SERIES,-1,-1,0,-1
2024351532150,2024,351532150,1,9,0,-1,19,4,8,-1,0,0,0,0,7,0,3,1,-1,2,1,30,6,2993,12,3,BMW 5 SERIES,8,E01018153,0,1
2024122500070,2024,122500070,1,9,0,18,19,5,1,0,0,6,0,0,0,0,4,1,6,6,1,23,5,1995,2,14,BMW 5 SERIES,1,E01011344,0,4
2024501535889,2024,501535889,2,9,-1,-1,-1,-1,-1,-1,-1,-1,-1,-1,-1,0,-1,9,-1,6,1,36,7,2497,2,21,BMW 5 SERIES,4,E01018874,0,2
2024061498799,2024,061498799,2,9,0,-1,4,1,5,-1,0,0,0,0,0,0,2,1,-1,2,1,32,6,1995,2,10,BMW 5 SERIES,1,E01005061,0,2
2024332400013,2024,332400013,1,9,0,-1,19,5,1,-1,0,0,0,0,0,0,1,1,-1,6,1,-1,-1,1995,2,18,BMW 5 SERIES,-1,-1,0,-1
2024122400437,2024,122400437,4,9,0,17,19,5,2,0,0,0,0,0,0,0,0,1,1,1,1,40,7,2497,2,18,BMW 5 SERIES,10,E01027855,0,4
2024201457774,2024,201457774,2,9,0,-1,9,8,6,-1,0,5,0,0,0,0,2,1,-1,6,1,36,7,1995,2,5,BMW 5 SERIES,6,E01031132,0,4
2024440372436,2024,440372436,2,9,0,13,13,5,3,0,0,8,0,0,0,0,1,1,2,2,1,22,5,1995,2,10,BMW 5 SERIES,8,E01016339,0,3
202417S305124,2024,17S305124,1,9,0,-1,19,4,8,-1,0,0,0,0,0,0,1,1,-1,9,1,24,5,2993,2,20,BMW 5 SERIES,3,E01012289,0,1
2024461521598,2024,461521598,3,9,0,-1,4,5,1,-1,0,0,0,0,0,0,2,9,-1,6,1,43,7,2993,2,13,BMW 5 SERIES,7,E01024232,0,2
2024010539112,2024,010539112,2,9,9,18,19,1,5,99,99,9,9,99,9,99,9,9,6,6,3,-1,-1,1995,2,9,BMW 5 SERIES,6,E01016477,0,3
2024122400756,2024,122400756,2,9,0,5,5,7,3,0,0,8,0,0,0,0,3,1,6,6,2,52,8,1995,2,10,BMW 5 SERIES,5,E01013437,0,1
2024010526720,2024,010526720,1,9,0,9,9,3,1,0,0,6,0,0,0,0,1,1,6,6,1,25,5,1995,-1,4,BMW 5 SERIES,3,E01003490,0,1
2024061399239,2024,061399239,2,9,0,-1,19,5,1,-1,0,1,0,0,0,0,0,1,-1,8,1,-1,-1,1995,2,6,BMW 5 SERIES,-1,-1,0,-1
2024991493220,2024,991493220,2,9,0,-1,19,5,1,-1,0,8,0,0,0,0,3,1,-1,1,1,46,8,1995,2,5,BMW 5 SERIES,7,-1,0,2
2024010518851,2024,010518851,1,9,0,5,5,3,7,0,0,1,0,0,0,0,1,1,2,2,2,42,7,2993,2,4,BMW 5 SERIES,6,E01004002,0,1
2024430617151,2024,430617151,1,9,0,18,19,3,7,0,0,0,0,0,0,0,1,1,6,6,1,29,6,1998,8,6,BMW 5 SERIES,4,E01002893,0,4
2024201491939,2024,201491939,1,9,0,-1,14,5,8,-1,0,1,0,0,0,0,1,1,-1,6,1,-1,-1,1995,2,17,BMW 5 SERIES,2,E01009210,0,3
2024421433214,2024,421433214,1,9,0,-1,19,4,7,-1,0,0,0,0,0,0,1,1,-1,2,1,24,5,1995,2,9,BMW 5 SERIES,10,E01021929,0,3
2024010508360,2024,010508360,1,9,0,99,99,9,9,99,99,9,9,99,9,99,9,9,6,6,2,37,7,1998,1,5,BMW 5 SERIES,10,E01001104,0,1
2024451409619,2024,451409619,7,9,0,-1,19,7,3,-1,0,0,0,0,0,0,0,1,-1,1,1,48,8,2993,2,4,BMW 5 SERIES,10,E01030435,0,3
2024371480171,2024,371480171,1,8,0,-1,4,3,7,-1,0,0,0,0,0,0,4,1,-1,1,1,32,6,1995,2,11,BMW 5 SERIES,2,E01030024,0,1
2024010509751,2024,010509751,2,9,0,5,5,1,5,0,0,8,0,0,0,0,1,1,2,2,1,51,8,1995,2,10,BMW 5 SERIES,3,E01034991,0,4
2024122400778,2024,122400778,1,9,0,18,19,2,6,0,0,1,0,0,1,1,3,1,6,6,1,49,8,1995,2,16,BMW 5 SERIES,1,E01013851,0,5
2024340WN2432,2024,340WN2432,2,9,0,-1,19,4,8,-1,0,1,0,0,1,0,1,1,-1,6,1,40,7,1995,2,18,BMW 5 SERIES,5,E01027061,0,4
2024010524784,2024,010524784,1,9,0,3,3,4,8,0,0,1,0,0,0,0,2,1,6,6,1,70,10,1998,8,7,BMW 5 SERIES,9,E01023819,0,4
2024041497131,2024,041497131,4,9,0,-1,2,0,0,-1,0,1,0,0,0,0,2,1,-1,6,-1,-1,-1,1995,2,12,BMW 5 SERIES,-1,-1,0,-1
2024552401300,2024,552401300,3,9,0,4,4,2,6,0,0,0,0,0,0,0,2,1,6,6,1,35,6,1998,8,5,BMW 5 SERIES,8,E01020344,0,1
2024010540946,2024,010540946,2,8,0,99,99,9,9,99,99,9,9,99,9,99,1,9,6,6,3,-1,-1,1995,2,5,BMW 5 SERIES,-1,-1,0,-1
2024010540922,2024,010540922,1,9,0,18,19,5,1,9,9,0,0,0,0,0,1,1,6,6,1,-1,-1,2996,1,18,BMW 5 SERIES,-1,-1,0,-1
2024451474296,2024,451474296,2,9,0,-1,19,5,1,-1,0,1,0,0,0,0,1,1,-1,6,2,57,9,1995,2,8,BMW 5 SERIES,5,E01030656,0,2
2024122400407,2024,122400407,3,9,0,18,19,2,6,0,0,2,0,0,0,0,3,1,6,6,1,57,9,1995,2,18,BMW 5 SERIES,1,E01011472,0,4
2024010518672,2024,010518672,1,9,0,99,99,9,9,99,99,9,9,99,9,99,9,9,2,2,1,35,6,1995,2,7,BMW 5 SERIES,4,E01003637,0,3
2024361443530,2024,361443530,1,9,0,-1,5,3,7,-1,0,0,0,0,0,0,2,1,-1,9,1,31,6,2993,2,16,BMW 5 SERIES,7,E01026490,0,1
2024231469986,2024,231469986,1,9,0,-1,7,5,4,-1,0,0,0,0,0,0,4,1,-1,6,1,21,5,2993,2,17,BMW 5 SERIES,-1,-1,0,-1
2024010505395,2024,010505395,3,9,0,18,19,1,5,0,0,0,0,0,0,0,0,1,1,1,1,32,6,2993,2,4,BMW 5 SERIES,5,E01003666,0,1
2024461412985,2024,461412985,4,9,0,-1,2,0,0,-1,-1,2,0,0,0,0,4,1,-1,6,-1,-1,-1,1995,2,12,BMW 5 SERIES,-1,-1,0,-1
2024031423370,2024,031423370,1,9,0,-1,19,3,7,-1,0,0,0,0,1,4,1,1,-1,9,1,45,7,1995,2,10,BMW 5 SERIES,9,E01019396,0,1
2024201525082,2024,201525082,1,9,0,-1,19,1,5,-1,9,1,0,0,0,0,3,1,-1,7,2,42,7,1995,2,7,BMW 5 SERIES,10,E01010216,0,2
2024543583024,2024,543583024,2,9,0,18,19,3,7,0,0,3,0,0,0,0,1,1,6,6,1,33,6,2993,2,17,BMW 5 SERIES,4,E01031895,0,1
2024010531463,2024,010531463,2,9,0,4,4,5,1,0,0,1,0,0,0,0,2,1,6,6,1,45,7,1995,-1,5,BMW 5 SERIES,-1,-1,0,-1
2024471411285,2024,471411285,2,9,0,-1,2,0,0,-1,0,0,0,0,0,0,3,1,-1,6,-1,-1,-1,1995,2,7,BMW 5 SERIES,-1,-1,0,-1
2024622400286,2024,622400286,1,9,0,18,19,4,1,0,0,0,0,0,0,0,1,1,1,1,1,-1,-1,2993,2,5,BMW 5 SERIES,4,W01001229,0,2
2024010510671,2024,010510671,2,9,0,18,19,1,5,0,0,1,0,0,0,0,1,1,6,6,1,20,4,2494,1,21,BMW 5 SERIES,5,E01004709,0,1
2024361536415,2024,361536415,1,9,0,-1,19,7,3,-1,0,0,0,0,0,0,1,1,-1,9,1,46,8,1995,2,10,BMW 5 SERIES,1,E01026687,0,1
2024010505067,2024,010505067,2,9,0,99,99,9,9,99,99,9,9,99,9,99,1,9,6,6,3,-1,-1,1995,2,18,BMW 5 SERIES,-1,-1,0,-1
2024010491624,2024,010491624,3,9,0,18,19,1,5,0,0,0,0,0,0,0,0,1,1,1,1,37,7,2993,2,4,BMW 5 SERIES,7,E01003456,0,1
2024991526661,2024,991526661,2,9,0,-1,19,3,7,-1,0,1,0,0,0,0,1,1,-1,1,1,32,6,2993,12,3,BMW 5 SERIES,2,-1,0,3
2024201451639,2024,201451639,1,8,0,-1,9,8,6,-1,0,6,0,0,0,0,0,1,-1,1,1,25,5,1995,2,9,BMW 5 SERIES,-1,-1,0,-1
2024010486958,2024,010486958,4,9,0,13,13,5,1,0,0,0,0,0,0,0,1,1,1,1,1,31,6,1998,1,4,BMW 5 SERIES,-1,-1,0,-1
2024622400737,2024,622400737,2,9,0,9,9,2,8,0,0,6,0,0,0,0,1,1,6,6,3,-1,-1,1995,2,8,BMW 5 SERIES,-1,-1,0,-1
2024010541085,2024,010541085,1,9,9,99,99,9,9,99,99,9,9,99,9,99,9,9,6,6,3,-1,-1,1998,8,5,BMW 5 SERIES,-1,-1,0,-1
2024371506895,2024,371506895,2,9,0,-1,19,3,7,-1,0,0,0,0,0,0,3,1,-1,2,1,59,9,1995,2,8,BMW 5 SERIES,7,E01029902,0,1
2024320098743,2024,320098743,1,9,0,-1,-1,8,4,0,0,8,0,0,7,4,4,1,-1,-1,1,22,5,1995,2,12,BMW 5 SERIES,6,E01032970,0,5
2024041523126,2024,041523126,2,9,0,-1,19,5,1,-1,0,0,0,0,0,0,1,1,-1,6,1,52,8,2497,2,17,BMW 5 SERIES,7,E01025485,0,2
2024010544210,2024,010544210,1,9,0,18,19,5,1,0,0,1,0,0,0,0,1,1,6,6,1,30,6,1998,8,5,BMW 5 SERIES,2,E01003600,0,1
2024070949939,2024,070949939,1,9,0,-1,19,5,1,-1,0,0,0,0,0,0,1,1,-1,9,2,47,8,2000,2,13,BMW 5 SERIES,8,E01025302,0,4
2024545648824,2024,545648824,2,9,0,15,15,6,1,0,0,3,0,0,0,0,4,1,6,6,1,44,7,1998,8,0,BMW 5 SERIES,9,E01028817,0,4
2024991525214,2024,991525214,3,9,0,-1,19,2,7,-1,0,0,0,0,0,0,2,1,-1,9,1,62,9,2993,2,20,BMW 5 SERIES,1,-1,0,2
2024440526398,2024,440526398,1,9,0,18,19,7,3,0,0,1,5,0,0,0,4,1,6,6,1,91,11,1998,1,7,BMW 5 SERIES,6,E01034732,0,2
2024010508662,2024,010508662,3,9,0,4,4,3,7,0,0,1,0,0,0,0,3,1,6,6,1,48,8,1995,2,8,BMW 5 SERIES,8,-1,0,5
202417S107924,2024,17S107924,1,9,0,-1,19,4,8,-1,0,0,0,0,0,0,1,1,-1,9,2,39,7,1995,2,10,BMW 5 SERIES,-1,-1,0,-1