collision_index,collision_year,collision_ref_no,vehicle_reference,vehicle_type,towing_and_articulation,vehicle_manoeuvre_historic,vehicle_manoeuvre,vehicle_direction_from,vehicle_direction_to,vehicle_location_restricted_lane_historic,vehicle_location_restricted_lane,junction_location,skidding_and_overturning,hit_object_in_carriageway,vehicle_leaving_carriageway,hit_object_off_carriageway,first_point_of_impact,vehicle_left_hand_drive,journey_purpose_of_driver_historic,journey_purpose_of_driver,sex_of_driver,age_of_driver,age_band_of_driver,engine_capacity_cc,propulsion_code,age_of_vehicle,generic_make_model,driver_imd_decile,lsoa_of_driver,escooter_flag,driver_distance_banding
2024991485764,2024,991485764,2,9,0,-1,9,7,5,-1,0,8,0,0,0,0,3,1,-1,9,1,49,8,1995,2,18,BMW 5 SERIES,3,-1,0,1
2024201537857,2024,201537857,1,9,0,-1,19,7,3,-1,0,4,0,0,0,0,1,9,-1,9,1,35,6,1995,2,11,BMW 5 SERIES,-1,-1,0,-1
2024552500033,2024,552500033,1,9,0,15,15,7,3,0,0,0,0,0,0,0,3,1,1,1,1,33,6,2993,2,7,BMW 5 SERIES,6,E01034282,0,1
2024010517603,2024,010517603,2,9,0,18,19,7,3,0,0,8,0,0,0,0,1,1,6,6,3,-1,-1,1995,2,14,BMW 5 SERIES,-1,-1,0,-1
2024461504458,2024,461504458,1,9,0,-1,19,5,1,-1,0,0,0,0,0,0,1,9,-1,6,1,-1,-1,2993,2,17,BMW 5 SERIES,2,E01024599,0,4
2024010519458,2024,010519458,1,9,0,18,19,5,1,0,0,0,0,0,0,0,0,1,1,1,2,51,8,1998,1,5,BMW 5 SERIES,5,E01003666,0,3
2024010510788,2024,010510788,1,9,0,18,19,5,1,0,0,8,0,0,0,0,2,9,6,6,1,73,10,2979,1,10,BMW 5 SERIES,5,E01033788,0,3
2024041502794,2024,041502794,1,9,0,-1,19,7,3,-1,0,1,0,0,0,0,4,1,-1,6,2,35,6,1995,2,9,BMW 5 SERIES,4,E01033281,0,1
2024440453333,2024,440453333,3,9,0,4,4,8,4,0,0,0,0,0,0,0,1,1,1,1,1,52,8,2993,2,4,BMW 5 SERIES,-1,-1,0,-1
2024440467680,2024,440467680,2,9,0,18,19,5,1,0,0,1,0,0,0,0,2,1,6,6,2,45,7,1995,2,7,BMW 5 SERIES,8,E01023163,0,1
2024451536223,2024,451536223,2,9,0,-1,19,7,3,-1,0,0,0,0,0,0,1,1,-1,6,1,28,6,1995,2,11,BMW 5 SERIES,9,E01031589,0,3
2024501471825,2024,501471825,2,9,0,-1,19,7,3,-1,0,0,0,1,0,0,1,1,-1,9,1,74,10,1995,2,6,BMW 5 SERIES,3,E01020293,0,2
2024010542624,2024,010542624,1,9,0,99,99,9,9,99,99,9,9,99,9,99,1,9,6,6,3,-1,-1,1995,2,9,BMW 5 SERIES,-1,-1,0,-1
2024543716524,2024,543716524,1,9,0,18,19,3,7,0,0,1,0,0,1,0,1,1,6,6,1,27,6,1995,2,12,BMW 5 SERIES,9,E01015535,0,1
2024201433427,2024,201433427,2,9,0,-1,19,7,3,-1,0,1,0,0,0,0,1,9,-1,9,1,40,7,1995,2,6,BMW 5 SERIES,1,E01008907,0,1
2024552401053,2024,552401053,1,9,0,6,6,3,3,0,0,8,0,0,0,0,4,1,6,6,1,31,6,2993,2,7,BMW 5 SERIES,6,E01023762,0,5
2024010511242,2024,010511242,1,9,0,18,19,7,3,0,0,0,0,0,0,0,0,1,2,2,1,31,6,1998,1,5,BMW 5 SERIES,3,E01003221,0,2
2024221474081,2024,221474081,2,9,0,-1,4,6,2,-1,0,0,0,0,0,0,1,1,-1,1,1,30,6,2993,12,4,BMW 5 SERIES,3,E01032157,0,3
2024161420725,2024,161420725,2,9,0,-1,9,5,4,-1,0,8,0,0,0,0,4,1,-1,2,1,26,6,1995,2,12,BMW 5 SERIES,4,E01012816,0,1
2024991482398,2024,991482398,2,9,0,-1,19,1,5,-1,0,2,0,0,0,0,1,1,-1,9,2,46,8,4398,1,22,BMW 5 SERIES,6,-1,0,4
2024131399692,2024,131399692,2,9,0,-1,19,3,7,-1,0,0,0,0,7,1,1,1,-1,1,1,27,6,1995,2,5,BMW 5 SERIES,1,E01010843,0,1
2024141505999,2024,141505999,2,9,0,-1,19,6,2,-1,0,1,0,0,0,0,1,1,-1,1,1,49,8,1995,2,5,BMW 5 SERIES,1,E01007874,0,1
2024131532514,2024,131532514,1,9,0,-1,1,1,5,-1,-1,0,0,0,0,0,2,1,-1,9,1,81,11,1995,2,5,BMW 5 SERIES,10,E01010766,0,2
2024471459159,2024,471459159,4,9,0,-1,19,7,3,-1,0,1,0,0,0,0,0,1,-1,1,1,-1,-1,2993,12,4,BMW 5 SERIES,6,E01021034,0,4
2024501514235,2024,501514235,2,9,0,-1,19,8,4,-1,0,0,0,0,0,0,0,1,-1,1,1,37,7,2993,12,2,BMW 5 SERIES,9,E01033234,0,1
2024010508552,2024,010508552,1,9,0,18,19,5,1,0,0,8,0,0,0,0,1,1,1,1,1,38,7,1998,8,5,BMW 5 SERIES,6,E01002668,0,3
2024332400968,2024,332400968,1,9,0,-1,3,7,3,-1,0,4,0,0,0,0,2,1,-1,2,2,62,9,1995,2,11,BMW 5 SERIES,2,E01032602,0,1
2024010523968,2024,010523968,3,9,0,4,4,1,5,0,0,1,0,0,0,0,1,1,6,6,1,42,7,1995,2,9,BMW 5 SERIES,3,E01003490,0,3
2024031455485,2024,031455485,1,9,0,-1,19,1,5,-1,0,8,0,0,0,0,3,1,-1,6,1,27,6,1995,2,16,BMW 5 SERIES,10,E01019238,0,1
2024401527725,2024,401527725,2,9,0,-1,19,5,2,-1,0,0,0,0,0,0,1,1,-1,1,2,54,8,1995,2,13,BMW 5 SERIES,5,E01015762,0,3
2024332400442,2024,332400442,2,9,0,-1,12,1,5,-1,0,1,0,0,0,0,1,1,-1,6,3,-1,-1,1995,2,9,BMW 5 SERIES,-1,-1,0,-1
2024221411140,2024,221411140,2,9,0,-1,19,7,3,-1,0,0,1,0,1,0,1,1,-1,2,1,47,8,2993,2,7,BMW 5 SERIES,2,E01033886,0,4
2024010505908,2024,010505908,1,9,0,18,19,6,2,0,0,1,0,0,7,0,4,1,6,6,1,56,9,2497,1,18,BMW 5 SERIES,3,E01000195,0,2
2024430610315,2024,430610315,1,9,0,18,19,4,8,0,0,0,0,0,0,0,1,1,6,6,1,35,6,2993,2,17,BMW 5 SERIES,8,E01032966,0,4
2024041405164,2024,041405164,1,9,0,-1,9,3,1,-1,0,8,0,0,0,0,4,1,-1,9,1,40,7,1998,1,5,BMW 5 SERIES,7,E01025251,0,1
2024010508488,2024,010508488,2,9,0,3,3,1,5,0,0,1,0,10,0,0,3,1,1,1,1,39,7,1995,2,8,BMW 5 SERIES,-1,-1,0,-1
2024010508098,2024,010508098,1,9,0,3,3,3,7,0,0,1,0,0,0,0,2,1,2,2,2,24,5,1995,2,7,BMW 5 SERIES,2,E01003633,0,2
2024010525352,2024,010525352,2,9,0,18,19,5,1,0,0,0,0,0,0,0,1,1,6,6,1,49,8,2497,1,17,BMW 5 SERIES,2,E01003266,0,2
2024010488696,2024,010488696,3,9,0,18,19,1,5,0,0,1,0,0,0,0,0,1,6,6,1,29,6,2993,2,4,BMW 5 SERIES,7,E01003456,0,1
2024451529917,2024,451529917,3,9,0,-1,4,5,1,-1,0,0,0,0,0,0,1,1,-1,9,1,37,7,2171,1,20,BMW 5 SERIES,4,E01034032,0,4
2024010526242,2024,010526242,2,9,0,3,3,2,6,0,0,0,0,0,0,0,4,1,1,1,1,31,6,1995,2,8,BMW 5 SERIES,-1,-1,0,-1
2024221396040,2024,221396040,1,9,0,-1,4,2,6,-1,0,7,0,0,0,0,2,1,-1,6,1,41,7,1998,1,5,BMW 5 SERIES,2,E01034313,0,4
2024430124051,2024,430124051,1,9,0,9,9,8,5,0,0,8,0,0,0,0,3,1,6,6,1,52,8,2993,2,18,BMW 5 SERIES,9,E01016543,0,1
2024991398308,2024,991398308,1,9,0,-1,19,8,4,-1,0,8,0,0,0,0,1,1,-1,1,1,28,6,2993,12,3,BMW 5 SERIES,1,-1,0,3
2024101422440,2024,101422440,1,9,0,-1,19,1,5,-1,0,0,0,0,0,0,1,9,-1,6,1,40,7,1995,2,10,BMW 5 SERIES,-1,-1,0,-1
2024122400753,2024,122400753,1,9,0,2,2,0,0,0,0,0,0,2,0,0,1,1,6,6,1,43,7,2993,2,14,BMW 5 SERIES,10,E01027716,0,1
2024010511249,2024,010511249,1,9,0,99,99,9,9,99,99,9,9,99,9,99,2,9,2,2,1,29,6,1998,1,5,BMW 5 SERIES,5,E01002666,0,1
2024010510271,2024,010510271,1,9,0,99,99,9,9,99,99,9,9,99,9,99,2,9,6,6,1,39,7,1998,8,4,BMW 5 SERIES,4,E01021277,0,4
2024622400821,2024,622400821,1,9,0,18,19,4,8,0,0,0,0,0,0,0,1,1,6,6,1,21,5,2497,2,19,BMW 5 SERIES,9,W01000845,0,2
2024361534117,2024,361534117,1,9,0,-1,19,5,5,-1,0,1,0,0,6,0,1,1,-1,6,1,21,5,1991,1,25,BMW 5 SERIES,1,E01026687,0,1
2024991439617,2024,991439617,3,9,0,-1,19,4,8,-1,0,1,0,0,0,0,0,1,-1,1,1,35,6,2993,12,3,BMW 5 SERIES,-1,-1,0,-1
2024061527191,2024,061527191,1,9,0,-1,1,-1,-1,-1,99,2,0,4,0,0,3,1,-1,6,1,33,6,2993,2,17,BMW 5 SERIES,7,E01005468,0,3
2024010503193,2024,010503193,2,9,0,10,10,1,7,0,0,8,0,0,0,0,0,1,6,6,1,-1,-1,1995,2,5,BMW 5 SERIES,-1,-1,0,-1
2024010514963,2024,010514963,1,9,0,18,19,4,8,0,0,4,0,0,0,0,0,1,6,6,1,39,7,2993,2,4,BMW 5 SERIES,-1,-1,0,-1
2024201435947,2024,201435947,1,9,0,-1,13,4,8,-1,0,0,0,0,0,0,1,9,-1,6,3,-1,-1,2993,2,20,BMW 5 SERIES,-1,-1,0,-1
2024070977527,2024,070977527,1,9,0,-1,9,3,5,-1,0,1,0,0,0,0,4,2,-1,6,1,48,8,1995,2,17,BMW 5 SERIES,1,E01006562,0,3
2024211428550,2024,211428550,2,9,0,-1,19,1,5,-1,0,0,0,0,0,0,0,1,-1,1,1,48,8,2993,2,4,BMW 5 SERIES,8,E01034049,0,3
2024411408857,2024,411408857,1,9,0,-1,19,1,5,-1,0,0,0,0,0,0,1,1,-1,6,1,32,6,1998,8,6,BMW 5 SERIES,2,E01015704,0,3
2024440434306,2024,440434306,1,9,0,6,6,3,3,0,0,1,0,0,0,0,4,1,6,6,1,58,9,2494,1,22,BMW 5 SERIES,6,E01023236,0,1
2024010513643,2024,010513643,2,9,0,9,9,1,7,0,0,2,0,0,1,0,1,1,6,6,1,34,6,1995,2,9,BMW 5 SERIES,5,E01030725,0,4
2024311499907,2024,311499907,2,9,0,-1,14,3,7,-1,0,0,0,0,0,0,1,1,-1,8,1,43,7,2993,2,4,BMW 5 SERIES,5,E01028189,0,3
2024221530203,2024,221530203,2,9,0,-1,4,5,1,-1,0,1,0,0,0,0,1,1,-1,9,1,34,6,1995,2,9,BMW 5 SERIES,5,E01032306,0,1
2024201452184,2024,201452184,1,9,0,-1,9,2,8,-1,0,5,0,0,0,0,1,1,-1,7,2,44,7,1995,2,6,BMW 5 SERIES,6,E01009529,0,1
2024461512243,2024,461512243,2,9,0,-1,19,4,8,-1,0,0,0,0,0,0,3,9,-1,6,1,33,6,1998,8,0,BMW 5 SERIES,3,E01024090,0,2
2024991517328,2024,991517328,4,9,0,-1,19,4,7,-1,0,0,0,0,0,0,0,1,-1,6,1,28,6,2993,12,3,BMW 5 SERIES,10,-1,0,1
2024070108490,2024,070108490,2,9,0,5,5,7,3,0,0,4,0,0,0,0,3,1,1,1,1,34,6,1995,2,13,BMW 5 SERIES,-1,-1,0,-1
2024421525024,2024,421525024,2,8,0,-1,3,-1,-1,-1,99,0,0,0,0,0,4,1,-1,2,1,50,8,1995,2,11,BMW 5 SERIES,4,E01021863,0,1
2024010547680,2024,010547680,2,9,0,5,5,3,7,0,0,1,0,0,0,0,1,1,6,6,1,32,6,1998,8,5,BMW 5 SERIES,2,E01004222,0,1
2024451477948,2024,451477948,1,9,0,-1,9,3,7,-1,0,0,0,0,0,0,1,1,-1,1,1,33,6,1995,2,11,BMW 5 SERIES,8,E01035364,0,4
2024010516453,2024,010516453,1,9,0,18,19,7,3,0,0,2,5,7,0,0,1,1,6,6,1,23,5,1995,12,4,BMW 5 SERIES,8,E01003225,0,2
2024461457427,2024,461457427,2,9,0,-1,5,-1,-1,-1,0,0,0,0,0,0,2,9,-1,6,2,49,8,1998,1,4,BMW 5 SERIES,3,E01024392,0,4
2024201434045,2024,201434045,1,9,0,-1,19,5,1,-1,0,1,0,0,0,0,1,9,-1,6,3,-1,-1,2993,2,9,BMW 5 SERIES,-1,-1,0,-1
2024010514094,2024,010514094,2,9,0,17,19,3,1,0,0,2,0,0,0,0,0,1,1,1,1,49,8,2993,12,2,BMW 5 SERIES,4,E01000472,0,1
2024461416272,2024,461416272,3,9,0,-1,19,3,7,-1,0,0,0,0,0,0,0,1,-1,1,1,42,7,1998,1,5,BMW 5 SERIES,-1,-1,0,-1
2024451461630,2024,451461630,1,9,0,-1,9,5,3,-1,0,8,0,0,0,0,3,1,-1,9,2,38,7,1995,2,9,BMW 5 SERIES,4,E01030983,0,1
2024010545102,2024,010545102,1,9,0,3,3,5,1,0,0,1,0,0,0,0,4,1,1,1,1,39,7,2993,2,5,BMW 5 SERIES,2,E01004214,0,2
2024131466482,2024,131466482,1,9,0,-1,12,3,7,-1,0,0,0,0,0,0,3,1,-1,6,3,-1,-1,2993,2,14,BMW 5 SERIES,-1,-1,0,-1
2024421448309,2024,421448309,1,9,0,-1,19,8,4,-1,0,0,2,0,1,0,3,1,-1,9,1,34,6,1995,2,13,BMW 5 SERIES,5,E01029956,0,4
2024010526965,2024,010526965,1,9,0,2,2,0,0,0,0,1,0,0,0,0,0,1,6,6,3,-1,-1,1995,2,11,BMW 5 SERIES,-1,-1,0,-1
2024041464368,2024,041464368,1,9,0,-1,19,3,7,-1,0,0,0,0,0,0,1,1,-1,9,1,46,8,1995,2,13,BMW 5 SERIES,4,E01012607,0,2
2024302401062,2024,302401062,2,9,0,9,9,2,8,0,0,8,0,0,0,0,3,1,6,6,1,36,7,1995,12,4,BMW 5 SERIES,6,E01013518,0,1
2024991535620,2024,991535620,1,9,0,-1,9,3,1,-1,0,1,0,0,0,0,4,1,-1,2,2,31,6,1995,2,15,BMW 5 SERIES,7,-1,0,1
2024440202354,2024,440202354,2,9,0,18,19,5,1,0,0,8,0,0,0,0,1,1,6,6,1,37,7,1995,2,6,BMW 5 SERIES,9,E01022794,0,1
2024471459159,2024,471459159,3,9,0,-1,19,7,3,-1,0,1,0,0,0,0,1,1,-1,1,1,-1,-1,2993,2,5,BMW 5 SERIES,6,E01021034,0,4
2024421405318,2024,421405318,2,9,0,-1,19,8,4,-1,0,0,0,0,0,0,2,1,-1,6,1,38,7,1995,2,6,BMW 5 SERIES,9,E01021346,0,4
2024010490810,2024,010490810,1,9,0,1,1,7,3,0,0,2,0,0,0,0,2,1,6,6,1,26,6,1995,2,5,BMW 5 SERIES,5,E01035691,0,2
2024332400945,2024,332400945,1,9,0,-1,19,5,1,-1,0,0,0,0,0,0,1,1,-1,2,1,39,7,2996,1,19,BMW 5 SERIES,6,E01013764,0,1
2024010505507,2024,010505507,1,9,0,18,19,1,5,0,0,1,0,0,0,0,0,1,6,6,1,47,8,1997,1,7,BMW 5 SERIES,3,E01003589,0,1
2024041482729,2024,041482729,1,9,0,-1,9,3,7,-1,0,6,0,0,0,0,1,1,-1,9,2,35,6,2993,2,18,BMW 5 SERIES,4,E01025556,0,1
2024340WN4152,2024,340WN4152,2,9,0,-1,19,1,5,-1,0,1,0,0,0,0,2,1,-1,2,2,49,8,2993,2,12,BMW 5 SERIES,1,E01027231,0,1
2024340NN3392,2024,340NN3392,1,9,0,-1,19,7,3,-1,0,1,0,0,0,0,1,1,-1,6,1,-1,-1,1995,2,17,BMW 5 SERIES,-1,-1,0,-1
2024440446196,2024,440446196,1,9,0,18,19,5,1,0,0,0,5,0,1,0,1,1,1,1,1,20,4,2497,2,19,BMW 5 SERIES,9,E01022789,0,3
2024421417037,2024,421417037,2,9,0,-1,19,3,7,-1,0,0,0,0,0,0,3,1,-1,9,1,50,8,2979,8,12,BMW 5 SERIES,4,E01021862,0,2
2024340WN5242,2024,340WN5242,1,9,0,-1,11,5,1,-1,0,0,0,0,0,0,4,1,-1,6,2,40,7,1995,2,8,BMW 5 SERIES,4,E01026956,0,4
2024052400247,2024,052400247,1,9,0,9,9,8,6,0,0,8,0,0,0,0,1,1,6,6,1,38,7,2497,2,17,BMW 5 SERIES,1,E01006690,0,1
2024991485176,2024,991485176,2,9,0,-1,13,1,5,-1,0,0,1,0,7,0,4,2,-1,6,1,56,9,1995,2,12,BMW 5 SERIES,2,-1,0,1
2024031480011,2024,031480011,1,9,0,-1,19,5,1,-1,0,0,0,0,1,4,1,1,-1,6,1,69,10,1995,2,11,BMW 5 SERIES,1,-1,0,5
2024061434336,2024,061434336,1,9,0,-1,9,6,4,-1,0,1,0,0,0,0,1,1,-1,6,1,49,8,1995,2,14,BMW 5 SERIES,8,E01006161,0,2
2024622400880,2024,622400880,1,9,0,18,19,7,3,0,0,0,1,0,0,0,1,1,6,6,1,45,7,2993,2,11,BMW 5 SERIES,6,W01001836,0,1
2024052401049,2024,052401049,1,9,0,15,15,4,8,0,0,8,0,0,0,0,1,1,2,2,1,40,7,2993,2,8,BMW 5 SERIES,1,E01006692,0,1
2024461428138,2024,461428138,4,9,0,-1,-1,5,1,-1,-1,0,0,0,0,0,0,1,-1,-1,1,51,8,2993,12,4,BMW 5 SERIES,9,E01030955,0,4
2024991495385,2024,991495385,3,9,0,-1,19,6,2,-1,0,0,0,0,0,0,1,1,-1,1,1,34,6,2993,12,3,BMW 5 SERIES,4,-1,0,4
2024411539780,2024,411539780,1,9,-1,-1,-1,-1,-1,-1,-1,1,-1,-1,-1,0,-1,9,-1,6,1,31,6,2993,2,10,BMW 5 SERIES,1,E01015732,0,4
2024311515342,2024,311515342,1,9,0,-1,19,1,5,-1,0,0,0,0,0,0,1,1,-1,6,1,35,6,2993,2,4,BMW 5 SERIES,-1,-1,0,-1
2024010498990,2024,010498990,4,9,0,18,19,5,1,0,0,0,0,0,0,0,0,1,6,6,1,50,8,2993,2,4,BMW 5 SERIES,3,E01003221,0,2
2024052401069,2024,052401069,1,9,0,18,19,8,4,0,0,0,0,0,0,0,3,1,6,6,1,89,11,1995,2,6,BMW 5 SERIES,3,E01006998,0,1
2024430600087,2024,430600087,1,9,0,18,19,1,5,0,0,6,0,0,3,7,1,1,2,2,1,42,7,1995,2,7,BMW 5 SERIES,-1,-1,0,-1
2024010528031,2024,010528031,1,9,0,2,2,0,0,0,0,0,0,0,0,0,3,2,6,6,3,-1,-1,2171,1,22,BMW 5 SERIES,-1,-1,0,-1
2024542299424,2024,542299424,1,9,0,1,1,7,3,0,0,1,0,0,0,0,2,1,6,6,1,25,5,1995,2,12,BMW 5 SERIES,7,E01015581,0,2
2024052401120,2024,052401120,1,9,0,7,7,7,1,0,0,2,0,0,0,0,1,1,6,6,2,28,6,1995,2,10,BMW 5 SERIES,3,E01034841,0,2
2024052400824,2024,052400824,1,9,0,13,13,3,7,0,0,1,0,0,0,0,4,1,6,6,1,56,9,1995,2,17,BMW 5 SERIES,1,E01006662,0,1
2024430492095,2024,430492095,1,9,0,18,19,4,8,0,0,2,0,0,0,0,4,1,6,6,1,28,6,1995,2,6,BMW 5 SERIES,4,E01035248,0,1
2024131499072,2024,131499072,2,9,0,-1,19,1,5,-1,0,8,0,0,0,0,1,1,-1,6,1,44,7,1995,2,10,BMW 5 SERIES,2,E01010792,0,1
2024010547973,2024,010547973,1,9,0,-1,-1,1,5,0,0,2,0,0,0,0,1,1,6,6,1,35,6,1995,2,9,BMW 5 SERIES,2,E01034472,0,1
2024340WN4442,2024,340WN4442,2,9,0,-1,9,1,7,-1,0,8,0,0,0,0,1,1,-1,6,1,22,5,1995,2,12,BMW 5 SERIES,4,E01017512,0,4
2024010550036,2024,010550036,1,9,0,99,99,9,9,99,99,8,9,0,0,0,3,9,6,6,2,24,5,1995,2,9,BMW 5 SERIES,2,E01017537,0,4
2024351442039,2024,351442039,1,9,0,-1,-1,-1,-1,-1,-1,-1,-1,-1,-1,0,1,1,-1,6,1,35,6,1995,2,14,BMW 5 SERIES,4,E01018072,0,1
2024531498026,2024,531498026,2,9,0,-1,2,-1,-1,-1,0,0,0,0,0,0,0,9,-1,6,3,-1,-1,1998,1,6,BMW 5 SERIES,-1,-1,0,-1
2024131488824,2024,131488824,1,9,0,-1,19,3,7,-1,0,0,1,0,1,7,1,1,-1,9,1,39,7,1995,2,9,BMW 5 SERIES,4,E01006242,0,4
2024411480425,2024,411480425,2,9,0,-1,19,5,1,-1,0,0,0,0,0,0,2,1,-1,9,1,36,7,2993,2,17,BMW 5 SERIES,10,E01017447,0,3
2024411453813,2024,411453813,1,9,0,-1,19,7,3,-1,0,1,0,0,0,0,1,1,-1,6,1,44,7,1995,2,12,BMW 5 SERIES,7,E01023771,0,1
2024991418982,2024,991418982,2,9,0,-1,9,5,3,-1,0,6,1,0,0,0,3,1,-1,9,1,48,8,1995,2,15,BMW 5 SERIES,8,-1,0,4
2024010542935,2024,010542935,2,9,0,2,2,0,0,0,0,0,0,0,0,0,3,1,6,6,2,40,7,1995,2,8,BMW 5 SERIES,-1,-1,0,-1
2024430423799,2024,430423799,1,9,0,2,2,0,0,0,0,0,0,0,0,0,4,1,6,6,1,40,7,1998,8,7,BMW 5 SERIES,2,E01000863,0,4
2024552400719,2024,552400719,1,9,0,18,19,8,4,0,0,0,0,0,0,0,1,1,6,6,2,31,6,2993,2,20,BMW 5 SERIES,6,E01020439,0,1
2024061479646,2024,061479646,1,9,0,-1,19,3,8,-1,0,0,0,0,0,0,1,1,-1,6,1,40,7,1995,2,11,BMW 5 SERIES,2,E01012482,0,4
2024071905041,2024,071905041,1,9,0,-1,5,5,1,-1,0,8,0,0,0,0,1,1,-1,9,1,38,7,2993,2,15,BMW 5 SERIES,3,E01018746,0,3
2024351522147,2024,351522147,2,9,0,-1,19,7,3,-1,0,1,0,0,0,0,1,1,-1,6,1,35,6,2993,2,19,BMW 5 SERIES,3,E01018073,0,1
2024201437849,2024,201437849,1,9,0,-1,5,4,8,-1,0,0,0,7,0,0,4,1,-1,9,1,30,6,1995,2,12,BMW 5 SERIES,6,E01029413,0,4
2024411451493,2024,411451493,2,9,0,-1,19,4,2,-1,0,8,0,0,0,0,3,1,-1,6,1,26,6,1995,2,6,BMW 5 SERIES,5,E01023643,0,1
2024531458543,2024,531458543,1,9,0,-1,13,5,1,-1,0,0,1,0,2,0,4,1,-1,1,1,55,8,2926,2,23,BMW 5 SERIES,8,E01035035,0,4
2024041533317,2024,041533317,1,9,0,-1,9,3,1,-1,0,8,0,0,0,0,4,1,-1,9,1,73,10,3000,2,24,BMW 5 SERIES,7,E01025270,0,1
2024010535588,2024,010535588,2,9,0,99,99,9,9,99,99,9,9,99,9,99,9,9,6,6,1,26,6,2998,1,7,BMW 5 SERIES,4,E01003485,0,1
2024010493696,2024,010493696,1,9,0,7,7,5,7,0,0,3,0,0,0,0,1,1,2,2,1,34,6,1995,2,8,BMW 5 SERIES,5,E01003683,0,1
2024201519374,2024,201519374,2,9,0,-1,2,0,0,-1,0,0,0,0,0,0,2,9,-1,6,1,40,7,1995,2,7,BMW 5 SERIES,1,E01034307,0,1
2024430223843,2024,430223843,1,9,0,18,19,4,8,0,0,4,0,0,0,0,3,1,6,6,1,44,7,1995,2,14,BMW 5 SERIES,7,E01016495,0,1
2024041496601,2024,041496601,2,9,0,-1,19,5,1,-1,0,1,0,0,0,0,3,1,-1,9,2,31,6,1995,2,17,BMW 5 SERIES,6,E01025562,0,2
2024201463638,2024,201463638,3,9,0,-1,19,7,3,-1,0,8,0,0,0,0,0,1,-1,9,1,-1,-1,2993,2,4,BMW 5 SERIES,4,E01009234,0,2
2024461415440,2024,461415440,1,9,0,-1,3,5,1,-1,0,0,0,0,0,0,0,1,-1,6,2,47,8,1998,1,5,BMW 5 SERIES,3,E01003221,0,4
2024340NN2132,2024,340NN2132,1,9,0,-1,19,3,8,-1,0,4,0,0,0,0,1,1,-1,6,1,45,7,1995,2,8,BMW 5 SERIES,-1,-1,0,-1
2024548890024,2024,548890024,1,9,0,13,13,7,3,0,0,1,0,0,0,0,4,1,6,6,1,33,6,2993,2,17,BMW 5 SERIES,5,E01015532,0,1
2024010523704,2024,010523704,1,9,0,18,19,1,5,0,0,1,0,0,0,0,4,1,2,2,2,53,8,1995,2,10,BMW 5 SERIES,3,E01001372,0,1
202460Q067386,2024,60Q067386,2,9,0,9,9,4,8,0,0,8,0,0,0,0,3,1,6,6,1,74,10,1995,2,8,BMW 5 SERIES,-1,-1,0,-1
2024010517857,2024,010517857,1,9,0,99,99,9,9,99,99,9,9,99,9,99,1,9,6,6,1,46,8,1995,2,9,BMW 5 SERIES,4,E01004446,0,1
2024131499698,2024,131499698,3,9,0,-1,19,7,3,-1,0,0,0,0,0,0,2,1,-1,9,1,37,7,1995,2,5,BMW 5 SERIES,1,E01010821,0,3
2024161490494,2024,161490494,3,9,0,-1,19,2,6,-1,0,0,0,0,0,0,2,1,-1,6,1,51,8,1995,2,10,BMW 5 SERIES,7,E01013014,0,3
2024211473915,2024,211473915,1,8,0,-1,19,1,5,-1,0,1,0,0,0,0,1,1,-1,1,1,40,7,1995,2,7,BMW 5 SERIES,2,E01010338,0,3
2024991431852,2024,991431852,2,9,0,-1,19,7,3,-1,0,0,0,0,0,0,1,1,-1,9,1,44,7,2926,2,23,BMW 5 SERIES,7,-1,0,2
2024010535875,2024,010535875,1,9,0,99,99,9,9,99,99,9,9,99,9,99,1,9,6,6,3,-1,-1,2979,1,23,BMW 5 SERIES,-1,-1,0,-1
2024451513932,2024,451513932,3,9,0,-1,19,8,4,-1,0,0,0,0,0,0,2,1,-1,2,2,43,7,1998,1,4,BMW 5 SERIES,5,E01030663,0,1
2024131452094,2024,131452094,1,9,0,-1,19,1,5,-1,0,8,0,0,0,0,1,1,-1,2,2,34,6,2497,2,18,BMW 5 SERIES,5,E01011731,0,1
2024010539370,2024,010539370,3,9,0,18,19,5,1,0,0,0,0,0,0,0,1,1,1,1,1,36,7,1998,1,5,BMW 5 SERIES,5,E01003666,0,2
2024221399998,2024,221399998,1,9,0,-1,4,4,8,-1,0,0,0,0,0,0,1,9,-1,6,1,-1,-1,1995,2,12,BMW 5 SERIES,-1,-1,0,-1
2024991399086,2024,991399086,1,9,0,-1,19,1,5,-1,0,8,0,0,0,0,1,9,-1,6,1,66,10,1995,2,5,BMW 5 SERIES,10,-1,0,1
2024371464175,2024,371464175,4,9,0,-1,2,0,0,-1,0,0,0,0,0,0,1,1,-1,6,1,25,5,2497,2,21,BMW 5 SERIES,6,E01030044,0,1
2024061407575,2024,061407575,1,9,0,-1,19,1,5,-1,0,1,1,7,0,0,1,1,-1,6,1,42,7,2993,2,16,BMW 5 SERIES,4,E01005231,0,2
2024010547443,2024,010547443,1,9,0,7,7,1,3,4,4,8,0,0,0,0,1,1,6,6,1,30,6,1995,2,6,BMW 5 SERIES,7,E01003753,0,3
2024991536580,2024,991536580,2,9,0,-1,19,1,5,-1,0,8,0,0,0,0,4,1,-1,9,2,38,7,1998,1,6,BMW 5 SERIES,-1,-1,0,-1
2024010505210,2024,010505210,1,9,0,11,11,7,3,0,0,0,1,0,1,0,1,1,6,6,1,27,6,1998,8,6,BMW 5 SERIES,2,E01004206,0,2