collision_index,collision_year,collision_ref_no,vehicle_reference,vehicle_type,towing_and_articulation,vehicle_manoeuvre_historic,vehicle_manoeuvre,vehicle_direction_from,vehicle_direction_to,vehicle_location_restricted_lane_historic,vehicle_location_restricted_lane,junction_location,skidding_and_overturning,hit_object_in_carriageway,vehicle_leaving_carriageway,hit_object_off_carriageway,first_point_of_impact,vehicle_left_hand_drive,journey_purpose_of_driver_historic,journey_purpose_of_driver,sex_of_driver,age_of_driver,age_band_of_driver,engine_capacity_cc,propulsion_code,age_of_vehicle,generic_make_model,driver_imd_decile,lsoa_of_driver,escooter_flag,driver_distance_banding
2024010527396,2024,010527396,2,9,0,18,19,7,3,0,0,8,0,0,0,0,1,1,6,6,1,22,5,1995,2,7,BMW 5 SERIES,2,E01001649,0,4
2024010519091,2024,010519091,1,9,0,1,1,5,1,0,0,1,0,0,0,0,4,1,1,1,1,49,8,1998,1,5,BMW 5 SERIES,6,E01033589,0,1
2024010520191,2024,010520191,2,9,0,18,19,1,5,0,0,8,0,0,0,0,3,1,6,6,2,52,8,1995,2,10,BMW 5 SERIES,2,E01003194,0,1
2024991419575,2024,991419575,1,9,0,-1,14,7,3,-1,0,1,0,0,0,0,3,1,-1,9,2,26,6,1995,2,8,BMW 5 SERIES,2,-1,0,1
2024041408502,2024,041408502,1,9,0,-1,19,5,1,-1,0,0,0,0,0,0,1,1,-1,2,1,58,9,1998,8,3,BMW 5 SERIES,10,E01025438,0,3
2024543265924,2024,543265924,1,9,0,1,1,4,8,9,9,6,0,0,0,0,3,1,6,6,2,38,7,2993,2,10,BMW 5 SERIES,1,E01015542,0,1
2024401411624,2024,401411624,2,9,0,-1,2,0,0,-1,0,0,0,0,0,0,0,1,-1,6,-1,-1,-1,1995,2,14,BMW 5 SERIES,-1,-1,0,-1
2024010504638,2024,010504638,2,9,0,12,12,5,1,0,0,0,0,0,0,0,3,1,6,6,3,-1,-1,2993,2,10,BMW 5 SERIES,-1,-1,0,-1
2024010503065,2024,010503065,1,9,0,99,99,9,9,99,99,9,9,99,9,99,1,1,6,6,1,-1,-1,1998,8,6,BMW 5 SERIES,2,E01033805,0,4
2024531408230,2024,531408230,1,9,0,-1,4,1,5,-1,0,0,0,0,0,0,1,1,-1,6,1,43,7,1995,2,9,BMW 5 SERIES,6,E01022410,0,1
2024451442825,2024,451442825,2,9,0,-1,10,1,5,-1,0,0,0,0,0,0,1,1,-1,6,2,25,5,2497,1,15,BMW 5 SERIES,-1,-1,0,-1
2024201439553,2024,201439553,1,9,0,-1,19,6,2,-1,0,3,0,0,0,0,3,9,-1,6,1,25,5,1998,8,6,BMW 5 SERIES,2,E01009992,0,1
2024471439424,2024,471439424,2,9,0,-1,-1,-1,-1,-1,-1,0,-1,-1,-1,0,-1,9,-1,6,1,33,6,1995,2,12,BMW 5 SERIES,9,E01030552,0,4
2024010536810,2024,010536810,2,9,9,99,99,9,9,99,99,9,9,99,9,99,9,9,6,6,3,-1,-1,1995,2,11,BMW 5 SERIES,-1,-1,0,-1
2024461416843,2024,461416843,1,9,0,-1,19,1,4,-1,0,0,0,11,0,0,1,9,-1,6,3,-1,-1,1995,2,15,BMW 5 SERIES,-1,-1,0,-1
2024161418981,2024,161418981,2,9,0,-1,19,2,6,-1,0,0,1,10,7,1,3,1,-1,9,1,42,7,1995,2,17,BMW 5 SERIES,1,E01013177,0,2
2024411406723,2024,411406723,2,9,0,-1,19,1,5,-1,0,0,0,0,0,0,1,1,-1,6,1,17,4,1995,2,12,BMW 5 SERIES,10,E01023744,0,1
2024010522149,2024,010522149,1,9,0,18,19,9,9,99,99,1,9,99,9,99,2,9,6,6,1,27,6,1995,2,8,BMW 5 SERIES,3,E01003574,0,1
2024010540983,2024,010540983,1,9,0,18,19,7,3,0,0,8,0,0,0,0,1,1,6,6,1,23,5,1995,2,5,BMW 5 SERIES,2,E01003052,0,2
2024010548706,2024,010548706,1,9,0,18,19,1,5,0,0,0,0,0,0,0,1,1,6,6,1,42,7,1995,2,10,BMW 5 SERIES,3,E01000046,0,2
2024141503963,2024,141503963,3,9,0,-1,19,3,7,-1,0,0,0,0,0,0,1,2,-1,9,1,29,6,1995,2,16,BMW 5 SERIES,1,E01007462,0,3
2024010529952,2024,010529952,1,9,0,18,19,7,3,0,0,4,0,0,0,0,0,1,6,6,1,43,7,2993,2,4,BMW 5 SERIES,-1,-1,0,-1
2024101478527,2024,101478527,1,9,0,-1,9,7,4,-1,0,6,0,0,0,0,4,1,-1,6,1,52,8,1995,2,17,BMW 5 SERIES,1,E01008382,0,1
2024061488523,2024,061488523,1,9,0,-1,19,5,1,-1,0,0,0,0,0,0,1,1,-1,9,1,37,7,1995,2,13,BMW 5 SERIES,6,E01033684,0,1
2024451439229,2024,451439229,1,9,0,-1,9,1,5,-1,0,1,0,0,0,0,3,1,-1,9,1,47,8,1995,2,15,BMW 5 SERIES,9,E01030978,0,1
2024302500094,2024,302500094,2,9,0,-1,7,3,5,-1,0,8,0,0,0,0,3,1,-1,1,2,47,8,2993,2,14,BMW 5 SERIES,10,E01033375,0,4
2024010542257,2024,010542257,3,9,0,99,99,9,9,99,99,9,9,99,9,99,2,9,6,6,3,-1,-1,1995,2,6,BMW 5 SERIES,2,E01021322,0,4
2024010494760,2024,010494760,1,9,0,18,19,3,7,0,0,1,0,0,0,0,0,1,6,6,1,30,6,1998,8,5,BMW 5 SERIES,-1,-1,0,-1
2024161501995,2024,161501995,2,9,0,-1,4,1,5,-1,0,3,0,0,0,0,2,1,-1,9,1,27,6,2497,2,20,BMW 5 SERIES,1,E01013221,0,1
2024401427961,2024,401427961,2,9,0,-1,19,1,5,-1,0,1,0,0,0,0,3,1,-1,6,1,52,8,1995,2,10,BMW 5 SERIES,6,E01033812,0,3
2024010513647,2024,010513647,3,9,0,18,19,5,1,0,0,0,0,0,0,0,0,1,1,1,1,35,6,1998,1,5,BMW 5 SERIES,2,E01003507,0,2
2024471406018,2024,471406018,1,9,0,-1,19,8,6,-1,0,4,0,9,7,0,1,1,-1,7,1,55,8,1995,2,11,BMW 5 SERIES,9,E01031625,0,3
2024430594057,2024,430594057,1,9,0,18,19,4,8,0,0,0,2,0,5,6,3,1,6,6,1,26,6,2996,1,17,BMW 5 SERIES,6,E01028497,0,2
2024010501556,2024,010501556,1,9,0,13,13,5,1,0,0,0,0,0,0,0,1,1,6,6,1,31,6,1995,2,7,BMW 5 SERIES,3,E01003373,0,1
2024010511901,2024,010511901,1,9,0,6,6,5,5,0,0,1,0,0,0,0,4,1,6,6,1,29,6,1998,8,6,BMW 5 SERIES,2,E01033866,0,1
2024061436543,2024,061436543,1,8,0,-1,12,3,7,-1,0,0,0,0,0,0,3,1,-1,1,1,61,9,1995,2,6,BMW 5 SERIES,2,E01005163,0,2
2024010551471,2024,010551471,1,9,0,18,19,5,1,0,0,1,0,0,0,0,0,1,1,1,1,37,7,2993,12,2,BMW 5 SERIES,9,E01003356,0,2
2024061497885,2024,061497885,1,9,0,-1,9,3,7,-1,0,0,0,0,0,0,4,2,-1,6,1,37,7,1995,2,11,BMW 5 SERIES,1,E01005317,0,2
2024231509785,2024,231509785,1,9,0,-1,13,6,2,-1,0,8,0,0,7,9,1,1,-1,1,1,30,6,2000,2,15,BMW 5 SERIES,8,E01031205,0,2
2024371490444,2024,371490444,1,9,0,-1,19,1,5,-1,0,2,0,0,1,0,1,1,-1,9,1,25,5,1998,8,6,BMW 5 SERIES,7,E01029896,0,4
2024010491151,2024,010491151,2,9,0,4,4,3,7,0,0,1,0,0,0,0,1,1,1,1,1,41,7,1998,1,5,BMW 5 SERIES,4,E01000472,0,2
2024101406595,2024,101406595,3,9,0,-1,8,0,0,-1,0,1,0,0,0,0,1,1,-1,2,1,43,7,1995,2,11,BMW 5 SERIES,-1,-1,0,-1
2024451416585,2024,451416585,2,9,0,-1,19,4,5,-1,0,0,1,0,0,0,1,1,-1,6,3,50,8,2993,2,16,BMW 5 SERIES,-1,-1,0,-1
2024421454195,2024,421454195,1,9,0,-1,9,4,1,-1,0,2,0,0,0,0,1,9,-1,6,1,61,9,2993,2,17,BMW 5 SERIES,9,E01015893,0,2
2024471429002,2024,471429002,3,9,0,-1,2,0,0,-1,0,0,0,0,0,0,1,1,-1,6,-1,-1,-1,2993,2,17,BMW 5 SERIES,-1,-1,0,-1
2024302400639,2024,302400639,1,9,0,8,8,6,8,0,0,1,0,0,0,0,4,1,1,1,1,34,6,2993,2,12,BMW 5 SERIES,2,E01019469,0,1
2024010534466,2024,010534466,2,9,0,18,19,1,5,0,0,0,0,0,0,0,0,1,1,1,1,46,8,2993,-1,2,BMW 5 SERIES,-1,-1,0,-1
2024302500094,2024,302500094,1,9,0,-1,19,7,5,-1,0,8,0,0,0,0,1,1,-1,1,1,47,8,1995,2,9,BMW 5 SERIES,5,E01019873,0,2
2024010513200,2024,010513200,1,9,0,99,99,9,9,99,99,9,9,99,9,99,2,9,2,2,1,49,8,1995,2,8,BMW 5 SERIES,5,E01003724,0,3
2024122400660,2024,122400660,1,9,0,9,9,5,2,0,0,8,0,0,0,0,1,1,6,6,2,43,7,1995,2,7,BMW 5 SERIES,-1,-1,0,-1
2024131455517,2024,131455517,2,9,0,-1,19,1,5,-1,0,0,0,0,0,0,1,1,-1,9,1,28,6,1995,2,13,BMW 5 SERIES,1,E01011673,0,1
2024201472167,2024,201472167,1,9,0,-1,2,0,0,-1,0,2,0,0,0,0,1,1,-1,6,1,40,7,1995,2,11,BMW 5 SERIES,5,E01009008,0,2
2024010518044,2024,010518044,2,9,0,8,8,5,7,0,0,1,0,0,0,0,2,1,2,2,1,28,6,1995,2,11,BMW 5 SERIES,7,E01000324,0,2
2024041394048,2024,041394048,1,9,0,-1,12,1,5,-1,0,0,0,0,7,11,2,1,-1,9,1,59,9,1995,2,16,BMW 5 SERIES,4,E01024975,0,1
2024991478599,2024,991478599,2,9,0,-1,19,5,2,-1,0,2,0,0,0,0,1,1,-1,9,2,58,9,1995,2,7,BMW 5 SERIES,-1,-1,0,-1
2024552400059,2024,552400059,1,9,0,17,19,4,2,0,0,0,2,0,2,1,1,1,1,1,1,32,6,2993,2,6,BMW 5 SERIES,6,E01020586,0,4
2024320444318,2024,320444318,1,9,0,9,9,4,2,0,0,6,0,0,0,0,1,1,6,6,1,81,11,1995,2,13,BMW 5 SERIES,6,E01026020,0,1
2024522403111,2024,522403111,1,9,0,18,19,3,6,0,0,0,2,7,1,4,1,1,6,6,1,24,5,2993,2,17,BMW 5 SERIES,5,E01016390,0,5
2024010524978,2024,010524978,2,9,0,18,19,4,8,0,0,1,0,0,0,0,1,1,6,6,1,43,7,2993,2,4,BMW 5 SERIES,5,E01003666,0,3
2024547081224,2024,547081224,1,9,0,18,19,2,6,0,0,0,0,0,0,0,1,1,6,6,1,27,6,1998,8,0,BMW 5 SERIES,3,E01014572,0,4
2024010529565,2024,010529565,1,8,0,5,5,5,1,0,0,0,0,0,0,0,4,1,1,1,1,60,9,1995,2,9,BMW 5 SERIES,6,E01002319,0,1
2024010551771,2024,010551771,2,9,0,99,99,9,9,99,99,9,9,99,9,99,9,9,6,6,1,28,6,1998,1,6,BMW 5 SERIES,7,E01002198,0,1
2024991420681,2024,991420681,1,9,0,-1,19,3,7,-1,0,8,0,0,0,0,1,1,-1,2,1,46,8,1995,12,5,BMW 5 SERIES,7,-1,0,1
2024451515018,2024,451515018,3,9,0,-1,19,5,1,-1,0,1,0,0,0,0,1,1,-1,1,1,34,6,2993,2,5,BMW 5 SERIES,10,E01030435,0,3
2024010516798,2024,010516798,4,9,0,18,19,7,3,0,0,0,0,0,0,0,1,1,1,1,2,51,8,1998,1,5,BMW 5 SERIES,5,E01003666,0,2
2024041422810,2024,041422810,2,9,0,-1,19,5,2,-1,0,8,0,0,0,0,4,1,-1,9,1,28,6,2993,2,18,BMW 5 SERIES,3,E01025071,0,1
2024440405425,2024,440405425,1,9,0,1,1,1,5,9,9,1,0,0,0,0,2,1,1,1,1,-1,-1,1995,2,11,BMW 5 SERIES,-1,-1,0,-1
2024131517248,2024,131517248,2,9,0,-1,19,7,3,-1,0,8,0,0,3,0,3,1,-1,9,1,30,6,1995,12,3,BMW 5 SERIES,4,E01011165,0,1
2024543995324,2024,543995324,2,9,0,7,7,8,1,0,0,5,0,0,0,0,4,1,6,6,2,37,7,2993,2,13,BMW 5 SERIES,4,E01032014,0,1
2024361504770,2024,361504770,2,9,0,-1,19,3,7,-1,0,8,1,0,0,0,3,1,-1,9,2,40,7,1995,2,18,BMW 5 SERIES,7,E01026532,0,2
2024231454429,2024,231454429,1,9,0,-1,19,6,2,-1,0,0,0,0,0,0,1,1,-1,9,2,40,7,1995,2,8,BMW 5 SERIES,5,E01029130,0,5
2024522401080,2024,522401080,1,9,0,9,9,3,2,0,0,5,0,0,0,0,3,1,6,6,2,36,7,1995,2,10,BMW 5 SERIES,6,E01014733,0,1
2024440211877,2024,440211877,1,9,0,5,5,1,5,0,0,6,0,0,0,0,3,1,2,2,1,40,7,1995,2,16,BMW 5 SERIES,3,E01017225,0,1
202417S303224,2024,17S303224,1,9,0,18,19,2,6,0,0,0,0,0,0,0,1,1,6,6,3,-1,-1,1995,2,18,BMW 5 SERIES,-1,-1,0,-1
2024231465436,2024,231465436,3,9,0,-1,4,2,6,-1,0,0,1,0,7,0,4,1,-1,1,1,38,7,1995,2,9,BMW 5 SERIES,2,E01034746,0,2
2024010551547,2024,010551547,1,9,0,99,99,9,9,99,99,0,9,99,9,99,2,9,6,6,1,38,7,1995,2,8,BMW 5 SERIES,6,E01003711,0,1
2024440511992,2024,440511992,3,9,0,2,2,0,0,6,6,0,0,0,0,0,2,1,6,6,1,-1,-1,1995,2,13,BMW 5 SERIES,-1,-1,0,-1
2024070402886,2024,070402886,1,9,0,18,19,5,1,0,0,0,0,0,0,0,3,1,3,7,2,41,7,1995,2,10,BMW 5 SERIES,8,E01018510,0,1
2024361524539,2024,361524539,1,9,0,-1,19,5,1,-1,0,8,0,0,0,0,4,1,-1,9,1,24,5,2993,2,14,BMW 5 SERIES,6,E01034437,0,5
2024440277789,2024,440277789,2,9,0,4,4,8,4,0,0,0,0,0,0,0,2,1,6,6,1,44,7,2993,2,6,BMW 5 SERIES,10,E01016526,0,4
202417M118124,2024,17M118124,1,9,0,-1,9,2,7,-1,0,8,0,0,0,0,1,1,-1,6,1,-1,-1,1995,2,10,BMW 5 SERIES,-1,-1,0,-1
2024061517623,2024,061517623,6,9,0,-1,19,1,5,-1,0,0,0,4,0,0,3,1,-1,6,1,41,7,1995,2,7,BMW 5 SERIES,5,E01004934,0,2
2024201534649,2024,201534649,1,9,0,-1,19,3,1,-1,0,2,0,10,1,11,1,1,-1,2,1,30,6,1995,2,12,BMW 5 SERIES,2,E01009981,0,2
2024010502273,2024,010502273,1,9,0,1,1,7,3,0,0,0,0,0,0,0,3,1,6,6,1,48,8,1995,2,8,BMW 5 SERIES,5,E01032777,0,1
2024010523418,2024,010523418,2,9,0,18,19,5,1,0,0,8,0,0,0,0,0,1,1,1,1,30,6,2993,12,2,BMW 5 SERIES,3,E01004734,0,1
2024010527390,2024,010527390,2,8,0,99,99,9,9,99,99,5,9,99,9,99,9,9,6,6,1,31,6,1998,8,1,BMW 5 SERIES,5,E01003131,0,2
2024010508675,2024,010508675,1,9,0,10,10,5,3,0,0,1,0,0,0,0,1,1,6,6,1,40,7,2993,2,6,BMW 5 SERIES,-1,-1,0,-1
2024061395650,2024,061395650,1,9,0,-1,9,7,5,-1,0,1,0,0,0,0,1,1,-1,9,1,50,8,1995,2,15,BMW 5 SERIES,3,E01005975,0,1
2024010543143,2024,010543143,1,9,0,-1,-1,5,1,0,0,3,0,0,0,0,4,1,2,2,1,46,8,2494,1,20,BMW 5 SERIES,2,E01001653,0,1
2024010514306,2024,010514306,2,9,0,18,19,4,8,0,0,1,0,0,0,0,0,1,1,1,1,48,8,2993,-1,3,BMW 5 SERIES,-1,-1,0,-1
2024991411391,2024,991411391,2,9,0,-1,19,3,6,-1,0,0,1,0,6,4,4,1,-1,6,1,35,6,2993,2,5,BMW 5 SERIES,8,-1,0,1
2024070119588,2024,070119588,1,9,0,18,19,7,3,0,0,0,0,0,0,0,0,1,6,6,2,57,9,1995,2,10,BMW 5 SERIES,10,E01018605,0,2
2024031455485,2024,031455485,2,9,0,-1,9,7,5,-1,0,6,0,0,0,0,1,1,-1,6,1,68,10,1995,2,13,BMW 5 SERIES,4,E01019127,0,4
2024131463576,2024,131463576,1,9,0,-1,-1,-1,-1,-1,0,1,-1,-1,-1,0,4,1,-1,6,3,-1,-1,1995,2,14,BMW 5 SERIES,-1,-1,0,-1
2024010516525,2024,010516525,1,9,0,9,9,2,7,9,9,8,0,0,0,0,1,1,6,6,1,18,4,1995,2,7,BMW 5 SERIES,5,E01035689,0,1
2024201501489,2024,201501489,1,9,0,-1,19,7,3,-1,0,1,0,0,0,0,1,9,-1,6,1,47,8,1995,2,8,BMW 5 SERIES,9,E01010248,0,3
2024010501713,2024,010501713,2,9,0,99,99,9,9,99,99,9,9,99,9,99,1,9,6,6,3,-1,-1,1995,2,10,BMW 5 SERIES,-1,-1,0,-1
2024201464339,2024,201464339,2,9,0,-1,2,0,0,-1,0,0,0,0,0,0,2,1,-1,6,-1,-1,-1,1995,2,6,BMW 5 SERIES,-1,-1,0,-1
2024010508983,2024,010508983,1,9,0,99,99,9,9,99,99,0,9,99,9,99,3,9,6,6,1,38,7,1995,2,8,BMW 5 SERIES,4,E01003537,0,1
202417S202524,2024,17S202524,1,9,0,18,19,7,3,0,0,0,0,0,0,0,1,1,6,6,1,38,7,1995,2,12,BMW 5 SERIES,5,E01011968,0,1
2024461489565,2024,461489565,1,9,0,-1,19,7,3,-1,0,0,0,0,0,0,3,9,-1,6,1,19,4,2171,1,20,BMW 5 SERIES,1,E01024590,0,1
2024471513457,2024,471513457,5,9,0,-1,2,0,0,-1,0,0,0,0,0,0,0,1,-1,6,-1,-1,-1,2993,2,5,BMW 5 SERIES,-1,-1,0,-1
2024010550607,2024,010550607,1,9,0,16,19,5,6,0,0,2,1,7,4,6,2,1,6,6,1,31,6,1998,8,5,BMW 5 SERIES,4,E01024182,0,3
2024351429521,2024,351429521,2,9,0,-1,19,7,4,-1,0,0,0,0,0,0,0,1,-1,1,1,-1,-1,2993,2,4,BMW 5 SERIES,6,E01034437,0,2
2024161511045,2024,161511045,3,9,0,-1,2,0,0,-1,9,2,0,0,0,0,2,1,-1,6,-1,-1,-1,2497,2,19,BMW 5 SERIES,-1,-1,0,-1
2024311524388,2024,311524388,1,9,0,-1,19,1,1,-1,0,1,0,0,0,0,0,1,-1,6,2,40,7,2000,2,12,BMW 5 SERIES,-1,-1,0,-1
2024451468716,2024,451468716,1,9,0,-1,5,5,1,-1,0,1,0,0,0,0,0,1,-1,1,1,30,6,2993,2,4,BMW 5 SERIES,10,E01030435,0,1
2024461397033,2024,461397033,2,9,0,-1,19,3,6,-1,0,0,1,0,0,0,3,9,-1,9,2,47,8,1995,2,10,BMW 5 SERIES,3,E01035675,0,4
2024010514306,2024,010514306,3,9,0,18,19,8,4,0,0,1,0,0,0,0,1,1,6,6,1,25,5,1995,2,9,BMW 5 SERIES,7,E01000898,0,1
2024451464158,2024,451464158,1,9,0,-1,19,5,1,-1,0,2,0,0,0,0,1,1,-1,7,1,41,7,2993,2,19,BMW 5 SERIES,4,E01030816,0,1
2024440260562,2024,440260562,2,9,0,17,19,1,6,0,0,0,0,0,0,0,1,1,6,6,1,22,5,2497,2,19,BMW 5 SERIES,7,E01022641,0,1
2024461504400,2024,461504400,3,9,0,-1,19,8,4,-1,0,0,0,0,0,0,1,1,-1,2,1,38,7,2993,2,20,BMW 5 SERIES,7,E01002349,0,3
2024991533965,2024,991533965,2,9,0,-1,19,7,3,-1,0,0,0,0,0,0,0,1,-1,8,1,34,6,2993,12,3,BMW 5 SERIES,9,-1,0,3
2024461471423,2024,461471423,1,9,0,-1,19,7,3,-1,0,0,0,0,0,0,1,1,-1,6,1,54,8,1995,12,4,BMW 5 SERIES,2,E01024294,0,3
202417M112524,2024,17M112524,1,9,0,-1,19,8,4,-1,0,8,0,0,0,0,1,1,-1,2,1,36,7,1995,2,6,BMW 5 SERIES,8,E01011965,0,3
2024010519945,2024,010519945,5,9,0,4,4,7,3,0,0,0,0,0,0,0,0,1,6,6,1,54,8,1995,2,8,BMW 5 SERIES,8,E01003814,0,1
2024010530729,2024,010530729,2,9,0,12,12,7,3,0,0,1,0,0,0,0,0,1,1,1,1,31,6,2993,2,4,BMW 5 SERIES,3,E01003221,0,2
2024010531295,2024,010531295,2,9,0,18,19,5,1,0,0,5,0,0,0,0,4,1,1,1,1,34,6,2993,12,3,BMW 5 SERIES,4,E01000472,0,2
2024351505399,2024,351505399,1,9,0,-1,11,4,6,-1,0,3,0,0,0,0,4,1,-1,2,1,53,8,1995,-1,2,BMW 5 SERIES,8,E01023253,0,5
2024401527815,2024,401527815,3,9,0,-1,2,0,0,-1,0,1,0,0,0,0,3,1,-1,6,-1,-1,-1,2497,2,18,BMW 5 SERIES,-1,-1,0,-1
2024471480946,2024,471480946,1,9,0,-1,19,5,1,-1,0,0,0,0,0,0,1,9,-1,6,1,19,4,2497,2,18,BMW 5 SERIES,4,E01021076,0,1
2024531403363,2024,531403363,2,9,0,-1,19,6,2,-1,0,1,0,0,1,0,3,1,-1,9,1,32,6,1995,2,16,BMW 5 SERIES,4,E01022200,0,1
2024340WN0442,2024,340WN0442,2,9,0,-1,19,8,4,-1,0,0,0,0,0,0,2,1,-1,2,1,31,6,1995,2,12,BMW 5 SERIES,1,E01009540,0,4
2024010538275,2024,010538275,2,9,0,99,99,9,9,99,99,0,9,99,9,99,9,9,6,6,3,-1,-1,1995,2,5,BMW 5 SERIES,-1,-1,0,-1
2024411409741,2024,411409741,1,9,0,-1,3,5,1,-1,0,0,0,0,0,0,1,1,-1,6,1,60,9,1995,2,8,BMW 5 SERIES,5,E01015750,0,3
2024131424312,2024,131424312,1,9,0,-1,9,3,8,-1,0,3,0,0,0,0,1,1,-1,9,2,39,7,1995,2,14,BMW 5 SERIES,1,E01011922,0,1
2024201428614,2024,201428614,1,9,0,-1,19,2,6,-1,0,6,0,0,0,0,1,9,-1,6,1,34,6,1995,2,12,BMW 5 SERIES,2,E01034314,0,1
2024010511911,2024,010511911,1,9,0,18,19,3,7,0,0,8,0,0,0,0,1,1,2,2,1,54,8,1995,2,9,BMW 5 SERIES,3,E01000535,0,1
2024131486155,2024,131486155,1,9,0,-1,-1,-1,-1,-1,-1,8,-1,-1,-1,0,-1,1,-1,6,3,-1,-1,1995,2,12,BMW 5 SERIES,-1,-1,0,-1
2024010539616,2024,010539616,2,9,9,99,99,9,9,99,99,9,9,99,9,99,9,9,6,6,3,-1,-1,1995,12,3,BMW 5 SERIES,-1,-1,0,-1
2024421485876,2024,421485876,2,9,0,-1,19,5,5,-1,0,1,0,0,0,0,1,1,-1,6,2,36,7,1995,2,13,BMW 5 SERIES,5,E01021572,0,2
2024070870176,2024,070870176,1,9,0,-1,19,1,5,-1,9,1,0,4,7,11,3,1,-1,6,1,26,6,2000,2,15,BMW 5 SERIES,2,E01012525,0,1
2024010509123,2024,010509123,2,9,0,18,19,5,1,0,0,8,0,0,0,0,0,1,1,1,1,37,7,2993,12,2,BMW 5 SERIES,3,E01003221,0,2
2024041510228,2024,041510228,2,9,0,-1,19,7,3,-1,0,0,0,0,0,0,1,9,-1,6,1,-1,-1,2993,2,9,BMW 5 SERIES,-1,-1,0,-1
2024991444604,2024,991444604,2,9,0,-1,19,4,8,-1,0,0,0,0,0,0,1,1,-1,6,1,57,9,1995,2,10,BMW 5 SERIES,8,-1,0,2
2024101398264,2024,101398264,1,9,0,-1,9,4,2,-1,0,2,0,0,1,0,3,1,-1,9,1,42,7,1995,2,11,BMW 5 SERIES,6,E01008574,0,4
2024451442311,2024,451442311,2,9,0,-1,19,8,4,-1,0,0,0,0,0,0,1,1,-1,9,2,76,11,1998,1,6,BMW 5 SERIES,10,E01030998,0,3
2024351399280,2024,351399280,2,9,0,-1,19,5,1,-1,0,1,0,9,0,0,0,9,-1,6,1,-1,-1,2993,2,4,BMW 5 SERIES,-1,-1,0,-1
2024010526148,2024,010526148,1,9,0,4,4,3,7,0,0,0,0,0,0,0,4,1,1,1,1,39,7,2993,12,2,BMW 5 SERIES,4,E01001484,0,2
2024141476787,2024,141476787,1,9,0,-1,5,7,3,-1,0,4,0,0,0,0,3,1,-1,9,1,37,7,2993,2,18,BMW 5 SERIES,1,E01007848,0,1
2024430220435,2024,430220435,2,9,0,18,19,4,8,0,0,1,0,0,0,0,1,1,6,6,1,-1,-1,3498,1,21,BMW 5 SERIES,-1,-1,0,-1
2024471417343,2024,471417343,1,9,0,-1,9,7,5,-1,0,1,0,0,0,0,3,1,-1,6,2,-1,-1,1995,2,11,BMW 5 SERIES,6,E01031375,0,1
2024461523516,2024,461523516,1,9,0,-1,19,5,2,-1,0,2,0,0,1,4,1,1,-1,6,1,26,6,1995,2,7,BMW 5 SERIES,8,E01024409,0,2
2024531526387,2024,531526387,1,9,0,-1,9,8,8,-1,0,5,0,0,0,0,1,1,-1,9,1,56,9,2000,2,13,BMW 5 SERIES,6,E01022267,0,3
2024461461154,2024,461461154,2,9,0,-1,5,3,5,-1,0,1,0,0,0,0,3,9,-1,9,2,36,7,2993,2,12,BMW 5 SERIES,9,E01024088,0,1
2024010498989,2024,010498989,1,9,0,18,19,5,1,0,0,6,0,0,0,0,0,1,1,1,1,49,8,2993,2,4,BMW 5 SERIES,3,E01003221,0,2
2024320517870,2024,320517870,2,9,0,5,5,2,6,0,0,2,0,0,0,0,3,1,6,6,1,45,7,1995,2,13,BMW 5 SERIES,8,E01034699,0,1
2024332400922,2024,332400922,1,9,0,-1,19,4,8,-1,0,4,0,0,0,0,4,1,-1,9,1,78,11,2993,2,7,BMW 5 SERIES,8,E01034007,0,2
2024010526793,2024,010526793,1,9,0,18,19,4,8,9,9,0,0,10,7,4,1,1,6,6,1,24,5,1995,2,6,BMW 5 SERIES,-1,-1,0,-1
2024010523932,2024,010523932,3,9,0,3,3,7,3,0,0,0,0,0,0,0,2,1,1,1,1,43,7,1995,2,6,BMW 5 SERIES,5,E01024156,0,4
2024010512145,2024,010512145,1,9,0,18,19,1,5,0,0,1,1,0,0,0,1,1,1,1,1,25,5,2993,2,9,BMW 5 SERIES,4,E01000113,0,1
2024411469270,2024,411469270,1,9,0,-1,19,1,5,-1,0,0,0,0,0,0,1,1,-1,6,2,46,8,1995,2,8,BMW 5 SERIES,5,W01001096,0,5
2024010504421,2024,010504421,2,9,0,99,99,9,9,99,99,9,9,99,9,99,9,9,6,6,3,-1,-1,1995,2,9,BMW 5 SERIES,-1,-1,0,-1
2024231418361,2024,231418361,2,9,0,-1,2,0,0,-1,0,0,0,0,0,0,4,1,-1,6,2,45,7,1995,2,6,BMW 5 SERIES,10,E01033252,0,1
2024471485505,2024,471485505,1,9,0,-1,5,3,7,-1,0,1,0,0,0,0,1,1,-1,6,1,45,7,1998,8,5,BMW 5 SERIES,5,E01016857,0,1
2024010535683,2024,010535683,3,9,0,2,2,0,0,0,0,1,0,0,0,0,1,1,6,6,3,-1,-1,1995,2,5,BMW 5 SERIES,-1,-1,0,-1
2024351469190,2024,351469190,1,9,0,-1,5,2,6,-1,0,0,0,0,0,0,3,1,-1,6,1,32,6,1995,2,5,BMW 5 SERIES,7,E01035526,0,2
2024010528741,2024,010528741,1,9,0,99,99,9,9,99,99,9,9,99,9,99,9,9,6,6,3,39,7,1995,2,6,BMW 5 SERIES,8,E01002372,0,1