collision_index,collision_year,collision_ref_no,vehicle_reference,vehicle_type,towing_and_articulation,vehicle_manoeuvre_historic,vehicle_manoeuvre,vehicle_direction_from,vehicle_direction_to,vehicle_location_restricted_lane_historic,vehicle_location_restricted_lane,junction_location,skidding_and_overturning,hit_object_in_carriageway,vehicle_leaving_carriageway,hit_object_off_carriageway,first_point_of_impact,vehicle_left_hand_drive,journey_purpose_of_driver_historic,journey_purpose_of_driver,sex_of_driver,age_of_driver,age_band_of_driver,engine_capacity_cc,propulsion_code,age_of_vehicle,generic_make_model,driver_imd_decile,lsoa_of_driver,escooter_flag,driver_distance_banding
2024461475815,2024,461475815,2,9,0,-1,2,0,0,-1,0,0,0,4,0,0,2,1,-1,6,-1,-1,-1,1995,2,13,BMW 5 SERIES,-1,-1,0,-1
2024041505704,2024,041505704,2,9,0,-1,10,1,5,-1,0,6,0,0,0,0,3,1,-1,1,1,29,6,1995,2,6,BMW 5 SERIES,2,E01005950,0,4
2024061510843,2024,061510843,2,9,0,-1,19,5,1,-1,9,0,0,0,0,0,3,1,-1,9,1,24,5,2993,2,14,BMW 5 SERIES,2,E01018388,0,4
2024131526461,2024,131526461,2,9,0,-1,19,1,5,-1,0,8,0,0,0,0,3,1,-1,9,1,80,11,2993,2,13,BMW 5 SERIES,5,E01010991,0,1
2024010509123,2024,010509123,3,9,0,18,19,5,1,0,0,8,0,0,0,0,0,1,1,1,1,35,6,2993,2,4,BMW 5 SERIES,3,E01003221,0,2
2024131511811,2024,131511811,2,9,0,-1,9,3,5,-1,0,8,0,0,0,0,4,1,-1,2,2,25,5,1995,2,11,BMW 5 SERIES,1,E01010833,0,1
2024010513938,2024,010513938,1,9,0,4,4,3,7,0,0,0,0,0,0,0,4,1,2,2,1,39,7,1998,1,6,BMW 5 SERIES,-1,-1,0,-1
2024010542892,2024,010542892,2,9,0,99,99,9,9,99,99,9,9,99,9,99,9,9,6,6,3,-1,-1,1995,2,5,BMW 5 SERIES,-1,-1,0,-1
2024010548608,2024,010548608,1,9,0,18,19,5,1,0,0,8,0,0,0,0,4,1,6,6,1,45,7,2993,2,10,BMW 5 SERIES,2,E01003187,0,1
2024311475560,2024,311475560,1,9,0,-1,5,1,5,-1,-1,0,0,0,0,0,1,1,-1,6,3,-1,-1,1998,8,0,BMW 5 SERIES,-1,-1,0,-1
2024201518948,2024,201518948,3,9,0,-1,5,3,3,-1,0,2,0,0,0,0,4,1,-1,6,1,47,8,1995,2,9,BMW 5 SERIES,1,E01008884,0,1
2024041468160,2024,041468160,2,9,0,-1,10,3,7,-1,0,1,0,0,0,0,3,1,-1,6,1,43,7,1998,8,6,BMW 5 SERIES,1,E01012670,0,1
2024061468587,2024,061468587,1,9,0,-1,19,2,8,-1,0,1,0,0,0,0,1,1,-1,6,1,76,11,1995,2,12,BMW 5 SERIES,5,E01005779,0,1
2024451394130,2024,451394130,3,9,0,-1,19,3,7,-1,0,0,1,4,0,0,1,1,-1,1,1,38,7,2993,2,9,BMW 5 SERIES,4,E01015993,0,4
2024131494347,2024,131494347,3,9,0,-1,10,5,3,-1,0,8,0,0,0,0,3,1,-1,9,1,38,7,2993,2,14,BMW 5 SERIES,10,E01011888,0,1
2024481570252,2024,481570252,2,9,0,-1,19,7,3,-1,0,0,0,0,0,0,2,1,-1,9,1,28,6,2993,2,6,BMW 5 SERIES,-1,-1,0,-1
2024421506601,2024,421506601,2,9,0,-1,19,6,3,-1,0,0,0,0,0,0,0,1,-1,1,1,27,6,2993,2,5,BMW 5 SERIES,4,E01021720,0,3
2024471500946,2024,471500946,1,9,0,-1,9,5,2,-1,0,6,0,0,1,2,1,1,-1,9,1,31,6,2497,1,19,BMW 5 SERIES,2,E01021179,0,1
2024221476107,2024,221476107,1,9,0,-1,9,1,7,-1,0,8,0,0,0,0,1,1,-1,6,1,35,6,2993,2,15,BMW 5 SERIES,8,E01032446,0,1
2024522401593,2024,522401593,2,9,0,18,19,5,1,0,0,0,0,0,0,0,1,1,6,6,3,-1,-1,1995,2,9,BMW 5 SERIES,-1,-1,0,-1
2024440374316,2024,440374316,2,9,0,7,7,1,3,0,0,5,0,0,0,0,4,1,6,6,1,26,6,1995,2,11,BMW 5 SERIES,3,E01022680,0,2
2024221484123,2024,221484123,1,9,0,-1,11,2,8,-1,0,3,0,0,0,0,4,1,-1,6,3,30,6,1995,2,19,BMW 5 SERIES,-1,-1,0,-1
2024320129474,2024,320129474,1,9,0,-1,-1,6,2,0,0,0,0,0,1,9,1,1,6,6,1,66,10,2490,1,18,BMW 5 SERIES,5,E01026286,0,4
2024010548302,2024,010548302,2,9,0,99,99,9,9,99,99,9,9,99,9,99,1,9,6,6,3,-1,-1,1998,8,1,BMW 5 SERIES,-1,-1,0,-1
2024061404812,2024,061404812,2,9,0,-1,19,1,5,-1,0,0,1,0,0,0,1,1,-1,9,1,49,8,1995,2,10,BMW 5 SERIES,3,E01005480,0,4
2024010532966,2024,010532966,2,9,0,6,6,7,7,0,0,6,0,0,0,0,1,1,1,1,1,38,7,2993,2,4,BMW 5 SERIES,-1,-1,0,-1
2024522403120,2024,522403120,1,9,0,18,19,3,7,0,0,8,0,0,0,0,1,1,6,6,1,31,6,1998,8,3,BMW 5 SERIES,2,E01035216,0,1
2024010499095,2024,010499095,1,8,0,9,9,1,6,0,0,8,0,0,0,0,1,1,1,1,1,41,7,1998,8,4,BMW 5 SERIES,2,E01003933,0,2
2024010545655,2024,010545655,1,9,0,4,4,5,1,0,0,0,0,0,0,0,2,1,2,2,1,22,5,2979,1,21,BMW 5 SERIES,8,E01000394,0,3
2024010521114,2024,010521114,1,9,5,13,13,7,3,0,0,1,1,10,1,4,2,1,6,6,1,25,5,1995,2,11,BMW 5 SERIES,3,E01001311,0,3
2024141438775,2024,141438775,1,9,0,-1,7,7,8,-1,0,8,0,0,0,0,1,1,-1,2,1,38,7,1995,2,12,BMW 5 SERIES,2,E01007656,0,3
2024041433853,2024,041433853,1,9,0,-1,19,1,5,-1,0,1,0,0,0,0,3,1,-1,9,1,58,9,1995,2,6,BMW 5 SERIES,2,E01025244,0,1
2024061416175,2024,061416175,2,9,0,-1,3,6,2,-1,0,0,0,0,0,0,3,1,-1,9,1,49,8,1998,1,5,BMW 5 SERIES,7,E01006125,0,3
2024131396129,2024,131396129,3,9,0,-1,19,7,3,-1,0,0,0,0,0,0,1,1,-1,9,1,48,8,2993,2,14,BMW 5 SERIES,6,E01012937,0,4
2024131435352,2024,131435352,1,9,0,-1,5,1,5,-1,0,0,0,0,0,0,3,1,-1,9,1,35,6,1995,2,19,BMW 5 SERIES,1,E01011673,0,1
2024010544572,2024,010544572,2,9,9,99,99,9,9,99,99,9,9,99,9,99,9,9,6,6,3,-1,-1,1998,8,0,BMW 5 SERIES,-1,-1,0,-1
2024010524478,2024,010524478,2,9,0,99,99,9,9,99,99,9,9,99,9,99,1,9,6,6,1,46,8,1998,8,7,BMW 5 SERIES,3,E01003387,0,1
2024010551135,2024,010551135,2,9,0,5,5,5,1,0,0,1,0,0,0,0,0,1,6,6,1,34,6,1998,1,5,BMW 5 SERIES,2,E01003047,0,2
2024421509151,2024,421509151,1,9,0,-1,19,7,3,-1,0,2,0,4,0,0,1,1,-1,6,1,35,6,2497,2,18,BMW 5 SERIES,1,E01001798,0,4
2024010536464,2024,010536464,1,9,0,9,9,3,1,0,0,6,0,0,0,0,1,1,6,6,3,-1,-1,1995,2,10,BMW 5 SERIES,-1,-1,0,-1
2024131468791,2024,131468791,3,9,0,-1,4,1,1,-1,0,1,0,0,0,0,2,1,-1,6,3,-1,-1,1995,2,10,BMW 5 SERIES,-1,-1,0,-1
2024221513453,2024,221513453,5,9,0,-1,19,4,8,-1,0,1,0,0,0,0,3,1,-1,6,1,30,6,1995,2,13,BMW 5 SERIES,9,W01000407,0,3
2024201433987,2024,201433987,2,9,0,-1,2,0,0,-1,0,0,0,0,0,0,1,1,-1,6,1,61,9,2993,2,5,BMW 5 SERIES,10,E01010173,0,1
2024471422611,2024,471422611,1,9,0,-1,19,7,3,-1,0,0,0,0,0,0,3,1,-1,6,1,65,9,1998,8,0,BMW 5 SERIES,6,E01031538,0,2
2024010503679,2024,010503679,1,9,0,99,99,9,9,99,99,9,9,99,9,99,2,9,6,6,1,23,5,1995,2,8,BMW 5 SERIES,4,E01003733,0,2
2024471514302,2024,471514302,4,9,0,-1,2,0,0,-1,0,0,0,0,0,0,0,1,-1,6,-1,-1,-1,2993,2,6,BMW 5 SERIES,-1,-1,0,-1
2024161514089,2024,161514089,2,9,0,-1,2,0,0,-1,0,0,0,0,0,0,2,1,-1,6,-1,-1,-1,1995,2,13,BMW 5 SERIES,-1,-1,0,-1
2024061447980,2024,061447980,2,8,0,-1,12,5,1,-1,0,7,0,0,0,0,2,1,-1,1,1,63,9,1995,2,7,BMW 5 SERIES,8,E01006809,0,1
2024451409619,2024,451409619,4,9,0,-1,19,7,3,-1,0,0,0,0,0,0,0,1,-1,1,1,30,6,2993,12,4,BMW 5 SERIES,10,E01030435,0,3
2024201404391,2024,201404391,1,9,0,-1,9,6,4,-1,0,6,0,0,0,0,1,9,-1,9,1,26,6,1998,1,6,BMW 5 SERIES,1,E01009382,0,2
2024010540540,2024,010540540,2,9,0,99,99,9,9,99,99,9,9,99,9,99,1,9,6,6,3,-1,-1,2497,1,19,BMW 5 SERIES,-1,-1,0,-1
2024010514746,2024,010514746,2,9,0,18,19,7,3,0,0,0,0,0,0,0,1,1,2,2,1,-1,-1,1998,1,5,BMW 5 SERIES,-1,-1,0,-1
2024201456658,2024,201456658,1,9,0,-1,5,2,6,-1,0,1,0,0,0,0,1,9,-1,9,1,64,9,1995,2,8,BMW 5 SERIES,4,E01009085,0,1
2024010514384,2024,010514384,1,9,0,99,99,9,9,99,99,2,9,99,9,99,2,9,2,2,1,42,7,1995,2,11,BMW 5 SERIES,8,E01003845,0,3
2024010510847,2024,010510847,1,9,0,99,99,9,9,99,99,9,9,99,9,99,2,9,6,6,1,21,5,1995,2,11,BMW 5 SERIES,3,E01001557,0,4
2024052401593,2024,052401593,1,9,0,14,14,8,4,0,0,0,0,0,0,0,3,1,6,6,1,64,9,1995,2,12,BMW 5 SERIES,3,E01006521,0,1
2024010543366,2024,010543366,3,9,0,9,9,1,7,0,0,8,0,0,0,0,1,1,6,6,1,45,7,1998,8,3,BMW 5 SERIES,-1,-1,0,-1
2024031484375,2024,031484375,1,9,0,-1,4,5,1,-1,0,1,0,0,0,0,1,1,-1,2,1,27,6,2171,1,21,BMW 5 SERIES,1,E01019156,0,1
2024010501134,2024,010501134,2,9,0,99,99,9,9,99,99,9,9,99,9,99,0,9,6,6,3,-1,-1,1995,2,9,BMW 5 SERIES,-1,-1,0,-1
2024201527697,2024,201527697,1,9,0,-1,19,5,1,-1,0,0,0,0,0,0,1,9,-1,1,1,18,4,2000,2,13,BMW 5 SERIES,2,E01010448,0,1
2024122400944,2024,122400944,1,9,0,13,13,7,3,0,0,1,0,0,0,0,1,1,6,6,2,47,8,1995,2,7,BMW 5 SERIES,9,E01027882,0,1
2024131396132,2024,131396132,1,9,0,-1,4,5,1,-1,0,0,0,0,0,0,1,1,-1,9,1,31,6,1995,2,6,BMW 5 SERIES,7,E01011511,0,2
2024371496060,2024,371496060,1,9,0,-1,19,5,1,-1,0,0,0,0,0,0,3,1,-1,9,1,23,5,1995,2,12,BMW 5 SERIES,2,E01030024,0,1
2024411519171,2024,411519171,2,9,0,-1,19,3,5,-1,0,4,0,1,0,0,1,1,-1,6,1,72,10,1995,2,7,BMW 5 SERIES,9,E01022061,0,4
2024631512733,2024,631512733,4,9,0,-1,19,1,5,-1,0,8,0,0,4,6,1,1,-1,9,1,55,8,2993,2,5,BMW 5 SERIES,7,W01000645,0,3
2024010541970,2024,010541970,1,9,0,18,19,5,1,0,0,0,0,0,0,0,0,1,1,1,1,36,7,1998,1,5,BMW 5 SERIES,4,E01034156,0,3
2024061472936,2024,061472936,2,9,0,-1,5,7,1,-1,0,0,0,0,0,0,4,1,-1,9,2,36,7,1995,2,12,BMW 5 SERIES,3,E01005309,0,1
2024221452916,2024,221452916,1,9,0,-1,19,7,2,-1,0,4,0,0,0,0,1,9,-1,6,1,37,7,1995,2,14,BMW 5 SERIES,1,E01032252,0,1
2024371454227,2024,371454227,2,9,0,-1,19,7,3,-1,0,0,0,0,0,0,3,1,-1,6,1,38,7,2993,2,19,BMW 5 SERIES,2,E01026633,0,3
2024010547631,2024,010547631,2,9,0,3,3,3,7,0,0,8,0,0,0,0,2,1,6,6,1,38,7,1998,8,6,BMW 5 SERIES,5,E01002455,0,1
2024440393123,2024,440393123,1,9,0,4,4,8,4,0,0,0,0,0,0,0,2,1,3,7,1,45,7,2993,2,14,BMW 5 SERIES,7,E01023198,0,2
2024010551407,2024,010551407,1,9,9,4,4,1,5,99,99,9,9,99,9,99,9,1,6,6,1,54,8,2979,1,21,BMW 5 SERIES,2,E01002669,0,1
2024010543485,2024,010543485,1,9,0,18,19,3,7,0,0,0,0,0,0,0,2,1,6,6,1,39,7,1995,2,6,BMW 5 SERIES,4,E01003529,0,2
2024131454537,2024,131454537,2,9,0,-1,19,8,4,-1,0,8,0,0,0,0,1,1,-1,9,1,46,8,1995,2,8,BMW 5 SERIES,6,E01011885,0,3
2024061461909,2024,061461909,3,9,4,-1,19,3,7,-1,0,0,0,0,0,0,3,1,-1,6,1,49,8,2993,2,20,BMW 5 SERIES,9,E01025022,0,4
2024332400017,2024,332400017,1,9,0,-1,19,3,7,-1,0,8,0,0,0,0,1,1,-1,9,1,28,6,1995,2,11,BMW 5 SERIES,8,E01025681,0,1
2024351539225,2024,351539225,1,9,0,-1,19,7,3,-1,0,1,0,0,8,0,1,1,-1,6,1,30,6,1995,2,18,BMW 5 SERIES,5,E01033120,0,4
2024010534912,2024,010534912,2,9,0,9,9,7,4,0,0,1,0,0,0,0,4,1,1,1,1,30,6,1998,8,6,BMW 5 SERIES,3,E01004295,0,1
2024010533504,2024,010533504,1,9,0,18,19,3,7,0,0,0,0,0,7,4,1,1,6,6,1,59,9,2171,1,22,BMW 5 SERIES,4,E01001003,0,3
2024161529434,2024,161529434,1,9,0,-1,19,7,3,-1,0,2,0,0,0,0,4,1,-1,6,1,28,6,1995,2,9,BMW 5 SERIES,6,E01013097,0,1
2024351469931,2024,351469931,1,9,0,-1,19,3,7,-1,0,0,1,0,1,0,3,1,-1,6,1,28,6,2993,2,19,BMW 5 SERIES,-1,-1,0,-1
2024010509725,2024,010509725,3,9,0,2,2,0,0,0,0,2,0,0,0,0,2,1,6,6,3,-1,-1,1998,8,6,BMW 5 SERIES,-1,-1,0,-1
2024010514746,2024,010514746,5,9,0,3,3,7,3,0,0,0,0,0,0,0,2,1,6,6,2,24,5,2979,1,20,BMW 5 SERIES,9,E01001533,0,1
2024411395879,2024,411395879,2,9,0,-1,19,5,1,-1,0,0,0,0,0,0,2,1,-1,9,1,36,7,1995,2,11,BMW 5 SERIES,1,E01008575,0,5
2024201456814,2024,201456814,2,9,0,-1,13,2,6,-1,0,3,0,0,0,0,4,9,-1,6,1,37,7,2993,2,10,BMW 5 SERIES,1,E01032434,0,3
2024201502870,2024,201502870,3,9,0,-1,3,3,7,-1,0,0,0,0,0,0,2,1,-1,6,-1,-1,-1,2993,2,5,BMW 5 SERIES,-1,-1,0,-1
2024622400345,2024,622400345,1,9,0,17,19,8,4,0,0,8,0,0,0,0,4,1,2,2,1,47,8,1995,2,9,BMW 5 SERIES,4,W01001634,0,3
2024231535070,2024,231535070,1,9,0,-1,19,4,8,-1,0,0,0,0,0,0,1,1,-1,6,1,34,6,1995,2,9,BMW 5 SERIES,3,E01031115,0,3
2024211426087,2024,211426087,3,9,0,-1,9,1,6,-1,0,8,0,0,0,0,0,9,-1,6,3,-1,-1,1995,2,14,BMW 5 SERIES,-1,-1,0,-1
2024141524719,2024,141524719,2,9,0,-1,1,3,7,-1,0,0,0,0,0,0,2,9,-1,6,1,35,6,2171,1,21,BMW 5 SERIES,1,E01007716,0,1
2024010530742,2024,010530742,2,9,0,5,5,5,1,0,0,2,0,0,0,0,1,1,6,6,1,35,6,1998,8,5,BMW 5 SERIES,7,E01023890,0,3
2024010502136,2024,010502136,2,9,0,12,12,9,9,99,99,9,9,99,9,99,1,9,6,6,3,-1,-1,1995,2,5,BMW 5 SERIES,-1,-1,0,-1
2024201505805,2024,201505805,2,9,0,-1,4,8,4,-1,0,1,0,0,0,0,2,1,-1,1,1,32,6,1995,2,11,BMW 5 SERIES,3,E01009086,0,1
2024340NN4162,2024,340NN4162,1,9,0,-1,19,3,7,-1,0,0,0,0,0,0,1,1,-1,2,2,23,5,1995,2,17,BMW 5 SERIES,5,E01026816,0,5
2024010524619,2024,010524619,1,8,0,3,3,9,9,99,99,9,9,99,9,99,1,9,1,1,1,53,8,1998,8,4,BMW 5 SERIES,3,E01001629,0,3
2024351402958,2024,351402958,1,9,0,-1,19,8,4,-1,0,0,0,0,7,0,1,1,-1,6,1,25,5,2979,1,21,BMW 5 SERIES,8,E01018026,0,1
2024010503173,2024,010503173,1,9,0,18,19,1,5,0,0,1,0,0,0,0,0,1,1,1,1,54,8,1998,1,4,BMW 5 SERIES,-1,-1,0,-1
2024421499814,2024,421499814,1,9,0,-1,1,1,5,-1,9,0,0,0,0,0,2,1,-1,9,1,57,9,2993,2,7,BMW 5 SERIES,9,E01015939,0,1
2024010502836,2024,010502836,1,9,0,18,19,7,3,0,0,1,0,0,0,0,1,1,2,2,1,35,6,1998,8,4,BMW 5 SERIES,6,E01000705,0,3
2024401454377,2024,401454377,2,9,0,-1,19,7,3,-1,0,1,0,0,0,0,1,1,-1,6,1,34,6,1995,2,10,BMW 5 SERIES,4,E01013617,0,5
2024010516963,2024,010516963,2,9,9,99,99,9,9,0,0,0,9,99,9,99,9,9,6,6,3,-1,-1,1995,2,7,BMW 5 SERIES,-1,-1,0,-1
2024471468438,2024,471468438,1,9,0,-1,9,2,5,-1,0,1,0,0,0,0,-1,9,-1,6,1,68,10,2993,2,18,BMW 5 SERIES,4,E01033329,0,1
2024070856171,2024,070856171,1,9,0,-1,4,2,6,-1,0,1,0,0,0,0,4,1,-1,1,1,37,7,1995,2,11,BMW 5 SERIES,2,E01018553,0,1
2024041459229,2024,041459229,1,9,0,-1,4,3,7,-1,0,0,0,0,0,0,1,1,-1,9,1,52,8,2000,2,13,BMW 5 SERIES,2,E01025245,0,2
2024122400879,2024,122400879,1,9,0,13,13,4,8,0,0,0,0,0,0,0,4,1,6,6,2,39,7,2993,2,20,BMW 5 SERIES,8,E01034958,0,1
2024010504511,2024,010504511,1,9,0,18,19,7,3,0,0,1,0,0,0,0,0,1,6,6,1,33,6,2993,2,4,BMW 5 SERIES,3,E01001215,0,2
2024131395685,2024,131395685,1,9,0,-1,19,4,8,-1,0,1,0,0,0,0,4,1,-1,9,1,32,6,2000,2,13,BMW 5 SERIES,1,E01011358,0,1
2024131418597,2024,131418597,1,9,0,-1,13,1,5,-1,0,1,0,0,0,0,1,1,-1,6,1,40,7,2000,2,14,BMW 5 SERIES,1,E01010831,0,1
2024371412808,2024,371412808,2,9,0,-1,19,8,4,-1,0,0,0,0,0,0,1,1,-1,1,1,52,8,2993,2,3,BMW 5 SERIES,6,E01030093,0,4
2024161528749,2024,161528749,2,9,0,-1,9,6,4,-1,0,1,0,0,0,0,1,1,-1,6,1,-1,-1,1995,2,8,BMW 5 SERIES,-1,-1,0,-1
2024451449570,2024,451449570,3,9,0,-1,19,3,7,-1,0,1,0,0,0,0,4,1,-1,9,1,39,7,1995,2,4,BMW 5 SERIES,5,E01001099,0,2
2024201485860,2024,201485860,1,9,0,-1,19,2,6,-1,0,0,0,0,0,0,1,9,-1,6,1,41,7,2993,12,3,BMW 5 SERIES,5,E01009973,0,2
2024131421731,2024,131421731,2,9,0,-1,19,3,7,-1,0,0,0,0,0,0,1,1,-1,6,2,24,5,1995,12,1,BMW 5 SERIES,3,E01011023,0,1
2024430152382,2024,430152382,2,9,0,18,19,4,8,0,0,2,0,0,0,0,1,1,6,6,1,-1,-1,1995,2,10,BMW 5 SERIES,-1,-1,0,-1
2024010533184,2024,010533184,1,9,0,18,19,3,7,0,0,8,0,0,0,0,1,1,6,6,1,31,6,1998,8,5,BMW 5 SERIES,-1,-1,0,-1
2024552400548,2024,552400548,3,9,0,2,2,0,0,0,0,0,0,0,0,0,3,1,6,6,3,-1,-1,2500,1,24,BMW 5 SERIES,-1,-1,0,-1
2024622400044,2024,622400044,2,9,0,9,9,4,2,0,0,8,0,0,0,0,4,1,6,6,2,33,6,1995,2,11,BMW 5 SERIES,10,W01001130,0,1
2024010502772,2024,010502772,1,9,0,4,4,7,3,0,0,0,0,0,0,0,1,1,6,6,2,30,6,2494,1,23,BMW 5 SERIES,3,E01003430,0,1
2024522402263,2024,522402263,2,9,0,9,9,6,4,0,0,5,0,0,0,0,3,1,6,6,1,33,6,1995,2,9,BMW 5 SERIES,8,E01014634,0,1
2024010524968,2024,010524968,2,9,0,3,3,7,3,0,0,1,0,0,0,0,3,1,1,1,1,30,6,1995,2,9,BMW 5 SERIES,5,E01034040,0,1
2024430111532,2024,430111532,2,9,0,18,19,5,1,0,0,0,0,0,0,0,1,1,6,6,1,31,6,1995,2,6,BMW 5 SERIES,8,E01034446,0,2
2024451475698,2024,451475698,2,9,0,-1,19,5,1,-1,0,0,0,0,0,0,1,1,-1,1,1,56,9,1995,2,11,BMW 5 SERIES,9,E01023102,0,4
2024141413340,2024,141413340,1,9,0,-1,15,7,3,-1,0,0,0,0,0,0,1,1,-1,6,1,28,6,1995,2,10,BMW 5 SERIES,3,E01007793,0,2
2024010551116,2024,010551116,2,9,0,18,19,1,5,0,0,4,0,0,0,0,0,1,1,1,1,34,6,2993,2,4,BMW 5 SERIES,4,E01002695,0,3
2024340WN1402,2024,340WN1402,1,9,0,-1,7,7,3,-1,0,6,0,0,0,0,1,1,-1,9,1,25,5,1995,2,13,BMW 5 SERIES,10,E01035404,0,3
2024010537199,2024,010537199,2,9,0,18,19,3,7,0,0,8,0,0,0,0,0,1,6,6,1,34,6,1995,2,7,BMW 5 SERIES,9,E01024483,0,4
2024010541199,2024,010541199,2,9,0,5,5,7,3,0,0,1,0,0,0,0,1,1,6,6,1,51,8,1995,2,6,BMW 5 SERIES,3,E01003571,0,2
2024401476496,2024,401476496,1,9,0,-1,19,5,1,-1,0,0,0,0,0,0,1,1,-1,6,1,54,8,2993,2,9,BMW 5 SERIES,7,E01018000,0,4
2024031476594,2024,031476594,2,9,0,-1,19,7,3,-1,0,0,0,0,0,0,3,1,-1,9,1,43,7,1998,8,6,BMW 5 SERIES,4,E01019309,0,3
2024440075075,2024,440075075,1,9,0,6,6,4,4,0,0,0,0,0,0,0,3,1,1,1,1,44,7,1998,8,2,BMW 5 SERIES,4,E01017217,0,2
2024010527506,2024,010527506,1,8,0,5,5,9,9,99,99,0,9,99,9,99,9,9,6,6,3,43,7,1998,8,6,BMW 5 SERIES,2,E01015705,0,4
2024010506980,2024,010506980,1,9,0,99,99,9,9,99,99,9,9,99,9,99,9,9,2,2,1,36,7,1998,8,6,BMW 5 SERIES,4,E01023337,0,3
2024440218819,2024,440218819,2,9,0,18,19,4,8,0,0,0,0,4,0,0,1,1,6,6,3,-1,-1,2993,2,19,BMW 5 SERIES,-1,-1,0,-1
2024010508365,2024,010508365,2,9,0,18,19,1,5,0,0,9,0,99,9,99,1,1,6,6,3,-1,-1,2993,2,18,BMW 5 SERIES,-1,-1,0,-1
2024421509221,2024,421509221,1,9,0,-1,19,1,5,-1,0,0,0,0,0,0,1,1,-1,9,2,27,6,2993,2,7,BMW 5 SERIES,3,E01021370,0,4
2024320769192,2024,320769192,2,9,0,3,3,1,5,0,0,0,0,0,0,0,2,1,6,6,2,37,7,1995,2,14,BMW 5 SERIES,5,E01026407,0,2
2024131412839,2024,131412839,1,9,0,-1,19,3,7,-1,0,0,1,0,5,0,1,1,-1,2,1,47,8,1995,-1,4,BMW 5 SERIES,3,E01005360,0,2
2024010518527,2024,010518527,3,9,0,18,19,2,6,0,0,1,0,0,0,0,4,1,1,1,1,34,6,1998,1,4,BMW 5 SERIES,5,E01003666,0,3
2024061500327,2024,061500327,1,8,0,-1,3,0,7,-1,0,0,0,0,0,0,2,1,-1,1,1,41,7,1995,2,9,BMW 5 SERIES,1,E01005147,0,2
2024231406465,2024,231406465,1,9,0,-1,1,2,6,-1,0,0,0,0,0,0,2,9,-1,6,1,35,6,1995,2,9,BMW 5 SERIES,2,E01031046,0,1
2024201475460,2024,201475460,1,9,0,-1,19,2,3,-1,0,0,0,0,0,0,1,1,-1,6,2,40,7,1995,2,12,BMW 5 SERIES,-1,-1,0,-1
2024430085357,2024,430085357,2,9,0,18,19,8,4,0,0,0,0,0,0,0,1,1,6,6,1,62,9,2497,2,18,BMW 5 SERIES,9,E01002108,0,4
2024221407012,2024,221407012,2,9,0,-1,19,3,7,-1,0,0,0,0,0,0,0,1,-1,1,1,45,7,2993,12,3,BMW 5 SERIES,9,E01032400,0,4
2024141410724,2024,141410724,1,9,0,-1,4,5,1,-1,0,0,0,2,1,1,1,1,-1,9,1,46,8,1998,8,5,BMW 5 SERIES,-1,-1,0,-1
2024320582161,2024,320582161,2,9,0,2,2,0,0,0,0,0,0,0,0,0,1,1,-1,-1,1,37,7,2993,2,17,BMW 5 SERIES,-1,-1,0,-1
2024411430812,2024,411430812,1,9,0,-1,19,3,7,-1,0,4,0,0,0,0,3,1,-1,6,2,43,7,1995,2,9,BMW 5 SERIES,7,E01023944,0,3
2024991533575,2024,991533575,2,9,0,-1,9,3,2,-1,0,1,0,0,0,0,3,1,-1,6,1,29,6,2497,2,21,BMW 5 SERIES,2,-1,0,1
2024011570196,2024,011570196,1,9,0,-1,3,1,5,-1,0,1,0,0,0,0,2,1,-1,9,1,25,5,1998,8,1,BMW 5 SERIES,-1,-1,0,-1
2024421518791,2024,421518791,1,9,0,-1,2,0,0,-1,0,0,0,0,0,0,3,1,-1,6,3,-1,-1,1995,2,7,BMW 5 SERIES,-1,-1,0,-1
2024351406288,2024,351406288,1,9,0,-1,19,3,7,-1,0,0,0,0,1,0,4,1,-1,6,1,44,7,1995,2,16,BMW 5 SERIES,5,E01030105,0,2
2024501474811,2024,501474811,1,9,0,-1,5,8,1,-1,0,6,0,0,0,0,3,1,-1,6,1,59,9,2993,2,19,BMW 5 SERIES,4,E01018942,0,1
2024991529801,2024,991529801,1,9,0,-1,19,2,6,-1,0,0,0,0,0,0,1,1,-1,1,1,59,9,1995,2,10,BMW 5 SERIES,7,E01025322,0,5
2024231500524,2024,231500524,3,9,0,-1,19,5,1,-1,0,0,0,0,0,0,0,1,-1,8,1,41,7,2993,2,5,BMW 5 SERIES,5,E01031312,0,2
2024430315635,2024,430315635,3,9,0,3,3,5,1,0,0,1,0,0,0,0,2,1,3,7,2,40,7,1995,2,10,BMW 5 SERIES,7,E01033960,0,1
2024231456704,2024,231456704,3,9,0,-1,4,5,1,-1,0,0,0,0,0,0,2,1,-1,9,1,55,8,1995,12,4,BMW 5 SERIES,10,E01027270,0,4
2024201523995,2024,201523995,1,9,0,-1,19,6,2,-1,0,1,0,0,0,0,1,9,-1,6,3,-1,-1,2497,2,20,BMW 5 SERIES,-1,-1,0,-1
2024531515393,2024,531515393,2,9,0,-1,3,3,7,-1,0,2,0,0,0,0,2,1,-1,6,2,34,6,1995,12,3,BMW 5 SERIES,3,E01022286,0,1
2024010550093,2024,010550093,1,9,0,18,19,1,5,0,0,8,0,0,0,0,3,1,2,2,1,37,7,2993,2,10,BMW 5 SERIES,-1,-1,0,-1
2024991409975,2024,991409975,1,9,0,-1,19,7,4,-1,0,0,0,0,0,0,1,1,-1,6,1,27,6,1995,2,9,BMW 5 SERIES,10,-1,0,1