collision_index,collision_year,collision_ref_no,vehicle_reference,vehicle_type,towing_and_articulation,vehicle_manoeuvre_historic,vehicle_manoeuvre,vehicle_direction_from,vehicle_direction_to,vehicle_location_restricted_lane_historic,vehicle_location_restricted_lane,junction_location,skidding_and_overturning,hit_object_in_carriageway,vehicle_leaving_carriageway,hit_object_off_carriageway,first_point_of_impact,vehicle_left_hand_drive,journey_purpose_of_driver_historic,journey_purpose_of_driver,sex_of_driver,age_of_driver,age_band_of_driver,engine_capacity_cc,propulsion_code,age_of_vehicle,generic_make_model,driver_imd_decile,lsoa_of_driver,escooter_flag,driver_distance_banding
2024010507389,2024,010507389,2,9,0,5,5,0,1,0,0,0,0,0,0,0,0,1,6,6,2,52,8,2993,2,13,BMW 5 SERIES,-1,-1,0,-1
2024421507073,2024,421507073,10,9,0,-1,2,0,0,-1,0,0,0,0,0,0,3,1,-1,6,3,-1,-1,2993,2,14,BMW 5 SERIES,-1,-1,0,-1
2024010524969,2024,010524969,5,9,0,3,3,1,5,0,0,1,0,0,0,0,1,1,6,6,1,57,9,1995,2,10,BMW 5 SERIES,3,E01002560,0,1
2024010534367,2024,010534367,1,9,0,5,5,3,7,0,0,3,0,0,0,0,0,1,1,1,1,47,8,1995,2,9,BMW 5 SERIES,-1,-1,0,-1
2024010537690,2024,010537690,2,9,0,3,3,5,1,0,0,1,0,0,0,0,2,1,2,2,2,39,7,1995,2,10,BMW 5 SERIES,8,E01001100,0,1
2024201529903,2024,201529903,1,9,0,-1,19,1,5,-1,0,0,1,10,7,0,1,1,-1,6,3,22,5,1995,2,6,BMW 5 SERIES,-1,-1,0,-1
2024531394116,2024,531394116,2,9,0,-1,4,2,6,-1,0,0,0,0,0,0,1,1,-1,9,1,40,7,2993,2,4,BMW 5 SERIES,-1,-1,0,-1
2024061471624,2024,061471624,1,9,0,-1,19,7,3,-1,0,1,0,0,0,0,1,1,-1,9,1,44,7,2993,-1,4,BMW 5 SERIES,9,E01004843,0,1
2024451409619,2024,451409619,5,9,0,-1,19,7,3,-1,0,0,0,0,0,0,0,1,-1,1,2,42,7,2993,12,4,BMW 5 SERIES,10,E01030435,0,3
2024061458963,2024,061458963,1,9,0,-1,19,7,3,-1,0,0,0,0,0,0,1,1,-1,7,1,38,7,1995,2,9,BMW 5 SERIES,2,E01006408,0,1
2024421424271,2024,421424271,1,9,0,-1,9,2,6,-1,0,1,0,0,0,0,4,1,-1,9,1,41,7,1995,2,8,BMW 5 SERIES,10,E01033114,0,4
2024430535644,2024,430535644,2,9,0,18,19,4,8,0,0,0,0,0,0,0,1,1,6,6,1,74,10,2998,1,6,BMW 5 SERIES,10,E01017816,0,1
2024161400122,2024,161400122,2,9,0,-1,19,4,8,-1,0,0,1,0,0,0,1,1,-1,2,1,31,6,1995,2,12,BMW 5 SERIES,4,E01027803,0,3
2024631437218,2024,631437218,3,9,0,-1,19,5,2,-1,0,0,0,0,1,7,1,1,-1,9,1,55,8,2993,2,7,BMW 5 SERIES,5,W01000543,0,1
2024471499760,2024,471499760,2,9,0,-1,19,1,5,-1,0,4,1,0,7,0,1,1,-1,6,1,40,7,1995,2,10,BMW 5 SERIES,3,E01016173,0,4
2024211525632,2024,211525632,1,9,0,-1,5,7,3,-1,0,3,0,0,0,0,1,1,-1,9,2,37,7,1995,2,9,BMW 5 SERIES,3,E01014285,0,1
2024010504322,2024,010504322,2,9,0,18,19,1,5,0,0,1,0,0,0,0,0,1,6,6,1,28,6,1995,12,3,BMW 5 SERIES,2,E01004255,0,1
2024161531329,2024,161531329,3,9,0,-1,2,0,0,-1,0,0,0,0,0,0,2,1,-1,6,-1,-1,-1,2993,2,17,BMW 5 SERIES,-1,-1,0,-1
2024010510670,2024,010510670,1,9,0,99,99,9,9,99,99,9,9,99,9,99,1,9,6,6,2,46,8,1995,2,9,BMW 5 SERIES,5,E01003307,0,1
2024010519861,2024,010519861,2,9,0,4,4,5,1,0,0,1,0,0,0,0,0,1,6,6,1,32,6,1998,1,5,BMW 5 SERIES,5,E01003666,0,2
2024430100987,2024,430100987,1,9,0,18,19,6,2,0,0,0,0,0,0,0,1,1,6,6,3,-1,-1,1995,2,11,BMW 5 SERIES,-1,-1,0,-1
2024201424185,2024,201424185,2,9,0,-1,10,8,6,-1,0,0,0,0,0,0,2,1,-1,6,2,33,6,1995,2,8,BMW 5 SERIES,-1,-1,0,-1
2024361426741,2024,361426741,2,9,0,-1,19,3,7,-1,0,0,0,0,0,0,3,1,-1,9,1,76,11,1995,2,10,BMW 5 SERIES,6,E01026924,0,4
2024010526318,2024,010526318,2,9,0,18,19,7,3,0,0,0,0,4,0,0,1,1,6,6,1,35,6,2993,-1,2,BMW 5 SERIES,2,E01003507,0,1
2024231437795,2024,231437795,3,9,0,-1,19,2,6,-1,0,0,0,0,0,0,1,1,-1,1,1,34,6,1995,2,8,BMW 5 SERIES,2,E01034955,0,3
2024411417076,2024,411417076,1,9,0,-1,19,-1,-1,-1,0,4,0,0,0,0,1,9,-1,6,1,34,6,1995,2,10,BMW 5 SERIES,2,E01001430,0,3
2024061490901,2024,061490901,1,9,0,-1,19,2,6,-1,0,0,0,0,0,0,4,1,-1,9,1,47,8,1995,2,9,BMW 5 SERIES,1,E01012655,0,4
2024010564289,2024,010564289,1,9,0,99,99,9,9,99,99,9,9,99,9,99,9,9,6,6,1,31,6,1997,1,9,BMW 5 SERIES,7,E01010544,0,5
2024440362375,2024,440362375,2,9,0,18,19,5,1,0,0,1,0,0,0,0,1,1,6,6,3,-1,-1,1995,2,12,BMW 5 SERIES,-1,-1,0,-1
2024010505400,2024,010505400,2,9,0,2,2,0,0,0,0,1,0,0,0,0,3,1,6,6,3,-1,-1,1995,2,18,BMW 5 SERIES,-1,-1,0,-1
2024221468038,2024,221468038,2,9,0,-1,19,6,4,-1,0,0,0,0,0,0,1,1,-1,6,1,69,10,1995,12,3,BMW 5 SERIES,5,E01028890,0,4
2024552400564,2024,552400564,2,9,0,18,19,3,7,0,0,0,0,0,0,0,1,1,6,6,1,43,7,1995,12,1,BMW 5 SERIES,7,E01020509,0,4
2024401423143,2024,401423143,1,9,0,-1,19,4,8,-1,0,1,0,4,0,0,1,1,-1,2,1,50,8,2497,1,18,BMW 5 SERIES,7,E01017593,0,1
2024991524535,2024,991524535,1,9,0,-1,5,4,1,-1,0,4,0,0,0,0,0,1,-1,1,1,42,7,2993,12,3,BMW 5 SERIES,6,-1,0,2
2024351438705,2024,351438705,2,8,-1,-1,10,4,1,-1,0,1,0,0,0,0,2,9,-1,1,1,32,6,1995,12,5,BMW 5 SERIES,10,E01018121,0,4
2024010510126,2024,010510126,2,9,0,99,99,9,9,99,99,9,9,99,9,99,1,9,6,6,3,-1,-1,2993,2,9,BMW 5 SERIES,-1,-1,0,-1
2024361538048,2024,361538048,1,9,0,-1,19,3,7,-1,0,8,0,0,0,0,3,1,-1,1,1,27,6,2993,2,13,BMW 5 SERIES,7,E01026914,0,2
2024991444229,2024,991444229,1,9,0,-1,19,8,4,-1,0,4,0,0,0,0,1,1,-1,6,1,22,5,2993,2,18,BMW 5 SERIES,4,-1,0,3
2024430119439,2024,430119439,1,9,0,18,19,2,6,0,0,1,0,0,0,0,1,1,6,6,1,30,6,1995,2,12,BMW 5 SERIES,6,E01027073,0,4
2024991490778,2024,991490778,3,9,0,-1,19,7,3,-1,0,0,0,0,0,0,1,1,-1,1,1,32,6,2993,12,3,BMW 5 SERIES,-1,-1,0,-1
2024061443339,2024,061443339,1,9,0,-1,3,-1,-1,-1,99,2,5,10,1,0,4,1,-1,6,3,-1,-1,1995,2,10,BMW 5 SERIES,-1,-1,0,-1
2024010511426,2024,010511426,2,9,0,18,19,7,3,0,0,1,0,0,0,0,0,1,1,1,1,34,6,2993,2,4,BMW 5 SERIES,5,E01003666,0,3
2024010514517,2024,010514517,2,9,0,99,99,9,9,99,99,9,9,99,9,99,0,9,6,6,3,-1,-1,1995,2,9,BMW 5 SERIES,-1,-1,0,-1
2024211461457,2024,211461457,1,9,0,-1,11,3,7,-1,0,0,0,4,1,0,1,1,-1,2,1,28,6,1995,2,10,BMW 5 SERIES,-1,-1,0,-1
2024131534853,2024,131534853,1,9,0,-1,-1,-1,-1,-1,-1,0,-1,-1,-1,0,-1,1,-1,6,3,-1,-1,1995,2,14,BMW 5 SERIES,-1,-1,0,-1
2024010526995,2024,010526995,1,9,0,18,19,7,3,0,0,2,0,0,0,0,1,1,6,6,2,42,7,1998,8,4,BMW 5 SERIES,9,E01003680,0,1
2024010542866,2024,010542866,1,9,0,18,19,5,1,0,0,8,0,0,0,0,1,1,6,6,1,44,7,2993,2,11,BMW 5 SERIES,7,E01002171,0,1
2024522401370,2024,522401370,1,9,0,7,7,1,3,0,0,8,0,0,0,0,4,1,6,6,1,24,5,2993,2,16,BMW 5 SERIES,2,E01014842,0,1
2024451503224,2024,451503224,3,9,0,-1,19,1,5,-1,0,1,0,0,0,0,0,1,-1,1,1,38,7,2993,2,4,BMW 5 SERIES,-1,-1,0,-1
2024061394078,2024,061394078,2,9,0,-1,19,3,8,-1,0,1,0,0,0,0,0,1,-1,1,1,36,7,2993,12,4,BMW 5 SERIES,4,E01005730,0,3
2024481561432,2024,481561432,1,9,0,-1,19,7,3,-1,0,0,0,0,0,0,4,1,-1,9,1,44,7,1998,8,6,BMW 5 SERIES,-1,-1,0,-1
2024010506111,2024,010506111,2,9,0,4,4,7,3,0,0,0,1,0,0,0,2,1,6,6,1,22,5,1995,2,5,BMW 5 SERIES,8,E01002414,0,3
2024522402477,2024,522402477,1,9,0,9,9,4,1,0,0,5,0,0,0,0,4,1,6,6,1,40,7,1995,2,9,BMW 5 SERIES,4,E01033342,0,2
2024451440025,2024,451440025,1,9,0,-1,19,1,5,-1,0,8,0,0,0,0,1,1,-1,2,1,60,9,1998,8,3,BMW 5 SERIES,6,E01003003,0,3
2024211403629,2024,211403629,2,9,0,-1,3,1,5,-1,0,0,0,0,0,0,2,1,-1,6,1,34,6,1995,2,5,BMW 5 SERIES,1,E01010408,0,2
2024371519641,2024,371519641,1,9,0,-1,9,6,2,-1,0,6,0,0,0,0,3,1,-1,9,1,80,11,1995,2,11,BMW 5 SERIES,8,E01030043,0,3
2024451421215,2024,451421215,3,9,0,-1,19,1,5,-1,0,1,0,0,0,0,0,1,-1,1,1,51,8,2993,2,5,BMW 5 SERIES,10,E01030435,0,3
2024201450652,2024,201450652,1,9,0,-1,19,4,8,-1,0,8,0,0,0,0,1,1,-1,6,1,21,5,1998,8,1,BMW 5 SERIES,1,E01009092,0,1
2024351449271,2024,351449271,1,9,0,-1,19,8,5,-1,0,0,0,0,0,0,4,1,-1,6,1,31,6,1995,2,12,BMW 5 SERIES,6,E01018047,0,1
202417M206524,2024,17M206524,1,9,0,-1,9,2,8,-1,0,8,0,0,0,0,1,1,-1,9,2,49,8,1995,2,7,BMW 5 SERIES,6,E01012055,0,1
2024421409624,2024,421409624,1,9,0,-1,2,0,0,-1,0,0,0,0,0,0,1,1,-1,8,1,34,6,2993,2,4,BMW 5 SERIES,6,E01021750,0,4
2024461403826,2024,461403826,2,9,0,-1,4,3,7,-1,0,0,0,0,0,0,2,9,-1,6,1,35,6,2993,2,9,BMW 5 SERIES,5,E01024551,0,3
2024371463575,2024,371463575,1,9,0,-1,19,3,7,-1,0,8,0,0,0,0,1,1,-1,9,1,22,5,1995,2,9,BMW 5 SERIES,6,E01030006,0,1
2024371438220,2024,371438220,1,9,0,-1,6,5,1,-1,0,8,0,0,0,0,1,1,-1,1,2,41,7,1998,8,3,BMW 5 SERIES,8,E01034105,0,5
2024010519312,2024,010519312,2,9,0,18,19,4,8,0,0,2,0,0,0,0,3,1,6,6,1,61,9,1995,2,10,BMW 5 SERIES,4,E01003688,0,2
2024471481083,2024,471481083,2,9,0,-1,19,7,3,-1,0,1,0,0,0,0,0,1,-1,9,1,23,5,1995,2,11,BMW 5 SERIES,1,E01020979,0,4
2024501451786,2024,501451786,1,9,0,-1,19,6,2,-1,0,0,1,0,0,0,1,1,-1,9,1,68,10,2993,12,1,BMW 5 SERIES,6,E01020143,0,4
2024101398487,2024,101398487,1,9,0,-1,9,3,7,-1,0,1,0,0,0,0,1,1,-1,1,1,49,8,1998,8,5,BMW 5 SERIES,3,E01008258,0,1
2024440483361,2024,440483361,2,9,0,16,19,1,7,0,0,6,0,0,0,0,1,1,6,6,1,31,6,1995,2,12,BMW 5 SERIES,5,E01017030,0,3
2024131511095,2024,131511095,1,9,0,-1,19,1,5,-1,0,6,0,0,0,0,1,1,-1,6,1,27,6,2993,2,15,BMW 5 SERIES,8,E01032992,0,4
2024010535340,2024,010535340,1,9,0,18,19,1,5,0,0,2,0,0,0,0,1,1,1,1,1,37,7,1998,8,0,BMW 5 SERIES,8,E01002658,0,3
2024010521293,2024,010521293,1,9,0,9,9,1,7,0,0,8,0,0,0,0,1,1,6,6,2,29,6,1995,2,6,BMW 5 SERIES,3,E01001476,0,1
2024010534527,2024,010534527,1,9,0,5,5,1,5,0,0,2,0,0,0,0,4,1,1,1,1,39,7,1995,2,7,BMW 5 SERIES,3,E01004365,0,2
2024141413340,2024,141413340,2,9,0,-1,2,0,0,-1,0,0,0,0,0,0,2,1,-1,6,1,31,6,2993,2,16,BMW 5 SERIES,5,E01007681,0,1
2024010541788,2024,010541788,1,9,0,18,19,1,5,0,0,1,0,0,0,0,4,1,6,6,3,-1,-1,2497,1,18,BMW 5 SERIES,-1,-1,0,-1
2024101462724,2024,101462724,1,9,0,-1,19,5,1,-1,0,8,0,0,0,0,1,1,-1,1,1,29,6,1998,2,6,BMW 5 SERIES,2,E01008335,0,1
2024311441749,2024,311441749,1,9,0,-1,2,0,0,-1,0,0,0,0,0,0,1,1,-1,6,2,71,10,1995,2,11,BMW 5 SERIES,5,E01013913,0,1
2024421438843,2024,421438843,2,9,0,-1,19,2,6,-1,0,0,0,0,0,0,2,1,-1,6,1,31,6,1995,2,8,BMW 5 SERIES,3,E01021592,0,3
2024101472036,2024,101472036,1,9,0,-1,19,8,4,-1,0,1,0,0,0,0,1,1,-1,6,1,52,8,2497,2,20,BMW 5 SERIES,2,E01008826,0,1
2024010544074,2024,010544074,2,9,0,5,5,3,7,0,0,8,0,0,0,0,1,1,6,6,1,27,6,2926,2,21,BMW 5 SERIES,6,E01031807,0,4
2024320514448,2024,320514448,2,9,0,7,7,4,6,0,0,1,0,0,0,0,4,1,-1,-1,1,52,8,2993,2,8,BMW 5 SERIES,3,E01006497,0,5
2024010502585,2024,010502585,2,9,0,8,8,1,2,0,0,2,0,0,0,0,4,1,6,6,1,35,6,1995,2,10,BMW 5 SERIES,-1,-1,0,-1
2024440453333,2024,440453333,1,9,0,4,4,8,4,0,0,0,0,0,0,0,2,1,1,1,1,-1,-1,2993,2,4,BMW 5 SERIES,-1,-1,0,-1
2024201486723,2024,201486723,2,9,0,-1,2,1,5,-1,9,0,0,0,0,0,1,1,-1,9,1,23,5,1995,2,12,BMW 5 SERIES,2,E01015612,0,5
2024010512265,2024,010512265,2,9,0,18,19,4,8,0,0,8,0,0,0,0,1,1,1,1,2,37,7,2993,2,4,BMW 5 SERIES,3,E01003221,0,1
2024010534466,2024,010534466,3,9,0,18,19,1,5,0,0,0,0,0,0,0,0,1,1,1,1,34,6,1998,1,5,BMW 5 SERIES,-1,-1,0,-1
2024311450644,2024,311450644,1,9,0,-1,19,5,5,-1,0,0,0,0,7,2,1,1,-1,6,2,33,6,2497,2,20,BMW 5 SERIES,2,E01027955,0,1
2024201523564,2024,201523564,2,9,0,-1,5,2,2,-1,0,8,0,0,0,0,2,9,-1,2,1,27,6,1998,8,6,BMW 5 SERIES,-1,-1,0,-1
2024131488427,2024,131488427,1,9,0,-1,19,-1,-1,-1,0,0,0,0,0,0,2,1,-1,6,3,-1,-1,1995,2,6,BMW 5 SERIES,-1,-1,0,-1
2024351406427,2024,351406427,2,9,-1,-1,-1,-1,-1,-1,-1,-1,-1,-1,-1,0,-1,9,-1,6,2,37,7,1995,2,15,BMW 5 SERIES,2,E01015634,0,1
2024610045724,2024,610045724,2,9,0,9,9,5,3,0,0,8,0,0,0,0,3,1,6,6,3,-1,-1,1995,2,16,BMW 5 SERIES,-1,-1,0,-1
2024010505888,2024,010505888,2,9,0,99,99,9,9,99,99,9,9,99,9,99,1,9,6,6,3,-1,-1,1995,2,5,BMW 5 SERIES,-1,-1,0,-1
2024401496117,2024,401496117,1,9,-1,-1,-1,-1,-1,-1,-1,-1,-1,-1,-1,0,4,9,-1,6,2,36,7,1995,2,12,BMW 5 SERIES,5,E01015746,0,1
2024201443172,2024,201443172,1,8,0,-1,5,1,5,-1,0,0,0,0,0,0,1,1,-1,1,1,-1,-1,1995,2,7,BMW 5 SERIES,3,E01009508,0,3
2024141478026,2024,141478026,3,9,0,-1,19,8,4,-1,0,0,0,0,7,11,1,1,-1,9,1,37,7,1995,2,15,BMW 5 SERIES,6,E01007615,0,2
2024010541437,2024,010541437,3,9,0,18,19,7,3,0,0,1,0,0,0,0,0,1,1,1,1,34,6,2993,2,4,BMW 5 SERIES,3,E01003221,0,1
2024010502696,2024,010502696,1,9,0,99,99,9,9,99,99,9,9,99,9,99,9,9,6,6,1,59,9,2979,1,10,BMW 5 SERIES,6,E01004611,0,1
2024421505222,2024,421505222,1,9,0,-1,19,3,7,-1,0,0,1,0,0,0,1,1,-1,6,1,30,6,2993,2,7,BMW 5 SERIES,3,E01035157,0,4
2024010504683,2024,010504683,1,9,0,18,19,5,1,0,0,0,1,0,7,4,1,1,6,6,1,21,5,1995,2,11,BMW 5 SERIES,9,E01021873,0,4
2024010548702,2024,010548702,2,9,0,2,2,0,0,0,0,2,0,0,0,0,0,1,6,6,3,-1,-1,1995,2,9,BMW 5 SERIES,-1,-1,0,-1
2024401432131,2024,401432131,1,9,0,-1,1,-1,-1,-1,-1,0,0,0,0,0,2,9,-1,6,3,-1,-1,1995,2,11,BMW 5 SERIES,-1,-1,0,-1
2024311431760,2024,311431760,2,9,0,-1,19,5,1,-1,0,8,0,0,0,0,1,9,-1,9,1,55,8,1995,2,9,BMW 5 SERIES,3,E01019052,0,5
2024320462881,2024,320462881,4,9,0,-1,-1,2,6,0,0,1,0,0,0,0,0,1,-1,-1,1,41,7,2993,12,2,BMW 5 SERIES,9,E01026371,0,4
2024991454572,2024,991454572,2,9,0,-1,19,1,5,-1,0,0,0,0,5,6,4,1,-1,8,1,44,7,2993,12,3,BMW 5 SERIES,5,-1,0,4
2024061505225,2024,061505225,2,9,0,-1,19,3,7,-1,0,5,0,0,0,0,0,1,-1,1,1,45,7,2993,12,4,BMW 5 SERIES,-1,-1,0,-1
2024991432416,2024,991432416,1,9,0,-1,6,8,8,-1,0,0,0,0,0,0,1,1,-1,1,1,42,7,2993,12,3,BMW 5 SERIES,6,-1,0,1
2024421464345,2024,421464345,1,9,0,-1,19,3,7,-1,0,0,1,0,0,0,3,1,-1,9,1,51,8,1995,2,9,BMW 5 SERIES,4,E01003725,0,1
2024451474660,2024,451474660,2,9,0,-1,5,7,3,-1,0,1,0,0,0,0,4,9,-1,6,1,30,6,2993,2,14,BMW 5 SERIES,-1,-1,0,-1
2024552401326,2024,552401326,1,9,0,18,19,8,4,0,0,8,0,0,0,0,1,1,6,6,3,-1,-1,2926,2,23,BMW 5 SERIES,-1,-1,0,-1
2024471493644,2024,471493644,1,9,0,-1,19,3,7,-1,0,0,0,0,0,0,4,1,-1,1,1,54,8,2993,12,4,BMW 5 SERIES,9,E01031391,0,4
2024010521435,2024,010521435,1,9,0,14,14,2,6,0,0,0,1,0,7,0,4,1,6,6,1,44,7,1995,2,7,BMW 5 SERIES,4,E01003686,0,3
2024421460114,2024,421460114,2,9,0,-1,19,2,5,-1,0,0,0,0,0,0,0,1,-1,1,1,34,6,2993,2,5,BMW 5 SERIES,-1,-1,0,-1
2024411545586,2024,411545586,1,9,0,-1,19,4,8,-1,0,0,1,10,2,9,1,1,-1,6,1,37,7,1995,2,8,BMW 5 SERIES,6,E01023835,0,1
2024231494758,2024,231494758,1,9,0,-1,19,7,3,-1,0,0,0,0,0,0,1,9,-1,6,1,35,6,2993,2,9,BMW 5 SERIES,-1,-1,0,-1
2024101539467,2024,101539467,1,9,0,-1,3,4,8,-1,0,0,0,0,0,0,2,1,-1,6,1,39,7,1995,2,14,BMW 5 SERIES,3,E01008508,0,1
2024451407924,2024,451407924,1,9,0,-1,19,7,3,-1,0,0,1,0,8,0,1,1,-1,6,1,31,6,2000,2,14,BMW 5 SERIES,1,E01009101,0,5
2024340NN2342,2024,340NN2342,1,9,0,-1,19,7,4,-1,0,8,0,0,0,0,1,1,-1,2,1,38,7,2993,2,5,BMW 5 SERIES,7,E01035393,0,1
2024010539674,2024,010539674,2,9,9,99,99,9,9,99,99,9,9,99,9,99,0,9,6,6,3,-1,-1,1995,2,10,BMW 5 SERIES,-1,-1,0,-1
2024991450383,2024,991450383,1,9,0,-1,19,3,7,-1,0,2,0,1,0,0,4,1,-1,9,2,52,8,1995,12,2,BMW 5 SERIES,-1,-1,0,-1
2024010499610,2024,010499610,4,9,0,18,19,3,7,0,0,3,0,0,0,0,0,1,1,1,1,43,7,1998,1,5,BMW 5 SERIES,4,E01000245,0,1
2024302401102,2024,302401102,3,9,0,18,19,4,8,0,0,2,0,0,0,0,1,1,6,6,1,-1,-1,1995,2,9,BMW 5 SERIES,3,E01013547,0,1
2024501444676,2024,501444676,1,8,0,-1,19,8,4,-1,0,0,0,11,1,4,1,1,-1,1,1,37,7,1995,2,5,BMW 5 SERIES,2,E01015181,0,1
2024991469045,2024,991469045,2,9,0,-1,19,7,3,-1,0,0,0,0,0,0,0,9,-1,1,2,43,7,2993,12,3,BMW 5 SERIES,10,-1,0,1
2024010549025,2024,010549025,1,8,0,99,99,9,9,99,99,9,9,99,9,99,9,9,6,6,1,28,6,1998,8,4,BMW 5 SERIES,3,E01003636,0,2
2024320537384,2024,320537384,1,9,0,-1,-1,4,8,0,0,8,1,0,0,0,4,1,-1,-1,1,33,6,2993,2,11,BMW 5 SERIES,4,E01019458,0,4
2024461527316,2024,461527316,1,9,0,-1,19,5,1,-1,0,1,0,0,0,0,3,1,-1,9,1,30,6,2993,2,14,BMW 5 SERIES,5,E01024345,0,4
2024131450894,2024,131450894,1,9,0,-1,9,7,5,-1,0,0,0,0,0,0,1,1,-1,9,2,42,7,2993,2,12,BMW 5 SERIES,2,E01011558,0,2
2024010538401,2024,010538401,2,9,0,3,3,1,5,0,0,1,0,4,0,0,4,1,6,6,1,65,9,2993,2,10,BMW 5 SERIES,4,E01001156,0,2
2024010533549,2024,010533549,1,9,0,99,99,9,9,99,99,9,9,99,9,99,9,9,6,6,1,37,7,1995,2,11,BMW 5 SERIES,2,E01004222,0,2
2024161437198,2024,161437198,2,9,0,-1,19,5,1,-1,0,8,0,0,2,7,3,1,-1,6,1,31,6,2993,2,15,BMW 5 SERIES,2,E01013187,0,4
2024552400606,2024,552400606,2,9,0,2,2,0,0,6,6,8,0,0,0,0,3,1,6,6,3,-1,-1,4398,1,26,BMW 5 SERIES,-1,-1,0,-1
2024991437031,2024,991437031,1,8,0,-1,19,5,1,-1,0,1,0,0,3,0,1,1,-1,1,1,55,8,2993,2,7,BMW 5 SERIES,4,-1,0,2
2024131453599,2024,131453599,2,9,0,-1,19,7,7,-1,0,4,0,0,0,0,1,1,-1,2,1,51,8,1998,8,6,BMW 5 SERIES,1,E01010622,0,1
2024451421284,2024,451421284,3,9,0,-1,19,1,5,-1,0,0,0,0,0,0,1,1,-1,1,1,46,8,1998,1,4,BMW 5 SERIES,9,E01003356,0,2
2024471456433,2024,471456433,2,9,0,-1,19,8,4,-1,0,0,1,0,0,0,3,1,-1,9,2,41,7,1995,2,9,BMW 5 SERIES,7,E01021173,0,4
2024161531405,2024,161531405,2,9,0,-1,3,3,7,-1,0,0,0,0,0,0,2,1,-1,2,1,60,9,1995,2,5,BMW 5 SERIES,5,E01013244,0,1
2024461453289,2024,461453289,1,9,0,-1,11,7,4,-1,0,0,0,0,1,0,2,1,-1,9,1,38,7,1998,1,6,BMW 5 SERIES,7,E01017834,0,4
2024501532447,2024,501532447,1,9,0,-1,19,1,5,-1,0,1,0,0,0,0,2,1,-1,6,1,41,7,1995,2,13,BMW 5 SERIES,8,E01034858,0,4
2024421493661,2024,421493661,1,9,0,-1,9,7,5,-1,0,4,0,0,0,0,1,1,-1,2,1,46,8,1995,2,8,BMW 5 SERIES,3,E01015869,0,4
2024010549787,2024,010549787,1,9,0,5,5,8,4,0,0,0,0,0,0,0,1,1,6,6,1,50,8,2993,2,4,BMW 5 SERIES,10,E01003894,0,1
2024061524581,2024,061524581,2,9,0,-1,19,5,8,-1,0,8,0,0,0,0,4,1,-1,6,1,35,6,1998,1,7,BMW 5 SERIES,1,E01033674,0,1
2024361418324,2024,361418324,1,9,0,-1,19,1,5,-1,0,0,0,0,0,0,1,1,-1,9,1,28,6,1995,2,12,BMW 5 SERIES,4,E01026628,0,1
2024340WN5542,2024,340WN5542,3,9,0,-1,19,7,3,-1,0,0,0,0,0,0,3,1,-1,1,1,-1,-1,2993,-1,2,BMW 5 SERIES,1,E01027131,0,3
2024520402276,2024,520402276,1,9,0,18,19,1,5,0,0,0,0,0,0,0,1,1,6,6,1,47,8,1998,8,7,BMW 5 SERIES,5,E01029180,0,4
2024520401548,2024,520401548,2,9,9,18,19,2,5,0,0,1,0,0,0,0,1,9,6,6,3,-1,-1,1995,2,10,BMW 5 SERIES,-1,-1,0,-1
2024461397494,2024,461397494,1,9,0,-1,1,1,5,-1,0,0,0,0,0,0,2,9,-1,6,3,-1,-1,1995,2,15,BMW 5 SERIES,-1,-1,0,-1
2024311408595,2024,311408595,2,9,0,-1,4,3,7,-1,0,0,0,0,0,0,2,1,-1,6,1,28,6,2993,2,20,BMW 5 SERIES,10,E01019703,0,2
2024131452479,2024,131452479,1,9,0,-1,9,2,1,-1,0,4,0,0,0,0,1,1,-1,6,3,-1,-1,2993,2,14,BMW 5 SERIES,-1,-1,0,-1
2024461496945,2024,461496945,2,9,0,-1,19,3,7,-1,0,0,1,0,0,0,4,1,-1,6,2,35,6,1998,8,2,BMW 5 SERIES,3,E01023866,0,4
2024010529787,2024,010529787,2,9,0,15,15,3,7,0,0,0,0,0,0,0,1,1,6,6,1,20,4,1995,2,5,BMW 5 SERIES,5,E01003527,0,1
2024141436260,2024,141436260,2,9,0,-1,19,7,3,-1,0,0,0,0,0,0,3,1,-1,6,1,55,8,1995,2,7,BMW 5 SERIES,7,E01007712,0,1
2024010542740,2024,010542740,2,9,0,16,19,3,7,0,0,4,0,0,0,0,1,1,1,1,1,31,6,2993,2,4,BMW 5 SERIES,5,E01003666,0,2
2024461473212,2024,461473212,1,9,0,-1,19,1,5,-1,0,0,1,11,0,0,1,1,-1,6,1,31,6,2497,1,18,BMW 5 SERIES,3,E01004012,0,4
2024061443711,2024,061443711,2,9,0,-1,4,-1,-1,-1,0,0,0,0,0,0,1,1,-1,6,1,-1,-1,1995,2,7,BMW 5 SERIES,1,E01005106,0,2
2024101534264,2024,101534264,1,9,0,-1,19,2,6,-1,0,1,0,0,0,0,1,1,-1,6,1,23,5,2996,2,14,BMW 5 SERIES,7,E01008452,0,1
2024311487430,2024,311487430,1,9,0,-1,10,1,7,-1,0,1,0,0,0,0,2,1,-1,6,2,53,8,1995,2,13,BMW 5 SERIES,10,E01028363,0,1
2024351444068,2024,351444068,4,9,0,-1,19,3,8,-1,0,3,0,0,0,0,1,1,-1,1,1,32,6,2993,2,4,BMW 5 SERIES,6,E01034438,0,4
2024201478515,2024,201478515,1,9,0,-1,1,3,7,-1,4,1,0,0,0,0,2,1,-1,6,1,-1,-1,2993,2,7,BMW 5 SERIES,-1,-1,0,-1