collision_index,collision_year,collision_ref_no,vehicle_reference,vehicle_type,towing_and_articulation,vehicle_manoeuvre_historic,vehicle_manoeuvre,vehicle_direction_from,vehicle_direction_to,vehicle_location_restricted_lane_historic,vehicle_location_restricted_lane,junction_location,skidding_and_overturning,hit_object_in_carriageway,vehicle_leaving_carriageway,hit_object_off_carriageway,first_point_of_impact,vehicle_left_hand_drive,journey_purpose_of_driver_historic,journey_purpose_of_driver,sex_of_driver,age_of_driver,age_band_of_driver,engine_capacity_cc,propulsion_code,age_of_vehicle,generic_make_model,driver_imd_decile,lsoa_of_driver,escooter_flag,driver_distance_banding
2024440306879,2024,440306879,2,9,0,2,2,0,0,0,0,2,0,0,0,0,2,1,6,6,2,46,8,1991,1,29,BMW 5 SERIES,-1,-1,0,-1
2024010528894,2024,010528894,2,9,0,1,1,7,3,0,0,0,0,0,0,0,1,1,6,6,3,-1,-1,1998,8,6,BMW 5 SERIES,-1,-1,0,-1
2024351463130,2024,351463130,1,9,-1,-1,1,7,3,-1,0,0,0,0,0,0,2,9,-1,6,3,-1,-1,1995,2,5,BMW 5 SERIES,-1,-1,0,-1
2024332400573,2024,332400573,1,9,0,-1,19,1,5,-1,0,4,5,0,1,4,1,1,-1,6,1,42,7,2993,2,14,BMW 5 SERIES,6,E01025652,0,3
2024201534844,2024,201534844,1,9,0,-1,19,6,2,-1,0,0,0,0,0,0,1,1,-1,6,1,-1,-1,1998,8,6,BMW 5 SERIES,-1,-1,0,-1
2024221402467,2024,221402467,2,9,0,-1,4,6,2,-1,0,1,0,0,0,0,2,9,-1,6,1,34,6,1995,2,13,BMW 5 SERIES,1,E01009399,0,3
2024131525955,2024,131525955,1,9,0,-1,19,6,2,-1,0,0,0,0,0,0,1,1,-1,6,1,-1,-1,2000,2,14,BMW 5 SERIES,-1,-1,0,-1
2024010532446,2024,010532446,1,9,0,18,19,3,7,0,0,8,0,0,0,0,1,1,1,1,1,45,7,1998,1,5,BMW 5 SERIES,-1,-1,0,-1
2024010504815,2024,010504815,1,9,0,5,5,1,5,0,0,8,0,0,0,0,2,1,6,6,1,35,6,2993,2,7,BMW 5 SERIES,-1,-1,0,-1
2024010539270,2024,010539270,1,9,0,10,10,3,1,0,0,1,0,0,0,0,2,1,2,2,1,44,7,1995,2,10,BMW 5 SERIES,7,E01003903,0,3
2024010524437,2024,010524437,1,9,0,4,4,5,1,0,0,1,0,0,1,0,4,1,1,1,1,60,9,1998,8,5,BMW 5 SERIES,3,E01002045,0,2
2024201478466,2024,201478466,2,9,0,-1,-1,1,5,-1,-1,2,0,0,0,0,1,1,-1,-1,1,41,7,1995,2,8,BMW 5 SERIES,2,E01009282,0,2
2024451407924,2024,451407924,2,9,0,-1,19,7,3,-1,0,0,0,0,0,0,1,1,-1,1,1,33,6,1995,2,6,BMW 5 SERIES,4,E01002425,0,4
2024061510325,2024,061510325,1,9,0,-1,7,8,7,-1,0,0,0,0,0,0,1,9,-1,6,3,-1,-1,1995,2,14,BMW 5 SERIES,-1,-1,0,-1
2024010502880,2024,010502880,1,9,0,9,9,5,3,0,0,1,0,0,0,0,4,1,6,6,1,47,8,1998,8,6,BMW 5 SERIES,6,E01000514,0,2
2024471409973,2024,471409973,1,9,0,-1,4,6,2,-1,0,0,1,0,0,0,1,1,-1,9,1,83,11,2497,1,18,BMW 5 SERIES,3,E01031830,0,2
2024010507074,2024,010507074,6,9,0,18,19,1,5,9,9,1,0,0,0,0,1,1,1,1,1,39,7,1998,1,5,BMW 5 SERIES,5,E01003666,0,1
2024161502941,2024,161502941,1,9,0,-1,19,5,1,-1,0,2,0,0,0,0,1,1,-1,9,2,62,9,2979,1,20,BMW 5 SERIES,6,E01012765,0,1
2024010531460,2024,010531460,1,9,9,99,99,9,9,99,99,9,9,99,9,99,9,9,6,6,3,-1,-1,1998,8,5,BMW 5 SERIES,-1,-1,0,-1
2024231504362,2024,231504362,6,9,0,-1,19,6,2,-1,0,0,0,1,0,0,1,1,-1,6,1,60,9,2998,1,5,BMW 5 SERIES,10,E01033061,0,4
2024010506125,2024,010506125,1,9,0,18,19,8,4,0,0,0,0,0,0,0,1,1,6,6,1,52,8,1995,2,5,BMW 5 SERIES,2,E01000022,0,1
2024131421436,2024,131421436,2,9,0,-1,19,7,3,-1,0,0,0,0,0,0,0,1,-1,6,-1,-1,-1,2993,2,11,BMW 5 SERIES,-1,-1,0,-1
2024991454572,2024,991454572,3,9,0,-1,19,1,5,-1,0,0,0,0,1,0,1,1,-1,8,1,43,7,2993,12,3,BMW 5 SERIES,1,-1,0,4
2024991450500,2024,991450500,1,9,0,-1,5,3,7,-1,0,0,0,0,0,0,4,1,-1,1,1,33,6,1998,8,5,BMW 5 SERIES,3,-1,0,1
2024010523075,2024,010523075,4,9,0,4,4,5,1,0,0,0,0,0,0,0,1,1,1,1,1,29,6,2993,2,4,BMW 5 SERIES,5,E01003666,0,2
2024451475074,2024,451475074,1,9,0,-1,19,5,1,-1,0,0,0,0,0,0,4,1,-1,2,1,28,6,1998,8,0,BMW 5 SERIES,10,E01028789,0,5
2024111533918,2024,111533918,2,9,0,-1,19,2,6,-1,0,0,0,0,0,0,1,1,-1,1,1,22,5,1995,2,19,BMW 5 SERIES,5,E01020726,0,3
2024340NN2582,2024,340NN2582,1,9,0,-1,9,5,3,-1,0,1,0,0,0,0,2,1,-1,6,1,43,7,1998,1,6,BMW 5 SERIES,3,E01034591,0,4
2024332401084,2024,332401084,3,9,0,-1,19,5,1,-1,0,1,0,0,0,0,1,1,-1,9,1,39,7,2993,2,11,BMW 5 SERIES,4,E01013786,0,1
2024440395994,2024,440395994,1,9,0,18,19,5,1,0,0,8,0,0,3,11,1,1,6,6,1,31,6,1998,8,6,BMW 5 SERIES,6,E01017212,0,1
2024141514039,2024,141514039,1,9,0,-1,7,7,1,-1,0,1,0,0,0,0,4,9,-1,6,1,37,7,1995,2,8,BMW 5 SERIES,1,E01007768,0,1
2024010517295,2024,010517295,1,9,0,9,9,3,1,0,0,2,0,0,0,0,3,1,6,6,2,35,6,1998,1,5,BMW 5 SERIES,6,E01032780,0,1
2024201428603,2024,201428603,1,9,0,-1,11,5,1,-1,0,0,0,0,0,0,4,9,-1,6,1,44,7,1995,2,11,BMW 5 SERIES,-1,-1,0,-1
2024041453190,2024,041453190,2,9,0,-1,19,3,7,-1,0,1,1,0,0,0,4,1,-1,9,1,47,8,2993,2,13,BMW 5 SERIES,3,E01012663,0,1
2024161508304,2024,161508304,2,9,0,-1,19,1,5,-1,0,0,0,0,0,0,1,9,-1,6,1,-1,-1,2993,2,20,BMW 5 SERIES,-1,-1,0,-1
2024010530431,2024,010530431,1,9,0,9,9,7,5,0,0,2,0,0,0,0,1,1,6,6,1,40,7,2494,1,22,BMW 5 SERIES,4,E01001376,0,1
2024010532087,2024,010532087,3,9,0,18,19,1,5,0,0,0,0,0,0,0,1,1,6,6,1,34,6,2993,2,7,BMW 5 SERIES,4,E01002405,0,4
2024440073740,2024,440073740,2,9,0,18,19,2,6,0,0,0,0,0,0,0,1,1,6,6,2,27,6,1998,1,6,BMW 5 SERIES,-1,-1,0,-1
2024010491165,2024,010491165,1,9,0,17,19,3,7,0,0,0,2,10,7,9,1,1,6,6,1,31,6,1995,2,10,BMW 5 SERIES,2,E01000033,0,3
2024991517086,2024,991517086,2,9,0,-1,6,7,7,-1,0,2,0,0,0,0,1,1,-1,8,1,32,6,2993,12,3,BMW 5 SERIES,3,-1,0,4
2024010545981,2024,010545981,5,9,0,2,2,0,0,0,0,1,0,0,0,0,0,1,6,6,3,-1,-1,1995,2,10,BMW 5 SERIES,-1,-1,0,-1
2024201508620,2024,201508620,2,9,0,-1,3,4,8,-1,0,0,0,0,0,0,2,1,-1,1,1,50,8,1995,2,13,BMW 5 SERIES,2,E01009744,0,3
2024010502272,2024,010502272,1,9,0,7,7,5,8,0,0,8,0,0,0,0,4,1,6,6,1,61,9,1995,2,16,BMW 5 SERIES,8,E01002569,0,1
2024610039524,2024,610039524,1,9,0,18,19,3,7,0,0,0,0,0,0,0,1,1,6,6,1,20,4,1995,2,13,BMW 5 SERIES,5,W01001603,0,1
2024201394989,2024,201394989,1,9,0,-1,7,1,3,-1,0,5,0,0,0,0,1,1,-1,6,1,72,10,1995,2,10,BMW 5 SERIES,4,E01010427,0,1
2024061478529,2024,061478529,4,9,0,-1,20,3,7,-1,0,0,0,0,0,0,2,1,-1,9,2,35,6,1995,2,12,BMW 5 SERIES,2,E01005663,0,2
2024471459159,2024,471459159,6,9,0,-1,13,7,3,-1,0,1,0,0,0,0,0,1,-1,1,1,-1,-1,2993,2,6,BMW 5 SERIES,6,E01021034,0,4
2024371506910,2024,371506910,2,9,0,-1,9,8,4,-1,0,0,0,0,0,0,2,1,-1,9,1,59,9,2996,1,17,BMW 5 SERIES,4,E01030118,0,1
2024131436509,2024,131436509,2,9,0,-1,5,5,1,-1,0,8,0,0,0,0,3,1,-1,9,1,27,6,1995,2,12,BMW 5 SERIES,3,E01011314,0,1
2024311441781,2024,311441781,1,9,0,-1,19,7,3,-1,0,8,0,0,0,0,1,1,-1,9,1,56,9,1995,2,8,BMW 5 SERIES,1,E01013820,0,2
2024320168544,2024,320168544,2,9,0,3,3,4,6,0,0,1,0,0,0,0,3,1,6,6,1,65,9,2993,2,13,BMW 5 SERIES,8,E01026238,0,1
2024461477670,2024,461477670,1,9,0,-1,2,0,0,-1,0,1,0,0,0,0,3,9,-1,6,1,40,7,1995,2,10,BMW 5 SERIES,3,E01016173,0,4
2024010501764,2024,010501764,2,9,9,99,99,9,9,99,99,9,9,99,9,99,1,9,6,6,3,23,5,1995,2,8,BMW 5 SERIES,3,E01035695,0,1
2024161424293,2024,161424293,1,9,0,-1,19,1,5,-1,0,0,0,0,1,1,1,1,-1,9,1,27,6,2993,2,7,BMW 5 SERIES,1,E01012780,0,1
2024131461741,2024,131461741,3,9,0,-1,2,0,0,-1,0,0,0,0,0,0,3,1,-1,6,-1,-1,-1,1995,2,6,BMW 5 SERIES,-1,-1,0,-1
2024311492975,2024,311492975,1,9,0,-1,7,1,3,-1,0,8,0,0,0,0,3,1,-1,9,1,36,7,1995,12,2,BMW 5 SERIES,2,E01033396,0,1
2024010516314,2024,010516314,2,9,0,2,2,0,0,0,0,2,0,0,0,0,4,1,6,6,3,-1,-1,2979,1,11,BMW 5 SERIES,-1,-1,0,-1
2024010513929,2024,010513929,1,9,0,3,3,3,7,0,0,1,0,0,0,0,2,1,6,6,1,28,6,1995,-1,4,BMW 5 SERIES,6,E01002327,0,3
2024501500424,2024,501500424,2,9,0,-1,9,7,4,-1,0,6,0,0,1,9,4,1,-1,2,2,39,7,2993,2,17,BMW 5 SERIES,3,E01018993,0,1
2024010512317,2024,010512317,3,9,0,18,19,1,5,0,0,4,0,0,0,0,0,1,1,1,1,34,6,2993,2,4,BMW 5 SERIES,5,E01003666,0,2
2024161400242,2024,161400242,1,9,0,-1,10,6,2,-1,0,0,0,0,0,0,2,1,-1,9,1,67,10,1995,2,12,BMW 5 SERIES,7,E01012815,0,1
2024010500114,2024,010500114,2,9,0,9,9,3,1,0,0,6,0,0,0,0,1,1,6,6,1,50,8,1995,2,10,BMW 5 SERIES,7,E01016473,0,3
2024131399710,2024,131399710,2,9,0,-1,19,5,1,-1,0,1,0,0,0,0,1,1,-1,6,1,47,8,1995,2,7,BMW 5 SERIES,6,E01011505,0,1
2024010541078,2024,010541078,2,9,0,13,13,7,3,0,0,1,0,0,0,0,0,1,1,1,1,38,7,2993,2,4,BMW 5 SERIES,-1,-1,0,-1
2024010511990,2024,010511990,1,9,0,13,13,5,1,0,0,0,0,0,0,0,4,1,6,6,3,-1,-1,1995,2,6,BMW 5 SERIES,-1,-1,0,-1
2024010524545,2024,010524545,2,9,0,6,6,9,9,99,99,9,9,99,9,99,2,9,6,6,1,-1,-1,1995,2,6,BMW 5 SERIES,2,E01003556,0,2
2024340WN4102,2024,340WN4102,1,9,0,-1,19,7,3,-1,0,1,0,0,0,0,1,1,-1,9,1,57,9,2000,2,13,BMW 5 SERIES,5,E01035424,0,1
2024010516729,2024,010516729,4,9,0,18,19,5,1,0,0,0,0,0,0,0,2,1,2,2,1,37,7,1998,8,1,BMW 5 SERIES,6,E01032780,0,1
2024010521263,2024,010521263,1,9,0,13,13,3,7,0,0,1,0,0,1,4,3,1,1,1,1,34,6,1998,8,4,BMW 5 SERIES,2,E01034477,0,4
2024010520916,2024,010520916,1,9,0,6,6,1,1,0,0,2,5,0,0,0,4,1,2,2,1,56,9,1995,2,5,BMW 5 SERIES,3,E01001546,0,3
2024101415049,2024,101415049,1,9,0,-1,5,0,1,-1,0,0,0,0,0,0,0,2,-1,9,2,29,6,1995,2,8,BMW 5 SERIES,-1,-1,0,-1
2024471475534,2024,471475534,1,9,0,-1,19,1,5,-1,0,1,0,0,0,0,4,9,-1,6,3,-1,-1,1995,2,18,BMW 5 SERIES,-1,-1,0,-1
2024340NN0432,2024,340NN0432,2,9,0,-1,19,3,7,-1,0,1,0,0,0,0,1,1,-1,9,1,33,6,1995,2,11,BMW 5 SERIES,2,E01026957,0,2
2024201408119,2024,201408119,1,9,0,-1,8,8,2,-1,0,1,0,0,0,0,1,1,-1,6,1,-1,-1,1995,2,16,BMW 5 SERIES,-1,-1,0,-1
2024041512713,2024,041512713,1,9,0,-1,1,3,7,-1,0,2,0,0,0,0,-1,1,-1,6,3,-1,-1,1995,2,18,BMW 5 SERIES,-1,-1,0,-1
2024501477957,2024,501477957,2,9,0,-1,19,8,4,-1,0,1,0,0,0,0,0,1,-1,1,1,34,6,2993,2,4,BMW 5 SERIES,7,E01018934,0,4
2024552401413,2024,552401413,1,9,0,2,2,0,0,0,0,0,0,11,0,0,3,1,6,6,3,-1,-1,1995,2,9,BMW 5 SERIES,-1,-1,0,-1
2024361478973,2024,361478973,1,9,0,-1,19,5,1,-1,0,8,0,0,0,0,1,1,-1,9,1,21,5,2979,1,21,BMW 5 SERIES,-1,-1,0,-1
2024141398305,2024,141398305,1,9,0,-1,19,3,7,-1,0,0,1,0,1,4,1,1,-1,6,1,40,7,2497,1,18,BMW 5 SERIES,3,E01007788,0,1
2024411449347,2024,411449347,1,9,0,-1,4,6,1,-1,0,0,0,0,0,0,1,1,-1,6,1,25,5,2993,12,4,BMW 5 SERIES,5,E01023900,0,1
2024122401215,2024,122401215,1,9,0,7,7,1,7,0,0,2,0,0,0,0,1,1,6,6,1,63,9,1998,8,5,BMW 5 SERIES,7,E01027601,0,3
2024161428966,2024,161428966,2,9,0,-1,5,6,2,-1,0,8,0,0,0,0,1,1,-1,6,1,34,6,1995,2,13,BMW 5 SERIES,4,E01012802,0,1
2024421457079,2024,421457079,1,9,0,-1,5,8,4,-1,0,4,0,0,0,0,1,1,-1,6,1,31,6,1995,2,12,BMW 5 SERIES,5,E01035169,0,1
2024552401015,2024,552401015,2,9,0,18,19,8,4,0,0,0,0,0,0,0,1,1,6,6,1,29,6,2993,2,14,BMW 5 SERIES,5,E01032010,0,3
2024010547478,2024,010547478,2,9,0,99,99,9,9,99,99,9,9,99,9,99,9,9,6,6,3,-1,-1,1995,2,6,BMW 5 SERIES,-1,-1,0,-1
2024041461537,2024,041461537,1,9,0,-1,14,3,7,-1,0,0,0,0,0,0,4,1,-1,6,1,48,8,2993,2,6,BMW 5 SERIES,9,E01025340,0,1
2024201426462,2024,201426462,1,9,0,-1,19,3,7,-1,0,8,0,0,0,0,1,9,-1,6,1,17,4,1995,2,19,BMW 5 SERIES,2,E01001479,0,5
2024010517082,2024,010517082,1,9,0,18,19,3,7,0,0,4,0,0,0,0,1,1,6,6,2,43,7,1995,2,5,BMW 5 SERIES,2,E01032744,0,1
2024201434641,2024,201434641,2,9,0,-1,3,7,3,-1,0,8,0,0,0,0,2,1,-1,9,1,57,9,2993,2,14,BMW 5 SERIES,2,E01010016,0,1
2024201437452,2024,201437452,2,9,0,-1,19,2,6,-1,0,8,0,0,0,0,1,1,-1,6,1,48,8,1995,2,9,BMW 5 SERIES,1,E01009342,0,1
2024061476703,2024,061476703,2,9,0,-1,19,8,4,-1,0,0,0,0,0,0,1,1,-1,2,1,62,9,1995,2,7,BMW 5 SERIES,9,E01004806,0,1
2024010522605,2024,010522605,2,9,0,99,99,9,9,99,99,9,9,99,9,99,9,9,6,6,3,-1,-1,1995,2,8,BMW 5 SERIES,-1,-1,0,-1
2024451409619,2024,451409619,6,9,0,-1,19,7,3,-1,0,0,0,0,0,0,0,1,-1,1,1,43,7,2993,12,4,BMW 5 SERIES,10,E01030435,0,3
2024010543627,2024,010543627,1,9,0,1,1,3,7,0,0,2,0,0,0,0,2,1,6,6,1,32,6,1995,2,10,BMW 5 SERIES,4,E01003529,0,1
2024131421043,2024,131421043,1,9,0,-1,19,1,5,-1,4,5,0,0,0,0,1,1,-1,6,3,-1,-1,1995,2,18,BMW 5 SERIES,-1,-1,0,-1
2024010501766,2024,010501766,1,9,0,18,19,7,3,0,0,8,0,0,0,0,4,1,2,2,2,41,7,1995,2,10,BMW 5 SERIES,2,E01034471,0,1
2024041394770,2024,041394770,2,9,0,-1,4,1,5,-1,0,0,0,0,0,0,2,1,-1,6,2,40,7,1995,2,9,BMW 5 SERIES,1,E01004863,0,4
2024481569563,2024,481569563,1,9,0,-1,9,3,1,-1,0,8,0,0,0,0,4,1,-1,9,1,52,8,1995,2,8,BMW 5 SERIES,-1,-1,0,-1
2024010514969,2024,010514969,1,9,0,11,11,3,7,0,0,1,0,0,0,0,2,1,6,6,1,34,6,1995,2,6,BMW 5 SERIES,2,E01001409,0,2
2024010511910,2024,010511910,3,9,0,18,19,7,3,0,0,8,0,0,0,0,0,1,1,1,1,40,7,2993,2,4,BMW 5 SERIES,7,E01003456,0,2
2024471461408,2024,471461408,3,9,0,-1,19,5,1,-1,0,1,0,0,0,0,0,1,-1,1,1,55,8,2993,12,4,BMW 5 SERIES,3,E01021090,0,2
2024061464661,2024,061464661,2,9,0,-1,-1,-1,-1,-1,-1,0,-1,-1,-1,0,3,9,-1,6,3,-1,-1,1995,2,10,BMW 5 SERIES,-1,-1,0,-1
2024332400635,2024,332400635,2,9,0,-1,11,4,8,-1,0,3,0,0,0,0,4,1,-1,6,2,40,7,1995,2,12,BMW 5 SERIES,5,E01025656,0,1
2024061434775,2024,061434775,1,9,-1,-1,-1,-1,-1,-1,-1,0,-1,-1,-1,0,-1,9,-1,6,3,-1,-1,1995,2,8,BMW 5 SERIES,2,E01004868,0,1
2024501528548,2024,501528548,2,9,0,-1,19,6,2,-1,0,0,0,0,0,0,4,1,-1,2,1,50,8,1995,2,19,BMW 5 SERIES,5,E01034847,0,3
2024070453957,2024,070453957,1,9,0,5,5,7,3,0,0,6,0,0,0,0,1,1,6,6,1,51,8,2993,2,6,BMW 5 SERIES,9,E01018684,0,1
2024610042424,2024,610042424,2,9,0,18,19,1,5,0,0,8,0,0,0,0,1,1,6,6,1,32,6,1995,12,5,BMW 5 SERIES,4,W01001337,0,1
2024201518101,2024,201518101,2,9,0,-1,19,1,4,-1,0,0,0,0,0,0,0,9,-1,6,1,48,8,1995,2,14,BMW 5 SERIES,1,E01009375,0,1
2024991461452,2024,991461452,1,9,0,-1,3,6,2,-1,0,0,0,0,0,0,2,1,-1,9,2,32,6,2993,2,19,BMW 5 SERIES,3,-1,0,2
2024010528526,2024,010528526,2,9,0,6,6,6,6,0,0,2,0,0,0,0,0,1,6,6,1,39,7,2993,2,4,BMW 5 SERIES,4,E01000472,0,2
2024010525246,2024,010525246,2,9,0,2,2,9,9,99,99,9,9,99,9,99,9,9,6,6,1,24,5,-1,3,0,-1,4,E01004642,0,1
2024320379590,2024,320379590,1,9,0,7,7,1,7,0,0,1,0,0,0,0,1,-1,1,1,2,31,6,-1,3,0,-1,-1,-1,0,-1
2024161485981,2024,161485981,1,9,0,-1,2,0,0,-1,0,0,0,0,0,0,2,9,-1,9,3,-1,-1,-1,3,0,-1,-1,-1,0,-1
2024231430118,2024,231430118,2,9,0,-1,19,8,3,-1,0,0,1,0,7,11,1,1,-1,2,1,43,7,2179,2,17,-1,3,E01031238,0,2
2024471506018,2024,471506018,2,9,0,-1,3,2,6,-1,0,3,0,0,0,0,2,1,-1,9,1,45,7,2179,2,16,-1,2,E01022900,0,4
2024201491835,2024,201491835,1,9,0,-1,19,6,2,-1,0,0,0,0,0,0,1,1,-1,6,1,30,6,2179,2,17,-1,-1,-1,0,-1
2024320245764,2024,320245764,2,9,0,2,2,0,0,0,0,0,0,0,0,0,4,2,6,6,2,47,8,2179,2,14,-1,1,E01026069,0,2
2024610024524,2024,610024524,1,9,0,4,4,5,1,0,0,2,0,0,0,0,2,1,6,6,1,60,9,2179,2,17,-1,-1,-1,0,-1
2024131499484,2024,131499484,2,9,0,-1,19,7,3,-1,0,3,0,0,0,0,2,1,-1,6,2,39,7,2179,2,16,-1,2,E01007465,0,2
2024010529340,2024,010529340,1,5,0,99,99,9,9,99,99,0,9,99,9,99,2,1,2,2,1,44,7,1923,1,1,-1,3,E01024480,0,2
2024440361914,2024,440361914,4,5,0,18,19,1,5,0,0,0,0,0,0,0,2,1,6,6,1,31,6,1923,1,0,-1,10,E01022793,0,3
2024440286056,2024,440286056,1,4,0,12,12,3,7,0,0,0,0,0,0,0,0,1,6,6,1,68,10,1923,1,0,-1,9,E01023229,0,3
2024461421499,2024,461421499,1,4,0,-1,19,4,2,-1,0,8,1,0,0,0,0,1,-1,9,1,46,8,286,1,3,-1,7,E01024569,0,1
2024122400637,2024,122400637,1,4,0,9,9,3,1,0,0,5,1,0,0,0,0,1,1,1,1,51,8,286,1,2,-1,9,E01011160,0,4
2024141501711,2024,141501711,1,4,0,-1,19,4,8,-1,0,1,5,0,0,0,2,1,-1,6,1,16,4,286,1,1,-1,1,E01007763,0,3
2024010550251,2024,010550251,1,4,0,18,19,2,6,0,0,1,0,10,0,0,4,1,6,6,1,44,7,286,1,2,-1,2,E01002760,0,2
2024111471321,2024,111471321,1,4,0,-1,19,6,2,-1,0,0,0,12,0,0,4,1,-1,9,1,66,10,286,1,1,-1,4,E01020899,0,3
2024440341829,2024,440341829,2,4,0,15,15,2,6,0,0,1,0,0,0,0,1,1,6,6,1,-1,-1,286,1,2,-1,-1,-1,0,-1
2024302401484,2024,302401484,1,2,0,16,19,6,2,0,0,8,0,0,0,0,1,1,6,6,1,70,10,286,1,2,-1,-1,-1,0,-1
2024201461691,2024,201461691,2,4,0,-1,9,8,6,-1,0,3,0,0,0,0,2,1,-1,1,1,47,8,286,1,3,-1,2,E01009058,0,2
2024010536382,2024,010536382,1,5,0,99,99,9,9,99,99,9,9,99,9,99,9,1,2,2,1,56,9,782,1,16,-1,3,E01020937,0,4
2024211460420,2024,211460420,1,5,0,-1,5,4,5,-1,0,0,1,7,0,0,4,1,-1,9,1,33,6,782,1,18,-1,1,E01031116,0,4
2024010526106,2024,010526106,3,5,0,13,13,5,1,0,0,1,0,0,0,0,1,1,6,6,1,55,8,782,1,15,-1,9,E01002415,0,1
2024010531674,2024,010531674,3,5,0,18,19,5,1,2,2,1,0,0,0,0,1,1,6,6,1,44,7,782,1,20,-1,10,E01003889,0,1
2024010539753,2024,010539753,1,5,0,99,99,9,9,99,99,9,9,99,9,99,9,1,6,6,1,68,10,782,1,19,-1,4,E01000557,0,3
2024332400205,2024,332400205,2,5,0,-1,19,5,1,-1,0,1,0,0,0,0,1,1,-1,6,1,-1,-1,782,1,20,-1,-1,-1,0,-1
2024991445202,2024,991445202,1,5,0,-1,19,1,5,-1,0,0,0,0,0,0,1,1,-1,9,1,58,9,782,1,16,-1,6,-1,0,1
2024010504617,2024,010504617,1,5,0,99,99,9,9,99,99,9,9,99,9,99,9,9,2,2,1,27,6,782,1,11,-1,9,E01002991,0,1
2024010524265,2024,010524265,1,5,0,99,99,9,9,99,99,9,9,99,9,99,9,1,6,6,1,58,9,782,1,19,-1,9,E01021446,0,4
2024361439078,2024,361439078,2,9,0,-1,19,6,2,-1,0,0,0,0,0,0,1,1,-1,9,2,61,9,1599,1,16,HYUNDAI MATRIX,1,E01026620,0,1
2024552400150,2024,552400150,1,9,0,18,19,6,2,0,0,8,0,0,0,0,1,1,6,6,2,39,7,1599,1,19,HYUNDAI MATRIX,1,E01015288,0,1
2024052400544,2024,052400544,1,9,0,9,9,1,7,0,0,1,0,0,0,0,3,1,2,2,1,65,9,1599,1,17,HYUNDAI MATRIX,2,E01006842,0,2
2024010521183,2024,010521183,1,9,9,99,99,9,9,99,99,9,9,99,9,99,9,9,6,6,3,-1,-1,1599,1,19,HYUNDAI MATRIX,6,E01002223,0,1
2024430498915,2024,430498915,1,9,0,17,19,2,7,0,0,0,0,0,1,4,1,1,6,6,1,84,11,1599,1,19,HYUNDAI MATRIX,10,E01017881,0,1
2024010527070,2024,010527070,1,9,0,8,8,5,7,0,0,6,0,0,0,0,1,1,6,6,2,60,9,1599,1,20,HYUNDAI MATRIX,2,E01000386,0,1
2024430181133,2024,430181133,2,9,0,18,19,1,5,0,0,0,0,0,0,0,1,1,1,1,2,32,6,1599,1,19,HYUNDAI MATRIX,5,E01016434,0,1
2024401491075,2024,401491075,1,9,0,-1,5,7,1,-1,0,0,0,0,0,0,1,1,-1,6,1,86,11,1599,1,18,HYUNDAI MATRIX,7,E01017510,0,1
2024471503673,2024,471503673,1,9,0,-1,4,2,6,-1,0,0,0,0,0,0,1,9,-1,6,1,41,7,1599,1,22,HYUNDAI MATRIX,6,E01017009,0,1
2024010526023,2024,010526023,1,9,0,5,5,1,5,0,0,1,0,0,0,0,1,1,2,2,1,35,6,1795,1,22,HYUNDAI MATRIX,-1,-1,0,-1
2024421455416,2024,421455416,1,9,0,-1,19,1,6,-1,0,8,1,0,1,4,3,1,-1,9,2,81,11,1599,1,17,HYUNDAI MATRIX,2,E01022055,0,3
2024440090851,2024,440090851,2,9,0,18,19,7,3,0,0,8,0,0,0,0,1,1,6,6,1,32,6,1599,1,20,HYUNDAI MATRIX,3,E01001166,0,4
2024320660106,2024,320660106,1,9,0,9,9,8,6,0,0,2,0,0,0,0,1,1,-1,-1,2,71,10,1795,1,19,HYUNDAI MATRIX,1,E01026072,0,1
2024320709318,2024,320709318,2,17,0,-1,-1,8,4,0,0,0,0,0,0,0,1,1,1,1,1,20,4,4400,2,7,-1,-1,-1,0,-1
2024552401307,2024,552401307,1,3,0,13,13,3,7,0,0,8,0,0,0,0,4,1,6,6,1,17,4,124,1,7,-1,5,E01015435,0,1
2024340NN3282,2024,340NN3282,1,3,0,-1,19,3,7,-1,0,0,1,0,0,0,1,1,-1,2,1,21,5,125,1,10,-1,7,E01027055,0,3
2024501521098,2024,501521098,1,9,0,-1,9,2,6,-1,0,1,0,0,0,0,1,9,-1,6,3,-1,-1,2477,2,20,MITSUBISHI SHOGUN,-1,-1,0,-1
2024221439794,2024,221439794,1,9,0,-1,19,4,8,-1,0,0,5,0,0,0,3,1,-1,2,1,39,7,3200,2,18,MITSUBISHI SHOGUN,4,E01006228,0,5
2024501467889,2024,501467889,2,9,0,-1,19,5,7,-1,0,1,0,0,0,0,1,1,-1,6,1,25,5,2477,2,20,MITSUBISHI SHOGUN,7,E01015112,0,1
2024231449817,2024,231449817,1,9,0,-1,11,6,2,-1,0,3,0,0,2,0,1,1,-1,6,1,70,10,3200,2,17,MITSUBISHI SHOGUN,-1,-1,0,-1
2024451442806,2024,451442806,1,9,0,-1,5,1,1,-1,0,1,0,0,0,0,2,1,-1,1,1,28,6,3200,2,9,MITSUBISHI SHOGUN,4,E01024373,0,4
2024221449596,2024,221449596,2,9,0,-1,3,1,5,-1,0,0,0,0,0,0,2,1,-1,6,1,46,8,3200,2,10,MITSUBISHI SHOGUN,5,E01014008,0,3