collision_index,collision_year,collision_ref_no,vehicle_reference,vehicle_type,towing_and_articulation,vehicle_manoeuvre_historic,vehicle_manoeuvre,vehicle_direction_from,vehicle_direction_to,vehicle_location_restricted_lane_historic,vehicle_location_restricted_lane,junction_location,skidding_and_overturning,hit_object_in_carriageway,vehicle_leaving_carriageway,hit_object_off_carriageway,first_point_of_impact,vehicle_left_hand_drive,journey_purpose_of_driver_historic,journey_purpose_of_driver,sex_of_driver,age_of_driver,age_band_of_driver,engine_capacity_cc,propulsion_code,age_of_vehicle,generic_make_model,driver_imd_decile,lsoa_of_driver,escooter_flag,driver_distance_banding
2024211453342,2024,211453342,2,9,0,-1,2,5,8,-1,0,0,0,4,0,0,4,1,-1,6,-1,-1,-1,3200,2,19,MITSUBISHI SHOGUN,-1,-1,0,-1
2024122500464,2024,122500464,2,9,4,17,19,5,2,0,0,0,0,0,0,0,1,1,1,1,1,45,7,3200,2,13,MITSUBISHI SHOGUN,7,E01027601,0,3
2024311455506,2024,311455506,1,9,0,-1,19,3,7,-1,0,0,0,0,7,0,1,1,-1,6,1,34,6,2477,2,18,MITSUBISHI SHOGUN,5,E01028305,0,2
2024111485214,2024,111485214,1,9,0,-1,9,5,4,-1,0,6,0,0,0,0,3,1,-1,9,2,19,4,3200,2,16,MITSUBISHI SHOGUN,-1,-1,0,-1
2024302400543,2024,302400543,1,9,0,16,19,6,2,0,0,0,0,0,0,0,3,1,6,6,2,39,7,3200,2,8,MITSUBISHI SHOGUN,6,E01019451,0,1
2024430584111,2024,430584111,1,9,0,9,9,3,1,0,0,4,0,0,0,0,1,2,3,7,1,42,7,2477,2,18,MITSUBISHI SHOGUN,9,E01028760,0,1
2024302401178,2024,302401178,1,9,0,4,4,8,4,0,0,0,1,0,0,0,3,1,6,6,2,34,6,3200,2,21,MITSUBISHI SHOGUN,1,E01013591,0,2
2024010551944,2024,010551944,2,9,9,3,3,4,8,0,0,9,0,0,9,0,2,9,6,6,1,65,9,3200,2,7,MITSUBISHI SHOGUN,10,E01000826,0,1
2024231482139,2024,231482139,1,9,0,-1,4,6,2,-1,0,1,0,0,0,0,2,9,-1,6,1,55,8,2442,2,5,MITSUBISHI SHOGUN,9,E01026691,0,5
2024991431809,2024,991431809,2,9,0,-1,19,1,5,-1,0,0,0,0,0,0,2,1,-1,6,1,31,6,2477,2,19,MITSUBISHI SHOGUN,2,-1,0,3
2024031479355,2024,031479355,1,9,0,-1,19,8,4,-1,9,0,0,10,7,11,1,1,-1,6,1,41,7,2477,2,20,MITSUBISHI SHOGUN,7,E01034077,0,1
2024552401393,2024,552401393,1,9,4,18,19,7,3,0,0,8,0,0,0,0,1,1,6,6,1,32,6,3200,2,19,MITSUBISHI SHOGUN,7,E01015462,0,4
2024340WN3782,2024,340WN3782,1,9,0,-1,9,3,1,-1,0,0,0,0,0,0,3,1,-1,1,1,21,5,3200,2,16,MITSUBISHI SHOGUN,-1,-1,0,-1
2024461479182,2024,461479182,1,9,0,-1,4,4,4,-1,0,0,0,4,0,0,1,1,-1,6,2,78,11,3200,2,9,MITSUBISHI SHOGUN,7,E01024650,0,1
2024332400495,2024,332400495,1,9,0,-1,19,6,3,-1,0,0,0,0,1,4,1,1,-1,9,1,19,4,2477,2,19,MITSUBISHI SHOGUN,9,E01024946,0,5
2024430126673,2024,430126673,2,9,0,18,19,5,1,0,0,8,0,0,0,0,1,1,6,6,1,27,6,3200,2,9,MITSUBISHI SHOGUN,1,E01016744,0,1
2024991456907,2024,991456907,1,9,0,-1,9,4,2,-1,0,8,1,0,0,0,3,1,-1,9,1,70,10,3200,2,14,MITSUBISHI SHOGUN,8,-1,0,2
2024991506961,2024,991506961,1,9,0,-1,19,7,3,-1,0,0,2,0,7,11,1,1,-1,1,1,72,10,3200,2,8,MITSUBISHI SHOGUN,6,-1,0,1
2024991464351,2024,991464351,2,9,0,-1,19,1,5,-1,0,1,1,0,0,0,1,1,-1,9,1,34,6,3200,2,8,MITSUBISHI SHOGUN,4,-1,0,4
2024201426076,2024,201426076,2,9,0,-1,3,2,6,-1,0,0,0,0,0,0,2,1,-1,6,2,46,8,659,1,16,MITSUBISHI SHOGUN,3,E01009750,0,3
2024061483384,2024,061483384,2,9,-1,-1,-1,-1,-1,-1,-1,0,-1,-1,-1,0,-1,9,-1,6,3,-1,-1,3200,2,19,MITSUBISHI SHOGUN,-1,-1,0,-1
2024141526925,2024,141526925,1,9,0,-1,19,5,2,-1,0,8,0,0,0,0,1,1,-1,6,1,27,6,3200,2,17,MITSUBISHI SHOGUN,10,E01013985,0,4
2024010520154,2024,010520154,1,9,0,18,19,1,5,0,0,1,0,0,0,0,1,1,6,6,1,56,9,2442,2,3,MITSUBISHI SHOGUN,8,E01003417,0,3
2024320367739,2024,320367739,1,9,0,-1,-1,7,3,0,0,8,0,0,0,0,1,1,-1,-1,1,77,11,2442,2,4,MITSUBISHI SHOGUN,10,E01025885,0,1
2024991578008,2024,991578008,1,9,0,-1,13,5,1,-1,0,1,0,0,0,0,1,1,-1,6,1,70,10,3200,2,7,MITSUBISHI SHOGUN,5,-1,0,1
2024501397688,2024,501397688,2,9,0,-1,19,8,4,-1,0,8,0,0,0,0,4,1,-1,6,2,71,10,3200,2,10,MITSUBISHI SHOGUN,9,E01019907,0,4
2024131516572,2024,131516572,2,9,0,-1,5,3,7,-1,9,6,0,0,6,0,1,1,-1,1,1,60,9,3200,2,21,MITSUBISHI SHOGUN,6,E01010643,0,1
2024430440382,2024,430440382,1,9,0,18,19,7,3,0,0,0,5,0,1,3,1,1,2,2,1,69,10,3200,2,17,MITSUBISHI SHOGUN,9,E01028469,0,1
2024520003247,2024,520003247,1,9,0,4,4,2,6,0,0,8,1,0,0,0,3,1,6,6,1,54,8,3200,2,15,MITSUBISHI SHOGUN,9,E01014391,0,2
2024991506127,2024,991506127,1,9,4,-1,19,5,1,-1,0,0,4,10,6,6,1,1,-1,9,1,19,4,2477,2,19,MITSUBISHI SHOGUN,4,-1,0,5
2024161409725,2024,161409725,1,9,0,-1,19,7,3,-1,0,0,0,6,0,0,1,1,-1,9,1,52,8,3200,2,14,MITSUBISHI SHOGUN,5,E01013287,0,1
2024041496395,2024,041496395,3,9,0,-1,19,1,5,-1,0,1,0,0,0,0,1,1,-1,6,1,49,8,2477,2,20,MITSUBISHI SHOGUN,10,E01025259,0,1
2024221445102,2024,221445102,1,9,0,-1,1,4,8,-1,0,8,0,0,0,0,2,9,-1,6,2,68,10,3200,2,16,MITSUBISHI SHOGUN,5,E01014019,0,1
2024610031824,2024,610031824,1,9,0,17,19,4,1,0,0,8,1,0,1,11,1,1,6,6,1,41,7,2477,2,19,MITSUBISHI SHOGUN,10,W01001638,0,1
2024991522803,2024,991522803,1,9,0,-1,5,6,2,-1,0,0,0,0,0,0,1,1,-1,9,1,66,10,3200,2,19,MITSUBISHI SHOGUN,9,-1,0,4
2024520402704,2024,520402704,1,9,0,9,9,6,5,0,0,6,0,0,0,0,3,1,6,6,1,52,8,2477,2,21,MITSUBISHI SHOGUN,5,E01029125,0,1
2024451464540,2024,451464540,1,9,0,-1,19,1,5,-1,0,0,5,0,1,4,1,1,-1,9,1,21,5,3200,2,17,MITSUBISHI SHOGUN,6,E01030426,0,1
2024070456970,2024,070456970,3,9,0,4,4,7,3,0,0,1,0,0,0,0,2,1,2,2,1,-1,-1,3200,2,9,MITSUBISHI SHOGUN,-1,-1,0,-1
2024010537002,2024,010537002,2,9,0,99,99,9,9,99,99,9,9,99,9,99,1,9,6,6,1,59,9,3200,2,8,MITSUBISHI SHOGUN,3,E01001703,0,3
2024520402675,2024,520402675,1,9,3,9,9,2,8,0,0,8,0,0,0,0,1,1,6,6,1,77,11,3200,2,11,MITSUBISHI SHOGUN,2,E01007333,0,5
2024361507931,2024,361507931,2,9,0,-1,19,3,7,-1,0,1,1,0,0,0,2,1,-1,9,2,37,7,3200,2,20,MITSUBISHI SHOGUN,6,E01026492,0,3
2024302400946,2024,302400946,3,9,0,4,4,6,2,0,0,1,0,0,0,0,1,1,6,6,2,33,6,3200,2,21,MITSUBISHI SHOGUN,1,E01013591,0,1
2024221450669,2024,221450669,1,9,0,-1,9,5,3,-1,0,6,0,0,0,0,3,9,-1,6,1,22,5,2972,1,26,MITSUBISHI SHOGUN,9,E01032396,0,1
2024501417665,2024,501417665,1,9,0,-1,19,2,6,-1,0,0,0,0,1,4,1,9,-1,6,1,68,10,3200,2,19,MITSUBISHI SHOGUN,2,E01019053,0,3
2024351403778,2024,351403778,3,9,0,-1,19,1,5,-1,0,0,0,0,0,0,3,1,-1,9,2,34,6,2442,2,3,MITSUBISHI SHOGUN,7,E01018053,0,1
2024131453586,2024,131453586,1,9,0,-1,19,1,5,-1,0,1,0,0,0,0,3,1,-1,6,1,-1,-1,3200,2,19,MITSUBISHI SHOGUN,-1,-1,0,-1
2024991462818,2024,991462818,1,9,0,-1,19,4,8,-1,0,0,0,0,1,11,1,1,-1,9,1,86,11,3200,2,9,MITSUBISHI SHOGUN,6,-1,0,1
2024161528207,2024,161528207,1,9,0,-1,19,7,3,-1,0,8,0,0,0,0,1,1,-1,6,2,30,6,3200,2,18,MITSUBISHI SHOGUN,2,E01013315,0,1
2024430101756,2024,430101756,2,9,0,18,19,8,4,0,0,0,0,0,0,0,1,1,6,6,2,30,6,3200,2,17,MITSUBISHI SHOGUN,8,E01016298,0,3
2024552400042,2024,552400042,1,9,0,18,19,7,3,0,0,8,0,0,0,0,1,1,2,2,2,30,6,3200,2,7,MITSUBISHI SHOGUN,6,E01033283,0,1
2024010501980,2024,010501980,1,4,0,18,19,5,1,0,0,1,0,0,0,0,4,1,3,7,2,41,7,249,1,4,-1,4,E01003214,0,1
202454A426024,2024,54A426024,1,9,0,18,19,7,2,0,0,0,0,0,0,0,1,1,6,6,1,45,7,3799,1,7,-1,10,E01015499,0,2
2024371520131,2024,371520131,1,9,0,-1,19,1,5,-1,9,0,0,0,7,4,1,1,-1,9,1,18,4,3799,1,15,-1,9,E01033450,0,1
2024332400185,2024,332400185,1,9,0,-1,19,5,1,-1,0,0,0,0,0,0,3,1,-1,1,1,38,7,3799,1,14,-1,9,E01025974,0,1
2024991403524,2024,991403524,2,9,0,-1,4,7,4,-1,0,1,0,0,0,0,2,1,-1,6,1,47,8,3799,1,8,-1,9,-1,0,1
2024401419420,2024,401419420,1,9,0,-1,2,7,3,-1,0,0,0,0,0,0,2,1,-1,6,1,25,5,3799,1,10,-1,6,E01016745,0,3
2024421512014,2024,421512014,4,9,0,-1,19,5,1,-1,0,0,0,0,0,0,2,1,-1,6,1,47,8,-1,3,0,-1,10,E01023468,0,3
2024421421991,2024,421421991,1,9,0,-1,5,1,5,-1,0,5,0,0,0,0,1,1,-1,6,2,42,7,-1,3,0,-1,5,E01033139,0,1
2024010527052,2024,010527052,1,9,0,4,4,1,5,0,0,3,0,0,0,0,1,1,6,6,2,51,8,-1,3,0,-1,9,E01002376,0,1
2024041425919,2024,041425919,2,9,0,-1,19,7,3,-1,0,0,0,0,0,0,4,1,-1,9,1,65,9,1587,1,23,-1,8,E01025453,0,1
2024031509153,2024,031509153,1,9,0,-1,19,5,1,-1,0,0,2,0,7,0,1,1,-1,6,1,32,6,1761,1,23,-1,1,E01019139,0,4
2024461505960,2024,461505960,2,9,0,-1,7,3,7,-1,0,1,0,0,0,0,2,2,-1,6,2,49,8,1587,1,25,-1,4,E01024566,0,2
2024131524726,2024,131524726,2,9,0,-1,19,3,7,-1,0,0,0,0,0,0,2,1,-1,6,1,19,4,1905,2,27,-1,6,E01025723,0,5
2024461485403,2024,461485403,1,9,0,-1,19,1,5,-1,0,0,0,0,1,2,1,1,-1,2,1,47,8,1761,1,24,-1,6,E01024466,0,3
2024991419133,2024,991419133,1,9,0,-1,19,3,7,-1,0,0,1,0,1,11,1,1,-1,6,1,18,4,1997,2,23,-1,6,-1,0,1
2024351473292,2024,351473292,1,9,0,-1,19,-1,-1,-1,0,0,0,0,0,0,1,9,-1,6,2,42,7,1905,2,27,-1,7,E01018056,0,3
2024401467903,2024,401467903,2,9,0,-1,19,7,3,-1,0,8,0,0,0,0,3,1,-1,6,1,82,11,1360,1,25,-1,3,E01015781,0,1
2024201527017,2024,201527017,1,9,0,-1,12,4,1,-1,0,0,0,0,0,0,3,1,-1,6,1,-1,-1,1360,1,25,-1,-1,-1,0,-1
2024552401475,2024,552401475,1,9,0,7,7,6,8,4,4,6,0,0,0,0,4,1,6,6,2,37,7,1997,2,6,-1,3,E01015442,0,1
2024201484584,2024,201484584,1,9,0,-1,7,4,6,-1,0,1,0,0,0,0,1,9,-1,9,2,36,7,2000,2,3,-1,1,E01010532,0,1
2024411513111,2024,411513111,1,9,0,-1,-1,-1,-1,-1,-1,-1,-1,-1,-1,0,3,9,-1,6,1,54,8,-1,3,0,-1,4,E01000961,0,3
2024451534672,2024,451534672,3,9,0,-1,19,2,6,-1,0,0,0,0,0,0,2,1,-1,1,1,46,8,1997,2,5,-1,6,E01030767,0,1
2024361496939,2024,361496939,2,9,0,-1,19,-1,-1,-1,0,0,0,0,0,0,3,1,-1,9,2,37,7,2000,2,3,-1,6,E01014089,0,5
2024501483054,2024,501483054,1,9,0,-1,9,8,5,-1,0,6,0,0,0,0,3,1,-1,9,1,40,7,1997,2,6,-1,3,E01019070,0,4
2024991479937,2024,991479937,1,9,0,-1,13,1,5,-1,0,0,0,11,0,0,1,1,-1,6,1,62,9,2000,2,6,-1,4,-1,0,4
2024010511664,2024,010511664,1,9,0,18,19,5,1,0,0,0,0,0,0,0,1,1,1,1,2,54,8,2000,2,6,-1,4,E01001391,0,1
2024451503500,2024,451503500,1,9,0,-1,19,1,5,-1,0,0,0,0,0,0,1,1,-1,1,1,58,9,1560,2,6,-1,5,E01030995,0,3
2024031496114,2024,031496114,2,4,0,-1,19,6,2,-1,0,0,1,0,7,0,1,1,-1,9,2,36,7,452,1,0,-1,8,E01019279,0,2
2024471497230,2024,471497230,2,4,0,-1,5,1,6,-1,0,8,0,0,0,0,2,1,-1,9,1,65,9,452,1,0,-1,7,E01021173,0,3
2024481570140,2024,481570140,1,5,0,-1,19,7,3,-1,0,1,0,0,0,0,2,1,-1,2,1,51,8,600,1,24,-1,-1,-1,0,-1
2024010535343,2024,010535343,1,9,0,99,99,9,9,99,99,9,9,99,9,99,2,9,6,6,1,32,6,1797,1,8,-1,9,E01000303,0,1
2024041408635,2024,041408635,2,9,0,-1,19,5,1,-1,0,0,0,0,0,0,1,1,-1,1,1,32,6,1797,8,6,-1,1,E01012738,0,1
2024061451389,2024,061451389,1,9,0,-1,19,3,7,-1,9,1,0,11,3,0,1,1,-1,2,1,34,6,1798,8,7,-1,2,E01005027,0,1
2024131443390,2024,131443390,1,8,0,-1,19,3,7,-1,0,0,0,0,0,0,3,1,-1,9,1,41,7,1797,8,7,-1,1,E01011423,0,1
2024631444982,2024,631444982,2,5,0,-1,19,5,1,-1,0,8,1,0,0,0,1,1,-1,9,1,57,9,2458,1,4,TRIUMPH ROCKET,10,W01001771,0,4
2024549374724,2024,549374724,1,5,0,18,19,1,5,0,0,1,0,0,0,0,1,1,6,6,1,62,9,2294,1,20,TRIUMPH ROCKET,10,E01015471,0,2
2024522401984,2024,522401984,1,4,0,18,19,2,6,0,0,0,0,0,0,0,0,1,6,6,1,41,7,2294,1,20,TRIUMPH ROCKET,2,E01014610,0,4
2024122500444,2024,122500444,2,5,0,10,10,5,3,0,0,8,0,0,0,0,4,1,6,6,1,48,8,2294,1,11,TRIUMPH ROCKET,9,E01027792,0,4
2024991478022,2024,991478022,1,5,0,-1,19,7,3,-1,0,0,1,0,0,0,1,1,-1,9,1,43,7,2294,1,12,TRIUMPH ROCKET,10,-1,0,2
2024332400769,2024,332400769,1,5,0,-1,19,7,3,-1,0,2,0,0,0,0,4,1,-1,9,1,53,8,2294,1,14,TRIUMPH ROCKET,9,E01025617,0,2
2024201438335,2024,201438335,1,5,0,-1,19,8,4,-1,0,8,0,0,0,0,1,1,-1,6,1,71,10,2294,1,16,TRIUMPH ROCKET,2,E01009317,0,3
2024461456934,2024,461456934,2,5,0,-1,19,3,7,-1,0,0,0,0,0,0,1,1,-1,9,1,47,8,2458,1,0,TRIUMPH ROCKET,3,E01016154,0,4
2024320098635,2024,320098635,1,5,0,-1,-1,4,8,0,0,0,2,0,0,0,3,1,-1,-1,1,57,9,2458,1,4,TRIUMPH ROCKET,3,E01026311,0,4
2024211530052,2024,211530052,1,5,0,-1,19,3,7,-1,0,0,0,0,0,0,1,1,-1,6,1,46,8,2294,1,17,TRIUMPH ROCKET,2,E01029450,0,1
2024320261026,2024,320261026,1,5,0,13,13,8,4,0,0,0,0,0,0,0,3,1,-1,-1,1,58,9,2458,1,4,TRIUMPH ROCKET,6,E01013023,0,4
2024231462582,2024,231462582,2,5,0,-1,19,5,1,-1,0,8,0,0,0,0,3,1,-1,6,1,54,8,2458,1,2,TRIUMPH ROCKET,7,E01033255,0,3
2024461462092,2024,461462092,2,3,0,-1,19,6,2,-1,0,0,0,0,0,0,1,1,-1,6,1,57,9,2294,1,8,TRIUMPH ROCKET,5,E01030030,0,4
2024501432423,2024,501432423,1,5,0,-1,19,1,5,-1,0,0,2,0,0,0,1,1,-1,9,1,43,7,2294,1,20,TRIUMPH ROCKET,7,E01015253,0,1
2024421424215,2024,421424215,1,3,0,-1,19,7,3,-1,0,0,0,0,0,0,1,1,-1,9,1,25,5,-1,-1,-1,-1,1,E01015842,0,2
2024141522954,2024,141522954,1,3,0,-1,19,6,2,-1,9,2,0,0,7,0,3,1,-1,9,1,34,6,125,1,0,-1,1,E01007791,0,3
2024610026724,2024,610026724,2,3,0,18,19,3,7,0,0,8,0,0,0,0,1,1,6,6,1,18,4,125,1,2,-1,2,W01001485,0,1
2024221479681,2024,221479681,1,3,0,-1,13,6,2,-1,0,8,0,0,0,0,4,1,-1,2,1,18,4,125,1,1,-1,2,E01032240,0,1
2024451451061,2024,451451061,2,3,0,-1,13,7,3,-1,0,2,2,10,0,0,0,1,-1,2,1,23,5,125,1,1,-1,10,E01016237,0,3
2024211450564,2024,211450564,1,4,0,-1,19,7,3,-1,0,3,0,0,0,0,1,1,-1,2,1,55,8,125,1,2,-1,-1,-1,0,-1
2024201534703,2024,201534703,2,3,0,-1,19,8,4,-1,0,0,0,0,0,0,0,1,-1,6,1,23,5,125,1,8,-1,4,E01009145,0,1
2024302400794,2024,302400794,2,4,0,18,19,7,3,0,0,8,0,0,0,0,3,1,6,6,3,26,6,125,1,0,-1,2,E01019565,0,2
2024010529672,2024,010529672,1,4,0,99,99,9,9,99,99,9,9,99,9,99,9,1,6,6,1,20,4,313,1,1,BMW G 310,4,E01001635,0,3
2024061500758,2024,061500758,1,4,0,-1,19,1,5,-1,0,2,0,0,0,0,4,1,-1,6,1,39,7,313,1,6,BMW G 310,6,E01004910,0,1
2024010519187,2024,010519187,1,3,9,99,99,9,9,99,99,0,9,99,9,99,1,1,1,1,1,27,6,313,1,2,BMW G 310,5,E01000494,0,2
2024061487425,2024,061487425,1,4,0,-1,19,5,1,-1,0,1,0,0,0,0,1,1,-1,6,1,16,4,313,1,1,BMW G 310,1,E01006327,0,1
2024302401611,2024,302401611,2,4,0,18,19,7,4,0,0,8,0,0,0,0,1,1,2,2,1,38,7,313,1,4,BMW G 310,5,E01027989,0,4
2024122400215,2024,122400215,2,4,0,18,19,5,1,0,0,8,0,0,0,0,1,1,2,2,1,21,5,313,1,4,BMW G 310,9,E01027632,0,2
2024471412982,2024,471412982,1,4,0,-1,19,1,5,-1,0,0,0,0,0,0,1,1,-1,6,1,21,5,313,1,2,BMW G 310,7,E01016970,0,1
2024501459928,2024,501459928,2,4,0,-1,19,7,3,-1,0,1,0,0,0,0,1,1,-1,9,1,20,4,313,1,1,BMW G 310,3,E01014572,0,5
2024440387693,2024,440387693,1,4,0,13,13,5,8,0,0,0,0,0,0,0,1,1,2,2,1,56,9,313,1,6,BMW G 310,4,E01017305,0,2
2024010540109,2024,010540109,1,4,0,18,19,1,5,0,0,1,0,0,0,0,1,1,1,1,1,35,6,313,1,4,BMW G 310,10,E01004640,0,2
2024361439050,2024,361439050,2,4,0,-1,19,5,1,-1,0,1,0,0,7,0,1,1,-1,9,1,21,5,313,1,2,BMW G 310,9,E01026839,0,4
2024461467656,2024,461467656,1,4,0,-1,9,7,5,-1,0,6,0,0,3,4,1,1,-1,9,1,22,5,313,1,7,BMW G 310,7,E01032620,0,2
2024041431048,2024,041431048,1,4,0,-1,19,2,4,-1,0,0,2,10,0,0,4,1,-1,9,1,20,4,313,1,2,BMW G 310,1,E01012641,0,1
2024430449831,2024,430449831,1,17,4,9,9,4,2,0,0,6,0,0,0,0,3,1,1,1,2,20,4,8710,2,0,-1,-1,-1,0,-1
2024461483667,2024,461483667,2,5,0,-1,19,1,4,-1,0,1,0,0,0,0,1,1,-1,6,1,70,10,644,1,20,-1,3,E01024777,0,4
2024141459189,2024,141459189,1,9,0,-1,19,8,4,-1,0,0,0,4,0,0,1,1,-1,6,1,32,6,999,1,0,DACIA JOGGER,1,E01007668,0,1
2024211501225,2024,211501225,2,9,0,-1,19,4,8,-1,0,0,0,0,0,0,3,9,-1,6,2,43,7,999,1,0,DACIA JOGGER,1,E01014261,0,2
2024461470224,2024,461470224,1,9,0,-1,19,5,8,-1,0,0,0,0,0,0,1,1,-1,6,1,63,9,1598,8,0,DACIA JOGGER,2,E01024305,0,4
2024041477553,2024,041477553,1,9,0,-1,19,3,7,-1,0,2,0,0,7,0,2,1,-1,9,1,36,7,999,1,0,DACIA JOGGER,4,E01025216,0,1
2024451536341,2024,451536341,2,9,0,-1,2,5,1,-1,0,2,0,0,0,0,1,1,-1,9,1,56,9,1598,8,0,DACIA JOGGER,8,E01030718,0,2
2024332400022,2024,332400022,1,9,0,-1,19,5,1,-1,0,0,0,0,0,0,1,1,-1,9,1,32,6,999,1,2,DACIA JOGGER,2,E01013634,0,1
2024610042724,2024,610042724,1,9,0,18,19,7,3,0,0,0,0,0,1,0,1,1,6,6,1,33,6,1598,8,0,DACIA JOGGER,1,W01001962,0,4
2024501510907,2024,501510907,2,9,0,-1,4,6,2,-1,0,0,0,0,0,0,1,1,-1,6,1,42,7,1598,8,0,DACIA JOGGER,4,E01020291,0,3
2024451518415,2024,451518415,3,9,0,-1,19,1,5,-1,0,0,0,0,0,0,3,1,-1,2,1,64,9,999,1,1,DACIA JOGGER,5,E01031595,0,4
2024070604055,2024,070604055,1,9,0,4,4,7,3,0,0,1,0,0,0,0,4,1,6,6,1,60,9,999,1,0,DACIA JOGGER,10,E01018475,0,1
2024010502213,2024,010502213,3,9,0,5,5,5,1,0,0,4,0,0,0,0,1,1,6,6,1,63,9,1598,8,0,DACIA JOGGER,-1,-1,0,-1
2024421414406,2024,421414406,2,9,0,-1,3,5,7,-1,0,1,0,0,0,0,2,1,-1,9,2,40,7,999,1,2,DACIA JOGGER,4,E01022011,0,1
2024101428598,2024,101428598,1,9,-1,-1,19,6,2,-1,0,0,0,0,0,0,1,9,-1,6,1,28,6,999,1,0,DACIA JOGGER,4,E01033718,0,1
2024201508164,2024,201508164,2,9,0,-1,3,7,3,-1,0,0,0,0,0,0,1,9,-1,6,1,41,7,1598,8,0,DACIA JOGGER,2,E01010057,0,1
2024340NN2042,2024,340NN2042,1,9,0,-1,19,3,1,-1,0,4,0,0,0,0,3,1,-1,9,2,40,7,999,1,2,DACIA JOGGER,3,E01027104,0,1
2024052402091,2024,052402091,1,9,0,1,1,8,4,0,0,0,0,0,0,0,2,1,6,6,3,-1,-1,1598,8,0,DACIA JOGGER,-1,-1,0,-1
2024545421524,2024,545421524,1,9,0,5,5,0,6,0,0,6,0,0,0,0,1,1,6,6,3,-1,-1,999,1,1,DACIA JOGGER,-1,-1,0,-1
2024440261955,2024,440261955,1,9,0,18,19,7,3,0,0,0,0,0,0,0,1,1,6,6,1,34,6,999,1,0,DACIA JOGGER,6,E01023237,0,3
2024311460647,2024,311460647,1,9,0,-1,9,3,4,-1,0,8,0,0,7,0,4,1,-1,1,1,41,7,999,1,0,DACIA JOGGER,5,E01028342,0,1
2024101512112,2024,101512112,1,9,0,-1,19,7,3,-1,0,0,0,0,0,0,1,9,-1,6,1,40,7,999,1,0,DACIA JOGGER,-1,-1,0,-1
2024101497696,2024,101497696,2,9,0,-1,19,1,5,-1,0,0,0,0,0,0,4,1,-1,9,2,31,6,1598,8,0,DACIA JOGGER,1,E01008817,0,1
2024101518179,2024,101518179,2,9,0,-1,2,0,0,-1,0,0,0,0,0,0,0,1,-1,9,2,50,8,1598,8,0,DACIA JOGGER,-1,-1,0,-1
2024201522074,2024,201522074,1,9,0,-1,19,1,3,-1,0,0,0,0,0,0,1,9,-1,6,3,-1,-1,999,1,1,DACIA JOGGER,-1,-1,0,-1
2024991440015,2024,991440015,1,9,0,-1,5,2,6,-1,0,1,0,0,0,0,3,1,-1,6,1,44,7,1598,8,0,DACIA JOGGER,6,-1,0,1
2024010521425,2024,010521425,2,9,0,7,7,3,5,0,0,1,0,0,0,0,3,1,6,6,2,45,7,999,1,1,DACIA JOGGER,2,E01003253,0,1
2024440343716,2024,440343716,1,9,0,4,4,6,2,0,0,0,0,0,0,0,2,1,6,6,2,28,6,999,1,2,DACIA JOGGER,8,E01022633,0,3
2024320656558,2024,320656558,2,9,0,-1,-1,8,4,0,0,0,0,0,0,0,1,1,-1,-1,2,61,9,999,1,2,DACIA JOGGER,2,E01026084,0,4
2024221468222,2024,221468222,2,9,0,-1,10,7,5,-1,0,1,0,0,0,0,2,9,-1,6,1,61,9,999,1,0,DACIA JOGGER,4,E01014068,0,1
202417L204424,2024,17L204424,1,9,0,-1,19,2,6,-1,0,8,0,0,0,0,2,1,-1,9,2,60,9,999,1,1,DACIA JOGGER,9,E01012066,0,2
2024351540952,2024,351540952,1,9,0,-1,19,7,3,-1,0,2,0,0,0,0,1,1,-1,6,1,69,10,1598,8,0,DACIA JOGGER,5,E01018059,0,3
2024501526819,2024,501526819,1,9,0,-1,19,3,7,-1,0,2,0,0,0,0,4,1,-1,6,2,52,8,1598,8,0,DACIA JOGGER,7,E01020132,0,1
2024351471549,2024,351471549,1,9,0,-1,5,3,7,-1,0,0,0,0,0,0,1,1,-1,9,1,31,6,1598,8,0,DACIA JOGGER,2,E01015604,0,1
2024991520437,2024,991520437,2,9,0,-1,19,8,5,-1,0,0,0,0,0,0,1,1,-1,9,2,52,8,999,1,2,DACIA JOGGER,-1,-1,0,-1
2024440393138,2024,440393138,1,9,0,18,19,6,2,0,0,0,0,0,0,0,3,1,3,7,1,42,7,1598,8,0,DACIA JOGGER,4,E01023088,0,2
2024010542856,2024,010542856,1,9,0,18,19,3,7,0,0,1,0,0,0,0,1,1,6,6,1,44,7,1598,8,0,DACIA JOGGER,4,E01003688,0,2
2024401548086,2024,401548086,1,9,0,-1,4,1,5,-1,0,0,0,0,0,0,2,1,-1,6,1,35,6,1598,8,1,DACIA JOGGER,5,E01017412,0,2
2024041488313,2024,041488313,1,9,0,-1,9,3,7,-1,0,8,0,0,0,0,1,1,-1,9,2,40,7,999,1,0,DACIA JOGGER,2,E01025481,0,1
2024201485143,2024,201485143,1,9,0,-1,19,6,2,-1,0,1,0,0,0,0,3,1,-1,9,1,60,9,1598,8,0,DACIA JOGGER,2,E01010309,0,1
2024122500180,2024,122500180,1,9,0,18,19,5,1,0,0,3,0,0,1,2,1,1,6,6,2,39,7,1598,8,0,DACIA JOGGER,4,E01034983,0,1
2024461501851,2024,461501851,1,9,0,-1,19,5,1,-1,0,1,0,0,0,0,2,1,-1,9,1,35,6,999,1,1,DACIA JOGGER,4,E01024586,0,1