collision_index,collision_year,collision_ref_no,vehicle_reference,vehicle_type,towing_and_articulation,vehicle_manoeuvre_historic,vehicle_manoeuvre,vehicle_direction_from,vehicle_direction_to,vehicle_location_restricted_lane_historic,vehicle_location_restricted_lane,junction_location,skidding_and_overturning,hit_object_in_carriageway,vehicle_leaving_carriageway,hit_object_off_carriageway,first_point_of_impact,vehicle_left_hand_drive,journey_purpose_of_driver_historic,journey_purpose_of_driver,sex_of_driver,age_of_driver,age_band_of_driver,engine_capacity_cc,propulsion_code,age_of_vehicle,generic_make_model,driver_imd_decile,lsoa_of_driver,escooter_flag,driver_distance_banding
2024461439882,2024,461439882,1,9,0,-1,9,1,4,-1,0,0,0,0,0,0,3,2,-1,7,1,66,10,999,1,0,DACIA JOGGER,5,E01024039,0,2
2024991497288,2024,991497288,1,9,0,-1,9,7,4,-1,0,5,0,0,0,0,1,1,-1,9,1,42,7,1598,8,0,DACIA JOGGER,2,-1,0,4
2024501534880,2024,501534880,2,9,0,-1,19,1,5,-1,0,8,0,0,0,0,3,1,-1,9,2,25,5,999,1,0,DACIA JOGGER,1,E01015045,0,3
2024131486021,2024,131486021,1,9,0,-1,12,1,5,-1,0,0,0,0,0,0,1,1,-1,9,2,74,10,1598,8,0,DACIA JOGGER,1,E01007318,0,4
2024010551314,2024,010551314,3,9,0,5,5,1,5,0,0,0,0,0,0,0,2,1,6,6,1,25,5,999,1,0,DACIA JOGGER,6,E01035493,0,3
2024461525795,2024,461525795,2,9,0,-1,9,4,8,-1,0,8,0,0,0,0,3,1,-1,9,1,35,6,999,1,1,DACIA JOGGER,8,E01024816,0,3
202417M307324,2024,17M307324,2,9,0,-1,3,1,5,-1,0,1,0,0,0,0,2,1,-1,9,1,29,6,999,1,1,DACIA JOGGER,4,E01035194,0,1
2024211515461,2024,211515461,1,9,0,-1,19,1,5,-1,0,0,0,0,2,11,1,1,-1,9,1,32,6,999,1,0,DACIA JOGGER,2,E01010268,0,3
2024622400053,2024,622400053,2,9,0,3,3,4,8,0,0,1,0,0,0,0,2,1,6,6,1,34,6,999,1,1,DACIA JOGGER,3,W01001140,0,1
2024991406617,2024,991406617,2,9,0,-1,2,0,0,-1,0,2,0,0,0,0,2,1,-1,6,3,-1,-1,999,1,1,DACIA JOGGER,-1,-1,0,-1
2024010535905,2024,010535905,3,9,0,3,3,6,2,0,0,1,0,0,0,0,2,1,2,2,1,44,7,999,1,2,DACIA JOGGER,4,E01023337,0,3
2024070565983,2024,070565983,2,9,0,18,19,8,4,0,0,2,0,0,0,0,1,1,3,7,1,39,7,1598,8,0,DACIA JOGGER,8,E01018592,0,1
2024101522063,2024,101522063,2,9,0,-1,3,2,4,-1,0,1,0,0,0,0,2,9,-1,1,1,39,7,1598,8,0,DACIA JOGGER,6,E01027532,0,4
2024461493208,2024,461493208,1,9,0,-1,19,2,6,-1,0,0,0,0,0,0,3,1,-1,2,1,61,9,1598,8,0,DACIA JOGGER,2,E01024476,0,1
202454A353324,2024,54A353324,1,9,0,18,19,7,3,0,0,2,0,0,0,0,1,1,1,1,1,34,6,999,1,0,DACIA JOGGER,7,E01032024,0,1
2024201503311,2024,201503311,1,9,0,-1,19,8,4,-1,0,4,0,0,0,0,9,9,-1,6,2,52,8,999,1,0,DACIA JOGGER,3,E01032536,0,1
2024131519596,2024,131519596,1,9,0,-1,19,5,1,-1,0,0,0,0,0,0,1,2,-1,9,2,68,10,999,1,0,DACIA JOGGER,2,E01011298,0,1
2024351544354,2024,351544354,1,9,0,-1,19,3,7,-1,0,0,0,0,0,0,1,1,-1,6,2,28,6,1598,8,0,DACIA JOGGER,2,E01035538,0,1
2024010533471,2024,010533471,2,5,0,18,19,1,5,0,0,8,0,0,0,0,1,1,6,6,1,41,7,1198,1,8,-1,1,E01021271,0,4
2024471477893,2024,471477893,2,5,0,-1,13,1,5,-1,0,1,0,0,0,0,1,1,-1,9,1,62,9,1198,1,9,-1,4,E01031434,0,1
2024991479444,2024,991479444,1,5,0,-1,13,3,7,-1,0,0,2,0,7,11,1,1,-1,9,1,61,9,1198,1,11,-1,5,-1,0,3
2024552400559,2024,552400559,1,5,0,7,7,7,8,0,0,6,0,0,0,0,1,1,6,6,1,39,7,1198,1,10,-1,2,E01015280,0,4
2024010535469,2024,010535469,1,5,0,99,99,9,9,99,99,9,9,99,9,99,2,1,2,2,1,51,8,1198,1,4,-1,8,E01031633,0,4
2024101459013,2024,101459013,1,5,0,-1,19,5,1,-1,0,0,0,0,0,0,1,1,-1,9,1,31,6,1198,1,10,-1,3,E01008592,0,2
2024440380906,2024,440380906,1,5,0,18,19,8,4,0,0,0,0,0,0,0,3,1,6,6,1,41,7,1198,1,12,-1,5,E01022666,0,1
2024531427278,2024,531427278,1,9,0,-1,19,1,5,-1,0,8,2,0,0,0,1,1,-1,9,1,55,8,4497,1,11,-1,10,E01022208,0,2
2024501426869,2024,501426869,1,9,0,-1,19,5,1,-1,0,0,5,0,7,10,1,1,-1,9,1,58,9,4497,1,12,-1,6,E01019903,0,2
2024161524766,2024,161524766,1,9,0,-1,5,5,3,-1,0,1,0,0,0,0,3,1,-1,1,1,37,7,1368,1,16,FIAT BRAVO,2,E01035482,0,1
2024451444935,2024,451444935,1,9,0,-1,19,1,5,-1,9,8,0,0,7,7,1,1,-1,9,1,19,4,1368,1,16,FIAT BRAVO,9,E01030635,0,2
2024061524112,2024,061524112,2,9,0,-1,9,2,8,-1,0,6,0,0,0,0,3,1,-1,6,2,42,7,1368,1,15,FIAT BRAVO,1,E01005703,0,1
2024340WN9102,2024,340WN9102,1,9,0,-1,13,5,1,-1,0,0,0,0,7,0,1,1,-1,6,1,62,9,1998,1,23,FIAT BRAVO,4,E01027007,0,3
2024010543730,2024,010543730,2,9,0,99,99,9,9,99,99,9,9,99,9,99,9,9,6,6,1,29,6,1368,1,16,FIAT BRAVO,7,E01017578,0,4
2024221517383,2024,221517383,1,9,0,-1,19,2,7,-1,0,0,1,11,7,10,1,9,-1,9,1,23,5,1368,1,16,FIAT BRAVO,5,E01032281,0,2
2024131474606,2024,131474606,2,9,0,-1,19,7,3,-1,0,0,0,0,0,0,2,1,-1,9,1,39,7,1368,1,15,FIAT BRAVO,1,E01011625,0,1
2024201531339,2024,201531339,2,9,0,-1,19,3,7,-1,0,8,1,0,4,1,3,2,-1,2,2,56,9,1368,1,15,FIAT BRAVO,1,E01009134,0,1
2024340NN2172,2024,340NN2172,1,9,0,-1,19,7,3,-1,0,2,0,0,0,0,1,1,-1,6,3,-1,-1,1956,2,13,FIAT BRAVO,-1,-1,0,-1
2024111454640,2024,111454640,1,9,0,-1,19,7,3,-1,0,0,0,0,0,0,1,1,-1,6,1,30,6,1368,1,17,FIAT BRAVO,2,E01020860,0,3
2024161448170,2024,161448170,1,9,0,-1,19,1,5,-1,0,0,0,0,0,0,1,1,-1,9,1,35,6,1368,1,14,FIAT BRAVO,1,E01012888,0,1
2024440217358,2024,440217358,1,9,0,18,19,6,2,0,0,1,0,4,0,0,1,1,6,6,1,28,6,1910,2,16,FIAT BRAVO,1,E01022917,0,3
2024622500024,2024,622500024,1,9,0,18,19,8,4,0,0,0,0,4,7,11,2,1,6,6,1,66,10,1598,2,15,FIAT BRAVO,2,W01001141,0,4
2024311509269,2024,311509269,2,9,0,-1,19,7,2,-1,0,4,0,0,0,0,3,1,-1,9,1,21,5,1368,1,14,FIAT BRAVO,-1,-1,0,-1
2024311520399,2024,311520399,1,9,0,-1,19,3,7,-1,0,0,0,0,0,0,1,1,-1,6,1,33,6,1956,2,13,FIAT BRAVO,7,E01025745,0,3
2024531429821,2024,531429821,1,9,0,-1,19,2,6,-1,0,0,2,0,7,11,3,1,-1,6,1,24,5,1368,1,16,FIAT BRAVO,10,E01031214,0,3
2024320691826,2024,320691826,1,9,0,-1,-1,8,4,0,0,1,0,0,0,0,1,1,-1,-1,2,53,8,1368,1,16,FIAT BRAVO,-1,-1,0,-1
2024201474237,2024,201474237,1,9,0,-1,9,6,5,-1,0,6,0,0,0,0,1,1,-1,6,1,22,5,1368,1,14,FIAT BRAVO,4,E01010566,0,1
2024440004157,2024,440004157,1,9,0,18,19,2,6,0,0,0,2,0,1,11,1,1,6,6,3,-1,-1,1910,2,17,FIAT BRAVO,-1,-1,0,-1
2024101425231,2024,101425231,1,9,0,-1,19,3,7,-1,0,2,0,0,0,0,3,1,-1,1,2,56,9,1368,1,15,FIAT BRAVO,7,E01008188,0,1
2024631421190,2024,631421190,2,9,0,-1,19,4,8,-1,0,8,0,0,0,0,1,1,-1,7,2,25,5,1598,2,15,FIAT BRAVO,6,W01000725,0,1
2024991497379,2024,991497379,1,5,0,-1,13,3,8,-1,0,0,0,0,0,0,4,1,-1,6,1,44,7,1745,1,6,-1,-1,-1,0,-1
2024010545882,2024,010545882,2,5,0,18,19,7,3,0,0,1,0,0,0,0,1,1,6,6,1,35,6,1340,1,37,-1,-1,-1,0,-1
2024522500404,2024,522500404,1,4,0,18,19,5,1,0,0,1,0,0,0,0,1,1,6,6,1,27,6,124,1,4,-1,1,E01014833,0,1
2024010504212,2024,010504212,2,3,0,3,3,3,7,0,0,1,0,0,0,0,2,1,1,1,1,42,7,125,1,0,HONDA FSH125,5,E01000607,0,1
2024522401855,2024,522401855,1,3,0,17,19,2,7,0,0,8,0,0,0,0,1,1,6,6,1,30,6,125,1,3,HONDA FSH125,6,E01014865,0,2
2024411463025,2024,411463025,2,3,-1,-1,-1,-1,-1,-1,-1,-1,-1,-1,-1,0,-1,1,-1,2,1,-1,-1,125,1,2,HONDA FSH125,4,E01000633,0,3
2024201490973,2024,201490973,2,2,0,-1,19,5,1,-1,0,6,0,0,0,0,1,1,-1,1,1,23,5,125,1,1,HONDA FSH125,3,E01009242,0,1
2024522401461,2024,522401461,1,3,0,18,19,5,2,0,0,8,0,0,0,0,1,1,6,6,1,30,6,125,1,3,HONDA FSH125,6,E01014865,0,2
2024471525736,2024,471525736,1,3,0,-1,19,3,7,-1,0,0,0,0,0,0,1,1,-1,2,2,22,5,125,1,2,HONDA FSH125,4,E01031576,0,1
2024010541956,2024,010541956,1,3,0,99,99,9,9,99,99,1,9,99,9,99,9,1,1,1,1,35,6,125,1,1,HONDA FSH125,3,E01003522,0,2
2024471535608,2024,471535608,2,3,0,-1,19,1,5,-1,0,1,0,0,0,0,4,1,-1,9,1,65,9,125,1,0,HONDA FSH125,1,E01021005,0,1
2024010533261,2024,010533261,1,3,0,99,99,9,9,99,99,9,9,99,9,99,9,1,6,6,1,36,7,125,1,2,HONDA FSH125,6,E01002371,0,3
2024430602201,2024,430602201,2,4,0,10,10,7,5,0,0,5,0,0,0,0,1,1,6,6,2,28,6,125,1,1,HONDA FSH125,-1,-1,0,-1
2024010536500,2024,010536500,1,3,0,7,7,8,4,9,9,5,0,0,7,0,1,1,3,7,1,21,5,125,1,3,HONDA FSH125,3,E01002503,0,1
2024010520237,2024,010520237,1,3,0,18,19,5,1,0,0,6,0,0,0,0,4,1,6,6,1,36,7,125,1,2,HONDA FSH125,6,E01000069,0,1
2024010510433,2024,010510433,1,3,0,99,99,9,9,99,99,9,9,99,9,99,9,1,1,1,1,49,8,125,1,1,HONDA FSH125,3,E01001371,0,1
2024101509625,2024,101509625,2,3,0,-1,19,5,1,-1,0,2,0,0,0,0,1,1,-1,1,1,27,6,125,1,0,HONDA FSH125,-1,-1,0,-1
2024010544949,2024,010544949,1,3,0,99,99,9,9,99,99,9,9,99,9,99,9,1,6,6,3,31,6,125,1,2,HONDA FSH125,4,E01000171,0,1
2024010527394,2024,010527394,2,3,0,7,7,5,7,0,0,6,0,0,0,0,0,1,6,6,1,33,6,125,1,3,HONDA FSH125,5,E01001185,0,2
2024421421962,2024,421421962,2,3,0,-1,3,1,5,-1,0,1,0,0,0,0,2,1,-1,6,2,46,8,125,1,3,HONDA FSH125,3,E01016005,0,2
2024221452681,2024,221452681,2,3,0,-1,19,1,5,-1,0,0,0,0,0,0,3,1,-1,6,1,49,8,125,1,3,HONDA FSH125,3,E01032381,0,1
2024010534549,2024,010534549,2,3,0,99,99,9,9,99,99,9,9,99,9,99,9,1,1,1,3,32,6,125,1,2,HONDA FSH125,7,E01002171,0,1
2024010490312,2024,010490312,2,3,0,18,19,1,5,0,0,2,0,0,0,0,2,1,1,1,2,37,7,125,1,1,HONDA FSH125,5,E01002184,0,1
2024010528430,2024,010528430,1,3,9,99,99,9,9,99,99,9,9,99,9,99,9,1,6,6,1,33,6,125,1,0,HONDA FSH125,6,E01000192,0,1
2024010534693,2024,010534693,2,3,0,9,9,5,2,0,0,1,1,0,0,0,3,1,6,6,1,35,6,125,1,2,HONDA FSH125,7,E01000573,0,1
2024010551662,2024,010551662,2,3,0,-1,-1,7,3,0,0,1,0,0,0,0,3,1,1,1,1,28,6,125,1,2,HONDA FSH125,2,E01001181,0,2
2024010548983,2024,010548983,1,3,0,99,99,9,9,99,99,9,9,99,9,99,9,1,6,6,3,29,6,125,1,2,HONDA FSH125,8,E01002199,0,2
2024010508254,2024,010508254,2,3,0,5,5,5,1,2,2,1,0,0,0,0,1,1,1,1,1,24,5,125,1,1,HONDA FSH125,4,E01002593,0,4
2024010536853,2024,010536853,1,3,0,18,19,3,7,0,0,1,0,0,0,0,3,1,1,1,1,25,5,125,1,2,HONDA FSH125,4,E01003626,0,2
2024010529921,2024,010529921,2,3,0,18,19,1,5,0,0,2,1,0,0,0,2,1,6,6,1,51,8,125,1,3,HONDA FSH125,5,E01003718,0,2
2024010508366,2024,010508366,1,3,0,18,19,7,3,0,0,1,1,0,0,0,1,1,1,1,1,24,5,125,1,2,HONDA FSH125,3,E01003571,0,1
2024010537319,2024,010537319,2,3,0,5,5,1,5,0,0,0,0,0,0,0,3,1,1,1,1,36,7,125,1,2,HONDA FSH125,5,E01024048,0,4
2024010551113,2024,010551113,2,3,0,3,3,8,4,0,0,1,0,0,0,0,2,1,1,1,1,32,6,125,1,2,HONDA FSH125,5,E01002169,0,2
2024010551324,2024,010551324,2,3,0,18,19,5,1,0,0,2,0,0,0,0,1,1,6,6,1,34,6,125,1,1,HONDA FSH125,3,E01004528,0,2
2024451520589,2024,451520589,1,3,0,-1,13,3,7,-1,0,8,0,0,0,0,1,1,-1,1,1,41,7,125,1,0,HONDA FSH125,9,E01030646,0,1
2024010512154,2024,010512154,2,3,0,5,5,7,3,9,9,1,0,0,0,0,1,1,2,2,1,25,5,125,1,3,HONDA FSH125,2,E01003324,0,1
2024010525868,2024,010525868,2,3,0,99,99,9,9,99,99,9,9,99,9,99,9,1,6,6,3,-1,-1,125,1,1,HONDA FSH125,-1,-1,0,-1
2024461516993,2024,461516993,1,2,0,-1,19,1,5,-1,0,8,0,0,0,0,3,1,-1,1,1,32,6,125,1,1,HONDA FSH125,-1,-1,0,-1
2024010543834,2024,010543834,3,3,0,18,19,7,3,0,0,1,0,0,0,0,1,1,1,1,2,46,8,125,1,0,HONDA FSH125,5,E01001512,0,1
2024010516343,2024,010516343,1,3,0,4,4,7,3,0,0,3,0,0,0,0,2,1,1,1,1,22,5,125,1,0,HONDA FSH125,4,E01003534,0,1
2024010544922,2024,010544922,1,3,0,99,99,9,9,99,99,0,9,99,9,99,9,1,2,2,3,22,5,125,1,0,HONDA FSH125,3,E01004184,0,1
2024010502041,2024,010502041,1,3,0,99,99,9,9,99,99,9,9,99,9,99,2,1,6,6,1,26,6,125,1,1,HONDA FSH125,8,E01002132,0,3
2024010540968,2024,010540968,1,3,0,99,99,9,9,99,99,9,9,99,9,99,1,1,6,6,1,22,5,125,1,0,HONDA FSH125,3,E01004184,0,1
2024010530952,2024,010530952,1,3,0,7,7,5,7,0,0,6,1,0,0,0,4,1,2,2,1,29,6,125,1,1,HONDA FSH125,6,E01002659,0,2
2024010499610,2024,010499610,3,4,0,3,3,3,7,0,0,2,2,0,0,0,2,1,6,6,1,32,6,125,1,2,HONDA FSH125,5,E01000624,0,1
2024010512270,2024,010512270,1,3,0,16,19,1,5,0,0,1,0,0,0,0,1,1,6,6,1,28,6,125,1,1,HONDA FSH125,3,E01003627,0,1
2024010550925,2024,010550925,1,3,0,18,19,6,2,0,0,4,0,0,0,0,4,1,6,6,2,30,6,125,1,1,HONDA FSH125,8,E01000540,0,1
2024440253361,2024,440253361,1,3,0,13,13,8,4,0,0,1,0,0,0,0,1,1,6,6,1,28,6,125,1,3,HONDA FSH125,2,E01017156,0,4
2024010538396,2024,010538396,1,3,0,18,19,7,3,0,0,1,0,0,1,0,0,1,2,2,1,31,6,125,1,1,HONDA FSH125,5,E01002565,0,1
2024451396117,2024,451396117,1,3,0,-1,19,1,3,-1,0,1,0,0,0,0,0,1,-1,6,1,28,6,125,1,3,HONDA FSH125,5,E01016577,0,3
2024010525711,2024,010525711,1,3,0,3,3,9,9,99,99,0,9,99,9,99,9,1,1,1,3,40,7,125,1,1,HONDA FSH125,4,E01002130,0,3
2024461413027,2024,461413027,2,3,0,-1,19,1,5,-1,0,1,0,0,0,0,1,1,-1,1,1,45,7,125,1,3,HONDA FSH125,4,E01024358,0,1
2024010535805,2024,010535805,1,3,0,15,15,3,7,0,0,0,0,0,0,0,2,1,6,6,1,41,7,125,1,3,HONDA FSH125,5,E01001247,0,1
2024010531663,2024,010531663,2,4,4,17,19,3,7,0,0,6,0,0,0,0,1,1,6,6,1,33,6,125,1,3,HONDA FSH125,4,E01000958,0,1
2024471434073,2024,471434073,2,3,0,-1,3,2,7,-1,0,0,0,0,0,0,2,1,-1,2,2,22,5,125,1,2,HONDA FSH125,4,E01031576,0,1
2024501512076,2024,501512076,2,3,0,-1,19,2,6,-1,0,8,0,0,0,0,1,1,-1,2,1,32,6,125,1,2,HONDA FSH125,4,E01018982,0,2
2024061494255,2024,061494255,2,4,0,-1,19,2,6,-1,0,0,0,0,0,0,1,1,-1,1,1,25,5,125,1,2,HONDA FSH125,1,E01005142,0,1
2024010527945,2024,010527945,2,3,0,99,99,9,9,99,99,6,9,99,9,99,9,1,6,6,3,-1,-1,125,1,2,HONDA FSH125,-1,-1,0,-1
2024552400761,2024,552400761,2,3,0,13,13,3,7,0,0,0,0,0,0,0,4,1,2,2,1,52,8,125,1,1,HONDA FSH125,5,E01015377,0,2
2024010514972,2024,010514972,2,3,0,18,19,1,5,0,0,0,0,0,0,0,1,1,6,6,1,39,7,125,1,3,HONDA FSH125,8,E01002174,0,1
2024070651709,2024,070651709,2,3,0,9,9,7,5,0,0,6,0,0,0,0,2,1,6,6,1,60,9,125,1,1,HONDA FSH125,-1,-1,0,-1
2024471460187,2024,471460187,2,3,0,-1,19,1,5,-1,0,2,0,0,0,0,4,1,-1,1,1,36,7,125,1,1,HONDA FSH125,2,E01020922,0,1
2024522402885,2024,522402885,2,3,0,18,19,7,3,0,0,8,0,0,0,0,1,1,6,6,2,19,4,125,1,2,HONDA FSH125,1,E01014647,0,1
2024010550342,2024,010550342,1,3,0,99,99,9,9,99,99,9,9,99,9,99,9,1,6,6,3,33,6,125,1,3,HONDA FSH125,7,E01000169,0,1
2024010499717,2024,010499717,1,3,0,18,19,3,7,0,0,0,0,0,0,0,3,1,6,6,1,23,5,125,1,1,HONDA FSH125,3,E01003573,0,2
2024010524581,2024,010524581,1,3,0,18,19,7,3,0,0,0,0,0,0,0,2,1,1,1,1,39,7,125,1,3,HONDA FSH125,2,E01003619,0,1
2024552400489,2024,552400489,2,3,0,18,19,5,1,0,0,8,1,0,0,0,0,1,2,2,1,35,6,125,1,2,HONDA FSH125,10,E01020371,0,3
2024010522345,2024,010522345,2,3,0,5,5,7,3,0,0,2,0,0,0,0,1,1,1,1,1,23,5,125,1,2,HONDA FSH125,3,E01034204,0,2
2024451535665,2024,451535665,2,3,0,-1,19,3,7,-1,0,1,0,0,0,0,0,1,-1,6,2,33,6,125,1,2,HONDA FSH125,6,E01030737,0,1
2024471450713,2024,471450713,1,3,0,-1,19,8,4,-1,0,1,0,0,0,0,1,1,-1,1,1,44,7,125,1,1,HONDA FSH125,3,E01020937,0,1
2024010504075,2024,010504075,1,3,0,18,19,9,9,99,99,9,9,99,9,99,1,1,1,1,1,31,6,125,1,2,HONDA FSH125,7,E01002171,0,1
2024010521236,2024,010521236,1,3,0,99,99,9,9,99,99,9,9,99,9,99,9,1,1,1,1,32,6,125,1,0,HONDA FSH125,8,E01000539,0,1
2024161518320,2024,161518320,1,3,0,-1,7,8,2,-1,0,1,0,0,0,0,3,1,-1,2,1,31,6,125,1,2,HONDA FSH125,9,E01013016,0,2
2024610026324,2024,610026324,2,4,0,13,13,7,3,0,0,8,0,0,0,0,1,1,6,6,1,18,4,125,1,2,HONDA FSH125,2,W01001503,0,1
2024010539540,2024,010539540,1,3,0,9,9,1,7,0,0,8,0,0,0,0,1,1,6,6,1,27,6,125,1,2,HONDA FSH125,4,E01002641,0,3
2024010549041,2024,010549041,2,3,0,18,19,5,1,0,0,1,0,0,0,0,1,1,6,6,1,33,6,125,1,2,HONDA FSH125,4,E01003203,0,2
2024221430409,2024,221430409,1,3,0,-1,19,2,6,-1,0,1,0,0,0,0,1,1,-1,6,1,42,7,125,1,2,HONDA FSH125,4,E01028982,0,1
2024991441671,2024,991441671,1,17,0,-1,7,4,6,-1,0,0,1,0,7,4,1,1,-1,9,1,18,4,420,1,6,-1,6,-1,0,2
2024522403210,2024,522403210,1,5,0,18,19,2,5,0,0,8,0,0,0,0,1,1,6,6,1,34,6,745,1,22,-1,10,E01014823,0,1
2024161433193,2024,161433193,2,5,0,-1,19,1,5,-1,0,6,0,0,0,0,1,1,-1,1,1,33,6,745,1,21,-1,1,E01012880,0,1
2024501482105,2024,501482105,1,5,0,-1,19,8,4,-1,0,0,2,10,6,0,1,1,-1,9,1,68,10,583,1,33,-1,2,E01018770,0,3
2024201471792,2024,201471792,1,4,0,-1,13,7,3,-1,0,8,0,0,0,0,4,1,-1,6,1,60,9,1552,1,18,KAWASAKI VN,10,E01010191,0,2
2024131512476,2024,131512476,1,4,0,-1,3,3,7,-1,0,8,0,0,0,0,2,1,-1,9,2,53,8,903,1,15,KAWASAKI VN,8,E01011200,0,3
2024010502815,2024,010502815,1,5,0,18,19,7,3,0,0,8,0,0,0,0,3,1,6,6,1,33,6,903,1,15,KAWASAKI VN,3,E01003439,0,2
2024231462654,2024,231462654,1,5,0,-1,13,4,8,-1,0,8,1,0,0,0,4,1,-1,6,1,63,9,800,1,19,KAWASAKI VN,10,E01035404,0,3
2024122400901,2024,122400901,1,5,0,16,19,3,7,0,0,0,1,0,7,0,0,1,6,6,1,66,10,903,1,14,KAWASAKI VN,6,E01027770,0,4
2024010527380,2024,010527380,2,5,0,18,19,5,1,0,0,1,0,0,0,0,4,1,6,6,1,37,7,903,1,14,KAWASAKI VN,10,-1,0,5
2024622400424,2024,622400424,2,5,0,18,19,6,2,0,0,1,0,0,0,0,1,1,6,6,1,66,10,903,1,15,KAWASAKI VN,3,W01001057,0,2
2024991444869,2024,991444869,2,5,0,-1,19,3,7,-1,0,0,0,0,0,0,3,1,-1,9,1,57,9,805,1,26,KAWASAKI VN,-1,-1,0,-1
202460Q037672,2024,60Q037672,1,4,0,17,19,7,3,0,0,0,2,0,2,9,0,1,6,6,1,61,9,1552,1,17,KAWASAKI VN,-1,-1,0,-1
2024552400438,2024,552400438,1,5,0,4,4,4,8,0,0,0,1,0,0,0,1,1,6,6,1,27,6,805,1,23,KAWASAKI VN,10,E01013796,0,5
2024211409152,2024,211409152,1,9,0,-1,19,3,5,-1,0,0,0,0,0,0,1,1,-1,9,2,62,9,1353,1,4,KIA XCEED,5,E01029802,0,3
2024610046424,2024,610046424,2,9,0,9,9,3,1,0,0,8,0,0,0,0,4,1,6,6,1,64,9,1482,1,1,KIA XCEED,3,W01001395,0,1
2024471467642,2024,471467642,3,9,0,-1,2,0,0,-1,0,0,0,0,0,0,2,1,-1,6,-1,-1,-1,1482,1,1,KIA XCEED,-1,-1,0,-1
2024991433555,2024,991433555,2,9,0,-1,19,1,1,-1,0,8,5,0,0,0,4,1,-1,6,1,76,11,1482,1,1,KIA XCEED,-1,-1,0,-1
2024211442714,2024,211442714,2,9,0,-1,19,1,5,-1,0,0,0,0,0,0,2,1,-1,6,1,73,10,1580,8,1,KIA XCEED,-1,-1,0,-1
2024991509647,2024,991509647,1,9,0,-1,19,8,3,-1,0,2,0,0,0,0,1,1,-1,2,2,27,6,1482,1,1,KIA XCEED,6,-1,0,4
2024041439697,2024,041439697,1,9,0,-1,11,7,3,-1,9,0,0,0,0,0,4,1,-1,9,1,57,9,998,1,3,KIA XCEED,3,E01012741,0,1
2024991513103,2024,991513103,2,9,0,-1,19,1,5,-1,0,1,0,0,0,0,1,1,-1,9,2,63,9,1482,1,1,KIA XCEED,5,-1,0,1
2024520402723,2024,520402723,2,9,0,18,19,3,7,0,0,0,2,0,1,7,1,1,6,6,1,62,9,1482,1,3,KIA XCEED,3,E01015166,0,5
2024351459914,2024,351459914,2,9,0,-1,3,6,2,-1,0,1,0,0,0,0,2,1,-1,6,2,35,6,998,1,3,KIA XCEED,9,E01022081,0,3
2024052400891,2024,052400891,1,9,0,9,9,5,3,0,0,6,0,0,1,0,1,1,6,6,2,60,9,1482,1,1,KIA XCEED,5,E01006490,0,1
2024421464048,2024,421464048,5,9,0,-1,19,1,5,-1,0,0,0,0,0,0,1,1,-1,6,1,24,5,1580,8,1,KIA XCEED,6,E01024630,0,4
2024111538036,2024,111538036,1,9,0,-1,19,4,8,-1,0,0,0,0,0,0,1,1,-1,6,2,33,6,1580,8,0,KIA XCEED,2,E01012342,0,1
2024461523182,2024,461523182,3,9,0,-1,3,8,4,-1,0,0,0,4,0,0,2,1,-1,6,1,64,9,1482,1,2,KIA XCEED,4,E01023986,0,1
2024440039751,2024,440039751,1,9,0,18,19,6,2,0,0,1,0,0,0,0,1,1,6,6,2,72,10,1482,1,1,KIA XCEED,10,E01022661,0,1
2024010546785,2024,010546785,1,8,0,99,99,9,9,99,99,9,9,99,9,99,1,9,6,6,3,-1,-1,1580,8,0,KIA XCEED,-1,-1,0,-1
202417S200824,2024,17S200824,1,9,0,4,4,5,1,0,0,0,0,0,0,0,2,1,6,6,1,24,5,1580,8,1,KIA XCEED,8,E01033480,0,1
2024101471076,2024,101471076,2,9,0,-1,19,8,4,-1,0,0,0,0,0,0,1,1,-1,9,2,50,8,1482,1,0,KIA XCEED,1,-1,0,5
2024070635388,2024,070635388,2,9,0,4,4,3,7,0,0,0,0,0,0,0,2,1,6,6,1,36,7,1580,8,3,KIA XCEED,1,E01005132,0,4
2024061512090,2024,061512090,1,8,0,-1,19,-1,-1,-1,0,0,0,99,3,99,4,1,-1,1,1,31,6,1580,8,1,KIA XCEED,3,E01005210,0,2
2024320271050,2024,320271050,3,9,0,-1,-1,6,2,0,0,8,0,0,0,0,1,1,-1,-1,2,21,5,998,1,3,KIA XCEED,10,E01034702,0,2
2024430231662,2024,430231662,1,9,0,9,9,4,3,0,0,1,0,0,0,0,1,1,6,6,1,71,10,998,1,4,KIA XCEED,2,E01016819,0,1