collision_index,collision_year,collision_ref_no,vehicle_reference,vehicle_type,towing_and_articulation,vehicle_manoeuvre_historic,vehicle_manoeuvre,vehicle_direction_from,vehicle_direction_to,vehicle_location_restricted_lane_historic,vehicle_location_restricted_lane,junction_location,skidding_and_overturning,hit_object_in_carriageway,vehicle_leaving_carriageway,hit_object_off_carriageway,first_point_of_impact,vehicle_left_hand_drive,journey_purpose_of_driver_historic,journey_purpose_of_driver,sex_of_driver,age_of_driver,age_band_of_driver,engine_capacity_cc,propulsion_code,age_of_vehicle,generic_make_model,driver_imd_decile,lsoa_of_driver,escooter_flag,driver_distance_banding
2024052402068,2024,052402068,3,9,0,4,4,2,6,0,0,1,0,0,0,0,2,1,6,6,2,-1,-1,998,1,2,KIA XCEED,8,E01012386,0,4
2024061534972,2024,061534972,3,9,0,-1,2,0,0,-1,0,2,0,0,0,0,1,1,-1,6,-1,-1,-1,1598,2,4,KIA XCEED,-1,-1,0,-1
2024991424406,2024,991424406,2,9,0,-1,5,1,5,-1,0,0,0,0,0,0,1,1,-1,6,2,39,7,998,1,2,KIA XCEED,6,-1,0,1
2024161408121,2024,161408121,1,9,0,-1,5,3,5,-1,0,0,0,0,0,0,1,9,-1,2,2,28,6,998,1,2,KIA XCEED,1,E01013312,0,1
2024161426515,2024,161426515,2,9,0,-1,2,0,0,-1,0,0,0,0,0,0,3,1,-1,6,-1,-1,-1,1482,1,1,KIA XCEED,-1,-1,0,-1
2024122400035,2024,122400035,2,9,0,9,9,8,6,0,0,1,0,0,0,0,4,1,6,6,1,71,10,1482,1,2,KIA XCEED,7,E01027858,0,1
2024131458486,2024,131458486,1,9,0,-1,19,1,5,-1,0,8,0,0,0,0,1,1,-1,6,2,60,9,998,1,3,KIA XCEED,1,E01010720,0,3
2024320022470,2024,320022470,2,9,0,-1,-1,4,8,0,0,0,0,0,0,0,2,1,-1,-1,1,42,7,1580,8,1,KIA XCEED,8,E01026141,0,4
2024302400323,2024,302400323,1,9,0,13,13,2,6,0,0,0,0,0,0,0,4,1,6,6,1,73,10,998,1,3,KIA XCEED,6,E01013589,0,1
2024552401265,2024,552401265,1,9,0,18,19,4,8,0,0,8,0,0,0,0,4,1,6,6,1,33,6,1482,1,3,KIA XCEED,-1,-1,0,-1
2024552400616,2024,552400616,1,9,0,9,9,5,3,0,0,6,0,0,0,0,3,1,1,1,2,29,6,1353,1,3,KIA XCEED,6,E01020433,0,1
2024141490886,2024,141490886,1,9,0,-1,19,7,3,-1,0,1,0,0,0,0,1,1,-1,2,1,46,8,998,1,4,KIA XCEED,1,E01007729,0,2
2024031467457,2024,031467457,1,9,0,-1,13,5,1,-1,0,0,1,0,1,0,1,1,-1,6,1,20,4,998,1,2,KIA XCEED,-1,-1,0,-1
2024061422309,2024,061422309,2,9,0,-1,10,8,7,-1,0,1,0,0,0,0,2,1,-1,6,1,32,6,1580,8,1,KIA XCEED,3,E01006272,0,1
2024461500799,2024,461500799,1,9,0,-1,7,3,5,-1,0,8,0,0,0,0,1,1,-1,9,2,35,6,1580,8,1,KIA XCEED,5,E01024179,0,1
2024440482419,2024,440482419,1,9,0,18,19,7,3,0,0,0,0,0,0,0,2,1,2,2,1,24,5,1598,2,4,KIA XCEED,6,E01023056,0,1
2024991479051,2024,991479051,3,9,0,-1,19,8,4,-1,0,0,0,0,0,0,3,2,-1,6,2,52,8,998,1,2,KIA XCEED,6,-1,0,2
2024340WN4042,2024,340WN4042,2,9,0,-1,2,0,0,-1,0,0,0,0,0,0,0,1,-1,9,1,50,8,1482,1,1,KIA XCEED,9,E01027303,0,4
2024451476697,2024,451476697,1,9,0,-1,19,7,3,-1,0,1,0,0,0,0,1,1,-1,1,1,43,7,1482,1,1,KIA XCEED,9,E01016269,0,4
2024010502544,2024,010502544,1,9,0,99,99,9,9,99,99,9,9,99,9,99,2,9,6,6,1,32,6,1482,1,3,KIA XCEED,4,E01003725,0,3
2024471448439,2024,471448439,2,9,0,-1,19,4,6,-1,0,0,0,0,1,0,1,1,-1,9,1,61,9,1353,1,4,KIA XCEED,9,E01021238,0,5
2024520401888,2024,520401888,1,9,0,18,19,1,5,0,0,0,0,0,4,6,1,1,6,6,2,54,8,998,1,4,KIA XCEED,5,E01020196,0,4
2024031494268,2024,031494268,1,9,0,-1,9,4,2,-1,0,6,0,0,0,0,1,1,-1,9,1,47,8,1482,1,2,KIA XCEED,-1,-1,0,-1
2024361503771,2024,361503771,2,9,0,-1,19,7,1,-1,0,0,0,0,0,0,3,1,-1,6,1,33,6,1598,2,4,KIA XCEED,6,E01026944,0,2
2024522401468,2024,522401468,2,9,0,4,4,1,5,0,0,0,1,0,0,0,1,1,6,6,2,53,8,1580,8,2,KIA XCEED,5,E01029130,0,3
2024211404265,2024,211404265,1,9,0,-1,3,7,3,-1,0,0,0,0,0,0,2,1,-1,2,2,47,8,998,1,2,KIA XCEED,9,E01014325,0,1
2024411433081,2024,411433081,1,9,0,-1,-1,-1,-1,-1,-1,-1,-1,-1,-1,0,-1,1,-1,6,1,-1,-1,1482,1,0,KIA XCEED,-1,-1,0,-1
202460Q001597,2024,60Q001597,1,9,0,9,9,4,2,0,0,6,0,0,0,0,3,1,6,6,1,27,6,1482,1,1,KIA XCEED,-1,-1,0,-1
2024231484091,2024,231484091,2,9,0,-1,14,6,2,-1,0,8,0,0,0,0,4,1,-1,6,1,75,10,1482,1,0,KIA XCEED,10,E01031134,0,1
2024201483793,2024,201483793,1,9,0,-1,19,3,7,-1,0,1,0,0,0,0,1,1,-1,6,1,34,6,1580,8,2,KIA XCEED,8,E01029347,0,4
2024501431846,2024,501431846,1,9,0,-1,19,2,6,-1,0,1,0,0,0,0,1,1,-1,9,2,50,8,1580,8,3,KIA XCEED,4,E01018877,0,3
2024991426754,2024,991426754,2,9,0,-1,19,1,5,-1,0,4,0,0,0,0,2,1,-1,9,2,29,6,998,1,4,KIA XCEED,6,-1,0,2
2024501470525,2024,501470525,3,9,0,-1,9,3,7,-1,0,0,0,0,0,0,2,1,-1,2,1,59,9,1482,1,2,KIA XCEED,4,E01034850,0,3
2024010537404,2024,010537404,2,9,9,99,99,9,9,99,99,9,9,99,9,99,9,9,6,6,3,-1,-1,1580,8,3,KIA XCEED,-1,-1,0,-1
2024430203991,2024,430203991,1,9,0,9,9,5,4,0,0,8,0,0,0,0,1,1,6,6,2,42,7,998,1,3,KIA XCEED,7,E01033854,0,1
2024010531925,2024,010531925,1,9,0,8,8,3,4,0,0,8,0,0,0,0,1,1,6,6,3,-1,-1,1580,8,3,KIA XCEED,-1,-1,0,-1
2024991405467,2024,991405467,2,9,0,-1,10,3,8,-1,9,1,0,0,0,0,3,1,-1,6,2,38,7,1482,1,2,KIA XCEED,5,-1,0,1
2024991536036,2024,991536036,2,9,0,-1,2,0,0,-1,0,0,0,0,0,0,3,9,-1,6,-1,-1,-1,998,1,4,KIA XCEED,-1,-1,0,-1
2024141460789,2024,141460789,1,9,0,-1,3,5,1,-1,0,2,0,0,0,0,2,1,-1,9,2,23,5,1482,1,1,KIA XCEED,7,E01007818,0,1
2024010546507,2024,010546507,2,9,0,18,19,3,7,0,0,0,1,0,0,0,1,1,6,6,2,48,8,1580,8,0,KIA XCEED,-1,-1,0,-1
2024111445959,2024,111445959,1,9,0,-1,7,1,3,-1,0,2,0,0,0,0,1,9,-1,6,1,30,6,1580,8,1,KIA XCEED,-1,-1,0,-1
2024451527228,2024,451527228,1,9,0,-1,19,3,7,-1,0,0,0,0,0,0,1,1,-1,2,2,50,8,1353,1,5,KIA XCEED,9,E01030473,0,1
2024122500051,2024,122500051,2,9,0,4,4,7,3,0,0,0,0,0,0,0,2,1,2,2,2,54,8,1482,1,0,KIA XCEED,9,E01027574,0,2
2024010518751,2024,010518751,1,9,0,18,19,1,5,0,0,8,0,0,0,0,1,1,6,6,3,-1,-1,1580,8,0,KIA XCEED,8,E01030553,0,3
2024070045283,2024,070045283,2,9,0,4,4,5,1,0,0,0,0,0,0,0,2,1,6,6,1,-1,-1,1482,1,1,KIA XCEED,-1,-1,0,-1
2024421502541,2024,421502541,2,9,0,-1,14,1,5,-1,0,0,0,0,0,0,2,1,-1,6,2,35,6,998,1,4,KIA XCEED,9,E01022073,0,3
2024461502791,2024,461502791,1,9,0,-1,19,3,7,-1,0,0,1,0,0,0,1,1,-1,9,2,67,10,1482,1,3,KIA XCEED,3,E01002284,0,3
2024320736015,2024,320736015,1,9,0,-1,-1,1,5,0,0,1,0,0,3,1,1,1,-1,-1,2,36,7,1580,8,0,KIA XCEED,4,E01026224,0,4
2024010491891,2024,010491891,2,9,9,18,19,1,5,99,99,0,9,99,9,99,9,9,6,6,3,-1,-1,1482,1,1,KIA XCEED,-1,-1,0,-1
2024061431408,2024,061431408,2,9,0,-1,19,5,1,-1,0,1,0,0,0,0,1,1,-1,1,1,32,6,1482,1,0,KIA XCEED,-1,-1,0,-1
2024371459931,2024,371459931,1,9,0,-1,19,7,3,-1,0,0,0,0,0,0,4,1,-1,7,1,38,7,1482,1,3,KIA XCEED,5,E01030241,0,1
2024131499059,2024,131499059,1,9,0,-1,1,3,7,-1,0,0,0,0,0,0,2,1,-1,6,3,-1,-1,1353,1,4,KIA XCEED,-1,-1,0,-1
2024041515262,2024,041515262,3,9,0,-1,9,5,1,-1,0,1,0,0,0,0,2,1,-1,9,1,37,7,1482,1,1,KIA XCEED,3,E01007050,0,3
2024991546403,2024,991546403,2,9,0,-1,19,5,1,-1,0,0,0,11,0,0,1,2,-1,9,2,74,10,1482,1,3,KIA XCEED,6,-1,0,1
2024101427608,2024,101427608,2,9,0,-1,4,1,5,-1,0,1,0,0,0,0,2,1,-1,6,1,45,7,998,1,3,KIA XCEED,4,E01008646,0,2
2024010522501,2024,010522501,1,9,0,18,19,5,1,0,0,0,0,4,0,0,1,1,6,6,1,72,10,1482,1,0,KIA XCEED,7,E01003956,0,1
2024161476180,2024,161476180,2,9,0,-1,4,3,7,-1,0,0,0,0,0,0,2,1,-1,9,2,43,7,998,1,2,KIA XCEED,8,E01008721,0,5
2024311397227,2024,311397227,1,9,0,-1,1,5,1,-1,0,0,0,0,0,0,2,1,-1,7,2,32,6,1482,1,1,KIA XCEED,4,E01028335,0,1
2024471451327,2024,471451327,1,9,0,-1,20,5,1,-1,0,0,0,0,0,0,3,1,-1,1,1,54,8,1580,8,3,KIA XCEED,5,E01031743,0,4
2024421468986,2024,421468986,3,9,0,-1,3,3,7,-1,0,0,0,0,0,0,2,1,-1,6,2,25,5,1353,1,4,KIA XCEED,5,E01021380,0,1
2024302400961,2024,302400961,2,9,0,18,19,3,7,0,0,0,0,0,0,0,2,1,2,2,2,38,7,998,1,2,KIA XCEED,7,E01028080,0,2
2024320647852,2024,320647852,2,9,0,-1,-1,2,6,0,0,8,1,0,0,0,3,1,-1,-1,2,24,5,998,1,4,KIA XCEED,-1,-1,0,-1
2024622400854,2024,622400854,2,9,0,17,19,8,4,0,0,0,0,0,0,0,1,1,6,6,2,47,8,1482,1,0,KIA XCEED,4,W01001283,0,1
2024221443003,2024,221443003,1,9,0,-1,9,8,7,-1,0,8,0,0,0,0,3,9,-1,6,2,45,7,998,1,3,KIA XCEED,4,E01014122,0,2
2024361491703,2024,361491703,2,9,0,-1,19,3,7,-1,0,1,0,0,0,0,1,1,-1,9,1,44,7,1353,1,4,KIA XCEED,8,E01026849,0,2
2024411507932,2024,411507932,2,3,0,-1,19,7,3,-1,0,0,0,0,0,0,1,1,-1,6,1,26,6,124,1,0,-1,4,E01023891,0,1
2024501454998,2024,501454998,2,3,0,-1,4,3,7,-1,0,0,0,0,0,0,1,1,-1,9,1,18,4,124,1,0,-1,4,E01020098,0,3
202460Q055918,2024,60Q055918,1,17,5,17,19,5,1,0,0,2,0,0,0,0,0,1,1,1,1,70,10,4485,2,1,-1,-1,-1,0,-1
2024631460536,2024,631460536,1,9,0,-1,12,1,6,-1,0,8,0,0,0,0,1,1,-1,6,1,77,11,4196,1,34,-1,7,E01004275,0,5
2024311417053,2024,311417053,2,11,0,-1,5,5,1,-1,0,1,0,0,0,0,4,1,-1,1,1,29,6,6700,2,13,OPTARE SOLO,-1,-1,0,-1
2024991491039,2024,991491039,1,11,0,-1,5,1,5,-1,0,0,0,0,0,0,1,1,-1,1,1,40,7,4250,2,8,OPTARE SOLO,-1,-1,0,-1
2024311425273,2024,311425273,1,11,0,-1,14,5,1,-1,0,0,0,0,0,0,0,1,-1,1,1,21,5,6700,2,12,OPTARE SOLO,1,E01013920,0,1
2024991475506,2024,991475506,1,11,0,-1,19,4,7,-1,0,1,0,0,0,0,3,1,-1,1,1,59,9,4250,2,19,OPTARE SOLO,8,-1,0,3
2024311434252,2024,311434252,1,11,0,-1,4,6,1,-1,0,1,0,0,0,0,0,1,-1,1,3,40,7,6700,2,13,OPTARE SOLO,-1,-1,0,-1
2024221518977,2024,221518977,2,11,0,-1,19,1,5,-1,0,0,0,0,0,0,3,1,-1,1,1,56,9,4250,2,18,OPTARE SOLO,7,E01014100,0,2
2024111509747,2024,111509747,1,11,0,-1,19,1,5,-1,0,1,0,0,0,0,0,1,-1,1,1,61,9,4249,2,8,OPTARE SOLO,1,E01020873,0,1
2024101474985,2024,101474985,1,11,0,-1,2,1,5,-1,0,0,0,0,0,0,0,1,-1,1,1,37,7,4249,2,8,OPTARE SOLO,2,E01008825,0,2
2024991433533,2024,991433533,1,11,0,-1,19,8,3,-1,0,1,0,0,0,0,1,2,-1,9,1,57,9,4500,2,11,OPTARE SOLO,-1,-1,0,-1
2024041488280,2024,041488280,2,11,0,-1,19,7,3,-1,0,0,0,0,0,0,1,1,-1,1,1,63,9,4249,2,9,OPTARE SOLO,1,E01012622,0,1
2024311526455,2024,311526455,1,11,0,-1,-1,-1,-1,-1,-1,0,-1,-1,-1,0,0,1,-1,1,1,-1,-1,6700,2,13,OPTARE SOLO,-1,-1,0,-1
2024311433785,2024,311433785,1,11,0,-1,19,6,2,-1,0,0,0,0,0,0,0,1,-1,1,1,65,9,6700,2,13,OPTARE SOLO,9,E01028376,0,1
2024311463729,2024,311463729,2,11,0,-1,19,3,6,-1,0,1,0,0,0,0,0,1,-1,1,1,26,6,6700,2,12,OPTARE SOLO,-1,-1,0,-1
2024991491504,2024,991491504,2,11,0,-1,19,2,6,-1,0,2,0,0,0,0,1,1,-1,1,1,47,8,4250,2,8,OPTARE SOLO,9,-1,0,4
2024221504369,2024,221504369,1,8,0,-1,13,6,2,-1,0,0,0,0,0,0,4,9,-1,1,1,23,5,1997,2,12,-1,2,E01014105,0,3
2024421468203,2024,421468203,2,9,0,-1,2,0,0,-1,0,0,0,0,0,0,2,9,-1,1,1,54,8,1997,2,9,-1,5,E01015888,0,1
2024501483649,2024,501483649,1,8,0,-1,4,3,7,-1,0,0,0,0,0,0,1,1,-1,1,1,49,8,1997,2,10,-1,7,E01019969,0,2
2024340WN2442,2024,340WN2442,2,8,0,-1,3,4,8,-1,0,2,0,0,0,0,2,1,-1,1,1,39,7,1997,2,8,-1,9,E01025984,0,4
2024522401395,2024,522401395,1,8,0,18,19,2,6,0,0,8,0,0,0,0,1,1,6,6,1,67,10,1997,2,10,-1,1,E01014658,0,1
2024361449866,2024,361449866,1,9,0,-1,19,8,4,-1,0,4,0,0,0,0,3,1,-1,1,1,61,9,-1,-1,-1,-1,9,E01026576,0,2
2024201439352,2024,201439352,2,8,0,-1,9,1,8,-1,0,6,0,0,0,0,3,9,-1,2,1,48,8,1997,2,9,-1,3,E01009894,0,2
2024052401902,2024,052401902,2,8,0,9,9,1,7,0,0,8,0,0,0,0,3,1,1,1,1,67,10,1997,2,9,-1,6,E01006623,0,1
2024141448197,2024,141448197,1,9,0,-1,5,4,8,-1,0,0,0,0,0,0,4,1,-1,1,1,56,9,-1,-1,-1,-1,3,E01008109,0,1
2024061425630,2024,061425630,2,9,0,-1,19,6,2,-1,5,8,1,0,0,0,1,1,-1,6,1,-1,-1,1328,1,23,SUZUKI IGNIS,-1,-1,0,-1
2024421506458,2024,421506458,2,9,0,-1,19,4,4,-1,0,8,0,0,0,0,3,1,-1,6,1,82,11,1242,1,7,SUZUKI IGNIS,6,E01021705,0,1
2024351516172,2024,351516172,2,9,0,-1,19,5,1,-1,0,0,0,0,0,0,1,9,-1,9,1,-1,-1,1197,8,3,SUZUKI IGNIS,-1,-1,0,-1
2024430454835,2024,430454835,1,9,0,17,19,4,1,0,0,0,1,0,1,9,1,1,6,6,1,18,4,1328,1,17,SUZUKI IGNIS,7,E01035244,0,2
2024061408749,2024,061408749,3,9,0,-1,15,3,7,-1,0,1,0,0,0,0,3,1,-1,9,2,66,10,1242,1,5,SUZUKI IGNIS,-1,-1,0,-1
2024991423950,2024,991423950,1,9,0,-1,5,6,2,-1,5,1,0,0,0,0,3,9,-1,6,2,49,8,1197,8,2,SUZUKI IGNIS,10,-1,0,1
2024361415036,2024,361415036,1,9,0,-1,5,5,3,-1,5,6,0,0,1,0,1,1,-1,9,1,87,11,1197,8,3,SUZUKI IGNIS,7,E01026456,0,1
2024421474587,2024,421474587,2,9,0,-1,3,2,6,-1,0,1,0,0,0,0,2,1,-1,9,2,64,9,1242,8,7,SUZUKI IGNIS,8,E01015920,0,1
2024351472369,2024,351472369,2,9,0,-1,3,1,5,-1,0,8,0,0,0,0,2,1,-1,6,2,26,6,1242,8,7,SUZUKI IGNIS,5,E01022021,0,4
2024031514828,2024,031514828,1,9,3,-1,5,4,1,-1,0,6,0,0,1,0,3,1,-1,9,2,72,10,1242,8,7,SUZUKI IGNIS,-1,-1,0,-1
2024161427741,2024,161427741,1,9,0,-1,9,6,2,-1,0,5,0,0,0,0,0,1,-1,6,-1,-1,-1,1242,1,6,SUZUKI IGNIS,1,E01035467,0,2
2024131407836,2024,131407836,1,9,0,-1,19,1,5,-1,0,8,0,0,7,11,1,1,-1,9,1,68,10,1242,1,6,SUZUKI IGNIS,1,E01011349,0,1
2024131411757,2024,131411757,2,9,0,-1,5,1,3,-1,0,6,0,0,0,0,1,1,-1,6,1,40,7,1242,8,5,SUZUKI IGNIS,8,E01011169,0,3
2024440549185,2024,440549185,1,9,0,14,14,7,3,0,0,1,0,0,0,0,4,1,2,2,1,21,5,1490,1,20,SUZUKI IGNIS,5,E01017221,0,2
2024440093058,2024,440093058,2,9,0,18,19,8,4,0,0,1,0,0,1,0,1,1,2,2,2,43,7,1242,1,6,SUZUKI IGNIS,4,E01017289,0,1
2024421435542,2024,421435542,1,9,0,-1,19,2,6,-1,0,8,0,0,1,0,1,1,-1,2,2,64,9,1197,8,0,SUZUKI IGNIS,8,E01021400,0,3
2024211475419,2024,211475419,2,9,0,-1,9,5,2,-1,0,1,0,0,0,0,3,2,-1,6,1,19,4,1490,1,20,SUZUKI IGNIS,-1,-1,0,-1
2024131433176,2024,131433176,1,9,0,-1,9,5,6,-1,0,0,0,0,0,0,3,1,-1,9,1,82,11,1242,1,6,SUZUKI IGNIS,5,E01011108,0,1
2024991454933,2024,991454933,2,9,0,-1,2,0,0,-1,0,8,0,4,0,0,2,1,-1,6,-1,-1,-1,1242,8,4,SUZUKI IGNIS,-1,-1,0,-1
2024010527723,2024,010527723,1,9,0,2,2,9,9,99,99,0,9,99,9,99,2,9,6,6,2,40,7,1242,8,4,SUZUKI IGNIS,6,E01003130,0,1
2024201491300,2024,201491300,1,9,0,-1,19,2,6,-1,0,0,0,10,0,0,4,1,-1,6,2,60,9,1242,1,7,SUZUKI IGNIS,1,E01009746,0,1
2024501404979,2024,501404979,1,9,0,-1,3,8,4,-1,0,6,0,0,0,0,2,1,-1,6,1,52,8,1328,1,20,SUZUKI IGNIS,5,E01020097,0,1
2024070918202,2024,070918202,1,9,5,-1,19,3,7,-1,0,0,1,10,0,11,1,1,-1,9,1,85,11,1197,8,0,SUZUKI IGNIS,10,E01012489,0,1
2024401529198,2024,401529198,1,9,0,-1,19,4,8,-1,0,8,0,0,0,0,1,1,-1,1,1,54,8,1197,8,3,SUZUKI IGNIS,-1,-1,0,-1
2024991436202,2024,991436202,1,9,0,-1,19,6,3,-1,0,1,0,0,0,0,1,1,-1,9,2,32,6,1197,8,4,SUZUKI IGNIS,1,-1,0,2
2024010540212,2024,010540212,1,9,0,99,99,9,9,99,99,0,9,99,9,99,2,9,1,1,2,49,8,1197,8,1,SUZUKI IGNIS,6,E01034578,0,3
2024522401478,2024,522401478,1,9,0,18,19,7,3,0,0,8,0,0,0,0,9,1,6,6,1,30,6,1490,1,20,SUZUKI IGNIS,3,E01014523,0,1
2024111518076,2024,111518076,2,9,0,-1,3,4,6,-1,0,0,0,0,0,0,2,1,-1,6,2,28,6,1242,8,7,SUZUKI IGNIS,1,E01020816,0,1
202417M100524,2024,17M100524,2,9,0,9,9,1,7,0,0,8,0,0,0,0,1,1,6,6,1,26,6,1328,1,17,SUZUKI IGNIS,1,E01035199,0,2
2024031509087,2024,031509087,2,9,0,-1,9,1,5,-1,0,1,0,0,0,0,1,1,-1,6,2,85,11,1197,8,3,SUZUKI IGNIS,-1,-1,0,-1
2024061498551,2024,061498551,1,9,0,-1,19,8,4,-1,0,0,0,0,0,0,1,2,-1,2,2,30,6,1242,1,7,SUZUKI IGNIS,2,E01006066,0,2
2024401541943,2024,401541943,2,9,0,-1,4,4,8,-1,0,0,0,0,0,0,2,1,-1,6,1,27,6,1328,1,20,SUZUKI IGNIS,4,E01015724,0,1
2024320419355,2024,320419355,1,9,0,-1,-1,6,6,0,0,0,5,4,0,0,1,1,6,6,2,79,11,1328,1,17,SUZUKI IGNIS,-1,-1,0,-1
2024547773324,2024,547773324,1,9,0,7,7,1,7,0,0,8,0,0,0,0,4,1,1,1,1,66,10,1197,8,3,SUZUKI IGNIS,2,E01015539,0,1
2024010504005,2024,010504005,1,9,0,9,9,5,2,0,0,1,0,0,0,0,1,1,6,6,1,29,6,1242,8,5,SUZUKI IGNIS,4,E01003249,0,1
202417L306724,2024,17L306724,2,9,0,-1,1,0,0,-1,0,8,0,0,0,0,0,1,-1,9,2,66,10,1242,8,4,SUZUKI IGNIS,4,E01012157,0,1
2024501485290,2024,501485290,1,9,0,-1,19,3,7,-1,0,1,0,0,0,0,1,1,-1,6,1,78,11,1242,1,7,SUZUKI IGNIS,9,E01020186,0,1
2024061477811,2024,061477811,1,9,0,-1,13,-1,-1,-1,0,0,0,0,0,0,1,1,-1,6,3,-1,-1,1197,8,3,SUZUKI IGNIS,-1,-1,0,-1
2024332401221,2024,332401221,1,9,0,-1,9,1,6,-1,0,5,0,0,0,0,1,1,-1,9,1,50,8,1242,8,6,SUZUKI IGNIS,6,E01025897,0,1
2024440517955,2024,440517955,2,9,0,5,5,7,3,0,0,4,0,0,0,0,1,1,6,6,1,47,8,1242,1,6,SUZUKI IGNIS,5,E01022666,0,4
2024221497801,2024,221497801,2,9,0,-1,19,8,2,-1,0,0,0,0,0,0,1,1,-1,6,1,69,10,1242,1,7,SUZUKI IGNIS,5,E01014004,0,3
2024031425870,2024,031425870,2,9,0,-1,-1,-1,-1,-1,-1,-1,-1,-1,-1,0,-1,1,-1,6,2,77,11,1242,1,6,SUZUKI IGNIS,-1,-1,0,-1
2024101497542,2024,101497542,2,9,0,-1,19,8,4,-1,0,0,0,0,7,0,1,1,-1,9,2,66,10,1242,8,4,SUZUKI IGNIS,7,E01027378,0,2
2024461519089,2024,461519089,1,9,0,-1,19,7,4,-1,0,0,5,11,0,0,4,1,-1,6,2,54,8,1242,1,7,SUZUKI IGNIS,6,E01024062,0,1
2024501485052,2024,501485052,2,9,0,-1,10,7,3,-1,0,1,0,0,7,9,2,1,-1,6,1,61,9,1197,8,3,SUZUKI IGNIS,-1,-1,0,-1
2024631467434,2024,631467434,1,9,0,-1,19,5,2,-1,0,0,5,0,8,10,3,1,-1,9,1,18,4,1328,1,21,SUZUKI IGNIS,7,W01000548,0,4
2024430264891,2024,430264891,1,9,0,9,9,4,2,0,0,6,0,0,0,0,3,1,6,6,2,62,9,1328,1,18,SUZUKI IGNIS,5,E01002529,0,3
2024371517685,2024,371517685,1,9,0,-1,9,7,3,-1,0,8,0,0,0,0,1,1,-1,9,2,78,11,1490,1,17,SUZUKI IGNIS,6,E01029879,0,1
2024520002674,2024,520002674,3,9,0,2,2,0,0,0,0,0,0,0,0,0,2,1,6,6,2,51,8,1242,1,5,SUZUKI IGNIS,9,E01014481,0,1
2024320582161,2024,320582161,1,9,0,-1,-1,8,4,0,0,0,0,4,0,0,1,1,-1,-1,2,78,11,1242,1,8,SUZUKI IGNIS,7,E01026013,0,1
2024320141597,2024,320141597,3,9,0,-1,-1,1,5,0,0,0,0,0,0,0,2,1,6,6,1,35,6,1242,1,7,SUZUKI IGNIS,3,E01026017,0,1
2024101450516,2024,101450516,1,9,0,-1,20,5,1,-1,9,0,0,0,3,11,1,1,-1,6,2,77,11,1197,8,3,SUZUKI IGNIS,7,E01027554,0,1
2024131459154,2024,131459154,2,9,0,-1,11,1,5,-1,0,4,0,0,0,0,1,1,-1,9,1,39,7,1490,1,19,SUZUKI IGNIS,1,E01011869,0,3
2024201514424,2024,201514424,2,9,0,-1,2,0,0,-1,9,5,0,0,0,0,0,1,-1,6,1,51,8,1242,1,7,SUZUKI IGNIS,2,E01009348,0,1
2024991437474,2024,991437474,2,9,0,-1,19,5,1,-1,0,8,0,0,0,0,3,9,-1,9,1,56,9,1242,8,4,SUZUKI IGNIS,6,-1,0,2
202460Q126958,2024,60Q126958,2,9,0,18,19,6,2,0,0,0,0,0,0,0,1,1,6,6,2,84,11,1197,8,2,SUZUKI IGNIS,-1,-1,0,-1
2024161406342,2024,161406342,2,9,0,-1,19,5,1,-1,0,1,0,0,0,0,1,9,-1,6,1,-1,-1,1328,1,22,SUZUKI IGNIS,-1,-1,0,-1
2024501449792,2024,501449792,2,9,0,-1,19,5,1,-1,0,0,0,0,0,0,4,1,-1,6,1,78,11,1197,8,2,SUZUKI IGNIS,6,E01018821,0,2
2024471441848,2024,471441848,1,9,0,-1,5,6,2,-1,0,0,0,0,0,0,2,1,-1,9,2,40,7,1197,8,2,SUZUKI IGNIS,6,E01031673,0,2
2024552400712,2024,552400712,1,9,0,7,7,7,1,0,0,5,0,0,7,3,1,1,6,6,2,80,11,1242,1,6,SUZUKI IGNIS,5,E01020534,0,2
2024141481728,2024,141481728,1,9,0,-1,19,1,5,-1,0,0,0,0,0,0,2,9,-1,6,2,36,7,1197,8,0,SUZUKI IGNIS,1,E01008103,0,1
2024351406896,2024,351406896,1,9,0,-1,19,2,6,-1,0,0,1,0,0,0,3,1,-1,6,1,38,7,1242,1,7,SUZUKI IGNIS,9,E01017429,0,2
2024131485296,2024,131485296,1,9,0,-1,19,5,5,-1,0,8,0,0,0,0,1,1,-1,9,2,68,10,1242,1,6,SUZUKI IGNIS,5,E01027582,0,4
2024052401731,2024,052401731,1,9,0,9,9,7,5,0,0,1,0,0,0,0,1,1,6,6,2,64,9,1242,8,4,SUZUKI IGNIS,5,E01007223,0,3
2024131403132,2024,131403132,2,9,0,-1,2,0,0,-1,0,1,0,0,0,0,1,1,-1,6,-1,-1,-1,1490,1,19,SUZUKI IGNIS,-1,-1,0,-1
2024101488734,2024,101488734,1,9,0,-1,5,8,5,-1,0,8,0,0,0,0,1,2,-1,9,2,85,11,1197,8,1,SUZUKI IGNIS,-1,-1,0,-1
2024991535340,2024,991535340,1,9,0,-1,19,5,1,-1,0,0,5,0,1,11,1,1,-1,2,1,76,11,1197,8,1,SUZUKI IGNIS,5,-1,0,1
2024231497627,2024,231497627,2,9,0,-1,4,4,8,-1,0,0,0,0,0,0,2,9,-1,6,2,30,6,1242,1,7,SUZUKI IGNIS,1,E01032278,0,4
2024461401757,2024,461401757,1,9,0,-1,19,4,8,-1,0,0,0,0,0,0,1,9,-1,6,1,65,9,1242,1,6,SUZUKI IGNIS,7,E01024096,0,1
2024440202354,2024,440202354,1,9,0,9,9,7,5,0,0,8,0,0,0,0,3,1,1,1,2,62,9,1242,1,5,SUZUKI IGNIS,9,E01022798,0,1
2024111492764,2024,111492764,2,9,0,-1,2,7,3,-1,0,0,0,0,0,0,3,1,-1,9,1,45,7,1197,8,3,SUZUKI IGNIS,9,E01020628,0,1