collision_index,collision_year,collision_ref_no,vehicle_reference,vehicle_type,towing_and_articulation,vehicle_manoeuvre_historic,vehicle_manoeuvre,vehicle_direction_from,vehicle_direction_to,vehicle_location_restricted_lane_historic,vehicle_location_restricted_lane,junction_location,skidding_and_overturning,hit_object_in_carriageway,vehicle_leaving_carriageway,hit_object_off_carriageway,first_point_of_impact,vehicle_left_hand_drive,journey_purpose_of_driver_historic,journey_purpose_of_driver,sex_of_driver,age_of_driver,age_band_of_driver,engine_capacity_cc,propulsion_code,age_of_vehicle,generic_make_model,driver_imd_decile,lsoa_of_driver,escooter_flag,driver_distance_banding
2024522401201,2024,522401201,1,9,0,3,3,6,4,0,0,8,0,0,0,0,2,1,6,6,2,31,6,1197,8,4,SUZUKI IGNIS,4,E01014521,0,2
2024440456744,2024,440456744,2,9,0,4,4,1,4,0,0,8,0,0,0,0,2,1,6,6,1,50,8,1328,1,21,SUZUKI IGNIS,3,E01017342,0,1
2024421452522,2024,421452522,2,9,0,-1,19,7,3,-1,0,1,0,0,0,0,1,1,-1,9,2,62,9,1242,8,6,SUZUKI IGNIS,5,E01021907,0,4
2024622400371,2024,622400371,1,9,0,5,5,7,2,0,0,4,0,0,0,0,3,1,6,6,2,70,10,1242,1,6,SUZUKI IGNIS,9,W01001160,0,1
2024501414830,2024,501414830,2,9,0,-1,3,8,3,-1,0,0,0,0,0,0,1,1,-1,6,2,32,6,1328,1,19,SUZUKI IGNIS,2,E01020216,0,1
2024411516806,2024,411516806,2,9,-1,-1,-1,-1,-1,-1,-1,-1,-1,-1,-1,0,2,9,-1,6,2,32,6,1490,1,19,SUZUKI IGNIS,7,E01023335,0,1
2024010546394,2024,010546394,1,9,0,8,8,7,1,0,0,1,0,0,0,0,2,1,6,6,2,27,6,1490,1,19,SUZUKI IGNIS,7,E01021201,0,4
2024061491973,2024,061491973,1,9,0,-1,8,3,1,-1,0,6,0,0,0,0,3,1,-1,9,1,52,8,1242,1,5,SUZUKI IGNIS,5,E01006391,0,1
2024440223212,2024,440223212,1,9,0,3,3,2,6,0,0,1,0,0,0,0,2,1,6,6,1,67,10,1490,1,20,SUZUKI IGNIS,9,E01015437,0,3
2024520002058,2024,520002058,1,9,0,18,19,8,4,0,0,8,0,0,0,0,3,1,6,6,2,34,6,1490,1,19,SUZUKI IGNIS,3,E01014445,0,1
2024111486103,2024,111486103,1,5,0,-1,19,7,3,-1,0,0,1,0,0,0,3,1,-1,9,1,61,9,790,1,20,-1,5,E01020617,0,4
2024211400058,2024,211400058,1,2,0,-1,19,3,7,-1,0,0,0,0,0,0,2,1,-1,9,1,16,4,49,1,20,-1,1,E01014316,0,2
2024010537555,2024,010537555,2,9,0,99,99,9,9,99,99,9,9,99,9,99,9,9,6,6,1,21,5,999,1,0,AUDI A3,4,E01003090,0,1
2024440171724,2024,440171724,1,9,0,18,19,6,2,0,0,1,0,4,0,0,1,1,6,6,2,30,6,1197,1,13,AUDI A3,4,E01017258,0,1
2024041531239,2024,041531239,2,9,0,-1,19,6,6,-1,0,0,0,0,4,0,4,1,-1,9,1,43,7,1968,2,16,AUDI A3,7,E01012582,0,1
2024552401392,2024,552401392,2,9,0,18,19,8,4,0,0,0,1,0,1,4,3,1,6,6,2,52,8,1395,1,8,AUDI A3,10,E01020386,0,4
2024520402875,2024,520402875,1,9,0,18,19,8,4,0,0,8,0,0,0,0,3,1,6,6,1,28,6,1781,1,25,AUDI A3,4,E01029171,0,2
2024401396385,2024,401396385,1,9,0,-1,19,2,6,-1,0,0,1,0,0,0,1,1,-1,9,-1,-1,-1,1968,2,17,AUDI A3,-1,-1,0,-1
2024070779354,2024,070779354,1,9,0,-1,9,2,6,-1,0,8,0,0,0,0,1,1,-1,9,1,53,8,1968,2,18,AUDI A3,1,E01012430,0,1
2024531476213,2024,531476213,1,9,0,-1,19,5,1,-1,0,0,1,0,0,0,3,1,-1,9,1,54,8,1968,2,17,AUDI A3,5,E01014035,0,4
2024471439115,2024,471439115,1,9,0,-1,7,1,5,-1,0,2,5,0,2,0,4,1,-1,9,1,23,5,1595,1,14,AUDI A3,6,E01021199,0,1
2024101415430,2024,101415430,1,9,0,-1,19,1,6,-1,0,4,0,0,0,0,3,1,-1,9,2,61,9,1498,1,1,AUDI A3,4,E01020661,0,3
2024041397080,2024,041397080,2,9,0,-1,6,5,5,-1,0,8,0,0,0,0,3,1,-1,9,2,35,6,1598,2,11,AUDI A3,10,W01000135,0,4
2024131400699,2024,131400699,1,9,0,-1,-1,-1,-1,-1,-1,0,-1,-1,-1,-1,-1,1,-1,6,3,-1,-1,1968,2,14,AUDI A3,-1,-1,0,-1
2024430454234,2024,430454234,1,9,0,18,19,6,2,0,0,8,0,9,3,10,1,1,6,6,1,-1,-1,1598,2,7,AUDI A3,-1,-1,0,-1
2024622400347,2024,622400347,2,9,0,18,19,2,6,0,0,1,0,0,0,0,1,1,6,6,1,35,6,1968,2,14,AUDI A3,1,W01000934,0,2
2024010515957,2024,010515957,2,9,0,9,9,6,4,0,0,8,0,0,0,0,1,1,6,6,3,24,5,1598,2,10,AUDI A3,2,E01002067,0,4
2024010497427,2024,010497427,5,9,0,4,4,3,7,0,0,8,0,0,0,0,2,1,6,6,2,62,9,1968,2,6,AUDI A3,5,E01002621,0,2
2024311408675,2024,311408675,1,9,0,-1,9,5,1,-1,1,1,0,0,0,0,2,1,-1,9,1,30,6,1595,1,15,AUDI A3,3,E01013971,0,1
2024141435781,2024,141435781,4,9,0,-1,19,6,3,-1,0,0,0,0,0,0,4,1,-1,2,1,21,5,1498,1,2,AUDI A3,6,E01007620,0,1
2024141488941,2024,141488941,1,9,0,-1,19,2,6,-1,0,1,0,0,0,0,1,1,-1,9,1,24,5,1968,2,15,AUDI A3,1,E01007809,0,1
2024421442076,2024,421442076,1,9,0,-1,9,4,1,-1,0,8,0,0,0,0,4,1,-1,2,1,29,6,1598,2,10,AUDI A3,10,E01021958,0,4
2024201467638,2024,201467638,1,9,0,-1,19,6,2,-1,0,0,5,4,0,0,1,9,-1,6,1,-1,-1,999,1,1,AUDI A3,-1,-1,0,-1
202454E732624,2024,54E732624,2,9,0,4,4,5,1,0,0,0,0,0,0,0,2,1,6,6,2,40,7,1498,1,7,AUDI A3,5,E01031982,0,3
2024351466996,2024,351466996,2,9,0,-1,19,1,5,-1,0,0,0,0,0,0,4,1,-1,6,1,20,4,1390,1,14,AUDI A3,10,E01013804,0,3
2024131516972,2024,131516972,1,9,0,-1,9,3,5,-1,0,0,0,0,0,0,1,1,-1,9,2,22,5,1598,2,14,AUDI A3,1,E01010653,0,1
2024010501764,2024,010501764,1,9,0,99,99,9,9,99,99,9,9,99,9,99,9,9,6,6,1,29,6,3189,1,19,AUDI A3,3,E01004305,0,1
2024201496881,2024,201496881,1,9,0,-1,2,0,0,-1,0,0,0,0,0,0,2,1,-1,2,1,34,6,1598,2,13,AUDI A3,-1,-1,0,-1
2024421531465,2024,421531465,1,9,0,-1,19,7,3,-1,0,2,0,4,0,0,1,2,-1,2,1,42,7,1595,1,16,AUDI A3,6,E01023499,0,4
2024430366477,2024,430366477,1,9,0,18,19,8,4,0,0,2,0,0,0,0,4,1,2,2,1,35,6,1968,2,13,AUDI A3,10,E01017689,0,4
2024041455049,2024,041455049,2,9,0,-1,19,7,3,-1,0,0,0,0,0,0,2,1,-1,9,2,42,7,1395,8,0,AUDI A3,7,E01025411,0,1
2024201510763,2024,201510763,1,9,0,-1,19,4,8,-1,0,0,0,0,0,0,1,9,-1,6,3,-1,-1,1968,2,16,AUDI A3,-1,-1,0,-1
2024471482440,2024,471482440,2,9,0,-1,19,3,7,-1,0,0,0,0,0,0,1,1,-1,9,2,46,8,1798,1,14,AUDI A3,10,E01021023,0,1
2024131514491,2024,131514491,1,9,0,-1,19,3,7,-1,0,2,1,10,1,10,1,1,-1,9,1,22,5,1395,1,10,AUDI A3,1,E01011362,0,1
2024552400477,2024,552400477,2,9,0,18,19,6,2,0,0,0,0,0,0,0,2,1,2,2,2,75,10,1968,2,14,AUDI A3,7,E01020495,0,4
2024501530513,2024,501530513,1,9,0,-1,19,5,1,-1,0,1,5,0,0,0,1,1,-1,6,2,24,5,1598,2,12,AUDI A3,6,E01018957,0,1
2024430457365,2024,430457365,3,9,0,3,3,6,2,0,0,8,0,0,0,0,2,1,6,6,2,42,7,1595,2,14,AUDI A3,6,E01028451,0,1
2024231484093,2024,231484093,2,9,0,-1,12,4,8,-1,0,0,0,0,0,0,2,1,-1,6,1,32,6,1598,2,9,AUDI A3,1,E01025188,0,5
2024631428447,2024,631428447,1,9,0,-1,19,5,2,-1,0,0,5,0,2,3,1,1,-1,9,1,42,7,999,1,3,AUDI A3,7,W01000813,0,4
2024131536097,2024,131536097,1,9,0,-1,19,5,1,-1,0,0,0,0,0,0,4,1,-1,9,2,41,7,1968,2,8,AUDI A3,1,E01011344,0,1
2024501472295,2024,501472295,1,9,0,-1,19,7,3,-1,0,0,1,0,0,0,1,9,-1,6,1,19,4,1968,2,15,AUDI A3,4,E01015164,0,1
2024131472792,2024,131472792,2,9,0,-1,9,1,3,-1,0,6,0,0,0,0,4,1,-1,6,1,42,7,1968,2,16,AUDI A3,5,E01035045,0,1
2024071073219,2024,071073219,2,9,0,-1,19,5,1,-1,0,0,0,0,2,4,1,1,-1,9,1,54,8,1395,8,2,AUDI A3,-1,-1,0,-1
2024401461226,2024,401461226,4,9,0,-1,2,0,0,-1,0,0,0,0,0,0,2,1,-1,6,-1,-1,-1,1968,2,11,AUDI A3,-1,-1,0,-1
2024421406414,2024,421406414,2,9,0,-1,7,-1,-1,-1,0,0,0,0,0,0,4,1,-1,6,2,29,6,999,1,3,AUDI A3,6,E01021722,0,1
2024201535833,2024,201535833,2,9,0,-1,4,5,1,-1,0,0,0,0,0,0,2,9,-1,9,1,54,8,1498,1,3,AUDI A3,10,E01026300,0,4
2024522402976,2024,522402976,2,9,0,7,7,5,7,0,0,4,0,0,0,0,1,1,6,6,2,-1,-1,1395,1,11,AUDI A3,7,W01001677,0,4
2024440342828,2024,440342828,1,9,0,18,19,7,3,0,0,8,0,0,1,2,1,1,6,6,2,31,6,1968,2,16,AUDI A3,6,E01023081,0,1
2024101483456,2024,101483456,1,9,0,-1,19,3,7,-1,0,1,0,0,0,0,1,1,-1,9,1,32,6,999,1,5,AUDI A3,-1,-1,0,-1
2024141419422,2024,141419422,2,9,0,-1,19,7,3,-1,0,1,0,0,0,0,4,2,-1,9,2,69,10,1896,2,17,AUDI A3,5,E01034253,0,1
2024061460047,2024,061460047,2,9,0,-1,19,1,5,-1,0,8,0,0,7,0,4,1,-1,9,1,40,7,1598,2,10,AUDI A3,2,E01005337,0,1
2024070621056,2024,070621056,2,9,0,-1,-1,5,1,0,0,8,0,0,0,0,4,1,6,6,1,51,8,1968,2,7,AUDI A3,5,E01018620,0,1
2024122500117,2024,122500117,2,9,0,4,4,6,1,0,0,1,0,0,0,0,2,1,6,6,1,30,6,1498,1,2,AUDI A3,7,E01013412,0,1
2024311531143,2024,311531143,1,9,0,-1,19,3,7,-1,0,0,0,0,0,0,1,1,-1,9,1,37,7,1968,2,12,AUDI A3,-1,-1,0,-1
2024010509229,2024,010509229,1,9,9,3,3,5,1,0,0,9,9,0,0,0,9,1,6,6,1,-1,-1,1968,2,8,AUDI A3,-1,-1,0,-1
2024101498091,2024,101498091,2,9,0,-1,3,6,2,-1,0,4,0,0,0,0,2,2,-1,6,2,33,6,1968,2,9,AUDI A3,8,E01008207,0,1
2024131442597,2024,131442597,2,9,0,-1,2,8,4,-1,0,2,0,0,0,0,3,1,-1,6,3,-1,-1,1896,2,16,AUDI A3,-1,-1,0,-1
2024440242280,2024,440242280,2,9,0,18,19,2,6,0,0,1,0,0,0,0,4,1,6,6,2,36,7,1968,2,17,AUDI A3,9,E01022643,0,1
2024201483240,2024,201483240,4,9,0,-1,19,1,5,-1,0,0,0,0,0,0,1,1,-1,6,-1,20,4,1896,2,17,AUDI A3,-1,-1,0,-1
2024320455566,2024,320455566,1,9,0,-1,-1,8,4,0,0,0,2,0,7,9,1,1,-1,-1,1,21,5,1395,8,3,AUDI A3,-1,-1,0,-1
2024061461517,2024,061461517,1,9,0,-1,19,8,4,-1,0,8,0,7,2,0,1,1,-1,9,1,24,5,1598,2,14,AUDI A3,1,E01005382,0,1
2024411450310,2024,411450310,1,9,-1,-1,-1,-1,-1,-1,-1,-1,-1,-1,-1,0,-1,9,-1,6,3,-1,-1,1968,2,18,AUDI A3,-1,-1,0,-1
2024231496613,2024,231496613,1,9,0,-1,9,3,1,-1,0,6,0,0,0,0,1,1,-1,9,1,31,6,1968,2,7,AUDI A3,7,E01031011,0,1
2024552401329,2024,552401329,1,9,0,18,19,8,4,0,0,0,0,0,0,0,1,1,6,6,2,28,6,1968,2,18,AUDI A3,5,E01020469,0,2
2024031415068,2024,031415068,1,9,0,-1,19,7,3,-1,0,0,0,0,0,0,1,1,-1,1,1,23,5,1968,2,20,AUDI A3,-1,-1,0,-1
2024061419474,2024,061419474,1,9,0,-1,4,2,6,-1,0,0,0,0,0,0,1,9,-1,6,2,22,5,1197,1,12,AUDI A3,1,E01004811,0,2
2024622400388,2024,622400388,1,9,0,18,19,8,4,0,0,3,5,0,0,0,4,1,6,6,1,34,6,1896,2,15,AUDI A3,9,W01001029,0,4
2024461498671,2024,461498671,1,9,0,-1,19,5,1,-1,0,1,0,0,0,0,1,1,-1,6,1,51,8,1498,1,5,AUDI A3,10,E01033025,0,5
2024010520576,2024,010520576,1,9,0,99,99,9,9,99,99,9,9,99,9,99,2,9,2,2,1,31,6,1395,1,10,AUDI A3,5,E01001708,0,2
2024201441569,2024,201441569,2,9,0,-1,3,7,3,-1,0,0,0,0,0,0,4,1,-1,6,2,28,6,1395,1,8,AUDI A3,3,E01009084,0,1
2024010547168,2024,010547168,1,9,0,9,9,1,6,0,0,2,0,0,0,0,4,1,6,6,2,26,6,1395,1,11,AUDI A3,3,E01003269,0,3
2024041494032,2024,041494032,1,9,0,-1,6,7,3,-1,0,1,0,0,0,0,4,1,-1,7,2,42,7,1395,1,15,AUDI A3,4,E01005494,0,1
2024052402888,2024,052402888,1,9,0,18,19,5,1,0,0,1,0,0,0,0,1,1,6,6,2,35,6,1498,1,1,AUDI A3,2,E01034833,0,1
2024430242711,2024,430242711,2,9,0,18,19,2,5,0,0,8,0,0,0,0,3,1,6,6,1,28,6,1595,1,16,AUDI A3,-1,-1,0,-1
2024031449812,2024,031449812,2,9,0,-1,9,5,2,-1,0,6,0,0,0,0,1,1,-1,6,1,20,4,1968,2,13,AUDI A3,-1,-1,0,-1
2024440546251,2024,440546251,2,9,0,5,5,1,5,0,0,6,0,0,0,0,1,1,2,2,1,43,7,1896,2,15,AUDI A3,1,E01027431,0,5
2024061464268,2024,061464268,2,9,0,-1,19,2,6,-1,0,0,0,0,0,0,1,1,-1,9,1,74,10,1968,2,14,AUDI A3,8,E01011205,0,4
2024010517047,2024,010517047,2,9,0,99,99,9,9,99,99,9,9,99,9,99,9,9,6,6,3,-1,-1,1498,1,1,AUDI A3,-1,-1,0,-1
2024201504058,2024,201504058,1,9,0,-1,19,5,1,-1,0,7,0,0,0,0,1,9,-1,6,1,25,5,1598,2,9,AUDI A3,-1,-1,0,-1
2024211501356,2024,211501356,1,9,0,-1,4,3,5,-1,0,0,0,0,0,0,2,1,-1,6,1,25,5,1598,2,13,AUDI A3,3,E01029850,0,1
2024430279608,2024,430279608,2,9,0,3,3,1,5,0,0,8,0,0,0,0,2,1,6,6,1,23,5,1896,2,15,AUDI A3,9,E01028634,0,1
2024471407717,2024,471407717,2,9,0,-1,19,3,7,-1,0,2,0,0,0,0,0,1,-1,6,2,28,6,1595,1,16,AUDI A3,6,E01035322,0,1
2024421466201,2024,421466201,2,9,0,-1,9,1,8,-1,0,0,0,0,0,0,1,1,-1,9,2,36,7,1968,2,18,AUDI A3,9,E01021943,0,1
2024461494280,2024,461494280,1,9,0,-1,9,5,2,-1,0,1,0,0,0,0,4,1,-1,6,2,36,7,1968,2,10,AUDI A3,7,E01024691,0,1
2024430494094,2024,430494094,2,9,0,18,19,2,6,0,0,8,0,0,0,0,1,1,2,2,1,35,6,1968,2,4,AUDI A3,2,E01028435,0,4
2024531469868,2024,531469868,2,9,0,-1,4,3,7,-1,0,0,0,0,0,0,2,2,-1,2,1,31,6,1896,2,15,AUDI A3,3,E01022286,0,1
2024131491730,2024,131491730,2,9,0,-1,19,8,4,-1,0,0,0,0,4,0,3,1,-1,2,1,43,7,1498,1,2,AUDI A3,5,E01011877,0,1
2024631499092,2024,631499092,2,9,0,-1,19,6,2,-1,0,8,1,0,0,0,1,1,-1,1,2,23,5,1968,2,17,AUDI A3,8,W01000534,0,4
2024131402576,2024,131402576,2,9,0,-1,9,1,7,-1,0,3,0,0,0,0,4,1,-1,6,2,25,5,1598,2,13,AUDI A3,8,E01034587,0,1
2024010545187,2024,010545187,2,9,0,18,19,7,3,0,0,8,0,0,0,0,3,1,6,6,2,25,5,1598,2,7,AUDI A3,-1,-1,0,-1
2024010522620,2024,010522620,1,9,0,99,99,9,9,99,99,9,9,99,9,99,1,9,6,6,1,27,6,1395,1,10,AUDI A3,7,E01017800,0,4
2024041530724,2024,041530724,2,9,0,-1,19,5,1,-1,0,0,0,7,0,0,3,1,-1,6,-1,-1,-1,1968,2,8,AUDI A3,-1,-1,0,-1
2024061505149,2024,061505149,1,9,0,-1,19,1,5,-1,0,0,0,0,7,0,4,1,-1,2,1,24,5,1395,1,8,AUDI A3,6,E01005901,0,2
2024991402303,2024,991402303,1,9,0,-1,19,1,6,-1,0,0,0,0,0,0,1,1,-1,9,1,69,10,1498,1,5,AUDI A3,4,-1,0,4
2024401454241,2024,401454241,1,9,0,-1,13,7,3,-1,0,0,0,0,0,0,4,1,-1,6,-1,-1,-1,1968,2,5,AUDI A3,-1,-1,0,-1
2024131483252,2024,131483252,1,9,0,-1,19,3,7,-1,0,1,0,10,0,0,1,1,-1,9,2,27,6,1598,2,10,AUDI A3,1,E01010744,0,1
2024201409173,2024,201409173,1,9,0,-1,19,2,8,-1,0,1,0,0,0,0,1,1,-1,6,1,35,6,1598,2,12,AUDI A3,2,E01009833,0,1
2024991407521,2024,991407521,2,9,0,-1,19,6,2,-1,0,0,1,0,1,0,1,1,-1,6,1,39,7,1984,1,21,AUDI A3,8,-1,0,4
2024440352087,2024,440352087,1,9,0,18,19,5,1,0,0,8,0,0,0,0,4,1,2,2,1,39,7,1896,2,15,AUDI A3,4,E01012713,0,5
2024320072936,2024,320072936,2,9,0,-1,-1,8,3,0,0,0,0,0,0,0,1,1,6,6,2,23,5,1498,1,6,AUDI A3,4,E01013534,0,4
2024061490797,2024,061490797,1,9,0,-1,3,-1,-1,-1,99,0,0,0,0,0,2,1,-1,9,2,31,6,1968,2,9,AUDI A3,3,E01006003,0,1
2024430366159,2024,430366159,2,9,0,18,19,8,4,0,0,4,0,0,0,0,0,1,6,6,2,27,6,1395,8,0,AUDI A3,6,E01016218,0,1
2024361397119,2024,361397119,2,9,0,-1,2,0,0,-1,0,0,0,0,0,0,3,2,-1,2,2,60,9,1968,2,17,AUDI A3,5,E01026776,0,3
2024010528859,2024,010528859,1,9,0,99,99,9,9,99,99,9,9,99,9,99,4,9,6,6,1,26,6,999,1,0,AUDI A3,3,E01001492,0,1
2024991481840,2024,991481840,1,9,0,-1,19,7,3,-1,0,0,0,0,0,0,0,1,-1,2,1,25,5,1498,1,0,AUDI A3,-1,-1,0,-1
2024622400216,2024,622400216,1,9,0,18,19,4,8,0,0,0,0,0,7,0,1,1,6,6,3,-1,-1,999,1,6,AUDI A3,-1,-1,0,-1
2024221399399,2024,221399399,2,9,0,-1,19,3,7,-1,0,8,0,0,0,0,1,1,-1,6,2,34,6,1984,1,8,AUDI A3,5,E01014009,0,1
2024010500073,2024,010500073,1,9,0,9,9,7,5,0,0,2,0,0,0,0,1,1,6,6,2,36,7,1598,2,9,AUDI A3,3,E01003983,0,1
2024141508589,2024,141508589,1,9,0,-1,19,1,5,-1,0,1,2,7,0,0,1,9,-1,6,2,30,6,1595,1,16,AUDI A3,1,E01007352,0,2
2024440387486,2024,440387486,1,9,0,18,19,4,8,0,0,0,0,0,0,0,3,1,6,6,1,18,4,1595,1,15,AUDI A3,10,E01023231,0,1
2024131503064,2024,131503064,1,9,0,-1,-1,-1,-1,-1,-1,8,-1,-1,-1,0,-1,1,-1,6,3,-1,-1,1968,2,9,AUDI A3,-1,-1,0,-1
2024101478223,2024,101478223,1,9,0,-1,19,6,2,-1,0,1,0,0,0,0,1,1,-1,6,2,51,8,1968,2,12,AUDI A3,-1,-1,0,-1
2024340WN4092,2024,340WN4092,1,9,0,-1,19,5,1,-1,0,0,0,0,0,0,1,1,-1,6,1,59,9,1968,2,4,AUDI A3,2,E01008145,0,5
2024010517295,2024,010517295,2,9,0,13,13,1,5,0,0,1,0,0,0,0,1,1,6,6,1,20,4,1598,2,8,AUDI A3,6,E01035698,0,1
2024201453390,2024,201453390,3,9,0,-1,2,0,0,-1,0,0,0,0,0,0,4,1,-1,6,-1,-1,-1,1598,2,11,AUDI A3,-1,-1,0,-1
2024411512296,2024,411512296,2,9,0,-1,19,7,3,-1,0,0,0,0,0,0,1,1,-1,6,2,51,8,1395,1,10,AUDI A3,9,E01023352,0,1
2024201502014,2024,201502014,2,9,0,-1,3,7,3,-1,0,0,0,0,0,0,2,1,-1,6,1,31,6,1498,1,6,AUDI A3,2,E01010531,0,3
2024430089857,2024,430089857,2,9,0,8,8,1,3,0,0,1,0,0,0,0,1,1,6,6,1,39,7,1968,2,14,AUDI A3,8,E01035565,0,1
2024041491590,2024,041491590,2,9,0,-1,19,1,5,-1,0,0,0,0,0,0,2,1,-1,9,1,20,4,1968,2,10,AUDI A3,1,E01019142,0,4
2024111484126,2024,111484126,4,9,0,-1,19,5,1,-1,0,1,0,0,0,0,4,1,-1,6,2,-1,-1,1395,1,9,AUDI A3,2,E01020639,0,2
2024991442889,2024,991442889,2,9,0,-1,19,3,7,-1,0,8,0,0,0,0,4,1,-1,7,2,46,8,999,1,4,AUDI A3,-1,-1,0,-1
2024010538032,2024,010538032,2,9,0,9,9,1,7,0,0,5,0,0,0,0,1,1,6,6,1,24,5,999,1,3,AUDI A3,5,E01000277,0,2
2024351452566,2024,351452566,1,9,0,-1,9,5,8,-1,0,6,0,0,0,0,4,1,-1,2,1,29,6,1498,1,6,AUDI A3,8,E01018254,0,1
2024531531417,2024,531531417,2,9,0,-1,2,0,0,-1,9,0,0,0,0,0,2,1,-1,6,-1,-1,-1,1968,2,17,AUDI A3,-1,-1,0,-1
2024991457207,2024,991457207,2,9,0,-1,19,3,7,-1,0,0,0,0,0,0,4,1,-1,2,2,59,9,1197,1,10,AUDI A3,5,-1,0,2
2024010526328,2024,010526328,2,9,0,14,14,5,1,0,0,1,1,0,0,0,1,1,6,6,1,25,5,1968,2,11,AUDI A3,3,E01022738,0,5
2024520403238,2024,520403238,1,9,0,18,19,8,4,0,0,0,0,0,0,0,1,1,6,6,1,24,5,1598,2,11,AUDI A3,5,E01029222,0,1
2024501500268,2024,501500268,2,9,0,-1,19,5,1,-1,0,0,0,0,0,0,2,1,-1,9,1,22,5,1968,2,14,AUDI A3,3,E01015270,0,4
2024131478037,2024,131478037,1,9,0,-1,19,5,1,-1,0,8,1,0,1,11,1,1,-1,6,-1,-1,-1,1896,2,16,AUDI A3,-1,-1,0,-1
2024461501603,2024,461501603,2,9,0,-1,99,1,5,-1,0,0,0,0,0,0,1,9,-1,6,3,-1,-1,1968,2,9,AUDI A3,-1,-1,0,-1
2024070592372,2024,070592372,2,9,0,2,2,0,0,0,0,0,1,10,1,2,3,1,6,6,1,25,5,999,1,7,AUDI A3,2,E01034056,0,4
2024522401311,2024,522401311,3,9,0,18,19,7,3,0,0,2,0,0,0,0,3,1,6,6,1,50,8,1197,1,9,AUDI A3,10,E01014874,0,3
2024010516579,2024,010516579,2,9,0,99,99,9,9,99,99,0,9,99,9,99,9,9,6,6,1,41,7,1498,1,1,AUDI A3,6,E01003255,0,1
2024371508689,2024,371508689,2,9,0,-1,2,0,0,-1,9,0,0,0,0,0,2,1,-1,6,-1,-1,-1,1968,2,16,AUDI A3,-1,-1,0,-1
2024361509784,2024,361509784,2,9,0,-1,19,6,2,-1,0,0,5,0,7,0,1,1,-1,2,1,22,5,1896,2,15,AUDI A3,4,E01026807,0,4
2024201501678,2024,201501678,1,9,0,-1,10,7,5,-1,0,1,0,0,0,0,2,1,-1,7,2,40,7,1598,2,7,AUDI A3,4,E01009879,0,1
2024311428268,2024,311428268,1,9,0,-1,4,3,7,-1,0,0,0,0,0,0,1,1,-1,6,1,26,6,1968,2,12,AUDI A3,4,E01027975,0,3
2024010525811,2024,010525811,2,9,0,18,19,5,1,0,0,1,0,0,0,0,1,1,6,6,1,55,8,1798,1,15,AUDI A3,-1,-1,0,-1
2024031470200,2024,031470200,1,9,0,-1,15,2,8,-1,0,1,0,0,0,0,1,1,-1,9,1,75,10,1395,1,9,AUDI A3,2,E01019267,0,1
2024430414992,2024,430414992,3,9,0,18,19,1,5,0,0,8,0,0,0,0,3,1,6,6,1,68,10,999,1,1,AUDI A3,6,E01028479,0,2
2024010548886,2024,010548886,1,9,0,4,4,1,5,0,0,8,0,0,0,0,1,1,3,7,1,39,7,1395,1,10,AUDI A3,9,E01003360,0,1
2024371461346,2024,371461346,1,9,0,-1,19,1,5,-1,0,0,0,0,0,0,3,1,-1,2,1,29,6,1968,2,17,AUDI A3,-1,-1,0,-1
2024401423107,2024,401423107,2,9,0,-1,3,1,5,-1,0,1,0,0,0,0,2,1,-1,6,2,41,7,1984,1,19,AUDI A3,1,E01017477,0,1
2024531430698,2024,531430698,2,9,0,-1,3,1,5,-1,0,0,0,0,0,0,2,1,-1,6,2,20,4,1968,2,18,AUDI A3,4,E01022241,0,4
2024451441633,2024,451441633,2,9,0,-1,4,6,2,-1,0,1,0,0,0,0,2,1,-1,9,1,39,7,1968,1,18,AUDI A3,7,E01030972,0,2
2024041490788,2024,041490788,1,9,0,-1,19,5,3,-1,0,0,0,0,0,0,1,1,-1,9,1,80,11,1598,2,10,AUDI A3,8,E01025551,0,1
2024131398307,2024,131398307,1,9,0,-1,2,1,1,-1,0,0,0,0,0,0,3,1,-1,1,1,54,8,1896,2,15,AUDI A3,2,E01011681,0,1
2024451483593,2024,451483593,2,9,0,-1,19,1,5,-1,0,1,1,0,0,0,1,1,-1,9,2,27,6,1968,2,16,AUDI A3,10,E01030870,0,1
2024211431996,2024,211431996,1,9,0,-1,2,0,0,-1,0,0,0,0,0,0,2,1,-1,9,1,34,6,1395,1,11,AUDI A3,1,E01013568,0,3
2024131541899,2024,131541899,1,9,0,-1,19,1,5,-1,0,0,5,0,0,0,1,1,-1,9,2,24,5,1498,1,3,AUDI A3,7,E01013026,0,4
2024010530503,2024,010530503,3,9,9,3,3,3,7,0,0,1,9,99,9,99,9,9,6,6,1,64,9,1498,1,3,AUDI A3,10,E01024752,0,3
2024041489807,2024,041489807,1,9,0,-1,19,3,7,-1,0,1,2,0,0,0,1,1,-1,6,1,18,4,999,1,6,AUDI A3,2,E01025291,0,1
2024010532878,2024,010532878,1,9,0,99,99,9,9,99,99,9,9,99,9,99,2,9,1,1,1,31,6,1968,2,2,AUDI A3,6,E01004637,0,1
2024311463974,2024,311463974,1,9,0,-1,19,4,8,-1,0,0,0,0,0,0,1,1,-1,9,1,19,4,1598,2,12,AUDI A3,-1,-1,0,-1
2024991475849,2024,991475849,2,9,0,-1,2,0,0,-1,0,1,0,0,0,0,3,1,-1,6,-1,-1,-1,1498,1,3,AUDI A3,-1,-1,0,-1