collision_index,collision_year,collision_ref_no,vehicle_reference,vehicle_type,towing_and_articulation,vehicle_manoeuvre_historic,vehicle_manoeuvre,vehicle_direction_from,vehicle_direction_to,vehicle_location_restricted_lane_historic,vehicle_location_restricted_lane,junction_location,skidding_and_overturning,hit_object_in_carriageway,vehicle_leaving_carriageway,hit_object_off_carriageway,first_point_of_impact,vehicle_left_hand_drive,journey_purpose_of_driver_historic,journey_purpose_of_driver,sex_of_driver,age_of_driver,age_band_of_driver,engine_capacity_cc,propulsion_code,age_of_vehicle,generic_make_model,driver_imd_decile,lsoa_of_driver,escooter_flag,driver_distance_banding
2024201530484,2024,201530484,2,9,0,-1,19,1,5,-1,0,0,1,0,0,0,2,1,-1,9,2,23,5,1595,1,16,AUDI A3,1,E01009338,0,2
2024610036724,2024,610036724,1,9,0,18,19,-1,-1,0,0,2,5,0,0,0,1,1,6,6,1,53,8,1968,2,16,AUDI A3,2,W01001334,0,2
2024131424030,2024,131424030,2,9,0,-1,2,0,0,-1,0,0,0,0,0,0,2,1,-1,6,-1,-1,-1,1598,2,12,AUDI A3,-1,-1,0,-1
2024131463980,2024,131463980,1,9,0,-1,11,1,5,-1,0,8,0,0,0,0,1,1,-1,6,3,-1,-1,1968,2,14,AUDI A3,1,E01011029,0,1
2024522500009,2024,522500009,1,9,0,18,19,2,6,0,0,0,0,0,0,0,1,1,6,6,2,37,7,1968,2,12,AUDI A3,7,E01022376,0,4
2024061475624,2024,061475624,1,9,0,-1,9,-1,-1,-1,99,0,0,0,0,0,3,1,-1,9,2,35,6,1968,2,13,AUDI A3,4,E01006228,0,1
2024010516994,2024,010516994,1,9,0,99,99,9,9,99,99,9,9,99,9,99,2,9,6,6,1,20,4,999,1,0,AUDI A3,4,E01003090,0,1
2024351510726,2024,351510726,6,9,0,-1,19,1,5,-1,0,0,0,0,0,0,1,1,-1,2,1,33,6,1968,2,12,AUDI A3,6,E01026210,0,4
2024201425635,2024,201425635,1,9,0,-1,19,5,3,-1,0,0,0,0,0,0,1,9,-1,6,1,-1,-1,1595,1,16,AUDI A3,-1,-1,0,-1
2024131486157,2024,131486157,1,9,0,-1,7,7,7,-1,9,8,0,0,1,0,1,1,-1,6,1,18,4,1968,2,13,AUDI A3,4,E01011921,0,1
2024501452661,2024,501452661,2,9,0,-1,19,7,3,-1,0,0,0,0,0,0,2,1,-1,9,2,46,8,1968,2,19,AUDI A3,3,E01018893,0,3
2024461528490,2024,461528490,2,9,0,-1,19,5,1,-1,0,0,0,0,0,0,3,1,-1,6,1,18,4,1595,1,15,AUDI A3,5,E01024243,0,1
2024231452029,2024,231452029,1,9,0,-1,19,2,6,-1,0,0,2,0,1,9,1,1,-1,9,1,42,7,1968,2,14,AUDI A3,8,E01031280,0,1
2024010521061,2024,010521061,2,9,0,9,9,5,4,0,0,5,0,0,0,0,4,1,6,6,1,31,6,1595,1,20,AUDI A3,8,E01004170,0,3
2024461482064,2024,461482064,2,9,0,-1,19,7,3,-1,0,0,1,0,2,0,3,9,-1,6,1,51,8,1395,8,3,AUDI A3,10,E01028534,0,5
2024201534784,2024,201534784,1,9,0,-1,7,1,4,-1,0,0,0,0,1,0,0,1,-1,6,1,25,5,1968,2,8,AUDI A3,-1,-1,0,-1
2024401482117,2024,401482117,2,9,0,-1,19,-1,-1,-1,0,8,0,0,0,0,3,1,-1,9,1,38,7,1595,1,12,AUDI A3,2,E01015735,0,1
2024421461337,2024,421461337,2,9,0,-1,19,5,1,-1,0,0,0,0,0,0,2,1,-1,2,1,23,5,1498,1,7,AUDI A3,10,E01028381,0,5
2024041513270,2024,041513270,1,9,0,-1,-1,-1,-1,-1,-1,8,-1,-1,-1,0,1,1,-1,6,1,19,4,1968,2,16,AUDI A3,2,E01025072,0,1
2024201492431,2024,201492431,2,9,0,-1,19,6,2,-1,0,8,0,0,0,0,1,1,-1,6,1,24,5,1968,2,8,AUDI A3,1,E01009485,0,1
2024010534952,2024,010534952,1,9,0,8,8,3,5,0,0,1,0,0,0,0,0,1,6,6,2,31,6,1395,1,10,AUDI A3,4,E01001061,0,1
2024991425642,2024,991425642,1,9,0,-1,19,3,7,-1,0,0,1,0,4,6,3,1,-1,2,1,18,4,999,1,4,AUDI A3,9,-1,0,5
2024201456030,2024,201456030,1,9,0,-1,19,8,4,-1,0,2,0,10,1,0,1,9,-1,6,1,34,6,999,1,1,AUDI A3,5,E01008925,0,2
2024631474435,2024,631474435,2,9,0,-1,19,7,3,-1,0,8,0,0,0,0,4,1,-1,9,1,21,5,1968,2,6,AUDI A3,4,W01000535,0,2
2024061530208,2024,061530208,2,9,0,-1,19,2,6,-1,0,0,0,0,0,0,1,1,-1,9,1,27,6,1896,2,14,AUDI A3,1,E01025528,0,4
2024010511971,2024,010511971,1,9,0,7,7,5,7,0,0,8,1,0,7,0,4,1,6,6,1,18,4,999,1,0,AUDI A3,3,E01034219,0,1
2024471497859,2024,471497859,2,9,0,-1,2,0,0,-1,-1,2,0,4,0,0,2,1,-1,7,2,28,6,1968,2,15,AUDI A3,5,E01021047,0,1
2024010539750,2024,010539750,2,9,0,99,99,9,9,99,99,9,9,99,9,99,9,9,6,6,3,-1,-1,1498,1,0,AUDI A3,-1,-1,0,-1
2024010541079,2024,010541079,1,9,0,99,99,9,9,99,99,6,9,99,9,99,9,9,6,6,3,-1,-1,1197,1,14,AUDI A3,-1,-1,0,-1
2024430323243,2024,430323243,2,9,0,18,19,4,8,0,0,0,0,0,0,0,2,1,6,6,2,-1,-1,1595,1,15,AUDI A3,6,E01031234,0,4
2024371499610,2024,371499610,2,9,0,-1,19,2,6,-1,0,0,1,0,0,0,1,1,-1,1,1,32,6,1498,1,3,AUDI A3,3,E01016505,0,5
2024122401156,2024,122401156,1,9,0,7,7,5,7,0,0,5,0,0,0,0,1,1,6,6,1,48,8,1968,2,15,AUDI A3,6,E01027790,0,4
2024010516759,2024,010516759,1,9,0,99,99,9,9,99,99,9,9,99,9,99,2,9,6,6,1,33,6,1498,1,4,AUDI A3,8,E01001039,0,1
2024991514736,2024,991514736,3,9,0,-1,2,3,3,-1,0,0,0,0,0,0,2,1,-1,9,1,31,6,1968,2,11,AUDI A3,8,-1,0,3
2024052402152,2024,052402152,1,9,0,9,9,4,2,0,0,1,0,0,0,0,1,1,6,6,2,32,6,1968,2,11,AUDI A3,1,E01006673,0,1
2024010498640,2024,010498640,2,9,0,12,12,7,3,0,0,0,0,0,0,0,1,1,6,6,3,-1,-1,1498,1,3,AUDI A3,-1,-1,0,-1
2024421477502,2024,421477502,3,9,0,-1,10,0,0,-1,0,1,0,0,0,0,3,1,-1,9,2,32,6,1598,2,10,AUDI A3,3,E01022050,0,2
2024010527537,2024,010527537,3,9,0,99,99,9,9,99,99,9,9,99,9,99,9,9,6,6,3,-1,-1,1598,2,11,AUDI A3,-1,-1,0,-1
2024501440079,2024,501440079,2,9,0,-1,19,3,7,-1,0,0,1,0,0,0,1,1,-1,6,1,40,7,1968,2,18,AUDI A3,5,E01019938,0,5
2024351464806,2024,351464806,2,9,-1,-1,-1,-1,-1,-1,-1,0,-1,-1,-1,0,-1,9,-1,6,2,19,4,1968,2,10,AUDI A3,5,E01018208,0,3
2024430063608,2024,430063608,1,9,0,18,19,7,3,0,0,1,0,0,0,0,1,1,6,6,1,30,6,1598,2,13,AUDI A3,-1,-1,0,-1
2024610041824,2024,610041824,3,9,0,5,5,4,8,0,0,0,0,0,0,0,0,1,6,6,1,38,7,1896,2,15,AUDI A3,2,W01001482,0,1
2024991402937,2024,991402937,2,9,0,-1,19,5,8,-1,0,8,0,0,0,0,1,1,-1,9,1,26,6,1968,2,13,AUDI A3,-1,-1,0,-1
2024010501726,2024,010501726,2,9,0,18,19,5,1,0,0,0,0,0,0,0,1,1,6,6,1,20,4,1598,2,5,AUDI A3,-1,-1,0,-1
2024061465321,2024,061465321,2,9,0,-1,-1,-1,-1,-1,-1,0,-1,-1,-1,0,1,9,-1,6,3,-1,-1,1968,2,14,AUDI A3,-1,-1,0,-1
2024401527547,2024,401527547,1,9,0,-1,19,7,3,-1,0,0,5,0,0,0,3,1,-1,1,2,42,7,1595,1,19,AUDI A3,2,E01015735,0,1
2024201463568,2024,201463568,1,9,0,-1,5,1,5,-1,0,3,0,0,0,0,2,1,-1,9,2,27,6,1395,1,9,AUDI A3,2,E01010265,0,3
2024041529340,2024,041529340,1,9,0,-1,9,6,2,-1,0,4,0,0,0,0,1,1,-1,9,1,26,6,1968,2,10,AUDI A3,1,E01025083,0,2
2024041414072,2024,041414072,2,9,0,-1,5,3,1,-1,0,1,0,0,0,0,3,1,-1,2,1,29,6,1395,8,3,AUDI A3,3,E01012632,0,1
2024332401188,2024,332401188,2,9,0,-1,2,0,0,-1,0,2,0,0,0,0,2,1,-1,6,3,-1,-1,1498,1,7,AUDI A3,-1,-1,0,-1
2024610023624,2024,610023624,2,9,0,18,19,8,4,0,0,4,0,0,0,0,1,1,1,1,1,32,6,1395,1,11,AUDI A3,4,W01001438,0,4
2024471438712,2024,471438712,1,9,0,-1,1,5,1,-1,0,2,0,0,0,0,2,9,-1,6,2,28,6,1798,1,12,AUDI A3,7,E01031349,0,1
2024141451372,2024,141451372,1,9,0,-1,19,7,3,-1,0,0,0,0,0,0,1,9,-1,6,1,24,5,1896,2,15,AUDI A3,1,E01007718,0,1
2024440345502,2024,440345502,2,9,0,18,19,0,0,0,0,0,0,0,0,0,1,1,6,6,3,-1,-1,1968,2,2,AUDI A3,-1,-1,0,-1
2024501496476,2024,501496476,1,9,0,-1,5,7,3,-1,0,2,0,0,1,1,1,1,-1,9,2,21,5,1598,2,11,AUDI A3,6,E01019060,0,1
2024461431951,2024,461431951,2,9,0,-1,7,1,7,-1,0,2,0,0,0,0,1,1,-1,2,2,24,5,1598,2,9,AUDI A3,7,E01024553,0,2
2024010522790,2024,010522790,2,9,0,99,99,9,9,99,99,9,9,99,9,99,1,9,6,6,3,-1,-1,1395,1,11,AUDI A3,-1,-1,0,-1
2024010548246,2024,010548246,1,9,0,18,19,4,8,0,0,1,0,0,0,0,1,1,6,6,1,25,5,1498,1,7,AUDI A3,-1,-1,0,-1
2024131482893,2024,131482893,2,9,0,-1,9,3,8,-1,0,8,0,0,0,0,4,1,-1,2,2,40,7,1968,2,10,AUDI A3,1,E01010654,0,1
2024461461215,2024,461461215,1,9,0,-1,19,7,3,-1,0,1,0,0,0,0,3,9,-1,7,1,37,7,999,1,4,AUDI A3,5,E01035298,0,1
2024010520377,2024,010520377,1,9,0,99,99,9,9,99,99,9,9,99,9,99,1,9,2,2,2,52,8,999,1,7,AUDI A3,8,E01015682,0,5
2024201534922,2024,201534922,1,9,0,-1,7,1,5,-1,0,5,0,0,7,0,1,1,-1,6,1,34,6,1896,2,16,AUDI A3,-1,-1,0,-1
2024991527997,2024,991527997,1,9,0,-1,9,7,6,-1,0,1,0,0,0,0,1,1,-1,9,1,29,6,1984,1,7,AUDI A3,2,-1,0,2
2024522401468,2024,522401468,4,9,0,4,4,1,5,0,0,0,1,1,0,0,1,1,6,6,1,64,9,1197,1,9,AUDI A3,4,E01035115,0,3
2024991537721,2024,991537721,3,9,0,-1,19,7,3,-1,0,1,0,0,0,0,1,1,-1,9,1,22,5,1498,1,5,AUDI A3,2,-1,0,1
2024101437766,2024,101437766,1,9,0,-1,19,5,1,-1,0,4,0,0,0,0,1,9,-1,6,1,-1,-1,1968,2,15,AUDI A3,-1,-1,0,-1
2024351455234,2024,351455234,2,9,0,-1,19,3,7,-1,0,1,0,0,0,0,1,1,-1,9,1,54,8,1598,2,13,AUDI A3,6,E01018170,0,1
2024061419865,2024,061419865,2,9,0,-1,9,5,7,-1,0,0,0,0,1,0,2,1,-1,6,1,84,11,1598,2,13,AUDI A3,5,E01005402,0,1
2024131524098,2024,131524098,1,9,0,-1,19,3,7,-1,0,0,0,0,0,0,2,1,-1,6,1,29,6,1598,2,9,AUDI A3,2,E01011000,0,2
2024991531692,2024,991531692,2,9,0,-1,19,6,2,-1,0,1,0,0,0,0,1,1,-1,2,1,56,9,1498,1,3,AUDI A3,9,-1,0,1
2024552400065,2024,552400065,2,9,0,3,3,8,4,0,0,1,0,0,0,0,2,1,6,6,2,54,8,1395,1,11,AUDI A3,6,E01015355,0,2
2024421491002,2024,421491002,2,9,0,-1,10,1,3,-1,0,1,0,0,0,0,2,1,-1,6,2,45,7,1395,1,8,AUDI A3,5,E01021976,0,1
2024421474552,2024,421474552,1,9,0,-1,19,6,2,-1,0,0,5,0,7,0,1,1,-1,9,1,21,5,1395,1,9,AUDI A3,7,E01021540,0,2
2024351526629,2024,351526629,1,9,0,-1,19,1,5,-1,0,1,0,0,0,0,1,1,-1,9,1,33,6,1595,1,19,AUDI A3,2,E01018063,0,1
2024430259009,2024,430259009,1,9,0,13,13,8,4,0,0,0,1,0,0,0,1,1,6,6,1,19,4,1968,2,13,AUDI A3,5,E01017913,0,1
2024221404406,2024,221404406,1,9,0,-1,19,2,6,-1,0,0,5,0,0,0,1,1,-1,6,1,86,11,1395,1,8,AUDI A3,6,E01035061,0,1
2024501490700,2024,501490700,2,9,0,-1,13,1,5,-1,0,1,0,0,0,0,3,9,-1,6,3,-1,-1,1968,2,17,AUDI A3,-1,-1,0,-1
2024411495567,2024,411495567,1,9,0,-1,1,5,1,-1,0,1,0,0,0,0,2,1,-1,7,2,-1,-1,1968,2,19,AUDI A3,4,E01023652,0,1
2024471454099,2024,471454099,1,9,0,-1,19,8,4,-1,0,1,0,0,0,0,1,1,-1,9,1,31,6,1395,1,10,AUDI A3,1,E01011816,0,5
2024501491548,2024,501491548,1,9,0,-1,19,1,5,-1,9,0,0,0,7,0,1,1,-1,9,1,58,9,1498,1,3,AUDI A3,6,E01015225,0,1
2024131531412,2024,131531412,1,9,0,-1,19,7,3,-1,0,0,5,0,0,0,1,1,-1,6,1,27,6,1598,2,12,AUDI A3,1,E01010702,0,1
2024141422052,2024,141422052,2,9,0,-1,19,1,5,-1,0,1,0,4,0,0,3,1,-1,6,1,44,7,1395,8,4,AUDI A3,1,E01007875,0,1
2024061535628,2024,061535628,2,9,0,-1,7,3,5,-1,99,2,1,0,7,10,9,1,-1,6,3,-1,-1,1968,2,20,AUDI A3,-1,-1,0,-1
2024010529472,2024,010529472,2,9,0,2,2,0,0,0,0,0,0,0,0,0,3,1,6,6,3,-1,-1,1968,2,1,AUDI A3,-1,-1,0,-1
2024471410073,2024,471410073,1,9,0,-1,19,1,5,-1,0,0,0,0,0,0,1,1,-1,9,1,29,6,1968,2,18,AUDI A3,4,E01021002,0,1
2024201511515,2024,201511515,2,9,0,-1,19,6,2,-1,0,0,0,0,0,0,1,1,-1,6,1,53,8,1968,2,12,AUDI A3,1,E01010410,0,1
2024461450864,2024,461450864,1,9,0,-1,5,6,2,-1,0,1,0,0,0,0,1,1,-1,6,1,31,6,1968,2,20,AUDI A3,8,E01035013,0,1
2024211407342,2024,211407342,1,9,0,-1,6,6,6,-1,0,1,0,0,0,0,1,9,-1,1,1,30,6,1598,2,8,AUDI A3,2,E01014359,0,3
202460Q043365,2024,60Q043365,1,9,0,18,19,2,8,0,0,0,1,4,0,0,1,1,2,2,1,36,7,1395,8,2,AUDI A3,-1,-1,0,-1
2024010496012,2024,010496012,2,9,0,10,10,5,3,0,0,1,0,0,0,0,0,1,6,6,1,24,5,1598,2,9,AUDI A3,3,E01001262,0,1
2024101453615,2024,101453615,1,9,0,-1,19,1,5,-1,0,0,0,0,0,0,1,1,-1,6,1,30,6,1197,1,11,AUDI A3,2,E01008822,0,1
2024010531099,2024,010531099,1,9,0,18,19,2,6,0,0,0,0,0,0,0,1,1,6,6,1,27,6,1197,1,10,AUDI A3,2,E01004067,0,2
2024061477119,2024,061477119,6,9,0,-1,2,0,0,-1,0,0,0,0,0,0,1,1,-1,6,-1,-1,-1,1395,8,0,AUDI A3,-1,-1,0,-1
2024231460379,2024,231460379,2,9,0,-1,4,6,2,-1,0,0,0,0,0,0,2,1,-1,6,1,49,8,1968,1,19,AUDI A3,3,E01031077,0,3
2024010533812,2024,010533812,2,9,0,1,1,9,9,99,99,0,9,99,9,99,2,9,6,6,3,-1,-1,1395,1,10,AUDI A3,-1,-1,0,-1
2024451461344,2024,451461344,5,9,0,-1,3,3,7,-1,0,0,0,0,1,0,2,1,-1,9,2,35,6,1380,1,12,AUDI A3,8,E01030877,0,2
2024010517759,2024,010517759,1,9,0,18,19,7,3,0,0,0,0,0,0,0,1,1,6,6,2,35,6,1968,2,8,AUDI A3,4,E01002650,0,1
2024351450145,2024,351450145,1,9,-1,-1,-1,-1,-1,-1,-1,0,-1,-1,-1,0,-1,9,-1,6,1,25,5,1896,2,17,AUDI A3,1,E01012195,0,5
2024991503240,2024,991503240,2,9,0,-1,19,5,1,-1,0,1,0,0,0,0,1,1,-1,9,2,35,6,1395,1,9,AUDI A3,4,-1,0,1
2024361450847,2024,361450847,1,9,0,-1,19,6,3,-1,0,1,2,10,1,0,1,1,-1,9,1,26,6,1896,2,16,AUDI A3,6,E01026902,0,3
2024351475948,2024,351475948,1,9,0,-1,19,4,1,-1,0,0,1,0,1,10,1,1,-1,6,1,23,5,1896,2,15,AUDI A3,2,E01015612,0,4
2024041414031,2024,041414031,2,9,0,-1,4,3,7,-1,0,0,0,0,0,0,2,1,-1,6,1,22,5,1395,1,10,AUDI A3,7,E01025029,0,1
2024010533033,2024,010533033,2,9,0,99,99,9,9,99,99,9,9,99,9,99,9,9,6,6,3,-1,-1,1595,1,16,AUDI A3,-1,-1,0,-1
2024371500670,2024,371500670,2,9,0,-1,4,2,6,-1,0,0,0,0,0,0,2,1,-1,2,2,34,6,1598,2,9,AUDI A3,3,E01030255,0,4
2024320223866,2024,320223866,2,9,0,3,3,2,6,0,0,1,0,0,0,0,2,1,6,6,2,36,7,999,1,6,AUDI A3,4,E01026121,0,3
2024010509964,2024,010509964,1,9,0,18,19,5,1,0,0,2,0,0,0,0,1,1,6,6,2,28,6,999,1,3,AUDI A3,7,E01000843,0,1
2024010522114,2024,010522114,1,9,0,2,2,0,0,99,99,9,9,99,9,99,9,9,6,6,3,-1,-1,999,1,1,AUDI A3,-1,-1,0,-1
2024141511015,2024,141511015,1,9,0,-1,2,0,0,-1,0,0,0,0,0,0,3,1,-1,6,1,43,7,1598,2,9,AUDI A3,2,E01008112,0,2
2024421518184,2024,421518184,1,9,-1,-1,19,-1,-1,-1,0,0,0,0,0,0,-1,9,-1,6,3,-1,-1,1395,1,10,AUDI A3,-1,-1,0,-1
2024320467782,2024,320467782,1,9,0,-1,-1,8,4,0,0,0,0,0,0,0,1,1,-1,-1,2,20,4,999,1,0,AUDI A3,7,E01034706,0,3
2024361423517,2024,361423517,2,9,0,-1,19,7,3,-1,0,2,0,0,0,0,1,1,-1,2,2,46,8,1498,1,1,AUDI A3,8,E01026587,0,4
2024531488860,2024,531488860,2,9,0,-1,19,2,6,-1,0,8,0,0,1,0,3,1,-1,9,2,22,5,1968,2,14,AUDI A3,5,E01022334,0,1
2024031517399,2024,031517399,1,9,0,-1,5,8,4,-1,0,0,0,0,0,0,1,1,-1,2,1,27,6,999,1,2,AUDI A3,-1,-1,0,-1
2024522402681,2024,522402681,1,9,0,18,19,5,1,0,0,0,0,0,1,3,4,1,6,6,1,48,8,1395,1,7,AUDI A3,10,E01014903,0,1
2024201439726,2024,201439726,2,9,0,-1,9,1,2,-1,0,0,1,0,0,0,2,1,-1,9,2,31,6,1395,1,10,AUDI A3,1,E01008966,0,1
2024411489551,2024,411489551,2,9,0,-1,-1,-1,-1,-1,-1,-1,-1,-1,-1,0,2,9,-1,2,2,29,6,1197,1,8,AUDI A3,4,E01021853,0,2
2024010532277,2024,010532277,1,9,0,18,19,5,1,0,0,0,0,0,0,0,1,1,6,6,2,31,6,1595,1,13,AUDI A3,9,E01017470,0,4
2024431474016,2024,431474016,1,9,0,-1,11,5,1,-1,0,0,0,0,0,0,3,1,-1,1,1,26,6,1395,8,1,AUDI A3,9,E01031039,0,5
2024311448967,2024,311448967,1,9,0,-1,19,3,6,-1,0,2,0,0,0,0,3,1,-1,6,1,23,5,1395,1,9,AUDI A3,8,E01002294,0,5
2024010504056,2024,010504056,1,9,0,3,3,5,1,1,1,1,0,0,0,0,2,1,1,1,1,28,6,1395,1,10,AUDI A3,2,E01003246,0,1
2024131511104,2024,131511104,3,9,0,-1,2,0,0,-1,0,2,0,0,0,0,2,1,-1,6,-1,-1,-1,1968,2,13,AUDI A3,-1,-1,0,-1
2024622400448,2024,622400448,1,9,0,18,19,4,7,0,0,0,0,4,0,0,1,1,6,6,2,34,6,1968,2,12,AUDI A3,1,W01001883,0,1
2024430218261,2024,430218261,1,9,0,9,9,5,3,0,0,5,0,0,0,0,1,1,2,2,1,25,5,1968,2,9,AUDI A3,10,E01028572,0,2
2024440454533,2024,440454533,1,9,0,16,19,8,3,0,0,1,1,0,1,4,3,1,6,6,1,47,8,999,1,6,AUDI A3,6,E01023042,0,1
2024010534296,2024,010534296,1,9,0,18,19,6,2,0,0,0,0,0,0,0,4,1,6,6,2,44,7,1498,1,7,AUDI A3,10,E01002195,0,1
2024421522610,2024,421522610,1,9,0,-1,19,1,5,-1,0,0,0,0,0,0,1,1,-1,9,2,46,8,1896,2,17,AUDI A3,9,E01021395,0,1
2024461516386,2024,461516386,1,9,0,-1,19,3,7,-1,0,1,1,0,1,0,3,1,-1,9,1,43,7,1896,2,19,AUDI A3,5,E01024342,0,1
2024631523699,2024,631523699,1,9,0,-1,9,6,4,-1,0,5,0,0,0,0,4,1,-1,9,1,23,5,1498,1,6,AUDI A3,6,W01000674,0,4
2024991469079,2024,991469079,1,9,0,-1,9,3,5,-1,9,5,1,4,1,2,1,1,-1,2,1,28,6,1968,2,14,AUDI A3,1,-1,0,1
2024201464339,2024,201464339,3,9,0,-1,2,0,0,-1,0,0,0,0,0,0,2,1,-1,6,-1,-1,-1,1498,1,6,AUDI A3,-1,-1,0,-1
2024302401381,2024,302401381,2,9,0,18,19,5,1,0,0,8,0,0,7,11,1,1,6,6,2,49,8,1498,1,0,AUDI A3,3,E01019503,0,1
2024461526488,2024,461526488,2,9,0,-1,4,3,6,-1,0,1,0,0,1,0,2,1,-1,9,1,45,7,1598,2,12,AUDI A3,5,E01024238,0,4
2024211480877,2024,211480877,1,9,0,-1,15,5,4,-1,0,0,1,0,0,0,4,2,-1,9,2,36,7,1968,2,8,AUDI A3,5,E01031037,0,1
2024622400223,2024,622400223,1,9,0,18,19,4,8,0,0,0,0,0,0,0,1,1,2,2,1,22,5,1598,2,5,AUDI A3,4,W01001286,0,1
2024221504951,2024,221504951,1,9,0,-1,9,7,5,-1,0,5,0,0,0,0,1,1,-1,6,2,34,6,1598,2,8,AUDI A3,5,E01032306,0,1
2024311475985,2024,311475985,2,9,0,-1,10,7,5,-1,0,1,0,0,0,0,3,1,-1,6,2,55,8,1598,2,12,AUDI A3,1,E01013862,0,1
2024131502909,2024,131502909,1,9,0,-1,19,7,4,-1,0,0,0,0,0,0,2,1,-1,9,2,24,5,1968,2,16,AUDI A3,4,E01011263,0,1
2024131438837,2024,131438837,1,9,0,-1,19,3,7,-1,0,0,0,0,1,4,1,1,-1,7,2,33,6,1968,2,14,AUDI A3,2,E01010619,0,1
2024411567945,2024,411567945,1,9,0,-1,19,3,7,-1,0,0,0,0,0,0,1,1,-1,6,1,20,4,999,1,4,AUDI A3,3,E01023865,0,1
2024041478067,2024,041478067,1,9,0,-1,19,1,5,-1,0,3,0,0,0,0,1,1,-1,9,2,18,4,999,1,0,AUDI A3,5,E01012719,0,1
2024411412774,2024,411412774,2,9,0,-1,9,3,1,-1,0,6,0,0,0,0,3,1,-1,6,1,25,5,1798,1,14,AUDI A3,10,E01020401,0,5
2024010500196,2024,010500196,2,9,0,99,99,9,9,99,99,9,9,99,9,99,9,9,6,6,3,-1,-1,1395,1,10,AUDI A3,-1,-1,0,-1
2024041517511,2024,041517511,1,9,0,-1,9,3,7,-1,0,2,0,0,0,0,1,9,-1,6,1,65,9,1498,1,0,AUDI A3,2,E01012590,0,1
2024122400667,2024,122400667,2,9,0,3,3,3,7,0,0,0,0,0,0,0,2,1,6,6,1,35,6,1595,2,14,AUDI A3,6,E01027769,0,1
2024201449217,2024,201449217,1,9,0,-1,19,6,2,-1,0,1,0,0,0,0,1,9,-1,6,1,-1,-1,1968,2,16,AUDI A3,-1,-1,0,-1
2024991514591,2024,991514591,1,9,0,-1,19,2,6,-1,0,1,0,0,0,0,1,1,-1,9,2,37,7,1968,2,3,AUDI A3,8,-1,0,1
2024131399869,2024,131399869,1,9,0,-1,19,5,5,-1,0,8,0,0,0,0,1,1,-1,2,2,24,5,1968,2,11,AUDI A3,2,E01011754,0,2
2024010539661,2024,010539661,3,9,0,2,2,0,0,0,0,1,0,0,0,0,2,1,6,6,3,-1,-1,1498,1,3,AUDI A3,-1,-1,0,-1
2024010519272,2024,010519272,2,9,0,7,7,3,5,0,0,1,0,0,0,0,3,1,6,6,1,22,5,999,1,0,AUDI A3,3,E01001830,0,1
2024471449652,2024,471449652,1,9,0,-1,9,7,3,-1,0,5,0,0,7,0,4,1,-1,9,2,66,10,1498,1,1,AUDI A3,7,E01021184,0,2
2024141394916,2024,141394916,2,9,0,-1,9,7,6,-1,0,0,0,0,0,0,3,9,-1,6,1,71,10,1498,1,1,AUDI A3,5,E01008045,0,1
2024010518788,2024,010518788,2,9,0,18,19,7,3,0,0,6,0,0,0,0,1,1,6,6,1,32,6,1984,1,18,AUDI A3,-1,-1,0,-1
2024991542415,2024,991542415,2,9,0,-1,7,2,4,-1,0,1,0,0,0,0,1,1,-1,6,2,25,5,1968,2,3,AUDI A3,3,-1,0,1
2024141472633,2024,141472633,1,9,0,-1,19,7,2,-1,0,1,0,0,0,0,1,1,-1,6,1,36,7,1968,2,9,AUDI A3,1,E01007949,0,1
2024320275284,2024,320275284,2,9,0,3,3,4,8,0,0,1,0,0,0,0,1,1,-1,-1,1,61,9,1395,1,8,AUDI A3,9,E01026354,0,1
2024622400604,2024,622400604,2,9,0,17,19,4,8,0,0,0,0,0,0,0,1,1,6,6,3,-1,-1,1968,1,18,AUDI A3,-1,-1,0,-1
2024010502464,2024,010502464,2,9,0,2,2,0,0,0,0,0,0,0,0,0,3,1,6,6,3,-1,-1,1395,8,2,AUDI A3,-1,-1,0,-1
2024141467654,2024,141467654,2,9,0,-1,19,7,3,-1,0,1,0,0,0,0,3,1,-1,9,1,31,6,1896,2,15,AUDI A3,4,E01008150,0,1
2024141426873,2024,141426873,2,9,0,-1,19,8,4,-1,0,0,0,0,0,0,1,1,-1,6,1,27,6,1968,2,16,AUDI A3,1,E01008119,0,1
2024531420558,2024,531420558,1,9,0,-1,5,8,4,-1,0,4,0,0,0,0,1,1,-1,6,1,22,5,1968,2,15,AUDI A3,2,E01022322,0,1
2024340WN6962,2024,340WN6962,2,9,0,-1,19,5,1,-1,0,0,0,0,0,0,3,1,-1,6,1,18,4,1598,2,9,AUDI A3,3,E01027227,0,1
2024371489342,2024,371489342,1,9,0,-1,19,1,4,-1,0,0,0,0,0,0,1,1,-1,6,1,18,4,1395,1,10,AUDI A3,6,E01018049,0,3
2024010517930,2024,010517930,1,9,0,18,19,5,1,0,0,0,0,4,0,0,4,1,6,6,2,27,6,999,1,5,AUDI A3,6,E01002433,0,1
2024010524630,2024,010524630,2,9,9,99,99,9,9,99,99,9,9,99,9,99,9,9,6,6,3,-1,-1,1598,2,7,AUDI A3,-1,-1,0,-1
2024340WN3612,2024,340WN3612,1,9,0,-1,19,3,7,-1,0,0,0,0,1,0,0,1,-1,6,1,42,7,1595,1,18,AUDI A3,3,E01027312,0,2