collision_index,collision_year,collision_ref_no,vehicle_reference,vehicle_type,towing_and_articulation,vehicle_manoeuvre_historic,vehicle_manoeuvre,vehicle_direction_from,vehicle_direction_to,vehicle_location_restricted_lane_historic,vehicle_location_restricted_lane,junction_location,skidding_and_overturning,hit_object_in_carriageway,vehicle_leaving_carriageway,hit_object_off_carriageway,first_point_of_impact,vehicle_left_hand_drive,journey_purpose_of_driver_historic,journey_purpose_of_driver,sex_of_driver,age_of_driver,age_band_of_driver,engine_capacity_cc,propulsion_code,age_of_vehicle,generic_make_model,driver_imd_decile,lsoa_of_driver,escooter_flag,driver_distance_banding
2024501497059,2024,501497059,1,9,0,-1,7,8,2,-1,0,6,0,0,0,0,1,1,-1,9,2,45,7,1598,2,11,AUDI A3,9,E01020316,0,1
2024010502370,2024,010502370,2,9,0,99,99,9,9,99,99,9,9,99,9,99,1,9,6,6,3,-1,-1,1968,2,18,AUDI A3,-1,-1,0,-1
2024052401490,2024,052401490,3,9,0,18,19,3,7,0,0,0,0,0,0,0,2,1,6,6,1,41,7,1968,2,15,AUDI A3,1,E01024875,0,4
2024421485545,2024,421485545,2,9,0,-1,7,8,2,-1,0,1,0,0,0,0,2,1,-1,9,2,39,7,1498,1,0,AUDI A3,8,E01002209,0,4
2024361513316,2024,361513316,1,9,0,-1,19,-1,-1,-1,0,0,0,0,0,0,-1,1,-1,6,1,54,8,1968,2,17,AUDI A3,5,E01026768,0,2
2024010525950,2024,010525950,2,9,0,2,2,0,0,0,0,2,0,0,0,0,2,1,6,6,3,-1,-1,1395,8,0,AUDI A3,-1,-1,0,-1
2024201456042,2024,201456042,1,9,0,-1,14,-1,-1,-1,0,8,0,0,7,0,1,9,-1,6,3,-1,-1,1968,2,14,AUDI A3,-1,-1,0,-1
2024211472033,2024,211472033,2,9,0,-1,7,6,3,-1,0,6,0,0,1,0,1,1,-1,9,1,20,4,1968,2,18,AUDI A3,-1,-1,0,-1
2024332400305,2024,332400305,1,9,0,-1,10,4,2,-1,0,1,0,0,0,0,2,1,-1,2,2,26,6,1498,1,3,AUDI A3,10,E01025773,0,2
2024361417519,2024,361417519,1,9,0,-1,19,7,3,-1,0,8,0,0,0,0,1,1,-1,6,2,31,6,1968,2,10,AUDI A3,5,E01030281,0,3
2024311449657,2024,311449657,2,9,0,-1,8,2,3,-1,0,1,0,0,0,0,1,1,-1,6,1,21,5,1395,1,10,AUDI A3,-1,-1,0,-1
2024201411389,2024,201411389,2,9,0,-1,19,2,8,-1,0,0,0,10,7,0,3,1,-1,6,1,50,8,1598,2,9,AUDI A3,1,E01009892,0,1
2024101398475,2024,101398475,2,9,0,-1,4,5,5,-1,0,0,2,4,0,0,4,1,-1,2,1,33,6,1968,2,18,AUDI A3,-1,-1,0,-1
2024421417146,2024,421417146,1,9,0,-1,9,1,7,-1,0,8,0,0,0,0,1,1,-1,2,1,21,5,1896,2,22,AUDI A3,9,E01021257,0,3
2024061472580,2024,061472580,1,9,0,-1,19,7,3,-1,0,0,0,0,0,0,1,1,-1,6,2,21,5,1968,2,4,AUDI A3,4,E01033685,0,1
2024320167957,2024,320167957,1,9,0,-1,-1,4,8,0,0,0,0,0,0,0,1,1,-1,-1,2,41,7,1968,2,18,AUDI A3,4,E01026245,0,1
2024421466226,2024,421466226,1,9,0,-1,1,5,1,-1,0,6,0,0,0,0,2,9,-1,6,3,-1,-1,1595,1,20,AUDI A3,-1,-1,0,-1
2024361510154,2024,361510154,1,9,0,-1,4,6,3,-1,0,0,2,10,0,0,3,1,-1,9,1,30,6,1968,2,11,AUDI A3,7,E01026436,0,3
2024010519480,2024,010519480,4,9,0,2,2,0,0,0,0,2,0,4,0,0,2,1,6,6,3,-1,-1,1395,8,0,AUDI A3,-1,-1,0,-1
2024320741041,2024,320741041,1,9,0,13,13,2,6,0,0,1,1,0,7,10,1,1,-1,-1,1,34,6,1968,2,14,AUDI A3,-1,-1,0,-1
2024231524818,2024,231524818,2,9,0,-1,2,0,0,-1,9,0,0,0,0,0,3,9,-1,6,1,45,7,1968,2,9,AUDI A3,4,E01031087,0,1
2024010549557,2024,010549557,1,9,0,99,99,9,9,99,99,9,9,99,9,99,9,9,6,6,1,38,7,999,1,5,AUDI A3,2,E01002074,0,1
2024991499013,2024,991499013,2,9,0,-1,19,4,7,-1,0,0,0,0,0,0,2,1,-1,9,1,47,8,1498,1,3,AUDI A3,5,-1,0,4
2024211411378,2024,211411378,2,9,0,-1,4,6,2,-1,0,4,1,0,0,0,1,1,-1,6,1,30,6,1968,2,10,AUDI A3,2,E01018388,0,1
2024061397366,2024,061397366,1,9,0,-1,9,6,2,-1,0,2,0,0,0,0,1,1,-1,6,1,23,5,999,1,4,AUDI A3,5,E01005993,0,1
2024311441781,2024,311441781,2,9,0,-1,19,7,3,-1,0,8,0,0,0,0,2,1,-1,9,1,25,5,1968,2,9,AUDI A3,1,E01013865,0,1
2024131499967,2024,131499967,2,9,0,-1,2,0,0,-1,0,8,0,0,0,0,3,1,-1,6,-1,-1,-1,1498,1,3,AUDI A3,-1,-1,0,-1
2024010504776,2024,010504776,2,9,0,9,9,7,5,0,0,1,0,0,0,0,1,1,6,6,1,38,7,1984,1,21,AUDI A3,3,E01003979,0,1
2024141510990,2024,141510990,2,9,0,-1,2,0,0,-1,0,1,0,0,2,0,3,1,-1,6,-1,-1,-1,1390,1,14,AUDI A3,-1,-1,0,-1
2024520402986,2024,520402986,1,9,0,18,19,7,3,0,0,8,0,0,0,0,1,1,6,6,1,46,8,1395,1,10,AUDI A3,9,E01029263,0,1
2024010528955,2024,010528955,1,9,0,3,3,9,9,99,99,0,9,99,9,99,9,9,6,6,2,25,5,999,1,0,AUDI A3,3,E01004011,0,2
2024131519661,2024,131519661,2,9,0,-1,2,0,0,-1,0,0,0,0,1,0,1,1,-1,6,-1,-1,-1,1598,2,9,AUDI A3,-1,-1,0,-1
2024010528292,2024,010528292,3,9,0,18,19,5,1,0,0,1,0,0,0,0,1,1,6,6,1,19,4,1498,1,5,AUDI A3,7,E01003408,0,3
2024302400220,2024,302400220,2,9,0,18,19,6,2,0,0,0,0,0,0,0,1,1,2,2,1,28,6,1595,1,16,AUDI A3,8,E01019765,0,2
2024332400024,2024,332400024,2,9,0,-1,3,8,4,-1,0,0,0,0,0,0,2,1,-1,2,2,38,7,1968,2,8,AUDI A3,4,E01031067,0,2
202460Q125681,2024,60Q125681,2,9,0,18,19,7,3,0,0,1,0,0,1,0,3,1,6,6,2,20,4,1968,2,16,AUDI A3,-1,-1,0,-1
2024541420724,2024,541420724,2,9,0,18,19,6,2,0,0,8,0,0,0,0,4,1,1,1,1,38,7,1598,2,13,AUDI A3,8,E01032688,0,3
2024131464255,2024,131464255,1,9,0,-1,19,5,1,-1,0,8,0,0,0,0,1,1,-1,9,2,21,5,1598,2,4,AUDI A3,1,E01010838,0,1
2024461530097,2024,461530097,3,9,0,-1,2,0,0,-1,0,1,0,0,0,0,1,1,-1,6,-1,-1,-1,1595,1,17,AUDI A3,-1,-1,0,-1
2024401521534,2024,401521534,2,9,-1,-1,-1,-1,-1,-1,-1,-1,-1,-1,-1,0,-1,9,-1,9,2,30,6,1968,2,8,AUDI A3,7,E01015694,0,1
2024471422608,2024,471422608,3,9,0,-1,2,0,0,-1,0,1,0,0,0,0,4,1,-1,6,-1,-1,-1,3189,1,19,AUDI A3,-1,-1,0,-1
2024010529077,2024,010529077,1,9,0,99,99,9,9,99,99,9,9,99,9,99,1,9,6,6,3,-1,-1,1968,2,18,AUDI A3,-1,-1,0,-1
2024501466759,2024,501466759,1,9,0,-1,19,5,1,-1,0,0,2,0,1,10,1,9,-1,6,1,32,6,1968,2,15,AUDI A3,9,E01019958,0,3
2024131494453,2024,131494453,1,9,0,-1,19,1,5,-1,0,8,0,0,0,0,3,1,-1,6,3,-1,-1,1598,2,10,AUDI A3,-1,-1,0,-1
2024522401209,2024,522401209,2,9,0,18,19,2,6,0,0,0,0,4,0,0,1,1,6,6,1,24,5,1395,8,6,AUDI A3,9,E01014993,0,1
2024010508082,2024,010508082,1,9,0,99,99,9,9,99,99,9,9,99,9,99,2,9,6,6,2,22,5,1390,1,16,AUDI A3,4,E01000488,0,2
2024440502971,2024,440502971,1,9,0,14,14,7,3,0,0,8,0,0,0,0,1,1,6,6,2,56,9,1968,2,17,AUDI A3,3,E01034713,0,1
2024311526710,2024,311526710,1,9,0,-1,19,3,8,-1,0,1,0,0,2,0,4,1,-1,6,1,20,4,1896,2,17,AUDI A3,-1,-1,0,-1
2024520401988,2024,520401988,1,9,0,18,19,2,6,0,0,0,1,0,1,7,1,1,6,6,2,28,6,1598,2,13,AUDI A3,9,E01029273,0,1
2024411466367,2024,411466367,1,9,0,-1,19,3,7,-1,0,1,0,0,0,0,1,1,-1,6,1,37,7,1984,1,14,AUDI A3,10,E01023550,0,1
2024201454882,2024,201454882,1,9,0,-1,19,6,2,-1,0,1,0,0,0,0,1,1,-1,6,1,27,6,1598,2,10,AUDI A3,1,E01009269,0,1
2024131397460,2024,131397460,1,9,0,-1,19,3,7,-1,0,0,0,0,0,0,1,1,-1,9,2,28,6,1598,2,11,AUDI A3,5,E01010788,0,1
2024161501231,2024,161501231,1,9,0,-1,19,5,3,-1,0,0,0,0,0,0,1,1,-1,6,2,55,8,1968,2,7,AUDI A3,5,E01012824,0,1
2024401519903,2024,401519903,1,9,0,-1,9,5,3,-1,0,8,0,0,0,0,1,1,-1,2,1,48,8,1896,2,22,AUDI A3,4,E01015792,0,1
2024010535398,2024,010535398,1,9,0,18,19,2,6,0,0,2,0,0,0,0,1,2,6,6,1,30,6,1498,1,0,AUDI A3,3,E01002105,0,2
2024201407263,2024,201407263,1,9,0,-1,19,4,8,-1,0,8,0,0,0,0,3,9,-1,6,3,-1,-1,1498,1,1,AUDI A3,-1,-1,0,-1
2024471443448,2024,471443448,1,9,0,-1,9,2,8,-1,0,1,0,0,0,0,3,1,-1,9,2,79,11,1395,1,9,AUDI A3,7,E01021142,0,1
2024302401173,2024,302401173,2,9,0,9,9,8,5,0,0,8,0,0,0,0,1,1,6,6,1,44,7,1968,2,11,AUDI A3,6,E01019620,0,3
2024332400919,2024,332400919,2,9,0,-1,19,5,1,-1,0,8,0,0,0,0,1,1,-1,6,3,-1,-1,1598,2,9,AUDI A3,-1,-1,0,-1
2024991499159,2024,991499159,2,9,0,-1,19,3,7,-1,0,0,1,0,1,0,1,1,-1,6,1,54,8,1984,1,6,AUDI A3,8,-1,0,4
2024221481776,2024,221481776,1,9,0,-1,13,3,7,-1,0,8,0,0,0,0,1,1,-1,2,1,35,6,1968,2,18,AUDI A3,4,E01022240,0,3
2024522403162,2024,522403162,1,9,0,18,19,4,8,0,0,8,0,0,0,0,4,1,6,6,1,25,5,1598,2,9,AUDI A3,7,E01014670,0,1
2024131423973,2024,131423973,2,9,0,-1,9,1,5,-1,0,8,0,0,0,0,3,1,-1,1,1,25,5,1598,2,11,AUDI A3,1,E01011559,0,1
2024501445712,2024,501445712,1,9,0,-1,19,7,3,-1,-1,0,1,0,1,4,3,1,-1,9,1,35,6,1968,2,10,AUDI A3,5,E01034643,0,3
2024430065438,2024,430065438,1,9,0,11,11,8,4,0,0,0,0,0,0,0,4,1,6,6,1,27,6,1498,1,4,AUDI A3,5,E01033836,0,3
2024061400982,2024,061400982,2,9,0,-1,19,3,7,-1,0,8,0,0,0,0,1,1,-1,9,2,33,6,1595,2,14,AUDI A3,6,E01011074,0,3
2024991489784,2024,991489784,1,9,0,-1,9,7,5,-1,0,1,0,0,0,0,1,1,-1,6,1,17,4,999,1,3,AUDI A3,10,-1,0,1
2024231491082,2024,231491082,1,9,0,-1,19,7,3,-1,0,1,0,0,0,0,1,1,-1,1,1,20,4,1968,2,8,AUDI A3,9,E01031112,0,1
2024031426086,2024,031426086,1,9,0,-1,19,1,1,-1,0,8,0,0,0,0,1,1,-1,6,2,48,8,1968,2,8,AUDI A3,-1,-1,0,-1
2024471456149,2024,471456149,2,9,0,-1,3,7,3,-1,0,0,0,0,0,0,2,1,-1,6,1,30,6,1595,1,15,AUDI A3,5,E01031595,0,3
2024991405002,2024,991405002,3,9,0,-1,2,0,0,-1,9,0,0,0,0,0,3,1,-1,6,-1,-1,-1,1498,1,3,AUDI A3,-1,-1,0,-1
2024201398556,2024,201398556,1,9,0,-1,19,1,5,-1,0,0,0,0,0,0,1,9,-1,6,1,-1,-1,1498,1,4,AUDI A3,-1,-1,0,-1
2024471502922,2024,471502922,1,9,0,-1,19,2,7,-1,0,0,0,0,6,0,1,1,-1,9,1,44,7,1498,1,3,AUDI A3,3,E01021092,0,3
2024501468480,2024,501468480,1,9,0,-1,1,8,6,-1,0,1,0,0,0,0,2,1,-1,6,3,69,10,1984,1,7,AUDI A3,7,E01018879,0,1
2024201470484,2024,201470484,1,9,0,-1,19,8,4,-1,9,0,0,7,2,6,4,1,-1,6,2,25,5,1498,1,5,AUDI A3,1,E01009048,0,1
2024211516434,2024,211516434,2,9,0,-1,19,8,1,-1,0,1,2,11,0,0,1,1,-1,6,1,47,8,1968,1,17,AUDI A3,5,E01014365,0,2
2024131525801,2024,131525801,1,9,0,-1,9,2,6,-1,0,8,0,0,0,0,1,1,-1,6,-1,-1,-1,1968,2,18,AUDI A3,-1,-1,0,-1
2024141441692,2024,141441692,1,9,0,-1,19,7,3,-1,0,8,0,0,0,0,1,1,-1,6,-1,-1,-1,1896,2,16,AUDI A3,-1,-1,0,-1
2024440336460,2024,440336460,2,9,0,9,9,5,3,0,0,6,0,0,0,0,3,1,2,2,2,33,6,1896,2,17,AUDI A3,8,E01023048,0,2
2024430599569,2024,430599569,1,9,0,18,19,1,5,0,0,2,0,7,0,1,1,1,6,6,1,81,11,1197,1,12,AUDI A3,9,E01035760,0,3
2024501467572,2024,501467572,2,9,0,-1,2,0,0,-1,0,2,0,0,0,0,0,1,-1,6,-1,-1,-1,1984,1,17,AUDI A3,-1,-1,0,-1
2024061493268,2024,061493268,2,9,0,-1,3,2,5,-1,0,0,0,0,0,0,2,1,-1,6,1,52,8,1598,2,9,AUDI A3,1,E01005093,0,1
2024320587980,2024,320587980,1,9,0,9,9,7,5,0,0,5,0,0,0,0,1,1,-1,-1,2,52,8,1595,1,17,AUDI A3,-1,-1,0,-1
2024552401139,2024,552401139,1,9,0,18,19,2,6,0,0,0,0,0,0,0,1,1,6,6,1,44,7,1968,2,14,AUDI A3,-1,-1,0,-1
2024131433681,2024,131433681,1,9,0,-1,-1,-1,-1,-1,-1,8,-1,-1,-1,0,-1,1,-1,6,3,-1,-1,1968,2,14,AUDI A3,-1,-1,0,-1
2024471507797,2024,471507797,2,9,0,-1,4,3,7,-1,0,1,0,0,0,0,2,1,-1,9,1,33,6,1395,1,8,AUDI A3,3,E01031409,0,1
2024471418847,2024,471418847,1,9,0,-1,19,5,1,-1,0,1,0,0,7,0,1,1,-1,9,1,27,6,2480,1,13,AUDI A3,9,E01031722,0,2
2024471526231,2024,471526231,1,9,0,-1,19,6,2,-1,0,8,0,0,7,0,3,1,-1,9,2,25,5,1595,1,16,AUDI A3,8,E01032835,0,4
2024041529282,2024,041529282,1,9,0,-1,19,7,3,-1,0,8,0,0,0,0,4,1,-1,9,1,38,7,1595,1,14,AUDI A3,1,E01012574,0,1
2024320401144,2024,320401144,1,9,0,11,11,2,6,0,0,0,0,0,1,0,4,1,6,6,1,49,8,1968,2,4,AUDI A3,6,E01026100,0,3
2024411455207,2024,411455207,1,9,0,-1,19,6,2,-1,0,1,0,0,0,0,1,1,-1,6,2,66,10,1598,2,10,AUDI A3,9,E01017558,0,4
2024010523045,2024,010523045,2,9,0,18,19,3,7,0,0,1,0,0,0,0,1,1,6,6,2,30,6,1798,1,12,AUDI A3,5,E01003662,0,1
2024231479118,2024,231479118,2,9,0,-1,4,1,5,-1,0,1,0,0,0,0,2,9,-1,6,1,29,6,1598,2,11,AUDI A3,4,E01025988,0,4
2024520401526,2024,520401526,2,9,0,18,19,2,6,0,0,0,0,0,0,0,3,1,6,6,2,30,6,1390,1,16,AUDI A3,9,E01029263,0,1
2024471430153,2024,471430153,1,9,0,-1,19,4,8,-1,0,2,0,0,0,0,1,9,-1,6,3,-1,-1,1968,2,17,AUDI A3,-1,-1,0,-1
2024010511939,2024,010511939,2,9,0,15,15,5,1,0,0,0,1,0,0,0,1,1,6,6,3,-1,-1,1798,1,16,AUDI A3,-1,-1,0,-1
2024010492757,2024,010492757,1,9,0,5,5,3,7,0,0,1,0,0,0,0,4,1,6,6,1,43,7,1498,1,1,AUDI A3,6,E01001498,0,1
2024010532042,2024,010532042,1,9,0,18,19,3,7,0,0,8,0,0,0,0,3,1,6,6,1,56,9,1598,2,8,AUDI A3,1,E01004245,0,1
2024211408703,2024,211408703,2,9,0,-1,19,3,7,-1,0,4,2,9,3,1,1,1,-1,9,1,22,5,1498,1,5,AUDI A3,8,E01029751,0,3
2024010523314,2024,010523314,2,9,0,6,6,5,5,0,0,0,0,0,0,0,3,1,6,6,1,48,8,1498,1,6,AUDI A3,4,E01002313,0,1
2024221402134,2024,221402134,1,9,0,-1,19,6,1,-1,0,0,1,0,0,0,1,9,-1,6,2,25,5,1968,2,8,AUDI A3,4,E01028838,0,1
2024501453189,2024,501453189,2,9,0,-1,19,2,6,-1,0,1,0,0,0,0,1,1,-1,2,2,21,5,1595,1,19,AUDI A3,6,E01018981,0,1
2024031473106,2024,031473106,1,9,0,-1,5,6,2,-1,0,7,0,0,0,0,3,1,-1,6,2,40,7,999,1,1,AUDI A3,7,E01016728,0,5
2024311396619,2024,311396619,1,9,0,-1,19,6,2,-1,0,0,0,0,0,0,1,1,-1,6,3,30,6,1968,2,21,AUDI A3,-1,-1,0,-1
2024201503348,2024,201503348,2,9,0,-1,19,5,1,-1,0,0,0,0,0,0,1,1,-1,2,2,24,5,999,1,0,AUDI A3,3,E01008986,0,2
2024131451379,2024,131451379,2,9,0,-1,9,5,1,-1,0,8,1,0,7,0,4,1,-1,6,2,28,6,1968,2,6,AUDI A3,1,E01010838,0,1
2024010536887,2024,010536887,2,9,0,7,7,5,7,0,0,5,0,0,1,1,4,1,6,6,2,30,6,1984,1,7,AUDI A3,6,E01003949,0,1
2024421460564,2024,421460564,1,9,0,-1,6,1,5,-1,0,8,0,0,0,0,1,1,-1,6,1,59,9,1498,1,0,AUDI A3,3,E01003723,0,1
2024010528216,2024,010528216,1,9,0,99,99,9,9,99,99,0,9,99,9,99,2,9,6,6,1,51,8,1798,1,14,AUDI A3,9,E01002355,0,2
2024501418694,2024,501418694,1,9,0,-1,19,5,1,-1,0,0,0,0,0,0,4,9,-1,6,2,-1,-1,1968,2,17,AUDI A3,-1,-1,0,-1
2024991529183,2024,991529183,1,9,0,-1,19,2,6,-1,0,0,0,0,0,0,1,1,-1,2,1,23,5,1598,2,6,AUDI A3,-1,-1,0,-1
2024041470284,2024,041470284,1,9,0,-1,19,6,2,-1,0,0,0,4,0,0,2,1,-1,9,1,21,5,1968,2,12,AUDI A3,5,E01005520,0,2
2024332400305,2024,332400305,3,9,0,-1,19,4,8,-1,0,1,0,0,0,0,1,1,-1,2,2,43,7,1395,8,6,AUDI A3,6,E01025659,0,3
2024010498846,2024,010498846,1,9,0,9,9,1,7,0,0,5,0,0,0,0,1,1,6,6,3,39,7,1498,1,0,AUDI A3,-1,-1,0,-1
2024010530890,2024,010530890,1,9,0,4,4,5,1,0,0,0,0,0,0,0,2,1,6,6,1,25,5,1395,1,7,AUDI A3,2,E01001485,0,1
2024501531551,2024,501531551,5,9,0,-1,2,0,0,-1,0,0,0,4,0,0,1,1,-1,6,-1,-1,-1,1968,2,18,AUDI A3,-1,-1,0,-1
2024201456156,2024,201456156,1,9,0,-1,19,7,3,-1,0,0,0,0,0,0,1,9,-1,6,3,-1,-1,999,1,6,AUDI A3,-1,-1,0,-1
2024332400557,2024,332400557,1,9,0,-1,19,4,8,-1,0,3,0,0,1,0,1,1,-1,6,1,-1,-1,1595,1,18,AUDI A3,-1,-1,0,-1
2024631418249,2024,631418249,1,9,0,-1,19,8,4,-1,0,0,5,0,2,11,1,1,-1,6,2,64,9,1968,2,11,AUDI A3,7,W01000429,0,1
2024411415339,2024,411415339,2,9,0,-1,19,2,8,-1,0,1,0,0,0,0,1,1,-1,6,1,53,8,1968,2,19,AUDI A3,10,E01023603,0,1
2024061420921,2024,061420921,1,9,-1,-1,7,-1,-1,-1,0,0,0,0,0,0,4,9,-1,6,3,-1,-1,1968,2,1,AUDI A3,-1,-1,0,-1
2024010511573,2024,010511573,2,9,0,99,99,9,9,0,0,0,0,99,9,99,9,9,6,6,3,-1,-1,1968,2,9,AUDI A3,-1,-1,0,-1
2024010513891,2024,010513891,1,9,0,99,99,9,9,99,99,9,9,99,9,99,2,9,6,6,1,59,9,1598,2,10,AUDI A3,1,E01000093,0,1
2024302401584,2024,302401584,1,9,0,5,5,5,1,0,0,0,0,0,1,11,1,1,6,6,3,-1,-1,1968,2,15,AUDI A3,5,E01019456,0,2
2024052401666,2024,052401666,1,9,0,9,9,7,5,0,0,6,0,0,0,0,3,1,6,6,1,28,6,1598,2,9,AUDI A3,8,E01006936,0,1
2024010529569,2024,010529569,2,9,0,99,99,9,9,0,0,9,0,0,9,99,0,9,6,6,1,-1,-1,1595,1,15,AUDI A3,5,E01001500,0,1
2024201452988,2024,201452988,1,9,0,-1,19,4,8,-1,0,0,0,0,0,0,1,1,-1,6,3,20,4,1968,2,13,AUDI A3,-1,-1,0,-1
2024421521802,2024,421521802,2,9,0,-1,19,7,3,-1,0,1,0,0,0,0,1,1,-1,9,2,26,6,1598,2,6,AUDI A3,3,E01021276,0,1
2024010527718,2024,010527718,2,9,0,15,15,1,5,0,0,1,0,0,0,0,1,1,6,6,1,35,6,1595,1,14,AUDI A3,9,E01004079,0,1
2024122401122,2024,122401122,1,9,0,9,9,4,2,0,0,6,0,0,0,0,1,1,6,6,1,26,6,1498,1,0,AUDI A3,7,E01013412,0,1
2024471421192,2024,471421192,1,9,0,-1,19,3,7,-1,0,0,0,0,0,0,1,1,-1,9,1,43,7,1598,2,14,AUDI A3,9,E01031463,0,1
2024311425243,2024,311425243,2,9,0,-1,2,2,7,-1,0,1,0,0,0,0,2,1,-1,6,2,68,10,1598,2,10,AUDI A3,4,E01013903,0,1
2024101539696,2024,101539696,1,9,0,-1,9,6,4,-1,0,4,0,0,0,0,1,1,-1,6,1,59,9,1896,2,15,AUDI A3,1,E01008400,0,1
2024201502611,2024,201502611,1,9,0,-1,5,2,2,-1,0,8,0,0,0,0,4,1,-1,6,1,19,4,1598,2,10,AUDI A3,8,E01009823,0,1
2024531421679,2024,531421679,2,9,0,-1,3,5,1,-1,0,8,0,0,0,0,2,1,-1,9,1,44,7,1968,2,20,AUDI A3,8,E01022402,0,1
2024221534968,2024,221534968,1,9,0,-1,9,4,2,-1,0,6,0,0,0,0,4,1,-1,2,1,63,9,1595,1,16,AUDI A3,4,E01028968,0,1
2024101442111,2024,101442111,2,9,0,-1,19,4,8,-1,0,0,0,0,0,0,2,1,-1,6,2,30,6,1968,2,17,AUDI A3,1,E01008415,0,2
2024201524027,2024,201524027,1,9,0,-1,19,7,3,-1,0,8,0,0,0,0,1,1,-1,9,2,29,6,1498,1,0,AUDI A3,8,E01010540,0,1
2024070746045,2024,070746045,2,9,0,-1,9,4,8,-1,0,1,0,0,0,0,3,1,-1,9,2,22,5,1498,1,3,AUDI A3,-1,-1,0,-1
2024010524969,2024,010524969,2,9,0,3,3,1,5,0,0,1,0,0,0,0,2,1,6,6,1,33,6,1968,2,9,AUDI A3,2,E01016463,0,3
2024991527174,2024,991527174,2,9,0,-1,19,7,4,-1,0,0,0,0,0,0,4,2,-1,6,2,35,6,1595,1,18,AUDI A3,1,-1,0,1
2024201515231,2024,201515231,1,9,0,-1,1,6,2,-1,0,0,0,0,0,0,2,1,-1,9,2,20,4,999,1,4,AUDI A3,1,E01034933,0,1
202454C879324,2024,54C879324,1,9,0,18,19,3,7,0,0,3,0,0,7,4,1,1,6,6,1,29,6,1984,1,19,AUDI A3,9,E01032712,0,1
2024041412988,2024,041412988,2,9,0,-1,19,5,1,-1,0,0,1,0,0,0,1,1,-1,1,1,37,7,1896,2,15,AUDI A3,1,E01025224,0,1
2024231477724,2024,231477724,2,9,0,-1,19,6,3,-1,0,8,0,0,0,0,2,1,-1,1,1,53,8,1598,2,8,AUDI A3,1,E01031090,0,1
2024622400047,2024,622400047,1,9,0,18,19,2,6,0,0,0,1,0,0,0,1,1,6,6,1,33,6,1968,2,16,AUDI A3,9,W01001844,0,2
2024201521423,2024,201521423,1,9,0,-1,7,8,3,-1,0,5,2,10,7,2,3,1,-1,6,1,28,6,2480,1,12,AUDI A3,1,E01010095,0,1
2024061522155,2024,061522155,1,9,0,-1,19,1,1,-1,0,0,0,0,0,0,3,1,-1,6,1,48,8,1968,2,16,AUDI A3,2,E01005965,0,1
2024201429945,2024,201429945,3,9,0,-1,9,1,7,-1,0,6,0,0,0,0,1,1,-1,6,3,-1,-1,1968,2,12,AUDI A3,-1,-1,0,-1
2024221433109,2024,221433109,2,9,0,-1,19,1,4,-1,0,0,0,0,0,0,0,9,-1,6,1,50,8,1984,2,19,AUDI A3,-1,-1,0,-1
2024010544864,2024,010544864,1,9,0,6,6,1,1,0,0,0,0,0,0,0,3,2,6,6,1,42,7,1498,1,2,AUDI A3,7,E01000843,0,1
2024631467146,2024,631467146,2,9,0,-1,19,1,5,-1,0,8,1,0,0,0,1,1,-1,9,1,18,4,1968,2,9,AUDI A3,9,W01000580,0,2
2024461505870,2024,461505870,2,9,0,-1,19,7,1,-1,0,8,0,0,0,0,1,1,-1,9,1,58,9,1968,2,13,AUDI A3,8,E01024209,0,4
2024531464239,2024,531464239,1,9,0,-1,7,5,1,-1,0,2,0,0,0,0,1,1,-1,6,2,62,9,1598,2,12,AUDI A3,5,E01022266,0,1
2024451451395,2024,451451395,1,9,0,-1,19,1,5,-1,0,1,0,0,0,0,1,1,-1,6,3,54,8,1798,1,15,AUDI A3,3,E01030711,0,1
2024131507479,2024,131507479,2,9,0,-1,19,6,6,-1,0,1,0,0,0,0,1,1,-1,1,2,26,6,1498,1,6,AUDI A3,4,E01011876,0,1
2024531409615,2024,531409615,3,9,0,-1,19,3,7,-1,0,0,0,0,0,0,1,9,-1,6,1,38,7,1968,2,7,AUDI A3,8,E01022356,0,3
2024201464692,2024,201464692,1,9,0,-1,19,6,2,-1,0,1,0,0,0,0,1,1,-1,6,-1,-1,-1,1395,1,10,AUDI A3,-1,-1,0,-1
2024340WN6232,2024,340WN6232,2,9,0,-1,10,1,5,-1,0,8,0,0,0,0,2,1,-1,6,1,37,7,1498,1,6,AUDI A3,10,E01027283,0,1
2024061443612,2024,061443612,1,9,0,-1,19,-1,-1,-1,0,0,0,0,1,0,1,1,-1,6,2,-1,-1,1968,2,9,AUDI A3,6,E01025562,0,4
202454B745424,2024,54B745424,2,9,0,4,4,5,1,0,0,1,0,0,0,0,2,1,1,1,1,33,6,1896,2,14,AUDI A3,7,E01032002,0,1
202460Q158413,2024,60Q158413,1,9,0,16,19,7,3,0,0,0,0,0,7,4,1,1,6,6,1,20,4,1968,2,13,AUDI A3,-1,-1,0,-1
2024131499657,2024,131499657,1,9,0,-1,4,7,3,-1,0,0,0,0,0,0,4,1,-1,9,1,22,5,1598,2,11,AUDI A3,1,E01011363,0,1
2024430366940,2024,430366940,2,9,0,18,19,4,8,0,0,4,0,0,0,0,1,1,6,6,2,68,10,1896,2,17,AUDI A3,2,E01004721,0,4
2024320211602,2024,320211602,1,9,0,9,9,8,6,0,0,6,0,0,0,0,4,1,-1,-1,2,44,7,1498,1,6,AUDI A3,9,E01026293,0,1
2024131453921,2024,131453921,1,9,0,-1,19,1,5,-1,0,0,5,0,0,0,4,1,-1,9,2,21,5,999,1,3,AUDI A3,7,E01010997,0,1