collision_index,collision_year,collision_ref_no,vehicle_reference,vehicle_type,towing_and_articulation,vehicle_manoeuvre_historic,vehicle_manoeuvre,vehicle_direction_from,vehicle_direction_to,vehicle_location_restricted_lane_historic,vehicle_location_restricted_lane,junction_location,skidding_and_overturning,hit_object_in_carriageway,vehicle_leaving_carriageway,hit_object_off_carriageway,first_point_of_impact,vehicle_left_hand_drive,journey_purpose_of_driver_historic,journey_purpose_of_driver,sex_of_driver,age_of_driver,age_band_of_driver,engine_capacity_cc,propulsion_code,age_of_vehicle,generic_make_model,driver_imd_decile,lsoa_of_driver,escooter_flag,driver_distance_banding
2024302400692,2024,302400692,1,9,0,18,19,7,3,0,0,0,1,0,1,0,0,1,2,2,1,35,6,1968,2,8,AUDI A3,7,E01019612,0,1
2024221452977,2024,221452977,2,9,0,-1,7,8,3,-1,0,5,0,0,0,0,4,1,-1,6,1,45,7,1968,2,11,AUDI A3,1,E01014113,0,2
202417M115024,2024,17M115024,2,9,0,-1,19,5,1,-1,0,2,0,0,0,0,1,1,-1,9,1,51,8,1598,2,12,AUDI A3,-1,-1,0,-1
2024221496973,2024,221496973,1,9,0,-1,19,5,1,-1,0,8,0,11,0,0,1,1,-1,2,1,32,6,1968,2,15,AUDI A3,5,E01014035,0,2
2024201455466,2024,201455466,2,9,0,-1,19,4,8,-1,9,1,1,10,1,0,4,9,-1,6,1,28,6,1598,2,10,AUDI A3,1,E01009328,0,1
2024010509748,2024,010509748,2,9,0,9,9,5,3,0,0,0,0,0,0,0,3,1,6,6,1,54,8,1390,1,14,AUDI A3,5,E01001230,0,2
2024552400106,2024,552400106,2,9,0,18,19,2,6,0,0,8,0,0,1,9,1,1,6,6,2,33,6,1968,2,11,AUDI A3,2,E01015430,0,4
2024161521082,2024,161521082,2,9,0,-1,19,1,5,-1,0,2,0,0,0,0,1,9,-1,6,1,-1,-1,1968,2,13,AUDI A3,2,E01012763,0,1
202454F313924,2024,54F313924,1,9,0,18,19,5,1,0,0,0,0,0,0,0,1,1,6,6,1,32,6,1595,1,16,AUDI A3,2,E01015540,0,4
2024522402963,2024,522402963,3,9,0,3,3,6,2,0,0,0,0,0,0,0,2,1,6,6,2,24,5,1395,8,0,AUDI A3,7,E01031188,0,4
2024141448294,2024,141448294,2,9,0,-1,2,0,0,-1,0,0,0,4,0,0,2,1,-1,6,-1,-1,-1,1968,2,8,AUDI A3,-1,-1,0,-1
2024201423875,2024,201423875,2,9,0,-1,4,4,8,-1,0,0,0,0,0,0,2,9,-1,6,1,43,7,1968,1,16,AUDI A3,8,E01021740,0,5
2024401543080,2024,401543080,2,9,0,-1,5,3,7,-1,0,4,0,0,0,0,1,1,-1,9,2,31,6,1598,2,13,AUDI A3,4,E01017536,0,1
202417S304824,2024,17S304824,2,9,0,-1,19,5,1,-1,0,0,0,0,0,0,1,1,-1,9,1,25,5,1498,1,6,AUDI A3,9,E01012232,0,1
2024471484306,2024,471484306,1,9,0,-1,12,5,1,-1,0,0,0,0,0,0,0,1,-1,2,1,19,4,1598,2,11,AUDI A3,9,E01031588,0,1
2024302400839,2024,302400839,1,9,0,16,19,4,6,0,0,0,0,0,0,0,3,1,1,1,1,37,7,1968,2,13,AUDI A3,4,E01014128,0,4
2024461506881,2024,461506881,2,9,0,-1,19,5,1,-1,0,1,0,0,0,0,1,9,-1,9,1,27,6,1598,2,9,AUDI A3,4,E01016074,0,2
2024010536568,2024,010536568,1,9,0,5,5,5,1,0,0,3,0,0,0,0,3,1,6,6,2,29,6,1498,1,2,AUDI A3,8,E01002199,0,1
2024010515337,2024,010515337,2,9,0,9,9,9,9,99,99,9,9,99,9,99,1,9,6,6,3,-1,-1,999,1,1,AUDI A3,5,E01000699,0,2
2024010512184,2024,010512184,2,9,0,18,19,1,5,0,0,0,5,4,0,0,1,1,6,6,2,39,7,1498,1,7,AUDI A3,3,E01000167,0,1
2024131395274,2024,131395274,2,9,0,-1,19,2,6,-1,0,1,0,0,0,0,0,1,-1,9,2,22,5,1598,2,12,AUDI A3,1,E01011660,0,1
2024041502653,2024,041502653,2,9,0,-1,19,5,1,-1,0,0,0,0,0,0,4,1,-1,2,1,26,6,999,1,2,AUDI A3,4,E01025314,0,3
2024041494418,2024,041494418,1,9,0,-1,19,8,4,-1,0,0,0,0,1,11,1,1,-1,2,1,28,6,1968,2,16,AUDI A3,4,E01012607,0,1
2024440488431,2024,440488431,2,9,0,9,9,2,8,0,0,1,0,0,0,0,3,1,6,6,3,-1,-1,999,1,1,AUDI A3,-1,-1,0,-1
2024471452963,2024,471452963,1,9,0,-1,5,6,4,-1,0,6,0,0,0,0,1,1,-1,2,1,54,8,1395,8,0,AUDI A3,7,E01017478,0,5
2024052400632,2024,052400632,2,9,0,18,19,1,5,0,0,1,0,0,0,0,1,1,6,6,1,29,6,1498,1,7,AUDI A3,2,E01006520,0,2
2024201499732,2024,201499732,1,9,0,-1,9,2,7,-1,0,6,0,0,0,0,1,1,-1,6,-1,-1,-1,1896,2,15,AUDI A3,-1,-1,0,-1
2024010524702,2024,010524702,1,9,0,99,99,9,9,99,99,9,9,99,9,99,1,9,6,6,3,-1,-1,999,1,5,AUDI A3,3,E01000622,0,1
2024991410767,2024,991410767,2,9,0,-1,19,2,6,-1,0,1,0,0,0,0,1,1,-1,9,1,58,9,1896,2,23,AUDI A3,5,-1,0,3
2024451420343,2024,451420343,2,9,0,-1,9,1,3,-1,0,8,0,0,0,0,4,1,-1,9,2,41,7,1598,2,12,AUDI A3,6,E01034290,0,1
2024332400136,2024,332400136,1,8,0,-1,19,6,2,-1,0,0,0,0,0,0,1,1,-1,6,1,-1,-1,1395,1,8,AUDI A3,-1,-1,0,-1
2024440032065,2024,440032065,4,9,0,4,4,6,2,0,0,0,0,0,0,0,2,1,2,2,1,35,6,1896,2,16,AUDI A3,2,E01022915,0,3
2024061458853,2024,061458853,1,9,0,-1,19,8,4,-1,0,1,0,0,0,0,4,1,-1,9,2,50,8,999,1,1,AUDI A3,1,E01006064,0,1
2024201424810,2024,201424810,2,9,0,-1,3,2,6,-1,0,0,0,0,0,0,2,1,-1,6,1,28,6,1498,1,2,AUDI A3,4,E01013903,0,4
2024302500068,2024,302500068,1,9,0,-1,9,7,5,-1,0,2,0,0,0,0,4,1,-1,6,1,35,6,1968,2,8,AUDI A3,6,E01013518,0,1
2024451440615,2024,451440615,1,9,0,-1,2,0,0,-1,0,8,0,0,0,0,2,1,-1,6,1,30,6,1498,1,3,AUDI A3,6,E01034728,0,3
2024520402615,2024,520402615,1,9,0,18,19,3,7,0,0,0,5,0,7,4,1,1,6,6,1,33,6,1595,1,13,AUDI A3,8,E01014443,0,2
2024010536372,2024,010536372,1,9,0,5,5,5,1,0,0,2,0,0,0,0,1,1,6,6,2,32,6,1395,8,0,AUDI A3,9,E01016634,0,4
2024010504611,2024,010504611,2,9,0,99,99,9,9,99,99,9,9,99,9,99,9,9,6,6,3,49,8,999,1,5,AUDI A3,4,E01004760,0,1
2024010530644,2024,010530644,1,9,0,18,19,9,9,99,99,1,9,99,9,99,1,9,6,6,1,21,5,1395,8,8,AUDI A3,3,E01034615,0,4
2024421524585,2024,421524585,1,9,0,-1,19,7,3,-1,0,0,1,0,0,0,1,1,-1,9,1,37,7,999,1,1,AUDI A3,6,E01003223,0,4
2024461477494,2024,461477494,1,9,0,-1,5,1,5,-1,-1,6,0,0,0,0,1,1,-1,2,1,30,6,999,1,3,AUDI A3,7,E01024405,0,1
2024201547595,2024,201547595,1,9,0,-1,19,7,3,-1,0,2,0,10,0,0,1,9,-1,6,1,22,5,999,1,1,AUDI A3,4,E01009241,0,1
2024061434559,2024,061434559,2,9,0,-1,19,6,2,-1,0,1,0,0,0,0,2,1,-1,9,2,35,6,1598,2,9,AUDI A3,1,E01005225,0,2
2024010539939,2024,010539939,1,9,0,16,19,5,1,0,0,1,0,0,0,0,1,1,6,6,1,27,6,1968,2,10,AUDI A3,8,E01023884,0,3
2024211491242,2024,211491242,2,9,0,-1,9,5,7,-1,0,1,0,0,0,0,3,1,-1,9,1,40,7,1968,2,18,AUDI A3,-1,-1,0,-1
202460Q018477,2024,60Q018477,1,9,0,18,19,3,7,0,0,0,0,12,0,0,1,1,6,6,1,35,6,1968,2,21,AUDI A3,-1,-1,0,-1
2024201461766,2024,201461766,1,9,0,-1,19,6,2,-1,0,6,0,0,0,0,1,1,-1,6,1,61,9,1395,8,3,AUDI A3,8,E01025324,0,5
2024302401706,2024,302401706,2,9,0,-1,19,4,8,-1,0,2,0,0,0,0,2,1,-1,9,1,45,7,1968,2,9,AUDI A3,4,E01019504,0,2
2024131472673,2024,131472673,2,9,0,-1,1,7,3,-1,0,0,0,0,0,0,2,1,-1,9,2,38,7,1598,2,9,AUDI A3,3,E01011261,0,1
2024010500107,2024,010500107,2,9,0,99,99,9,9,99,99,9,9,99,9,99,1,9,6,6,1,27,6,1968,1,18,AUDI A3,1,E01001442,0,2
2024361473673,2024,361473673,2,9,0,-1,19,1,5,-1,0,1,0,0,3,0,1,1,-1,9,1,19,4,1896,2,17,AUDI A3,1,E01026867,0,1
2024311490555,2024,311490555,2,9,0,-1,19,1,5,-1,0,0,0,0,0,0,4,1,-1,1,2,32,6,1968,2,3,AUDI A3,-1,-1,0,-1
2024440137144,2024,440137144,1,9,0,18,19,3,7,0,0,0,0,0,7,4,1,1,6,6,1,52,8,1968,2,9,AUDI A3,10,E01023210,0,3
2024302400422,2024,302400422,1,9,0,18,19,8,4,0,0,0,1,0,1,0,3,1,6,6,2,45,7,1395,1,11,AUDI A3,8,E01013558,0,4
2024010517724,2024,010517724,1,9,0,18,19,6,2,0,0,1,0,0,0,0,1,1,6,6,1,32,6,1498,1,6,AUDI A3,3,E01003357,0,1
2024010498970,2024,010498970,1,9,0,9,9,7,5,0,0,6,0,0,0,0,3,1,6,6,1,77,11,1968,2,10,AUDI A3,9,E01024724,0,4
2024131478278,2024,131478278,2,9,0,-1,9,4,7,-1,0,8,0,0,0,0,1,1,-1,6,1,38,7,1968,2,17,AUDI A3,3,E01011125,0,1
202454D548124,2024,54D548124,1,9,0,18,19,2,6,0,0,3,0,0,1,4,3,1,6,6,2,43,7,1598,2,12,AUDI A3,7,E01028728,0,4
2024430169367,2024,430169367,1,9,0,12,12,7,3,0,0,1,0,0,0,0,2,1,6,6,2,40,7,1395,1,10,AUDI A3,-1,-1,0,-1
2024201440675,2024,201440675,1,9,0,-1,9,8,7,-1,0,5,0,0,0,0,1,9,-1,6,1,58,9,1968,2,18,AUDI A3,5,E01010554,0,1
2024131527363,2024,131527363,2,9,0,-1,19,1,5,-1,0,1,1,0,0,0,4,1,-1,6,1,55,8,1968,2,12,AUDI A3,3,E01017220,0,5
2024401487905,2024,401487905,2,9,0,-1,19,5,1,-1,0,1,0,0,0,0,1,1,-1,6,1,37,7,1598,2,13,AUDI A3,3,E01015702,0,3
2024451414692,2024,451414692,2,9,0,-1,19,5,1,-1,0,0,1,0,1,11,1,1,-1,2,1,34,6,1968,1,17,AUDI A3,7,E01030628,0,1
2024201432120,2024,201432120,1,9,0,-1,19,2,6,-1,0,8,0,0,0,0,1,9,-1,6,3,-1,-1,1598,2,7,AUDI A3,-1,-1,0,-1
2024010505953,2024,010505953,2,9,9,99,99,9,9,99,99,9,9,99,9,99,9,9,6,6,3,-1,-1,1395,1,9,AUDI A3,-1,-1,0,-1
2024522401135,2024,522401135,1,9,0,16,19,1,3,0,0,2,0,7,8,11,1,1,6,6,1,22,5,1968,2,13,AUDI A3,6,E01035213,0,1
2024430480025,2024,430480025,2,9,0,18,19,1,5,0,0,0,0,0,0,0,1,1,6,6,1,18,4,1395,1,10,AUDI A3,3,E01002493,0,4
2024010543602,2024,010543602,3,9,0,2,2,0,0,0,0,8,0,4,1,0,2,1,6,6,3,-1,-1,999,1,3,AUDI A3,-1,-1,0,-1
2024520500008,2024,520500008,2,9,0,7,7,4,6,0,0,8,0,0,0,0,2,1,6,6,3,-1,-1,1595,2,14,AUDI A3,-1,-1,0,-1
2024231527339,2024,231527339,2,9,0,-1,9,8,6,-1,0,6,0,0,0,0,1,9,-1,6,1,31,6,1968,2,16,AUDI A3,4,E01031052,0,1
2024010518415,2024,010518415,1,9,0,9,9,8,6,0,0,6,0,0,0,0,0,1,6,6,2,54,8,1395,1,10,AUDI A3,6,E01000803,0,1
2024131480141,2024,131480141,1,9,0,-1,-1,-1,-1,-1,-1,-1,-1,-1,-1,-1,-1,1,-1,6,3,-1,-1,1968,2,9,AUDI A3,-1,-1,0,-1
2024311524116,2024,311524116,1,9,0,-1,19,8,5,-1,0,6,1,0,0,0,1,1,-1,6,2,23,5,1968,2,10,AUDI A3,4,E01026317,0,4
2024131412194,2024,131412194,1,9,0,-1,9,1,7,-1,0,0,0,0,0,0,3,1,-1,9,1,22,5,1395,1,10,AUDI A3,1,E01010723,0,3
2024451495532,2024,451495532,1,9,0,-1,15,5,1,-1,0,0,0,0,1,2,4,2,-1,6,1,55,8,1395,1,9,AUDI A3,-1,-1,0,-1
2024070222251,2024,070222251,1,9,0,18,19,4,8,0,0,0,1,0,0,0,1,1,1,1,1,28,6,1595,1,18,AUDI A3,3,E01018489,0,2
2024401449232,2024,401449232,1,9,0,-1,19,3,1,-1,0,0,0,0,0,0,3,1,-1,2,1,31,6,1968,2,16,AUDI A3,7,E01017584,0,2
2024010502287,2024,010502287,3,9,0,3,3,7,3,0,0,8,0,0,0,0,2,1,6,6,1,43,7,1968,2,14,AUDI A3,4,E01002645,0,1
2024131432019,2024,131432019,2,9,0,-1,19,1,5,-1,0,0,0,0,0,0,1,1,-1,1,1,25,5,1395,1,11,AUDI A3,2,E01010740,0,2
2024052402402,2024,052402402,2,9,0,18,19,1,5,0,0,8,0,0,0,0,1,1,2,2,2,22,5,1395,1,9,AUDI A3,4,E01006997,0,1
2024361510415,2024,361510415,1,9,0,-1,19,1,5,-1,0,0,0,0,0,0,3,1,-1,6,1,37,7,1798,1,16,AUDI A3,5,E01026727,0,4
2024010495486,2024,010495486,2,9,0,99,99,9,9,99,99,9,9,99,9,99,1,9,6,6,3,-1,-1,1395,1,11,AUDI A3,-1,-1,0,-1
2024010513677,2024,010513677,2,9,0,99,99,9,9,99,99,9,9,99,9,99,1,9,6,6,3,22,5,999,1,1,AUDI A3,9,E01004281,0,1
2024332400935,2024,332400935,1,9,0,-1,12,5,1,-1,0,0,0,0,0,0,2,1,-1,2,2,56,9,999,1,2,AUDI A3,1,E01009024,0,4
2024052401358,2024,052401358,1,9,0,18,19,7,3,0,0,1,0,0,0,0,4,1,6,6,1,52,8,1498,1,6,AUDI A3,5,E01006669,0,1
2024522401364,2024,522401364,1,9,0,9,9,4,2,0,0,6,0,0,0,0,3,1,6,6,1,63,9,1395,1,9,AUDI A3,3,E01014684,0,3
2024201463852,2024,201463852,1,9,0,-1,19,2,4,-1,0,0,0,0,0,0,1,1,-1,6,1,25,5,1598,2,10,AUDI A3,2,E01010016,0,3
2024311509448,2024,311509448,3,9,0,-1,3,1,5,-1,0,5,0,0,0,0,2,1,-1,6,2,41,7,1968,2,3,AUDI A3,3,E01028297,0,4
2024501447392,2024,501447392,2,9,0,-1,19,4,8,-1,0,0,0,0,0,0,1,1,-1,9,2,50,8,1595,2,14,AUDI A3,7,E01020064,0,1
2024131502245,2024,131502245,1,9,0,-1,4,1,1,-1,0,0,0,0,0,0,1,1,-1,2,1,53,8,1598,2,13,AUDI A3,1,E01010831,0,1
2024440432763,2024,440432763,2,9,0,18,19,3,7,0,0,2,0,0,0,0,1,1,6,6,1,-1,-1,1598,2,5,AUDI A3,-1,-1,0,-1
2024131503075,2024,131503075,1,9,0,-1,-1,-1,-1,-1,-1,-1,-1,-1,-1,-1,-1,1,-1,6,3,-1,-1,1598,2,7,AUDI A3,-1,-1,0,-1
2024631491266,2024,631491266,1,9,0,-1,19,7,3,-1,0,0,2,0,1,9,1,1,-1,6,1,42,7,1598,2,13,AUDI A3,8,W01000554,0,1
2024031451769,2024,031451769,1,9,0,-1,9,1,7,-1,0,8,0,0,0,0,1,1,-1,6,1,19,4,1598,2,7,AUDI A3,-1,-1,0,-1
2024122400579,2024,122400579,1,9,0,18,19,6,2,0,0,0,2,7,0,0,1,1,1,1,2,24,5,999,1,4,AUDI A3,5,E01035052,0,4
2024052400830,2024,052400830,1,9,0,5,5,2,6,0,0,0,0,0,0,0,1,1,2,2,1,36,7,1968,2,10,AUDI A3,1,E01006632,0,3
2024461407029,2024,461407029,1,9,0,-1,19,1,5,-1,0,1,0,0,0,0,1,1,-1,6,2,27,6,999,1,1,AUDI A3,3,E01024291,0,1
2024311410028,2024,311410028,1,9,0,-1,19,2,6,-1,0,1,0,0,0,0,1,1,-1,6,1,41,7,1968,2,12,AUDI A3,1,E01013821,0,3
2024061437610,2024,061437610,1,9,0,-1,9,5,2,-1,0,8,0,0,0,0,3,1,-1,9,1,32,6,1968,2,16,AUDI A3,1,E01005380,0,1
2024010541893,2024,010541893,2,9,0,18,19,3,7,0,0,8,0,0,0,0,3,1,6,6,2,31,6,1498,1,6,AUDI A3,7,E01002351,0,3
2024201440715,2024,201440715,1,9,0,-1,19,7,4,-1,0,1,0,0,0,0,4,1,-1,2,1,43,7,1968,2,10,AUDI A3,3,E01009176,0,1
2024201527088,2024,201527088,2,9,0,-1,19,3,7,-1,0,2,0,0,0,0,1,1,-1,9,1,61,9,1968,2,9,AUDI A3,3,E01009120,0,4
2024201428667,2024,201428667,2,9,0,-1,19,2,6,-1,0,0,0,0,0,0,1,9,-1,6,2,25,5,1968,2,15,AUDI A3,1,E01009762,0,1
2024461457810,2024,461457810,2,9,0,-1,7,7,3,-1,0,0,0,0,0,0,3,9,-1,9,1,53,8,1395,1,10,AUDI A3,10,E01024474,0,1
2024061421661,2024,061421661,2,9,0,-1,19,1,5,-1,0,1,0,0,0,0,1,1,-1,9,1,24,5,1968,2,16,AUDI A3,1,E01005945,0,1
2024351541159,2024,351541159,2,9,0,-1,19,1,5,-1,0,0,0,0,0,0,2,1,-1,6,1,38,7,1968,2,17,AUDI A3,9,E01024757,0,5
2024221473800,2024,221473800,1,9,0,-1,19,8,4,-1,0,3,0,0,1,2,1,9,-1,6,1,41,7,1968,2,1,AUDI A3,3,E01019437,0,4
2024141488662,2024,141488662,1,9,0,-1,19,1,5,-1,0,1,0,11,8,2,1,1,-1,9,1,20,4,1598,2,13,AUDI A3,1,E01008122,0,1
2024430268927,2024,430268927,2,9,0,18,19,5,1,0,0,3,0,0,0,0,1,1,6,6,1,35,6,1595,1,12,AUDI A3,8,E01034448,0,1
2024371397881,2024,371397881,2,9,0,-1,10,7,5,-1,0,1,0,0,0,0,3,1,-1,9,1,40,7,1968,2,14,AUDI A3,6,E01030220,0,2
2024141398117,2024,141398117,1,9,0,-1,19,5,1,-1,0,2,0,10,3,3,1,1,-1,9,1,29,6,1968,2,7,AUDI A3,1,E01034842,0,1
2024010517878,2024,010517878,2,9,0,99,99,9,9,99,99,0,9,99,9,99,2,9,6,6,3,27,6,1598,2,8,AUDI A3,3,E01003125,0,1
2024481507980,2024,481507980,1,9,0,-1,19,1,5,-1,0,0,0,0,0,0,1,1,-1,6,1,23,5,1197,1,10,AUDI A3,-1,-1,0,-1
2024461475345,2024,461475345,1,9,0,-1,4,8,4,-1,0,0,0,0,0,0,1,1,-1,1,2,23,5,1498,1,0,AUDI A3,3,E01020973,0,4
2024610003924,2024,610003924,1,9,0,18,19,7,3,0,0,0,0,0,0,0,1,1,6,6,1,48,8,1598,2,12,AUDI A3,9,W01000465,0,4
2024520402184,2024,520402184,1,9,0,9,9,7,4,0,0,8,0,0,0,0,3,1,6,6,1,18,4,1968,2,19,AUDI A3,4,E01029200,0,1
2024221454697,2024,221454697,1,9,0,-1,19,8,4,-1,0,8,0,0,7,11,1,9,-1,6,1,68,10,1395,8,0,AUDI A3,5,E01032193,0,4
2024010546670,2024,010546670,1,9,0,4,4,3,7,0,0,1,0,0,0,0,2,1,6,6,1,37,7,1968,2,9,AUDI A3,5,E01003166,0,1
2024141423802,2024,141423802,2,9,0,-1,19,2,6,-1,0,0,1,12,0,0,1,1,-1,2,1,48,8,1598,2,12,AUDI A3,7,E01013182,0,4
2024010505219,2024,010505219,1,9,9,99,99,9,9,99,99,9,9,99,9,99,9,9,6,6,1,20,4,999,1,2,AUDI A3,3,E01004322,0,1
2024052402653,2024,052402653,1,9,0,18,19,3,7,0,0,0,2,0,1,0,1,1,2,2,1,18,4,1968,2,8,AUDI A3,5,E01006490,0,3
2024061502662,2024,061502662,2,9,0,-1,19,7,7,-1,0,1,0,0,0,0,4,1,-1,6,2,39,7,1598,2,9,AUDI A3,2,E01034110,0,1
2024131436685,2024,131436685,1,9,0,-1,19,7,5,-1,0,1,0,0,0,0,1,1,-1,9,1,51,8,1968,2,14,AUDI A3,2,E01010752,0,1
2024451519472,2024,451519472,2,9,0,-1,5,2,6,-1,0,0,0,0,0,0,3,1,-1,9,1,17,4,1598,2,12,AUDI A3,10,E01030682,0,1
2024010547234,2024,010547234,1,9,0,2,2,0,0,0,0,2,0,0,1,0,3,1,6,6,3,-1,-1,1595,1,19,AUDI A3,-1,-1,0,-1
2024401438702,2024,401438702,2,9,-1,-1,-1,-1,-1,-1,-1,0,-1,-1,-1,0,-1,9,-1,2,2,29,6,1968,2,9,AUDI A3,4,E01017476,0,1
2024070908449,2024,070908449,2,9,0,-1,9,1,7,-1,0,1,0,0,0,0,2,1,-1,6,1,30,6,1598,2,13,AUDI A3,3,E01018487,0,1
2024010524500,2024,010524500,2,9,0,99,99,9,9,99,99,9,9,99,9,99,9,9,6,6,3,-1,-1,999,1,1,AUDI A3,-1,-1,0,-1
2024131486564,2024,131486564,1,9,0,-1,19,4,6,-1,0,3,0,0,0,0,4,1,-1,1,1,26,6,1598,2,8,AUDI A3,2,E01011481,0,1
2024141416456,2024,141416456,1,9,0,-1,12,5,1,-1,0,0,0,0,0,0,2,1,-1,9,1,34,6,1968,2,4,AUDI A3,3,E01007761,0,2
2024361422434,2024,361422434,1,9,0,-1,19,3,7,-1,0,0,2,4,0,0,3,1,-1,6,1,55,8,1896,2,16,AUDI A3,4,E01026523,0,3
2024201403917,2024,201403917,1,9,0,-1,19,7,5,-1,0,8,0,0,0,0,4,1,-1,7,2,40,7,1595,2,14,AUDI A3,2,E01010101,0,1
2024371559384,2024,371559384,1,9,0,-1,19,3,7,-1,0,0,0,0,0,0,1,1,-1,9,1,18,4,1197,1,10,AUDI A3,4,E01030133,0,1
2024061511534,2024,061511534,3,9,0,-1,15,6,6,-1,0,0,0,0,0,0,0,1,-1,9,1,31,6,1968,2,10,AUDI A3,-1,-1,0,-1
2024401489605,2024,401489605,2,9,0,-1,19,5,1,-1,0,1,0,0,0,0,0,1,-1,7,1,31,6,1896,2,15,AUDI A3,2,E01015772,0,1
2024122500082,2024,122500082,2,9,0,18,19,2,6,0,0,1,0,0,0,0,1,1,6,6,1,17,4,1968,2,1,AUDI A3,8,E01027924,0,3
2024010535058,2024,010535058,2,9,0,16,19,7,3,0,0,0,0,0,0,0,3,1,6,6,2,23,5,1498,1,3,AUDI A3,8,E01000227,0,2
2024461466149,2024,461466149,2,9,0,-1,19,6,2,-1,0,1,0,0,0,0,1,1,-1,2,2,39,7,1798,1,13,AUDI A3,3,E01024669,0,4
2024010529579,2024,010529579,1,9,0,99,99,9,9,99,99,0,9,99,9,99,9,9,6,6,3,-1,-1,1595,1,15,AUDI A3,-1,-1,0,-1
2024451480628,2024,451480628,1,9,0,-1,19,7,3,-1,0,2,1,0,0,0,1,9,-1,2,1,51,8,1968,2,12,AUDI A3,10,E01023114,0,3
2024451511105,2024,451511105,3,9,0,-1,19,3,7,-1,0,0,0,0,0,0,1,1,-1,6,2,38,7,1595,1,14,AUDI A3,8,E01030683,0,1
2024440258541,2024,440258541,1,9,0,3,3,8,4,0,0,0,0,0,0,0,2,1,2,2,1,36,7,1390,1,15,AUDI A3,3,E01017193,0,1
2024451452714,2024,451452714,3,9,0,-1,19,1,5,-1,0,2,0,0,0,0,4,2,-1,2,1,36,7,1968,2,8,AUDI A3,9,E01022846,0,3
2024421489510,2024,421489510,1,9,0,-1,19,3,7,-1,0,8,0,0,1,0,1,1,-1,2,1,17,4,999,1,7,AUDI A3,8,E01021793,0,1
2024522401830,2024,522401830,2,9,0,18,19,2,6,0,0,2,0,0,0,0,4,1,6,6,1,29,6,1968,2,3,AUDI A3,5,E01033350,0,4
2024010545356,2024,010545356,3,9,0,3,3,1,5,0,0,0,0,0,0,0,2,1,6,6,2,25,5,1498,1,0,AUDI A3,8,E01003677,0,1
2024421480402,2024,421480402,1,9,0,-1,19,5,1,-1,0,0,0,0,0,0,1,1,-1,9,2,20,4,1598,2,10,AUDI A3,10,E01035557,0,4
2024041405050,2024,041405050,2,9,0,-1,19,3,7,-1,0,1,0,0,0,0,1,1,-1,9,2,30,6,1968,2,17,AUDI A3,1,E01012596,0,1
2024461406835,2024,461406835,2,9,0,-1,19,3,5,-1,0,0,0,0,0,0,0,1,-1,1,1,41,7,1395,8,0,AUDI A3,3,E01032810,0,4
2024010542564,2024,010542564,1,9,0,4,4,1,5,0,0,1,1,0,0,0,1,1,6,6,3,23,5,999,1,0,AUDI A3,-1,-1,0,-1
2024231524944,2024,231524944,1,9,0,-1,9,3,1,-1,0,6,0,0,1,7,1,9,-1,6,3,25,5,1968,2,10,AUDI A3,-1,-1,0,-1
2024440340754,2024,440340754,1,9,0,13,13,6,2,0,0,0,1,0,8,4,1,1,6,6,1,52,8,1968,2,19,AUDI A3,4,E01022576,0,3
2024141526675,2024,141526675,1,9,0,-1,9,8,6,-1,0,1,0,0,0,0,2,1,-1,9,2,39,7,1498,1,7,AUDI A3,6,E01007404,0,1
2024471426600,2024,471426600,1,9,0,-1,19,6,6,-1,0,0,1,0,8,4,3,1,-1,9,1,27,6,1968,2,20,AUDI A3,9,E01031727,0,1
2024631476251,2024,631476251,1,9,0,-1,19,8,4,-1,0,8,0,0,0,0,3,1,-1,2,1,22,5,1498,1,6,AUDI A3,8,W01000573,0,3
2024141474962,2024,141474962,1,9,0,-1,19,1,5,-1,0,0,1,0,7,11,1,1,-1,9,1,23,5,1968,2,13,AUDI A3,4,E01007460,0,2
2024201447141,2024,201447141,1,9,0,-1,4,7,3,-1,0,8,0,0,0,0,2,1,-1,9,2,48,8,1395,1,9,AUDI A3,2,E01034932,0,1
2024461515350,2024,461515350,2,9,0,-1,2,0,0,-1,9,0,0,0,0,0,1,2,-1,6,2,53,8,999,1,6,AUDI A3,7,E01024558,0,1
2024131523017,2024,131523017,1,9,0,-1,19,6,6,-1,9,8,0,10,7,11,1,1,-1,6,1,20,4,999,1,1,AUDI A3,-1,-1,0,-1
2024211450039,2024,211450039,2,9,0,-1,19,5,1,-1,0,0,1,7,0,0,3,1,-1,9,1,50,8,1968,2,12,AUDI A3,1,E01034053,0,1
2024471474477,2024,471474477,1,9,0,-1,19,5,1,-1,0,0,0,0,1,0,3,1,-1,6,2,27,6,1595,1,26,AUDI A3,4,E01031552,0,1
2024361445766,2024,361445766,1,9,0,-1,19,1,5,-1,0,0,0,11,0,0,1,1,-1,2,1,56,9,1395,8,3,AUDI A3,5,E01026726,0,2
2024501430435,2024,501430435,1,9,0,-1,19,7,3,-1,0,0,0,0,0,0,1,1,-1,6,1,84,11,1968,2,20,AUDI A3,5,E01018972,0,1
2024061436763,2024,061436763,1,9,0,-1,19,8,4,-1,0,0,0,0,0,0,0,1,-1,9,1,33,6,1598,2,10,AUDI A3,1,E01005314,0,1