collision_index,collision_year,collision_ref_no,vehicle_reference,vehicle_type,towing_and_articulation,vehicle_manoeuvre_historic,vehicle_manoeuvre,vehicle_direction_from,vehicle_direction_to,vehicle_location_restricted_lane_historic,vehicle_location_restricted_lane,junction_location,skidding_and_overturning,hit_object_in_carriageway,vehicle_leaving_carriageway,hit_object_off_carriageway,first_point_of_impact,vehicle_left_hand_drive,journey_purpose_of_driver_historic,journey_purpose_of_driver,sex_of_driver,age_of_driver,age_band_of_driver,engine_capacity_cc,propulsion_code,age_of_vehicle,generic_make_model,driver_imd_decile,lsoa_of_driver,escooter_flag,driver_distance_banding
2024401456801,2024,401456801,2,9,0,-1,3,2,7,-1,0,0,0,0,0,0,1,1,-1,9,2,56,9,1598,2,7,AUDI A3,5,E01015763,0,1
2024010547255,2024,010547255,2,9,0,2,2,0,0,0,0,2,0,4,0,0,2,1,6,6,3,-1,-1,1968,1,18,AUDI A3,-1,-1,0,-1
2024351518121,2024,351518121,1,9,-1,-1,-1,-1,-1,-1,-1,0,-1,-1,-1,0,-1,9,-1,6,1,-1,-1,1896,2,16,AUDI A3,6,E01015691,0,1
2024010543237,2024,010543237,1,9,0,18,19,1,5,0,0,1,0,0,3,0,1,1,2,2,1,22,5,1498,1,7,AUDI A3,2,E01001775,0,1
2024991461964,2024,991461964,1,9,0,-1,19,7,3,-1,0,0,0,0,7,11,1,1,-1,6,1,26,6,1395,1,9,AUDI A3,3,-1,0,4
2024549349524,2024,549349524,2,9,0,18,19,6,2,0,0,1,0,0,0,0,4,1,6,6,1,35,6,1798,1,10,AUDI A3,8,E01032701,0,1
2024332400663,2024,332400663,1,9,0,-1,19,5,1,-1,0,0,0,0,0,0,1,1,-1,6,3,-1,-1,1896,2,19,AUDI A3,-1,-1,0,-1
2024201484227,2024,201484227,1,9,0,-1,7,1,3,-1,0,6,0,0,0,0,1,9,-1,6,1,30,6,1968,2,19,AUDI A3,-1,-1,0,-1
2024320294865,2024,320294865,4,9,0,-1,-1,8,4,0,0,2,0,0,0,0,2,1,1,1,1,31,6,1598,2,9,AUDI A3,6,E01033296,0,4
2024340WN3222,2024,340WN3222,2,9,0,-1,19,6,2,-1,0,8,0,0,0,0,4,1,-1,6,3,-1,-1,1968,2,19,AUDI A3,-1,-1,0,-1
2024041398544,2024,041398544,2,9,0,-1,19,5,1,-1,0,8,0,0,0,0,2,1,-1,9,2,50,8,1968,2,13,AUDI A3,6,E01012610,0,1
2024131498405,2024,131498405,2,9,0,-1,19,3,7,-1,0,2,0,0,0,0,4,1,-1,6,2,28,6,1598,2,9,AUDI A3,3,E01011523,0,1
2024361469895,2024,361469895,2,9,0,-1,4,7,3,-1,0,0,0,0,0,0,2,2,-1,2,1,22,5,1498,1,0,AUDI A3,5,E01026845,0,1
2024522403406,2024,522403406,1,9,0,9,9,3,1,0,0,8,0,0,0,0,1,1,6,6,2,28,6,1968,2,10,AUDI A3,7,E01014722,0,1
2024010533929,2024,010533929,1,9,0,18,19,1,5,0,0,1,0,0,0,0,4,1,6,6,1,31,6,1395,1,11,AUDI A3,9,E01021786,0,3
2024351540760,2024,351540760,2,9,0,-1,19,8,4,-1,0,1,0,0,0,0,3,1,-1,9,1,40,7,1598,2,9,AUDI A3,4,E01018086,0,1
2024010546928,2024,010546928,2,9,0,99,99,9,9,99,99,6,9,99,9,99,9,9,6,6,3,-1,-1,1395,8,0,AUDI A3,-1,-1,0,-1
2024371466283,2024,371466283,1,9,0,-1,7,5,7,-1,9,2,0,0,7,0,1,1,-1,9,2,35,6,1968,2,16,AUDI A3,5,E01030226,0,1
2024430266268,2024,430266268,1,9,0,9,9,5,2,0,0,6,0,0,0,0,1,1,6,6,2,-1,-1,1968,2,18,AUDI A3,-1,-1,0,-1
2024131525955,2024,131525955,2,9,0,-1,4,6,2,-1,0,0,0,0,0,0,2,1,-1,9,2,45,7,1498,1,0,AUDI A3,1,E01011917,0,3
2024531402095,2024,531402095,2,9,0,-1,19,7,3,-1,0,0,0,0,0,0,4,1,-1,9,2,18,4,1968,2,18,AUDI A3,6,E01022249,0,3
2024010510472,2024,010510472,1,9,0,18,19,3,7,0,0,8,0,0,0,0,4,1,6,6,1,20,4,1498,1,7,AUDI A3,3,E01004645,0,2
2024531507210,2024,531507210,1,9,0,-1,19,3,7,-1,0,1,0,0,0,0,1,1,-1,9,1,50,8,1896,2,16,AUDI A3,8,E01034781,0,3
2024440324524,2024,440324524,2,9,0,18,19,8,4,0,0,8,0,0,0,0,1,1,6,6,1,79,11,1968,2,18,AUDI A3,9,E01032877,0,1
2024440399130,2024,440399130,1,9,0,18,19,2,6,0,0,0,0,0,0,0,1,1,6,6,1,87,11,1798,1,11,AUDI A3,8,E01022703,0,4
2024061399898,2024,061399898,1,9,-1,-1,-1,-1,-1,-1,-1,-1,-1,-1,-1,0,-1,9,-1,6,3,-1,-1,1968,2,18,AUDI A3,-1,-1,0,-1
2024041515338,2024,041515338,2,9,0,-1,2,0,0,-1,0,1,0,4,0,0,1,1,-1,6,-1,-1,-1,1968,2,16,AUDI A3,-1,-1,0,-1
2024010501353,2024,010501353,1,9,0,1,1,8,4,0,0,0,0,0,0,0,0,1,6,6,3,-1,-1,1968,2,19,AUDI A3,-1,-1,0,-1
2024440513877,2024,440513877,1,9,0,17,19,3,7,0,0,8,1,0,1,4,0,1,6,6,2,29,6,999,1,1,AUDI A3,8,E01016339,0,3
2024540320624,2024,540320624,2,9,0,2,2,0,0,0,0,0,0,0,0,0,3,1,6,6,2,42,7,1968,2,11,AUDI A3,9,E01032102,0,1
2024332400338,2024,332400338,1,9,0,-1,3,2,6,-1,0,1,0,0,0,0,2,1,-1,6,1,27,6,1968,2,11,AUDI A3,7,E01009613,0,4
2024461472197,2024,461472197,1,9,0,-1,19,1,5,-1,0,0,0,0,2,0,1,1,-1,9,1,29,6,1498,1,3,AUDI A3,5,E01024319,0,1
2024161497227,2024,161497227,1,9,0,-1,19,1,5,-1,0,4,1,11,4,2,1,1,-1,6,1,21,5,1968,2,17,AUDI A3,9,E01012956,0,1
2024401477294,2024,401477294,2,9,0,-1,3,1,5,-1,0,0,0,0,0,0,2,9,-1,2,2,59,9,1968,2,13,AUDI A3,2,E01015749,0,1
2024421523813,2024,421523813,2,9,0,-1,19,5,1,-1,0,0,0,0,0,0,3,1,-1,9,2,50,8,1395,1,11,AUDI A3,8,E01021407,0,3
2024010511964,2024,010511964,1,9,0,7,7,5,7,0,0,8,0,0,0,0,4,1,6,6,1,53,8,1498,1,6,AUDI A3,3,E01001823,0,1
2024041521106,2024,041521106,1,9,0,-1,19,2,6,-1,0,1,1,0,7,1,1,1,-1,9,2,22,5,999,1,2,AUDI A3,8,E01012583,0,1
2024231444024,2024,231444024,2,9,0,-1,2,0,0,-1,0,8,0,0,0,0,4,1,-1,6,2,36,7,1968,2,12,AUDI A3,9,E01031328,0,1
2024421402530,2024,421402530,1,9,0,-1,1,7,2,-1,9,0,0,0,0,0,2,1,-1,9,2,84,11,1798,1,15,AUDI A3,10,E01021569,0,2
2024631431360,2024,631431360,1,9,0,-1,12,8,4,-1,0,1,0,0,0,0,1,1,-1,9,1,36,7,1896,2,18,AUDI A3,4,W01000542,0,4
2024010546660,2024,010546660,1,9,0,5,5,3,7,0,0,6,0,0,0,0,1,1,6,6,1,33,6,1395,1,10,AUDI A3,-1,-1,0,-1
2024201477133,2024,201477133,2,9,0,-1,19,4,8,-1,0,8,0,0,0,0,4,1,-1,1,1,25,5,1395,8,3,AUDI A3,5,E01031088,0,1
2024161496921,2024,161496921,2,9,0,-1,2,0,0,-1,0,2,0,0,0,0,1,1,-1,6,-1,-1,-1,1968,2,11,AUDI A3,-1,-1,0,-1
2024622400181,2024,622400181,4,9,0,3,3,2,6,0,0,0,0,0,0,0,2,1,6,6,1,52,8,1598,2,12,AUDI A3,9,W01001090,0,1
2024010521226,2024,010521226,1,9,0,9,9,3,1,0,0,8,0,0,0,0,3,1,6,6,2,36,7,1595,1,16,AUDI A3,4,E01001373,0,1
2024131396929,2024,131396929,1,9,0,-1,9,1,2,-1,0,2,0,0,0,0,3,1,-1,2,1,22,5,1390,1,13,AUDI A3,5,E01011356,0,1
2024101444447,2024,101444447,2,9,0,-1,4,5,1,-1,0,1,0,0,0,0,2,9,-1,9,1,47,8,1896,2,15,AUDI A3,2,E01008812,0,1
2024421408822,2024,421408822,1,9,0,-1,19,5,1,-1,0,0,0,0,0,0,-1,9,-1,6,3,-1,-1,1595,2,14,AUDI A3,-1,-1,0,-1
2024991506058,2024,991506058,2,9,0,-1,19,2,6,-1,0,0,0,0,0,0,1,1,-1,9,2,50,8,1595,1,20,AUDI A3,-1,-1,0,-1
2024010487806,2024,010487806,2,9,0,18,19,8,4,0,0,0,0,0,0,0,1,1,6,6,1,33,6,1984,1,18,AUDI A3,2,E01003918,0,1
2024211431731,2024,211431731,2,9,0,-1,19,5,1,-1,0,0,0,0,0,0,4,1,-1,6,2,41,7,1395,8,3,AUDI A3,4,E01029535,0,1
2024201530226,2024,201530226,1,9,0,-1,13,4,5,-1,0,1,1,0,0,0,3,1,-1,6,2,44,7,1968,2,16,AUDI A3,1,E01009488,0,1
2024031532500,2024,031532500,2,9,0,-1,19,3,7,-1,0,1,0,0,0,0,2,1,-1,6,2,53,8,1968,2,13,AUDI A3,3,E01019187,0,3
2024311423781,2024,311423781,1,9,0,-1,19,3,7,-1,0,0,0,0,0,0,1,1,-1,9,1,28,6,1598,2,10,AUDI A3,4,E01027996,0,1
2024231399264,2024,231399264,3,9,0,-1,19,7,4,-1,0,1,0,0,0,0,1,9,-1,6,2,60,9,1395,1,10,AUDI A3,9,E01032231,0,2
2024471457867,2024,471457867,1,9,0,-1,19,7,3,-1,0,0,0,0,0,0,1,1,-1,2,1,34,6,1395,1,7,AUDI A3,9,E01031356,0,1
2024131485961,2024,131485961,1,9,0,-1,19,1,5,-1,0,8,0,0,0,0,1,1,-1,6,1,22,5,1798,1,14,AUDI A3,1,E01010676,0,1
2024631410250,2024,631410250,1,9,0,-1,19,1,5,-1,0,8,1,0,1,4,1,1,-1,2,2,26,6,1896,2,15,AUDI A3,9,W01000759,0,3
2024622400677,2024,622400677,1,9,0,16,19,4,8,0,0,0,1,0,0,0,1,1,1,1,1,25,5,1498,1,4,AUDI A3,8,E01020190,0,5
2024411479598,2024,411479598,1,9,0,-1,19,2,5,-1,0,2,2,10,0,0,1,1,-1,6,1,24,5,1395,8,0,AUDI A3,7,E01023576,0,2
2024061432489,2024,061432489,2,9,0,-1,9,-1,-1,-1,0,8,0,0,0,0,4,1,-1,6,2,-1,-1,1896,2,17,AUDI A3,-1,-1,0,-1
2024351519250,2024,351519250,1,9,0,-1,4,4,8,-1,0,1,0,0,0,0,1,1,-1,6,1,21,5,1598,2,10,AUDI A3,1,E01015616,0,1
2024311526277,2024,311526277,1,9,0,-1,4,1,5,-1,0,0,0,0,0,0,2,1,-1,6,1,20,4,1498,1,3,AUDI A3,-1,-1,0,-1
2024332400599,2024,332400599,1,9,0,-1,19,1,3,-1,0,0,0,0,0,0,1,1,-1,2,1,35,6,1968,2,17,AUDI A3,9,E01025981,0,2
2024131436775,2024,131436775,1,9,0,-1,19,1,3,-1,0,1,0,0,6,0,1,1,-1,6,1,58,9,1595,2,14,AUDI A3,6,E01010957,0,1
2024340WN4802,2024,340WN4802,2,9,0,-1,19,5,1,-1,0,0,0,0,1,0,2,1,-1,2,1,31,6,1968,2,17,AUDI A3,5,E01035423,0,2
2024161459355,2024,161459355,1,9,0,-1,3,6,2,-1,0,0,0,0,0,0,2,1,-1,9,2,24,5,1498,1,0,AUDI A3,8,E01013304,0,2
2024131417439,2024,131417439,1,9,0,-1,19,5,1,-1,0,0,0,0,0,0,1,1,-1,1,1,23,5,1968,2,13,AUDI A3,3,E01010601,0,1
2024440108997,2024,440108997,2,9,0,17,19,3,8,0,0,0,0,0,0,0,1,1,6,6,1,24,5,1968,2,13,AUDI A3,6,E01032734,0,4
2024122400568,2024,122400568,1,9,0,9,9,1,7,0,0,8,0,0,0,0,3,1,6,6,1,34,6,1498,1,2,AUDI A3,7,E01027587,0,2
2024461475432,2024,461475432,1,9,0,-1,5,6,4,-1,0,1,0,0,0,0,1,1,-1,6,1,25,5,1968,2,18,AUDI A3,-1,-1,0,-1
2024141488700,2024,141488700,2,9,0,-1,19,5,1,-1,0,1,0,0,0,0,1,9,-1,6,3,-1,-1,1968,2,14,AUDI A3,-1,-1,0,-1
2024440129303,2024,440129303,1,9,0,6,6,8,8,0,0,0,0,0,0,0,3,1,1,1,1,37,7,1395,8,2,AUDI A3,10,E01023003,0,1
2024131466544,2024,131466544,2,9,0,-1,19,5,5,-1,0,0,0,0,0,0,4,1,-1,6,2,43,7,1598,2,9,AUDI A3,1,E01010938,0,1
2024501473560,2024,501473560,1,9,0,-1,9,3,1,-1,0,8,0,0,0,0,1,1,-1,9,1,24,5,1395,1,8,AUDI A3,3,E01015093,0,1
2024010534448,2024,010534448,1,9,0,99,99,9,9,99,99,9,9,99,9,99,2,9,6,6,2,65,9,1197,1,12,AUDI A3,4,E01004429,0,1
2024131438021,2024,131438021,2,9,0,-1,19,3,7,-1,0,8,0,0,0,0,4,1,-1,9,2,39,7,1598,2,9,AUDI A3,2,E01010728,0,1
2024221469557,2024,221469557,2,9,0,-1,19,2,6,-1,0,0,0,0,0,0,3,9,-1,6,2,69,10,1498,1,7,AUDI A3,3,E01034330,0,1
2024520402723,2024,520402723,1,9,0,18,19,3,7,0,0,0,1,0,1,7,1,1,6,6,1,26,6,1595,1,13,AUDI A3,6,E01029228,0,1
2024201452491,2024,201452491,1,9,0,-1,19,4,8,-1,0,0,0,0,0,0,1,9,-1,9,1,25,5,1598,2,10,AUDI A3,4,E01009240,0,3
2024361483936,2024,361483936,2,9,0,-1,9,-1,-1,-1,0,1,0,0,0,0,3,1,-1,6,2,77,11,1395,1,9,AUDI A3,5,E01026737,0,4
2024161488786,2024,161488786,1,9,0,-1,9,5,2,-1,0,1,0,0,0,0,1,1,-1,9,1,25,5,1498,1,7,AUDI A3,2,E01026087,0,4
2024010550911,2024,010550911,2,9,0,99,99,9,9,99,99,9,9,99,9,99,9,9,6,6,3,22,5,1197,1,14,AUDI A3,1,E01000093,0,1
2024010524998,2024,010524998,2,9,0,2,2,0,0,0,0,0,0,0,0,0,3,1,6,6,3,-1,-1,1984,1,19,AUDI A3,-1,-1,0,-1
2024522401126,2024,522401126,1,9,0,3,3,3,7,0,0,0,0,0,0,0,2,1,6,6,2,40,7,1984,1,17,AUDI A3,6,E01014846,0,1
2024311483496,2024,311483496,2,9,0,-1,5,6,3,-1,0,1,0,0,0,0,2,1,-1,6,1,21,5,1968,2,10,AUDI A3,-1,-1,0,-1
2024201480665,2024,201480665,1,9,0,-1,7,7,8,-1,0,2,0,0,0,0,1,1,-1,6,1,24,5,1968,2,14,AUDI A3,2,E01010420,0,1
2024070788611,2024,070788611,1,9,0,-1,19,5,1,-1,0,0,0,0,1,3,1,1,-1,6,1,26,6,1968,2,17,AUDI A3,9,E01018696,0,2
2024501535499,2024,501535499,1,9,0,-1,19,7,3,-1,0,1,0,11,0,0,1,1,-1,6,1,41,7,1968,2,16,AUDI A3,3,E01020286,0,3
2024010543828,2024,010543828,2,9,0,18,19,7,3,0,0,0,0,0,0,0,1,1,6,6,1,61,9,1984,1,13,AUDI A3,-1,-1,0,-1
2024451400691,2024,451400691,1,9,0,-1,19,4,8,-1,0,0,1,0,7,0,3,1,-1,9,1,22,5,1595,1,16,AUDI A3,10,E01030806,0,1
2024101445623,2024,101445623,3,9,0,-1,2,0,0,-1,9,0,0,0,0,0,4,1,-1,6,1,-1,-1,999,1,2,AUDI A3,2,E01008699,0,1
2024010512148,2024,010512148,2,9,0,9,9,7,4,0,0,1,0,0,0,0,1,1,6,6,3,26,6,1498,1,6,AUDI A3,5,E01003161,0,2
2024010527434,2024,010527434,2,9,0,99,99,9,9,99,99,9,9,99,9,99,9,9,6,6,3,-1,-1,1968,2,9,AUDI A3,-1,-1,0,-1
2024371477785,2024,371477785,1,9,0,-1,19,5,8,-1,0,0,0,0,0,0,1,1,-1,2,1,22,5,1595,1,15,AUDI A3,7,E01034572,0,1
2024010540015,2024,010540015,2,9,0,2,2,0,0,0,0,0,0,0,0,0,3,1,6,6,3,-1,-1,1598,2,9,AUDI A3,-1,-1,0,-1
2024061515822,2024,061515822,1,9,0,-1,5,1,5,-1,0,0,0,0,0,0,1,1,-1,2,1,26,6,1598,2,13,AUDI A3,-1,-1,0,-1
2024161441275,2024,161441275,2,9,0,-1,10,4,6,-1,0,6,0,0,0,0,4,1,-1,9,1,79,11,1595,1,24,AUDI A3,8,E01013065,0,1
2024421435777,2024,421435777,1,9,0,-1,19,7,3,-1,0,0,0,0,0,0,1,1,-1,9,1,52,8,1498,1,2,AUDI A3,4,E01021374,0,1
2024141457876,2024,141457876,1,9,0,-1,3,3,8,-1,0,0,0,0,0,0,2,1,-1,9,1,24,5,1498,1,0,AUDI A3,4,E01007699,0,1
2024052402200,2024,052402200,2,9,0,4,4,7,3,0,0,1,0,0,0,0,3,1,6,6,2,54,8,1598,2,8,AUDI A3,4,E01006833,0,1
2024991506667,2024,991506667,1,9,0,-1,19,2,6,-1,0,0,0,0,1,4,1,1,-1,2,1,34,6,999,1,6,AUDI A3,2,-1,0,1
2024131456501,2024,131456501,3,9,0,-1,19,5,5,-1,0,1,1,0,0,0,1,1,-1,6,1,30,6,1968,2,19,AUDI A3,3,E01007357,0,4
2024010508896,2024,010508896,2,9,0,99,99,9,9,99,99,2,9,99,9,99,9,9,6,6,3,-1,-1,1390,1,12,AUDI A3,8,E01016679,0,4
2024461440487,2024,461440487,1,9,0,-1,9,3,7,-1,0,0,0,0,0,0,3,1,-1,6,3,30,6,1968,2,18,AUDI A3,-1,-1,0,-1
2024631456949,2024,631456949,1,9,0,-1,19,5,1,-1,0,0,0,0,0,0,1,1,-1,9,1,36,7,1968,2,12,AUDI A3,-1,-1,0,-1
2024010509765,2024,010509765,1,9,0,18,19,5,1,0,0,1,0,7,0,0,1,1,6,6,2,23,5,999,1,3,AUDI A3,5,E01001686,0,1
2024010508292,2024,010508292,2,9,0,18,19,3,7,0,0,0,0,0,0,0,1,1,6,6,3,24,5,1798,1,14,AUDI A3,-1,-1,0,-1
2024311497135,2024,311497135,1,9,0,-1,19,8,4,-1,0,0,1,11,0,0,1,1,-1,9,1,27,6,1968,2,11,AUDI A3,2,E01013781,0,4
2024451515828,2024,451515828,2,9,0,-1,3,5,1,-1,0,1,0,10,0,0,3,1,-1,2,1,49,8,1395,1,10,AUDI A3,10,E01030543,0,2
2024302401398,2024,302401398,1,9,0,16,19,5,8,0,0,0,0,0,0,0,1,1,6,6,1,18,4,1968,2,20,AUDI A3,6,E01031211,0,5
2024131423910,2024,131423910,1,9,0,-1,19,6,2,-1,0,1,0,0,0,0,1,1,-1,6,1,30,6,1598,2,11,AUDI A3,4,E01011052,0,1
2024061418617,2024,061418617,1,9,0,-1,19,7,3,-1,0,0,0,0,0,0,1,1,-1,6,1,17,4,999,1,1,AUDI A3,-1,-1,0,-1
2024211413106,2024,211413106,1,9,0,-1,19,5,3,-1,0,0,1,0,1,0,1,9,-1,9,1,40,7,1595,2,14,AUDI A3,2,E01029492,0,1
2024070224505,2024,070224505,2,9,0,4,4,1,5,0,0,0,0,0,0,0,2,1,1,1,1,22,5,1498,1,2,AUDI A3,9,E01024994,0,4
2024201505709,2024,201505709,2,9,0,-1,19,1,5,-1,0,8,0,0,0,0,4,1,-1,6,1,23,5,1598,2,11,AUDI A3,-1,-1,0,-1
2024622400165,2024,622400165,2,9,0,18,19,2,6,0,0,4,0,0,0,0,2,1,6,6,3,-1,-1,1968,2,16,AUDI A3,-1,-1,0,-1
2024520402491,2024,520402491,2,9,0,9,9,6,4,0,0,8,0,0,0,0,1,1,6,6,3,-1,-1,1896,2,16,AUDI A3,-1,-1,0,-1
2024471454904,2024,471454904,1,9,0,-1,13,5,1,-1,0,4,0,9,1,10,1,1,-1,9,1,63,9,1498,1,6,AUDI A3,9,E01031753,0,1
2024361423184,2024,361423184,1,9,0,-1,19,4,7,-1,0,1,0,0,1,0,1,1,-1,1,2,27,6,1390,1,14,AUDI A3,10,E01035143,0,1
2024440329706,2024,440329706,1,9,0,17,19,6,3,0,0,8,0,0,1,1,3,1,6,6,1,18,4,999,1,4,AUDI A3,10,E01016291,0,4
2024411409271,2024,411409271,2,9,0,-1,4,1,5,-1,0,7,0,0,0,0,2,1,-1,6,2,27,6,1498,1,6,AUDI A3,7,E01023347,0,1
2024131467346,2024,131467346,2,9,0,-1,2,1,5,-1,0,8,0,0,0,0,2,1,-1,6,-1,-1,-1,1968,2,8,AUDI A3,-1,-1,0,-1
2024161462371,2024,161462371,1,9,0,-1,19,3,7,-1,0,1,0,0,0,0,1,1,-1,6,1,24,5,1968,2,11,AUDI A3,9,E01013316,0,1
2024501445336,2024,501445336,1,9,0,-1,19,5,1,-1,0,0,0,0,2,11,1,1,-1,9,1,18,4,1390,1,14,AUDI A3,9,E01015033,0,2
2024061443910,2024,061443910,1,9,-1,-1,9,7,5,-1,0,6,0,0,0,0,3,9,-1,6,3,-1,-1,1598,2,10,AUDI A3,-1,-1,0,-1
2024351471124,2024,351471124,1,9,0,-1,19,2,6,-1,0,0,5,0,1,0,1,1,-1,6,1,40,7,999,1,5,AUDI A3,9,E01018039,0,1
2024131471413,2024,131471413,1,9,0,-1,-1,-1,-1,-1,-1,8,-1,-1,-1,0,-1,1,-1,6,1,42,7,1968,2,16,AUDI A3,2,E01010889,0,3
2024471497264,2024,471497264,1,9,0,-1,19,8,4,-1,0,0,0,0,7,0,1,1,-1,9,1,20,4,1896,2,16,AUDI A3,7,E01021063,0,1
2024041443104,2024,041443104,1,9,0,-1,7,5,1,-1,0,1,0,0,0,0,1,1,-1,1,1,51,8,1968,2,8,AUDI A3,1,E01025070,0,1
2024061513164,2024,061513164,2,9,0,-1,19,5,1,-1,0,0,0,0,0,0,4,1,-1,6,2,50,8,1498,1,2,AUDI A3,3,E01005916,0,1
2024471428178,2024,471428178,1,9,0,-1,-1,-1,-1,-1,-1,-1,-1,-1,-1,0,-1,9,-1,6,1,30,6,1968,2,12,AUDI A3,9,E01031706,0,3
2024131500244,2024,131500244,1,9,0,-1,5,3,7,-1,0,0,0,0,0,0,1,1,-1,9,2,48,8,1598,2,7,AUDI A3,1,E01010735,0,1
2024430197942,2024,430197942,3,9,0,3,3,2,6,0,0,0,0,0,0,0,2,1,2,2,1,30,6,1798,1,16,AUDI A3,6,E01016530,0,4
2024010492543,2024,010492543,2,9,0,99,99,9,9,99,99,9,9,99,9,99,9,9,6,6,3,-1,-1,1498,1,6,AUDI A3,4,E01003406,0,1
2024131461774,2024,131461774,1,9,0,-1,12,8,4,-1,0,0,0,0,0,0,1,1,-1,6,1,21,5,1968,2,16,AUDI A3,1,E01011130,0,1
2024631500521,2024,631500521,1,9,0,-1,19,2,6,-1,0,0,1,0,1,7,1,1,-1,6,1,36,7,1968,2,12,AUDI A3,4,W01000516,0,4
2024201394856,2024,201394856,1,9,0,-1,19,4,2,-1,0,4,0,0,0,0,3,1,-1,6,3,-1,-1,1968,2,18,AUDI A3,4,E01009188,0,1
2024211456473,2024,211456473,2,9,0,-1,6,1,1,-1,0,1,1,0,0,0,4,1,-1,6,1,27,6,999,1,2,AUDI A3,3,E01009596,0,4
2024141448294,2024,141448294,1,9,0,-1,19,8,4,-1,0,0,0,4,0,0,1,1,-1,9,1,25,5,1498,1,3,AUDI A3,8,E01007380,0,3
2024141453056,2024,141453056,1,9,0,-1,19,7,3,-1,0,0,0,0,0,0,1,1,-1,9,1,36,7,1968,2,12,AUDI A3,4,E01007353,0,1
2024041413978,2024,041413978,1,9,0,-1,19,1,5,-1,0,0,1,0,1,11,1,1,-1,9,1,27,6,1968,2,12,AUDI A3,5,E01025325,0,1
2024161508925,2024,161508925,1,9,0,-1,19,3,1,-1,0,8,0,0,0,0,1,1,-1,6,1,52,8,1968,2,18,AUDI A3,1,E01012892,0,1
2024101470336,2024,101470336,1,9,0,-1,19,5,8,-1,0,8,0,0,0,0,1,1,-1,9,2,62,9,1968,2,0,AUDI A3,5,E01008535,0,4
2024471518325,2024,471518325,1,9,0,-1,19,4,7,-1,0,0,0,0,0,0,1,1,-1,1,2,43,7,1968,2,9,AUDI A3,3,E01031609,0,1
2024010542578,2024,010542578,2,9,0,3,3,7,3,0,0,1,0,0,0,0,2,1,6,6,2,31,6,1598,2,6,AUDI A3,3,E01001365,0,1
2024461499981,2024,461499981,1,9,0,-1,19,2,2,-1,0,1,5,10,8,4,1,1,-1,6,3,-1,-1,1896,2,15,AUDI A3,-1,-1,0,-1
2024141480414,2024,141480414,1,9,0,-1,7,4,6,-1,0,2,0,0,0,0,1,1,-1,9,1,25,5,1896,2,15,AUDI A3,8,E01007523,0,1
2024010524518,2024,010524518,2,9,0,7,7,5,6,0,0,8,0,0,0,0,1,1,6,6,2,41,7,1595,1,18,AUDI A3,7,E01001093,0,1
2024471488306,2024,471488306,1,9,0,-1,19,5,1,-1,0,0,0,0,0,0,1,1,-1,9,1,32,6,1968,2,17,AUDI A3,6,E01035335,0,1
2024421421911,2024,421421911,4,9,0,-1,19,7,3,-1,0,0,0,0,0,0,1,1,-1,9,2,48,8,1598,2,7,AUDI A3,3,E01034355,0,3
2024041418903,2024,041418903,1,9,0,-1,19,1,5,-1,0,0,0,0,0,0,1,1,-1,9,1,20,4,1395,1,8,AUDI A3,1,E01024877,0,1
2024131472921,2024,131472921,2,9,0,-1,9,7,5,-1,0,0,1,0,0,0,1,1,-1,9,1,22,5,1968,2,12,AUDI A3,1,E01010745,0,1
2024010551057,2024,010551057,1,9,0,1,1,1,5,0,0,1,0,4,0,0,2,1,6,6,2,55,8,1798,1,12,AUDI A3,3,E01003352,0,1
2024401527815,2024,401527815,2,9,0,-1,19,3,7,-1,0,1,0,0,0,0,3,1,-1,6,2,46,8,999,1,7,AUDI A3,4,E01015784,0,1
2024131472673,2024,131472673,1,9,0,-1,19,1,5,-1,0,0,0,4,0,0,1,1,-1,6,-1,-1,-1,1598,2,14,AUDI A3,-1,-1,0,-1
2024302500270,2024,302500270,2,9,0,-1,9,6,4,-1,0,8,0,0,0,0,2,1,-1,9,2,59,9,1498,1,4,AUDI A3,10,E01019610,0,2
2024440393478,2024,440393478,1,9,0,9,9,2,8,0,0,3,0,0,0,0,2,1,6,6,2,49,8,1197,1,12,AUDI A3,6,E01017200,0,1
2024471406534,2024,471406534,1,9,0,-1,19,7,3,-1,0,0,0,4,0,0,1,1,-1,6,1,56,9,1395,8,3,AUDI A3,1,E01016942,0,1
2024361479781,2024,361479781,3,9,0,-1,19,6,2,-1,0,0,0,0,0,0,3,1,-1,9,1,25,5,1968,2,5,AUDI A3,1,E01033436,0,1
2024302400520,2024,302400520,2,9,0,18,19,3,7,0,0,8,0,0,1,0,3,1,6,6,1,25,5,1395,1,9,AUDI A3,8,E01019537,0,1
2024201433502,2024,201433502,2,9,0,-1,19,3,7,-1,0,8,0,0,0,0,1,1,-1,6,1,44,7,1395,1,11,AUDI A3,1,E01009374,0,1
2024552400371,2024,552400371,1,9,0,18,19,6,2,0,0,8,0,0,0,0,1,1,6,6,1,24,5,1968,1,18,AUDI A3,7,E01015348,0,1
2024461449209,2024,461449209,1,9,0,-1,19,7,3,-1,0,0,0,0,0,0,1,9,-1,6,3,-1,-1,1395,1,8,AUDI A3,-1,-1,0,-1
2024211514068,2024,211514068,1,9,0,-1,9,8,6,-1,0,1,0,0,0,0,4,1,-1,6,1,19,4,1968,2,12,AUDI A3,3,E01029408,0,1