collision_index,collision_year,collision_ref_no,vehicle_reference,vehicle_type,towing_and_articulation,vehicle_manoeuvre_historic,vehicle_manoeuvre,vehicle_direction_from,vehicle_direction_to,vehicle_location_restricted_lane_historic,vehicle_location_restricted_lane,junction_location,skidding_and_overturning,hit_object_in_carriageway,vehicle_leaving_carriageway,hit_object_off_carriageway,first_point_of_impact,vehicle_left_hand_drive,journey_purpose_of_driver_historic,journey_purpose_of_driver,sex_of_driver,age_of_driver,age_band_of_driver,engine_capacity_cc,propulsion_code,age_of_vehicle,generic_make_model,driver_imd_decile,lsoa_of_driver,escooter_flag,driver_distance_banding
2024061441401,2024,061441401,1,9,0,-1,19,5,1,-1,0,4,0,0,0,0,1,1,-1,6,1,25,5,1395,8,2,AUDI A3,2,E01005471,0,2
2024501396691,2024,501396691,1,9,0,-1,14,1,5,-1,0,0,0,4,0,0,1,1,-1,9,2,79,11,1598,2,6,AUDI A3,8,E01015090,0,1
2024231476473,2024,231476473,3,9,0,-1,4,6,2,-1,0,0,0,0,0,0,2,1,-1,6,1,20,4,1598,2,7,AUDI A3,4,E01009504,0,4
2024231422620,2024,231422620,1,9,0,-1,4,8,4,-1,0,0,0,0,0,0,2,1,-1,2,2,56,9,1598,2,10,AUDI A3,10,E01009807,0,4
2024061399320,2024,061399320,1,9,0,-1,19,3,7,-1,0,0,1,7,0,0,3,1,-1,2,1,28,6,1598,2,10,AUDI A3,1,E01010813,0,4
2024440407121,2024,440407121,1,9,0,18,19,6,2,0,0,0,0,0,0,0,1,1,6,6,2,25,5,1968,2,17,AUDI A3,6,E01017354,0,3
2024221476374,2024,221476374,1,9,0,-1,13,8,5,-1,0,0,0,0,0,0,1,1,-1,6,1,25,5,1968,2,14,AUDI A3,1,E01032424,0,3
2024371517647,2024,371517647,1,9,0,-1,7,2,5,-1,0,0,0,0,0,0,4,1,-1,9,2,46,8,1598,2,13,AUDI A3,6,E01033126,0,1
2024231500282,2024,231500282,1,9,0,-1,7,6,2,-1,0,8,0,0,0,0,3,1,-1,6,1,41,7,1968,2,13,AUDI A3,9,E01009457,0,2
2024501495850,2024,501495850,1,9,0,-1,5,2,6,-1,0,0,0,0,0,0,3,1,-1,9,2,24,5,1968,2,12,AUDI A3,2,E01019995,0,1
2024141410724,2024,141410724,3,9,0,-1,19,5,1,-1,0,0,0,2,0,0,4,1,-1,6,1,38,7,1598,2,7,AUDI A3,8,E01019621,0,4
2024010528048,2024,010528048,1,9,0,7,7,4,6,0,0,8,0,0,0,0,1,1,6,6,3,40,7,1395,1,10,AUDI A3,3,E01034392,0,1
2024371455066,2024,371455066,1,9,0,-1,19,6,3,-1,0,0,0,0,0,0,4,1,-1,1,1,44,7,1968,2,19,AUDI A3,4,E01029962,0,1
2024201407480,2024,201407480,1,9,0,-1,9,8,6,-1,0,6,0,0,0,0,3,1,-1,6,2,37,7,1390,1,15,AUDI A3,2,E01009991,0,1
2024411466397,2024,411466397,2,9,0,-1,3,6,2,-1,0,0,0,0,0,0,2,1,-1,9,2,31,6,1395,1,9,AUDI A3,1,E01001410,0,2
2024201498235,2024,201498235,1,9,0,-1,19,7,3,-1,0,4,1,7,0,0,1,1,-1,6,1,45,7,1896,2,18,AUDI A3,-1,-1,0,-1
2024131453826,2024,131453826,1,9,0,-1,19,5,1,-1,0,0,0,0,0,0,1,1,-1,9,1,76,11,1595,2,14,AUDI A3,3,E01011546,0,1
2024010504886,2024,010504886,2,9,0,99,99,9,9,99,99,9,9,99,9,99,1,9,6,6,3,-1,-1,1197,1,12,AUDI A3,-1,-1,0,-1
2024061504923,2024,061504923,2,9,-1,-1,19,5,7,-1,0,8,0,0,0,0,4,9,-1,9,2,20,4,999,1,1,AUDI A3,3,E01033072,0,4
2024010530491,2024,010530491,2,9,9,99,99,9,9,99,99,1,9,99,9,99,9,9,6,6,3,-1,-1,999,1,1,AUDI A3,-1,-1,0,-1
202417M201624,2024,17M201624,1,9,0,3,3,8,4,0,0,1,0,0,0,0,2,1,6,6,2,35,6,1498,1,3,AUDI A3,1,E01012016,0,1
2024302401579,2024,302401579,2,9,0,18,19,4,8,0,0,0,0,0,0,0,1,1,6,6,1,28,6,1968,2,9,AUDI A3,5,E01019865,0,4
2024131433176,2024,131433176,2,9,0,-1,19,7,3,-1,0,0,0,0,0,0,1,1,-1,9,2,37,7,1968,2,9,AUDI A3,5,E01011095,0,1
2024161436741,2024,161436741,2,9,0,-1,19,3,7,-1,0,2,0,0,7,0,1,1,-1,6,1,49,8,1968,2,18,AUDI A3,2,E01026376,0,3
2024010515087,2024,010515087,2,9,0,99,99,9,9,99,99,9,9,99,9,99,0,9,6,6,3,-1,-1,1968,2,16,AUDI A3,-1,-1,0,-1
2024201470309,2024,201470309,1,9,0,-1,19,4,8,-1,0,0,0,0,0,0,1,1,-1,6,1,32,6,1395,1,9,AUDI A3,-1,-1,0,-1
2024010513936,2024,010513936,1,9,0,18,19,1,5,0,0,3,0,10,0,0,1,1,6,6,1,28,6,1598,2,5,AUDI A3,2,E01003489,0,4
2024131430964,2024,131430964,1,9,0,-1,19,1,5,-1,0,1,0,0,0,0,4,1,-1,6,1,35,6,1968,2,14,AUDI A3,1,E01010811,0,1
2024451524250,2024,451524250,2,9,0,-1,19,7,3,-1,0,1,0,0,0,0,3,1,-1,2,2,42,7,1968,2,11,AUDI A3,3,E01024795,0,3
2024302401767,2024,302401767,1,9,0,-1,13,5,1,-1,0,1,0,0,7,10,4,1,-1,9,1,17,4,999,1,6,AUDI A3,4,E01032613,0,1
2024991478645,2024,991478645,1,9,0,-1,19,4,7,-1,0,0,1,10,7,0,2,1,-1,6,1,28,6,1781,1,24,AUDI A3,1,-1,0,2
2024161516199,2024,161516199,1,9,9,-1,7,7,3,-1,0,1,9,99,0,0,9,9,-1,6,2,-1,-1,1595,2,15,AUDI A3,-1,-1,0,-1
2024421465603,2024,421465603,1,9,0,-1,13,4,8,-1,0,0,0,0,0,0,1,9,-1,6,1,34,6,1595,1,18,AUDI A3,7,E01034093,0,3
2024311438757,2024,311438757,1,9,0,-1,19,3,7,-1,0,1,0,0,0,0,1,1,-1,9,1,19,4,1968,2,13,AUDI A3,8,E01028264,0,1
2024211414720,2024,211414720,2,9,0,-1,7,4,6,-1,0,2,0,0,0,0,1,1,-1,6,1,19,4,1598,2,12,AUDI A3,2,E01029448,0,1
2024201465741,2024,201465741,2,9,0,-1,19,4,8,-1,0,4,0,0,0,0,2,9,-1,9,1,56,9,1968,2,10,AUDI A3,5,E01010069,0,1
2024461477140,2024,461477140,1,9,0,-1,1,1,5,-1,0,0,0,0,0,0,1,9,-1,6,1,79,11,1968,2,13,AUDI A3,10,E01024820,0,1
2024061419396,2024,061419396,2,9,0,-1,10,3,1,-1,0,1,0,0,0,0,4,1,-1,2,2,48,8,1968,2,13,AUDI A3,2,E01005982,0,3
202454F293024,2024,54F293024,1,9,0,18,19,5,1,0,0,0,0,0,0,0,1,1,6,6,1,25,5,999,1,2,AUDI A3,6,E01031884,0,2
2024010528842,2024,010528842,2,9,0,99,99,9,9,99,99,4,9,99,9,99,1,9,6,6,3,-1,-1,1498,1,5,AUDI A3,-1,-1,0,-1
2024122400332,2024,122400332,1,9,0,17,19,3,1,0,0,0,2,0,2,4,1,1,6,6,1,20,4,1498,1,5,AUDI A3,9,E01013077,0,4
2024361500298,2024,361500298,1,9,0,-1,19,5,1,-1,0,0,0,0,7,3,1,1,-1,9,2,32,6,1395,1,10,AUDI A3,5,E01026430,0,4
2024430584652,2024,430584652,1,9,0,18,19,5,1,0,0,0,0,0,7,3,3,1,6,6,2,61,9,1968,2,12,AUDI A3,10,E01023092,0,2
2024010509639,2024,010509639,2,9,0,9,9,5,3,0,0,1,0,0,0,0,2,1,6,6,2,35,6,1197,1,12,AUDI A3,4,E01001353,0,1
2024461523365,2024,461523365,2,9,0,-1,19,3,3,-1,0,2,0,0,0,0,4,1,-1,2,1,21,5,999,1,2,AUDI A3,4,E01024593,0,2
2024010503181,2024,010503181,1,9,0,9,9,6,3,0,0,1,0,0,0,0,4,1,6,6,1,33,6,1395,1,11,AUDI A3,1,E01002040,0,1
2024302400225,2024,302400225,2,9,0,18,19,4,8,0,0,1,0,0,1,10,1,1,6,6,1,49,8,999,1,2,AUDI A3,3,E01013455,0,1
2024520403378,2024,520403378,2,9,0,18,19,6,2,0,0,3,0,0,4,6,4,1,6,6,1,42,7,4330,1,11,AUDI A3,6,E01029240,0,2
2024111553106,2024,111553106,1,9,0,-1,9,2,1,-1,0,8,0,0,0,0,1,1,-1,6,1,30,6,1968,2,17,AUDI A3,1,E01020902,0,3
2024010511846,2024,010511846,1,9,0,18,19,7,3,0,0,8,0,7,3,10,1,1,6,6,1,29,6,999,1,1,AUDI A3,3,E01001008,0,4
2024201471817,2024,201471817,2,9,0,-1,12,4,8,-1,0,8,0,0,0,0,2,9,-1,6,2,58,9,1968,2,10,AUDI A3,2,E01009317,0,1
2024161439708,2024,161439708,1,9,0,-1,19,1,5,-1,0,0,0,0,0,0,1,1,-1,9,2,32,6,1968,2,9,AUDI A3,5,E01007640,0,4
2024201427580,2024,201427580,1,9,0,-1,5,5,1,-1,0,4,0,0,0,0,3,9,-1,9,1,20,4,999,1,3,AUDI A3,7,E01032401,0,4
2024061417057,2024,061417057,2,9,0,-1,19,4,8,-1,0,0,0,0,0,0,2,9,-1,6,2,28,6,999,1,2,AUDI A3,7,E01005452,0,1
2024991470520,2024,991470520,1,9,0,-1,19,1,5,-1,0,8,0,0,0,0,1,1,-1,6,1,45,7,999,1,5,AUDI A3,5,-1,0,2
2024041461300,2024,041461300,2,9,0,-1,2,1,5,-1,0,0,0,0,1,0,3,1,-1,6,-1,-1,-1,1595,1,17,AUDI A3,-1,-1,0,-1
202460Q089558,2024,60Q089558,4,9,0,18,19,1,5,0,0,0,0,0,0,0,0,1,6,6,1,54,8,1968,2,17,AUDI A3,-1,-1,0,-1
2024010499086,2024,010499086,2,9,9,99,99,9,9,0,0,9,9,0,0,0,9,9,6,6,3,57,9,1595,1,17,AUDI A3,4,E01003441,0,1
2024430357961,2024,430357961,3,9,0,2,2,0,0,0,0,0,0,0,0,0,2,1,6,6,3,78,11,1395,1,9,AUDI A3,-1,-1,0,-1
2024201433758,2024,201433758,1,9,0,-1,1,5,1,-1,0,0,0,4,0,0,2,1,-1,6,1,30,6,999,1,1,AUDI A3,-1,-1,0,-1
2024201456814,2024,201456814,1,9,0,-1,12,2,6,-1,0,3,0,0,0,0,1,9,-1,6,2,25,5,999,1,6,AUDI A3,1,E01009382,0,3
2024991513394,2024,991513394,1,9,0,-1,19,8,4,-1,0,0,0,0,0,0,1,1,-1,2,1,60,9,999,1,4,AUDI A3,-1,-1,0,-1
2024440176691,2024,440176691,1,9,0,18,19,4,8,0,0,0,0,0,1,11,1,1,6,6,1,27,6,1395,1,11,AUDI A3,9,E01022757,0,1
2024371503890,2024,371503890,2,9,0,-1,4,1,5,-1,0,0,0,0,0,0,2,1,-1,6,2,67,10,1595,1,20,AUDI A3,7,E01030007,0,3
2024231490366,2024,231490366,1,9,0,-1,19,4,8,-1,0,0,0,0,1,0,1,1,-1,6,1,31,6,1395,8,2,AUDI A3,5,E01009616,0,4
2024010543870,2024,010543870,2,9,0,-1,-1,1,5,0,0,1,0,0,0,0,0,1,6,6,3,-1,-1,1389,1,11,AUDI A3,-1,-1,0,-1
2024461533056,2024,461533056,1,9,0,-1,19,3,7,-1,0,1,0,0,0,0,1,1,-1,2,1,25,5,1595,1,16,AUDI A3,5,E01024704,0,4
2024430232121,2024,430232121,1,9,0,9,9,6,4,0,0,6,0,0,0,0,1,1,1,1,1,24,5,1598,2,9,AUDI A3,10,E01017930,0,3
2024520402228,2024,520402228,2,9,0,18,19,5,1,0,0,0,0,0,0,0,1,1,6,6,1,74,10,1798,1,10,AUDI A3,10,E01014850,0,4
2024552400532,2024,552400532,1,9,0,15,15,7,4,0,0,8,0,0,0,0,3,1,6,6,1,33,6,1598,2,7,AUDI A3,8,E01020504,0,1
2024411402766,2024,411402766,1,9,-1,-1,-1,-1,-1,-1,-1,-1,-1,-1,-1,0,-1,9,-1,6,2,39,7,1598,2,8,AUDI A3,-1,-1,0,-1
2024991520212,2024,991520212,2,9,0,-1,7,3,7,-1,0,0,0,0,0,0,4,1,-1,9,2,26,6,1968,2,18,AUDI A3,-1,-1,0,-1
2024010543816,2024,010543816,1,9,0,18,19,1,5,0,0,8,0,0,0,0,4,1,6,6,2,31,6,1968,2,4,AUDI A3,9,E01000412,0,1
2024211458368,2024,211458368,1,9,0,-1,7,5,8,-1,0,8,0,0,0,0,1,1,-1,6,3,17,4,1595,1,14,AUDI A3,2,E01029448,0,1
2024201471786,2024,201471786,1,9,0,-1,19,2,6,-1,0,8,0,0,0,0,1,9,-1,6,1,61,9,1968,2,10,AUDI A3,1,E01009079,0,1
2024111555610,2024,111555610,1,9,0,-1,9,3,1,-1,0,1,0,0,0,0,1,1,-1,9,1,35,6,1896,2,17,AUDI A3,-1,-1,0,-1
2024320750454,2024,320750454,1,9,0,-1,-1,2,6,0,0,0,0,0,0,0,1,1,-1,-1,2,58,9,1984,1,6,AUDI A3,8,E01026394,0,1
2024131450894,2024,131450894,2,9,0,-1,19,1,5,-1,0,0,0,0,0,0,3,1,-1,1,1,30,6,1968,2,12,AUDI A3,10,E01010648,0,3
2024311463825,2024,311463825,1,9,0,-1,12,6,4,-1,0,0,0,0,0,0,1,1,-1,1,1,30,6,1598,2,8,AUDI A3,4,E01019522,0,1
2024061530968,2024,061530968,1,9,0,-1,7,1,7,-1,0,1,0,0,0,0,4,1,-1,9,1,57,9,1968,2,17,AUDI A3,1,E01005009,0,3
2024101522578,2024,101522578,1,9,0,-1,19,7,3,-1,0,0,0,0,1,0,1,1,-1,9,1,74,10,1498,1,4,AUDI A3,-1,-1,0,-1
2024332401259,2024,332401259,2,9,0,-1,19,7,3,-1,0,0,0,0,0,0,1,1,-1,9,2,37,7,1896,2,16,AUDI A3,4,E01013663,0,1
2024010526483,2024,010526483,1,9,0,15,15,5,1,0,0,8,0,0,0,0,2,1,6,6,3,-1,-1,999,1,1,AUDI A3,-1,-1,0,-1
2024131408401,2024,131408401,2,9,0,-1,2,7,3,-1,0,0,0,0,0,0,1,1,-1,6,-1,-1,-1,1968,2,13,AUDI A3,-1,-1,0,-1
2024320461422,2024,320461422,2,9,0,-1,-1,6,2,0,0,8,0,0,0,0,1,1,-1,-1,1,37,7,1968,2,18,AUDI A3,8,E01026222,0,4
2024010525525,2024,010525525,1,9,9,99,99,9,9,99,99,9,9,99,9,99,9,9,6,6,3,-1,-1,999,1,1,AUDI A3,-1,-1,0,-1
2024430237755,2024,430237755,1,9,0,17,19,7,3,0,0,2,2,0,1,4,1,1,6,6,1,24,5,1968,2,9,AUDI A3,7,E01016409,0,2
2024543265924,2024,543265924,2,9,0,18,19,2,6,0,0,1,0,0,0,0,1,1,6,6,1,22,5,1968,2,17,AUDI A3,1,E01015542,0,1
2024061469217,2024,061469217,1,9,0,-1,-1,-1,-1,-1,-1,0,-1,-1,-1,0,-1,1,-1,6,2,32,6,999,1,5,AUDI A3,6,E01006143,0,1
2024991414828,2024,991414828,1,9,0,-1,19,8,4,-1,0,0,2,0,1,4,1,1,-1,6,1,48,8,1968,2,13,AUDI A3,-1,-1,0,-1
2024451433664,2024,451433664,1,9,0,-1,9,3,1,-1,0,5,0,0,0,0,4,1,-1,2,1,33,6,1197,1,12,AUDI A3,1,E01003318,0,3
2024340WN1342,2024,340WN1342,1,9,0,-1,13,4,8,-1,0,2,0,0,0,0,4,1,-1,6,1,-1,-1,1798,1,11,AUDI A3,-1,-1,0,-1
2024010544532,2024,010544532,1,9,0,99,99,9,9,99,99,9,9,99,9,99,2,9,6,6,1,56,9,1390,1,14,AUDI A3,7,E01002060,0,1
2024101433699,2024,101433699,1,9,0,-1,9,4,1,-1,0,2,0,0,0,0,3,1,-1,9,1,20,4,1380,1,13,AUDI A3,-1,-1,0,-1
2024340WN3072,2024,340WN3072,1,9,0,-1,9,5,1,-1,0,5,0,0,0,0,4,1,-1,6,3,-1,-1,1595,1,18,AUDI A3,-1,-1,0,-1
2024161508482,2024,161508482,1,9,0,-1,19,7,3,-1,2,1,0,0,0,0,3,1,-1,2,1,33,6,1968,2,15,AUDI A3,1,E01012850,0,1
2024631406951,2024,631406951,2,9,0,-1,9,8,6,-1,0,6,0,0,0,0,2,1,-1,9,2,33,6,1598,2,12,AUDI A3,7,W01000731,0,1
2024131411696,2024,131411696,2,9,0,-1,19,5,1,-1,0,8,0,0,0,0,4,1,-1,6,1,25,5,1896,2,16,AUDI A3,3,E01010703,0,1
2024131501855,2024,131501855,1,9,0,-1,9,5,3,-1,0,8,0,0,0,0,1,1,-1,6,1,31,6,1968,2,13,AUDI A3,5,E01010668,0,1
2024111437160,2024,111437160,1,9,0,-1,4,7,3,-1,0,0,1,0,1,11,1,1,-1,6,1,48,8,1968,2,10,AUDI A3,3,E01020621,0,2
2024010532861,2024,010532861,1,9,0,9,9,4,2,0,0,1,0,0,0,0,3,1,6,6,2,77,11,1390,1,16,AUDI A3,-1,-1,0,-1
2024421520679,2024,421520679,1,9,0,-1,19,2,6,-1,0,0,0,0,0,0,1,1,-1,2,1,29,6,999,1,8,AUDI A3,4,E01001478,0,3
2024440444072,2024,440444072,2,9,0,18,19,6,2,0,0,0,0,0,0,0,1,1,6,6,1,48,8,1395,8,1,AUDI A3,9,E01032859,0,3
2024201526906,2024,201526906,1,9,0,-1,19,6,2,-1,0,0,0,0,0,0,1,1,-1,6,1,28,6,1968,2,13,AUDI A3,3,E01009087,0,1
2024211484021,2024,211484021,1,9,0,-1,19,5,1,-1,0,0,0,0,0,0,1,1,-1,6,1,24,5,1968,2,18,AUDI A3,-1,-1,0,-1
2024041488119,2024,041488119,3,9,0,-1,2,8,4,-1,0,1,0,0,0,0,1,1,-1,6,-1,-1,-1,1595,2,14,AUDI A3,-1,-1,0,-1
2024010525034,2024,010525034,1,9,0,99,99,9,9,99,99,9,9,99,9,99,9,9,6,6,1,-1,-1,1595,1,19,AUDI A3,7,E01017826,0,3
2024201416760,2024,201416760,1,9,0,-1,7,3,5,-1,0,5,0,0,0,0,3,1,-1,6,1,39,7,1968,2,10,AUDI A3,4,E01008885,0,1
2024041436666,2024,041436666,3,9,0,-1,2,5,1,-1,9,0,0,0,0,0,1,1,-1,9,2,37,7,1598,2,8,AUDI A3,9,E01025451,0,2
2024552400689,2024,552400689,1,9,0,18,19,8,4,9,9,0,0,0,1,4,1,1,6,6,2,39,7,1968,2,19,AUDI A3,9,E01020367,0,1
2024311528130,2024,311528130,1,9,0,-1,19,3,7,-1,0,0,0,0,0,0,1,1,-1,6,1,-1,-1,1968,2,17,AUDI A3,-1,-1,0,-1
2024361398545,2024,361398545,1,9,0,-1,19,3,7,-1,0,0,0,0,0,0,1,1,-1,6,1,48,8,1896,2,16,AUDI A3,4,E01026695,0,4
2024991406115,2024,991406115,2,9,0,-1,3,3,7,-1,0,1,0,0,0,0,1,1,-1,9,2,54,8,1498,1,0,AUDI A3,-1,-1,0,-1
2024461518190,2024,461518190,1,9,0,-1,19,3,7,-1,0,8,0,0,0,0,3,9,-1,6,1,21,5,1968,2,12,AUDI A3,6,E01024411,0,3
2024010534859,2024,010534859,1,9,0,9,9,7,5,0,0,8,0,0,0,0,4,1,6,6,1,32,6,1498,1,3,AUDI A3,4,E01003257,0,1
2024471409924,2024,471409924,2,9,0,-1,6,3,7,-1,0,8,0,0,7,0,3,1,-1,9,2,43,7,1968,2,11,AUDI A3,10,E01031666,0,1
2024311526887,2024,311526887,3,9,0,-1,19,7,3,-1,0,1,0,0,0,0,1,1,-1,6,1,39,7,1896,2,15,AUDI A3,3,E01028248,0,1
2024111444189,2024,111444189,1,9,0,-1,11,3,7,-1,0,0,0,0,0,0,4,1,-1,6,2,52,8,1968,2,13,AUDI A3,6,E01012366,0,1
2024010516002,2024,010516002,1,9,0,7,7,8,2,5,5,5,0,0,0,0,1,1,6,6,1,18,4,999,1,1,AUDI A3,5,E01001247,0,3
2024041405019,2024,041405019,2,9,0,-1,4,5,1,-1,0,1,0,0,0,0,2,1,-1,6,1,31,6,999,1,1,AUDI A3,1,E01012671,0,1
2024201514512,2024,201514512,1,9,0,-1,19,4,8,-1,0,0,0,0,0,0,1,1,-1,6,2,29,6,1968,2,16,AUDI A3,4,E01009879,0,1
2024141475375,2024,141475375,2,9,0,-1,19,1,5,-1,0,0,0,0,0,0,1,1,-1,9,1,69,10,1598,2,12,AUDI A3,3,E01035506,0,4
2024131450316,2024,131450316,2,9,0,-1,19,3,7,-1,0,0,0,0,0,0,2,1,-1,6,2,40,7,1968,2,16,AUDI A3,5,E01010754,0,2
2024010542370,2024,010542370,1,9,0,18,19,1,5,0,0,1,0,0,0,0,1,1,6,6,2,22,5,999,1,5,AUDI A3,2,E01001559,0,1
2024041509285,2024,041509285,1,9,0,-1,5,4,3,-1,9,3,0,0,0,0,1,1,-1,6,-1,-1,-1,1968,2,9,AUDI A3,-1,-1,0,-1
2024320348224,2024,320348224,2,9,4,-1,-1,6,2,0,0,0,0,0,1,0,3,1,1,1,1,69,10,1598,2,9,AUDI A3,6,E01026047,0,4
2024549530624,2024,549530624,2,9,0,18,19,6,2,0,0,0,0,0,1,9,1,1,6,6,2,23,5,1598,2,11,AUDI A3,5,E01031947,0,2
2024430216218,2024,430216218,2,9,0,4,4,1,5,0,0,0,0,0,0,0,4,1,6,6,1,33,6,1395,1,7,AUDI A3,3,E01016452,0,1
2024231522113,2024,231522113,1,9,0,-1,9,2,8,-1,0,8,0,0,0,0,1,1,-1,7,1,42,7,1395,8,1,AUDI A3,9,E01031304,0,1
2024201520227,2024,201520227,2,9,0,-1,2,0,0,-1,0,2,0,0,0,0,1,1,-1,6,1,28,6,1984,1,17,AUDI A3,-1,-1,0,-1
2024401498714,2024,401498714,1,9,0,-1,5,0,4,-1,0,0,0,4,0,0,1,1,-1,6,-1,-1,-1,1598,2,12,AUDI A3,-1,-1,0,-1
2024061512150,2024,061512150,2,9,0,-1,3,6,2,-1,0,0,0,0,0,0,2,1,-1,2,1,26,6,1598,2,6,AUDI A3,2,E01006066,0,1
2024451491233,2024,451491233,2,9,0,-1,19,3,7,-1,0,8,0,0,0,0,4,1,-1,9,2,45,7,1598,2,8,AUDI A3,6,E01030464,0,1
2024332400661,2024,332400661,1,9,0,-1,9,7,5,-1,0,5,0,0,0,0,2,1,-1,2,1,34,6,1390,1,12,AUDI A3,4,E01013711,0,1
2024451433424,2024,451433424,2,9,0,-1,9,0,2,-1,0,6,0,0,0,0,1,1,-1,7,1,36,7,1984,1,13,AUDI A3,10,E01030603,0,1
2024991508870,2024,991508870,1,9,0,-1,19,5,1,-1,0,1,0,0,0,0,3,1,-1,9,2,37,7,1896,2,17,AUDI A3,1,-1,0,1
2024221536438,2024,221536438,1,9,0,-1,19,3,8,-1,0,2,0,6,1,10,1,1,-1,6,1,41,7,1968,2,14,AUDI A3,6,E01032360,0,2
2024052500397,2024,052500397,1,9,0,18,19,5,1,0,0,0,0,0,0,0,1,1,6,6,2,30,6,1395,8,0,AUDI A3,1,E01007292,0,1
202460Q170102,2024,60Q170102,1,9,0,16,19,2,6,0,0,0,0,0,0,0,1,1,6,6,2,42,7,1968,2,13,AUDI A3,-1,-1,0,-1
2024221471672,2024,221471672,1,9,0,-1,19,3,6,-1,0,0,5,0,7,0,1,1,-1,9,1,41,7,1968,2,16,AUDI A3,4,E01025252,0,5
2024531509697,2024,531509697,1,9,0,-1,9,5,7,-1,0,8,0,0,0,0,1,1,-1,9,1,21,5,1968,2,14,AUDI A3,2,E01014610,0,4
2024471415437,2024,471415437,2,9,0,-1,19,7,3,-1,0,0,0,0,1,0,1,1,-1,9,1,29,6,1395,8,2,AUDI A3,9,E01030590,0,4
2024010500504,2024,010500504,2,9,0,2,2,0,0,0,0,2,0,0,0,0,4,1,6,6,3,-1,-1,999,1,0,AUDI A3,-1,-1,0,-1
2024010518127,2024,010518127,1,9,0,99,99,9,9,99,99,0,9,99,9,99,2,9,6,6,2,26,6,1395,8,0,AUDI A3,7,E01004275,0,2
2024332400807,2024,332400807,3,9,0,-1,19,1,5,-1,0,0,1,0,7,9,3,1,-1,6,1,43,7,1968,1,18,AUDI A3,10,E01025648,0,1
2024211493721,2024,211493721,2,9,0,-1,19,8,3,-1,0,0,0,0,0,0,3,1,-1,2,1,36,7,1968,2,6,AUDI A3,4,E01006189,0,4
2024201470097,2024,201470097,1,9,0,-1,19,7,5,-1,0,1,0,0,0,0,1,9,-1,6,2,45,7,1595,1,19,AUDI A3,1,E01009124,0,1
2024131461094,2024,131461094,1,9,0,-1,19,3,5,-1,0,6,0,0,0,0,1,1,-1,6,3,-1,-1,1896,2,17,AUDI A3,-1,-1,0,-1
2024471459453,2024,471459453,1,9,0,-1,5,2,8,-1,0,6,0,0,0,0,1,1,-1,6,3,-1,-1,1896,2,17,AUDI A3,-1,-1,0,-1
2024371504463,2024,371504463,2,9,0,-1,2,0,0,-1,0,0,0,0,0,0,1,1,-1,6,-1,-1,-1,1968,2,14,AUDI A3,-1,-1,0,-1
2024141521609,2024,141521609,2,9,0,-1,19,1,5,-1,0,0,0,0,0,0,2,1,-1,9,1,23,5,999,1,6,AUDI A3,5,E01034253,0,1
202417S404124,2024,17S404124,1,9,0,18,19,5,1,0,0,0,0,0,0,0,1,1,1,1,2,53,8,999,1,7,AUDI A3,4,E01012218,0,1
2024411538148,2024,411538148,3,9,0,-1,3,3,1,-1,0,2,0,0,0,0,2,1,-1,6,1,49,8,1968,2,13,AUDI A3,9,E01022081,0,3
2024010548870,2024,010548870,1,9,0,7,7,5,7,0,0,1,0,0,0,0,4,1,6,6,1,44,7,1498,1,4,AUDI A3,2,E01001673,0,1
2024411457093,2024,411457093,1,9,0,-1,10,1,5,-1,0,8,0,0,0,0,1,1,-1,6,2,33,6,1798,1,13,AUDI A3,10,E01023607,0,3
2024041410568,2024,041410568,1,9,0,-1,9,1,5,-1,0,0,0,4,0,0,1,1,-1,6,1,-1,-1,1968,2,15,AUDI A3,-1,-1,0,-1
2024201482902,2024,201482902,2,9,0,-1,3,2,6,-1,0,1,0,0,0,0,2,9,-1,2,1,58,9,1598,2,13,AUDI A3,-1,-1,0,-1
2024041477083,2024,041477083,1,9,0,-1,7,7,1,-1,0,8,0,0,0,0,1,2,-1,6,3,-1,-1,1968,2,15,AUDI A3,-1,-1,0,-1
2024451456291,2024,451456291,1,9,0,-1,7,2,6,-1,0,0,1,0,7,7,3,1,-1,9,1,19,4,1390,1,12,AUDI A3,10,E01030773,0,1
2024201468706,2024,201468706,1,9,0,-1,19,1,5,-1,0,1,0,0,0,0,1,2,-1,6,3,30,6,1395,1,9,AUDI A3,-1,-1,0,-1
2024010539529,2024,010539529,1,9,9,99,99,9,9,99,99,9,9,99,9,99,9,1,2,2,2,28,6,1380,1,14,AUDI A3,3,E01003723,0,2
2024461456535,2024,461456535,2,9,0,-1,19,1,6,-1,0,6,0,0,0,0,2,1,-1,6,1,18,4,999,1,0,AUDI A3,4,E01024640,0,1
2024461426046,2024,461426046,2,9,0,-1,9,7,5,-1,0,8,0,0,0,0,4,1,-1,9,1,18,4,999,1,3,AUDI A3,3,E01024608,0,1
2024231523141,2024,231523141,2,9,0,-1,19,7,3,-1,0,8,0,0,0,0,1,1,-1,9,1,71,10,1968,2,12,AUDI A3,10,E01031202,0,1
2024340WN4332,2024,340WN4332,1,9,0,-1,15,3,7,-1,0,0,1,0,7,6,3,1,-1,9,1,31,6,1968,2,20,AUDI A3,6,E01027326,0,4
2024201496878,2024,201496878,1,9,0,-1,9,7,5,-1,0,5,0,0,0,0,1,1,-1,9,2,23,5,1498,1,1,AUDI A3,-1,-1,0,-1