collision_index,collision_year,collision_ref_no,vehicle_reference,vehicle_type,towing_and_articulation,vehicle_manoeuvre_historic,vehicle_manoeuvre,vehicle_direction_from,vehicle_direction_to,vehicle_location_restricted_lane_historic,vehicle_location_restricted_lane,junction_location,skidding_and_overturning,hit_object_in_carriageway,vehicle_leaving_carriageway,hit_object_off_carriageway,first_point_of_impact,vehicle_left_hand_drive,journey_purpose_of_driver_historic,journey_purpose_of_driver,sex_of_driver,age_of_driver,age_band_of_driver,engine_capacity_cc,propulsion_code,age_of_vehicle,generic_make_model,driver_imd_decile,lsoa_of_driver,escooter_flag,driver_distance_banding
2024131462343,2024,131462343,1,9,0,-1,-1,-1,-1,-1,-1,0,-1,-1,-1,-1,-1,1,-1,6,3,-1,-1,1968,2,17,AUDI A3,-1,-1,0,-1
2024361470638,2024,361470638,1,9,0,-1,19,3,7,-1,0,0,0,0,0,0,1,1,-1,9,1,20,4,1968,2,14,AUDI A3,1,E01026626,0,1
2024548010724,2024,548010724,3,9,0,5,5,1,5,0,0,2,0,0,0,0,1,1,6,6,1,23,5,1395,8,6,AUDI A3,-1,-1,0,-1
2024430312760,2024,430312760,1,9,0,16,19,4,7,0,0,0,1,0,2,10,1,1,6,6,3,-1,-1,1968,2,20,AUDI A3,-1,-1,0,-1
2024161537930,2024,161537930,2,9,0,-1,2,0,0,-1,0,1,0,0,0,0,3,1,-1,6,1,47,8,1968,2,12,AUDI A3,-1,-1,0,-1
2024522401465,2024,522401465,2,9,0,5,5,7,3,0,0,8,0,0,0,0,3,1,6,6,2,32,6,1498,1,2,AUDI A3,7,E01035217,0,2
2024041499878,2024,041499878,2,9,0,-1,9,3,7,-1,0,1,0,0,0,0,1,1,-1,1,1,35,6,1498,1,6,AUDI A3,4,E01006399,0,4
2024471478302,2024,471478302,1,9,0,-1,19,1,5,-1,0,0,0,0,2,2,4,1,-1,6,1,25,5,1498,1,6,AUDI A3,5,E01004232,0,4
2024101536177,2024,101536177,1,9,0,-1,9,6,1,-1,0,8,0,0,0,0,4,1,-1,6,1,40,7,1498,1,5,AUDI A3,10,E01027460,0,1
2024461492168,2024,461492168,2,9,0,-1,19,7,3,-1,0,0,1,0,0,0,1,1,-1,9,2,57,9,1984,1,6,AUDI A3,4,E01024586,0,1
2024141398060,2024,141398060,1,9,0,-1,19,1,3,-1,0,8,0,0,0,0,2,1,-1,9,2,46,8,1896,2,15,AUDI A3,7,E01032924,0,1
2024070033124,2024,070033124,5,9,0,18,19,7,3,0,0,1,0,1,0,0,1,1,6,6,1,73,10,1498,1,5,AUDI A3,10,E01018562,0,2
2024010519300,2024,010519300,2,9,0,99,99,9,9,99,99,9,9,99,9,99,2,9,6,6,3,-1,-1,1968,2,8,AUDI A3,-1,-1,0,-1
2024201517285,2024,201517285,2,9,0,-1,19,2,6,-1,0,8,1,0,0,0,1,1,-1,9,2,26,6,1498,1,6,AUDI A3,-1,-1,0,-1
2024201481418,2024,201481418,1,9,0,-1,5,5,1,-1,0,8,0,4,7,0,3,1,-1,6,1,30,6,1968,2,11,AUDI A3,1,E01010463,0,1
2024122400179,2024,122400179,1,9,0,18,19,7,3,0,0,0,0,0,0,0,1,1,6,6,1,29,6,1968,2,14,AUDI A3,1,E01027819,0,4
2024221454807,2024,221454807,2,9,0,-1,19,3,7,-1,0,8,0,0,0,0,1,9,-1,6,3,18,4,1798,1,13,AUDI A3,-1,-1,0,-1
2024101508898,2024,101508898,2,9,0,-1,9,7,5,-1,0,8,0,0,0,0,1,1,-1,9,1,24,5,1896,2,16,AUDI A3,5,E01008362,0,1
2024131456537,2024,131456537,2,9,0,-1,19,1,5,-1,0,8,0,0,0,0,1,1,-1,6,1,21,5,1395,8,8,AUDI A3,1,E01010838,0,1
2024101490871,2024,101490871,1,9,-1,-1,19,7,3,-1,0,-1,0,0,0,0,1,9,-1,7,2,-1,-1,1498,1,3,AUDI A3,-1,-1,0,-1
2024522402970,2024,522402970,2,9,0,18,19,6,2,0,0,0,0,8,0,0,4,1,6,6,3,-1,-1,1395,8,3,AUDI A3,-1,-1,0,-1
2024401492796,2024,401492796,2,9,0,-1,3,5,1,-1,0,0,0,0,0,0,2,1,-1,6,1,30,6,1498,1,6,AUDI A3,10,E01017392,0,2
2024631495976,2024,631495976,1,9,0,-1,13,1,5,-1,0,0,0,0,1,9,1,1,-1,9,1,27,6,1968,2,16,AUDI A3,2,E01028906,0,3
2024991500567,2024,991500567,1,9,0,-1,19,3,7,-1,0,8,0,0,7,1,4,1,-1,9,2,69,10,1798,1,9,AUDI A3,7,-1,0,2
2024302401469,2024,302401469,1,9,0,16,19,8,2,0,0,3,0,0,7,0,2,1,6,6,2,21,5,1498,1,5,AUDI A3,2,E01013497,0,1
2024041503638,2024,041503638,1,9,0,-1,19,8,4,-1,0,0,2,0,7,11,1,1,-1,9,1,18,4,999,1,0,AUDI A3,3,E01010794,0,3
2024010513314,2024,010513314,2,9,0,13,13,9,9,99,99,0,9,99,9,99,9,9,6,6,3,-1,-1,999,1,3,AUDI A3,5,E01004631,0,2
2024061503413,2024,061503413,2,9,0,-1,9,-1,-1,-1,0,8,0,0,0,0,1,1,-1,6,1,-1,-1,1598,2,10,AUDI A3,3,E01005872,0,1
2024010498970,2024,010498970,2,9,0,18,19,5,1,0,0,1,0,0,0,0,1,1,6,6,1,28,6,1395,1,9,AUDI A3,9,E01000804,0,1
2024010540536,2024,010540536,2,9,0,18,19,3,7,0,0,8,0,0,0,0,3,1,6,6,1,21,5,1498,1,3,AUDI A3,4,E01003603,0,1
2024131442620,2024,131442620,2,9,0,-1,19,7,3,-1,0,0,0,0,0,0,4,1,-1,6,1,39,7,1395,1,7,AUDI A3,1,E01010832,0,1
2024131453410,2024,131453410,3,9,0,-1,3,1,5,-1,0,1,0,0,0,0,2,1,-1,6,1,21,5,1968,2,13,AUDI A3,2,E01011856,0,1
2024052401381,2024,052401381,1,9,0,18,19,7,3,0,0,1,0,0,0,0,1,1,6,6,1,22,5,1598,2,7,AUDI A3,-1,-1,0,-1
2024311521682,2024,311521682,2,9,0,-1,19,2,6,-1,0,8,0,0,0,0,4,1,-1,6,2,47,8,1595,2,15,AUDI A3,-1,-1,0,-1
2024201450074,2024,201450074,3,9,0,-1,2,0,0,-1,0,0,0,0,0,0,2,1,-1,6,-1,-1,-1,1984,1,19,AUDI A3,-1,-1,0,-1
2024010503562,2024,010503562,2,9,0,99,99,9,9,99,99,9,9,99,9,99,9,9,6,6,3,-1,-1,1595,1,15,AUDI A3,-1,-1,0,-1
2024411409097,2024,411409097,3,9,0,-1,19,5,1,-1,0,0,0,0,1,0,1,9,-1,2,1,46,8,1390,1,16,AUDI A3,10,E01018256,0,4
2024461517464,2024,461517464,2,9,0,-1,19,8,4,-1,0,0,0,0,0,0,1,1,-1,6,1,59,9,1395,1,12,AUDI A3,1,E01024580,0,2
2024421474327,2024,421474327,1,9,0,-1,19,7,3,-1,0,0,0,0,0,0,1,1,-1,6,3,-1,-1,1595,1,16,AUDI A3,-1,-1,0,-1
2024122401009,2024,122401009,2,9,0,18,19,4,8,0,0,0,0,0,0,0,1,1,6,6,1,20,4,1595,1,17,AUDI A3,9,E01027588,0,2
2024061400202,2024,061400202,2,9,0,-1,19,8,4,-1,0,0,0,0,0,0,2,1,-1,1,2,40,7,1968,2,11,AUDI A3,1,E01005639,0,3
2024471457208,2024,471457208,1,9,0,-1,9,5,1,-1,0,0,0,0,0,0,4,1,-1,9,2,85,11,1390,1,14,AUDI A3,10,E01031695,0,1
2024201454597,2024,201454597,1,9,0,-1,19,8,4,-1,0,0,0,0,0,0,1,9,-1,6,1,22,5,1968,1,19,AUDI A3,-1,-1,0,-1
2024041499592,2024,041499592,2,9,0,-1,2,0,0,-1,0,0,0,0,0,0,2,2,-1,7,2,35,6,1968,2,15,AUDI A3,1,E01025445,0,2
2024552401326,2024,552401326,2,9,0,4,4,8,4,0,0,8,0,0,0,0,2,1,6,6,1,30,6,1595,1,16,AUDI A3,5,E01015461,0,2
2024122400405,2024,122400405,1,9,0,4,4,1,5,0,0,1,0,0,0,0,1,1,6,6,2,27,6,1968,2,11,AUDI A3,9,E01013430,0,1
2024010537307,2024,010537307,1,9,0,99,99,9,9,99,99,9,9,99,9,99,9,9,2,2,2,61,9,1595,1,19,AUDI A3,4,E01001171,0,1
2024471459635,2024,471459635,1,9,0,-1,5,4,8,-1,0,4,0,0,0,0,1,1,-1,9,2,44,7,1968,2,12,AUDI A3,1,E01020923,0,2
2024471503264,2024,471503264,1,9,0,-1,19,7,3,-1,0,0,0,0,1,10,1,1,-1,2,1,31,6,1968,2,14,AUDI A3,5,E01020916,0,2
2024451410864,2024,451410864,1,9,0,-1,19,6,2,-1,0,0,5,0,1,2,1,1,-1,9,1,19,4,999,1,3,AUDI A3,8,E01030904,0,1
2024010502853,2024,010502853,1,9,0,99,99,9,9,99,99,9,9,99,9,99,9,9,6,6,3,-1,-1,1598,2,8,AUDI A3,-1,-1,0,-1
2024552400609,2024,552400609,1,9,0,18,19,2,6,0,0,0,0,0,0,0,1,1,6,6,1,50,8,1968,2,11,AUDI A3,1,E01020554,0,2
2024211542263,2024,211542263,1,9,0,-1,19,7,3,-1,0,0,0,0,0,0,3,1,-1,6,2,-1,-1,1498,1,1,AUDI A3,-1,-1,0,-1
2024340WN4112,2024,340WN4112,2,9,0,-1,8,2,7,-1,0,8,0,0,0,0,1,1,-1,9,1,26,6,1498,1,0,AUDI A3,3,E01027227,0,1
2024131418652,2024,131418652,1,9,0,-1,19,3,7,-1,0,0,1,0,0,0,1,1,-1,6,1,37,7,1968,2,2,AUDI A3,8,E01010790,0,4
2024101448226,2024,101448226,1,9,0,-1,19,5,1,-1,0,0,0,0,0,0,1,1,-1,9,1,30,6,1968,2,12,AUDI A3,4,E01035129,0,5
2024221449786,2024,221449786,1,9,0,-1,19,4,8,-1,0,4,0,0,0,0,1,1,-1,6,1,27,6,1968,2,10,AUDI A3,7,E01032401,0,3
2024041472718,2024,041472718,1,9,0,-1,5,2,6,-1,0,0,0,0,0,0,3,1,-1,9,1,38,7,1395,8,0,AUDI A3,8,E01006299,0,4
2024061401811,2024,061401811,1,9,0,-1,9,1,5,-1,0,5,0,0,0,0,3,9,-1,6,1,51,8,1598,2,9,AUDI A3,2,E01005889,0,1
2024010521338,2024,010521338,2,9,0,99,99,9,9,99,99,9,9,99,9,99,1,9,6,6,2,54,8,1395,8,9,AUDI A3,5,E01003941,0,2
202460Q066918,2024,60Q066918,1,9,0,18,19,5,1,0,0,1,0,0,0,0,1,1,6,6,1,35,6,1498,1,6,AUDI A3,-1,-1,0,-1
2024430208027,2024,430208027,1,9,0,18,19,6,2,0,0,0,0,0,0,0,1,1,6,6,1,21,5,1595,1,14,AUDI A3,4,E01016455,0,1
2024340WN4542,2024,340WN4542,2,9,0,-1,10,1,5,-1,0,8,0,0,0,0,2,1,-1,6,2,53,8,999,1,3,AUDI A3,6,E01027005,0,2
2024320165749,2024,320165749,1,9,0,-1,-1,8,4,0,0,8,0,0,0,0,4,1,-1,-1,2,59,9,1395,1,8,AUDI A3,6,E01026210,0,4
2024501491492,2024,501491492,1,9,0,-1,19,6,2,-1,0,0,0,0,0,0,1,1,-1,6,1,48,8,1984,1,20,AUDI A3,5,E01019031,0,3
2024211443719,2024,211443719,2,9,0,-1,19,2,2,-1,0,0,0,0,0,0,1,1,-1,2,2,42,7,1395,1,9,AUDI A3,8,E01029794,0,2
2024451440293,2024,451440293,1,9,0,-1,4,1,3,-1,0,0,0,0,1,0,2,9,-1,6,1,30,6,1984,1,18,AUDI A3,10,E01030878,0,2
2024320401261,2024,320401261,3,9,0,9,9,2,8,0,0,5,0,0,0,0,2,1,6,6,1,50,8,1968,2,14,AUDI A3,3,E01026060,0,2
2024531466164,2024,531466164,2,9,0,-1,19,4,8,-1,0,0,1,0,0,0,1,9,-1,6,2,61,9,3189,1,17,AUDI A3,5,E01034805,0,1
2024131494642,2024,131494642,1,9,0,-1,19,1,5,-1,0,8,0,0,1,0,1,2,-1,9,2,36,7,1968,2,10,AUDI A3,5,E01010729,0,1
2024201426855,2024,201426855,2,9,0,-1,7,6,7,-1,0,3,0,0,0,0,1,1,-1,9,2,24,5,1498,1,6,AUDI A3,3,E01009508,0,1
2024440431395,2024,440431395,2,9,0,17,19,3,5,0,0,4,0,0,0,0,2,1,2,2,1,30,6,1598,2,8,AUDI A3,4,E01022527,0,1
2024361407501,2024,361407501,1,9,0,-1,19,6,4,-1,0,8,0,0,0,0,1,1,-1,6,2,22,5,1968,2,17,AUDI A3,6,E01033036,0,1
2024201505233,2024,201505233,1,9,0,-1,19,1,5,-1,0,8,5,0,0,0,3,1,-1,2,1,26,6,1380,1,12,AUDI A3,-1,-1,0,-1
2024543989324,2024,543989324,1,9,0,18,19,7,3,0,0,2,0,0,0,0,1,1,6,6,1,33,6,1968,2,4,AUDI A3,2,W01001764,0,5
2024211475389,2024,211475389,1,9,0,-1,19,5,1,-1,0,0,0,0,0,0,2,1,-1,6,-1,-1,-1,1968,2,10,AUDI A3,-1,-1,0,-1
2024201468232,2024,201468232,1,9,0,-1,19,6,2,-1,0,1,0,0,0,0,1,1,-1,6,1,-1,-1,1968,2,12,AUDI A3,-1,-1,0,-1
2024131504196,2024,131504196,1,9,0,-1,19,2,5,-1,0,2,0,0,7,0,3,1,-1,6,1,50,8,1896,2,15,AUDI A3,8,E01013400,0,4
2024010530424,2024,010530424,1,9,0,18,19,1,5,4,4,0,0,0,0,0,4,1,6,6,1,24,5,1395,8,7,AUDI A3,4,E01002446,0,3
2024991472916,2024,991472916,1,9,0,-1,13,5,1,-1,0,0,0,0,0,0,1,1,-1,9,1,19,4,1390,1,15,AUDI A3,9,-1,0,2
2024221469770,2024,221469770,2,9,0,-1,7,6,1,-1,0,6,0,0,0,0,1,9,-1,6,2,61,9,1896,2,16,AUDI A3,8,E01028936,0,1
2024041449529,2024,041449529,1,9,0,-1,19,7,3,-1,0,0,0,0,0,0,1,1,-1,2,1,53,8,1598,2,5,AUDI A3,1,E01025046,0,1
2024340NN4152,2024,340NN4152,1,9,0,-1,3,3,7,-1,0,0,0,0,0,0,1,1,-1,2,2,58,9,1598,2,11,AUDI A3,6,E01027311,0,1
2024351534362,2024,351534362,1,9,-1,-1,19,-1,-1,-1,0,1,0,0,0,0,1,9,-1,6,3,-1,-1,1968,2,16,AUDI A3,-1,-1,0,-1
2024141478238,2024,141478238,2,9,0,-1,19,7,3,-1,0,2,0,0,0,0,1,1,-1,6,-1,-1,-1,1598,2,12,AUDI A3,-1,-1,0,-1
2024522401618,2024,522401618,2,9,0,9,9,2,8,0,0,6,0,0,0,0,1,1,6,6,3,-1,-1,1896,2,18,AUDI A3,-1,-1,0,-1
2024201431649,2024,201431649,1,9,0,-1,19,3,7,-1,0,8,0,0,0,0,3,9,-1,6,2,21,5,1896,2,16,AUDI A3,1,E01009978,0,3
2024311430146,2024,311430146,1,9,0,-1,5,7,3,-1,0,4,0,0,0,0,1,1,-1,6,1,43,7,1395,8,2,AUDI A3,9,E01019449,0,3
2024501459070,2024,501459070,2,9,0,-1,3,1,5,-1,0,1,0,0,0,0,2,1,-1,6,1,69,10,1896,2,16,AUDI A3,2,E01018999,0,1
2024201515898,2024,201515898,2,9,0,-1,19,4,8,-1,0,8,0,0,0,0,1,1,-1,9,2,25,5,999,1,2,AUDI A3,1,E01010269,0,2
2024991485183,2024,991485183,3,9,0,-1,19,4,8,-1,0,0,0,0,0,0,2,1,-1,9,2,34,6,999,1,0,AUDI A3,6,-1,0,4
2024320686160,2024,320686160,2,9,0,-1,-1,8,4,0,0,0,0,0,0,0,1,1,6,6,2,29,6,1395,8,0,AUDI A3,8,E01003796,0,5
2024010506316,2024,010506316,2,9,0,99,99,9,9,99,99,9,9,99,9,99,9,9,6,6,3,-1,-1,1968,2,9,AUDI A3,-1,-1,0,-1
2024522401527,2024,522401527,1,9,0,18,19,5,1,0,0,0,0,0,0,0,1,1,6,6,3,-1,-1,1595,1,17,AUDI A3,-1,-1,0,-1
2024332401254,2024,332401254,1,9,0,-1,19,8,4,-1,0,0,0,0,0,0,1,1,-1,2,1,21,5,1968,2,16,AUDI A3,2,E01025701,0,1
202417M115124,2024,17M115124,1,9,0,-1,5,7,3,-1,0,1,0,0,0,0,0,1,-1,6,3,-1,-1,1598,2,7,AUDI A3,-1,-1,0,-1
2024451395509,2024,451395509,1,9,0,-1,5,6,2,-1,0,0,0,0,0,0,1,1,-1,9,2,66,10,1395,1,10,AUDI A3,6,E01003945,0,3
2024131450496,2024,131450496,1,9,0,-1,19,1,1,-1,0,0,0,10,7,6,1,1,-1,2,1,42,7,1598,2,10,AUDI A3,1,E01011003,0,1
2024131488601,2024,131488601,1,9,0,-1,19,4,8,-1,0,1,0,0,1,0,1,1,-1,6,-1,-1,-1,1598,2,11,AUDI A3,-1,-1,0,-1
2024010517677,2024,010517677,1,9,0,99,99,9,9,99,99,0,9,99,9,99,2,9,6,6,1,26,6,1968,2,2,AUDI A3,1,E01034133,0,5
2024201519363,2024,201519363,2,9,0,-1,19,7,3,-1,0,0,1,0,0,0,4,1,-1,2,2,39,7,1395,8,0,AUDI A3,2,E01013521,0,4
2024201434389,2024,201434389,3,9,0,-1,3,3,7,-1,0,0,0,0,0,0,2,1,-1,6,2,41,7,1598,2,8,AUDI A3,1,E01008882,0,1
2024141493991,2024,141493991,1,9,0,-1,5,1,6,-1,0,8,0,0,0,0,1,1,-1,9,2,28,6,1395,1,10,AUDI A3,9,E01007624,0,1
2024461412221,2024,461412221,2,9,0,-1,19,7,3,-1,0,0,0,0,0,0,1,1,-1,6,2,59,9,1395,1,8,AUDI A3,6,E01024848,0,4
2024010550713,2024,010550713,2,9,0,9,9,5,4,4,4,6,0,0,0,0,3,1,6,6,1,25,5,1498,1,5,AUDI A3,2,E01001560,0,1
2024010520289,2024,010520289,2,9,0,4,4,1,5,0,0,1,0,0,0,0,2,1,6,6,1,41,7,1598,2,9,AUDI A3,8,E01003709,0,2
2024471502543,2024,471502543,2,9,0,-1,99,7,5,-1,99,9,9,99,0,0,1,1,-1,6,1,-1,-1,1896,2,17,AUDI A3,-1,-1,0,-1
2024010530675,2024,010530675,1,9,0,3,3,5,1,0,0,6,0,0,0,0,1,1,1,1,1,49,8,1984,1,15,AUDI A3,6,E01000220,0,1
2024531421307,2024,531421307,2,9,0,-1,19,5,1,-1,0,0,0,0,0,0,2,1,-1,9,1,52,8,1896,2,17,AUDI A3,6,E01014054,0,4
2024010512350,2024,010512350,1,9,0,17,19,5,1,0,0,8,0,0,0,0,1,1,6,6,2,28,6,1798,1,17,AUDI A3,4,E01001463,0,1
2024451404431,2024,451404431,2,9,0,-1,19,5,1,-1,0,0,0,0,0,0,1,9,-1,6,2,30,6,1498,1,4,AUDI A3,10,E01030777,0,1
2024501408927,2024,501408927,2,9,0,-1,3,1,5,-1,0,1,0,0,0,0,2,9,-1,6,1,23,5,1968,2,9,AUDI A3,6,E01018935,0,1
2024010545882,2024,010545882,1,9,0,9,9,1,6,0,0,6,0,0,0,0,1,1,6,6,2,59,9,999,1,7,AUDI A3,6,E01001803,0,1
202454B540924,2024,54B540924,1,9,0,13,13,5,1,0,0,0,5,0,4,1,1,1,6,6,1,20,4,1598,2,12,AUDI A3,10,E01023021,0,3
2024131477567,2024,131477567,1,9,0,-1,19,1,1,-1,0,0,2,0,1,11,1,1,-1,9,1,18,4,1395,8,10,AUDI A3,2,E01005400,0,3
2024522403243,2024,522403243,2,9,0,1,1,6,2,0,0,8,0,0,0,0,2,1,6,6,3,-1,-1,999,1,0,AUDI A3,-1,-1,0,-1
2024545305824,2024,545305824,2,9,0,4,4,3,7,0,0,0,0,0,0,0,2,1,6,6,1,26,6,1595,2,14,AUDI A3,6,E01032030,0,3
2024131416416,2024,131416416,1,9,0,-1,19,3,7,-1,0,1,0,0,0,0,0,1,-1,6,1,46,8,1968,2,8,AUDI A3,3,E01011606,0,1
2024361459313,2024,361459313,1,9,0,-1,19,7,3,-1,0,8,0,0,0,0,4,1,-1,6,1,38,7,1595,2,14,AUDI A3,4,E01026846,0,1
2024061480905,2024,061480905,1,9,0,-1,5,5,1,-1,0,0,0,0,0,0,0,1,-1,6,2,31,6,1968,2,18,AUDI A3,2,E01005280,0,1
2024041409668,2024,041409668,1,9,0,-1,19,3,7,-1,0,1,0,0,0,0,1,1,-1,9,2,34,6,1498,1,2,AUDI A3,2,E01024881,0,1
2024010522937,2024,010522937,1,9,0,-1,-1,1,5,0,0,0,0,0,0,0,1,2,6,6,1,23,5,1498,1,5,AUDI A3,3,E01001177,0,4
2024010511021,2024,010511021,2,9,0,99,99,9,9,99,99,9,9,99,9,99,9,9,6,6,2,48,8,1598,2,10,AUDI A3,3,E01003431,0,1
2024010509732,2024,010509732,2,9,0,13,13,1,5,0,0,8,0,0,0,0,4,1,6,6,1,22,5,1595,1,14,AUDI A3,6,E01003398,0,2
2024461505409,2024,461505409,2,9,0,-1,10,8,4,-1,0,1,0,0,0,0,2,1,-1,9,2,42,7,1968,2,13,AUDI A3,9,E01032821,0,1
2024122401109,2024,122401109,1,9,0,9,9,4,8,0,0,8,0,0,3,0,1,1,6,6,2,18,4,1968,2,1,AUDI A3,9,E01011301,0,4
2024010524218,2024,010524218,2,9,0,99,99,9,9,99,99,9,9,99,9,99,2,9,6,6,3,-1,-1,1595,1,18,AUDI A3,3,E01000385,0,4
2024501487258,2024,501487258,1,9,0,-1,4,6,8,-1,0,1,0,0,0,0,1,1,-1,9,2,56,9,1968,2,15,AUDI A3,2,E01018911,0,2
2024010526998,2024,010526998,2,9,0,18,19,5,1,0,0,8,0,0,1,0,1,1,2,2,2,25,5,1595,1,15,AUDI A3,6,E01001343,0,3
2024010504116,2024,010504116,2,9,3,7,7,3,6,0,0,8,0,0,0,0,1,1,6,6,1,48,8,1968,1,18,AUDI A3,6,E01017793,0,3
2024070627588,2024,070627588,3,9,0,3,3,5,1,0,0,1,0,0,0,0,2,1,6,6,2,20,4,1968,2,11,AUDI A3,6,E01018332,0,1
2024131395396,2024,131395396,1,9,0,-1,-1,-1,-1,-1,-1,-1,-1,-1,-1,0,-1,1,-1,6,3,-1,-1,1968,2,12,AUDI A3,-1,-1,0,-1
2024010493182,2024,010493182,1,9,0,18,19,1,5,2,2,0,1,4,0,0,2,1,6,6,1,42,7,1498,1,6,AUDI A3,4,E01001886,0,2
2024991484740,2024,991484740,2,9,0,-1,19,3,7,-1,0,8,0,0,1,0,1,1,-1,9,2,31,6,1896,2,16,AUDI A3,7,-1,0,1
2024311407728,2024,311407728,1,9,0,-1,19,4,5,-1,0,0,0,0,0,0,1,1,-1,6,2,50,8,1968,2,12,AUDI A3,1,E01013861,0,1
202454A372424,2024,54A372424,1,9,0,18,19,3,7,0,0,0,0,0,0,0,1,1,1,1,1,45,7,999,1,1,AUDI A3,7,E01032098,0,1
2024522401260,2024,522401260,3,9,0,3,3,5,1,0,0,0,0,0,0,0,2,1,6,6,2,34,6,1395,1,7,AUDI A3,10,E01014880,0,1
2024010513900,2024,010513900,1,9,9,99,99,9,9,99,99,9,9,99,9,99,9,9,6,6,3,-1,-1,1595,1,14,AUDI A3,-1,-1,0,-1
2024010510657,2024,010510657,4,9,0,1,1,6,1,0,0,3,0,0,8,7,1,1,6,6,1,23,5,3189,1,18,AUDI A3,6,E01021473,0,2
2024430518805,2024,430518805,2,9,0,18,19,5,1,0,0,1,0,0,0,0,1,1,6,6,1,30,6,1968,2,16,AUDI A3,9,E01028433,0,1
2024010526350,2024,010526350,1,9,0,18,19,5,1,0,0,1,0,0,8,1,1,1,6,6,2,-1,-1,1395,1,9,AUDI A3,-1,-1,0,-1
2024031518902,2024,031518902,1,9,0,-1,19,3,7,-1,0,0,0,0,0,0,4,1,-1,6,2,41,7,1598,2,10,AUDI A3,4,E01019098,0,1
2024201501626,2024,201501626,2,9,0,-1,8,7,1,-1,0,1,0,0,0,0,4,9,-1,6,2,50,8,1598,2,11,AUDI A3,2,E01010268,0,3
2024549127224,2024,549127224,2,9,0,3,3,8,4,0,0,1,0,0,0,0,2,1,6,6,1,33,6,1598,2,12,AUDI A3,1,E01015546,0,1
2024161513207,2024,161513207,1,9,0,-1,19,1,5,-1,0,0,0,0,1,7,1,1,-1,9,2,27,6,1968,2,11,AUDI A3,5,E01013287,0,2
2024131462381,2024,131462381,1,9,0,-1,19,7,3,-1,0,1,0,0,0,0,1,1,-1,9,1,28,6,1598,2,9,AUDI A3,3,E01010834,0,3
2024622400878,2024,622400878,2,9,0,18,19,2,6,0,0,1,0,0,0,0,1,1,1,1,2,37,7,1395,8,1,AUDI A3,7,W01001953,0,1
2024332400997,2024,332400997,2,9,0,-1,19,8,4,-1,0,0,0,0,0,0,1,1,-1,9,2,29,6,1395,1,8,AUDI A3,10,E01025661,0,1
2024522500227,2024,522500227,2,9,0,4,4,6,2,0,0,0,0,0,0,0,2,1,6,6,1,64,9,1984,1,4,AUDI A3,3,E01018761,0,5
2024201503545,2024,201503545,1,9,0,-1,5,2,6,-1,0,3,0,0,0,0,1,9,-1,6,2,-1,-1,1968,2,15,AUDI A3,-1,-1,0,-1
2024201520122,2024,201520122,1,9,0,-1,19,4,7,-1,0,6,0,0,0,0,1,1,-1,6,1,20,4,1968,2,12,AUDI A3,2,E01009499,0,3
202454B259624,2024,54B259624,1,9,0,18,19,3,7,0,0,0,1,0,7,11,1,1,6,6,2,51,8,1968,2,15,AUDI A3,6,E01031967,0,2
2024010521562,2024,010521562,1,9,0,99,99,9,9,99,99,9,9,99,9,99,2,9,6,6,2,44,7,1968,2,12,AUDI A3,6,E01001266,0,1
2024545193424,2024,545193424,1,9,0,18,19,3,7,0,0,0,0,0,5,6,1,1,6,6,1,59,9,1598,2,8,AUDI A3,7,E01014907,0,4
2024041527231,2024,041527231,3,9,0,-1,19,7,3,-1,0,8,0,0,0,0,1,1,-1,6,1,24,5,1498,1,3,AUDI A3,1,E01024886,0,4
2024061470133,2024,061470133,2,9,0,-1,19,7,3,-1,0,2,0,0,0,0,2,1,-1,9,2,36,7,1598,2,8,AUDI A3,3,E01005374,0,2
2024351427077,2024,351427077,2,9,-1,-1,-1,-1,-1,-1,-1,-1,-1,-1,-1,0,-1,9,-1,7,2,25,5,1598,2,6,AUDI A3,7,E01018085,0,2
2024631438148,2024,631438148,3,9,0,-1,19,7,3,-1,0,0,0,0,0,0,1,1,-1,9,2,78,11,1968,2,12,AUDI A3,6,W01000674,0,3
2024549445424,2024,549445424,3,9,0,10,10,2,6,0,0,1,0,0,0,0,2,1,6,6,2,51,8,1598,2,10,AUDI A3,7,E01031850,0,1
202407Q002101,2024,07Q002101,2,9,0,18,19,6,2,0,0,0,1,0,0,0,4,1,2,2,2,37,7,1498,1,5,AUDI A3,-1,-1,0,-1
2024010543959,2024,010543959,1,9,0,99,99,9,9,99,99,9,9,99,9,99,9,9,6,6,1,51,8,1798,1,10,AUDI A3,9,E01000181,0,1
2024471507760,2024,471507760,1,9,0,-1,4,3,7,-1,0,2,1,0,7,4,1,1,-1,9,1,20,4,1968,1,18,AUDI A3,3,E01031492,0,2
2024622400023,2024,622400023,1,9,0,8,8,4,6,0,0,5,0,0,0,0,3,1,6,6,2,26,6,1968,2,10,AUDI A3,3,W01002021,0,1
2024201519644,2024,201519644,1,9,0,-1,19,1,5,-1,0,0,1,0,0,0,1,1,-1,2,1,39,7,1598,2,9,AUDI A3,1,E01008898,0,1
2024221481889,2024,221481889,1,9,0,-1,19,3,7,-1,0,0,0,4,0,0,1,1,-1,6,1,19,4,1798,1,14,AUDI A3,4,E01028945,0,1