collision_index,collision_year,collision_ref_no,vehicle_reference,vehicle_type,towing_and_articulation,vehicle_manoeuvre_historic,vehicle_manoeuvre,vehicle_direction_from,vehicle_direction_to,vehicle_location_restricted_lane_historic,vehicle_location_restricted_lane,junction_location,skidding_and_overturning,hit_object_in_carriageway,vehicle_leaving_carriageway,hit_object_off_carriageway,first_point_of_impact,vehicle_left_hand_drive,journey_purpose_of_driver_historic,journey_purpose_of_driver,sex_of_driver,age_of_driver,age_band_of_driver,engine_capacity_cc,propulsion_code,age_of_vehicle,generic_make_model,driver_imd_decile,lsoa_of_driver,escooter_flag,driver_distance_banding
2024141449870,2024,141449870,2,9,0,-1,1,3,7,-1,0,0,0,0,0,0,0,9,-1,6,1,-1,-1,1968,2,17,AUDI A3,-1,-1,0,-1
2024451423764,2024,451423764,1,9,0,-1,19,3,7,-1,0,0,0,0,0,0,1,1,-1,9,2,23,5,1395,1,9,AUDI A3,10,E01030416,0,4
2024552400173,2024,552400173,1,9,0,18,19,2,6,0,0,0,0,0,0,0,1,1,3,7,2,39,7,1968,2,14,AUDI A3,6,E01015349,0,1
2024631464111,2024,631464111,1,9,0,-1,19,4,8,-1,0,0,0,0,2,10,1,1,-1,2,1,24,5,1984,1,16,AUDI A3,7,W01000579,0,1
2024041477137,2024,041477137,1,9,0,-1,19,7,3,-1,0,0,1,0,1,5,1,1,-1,2,1,38,7,1798,1,15,AUDI A3,9,E01025240,0,1
2024061410021,2024,061410021,2,9,0,-1,19,2,6,-1,0,1,0,0,0,0,4,1,-1,6,2,27,6,1598,2,10,AUDI A3,1,E01005353,0,1
2024430290358,2024,430290358,2,9,0,10,10,6,3,0,0,1,0,0,0,0,2,1,6,6,2,57,9,1968,2,15,AUDI A3,7,E01028431,0,1
2024520402673,2024,520402673,2,9,0,18,19,5,1,0,0,8,0,0,0,0,1,1,6,6,1,32,6,1197,1,8,AUDI A3,-1,-1,0,-1
2024991414761,2024,991414761,1,9,0,-1,13,2,6,-1,0,0,0,0,0,0,0,1,-1,6,1,27,6,1968,2,6,AUDI A3,4,-1,0,4
2024440046252,2024,440046252,2,9,0,18,19,4,8,0,0,8,0,0,0,0,4,1,2,2,2,46,8,1968,2,14,AUDI A3,9,E01023275,0,3
2024311430344,2024,311430344,1,9,0,-1,14,1,2,-1,0,0,0,0,0,0,0,1,-1,6,2,45,7,1968,2,8,AUDI A3,2,E01028279,0,1
2024522402855,2024,522402855,1,9,0,3,3,8,4,0,0,1,0,0,0,0,2,1,6,6,1,39,7,1595,1,18,AUDI A3,7,E01014722,0,1
2024201551785,2024,201551785,3,9,0,-1,2,0,0,-1,0,0,0,0,0,0,1,1,-1,9,1,42,7,1498,1,1,AUDI A3,10,E01009426,0,2
2024061472456,2024,061472456,1,9,0,-1,5,5,1,-1,0,1,0,0,0,0,1,1,-1,6,1,68,10,1395,1,9,AUDI A3,2,E01005652,0,1
2024552400205,2024,552400205,1,9,0,5,5,8,3,0,0,6,0,0,0,0,1,1,6,6,2,80,11,1598,2,11,AUDI A3,5,E01020452,0,4
2024991499159,2024,991499159,1,9,0,-1,19,7,3,-1,0,0,1,0,1,0,1,1,-1,9,2,72,10,1968,2,8,AUDI A3,7,-1,0,3
2024547724824,2024,547724824,1,9,0,5,5,7,3,0,0,1,1,0,0,0,1,1,1,1,1,58,9,1896,2,17,AUDI A3,8,E01034530,0,3
2024546093024,2024,546093024,1,9,0,9,9,5,3,0,0,5,0,0,0,0,4,1,6,6,1,23,5,1598,2,5,AUDI A3,9,E01015566,0,2
2024101399665,2024,101399665,3,9,0,-1,19,7,3,-1,0,1,0,0,0,0,2,1,-1,1,1,23,5,1395,8,2,AUDI A3,2,E01008487,0,3
2024010510466,2024,010510466,1,9,0,18,19,5,1,0,0,0,0,4,1,0,1,1,6,6,1,29,6,999,1,0,AUDI A3,6,E01000587,0,3
2024010516688,2024,010516688,2,9,0,18,19,5,1,0,0,1,0,0,0,0,1,1,6,6,1,89,11,1395,1,8,AUDI A3,9,E01004559,0,1
2024991533326,2024,991533326,2,9,0,-1,9,2,6,-1,0,0,0,0,0,0,2,1,-1,9,2,29,6,1896,2,16,AUDI A3,4,-1,0,2
2024991453528,2024,991453528,1,9,0,-1,19,2,6,-1,0,0,0,0,0,0,1,1,-1,6,1,22,5,1968,2,3,AUDI A3,3,-1,0,3
2024991482008,2024,991482008,1,9,0,-1,19,7,3,-1,0,0,0,0,0,0,1,1,-1,6,1,19,4,999,1,5,AUDI A3,10,-1,0,3
2024542167524,2024,542167524,3,9,0,4,4,8,4,0,0,3,0,0,0,0,2,1,6,6,1,39,7,1598,2,8,AUDI A3,9,E01033848,0,1
2024201485842,2024,201485842,1,9,0,-1,5,8,4,-1,0,8,0,0,0,0,1,1,-1,9,2,21,5,1798,1,9,AUDI A3,-1,-1,0,-1
2024010522301,2024,010522301,2,9,0,99,99,9,9,99,99,9,9,99,9,99,1,9,6,6,3,-1,-1,1595,1,19,AUDI A3,-1,-1,0,-1
2024501494079,2024,501494079,2,9,0,-1,19,5,1,-1,0,1,0,0,0,0,3,1,-1,6,2,37,7,1968,2,12,AUDI A3,3,E01018925,0,2
2024221441615,2024,221441615,2,9,0,-1,4,4,8,-1,0,8,0,0,0,0,2,1,-1,6,1,29,6,999,1,6,AUDI A3,3,E01033620,0,4
2024131414297,2024,131414297,1,9,0,-1,19,7,3,-1,0,8,0,0,0,0,1,1,-1,6,3,-1,-1,1498,1,0,AUDI A3,-1,-1,0,-1
2024471477651,2024,471477651,4,9,0,-1,3,5,1,-1,0,0,0,0,0,0,2,1,-1,9,1,71,10,1395,1,8,AUDI A3,10,E01031615,0,2
2024531393655,2024,531393655,2,9,0,-1,19,2,6,-1,0,0,0,0,0,0,3,1,-1,9,2,45,7,1968,2,10,AUDI A3,6,E01022235,0,1
2024211470234,2024,211470234,1,9,0,-1,19,5,1,-1,0,4,0,0,0,0,1,1,-1,6,3,30,6,1395,8,9,AUDI A3,-1,-1,0,-1
2024991501329,2024,991501329,1,9,0,-1,9,3,7,-1,0,0,0,0,0,0,1,2,-1,2,2,37,7,999,1,2,AUDI A3,-1,-1,0,-1
2024041515262,2024,041515262,2,9,0,-1,4,5,1,-1,0,1,0,0,0,0,2,1,-1,9,2,46,8,1968,2,16,AUDI A3,2,E01006924,0,2
2024131444186,2024,131444186,3,9,0,-1,19,5,1,-1,0,0,0,0,0,0,1,1,-1,9,1,47,8,1968,2,9,AUDI A3,1,E01012271,0,4
2024010533248,2024,010533248,1,9,0,2,2,0,0,0,0,2,0,0,0,0,2,1,6,6,3,-1,-1,1390,1,13,AUDI A3,-1,-1,0,-1
2024991397735,2024,991397735,1,9,0,-1,19,7,3,-1,0,6,0,4,1,0,1,1,-1,6,1,20,4,999,1,1,AUDI A3,1,-1,0,1
2024010515883,2024,010515883,1,9,0,18,19,7,3,0,0,8,0,0,0,0,4,1,6,6,2,22,5,999,1,1,AUDI A3,3,E01004719,0,1
2024010501113,2024,010501113,1,9,0,9,9,3,1,0,0,8,0,0,0,0,1,1,6,6,1,24,5,1968,2,10,AUDI A3,-1,-1,0,-1
2024141452111,2024,141452111,2,9,0,-1,19,1,5,-1,0,1,0,0,0,0,1,2,-1,9,1,64,9,1968,2,9,AUDI A3,2,E01007348,0,1
2024501461407,2024,501461407,1,9,0,-1,19,7,3,-1,0,2,1,7,0,0,1,1,-1,9,2,54,8,1598,2,9,AUDI A3,10,E01015160,0,1
2024041430196,2024,041430196,1,9,0,-1,19,1,5,-1,0,2,0,0,0,0,1,1,-1,9,2,36,7,1968,2,7,AUDI A3,4,E01025431,0,1
2024320305579,2024,320305579,2,9,0,-1,-1,8,5,0,0,2,0,0,0,0,4,1,-1,-1,1,50,8,1896,2,16,AUDI A3,1,E01026010,0,1
2024430590039,2024,430590039,1,9,0,9,9,8,6,0,0,1,0,0,0,0,3,1,2,2,2,25,5,1968,2,13,AUDI A3,10,E01028464,0,3
2024201448324,2024,201448324,1,9,0,-1,19,1,4,-1,9,0,2,0,1,1,1,9,-1,2,2,24,5,1498,1,0,AUDI A3,9,E01009433,0,2
2024471432684,2024,471432684,1,9,0,-1,19,6,2,-1,0,0,0,0,0,0,1,1,-1,1,2,33,6,1798,1,15,AUDI A3,4,E01021224,0,2
2024401545181,2024,401545181,1,9,0,-1,14,3,7,-1,0,0,0,0,7,0,1,1,-1,6,1,40,7,1498,1,6,AUDI A3,4,E01017512,0,3
2024141472604,2024,141472604,1,9,0,-1,19,3,1,-1,0,0,0,0,0,0,3,1,-1,6,1,22,5,1968,2,14,AUDI A3,1,E01007940,0,1
2024201517301,2024,201517301,1,9,0,-1,19,4,8,-1,0,0,0,0,0,0,1,1,-1,6,1,41,7,1968,2,9,AUDI A3,2,E01009610,0,2
2024991453097,2024,991453097,3,9,5,-1,19,1,5,-1,0,0,0,0,0,0,2,1,-1,9,1,42,7,1896,2,17,AUDI A3,3,E01027388,0,4
2024411482208,2024,411482208,2,9,0,-1,9,3,7,-1,0,7,0,0,0,0,1,1,-1,6,1,74,10,1968,2,17,AUDI A3,10,E01023362,0,1
2024010533687,2024,010533687,2,9,0,18,19,5,1,0,0,1,0,0,0,0,3,1,6,6,2,67,10,1984,1,19,AUDI A3,9,E01001533,0,1
2024361496410,2024,361496410,2,9,0,-1,19,6,2,-1,0,0,0,0,0,0,2,1,-1,9,1,77,11,1896,2,15,AUDI A3,8,E01026542,0,2
2024141422866,2024,141422866,2,9,0,-1,19,6,3,-1,0,0,0,0,0,0,1,1,-1,9,1,34,6,1968,2,9,AUDI A3,6,E01007455,0,1
2024041502661,2024,041502661,1,9,0,-1,7,2,6,-1,0,6,0,-1,0,0,1,1,-1,9,2,32,6,1968,2,5,AUDI A3,8,E01025323,0,2
2024401512971,2024,401512971,1,9,0,-1,19,5,1,-1,0,0,0,0,0,0,1,9,-1,6,1,43,7,1395,8,9,AUDI A3,10,E01016551,0,4
2024061416858,2024,061416858,1,9,0,-1,5,1,6,-1,0,0,0,0,0,0,1,1,-1,2,1,31,6,1598,2,9,AUDI A3,7,E01005373,0,1
2024461448857,2024,461448857,2,9,0,-1,5,-1,-1,-1,0,0,0,0,0,0,2,9,-1,6,1,26,6,1598,2,12,AUDI A3,5,E01024086,0,4
2024122400830,2024,122400830,1,9,0,16,19,4,8,0,0,0,1,0,0,0,1,1,2,2,1,22,5,1595,2,14,AUDI A3,2,E01010728,0,1
2024351479603,2024,351479603,1,9,0,-1,19,4,8,-1,0,0,0,0,0,0,2,1,-1,2,2,19,4,1968,2,7,AUDI A3,10,E01018232,0,2
2024131453019,2024,131453019,3,9,0,-1,12,3,7,-1,0,8,0,0,0,0,1,1,-1,9,1,52,8,1968,2,17,AUDI A3,3,E01010801,0,2
2024010548099,2024,010548099,2,9,0,9,9,5,3,0,0,5,0,0,0,0,1,1,6,6,1,32,6,1498,1,0,AUDI A3,2,E01001550,0,2
2024141505682,2024,141505682,1,9,0,-1,19,5,1,-1,0,0,0,0,0,0,1,9,-1,6,3,-1,-1,1598,2,13,AUDI A3,-1,-1,0,-1
2024111498124,2024,111498124,2,9,0,-1,19,6,2,-1,0,0,1,0,0,0,4,1,-1,2,1,25,5,1598,2,9,AUDI A3,10,E01034958,0,4
2024231505405,2024,231505405,1,9,0,-1,19,6,4,-1,0,8,0,0,3,4,1,9,-1,6,1,30,6,1395,8,0,AUDI A3,5,E01000615,0,5
2024552400883,2024,552400883,2,9,0,18,19,5,1,0,0,8,0,0,0,0,1,1,2,2,1,30,6,1595,1,14,AUDI A3,4,E01015326,0,1
2024010547885,2024,010547885,1,9,0,99,99,9,9,99,99,9,9,99,9,99,2,9,6,6,2,25,5,1896,2,17,AUDI A3,7,E01002678,0,2
2024471413803,2024,471413803,1,9,0,-1,19,4,8,-1,0,0,0,0,0,0,1,9,-1,6,1,31,6,1896,2,16,AUDI A3,7,E01024809,0,3
2024141442878,2024,141442878,1,9,0,-1,19,3,7,-1,0,1,0,0,0,0,1,1,-1,2,2,35,6,1968,2,2,AUDI A3,9,E01007926,0,2
2024031447303,2024,031447303,2,9,0,-1,11,5,1,-1,0,0,0,0,0,0,4,1,-1,9,1,86,11,1498,1,7,AUDI A3,9,-1,0,5
2024010501919,2024,010501919,1,9,0,18,19,3,7,0,0,2,5,4,0,0,1,1,6,6,1,30,6,1968,2,19,AUDI A3,3,E01000055,0,1
2024361419752,2024,361419752,1,9,0,-1,19,7,3,-1,0,4,0,0,0,0,1,1,-1,9,1,54,8,1598,2,8,AUDI A3,5,E01026443,0,4
2024552401188,2024,552401188,1,9,0,1,1,6,2,0,0,0,0,0,0,0,2,1,6,6,2,56,9,1395,1,9,AUDI A3,10,E01016552,0,5
2024201473335,2024,201473335,1,9,0,-1,19,7,3,-1,0,0,0,0,0,0,1,1,-1,6,2,-1,-1,1968,2,7,AUDI A3,9,E01023748,0,5
2024201482241,2024,201482241,1,9,0,-1,19,6,2,-1,0,0,0,0,0,0,1,9,-1,6,3,-1,-1,1968,2,4,AUDI A3,-1,-1,0,-1
2024141530522,2024,141530522,1,9,0,-1,9,3,8,-1,0,6,0,0,0,0,3,1,-1,2,1,36,7,999,1,7,AUDI A3,2,E01008112,0,1
2024010526578,2024,010526578,1,9,0,2,2,0,0,0,0,1,0,0,0,0,2,1,6,6,3,-1,-1,1595,1,19,AUDI A3,-1,-1,0,-1
2024041440268,2024,041440268,2,9,0,-1,2,0,0,-1,1,1,0,0,0,0,4,1,-1,9,2,38,7,1896,2,16,AUDI A3,1,E01025423,0,1
2024371472452,2024,371472452,2,9,0,-1,4,5,1,-1,0,1,0,0,0,0,2,1,-1,9,1,63,9,1984,1,13,AUDI A3,6,E01030273,0,1
2024201433966,2024,201433966,2,9,0,-1,2,0,0,-1,0,0,0,4,0,0,2,9,-1,9,1,34,6,1896,2,16,AUDI A3,3,E01034682,0,5
2024131473545,2024,131473545,1,9,0,-1,7,5,1,-1,0,8,0,0,0,0,1,2,-1,6,1,19,4,1598,2,12,AUDI A3,2,E01011485,0,1
2024991403073,2024,991403073,1,9,0,-1,7,3,6,-1,0,6,0,0,1,0,1,1,-1,9,1,37,7,1984,1,18,AUDI A3,2,-1,0,3
2024061493399,2024,061493399,1,9,0,-1,7,1,2,-1,0,1,0,0,0,0,4,1,-1,6,2,50,8,1598,2,11,AUDI A3,3,E01005013,0,1
2024041430920,2024,041430920,2,9,0,-1,9,6,2,-1,0,1,0,0,0,0,2,1,-1,9,2,28,6,1968,2,8,AUDI A3,7,E01025096,0,1
2024201465184,2024,201465184,2,9,0,-1,19,5,1,-1,0,8,0,0,0,0,3,1,-1,6,1,43,7,1598,2,13,AUDI A3,1,E01010288,0,3
2024010499312,2024,010499312,1,9,0,7,7,1,3,0,0,3,0,0,0,0,1,1,2,2,1,22,5,1595,1,19,AUDI A3,7,E01003419,0,1
2024041496779,2024,041496779,2,9,0,-1,19,1,5,-1,0,0,0,0,0,0,1,1,-1,2,1,26,6,1968,2,16,AUDI A3,7,E01024999,0,2
2024011467581,2024,011467581,2,9,0,-1,-1,1,3,-1,-1,0,0,0,0,0,2,9,-1,-1,1,33,6,1395,1,8,AUDI A3,-1,-1,0,-1
2024501515448,2024,501515448,1,9,0,-1,19,2,6,-1,0,0,5,0,2,10,4,1,-1,9,2,37,7,1896,2,16,AUDI A3,4,E01034849,0,1
2024471439359,2024,471439359,2,9,0,-1,19,1,5,-1,0,0,0,0,0,0,1,1,-1,9,1,27,6,1968,2,17,AUDI A3,9,E01035352,0,2
2024461494411,2024,461494411,1,9,0,-1,19,1,1,-1,0,0,0,0,0,0,4,1,-1,6,1,32,6,1968,2,10,AUDI A3,1,E01016111,0,1
2024451414624,2024,451414624,1,9,0,-1,12,7,3,-1,-1,0,0,0,0,0,1,1,-1,9,2,26,6,1595,1,18,AUDI A3,9,E01030568,0,2
2024061533585,2024,061533585,2,9,0,-1,2,0,0,-1,9,2,0,0,1,11,2,1,-1,6,1,30,6,1968,2,11,AUDI A3,-1,-1,0,-1
2024451512709,2024,451512709,1,9,0,-1,4,5,1,-1,0,0,0,0,0,0,2,1,-1,2,1,58,9,1498,1,6,AUDI A3,5,E01031600,0,3
2024201463915,2024,201463915,2,9,0,-1,9,3,1,-1,0,6,0,0,0,0,1,1,-1,9,2,28,6,1598,2,11,AUDI A3,9,E01009826,0,2
2024131503100,2024,131503100,2,9,0,-1,5,6,2,-1,0,8,0,0,0,0,0,1,-1,9,2,33,6,1968,2,8,AUDI A3,4,E01010708,0,1
2024332401074,2024,332401074,1,9,0,-1,19,7,3,-1,0,0,0,0,0,0,4,1,-1,9,1,19,4,1968,2,11,AUDI A3,3,E01034002,0,1
2024010526244,2024,010526244,3,9,0,2,2,0,0,9,9,0,0,0,0,0,2,1,6,6,3,-1,-1,1498,1,7,AUDI A3,-1,-1,0,-1
2024131512847,2024,131512847,1,9,0,-1,19,5,1,-1,0,2,0,4,0,0,3,1,-1,6,1,24,5,1390,1,15,AUDI A3,1,E01011342,0,1
2024201471705,2024,201471705,1,9,0,-1,19,1,5,-1,0,0,0,0,0,0,1,1,-1,6,1,21,5,1896,2,15,AUDI A3,-1,-1,0,-1
2024010517511,2024,010517511,2,9,0,99,99,9,9,99,99,6,9,99,9,99,9,9,6,6,3,-1,-1,1968,2,13,AUDI A3,-1,-1,0,-1
2024311464287,2024,311464287,1,9,0,-1,3,2,6,-1,0,0,0,0,0,0,1,1,-1,1,1,28,6,1968,2,13,AUDI A3,9,E01013981,0,1
2024311434606,2024,311434606,1,9,0,-1,14,8,4,-1,0,0,0,0,0,0,1,1,-1,1,2,35,6,1968,2,16,AUDI A3,1,E01027952,0,1
2024430227079,2024,430227079,2,9,0,18,19,1,5,0,0,1,0,0,0,0,1,1,6,6,1,17,4,1498,1,0,AUDI A3,8,E01028640,0,1
202454B846424,2024,54B846424,2,9,0,18,19,3,7,0,0,0,0,0,4,6,2,1,6,6,1,28,6,1390,1,13,AUDI A3,10,E01016384,0,4
2024010497004,2024,010497004,2,9,0,6,6,3,3,0,0,8,0,0,0,0,3,1,6,6,3,-1,-1,1197,1,10,AUDI A3,-1,-1,0,-1
2024201470328,2024,201470328,1,9,0,-1,19,2,6,-1,0,0,0,0,0,0,1,1,-1,6,2,30,6,1968,2,15,AUDI A3,-1,-1,0,-1
2024010498099,2024,010498099,2,9,9,99,99,9,9,99,99,9,9,99,9,99,9,9,6,6,3,-1,-1,1395,1,9,AUDI A3,-1,-1,0,-1
2024411488873,2024,411488873,2,9,0,-1,19,1,5,-1,0,1,0,0,0,0,1,1,-1,2,2,48,8,1395,1,8,AUDI A3,10,E01023482,0,3
2024010527421,2024,010527421,1,9,0,99,99,9,9,99,99,9,9,99,9,99,2,9,6,6,2,37,7,999,1,3,AUDI A3,3,E01001186,0,2
2024041507795,2024,041507795,1,9,0,-1,9,7,4,-1,0,0,0,0,0,0,1,1,-1,9,2,26,6,1498,1,5,AUDI A3,8,E01025012,0,2
2024131482673,2024,131482673,2,9,0,-1,19,1,5,-1,0,8,0,0,0,0,4,1,-1,9,1,28,6,1968,2,12,AUDI A3,2,E01011253,0,1
2024052400334,2024,052400334,2,9,0,18,19,5,1,0,0,0,0,0,0,0,2,1,6,6,2,35,6,1968,2,1,AUDI A3,1,E01006567,0,2
2024141475898,2024,141475898,3,9,0,-1,2,0,0,-1,0,0,0,0,0,0,3,1,-1,6,-1,-1,-1,1598,2,9,AUDI A3,-1,-1,0,-1
2024061441878,2024,061441878,1,9,0,-1,19,-1,-1,-1,0,1,0,0,0,0,3,1,-1,9,2,44,7,1395,1,10,AUDI A3,8,E01005416,0,1
2024010524161,2024,010524161,2,9,0,99,99,9,9,99,99,0,9,99,9,99,9,9,6,6,3,-1,-1,1968,2,16,AUDI A3,6,E01030550,0,2
2024211519677,2024,211519677,1,9,0,-1,19,7,3,-1,0,0,1,0,7,0,3,1,-1,6,1,42,7,1395,8,0,AUDI A3,8,E01029579,0,3
2024320209130,2024,320209130,2,9,0,-1,-1,8,4,0,0,8,0,0,0,0,1,1,-1,-1,1,55,8,1598,2,8,AUDI A3,3,E01026041,0,3
2024501411825,2024,501411825,2,9,0,-1,19,8,4,-1,0,8,0,0,0,0,1,1,-1,6,3,-1,-1,1896,2,18,AUDI A3,-1,-1,0,-1
2024010525318,2024,010525318,1,9,0,18,19,1,5,0,0,4,0,0,0,0,4,1,6,6,1,26,6,999,1,0,AUDI A3,-1,-1,0,-1
2024401534295,2024,401534295,1,9,0,-1,19,5,1,-1,0,0,0,0,0,0,1,1,-1,2,2,52,8,1968,2,10,AUDI A3,5,E01034429,0,2
2024201448373,2024,201448373,1,9,0,-1,3,7,3,-1,0,0,0,0,0,0,2,9,-1,1,2,56,9,1498,1,1,AUDI A3,-1,-1,0,-1
2024061474075,2024,061474075,1,9,0,-1,4,-1,-1,-1,0,9,0,0,0,0,1,1,-1,6,1,-1,-1,1896,2,17,AUDI A3,-1,-1,0,-1
2024471438114,2024,471438114,2,9,0,-1,4,1,5,-1,0,0,0,0,0,0,2,1,-1,7,2,31,6,1968,2,16,AUDI A3,4,E01021114,0,2
202417S210324,2024,17S210324,1,9,0,-1,3,3,7,-1,0,1,0,0,0,0,2,1,-1,9,2,38,7,999,1,1,AUDI A3,7,E01011959,0,1
2024131423908,2024,131423908,2,9,0,-1,19,1,5,-1,0,8,0,0,0,0,-1,1,-1,6,2,30,6,1968,2,9,AUDI A3,1,E01011492,0,1
2024451496099,2024,451496099,2,9,0,-1,19,2,6,-1,0,0,0,0,0,0,1,1,-1,2,1,57,9,1984,1,20,AUDI A3,8,E01030835,0,1
2024531480652,2024,531480652,1,9,0,-1,19,3,7,-1,0,6,0,0,1,0,1,1,-1,6,1,30,6,1984,1,18,AUDI A3,10,E01022406,0,1
2024401435497,2024,401435497,2,9,0,-1,4,4,8,-1,0,0,0,0,0,0,0,9,-1,2,2,25,5,1498,1,3,AUDI A3,7,E01017423,0,1
2024471432011,2024,471432011,1,9,0,-1,19,7,3,-1,0,0,0,0,0,0,1,1,-1,9,1,21,5,1390,1,17,AUDI A3,2,E01021012,0,1
2024211456260,2024,211456260,1,9,0,-1,4,3,6,-1,0,1,0,0,0,0,1,1,-1,9,1,17,4,1395,1,12,AUDI A3,-1,-1,0,-1
2024052400786,2024,052400786,2,9,0,18,19,3,7,0,0,8,0,0,2,11,1,1,2,2,1,19,4,1968,2,14,AUDI A3,1,E01006728,0,2
2024302400961,2024,302400961,3,9,0,18,19,3,7,0,0,0,0,0,0,0,1,1,6,6,2,37,7,1598,2,10,AUDI A3,2,E01013499,0,2
2024461478789,2024,461478789,1,9,0,-1,19,8,4,-1,0,0,0,0,0,0,1,9,-1,6,2,37,7,1498,1,5,AUDI A3,10,E01024446,0,1
2024401489849,2024,401489849,2,9,-1,-1,-1,-1,-1,-1,-1,6,-1,-1,-1,0,-1,9,-1,6,3,-1,-1,1968,2,14,AUDI A3,-1,-1,0,-1
2024201485663,2024,201485663,1,9,0,-1,19,8,4,-1,0,6,0,0,0,0,4,9,-1,9,1,24,5,1595,1,18,AUDI A3,2,E01009346,0,1
2024101431844,2024,101431844,2,9,0,-1,19,5,1,-1,0,0,0,0,0,0,4,1,-1,9,1,20,4,999,1,0,AUDI A3,1,E01008836,0,2
2024031535381,2024,031535381,1,9,0,-1,1,1,5,-1,-1,0,0,0,0,0,2,1,-1,6,2,65,9,1395,1,9,AUDI A3,-1,-1,0,-1
2024052401764,2024,052401764,2,9,0,18,19,1,5,0,0,1,0,0,0,0,1,1,6,6,1,42,7,1598,2,11,AUDI A3,2,E01006477,0,1
2024070767011,2024,070767011,2,9,0,-1,19,5,1,-1,0,1,0,0,0,0,1,1,-1,1,1,40,7,1968,2,16,AUDI A3,7,E01032401,0,5
2024070228858,2024,070228858,1,9,0,9,9,4,8,0,0,1,0,0,0,0,2,1,6,6,2,52,8,1968,2,13,AUDI A3,8,E01018328,0,1
2024201400352,2024,201400352,1,9,0,-1,19,6,2,-1,0,4,0,0,0,0,1,1,-1,6,2,26,6,1798,1,16,AUDI A3,-1,-1,0,-1
2024010514043,2024,010514043,2,9,9,99,99,9,9,99,99,9,9,99,9,99,1,9,6,6,3,-1,-1,1498,1,6,AUDI A3,-1,-1,0,-1
2024320294865,2024,320294865,3,9,0,-1,-1,8,4,0,0,2,0,0,0,0,2,1,1,1,1,23,5,1498,1,6,AUDI A3,6,E01026380,0,1
2024461419078,2024,461419078,1,9,0,-1,19,1,5,-1,0,0,0,0,0,0,1,1,-1,9,1,26,6,1595,1,17,AUDI A3,-1,-1,0,-1
2024041478617,2024,041478617,2,9,0,-1,19,1,5,-1,0,0,2,0,0,0,2,1,-1,6,1,75,10,1968,2,13,AUDI A3,2,E01025124,0,3
2024010515743,2024,010515743,1,9,0,99,99,9,9,99,99,9,9,99,9,99,1,9,6,6,3,-1,-1,999,1,1,AUDI A3,4,E01003841,0,1
2024111551210,2024,111551210,2,9,0,-1,19,4,1,-1,0,1,0,0,0,0,4,1,-1,9,2,83,11,1968,2,8,AUDI A3,2,E01020743,0,2
2024991396306,2024,991396306,2,9,0,-1,5,5,1,-1,0,0,0,0,0,0,2,1,-1,9,2,31,6,1968,2,11,AUDI A3,1,-1,0,1
2024451511650,2024,451511650,1,9,0,-1,19,7,3,-1,0,1,0,0,0,0,4,1,-1,9,1,61,9,1395,1,11,AUDI A3,8,E01030567,0,1
2024411495448,2024,411495448,2,9,0,-1,3,-1,-1,-1,0,0,0,0,0,0,2,1,-1,9,2,56,9,1984,1,7,AUDI A3,10,E01023664,0,2
2024311467275,2024,311467275,1,9,0,-1,9,8,4,-1,0,0,0,0,0,0,1,1,-1,9,2,33,6,1896,2,16,AUDI A3,2,E01028269,0,1
2024010542857,2024,010542857,1,9,0,4,4,7,3,0,0,0,0,0,0,0,0,1,6,6,1,82,11,1896,2,22,AUDI A3,6,E01024435,0,3
2024421498420,2024,421498420,1,9,0,-1,19,3,7,-1,-1,0,0,0,0,0,1,1,-1,9,1,22,5,1595,2,14,AUDI A3,9,E01035172,0,1
2024991474039,2024,991474039,1,9,0,-1,19,4,8,-1,0,0,0,0,0,0,1,1,-1,9,2,43,7,1498,1,2,AUDI A3,8,-1,0,2
2024010551064,2024,010551064,2,9,0,3,3,7,3,0,0,1,0,4,0,0,2,1,6,6,1,24,5,1498,1,7,AUDI A3,-1,-1,0,-1
2024010535083,2024,010535083,2,9,0,99,99,9,9,99,99,0,9,99,9,99,9,9,6,6,3,47,8,1798,1,16,AUDI A3,6,E01001088,0,1
202454B830024,2024,54B830024,1,9,0,18,19,2,6,0,0,0,0,0,0,0,1,1,6,6,1,81,11,1968,2,14,AUDI A3,5,E01032010,0,1
2024131456504,2024,131456504,2,9,0,-1,19,1,5,-1,0,1,0,0,0,0,4,1,-1,9,1,41,7,1598,2,10,AUDI A3,6,E01035048,0,3
2024401539669,2024,401539669,1,9,0,-1,19,3,7,-1,0,0,0,0,0,0,1,1,-1,6,1,26,6,1498,1,1,AUDI A3,3,E01017580,0,3
2024991451426,2024,991451426,2,9,0,-1,5,5,3,-1,0,8,0,0,0,0,2,1,-1,9,1,46,8,1598,2,10,AUDI A3,9,-1,0,1
2024520401961,2024,520401961,1,9,0,18,19,6,1,0,0,8,0,0,0,0,3,1,6,6,1,43,7,1968,2,9,AUDI A3,6,E01029317,0,1
2024201461347,2024,201461347,1,9,0,-1,19,6,8,-1,0,8,0,0,0,0,3,1,-1,6,1,35,6,1395,1,9,AUDI A3,3,E01009086,0,1
2024430556151,2024,430556151,2,8,0,4,4,1,5,0,0,0,0,0,0,0,1,1,6,6,1,46,8,1968,2,12,AUDI A3,5,E01017856,0,2
2024041441899,2024,041441899,1,9,0,-1,19,-1,-1,-1,0,1,0,0,0,0,-1,9,-1,9,1,33,6,1968,2,15,AUDI A3,3,E01025111,0,1