collision_index,collision_year,collision_ref_no,vehicle_reference,vehicle_type,towing_and_articulation,vehicle_manoeuvre_historic,vehicle_manoeuvre,vehicle_direction_from,vehicle_direction_to,vehicle_location_restricted_lane_historic,vehicle_location_restricted_lane,junction_location,skidding_and_overturning,hit_object_in_carriageway,vehicle_leaving_carriageway,hit_object_off_carriageway,first_point_of_impact,vehicle_left_hand_drive,journey_purpose_of_driver_historic,journey_purpose_of_driver,sex_of_driver,age_of_driver,age_band_of_driver,engine_capacity_cc,propulsion_code,age_of_vehicle,generic_make_model,driver_imd_decile,lsoa_of_driver,escooter_flag,driver_distance_banding
2024361401700,2024,361401700,2,9,0,-1,15,5,3,-1,9,0,0,0,0,0,2,1,-1,1,1,21,5,1498,1,1,AUDI A3,8,E01026450,0,4
2024991413342,2024,991413342,1,9,0,-1,7,6,1,-1,0,6,0,0,0,0,3,1,-1,6,1,27,6,999,1,6,AUDI A3,9,-1,0,1
2024541864424,2024,541864424,1,8,0,18,19,7,3,0,0,4,0,0,0,0,1,1,6,6,1,38,7,1968,2,9,AUDI A3,8,E01015565,0,1
2024131420430,2024,131420430,1,9,0,-1,19,3,7,-1,0,0,0,0,0,0,1,1,-1,6,-1,-1,-1,1896,2,18,AUDI A3,-1,-1,0,-1
2024201522205,2024,201522205,1,9,0,-1,19,1,2,-1,0,0,0,0,0,0,3,9,-1,6,1,37,7,1395,8,3,AUDI A3,3,E01003151,0,5
2024010500061,2024,010500061,3,9,0,18,19,7,3,0,0,1,0,0,0,0,1,1,6,6,2,42,7,1395,1,10,AUDI A3,4,E01003549,0,1
2024070615555,2024,070615555,1,9,0,18,19,1,5,0,0,6,0,0,0,0,0,1,6,6,1,40,7,1498,1,4,AUDI A3,9,E01012493,0,1
2024211413099,2024,211413099,2,9,0,-1,19,6,2,-1,0,0,0,10,1,0,1,9,-1,9,1,24,5,1968,2,1,AUDI A3,9,E01019857,0,2
2024461539343,2024,461539343,1,9,0,-1,19,7,3,-1,0,1,0,0,0,0,4,9,-1,6,1,20,4,1598,2,9,AUDI A3,1,E01024621,0,1
2024440309450,2024,440309450,2,9,0,9,9,3,1,0,0,1,0,0,0,0,3,1,6,6,1,42,7,1598,2,5,AUDI A3,10,E01022856,0,1
2024141409595,2024,141409595,1,9,0,-1,7,1,4,-1,0,1,1,10,0,0,1,1,-1,9,1,29,6,1968,2,10,AUDI A3,2,E01007942,0,1
2024061505651,2024,061505651,1,9,0,-1,19,5,1,-1,0,0,0,0,0,0,4,1,-1,9,1,30,6,1595,2,14,AUDI A3,3,E01006272,0,1
2024010506110,2024,010506110,1,9,0,18,19,1,5,0,0,0,0,4,1,11,1,1,6,6,1,22,5,1598,2,12,AUDI A3,5,E01004412,0,1
2024311528404,2024,311528404,2,9,0,-1,14,4,8,-1,0,0,0,0,0,0,1,1,-1,6,2,22,5,1595,1,15,AUDI A3,4,E01013890,0,1
2024061409818,2024,061409818,1,9,-1,-1,-1,-1,-1,-1,-1,-1,-1,-1,-1,0,1,9,-1,6,3,-1,-1,1968,2,12,AUDI A3,-1,-1,0,-1
2024351521449,2024,351521449,1,9,-1,-1,-1,-1,-1,-1,-1,0,-1,-1,-1,0,-1,1,-1,6,1,37,7,1896,2,15,AUDI A3,9,E01018037,0,2
2024501489664,2024,501489664,2,9,0,-1,19,6,2,-1,0,0,0,0,0,0,1,1,-1,9,2,54,8,1968,2,13,AUDI A3,7,E01018886,0,1
2024991439699,2024,991439699,2,9,0,-1,4,2,6,-1,0,1,0,0,0,0,1,1,-1,1,1,29,6,1598,2,10,AUDI A3,-1,-1,0,-1
2024231473694,2024,231473694,1,9,0,-1,19,6,2,-1,0,0,1,0,1,0,4,1,-1,6,1,25,5,1595,1,18,AUDI A3,8,E01034781,0,3
2024361417620,2024,361417620,2,9,0,-1,19,7,3,-1,0,1,0,0,0,0,2,1,-1,6,1,28,6,1395,8,1,AUDI A3,6,E01026672,0,4
2024461556649,2024,461556649,1,9,0,-1,7,7,3,-1,0,0,0,0,0,0,1,9,-1,6,2,-1,-1,1968,2,11,AUDI A3,7,E01024794,0,1
2024010523411,2024,010523411,1,9,0,9,9,3,1,0,0,1,0,0,0,0,1,1,6,6,1,27,6,999,1,1,AUDI A3,2,E01003184,0,2
2024131491369,2024,131491369,1,9,0,-1,9,3,5,-1,0,8,0,0,0,0,1,1,-1,9,2,25,5,1598,2,9,AUDI A3,7,E01011637,0,1
2024471422200,2024,471422200,1,9,0,-1,9,2,8,-1,0,6,1,0,0,0,3,1,-1,9,2,65,9,1968,2,17,AUDI A3,6,E01021148,0,3
2024010536323,2024,010536323,2,9,0,7,7,3,6,0,0,5,0,0,0,0,4,1,6,6,3,-1,-1,1598,2,8,AUDI A3,-1,-1,0,-1
2024552400520,2024,552400520,2,9,0,10,10,4,2,0,0,1,0,0,0,0,2,1,6,6,2,66,10,1968,2,8,AUDI A3,2,E01032662,0,1
2024501492780,2024,501492780,1,9,0,-1,7,8,2,-1,0,1,0,0,0,0,2,1,-1,6,1,55,8,1598,2,9,AUDI A3,-1,-1,0,-1
2024201528742,2024,201528742,2,9,0,-1,19,6,2,-1,0,0,0,0,0,0,3,1,-1,6,2,42,7,1498,1,0,AUDI A3,7,E01032122,0,3
2024010536346,2024,010536346,1,9,0,99,99,9,9,99,99,9,9,99,9,99,3,9,6,6,1,30,6,1197,1,9,AUDI A3,1,E01002034,0,2
2024010527256,2024,010527256,1,9,0,99,99,9,9,99,99,9,9,99,9,99,1,9,6,6,2,42,7,1395,1,11,AUDI A3,4,E01033941,0,1
2024440121415,2024,440121415,1,9,0,9,9,7,5,0,0,8,0,0,0,0,4,1,6,6,2,35,6,999,1,2,AUDI A3,8,E01014419,0,4
2024161462098,2024,161462098,1,9,0,-1,9,1,7,-1,0,1,1,99,1,99,3,1,-1,9,1,26,6,1984,2,19,AUDI A3,2,E01007535,0,4
2024061395610,2024,061395610,1,9,0,-1,19,8,4,-1,0,0,0,0,0,0,1,1,-1,9,1,30,6,1598,2,10,AUDI A3,3,E01006235,0,1
2024421515525,2024,421515525,2,9,0,-1,19,2,6,-1,0,0,0,0,0,0,4,1,-1,9,1,21,5,1498,1,1,AUDI A3,10,E01031640,0,4
2024141407978,2024,141407978,1,9,0,-1,3,1,5,-1,0,0,0,0,0,0,2,9,-1,6,2,56,9,999,1,3,AUDI A3,3,E01007720,0,1
2024010512317,2024,010512317,1,9,0,18,19,1,5,0,0,4,0,0,0,0,3,1,6,6,1,69,10,1498,1,0,AUDI A3,-1,-1,0,-1
2024010528030,2024,010528030,3,9,0,3,3,5,1,0,0,0,0,0,0,0,1,1,6,6,2,30,6,1598,2,9,AUDI A3,2,E01001696,0,2
2024131534961,2024,131534961,2,9,0,-1,19,5,1,-1,0,8,0,0,0,0,1,2,-1,6,1,23,5,1598,2,8,AUDI A3,1,E01010742,0,1
2024010503818,2024,010503818,2,9,0,18,19,8,4,0,0,1,0,0,0,0,1,1,6,6,2,-1,-1,1395,1,9,AUDI A3,10,E01030797,0,4
2024451452643,2024,451452643,2,9,0,-1,19,7,3,-1,0,0,0,0,1,7,2,1,-1,2,1,52,8,1968,2,13,AUDI A3,3,E01034354,0,4
2024141420458,2024,141420458,1,9,0,-1,19,7,3,-1,0,2,1,0,0,0,1,1,-1,9,1,32,6,1598,2,13,AUDI A3,3,E01007781,0,1
2024461469677,2024,461469677,2,9,0,-1,19,5,1,-1,0,8,0,0,0,0,3,9,-1,6,1,29,6,1598,2,13,AUDI A3,9,E01024376,0,3
2024201448637,2024,201448637,1,9,0,-1,19,5,1,-1,0,1,0,0,0,0,1,9,-1,6,1,24,5,1598,2,7,AUDI A3,1,E01014260,0,4
2024201491835,2024,201491835,2,9,0,-1,3,6,2,-1,0,0,0,0,0,0,2,1,-1,6,1,27,6,1395,1,10,AUDI A3,7,E01010345,0,1
2024991508654,2024,991508654,1,9,0,-1,7,3,6,-1,0,6,0,0,0,0,1,1,-1,9,1,81,11,1498,1,1,AUDI A3,9,-1,0,3
2024430250027,2024,430250027,2,9,0,18,19,4,8,0,0,8,0,0,0,0,1,1,6,6,1,-1,-1,1968,2,18,AUDI A3,-1,-1,0,-1
2024010525627,2024,010525627,1,9,0,18,19,1,5,99,99,0,9,99,9,99,9,1,6,6,2,30,6,999,1,1,AUDI A3,3,E01004669,0,3
2024302400678,2024,302400678,1,9,0,5,5,6,2,0,0,0,0,0,0,0,3,1,6,6,1,33,6,1968,2,7,AUDI A3,8,E01013546,0,1
2024501418668,2024,501418668,2,9,0,-1,19,1,5,-1,0,0,0,0,0,0,4,9,-1,6,1,69,10,1968,2,13,AUDI A3,7,E01019960,0,3
202417S200324,2024,17S200324,2,9,0,18,19,6,2,0,0,0,0,0,0,0,1,1,6,6,1,28,6,1968,2,15,AUDI A3,-1,-1,0,-1
2024332401104,2024,332401104,1,9,0,-1,19,3,7,-1,0,0,5,0,7,11,1,1,-1,6,1,23,5,1197,1,9,AUDI A3,7,E01025826,0,1
2024461429592,2024,461429592,2,9,0,-1,3,6,2,-1,0,8,0,0,0,0,2,9,-1,6,2,35,6,1595,2,14,AUDI A3,9,E01024112,0,1
2024101502413,2024,101502413,1,9,0,-1,4,5,8,-1,0,0,0,0,0,0,1,1,-1,9,1,22,5,1968,2,19,AUDI A3,3,E01027462,0,1
2024010532574,2024,010532574,1,9,0,4,4,1,5,0,0,7,0,0,0,0,1,1,6,6,2,25,5,1380,1,13,AUDI A3,-1,-1,0,-1
2024010532057,2024,010532057,2,9,0,2,2,0,0,0,0,8,1,4,1,0,2,1,6,6,3,-1,-1,1498,1,3,AUDI A3,-1,-1,0,-1
2024451428440,2024,451428440,2,9,0,-1,19,3,7,-1,0,1,0,0,0,0,1,1,-1,9,1,49,8,1395,8,2,AUDI A3,5,E01034081,0,4
2024461439178,2024,461439178,1,9,0,-1,19,5,1,-1,0,2,0,0,0,0,1,1,-1,6,1,60,9,1968,2,8,AUDI A3,8,E01024744,0,2
2024501420459,2024,501420459,1,9,0,-1,19,1,5,-1,0,1,0,0,7,0,3,1,-1,9,2,42,7,1968,2,18,AUDI A3,4,E01018908,0,1
2024320487080,2024,320487080,2,9,0,4,4,3,7,0,0,0,0,0,0,0,2,1,-1,-1,1,28,6,1598,2,5,AUDI A3,2,E01026170,0,2
2024010524230,2024,010524230,4,9,0,3,3,7,3,0,0,2,0,0,0,0,1,1,6,6,1,38,7,1968,2,10,AUDI A3,3,E01031556,0,4
2024010529781,2024,010529781,1,9,0,18,19,1,5,0,0,1,0,0,0,0,1,1,6,6,1,23,5,1395,1,9,AUDI A3,3,E01001980,0,2
2024221447714,2024,221447714,4,9,0,-1,4,1,5,-1,0,0,0,0,0,0,2,9,-1,2,2,25,5,1598,2,11,AUDI A3,4,E01028984,0,4
2024430618032,2024,430618032,2,9,0,18,19,3,7,0,0,8,0,0,0,0,1,1,2,2,1,32,6,1790,1,15,AUDI A3,2,E01002633,0,4
2024471400827,2024,471400827,1,9,0,-1,19,3,7,-1,0,4,0,9,3,10,1,1,-1,9,1,20,4,999,1,5,AUDI A3,5,E01017014,0,3
2024451410842,2024,451410842,1,9,0,-1,9,5,1,-1,0,6,0,0,0,0,4,1,-1,9,2,28,6,1498,1,2,AUDI A3,7,E01000778,0,2
2024430580423,2024,430580423,2,9,0,17,19,5,2,0,0,0,0,0,0,0,1,1,6,6,1,40,7,1197,1,9,AUDI A3,8,E01023419,0,2
2024052400801,2024,052400801,1,9,0,18,19,2,6,0,0,0,0,0,0,0,4,1,6,6,3,-1,-1,1968,2,14,AUDI A3,-1,-1,0,-1
2024991439251,2024,991439251,3,9,0,-1,2,0,0,-1,0,0,0,0,0,0,2,1,-1,6,-1,-1,-1,1498,1,6,AUDI A3,-1,-1,0,-1
2024211509550,2024,211509550,1,9,0,-1,7,5,1,-1,0,1,0,0,0,0,1,1,-1,9,1,41,7,1598,2,10,AUDI A3,1,E01014273,0,1
2024332401215,2024,332401215,1,9,0,-1,19,1,3,-1,0,0,2,10,1,11,1,1,-1,9,1,26,6,1968,2,19,AUDI A3,7,E01025898,0,2
2024010534366,2024,010534366,2,9,9,99,99,9,9,99,99,9,9,99,9,99,9,9,6,6,3,-1,-1,1395,1,9,AUDI A3,-1,-1,0,-1
2024221427343,2024,221427343,2,9,0,-1,14,3,7,-1,0,0,0,0,0,0,1,1,-1,9,2,20,4,1498,1,2,AUDI A3,9,E01014022,0,2
2024351452098,2024,351452098,1,9,0,-1,5,8,4,-1,0,0,0,0,0,0,4,1,-1,6,1,25,5,1395,1,8,AUDI A3,6,E01026257,0,3
2024332400242,2024,332400242,1,9,0,-1,13,5,1,-1,0,0,0,0,0,0,1,1,-1,9,1,46,8,1598,2,6,AUDI A3,8,E01013808,0,1
2024010533734,2024,010533734,1,9,0,5,5,1,5,0,0,2,0,0,0,0,4,1,2,2,2,26,6,1595,1,16,AUDI A3,3,E01001367,0,1
2024371566652,2024,371566652,1,9,0,-1,19,3,7,-1,0,0,0,0,0,0,1,1,-1,2,1,43,7,1390,1,15,AUDI A3,6,E01033126,0,1
2024161455657,2024,161455657,2,9,0,-1,7,3,5,-1,0,5,0,0,0,0,3,1,-1,6,1,-1,-1,1598,2,8,AUDI A3,-1,-1,0,-1
2024201437735,2024,201437735,1,9,0,-1,5,2,6,-1,0,6,0,0,0,0,1,9,-1,6,1,78,11,1598,2,13,AUDI A3,6,E01010079,0,1
2024531525117,2024,531525117,1,9,0,-1,9,7,5,-1,0,5,0,0,0,0,1,1,-1,9,2,40,7,1388,1,11,AUDI A3,6,E01022287,0,1
2024052401598,2024,052401598,2,9,0,3,3,7,3,0,0,4,0,0,0,0,2,1,6,6,1,23,5,999,1,0,AUDI A3,1,E01006778,0,3
2024471516124,2024,471516124,1,9,0,-1,11,2,6,-1,0,0,0,0,0,0,1,1,-1,2,2,32,6,1968,2,14,AUDI A3,9,E01016985,0,3
2024991527805,2024,991527805,3,9,0,-1,10,6,3,-1,0,2,0,0,0,0,3,1,-1,6,2,34,6,1968,2,11,AUDI A3,3,-1,0,1
2024141447842,2024,141447842,1,9,0,-1,7,2,3,-1,0,2,0,0,0,0,1,1,-1,9,2,29,6,1395,1,8,AUDI A3,1,E01008057,0,1
2024061434835,2024,061434835,1,9,0,-1,9,-1,-1,-1,0,1,1,0,0,0,3,1,-1,9,1,25,5,1968,2,8,AUDI A3,7,E01005847,0,3
2024010551009,2024,010551009,1,9,0,99,99,9,9,99,99,0,9,99,9,99,9,9,6,6,1,36,7,1197,1,12,AUDI A3,4,E01001023,0,2
2024461476365,2024,461476365,1,9,0,-1,19,3,7,-1,0,0,0,0,0,0,4,9,-1,2,1,21,5,1498,1,4,AUDI A3,4,E01024134,0,1
2024010535817,2024,010535817,2,9,0,18,19,5,1,0,0,1,0,0,1,0,1,1,6,6,3,-1,-1,1595,1,18,AUDI A3,-1,-1,0,-1
2024122500057,2024,122500057,2,9,0,18,19,7,3,0,0,0,0,0,0,0,4,1,2,2,2,36,7,1498,1,7,AUDI A3,6,E01034965,0,1
2024041519335,2024,041519335,2,9,0,-1,19,8,4,-1,0,2,0,0,0,0,1,1,-1,9,2,38,7,1595,1,17,AUDI A3,5,E01025428,0,1
2024031399651,2024,031399651,1,9,0,-1,19,7,7,-1,0,0,0,0,0,0,1,1,-1,9,1,50,8,1395,8,8,AUDI A3,-1,-1,0,-1
2024361418588,2024,361418588,1,9,0,-1,9,8,5,-1,0,0,0,0,7,4,1,1,-1,6,2,32,6,1968,2,12,AUDI A3,8,E01026772,0,4
2024520402697,2024,520402697,4,9,0,2,2,0,0,0,0,1,0,0,0,0,2,1,6,6,3,-1,-1,1598,2,5,AUDI A3,-1,-1,0,-1
2024430621398,2024,430621398,2,9,0,11,11,7,3,0,0,0,0,0,0,0,1,1,6,6,2,60,9,1395,1,8,AUDI A3,-1,-1,0,-1
2024041418790,2024,041418790,1,9,0,-1,19,7,3,-1,0,0,0,0,0,0,1,1,-1,6,2,36,7,1896,2,16,AUDI A3,2,E01025503,0,1
2024061485578,2024,061485578,1,9,0,-1,7,6,4,-1,0,0,0,10,1,2,1,1,-1,6,2,45,7,1968,2,1,AUDI A3,1,E01005099,0,1
2024430144328,2024,430144328,1,9,0,17,19,6,3,0,0,0,1,0,1,4,1,1,6,6,1,33,6,1595,1,15,AUDI A3,8,E01022558,0,2
2024122500173,2024,122500173,1,9,0,9,9,5,3,0,0,1,0,0,0,0,1,1,6,6,1,38,7,1968,2,8,AUDI A3,6,E01034984,0,1
2024552401455,2024,552401455,1,9,0,18,19,2,6,0,0,0,0,4,0,0,1,1,6,6,1,28,6,1968,2,15,AUDI A3,4,E01015327,0,1
2024351545133,2024,351545133,1,9,0,-1,1,3,7,-1,0,0,0,0,0,0,2,1,-1,6,1,30,6,1968,2,16,AUDI A3,1,E01015661,0,4
2024320402170,2024,320402170,1,9,0,-1,-1,2,6,0,0,0,0,0,1,5,1,1,-1,-1,2,45,7,1498,1,1,AUDI A3,4,E01026327,0,1
2024131420424,2024,131420424,2,9,0,-1,9,5,5,-1,1,1,0,0,0,0,3,1,-1,9,2,40,7,1498,1,1,AUDI A3,5,E01011108,0,1
2024340WN0222,2024,340WN0222,2,9,0,-1,9,5,1,-1,0,4,0,0,0,0,1,1,-1,9,2,53,8,1968,2,11,AUDI A3,5,E01027136,0,1
2024340NN1602,2024,340NN1602,2,9,0,-1,4,1,5,-1,0,1,0,0,0,0,2,1,-1,2,1,35,6,1595,1,18,AUDI A3,4,E01027320,0,1
2024141408360,2024,141408360,1,9,0,-1,9,5,3,-1,0,8,0,0,0,0,4,1,-1,9,1,23,5,1968,2,11,AUDI A3,1,E01007948,0,1
2024061415660,2024,061415660,2,9,0,-1,-1,-1,-1,-1,0,0,0,0,0,0,2,9,-1,6,1,27,6,1395,1,7,AUDI A3,9,E01004842,0,1
2024201501484,2024,201501484,2,9,0,-1,19,4,8,-1,0,0,0,0,0,0,3,9,-1,9,1,26,6,1598,2,11,AUDI A3,2,E01008999,0,2
2024540719924,2024,540719924,1,9,0,18,19,7,3,0,0,0,0,0,2,4,1,1,6,6,2,33,6,999,1,7,AUDI A3,9,E01015535,0,1
2024421410837,2024,421410837,1,9,0,-1,19,2,5,-1,0,1,0,0,0,0,1,1,-1,6,2,36,7,1968,2,12,AUDI A3,5,E01021753,0,1
2024440535353,2024,440535353,2,9,0,18,19,6,2,0,0,0,0,0,0,0,3,1,6,6,1,58,9,1498,1,3,AUDI A3,4,E01023088,0,2
2024010551038,2024,010551038,1,9,0,18,19,1,5,9,9,0,0,0,1,11,1,1,6,6,1,29,6,1498,1,4,AUDI A3,-1,-1,0,-1
2024061493727,2024,061493727,1,9,0,-1,5,7,5,-1,0,8,-1,-1,0,0,1,9,-1,9,1,-1,-1,1896,2,15,AUDI A3,-1,-1,0,-1
2024010539725,2024,010539725,1,9,0,9,9,1,7,0,0,8,0,0,0,0,1,1,6,6,1,26,6,1395,1,10,AUDI A3,4,E01035484,0,2
2024430046990,2024,430046990,2,9,0,18,19,2,6,0,0,8,0,0,0,0,1,1,6,6,2,41,7,1498,1,4,AUDI A3,8,E01033519,0,1
2024371528060,2024,371528060,4,9,0,-1,4,3,7,-1,0,0,0,0,0,0,2,1,-1,6,1,23,5,1395,8,2,AUDI A3,2,E01021700,0,4
2024411471110,2024,411471110,1,9,0,-1,3,3,7,-1,0,4,0,0,0,0,2,1,-1,6,1,44,7,1390,1,12,AUDI A3,7,E01023923,0,1
2024041473069,2024,041473069,1,9,0,-1,19,1,5,-1,0,0,0,4,1,10,1,1,-1,9,2,60,9,999,1,6,AUDI A3,5,E01024859,0,4
2024131403321,2024,131403321,2,9,0,-1,3,6,2,-1,0,0,0,0,0,0,2,1,-1,9,2,24,5,1598,2,9,AUDI A3,7,E01011299,0,1
2024332401139,2024,332401139,2,9,0,-1,19,5,1,-1,0,0,0,0,0,0,1,1,-1,2,1,33,6,1968,2,10,AUDI A3,6,E01029832,0,4
2024991509219,2024,991509219,2,9,0,-1,19,7,3,-1,0,1,1,0,0,0,1,1,-1,9,1,27,6,1968,2,17,AUDI A3,2,-1,0,2
2024010507636,2024,010507636,1,9,0,16,19,5,1,0,0,2,0,0,0,0,1,1,6,6,1,28,6,1197,1,13,AUDI A3,-1,-1,0,-1
2024131454805,2024,131454805,1,9,0,-1,19,2,6,-1,9,8,0,0,0,0,1,1,-1,6,2,-1,-1,1498,1,0,AUDI A3,-1,-1,0,-1
2024340WN3692,2024,340WN3692,2,9,0,-1,19,5,1,-1,0,0,0,0,0,0,1,1,-1,9,2,44,7,1598,2,10,AUDI A3,1,E01027200,0,2
2024201489306,2024,201489306,2,9,0,-1,19,8,4,-1,0,0,0,0,0,0,1,1,-1,6,1,20,4,1395,1,12,AUDI A3,-1,-1,0,-1
2024231403718,2024,231403718,1,9,0,-1,9,8,5,-1,0,6,0,0,0,0,4,9,-1,6,3,34,6,1968,2,12,AUDI A3,-1,-1,0,-1
2024461521504,2024,461521504,1,9,0,-1,5,2,5,-1,0,6,0,0,0,0,4,1,-1,7,2,34,6,1968,2,9,AUDI A3,1,E01016023,0,1
2024010524294,2024,010524294,3,9,0,18,19,1,5,0,0,0,0,0,0,0,1,1,6,6,1,22,5,1498,1,5,AUDI A3,10,E01026198,0,5
2024131523479,2024,131523479,1,9,0,-1,19,7,3,-1,0,1,0,0,0,0,1,1,-1,6,-1,-1,-1,1798,1,13,AUDI A3,-1,-1,0,-1
2024010542427,2024,010542427,1,9,0,6,6,3,3,0,0,2,0,0,0,0,3,1,6,6,1,20,4,1595,1,17,AUDI A3,5,E01003495,0,1
2024131446868,2024,131446868,2,9,0,-1,9,5,1,-1,0,1,0,0,0,0,1,1,-1,9,1,21,5,1896,2,15,AUDI A3,1,E01011332,0,2
2024131499750,2024,131499750,1,9,0,-1,19,7,3,-1,0,0,1,0,0,0,1,1,-1,6,1,17,4,1896,2,15,AUDI A3,2,E01011002,0,1
2024320292604,2024,320292604,1,9,0,9,9,4,2,0,0,6,0,0,0,0,3,1,-1,-1,2,49,8,1395,1,9,AUDI A3,8,E01026035,0,1
2024010531983,2024,010531983,1,9,0,99,99,9,9,99,99,9,9,99,9,99,1,9,6,6,3,-1,-1,1498,1,0,AUDI A3,2,E01003500,0,1
2024461465509,2024,461465509,3,9,0,-1,2,0,0,-1,0,0,0,0,0,0,2,1,-1,9,2,42,7,1498,1,6,AUDI A3,9,E01024829,0,1
2024231509975,2024,231509975,2,9,0,-1,19,8,4,-1,0,0,0,0,0,0,2,9,-1,2,2,57,9,1598,2,8,AUDI A3,8,E01029416,0,4
2024520403058,2024,520403058,2,9,0,18,19,4,7,0,0,0,0,0,0,0,2,1,6,6,1,41,7,1896,2,15,AUDI A3,5,E01029067,0,1
2024531510194,2024,531510194,1,9,0,-1,19,3,7,-1,0,0,0,0,4,1,1,1,-1,6,1,56,9,1498,1,5,AUDI A3,6,E01034797,0,2
2024421402694,2024,421402694,4,9,0,-1,3,2,6,-1,0,0,0,0,0,0,2,1,-1,2,2,36,7,1595,1,15,AUDI A3,5,E01021417,0,3
2024302500101,2024,302500101,1,9,0,-1,9,5,2,-1,0,8,0,0,0,0,3,1,-1,6,1,35,6,1968,2,16,AUDI A3,2,E01034845,0,2
2024320711647,2024,320711647,1,9,0,-1,-1,2,8,0,0,0,1,0,1,9,1,1,-1,-1,1,42,7,1968,2,14,AUDI A3,1,E01013691,0,5
2024631517254,2024,631517254,1,9,0,-1,19,2,6,-1,0,0,0,0,0,0,3,1,-1,9,1,30,6,1968,2,11,AUDI A3,2,W01000594,0,1
2024131505680,2024,131505680,2,9,0,-1,19,3,7,-1,0,8,0,0,0,0,1,1,-1,6,-1,-1,-1,1968,2,12,AUDI A3,-1,-1,0,-1
2024010511580,2024,010511580,1,9,0,18,19,3,7,0,0,1,0,0,0,0,1,1,6,6,1,28,6,1968,2,9,AUDI A3,5,E01000036,0,2
2024991461449,2024,991461449,1,9,0,-1,19,7,2,-1,0,0,1,0,1,4,3,1,-1,9,1,49,8,1896,2,16,AUDI A3,1,-1,0,3
2024501499704,2024,501499704,2,9,0,-1,19,5,2,-1,0,2,0,10,0,0,3,1,-1,9,1,23,5,1968,2,16,AUDI A3,2,E01018857,0,2
2024101419790,2024,101419790,1,9,0,-1,19,1,5,-1,0,0,0,0,0,0,3,1,-1,2,2,32,6,1598,2,12,AUDI A3,6,E01027366,0,4
2024131534236,2024,131534236,2,9,0,-1,9,7,5,-1,0,6,0,0,0,0,1,1,-1,9,1,23,5,1968,2,14,AUDI A3,2,E01010799,0,1
2024311425168,2024,311425168,1,9,0,-1,19,1,5,-1,0,0,0,0,0,0,4,1,-1,6,2,58,9,1598,2,7,AUDI A3,-1,-1,0,-1
2024371466424,2024,371466424,1,9,0,-1,19,5,1,-1,0,0,0,0,7,0,1,1,-1,2,1,19,4,1968,2,13,AUDI A3,6,E01030153,0,2
2024131533319,2024,131533319,2,9,0,-1,15,3,7,-1,0,2,0,0,0,0,3,1,-1,6,3,-1,-1,1498,1,4,AUDI A3,-1,-1,0,-1
2024221510436,2024,221510436,1,9,0,-1,5,2,7,-1,0,6,0,0,0,0,1,1,-1,6,1,23,5,1598,2,9,AUDI A3,10,E01029662,0,2
2024101427800,2024,101427800,1,9,0,-1,19,1,5,-1,0,0,0,0,0,0,-1,9,-1,6,1,-1,-1,1896,2,18,AUDI A3,-1,-1,0,-1
2024201480290,2024,201480290,1,9,0,-1,19,1,5,-1,0,0,0,0,0,0,1,1,-1,6,2,35,6,1968,2,13,AUDI A3,2,E01009123,0,1
2024201460202,2024,201460202,1,9,0,-1,5,1,5,-1,9,2,1,0,1,0,1,1,-1,6,1,24,5,999,1,0,AUDI A3,9,E01031268,0,2
2024010515084,2024,010515084,1,9,0,99,99,9,9,0,0,1,0,0,0,0,9,9,6,6,1,30,6,999,1,3,AUDI A3,3,E01001186,0,1
2024501423752,2024,501423752,1,9,0,-1,19,1,5,-1,0,0,0,0,2,11,1,9,-1,6,1,36,7,1595,1,18,AUDI A3,6,E01020220,0,2
2024421408584,2024,421408584,1,9,0,-1,19,5,2,-1,0,0,0,0,0,0,1,1,-1,9,1,48,8,1968,2,12,AUDI A3,7,E01015983,0,3
2024440348696,2024,440348696,2,9,0,9,9,7,3,0,0,8,0,0,0,0,3,1,6,6,2,73,10,1395,8,3,AUDI A3,10,E01023230,0,1
2024552401008,2024,552401008,1,9,0,17,19,7,4,0,0,0,0,0,0,0,1,1,6,6,1,23,5,1968,2,11,AUDI A3,7,E01020498,0,1
2024471493054,2024,471493054,1,9,0,-1,7,2,4,-1,0,1,0,0,0,0,1,9,-1,6,3,-1,-1,1390,1,14,AUDI A3,-1,-1,0,-1
2024201474240,2024,201474240,1,9,0,-1,19,4,8,-1,0,2,0,0,0,0,1,1,-1,6,-1,-1,-1,1968,2,17,AUDI A3,-1,-1,0,-1
2024111529539,2024,111529539,4,9,0,-1,19,1,5,-1,0,0,0,0,0,0,1,1,-1,2,1,40,7,1595,1,14,AUDI A3,-1,-1,0,-1
2024471444258,2024,471444258,1,9,0,-1,19,1,5,-1,0,0,5,0,8,4,1,1,-1,9,1,77,11,1968,2,11,AUDI A3,8,E01030723,0,4
2024991474544,2024,991474544,1,9,0,-1,15,4,7,-1,0,1,0,0,0,0,1,1,-1,6,3,58,9,1968,2,19,AUDI A3,-1,-1,0,-1
2024211418129,2024,211418129,5,9,0,-1,3,5,1,-1,0,0,0,0,0,0,2,9,-1,6,1,65,9,999,1,0,AUDI A3,-1,-1,0,-1
2024211478166,2024,211478166,2,9,0,-1,9,2,8,-1,0,1,1,0,0,0,4,1,-1,6,2,35,6,1968,2,8,AUDI A3,1,E01014213,0,1