collision_index,collision_year,collision_ref_no,vehicle_reference,vehicle_type,towing_and_articulation,vehicle_manoeuvre_historic,vehicle_manoeuvre,vehicle_direction_from,vehicle_direction_to,vehicle_location_restricted_lane_historic,vehicle_location_restricted_lane,junction_location,skidding_and_overturning,hit_object_in_carriageway,vehicle_leaving_carriageway,hit_object_off_carriageway,first_point_of_impact,vehicle_left_hand_drive,journey_purpose_of_driver_historic,journey_purpose_of_driver,sex_of_driver,age_of_driver,age_band_of_driver,engine_capacity_cc,propulsion_code,age_of_vehicle,generic_make_model,driver_imd_decile,lsoa_of_driver,escooter_flag,driver_distance_banding
2024131490771,2024,131490771,1,9,0,-1,2,1,5,-1,0,0,0,0,0,0,4,1,-1,9,2,37,7,1968,2,13,AUDI A3,2,E01011018,0,1
2024340NN4452,2024,340NN4452,1,9,0,-1,19,7,3,-1,0,0,2,0,1,7,3,1,-1,1,1,45,7,1896,2,21,AUDI A3,2,E01027248,0,3
2024311431280,2024,311431280,1,9,0,-1,19,3,7,-1,0,1,0,0,0,0,1,1,-1,9,2,33,6,1395,1,11,AUDI A3,3,E01033397,0,1
2024010499215,2024,010499215,3,9,0,3,3,3,7,1,1,1,0,0,0,0,2,2,6,6,1,48,8,1598,2,10,AUDI A3,4,E01003485,0,1
2024131483261,2024,131483261,1,9,0,-1,19,6,8,-1,0,8,1,4,0,0,1,1,-1,9,2,24,5,3189,1,17,AUDI A3,1,E01010735,0,1
2024041444882,2024,041444882,4,9,0,-1,2,0,0,-1,0,2,0,4,0,0,2,1,-1,6,-1,-1,-1,1598,2,12,AUDI A3,-1,-1,0,-1
2024010526692,2024,010526692,3,9,0,2,2,0,0,0,0,2,0,0,0,0,3,1,6,6,3,-1,-1,1598,2,5,AUDI A3,-1,-1,0,-1
2024351422777,2024,351422777,1,9,0,-1,1,7,3,-1,9,0,0,0,0,0,2,1,-1,9,2,31,6,1598,2,9,AUDI A3,5,E01017947,0,1
2024010521606,2024,010521606,1,9,0,18,19,2,6,7,6,0,0,0,0,0,1,1,6,6,2,37,7,1498,1,2,AUDI A3,8,E01016545,0,3
2024101475691,2024,101475691,2,9,0,-1,6,5,1,-1,9,0,0,0,0,0,3,1,-1,6,1,32,6,1896,2,17,AUDI A3,1,E01008415,0,1
2024131421987,2024,131421987,1,9,0,-1,9,5,1,-1,0,7,0,0,0,0,1,1,-1,6,2,27,6,1968,2,11,AUDI A3,4,E01011801,0,1
2024101471221,2024,101471221,2,9,0,-1,3,5,1,-1,0,8,0,0,0,0,2,1,-1,6,1,19,4,1498,1,6,AUDI A3,9,E01032647,0,1
2024361512467,2024,361512467,1,9,0,-1,19,2,6,-1,0,0,0,8,0,0,4,1,-1,6,2,24,5,1395,1,11,AUDI A3,8,E01026587,0,1
2024302400661,2024,302400661,1,9,0,10,10,1,7,0,0,1,0,0,0,0,2,1,6,6,1,31,6,1498,1,0,AUDI A3,10,E01013527,0,1
2024440144242,2024,440144242,1,9,0,4,4,6,2,0,0,2,0,0,0,0,1,1,6,6,2,51,8,1395,8,0,AUDI A3,-1,-1,0,-1
2024622400497,2024,622400497,2,9,0,18,19,1,5,0,0,8,0,0,0,0,1,1,6,6,1,36,7,1896,2,15,AUDI A3,4,W01001171,0,2
2024340NN0072,2024,340NN0072,2,9,0,-1,19,6,2,-1,0,8,0,0,0,0,4,1,-1,9,2,26,6,1598,2,8,AUDI A3,8,E01027070,0,1
2024041525484,2024,041525484,1,9,0,-1,2,7,3,-1,0,0,0,4,0,0,1,1,-1,2,1,20,4,999,1,4,AUDI A3,6,E01025419,0,1
2024131416289,2024,131416289,1,9,0,-1,19,4,8,-1,0,4,0,0,0,0,2,1,-1,9,1,22,5,1498,1,4,AUDI A3,4,E01010866,0,1
2024522401156,2024,522401156,3,9,0,13,13,8,4,0,0,2,0,0,0,0,0,1,6,6,3,-1,-1,1968,2,18,AUDI A3,-1,-1,0,-1
2024440441528,2024,440441528,1,9,0,18,19,4,2,0,0,6,0,0,0,0,4,1,6,6,2,27,6,1984,1,15,AUDI A3,10,E01023220,0,2
2024461476299,2024,461476299,1,9,0,-1,19,1,5,-1,0,0,0,0,0,0,1,1,-1,6,1,-1,-1,1395,1,8,AUDI A3,7,E01003254,0,4
2024552400559,2024,552400559,2,9,0,18,19,4,8,0,0,8,0,0,0,0,4,1,6,6,1,42,7,1968,2,4,AUDI A3,8,E01004791,0,5
2024401435083,2024,401435083,1,9,0,-1,1,0,7,-1,9,0,0,0,0,0,3,2,-1,9,1,35,6,1598,2,8,AUDI A3,3,E01015737,0,1
2024201528790,2024,201528790,2,9,0,-1,19,2,6,-1,0,8,0,0,0,0,1,1,-1,9,1,30,6,1498,1,4,AUDI A3,-1,-1,0,-1
2024211516308,2024,211516308,1,9,0,-1,5,8,4,-1,0,1,0,0,0,0,4,1,-1,6,1,35,6,1598,2,11,AUDI A3,2,E01014340,0,4
2024010543015,2024,010543015,2,9,9,99,99,9,9,99,99,9,9,99,9,99,9,9,6,6,3,-1,-1,1395,1,10,AUDI A3,-1,-1,0,-1
2024141413733,2024,141413733,3,9,0,-1,19,3,7,-1,0,0,0,0,0,0,2,1,-1,9,1,53,8,1498,1,1,AUDI A3,9,E01028047,0,3
2024041514614,2024,041514614,1,9,0,-1,7,5,6,-1,1,0,1,0,1,10,3,1,-1,9,1,21,5,1598,2,6,AUDI A3,4,E01012701,0,1
2024531487247,2024,531487247,2,9,0,-1,19,3,7,-1,0,0,0,0,0,0,1,1,-1,9,2,47,8,1498,1,2,AUDI A3,8,E01022182,0,2
2024031439512,2024,031439512,1,9,0,-1,9,2,7,-1,0,1,0,0,0,0,1,1,-1,9,2,21,5,1395,1,9,AUDI A3,6,E01019130,0,1
2024471477037,2024,471477037,1,9,0,-1,5,7,2,-1,0,4,0,0,0,0,1,1,-1,9,2,30,6,999,1,7,AUDI A3,8,E01031701,0,3
2024201516750,2024,201516750,1,9,0,-1,5,8,4,-1,0,0,0,0,0,0,3,1,-1,6,1,25,5,1598,2,8,AUDI A3,-1,-1,0,-1
2024231397603,2024,231397603,3,9,0,-1,19,5,1,-1,0,0,0,10,0,0,1,9,-1,6,1,37,7,1595,2,14,AUDI A3,10,E01031259,0,1
2024221449447,2024,221449447,2,9,0,-1,19,4,8,-1,0,0,0,0,0,0,1,9,-1,9,2,23,5,1896,2,16,AUDI A3,7,E01027262,0,4
2024991439386,2024,991439386,3,9,0,-1,3,1,1,-1,0,1,0,0,0,0,1,1,-1,9,1,47,8,1598,2,10,AUDI A3,2,-1,0,4
2024430627058,2024,430627058,2,9,0,17,19,7,3,0,0,0,0,0,0,0,0,1,6,6,2,-1,-1,1598,2,11,AUDI A3,9,E01035750,0,1
2024302400560,2024,302400560,1,9,0,8,8,6,8,0,0,1,0,0,0,0,4,2,6,6,2,20,4,999,1,5,AUDI A3,1,E01013590,0,1
2024041508936,2024,041508936,1,9,0,-1,19,7,3,-1,0,2,0,0,0,0,3,1,-1,9,1,63,9,1498,1,2,AUDI A3,8,E01034079,0,4
2024421520944,2024,421520944,1,9,0,-1,19,3,6,-1,0,2,1,0,7,0,1,1,-1,2,1,28,6,1395,8,1,AUDI A3,9,E01022081,0,3
2024440186544,2024,440186544,2,9,0,18,19,2,6,0,0,1,0,0,1,2,1,1,6,6,1,29,6,1896,2,15,AUDI A3,4,E01017206,0,1
2024141415932,2024,141415932,1,9,0,-1,19,6,1,-1,0,4,0,0,0,0,1,1,-1,9,2,31,6,1968,2,11,AUDI A3,1,E01008061,0,1
2024010506948,2024,010506948,1,9,0,9,9,3,1,0,0,6,0,0,0,0,4,1,6,6,1,22,5,1197,1,13,AUDI A3,-1,-1,0,-1
2024010512061,2024,010512061,1,9,0,9,9,7,5,0,0,8,0,0,0,0,1,1,6,6,3,-1,-1,1598,2,10,AUDI A3,-1,-1,0,-1
2024061493225,2024,061493225,1,9,0,-1,19,4,8,-1,0,4,0,0,1,0,1,1,-1,9,1,26,6,1598,2,5,AUDI A3,1,E01033676,0,2
2024201468706,2024,201468706,2,9,0,-1,19,1,5,-1,0,2,0,0,0,0,2,1,-1,6,3,-1,-1,1598,2,10,AUDI A3,-1,-1,0,-1
2024320474414,2024,320474414,3,9,0,3,3,6,2,0,0,1,0,0,0,0,2,1,6,6,2,51,8,1598,2,11,AUDI A3,9,E01026304,0,2
2024010536248,2024,010536248,2,9,0,5,5,3,7,0,0,2,0,0,0,0,4,1,6,6,1,35,6,1498,1,0,AUDI A3,10,E01023483,0,4
2024320378212,2024,320378212,3,9,0,4,4,6,2,0,0,0,0,0,0,0,2,1,-1,-1,2,44,7,1968,2,10,AUDI A3,8,E01026368,0,1
2024430368756,2024,430368756,2,9,0,18,19,3,7,0,0,8,0,0,0,0,1,1,6,6,2,88,11,1798,1,14,AUDI A3,-1,-1,0,-1
2024471473256,2024,471473256,2,9,0,-1,19,6,2,-1,0,0,0,0,0,0,2,9,-1,6,1,22,5,1896,2,15,AUDI A3,4,E01029342,0,5
2024501424750,2024,501424750,4,9,0,-1,2,0,0,-1,0,0,0,0,0,0,2,1,-1,6,-1,-1,-1,1498,1,5,AUDI A3,-1,-1,0,-1
2024211528128,2024,211528128,2,9,0,-1,2,2,4,-1,0,1,0,0,0,0,1,1,-1,9,1,36,7,1598,2,10,AUDI A3,-1,-1,0,-1
2024061473368,2024,061473368,1,9,0,-1,2,-1,-1,-1,0,1,0,0,0,0,2,1,-1,9,2,25,5,1598,2,11,AUDI A3,3,E01005761,0,1
2024231491035,2024,231491035,2,9,0,-1,19,1,3,-1,0,8,0,0,0,0,0,1,-1,9,-1,28,6,1968,2,14,AUDI A3,10,E01031134,0,4
2024221498292,2024,221498292,2,9,0,-1,19,8,3,-1,0,0,0,0,0,0,1,9,-1,2,1,65,9,1968,2,12,AUDI A3,9,E01014022,0,2
2024010532270,2024,010532270,2,9,0,4,4,1,5,0,0,4,0,0,0,0,0,1,6,6,1,36,7,1798,1,10,AUDI A3,5,E01002613,0,2
2024041431558,2024,041431558,2,9,0,-1,19,1,5,-1,0,8,0,0,1,0,4,1,-1,6,1,39,7,1598,2,9,AUDI A3,1,E01012681,0,1
2024010516548,2024,010516548,2,9,0,18,19,6,2,0,0,1,0,0,0,0,4,1,6,6,1,40,7,1968,2,18,AUDI A3,2,E01003253,0,2
2024031424478,2024,031424478,1,9,0,-1,19,5,1,-1,0,0,0,0,0,0,1,1,-1,2,1,24,5,1598,2,8,AUDI A3,1,E01019095,0,4
2024991481923,2024,991481923,1,9,0,-1,20,6,2,-1,0,1,0,0,1,0,1,1,-1,9,1,70,10,1498,1,0,AUDI A3,10,-1,0,1
2024440443375,2024,440443375,1,9,0,18,19,5,1,0,0,0,0,0,0,0,1,1,6,6,1,21,5,1968,2,10,AUDI A3,5,E01023285,0,1
2024520402630,2024,520402630,2,9,0,18,19,5,8,0,0,0,0,0,0,0,1,1,6,6,1,21,5,1598,2,10,AUDI A3,3,E01029170,0,3
2024451508160,2024,451508160,1,9,0,-1,4,5,1,-1,0,0,0,0,0,0,2,1,-1,2,2,23,5,1598,2,10,AUDI A3,8,E01031393,0,4
2024061437683,2024,061437683,2,9,0,-1,2,0,0,-1,0,0,0,0,0,0,4,1,-1,6,-1,-1,-1,1598,2,10,AUDI A3,-1,-1,0,-1
2024010545103,2024,010545103,1,9,3,18,19,8,4,0,0,1,0,7,0,0,1,1,6,6,1,28,6,1395,1,10,AUDI A3,2,E01001130,0,3
2024041484314,2024,041484314,4,9,0,-1,19,6,8,-1,0,0,0,0,0,0,4,1,-1,9,2,64,9,1968,2,12,AUDI A3,3,E01012632,0,1
2024991511771,2024,991511771,1,9,0,-1,19,5,1,-1,0,1,0,0,0,0,1,1,-1,9,1,46,8,1968,2,12,AUDI A3,3,-1,0,2
2024031503223,2024,031503223,2,9,-1,-1,5,5,5,-1,0,3,0,0,0,0,4,9,-1,6,1,19,4,1968,1,18,AUDI A3,5,E01019388,0,2
2024201505934,2024,201505934,1,9,0,-1,7,8,2,-1,4,5,0,0,0,0,4,1,-1,6,1,35,6,1968,2,6,AUDI A3,-1,-1,0,-1
2024131426888,2024,131426888,2,9,0,-1,-1,-1,-1,-1,-1,8,-1,-1,-1,0,-1,1,-1,6,3,-1,-1,1968,2,9,AUDI A3,-1,-1,0,-1
2024010534395,2024,010534395,2,9,9,18,19,7,3,99,99,9,9,99,9,99,9,9,6,6,1,-1,-1,1395,1,8,AUDI A3,-1,-1,0,-1
2024211486179,2024,211486179,3,9,0,-1,10,7,5,-1,0,2,0,0,0,0,0,1,-1,6,1,31,6,1598,2,14,AUDI A3,-1,-1,0,-1
2024471456209,2024,471456209,2,9,0,-1,5,6,5,-1,0,4,0,0,1,0,1,1,-1,9,1,63,9,1968,2,8,AUDI A3,6,E01031396,0,1
2024351539299,2024,351539299,1,9,0,-1,19,3,7,-1,0,0,0,0,0,0,1,1,-1,6,1,26,6,1598,2,5,AUDI A3,3,E01017975,0,1
2024131511020,2024,131511020,1,9,0,-1,9,3,7,-1,0,2,0,0,0,0,1,1,-1,9,2,40,7,999,1,1,AUDI A3,1,E01011255,0,1
2024411409704,2024,411409704,1,9,0,-1,9,1,7,-1,0,0,0,0,0,0,3,1,-1,1,1,50,8,1595,1,16,AUDI A3,7,E01001537,0,3
2024522402842,2024,522402842,2,9,0,2,2,0,0,0,0,0,0,0,0,0,1,1,6,6,3,-1,-1,1595,1,17,AUDI A3,-1,-1,0,-1
2024231462277,2024,231462277,2,9,0,-1,19,3,7,-1,0,8,0,0,0,0,1,9,-1,9,2,33,6,1968,2,9,AUDI A3,3,E01031077,0,1
2024161423842,2024,161423842,1,9,0,-1,19,3,7,-1,0,0,2,0,7,1,1,1,-1,6,2,24,5,1968,2,18,AUDI A3,6,E01013023,0,1
2024401479890,2024,401479890,1,9,0,-1,5,7,3,-1,0,6,0,0,0,0,3,1,-1,6,2,53,8,1395,1,9,AUDI A3,7,E01017561,0,1
2024610053424,2024,610053424,2,9,0,18,19,8,4,0,0,0,0,0,0,0,1,1,6,6,1,64,9,1968,2,19,AUDI A3,2,W01001481,0,2
2024991515869,2024,991515869,1,9,0,-1,19,6,2,-1,0,0,0,0,0,0,1,1,-1,9,1,19,4,999,1,8,AUDI A3,6,-1,0,1
2024520402614,2024,520402614,2,9,0,18,19,5,1,0,0,0,0,0,0,0,9,1,6,6,3,-1,-1,1498,1,6,AUDI A3,-1,-1,0,-1
2024010516154,2024,010516154,1,9,0,18,19,1,5,0,0,4,0,0,0,0,1,1,2,2,2,51,8,1395,1,8,AUDI A3,3,E01001436,0,1
2024010505028,2024,010505028,2,9,0,99,99,9,9,99,99,9,9,99,9,99,9,9,6,6,3,-1,-1,999,1,2,AUDI A3,8,E01017692,0,4
2024201505785,2024,201505785,1,9,0,-1,19,2,6,-1,0,0,0,0,0,0,1,9,-1,9,3,30,6,1498,1,6,AUDI A3,-1,-1,0,-1
2024461416230,2024,461416230,1,9,0,-1,19,5,1,-1,0,0,0,0,0,0,1,1,-1,2,2,30,6,1984,1,13,AUDI A3,6,E01024436,0,3
2024461396442,2024,461396442,1,9,0,-1,19,5,1,-1,0,2,0,0,0,0,1,9,-1,6,2,60,9,1968,2,19,AUDI A3,2,E01023990,0,2
2024131441634,2024,131441634,1,9,0,-1,19,1,1,-1,0,8,0,0,0,0,3,1,-1,6,1,35,6,1968,2,13,AUDI A3,2,E01010796,0,1
2024421467259,2024,421467259,1,9,0,-1,1,1,8,-1,0,0,0,0,0,0,2,1,-1,9,2,64,9,1968,2,7,AUDI A3,6,E01023462,0,3
2024010504748,2024,010504748,1,9,0,18,19,7,3,1,1,4,0,11,0,0,1,1,2,2,1,31,6,1984,1,20,AUDI A3,4,E01004628,0,1
2024461412957,2024,461412957,1,9,0,-1,19,1,5,-1,0,0,5,0,0,0,1,1,-1,1,1,38,7,1984,1,15,AUDI A3,8,E01024255,0,4
2024622400617,2024,622400617,1,9,0,18,19,6,2,0,0,0,0,4,0,0,1,1,6,6,1,77,11,1968,2,8,AUDI A3,10,W01000879,0,1
2024461437917,2024,461437917,1,9,0,-1,11,5,1,-1,0,0,0,0,0,0,4,9,-1,6,3,20,4,1984,1,16,AUDI A3,-1,-1,0,-1
2024440126250,2024,440126250,1,9,0,9,9,1,7,0,0,5,0,0,0,0,1,1,6,6,1,47,8,1896,2,15,AUDI A3,7,E01023184,0,3
2024010520158,2024,010520158,1,9,0,99,99,9,9,99,99,0,9,99,9,99,2,9,2,2,2,42,7,1395,8,9,AUDI A3,8,E01002239,0,1
2024041459611,2024,041459611,3,9,0,-1,19,1,5,-1,0,0,0,0,0,0,2,9,-1,6,2,30,6,999,1,3,AUDI A3,2,E01032608,0,4
2024010525170,2024,010525170,2,9,0,2,2,0,0,0,0,0,0,0,0,0,4,1,6,6,3,-1,-1,999,1,3,AUDI A3,-1,-1,0,-1
2024522402972,2024,522402972,2,9,0,16,19,6,8,0,0,2,0,0,0,0,3,1,6,6,1,36,7,1598,2,7,AUDI A3,3,E01014501,0,1
2024201471463,2024,201471463,2,9,0,-1,4,5,1,-1,0,0,0,7,0,0,2,1,-1,6,2,44,7,1968,2,10,AUDI A3,3,E01029635,0,2
2024501509166,2024,501509166,2,9,0,-1,9,7,3,-1,0,0,0,0,0,0,4,1,-1,9,1,28,6,1598,2,8,AUDI A3,7,E01020202,0,3
2024122401293,2024,122401293,2,9,0,3,3,3,7,0,0,1,0,0,0,0,2,1,6,6,2,62,9,1395,1,10,AUDI A3,8,E01034960,0,2
2024320733874,2024,320733874,1,9,0,-1,-1,2,6,0,0,8,0,0,0,0,1,1,1,1,1,41,7,1896,2,18,AUDI A3,5,E01034691,0,2
2024471402267,2024,471402267,1,9,0,-1,2,0,0,-1,0,0,0,99,0,0,4,1,-1,9,1,31,6,1598,2,8,AUDI A3,3,E01031444,0,1
2024311519524,2024,311519524,1,9,0,-1,5,6,2,-1,9,0,0,0,0,0,1,1,-1,9,2,26,6,1395,1,8,AUDI A3,3,E01028166,0,1
2024161434673,2024,161434673,1,9,0,-1,19,1,5,-1,0,1,0,0,0,0,4,9,-1,6,1,-1,-1,1968,2,1,AUDI A3,-1,-1,0,-1
2024522402209,2024,522402209,2,9,0,9,9,3,1,0,0,8,0,0,0,0,3,1,6,6,1,35,6,1984,1,18,AUDI A3,8,E01014826,0,2
2024131505339,2024,131505339,2,9,0,-1,19,1,5,-1,0,0,0,0,0,0,1,1,-1,9,2,32,6,1598,2,13,AUDI A3,2,E01011016,0,1
2024991506284,2024,991506284,1,9,0,-1,9,6,8,-1,0,8,0,0,0,0,1,1,-1,6,2,57,9,1968,2,15,AUDI A3,7,-1,0,1
2024471527808,2024,471527808,1,9,0,-1,19,6,2,-1,0,2,0,11,7,4,1,1,-1,9,1,24,5,1968,2,15,AUDI A3,9,E01021158,0,1
2024302400273,2024,302400273,3,9,0,16,19,6,8,0,0,0,1,0,7,0,1,1,6,6,1,34,6,999,1,1,AUDI A3,1,E01008081,0,1
2024351432222,2024,351432222,3,9,0,-1,4,5,1,-1,0,0,0,0,0,0,2,1,-1,2,1,44,7,1968,2,7,AUDI A3,3,E01026325,0,4
2024041562949,2024,041562949,1,9,0,-1,19,5,1,-1,0,0,0,0,0,0,1,1,-1,2,2,25,5,1498,1,1,AUDI A3,2,E01012580,0,4
2024071055804,2024,071055804,2,9,0,-1,9,5,3,-1,0,5,0,0,0,0,3,1,-1,9,2,47,8,1968,2,9,AUDI A3,10,E01018502,0,1
2024991463732,2024,991463732,2,9,0,-1,5,7,5,-1,0,8,0,0,7,0,1,1,-1,9,1,53,8,1598,2,7,AUDI A3,8,-1,0,1
2024320294865,2024,320294865,2,9,0,-1,-1,8,4,0,0,2,0,0,0,0,2,1,1,1,1,41,7,1395,8,2,AUDI A3,8,E01007524,0,4
2024461489951,2024,461489951,1,9,0,-1,-1,-1,-1,-1,-1,0,-1,-1,-1,0,-1,9,-1,9,1,-1,-1,1968,2,17,AUDI A3,2,E01024257,0,4
2024311412025,2024,311412025,1,9,0,-1,19,1,5,-1,0,0,0,0,7,0,1,1,-1,2,1,54,8,1598,2,5,AUDI A3,-1,-1,0,-1
2024430463726,2024,430463726,1,9,0,9,9,2,1,0,0,5,0,0,0,0,1,1,6,6,2,67,10,1968,2,9,AUDI A3,7,E01016578,0,1
2024131436258,2024,131436258,2,9,0,-1,19,6,1,-1,0,0,0,0,0,0,1,1,-1,9,1,35,6,1595,1,19,AUDI A3,8,E01011945,0,1
2024440166693,2024,440166693,1,9,0,13,13,8,4,0,0,0,0,0,0,0,1,1,6,6,1,21,5,1968,2,13,AUDI A3,4,E01022834,0,4
2024010531336,2024,010531336,4,9,0,2,2,0,0,0,0,0,0,0,0,0,3,1,6,6,3,-1,-1,1498,1,4,AUDI A3,-1,-1,0,-1
2024131465135,2024,131465135,2,9,0,-1,19,1,5,-1,0,4,0,0,0,0,1,1,-1,2,2,21,5,1968,2,11,AUDI A3,1,E01010822,0,3
2024631528073,2024,631528073,1,9,0,-1,5,4,8,-1,0,8,0,0,0,0,4,1,-1,6,1,34,6,1968,2,17,AUDI A3,6,W01000698,0,3
2024010502717,2024,010502717,1,9,0,18,19,7,3,0,0,8,1,0,0,0,1,1,1,1,1,63,9,1595,1,12,AUDI A3,-1,-1,0,-1
2024131427613,2024,131427613,2,9,0,-1,9,1,2,-1,0,2,0,0,0,0,4,1,-1,6,2,35,6,1968,2,12,AUDI A3,1,E01010941,0,1
2024010513142,2024,010513142,1,9,0,99,99,9,9,99,99,9,9,99,9,99,2,9,6,6,1,41,7,1598,2,9,AUDI A3,1,E01009173,0,5
2024010521857,2024,010521857,2,9,0,99,99,9,9,99,99,9,9,99,9,99,1,9,6,6,3,-1,-1,1390,1,14,AUDI A3,-1,-1,0,-1
2024010509649,2024,010509649,1,9,3,4,4,1,5,0,0,1,0,0,0,0,4,2,2,2,1,26,6,1395,1,8,AUDI A3,1,E01002034,0,1
2024471497963,2024,471497963,2,9,0,-1,19,7,3,-1,0,1,0,0,0,0,1,1,-1,9,2,63,9,1968,2,15,AUDI A3,8,E01031420,0,3
2024631469039,2024,631469039,2,9,0,-1,9,4,2,-1,0,5,0,0,7,11,3,1,-1,9,2,39,7,1968,2,8,AUDI A3,8,W01000527,0,2
2024010527929,2024,010527929,1,9,0,18,19,7,3,0,0,4,0,10,3,10,1,1,6,6,1,33,6,1498,1,0,AUDI A3,4,E01003348,0,1
2024201453846,2024,201453846,2,9,0,-1,3,7,3,-1,0,7,0,0,0,0,2,1,-1,6,2,26,6,1598,2,8,AUDI A3,3,E01033626,0,1
2024010517662,2024,010517662,2,9,0,99,99,9,9,99,99,9,9,99,9,99,1,9,6,6,3,-1,-1,1595,1,20,AUDI A3,-1,-1,0,-1
2024070089528,2024,070089528,2,9,0,3,3,5,7,0,0,2,0,0,0,0,2,1,6,6,2,51,8,1968,2,13,AUDI A3,10,E01018724,0,1
2024361423365,2024,361423365,1,9,0,-1,19,6,2,-1,0,0,5,0,1,0,1,1,-1,6,1,23,5,1896,2,19,AUDI A3,2,E01026488,0,2
2024461396116,2024,461396116,2,9,0,-1,12,7,3,-1,0,0,0,0,0,0,3,1,-1,6,1,19,4,999,1,1,AUDI A3,2,E01029971,0,4
2024211486905,2024,211486905,1,9,0,-1,19,7,3,-1,0,0,0,0,7,9,3,1,-1,9,1,37,7,1968,2,17,AUDI A3,7,E01029533,0,1
2024010543746,2024,010543746,2,9,0,5,5,5,1,0,0,8,0,0,0,0,1,1,6,6,1,27,6,1395,1,11,AUDI A3,5,E01035487,0,1
2024320019868,2024,320019868,2,9,0,18,19,4,8,0,0,8,0,0,0,0,1,1,6,6,1,28,6,1595,1,16,AUDI A3,4,E01026178,0,3
2024061514883,2024,061514883,2,9,0,-1,19,3,7,-1,0,0,0,0,0,0,1,9,-1,6,3,-1,-1,1968,2,13,AUDI A3,-1,-1,0,-1
2024421503716,2024,421503716,2,9,0,-1,7,7,3,-1,0,3,0,0,0,0,1,1,-1,9,2,27,6,1498,1,4,AUDI A3,2,E01015840,0,1
2024221409917,2024,221409917,1,9,0,-1,19,8,4,-1,0,0,0,6,0,0,1,9,-1,6,1,48,8,1968,2,16,AUDI A3,8,W01001583,0,4
2024340WN5102,2024,340WN5102,2,9,0,-1,19,5,1,-1,0,1,0,0,0,0,1,1,-1,9,2,36,7,1968,2,16,AUDI A3,3,E01027228,0,1
2024411537140,2024,411537140,1,9,0,-1,19,1,4,-1,0,0,0,0,0,0,4,1,-1,6,2,85,11,1395,1,10,AUDI A3,2,E01023640,0,1
2024501505972,2024,501505972,1,9,0,-1,19,5,1,-1,0,0,5,4,0,0,1,1,-1,6,2,36,7,1896,2,22,AUDI A3,9,E01020092,0,1
202417H102824,2024,17H102824,1,9,0,-1,19,3,6,-1,0,0,0,0,0,0,1,1,-1,6,1,32,6,1968,2,16,AUDI A3,-1,-1,0,-1
2024340NN3262,2024,340NN3262,2,9,0,-1,19,5,1,-1,0,8,0,0,0,0,4,1,-1,6,2,34,6,1498,1,7,AUDI A3,3,E01030109,0,4
2024421450629,2024,421450629,2,9,0,-1,9,1,6,-1,0,8,0,0,0,0,1,1,-1,9,1,31,6,1498,1,5,AUDI A3,-1,-1,0,-1
2024141478026,2024,141478026,2,9,0,-1,19,4,8,-1,0,0,0,0,0,0,1,1,-1,9,2,39,7,1968,2,14,AUDI A3,3,E01028028,0,3
2024302400530,2024,302400530,1,9,0,18,19,8,4,0,0,0,0,0,0,0,1,1,1,1,2,26,6,1498,1,3,AUDI A3,4,E01027960,0,2
2024041431001,2024,041431001,1,9,0,-1,19,5,1,-1,0,0,1,0,0,0,1,1,-1,9,1,64,9,1968,2,8,AUDI A3,7,E01025089,0,4
2024361439064,2024,361439064,2,9,0,-1,2,0,0,-1,0,2,0,0,0,0,2,1,-1,6,3,-1,-1,1598,2,8,AUDI A3,-1,-1,0,-1
2024430510766,2024,430510766,2,9,0,18,19,7,3,0,0,0,0,0,0,0,1,1,6,6,2,-1,-1,1498,1,5,AUDI A3,-1,-1,0,-1
2024430021603,2024,430021603,1,9,0,18,19,6,2,0,0,0,0,0,0,0,1,1,6,6,2,56,9,999,1,7,AUDI A3,8,E01028720,0,2
2024461448305,2024,461448305,1,9,0,-1,19,4,1,-1,0,8,0,4,0,0,1,1,-1,6,1,26,6,1390,1,14,AUDI A3,8,E01024077,0,1
2024411419240,2024,411419240,2,9,-1,-1,-1,-1,-1,-1,-1,0,-1,-1,-1,0,-1,9,-1,6,1,43,7,1968,2,17,AUDI A3,6,E01035562,0,1
2024440504954,2024,440504954,1,9,0,18,19,3,7,0,0,0,0,0,1,0,1,1,6,6,2,65,9,1390,1,16,AUDI A3,2,E01017106,0,2
2024201499804,2024,201499804,5,9,0,-1,2,0,0,-1,0,0,0,0,0,0,3,1,-1,2,1,42,7,1968,2,13,AUDI A3,2,E01008894,0,1
2024201470420,2024,201470420,1,9,0,-1,19,8,4,-1,0,8,0,0,0,0,1,1,-1,6,2,28,6,1598,2,9,AUDI A3,-1,-1,0,-1
2024991436790,2024,991436790,1,9,0,-1,19,5,2,-1,0,0,0,0,2,0,1,2,-1,9,1,19,4,999,1,3,AUDI A3,-1,-1,0,-1
2024131470105,2024,131470105,2,9,0,-1,19,7,3,-1,0,0,0,0,0,0,3,1,-1,9,1,53,8,1595,1,15,AUDI A3,4,E01006846,0,4
2024471495049,2024,471495049,2,9,0,-1,2,0,0,-1,0,1,0,0,0,0,2,9,-1,6,-1,-1,-1,1968,2,16,AUDI A3,-1,-1,0,-1
2024361483155,2024,361483155,1,9,0,-1,19,1,1,-1,0,3,0,0,0,0,1,1,-1,9,1,23,5,1395,1,11,AUDI A3,10,E01032139,0,5
2024221398098,2024,221398098,2,9,0,-1,19,4,8,-1,0,0,0,0,1,0,1,1,-1,6,1,34,6,1498,1,6,AUDI A3,8,E01032320,0,2