collision_index,collision_year,collision_ref_no,vehicle_reference,vehicle_type,towing_and_articulation,vehicle_manoeuvre_historic,vehicle_manoeuvre,vehicle_direction_from,vehicle_direction_to,vehicle_location_restricted_lane_historic,vehicle_location_restricted_lane,junction_location,skidding_and_overturning,hit_object_in_carriageway,vehicle_leaving_carriageway,hit_object_off_carriageway,first_point_of_impact,vehicle_left_hand_drive,journey_purpose_of_driver_historic,journey_purpose_of_driver,sex_of_driver,age_of_driver,age_band_of_driver,engine_capacity_cc,propulsion_code,age_of_vehicle,generic_make_model,driver_imd_decile,lsoa_of_driver,escooter_flag,driver_distance_banding
2024111484701,2024,111484701,1,9,0,-1,19,7,3,-1,0,1,2,0,1,4,1,1,-1,6,2,39,7,1595,2,14,AUDI A3,1,E01008800,0,3
2024501461891,2024,501461891,2,9,0,-1,19,8,4,-1,0,1,0,0,0,0,1,1,-1,9,1,20,4,1598,2,11,AUDI A3,5,E01018757,0,4
2024010546445,2024,010546445,2,9,0,-1,-1,7,3,0,0,8,0,0,0,0,3,1,6,6,2,29,6,1395,1,8,AUDI A3,-1,-1,0,-1
2024131505615,2024,131505615,2,9,0,-1,9,6,2,-1,0,1,0,0,0,0,4,1,-1,9,1,47,8,1984,1,4,AUDI A3,7,E01011112,0,1
2024311441294,2024,311441294,1,9,0,-1,19,4,8,-1,0,0,0,0,1,9,1,1,-1,6,1,30,6,1968,2,17,AUDI A3,-1,-1,0,-1
2024010546412,2024,010546412,2,9,0,99,99,9,9,99,99,9,9,99,9,99,1,9,6,6,3,50,8,1498,1,6,AUDI A3,8,E01002174,0,1
2024411495765,2024,411495765,2,9,0,-1,19,3,7,-1,0,1,0,0,0,0,1,1,-1,6,3,-1,-1,1984,1,19,AUDI A3,-1,-1,0,-1
2024041433977,2024,041433977,1,9,0,-1,5,7,3,-1,0,6,0,0,0,0,1,1,-1,9,2,60,9,1390,1,13,AUDI A3,1,E01012748,0,1
2024332400736,2024,332400736,1,9,0,-1,19,9,9,-1,0,0,0,0,0,0,3,1,-1,2,2,46,8,1395,8,7,AUDI A3,4,E01013696,0,1
2024320697153,2024,320697153,1,9,0,-1,-1,2,6,0,0,4,0,0,0,0,1,1,6,6,1,29,6,1968,1,19,AUDI A3,8,E01026372,0,3
2024461398731,2024,461398731,2,9,0,-1,4,2,4,-1,0,0,0,0,0,0,3,9,-1,6,2,28,6,1598,2,7,AUDI A3,4,E01024624,0,1
2024010496862,2024,010496862,1,9,0,99,99,9,9,99,99,9,9,99,9,99,2,9,2,2,2,54,8,1498,1,6,AUDI A3,8,E01021788,0,2
2024531412552,2024,531412552,2,9,0,-1,19,8,4,-1,0,8,0,0,0,0,3,1,-1,6,2,41,7,1984,1,14,AUDI A3,10,E01022170,0,1
2024522402125,2024,522402125,2,9,0,11,11,1,5,0,0,1,0,0,0,0,4,1,6,6,1,-1,-1,1598,2,12,AUDI A3,5,E01014518,0,2
2024440081442,2024,440081442,2,9,0,18,19,8,4,0,0,1,0,0,1,0,1,1,6,6,1,27,6,1968,2,16,AUDI A3,8,E01022983,0,1
2024211450779,2024,211450779,2,9,0,-1,19,5,1,-1,9,1,1,7,1,0,4,1,-1,9,1,21,5,1968,2,4,AUDI A3,-1,-1,0,-1
2024421467716,2024,421467716,1,9,0,-1,19,1,5,-1,0,0,0,0,7,0,1,1,-1,6,2,18,4,1968,2,16,AUDI A3,6,E01021362,0,1
2024041441630,2024,041441630,2,9,0,-1,4,1,5,-1,0,0,0,0,0,0,2,1,-1,1,1,34,6,1968,2,17,AUDI A3,1,E01025248,0,4
2024131508628,2024,131508628,1,9,0,-1,9,5,7,-1,1,2,0,0,0,0,1,1,-1,9,1,23,5,1968,2,10,AUDI A3,5,E01011446,0,3
2024991496860,2024,991496860,2,9,0,-1,2,3,6,-1,0,2,0,0,0,0,2,1,-1,9,1,60,9,1968,2,8,AUDI A3,9,-1,0,2
2024010516998,2024,010516998,2,9,0,18,19,5,1,0,0,1,0,0,0,0,3,1,6,6,1,21,5,1984,1,8,AUDI A3,2,E01033148,0,1
2024430163703,2024,430163703,1,9,0,18,19,6,2,0,0,2,0,0,0,0,1,1,6,6,1,32,6,1595,1,20,AUDI A3,-1,-1,0,-1
2024311480137,2024,311480137,1,9,0,-1,5,3,7,-1,0,1,0,0,0,0,1,1,-1,6,2,34,6,1968,2,15,AUDI A3,2,E01028113,0,2
2024430602267,2024,430602267,2,9,0,1,1,7,3,9,9,9,0,0,0,0,2,1,6,6,1,-1,-1,1968,2,20,AUDI A3,-1,-1,0,-1
2024320604282,2024,320604282,1,9,0,-1,-1,4,8,0,0,1,5,4,0,0,1,1,6,6,2,21,5,1968,2,10,AUDI A3,10,E01034703,0,1
2024161422390,2024,161422390,2,9,0,-1,19,7,3,-1,0,0,0,0,0,0,3,1,-1,6,2,54,8,1498,1,6,AUDI A3,7,E01027673,0,4
2024131439221,2024,131439221,1,9,0,-1,6,5,1,-1,0,0,0,0,0,0,1,1,-1,6,-1,-1,-1,1968,2,14,AUDI A3,-1,-1,0,-1
2024501468678,2024,501468678,1,9,0,-1,19,3,5,-1,0,8,1,0,7,0,3,9,-1,9,1,30,6,1968,2,12,AUDI A3,3,E01018766,0,4
2024531436789,2024,531436789,2,3,0,-1,19,6,2,-1,0,1,5,0,7,0,3,1,-1,6,1,17,4,125,1,3,-1,2,E01022131,0,2
2024471505596,2024,471505596,1,3,0,-1,19,8,4,-1,0,0,0,0,0,0,1,1,-1,9,1,18,4,125,1,5,-1,5,E01021121,0,4
2024540496624,2024,540496624,2,9,0,18,19,5,1,0,0,0,0,0,0,0,3,1,6,6,1,57,9,1499,2,6,-1,8,E01015549,0,1
202454D009724,2024,54D009724,1,8,0,5,5,2,6,0,0,5,0,0,0,0,3,1,1,1,1,55,8,1499,2,6,-1,5,E01015475,0,1
2024101448021,2024,101448021,1,8,0,-1,19,1,5,-1,0,0,0,0,0,0,4,9,-1,1,1,58,9,1499,2,7,-1,8,E01008323,0,1
2024430437665,2024,430437665,1,9,0,18,19,1,5,0,0,0,0,0,0,0,1,1,6,6,2,74,10,1499,2,5,-1,8,E01034751,0,3
2024522500040,2024,522500040,1,9,0,7,7,6,8,0,0,5,0,0,0,0,4,1,6,6,1,65,9,1499,2,8,-1,8,E01014511,0,1
2024351452791,2024,351452791,1,9,0,-1,19,6,2,-1,0,0,0,0,1,4,1,1,-1,9,2,59,9,1499,2,4,-1,7,E01018223,0,1
2024302400552,2024,302400552,1,3,0,5,5,6,2,0,0,1,1,0,0,0,1,1,6,6,1,25,5,125,1,12,-1,-1,-1,0,-1
2024622400607,2024,622400607,1,4,0,18,19,8,4,0,0,0,0,0,0,0,1,1,6,6,1,21,5,125,1,12,-1,7,W01000888,0,1
2024440451466,2024,440451466,1,9,0,18,19,6,2,0,0,0,0,0,1,7,1,1,6,6,1,30,6,3996,1,22,JAGUAR XK SERIES,6,E01022802,0,1
2024631455458,2024,631455458,1,9,0,-1,12,2,6,-1,0,0,0,0,7,7,1,1,-1,9,1,27,6,5000,1,12,JAGUAR XK SERIES,4,W01000603,0,4
2024122401226,2024,122401226,2,9,0,17,19,7,3,0,0,0,0,0,0,0,1,1,6,6,1,58,9,5000,1,14,JAGUAR XK SERIES,-1,-1,0,-1
2024010550002,2024,010550002,2,9,0,99,99,9,9,99,99,9,9,99,9,99,9,9,6,6,3,-1,-1,4196,1,21,JAGUAR XK SERIES,3,E01032581,0,1
2024010528255,2024,010528255,2,9,0,99,99,9,9,99,99,9,9,99,9,99,9,9,6,6,1,43,7,4196,1,15,JAGUAR XK SERIES,5,E01003842,0,1
2024201459581,2024,201459581,1,9,0,-1,19,4,8,-1,0,0,0,4,0,0,2,1,-1,6,1,35,6,4196,1,20,JAGUAR XK SERIES,3,E01008957,0,1
2024010549452,2024,010549452,2,9,0,99,99,9,9,99,99,9,9,99,9,99,1,9,6,6,3,-1,-1,4196,1,20,JAGUAR XK SERIES,-1,-1,0,-1
2024221512568,2024,221512568,1,9,0,-1,19,4,8,-1,0,8,0,0,0,0,1,1,-1,6,1,71,10,4196,1,18,JAGUAR XK SERIES,5,E01014060,0,2
2024141467589,2024,141467589,1,9,0,-1,19,6,2,-1,0,1,0,0,0,0,1,1,-1,9,1,37,7,4196,1,17,JAGUAR XK SERIES,9,E01019779,0,2
2024461450891,2024,461450891,2,9,0,-1,19,3,7,-1,0,0,0,0,0,0,1,9,-1,9,1,74,10,4196,1,18,JAGUAR XK SERIES,8,E01028689,0,5
2024520400558,2024,520400558,2,9,0,10,10,1,7,0,0,1,0,0,0,0,1,1,6,6,3,-1,-1,4196,1,17,JAGUAR XK SERIES,-1,-1,0,-1
2024122400639,2024,122400639,2,9,0,18,19,7,3,0,0,0,0,0,0,0,3,1,6,6,1,80,11,5000,1,12,JAGUAR XK SERIES,8,E01027563,0,3
2024451402321,2024,451402321,2,9,0,-1,2,0,0,-1,0,1,0,0,0,0,4,1,-1,6,-1,-1,-1,5000,1,14,JAGUAR XK SERIES,-1,-1,0,-1
2024111446118,2024,111446118,2,9,0,-1,19,1,5,-1,0,0,0,0,0,0,1,1,-1,6,1,65,9,4196,1,15,JAGUAR XK SERIES,8,E01008783,0,2
2024052402827,2024,052402827,1,9,0,18,19,2,6,0,0,0,0,0,0,0,1,1,6,6,1,37,7,5000,1,14,JAGUAR XK SERIES,1,E01006540,0,1
2024522401524,2024,522401524,1,9,0,18,19,2,6,0,0,0,0,0,1,3,1,1,6,6,1,59,9,5000,1,15,JAGUAR XK SERIES,7,E01014890,0,1
2024440188336,2024,440188336,1,3,0,4,4,8,4,0,0,1,1,0,0,0,3,1,2,2,1,49,8,125,1,4,-1,6,E01022802,0,1
2024451450057,2024,451450057,1,2,0,-1,4,5,1,-1,0,0,1,0,0,0,1,1,-1,9,1,17,4,50,1,8,-1,7,E01030660,0,1
2024552400486,2024,552400486,1,3,0,18,19,7,3,0,0,0,1,0,0,0,1,1,6,6,1,26,6,125,1,7,-1,3,E01020393,0,3
2024161405276,2024,161405276,1,3,0,-1,5,3,7,-1,0,0,0,0,0,0,4,1,-1,9,1,52,8,125,1,6,-1,7,E01013150,0,1
2024131399991,2024,131399991,2,3,0,-1,9,3,7,-1,0,1,0,0,0,0,2,1,-1,6,2,52,8,125,1,6,-1,5,E01011480,0,1
2024552400063,2024,552400063,1,3,0,18,19,4,8,0,0,8,1,0,0,0,0,1,2,2,2,28,6,125,1,4,-1,6,E01020510,0,1
2024201458694,2024,201458694,2,2,0,-1,5,6,2,-1,0,8,0,0,0,0,3,1,-1,2,1,28,6,125,1,3,-1,6,E01010174,0,2
2024501444789,2024,501444789,2,21,0,-1,2,0,0,-1,-1,0,0,0,0,0,2,1,-1,2,1,63,9,5880,2,29,-1,5,E01018904,0,4
202460Q005155,2024,60Q005155,2,4,0,18,19,7,3,0,0,1,0,0,0,0,1,1,6,6,1,21,5,125,1,35,-1,-1,-1,0,-1
2024361504066,2024,361504066,2,5,0,-1,19,1,5,-1,0,8,0,0,0,0,1,1,-1,6,1,60,9,1151,1,16,-1,-1,-1,0,-1
2024361507514,2024,361507514,1,5,0,-1,19,2,6,-1,0,1,0,0,1,0,1,1,-1,6,1,62,9,1151,1,13,-1,3,E01026786,0,2
2024531453204,2024,531453204,1,5,0,-1,19,7,3,-1,0,8,1,0,0,0,2,1,-1,9,1,66,10,744,1,11,-1,7,E01022414,0,3
2024440241872,2024,440241872,1,5,0,18,19,2,6,0,0,0,0,7,0,0,4,1,6,6,1,67,10,744,1,9,-1,9,E01030306,0,4
2024501521383,2024,501521383,1,2,0,-1,19,3,7,-1,0,0,2,0,0,0,1,1,-1,9,1,16,4,49,1,19,-1,4,E01020032,0,1
2024451435691,2024,451435691,2,3,0,-1,5,1,5,-1,0,0,0,0,0,0,0,1,-1,2,1,53,8,124,1,10,-1,4,E01030983,0,1
2024010514212,2024,010514212,1,3,0,18,19,2,6,0,0,1,0,0,0,0,1,1,6,6,3,-1,-1,124,1,8,-1,-1,-1,0,-1
2024010523896,2024,010523896,1,3,0,3,3,3,7,0,0,1,0,0,0,0,2,1,6,6,1,51,8,124,1,8,-1,2,E01000096,0,2
2024201477782,2024,201477782,1,4,0,-1,13,7,3,-1,0,8,0,0,0,0,1,1,-1,6,1,37,7,399,1,16,-1,1,E01009114,0,3
2024010498495,2024,010498495,2,21,1,11,11,1,5,0,0,1,0,0,0,0,4,1,1,1,1,45,7,12742,2,1,SCANIA MODEL MISSING,1,E01006050,0,5
2024201496314,2024,201496314,1,21,1,-1,19,5,1,-1,0,4,0,0,0,0,1,1,-1,6,1,40,7,12742,2,3,SCANIA MODEL MISSING,-1,-1,0,-1
2024351417975,2024,351417975,1,21,0,-1,19,7,7,-1,0,0,0,0,0,0,1,1,-1,1,1,49,8,12742,2,2,SCANIA MODEL MISSING,4,E01015614,0,4
2024991482398,2024,991482398,1,21,0,-1,19,5,1,-1,0,1,1,0,0,0,1,1,-1,1,1,60,9,15607,2,17,SCANIA MODEL MISSING,-1,-1,0,-1
2024991415092,2024,991415092,2,21,0,-1,19,3,7,-1,0,1,0,0,2,0,4,1,-1,1,1,66,10,9290,2,9,SCANIA MODEL MISSING,5,-1,0,5
2024430256745,2024,430256745,2,21,0,18,19,2,6,0,0,0,0,0,0,0,0,1,1,1,1,61,9,12742,2,1,SCANIA MODEL MISSING,8,E01014896,0,4
2024991419742,2024,991419742,2,21,0,-1,2,0,0,-1,0,0,0,2,0,0,2,1,-1,1,2,26,6,12742,2,5,SCANIA MODEL MISSING,-1,-1,0,-1
2024430312543,2024,430312543,2,21,1,18,19,6,2,0,0,0,0,0,0,0,0,1,1,1,1,43,7,9290,2,1,SCANIA MODEL MISSING,8,E01033029,0,4
2024361496732,2024,361496732,1,21,1,-1,4,3,7,-1,0,0,0,4,0,0,1,1,-1,1,1,60,9,-1,2,9,SCANIA MODEL MISSING,5,E01026940,0,4
202460Q032184,2024,60Q032184,1,21,2,9,9,5,3,0,0,8,0,0,0,0,4,1,1,1,1,40,7,12742,2,5,SCANIA MODEL MISSING,-1,-1,0,-1
2024430452381,2024,430452381,3,21,0,18,19,8,4,0,0,0,0,0,0,0,3,1,1,1,1,68,10,12740,2,7,SCANIA MODEL MISSING,6,E01029161,0,5
2024141394226,2024,141394226,2,21,0,-1,19,5,1,-1,0,0,0,0,0,0,1,1,-1,1,1,46,8,12740,2,10,SCANIA MODEL MISSING,3,E01007777,0,1
2024351429548,2024,351429548,1,21,1,-1,19,3,7,-1,0,0,5,0,1,11,1,1,-1,1,1,56,9,12742,2,5,SCANIA MODEL MISSING,4,E01015630,0,4
2024311521745,2024,311521745,1,11,0,-1,19,4,8,-1,0,0,0,0,0,0,0,1,-1,1,1,-1,-1,9000,5,7,SCANIA MODEL MISSING,-1,-1,0,-1
2024332400783,2024,332400783,1,21,0,-1,19,3,7,-1,0,8,5,0,1,11,1,1,-1,1,1,57,9,12740,2,7,SCANIA MODEL MISSING,8,E01025681,0,1
2024991444358,2024,991444358,1,21,0,-1,19,4,8,-1,0,0,1,0,7,0,1,1,-1,1,1,32,6,11705,2,12,SCANIA MODEL MISSING,5,-1,0,3
2024501491632,2024,501491632,1,21,0,-1,19,8,4,-1,0,8,2,0,8,6,3,1,-1,1,1,50,8,11705,2,20,SCANIA MODEL MISSING,3,E01015161,0,1
2024311473687,2024,311473687,2,11,0,-1,19,5,1,-1,0,0,0,0,0,0,0,9,-1,1,1,63,9,9300,5,5,SCANIA MODEL MISSING,-1,-1,0,-1
2024501470602,2024,501470602,1,11,0,-1,19,3,7,-1,0,2,0,0,0,0,1,9,-1,1,1,54,8,9000,2,12,SCANIA MODEL MISSING,5,E01020279,0,3
2024311410720,2024,311410720,1,21,0,-1,4,2,6,-1,0,0,0,0,0,0,1,1,-1,1,1,38,7,12742,2,1,SCANIA MODEL MISSING,1,E01007913,0,4
2024201461665,2024,201461665,1,21,0,-1,11,3,7,-1,0,0,0,0,0,0,1,9,-1,6,1,58,9,16353,2,2,SCANIA MODEL MISSING,6,E01028835,0,4
2024221482467,2024,221482467,2,21,0,-1,19,6,2,-1,0,8,0,0,0,0,1,1,-1,1,1,59,9,9290,2,8,SCANIA MODEL MISSING,7,E01028998,0,3
2024221470107,2024,221470107,1,11,0,-1,19,5,1,-1,0,0,0,0,0,0,4,1,-1,1,1,37,7,18000,2,3,SCANIA MODEL MISSING,-1,-1,0,-1
2024010537220,2024,010537220,1,21,0,7,7,6,8,0,0,5,0,0,0,0,4,1,1,1,1,50,8,12742,2,5,SCANIA MODEL MISSING,3,E01015922,0,4
2024320078331,2024,320078331,1,21,1,-1,-1,4,8,0,0,1,1,0,7,0,1,1,1,1,1,42,7,12740,2,11,SCANIA MODEL MISSING,-1,-1,0,-1
2024401479023,2024,401479023,1,21,1,-1,19,5,1,-1,0,0,0,0,0,0,1,1,-1,1,1,45,7,12742,2,3,SCANIA MODEL MISSING,6,E01031130,0,4
2024451534150,2024,451534150,1,21,1,-1,3,5,1,-1,0,0,0,0,0,0,1,1,-1,1,1,25,5,12742,2,6,SCANIA MODEL MISSING,9,E01034719,0,4
2024631443424,2024,631443424,1,21,4,-1,19,4,7,-1,0,1,0,0,0,0,3,1,-1,2,1,47,8,12740,2,11,SCANIA MODEL MISSING,7,W01000083,0,4
2024302401453,2024,302401453,1,21,0,4,4,1,5,0,0,0,0,0,0,0,2,1,1,1,1,34,6,12742,2,1,SCANIA MODEL MISSING,1,E01009985,0,4
2024320165969,2024,320165969,1,21,0,7,7,2,4,0,0,5,0,0,0,0,3,1,6,6,1,-1,-1,12740,2,7,SCANIA MODEL MISSING,-1,-1,0,-1
2024041449499,2024,041449499,4,90,0,-1,5,5,1,-1,0,0,0,0,0,0,0,1,-1,2,1,55,8,-1,-1,-1,SCANIA MODEL MISSING,9,E01025533,0,4
2024401447569,2024,401447569,2,21,1,-1,4,0,0,-1,0,0,0,0,0,0,2,1,-1,1,1,33,6,12740,2,7,SCANIA MODEL MISSING,2,E01003060,0,4
2024320249477,2024,320249477,2,21,0,-1,-1,6,2,0,0,0,0,0,1,0,3,1,1,1,1,37,7,12740,2,8,SCANIA MODEL MISSING,8,E01026314,0,4
2024101399720,2024,101399720,2,11,0,-1,4,3,7,-1,0,0,0,0,0,0,1,1,-1,1,1,44,7,9000,5,10,SCANIA MODEL MISSING,9,E01008620,0,1
2024070615736,2024,070615736,2,20,0,17,19,5,1,0,0,2,0,0,1,0,1,1,1,1,1,35,6,12740,2,7,SCANIA MODEL MISSING,8,E01029704,0,4
2024361476930,2024,361476930,1,21,1,-1,1,8,4,-1,0,0,0,0,0,0,2,1,-1,1,1,27,6,12742,2,4,SCANIA MODEL MISSING,5,E01026940,0,4
2024552400885,2024,552400885,1,11,0,18,19,2,6,0,0,1,0,0,0,0,1,1,6,6,3,-1,-1,13000,2,5,SCANIA MODEL MISSING,-1,-1,0,-1
2024131422533,2024,131422533,1,21,0,-1,7,1,3,-1,0,1,0,0,0,0,4,1,-1,1,1,64,9,12740,2,9,SCANIA MODEL MISSING,4,E01012319,0,4
2024520401971,2024,520401971,1,21,0,18,19,4,8,0,0,8,0,0,0,0,1,1,6,6,1,44,7,12742,2,1,SCANIA MODEL MISSING,2,E01029311,0,4
2024061436106,2024,061436106,1,21,1,-1,19,3,7,-1,0,6,0,0,0,0,1,1,-1,1,1,48,8,12740,2,9,SCANIA MODEL MISSING,-1,-1,0,-1
2024411512616,2024,411512616,1,21,0,-1,-1,-1,-1,-1,-1,-1,-1,-1,-1,0,-1,9,-1,1,1,39,7,12742,2,1,SCANIA MODEL MISSING,5,E01023792,0,3
2024371495732,2024,371495732,1,21,0,-1,4,1,5,-1,0,0,0,0,0,0,3,1,-1,1,1,64,9,12740,2,10,SCANIA MODEL MISSING,7,E01030051,0,3
2024440434417,2024,440434417,3,21,0,18,19,1,5,0,0,1,0,0,0,0,1,1,1,1,1,37,7,12742,2,0,SCANIA MODEL MISSING,3,E01016014,0,5
2024531463611,2024,531463611,1,90,0,-1,9,3,1,-1,0,0,0,11,0,0,1,1,-1,1,2,29,6,-1,-1,-1,SCANIA MODEL MISSING,4,E01029025,0,4
2024311537712,2024,311537712,6,21,1,-1,19,4,8,-1,0,0,0,4,0,0,1,2,-1,1,1,58,9,12740,2,7,SCANIA MODEL MISSING,4,E01021706,0,5
2024010520132,2024,010520132,2,90,0,18,19,7,3,0,0,0,0,0,0,0,4,1,1,1,1,42,7,-1,-1,-1,SCANIA MODEL MISSING,8,E01023486,0,3
2024440491822,2024,440491822,1,11,0,5,5,8,4,0,0,1,0,0,0,0,1,1,1,1,1,33,6,9000,2,16,SCANIA MODEL MISSING,9,E01035440,0,3
2024461421769,2024,461421769,1,21,0,-1,19,6,1,-1,0,1,0,0,0,0,1,9,-1,1,1,26,6,12742,2,7,SCANIA MODEL MISSING,6,E01016124,0,3
2024311490555,2024,311490555,1,21,1,-1,19,1,5,-1,0,0,0,0,0,0,3,2,-1,1,1,52,8,16353,2,4,SCANIA MODEL MISSING,-1,-1,0,-1
2024131507945,2024,131507945,1,21,0,-1,9,1,5,-1,0,3,0,0,0,0,3,1,-1,1,1,58,9,12742,2,5,SCANIA MODEL MISSING,7,E01027647,0,4
2024010536558,2024,010536558,2,20,0,-1,-1,5,1,0,0,0,0,0,0,0,1,1,6,6,1,30,6,12742,2,3,SCANIA MODEL MISSING,5,E01033462,0,4
2024031477759,2024,031477759,3,21,4,-1,19,7,1,-1,0,2,0,0,0,0,3,1,-1,6,1,40,7,12742,2,1,SCANIA MODEL MISSING,-1,-1,0,-1
2024320130881,2024,320130881,2,21,0,-1,-1,6,2,0,0,0,1,0,7,9,3,1,1,1,1,40,7,-1,-1,-1,SCANIA MODEL MISSING,-1,-1,0,-1
2024131512742,2024,131512742,1,21,0,-1,19,3,7,-1,0,8,0,0,0,0,1,1,-1,1,1,25,5,12742,2,5,SCANIA MODEL MISSING,3,E01010595,0,3
2024031459060,2024,031459060,2,21,4,-1,19,5,1,-1,0,0,0,0,0,0,2,1,-1,1,1,38,7,12740,2,8,SCANIA MODEL MISSING,2,-1,0,5
2024622400158,2024,622400158,1,21,0,18,19,4,8,0,0,0,0,0,0,0,1,1,1,1,1,35,6,12742,2,4,SCANIA MODEL MISSING,4,W01001278,0,3
2024631486261,2024,631486261,2,21,4,-1,19,2,6,-1,0,0,0,0,1,10,1,1,-1,1,1,37,7,16353,2,4,SCANIA MODEL MISSING,6,E01025483,0,5
2024131458110,2024,131458110,2,21,0,-1,2,5,1,-1,0,0,0,0,0,0,2,1,-1,6,-1,-1,-1,12742,2,6,SCANIA MODEL MISSING,-1,-1,0,-1
2024311423488,2024,311423488,1,11,0,-1,19,4,8,-1,0,0,0,0,0,0,0,1,-1,1,1,53,8,9300,5,2,SCANIA MODEL MISSING,1,E01019452,0,3
2024101521213,2024,101521213,1,21,1,-1,19,8,4,-1,0,0,1,0,0,0,1,1,-1,1,1,48,8,12740,2,9,SCANIA MODEL MISSING,5,-1,0,5
2024461408251,2024,461408251,1,21,1,-1,9,7,3,-1,0,1,0,0,-1,0,-1,1,-1,1,1,62,9,12740,2,10,SCANIA MODEL MISSING,8,E01015960,0,1
2024201502688,2024,201502688,1,21,0,-1,19,3,7,-1,0,0,0,0,0,0,1,1,-1,1,1,34,6,12742,2,3,SCANIA MODEL MISSING,2,E01009966,0,4
2024522402079,2024,522402079,3,21,1,18,19,2,6,0,0,0,0,0,0,0,3,1,6,6,1,61,9,12742,2,1,SCANIA MODEL MISSING,2,E01029098,0,4
2024471500408,2024,471500408,2,90,0,-1,2,0,0,-1,0,2,0,0,0,0,1,1,-1,9,1,40,7,9290,2,9,SCANIA MODEL MISSING,5,E01031480,0,2
2024451405212,2024,451405212,2,21,1,-1,19,1,5,-1,0,0,0,0,0,0,4,1,-1,1,1,31,6,12740,2,9,SCANIA MODEL MISSING,4,E01016474,0,2
2024340WN3912,2024,340WN3912,2,11,0,-1,19,6,2,-1,0,1,0,0,0,0,1,1,-1,1,1,70,10,9000,2,10,SCANIA MODEL MISSING,6,E01027169,0,2
2024540168524,2024,540168524,2,11,0,18,19,4,8,0,0,8,0,0,0,0,3,1,1,1,1,64,9,9000,2,15,SCANIA MODEL MISSING,5,E01015480,0,1
2024070497357,2024,070497357,4,21,1,4,4,5,1,0,0,0,3,0,0,0,2,1,1,1,1,-1,-1,12742,2,3,SCANIA MODEL MISSING,-1,-1,0,-1
2024371491321,2024,371491321,1,21,1,-1,-1,-1,-1,-1,-1,0,-1,-1,-1,0,1,9,-1,1,1,64,9,12740,2,9,SCANIA MODEL MISSING,7,E01030101,0,4
2024311513987,2024,311513987,1,11,0,-1,19,5,1,-1,0,1,0,0,0,0,0,9,-1,1,1,52,8,9300,5,5,SCANIA MODEL MISSING,3,E01033400,0,1
2024320283239,2024,320283239,1,21,0,10,10,7,5,0,0,8,0,0,0,0,2,1,1,1,1,70,10,12740,2,7,SCANIA MODEL MISSING,-1,-1,0,-1
2024421407832,2024,421407832,2,21,1,-1,19,8,4,-1,0,0,0,0,0,0,3,1,-1,1,1,39,7,12742,2,5,SCANIA MODEL MISSING,8,E01025633,0,5
2024991515297,2024,991515297,2,21,1,-1,19,3,7,-1,0,1,0,0,0,0,1,1,-1,1,1,57,9,12742,2,3,SCANIA MODEL MISSING,9,-1,0,4
2024471440503,2024,471440503,2,21,0,-1,19,8,4,-1,0,0,0,0,0,0,3,1,-1,1,1,64,9,12742,2,4,SCANIA MODEL MISSING,5,E01034556,0,4
2024461478942,2024,461478942,2,90,0,-1,2,0,0,-1,-1,0,0,0,0,0,0,1,-1,1,1,56,9,-1,-1,-1,SCANIA MODEL MISSING,5,E01028943,0,5
2024421494785,2024,421494785,1,21,0,-1,19,5,1,-1,0,0,0,0,0,0,0,1,-1,6,3,-1,-1,12740,2,9,SCANIA MODEL MISSING,-1,-1,0,-1
2024531460241,2024,531460241,2,21,0,-1,19,5,1,-1,0,0,0,0,0,0,3,1,-1,1,1,53,8,12742,2,7,SCANIA MODEL MISSING,3,W01000652,0,5
2024211576036,2024,211576036,3,11,1,-1,19,3,7,-1,0,0,3,0,0,0,1,1,-1,1,1,27,6,9291,2,0,SCANIA MODEL MISSING,-1,-1,0,-1
2024991465619,2024,991465619,1,21,0,-1,19,2,6,-1,0,1,0,0,0,0,1,1,-1,1,1,55,8,12740,2,8,SCANIA MODEL MISSING,1,-1,0,2
2024070605110,2024,070605110,1,21,0,4,4,2,7,0,0,1,0,1,0,0,1,1,1,1,1,61,9,12742,2,6,SCANIA MODEL MISSING,1,E01007210,0,4
2024631481357,2024,631481357,3,21,0,-1,19,8,4,-1,0,0,0,0,0,0,1,1,-1,1,1,63,9,12740,2,11,SCANIA MODEL MISSING,6,W01000627,0,4
2024520401766,2024,520401766,1,21,0,18,19,5,1,0,0,0,0,0,0,0,1,1,6,6,1,38,7,7700,2,4,SCANIA MODEL MISSING,3,W01001592,0,4
2024161467471,2024,161467471,2,21,0,-1,19,7,3,-1,0,0,0,0,0,0,2,1,-1,1,1,43,7,16353,2,5,SCANIA MODEL MISSING,1,E01012786,0,4