collision_index,collision_year,collision_ref_no,vehicle_reference,vehicle_type,towing_and_articulation,vehicle_manoeuvre_historic,vehicle_manoeuvre,vehicle_direction_from,vehicle_direction_to,vehicle_location_restricted_lane_historic,vehicle_location_restricted_lane,junction_location,skidding_and_overturning,hit_object_in_carriageway,vehicle_leaving_carriageway,hit_object_off_carriageway,first_point_of_impact,vehicle_left_hand_drive,journey_purpose_of_driver_historic,journey_purpose_of_driver,sex_of_driver,age_of_driver,age_band_of_driver,engine_capacity_cc,propulsion_code,age_of_vehicle,generic_make_model,driver_imd_decile,lsoa_of_driver,escooter_flag,driver_distance_banding
2024211410469,2024,211410469,3,21,1,-1,19,6,2,-1,0,0,0,0,0,0,1,9,-1,1,1,49,8,12740,2,7,SCANIA MODEL MISSING,2,E01009989,0,4
202460Q106378,2024,60Q106378,2,11,0,5,5,0,4,0,0,0,0,0,0,0,3,1,1,1,1,58,9,13000,2,4,SCANIA MODEL MISSING,-1,-1,0,-1
2024430011641,2024,430011641,3,21,1,2,2,0,0,6,6,0,0,0,0,0,3,1,6,6,1,41,7,12742,2,3,SCANIA MODEL MISSING,4,E01032406,0,4
2024311412392,2024,311412392,1,11,0,-1,19,2,6,-1,0,0,0,0,0,0,0,9,-1,1,1,61,9,9000,2,10,SCANIA MODEL MISSING,9,E01028206,0,2
2024101455487,2024,101455487,1,21,1,-1,11,1,5,-1,0,0,0,0,0,0,4,1,-1,1,1,49,8,12742,2,6,SCANIA MODEL MISSING,5,-1,0,5
2024052400928,2024,052400928,1,21,1,9,9,5,3,0,0,4,0,0,0,0,4,1,1,1,1,75,10,15607,2,11,SCANIA MODEL MISSING,7,E01019133,0,5
2024411515214,2024,411515214,2,21,1,-1,2,0,0,-1,-1,0,0,0,0,0,2,1,-1,1,1,43,7,12742,2,2,SCANIA MODEL MISSING,-1,-1,0,-1
2024991452584,2024,991452584,1,11,0,-1,19,7,3,-1,0,0,0,0,0,0,1,1,-1,1,1,52,8,9000,2,10,SCANIA MODEL MISSING,5,-1,0,2
2024991470125,2024,991470125,2,21,0,-1,19,2,6,-1,0,0,0,0,0,0,3,1,-1,1,1,43,7,12742,2,3,SCANIA MODEL MISSING,-1,-1,0,-1
2024371410685,2024,371410685,1,21,1,-1,19,3,7,-1,0,0,0,0,0,0,3,1,-1,1,1,38,7,12740,2,6,SCANIA MODEL MISSING,1,E01030279,0,4
2024991421775,2024,991421775,2,21,0,-1,19,3,7,-1,0,0,0,0,0,0,1,1,-1,1,1,29,6,12742,2,2,SCANIA MODEL MISSING,-1,-1,0,-1
2024991399497,2024,991399497,2,21,1,-1,4,5,1,-1,0,0,0,4,0,0,1,1,-1,1,1,56,9,12742,2,3,SCANIA MODEL MISSING,-1,-1,0,-1
2024161398594,2024,161398594,2,21,0,-1,2,0,0,-1,0,0,0,0,0,0,2,1,-1,1,1,31,6,12742,2,0,SCANIA MODEL MISSING,-1,-1,0,-1
2024421433543,2024,421433543,1,21,0,-1,19,6,2,-1,0,0,0,0,0,0,1,1,-1,1,1,53,8,7700,2,5,SCANIA MODEL MISSING,8,E01021717,0,3
2024010507336,2024,010507336,1,21,1,18,19,3,7,0,0,8,0,0,0,0,1,1,1,1,1,58,9,12742,2,5,SCANIA MODEL MISSING,4,E01031573,0,4
2024201512121,2024,201512121,1,21,0,-1,12,1,5,-1,0,0,0,0,0,0,4,9,-1,1,1,40,7,7700,2,0,SCANIA MODEL MISSING,2,E01032265,0,4
2024361548221,2024,361548221,2,21,0,-1,2,0,0,-1,0,0,0,0,0,0,2,1,-1,1,1,57,9,12740,2,9,SCANIA MODEL MISSING,6,E01026760,0,4
2024351514633,2024,351514633,1,21,-1,-1,-1,-1,-1,-1,-1,0,-1,-1,-1,0,-1,9,-1,1,1,-1,-1,12742,2,4,SCANIA MODEL MISSING,2,E01026865,0,4
2024351475145,2024,351475145,3,21,1,-1,2,0,0,-1,0,0,0,0,0,0,3,1,-1,6,1,43,7,12742,2,3,SCANIA MODEL MISSING,4,E01018083,0,4
2024542091124,2024,542091124,2,21,1,18,19,1,5,0,0,8,0,0,0,0,2,1,1,1,1,32,6,12742,2,3,SCANIA MODEL MISSING,3,E01023157,0,4
2024111529539,2024,111529539,3,21,0,-1,19,5,1,-1,0,0,0,0,0,0,3,1,-1,1,1,28,6,12742,2,3,SCANIA MODEL MISSING,-1,-1,0,-1
2024501515973,2024,501515973,1,21,0,-1,19,8,4,-1,0,0,0,0,0,0,1,1,-1,1,1,48,8,12742,2,0,SCANIA MODEL MISSING,6,E01019891,0,4
2024231398466,2024,231398466,1,21,1,-1,11,8,4,-1,0,0,0,0,0,0,1,1,-1,1,1,47,8,12740,2,9,SCANIA MODEL MISSING,3,E01002283,0,5
2024501491013,2024,501491013,2,21,1,-1,19,1,5,-1,0,2,0,0,0,0,2,1,-1,1,1,49,8,12742,2,1,SCANIA MODEL MISSING,3,E01018759,0,4
2024101526685,2024,101526685,1,21,1,-1,19,1,5,-1,0,0,0,0,0,0,1,1,-1,1,1,25,5,16353,2,0,SCANIA MODEL MISSING,-1,-1,0,-1
2024411411955,2024,411411955,2,21,1,-1,5,2,6,-1,0,0,0,0,0,0,2,1,-1,2,1,51,8,12740,2,9,SCANIA MODEL MISSING,9,E01033310,0,1
2024122400511,2024,122400511,1,21,0,5,5,2,6,0,0,1,5,0,1,10,4,1,1,1,1,63,9,12742,2,6,SCANIA MODEL MISSING,9,E01027687,0,4
2024311443251,2024,311443251,1,11,0,-1,19,5,1,-1,0,0,0,0,0,0,0,9,-1,1,1,52,8,9000,2,10,SCANIA MODEL MISSING,-1,-1,0,-1
2024430334265,2024,430334265,2,11,0,18,19,1,5,0,0,0,0,0,0,0,3,1,1,1,1,30,6,9000,5,11,SCANIA MODEL MISSING,8,E01028623,0,4
2024451440926,2024,451440926,3,21,0,-1,19,1,5,-1,0,0,0,0,0,0,1,1,-1,1,1,43,7,12740,2,10,SCANIA MODEL MISSING,6,E01030464,0,3
2024311437600,2024,311437600,1,11,0,-1,19,5,1,-1,2,0,0,0,0,0,0,9,-1,1,2,58,9,9300,5,2,SCANIA MODEL MISSING,9,E01019659,0,2
2024311459541,2024,311459541,1,11,0,-1,4,2,6,-1,0,1,0,0,0,0,0,9,-1,1,1,43,7,9300,5,5,SCANIA MODEL MISSING,7,E01028080,0,1
2024361409443,2024,361409443,1,11,0,-1,2,7,3,-1,0,0,0,4,0,0,4,1,-1,6,-1,-1,-1,9000,2,15,SCANIA MODEL MISSING,-1,-1,0,-1
2024161465493,2024,161465493,2,21,0,-1,19,2,6,-1,0,0,0,0,5,0,1,1,-1,1,1,64,9,12742,2,1,SCANIA MODEL MISSING,2,E01012417,0,5
2024430155929,2024,430155929,1,21,1,5,5,2,6,0,0,0,0,0,0,0,2,1,1,1,1,23,5,12742,2,1,SCANIA MODEL MISSING,8,E01029675,0,5
2024041409630,2024,041409630,1,21,0,-1,19,5,1,-1,0,0,0,0,1,0,1,1,-1,1,1,35,6,9290,2,5,SCANIA MODEL MISSING,2,E01012689,0,4
2024501437108,2024,501437108,1,21,1,-1,19,7,3,-1,0,0,5,0,1,0,1,1,-1,1,1,24,5,12742,2,6,SCANIA MODEL MISSING,5,E01020278,0,4
2024221432564,2024,221432564,1,21,0,-1,19,4,8,-1,0,0,0,0,1,7,4,1,-1,1,1,45,7,16353,2,1,SCANIA MODEL MISSING,5,E01011985,0,5
2024471517928,2024,471517928,1,11,0,-1,5,4,8,-1,0,4,0,4,0,0,4,1,-1,1,1,50,8,9000,2,16,SCANIA MODEL MISSING,8,E01031597,0,4
2024211503296,2024,211503296,1,21,1,-1,5,3,8,-1,0,7,0,0,0,0,4,1,-1,1,1,34,6,12740,2,7,SCANIA MODEL MISSING,5,E01002621,0,5
2024041412860,2024,041412860,2,21,0,-1,19,5,1,-1,0,0,0,0,0,0,2,1,-1,1,1,58,9,12742,2,5,SCANIA MODEL MISSING,10,E01018370,0,4
2024351500570,2024,351500570,2,21,1,-1,19,3,7,-1,0,0,0,0,0,0,4,1,-1,1,1,46,8,12740,2,9,SCANIA MODEL MISSING,4,E01031096,0,5
2024421479412,2024,421479412,1,21,1,-1,19,7,3,-1,0,0,0,0,7,0,1,1,-1,1,1,41,7,12740,2,8,SCANIA MODEL MISSING,-1,-1,0,-1
2024520403404,2024,520403404,3,21,0,18,19,8,4,0,0,0,5,0,7,9,1,1,6,6,1,57,9,12742,2,4,SCANIA MODEL MISSING,6,E01014813,0,4
2024311415806,2024,311415806,1,20,0,-1,19,3,7,-1,0,0,0,0,0,0,1,1,-1,1,1,34,6,12742,2,2,SCANIA MODEL MISSING,2,E01028027,0,3
2024010522227,2024,010522227,1,21,0,7,7,5,8,0,0,1,0,0,0,0,1,1,1,1,1,47,8,12742,2,5,SCANIA MODEL MISSING,6,E01017385,0,4
2024122400232,2024,122400232,1,21,1,18,19,7,3,0,0,0,0,0,0,0,1,1,1,1,1,31,6,16400,2,8,SCANIA MODEL MISSING,9,-1,0,5
2024311437895,2024,311437895,1,11,0,-1,4,-1,-1,-1,0,0,0,0,0,0,0,1,-1,1,1,42,7,9000,2,6,SCANIA MODEL MISSING,3,E01033400,0,1
2024311482075,2024,311482075,1,11,-1,-1,-1,-1,-1,-1,-1,0,-1,-1,-1,0,-1,9,-1,1,1,55,8,9300,5,5,SCANIA MODEL MISSING,2,E01013852,0,2
2024221469316,2024,221469316,1,21,1,-1,19,1,4,-1,0,8,0,0,0,0,3,9,-1,1,1,39,7,12740,2,12,SCANIA MODEL MISSING,4,E01014034,0,3
2024311510705,2024,311510705,1,11,0,-1,7,4,7,-1,2,6,0,0,0,0,4,1,-1,1,1,61,9,9300,5,5,SCANIA MODEL MISSING,-1,-1,0,-1
2024311454264,2024,311454264,1,20,0,-1,19,2,6,-1,0,0,0,0,0,0,1,1,-1,1,1,70,10,8970,2,21,SCANIA MODEL MISSING,3,E01019657,0,3
2024371487426,2024,371487426,2,21,1,-1,19,7,3,-1,0,0,0,0,0,0,2,1,-1,1,1,68,10,9290,5,2,SCANIA MODEL MISSING,7,E01016763,0,4
2024141439478,2024,141439478,2,90,0,-1,19,3,7,-1,0,2,0,0,0,0,4,1,-1,1,1,67,10,-1,-1,-1,SCANIA MODEL MISSING,1,E01011497,0,4
2024161515892,2024,161515892,1,20,1,-1,19,1,5,-1,0,0,0,0,0,0,1,1,-1,1,1,62,9,-1,-1,-1,SCANIA MODEL MISSING,7,E01011119,0,4
2024031503099,2024,031503099,2,21,1,-1,19,5,1,-1,0,0,0,0,0,0,2,1,-1,1,1,48,8,12742,2,2,SCANIA MODEL MISSING,6,-1,0,5
2024201434248,2024,201434248,1,21,0,-1,4,2,6,-1,0,1,0,0,0,0,1,1,-1,1,1,-1,-1,12742,2,2,SCANIA MODEL MISSING,-1,-1,0,-1
2024101528966,2024,101528966,2,21,1,-1,5,2,6,-1,0,0,0,0,0,0,2,1,-1,1,1,61,9,12742,2,2,SCANIA MODEL MISSING,-1,-1,0,-1
2024520403021,2024,520403021,1,21,1,18,19,7,3,0,0,8,0,0,0,0,1,1,6,6,1,23,5,12742,2,6,SCANIA MODEL MISSING,4,E01028904,0,5
2024991469571,2024,991469571,1,11,0,-1,9,4,1,-1,0,8,0,0,0,0,2,1,-1,1,1,52,8,13000,2,7,SCANIA MODEL MISSING,9,-1,0,2
2024631457875,2024,631457875,1,21,4,-1,19,-1,-1,-1,0,0,0,0,0,0,1,1,-1,1,1,-1,-1,12742,2,1,SCANIA MODEL MISSING,4,W01000617,0,4
2024520401686,2024,520401686,1,21,1,18,19,3,7,0,0,0,0,0,0,0,1,1,6,6,1,54,8,12742,2,1,SCANIA MODEL MISSING,6,E01035213,0,4
2024610030824,2024,610030824,2,21,0,18,19,3,7,0,0,0,0,0,0,0,1,1,1,1,1,-1,-1,12742,2,4,SCANIA MODEL MISSING,-1,-1,0,-1
202460Q091398,2024,60Q091398,1,21,1,9,9,1,5,0,0,8,0,0,0,0,3,1,1,1,1,29,6,12742,2,2,SCANIA MODEL MISSING,-1,-1,0,-1
2024351489942,2024,351489942,2,21,-1,-1,19,3,7,-1,0,0,0,0,0,0,4,1,-1,1,1,56,9,9290,2,7,SCANIA MODEL MISSING,4,E01025843,0,5
2024131452590,2024,131452590,2,21,0,-1,19,1,5,-1,0,1,0,0,0,0,1,1,-1,1,1,50,8,12742,2,1,SCANIA MODEL MISSING,3,E01011822,0,2
2024031518374,2024,031518374,3,11,0,-1,3,5,1,-1,0,0,0,0,0,0,0,1,-1,1,1,23,5,9000,2,14,SCANIA MODEL MISSING,-1,-1,0,-1
2024131450006,2024,131450006,2,21,0,-1,19,5,1,-1,0,0,0,0,0,0,3,1,-1,1,1,26,6,16353,2,3,SCANIA MODEL MISSING,5,E01010857,0,2
2024430513112,2024,430513112,1,11,0,18,19,8,4,2,2,8,0,0,0,0,3,1,6,6,1,71,10,9000,5,10,SCANIA MODEL MISSING,10,E01016660,0,2
2024430361362,2024,430361362,1,20,0,18,19,1,5,0,0,0,0,0,0,0,1,1,1,1,1,26,6,12742,2,4,SCANIA MODEL MISSING,8,W01000391,0,5
2024311402067,2024,311402067,1,11,0,-1,7,4,6,-1,0,6,0,0,0,0,1,1,-1,1,3,38,7,9000,5,7,SCANIA MODEL MISSING,-1,-1,0,-1
2024211549659,2024,211549659,2,21,0,-1,7,2,6,-1,0,0,0,0,0,0,4,2,-1,1,1,62,9,12742,2,1,SCANIA MODEL MISSING,-1,-1,0,-1
2024311467848,2024,311467848,2,21,0,-1,19,8,4,-1,0,0,0,0,0,0,3,1,-1,1,1,58,9,12742,2,6,SCANIA MODEL MISSING,5,E01028129,0,3
2024010515555,2024,010515555,2,20,1,18,19,1,5,99,99,9,9,99,9,99,9,9,6,6,1,-1,-1,16353,2,6,SCANIA MODEL MISSING,6,-1,0,5
2024010542913,2024,010542913,1,21,0,18,19,7,3,0,0,0,0,0,0,0,2,1,1,1,1,37,7,9290,2,7,SCANIA MODEL MISSING,3,E01016011,0,3
2024371529549,2024,371529549,1,21,0,-1,-1,-1,-1,-1,0,0,0,0,0,0,-1,1,-1,1,1,67,10,12742,2,4,SCANIA MODEL MISSING,2,E01022046,0,4
2024070023785,2024,070023785,1,21,0,18,19,1,5,0,0,0,1,0,0,0,4,2,1,1,1,19,4,12740,2,10,SCANIA MODEL MISSING,-1,-1,0,-1
2024221421861,2024,221421861,1,21,1,-1,19,8,4,-1,0,0,0,0,0,0,1,9,-1,1,1,29,6,12742,2,5,SCANIA MODEL MISSING,7,E01028954,0,2
2024340NN1492,2024,340NN1492,1,21,0,-1,19,1,5,-1,0,3,5,0,0,0,3,1,-1,1,2,44,7,12742,2,3,SCANIA MODEL MISSING,9,E01027201,0,4
202460Q089558,2024,60Q089558,2,21,1,18,19,5,1,0,0,0,1,0,7,0,1,1,1,1,2,75,10,12742,2,1,SCANIA MODEL MISSING,-1,-1,0,-1
2024031485628,2024,031485628,2,21,1,-1,2,7,7,-1,0,0,0,0,0,0,3,1,-1,1,1,50,8,16353,2,2,SCANIA MODEL MISSING,9,-1,0,4
2024311436355,2024,311436355,2,21,0,-1,3,8,4,-1,0,0,0,0,0,0,1,1,-1,1,1,59,9,12742,2,1,SCANIA MODEL MISSING,8,E01026141,0,3
2024052401495,2024,052401495,2,21,0,18,19,1,5,0,0,0,0,0,0,0,4,1,1,1,1,26,6,12742,2,1,SCANIA MODEL MISSING,10,W01000321,0,4
2024501526273,2024,501526273,1,21,0,-1,19,5,1,-1,0,0,0,0,0,0,4,1,-1,1,1,64,9,9290,2,7,SCANIA MODEL MISSING,1,E01020112,0,3
2024122400395,2024,122400395,2,21,1,18,19,7,3,0,0,0,1,0,0,0,1,1,6,6,1,57,9,12742,2,1,SCANIA MODEL MISSING,8,E01027783,0,4
2024471427740,2024,471427740,3,21,0,-1,19,5,1,-1,0,1,0,0,1,0,0,1,-1,1,1,59,9,8970,2,16,SCANIA MODEL MISSING,5,E01031373,0,1
2024052400878,2024,052400878,2,20,1,18,19,3,7,0,0,1,0,0,0,0,1,1,1,1,1,50,8,-1,-1,-1,SCANIA MODEL MISSING,1,-1,0,5
2024440084802,2024,440084802,2,21,1,2,2,0,0,6,6,0,0,0,0,0,2,1,1,1,1,48,8,9290,2,3,SCANIA MODEL MISSING,10,E01023189,0,3
2024070692482,2024,070692482,2,20,4,5,5,3,6,0,0,4,0,0,0,0,3,1,1,1,1,55,8,-1,-1,-1,SCANIA MODEL MISSING,2,E01006310,0,3
2024440032357,2024,440032357,1,21,1,9,9,8,5,0,0,8,0,0,0,0,4,1,1,1,1,39,7,12742,2,1,SCANIA MODEL MISSING,-1,-1,0,-1
2024471527752,2024,471527752,2,11,0,-1,19,4,8,-1,0,1,0,0,0,0,1,1,-1,1,1,40,7,9000,2,13,SCANIA MODEL MISSING,2,E01020910,0,4
2024010549793,2024,010549793,1,90,0,4,4,7,3,0,0,2,0,0,0,0,1,1,1,1,1,37,7,-1,-1,-1,SCANIA MODEL MISSING,8,E01002348,0,2
2024311424270,2024,311424270,1,11,0,-1,4,6,2,-1,0,1,0,0,0,0,4,1,-1,1,1,57,9,9000,2,10,SCANIA MODEL MISSING,1,E01013920,0,1
2024311513778,2024,311513778,1,11,0,-1,5,5,1,-1,0,0,0,0,0,0,1,1,-1,1,2,48,8,9000,5,7,SCANIA MODEL MISSING,10,E01028148,0,3
2024311526601,2024,311526601,1,11,0,-1,19,4,8,-1,0,3,0,0,0,0,1,1,-1,1,1,52,8,9300,5,5,SCANIA MODEL MISSING,-1,-1,0,-1
2024631481357,2024,631481357,2,21,0,-1,19,8,4,-1,0,0,0,0,0,0,1,1,-1,1,1,55,8,16353,2,3,SCANIA MODEL MISSING,6,W01000674,0,3
2024401480381,2024,401480381,1,21,0,-1,4,8,4,-1,0,0,0,0,0,0,2,1,-1,1,1,28,6,12740,2,8,SCANIA MODEL MISSING,5,E01013582,0,5
2024231480469,2024,231480469,2,21,1,-1,19,1,5,-1,0,8,0,0,0,0,4,1,-1,1,1,46,8,12742,2,3,SCANIA MODEL MISSING,4,E01032415,0,2
2024061521628,2024,061521628,1,21,-1,-1,1,1,5,-1,0,1,0,0,0,0,2,9,-1,6,3,-1,-1,12742,2,0,SCANIA MODEL MISSING,-1,-1,0,-1
2024041423785,2024,041423785,2,21,0,-1,7,3,7,-1,0,0,5,0,7,0,1,1,-1,1,1,39,7,12740,2,11,SCANIA MODEL MISSING,7,E01006302,0,3
2024141477215,2024,141477215,1,21,0,-1,9,1,3,-1,0,8,0,0,0,0,4,9,-1,6,3,-1,-1,12740,2,10,SCANIA MODEL MISSING,-1,-1,0,-1
2024052402165,2024,052402165,2,21,1,18,19,6,2,0,0,8,0,0,0,0,4,1,1,1,1,34,6,12742,2,1,SCANIA MODEL MISSING,5,E01005832,0,4
2024231444976,2024,231444976,5,21,1,-1,4,4,8,-1,0,1,0,0,0,0,0,9,-1,6,-1,45,7,12742,2,5,SCANIA MODEL MISSING,-1,-1,0,-1
2024340WN1152,2024,340WN1152,3,20,0,-1,2,0,0,-1,0,0,0,0,0,0,2,1,-1,6,3,-1,-1,9300,2,2,SCANIA MODEL MISSING,-1,-1,0,-1
2024311437826,2024,311437826,1,11,0,-1,5,5,1,-1,0,0,0,0,0,0,0,9,-1,1,1,55,8,9000,5,6,SCANIA MODEL MISSING,-1,-1,0,-1
2024161439708,2024,161439708,2,21,0,-1,19,1,5,-1,0,0,0,0,0,0,1,1,-1,1,1,61,9,12742,2,3,SCANIA MODEL MISSING,8,E01013256,0,2
2024421422724,2024,421422724,2,21,1,-1,4,2,6,-1,0,0,0,0,0,0,2,1,-1,1,1,54,8,12742,2,1,SCANIA MODEL MISSING,10,E01006079,0,5
2024201496230,2024,201496230,2,20,0,-1,19,3,7,-1,0,8,0,0,0,0,1,1,-1,1,1,-1,-1,-1,-1,-1,SCANIA MODEL MISSING,-1,-1,0,-1
2024501423706,2024,501423706,2,21,0,-1,19,3,7,-1,0,4,1,9,3,0,1,2,-1,1,1,35,6,9290,2,7,SCANIA MODEL MISSING,3,E01018989,0,4
2024332400099,2024,332400099,1,21,0,-1,19,8,4,-1,0,0,2,0,0,0,2,1,-1,1,1,37,7,12742,2,2,SCANIA MODEL MISSING,9,E01025961,0,3
2024302400575,2024,302400575,1,11,0,4,4,8,4,0,0,0,0,0,0,0,0,1,1,1,1,48,8,9000,2,12,SCANIA MODEL MISSING,6,E01019585,0,1
2024061482843,2024,061482843,2,21,1,-1,19,7,3,-1,0,0,0,0,1,0,1,1,-1,1,1,26,6,12740,2,7,SCANIA MODEL MISSING,8,E01035469,0,5
2024421453356,2024,421453356,1,21,1,-1,19,8,4,-1,0,0,1,0,0,0,1,1,-1,1,1,44,7,12740,2,10,SCANIA MODEL MISSING,5,E01026241,0,4
2024231464964,2024,231464964,1,21,1,-1,19,1,5,-1,0,8,0,12,0,0,1,1,-1,1,1,39,7,12742,2,5,SCANIA MODEL MISSING,1,E01026620,0,5
2024520402809,2024,520402809,1,11,0,18,19,2,7,0,0,0,0,0,0,0,3,1,1,1,1,59,9,9000,2,17,SCANIA MODEL MISSING,3,E01032635,0,3
2024430247575,2024,430247575,2,21,0,12,12,1,5,0,0,8,0,0,0,0,3,1,6,6,1,-1,-1,12742,2,7,SCANIA MODEL MISSING,-1,-1,0,-1
2024522402003,2024,522402003,2,21,0,18,19,8,4,0,0,1,0,0,0,0,3,1,6,6,1,64,9,12740,2,6,SCANIA MODEL MISSING,1,E01014583,0,3
2024461496425,2024,461496425,1,21,1,-1,4,3,7,-1,0,0,1,0,0,0,1,1,-1,1,1,51,8,16353,2,0,SCANIA MODEL MISSING,8,E01024203,0,4
2024041528445,2024,041528445,1,21,0,-1,19,1,5,-1,0,0,0,0,0,0,1,1,-1,6,3,-1,-1,12742,2,3,SCANIA MODEL MISSING,-1,-1,0,-1
2024430585954,2024,430585954,3,21,0,3,3,6,2,0,0,0,0,0,0,0,2,1,6,6,1,-1,-1,12742,2,0,SCANIA MODEL MISSING,-1,-1,0,-1
2024041491112,2024,041491112,2,21,0,-1,19,1,5,-1,0,0,0,0,0,0,4,1,-1,1,1,52,8,12742,2,5,SCANIA MODEL MISSING,10,E01025278,0,2
2024440418538,2024,440418538,2,21,0,18,19,3,7,0,0,8,0,0,0,0,3,1,1,1,1,58,9,12740,5,2,SCANIA MODEL MISSING,7,E01027323,0,5
2024041532282,2024,041532282,1,21,0,-1,19,5,1,-1,0,0,0,0,0,0,1,1,-1,1,1,29,6,12740,2,10,SCANIA MODEL MISSING,7,E01025463,0,1
2024122400443,2024,122400443,2,21,1,18,19,1,5,0,0,0,0,0,0,0,4,1,1,1,1,33,6,12740,2,10,SCANIA MODEL MISSING,2,E01012353,0,4
2024010547837,2024,010547837,3,90,0,18,19,3,7,0,0,0,0,0,0,0,2,1,1,1,3,23,5,-1,-1,-1,SCANIA MODEL MISSING,-1,-1,0,-1
202417M110224,2024,17M110224,2,21,0,-1,1,2,6,-1,0,2,0,0,0,0,2,1,-1,1,1,-1,-1,12740,2,7,SCANIA MODEL MISSING,-1,-1,0,-1
2024411472324,2024,411472324,2,21,0,-1,19,7,3,-1,0,1,0,0,0,0,2,1,-1,1,1,42,7,16353,2,3,SCANIA MODEL MISSING,3,W01001497,0,5
2024221498256,2024,221498256,1,21,0,-1,19,1,5,-1,0,0,0,0,0,0,1,1,-1,1,1,66,10,12742,2,3,SCANIA MODEL MISSING,1,E01014201,0,4
2024311454809,2024,311454809,1,11,0,-1,7,6,1,-1,0,2,0,0,0,0,0,1,-1,1,1,42,7,9300,5,5,SCANIA MODEL MISSING,1,E01013920,0,1
2024421482855,2024,421482855,2,21,1,-1,19,1,5,-1,0,0,0,0,0,0,2,1,-1,1,1,33,6,12740,2,8,SCANIA MODEL MISSING,7,E01018065,0,4
2024201484047,2024,201484047,1,11,0,-1,19,1,5,-1,0,0,0,4,0,0,4,9,-1,1,1,-1,-1,9000,2,14,SCANIA MODEL MISSING,-1,-1,0,-1
2024440300097,2024,440300097,2,11,0,17,19,1,5,0,0,0,0,0,0,0,1,1,1,1,1,62,9,12000,2,16,SCANIA MODEL MISSING,2,E01017340,0,2
2024991529896,2024,991529896,1,11,0,-1,19,4,8,-1,0,4,0,0,0,0,1,1,-1,1,1,58,9,9000,2,12,SCANIA MODEL MISSING,4,-1,0,3
2024371412350,2024,371412350,2,21,1,-1,19,7,3,-1,0,0,0,0,0,0,3,1,-1,1,1,51,8,12742,2,1,SCANIA MODEL MISSING,6,E01026494,0,3
2024501424950,2024,501424950,1,11,0,-1,19,1,5,-1,0,0,0,0,0,0,4,9,-1,1,1,51,8,9000,2,10,SCANIA MODEL MISSING,1,E01015086,0,4
2024440451918,2024,440451918,1,21,0,9,9,6,2,0,0,5,0,0,0,0,3,1,1,1,1,41,7,12742,2,6,SCANIA MODEL MISSING,5,E01022556,0,4
2024101488375,2024,101488375,2,11,0,-1,19,3,7,-1,0,1,0,0,0,0,0,2,-1,1,1,54,8,9000,5,10,SCANIA MODEL MISSING,2,E01008752,0,2
2024340WN6122,2024,340WN6122,2,21,0,-1,19,1,5,-1,0,0,0,0,0,0,2,1,-1,1,1,-1,-1,12742,2,2,SCANIA MODEL MISSING,-1,-1,0,-1
202417S414924,2024,17S414924,1,21,1,-1,19,6,2,-1,0,0,0,0,2,0,4,1,-1,1,1,39,7,12742,2,6,SCANIA MODEL MISSING,-1,-1,0,-1
2024010536309,2024,010536309,2,21,1,18,19,3,7,0,0,0,0,0,0,0,3,1,1,1,1,19,4,12742,2,0,SCANIA MODEL MISSING,10,E01023501,0,4
2024351525297,2024,351525297,2,21,0,-1,9,7,5,-1,0,8,0,0,0,0,4,1,-1,1,1,56,9,12742,2,3,SCANIA MODEL MISSING,-1,-1,0,-1
2024061474491,2024,061474491,1,21,0,-1,19,3,7,-1,0,8,0,0,0,0,1,1,-1,1,1,24,5,9290,2,6,SCANIA MODEL MISSING,-1,-1,0,-1
2024311444266,2024,311444266,1,11,0,-1,19,7,3,-1,0,0,0,0,0,0,0,9,-1,1,1,30,6,9000,2,9,SCANIA MODEL MISSING,1,E01013920,0,2
2024430057203,2024,430057203,2,21,0,18,19,1,5,0,0,0,0,0,0,0,1,1,1,1,1,49,8,12742,2,7,SCANIA MODEL MISSING,8,E01024344,0,5
2024471437561,2024,471437561,1,11,0,-1,19,-1,-1,-1,2,9,0,0,0,0,1,1,-1,9,1,59,9,9000,2,15,SCANIA MODEL MISSING,6,E01031574,0,1
2024161437997,2024,161437997,1,21,0,-1,19,2,6,-1,0,1,1,0,0,0,3,1,-1,1,1,34,6,12740,2,11,SCANIA MODEL MISSING,3,E01011304,0,4
202417L204424,2024,17L204424,2,21,1,-1,19,2,6,-1,0,8,0,0,0,0,1,1,-1,1,1,40,7,16353,2,4,SCANIA MODEL MISSING,-1,-1,0,-1