collision_index,collision_year,collision_ref_no,vehicle_reference,vehicle_type,towing_and_articulation,vehicle_manoeuvre_historic,vehicle_manoeuvre,vehicle_direction_from,vehicle_direction_to,vehicle_location_restricted_lane_historic,vehicle_location_restricted_lane,junction_location,skidding_and_overturning,hit_object_in_carriageway,vehicle_leaving_carriageway,hit_object_off_carriageway,first_point_of_impact,vehicle_left_hand_drive,journey_purpose_of_driver_historic,journey_purpose_of_driver,sex_of_driver,age_of_driver,age_band_of_driver,engine_capacity_cc,propulsion_code,age_of_vehicle,generic_make_model,driver_imd_decile,lsoa_of_driver,escooter_flag,driver_distance_banding
2024010531955,2024,010531955,1,21,0,9,9,5,2,0,0,6,0,0,1,0,4,1,1,1,1,49,8,12742,2,5,SCANIA MODEL MISSING,5,E01002305,0,3
2024991515865,2024,991515865,1,21,0,-1,19,5,1,-1,0,0,1,0,2,4,4,1,-1,1,1,48,8,16353,2,5,SCANIA MODEL MISSING,2,E01019230,0,4
2024010510325,2024,010510325,2,21,0,18,19,7,3,0,0,0,0,0,0,0,0,1,1,1,1,67,10,12742,2,2,SCANIA MODEL MISSING,5,E01023529,0,4
2024471469817,2024,471469817,1,90,0,-1,11,5,3,-1,0,3,0,0,0,0,3,1,-1,1,1,48,8,-1,-1,-1,SCANIA MODEL MISSING,9,E01024299,0,4
2024440176823,2024,440176823,2,20,0,18,19,6,2,0,0,0,0,0,0,0,1,1,1,1,1,-1,-1,-1,-1,-1,SCANIA MODEL MISSING,5,E01016242,0,4
2024010500314,2024,010500314,2,11,9,99,99,9,9,99,99,9,9,99,9,99,9,9,6,6,1,39,7,9000,2,14,SCANIA MODEL MISSING,4,E01000947,0,1
2024991515420,2024,991515420,1,90,0,-1,15,2,6,-1,0,8,0,0,0,0,1,1,-1,8,1,34,6,9290,2,5,SCANIA MODEL MISSING,8,-1,0,3
2024991509201,2024,991509201,2,11,0,-1,19,4,7,-1,2,1,0,0,0,0,1,1,-1,1,1,27,6,9000,2,12,SCANIA MODEL MISSING,-1,-1,0,-1
2024461449226,2024,461449226,1,21,0,-1,13,5,1,-1,0,0,0,0,0,0,0,9,-1,1,3,-1,-1,12740,2,10,SCANIA MODEL MISSING,-1,-1,0,-1
2024010545649,2024,010545649,1,21,1,18,19,3,7,0,0,2,0,0,0,0,4,1,6,6,1,44,7,12742,2,6,SCANIA MODEL MISSING,7,-1,0,5
2024351518232,2024,351518232,1,11,0,-1,-1,-1,-1,-1,-1,0,0,0,0,0,-1,1,-1,6,1,18,4,9400,2,19,SCANIA MODEL MISSING,6,E01018195,0,4
2024221507018,2024,221507018,1,21,1,-1,11,3,7,-1,0,0,0,0,0,0,4,1,-1,1,2,22,5,12740,2,7,SCANIA MODEL MISSING,5,W01001383,0,5
2024211529116,2024,211529116,1,21,-1,-1,19,5,1,-1,0,0,0,0,0,0,1,1,-1,1,1,40,7,12742,2,2,SCANIA MODEL MISSING,-1,-1,0,-1
2024211576036,2024,211576036,4,21,1,-1,19,3,7,-1,0,0,3,0,0,0,1,1,-1,1,1,30,6,12742,2,3,SCANIA MODEL MISSING,-1,-1,0,-1
2024041513375,2024,041513375,9,21,1,-1,19,1,5,-1,0,0,0,0,0,0,3,1,-1,1,1,30,6,12742,2,1,SCANIA MODEL MISSING,4,E01019233,0,5
202454C718924,2024,54C718924,1,21,1,9,9,5,3,0,0,8,0,0,0,0,3,1,1,1,1,32,6,12742,2,1,SCANIA MODEL MISSING,2,E01018068,0,5
2024501440411,2024,501440411,1,11,0,-1,19,5,1,-1,0,0,0,0,0,0,4,9,-1,6,1,51,8,9000,2,7,SCANIA MODEL MISSING,5,E01034170,0,1
2024401525972,2024,401525972,1,21,-1,-1,-1,-1,-1,-1,-1,-1,-1,-1,-1,0,-1,9,-1,6,3,-1,-1,12740,2,9,SCANIA MODEL MISSING,-1,-1,0,-1
2024631498163,2024,631498163,2,21,0,-1,9,3,5,-1,0,5,0,0,0,0,3,1,-1,2,1,65,9,9290,2,9,SCANIA MODEL MISSING,1,W01001301,0,4
2024501513682,2024,501513682,1,11,0,-1,19,5,7,-1,0,0,0,11,0,0,4,1,-1,7,1,41,7,9000,2,11,SCANIA MODEL MISSING,4,E01020129,0,3
2024070692482,2024,070692482,1,20,4,5,5,1,5,0,0,4,0,0,0,0,1,1,1,1,1,46,8,-1,-1,-1,SCANIA MODEL MISSING,2,E01019556,0,4
2024440436817,2024,440436817,2,21,0,18,19,1,5,0,0,0,0,0,0,0,1,1,1,1,1,58,9,9290,2,8,SCANIA MODEL MISSING,6,E01017224,0,4
2024421467992,2024,421467992,2,11,0,-1,7,8,3,-1,0,1,0,0,0,0,3,1,-1,1,2,30,6,9000,2,17,SCANIA MODEL MISSING,1,E01021970,0,1
2024501492625,2024,501492625,2,21,1,-1,19,7,3,-1,0,0,0,0,0,0,9,1,-1,6,3,-1,-1,16400,2,8,SCANIA MODEL MISSING,10,E01022465,0,5
2024320227800,2024,320227800,3,21,0,-1,-1,2,6,0,0,0,0,0,0,0,3,1,1,1,1,58,9,12740,2,11,SCANIA MODEL MISSING,3,E01026075,0,4
2024070682440,2024,070682440,2,21,0,16,19,3,7,0,0,2,0,0,0,0,1,1,1,1,1,32,6,12740,2,7,SCANIA MODEL MISSING,7,W01000380,0,3
2024141448884,2024,141448884,1,21,0,-1,4,5,1,-1,0,0,0,0,0,0,2,1,-1,1,1,55,8,12742,2,5,SCANIA MODEL MISSING,5,E01028002,0,3
2024211511192,2024,211511192,2,21,1,-1,11,4,8,-1,0,0,0,0,0,0,4,1,-1,1,1,65,9,12742,2,3,SCANIA MODEL MISSING,-1,-1,0,-1
2024351516755,2024,351516755,2,21,1,-1,4,5,1,-1,0,0,0,0,0,0,2,1,-1,1,1,56,9,12742,2,5,SCANIA MODEL MISSING,9,E01018204,0,4
2024622400382,2024,622400382,1,21,0,5,5,6,2,0,0,4,0,0,0,0,2,1,1,1,2,48,8,12742,2,5,SCANIA MODEL MISSING,4,E01016003,0,5
2024542108424,2024,542108424,2,11,0,18,19,8,4,0,0,0,0,0,0,0,1,1,1,1,1,44,7,13000,2,7,SCANIA MODEL MISSING,7,E01035329,0,5
2024991472649,2024,991472649,2,21,1,-1,19,7,3,-1,0,8,0,0,0,0,1,1,-1,1,1,35,6,12742,2,6,SCANIA MODEL MISSING,7,-1,0,3
2024471425581,2024,471425581,2,11,0,-1,2,8,4,-1,0,0,0,0,0,0,0,1,-1,2,1,50,8,9000,2,16,SCANIA MODEL MISSING,4,E01020914,0,1
2024231490645,2024,231490645,2,21,1,-1,19,4,8,-1,0,0,0,0,0,0,2,9,-1,1,1,48,8,12740,2,9,SCANIA MODEL MISSING,4,E01016008,0,5
2024041511399,2024,041511399,2,21,0,-1,3,1,5,-1,0,0,0,0,0,0,0,1,-1,1,1,42,7,16353,2,2,SCANIA MODEL MISSING,4,E01026256,0,5
2024522401098,2024,522401098,1,21,1,18,19,3,7,0,0,0,0,4,0,0,1,1,6,6,1,19,4,11705,2,18,SCANIA MODEL MISSING,6,E01020045,0,4
2024430252716,2024,430252716,1,20,0,11,11,8,4,0,0,0,0,0,0,0,4,1,1,1,1,35,6,-1,-1,-1,SCANIA MODEL MISSING,6,E01015925,0,4
2024522500425,2024,522500425,2,11,0,12,12,7,3,0,0,0,0,0,0,0,3,1,1,1,3,-1,-1,9300,5,4,SCANIA MODEL MISSING,-1,-1,0,-1
2024201539232,2024,201539232,1,21,1,-1,13,5,1,-1,0,8,0,0,0,0,4,9,-1,6,1,-1,-1,12740,2,8,SCANIA MODEL MISSING,-1,-1,0,-1
2024610042824,2024,610042824,1,21,0,18,19,7,3,0,0,0,0,0,0,0,1,1,1,1,1,73,10,8970,2,18,SCANIA MODEL MISSING,4,W01001523,0,2
2024311499552,2024,311499552,1,11,0,-1,5,7,3,-1,0,1,0,0,0,0,4,9,-1,1,1,-1,-1,9000,2,10,SCANIA MODEL MISSING,-1,-1,0,-1
202454F030424,2024,54F030424,1,21,1,18,19,3,7,0,0,0,0,0,1,9,1,1,1,1,1,55,8,12742,2,0,SCANIA MODEL MISSING,2,E01022899,0,4
2024070876278,2024,070876278,1,21,1,-1,19,4,8,-1,0,1,0,0,0,0,1,1,-1,6,1,-1,-1,12742,2,1,SCANIA MODEL MISSING,-1,-1,0,-1
2024461460473,2024,461460473,1,11,0,-1,19,7,3,-1,0,0,9,0,1,0,4,9,-1,1,1,57,9,9000,2,15,SCANIA MODEL MISSING,4,E01003658,0,4
2024041449981,2024,041449981,2,21,0,-1,3,3,7,-1,0,0,0,0,0,0,2,1,-1,1,1,58,9,12742,2,0,SCANIA MODEL MISSING,3,E01025577,0,4
2024231427229,2024,231427229,2,21,1,-1,19,6,2,-1,0,0,0,0,0,0,1,9,-1,6,1,51,8,12742,2,1,SCANIA MODEL MISSING,5,E01010118,0,2
2024421517772,2024,421517772,1,21,0,-1,19,7,3,-1,0,0,1,0,0,0,1,1,-1,1,1,36,7,12742,2,2,SCANIA MODEL MISSING,10,E01021896,0,4
2024522401379,2024,522401379,1,11,0,18,19,1,5,0,0,0,0,0,0,0,4,1,1,1,3,-1,-1,9300,5,4,SCANIA MODEL MISSING,-1,-1,0,-1
2024501472481,2024,501472481,2,21,0,-1,19,1,4,-1,0,0,0,0,0,0,1,1,-1,1,1,28,6,12742,2,5,SCANIA MODEL MISSING,9,E01020125,0,4
2024430279383,2024,430279383,2,11,0,9,9,4,2,0,0,5,0,0,0,0,3,1,1,1,1,49,8,9000,5,10,SCANIA MODEL MISSING,-1,-1,0,-1
2024161498391,2024,161498391,1,21,1,-1,19,4,8,-1,0,0,0,0,1,1,1,1,-1,2,1,30,6,12740,2,8,SCANIA MODEL MISSING,1,E01012858,0,4
2024010518056,2024,010518056,2,21,9,99,99,9,9,99,99,9,9,99,9,99,9,9,6,6,3,-1,-1,11705,2,17,SCANIA MODEL MISSING,-1,-1,0,-1
2024540264723,2024,540264723,1,11,0,17,19,7,4,0,0,0,1,6,7,10,1,1,1,1,1,48,8,9000,2,18,SCANIA MODEL MISSING,8,E01032001,0,1
2024141456796,2024,141456796,1,90,0,-1,7,6,6,-1,0,3,0,0,0,0,1,1,-1,1,1,59,9,-1,-1,-1,SCANIA MODEL MISSING,6,E01028850,0,5
2024451465571,2024,451465571,2,21,0,-1,19,5,1,-1,0,0,0,0,0,0,3,1,-1,2,1,45,7,12740,2,10,SCANIA MODEL MISSING,9,E01002516,0,3
2024440244740,2024,440244740,2,21,0,4,4,6,8,0,0,8,0,0,0,0,1,1,1,1,1,46,8,12742,2,1,SCANIA MODEL MISSING,-1,-1,0,-1
2024311473530,2024,311473530,1,11,0,-1,4,6,2,-1,0,0,0,0,0,0,0,1,-1,1,1,62,9,9300,5,5,SCANIA MODEL MISSING,1,E01013920,0,1
2024461462945,2024,461462945,1,21,0,-1,19,1,5,-1,0,8,0,11,0,0,1,1,-1,1,1,54,8,12742,2,1,SCANIA MODEL MISSING,8,E01024343,0,2
2024070620020,2024,070620020,1,21,1,18,19,3,6,0,0,3,0,0,0,0,1,1,1,1,1,48,8,12742,2,1,SCANIA MODEL MISSING,1,E01006769,0,4
2024991438490,2024,991438490,2,21,0,-1,19,6,2,-1,0,1,0,0,0,0,1,1,-1,1,1,66,10,12742,2,5,SCANIA MODEL MISSING,2,-1,0,1
2024340NN2702,2024,340NN2702,2,21,0,-1,3,2,6,-1,0,0,0,0,0,0,2,1,-1,1,1,60,9,12742,2,7,SCANIA MODEL MISSING,3,E01015477,0,5
2024131489497,2024,131489497,2,20,0,-1,19,3,8,-1,0,0,0,0,0,0,3,1,-1,6,1,45,7,-1,-1,-1,SCANIA MODEL MISSING,4,E01006013,0,4
2024070605110,2024,070605110,3,21,0,3,3,0,0,0,0,1,0,1,0,0,2,1,1,1,1,57,9,12742,2,4,SCANIA MODEL MISSING,2,E01033887,0,5
2024520401928,2024,520401928,1,11,0,15,15,3,7,0,0,0,0,0,0,0,4,1,6,6,1,28,6,9000,2,7,SCANIA MODEL MISSING,4,E01035129,0,3
2024211493683,2024,211493683,2,21,1,-1,19,3,7,-1,0,8,0,0,0,0,4,1,-1,1,1,65,9,12742,2,1,SCANIA MODEL MISSING,4,E01027376,0,5
2024622400315,2024,622400315,1,21,0,18,19,2,7,0,0,4,0,0,0,0,4,1,1,1,1,56,9,12742,2,1,SCANIA MODEL MISSING,2,W01001166,0,3
2024231485267,2024,231485267,1,21,1,-1,2,0,0,-1,-1,0,0,0,0,0,4,9,-1,6,1,62,9,12740,2,7,SCANIA MODEL MISSING,7,E01014037,0,4
2024141474794,2024,141474794,2,21,0,-1,19,3,7,-1,0,1,0,0,0,0,1,1,-1,6,1,-1,-1,12740,2,6,SCANIA MODEL MISSING,-1,-1,0,-1
2024010534136,2024,010534136,1,21,1,10,10,5,3,0,0,1,0,0,0,0,1,1,1,1,1,34,6,7700,2,1,SCANIA MODEL MISSING,10,E01035350,0,4
2024221414739,2024,221414739,4,21,0,-1,19,2,6,-1,0,0,0,0,0,0,0,1,-1,1,1,52,8,12742,2,4,SCANIA MODEL MISSING,9,E01019312,0,5
2024371445681,2024,371445681,3,21,1,-1,19,2,6,-1,0,2,0,0,0,0,1,1,-1,1,1,42,7,12742,2,1,SCANIA MODEL MISSING,6,E01015019,0,5
2024421460507,2024,421460507,1,21,1,-1,9,3,8,-1,0,3,5,0,0,0,4,1,-1,1,1,30,6,16353,2,1,SCANIA MODEL MISSING,5,-1,0,5
2024070392412,2024,070392412,2,21,1,12,12,8,5,0,0,1,0,0,0,0,1,1,1,1,1,41,7,12742,2,5,SCANIA MODEL MISSING,2,E01025480,0,4
2024351512668,2024,351512668,2,11,0,-1,4,1,5,-1,0,1,0,0,0,0,2,1,-1,1,2,55,8,9000,2,14,SCANIA MODEL MISSING,2,E01026277,0,3
2024010498720,2024,010498720,2,21,1,4,4,7,3,0,0,1,1,0,0,0,1,1,1,1,1,51,8,12742,2,5,SCANIA MODEL MISSING,8,E01032994,0,5
2024401541139,2024,401541139,1,21,0,-1,19,3,7,-1,0,1,0,0,0,0,1,1,-1,1,1,61,9,12742,2,1,SCANIA MODEL MISSING,6,E01031189,0,4
2024141506753,2024,141506753,1,21,1,-1,19,5,1,-1,0,0,5,0,1,0,4,1,-1,1,1,39,7,12742,2,6,SCANIA MODEL MISSING,8,E01013011,0,4
2024430175242,2024,430175242,2,20,0,2,2,0,0,0,0,0,0,0,0,0,0,1,1,1,1,53,8,9290,2,0,SCANIA MODEL MISSING,8,E01030766,0,4
2024991461501,2024,991461501,1,21,0,-1,5,1,5,-1,0,6,0,0,0,0,4,1,-1,1,1,32,6,9290,2,2,SCANIA MODEL MISSING,5,-1,0,4
2024371507553,2024,371507553,1,21,0,-1,1,7,3,-1,0,0,0,0,0,0,2,1,-1,1,1,29,6,12742,2,6,SCANIA MODEL MISSING,2,E01026975,0,5
2024501488357,2024,501488357,1,11,0,-1,19,3,7,-1,0,0,0,0,0,0,3,1,-1,1,2,48,8,9000,2,9,SCANIA MODEL MISSING,6,E01015202,0,3
2024141416908,2024,141416908,3,90,0,-1,19,7,3,-1,0,1,0,0,0,0,2,1,-1,1,1,55,8,-1,-1,-1,SCANIA MODEL MISSING,5,E01011078,0,4
2024052400338,2024,052400338,1,21,0,18,19,1,5,0,0,1,0,0,0,0,1,1,1,1,2,33,6,12742,2,3,SCANIA MODEL MISSING,3,E01004921,0,4
2024211513266,2024,211513266,1,21,1,-1,19,3,7,-1,0,0,0,4,0,0,1,1,-1,1,1,41,7,12742,2,1,SCANIA MODEL MISSING,-1,-1,0,-1
2024522402440,2024,522402440,2,21,0,18,19,8,4,0,0,1,0,0,0,0,1,1,6,6,3,-1,-1,12742,2,2,SCANIA MODEL MISSING,-1,-1,0,-1
2024201441318,2024,201441318,2,11,0,-1,19,4,8,-1,0,8,0,0,0,0,3,1,-1,1,1,61,9,9000,2,16,SCANIA MODEL MISSING,-1,-1,0,-1
2024991419129,2024,991419129,1,21,0,-1,19,6,2,-1,0,4,0,0,0,0,1,1,-1,1,1,41,7,12742,2,6,SCANIA MODEL MISSING,3,-1,0,4
2024131531854,2024,131531854,2,21,1,-1,19,3,7,-1,0,0,0,0,0,0,1,1,-1,1,1,57,9,12742,2,5,SCANIA MODEL MISSING,7,E01029798,0,4
2024141395064,2024,141395064,1,11,0,-1,19,1,5,-1,0,0,0,0,0,0,0,1,-1,1,1,63,9,9000,2,12,SCANIA MODEL MISSING,3,E01007340,0,1
2024161416932,2024,161416932,1,21,0,-1,19,1,5,-1,0,0,0,0,1,4,1,1,-1,1,1,62,9,16353,2,6,SCANIA MODEL MISSING,6,E01012922,0,4
2024552401144,2024,552401144,2,21,1,18,19,8,4,0,0,1,0,0,0,0,1,1,1,1,2,26,6,12740,2,11,SCANIA MODEL MISSING,8,E01029256,0,4
2024461400427,2024,461400427,1,21,0,-1,7,8,3,-1,0,1,0,0,0,0,1,1,-1,1,1,49,8,12742,2,1,SCANIA MODEL MISSING,-1,-1,0,-1
2024231404232,2024,231404232,1,11,0,-1,19,4,8,-1,0,0,0,0,0,0,4,9,-1,1,3,45,7,9000,2,16,SCANIA MODEL MISSING,-1,-1,0,-1
2024332400101,2024,332400101,1,21,0,-1,19,7,3,-1,0,0,5,0,2,3,4,1,-1,1,1,55,8,12740,2,7,SCANIA MODEL MISSING,10,E01025624,0,3
2024461445387,2024,461445387,1,11,0,-1,19,7,3,-1,0,0,0,0,0,0,0,9,-1,1,3,-1,-1,9000,2,16,SCANIA MODEL MISSING,1,E01024504,0,2
2024501448958,2024,501448958,1,21,0,-1,5,7,3,-1,0,0,0,0,0,0,1,1,-1,1,1,66,10,12742,2,1,SCANIA MODEL MISSING,4,E01018905,0,4
2024531401564,2024,531401564,3,21,0,-1,8,7,3,-1,0,6,0,0,0,0,1,1,-1,1,1,54,8,9290,2,7,SCANIA MODEL MISSING,-1,-1,0,-1
2024351462656,2024,351462656,2,21,1,-1,2,0,0,-1,0,0,0,0,0,0,2,1,-1,1,2,42,7,12742,2,7,SCANIA MODEL MISSING,3,E01009661,0,4
2024520403068,2024,520403068,1,21,0,3,3,2,6,0,0,0,0,0,0,0,2,1,6,6,1,33,6,9290,2,5,SCANIA MODEL MISSING,3,E01029062,0,3
2024320492121,2024,320492121,1,21,1,-1,-1,8,4,0,0,0,0,0,0,0,1,1,1,1,1,50,8,12742,2,7,SCANIA MODEL MISSING,4,E01013076,0,4
2024631407415,2024,631407415,1,21,0,-1,13,3,7,-1,0,0,0,0,0,0,4,1,-1,1,1,49,8,-1,-1,-1,SCANIA MODEL MISSING,6,W01000662,0,2
2024421442754,2024,421442754,2,21,1,-1,19,7,3,-1,0,0,0,0,0,0,3,1,-1,1,1,53,8,12740,2,8,SCANIA MODEL MISSING,8,E01029917,0,4
2024052400468,2024,052400468,2,11,0,2,2,0,0,0,0,0,0,0,0,0,2,1,1,1,1,58,9,9000,2,14,SCANIA MODEL MISSING,2,E01006439,0,2
2024522402035,2024,522402035,1,21,1,18,19,6,2,0,0,8,0,0,0,0,1,1,6,6,1,55,8,12742,2,1,SCANIA MODEL MISSING,10,E01014761,0,3
2024531519551,2024,531519551,1,21,0,-1,19,8,4,-1,0,0,0,0,1,9,1,1,-1,1,1,60,9,9290,2,6,SCANIA MODEL MISSING,7,E01022198,0,1
2024461469123,2024,461469123,1,21,5,-1,19,3,7,-1,0,0,0,0,0,0,1,9,-1,6,1,48,8,9290,2,3,SCANIA MODEL MISSING,4,E01021451,0,4
2024010543637,2024,010543637,2,11,0,99,99,9,9,99,99,9,9,99,9,99,9,9,6,6,1,45,7,9000,2,14,SCANIA MODEL MISSING,4,E01003117,0,2
2024421500684,2024,421500684,1,21,0,-1,19,2,6,-1,0,0,0,0,0,0,1,1,-1,1,1,26,6,12742,2,2,SCANIA MODEL MISSING,8,E01021582,0,3
2024221448964,2024,221448964,2,21,1,-1,19,2,7,-1,0,0,0,0,0,0,3,9,-1,1,1,37,7,12742,2,2,SCANIA MODEL MISSING,4,E01022805,0,5
2024340WN1942,2024,340WN1942,3,21,0,-1,4,7,3,-1,0,0,0,0,0,0,2,1,-1,1,1,39,7,12742,2,1,SCANIA MODEL MISSING,3,E01029549,0,4
2024991396177,2024,991396177,1,11,0,-1,5,8,4,-1,0,4,0,0,0,0,1,1,-1,1,1,30,6,13000,2,5,SCANIA MODEL MISSING,3,-1,0,4
2024411450251,2024,411450251,1,11,-1,-1,19,7,1,-1,0,4,0,0,0,0,1,9,-1,6,1,-1,-1,9000,2,5,SCANIA MODEL MISSING,-1,-1,0,-1
2024302401666,2024,302401666,1,21,1,-1,19,3,7,-1,0,0,2,0,0,0,1,1,-1,1,1,46,8,12740,2,10,SCANIA MODEL MISSING,7,E01029780,0,4
2024631503089,2024,631503089,1,21,4,-1,19,3,6,-1,0,4,0,0,0,0,1,1,-1,6,1,65,9,12740,2,12,SCANIA MODEL MISSING,5,W01000647,0,4
2024122500113,2024,122500113,2,21,1,5,5,3,7,8,6,6,0,0,0,0,3,1,6,6,1,56,9,16353,2,2,SCANIA MODEL MISSING,3,W01000372,0,5
2024991446452,2024,991446452,1,21,1,-1,19,4,8,-1,0,0,0,0,0,0,1,1,-1,1,1,51,8,12742,2,1,SCANIA MODEL MISSING,2,-1,0,4
2024440550310,2024,440550310,1,21,0,18,19,4,8,0,0,0,0,0,0,0,1,1,1,1,1,37,7,7700,2,5,SCANIA MODEL MISSING,9,E01033380,0,2
2024051430709,2024,051430709,1,21,1,-1,13,8,4,-1,0,0,0,0,0,0,1,1,-1,1,1,30,6,12742,2,3,SCANIA MODEL MISSING,1,E01006446,0,3
2024010528934,2024,010528934,1,21,1,3,3,7,3,0,0,1,0,0,0,0,2,1,6,6,1,30,6,12742,2,5,SCANIA MODEL MISSING,1,E01024597,0,4
2024122400507,2024,122400507,1,11,0,18,19,5,1,0,0,0,0,0,0,0,1,1,1,1,1,53,8,9000,2,20,SCANIA MODEL MISSING,7,E01027601,0,3
2024320352120,2024,320352120,2,11,0,-1,-1,4,8,0,0,8,0,0,0,0,3,1,1,1,1,60,9,9000,2,17,SCANIA MODEL MISSING,1,E01026168,0,4
2024320180333,2024,320180333,2,21,1,-1,-1,5,1,0,0,0,0,0,0,0,3,1,1,1,1,51,8,12742,2,6,SCANIA MODEL MISSING,5,E01013271,0,4
2024041460080,2024,041460080,2,90,0,-1,19,5,1,-1,0,0,0,0,0,0,2,1,-1,1,1,40,7,-1,-1,-1,SCANIA MODEL MISSING,3,E01018487,0,4
202417S101224,2024,17S101224,2,21,1,18,19,8,4,0,0,0,0,0,0,0,1,1,1,1,1,-1,-1,12742,2,3,SCANIA MODEL MISSING,-1,-1,0,-1
2024461500933,2024,461500933,2,21,1,-1,19,3,7,-1,0,1,0,0,0,0,4,1,-1,2,1,36,7,12742,2,5,SCANIA MODEL MISSING,1,E01002037,0,4
2024332400622,2024,332400622,2,21,0,-1,3,3,7,-1,0,8,0,0,0,0,4,1,-1,1,1,25,5,12742,2,3,SCANIA MODEL MISSING,3,E01013531,0,3
2024131470054,2024,131470054,3,11,0,-1,2,0,0,-1,0,0,0,0,0,0,3,1,-1,6,-1,-1,-1,9000,2,14,SCANIA MODEL MISSING,-1,-1,0,-1
2024501461238,2024,501461238,1,11,0,-1,4,2,6,-1,2,1,0,0,0,0,1,1,-1,1,1,50,8,9000,2,11,SCANIA MODEL MISSING,5,E01020002,0,2
2024411450272,2024,411450272,2,21,0,-1,4,3,7,-1,0,0,0,0,0,0,2,1,-1,1,1,39,7,9290,2,1,SCANIA MODEL MISSING,1,E01017477,0,4
2024010519994,2024,010519994,2,21,1,18,19,7,3,0,0,1,0,0,0,0,2,1,1,1,1,36,7,9290,2,6,SCANIA MODEL MISSING,5,E01000036,0,3
2024221443539,2024,221443539,1,21,1,-1,19,1,6,-1,0,0,0,0,0,0,3,9,-1,1,1,45,7,16353,2,6,SCANIA MODEL MISSING,8,E01029383,0,4
2024010515712,2024,010515712,1,11,0,18,19,5,1,0,0,0,0,0,0,0,4,1,1,1,1,45,7,9000,2,16,SCANIA MODEL MISSING,2,E01035685,0,2
2024221529212,2024,221529212,2,11,0,-1,19,6,2,-1,0,8,0,0,0,0,1,1,-1,1,1,41,7,13000,2,7,SCANIA MODEL MISSING,8,E01032338,0,3
2024031501353,2024,031501353,2,21,4,-1,19,8,4,-1,0,0,1,0,0,0,1,1,-1,1,1,27,6,12740,2,11,SCANIA MODEL MISSING,6,E01019346,0,1
2024231454598,2024,231454598,2,21,1,-1,19,5,1,-1,0,0,0,0,0,0,4,1,-1,1,1,28,6,12742,2,2,SCANIA MODEL MISSING,7,E01009424,0,2
2024311478383,2024,311478383,1,11,0,-1,4,3,7,-1,0,0,0,0,0,0,0,1,-1,1,1,55,8,9300,5,5,SCANIA MODEL MISSING,2,E01013854,0,1
2024101484984,2024,101484984,1,11,0,-1,5,2,6,-1,0,0,0,0,0,0,0,1,-1,1,1,46,8,9000,5,10,SCANIA MODEL MISSING,4,E01008675,0,1
2024461461746,2024,461461746,1,11,0,-1,19,7,3,-1,0,0,0,0,0,0,1,1,-1,1,1,61,9,9000,2,15,SCANIA MODEL MISSING,5,E01024198,0,2
2024371472485,2024,371472485,1,21,1,-1,19,7,4,-1,0,0,0,0,0,0,3,1,-1,1,1,58,9,12742,2,2,SCANIA MODEL MISSING,4,E01018083,0,4
2024531513391,2024,531513391,1,21,0,-1,11,7,3,-1,0,3,0,0,0,0,4,1,-1,1,1,62,9,9290,2,9,SCANIA MODEL MISSING,1,E01014833,0,4
2024440099963,2024,440099963,2,20,0,17,19,5,2,0,0,8,0,0,0,0,3,1,6,6,3,-1,-1,12742,2,3,SCANIA MODEL MISSING,-1,-1,0,-1
2024141566810,2024,141566810,1,21,0,-1,15,4,8,-1,0,0,0,0,0,0,1,1,-1,1,1,33,6,12740,2,7,SCANIA MODEL MISSING,2,E01007448,0,2
2024302401575,2024,302401575,2,20,4,18,19,1,5,0,0,0,0,0,7,10,1,1,6,6,1,26,6,-1,-1,-1,SCANIA MODEL MISSING,4,E01026224,0,4
2024311513808,2024,311513808,1,21,1,-1,19,2,2,-1,0,1,0,11,0,0,1,1,-1,1,1,51,8,9290,2,9,SCANIA MODEL MISSING,3,E01028224,0,3
2024052400248,2024,052400248,1,11,0,18,19,2,6,0,0,0,0,0,0,0,1,1,1,1,1,59,9,9000,2,14,SCANIA MODEL MISSING,1,E01006607,0,1
2024052402699,2024,052402699,2,11,0,15,15,4,8,0,0,8,0,0,0,0,4,1,1,1,1,67,10,9000,2,13,SCANIA MODEL MISSING,1,E01007122,0,2