collision_index,collision_year,collision_ref_no,vehicle_reference,vehicle_type,towing_and_articulation,vehicle_manoeuvre_historic,vehicle_manoeuvre,vehicle_direction_from,vehicle_direction_to,vehicle_location_restricted_lane_historic,vehicle_location_restricted_lane,junction_location,skidding_and_overturning,hit_object_in_carriageway,vehicle_leaving_carriageway,hit_object_off_carriageway,first_point_of_impact,vehicle_left_hand_drive,journey_purpose_of_driver_historic,journey_purpose_of_driver,sex_of_driver,age_of_driver,age_band_of_driver,engine_capacity_cc,propulsion_code,age_of_vehicle,generic_make_model,driver_imd_decile,lsoa_of_driver,escooter_flag,driver_distance_banding
2024311508677,2024,311508677,2,11,0,-1,19,7,4,-1,2,0,0,0,0,0,3,1,-1,1,1,25,5,9000,5,6,SCANIA MODEL MISSING,-1,-1,0,-1
2024311403028,2024,311403028,1,11,0,-1,4,1,5,-1,0,0,0,0,0,0,0,1,-1,1,1,43,7,9000,5,7,SCANIA MODEL MISSING,3,E01028153,0,3
2024631434923,2024,631434923,2,21,0,-1,12,6,2,-1,0,0,0,0,7,7,1,1,-1,1,1,36,7,12742,2,3,SCANIA MODEL MISSING,9,E01018474,0,4
2024311460855,2024,311460855,1,11,0,-1,19,4,2,-1,0,3,0,0,0,0,0,1,-1,1,1,73,10,9300,5,5,SCANIA MODEL MISSING,-1,-1,0,-1
2024531410915,2024,531410915,2,11,0,-1,5,4,8,-1,0,1,0,0,0,0,0,1,-1,1,1,26,6,9000,2,11,SCANIA MODEL MISSING,1,E01022147,0,3
2024421473927,2024,421473927,2,21,1,-1,19,3,7,-1,0,1,0,0,0,0,2,1,-1,1,1,37,7,9290,2,1,SCANIA MODEL MISSING,3,E01015868,0,3
2024302400213,2024,302400213,2,21,0,4,4,4,8,0,0,0,1,0,0,0,1,1,1,1,1,62,9,12742,2,2,SCANIA MODEL MISSING,2,E01019565,0,4
2024211428734,2024,211428734,1,21,1,-1,19,4,7,-1,0,0,0,0,4,6,1,1,-1,1,1,30,6,12742,2,5,SCANIA MODEL MISSING,6,E01025746,0,4
2024991495876,2024,991495876,2,21,0,-1,19,8,4,-1,0,1,0,0,0,0,1,1,-1,1,1,47,8,-1,-1,-1,SCANIA MODEL MISSING,2,-1,0,3
2024201516236,2024,201516236,4,21,1,-1,19,4,8,-1,0,0,1,0,0,0,4,1,-1,1,1,40,7,12740,2,9,SCANIA MODEL MISSING,1,E01016007,0,5
2024471432572,2024,471432572,1,21,0,-1,19,8,4,-1,0,0,0,0,0,0,3,1,-1,1,1,32,6,-1,-1,-1,SCANIA MODEL MISSING,5,E01033838,0,4
2024320236872,2024,320236872,2,21,0,-1,-1,5,1,0,0,8,1,0,7,0,3,1,1,1,1,58,9,12742,2,5,SCANIA MODEL MISSING,-1,-1,0,-1
2024010511876,2024,010511876,2,21,0,18,19,5,1,0,0,1,0,0,0,0,1,1,6,6,1,46,8,12740,2,8,SCANIA MODEL MISSING,10,E01030396,0,1
2024522403078,2024,522403078,2,11,0,13,13,2,6,0,0,8,0,0,0,0,4,1,1,1,1,76,11,9300,5,4,SCANIA MODEL MISSING,7,E01014945,0,2
2024041485598,2024,041485598,3,90,0,-1,19,1,5,-1,0,0,0,0,0,0,0,1,-1,6,-1,-1,-1,-1,-1,-1,SCANIA MODEL MISSING,-1,-1,0,-1
2024440301910,2024,440301910,2,21,0,18,19,1,5,0,0,4,0,0,0,0,1,1,1,1,1,-1,-1,9290,2,6,SCANIA MODEL MISSING,-1,-1,0,-1
2024041447238,2024,041447238,1,21,0,-1,19,5,1,-1,0,3,0,0,0,0,1,1,-1,6,1,-1,-1,12740,2,8,SCANIA MODEL MISSING,-1,-1,0,-1
2024401510822,2024,401510822,4,20,0,-1,3,1,5,-1,0,0,0,0,0,0,2,1,-1,1,-1,45,7,-1,-1,-1,SCANIA MODEL MISSING,7,E01027323,0,4
2024340WN0302,2024,340WN0302,1,21,0,-1,19,2,6,-1,0,0,0,0,0,0,1,1,-1,1,1,56,9,12742,2,5,SCANIA MODEL MISSING,6,E01034304,0,5
2024991441058,2024,991441058,1,21,1,-1,19,4,8,-1,0,1,0,0,0,0,1,9,-1,1,1,49,8,12742,2,1,SCANIA MODEL MISSING,6,-1,0,4
2024451397377,2024,451397377,2,21,1,-1,9,7,3,-1,0,0,0,0,0,0,2,9,-1,6,1,59,9,12740,2,8,SCANIA MODEL MISSING,4,E01032094,0,5
2024131522496,2024,131522496,3,90,0,-1,19,3,7,-1,0,1,0,0,0,0,1,1,-1,1,1,56,9,12742,2,6,SCANIA MODEL MISSING,1,E01010874,0,3
2024320421496,2024,320421496,1,21,0,-1,-1,4,8,0,0,0,0,0,7,9,3,1,1,1,1,54,8,8970,2,17,SCANIA MODEL MISSING,5,E01029837,0,4
2024311519101,2024,311519101,1,11,0,-1,5,1,3,-1,0,0,0,0,0,0,0,1,-1,1,1,50,8,9300,5,2,SCANIA MODEL MISSING,-1,-1,0,-1
2024041413285,2024,041413285,1,21,0,-1,19,5,1,-1,0,1,0,0,0,0,1,1,-1,1,1,50,8,12740,2,9,SCANIA MODEL MISSING,3,E01025065,0,4
2024631411669,2024,631411669,1,21,4,-1,19,2,6,-1,0,2,0,0,0,0,0,1,-1,6,3,-1,-1,12740,2,11,SCANIA MODEL MISSING,7,W01000572,0,3
2024311416211,2024,311416211,1,11,0,-1,4,1,6,-1,0,0,0,0,0,0,0,9,-1,1,3,-1,-1,9300,5,2,SCANIA MODEL MISSING,-1,-1,0,-1
2024631493983,2024,631493983,1,21,1,-1,19,5,1,-1,0,0,1,0,0,0,1,1,-1,1,1,64,9,12742,2,3,SCANIA MODEL MISSING,8,W01000170,0,4
2024421433543,2024,421433543,2,21,1,-1,4,6,2,-1,0,0,0,0,0,0,3,1,-1,1,2,37,7,16353,2,2,SCANIA MODEL MISSING,4,E01016003,0,4
2024501432327,2024,501432327,2,21,0,-1,19,1,5,-1,0,1,0,0,0,0,2,1,-1,1,1,48,8,9290,2,3,SCANIA MODEL MISSING,4,E01020081,0,4
2024320733523,2024,320733523,3,21,0,-1,-1,3,7,0,0,1,0,0,0,0,1,1,1,1,1,46,8,12740,2,8,SCANIA MODEL MISSING,-1,-1,0,-1
2024010500446,2024,010500446,2,11,9,18,19,2,6,99,99,9,9,99,9,99,9,9,6,6,3,-1,-1,9000,2,12,SCANIA MODEL MISSING,-1,-1,0,-1
2024991470260,2024,991470260,1,11,0,-1,4,5,1,-1,0,1,0,0,0,0,4,1,-1,1,1,20,4,9000,2,11,SCANIA MODEL MISSING,-1,-1,0,-1
2024991533845,2024,991533845,2,11,0,-1,19,4,8,-1,0,1,0,0,0,0,1,1,-1,1,1,33,6,9000,2,12,SCANIA MODEL MISSING,3,-1,0,1
2024361450311,2024,361450311,2,21,4,-1,2,3,7,-1,0,0,0,4,0,0,2,1,-1,1,1,42,7,12740,2,8,SCANIA MODEL MISSING,7,E01018276,0,4
2024320358471,2024,320358471,3,21,1,-1,-1,4,8,0,0,0,0,0,0,0,3,1,1,1,1,60,9,12740,2,7,SCANIA MODEL MISSING,1,E01026069,0,3
2024461447341,2024,461447341,2,21,1,-1,4,3,7,-1,0,0,0,0,0,0,1,1,-1,2,1,44,7,12742,2,1,SCANIA MODEL MISSING,4,E01022048,0,4
2024311433890,2024,311433890,1,11,0,-1,5,6,2,-1,0,0,0,0,0,0,0,1,-1,1,1,-1,-1,9000,5,7,SCANIA MODEL MISSING,1,E01013920,0,1
2024010534396,2024,010534396,2,21,1,18,19,5,1,0,0,2,0,0,0,0,2,1,1,1,1,36,7,12742,2,5,SCANIA MODEL MISSING,5,E01016013,0,3
2024451422858,2024,451422858,2,21,1,-1,19,5,1,-1,0,0,0,0,0,0,2,1,-1,1,1,30,6,12742,2,5,SCANIA MODEL MISSING,3,E01034682,0,5
2024311470879,2024,311470879,1,11,0,-1,19,7,3,-1,0,0,0,0,0,0,0,1,-1,1,2,45,7,9000,5,7,SCANIA MODEL MISSING,1,E01013920,0,1
2024340NN2982,2024,340NN2982,1,21,0,-1,9,5,3,-1,0,4,0,0,0,0,4,1,-1,1,1,47,8,12742,2,4,SCANIA MODEL MISSING,3,E01026270,0,4
2024161434873,2024,161434873,1,20,0,-1,5,4,8,-1,0,2,0,0,0,0,3,1,-1,1,1,39,7,-1,-1,-1,SCANIA MODEL MISSING,9,-1,0,5
2024461408867,2024,461408867,1,11,0,-1,-1,-1,-1,-1,0,0,0,0,0,0,0,9,-1,1,1,-1,-1,9000,2,15,SCANIA MODEL MISSING,4,E01024222,0,1
2024340NN2912,2024,340NN2912,2,21,0,-1,3,1,5,-1,0,1,0,0,0,0,2,1,-1,1,1,53,8,12742,2,3,SCANIA MODEL MISSING,3,E01027056,0,4
2024211529807,2024,211529807,1,90,1,-1,19,4,8,-1,0,0,0,0,0,0,3,1,-1,1,1,55,8,-1,-1,-1,SCANIA MODEL MISSING,5,E01011770,0,5
2024061434488,2024,061434488,2,11,0,-1,19,4,7,-1,0,1,0,0,0,0,1,1,-1,1,1,45,7,9000,2,15,SCANIA MODEL MISSING,1,E01006109,0,1
2024211520922,2024,211520922,2,20,0,-1,19,2,3,-1,0,3,0,0,0,0,3,1,-1,6,1,48,8,-1,-1,-1,SCANIA MODEL MISSING,3,E01000335,0,5
2024070497357,2024,070497357,1,21,1,4,4,5,1,0,0,0,1,0,0,0,2,1,1,1,1,-1,-1,12742,2,5,SCANIA MODEL MISSING,-1,-1,0,-1
2024141516119,2024,141516119,2,21,0,-1,3,1,5,-1,0,0,0,0,0,0,2,1,-1,1,1,67,10,12742,2,2,SCANIA MODEL MISSING,4,E01013179,0,4
2024311425951,2024,311425951,1,11,0,-1,2,1,4,-1,2,1,0,0,0,0,0,1,-1,1,2,40,7,9300,5,5,SCANIA MODEL MISSING,1,E01013920,0,1
2024522403153,2024,522403153,1,11,0,5,5,5,1,0,0,0,0,0,0,0,0,1,1,1,1,61,9,9300,5,4,SCANIA MODEL MISSING,2,E01014486,0,1
2024122400666,2024,122400666,2,21,1,18,19,5,1,0,0,0,0,0,0,0,1,1,1,1,1,34,6,9290,2,2,SCANIA MODEL MISSING,2,E01011809,0,4
2024311476116,2024,311476116,1,21,0,-1,4,3,7,-1,0,0,1,0,0,0,1,1,-1,1,1,43,7,12740,2,9,SCANIA MODEL MISSING,7,E01013669,0,4
2024070808854,2024,070808854,2,11,0,-1,19,1,5,-1,0,0,0,0,0,0,2,1,-1,1,1,81,11,9000,2,18,SCANIA MODEL MISSING,1,E01005826,0,4
2024211477034,2024,211477034,1,21,2,-1,7,8,4,-1,0,0,5,10,7,0,1,1,-1,1,1,60,9,16353,2,3,SCANIA MODEL MISSING,9,E01019416,0,4
2024061475387,2024,061475387,2,21,1,-1,13,4,8,-1,0,0,0,0,0,0,4,1,-1,6,-1,-1,-1,12742,2,6,SCANIA MODEL MISSING,-1,-1,0,-1
2024201526376,2024,201526376,2,21,0,-1,11,1,5,-1,0,0,0,0,0,0,1,1,-1,1,1,58,9,12742,2,1,SCANIA MODEL MISSING,5,E01019132,0,5
2024991475308,2024,991475308,3,20,0,-1,19,2,6,-1,0,0,0,0,0,0,3,1,-1,1,1,38,7,9290,2,8,SCANIA MODEL MISSING,6,-1,0,3
2024421530887,2024,421530887,3,21,1,-1,19,4,8,-1,0,0,0,0,0,0,2,1,-1,1,1,57,9,12742,2,2,SCANIA MODEL MISSING,10,E01027037,0,4
2024401401301,2024,401401301,2,21,9,-1,3,4,8,-1,0,8,0,0,9,0,2,9,-1,6,1,64,9,12742,2,2,SCANIA MODEL MISSING,8,E01035608,0,4
2024201523741,2024,201523741,2,21,1,-1,7,5,7,-1,0,4,0,0,0,0,1,1,-1,6,3,30,6,12742,2,3,SCANIA MODEL MISSING,-1,-1,0,-1
2024501504164,2024,501504164,2,21,1,-1,19,7,3,-1,0,0,0,1,0,0,1,1,-1,1,1,50,8,12742,2,5,SCANIA MODEL MISSING,4,E01032013,0,5
2024031445811,2024,031445811,1,21,0,-1,19,7,3,-1,0,0,0,0,7,4,1,9,-1,1,1,26,6,12742,2,4,SCANIA MODEL MISSING,8,E01019086,0,4
2024991414183,2024,991414183,2,21,0,-1,2,7,4,-1,0,8,0,0,0,0,3,1,-1,1,1,35,6,12740,2,7,SCANIA MODEL MISSING,-1,-1,0,-1
2024052400123,2024,052400123,1,21,0,11,11,4,8,0,0,0,0,0,0,0,4,1,1,1,1,-1,-1,12742,2,3,SCANIA MODEL MISSING,-1,-1,0,-1
2024311397355,2024,311397355,2,11,0,-1,19,1,6,-1,0,1,0,0,0,0,0,1,-1,1,1,55,8,9300,5,5,SCANIA MODEL MISSING,2,E01013897,0,2
2024141493306,2024,141493306,2,11,0,-1,19,8,1,-1,0,2,0,0,0,0,3,9,-1,1,1,51,8,9000,2,14,SCANIA MODEL MISSING,7,E01007439,0,2
2024320762237,2024,320762237,2,21,1,-1,-1,1,5,0,0,0,1,0,7,4,1,1,1,1,1,51,8,12742,2,5,SCANIA MODEL MISSING,-1,-1,0,-1
2024221464737,2024,221464737,2,21,1,-1,2,0,0,-1,0,8,0,0,0,0,0,1,-1,1,1,32,6,12742,2,2,SCANIA MODEL MISSING,2,E01029835,0,4
2024161525011,2024,161525011,2,21,0,-1,19,7,3,-1,0,0,1,0,0,0,1,1,-1,1,1,41,7,12742,2,5,SCANIA MODEL MISSING,7,E01013124,0,3
2024031557807,2024,031557807,1,21,1,-1,19,8,4,-1,0,0,0,0,0,0,1,1,-1,1,1,43,7,12742,2,6,SCANIA MODEL MISSING,1,E01009622,0,5
2024311520458,2024,311520458,2,11,0,-1,5,4,1,-1,0,0,0,10,0,0,4,1,-1,1,2,30,6,9000,5,6,SCANIA MODEL MISSING,1,E01013920,0,1
2024201449698,2024,201449698,1,11,0,-1,19,8,4,-1,0,8,0,0,0,0,1,9,-1,6,1,45,7,9000,2,14,SCANIA MODEL MISSING,2,E01010051,0,2
2024311428448,2024,311428448,1,11,0,-1,19,4,2,-1,0,0,0,0,0,0,0,9,-1,1,1,58,9,9000,5,6,SCANIA MODEL MISSING,1,E01013954,0,2
2024340NN4312,2024,340NN4312,1,21,1,-1,11,9,9,-1,0,3,0,0,0,0,1,1,-1,6,3,-1,-1,12742,2,6,SCANIA MODEL MISSING,-1,-1,0,-1
2024161460044,2024,161460044,1,21,0,-1,11,1,5,-1,0,0,0,0,0,0,4,1,-1,1,1,58,9,12740,2,7,SCANIA MODEL MISSING,1,E01035464,0,3
2024010533957,2024,010533957,2,21,9,18,19,1,5,99,99,9,9,99,9,99,9,9,6,6,1,41,7,12742,2,3,SCANIA MODEL MISSING,9,E01028860,0,5
2024371434659,2024,371434659,1,21,1,-1,19,5,1,-1,0,4,5,0,3,4,1,1,-1,1,1,59,9,12742,2,5,SCANIA MODEL MISSING,8,E01015965,0,4
2024211475214,2024,211475214,1,21,1,-1,19,3,7,-1,0,0,0,0,0,0,1,1,-1,1,1,71,10,12740,2,10,SCANIA MODEL MISSING,4,E01029797,0,2
2024361423326,2024,361423326,1,11,0,-1,19,1,5,-1,0,1,0,0,0,0,1,9,-1,1,1,28,6,9000,2,15,SCANIA MODEL MISSING,8,E01026470,0,4
2024302400308,2024,302400308,1,21,1,18,19,6,2,0,0,2,0,0,0,0,1,1,1,1,1,65,9,12742,2,4,SCANIA MODEL MISSING,4,E01025907,0,4
202417S215224,2024,17S215224,2,21,1,-1,11,4,8,-1,0,0,0,0,0,0,4,1,-1,1,1,-1,-1,12740,2,8,SCANIA MODEL MISSING,-1,-1,0,-1
2024361516834,2024,361516834,1,21,1,-1,19,1,5,-1,0,0,0,0,0,0,2,1,-1,1,1,37,7,12740,2,8,SCANIA MODEL MISSING,7,E01017431,0,5
2024471480681,2024,471480681,2,90,0,-1,19,4,6,-1,0,3,0,0,3,0,4,1,-1,1,1,57,9,-1,-1,-1,SCANIA MODEL MISSING,5,E01026276,0,5
2024320228207,2024,320228207,2,21,0,-1,-1,8,4,0,0,0,0,0,0,0,3,1,1,1,1,32,6,12740,2,9,SCANIA MODEL MISSING,4,E01026230,0,3
2024520402626,2024,520402626,2,21,0,9,9,5,1,0,0,8,0,0,0,0,4,1,6,6,1,27,6,12742,2,0,SCANIA MODEL MISSING,9,E01029205,0,2
2024311407277,2024,311407277,1,11,0,-1,19,6,2,-1,0,0,0,0,0,0,0,1,-1,1,1,41,7,9300,5,2,SCANIA MODEL MISSING,1,E01013920,0,2
2024311497135,2024,311497135,2,21,1,-1,19,8,4,-1,0,0,0,0,0,0,2,1,-1,1,1,47,8,12742,2,7,SCANIA MODEL MISSING,3,E01033092,0,5
2024311476581,2024,311476581,1,11,0,-1,2,0,0,-1,0,0,0,0,0,0,0,1,-1,1,1,-1,-1,9000,5,7,SCANIA MODEL MISSING,8,E01028170,0,1
2024610050724,2024,610050724,1,11,0,2,2,0,0,0,0,0,0,0,0,0,2,1,1,1,1,45,7,9000,2,9,SCANIA MODEL MISSING,9,W01001514,0,1
2024340WN5772,2024,340WN5772,1,11,0,-1,19,7,3,-1,0,0,0,0,0,0,1,1,-1,1,1,31,6,9000,2,16,SCANIA MODEL MISSING,3,E01027147,0,1
2024302400216,2024,302400216,2,21,0,18,19,8,4,0,0,0,0,0,1,4,1,1,6,6,1,44,7,16400,2,8,SCANIA MODEL MISSING,8,E01019755,0,3
2024430132609,2024,430132609,2,21,0,2,2,0,0,0,0,0,0,0,0,0,2,1,6,6,1,30,6,16400,2,7,SCANIA MODEL MISSING,3,E01010324,0,5
2024320192356,2024,320192356,2,21,0,-1,-1,3,7,0,0,8,0,0,0,0,1,1,1,1,1,57,9,12742,2,5,SCANIA MODEL MISSING,5,E01026276,0,3
2024052400080,2024,052400080,1,21,0,18,19,4,8,0,0,1,0,0,0,0,1,1,1,1,1,-1,-1,12742,2,3,SCANIA MODEL MISSING,-1,-1,0,-1
2024361412542,2024,361412542,2,21,0,-1,8,1,6,-1,0,1,0,0,0,0,2,1,-1,1,1,55,8,-1,-1,-1,SCANIA MODEL MISSING,5,E01018016,0,4
202460Q092488,2024,60Q092488,2,21,1,18,19,7,3,0,0,1,5,9,0,0,1,1,6,6,1,34,6,12742,2,4,SCANIA MODEL MISSING,-1,-1,0,-1
202417S414924,2024,17S414924,2,21,1,-1,2,0,0,-1,0,0,0,0,0,0,3,1,-1,1,1,57,9,12742,2,3,SCANIA MODEL MISSING,-1,-1,0,-1
2024041488280,2024,041488280,1,21,0,-1,19,7,3,-1,0,0,0,0,0,0,1,1,-1,1,1,53,8,16353,2,2,SCANIA MODEL MISSING,1,E01025049,0,1
2024010512349,2024,010512349,2,21,1,2,2,0,0,0,0,0,0,0,0,0,2,1,6,6,3,-1,-1,12742,2,3,SCANIA MODEL MISSING,-1,-1,0,-1
2024552401407,2024,552401407,1,21,0,18,19,8,4,0,0,0,0,0,1,3,1,1,1,1,1,56,9,12742,2,2,SCANIA MODEL MISSING,6,E01015373,0,1
2024501516873,2024,501516873,1,21,5,-1,19,2,6,-1,0,0,2,0,2,10,3,1,-1,1,1,54,8,9290,2,7,SCANIA MODEL MISSING,4,E01034157,0,3
2024041489689,2024,041489689,1,21,0,-1,19,1,5,-1,0,0,2,7,6,6,1,1,-1,1,1,39,7,15607,2,18,SCANIA MODEL MISSING,2,E01025152,0,4
2024221488452,2024,221488452,1,21,1,-1,19,1,5,-1,0,0,0,0,0,0,1,1,-1,1,2,40,7,12740,2,9,SCANIA MODEL MISSING,3,E01014072,0,2
2024031521756,2024,031521756,2,21,1,-1,19,4,8,-1,0,0,0,0,0,0,1,1,-1,1,1,48,8,16353,2,6,SCANIA MODEL MISSING,4,E01019107,0,4
2024101474218,2024,101474218,1,11,0,-1,3,1,5,-1,0,0,0,0,0,0,0,1,-1,1,1,39,7,9000,2,20,SCANIA MODEL MISSING,3,E01020591,0,2
2024501468441,2024,501468441,1,21,0,-1,19,8,4,-1,0,0,1,0,0,0,1,1,-1,1,1,43,7,12740,2,7,SCANIA MODEL MISSING,5,E01020069,0,2
2024070534764,2024,070534764,1,21,0,18,19,1,5,0,0,0,0,0,7,11,1,1,1,1,1,-1,-1,12740,2,9,SCANIA MODEL MISSING,7,E01029582,0,4
2024421528218,2024,421528218,1,90,-1,-1,99,-1,-1,-1,99,9,9,99,9,99,1,9,-1,8,2,47,8,9290,2,2,SCANIA MODEL MISSING,9,E01021825,0,3
2024311491392,2024,311491392,1,11,0,-1,20,1,5,-1,0,0,0,0,0,0,0,1,-1,1,2,48,8,9300,5,5,SCANIA MODEL MISSING,-1,-1,0,-1
2024311418761,2024,311418761,1,11,0,-1,4,4,8,-1,0,0,0,0,0,0,0,1,-1,1,2,61,9,9000,5,7,SCANIA MODEL MISSING,-1,-1,0,-1
2024211486761,2024,211486761,2,21,0,-1,2,7,3,-1,-1,0,0,0,0,0,3,1,-1,9,1,56,9,9290,2,8,SCANIA MODEL MISSING,5,E01013733,0,4
2024451531826,2024,451531826,1,21,0,-1,11,5,1,-1,0,0,0,0,0,0,4,1,-1,1,1,38,7,12742,2,5,SCANIA MODEL MISSING,8,E01018515,0,5
2024461484369,2024,461484369,1,11,0,-1,13,2,6,-1,0,0,0,0,0,0,4,1,-1,1,1,55,8,9000,2,8,SCANIA MODEL MISSING,4,E01024698,0,3
2024161434383,2024,161434383,2,21,0,-1,19,1,5,-1,0,1,0,0,1,4,1,1,-1,1,1,25,5,12742,2,4,SCANIA MODEL MISSING,6,E01013119,0,4
2024320056925,2024,320056925,1,21,0,-1,-1,7,3,0,0,0,5,0,1,0,1,1,1,1,1,35,6,12740,2,8,SCANIA MODEL MISSING,2,E01011002,0,5
202417M115924,2024,17M115924,1,21,1,-1,19,1,4,-1,0,7,0,0,0,0,1,1,-1,1,1,56,9,12740,2,9,SCANIA MODEL MISSING,9,E01012139,0,3
2024311431257,2024,311431257,2,11,0,-1,12,5,1,-1,0,0,0,0,0,0,0,1,-1,1,1,35,6,9300,5,2,SCANIA MODEL MISSING,2,E01028186,0,1
2024041511107,2024,041511107,2,11,0,-1,3,1,5,-1,0,0,0,0,0,0,0,1,-1,1,1,39,7,9000,2,14,SCANIA MODEL MISSING,3,E01033072,0,3
2024041478023,2024,041478023,3,21,0,-1,19,5,1,-1,0,0,0,0,0,0,4,1,-1,1,1,56,9,12742,2,1,SCANIA MODEL MISSING,5,E01004894,0,4
2024311452542,2024,311452542,2,11,0,-1,19,5,1,-1,0,1,0,0,0,0,0,9,-1,1,1,72,10,9300,5,5,SCANIA MODEL MISSING,1,E01013920,0,1
2024340WN4412,2024,340WN4412,2,21,0,-1,19,6,4,-1,0,0,0,0,0,0,4,1,-1,1,1,59,9,-1,-1,-1,SCANIA MODEL MISSING,7,E01027282,0,2
202454E863324,2024,54E863324,3,20,1,18,19,7,3,0,0,1,0,0,0,0,1,1,6,6,1,39,7,12742,2,2,SCANIA MODEL MISSING,6,E01029020,0,4
2024101492842,2024,101492842,2,21,1,-1,2,3,7,-1,0,0,0,0,0,0,2,1,-1,1,1,41,7,12740,2,8,SCANIA MODEL MISSING,-1,-1,0,-1
2024991534015,2024,991534015,1,21,0,-1,11,7,3,-1,0,0,0,0,0,0,4,1,-1,6,3,22,5,12742,2,3,SCANIA MODEL MISSING,3,-1,0,4
2024010547962,2024,010547962,1,21,1,18,19,3,7,0,0,8,0,0,0,0,1,1,1,1,1,35,6,12740,5,0,SCANIA MODEL MISSING,4,E01024167,0,3
2024111529539,2024,111529539,2,21,0,-1,19,5,1,-1,0,0,0,0,0,0,3,1,-1,1,1,43,7,12742,2,2,SCANIA MODEL MISSING,-1,-1,0,-1
2024201401998,2024,201401998,1,21,0,-1,12,7,3,-1,0,0,0,7,4,10,1,9,-1,1,1,43,7,12740,2,10,SCANIA MODEL MISSING,2,E01010500,0,4
2024531470465,2024,531470465,1,90,0,-1,19,8,3,-1,0,8,0,0,0,0,1,1,-1,1,1,37,7,9290,2,7,SCANIA MODEL MISSING,9,E01022359,0,4
2024010520377,2024,010520377,2,20,4,99,99,9,9,99,99,9,9,99,9,99,9,9,6,6,3,55,8,12742,2,2,SCANIA MODEL MISSING,4,E01017723,0,4
2024552401073,2024,552401073,1,11,0,18,19,4,8,0,0,0,0,0,0,0,0,1,1,1,1,61,9,9000,2,15,SCANIA MODEL MISSING,4,E01015303,0,2
2024231427459,2024,231427459,1,21,1,-1,19,7,3,-1,0,0,0,0,1,4,1,1,-1,1,1,32,6,12742,5,1,SCANIA MODEL MISSING,3,E01031053,0,4
2024041461448,2024,041461448,1,21,5,-1,19,3,7,-1,0,0,0,0,0,0,0,1,-1,1,1,75,10,12740,2,9,SCANIA MODEL MISSING,7,E01025496,0,3
2024552400846,2024,552400846,5,21,0,2,2,0,0,0,0,0,0,0,0,0,2,1,1,1,3,-1,-1,9290,2,3,SCANIA MODEL MISSING,-1,-1,0,-1
2024461398727,2024,461398727,3,21,0,-1,2,0,0,-1,-1,0,0,0,0,0,2,9,-1,1,1,42,7,-1,-1,-1,SCANIA MODEL MISSING,4,E01024138,0,2
2024461449493,2024,461449493,2,21,1,-1,19,5,3,-1,0,0,0,0,0,0,2,9,-1,1,1,37,7,12740,2,10,SCANIA MODEL MISSING,7,E01015946,0,4
2024010517638,2024,010517638,1,21,1,4,4,3,7,0,0,0,1,0,0,0,1,1,1,1,1,38,7,12742,2,3,SCANIA MODEL MISSING,2,E01004980,0,5
2024010531938,2024,010531938,1,11,0,4,4,3,7,2,2,0,0,0,0,0,1,1,1,1,1,35,6,9000,2,16,SCANIA MODEL MISSING,3,E01035674,0,2
2024461407835,2024,461407835,2,21,4,-1,2,0,0,-1,-1,0,0,0,0,0,2,1,-1,1,1,50,8,12740,2,11,SCANIA MODEL MISSING,1,E01015932,0,4
2024332400386,2024,332400386,1,21,0,-1,12,7,3,-1,0,0,0,0,7,4,1,1,-1,1,1,55,8,12742,2,1,SCANIA MODEL MISSING,5,E01025625,0,1
2024440487162,2024,440487162,3,21,0,18,19,5,1,0,0,3,0,0,0,0,3,1,1,1,1,33,6,12742,2,5,SCANIA MODEL MISSING,1,W01001740,0,5
2024211419902,2024,211419902,2,21,1,-1,12,8,4,-1,0,0,0,0,0,0,2,9,-1,1,1,54,8,12742,2,3,SCANIA MODEL MISSING,4,-1,0,5
2024421534678,2024,421534678,2,21,0,-1,19,7,3,-1,0,8,0,0,0,0,4,1,-1,1,1,54,8,9290,2,7,SCANIA MODEL MISSING,5,E01003721,0,4
2024311414986,2024,311414986,1,11,0,-1,19,8,4,-1,0,8,0,0,0,0,3,1,-1,1,1,40,7,9300,5,5,SCANIA MODEL MISSING,-1,-1,0,-1
2024070343377,2024,070343377,1,21,0,1,1,1,5,0,0,0,0,0,0,0,1,1,6,6,1,-1,-1,12742,2,3,SCANIA MODEL MISSING,-1,-1,0,-1