collision_index,collision_year,collision_ref_no,vehicle_reference,vehicle_type,towing_and_articulation,vehicle_manoeuvre_historic,vehicle_manoeuvre,vehicle_direction_from,vehicle_direction_to,vehicle_location_restricted_lane_historic,vehicle_location_restricted_lane,junction_location,skidding_and_overturning,hit_object_in_carriageway,vehicle_leaving_carriageway,hit_object_off_carriageway,first_point_of_impact,vehicle_left_hand_drive,journey_purpose_of_driver_historic,journey_purpose_of_driver,sex_of_driver,age_of_driver,age_band_of_driver,engine_capacity_cc,propulsion_code,age_of_vehicle,generic_make_model,driver_imd_decile,lsoa_of_driver,escooter_flag,driver_distance_banding
2024501485289,2024,501485289,2,21,0,-1,15,6,3,-1,9,0,0,0,1,0,3,1,-1,1,1,25,5,9290,2,14,SCANIA MODEL MISSING,4,E01019054,0,1
2024311509813,2024,311509813,1,11,0,-1,4,5,1,-1,0,0,0,0,0,0,0,1,-1,1,1,47,8,9000,5,6,SCANIA MODEL MISSING,-1,-1,0,-1
2024221533988,2024,221533988,2,11,0,-1,19,4,8,-1,0,0,0,0,0,0,1,9,-1,7,1,31,6,9291,2,2,SCANIA MODEL MISSING,2,E01014105,0,2
2024552400788,2024,552400788,2,21,1,4,4,4,8,7,6,5,0,0,0,0,2,1,1,1,1,45,7,12740,2,10,SCANIA MODEL MISSING,1,W01001292,0,5
2024041533817,2024,041533817,2,21,0,-1,19,5,1,-1,0,0,0,0,0,0,2,1,-1,1,1,44,7,12742,2,0,SCANIA MODEL MISSING,4,W01000293,0,4
2024010492194,2024,010492194,1,21,1,18,19,3,7,0,0,0,0,0,0,0,0,1,1,1,1,-1,-1,12742,2,6,SCANIA MODEL MISSING,8,E01025602,0,5
2024440023057,2024,440023057,2,11,0,18,19,2,6,2,2,1,0,0,0,0,1,1,1,1,1,41,7,9000,2,16,SCANIA MODEL MISSING,5,E01017209,0,1
2024430362699,2024,430362699,1,21,0,4,4,8,4,0,0,1,0,0,0,0,1,1,1,1,1,55,8,12742,2,6,SCANIA MODEL MISSING,7,E01016317,0,3
2024471405440,2024,471405440,1,11,0,-1,9,3,1,-1,0,8,0,0,0,0,0,1,-1,1,1,63,9,9000,2,7,SCANIA MODEL MISSING,4,E01021011,0,2
2024421481931,2024,421481931,1,21,1,-1,19,3,7,-1,0,0,0,0,0,0,1,1,-1,1,1,34,6,12742,2,4,SCANIA MODEL MISSING,2,E01031066,0,5
2024070403247,2024,070403247,3,21,1,18,19,3,7,0,0,8,0,0,0,0,1,1,1,1,1,37,7,12740,2,9,SCANIA MODEL MISSING,5,W01002031,0,5
2024320265992,2024,320265992,1,21,0,-1,-1,6,2,0,0,0,0,0,0,0,1,1,1,1,1,51,8,16353,2,4,SCANIA MODEL MISSING,3,E01031117,0,5
2024421400992,2024,421400992,3,21,1,-1,19,1,5,-1,0,0,0,0,0,0,1,1,-1,1,1,51,8,12740,2,7,SCANIA MODEL MISSING,7,E01021430,0,4
2024320185218,2024,320185218,2,21,0,-1,-1,3,7,0,0,0,0,0,0,0,3,1,1,1,1,50,8,12742,2,6,SCANIA MODEL MISSING,4,E01026019,0,3
2024371521882,2024,371521882,2,11,0,-1,19,7,3,-1,0,1,1,0,0,0,0,1,-1,1,1,26,6,9000,2,19,SCANIA MODEL MISSING,8,E01033047,0,3
2024340WN5922,2024,340WN5922,1,20,0,-1,9,5,3,-1,0,0,0,0,0,0,3,1,-1,1,1,-1,-1,9290,2,8,SCANIA MODEL MISSING,-1,-1,0,-1
2024361503317,2024,361503317,3,21,1,-1,19,5,4,-1,0,1,0,0,0,0,1,1,-1,6,1,61,9,12742,2,4,SCANIA MODEL MISSING,2,E01030032,0,4
2024010506627,2024,010506627,1,20,0,99,99,9,9,0,0,0,0,99,9,99,9,9,6,6,1,27,6,12740,2,6,SCANIA MODEL MISSING,7,E01021381,0,4
2024522402118,2024,522402118,1,11,0,18,19,8,4,2,2,8,0,0,0,0,4,1,1,1,1,61,9,9000,2,12,SCANIA MODEL MISSING,7,E01014770,0,4
2024161415212,2024,161415212,2,21,0,-1,19,4,8,-1,0,0,0,0,0,0,2,1,-1,1,1,44,7,12740,2,8,SCANIA MODEL MISSING,5,E01020617,0,5
2024440078406,2024,440078406,1,21,0,18,19,6,2,0,0,1,0,0,0,0,1,1,1,1,1,63,9,9290,2,0,SCANIA MODEL MISSING,8,E01023030,0,3
2024991503681,2024,991503681,2,21,1,-1,8,2,4,-1,0,4,0,0,0,0,3,1,-1,1,1,57,9,16353,2,3,SCANIA MODEL MISSING,1,-1,0,5
2024991410591,2024,991410591,1,21,0,-1,19,8,5,-1,0,0,0,0,0,0,3,1,-1,1,1,65,9,12740,2,8,SCANIA MODEL MISSING,6,-1,0,4
2024010544861,2024,010544861,1,19,0,9,9,6,4,0,0,5,0,0,0,0,1,1,1,1,1,50,8,9290,2,4,SCANIA MODEL MISSING,7,E01000517,0,3
2024631515482,2024,631515482,2,21,4,-1,19,7,3,-1,0,0,0,0,0,0,0,1,-1,1,1,38,7,12742,2,3,SCANIA MODEL MISSING,7,W01000735,0,4
2024411408896,2024,411408896,1,21,1,-1,4,1,5,-1,0,0,0,0,0,0,1,1,-1,1,1,49,8,12742,2,1,SCANIA MODEL MISSING,6,E01016753,0,4
2024221474483,2024,221474483,2,21,1,-1,19,4,8,-1,0,0,0,10,0,0,3,1,-1,1,1,24,5,11705,2,17,SCANIA MODEL MISSING,8,E01028829,0,2
2024211423712,2024,211423712,1,21,1,-1,19,3,7,-1,0,0,0,0,0,0,4,9,-1,1,1,-1,-1,12742,2,2,SCANIA MODEL MISSING,-1,-1,0,-1
2024311508191,2024,311508191,1,11,0,-1,19,3,7,-1,0,4,0,0,0,0,0,1,-1,1,1,54,8,9300,5,5,SCANIA MODEL MISSING,-1,-1,0,-1
2024991462146,2024,991462146,1,21,1,-1,19,2,6,-1,0,0,0,0,0,0,1,1,-1,1,1,53,8,12742,2,4,SCANIA MODEL MISSING,8,-1,0,4
2024010545070,2024,010545070,5,21,4,4,4,5,1,0,0,0,0,0,0,0,3,1,1,1,1,35,6,12742,2,5,SCANIA MODEL MISSING,9,E01002516,0,4
2024991412078,2024,991412078,1,21,1,-1,19,4,8,-1,0,0,0,0,7,0,1,1,-1,1,1,61,9,12742,2,5,SCANIA MODEL MISSING,2,E01007849,0,5
2024991509664,2024,991509664,3,21,0,-1,19,1,5,-1,0,0,0,0,0,0,3,1,-1,1,1,40,7,16400,2,10,SCANIA MODEL MISSING,-1,-1,0,-1
2024991451992,2024,991451992,1,21,1,-1,19,8,4,-1,0,0,0,0,0,0,3,1,-1,1,1,57,9,12742,2,6,SCANIA MODEL MISSING,7,-1,0,5
2024010496184,2024,010496184,2,21,9,99,99,9,9,99,99,9,9,99,9,99,9,1,6,6,3,-1,-1,12742,2,4,SCANIA MODEL MISSING,-1,-1,0,-1
2024421460222,2024,421460222,1,21,0,-1,19,7,3,-1,0,0,0,0,0,0,1,1,-1,1,1,46,8,12742,2,1,SCANIA MODEL MISSING,10,E01018155,0,4
2024520500051,2024,520500051,2,21,1,18,19,1,5,0,0,1,0,0,0,0,2,1,1,1,1,63,9,16000,2,8,SCANIA MODEL MISSING,8,E01035118,0,1
2024041482701,2024,041482701,1,11,0,-1,5,-1,-1,-1,0,0,0,0,0,0,-1,9,-1,6,3,-1,-1,9000,2,9,SCANIA MODEL MISSING,4,E01012710,0,1
202417S210724,2024,17S210724,1,21,1,-1,9,8,6,-1,0,8,0,0,0,0,1,1,-1,1,1,58,9,12742,2,6,SCANIA MODEL MISSING,2,E01020797,0,4
2024161486357,2024,161486357,2,20,0,-1,19,7,3,-1,0,0,0,0,0,0,2,1,-1,1,1,56,9,12742,2,5,SCANIA MODEL MISSING,1,E01007597,0,4
2024371484489,2024,371484489,2,21,0,-1,19,8,2,-1,0,8,0,0,0,0,1,1,-1,1,1,20,4,15607,2,11,SCANIA MODEL MISSING,7,-1,0,5
2024371516801,2024,371516801,2,21,0,-1,19,5,1,-1,0,1,0,0,1,0,1,1,-1,1,1,57,9,12742,2,5,SCANIA MODEL MISSING,5,E01026279,0,4
2024440031644,2024,440031644,1,11,0,4,4,3,7,3,2,1,0,0,0,0,0,1,1,1,1,64,9,9000,2,16,SCANIA MODEL MISSING,9,E01022753,0,3
2024421423256,2024,421423256,1,21,1,-1,19,5,1,-1,0,0,1,0,7,4,1,1,-1,1,1,43,7,12742,2,2,SCANIA MODEL MISSING,2,E01035162,0,2
2024141421541,2024,141421541,1,21,1,-1,12,1,5,-1,0,0,0,0,0,0,1,1,-1,1,1,50,8,12742,2,3,SCANIA MODEL MISSING,6,E01027946,0,4
2024302401347,2024,302401347,1,11,0,4,4,6,2,0,0,8,0,0,0,0,0,1,6,6,1,23,5,9000,2,14,SCANIA MODEL MISSING,3,E01019541,0,2
2024361503741,2024,361503741,3,21,1,-1,2,0,0,-1,0,0,0,0,0,0,0,1,-1,1,1,42,7,12740,2,8,SCANIA MODEL MISSING,4,E01026271,0,5
2024010535058,2024,010535058,1,21,1,11,11,7,3,0,0,0,0,0,0,0,4,1,1,1,1,55,8,12742,2,4,SCANIA MODEL MISSING,4,E01029857,0,5
2024351528633,2024,351528633,3,21,1,-1,4,4,8,-1,0,0,0,0,0,0,2,1,-1,6,1,54,8,12742,2,5,SCANIA MODEL MISSING,7,E01011051,0,5
2024991467491,2024,991467491,1,11,0,-1,19,5,1,-1,0,0,0,0,0,0,1,1,-1,1,1,55,8,9000,2,12,SCANIA MODEL MISSING,2,-1,0,4
2024311418416,2024,311418416,1,11,0,-1,5,3,7,-1,2,8,0,0,0,0,0,1,-1,1,1,47,8,9300,5,2,SCANIA MODEL MISSING,1,E01013920,0,1
202417S302424,2024,17S302424,1,21,0,9,9,6,4,0,0,8,0,0,0,0,3,1,1,1,1,53,8,-1,-1,-1,SCANIA MODEL MISSING,-1,-1,0,-1
2024070292486,2024,070292486,1,90,0,17,19,2,6,6,6,0,0,0,7,4,1,1,1,1,1,52,8,12740,2,11,SCANIA MODEL MISSING,9,E01018516,0,3
2024211468993,2024,211468993,2,21,0,-1,19,1,5,-1,0,1,0,0,0,0,1,1,-1,9,1,32,6,12740,2,9,SCANIA MODEL MISSING,3,E01010396,0,3
2024461485083,2024,461485083,1,19,0,-1,19,4,7,-1,0,0,0,0,0,0,1,1,-1,1,1,50,8,12742,2,2,SCANIA MODEL MISSING,1,E01034943,0,5
2024547459424,2024,547459424,1,11,0,4,4,5,1,0,0,0,0,0,0,0,4,1,1,1,1,26,6,9000,2,15,SCANIA MODEL MISSING,6,E01034550,0,1
2024501508213,2024,501508213,2,21,0,-1,19,5,1,-1,0,0,0,0,0,0,2,1,-1,1,1,48,8,9290,2,9,SCANIA MODEL MISSING,1,E01029293,0,4
2024471436206,2024,471436206,1,21,0,-1,9,8,5,-1,0,1,0,0,0,0,2,1,-1,1,1,62,9,12740,2,11,SCANIA MODEL MISSING,4,E01020073,0,5
2024302400667,2024,302400667,2,11,0,3,3,8,4,0,0,1,0,0,0,0,0,1,1,1,1,28,6,9000,2,16,SCANIA MODEL MISSING,4,E01013458,0,1
2024101471979,2024,101471979,1,11,0,-1,5,3,8,-1,0,8,0,0,0,0,0,1,-1,1,1,32,6,9000,5,10,SCANIA MODEL MISSING,1,E01008610,0,2
2024201527675,2024,201527675,2,11,0,-1,19,5,1,-1,0,8,0,0,0,0,4,1,-1,1,1,43,7,9000,2,15,SCANIA MODEL MISSING,8,E01010333,0,2
2024461523633,2024,461523633,1,21,1,-1,4,7,3,-1,0,0,0,0,0,0,1,1,-1,1,1,31,6,12742,2,0,SCANIA MODEL MISSING,4,E01024287,0,4
2024421433676,2024,421433676,2,21,1,-1,19,7,3,-1,0,0,0,0,0,0,0,1,-1,1,1,59,9,12742,2,0,SCANIA MODEL MISSING,4,E01021310,0,1
2024332400436,2024,332400436,1,21,0,-1,11,5,1,-1,0,0,0,0,0,0,1,1,-1,1,1,55,8,12742,2,1,SCANIA MODEL MISSING,1,E01011974,0,5
2024411474201,2024,411474201,1,21,0,-1,19,1,5,-1,0,4,0,0,0,0,1,1,-1,1,1,63,9,12742,2,5,SCANIA MODEL MISSING,4,E01000287,0,4
2024010498512,2024,010498512,2,21,1,11,11,5,1,0,0,0,0,0,0,0,4,1,1,1,1,35,6,12742,2,1,SCANIA MODEL MISSING,5,E01029324,0,5
2024552400707,2024,552400707,2,11,0,2,2,0,0,0,0,0,0,0,0,0,0,1,1,1,1,43,7,9000,2,16,SCANIA MODEL MISSING,2,E01015379,0,1
2024311441786,2024,311441786,1,11,0,-1,19,2,5,-1,0,0,0,0,0,0,0,1,-1,1,1,52,8,9300,5,5,SCANIA MODEL MISSING,1,E01013920,0,1
2024991531778,2024,991531778,1,21,0,-1,7,3,6,-1,0,0,2,0,4,6,3,1,-1,1,1,35,6,12742,2,1,SCANIA MODEL MISSING,6,-1,0,4
2024351532173,2024,351532173,2,21,1,-1,19,4,8,-1,0,0,0,0,0,0,1,1,-1,1,1,41,7,12742,2,3,SCANIA MODEL MISSING,5,E01018212,0,3
2024311468243,2024,311468243,1,11,0,-1,4,8,7,-1,0,0,0,0,0,0,0,1,-1,1,1,32,6,9000,2,10,SCANIA MODEL MISSING,4,E01028122,0,2
2024471456649,2024,471456649,2,20,0,-1,4,8,4,-1,0,0,0,0,0,0,2,1,-1,1,1,32,6,-1,-1,-1,SCANIA MODEL MISSING,-1,-1,0,-1
2024631432358,2024,631432358,2,21,4,-1,19,3,7,-1,0,8,1,0,0,0,1,1,-1,1,1,53,8,12740,2,10,SCANIA MODEL MISSING,7,W01000578,0,3
2024320466607,2024,320466607,1,21,1,4,4,1,5,0,0,0,0,0,0,0,1,1,1,1,1,30,6,12740,2,7,SCANIA MODEL MISSING,2,E01026378,0,4
2024010491217,2024,010491217,2,21,0,18,19,8,4,0,0,0,0,0,0,0,1,1,6,6,3,-1,-1,9290,2,1,SCANIA MODEL MISSING,-1,-1,0,-1
2024401488991,2024,401488991,2,21,0,-1,19,7,3,-1,0,0,0,0,0,0,2,1,-1,1,1,54,8,9290,2,9,SCANIA MODEL MISSING,-1,-1,0,-1
2024631516951,2024,631516951,4,21,4,-1,19,1,5,-1,0,0,0,0,0,0,0,1,-1,1,1,55,8,12740,2,8,SCANIA MODEL MISSING,2,W01001067,0,4
2024361521193,2024,361521193,1,21,0,-1,11,-1,-1,-1,0,0,0,0,0,0,1,1,-1,6,1,60,9,12740,2,8,SCANIA MODEL MISSING,6,E01030134,0,4
2024411489598,2024,411489598,1,21,1,-1,1,5,1,-1,0,1,0,0,0,0,2,1,-1,6,1,35,6,12742,2,7,SCANIA MODEL MISSING,-1,-1,0,-1
2024010500325,2024,010500325,1,11,0,18,19,2,6,0,0,8,0,0,0,0,3,1,1,1,1,47,8,9000,2,15,SCANIA MODEL MISSING,2,E01034208,0,3
2024311523604,2024,311523604,1,11,0,-1,4,2,6,-1,0,0,0,0,0,0,0,1,-1,1,1,-1,-1,9000,2,9,SCANIA MODEL MISSING,-1,-1,0,-1
2024211513130,2024,211513130,2,21,0,-1,11,5,1,-1,0,0,0,0,0,0,4,1,-1,1,1,64,9,12740,2,9,SCANIA MODEL MISSING,5,E01004888,0,5
2024631461022,2024,631461022,1,21,4,-1,4,8,5,-1,0,0,0,0,0,0,0,1,-1,1,1,36,7,12742,2,0,SCANIA MODEL MISSING,3,W01001336,0,4
2024631501741,2024,631501741,2,21,4,-1,4,8,4,-1,0,0,0,0,0,0,0,1,-1,1,1,32,6,12740,2,8,SCANIA MODEL MISSING,6,W01000674,0,3
2024311410948,2024,311410948,1,11,0,-1,19,8,4,-1,2,0,0,0,0,0,0,1,-1,1,1,27,6,9300,5,5,SCANIA MODEL MISSING,1,E01013920,0,1
2024461521100,2024,461521100,2,21,5,-1,2,0,0,-1,0,0,0,0,0,0,2,1,-1,1,1,33,6,12742,2,6,SCANIA MODEL MISSING,7,E01017795,0,4
2024501445173,2024,501445173,1,20,0,-1,19,7,3,-1,0,0,0,11,0,0,1,1,-1,1,1,55,8,9290,2,7,SCANIA MODEL MISSING,6,E01015202,0,4
2024311536037,2024,311536037,1,11,0,-1,19,1,5,-1,0,0,0,11,0,0,4,1,-1,1,1,-1,-1,9000,5,6,SCANIA MODEL MISSING,-1,-1,0,-1
2024141405748,2024,141405748,1,11,0,-1,19,5,1,-1,0,2,0,0,0,0,1,9,-1,1,1,49,8,9000,2,12,SCANIA MODEL MISSING,9,E01032926,0,1
2024542437724,2024,542437724,1,11,0,18,19,3,7,0,0,0,0,0,4,6,3,1,1,1,1,53,8,9000,2,7,SCANIA MODEL MISSING,10,W01001919,0,5
2024122400758,2024,122400758,2,21,1,18,19,1,5,0,0,0,0,0,0,0,3,1,1,1,1,63,9,9290,2,5,SCANIA MODEL MISSING,5,E01027711,0,3
2024340WN2382,2024,340WN2382,1,21,0,-1,19,5,1,-1,0,1,0,0,0,0,1,1,-1,9,1,39,7,12740,2,10,SCANIA MODEL MISSING,8,E01034448,0,3
2024131454999,2024,131454999,2,11,0,-1,12,6,6,-1,0,2,0,0,0,0,1,1,-1,1,1,51,8,9000,2,18,SCANIA MODEL MISSING,4,E01011320,0,2
2024471473504,2024,471473504,3,20,0,-1,19,4,1,-1,0,0,0,0,0,0,1,1,-1,1,1,68,10,12742,2,5,SCANIA MODEL MISSING,10,E01031720,0,4
2024991473541,2024,991473541,1,90,1,-1,11,2,6,-1,0,0,0,0,0,0,4,1,-1,1,1,57,9,-1,-1,-1,SCANIA MODEL MISSING,2,-1,0,3
2024421417272,2024,421417272,2,21,1,-1,19,3,7,-1,0,0,0,0,0,0,4,1,-1,1,1,61,9,12740,2,9,SCANIA MODEL MISSING,-1,-1,0,-1
2024101530423,2024,101530423,1,20,1,-1,12,7,4,-1,0,0,0,0,0,0,3,1,-1,6,1,-1,-1,-1,-1,-1,SCANIA MODEL MISSING,7,E01027760,0,4
2024311460439,2024,311460439,1,21,1,-1,4,3,7,-1,0,0,0,0,0,0,1,1,-1,1,1,40,7,12742,2,6,SCANIA MODEL MISSING,1,E01034398,0,5
2024320317282,2024,320317282,2,21,0,-1,-1,8,4,0,0,0,0,0,0,0,3,1,1,1,1,28,6,12740,2,9,SCANIA MODEL MISSING,8,E01034699,0,3
2024991518178,2024,991518178,1,21,1,-1,19,8,4,-1,0,8,0,0,7,0,1,1,-1,1,1,26,6,12742,2,1,SCANIA MODEL MISSING,1,-1,0,5
2024201430170,2024,201430170,2,11,0,-1,19,4,8,-1,0,0,0,0,0,0,2,1,-1,1,3,-1,-1,9000,2,15,SCANIA MODEL MISSING,-1,-1,0,-1
2024070497357,2024,070497357,5,21,1,4,4,5,1,0,0,0,0,0,0,0,2,1,1,1,1,44,7,12742,2,2,SCANIA MODEL MISSING,4,E01024930,0,4
2024010541276,2024,010541276,1,21,1,7,7,6,1,0,0,1,0,0,0,0,4,1,1,1,1,42,7,12742,2,0,SCANIA MODEL MISSING,10,E01022874,0,4
2024340NN9082,2024,340NN9082,2,21,0,-1,19,5,1,-1,0,1,0,0,0,0,1,1,-1,1,1,63,9,12740,2,6,SCANIA MODEL MISSING,9,E01027052,0,3
2024101434742,2024,101434742,3,21,0,-1,3,1,5,-1,0,1,0,0,0,0,2,1,-1,1,1,54,8,12742,2,3,SCANIA MODEL MISSING,4,E01008715,0,3
2024320377026,2024,320377026,2,21,0,-1,-1,2,6,0,0,0,0,0,0,0,3,1,1,1,1,47,8,12742,2,5,SCANIA MODEL MISSING,4,E01026032,0,3
2024440426926,2024,440426926,2,21,1,18,19,2,6,0,0,0,0,0,0,0,2,1,1,1,1,44,7,9290,5,3,SCANIA MODEL MISSING,4,E01016273,0,4
2024311482962,2024,311482962,1,11,-1,-1,-1,-1,-1,-1,-1,-1,-1,-1,-1,0,-1,9,-1,1,1,58,9,9300,5,2,SCANIA MODEL MISSING,3,E01033781,0,2
2024340WN4142,2024,340WN4142,1,20,0,-1,19,5,1,-1,0,0,5,0,1,0,4,1,-1,1,1,30,6,-1,-1,-1,SCANIA MODEL MISSING,3,E01009596,0,4
2024361499674,2024,361499674,1,21,1,-1,4,5,2,-1,0,0,0,0,0,0,1,1,-1,1,1,45,7,15607,2,19,SCANIA MODEL MISSING,9,E01030145,0,4
2024101398807,2024,101398807,1,11,0,-1,4,5,1,-1,0,0,0,0,0,0,1,1,-1,1,1,57,9,9000,5,10,SCANIA MODEL MISSING,1,E01008838,0,1
2024221415751,2024,221415751,1,90,0,-1,19,3,7,-1,0,0,0,4,0,0,1,1,-1,1,1,47,8,-1,-1,-1,SCANIA MODEL MISSING,1,E01014217,0,5
2024010528135,2024,010528135,1,21,5,5,5,7,3,0,0,1,0,0,0,0,4,1,1,1,1,37,7,12742,2,6,SCANIA MODEL MISSING,3,E01002646,0,3
2024461398727,2024,461398727,2,21,0,-1,2,0,0,-1,-1,0,0,0,0,0,3,9,-1,1,1,36,7,-1,-1,-1,SCANIA MODEL MISSING,4,E01024138,0,2
2024471534287,2024,471534287,1,90,0,-1,19,4,8,-1,0,0,0,0,0,0,4,1,-1,1,1,61,9,9290,2,10,SCANIA MODEL MISSING,7,E01031381,0,2
2024991509039,2024,991509039,1,11,0,-1,19,2,7,-1,0,0,0,0,0,0,3,1,-1,1,1,51,8,13000,2,7,SCANIA MODEL MISSING,7,-1,0,4
2024401459332,2024,401459332,2,21,1,-1,3,5,1,-1,0,0,0,0,0,0,2,1,-1,1,1,54,8,12742,2,5,SCANIA MODEL MISSING,9,E01027042,0,4
2024231475244,2024,231475244,1,21,1,-1,13,7,3,-1,0,0,0,0,0,0,4,9,-1,6,1,55,8,12742,2,4,SCANIA MODEL MISSING,5,W01000022,0,5
2024471494894,2024,471494894,1,21,0,-1,19,1,5,-1,0,1,0,0,0,0,1,1,-1,1,1,40,7,12742,2,2,SCANIA MODEL MISSING,2,E01026381,0,5
2024201447766,2024,201447766,1,11,0,-1,19,-1,-1,-1,0,0,0,0,0,0,0,9,-1,1,1,25,5,9000,2,17,SCANIA MODEL MISSING,1,E01009479,0,1
2024461523178,2024,461523178,1,90,0,-1,4,2,6,-1,0,1,0,0,0,0,1,1,-1,1,1,65,9,-1,-1,-1,SCANIA MODEL MISSING,1,E01024597,0,4
2024131454555,2024,131454555,2,21,0,-1,19,1,5,-1,0,0,0,0,0,0,3,1,-1,1,1,52,8,16353,2,2,SCANIA MODEL MISSING,5,-1,0,5
2024991446248,2024,991446248,1,21,1,-1,19,4,8,-1,0,1,0,0,0,0,3,1,-1,1,1,22,5,16400,2,6,SCANIA MODEL MISSING,7,-1,0,4
2024547432624,2024,547432624,2,3,0,18,19,1,5,0,0,1,0,0,0,0,1,1,6,6,1,16,4,50,1,3,-1,6,E01032697,0,1
2024430146295,2024,430146295,2,2,0,18,19,3,7,0,0,8,0,0,0,0,1,1,2,2,1,16,4,50,1,3,-1,4,E01028605,0,1
2024161510431,2024,161510431,1,8,0,-1,4,7,3,-1,0,2,0,0,0,0,4,1,-1,1,1,36,7,1422,2,7,-1,7,E01013333,0,1
2024201411402,2024,201411402,2,9,0,-1,5,5,1,-1,0,0,0,0,0,0,1,1,-1,1,1,40,7,1598,2,6,-1,2,E01009955,0,2
2024340WN1982,2024,340WN1982,2,9,0,-1,19,5,1,-1,0,1,0,0,0,0,1,1,-1,9,1,74,10,1896,2,15,-1,2,E01032978,0,1
2024411490464,2024,411490464,1,9,0,-1,13,3,7,-1,0,0,0,0,0,0,3,9,-1,6,1,47,8,1397,1,23,-1,6,E01023564,0,3
2024010510850,2024,010510850,1,9,0,4,4,5,1,0,0,1,0,0,0,0,4,1,6,6,1,26,6,1399,2,7,-1,10,E01021805,0,4
2024520500233,2024,520500233,1,9,0,18,19,5,2,0,0,0,0,4,2,11,4,1,6,6,1,31,6,1781,1,19,-1,7,E01029018,0,1
2024430273641,2024,430273641,2,5,0,18,19,3,7,0,0,8,0,0,0,0,1,1,6,6,1,39,7,656,1,17,SUZUKI GSF 650,10,E01028629,0,2
2024501492440,2024,501492440,1,5,0,-1,19,4,8,-1,0,0,2,0,7,10,1,1,-1,6,1,26,6,656,1,19,SUZUKI GSF 650,3,E01020010,0,4
2024010529480,2024,010529480,2,4,0,15,15,1,5,0,0,1,0,0,1,10,1,1,6,6,1,21,5,656,1,18,SUZUKI GSF 650,2,E01024135,0,2
2024451450565,2024,451450565,1,5,0,-1,19,3,7,-1,0,1,0,0,0,0,1,1,-1,2,1,27,6,656,1,16,SUZUKI GSF 650,7,E01030300,0,1
2024991451225,2024,991451225,1,5,0,-1,19,4,2,-1,-1,0,0,0,1,0,1,1,-1,9,1,44,7,656,1,19,SUZUKI GSF 650,1,E01008603,0,5
2024461455261,2024,461455261,2,3,0,-1,19,7,5,-1,0,8,2,0,0,0,4,1,-1,9,1,38,7,656,1,17,SUZUKI GSF 650,3,E01024310,0,1
2024361522795,2024,361522795,1,5,0,-1,5,3,7,-1,0,3,0,0,0,0,4,1,-1,2,1,44,7,656,1,17,SUZUKI GSF 650,4,E01030285,0,3
2024440186757,2024,440186757,1,5,0,13,13,2,6,0,0,8,0,0,0,0,4,1,6,6,1,21,5,656,1,19,SUZUKI GSF 650,6,E01017214,0,1
2024010544558,2024,010544558,1,5,0,99,99,9,9,99,99,9,9,99,9,99,1,1,3,7,1,34,6,656,1,15,SUZUKI GSF 650,3,E01004167,0,1
2024531481692,2024,531481692,1,5,0,-1,19,3,7,-1,0,1,5,0,0,0,1,1,-1,9,1,52,8,656,1,15,SUZUKI GSF 650,5,E01022231,0,4
2024161407638,2024,161407638,2,5,0,-1,19,5,7,-1,0,6,0,0,0,0,1,1,-1,6,1,20,4,656,1,16,SUZUKI GSF 650,-1,-1,0,-1
2024010524718,2024,010524718,1,5,0,18,19,7,3,0,0,2,0,0,0,0,3,1,6,6,1,53,8,656,1,15,SUZUKI GSF 650,-1,-1,0,-1
2024010550575,2024,010550575,1,5,0,99,99,9,9,2,2,9,9,99,9,99,9,1,6,6,1,20,4,656,1,16,SUZUKI GSF 650,4,E01003389,0,1
2024010536454,2024,010536454,2,5,0,18,19,5,1,0,0,1,0,0,0,0,1,1,6,6,1,42,7,656,1,18,SUZUKI GSF 650,4,E01002057,0,1
2024211530592,2024,211530592,1,5,0,-1,15,8,4,-1,0,1,0,0,0,0,1,1,-1,6,1,55,8,656,1,17,SUZUKI GSF 650,7,E01029680,0,1
2024451423755,2024,451423755,1,5,0,-1,5,7,4,-1,0,4,5,0,0,0,2,1,-1,2,1,46,8,656,1,17,SUZUKI GSF 650,6,E01031673,0,4
2024430539579,2024,430539579,1,5,0,18,19,4,8,0,0,0,0,0,0,0,1,1,6,6,1,44,7,656,1,15,SUZUKI GSF 650,9,E01017635,0,1
2024631485808,2024,631485808,1,5,0,-1,19,5,2,-1,0,0,1,0,1,10,1,1,-1,6,1,48,8,656,1,13,SUZUKI GSF 650,9,W01000786,0,4