collision_index,collision_year,collision_ref_no,vehicle_reference,vehicle_type,towing_and_articulation,vehicle_manoeuvre_historic,vehicle_manoeuvre,vehicle_direction_from,vehicle_direction_to,vehicle_location_restricted_lane_historic,vehicle_location_restricted_lane,junction_location,skidding_and_overturning,hit_object_in_carriageway,vehicle_leaving_carriageway,hit_object_off_carriageway,first_point_of_impact,vehicle_left_hand_drive,journey_purpose_of_driver_historic,journey_purpose_of_driver,sex_of_driver,age_of_driver,age_band_of_driver,engine_capacity_cc,propulsion_code,age_of_vehicle,generic_make_model,driver_imd_decile,lsoa_of_driver,escooter_flag,driver_distance_banding
2024440180684,2024,440180684,2,5,0,13,13,3,7,0,0,1,0,0,0,0,3,1,6,6,1,73,10,656,1,17,SUZUKI GSF 650,4,E01022804,0,3
2024991430576,2024,991430576,1,5,0,-1,19,6,2,-1,9,1,0,0,2,0,4,1,-1,9,1,25,5,656,1,19,SUZUKI GSF 650,10,-1,0,3
2024451409171,2024,451409171,1,5,0,-1,19,7,3,-1,9,0,0,10,0,0,1,1,-1,9,1,15,3,656,1,17,SUZUKI GSF 650,3,E01030362,0,1
2024631423331,2024,631423331,2,5,0,-1,19,7,3,-1,0,8,0,0,7,10,1,1,-1,9,1,73,10,656,1,17,SUZUKI GSF 650,5,W01000719,0,4
2024010510757,2024,010510757,2,5,0,18,19,3,7,0,0,2,0,0,0,0,1,1,6,6,1,26,6,656,1,16,SUZUKI GSF 650,4,E01001768,0,1
2024052400815,2024,052400815,2,5,0,18,19,5,1,0,0,8,0,0,0,0,1,1,6,6,1,41,7,656,1,17,SUZUKI GSF 650,2,E01006492,0,2
2024010523445,2024,010523445,2,5,0,18,19,1,5,0,0,8,5,0,0,0,3,1,6,6,1,46,8,656,1,14,SUZUKI GSF 650,3,E01021764,0,1
2024451507718,2024,451507718,1,5,0,-1,19,7,3,-1,0,1,0,0,0,0,1,1,-1,1,1,21,5,656,1,19,SUZUKI GSF 650,8,E01030979,0,3
2024041452458,2024,041452458,1,9,0,-1,19,3,7,-1,0,4,0,0,0,0,1,1,-1,1,1,61,9,2982,2,17,TOYOTA LANDCRUISER,9,E01005022,0,1
2024010538157,2024,010538157,2,9,0,9,9,7,5,0,0,3,0,0,0,0,1,1,3,7,2,53,8,2755,2,6,TOYOTA LANDCRUISER,5,E01002667,0,1
2024401517691,2024,401517691,3,9,0,-1,2,0,0,-1,0,2,0,0,0,0,2,1,-1,6,-1,-1,-1,2755,2,2,TOYOTA LANDCRUISER,-1,-1,0,-1
2024991424330,2024,991424330,3,9,0,-1,19,2,6,-1,0,0,0,0,0,0,2,1,-1,6,1,30,6,4163,2,28,TOYOTA LANDCRUISER,6,-1,0,5
2024461506425,2024,461506425,2,9,0,-1,4,2,6,-1,0,1,0,0,0,0,4,9,-1,6,2,26,6,2755,2,8,TOYOTA LANDCRUISER,5,E01016127,0,1
2024401486777,2024,401486777,1,9,0,-1,-1,-1,-1,-1,-1,0,-1,-1,-1,0,-1,9,-1,6,3,-1,-1,2982,2,19,TOYOTA LANDCRUISER,-1,-1,0,-1
2024131438056,2024,131438056,1,9,0,-1,2,0,0,-1,0,1,0,0,0,0,1,1,-1,6,-1,-1,-1,2982,2,16,TOYOTA LANDCRUISER,-1,-1,0,-1
2024211474000,2024,211474000,1,9,0,-1,9,7,4,-1,0,1,0,0,0,0,4,1,-1,9,1,75,10,2982,2,14,TOYOTA LANDCRUISER,8,E01029723,0,1
2024461413256,2024,461413256,1,9,0,-1,19,8,4,-1,0,0,0,0,0,0,1,1,-1,2,2,51,8,4164,2,25,TOYOTA LANDCRUISER,6,E01023988,0,3
2024430344283,2024,430344283,1,9,0,1,1,7,3,9,9,0,0,0,0,0,2,2,6,6,2,-1,-1,3000,2,24,TOYOTA LANDCRUISER,-1,-1,0,-1
2024471436800,2024,471436800,1,9,0,-1,19,5,1,-1,0,0,0,0,0,0,1,1,-1,6,1,60,9,4164,2,19,TOYOTA LANDCRUISER,6,E01031697,0,2
2024440260562,2024,440260562,1,9,0,16,19,6,1,0,0,0,0,0,0,0,1,1,6,6,1,23,5,2982,2,20,TOYOTA LANDCRUISER,3,E01030914,0,3
2024302401674,2024,302401674,1,9,4,18,19,7,3,0,0,0,5,0,1,0,1,1,1,1,1,46,8,4461,2,13,TOYOTA LANDCRUISER,5,E01019613,0,3
2024311503152,2024,311503152,2,9,0,-1,19,8,5,-1,0,1,0,0,0,0,3,1,-1,6,1,38,7,2982,2,18,TOYOTA LANDCRUISER,-1,-1,0,-1
2024461493778,2024,461493778,1,9,0,-1,19,1,5,-1,0,1,0,0,0,0,1,9,-1,6,2,-1,-1,2755,2,1,TOYOTA LANDCRUISER,-1,-1,0,-1
2024320419581,2024,320419581,1,9,0,13,13,5,1,0,0,0,0,0,0,0,3,1,-1,-1,1,35,6,4164,2,24,TOYOTA LANDCRUISER,-1,-1,0,-1
2024031420844,2024,031420844,3,9,0,-1,19,7,4,-1,0,0,0,0,0,0,2,1,-1,6,1,47,8,2755,2,8,TOYOTA LANDCRUISER,5,E01019259,0,3
2024161467543,2024,161467543,2,9,0,-1,19,7,3,-1,0,1,0,0,0,0,1,1,-1,6,1,53,8,2982,2,23,TOYOTA LANDCRUISER,10,E01013068,0,1
2024010525106,2024,010525106,2,9,0,5,5,3,7,0,0,1,0,0,0,0,1,1,6,6,1,40,7,4164,2,20,TOYOTA LANDCRUISER,2,E01004424,0,3
2024440054960,2024,440054960,2,9,0,18,19,2,6,0,0,6,0,0,0,0,1,1,6,6,1,57,9,2982,2,10,TOYOTA LANDCRUISER,9,E01022950,0,1
2024522401802,2024,522401802,2,9,4,13,13,2,6,0,0,0,0,0,0,0,4,1,1,1,1,-1,-1,2982,2,21,TOYOTA LANDCRUISER,-1,-1,0,-1
2024141407970,2024,141407970,2,9,0,-1,19,4,8,-1,0,6,0,0,0,0,1,9,-1,6,3,-1,-1,2982,2,27,TOYOTA LANDCRUISER,-1,-1,0,-1
2024440261955,2024,440261955,2,9,0,18,19,3,7,0,0,0,0,0,0,0,3,1,6,6,1,44,7,2755,2,2,TOYOTA LANDCRUISER,8,E01023280,0,1
2024311453023,2024,311453023,2,9,0,-1,19,4,8,-1,0,8,0,0,0,0,1,9,-1,6,3,35,6,4461,2,9,TOYOTA LANDCRUISER,-1,-1,0,-1
2024052402150,2024,052402150,2,9,0,18,19,1,5,0,0,0,0,0,0,0,1,1,6,6,1,61,9,2982,2,20,TOYOTA LANDCRUISER,5,E01006971,0,1
2024471427365,2024,471427365,1,9,0,-1,9,5,3,-1,0,1,0,0,0,0,1,1,-1,9,1,59,9,2982,2,25,TOYOTA LANDCRUISER,1,E01021019,0,1
2024520500111,2024,520500111,2,9,0,18,19,5,1,0,0,1,0,0,0,0,1,1,6,6,1,78,11,2982,2,14,TOYOTA LANDCRUISER,7,E01032015,0,4
2024501471866,2024,501471866,1,9,0,-1,19,4,8,-1,0,0,2,0,1,10,1,1,-1,9,1,66,10,2982,2,27,TOYOTA LANDCRUISER,8,E01001680,0,5
2024471491523,2024,471491523,3,9,0,-1,19,6,2,-1,0,0,0,0,0,0,2,1,-1,9,1,35,6,4164,2,33,TOYOTA LANDCRUISER,6,E01031359,0,4
2024010533260,2024,010533260,2,9,0,99,99,9,9,99,99,9,9,99,9,99,9,9,6,6,2,45,7,2755,2,8,TOYOTA LANDCRUISER,6,E01001641,0,1
2024520401856,2024,520401856,1,9,0,18,19,7,3,0,0,0,0,0,1,0,1,1,6,6,1,63,9,4164,2,23,TOYOTA LANDCRUISER,5,E01029066,0,2
2024991462285,2024,991462285,3,9,0,-1,2,0,0,-1,0,0,0,0,0,0,2,9,-1,6,-1,-1,-1,2982,2,22,TOYOTA LANDCRUISER,-1,-1,0,-1
2024991470983,2024,991470983,4,9,4,-1,2,0,0,-1,0,8,0,0,0,0,2,1,-1,1,1,40,7,2982,2,19,TOYOTA LANDCRUISER,7,-1,0,1
2024401486383,2024,401486383,1,9,0,-1,19,7,3,-1,0,0,0,0,0,0,1,1,-1,9,1,32,6,2967,2,15,-1,4,E01015728,0,1
2024201430996,2024,201430996,1,9,0,-1,9,6,4,-1,0,6,0,0,0,0,1,9,-1,6,-1,-1,-1,3189,1,18,-1,-1,-1,0,-1
2024544588324,2024,544588324,1,9,0,18,19,7,3,0,0,0,0,0,7,0,1,1,6,6,1,37,7,4921,2,19,-1,9,E01032703,0,2
2024010504584,2024,010504584,2,9,0,99,99,9,9,99,99,9,9,99,9,99,9,9,6,6,3,-1,-1,1969,2,8,VOLVO XC90,-1,-1,0,-1
2024991428015,2024,991428015,2,9,0,-1,19,5,8,-1,0,0,0,0,0,0,1,1,-1,9,2,39,7,1969,12,4,VOLVO XC90,5,-1,0,2
2024061471354,2024,061471354,6,9,0,-1,7,2,4,-1,0,1,0,0,0,0,0,1,-1,1,1,52,8,1969,8,1,VOLVO XC90,4,E01005730,0,3
2024610005924,2024,610005924,1,9,0,9,9,4,2,0,0,5,0,0,0,0,3,1,6,6,1,34,6,2401,2,17,VOLVO XC90,2,W01001642,0,1
2024052401593,2024,052401593,3,9,0,2,2,0,0,0,0,0,0,0,0,0,3,1,6,6,3,-1,-1,2400,2,11,VOLVO XC90,-1,-1,0,-1
2024311395316,2024,311395316,2,9,0,-1,19,5,1,-1,0,0,0,0,0,0,1,1,-1,1,1,-1,-1,1969,8,1,VOLVO XC90,-1,-1,0,-1
2024421472222,2024,421472222,2,9,0,-1,19,1,5,-1,0,0,0,0,0,0,1,1,-1,8,1,39,7,1969,8,4,VOLVO XC90,7,E01021544,0,4
202454D770524,2024,54D770524,1,9,0,18,19,4,8,0,0,0,0,0,0,0,1,1,3,7,2,46,8,1969,12,3,VOLVO XC90,10,E01015471,0,1
2024340WN5552,2024,340WN5552,2,9,0,-1,-1,5,1,-1,0,1,0,0,0,0,0,1,-1,1,1,-1,-1,1969,8,2,VOLVO XC90,7,E01027162,0,1
2024461475476,2024,461475476,2,9,0,-1,10,6,2,-1,0,8,0,0,0,0,1,1,-1,9,2,43,7,1969,2,7,VOLVO XC90,8,E01024043,0,1
2024361434363,2024,361434363,2,9,0,-1,19,3,8,-1,0,0,0,0,0,0,1,1,-1,6,2,41,7,1969,8,1,VOLVO XC90,8,E01026461,0,3
2024991488049,2024,991488049,1,9,0,-1,9,1,7,-1,0,6,0,0,0,0,1,1,-1,9,2,43,7,2401,2,19,VOLVO XC90,5,-1,0,2
2024421398125,2024,421398125,3,9,0,-1,3,3,1,-1,0,1,0,0,0,0,0,1,-1,1,1,30,6,1969,8,4,VOLVO XC90,7,E01021544,0,1
2024411495192,2024,411495192,2,9,0,-1,2,0,0,-1,0,2,0,0,0,0,2,1,-1,6,2,52,8,1969,2,8,VOLVO XC90,10,E01023608,0,1
2024430549115,2024,430549115,2,9,0,9,9,6,4,0,0,8,0,0,0,0,4,1,6,6,1,75,10,2401,2,15,VOLVO XC90,-1,-1,0,-1
2024471418232,2024,471418232,1,9,0,-1,19,1,5,-1,0,8,0,0,0,0,1,2,-1,6,1,69,10,2400,2,14,VOLVO XC90,3,E01031453,0,1
2024451525055,2024,451525055,2,9,0,-1,19,5,1,-1,0,3,0,0,0,0,1,1,-1,2,1,51,8,1969,8,3,VOLVO XC90,10,E01030443,0,2
2024461530569,2024,461530569,1,9,0,-1,9,1,7,-1,0,2,0,0,0,0,1,9,-1,6,2,38,7,2401,2,17,VOLVO XC90,10,E01024329,0,1
2024331481447,2024,331481447,2,9,0,-1,-1,5,1,-1,-1,0,0,0,0,0,2,1,-1,-1,1,41,7,1969,8,2,VOLVO XC90,-1,-1,0,-1
2024010502616,2024,010502616,1,9,0,18,19,2,6,0,0,2,0,0,0,0,1,1,1,1,1,34,6,1969,8,2,VOLVO XC90,-1,-1,0,-1
2024411513282,2024,411513282,1,9,0,-1,19,8,4,-1,0,8,0,0,0,0,3,1,-1,1,2,58,9,2401,2,19,VOLVO XC90,10,E01023675,0,3
2024631487364,2024,631487364,1,9,0,-1,19,1,5,-1,0,0,0,0,0,0,1,1,-1,9,2,34,6,2400,2,15,VOLVO XC90,5,W01000427,0,3
2024010506966,2024,010506966,3,9,0,18,19,5,1,0,0,1,0,0,0,0,0,1,1,1,1,44,7,1969,8,2,VOLVO XC90,4,E01002030,0,1
2024451537996,2024,451537996,1,9,0,-1,9,5,1,-1,0,1,0,0,0,0,3,1,-1,9,1,55,8,2400,2,12,VOLVO XC90,7,E01030794,0,3
2024052400852,2024,052400852,1,9,0,18,19,1,5,0,0,8,0,0,0,0,1,1,6,6,2,39,7,2400,2,12,VOLVO XC90,2,E01006451,0,2
2024451394130,2024,451394130,2,9,0,-1,2,0,0,-1,0,0,0,0,0,0,3,1,-1,1,1,60,9,1969,8,2,VOLVO XC90,8,E01016169,0,4
2024461418845,2024,461418845,1,9,0,-1,19,2,6,-1,0,0,0,0,0,0,3,1,-1,1,2,25,5,1969,8,3,VOLVO XC90,8,E01024053,0,1
2024440178927,2024,440178927,3,9,0,8,8,8,4,0,0,1,0,0,0,0,3,1,3,7,2,44,7,1969,2,9,VOLVO XC90,6,E01017354,0,2
2024440521123,2024,440521123,1,9,0,5,5,8,4,0,0,1,0,0,0,0,1,1,6,6,1,59,9,1969,8,0,VOLVO XC90,8,E01022591,0,2
2024010519356,2024,010519356,1,9,0,99,99,9,9,99,99,0,9,99,9,99,2,9,6,6,1,43,7,1969,-1,2,VOLVO XC90,10,E01000448,0,1
2024041431001,2024,041431001,5,9,0,-1,19,1,5,-1,0,0,0,0,0,0,2,1,-1,9,2,42,7,2401,2,15,VOLVO XC90,3,E01006587,0,4
2024010551462,2024,010551462,2,9,0,18,19,7,3,0,0,1,0,0,0,0,1,1,1,1,1,35,6,1969,8,2,VOLVO XC90,2,E01004255,0,2
2024461398372,2024,461398372,1,9,0,-1,7,2,4,-1,0,0,0,0,0,0,1,9,-1,6,1,68,10,2400,2,12,VOLVO XC90,8,E01024015,0,2
2024010504368,2024,010504368,1,9,0,3,3,5,1,0,0,1,0,0,0,0,1,1,2,2,1,33,6,1969,12,3,VOLVO XC90,4,E01003216,0,1
2024471483109,2024,471483109,1,9,0,-1,9,7,5,-1,0,1,0,0,0,0,2,1,-1,9,2,49,8,2401,2,18,VOLVO XC90,9,E01023376,0,4
2024070337388,2024,070337388,1,9,0,12,12,3,7,0,0,0,0,0,7,11,1,1,6,6,1,41,7,1969,8,4,VOLVO XC90,4,E01018437,0,2
2024141448190,2024,141448190,2,9,0,-1,19,4,7,-1,0,0,0,0,0,0,1,1,-1,6,-1,-1,-1,2401,2,18,VOLVO XC90,-1,-1,0,-1
2024010514421,2024,010514421,1,9,0,18,19,5,1,0,0,2,0,0,0,0,1,1,1,1,2,47,8,1969,8,1,VOLVO XC90,4,E01003969,0,1
2024311395316,2024,311395316,3,9,0,-1,19,1,5,-1,0,0,0,0,1,0,3,1,-1,1,1,-1,-1,1969,8,2,VOLVO XC90,-1,-1,0,-1
2024010514977,2024,010514977,3,9,0,18,19,3,7,0,0,0,0,0,0,0,0,1,1,1,1,34,6,1969,8,2,VOLVO XC90,-1,-1,0,-1
2024461480730,2024,461480730,3,9,0,-1,19,3,7,-1,0,0,0,0,0,0,0,1,-1,6,1,-1,-1,1969,8,2,VOLVO XC90,-1,-1,0,-1
2024622400131,2024,622400131,2,9,0,17,19,6,2,0,0,1,0,0,0,0,1,1,6,6,1,35,6,2400,2,10,VOLVO XC90,3,W01001996,0,1
2024991432788,2024,991432788,2,9,0,-1,19,5,5,-1,0,1,0,0,0,0,0,1,-1,1,1,32,6,1969,8,2,VOLVO XC90,10,-1,0,2
2024430616140,2024,430616140,2,9,0,18,19,6,2,0,0,0,0,0,0,0,1,1,6,6,2,45,7,2400,2,14,VOLVO XC90,7,E01028800,0,1
2024471452363,2024,471452363,1,9,0,-1,9,3,8,-1,0,6,0,0,0,0,3,1,-1,9,1,45,7,1969,8,3,VOLVO XC90,9,E01031391,0,2
2024421463677,2024,421463677,2,9,0,-1,9,7,5,-1,0,6,0,0,0,0,3,1,-1,9,1,44,7,1969,8,6,VOLVO XC90,5,E01021769,0,1
2024531515798,2024,531515798,2,9,0,-1,19,1,5,-1,0,1,0,0,7,4,1,1,-1,9,2,40,7,1969,2,6,VOLVO XC90,7,E01022449,0,1
2024221495379,2024,221495379,1,9,0,-1,1,5,1,-1,0,8,0,0,0,0,2,1,-1,1,1,30,6,1969,12,2,VOLVO XC90,3,E01014010,0,1
2024201532343,2024,201532343,1,9,0,-1,7,7,1,-1,0,2,0,0,0,0,3,1,-1,9,1,43,7,1969,2,6,VOLVO XC90,7,E01009471,0,1
2024340NN0992,2024,340NN0992,3,9,0,-1,14,1,5,-1,0,2,0,0,0,0,0,1,-1,1,1,-1,-1,1969,8,1,VOLVO XC90,7,E01027162,0,3
2024010545386,2024,010545386,1,9,0,18,19,3,7,0,0,2,0,0,0,0,0,1,6,6,1,26,6,1969,2,5,VOLVO XC90,4,E01004331,0,2
2024991520437,2024,991520437,1,9,0,-1,19,5,8,-1,0,0,0,0,0,0,1,1,-1,6,2,42,7,1969,12,2,VOLVO XC90,-1,-1,0,-1
2024991479741,2024,991479741,1,9,0,-1,19,6,1,-1,0,1,0,0,0,0,4,1,-1,6,1,50,8,2401,2,20,VOLVO XC90,2,-1,0,1
2024451474839,2024,451474839,1,9,0,-1,5,7,3,-1,0,0,0,0,0,0,0,1,-1,1,1,41,7,1969,8,2,VOLVO XC90,10,E01030435,0,3
2024010521699,2024,010521699,1,9,0,7,7,7,2,0,0,8,0,0,0,0,4,1,6,6,2,52,8,1969,2,8,VOLVO XC90,8,E01001657,0,2
2024501495849,2024,501495849,1,9,0,-1,9,2,6,-1,0,5,0,0,0,0,1,1,-1,7,1,55,8,2400,2,17,VOLVO XC90,6,E01020056,0,1
2024520500329,2024,520500329,1,9,0,2,2,0,0,0,0,8,0,0,0,0,2,1,6,6,3,-1,-1,2401,2,16,VOLVO XC90,7,E01029056,0,1
2024061532476,2024,061532476,2,9,0,-1,4,1,8,-1,0,0,0,0,0,0,4,1,-1,8,1,40,7,1969,8,1,VOLVO XC90,-1,-1,0,-1
2024101493235,2024,101493235,1,9,0,-1,5,6,2,-1,0,2,0,0,0,0,3,1,-1,6,1,78,11,1969,8,7,VOLVO XC90,6,-1,0,4
2024201451309,2024,201451309,1,9,0,-1,19,5,1,-1,0,1,0,0,0,0,1,1,-1,9,2,50,8,2400,2,14,VOLVO XC90,3,E01010523,0,1
2024320225260,2024,320225260,2,9,0,-1,-1,8,4,0,0,8,0,0,0,0,4,1,-1,-1,1,33,6,2400,2,13,VOLVO XC90,4,E01026190,0,2
2024211425711,2024,211425711,1,9,0,-1,19,7,3,-1,0,6,0,0,0,0,3,9,-1,1,1,28,6,1969,12,2,VOLVO XC90,7,E01014157,0,4
2024010536903,2024,010536903,5,9,0,18,19,1,5,0,0,0,0,0,0,0,0,1,1,1,1,24,5,1969,8,2,VOLVO XC90,-1,-1,0,-1
2024451474839,2024,451474839,2,9,0,-1,19,7,3,-1,0,0,0,0,0,0,0,1,-1,9,1,39,7,1969,12,2,VOLVO XC90,10,E01030435,0,3
2024010529474,2024,010529474,1,9,0,99,99,9,9,99,99,9,9,99,9,99,9,9,6,6,3,-1,-1,2400,2,14,VOLVO XC90,-1,-1,0,-1
2024231425694,2024,231425694,3,9,0,-1,15,6,2,-1,0,0,0,0,0,0,1,1,-1,1,1,48,8,1969,8,2,VOLVO XC90,9,E01031284,0,2
2024010514697,2024,010514697,2,9,0,18,19,5,1,0,0,1,0,0,0,0,1,1,6,6,1,54,8,1969,2,7,VOLVO XC90,8,E01000563,0,1
2024451511098,2024,451511098,3,9,0,-1,19,3,7,-1,0,0,0,0,1,0,1,1,-1,6,1,52,8,2400,2,11,VOLVO XC90,10,E01016253,0,2
2024111449241,2024,111449241,2,9,0,-1,19,7,3,-1,0,8,0,0,0,0,2,1,-1,1,1,-1,-1,1969,8,2,VOLVO XC90,-1,-1,0,-1
2024010499289,2024,010499289,1,9,0,9,9,6,3,0,0,5,5,0,3,0,1,1,3,7,2,46,8,1969,12,4,VOLVO XC90,-1,-1,0,-1
2024201519302,2024,201519302,1,9,0,-1,9,1,7,-1,0,5,0,0,0,0,1,1,-1,6,1,-1,-1,2401,2,19,VOLVO XC90,-1,-1,0,-1
2024111508856,2024,111508856,3,9,0,-1,19,7,3,-1,0,0,0,0,0,0,1,1,-1,1,1,32,6,1969,8,0,VOLVO XC90,-1,-1,0,-1
2024461410449,2024,461410449,2,9,0,-1,19,2,6,-1,0,3,0,0,1,0,3,1,-1,1,1,44,7,1969,8,2,VOLVO XC90,2,E01024717,0,3
2024010542046,2024,010542046,2,9,0,18,19,5,1,0,0,8,0,0,0,0,0,1,6,6,1,-1,-1,1969,8,2,VOLVO XC90,4,E01002444,0,1
2024010538937,2024,010538937,1,9,0,18,19,5,1,0,0,1,0,0,3,0,4,1,6,6,1,44,7,1969,8,6,VOLVO XC90,2,E01004541,0,2
2024451455651,2024,451455651,1,9,0,-1,19,1,5,-1,0,0,0,0,0,0,1,1,-1,6,1,35,6,1969,2,9,VOLVO XC90,6,E01002639,0,3
2024351443956,2024,351443956,2,9,0,-1,19,7,3,-1,0,1,0,0,7,1,1,1,-1,9,1,37,7,1969,2,7,VOLVO XC90,10,E01018301,0,1
2024101479329,2024,101479329,1,9,0,-1,19,7,3,-1,0,0,0,0,0,0,1,1,-1,1,1,51,8,1969,8,2,VOLVO XC90,-1,-1,0,-1
2024070942348,2024,070942348,2,9,0,-1,2,0,0,-1,0,0,0,0,0,0,3,1,-1,6,2,31,6,1969,8,0,VOLVO XC90,8,E01012418,0,1
2024201429617,2024,201429617,1,9,0,-1,19,2,6,-1,9,6,0,0,0,0,3,1,-1,9,1,54,8,1969,8,2,VOLVO XC90,9,E01032177,0,1
2024010533138,2024,010533138,1,9,0,9,9,5,3,0,0,1,0,0,0,0,1,1,1,1,2,57,9,1969,8,2,VOLVO XC90,9,E01003381,0,3
2024552400636,2024,552400636,1,9,0,5,5,4,8,0,0,0,0,0,0,0,3,1,6,6,1,78,11,2400,2,10,VOLVO XC90,-1,-1,0,-1
2024070973640,2024,070973640,1,9,0,-1,5,8,4,-1,0,4,0,0,0,0,4,1,-1,6,2,-1,-1,1969,2,4,VOLVO XC90,-1,-1,0,-1
202417M301324,2024,17M301324,2,9,0,18,19,8,4,0,0,0,0,0,0,0,1,1,2,2,2,49,8,2401,2,18,VOLVO XC90,-1,-1,0,-1
2024501466515,2024,501466515,2,9,0,-1,4,1,5,-1,0,0,0,0,0,0,1,1,-1,6,2,33,6,2400,2,13,VOLVO XC90,6,E01018826,0,3
2024991532817,2024,991532817,1,9,0,-1,4,1,5,-1,0,2,0,0,0,0,3,1,-1,9,2,78,11,2401,2,19,VOLVO XC90,1,-1,0,1
2024010514720,2024,010514720,2,9,0,18,19,1,5,0,0,0,0,0,0,0,0,1,1,1,1,41,7,1969,8,2,VOLVO XC90,4,E01000472,0,3
2024010501885,2024,010501885,2,9,0,9,9,1,6,0,0,5,0,0,0,0,0,2,6,6,2,40,7,1969,2,5,VOLVO XC90,10,E01002951,0,1
2024010523755,2024,010523755,2,9,0,99,99,9,9,99,99,9,9,99,9,99,1,9,6,6,1,37,7,1969,12,3,VOLVO XC90,2,E01003558,0,1
2024471502823,2024,471502823,1,9,0,-1,1,-1,-1,-1,0,0,0,0,0,0,2,9,-1,6,3,-1,-1,2400,2,15,VOLVO XC90,-1,-1,0,-1
2024440223280,2024,440223280,2,9,0,9,9,3,1,0,0,8,0,0,0,0,4,1,6,6,1,-1,-1,2400,2,13,VOLVO XC90,10,E01017063,0,1
2024430559480,2024,430559480,2,9,0,9,9,8,6,0,0,5,0,0,0,0,2,1,6,6,2,54,8,1969,2,6,VOLVO XC90,8,E01034751,0,1
2024411441205,2024,411441205,2,9,0,-1,19,3,7,-1,0,8,0,0,0,0,1,1,-1,6,2,54,8,1969,2,6,VOLVO XC90,10,E01023372,0,1
2024991452162,2024,991452162,1,9,0,-1,13,3,7,-1,0,0,0,0,0,0,4,1,-1,9,1,34,6,2401,2,19,VOLVO XC90,5,-1,0,4
2024332400252,2024,332400252,2,9,0,-1,19,5,1,-1,0,0,0,0,0,0,1,1,-1,2,1,57,9,2400,2,10,VOLVO XC90,9,E01025640,0,1
2024471469929,2024,471469929,2,9,0,-1,19,5,1,-1,0,0,0,0,1,0,3,1,-1,9,2,34,6,1969,8,2,VOLVO XC90,8,E01031667,0,1
2024061454427,2024,061454427,2,9,0,-1,19,1,5,-1,0,0,0,0,0,0,0,1,-1,1,1,39,7,1969,8,2,VOLVO XC90,1,E01034113,0,2
2024010539370,2024,010539370,2,9,0,18,19,5,1,0,0,0,0,0,0,0,1,1,1,1,1,34,6,1969,8,2,VOLVO XC90,5,E01003666,0,2
2024411451589,2024,411451589,2,9,0,-1,5,1,5,-1,0,0,0,0,0,0,1,1,-1,7,2,48,8,2400,2,10,VOLVO XC90,8,E01035609,0,1
2024610030024,2024,610030024,1,9,0,18,19,4,8,0,0,0,0,0,1,0,1,1,1,1,2,-1,-1,1969,8,2,VOLVO XC90,8,W01001505,0,2
2024421402643,2024,421402643,1,9,0,-1,2,8,5,-1,0,1,0,0,0,0,1,1,-1,9,1,63,9,2401,2,19,VOLVO XC90,7,E01016028,0,3
2024320155943,2024,320155943,2,9,0,-1,-1,4,2,0,0,8,5,0,7,0,4,1,-1,-1,1,55,8,2401,2,18,VOLVO XC90,4,E01026032,0,3
2024552401512,2024,552401512,2,9,0,18,19,6,2,0,0,1,0,0,0,0,1,1,6,6,1,42,7,2400,2,13,VOLVO XC90,9,E01020373,0,3
2024631469038,2024,631469038,2,9,0,-1,19,2,6,-1,0,1,0,0,0,0,0,1,-1,1,1,40,7,1969,8,4,VOLVO XC90,8,W01000699,0,1
2024221414993,2024,221414993,3,9,0,-1,19,1,5,-1,0,4,0,0,0,0,0,1,-1,1,1,35,6,1969,8,2,VOLVO XC90,3,E01032157,0,1
2024131459171,2024,131459171,4,9,0,-1,19,3,7,-1,0,0,0,0,0,0,0,1,-1,1,1,30,6,1969,8,1,VOLVO XC90,6,E01011885,0,3
2024111492764,2024,111492764,1,9,0,-1,19,3,7,-1,0,0,0,0,0,0,3,1,-1,2,1,67,10,1969,8,0,VOLVO XC90,7,E01020655,0,2
202454B494724,2024,54B494724,2,9,0,1,1,6,4,0,0,6,0,0,0,0,2,1,6,6,2,27,6,1969,8,0,VOLVO XC90,6,E01034547,0,4
2024010497986,2024,010497986,2,9,9,99,99,9,9,99,99,6,9,99,9,99,9,9,6,6,1,58,9,1969,8,4,VOLVO XC90,4,E01001286,0,3
2024010499457,2024,010499457,2,9,0,18,19,7,3,0,0,1,0,0,0,0,0,1,6,6,1,28,6,1969,8,2,VOLVO XC90,5,E01003666,0,2
2024311441876,2024,311441876,2,9,0,-1,2,0,0,-1,0,0,0,4,0,0,2,1,-1,6,1,45,7,2401,2,17,VOLVO XC90,4,E01028343,0,1
2024471454310,2024,471454310,2,9,0,-1,19,4,1,-1,0,0,0,0,0,0,3,1,-1,6,2,30,6,2401,2,20,VOLVO XC90,8,E01021233,0,3
2024061403411,2024,061403411,3,9,0,-1,2,0,0,-1,0,0,0,0,0,0,3,1,-1,1,1,27,6,1969,8,2,VOLVO XC90,-1,-1,0,-1
2024332400417,2024,332400417,2,9,0,-1,19,4,8,-1,0,8,0,0,0,0,1,1,-1,2,1,40,7,1969,2,8,VOLVO XC90,8,E01025630,0,1
2024010523410,2024,010523410,1,9,0,4,4,1,5,0,0,8,0,0,1,0,3,1,1,1,1,33,6,1969,8,2,VOLVO XC90,3,E01003221,0,1