collision_index,collision_year,collision_ref_no,vehicle_reference,vehicle_type,towing_and_articulation,vehicle_manoeuvre_historic,vehicle_manoeuvre,vehicle_direction_from,vehicle_direction_to,vehicle_location_restricted_lane_historic,vehicle_location_restricted_lane,junction_location,skidding_and_overturning,hit_object_in_carriageway,vehicle_leaving_carriageway,hit_object_off_carriageway,first_point_of_impact,vehicle_left_hand_drive,journey_purpose_of_driver_historic,journey_purpose_of_driver,sex_of_driver,age_of_driver,age_band_of_driver,engine_capacity_cc,propulsion_code,age_of_vehicle,generic_make_model,driver_imd_decile,lsoa_of_driver,escooter_flag,driver_distance_banding
2024052401732,2024,052401732,1,9,0,9,9,3,7,0,0,6,0,0,0,0,1,1,6,6,3,-1,-1,1969,8,0,VOLVO XC90,-1,-1,0,-1
2024991466880,2024,991466880,2,9,0,-1,19,5,1,-1,0,0,0,0,0,0,1,1,-1,6,-1,-1,-1,1969,8,3,VOLVO XC90,-1,-1,0,-1
2024361528746,2024,361528746,3,9,0,-1,19,1,5,-1,0,0,0,0,0,0,0,1,-1,6,2,53,8,1969,8,1,VOLVO XC90,10,E01035149,0,4
2024201421111,2024,201421111,1,9,0,-1,19,7,3,-1,0,0,0,0,0,0,1,1,-1,1,1,34,6,1969,8,2,VOLVO XC90,4,E01031105,0,3
2024451422501,2024,451422501,3,9,0,-1,19,3,7,-1,0,0,0,0,0,0,0,1,-1,1,1,34,6,1969,8,3,VOLVO XC90,1,E01016023,0,4
2024461471595,2024,461471595,2,9,0,-1,19,6,2,-1,0,0,0,0,0,0,0,1,-1,8,1,43,7,1969,8,3,VOLVO XC90,-1,-1,0,-1
2024461418764,2024,461418764,2,9,0,-1,19,8,4,-1,0,0,0,0,0,0,1,1,-1,8,1,36,7,1969,8,1,VOLVO XC90,2,E01024717,0,4
2024201525445,2024,201525445,1,9,0,-1,19,3,7,-1,0,0,0,0,0,0,1,9,-1,6,1,74,10,2400,2,13,VOLVO XC90,-1,-1,0,-1
2024061454750,2024,061454750,2,9,0,-1,19,5,5,-1,0,0,0,0,0,0,0,1,-1,1,1,34,6,1969,12,4,VOLVO XC90,1,E01034113,0,1
2024430072301,2024,430072301,2,9,0,3,3,1,5,0,0,0,0,0,0,0,2,1,6,6,1,48,8,1969,8,2,VOLVO XC90,10,E01017938,0,4
2024041455626,2024,041455626,6,9,0,-1,19,3,7,-1,0,0,0,0,0,0,2,1,-1,1,1,49,8,1969,8,2,VOLVO XC90,1,E01025290,0,2
2024421463013,2024,421463013,1,9,0,-1,19,1,5,-1,0,0,0,0,0,0,1,1,-1,9,2,44,7,1969,8,1,VOLVO XC90,5,E01015859,0,1
2024161497918,2024,161497918,1,9,0,-1,19,2,6,-1,0,0,0,0,0,0,1,1,-1,6,3,-1,-1,2400,2,14,VOLVO XC90,-1,-1,0,-1
2024122500161,2024,122500161,2,9,4,17,19,7,4,0,0,0,0,0,0,0,3,1,6,6,1,58,9,2400,2,13,VOLVO XC90,9,E01013368,0,4
2024991458406,2024,991458406,2,9,0,-1,19,1,5,-1,0,0,0,0,0,0,1,1,-1,6,2,81,11,1969,12,2,VOLVO XC90,-1,-1,0,-1
2024451403494,2024,451403494,1,9,4,-1,19,1,5,-1,0,0,0,0,0,0,3,1,-1,9,2,58,9,2400,2,13,VOLVO XC90,9,E01030595,0,3
2024010522520,2024,010522520,2,9,0,18,19,3,7,0,0,0,0,0,0,0,0,1,1,1,1,30,6,1969,8,2,VOLVO XC90,-1,-1,0,-1
2024302400865,2024,302400865,2,9,0,17,19,3,1,0,0,1,0,0,0,0,3,1,6,6,2,38,7,2400,2,14,VOLVO XC90,1,E01019488,0,1
2024061427687,2024,061427687,4,9,0,-1,19,8,8,-1,0,1,0,0,0,0,0,1,-1,9,1,32,6,1969,8,2,VOLVO XC90,-1,-1,0,-1
202417L204724,2024,17L204724,2,9,0,-1,4,2,6,-1,0,2,0,0,0,0,2,1,-1,2,1,33,6,1969,8,2,VOLVO XC90,8,E01033480,0,3
2024411544251,2024,411544251,3,9,0,-1,19,1,5,-1,0,8,0,0,0,0,0,1,-1,8,1,28,6,1969,8,0,VOLVO XC90,-1,-1,0,-1
2024421428545,2024,421428545,1,9,0,-1,13,6,2,-1,0,1,1,7,1,0,1,1,-1,8,1,30,6,1969,8,1,VOLVO XC90,7,E01021544,0,3
2024201484025,2024,201484025,2,9,0,-1,15,1,1,-1,0,0,0,0,0,0,2,1,-1,1,1,38,7,1969,8,2,VOLVO XC90,-1,-1,0,-1
2024010545534,2024,010545534,2,9,9,99,99,9,9,99,99,9,9,99,9,99,9,9,6,6,3,-1,-1,1969,8,8,VOLVO XC90,-1,-1,0,-1
2024501440419,2024,501440419,2,9,0,-1,2,0,0,-1,0,0,0,0,0,0,2,1,-1,8,1,49,8,1969,8,1,VOLVO XC90,9,E01033234,0,3
2024010550810,2024,010550810,2,9,0,99,99,9,9,99,99,9,9,99,9,99,2,9,6,6,1,-1,-1,1969,2,8,VOLVO XC90,-1,-1,0,-1
2024461396392,2024,461396392,2,9,0,-1,2,0,0,-1,0,0,0,0,0,0,2,9,-1,6,1,42,7,2401,2,20,VOLVO XC90,2,E01024170,0,1
2024501456098,2024,501456098,3,9,0,-1,19,8,4,-1,0,2,0,0,0,0,3,1,-1,9,1,64,9,2401,2,19,VOLVO XC90,6,E01020327,0,1
2024361400525,2024,361400525,1,9,0,-1,19,7,3,-1,9,0,0,0,1,0,1,1,-1,6,1,31,6,2401,2,17,VOLVO XC90,4,E01026695,0,4
2024311432365,2024,311432365,1,9,0,-1,1,1,5,-1,0,1,0,0,0,0,2,2,-1,1,1,43,7,1969,8,1,VOLVO XC90,5,E01028189,0,2
2024010519988,2024,010519988,1,9,0,18,19,7,3,0,0,1,0,0,0,0,1,1,6,6,1,-1,-1,1969,8,3,VOLVO XC90,-1,-1,0,-1
2024549778324,2024,549778324,4,9,0,17,19,4,8,0,0,0,0,0,0,0,1,1,6,6,1,51,8,1969,8,7,VOLVO XC90,4,E01001586,0,5
2024361435009,2024,361435009,1,9,0,-1,19,1,5,-1,0,8,0,0,1,4,1,1,-1,6,1,29,6,2401,2,19,VOLVO XC90,5,E01026487,0,1
2024340WN3722,2024,340WN3722,2,9,0,-1,2,0,0,-1,0,0,0,0,0,0,2,1,-1,6,3,-1,-1,1969,8,1,VOLVO XC90,-1,-1,0,-1
2024061517514,2024,061517514,4,9,0,-1,3,2,6,-1,0,1,0,0,0,0,3,1,-1,9,1,67,10,1969,2,6,VOLVO XC90,6,E01004925,0,1
2024031502383,2024,031502383,1,9,0,-1,9,2,6,-1,0,0,0,0,1,0,1,1,-1,9,1,35,6,1969,8,0,VOLVO XC90,-1,-1,0,-1
2024461485890,2024,461485890,2,9,0,-1,2,0,0,-1,0,0,0,0,0,0,0,1,-1,6,-1,-1,-1,1969,8,1,VOLVO XC90,-1,-1,0,-1
2024201482423,2024,201482423,1,9,0,-1,19,5,1,-1,0,1,0,0,0,0,1,9,-1,1,1,-1,-1,1969,8,2,VOLVO XC90,-1,-1,0,-1
2024010516188,2024,010516188,1,9,0,9,9,3,1,0,0,8,0,0,0,0,1,1,6,6,1,52,8,1969,8,7,VOLVO XC90,6,E01001869,0,1
2024010495114,2024,010495114,2,9,0,18,19,3,7,0,0,2,0,10,0,0,4,1,6,6,1,44,7,1969,8,2,VOLVO XC90,7,E01032767,0,3
2024991491080,2024,991491080,2,9,0,-1,19,1,5,-1,9,2,1,0,0,0,1,1,-1,6,2,54,8,1969,8,3,VOLVO XC90,-1,-1,0,-1
2024320440259,2024,320440259,1,9,0,-1,-1,2,6,0,0,0,1,10,1,11,1,1,-1,-1,1,20,4,2401,2,20,VOLVO XC90,9,E01026321,0,2
2024631435686,2024,631435686,2,9,0,-1,19,3,7,-1,0,8,0,0,0,0,1,1,-1,6,1,63,9,2400,2,13,VOLVO XC90,8,E01017465,0,5
2024031516581,2024,031516581,2,9,0,-1,4,2,2,-1,0,0,0,0,0,0,2,1,-1,9,2,38,7,2401,2,20,VOLVO XC90,-1,-1,0,-1
2024451483741,2024,451483741,1,9,0,-1,3,5,1,-1,0,0,0,0,0,0,2,1,-1,9,2,58,9,2400,2,15,VOLVO XC90,9,E01030477,0,2
2024471489148,2024,471489148,3,9,0,-1,19,3,7,-1,0,8,0,0,0,0,0,1,-1,1,1,37,7,1969,12,2,VOLVO XC90,6,E01021034,0,3
2024010519943,2024,010519943,1,9,0,18,19,7,3,0,0,2,0,0,0,0,4,1,6,6,2,57,9,1969,8,3,VOLVO XC90,6,E01002910,0,1
2024520402905,2024,520402905,1,9,0,18,19,6,2,0,0,8,0,0,0,0,1,1,6,6,1,54,8,2400,2,14,VOLVO XC90,4,E01014448,0,1
2024061458187,2024,061458187,2,9,0,-1,19,5,1,-1,0,8,0,0,0,0,0,1,-1,1,1,29,6,1969,8,1,VOLVO XC90,4,E01004986,0,2
2024631397360,2024,631397360,2,9,0,-1,4,8,4,-1,0,0,0,0,0,0,2,1,-1,9,2,35,6,2401,2,15,VOLVO XC90,5,W01000537,0,4
2024991538775,2024,991538775,2,9,0,-1,19,8,5,-1,0,1,0,0,0,0,1,1,-1,6,1,76,11,2400,2,13,VOLVO XC90,5,-1,0,2
2024471408073,2024,471408073,1,9,0,-1,-1,-1,-1,-1,-1,-1,-1,-1,-1,0,-1,1,-1,9,2,49,8,1969,2,4,VOLVO XC90,6,E01031697,0,2
2024010538420,2024,010538420,2,9,0,18,19,7,3,0,0,0,0,0,0,0,1,1,6,6,1,23,5,1969,8,2,VOLVO XC90,-1,-1,0,-1
2024361412439,2024,361412439,1,9,0,-1,19,0,0,-1,0,0,0,0,0,0,1,1,-1,2,1,32,6,2400,2,15,VOLVO XC90,6,E01026771,0,3
2024552400206,2024,552400206,1,9,0,9,9,4,2,0,0,6,0,0,0,0,1,1,1,1,1,33,6,1969,8,3,VOLVO XC90,9,E01020391,0,3
2024010542741,2024,010542741,1,9,0,9,9,3,1,0,0,2,0,0,0,0,1,1,1,1,1,52,8,1969,8,6,VOLVO XC90,3,E01002028,0,1
2024461404666,2024,461404666,5,9,0,-1,19,1,5,-1,0,2,0,0,0,0,0,9,-1,1,2,-1,-1,1968,8,2,VOLVO XC90,2,E01024717,0,4
2024131475226,2024,131475226,4,9,0,-1,19,5,1,-1,0,1,0,0,0,0,0,1,-1,1,1,48,8,1969,8,1,VOLVO XC90,6,E01011885,0,3
2024131412417,2024,131412417,2,9,0,-1,3,5,1,-1,0,4,0,0,0,0,0,1,-1,9,1,56,9,1969,8,4,VOLVO XC90,9,E01010954,0,2
2024461524518,2024,461524518,3,9,0,-1,19,8,4,-1,0,1,0,0,0,0,0,1,-1,1,1,42,7,1969,8,0,VOLVO XC90,-1,-1,0,-1
2024421483113,2024,421483113,2,9,0,-1,4,6,2,-1,0,0,0,0,0,0,2,1,-1,1,1,27,6,1969,8,3,VOLVO XC90,8,E01021537,0,2
2024544289224,2024,544289224,2,9,0,18,19,1,5,0,0,1,0,0,0,0,2,1,6,6,2,49,8,1969,2,5,VOLVO XC90,7,E01031868,0,1
2024401445519,2024,401445519,3,9,0,-1,19,5,1,-1,0,8,0,0,0,0,0,1,-1,1,1,49,8,1969,8,3,VOLVO XC90,9,E01015811,0,3
2024371411590,2024,371411590,1,9,0,-1,1,7,3,-1,0,0,0,0,0,0,2,1,-1,9,2,39,7,2401,2,20,VOLVO XC90,6,E01034565,0,1
2024041417580,2024,041417580,2,9,0,-1,19,7,3,-1,0,0,0,0,0,0,1,1,-1,6,1,67,10,2401,2,19,VOLVO XC90,7,E01025199,0,2
2024010515206,2024,010515206,1,9,0,18,19,1,5,0,0,2,0,0,0,0,1,1,1,1,1,31,6,1969,8,2,VOLVO XC90,5,E01003123,0,3
2024471476950,2024,471476950,2,9,0,-1,19,5,1,-1,0,0,0,0,1,4,2,1,-1,6,2,49,8,1969,2,5,VOLVO XC90,7,E01034722,0,3
2024471457404,2024,471457404,1,9,0,-1,19,7,3,-1,0,0,5,4,0,0,1,1,-1,9,1,42,7,2401,2,18,VOLVO XC90,5,E01016988,0,1
2024010507612,2024,010507612,1,9,0,9,9,7,4,0,0,1,0,0,0,0,3,1,6,6,1,47,8,1969,8,1,VOLVO XC90,4,E01001972,0,1
2024501498598,2024,501498598,2,9,0,-1,4,3,7,-1,0,0,0,0,0,0,2,1,-1,1,1,40,7,1969,8,2,VOLVO XC90,4,E01018877,0,5
2024010510565,2024,010510565,2,9,9,99,99,9,9,99,99,9,9,99,9,99,9,9,6,6,3,-1,-1,1969,2,6,VOLVO XC90,-1,-1,0,-1
2024010529349,2024,010529349,2,9,0,18,19,5,1,0,0,1,0,0,0,0,0,1,1,1,1,36,7,1969,8,2,VOLVO XC90,7,E01032767,0,2
2024991416468,2024,991416468,2,9,0,-1,3,1,5,-1,0,0,0,0,0,0,2,1,-1,9,1,48,8,1969,2,5,VOLVO XC90,8,-1,0,4
2024010543170,2024,010543170,2,9,9,99,99,9,9,0,0,9,0,0,0,0,3,9,6,6,3,-1,-1,1969,8,5,VOLVO XC90,-1,-1,0,-1
2024101459237,2024,101459237,2,9,0,-1,5,5,1,-1,0,0,0,0,0,0,4,1,-1,6,2,42,7,1969,8,2,VOLVO XC90,10,E01027469,0,2
2024131402596,2024,131402596,2,9,0,-1,2,0,0,-1,0,0,0,0,0,0,4,1,-1,6,2,29,6,2400,2,14,VOLVO XC90,1,E01011725,0,1
2024542578824,2024,542578824,1,9,0,9,9,4,2,9,9,1,0,0,0,0,1,1,6,6,3,52,8,2401,2,17,VOLVO XC90,-1,-1,0,-1
2024131457444,2024,131457444,2,9,0,-1,9,7,5,-1,0,5,0,0,0,0,1,1,-1,2,1,45,7,1969,8,1,VOLVO XC90,4,E01011876,0,1
2024141497118,2024,141497118,1,9,0,-1,5,5,2,-1,0,0,0,0,0,0,1,1,-1,6,2,41,7,1969,8,1,VOLVO XC90,9,E01007864,0,1
2024201477047,2024,201477047,1,9,0,-1,19,1,5,-1,0,1,0,0,0,0,1,1,-1,6,1,37,7,2401,2,17,VOLVO XC90,-1,-1,0,-1
2024010547644,2024,010547644,1,9,0,9,9,5,2,0,0,2,0,0,0,0,1,1,3,7,1,45,7,1969,1,5,VOLVO XC90,7,E01004499,0,1
2024411459698,2024,411459698,3,9,0,-1,19,3,7,-1,0,0,0,0,0,0,1,1,-1,6,1,40,7,1969,12,2,VOLVO XC90,4,E01029892,0,4
2024010491353,2024,010491353,2,9,0,18,19,5,1,0,0,2,0,0,0,0,1,1,6,6,1,36,7,2400,2,9,VOLVO XC90,7,E01003139,0,1
2024010539370,2024,010539370,4,9,0,18,19,5,1,0,0,0,0,0,0,0,1,1,1,1,1,39,7,1969,8,2,VOLVO XC90,5,E01003666,0,2
2024122500167,2024,122500167,1,9,0,18,19,8,4,0,0,0,0,0,0,0,1,1,6,6,1,53,8,2401,2,17,VOLVO XC90,7,E01027760,0,1
2024010501251,2024,010501251,2,9,0,4,4,1,5,0,0,1,0,0,0,0,2,1,6,6,1,45,7,1969,8,1,VOLVO XC90,7,E01003643,0,1
2024501449985,2024,501449985,1,9,0,-1,19,4,8,-1,0,0,1,0,1,9,4,1,-1,1,1,41,7,1969,8,3,VOLVO XC90,7,E01020298,0,4
2024101464383,2024,101464383,1,9,0,-1,4,7,3,-1,-1,0,0,0,0,0,1,1,-1,9,1,22,5,1969,1,6,VOLVO XC90,1,E01008838,0,1
2024311527427,2024,311527427,2,9,0,-1,15,5,1,-1,0,0,0,0,7,2,4,1,-1,8,1,35,6,1969,8,2,VOLVO XC90,-1,-1,0,-1
2024061530994,2024,061530994,2,9,0,-1,5,7,3,-1,0,5,0,0,0,0,0,1,-1,1,1,52,8,1969,8,3,VOLVO XC90,-1,-1,0,-1
2024991465238,2024,991465238,2,9,0,-1,9,3,8,-1,0,1,0,0,0,0,3,1,-1,6,1,61,9,1969,8,0,VOLVO XC90,-1,-1,0,-1
2024461484386,2024,461484386,2,9,4,-1,19,1,3,-1,0,1,0,0,0,0,1,1,-1,6,1,60,9,2400,2,11,VOLVO XC90,9,E01016172,0,1
2024231462226,2024,231462226,2,9,0,-1,19,2,5,-1,0,0,0,0,0,0,1,1,-1,9,1,51,8,1969,2,5,VOLVO XC90,10,E01022706,0,5
2024440021802,2024,440021802,1,9,0,18,19,8,4,0,0,0,0,0,0,0,2,1,2,2,2,29,6,1969,8,1,VOLVO XC90,4,E01031859,0,4
2024131490980,2024,131490980,1,9,0,-1,19,8,4,-1,0,8,0,0,0,0,1,1,-1,6,2,41,7,1969,8,3,VOLVO XC90,10,E01011458,0,1
2024070351019,2024,070351019,2,9,0,18,19,6,2,0,0,0,0,0,0,0,1,1,3,7,1,52,8,2401,2,21,VOLVO XC90,1,E01018317,0,2
2024430448638,2024,430448638,1,9,0,18,19,5,1,0,0,2,0,0,0,0,4,1,1,1,1,41,7,1969,8,4,VOLVO XC90,10,E01028596,0,1
2024430426577,2024,430426577,2,9,0,13,13,2,6,0,0,8,0,0,0,0,1,1,1,1,1,30,6,1969,8,2,VOLVO XC90,-1,-1,0,-1
2024461486995,2024,461486995,1,9,0,-1,4,3,7,-1,0,1,0,0,0,0,1,1,-1,6,2,39,7,2400,2,13,VOLVO XC90,3,E01024239,0,1
2024340WN3552,2024,340WN3552,2,9,0,-1,19,1,5,-1,0,8,0,0,1,0,1,1,-1,9,2,47,8,1969,12,1,VOLVO XC90,8,E01027004,0,2
2024010518939,2024,010518939,2,9,0,-1,-1,5,1,0,0,1,0,0,0,0,1,1,1,1,1,45,7,1969,8,2,VOLVO XC90,3,E01003221,0,1
2024010498341,2024,010498341,3,9,0,18,19,1,5,0,0,4,0,10,3,11,1,1,6,6,1,44,7,1969,8,4,VOLVO XC90,5,E01002481,0,1
2024010523574,2024,010523574,2,9,0,2,2,0,0,0,0,1,0,0,0,0,2,1,6,6,3,-1,-1,1969,8,1,VOLVO XC90,-1,-1,0,-1
2024361408158,2024,361408158,1,9,0,-1,19,7,3,-1,0,0,5,0,2,11,1,1,-1,7,1,56,9,2400,2,15,VOLVO XC90,3,E01026763,0,1
2024371509464,2024,371509464,1,9,0,-1,19,3,7,-1,0,1,0,0,0,0,1,1,-1,6,1,60,9,2400,2,14,VOLVO XC90,2,E01030024,0,1
2024010503506,2024,010503506,3,9,0,18,19,3,7,0,0,7,0,0,0,0,0,1,6,6,1,37,7,1969,8,2,VOLVO XC90,5,E01003666,0,3
2024101426986,2024,101426986,3,9,0,-1,19,3,7,-1,0,1,0,0,0,0,0,1,-1,1,1,20,4,1969,8,3,VOLVO XC90,7,E01008283,0,2
2024401427547,2024,401427547,2,9,0,-1,19,8,4,-1,0,1,0,0,0,0,4,1,-1,1,1,29,6,1969,8,3,VOLVO XC90,-1,-1,0,-1
2024431532941,2024,431532941,1,9,0,-1,-1,5,5,-1,-1,0,0,0,0,0,1,1,-1,-1,1,75,10,1969,2,7,VOLVO XC90,10,E01030791,0,1
2024440377899,2024,440377899,1,9,0,18,19,3,1,0,0,0,0,0,0,0,2,1,6,6,2,33,6,2401,2,15,VOLVO XC90,7,E01031543,0,3
2024122400874,2024,122400874,2,9,0,3,3,2,6,0,0,0,0,0,0,0,3,1,6,6,1,57,9,1969,8,0,VOLVO XC90,10,E01034977,0,1
2024401456579,2024,401456579,2,9,0,-1,19,5,1,-1,0,6,0,0,1,0,3,1,-1,1,1,29,6,1969,8,3,VOLVO XC90,3,E01017514,0,4
2024141401022,2024,141401022,2,9,0,-1,2,0,0,-1,9,0,0,0,0,0,1,1,-1,6,-1,-1,-1,2401,2,18,VOLVO XC90,-1,-1,0,-1
2024430029359,2024,430029359,1,9,0,18,19,1,5,0,0,8,0,0,0,0,4,1,6,6,1,54,8,2401,2,20,VOLVO XC90,6,E01028484,0,2
202460Q094944,2024,60Q094944,1,9,0,18,19,1,4,0,0,0,0,0,0,0,1,1,6,6,1,40,7,1969,8,1,VOLVO XC90,-1,-1,0,-1
2024010543804,2024,010543804,1,9,0,99,99,9,9,99,99,9,9,99,9,99,9,9,6,6,2,44,7,1969,2,4,VOLVO XC90,10,E01004095,0,1
2024481503960,2024,481503960,1,9,0,-1,19,7,3,-1,0,1,0,0,0,0,1,1,-1,1,1,25,5,1969,1,5,VOLVO XC90,-1,-1,0,-1
2024221461954,2024,221461954,5,9,0,-1,19,6,2,-1,0,0,0,0,0,0,0,9,-1,8,1,37,7,1969,8,0,VOLVO XC90,6,E01034797,0,4
2024421491756,2024,421491756,1,9,0,-1,9,5,3,-1,0,0,0,0,0,0,1,1,-1,9,2,43,7,1969,-1,3,VOLVO XC90,7,E01035173,0,1
2024430445985,2024,430445985,1,9,0,1,1,7,3,0,0,1,0,0,0,0,2,1,6,6,1,-1,-1,1969,2,6,VOLVO XC90,10,E01016561,0,1
2024041523424,2024,041523424,1,9,0,-1,19,6,2,-1,0,0,0,0,0,0,1,1,-1,6,2,38,7,2400,2,14,VOLVO XC90,7,E01025079,0,1
2024101533582,2024,101533582,1,9,0,-1,19,5,1,-1,0,8,0,0,0,0,1,1,-1,6,1,45,7,1969,8,4,VOLVO XC90,10,E01008418,0,1
2024991408683,2024,991408683,1,9,0,-1,9,4,1,-1,0,5,0,0,3,0,1,1,-1,8,1,44,7,1969,8,2,VOLVO XC90,-1,-1,0,-1
2024201418111,2024,201418111,2,9,0,-1,19,8,3,-1,0,0,0,0,0,0,0,9,-1,1,1,-1,-1,1969,8,3,VOLVO XC90,-1,-1,0,-1
2024141530075,2024,141530075,1,9,0,-1,14,3,7,-1,0,8,0,0,0,0,1,9,-1,6,1,35,6,2400,2,15,VOLVO XC90,2,E01007636,0,1
2024010536668,2024,010536668,1,9,0,5,5,1,5,0,0,6,0,0,0,0,3,1,6,6,2,40,7,1969,8,0,VOLVO XC90,5,E01002024,0,1
2024070230812,2024,070230812,1,9,0,4,4,5,1,0,0,1,0,0,0,0,1,1,6,6,2,42,7,1969,2,9,VOLVO XC90,8,E01018691,0,1
2024522401650,2024,522401650,2,9,0,3,3,6,2,0,0,1,0,0,0,0,2,1,6,6,1,44,7,2400,2,15,VOLVO XC90,3,E01014566,0,2
2024451474839,2024,451474839,3,9,0,-1,19,7,3,-1,0,0,0,0,0,0,0,1,-1,1,1,53,8,1969,8,2,VOLVO XC90,-1,-1,0,-1
2024332400991,2024,332400991,1,9,0,-1,19,6,2,-1,0,1,0,0,0,0,1,1,-1,1,1,36,7,1969,8,2,VOLVO XC90,-1,-1,0,-1
2024061519944,2024,061519944,3,9,0,-1,19,3,7,-1,0,0,0,0,0,0,2,1,-1,1,1,29,6,1969,8,1,VOLVO XC90,-1,-1,0,-1
2024501528022,2024,501528022,1,9,0,-1,7,4,8,-1,0,2,0,0,0,0,1,1,-1,1,1,53,8,1969,8,2,VOLVO XC90,8,E01015036,0,1
2024501455497,2024,501455497,2,9,0,-1,10,5,1,-1,0,8,0,0,0,0,2,1,-1,9,1,36,7,2400,2,14,VOLVO XC90,6,E01020143,0,1
2024201534933,2024,201534933,1,9,0,-1,19,3,7,-1,0,0,0,0,0,0,4,1,-1,6,1,52,8,1969,2,5,VOLVO XC90,2,E01025291,0,5
2024991399022,2024,991399022,1,9,0,-1,19,4,2,-1,0,0,0,0,0,0,1,1,-1,9,1,40,7,1969,8,5,VOLVO XC90,6,-1,0,2
2024141500286,2024,141500286,1,9,0,-1,9,6,4,-1,0,5,0,0,0,0,2,2,-1,9,1,28,6,1969,8,1,VOLVO XC90,1,E01007662,0,4
2024332401084,2024,332401084,2,9,0,-1,2,0,0,-1,0,1,0,0,0,0,1,1,-1,6,1,40,7,2400,2,14,VOLVO XC90,5,E01013623,0,1
2024471523506,2024,471523506,1,9,0,-1,19,7,2,-1,0,0,2,0,6,6,1,1,-1,6,1,38,7,2922,7,20,VOLVO XC90,3,E01031459,0,3
2024471452945,2024,471452945,2,9,0,-1,19,5,1,-1,0,0,0,0,0,0,3,1,-1,9,2,33,6,1969,1,4,VOLVO XC90,6,E01035332,0,2
2024401505004,2024,401505004,1,9,0,-1,19,1,5,-1,0,0,0,0,0,0,1,1,-1,9,2,51,8,1969,2,6,VOLVO XC90,2,E01017523,0,1
2024471416027,2024,471416027,25,9,0,-1,19,7,3,-1,0,0,0,1,0,0,4,1,-1,9,1,80,11,1969,8,8,VOLVO XC90,7,E01030832,0,4
2024991457255,2024,991457255,1,9,0,-1,4,3,7,-1,0,8,0,0,0,0,0,1,-1,9,1,54,8,1969,12,0,VOLVO XC90,-1,-1,0,-1
2024991416654,2024,991416654,2,9,0,-1,19,4,8,-1,0,0,0,0,0,0,0,1,-1,1,1,36,7,1969,2,5,VOLVO XC90,1,-1,0,2
2024010487919,2024,010487919,2,9,0,18,19,4,8,0,0,6,0,0,0,0,0,1,6,6,1,33,6,1969,8,2,VOLVO XC90,-1,-1,0,-1
2024552400714,2024,552400714,2,9,0,2,2,0,0,0,0,0,0,0,0,0,3,1,6,6,3,-1,-1,2401,2,20,VOLVO XC90,-1,-1,0,-1
2024010504022,2024,010504022,1,9,0,18,19,5,1,0,0,6,0,0,0,0,1,1,6,6,1,58,9,1969,8,2,VOLVO XC90,6,E01001951,0,1
2024361446327,2024,361446327,1,9,0,-1,5,2,8,-1,0,0,0,0,7,0,3,1,-1,9,2,27,6,2400,2,15,VOLVO XC90,6,E01026424,0,1
2024031452380,2024,031452380,2,9,0,-1,19,3,7,-1,0,1,0,0,0,0,4,1,-1,1,1,37,7,1969,8,1,VOLVO XC90,5,E01019220,0,1
2024010527147,2024,010527147,2,9,9,18,19,9,9,0,0,1,9,99,9,99,9,9,6,6,2,39,7,1969,1,6,VOLVO XC90,5,E01003640,0,2
2024552400508,2024,552400508,1,9,0,18,19,6,2,0,0,0,5,0,1,10,4,1,6,6,1,58,9,2400,2,15,VOLVO XC90,-1,-1,0,-1
2024440061599,2024,440061599,1,9,0,18,19,8,4,0,0,0,0,0,4,6,3,1,1,1,1,52,8,1969,8,3,VOLVO XC90,9,E01022702,0,1
2024221538197,2024,221538197,1,9,0,-1,19,1,5,-1,0,2,0,0,0,0,1,1,-1,9,1,33,6,1969,2,7,VOLVO XC90,6,E01032237,0,1
2024991484044,2024,991484044,2,9,0,-1,2,0,0,-1,0,0,0,0,0,0,3,1,-1,6,-1,-1,-1,1969,8,2,VOLVO XC90,-1,-1,0,-1
2024061527219,2024,061527219,3,9,0,-1,19,6,2,-1,0,8,0,0,0,0,0,1,-1,1,1,33,6,1969,8,2,VOLVO XC90,1,E01034113,0,1
2024201409381,2024,201409381,1,9,0,-1,19,3,7,-1,0,8,0,0,0,0,1,1,-1,6,1,-1,-1,1969,12,3,VOLVO XC90,-1,-1,0,-1
2024461489494,2024,461489494,1,9,0,-1,10,4,6,-1,0,0,0,0,0,0,4,1,-1,6,2,51,8,1969,8,0,VOLVO XC90,7,E01024723,0,1
2024461446290,2024,461446290,2,9,0,-1,19,3,7,-1,0,2,0,0,7,0,3,1,-1,1,1,40,7,1969,8,1,VOLVO XC90,-1,-1,0,-1
2024430426577,2024,430426577,1,9,0,9,9,2,8,0,0,5,0,0,0,0,3,1,1,1,1,30,6,1969,8,1,VOLVO XC90,-1,-1,0,-1
2024052400570,2024,052400570,2,9,0,4,4,2,6,0,0,1,0,0,0,0,2,1,6,6,1,29,6,2401,2,16,VOLVO XC90,1,E01006692,0,1
2024991415182,2024,991415182,1,9,0,-1,19,1,5,-1,0,0,0,0,0,0,1,9,-1,7,1,57,9,1969,2,6,VOLVO XC90,8,-1,0,1
2024010537013,2024,010537013,2,9,9,6,6,5,5,0,0,9,9,0,0,0,2,9,6,6,1,36,7,1969,1,4,VOLVO XC90,1,E01004870,0,5
2024070125710,2024,070125710,4,9,0,18,19,1,5,0,0,0,0,0,0,0,2,1,6,6,1,42,7,1969,8,1,VOLVO XC90,-1,-1,0,-1