collision_index,collision_year,collision_ref_no,vehicle_reference,vehicle_type,towing_and_articulation,vehicle_manoeuvre_historic,vehicle_manoeuvre,vehicle_direction_from,vehicle_direction_to,vehicle_location_restricted_lane_historic,vehicle_location_restricted_lane,junction_location,skidding_and_overturning,hit_object_in_carriageway,vehicle_leaving_carriageway,hit_object_off_carriageway,first_point_of_impact,vehicle_left_hand_drive,journey_purpose_of_driver_historic,journey_purpose_of_driver,sex_of_driver,age_of_driver,age_band_of_driver,engine_capacity_cc,propulsion_code,age_of_vehicle,generic_make_model,driver_imd_decile,lsoa_of_driver,escooter_flag,driver_distance_banding
2024010498560,2024,010498560,2,9,0,3,3,3,7,0,0,8,0,0,0,0,1,1,3,7,2,37,7,1969,2,6,VOLVO XC90,-1,-1,0,-1
2024430294399,2024,430294399,1,9,0,9,9,7,4,0,0,4,0,0,3,7,1,1,6,6,1,25,5,2401,2,15,VOLVO XC90,-1,-1,0,-1
2024471415998,2024,471415998,2,9,0,-1,19,7,3,-1,0,8,0,0,0,0,1,1,-1,9,2,47,8,2401,2,17,VOLVO XC90,9,E01016992,0,1
2024547953124,2024,547953124,1,9,0,7,7,7,8,0,0,6,0,0,0,0,1,1,6,6,2,33,6,2401,2,19,VOLVO XC90,7,E01034541,0,1
2024440376471,2024,440376471,3,9,0,3,3,2,6,0,0,1,0,0,0,0,2,1,2,2,1,61,9,1969,8,4,VOLVO XC90,9,E01023229,0,1
2024101401873,2024,101401873,2,9,0,-1,6,7,3,-1,0,8,0,0,0,0,1,1,-1,1,2,43,7,1969,8,2,VOLVO XC90,-1,-1,0,-1
2024010519485,2024,010519485,1,9,0,16,19,1,5,0,0,1,0,0,0,0,0,1,1,1,1,41,7,1969,8,2,VOLVO XC90,7,E01032767,0,2
2024010507842,2024,010507842,4,9,0,18,19,7,3,0,0,8,0,0,0,0,1,1,1,1,1,36,7,1969,8,2,VOLVO XC90,4,E01002444,0,1
2024451489165,2024,451489165,1,9,0,-1,19,5,1,-1,0,8,0,0,0,0,4,1,-1,9,2,45,7,1969,2,6,VOLVO XC90,10,E01030439,0,1
2024010499648,2024,010499648,1,9,0,18,19,3,7,0,0,4,0,0,3,0,1,1,2,2,1,33,6,1969,1,5,VOLVO XC90,5,E01002501,0,2
2024101421562,2024,101421562,3,9,0,-1,3,1,5,-1,0,0,0,0,0,0,0,1,-1,1,1,40,7,1969,8,3,VOLVO XC90,-1,-1,0,-1
2024430089964,2024,430089964,3,9,0,4,4,4,8,0,0,0,0,0,0,0,1,1,3,7,2,52,8,1969,8,1,VOLVO XC90,6,E01004577,0,4
2024430559188,2024,430559188,2,9,0,4,4,7,3,0,0,0,0,0,0,0,4,1,1,1,1,29,6,1969,8,2,VOLVO XC90,-1,-1,0,-1
2024461393694,2024,461393694,19,9,0,-1,19,4,8,-1,0,0,0,0,0,0,3,1,-1,1,1,45,7,1969,8,0,VOLVO XC90,2,E01024717,0,3
2024010537050,2024,010537050,1,9,0,2,2,0,0,0,0,2,0,4,0,0,2,1,6,6,3,-1,-1,1969,8,7,VOLVO XC90,-1,-1,0,-1
2024371475123,2024,371475123,2,9,0,-1,19,1,5,-1,0,0,0,0,0,0,1,1,-1,9,1,70,10,1969,8,1,VOLVO XC90,6,E01030218,0,4
2024471453935,2024,471453935,1,9,0,-1,19,7,3,-1,0,0,0,0,0,0,0,1,-1,9,1,52,8,1969,8,2,VOLVO XC90,7,E01035525,0,5
2024501463139,2024,501463139,3,9,0,-1,2,0,0,-1,0,0,0,0,0,0,3,1,-1,6,1,41,7,2401,2,18,VOLVO XC90,6,E01015191,0,1
2024010534488,2024,010534488,2,9,0,18,19,1,5,0,0,0,0,0,0,0,0,1,6,6,1,34,6,1969,8,2,VOLVO XC90,-1,-1,0,-1
2024010498749,2024,010498749,3,9,0,2,2,0,0,0,0,2,0,0,0,0,2,1,6,6,3,-1,-1,1969,2,6,VOLVO XC90,-1,-1,0,-1
2024311455624,2024,311455624,1,9,0,-1,19,5,1,-1,0,0,0,0,0,0,1,1,-1,6,1,48,8,1969,8,3,VOLVO XC90,1,E01013958,0,1
2024340WN3672,2024,340WN3672,3,9,0,-1,19,5,1,-1,0,1,0,0,0,0,0,1,-1,9,1,54,8,1969,8,0,VOLVO XC90,10,E01035405,0,1
2024010508742,2024,010508742,4,9,0,18,19,5,1,0,0,0,0,0,0,0,4,1,1,1,1,-1,-1,1969,8,2,VOLVO XC90,5,E01003666,0,4
2024131525428,2024,131525428,2,9,0,-1,2,0,0,-1,9,0,0,0,0,0,4,1,-1,6,3,-1,-1,1969,2,9,VOLVO XC90,-1,-1,0,-1
2024010520331,2024,010520331,1,9,0,9,9,1,7,0,0,5,0,0,0,0,4,1,6,6,2,38,7,1969,2,5,VOLVO XC90,5,E01001984,0,1
2024451503224,2024,451503224,2,9,0,-1,15,1,5,-1,0,1,0,0,0,0,3,1,-1,9,1,45,7,2400,2,14,VOLVO XC90,8,E01030979,0,1
2024311411785,2024,311411785,2,9,0,-1,9,7,5,-1,0,8,0,0,0,0,1,1,-1,2,1,50,8,1969,8,7,VOLVO XC90,-1,-1,0,-1
2024010505611,2024,010505611,2,9,0,99,99,9,9,99,99,9,9,99,9,99,1,9,6,6,3,-1,-1,1969,8,4,VOLVO XC90,-1,-1,0,-1
2024122400253,2024,122400253,2,9,0,2,2,0,0,0,0,2,0,0,0,0,2,1,6,6,2,47,8,2400,2,10,VOLVO XC90,9,E01027652,0,1
2024401425365,2024,401425365,2,9,0,-1,19,1,4,-1,0,2,0,0,1,0,1,1,-1,6,1,-1,-1,1969,8,3,VOLVO XC90,-1,-1,0,-1
2024010528954,2024,010528954,3,9,0,4,4,1,5,0,0,0,0,0,0,0,1,1,6,6,1,43,7,1969,8,1,VOLVO XC90,-1,-1,0,-1
2024161533171,2024,161533171,2,9,0,-1,19,5,1,-1,0,0,0,0,0,0,1,1,-1,1,1,35,6,1969,8,2,VOLVO XC90,8,E01012962,0,1
2024461399129,2024,461399129,2,9,0,-1,19,8,3,-1,0,1,0,0,0,0,1,9,-1,6,1,25,5,2401,2,18,VOLVO XC90,5,E01024787,0,1
2024461526366,2024,461526366,1,9,0,-1,5,5,4,-1,0,0,0,10,0,0,1,1,-1,9,2,37,7,1969,8,1,VOLVO XC90,7,E01016089,0,2
2024211426438,2024,211426438,2,9,0,-1,19,4,8,-1,0,0,0,0,0,0,0,1,-1,8,1,-1,-1,1969,12,2,VOLVO XC90,8,E01034049,0,4
2024501491492,2024,501491492,2,9,0,-1,19,2,6,-1,0,0,0,0,1,0,3,1,-1,9,1,50,8,1969,2,6,VOLVO XC90,5,E01018820,0,1
2024320462881,2024,320462881,6,9,0,-1,-1,2,6,0,0,1,0,0,0,0,0,1,-1,-1,1,34,6,1969,8,1,VOLVO XC90,9,E01028415,0,4
202460Q078628,2024,60Q078628,2,9,0,3,3,8,4,0,0,0,0,0,0,0,1,1,6,6,2,46,8,1969,8,6,VOLVO XC90,-1,-1,0,-1
2024430295044,2024,430295044,1,9,0,9,9,8,6,0,0,6,0,0,0,0,1,1,6,6,1,33,6,1969,2,6,VOLVO XC90,8,E01017750,0,1
2024010506962,2024,010506962,1,9,5,18,19,1,5,0,0,0,0,0,0,0,4,1,6,6,1,46,8,1969,8,2,VOLVO XC90,8,E01001994,0,1
2024522402173,2024,522402173,2,9,0,4,4,3,7,0,0,1,0,0,0,0,0,1,1,1,1,-1,-1,1969,8,2,VOLVO XC90,4,E01035114,0,4
2024131455338,2024,131455338,1,9,0,-1,11,7,7,-1,-1,0,1,0,2,7,4,1,-1,6,1,46,8,2400,2,12,VOLVO XC90,8,E01013305,0,5
2024440562874,2024,440562874,1,9,0,18,19,4,8,0,0,1,0,0,0,0,1,1,6,6,1,42,7,2400,2,14,VOLVO XC90,3,E01017225,0,1
2024010498585,2024,010498585,1,9,0,9,9,5,3,0,0,8,0,0,0,0,4,1,3,7,2,51,8,2400,2,15,VOLVO XC90,8,E01004479,0,1
2024471412584,2024,471412584,1,9,0,-1,5,5,1,-1,-1,0,0,0,0,0,1,1,-1,9,1,37,7,1969,8,2,VOLVO XC90,9,E01031769,0,1
2024471412833,2024,471412833,1,9,0,-1,1,5,1,-1,0,0,0,0,0,0,2,1,-1,6,1,66,10,2401,2,21,VOLVO XC90,8,E01017010,0,1
2024211403618,2024,211403618,3,9,0,-1,7,3,4,-1,0,3,0,0,0,0,0,1,-1,1,1,37,7,1969,8,2,VOLVO XC90,-1,-1,0,-1
2024401476463,2024,401476463,2,9,0,-1,2,0,0,-1,0,0,0,0,0,0,3,1,-1,6,-1,-1,-1,2400,2,13,VOLVO XC90,-1,-1,0,-1
2024332400490,2024,332400490,1,9,0,-1,19,2,6,-1,0,2,5,0,6,11,1,1,-1,6,1,-1,-1,1969,8,2,VOLVO XC90,6,E01025627,0,1
2024201435932,2024,201435932,2,9,0,-1,19,4,8,-1,0,8,0,0,0,0,1,1,-1,6,1,42,7,1969,12,2,VOLVO XC90,9,E01009543,0,2
2024991466631,2024,991466631,2,9,0,-1,19,6,2,-1,0,0,0,0,1,0,1,1,-1,9,1,51,8,1969,8,3,VOLVO XC90,10,-1,0,2
2024440450340,2024,440450340,1,9,0,9,9,7,5,0,0,6,0,0,0,0,3,1,6,6,1,31,6,1969,2,8,VOLVO XC90,9,E01022557,0,1
2024531439717,2024,531439717,2,9,0,-1,19,2,6,-1,0,0,0,0,0,0,0,1,-1,1,1,45,7,1969,8,1,VOLVO XC90,6,E01034797,0,4
2024070028378,2024,070028378,2,9,0,18,19,3,7,0,0,1,0,0,0,0,1,1,6,6,2,60,9,2400,2,14,VOLVO XC90,-1,-1,0,-1
2024401491122,2024,401491122,2,9,0,-1,9,6,4,-1,0,6,0,0,0,0,3,1,-1,6,2,74,10,1969,1,7,VOLVO XC90,4,E01000497,0,4
2024552401147,2024,552401147,1,9,0,9,9,5,2,0,0,5,0,0,0,0,4,1,6,6,1,71,10,1969,8,0,VOLVO XC90,9,E01016540,0,5
2024631401400,2024,631401400,1,9,0,-1,9,6,4,-1,0,5,0,0,0,0,1,1,-1,9,1,42,7,1969,2,6,VOLVO XC90,2,W01000480,0,1
2024041527535,2024,041527535,2,9,0,-1,19,7,3,-1,0,0,0,0,0,0,0,1,-1,1,1,45,7,1969,8,2,VOLVO XC90,8,E01025453,0,4
2024221428674,2024,221428674,2,9,0,-1,19,6,2,-1,0,4,0,0,0,0,1,1,-1,2,1,34,6,1969,12,4,VOLVO XC90,3,E01032321,0,1
2024141397775,2024,141397775,3,9,0,-1,4,3,7,-1,0,0,0,0,0,0,2,1,-1,6,1,42,7,2400,2,15,VOLVO XC90,5,E01016158,0,5
2024041424345,2024,041424345,3,9,0,-1,4,5,1,-1,0,0,0,0,0,0,2,1,-1,9,1,36,7,1969,2,9,VOLVO XC90,2,E01006710,0,4
2024501504106,2024,501504106,1,2,0,-1,19,1,6,-1,0,0,2,0,0,0,9,1,-1,9,1,16,4,48,1,5,-1,3,E01018991,0,1
2024371485556,2024,371485556,1,2,0,-1,19,4,8,-1,0,0,0,0,0,0,1,1,-1,9,1,16,4,48,1,0,-1,7,E01029981,0,1
2024371466150,2024,371466150,2,3,0,-1,4,2,5,-1,0,4,0,0,0,0,0,1,-1,6,1,29,6,125,1,2,-1,2,E01030029,0,1
2024101516444,2024,101516444,2,3,0,-1,19,1,5,-1,0,0,2,0,0,0,2,1,-1,6,1,20,4,125,1,0,-1,-1,-1,0,-1
2024161453381,2024,161453381,1,5,0,-1,13,3,7,-1,0,1,0,0,0,0,1,1,-1,6,1,54,8,660,1,17,-1,9,E01013110,0,1
2024201470060,2024,201470060,1,9,0,-1,9,4,2,-1,0,2,0,0,0,0,4,1,-1,6,1,65,9,1360,1,28,-1,1,E01009480,0,1
2024411466397,2024,411466397,3,9,0,-1,3,6,2,-1,0,0,0,0,0,0,2,1,-1,9,2,64,9,1200,1,7,DS DS3,8,E01000256,0,2
2024010529783,2024,010529783,2,9,0,9,9,2,8,0,0,6,0,0,0,0,4,1,6,6,2,22,5,1200,1,8,DS DS3,8,E01001024,0,1
2024010504878,2024,010504878,2,9,0,1,1,7,3,0,0,9,0,0,0,0,2,1,6,6,3,-1,-1,-1,3,1,DS DS3,-1,-1,0,-1
2024231496214,2024,231496214,2,9,0,-1,19,5,1,-1,0,8,0,0,0,0,3,9,-1,6,2,24,5,1200,1,7,DS DS3,10,E01031135,0,1
2024201415138,2024,201415138,1,9,0,-1,1,1,5,-1,9,6,0,0,0,0,2,9,-1,6,2,69,10,1200,1,7,DS DS3,1,E01009306,0,2
2024201495753,2024,201495753,1,9,0,-1,4,3,7,-1,0,1,0,0,0,0,1,9,-1,6,1,30,6,1199,1,1,DS DS3,-1,-1,0,-1
2024141463631,2024,141463631,1,9,0,-1,19,4,1,-1,0,8,0,0,0,0,1,9,-1,6,2,27,6,1200,1,8,DS DS3,6,E01007706,0,2
2024320391305,2024,320391305,1,9,0,-1,-1,1,5,9,9,6,0,0,0,0,1,1,-1,-1,2,37,7,1560,2,8,DS DS3,10,E01032993,0,1
2024201407296,2024,201407296,2,9,0,-1,5,2,4,-1,0,4,0,0,0,0,2,1,-1,6,2,57,9,1200,1,8,DS DS3,1,E01009964,0,1
2024451406998,2024,451406998,1,9,0,-1,19,4,8,-1,0,0,0,0,0,0,1,1,-1,7,1,48,8,-1,3,3,DS DS3,4,E01030747,0,1
2024201553994,2024,201553994,1,9,0,-1,19,1,5,-1,0,0,0,0,0,0,4,1,-1,9,2,39,7,1200,1,9,DS DS3,3,E01033893,0,1
2024631460179,2024,631460179,3,9,0,-1,4,6,2,-1,0,0,0,0,0,0,0,1,-1,2,1,39,7,1560,2,7,DS DS3,1,W01000504,0,1
2024622400465,2024,622400465,1,9,0,18,19,8,3,0,0,0,0,0,0,0,1,1,6,6,1,23,5,1560,2,9,DS DS3,2,W01000994,0,3
2024451483979,2024,451483979,1,9,0,-1,4,7,3,-1,0,0,0,0,0,0,2,1,-1,9,1,46,8,1200,1,7,DS DS3,4,E01021269,0,4
2024201453021,2024,201453021,1,9,0,-1,19,8,4,-1,0,8,0,0,0,0,1,1,-1,6,1,26,6,1200,1,7,DS DS3,1,E01009101,0,2
2024461484112,2024,461484112,2,9,0,-1,19,1,5,-1,0,8,0,0,0,0,1,9,-1,6,2,29,6,1200,1,4,DS DS3,6,E01024425,0,1
2024320004569,2024,320004569,1,9,0,17,19,4,2,0,0,2,0,12,0,0,1,1,2,2,1,58,9,1560,2,8,DS DS3,4,E01026336,0,4
2024421404049,2024,421404049,3,9,0,-1,19,5,1,-1,0,0,0,0,0,0,3,1,-1,6,1,56,9,1560,2,6,DS DS3,6,E01021406,0,4
2024041480478,2024,041480478,2,9,0,-1,19,1,5,-1,0,1,0,0,0,0,4,2,-1,9,1,53,8,1560,2,8,DS DS3,3,E01025554,0,1
2024061514913,2024,061514913,1,9,0,-1,5,5,1,-1,0,1,0,0,0,0,1,1,-1,2,1,61,9,1560,2,7,DS DS3,6,E01005560,0,1
2024440302489,2024,440302489,1,9,0,9,9,5,3,0,0,1,0,0,0,0,3,1,2,2,2,24,5,1200,1,8,DS DS3,6,E01023118,0,1
202460Q032452,2024,60Q032452,1,9,0,18,19,5,1,0,0,1,0,0,0,0,1,1,3,7,2,37,7,1560,2,8,DS DS3,-1,-1,0,-1
2024440258361,2024,440258361,2,9,0,18,19,6,2,0,0,2,0,0,0,0,1,1,6,6,1,79,11,1200,1,8,DS DS3,9,E01023036,0,1
2024421500924,2024,421500924,2,9,0,-1,19,2,6,-1,0,0,0,0,0,0,2,1,-1,2,2,24,5,1200,1,5,DS DS3,2,E01000042,0,3
2024221514216,2024,221514216,1,9,0,-1,5,1,5,-1,0,8,0,0,0,0,1,1,-1,9,1,19,4,1200,1,7,DS DS3,9,E01022466,0,4
2024101509496,2024,101509496,1,9,0,-1,19,6,5,-1,0,5,0,11,0,0,1,1,-1,2,2,62,9,1200,1,7,DS DS3,1,E01008426,0,1
2024332400405,2024,332400405,1,9,0,-1,19,3,7,-1,0,8,0,0,7,0,1,1,-1,1,2,30,6,1200,1,7,DS DS3,6,E01025940,0,3
2024041411200,2024,041411200,1,9,0,-1,19,1,5,-1,0,0,0,0,0,0,1,1,-1,9,1,36,7,1200,1,8,DS DS3,4,E01031087,0,5
2024631443990,2024,631443990,2,9,0,-1,4,5,1,-1,0,0,0,0,0,0,2,1,-1,1,2,48,8,1500,2,5,DS DS3,8,W01000573,0,1
2024070717211,2024,070717211,3,9,0,-1,19,1,1,-1,0,4,0,0,0,0,2,1,-1,6,3,31,6,1560,2,9,DS DS3,3,E01006353,0,3
2024461410291,2024,461410291,1,9,0,-1,4,7,3,-1,0,0,0,0,0,0,1,1,-1,2,2,37,7,1200,1,7,DS DS3,6,E01024079,0,3
2024411396263,2024,411396263,1,9,0,-1,19,-1,-1,-1,0,0,0,0,0,0,1,9,-1,9,3,-1,-1,1560,2,7,DS DS3,-1,-1,0,-1
2024010539607,2024,010539607,2,8,0,6,6,1,1,0,0,8,0,0,0,0,3,1,1,1,1,52,8,-1,3,4,DS DS3,5,E01032742,0,1
2024052402627,2024,052402627,2,9,0,4,4,1,5,0,0,0,0,0,0,0,2,1,6,6,2,29,6,1200,1,6,DS DS3,9,E01025533,0,3
2024421528543,2024,421528543,3,9,0,-1,9,1,4,-1,99,0,0,0,8,0,2,1,-1,7,1,23,5,1200,1,7,DS DS3,6,E01021980,0,2
2024501529409,2024,501529409,2,9,0,-1,2,0,0,-1,-1,0,0,0,0,0,2,1,-1,6,1,22,5,1200,1,8,DS DS3,10,E01023949,0,5
2024010538384,2024,010538384,2,9,0,3,3,5,1,0,0,2,0,0,0,0,2,1,6,6,2,57,9,1200,1,8,DS DS3,3,E01002753,0,1
2024141502939,2024,141502939,1,9,0,-1,15,2,6,-1,0,2,0,0,0,0,1,1,-1,9,2,62,9,1200,1,9,DS DS3,1,E01008022,0,1
2024451497036,2024,451497036,1,9,0,-1,9,2,8,-1,0,8,0,0,0,0,4,1,-1,9,1,35,6,1500,2,3,DS DS3,5,E01016483,0,3
2024061492984,2024,061492984,1,9,0,-1,9,1,3,-1,0,5,0,0,0,0,3,9,-1,9,1,63,9,-1,3,2,DS DS3,8,E01005277,0,1
2024411405176,2024,411405176,2,9,-1,-1,-1,-1,-1,-1,-1,0,-1,-1,-1,0,-1,9,-1,2,2,26,6,1200,1,8,DS DS3,5,E01021818,0,2
2024141424051,2024,141424051,4,9,0,-1,19,5,1,-1,0,1,0,0,0,0,1,1,-1,6,-1,-1,-1,1200,1,5,DS DS3,-1,-1,0,-1
2024440015260,2024,440015260,3,9,0,2,2,0,0,0,0,0,0,0,0,0,2,1,6,6,3,-1,-1,1560,2,9,DS DS3,-1,-1,0,-1
2024141508538,2024,141508538,2,9,0,-1,3,8,4,-1,0,4,0,0,1,4,3,1,-1,6,2,64,9,1560,2,9,DS DS3,9,E01011939,0,2
2024010528624,2024,010528624,3,9,0,18,19,1,5,0,0,2,0,0,0,0,2,1,6,6,2,35,6,1199,1,0,DS DS3,2,E01001250,0,1
2024010543211,2024,010543211,1,9,0,6,6,1,1,0,0,0,0,0,0,0,3,1,1,1,2,27,6,1200,1,4,DS DS3,8,E01004602,0,1
2024010501523,2024,010501523,1,9,0,4,4,7,3,9,9,0,0,0,1,11,2,1,6,6,2,59,9,-1,3,1,DS DS3,2,E01034477,0,2
2024201462537,2024,201462537,1,9,0,-1,15,5,1,-1,0,0,0,0,0,0,3,1,-1,9,1,19,4,1560,2,9,DS DS3,4,E01010353,0,1
2024302400173,2024,302400173,1,9,0,17,19,2,8,0,0,4,0,0,0,0,3,1,3,7,1,48,8,1500,2,4,DS DS3,8,E01004944,0,4
2024201473770,2024,201473770,2,9,0,-1,4,7,3,-1,0,1,0,0,0,0,3,1,-1,6,2,46,8,1560,2,8,DS DS3,1,E01009494,0,1
2024010542068,2024,010542068,2,9,0,99,99,9,9,99,99,9,9,99,9,99,9,9,6,6,1,25,5,1200,1,3,DS DS3,3,E01003332,0,1
2024041490539,2024,041490539,3,9,0,-1,19,5,1,-1,0,0,0,0,0,0,2,1,-1,2,2,54,8,1200,1,5,DS DS3,7,E01012597,0,3
2024430610849,2024,430610849,1,9,0,18,19,-1,-1,0,0,0,0,0,0,0,4,1,6,6,2,47,8,1200,1,8,DS DS3,-1,-1,0,-1
2024544894824,2024,544894824,1,9,0,18,19,7,3,0,0,1,0,0,0,0,1,1,2,2,2,19,4,1200,1,2,DS DS3,6,E01031871,0,4
2024010548447,2024,010548447,2,9,0,99,99,9,9,99,99,9,9,99,9,99,1,9,6,6,1,39,7,1200,1,6,DS DS3,2,E01001634,0,1
2024991532861,2024,991532861,1,9,0,-1,11,1,5,-1,0,0,5,0,4,11,1,1,-1,6,2,31,6,1200,1,6,DS DS3,-1,-1,0,-1
2024421521056,2024,421521056,1,9,0,-1,1,3,7,-1,0,0,0,0,0,0,2,1,-1,6,1,-1,-1,1200,1,9,DS DS3,-1,-1,0,-1
2024211442924,2024,211442924,2,9,0,-1,19,1,5,-1,0,1,0,0,0,0,2,1,-1,9,2,37,7,1200,1,8,DS DS3,-1,-1,0,-1
2024622400686,2024,622400686,2,9,0,4,4,4,8,0,0,4,0,0,0,0,2,1,2,2,2,34,6,1500,2,4,DS DS3,5,W01000496,0,3
2024302500039,2024,302500039,1,9,0,-1,19,5,1,-1,0,0,0,12,0,0,0,1,-1,6,1,31,6,1199,1,2,DS DS3,4,E01001724,0,5
2024451456564,2024,451456564,1,9,0,-1,19,5,1,-1,0,8,0,0,1,10,1,1,-1,6,1,51,8,1200,1,8,DS DS3,5,E01030531,0,2
202417M210824,2024,17M210824,2,9,0,-1,4,2,6,-1,0,0,0,0,0,0,2,1,-1,2,1,20,4,1200,1,8,DS DS3,6,E01012279,0,2
2024320271524,2024,320271524,1,9,0,-1,-1,4,8,0,0,4,0,0,0,0,1,1,-1,-1,2,73,10,1200,1,8,DS DS3,3,E01026033,0,1
2024501483092,2024,501483092,2,9,0,-1,12,7,3,-1,0,0,0,0,0,0,1,1,-1,1,1,24,5,1200,1,7,DS DS3,4,E01020081,0,4
2024041400762,2024,041400762,1,9,0,-1,19,7,3,-1,0,0,0,0,1,4,1,1,-1,9,2,43,7,1560,2,9,DS DS3,1,E01025447,0,2
2024991420480,2024,991420480,2,9,0,-1,3,2,6,-1,0,1,0,0,0,0,2,1,-1,2,2,56,9,1598,1,7,DS DS3,9,-1,0,3
2024461497046,2024,461497046,1,9,0,-1,9,5,5,-1,0,6,0,0,0,0,1,1,-1,6,2,63,9,1200,1,8,DS DS3,7,E01016028,0,1
2024101529473,2024,101529473,2,9,0,-1,19,1,5,-1,0,0,0,4,0,0,1,1,-1,6,2,48,8,-1,3,2,DS DS3,5,E01008196,0,1
2024101515149,2024,101515149,3,9,0,-1,19,1,5,-1,0,0,0,0,0,0,1,1,-1,1,2,42,7,1200,1,7,DS DS3,-1,-1,0,-1
202417M115024,2024,17M115024,1,9,0,-1,4,5,1,-1,0,2,0,0,0,0,2,1,-1,9,1,45,7,1199,1,1,DS DS3,-1,-1,0,-1
2024211413698,2024,211413698,1,9,0,-1,19,4,8,-1,0,0,2,11,1,4,1,1,-1,2,1,32,6,1200,1,9,DS DS3,9,E01014258,0,1
2024320151344,2024,320151344,2,9,0,-1,-1,8,4,0,0,0,0,0,0,0,1,1,6,6,2,77,11,1200,1,7,DS DS3,4,E01026082,0,2
2024501528094,2024,501528094,1,9,0,-1,19,3,7,-1,0,1,1,0,0,0,4,1,-1,2,2,24,5,1200,1,8,DS DS3,9,E01015126,0,1
2024141456072,2024,141456072,1,9,0,-1,19,5,1,-1,0,1,0,0,1,0,1,1,-1,9,2,35,6,1200,1,7,DS DS3,1,E01007373,0,1
2024101459297,2024,101459297,1,9,0,-1,19,3,7,-1,0,0,0,0,0,0,1,1,-1,6,2,29,6,1200,1,8,DS DS3,7,E01008197,0,1
2024440433128,2024,440433128,1,9,0,18,19,1,5,0,0,4,0,0,0,0,1,2,6,6,1,18,4,1200,1,8,DS DS3,9,E01022743,0,1
2024010501264,2024,010501264,1,9,0,18,19,3,7,0,0,0,0,0,0,0,3,1,6,6,2,28,6,1200,1,2,DS DS3,-1,-1,0,-1
2024461476707,2024,461476707,2,9,0,-1,3,1,5,-1,0,0,0,0,0,0,2,2,-1,2,2,24,5,1200,1,8,DS DS3,5,E01024595,0,4
2024161462906,2024,161462906,1,9,0,-1,2,0,0,-1,0,0,0,0,0,0,0,1,-1,6,1,25,5,1200,1,4,DS DS3,9,E01027597,0,4
2024041510072,2024,041510072,2,9,0,-1,19,3,7,-1,0,0,0,0,0,0,2,1,-1,2,2,36,7,1200,1,7,DS DS3,1,E01012589,0,2
2024041462211,2024,041462211,2,9,0,-1,19,5,1,-1,0,8,0,0,0,0,3,1,-1,2,1,50,8,1200,1,8,DS DS3,5,E01006491,0,2
2024351420977,2024,351420977,2,9,0,-1,19,4,8,-1,0,0,1,0,0,0,2,1,-1,6,1,33,6,1560,2,9,DS DS3,1,E01015603,0,1
2024320581307,2024,320581307,2,9,0,4,4,8,4,0,0,1,0,0,1,0,2,1,-1,-1,2,31,6,1200,1,8,DS DS3,4,E01026366,0,3
2024201437950,2024,201437950,3,9,0,-1,3,2,6,-1,0,2,0,0,0,0,2,9,-1,6,1,67,10,1560,2,8,DS DS3,2,E01009885,0,1
2024461525006,2024,461525006,1,9,0,-1,7,1,5,-1,0,8,0,0,0,0,4,1,-1,2,1,44,7,1200,1,7,DS DS3,6,E01016167,0,1
2024221529535,2024,221529535,1,9,0,-1,19,1,6,-1,0,1,0,0,0,0,1,9,-1,2,2,47,8,1200,1,8,DS DS3,3,E01028912,0,1
2024471430936,2024,471430936,2,9,0,-1,2,0,0,-1,0,0,0,4,0,0,3,1,-1,6,-1,-1,-1,1200,1,8,DS DS3,-1,-1,0,-1
2024991493690,2024,991493690,1,9,0,-1,19,1,5,-1,0,2,0,0,0,0,2,1,-1,6,2,59,9,1560,2,8,DS DS3,-1,-1,0,-1
2024411431887,2024,411431887,1,9,0,-1,19,4,1,-1,0,2,0,4,0,0,1,1,-1,9,1,47,8,1560,2,9,DS DS3,8,E01023391,0,1
2024101410366,2024,101410366,1,9,0,-1,19,1,5,-1,0,0,0,0,0,0,3,1,-1,6,2,76,11,1200,1,9,DS DS3,10,E01008271,0,1
2024540113224,2024,540113224,2,9,0,3,3,5,1,0,0,0,0,0,0,0,2,1,1,1,2,43,7,1560,2,8,DS DS3,3,E01031912,0,2
2024010529607,2024,010529607,1,9,0,18,19,7,3,0,0,0,5,0,0,0,1,1,6,6,1,-1,-1,-1,3,1,DS DS3,-1,-1,0,-1
2024451414096,2024,451414096,1,9,0,-1,11,5,1,-1,0,0,0,0,0,0,1,1,-1,9,1,71,10,1200,1,6,DS DS3,6,E01031826,0,4
2024010539093,2024,010539093,2,9,9,18,19,1,5,0,0,9,9,99,0,0,9,9,6,6,1,-1,-1,1200,1,5,DS DS3,5,E01000375,0,1
2024111408314,2024,111408314,2,9,0,-1,19,2,6,-1,0,0,0,0,1,10,3,1,-1,6,2,73,10,1200,1,7,DS DS3,3,E01020699,0,1
2024371395358,2024,371395358,2,9,0,-1,4,-1,-1,-1,1,0,0,0,0,0,2,1,-1,2,1,61,9,1200,1,8,DS DS3,7,E01030065,0,2
2024231519999,2024,231519999,2,9,0,-1,19,4,8,-1,0,8,0,0,0,0,1,1,-1,2,1,18,4,1200,1,9,DS DS3,10,E01031110,0,1
2024041520301,2024,041520301,1,9,0,-1,11,1,5,-1,0,0,0,0,0,0,1,1,-1,2,2,34,6,1560,2,8,DS DS3,4,E01012620,0,3
2024471428452,2024,471428452,1,9,0,-1,19,5,1,-1,0,0,0,0,0,0,1,1,-1,1,1,60,9,1200,1,7,DS DS3,9,E01016985,0,1