collision_index,collision_year,collision_ref_no,vehicle_reference,vehicle_type,towing_and_articulation,vehicle_manoeuvre_historic,vehicle_manoeuvre,vehicle_direction_from,vehicle_direction_to,vehicle_location_restricted_lane_historic,vehicle_location_restricted_lane,junction_location,skidding_and_overturning,hit_object_in_carriageway,vehicle_leaving_carriageway,hit_object_off_carriageway,first_point_of_impact,vehicle_left_hand_drive,journey_purpose_of_driver_historic,journey_purpose_of_driver,sex_of_driver,age_of_driver,age_band_of_driver,engine_capacity_cc,propulsion_code,age_of_vehicle,generic_make_model,driver_imd_decile,lsoa_of_driver,escooter_flag,driver_distance_banding
2024041407414,2024,041407414,1,9,0,-1,19,1,3,-1,0,1,0,10,3,0,1,1,-1,6,2,20,4,1200,1,7,DS DS3,10,E01025341,0,2
2024052402769,2024,052402769,1,9,0,9,9,6,4,0,0,8,0,0,0,0,1,1,2,2,3,-1,-1,1199,1,2,DS DS3,-1,-1,0,-1
2024461500345,2024,461500345,1,9,0,-1,19,3,7,-1,0,0,0,0,0,0,1,2,-1,9,1,37,7,1560,2,6,DS DS3,-1,-1,0,-1
2024201471412,2024,201471412,2,9,0,-1,19,8,3,-1,0,0,0,0,0,0,2,1,-1,6,2,26,6,1200,1,7,DS DS3,3,E01029349,0,3
2024361429550,2024,361429550,3,9,0,-1,19,5,1,-1,0,0,0,0,0,0,2,9,-1,6,1,24,5,1200,1,7,DS DS3,5,E01026676,0,3
2024421476519,2024,421476519,2,9,0,-1,19,7,3,-1,0,8,1,0,1,0,1,2,-1,6,1,17,4,1560,2,9,DS DS3,8,E01035160,0,2
2024211451788,2024,211451788,1,5,0,-1,7,8,3,-1,0,1,2,0,0,0,1,1,-1,6,2,57,9,1450,1,19,-1,2,E01032896,0,1
2024131449560,2024,131449560,1,3,0,-1,19,5,5,-1,0,0,0,0,1,0,1,1,-1,6,1,17,4,125,1,15,HONDA CBF,3,E01011718,0,3
2024522500434,2024,522500434,1,5,0,18,19,5,1,0,0,8,0,0,0,0,1,1,6,6,1,47,8,599,1,15,HONDA CBF,10,E01014935,0,2
2024552400949,2024,552400949,1,4,0,18,19,3,7,0,0,0,0,0,0,0,1,1,6,6,1,18,4,125,1,15,HONDA CBF,6,E01019003,0,5
2024421430260,2024,421430260,2,3,0,-1,9,6,3,-1,0,3,0,0,0,0,4,1,-1,9,2,18,4,125,1,15,HONDA CBF,8,E01021405,0,1
2024541676624,2024,541676624,2,5,0,18,19,1,5,0,0,6,0,0,0,0,1,1,6,6,1,29,6,998,1,17,HONDA CBF,7,E01031974,0,1
2024010538309,2024,010538309,1,4,0,12,12,5,1,0,0,1,0,0,0,0,3,1,6,6,1,82,11,286,1,0,HONDA CBF,10,E01003466,0,2
2024471489658,2024,471489658,2,4,0,-1,19,7,3,-1,0,1,0,0,0,0,4,1,-1,6,1,49,8,499,1,20,HONDA CBF,1,E01016900,0,1
2024361440042,2024,361440042,2,5,0,-1,19,5,7,-1,0,1,0,0,0,0,1,1,-1,6,1,60,9,998,1,18,HONDA CBF,5,E01026647,0,4
2024231431390,2024,231431390,1,5,0,-1,13,8,2,-1,0,4,1,0,7,10,1,1,-1,1,1,46,8,599,1,16,HONDA CBF,1,E01031043,0,2
2024411521189,2024,411521189,2,5,0,-1,19,4,6,-1,0,3,0,0,0,0,3,1,-1,2,1,26,6,998,1,18,HONDA CBF,1,E01023536,0,2
2024131443814,2024,131443814,2,3,0,-1,19,1,5,-1,0,8,0,4,0,0,1,1,-1,6,1,18,4,125,1,14,HONDA CBF,2,E01011900,0,2
2024440175136,2024,440175136,1,3,0,18,19,8,4,0,0,8,0,0,0,0,1,1,6,6,1,17,4,125,1,15,HONDA CBF,6,E01017174,0,2
2024010530833,2024,010530833,2,5,0,18,19,7,3,0,0,0,5,10,0,0,4,1,1,1,1,43,7,600,1,17,HONDA CBF,5,E01001275,0,2
2024471465027,2024,471465027,1,3,0,-1,4,6,2,-1,0,0,0,0,1,0,1,1,-1,9,1,23,5,125,1,15,HONDA CBF,3,E01021090,0,1
2024010514405,2024,010514405,2,3,0,18,19,7,3,0,0,1,0,0,0,0,3,1,6,6,1,51,8,125,1,15,HONDA CBF,6,E01001897,0,1
2024421498632,2024,421498632,2,5,0,-1,19,7,3,-1,0,1,5,0,0,0,1,1,-1,2,1,32,6,998,1,9,HONDA CBF,10,E01015910,0,2
2024471460147,2024,471460147,2,5,0,-1,13,3,7,-1,0,1,0,0,0,0,4,1,-1,9,1,51,8,998,1,18,HONDA CBF,5,E01031611,0,1
202454C246924,2024,54C246924,2,4,0,18,19,3,8,0,0,1,0,0,0,0,1,1,2,2,1,26,6,125,1,15,HONDA CBF,1,E01015508,0,2
2024522500342,2024,522500342,1,4,0,3,3,2,6,0,0,8,0,0,0,0,2,1,6,6,1,76,11,286,1,1,HONDA CBF,6,E01014487,0,3
2024010535838,2024,010535838,1,5,0,18,19,5,1,0,0,8,0,0,0,0,1,1,1,1,1,31,6,998,1,17,HONDA CBF,2,E01004185,0,1
2024211491595,2024,211491595,1,4,0,-1,19,0,0,-1,0,0,1,0,0,0,3,1,-1,6,2,69,10,286,1,4,HONDA CBF,4,E01029867,0,1
2024320505877,2024,320505877,1,5,0,-1,-1,2,6,0,0,8,0,0,0,0,1,1,6,6,1,-1,-1,599,1,18,HONDA CBF,-1,-1,0,-1
2024531461932,2024,531461932,1,5,0,-1,19,5,1,-1,0,0,1,11,0,0,1,1,-1,6,1,63,9,998,1,16,HONDA CBF,1,E01015232,0,5
2024041443741,2024,041443741,2,5,0,-1,19,5,5,-1,0,2,0,0,0,0,2,1,-1,9,1,78,11,998,1,8,HONDA CBF,2,E01006359,0,4
2024010544150,2024,010544150,1,3,0,9,9,7,5,0,0,7,2,2,0,0,3,1,6,6,1,15,3,125,1,15,HONDA CBF,5,E01002873,0,1
2024010513896,2024,010513896,3,4,0,13,13,5,1,0,0,0,5,0,0,0,1,1,6,6,1,27,6,499,1,17,HONDA CBF,3,E01001999,0,1
2024101408085,2024,101408085,2,4,0,-1,19,8,4,-1,0,0,0,0,0,0,4,1,-1,6,1,53,8,249,1,19,HONDA CBF,9,E01008580,0,1
2024522403027,2024,522403027,1,3,0,18,19,4,8,0,0,3,0,0,0,0,1,1,6,6,3,-1,-1,125,1,15,HONDA CBF,-1,-1,0,-1
2024440007026,2024,440007026,2,5,0,3,3,5,1,0,0,1,0,0,0,0,2,1,6,6,1,24,5,599,1,20,HONDA CBF,3,E01023091,0,1
2024501531609,2024,501531609,2,5,0,-1,13,1,5,-1,0,0,0,0,0,0,4,1,-1,6,1,65,9,599,1,16,HONDA CBF,7,E01015165,0,1
2024010510406,2024,010510406,1,4,0,18,19,1,5,0,0,8,0,0,0,0,1,1,6,6,1,36,7,286,1,1,HONDA CBF,4,E01004039,0,3
2024471461075,2024,471461075,2,5,0,-1,19,5,1,-1,0,0,0,0,0,0,1,1,-1,9,1,22,5,600,1,19,HONDA CBF,3,E01031553,0,4
2024440345295,2024,440345295,1,3,0,18,19,2,6,0,0,8,0,0,0,0,0,1,6,6,1,20,4,125,1,15,HONDA CBF,5,E01022832,0,2
2024320586656,2024,320586656,1,4,0,-1,-1,2,6,0,0,2,2,0,0,0,1,1,6,6,1,28,6,600,1,17,HONDA CBF,7,E01026191,0,2
2024061514920,2024,061514920,2,3,0,-1,19,3,7,-1,0,8,0,0,0,0,1,1,-1,1,1,38,7,125,1,15,HONDA CBF,3,E01005975,0,1
2024010533441,2024,010533441,2,5,0,99,99,1,5,99,99,2,9,99,9,99,1,1,1,1,1,65,9,599,1,18,HONDA CBF,4,E01030609,0,4
2024332400707,2024,332400707,1,4,0,-1,19,8,4,-1,0,0,0,0,0,0,1,1,-1,6,1,18,4,499,1,19,HONDA CBF,2,E01013624,0,1
2024010502999,2024,010502999,2,4,0,13,13,1,5,0,0,8,5,0,0,0,4,1,6,6,1,36,7,599,1,20,HONDA CBF,7,E01004173,0,2
2024111427397,2024,111427397,1,3,0,-1,15,7,4,-1,0,1,0,0,0,0,1,1,-1,9,1,20,4,125,1,15,HONDA CBF,9,E01012346,0,1
2024010532383,2024,010532383,1,5,0,99,99,9,9,99,99,1,9,99,9,99,9,1,1,1,1,20,4,599,1,15,HONDA CBF,5,E01016357,0,4
2024010547764,2024,010547764,1,5,0,16,19,5,1,0,0,6,0,0,1,0,1,1,6,6,1,48,8,599,1,13,HONDA CBF,10,E01022596,0,4
2024471491455,2024,471491455,2,5,0,-1,3,-1,-1,-1,0,0,5,0,0,0,1,1,-1,6,1,41,7,998,1,16,HONDA CBF,7,E01031471,0,1
2024421423358,2024,421423358,2,5,0,-1,3,8,4,-1,0,0,5,0,0,0,2,1,-1,2,1,44,7,499,1,17,HONDA CBF,2,E01015976,0,1
2024010505348,2024,010505348,3,3,0,11,11,3,7,0,0,1,0,0,0,0,1,1,1,1,1,30,6,599,1,13,HONDA CBF,3,E01003587,0,3
2024401513378,2024,401513378,2,5,0,-1,13,7,3,-1,0,0,0,0,0,0,4,1,-1,2,1,28,6,599,1,15,HONDA CBF,9,E01017603,0,1
2024302401446,2024,302401446,1,5,0,13,13,7,3,0,0,8,0,0,0,0,1,1,6,6,1,68,10,998,1,14,HONDA CBF,3,E01019569,0,1
2024041474024,2024,041474024,2,4,0,-1,19,7,1,-1,0,0,0,0,0,0,3,1,-1,2,1,51,8,499,1,20,HONDA CBF,4,E01012604,0,3
2024010519644,2024,010519644,2,4,0,99,99,9,9,99,99,9,9,99,9,99,1,1,2,2,2,40,7,286,1,0,HONDA CBF,2,E01001558,0,3
2024522402010,2024,522402010,1,5,0,15,15,3,7,0,0,0,0,0,0,0,1,1,6,6,1,61,9,998,1,10,HONDA CBF,2,E01014683,0,1
2024461539343,2024,461539343,2,3,0,-1,19,1,5,-1,0,1,0,0,0,0,4,1,-1,9,1,20,4,125,1,15,HONDA CBF,1,E01024609,0,1
2024631417745,2024,631417745,1,3,0,-1,19,4,8,-1,0,0,1,0,1,10,1,1,-1,9,2,38,7,125,1,16,HONDA CBF,1,W01001740,0,4
2024430396465,2024,430396465,1,4,0,18,19,5,1,0,0,0,1,0,1,4,1,1,6,6,1,26,6,499,1,17,HONDA CBF,7,E01028690,0,1
2024070578157,2024,070578157,2,5,0,18,19,2,6,0,0,8,0,0,0,0,1,1,6,6,1,43,7,998,1,18,HONDA CBF,1,E01012537,0,1
2024451469506,2024,451469506,1,3,0,-1,19,5,1,-1,0,0,0,0,0,0,1,1,-1,9,1,20,4,125,1,15,HONDA CBF,6,E01004078,0,3
2024991455016,2024,991455016,3,3,0,-1,19,7,2,-1,0,1,1,0,0,0,1,1,-1,9,1,42,7,125,1,14,HONDA CBF,-1,-1,0,-1
2024531476154,2024,531476154,1,5,0,-1,19,5,1,-1,0,0,2,0,0,0,1,1,-1,9,1,34,6,599,1,19,HONDA CBF,2,W01001325,0,4
202454F000424,2024,54F000424,1,4,0,9,9,5,2,0,0,8,0,0,0,0,3,1,2,2,1,39,7,599,1,20,HONDA CBF,3,E01031912,0,1
2024010522758,2024,010522758,1,5,0,13,13,3,7,0,0,0,0,0,0,0,2,1,6,6,1,70,10,599,1,16,HONDA CBF,3,E01002064,0,3
2024061458892,2024,061458892,2,4,0,-1,19,7,3,-1,0,1,2,8,0,0,1,1,-1,9,2,36,7,599,1,18,HONDA CBF,-1,-1,0,-1
2024231462743,2024,231462743,2,5,0,-1,13,2,6,-1,0,0,1,0,0,0,4,1,-1,6,1,64,9,599,1,16,HONDA CBF,4,E01032301,0,4
2024101493744,2024,101493744,1,5,0,-1,13,7,3,-1,0,0,0,0,1,0,1,1,-1,6,1,20,4,599,1,19,HONDA CBF,3,E01008763,0,2
2024010544088,2024,010544088,2,4,0,18,19,1,5,0,0,1,0,0,0,0,1,1,2,2,1,37,7,499,1,19,HONDA CBF,4,E01002048,0,1
2024010515506,2024,010515506,2,5,0,15,15,5,1,0,0,1,0,0,0,0,1,1,2,2,1,40,7,670,1,12,-1,-1,-1,0,-1
202460Q026628,2024,60Q026628,2,5,0,9,9,3,1,0,0,4,0,0,2,0,4,1,6,6,1,45,7,670,1,12,-1,-1,-1,0,-1
202460Q099383,2024,60Q099383,2,5,0,18,19,4,8,0,0,1,0,0,0,0,0,1,6,6,2,45,7,670,1,11,-1,-1,-1,0,-1
2024302400759,2024,302400759,1,5,0,18,19,6,2,0,0,8,0,0,0,0,1,1,6,6,1,32,6,670,1,12,-1,-1,-1,0,-1
2024451403713,2024,451403713,2,5,0,-1,5,1,5,-1,0,0,0,0,0,0,2,1,-1,6,1,39,7,670,1,12,-1,8,E01030556,0,1
2024411529508,2024,411529508,2,5,0,-1,3,3,7,-1,0,0,5,0,0,0,2,1,-1,6,1,58,9,670,1,12,-1,5,E01023304,0,1
2024991418653,2024,991418653,5,5,0,-1,2,0,0,-1,0,0,5,0,0,0,3,1,-1,6,-1,-1,-1,670,1,12,-1,-1,-1,0,-1
2024421457742,2024,421457742,1,3,0,-1,13,5,1,-1,0,8,0,0,0,0,1,1,-1,6,1,37,7,124,1,9,-1,7,E01035590,0,3
202454D473024,2024,54D473024,1,9,0,9,9,5,3,0,0,6,0,0,0,0,1,1,6,6,1,66,10,2143,2,7,-1,9,E01031995,0,3
2024010499700,2024,010499700,1,9,0,9,9,4,1,0,0,6,0,0,0,0,1,1,2,2,1,28,6,2143,2,5,-1,3,E01004576,0,2
2024131431307,2024,131431307,2,10,0,-1,19,5,1,-1,0,0,5,0,1,0,3,1,-1,9,1,65,9,-1,-1,-1,-1,1,E01034517,0,5
2024070435613,2024,070435613,1,11,0,5,5,1,5,0,0,0,0,0,0,0,1,1,6,6,1,70,10,10308,2,13,-1,3,E01018729,0,3
2024430360973,2024,430360973,2,17,0,18,19,4,8,0,0,1,0,0,0,0,1,1,1,1,1,30,6,7365,2,9,-1,10,E01017732,0,2
2024361418665,2024,361418665,1,17,4,-1,19,5,1,-1,0,0,0,0,1,0,1,1,-1,1,1,24,5,7365,2,9,-1,5,E01026491,0,1
2024320150008,2024,320150008,1,17,0,7,7,4,6,0,0,6,0,0,0,0,0,1,1,1,1,24,5,7365,2,10,-1,1,E01026157,0,4
2024010544376,2024,010544376,1,3,0,99,99,9,9,99,99,9,9,99,9,99,9,1,1,1,3,27,6,125,1,2,-1,8,E01000536,0,1
2024221514864,2024,221514864,2,3,0,-1,19,6,2,-1,0,8,0,0,0,0,3,1,-1,6,2,30,6,125,1,2,-1,7,E01035083,0,1
2024371470797,2024,371470797,1,3,0,-1,19,3,7,-1,0,1,0,0,0,0,1,1,-1,2,1,56,9,125,1,3,-1,5,E01029961,0,1
2024010529721,2024,010529721,1,3,0,99,99,9,9,99,99,9,9,99,9,99,1,1,6,6,1,43,7,125,1,2,-1,3,E01004404,0,1
2024010522044,2024,010522044,1,2,0,3,3,9,9,99,99,9,9,99,9,99,2,1,1,1,1,36,7,-1,3,1,-1,7,E01002172,0,1
2024302401472,2024,302401472,1,19,0,17,19,4,2,0,0,8,0,0,0,0,3,1,6,6,1,32,6,-1,3,0,-1,2,E01025247,0,5
2024041410031,2024,041410031,1,9,0,-1,7,5,1,-1,0,8,0,0,0,0,1,1,-1,9,1,84,11,2179,2,16,PEUGEOT 407,9,E01006312,0,2
202460Q096645,2024,60Q096645,1,9,0,18,19,1,5,0,0,1,0,0,0,0,1,1,1,1,1,50,8,1997,2,16,PEUGEOT 407,-1,-1,0,-1
2024221517566,2024,221517566,1,9,0,-1,19,4,8,-1,0,0,0,0,0,0,1,1,-1,9,1,81,11,2179,2,16,PEUGEOT 407,-1,-1,0,-1
2024320752672,2024,320752672,3,9,0,-1,-1,5,1,0,0,8,0,0,0,0,1,1,-1,-1,1,78,11,1997,2,16,PEUGEOT 407,4,E01026259,0,2
2024991474311,2024,991474311,1,9,0,-1,19,6,2,-1,0,1,0,0,0,0,1,1,-1,2,1,40,7,1997,2,18,PEUGEOT 407,7,-1,0,1
2024131450730,2024,131450730,1,9,0,-1,19,2,2,-1,0,1,0,0,0,0,1,1,-1,6,1,65,9,1997,2,19,PEUGEOT 407,4,E01011158,0,2
2024552401207,2024,552401207,1,9,0,18,19,2,6,0,0,0,1,0,1,4,3,1,2,2,1,18,4,1997,2,20,PEUGEOT 407,4,E01029232,0,2
202417H104424,2024,17H104424,1,9,0,-1,9,5,2,-1,0,6,0,0,0,0,3,1,-1,2,1,52,8,1997,2,19,PEUGEOT 407,-1,-1,0,-1
2024501411304,2024,501411304,1,9,0,-1,13,7,3,-1,0,0,0,0,0,0,4,1,-1,6,1,79,11,1997,2,15,PEUGEOT 407,5,E01020340,0,1
2024421408656,2024,421408656,1,9,0,-1,2,0,0,-1,0,0,0,0,0,0,2,1,-1,6,-1,-1,-1,1997,2,19,PEUGEOT 407,-1,-1,0,-1
2024211437941,2024,211437941,2,9,0,-1,5,7,1,-1,0,0,0,0,0,0,4,1,-1,6,2,46,8,1997,2,19,PEUGEOT 407,5,E01014239,0,1
2024552400433,2024,552400433,1,9,0,18,19,6,2,0,0,0,1,10,1,11,1,1,6,6,1,29,6,1997,2,19,PEUGEOT 407,7,E01020486,0,3
2024461475316,2024,461475316,1,9,0,-1,14,8,4,-1,0,0,0,0,0,0,4,1,-1,9,2,88,11,2946,1,16,PEUGEOT 407,3,E01007429,0,5
2024061506652,2024,061506652,2,9,0,-1,2,3,7,-1,0,0,0,0,0,0,1,1,-1,6,-1,-1,-1,1560,2,20,PEUGEOT 407,-1,-1,0,-1
2024010495041,2024,010495041,1,9,5,11,11,3,7,0,0,0,0,0,1,11,1,1,6,6,1,45,7,1997,2,19,PEUGEOT 407,4,E01035248,0,3
2024548637424,2024,548637424,1,9,0,18,19,3,8,0,0,0,0,0,1,11,1,1,6,6,1,39,7,1997,2,15,PEUGEOT 407,5,E01032056,0,1
2024520403151,2024,520403151,1,9,0,9,9,4,3,0,0,5,0,0,0,0,1,1,6,6,1,82,11,1997,2,19,PEUGEOT 407,5,E01029185,0,3
2024161404925,2024,161404925,2,9,0,-1,19,6,2,-1,0,1,0,0,0,0,2,1,-1,7,1,58,9,1560,2,17,PEUGEOT 407,1,E01012854,0,1
2024351512984,2024,351512984,1,9,0,-1,19,4,8,-1,0,0,0,99,0,0,4,9,-1,1,1,52,8,1997,2,17,PEUGEOT 407,4,E01018104,0,4
2024141476109,2024,141476109,1,9,0,-1,5,5,1,-1,0,0,0,4,0,0,3,1,-1,9,1,44,7,1997,2,19,PEUGEOT 407,1,E01007857,0,1
2024461413073,2024,461413073,2,9,0,-1,19,8,4,-1,0,0,0,0,0,0,1,1,-1,9,1,53,8,1997,2,15,PEUGEOT 407,5,E01023992,0,3
2024552400660,2024,552400660,1,9,0,9,9,4,1,0,0,5,0,0,0,0,1,1,6,6,2,77,11,2179,2,14,PEUGEOT 407,6,E01029157,0,3
2024041499663,2024,041499663,1,9,0,-1,4,5,1,-1,0,0,0,4,0,0,1,1,-1,9,1,75,10,1997,2,19,PEUGEOT 407,1,E01025579,0,1
2024122401090,2024,122401090,1,9,0,18,19,3,7,0,0,0,0,0,8,4,1,1,6,6,2,80,11,1997,1,15,PEUGEOT 407,5,E01027802,0,2
2024221417078,2024,221417078,1,9,0,-1,19,8,4,-1,0,4,0,0,0,0,1,9,-1,6,1,32,6,1997,2,14,PEUGEOT 407,-1,-1,0,-1
2024371421604,2024,371421604,2,9,0,-1,9,4,8,-1,0,2,0,0,0,0,4,1,-1,9,1,64,9,1997,2,14,PEUGEOT 407,1,E01030227,0,1
2024552401140,2024,552401140,2,9,0,16,19,1,4,0,0,7,0,0,0,0,4,1,6,6,2,45,7,1997,2,16,PEUGEOT 407,5,E01020363,0,1
2024161441001,2024,161441001,2,4,0,-1,19,7,3,-1,0,1,1,0,0,0,3,1,-1,9,1,66,10,-1,-1,-1,-1,1,E01013177,0,3
2024544312224,2024,544312224,2,3,0,18,19,5,1,0,0,8,0,0,0,0,1,1,6,6,1,16,4,-1,-1,-1,SUZUKI MODEL MISSING,9,E01031995,0,1
2024340WN6942,2024,340WN6942,1,4,0,-1,13,8,4,-1,9,1,0,0,1,11,1,1,-1,2,1,20,4,600,1,27,SUZUKI MODEL MISSING,2,E01027226,0,1
2024451428745,2024,451428745,1,5,0,-1,19,5,1,-1,0,0,0,0,0,0,1,1,-1,9,1,46,8,749,1,17,SUZUKI MODEL MISSING,10,E01030791,0,3
2024131499507,2024,131499507,3,3,0,-1,19,3,7,-1,0,6,0,0,0,0,3,1,-1,9,1,19,4,124,1,17,SUZUKI MODEL MISSING,2,E01011137,0,2
2024031521582,2024,031521582,2,9,0,-1,19,5,1,-1,0,0,0,0,1,0,1,1,-1,9,2,77,11,2393,1,12,SUZUKI MODEL MISSING,7,E01019379,0,1
2024131493120,2024,131493120,1,3,0,-1,19,1,5,-1,0,8,0,0,0,0,4,1,-1,9,1,20,4,124,1,18,SUZUKI MODEL MISSING,5,E01011058,0,2
2024461432752,2024,461432752,1,4,0,-1,2,7,3,-1,0,8,5,0,0,0,1,1,-1,9,1,17,4,249,1,24,SUZUKI MODEL MISSING,9,E01016133,0,1
2024111484941,2024,111484941,1,5,0,-1,19,6,2,-1,0,0,0,0,0,0,0,1,-1,6,1,36,7,748,1,34,SUZUKI MODEL MISSING,4,E01012157,0,4
2024010512105,2024,010512105,2,4,0,18,19,7,3,0,0,1,0,0,0,0,1,1,6,6,1,22,5,599,1,30,SUZUKI MODEL MISSING,3,E01021291,0,4
2024520401780,2024,520401780,2,5,0,18,19,2,6,0,0,0,0,0,0,0,1,1,6,6,1,34,6,1000,1,17,SUZUKI MODEL MISSING,8,E01019962,0,4
2024622400013,2024,622400013,1,9,0,18,19,6,2,0,0,0,5,0,0,0,0,1,6,6,1,34,6,2000,1,28,SUZUKI MODEL MISSING,8,W01001058,0,2
2024461458552,2024,461458552,2,4,0,-1,13,3,7,-1,0,0,0,0,0,0,1,1,-1,9,1,52,8,249,1,33,SUZUKI MODEL MISSING,9,E01024735,0,3
2024421529390,2024,421529390,1,9,0,-1,9,5,3,-1,9,8,0,0,1,0,1,1,-1,9,2,31,6,1240,1,14,SUZUKI MODEL MISSING,3,E01015856,0,1
2024471483794,2024,471483794,2,4,0,-1,19,7,3,-1,0,8,1,0,0,0,1,1,-1,9,1,55,8,487,1,27,SUZUKI MODEL MISSING,8,E01021098,0,1
2024041426544,2024,041426544,1,5,0,-1,19,1,5,-1,0,0,1,0,7,0,4,1,-1,9,1,58,9,1000,1,26,SUZUKI MODEL MISSING,7,E01025361,0,4
2024340WN3902,2024,340WN3902,2,5,0,-1,7,1,5,-1,0,8,0,0,0,0,2,1,-1,6,1,47,8,1255,1,8,SUZUKI MODEL MISSING,8,E01016713,0,4
2024411461624,2024,411461624,1,5,0,-1,19,1,5,-1,0,1,0,0,0,0,1,1,-1,6,1,36,7,749,1,20,SUZUKI MODEL MISSING,-1,-1,0,-1
2024361508835,2024,361508835,1,5,0,-1,13,4,8,-1,0,0,0,0,7,0,4,1,-1,6,1,63,9,1157,1,23,SUZUKI MODEL MISSING,6,E01026457,0,3
2024622400757,2024,622400757,1,5,0,18,19,6,2,0,0,0,0,0,0,0,1,1,6,6,1,24,5,937,1,30,SUZUKI MODEL MISSING,6,W01000889,0,3
2024041478436,2024,041478436,1,5,0,-1,19,2,6,-1,0,2,0,0,1,11,4,1,-1,9,1,27,6,749,1,22,SUZUKI MODEL MISSING,2,E01025115,0,3
2024122401077,2024,122401077,1,5,0,16,19,8,4,0,0,0,0,0,7,11,3,1,6,6,1,48,8,600,1,26,SUZUKI MODEL MISSING,9,E01027708,0,3
2024501471932,2024,501471932,2,5,0,-1,19,1,5,-1,0,6,1,0,0,0,3,1,-1,9,1,60,9,1098,1,38,SUZUKI MODEL MISSING,4,E01020254,0,4
2024031413714,2024,031413714,1,17,0,-1,3,6,1,-1,0,0,2,0,0,0,3,1,-1,1,1,20,4,376,1,13,SUZUKI MODEL MISSING,5,E01019325,0,1
2024351531641,2024,351531641,1,5,0,-1,14,1,5,-1,0,0,0,0,0,0,4,1,-1,9,1,56,9,550,1,51,SUZUKI MODEL MISSING,4,E01015669,0,4
2024501412631,2024,501412631,1,4,0,-1,19,1,6,-1,0,0,0,0,0,0,1,1,-1,6,1,17,4,124,1,13,SUZUKI MODEL MISSING,4,E01020271,0,1
2024010508746,2024,010508746,1,5,0,11,11,7,3,0,0,8,0,7,0,0,1,1,6,6,1,33,6,1157,1,25,SUZUKI MODEL MISSING,2,E01000065,0,1
2024161488050,2024,161488050,2,5,0,-1,19,1,5,-1,0,1,0,0,0,0,1,1,-1,9,1,56,9,-1,-1,-1,SUZUKI MODEL MISSING,1,E01013278,0,1
2024991452871,2024,991452871,1,5,0,-1,19,3,7,-1,0,1,2,0,1,0,1,1,-1,2,1,26,6,-1,-1,-1,SUZUKI MODEL MISSING,3,-1,0,2
2024471469523,2024,471469523,1,5,0,-1,13,6,2,-1,0,0,2,0,0,0,1,1,-1,2,1,21,5,648,1,24,SUZUKI MODEL MISSING,5,E01024787,0,4
2024211439365,2024,211439365,1,4,0,-1,19,6,2,-1,0,1,1,0,0,0,1,1,-1,2,1,35,6,487,1,29,SUZUKI MODEL MISSING,5,E01014335,0,1
2024231429051,2024,231429051,1,5,0,-1,15,8,4,-1,0,0,1,0,2,3,3,1,-1,2,1,21,5,599,1,28,SUZUKI MODEL MISSING,7,E01031099,0,3
2024461487654,2024,461487654,2,5,0,-1,14,7,3,-1,0,0,0,0,0,0,1,1,-1,9,1,64,9,996,1,21,SUZUKI MODEL MISSING,10,E01031644,0,4
2024421451950,2024,421451950,2,5,0,-1,19,2,6,-1,0,1,0,0,0,0,3,1,-1,6,1,55,8,1000,1,44,SUZUKI MODEL MISSING,-1,-1,0,-1
2024371452372,2024,371452372,1,5,-1,-1,-1,-1,-1,-1,-1,0,1,-1,-1,0,-1,1,-1,6,1,50,8,599,1,31,SUZUKI MODEL MISSING,5,E01029928,0,1
2024411471688,2024,411471688,2,5,0,-1,19,8,4,-1,0,0,0,0,0,0,1,1,-1,6,1,74,10,652,1,-1,SUZUKI MODEL MISSING,7,E01023579,0,1
2024471404826,2024,471404826,1,4,0,-1,4,3,7,-1,0,1,0,0,0,0,4,1,-1,9,1,25,5,487,1,28,SUZUKI MODEL MISSING,5,E01031370,0,1
2024531492248,2024,531492248,1,5,0,-1,19,7,3,-1,0,2,2,0,0,0,0,1,-1,6,1,58,9,997,1,43,SUZUKI MODEL MISSING,2,E01022120,0,1
2024552400138,2024,552400138,1,5,0,18,19,8,4,0,0,0,1,0,0,0,0,1,6,6,1,70,10,1157,1,24,SUZUKI MODEL MISSING,4,E01020578,0,3
2024471525858,2024,471525858,2,9,0,-1,4,6,2,-1,0,0,0,0,0,0,2,1,-1,2,1,25,5,1460,1,3,SUZUKI MODEL MISSING,6,E01021204,0,3
2024131437942,2024,131437942,2,4,0,-1,19,7,3,-1,0,3,1,0,0,0,1,1,-1,6,1,69,10,498,1,23,SUZUKI MODEL MISSING,8,E01011893,0,2
2024010526114,2024,010526114,2,5,0,17,19,5,1,0,0,1,0,0,0,0,1,1,6,6,1,33,6,843,1,43,SUZUKI MODEL MISSING,5,E01003292,0,1
2024501547395,2024,501547395,2,5,0,-1,13,1,5,-1,0,0,0,0,0,0,1,1,-1,6,1,71,10,599,1,33,SUZUKI MODEL MISSING,4,E01018988,0,1