collision_index,collision_year,collision_ref_no,vehicle_reference,vehicle_type,towing_and_articulation,vehicle_manoeuvre_historic,vehicle_manoeuvre,vehicle_direction_from,vehicle_direction_to,vehicle_location_restricted_lane_historic,vehicle_location_restricted_lane,junction_location,skidding_and_overturning,hit_object_in_carriageway,vehicle_leaving_carriageway,hit_object_off_carriageway,first_point_of_impact,vehicle_left_hand_drive,journey_purpose_of_driver_historic,journey_purpose_of_driver,sex_of_driver,age_of_driver,age_band_of_driver,engine_capacity_cc,propulsion_code,age_of_vehicle,generic_make_model,driver_imd_decile,lsoa_of_driver,escooter_flag,driver_distance_banding
2024440307596,2024,440307596,1,4,0,18,19,2,6,0,0,2,1,0,0,0,3,1,2,2,1,20,4,599,1,27,SUZUKI MODEL MISSING,5,E01022761,0,2
2024421427091,2024,421427091,2,3,0,-1,19,-1,-1,-1,0,4,0,0,0,0,-1,1,-1,6,1,44,7,125,1,15,SUZUKI MODEL MISSING,5,E01021380,0,1
2024371569010,2024,371569010,2,5,0,-1,19,3,7,-1,0,0,0,0,0,0,1,1,-1,6,1,33,6,1157,1,26,SUZUKI MODEL MISSING,-1,-1,0,-1
2024201471225,2024,201471225,2,5,0,-1,5,2,6,-1,0,8,0,0,0,0,1,1,-1,6,1,37,7,600,1,26,SUZUKI MODEL MISSING,2,E01009929,0,1
2024311450660,2024,311450660,1,5,0,-1,19,1,5,-1,0,2,2,10,0,0,4,1,-1,9,1,71,10,996,1,20,SUZUKI MODEL MISSING,7,E01027961,0,2
2024221517641,2024,221517641,1,5,0,-1,13,3,7,-1,0,8,0,0,0,0,1,1,-1,6,1,55,8,124,1,19,SUZUKI MODEL MISSING,7,E01009949,0,4
2024221445254,2024,221445254,1,5,0,-1,19,5,2,-1,0,0,0,0,0,0,0,1,-1,9,1,59,9,599,1,31,SUZUKI MODEL MISSING,2,E01009944,0,4
2024361485646,2024,361485646,2,2,0,-1,19,-1,-1,-1,9,1,1,10,1,0,4,1,-1,9,1,17,4,49,1,34,SUZUKI MODEL MISSING,5,E01026594,0,3
2024371415881,2024,371415881,1,4,0,-1,19,2,6,-1,0,1,1,0,0,0,1,1,-1,6,1,-1,-1,487,1,35,SUZUKI MODEL MISSING,-1,-1,0,-1
2024991514037,2024,991514037,2,5,0,-1,19,4,8,-1,0,8,5,0,0,0,1,1,-1,9,1,62,9,805,1,29,SUZUKI MODEL MISSING,10,-1,0,3
2024302400720,2024,302400720,1,3,0,18,19,2,6,0,0,1,0,0,0,0,1,1,6,6,1,27,6,599,1,17,SUZUKI MODEL MISSING,9,E01019478,0,2
2024451455636,2024,451455636,2,5,0,-1,13,7,3,-1,0,1,2,99,7,99,9,1,-1,6,1,30,6,599,1,28,SUZUKI MODEL MISSING,-1,-1,0,-1
2024161460661,2024,161460661,2,5,0,-1,19,5,2,-1,0,1,5,0,0,0,1,1,-1,9,2,29,6,600,1,24,SUZUKI MODEL MISSING,1,E01013181,0,4
2024461494280,2024,461494280,2,5,0,-1,14,2,7,-1,0,8,2,0,0,0,4,1,-1,9,1,34,6,1462,1,19,SUZUKI MODEL MISSING,3,E01024695,0,1
2024552400058,2024,552400058,1,4,0,4,4,5,1,0,0,0,0,0,0,0,1,1,6,6,1,51,8,1157,1,21,SUZUKI MODEL MISSING,3,E01020564,0,1
2024320217344,2024,320217344,2,5,0,-1,-1,6,3,0,0,8,0,0,0,0,1,1,-1,-1,1,62,9,1098,1,44,SUZUKI MODEL MISSING,7,E01013167,0,4
2024131470916,2024,131470916,1,5,0,-1,19,7,3,-1,9,0,0,0,0,0,1,1,-1,6,1,43,7,1157,1,24,SUZUKI MODEL MISSING,1,E01011917,0,2
2024031508451,2024,031508451,1,5,0,-1,13,4,8,-1,0,0,1,0,7,0,1,1,-1,9,1,61,9,748,1,46,SUZUKI MODEL MISSING,6,E01034351,0,4
2024471472576,2024,471472576,2,3,0,-1,19,7,3,-1,0,0,0,0,0,0,4,1,-1,6,1,20,4,124,1,19,SUZUKI MODEL MISSING,3,E01020975,0,1
2024520403192,2024,520403192,2,3,0,18,19,6,2,0,0,1,0,0,1,1,2,1,6,6,1,30,6,599,1,23,SUZUKI MODEL MISSING,5,E01029173,0,1
2024101478911,2024,101478911,2,4,0,-1,19,3,7,-1,0,8,0,0,1,0,3,1,-1,9,1,64,9,549,1,39,SUZUKI MODEL MISSING,8,E01027489,0,2
2024631512583,2024,631512583,1,3,0,-1,19,8,5,-1,0,0,1,0,1,10,1,1,-1,6,2,20,4,113,1,9,SUZUKI UK 110,7,W01000735,0,3
2024201498789,2024,201498789,1,3,0,-1,15,7,3,-1,0,1,0,0,0,0,1,1,-1,1,1,32,6,113,1,6,SUZUKI UK 110,3,E01009977,0,1
2024010501702,2024,010501702,1,3,0,4,4,5,1,0,0,0,0,0,0,0,1,1,6,6,1,28,6,113,1,4,SUZUKI UK 110,4,E01003529,0,1
2024351422776,2024,351422776,1,3,0,-1,19,2,6,-1,0,8,5,0,0,0,1,1,-1,1,1,41,7,113,1,4,SUZUKI UK 110,6,E01017997,0,1
2024351537155,2024,351537155,2,3,0,-1,5,1,5,-1,0,0,0,0,0,0,1,1,-1,1,1,27,6,113,1,4,SUZUKI UK 110,5,E01017999,0,1
2024411505510,2024,411505510,2,3,0,-1,19,1,5,-1,0,8,5,0,0,0,1,1,-1,6,2,35,6,113,1,4,SUZUKI UK 110,6,E01023801,0,1
2024010523672,2024,010523672,2,3,0,17,19,5,1,0,0,3,5,0,0,0,4,1,1,1,1,30,6,113,1,5,SUZUKI UK 110,4,E01001317,0,2
2024421497155,2024,421497155,2,2,0,-1,3,6,2,-1,0,0,0,0,0,0,1,1,-1,6,1,22,5,113,1,4,SUZUKI UK 110,4,E01021850,0,1
2024411409228,2024,411409228,2,3,0,-1,13,7,3,-1,0,1,5,0,0,0,4,1,-1,2,1,29,6,113,1,4,SUZUKI UK 110,4,E01023864,0,1
2024010511697,2024,010511697,1,3,0,18,19,9,9,99,99,0,9,99,9,99,1,1,1,1,1,31,6,113,1,6,SUZUKI UK 110,6,E01002653,0,2
2024340WN2542,2024,340WN2542,1,4,0,-1,19,6,2,-1,0,6,0,0,0,0,1,1,-1,2,1,38,7,113,1,4,SUZUKI UK 110,3,E01027009,0,1
2024010536484,2024,010536484,1,3,0,7,7,6,8,0,0,1,1,0,0,0,1,1,2,2,1,17,4,113,1,5,SUZUKI UK 110,3,E01003374,0,2
2024010514858,2024,010514858,1,3,0,13,13,7,3,0,0,1,0,0,0,0,1,1,1,1,2,28,6,113,1,8,SUZUKI UK 110,2,E01003335,0,1
2024010511963,2024,010511963,1,3,0,18,19,3,7,0,0,3,0,0,0,0,1,1,6,6,3,-1,-1,113,1,4,SUZUKI UK 110,-1,-1,0,-1
2024061461721,2024,061461721,1,3,0,-1,9,4,3,-1,0,6,0,0,0,0,1,1,-1,6,-1,20,4,113,1,4,SUZUKI UK 110,-1,-1,0,-1
2024010501235,2024,010501235,1,3,0,18,19,1,5,0,0,1,0,0,0,0,1,1,1,1,1,23,5,113,1,9,SUZUKI UK 110,-1,-1,0,-1
2024552401308,2024,552401308,1,2,0,18,19,4,8,0,0,0,0,0,0,0,0,1,2,2,1,20,4,113,1,4,SUZUKI UK 110,10,E01020380,0,1
2024010509386,2024,010509386,1,3,0,99,99,9,9,99,99,9,9,99,9,99,9,1,6,6,3,30,6,113,1,8,SUZUKI UK 110,1,E01033456,0,2
2024010525963,2024,010525963,2,3,0,18,19,3,7,0,0,2,0,0,0,0,1,1,1,1,1,28,6,113,1,4,SUZUKI UK 110,-1,-1,0,-1
2024010507062,2024,010507062,1,3,0,99,99,9,9,99,99,9,9,99,9,99,9,1,1,1,1,23,5,113,1,5,SUZUKI UK 110,2,E01001458,0,1
2024010501009,2024,010501009,1,4,0,18,19,7,3,0,0,0,0,0,0,0,1,1,1,1,1,19,4,113,1,6,SUZUKI UK 110,4,E01034032,0,1
2024531416642,2024,531416642,1,3,0,-1,19,5,1,-1,0,0,1,0,0,0,0,1,-1,6,2,53,8,113,1,5,SUZUKI UK 110,8,E01022356,0,1
2024010540427,2024,010540427,1,3,0,99,99,9,9,99,99,9,9,99,9,99,9,1,1,1,1,31,6,113,1,4,SUZUKI UK 110,3,E01001366,0,2
2024430013471,2024,430013471,1,3,0,18,19,5,1,0,0,0,1,0,0,0,2,1,2,2,1,65,9,113,1,8,SUZUKI UK 110,10,E01035755,0,3
2024010535875,2024,010535875,2,3,0,99,99,9,9,99,99,9,9,99,9,99,2,1,6,6,1,26,6,113,1,4,SUZUKI UK 110,6,E01002165,0,1
2024201471130,2024,201471130,2,3,0,-1,19,5,1,-1,0,1,0,0,0,0,3,1,-1,1,1,34,6,113,1,6,SUZUKI UK 110,1,E01009048,0,1
2024461427240,2024,461427240,1,3,0,-1,14,4,8,-1,0,1,0,0,0,0,1,1,-1,6,1,20,4,113,1,9,SUZUKI UK 110,3,E01024099,0,1
2024010502729,2024,010502729,1,3,0,99,99,9,9,99,99,9,9,99,9,99,1,1,1,1,1,27,6,113,1,4,SUZUKI UK 110,2,E01003159,0,4
2024010526759,2024,010526759,2,3,0,5,5,3,7,0,0,1,0,0,0,0,2,1,1,1,1,39,7,113,1,8,SUZUKI UK 110,2,E01034479,0,2
2024440522337,2024,440522337,2,3,0,16,19,7,3,0,0,2,1,0,0,0,1,1,1,1,1,25,5,113,1,6,SUZUKI UK 110,3,E01022807,0,1
2024481563601,2024,481563601,2,3,0,-1,7,1,3,-1,0,8,0,0,0,0,4,1,-1,1,1,28,6,113,1,3,SUZUKI UK 110,-1,-1,0,-1
2024545248624,2024,545248624,2,3,0,5,5,5,1,0,0,1,0,0,0,0,1,1,6,6,1,29,6,113,1,6,SUZUKI UK 110,10,E01032700,0,1
2024010518816,2024,010518816,2,3,0,3,3,3,7,0,0,7,0,0,0,0,1,1,6,6,1,25,5,113,1,9,SUZUKI UK 110,4,E01003537,0,1
2024010506270,2024,010506270,1,3,0,99,99,9,9,99,99,9,9,99,9,99,1,1,1,1,1,25,5,113,1,4,SUZUKI UK 110,3,E01003164,0,3
2024010529295,2024,010529295,2,3,0,18,19,6,2,0,0,1,0,0,0,0,1,1,6,6,1,46,8,113,1,7,SUZUKI UK 110,2,E01000025,0,3
2024371492475,2024,371492475,2,3,0,-1,19,6,4,-1,0,0,0,0,0,0,1,1,-1,9,2,22,5,113,1,3,SUZUKI UK 110,5,E01030087,0,3
2024361514785,2024,361514785,1,3,0,-1,19,7,2,-1,0,0,0,0,0,0,1,1,-1,2,2,23,5,113,1,6,SUZUKI UK 110,8,E01026480,0,2
2024010511779,2024,010511779,1,3,0,99,99,9,9,99,99,1,9,99,9,99,1,1,6,6,1,18,4,113,1,5,SUZUKI UK 110,2,E01000223,0,1
2024061426042,2024,061426042,2,3,0,-1,19,3,7,-1,0,1,0,0,0,0,1,1,-1,1,1,30,6,113,1,8,SUZUKI UK 110,1,E01004812,0,1
2024421508206,2024,421508206,2,3,0,-1,19,1,5,-1,0,1,2,0,1,4,1,1,-1,9,1,30,6,113,1,4,SUZUKI UK 110,3,E01034484,0,2
2024451526990,2024,451526990,1,3,0,-1,19,2,6,-1,0,2,0,0,0,0,4,1,-1,2,2,40,7,113,1,4,SUZUKI UK 110,10,E01030438,0,1
2024451479420,2024,451479420,2,3,0,-1,15,1,5,-1,0,0,5,0,0,0,2,1,-1,9,1,47,8,113,1,4,SUZUKI UK 110,7,E01030741,0,1
2024451505665,2024,451505665,2,3,0,-1,19,3,7,-1,0,8,0,0,0,0,1,1,-1,2,1,36,7,113,1,8,SUZUKI UK 110,2,E01001249,0,3
2024061470881,2024,061470881,1,3,0,-1,19,6,1,-1,0,8,0,0,0,0,1,1,-1,9,1,17,4,113,1,6,SUZUKI UK 110,-1,-1,0,-1
2024010544889,2024,010544889,2,3,0,7,7,1,3,0,0,4,0,0,0,0,3,1,6,6,1,35,6,113,1,8,SUZUKI UK 110,-1,-1,0,-1
2024161472191,2024,161472191,1,3,0,-1,7,5,3,-1,0,8,0,0,0,0,4,1,-1,9,1,25,5,113,1,4,SUZUKI UK 110,1,E01012865,0,1
2024531413384,2024,531413384,1,3,0,-1,19,6,2,-1,0,0,0,0,0,0,1,1,-1,9,1,20,4,124,1,1,SUZUKI UZ 125,1,E01034792,0,1
2024041535719,2024,041535719,2,3,0,-1,9,3,7,-1,0,8,0,0,0,0,2,1,-1,6,1,38,7,124,1,0,SUZUKI UZ 125,8,E01024913,0,1
2024501478190,2024,501478190,2,3,0,-1,7,8,4,-1,0,0,5,0,0,0,1,1,-1,9,1,26,6,124,1,1,SUZUKI UZ 125,4,E01018919,0,2
2024231493835,2024,231493835,2,3,0,-1,19,2,6,-1,0,8,0,0,0,0,1,1,-1,6,2,25,5,124,1,0,SUZUKI UZ 125,9,E01031277,0,2
2024010526297,2024,010526297,1,3,0,99,99,9,9,99,99,9,9,99,9,99,1,1,6,6,1,37,7,124,1,1,SUZUKI UZ 125,4,E01003348,0,1
2024451442825,2024,451442825,1,3,0,-1,19,5,1,-1,0,0,0,0,0,0,1,1,-1,2,2,35,6,124,1,1,SUZUKI UZ 125,6,E01034728,0,1
2024010519338,2024,010519338,1,3,9,13,13,9,9,99,99,9,9,99,9,99,9,1,1,1,1,38,7,124,1,1,SUZUKI UZ 125,4,E01000616,0,2
2024041393614,2024,041393614,1,3,0,-1,19,5,1,-1,0,1,1,0,7,0,1,1,-1,9,1,20,4,124,1,0,SUZUKI UZ 125,10,E01004804,0,3
2024371419846,2024,371419846,1,3,0,-1,19,3,7,-1,0,1,1,0,0,0,4,1,-1,2,2,32,6,124,1,1,SUZUKI UZ 125,3,E01029985,0,1
2024371526595,2024,371526595,2,4,0,-1,19,5,1,-1,0,0,1,0,0,0,1,1,-1,2,1,18,4,124,1,0,SUZUKI UZ 125,5,E01030165,0,3
2024010542468,2024,010542468,1,3,0,9,9,1,6,0,0,3,2,0,0,0,3,1,1,1,1,39,7,124,1,1,SUZUKI UZ 125,3,E01003377,0,1
2024122401288,2024,122401288,2,3,0,14,14,3,7,0,0,8,0,0,0,0,1,1,6,6,1,27,6,124,1,1,SUZUKI UZ 125,5,E01027594,0,1
2024332400401,2024,332400401,2,2,0,-1,3,5,1,-1,0,1,0,0,0,0,2,1,-1,1,1,35,6,124,1,0,SUZUKI UZ 125,1,E01013673,0,1
2024451497941,2024,451497941,3,3,0,-1,19,7,3,-1,0,0,0,0,0,0,1,1,-1,1,1,34,6,124,1,1,SUZUKI UZ 125,6,E01030310,0,2
2024201416422,2024,201416422,2,9,0,-1,-1,4,8,-1,-1,0,0,0,8,0,4,1,-1,-1,1,43,7,2387,1,1,-1,2,E01010562,0,3
2024471450331,2024,471450331,1,9,0,-1,7,1,7,-1,0,8,0,0,0,0,1,2,-1,6,1,70,10,2387,1,2,-1,9,E01031339,0,1
202454A814024,2024,54A814024,1,9,0,15,15,8,4,0,0,0,5,4,0,0,1,1,6,6,2,35,6,2387,1,1,-1,1,E01032096,0,2
2024991410953,2024,991410953,1,9,0,-1,19,5,3,-1,0,0,1,0,0,0,1,1,-1,2,1,23,5,2387,1,0,-1,9,-1,0,3
2024221459631,2024,221459631,2,9,0,-1,13,3,7,-1,0,8,1,0,7,0,4,9,-1,9,2,26,6,2387,1,1,-1,7,E01032399,0,3
2024520500123,2024,520500123,1,9,0,18,19,4,1,0,0,0,0,0,0,0,1,1,6,6,1,46,8,4546,1,27,-1,4,E01029196,0,1
2024991503352,2024,991503352,1,9,0,-1,19,7,2,-1,0,0,0,0,1,0,1,1,-1,6,1,22,5,999,1,7,VAUXHALL VIVA,7,-1,0,3
2024461431214,2024,461431214,5,9,0,-1,4,6,2,-1,0,0,1,0,0,0,2,1,-1,6,1,49,8,999,1,5,VAUXHALL VIVA,8,E01023109,0,4
2024010492640,2024,010492640,1,9,0,18,19,2,6,0,0,0,0,0,0,0,1,1,6,6,2,57,9,999,1,5,VAUXHALL VIVA,4,E01000171,0,1
2024010527405,2024,010527405,2,9,0,9,9,1,6,0,0,1,0,0,0,0,1,1,6,6,1,57,9,999,1,8,VAUXHALL VIVA,3,E01003379,0,1
2024451487482,2024,451487482,1,9,0,-1,9,1,3,-1,0,5,0,0,1,0,1,1,-1,2,1,56,9,999,1,9,VAUXHALL VIVA,9,E01030602,0,1
2024311463471,2024,311463471,1,9,0,-1,9,5,3,-1,0,1,0,0,0,0,4,1,-1,6,2,80,11,999,1,7,VAUXHALL VIVA,8,E01028052,0,1
2024552401048,2024,552401048,1,9,0,18,19,3,7,0,0,8,0,0,0,0,4,1,6,6,2,18,4,999,1,8,VAUXHALL VIVA,5,E01015427,0,2
2024440244792,2024,440244792,1,9,0,9,9,3,1,0,0,8,0,0,0,0,3,1,6,6,2,44,7,999,1,7,VAUXHALL VIVA,5,E01034554,0,3
2024501487304,2024,501487304,2,9,0,-1,3,8,4,-1,0,0,0,0,0,0,2,1,-1,9,2,60,9,999,1,7,VAUXHALL VIVA,2,E01019074,0,1
202460Q137160,2024,60Q137160,1,9,0,9,9,4,1,0,0,8,0,0,0,0,4,1,6,6,1,48,8,999,1,8,VAUXHALL VIVA,-1,-1,0,-1
2024371516193,2024,371516193,1,9,0,-1,19,8,1,-1,0,0,0,0,0,0,1,1,-1,6,1,40,7,999,1,6,VAUXHALL VIVA,5,E01030185,0,1
2024631516951,2024,631516951,2,9,0,-1,19,2,6,-1,0,0,0,0,1,10,1,1,-1,1,2,22,5,999,1,7,VAUXHALL VIVA,8,W01001897,0,1
2024501433166,2024,501433166,1,9,0,-1,4,7,3,-1,0,0,0,0,0,0,2,1,-1,6,1,77,11,999,1,8,VAUXHALL VIVA,3,E01015093,0,1
2024991460071,2024,991460071,1,9,0,-1,5,5,7,-1,0,4,0,0,1,0,1,1,-1,9,1,48,8,999,1,8,VAUXHALL VIVA,1,-1,0,1
2024351536932,2024,351536932,1,9,0,-1,4,7,3,-1,0,0,0,0,0,0,1,1,-1,6,2,28,6,999,1,7,VAUXHALL VIVA,6,E01018061,0,3
2024991411340,2024,991411340,2,9,0,-1,19,1,3,-1,0,1,1,0,0,0,4,1,-1,1,2,49,8,999,1,8,VAUXHALL VIVA,-1,-1,0,-1
2024201441573,2024,201441573,2,9,0,-1,19,4,8,-1,0,8,0,0,0,0,1,1,-1,9,2,44,7,999,1,8,VAUXHALL VIVA,5,E01009759,0,1
2024201491647,2024,201491647,2,9,0,-1,19,7,3,-1,0,0,0,0,0,0,2,1,-1,6,1,64,9,999,1,6,VAUXHALL VIVA,5,E01009764,0,1
2024411523219,2024,411523219,1,9,0,-1,19,4,8,-1,0,0,0,0,0,0,1,1,-1,6,3,-1,-1,999,1,6,VAUXHALL VIVA,-1,-1,0,-1
2024501411043,2024,501411043,1,9,0,-1,7,1,3,-1,0,6,0,0,0,0,3,1,-1,6,2,52,8,999,1,6,VAUXHALL VIVA,8,E01019961,0,1
2024101534729,2024,101534729,1,9,0,-1,1,5,1,-1,0,0,0,4,0,0,3,1,-1,9,1,77,11,999,1,8,VAUXHALL VIVA,3,E01008636,0,1
2024461451045,2024,461451045,2,9,0,-1,19,7,3,-1,0,0,1,2,0,0,0,1,-1,9,1,61,9,999,1,8,VAUXHALL VIVA,3,E01024641,0,4
2024991394795,2024,991394795,2,9,0,-1,19,5,1,-1,0,8,0,0,0,0,1,1,-1,2,1,41,7,999,1,6,VAUXHALL VIVA,-1,-1,0,-1
2024401454329,2024,401454329,2,9,0,-1,19,7,3,-1,0,8,0,0,0,0,4,1,-1,7,2,57,9,999,1,8,VAUXHALL VIVA,5,E01017520,0,1
2024421420478,2024,421420478,1,9,0,-1,19,8,4,-1,0,0,0,0,0,0,1,1,-1,1,1,54,8,999,1,8,VAUXHALL VIVA,5,E01015952,0,1
2024361466738,2024,361466738,2,9,0,-1,19,-1,-1,-1,0,2,0,0,0,0,3,9,-1,6,1,60,9,999,1,7,VAUXHALL VIVA,4,E01026894,0,4
2024501418231,2024,501418231,1,9,0,-1,19,4,8,-1,0,1,0,0,0,0,1,1,-1,6,2,73,10,999,1,7,VAUXHALL VIVA,2,E01015074,0,1
2024101396161,2024,101396161,4,9,0,-1,10,7,3,-1,0,1,0,0,0,0,2,1,-1,6,1,18,4,999,1,9,VAUXHALL VIVA,1,E01008330,0,1
2024201508954,2024,201508954,1,9,0,-1,19,5,1,-1,0,8,0,10,0,0,1,1,-1,9,2,63,9,999,1,8,VAUXHALL VIVA,5,E01021297,0,5
2024411452370,2024,411452370,1,9,0,-1,19,7,3,-1,0,0,2,2,0,0,1,1,-1,6,1,30,6,999,1,9,VAUXHALL VIVA,2,E01001437,0,3
2024471456833,2024,471456833,1,9,0,-1,19,7,3,-1,0,8,0,0,0,0,1,1,-1,9,1,77,11,999,1,7,VAUXHALL VIVA,9,E01021124,0,1
2024061474575,2024,061474575,1,9,0,-1,5,5,6,-1,9,0,0,0,8,10,1,9,-1,9,2,79,11,999,1,7,VAUXHALL VIVA,4,E01006219,0,1
2024061506206,2024,061506206,1,9,0,-1,19,7,3,-1,0,8,0,0,0,0,1,1,-1,9,1,41,7,999,1,9,VAUXHALL VIVA,4,E01006390,0,1
2024211440861,2024,211440861,1,9,0,-1,7,5,8,-1,0,6,0,0,0,0,1,9,-1,1,2,49,8,999,1,9,VAUXHALL VIVA,5,E01029345,0,1
2024440101122,2024,440101122,1,9,0,18,19,4,8,0,0,0,1,0,0,0,2,1,6,6,1,73,10,999,1,8,VAUXHALL VIVA,3,E01020996,0,5
2024041521730,2024,041521730,1,9,0,-1,19,8,5,-1,0,0,5,10,0,0,4,1,-1,9,2,71,10,999,1,5,VAUXHALL VIVA,2,E01024940,0,1
2024131480835,2024,131480835,1,9,0,-1,10,3,7,-1,0,0,0,0,0,0,1,1,-1,9,2,72,10,999,1,7,VAUXHALL VIVA,10,E01010773,0,2
2024361445882,2024,361445882,2,9,0,-1,9,5,3,-1,0,8,0,0,0,0,3,1,-1,6,2,-1,-1,999,1,6,VAUXHALL VIVA,8,E01026577,0,1
2024430336993,2024,430336993,1,9,0,4,4,5,1,0,0,0,0,0,0,0,2,1,6,6,1,22,5,999,1,8,VAUXHALL VIVA,10,E01032982,0,2
2024471501828,2024,471501828,3,9,0,-1,19,8,4,-1,0,0,0,0,0,0,2,1,-1,6,1,26,6,999,1,6,VAUXHALL VIVA,7,E01031423,0,2
2024131523700,2024,131523700,2,9,0,-1,9,1,2,-1,0,8,0,0,0,0,1,1,-1,9,2,67,10,999,1,8,VAUXHALL VIVA,4,E01011019,0,1
2024131460955,2024,131460955,2,9,0,-1,4,1,5,-1,0,0,0,0,5,0,1,1,-1,2,1,23,5,999,1,8,VAUXHALL VIVA,7,E01027647,0,3
2024610039824,2024,610039824,2,9,0,5,5,5,1,0,0,6,1,0,0,0,1,1,6,6,1,71,10,999,1,5,VAUXHALL VIVA,9,W01001590,0,1
2024471405448,2024,471405448,1,9,0,-1,9,3,1,-1,0,6,0,0,0,0,1,1,-1,2,1,59,9,999,1,6,VAUXHALL VIVA,9,E01016980,0,1
2024101520005,2024,101520005,2,9,0,-1,3,7,3,-1,0,2,0,0,0,0,2,1,-1,9,2,20,4,999,1,9,VAUXHALL VIVA,1,E01008389,0,1
2024161486220,2024,161486220,1,9,0,-1,3,3,1,-1,0,4,0,0,0,0,2,1,-1,2,1,37,7,999,1,6,VAUXHALL VIVA,-1,-1,0,-1
2024010510322,2024,010510322,2,9,0,99,99,9,9,99,99,9,9,99,9,99,9,9,6,6,3,-1,-1,999,1,8,VAUXHALL VIVA,-1,-1,0,-1
2024311438111,2024,311438111,3,9,0,-1,20,0,0,-1,0,2,0,0,0,0,2,1,-1,6,-1,-1,-1,999,1,7,VAUXHALL VIVA,-1,-1,0,-1
2024440236847,2024,440236847,1,9,0,16,19,6,2,0,0,5,0,0,3,1,1,1,2,2,2,65,9,999,1,7,VAUXHALL VIVA,9,E01023197,0,2
2024221494716,2024,221494716,2,9,0,-1,4,6,2,-1,0,0,0,0,0,0,2,9,-1,6,2,18,4,999,1,7,VAUXHALL VIVA,3,E01034329,0,1
2024991443789,2024,991443789,1,9,0,-1,7,7,8,-1,0,1,0,0,0,0,3,1,-1,9,2,77,11,999,1,7,VAUXHALL VIVA,10,-1,0,1
2024010545935,2024,010545935,1,9,0,9,9,5,2,0,0,6,0,0,0,0,1,1,6,6,1,31,6,999,1,7,VAUXHALL VIVA,8,E01000562,0,3
2024991473532,2024,991473532,2,9,0,-1,3,3,8,-1,0,1,0,0,0,0,2,1,-1,9,1,56,9,999,1,9,VAUXHALL VIVA,6,-1,0,2
2024161446388,2024,161446388,1,9,0,-1,19,7,3,-1,0,0,0,0,0,0,0,9,-1,6,2,-1,-1,999,1,7,VAUXHALL VIVA,-1,-1,0,-1
2024201508088,2024,201508088,3,9,0,-1,2,0,0,-1,0,2,0,0,0,0,2,1,-1,6,-1,-1,-1,999,1,9,VAUXHALL VIVA,-1,-1,0,-1
2024101499515,2024,101499515,2,9,0,-1,3,8,4,-1,0,0,0,0,0,0,2,1,-1,6,1,62,9,999,1,6,VAUXHALL VIVA,3,E01008241,0,1
2024371437953,2024,371437953,1,9,0,-1,19,3,7,-1,0,0,0,0,7,3,1,1,-1,6,1,91,11,999,1,8,VAUXHALL VIVA,6,E01029881,0,2
2024302400637,2024,302400637,1,9,0,18,19,3,7,0,0,2,0,0,0,0,4,1,6,6,2,85,11,999,1,6,VAUXHALL VIVA,9,E01019540,0,3
2024622400871,2024,622400871,1,9,0,18,19,2,6,0,0,8,5,0,7,2,1,2,4,7,1,20,4,999,1,7,VAUXHALL VIVA,5,W01001178,0,1
2024131402686,2024,131402686,3,9,0,-1,3,7,3,-1,0,0,0,0,0,0,2,1,-1,9,2,43,7,999,1,6,VAUXHALL VIVA,10,E01011280,0,1
2024201470519,2024,201470519,1,9,0,-1,9,8,5,-1,0,5,0,0,0,0,1,1,-1,6,2,41,7,999,1,8,VAUXHALL VIVA,2,E01009263,0,1
2024991449403,2024,991449403,2,9,0,-1,5,4,8,-1,0,1,0,0,0,0,1,1,-1,1,2,51,8,999,1,8,VAUXHALL VIVA,5,-1,0,1
2024302401561,2024,302401561,2,9,0,18,19,2,6,0,0,0,0,0,0,0,2,1,6,6,2,20,4,999,1,9,VAUXHALL VIVA,9,E01032248,0,5
2024320365084,2024,320365084,1,9,0,9,9,7,5,0,0,6,1,0,0,0,1,1,-1,-1,1,39,7,999,1,8,VAUXHALL VIVA,2,E01007448,0,4
2024161451264,2024,161451264,1,9,0,-1,4,4,1,-1,0,0,0,0,0,0,1,1,-1,9,2,76,11,999,1,8,VAUXHALL VIVA,9,E01012812,0,1
2024161456980,2024,161456980,1,9,0,-1,19,2,6,-1,0,0,0,10,0,0,4,1,-1,6,2,28,6,999,1,6,VAUXHALL VIVA,1,E01012887,0,2
2024010536106,2024,010536106,3,9,0,18,19,5,1,0,0,8,0,0,0,0,2,1,6,6,1,65,9,999,1,7,VAUXHALL VIVA,2,E01000017,0,3
2024010534022,2024,010534022,2,9,0,99,99,9,9,0,0,0,9,99,9,99,9,9,6,6,3,25,5,999,1,7,VAUXHALL VIVA,5,E01002448,0,4
2024010546002,2024,010546002,1,9,0,7,7,6,1,0,0,1,0,0,0,0,1,1,1,1,1,71,10,999,1,8,VAUXHALL VIVA,5,E01004610,0,1
2024302401377,2024,302401377,2,9,0,9,9,6,3,0,0,6,0,0,0,0,1,1,6,6,2,74,10,999,1,9,VAUXHALL VIVA,4,E01019550,0,1