collision_index,collision_year,collision_ref_no,vehicle_reference,vehicle_type,towing_and_articulation,vehicle_manoeuvre_historic,vehicle_manoeuvre,vehicle_direction_from,vehicle_direction_to,vehicle_location_restricted_lane_historic,vehicle_location_restricted_lane,junction_location,skidding_and_overturning,hit_object_in_carriageway,vehicle_leaving_carriageway,hit_object_off_carriageway,first_point_of_impact,vehicle_left_hand_drive,journey_purpose_of_driver_historic,journey_purpose_of_driver,sex_of_driver,age_of_driver,age_band_of_driver,engine_capacity_cc,propulsion_code,age_of_vehicle,generic_make_model,driver_imd_decile,lsoa_of_driver,escooter_flag,driver_distance_banding
2024501535193,2024,501535193,1,9,0,-1,19,1,5,-1,0,0,5,0,0,0,1,1,-1,9,2,18,4,999,1,8,VAUXHALL VIVA,5,E01019050,0,1
2024211499813,2024,211499813,2,9,0,-1,19,5,1,-1,0,0,0,0,0,0,2,1,-1,6,2,29,6,999,1,5,VAUXHALL VIVA,-1,-1,0,-1
2024522402463,2024,522402463,2,9,0,2,2,0,0,0,0,2,0,0,0,0,3,1,6,6,3,-1,-1,999,1,6,VAUXHALL VIVA,-1,-1,0,-1
2024340NN3582,2024,340NN3582,1,9,0,-1,19,6,2,-1,0,4,0,10,2,1,1,1,-1,9,1,24,5,999,1,8,VAUXHALL VIVA,4,E01027313,0,2
2024991495618,2024,991495618,1,9,0,-1,3,7,3,-1,0,0,0,0,0,0,1,1,-1,2,2,23,5,999,1,8,VAUXHALL VIVA,3,-1,0,4
2024522500444,2024,522500444,1,9,0,18,19,5,1,0,0,0,0,0,0,0,1,1,6,6,3,-1,-1,999,1,8,VAUXHALL VIVA,-1,-1,0,-1
2024311434632,2024,311434632,1,9,0,-1,19,4,1,-1,0,0,0,0,0,0,1,1,-1,2,2,22,5,999,1,7,VAUXHALL VIVA,7,E01033410,0,1
2024070416488,2024,070416488,1,9,0,9,9,5,3,0,0,6,0,0,0,0,1,1,6,6,1,86,11,999,1,8,VAUXHALL VIVA,9,E01018531,0,1
2024231469576,2024,231469576,2,9,0,-1,19,6,2,-1,0,8,0,0,0,0,3,1,-1,7,2,62,9,999,1,9,VAUXHALL VIVA,7,E01029863,0,1
2024122401302,2024,122401302,2,9,0,18,19,7,3,0,0,8,0,0,0,0,4,1,6,6,1,85,11,999,1,9,VAUXHALL VIVA,6,E01027636,0,1
2024631485976,2024,631485976,1,9,0,-1,19,3,7,-1,0,1,0,0,0,0,1,1,-1,6,2,88,11,999,1,9,VAUXHALL VIVA,5,E01028943,0,4
2024061491808,2024,061491808,2,9,0,-1,9,5,7,-1,0,0,0,0,0,0,1,1,-1,9,1,60,9,999,1,9,VAUXHALL VIVA,1,E01006361,0,1
2024520403319,2024,520403319,1,9,0,18,19,8,4,0,0,4,0,0,3,10,1,1,2,2,1,41,7,999,1,7,VAUXHALL VIVA,6,E01032119,0,2
2024131484705,2024,131484705,1,9,0,-1,19,4,8,-1,0,0,0,0,0,0,3,1,-1,2,1,55,8,999,1,5,VAUXHALL VIVA,6,E01011518,0,1
2024161522585,2024,161522585,3,9,0,-1,14,8,4,-1,0,0,0,0,0,0,1,9,-1,6,2,29,6,999,1,8,VAUXHALL VIVA,3,E01012907,0,2
2024332401154,2024,332401154,1,9,0,-1,19,5,1,-1,0,0,0,0,0,0,3,1,-1,9,2,41,7,999,1,7,VAUXHALL VIVA,8,E01011589,0,5
2024111419963,2024,111419963,2,9,0,-1,19,1,5,-1,0,0,1,11,0,0,4,1,-1,9,1,77,11,999,1,6,VAUXHALL VIVA,5,E01011996,0,3
2024340NN0442,2024,340NN0442,1,9,0,-1,9,6,4,-1,0,6,0,0,0,0,1,1,-1,9,2,79,11,999,1,8,VAUXHALL VIVA,5,E01026970,0,1
2024311490589,2024,311490589,2,9,0,-1,10,7,4,-1,0,0,0,0,0,0,2,1,-1,9,2,54,8,999,1,7,VAUXHALL VIVA,-1,-1,0,-1
2024201503910,2024,201503910,2,9,0,-1,8,4,1,-1,0,0,0,0,0,0,2,9,-1,6,1,28,6,999,1,8,VAUXHALL VIVA,6,E01010013,0,1
2024411538068,2024,411538068,1,9,-1,-1,-1,-1,-1,-1,-1,-1,-1,-1,-1,0,-1,9,-1,6,1,17,4,999,1,9,VAUXHALL VIVA,6,E01033311,0,4
2024351419658,2024,351419658,1,9,0,-1,-1,-1,-1,-1,-1,0,-1,-1,-1,0,-1,9,-1,6,2,38,7,999,1,9,VAUXHALL VIVA,8,E01034566,0,4
2024311437786,2024,311437786,2,9,0,-1,19,5,1,-1,0,0,0,0,0,0,1,1,-1,2,1,58,9,999,1,5,VAUXHALL VIVA,3,E01028147,0,1
2024991414854,2024,991414854,2,9,0,-1,4,5,1,-1,0,1,0,0,0,0,2,1,-1,9,1,29,6,999,1,7,VAUXHALL VIVA,6,-1,0,1
2024010538587,2024,010538587,2,11,0,17,19,5,1,0,0,8,0,0,0,0,1,1,6,6,2,47,8,-1,3,0,WRIGHTBUS GB KITE,3,E01002526,0,2
2024440396235,2024,440396235,1,11,0,18,19,3,7,0,0,0,0,0,0,0,4,1,1,1,1,56,9,-1,3,0,WRIGHTBUS GB KITE,7,E01022825,0,1
2024122401197,2024,122401197,1,11,0,18,19,6,2,0,0,1,0,0,0,0,1,1,1,1,1,59,9,-1,3,1,WRIGHTBUS GB KITE,7,E01033068,0,1
2024440384719,2024,440384719,1,11,0,4,4,7,3,0,0,1,0,0,0,0,0,1,1,1,1,65,9,-1,3,0,WRIGHTBUS GB KITE,4,E01022723,0,2
2024122401049,2024,122401049,2,11,0,18,19,7,3,0,0,1,0,0,0,0,1,1,1,1,1,28,6,-1,3,1,WRIGHTBUS GB KITE,7,E01011399,0,4
2024440354547,2024,440354547,2,11,0,18,19,7,3,0,0,1,0,0,0,0,1,1,1,1,2,39,7,-1,3,0,WRIGHTBUS GB KITE,9,E01022767,0,2
2024122400473,2024,122400473,1,11,0,9,9,6,4,0,0,8,0,0,0,0,3,1,1,1,1,54,8,-1,3,1,WRIGHTBUS GB KITE,3,E01033067,0,1
2024440452612,2024,440452612,1,11,0,18,19,4,8,3,2,0,0,0,0,0,1,1,1,1,1,31,6,-1,3,0,WRIGHTBUS GB KITE,8,E01022722,0,1
2024332401020,2024,332401020,3,11,0,-1,8,5,7,-1,0,1,0,0,0,0,1,1,-1,1,1,27,6,-1,3,1,WRIGHTBUS GB KITE,3,E01013772,0,2
2024471479331,2024,471479331,2,11,0,-1,19,3,7,-1,0,0,0,0,0,0,3,1,-1,6,1,65,9,-1,3,1,WRIGHTBUS GB KITE,7,E01016912,0,4
2024131448641,2024,131448641,2,11,0,-1,19,4,8,-1,0,1,0,0,0,0,1,1,-1,1,1,21,5,-1,3,0,WRIGHTBUS GB KITE,1,E01010824,0,3
2024010522818,2024,010522818,1,11,0,18,19,1,5,0,0,1,0,0,0,0,0,1,1,1,1,71,10,-1,3,1,WRIGHTBUS GB KITE,4,E01034617,0,1
2024332400109,2024,332400109,1,11,0,-1,19,1,5,-1,0,0,0,0,0,0,3,1,-1,1,1,59,9,-1,3,1,WRIGHTBUS GB KITE,3,E01013772,0,2
2024010499187,2024,010499187,1,11,0,4,4,1,5,0,0,1,0,0,0,0,0,1,6,6,1,34,6,-1,3,1,WRIGHTBUS GB KITE,4,E01002645,0,1
2024471477368,2024,471477368,1,11,0,-1,19,4,8,-1,0,3,0,0,0,0,4,1,-1,1,2,53,8,-1,3,1,WRIGHTBUS GB KITE,5,E01030569,0,4
2024131515376,2024,131515376,1,11,0,-1,5,3,7,-1,2,0,0,0,0,0,0,1,-1,1,1,60,9,-1,3,0,WRIGHTBUS GB KITE,8,E01011553,0,3
2024101424875,2024,101424875,2,11,0,-1,19,1,1,-1,0,4,0,0,0,0,3,1,-1,1,-1,45,7,4461,2,8,WRIGHTBUS STREETLITE,-1,-1,0,-1
2024991524812,2024,991524812,1,11,0,-1,9,5,7,-1,0,8,0,0,0,0,1,1,-1,1,1,35,6,4461,2,10,WRIGHTBUS STREETLITE,6,-1,0,2
2024440518203,2024,440518203,2,11,0,7,7,1,5,0,0,8,0,0,0,0,1,1,1,1,1,46,8,4461,2,10,WRIGHTBUS STREETLITE,3,E01017078,0,1
2024101534195,2024,101534195,1,11,0,-1,19,3,7,-1,0,3,0,0,0,0,4,1,-1,1,1,58,9,4461,2,9,WRIGHTBUS STREETLITE,4,E01034489,0,4
2024221513299,2024,221513299,1,11,0,-1,5,5,1,-1,0,4,0,0,0,0,1,9,-1,1,1,33,6,4461,2,9,WRIGHTBUS STREETLITE,4,E01010459,0,4
2024111441088,2024,111441088,2,11,0,-1,19,4,8,-1,0,1,0,0,0,0,0,1,-1,1,1,61,9,4461,2,8,WRIGHTBUS STREETLITE,5,E01008758,0,3
2024010531994,2024,010531994,1,11,0,5,5,0,7,0,0,1,0,0,0,0,1,1,1,1,1,29,6,5132,2,7,WRIGHTBUS STREETLITE,3,E01003950,0,2
2024440088241,2024,440088241,1,11,0,9,9,1,7,0,0,8,0,0,0,0,1,1,1,1,1,57,9,5132,2,2,WRIGHTBUS STREETLITE,9,E01022783,0,2
2024201517653,2024,201517653,1,11,0,-1,9,4,2,-1,0,6,0,0,0,0,4,1,-1,1,1,50,8,4461,2,11,WRIGHTBUS STREETLITE,-1,-1,0,-1
2024211451851,2024,211451851,1,11,-1,-1,19,8,4,-1,-1,0,-1,-1,-1,0,-1,2,-1,1,1,42,7,4461,2,11,WRIGHTBUS STREETLITE,7,E01029772,0,3
2024010529992,2024,010529992,1,11,0,18,19,5,1,0,0,1,0,0,0,0,0,1,1,1,1,43,7,5132,2,9,WRIGHTBUS STREETLITE,2,E01033151,0,1
2024430037377,2024,430037377,1,11,0,18,19,5,1,0,0,0,0,0,0,0,0,1,6,6,1,61,9,4461,2,11,WRIGHTBUS STREETLITE,5,E01032844,0,3
2024461414149,2024,461414149,2,11,0,-1,5,2,6,-1,0,2,0,0,0,0,3,1,-1,1,1,66,10,5132,2,6,WRIGHTBUS STREETLITE,6,E01024267,0,3
2024101509574,2024,101509574,1,11,0,-1,19,7,3,-1,0,1,0,0,0,0,1,1,-1,1,1,64,9,5132,2,7,WRIGHTBUS STREETLITE,2,E01008512,0,2
2024141516795,2024,141516795,3,11,0,-1,3,4,8,-1,0,0,0,0,0,0,2,1,-1,1,1,44,7,5132,2,8,WRIGHTBUS STREETLITE,7,E01007831,0,1
2024451426229,2024,451426229,2,11,0,-1,2,7,3,-1,0,0,0,0,0,0,2,1,-1,1,2,59,9,5132,2,4,WRIGHTBUS STREETLITE,7,E01001304,0,3
2024461425065,2024,461425065,1,11,0,-1,19,4,8,-1,0,8,0,0,0,0,1,1,-1,1,1,62,9,4461,2,9,WRIGHTBUS STREETLITE,9,E01024085,0,4
2024421454372,2024,421454372,2,11,0,-1,4,3,7,-1,0,1,0,0,0,0,2,1,-1,1,2,47,8,5132,2,9,WRIGHTBUS STREETLITE,5,E01021664,0,1
2024131526390,2024,131526390,2,11,0,-1,19,1,5,-1,0,1,0,0,0,0,0,1,-1,1,1,24,5,5132,2,9,WRIGHTBUS STREETLITE,10,E01010579,0,2
2024010494674,2024,010494674,1,11,0,5,5,7,3,2,2,1,0,0,0,0,0,1,1,1,1,60,9,5132,2,7,WRIGHTBUS STREETLITE,3,E01001757,0,3
2024332400295,2024,332400295,1,11,0,-1,19,7,3,-1,0,0,0,0,0,0,4,1,-1,6,3,-1,-1,4461,2,11,WRIGHTBUS STREETLITE,-1,-1,0,-1
2024622400817,2024,622400817,1,11,0,18,19,6,2,0,0,0,0,0,0,0,1,1,1,1,1,20,4,4461,2,9,WRIGHTBUS STREETLITE,2,W01000897,0,2
2024201516460,2024,201516460,1,11,0,-1,4,5,1,-1,0,1,0,0,0,0,1,1,-1,1,1,35,6,5132,2,4,WRIGHTBUS STREETLITE,2,E01010061,0,2
2024131439264,2024,131439264,1,11,0,-1,19,7,7,-1,0,0,0,0,0,0,1,1,-1,6,-1,-1,-1,5132,2,9,WRIGHTBUS STREETLITE,-1,-1,0,-1
2024010507938,2024,010507938,1,11,0,18,19,7,3,0,0,1,0,0,0,0,0,1,1,1,2,60,9,5132,2,8,WRIGHTBUS STREETLITE,3,E01003256,0,1
2024010521165,2024,010521165,1,11,0,18,19,5,1,2,2,0,0,0,0,0,1,1,1,1,1,51,8,5132,2,5,WRIGHTBUS STREETLITE,5,E01004418,0,2
2024991408115,2024,991408115,2,11,0,-1,19,3,7,-1,0,8,0,0,7,0,1,1,-1,1,1,46,8,4461,2,11,WRIGHTBUS STREETLITE,-1,-1,0,-1
2024471490276,2024,471490276,2,11,0,-1,19,5,1,-1,0,0,0,0,0,0,1,1,-1,1,1,58,9,5132,2,8,WRIGHTBUS STREETLITE,10,E01031760,0,3
2024520401883,2024,520401883,1,11,0,5,5,0,0,0,0,0,0,0,0,0,4,1,1,1,1,54,8,4461,2,11,WRIGHTBUS STREETLITE,2,E01029112,0,1
2024522402726,2024,522402726,1,11,0,18,19,7,3,0,0,0,0,0,0,0,1,1,1,1,1,62,9,4461,2,10,WRIGHTBUS STREETLITE,1,E01014655,0,1
2024440282108,2024,440282108,1,11,0,18,19,3,7,0,0,1,0,0,0,0,1,1,1,1,1,51,8,4461,2,10,WRIGHTBUS STREETLITE,4,E01017233,0,4
2024070167171,2024,070167171,4,11,0,18,19,7,3,0,0,3,0,0,0,0,1,1,1,1,1,38,7,4461,2,10,WRIGHTBUS STREETLITE,1,E01034055,0,3
2024461494724,2024,461494724,1,11,0,-1,9,5,7,-1,0,5,0,0,0,0,1,9,-1,1,1,47,8,4461,2,9,WRIGHTBUS STREETLITE,9,E01008775,0,5
2024302401693,2024,302401693,1,11,0,4,4,2,6,2,2,2,0,0,0,0,0,1,1,1,1,60,9,5132,2,5,WRIGHTBUS STREETLITE,4,E01013459,0,1
2024070110508,2024,070110508,2,11,0,18,19,1,5,0,0,1,0,0,0,0,1,1,1,1,1,70,10,4461,2,11,WRIGHTBUS STREETLITE,4,E01018535,0,2
2024101432245,2024,101432245,1,11,0,-1,4,3,7,-1,0,1,0,0,0,0,0,1,-1,1,1,37,7,4461,2,11,WRIGHTBUS STREETLITE,2,E01020751,0,3
2024101503036,2024,101503036,2,11,0,-1,19,2,7,-1,0,0,0,0,0,0,0,1,-1,1,1,64,9,5132,2,7,WRIGHTBUS STREETLITE,4,E01008494,0,1
2024421476368,2024,421476368,1,11,0,-1,9,7,3,-1,2,0,0,0,0,0,4,1,-1,1,1,38,7,4461,2,9,WRIGHTBUS STREETLITE,9,E01015817,0,2
2024041500357,2024,041500357,2,11,0,-1,19,5,1,-1,0,0,0,0,0,0,3,1,-1,1,1,53,8,5132,2,7,WRIGHTBUS STREETLITE,8,E01025513,0,3
2024201529163,2024,201529163,1,11,0,-1,19,6,2,-1,0,0,0,0,0,0,1,9,-1,1,1,54,8,5132,2,5,WRIGHTBUS STREETLITE,2,E01010263,0,2
2024010543556,2024,010543556,1,11,0,4,4,3,7,0,0,0,0,0,0,0,0,1,1,1,2,62,9,5132,2,5,WRIGHTBUS STREETLITE,9,E01024415,0,4
2024461464523,2024,461464523,2,11,0,-1,19,3,7,-1,0,0,0,0,0,0,1,1,-1,1,1,54,8,5132,2,6,WRIGHTBUS STREETLITE,-1,-1,0,-1
2024111471276,2024,111471276,1,11,0,-1,15,4,7,-1,0,8,0,0,0,0,0,9,-1,1,1,42,7,4461,2,9,WRIGHTBUS STREETLITE,2,E01008634,0,3
2024101492603,2024,101492603,1,11,0,-1,7,7,1,-1,0,6,0,0,0,0,3,1,-1,1,1,-1,-1,5132,2,7,WRIGHTBUS STREETLITE,3,E01008511,0,1
2024111451915,2024,111451915,3,11,0,-1,19,1,5,-1,0,1,0,0,0,0,1,1,-1,6,-1,30,6,4461,2,9,WRIGHTBUS STREETLITE,-1,-1,0,-1
2024421420720,2024,421420720,1,11,0,-1,19,6,3,-1,0,0,0,0,0,0,1,1,-1,1,1,50,8,4461,2,10,WRIGHTBUS STREETLITE,7,E01015837,0,2
2024101495767,2024,101495767,2,11,0,-1,19,8,4,-1,0,8,0,0,0,0,0,9,-1,1,2,31,6,4461,2,11,WRIGHTBUS STREETLITE,5,E01008615,0,2
2024461479433,2024,461479433,2,11,0,-1,19,3,7,-1,0,1,0,0,0,0,1,1,-1,1,1,56,9,4461,2,9,WRIGHTBUS STREETLITE,1,E01016153,0,1
2024101528632,2024,101528632,1,11,0,-1,2,0,0,-1,2,0,0,0,0,0,0,1,-1,1,1,54,8,5132,2,7,WRIGHTBUS STREETLITE,9,E01027439,0,3
2024101419271,2024,101419271,2,11,0,-1,4,8,4,-1,0,0,0,0,0,0,1,1,-1,1,2,27,6,5132,2,7,WRIGHTBUS STREETLITE,-1,-1,0,-1
2024622400883,2024,622400883,1,11,0,4,4,4,8,0,0,1,0,0,0,0,1,1,1,1,3,-1,-1,5132,2,1,WRIGHTBUS STREETLITE,-1,-1,0,-1
2024991395008,2024,991395008,2,11,0,-1,19,6,2,-1,0,1,0,11,0,0,1,1,-1,1,1,33,6,4461,2,10,WRIGHTBUS STREETLITE,2,-1,0,2
2024101485972,2024,101485972,2,11,0,-1,19,6,2,-1,0,1,0,0,0,0,3,1,-1,1,1,62,9,4461,2,11,WRIGHTBUS STREETLITE,2,E01020751,0,4
2024010546095,2024,010546095,2,11,0,99,99,9,9,99,99,9,9,99,9,99,9,9,6,6,1,23,5,5132,2,8,WRIGHTBUS STREETLITE,3,E01035495,0,1
2024101537282,2024,101537282,1,11,-1,-1,-1,6,2,-1,-1,0,-1,-1,-1,0,-1,9,-1,1,1,49,8,4461,2,11,WRIGHTBUS STREETLITE,4,E01008209,0,1
2024101475058,2024,101475058,2,11,0,-1,4,1,5,-1,0,1,0,0,0,0,0,1,-1,1,1,-1,-1,4461,2,11,WRIGHTBUS STREETLITE,4,E01008209,0,3
2024101412038,2024,101412038,1,11,0,-1,19,1,1,-1,2,3,0,0,0,0,4,1,-1,1,1,28,6,4461,2,9,WRIGHTBUS STREETLITE,5,E01008615,0,2
2024010541788,2024,010541788,2,11,0,18,19,1,5,0,0,1,0,0,0,0,3,1,6,6,1,52,8,5132,2,8,WRIGHTBUS STREETLITE,3,E01035499,0,2
2024141422052,2024,141422052,3,11,0,-1,2,0,0,-1,0,1,0,0,0,0,3,1,-1,1,1,56,9,5132,2,6,WRIGHTBUS STREETLITE,5,E01008139,0,2
2024141515219,2024,141515219,1,11,0,-1,19,4,1,-1,0,4,0,0,0,0,2,9,-1,1,2,54,8,4461,2,10,WRIGHTBUS STREETLITE,5,E01007588,0,1
2024421409364,2024,421409364,2,11,0,-1,7,3,5,-1,0,6,0,0,0,0,1,9,-1,1,1,61,9,5132,2,9,WRIGHTBUS STREETLITE,9,E01021661,0,1
2024010525796,2024,010525796,1,11,0,18,19,3,7,0,0,0,0,0,0,0,0,1,1,1,1,61,9,5132,2,9,WRIGHTBUS STREETLITE,-1,-1,0,-1
2024101477745,2024,101477745,2,11,0,-1,19,8,4,-1,0,1,0,0,0,0,-1,9,-1,1,1,53,8,4461,2,8,WRIGHTBUS STREETLITE,2,E01008693,0,1
2024010511918,2024,010511918,1,11,0,5,5,3,7,0,0,1,0,0,0,0,1,1,1,1,1,56,9,5132,2,5,WRIGHTBUS STREETLITE,5,E01024163,0,3
2024101416086,2024,101416086,2,11,0,-1,4,8,4,-1,0,8,0,0,0,0,0,9,-1,1,1,58,9,4461,2,11,WRIGHTBUS STREETLITE,4,E01008209,0,3
2024211520768,2024,211520768,1,11,0,-1,19,1,1,-1,2,0,0,0,0,0,4,1,-1,1,1,51,8,4461,2,11,WRIGHTBUS STREETLITE,1,E01014218,0,2
2024010535531,2024,010535531,1,11,0,18,19,1,5,0,0,0,0,0,0,0,0,1,1,1,1,64,9,5132,2,8,WRIGHTBUS STREETLITE,6,E01001065,0,2
2024361497040,2024,361497040,2,11,0,-1,19,4,8,-1,0,2,0,0,0,0,4,1,-1,1,1,58,9,5132,2,9,WRIGHTBUS STREETLITE,1,E01026832,0,2
2024421483520,2024,421483520,2,11,0,-1,19,2,7,-1,0,1,0,0,0,0,1,1,-1,1,1,24,5,5132,2,1,WRIGHTBUS STREETLITE,9,E01021530,0,3
2024101464461,2024,101464461,2,11,0,-1,19,7,4,-1,0,0,0,0,0,0,0,1,-1,1,1,51,8,4461,2,9,WRIGHTBUS STREETLITE,2,E01020768,0,3
2024061408671,2024,061408671,1,11,0,-1,19,7,3,-1,0,0,0,0,1,0,0,1,-1,1,1,34,6,4461,2,10,WRIGHTBUS STREETLITE,1,E01005288,0,1
2024101434758,2024,101434758,2,11,0,-1,19,6,2,-1,0,8,0,0,0,0,1,1,-1,1,1,58,9,5132,2,7,WRIGHTBUS STREETLITE,4,E01008490,0,3
2024010521084,2024,010521084,1,11,0,5,5,7,3,0,0,2,0,0,0,0,0,1,1,1,1,64,9,5132,2,7,WRIGHTBUS STREETLITE,5,E01000978,0,1
2024101437922,2024,101437922,1,11,0,-1,4,5,1,-1,0,1,0,0,0,0,1,1,-1,1,1,-1,-1,4461,2,10,WRIGHTBUS STREETLITE,-1,-1,0,-1
2024430393598,2024,430393598,1,11,0,18,19,4,8,0,0,8,0,0,0,0,0,1,1,1,1,58,9,5132,2,9,WRIGHTBUS STREETLITE,10,E01016570,0,3
2024131482911,2024,131482911,2,11,0,-1,19,7,3,-1,0,8,0,0,0,0,1,1,-1,1,1,62,9,5132,2,2,WRIGHTBUS STREETLITE,3,E01010652,0,1
2024010506874,2024,010506874,1,11,0,18,19,2,6,0,0,1,0,0,0,0,0,1,1,1,1,62,9,4461,2,12,WRIGHTBUS STREETLITE,8,E01001120,0,3
2024401476472,2024,401476472,1,11,0,-1,19,7,3,-1,0,0,0,0,0,0,3,1,-1,1,1,32,6,4461,2,10,WRIGHTBUS STREETLITE,9,E01035403,0,4
2024010547306,2024,010547306,2,11,0,7,7,1,4,0,0,8,0,0,0,0,1,1,1,1,1,32,6,4461,2,12,WRIGHTBUS STREETLITE,3,E01003124,0,2
2024061430318,2024,061430318,1,11,0,-1,19,7,3,-1,0,0,0,0,0,0,1,1,-1,1,1,40,7,4461,2,10,WRIGHTBUS STREETLITE,-1,-1,0,-1
2024211530985,2024,211530985,1,11,0,-1,13,4,8,-1,0,0,0,0,0,0,4,1,-1,1,1,56,9,4461,2,10,WRIGHTBUS STREETLITE,-1,-1,0,-1
2024010526983,2024,010526983,1,11,0,18,19,5,1,2,2,1,0,0,0,0,3,1,1,1,1,53,8,5132,2,7,WRIGHTBUS STREETLITE,4,E01004633,0,1
2024010548985,2024,010548985,1,11,0,99,99,9,9,99,99,0,9,99,9,99,1,9,6,6,3,-1,-1,5132,2,8,WRIGHTBUS STREETLITE,-1,-1,0,-1
2024010545006,2024,010545006,1,11,0,-1,-1,5,1,0,0,8,0,0,0,0,1,1,1,1,1,61,9,5132,2,8,WRIGHTBUS STREETLITE,4,E01001171,0,1
2024302401316,2024,302401316,1,11,0,9,9,2,8,0,0,8,0,0,0,0,0,1,6,6,3,-1,-1,5132,2,5,WRIGHTBUS STREETLITE,5,E01019456,0,4
2024010532247,2024,010532247,1,11,0,2,2,0,0,0,0,0,0,0,0,0,0,1,6,6,3,-1,-1,5132,2,5,WRIGHTBUS STREETLITE,-1,-1,0,-1
2024131489279,2024,131489279,2,11,0,-1,19,1,5,-1,0,1,0,0,0,0,4,1,-1,1,1,48,8,5132,2,2,WRIGHTBUS STREETLITE,1,E01005322,0,4
2024101482966,2024,101482966,2,11,0,-1,3,7,3,-1,2,0,0,0,0,0,1,9,-1,1,1,51,8,5132,2,7,WRIGHTBUS STREETLITE,-1,-1,0,-1
2024221534679,2024,221534679,2,11,0,-1,9,5,3,-1,0,6,0,0,0,0,1,1,-1,1,1,33,6,4461,2,5,WRIGHTBUS STREETLITE,1,E01033640,0,3
2024501500629,2024,501500629,1,3,0,-1,19,3,7,-1,0,3,0,10,0,0,4,1,-1,6,1,34,6,125,1,7,YAMAHA DELIGHT,4,E01015031,0,1
2024421474940,2024,421474940,2,3,0,-1,4,4,6,-1,0,4,0,0,0,0,2,1,-1,2,2,56,9,125,1,3,YAMAHA DELIGHT,2,E01035586,0,1
2024010546223,2024,010546223,2,4,0,18,19,5,1,0,0,4,5,0,0,0,1,1,1,1,1,22,5,125,1,6,YAMAHA DELIGHT,5,E01004612,0,2
2024010514254,2024,010514254,1,3,0,18,19,4,8,0,0,1,0,0,0,0,4,1,6,6,1,26,6,125,1,3,YAMAHA DELIGHT,-1,-1,0,-1
2024430264891,2024,430264891,2,3,0,18,19,2,6,0,0,8,0,0,0,0,1,1,6,6,1,24,5,125,1,4,YAMAHA DELIGHT,5,E01016594,0,2
2024311525248,2024,311525248,1,3,0,-1,4,7,3,-1,0,1,1,0,0,0,4,1,-1,1,1,34,6,125,1,5,YAMAHA DELIGHT,-1,-1,0,-1
2024010499025,2024,010499025,2,3,0,18,19,7,3,0,0,2,0,0,1,0,1,1,6,6,1,39,7,125,1,5,YAMAHA DELIGHT,5,E01004419,0,1
2024522500443,2024,522500443,1,3,0,4,4,4,8,0,0,2,0,0,0,0,2,1,6,6,1,65,9,125,1,6,YAMAHA DELIGHT,10,E01014767,0,2
2024010543664,2024,010543664,1,3,0,18,19,5,1,0,0,8,0,0,0,0,1,1,2,2,1,39,7,125,1,5,YAMAHA DELIGHT,3,E01001941,0,1
2024010507289,2024,010507289,1,3,0,18,19,7,3,0,0,2,0,0,7,0,4,1,6,6,1,21,5,125,1,4,YAMAHA DELIGHT,7,E01001457,0,1
2024010499023,2024,010499023,1,3,0,6,6,1,1,0,0,0,1,0,0,0,1,1,6,6,1,44,7,125,1,4,YAMAHA DELIGHT,6,E01001998,0,1
2024361518710,2024,361518710,2,3,0,-1,19,6,2,-1,0,8,0,0,0,0,3,1,-1,9,2,59,9,125,1,5,YAMAHA DELIGHT,5,E01026935,0,1
2024010512170,2024,010512170,2,3,0,9,9,7,4,0,0,1,0,0,0,0,1,1,6,6,1,21,5,125,1,3,YAMAHA DELIGHT,3,E01033935,0,1
2024311505201,2024,311505201,2,3,0,-1,19,7,3,-1,0,8,0,0,0,0,1,1,-1,1,1,22,5,125,1,6,YAMAHA DELIGHT,-1,-1,0,-1
2024010539283,2024,010539283,1,3,0,99,99,9,9,99,99,9,9,99,9,99,1,1,6,6,1,24,5,125,1,3,YAMAHA DELIGHT,4,E01001294,0,1
2024471415998,2024,471415998,1,3,0,-1,9,5,3,-1,0,6,0,0,0,0,4,1,-1,9,1,30,6,125,1,4,YAMAHA DELIGHT,1,E01016865,0,2
2024010500525,2024,010500525,1,3,0,99,99,9,9,99,99,9,9,99,9,99,9,1,2,2,1,37,7,125,1,4,YAMAHA DELIGHT,6,E01003255,0,3
2024010503298,2024,010503298,1,3,0,7,7,5,6,9,9,0,0,0,0,0,3,1,1,1,1,36,7,125,1,3,YAMAHA DELIGHT,-1,-1,0,-1
2024421500389,2024,421500389,1,3,0,-1,19,7,3,-1,0,1,2,0,0,0,4,1,-1,1,1,29,6,125,1,6,YAMAHA DELIGHT,5,E01003721,0,1
2024421395357,2024,421395357,2,3,0,-1,19,4,1,-1,0,1,2,0,0,0,1,1,-1,9,1,31,6,125,1,4,YAMAHA DELIGHT,3,E01015954,0,1
2024501440810,2024,501440810,1,3,0,-1,4,2,6,-1,0,1,0,0,0,0,1,1,-1,6,1,34,6,125,1,3,YAMAHA DELIGHT,2,E01034631,0,1
2024010513511,2024,010513511,1,3,0,99,99,9,9,99,99,9,9,99,9,99,9,1,6,6,1,26,6,125,1,4,YAMAHA DELIGHT,5,E01003186,0,3