collision_index,collision_year,collision_ref_no,vehicle_reference,vehicle_type,towing_and_articulation,vehicle_manoeuvre_historic,vehicle_manoeuvre,vehicle_direction_from,vehicle_direction_to,vehicle_location_restricted_lane_historic,vehicle_location_restricted_lane,junction_location,skidding_and_overturning,hit_object_in_carriageway,vehicle_leaving_carriageway,hit_object_off_carriageway,first_point_of_impact,vehicle_left_hand_drive,journey_purpose_of_driver_historic,journey_purpose_of_driver,sex_of_driver,age_of_driver,age_band_of_driver,engine_capacity_cc,propulsion_code,age_of_vehicle,generic_make_model,driver_imd_decile,lsoa_of_driver,escooter_flag,driver_distance_banding
2024010549597,2024,010549597,1,3,0,18,19,1,5,0,0,1,5,0,0,0,1,1,6,6,1,31,6,125,1,2,YAMAHA DELIGHT,3,E01000510,0,1
2024451519191,2024,451519191,2,4,0,-1,14,5,1,-1,0,0,0,0,0,0,1,1,-1,6,1,46,8,125,1,3,YAMAHA DELIGHT,7,E01030794,0,2
2024440418029,2024,440418029,1,3,0,14,14,5,1,0,0,8,1,0,0,0,4,1,6,6,1,47,8,125,1,1,YAMAHA DELIGHT,3,E01022482,0,1
2024010522073,2024,010522073,2,3,0,99,99,9,9,99,99,9,9,99,9,99,9,1,1,1,1,59,9,125,1,3,YAMAHA DELIGHT,5,E01001272,0,1
2024010507113,2024,010507113,1,3,0,18,19,1,5,0,0,1,0,0,0,0,4,1,6,6,1,21,5,125,1,4,YAMAHA DELIGHT,3,E01002603,0,1
2024311400336,2024,311400336,2,3,0,-1,4,1,5,-1,0,0,0,0,0,0,2,1,-1,9,1,24,5,125,1,7,YAMAHA DELIGHT,6,E01033395,0,1
2024010517544,2024,010517544,1,3,0,18,19,1,5,0,0,1,0,0,1,0,1,1,6,6,1,31,6,125,1,0,YAMAHA DELIGHT,4,E01004756,0,1
2024440200869,2024,440200869,2,3,0,3,3,5,1,0,0,0,0,0,0,0,2,1,1,1,1,33,6,125,1,3,YAMAHA DELIGHT,3,E01022484,0,1
2024451498793,2024,451498793,1,3,0,-1,19,3,7,-1,0,8,0,0,0,0,4,1,-1,6,1,36,7,125,1,5,YAMAHA DELIGHT,9,E01030944,0,1
2024201420443,2024,201420443,2,2,0,-1,9,4,2,-1,0,0,0,0,0,0,2,1,-1,1,1,39,7,125,1,6,YAMAHA DELIGHT,2,E01009757,0,1
2024010540480,2024,010540480,1,3,0,99,99,9,9,99,99,9,9,99,9,99,1,1,6,6,1,26,6,125,1,4,YAMAHA DELIGHT,8,E01001046,0,2
2024340NN3632,2024,340NN3632,1,9,0,-1,19,5,1,-1,0,0,0,0,0,0,1,1,-1,6,1,52,8,1970,1,25,-1,7,E01032974,0,1
2024041438393,2024,041438393,1,5,0,-1,19,4,8,-1,0,0,0,0,0,0,1,1,-1,9,1,45,7,750,1,14,-1,6,E01025419,0,1
2024501473111,2024,501473111,2,5,0,-1,19,6,2,-1,0,1,1,0,0,0,1,1,-1,9,1,63,9,750,1,15,-1,4,E01020138,0,1
2024501407020,2024,501407020,1,9,0,-1,13,7,5,-1,0,0,0,0,1,11,1,9,-1,6,1,62,9,1998,8,0,BMW X3,-1,-1,0,-1
2024421487610,2024,421487610,2,9,0,-1,19,5,1,-1,0,0,0,0,0,0,2,1,-1,9,1,40,7,1998,8,0,BMW X3,5,E01000354,0,4
2024371460352,2024,371460352,1,9,0,-1,19,6,2,-1,0,0,5,0,1,0,4,1,-1,9,1,80,11,2993,-1,3,BMW X3,5,E01030286,0,1
2024101412030,2024,101412030,2,9,0,-1,19,7,3,-1,0,2,0,0,0,0,1,1,-1,6,1,47,8,1998,8,0,BMW X3,7,E01035636,0,3
2024332400107,2024,332400107,2,9,0,-1,19,4,8,-1,0,4,0,0,0,0,1,1,-1,6,2,38,7,1995,2,6,BMW X3,3,E01013618,0,1
2024461495399,2024,461495399,1,9,0,-1,6,7,5,-1,0,2,0,0,0,0,3,1,-1,9,1,83,11,1995,12,2,BMW X3,7,E01032737,0,4
2024622400564,2024,622400564,2,9,4,2,2,0,0,0,0,0,0,0,0,0,2,1,6,6,3,-1,-1,1995,2,14,BMW X3,-1,-1,0,-1
2024131399664,2024,131399664,1,9,0,-1,19,5,1,-1,0,0,5,0,7,0,0,1,-1,2,1,60,9,2979,1,20,BMW X3,3,E01007374,0,3
2024361433663,2024,361433663,1,9,0,-1,19,1,5,-1,0,0,0,0,0,0,1,1,-1,6,1,42,7,2000,2,13,BMW X3,7,E01029947,0,3
2024010532090,2024,010532090,2,9,0,16,19,5,7,0,0,1,0,0,0,0,1,1,6,6,1,44,7,1998,1,3,BMW X3,4,E01001511,0,1
2024211436747,2024,211436747,1,9,0,-1,19,7,3,-1,0,0,0,0,0,0,2,1,-1,9,2,48,8,1998,8,2,BMW X3,8,E01009908,0,2
2024041495496,2024,041495496,2,9,0,-1,4,3,7,-1,0,0,0,0,0,0,2,1,-1,2,1,40,7,1995,2,16,BMW X3,4,E01025427,0,1
2024201440452,2024,201440452,1,9,0,-1,9,2,8,-1,0,6,0,0,0,0,1,1,-1,7,2,53,8,1995,2,5,BMW X3,-1,-1,0,-1
2024461511642,2024,461511642,1,9,0,-1,19,2,5,-1,0,0,5,0,0,0,4,1,-1,9,2,63,9,1995,2,8,BMW X3,5,E01024528,0,3
2024991450480,2024,991450480,2,9,0,-1,19,7,3,-1,0,0,0,0,0,0,1,1,-1,9,1,36,7,2993,2,17,BMW X3,8,-1,0,1
2024430549451,2024,430549451,2,9,0,3,3,4,6,0,0,1,0,0,0,0,2,1,6,6,2,43,7,1995,2,16,BMW X3,6,E01016719,0,1
2024440467232,2024,440467232,2,9,0,18,19,5,1,0,0,0,0,0,0,0,1,1,6,6,1,44,7,1995,12,3,BMW X3,8,E01000791,0,4
2024421478541,2024,421478541,1,9,0,-1,19,6,2,-1,9,0,0,0,0,0,1,1,-1,9,2,60,9,1995,2,11,BMW X3,2,E01021969,0,3
2024070207670,2024,070207670,1,9,0,18,19,1,5,0,0,0,0,0,0,0,1,1,2,2,1,52,8,1995,2,12,BMW X3,7,E01018540,0,2
2024231410307,2024,231410307,1,9,0,-1,5,6,2,-1,0,0,0,99,0,0,4,9,-1,6,1,75,10,1998,8,1,BMW X3,10,E01017757,0,4
2024201467622,2024,201467622,3,9,0,-1,19,3,3,-1,0,0,0,0,0,0,1,1,-1,9,1,32,6,1998,1,5,BMW X3,-1,-1,0,-1
2024451435044,2024,451435044,1,9,0,-1,3,1,5,-1,0,0,0,0,0,0,2,1,-1,6,1,72,10,1995,2,8,BMW X3,10,E01030776,0,1
2024401495451,2024,401495451,4,9,0,-1,4,7,3,-1,0,0,0,0,0,0,2,1,-1,1,1,60,9,2993,2,10,BMW X3,9,E01017381,0,1
2024461476307,2024,461476307,1,9,0,-1,19,7,3,-1,0,0,5,7,0,0,1,1,-1,6,1,28,6,1995,2,12,BMW X3,1,E01024498,0,4
2024440546945,2024,440546945,1,9,0,17,19,7,3,0,0,4,0,0,0,0,3,1,2,2,1,65,9,1995,2,7,BMW X3,2,E01017266,0,2
2024622400416,2024,622400416,1,8,0,18,19,4,8,0,0,3,0,0,0,0,1,1,6,6,1,36,7,1995,12,4,BMW X3,10,W01000872,0,1
2024440204545,2024,440204545,2,9,0,5,5,1,5,0,0,6,0,0,0,0,0,1,6,6,1,58,9,1998,1,5,BMW X3,7,E01022569,0,1
2024010539081,2024,010539081,1,9,0,9,9,1,6,0,0,8,0,0,0,0,1,1,6,6,1,24,5,2494,1,20,BMW X3,2,E01000533,0,1
2024041488287,2024,041488287,1,9,0,-1,19,1,5,-1,0,2,0,0,0,0,1,1,-1,9,1,45,7,1995,2,12,BMW X3,2,E01012677,0,1
2024211528275,2024,211528275,2,9,0,-1,19,7,3,-1,0,3,0,0,0,0,2,2,-1,6,1,29,6,2993,1,5,BMW X3,-1,-1,0,-1
2024061487732,2024,061487732,1,9,0,-1,19,3,7,-1,0,8,9,0,0,0,4,1,-1,2,2,35,6,1995,12,3,BMW X3,1,E01006270,0,2
2024430442806,2024,430442806,2,9,0,18,19,8,4,0,0,8,5,10,0,0,3,1,6,6,1,34,6,2993,2,5,BMW X3,9,E01030716,0,4
2024201451513,2024,201451513,1,9,0,-1,19,4,8,-1,0,0,0,4,0,0,1,9,-1,6,1,18,4,2998,1,5,BMW X3,-1,-1,0,-1
2024201488231,2024,201488231,1,9,0,-1,9,2,8,-1,0,6,0,0,0,0,4,1,-1,6,1,32,6,2993,1,2,BMW X3,9,E01031082,0,3
2024141420432,2024,141420432,1,9,0,-1,19,6,2,-1,0,8,0,0,0,0,1,1,-1,6,2,43,7,1995,2,5,BMW X3,8,E01007988,0,1
2024531522598,2024,531522598,1,9,0,-1,9,5,3,-1,0,1,0,0,0,0,1,1,-1,6,1,53,8,1998,8,3,BMW X3,-1,-1,0,-1
2024041527917,2024,041527917,1,9,0,-1,9,5,2,-1,0,1,0,0,0,0,2,1,-1,2,2,33,6,1995,2,14,BMW X3,9,E01025165,0,1
2024010520563,2024,010520563,2,9,0,17,19,3,7,0,0,8,0,0,0,0,4,1,6,6,1,25,5,2993,1,0,BMW X3,3,E01003056,0,1
2024010490818,2024,010490818,2,9,0,9,9,1,7,0,0,8,0,0,0,0,1,1,6,6,1,62,9,2494,1,20,BMW X3,9,E01003400,0,1
2024201460186,2024,201460186,5,9,0,-1,2,0,0,-1,0,0,0,0,0,0,3,1,-1,6,-1,-1,-1,2993,2,19,BMW X3,-1,-1,0,-1
2024371531638,2024,371531638,2,9,0,-1,19,1,5,-1,0,1,0,0,7,0,1,1,-1,6,1,32,6,2998,1,6,BMW X3,5,E01026940,0,3
2024501431337,2024,501431337,1,9,0,-1,7,7,3,-1,0,1,5,0,0,0,4,1,-1,6,1,25,5,1995,2,8,BMW X3,6,E01018835,0,4
2024010519594,2024,010519594,1,9,0,9,9,3,8,0,0,8,0,0,0,0,1,1,3,7,2,40,7,2993,2,12,BMW X3,5,E01001853,0,1
2024461444742,2024,461444742,1,9,0,-1,4,3,3,-1,0,2,0,0,0,0,4,1,-1,9,2,68,10,1995,2,8,BMW X3,6,E01027479,0,5
2024101462606,2024,101462606,2,9,0,-1,5,5,1,-1,0,1,0,0,0,0,4,1,-1,2,1,50,8,2993,2,18,BMW X3,7,E01008500,0,1
2024122400402,2024,122400402,1,9,0,4,4,8,4,0,0,0,0,0,0,0,1,1,6,6,1,21,5,1995,2,18,BMW X3,9,E01027687,0,4
2024622400492,2024,622400492,4,9,0,3,3,8,4,0,0,1,0,0,0,0,2,1,6,6,2,51,8,1995,2,11,BMW X3,9,W01001851,0,1
2024010548243,2024,010548243,1,9,0,99,99,9,9,99,99,9,9,99,9,99,2,9,6,6,2,52,8,1998,1,5,BMW X3,9,E01004596,0,3
2024010529638,2024,010529638,1,9,0,99,99,9,9,99,99,9,9,99,9,99,2,9,6,6,2,43,7,1995,2,7,BMW X3,3,E01000403,0,2
2024041463290,2024,041463290,1,9,0,-1,19,1,5,-1,0,0,0,0,5,0,2,1,-1,9,2,66,10,1995,2,9,BMW X3,5,E01004981,0,2
2024371469684,2024,371469684,2,9,0,-1,1,1,4,-1,9,0,0,0,0,0,4,1,-1,9,1,54,8,1995,2,7,BMW X3,4,E01030257,0,1
2024231425694,2024,231425694,1,9,0,-1,19,6,2,-1,0,0,0,0,0,0,1,1,-1,9,1,34,6,2993,1,5,BMW X3,2,E01009609,0,4
2024111420623,2024,111420623,2,9,0,-1,10,8,5,-1,0,1,0,0,0,0,3,1,-1,9,2,42,7,1995,12,3,BMW X3,7,E01008197,0,4
2024531436615,2024,531436615,1,9,0,-1,19,4,8,-1,0,0,2,0,7,0,1,1,-1,2,1,43,7,1995,2,11,BMW X3,8,E01022447,0,4
2024161430444,2024,161430444,2,9,0,-1,19,3,7,-1,0,0,0,0,0,0,1,9,-1,6,2,32,6,1995,2,15,BMW X3,-1,-1,0,-1
2024010504321,2024,010504321,1,9,0,18,19,2,6,0,0,8,0,0,0,0,0,1,4,7,1,49,8,2993,12,0,BMW X3,2,E01003239,0,1
2024201484792,2024,201484792,1,9,0,-1,20,2,6,-1,0,0,0,7,0,0,1,1,-1,6,1,84,11,1998,8,2,BMW X3,9,E01010175,0,1
2024411458217,2024,411458217,4,9,0,-1,3,5,1,-1,0,0,0,0,0,0,4,1,-1,6,1,64,9,1995,2,12,BMW X3,9,E01023653,0,3
2024401519804,2024,401519804,1,9,0,-1,19,1,5,-1,0,0,0,0,0,0,2,1,-1,6,2,50,8,2993,2,19,BMW X3,7,E01033818,0,1
2024471418261,2024,471418261,2,9,0,-1,19,5,1,-1,0,0,0,0,0,0,2,1,-1,1,1,43,7,2998,1,4,BMW X3,10,E01031734,0,3
2024451492137,2024,451492137,2,9,0,-1,99,3,7,-1,0,8,0,99,0,0,9,2,-1,6,2,25,5,1998,8,4,BMW X3,-1,-1,0,-1
2024451496375,2024,451496375,1,9,0,-1,19,6,2,-1,0,1,0,0,0,0,1,1,-1,6,1,44,7,1995,2,11,BMW X3,6,E01003936,0,4
2024430459990,2024,430459990,2,9,0,3,3,6,2,0,0,1,0,0,0,0,2,1,6,6,1,71,10,1995,2,7,BMW X3,8,E01022536,0,3
2024361484940,2024,361484940,2,9,0,-1,19,1,5,-1,0,1,0,0,0,0,1,1,-1,6,1,32,6,1995,2,17,BMW X3,7,E01026903,0,1
2024311408429,2024,311408429,1,9,0,-1,4,5,2,-1,0,4,0,0,0,0,1,9,-1,6,1,71,10,1995,2,19,BMW X3,6,E01028034,0,1
2024302400907,2024,302400907,1,9,0,5,5,3,7,0,0,8,1,0,7,0,4,1,6,6,1,39,7,1995,2,4,BMW X3,8,E01019874,0,1
2024991514736,2024,991514736,1,9,0,-1,4,7,3,-1,0,0,0,0,0,0,1,1,-1,6,2,42,7,1995,12,3,BMW X3,9,-1,0,4
2024451452714,2024,451452714,2,9,0,-1,3,1,5,-1,0,8,0,0,0,0,3,1,-1,6,2,29,6,1998,8,4,BMW X3,8,E01016180,0,2
2024311416859,2024,311416859,2,9,0,-1,19,6,1,-1,0,8,0,0,1,0,4,1,-1,6,2,58,9,1995,2,12,BMW X3,10,E01025676,0,4
2024320733879,2024,320733879,1,9,0,-1,-1,8,4,0,0,0,1,0,1,4,1,1,6,6,1,-1,-1,1995,2,18,BMW X3,-1,-1,0,-1
2024010541133,2024,010541133,1,9,0,10,10,7,4,0,0,8,0,0,0,0,1,1,6,6,1,60,9,1995,2,9,BMW X3,-1,-1,0,-1
2024211486179,2024,211486179,2,9,0,-1,5,6,3,-1,0,2,0,0,0,0,3,1,-1,6,1,37,7,1995,2,7,BMW X3,-1,-1,0,-1
2024311461324,2024,311461324,1,9,0,-1,19,7,3,-1,0,8,0,7,0,0,1,1,-1,6,1,74,10,1995,2,10,BMW X3,4,E01027945,0,3
2024351409219,2024,351409219,1,9,0,-1,-1,-1,-1,-1,-1,0,0,0,0,0,1,9,-1,6,2,71,10,1995,12,2,BMW X3,4,E01026660,0,1
2024010543617,2024,010543617,2,9,0,99,99,9,9,99,99,9,9,99,9,99,1,9,6,6,3,-1,-1,2993,1,5,BMW X3,-1,-1,0,-1
2024451509677,2024,451509677,1,9,0,-1,13,3,7,-1,0,0,0,0,0,0,1,1,-1,9,2,55,8,2993,2,6,BMW X3,9,E01030893,0,1
2024320764497,2024,320764497,2,9,0,7,7,4,8,0,0,6,0,0,0,0,2,1,-1,-1,1,46,8,2993,2,18,BMW X3,5,E01008024,0,5
2024010496783,2024,010496783,2,9,0,9,9,7,5,0,0,8,0,0,0,0,1,1,3,7,2,26,6,1995,2,8,BMW X3,3,E01000009,0,1
2024010546190,2024,010546190,2,9,0,99,99,9,9,99,99,0,9,99,9,99,2,9,6,6,3,69,10,1995,2,12,BMW X3,6,E01002834,0,1
2024430079320,2024,430079320,2,9,0,1,1,6,2,0,0,1,0,0,0,0,2,1,6,6,1,-1,-1,1995,2,7,BMW X3,-1,-1,0,-1
2024351514841,2024,351514841,1,9,0,-1,19,5,1,-1,0,0,0,0,0,0,1,1,-1,2,1,31,6,1995,2,13,BMW X3,7,E01035393,0,4
2024461509316,2024,461509316,2,9,0,-1,19,3,7,-1,0,0,0,0,0,0,2,1,-1,9,1,31,6,1995,2,9,BMW X3,-1,-1,0,-1
2024991450939,2024,991450939,3,9,0,-1,4,6,2,-1,0,1,0,0,0,0,1,1,-1,6,2,40,7,1995,2,17,BMW X3,8,-1,0,3
2024411528702,2024,411528702,3,9,0,-1,4,3,7,-1,0,0,1,1,0,0,1,1,-1,9,1,32,6,1995,2,9,BMW X3,9,E01022063,0,2
2024461410426,2024,461410426,3,9,0,-1,3,4,8,-1,0,3,0,0,0,0,1,9,-1,6,1,57,9,1995,2,8,BMW X3,2,E01024476,0,1
2024340WN4552,2024,340WN4552,2,9,0,-1,4,5,1,-1,0,0,0,0,0,0,2,1,-1,2,2,28,6,1998,8,0,BMW X3,8,E01009559,0,4
2024471437140,2024,471437140,2,9,0,-1,19,6,2,-1,0,0,0,0,1,10,1,1,-1,1,1,65,9,1995,2,11,BMW X3,5,E01031498,0,2
2024052402254,2024,052402254,1,9,0,9,9,1,6,0,0,6,0,0,0,0,1,1,2,2,2,55,8,1998,8,0,BMW X3,7,E01007316,0,2
2024201426768,2024,201426768,2,9,0,-1,19,7,7,-1,0,1,0,0,0,0,4,9,-1,9,1,61,9,1995,2,4,BMW X3,7,E01009643,0,1
2024010531290,2024,010531290,3,9,0,2,2,0,0,0,0,0,0,0,0,0,1,1,6,6,3,-1,-1,1998,8,1,BMW X3,-1,-1,0,-1
2024201435131,2024,201435131,2,9,0,-1,7,8,2,-1,0,0,0,0,0,0,4,9,-1,1,1,42,7,2993,1,2,BMW X3,4,E01009138,0,1
2024340NN2752,2024,340NN2752,2,9,0,-1,9,7,5,-1,0,1,0,0,0,0,3,1,-1,6,2,41,7,1995,2,12,BMW X3,1,E01027168,0,4
2024010499923,2024,010499923,2,9,0,1,1,9,9,99,99,9,9,99,9,99,9,9,6,6,3,-1,-1,1995,2,7,BMW X3,-1,-1,0,-1
2024161532068,2024,161532068,1,9,0,-1,9,4,2,-1,0,5,0,0,0,0,1,1,-1,9,1,71,10,1995,2,12,BMW X3,1,E01012787,0,3
2024631517319,2024,631517319,1,9,0,-1,13,6,2,-1,0,0,0,0,0,0,1,1,-1,6,1,29,6,2993,2,9,BMW X3,3,E01005149,0,5
2024421492819,2024,421492819,1,9,0,-1,4,1,5,-1,0,0,0,0,0,0,1,1,-1,6,1,91,11,1995,2,9,BMW X3,7,E01003285,0,3
2024010521475,2024,010521475,1,9,5,9,9,3,1,0,0,5,0,0,3,0,4,1,2,2,1,32,6,2494,1,20,BMW X3,2,E01001332,0,2
2024461407896,2024,461407896,1,9,0,-1,7,7,3,-1,0,6,0,0,0,0,1,9,-1,9,2,31,6,1995,2,11,BMW X3,4,E01024698,0,2
2024451508240,2024,451508240,1,9,0,-1,19,5,1,-1,0,2,0,0,0,0,4,1,-1,2,2,61,9,1995,2,10,BMW X3,10,E01030606,0,1
2024340WN7202,2024,340WN7202,1,9,0,-1,7,7,1,-1,0,8,0,0,0,0,4,1,-1,6,3,-1,-1,1995,2,10,BMW X3,-1,-1,0,-1
2024351503337,2024,351503337,2,9,0,-1,4,5,1,-1,0,0,0,0,0,0,4,1,-1,6,2,44,7,2993,2,11,BMW X3,5,E01021415,0,4
2024052400970,2024,052400970,2,9,0,4,4,5,1,0,0,0,0,0,0,0,2,1,6,6,1,31,6,1995,2,12,BMW X3,2,E01014247,0,4
2024522402712,2024,522402712,1,9,0,4,4,3,7,0,0,1,0,0,0,0,2,1,6,6,1,44,7,1995,2,12,BMW X3,10,E01025970,0,5
2024201534783,2024,201534783,2,9,0,-1,3,5,1,-1,0,0,0,0,0,0,3,1,-1,9,1,45,7,1995,2,17,BMW X3,8,E01009728,0,2
2024302400547,2024,302400547,2,9,0,18,19,4,8,0,0,8,0,0,0,0,1,1,2,2,1,61,9,1995,2,11,BMW X3,7,E01029491,0,4
2024631518429,2024,631518429,1,9,0,-1,19,3,7,-1,0,0,5,4,0,0,1,1,-1,6,3,-1,-1,2993,2,17,BMW X3,-1,-1,0,-1
2024010524180,2024,010524180,1,9,0,99,99,9,9,99,99,6,9,99,9,99,9,9,6,6,2,50,8,1995,12,1,BMW X3,6,E01001917,0,1
2024131481170,2024,131481170,1,9,0,-1,9,1,5,-1,0,8,0,0,0,0,4,1,-1,6,1,29,6,1995,2,10,BMW X3,1,E01033691,0,1
2024471486868,2024,471486868,2,9,0,-1,5,2,6,-1,0,1,0,0,0,0,1,1,-1,2,1,72,10,1995,2,11,BMW X3,6,E01035325,0,1
2024141447139,2024,141447139,2,9,0,-1,7,8,2,-1,0,1,0,0,0,0,1,1,-1,9,1,78,11,1995,2,8,BMW X3,3,E01034258,0,4
2024471431187,2024,471431187,1,9,0,-1,9,1,7,-1,0,8,0,0,0,0,1,1,-1,9,1,65,9,1995,2,9,BMW X3,10,E01031690,0,1
2024231422409,2024,231422409,1,9,0,-1,4,3,7,-1,0,0,0,0,0,0,1,9,-1,9,1,51,8,1998,8,0,BMW X3,8,E01031083,0,1
2024501417370,2024,501417370,1,9,0,-1,12,3,6,-1,0,0,0,0,0,0,1,1,-1,9,1,75,10,1995,2,10,BMW X3,2,E01015073,0,1
2024411541307,2024,411541307,1,9,0,-1,4,-1,-1,-1,0,0,0,0,0,0,1,9,-1,6,1,61,9,2494,1,18,BMW X3,6,E01035563,0,1
2024141535346,2024,141535346,2,9,0,-1,4,1,5,-1,0,0,0,0,0,0,1,1,-1,9,1,40,7,1995,2,14,BMW X3,6,E01031085,0,5
2024401400306,2024,401400306,2,9,0,-1,3,2,6,-1,0,0,0,0,0,0,3,9,-1,2,2,37,7,1995,2,13,BMW X3,5,E01034427,0,2
2024061412267,2024,061412267,1,9,-1,-1,-1,-1,-1,-1,-1,0,-1,-1,-1,0,-1,9,-1,6,3,28,6,1995,2,9,BMW X3,3,E01004905,0,1
2024010544323,2024,010544323,2,9,0,99,99,9,9,99,99,9,9,99,9,99,9,9,6,6,3,-1,-1,1995,2,5,BMW X3,5,E01035486,0,1
2024010490154,2024,010490154,2,9,0,18,19,2,6,0,0,1,0,0,0,0,1,1,6,6,1,37,7,1995,2,10,BMW X3,3,E01002603,0,1
2024552401203,2024,552401203,1,9,0,5,5,3,7,0,0,8,0,0,0,0,4,1,6,6,1,41,7,1995,2,8,BMW X3,10,E01014091,0,5
2024010545578,2024,010545578,2,9,0,18,19,3,7,0,0,0,0,0,0,0,1,2,6,6,2,46,8,2993,12,3,BMW X3,10,E01003008,0,1
2024471476763,2024,471476763,2,9,0,-1,19,1,5,-1,0,1,0,0,0,0,4,1,-1,2,1,50,8,1995,2,7,BMW X3,9,E01031356,0,2
2024161434722,2024,161434722,1,9,0,-1,19,3,7,-1,0,1,0,0,0,0,1,1,-1,7,2,36,7,1995,2,12,BMW X3,7,E01013307,0,1
2024311455287,2024,311455287,1,9,0,-1,1,4,6,-1,0,1,0,0,0,0,2,1,-1,6,1,48,8,1995,2,12,BMW X3,3,E01013944,0,1
2024010505623,2024,010505623,2,9,0,9,9,7,5,0,0,5,0,0,0,0,3,1,6,6,1,30,6,2979,7,20,BMW X3,6,E01032789,0,1
2024061404160,2024,061404160,1,9,0,-1,9,-1,-1,-1,0,0,0,0,0,0,0,9,-1,6,3,-1,-1,1995,2,9,BMW X3,-1,-1,0,-1
2024201502369,2024,201502369,2,9,0,-1,4,5,1,-1,0,1,0,0,0,0,1,9,-1,6,1,46,8,1995,2,17,BMW X3,3,E01010099,0,1
2024010536226,2024,010536226,1,9,0,99,99,9,9,99,99,9,9,99,9,99,1,9,6,6,3,-1,-1,1998,1,5,BMW X3,-1,-1,0,-1
2024461431369,2024,461431369,1,9,0,-1,19,3,7,-1,9,8,0,4,0,0,1,1,-1,2,1,38,7,2494,1,20,BMW X3,-1,-1,0,-1
2024546753624,2024,546753624,1,9,0,5,5,1,5,9,9,6,0,0,0,0,1,1,6,6,2,41,7,1995,2,8,BMW X3,6,E01031848,0,1
2024122400615,2024,122400615,1,9,0,17,19,7,3,0,0,0,0,0,0,0,1,1,6,6,1,45,7,2979,1,19,BMW X3,6,E01009292,0,5
2024111510495,2024,111510495,2,9,0,-1,19,8,4,-1,0,0,0,0,0,0,3,1,-1,9,2,61,9,1995,2,12,BMW X3,2,E01020792,0,1
2024141575258,2024,141575258,3,9,0,-1,19,7,3,-1,0,0,0,0,0,0,1,1,-1,6,1,23,5,2993,2,11,BMW X3,9,E01035479,0,4
2024010514173,2024,010514173,1,9,0,99,99,9,9,99,99,9,9,99,9,99,9,9,6,6,2,42,7,2993,2,5,BMW X3,6,E01004608,0,2
2024302401639,2024,302401639,3,9,0,-1,19,3,7,-1,0,1,0,0,0,0,1,2,-1,6,1,50,8,1995,2,8,BMW X3,10,E01013539,0,1
2024430049582,2024,430049582,1,9,0,9,9,3,1,0,0,6,0,0,0,0,4,1,2,2,2,46,8,1995,12,3,BMW X3,3,E01016449,0,1
2024010519601,2024,010519601,1,9,0,99,99,9,9,99,99,9,9,99,9,99,9,9,6,6,1,38,7,1995,2,8,BMW X3,4,E01000408,0,1
2024061511335,2024,061511335,1,9,0,-1,5,6,2,-1,0,0,0,0,0,0,1,1,-1,1,2,42,7,1995,2,9,BMW X3,4,E01033994,0,3
2024010512692,2024,010512692,2,9,0,99,99,9,9,99,99,0,9,99,9,99,2,9,6,6,3,43,7,1995,2,8,BMW X3,9,E01004136,0,1
2024131514003,2024,131514003,1,9,0,-1,19,3,7,-1,0,0,0,0,0,0,1,1,-1,9,2,49,8,2993,2,9,BMW X3,1,E01010611,0,1
2024311405894,2024,311405894,1,9,0,-1,19,3,7,-1,0,6,0,0,0,0,1,1,-1,6,1,28,6,1995,-1,3,BMW X3,7,E01028402,0,1
2024361502595,2024,361502595,1,9,0,-1,19,7,3,-1,0,0,0,0,0,0,1,1,-1,9,1,78,11,1995,2,14,BMW X3,4,E01030219,0,4
2024471512673,2024,471512673,1,9,0,-1,5,3,7,-1,0,6,0,0,0,0,4,1,-1,9,2,66,10,1998,1,5,BMW X3,8,E01031542,0,1
2024361535996,2024,361535996,1,9,0,-1,19,7,3,-1,0,1,0,0,0,0,3,1,-1,6,2,56,9,1998,8,1,BMW X3,9,E01023352,0,5
2024991520336,2024,991520336,1,9,0,-1,19,3,6,-1,0,0,1,0,7,0,1,1,-1,2,1,21,5,1995,2,19,BMW X3,1,-1,0,1
2024361514978,2024,361514978,1,9,0,-1,9,1,7,-1,0,8,0,0,0,0,1,1,-1,9,1,45,7,1998,8,1,BMW X3,8,E01026921,0,4
2024010541397,2024,010541397,1,9,0,3,3,3,7,0,0,2,0,0,0,0,2,1,6,6,1,58,9,2494,1,20,BMW X3,4,E01001463,0,3
2024201455379,2024,201455379,2,9,0,-1,7,6,1,-1,0,6,0,0,0,0,9,1,-1,6,1,-1,-1,1995,2,5,BMW X3,-1,-1,0,-1
2024430137413,2024,430137413,1,9,0,9,9,6,4,0,0,1,0,0,0,0,1,1,1,1,1,52,8,1998,1,3,BMW X3,10,E01022138,0,4
2024461531251,2024,461531251,1,9,0,-1,99,5,1,-1,0,0,0,0,0,0,0,9,-1,6,1,42,7,1995,1,18,BMW X3,4,E01024293,0,1
2024991406144,2024,991406144,2,9,0,-1,19,6,2,-1,0,0,0,0,0,0,2,1,-1,9,1,54,8,2993,12,3,BMW X3,4,-1,0,4
2024302401354,2024,302401354,1,9,0,9,9,1,7,0,0,8,0,0,1,1,1,1,6,6,2,25,5,2000,2,14,BMW X3,7,E01013712,0,4