collision_index,collision_year,collision_ref_no,vehicle_reference,vehicle_type,towing_and_articulation,vehicle_manoeuvre_historic,vehicle_manoeuvre,vehicle_direction_from,vehicle_direction_to,vehicle_location_restricted_lane_historic,vehicle_location_restricted_lane,junction_location,skidding_and_overturning,hit_object_in_carriageway,vehicle_leaving_carriageway,hit_object_off_carriageway,first_point_of_impact,vehicle_left_hand_drive,journey_purpose_of_driver_historic,journey_purpose_of_driver,sex_of_driver,age_of_driver,age_band_of_driver,engine_capacity_cc,propulsion_code,age_of_vehicle,generic_make_model,driver_imd_decile,lsoa_of_driver,escooter_flag,driver_distance_banding
2024471500042,2024,471500042,2,9,0,-1,19,1,5,-1,0,4,0,0,0,0,4,2,-1,9,1,57,9,1995,2,11,BMW X3,5,E01031392,0,1
2024131457170,2024,131457170,1,9,0,-1,19,3,7,-1,0,0,0,0,0,0,1,1,-1,6,3,-1,-1,2993,2,7,BMW X3,-1,-1,0,-1
2024430553940,2024,430553940,3,9,0,4,4,3,7,0,0,0,0,0,0,0,2,1,6,6,2,45,7,1995,2,12,BMW X3,-1,-1,0,-1
2024520500322,2024,520500322,1,9,0,1,1,2,6,0,0,0,0,0,0,0,2,1,6,6,1,43,7,1995,2,7,BMW X3,6,E01029080,0,1
2024520001415,2024,520001415,3,9,0,18,19,6,2,0,0,2,0,0,0,0,4,1,6,6,1,35,6,1995,12,4,BMW X3,10,E01031929,0,2
2024471495440,2024,471495440,2,9,0,-1,1,1,5,-1,5,0,0,0,0,0,2,1,-1,6,1,51,8,1995,2,18,BMW X3,7,E01024789,0,4
2024552400431,2024,552400431,3,9,0,18,19,2,6,0,0,0,0,0,0,0,1,1,6,6,2,49,8,1995,2,6,BMW X3,10,E01030898,0,5
2024401531534,2024,401531534,2,9,0,-1,19,1,5,-1,0,0,1,0,0,0,1,1,-1,6,2,42,7,1995,2,11,BMW X3,3,E01017562,0,1
2024991461271,2024,991461271,1,9,0,-1,15,6,2,-1,0,0,1,0,0,0,1,1,-1,6,1,54,8,1995,2,16,BMW X3,-1,-1,0,-1
2024061430668,2024,061430668,1,9,0,-1,19,3,7,-1,0,2,0,0,7,11,1,1,-1,6,2,17,4,2000,2,14,BMW X3,1,E01005638,0,3
2024991457344,2024,991457344,3,9,0,-1,3,3,7,-1,0,1,0,0,0,0,2,1,-1,2,1,43,7,1998,8,0,BMW X3,9,-1,0,2
2024010521187,2024,010521187,3,9,0,2,2,0,0,0,0,1,0,4,0,0,1,1,6,6,3,-1,-1,1995,2,4,BMW X3,-1,-1,0,-1
2024622400468,2024,622400468,3,9,0,4,4,1,5,0,0,0,0,0,0,0,1,1,6,6,1,39,7,1995,2,13,BMW X3,6,W01001520,0,4
2024440031500,2024,440031500,1,9,0,18,19,8,4,0,0,0,0,0,1,9,1,1,6,6,1,36,7,1995,2,13,BMW X3,10,E01023043,0,4
2024101480728,2024,101480728,1,9,0,-1,9,5,3,-1,0,8,0,0,0,0,1,1,-1,6,2,34,6,1995,-1,3,BMW X3,7,E01008500,0,1
2024141494289,2024,141494289,2,9,0,-1,15,2,6,-1,0,0,0,0,0,0,4,1,-1,9,1,59,9,1995,2,8,BMW X3,8,E01023433,0,5
2024052400509,2024,052400509,2,9,0,18,19,2,6,0,0,0,0,0,0,0,2,1,6,6,2,44,7,1995,2,8,BMW X3,1,E01006630,0,1
2024430043335,2024,430043335,2,9,0,8,8,6,1,0,0,1,0,0,0,0,2,1,6,6,1,35,6,1995,2,8,BMW X3,10,E01028613,0,1
2024371505178,2024,371505178,1,9,0,-1,19,8,3,-1,0,0,5,0,2,0,1,1,-1,9,1,24,5,1995,2,17,BMW X3,5,E01033448,0,3
2024411486347,2024,411486347,1,9,0,-1,19,5,1,-1,0,0,0,0,0,0,4,1,-1,9,2,50,8,1995,2,4,BMW X3,10,E01023443,0,1
2024141429412,2024,141429412,1,9,0,-1,19,5,1,-1,0,0,2,0,1,7,1,1,-1,9,1,66,10,1995,2,18,BMW X3,8,E01007381,0,4
2024440323424,2024,440323424,1,9,0,16,19,3,6,0,0,8,0,0,1,7,1,1,6,6,1,29,6,2993,2,7,BMW X3,10,E01023214,0,4
2024010524944,2024,010524944,2,9,0,11,11,9,9,99,99,0,9,99,9,99,9,9,6,6,3,-1,-1,1995,-1,3,BMW X3,-1,-1,0,-1
2024631520636,2024,631520636,1,9,0,-1,19,7,3,-1,0,0,0,0,0,0,1,1,-1,9,2,62,9,1995,12,3,BMW X3,5,W01000541,0,4
2024010540222,2024,010540222,2,9,0,99,99,9,9,99,99,9,9,99,9,99,1,9,6,6,3,-1,-1,1995,2,9,BMW X3,2,E01033926,0,1
2024461496950,2024,461496950,3,9,0,-1,3,7,3,-1,0,0,0,0,0,0,2,1,-1,9,1,46,8,1998,1,5,BMW X3,9,E01000444,0,1
2024131476155,2024,131476155,1,9,0,-1,2,5,1,-1,0,2,0,0,0,0,3,1,-1,2,1,64,9,1995,2,20,BMW X3,1,E01011659,0,2
2024401417510,2024,401417510,2,9,0,-1,2,0,0,-1,0,0,0,0,0,0,2,1,-1,6,-1,-1,-1,1995,2,12,BMW X3,-1,-1,0,-1
2024201448837,2024,201448837,1,9,0,-1,4,2,6,-1,0,1,0,0,0,0,2,1,-1,9,1,31,6,1995,2,9,BMW X3,5,E01027972,0,4
2024471444909,2024,471444909,2,9,0,-1,19,6,2,-1,0,8,0,0,0,0,4,1,-1,9,1,34,6,1995,2,7,BMW X3,9,E01016980,0,1
2024010547808,2024,010547808,1,9,0,18,19,5,1,0,0,3,0,0,0,0,4,1,2,2,1,35,6,1995,2,7,BMW X3,-1,-1,0,-1
2024411450354,2024,411450354,4,9,0,-1,2,0,0,-1,0,0,0,0,0,0,1,1,-1,6,2,51,8,1995,-1,3,BMW X3,4,E01023584,0,1
2024547667524,2024,547667524,1,9,0,18,19,2,6,0,0,0,0,0,0,0,1,1,6,6,1,32,6,2993,1,5,BMW X3,6,E01015574,0,1
2024311438111,2024,311438111,1,9,0,-1,19,2,6,-1,0,1,0,4,0,0,1,1,-1,9,2,28,6,1995,2,5,BMW X3,3,E01033769,0,2
2024421430598,2024,421430598,1,9,0,-1,19,7,3,-1,0,0,0,0,1,0,1,1,-1,9,2,52,8,1995,2,7,BMW X3,-1,-1,0,-1
2024211434887,2024,211434887,1,9,0,-1,5,1,2,-1,0,3,0,0,0,0,4,1,-1,9,1,50,8,1998,8,2,BMW X3,-1,-1,0,-1
2024522401723,2024,522401723,1,9,0,3,3,2,6,0,0,8,0,0,0,0,2,1,6,6,1,42,7,2494,1,20,BMW X3,1,E01032514,0,2
2024010521975,2024,010521975,1,9,0,18,19,7,3,0,0,1,0,0,0,0,2,1,6,6,2,33,6,1995,2,6,BMW X3,2,E01004264,0,1
2024131458754,2024,131458754,2,9,0,-1,19,3,7,-1,0,0,0,0,0,0,4,1,-1,9,1,30,6,1995,2,9,BMW X3,3,E01011105,0,2
2024471501179,2024,471501179,1,9,0,-1,7,3,7,-1,0,0,0,0,0,0,4,2,-1,9,1,49,8,1995,2,5,BMW X3,9,E01016980,0,1
2024361518710,2024,361518710,1,9,0,-1,9,5,2,-1,0,6,0,0,0,0,4,1,-1,9,1,73,10,1995,-1,0,BMW X3,4,E01030285,0,2
2024552401132,2024,552401132,1,9,0,18,19,8,4,0,0,8,0,0,0,0,1,1,6,6,2,63,9,1995,2,13,BMW X3,9,E01015360,0,1
2024351423040,2024,351423040,2,9,0,-1,3,1,3,-1,0,0,0,0,0,0,2,1,-1,9,2,53,8,1995,2,4,BMW X3,6,E01035549,0,4
2024552401251,2024,552401251,2,9,0,2,2,0,0,9,9,0,0,0,0,0,2,1,6,6,3,-1,-1,1995,2,13,BMW X3,-1,-1,0,-1
2024201457452,2024,201457452,1,9,0,-1,19,2,6,-1,0,0,0,0,0,0,1,9,-1,7,2,42,7,1995,2,7,BMW X3,9,E01009457,0,1
2024440433581,2024,440433581,1,9,0,18,19,7,3,0,0,0,0,0,0,0,1,1,6,6,1,37,7,2993,2,19,BMW X3,2,E01017115,0,1
2024520403450,2024,520403450,1,9,0,5,5,1,5,0,0,0,0,0,0,0,1,1,6,6,2,62,9,1995,2,5,BMW X3,6,E01029057,0,1
2024531529847,2024,531529847,2,9,0,-1,10,5,1,-1,0,1,0,0,0,0,2,1,-1,9,1,51,8,1995,2,7,BMW X3,7,E01034522,0,3
2024430072998,2024,430072998,2,9,0,18,19,8,4,0,0,8,0,0,0,0,2,1,6,6,2,29,6,1995,2,19,BMW X3,6,E01016287,0,1
202460Q175871,2024,60Q175871,1,9,0,16,19,6,2,0,0,0,2,0,7,3,4,1,2,2,1,28,6,1995,2,18,BMW X3,-1,-1,0,-1
2024440292019,2024,440292019,1,9,0,18,19,1,5,0,0,4,0,0,0,0,3,1,6,6,2,36,7,1995,2,10,BMW X3,10,E01022885,0,1
2024501397403,2024,501397403,3,9,0,-1,19,6,1,-1,0,0,0,0,0,0,3,1,-1,6,2,31,6,1995,2,10,BMW X3,5,E01034643,0,3
2024010547834,2024,010547834,1,9,0,18,19,1,5,9,9,6,0,4,2,11,2,1,6,6,1,22,5,2993,1,5,BMW X3,2,E01015705,0,4
2024421528683,2024,421528683,2,9,-1,-1,2,0,0,-1,0,-1,0,0,0,0,-1,9,-1,6,3,-1,-1,2993,2,12,BMW X3,-1,-1,0,-1
2024401536211,2024,401536211,1,9,0,-1,3,1,5,-1,0,0,0,0,0,0,1,1,-1,9,1,77,11,1998,8,3,BMW X3,10,E01023802,0,4
2024451442806,2024,451442806,2,9,0,-1,19,3,1,-1,0,1,0,0,0,0,1,9,-1,6,3,16,4,2497,1,18,BMW X3,-1,-1,0,-1
2024451493158,2024,451493158,1,9,0,-1,19,7,2,-1,0,0,0,0,0,0,1,1,-1,6,2,30,6,1998,1,3,BMW X3,-1,-1,0,-1
2024471530978,2024,471530978,3,9,0,-1,19,8,4,-1,0,0,0,0,0,0,1,1,-1,2,1,67,10,1995,2,5,BMW X3,7,E01021141,0,1
2024501396976,2024,501396976,1,9,0,-1,19,1,5,-1,0,0,1,0,0,0,1,1,-1,9,1,45,7,1995,2,17,BMW X3,-1,-1,0,-1
2024451459068,2024,451459068,1,9,0,-1,19,1,5,-1,0,0,0,0,0,0,2,1,-1,9,2,34,6,1995,2,17,BMW X3,8,E01022871,0,3
2024221455459,2024,221455459,1,9,0,-1,19,7,3,-1,0,4,0,0,0,0,1,1,-1,6,1,76,11,1995,2,8,BMW X3,6,E01028961,0,1
2024440397227,2024,440397227,1,9,0,18,19,7,3,0,0,0,0,0,0,0,1,1,3,7,1,46,8,1995,2,12,BMW X3,8,E01022755,0,1
2024991520772,2024,991520772,3,9,0,-1,2,7,3,-1,0,0,0,0,0,0,2,2,-1,6,2,37,7,1995,2,6,BMW X3,7,-1,0,4
2024161427700,2024,161427700,1,9,0,-1,12,1,5,-1,0,8,0,0,0,0,3,1,-1,9,1,41,7,1995,2,19,BMW X3,1,E01012761,0,1
202454E288224,2024,54E288224,2,9,0,18,19,2,6,0,0,1,0,0,0,0,3,1,6,6,2,41,7,1995,2,10,BMW X3,8,E01031957,0,1
2024631456115,2024,631456115,2,9,0,-1,19,2,6,-1,0,0,0,0,1,10,1,1,-1,9,2,71,10,1995,2,11,BMW X3,6,W01000560,0,1
2024010535830,2024,010535830,2,9,0,17,19,1,5,0,0,0,0,7,0,0,4,1,6,6,1,36,7,1995,2,5,BMW X3,2,E01000661,0,3
2024471399185,2024,471399185,1,9,0,-1,19,4,8,-1,0,1,0,0,0,0,1,1,-1,9,2,73,10,1995,2,12,BMW X3,4,E01021071,0,1
2024010532109,2024,010532109,2,9,0,5,5,5,1,0,0,1,1,0,0,0,3,1,6,6,2,32,6,1995,2,5,BMW X3,4,E01021862,0,4
2024010511131,2024,010511131,2,9,0,18,19,1,5,0,0,8,0,0,0,0,1,1,6,6,1,23,5,1995,2,7,BMW X3,-1,-1,0,-1
2024101408303,2024,101408303,1,9,0,-1,19,7,3,-1,0,8,0,0,0,0,1,1,-1,6,1,49,8,1995,2,8,BMW X3,1,E01008439,0,1
2024010510480,2024,010510480,1,9,0,18,19,7,3,0,0,5,0,0,0,0,2,1,6,6,2,41,7,2993,2,8,BMW X3,7,E01003651,0,3
2024461526029,2024,461526029,2,9,0,-1,4,5,1,-1,0,0,0,0,0,0,2,9,-1,2,2,36,7,1995,2,11,BMW X3,7,E01024553,0,3
2024461529425,2024,461529425,1,9,0,-1,19,4,8,-1,0,0,0,0,0,0,1,1,-1,2,2,54,8,1995,-1,2,BMW X3,7,E01016094,0,4
2024451400969,2024,451400969,2,9,0,-1,5,4,8,-1,0,4,0,0,0,0,4,1,-1,9,2,31,6,1995,2,9,BMW X3,9,E01030340,0,1
2024461455481,2024,461455481,1,9,0,-1,19,2,5,-1,0,0,5,0,1,0,1,1,-1,9,1,79,11,2000,2,15,BMW X3,4,E01024032,0,1
2024041508913,2024,041508913,1,9,0,-1,19,1,1,-1,0,1,0,0,0,0,1,1,-1,9,1,24,5,1998,8,0,BMW X3,4,E01025265,0,1
2024010499183,2024,010499183,1,9,0,18,19,1,5,0,0,2,0,0,0,0,1,1,6,6,1,32,6,1998,1,5,BMW X3,8,E01002495,0,1
2024991478636,2024,991478636,2,9,0,-1,19,2,6,-1,0,2,0,4,0,0,2,1,-1,9,2,26,6,1998,8,1,BMW X3,5,-1,0,4
2024421452002,2024,421452002,1,9,0,-1,5,1,5,-1,0,1,0,0,0,0,4,9,-1,6,2,65,9,1995,2,5,BMW X3,10,E01015910,0,1
2024010507844,2024,010507844,2,9,0,9,9,7,6,0,0,5,0,0,0,0,1,1,6,6,3,-1,-1,1995,2,9,BMW X3,-1,-1,0,-1
2024010516400,2024,010516400,1,9,0,99,99,9,9,99,99,1,0,99,9,99,2,1,6,6,1,56,9,1995,2,9,BMW X3,6,E01002329,0,1
2024501505040,2024,501505040,1,9,0,-1,5,1,5,-1,0,4,0,0,0,0,1,1,-1,9,2,39,7,1995,2,10,BMW X3,4,E01020275,0,2
2024471530509,2024,471530509,2,9,0,-1,19,3,7,-1,9,0,0,11,1,11,3,1,-1,9,1,43,7,1995,2,7,BMW X3,6,E01020960,0,4
2024061496284,2024,061496284,2,9,0,-1,5,8,1,-1,0,0,0,0,0,0,1,1,-1,9,1,67,10,1995,2,7,BMW X3,5,E01004779,0,1
2024010523445,2024,010523445,1,9,0,9,9,1,7,0,0,5,0,0,0,0,3,1,6,6,2,52,8,1995,2,8,BMW X3,6,E01003760,0,1
2024131404834,2024,131404834,2,9,0,-1,19,8,4,-1,0,8,0,0,0,0,4,1,-1,9,1,56,9,1995,2,13,BMW X3,1,E01011780,0,1
2024131433681,2024,131433681,3,9,0,-1,2,0,0,-1,0,8,0,0,0,0,2,1,-1,6,-1,-1,-1,1995,2,20,BMW X3,-1,-1,0,-1
2024221518889,2024,221518889,3,9,0,-1,3,2,5,-1,0,0,0,0,0,0,2,1,-1,6,1,34,6,1995,12,3,BMW X3,7,E01028976,0,1
2024991426754,2024,991426754,1,9,0,-1,5,1,5,-1,0,4,0,0,0,0,1,1,-1,9,1,20,4,1995,2,13,BMW X3,2,-1,0,2
2024991488095,2024,991488095,1,9,0,-1,5,6,7,-1,0,2,0,0,0,0,3,1,-1,6,1,54,8,1995,2,8,BMW X3,-1,-1,0,-1
2024010526838,2024,010526838,2,9,0,13,13,9,9,99,99,9,9,99,9,99,1,9,6,6,3,-1,-1,2497,1,18,BMW X3,-1,-1,0,-1
2024440293263,2024,440293263,1,9,0,18,19,1,5,0,0,0,0,0,7,11,1,1,6,6,2,81,11,1995,2,13,BMW X3,8,E01023163,0,1
2024141493035,2024,141493035,2,9,0,-1,2,0,0,-1,0,0,0,0,0,0,4,1,-1,6,-1,-1,-1,1995,2,11,BMW X3,-1,-1,0,-1
2024471476586,2024,471476586,1,9,0,-1,19,7,3,-1,0,0,0,0,0,0,3,1,-1,6,2,49,8,1995,12,1,BMW X3,10,E01022590,0,4
2024302401348,2024,302401348,2,9,0,18,19,5,1,0,0,8,0,0,0,0,3,1,2,2,2,33,6,2993,2,5,BMW X3,8,E01019707,0,2
2024411498526,2024,411498526,1,9,0,-1,5,1,5,-1,0,1,0,0,0,0,1,1,-1,6,-1,-1,-1,1998,8,2,BMW X3,-1,-1,0,-1
2024440370880,2024,440370880,2,9,0,18,19,3,7,0,0,4,0,0,0,0,3,1,6,6,1,74,10,1995,2,5,BMW X3,9,E01022676,0,2
2024010505582,2024,010505582,1,9,0,3,3,3,7,0,0,8,0,0,0,0,3,1,6,6,2,30,6,1998,1,5,BMW X3,6,E01033785,0,2
2024010544388,2024,010544388,2,9,0,99,99,9,9,99,99,0,9,99,9,99,9,9,6,6,3,-1,-1,2993,1,3,BMW X3,4,E01003602,0,2
2024401479083,2024,401479083,2,9,0,-1,19,8,4,-1,0,1,0,0,0,0,4,9,-1,6,3,-1,-1,2494,1,20,BMW X3,-1,-1,0,-1
2024421499953,2024,421499953,1,9,0,-1,4,1,5,-1,0,1,0,0,0,0,1,1,-1,6,2,49,8,1998,8,2,BMW X3,9,E01021526,0,1
2024520403087,2024,520403087,4,9,0,4,4,5,3,0,0,5,0,0,0,0,2,1,6,6,1,58,9,1995,2,11,BMW X3,5,E01029053,0,1
2024131443644,2024,131443644,2,9,0,-1,19,3,7,-1,0,0,0,0,0,0,2,1,-1,2,2,34,6,1995,2,4,BMW X3,5,E01013297,0,4
2024070235014,2024,070235014,1,9,0,6,6,5,1,0,0,0,0,0,1,4,1,2,6,6,2,77,11,1995,2,11,BMW X3,10,E01012446,0,1
2024471512227,2024,471512227,2,9,0,-1,19,8,4,-1,0,1,0,0,0,0,1,1,-1,6,1,61,9,1995,2,13,BMW X3,8,E01031815,0,1
2024522401501,2024,522401501,3,9,0,4,4,3,7,0,0,0,0,0,0,0,1,1,6,6,2,47,8,1995,2,8,BMW X3,3,E01014807,0,3
2024131499959,2024,131499959,1,9,0,-1,9,1,5,-1,0,0,0,0,0,0,3,1,-1,6,2,40,7,1995,2,10,BMW X3,3,E01010793,0,1
2024461400634,2024,461400634,2,9,0,-1,4,1,5,-1,0,1,0,0,0,0,2,1,-1,6,2,56,9,1995,2,18,BMW X3,7,E01024232,0,1
2024010528379,2024,010528379,1,9,0,9,9,6,3,4,4,5,0,0,0,0,1,1,6,6,1,47,8,1998,8,1,BMW X3,4,E01001296,0,2
2024122500094,2024,122500094,1,9,0,7,7,4,2,0,0,0,0,11,1,1,4,1,6,6,2,50,8,1995,2,18,BMW X3,2,E01013444,0,1
2024052402103,2024,052402103,1,19,0,18,19,7,3,0,0,0,0,0,0,0,4,1,1,1,1,44,7,2179,2,2,CITROEN RELAY,1,E01007238,0,1
2024061497532,2024,061497532,2,90,0,-1,2,0,0,-1,9,1,0,0,0,0,3,1,-1,6,-1,-1,-1,2198,2,12,CITROEN RELAY,-1,-1,0,-1
2024501510197,2024,501510197,2,19,0,-1,2,0,0,-1,9,8,0,0,0,0,1,1,-1,6,-1,-1,-1,1997,2,7,CITROEN RELAY,-1,-1,0,-1
2024010537998,2024,010537998,1,10,0,4,4,5,1,0,0,0,0,0,0,0,2,1,1,1,1,36,7,2179,2,1,CITROEN RELAY,3,E01034608,0,1
2024552400685,2024,552400685,3,19,0,2,2,0,0,0,0,0,0,0,0,0,1,1,6,6,3,-1,-1,2198,2,10,CITROEN RELAY,-1,-1,0,-1
2024361522843,2024,361522843,1,19,0,-1,4,-1,-1,-1,0,1,0,0,0,0,1,1,-1,6,1,63,9,1997,2,8,CITROEN RELAY,9,E01026454,0,1
2024101504760,2024,101504760,1,20,-1,-1,11,3,7,-1,0,0,0,0,0,0,4,9,-1,6,3,-1,-1,-1,-1,-1,CITROEN RELAY,-1,-1,0,-1
2024122500105,2024,122500105,1,19,0,5,5,2,5,0,0,1,0,0,0,0,1,1,6,6,1,42,7,2200,2,3,CITROEN RELAY,8,E01006299,0,5
2024440541104,2024,440541104,2,19,0,18,19,5,1,0,0,8,0,0,0,0,1,1,1,1,1,49,8,2198,2,8,CITROEN RELAY,10,E01022704,0,3
2024010532292,2024,010532292,1,20,0,99,99,9,9,99,99,9,9,99,9,99,1,9,6,6,1,49,8,-1,-1,-1,CITROEN RELAY,2,E01004665,0,1
2024010527954,2024,010527954,1,19,0,5,5,6,2,0,0,6,0,0,0,0,4,1,1,1,1,34,6,2200,2,3,CITROEN RELAY,4,E01017905,0,3
2024451432713,2024,451432713,2,19,0,-1,19,8,7,-1,0,0,0,0,0,0,3,1,-1,1,1,30,6,1997,2,6,CITROEN RELAY,5,E01000131,0,4
2024631489539,2024,631489539,1,19,0,-1,19,1,5,-1,0,0,0,0,0,0,1,1,-1,6,1,-1,-1,2179,2,2,CITROEN RELAY,2,W01000788,0,4
2024010527380,2024,010527380,1,19,0,9,9,5,3,0,0,1,0,0,0,0,3,1,1,1,1,29,6,2200,2,2,CITROEN RELAY,3,E01003589,0,3
2024451508281,2024,451508281,1,19,0,-1,19,6,2,-1,0,4,0,0,3,0,1,1,-1,1,1,25,5,2200,2,4,CITROEN RELAY,7,E01002428,0,3
2024122500464,2024,122500464,1,19,0,16,19,2,5,0,0,0,1,0,0,0,1,1,6,6,1,37,7,2198,2,13,CITROEN RELAY,9,E01027737,0,1
2024991457063,2024,991457063,1,19,0,-1,19,7,3,-1,0,1,0,0,0,0,1,1,-1,1,1,34,6,2179,2,1,CITROEN RELAY,5,-1,0,4
2024451522117,2024,451522117,1,19,0,-1,19,7,3,-1,0,1,1,0,0,0,1,2,-1,1,1,33,6,2200,2,4,CITROEN RELAY,8,E01030813,0,1
2024421428074,2024,421428074,3,19,0,-1,4,1,5,-1,0,0,0,0,0,0,1,9,-1,1,1,52,8,2198,2,7,CITROEN RELAY,3,E01004413,0,4
2024501466499,2024,501466499,1,19,0,-1,13,4,7,-1,0,1,0,0,0,0,1,1,-1,6,1,27,6,2198,2,8,CITROEN RELAY,5,E01008045,0,5
2024010506468,2024,010506468,1,19,0,4,4,1,5,0,0,2,0,0,0,0,1,1,1,1,1,40,7,2179,2,2,CITROEN RELAY,3,E01002403,0,2
2024501456332,2024,501456332,1,19,0,-1,3,3,7,-1,0,1,0,0,0,0,2,9,-1,6,3,-1,-1,2198,2,7,CITROEN RELAY,-1,-1,0,-1
2024421467286,2024,421467286,1,19,0,-1,19,6,2,-1,0,0,0,0,0,0,1,1,-1,1,1,31,6,2200,2,2,CITROEN RELAY,5,E01021644,0,3
2024041412941,2024,041412941,1,19,0,-1,19,3,7,-1,0,0,0,0,0,0,1,1,-1,6,1,36,7,1997,2,6,CITROEN RELAY,5,E01025320,0,4
2024548176324,2024,548176324,1,19,0,18,19,5,1,0,0,0,0,0,0,0,1,1,1,1,1,46,8,2200,2,4,CITROEN RELAY,3,E01031956,0,4
2024302400309,2024,302400309,1,19,0,4,4,3,7,0,0,8,0,0,0,0,1,1,2,2,1,46,8,2198,2,13,CITROEN RELAY,3,E01019667,0,3
2024451525287,2024,451525287,2,19,0,-1,19,7,3,-1,0,8,0,0,7,11,4,1,-1,1,1,58,9,1997,2,5,CITROEN RELAY,8,E01030697,0,1
2024991443854,2024,991443854,1,19,0,-1,9,2,5,-1,0,0,0,0,0,0,3,1,-1,1,2,46,8,2179,2,1,CITROEN RELAY,4,-1,0,4
2024411445055,2024,411445055,1,19,0,-1,5,7,5,-1,0,8,0,0,0,0,1,1,-1,1,1,32,6,1997,2,7,CITROEN RELAY,7,E01023527,0,2
2024052402663,2024,052402663,1,19,0,18,19,5,1,0,0,3,0,0,0,0,4,1,1,1,1,63,9,2198,2,8,CITROEN RELAY,2,E01005670,0,4
2024010522564,2024,010522564,2,19,0,18,19,3,7,0,0,1,0,0,0,0,1,1,1,1,2,57,9,2198,2,10,CITROEN RELAY,2,E01000097,0,1
2024991432764,2024,991432764,1,19,0,-1,7,4,8,-1,0,6,0,0,0,0,1,1,-1,6,1,39,7,2200,2,2,CITROEN RELAY,6,-1,0,3
2024052400100,2024,052400100,1,19,0,5,5,1,7,0,0,1,0,0,0,0,1,1,2,2,1,62,9,2198,2,10,CITROEN RELAY,4,E01007312,0,1
2024311533077,2024,311533077,2,19,0,-1,2,5,1,-1,0,0,5,4,1,0,2,1,-1,1,1,37,7,2198,2,8,CITROEN RELAY,9,E01028360,0,1
2024440238576,2024,440238576,1,19,0,5,5,5,1,0,0,4,0,0,0,0,3,1,1,1,1,39,7,2200,2,3,CITROEN RELAY,5,E01022539,0,1
2024520402410,2024,520402410,1,19,0,1,1,8,4,9,9,2,0,0,0,0,2,1,6,6,2,29,6,2179,2,1,CITROEN RELAY,6,E01014984,0,4
2024451544001,2024,451544001,1,19,0,-1,7,1,5,-1,0,1,1,0,0,0,2,1,-1,1,1,65,9,2179,2,0,CITROEN RELAY,5,E01000792,0,3
2024010551338,2024,010551338,2,19,0,2,2,0,0,0,0,0,0,0,0,0,2,1,6,6,3,-1,-1,2200,2,4,CITROEN RELAY,-1,-1,0,-1
2024010511988,2024,010511988,3,19,0,2,2,0,0,0,0,0,0,0,0,0,1,1,6,6,3,-1,-1,1997,2,6,CITROEN RELAY,-1,-1,0,-1
2024041436612,2024,041436612,1,19,0,-1,19,3,7,-1,0,0,2,0,6,0,4,1,-1,1,1,29,6,2179,2,1,CITROEN RELAY,5,E01007014,0,3
2024010534405,2024,010534405,1,19,0,7,7,7,1,0,0,8,0,0,0,0,4,1,1,1,1,71,10,2200,2,2,CITROEN RELAY,5,E01034037,0,1
202460Q038827,2024,60Q038827,1,19,0,9,9,1,7,0,0,6,0,0,0,0,4,1,6,6,3,-1,-1,2200,2,3,CITROEN RELAY,-1,-1,0,-1
2024141422561,2024,141422561,2,19,0,-1,19,2,6,-1,0,1,0,0,0,0,3,1,-1,6,1,30,6,1997,2,7,CITROEN RELAY,2,E01007942,0,1
2024111445535,2024,111445535,2,19,0,-1,3,6,1,-1,0,0,0,0,0,0,2,9,-1,2,1,40,7,1997,2,6,CITROEN RELAY,5,E01008727,0,3
2024111437054,2024,111437054,1,19,0,-1,19,5,1,-1,0,0,0,0,0,0,1,1,-1,6,1,30,6,2200,2,3,CITROEN RELAY,2,E01020768,0,2
2024010544239,2024,010544239,2,19,0,99,99,9,9,99,99,9,9,99,9,99,9,9,6,6,3,-1,-1,2200,2,2,CITROEN RELAY,4,E01000189,0,4
2024061413492,2024,061413492,1,19,0,-1,9,7,3,-1,9,1,0,0,0,0,1,1,-1,6,1,62,9,2200,2,5,CITROEN RELAY,2,E01007324,0,4
2024991432330,2024,991432330,1,19,0,-1,6,7,7,-1,0,0,0,0,0,0,4,1,-1,9,1,40,7,2198,2,10,CITROEN RELAY,10,-1,0,1
2024122400866,2024,122400866,1,19,0,7,7,5,1,9,9,0,0,0,0,0,4,1,1,1,1,65,9,2198,2,16,CITROEN RELAY,2,E01027825,0,1
2024010520884,2024,010520884,2,19,0,99,99,9,9,99,99,9,9,99,9,99,2,9,6,6,3,-1,-1,1997,2,8,CITROEN RELAY,-1,-1,0,-1
2024010532339,2024,010532339,2,19,3,2,2,0,0,0,0,1,0,0,0,0,0,1,6,6,3,-1,-1,1997,2,8,CITROEN RELAY,-1,-1,0,-1
2024231517975,2024,231517975,2,19,0,-1,19,1,5,-1,0,0,0,0,7,0,1,9,-1,6,1,47,8,2179,2,2,CITROEN RELAY,6,E01032385,0,3
2024991493672,2024,991493672,1,19,0,-1,4,7,2,-1,0,8,0,0,0,0,0,1,-1,1,1,35,6,2200,2,2,CITROEN RELAY,7,-1,0,3