collision_index,collision_year,collision_ref_no,vehicle_reference,vehicle_type,towing_and_articulation,vehicle_manoeuvre_historic,vehicle_manoeuvre,vehicle_direction_from,vehicle_direction_to,vehicle_location_restricted_lane_historic,vehicle_location_restricted_lane,junction_location,skidding_and_overturning,hit_object_in_carriageway,vehicle_leaving_carriageway,hit_object_off_carriageway,first_point_of_impact,vehicle_left_hand_drive,journey_purpose_of_driver_historic,journey_purpose_of_driver,sex_of_driver,age_of_driver,age_band_of_driver,engine_capacity_cc,propulsion_code,age_of_vehicle,generic_make_model,driver_imd_decile,lsoa_of_driver,escooter_flag,driver_distance_banding
2024991499337,2024,991499337,1,19,0,-1,19,8,4,-1,0,0,0,0,0,0,3,1,-1,2,1,33,6,2200,2,3,CITROEN RELAY,6,-1,0,2
2024131508958,2024,131508958,2,19,0,-1,2,0,0,-1,0,8,0,0,0,0,2,1,-1,6,-1,-1,-1,2198,2,7,CITROEN RELAY,-1,-1,0,-1
2024101461031,2024,101461031,1,19,0,-1,10,2,6,-1,0,6,0,0,0,0,1,1,-1,1,1,45,7,2179,2,1,CITROEN RELAY,-1,-1,0,-1
2024161498910,2024,161498910,3,19,0,-1,19,8,4,-1,0,0,0,0,0,0,1,1,-1,9,1,74,10,-1,-1,-1,CITROEN RELAY,4,E01013051,0,4
2024010514187,2024,010514187,2,19,0,99,99,9,9,99,99,9,9,99,9,99,1,9,6,6,3,-1,-1,2200,2,5,CITROEN RELAY,-1,-1,0,-1
2024522500042,2024,522500042,2,19,0,18,19,7,3,0,0,8,0,0,0,0,4,1,6,6,1,60,9,2179,2,2,CITROEN RELAY,1,E01014726,0,3
2024311442755,2024,311442755,1,19,0,-1,5,6,2,-1,0,1,1,4,0,0,1,1,-1,1,1,20,4,2198,2,10,CITROEN RELAY,8,E01025807,0,4
2024031526970,2024,031526970,4,20,0,-1,3,3,7,-1,0,0,0,0,0,0,2,1,-1,1,1,33,6,-1,-1,-1,CITROEN RELAY,6,E01019336,0,4
2024471514333,2024,471514333,2,19,0,-1,12,5,1,-1,0,0,0,0,0,0,3,1,-1,1,1,57,9,1997,2,5,CITROEN RELAY,9,E01000410,0,4
2024010521965,2024,010521965,2,19,0,99,99,9,9,99,99,9,9,99,9,99,9,9,6,6,1,57,9,1997,2,7,CITROEN RELAY,2,E01001433,0,3
2024991527536,2024,991527536,1,19,0,-1,19,8,4,-1,9,2,0,0,1,11,1,1,-1,9,1,41,7,2200,2,3,CITROEN RELAY,4,-1,0,1
2024501520183,2024,501520183,1,19,0,-1,19,4,8,-1,0,0,1,0,0,0,1,1,-1,6,1,39,7,2200,2,4,CITROEN RELAY,3,E01019076,0,4
2024501471720,2024,501471720,1,19,0,-1,19,2,4,-1,0,0,0,0,0,0,1,1,-1,1,1,35,6,2179,2,0,CITROEN RELAY,6,E01015027,0,4
2024361494938,2024,361494938,1,19,0,-1,5,1,3,-1,0,4,0,0,0,0,3,1,-1,1,1,39,7,1997,2,6,CITROEN RELAY,2,E01033440,0,1
2024131531295,2024,131531295,1,19,0,-1,19,3,7,-1,0,8,0,0,0,0,1,1,-1,1,1,51,8,2179,2,1,CITROEN RELAY,7,E01018736,0,4
2024451424668,2024,451424668,2,19,0,-1,19,4,8,-1,0,2,0,0,0,0,3,1,-1,1,1,36,7,2200,2,3,CITROEN RELAY,4,E01031652,0,3
2024101511755,2024,101511755,1,19,0,-1,19,3,7,-1,0,0,0,0,0,0,1,1,-1,1,1,27,6,2200,2,3,CITROEN RELAY,5,-1,0,4
2024052401558,2024,052401558,2,19,0,18,19,4,8,0,0,1,0,0,0,0,3,1,2,2,1,23,5,2200,2,2,CITROEN RELAY,9,E01012566,0,4
2024991462407,2024,991462407,2,21,0,-1,2,0,0,-1,0,0,0,0,0,0,1,2,-1,6,1,64,9,-1,-1,-1,CITROEN RELAY,6,-1,0,1
2024440547028,2024,440547028,1,19,0,7,7,5,8,0,0,6,0,0,0,0,1,1,6,6,1,53,8,1997,2,6,CITROEN RELAY,7,E01017294,0,1
2024451457667,2024,451457667,3,19,0,-1,19,3,7,-1,0,0,0,0,0,0,2,1,-1,7,1,51,8,2200,2,4,CITROEN RELAY,8,E01030950,0,1
2024070566282,2024,070566282,2,19,0,4,4,2,6,0,0,0,0,0,0,0,2,1,2,2,1,67,10,2200,2,4,CITROEN RELAY,8,E01018495,0,2
2024471499136,2024,471499136,1,19,0,-1,19,7,3,-1,0,2,0,4,0,0,1,1,-1,6,1,69,10,1997,2,7,CITROEN RELAY,2,E01016906,0,2
2024411545586,2024,411545586,3,19,0,-1,19,8,4,-1,0,0,0,0,1,0,2,1,-1,6,1,43,7,1997,2,6,CITROEN RELAY,5,E01023827,0,2
2024131439968,2024,131439968,2,19,0,-1,19,3,7,-1,0,1,0,0,0,0,3,1,-1,2,1,40,7,2179,2,1,CITROEN RELAY,1,E01011662,0,4
2024070693595,2024,070693595,1,19,0,18,19,3,7,6,6,0,2,10,1,7,1,1,1,1,1,52,8,2179,2,1,CITROEN RELAY,7,E01006471,0,4
2024991400980,2024,991400980,2,19,0,-1,19,6,1,-1,0,1,0,0,0,0,1,1,-1,9,1,56,9,2200,2,3,CITROEN RELAY,8,-1,0,1
2024302400785,2024,302400785,1,19,0,18,19,2,6,0,0,2,0,0,0,0,1,1,6,6,1,49,8,2198,2,9,CITROEN RELAY,4,E01019431,0,1
2024101534729,2024,101534729,2,19,0,-1,2,0,0,-1,0,0,0,0,0,0,2,1,-1,6,-1,-1,-1,2198,2,9,CITROEN RELAY,-1,-1,0,-1
2024010509591,2024,010509591,1,19,0,99,99,9,9,99,99,0,9,99,9,99,9,9,2,2,1,29,6,2179,2,1,CITROEN RELAY,6,E01003255,0,3
2024161423095,2024,161423095,3,19,0,-1,19,5,1,-1,0,0,0,0,0,0,3,9,-1,6,1,57,9,2198,2,9,CITROEN RELAY,7,E01012939,0,1
2024010528855,2024,010528855,2,19,0,99,99,9,9,99,99,9,9,99,9,99,9,9,6,6,3,-1,-1,2179,2,1,CITROEN RELAY,10,W01001196,0,5
2024520001407,2024,520001407,2,19,0,18,19,7,3,0,0,0,0,0,0,0,3,1,6,6,3,-1,-1,2179,2,22,CITROEN RELAY,-1,-1,0,-1
2024131516860,2024,131516860,4,19,0,-1,2,0,0,-1,0,8,0,0,0,0,2,1,-1,6,-1,-1,-1,2198,2,8,CITROEN RELAY,-1,-1,0,-1
2024991493154,2024,991493154,2,90,0,-1,19,4,8,-1,0,0,0,0,0,0,1,1,-1,9,1,75,10,2198,2,15,CITROEN RELAY,4,E01019327,0,5
2024401539767,2024,401539767,2,19,0,-1,3,1,5,-1,0,0,0,0,0,0,2,1,-1,6,1,62,9,2198,2,14,CITROEN RELAY,4,E01023403,0,4
2024101443356,2024,101443356,1,20,0,-1,19,6,2,-1,0,8,0,0,0,0,1,1,-1,1,1,65,9,-1,-1,-1,CITROEN RELAY,3,E01008163,0,1
2024451514375,2024,451514375,2,19,0,-1,2,0,0,-1,9,0,0,0,0,0,2,1,-1,6,-1,-1,-1,2179,2,1,CITROEN RELAY,-1,-1,0,-1
2024471492617,2024,471492617,1,19,0,-1,5,1,5,-1,0,3,0,0,0,0,1,1,-1,2,1,45,7,2200,2,3,CITROEN RELAY,1,E01016947,0,4
2024991414220,2024,991414220,1,19,0,-1,9,2,4,-1,0,2,0,0,0,0,1,1,-1,1,1,37,7,1997,2,7,CITROEN RELAY,7,-1,0,1
2024010512073,2024,010512073,2,19,0,-1,-1,7,3,0,0,3,0,0,0,0,4,1,1,1,1,25,5,1997,2,8,CITROEN RELAY,-1,-1,0,-1
2024421443880,2024,421443880,1,19,0,-1,19,1,5,-1,0,0,0,0,0,0,1,1,-1,6,1,-1,-1,2200,2,2,CITROEN RELAY,-1,-1,0,-1
2024440472899,2024,440472899,2,19,0,16,19,3,6,0,0,0,0,0,0,0,0,1,2,2,1,29,6,2200,2,3,CITROEN RELAY,6,E01023183,0,1
2024991413754,2024,991413754,1,10,0,-1,19,3,7,-1,0,1,0,0,0,0,1,1,-1,8,1,37,7,-1,-1,-1,CITROEN RELAY,1,-1,0,1
2024041470190,2024,041470190,1,19,0,-1,19,5,1,-1,0,0,0,0,0,0,1,1,-1,1,1,39,7,2200,2,3,CITROEN RELAY,7,E01025487,0,1
2024440351514,2024,440351514,1,19,0,9,9,7,5,0,0,1,0,0,0,0,1,1,1,1,1,22,5,2179,2,1,CITROEN RELAY,3,E01023105,0,4
2024461449201,2024,461449201,2,20,0,-1,19,5,1,-1,0,8,0,0,0,0,0,9,-1,1,1,45,7,1997,2,5,CITROEN RELAY,2,E01024585,0,3
2024991517905,2024,991517905,1,19,0,-1,19,1,3,-1,0,1,0,0,0,0,1,1,-1,9,1,40,7,2200,2,4,CITROEN RELAY,3,-1,0,1
2024010524095,2024,010524095,2,19,0,18,19,1,5,0,0,0,0,0,0,0,1,1,1,1,1,35,6,2179,2,1,CITROEN RELAY,-1,-1,0,-1
2024131467540,2024,131467540,2,19,0,-1,19,5,1,-1,0,0,0,0,0,0,2,1,-1,9,1,60,9,1997,2,6,CITROEN RELAY,6,E01007468,0,1
2024991516840,2024,991516840,2,19,0,-1,19,7,3,-1,0,0,0,0,0,0,1,1,-1,9,1,40,7,2179,2,1,CITROEN RELAY,5,-1,0,1
2024010525696,2024,010525696,1,19,0,2,2,0,0,0,0,8,0,0,0,0,2,1,6,6,3,-1,-1,2179,2,1,CITROEN RELAY,-1,-1,0,-1
2024991442984,2024,991442984,2,19,0,-1,19,7,2,-1,0,1,0,0,0,0,1,1,-1,1,1,55,8,2200,2,2,CITROEN RELAY,8,-1,0,4
2024041449881,2024,041449881,1,19,0,-1,19,3,7,-1,0,0,0,0,1,0,1,1,-1,2,1,28,6,2179,2,1,CITROEN RELAY,2,E01025055,0,1
2024430167795,2024,430167795,1,19,0,18,19,8,4,0,0,1,0,0,0,0,4,1,2,2,1,42,7,2198,2,10,CITROEN RELAY,-1,-1,0,-1
2024010522705,2024,010522705,2,19,0,2,2,0,0,0,0,0,0,0,0,0,3,1,6,6,3,-1,-1,1997,2,6,CITROEN RELAY,-1,-1,0,-1
2024201476214,2024,201476214,1,19,0,-1,19,3,7,-1,0,8,0,0,0,0,1,1,-1,2,2,41,7,2198,2,15,CITROEN RELAY,3,E01010298,0,1
2024991431036,2024,991431036,1,10,0,-1,19,1,5,-1,0,1,0,0,0,0,1,1,-1,1,1,32,6,-1,-1,-1,CITROEN RELAY,1,-1,0,1
2024622400845,2024,622400845,2,19,0,2,2,0,0,0,0,0,0,0,0,0,1,1,6,6,3,-1,-1,2198,2,12,CITROEN RELAY,-1,-1,0,-1
2024061517118,2024,061517118,2,20,0,-1,12,-1,-1,-1,0,0,0,0,0,0,3,1,-1,6,3,-1,-1,-1,-1,-1,CITROEN RELAY,-1,-1,0,-1
2024991410011,2024,991410011,1,19,0,-1,19,2,7,-1,0,0,0,4,0,0,3,9,-1,6,1,32,6,2200,2,4,CITROEN RELAY,9,-1,0,2
2024430328055,2024,430328055,1,19,0,18,19,4,8,0,0,0,0,0,0,0,4,1,1,1,1,54,8,2179,2,2,CITROEN RELAY,9,E01017655,0,4
2024041425129,2024,041425129,1,10,0,-1,5,7,3,-1,0,0,0,0,0,0,1,1,-1,1,1,39,7,-1,-1,-1,CITROEN RELAY,2,E01025263,0,1
2024141521737,2024,141521737,2,19,0,-1,19,3,7,-1,0,0,2,0,0,0,1,1,-1,6,1,62,9,2198,2,13,CITROEN RELAY,7,E01027999,0,4
2024631412638,2024,631412638,1,19,0,-1,19,4,7,-1,0,0,0,0,7,4,3,1,-1,9,1,30,6,2200,2,4,CITROEN RELAY,2,W01000707,0,1
2024010532059,2024,010532059,2,19,0,99,99,9,9,99,99,9,9,99,9,99,9,9,6,6,1,28,6,2200,2,3,CITROEN RELAY,10,E01015909,0,4
2024522402931,2024,522402931,2,19,0,9,9,2,7,0,0,8,0,0,0,0,1,1,6,6,3,-1,-1,2179,2,2,CITROEN RELAY,-1,-1,0,-1
2024131448079,2024,131448079,2,19,0,-1,5,1,5,-1,0,8,0,0,0,0,4,1,-1,1,2,28,6,1997,2,6,CITROEN RELAY,6,E01010909,0,1
2024451510306,2024,451510306,2,19,0,-1,4,7,3,-1,9,0,0,0,7,0,4,9,-1,1,1,26,6,2200,2,2,CITROEN RELAY,4,E01016448,0,4
2024010521154,2024,010521154,1,19,0,13,13,7,3,0,0,1,0,0,0,0,4,1,6,6,1,38,7,2179,2,1,CITROEN RELAY,3,E01000128,0,3
2024471407716,2024,471407716,2,90,0,-1,8,4,6,-1,4,6,0,0,0,0,1,9,-1,6,2,37,7,2198,2,8,CITROEN RELAY,8,E01021181,0,4
2024501501271,2024,501501271,1,19,0,-1,19,1,5,-1,0,1,0,0,0,0,4,1,-1,6,3,-1,-1,1997,2,6,CITROEN RELAY,-1,-1,0,-1
2024501485740,2024,501485740,1,19,0,-1,19,7,3,-1,0,0,0,0,1,10,2,1,-1,9,2,58,9,2179,2,1,CITROEN RELAY,6,E01018807,0,4
2024231460284,2024,231460284,2,19,0,-1,19,2,6,-1,0,0,0,0,0,0,1,1,-1,1,1,26,6,2179,2,1,CITROEN RELAY,8,E01026993,0,2
2024991484449,2024,991484449,4,19,0,-1,19,1,7,-1,0,1,0,0,0,0,3,1,-1,1,1,31,6,2200,2,2,CITROEN RELAY,3,-1,0,4
2024010507560,2024,010507560,2,19,0,4,4,5,1,0,0,1,0,0,0,0,1,1,1,1,1,44,7,2200,2,3,CITROEN RELAY,4,E01004462,0,1
2024552400988,2024,552400988,1,19,0,18,19,4,8,0,0,8,0,0,0,0,1,1,6,6,1,33,6,2179,2,2,CITROEN RELAY,3,E01014498,0,4
2024371516245,2024,371516245,2,19,0,-1,2,0,0,-1,0,1,0,0,0,0,4,1,-1,6,3,-1,-1,2198,2,11,CITROEN RELAY,-1,-1,0,-1
2024461429703,2024,461429703,2,20,0,-1,19,7,3,-1,0,0,0,0,0,0,2,1,-1,1,1,48,8,-1,-1,-1,CITROEN RELAY,5,E01024082,0,4
2024520500051,2024,520500051,4,19,0,18,19,1,5,0,0,1,0,0,0,0,1,1,6,6,1,41,7,2179,2,0,CITROEN RELAY,9,E01018796,0,5
2024010540502,2024,010540502,2,19,0,99,99,9,9,99,99,9,9,99,9,99,1,9,6,6,3,-1,-1,2200,2,3,CITROEN RELAY,-1,-1,0,-1
2024101524620,2024,101524620,1,19,0,-1,7,7,3,-1,0,0,0,0,0,0,1,1,-1,1,2,25,5,2200,2,3,CITROEN RELAY,-1,-1,0,-1
2024631478624,2024,631478624,1,19,0,-1,19,7,3,-1,0,0,5,0,0,0,1,1,-1,6,1,42,7,2198,2,16,CITROEN RELAY,2,W01001436,0,4
2024421420264,2024,421420264,2,19,0,-1,19,7,2,-1,0,0,0,0,0,0,3,1,-1,2,1,28,6,1997,2,6,CITROEN RELAY,3,-1,0,5
2024552401176,2024,552401176,1,19,0,18,19,5,1,0,0,0,0,0,0,0,1,1,1,1,1,38,7,2198,2,8,CITROEN RELAY,6,E01015336,0,1
2024111396211,2024,111396211,1,19,0,-1,19,4,7,-1,0,1,0,0,0,0,1,1,-1,6,1,30,6,2200,2,3,CITROEN RELAY,-1,-1,0,-1
2024070332256,2024,070332256,2,19,0,5,5,7,1,9,9,1,0,0,0,0,3,1,1,1,1,52,8,2200,2,2,CITROEN RELAY,10,E01018414,0,1
2024010549984,2024,010549984,1,19,0,99,99,9,9,99,99,9,9,99,9,99,2,9,2,2,1,52,8,2179,2,1,CITROEN RELAY,10,E01023949,0,2
2024161422235,2024,161422235,2,19,0,-1,2,0,0,-1,0,2,0,0,0,0,2,1,-1,6,-1,-1,-1,2200,2,2,CITROEN RELAY,-1,-1,0,-1
2024461510226,2024,461510226,3,19,0,-1,19,4,7,-1,0,0,0,0,0,0,-1,9,-1,6,1,-1,-1,2179,2,2,CITROEN RELAY,-1,-1,0,-1
2024211512424,2024,211512424,1,19,0,-1,19,1,1,-1,0,0,0,4,0,0,1,1,-1,2,1,22,5,2179,2,1,CITROEN RELAY,7,E01031038,0,2
2024201549758,2024,201549758,1,19,0,-1,2,0,0,-1,0,2,0,0,0,0,0,9,-1,6,-1,-1,-1,2200,2,5,CITROEN RELAY,-1,-1,0,-1
2024070324236,2024,070324236,1,19,0,16,19,4,7,0,0,8,0,0,0,0,1,1,1,1,1,48,8,2200,2,3,CITROEN RELAY,1,E01024953,0,4
2024320268677,2024,320268677,1,19,0,-1,-1,4,8,6,6,7,0,0,0,0,1,1,1,1,1,37,7,2200,2,3,CITROEN RELAY,6,E01026255,0,1
2024991399150,2024,991399150,1,19,0,-1,19,8,4,-1,0,0,0,0,0,0,3,1,-1,1,1,41,7,2200,2,3,CITROEN RELAY,3,-1,0,1
2024031500387,2024,031500387,2,19,0,-1,2,0,0,-1,0,0,0,4,0,0,1,1,-1,6,1,-1,-1,2179,2,1,CITROEN RELAY,9,E01019191,0,3
2024010543804,2024,010543804,2,19,9,99,99,9,9,99,99,9,9,99,9,99,9,9,6,6,3,-1,-1,2200,2,3,CITROEN RELAY,2,E01002100,0,4
2024010511965,2024,010511965,1,19,0,18,19,3,7,0,0,1,0,0,0,0,3,1,1,1,1,47,8,1997,2,5,CITROEN RELAY,3,E01000009,0,4
2024361503864,2024,361503864,1,19,0,-1,19,2,6,-1,0,1,0,0,0,0,1,1,-1,1,1,46,8,2179,2,1,CITROEN RELAY,2,E01035539,0,4
2024201505233,2024,201505233,2,19,0,-1,5,3,5,-1,0,6,0,0,0,0,1,1,-1,1,1,55,8,2200,2,2,CITROEN RELAY,-1,-1,0,-1
2024540640024,2024,540640024,2,19,0,18,19,8,4,0,0,0,0,0,0,0,2,1,1,1,1,46,8,2200,2,4,CITROEN RELAY,3,E01016452,0,4
2024070871481,2024,070871481,1,19,0,-1,19,2,6,-1,0,8,0,0,1,2,1,1,-1,1,1,36,7,2200,2,3,CITROEN RELAY,8,E01035389,0,2
2024440232808,2024,440232808,1,19,0,1,1,1,5,0,0,0,0,0,0,0,2,1,2,2,1,64,9,2198,2,17,CITROEN RELAY,6,E01022716,0,1
2024041514843,2024,041514843,1,19,0,-1,1,7,3,-1,5,0,0,0,0,0,2,1,-1,1,1,36,7,2200,2,3,CITROEN RELAY,5,E01025580,0,3
2024010536657,2024,010536657,2,19,0,99,99,9,9,99,99,9,9,99,9,99,2,9,6,6,3,-1,-1,2198,2,17,CITROEN RELAY,-1,-1,0,-1
2024221476391,2024,221476391,3,19,0,-1,2,0,0,-1,0,2,0,0,0,0,1,9,-1,6,1,55,8,1997,2,6,CITROEN RELAY,5,E01032426,0,1
2024451394044,2024,451394044,1,19,0,-1,9,0,1,-1,9,0,0,0,0,0,4,1,-1,1,1,61,9,2200,2,2,CITROEN RELAY,9,E01016219,0,4
2024401437081,2024,401437081,2,19,0,-1,4,4,8,-1,0,0,0,0,0,0,2,9,-1,2,1,41,7,2179,2,1,CITROEN RELAY,9,E01015681,0,4
2024361529019,2024,361529019,2,19,-1,-1,19,1,3,-1,0,0,0,0,1,0,1,1,-1,6,3,-1,-1,2198,2,17,CITROEN RELAY,-1,-1,0,-1
2024461514613,2024,461514613,1,19,0,-1,19,8,4,-1,0,0,0,4,0,0,1,1,-1,6,1,-1,-1,1997,2,7,CITROEN RELAY,5,E01032800,0,3
2024361443769,2024,361443769,2,19,0,-1,-1,-1,-1,-1,-1,0,-1,-1,-1,0,2,1,-1,6,1,30,6,2198,2,9,CITROEN RELAY,2,E01026828,0,4
2024311451550,2024,311451550,1,19,0,-1,2,0,0,-1,0,0,0,0,0,0,4,9,-1,6,3,-1,-1,2179,2,1,CITROEN RELAY,6,E01007908,0,4
2024361429376,2024,361429376,1,19,0,-1,19,6,2,-1,0,0,0,0,0,0,3,9,-1,6,3,18,4,2179,2,1,CITROEN RELAY,-1,-1,0,-1
2024451496749,2024,451496749,3,19,0,-1,-1,-1,-1,-1,-1,0,-1,-1,-1,0,-1,9,-1,1,1,58,9,1997,2,7,CITROEN RELAY,10,E01030680,0,2
2024471492458,2024,471492458,1,19,0,-1,5,8,4,-1,0,4,0,0,0,0,1,1,-1,9,1,35,6,2179,2,0,CITROEN RELAY,2,E01001114,0,4
2024520402157,2024,520402157,2,19,0,4,4,8,4,0,0,0,0,0,0,0,2,1,6,6,1,34,6,2198,2,16,CITROEN RELAY,5,E01029058,0,1
2024547240524,2024,547240524,1,19,0,18,19,7,3,0,0,0,0,0,0,0,1,1,1,1,1,35,6,1997,2,6,CITROEN RELAY,9,E01031930,0,2
2024320637355,2024,320637355,1,19,0,-1,-1,4,8,0,0,1,0,0,0,0,4,1,1,1,3,-1,-1,2198,2,10,CITROEN RELAY,-1,-1,0,-1
2024010543309,2024,010543309,2,19,0,99,99,9,9,99,99,9,9,99,9,99,1,9,6,6,3,-1,-1,2200,2,4,CITROEN RELAY,5,E01002237,0,3
2024411466812,2024,411466812,1,19,-1,-1,-1,-1,-1,-1,-1,-1,-1,-1,-1,0,1,9,-1,6,3,-1,-1,1997,2,5,CITROEN RELAY,-1,-1,0,-1
2024010521624,2024,010521624,2,19,0,18,19,5,1,0,0,1,0,4,0,0,1,1,6,6,1,40,7,1997,2,6,CITROEN RELAY,2,E01001978,0,1
2024010532008,2024,010532008,1,19,0,9,9,5,3,0,0,1,0,0,0,0,4,1,1,1,1,57,9,1997,2,7,CITROEN RELAY,7,E01001610,0,2
2024131448991,2024,131448991,2,19,0,-1,19,6,8,-1,0,8,0,0,1,0,3,1,-1,6,1,43,7,2200,2,3,CITROEN RELAY,1,E01011661,0,1
2024522402881,2024,522402881,2,19,0,18,19,1,5,0,0,8,0,0,0,0,1,1,6,6,1,42,7,2198,2,8,CITROEN RELAY,4,E01014485,0,2
2024041424995,2024,041424995,1,19,0,-1,19,7,3,-1,0,0,0,0,2,7,1,1,-1,1,1,64,9,2200,2,4,CITROEN RELAY,2,E01034505,0,5
2024131481883,2024,131481883,2,19,0,-1,5,1,5,-1,0,8,0,0,0,0,1,1,-1,1,1,30,6,2200,2,4,CITROEN RELAY,5,E01013003,0,4
2024131576605,2024,131576605,2,19,0,-1,19,1,5,-1,0,0,0,0,0,0,3,1,-1,1,1,43,7,1997,2,7,CITROEN RELAY,1,E01011494,0,1
2024461437383,2024,461437383,1,19,0,-1,19,3,7,-1,0,1,0,0,0,0,1,1,-1,6,1,64,9,2179,2,2,CITROEN RELAY,3,E01033934,0,4
2024522401746,2024,522401746,1,19,0,9,9,3,1,0,0,5,0,0,0,0,3,1,6,6,1,28,6,2200,2,4,CITROEN RELAY,1,E01029132,0,3
2024010501687,2024,010501687,2,19,0,1,1,5,1,0,0,1,0,0,0,0,2,1,6,6,3,24,5,2198,2,17,CITROEN RELAY,-1,-1,0,-1
2024991530588,2024,991530588,1,19,0,-1,9,7,4,-1,0,6,0,0,7,0,3,1,-1,1,1,20,4,2200,2,2,CITROEN RELAY,10,-1,0,1
2024031477759,2024,031477759,1,19,0,-1,7,3,7,-1,0,2,0,0,0,0,1,1,-1,6,1,34,6,2200,2,2,CITROEN RELAY,-1,-1,0,-1
2024010521928,2024,010521928,2,19,0,11,11,9,9,2,2,0,9,99,9,99,2,9,6,6,1,-1,-1,2200,2,5,CITROEN RELAY,-1,-1,0,-1
202454A933324,2024,54A933324,1,19,0,18,19,4,8,0,0,0,0,0,0,0,1,1,1,1,1,37,7,2179,2,0,CITROEN RELAY,6,E01009645,0,5
2024411429549,2024,411429549,1,19,-1,-1,-1,-1,-1,-1,-1,0,-1,-1,-1,0,-1,9,-1,6,1,-1,-1,2200,2,4,CITROEN RELAY,-1,-1,0,-1
2024991430190,2024,991430190,1,19,0,-1,9,5,3,-1,9,6,1,0,1,0,1,1,-1,6,1,40,7,2200,2,2,CITROEN RELAY,2,-1,0,3
2024131474450,2024,131474450,1,19,0,-1,19,2,6,-1,0,0,0,0,0,0,4,1,-1,6,3,-1,-1,2179,2,1,CITROEN RELAY,-1,-1,0,-1
2024411398441,2024,411398441,1,19,-1,-1,1,8,4,-1,0,0,0,0,0,0,2,9,-1,6,1,41,7,2200,2,5,CITROEN RELAY,4,E01023794,0,2
2024471428427,2024,471428427,3,19,0,-1,3,6,2,-1,0,0,0,0,0,0,1,9,-1,1,1,40,7,1997,2,6,CITROEN RELAY,7,E01031792,0,3
2024161404646,2024,161404646,2,19,0,-1,1,2,1,-1,0,0,0,0,0,0,2,9,-1,6,3,-1,-1,2198,2,8,CITROEN RELAY,-1,-1,0,-1
2024361529019,2024,361529019,3,19,0,-1,19,1,3,-1,0,0,0,0,1,0,1,1,-1,6,-1,-1,-1,2198,2,12,CITROEN RELAY,-1,-1,0,-1
2024371538127,2024,371538127,1,19,0,-1,9,8,6,-1,0,1,0,0,0,0,1,9,-1,6,1,43,7,2179,2,0,CITROEN RELAY,6,E01031153,0,5
2024481507948,2024,481507948,2,20,0,-1,9,5,3,-1,0,8,0,0,0,0,3,1,-1,1,1,59,9,-1,-1,-1,CITROEN RELAY,-1,-1,0,-1
2024070996064,2024,070996064,1,19,0,-1,9,3,7,-1,0,6,0,0,0,0,1,1,-1,6,1,55,8,1997,2,6,CITROEN RELAY,7,E01018708,0,2
2024010546000,2024,010546000,3,19,0,3,3,3,7,0,0,8,0,4,0,0,2,2,1,1,1,51,8,2200,2,3,CITROEN RELAY,10,E01028428,0,5
2024351471164,2024,351471164,1,19,0,-1,4,4,8,-1,0,0,0,0,0,0,1,1,-1,6,1,29,6,1997,2,5,CITROEN RELAY,8,E01016001,0,5
2024031474572,2024,031474572,1,19,0,-1,12,3,7,-1,0,0,1,0,4,0,4,1,-1,1,1,45,7,2179,2,2,CITROEN RELAY,4,E01019218,0,4
2024351427077,2024,351427077,1,19,-1,-1,-1,-1,-1,-1,-1,-1,-1,-1,-1,0,-1,9,-1,6,1,-1,-1,1997,2,8,CITROEN RELAY,4,E01035536,0,1
2024101508070,2024,101508070,1,19,0,-1,19,6,2,-1,0,8,0,0,7,11,4,1,-1,1,1,31,6,2198,2,9,CITROEN RELAY,7,E01027554,0,1
2024010505546,2024,010505546,1,19,0,99,99,9,9,99,99,9,9,99,9,99,1,9,6,6,3,32,6,1997,2,6,CITROEN RELAY,4,E01034368,0,4
2024320721663,2024,320721663,1,19,0,-1,-1,6,2,0,0,1,0,0,1,1,1,1,1,1,1,40,7,2200,2,4,CITROEN RELAY,5,E01026201,0,3
2024320465414,2024,320465414,2,19,0,-1,-1,8,4,0,0,8,0,0,0,0,1,1,-1,-1,1,51,8,2179,2,1,CITROEN RELAY,10,E01028412,0,4
2024010498158,2024,010498158,1,19,0,99,99,9,9,99,99,9,9,99,9,99,2,9,6,6,1,59,9,2200,2,3,CITROEN RELAY,7,E01024803,0,4
2024461518643,2024,461518643,2,19,0,-1,19,4,4,-1,0,8,0,0,0,0,1,1,-1,1,1,25,5,2184,2,0,CITROEN RELAY,6,E01024276,0,2
2024010497136,2024,010497136,2,9,0,18,19,5,1,0,0,0,0,0,0,0,1,1,6,6,1,19,4,1999,8,4,-1,5,E01023411,0,4
2024141458991,2024,141458991,1,5,0,-1,19,3,7,-1,0,0,0,0,0,0,0,1,-1,6,1,27,6,1103,1,5,DUCATI PANIGALE,3,E01028339,0,4
2024991473146,2024,991473146,1,5,0,-1,19,5,1,-1,0,4,2,0,0,0,1,1,-1,9,2,29,6,955,1,3,DUCATI PANIGALE,8,-1,0,4