collision_index,collision_year,collision_ref_no,vehicle_reference,vehicle_type,towing_and_articulation,vehicle_manoeuvre_historic,vehicle_manoeuvre,vehicle_direction_from,vehicle_direction_to,vehicle_location_restricted_lane_historic,vehicle_location_restricted_lane,junction_location,skidding_and_overturning,hit_object_in_carriageway,vehicle_leaving_carriageway,hit_object_off_carriageway,first_point_of_impact,vehicle_left_hand_drive,journey_purpose_of_driver_historic,journey_purpose_of_driver,sex_of_driver,age_of_driver,age_band_of_driver,engine_capacity_cc,propulsion_code,age_of_vehicle,generic_make_model,driver_imd_decile,lsoa_of_driver,escooter_flag,driver_distance_banding
2024101485338,2024,101485338,2,9,0,-1,9,2,7,-1,0,4,0,0,0,0,4,1,-1,6,2,48,8,1490,1,16,NISSAN MODEL MISSING,4,E01027442,0,2
2024061514775,2024,061514775,2,9,0,-1,19,8,4,-1,0,0,0,0,0,0,1,9,-1,6,2,46,8,3498,1,20,NISSAN MODEL MISSING,3,E01005998,0,1
2024010502680,2024,010502680,1,9,0,3,3,5,1,0,0,2,0,0,0,0,3,1,6,6,1,67,10,1380,1,22,NISSAN MODEL MISSING,4,E01001376,0,1
2024440092898,2024,440092898,1,9,0,18,19,4,8,0,0,0,0,0,0,0,1,1,6,6,2,37,7,1190,1,12,NISSAN MODEL MISSING,5,E01017028,0,1
2024010516709,2024,010516709,1,9,0,5,5,1,5,0,0,8,0,0,0,0,1,1,2,2,2,76,11,980,1,33,NISSAN MODEL MISSING,9,E01001281,0,1
2024451405810,2024,451405810,1,9,0,-1,19,5,1,-1,0,0,0,0,0,0,1,1,-1,2,1,27,6,1190,1,12,NISSAN MODEL MISSING,4,E01002047,0,4
2024430597610,2024,430597610,2,9,0,18,19,0,0,0,0,3,0,0,0,0,0,1,6,6,1,52,8,3500,1,22,NISSAN MODEL MISSING,10,E01016343,0,1
2024522403117,2024,522403117,2,9,0,18,19,7,4,0,0,1,0,0,0,0,4,1,6,6,1,36,7,3490,1,17,NISSAN MODEL MISSING,9,E01014792,0,3
2024371412527,2024,371412527,3,9,0,-1,19,2,6,-1,0,1,0,0,0,0,1,1,-1,9,1,28,6,1600,1,11,NISSAN MODEL MISSING,5,E01032523,0,2
2024141459492,2024,141459492,2,9,0,-1,19,5,2,-1,0,1,0,0,0,0,1,1,-1,9,2,37,7,1380,1,20,NISSAN MODEL MISSING,1,E01008060,0,1
2024471531787,2024,471531787,1,9,0,-1,9,3,7,-1,0,2,0,0,0,0,1,2,-1,6,1,50,8,3498,2,21,NISSAN MODEL MISSING,8,E01020954,0,1
2024231481769,2024,231481769,1,9,0,-1,7,3,8,-1,0,8,0,0,7,0,1,9,-1,6,1,47,8,2500,1,16,NISSAN MODEL MISSING,2,E01009210,0,4
2024052401151,2024,052401151,1,9,0,18,19,1,5,0,0,6,0,0,0,0,1,1,6,6,2,37,7,1498,1,16,NISSAN MODEL MISSING,2,E01005714,0,4
2024010530504,2024,010530504,2,9,0,99,99,9,9,99,99,9,9,99,9,99,1,9,6,6,1,49,8,1997,8,9,NISSAN MODEL MISSING,2,E01003047,0,1
2024010542584,2024,010542584,1,9,0,5,5,0,3,0,0,1,0,0,0,0,3,1,6,6,1,46,8,1490,1,17,NISSAN MODEL MISSING,6,E01003435,0,1
2024010545821,2024,010545821,3,9,0,18,19,7,3,0,0,1,0,0,0,0,1,1,6,6,2,35,6,1998,1,17,NISSAN MODEL MISSING,4,E01003203,0,1
2024010549502,2024,010549502,1,9,0,18,19,7,3,0,0,8,0,0,0,0,1,2,6,6,2,50,8,1490,1,16,NISSAN MODEL MISSING,-1,-1,0,-1
2024201535244,2024,201535244,1,9,0,-1,19,5,5,-1,0,0,0,10,1,2,1,1,-1,6,2,29,6,1461,2,12,NISSAN MODEL MISSING,2,E01009757,0,1
2024351518800,2024,351518800,1,9,0,-1,19,3,7,-1,0,0,5,0,1,0,0,1,-1,6,2,52,8,3490,1,18,NISSAN MODEL MISSING,9,E01028708,0,5
2024351482060,2024,351482060,1,19,0,-1,19,5,1,-1,0,0,0,0,0,0,1,1,-1,1,1,45,7,2298,2,3,NISSAN MODEL MISSING,3,E01034584,0,5
2024101471248,2024,101471248,1,9,0,-1,5,4,6,-1,0,-1,0,0,0,0,1,9,-1,6,1,43,7,2490,1,16,NISSAN MODEL MISSING,4,E01008255,0,1
2024010502749,2024,010502749,2,9,0,99,99,9,9,99,99,6,9,99,9,99,9,9,6,6,3,-1,-1,2495,1,16,NISSAN MODEL MISSING,-1,-1,0,-1
2024010541662,2024,010541662,1,9,0,99,99,9,9,99,99,9,9,99,9,99,2,9,6,6,1,52,8,2000,1,18,NISSAN MODEL MISSING,4,E01035652,0,1
2024010548931,2024,010548931,4,9,0,2,2,0,0,0,0,1,0,0,0,0,2,1,6,6,3,-1,-1,2480,1,14,NISSAN MODEL MISSING,-1,-1,0,-1
2024010510241,2024,010510241,1,9,0,9,9,1,8,0,0,8,0,0,0,0,4,1,6,6,1,28,6,1495,1,12,NISSAN MODEL MISSING,8,E01000317,0,1
2024610044524,2024,610044524,1,9,0,9,9,1,7,0,0,8,0,0,0,0,1,1,6,6,1,65,9,3490,1,16,NISSAN MODEL MISSING,10,W01001602,0,1
2024231509763,2024,231509763,2,9,0,-1,19,4,7,-1,0,0,1,0,1,0,1,1,-1,6,1,27,6,2490,1,25,NISSAN MODEL MISSING,7,E01031042,0,3
2024522402742,2024,522402742,2,9,0,3,3,1,5,0,0,0,0,0,0,0,2,1,6,6,1,38,7,1386,1,15,NISSAN MODEL MISSING,8,W01001747,0,4
2024070791086,2024,070791086,1,9,0,-1,14,7,3,-1,0,0,2,0,0,0,1,1,-1,9,1,44,7,1598,1,14,NISSAN MODEL MISSING,-1,-1,0,-1
2024010500606,2024,010500606,1,9,0,18,19,3,7,0,0,1,0,0,0,0,1,1,6,6,2,44,7,1190,1,11,NISSAN MODEL MISSING,4,E01004421,0,1
2024131431920,2024,131431920,1,9,0,-1,19,5,1,-1,0,0,1,0,1,2,3,1,-1,9,1,23,5,1999,1,32,NISSAN MODEL MISSING,6,E01011517,0,3
2024430442939,2024,430442939,2,9,0,18,19,2,6,0,0,0,0,0,7,4,3,1,6,6,1,39,7,2490,1,18,NISSAN MODEL MISSING,8,E01034782,0,3
2024161510608,2024,161510608,2,9,0,-1,1,2,6,-1,0,0,0,0,0,0,2,1,-1,6,1,-1,-1,1598,1,17,NISSAN MODEL MISSING,-1,-1,0,-1
2024141501592,2024,141501592,2,9,0,-1,19,5,1,-1,0,0,0,0,0,0,1,9,-1,6,3,-1,-1,1499,1,14,NISSAN MODEL MISSING,5,E01008045,0,1
202454A577424,2024,54A577424,1,9,0,9,9,3,5,0,0,6,0,0,0,0,3,1,6,6,1,21,5,1190,1,10,NISSAN MODEL MISSING,7,E01032024,0,2
2024451482691,2024,451482691,1,9,0,-1,19,7,3,-1,0,0,0,0,0,0,1,1,-1,6,1,35,6,1990,1,10,NISSAN MODEL MISSING,5,E01015029,0,5
2024371498650,2024,371498650,1,9,0,-1,19,6,6,-1,0,0,1,0,1,0,1,1,-1,6,1,62,9,996,1,10,SUZUKI ALTO,6,E01030090,0,1
2024031503030,2024,031503030,2,9,0,-1,19,3,7,-1,0,6,0,0,0,0,4,1,-1,2,2,62,9,996,1,15,SUZUKI ALTO,-1,-1,0,-1
2024991493582,2024,991493582,1,9,0,-1,19,1,5,-1,0,1,0,0,1,11,1,1,-1,1,2,23,5,996,1,12,SUZUKI ALTO,8,-1,0,4
2024070185617,2024,070185617,2,9,0,9,9,3,7,0,0,8,0,0,0,0,1,1,6,6,2,21,5,996,1,12,SUZUKI ALTO,5,E01012478,0,1
2024061535641,2024,061535641,2,9,0,-1,19,8,4,-1,0,1,0,0,0,0,2,1,-1,9,1,51,8,996,1,10,SUZUKI ALTO,2,E01034109,0,1
2024031489269,2024,031489269,1,9,0,-1,5,7,3,-1,0,8,0,0,0,0,1,1,-1,6,1,59,9,996,1,11,SUZUKI ALTO,9,E01019195,0,1
2024041407028,2024,041407028,2,9,0,-1,19,3,7,-1,0,8,0,0,0,0,4,1,-1,2,2,60,9,996,1,13,SUZUKI ALTO,9,E01025455,0,2
2024131457317,2024,131457317,2,9,0,-1,19,3,7,-1,0,0,0,0,0,0,3,1,-1,6,1,35,6,996,1,10,SUZUKI ALTO,-1,-1,0,-1
2024340NN4632,2024,340NN4632,2,9,0,-1,2,0,0,-1,0,1,0,0,1,11,2,1,-1,1,1,53,8,996,1,10,SUZUKI ALTO,9,E01027115,0,3
2024501435375,2024,501435375,1,9,0,-1,19,4,6,-1,0,1,0,0,0,0,1,1,-1,2,2,55,8,996,1,9,SUZUKI ALTO,4,E01019007,0,4
2024371439294,2024,371439294,1,9,0,-1,19,5,1,-1,0,0,0,0,0,0,1,9,-1,6,2,25,5,996,1,10,SUZUKI ALTO,8,E01029878,0,2
2024546258624,2024,546258624,3,9,0,2,2,0,0,-1,-1,2,0,0,0,0,1,1,6,6,3,-1,-1,996,1,15,SUZUKI ALTO,-1,-1,0,-1
2024430471110,2024,430471110,1,9,0,16,19,5,8,0,0,0,0,0,2,11,4,1,6,6,1,22,5,996,1,11,SUZUKI ALTO,6,E01002422,0,4
2024010521264,2024,010521264,3,9,0,18,19,8,4,0,0,0,0,4,0,0,1,1,6,6,1,25,5,996,1,15,SUZUKI ALTO,5,E01000006,0,1
2024010531591,2024,010531591,2,9,0,99,99,9,9,99,99,9,9,99,9,99,1,9,6,6,3,-1,-1,996,1,11,SUZUKI ALTO,6,E01002921,0,1
2024221420846,2024,221420846,1,9,0,-1,19,6,4,-1,0,2,1,10,7,10,1,1,-1,9,1,17,4,996,1,11,SUZUKI ALTO,6,E01032404,0,2
2024311416197,2024,311416197,3,9,0,-1,4,7,3,-1,0,0,0,4,0,0,1,1,-1,9,2,22,5,996,1,13,SUZUKI ALTO,2,E01019572,0,4
2024201516150,2024,201516150,1,9,0,-1,9,2,8,-1,0,2,0,0,0,0,1,9,-1,6,1,32,6,996,1,12,SUZUKI ALTO,2,E01009955,0,2
2024430441078,2024,430441078,1,9,0,18,19,1,5,0,0,4,0,0,0,0,3,1,6,6,1,-1,-1,996,1,11,SUZUKI ALTO,-1,-1,0,-1
2024421520288,2024,421520288,1,9,0,-1,19,1,5,-1,0,0,1,0,1,0,1,1,-1,9,1,21,5,996,1,15,SUZUKI ALTO,3,E01021806,0,1
2024471427392,2024,471427392,2,9,0,-1,19,5,1,-1,0,0,0,0,0,0,1,1,-1,2,2,30,6,996,1,14,SUZUKI ALTO,7,E01016912,0,2
2024231471000,2024,231471000,1,9,0,-1,19,7,3,-1,0,0,0,4,0,0,1,9,-1,6,2,89,11,996,1,12,SUZUKI ALTO,7,E01031137,0,1
2024070170369,2024,070170369,1,9,0,2,2,5,1,0,0,1,0,0,0,0,2,1,6,6,1,-1,-1,996,1,13,SUZUKI ALTO,-1,-1,0,-1
2024061446040,2024,061446040,1,9,0,-1,19,5,1,-1,0,1,0,0,0,0,4,9,-1,6,2,55,8,996,1,11,SUZUKI ALTO,3,E01005934,0,1
2024201458635,2024,201458635,2,9,0,-1,19,1,4,-1,0,1,0,0,0,0,1,9,-1,6,2,76,11,996,1,11,SUZUKI ALTO,1,E01009500,0,1
2024131494619,2024,131494619,1,9,0,-1,19,3,7,-1,0,0,2,0,0,0,1,1,-1,2,2,32,6,996,1,15,SUZUKI ALTO,3,E01011944,0,3
2024131512858,2024,131512858,1,9,0,-1,9,1,1,-1,0,1,1,0,1,0,4,1,-1,9,1,31,6,996,1,15,SUZUKI ALTO,4,E01011008,0,4
2024131496697,2024,131496697,1,9,0,-1,19,6,2,-1,0,5,0,0,0,0,1,1,-1,6,3,-1,-1,996,1,11,SUZUKI ALTO,-1,-1,0,-1
2024421504294,2024,421504294,1,9,0,-1,-1,-1,-1,-1,-1,0,-1,-1,-1,0,-1,9,-1,6,1,-1,-1,996,1,11,SUZUKI ALTO,5,E01033140,0,4
2024141400023,2024,141400023,1,9,0,-1,19,3,7,-1,0,0,0,0,0,0,1,1,-1,9,1,48,8,996,1,11,SUZUKI ALTO,1,E01007949,0,1
2024131403495,2024,131403495,2,9,0,-1,7,1,5,-1,0,0,0,0,0,0,1,1,-1,2,1,27,6,996,1,10,SUZUKI ALTO,1,E01010676,0,2
2024141497760,2024,141497760,1,9,0,-1,19,5,5,-1,0,0,0,0,0,0,1,1,-1,1,2,64,9,996,1,10,SUZUKI ALTO,3,E01007639,0,3
2024440288120,2024,440288120,2,9,0,18,19,7,3,0,0,1,0,0,0,0,1,1,6,6,1,-1,-1,1061,1,19,SUZUKI ALTO,-1,-1,0,-1
2024131474670,2024,131474670,1,9,0,-1,19,3,7,-1,0,1,0,7,0,0,1,1,-1,6,1,39,7,996,1,11,SUZUKI ALTO,1,E01009310,0,5
2024101443881,2024,101443881,1,9,0,-1,19,5,1,-1,0,0,0,0,0,0,1,1,-1,9,1,59,9,996,1,15,SUZUKI ALTO,2,E01008663,0,1
2024552401283,2024,552401283,2,9,0,18,19,6,2,0,0,8,0,10,7,1,1,1,2,2,2,55,8,996,1,11,SUZUKI ALTO,6,E01015318,0,1
2024522401167,2024,522401167,1,9,0,18,19,4,8,0,0,8,0,0,0,0,1,1,6,6,2,21,5,996,1,13,SUZUKI ALTO,6,E01014929,0,1
2024421471185,2024,421471185,2,9,0,-1,2,0,0,-1,9,1,0,0,0,0,2,1,-1,6,-1,-1,-1,1061,1,20,SUZUKI ALTO,-1,-1,0,-1
2024471477501,2024,471477501,1,9,0,-1,19,8,4,-1,0,0,0,0,0,0,1,1,-1,2,1,48,8,996,1,15,SUZUKI ALTO,10,E01031763,0,1
2024631404408,2024,631404408,1,9,0,-1,12,7,3,-1,0,0,0,0,0,0,1,1,-1,1,2,66,10,1061,1,20,SUZUKI ALTO,3,W01000856,0,3
2024332401145,2024,332401145,1,9,0,-1,19,5,1,-1,0,8,0,0,0,0,3,1,-1,1,2,70,10,996,1,10,SUZUKI ALTO,5,E01027113,0,4
2024052401973,2024,052401973,1,9,0,5,5,8,4,0,0,1,0,0,0,0,1,1,6,6,2,31,6,996,1,10,SUZUKI ALTO,4,E01007161,0,2
2024430252716,2024,430252716,2,9,0,18,19,8,4,0,0,0,1,0,0,0,3,1,6,6,1,62,9,1061,1,20,SUZUKI ALTO,6,E01016279,0,3
2024010502506,2024,010502506,1,9,0,18,19,6,2,0,0,0,0,0,0,0,1,1,6,6,1,65,9,996,1,11,SUZUKI ALTO,2,E01000533,0,2
2024440549748,2024,440549748,1,9,0,9,9,6,2,0,0,7,0,0,0,0,1,1,2,2,2,36,7,996,1,14,SUZUKI ALTO,9,E01023191,0,2
2024501417606,2024,501417606,1,9,0,-1,19,3,7,-1,0,0,0,0,0,0,1,9,-1,9,2,64,9,996,1,9,SUZUKI ALTO,1,E01019004,0,1
2024141446772,2024,141446772,2,9,0,-1,19,5,1,-1,0,0,0,0,0,0,2,1,-1,2,2,57,9,996,1,10,SUZUKI ALTO,4,E01007757,0,3
2024052401470,2024,052401470,1,9,0,18,19,7,3,0,0,0,0,0,1,3,1,1,6,6,2,19,4,996,1,13,SUZUKI ALTO,3,E01006353,0,2
2024320296658,2024,320296658,1,9,0,-1,-1,7,3,0,0,8,1,7,0,10,4,1,-1,-1,1,18,4,996,1,11,SUZUKI ALTO,8,E01026368,0,4
2024461415550,2024,461415550,2,9,0,-1,19,1,1,-1,0,0,0,0,0,0,2,9,-1,9,2,55,8,996,1,14,SUZUKI ALTO,6,E01024763,0,1
2024131428080,2024,131428080,3,9,0,-1,2,4,8,-1,9,8,0,0,0,0,2,1,-1,6,-1,-1,-1,996,1,11,SUZUKI ALTO,-1,-1,0,-1
2024471434977,2024,471434977,1,9,0,-1,19,3,7,-1,0,0,5,4,0,0,4,1,-1,9,1,18,4,996,1,14,SUZUKI ALTO,8,E01016979,0,1
2024501412960,2024,501412960,1,9,0,-1,12,2,6,-1,0,0,0,0,0,0,3,9,-1,6,1,34,6,996,1,10,SUZUKI ALTO,4,E01018922,0,1
2024131527765,2024,131527765,1,9,0,-1,-1,-1,-1,-1,-1,-1,-1,-1,-1,-1,-1,1,-1,6,3,-1,-1,996,1,13,SUZUKI ALTO,-1,-1,0,-1
2024141397382,2024,141397382,2,9,0,-1,14,7,3,-1,0,1,0,0,0,0,1,1,-1,9,2,23,5,996,1,15,SUZUKI ALTO,1,E01007739,0,1
2024211438970,2024,211438970,1,9,0,-1,19,6,2,-1,0,1,0,0,0,0,1,1,-1,9,1,22,5,996,1,13,SUZUKI ALTO,-1,-1,0,-1
2024131461580,2024,131461580,1,9,0,-1,19,1,1,-1,0,0,0,0,0,0,1,1,-1,6,1,20,4,996,1,14,SUZUKI ALTO,1,E01010736,0,1
2024010520607,2024,010520607,2,9,0,99,99,9,9,99,99,9,9,99,9,99,1,9,6,6,3,-1,-1,996,1,14,SUZUKI ALTO,3,E01030131,0,5
2024430230223,2024,430230223,1,9,0,7,7,3,7,0,0,5,0,0,0,0,4,1,2,2,1,22,5,996,1,9,SUZUKI ALTO,3,E01028519,0,1
2024411425290,2024,411425290,3,9,0,-1,3,5,1,-1,0,0,0,0,0,0,2,1,-1,2,2,26,6,996,1,12,SUZUKI ALTO,7,E01023901,0,1
2024440426976,2024,440426976,2,9,0,18,19,8,4,0,0,0,0,0,0,0,1,1,6,6,1,49,8,1061,1,19,SUZUKI ALTO,9,E01023134,0,1
2024070306937,2024,070306937,1,9,0,14,14,3,7,0,0,0,0,4,0,0,1,1,6,6,2,17,4,996,1,15,SUZUKI ALTO,10,E01018676,0,1
2024440341232,2024,440341232,2,9,0,18,19,4,8,0,0,1,0,0,0,0,1,1,6,6,2,56,9,996,1,11,SUZUKI ALTO,8,E01022829,0,1
2024520002981,2024,520002981,1,9,0,3,3,9,9,0,0,8,0,0,0,0,2,1,6,6,2,37,7,996,1,13,SUZUKI ALTO,8,E01014449,0,1
2024131415940,2024,131415940,1,9,0,-1,19,3,7,-1,0,0,0,0,0,0,1,1,-1,9,2,55,8,996,1,11,SUZUKI ALTO,1,E01011466,0,1
2024531469982,2024,531469982,1,9,0,-1,19,1,5,-1,0,0,0,0,0,0,1,1,-1,9,1,22,5,1061,1,20,SUZUKI ALTO,7,E01022230,0,3
2024430343596,2024,430343596,1,9,0,16,19,6,8,0,0,0,0,0,0,0,3,1,6,6,2,24,5,996,1,15,SUZUKI ALTO,7,E01023373,0,1
2024122400715,2024,122400715,1,9,0,15,15,5,1,0,0,0,0,0,0,0,4,1,6,6,2,79,11,996,1,10,SUZUKI ALTO,3,E01027862,0,1
2024351525948,2024,351525948,2,9,0,-1,4,3,7,-1,0,0,0,0,0,0,2,9,-1,9,2,33,6,996,1,13,SUZUKI ALTO,7,E01018220,0,3
2024421398150,2024,421398150,2,9,0,-1,19,5,1,-1,0,2,0,0,0,0,1,9,-1,1,1,40,7,996,1,11,SUZUKI ALTO,3,E01021267,0,1
2024161421151,2024,161421151,2,9,0,-1,2,0,0,-1,0,0,0,0,0,0,2,1,-1,9,1,79,11,996,1,10,SUZUKI ALTO,8,E01027839,0,4
2024052401027,2024,052401027,2,9,0,18,19,7,3,0,0,1,0,0,0,0,1,1,6,6,2,36,7,996,1,14,SUZUKI ALTO,4,E01006833,0,1
2024471400191,2024,471400191,1,9,0,-1,19,1,5,-1,0,0,5,0,7,3,1,1,-1,9,2,19,4,996,1,13,SUZUKI ALTO,7,E01022795,0,4
2024302401217,2024,302401217,1,9,0,16,19,5,8,0,0,0,5,0,0,0,1,1,6,6,1,17,4,996,1,12,SUZUKI ALTO,10,E01005814,0,3
2024531480355,2024,531480355,1,9,0,-1,19,5,1,-1,0,8,0,12,0,0,1,1,-1,6,1,58,9,996,1,12,SUZUKI ALTO,4,E01022241,0,1
2024531491566,2024,531491566,1,9,0,-1,9,6,4,-1,0,0,1,0,1,4,1,1,-1,9,1,18,4,1061,1,20,SUZUKI ALTO,6,E01022261,0,1
2024010528477,2024,010528477,2,9,0,99,99,9,9,99,99,9,9,99,9,99,9,9,2,2,1,61,9,996,1,14,SUZUKI ALTO,5,E01004141,0,1
2024010538606,2024,010538606,2,9,0,3,3,1,5,0,0,1,0,0,0,0,4,1,6,6,1,18,4,996,1,10,SUZUKI ALTO,2,E01015931,0,2
2024010542788,2024,010542788,2,9,0,99,99,9,9,0,0,9,0,0,0,0,1,9,6,6,2,62,9,996,1,11,SUZUKI ALTO,2,E01002227,0,1
2024010513270,2024,010513270,2,9,0,99,99,9,9,99,99,9,9,99,9,99,1,9,6,6,3,-1,-1,996,1,11,SUZUKI ALTO,-1,-1,0,-1
2024141415173,2024,141415173,2,9,0,-1,19,3,6,-1,0,1,0,0,0,0,1,1,-1,2,2,18,4,996,1,10,SUZUKI ALTO,8,E01007618,0,1
2024201503333,2024,201503333,2,9,0,-1,4,2,7,-1,0,0,0,0,0,0,2,9,-1,1,1,46,8,996,1,13,SUZUKI ALTO,5,E01009765,0,1
2024320212278,2024,320212278,1,9,0,-1,-1,8,4,0,0,0,1,0,7,9,1,1,-1,-1,1,28,6,996,1,13,SUZUKI ALTO,2,E01015634,0,4
2024471454544,2024,471454544,1,9,0,-1,12,1,5,-1,0,1,0,0,0,0,1,1,-1,2,2,21,5,996,1,14,SUZUKI ALTO,6,E01022858,0,4
2024201525154,2024,201525154,1,9,0,-1,9,2,7,-1,0,5,0,0,0,0,1,1,-1,9,2,26,6,996,1,9,SUZUKI ALTO,6,E01009189,0,1
2024010544544,2024,010544544,3,9,0,18,19,5,1,0,0,1,0,0,0,0,1,1,2,2,1,20,4,996,1,11,SUZUKI ALTO,10,E01000666,0,1
2024131519814,2024,131519814,1,9,0,-1,19,5,1,-1,0,0,1,0,0,0,1,1,-1,1,2,20,4,996,1,12,SUZUKI ALTO,1,E01010718,0,1
2024131503208,2024,131503208,1,9,0,-1,9,7,5,-1,0,6,0,0,0,0,3,1,-1,2,1,61,9,996,1,11,SUZUKI ALTO,1,E01011345,0,1
2024351406902,2024,351406902,1,9,0,-1,1,3,7,-1,0,2,0,0,0,0,1,1,-1,6,1,74,10,996,1,15,SUZUKI ALTO,5,E01022078,0,3
2024401499489,2024,401499489,2,9,0,-1,7,4,8,-1,0,0,0,0,0,0,4,1,-1,6,2,35,6,996,1,12,SUZUKI ALTO,6,E01017616,0,1
2024131421432,2024,131421432,1,9,0,-1,19,3,8,-1,0,8,0,0,0,0,2,1,-1,6,1,20,4,996,1,14,SUZUKI ALTO,8,E01013127,0,4
2024052400077,2024,052400077,2,9,0,18,19,8,4,0,0,8,0,0,0,0,1,1,6,6,2,53,8,996,1,11,SUZUKI ALTO,4,E01006837,0,4
2024221450126,2024,221450126,3,9,0,-1,19,8,4,-1,0,8,0,0,1,4,2,1,-1,6,2,55,8,996,1,11,SUZUKI ALTO,6,E01028973,0,1
2024522402550,2024,522402550,1,9,0,18,19,7,3,0,0,1,0,10,1,0,4,1,6,6,1,80,11,996,1,11,SUZUKI ALTO,4,E01014576,0,1
2024311498090,2024,311498090,2,9,0,-1,5,4,8,-1,0,6,5,0,1,0,3,1,-1,6,2,19,4,996,1,11,SUZUKI ALTO,10,E01026233,0,4
2024122400990,2024,122400990,2,9,0,18,19,7,3,0,0,1,0,0,0,0,3,1,6,6,2,20,4,996,1,15,SUZUKI ALTO,6,E01027923,0,3
2024010523781,2024,010523781,1,9,5,5,5,5,1,9,9,6,0,7,0,0,1,1,6,6,1,21,5,996,1,10,SUZUKI ALTO,6,E01002347,0,1
2024631413914,2024,631413914,1,9,0,-1,9,5,3,-1,0,8,0,0,0,0,4,1,-1,9,2,79,11,996,1,10,SUZUKI ALTO,4,W01000636,0,1
2024131470443,2024,131470443,1,9,0,-1,6,4,8,-1,0,8,0,0,0,0,3,1,-1,9,2,73,10,996,1,11,SUZUKI ALTO,3,E01011875,0,1
2024010513558,2024,010513558,1,9,0,99,99,9,9,99,99,9,9,99,9,99,9,9,6,6,2,43,7,996,1,11,SUZUKI ALTO,3,E01002560,0,1
2024471412559,2024,471412559,1,9,0,-1,9,8,6,-1,0,5,0,0,0,0,4,1,-1,9,1,62,9,996,1,14,SUZUKI ALTO,10,E01031425,0,1
2024311467974,2024,311467974,1,9,0,-1,7,8,2,-1,0,1,0,0,0,0,1,1,-1,1,2,30,6,996,1,12,SUZUKI ALTO,6,E01034732,0,5
2024522403159,2024,522403159,2,9,0,18,19,6,2,0,0,4,0,0,0,0,1,1,6,6,1,64,9,996,1,15,SUZUKI ALTO,4,E01014840,0,1
2024122500018,2024,122500018,2,9,0,18,19,8,4,0,0,0,0,0,1,10,3,1,6,6,2,61,9,996,1,9,SUZUKI ALTO,6,E01025167,0,4
2024131402221,2024,131402221,2,9,0,-1,19,1,1,-1,0,1,0,0,0,0,1,1,-1,1,2,72,10,996,1,11,SUZUKI ALTO,4,E01010708,0,1
2024122400927,2024,122400927,1,9,0,9,9,5,7,0,0,8,5,0,1,0,2,1,6,6,2,26,6,996,1,13,SUZUKI ALTO,5,E01027649,0,2
2024361410308,2024,361410308,1,9,0,-1,9,1,5,-1,0,2,0,0,0,0,1,1,-1,1,1,56,9,996,1,14,SUZUKI ALTO,6,E01026870,0,1
2024440110564,2024,440110564,2,9,0,2,2,0,0,0,0,1,0,0,0,0,4,1,3,7,1,57,9,996,1,10,SUZUKI ALTO,-1,-1,0,-1
2024141507819,2024,141507819,1,9,0,-1,9,7,3,-1,0,0,0,0,0,0,1,1,-1,9,2,85,11,996,1,11,SUZUKI ALTO,8,E01007381,0,1
2024211457663,2024,211457663,1,9,0,-1,19,3,6,-1,0,0,0,10,0,0,1,1,-1,6,1,22,5,996,1,12,SUZUKI ALTO,1,E01009269,0,4
2024070593861,2024,070593861,1,9,0,17,19,8,4,0,0,7,0,0,7,0,0,1,6,6,2,24,5,996,1,12,SUZUKI ALTO,7,E01018374,0,4
2024622400475,2024,622400475,1,9,0,17,19,6,2,0,0,0,0,0,7,4,1,1,2,2,2,27,6,996,1,13,SUZUKI ALTO,4,W01000747,0,4
2024302500160,2024,302500160,1,9,0,-1,19,1,4,-1,0,4,0,0,0,0,4,1,-1,6,1,26,6,996,1,14,SUZUKI ALTO,7,E01019673,0,1
2024061491215,2024,061491215,1,9,0,-1,19,8,3,-1,0,1,0,0,0,0,4,1,-1,9,1,59,9,996,1,11,SUZUKI ALTO,-1,-1,0,-1
2024991423906,2024,991423906,1,9,0,-1,4,7,3,-1,0,0,0,0,0,0,4,1,-1,9,2,76,11,996,1,10,SUZUKI ALTO,6,-1,0,2
2024622400779,2024,622400779,2,9,0,18,19,5,1,0,0,6,0,0,0,0,3,1,6,6,2,50,8,996,1,11,SUZUKI ALTO,10,W01001892,0,1
2024111412468,2024,111412468,1,9,0,-1,7,1,3,-1,0,0,0,0,0,0,1,1,-1,6,2,73,10,996,1,12,SUZUKI ALTO,2,E01020648,0,1
2024221469557,2024,221469557,1,9,0,-1,19,6,2,-1,0,0,0,0,0,0,3,9,-1,6,2,24,5,996,1,15,SUZUKI ALTO,5,E01032391,0,2
2024991484670,2024,991484670,1,9,0,-1,19,1,5,-1,0,0,0,0,0,0,1,1,-1,2,1,50,8,996,1,10,SUZUKI ALTO,-1,-1,0,-1
2024131431308,2024,131431308,2,9,0,-1,19,1,5,-1,0,0,0,0,0,0,1,1,-1,9,1,70,10,996,1,10,SUZUKI ALTO,6,E01011110,0,1