collision_index,collision_year,collision_ref_no,vehicle_reference,vehicle_type,towing_and_articulation,vehicle_manoeuvre_historic,vehicle_manoeuvre,vehicle_direction_from,vehicle_direction_to,vehicle_location_restricted_lane_historic,vehicle_location_restricted_lane,junction_location,skidding_and_overturning,hit_object_in_carriageway,vehicle_leaving_carriageway,hit_object_off_carriageway,first_point_of_impact,vehicle_left_hand_drive,journey_purpose_of_driver_historic,journey_purpose_of_driver,sex_of_driver,age_of_driver,age_band_of_driver,engine_capacity_cc,propulsion_code,age_of_vehicle,generic_make_model,driver_imd_decile,lsoa_of_driver,escooter_flag,driver_distance_banding
2024131408196,2024,131408196,1,9,0,-1,9,1,3,-1,0,6,0,0,0,0,3,1,-1,6,2,20,4,996,1,14,SUZUKI ALTO,2,E01010728,0,1
2024211536345,2024,211536345,1,9,0,-1,2,0,0,-1,0,1,0,0,0,0,3,1,-1,9,2,71,10,996,1,10,SUZUKI ALTO,2,E01014356,0,1
2024471500338,2024,471500338,1,9,0,-1,19,1,5,-1,0,4,0,0,0,0,1,1,-1,9,1,47,8,996,1,15,SUZUKI ALTO,9,E01031655,0,1
2024461446060,2024,461446060,2,9,0,-1,19,1,5,-1,0,0,0,0,0,0,1,9,-1,6,1,19,4,996,1,13,SUZUKI ALTO,5,E01032829,0,2
2024461431618,2024,461431618,2,9,0,-1,19,1,5,-1,0,1,0,0,0,0,4,1,-1,6,1,57,9,996,1,10,SUZUKI ALTO,2,E01024028,0,3
2024101426098,2024,101426098,2,9,0,-1,9,4,3,-1,0,5,0,0,0,0,2,1,-1,9,2,18,4,996,1,11,SUZUKI ALTO,7,E01008283,0,2
2024131507822,2024,131507822,2,9,0,-1,19,3,3,-1,0,1,0,0,0,0,1,1,-1,6,1,56,9,996,1,10,SUZUKI ALTO,4,E01011231,0,1
2024461529752,2024,461529752,1,9,0,-1,19,3,7,-1,0,0,5,0,7,11,3,1,-1,6,2,17,4,996,1,14,SUZUKI ALTO,7,E01024803,0,2
2024101462767,2024,101462767,2,9,0,-1,3,1,5,-1,0,0,0,0,0,0,2,9,-1,6,1,61,9,996,1,15,SUZUKI ALTO,4,E01034973,0,4
2024451413988,2024,451413988,1,9,0,-1,7,5,1,-1,0,0,0,0,1,0,3,1,-1,9,2,19,4,1061,1,19,SUZUKI ALTO,3,E01017098,0,4
2024461428383,2024,461428383,3,9,0,-1,19,5,4,-1,0,0,0,0,0,0,1,1,-1,6,2,27,6,996,1,15,SUZUKI ALTO,4,E01016100,0,1
2024070096608,2024,070096608,1,9,0,7,7,5,7,0,0,4,0,0,0,0,1,1,6,6,1,22,5,996,1,10,SUZUKI ALTO,3,E01018731,0,1
2024522402667,2024,522402667,1,9,0,17,19,1,6,0,0,1,0,0,0,0,1,1,6,6,1,36,7,996,1,10,SUZUKI ALTO,5,E01014927,0,1
2024010550925,2024,010550925,2,9,0,18,19,8,4,0,0,8,0,0,0,0,1,1,6,6,3,18,4,996,1,15,SUZUKI ALTO,9,E01002108,0,1
2024141436678,2024,141436678,1,9,0,-1,19,8,5,-1,0,1,0,0,0,0,1,1,-1,9,1,19,4,996,1,13,SUZUKI ALTO,1,E01007339,0,1
2024531505447,2024,531505447,1,9,0,-1,5,5,8,-1,0,4,0,0,0,0,1,1,-1,2,1,25,5,996,1,11,SUZUKI ALTO,10,E01034780,0,1
2024471395431,2024,471395431,1,9,0,-1,19,2,7,-1,9,0,0,0,1,11,1,1,-1,9,1,85,11,1061,1,19,SUZUKI ALTO,5,E01031743,0,1
2024501410731,2024,501410731,1,9,0,-1,19,3,7,-1,9,1,0,0,7,11,1,9,-1,9,2,85,11,996,1,10,SUZUKI ALTO,6,E01020172,0,1
2024991455742,2024,991455742,1,9,0,-1,19,8,4,-1,0,0,1,0,0,0,4,1,-1,6,1,40,7,996,1,12,SUZUKI ALTO,6,-1,0,2
2024122400548,2024,122400548,1,9,0,18,19,7,3,0,0,0,0,0,0,0,1,1,6,6,2,47,8,996,1,13,SUZUKI ALTO,6,E01027790,0,3
2024010545035,2024,010545035,1,9,0,18,19,1,5,0,0,0,0,0,0,0,1,1,6,6,2,84,11,996,1,9,SUZUKI ALTO,9,E01000456,0,1
2024430265108,2024,430265108,1,9,0,18,19,6,2,0,0,1,2,0,0,0,1,1,6,6,1,26,6,996,1,10,SUZUKI ALTO,10,E01016553,0,1
2024610005524,2024,610005524,1,9,0,18,19,8,4,0,0,0,0,0,0,0,1,1,6,6,1,28,6,996,1,15,SUZUKI ALTO,7,W01001432,0,1
2024201441142,2024,201441142,1,9,0,-1,19,8,4,-1,0,1,0,0,0,0,1,1,-1,9,1,40,7,996,1,15,SUZUKI ALTO,1,E01034933,0,1
2024631492594,2024,631492594,2,9,0,-1,19,2,6,-1,0,8,0,0,0,0,1,1,-1,9,1,84,11,996,1,10,SUZUKI ALTO,9,W01000432,0,3
2024070977881,2024,070977881,1,9,0,-1,9,5,6,-1,0,2,0,0,1,0,3,1,-1,9,2,28,6,996,1,11,SUZUKI ALTO,8,E01018441,0,2
2024471526893,2024,471526893,2,9,0,-1,19,8,4,-1,0,8,0,0,0,0,1,1,-1,9,1,27,6,996,1,11,SUZUKI ALTO,4,E01031573,0,2
2024501531307,2024,501531307,1,9,0,-1,19,5,1,-1,0,0,0,0,1,0,1,1,-1,6,1,19,4,996,1,10,SUZUKI ALTO,5,E01014549,0,5
2024031400973,2024,031400973,1,9,0,-1,19,4,8,-1,0,0,0,0,0,0,1,1,-1,6,1,41,7,996,1,10,SUZUKI ALTO,8,E01019365,0,3
2024311425949,2024,311425949,1,9,0,-1,4,3,7,-1,0,0,0,0,0,0,2,1,-1,2,2,58,9,996,1,11,SUZUKI ALTO,-1,-1,0,-1
2024332401088,2024,332401088,1,9,0,-1,9,2,8,-1,0,2,0,0,0,0,1,1,-1,2,2,34,6,996,1,10,SUZUKI ALTO,2,E01013657,0,1
2024320116501,2024,320116501,1,9,0,4,4,2,6,0,0,1,0,0,0,0,1,1,-1,-1,2,79,11,996,1,11,SUZUKI ALTO,5,E01026213,0,2
2024131439099,2024,131439099,2,9,0,-1,19,8,4,-1,0,0,0,0,0,0,4,1,-1,6,1,84,11,996,1,10,SUZUKI ALTO,3,E01010761,0,1
2024421514766,2024,421514766,1,9,0,-1,19,1,5,-1,0,4,0,0,0,0,1,1,-1,2,2,23,5,996,1,10,SUZUKI ALTO,4,E01021955,0,1
2024440432327,2024,440432327,2,9,0,13,13,7,3,0,0,2,0,0,0,0,1,1,6,6,2,-1,-1,1061,1,19,SUZUKI ALTO,-1,-1,0,-1
2024332400876,2024,332400876,1,9,0,-1,19,8,4,-1,0,0,0,0,0,0,1,1,-1,6,1,-1,-1,996,1,10,SUZUKI ALTO,-1,-1,0,-1
2024471528763,2024,471528763,1,9,0,-1,19,3,7,-1,0,1,0,0,0,0,1,1,-1,6,1,17,4,996,1,12,SUZUKI ALTO,10,E01031627,0,1
2024440351680,2024,440351680,1,9,0,12,12,7,3,0,0,0,0,2,0,0,1,1,6,6,1,76,11,996,1,12,SUZUKI ALTO,8,E01016815,0,5
2024361408173,2024,361408173,2,9,0,-1,19,4,8,-1,0,1,0,0,1,0,1,1,-1,6,1,57,9,996,1,12,SUZUKI ALTO,5,E01026491,0,3
2024052402124,2024,052402124,1,9,0,9,9,4,2,0,0,1,0,0,0,0,4,1,6,6,1,27,6,996,1,11,SUZUKI ALTO,1,E01006540,0,1
2024991425929,2024,991425929,2,9,0,-1,3,6,2,-1,0,1,0,0,0,0,2,1,-1,6,2,46,8,996,1,15,SUZUKI ALTO,3,-1,0,1
2024131399568,2024,131399568,2,9,0,-1,2,5,1,-1,9,8,0,0,0,0,1,1,-1,6,-1,-1,-1,996,1,15,SUZUKI ALTO,-1,-1,0,-1
2024631440832,2024,631440832,2,9,0,-1,9,2,7,-1,0,5,0,0,0,0,2,1,-1,9,2,58,9,996,1,13,SUZUKI ALTO,7,W01000464,0,1
2024522401464,2024,522401464,2,9,0,3,3,2,6,0,0,1,0,0,0,0,2,1,6,6,1,37,7,996,1,15,SUZUKI ALTO,7,E01014936,0,1
2024201461793,2024,201461793,1,9,0,-1,1,4,8,-1,0,0,0,0,0,0,2,1,-1,6,1,30,6,996,1,10,SUZUKI ALTO,-1,-1,0,-1
2024201431802,2024,201431802,1,9,0,-1,5,8,4,-1,0,6,0,0,0,0,1,9,-1,6,2,48,8,996,1,14,SUZUKI ALTO,-1,-1,0,-1
2024010550228,2024,010550228,2,9,0,18,19,7,3,0,0,0,0,0,0,0,1,1,6,6,2,75,10,1061,1,19,SUZUKI ALTO,3,E01000403,0,1
2024010539683,2024,010539683,1,9,0,18,19,3,7,0,0,8,0,0,0,0,1,1,6,6,2,65,9,996,1,15,SUZUKI ALTO,5,E01033791,0,1
2024122401282,2024,122401282,1,9,0,18,19,7,3,0,0,0,0,0,0,0,1,1,6,6,2,73,10,996,1,10,SUZUKI ALTO,6,E01027560,0,1
2024320632390,2024,320632390,2,9,0,-1,-1,1,5,0,0,8,0,0,0,0,1,1,6,6,2,51,8,996,1,10,SUZUKI ALTO,9,E01034695,0,1
2024991444543,2024,991444543,2,9,0,-1,19,5,2,-1,0,0,0,0,0,0,1,1,-1,9,2,73,10,996,1,10,SUZUKI ALTO,5,-1,0,1
2024221441013,2024,221441013,1,9,0,-1,4,6,2,-1,0,1,0,0,1,0,2,9,-1,1,1,40,7,996,1,14,SUZUKI ALTO,10,E01032151,0,1
2024501428616,2024,501428616,2,9,0,-1,3,5,1,-1,0,4,1,0,0,0,2,1,-1,9,1,54,8,996,1,15,SUZUKI ALTO,7,E01018889,0,4
2024010529147,2024,010529147,2,9,0,99,99,9,9,99,99,9,9,99,9,99,9,9,6,6,3,-1,-1,996,1,15,SUZUKI ALTO,-1,-1,0,-1
2024531460686,2024,531460686,2,9,0,-1,9,7,3,-1,0,3,0,0,0,0,4,1,-1,1,2,43,7,996,1,11,SUZUKI ALTO,9,E01022107,0,1
2024111485735,2024,111485735,2,9,0,-1,9,5,3,-1,0,5,0,0,7,0,3,1,-1,9,2,82,11,996,1,10,SUZUKI ALTO,7,E01033481,0,1
2024010516357,2024,010516357,2,9,0,18,19,1,5,0,0,0,0,0,0,0,2,1,2,2,2,25,5,996,1,12,SUZUKI ALTO,3,E01002493,0,1
2024522402165,2024,522402165,1,9,0,9,9,2,8,0,0,5,0,0,0,0,1,1,6,6,2,65,9,996,1,15,SUZUKI ALTO,4,E01014904,0,1
2024201517442,2024,201517442,2,9,0,-1,19,8,4,-1,0,8,0,0,0,0,1,1,-1,6,1,63,9,1061,1,18,SUZUKI ALTO,1,E01010484,0,1
2024010501537,2024,010501537,1,9,0,18,19,1,5,0,0,0,0,0,0,0,3,1,6,6,1,27,6,996,1,11,SUZUKI ALTO,5,E01033274,0,5
2024501510450,2024,501510450,1,9,0,-1,19,7,3,-1,0,0,0,0,0,0,1,1,-1,6,2,19,4,996,1,13,SUZUKI ALTO,10,E01019943,0,1
2024311526142,2024,311526142,1,9,0,-1,7,1,7,-1,0,2,0,0,0,0,1,1,-1,2,1,64,9,996,1,10,SUZUKI ALTO,2,E01013853,0,1
2024010503675,2024,010503675,1,9,0,99,99,9,9,99,99,9,9,99,9,99,9,9,6,6,2,51,8,996,1,9,SUZUKI ALTO,2,E01001651,0,3
2024631532062,2024,631532062,1,9,0,-1,19,8,4,-1,0,2,0,0,0,0,3,1,-1,2,1,23,5,996,1,10,SUZUKI ALTO,8,W01000449,0,1
2024340WN0642,2024,340WN0642,1,9,0,-1,19,1,5,-1,0,6,0,0,0,0,1,1,-1,9,2,87,11,996,1,13,SUZUKI ALTO,7,E01027259,0,1
2024461402164,2024,461402164,1,9,0,-1,19,7,3,-1,0,1,0,0,0,0,1,9,-1,6,1,18,4,996,1,10,SUZUKI ALTO,7,E01024236,0,1
2024302400255,2024,302400255,1,9,0,15,15,1,5,0,0,1,0,0,0,0,4,1,6,6,2,29,6,996,1,11,SUZUKI ALTO,2,E01019826,0,1
2024231467787,2024,231467787,2,3,0,-1,19,8,4,-1,0,8,0,0,0,0,1,1,-1,9,1,17,4,124,1,13,-1,5,E01032174,0,4
2024631508262,2024,631508262,1,3,0,-1,19,8,4,-1,0,1,1,0,2,10,1,1,-1,6,1,29,6,124,1,19,-1,7,W01000735,0,1
2024141484569,2024,141484569,2,3,0,-1,19,6,2,-1,0,1,0,0,0,0,1,1,-1,2,1,19,4,124,1,8,-1,9,E01007624,0,1
2024111498935,2024,111498935,2,3,0,-1,14,5,1,-1,0,0,5,0,0,0,0,1,-1,6,2,23,5,124,1,19,-1,4,E01020661,0,1
2024320165361,2024,320165361,2,3,0,-1,-1,2,6,0,0,8,2,0,0,0,1,1,-1,-1,1,17,4,124,1,17,-1,2,E01026101,0,1
2024501516900,2024,501516900,2,3,0,-1,19,5,1,-1,0,1,0,0,0,0,1,1,-1,6,1,42,7,124,1,19,-1,4,E01015236,0,2
2024061418450,2024,061418450,1,9,0,-1,19,3,7,-1,0,0,0,0,0,0,1,1,-1,2,2,58,9,1496,1,6,TOYOTA YARIS,3,E01005641,0,2
2024411539020,2024,411539020,1,9,0,-1,19,5,1,-1,0,0,0,11,0,0,2,1,-1,6,2,41,7,1497,8,6,TOYOTA YARIS,3,E01035605,0,3
2024141413254,2024,141413254,2,9,0,-1,7,8,2,-1,0,6,0,0,0,0,1,1,-1,9,1,77,11,1490,8,1,TOYOTA YARIS,1,E01007474,0,2
2024461406597,2024,461406597,2,9,0,-1,5,1,5,-1,0,1,0,0,0,0,1,1,-1,2,1,52,8,1497,8,10,TOYOTA YARIS,3,E01024176,0,1
2024010507488,2024,010507488,1,9,0,99,99,9,9,99,99,9,9,99,9,99,9,9,2,2,1,38,7,1329,1,15,TOYOTA YARIS,5,E01004141,0,1
2024531420405,2024,531420405,2,9,0,-1,19,2,6,-1,0,0,0,0,1,0,0,1,-1,6,2,80,11,1329,1,8,TOYOTA YARIS,7,E01022302,0,1
2024332400662,2024,332400662,1,9,0,-1,9,6,4,-1,0,5,0,0,0,0,1,1,-1,9,2,81,11,1329,1,13,TOYOTA YARIS,8,E01025613,0,1
2024131487381,2024,131487381,2,9,0,-1,9,7,3,-1,0,6,0,0,0,0,1,1,-1,1,2,56,9,1497,8,4,TOYOTA YARIS,3,E01011240,0,3
2024010541060,2024,010541060,1,9,0,4,4,1,5,0,0,1,0,0,0,0,2,1,6,6,2,29,6,1490,8,3,TOYOTA YARIS,2,E01015754,0,4
2024340NN2302,2024,340NN2302,1,9,0,-1,19,6,2,-1,0,0,1,0,0,0,1,1,-1,2,2,29,6,1299,1,20,TOYOTA YARIS,2,E01035431,0,3
2024440044439,2024,440044439,1,9,0,9,9,6,3,0,0,8,0,0,0,0,4,1,6,6,1,33,6,998,1,15,TOYOTA YARIS,2,E01032750,0,1
2024010527537,2024,010527537,2,9,0,99,99,9,9,99,99,9,9,99,9,99,2,9,6,6,3,-1,-1,1497,8,7,TOYOTA YARIS,-1,-1,0,-1
2024101427042,2024,101427042,1,9,0,-1,7,2,4,-1,0,0,0,0,1,0,1,1,-1,9,2,80,11,1497,8,11,TOYOTA YARIS,8,E01008647,0,1
2024231497800,2024,231497800,1,9,0,-1,5,1,5,-1,0,4,0,9,3,10,1,1,-1,2,1,44,7,1496,1,5,TOYOTA YARIS,5,E01031333,0,1
2024440333283,2024,440333283,2,9,0,18,19,2,6,0,0,1,0,0,0,0,1,1,6,6,1,-1,-1,1329,1,12,TOYOTA YARIS,-1,-1,0,-1
2024131499999,2024,131499999,1,9,0,-1,4,2,2,-1,0,1,0,0,0,0,1,1,-1,9,2,31,6,1296,1,17,TOYOTA YARIS,6,E01011042,0,1
2024430383226,2024,430383226,1,9,0,18,19,1,5,0,0,0,0,0,0,0,1,1,6,6,1,18,4,1364,2,18,TOYOTA YARIS,-1,-1,0,-1
2024461462924,2024,461462924,1,9,0,-1,19,2,6,-1,9,1,0,11,3,0,1,1,-1,9,2,75,10,1490,8,4,TOYOTA YARIS,5,E01024014,0,1
2024991534352,2024,991534352,1,9,0,-1,4,5,1,-1,0,1,0,0,0,0,1,1,-1,6,2,19,4,998,1,22,TOYOTA YARIS,2,-1,0,3
2024131434113,2024,131434113,3,9,0,-1,19,8,4,-1,0,0,0,0,0,0,2,1,-1,9,2,70,10,1329,1,9,TOYOTA YARIS,9,E01027575,0,4
2024201424122,2024,201424122,1,9,0,-1,9,8,6,-1,0,6,0,0,0,0,1,1,-1,6,1,40,7,1329,1,14,TOYOTA YARIS,-1,-1,0,-1
2024201488415,2024,201488415,1,9,0,-1,19,1,6,-1,0,6,0,0,0,0,4,1,-1,9,2,30,6,1329,1,11,TOYOTA YARIS,1,E01009092,0,2
2024010497937,2024,010497937,1,9,0,3,3,1,5,0,0,1,0,0,0,0,0,1,1,1,1,64,9,1490,8,2,TOYOTA YARIS,8,E01000665,0,2
2024471426432,2024,471426432,1,9,0,-1,12,2,6,-1,0,8,0,0,0,0,3,1,-1,6,1,24,5,1299,1,25,TOYOTA YARIS,4,E01031569,0,1
2024371539498,2024,371539498,1,9,0,-1,19,7,3,-1,0,0,0,0,0,0,1,1,-1,9,1,38,7,1497,8,11,TOYOTA YARIS,6,E01004463,0,4
2024010523742,2024,010523742,1,9,0,7,7,7,2,0,0,8,0,0,0,0,2,1,6,6,1,82,11,1329,1,14,TOYOTA YARIS,6,E01000244,0,1
2024440518786,2024,440518786,1,9,0,18,19,2,6,0,0,0,0,0,0,0,1,1,6,6,1,73,10,1490,8,2,TOYOTA YARIS,10,E01022467,0,1
2024451533448,2024,451533448,2,9,0,-1,7,5,7,-1,0,0,0,0,0,0,3,1,-1,9,2,30,6,1497,8,7,TOYOTA YARIS,10,E01030495,0,1
2024201427386,2024,201427386,2,9,0,-1,9,4,2,-1,0,6,0,0,0,0,4,9,-1,6,1,34,6,1296,1,18,TOYOTA YARIS,1,E01034939,0,1
2024201489384,2024,201489384,2,9,0,-1,2,0,0,-1,0,0,0,0,0,0,2,1,-1,6,2,40,7,1490,8,1,TOYOTA YARIS,3,E01009596,0,1
2024010517258,2024,010517258,2,9,0,99,99,9,9,99,99,9,9,99,9,99,2,9,6,6,3,55,8,1490,8,1,TOYOTA YARIS,2,E01000091,0,1
2024451416301,2024,451416301,2,9,0,-1,19,1,5,-1,0,1,0,0,0,0,1,1,-1,6,1,27,6,1299,1,23,TOYOTA YARIS,6,E01002968,0,3
2024010527993,2024,010527993,1,9,0,99,99,9,9,99,99,9,9,99,9,99,4,9,6,6,2,53,8,1497,8,11,TOYOTA YARIS,7,E01023540,0,2
2024440141494,2024,440141494,2,9,0,3,3,2,6,0,0,1,0,0,0,0,2,1,6,6,2,27,6,1490,8,3,TOYOTA YARIS,10,E01022518,0,1
2024332400668,2024,332400668,2,9,0,-1,19,5,1,-1,0,8,1,0,7,2,1,1,-1,2,2,20,4,1490,8,1,TOYOTA YARIS,1,E01028256,0,4
2024041452244,2024,041452244,2,9,0,-1,3,3,7,-1,0,4,0,0,0,0,3,1,-1,9,2,46,8,1496,1,7,TOYOTA YARIS,4,E01025556,0,1
2024440073513,2024,440073513,1,9,0,18,19,8,4,0,0,1,0,0,0,0,1,1,6,6,2,86,11,1329,1,8,TOYOTA YARIS,8,E01022945,0,1
2024991456777,2024,991456777,1,9,0,-1,19,1,6,-1,0,8,2,0,3,0,1,1,-1,9,1,23,5,1296,1,18,TOYOTA YARIS,2,-1,0,4
2024211466459,2024,211466459,1,9,0,-1,4,5,1,-1,0,0,0,0,0,0,2,1,-1,1,1,65,9,1496,1,6,TOYOTA YARIS,-1,-1,0,-1
2024411503781,2024,411503781,7,9,0,-1,19,2,6,-1,0,0,0,0,0,0,3,1,-1,6,2,-1,-1,1496,1,5,TOYOTA YARIS,9,E01033116,0,4
2024430270025,2024,430270025,2,9,0,18,19,6,2,0,0,0,0,0,0,0,3,1,6,6,2,30,6,1299,1,19,TOYOTA YARIS,-1,-1,0,-1
2024201523579,2024,201523579,2,9,0,-1,4,3,7,-1,0,0,0,0,0,0,2,9,-1,2,1,56,9,998,1,18,TOYOTA YARIS,-1,-1,0,-1
2024031504140,2024,031504140,2,9,0,-1,19,4,8,-1,0,0,5,0,0,0,1,1,-1,6,1,42,7,1490,8,0,TOYOTA YARIS,2,-1,0,5
2024440527070,2024,440527070,2,9,0,9,9,3,1,0,0,6,0,0,0,0,1,1,6,6,1,57,9,1490,8,2,TOYOTA YARIS,10,E01022553,0,1
2024201528200,2024,201528200,2,9,0,-1,3,2,6,-1,0,0,0,0,0,0,2,1,-1,1,2,25,5,1329,1,10,TOYOTA YARIS,1,E01010450,0,3
2024201509046,2024,201509046,2,9,0,-1,19,1,5,-1,0,8,0,0,0,0,1,1,-1,9,2,36,7,1490,8,2,TOYOTA YARIS,6,E01009419,0,2
2024101437467,2024,101437467,1,9,0,-1,19,6,2,-1,0,6,0,0,0,0,1,1,-1,9,1,58,9,1497,8,5,TOYOTA YARIS,7,E01008364,0,1
2024991480918,2024,991480918,2,9,0,-1,19,3,7,-1,0,0,0,0,1,0,1,1,-1,6,1,40,7,1329,1,8,TOYOTA YARIS,5,-1,0,1
2024631472488,2024,631472488,1,9,0,-1,19,8,4,-1,0,6,0,0,0,0,1,1,-1,9,2,68,10,1364,2,13,TOYOTA YARIS,7,W01000448,0,4
2024522403433,2024,522403433,2,9,0,9,9,1,7,0,0,5,0,0,0,0,3,1,6,6,2,28,6,1329,1,13,TOYOTA YARIS,4,E01014488,0,1
2024010498235,2024,010498235,1,9,0,99,99,9,9,99,99,9,9,99,9,99,9,9,1,1,1,35,6,1497,8,10,TOYOTA YARIS,4,E01033929,0,1
2024010531373,2024,010531373,1,9,0,18,19,7,3,0,0,8,0,0,0,0,1,1,6,6,3,-1,-1,1497,8,11,TOYOTA YARIS,-1,-1,0,-1
2024010544301,2024,010544301,2,9,0,99,99,9,9,99,99,9,9,99,9,99,9,9,6,6,3,-1,-1,1296,1,16,TOYOTA YARIS,-1,-1,0,-1
2024201489726,2024,201489726,1,9,0,-1,19,1,5,-1,0,0,0,0,0,0,1,1,-1,6,1,19,4,1329,1,14,TOYOTA YARIS,1,E01033649,0,1
2024421467421,2024,421467421,1,9,0,-1,5,5,3,-1,0,6,0,0,0,0,1,1,-1,9,1,40,7,1490,8,1,TOYOTA YARIS,8,E01003709,0,1
2024622400792,2024,622400792,1,9,0,18,19,2,6,0,0,0,0,0,0,0,1,1,6,6,2,36,7,1490,8,2,TOYOTA YARIS,2,W01000941,0,1
2024131453545,2024,131453545,1,9,0,-1,19,1,5,-1,0,0,2,0,0,0,4,1,-1,9,1,20,4,1363,2,19,TOYOTA YARIS,7,E01011102,0,1
2024010548896,2024,010548896,1,9,0,18,19,5,1,0,0,0,0,0,0,0,1,1,3,7,2,33,6,1329,1,11,TOYOTA YARIS,4,E01034603,0,1
2024201538913,2024,201538913,2,9,0,-1,19,6,2,-1,0,8,0,0,0,0,3,9,-1,9,1,38,7,1497,1,23,TOYOTA YARIS,2,E01009481,0,2
2024141489382,2024,141489382,1,9,0,-1,13,4,8,-1,0,0,0,0,0,0,4,1,-1,9,1,47,8,1618,1,2,TOYOTA YARIS,5,E01007501,0,3
2024311458548,2024,311458548,2,9,0,-1,19,7,3,-1,0,0,0,0,0,0,1,1,-1,9,1,57,9,1490,8,2,TOYOTA YARIS,6,E01013840,0,4
2024201496979,2024,201496979,1,9,0,-1,19,8,2,-1,0,2,5,4,0,0,1,1,-1,2,2,58,9,1329,1,14,TOYOTA YARIS,-1,-1,0,-1
2024440403889,2024,440403889,1,9,0,18,19,5,1,0,0,0,5,4,0,0,1,1,6,6,2,55,8,1490,8,1,TOYOTA YARIS,2,E01017188,0,1
2024471492730,2024,471492730,1,9,0,-1,19,5,1,-1,0,0,0,0,5,6,3,1,-1,6,2,24,5,1497,8,7,TOYOTA YARIS,9,E01021208,0,1
2024141494842,2024,141494842,1,9,0,-1,4,2,6,-1,0,0,1,0,0,0,1,1,-1,1,1,20,4,1364,2,18,TOYOTA YARIS,1,E01007716,0,3
2024411442698,2024,411442698,3,9,-1,-1,-1,-1,-1,-1,-1,-1,-1,-1,-1,0,-1,9,-1,6,2,45,7,1296,1,18,TOYOTA YARIS,7,E01023856,0,1
2024351456775,2024,351456775,1,9,0,-1,9,5,3,-1,0,8,0,0,3,0,1,1,-1,6,2,37,7,1497,8,6,TOYOTA YARIS,4,E01018146,0,1
2024451480268,2024,451480268,4,9,0,-1,3,7,3,-1,0,1,0,0,0,0,2,1,-1,9,2,61,9,1329,1,11,TOYOTA YARIS,10,E01030366,0,1
2024041450715,2024,041450715,2,9,0,-1,19,1,5,-1,0,0,0,0,0,0,3,1,-1,9,1,61,9,1364,2,12,TOYOTA YARIS,4,E01024896,0,3
2024201514727,2024,201514727,1,9,0,-1,19,6,2,-1,0,1,0,0,0,0,1,1,-1,6,2,-1,-1,1329,1,12,TOYOTA YARIS,-1,-1,0,-1
2024201530640,2024,201530640,2,9,0,-1,3,4,8,-1,0,4,0,0,0,0,2,1,-1,2,1,34,6,1618,1,3,TOYOTA YARIS,4,E01032537,0,1
2024010510762,2024,010510762,2,9,0,9,9,3,8,0,0,1,0,0,0,0,2,1,6,6,2,36,7,1490,8,2,TOYOTA YARIS,3,E01000955,0,2
2024421454252,2024,421454252,2,9,0,-1,19,8,4,-1,0,1,0,0,0,0,4,9,-1,9,1,48,8,1496,1,5,TOYOTA YARIS,3,E01016022,0,4
2024122401098,2024,122401098,2,9,0,18,19,6,2,0,0,0,0,0,0,0,0,1,6,6,1,64,9,1329,1,8,TOYOTA YARIS,9,E01027904,0,2
2024010504094,2024,010504094,2,9,0,3,3,7,3,0,0,3,0,0,0,0,2,1,6,6,1,64,9,1490,8,2,TOYOTA YARIS,4,E01000466,0,1
2024440543635,2024,440543635,3,9,0,4,4,6,3,0,0,1,0,0,0,0,0,1,6,6,2,39,7,1329,1,10,TOYOTA YARIS,7,E01032016,0,3
2024071015172,2024,071015172,1,9,0,-1,19,8,8,-1,0,9,0,0,0,0,1,1,-1,6,2,33,6,1329,1,9,TOYOTA YARIS,2,E01033300,0,1
2024451404951,2024,451404951,1,9,0,-1,4,1,1,-1,0,0,0,0,0,0,3,1,-1,6,2,35,6,1296,1,16,TOYOTA YARIS,4,E01030852,0,1
2024320397498,2024,320397498,2,9,0,10,10,1,7,0,0,1,0,0,7,0,2,1,-1,-1,2,76,11,1497,8,12,TOYOTA YARIS,7,E01026051,0,1
2024010500082,2024,010500082,1,9,0,99,99,9,9,99,99,0,9,99,9,99,9,9,6,6,2,35,6,998,1,16,TOYOTA YARIS,6,E01002353,0,1
2024122500006,2024,122500006,1,9,0,4,4,2,7,0,0,0,2,0,1,4,1,1,6,6,2,19,4,1329,1,15,TOYOTA YARIS,9,E01011397,0,4
2024211527998,2024,211527998,3,9,0,-1,8,3,7,-1,0,6,0,0,0,0,3,1,-1,1,1,31,6,1490,8,2,TOYOTA YARIS,-1,-1,0,-1
2024471437192,2024,471437192,1,9,0,-1,19,5,1,-1,0,0,0,0,0,0,1,1,-1,6,2,20,4,998,1,24,TOYOTA YARIS,6,E01035335,0,3
2024010513698,2024,010513698,2,9,0,4,4,7,3,0,0,2,0,4,0,0,3,1,6,6,2,40,7,1496,1,7,TOYOTA YARIS,-1,-1,0,-1
2024201436940,2024,201436940,1,9,0,-1,19,2,6,-1,0,0,0,0,0,0,1,9,-1,9,1,56,9,1329,1,13,TOYOTA YARIS,4,E01009030,0,1
2024010518711,2024,010518711,1,9,0,18,19,8,4,0,0,1,0,0,0,0,1,1,6,6,2,60,9,1299,1,20,TOYOTA YARIS,9,E01024791,0,4
2024010495315,2024,010495315,1,9,0,99,99,9,9,0,0,0,0,0,0,0,9,1,6,6,2,46,8,1497,8,4,TOYOTA YARIS,6,E01002329,0,1