collision_index,collision_year,collision_ref_no,vehicle_reference,vehicle_type,towing_and_articulation,vehicle_manoeuvre_historic,vehicle_manoeuvre,vehicle_direction_from,vehicle_direction_to,vehicle_location_restricted_lane_historic,vehicle_location_restricted_lane,junction_location,skidding_and_overturning,hit_object_in_carriageway,vehicle_leaving_carriageway,hit_object_off_carriageway,first_point_of_impact,vehicle_left_hand_drive,journey_purpose_of_driver_historic,journey_purpose_of_driver,sex_of_driver,age_of_driver,age_band_of_driver,engine_capacity_cc,propulsion_code,age_of_vehicle,generic_make_model,driver_imd_decile,lsoa_of_driver,escooter_flag,driver_distance_banding
2024430558616,2024,430558616,2,9,0,18,19,0,0,0,0,0,0,0,8,11,0,1,6,6,2,83,11,1490,8,0,TOYOTA YARIS,10,E01016684,0,1
202460Q011421,2024,60Q011421,1,9,0,7,7,2,4,0,0,6,0,0,0,0,1,1,6,6,2,51,8,1490,8,2,TOYOTA YARIS,-1,-1,0,-1
2024401503359,2024,401503359,1,9,0,-1,11,-1,-1,-1,0,4,0,0,0,0,1,9,-1,6,1,52,8,998,1,22,TOYOTA YARIS,7,E01033828,0,3
2024010493549,2024,010493549,5,9,0,2,2,0,0,0,0,2,0,0,0,0,0,1,6,6,3,-1,-1,1497,8,6,TOYOTA YARIS,-1,-1,0,-1
2024061435367,2024,061435367,1,9,0,-1,9,6,7,-1,0,0,0,0,0,0,0,1,-1,6,2,28,6,998,1,16,TOYOTA YARIS,3,E01005149,0,1
2024401528351,2024,401528351,2,9,0,-1,3,3,7,-1,0,1,0,0,0,0,2,1,-1,9,2,28,6,1296,1,17,TOYOTA YARIS,8,E01015695,0,1
2024101490456,2024,101490456,2,9,0,-1,9,5,3,-1,0,0,0,0,0,0,3,9,-1,9,1,55,8,1329,1,10,TOYOTA YARIS,4,E01008855,0,1
2024010550566,2024,010550566,1,9,0,99,99,9,9,99,99,9,9,99,9,99,2,9,6,6,3,23,5,1490,8,2,TOYOTA YARIS,4,E01003203,0,1
2024131413719,2024,131413719,1,9,0,-1,19,5,1,-1,0,1,0,8,0,0,4,1,-1,6,2,28,6,1497,8,6,TOYOTA YARIS,5,E01035044,0,1
2024010510756,2024,010510756,2,9,0,99,99,9,9,99,99,9,9,99,9,99,1,9,6,6,3,-1,-1,1296,1,16,TOYOTA YARIS,-1,-1,0,-1
2024010524711,2024,010524711,1,9,0,18,19,1,5,0,0,1,0,0,0,0,1,1,6,6,1,24,5,1329,1,11,TOYOTA YARIS,2,E01002368,0,1
2024361428094,2024,361428094,1,9,0,-1,19,1,5,-1,0,0,0,0,0,0,4,1,-1,2,1,54,8,1618,1,1,TOYOTA YARIS,6,E01026872,0,3
2024302400981,2024,302400981,1,9,0,17,19,4,1,0,0,8,0,0,1,0,3,1,6,6,2,18,4,1329,1,10,TOYOTA YARIS,2,E01013565,0,1
2024231488971,2024,231488971,1,9,0,-1,19,1,5,-1,0,0,0,0,0,0,1,9,-1,6,1,60,9,1299,1,20,TOYOTA YARIS,1,E01009476,0,2
2024122400589,2024,122400589,1,9,0,17,19,8,3,0,0,0,5,0,1,11,1,1,6,6,2,39,7,1364,2,12,TOYOTA YARIS,1,E01010828,0,4
2024332400687,2024,332400687,2,9,0,-1,19,5,1,-1,0,0,0,0,0,0,2,1,-1,6,1,31,6,1329,1,15,TOYOTA YARIS,4,E01034010,0,1
2024320505828,2024,320505828,1,9,0,9,9,1,7,0,0,6,0,0,0,1,3,1,-1,-1,1,79,11,1496,1,7,TOYOTA YARIS,9,E01026370,0,1
2024461425545,2024,461425545,2,9,0,-1,4,3,7,-1,0,0,1,0,1,0,1,1,-1,6,2,71,10,1329,1,8,TOYOTA YARIS,4,E01024200,0,4
2024471437629,2024,471437629,2,9,0,-1,19,5,1,-1,0,1,0,0,0,0,3,1,-1,9,1,35,6,1296,1,17,TOYOTA YARIS,6,E01031574,0,1
2024543349524,2024,543349524,2,9,0,3,3,5,1,0,0,0,0,0,0,0,2,1,2,2,2,39,7,1299,1,24,TOYOTA YARIS,3,E01031854,0,3
2024522401852,2024,522401852,2,9,0,2,2,0,0,0,0,0,0,0,0,0,9,1,6,6,3,-1,-1,1490,8,3,TOYOTA YARIS,-1,-1,0,-1
2024461455658,2024,461455658,2,9,0,-1,19,5,1,-1,0,1,1,0,0,0,1,1,-1,2,1,27,6,1497,8,9,TOYOTA YARIS,3,E01024535,0,1
2024041464673,2024,041464673,1,9,0,-1,19,3,7,-1,0,8,0,0,0,0,1,1,-1,9,1,27,6,998,1,8,TOYOTA YARIS,2,E01025292,0,1
2024131499223,2024,131499223,1,9,0,-1,9,5,1,-1,0,0,0,0,0,0,3,1,-1,6,2,86,11,1329,1,13,TOYOTA YARIS,6,E01011305,0,1
2024201440019,2024,201440019,1,9,0,-1,19,6,2,-1,0,0,2,0,0,0,1,1,-1,9,2,43,7,1296,1,17,TOYOTA YARIS,8,E01010206,0,1
2024201511309,2024,201511309,2,9,0,-1,2,0,0,-1,0,8,0,0,0,0,1,1,-1,9,2,39,7,1329,1,12,TOYOTA YARIS,1,E01009344,0,1
2024471481400,2024,471481400,4,9,0,-1,2,5,1,-1,0,0,0,0,0,0,1,1,-1,6,-1,-1,-1,1490,8,1,TOYOTA YARIS,-1,-1,0,-1
2024131404200,2024,131404200,1,9,0,-1,19,6,2,-1,0,8,0,0,1,2,1,1,-1,7,2,52,8,998,1,14,TOYOTA YARIS,2,E01010804,0,1
2024440401741,2024,440401741,2,9,0,18,19,3,7,0,0,0,0,0,0,0,1,1,6,6,2,38,7,1329,1,12,TOYOTA YARIS,9,E01022547,0,1
2024201436684,2024,201436684,2,9,0,-1,19,2,6,-1,0,1,0,0,0,0,1,9,-1,6,1,61,9,1329,1,12,TOYOTA YARIS,3,E01009655,0,1
2024041505779,2024,041505779,1,9,0,-1,7,7,3,-1,0,6,0,0,0,0,1,1,-1,6,2,25,5,1329,1,11,TOYOTA YARIS,7,E01012584,0,1
2024041436063,2024,041436063,1,9,0,-1,9,3,5,-1,0,6,0,0,0,0,1,1,-1,9,2,62,9,1490,8,2,TOYOTA YARIS,7,E01024999,0,1
2024430553692,2024,430553692,1,9,0,8,8,8,2,0,0,1,0,0,0,0,1,1,2,2,2,46,8,1497,8,5,TOYOTA YARIS,7,E01016495,0,1
2024221442335,2024,221442335,1,9,0,-1,9,6,5,-1,0,5,0,0,0,0,4,1,-1,6,1,57,9,1496,1,6,TOYOTA YARIS,3,E01009120,0,3
2024131525096,2024,131525096,2,9,0,-1,4,1,1,-1,0,0,0,0,1,0,3,1,-1,6,2,42,7,1296,1,17,TOYOTA YARIS,4,E01010678,0,1
2024361411367,2024,361411367,3,9,0,-1,3,6,2,-1,0,0,0,0,0,0,1,1,-1,9,1,44,7,1299,1,19,TOYOTA YARIS,7,E01023605,0,4
2024010523311,2024,010523311,2,9,0,99,99,9,9,99,99,9,9,99,9,99,1,9,6,6,3,-1,-1,1296,1,16,TOYOTA YARIS,-1,-1,0,-1
2024991422788,2024,991422788,1,9,0,-1,5,3,8,-1,0,0,0,0,0,0,3,1,-1,6,2,55,8,1490,8,0,TOYOTA YARIS,-1,-1,0,-1
2024221481291,2024,221481291,1,9,0,-1,19,3,6,-1,0,4,0,0,0,0,1,9,-1,6,1,83,11,1299,1,21,TOYOTA YARIS,2,E01014185,0,1
2024302500073,2024,302500073,1,9,0,-1,9,7,6,-1,0,0,1,0,1,11,4,1,-1,6,1,20,4,1296,1,16,TOYOTA YARIS,2,E01019579,0,1
2024010496204,2024,010496204,2,9,0,9,9,1,6,0,0,1,0,0,0,0,1,1,6,6,2,24,5,1329,1,12,TOYOTA YARIS,-1,-1,0,-1
2024451464392,2024,451464392,1,9,0,-1,19,8,4,-1,0,8,0,0,1,0,1,1,-1,9,1,33,6,1497,8,9,TOYOTA YARIS,8,E01030567,0,1
2024531479465,2024,531479465,1,9,0,-1,7,6,2,-1,0,8,0,0,0,0,4,1,-1,6,1,33,6,1798,1,17,TOYOTA YARIS,1,E01022333,0,1
2024231534424,2024,231534424,2,9,0,-1,14,6,2,-1,0,0,0,0,0,0,2,1,-1,2,1,56,9,998,1,22,TOYOTA YARIS,1,E01009570,0,1
2024201436462,2024,201436462,2,9,0,-1,19,5,1,-1,0,0,0,0,0,0,3,1,-1,9,1,66,10,998,1,9,TOYOTA YARIS,1,E01009488,0,1
2024131427976,2024,131427976,1,9,0,-1,9,1,5,-1,0,8,0,0,0,0,4,1,-1,9,2,23,5,1490,8,1,TOYOTA YARIS,7,E01011604,0,1
2024991479235,2024,991479235,2,9,0,-1,19,2,6,-1,0,1,0,0,7,2,2,1,-1,1,1,67,10,1490,8,2,TOYOTA YARIS,2,-1,0,1
2024010528398,2024,010528398,1,9,0,99,99,9,9,99,99,1,9,99,9,99,1,9,6,6,1,-1,-1,1490,8,2,TOYOTA YARIS,-1,-1,0,-1
2024010533629,2024,010533629,1,9,0,99,99,9,9,0,0,1,9,0,0,0,2,9,6,6,3,38,7,1497,8,8,TOYOTA YARIS,6,E01003772,0,1
2024451518737,2024,451518737,2,9,0,-1,19,5,1,-1,0,0,0,0,0,0,2,1,-1,9,2,44,7,1496,1,5,TOYOTA YARIS,7,E01019077,0,5
2024991471366,2024,991471366,1,9,0,-1,8,8,7,-1,0,0,0,0,0,0,0,1,-1,6,1,42,7,998,1,15,TOYOTA YARIS,4,-1,0,1
2024211433547,2024,211433547,1,9,0,-1,12,6,2,-1,0,7,0,0,1,0,1,1,-1,1,1,40,7,1296,1,17,TOYOTA YARIS,-1,-1,0,-1
2024231498257,2024,231498257,1,9,0,-1,19,1,5,-1,0,0,0,0,0,0,1,1,-1,6,1,21,5,1296,1,16,TOYOTA YARIS,5,E01009031,0,4
2024311525083,2024,311525083,1,9,0,-1,19,4,8,-1,0,1,0,7,1,0,4,1,-1,1,2,23,5,998,1,15,TOYOTA YARIS,3,E01013930,0,3
2024041521971,2024,041521971,2,9,0,-1,19,3,7,-1,0,1,0,0,0,0,1,1,-1,9,1,54,8,998,1,19,TOYOTA YARIS,1,E01012655,0,1
2024201540107,2024,201540107,2,9,0,-1,10,8,6,-1,0,1,0,0,0,0,2,1,-1,9,1,50,8,1490,8,0,TOYOTA YARIS,4,E01031332,0,3
2024991561692,2024,991561692,1,9,0,-1,4,7,3,-1,0,0,0,0,0,0,4,9,-1,6,2,20,4,1299,1,22,TOYOTA YARIS,7,-1,0,1
2024122400372,2024,122400372,1,9,0,4,4,2,6,0,0,0,0,0,0,0,2,1,6,6,2,43,7,1329,1,9,TOYOTA YARIS,7,E01013419,0,1
2024010543429,2024,010543429,1,9,0,9,9,5,3,0,0,5,0,0,0,0,1,1,6,6,1,44,7,1329,1,15,TOYOTA YARIS,3,E01004319,0,1
2024311523092,2024,311523092,2,9,0,-1,19,7,3,-1,0,0,0,0,0,0,1,1,-1,1,1,33,6,1299,1,19,TOYOTA YARIS,-1,-1,0,-1
2024610056824,2024,610056824,2,9,0,11,11,4,8,0,0,0,0,0,0,0,4,1,2,2,2,56,9,1490,8,2,TOYOTA YARIS,-1,-1,0,-1
2024131411780,2024,131411780,1,9,0,-1,19,6,2,-1,0,0,0,0,0,0,4,1,-1,2,2,24,5,1329,1,8,TOYOTA YARIS,3,E01010629,0,1
2024440260349,2024,440260349,1,9,0,4,4,3,7,0,0,8,0,0,0,0,2,1,2,2,2,32,6,1296,1,15,TOYOTA YARIS,9,E01022971,0,1
2024471466399,2024,471466399,1,9,0,-1,19,7,3,-1,0,0,0,0,0,0,4,1,-1,6,1,41,7,1329,1,15,TOYOTA YARIS,8,E01016960,0,2
2024302401485,2024,302401485,2,9,0,5,5,5,1,0,0,8,0,0,0,0,3,1,6,6,1,82,11,1496,1,4,TOYOTA YARIS,7,E01025993,0,4
2024471502575,2024,471502575,1,9,0,-1,5,7,5,-1,0,6,0,0,0,0,2,1,-1,9,2,82,11,1497,8,6,TOYOTA YARIS,6,E01021145,0,1
2024010527641,2024,010527641,1,9,0,4,4,7,3,0,0,1,0,0,0,0,2,1,6,6,2,22,5,1490,8,0,TOYOTA YARIS,2,E01001875,0,1
2024991549082,2024,991549082,1,9,0,-1,9,7,4,-1,0,0,0,0,0,0,2,1,-1,9,2,80,11,1364,2,10,TOYOTA YARIS,7,-1,0,3
2024201474704,2024,201474704,2,9,0,-1,19,6,2,-1,0,2,0,0,0,0,2,9,-1,1,1,42,7,1296,1,16,TOYOTA YARIS,3,E01009119,0,4
2024451509018,2024,451509018,2,9,0,-1,19,3,7,-1,0,1,0,0,0,0,1,1,-1,9,2,79,11,1329,1,10,TOYOTA YARIS,9,E01021156,0,4
2024010528350,2024,010528350,1,9,0,13,13,1,5,0,0,0,0,0,0,0,4,1,6,6,2,49,8,1497,8,4,TOYOTA YARIS,3,E01000046,0,3
2024311519131,2024,311519131,2,9,0,-1,9,5,3,-1,0,8,0,0,0,0,3,1,-1,6,2,37,7,1496,1,7,TOYOTA YARIS,-1,-1,0,-1
2024061505774,2024,061505774,1,9,0,-1,19,7,1,-1,0,2,0,0,0,0,3,1,-1,6,3,-1,-1,1497,8,5,TOYOTA YARIS,-1,-1,0,-1
2024010512129,2024,010512129,1,9,0,18,19,7,3,0,0,0,0,0,0,0,1,1,6,6,1,69,10,1329,1,12,TOYOTA YARIS,7,E01003407,0,1
2024430136913,2024,430136913,1,9,0,18,19,7,3,0,0,4,0,0,0,0,1,1,6,6,2,70,10,1329,1,10,TOYOTA YARIS,8,E01028807,0,1
2024451502233,2024,451502233,1,9,0,-1,5,5,1,-1,0,3,0,0,0,0,3,1,-1,9,1,62,9,998,1,6,TOYOTA YARIS,6,E01030912,0,1
2024471434977,2024,471434977,3,9,0,-1,2,0,0,-1,0,0,0,0,0,0,1,1,-1,6,-1,-1,-1,998,1,9,TOYOTA YARIS,-1,-1,0,-1
2024041527231,2024,041527231,2,9,0,-1,19,7,3,-1,0,8,0,0,0,0,3,1,-1,6,2,70,10,1364,2,16,TOYOTA YARIS,5,E01012727,0,1
2024320004098,2024,320004098,1,9,0,9,9,4,2,0,0,5,0,0,0,0,1,1,2,2,2,63,9,1329,1,10,TOYOTA YARIS,8,E01026185,0,2
2024421498369,2024,421498369,2,9,0,-1,19,1,5,-1,0,1,0,0,0,0,1,1,-1,9,2,51,8,1490,8,0,TOYOTA YARIS,8,E01015920,0,1
2024332400510,2024,332400510,1,9,0,-1,19,3,7,-1,0,8,0,0,0,0,1,1,-1,6,2,64,9,1497,8,8,TOYOTA YARIS,7,E01013669,0,1
2024131443744,2024,131443744,1,9,0,-1,5,2,6,-1,0,0,0,0,0,0,2,1,-1,6,2,63,9,998,1,23,TOYOTA YARIS,5,E01011269,0,1
2024361496534,2024,361496534,1,9,0,-1,14,8,4,-1,0,0,0,0,0,0,4,2,-1,9,2,50,8,1490,8,3,TOYOTA YARIS,10,E01026908,0,4
2024101442111,2024,101442111,3,9,0,-1,19,4,8,-1,0,0,0,0,0,0,2,1,-1,6,3,-1,-1,1496,1,7,TOYOTA YARIS,-1,-1,0,-1
2024010513919,2024,010513919,3,9,0,2,2,0,0,6,6,1,0,0,0,0,3,1,6,6,3,-1,-1,1497,1,19,TOYOTA YARIS,-1,-1,0,-1
2024161402548,2024,161402548,2,9,0,-1,19,8,4,-1,0,4,0,0,0,0,1,9,-1,6,1,64,9,1490,8,1,TOYOTA YARIS,-1,-1,0,-1
2024201436712,2024,201436712,2,9,0,-1,19,6,2,-1,0,0,0,10,1,10,2,9,-1,6,1,29,6,998,1,22,TOYOTA YARIS,1,E01034747,0,1
2024522402814,2024,522402814,2,9,0,9,9,5,2,0,0,5,0,0,0,0,1,1,6,6,2,67,10,1329,1,9,TOYOTA YARIS,1,E01014658,0,1
2024061436236,2024,061436236,2,9,0,-1,19,3,7,-1,0,0,5,0,1,0,2,1,-1,9,1,27,6,1296,1,18,TOYOTA YARIS,1,E01005117,0,4
2024201451078,2024,201451078,1,9,0,-1,7,3,5,-1,0,5,0,0,0,0,1,1,-1,6,1,21,5,998,1,16,TOYOTA YARIS,1,E01009889,0,1
2024401505038,2024,401505038,1,9,0,-1,5,8,4,-1,0,1,0,0,0,0,1,1,-1,6,2,24,5,1299,1,20,TOYOTA YARIS,4,E01017536,0,1
2024401526242,2024,401526242,2,9,0,-1,4,5,1,-1,0,0,0,0,0,0,2,1,-1,6,1,-1,-1,1296,1,16,TOYOTA YARIS,4,E01016474,0,4
2024010534662,2024,010534662,2,9,0,16,19,5,1,0,0,0,0,0,0,0,1,1,6,6,1,73,10,1497,8,11,TOYOTA YARIS,9,E01000971,0,1
2024061438486,2024,061438486,3,9,0,-1,2,0,0,-1,9,2,0,0,1,0,1,1,-1,9,1,29,6,1296,1,17,TOYOTA YARIS,-1,-1,0,-1
2024311427906,2024,311427906,2,9,0,-1,19,7,3,-1,0,0,0,0,0,0,1,1,-1,1,1,30,6,1490,8,3,TOYOTA YARIS,4,E01028045,0,3
2024010507451,2024,010507451,2,9,0,18,19,3,7,0,0,4,0,0,0,0,0,1,6,6,2,37,7,1329,1,13,TOYOTA YARIS,3,E01001943,0,1
2024610044724,2024,610044724,1,9,0,4,4,5,1,0,0,0,0,0,0,0,1,1,6,6,1,-1,-1,1299,1,19,TOYOTA YARIS,1,W01001692,0,1
2024131409952,2024,131409952,1,9,0,-1,19,3,7,-1,0,0,0,0,0,0,1,1,-1,9,1,78,11,1497,8,8,TOYOTA YARIS,5,E01011058,0,4
2024031455418,2024,031455418,1,9,0,-1,19,4,8,-1,0,0,0,4,0,0,1,1,-1,6,2,83,11,1299,1,19,TOYOTA YARIS,5,E01019082,0,1
2024131398706,2024,131398706,1,9,0,-1,9,5,3,-1,0,0,1,0,0,0,1,1,-1,2,2,27,6,998,1,18,TOYOTA YARIS,3,E01010629,0,3
2024201517549,2024,201517549,1,9,0,-1,19,7,2,-1,0,8,0,10,1,7,1,1,-1,6,1,31,6,1329,1,11,TOYOTA YARIS,1,E01009328,0,1
2024041519716,2024,041519716,1,9,0,-1,19,2,6,-1,9,0,1,0,0,0,1,1,-1,6,1,29,6,1364,2,17,TOYOTA YARIS,1,E01024895,0,1
2024440034488,2024,440034488,2,9,0,3,3,8,4,0,0,7,0,0,0,0,2,1,2,2,1,53,8,1329,1,8,TOYOTA YARIS,3,E01022482,0,1
2024131426277,2024,131426277,1,9,0,-1,19,5,1,-1,0,0,0,0,0,0,1,1,-1,9,1,71,10,1329,1,9,TOYOTA YARIS,8,E01011716,0,1
2024201453846,2024,201453846,1,9,0,-1,19,7,3,-1,0,7,0,0,0,0,1,9,-1,6,3,20,4,1296,1,17,TOYOTA YARIS,-1,-1,0,-1
2024361409028,2024,361409028,2,9,0,-1,19,4,7,-1,0,0,0,0,0,0,4,9,-1,1,1,18,4,1329,1,11,TOYOTA YARIS,6,E01026484,0,1
2024122500319,2024,122500319,1,8,0,2,2,0,0,0,0,1,0,0,0,0,2,1,6,6,1,50,8,1490,8,1,TOYOTA YARIS,9,E01013431,0,1
2024131474935,2024,131474935,1,9,0,-1,19,1,5,-1,0,0,0,0,0,0,1,1,-1,6,-1,-1,-1,1299,1,19,TOYOTA YARIS,-1,-1,0,-1
2024501406827,2024,501406827,1,9,0,-1,7,1,3,-1,0,8,0,0,0,0,1,9,-1,6,2,69,10,1490,8,2,TOYOTA YARIS,8,E01034638,0,1
2024471522034,2024,471522034,1,9,0,-1,10,4,2,-1,0,4,0,0,0,0,2,1,-1,6,2,66,10,1496,1,5,TOYOTA YARIS,10,E01022467,0,5
2024421449875,2024,421449875,1,9,0,-1,9,5,6,-1,0,0,0,0,1,4,1,1,-1,6,2,30,6,1329,1,15,TOYOTA YARIS,-1,-1,0,-1
2024522402306,2024,522402306,1,9,0,4,4,4,7,0,0,8,0,0,0,0,3,1,6,6,2,45,7,1497,8,8,TOYOTA YARIS,10,E01014850,0,1
2024311408414,2024,311408414,1,9,0,-1,4,6,2,-1,0,0,0,0,7,0,1,1,-1,6,1,55,8,998,1,23,TOYOTA YARIS,-1,-1,0,-1
2024010524230,2024,010524230,5,9,0,3,3,7,3,0,0,2,0,0,0,0,1,1,6,6,1,68,10,1497,8,6,TOYOTA YARIS,7,E01001133,0,2
2024010501251,2024,010501251,3,9,0,13,13,1,5,0,0,1,0,0,7,0,0,1,6,6,1,19,4,1497,1,21,TOYOTA YARIS,4,E01004329,0,2
2024332400965,2024,332400965,1,9,0,-1,19,7,3,-1,0,0,5,0,1,0,3,1,-1,9,2,31,6,1329,1,15,TOYOTA YARIS,2,E01025701,0,3
2024201487633,2024,201487633,2,9,0,-1,19,7,2,-1,0,0,0,0,0,0,4,1,-1,9,2,41,7,1497,8,6,TOYOTA YARIS,4,E01010558,0,1
2024522500210,2024,522500210,2,9,0,9,9,9,9,0,0,8,0,0,0,0,1,1,6,6,3,-1,-1,1496,1,5,TOYOTA YARIS,-1,-1,0,-1
2024340WN2602,2024,340WN2602,1,9,0,-1,7,4,7,-1,0,3,0,0,1,11,1,1,-1,9,2,80,11,1497,8,6,TOYOTA YARIS,6,E01033952,0,3
2024401449373,2024,401449373,1,9,0,-1,3,4,1,-1,0,1,0,0,0,0,1,1,-1,2,1,48,8,1798,1,15,TOYOTA YARIS,6,E01017508,0,1
2024041449878,2024,041449878,1,9,0,-1,19,7,3,-1,0,0,5,0,0,0,4,1,-1,9,2,83,11,1299,1,21,TOYOTA YARIS,1,E01025389,0,1
2024131524010,2024,131524010,1,9,0,-1,5,1,3,-1,0,8,0,0,0,0,1,1,-1,9,2,32,6,998,1,19,TOYOTA YARIS,1,E01011428,0,1
2024010530394,2024,010530394,1,9,0,4,4,5,1,0,0,8,0,0,0,0,1,1,6,6,1,40,7,998,1,21,TOYOTA YARIS,5,E01000219,0,3
2024311489327,2024,311489327,2,9,0,-1,19,7,3,-1,0,1,0,0,0,0,3,1,-1,6,2,60,9,1490,8,1,TOYOTA YARIS,1,E01028276,0,1
2024471489739,2024,471489739,1,9,0,-1,3,8,4,-1,0,1,0,0,0,0,2,1,-1,7,2,56,9,1490,8,1,TOYOTA YARIS,8,E01016981,0,1
2024440054074,2024,440054074,1,9,0,17,19,5,1,0,0,4,0,0,0,0,1,1,6,6,2,64,9,1490,8,1,TOYOTA YARIS,6,E01031209,0,5
2024061514417,2024,061514417,2,9,0,-1,19,3,7,-1,0,8,0,0,2,0,3,1,-1,2,2,42,7,1497,8,8,TOYOTA YARIS,4,E01005439,0,1
2024440178927,2024,440178927,1,9,0,9,9,2,8,0,0,1,0,0,0,0,1,1,6,6,2,24,5,1329,1,13,TOYOTA YARIS,3,E01017104,0,4
2024471440090,2024,471440090,1,9,0,-1,3,6,2,-1,0,1,0,0,0,0,2,1,-1,9,1,23,5,1296,1,16,TOYOTA YARIS,9,E01021208,0,1
2024231476473,2024,231476473,2,9,0,-1,4,6,2,-1,0,0,0,0,0,0,2,1,-1,6,2,26,6,1497,8,7,TOYOTA YARIS,5,E01013608,0,4
2024361458146,2024,361458146,1,9,0,-1,1,8,4,-1,9,0,0,0,1,0,1,1,-1,6,2,47,8,1299,1,19,TOYOTA YARIS,8,E01026917,0,1
2024501413150,2024,501413150,1,9,0,-1,19,5,1,-1,0,1,0,0,0,0,1,9,-1,6,2,20,4,1299,1,20,TOYOTA YARIS,3,E01018937,0,4
2024451529917,2024,451529917,2,9,0,-1,4,5,1,-1,0,0,0,0,0,0,2,1,-1,9,1,37,7,1490,8,1,TOYOTA YARIS,10,E01030961,0,1
2024141461878,2024,141461878,2,9,0,-1,9,6,4,-1,0,0,0,0,0,0,4,1,-1,9,1,80,11,1490,8,3,TOYOTA YARIS,8,E01018242,0,5
202454D882724,2024,54D882724,1,9,0,4,4,1,5,0,0,0,0,0,0,0,1,1,6,6,1,80,11,1490,8,3,TOYOTA YARIS,10,E01031984,0,1
2024070279249,2024,070279249,2,9,0,18,19,8,4,0,0,1,0,0,0,0,1,1,6,6,1,37,7,1497,8,8,TOYOTA YARIS,2,E01018714,0,2
2024010536160,2024,010536160,3,9,0,2,2,0,0,0,0,0,0,0,0,0,2,1,6,6,3,-1,-1,1296,1,18,TOYOTA YARIS,-1,-1,0,-1
2024141425424,2024,141425424,1,9,0,-1,1,3,7,-1,0,0,0,0,0,0,2,1,-1,9,1,35,6,1329,1,15,TOYOTA YARIS,1,E01034842,0,1
2024010530077,2024,010530077,1,9,0,18,19,4,8,0,0,1,0,0,0,0,3,1,6,6,1,51,8,1329,1,14,TOYOTA YARIS,7,E01004162,0,1
2024520403333,2024,520403333,1,9,0,18,19,5,1,0,0,0,0,0,7,10,1,1,6,6,2,19,4,998,1,21,TOYOTA YARIS,5,E01029073,0,4
2024010549088,2024,010549088,2,9,0,99,99,9,9,99,99,9,9,99,9,99,2,9,6,6,1,53,8,1496,1,5,TOYOTA YARIS,5,E01004346,0,1
2024471527974,2024,471527974,1,9,0,-1,19,6,2,-1,0,8,0,0,0,0,3,9,-1,6,2,44,7,1490,8,1,TOYOTA YARIS,7,E01016851,0,1
2024451534614,2024,451534614,1,9,0,-1,5,3,7,-1,0,8,0,0,0,0,1,1,-1,9,2,90,11,1496,1,7,TOYOTA YARIS,10,E01030941,0,1
2024421445008,2024,421445008,1,9,0,-1,19,5,1,-1,0,1,0,0,0,0,1,9,-1,6,2,36,7,1329,1,12,TOYOTA YARIS,3,E01015954,0,1
2024131438473,2024,131438473,1,9,0,-1,19,8,2,-1,0,0,0,0,0,0,1,1,-1,9,2,47,8,1497,8,8,TOYOTA YARIS,1,E01011082,0,1
2024302400848,2024,302400848,1,9,0,18,19,3,7,0,0,8,0,0,0,0,1,1,6,6,2,19,4,1490,8,4,TOYOTA YARIS,8,E01019755,0,1
2024122500089,2024,122500089,3,9,0,18,19,3,7,0,0,0,0,0,0,0,1,1,6,6,2,73,10,1490,8,1,TOYOTA YARIS,10,E01013433,0,4
2024010517967,2024,010517967,2,9,0,99,99,9,9,99,99,9,9,99,9,99,9,9,6,6,3,-1,-1,1497,8,11,TOYOTA YARIS,-1,-1,0,-1
2024061417849,2024,061417849,2,9,0,-1,19,1,5,-1,0,8,0,0,0,0,4,1,-1,6,1,36,7,1329,1,12,TOYOTA YARIS,3,E01005012,0,2
2024201467622,2024,201467622,2,9,0,-1,19,3,7,-1,0,0,0,0,0,0,2,1,-1,1,1,29,6,1497,8,5,TOYOTA YARIS,1,E01009355,0,1
2024061475527,2024,061475527,2,9,0,-1,3,-1,-1,-1,0,0,0,0,0,0,1,1,-1,6,2,-1,-1,1329,1,13,TOYOTA YARIS,-1,-1,0,-1
2024421407161,2024,421407161,2,9,0,-1,4,6,2,-1,0,0,0,0,0,0,2,9,-1,6,2,65,9,998,1,20,TOYOTA YARIS,5,E01021922,0,4
2024440380098,2024,440380098,2,9,0,18,19,1,5,0,0,1,0,0,0,0,1,1,6,6,2,35,6,1364,2,8,TOYOTA YARIS,-1,-1,0,-1
2024010506323,2024,010506323,2,9,0,9,9,3,1,0,0,1,0,0,0,0,4,1,6,6,1,27,6,1497,8,11,TOYOTA YARIS,3,E01003629,0,2
2024201518381,2024,201518381,2,9,0,-1,19,8,4,-1,0,0,1,0,0,0,1,1,-1,6,2,49,8,1329,1,15,TOYOTA YARIS,1,E01009329,0,1
2024061528229,2024,061528229,1,9,0,-1,13,6,2,-1,0,8,0,0,0,0,1,1,-1,9,2,20,4,1497,8,10,TOYOTA YARIS,1,E01005578,0,1
2024010521913,2024,010521913,1,9,0,18,19,5,1,0,0,0,0,0,0,0,1,2,6,6,2,20,4,1497,8,7,TOYOTA YARIS,4,E01001233,0,1
2024010550581,2024,010550581,1,9,0,10,10,1,7,0,0,1,0,0,0,0,1,1,6,6,1,36,7,1296,1,16,TOYOTA YARIS,2,E01001961,0,1