collision_index,collision_year,collision_ref_no,vehicle_reference,vehicle_type,towing_and_articulation,vehicle_manoeuvre_historic,vehicle_manoeuvre,vehicle_direction_from,vehicle_direction_to,vehicle_location_restricted_lane_historic,vehicle_location_restricted_lane,junction_location,skidding_and_overturning,hit_object_in_carriageway,vehicle_leaving_carriageway,hit_object_off_carriageway,first_point_of_impact,vehicle_left_hand_drive,journey_purpose_of_driver_historic,journey_purpose_of_driver,sex_of_driver,age_of_driver,age_band_of_driver,engine_capacity_cc,propulsion_code,age_of_vehicle,generic_make_model,driver_imd_decile,lsoa_of_driver,escooter_flag,driver_distance_banding
2024010509819,2024,010509819,3,9,0,3,3,5,1,0,0,2,0,0,0,0,2,1,6,6,2,54,8,1490,8,2,TOYOTA YARIS,9,E01004387,0,1
2024531535500,2024,531535500,1,9,0,-1,6,7,3,-1,0,0,0,0,0,0,3,1,-1,9,1,73,10,1497,8,6,TOYOTA YARIS,1,E01005430,0,5
2024201422505,2024,201422505,2,9,0,-1,20,6,2,-1,0,2,1,0,0,0,2,1,-1,9,1,22,5,1296,1,16,TOYOTA YARIS,3,E01010048,0,1
2024201445217,2024,201445217,1,9,0,-1,9,8,4,-1,0,8,0,0,0,0,3,1,-1,6,2,29,6,1296,1,17,TOYOTA YARIS,1,E01009020,0,2
2024010549128,2024,010549128,2,9,0,-1,-1,5,1,0,0,1,0,0,0,0,1,1,6,6,1,33,6,1296,1,18,TOYOTA YARIS,4,E01001183,0,2
2024991408726,2024,991408726,1,9,0,-1,19,7,3,-1,0,0,1,0,0,0,3,1,-1,6,1,38,7,1299,1,21,TOYOTA YARIS,2,E01009659,0,5
2024141519443,2024,141519443,1,9,0,-1,5,1,1,-1,0,0,0,0,0,0,2,1,-1,9,2,69,10,1490,8,1,TOYOTA YARIS,2,E01007494,0,1
2024421517821,2024,421517821,1,9,0,-1,9,7,3,-1,0,0,0,0,3,0,1,1,-1,6,2,31,6,1490,8,0,TOYOTA YARIS,4,E01021310,0,1
2024041514681,2024,041514681,1,9,0,-1,4,5,1,-1,0,0,0,0,0,0,1,1,-1,2,2,54,8,1497,8,5,TOYOTA YARIS,2,E01012591,0,4
2024522500029,2024,522500029,1,9,0,3,3,1,5,0,0,1,0,0,0,0,2,1,6,6,1,39,7,998,1,22,TOYOTA YARIS,10,E01018366,0,5
2024411434411,2024,411434411,2,9,0,-1,5,3,7,-1,0,2,0,0,0,0,3,1,-1,6,2,55,8,1490,8,1,TOYOTA YARIS,2,E01023339,0,1
2024320236872,2024,320236872,1,9,0,-1,-1,3,7,0,0,8,1,0,1,0,1,1,-1,-1,2,48,8,1490,8,4,TOYOTA YARIS,6,E01009586,0,4
2024461462498,2024,461462498,2,9,0,-1,19,3,7,-1,0,0,0,0,0,0,3,9,-1,6,2,57,9,1490,8,1,TOYOTA YARIS,8,E01000347,0,3
2024010499003,2024,010499003,1,9,0,9,9,5,3,0,0,8,0,0,0,0,1,1,6,6,1,39,7,1490,8,1,TOYOTA YARIS,5,E01004346,0,1
2024052400400,2024,052400400,1,9,0,4,4,6,8,0,0,0,0,0,0,0,1,1,6,6,2,69,10,1299,1,22,TOYOTA YARIS,7,E01006947,0,1
2024522402970,2024,522402970,1,9,0,2,2,0,0,0,0,0,0,0,0,0,3,1,6,6,1,27,6,998,1,22,TOYOTA YARIS,5,E01002162,0,5
2024411470746,2024,411470746,1,9,0,-1,19,8,4,-1,0,0,0,0,0,0,1,1,-1,2,1,27,6,1497,8,8,TOYOTA YARIS,6,E01004343,0,4
2024622400775,2024,622400775,2,9,0,2,2,0,0,0,0,1,0,0,0,0,3,1,6,6,2,31,6,1296,1,17,TOYOTA YARIS,4,W01000760,0,1
2024311499881,2024,311499881,3,9,0,-1,2,8,8,-1,0,1,0,0,0,0,3,1,-1,6,-1,-1,-1,998,1,17,TOYOTA YARIS,-1,-1,0,-1
2024471497120,2024,471497120,2,9,0,-1,3,7,2,-1,0,4,0,0,0,0,1,1,-1,6,1,88,11,1296,1,17,TOYOTA YARIS,9,E01031719,0,1
2024010522767,2024,010522767,1,9,0,7,7,4,5,0,0,3,0,10,0,0,0,1,6,6,2,54,8,1329,1,12,TOYOTA YARIS,2,E01000729,0,1
2024440069132,2024,440069132,1,9,0,18,19,7,3,0,0,8,0,0,0,0,1,1,6,6,2,61,9,1497,8,8,TOYOTA YARIS,-1,-1,0,-1
2024471454267,2024,471454267,1,9,0,-1,4,-1,-1,-1,99,0,0,0,0,0,1,1,-1,9,2,86,11,1329,1,7,TOYOTA YARIS,7,E01031447,0,1
2024461401616,2024,461401616,3,9,0,-1,19,6,2,-1,0,8,0,0,0,0,1,9,-1,9,1,27,6,1299,1,20,TOYOTA YARIS,5,E01024335,0,2
2024221462174,2024,221462174,1,9,0,-1,3,8,4,-1,0,1,0,0,0,0,2,9,-1,6,2,33,6,1329,1,15,TOYOTA YARIS,6,E01032258,0,1
2024010555087,2024,010555087,1,9,0,7,7,1,3,0,0,2,0,4,0,0,1,1,6,6,2,30,6,1329,1,15,TOYOTA YARIS,2,E01003188,0,2
2024041511969,2024,041511969,1,9,0,-1,14,7,3,-1,0,8,0,0,0,0,1,1,-1,9,2,20,4,1490,8,3,TOYOTA YARIS,10,E01025007,0,4
2024340WN0122,2024,340WN0122,2,9,0,-1,9,1,6,-1,0,8,0,0,0,0,3,1,-1,2,1,50,8,1490,8,1,TOYOTA YARIS,-1,-1,0,-1
2024201493903,2024,201493903,1,9,0,-1,19,8,4,-1,0,8,0,0,0,0,1,1,-1,6,1,72,10,1490,8,1,TOYOTA YARIS,-1,-1,0,-1
2024161517551,2024,161517551,1,9,0,-1,19,1,5,-1,99,0,0,0,0,0,3,1,-1,9,2,20,4,1296,1,18,TOYOTA YARIS,6,E01012914,0,1
2024010500934,2024,010500934,2,9,0,9,9,7,5,0,0,3,0,0,0,0,0,1,6,6,1,53,8,1296,1,16,TOYOTA YARIS,5,E01003766,0,1
2024131396763,2024,131396763,2,9,0,-1,19,3,7,-1,0,2,0,0,0,0,1,1,-1,9,2,39,7,998,1,15,TOYOTA YARIS,1,E01011312,0,1
2024430141628,2024,430141628,1,9,0,2,2,0,0,0,0,0,0,0,0,0,1,1,1,1,2,63,9,1496,1,7,TOYOTA YARIS,8,E01028701,0,2
2024010549001,2024,010549001,1,9,0,18,19,7,3,0,0,1,0,0,0,0,1,1,6,6,2,52,8,1490,8,2,TOYOTA YARIS,3,E01034204,0,2
2024060183137,2024,060183137,1,9,0,18,19,5,1,0,0,0,0,11,5,10,3,1,1,1,1,19,4,1490,8,3,TOYOTA YARIS,1,E01005826,0,2
2024522401164,2024,522401164,1,9,0,18,19,1,5,0,0,8,0,0,0,0,1,1,6,6,2,68,10,1329,1,8,TOYOTA YARIS,10,E01014667,0,1
2024221457325,2024,221457325,3,9,0,-1,2,0,0,-1,0,0,0,0,0,0,2,9,-1,9,2,36,7,1329,1,10,TOYOTA YARIS,10,E01009853,0,1
2024010522632,2024,010522632,1,9,0,99,99,9,9,99,99,9,9,99,9,99,9,9,2,2,1,33,6,1497,8,11,TOYOTA YARIS,9,E01030313,0,3
2024201408057,2024,201408057,1,9,0,-1,19,5,1,-1,0,8,0,10,7,2,1,9,-1,9,1,50,8,1364,2,17,TOYOTA YARIS,3,E01009857,0,1
2024010533779,2024,010533779,2,9,0,2,2,0,0,0,0,2,0,0,0,0,1,1,6,6,3,-1,-1,1329,1,11,TOYOTA YARIS,-1,-1,0,-1
2024010550602,2024,010550602,2,9,9,6,6,1,1,99,99,0,9,99,0,0,9,9,6,6,3,-1,-1,1329,1,14,TOYOTA YARIS,-1,-1,0,-1
2024361495906,2024,361495906,1,9,0,-1,5,1,5,-1,0,0,0,0,0,0,3,1,-1,9,1,43,7,1490,8,1,TOYOTA YARIS,1,E01026830,0,1
2024231509953,2024,231509953,1,9,0,-1,1,7,3,-1,0,0,0,10,8,11,1,1,-1,6,1,88,11,1490,8,2,TOYOTA YARIS,10,E01031214,0,1
2024010506562,2024,010506562,1,9,0,99,99,9,9,99,99,9,9,99,9,99,9,9,2,2,2,53,8,1329,1,11,TOYOTA YARIS,9,E01000359,0,1
2024201439311,2024,201439311,2,9,0,-1,4,4,8,-1,0,0,0,0,0,0,2,1,-1,2,2,26,6,1490,8,2,TOYOTA YARIS,2,E01010097,0,3
2024231454371,2024,231454371,1,9,0,-1,19,-1,-1,-1,0,0,0,0,0,0,4,9,-1,6,3,-1,-1,1329,1,7,TOYOTA YARIS,-1,-1,0,-1
2024010532090,2024,010532090,1,9,0,16,19,5,7,0,0,1,0,0,0,0,1,1,6,6,1,53,8,1490,8,2,TOYOTA YARIS,3,E01001557,0,2
2024211441127,2024,211441127,2,9,0,-1,5,3,7,-1,0,1,0,0,0,0,1,9,-1,6,1,49,8,1497,8,6,TOYOTA YARIS,2,E01029604,0,2
2024421485013,2024,421485013,1,9,0,-1,7,4,4,-1,0,0,0,0,0,0,2,1,-1,9,2,76,11,1329,1,15,TOYOTA YARIS,7,E01021573,0,2
2024548681624,2024,548681624,1,9,0,7,7,5,7,0,0,1,0,0,0,0,4,1,6,6,1,63,9,998,1,24,TOYOTA YARIS,6,E01032073,0,1
2024010505889,2024,010505889,1,9,0,7,7,3,5,0,0,6,0,0,0,0,1,1,6,6,1,-1,-1,998,1,22,TOYOTA YARIS,2,E01003065,0,2
202454A732224,2024,54A732224,1,9,0,18,19,6,2,0,0,1,0,7,0,0,3,1,6,6,2,84,11,1497,8,11,TOYOTA YARIS,6,E01031893,0,1
2024552400021,2024,552400021,1,9,0,18,19,3,7,0,0,8,0,0,0,0,4,1,6,6,2,81,11,1490,8,2,TOYOTA YARIS,10,E01016230,0,5
2024201532280,2024,201532280,2,9,0,-1,1,7,3,-1,0,0,0,0,0,0,1,9,-1,6,1,-1,-1,1299,1,22,TOYOTA YARIS,-1,-1,0,-1
2024471518708,2024,471518708,1,9,0,-1,9,1,7,-1,0,5,0,0,0,0,1,1,-1,6,2,47,8,1496,1,4,TOYOTA YARIS,3,E01020971,0,1
2024010510303,2024,010510303,2,9,0,99,99,9,9,99,99,9,9,99,9,99,9,9,6,6,3,-1,-1,1296,1,18,TOYOTA YARIS,-1,-1,0,-1
2024351408776,2024,351408776,1,9,0,-1,9,-1,-1,-1,0,5,0,0,0,0,-1,9,-1,6,2,33,6,1497,8,6,TOYOTA YARIS,10,E01035555,0,3
2024010533509,2024,010533509,2,9,0,18,19,5,1,0,0,2,0,0,0,0,1,1,1,1,2,53,8,1490,8,2,TOYOTA YARIS,7,E01030850,0,3
2024332401130,2024,332401130,1,9,0,-1,19,2,6,-1,0,1,0,0,0,0,2,1,-1,6,1,44,7,1497,8,9,TOYOTA YARIS,6,E01013738,0,1
2024421499957,2024,421499957,3,9,0,-1,2,0,0,-1,9,0,0,0,0,0,2,1,-1,6,-1,-1,-1,1490,8,1,TOYOTA YARIS,-1,-1,0,-1
2024041480478,2024,041480478,1,9,0,-1,19,5,1,-1,0,2,0,4,0,0,1,1,-1,9,1,78,11,1490,8,0,TOYOTA YARIS,4,E01025556,0,1
2024461441166,2024,461441166,4,9,0,-1,4,3,7,-1,0,0,0,0,0,0,3,1,-1,2,2,23,5,1490,8,3,TOYOTA YARIS,6,E01016167,0,4
2024332400664,2024,332400664,2,9,0,-1,19,5,1,-1,0,0,0,0,0,0,1,1,-1,9,2,28,6,1497,8,5,TOYOTA YARIS,1,E01008909,0,4
2024311501857,2024,311501857,1,9,0,-1,19,1,5,-1,0,0,5,10,0,0,1,1,-1,6,1,38,7,1296,1,17,TOYOTA YARIS,-1,-1,0,-1
2024461518665,2024,461518665,2,9,0,-1,19,5,1,-1,0,2,0,0,0,0,3,9,-1,2,2,43,7,1497,8,11,TOYOTA YARIS,5,E01024086,0,2
2024440384491,2024,440384491,1,9,0,5,5,0,7,0,0,0,0,0,0,0,3,1,1,1,1,38,7,1363,2,19,TOYOTA YARIS,5,E01017127,0,2
2024122401295,2024,122401295,2,9,0,9,9,3,7,0,0,1,0,0,0,0,2,1,6,6,3,17,4,998,1,23,TOYOTA YARIS,9,E01013426,0,1
2024451462387,2024,451462387,4,9,0,-1,2,0,0,-1,0,0,0,4,0,0,2,1,-1,6,-1,-1,-1,1497,8,6,TOYOTA YARIS,-1,-1,0,-1
2024340NN0932,2024,340NN0932,1,9,0,-1,9,5,3,-1,0,5,0,0,0,0,2,1,-1,2,2,28,6,1496,1,6,TOYOTA YARIS,7,E01032974,0,3
2024351424573,2024,351424573,2,9,0,-1,19,7,3,-1,0,4,0,0,0,0,1,1,-1,6,2,38,7,1299,1,19,TOYOTA YARIS,8,E01018099,0,2
2024471498408,2024,471498408,2,9,0,-1,19,2,6,-1,0,1,0,0,0,0,1,1,-1,9,1,30,6,998,1,23,TOYOTA YARIS,4,E01031596,0,1
2024471407268,2024,471407268,1,9,0,-1,19,1,5,-1,0,0,0,0,0,0,2,1,-1,6,1,84,11,1496,1,6,TOYOTA YARIS,8,E01031416,0,1
2024302500239,2024,302500239,1,9,0,-1,19,5,3,-1,0,8,0,0,0,0,1,1,-1,9,1,50,8,1299,1,21,TOYOTA YARIS,1,E01013484,0,1
2024141431953,2024,141431953,2,9,0,-1,19,1,5,-1,0,1,0,0,0,0,1,1,-1,6,1,37,7,1296,1,17,TOYOTA YARIS,1,E01034842,0,1
2024010539120,2024,010539120,1,9,0,9,9,3,1,0,0,5,0,0,0,0,1,1,6,6,2,45,7,1329,1,14,TOYOTA YARIS,4,E01004034,0,1
2024430080607,2024,430080607,2,9,0,18,19,8,4,0,0,4,0,0,0,0,1,1,6,6,2,-1,-1,1296,1,18,TOYOTA YARIS,-1,-1,0,-1
2024010512245,2024,010512245,1,9,0,9,9,1,6,0,0,1,0,0,0,0,1,1,6,6,3,-1,-1,998,1,19,TOYOTA YARIS,-1,-1,0,-1
2024461463299,2024,461463299,1,9,0,-1,19,7,3,-1,0,1,0,0,0,0,1,9,-1,6,2,80,11,1329,1,11,TOYOTA YARIS,9,E01016107,0,1
2024302401499,2024,302401499,2,8,0,4,4,6,2,0,0,0,0,0,0,0,2,1,1,1,1,36,7,1329,1,11,TOYOTA YARIS,1,E01013567,0,1
202454C788124,2024,54C788124,2,9,0,18,19,6,1,0,0,3,0,0,0,0,3,1,6,6,2,31,6,1490,8,0,TOYOTA YARIS,1,E01015544,0,1
2024411503330,2024,411503330,1,9,0,-1,2,0,0,-1,0,0,0,4,0,0,1,1,-1,9,1,77,11,1490,8,2,TOYOTA YARIS,8,E01022059,0,4
2024461544963,2024,461544963,1,9,0,-1,5,5,1,-1,0,6,0,0,0,0,2,1,-1,6,2,59,9,1798,1,17,TOYOTA YARIS,4,E01035303,0,1
2024221487459,2024,221487459,1,9,0,-1,19,7,3,-1,0,4,0,0,0,0,1,9,-1,6,3,44,7,1618,1,3,TOYOTA YARIS,-1,-1,0,-1
2024461410357,2024,461410357,2,9,0,-1,19,5,1,-1,0,0,0,0,0,0,1,1,-1,6,2,58,9,1490,8,3,TOYOTA YARIS,3,E01024695,0,1
2024231433133,2024,231433133,2,9,0,-1,19,1,4,-1,0,0,0,0,0,0,1,1,-1,9,1,27,6,1490,8,2,TOYOTA YARIS,9,E01035729,0,3
2024351479236,2024,351479236,2,9,-1,-1,-1,-1,-1,-1,-1,0,-1,-1,-1,0,-1,9,-1,6,2,69,10,1299,1,22,TOYOTA YARIS,10,E01017959,0,3
2024430169421,2024,430169421,2,9,0,17,19,5,1,0,0,8,0,0,0,0,1,1,6,6,2,84,11,998,1,23,TOYOTA YARIS,10,E01028684,0,3
2024991449590,2024,991449590,3,9,0,-1,3,3,7,-1,0,0,0,0,0,0,2,1,-1,6,2,80,11,1329,1,12,TOYOTA YARIS,1,-1,0,1
2024201538020,2024,201538020,1,9,0,-1,9,7,5,-1,0,5,0,0,0,0,1,1,-1,6,2,23,5,1490,8,0,TOYOTA YARIS,2,E01009346,0,1
2024332400985,2024,332400985,2,9,0,-1,9,7,5,-1,0,6,0,0,0,0,1,1,-1,6,1,68,10,1364,2,10,TOYOTA YARIS,7,E01013709,0,1
2024201520219,2024,201520219,2,9,0,-1,19,6,1,-1,0,8,0,0,0,0,1,1,-1,9,1,32,6,1296,1,17,TOYOTA YARIS,3,E01033561,0,1
2024421431645,2024,421431645,2,9,0,-1,4,7,3,-1,0,4,0,0,0,0,2,9,-1,6,2,58,9,1329,1,13,TOYOTA YARIS,3,E01016005,0,1
2024440153862,2024,440153862,2,9,0,9,9,8,6,0,0,8,0,0,0,0,3,1,6,6,1,18,4,998,1,17,TOYOTA YARIS,8,E01022958,0,2
2024101528040,2024,101528040,1,9,0,-1,19,5,1,-1,0,0,0,0,0,0,1,1,-1,6,1,24,5,998,1,14,TOYOTA YARIS,1,E01005615,0,5
2024041475968,2024,041475968,1,9,0,-1,19,5,1,-1,0,8,0,0,0,0,3,1,-1,6,1,88,11,1490,8,3,TOYOTA YARIS,1,E01024900,0,1
2024501414428,2024,501414428,1,9,0,-1,8,2,3,-1,0,0,0,0,7,0,2,1,-1,9,2,65,9,1490,8,1,TOYOTA YARIS,4,E01018914,0,3
2024451515446,2024,451515446,4,9,0,-1,4,5,1,-1,0,0,0,0,0,0,2,1,-1,9,2,26,6,1329,1,11,TOYOTA YARIS,3,E01034142,0,3
2024361512647,2024,361512647,1,9,0,-1,19,5,1,-1,0,1,0,4,0,0,4,1,-1,6,2,65,9,1497,8,10,TOYOTA YARIS,5,E01026611,0,1
2024311420230,2024,311420230,3,9,0,-1,4,7,3,-1,0,0,0,0,0,0,1,1,-1,6,2,44,7,1329,1,10,TOYOTA YARIS,-1,-1,0,-1
2024302400493,2024,302400493,1,9,0,18,19,6,2,0,0,4,0,0,0,0,1,1,6,6,2,41,7,1299,1,20,TOYOTA YARIS,3,E01019665,0,1
2024361489281,2024,361489281,1,9,0,-1,19,3,7,-1,0,0,0,0,0,0,1,1,-1,9,2,35,6,1329,1,15,TOYOTA YARIS,-1,-1,0,-1
2024520403282,2024,520403282,1,9,0,8,8,8,2,0,0,1,0,0,0,0,2,1,6,6,2,78,11,1299,1,21,TOYOTA YARIS,4,E01035130,0,2
2024010509512,2024,010509512,2,9,9,18,19,5,1,0,0,1,0,0,0,0,1,9,6,6,1,25,5,1296,1,17,TOYOTA YARIS,5,E01003654,0,2
2024302401165,2024,302401165,2,9,0,5,5,7,3,0,0,2,0,0,0,0,1,1,6,6,2,45,7,1490,8,3,TOYOTA YARIS,7,E01019548,0,1
2024631518688,2024,631518688,1,9,0,-1,19,6,2,-1,0,0,2,0,8,1,1,1,-1,1,1,37,7,1618,1,2,TOYOTA YARIS,5,W01000754,0,4
2024351518687,2024,351518687,1,9,0,-1,-1,-1,-1,-1,-1,-1,-1,-1,-1,0,2,9,-1,9,2,-1,-1,1497,8,6,TOYOTA YARIS,8,E01033429,0,4
2024141405659,2024,141405659,1,9,0,-1,9,6,4,-1,0,5,0,0,1,0,1,1,-1,9,2,66,10,1363,2,20,TOYOTA YARIS,3,E01007976,0,1
2024052400609,2024,052400609,2,9,0,4,4,2,6,0,0,0,0,0,0,0,2,1,6,6,1,70,10,1490,8,3,TOYOTA YARIS,5,E01007252,0,2
2024311489291,2024,311489291,1,9,0,-1,19,2,6,-1,0,8,0,0,0,0,3,1,-1,2,1,60,9,1497,8,5,TOYOTA YARIS,10,E01028148,0,1
2024421512463,2024,421512463,3,9,0,-1,4,2,6,-1,0,0,0,0,0,0,2,1,-1,9,2,70,10,1299,1,19,TOYOTA YARIS,8,E01000910,0,4
2024161529808,2024,161529808,1,9,0,-1,5,1,5,-1,0,0,0,0,0,0,1,1,-1,9,2,85,11,1490,8,0,TOYOTA YARIS,9,E01013120,0,4
2024211438628,2024,211438628,2,9,0,-1,19,4,8,-1,9,0,0,0,0,0,1,1,-1,1,1,64,9,1296,1,17,TOYOTA YARIS,3,E01014321,0,1
2024201493325,2024,201493325,2,9,0,-1,19,7,3,-1,0,1,0,0,0,0,3,1,-1,2,2,59,9,998,1,12,TOYOTA YARIS,-1,-1,0,-1
2024211530553,2024,211530553,1,9,0,-1,19,1,5,-1,0,8,0,0,0,0,3,1,-1,9,2,34,6,1329,1,12,TOYOTA YARIS,1,E01014354,0,2
2024041448195,2024,041448195,1,9,0,-1,19,3,7,-1,0,0,0,0,0,0,1,1,-1,9,1,30,6,1364,2,17,TOYOTA YARIS,1,E01024876,0,1
2024552400942,2024,552400942,1,9,0,18,19,4,8,0,0,0,0,0,0,0,4,1,6,6,1,70,10,1497,8,9,TOYOTA YARIS,8,E01020491,0,2
2024010508770,2024,010508770,2,9,9,99,99,9,9,99,99,9,9,99,9,99,2,9,6,6,2,79,11,1497,8,6,TOYOTA YARIS,7,E01000517,0,1
2024302401542,2024,302401542,1,9,0,12,12,6,8,0,0,8,0,0,0,0,3,1,2,2,1,20,4,1364,2,14,TOYOTA YARIS,1,E01013566,0,1
2024440536916,2024,440536916,1,9,0,9,9,1,3,0,0,6,0,0,0,0,3,1,6,6,2,58,9,1329,1,11,TOYOTA YARIS,6,E01023196,0,1
2024010548728,2024,010548728,2,9,0,10,10,3,1,0,0,1,0,0,0,0,1,1,6,6,2,55,8,1490,8,1,TOYOTA YARIS,3,E01001589,0,1
2024010531399,2024,010531399,1,9,0,18,19,1,5,0,0,0,0,0,0,0,4,2,6,6,3,-1,-1,1490,8,0,TOYOTA YARIS,-1,-1,0,-1
2024542594424,2024,542594424,2,9,0,18,19,1,5,0,0,1,0,0,0,0,1,1,2,2,2,57,9,1490,8,1,TOYOTA YARIS,5,E01015505,0,2
2024311502908,2024,311502908,1,9,0,-1,5,2,1,-1,-1,1,0,0,0,0,1,1,-1,9,1,52,8,998,1,25,TOYOTA YARIS,1,E01013821,0,2
2024070143437,2024,070143437,1,9,0,3,3,3,7,0,0,3,0,0,0,0,1,1,6,6,2,82,11,1490,8,3,TOYOTA YARIS,10,E01018643,0,2
2024010542613,2024,010542613,1,9,0,4,4,3,7,0,0,1,0,0,0,0,2,1,6,6,2,44,7,1329,1,11,TOYOTA YARIS,3,E01003079,0,1
2024451414538,2024,451414538,2,9,0,-1,9,5,3,-1,0,8,0,0,0,0,1,1,-1,2,1,49,8,1363,2,19,TOYOTA YARIS,9,E01030880,0,3
2024201500956,2024,201500956,2,9,0,-1,7,2,8,-1,0,0,0,0,0,0,1,9,-1,6,1,49,8,1364,2,18,TOYOTA YARIS,8,E01010206,0,2
2024211517268,2024,211517268,1,9,0,-1,19,4,7,-1,0,8,1,0,0,0,1,1,-1,6,1,28,6,1296,1,16,TOYOTA YARIS,-1,-1,0,-1
2024991528260,2024,991528260,1,9,0,-1,5,4,8,-1,0,6,0,0,0,0,3,1,-1,6,2,78,11,1329,1,14,TOYOTA YARIS,6,-1,0,1
2024061449729,2024,061449729,1,9,0,-1,9,3,8,-1,0,8,0,0,0,0,4,1,-1,9,2,65,9,1329,1,14,TOYOTA YARIS,8,E01006318,0,2
2024440197168,2024,440197168,1,9,0,18,19,8,4,0,0,0,5,0,4,6,3,1,6,6,1,25,5,1296,1,17,TOYOTA YARIS,4,E01017013,0,2
2024401491075,2024,401491075,2,9,0,-1,3,7,1,-1,0,0,0,0,0,0,2,1,-1,6,2,51,8,1496,1,7,TOYOTA YARIS,9,E01017463,0,2
2024010524672,2024,010524672,1,9,0,7,7,1,4,0,0,5,0,0,1,0,1,1,2,2,2,68,10,1497,8,5,TOYOTA YARIS,-1,-1,0,-1
2024010532656,2024,010532656,1,9,0,7,7,1,3,0,0,1,0,0,0,0,3,1,6,6,1,53,8,1497,8,9,TOYOTA YARIS,6,E01000285,0,3
2024461531976,2024,461531976,1,9,0,-1,19,1,5,-1,0,1,0,0,0,0,1,1,-1,6,1,39,7,1296,1,18,TOYOTA YARIS,8,E01033088,0,3
2024061413853,2024,061413853,1,9,0,-1,19,6,2,-1,0,0,0,0,0,0,2,1,-1,9,2,73,10,1296,1,16,TOYOTA YARIS,10,E01006367,0,1
2024451458902,2024,451458902,1,9,0,-1,2,0,0,-1,99,0,0,0,0,0,1,1,-1,9,2,28,6,1296,1,15,TOYOTA YARIS,5,E01030725,0,1
2024141400046,2024,141400046,1,9,0,-1,19,1,5,-1,0,0,0,0,0,0,2,1,-1,9,2,57,9,1296,1,17,TOYOTA YARIS,5,E01007887,0,2
2024061479646,2024,061479646,2,9,0,-1,19,5,1,-1,0,0,0,0,0,0,3,1,-1,6,2,39,7,1490,8,0,TOYOTA YARIS,1,E01004861,0,1
2024010509137,2024,010509137,1,9,0,99,99,9,9,99,99,9,9,99,9,99,1,9,6,6,1,18,4,1329,1,8,TOYOTA YARIS,2,E01001507,0,1
2024101441454,2024,101441454,2,9,0,-1,4,1,5,-1,0,8,0,0,1,0,2,1,-1,6,2,49,8,1490,8,1,TOYOTA YARIS,8,E01008278,0,1
2024010529499,2024,010529499,2,9,0,9,9,2,8,0,0,8,0,0,0,0,4,1,6,6,2,52,8,1497,8,11,TOYOTA YARIS,-1,-1,0,-1
2024430505751,2024,430505751,1,9,0,9,9,4,2,0,0,1,-1,0,0,0,1,1,6,6,2,37,7,1296,1,16,TOYOTA YARIS,7,E01016777,0,1
2024010525412,2024,010525412,5,9,0,18,19,7,3,0,0,0,0,0,0,0,2,1,6,6,2,55,8,1496,1,6,TOYOTA YARIS,7,E01021511,0,4
2024201517126,2024,201517126,4,9,0,-1,2,0,0,-1,0,0,0,4,0,0,3,1,-1,6,-1,-1,-1,1329,1,8,TOYOTA YARIS,-1,-1,0,-1
2024101452857,2024,101452857,1,9,-1,-1,19,2,6,-1,0,0,0,0,0,0,1,9,-1,6,1,-1,-1,1296,1,16,TOYOTA YARIS,-1,-1,0,-1
2024010513427,2024,010513427,1,9,0,99,99,9,9,99,99,9,9,99,9,99,2,9,2,2,1,24,5,1490,8,1,TOYOTA YARIS,9,E01003747,0,1
202417S107124,2024,17S107124,1,9,0,-1,7,3,6,-1,0,4,0,0,0,0,3,1,-1,2,2,21,5,1490,8,2,TOYOTA YARIS,10,E01033479,0,1
2024401498265,2024,401498265,1,9,0,-1,1,1,5,-1,0,1,0,4,6,0,2,1,-1,9,2,52,8,1296,1,18,TOYOTA YARIS,3,E01015783,0,1
2024501441989,2024,501441989,1,9,0,-1,9,8,6,-1,0,0,0,0,0,0,1,1,-1,9,1,84,11,998,1,19,TOYOTA YARIS,2,E01018996,0,1
2024421439984,2024,421439984,2,9,0,-1,19,3,7,-1,0,1,0,0,0,0,1,1,-1,9,2,82,11,1329,1,13,TOYOTA YARIS,8,E01021719,0,1
2024201470866,2024,201470866,1,9,0,-1,19,3,7,-1,0,1,0,0,0,0,1,1,-1,6,2,48,8,1490,8,0,TOYOTA YARIS,1,E01009059,0,1
2024522402710,2024,522402710,1,9,0,9,9,8,5,0,0,8,0,0,0,0,1,1,6,6,1,41,7,1490,8,2,TOYOTA YARIS,10,E01014879,0,4
2024461441506,2024,461441506,1,9,0,-1,19,1,5,-1,0,4,0,0,0,0,1,1,-1,9,1,70,10,1497,8,10,TOYOTA YARIS,8,E01024438,0,2
2024440404153,2024,440404153,2,9,0,2,2,0,0,0,0,0,0,0,0,0,2,1,6,6,3,-1,-1,1490,8,3,TOYOTA YARIS,-1,-1,0,-1
2024010537258,2024,010537258,1,9,0,99,99,9,9,99,99,9,9,99,9,99,9,9,2,2,1,48,8,1299,1,21,TOYOTA YARIS,1,E01023536,0,2
2024010519290,2024,010519290,1,9,0,99,99,9,9,99,99,9,9,99,9,99,9,9,6,6,2,56,9,998,1,14,TOYOTA YARIS,6,E01003223,0,1
2024141457999,2024,141457999,2,9,0,-1,19,2,6,-1,0,8,0,0,0,0,4,1,-1,6,3,-1,-1,998,1,19,TOYOTA YARIS,-1,-1,0,-1