collision_index,collision_year,collision_ref_no,vehicle_reference,vehicle_type,towing_and_articulation,vehicle_manoeuvre_historic,vehicle_manoeuvre,vehicle_direction_from,vehicle_direction_to,vehicle_location_restricted_lane_historic,vehicle_location_restricted_lane,junction_location,skidding_and_overturning,hit_object_in_carriageway,vehicle_leaving_carriageway,hit_object_off_carriageway,first_point_of_impact,vehicle_left_hand_drive,journey_purpose_of_driver_historic,journey_purpose_of_driver,sex_of_driver,age_of_driver,age_band_of_driver,engine_capacity_cc,propulsion_code,age_of_vehicle,generic_make_model,driver_imd_decile,lsoa_of_driver,escooter_flag,driver_distance_banding
2024430369295,2024,430369295,2,9,0,18,19,4,8,0,0,6,0,0,0,1,3,1,6,6,2,24,5,1296,1,16,TOYOTA YARIS,4,E01017555,0,2
2024010496227,2024,010496227,1,9,0,5,5,2,6,0,0,8,0,0,0,0,1,1,6,6,2,56,9,1497,8,8,TOYOTA YARIS,7,E01002812,0,1
2024552400777,2024,552400777,1,9,0,18,19,6,2,0,0,0,0,0,0,0,1,1,6,6,1,41,7,1299,1,21,TOYOTA YARIS,8,E01015411,0,1
2024430490684,2024,430490684,1,9,0,4,4,5,1,0,0,1,0,0,0,0,3,1,1,1,1,61,9,1296,1,18,TOYOTA YARIS,4,E01028516,0,1
2024070589521,2024,070589521,3,9,0,4,4,7,2,0,0,0,0,0,0,0,1,1,6,6,2,26,6,1329,1,15,TOYOTA YARIS,1,W01000304,0,4
2024471421458,2024,471421458,2,9,0,-1,19,6,8,-1,0,2,0,0,7,0,1,9,-1,6,1,49,8,998,1,19,TOYOTA YARIS,2,E01032832,0,1
2024010504319,2024,010504319,1,9,0,99,99,9,9,99,99,9,9,99,9,99,1,9,6,6,2,55,8,1490,8,4,TOYOTA YARIS,2,E01001079,0,2
2024122500093,2024,122500093,2,9,0,18,19,1,5,0,0,0,0,0,1,0,3,1,6,6,2,67,10,1490,8,3,TOYOTA YARIS,3,E01027909,0,4
2024411507023,2024,411507023,2,9,-1,-1,-1,-1,-1,-1,-1,0,-1,-1,-1,0,-1,9,-1,9,2,43,7,1490,8,3,TOYOTA YARIS,6,E01023927,0,1
2024302401311,2024,302401311,4,9,0,18,19,2,6,0,0,1,0,0,0,0,1,1,6,6,2,67,10,1496,1,5,TOYOTA YARIS,8,E01019518,0,1
2024131417034,2024,131417034,1,9,0,-1,9,3,7,-1,0,1,0,0,0,0,1,1,-1,9,1,76,11,1296,1,18,TOYOTA YARIS,1,E01010812,0,1
2024041515995,2024,041515995,1,9,0,-1,19,1,5,-1,0,0,0,0,0,0,1,1,-1,9,2,70,10,998,1,9,TOYOTA YARIS,10,E01005903,0,4
2024411452425,2024,411452425,1,9,0,-1,-1,-1,-1,-1,-1,-1,-1,-1,-1,0,1,9,-1,6,3,-1,-1,998,1,20,TOYOTA YARIS,-1,-1,0,-1
2024131461008,2024,131461008,2,9,0,-1,19,3,7,-1,0,8,0,0,0,0,3,1,-1,9,2,30,6,998,1,18,TOYOTA YARIS,3,E01010600,0,1
2024061536479,2024,061536479,1,9,0,-1,19,5,1,-1,0,0,0,0,0,0,1,1,-1,9,1,70,10,1364,2,18,TOYOTA YARIS,1,E01005203,0,1
2024991430213,2024,991430213,2,9,0,-1,4,3,7,-1,0,1,0,0,0,0,2,1,-1,2,2,24,5,998,1,12,TOYOTA YARIS,7,-1,0,1
2024131403337,2024,131403337,2,9,0,-1,9,4,7,-1,0,5,0,0,0,0,1,1,-1,6,1,27,6,1497,8,6,TOYOTA YARIS,4,E01011876,0,1
2024061515335,2024,061515335,2,9,0,-1,9,8,4,-1,0,8,0,11,0,0,4,1,-1,9,2,78,11,1496,1,7,TOYOTA YARIS,2,E01005003,0,1
2024401429272,2024,401429272,3,9,0,-1,19,1,5,-1,0,0,1,0,0,0,1,1,-1,6,1,29,6,1296,1,17,TOYOTA YARIS,2,E01000065,0,4
2024552400765,2024,552400765,2,9,0,9,9,7,5,0,0,5,0,0,0,0,3,1,6,6,1,61,9,1490,8,3,TOYOTA YARIS,1,E01015309,0,1
2024311437600,2024,311437600,2,9,0,-1,19,5,1,-1,0,0,0,0,0,0,0,1,-1,6,1,20,4,998,1,11,TOYOTA YARIS,9,E01013981,0,2
2024031427348,2024,031427348,2,9,0,-1,19,7,2,-1,0,0,0,0,0,0,1,1,-1,6,2,30,6,1364,2,16,TOYOTA YARIS,1,E01019112,0,1
2024141408606,2024,141408606,1,9,0,-1,19,6,2,-1,0,3,0,0,0,0,4,1,-1,6,1,29,6,1364,2,12,TOYOTA YARIS,7,E01034251,0,3
2024411471090,2024,411471090,1,9,0,-1,2,7,4,-1,0,1,0,0,0,0,1,1,-1,6,2,41,7,1490,8,1,TOYOTA YARIS,9,E01035592,0,2
2024231505548,2024,231505548,1,9,0,-1,1,6,2,-1,9,6,0,0,0,0,2,9,-1,6,1,89,11,1496,1,5,TOYOTA YARIS,9,E01031104,0,1
2024401449336,2024,401449336,3,9,0,-1,19,1,5,-1,0,1,0,0,0,0,3,1,-1,6,2,52,8,1490,8,2,TOYOTA YARIS,7,E01033818,0,2
2024131483869,2024,131483869,1,9,0,-1,4,7,3,-1,0,0,0,0,0,0,1,1,-1,9,1,80,11,1490,8,3,TOYOTA YARIS,7,E01010879,0,3
2024622500013,2024,622500013,2,9,0,5,5,8,4,0,0,4,0,0,0,0,3,1,2,2,2,46,8,998,1,21,TOYOTA YARIS,10,W01001733,0,1
2024010539954,2024,010539954,1,9,0,9,9,7,5,0,0,6,0,0,0,0,0,1,6,6,2,27,6,1490,8,2,TOYOTA YARIS,4,E01035655,0,2
2024201427644,2024,201427644,1,9,0,-1,19,8,4,-1,0,1,0,4,0,0,1,9,-1,6,3,-1,-1,1497,8,8,TOYOTA YARIS,1,E01009379,0,1
2024131448080,2024,131448080,2,9,0,-1,19,1,3,-1,0,8,0,0,0,0,3,1,-1,9,2,68,10,1490,8,1,TOYOTA YARIS,8,E01007428,0,4
2024471403593,2024,471403593,1,9,0,-1,19,3,7,-1,0,0,0,0,0,0,1,1,-1,9,1,49,8,1497,8,6,TOYOTA YARIS,3,E01016907,0,2
2024101449349,2024,101449349,2,9,0,-1,10,1,7,-1,0,1,0,0,0,0,1,1,-1,9,1,70,10,1329,1,15,TOYOTA YARIS,7,E01008458,0,1
2024411499525,2024,411499525,1,9,0,-1,19,3,1,-1,0,0,0,0,0,0,3,1,-1,7,1,56,9,1329,1,11,TOYOTA YARIS,9,E01000293,0,1
2024332400599,2024,332400599,2,9,0,-1,19,3,1,-1,0,0,0,0,0,0,1,1,-1,2,1,51,8,1364,2,9,TOYOTA YARIS,1,E01032597,0,1
2024451457878,2024,451457878,1,9,0,-1,15,7,3,-1,0,0,0,0,0,0,1,1,-1,1,2,59,9,1329,1,9,TOYOTA YARIS,4,E01030816,0,1
2024010508680,2024,010508680,2,9,0,18,19,1,5,99,99,9,9,99,9,99,1,1,6,6,3,-1,-1,1497,8,11,TOYOTA YARIS,-1,-1,0,-1
2024061394963,2024,061394963,1,9,0,-1,5,6,2,-1,9,0,0,10,1,0,1,1,-1,9,2,73,10,1497,8,5,TOYOTA YARIS,8,E01004984,0,2
2024061521292,2024,061521292,2,9,0,-1,19,3,7,-1,0,6,0,0,0,0,2,1,-1,9,2,49,8,1329,1,10,TOYOTA YARIS,-1,-1,0,-1
2024201482305,2024,201482305,1,9,0,-1,9,8,6,-1,0,6,0,0,0,0,3,9,-1,6,2,39,7,1490,8,3,TOYOTA YARIS,-1,-1,0,-1
2024302400355,2024,302400355,1,9,0,18,19,1,5,0,0,8,0,0,1,0,1,1,6,6,1,31,6,998,1,14,TOYOTA YARIS,2,E01013569,0,1
2024211533111,2024,211533111,1,9,0,-1,9,5,1,-1,0,1,0,0,0,0,4,1,-1,1,2,34,6,1299,1,23,TOYOTA YARIS,8,E01029579,0,1
2024010541362,2024,010541362,1,9,0,7,7,5,6,0,0,6,0,0,0,0,1,1,6,6,1,45,7,1496,1,4,TOYOTA YARIS,8,E01004144,0,1
2024501485511,2024,501485511,2,9,0,-1,4,1,5,-1,0,0,0,0,4,0,2,1,-1,9,1,59,9,1490,8,0,TOYOTA YARIS,10,E01018263,0,5
2024501477367,2024,501477367,1,9,0,-1,9,8,4,-1,0,6,0,0,7,0,3,1,-1,9,1,66,10,1490,8,0,TOYOTA YARIS,7,E01003888,0,5
2024010541335,2024,010541335,1,9,0,18,19,3,7,0,0,8,1,0,0,0,2,1,6,6,2,35,6,1497,8,10,TOYOTA YARIS,3,E01032786,0,1
2024471530533,2024,471530533,2,9,0,-1,13,2,6,-1,0,0,0,0,0,0,4,1,-1,6,2,21,5,1329,1,9,TOYOTA YARIS,6,E01016887,0,1
2024131445204,2024,131445204,3,9,0,-1,19,3,7,-1,0,2,0,0,0,0,4,1,-1,1,2,54,8,1496,1,7,TOYOTA YARIS,7,E01010968,0,1
2024440403688,2024,440403688,2,9,0,17,19,1,5,0,0,3,0,0,0,0,3,1,6,6,1,30,6,1497,8,7,TOYOTA YARIS,3,E01022487,0,1
2024010519861,2024,010519861,3,9,0,18,19,3,7,0,0,8,1,0,0,0,4,1,2,2,1,48,8,1329,1,13,TOYOTA YARIS,9,E01002263,0,1
2024131450485,2024,131450485,1,9,0,-1,19,3,7,-1,0,8,0,0,0,0,4,1,-1,9,1,21,5,1296,1,18,TOYOTA YARIS,3,E01011597,0,3
2024131464462,2024,131464462,1,9,0,-1,19,7,7,-1,0,1,0,0,0,0,1,1,-1,6,2,41,7,1329,1,15,TOYOTA YARIS,4,E01010678,0,1
2024010527018,2024,010527018,2,9,0,99,99,9,9,99,99,9,9,99,9,99,9,9,6,6,3,-1,-1,1296,1,17,TOYOTA YARIS,-1,-1,0,-1
2024141462634,2024,141462634,1,9,0,-1,19,4,2,-1,0,0,0,0,0,0,1,1,-1,6,1,30,6,1496,1,7,TOYOTA YARIS,4,E01007647,0,2
2024010518119,2024,010518119,1,9,0,99,99,9,9,99,99,9,9,99,9,99,3,9,1,1,1,41,7,1497,8,8,TOYOTA YARIS,3,E01003498,0,1
2024361417395,2024,361417395,2,9,0,-1,19,1,5,-1,0,0,0,0,0,0,1,9,-1,2,1,24,5,1299,1,21,TOYOTA YARIS,4,E01026864,0,1
2024430174504,2024,430174504,2,9,0,3,3,5,1,0,0,0,0,0,0,0,2,1,6,6,1,48,8,1490,8,1,TOYOTA YARIS,5,E01016233,0,3
2024430530101,2024,430530101,2,9,0,18,19,1,5,0,0,2,0,0,0,0,2,1,1,1,1,39,7,1329,1,11,TOYOTA YARIS,2,E01001486,0,4
2024010515495,2024,010515495,2,9,0,9,9,6,3,0,0,8,0,0,0,0,0,1,6,6,1,30,6,1496,1,5,TOYOTA YARIS,2,E01001577,0,1
2024061491639,2024,061491639,1,9,0,-1,19,4,8,-1,0,1,0,0,0,0,1,1,-1,9,2,42,7,1299,1,20,TOYOTA YARIS,2,E01005915,0,2
2024010500910,2024,010500910,2,9,0,5,5,3,7,0,0,2,0,0,0,0,3,1,6,6,2,44,7,1329,1,13,TOYOTA YARIS,9,E01004079,0,1
2024991467339,2024,991467339,1,9,0,-1,19,3,6,-1,0,0,0,0,0,0,1,1,-1,9,1,89,11,1329,1,13,TOYOTA YARIS,5,-1,0,4
2024351504287,2024,351504287,1,9,0,-1,9,3,7,-1,0,0,0,0,0,0,1,1,-1,6,1,24,5,1496,1,7,TOYOTA YARIS,5,E01017951,0,3
2024540397724,2024,540397724,1,9,0,16,19,3,6,0,0,0,0,0,4,6,1,1,6,6,2,79,11,1497,8,6,TOYOTA YARIS,6,E01020445,0,4
2024010515662,2024,010515662,1,9,0,18,19,8,4,0,0,2,0,11,0,0,1,1,6,6,1,25,5,1497,8,4,TOYOTA YARIS,-1,-1,0,-1
2024552400477,2024,552400477,1,9,0,18,19,6,2,0,0,0,0,0,0,0,1,1,2,2,1,85,11,1329,1,13,TOYOTA YARIS,5,E01020503,0,4
2024010501698,2024,010501698,1,9,0,18,19,1,5,0,0,0,0,0,0,0,1,2,2,2,2,58,9,1497,8,11,TOYOTA YARIS,3,E01001700,0,1
2024010505172,2024,010505172,2,9,0,99,99,9,9,99,99,9,9,99,0,0,9,9,6,6,3,-1,-1,1497,8,12,TOYOTA YARIS,-1,-1,0,-1
2024052402128,2024,052402128,2,9,0,10,10,3,1,0,0,1,0,0,0,0,1,2,6,6,1,84,11,1329,1,7,TOYOTA YARIS,5,E01007211,0,1
2024371488328,2024,371488328,2,9,-1,-1,4,-1,-1,-1,0,0,0,0,0,0,1,9,-1,9,2,52,8,1497,8,5,TOYOTA YARIS,6,E01030057,0,3
2024451517505,2024,451517505,1,9,0,-1,14,5,1,-1,0,7,0,0,0,0,3,1,-1,9,2,74,10,1497,8,6,TOYOTA YARIS,7,E01030628,0,1
2024201471748,2024,201471748,1,9,0,-1,9,2,8,-1,0,3,0,0,0,0,1,1,-1,6,2,29,6,1296,1,17,TOYOTA YARIS,1,E01008938,0,1
2024010506144,2024,010506144,1,9,0,9,9,1,7,0,0,8,0,0,0,0,3,1,6,6,1,27,6,1296,1,18,TOYOTA YARIS,3,E01003983,0,1
2024320558248,2024,320558248,2,9,0,-1,-1,6,8,0,0,0,0,0,0,0,1,1,-1,-1,2,23,5,1329,1,11,TOYOTA YARIS,-1,-1,0,-1
2024010546067,2024,010546067,2,9,0,2,2,0,0,0,0,0,0,0,1,1,2,1,6,6,3,-1,-1,1329,1,15,TOYOTA YARIS,-1,-1,0,-1
2024340WN0142,2024,340WN0142,1,9,0,-1,19,1,5,-1,0,0,1,0,1,4,1,1,-1,2,2,33,6,998,1,19,TOYOTA YARIS,1,E01013679,0,4
2024302400924,2024,302400924,2,9,0,5,5,4,8,0,0,4,0,0,0,0,2,1,6,6,2,54,8,1496,1,5,TOYOTA YARIS,8,E01019781,0,1
2024010511042,2024,010511042,2,9,9,13,13,5,1,0,0,1,9,0,0,0,4,9,6,6,3,-1,-1,1496,1,6,TOYOTA YARIS,-1,-1,0,-1
2024311423013,2024,311423013,1,9,0,-1,19,3,3,-1,0,0,0,0,3,0,1,1,-1,9,2,67,10,1490,8,2,TOYOTA YARIS,8,E01028358,0,3
2024451413424,2024,451413424,1,9,0,-1,19,7,3,-1,0,0,0,0,0,0,1,1,-1,1,1,37,7,1497,8,11,TOYOTA YARIS,9,E01030953,0,1
2024131500775,2024,131500775,1,9,0,-1,3,1,5,-1,0,1,0,0,0,0,3,1,-1,9,2,56,9,1296,1,17,TOYOTA YARIS,1,E01011429,0,1
2024471479706,2024,471479706,2,9,0,-1,19,1,5,-1,0,2,0,0,0,0,2,1,-1,6,2,35,6,1299,1,19,TOYOTA YARIS,8,E01030577,0,2
2024991453350,2024,991453350,1,9,0,-1,19,4,8,-1,0,8,0,0,0,0,1,1,-1,9,2,28,6,1496,1,5,TOYOTA YARIS,6,-1,0,4
2024131395694,2024,131395694,1,9,0,-1,19,3,7,-1,0,0,5,0,7,0,1,1,-1,9,1,17,4,1497,1,21,TOYOTA YARIS,1,E01011723,0,2
2024332400140,2024,332400140,2,9,0,-1,19,5,1,-1,0,8,0,0,0,0,1,1,-1,9,2,46,8,998,1,12,TOYOTA YARIS,4,E01013711,0,1
2024631531493,2024,631531493,1,9,0,-1,19,5,8,-1,0,2,0,0,7,10,1,1,-1,6,2,38,7,1299,1,20,TOYOTA YARIS,5,E01020431,0,5
2024401427221,2024,401427221,2,9,0,-1,19,1,5,-1,0,3,1,0,7,0,4,1,-1,9,2,28,6,1497,8,7,TOYOTA YARIS,9,E01017460,0,2
2024010515845,2024,010515845,1,9,0,17,19,7,3,0,0,1,0,0,0,0,3,1,6,6,2,40,7,1497,8,9,TOYOTA YARIS,2,E01032787,0,1
2024991434552,2024,991434552,3,9,0,-1,2,7,3,-1,0,0,0,0,0,0,4,1,-1,6,-1,-1,-1,998,1,21,TOYOTA YARIS,-1,-1,0,-1
2024010530562,2024,010530562,2,9,0,3,3,5,1,0,0,1,0,0,0,0,1,1,6,6,2,44,7,1497,8,4,TOYOTA YARIS,9,E01004161,0,1
2024311495547,2024,311495547,3,9,0,-1,2,0,0,-1,0,0,0,0,0,0,1,1,-1,6,-1,-1,-1,1296,1,17,TOYOTA YARIS,-1,-1,0,-1
2024411489858,2024,411489858,1,9,0,-1,4,6,2,-1,0,6,0,0,0,0,3,1,-1,2,2,34,6,1299,1,22,TOYOTA YARIS,4,E01023401,0,2
2024311463018,2024,311463018,2,9,0,-1,19,3,7,-1,0,0,0,0,0,0,1,9,-1,2,2,25,5,1497,8,10,TOYOTA YARIS,2,E01027954,0,1
2024010511806,2024,010511806,1,9,0,18,19,3,7,99,99,0,9,99,9,99,0,1,6,6,2,55,8,1329,1,13,TOYOTA YARIS,4,E01003736,0,1
2024221491281,2024,221491281,1,9,0,-1,13,2,6,-1,0,0,0,0,0,0,4,1,-1,6,1,31,6,1497,1,19,TOYOTA YARIS,3,E01014010,0,3
2024010501830,2024,010501830,1,9,0,9,9,5,3,0,0,2,0,0,0,0,1,1,6,6,1,27,6,1497,8,8,TOYOTA YARIS,2,E01000063,0,1
2024421511085,2024,421511085,2,9,0,-1,19,1,5,-1,0,0,0,0,1,0,1,2,-1,9,1,72,10,1490,8,1,TOYOTA YARIS,8,E01022072,0,1
2024421445209,2024,421445209,2,9,0,-1,2,0,0,-1,0,2,0,0,0,0,2,1,-1,6,-1,-1,-1,1497,8,6,TOYOTA YARIS,-1,-1,0,-1
2024131511723,2024,131511723,2,9,0,-1,19,7,3,-1,0,8,0,0,0,0,1,1,-1,9,1,43,7,1497,8,4,TOYOTA YARIS,2,E01011126,0,1
2024010517534,2024,010517534,2,9,0,5,5,9,9,99,99,0,9,99,9,99,9,9,6,6,3,24,5,1490,8,1,TOYOTA YARIS,4,E01001140,0,1
2024131402319,2024,131402319,1,9,0,-1,9,7,1,-1,0,2,0,0,0,0,1,1,-1,9,2,46,8,1364,2,12,TOYOTA YARIS,5,E01011736,0,1
2024141433941,2024,141433941,1,9,0,-1,6,5,1,-1,0,0,0,0,0,0,1,1,-1,6,1,29,6,1296,1,17,TOYOTA YARIS,1,E01007875,0,1
2024211464297,2024,211464297,1,9,0,-1,9,7,4,-1,0,6,0,0,0,0,3,1,-1,6,1,52,8,998,1,20,TOYOTA YARIS,9,E01029799,0,3
2024430104199,2024,430104199,1,9,0,18,19,4,8,0,0,0,0,0,0,0,1,1,1,1,1,31,6,1497,8,5,TOYOTA YARIS,7,E01034465,0,1
2024471402872,2024,471402872,2,9,0,-1,2,0,0,-1,0,2,0,0,2,0,4,1,-1,6,-1,-1,-1,1490,8,1,TOYOTA YARIS,-1,-1,0,-1
2024351448805,2024,351448805,2,9,0,-1,2,0,0,-1,0,0,0,0,0,0,3,1,-1,6,-1,-1,-1,1496,1,6,TOYOTA YARIS,-1,-1,0,-1
2024522402805,2024,522402805,2,9,0,18,19,4,8,0,0,4,0,0,0,0,3,1,6,6,1,50,8,1497,8,10,TOYOTA YARIS,4,E01014704,0,1
2024471424340,2024,471424340,1,9,0,-1,19,7,3,-1,0,0,0,0,7,0,3,1,-1,9,1,81,11,1497,8,5,TOYOTA YARIS,7,E01031626,0,1
2024430539328,2024,430539328,1,9,0,10,10,2,8,0,0,1,0,0,0,0,2,1,2,2,1,43,7,1497,8,6,TOYOTA YARIS,8,E01016221,0,1
2024522500276,2024,522500276,1,9,0,18,19,7,3,0,0,0,0,0,0,0,1,1,6,6,1,85,11,1299,1,19,TOYOTA YARIS,2,E01014802,0,1
2024501466072,2024,501466072,1,9,0,-1,4,8,4,-1,0,1,0,0,0,0,2,9,-1,6,2,29,6,1299,1,20,TOYOTA YARIS,-1,-1,0,-1
2024471534699,2024,471534699,1,9,0,-1,19,6,2,-1,0,1,0,0,0,0,1,1,-1,6,2,34,6,1329,1,14,TOYOTA YARIS,6,E01031557,0,1
2024061517191,2024,061517191,2,9,0,-1,19,7,3,-1,0,1,0,0,0,0,2,9,-1,6,1,30,6,1329,1,11,TOYOTA YARIS,2,E01005221,0,1
2024461502871,2024,461502871,1,9,0,-1,10,1,7,-1,0,2,0,0,0,0,3,1,-1,7,1,19,4,1329,1,11,TOYOTA YARIS,2,E01024374,0,1
2024131437942,2024,131437942,1,9,0,-1,19,5,7,-1,0,4,0,0,0,0,3,1,-1,2,2,37,7,1490,8,1,TOYOTA YARIS,4,E01007329,0,2
2024371405836,2024,371405836,1,9,0,-1,19,-1,-1,-1,0,1,0,0,0,0,1,1,-1,9,2,43,7,998,1,22,TOYOTA YARIS,4,E01030022,0,1
2024440007935,2024,440007935,3,9,0,18,19,8,4,0,0,0,0,0,0,0,1,1,6,6,2,27,6,1364,2,16,TOYOTA YARIS,10,E01023243,0,3
2024031483046,2024,031483046,1,9,0,-1,19,6,2,-1,0,1,0,0,0,0,1,1,-1,9,2,81,11,1329,1,12,TOYOTA YARIS,-1,-1,0,-1
2024411455676,2024,411455676,3,9,0,-1,19,3,7,-1,0,0,0,0,0,0,1,1,-1,6,1,25,5,1296,1,17,TOYOTA YARIS,9,E01002110,0,3
2024430133172,2024,430133172,2,9,0,18,19,6,2,0,0,8,0,0,0,0,3,1,6,6,2,25,5,1497,8,9,TOYOTA YARIS,4,E01016455,0,1
2024461494296,2024,461494296,1,9,0,-1,19,4,8,-1,0,0,0,0,0,0,1,1,-1,9,2,78,11,1496,1,5,TOYOTA YARIS,10,E01024321,0,2
2024461416637,2024,461416637,2,9,0,-1,3,3,7,-1,0,1,0,0,0,0,2,9,-1,6,2,42,7,1329,1,15,TOYOTA YARIS,4,E01024841,0,1
2024610004824,2024,610004824,1,9,0,18,19,1,5,0,0,4,0,0,0,0,1,1,6,6,1,42,7,1299,1,20,TOYOTA YARIS,1,W01001530,0,1
2024041462722,2024,041462722,1,9,0,-1,19,1,5,-1,0,1,0,0,7,4,1,1,-1,9,1,77,11,1490,8,1,TOYOTA YARIS,8,E01025254,0,1
2024211515257,2024,211515257,1,9,0,-1,19,3,1,-1,0,0,0,0,0,0,1,1,-1,6,1,20,4,1364,2,18,TOYOTA YARIS,4,E01013458,0,3
2024411424412,2024,411424412,1,9,0,-1,3,8,6,-1,0,1,0,0,0,0,1,9,-1,6,1,81,11,1490,8,1,TOYOTA YARIS,9,E01023352,0,1
2024311435926,2024,311435926,1,9,0,-1,5,6,2,-1,0,0,0,0,0,0,1,1,-1,1,2,30,6,1490,8,1,TOYOTA YARIS,-1,-1,0,-1
2024010530412,2024,010530412,1,9,0,18,19,1,5,0,0,0,0,0,0,0,1,1,6,6,2,80,11,1490,8,3,TOYOTA YARIS,7,E01003285,0,1
2024430282965,2024,430282965,1,9,0,7,7,2,3,0,0,6,0,0,0,0,1,1,6,6,1,18,4,1329,1,7,TOYOTA YARIS,5,E01017913,0,1
2024201463450,2024,201463450,2,9,0,-1,19,4,2,-1,0,1,0,0,0,0,3,9,-1,6,1,42,7,1329,1,15,TOYOTA YARIS,2,E01009955,0,1
2024131401255,2024,131401255,2,9,0,-1,3,1,5,-1,0,8,0,0,0,0,3,1,-1,2,1,25,5,1296,1,17,TOYOTA YARIS,1,E01010607,0,1
2024101412679,2024,101412679,3,9,0,-1,2,0,0,-1,0,0,0,0,0,0,2,1,-1,6,-1,-1,-1,1497,8,10,TOYOTA YARIS,-1,-1,0,-1
2024401435588,2024,401435588,1,9,0,-1,9,7,1,-1,0,5,0,0,0,0,4,1,-1,6,2,19,4,1364,2,10,TOYOTA YARIS,7,E01033817,0,2
2024461526542,2024,461526542,2,9,0,-1,7,5,1,-1,0,1,0,0,0,0,2,9,-1,6,2,43,7,998,1,7,TOYOTA YARIS,3,E01033092,0,1
2024061504999,2024,061504999,1,9,0,-1,19,8,4,-1,0,2,0,0,0,0,4,9,-1,6,1,39,7,1364,2,15,TOYOTA YARIS,1,E01006005,0,1
2024461535353,2024,461535353,1,9,0,-1,9,3,1,-1,0,2,0,0,0,0,1,1,-1,6,1,38,7,1329,1,15,TOYOTA YARIS,4,E01024296,0,1
2024041406588,2024,041406588,2,9,0,-1,3,5,1,-1,0,0,0,0,0,0,2,1,-1,9,2,43,7,1329,1,14,TOYOTA YARIS,9,E01025023,0,1
2024991394520,2024,991394520,4,9,0,-1,2,0,0,-1,0,1,0,0,0,0,2,1,-1,6,-1,-1,-1,1299,1,20,TOYOTA YARIS,-1,-1,0,-1
2024540227924,2024,540227924,2,9,0,18,19,4,8,0,0,1,0,0,0,0,1,1,6,6,2,18,4,1490,8,3,TOYOTA YARIS,3,E01015503,0,2
2024010527328,2024,010527328,2,9,0,99,99,9,9,99,99,9,9,99,9,99,9,9,6,6,3,-1,-1,1329,1,9,TOYOTA YARIS,-1,-1,0,-1
2024522500258,2024,522500258,2,9,0,3,3,1,5,0,0,6,0,0,0,0,0,1,6,6,3,-1,-1,998,1,19,TOYOTA YARIS,-1,-1,0,-1
2024991441497,2024,991441497,1,9,0,-1,9,2,8,-1,0,1,0,0,0,0,1,1,-1,1,2,64,9,1497,8,9,TOYOTA YARIS,-1,-1,0,-1
2024161445473,2024,161445473,1,9,0,-1,19,2,7,-1,0,1,0,0,0,0,2,9,-1,6,1,45,7,1296,1,18,TOYOTA YARIS,1,E01012857,0,1
2024010511241,2024,010511241,1,9,0,99,99,9,9,99,99,9,9,99,9,99,9,9,6,6,2,40,7,1496,1,6,TOYOTA YARIS,3,E01003438,0,1
2024010521403,2024,010521403,1,9,0,18,19,9,9,99,99,0,9,99,9,99,1,9,6,6,3,36,7,1329,1,7,TOYOTA YARIS,3,E01001360,0,1
2024302400653,2024,302400653,2,9,0,10,10,3,1,0,0,1,0,0,0,0,3,1,6,6,2,18,4,1497,8,6,TOYOTA YARIS,10,E01019686,0,1
2024141516649,2024,141516649,1,9,0,-1,19,2,6,-1,0,1,0,10,0,0,4,1,-1,9,1,23,5,1296,1,17,TOYOTA YARIS,1,E01007352,0,1
2024201528962,2024,201528962,1,9,0,-1,6,5,3,-1,0,6,0,0,0,0,1,1,-1,6,1,31,6,1329,1,14,TOYOTA YARIS,3,E01009232,0,2
2024010509557,2024,010509557,3,9,0,18,19,1,5,0,0,0,0,0,0,0,3,1,1,1,1,21,5,998,1,20,TOYOTA YARIS,3,E01003572,0,1
2024351482924,2024,351482924,2,9,0,-1,3,-1,-1,-1,0,0,0,0,0,0,2,9,-1,9,1,30,6,1329,1,9,TOYOTA YARIS,1,E01030249,0,5
2024201443192,2024,201443192,2,9,0,-1,7,3,5,-1,0,0,0,0,0,0,4,1,-1,2,1,25,5,1299,1,19,TOYOTA YARIS,5,E01009521,0,1
2024351527644,2024,351527644,1,9,0,-1,19,5,3,-1,0,1,0,0,0,0,1,1,-1,6,2,53,8,1490,8,2,TOYOTA YARIS,10,E01035555,0,3
2024231534424,2024,231534424,3,9,0,-1,19,6,2,-1,0,0,0,0,0,0,1,1,-1,2,1,66,10,1497,8,9,TOYOTA YARIS,1,E01009564,0,1
2024131464973,2024,131464973,2,9,0,-1,19,7,3,-1,0,8,0,0,1,11,3,1,-1,6,1,56,9,1364,2,9,TOYOTA YARIS,5,E01011480,0,1
2024061529935,2024,061529935,2,9,0,-1,19,4,8,-1,0,1,0,0,0,0,4,1,-1,6,1,27,6,1299,1,19,TOYOTA YARIS,-1,-1,0,-1
2024371523220,2024,371523220,2,9,0,-1,-1,-1,-1,-1,-1,-1,-1,-1,-1,0,-1,1,-1,9,2,65,9,1329,1,12,TOYOTA YARIS,5,E01030201,0,3
2024451481626,2024,451481626,1,9,0,-1,11,4,8,-1,0,0,0,0,1,1,1,1,-1,9,2,27,6,1490,8,1,TOYOTA YARIS,5,E01024749,0,4
2024010542086,2024,010542086,1,9,9,99,99,9,9,99,99,9,9,99,9,99,9,9,6,6,1,-1,-1,1364,2,8,TOYOTA YARIS,-1,-1,0,-1