collision_index,collision_year,collision_ref_no,vehicle_reference,vehicle_type,towing_and_articulation,vehicle_manoeuvre_historic,vehicle_manoeuvre,vehicle_direction_from,vehicle_direction_to,vehicle_location_restricted_lane_historic,vehicle_location_restricted_lane,junction_location,skidding_and_overturning,hit_object_in_carriageway,vehicle_leaving_carriageway,hit_object_off_carriageway,first_point_of_impact,vehicle_left_hand_drive,journey_purpose_of_driver_historic,journey_purpose_of_driver,sex_of_driver,age_of_driver,age_band_of_driver,engine_capacity_cc,propulsion_code,age_of_vehicle,generic_make_model,driver_imd_decile,lsoa_of_driver,escooter_flag,driver_distance_banding
2024461445517,2024,461445517,1,9,0,-1,5,7,7,-1,0,0,0,0,0,0,3,1,-1,6,1,76,11,1490,8,3,TOYOTA YARIS,10,E01024322,0,1
2024010492185,2024,010492185,1,9,0,9,9,1,7,0,0,2,0,0,7,11,1,1,6,6,2,38,7,1329,1,8,TOYOTA YARIS,4,E01001674,0,1
2024061451479,2024,061451479,2,9,0,-1,2,7,6,-1,0,2,0,0,0,0,1,1,-1,6,-1,-1,-1,1296,1,17,TOYOTA YARIS,-1,-1,0,-1
2024302400975,2024,302400975,1,9,0,9,9,2,4,0,0,2,0,0,0,0,3,2,6,6,1,48,8,1364,2,12,TOYOTA YARIS,1,E01013487,0,1
2024421492927,2024,421492927,1,9,0,-1,19,4,8,-1,0,0,0,0,0,0,1,1,-1,2,2,58,9,1329,1,11,TOYOTA YARIS,4,E01015990,0,2
2024552401066,2024,552401066,1,9,0,18,19,7,3,0,0,0,0,8,7,2,1,1,6,6,2,73,10,1490,8,2,TOYOTA YARIS,10,E01020383,0,1
2024320469737,2024,320469737,1,9,0,-1,-1,6,2,0,0,1,0,0,0,0,1,1,-1,-1,1,23,5,1497,8,4,TOYOTA YARIS,6,E01026120,0,3
2024552400414,2024,552400414,3,9,0,18,19,1,5,0,0,0,0,0,0,0,1,1,6,6,2,23,5,1496,1,5,TOYOTA YARIS,2,E01015273,0,3
2024221517641,2024,221517641,2,9,0,-1,9,6,3,-1,0,6,0,0,0,0,3,1,-1,6,1,43,7,1496,1,5,TOYOTA YARIS,4,E01011477,0,5
2024552400824,2024,552400824,1,9,0,9,9,2,8,0,0,8,0,0,0,0,1,1,6,6,1,62,9,1296,1,17,TOYOTA YARIS,1,E01034275,0,1
2024622400142,2024,622400142,1,9,0,18,19,8,4,0,0,0,0,4,0,0,0,1,6,6,2,83,11,1329,1,12,TOYOTA YARIS,6,W01001228,0,1
2024061409073,2024,061409073,1,9,0,-1,19,1,5,-1,0,0,0,0,0,0,1,1,-1,9,1,50,8,1296,1,18,TOYOTA YARIS,2,E01034118,0,1
2024061522594,2024,061522594,2,9,0,-1,7,3,5,-1,0,2,0,0,0,0,2,1,-1,6,2,37,7,1490,8,0,TOYOTA YARIS,1,E01004802,0,1
2024421509654,2024,421509654,1,9,0,-1,19,1,5,-1,0,0,0,0,0,0,1,1,-1,9,1,88,11,1490,8,3,TOYOTA YARIS,5,E01021732,0,1
2024231535138,2024,231535138,2,9,0,-1,2,0,0,-1,0,0,0,0,1,10,3,1,-1,9,1,77,11,1490,8,2,TOYOTA YARIS,9,E01031254,0,2
2024101451724,2024,101451724,1,9,0,-1,19,5,1,-1,0,0,0,0,0,0,1,1,-1,9,1,28,6,998,1,18,TOYOTA YARIS,1,E01008859,0,1
2024010517413,2024,010517413,2,9,0,2,2,0,0,0,0,0,0,0,0,0,4,1,6,6,3,-1,-1,1329,1,14,TOYOTA YARIS,-1,-1,0,-1
2024010494574,2024,010494574,1,9,0,18,19,5,1,9,9,3,0,0,3,1,1,1,6,6,2,53,8,1490,8,1,TOYOTA YARIS,8,E01024184,0,1
2024430011641,2024,430011641,1,9,0,18,19,2,6,0,0,0,0,0,0,0,1,1,6,6,1,48,8,1497,8,9,TOYOTA YARIS,7,E01015513,0,3
2024061428714,2024,061428714,1,9,0,-1,3,-1,-1,-1,0,0,0,0,0,0,2,1,-1,9,2,35,6,1496,1,6,TOYOTA YARIS,2,E01005600,0,1
2024201441052,2024,201441052,1,9,0,-1,19,8,4,-1,0,0,0,0,0,0,4,1,-1,6,2,64,9,1364,2,14,TOYOTA YARIS,10,E01010108,0,2
2024421412750,2024,421412750,2,9,0,-1,9,5,3,-1,0,8,0,0,0,0,1,1,-1,9,2,63,9,1329,1,14,TOYOTA YARIS,4,E01015825,0,1
202460Q121682,2024,60Q121682,1,9,0,18,19,3,7,0,0,0,0,10,7,11,1,1,6,6,2,64,9,998,1,19,TOYOTA YARIS,-1,-1,0,-1
2024201416224,2024,201416224,1,9,0,-1,6,8,8,-1,0,0,0,7,7,0,1,9,-1,6,2,38,7,1299,1,23,TOYOTA YARIS,-1,-1,0,-1
2024302400283,2024,302400283,1,9,0,16,19,5,8,0,0,0,1,0,1,11,1,1,2,2,1,18,4,1497,8,5,TOYOTA YARIS,10,E01029455,0,4
2024501461667,2024,501461667,1,9,0,-1,19,2,6,-1,0,0,5,0,7,4,1,1,-1,9,2,82,11,1299,1,22,TOYOTA YARIS,7,E01032078,0,4
2024552400881,2024,552400881,1,9,0,7,7,1,4,0,0,6,0,0,0,0,3,1,6,6,3,-1,-1,1490,8,2,TOYOTA YARIS,-1,-1,0,-1
2024010510912,2024,010510912,1,9,0,5,5,3,7,0,0,0,0,0,0,0,1,1,6,6,1,45,7,1497,8,8,TOYOTA YARIS,7,E01003738,0,1
2024131458568,2024,131458568,1,9,0,-1,19,1,5,-1,0,8,0,0,0,0,4,1,-1,9,2,37,7,1329,1,9,TOYOTA YARIS,8,E01011205,0,1
2024522402525,2024,522402525,2,9,0,2,2,0,0,0,0,2,0,0,0,0,3,1,6,6,3,-1,-1,1296,1,18,TOYOTA YARIS,-1,-1,0,-1
2024430504466,2024,430504466,1,9,0,9,9,8,6,0,0,6,0,0,0,0,1,1,6,6,1,38,7,1296,1,15,TOYOTA YARIS,4,E01017904,0,1
2024421406370,2024,421406370,1,9,0,-1,1,3,8,-1,0,0,0,0,0,0,4,1,-1,2,2,61,9,1490,8,1,TOYOTA YARIS,2,E01022038,0,1
2024311469836,2024,311469836,2,9,0,-1,19,1,5,-1,0,0,0,0,0,0,2,1,-1,6,2,72,10,1490,8,2,TOYOTA YARIS,4,E01008136,0,4
2024010518826,2024,010518826,1,9,0,16,19,1,3,0,0,2,0,0,0,0,1,1,2,2,2,69,10,1497,8,6,TOYOTA YARIS,3,E01001705,0,1
2024101528966,2024,101528966,1,9,0,-1,3,2,6,-1,0,0,0,0,0,0,1,1,-1,9,2,57,9,1296,1,16,TOYOTA YARIS,1,E01008429,0,2
2024010532123,2024,010532123,1,9,0,4,4,3,7,0,0,1,0,0,0,0,1,1,6,6,2,21,5,1329,1,14,TOYOTA YARIS,6,E01000486,0,1
2024122500460,2024,122500460,1,9,0,18,19,5,7,0,0,0,0,0,0,0,1,9,6,6,2,34,6,1497,8,10,TOYOTA YARIS,1,E01007869,0,4
2024201459951,2024,201459951,2,9,0,-1,9,6,4,-1,0,6,0,0,0,0,1,1,-1,6,2,68,10,1329,1,9,TOYOTA YARIS,3,E01010068,0,1
2024211433759,2024,211433759,1,9,0,-1,19,8,4,-1,0,1,0,0,0,0,1,9,-1,6,1,-1,-1,998,1,18,TOYOTA YARIS,-1,-1,0,-1
2024430411873,2024,430411873,2,9,0,18,19,6,2,0,0,8,0,0,0,0,1,1,2,2,2,47,8,1296,1,18,TOYOTA YARIS,5,E01017907,0,1
2024141411148,2024,141411148,1,9,0,-1,19,6,2,-1,9,2,0,0,3,0,1,1,-1,9,1,19,4,1329,1,15,TOYOTA YARIS,4,E01007675,0,1
2024010550616,2024,010550616,1,9,0,99,99,9,9,99,99,9,9,99,9,99,2,9,2,2,1,59,9,1299,1,20,TOYOTA YARIS,3,E01002413,0,2
2024010529353,2024,010529353,1,9,0,99,99,9,9,99,99,9,9,99,9,99,9,9,2,2,1,25,5,1497,8,5,TOYOTA YARIS,5,E01003714,0,4
2024371489672,2024,371489672,1,9,0,-1,9,6,3,-1,0,8,0,0,0,0,1,1,-1,1,2,32,6,1490,8,1,TOYOTA YARIS,6,E01030081,0,4
2024622400680,2024,622400680,2,9,0,18,19,5,1,0,0,1,0,0,0,0,1,1,6,6,2,31,6,1496,1,6,TOYOTA YARIS,1,W01001963,0,1
2024451456114,2024,451456114,2,9,0,-1,3,7,3,-1,0,1,0,0,0,0,2,1,-1,2,2,55,8,1497,8,11,TOYOTA YARIS,8,E01030613,0,3
2024501506142,2024,501506142,1,9,0,-1,19,1,5,-1,0,0,1,0,7,4,3,1,-1,9,2,37,7,1364,2,14,TOYOTA YARIS,4,E01015247,0,3
2024010544563,2024,010544563,2,9,0,99,99,9,9,99,99,9,9,99,9,99,1,9,6,6,3,-1,-1,1329,1,15,TOYOTA YARIS,5,E01000476,0,1
2024471493223,2024,471493223,1,9,0,-1,19,3,7,-1,0,0,5,4,0,0,4,1,-1,9,1,77,11,1490,8,2,TOYOTA YARIS,10,E01031725,0,1
2024430626726,2024,430626726,1,9,0,18,19,5,1,0,0,0,0,0,1,10,1,1,6,6,1,19,4,1299,1,21,TOYOTA YARIS,6,E01028631,0,4
2024421518039,2024,421518039,1,9,0,-1,9,3,7,-1,0,0,0,0,0,0,1,1,-1,9,1,61,9,1329,1,14,TOYOTA YARIS,6,E01021715,0,1
2024131438423,2024,131438423,2,9,0,-1,19,6,2,-1,0,0,0,0,1,0,3,1,-1,9,2,43,7,1364,2,17,TOYOTA YARIS,1,E01011144,0,1
2024501501876,2024,501501876,2,9,0,-1,5,4,2,-1,0,6,0,0,0,0,4,1,-1,6,1,78,11,1490,8,1,TOYOTA YARIS,6,E01018835,0,1
2024401476491,2024,401476491,2,9,0,-1,19,7,3,-1,0,8,0,0,0,0,1,1,-1,2,2,21,5,1497,8,11,TOYOTA YARIS,4,E01015755,0,1
2024430499881,2024,430499881,1,9,0,14,14,6,2,0,0,2,1,0,1,1,2,1,6,6,1,21,5,1299,1,19,TOYOTA YARIS,6,E01016472,0,4
2024201497012,2024,201497012,1,9,0,-1,19,6,1,-1,0,3,0,0,0,0,1,9,-1,9,1,21,5,998,1,15,TOYOTA YARIS,1,E01033649,0,1
2024552400491,2024,552400491,3,9,0,2,2,0,0,0,0,0,0,0,0,0,3,1,6,6,3,-1,-1,1490,8,0,TOYOTA YARIS,-1,-1,0,-1
2024461445648,2024,461445648,3,9,0,-1,2,0,0,-1,0,0,0,0,0,0,2,1,-1,6,-1,-1,-1,1299,1,24,TOYOTA YARIS,-1,-1,0,-1
2024548010724,2024,548010724,1,9,0,5,5,5,7,0,0,2,0,0,0,0,0,1,6,6,1,26,6,998,1,18,TOYOTA YARIS,2,E01015506,0,1
2024201502527,2024,201502527,1,9,0,-1,1,5,1,-1,0,0,0,4,0,0,0,9,-1,1,3,-1,-1,1364,2,14,TOYOTA YARIS,-1,-1,0,-1
2024320703482,2024,320703482,2,9,0,-1,-1,2,6,0,0,8,0,0,0,0,1,1,6,6,1,31,6,1299,1,24,TOYOTA YARIS,3,E01026134,0,4
2024361474387,2024,361474387,2,9,0,-1,10,5,1,-1,0,0,0,0,0,0,2,1,-1,6,1,19,4,1299,1,19,TOYOTA YARIS,7,E01026748,0,1
2024501479839,2024,501479839,1,9,0,-1,19,2,6,-1,0,0,5,0,5,4,3,1,-1,9,1,83,11,1490,8,2,TOYOTA YARIS,7,E01020263,0,4
2024991530296,2024,991530296,1,9,0,-1,19,1,5,-1,0,2,0,0,0,0,1,1,-1,9,1,54,8,1490,8,0,TOYOTA YARIS,7,-1,0,1
2024010520050,2024,010520050,2,9,0,4,4,5,1,0,0,1,0,0,0,0,2,1,6,6,1,44,7,1497,8,7,TOYOTA YARIS,3,E01023326,0,2
2024340WN1442,2024,340WN1442,1,9,0,-1,19,2,6,-1,0,1,0,0,0,0,4,1,-1,9,2,76,11,1490,8,2,TOYOTA YARIS,10,E01022987,0,5
2024010505609,2024,010505609,1,9,0,18,19,7,3,0,0,1,0,0,0,0,1,1,3,7,2,43,7,1496,1,5,TOYOTA YARIS,4,E01001514,0,1
2024545170324,2024,545170324,4,9,0,2,2,0,0,0,0,0,0,0,0,0,3,1,6,6,1,-1,-1,1329,1,13,TOYOTA YARIS,-1,-1,0,-1
2024201401800,2024,201401800,1,9,0,-1,19,1,5,-1,-1,7,0,0,0,0,1,1,-1,6,2,-1,-1,1490,8,3,TOYOTA YARIS,-1,-1,0,-1
2024010515864,2024,010515864,1,9,0,16,19,8,4,0,0,0,0,10,1,2,1,1,6,6,1,37,7,1329,1,9,TOYOTA YARIS,6,E01002928,0,3
2024201404830,2024,201404830,1,9,0,-1,19,3,7,-1,0,0,0,0,0,0,1,9,-1,6,1,-1,-1,1296,1,18,TOYOTA YARIS,-1,-1,0,-1
2024061518712,2024,061518712,2,9,-1,-1,3,3,7,-1,0,1,0,0,0,0,2,9,-1,7,2,45,7,1497,8,11,TOYOTA YARIS,5,E01004883,0,1
2024070490182,2024,070490182,1,9,0,18,19,3,7,0,0,0,1,0,0,0,1,1,6,6,2,27,6,1490,8,0,TOYOTA YARIS,2,E01018596,0,2
2024401521572,2024,401521572,2,9,0,-1,7,1,3,-1,0,5,0,0,1,2,1,1,-1,1,1,45,7,1497,8,7,TOYOTA YARIS,9,E01033808,0,1
2024052402404,2024,052402404,2,9,0,4,4,4,8,0,0,0,0,0,0,0,2,1,6,6,1,21,5,998,1,20,TOYOTA YARIS,1,E01012420,0,3
2024471525535,2024,471525535,1,9,0,-1,5,3,7,-1,0,0,0,4,0,0,1,1,-1,6,1,88,11,1299,1,19,TOYOTA YARIS,8,E01031422,0,1
2024010520233,2024,010520233,2,9,0,18,19,1,5,0,0,1,1,4,0,0,1,1,6,6,1,31,6,1299,1,20,TOYOTA YARIS,6,E01000193,0,1
2024461465647,2024,461465647,1,9,0,-1,19,1,5,-1,0,0,0,0,0,0,0,9,-1,1,2,-1,-1,1296,1,16,TOYOTA YARIS,2,E01024294,0,4
2024302401085,2024,302401085,1,9,0,4,4,7,1,0,0,1,0,0,0,0,4,1,6,6,1,34,6,1299,1,19,TOYOTA YARIS,10,E01028084,0,2
2024421506684,2024,421506684,3,9,0,-1,3,5,1,-1,0,1,1,0,0,0,3,9,-1,9,2,40,7,1490,8,0,TOYOTA YARIS,3,E01021638,0,1
2024010511624,2024,010511624,1,9,0,99,99,9,9,99,99,9,9,99,9,99,2,9,6,6,1,49,8,1329,1,10,TOYOTA YARIS,5,E01034040,0,1
2024041445296,2024,041445296,1,9,0,-1,19,7,3,-1,0,1,0,0,0,0,1,1,-1,9,1,50,8,1296,1,17,TOYOTA YARIS,3,E01024926,0,1
2024141533447,2024,141533447,1,9,0,-1,19,1,5,-1,0,1,0,0,0,0,1,1,-1,1,1,38,7,1299,1,19,TOYOTA YARIS,4,E01011909,0,3
2024430466570,2024,430466570,1,9,0,1,1,3,7,0,0,6,0,0,0,0,2,1,1,1,1,30,6,1490,8,0,TOYOTA YARIS,-1,-1,0,-1
2024302400837,2024,302400837,2,9,0,9,9,7,5,0,0,8,0,0,0,0,1,1,6,6,2,49,8,1490,8,1,TOYOTA YARIS,1,E01019799,0,2
2024010550159,2024,010550159,1,9,0,99,99,9,9,99,99,9,9,99,9,99,1,9,6,6,3,-1,-1,1497,8,6,TOYOTA YARIS,-1,-1,0,-1
2024010522074,2024,010522074,1,9,0,18,19,5,1,0,0,4,0,0,0,0,1,1,6,6,2,44,7,1496,1,5,TOYOTA YARIS,3,E01004344,0,1
2024111470757,2024,111470757,1,9,0,-1,19,7,3,-1,0,4,0,0,0,0,1,1,-1,6,1,56,9,1296,1,17,TOYOTA YARIS,6,E01012242,0,4
2024430085734,2024,430085734,1,9,0,1,1,7,3,0,0,0,0,0,0,0,2,1,6,6,1,35,6,1296,1,16,TOYOTA YARIS,-1,-1,0,-1
2024440426923,2024,440426923,1,9,0,18,19,5,1,0,0,4,0,0,0,0,1,1,6,6,1,-1,-1,1364,2,11,TOYOTA YARIS,-1,-1,0,-1
2024010521723,2024,010521723,2,9,0,2,2,0,0,0,0,2,0,0,0,0,3,1,6,6,3,-1,-1,1490,8,2,TOYOTA YARIS,-1,-1,0,-1
2024010538084,2024,010538084,2,9,0,99,99,9,9,99,99,9,9,99,9,99,9,9,6,6,3,-1,-1,1490,8,0,TOYOTA YARIS,9,E01003909,0,3
2024052402628,2024,052402628,1,9,0,17,19,7,3,0,0,8,0,0,0,0,1,1,6,6,1,56,9,1497,8,9,TOYOTA YARIS,5,E01006487,0,2
2024041472116,2024,041472116,1,9,0,-1,9,5,3,-1,0,0,0,0,7,11,3,1,-1,9,2,58,9,1490,8,3,TOYOTA YARIS,5,E01025243,0,1
2024010509034,2024,010509034,2,9,0,99,99,9,9,99,99,9,9,99,9,99,1,9,6,6,3,-1,-1,1329,1,9,TOYOTA YARIS,-1,-1,0,-1
2024122400926,2024,122400926,2,9,0,9,9,1,7,0,0,1,0,0,0,0,0,1,6,6,2,71,10,1329,1,9,TOYOTA YARIS,8,E01013434,0,1
2024201488568,2024,201488568,2,9,0,-1,9,1,7,-1,0,5,0,0,1,0,3,1,-1,2,2,23,5,1329,1,12,TOYOTA YARIS,3,E01009411,0,3
2024631448157,2024,631448157,2,9,0,-1,19,2,6,-1,0,8,0,0,1,10,1,1,-1,6,2,32,6,1296,1,15,TOYOTA YARIS,6,W01000574,0,3
2024010515506,2024,010515506,1,9,0,3,3,5,1,0,0,1,0,0,0,0,3,1,6,6,1,69,10,1296,1,17,TOYOTA YARIS,-1,-1,0,-1
2024010523186,2024,010523186,1,9,0,9,9,7,4,0,0,1,0,0,0,0,1,1,1,1,1,57,9,1296,1,17,TOYOTA YARIS,7,E01003001,0,2
2024010538042,2024,010538042,1,9,0,99,99,9,9,99,99,9,9,99,9,99,9,9,6,6,2,33,6,1497,8,6,TOYOTA YARIS,4,E01001023,0,3
2024451492123,2024,451492123,2,9,0,-1,19,1,5,-1,0,0,0,0,0,0,1,9,-1,6,3,40,7,1490,8,2,TOYOTA YARIS,-1,-1,0,-1
2024131471162,2024,131471162,2,9,0,-1,19,1,5,-1,0,8,0,0,0,0,2,1,-1,9,2,26,6,1497,8,5,TOYOTA YARIS,2,E01011136,0,1
2024552401047,2024,552401047,2,9,0,18,19,3,7,0,0,8,0,0,0,0,4,1,2,2,1,66,10,1329,1,7,TOYOTA YARIS,9,E01015350,0,1
2024141443425,2024,141443425,3,9,0,-1,19,6,7,-1,0,1,5,0,0,0,1,2,-1,9,1,25,5,1329,1,9,TOYOTA YARIS,2,E01007967,0,2
2024471485159,2024,471485159,1,9,0,-1,5,3,1,-1,0,2,0,0,0,0,3,1,-1,2,2,66,10,1364,2,16,TOYOTA YARIS,8,E01021171,0,1
2024131528191,2024,131528191,2,9,0,-1,6,6,1,-1,0,1,0,0,0,0,1,1,-1,6,1,19,4,1296,1,17,TOYOTA YARIS,1,E01011626,0,1
2024201491575,2024,201491575,1,9,0,-1,19,8,2,-1,0,0,0,10,1,0,1,1,-1,6,1,-1,-1,998,1,16,TOYOTA YARIS,-1,-1,0,-1
2024421419802,2024,421419802,1,9,0,-1,19,7,3,-1,0,0,0,0,0,0,1,1,-1,9,2,56,9,1296,1,17,TOYOTA YARIS,9,E01033721,0,3
2024371491310,2024,371491310,1,9,0,-1,-1,-1,-1,-1,-1,-1,-1,-1,-1,0,2,9,-1,6,2,32,6,1329,1,12,TOYOTA YARIS,3,E01030108,0,1
2024010517151,2024,010517151,3,9,0,2,2,0,0,6,6,6,0,0,0,0,2,1,6,6,3,-1,-1,1497,8,9,TOYOTA YARIS,-1,-1,0,-1
2024311472895,2024,311472895,2,9,0,-1,19,7,3,-1,0,0,0,0,0,0,3,1,-1,9,1,20,4,1490,8,2,TOYOTA YARIS,10,E01028222,0,1
2024122400777,2024,122400777,1,9,0,8,8,1,3,0,0,1,0,0,0,0,1,1,6,6,1,27,6,1329,1,12,TOYOTA YARIS,5,E01027793,0,3
2024421472135,2024,421472135,2,9,0,-1,5,1,5,-1,0,0,0,0,0,0,2,9,-1,6,2,37,7,1329,1,15,TOYOTA YARIS,3,E01015954,0,1
2024211485715,2024,211485715,2,9,0,-1,5,3,5,-1,0,8,0,0,0,0,1,9,-1,6,1,48,8,1364,2,14,TOYOTA YARIS,-1,-1,0,-1
2024131420732,2024,131420732,2,9,0,-1,19,3,7,-1,0,2,0,0,0,0,2,1,-1,6,2,67,10,1497,8,4,TOYOTA YARIS,7,E01011556,0,1
2024201432234,2024,201432234,1,9,0,-1,19,1,5,-1,0,0,0,0,0,0,1,1,-1,6,2,49,8,998,1,23,TOYOTA YARIS,2,E01009095,0,1
2024461526370,2024,461526370,1,9,0,-1,13,7,1,-1,0,8,0,0,7,10,1,1,-1,6,1,27,6,1299,1,20,TOYOTA YARIS,7,E01024758,0,1
2024421488461,2024,421488461,3,9,0,-1,2,1,1,-1,-1,1,0,0,0,0,3,1,-1,6,1,30,6,1329,1,12,TOYOTA YARIS,10,E01015830,0,1
2024552400783,2024,552400783,1,9,0,5,5,7,1,0,0,6,0,0,0,0,1,1,6,6,2,67,10,1497,8,11,TOYOTA YARIS,10,E01020382,0,1
2024548527024,2024,548527024,2,9,0,4,4,7,3,0,0,1,0,0,0,0,3,1,6,6,2,50,8,1490,8,2,TOYOTA YARIS,8,E01032038,0,1
2024010502421,2024,010502421,1,9,0,17,19,1,7,0,0,8,0,0,0,0,1,1,2,2,1,63,9,1329,1,8,TOYOTA YARIS,7,E01023098,0,4
2024070616606,2024,070616606,1,9,0,5,5,1,6,0,0,1,0,0,0,0,1,1,1,1,1,28,6,1296,1,17,TOYOTA YARIS,8,E01018686,0,1
2024542753424,2024,542753424,2,9,0,9,9,4,1,0,0,4,0,0,0,0,4,1,6,6,1,68,10,1490,8,2,TOYOTA YARIS,9,E01015535,0,1
2024031426075,2024,031426075,1,9,0,-1,12,1,1,-1,0,4,0,0,0,0,4,1,-1,6,2,50,8,1490,8,3,TOYOTA YARIS,-1,-1,0,-1
2024061434611,2024,061434611,1,9,0,-1,19,4,2,-1,0,0,0,0,0,0,1,1,-1,2,1,23,5,1329,1,15,TOYOTA YARIS,1,E01005067,0,1
2024010510466,2024,010510466,5,9,0,4,4,3,7,0,0,0,0,0,0,0,2,1,2,2,1,38,7,1329,1,9,TOYOTA YARIS,7,E01000157,0,1
2024461531844,2024,461531844,2,9,0,-1,4,3,7,-1,-1,0,0,0,0,0,2,9,-1,6,2,58,9,1329,1,8,TOYOTA YARIS,6,E01024812,0,2
2024320495556,2024,320495556,2,9,0,-1,-1,2,6,0,0,8,0,0,7,0,1,1,-1,-1,2,20,4,998,1,19,TOYOTA YARIS,6,E01026391,0,2
2024340WN5382,2024,340WN5382,1,9,0,-1,19,5,1,-1,0,6,0,0,0,0,3,1,-1,6,1,43,7,998,1,18,TOYOTA YARIS,-1,-1,0,-1
2024430110169,2024,430110169,1,9,0,18,19,1,5,0,0,0,0,0,0,0,1,1,6,6,1,27,6,1296,1,16,TOYOTA YARIS,6,E01017698,0,1
2024010540713,2024,010540713,1,9,0,-1,-1,3,7,0,0,2,0,0,0,0,1,1,6,6,1,58,9,1329,1,12,TOYOTA YARIS,-1,-1,0,-1
2024340WN9152,2024,340WN9152,1,9,0,-1,19,1,5,-1,0,0,0,0,0,0,1,1,-1,9,1,77,11,1329,1,15,TOYOTA YARIS,8,E01027146,0,2
2024430357154,2024,430357154,1,9,0,5,5,7,3,0,0,0,0,0,0,0,1,1,6,6,2,65,9,1329,1,12,TOYOTA YARIS,8,E01016723,0,1
2024451490013,2024,451490013,1,9,0,-1,19,3,7,-1,0,0,0,0,1,0,1,1,-1,2,2,59,9,1496,1,4,TOYOTA YARIS,5,E01031584,0,1
2024131419105,2024,131419105,1,9,0,-1,6,3,7,-1,0,0,0,0,0,0,1,1,-1,1,1,29,6,1329,1,12,TOYOTA YARIS,1,E01010808,0,2
2024041471803,2024,041471803,1,9,0,-1,19,1,5,-1,0,0,0,0,0,0,1,1,-1,9,1,48,8,1329,1,14,TOYOTA YARIS,7,E01012614,0,4
2024991439450,2024,991439450,2,9,0,-1,19,8,4,-1,0,0,1,0,0,0,3,1,-1,9,1,63,9,1490,8,3,TOYOTA YARIS,8,-1,0,4
2024010550296,2024,010550296,2,9,0,99,99,9,9,99,99,0,9,99,9,99,1,9,6,6,3,-1,-1,1299,1,19,TOYOTA YARIS,-1,-1,0,-1
2024010505544,2024,010505544,1,9,9,99,99,9,9,99,99,9,9,99,9,99,9,9,6,6,1,51,8,998,1,10,TOYOTA YARIS,7,E01003393,0,1
2024991531009,2024,991531009,1,9,0,-1,5,4,6,-1,0,0,0,0,0,0,4,1,-1,9,2,60,9,1497,8,5,TOYOTA YARIS,9,-1,0,1
2024461423395,2024,461423395,1,9,0,-1,19,7,7,-1,0,0,0,0,0,0,1,1,-1,9,2,53,8,1329,1,9,TOYOTA YARIS,5,E01024342,0,2
2024991428052,2024,991428052,1,9,0,-1,19,3,7,-1,0,0,0,0,0,0,1,1,-1,9,1,60,9,1329,1,9,TOYOTA YARIS,-1,-1,0,-1
2024101432225,2024,101432225,1,9,0,-1,9,3,7,-1,0,8,0,0,7,11,4,1,-1,9,2,66,10,1329,1,9,TOYOTA YARIS,2,E01008428,0,1
2024531424736,2024,531424736,1,9,0,-1,19,3,7,-1,0,1,5,10,0,0,1,1,-1,9,1,80,11,1490,8,1,TOYOTA YARIS,6,E01015478,0,4
2024361508714,2024,361508714,1,9,0,-1,9,1,7,-1,0,0,0,0,0,0,4,1,-1,6,2,-1,-1,1329,1,10,TOYOTA YARIS,6,E01026255,0,3
2024201437330,2024,201437330,1,9,0,-1,9,8,4,-1,0,6,0,0,0,0,3,1,-1,6,2,55,8,1296,1,16,TOYOTA YARIS,2,E01009891,0,1
2024531410191,2024,531410191,1,9,0,-1,19,1,5,-1,0,0,1,0,0,0,1,1,-1,9,2,18,4,1296,1,18,TOYOTA YARIS,3,E01029325,0,5
2024610033524,2024,610033524,3,9,0,18,19,2,6,0,0,0,0,0,0,0,1,1,6,6,1,68,10,1490,8,0,TOYOTA YARIS,4,W01001337,0,3
2024430207252,2024,430207252,1,9,0,18,19,4,8,0,0,0,0,0,1,11,4,1,2,2,1,62,9,998,1,24,TOYOTA YARIS,4,E01016395,0,1
2024010524059,2024,010524059,1,9,0,7,7,6,1,0,0,1,0,0,0,0,4,1,6,6,2,47,8,1497,8,5,TOYOTA YARIS,4,E01003118,0,1
2024411531324,2024,411531324,1,9,0,-1,9,1,7,-1,0,6,0,0,0,0,1,1,-1,9,1,57,9,1296,1,18,TOYOTA YARIS,10,E01023667,0,1
2024010526832,2024,010526832,2,9,0,5,5,5,1,0,0,4,0,0,0,0,3,1,6,6,1,34,6,1497,8,11,TOYOTA YARIS,9,E01001279,0,1
2024010511946,2024,010511946,1,9,0,10,10,4,1,0,0,2,0,0,0,0,3,1,6,6,2,22,5,1490,8,2,TOYOTA YARIS,-1,-1,0,-1
2024401528351,2024,401528351,3,9,0,-1,3,3,7,-1,0,1,0,0,0,0,2,1,-1,6,2,48,8,1490,8,2,TOYOTA YARIS,5,E01015714,0,1
2024061444958,2024,061444958,1,9,0,-1,19,5,1,-1,0,0,0,0,0,0,4,9,-1,6,3,-1,-1,1497,8,4,TOYOTA YARIS,-1,-1,0,-1
2024101413685,2024,101413685,1,9,0,-1,7,2,6,-1,0,0,0,0,0,0,1,1,-1,6,1,41,7,1299,1,21,TOYOTA YARIS,1,E01008823,0,1
2024231474740,2024,231474740,1,9,0,-1,2,0,0,-1,0,0,0,0,0,0,3,1,-1,9,1,84,11,1490,8,3,TOYOTA YARIS,7,E01031208,0,1