collision_index,collision_year,collision_ref_no,vehicle_reference,vehicle_type,towing_and_articulation,vehicle_manoeuvre_historic,vehicle_manoeuvre,vehicle_direction_from,vehicle_direction_to,vehicle_location_restricted_lane_historic,vehicle_location_restricted_lane,junction_location,skidding_and_overturning,hit_object_in_carriageway,vehicle_leaving_carriageway,hit_object_off_carriageway,first_point_of_impact,vehicle_left_hand_drive,journey_purpose_of_driver_historic,journey_purpose_of_driver,sex_of_driver,age_of_driver,age_band_of_driver,engine_capacity_cc,propulsion_code,age_of_vehicle,generic_make_model,driver_imd_decile,lsoa_of_driver,escooter_flag,driver_distance_banding
2024041453284,2024,041453284,1,9,0,-1,19,7,1,-1,0,1,0,0,1,1,1,1,-1,9,1,42,7,1497,8,8,TOYOTA YARIS,1,E01025110,0,2
2024131409558,2024,131409558,1,9,0,-1,-1,-1,-1,-1,-1,0,-1,-1,-1,0,-1,1,-1,6,3,-1,-1,998,1,19,TOYOTA YARIS,-1,-1,0,-1
2024052401072,2024,052401072,2,9,0,18,19,1,5,0,0,8,0,0,0,0,4,1,6,6,1,33,6,1490,8,1,TOYOTA YARIS,1,E01006861,0,2
2024440049294,2024,440049294,1,9,0,18,19,6,2,0,0,1,0,0,0,0,1,1,6,6,2,51,8,1490,8,2,TOYOTA YARIS,2,E01022906,0,1
2024501458128,2024,501458128,2,9,0,-1,9,1,7,-1,0,1,0,0,0,0,3,1,-1,6,1,66,10,1329,1,8,TOYOTA YARIS,7,E01019899,0,3
2024411479045,2024,411479045,2,9,0,-1,3,1,3,-1,0,1,0,0,0,0,2,1,-1,6,1,55,8,1497,8,8,TOYOTA YARIS,6,E01023761,0,1
2024061532534,2024,061532534,1,9,0,-1,3,-1,-1,-1,0,0,0,0,0,0,2,1,-1,2,1,36,7,1329,1,15,TOYOTA YARIS,2,E01006238,0,3
2024041401013,2024,041401013,2,9,0,-1,19,3,7,-1,0,0,0,0,0,0,1,1,-1,6,1,22,5,998,1,19,TOYOTA YARIS,1,E01025293,0,3
2024421485053,2024,421485053,2,9,0,-1,19,3,7,-1,0,1,0,0,0,0,1,1,-1,9,2,80,11,1490,8,0,TOYOTA YARIS,-1,-1,0,-1
2024520402133,2024,520402133,1,9,0,18,19,7,3,0,0,0,0,0,1,10,1,1,6,6,2,19,4,1497,8,9,TOYOTA YARIS,5,E01035122,0,2
2024991489823,2024,991489823,1,9,0,-1,19,5,8,-1,0,0,0,0,0,0,1,1,-1,9,1,31,6,1490,8,2,TOYOTA YARIS,-1,-1,0,-1
2024401511231,2024,401511231,2,9,0,-1,2,0,0,-1,0,0,0,0,0,0,2,1,-1,6,-1,-1,-1,1490,8,1,TOYOTA YARIS,-1,-1,0,-1
2024411409338,2024,411409338,1,9,0,-1,19,7,3,-1,0,0,0,0,0,0,1,1,-1,6,1,28,6,998,1,21,TOYOTA YARIS,2,E01003245,0,4
2024371466497,2024,371466497,2,9,0,-1,19,1,5,-1,0,1,0,0,0,0,3,1,-1,9,1,25,5,998,1,21,TOYOTA YARIS,7,E01026469,0,2
2024302401291,2024,302401291,2,9,0,18,19,6,2,0,0,0,1,0,0,0,1,1,6,6,1,84,11,1496,1,4,TOYOTA YARIS,3,E01019667,0,1
2024131521324,2024,131521324,1,9,0,-1,19,5,1,-1,0,6,0,0,0,0,4,1,-1,2,2,40,7,1490,8,1,TOYOTA YARIS,6,E01011646,0,1
2024440502716,2024,440502716,2,9,0,18,19,1,5,0,0,1,0,0,0,0,1,1,6,6,1,41,7,1296,1,16,TOYOTA YARIS,1,E01017039,0,1
2024131496450,2024,131496450,1,9,0,-1,19,7,5,-1,0,8,1,7,0,0,4,1,-1,7,2,20,4,1329,1,15,TOYOTA YARIS,1,E01011163,0,2
2024440394091,2024,440394091,2,9,0,4,4,2,6,0,0,1,0,0,0,0,1,1,6,6,3,-1,-1,1490,8,2,TOYOTA YARIS,-1,-1,0,-1
2024201497491,2024,201497491,2,9,0,-1,7,6,8,-1,0,6,0,0,0,0,3,1,-1,9,2,43,7,1490,8,3,TOYOTA YARIS,10,E01010198,0,1
2024531463611,2024,531463611,2,9,0,-1,19,5,1,-1,0,0,0,0,0,0,3,1,-1,1,2,42,7,1490,8,3,TOYOTA YARIS,5,E01022377,0,2
2024070138430,2024,070138430,4,9,0,18,19,0,0,9,9,0,0,0,0,0,3,1,6,6,3,-1,-1,1329,1,13,TOYOTA YARIS,4,E01018624,0,1
2024471515194,2024,471515194,1,9,0,-1,4,7,3,-1,0,0,0,0,1,0,2,1,-1,9,1,49,8,1490,8,1,TOYOTA YARIS,1,E01016908,0,1
2024440518504,2024,440518504,1,9,0,18,19,2,6,0,0,0,0,0,0,0,1,1,6,6,2,80,11,1497,8,5,TOYOTA YARIS,10,E01022706,0,1
2024061404617,2024,061404617,1,9,0,-1,19,1,4,-1,0,1,0,0,0,0,1,1,-1,6,-1,18,4,1296,1,18,TOYOTA YARIS,-1,-1,0,-1
2024501396523,2024,501396523,2,9,0,-1,9,1,7,-1,0,7,0,0,0,0,4,1,-1,9,2,49,8,1296,1,18,TOYOTA YARIS,9,E01019896,0,3
2024471456461,2024,471456461,1,9,0,-1,19,3,1,-1,0,1,0,0,7,10,1,9,-1,6,1,21,5,1329,1,15,TOYOTA YARIS,9,E01021161,0,1
2024332401176,2024,332401176,2,9,0,-1,19,1,6,-1,0,0,0,0,0,0,1,1,-1,6,2,70,10,1490,8,1,TOYOTA YARIS,7,E01013795,0,1
2024991401481,2024,991401481,2,9,0,-1,19,4,8,-1,0,0,0,0,0,0,3,1,-1,9,2,43,7,1490,8,4,TOYOTA YARIS,7,-1,0,4
2024122400766,2024,122400766,1,9,0,9,9,5,3,0,0,6,0,0,1,0,4,1,6,6,1,54,8,1329,1,10,TOYOTA YARIS,1,E01024872,0,4
2024451485750,2024,451485750,1,9,0,-1,19,3,7,-1,0,4,0,0,0,0,1,1,-1,1,1,47,8,1329,1,15,TOYOTA YARIS,3,E01004189,0,4
2024430040239,2024,430040239,1,9,0,18,19,7,3,0,0,0,0,0,1,9,1,1,6,6,1,77,11,1490,8,2,TOYOTA YARIS,4,E01025543,0,5
2024070990648,2024,070990648,1,9,0,-1,9,3,1,-1,0,8,0,0,0,0,1,1,-1,9,1,41,7,1490,8,3,TOYOTA YARIS,10,E01035384,0,1
2024101436000,2024,101436000,2,9,0,-1,9,4,8,-1,0,8,0,0,7,0,2,1,-1,9,2,45,7,1329,1,10,TOYOTA YARIS,8,E01034966,0,4
2024201458313,2024,201458313,2,9,0,-1,9,8,6,-1,0,5,0,0,0,0,2,1,-1,6,2,38,7,1497,8,8,TOYOTA YARIS,1,E01009131,0,2
2024421525691,2024,421525691,1,9,0,-1,7,4,6,-1,0,6,9,0,0,0,1,1,-1,6,3,-1,-1,1329,1,10,TOYOTA YARIS,-1,-1,0,-1
2024010509184,2024,010509184,1,9,0,18,19,3,7,0,0,8,0,0,0,0,1,1,6,6,2,48,8,1497,8,5,TOYOTA YARIS,-1,-1,0,-1
2024010532906,2024,010532906,1,9,0,9,9,1,6,0,0,6,0,0,0,0,0,1,6,6,2,24,5,1497,8,11,TOYOTA YARIS,7,E01003839,0,1
2024361445668,2024,361445668,2,9,0,-1,19,1,3,-1,0,1,0,0,0,0,1,1,-1,6,2,49,8,1490,8,3,TOYOTA YARIS,9,E01026942,0,2
2024451410879,2024,451410879,1,9,0,-1,19,5,1,-1,0,8,0,0,0,0,1,1,-1,9,2,60,9,1497,8,8,TOYOTA YARIS,10,E01003358,0,3
2024201458741,2024,201458741,1,9,-1,-1,-1,-1,-1,-1,-1,-1,-1,-1,-1,0,-1,9,-1,6,1,22,5,1296,1,17,TOYOTA YARIS,1,E01009195,0,1
2024201533245,2024,201533245,1,9,0,-1,9,3,7,-1,0,1,0,0,0,0,1,1,-1,9,1,31,6,1296,1,16,TOYOTA YARIS,1,E01009270,0,1
2024141507106,2024,141507106,2,9,0,-1,9,5,7,-1,0,1,0,0,0,0,1,1,-1,6,1,-1,-1,998,1,19,TOYOTA YARIS,-1,-1,0,-1
2024461510748,2024,461510748,1,9,0,-1,20,3,7,-1,0,0,0,0,0,0,1,1,-1,6,1,20,4,1497,1,23,TOYOTA YARIS,10,E01024449,0,4
2024010524472,2024,010524472,3,9,0,18,19,7,3,0,0,2,0,0,0,0,1,1,6,6,1,69,10,1497,8,5,TOYOTA YARIS,2,E01000604,0,2
2024010543836,2024,010543836,1,9,0,18,19,5,1,0,0,0,0,0,0,0,4,1,6,6,1,19,4,1490,8,0,TOYOTA YARIS,3,E01001166,0,1
2024501418525,2024,501418525,2,9,0,-1,19,1,5,-1,0,0,0,0,0,0,3,1,-1,6,1,80,11,1496,1,6,TOYOTA YARIS,8,E01019948,0,1
2024522401406,2024,522401406,2,9,0,18,19,5,1,0,0,8,0,0,0,0,3,1,6,6,1,45,7,1329,1,9,TOYOTA YARIS,6,E01014865,0,2
2024141448234,2024,141448234,2,9,0,-1,19,4,1,-1,0,1,5,10,2,7,4,1,-1,9,1,43,7,1329,1,11,TOYOTA YARIS,2,E01007680,0,1
2024471533224,2024,471533224,2,9,0,-1,19,5,2,-1,0,0,0,0,0,0,3,1,-1,9,1,56,9,1329,1,14,TOYOTA YARIS,5,E01031565,0,1
2024010549953,2024,010549953,1,9,0,99,99,9,9,99,99,9,9,99,9,99,2,9,6,6,2,34,6,1490,8,1,TOYOTA YARIS,6,E01001408,0,1
2024991483435,2024,991483435,1,9,0,-1,19,5,1,-1,0,0,0,0,0,0,2,1,-1,6,2,43,7,1490,8,2,TOYOTA YARIS,3,-1,0,4
2024522401377,2024,522401377,1,9,0,18,19,6,2,0,0,0,0,0,0,0,1,1,6,6,2,33,6,1490,8,1,TOYOTA YARIS,2,E01014694,0,2
2024421456312,2024,421456312,1,9,0,-1,19,3,7,-1,0,0,2,6,1,0,1,1,-1,2,2,29,6,1299,1,21,TOYOTA YARIS,9,E01021828,0,4
2024522401221,2024,522401221,2,9,0,18,19,2,6,0,0,2,0,0,0,0,4,1,6,6,1,31,6,1364,2,16,TOYOTA YARIS,1,E01014655,0,1
2024141422561,2024,141422561,1,9,0,-1,19,8,4,-1,0,6,0,0,0,0,1,9,-1,6,1,36,7,1329,1,15,TOYOTA YARIS,1,E01008096,0,1
2024231515807,2024,231515807,1,9,0,-1,19,8,4,-1,0,0,0,0,8,6,3,9,-1,6,1,45,7,1299,1,19,TOYOTA YARIS,3,E01033421,0,4
2024351492344,2024,351492344,1,9,0,-1,19,6,2,-1,0,5,0,0,0,0,4,1,-1,9,2,73,10,1496,1,5,TOYOTA YARIS,7,E01018064,0,2
2024061499988,2024,061499988,2,9,0,-1,19,2,6,-1,0,1,0,0,0,0,1,1,-1,6,1,22,5,998,1,17,TOYOTA YARIS,1,E01005564,0,1
2024061480890,2024,061480890,2,9,0,-1,19,5,1,-1,0,3,0,0,1,0,2,1,-1,9,1,36,7,998,1,15,TOYOTA YARIS,2,E01005946,0,2
2024010510344,2024,010510344,1,9,0,99,99,9,9,99,99,9,9,99,9,99,1,9,6,6,1,66,10,998,1,12,TOYOTA YARIS,1,E01001517,0,1
2024302400486,2024,302400486,1,9,0,17,19,5,2,0,0,0,0,0,2,7,1,1,6,6,2,72,10,1329,1,12,TOYOTA YARIS,2,E01007533,0,4
2024522401535,2024,522401535,1,9,0,1,1,1,5,0,0,6,0,0,0,0,2,1,6,6,1,51,8,1496,1,4,TOYOTA YARIS,1,E01014647,0,1
2024421514899,2024,421514899,1,9,0,-1,19,6,2,-1,0,0,0,0,0,0,1,1,-1,9,2,18,4,1497,8,10,TOYOTA YARIS,8,E01021792,0,2
2024131468018,2024,131468018,3,9,0,-1,3,3,3,-1,0,0,0,0,0,0,2,1,-1,6,1,38,7,1364,2,16,TOYOTA YARIS,1,E01010723,0,1
2024302401108,2024,302401108,1,9,0,18,19,1,5,0,0,8,0,0,0,0,3,1,3,7,1,60,9,1329,1,14,TOYOTA YARIS,2,E01013497,0,1
2024340WN5542,2024,340WN5542,2,9,0,-1,19,3,7,-1,0,0,0,0,0,0,1,1,-1,6,2,34,6,1490,8,1,TOYOTA YARIS,5,E01027302,0,3
2024440510526,2024,440510526,1,9,0,9,9,1,6,0,0,8,0,0,0,0,4,1,1,1,1,48,8,1296,1,17,TOYOTA YARIS,6,E01023118,0,1
2024061500292,2024,061500292,2,9,0,-1,13,1,3,-1,0,5,0,0,0,0,4,1,-1,6,1,-1,-1,998,1,17,TOYOTA YARIS,-1,-1,0,-1
2024311412920,2024,311412920,1,9,0,-1,9,7,3,-1,0,1,0,0,0,0,1,1,-1,9,2,86,11,998,1,18,TOYOTA YARIS,8,E01007664,0,2
2024501474893,2024,501474893,2,9,0,-1,19,4,8,-1,0,1,1,0,0,0,1,1,-1,9,2,18,4,998,1,22,TOYOTA YARIS,4,E01018815,0,1
2024302401512,2024,302401512,1,9,0,16,19,4,8,0,0,8,1,0,0,0,1,1,6,6,1,65,9,1618,1,2,TOYOTA YARIS,7,E01019673,0,1
2024052401503,2024,052401503,2,9,0,4,4,5,1,0,0,1,0,0,0,0,2,1,6,6,2,63,9,1299,1,22,TOYOTA YARIS,2,E01006915,0,1
2024440143697,2024,440143697,2,9,0,18,19,4,8,0,0,1,0,0,0,0,4,1,2,2,1,-1,-1,998,1,23,TOYOTA YARIS,2,E01032879,0,1
2024010523607,2024,010523607,1,9,0,1,1,5,1,0,0,0,0,0,0,0,2,1,6,6,2,23,5,1490,8,2,TOYOTA YARIS,-1,-1,0,-1
2024010532532,2024,010532532,1,9,0,18,19,3,7,0,0,1,0,0,0,0,1,1,6,6,1,55,8,1490,8,0,TOYOTA YARIS,2,E01000121,0,1
2024340WN2102,2024,340WN2102,1,9,0,-1,19,5,1,-1,0,6,0,0,0,0,1,1,-1,6,1,40,7,1329,1,9,TOYOTA YARIS,3,E01027173,0,1
2024010547088,2024,010547088,2,9,0,99,99,9,9,99,99,0,9,99,9,99,9,9,6,6,3,-1,-1,1497,8,4,TOYOTA YARIS,-1,-1,0,-1
2024201458132,2024,201458132,1,9,0,-1,5,8,4,-1,0,1,0,0,0,0,1,9,-1,6,1,53,8,998,1,15,TOYOTA YARIS,1,E01009484,0,1
2024010510990,2024,010510990,1,9,0,9,9,5,3,0,0,4,0,0,0,0,1,1,2,2,1,51,8,1329,1,7,TOYOTA YARIS,-1,-1,0,-1
2024440365948,2024,440365948,1,9,0,4,4,2,6,0,0,0,0,0,0,0,2,1,6,6,1,38,7,1490,8,3,TOYOTA YARIS,6,E01033856,0,4
2024501477226,2024,501477226,1,9,0,-1,19,5,1,-1,0,0,0,0,1,0,1,1,-1,6,2,53,8,1364,2,16,TOYOTA YARIS,6,E01015123,0,1
2024440404246,2024,440404246,1,9,0,18,19,8,4,0,0,1,0,0,0,0,1,1,2,2,1,53,8,1329,1,10,TOYOTA YARIS,2,E01022934,0,2
2024351540783,2024,351540783,2,9,0,-1,19,8,4,-1,0,0,0,0,0,0,2,1,-1,1,2,68,10,1496,1,5,TOYOTA YARIS,8,E01015685,0,1
2024061466044,2024,061466044,1,9,0,-1,7,6,1,-1,0,6,0,0,0,0,1,1,-1,6,2,40,7,1496,1,7,TOYOTA YARIS,4,E01005834,0,1
2024010525816,2024,010525816,1,9,0,18,19,1,5,0,0,0,0,0,0,0,1,1,6,6,1,23,5,1497,8,6,TOYOTA YARIS,-1,-1,0,-1
2024061405733,2024,061405733,1,9,0,-1,7,3,4,-1,0,1,0,0,0,0,1,1,-1,2,1,35,6,1329,1,10,TOYOTA YARIS,8,E01005049,0,4
2024161424554,2024,161424554,1,9,0,-1,19,7,3,-1,0,8,1,0,0,0,4,9,-1,2,1,22,5,1329,1,13,TOYOTA YARIS,7,E01013098,0,2
2024211502713,2024,211502713,2,9,0,-1,9,7,6,-1,0,1,0,0,0,0,1,1,-1,6,1,74,10,1329,1,13,TOYOTA YARIS,10,E01013574,0,4
2024471506230,2024,471506230,1,9,0,-1,19,3,7,-1,0,0,0,0,0,0,4,1,-1,9,2,48,8,1497,8,8,TOYOTA YARIS,6,E01021236,0,2
2024041396994,2024,041396994,1,9,0,-1,9,5,3,-1,0,2,0,0,0,0,3,1,-1,6,1,38,7,1497,8,7,TOYOTA YARIS,1,E01012743,0,1
2024010521409,2024,010521409,2,9,0,18,19,7,3,0,0,1,0,0,0,0,1,1,6,6,2,24,5,1497,8,5,TOYOTA YARIS,5,E01003638,0,1
2024111524528,2024,111524528,1,9,0,-1,19,5,1,-1,0,0,0,0,1,4,1,1,-1,6,1,43,7,1497,8,10,TOYOTA YARIS,-1,-1,0,-1
2024520403134,2024,520403134,1,9,0,10,10,8,6,0,0,8,0,0,0,0,2,1,6,6,2,48,8,1329,1,8,TOYOTA YARIS,5,E01029268,0,1
2024440373664,2024,440373664,1,9,0,9,9,7,5,0,0,8,0,0,0,0,1,1,6,6,2,24,5,1364,2,17,TOYOTA YARIS,5,E01017157,0,1
2024320623736,2024,320623736,2,9,0,-1,-1,6,2,0,0,8,0,0,0,0,1,1,-1,-1,2,18,4,998,1,15,TOYOTA YARIS,7,E01013288,0,4
2024302400464,2024,302400464,3,9,0,2,2,0,0,0,0,2,0,0,0,0,4,1,6,6,3,-1,-1,1497,8,8,TOYOTA YARIS,-1,-1,0,-1
2024471405538,2024,471405538,2,9,0,-1,19,7,3,-1,0,8,0,0,0,0,3,1,-1,9,2,76,11,1329,1,9,TOYOTA YARIS,4,E01031575,0,1
2024041510716,2024,041510716,2,9,0,-1,19,1,5,-1,0,8,0,0,0,0,1,1,-1,6,1,50,8,998,1,18,TOYOTA YARIS,2,E01005566,0,4
2024501531371,2024,501531371,2,9,0,-1,19,6,4,-1,0,0,9,4,0,0,1,1,-1,6,1,-1,-1,1364,2,16,TOYOTA YARIS,6,E01020056,0,4
2024131426680,2024,131426680,1,9,0,-1,7,1,1,-1,0,8,5,7,0,0,1,2,-1,6,2,37,7,1329,1,11,TOYOTA YARIS,1,E01010632,0,1
2024201419798,2024,201419798,1,9,0,-1,19,1,1,-1,0,1,0,0,0,0,1,9,-1,6,2,40,7,1490,8,1,TOYOTA YARIS,1,E01009401,0,1
2024131502267,2024,131502267,1,9,0,-1,7,5,1,-1,0,0,0,0,0,0,1,1,-1,9,1,52,8,1329,1,13,TOYOTA YARIS,2,E01010776,0,1
2024501453305,2024,501453305,1,9,0,-1,19,1,5,-1,0,0,0,0,0,0,1,9,-1,6,3,-1,-1,998,1,17,TOYOTA YARIS,-1,-1,0,-1
2024010501259,2024,010501259,1,9,0,10,10,3,1,0,0,1,0,0,0,0,3,1,6,6,1,18,4,998,1,15,TOYOTA YARIS,8,E01030706,0,2
2024010523034,2024,010523034,2,9,0,2,2,0,0,0,0,0,0,0,0,0,3,1,6,6,3,-1,-1,1490,8,0,TOYOTA YARIS,-1,-1,0,-1
2024311507983,2024,311507983,2,9,0,-1,5,7,3,-1,0,0,0,0,0,0,2,1,-1,2,2,21,5,1490,8,0,TOYOTA YARIS,-1,-1,0,-1
2024421499930,2024,421499930,2,9,0,-1,19,1,5,-1,0,0,0,0,0,0,1,1,-1,9,1,48,8,1497,8,5,TOYOTA YARIS,-1,-1,0,-1
2024371496105,2024,371496105,1,9,0,-1,19,5,1,-1,0,0,0,0,7,0,1,1,-1,6,2,71,10,1299,1,21,TOYOTA YARIS,5,E01033446,0,1
2024101533582,2024,101533582,2,9,0,-1,9,7,5,-1,0,8,0,0,0,0,1,1,-1,6,2,38,7,1329,1,12,TOYOTA YARIS,7,E01008360,0,1
2024010547224,2024,010547224,2,9,0,99,99,9,9,99,99,9,9,99,9,99,1,9,6,6,3,58,9,1329,1,12,TOYOTA YARIS,3,E01033324,0,1
2024010532263,2024,010532263,1,9,0,9,9,4,1,0,0,8,0,0,0,0,1,1,6,6,1,30,6,1329,1,15,TOYOTA YARIS,1,E01011626,0,5
2024010522055,2024,010522055,3,9,0,2,2,0,0,0,0,1,0,0,0,0,1,1,6,6,3,-1,-1,1299,1,22,TOYOTA YARIS,-1,-1,0,-1
2024131412137,2024,131412137,1,9,0,-1,19,1,6,-1,0,2,0,0,0,0,1,1,-1,9,2,45,7,1497,8,5,TOYOTA YARIS,5,E01011678,0,1
2024041458183,2024,041458183,2,9,0,-1,2,1,5,-1,0,2,0,0,0,0,2,2,-1,9,1,36,7,1497,8,7,TOYOTA YARIS,4,E01012713,0,1
2024522402955,2024,522402955,1,9,0,18,19,2,6,0,0,0,0,0,0,0,1,1,6,6,2,72,10,1299,1,22,TOYOTA YARIS,10,E01014853,0,2
2024131448378,2024,131448378,1,9,0,-1,2,3,7,-1,9,0,0,0,0,0,4,1,-1,9,1,84,11,1497,8,8,TOYOTA YARIS,4,E01010865,0,1
2024131505613,2024,131505613,2,9,0,-1,19,3,7,-1,0,1,0,0,0,0,3,1,-1,1,2,53,8,1296,1,16,TOYOTA YARIS,1,E01011906,0,1
2024421477617,2024,421477617,1,9,0,-1,7,3,5,-1,0,3,0,0,0,0,1,9,-1,6,2,39,7,1296,1,18,TOYOTA YARIS,4,E01023930,0,4
2024421522745,2024,421522745,2,9,0,-1,9,1,7,-1,0,8,0,0,0,0,1,1,-1,9,1,75,10,1490,8,1,TOYOTA YARIS,8,E01021684,0,1
2024440384474,2024,440384474,1,9,0,9,9,5,3,0,0,1,0,0,0,0,4,1,6,6,1,47,8,1490,8,2,TOYOTA YARIS,10,E01022518,0,1
2024991514921,2024,991514921,3,9,0,-1,4,5,1,-1,0,0,0,0,0,0,2,1,-1,9,1,31,6,998,1,18,TOYOTA YARIS,1,-1,0,1
2024211474879,2024,211474879,2,9,0,-1,19,1,5,-1,0,6,0,0,0,0,4,1,-1,9,1,33,6,1364,2,16,TOYOTA YARIS,-1,-1,0,-1
2024332400097,2024,332400097,2,9,0,-1,19,4,8,-1,0,0,1,0,0,0,3,1,-1,2,2,29,6,1329,1,15,TOYOTA YARIS,8,E01025621,0,1
2024361429262,2024,361429262,2,9,0,-1,4,1,5,-1,0,0,0,0,0,0,2,1,-1,2,2,23,5,1329,1,11,TOYOTA YARIS,7,E01026456,0,3
2024311504411,2024,311504411,1,9,0,-1,19,5,1,-1,0,0,0,0,0,0,2,2,-1,6,2,30,6,1329,1,11,TOYOTA YARIS,7,E01011410,0,4
2024010520041,2024,010520041,1,9,0,6,6,7,7,0,0,2,0,0,0,0,3,1,6,6,2,26,6,1497,8,7,TOYOTA YARIS,1,E01002857,0,1
2024302401292,2024,302401292,3,9,0,16,19,4,7,0,0,8,0,0,0,0,1,1,6,6,2,33,6,1497,8,10,TOYOTA YARIS,3,E01008890,0,4
2024131535213,2024,131535213,1,9,0,-1,19,7,3,-1,0,8,0,0,0,0,1,1,-1,1,1,32,6,1496,1,7,TOYOTA YARIS,3,E01010793,0,3
2024471394263,2024,471394263,1,9,0,-1,19,8,4,-1,0,0,0,0,0,0,1,1,-1,2,2,54,8,1296,1,16,TOYOTA YARIS,10,E01030585,0,2
2024041402375,2024,041402375,1,9,0,-1,19,1,5,-1,0,1,0,0,1,2,1,1,-1,6,1,88,11,1299,1,20,TOYOTA YARIS,9,E01025406,0,2
2024031516581,2024,031516581,1,9,0,-1,3,6,2,-1,0,0,1,0,0,0,1,1,-1,6,1,24,5,1296,1,16,TOYOTA YARIS,-1,-1,0,-1
2024041533121,2024,041533121,1,9,0,-1,19,3,7,-1,9,2,1,0,1,0,1,9,-1,9,1,21,5,1490,8,1,TOYOTA YARIS,1,E01012625,0,1
2024461431409,2024,461431409,1,9,0,-1,19,6,6,-1,0,1,5,0,0,0,1,1,-1,2,1,17,4,1329,1,14,TOYOTA YARIS,5,E01033087,0,1
202460Q156471,2024,60Q156471,1,9,0,17,19,3,7,0,0,1,1,0,1,9,1,1,6,6,1,18,4,1329,1,12,TOYOTA YARIS,-1,-1,0,-1
2024522402336,2024,522402336,1,9,0,3,3,4,8,0,0,1,0,0,0,0,2,1,6,6,2,45,7,1299,1,22,TOYOTA YARIS,2,E01014643,0,1
2024131458999,2024,131458999,1,9,0,-1,-1,-1,-1,-1,-1,-1,-1,-1,-1,0,-1,1,-1,6,3,-1,-1,1490,8,3,TOYOTA YARIS,-1,-1,0,-1
2024440208795,2024,440208795,2,9,0,2,2,0,0,0,0,0,0,0,0,0,3,1,6,6,2,28,6,1329,1,15,TOYOTA YARIS,2,E01017106,0,2
2024131399518,2024,131399518,2,9,0,-1,9,1,5,-1,0,0,0,0,0,0,1,1,-1,2,2,27,6,998,1,17,TOYOTA YARIS,3,E01010801,0,1
2024061418436,2024,061418436,2,9,0,-1,19,5,1,-1,0,1,0,0,0,0,1,1,-1,1,1,53,8,1296,1,17,TOYOTA YARIS,9,E01005055,0,1
2024531473435,2024,531473435,2,9,0,-1,19,1,3,-1,0,0,0,0,0,0,2,1,-1,9,1,24,5,1296,1,17,TOYOTA YARIS,5,E01022334,0,3
2024201484869,2024,201484869,2,9,0,-1,7,6,8,-1,0,5,0,0,0,0,1,9,-1,6,1,-1,-1,1299,1,19,TOYOTA YARIS,1,E01009143,0,1
2024111429733,2024,111429733,1,9,0,-1,19,5,1,-1,0,0,0,0,0,0,1,1,-1,6,2,29,6,998,1,12,TOYOTA YARIS,1,E01020673,0,1
2024010503127,2024,010503127,2,9,9,99,99,9,9,99,99,9,9,99,9,99,9,9,6,6,3,-1,-1,1497,8,10,TOYOTA YARIS,-1,-1,0,-1
2024440362603,2024,440362603,1,9,0,7,7,3,5,0,0,1,2,0,0,1,4,1,6,6,2,48,8,1497,8,5,TOYOTA YARIS,8,E01034461,0,5
2024622400152,2024,622400152,1,9,0,18,19,4,8,0,0,0,0,0,0,0,1,1,6,6,2,25,5,1329,1,8,TOYOTA YARIS,6,W01000671,0,4
2024302400226,2024,302400226,2,9,0,18,19,6,2,0,0,0,0,0,0,0,1,1,6,6,1,84,11,1496,1,6,TOYOTA YARIS,8,E01019725,0,1
2024131491677,2024,131491677,1,9,0,-1,19,7,3,-1,0,1,0,0,0,0,3,1,-1,9,2,20,4,1364,2,13,TOYOTA YARIS,3,E01010761,0,1
2024311421477,2024,311421477,2,9,0,-1,2,0,0,-1,0,0,0,0,0,0,2,1,-1,6,1,52,8,1329,1,12,TOYOTA YARIS,4,E01013934,0,1
2024520001392,2024,520001392,1,9,0,14,14,7,3,0,0,0,0,0,0,0,1,1,6,6,1,31,6,1497,8,5,TOYOTA YARIS,5,E01014707,0,1
2024041478936,2024,041478936,1,9,0,-1,5,3,7,-1,0,8,5,0,0,0,1,1,-1,9,2,23,5,998,1,19,TOYOTA YARIS,2,E01025247,0,1
2024141430621,2024,141430621,2,9,0,-1,2,0,0,-1,0,0,0,0,0,0,1,1,-1,6,-1,-1,-1,1296,1,18,TOYOTA YARIS,-1,-1,0,-1
2024211426151,2024,211426151,2,9,0,-1,2,0,0,-1,0,1,0,0,0,0,1,1,-1,6,3,-1,-1,1490,8,1,TOYOTA YARIS,-1,-1,0,-1
2024010535260,2024,010535260,1,9,0,9,9,5,4,0,0,6,0,0,0,0,1,1,6,6,1,86,11,1497,8,7,TOYOTA YARIS,-1,-1,0,-1
2024371484958,2024,371484958,1,9,0,-1,7,8,4,-1,0,0,0,0,0,0,4,1,-1,9,1,66,10,1497,8,5,TOYOTA YARIS,7,E01029995,0,1
2024302400759,2024,302400759,2,9,0,9,9,6,3,0,0,8,0,0,0,0,3,1,6,6,1,56,9,1618,1,3,TOYOTA YARIS,10,E01019762,0,1
2024052401609,2024,052401609,2,9,0,18,19,1,5,0,0,8,0,0,7,11,4,1,6,6,1,73,10,1329,1,8,TOYOTA YARIS,9,E01006823,0,1
2024070543694,2024,070543694,1,9,0,15,15,6,2,0,0,0,0,0,0,0,1,1,2,2,2,40,7,1490,8,3,TOYOTA YARIS,7,E01006169,0,3