collision_index,collision_year,collision_ref_no,vehicle_reference,vehicle_type,towing_and_articulation,vehicle_manoeuvre_historic,vehicle_manoeuvre,vehicle_direction_from,vehicle_direction_to,vehicle_location_restricted_lane_historic,vehicle_location_restricted_lane,junction_location,skidding_and_overturning,hit_object_in_carriageway,vehicle_leaving_carriageway,hit_object_off_carriageway,first_point_of_impact,vehicle_left_hand_drive,journey_purpose_of_driver_historic,journey_purpose_of_driver,sex_of_driver,age_of_driver,age_band_of_driver,engine_capacity_cc,propulsion_code,age_of_vehicle,generic_make_model,driver_imd_decile,lsoa_of_driver,escooter_flag,driver_distance_banding
2024010533465,2024,010533465,2,9,0,9,9,1,7,0,0,8,0,0,0,0,3,1,6,6,2,48,8,1490,8,1,TOYOTA YARIS,-1,-1,0,-1
2024211483057,2024,211483057,1,9,0,-1,9,8,8,-1,0,0,0,7,0,0,1,1,-1,6,2,60,9,1496,1,6,TOYOTA YARIS,-1,-1,0,-1
2024622400468,2024,622400468,2,9,0,4,4,1,5,0,0,0,0,0,0,0,1,1,6,6,2,20,4,1496,1,5,TOYOTA YARIS,3,W01001393,0,4
2024461442463,2024,461442463,2,9,0,-1,19,5,8,-1,0,0,0,0,0,0,4,9,-1,9,2,30,6,1329,1,11,TOYOTA YARIS,3,E01016098,0,1
2024201513489,2024,201513489,1,9,0,-1,13,6,2,-1,0,0,0,4,0,0,3,1,-1,6,2,39,7,1329,1,15,TOYOTA YARIS,-1,-1,0,-1
2024010526261,2024,010526261,2,9,0,18,19,7,3,0,0,0,5,0,0,0,4,1,6,6,1,20,4,1296,1,17,TOYOTA YARIS,1,E01004199,0,2
2024421419560,2024,421419560,1,9,0,-1,9,5,3,-1,0,6,0,0,0,0,1,1,-1,9,2,68,10,1490,8,2,TOYOTA YARIS,9,E01023442,0,2
2024041405376,2024,041405376,2,9,0,-1,6,3,7,-1,0,3,0,0,0,0,3,1,-1,9,1,24,5,998,1,17,TOYOTA YARIS,2,-1,0,5
2024522403249,2024,522403249,2,9,0,9,9,7,5,0,0,6,0,0,0,0,3,1,6,6,1,58,9,1299,1,20,TOYOTA YARIS,5,E01014665,0,1
2024552500144,2024,552500144,2,9,0,18,19,8,4,0,0,0,0,0,7,10,1,1,6,6,1,17,4,1296,1,18,TOYOTA YARIS,9,E01033158,0,1
2024332400065,2024,332400065,1,9,0,-1,19,7,4,-1,0,0,2,0,1,4,1,1,-1,1,1,48,8,1497,8,11,TOYOTA YARIS,6,E01025740,0,3
2024531404887,2024,531404887,1,9,0,-1,9,2,6,-1,0,1,0,0,0,0,1,1,-1,9,1,38,7,1299,1,23,TOYOTA YARIS,1,E01022329,0,1
2024320644459,2024,320644459,2,9,0,-1,-1,6,2,0,0,8,0,0,0,0,1,1,1,1,1,38,7,1299,1,19,TOYOTA YARIS,6,E01034689,0,2
2024010508916,2024,010508916,1,9,0,99,99,9,9,99,99,9,9,99,9,99,2,9,6,6,2,36,7,1490,8,0,TOYOTA YARIS,6,E01001565,0,1
2024991480644,2024,991480644,1,9,0,-1,6,4,4,-1,0,3,0,0,7,2,1,1,-1,6,1,23,5,1490,8,0,TOYOTA YARIS,2,-1,0,1
2024052400364,2024,052400364,1,9,0,18,19,5,1,0,0,0,0,0,0,0,1,1,2,2,1,35,6,1299,1,21,TOYOTA YARIS,3,E01006550,0,1
2024421480673,2024,421480673,2,9,0,-1,10,4,1,-1,0,1,0,0,0,0,3,1,-1,6,2,70,10,1497,8,4,TOYOTA YARIS,10,E01021570,0,1
2024340NN3462,2024,340NN3462,1,9,0,-1,9,3,1,-1,0,8,0,0,0,0,1,1,-1,1,1,57,9,998,1,19,TOYOTA YARIS,4,E01027327,0,1
2024201441659,2024,201441659,2,9,0,-1,5,1,5,-1,0,8,0,0,0,0,1,1,-1,6,1,25,5,1299,1,19,TOYOTA YARIS,3,E01031077,0,1
2024421443280,2024,421443280,1,9,0,-1,19,1,5,-1,0,6,0,0,3,0,1,1,-1,2,2,46,8,1299,1,19,TOYOTA YARIS,6,E01022053,0,1
2024010512715,2024,010512715,2,9,0,99,99,9,9,99,99,9,9,99,9,99,9,9,6,6,2,61,9,1497,8,9,TOYOTA YARIS,4,E01003406,0,2
2024010522691,2024,010522691,1,9,0,9,9,1,6,0,0,1,0,0,0,0,1,1,6,6,1,42,7,1497,8,8,TOYOTA YARIS,3,E01001162,0,1
2024631448279,2024,631448279,1,9,0,-1,19,1,5,-1,0,8,0,0,0,0,1,2,-1,9,1,18,4,998,1,19,TOYOTA YARIS,7,W01000651,0,1
2024070173927,2024,070173927,1,9,0,18,19,8,4,0,0,4,2,9,3,1,1,1,2,2,2,41,7,998,1,14,TOYOTA YARIS,2,W01000379,0,4
2024411437503,2024,411437503,2,9,0,-1,4,4,8,-1,0,0,0,0,0,0,2,1,-1,6,2,54,8,1497,8,7,TOYOTA YARIS,3,E01000308,0,2
2024111484985,2024,111484985,1,9,0,-1,19,8,4,-1,0,0,0,0,0,0,4,1,-1,1,2,32,6,1490,8,1,TOYOTA YARIS,1,E01020839,0,1
2024010547229,2024,010547229,1,9,0,99,99,9,9,99,99,9,9,99,9,99,9,9,6,6,2,46,8,998,1,10,TOYOTA YARIS,3,E01002543,0,2
2024522500473,2024,522500473,1,9,0,18,19,5,1,0,0,8,0,0,0,0,4,1,6,6,1,58,9,1496,1,6,TOYOTA YARIS,10,E01014615,0,2
2024201534086,2024,201534086,1,9,0,-1,19,2,6,-1,0,4,0,0,0,0,1,1,-1,2,1,64,9,998,1,19,TOYOTA YARIS,1,E01009935,0,3
2024010534948,2024,010534948,2,9,0,99,99,9,9,99,99,9,9,99,9,99,1,9,6,6,2,24,5,1490,8,1,TOYOTA YARIS,3,E01001445,0,3
2024010512935,2024,010512935,1,9,0,99,99,9,9,99,99,9,9,99,9,99,9,9,6,6,2,26,6,1496,1,4,TOYOTA YARIS,6,E01002541,0,2
2024010537816,2024,010537816,1,9,0,3,3,7,3,0,0,1,0,0,0,0,2,1,6,6,1,40,7,1329,1,12,TOYOTA YARIS,6,E01000594,0,1
2024421517314,2024,421517314,1,9,0,-1,19,5,1,-1,0,0,0,0,2,0,1,1,-1,9,2,31,6,1497,8,5,TOYOTA YARIS,8,E01018296,0,3
2024302400631,2024,302400631,1,9,0,2,2,0,0,0,0,0,0,0,0,0,2,1,6,6,1,64,9,1299,1,19,TOYOTA YARIS,5,E01027948,0,3
2024461473922,2024,461473922,2,9,0,-1,19,3,7,-1,0,0,0,0,0,0,3,1,-1,1,1,26,6,1497,8,5,TOYOTA YARIS,1,E01035301,0,4
2024010487685,2024,010487685,1,9,0,16,19,7,3,0,0,8,5,10,0,0,1,1,6,6,1,44,7,1296,1,16,TOYOTA YARIS,2,E01000064,0,1
2024201501771,2024,201501771,2,9,0,-1,19,6,2,-1,0,8,0,0,0,0,1,1,-1,6,1,21,5,998,1,14,TOYOTA YARIS,2,E01009266,0,1
2024010503234,2024,010503234,2,9,0,99,99,9,9,99,99,9,9,99,9,99,9,9,6,6,3,-1,-1,1490,8,0,TOYOTA YARIS,-1,-1,0,-1
2024010502304,2024,010502304,1,9,0,5,5,3,7,0,0,4,0,0,0,0,4,1,6,6,1,26,6,1497,8,11,TOYOTA YARIS,-1,-1,0,-1
2024320247327,2024,320247327,1,9,0,-1,-1,6,2,0,0,6,0,0,0,0,4,1,6,6,2,80,11,1496,1,6,TOYOTA YARIS,10,E01026395,0,2
2024131446217,2024,131446217,1,9,0,-1,19,1,5,-1,0,8,0,0,7,1,1,1,-1,9,2,61,9,1490,8,1,TOYOTA YARIS,3,E01011718,0,1
2024201469661,2024,201469661,2,9,0,-1,3,3,7,-1,0,0,1,7,0,0,4,1,-1,6,2,53,8,1496,1,5,TOYOTA YARIS,-1,-1,0,-1
2024332400942,2024,332400942,3,9,0,-1,19,4,8,-1,0,0,0,0,0,0,2,1,-1,6,1,47,8,1296,1,16,TOYOTA YARIS,5,E01013737,0,1
2024451415160,2024,451415160,3,9,0,-1,2,0,0,-1,9,1,0,0,0,0,4,1,-1,6,-1,-1,-1,1299,1,20,TOYOTA YARIS,-1,-1,0,-1
2024311536396,2024,311536396,1,9,0,-1,9,7,5,-1,0,2,0,0,0,0,1,1,-1,6,1,56,9,1296,1,18,TOYOTA YARIS,5,E01013831,0,1
2024161450409,2024,161450409,1,9,0,-1,8,8,2,-1,0,0,0,0,0,0,1,1,-1,6,1,57,9,1364,2,17,TOYOTA YARIS,2,E01013129,0,1
2024201408392,2024,201408392,2,9,0,-1,2,7,3,-1,0,0,0,0,0,0,3,9,-1,9,2,46,8,1490,8,1,TOYOTA YARIS,2,E01009782,0,1
2024211468164,2024,211468164,2,9,0,-1,19,5,1,-1,0,0,0,0,0,0,3,1,-1,6,2,46,8,1490,8,2,TOYOTA YARIS,3,E01014282,0,1
2024041470038,2024,041470038,2,9,0,-1,19,4,8,-1,0,0,0,0,0,0,1,1,-1,9,1,75,10,1496,1,6,TOYOTA YARIS,6,E01024860,0,1
2024471397203,2024,471397203,1,9,0,-1,19,7,3,-1,0,4,0,0,0,0,1,1,-1,6,2,-1,-1,1296,1,16,TOYOTA YARIS,7,E01021093,0,1
2024131479445,2024,131479445,1,9,0,-1,5,3,7,-1,0,0,0,0,0,0,1,1,-1,2,1,36,7,1296,1,18,TOYOTA YARIS,1,E01010616,0,1
2024041508950,2024,041508950,1,9,0,-1,19,3,7,-1,0,0,5,0,1,4,1,1,-1,2,2,22,5,1329,1,14,TOYOTA YARIS,2,E01012580,0,1
2024201476091,2024,201476091,2,9,0,-1,19,2,6,-1,0,2,0,0,0,0,1,9,-1,2,1,34,6,998,1,18,TOYOTA YARIS,1,E01034939,0,1
2024471508929,2024,471508929,1,9,0,-1,19,1,5,-1,0,0,0,0,3,0,1,1,-1,6,1,-1,-1,1490,8,0,TOYOTA YARIS,-1,-1,0,-1
2024461453634,2024,461453634,3,9,0,-1,19,3,7,-1,0,0,0,0,0,0,2,1,-1,6,1,51,8,1496,1,6,TOYOTA YARIS,5,E01024815,0,3
2024141463124,2024,141463124,1,9,0,-1,19,5,1,-1,0,0,0,4,0,0,1,1,-1,9,2,56,9,1497,8,10,TOYOTA YARIS,6,E01007836,0,1
2024451393638,2024,451393638,1,9,0,-1,19,1,5,-1,0,0,0,0,0,0,1,1,-1,9,2,26,6,1497,8,9,TOYOTA YARIS,3,E01034390,0,4
2024440079996,2024,440079996,1,9,0,9,9,6,4,0,0,5,0,0,0,0,1,1,6,6,1,87,11,1329,1,12,TOYOTA YARIS,9,E01023158,0,1
2024471408861,2024,471408861,1,9,0,-1,9,7,5,-1,0,6,0,0,0,0,1,1,-1,2,1,32,6,1490,8,1,TOYOTA YARIS,4,E01021002,0,1
2024522401438,2024,522401438,1,9,0,9,9,8,6,0,0,5,0,10,1,4,1,1,6,6,2,71,10,1497,8,7,TOYOTA YARIS,7,E01014882,0,2
2024131435723,2024,131435723,1,9,0,-1,7,5,3,-1,0,5,0,0,0,0,4,1,-1,9,2,37,7,1329,1,10,TOYOTA YARIS,6,E01011524,0,2
2024041506676,2024,041506676,3,9,0,-1,4,1,5,-1,0,0,0,0,0,0,2,1,-1,9,1,58,9,1299,1,24,TOYOTA YARIS,9,E01025303,0,2
2024101575222,2024,101575222,1,9,0,-1,2,0,0,-1,0,6,0,0,0,0,4,1,-1,6,1,48,8,1299,1,19,TOYOTA YARIS,-1,-1,0,-1
2024131415415,2024,131415415,2,9,0,-1,-1,-1,-1,-1,-1,-1,-1,-1,-1,-1,3,1,-1,6,1,42,7,998,1,25,TOYOTA YARIS,5,E01011902,0,1
2024440187985,2024,440187985,1,9,0,9,9,7,5,0,0,8,0,0,0,0,4,1,6,6,2,32,6,1497,8,9,TOYOTA YARIS,10,E01032870,0,1
2024141530982,2024,141530982,1,9,0,-1,19,4,8,-1,0,0,0,0,0,0,1,9,-1,6,2,36,7,1496,1,5,TOYOTA YARIS,1,E01008018,0,1
2024311476850,2024,311476850,1,9,0,-1,12,1,5,-1,0,0,0,0,0,0,2,1,-1,6,2,46,8,1329,1,13,TOYOTA YARIS,2,E01013847,0,1
2024201468039,2024,201468039,1,9,0,-1,19,4,8,-1,0,4,0,0,0,0,1,1,-1,6,2,51,8,1299,1,19,TOYOTA YARIS,2,E01008953,0,1
2024221474576,2024,221474576,1,9,0,-1,5,6,4,-1,0,6,0,0,0,0,3,1,-1,6,2,77,11,1490,8,2,TOYOTA YARIS,6,E01029645,0,4
2024161444222,2024,161444222,1,9,0,-1,19,3,7,-1,0,0,0,0,0,0,3,1,-1,2,1,31,6,1490,8,1,TOYOTA YARIS,7,E01013234,0,1
2024401508592,2024,401508592,1,9,0,-1,19,3,7,-1,-1,0,0,0,7,3,1,1,-1,6,2,81,11,1497,8,5,TOYOTA YARIS,8,E01017465,0,1
2024070911767,2024,070911767,1,9,0,-1,19,9,9,-1,0,0,0,0,0,0,1,1,-1,6,2,38,7,1497,8,6,TOYOTA YARIS,4,E01018624,0,1
2024010520178,2024,010520178,1,9,0,18,19,8,4,0,0,2,0,0,0,0,1,1,6,6,1,48,8,1497,8,11,TOYOTA YARIS,4,E01002706,0,1
2024552401372,2024,552401372,1,9,0,18,19,8,4,0,0,0,5,0,0,0,1,1,2,2,1,25,5,998,1,20,TOYOTA YARIS,7,E01015348,0,3
2024010541118,2024,010541118,2,9,0,99,99,9,9,99,99,9,9,99,9,99,9,9,6,6,3,-1,-1,1497,8,9,TOYOTA YARIS,5,E01000260,0,3
2024010524244,2024,010524244,2,9,9,99,99,9,9,99,99,9,9,99,9,99,1,9,6,6,3,-1,-1,1497,8,6,TOYOTA YARIS,-1,-1,0,-1
2024131496440,2024,131496440,1,9,0,-1,19,7,3,-1,0,8,0,0,0,0,1,1,-1,9,1,29,6,1296,1,18,TOYOTA YARIS,1,E01010732,0,1
2024131526444,2024,131526444,1,9,0,-1,19,3,6,-1,0,3,0,0,0,0,1,1,-1,2,1,37,7,998,1,14,TOYOTA YARIS,7,E01011329,0,4
2024522402220,2024,522402220,2,9,0,18,19,5,1,0,0,8,0,0,0,0,4,1,6,6,1,43,7,1329,1,11,TOYOTA YARIS,3,E01014569,0,1
2024501434898,2024,501434898,2,9,0,-1,2,0,0,-1,0,0,0,0,0,0,2,1,-1,6,-1,-1,-1,1490,8,2,TOYOTA YARIS,-1,-1,0,-1
2024141495950,2024,141495950,1,9,0,-1,19,7,3,-1,0,0,0,0,0,0,1,1,-1,6,1,85,11,1490,8,3,TOYOTA YARIS,6,E01007321,0,2
2024411531538,2024,411531538,1,9,0,-1,4,2,6,-1,0,4,0,0,0,0,3,1,-1,6,2,54,8,1490,8,1,TOYOTA YARIS,8,E01023312,0,1
2024041552203,2024,041552203,1,9,0,-1,19,3,7,-1,0,0,0,0,1,0,1,1,-1,9,1,24,5,1329,1,15,TOYOTA YARIS,1,E01025188,0,2
2024371477626,2024,371477626,1,9,0,-1,19,8,4,-1,0,0,0,0,0,0,1,1,-1,6,1,75,10,1490,8,1,TOYOTA YARIS,5,E01030241,0,1
2024411556973,2024,411556973,2,9,0,-1,19,1,5,-1,0,0,0,0,0,0,1,1,-1,6,2,24,5,1329,1,8,TOYOTA YARIS,2,E01017509,0,4
2024320084575,2024,320084575,1,9,0,-1,-1,2,6,0,0,0,0,0,5,0,3,1,6,6,2,54,8,1490,8,1,TOYOTA YARIS,8,E01033434,0,5
2024351543873,2024,351543873,2,9,0,-1,19,1,5,-1,0,2,0,0,0,0,3,1,-1,6,1,28,6,1329,1,12,TOYOTA YARIS,2,E01015660,0,1
2024010497638,2024,010497638,2,9,0,2,2,0,0,0,0,0,0,0,0,0,4,1,6,6,3,-1,-1,1490,8,1,TOYOTA YARIS,-1,-1,0,-1
2024430446002,2024,430446002,2,9,0,18,19,8,2,0,0,0,0,0,0,0,1,1,1,1,1,52,8,1490,8,2,TOYOTA YARIS,8,E01017713,0,2
2024141451715,2024,141451715,1,9,0,-1,5,1,6,-1,0,2,0,0,0,0,3,1,-1,9,1,89,11,1363,2,21,TOYOTA YARIS,1,E01007416,0,1
2024440232246,2024,440232246,2,9,0,1,1,3,7,0,0,1,0,0,0,0,2,1,6,6,3,-1,-1,1490,8,2,TOYOTA YARIS,-1,-1,0,-1
2024221406217,2024,221406217,1,9,0,-1,9,1,6,-1,0,6,0,0,0,0,1,1,-1,6,2,38,7,1364,2,16,TOYOTA YARIS,4,E01032201,0,1
2024471496905,2024,471496905,1,9,0,-1,19,1,5,-1,0,8,0,0,0,0,1,1,-1,2,1,61,9,998,1,16,TOYOTA YARIS,1,E01016864,0,1
2024131515859,2024,131515859,1,9,0,-1,19,1,5,-1,0,0,0,0,0,0,1,1,-1,1,1,25,5,1363,2,20,TOYOTA YARIS,8,E01011207,0,1
2024131554725,2024,131554725,1,9,0,-1,19,4,8,-1,0,8,0,0,0,0,4,1,-1,2,1,37,7,1329,1,14,TOYOTA YARIS,-1,-1,0,-1
2024201494362,2024,201494362,1,9,0,-1,19,8,4,-1,0,1,0,0,0,0,1,1,-1,6,1,29,6,1329,1,12,TOYOTA YARIS,1,E01009270,0,2
2024061461721,2024,061461721,2,9,0,-1,19,3,3,-1,0,8,0,0,0,0,1,1,-1,6,1,42,7,998,1,21,TOYOTA YARIS,-1,-1,0,-1
2024430269134,2024,430269134,1,9,0,18,19,6,2,0,0,0,0,0,1,2,3,1,1,1,1,18,4,998,1,24,TOYOTA YARIS,9,E01016272,0,2
2024010537519,2024,010537519,1,9,0,99,99,9,9,99,99,9,9,99,9,99,2,9,6,6,2,31,6,1497,8,9,TOYOTA YARIS,8,E01001390,0,2
2024010523223,2024,010523223,1,9,0,99,99,9,9,99,99,9,9,99,9,99,2,9,6,6,2,45,7,1497,8,7,TOYOTA YARIS,2,E01000097,0,1
2024461490450,2024,461490450,2,9,0,-1,9,1,7,-1,0,8,0,0,0,0,4,1,-1,9,1,23,5,1364,2,10,TOYOTA YARIS,7,E01032820,0,1
2024141410022,2024,141410022,1,9,0,-1,9,5,3,-1,0,8,0,0,0,0,1,1,-1,9,1,27,6,998,1,18,TOYOTA YARIS,1,E01007913,0,2
2024041512537,2024,041512537,2,9,0,-1,19,3,7,-1,0,0,0,0,0,0,4,1,-1,1,1,36,7,1329,1,15,TOYOTA YARIS,1,E01012575,0,1
2024041480261,2024,041480261,1,9,0,-1,19,3,7,-1,0,1,0,11,7,1,1,1,-1,9,1,24,5,1364,2,18,TOYOTA YARIS,1,E01025067,0,1
2024010540711,2024,010540711,1,9,0,99,99,9,9,99,99,9,9,99,9,99,1,9,1,1,2,48,8,1296,1,18,TOYOTA YARIS,4,E01000719,0,2
2024471509168,2024,471509168,2,9,0,-1,19,8,4,-1,0,8,0,0,0,0,1,1,-1,9,1,48,8,1296,1,16,TOYOTA YARIS,5,E01031577,0,1
2024991429276,2024,991429276,3,9,0,-1,19,5,2,-1,0,0,0,0,0,0,0,1,-1,9,1,60,9,1490,8,2,TOYOTA YARIS,7,-1,0,3
2024501447865,2024,501447865,1,9,0,-1,19,1,5,-1,0,0,0,0,0,0,1,1,-1,9,1,54,8,1490,8,2,TOYOTA YARIS,6,E01020223,0,2
202460Q179287,2024,60Q179287,1,9,0,13,13,3,7,0,0,0,0,0,0,0,4,1,6,6,2,86,11,1497,8,10,TOYOTA YARIS,-1,-1,0,-1
2024010540398,2024,010540398,3,9,0,18,19,7,3,0,0,0,0,0,0,0,2,1,6,6,1,36,7,1296,1,18,TOYOTA YARIS,5,E01003690,0,2
2024471518356,2024,471518356,1,9,0,-1,19,7,3,-1,0,0,0,0,0,0,1,2,-1,9,1,64,9,1364,2,16,TOYOTA YARIS,7,E01021170,0,4
2024351496079,2024,351496079,1,9,-1,-1,-1,-1,-1,-1,-1,-1,-1,-1,-1,0,-1,9,-1,6,1,65,9,1329,1,10,TOYOTA YARIS,3,E01018091,0,2
2024041499683,2024,041499683,1,9,0,-1,19,3,3,-1,0,4,0,0,0,0,1,1,-1,2,1,32,6,1296,1,18,TOYOTA YARIS,1,E01012673,0,2
2024471441323,2024,471441323,2,9,0,-1,4,3,7,-1,0,0,0,0,0,0,2,1,-1,2,1,35,6,998,1,20,TOYOTA YARIS,9,E01031655,0,4
2024122400947,2024,122400947,4,9,0,10,10,8,6,0,0,8,0,0,0,0,2,1,6,6,1,67,10,1490,8,4,TOYOTA YARIS,10,E01027721,0,1
2024531490183,2024,531490183,2,9,0,-1,9,3,1,-1,0,8,0,0,0,0,4,1,-1,9,2,44,7,1329,1,13,TOYOTA YARIS,6,E01022236,0,2
2024061414467,2024,061414467,1,9,-1,-1,-1,-1,-1,-1,-1,0,-1,-1,-1,0,-1,9,-1,6,2,-1,-1,1329,1,14,TOYOTA YARIS,-1,-1,0,-1
2024010531652,2024,010531652,2,9,0,18,19,2,6,0,0,1,0,0,0,0,2,1,6,6,1,40,7,1497,8,5,TOYOTA YARIS,7,E01030410,0,2
2024010542962,2024,010542962,2,9,0,9,9,5,2,0,0,6,0,0,0,0,1,1,2,2,2,40,7,1296,1,17,TOYOTA YARIS,6,E01002005,0,1
2024522402610,2024,522402610,2,9,0,1,1,3,7,0,0,8,0,0,0,0,1,1,6,6,1,51,8,1299,1,21,TOYOTA YARIS,2,E01014685,0,1
2024302400833,2024,302400833,2,9,0,16,19,2,6,0,0,8,0,0,0,0,4,1,6,6,1,27,6,1329,1,14,TOYOTA YARIS,1,E01009564,0,4
2024010503160,2024,010503160,1,9,0,5,5,3,7,0,0,8,0,4,0,0,1,1,6,6,1,43,7,1296,1,17,TOYOTA YARIS,3,E01004467,0,1
2024302400720,2024,302400720,2,9,0,4,4,2,6,0,0,1,0,0,0,0,2,1,1,1,3,-1,-1,1363,2,20,TOYOTA YARIS,5,E01019456,0,4
2024010519103,2024,010519103,1,9,3,7,7,7,2,0,0,1,0,0,0,0,4,1,6,6,2,24,5,1296,1,16,TOYOTA YARIS,3,E01035667,0,1
2024430458204,2024,430458204,2,9,0,1,1,5,1,0,0,0,0,0,0,0,2,1,6,6,1,30,6,1296,1,17,TOYOTA YARIS,-1,-1,0,-1
2024531396804,2024,531396804,2,9,0,-1,19,5,1,-1,0,1,0,0,0,0,1,1,-1,6,2,25,5,998,1,21,TOYOTA YARIS,9,E01034811,0,2
2024010543073,2024,010543073,1,9,0,-1,-1,7,3,9,9,1,0,0,7,11,1,1,6,6,2,22,5,1490,8,1,TOYOTA YARIS,3,E01002776,0,2
2024201482757,2024,201482757,1,9,0,-1,19,8,4,-1,0,1,0,0,0,0,1,1,-1,6,1,62,9,998,1,22,TOYOTA YARIS,3,E01009864,0,1
2024201492860,2024,201492860,1,9,0,-1,4,4,6,-1,0,0,0,0,0,0,1,1,-1,6,2,35,6,1329,1,11,TOYOTA YARIS,-1,-1,0,-1
2024451428019,2024,451428019,1,9,0,-1,19,7,3,-1,0,1,0,0,0,0,0,1,-1,9,1,53,8,1329,1,14,TOYOTA YARIS,9,E01030716,0,1
2024320711691,2024,320711691,1,9,0,-1,-1,8,4,0,0,0,1,0,7,9,3,1,-1,-1,1,19,4,1296,1,17,TOYOTA YARIS,6,E01026260,0,2
2024340NN1202,2024,340NN1202,2,9,0,-1,19,1,4,-1,0,3,2,0,0,0,1,1,-1,9,1,19,4,1299,1,19,TOYOTA YARIS,5,E01016809,0,4
2024010550045,2024,010550045,3,9,0,3,3,3,7,0,0,1,0,0,0,0,2,1,6,6,1,55,8,1490,8,1,TOYOTA YARIS,7,E01000657,0,3
2024010494653,2024,010494653,2,9,0,99,99,9,9,99,99,9,9,99,9,99,1,9,6,6,2,61,9,1497,8,7,TOYOTA YARIS,9,E01004092,0,1
2024122400870,2024,122400870,2,9,0,4,4,5,1,0,0,0,0,0,0,0,2,1,6,6,1,36,7,1329,1,10,TOYOTA YARIS,3,E01011489,0,4
2024010551187,2024,010551187,1,9,0,18,19,5,1,0,0,0,1,0,1,0,2,1,2,2,1,52,8,998,1,20,TOYOTA YARIS,3,E01003689,0,2
2024201436222,2024,201436222,1,9,0,-1,19,7,3,-1,0,8,0,0,0,0,1,9,-1,6,1,32,6,1364,2,14,TOYOTA YARIS,1,E01009202,0,1
2024122400223,2024,122400223,1,9,0,17,19,5,2,0,0,0,0,0,0,0,1,1,6,6,2,33,6,1497,8,6,TOYOTA YARIS,8,E01027694,0,1
2024201486358,2024,201486358,1,9,0,-1,19,7,3,-1,0,1,0,0,0,0,1,1,-1,6,1,51,8,1490,8,3,TOYOTA YARIS,6,E01009690,0,1
2024010524534,2024,010524534,1,9,0,7,7,3,4,0,0,3,0,0,0,0,1,1,6,6,2,24,5,1497,8,10,TOYOTA YARIS,6,E01004330,0,1
2024411414497,2024,411414497,2,9,0,-1,19,3,7,-1,0,0,0,0,0,0,2,1,-1,6,1,44,7,1497,8,8,TOYOTA YARIS,7,E01000292,0,1
2024421514646,2024,421514646,2,9,0,-1,15,7,6,-1,0,1,0,0,0,0,2,1,-1,6,2,60,9,1296,1,18,TOYOTA YARIS,5,E01021536,0,1
2024010546931,2024,010546931,1,9,0,18,19,5,1,0,0,1,0,0,0,0,1,1,6,6,2,74,10,1497,8,11,TOYOTA YARIS,9,E01000199,0,1
2024991506487,2024,991506487,2,9,0,-1,10,3,7,-1,0,0,0,0,0,0,2,1,-1,9,1,42,7,1490,8,1,TOYOTA YARIS,-1,-1,0,-1
2024311484398,2024,311484398,1,9,0,-1,8,3,1,-1,0,1,0,0,0,0,1,1,-1,6,1,34,6,1490,8,0,TOYOTA YARIS,5,E01019475,0,4
2024311534660,2024,311534660,1,9,0,-1,19,8,4,-1,0,0,1,0,7,4,1,1,-1,2,1,44,7,1296,1,15,TOYOTA YARIS,1,E01013819,0,2
2024010509160,2024,010509160,1,9,0,18,19,1,5,0,0,6,0,0,0,0,1,1,6,6,1,33,6,1490,8,1,TOYOTA YARIS,4,E01004458,0,1
2024430615684,2024,430615684,4,9,0,18,19,1,5,0,0,0,0,0,0,0,1,1,6,6,2,36,7,1497,8,9,TOYOTA YARIS,8,E01016557,0,1
2024440177431,2024,440177431,2,9,0,17,19,4,1,0,0,0,0,0,0,0,1,1,6,6,1,44,7,1329,1,12,TOYOTA YARIS,10,E01022749,0,1
2024302400281,2024,302400281,1,9,0,17,19,5,2,0,0,3,0,0,0,0,1,1,6,6,1,45,7,1364,2,17,TOYOTA YARIS,4,E01013459,0,3
2024302400494,2024,302400494,2,9,0,7,7,3,5,0,0,8,0,0,0,0,1,1,6,6,2,48,8,1490,8,2,TOYOTA YARIS,10,E01034655,0,1
2024161521321,2024,161521321,1,9,0,-1,2,0,0,-1,9,0,0,0,0,0,3,1,-1,6,1,-1,-1,998,1,18,TOYOTA YARIS,-1,-1,0,-1
2024061488986,2024,061488986,2,9,9,-1,6,-1,-1,-1,0,8,0,0,0,0,4,1,-1,6,1,-1,-1,998,1,18,TOYOTA YARIS,-1,-1,0,-1
2024041443167,2024,041443167,1,9,0,-1,19,3,3,-1,0,1,0,0,0,0,4,1,-1,1,2,38,7,998,1,17,TOYOTA YARIS,2,E01024902,0,1
2024351536806,2024,351536806,1,9,0,-1,19,3,7,-1,0,0,2,0,7,0,1,1,-1,6,1,48,8,1326,1,12,TOYOTA YARIS,2,E01015599,0,3
2024461401749,2024,461401749,1,9,0,-1,19,7,4,-1,0,0,0,0,0,0,1,9,-1,2,2,33,6,1329,1,11,TOYOTA YARIS,6,E01024276,0,1
2024991512017,2024,991512017,1,9,0,-1,9,7,5,-1,0,1,0,0,0,0,4,1,-1,6,2,24,5,1329,1,11,TOYOTA YARIS,6,-1,0,2
2024061443711,2024,061443711,1,9,0,-1,5,-1,-1,-1,0,0,0,0,0,0,2,1,-1,9,2,42,7,1490,8,1,TOYOTA YARIS,3,E01006104,0,3