collision_index,collision_year,collision_ref_no,vehicle_reference,vehicle_type,towing_and_articulation,vehicle_manoeuvre_historic,vehicle_manoeuvre,vehicle_direction_from,vehicle_direction_to,vehicle_location_restricted_lane_historic,vehicle_location_restricted_lane,junction_location,skidding_and_overturning,hit_object_in_carriageway,vehicle_leaving_carriageway,hit_object_off_carriageway,first_point_of_impact,vehicle_left_hand_drive,journey_purpose_of_driver_historic,journey_purpose_of_driver,sex_of_driver,age_of_driver,age_band_of_driver,engine_capacity_cc,propulsion_code,age_of_vehicle,generic_make_model,driver_imd_decile,lsoa_of_driver,escooter_flag,driver_distance_banding
2024451454304,2024,451454304,2,9,0,-1,19,3,7,-1,0,4,0,0,0,0,1,1,-1,6,2,-1,-1,1329,1,9,TOYOTA YARIS,-1,-1,0,-1
2024311544020,2024,311544020,2,9,0,-1,19,3,8,-1,0,4,0,0,0,0,1,1,-1,9,1,23,5,1296,1,18,TOYOTA YARIS,-1,-1,0,-1
2024061409108,2024,061409108,1,9,-1,-1,9,4,8,-1,0,1,0,0,0,0,1,9,-1,6,2,-1,-1,1296,1,18,TOYOTA YARIS,1,E01004818,0,1
2024430465376,2024,430465376,1,9,0,9,9,4,2,0,0,5,0,0,0,0,2,1,2,2,2,47,8,1329,1,13,TOYOTA YARIS,6,E01028530,0,1
2024401405478,2024,401405478,1,9,-1,-1,-1,-1,-1,-1,-1,-1,-1,-1,-1,0,-1,9,-1,6,2,27,6,1329,1,11,TOYOTA YARIS,4,E01033834,0,1
2024010511703,2024,010511703,2,9,9,99,99,9,9,99,99,9,9,99,9,99,9,9,6,6,3,-1,-1,1299,1,21,TOYOTA YARIS,-1,-1,0,-1
2024471500573,2024,471500573,2,9,0,-1,1,1,5,-1,0,8,0,0,0,0,2,1,-1,6,1,-1,-1,1363,2,19,TOYOTA YARIS,-1,-1,0,-1
2024351403801,2024,351403801,2,9,0,-1,7,-1,-1,-1,0,8,0,0,0,0,1,1,-1,6,3,-1,-1,1299,1,20,TOYOTA YARIS,-1,-1,0,-1
2024041404871,2024,041404871,1,9,0,-1,19,7,3,-1,0,0,0,0,0,0,1,1,-1,9,2,71,10,998,1,15,TOYOTA YARIS,4,E01025261,0,1
2024161398354,2024,161398354,2,9,0,-1,5,1,5,-1,0,4,0,0,0,0,4,9,-1,6,2,33,6,1490,8,1,TOYOTA YARIS,-1,-1,0,-1
2024302400616,2024,302400616,1,9,0,2,2,0,0,0,0,2,0,0,0,0,3,1,6,6,1,53,8,1490,8,1,TOYOTA YARIS,6,E01013491,0,1
2024302400860,2024,302400860,1,8,0,5,5,8,4,0,0,0,0,0,0,0,4,1,6,6,3,-1,-1,1497,8,6,TOYOTA YARIS,5,E01019456,0,3
2024010535327,2024,010535327,2,9,0,18,19,7,3,0,0,1,0,4,0,0,1,1,6,6,2,44,7,1497,8,9,TOYOTA YARIS,6,E01002353,0,1
2024201421481,2024,201421481,2,9,0,-1,19,5,1,-1,0,0,0,0,0,0,3,9,-1,6,2,31,6,1296,1,15,TOYOTA YARIS,1,E01009485,0,2
2024631499302,2024,631499302,2,9,0,-1,19,4,8,-1,0,6,0,0,0,0,4,1,-1,9,2,58,9,1329,1,11,TOYOTA YARIS,4,W01000637,0,1
2024010500868,2024,010500868,1,9,0,5,5,2,6,0,0,1,0,4,0,0,1,1,6,6,1,68,10,1497,8,9,TOYOTA YARIS,6,E01000203,0,1
2024122400411,2024,122400411,1,9,0,18,19,7,3,0,0,0,0,0,0,0,3,1,2,2,2,24,5,1329,1,13,TOYOTA YARIS,8,E01013407,0,1
2024311444347,2024,311444347,2,9,0,-1,5,1,2,-1,0,6,1,0,0,0,1,1,-1,2,1,52,8,1296,1,17,TOYOTA YARIS,10,E01013985,0,3
2024010510423,2024,010510423,1,9,0,4,4,1,5,4,4,2,0,0,0,0,1,1,6,6,1,74,10,1798,1,17,TOYOTA YARIS,4,E01004708,0,3
2024421518275,2024,421518275,2,9,0,-1,3,3,6,-1,0,0,0,0,0,0,2,1,-1,9,2,26,6,1497,8,4,TOYOTA YARIS,9,E01021577,0,1
2024052400637,2024,052400637,2,9,0,18,19,4,2,0,0,8,0,0,0,0,3,1,2,2,1,32,6,1497,8,9,TOYOTA YARIS,2,E01006536,0,1
2024351476530,2024,351476530,1,9,0,-1,2,5,1,-1,0,0,0,0,0,0,2,1,-1,9,2,25,5,1497,8,10,TOYOTA YARIS,3,E01000081,0,5
2024471453345,2024,471453345,1,9,0,-1,4,7,3,-1,0,1,0,7,2,0,2,1,-1,9,2,18,4,1329,1,13,TOYOTA YARIS,4,E01031377,0,1
2024141468528,2024,141468528,1,9,0,-1,19,3,7,-1,0,0,0,0,0,0,1,1,-1,6,2,34,6,1329,1,14,TOYOTA YARIS,3,E01008095,0,1
2024061485231,2024,061485231,1,9,0,-1,15,5,4,-1,0,0,9,0,0,0,3,1,-1,2,1,36,7,1329,1,15,TOYOTA YARIS,1,E01033669,0,1
2024010516482,2024,010516482,1,9,0,18,19,3,7,0,0,0,0,0,0,0,3,1,6,6,2,27,6,1329,1,12,TOYOTA YARIS,2,E01001673,0,1
2024501469276,2024,501469276,2,9,0,-1,19,4,8,-1,0,1,0,0,0,0,1,1,-1,9,2,53,8,1329,1,12,TOYOTA YARIS,3,E01015172,0,1
2024201419627,2024,201419627,1,9,0,-1,1,4,8,-1,9,6,0,0,0,0,2,1,-1,6,1,38,7,1490,8,4,TOYOTA YARIS,5,E01010223,0,1
2024361445365,2024,361445365,1,9,0,-1,19,3,7,-1,0,0,0,0,0,0,1,1,-1,1,2,21,5,1497,8,10,TOYOTA YARIS,2,E01026796,0,1
2024010526904,2024,010526904,2,9,0,99,99,9,9,99,99,0,9,99,9,99,9,9,6,6,1,26,6,1299,1,19,TOYOTA YARIS,5,E01002977,0,1
2024520402736,2024,520402736,1,9,0,4,4,5,1,0,0,0,0,0,0,0,2,1,6,6,2,58,9,1490,8,2,TOYOTA YARIS,7,E01029158,0,4
2024340NN3192,2024,340NN3192,2,9,0,-1,19,7,3,-1,0,0,0,0,0,0,0,1,-1,9,1,29,6,1329,1,13,TOYOTA YARIS,10,E01014710,0,5
2024052400905,2024,052400905,2,9,0,18,19,7,3,0,0,8,0,0,0,0,1,1,1,1,2,62,9,998,1,18,TOYOTA YARIS,3,E01006916,0,1
2024371526540,2024,371526540,1,9,0,-1,19,8,4,-1,0,0,0,0,0,0,4,1,-1,6,2,66,10,1497,8,9,TOYOTA YARIS,10,E01030205,0,1
2024201467900,2024,201467900,3,9,0,-1,9,3,1,-1,0,1,0,0,0,0,2,1,-1,6,1,27,6,1329,1,12,TOYOTA YARIS,1,E01009192,0,1
2024451523421,2024,451523421,1,9,0,-1,19,3,7,-1,0,0,0,0,0,0,1,1,-1,6,1,24,5,998,1,18,TOYOTA YARIS,4,E01030981,0,1
2024201448750,2024,201448750,2,9,0,-1,11,8,6,-1,0,0,0,0,0,0,1,1,-1,6,1,20,4,998,1,18,TOYOTA YARIS,4,E01009518,0,1
2024061510233,2024,061510233,1,9,-1,-1,19,3,7,-1,0,0,0,0,0,0,1,9,-1,6,2,-1,-1,1329,1,11,TOYOTA YARIS,-1,-1,0,-1
2024010510123,2024,010510123,1,9,0,1,1,1,3,0,0,8,0,0,0,0,0,1,6,6,1,29,6,1329,1,10,TOYOTA YARIS,3,E01032574,0,3
2024101467729,2024,101467729,2,9,0,-1,3,3,7,-1,0,0,0,0,0,0,2,1,-1,6,1,42,7,1618,1,2,TOYOTA YARIS,7,E01027496,0,3
2024131457102,2024,131457102,1,9,0,-1,5,5,1,-1,0,2,0,0,0,0,3,1,-1,6,3,-1,-1,1364,2,17,TOYOTA YARIS,-1,-1,0,-1
2024141513171,2024,141513171,1,9,0,-1,9,5,1,-1,0,6,0,0,0,0,3,1,-1,9,2,24,5,998,1,18,TOYOTA YARIS,2,E01008014,0,1
2024471453574,2024,471453574,1,9,0,-1,5,4,6,-1,0,4,0,0,0,0,1,1,-1,9,2,33,6,1496,1,6,TOYOTA YARIS,7,E01031837,0,1
2024531436166,2024,531436166,1,9,0,-1,9,6,2,-1,0,8,0,0,0,0,1,1,-1,9,1,63,9,1496,1,4,TOYOTA YARIS,10,E01016693,0,4
2024010545156,2024,010545156,2,9,0,99,99,9,9,99,99,9,9,99,9,99,9,9,6,6,3,-1,-1,1497,8,6,TOYOTA YARIS,-1,-1,0,-1
2024610030924,2024,610030924,2,9,0,18,19,3,7,0,0,0,0,0,0,0,2,1,6,6,1,71,10,1329,1,13,TOYOTA YARIS,2,W01001441,0,1
2024010530912,2024,010530912,1,9,0,2,2,0,0,0,0,1,0,0,0,0,0,1,6,6,3,-1,-1,1490,8,1,TOYOTA YARIS,-1,-1,0,-1
2024471440423,2024,471440423,2,9,0,-1,4,3,7,-1,0,0,0,0,0,0,2,1,-1,1,2,47,8,1329,1,11,TOYOTA YARIS,8,E01024625,0,4
2024010513478,2024,010513478,1,9,0,99,99,9,9,99,99,9,9,99,9,99,2,9,2,2,2,59,9,1490,8,2,TOYOTA YARIS,10,E01030581,0,4
2024131431742,2024,131431742,1,9,0,-1,19,1,5,-1,0,0,0,4,0,0,4,1,-1,9,1,79,11,1329,1,10,TOYOTA YARIS,8,E01011047,0,1
2024141409274,2024,141409274,1,9,0,-1,9,6,4,-1,0,1,0,0,0,0,1,1,-1,6,1,19,4,1364,2,16,TOYOTA YARIS,1,E01034842,0,1
2024131412724,2024,131412724,1,9,0,-1,-1,-1,-1,-1,-1,8,-1,-1,-1,0,-1,1,-1,6,3,-1,-1,1364,2,16,TOYOTA YARIS,-1,-1,0,-1
2024451418512,2024,451418512,1,9,0,-1,19,1,5,-1,0,0,0,0,0,0,4,1,-1,6,1,37,7,1329,1,15,TOYOTA YARIS,5,W01000846,0,5
2024302401133,2024,302401133,2,9,0,18,19,6,2,0,0,1,0,0,0,0,2,1,6,6,1,29,6,1364,2,15,TOYOTA YARIS,3,E01008108,0,3
2024430195485,2024,430195485,4,9,0,3,3,8,4,0,0,1,0,0,0,0,3,1,6,6,1,27,6,998,1,19,TOYOTA YARIS,10,E01016628,0,2
2024311426135,2024,311426135,1,9,0,-1,19,1,5,-1,0,8,0,0,0,0,3,1,-1,6,1,17,4,998,1,15,TOYOTA YARIS,2,E01013957,0,1
2024543684324,2024,543684324,2,9,0,17,19,1,5,0,0,0,0,0,1,0,1,1,6,6,2,67,10,1490,8,2,TOYOTA YARIS,4,E01031917,0,3
2024061533786,2024,061533786,2,9,0,-1,19,5,4,-1,0,8,0,0,0,0,1,1,-1,6,-1,-1,-1,1329,1,12,TOYOTA YARIS,-1,-1,0,-1
2024041404955,2024,041404955,1,9,0,-1,9,3,7,-1,0,6,0,0,1,0,3,1,-1,6,2,76,11,1497,8,7,TOYOTA YARIS,5,E01025024,0,1
2024061403576,2024,061403576,1,9,0,-1,19,8,4,-1,0,8,0,0,0,0,1,1,-1,9,1,47,8,1329,1,10,TOYOTA YARIS,6,E01006157,0,1
2024501417613,2024,501417613,1,9,0,-1,7,7,3,-1,0,6,0,0,0,0,3,1,-1,2,1,28,6,1296,1,18,TOYOTA YARIS,3,E01019991,0,1
2024430158982,2024,430158982,1,9,0,13,13,4,7,0,0,0,0,0,0,0,1,1,6,6,1,27,6,1364,2,14,TOYOTA YARIS,1,E01012040,0,5
2024531406004,2024,531406004,1,9,0,-1,19,4,8,-1,0,0,1,0,7,10,1,1,-1,2,1,23,5,1299,1,19,TOYOTA YARIS,9,E01022384,0,3
2024411477757,2024,411477757,2,9,0,-1,2,0,0,-1,0,0,0,0,0,0,3,1,-1,6,-1,-1,-1,1299,1,23,TOYOTA YARIS,-1,-1,0,-1
2024411447125,2024,411447125,1,9,0,-1,5,1,5,-1,0,8,0,0,3,0,1,1,-1,6,1,60,9,1296,1,17,TOYOTA YARIS,3,E01023357,0,1
2024401476496,2024,401476496,7,9,0,-1,2,0,0,-1,0,0,0,4,0,0,2,1,-1,6,-1,-1,-1,1497,8,4,TOYOTA YARIS,-1,-1,0,-1
2024552400489,2024,552400489,1,9,0,7,7,7,1,0,0,6,0,0,0,0,0,1,2,2,2,27,6,1497,8,7,TOYOTA YARIS,5,E01015377,0,1
2024501503993,2024,501503993,2,9,0,-1,3,-1,-1,-1,0,8,0,0,0,0,4,1,-1,6,2,23,5,1329,1,8,TOYOTA YARIS,2,E01015075,0,1
2024131436717,2024,131436717,2,9,0,-1,19,3,7,-1,0,2,0,0,0,0,3,1,-1,6,1,40,7,1329,1,11,TOYOTA YARIS,3,E01010669,0,1
2024401566629,2024,401566629,1,9,0,-1,19,5,7,-1,0,0,2,0,1,0,1,9,-1,2,1,25,5,1299,1,19,TOYOTA YARIS,6,E01017385,0,2
2024141476168,2024,141476168,1,9,0,-1,4,6,2,-1,0,1,0,0,0,0,2,1,-1,1,1,42,7,1497,8,6,TOYOTA YARIS,1,E01007677,0,1
2024010523049,2024,010523049,1,9,0,9,9,3,8,0,0,1,0,0,0,0,1,1,6,6,1,57,9,1497,8,11,TOYOTA YARIS,6,E01000847,0,2
2024201532037,2024,201532037,1,9,0,-1,19,7,3,-1,0,1,0,0,7,10,1,1,-1,1,1,22,5,998,1,16,TOYOTA YARIS,2,E01008883,0,1
2024010502183,2024,010502183,1,9,0,9,9,3,2,0,0,6,0,0,0,0,1,1,6,6,2,64,9,1329,1,15,TOYOTA YARIS,8,E01001100,0,1
2024010551869,2024,010551869,2,9,0,99,99,9,9,99,99,9,9,99,9,99,2,9,6,6,2,50,8,1490,8,1,TOYOTA YARIS,8,E01003831,0,1
2024520402512,2024,520402512,1,9,0,18,19,2,6,0,0,0,0,0,1,11,1,1,6,6,1,32,6,998,1,18,TOYOTA YARIS,9,E01029024,0,2
2024371447642,2024,371447642,2,9,0,-1,9,3,1,-1,0,8,0,0,0,0,2,1,-1,2,2,42,7,1296,1,17,TOYOTA YARIS,7,E01030003,0,1
2024311413845,2024,311413845,2,9,0,-1,19,8,4,-1,0,1,0,0,0,0,1,1,-1,6,1,40,7,1364,2,12,TOYOTA YARIS,1,E01013958,0,1
2024041525930,2024,041525930,1,9,0,-1,19,-1,-1,-1,0,0,0,0,0,0,1,9,-1,6,2,21,5,1364,2,16,TOYOTA YARIS,1,E01012655,0,1
2024010505279,2024,010505279,1,9,0,99,99,9,9,99,99,9,9,99,9,99,2,9,6,6,2,43,7,1497,8,8,TOYOTA YARIS,6,E01000069,0,1
2024201443548,2024,201443548,1,9,0,-1,19,8,4,-1,0,0,0,4,0,0,1,9,-1,6,1,20,4,1329,1,14,TOYOTA YARIS,2,E01034954,0,1
2024010531865,2024,010531865,1,9,0,4,4,7,3,0,0,1,0,0,0,0,1,1,6,6,2,25,5,1497,8,11,TOYOTA YARIS,6,E01001271,0,1
2024131531412,2024,131531412,2,9,0,-1,5,7,3,-1,0,0,0,0,0,0,0,1,-1,6,1,41,7,1329,1,15,TOYOTA YARIS,6,E01025334,0,4
2024430180550,2024,430180550,2,9,0,18,19,4,8,0,0,0,0,0,0,0,1,1,6,6,1,25,5,1329,1,12,TOYOTA YARIS,-1,-1,0,-1
2024371412386,2024,371412386,2,9,0,-1,19,5,2,-1,0,8,0,0,0,0,4,1,-1,9,2,31,6,1299,1,23,TOYOTA YARIS,7,E01030003,0,1
2024631473161,2024,631473161,1,9,0,-1,19,6,2,-1,0,0,5,0,2,10,4,1,-1,9,2,76,11,1490,8,2,TOYOTA YARIS,10,W01000880,0,4
2024131505612,2024,131505612,2,9,0,-1,19,1,5,-1,0,8,0,0,0,0,1,1,-1,9,2,52,8,1329,1,14,TOYOTA YARIS,3,E01007679,0,4
2024211433792,2024,211433792,1,9,0,-1,10,5,1,-1,0,0,0,0,0,0,2,1,-1,6,1,74,10,1490,8,2,TOYOTA YARIS,6,E01014363,0,1
2024011563966,2024,011563966,1,8,0,-1,19,5,1,-1,0,1,0,0,0,0,1,1,-1,9,1,30,6,1329,1,8,TOYOTA YARIS,-1,-1,0,-1
2024010497994,2024,010497994,1,9,0,9,9,1,8,0,0,0,0,0,0,0,1,1,6,6,1,34,6,1299,1,21,TOYOTA YARIS,10,E01002459,0,1
2024010514990,2024,010514990,1,9,0,9,9,2,8,9,9,8,0,0,2,10,4,1,2,2,1,40,7,1299,1,21,TOYOTA YARIS,5,E01002426,0,3
2024421401891,2024,421401891,2,9,0,-1,3,3,7,-1,0,0,0,0,0,0,2,1,-1,6,2,29,6,1497,8,12,TOYOTA YARIS,9,E01015995,0,2
202460Q001174,2024,60Q001174,1,9,0,16,19,6,1,0,0,0,5,0,0,0,1,1,6,6,2,77,11,1299,1,22,TOYOTA YARIS,-1,-1,0,-1
2024520401146,2024,520401146,2,9,0,18,19,7,3,0,0,0,0,0,0,0,1,1,6,6,2,77,11,1496,1,6,TOYOTA YARIS,2,E01029311,0,1
2024131493147,2024,131493147,1,9,0,-1,19,3,3,-1,0,8,0,0,1,0,3,1,-1,9,1,33,6,1329,1,13,TOYOTA YARIS,1,E01011695,0,2
2024010520327,2024,010520327,1,9,0,18,19,7,3,0,0,1,0,10,1,10,1,1,6,6,2,50,8,1490,8,0,TOYOTA YARIS,4,E01002589,0,1
2024991478918,2024,991478918,2,9,0,-1,19,1,5,-1,0,0,0,0,0,0,1,1,-1,2,2,45,7,1490,8,1,TOYOTA YARIS,8,-1,0,1
2024991508647,2024,991508647,2,9,0,-1,13,1,5,-1,0,1,0,0,0,0,1,1,-1,6,2,46,8,1490,8,2,TOYOTA YARIS,2,-1,0,4
2024421515098,2024,421515098,1,9,0,-1,19,3,7,-1,0,8,0,0,0,0,3,1,-1,2,2,28,6,1329,1,10,TOYOTA YARIS,6,E01021723,0,1
2024131464096,2024,131464096,1,9,0,-1,19,7,3,-1,0,8,0,0,0,0,3,1,-1,6,1,64,9,1296,1,18,TOYOTA YARIS,3,E01011897,0,1
2024141495240,2024,141495240,1,9,0,-1,19,7,3,-1,0,0,0,0,0,0,4,1,-1,9,1,28,6,1490,8,1,TOYOTA YARIS,9,E01008159,0,4
2024991506058,2024,991506058,1,9,0,-1,19,6,2,-1,0,0,0,0,6,0,1,1,-1,6,1,25,5,1496,1,5,TOYOTA YARIS,-1,-1,0,-1
2024361484521,2024,361484521,3,9,0,-1,2,0,0,-1,0,0,0,0,0,0,2,1,-1,9,1,65,9,1299,1,20,TOYOTA YARIS,3,E01026639,0,1
2024221400111,2024,221400111,1,9,0,-1,9,8,6,-1,0,0,0,0,0,0,1,1,-1,9,1,90,11,1329,1,14,TOYOTA YARIS,5,E01014025,0,1
2024010500201,2024,010500201,1,9,0,9,9,1,6,0,0,2,0,0,0,0,1,1,6,6,2,41,7,1497,8,6,TOYOTA YARIS,2,E01003245,0,1
2024010509817,2024,010509817,1,9,9,4,4,5,1,0,0,9,0,0,0,0,1,9,6,6,1,24,5,1296,1,17,TOYOTA YARIS,9,E01003006,0,1
2024131495958,2024,131495958,1,9,0,-1,9,1,7,-1,0,6,0,0,0,0,1,1,-1,6,2,22,5,1296,1,16,TOYOTA YARIS,8,E01011595,0,2
2024010500525,2024,010500525,2,9,0,99,99,9,9,99,99,9,9,99,9,99,1,9,6,6,3,-1,-1,1497,8,9,TOYOTA YARIS,-1,-1,0,-1
2024201437951,2024,201437951,2,9,0,-1,19,1,4,-1,0,8,0,0,0,0,4,1,-1,9,2,49,8,998,1,20,TOYOTA YARIS,1,E01009021,0,2
2024451535140,2024,451535140,1,9,0,-1,9,6,2,-1,0,8,0,0,0,0,3,1,-1,9,2,41,7,1497,8,4,TOYOTA YARIS,7,E01035490,0,3
2024520402439,2024,520402439,1,9,0,18,19,3,7,0,0,8,0,0,0,0,2,1,6,6,2,19,4,1490,8,0,TOYOTA YARIS,5,E01029123,0,3
2024061531968,2024,061531968,2,9,0,-1,5,7,3,-1,0,1,0,0,0,0,1,1,-1,6,2,36,7,1364,2,17,TOYOTA YARIS,-1,-1,0,-1
2024471511521,2024,471511521,1,9,0,-1,19,7,3,-1,0,0,5,10,3,0,1,1,-1,6,2,91,11,998,1,13,TOYOTA YARIS,10,E01022791,0,4
2024010511254,2024,010511254,1,9,0,16,19,3,7,9,9,1,0,0,7,11,1,1,6,6,1,84,11,1497,8,10,TOYOTA YARIS,8,E01001399,0,1
2024201444722,2024,201444722,2,9,0,-1,19,2,4,-1,0,8,0,0,0,0,3,1,-1,9,1,-1,-1,1497,8,7,TOYOTA YARIS,2,E01034955,0,1
2024302400476,2024,302400476,1,9,0,18,19,1,5,0,0,0,0,0,0,0,1,1,6,6,2,57,9,1329,1,8,TOYOTA YARIS,2,E01013588,0,1
2024430268741,2024,430268741,1,9,0,3,3,2,6,0,0,0,0,0,0,0,2,1,6,6,2,47,8,1329,1,10,TOYOTA YARIS,4,E01034604,0,3
2024131456243,2024,131456243,1,9,0,-1,19,1,5,-1,0,0,0,0,0,0,1,1,-1,6,1,36,7,1296,1,18,TOYOTA YARIS,3,E01010834,0,1
2024010551169,2024,010551169,1,9,0,3,3,9,9,99,99,9,9,99,9,99,2,9,6,6,1,64,9,1490,8,1,TOYOTA YARIS,2,E01033881,0,2
2024351429073,2024,351429073,1,9,-1,-1,-1,-1,-1,-1,-1,0,-1,-1,-1,0,-1,9,-1,6,2,65,9,998,1,16,TOYOTA YARIS,10,E01018265,0,1
2024201404754,2024,201404754,1,9,0,-1,1,7,3,-1,0,2,0,0,0,0,2,9,-1,6,1,-1,-1,1329,1,15,TOYOTA YARIS,-1,-1,0,-1
2024302400569,2024,302400569,2,9,0,17,19,4,1,0,0,8,0,0,0,0,1,1,1,1,2,28,6,1329,1,11,TOYOTA YARIS,4,E01013555,0,1
2024010530596,2024,010530596,2,9,0,99,99,9,9,99,99,9,9,99,9,99,2,9,6,6,3,-1,-1,1490,8,3,TOYOTA YARIS,-1,-1,0,-1
2024531441272,2024,531441272,2,9,0,-1,4,6,2,-1,0,0,0,0,0,0,0,1,-1,9,2,80,11,1329,1,10,TOYOTA YARIS,10,E01014067,0,4
2024522402067,2024,522402067,2,9,0,9,9,3,1,0,0,5,0,0,0,0,3,1,6,6,3,-1,-1,1490,8,1,TOYOTA YARIS,-1,-1,0,-1
2024440531217,2024,440531217,1,9,0,13,13,8,4,0,0,0,0,0,0,0,4,1,6,6,1,67,10,1497,8,8,TOYOTA YARIS,7,E01023078,0,1
2024131512862,2024,131512862,1,9,0,-1,19,3,7,-1,0,8,5,0,2,11,1,1,-1,6,1,19,4,1798,1,16,TOYOTA YARIS,4,E01010664,0,2
2024131414225,2024,131414225,1,9,0,-1,12,1,5,-1,2,0,0,0,4,10,1,1,-1,6,1,77,11,998,1,13,TOYOTA YARIS,2,E01010869,0,1
2024411454798,2024,411454798,1,9,0,-1,-1,-1,-1,-1,-1,0,-1,-1,-1,0,2,9,-1,6,1,94,11,1296,1,16,TOYOTA YARIS,5,E01000277,0,2
2024010531233,2024,010531233,1,9,0,9,9,1,7,0,0,6,0,0,0,0,1,1,6,6,1,59,9,1329,1,11,TOYOTA YARIS,3,E01002627,0,1
2024320698720,2024,320698720,2,9,0,9,9,4,2,0,0,8,0,0,0,0,4,1,6,6,1,50,8,1497,8,4,TOYOTA YARIS,7,E01026145,0,1
2024411516296,2024,411516296,1,9,0,-1,19,-1,-1,-1,0,4,0,0,0,0,2,9,-1,6,1,43,7,998,1,19,TOYOTA YARIS,6,E01023858,0,3
2024461412667,2024,461412667,1,9,0,-1,7,6,1,-1,0,4,5,9,8,0,1,1,-1,9,1,54,8,1497,8,7,TOYOTA YARIS,6,E01016056,0,1
2024522500017,2024,522500017,1,9,0,18,19,5,1,0,0,0,0,0,0,0,3,1,6,6,2,41,7,1497,8,6,TOYOTA YARIS,4,E01014570,0,1
2024541656824,2024,541656824,1,9,0,18,19,6,3,0,0,1,0,0,0,0,1,1,6,6,2,79,11,1329,1,9,TOYOTA YARIS,8,E01024004,0,5
2024010500163,2024,010500163,2,9,0,4,4,7,3,0,0,1,0,0,0,0,1,1,6,6,1,21,5,1296,1,17,TOYOTA YARIS,8,E01002163,0,1
2024351527750,2024,351527750,2,9,0,-1,-1,-1,-1,-1,-1,0,-1,-1,-1,0,2,1,-1,2,1,37,7,1364,2,14,TOYOTA YARIS,7,E01018022,0,4
2024231501393,2024,231501393,1,9,0,-1,19,6,2,-1,0,4,0,0,0,0,3,1,-1,6,2,76,11,1490,8,0,TOYOTA YARIS,4,E01031096,0,1
2024010507614,2024,010507614,2,9,0,18,19,1,5,0,0,9,9,99,0,0,3,1,6,6,3,-1,-1,1497,8,10,TOYOTA YARIS,-1,-1,0,-1
2024061436970,2024,061436970,1,9,0,-1,19,-1,-1,-1,0,1,1,0,0,0,4,1,-1,9,2,50,8,1497,8,6,TOYOTA YARIS,10,E01004771,0,2
2024010539405,2024,010539405,5,9,0,18,19,7,3,0,0,3,0,0,0,0,2,1,2,2,1,53,8,1497,8,5,TOYOTA YARIS,4,E01002393,0,1
2024052400487,2024,052400487,2,9,0,9,9,4,2,0,0,1,0,0,0,0,2,1,6,6,2,-1,-1,1329,1,11,TOYOTA YARIS,-1,-1,0,-1
2024401467758,2024,401467758,2,9,0,-1,19,4,1,-1,0,1,0,0,0,0,1,1,-1,6,1,76,11,1497,8,5,TOYOTA YARIS,7,E01002061,0,4
2024041415495,2024,041415495,1,9,0,-1,5,7,3,-1,0,8,0,0,0,0,1,1,-1,9,1,78,11,1299,1,23,TOYOTA YARIS,8,E01025601,0,1
2024302400995,2024,302400995,1,9,0,5,5,3,7,0,0,2,0,0,7,10,1,1,6,6,2,73,10,1497,8,6,TOYOTA YARIS,10,E01007957,0,3
2024320387691,2024,320387691,3,9,0,-1,-1,8,4,0,0,0,0,0,1,0,1,1,-1,-1,2,43,7,1329,1,9,TOYOTA YARIS,3,-1,0,5
2024010490746,2024,010490746,2,9,0,4,4,7,3,0,0,1,0,0,0,0,2,1,2,2,1,35,6,1497,8,9,TOYOTA YARIS,5,E01000418,0,3
2024461491023,2024,461491023,2,9,0,-1,19,5,8,-1,0,0,0,0,0,0,1,1,-1,9,1,59,9,1329,1,10,TOYOTA YARIS,6,E01021186,0,4
2024440379272,2024,440379272,2,9,0,17,19,5,2,0,0,1,0,0,0,0,3,1,6,6,1,-1,-1,1496,1,5,TOYOTA YARIS,-1,-1,0,-1
2024201535472,2024,201535472,1,9,0,-1,9,3,1,-1,0,2,0,0,0,0,3,1,-1,6,1,58,9,1329,1,12,TOYOTA YARIS,1,E01009479,0,2
2024061470815,2024,061470815,4,9,0,-1,19,5,3,-1,0,2,0,0,0,0,1,1,-1,6,2,40,7,1299,1,21,TOYOTA YARIS,1,E01004848,0,1
2024061400388,2024,061400388,2,9,0,-1,9,5,2,-1,0,8,0,0,0,0,1,1,-1,9,2,35,6,1296,1,16,TOYOTA YARIS,1,E01033794,0,3
2024010548580,2024,010548580,1,9,0,9,9,6,3,0,0,1,0,0,0,0,0,1,3,7,2,36,7,1329,1,13,TOYOTA YARIS,7,E01035080,0,5
2024131404315,2024,131404315,2,9,0,-1,8,1,1,-1,0,1,0,0,0,0,2,1,-1,6,2,49,8,1299,1,19,TOYOTA YARIS,3,E01032498,0,1
2024451458094,2024,451458094,1,9,0,-1,19,3,7,-1,0,1,0,0,0,0,1,1,-1,6,2,32,6,1496,1,5,TOYOTA YARIS,9,E01035245,0,3
2024010545418,2024,010545418,1,9,0,18,19,3,7,9,9,2,0,10,5,2,1,1,6,6,1,62,9,1490,8,1,TOYOTA YARIS,6,E01022656,0,5
2024131436134,2024,131436134,1,9,0,-1,19,1,1,-1,0,1,0,0,0,0,4,1,-1,9,1,30,6,1329,1,13,TOYOTA YARIS,7,E01011642,0,1