collision_index,collision_year,collision_ref_no,vehicle_reference,vehicle_type,towing_and_articulation,vehicle_manoeuvre_historic,vehicle_manoeuvre,vehicle_direction_from,vehicle_direction_to,vehicle_location_restricted_lane_historic,vehicle_location_restricted_lane,junction_location,skidding_and_overturning,hit_object_in_carriageway,vehicle_leaving_carriageway,hit_object_off_carriageway,first_point_of_impact,vehicle_left_hand_drive,journey_purpose_of_driver_historic,journey_purpose_of_driver,sex_of_driver,age_of_driver,age_band_of_driver,engine_capacity_cc,propulsion_code,age_of_vehicle,generic_make_model,driver_imd_decile,lsoa_of_driver,escooter_flag,driver_distance_banding
2024131408109,2024,131408109,1,9,0,-1,19,5,1,-1,0,8,5,0,0,0,1,1,-1,6,2,45,7,1329,1,14,TOYOTA YARIS,1,E01010736,0,1
2024302401545,2024,302401545,1,9,0,18,19,4,8,0,0,0,0,0,0,0,1,1,6,6,3,-1,-1,1490,8,1,TOYOTA YARIS,5,E01019456,0,2
2024340WN4272,2024,340WN4272,1,9,0,-1,6,1,1,-1,0,8,0,0,0,0,1,1,-1,2,1,36,7,1490,8,1,TOYOTA YARIS,3,E01017654,0,4
2024231463912,2024,231463912,1,9,0,-1,11,2,6,-1,0,0,1,0,1,6,2,1,-1,9,2,50,8,1490,8,2,TOYOTA YARIS,2,E01032262,0,1
2024010549040,2024,010549040,1,9,0,18,19,1,5,0,0,0,0,0,0,0,2,2,1,1,2,28,6,998,1,11,TOYOTA YARIS,4,E01033940,0,1
2024552400605,2024,552400605,2,9,0,18,19,8,4,0,0,0,0,0,0,0,1,1,1,1,1,42,7,998,1,18,TOYOTA YARIS,7,E01015376,0,3
2024010542379,2024,010542379,3,9,0,18,19,1,5,0,0,8,0,0,0,0,2,1,6,6,2,29,6,1329,1,9,TOYOTA YARIS,5,E01023830,0,4
2024010533951,2024,010533951,4,9,0,18,19,5,1,0,0,1,0,0,0,0,0,1,2,2,2,30,6,1299,1,21,TOYOTA YARIS,2,E01001257,0,1
2024231530743,2024,231530743,2,9,0,-1,7,3,5,-1,0,6,0,0,0,0,3,1,-1,9,2,77,11,1490,8,0,TOYOTA YARIS,9,E01031269,0,1
2024440270975,2024,440270975,2,9,0,9,9,3,2,0,0,6,1,0,0,0,3,1,6,6,2,70,10,1490,8,0,TOYOTA YARIS,4,E01017289,0,1
2024440112208,2024,440112208,1,9,0,9,9,2,8,0,0,8,0,0,1,11,4,1,6,6,1,33,6,1329,1,14,TOYOTA YARIS,5,E01017136,0,1
2024991451825,2024,991451825,2,9,0,-1,19,1,4,-1,0,0,0,0,0,0,2,1,-1,2,2,44,7,1490,8,2,TOYOTA YARIS,-1,-1,0,-1
2024211436743,2024,211436743,1,9,0,-1,19,1,5,-1,0,0,0,0,0,0,1,1,-1,6,1,50,8,1490,8,1,TOYOTA YARIS,5,E01029829,0,1
2024010544364,2024,010544364,2,9,0,18,19,7,3,0,0,1,0,0,0,0,3,1,6,6,2,72,10,1329,1,9,TOYOTA YARIS,-1,-1,0,-1
2024351438378,2024,351438378,3,9,0,-1,3,3,6,-1,0,0,0,0,0,0,2,1,-1,6,1,58,9,1363,2,20,TOYOTA YARIS,5,E01026712,0,4
2024610039124,2024,610039124,1,9,0,5,5,1,5,0,0,1,0,0,0,0,4,1,6,6,1,27,6,998,1,19,TOYOTA YARIS,1,W01001364,0,1
2024161411252,2024,161411252,2,9,0,-1,19,7,3,-1,0,1,0,0,0,0,1,1,-1,6,1,40,7,1490,8,0,TOYOTA YARIS,3,E01013233,0,3
2024010535800,2024,010535800,1,9,0,18,19,7,3,9,9,1,0,0,0,0,1,1,6,6,1,27,6,1497,8,6,TOYOTA YARIS,5,E01000323,0,1
2024991436467,2024,991436467,1,9,0,-1,9,7,5,-1,0,6,0,0,0,0,1,1,-1,9,2,37,7,1497,8,6,TOYOTA YARIS,6,-1,0,4
2024201434675,2024,201434675,2,9,0,-1,5,8,4,-1,0,0,0,0,0,0,3,1,-1,6,2,47,8,1497,8,6,TOYOTA YARIS,4,E01010558,0,1
2024010492523,2024,010492523,1,9,0,18,19,1,5,0,0,1,0,0,0,0,2,1,6,6,3,-1,-1,1299,1,19,TOYOTA YARIS,-1,-1,0,-1
2024041454557,2024,041454557,2,9,0,-1,19,1,5,-1,0,1,0,0,0,0,2,9,-1,6,3,-1,-1,1329,1,12,TOYOTA YARIS,-1,-1,0,-1
2024201426185,2024,201426185,2,9,0,-1,2,0,0,-1,0,0,0,0,0,0,3,1,-1,6,-1,-1,-1,1329,1,11,TOYOTA YARIS,-1,-1,0,-1
2024451528909,2024,451528909,1,9,0,-1,19,2,6,-1,0,0,0,0,0,0,1,1,-1,9,1,31,6,998,1,19,TOYOTA YARIS,10,E01030770,0,1
2024461508145,2024,461508145,2,9,0,-1,19,1,5,-1,0,1,0,0,0,0,1,1,-1,9,2,64,9,1490,8,3,TOYOTA YARIS,4,E01024002,0,1
2024320391037,2024,320391037,2,9,0,-1,-1,8,4,0,0,8,2,0,1,3,4,1,-1,-1,2,59,9,1490,8,1,TOYOTA YARIS,1,E01026112,0,2
2024010536378,2024,010536378,1,9,9,99,99,9,9,0,0,9,9,99,9,99,3,9,6,6,2,34,6,1490,8,0,TOYOTA YARIS,5,E01002299,0,4
2024501443907,2024,501443907,1,9,0,-1,19,7,3,-1,0,1,0,0,0,0,4,1,-1,9,1,75,10,1490,8,3,TOYOTA YARIS,7,E01020273,0,3
2024622400104,2024,622400104,1,9,0,17,19,7,3,0,0,0,0,0,0,0,2,1,1,1,2,26,6,1497,8,4,TOYOTA YARIS,5,W01001717,0,3
2024311452276,2024,311452276,2,9,0,-1,19,1,5,-1,0,4,0,0,0,0,1,1,-1,6,1,31,6,1296,1,16,TOYOTA YARIS,2,E01013836,0,1
2024221528639,2024,221528639,1,9,0,-1,19,7,3,-1,0,0,0,12,0,0,1,9,-1,6,1,45,7,1364,2,16,TOYOTA YARIS,10,E01014039,0,3
2024221414245,2024,221414245,2,9,0,-1,19,7,3,-1,0,8,0,0,7,10,1,9,-1,6,1,77,11,1364,2,16,TOYOTA YARIS,10,E01010181,0,2
2024610036424,2024,610036424,1,9,0,18,19,4,8,0,0,1,0,0,0,0,3,1,1,1,1,43,7,1299,1,23,TOYOTA YARIS,4,W01001523,0,2
2024401458395,2024,401458395,4,9,0,-1,2,0,0,-1,0,0,0,0,0,0,2,1,-1,6,-1,-1,-1,1329,1,9,TOYOTA YARIS,-1,-1,0,-1
2024201413557,2024,201413557,3,9,0,-1,2,0,0,-1,9,0,0,0,0,0,0,9,-1,6,1,36,7,1296,1,17,TOYOTA YARIS,1,E01009007,0,1
2024201454212,2024,201454212,1,9,0,-1,19,1,5,-1,0,8,0,0,0,0,1,1,-1,6,2,40,7,1296,1,18,TOYOTA YARIS,-1,-1,0,-1
2024131491318,2024,131491318,1,9,0,-1,19,1,1,-1,0,8,5,0,0,0,1,1,-1,1,1,34,6,1490,8,0,TOYOTA YARIS,7,E01011021,0,2
2024161533000,2024,161533000,1,9,0,-1,19,7,3,-1,0,0,0,0,7,0,1,1,-1,9,2,72,10,1490,8,0,TOYOTA YARIS,5,E01019827,0,5
2024010518158,2024,010518158,1,9,0,99,99,9,9,99,99,9,9,99,9,99,1,9,6,6,2,44,7,1496,1,5,TOYOTA YARIS,5,E01035270,0,1
2024461399129,2024,461399129,1,9,0,-1,9,1,3,-1,0,6,0,0,0,0,1,9,-1,2,2,36,7,1329,1,10,TOYOTA YARIS,7,E01024407,0,2
2024461536164,2024,461536164,2,9,0,-1,4,7,3,-1,0,0,0,0,0,0,2,9,-1,9,2,58,9,1490,8,1,TOYOTA YARIS,2,E01020998,0,4
2024421435935,2024,421435935,2,9,0,-1,9,1,5,-1,0,1,0,0,0,0,3,1,-1,6,2,24,5,1490,8,1,TOYOTA YARIS,6,E01021509,0,1
2024041435572,2024,041435572,1,9,0,-1,19,5,5,-1,0,3,0,0,1,7,3,1,-1,9,2,88,11,1490,8,2,TOYOTA YARIS,2,E01025264,0,1
2024311438966,2024,311438966,2,9,0,-1,19,2,6,-1,0,8,0,0,0,0,1,2,-1,6,1,31,6,1296,1,17,TOYOTA YARIS,1,E01013821,0,1
2024131520920,2024,131520920,1,9,0,-1,9,2,6,-1,0,1,0,0,0,0,4,1,-1,9,2,24,5,1329,1,14,TOYOTA YARIS,1,E01011429,0,1
2024010504384,2024,010504384,2,9,0,99,99,9,9,99,99,9,9,99,9,99,9,9,6,6,3,-1,-1,1329,1,15,TOYOTA YARIS,3,E01003280,0,1
2024421456577,2024,421456577,1,9,0,-1,19,8,4,-1,0,8,0,0,7,0,4,1,-1,9,1,38,7,998,1,22,TOYOTA YARIS,3,E01021588,0,3
2024010512159,2024,010512159,1,9,0,18,19,1,5,0,0,1,0,0,0,0,1,1,6,6,3,-1,-1,1296,1,17,TOYOTA YARIS,-1,-1,0,-1
2024052402817,2024,052402817,2,9,0,18,19,7,3,0,0,0,0,0,0,0,3,1,6,6,3,-1,-1,1490,8,0,TOYOTA YARIS,-1,-1,0,-1
2024201456082,2024,201456082,1,9,0,-1,19,8,4,-1,0,0,0,0,0,0,1,1,-1,6,2,31,6,1490,8,1,TOYOTA YARIS,4,E01009244,0,1
2024430278690,2024,430278690,2,9,0,4,4,7,3,0,0,0,0,0,0,0,2,1,6,6,1,51,8,1490,8,1,TOYOTA YARIS,2,E01009874,0,4
2024302401431,2024,302401431,2,9,0,17,19,7,4,0,0,0,0,0,0,0,1,1,6,6,2,70,10,1497,8,7,TOYOTA YARIS,4,W01000535,0,5
2024122400743,2024,122400743,1,9,0,18,19,3,7,0,0,1,0,0,0,0,1,1,6,6,2,73,10,1329,1,8,TOYOTA YARIS,9,E01013341,0,1
2024111462571,2024,111462571,2,9,0,-1,19,5,1,-1,0,1,0,0,0,0,1,1,-1,6,2,57,9,1329,1,8,TOYOTA YARIS,9,E01032546,0,1
2024010523016,2024,010523016,2,9,0,1,1,7,3,0,0,2,0,0,0,0,2,1,6,6,2,40,7,1299,1,20,TOYOTA YARIS,9,E01017775,0,3
2024131486171,2024,131486171,2,9,0,-1,19,1,5,-1,0,1,0,0,0,0,1,1,-1,9,1,32,6,1329,1,13,TOYOTA YARIS,3,E01034585,0,3
2024131461394,2024,131461394,3,9,0,-1,2,0,0,-1,9,8,0,0,0,0,3,1,-1,9,1,53,8,1329,1,13,TOYOTA YARIS,2,E01011424,0,2
2024052400467,2024,052400467,1,9,0,18,19,6,2,0,0,2,0,0,0,0,1,1,6,6,1,22,5,1329,1,11,TOYOTA YARIS,1,E01034403,0,1
2024010500693,2024,010500693,1,9,0,6,6,1,1,1,1,0,0,0,1,10,1,1,6,6,3,58,9,1490,8,3,TOYOTA YARIS,6,E01002262,0,1
2024471535420,2024,471535420,1,9,0,-1,19,3,7,-1,0,0,0,0,0,0,4,1,-1,1,1,23,5,1497,8,10,TOYOTA YARIS,1,E01031558,0,4
2024991467689,2024,991467689,3,9,0,-1,19,8,4,-1,0,0,0,0,0,0,2,1,-1,1,1,37,7,1497,8,4,TOYOTA YARIS,3,-1,0,4
2024552400743,2024,552400743,1,9,0,7,7,4,6,0,0,8,0,0,0,0,1,1,6,6,2,18,4,1364,2,15,TOYOTA YARIS,1,E01034276,0,1
2024201532185,2024,201532185,2,9,0,-1,19,5,1,-1,0,0,0,0,0,0,2,1,-1,6,2,44,7,1364,2,15,TOYOTA YARIS,-1,-1,0,-1
2024131420763,2024,131420763,2,9,0,-1,19,6,4,-1,0,0,0,0,0,0,3,1,-1,9,1,80,11,1329,1,14,TOYOTA YARIS,1,E01010941,0,1
2024010511119,2024,010511119,2,9,0,9,9,1,7,0,0,1,0,0,3,10,2,1,6,6,2,75,10,998,1,14,TOYOTA YARIS,5,E01004016,0,1
2024302400960,2024,302400960,1,9,0,9,9,1,8,0,0,8,0,0,0,0,1,1,6,6,2,60,9,1329,1,7,TOYOTA YARIS,9,E01032812,0,5
2024052401668,2024,052401668,1,9,0,18,19,1,5,0,0,0,0,0,0,0,1,1,6,6,2,56,9,1329,1,15,TOYOTA YARIS,1,E01006919,0,1
2024131521322,2024,131521322,1,9,0,-1,5,1,5,-1,9,2,0,0,1,0,1,1,-1,9,1,55,8,1299,1,19,TOYOTA YARIS,3,E01011647,0,1
2024332400190,2024,332400190,2,9,0,-1,19,3,7,-1,0,0,0,0,0,0,1,1,-1,1,1,-1,-1,1618,1,3,TOYOTA YARIS,-1,-1,0,-1
2024201413540,2024,201413540,1,9,0,-1,19,5,1,-1,0,0,0,10,1,2,1,9,-1,2,1,-1,-1,1329,1,15,TOYOTA YARIS,2,E01010052,0,1
2024622400404,2024,622400404,1,9,0,4,4,8,4,0,0,1,0,7,0,0,1,1,2,2,1,44,7,1329,1,10,TOYOTA YARIS,6,W01001878,0,1
2024531412552,2024,531412552,1,9,0,-1,9,5,3,-1,0,8,0,0,0,0,1,1,-1,6,2,80,11,1329,1,11,TOYOTA YARIS,6,E01022454,0,1
2024231405437,2024,231405437,2,9,0,-1,19,4,8,-1,0,0,0,0,0,0,1,1,-1,9,2,60,9,1329,1,11,TOYOTA YARIS,6,E01031167,0,2
2024461396982,2024,461396982,2,9,0,-1,19,3,7,-1,0,1,0,0,0,0,3,1,-1,2,2,54,8,1329,1,11,TOYOTA YARIS,6,E01020950,0,4
2024061437395,2024,061437395,4,9,0,-1,2,0,0,-1,0,1,0,0,0,0,3,1,-1,6,-1,-1,-1,998,1,16,TOYOTA YARIS,-1,-1,0,-1
2024201505796,2024,201505796,2,9,0,-1,10,1,5,-1,0,1,0,0,0,0,2,1,-1,7,2,36,7,1329,1,12,TOYOTA YARIS,3,E01008970,0,1
202460Q066866,2024,60Q066866,2,9,0,18,19,4,8,0,0,1,0,0,0,0,1,1,6,6,2,23,5,1329,1,12,TOYOTA YARIS,-1,-1,0,-1
2024211532163,2024,211532163,2,9,0,-1,19,6,7,-1,0,1,0,0,0,0,1,1,-1,1,2,24,5,1299,1,24,TOYOTA YARIS,1,E01034055,0,2
2024991507176,2024,991507176,2,9,0,-1,19,4,8,-1,0,0,5,0,1,0,2,1,-1,9,1,19,4,1329,1,9,TOYOTA YARIS,-1,-1,0,-1
2024311543845,2024,311543845,2,9,0,-1,19,2,4,-1,0,0,0,0,1,0,3,1,-1,6,2,26,6,1329,1,12,TOYOTA YARIS,-1,-1,0,-1
2024201446193,2024,201446193,1,9,0,-1,9,2,8,-1,0,0,0,0,0,0,3,1,-1,6,2,26,6,1329,1,13,TOYOTA YARIS,3,E01010528,0,1
2024522403441,2024,522403441,1,9,0,9,9,8,7,0,0,5,0,0,0,0,1,1,6,6,1,39,7,1329,1,12,TOYOTA YARIS,7,E01014648,0,1
2024031485075,2024,031485075,1,9,0,-1,19,2,6,-1,0,0,0,0,0,0,1,1,-1,6,2,65,9,1329,1,14,TOYOTA YARIS,-1,-1,0,-1
2024010542291,2024,010542291,2,9,9,99,99,9,9,99,99,9,9,99,9,99,9,9,6,6,3,-1,-1,1299,1,22,TOYOTA YARIS,-1,-1,0,-1
2024231398466,2024,231398466,2,9,0,-1,19,8,4,-1,0,0,2,0,4,6,2,9,-1,9,1,55,8,1490,8,2,TOYOTA YARIS,3,E01031053,0,3
2024461420890,2024,461420890,1,9,0,-1,4,3,7,-1,0,0,0,0,0,0,2,1,-1,2,1,26,6,1490,8,0,TOYOTA YARIS,5,E01024595,0,3
2024430009582,2024,430009582,2,9,0,17,19,7,4,0,0,0,0,0,0,0,3,1,2,2,2,28,6,1496,1,6,TOYOTA YARIS,10,E01028464,0,3
2024201488340,2024,201488340,1,9,0,-1,7,8,6,-1,9,5,0,0,0,0,4,1,-1,6,2,37,7,1296,1,17,TOYOTA YARIS,2,E01009022,0,1
2024451439384,2024,451439384,1,9,0,-1,7,1,3,-1,0,1,0,0,0,0,4,1,-1,1,1,46,8,1363,2,20,TOYOTA YARIS,9,E01030795,0,1
2024471410932,2024,471410932,1,9,0,-1,19,5,1,-1,0,0,0,0,8,11,1,1,-1,6,1,19,4,1497,1,19,TOYOTA YARIS,5,E01031373,0,3
2024411442656,2024,411442656,1,9,0,-1,19,1,5,-1,0,1,0,0,0,0,1,1,-1,6,1,22,5,998,1,20,TOYOTA YARIS,3,E01023756,0,1
2024201453601,2024,201453601,1,9,0,-1,19,6,2,-1,0,2,0,0,0,0,1,1,-1,2,2,28,6,1329,1,9,TOYOTA YARIS,10,E01029485,0,4
2024552400081,2024,552400081,1,9,0,18,19,8,4,0,0,0,0,0,1,11,4,1,6,6,1,22,5,1296,1,17,TOYOTA YARIS,8,E01029206,0,1
2024501429527,2024,501429527,1,9,0,-1,19,7,3,-1,0,8,1,0,0,0,1,9,-1,1,1,36,7,1296,1,16,TOYOTA YARIS,6,E01020020,0,1
202417H103124,2024,17H103124,1,9,0,-1,9,2,8,-1,0,8,0,0,0,0,4,1,-1,9,1,38,7,1296,1,16,TOYOTA YARIS,1,E01035200,0,3
2024201411986,2024,201411986,3,9,0,-1,19,4,8,-1,0,0,0,0,0,0,2,1,-1,6,1,29,6,1329,1,13,TOYOTA YARIS,-1,-1,0,-1
2024451533117,2024,451533117,3,9,0,-1,2,0,0,-1,9,0,0,0,0,0,2,1,-1,6,-1,-1,-1,1329,1,13,TOYOTA YARIS,-1,-1,0,-1
2024131405343,2024,131405343,1,9,0,-1,-1,-1,-1,-1,-1,1,-1,-1,-1,0,4,1,-1,9,1,32,6,1497,8,9,TOYOTA YARIS,3,E01010670,0,1
2024010505849,2024,010505849,2,9,0,9,9,2,1,0,0,6,0,0,0,0,4,1,6,6,2,18,4,1329,1,11,TOYOTA YARIS,10,E01001019,0,1
2024201405305,2024,201405305,2,9,0,-1,19,4,8,-1,0,0,0,0,0,0,1,9,-1,9,2,88,11,1329,1,12,TOYOTA YARIS,9,E01009665,0,1
2024010541967,2024,010541967,2,9,0,99,99,9,9,99,99,9,9,99,9,99,2,9,6,6,3,-1,-1,1329,1,13,TOYOTA YARIS,3,E01003564,0,3
2024471523221,2024,471523221,1,9,0,-1,19,1,5,-1,0,2,5,0,0,0,1,1,-1,9,1,76,11,1490,8,1,TOYOTA YARIS,10,E01021219,0,4
2024101513794,2024,101513794,1,9,0,-1,19,5,1,-1,0,0,0,0,0,0,4,1,-1,9,1,76,11,1490,8,1,TOYOTA YARIS,-1,-1,0,-1
2024430488655,2024,430488655,2,9,0,9,9,2,8,0,0,8,0,0,0,0,4,1,6,6,1,74,10,1490,8,2,TOYOTA YARIS,9,E01017695,0,1
2024451457622,2024,451457622,2,9,0,-1,2,0,0,-1,9,0,0,0,0,0,2,1,-1,6,-1,-1,-1,998,1,22,TOYOTA YARIS,-1,-1,0,-1
2024131517918,2024,131517918,1,9,0,-1,19,5,1,-1,1,8,1,0,0,0,1,1,-1,9,1,35,6,1296,1,18,TOYOTA YARIS,1,E01011144,0,3
2024461432902,2024,461432902,3,9,0,-1,19,3,7,-1,0,0,0,0,0,0,3,9,-1,6,2,63,9,1296,1,17,TOYOTA YARIS,3,E01016164,0,1
2024061453625,2024,061453625,2,9,0,-1,15,3,7,-1,0,2,0,0,0,0,1,1,-1,9,1,33,6,998,1,21,TOYOTA YARIS,4,E01032684,0,2
2024070460084,2024,070460084,2,9,0,4,4,7,3,0,0,0,0,0,0,0,2,1,6,6,1,64,9,1490,8,1,TOYOTA YARIS,-1,-1,0,-1
2024371514138,2024,371514138,1,9,0,-1,19,7,3,-1,0,0,0,0,0,0,3,1,-1,1,2,43,7,1490,8,2,TOYOTA YARIS,1,E01029986,0,1
2024401421087,2024,401421087,2,9,0,-1,5,7,1,-1,0,1,0,0,3,0,1,1,-1,2,2,35,6,1497,8,5,TOYOTA YARIS,3,E01015713,0,1
202460Q171127,2024,60Q171127,1,9,0,18,19,7,3,0,0,0,5,0,2,11,4,1,6,6,2,72,10,1329,1,8,TOYOTA YARIS,-1,-1,0,-1
2024010497979,2024,010497979,2,9,0,99,99,9,9,99,99,5,9,99,9,99,1,9,6,6,3,-1,-1,1329,1,15,TOYOTA YARIS,-1,-1,0,-1
2024471417087,2024,471417087,1,9,0,-1,19,3,8,-1,0,1,0,0,0,0,1,1,-1,7,2,20,4,1298,1,21,TOYOTA YARIS,7,E01016913,0,1
2024010537869,2024,010537869,1,9,0,18,19,4,8,0,0,1,0,0,0,0,1,1,6,6,2,57,9,1490,8,2,TOYOTA YARIS,10,E01000772,0,1
2024010524559,2024,010524559,2,9,0,2,2,0,0,0,0,2,0,0,0,0,3,1,6,6,3,-1,-1,1490,8,1,TOYOTA YARIS,-1,-1,0,-1
2024101503269,2024,101503269,3,9,0,-1,19,6,2,-1,0,1,0,0,0,0,0,1,-1,2,1,67,10,1497,8,6,TOYOTA YARIS,6,E01008177,0,1
2024231438725,2024,231438725,1,9,0,-1,9,4,8,-1,0,5,0,0,0,0,4,1,-1,9,1,88,11,1497,8,7,TOYOTA YARIS,7,E01031011,0,2
2024231468907,2024,231468907,1,9,0,-1,19,7,3,-1,0,0,0,0,0,0,1,9,-1,9,2,46,8,1497,8,8,TOYOTA YARIS,8,-1,0,5
2024010543407,2024,010543407,2,9,0,99,99,9,9,99,99,9,9,99,9,99,9,9,6,6,3,-1,-1,1490,8,0,TOYOTA YARIS,-1,-1,0,-1
2024411438752,2024,411438752,4,9,0,-1,3,5,1,-1,0,0,0,0,0,0,2,1,-1,6,1,37,7,1490,8,4,TOYOTA YARIS,5,E01023869,0,1
2024622400266,2024,622400266,1,9,0,18,19,4,7,0,0,0,0,0,0,0,0,1,6,6,2,42,7,1364,2,11,TOYOTA YARIS,2,W01001166,0,2
2024231495685,2024,231495685,2,9,0,-1,3,2,6,-1,0,1,0,0,0,0,1,1,-1,6,1,81,11,1329,1,12,TOYOTA YARIS,6,E01031033,0,2
2024061464831,2024,061464831,2,9,0,-1,19,6,2,-1,0,0,1,0,2,2,4,1,-1,9,1,77,11,1490,8,1,TOYOTA YARIS,1,E01005874,0,2
2024421487398,2024,421487398,2,9,0,-1,8,5,7,-1,0,0,0,0,0,0,2,1,-1,6,1,33,6,1490,8,2,TOYOTA YARIS,3,E01016070,0,4
2024610046224,2024,610046224,1,9,0,18,19,1,5,0,0,1,0,0,0,0,1,1,6,6,2,31,6,1497,8,8,TOYOTA YARIS,5,W01001359,0,1
2024061534866,2024,061534866,1,9,0,-1,2,-1,-1,-1,0,9,0,99,0,0,1,1,-1,1,1,31,6,998,1,18,TOYOTA YARIS,1,E01005941,0,1
2024501510641,2024,501510641,1,9,0,-1,7,4,6,-1,0,6,0,0,0,0,1,1,-1,9,2,17,4,998,1,19,TOYOTA YARIS,7,E01018901,0,2
2024320429254,2024,320429254,2,9,0,-1,-1,4,8,0,0,8,5,0,0,0,4,1,-1,-1,1,56,9,1329,1,14,TOYOTA YARIS,7,E01013418,0,5
2024311461968,2024,311461968,2,9,0,-1,9,1,7,-1,0,7,0,0,0,0,4,1,-1,9,2,47,8,1497,8,4,TOYOTA YARIS,6,E01028392,0,1
2024141507871,2024,141507871,1,9,0,-1,1,8,4,-1,0,0,0,0,0,0,2,1,-1,6,2,77,11,1329,1,10,TOYOTA YARIS,8,E01007612,0,2
2024010528083,2024,010528083,1,9,0,2,2,0,0,0,0,1,0,0,0,0,2,1,6,6,3,-1,-1,998,1,5,TOYOTA YARIS,-1,-1,0,-1
2024131472944,2024,131472944,1,9,0,-1,9,3,7,-1,0,1,0,0,0,0,1,1,-1,1,1,56,9,1364,2,22,TOYOTA YARIS,2,E01010806,0,4
2024471416490,2024,471416490,1,9,0,-1,19,3,7,-1,9,2,0,0,1,4,1,1,-1,6,1,53,8,1497,8,11,TOYOTA YARIS,3,E01031562,0,1
2024201518758,2024,201518758,1,9,0,-1,8,3,7,-1,0,6,0,0,0,0,1,9,-1,6,1,-1,-1,1296,1,18,TOYOTA YARIS,-1,-1,0,-1
2024501461939,2024,501461939,2,9,0,-1,19,5,1,-1,0,1,0,0,0,0,1,1,-1,9,2,24,5,1329,1,15,TOYOTA YARIS,4,E01018843,0,1
2024411443095,2024,411443095,1,9,-1,-1,7,-1,-1,-1,0,5,0,0,0,0,4,9,-1,6,2,39,7,1299,1,23,TOYOTA YARIS,4,E01015734,0,4
2024201510674,2024,201510674,1,9,0,-1,8,7,3,-1,0,1,0,0,0,0,2,1,-1,7,2,24,5,1497,8,10,TOYOTA YARIS,1,E01009638,0,1
2024010534025,2024,010534025,2,9,0,13,13,9,9,99,99,0,9,99,9,99,1,9,6,6,3,-1,-1,1497,8,10,TOYOTA YARIS,-1,-1,0,-1
2024010542423,2024,010542423,1,9,0,5,5,1,5,9,9,0,0,0,0,0,3,1,6,6,1,22,5,1490,8,0,TOYOTA YARIS,3,E01034592,0,3
2024201426672,2024,201426672,1,9,0,-1,19,6,2,-1,0,3,0,0,0,0,1,9,-1,6,1,-1,-1,998,1,18,TOYOTA YARIS,-1,-1,0,-1
2024010509325,2024,010509325,3,9,0,2,2,0,0,0,0,0,0,0,0,0,1,1,6,6,3,-1,-1,1496,1,6,TOYOTA YARIS,-1,-1,0,-1
2024010502951,2024,010502951,2,9,0,99,99,9,9,99,99,6,9,99,9,99,9,9,6,6,2,44,7,1490,8,2,TOYOTA YARIS,3,E01002217,0,3
2024302400379,2024,302400379,1,9,0,18,19,8,4,0,0,0,0,0,0,0,4,1,6,6,1,78,11,1490,8,3,TOYOTA YARIS,7,E01019677,0,1
2024161535050,2024,161535050,1,9,0,-1,1,1,1,-1,0,1,0,0,0,0,3,1,-1,9,1,83,11,1490,8,1,TOYOTA YARIS,3,E01034753,0,1
2024231433442,2024,231433442,1,9,0,-1,7,7,2,-1,0,6,0,0,0,0,3,1,-1,9,1,59,9,1329,1,13,TOYOTA YARIS,10,E01031292,0,1
2024430328041,2024,430328041,1,9,0,18,19,8,4,0,0,0,0,0,0,0,3,1,6,6,2,36,7,1364,2,12,TOYOTA YARIS,5,E01017923,0,2
2024991497506,2024,991497506,1,9,0,-1,19,3,7,-1,0,2,0,0,0,0,4,1,-1,6,2,39,7,1497,8,10,TOYOTA YARIS,-1,-1,0,-1
2024061399239,2024,061399239,3,9,0,-1,19,1,5,-1,0,1,0,0,0,0,1,1,-1,9,1,23,5,1490,8,3,TOYOTA YARIS,8,E01010935,0,4
2024101483744,2024,101483744,2,9,0,-1,5,7,3,-1,0,8,0,0,0,0,3,1,-1,9,2,70,10,1497,8,5,TOYOTA YARIS,3,E01008511,0,1
2024131523864,2024,131523864,1,9,0,-1,19,3,7,-1,0,8,0,0,0,0,1,1,-1,1,1,26,6,1296,1,18,TOYOTA YARIS,3,E01011039,0,1
2024141468914,2024,141468914,3,9,0,-1,3,8,4,-1,0,8,0,0,0,0,4,1,-1,9,2,44,7,1329,1,15,TOYOTA YARIS,1,E01007734,0,1
2024010541322,2024,010541322,2,9,0,99,99,9,9,99,99,9,9,99,9,99,2,9,6,6,3,44,7,1497,8,5,TOYOTA YARIS,3,E01002787,0,1
2024111506175,2024,111506175,1,9,0,-1,19,8,3,-1,0,0,5,0,1,4,1,1,-1,9,1,40,7,1618,1,2,TOYOTA YARIS,5,E01020726,0,2
2024010503912,2024,010503912,2,9,9,99,99,9,9,99,99,9,9,99,9,99,9,9,6,6,3,-1,-1,1299,1,21,TOYOTA YARIS,-1,-1,0,-1
2024622400739,2024,622400739,6,9,0,2,2,0,0,0,0,1,0,0,0,0,2,1,6,6,3,-1,-1,998,1,11,TOYOTA YARIS,-1,-1,0,-1
2024320417902,2024,320417902,1,9,0,9,9,8,4,0,0,6,0,0,0,0,1,1,6,6,2,29,6,1497,8,10,TOYOTA YARIS,5,E01030272,0,5
2024031511638,2024,031511638,3,9,0,-1,2,0,0,-1,0,0,0,4,0,0,2,1,-1,6,-1,-1,-1,1497,8,6,TOYOTA YARIS,-1,-1,0,-1