collision_index,collision_year,collision_ref_no,vehicle_reference,vehicle_type,towing_and_articulation,vehicle_manoeuvre_historic,vehicle_manoeuvre,vehicle_direction_from,vehicle_direction_to,vehicle_location_restricted_lane_historic,vehicle_location_restricted_lane,junction_location,skidding_and_overturning,hit_object_in_carriageway,vehicle_leaving_carriageway,hit_object_off_carriageway,first_point_of_impact,vehicle_left_hand_drive,journey_purpose_of_driver_historic,journey_purpose_of_driver,sex_of_driver,age_of_driver,age_band_of_driver,engine_capacity_cc,propulsion_code,age_of_vehicle,generic_make_model,driver_imd_decile,lsoa_of_driver,escooter_flag,driver_distance_banding
2024421424933,2024,421424933,1,9,0,-1,19,7,3,-1,0,0,0,0,0,0,2,1,-1,6,2,45,7,1329,1,8,TOYOTA YARIS,4,E01021831,0,1
2024421494166,2024,421494166,1,9,0,-1,7,3,5,-1,0,3,0,0,0,0,1,1,-1,2,1,50,8,1299,1,23,TOYOTA YARIS,5,E01000277,0,4
2024010528455,2024,010528455,2,9,0,99,99,9,9,99,99,9,9,99,9,99,1,9,6,6,3,-1,-1,1299,1,23,TOYOTA YARIS,-1,-1,0,-1
2024471503664,2024,471503664,2,9,0,-1,10,5,3,-1,0,1,0,0,3,0,3,1,-1,2,2,34,6,1329,1,7,TOYOTA YARIS,4,E01003062,0,4
2024010518748,2024,010518748,1,9,0,99,99,9,9,99,99,9,9,99,9,99,2,9,2,2,2,31,6,1329,1,15,TOYOTA YARIS,6,E01003398,0,2
2024201478466,2024,201478466,3,9,0,-1,-1,1,6,-1,-1,2,0,0,0,0,1,1,-1,-1,2,30,6,1618,1,3,TOYOTA YARIS,7,E01033618,0,1
2024131428744,2024,131428744,1,9,0,-1,19,1,5,-1,0,8,1,0,0,0,4,1,-1,1,2,54,8,1497,8,5,TOYOTA YARIS,1,E01010802,0,1
2024471426505,2024,471426505,3,9,0,-1,19,1,5,-1,0,0,0,0,0,0,2,1,-1,2,2,18,4,1299,1,19,TOYOTA YARIS,4,E01020921,0,1
2024471535674,2024,471535674,1,9,0,-1,19,3,7,-1,0,0,0,0,0,0,1,1,-1,2,1,36,7,1296,1,18,TOYOTA YARIS,1,E01020912,0,4
2024010516209,2024,010516209,2,9,9,99,99,9,9,99,99,9,9,99,9,99,9,9,6,6,3,-1,-1,1329,1,14,TOYOTA YARIS,-1,-1,0,-1
2024201398147,2024,201398147,4,9,0,-1,3,2,6,-1,0,1,0,0,0,0,0,1,-1,6,2,50,8,1490,8,1,TOYOTA YARIS,-1,-1,0,-1
2024991507768,2024,991507768,3,9,0,-1,3,1,5,-1,0,0,0,0,0,0,2,1,-1,9,1,53,8,1329,1,7,TOYOTA YARIS,4,-1,0,1
2024411518155,2024,411518155,1,9,0,-1,9,5,3,-1,0,8,0,0,0,0,1,1,-1,2,2,22,5,1329,1,15,TOYOTA YARIS,9,E01011272,0,5
2024061463218,2024,061463218,2,9,0,-1,19,2,6,-1,0,0,0,0,0,0,1,1,-1,1,1,50,8,1490,8,3,TOYOTA YARIS,6,E01004900,0,1
2024411543031,2024,411543031,1,9,0,-1,4,5,8,-1,0,1,0,0,0,0,2,1,-1,9,1,82,11,1490,8,1,TOYOTA YARIS,2,E01023294,0,3
2024010528384,2024,010528384,1,9,0,18,19,7,3,0,0,2,0,0,0,0,1,1,1,1,1,43,7,1329,1,8,TOYOTA YARIS,-1,-1,0,-1
2024461419193,2024,461419193,1,9,0,-1,19,1,5,-1,0,0,0,0,0,0,1,9,-1,6,2,35,6,1299,1,20,TOYOTA YARIS,1,E01034996,0,1
2024501508940,2024,501508940,1,9,0,-1,7,1,4,-1,0,8,0,0,0,0,4,1,-1,2,2,37,7,998,1,14,TOYOTA YARIS,3,E01020037,0,1
2024622400539,2024,622400539,1,9,0,9,9,4,2,0,0,2,1,0,0,0,1,1,6,6,1,21,5,1329,1,11,TOYOTA YARIS,1,W01001857,0,1
2024010528340,2024,010528340,3,9,0,12,12,3,7,0,0,8,0,0,0,0,1,1,6,6,2,78,11,1490,8,3,TOYOTA YARIS,8,E01002864,0,1
2024201476820,2024,201476820,2,9,0,-1,5,7,3,-1,0,8,0,0,0,0,1,9,-1,6,2,76,11,1490,8,2,TOYOTA YARIS,8,E01009919,0,2
2024401477193,2024,401477193,1,9,0,-1,5,3,7,-1,0,6,0,0,0,0,1,1,-1,6,1,46,8,998,1,17,TOYOTA YARIS,4,E01017512,0,1
2024131527125,2024,131527125,1,9,0,-1,9,3,1,-1,0,6,0,0,0,0,4,1,-1,9,1,85,11,1329,1,10,TOYOTA YARIS,4,E01011634,0,1
2024471431278,2024,471431278,2,9,0,-1,19,5,1,-1,0,1,0,0,0,0,1,1,-1,9,1,86,11,1296,1,16,TOYOTA YARIS,7,E01021009,0,1
2024351469604,2024,351469604,1,9,0,-1,5,1,5,-1,0,6,0,0,1,0,4,1,-1,1,1,39,7,1329,1,14,TOYOTA YARIS,2,E01015595,0,4
2024161462364,2024,161462364,1,9,0,-1,7,1,3,-1,0,6,0,0,0,0,1,1,-1,9,2,83,11,1490,8,3,TOYOTA YARIS,4,E01009224,0,5
2024351518723,2024,351518723,1,9,0,-1,4,7,3,-1,0,1,0,0,0,0,3,1,-1,1,1,56,9,998,1,20,TOYOTA YARIS,6,E01015653,0,4
2024061400199,2024,061400199,1,9,0,-1,9,1,6,-1,0,2,0,0,0,0,1,1,-1,2,2,31,6,1329,1,14,TOYOTA YARIS,1,E01004850,0,1
2024221492272,2024,221492272,2,9,0,-1,19,8,4,-1,0,8,0,0,0,0,1,1,-1,6,1,17,4,1299,1,23,TOYOTA YARIS,6,E01032374,0,2
2024010511898,2024,010511898,1,9,0,5,5,1,5,0,0,7,0,0,0,0,1,1,2,2,2,35,6,1497,8,9,TOYOTA YARIS,8,E01002452,0,3
2024131458908,2024,131458908,1,9,0,-1,19,3,7,-1,0,1,0,0,0,0,1,1,-1,6,3,-1,-1,998,1,6,TOYOTA YARIS,-1,-1,0,-1
2024031491802,2024,031491802,1,9,0,-1,19,6,2,-1,0,0,2,0,7,11,1,1,-1,9,2,19,4,998,1,18,TOYOTA YARIS,4,E01019147,0,1
2024201512617,2024,201512617,1,9,0,-1,5,4,8,-1,0,8,0,0,0,0,1,9,-1,9,1,29,6,1296,1,16,TOYOTA YARIS,2,E01010525,0,4
2024141555015,2024,141555015,2,9,0,-1,11,2,7,-1,0,0,0,0,0,0,1,1,-1,6,3,-1,-1,1490,8,2,TOYOTA YARIS,-1,-1,0,-1
2024991517007,2024,991517007,2,9,0,-1,19,5,2,-1,0,1,0,0,0,0,1,1,-1,6,2,53,8,998,1,15,TOYOTA YARIS,9,-1,0,1
2024010529343,2024,010529343,2,9,9,99,99,9,9,99,99,5,9,99,9,99,9,9,6,6,3,-1,-1,998,1,18,TOYOTA YARIS,-1,-1,0,-1
2024622400584,2024,622400584,2,9,0,2,2,0,0,0,0,0,0,0,0,0,2,1,6,6,1,28,6,1497,8,5,TOYOTA YARIS,10,W01001819,0,2
2024471472598,2024,471472598,1,9,0,-1,19,5,1,-1,0,0,0,0,0,0,3,1,-1,9,2,78,11,1329,1,9,TOYOTA YARIS,6,E01021199,0,1
2024041400839,2024,041400839,2,9,0,-1,9,6,2,-1,0,1,0,0,0,0,2,1,-1,9,2,71,10,998,1,18,TOYOTA YARIS,7,E01025052,0,1
2024501442912,2024,501442912,2,9,0,-1,19,5,1,-1,0,1,0,0,0,0,2,1,-1,9,2,33,6,1490,8,0,TOYOTA YARIS,4,E01020126,0,1
2024010507263,2024,010507263,1,9,0,99,99,9,9,99,99,0,9,99,9,99,9,9,6,6,2,25,5,1497,8,7,TOYOTA YARIS,1,E01004042,0,1
2024201461354,2024,201461354,1,9,0,-1,4,5,1,-1,0,1,0,0,0,0,3,9,-1,9,2,19,4,1490,8,1,TOYOTA YARIS,-1,-1,0,-1
2024501414830,2024,501414830,11,9,0,-1,3,8,3,-1,0,0,0,0,0,0,1,1,-1,6,1,35,6,1364,2,10,TOYOTA YARIS,5,E01020224,0,1
2024351541335,2024,351541335,1,9,0,-1,9,5,1,-1,0,8,0,0,0,0,1,1,-1,1,2,62,9,1490,8,2,TOYOTA YARIS,2,E01017946,0,2
2024440186805,2024,440186805,2,9,0,18,19,2,6,0,0,2,0,0,0,0,1,1,6,6,1,70,10,1496,1,5,TOYOTA YARIS,6,E01022614,0,1
2024101488178,2024,101488178,1,9,0,-1,19,7,3,-1,0,4,0,0,0,0,1,1,-1,9,2,53,8,1296,1,16,TOYOTA YARIS,-1,-1,0,-1
2024070815502,2024,070815502,1,9,0,-1,19,8,4,-1,0,0,0,0,1,4,1,1,-1,6,2,31,6,1296,1,17,TOYOTA YARIS,4,E01018618,0,1
2024430505484,2024,430505484,2,9,0,9,9,5,3,0,0,8,0,0,0,0,4,1,6,6,1,38,7,998,1,15,TOYOTA YARIS,3,E01016738,0,1
2024141472536,2024,141472536,1,9,0,-1,19,1,5,-1,0,0,0,0,0,0,3,1,-1,9,1,22,5,1329,1,11,TOYOTA YARIS,2,E01008089,0,2
2024471452126,2024,471452126,1,9,0,-1,9,8,6,-1,0,0,0,0,0,0,1,1,-1,1,1,25,5,1490,8,3,TOYOTA YARIS,5,E01031442,0,2
2024131415226,2024,131415226,2,9,0,-1,19,1,5,-1,0,8,1,7,0,0,4,1,-1,6,1,37,7,1497,8,8,TOYOTA YARIS,6,E01010634,0,1
2024501410930,2024,501410930,3,9,0,-1,19,7,3,-1,0,0,0,0,0,0,2,9,-1,6,1,75,10,1329,1,9,TOYOTA YARIS,7,E01015223,0,1
2024201433502,2024,201433502,1,9,0,-1,5,5,1,-1,0,6,0,0,0,0,4,1,-1,6,2,-1,-1,1329,1,12,TOYOTA YARIS,-1,-1,0,-1
2024131455454,2024,131455454,1,9,0,-1,19,1,5,-1,0,8,0,0,0,0,1,1,-1,6,2,33,6,1296,1,18,TOYOTA YARIS,1,E01011910,0,1
2024371437796,2024,371437796,2,9,0,-1,19,5,1,-1,0,1,0,0,0,0,2,1,-1,6,2,35,6,1364,2,16,TOYOTA YARIS,2,E01030289,0,1
2024010526930,2024,010526930,2,9,0,16,19,7,1,0,0,1,0,0,0,0,2,1,6,6,2,35,6,1490,8,2,TOYOTA YARIS,8,E01004168,0,1
2024211482231,2024,211482231,1,9,0,-1,10,7,5,-1,9,0,0,0,0,0,1,1,-1,6,1,37,7,1329,1,15,TOYOTA YARIS,1,E01034257,0,3
2024101417312,2024,101417312,2,9,0,-1,19,8,4,-1,0,0,0,0,0,0,2,1,-1,2,2,30,6,1490,8,3,TOYOTA YARIS,9,E01008272,0,1
2024440401939,2024,440401939,2,9,0,5,5,2,6,0,0,0,0,0,0,0,2,1,2,2,2,59,9,1329,1,13,TOYOTA YARIS,4,E01022524,0,1
2024351526622,2024,351526622,1,9,0,-1,5,1,5,-1,0,0,0,0,0,0,4,9,-1,9,2,31,6,1364,2,18,TOYOTA YARIS,6,E01015691,0,1
2024302400690,2024,302400690,1,9,0,14,14,1,5,6,6,0,0,0,0,0,2,1,6,6,3,-1,-1,1364,2,12,TOYOTA YARIS,5,E01019456,0,3
2024201406152,2024,201406152,2,9,0,-1,3,8,4,-1,0,3,0,0,0,0,2,1,-1,1,1,51,8,1329,1,12,TOYOTA YARIS,3,E01009140,0,1
2024461416061,2024,461416061,2,9,0,-1,9,5,3,-1,0,0,0,0,2,10,3,1,-1,6,2,23,5,1329,1,14,TOYOTA YARIS,10,E01024074,0,1
2024471455169,2024,471455169,2,9,0,-1,19,2,6,-1,0,1,0,0,0,0,1,1,-1,7,1,53,8,998,1,15,TOYOTA YARIS,3,E01031553,0,2
2024161442353,2024,161442353,2,9,0,-1,19,6,2,-1,0,0,0,0,0,0,1,1,-1,2,1,45,7,1490,8,1,TOYOTA YARIS,9,E01026292,0,4
2024461510901,2024,461510901,1,9,0,-1,19,1,5,-1,0,0,0,0,0,0,1,9,-1,6,1,30,6,1496,1,4,TOYOTA YARIS,1,E01034995,0,2
2024451399120,2024,451399120,1,9,0,-1,7,4,2,-1,0,3,0,0,0,0,4,1,-1,9,1,70,10,1490,8,1,TOYOTA YARIS,9,E01030322,0,1
2024070527929,2024,070527929,1,9,0,15,15,1,2,0,0,8,0,0,0,0,4,1,6,6,1,-1,-1,1329,1,12,TOYOTA YARIS,-1,-1,0,-1
2024201482793,2024,201482793,1,9,0,-1,7,7,1,-1,0,6,0,0,0,0,1,9,-1,6,3,39,7,1329,1,15,TOYOTA YARIS,1,E01009513,0,1
2024471475390,2024,471475390,1,9,0,-1,9,7,5,-1,4,1,0,0,0,0,4,1,-1,1,1,55,8,998,1,20,TOYOTA YARIS,1,E01016867,0,1
2024991404091,2024,991404091,1,9,0,-1,9,4,2,-1,0,1,0,0,0,0,1,1,-1,2,1,31,6,1497,8,4,TOYOTA YARIS,9,-1,0,1
2024440196163,2024,440196163,2,9,0,2,2,0,0,0,0,0,0,0,0,0,3,1,6,6,2,83,11,1329,1,10,TOYOTA YARIS,-1,-1,0,-1
2024461513818,2024,461513818,1,9,0,-1,5,1,5,-1,0,4,0,0,0,0,1,9,-1,6,2,77,11,1497,8,8,TOYOTA YARIS,6,E01003033,0,4
2024131524101,2024,131524101,1,9,0,-1,19,1,5,-1,0,0,0,0,7,11,1,1,-1,9,1,17,4,1296,1,18,TOYOTA YARIS,1,E01010663,0,1
2024201423220,2024,201423220,1,9,0,-1,19,2,6,-1,0,0,0,0,0,0,1,9,-1,6,1,35,6,1296,1,18,TOYOTA YARIS,1,E01008937,0,1
2024471445183,2024,471445183,2,9,0,-1,19,7,3,-1,0,1,0,0,0,0,1,1,-1,9,2,61,9,998,1,15,TOYOTA YARIS,4,E01002313,0,4
2024522500254,2024,522500254,1,9,0,7,7,1,2,0,0,6,0,0,0,0,1,1,6,6,1,36,7,1496,1,4,TOYOTA YARIS,3,E01014572,0,1
2024141517802,2024,141517802,1,9,0,-1,9,5,2,-1,0,8,0,0,0,0,1,1,-1,6,1,75,10,1490,8,0,TOYOTA YARIS,9,E01007926,0,1
2024010514799,2024,010514799,1,9,0,18,19,3,7,0,0,1,0,0,1,10,3,1,6,6,1,79,11,1296,1,17,TOYOTA YARIS,3,E01004189,0,1
2024421526599,2024,421526599,1,9,0,-1,19,5,1,-1,0,0,0,0,0,0,1,1,-1,9,2,74,10,1329,1,12,TOYOTA YARIS,9,E01015997,0,4
2024501531841,2024,501531841,2,9,0,-1,2,0,0,-1,0,0,0,0,0,0,1,1,-1,6,-1,-1,-1,1329,1,14,TOYOTA YARIS,-1,-1,0,-1
2024061440240,2024,061440240,1,9,0,-1,1,-1,-1,-1,99,0,0,0,0,0,2,1,-1,6,3,-1,-1,1490,8,0,TOYOTA YARIS,-1,-1,0,-1
2024631500817,2024,631500817,2,9,0,-1,4,4,8,-1,0,0,0,0,0,0,4,1,-1,9,1,60,9,1497,8,6,TOYOTA YARIS,6,W01000774,0,2
2024201411986,2024,201411986,5,9,0,-1,3,3,7,-1,0,0,0,0,0,0,2,1,-1,6,1,22,5,1329,1,13,TOYOTA YARIS,-1,-1,0,-1
2024351525247,2024,351525247,1,9,0,-1,19,5,1,-1,0,8,0,0,0,0,3,1,-1,6,1,50,8,1296,1,16,TOYOTA YARIS,5,E01017947,0,1
2024010530457,2024,010530457,2,9,9,99,99,9,9,99,99,9,9,99,9,99,1,9,6,6,3,-1,-1,1329,1,14,TOYOTA YARIS,-1,-1,0,-1
2024010546057,2024,010546057,2,9,0,99,99,9,9,99,99,9,9,99,9,99,2,9,2,2,1,36,7,1490,8,3,TOYOTA YARIS,2,E01003516,0,2
2024011467581,2024,011467581,1,9,0,-1,-1,1,3,-1,-1,0,0,0,0,0,0,9,-1,-1,2,22,5,998,1,18,TOYOTA YARIS,9,E01030566,0,1
2024421516181,2024,421516181,1,9,0,-1,19,2,7,-1,0,0,5,0,1,0,4,1,-1,9,1,17,4,1299,1,20,TOYOTA YARIS,10,E01021246,0,1
2024010548032,2024,010548032,2,9,0,99,99,9,9,99,99,9,9,99,9,99,1,9,6,6,1,49,8,1490,8,2,TOYOTA YARIS,5,E01004345,0,1
202417H102624,2024,17H102624,1,9,0,-1,5,6,2,-1,0,0,0,0,0,0,0,1,-1,9,1,65,9,1497,8,8,TOYOTA YARIS,7,E01011969,0,1
2024041428945,2024,041428945,1,9,0,-1,19,7,3,-1,0,1,0,0,3,7,1,1,-1,9,1,34,6,1364,2,18,TOYOTA YARIS,1,E01025156,0,1
2024031440904,2024,031440904,1,9,0,-1,19,2,6,-1,0,0,5,10,8,11,3,1,-1,6,2,84,11,1299,1,22,TOYOTA YARIS,4,E01019080,0,2
2024052402016,2024,052402016,1,9,0,18,19,2,6,0,0,0,0,0,0,0,1,1,6,6,1,71,10,1329,1,8,TOYOTA YARIS,1,E01007228,0,3
2024471434911,2024,471434911,1,9,0,-1,9,8,6,-1,0,0,0,0,0,0,1,1,-1,6,2,85,11,1497,8,7,TOYOTA YARIS,6,E01021149,0,1
2024991454547,2024,991454547,2,9,0,-1,19,4,8,-1,0,1,0,0,0,0,1,1,-1,9,2,59,9,1329,1,8,TOYOTA YARIS,2,-1,0,1
2024201480239,2024,201480239,2,9,0,-1,19,8,4,-1,0,0,0,0,0,0,2,1,-1,9,1,40,7,998,1,20,TOYOTA YARIS,-1,-1,0,-1
2024010511956,2024,010511956,2,9,0,7,7,4,6,0,0,3,0,10,0,0,2,1,6,6,2,61,9,1296,1,18,TOYOTA YARIS,5,E01003704,0,1
2024122400671,2024,122400671,2,9,0,18,19,4,8,0,0,8,0,0,0,0,1,1,6,6,2,31,6,1329,1,13,TOYOTA YARIS,-1,-1,0,-1
2024471410876,2024,471410876,2,9,0,-1,19,7,3,-1,0,0,0,0,0,0,1,2,-1,9,2,77,11,1497,8,8,TOYOTA YARIS,1,E01016865,0,1
2024010533442,2024,010533442,2,9,9,99,99,9,9,99,99,9,9,99,9,99,9,9,6,6,3,-1,-1,1490,8,3,TOYOTA YARIS,-1,-1,0,-1
2024440036201,2024,440036201,2,9,0,18,19,7,3,0,0,8,0,0,0,0,4,1,6,6,1,53,8,1329,1,12,TOYOTA YARIS,5,E01017028,0,2
2024010502662,2024,010502662,1,9,0,16,19,2,6,0,0,6,0,0,0,0,1,1,6,6,2,75,10,998,1,15,TOYOTA YARIS,3,E01033945,0,1
2024302400992,2024,302400992,1,9,0,18,19,6,2,0,0,0,0,0,0,0,1,1,6,6,2,83,11,1329,1,15,TOYOTA YARIS,9,E01007610,0,4
2024141464612,2024,141464612,1,9,0,-1,19,8,4,-1,0,0,0,0,0,0,1,1,-1,9,1,75,10,1490,8,1,TOYOTA YARIS,2,E01028053,0,3
2024131421516,2024,131421516,1,9,0,-1,19,1,7,-1,0,8,0,0,0,0,2,1,-1,9,2,54,8,1496,1,5,TOYOTA YARIS,2,E01011141,0,1
2024302400830,2024,302400830,1,9,0,3,3,2,6,0,0,0,0,0,0,0,2,1,6,6,1,33,6,1497,8,6,TOYOTA YARIS,10,E01028396,0,4
2024332400771,2024,332400771,2,9,0,-1,7,5,7,-1,0,6,0,0,0,0,3,1,-1,6,2,-1,-1,1329,1,13,TOYOTA YARIS,2,E01013684,0,1
2024552400783,2024,552400783,2,9,0,18,19,5,1,0,0,1,0,0,7,11,4,1,6,6,2,88,11,1299,1,21,TOYOTA YARIS,10,E01015434,0,1
2024461539217,2024,461539217,1,9,0,-1,19,-1,-1,-1,-1,0,0,0,-1,0,1,9,-1,6,1,82,11,1490,8,0,TOYOTA YARIS,8,E01024542,0,2
2024010529466,2024,010529466,1,9,0,18,19,3,7,0,0,0,0,4,0,0,1,1,2,2,2,53,8,1496,1,6,TOYOTA YARIS,6,E01024180,0,1
2024201448459,2024,201448459,4,9,0,-1,2,0,0,-1,0,0,0,0,0,0,2,1,-1,6,1,25,5,1497,8,9,TOYOTA YARIS,4,E01009175,0,1
2024501427724,2024,501427724,3,9,0,-1,19,8,4,-1,0,0,0,0,0,0,3,1,-1,6,2,61,9,1497,8,4,TOYOTA YARIS,8,E01034858,0,1
2024131525631,2024,131525631,2,9,0,-1,9,6,1,-1,0,0,0,0,0,0,4,1,-1,9,1,49,8,1364,2,18,TOYOTA YARIS,3,E01011908,0,1
2024010512174,2024,010512174,1,9,0,18,19,6,2,0,0,3,0,0,2,11,2,1,6,6,2,20,4,1490,8,1,TOYOTA YARIS,3,E01001412,0,1
2024010541815,2024,010541815,1,9,0,9,9,5,3,0,0,8,0,12,0,0,1,1,6,6,2,45,7,1296,1,17,TOYOTA YARIS,6,E01024180,0,3
2024141508472,2024,141508472,1,9,0,-1,4,1,4,-1,0,1,0,0,0,0,0,9,-1,6,3,-1,-1,1329,1,13,TOYOTA YARIS,-1,-1,0,-1
2024552400211,2024,552400211,1,9,0,7,7,6,8,0,0,6,0,0,0,0,1,1,6,6,2,81,11,1329,1,15,TOYOTA YARIS,2,E01020573,0,1
2024302400556,2024,302400556,1,9,0,9,9,8,6,0,0,8,0,0,0,0,1,1,6,6,2,33,6,998,1,11,TOYOTA YARIS,6,E01019608,0,1
2024010501550,2024,010501550,2,9,0,99,99,9,9,99,99,9,9,99,9,99,1,9,6,6,3,-1,-1,998,1,7,TOYOTA YARIS,-1,-1,0,-1
2024451438312,2024,451438312,2,9,0,-1,19,5,1,-1,0,8,0,0,1,0,4,1,-1,9,1,76,11,1329,1,15,TOYOTA YARIS,8,E01031732,0,2
2024101428851,2024,101428851,1,9,-1,-1,5,5,3,-1,0,2,0,0,0,0,1,9,-1,6,1,-1,-1,1299,1,20,TOYOTA YARIS,-1,-1,0,-1
2024201438776,2024,201438776,3,9,0,-1,19,7,3,-1,0,2,0,0,0,0,3,1,-1,6,1,34,6,998,1,21,TOYOTA YARIS,6,E01010221,0,1
2024471468319,2024,471468319,2,9,0,-1,2,0,0,-1,0,0,0,0,1,0,2,1,-1,6,-1,-1,-1,1497,8,12,TOYOTA YARIS,-1,-1,0,-1
2024481567004,2024,481567004,1,9,0,-1,5,3,7,-1,0,0,0,0,0,0,3,1,-1,2,1,50,8,1497,8,6,TOYOTA YARIS,-1,-1,0,-1
2024070468862,2024,070468862,1,9,0,5,5,3,7,0,0,0,0,0,0,0,4,1,2,2,1,-1,-1,1490,8,4,TOYOTA YARIS,9,E01012566,0,1
2024070221245,2024,070221245,1,9,0,11,11,1,5,0,0,0,1,0,0,7,1,1,6,6,1,20,4,1490,8,3,TOYOTA YARIS,1,E01009489,0,4
2024451439130,2024,451439130,2,9,0,-1,4,3,7,-1,0,1,0,0,0,0,2,1,-1,9,2,30,6,1497,8,6,TOYOTA YARIS,10,E01030775,0,3
2024552400990,2024,552400990,1,9,0,1,1,6,2,9,9,6,0,0,0,0,2,1,6,6,2,75,10,1296,1,17,TOYOTA YARIS,9,E01015364,0,1
2024010508840,2024,010508840,1,9,0,99,99,9,9,99,99,9,9,99,9,99,2,9,6,6,1,20,4,1329,1,14,TOYOTA YARIS,5,E01000973,0,1
2024302401697,2024,302401697,1,9,0,-1,3,3,7,-1,0,1,0,0,0,0,2,1,-1,2,2,53,8,1497,8,9,TOYOTA YARIS,3,E01013455,0,1
2024231526189,2024,231526189,2,9,0,-1,13,8,4,-1,0,0,0,0,0,0,2,1,-1,9,1,29,6,1497,8,6,TOYOTA YARIS,3,E01033620,0,4
2024320482803,2024,320482803,1,9,0,9,9,7,6,0,0,6,0,0,0,0,1,1,-1,-1,1,85,11,998,1,11,TOYOTA YARIS,4,E01026121,0,3
2024231431119,2024,231431119,1,9,0,-1,19,6,2,-1,0,6,5,0,3,4,3,9,-1,6,1,50,8,1497,8,7,TOYOTA YARIS,10,E01010194,0,2
2024141495204,2024,141495204,1,9,0,-1,9,2,8,-1,0,8,0,0,0,0,4,1,-1,9,2,26,6,1296,1,16,TOYOTA YARIS,8,E01007664,0,4
2024991513692,2024,991513692,2,9,0,-1,2,0,0,-1,0,0,0,0,0,0,3,1,-1,6,-1,-1,-1,1329,1,13,TOYOTA YARIS,-1,-1,0,-1
2024061535916,2024,061535916,2,9,0,-1,9,1,5,-1,0,2,0,99,0,0,1,1,-1,6,3,-1,-1,1497,8,11,TOYOTA YARIS,-1,-1,0,-1
2024122401202,2024,122401202,1,9,0,5,5,4,8,0,0,0,0,0,0,0,2,1,6,6,1,37,7,1364,2,11,TOYOTA YARIS,6,E01027557,0,2
2024010550131,2024,010550131,2,9,0,99,99,9,9,99,99,9,9,99,9,99,9,9,1,1,2,42,7,1490,8,2,TOYOTA YARIS,3,E01033744,0,3
2024501454558,2024,501454558,2,9,0,-1,9,1,6,-1,0,6,0,0,0,0,3,1,-1,9,2,44,7,1490,8,3,TOYOTA YARIS,3,E01015206,0,1
2024010496553,2024,010496553,1,9,0,12,12,3,7,0,0,0,0,0,0,0,2,1,6,6,2,32,6,1490,8,0,TOYOTA YARIS,7,E01002181,0,3
2024371458483,2024,371458483,2,9,0,-1,2,0,0,-1,0,1,0,0,0,0,3,1,-1,6,1,31,6,1497,8,7,TOYOTA YARIS,6,E01030091,0,1
2024552401092,2024,552401092,1,9,0,18,19,4,8,0,0,0,0,0,0,0,1,1,6,6,1,18,4,998,1,16,TOYOTA YARIS,7,E01015387,0,1
2024201514994,2024,201514994,2,9,0,-1,3,1,5,-1,0,0,0,4,0,0,4,1,-1,6,1,44,7,1296,1,17,TOYOTA YARIS,1,E01008910,0,1
2024131496886,2024,131496886,1,9,0,-1,15,2,6,-1,0,1,0,4,0,0,1,1,-1,9,1,79,11,1497,8,5,TOYOTA YARIS,5,E01011392,0,1
2024010501371,2024,010501371,3,9,0,2,2,0,0,0,0,0,0,0,0,0,0,1,6,6,3,-1,-1,1329,1,9,TOYOTA YARIS,-1,-1,0,-1
2024231416428,2024,231416428,1,9,0,-1,19,8,4,-1,0,0,1,0,1,11,3,1,-1,6,2,35,6,1296,1,18,TOYOTA YARIS,6,E01032263,0,2
2024061447727,2024,061447727,1,9,0,-1,19,7,3,-1,0,8,5,0,0,0,1,9,-1,6,3,-1,-1,998,1,21,TOYOTA YARIS,-1,-1,0,-1
2024161416001,2024,161416001,2,9,0,-1,19,3,7,-1,0,0,0,0,1,0,1,1,-1,2,2,51,8,1496,1,6,TOYOTA YARIS,4,E01013076,0,1
2024010504942,2024,010504942,1,9,0,18,19,7,3,0,0,1,0,0,0,0,1,1,6,6,1,80,11,1497,8,11,TOYOTA YARIS,8,E01000319,0,1
2024010515548,2024,010515548,1,9,0,9,9,6,4,0,0,5,0,0,0,0,3,1,3,7,1,18,4,998,1,14,TOYOTA YARIS,4,E01001294,0,1
2024141396321,2024,141396321,2,9,0,-1,4,5,1,-1,0,0,0,0,0,0,1,1,-1,1,2,36,7,1329,1,13,TOYOTA YARIS,9,E01007674,0,1
2024010521430,2024,010521430,1,9,0,99,99,9,9,99,99,9,9,99,9,99,9,9,6,6,1,31,6,1296,1,17,TOYOTA YARIS,5,E01009583,0,5
2024451448603,2024,451448603,1,9,0,-1,4,7,3,-1,0,0,0,0,0,0,2,1,-1,9,2,39,7,1490,8,4,TOYOTA YARIS,9,E01031648,0,4
2024061524210,2024,061524210,1,9,0,-1,19,8,4,-1,0,0,0,0,0,0,1,1,-1,6,2,57,9,1497,8,8,TOYOTA YARIS,2,E01006010,0,1
2024471549714,2024,471549714,2,9,0,-1,19,3,7,-1,0,0,0,0,1,10,1,1,-1,9,2,35,6,1363,2,19,TOYOTA YARIS,4,E01021207,0,1
2024547872924,2024,547872924,2,9,0,17,19,7,3,0,0,0,0,0,0,0,1,1,6,6,2,23,5,1329,1,13,TOYOTA YARIS,10,E01000449,0,5
2024131503639,2024,131503639,1,9,0,-1,1,7,3,-1,0,8,0,0,0,0,2,1,-1,9,1,62,9,1329,1,11,TOYOTA YARIS,3,E01010810,0,1