collision_index,collision_year,collision_ref_no,vehicle_reference,vehicle_type,towing_and_articulation,vehicle_manoeuvre_historic,vehicle_manoeuvre,vehicle_direction_from,vehicle_direction_to,vehicle_location_restricted_lane_historic,vehicle_location_restricted_lane,junction_location,skidding_and_overturning,hit_object_in_carriageway,vehicle_leaving_carriageway,hit_object_off_carriageway,first_point_of_impact,vehicle_left_hand_drive,journey_purpose_of_driver_historic,journey_purpose_of_driver,sex_of_driver,age_of_driver,age_band_of_driver,engine_capacity_cc,propulsion_code,age_of_vehicle,generic_make_model,driver_imd_decile,lsoa_of_driver,escooter_flag,driver_distance_banding
2024440191903,2024,440191903,2,9,0,3,3,2,6,0,0,0,0,0,0,0,2,1,6,6,2,41,7,1490,8,0,TOYOTA YARIS,9,E01032848,0,1
2024520401903,2024,520401903,2,9,0,18,19,1,6,0,0,8,0,0,0,0,1,1,6,6,2,21,5,1497,8,8,TOYOTA YARIS,7,E01029023,0,3
2024451446736,2024,451446736,1,9,0,-1,19,1,5,-1,0,1,0,0,0,0,4,9,-1,9,2,73,10,1490,8,2,TOYOTA YARIS,9,E01030632,0,1
2024201511524,2024,201511524,2,9,0,-1,19,7,4,-1,0,8,0,0,0,0,1,1,-1,6,1,20,4,1299,1,19,TOYOTA YARIS,1,E01009363,0,1
2024211515257,2024,211515257,2,9,0,-1,19,2,5,-1,0,0,0,0,0,0,1,1,-1,6,1,42,7,1364,2,17,TOYOTA YARIS,2,E01029429,0,1
2024471416595,2024,471416595,2,9,0,-1,19,2,5,-1,0,0,0,0,0,0,0,1,-1,6,1,18,4,1299,1,19,TOYOTA YARIS,9,E01021208,0,3
2024451478966,2024,451478966,2,9,0,-1,4,1,4,-1,0,0,0,0,0,0,0,1,-1,2,1,57,9,1490,8,3,TOYOTA YARIS,3,E01031559,0,4
2024141450469,2024,141450469,2,9,0,-1,9,5,3,-1,0,8,0,0,0,0,1,9,-1,6,2,29,6,1490,8,2,TOYOTA YARIS,4,E01005728,0,4
2024010511594,2024,010511594,1,9,0,99,99,9,9,99,99,9,9,99,9,99,2,9,6,6,2,38,7,1497,8,9,TOYOTA YARIS,2,E01004615,0,1
2024201414955,2024,201414955,1,9,0,-1,8,2,5,-1,0,1,0,0,0,0,2,9,-1,9,1,37,7,1329,1,13,TOYOTA YARIS,2,E01008892,0,3
2024131416380,2024,131416380,2,9,0,-1,5,7,3,-1,0,1,0,0,2,0,1,1,-1,1,1,52,8,1299,1,21,TOYOTA YARIS,1,E01034582,0,1
2024122400190,2024,122400190,2,9,0,2,2,0,0,0,0,0,0,0,0,0,1,1,6,6,3,-1,-1,1490,8,3,TOYOTA YARIS,-1,-1,0,-1
2024451430606,2024,451430606,2,9,0,-1,9,3,1,-1,0,8,0,0,0,0,1,1,-1,2,2,41,7,998,1,25,TOYOTA YARIS,8,E01030613,0,1
2024401489830,2024,401489830,2,9,0,-1,4,1,5,-1,-1,0,0,0,0,0,2,1,-1,6,1,36,7,998,1,15,TOYOTA YARIS,2,E01015729,0,2
2024201527303,2024,201527303,1,9,0,-1,19,2,6,-1,0,3,0,0,0,0,1,1,-1,6,1,29,6,1296,1,16,TOYOTA YARIS,-1,-1,0,-1
2024041411761,2024,041411761,1,9,0,-1,19,5,1,-1,0,0,0,4,0,0,3,1,-1,9,2,31,6,1363,2,20,TOYOTA YARIS,2,E01025313,0,1
2024201514314,2024,201514314,1,9,0,-1,19,3,3,-1,0,6,0,0,0,0,1,1,-1,6,1,36,7,1364,2,16,TOYOTA YARIS,1,E01010473,0,1
2024201508893,2024,201508893,2,9,0,-1,5,1,5,-1,0,2,0,0,0,0,1,2,-1,6,2,48,8,1329,1,15,TOYOTA YARIS,2,E01008892,0,1
2024221409283,2024,221409283,3,9,0,-1,2,0,0,-1,0,8,0,0,0,0,4,9,-1,6,2,58,9,1490,8,3,TOYOTA YARIS,5,E01014076,0,1
2024041471166,2024,041471166,1,9,0,-1,19,7,3,-1,9,0,0,0,0,0,1,1,-1,9,2,55,8,1496,1,4,TOYOTA YARIS,7,E01034339,0,2
2024440334770,2024,440334770,1,9,0,18,19,8,4,0,0,8,0,0,0,0,1,1,6,6,2,52,8,1329,1,13,TOYOTA YARIS,9,E01022991,0,1
202454A900324,2024,54A900324,1,9,0,18,19,7,3,0,0,6,0,0,3,11,1,1,6,6,2,18,4,1299,1,20,TOYOTA YARIS,6,E01029157,0,2
2024141463812,2024,141463812,2,9,-1,-1,7,2,4,-1,0,0,0,0,0,0,3,9,-1,6,2,-1,-1,1490,8,1,TOYOTA YARIS,-1,-1,0,-1
2024552401088,2024,552401088,1,9,0,18,19,6,2,0,0,0,0,0,0,0,1,1,2,2,2,44,7,1329,1,9,TOYOTA YARIS,10,E01020420,0,3
2024010536724,2024,010536724,1,9,9,99,99,9,9,99,99,9,9,99,9,99,9,9,6,6,1,36,7,1329,1,8,TOYOTA YARIS,3,E01001703,0,1
2024010498252,2024,010498252,1,9,0,9,9,1,8,0,0,1,0,7,0,0,0,1,6,6,1,33,6,1329,1,8,TOYOTA YARIS,8,E01000117,0,1
2024332400254,2024,332400254,1,9,0,-1,4,7,3,-1,0,1,0,0,0,0,4,1,-1,2,2,27,6,1329,1,13,TOYOTA YARIS,4,E01025742,0,1
2024201508218,2024,201508218,1,9,0,-1,15,2,6,-1,0,0,0,0,0,0,1,1,-1,9,1,19,4,1296,1,17,TOYOTA YARIS,1,E01008901,0,1
2024201460321,2024,201460321,2,9,0,-1,19,2,6,-1,0,0,0,0,0,0,3,9,-1,9,1,50,8,1496,1,5,TOYOTA YARIS,2,E01010531,0,2
2024010513625,2024,010513625,2,9,0,9,9,3,1,0,0,8,0,0,0,0,1,1,2,2,1,60,9,1497,8,5,TOYOTA YARIS,6,E01003742,0,1
2024332400291,2024,332400291,2,9,0,-1,19,6,2,-1,0,0,0,0,0,0,1,1,-1,2,1,18,4,1364,2,12,TOYOTA YARIS,6,E01013738,0,1
2024221513791,2024,221513791,1,9,0,-1,19,8,4,-1,0,0,0,4,0,0,1,1,-1,1,2,34,6,998,1,19,TOYOTA YARIS,7,E01032317,0,3
2024471474109,2024,471474109,1,9,0,-1,19,7,3,-1,0,0,0,0,0,0,1,1,-1,6,2,26,6,1497,8,5,TOYOTA YARIS,4,E01031833,0,3
2024131458926,2024,131458926,2,9,0,-1,19,3,7,-1,0,8,0,0,0,0,3,1,-1,9,1,48,8,1299,1,21,TOYOTA YARIS,1,E01010841,0,1
2024461526495,2024,461526495,1,9,0,-1,9,1,5,-1,0,1,0,0,0,0,1,9,-1,6,1,22,5,998,1,20,TOYOTA YARIS,4,E01016455,0,5
2024010531514,2024,010531514,1,9,0,4,4,1,5,0,0,0,0,0,0,0,2,1,6,6,1,35,6,998,1,18,TOYOTA YARIS,2,E01003489,0,1
2024041449132,2024,041449132,1,9,0,-1,19,3,7,-1,0,0,5,0,2,11,4,1,-1,2,1,22,5,1364,2,16,TOYOTA YARIS,1,E01024876,0,3
2024010522448,2024,010522448,2,9,9,99,99,9,9,99,99,9,9,99,9,99,9,9,6,6,3,-1,-1,1299,1,20,TOYOTA YARIS,2,E01002508,0,3
2024471531860,2024,471531860,2,9,0,-1,4,2,7,-1,0,0,0,0,0,0,2,1,-1,1,1,32,6,1364,2,14,TOYOTA YARIS,5,E01031584,0,1
2024421506974,2024,421506974,1,9,0,-1,-1,-1,-1,-1,-1,0,-1,-1,-1,0,-1,9,-1,6,3,-1,-1,1329,1,14,TOYOTA YARIS,-1,-1,0,-1
2024340WN4302,2024,340WN4302,1,9,0,-1,1,5,1,-1,0,0,0,0,0,0,3,1,-1,1,2,44,7,1329,1,13,TOYOTA YARIS,8,E01027204,0,1
2024010490822,2024,010490822,1,9,0,9,9,7,5,0,0,6,0,0,1,0,1,1,2,2,2,54,8,1329,1,10,TOYOTA YARIS,3,E01003137,0,1
2024401463733,2024,401463733,1,9,0,-1,9,5,1,-1,0,6,0,0,0,0,1,1,-1,6,2,66,10,1497,8,10,TOYOTA YARIS,7,E01017561,0,1
2024401443534,2024,401443534,2,9,0,-1,19,2,6,-1,0,3,0,0,0,0,2,9,-1,6,2,46,8,1497,8,8,TOYOTA YARIS,8,E01015706,0,1
2024471496428,2024,471496428,2,9,0,-1,19,4,7,-1,0,0,0,0,0,0,3,1,-1,6,2,54,8,1497,8,6,TOYOTA YARIS,3,E01004000,0,4
2024041498941,2024,041498941,2,9,0,-1,19,5,1,-1,0,1,0,0,0,0,1,2,-1,6,2,53,8,998,1,15,TOYOTA YARIS,8,E01012652,0,1
2024461465629,2024,461465629,2,9,0,-1,4,5,1,-1,0,4,0,0,0,0,2,9,-1,6,2,22,5,998,1,14,TOYOTA YARIS,1,E01016062,0,1
2024131394772,2024,131394772,1,9,0,-1,7,5,7,-1,0,1,0,0,0,0,3,1,-1,9,1,34,6,1364,2,16,TOYOTA YARIS,1,E01010841,0,3
2024101493744,2024,101493744,2,9,0,-1,19,7,3,-1,0,0,0,0,0,0,2,1,-1,6,2,48,8,1296,1,17,TOYOTA YARIS,8,E01008785,0,2
2024552401255,2024,552401255,2,9,0,2,2,0,0,0,0,0,0,0,1,10,3,1,6,6,1,72,10,1490,8,1,TOYOTA YARIS,5,E01015334,0,1
2024010523882,2024,010523882,1,9,0,18,19,1,5,0,0,1,5,4,0,0,1,1,2,2,2,55,8,1490,8,2,TOYOTA YARIS,2,E01002002,0,1
2024061514097,2024,061514097,1,9,0,-1,19,7,2,-1,0,0,1,0,0,0,1,1,-1,9,2,44,7,1496,1,5,TOYOTA YARIS,3,E01005162,0,1
2024221412393,2024,221412393,2,9,0,-1,19,1,5,-1,0,8,0,0,0,0,1,9,-1,2,1,23,5,1329,1,8,TOYOTA YARIS,8,E01010208,0,1
2024991447247,2024,991447247,1,9,0,-1,19,3,7,-1,0,0,0,0,0,0,1,1,-1,6,1,74,10,1329,1,13,TOYOTA YARIS,5,-1,0,1
2024552401157,2024,552401157,2,9,0,3,3,4,2,0,0,0,0,0,0,0,2,1,6,6,1,55,8,1299,1,20,TOYOTA YARIS,1,E01020575,0,1
2024010498056,2024,010498056,1,9,0,6,6,1,1,0,0,0,0,0,0,0,1,1,6,6,2,30,6,1299,1,19,TOYOTA YARIS,5,E01000636,0,1
2024302500283,2024,302500283,1,9,0,-1,19,3,7,-1,0,0,0,0,0,0,1,1,-1,9,2,56,9,1497,8,6,TOYOTA YARIS,7,E01019716,0,2
2024010497918,2024,010497918,1,9,0,99,99,9,9,99,99,9,9,99,9,99,9,9,6,6,2,22,5,998,1,4,TOYOTA YARIS,8,E01000812,0,1
2024421500401,2024,421500401,1,9,0,-1,12,5,1,-1,0,4,0,0,0,0,3,9,-1,6,1,45,7,1497,8,8,TOYOTA YARIS,6,E01021509,0,1
2024141499172,2024,141499172,1,9,0,-1,4,7,3,-1,0,0,0,0,0,0,2,1,-1,6,1,76,11,1497,8,8,TOYOTA YARIS,2,E01007772,0,1
2024401539670,2024,401539670,2,9,0,-1,19,1,7,-1,0,8,0,0,0,0,1,1,-1,6,1,18,4,1329,1,8,TOYOTA YARIS,9,E01015710,0,1
2024501467575,2024,501467575,1,9,0,-1,19,3,7,-1,0,1,0,0,0,0,1,1,-1,9,1,80,11,1497,8,4,TOYOTA YARIS,3,E01015245,0,1
2024041451337,2024,041451337,1,9,0,-1,9,1,7,-1,0,6,0,0,0,0,1,1,-1,9,1,25,5,1490,8,1,TOYOTA YARIS,2,E01025245,0,1
2024061433576,2024,061433576,2,9,0,-1,5,8,4,-1,0,1,0,0,0,0,1,9,-1,6,3,-1,-1,1364,2,18,TOYOTA YARIS,-1,-1,0,-1
2024302401749,2024,302401749,1,9,0,-1,9,6,4,-1,0,8,0,0,0,0,1,1,-1,1,1,62,9,1329,1,11,TOYOTA YARIS,8,E01019746,0,1
2024451460051,2024,451460051,2,9,0,-1,19,5,2,-1,0,8,0,0,0,0,1,1,-1,6,2,63,9,1490,8,3,TOYOTA YARIS,10,E01030874,0,1
202417H103824,2024,17H103824,2,9,0,-1,4,5,1,-1,0,0,0,0,0,0,2,1,-1,2,2,44,7,1490,8,2,TOYOTA YARIS,-1,-1,0,-1
2024010503364,2024,010503364,1,9,0,18,19,6,2,0,0,1,0,0,1,10,1,1,6,6,1,66,10,1497,8,7,TOYOTA YARIS,5,E01004366,0,1
2024061491694,2024,061491694,1,9,0,-1,9,1,5,-1,0,1,0,0,0,0,1,1,-1,6,1,22,5,1497,8,6,TOYOTA YARIS,-1,-1,0,-1
2024440265515,2024,440265515,1,9,0,9,9,4,2,0,0,6,0,0,0,0,3,1,6,6,2,52,8,1329,1,8,TOYOTA YARIS,10,E01022573,0,1
2024010511432,2024,010511432,3,9,0,2,2,0,0,0,0,1,0,0,0,0,3,1,6,6,3,-1,-1,1329,1,13,TOYOTA YARIS,-1,-1,0,-1
2024421435792,2024,421435792,1,9,0,-1,5,5,3,-1,0,6,0,0,0,0,1,1,-1,2,2,59,9,1490,8,1,TOYOTA YARIS,8,E01021599,0,1
2024010538575,2024,010538575,1,9,0,99,99,9,9,99,99,9,9,99,9,99,9,9,6,6,3,50,8,1490,8,4,TOYOTA YARIS,7,E01023298,0,3
2024332400173,2024,332400173,2,9,0,-1,19,2,6,-1,0,8,0,0,0,0,1,1,-1,2,2,36,7,1299,1,22,TOYOTA YARIS,7,E01025757,0,2
2024010507833,2024,010507833,2,9,0,18,19,2,6,0,0,0,0,0,0,0,2,1,2,2,2,47,8,1329,1,10,TOYOTA YARIS,4,E01002650,0,1
2024010545969,2024,010545969,1,9,0,5,5,8,4,0,0,0,0,0,0,0,1,1,2,2,1,40,7,1299,1,21,TOYOTA YARIS,7,E01000196,0,4
2024201509547,2024,201509547,1,9,0,-1,5,4,8,-1,0,1,0,0,0,0,2,1,-1,9,1,52,8,998,1,17,TOYOTA YARIS,1,E01009840,0,1
2024070879651,2024,070879651,3,9,0,-1,2,0,0,-1,9,0,0,0,1,10,3,1,-1,6,2,66,10,1296,1,16,TOYOTA YARIS,8,E01018586,0,1
2024201441000,2024,201441000,2,9,0,-1,19,2,6,-1,0,8,1,10,1,0,3,9,-1,6,1,55,8,1329,1,15,TOYOTA YARIS,1,E01009476,0,1
2024471411091,2024,471411091,2,9,0,-1,19,2,7,-1,0,8,0,0,0,0,1,1,-1,2,2,37,7,1329,1,10,TOYOTA YARIS,10,E01031735,0,3
2024010517178,2024,010517178,2,9,0,99,99,9,9,99,99,0,9,99,9,99,9,9,6,6,2,21,5,1329,1,10,TOYOTA YARIS,3,E01003975,0,1
2024201503870,2024,201503870,1,9,0,-1,9,5,4,-1,0,6,0,0,0,0,1,9,-1,6,2,35,6,1329,1,15,TOYOTA YARIS,-1,-1,0,-1
2024522500225,2024,522500225,1,9,0,18,19,3,7,0,0,0,0,0,0,0,1,1,6,6,2,78,11,1329,1,13,TOYOTA YARIS,3,E01014841,0,1
2024052402374,2024,052402374,2,9,0,4,4,6,2,0,0,1,0,0,0,0,2,1,6,6,2,30,6,1497,8,8,TOYOTA YARIS,1,E01006703,0,1
2024131531158,2024,131531158,1,9,0,-1,-1,-1,-1,-1,-1,1,-1,-1,-1,0,-1,1,-1,6,1,65,9,1329,1,10,TOYOTA YARIS,9,E01011655,0,1
2024010534846,2024,010534846,2,9,0,4,4,3,7,0,0,1,0,0,0,0,2,1,6,6,1,72,10,1497,8,12,TOYOTA YARIS,8,E01030723,0,3
2024131447800,2024,131447800,2,9,0,-1,2,0,0,-1,0,1,0,0,0,0,3,1,-1,6,2,36,7,1329,1,12,TOYOTA YARIS,3,E01010998,0,1
2024131502189,2024,131502189,1,9,0,-1,5,3,7,-1,0,8,0,0,0,0,3,1,-1,7,2,27,6,1364,2,17,TOYOTA YARIS,1,E01011360,0,1
2024131397300,2024,131397300,1,9,0,-1,1,3,7,-1,0,0,0,0,0,0,2,1,-1,6,-1,30,6,1364,2,18,TOYOTA YARIS,-1,-1,0,-1
2024010498960,2024,010498960,2,9,0,99,99,9,9,99,99,9,9,99,9,99,1,9,6,6,2,-1,-1,1497,8,7,TOYOTA YARIS,6,E01033098,0,1
2024548206424,2024,548206424,1,9,0,18,19,7,3,0,0,6,0,0,0,0,4,1,6,6,2,96,11,998,1,21,TOYOTA YARIS,8,E01032049,0,1
2024461463339,2024,461463339,4,9,0,-1,19,5,1,-1,0,0,0,0,0,0,2,1,-1,6,1,49,8,1490,8,1,TOYOTA YARIS,6,E01023934,0,4
2024421478673,2024,421478673,1,9,0,-1,19,7,3,-1,0,0,0,0,0,0,1,1,-1,6,1,62,9,1329,1,9,TOYOTA YARIS,10,E01021736,0,1
2024061511833,2024,061511833,2,9,0,-1,2,0,0,-1,0,0,0,0,0,0,2,1,-1,6,1,73,10,1329,1,12,TOYOTA YARIS,5,E01006006,0,1
2024631444407,2024,631444407,2,9,0,-1,5,4,2,-1,0,6,0,0,0,0,1,1,-1,2,2,36,7,1496,1,4,TOYOTA YARIS,5,W01000717,0,3
2024131501752,2024,131501752,1,9,0,-1,19,1,1,-1,0,0,0,0,0,0,1,1,-1,9,-1,81,11,1490,8,2,TOYOTA YARIS,9,E01011939,0,1
2024041429327,2024,041429327,2,9,0,-1,2,5,1,-1,0,0,0,4,0,0,1,1,-1,6,-1,-1,-1,1490,8,2,TOYOTA YARIS,-1,-1,0,-1
2024361478952,2024,361478952,1,9,0,-1,2,0,0,-1,0,0,0,0,0,0,1,1,-1,9,2,69,10,1299,1,20,TOYOTA YARIS,8,E01026500,0,1
2024131424741,2024,131424741,1,9,0,-1,19,7,3,-1,0,1,0,0,0,0,4,1,-1,6,1,19,4,1329,1,12,TOYOTA YARIS,6,E01010705,0,1
2024411411912,2024,411411912,2,9,-1,-1,-1,-1,-1,-1,-1,0,-1,-1,-1,0,-1,9,-1,7,2,34,6,1490,8,1,TOYOTA YARIS,5,E01023635,0,1
2024101519286,2024,101519286,2,9,0,-1,9,6,4,-1,0,8,0,0,0,0,4,1,-1,6,1,63,9,1490,8,2,TOYOTA YARIS,2,E01008670,0,1
2024041480231,2024,041480231,2,9,0,-1,10,1,5,-1,0,0,0,0,0,0,1,1,-1,9,1,24,5,1329,1,15,TOYOTA YARIS,3,E01025294,0,1
2024061417342,2024,061417342,1,9,0,-1,19,5,2,-1,0,4,0,0,0,0,1,1,-1,9,1,87,11,1299,1,23,TOYOTA YARIS,7,E01004892,0,1
2024351559229,2024,351559229,1,9,0,-1,19,5,1,-1,0,8,0,0,0,0,1,1,-1,6,2,51,8,1490,8,2,TOYOTA YARIS,6,E01035553,0,1
2024501409079,2024,501409079,1,9,0,-1,2,5,1,-1,0,0,0,0,0,0,3,9,-1,1,1,82,11,998,1,23,TOYOTA YARIS,4,E01018872,0,1
2024991482976,2024,991482976,1,9,0,-1,19,8,4,-1,0,4,0,0,0,0,1,1,-1,9,1,24,5,998,1,15,TOYOTA YARIS,5,-1,0,1
2024221518928,2024,221518928,2,9,0,-1,3,6,2,-1,0,0,0,0,0,0,2,1,-1,9,2,49,8,1490,8,3,TOYOTA YARIS,10,E01028952,0,1
2024451470477,2024,451470477,1,9,0,-1,19,8,4,-1,0,0,0,0,0,0,1,1,-1,6,1,56,9,1490,8,4,TOYOTA YARIS,2,E01014526,0,5
2024440222007,2024,440222007,2,9,0,4,4,3,7,0,0,2,0,0,0,0,2,1,6,6,1,44,7,1364,2,18,TOYOTA YARIS,4,E01017192,0,2
2024201484506,2024,201484506,1,9,0,-1,5,1,5,-1,0,0,0,0,0,0,1,1,-1,6,1,36,7,1296,1,17,TOYOTA YARIS,2,E01009481,0,3
2024010517557,2024,010517557,2,9,0,18,19,5,1,0,0,1,0,0,0,0,1,1,6,6,1,77,11,1299,1,21,TOYOTA YARIS,4,E01001167,0,2
2024010497970,2024,010497970,1,9,0,4,4,8,4,0,0,2,0,0,0,0,1,1,1,1,2,33,6,1329,1,10,TOYOTA YARIS,1,E01001846,0,1
2024631522914,2024,631522914,2,9,0,-1,4,4,8,-1,0,1,0,0,0,0,2,1,-1,2,1,42,7,1329,1,8,TOYOTA YARIS,5,W01000599,0,1
2024131521322,2024,131521322,2,9,0,-1,19,7,3,-1,0,8,0,0,5,1,1,1,-1,9,1,23,5,1364,2,17,TOYOTA YARIS,2,E01011421,0,1
2024471522975,2024,471522975,1,9,0,-1,19,1,5,-1,0,0,0,0,0,0,1,1,-1,9,1,53,8,1490,8,1,TOYOTA YARIS,3,E01021050,0,3
2024552400916,2024,552400916,1,9,0,7,7,7,2,0,0,8,0,10,1,1,1,1,6,6,1,70,10,1490,8,3,TOYOTA YARIS,8,E01020491,0,3
2024010511830,2024,010511830,2,9,0,99,99,9,9,99,99,9,9,99,9,99,1,9,6,6,3,-1,-1,1329,1,13,TOYOTA YARIS,-1,-1,0,-1
2024010536875,2024,010536875,2,9,0,18,19,3,7,0,0,8,0,0,0,0,1,1,6,6,3,-1,-1,998,1,14,TOYOTA YARIS,-1,-1,0,-1
2024302400808,2024,302400808,1,9,0,17,19,8,6,0,0,2,0,0,0,0,1,1,6,6,1,80,11,1490,8,1,TOYOTA YARIS,7,E01028124,0,4
2024010514055,2024,010514055,1,9,0,18,19,5,1,0,0,1,0,4,7,4,1,1,6,6,1,16,4,1497,8,9,TOYOTA YARIS,4,E01002717,0,1
2024411466490,2024,411466490,3,9,0,-1,3,1,5,-1,0,0,0,0,0,0,2,1,-1,1,2,28,6,1496,1,6,TOYOTA YARIS,7,E01017435,0,4
2024501416768,2024,501416768,1,9,0,-1,19,2,6,-1,0,1,0,0,0,0,1,1,-1,6,2,40,7,1329,1,8,TOYOTA YARIS,4,E01018988,0,4
2024471394742,2024,471394742,1,9,0,-1,19,1,5,-1,0,0,0,0,0,0,2,1,-1,6,2,42,7,1329,1,14,TOYOTA YARIS,2,E01016918,0,1
2024471439496,2024,471439496,1,9,0,-1,9,2,6,-1,0,1,0,0,0,0,0,1,-1,9,1,69,10,1497,8,5,TOYOTA YARIS,1,E01016904,0,1
2024302401123,2024,302401123,1,9,0,3,3,6,2,0,0,0,0,0,0,0,2,1,6,6,2,59,9,1497,8,6,TOYOTA YARIS,8,E01013540,0,2
2024201507143,2024,201507143,2,9,0,-1,4,8,4,-1,0,0,0,0,0,0,2,1,-1,1,2,55,8,1490,8,1,TOYOTA YARIS,1,E01009964,0,2
2024221516929,2024,221516929,1,9,0,-1,12,5,1,-1,0,8,0,0,0,0,3,1,-1,6,2,17,4,1490,8,1,TOYOTA YARIS,7,E01014202,0,2
2024311548088,2024,311548088,1,9,0,-1,4,3,8,-1,0,0,0,0,0,0,2,1,-1,6,2,21,5,1497,8,10,TOYOTA YARIS,-1,-1,0,-1
2024010542191,2024,010542191,1,9,0,18,19,5,1,0,0,2,0,0,0,0,1,1,6,6,2,64,9,1329,1,10,TOYOTA YARIS,1,E01002038,0,1
2024552400565,2024,552400565,1,9,0,18,19,2,6,0,0,0,5,0,7,3,1,1,6,6,1,91,11,1329,1,8,TOYOTA YARIS,4,E01020394,0,1
2024371501437,2024,371501437,2,9,0,-1,2,0,0,-1,0,0,0,0,0,0,4,1,-1,6,-1,-1,-1,1497,8,7,TOYOTA YARIS,-1,-1,0,-1
2024201403776,2024,201403776,2,9,0,-1,19,5,1,-1,0,1,0,0,0,0,4,1,-1,7,1,55,8,1496,1,6,TOYOTA YARIS,1,E01009376,0,1
2024131527932,2024,131527932,1,9,0,-1,19,8,4,-1,0,0,0,0,0,0,4,1,-1,6,2,-1,-1,1329,1,10,TOYOTA YARIS,-1,-1,0,-1
2024010508078,2024,010508078,2,9,0,99,99,9,9,99,99,5,9,99,9,99,1,9,6,6,3,24,5,1299,1,20,TOYOTA YARIS,4,E01004437,0,2
2024010538850,2024,010538850,2,9,0,99,99,9,9,99,99,0,9,99,9,99,0,9,6,6,3,55,8,998,1,13,TOYOTA YARIS,5,E01032741,0,1
2024010525883,2024,010525883,2,9,0,3,3,5,1,0,0,1,0,0,0,0,2,1,6,6,1,68,10,998,1,20,TOYOTA YARIS,8,E01002367,0,1
2024332401046,2024,332401046,1,9,0,-1,19,6,2,-1,0,0,0,4,1,0,1,1,-1,2,1,60,9,1490,8,2,TOYOTA YARIS,7,E01025956,0,2
2024010520974,2024,010520974,2,9,9,99,99,9,9,99,99,6,9,99,9,99,9,9,6,6,3,-1,-1,1497,8,9,TOYOTA YARIS,-1,-1,0,-1
2024011396555,2024,011396555,3,9,0,-1,-1,5,5,-1,-1,0,0,0,0,0,2,1,-1,-1,2,21,5,1490,8,2,TOYOTA YARIS,-1,-1,0,-1
2024061470416,2024,061470416,2,9,0,-1,19,3,5,-1,0,0,0,0,0,0,1,1,-1,6,1,40,7,1299,1,22,TOYOTA YARIS,1,E01006241,0,1
2024311505470,2024,311505470,2,9,0,-1,19,5,1,-1,0,0,0,0,0,0,3,1,-1,6,2,41,7,1329,1,9,TOYOTA YARIS,-1,-1,0,-1
2024451416385,2024,451416385,1,9,0,-1,19,1,5,-1,0,0,1,0,1,9,1,1,-1,2,1,50,8,1299,1,20,TOYOTA YARIS,4,E01030981,0,2
2024131475420,2024,131475420,3,9,0,-1,2,0,0,-1,0,0,0,0,0,0,1,1,-1,6,-1,-1,-1,1299,1,23,TOYOTA YARIS,-1,-1,0,-1
2024010533145,2024,010533145,1,9,0,9,9,3,1,0,0,6,0,0,0,0,1,1,6,6,1,34,6,1329,1,10,TOYOTA YARIS,4,-1,0,5
2024340NN9122,2024,340NN9122,1,9,0,-1,19,3,7,-1,0,2,0,0,1,4,1,1,-1,1,1,30,6,998,1,18,TOYOTA YARIS,-1,-1,0,-1
2024061404346,2024,061404346,2,9,0,-1,5,1,7,-1,0,1,0,0,1,0,1,1,-1,6,1,41,7,1329,1,14,TOYOTA YARIS,1,E01034121,0,1
2024010547879,2024,010547879,1,9,0,2,2,0,0,0,0,2,0,0,0,0,3,1,6,6,3,-1,-1,1296,1,17,TOYOTA YARIS,-1,-1,0,-1
2024122500033,2024,122500033,1,9,0,18,19,1,3,0,0,4,0,0,0,0,1,1,6,6,1,92,11,1497,8,6,TOYOTA YARIS,9,E01027714,0,1
2024471459453,2024,471459453,2,9,0,-1,19,8,4,-1,0,1,1,0,1,2,1,1,-1,9,1,82,11,1364,2,12,TOYOTA YARIS,6,E01016968,0,1
2024221425056,2024,221425056,2,9,0,-1,19,3,7,-1,0,4,0,0,0,0,1,9,-1,6,1,27,6,1618,1,3,TOYOTA YARIS,6,E01028913,0,2
2024070835284,2024,070835284,1,9,0,-1,19,3,7,-1,-1,0,0,0,0,0,1,1,-1,9,2,40,7,1497,8,8,TOYOTA YARIS,10,E01035384,0,1
2024201521009,2024,201521009,2,9,0,-1,5,-1,-1,-1,0,0,0,0,0,0,0,9,-1,9,1,60,9,1490,8,3,TOYOTA YARIS,3,E01010113,0,1
2024340NN3042,2024,340NN3042,1,9,0,-1,9,7,5,-1,0,6,0,0,0,0,1,1,-1,6,1,82,11,1296,1,18,TOYOTA YARIS,8,E01035415,0,1
2024010497966,2024,010497966,3,9,0,2,2,0,0,5,5,5,0,0,0,0,4,1,6,6,3,-1,-1,1299,1,22,TOYOTA YARIS,-1,-1,0,-1
2024631398723,2024,631398723,1,9,0,-1,19,4,1,-1,0,0,0,0,7,4,3,1,-1,9,1,17,4,1299,1,19,TOYOTA YARIS,5,W01000543,0,2
2024131430594,2024,131430594,1,9,0,-1,19,1,5,-1,0,1,0,0,0,0,1,1,-1,9,1,22,5,1296,1,18,TOYOTA YARIS,1,E01010632,0,1
2024010526475,2024,010526475,1,9,0,7,7,5,7,0,0,3,0,0,0,0,1,1,6,6,3,-1,-1,1329,1,15,TOYOTA YARIS,-1,-1,0,-1
2024411407452,2024,411407452,2,9,0,-1,5,-1,-1,-1,0,0,0,0,0,0,3,9,-1,9,2,67,10,1299,1,24,TOYOTA YARIS,4,E01023797,0,1