collision_index,collision_year,collision_ref_no,vehicle_reference,vehicle_type,towing_and_articulation,vehicle_manoeuvre_historic,vehicle_manoeuvre,vehicle_direction_from,vehicle_direction_to,vehicle_location_restricted_lane_historic,vehicle_location_restricted_lane,junction_location,skidding_and_overturning,hit_object_in_carriageway,vehicle_leaving_carriageway,hit_object_off_carriageway,first_point_of_impact,vehicle_left_hand_drive,journey_purpose_of_driver_historic,journey_purpose_of_driver,sex_of_driver,age_of_driver,age_band_of_driver,engine_capacity_cc,propulsion_code,age_of_vehicle,generic_make_model,driver_imd_decile,lsoa_of_driver,escooter_flag,driver_distance_banding
2024471516451,2024,471516451,1,9,0,-1,9,6,2,-1,0,6,0,0,0,0,1,1,-1,1,2,37,7,1490,8,1,TOYOTA YARIS,5,E01031472,0,4
2024440376471,2024,440376471,2,9,0,3,3,2,6,0,0,1,0,0,0,0,2,1,2,2,2,58,9,1490,8,1,TOYOTA YARIS,5,E01017204,0,3
2024351527708,2024,351527708,2,9,0,-1,19,1,5,-1,0,0,0,0,0,0,1,1,-1,9,1,32,6,1496,1,4,TOYOTA YARIS,1,E01015616,0,1
2024531465646,2024,531465646,1,9,0,-1,4,1,5,-1,0,0,0,0,0,0,4,1,-1,6,2,70,10,1329,1,13,TOYOTA YARIS,7,E01022398,0,3
2024302400065,2024,302400065,2,9,0,14,14,5,1,0,0,1,0,0,7,10,1,1,6,6,1,20,4,1299,1,21,TOYOTA YARIS,3,E01029408,0,2
2024141480183,2024,141480183,4,9,0,-1,2,0,0,-1,0,0,0,0,0,0,3,1,-1,6,-1,-1,-1,1329,1,15,TOYOTA YARIS,-1,-1,0,-1
2024451394532,2024,451394532,3,9,0,-1,9,3,7,-1,0,8,0,0,0,0,0,1,-1,2,2,22,5,998,1,4,TOYOTA YARIS,10,E01030682,0,3
2024010497792,2024,010497792,2,9,0,99,99,9,9,99,99,9,9,99,9,99,1,9,6,6,3,-1,-1,1329,1,11,TOYOTA YARIS,-1,-1,0,-1
2024010509382,2024,010509382,2,9,0,13,13,9,9,99,99,0,9,99,9,99,1,9,6,6,3,-1,-1,1296,1,16,TOYOTA YARIS,-1,-1,0,-1
2024131495996,2024,131495996,1,9,0,-1,19,1,5,-1,0,0,0,0,0,0,1,1,-1,6,-1,-1,-1,1329,1,14,TOYOTA YARIS,-1,-1,0,-1
2024010499198,2024,010499198,2,9,0,5,5,9,9,99,99,9,9,99,9,99,9,9,6,6,3,-1,-1,1490,8,1,TOYOTA YARIS,4,E01001061,0,3
2024010549917,2024,010549917,2,9,0,99,99,9,9,99,99,9,9,99,9,99,9,9,6,6,3,-1,-1,1329,1,9,TOYOTA YARIS,-1,-1,0,-1
2024332400371,2024,332400371,1,9,0,-1,1,7,3,-1,0,0,0,0,0,0,1,1,-1,6,1,-1,-1,1329,1,14,TOYOTA YARIS,-1,-1,0,-1
2024010512269,2024,010512269,3,9,0,16,19,5,7,0,0,0,0,0,0,0,1,1,6,6,2,65,9,1329,1,12,TOYOTA YARIS,3,E01003689,0,1
2024440469757,2024,440469757,1,9,0,18,19,3,7,0,0,0,0,0,0,0,1,1,6,6,2,59,9,1490,8,3,TOYOTA YARIS,7,E01022963,0,1
2024010506395,2024,010506395,3,9,0,2,2,0,0,0,0,2,0,4,0,0,1,1,6,6,3,-1,-1,1490,8,3,TOYOTA YARIS,-1,-1,0,-1
2024552400980,2024,552400980,1,9,0,18,19,5,3,0,0,5,0,0,0,0,4,1,6,6,1,69,10,1299,1,20,TOYOTA YARIS,1,E01015338,0,1
2024201429945,2024,201429945,2,9,0,-1,2,0,0,-1,0,2,0,0,0,0,2,1,-1,6,3,-1,-1,1296,1,17,TOYOTA YARIS,-1,-1,0,-1
2024351538866,2024,351538866,1,9,0,-1,10,5,1,-1,-1,6,0,0,0,0,3,1,-1,6,1,79,11,1490,8,1,TOYOTA YARIS,6,E01034437,0,4
2024041409604,2024,041409604,1,9,0,-1,19,7,3,-1,0,6,0,0,0,0,1,1,-1,9,1,61,9,1364,2,9,TOYOTA YARIS,4,E01024896,0,3
2024421508667,2024,421508667,1,9,0,-1,19,7,3,-1,0,0,2,0,1,9,4,1,-1,2,1,37,7,1296,1,18,TOYOTA YARIS,6,E01021730,0,3
2024440481272,2024,440481272,1,9,0,5,5,7,3,0,0,8,0,0,0,0,1,1,2,2,2,27,6,1497,8,4,TOYOTA YARIS,10,E01034726,0,1
2024421485057,2024,421485057,1,9,0,-1,9,4,3,-1,0,6,0,0,0,0,1,1,-1,9,2,79,11,1497,8,6,TOYOTA YARIS,9,E01021561,0,2
2024991404109,2024,991404109,1,9,0,-1,19,8,4,-1,0,0,2,0,1,0,1,1,-1,9,2,19,4,998,1,19,TOYOTA YARIS,6,-1,0,1
2024131426991,2024,131426991,2,9,0,-1,19,5,3,-1,0,8,1,0,0,0,4,1,-1,6,1,55,8,998,1,21,TOYOTA YARIS,-1,-1,0,-1
2024010540429,2024,010540429,2,9,0,99,99,9,9,99,99,9,9,99,9,99,9,9,6,6,3,-1,-1,1497,8,10,TOYOTA YARIS,-1,-1,0,-1
2024421406447,2024,421406447,1,9,0,-1,19,3,7,-1,0,0,0,0,0,0,4,9,-1,6,2,61,9,1329,1,12,TOYOTA YARIS,9,E01015913,0,1
2024010499904,2024,010499904,1,9,0,99,99,9,9,99,99,9,9,99,9,99,2,9,6,6,2,33,6,1296,1,18,TOYOTA YARIS,2,E01002615,0,1
2024311432915,2024,311432915,1,9,0,-1,7,5,8,-1,0,0,0,0,0,0,1,1,-1,2,2,29,6,1497,8,4,TOYOTA YARIS,4,E01033402,0,1
2024471535382,2024,471535382,1,9,0,-1,5,2,6,-1,9,0,0,0,0,0,3,1,-1,1,1,61,9,998,1,17,TOYOTA YARIS,5,E01031501,0,3
2024201533178,2024,201533178,2,9,0,-1,2,0,0,-1,9,0,0,4,0,0,1,1,-1,6,2,36,7,1490,8,3,TOYOTA YARIS,-1,-1,0,-1
2024451412669,2024,451412669,2,9,0,-1,19,5,1,-1,0,0,0,0,0,0,4,1,-1,9,1,39,7,1490,8,1,TOYOTA YARIS,10,E01002920,0,3
2024061450141,2024,061450141,4,9,0,-1,2,0,0,-1,0,1,0,0,0,0,1,1,-1,6,-1,-1,-1,1497,8,6,TOYOTA YARIS,-1,-1,0,-1
2024010497755,2024,010497755,2,9,0,9,9,3,8,0,0,8,0,0,0,0,2,1,6,6,1,24,5,1329,1,9,TOYOTA YARIS,4,E01002559,0,1
2024471502697,2024,471502697,1,9,0,-1,9,5,3,-1,0,8,0,0,0,0,3,1,-1,2,2,38,7,1329,1,11,TOYOTA YARIS,6,E01031407,0,2
2024451484305,2024,451484305,1,9,0,-1,19,7,3,-1,0,0,0,0,0,0,1,1,-1,6,1,26,6,1299,1,22,TOYOTA YARIS,10,E01030480,0,1
2024131472673,2024,131472673,3,9,0,-1,2,0,0,-1,9,0,0,0,0,0,1,1,-1,6,-1,-1,-1,1329,1,7,TOYOTA YARIS,-1,-1,0,-1
2024231456716,2024,231456716,1,9,0,-1,19,6,1,-1,0,0,0,0,0,0,1,9,-1,9,2,36,7,1329,1,9,TOYOTA YARIS,7,E01031308,0,1
2024471405765,2024,471405765,1,9,0,-1,9,7,3,-1,0,6,0,0,0,0,1,1,-1,9,2,84,11,1299,1,22,TOYOTA YARIS,8,E01021214,0,1
2024052400818,2024,052400818,2,9,0,9,9,4,2,0,0,0,0,0,0,0,4,1,1,1,1,52,8,1490,8,3,TOYOTA YARIS,1,E01006762,0,1
2024201474898,2024,201474898,2,9,0,-1,3,5,1,-1,0,8,0,0,0,0,3,1,-1,6,1,36,7,1329,1,14,TOYOTA YARIS,1,E01009382,0,1
2024991450788,2024,991450788,2,9,0,-1,19,6,2,-1,0,0,0,0,0,0,1,1,-1,2,1,22,5,1496,1,7,TOYOTA YARIS,7,-1,0,4
2024631505603,2024,631505603,2,9,0,-1,4,4,6,-1,0,1,0,0,0,0,2,1,-1,9,1,33,6,1490,8,4,TOYOTA YARIS,5,W01000496,0,2
2024631517319,2024,631517319,2,9,0,-1,19,2,6,-1,0,0,0,0,1,9,1,1,-1,6,1,41,7,1496,1,7,TOYOTA YARIS,7,W01000470,0,3
2024131505975,2024,131505975,1,9,0,-1,6,1,3,-1,0,8,0,0,0,0,1,1,-1,9,2,43,7,1497,8,6,TOYOTA YARIS,1,E01011293,0,1
2024302401202,2024,302401202,1,9,0,18,19,6,2,0,0,2,0,0,0,0,1,1,6,6,2,28,6,1329,1,10,TOYOTA YARIS,7,E01019553,0,1
2024411534387,2024,411534387,1,9,0,-1,5,3,7,-1,0,1,0,0,0,0,1,1,-1,7,2,47,8,1329,1,14,TOYOTA YARIS,9,E01023565,0,1
2024010526988,2024,010526988,2,9,0,99,99,9,9,99,99,9,9,99,9,99,1,9,6,6,3,-1,-1,998,1,10,TOYOTA YARIS,-1,-1,0,-1
2024440060062,2024,440060062,1,9,0,18,19,3,7,0,0,0,0,0,1,3,4,1,2,2,1,34,6,1490,8,3,TOYOTA YARIS,2,E01015367,0,4
2024010532544,2024,010532544,1,9,0,99,99,9,9,99,99,9,9,99,9,99,2,9,2,2,2,34,6,1490,8,3,TOYOTA YARIS,7,E01033927,0,1
2024131456998,2024,131456998,1,9,0,-1,3,1,5,-1,0,1,0,0,0,0,2,1,-1,6,2,60,9,1490,8,2,TOYOTA YARIS,8,E01011744,0,1
2024430085743,2024,430085743,2,9,0,3,3,6,2,0,0,1,0,0,0,0,2,1,6,6,1,34,6,1497,8,6,TOYOTA YARIS,6,E01028580,0,1
2024052402011,2024,052402011,2,9,0,4,4,6,2,0,0,1,0,0,0,0,2,1,6,6,2,51,8,998,1,22,TOYOTA YARIS,1,E01006961,0,1
2024052400823,2024,052400823,1,9,0,7,7,4,7,0,0,1,0,0,0,0,4,1,6,6,2,79,11,1329,1,8,TOYOTA YARIS,6,E01007192,0,1
2024131507683,2024,131507683,1,9,0,-1,9,2,3,-1,0,2,0,0,0,0,3,1,-1,9,1,37,7,998,1,20,TOYOTA YARIS,1,E01011138,0,1
202460Q084531,2024,60Q084531,2,9,0,18,19,8,4,0,0,1,0,0,0,0,1,1,6,6,1,78,11,1497,8,9,TOYOTA YARIS,-1,-1,0,-1
2024131522483,2024,131522483,1,9,0,-1,19,3,3,-1,0,2,0,0,0,0,4,1,-1,6,2,79,11,1497,8,9,TOYOTA YARIS,7,E01010879,0,1
2024461535934,2024,461535934,3,9,0,-1,2,0,0,-1,0,0,0,0,0,0,3,9,-1,6,3,-1,-1,1490,8,1,TOYOTA YARIS,-1,-1,0,-1
2024131488572,2024,131488572,2,9,0,-1,8,7,2,-1,0,1,0,0,0,0,1,2,-1,6,1,27,6,1497,1,20,TOYOTA YARIS,1,E01011427,0,1
2024351469098,2024,351469098,2,9,0,-1,19,1,5,-1,0,0,0,0,0,0,2,1,-1,9,2,38,7,1329,1,12,TOYOTA YARIS,1,E01015664,0,3
2024010551366,2024,010551366,2,9,0,18,19,9,9,99,99,0,9,99,9,99,2,9,1,1,2,44,7,1490,8,1,TOYOTA YARIS,3,E01033092,0,4
2024371485259,2024,371485259,1,9,0,-1,9,3,7,-1,0,1,0,0,0,0,3,1,-1,6,1,82,11,1490,8,2,TOYOTA YARIS,7,E01014081,0,5
2024010542474,2024,010542474,2,9,0,99,99,9,9,99,99,9,9,99,9,99,9,9,6,6,1,65,9,1329,1,12,TOYOTA YARIS,7,E01000298,0,1
2024041411356,2024,041411356,1,9,0,-1,19,2,6,-1,0,1,0,0,6,0,2,1,-1,9,2,29,6,1364,2,18,TOYOTA YARIS,2,E01006945,0,3
2024311452122,2024,311452122,1,9,0,-1,19,5,1,-1,0,0,0,0,0,0,1,1,-1,6,1,55,8,1296,1,16,TOYOTA YARIS,-1,-1,0,-1
2024221449796,2024,221449796,1,9,0,-1,13,8,3,-1,0,1,0,0,0,0,4,9,-1,6,1,72,10,1490,8,1,TOYOTA YARIS,2,E01013994,0,1
2024522403401,2024,522403401,1,9,0,4,4,5,1,0,0,3,0,0,0,0,1,1,6,6,2,35,6,1329,1,8,TOYOTA YARIS,7,E01035217,0,1
2024451467518,2024,451467518,1,9,0,-1,19,3,7,-1,0,0,5,0,0,0,0,1,-1,9,2,47,8,1363,2,19,TOYOTA YARIS,3,E01031549,0,4
2024131533421,2024,131533421,1,9,0,-1,19,5,1,-1,0,1,0,0,0,0,4,1,-1,6,1,25,5,1329,1,12,TOYOTA YARIS,2,E01011149,0,2
2024501409335,2024,501409335,2,9,-1,-1,5,5,1,-1,-1,8,0,0,-1,0,2,9,-1,9,2,62,9,1490,8,4,TOYOTA YARIS,9,E01015199,0,2
2024302400967,2024,302400967,3,9,0,18,19,1,6,0,0,0,0,0,0,0,1,1,6,6,1,48,8,1497,8,9,TOYOTA YARIS,7,E01019726,0,4
2024991495486,2024,991495486,2,9,0,-1,19,5,1,-1,0,4,0,0,0,0,2,1,-1,6,2,37,7,1496,1,7,TOYOTA YARIS,2,-1,0,1
2024332400650,2024,332400650,3,9,0,-1,19,1,5,-1,0,0,0,0,0,0,4,1,-1,6,2,67,10,1496,1,7,TOYOTA YARIS,7,E01013669,0,1
2024131536390,2024,131536390,1,9,0,-1,7,5,3,-1,0,0,1,10,0,0,1,1,-1,9,2,21,5,1329,1,9,TOYOTA YARIS,3,E01034585,0,1
2024451483211,2024,451483211,2,9,0,-1,4,6,2,-1,0,0,0,0,0,0,2,1,-1,1,2,29,6,1299,1,20,TOYOTA YARIS,9,E01022577,0,4
2024061506725,2024,061506725,1,9,0,-1,3,7,3,-1,0,1,0,0,0,0,1,9,-1,1,1,-1,-1,1329,1,14,TOYOTA YARIS,1,E01004820,0,2
2024061531699,2024,061531699,1,9,0,-1,19,3,7,-1,0,4,0,0,0,0,4,1,-1,7,2,51,8,1490,8,3,TOYOTA YARIS,1,E01004996,0,1
2024052400270,2024,052400270,1,9,0,9,9,1,7,0,0,2,0,0,0,0,1,1,6,6,2,67,10,1497,8,11,TOYOTA YARIS,2,E01006826,0,1
2024531404554,2024,531404554,2,9,0,-1,4,5,1,-1,0,6,0,0,0,0,2,1,-1,6,2,24,5,1496,1,6,TOYOTA YARIS,7,E01032382,0,4
2024302400921,2024,302400921,2,9,0,10,10,6,8,0,0,8,0,0,0,0,1,1,6,6,1,17,4,998,1,18,TOYOTA YARIS,7,E01019832,0,1
2024211457422,2024,211457422,1,9,-1,-1,-1,-1,-1,-1,-1,0,-1,-1,-1,0,-1,1,-1,6,2,29,6,1490,8,1,TOYOTA YARIS,2,E01029351,0,1
2024540966124,2024,540966124,1,9,0,16,19,2,6,0,0,3,0,0,0,0,4,1,6,6,1,88,11,1490,8,1,TOYOTA YARIS,8,E01015482,0,1
2024522402838,2024,522402838,1,9,0,18,19,4,8,0,0,8,0,0,0,0,4,1,6,6,1,72,10,1497,8,10,TOYOTA YARIS,4,E01014587,0,2
2024371451092,2024,371451092,2,9,0,-1,10,7,3,-1,0,1,0,0,0,0,2,1,-1,6,1,38,7,1329,1,7,TOYOTA YARIS,8,E01030086,0,2
2024131419991,2024,131419991,4,9,0,-1,2,0,0,-1,0,1,0,0,0,0,4,1,-1,6,-1,-1,-1,1329,1,10,TOYOTA YARIS,-1,-1,0,-1
2024010516616,2024,010516616,1,9,0,99,99,9,9,99,99,9,9,99,9,99,2,9,6,6,1,36,7,1329,1,11,TOYOTA YARIS,3,E01017663,0,4
2024451456510,2024,451456510,2,9,0,-1,9,8,6,-1,0,8,0,0,0,0,3,1,-1,9,2,62,9,1497,8,8,TOYOTA YARIS,9,E01030605,0,1
2024010525635,2024,010525635,1,9,0,9,9,7,4,0,0,8,0,0,0,0,1,1,6,6,2,38,7,1329,1,10,TOYOTA YARIS,2,E01001877,0,2
2024332400443,2024,332400443,1,9,0,-1,10,5,3,-1,0,1,0,0,0,0,1,1,-1,2,2,28,6,1329,1,15,TOYOTA YARIS,7,E01013686,0,1
2024471414244,2024,471414244,2,9,0,-1,19,7,3,-1,0,0,0,0,1,1,2,1,-1,6,1,75,10,1490,8,2,TOYOTA YARIS,6,E01016957,0,4
2024131483248,2024,131483248,2,9,0,-1,3,5,1,-1,0,1,0,0,0,0,2,1,-1,9,1,20,4,1299,1,22,TOYOTA YARIS,2,E01033899,0,1
2024302401730,2024,302401730,1,9,0,-1,3,4,2,-1,0,1,0,0,0,0,2,1,-1,1,1,42,7,1490,8,2,TOYOTA YARIS,7,E01019726,0,1
2024351538986,2024,351538986,2,9,0,-1,19,2,7,-1,0,0,0,0,0,0,1,1,-1,9,2,31,6,1490,8,1,TOYOTA YARIS,6,E01018052,0,2
2024061511833,2024,061511833,4,9,0,-1,2,0,0,-1,0,0,0,0,0,0,4,1,-1,6,1,74,10,1490,8,2,TOYOTA YARIS,5,E01006006,0,1
2024332400021,2024,332400021,1,9,0,-1,2,0,0,-1,0,0,0,0,0,0,2,1,-1,6,2,53,8,1490,8,1,TOYOTA YARIS,4,E01025766,0,1
2024501510596,2024,501510596,2,9,0,-1,19,1,5,-1,0,0,0,0,0,0,1,1,-1,1,1,30,6,1490,8,1,TOYOTA YARIS,4,E01020301,0,3
2024010506901,2024,010506901,2,9,0,99,99,9,9,99,99,9,9,99,9,99,9,9,6,6,3,65,9,1296,1,17,TOYOTA YARIS,2,E01002852,0,1
2024320594722,2024,320594722,2,9,0,4,4,6,8,0,0,1,0,0,0,0,2,1,-1,-1,1,72,10,1490,8,1,TOYOTA YARIS,7,E01026398,0,2
2024451530890,2024,451530890,1,9,0,-1,5,1,7,-1,0,0,0,0,0,0,1,1,-1,6,1,47,8,1329,1,9,TOYOTA YARIS,6,E01030957,0,1
2024610011824,2024,610011824,1,9,0,1,1,1,4,0,0,0,0,0,0,4,2,1,6,6,2,79,11,1497,8,7,TOYOTA YARIS,3,W01001489,0,1
2024010491995,2024,010491995,1,9,0,3,3,9,9,99,99,0,9,99,9,99,1,9,6,6,1,41,7,1299,1,22,TOYOTA YARIS,4,E01002442,0,1
2024201455260,2024,201455260,1,9,0,-1,19,3,7,-1,0,8,5,0,0,0,1,9,-1,9,1,20,4,1490,8,0,TOYOTA YARIS,5,E01009262,0,1
2024545364524,2024,545364524,1,9,0,9,9,1,7,0,0,6,0,0,0,0,4,1,6,6,1,57,9,1490,8,0,TOYOTA YARIS,-1,-1,0,-1
2024061532086,2024,061532086,2,9,0,-1,19,3,1,-1,0,0,0,0,0,0,1,2,-1,6,3,53,8,1490,8,3,TOYOTA YARIS,5,E01006206,0,1
2024141490114,2024,141490114,1,9,0,-1,9,5,4,-1,0,8,0,0,0,0,1,1,-1,9,1,22,5,1497,8,7,TOYOTA YARIS,1,E01007875,0,1
2024320366537,2024,320366537,2,9,0,-1,-1,6,2,0,0,0,0,0,7,0,1,1,-1,-1,2,19,4,1496,1,6,TOYOTA YARIS,4,E01032986,0,4
2024471467175,2024,471467175,1,9,0,-1,19,1,5,-1,0,0,0,0,0,0,1,1,-1,1,1,37,7,998,1,18,TOYOTA YARIS,6,E01031449,0,1
2024440332485,2024,440332485,1,9,0,9,9,3,1,0,0,5,0,0,0,0,4,1,6,6,1,23,5,1329,1,11,TOYOTA YARIS,1,E01017031,0,1
2024421452350,2024,421452350,2,9,0,-1,19,4,8,-1,0,0,0,0,0,0,2,9,-1,6,2,57,9,1497,8,4,TOYOTA YARIS,5,E01021492,0,1
2024201523995,2024,201523995,3,9,0,-1,3,6,2,-1,0,1,0,0,0,0,2,1,-1,9,1,30,6,1490,8,2,TOYOTA YARIS,8,E01009459,0,2
2024211523928,2024,211523928,3,9,0,-1,2,2,3,-1,0,2,0,4,0,0,1,1,-1,6,2,60,9,1496,1,6,TOYOTA YARIS,-1,-1,0,-1
2024201433407,2024,201433407,2,9,0,-1,19,8,4,-1,0,8,0,0,0,0,4,1,-1,7,2,43,7,1364,2,12,TOYOTA YARIS,4,E01009288,0,1
2024122400311,2024,122400311,1,9,0,7,7,7,2,0,0,5,0,0,1,11,1,1,6,6,2,21,5,1490,8,0,TOYOTA YARIS,4,E01027779,0,1
2024052402658,2024,052402658,2,9,0,18,19,8,4,0,0,8,0,0,1,2,3,1,6,6,2,89,11,1329,1,9,TOYOTA YARIS,8,E01006525,0,1
2024122500049,2024,122500049,1,9,0,9,9,7,5,0,0,1,0,0,0,0,1,1,6,6,2,82,11,1329,1,8,TOYOTA YARIS,5,E01027802,0,1
2024010512167,2024,010512167,1,9,0,3,3,5,1,0,0,1,0,0,0,0,1,1,6,6,1,38,7,1497,8,12,TOYOTA YARIS,6,E01004519,0,1
2024061497514,2024,061497514,1,9,0,-1,19,7,3,-1,0,8,0,0,1,0,1,1,-1,2,2,30,6,1296,1,18,TOYOTA YARIS,-1,-1,0,-1
2024332401164,2024,332401164,3,9,0,-1,1,2,6,-1,0,6,0,0,0,0,2,1,-1,9,2,66,10,1497,8,11,TOYOTA YARIS,5,E01025747,0,1
2024010531910,2024,010531910,2,9,0,99,99,9,9,99,99,9,9,99,9,99,0,9,6,6,3,-1,-1,1329,1,12,TOYOTA YARIS,8,E01001062,0,1
2024421417272,2024,421417272,1,9,0,-1,19,3,7,-1,0,0,1,7,5,6,3,1,-1,6,2,-1,-1,1296,1,17,TOYOTA YARIS,2,E01034476,0,3
2024552400112,2024,552400112,1,9,0,17,19,2,1,0,0,0,0,0,1,4,1,1,6,6,1,22,5,998,1,20,TOYOTA YARIS,7,E01015387,0,4
2024501535038,2024,501535038,1,9,0,-1,19,3,7,-1,0,8,0,0,0,0,4,1,-1,1,1,54,8,1329,1,11,TOYOTA YARIS,1,E01015151,0,1
2024061526966,2024,061526966,1,9,0,-1,19,5,1,-1,0,0,0,0,0,0,1,1,-1,2,1,18,4,1364,2,11,TOYOTA YARIS,-1,-1,0,-1
2024361445246,2024,361445246,2,9,0,-1,19,8,3,-1,0,1,1,0,0,0,4,1,-1,7,1,18,4,1299,1,19,TOYOTA YARIS,5,E01026433,0,2
2024052500232,2024,052500232,1,9,0,9,9,8,7,0,0,8,0,0,1,2,1,1,2,2,2,50,8,1299,1,22,TOYOTA YARIS,1,E01034401,0,2
2024010534750,2024,010534750,1,9,0,12,12,3,7,0,0,8,0,0,0,0,2,1,6,6,1,30,6,998,1,18,TOYOTA YARIS,-1,-1,0,-1
2024371535814,2024,371535814,1,9,0,-1,19,1,5,-1,0,0,0,0,0,0,1,1,-1,9,2,66,10,1329,1,12,TOYOTA YARIS,5,E01024319,0,4
2024320283858,2024,320283858,2,9,0,9,9,6,4,0,0,6,0,0,0,0,3,1,1,1,1,37,7,1329,1,11,TOYOTA YARIS,9,E01028292,0,3
2024520403260,2024,520403260,1,9,0,18,19,2,6,0,0,0,1,0,0,0,3,1,6,6,1,78,11,1490,8,2,TOYOTA YARIS,2,E01032093,0,3
2024201492028,2024,201492028,2,9,0,-1,4,5,1,-1,0,1,0,0,0,0,2,1,-1,6,2,47,8,1490,8,2,TOYOTA YARIS,8,E01009454,0,1
2024010529744,2024,010529744,2,9,0,99,99,9,9,99,99,9,9,99,9,99,1,9,6,6,2,-1,-1,1497,8,9,TOYOTA YARIS,2,E01003266,0,2
2024211419090,2024,211419090,1,9,0,-1,19,6,2,-1,0,0,0,0,0,0,3,1,-1,6,1,32,6,1296,1,18,TOYOTA YARIS,2,E01029447,0,1
2024061479013,2024,061479013,2,9,0,-1,19,6,2,-1,0,8,0,0,0,0,1,1,-1,9,1,50,8,1497,8,6,TOYOTA YARIS,1,E01005826,0,2
2024111429733,2024,111429733,2,9,0,-1,19,5,1,-1,0,0,0,0,0,0,2,1,-1,9,2,64,9,998,1,20,TOYOTA YARIS,4,E01008640,0,4
2024131499750,2024,131499750,4,9,0,-1,2,0,0,-1,0,0,0,0,0,0,1,1,-1,6,-1,-1,-1,1329,1,14,TOYOTA YARIS,-1,-1,0,-1
2024010532838,2024,010532838,1,9,0,99,99,9,9,0,0,0,0,0,0,0,2,9,6,6,3,30,6,1299,1,22,TOYOTA YARIS,9,E01015822,0,4
2024201479780,2024,201479780,2,9,0,-1,19,8,4,-1,0,8,0,0,0,0,4,9,-1,6,2,22,5,1490,8,0,TOYOTA YARIS,2,E01009890,0,1
2024161535491,2024,161535491,2,9,0,-1,19,1,5,-1,0,0,0,0,1,0,1,1,-1,9,1,52,8,1490,8,2,TOYOTA YARIS,10,E01012972,0,2
2024531426752,2024,531426752,1,9,0,-1,19,2,6,-1,0,0,1,0,8,11,1,1,-1,9,1,44,7,1490,8,0,TOYOTA YARIS,2,E01004424,0,5
2024041458855,2024,041458855,1,9,0,-1,5,5,1,-1,0,0,0,0,0,0,3,1,-1,6,1,82,11,1497,8,6,TOYOTA YARIS,8,E01025180,0,1
2024501498337,2024,501498337,2,9,0,-1,19,2,6,-1,0,0,0,0,0,0,1,1,-1,9,1,74,10,1296,1,16,TOYOTA YARIS,5,E01015076,0,1
2024631516890,2024,631516890,1,9,0,-1,19,8,2,-1,0,2,1,0,3,10,1,1,-1,1,1,55,8,1497,8,7,TOYOTA YARIS,2,W01000588,0,2
2024544781124,2024,544781124,1,9,0,2,2,0,0,9,9,0,0,0,0,0,4,1,6,6,3,-1,-1,1299,1,23,TOYOTA YARIS,-1,-1,0,-1
2024430470080,2024,430470080,1,9,0,9,9,5,3,0,0,6,0,0,0,0,1,1,2,2,1,27,6,1299,1,22,TOYOTA YARIS,6,E01016467,0,1
2024421504553,2024,421504553,1,9,0,-1,19,2,6,-1,0,1,0,0,0,0,1,1,-1,9,2,84,11,1296,1,16,TOYOTA YARIS,3,E01033051,0,1
2024061398437,2024,061398437,2,9,0,-1,19,3,7,-1,0,0,0,0,0,0,1,1,-1,6,2,23,5,1329,1,13,TOYOTA YARIS,6,E01031049,0,5
2024201490108,2024,201490108,2,9,0,-1,19,7,5,-1,0,8,0,0,0,0,4,1,-1,9,1,39,7,1329,1,11,TOYOTA YARIS,1,E01009363,0,1
2024351486372,2024,351486372,1,9,0,-1,9,1,7,-1,0,8,0,0,0,0,1,1,-1,9,2,85,11,1497,8,8,TOYOTA YARIS,10,E01017985,0,1
2024131469232,2024,131469232,1,9,0,-1,-1,-1,-1,-1,-1,-1,-1,-1,-1,0,-1,1,-1,6,3,-1,-1,998,1,21,TOYOTA YARIS,-1,-1,0,-1
2024471463582,2024,471463582,1,9,0,-1,19,2,6,-1,0,0,0,0,1,11,4,1,-1,9,1,19,4,990,1,11,TOYOTA YARIS,4,E01034369,0,4
2024991479641,2024,991479641,1,9,0,-1,19,7,3,-1,0,0,5,0,1,2,1,1,-1,6,2,67,10,1329,1,11,TOYOTA YARIS,10,-1,0,1
2024411447274,2024,411447274,4,9,0,-1,19,3,7,-1,0,0,0,0,0,0,3,1,-1,6,1,38,7,1329,1,7,TOYOTA YARIS,6,E01035580,0,1
2024221524669,2024,221524669,2,9,0,-1,3,7,3,-1,0,8,0,0,0,0,2,1,-1,6,1,45,7,1363,2,21,TOYOTA YARIS,3,E01032321,0,1
2024061459108,2024,061459108,1,9,0,-1,8,-1,-1,-1,99,0,0,0,0,0,4,1,-1,9,2,54,8,1296,1,18,TOYOTA YARIS,5,E01005305,0,1
2024131449175,2024,131449175,1,9,0,-1,9,7,3,-1,0,8,0,0,0,0,1,1,-1,9,1,23,5,1296,1,16,TOYOTA YARIS,2,E01010665,0,1
2024161439865,2024,161439865,1,9,0,-1,3,6,1,-1,0,1,0,0,0,0,4,9,-1,6,2,42,7,1490,8,0,TOYOTA YARIS,5,E01032987,0,3
2024010527006,2024,010527006,1,9,0,99,99,9,9,99,99,9,9,99,9,99,9,9,2,2,2,38,7,1497,8,9,TOYOTA YARIS,4,E01002592,0,1
2024041405952,2024,041405952,1,9,0,-1,19,5,1,-1,0,0,0,0,0,0,4,1,-1,9,1,60,9,1296,1,15,TOYOTA YARIS,2,E01012677,0,1