collision_index,collision_year,collision_ref_no,vehicle_reference,vehicle_type,towing_and_articulation,vehicle_manoeuvre_historic,vehicle_manoeuvre,vehicle_direction_from,vehicle_direction_to,vehicle_location_restricted_lane_historic,vehicle_location_restricted_lane,junction_location,skidding_and_overturning,hit_object_in_carriageway,vehicle_leaving_carriageway,hit_object_off_carriageway,first_point_of_impact,vehicle_left_hand_drive,journey_purpose_of_driver_historic,journey_purpose_of_driver,sex_of_driver,age_of_driver,age_band_of_driver,engine_capacity_cc,propulsion_code,age_of_vehicle,generic_make_model,driver_imd_decile,lsoa_of_driver,escooter_flag,driver_distance_banding
2024430259375,2024,430259375,2,9,0,18,19,1,5,0,0,8,0,0,0,0,1,1,6,6,2,32,6,1329,1,13,TOYOTA YARIS,10,E01017397,0,2
2024010530880,2024,010530880,1,9,9,99,99,9,9,99,99,9,9,99,0,0,1,9,6,6,1,24,5,1497,8,5,TOYOTA YARIS,4,E01002405,0,1
2024041511049,2024,041511049,1,9,0,-1,19,5,1,-1,0,0,0,0,0,0,1,1,-1,9,1,32,6,1329,1,11,TOYOTA YARIS,6,E01034763,0,1
2024131431590,2024,131431590,1,9,0,-1,19,7,3,-1,0,1,0,0,0,0,1,1,-1,9,1,37,7,1329,1,10,TOYOTA YARIS,1,E01011340,0,1
2024520401674,2024,520401674,1,9,0,18,19,8,4,0,0,0,0,0,0,0,1,1,6,6,2,48,8,1329,1,13,TOYOTA YARIS,5,E01029053,0,1
2024201403158,2024,201403158,2,9,0,-1,4,3,7,-1,0,0,0,0,0,0,2,1,-1,6,1,33,6,1296,1,16,TOYOTA YARIS,1,E01009399,0,2
2024991504657,2024,991504657,2,9,0,-1,19,3,7,-1,0,0,0,0,0,0,1,1,-1,2,1,50,8,1364,2,13,TOYOTA YARIS,4,-1,0,1
2024010536649,2024,010536649,3,9,0,4,4,1,5,0,0,1,0,0,0,0,2,1,6,6,2,38,7,998,1,11,TOYOTA YARIS,4,E01004393,0,1
2024471503709,2024,471503709,1,9,0,-1,19,4,8,-1,0,0,0,0,0,0,1,1,-1,2,1,26,6,1329,1,9,TOYOTA YARIS,10,E01021023,0,2
2024131420710,2024,131420710,1,9,0,-1,5,3,1,-1,0,2,0,0,0,0,3,1,-1,6,2,45,7,1299,1,20,TOYOTA YARIS,2,E01011594,0,1
2024421486649,2024,421486649,1,9,0,-1,19,7,3,-1,0,4,0,0,0,0,4,1,-1,1,1,37,7,1364,2,11,TOYOTA YARIS,-1,-1,0,-1
2024061437395,2024,061437395,3,9,0,-1,2,0,0,-1,0,1,0,0,0,0,4,1,-1,6,-1,-1,-1,1296,1,17,TOYOTA YARIS,-1,-1,0,-1
2024111424954,2024,111424954,1,9,0,-1,7,3,5,-1,0,1,0,0,0,0,1,1,-1,6,2,30,6,1496,1,6,TOYOTA YARIS,3,E01034510,0,1
2024010500078,2024,010500078,1,9,0,18,19,6,2,0,0,0,0,0,0,0,1,1,6,6,2,53,8,1490,8,0,TOYOTA YARIS,3,E01030914,0,4
2024471505987,2024,471505987,1,9,0,-1,19,4,7,-1,0,0,0,4,0,0,4,1,-1,9,2,25,5,1490,8,3,TOYOTA YARIS,6,E01021198,0,1
2024991506015,2024,991506015,2,9,0,-1,19,7,2,-1,0,8,0,0,0,0,1,1,-1,6,1,32,6,1497,8,7,TOYOTA YARIS,10,-1,0,1
2024131533666,2024,131533666,1,9,0,-1,19,3,3,-1,0,0,0,0,1,0,1,1,-1,6,3,-1,-1,1296,1,17,TOYOTA YARIS,-1,-1,0,-1
2024010536461,2024,010536461,2,9,0,99,99,9,9,99,99,9,9,99,9,99,9,9,6,6,3,-1,-1,1490,8,2,TOYOTA YARIS,-1,-1,0,-1
2024991483176,2024,991483176,3,9,0,-1,19,6,2,-1,0,0,0,0,0,0,2,1,-1,1,1,18,4,1490,8,0,TOYOTA YARIS,2,-1,0,3
2024451490816,2024,451490816,2,9,0,-1,19,5,1,-1,0,1,0,0,0,0,1,1,-1,6,2,19,4,998,1,10,TOYOTA YARIS,10,E01030319,0,4
2024451480855,2024,451480855,1,9,0,-1,19,5,1,-1,0,0,0,0,0,0,1,1,-1,9,1,22,5,1490,8,3,TOYOTA YARIS,10,E01023853,0,4
2024201514210,2024,201514210,1,9,0,-1,7,8,2,-1,0,6,0,0,0,0,1,1,-1,6,1,27,6,1329,1,9,TOYOTA YARIS,1,E01009489,0,1
2024401442631,2024,401442631,1,9,0,-1,15,7,3,-1,0,0,0,0,0,0,4,1,-1,6,1,40,7,1497,8,8,TOYOTA YARIS,8,E01015696,0,1
2024231508346,2024,231508346,2,9,0,-1,3,8,4,-1,0,1,0,0,0,0,2,1,-1,1,2,29,6,1329,1,12,TOYOTA YARIS,2,E01009632,0,2
2024461459470,2024,461459470,2,9,0,-1,19,8,4,-1,0,0,0,0,0,0,1,1,-1,9,2,58,9,1490,8,0,TOYOTA YARIS,4,E01024132,0,1
2024010512482,2024,010512482,1,9,0,99,99,9,9,99,99,9,9,99,9,99,2,9,6,6,2,23,5,1496,1,5,TOYOTA YARIS,4,E01004429,0,1
2024531424376,2024,531424376,1,9,0,-1,19,1,5,-1,0,0,2,0,1,1,4,1,-1,2,2,18,4,1363,2,20,TOYOTA YARIS,5,E01014038,0,1
2024070154889,2024,070154889,1,9,0,18,19,4,8,0,0,0,0,0,0,0,1,1,6,6,2,83,11,1364,2,15,TOYOTA YARIS,8,E01012462,0,1
2024010507591,2024,010507591,2,9,9,99,99,9,9,99,99,9,9,99,9,99,9,9,6,6,3,-1,-1,1490,8,3,TOYOTA YARIS,-1,-1,0,-1
2024451514120,2024,451514120,1,9,0,-1,19,6,2,-1,0,1,1,0,0,0,4,1,-1,2,2,25,5,998,1,24,TOYOTA YARIS,8,E01030409,0,1
2024201453141,2024,201453141,1,9,0,-1,9,8,6,-1,0,6,0,8,0,0,3,1,-1,6,1,49,8,998,1,23,TOYOTA YARIS,4,E01009250,0,1
2024131405992,2024,131405992,2,9,0,-1,9,8,8,-1,0,8,0,0,0,0,3,1,-1,9,1,53,8,1296,1,18,TOYOTA YARIS,2,E01010621,0,1
2024010525849,2024,010525849,1,9,0,9,9,1,6,0,0,2,0,0,0,0,3,1,1,1,1,57,9,1490,8,3,TOYOTA YARIS,-1,-1,0,-1
2024991412132,2024,991412132,1,9,0,-1,19,2,6,-1,0,0,0,0,0,0,1,1,-1,9,2,19,4,1329,1,12,TOYOTA YARIS,-1,-1,0,-1
2024010538250,2024,010538250,2,9,0,99,99,9,9,99,99,9,9,99,9,99,9,9,6,6,3,-1,-1,1497,8,7,TOYOTA YARIS,-1,-1,0,-1
2024221439991,2024,221439991,1,9,0,-1,2,0,0,-1,0,1,0,0,0,0,2,1,-1,6,2,41,7,1497,8,6,TOYOTA YARIS,7,E01014080,0,2
2024111519957,2024,111519957,1,9,0,-1,19,6,2,-1,0,0,0,0,0,0,1,1,-1,6,1,72,10,1490,8,1,TOYOTA YARIS,2,E01020877,0,2
2024631466658,2024,631466658,1,9,0,-1,19,1,5,-1,0,0,2,0,2,10,1,1,-1,9,2,18,4,1329,1,10,TOYOTA YARIS,4,E01002599,0,5
2024131405646,2024,131405646,2,9,0,-1,7,5,3,-1,0,2,0,0,0,0,1,1,-1,6,1,26,6,1364,2,17,TOYOTA YARIS,1,E01010731,0,1
2024131497537,2024,131497537,3,9,0,-1,2,0,0,-1,0,8,0,0,0,0,3,1,-1,6,-1,-1,-1,1364,2,16,TOYOTA YARIS,-1,-1,0,-1
2024522402253,2024,522402253,1,9,0,18,19,2,8,0,0,6,0,0,0,0,1,1,6,6,2,47,8,1490,8,3,TOYOTA YARIS,7,E01032668,0,1
2024131482524,2024,131482524,1,9,0,-1,19,5,1,-1,0,0,0,0,0,0,1,2,-1,9,1,19,4,998,1,22,TOYOTA YARIS,3,E01011085,0,1
2024161450548,2024,161450548,2,9,0,-1,9,7,3,-1,0,1,1,0,0,0,1,1,-1,1,2,19,4,998,1,18,TOYOTA YARIS,1,E01012879,0,1
2024141462413,2024,141462413,2,9,0,-1,19,6,2,-1,0,2,0,0,0,0,1,1,-1,9,1,63,9,1299,1,23,TOYOTA YARIS,1,E01007531,0,1
2024070978668,2024,070978668,2,9,0,-1,8,6,1,-1,0,1,0,0,0,0,2,1,-1,6,2,41,7,1496,1,7,TOYOTA YARIS,8,W01000275,0,3
2024201517126,2024,201517126,2,9,0,-1,2,0,0,-1,0,0,0,4,0,0,3,1,-1,6,-1,-1,-1,1496,1,6,TOYOTA YARIS,-1,-1,0,-1
2024010522752,2024,010522752,1,9,0,18,19,5,1,0,0,0,0,0,0,0,2,1,6,6,1,46,8,1296,1,16,TOYOTA YARIS,3,E01001806,0,2
2024201562640,2024,201562640,3,9,0,-1,2,0,0,-1,9,5,0,0,0,0,2,1,-1,6,1,31,6,1364,2,15,TOYOTA YARIS,-1,-1,0,-1
2024320338732,2024,320338732,2,9,0,-1,-1,5,1,0,0,1,0,0,0,0,2,1,6,6,2,76,11,1490,8,1,TOYOTA YARIS,8,E01026007,0,2
2024010542275,2024,010542275,2,9,0,99,99,9,9,99,99,9,9,99,9,99,1,9,6,6,3,-1,-1,1497,8,6,TOYOTA YARIS,-1,-1,0,-1
2024421461128,2024,421461128,1,9,0,-1,19,5,1,-1,0,1,0,0,7,0,1,1,-1,9,1,33,6,1296,1,16,TOYOTA YARIS,3,E01021836,0,3
202454A855924,2024,54A855924,1,9,0,18,19,7,3,0,0,0,5,0,0,0,1,1,2,2,1,44,7,1490,8,0,TOYOTA YARIS,7,E01031857,0,1
2024010522970,2024,010522970,1,9,0,99,99,9,9,99,99,0,9,99,9,99,2,9,6,6,2,59,9,1490,8,3,TOYOTA YARIS,8,E01000411,0,1
2024010541131,2024,010541131,1,9,0,7,7,7,1,0,0,1,0,0,0,0,1,1,6,6,2,42,7,1490,8,3,TOYOTA YARIS,-1,-1,0,-1
2024501498807,2024,501498807,1,9,0,-1,9,7,5,-1,0,5,0,0,0,0,1,1,-1,9,2,71,10,1497,8,5,TOYOTA YARIS,9,E01020090,0,1
2024320390828,2024,320390828,1,9,0,7,7,2,4,0,0,6,0,0,0,0,3,1,-1,-1,2,29,6,1329,1,9,TOYOTA YARIS,8,E01013805,0,1
2024531514399,2024,531514399,1,9,0,-1,9,5,1,-1,0,6,0,0,0,0,4,1,-1,1,2,37,7,1296,1,17,TOYOTA YARIS,2,E01022320,0,2
2024211422203,2024,211422203,2,9,0,-1,3,4,8,-1,0,0,0,0,0,0,2,9,-1,6,2,36,7,1497,8,6,TOYOTA YARIS,5,E01010306,0,2
2024211408387,2024,211408387,1,9,0,-1,7,5,1,-1,0,0,2,7,3,1,1,1,-1,6,1,18,4,1329,1,9,TOYOTA YARIS,1,E01009002,0,4
2024361417228,2024,361417228,1,9,0,-1,19,-1,-1,-1,0,4,0,0,0,0,3,1,-1,6,2,76,11,1496,1,6,TOYOTA YARIS,10,E01026813,0,1
2024010499217,2024,010499217,1,9,0,18,19,5,1,0,0,1,0,0,0,0,1,1,6,6,1,33,6,1497,8,8,TOYOTA YARIS,10,E01000395,0,1
2024302401377,2024,302401377,1,9,0,17,19,3,8,0,0,8,1,0,1,9,4,1,2,2,2,22,5,1496,1,5,TOYOTA YARIS,4,E01019822,0,1
2024421525131,2024,421525131,1,9,0,-1,19,3,7,-1,0,0,0,0,0,0,1,1,-1,9,1,89,11,1496,1,7,TOYOTA YARIS,5,E01021982,0,1
2024010527811,2024,010527811,2,9,0,99,99,9,9,99,99,9,9,99,9,99,9,9,6,6,3,-1,-1,1299,1,19,TOYOTA YARIS,-1,-1,0,-1
2024430556498,2024,430556498,1,9,0,18,19,6,2,0,0,8,0,0,0,0,-1,1,6,6,2,75,10,1490,8,2,TOYOTA YARIS,5,E01016771,0,1
2024061517250,2024,061517250,1,9,0,-1,9,5,7,-1,0,1,0,10,7,0,1,1,-1,9,2,79,11,1490,8,2,TOYOTA YARIS,3,E01004766,0,1
2024010535350,2024,010535350,1,9,0,14,14,1,5,0,0,8,0,0,0,0,1,1,6,6,2,41,7,1490,8,3,TOYOTA YARIS,5,E01001150,0,1
2024201445744,2024,201445744,1,9,0,-1,19,2,6,-1,0,0,0,0,0,0,4,1,-1,7,2,50,8,1329,1,15,TOYOTA YARIS,1,E01009275,0,1
2024131444825,2024,131444825,1,9,0,-1,19,1,1,-1,0,0,0,0,0,0,2,1,-1,1,1,61,9,1497,8,6,TOYOTA YARIS,2,E01011315,0,1
2024041507483,2024,041507483,2,9,0,-1,9,7,5,-1,0,8,1,0,0,0,3,1,-1,9,2,29,6,1329,1,12,TOYOTA YARIS,9,E01024916,0,2
2024622400583,2024,622400583,1,9,0,18,19,1,5,0,0,0,0,0,0,0,1,1,6,6,1,29,6,1299,1,19,TOYOTA YARIS,1,W01001856,0,4
2024201489236,2024,201489236,1,9,0,-1,19,2,6,-1,0,8,0,0,0,0,1,1,-1,1,2,25,5,998,1,18,TOYOTA YARIS,3,E01010495,0,1
2024010544322,2024,010544322,1,9,0,5,5,0,1,0,0,0,0,0,0,0,1,1,2,2,2,42,7,998,1,19,TOYOTA YARIS,-1,-1,0,-1
2024471403077,2024,471403077,1,9,0,-1,19,2,6,-1,0,0,0,0,0,0,4,1,-1,7,3,61,9,1490,8,0,TOYOTA YARIS,7,E01021222,0,1
2024010530186,2024,010530186,1,9,0,18,19,7,3,0,0,8,0,0,0,0,2,1,6,6,1,43,7,1490,8,1,TOYOTA YARIS,6,E01030399,0,2
2024131402424,2024,131402424,2,9,0,-1,19,1,5,-1,0,0,0,0,0,0,1,1,-1,1,1,22,5,998,1,19,TOYOTA YARIS,1,E01010731,0,1
2024440398783,2024,440398783,1,9,0,18,19,1,5,0,0,8,0,0,0,0,1,1,6,6,2,24,5,1299,1,23,TOYOTA YARIS,4,E01017282,0,1
2024041424125,2024,041424125,1,9,0,-1,19,7,3,-1,0,3,1,0,1,10,1,1,-1,6,2,49,8,998,1,7,TOYOTA YARIS,7,E01025400,0,1
2024522401154,2024,522401154,3,9,0,18,19,6,2,0,0,0,0,0,0,0,2,1,6,6,1,24,5,998,1,21,TOYOTA YARIS,2,E01014574,0,1
2024522401872,2024,522401872,2,9,0,18,19,8,4,0,0,0,0,0,0,0,1,1,6,6,1,21,5,1296,1,18,TOYOTA YARIS,5,E01020485,0,4
2024010506079,2024,010506079,1,9,0,5,5,3,7,0,0,1,0,0,0,0,1,1,2,2,2,64,9,1296,1,15,TOYOTA YARIS,4,E01003308,0,1
2024131475699,2024,131475699,1,9,0,-1,19,1,5,-1,0,1,0,0,0,0,3,1,-1,9,2,90,11,1497,8,8,TOYOTA YARIS,3,E01010599,0,3
2024451518816,2024,451518816,1,9,0,-1,19,3,1,-1,0,0,0,0,0,0,3,9,-1,6,1,67,10,1329,1,10,TOYOTA YARIS,10,E01030329,0,1
2024141440953,2024,141440953,1,9,0,-1,9,2,8,-1,0,7,0,0,0,0,4,1,-1,2,1,62,9,1496,1,6,TOYOTA YARIS,2,E01007975,0,1
2024131509751,2024,131509751,2,9,0,-1,9,5,1,-1,0,3,0,0,0,0,3,1,-1,1,2,36,7,1364,2,14,TOYOTA YARIS,1,E01010731,0,3
2024991542670,2024,991542670,1,9,0,-1,2,0,0,-1,0,0,0,0,1,0,2,1,-1,1,2,33,6,1329,1,8,TOYOTA YARIS,2,-1,0,2
2024161461985,2024,161461985,1,9,0,-1,9,8,6,-1,0,1,0,0,0,0,3,1,-1,1,2,45,7,1490,8,1,TOYOTA YARIS,9,E01034755,0,1
2024991443857,2024,991443857,1,9,0,-1,19,8,4,-1,0,1,0,0,1,11,1,1,-1,9,1,78,11,1497,8,7,TOYOTA YARIS,5,-1,0,2
2024549132524,2024,549132524,2,9,0,5,5,3,7,0,0,4,0,0,0,0,1,1,6,6,2,60,9,1490,8,3,TOYOTA YARIS,8,E01015526,0,1
2024991567992,2024,991567992,2,9,0,-1,19,4,8,-1,0,8,0,0,0,0,3,2,-1,9,1,26,6,1364,2,17,TOYOTA YARIS,3,-1,0,3
2024010534633,2024,010534633,1,9,9,99,99,9,9,99,99,0,9,99,9,99,9,9,6,6,2,36,7,1329,1,15,TOYOTA YARIS,4,E01003788,0,1
2024471527241,2024,471527241,2,9,0,-1,1,4,8,-1,0,0,9,0,0,0,2,1,-1,6,1,48,8,1299,1,19,TOYOTA YARIS,7,E01030643,0,4
2024351411555,2024,351411555,1,9,0,-1,1,-1,-1,-1,0,0,0,0,0,0,2,9,-1,6,2,45,7,1490,8,2,TOYOTA YARIS,2,E01015605,0,1
2024010545981,2024,010545981,2,9,0,2,2,0,0,0,0,8,1,0,1,0,2,1,6,6,3,-1,-1,1490,8,1,TOYOTA YARIS,-1,-1,0,-1
2024010550133,2024,010550133,2,9,0,99,99,9,9,99,99,9,9,99,9,99,1,9,6,6,3,-1,-1,1329,1,13,TOYOTA YARIS,-1,-1,0,-1
2024041409160,2024,041409160,2,9,0,-1,19,3,7,-1,0,8,1,0,0,0,1,1,-1,9,1,19,4,1296,1,16,TOYOTA YARIS,2,E01025059,0,1
2024461520402,2024,461520402,1,9,0,-1,7,6,5,-1,0,1,0,0,0,0,4,1,-1,1,1,39,7,1296,1,16,TOYOTA YARIS,-1,-1,0,-1
2024531454827,2024,531454827,2,9,0,-1,19,5,1,-1,0,1,0,0,0,0,2,2,-1,1,1,24,5,1329,1,11,TOYOTA YARIS,10,E01022297,0,2
2024440058914,2024,440058914,1,9,0,18,19,8,4,0,0,4,0,0,0,0,1,1,6,6,1,-1,-1,1329,1,8,TOYOTA YARIS,-1,-1,0,-1
2024070559801,2024,070559801,1,9,0,18,19,5,1,0,0,4,0,0,0,0,1,1,6,6,2,38,7,1296,1,18,TOYOTA YARIS,-1,-1,0,-1
2024411538209,2024,411538209,1,9,0,-1,19,1,5,-1,0,0,0,0,0,0,1,1,-1,6,1,41,7,1299,1,22,TOYOTA YARIS,3,E01001192,0,4
2024351508489,2024,351508489,1,9,0,-1,7,1,5,-1,0,0,0,0,1,10,1,1,-1,9,2,25,5,1490,8,0,TOYOTA YARIS,3,E01020871,0,5
2024141478621,2024,141478621,2,9,0,-1,2,0,0,-1,0,0,0,4,0,0,2,1,-1,6,-1,-1,-1,1497,8,6,TOYOTA YARIS,-1,-1,0,-1
2024010536678,2024,010536678,1,9,9,99,99,9,9,99,99,9,9,99,9,99,9,9,6,6,3,-1,-1,1497,8,6,TOYOTA YARIS,-1,-1,0,-1
2024061509198,2024,061509198,2,9,0,-1,19,8,5,-1,0,1,1,0,0,0,1,1,-1,2,1,25,5,1296,1,16,TOYOTA YARIS,1,E01005381,0,1
2024311451671,2024,311451671,2,9,0,-1,19,4,2,-1,0,8,0,0,0,0,2,1,-1,9,2,70,10,1490,8,1,TOYOTA YARIS,9,E01028219,0,2
2024471432934,2024,471432934,1,9,0,-1,7,3,5,-1,0,2,0,0,0,0,1,1,-1,2,2,62,9,1496,1,5,TOYOTA YARIS,4,E01031377,0,1
2024010525240,2024,010525240,1,9,0,3,3,1,5,9,9,1,0,0,0,0,1,1,6,6,1,61,9,1497,8,11,TOYOTA YARIS,3,E01004467,0,1
2024131426282,2024,131426282,1,9,0,-1,19,1,1,-1,0,1,0,0,0,0,1,1,-1,6,1,26,6,1364,2,17,TOYOTA YARIS,1,E01011080,0,1
2024411419240,2024,411419240,1,9,-1,-1,-1,-1,-1,-1,-1,0,-1,-1,-1,0,-1,9,-1,6,3,-1,-1,1329,1,12,TOYOTA YARIS,-1,-1,0,-1
2024320022174,2024,320022174,2,9,0,-1,-1,6,2,0,0,0,0,0,0,0,1,1,6,6,2,25,5,1490,8,2,TOYOTA YARIS,5,E01026052,0,4
2024010513632,2024,010513632,1,9,0,18,19,7,3,0,0,8,0,0,0,0,1,1,6,6,1,26,6,1497,8,6,TOYOTA YARIS,3,E01004719,0,1
2024010548335,2024,010548335,1,9,0,18,19,1,5,0,0,0,5,0,0,0,1,1,6,6,2,27,6,1497,8,7,TOYOTA YARIS,10,E01023355,0,4
2024361413840,2024,361413840,1,9,0,-1,9,7,5,-1,0,8,0,0,0,0,3,1,-1,6,2,55,8,1299,1,23,TOYOTA YARIS,5,E01026516,0,1
2024061437232,2024,061437232,2,9,0,-1,19,1,7,-1,0,0,0,0,0,0,1,1,-1,9,1,40,7,1329,1,15,TOYOTA YARIS,2,E01005958,0,1
2024543515524,2024,543515524,3,9,0,4,4,3,7,0,0,0,0,0,0,0,2,1,2,2,2,28,6,1296,1,17,TOYOTA YARIS,5,E01033350,0,4
2024010525071,2024,010525071,1,9,0,15,15,1,5,0,0,1,0,0,0,0,2,1,6,6,3,48,8,1490,8,0,TOYOTA YARIS,-1,-1,0,-1
2024411416765,2024,411416765,2,9,-1,-1,-1,-1,-1,-1,-1,0,-1,-1,-1,0,3,9,-1,9,2,47,8,1497,8,8,TOYOTA YARIS,7,E01023540,0,1
2024361523432,2024,361523432,1,9,0,-1,19,6,2,-1,0,0,0,4,1,0,1,1,-1,6,1,83,11,1364,2,11,TOYOTA YARIS,4,E01026609,0,1
2024320512720,2024,320512720,1,9,0,-1,-1,1,6,0,0,4,0,0,0,0,3,1,-1,-1,2,63,9,1329,1,12,TOYOTA YARIS,2,E01026108,0,1
2024401435497,2024,401435497,1,9,0,-1,4,4,8,-1,0,0,0,0,0,0,0,9,-1,6,3,-1,-1,998,1,22,TOYOTA YARIS,-1,-1,0,-1
2024501482837,2024,501482837,2,9,0,-1,9,7,2,-1,0,6,0,0,7,4,1,1,-1,9,1,85,11,1497,8,5,TOYOTA YARIS,7,E01020202,0,1
2024552400102,2024,552400102,2,3,0,18,19,6,2,0,0,8,0,0,0,0,4,1,6,6,1,53,8,1063,1,22,-1,6,E01020508,0,1
2024010524841,2024,010524841,1,3,0,9,9,5,2,0,0,6,0,0,0,0,1,1,1,1,1,27,6,125,1,7,-1,-1,-1,0,-1
2024010543173,2024,010543173,2,3,0,7,7,7,1,0,0,8,0,0,0,0,3,1,1,1,1,49,8,125,1,7,-1,2,E01003060,0,4
2024461488139,2024,461488139,2,4,0,-1,19,5,1,-1,0,0,1,0,0,0,1,1,-1,2,1,57,9,125,1,10,-1,2,E01016140,0,3
2024401519298,2024,401519298,2,3,0,-1,19,1,5,-1,0,1,0,0,0,0,1,1,-1,9,2,61,9,125,1,8,-1,10,E01017415,0,1
2024010535693,2024,010535693,1,3,0,99,99,9,9,99,99,0,9,99,9,99,1,1,1,1,3,39,7,125,1,8,-1,4,E01000788,0,3
2024010503799,2024,010503799,1,4,0,18,19,3,7,0,0,8,1,0,0,0,1,1,6,6,1,23,5,125,1,8,-1,5,E01001933,0,1
2024991423804,2024,991423804,1,9,0,-1,19,3,7,-1,0,0,0,0,0,0,4,1,-1,2,1,33,6,2995,1,7,AUDI S4,1,-1,0,1
2024201463115,2024,201463115,2,9,0,-1,3,5,1,-1,0,1,0,0,0,0,2,1,-1,6,1,39,7,2995,1,6,AUDI S4,-1,-1,0,-1
2024332400984,2024,332400984,1,9,0,-1,19,7,3,-1,0,0,1,7,1,10,1,1,-1,6,1,29,6,2995,1,10,AUDI S4,7,E01025620,0,2
2024131505454,2024,131505454,1,9,0,-1,19,3,7,-1,0,0,0,0,0,0,1,1,-1,6,1,40,7,2967,2,2,AUDI S4,7,E01010905,0,2
2024061452344,2024,061452344,2,9,0,-1,-1,-1,-1,-1,-1,0,0,0,0,0,0,2,-1,6,3,-1,-1,2995,1,6,AUDI S4,-1,-1,0,-1
2024010497490,2024,010497490,1,9,0,9,9,7,5,0,0,8,0,11,0,1,1,1,6,6,3,-1,-1,2995,1,7,AUDI S4,-1,-1,0,-1
2024211483632,2024,211483632,1,9,0,-1,2,0,0,-1,0,1,0,0,0,0,1,1,-1,9,1,28,6,2995,1,13,AUDI S4,3,E01029553,0,2
2024302400900,2024,302400900,1,9,0,9,9,4,2,0,0,2,0,0,0,0,1,1,6,6,3,-1,-1,2995,1,7,AUDI S4,-1,-1,0,-1
2024010541410,2024,010541410,1,9,0,99,99,9,9,99,99,9,9,99,9,99,9,9,6,6,1,38,7,2995,1,7,AUDI S4,4,E01001793,0,1
2024461474496,2024,461474496,2,9,0,-1,3,4,8,-1,0,1,0,0,0,0,2,1,-1,2,1,40,7,2995,1,6,AUDI S4,10,E01024233,0,1
2024430615684,2024,430615684,1,9,0,18,19,1,5,0,0,0,0,0,0,0,2,1,6,6,1,39,7,2995,1,7,AUDI S4,-1,-1,0,-1
2024052401362,2024,052401362,1,9,0,5,5,5,1,0,0,1,0,0,0,0,1,1,6,6,1,45,7,4163,1,19,AUDI S4,1,E01006767,0,2
2024622400222,2024,622400222,1,9,0,1,1,8,4,0,0,0,0,0,7,0,2,1,6,6,3,-1,-1,2995,1,6,AUDI S4,-1,-1,0,-1
2024031482026,2024,031482026,2,9,0,-1,19,4,8,-1,0,0,0,0,0,0,1,1,-1,6,1,39,7,2995,1,7,AUDI S4,1,E01008590,0,5
2024332400382,2024,332400382,3,9,0,-1,19,7,3,-1,0,0,0,0,0,0,3,1,-1,6,3,-1,-1,2995,1,7,AUDI S4,-1,-1,0,-1
2024211457472,2024,211457472,1,9,0,-1,19,1,5,-1,0,1,0,0,0,0,1,1,-1,6,1,42,7,2967,2,3,AUDI S4,3,E01014323,0,1
2024061421980,2024,061421980,1,9,0,-1,9,1,5,-1,0,0,1,10,7,0,4,9,-1,6,1,34,6,2995,1,6,AUDI S4,3,E01004917,0,1
2024052402130,2024,052402130,1,9,0,9,9,8,6,0,0,8,0,0,0,0,1,1,6,6,1,44,7,2995,1,7,AUDI S4,3,E01006629,0,1
2024991462398,2024,991462398,2,9,0,-1,9,3,1,-1,0,8,0,0,0,0,3,1,-1,6,2,43,7,2995,1,13,AUDI S4,3,-1,0,1
2024041473176,2024,041473176,2,9,0,-1,2,0,0,-1,0,0,0,0,0,0,1,1,-1,6,-1,-1,-1,2671,1,26,AUDI S4,-1,-1,0,-1
2024471436631,2024,471436631,1,9,0,-1,19,6,2,-1,0,0,0,0,0,0,1,1,-1,6,1,36,7,4163,1,17,AUDI S4,3,E01031347,0,1
2024430594394,2024,430594394,1,9,0,18,19,1,5,0,0,8,1,10,1,10,1,1,6,6,2,30,6,2990,1,15,AUDI S4,8,E01016221,0,1
2024201517128,2024,201517128,2,9,0,-1,19,7,7,-1,0,0,0,0,0,0,1,1,-1,1,1,43,7,2995,1,7,AUDI S4,4,E01009234,0,3
2024332400274,2024,332400274,1,9,0,-1,19,8,4,-1,-1,0,1,0,1,0,1,1,-1,6,1,28,6,2995,1,7,AUDI S4,4,E01031096,0,3
2024361404913,2024,361404913,1,9,0,-1,19,7,3,-1,0,0,1,0,1,0,1,1,-1,6,1,23,5,2995,1,14,AUDI S4,6,E01026899,0,4
2024010527529,2024,010527529,2,9,0,2,2,0,0,9,9,1,0,0,0,0,2,1,6,6,3,-1,-1,2995,1,11,AUDI S4,-1,-1,0,-1
2024201509726,2024,201509726,2,9,0,-1,19,1,5,-1,0,1,0,0,0,0,0,1,-1,1,1,44,7,2995,1,7,AUDI S4,-1,-1,0,-1
2024010498848,2024,010498848,1,9,0,18,19,7,3,0,0,1,0,0,0,0,1,1,6,6,1,33,6,2995,1,7,AUDI S4,3,E01003708,0,1
2024311435709,2024,311435709,1,9,0,-1,3,3,7,-1,0,0,0,0,0,0,2,1,-1,6,2,34,6,2995,1,6,AUDI S4,2,E01028313,0,1
2024531530169,2024,531530169,1,9,0,-1,19,3,7,-1,0,0,0,0,0,0,1,1,-1,6,1,32,6,2995,1,14,AUDI S4,6,E01022211,0,1
2024061417363,2024,061417363,1,9,0,-1,13,3,7,-1,0,1,0,10,0,0,1,1,-1,6,1,30,6,2995,1,10,AUDI S4,2,E01005343,0,2