collision_index,collision_year,collision_ref_no,vehicle_reference,vehicle_type,towing_and_articulation,vehicle_manoeuvre_historic,vehicle_manoeuvre,vehicle_direction_from,vehicle_direction_to,vehicle_location_restricted_lane_historic,vehicle_location_restricted_lane,junction_location,skidding_and_overturning,hit_object_in_carriageway,vehicle_leaving_carriageway,hit_object_off_carriageway,first_point_of_impact,vehicle_left_hand_drive,journey_purpose_of_driver_historic,journey_purpose_of_driver,sex_of_driver,age_of_driver,age_band_of_driver,engine_capacity_cc,propulsion_code,age_of_vehicle,generic_make_model,driver_imd_decile,lsoa_of_driver,escooter_flag,driver_distance_banding
2024451408126,2024,451408126,1,9,0,-1,19,2,6,-1,0,1,0,0,0,0,4,1,-1,9,1,30,6,2995,1,7,AUDI S4,6,E01016212,0,4
2024010498830,2024,010498830,1,9,0,18,19,1,5,0,0,0,0,0,0,0,1,1,6,6,1,24,5,2995,1,6,AUDI S4,5,E01030569,0,1
2024201443523,2024,201443523,9,9,0,-1,19,2,6,-1,0,2,0,0,0,0,0,9,-1,1,1,30,6,2995,1,7,AUDI S4,-1,-1,0,-1
2024440318912,2024,440318912,1,9,0,18,19,1,3,0,0,4,1,9,7,1,1,1,6,6,1,25,5,2995,1,6,AUDI S4,8,E01023245,0,1
2024161528182,2024,161528182,1,9,0,-1,19,6,2,-1,0,1,0,0,0,0,3,1,-1,2,1,21,5,2995,1,9,AUDI S4,9,E01035475,0,1
2024522402319,2024,522402319,1,9,0,17,19,7,3,0,0,0,0,0,0,0,3,1,6,6,1,26,6,2995,1,7,AUDI S4,6,E01029060,0,2
2024411527730,2024,411527730,1,9,0,-1,19,1,5,-1,0,1,0,0,0,0,-1,1,-1,6,2,44,7,-1,3,1,BMW IX,5,E01023546,0,1
2024010504435,2024,010504435,1,9,0,1,1,2,8,0,0,1,0,0,0,0,1,1,6,6,2,41,7,-1,3,2,BMW IX,3,E01003235,0,3
2024010537295,2024,010537295,1,9,0,5,5,1,5,0,0,0,0,4,0,0,1,1,2,2,1,41,7,-1,3,2,BMW IX,5,E01002119,0,1
2024010542185,2024,010542185,1,9,0,99,99,9,9,99,99,0,9,99,9,99,1,9,6,6,3,-1,-1,-1,3,2,BMW IX,2,E01001337,0,3
2024041464317,2024,041464317,2,9,0,-1,19,7,3,-1,0,0,0,0,0,0,3,1,-1,9,1,73,10,-1,3,0,BMW IX,4,E01005362,0,4
2024010504957,2024,010504957,2,9,0,2,2,0,0,9,9,6,0,0,0,0,4,1,6,6,3,-1,-1,-1,3,1,BMW IX,-1,-1,0,-1
2024131512404,2024,131512404,2,9,0,-1,19,7,3,-1,0,8,0,0,7,1,1,1,-1,2,1,37,7,-1,3,2,BMW IX,10,E01011702,0,3
2024302401137,2024,302401137,1,9,0,9,9,5,3,0,0,8,0,0,7,0,1,1,6,6,1,49,8,-1,3,0,BMW IX,10,E01019610,0,2
2024531494902,2024,531494902,2,9,0,-1,19,5,1,-1,0,0,0,0,0,0,4,1,-1,2,1,24,5,-1,3,1,BMW IX,9,W01001729,0,4
2024052401065,2024,052401065,1,9,0,5,5,7,3,0,0,4,0,0,0,0,3,1,6,6,1,36,7,-1,3,2,BMW IX,9,E01006594,0,1
2024010546067,2024,010546067,4,9,0,18,19,6,2,0,0,0,1,4,7,2,1,1,6,6,1,25,5,-1,3,2,BMW IX,5,E01000131,0,1
2024522401488,2024,522401488,1,9,0,3,3,2,6,0,0,0,0,0,0,0,2,1,6,6,1,-1,-1,-1,3,0,BMW IX,7,W01000997,0,4
2024231414217,2024,231414217,2,9,0,-1,4,6,2,-1,0,0,0,0,0,0,2,1,-1,2,1,33,6,-1,3,1,BMW IX,4,E01025843,0,4
2024371538441,2024,371538441,2,9,0,-1,19,6,2,-1,0,8,0,0,0,0,0,1,-1,2,1,44,7,-1,3,2,BMW IX,3,E01033041,0,4
2024010534836,2024,010534836,2,9,0,18,19,7,3,0,0,1,0,0,0,0,0,1,1,1,1,47,8,-1,3,1,BMW IX,8,E01002863,0,1
2024351481419,2024,351481419,2,9,0,-1,19,8,4,-1,0,0,0,0,1,9,1,1,-1,9,1,40,7,-1,3,1,BMW IX,5,E01026679,0,3
2024451441656,2024,451441656,1,9,0,-1,20,3,5,-1,0,0,0,0,7,10,1,1,-1,9,2,68,10,-1,3,1,BMW IX,10,E01016603,0,1
2024311456990,2024,311456990,1,9,0,-1,3,6,2,-1,0,0,0,0,0,0,2,1,-1,6,1,66,10,-1,3,1,BMW IX,4,E01013938,0,1
2024111442449,2024,111442449,1,9,0,-1,19,2,6,-1,0,0,0,0,0,0,1,1,-1,6,2,61,9,-1,3,2,BMW IX,9,E01027482,0,4
2024010542919,2024,010542919,1,9,0,18,19,3,7,0,0,1,0,0,0,0,3,1,1,1,1,59,9,-1,3,0,BMW IX,6,E01000145,0,1
2024041483697,2024,041483697,2,9,0,-1,19,7,3,-1,9,0,0,0,0,0,1,1,-1,6,2,37,7,-1,3,1,BMW IX,8,E01024944,0,1
2024010517877,2024,010517877,1,9,0,9,9,1,6,0,0,6,0,0,0,0,4,1,6,6,1,20,4,-1,3,0,BMW IX,-1,-1,0,-1
2024411405083,2024,411405083,1,9,0,-1,5,7,1,-1,0,1,0,0,0,0,4,1,-1,9,2,50,8,-1,3,1,BMW IX,10,E01023696,0,1
2024010506026,2024,010506026,1,9,0,18,19,6,2,0,0,0,5,0,0,0,1,1,6,6,1,42,7,-1,3,2,BMW IX,5,E01004661,0,1
2024361408323,2024,361408323,1,9,0,-1,19,3,5,-1,0,0,0,0,1,4,1,1,-1,9,2,38,7,-1,3,1,BMW IX,9,E01026448,0,3
2024131435309,2024,131435309,1,9,0,-1,7,5,1,-1,9,0,0,0,0,0,4,1,-1,2,2,32,6,-1,3,2,BMW IX,3,E01010675,0,2
2024061508023,2024,061508023,1,9,0,-1,-1,-1,-1,-1,-1,-1,-1,-1,-1,0,-1,2,-1,9,2,38,7,-1,3,0,BMW IX,3,E01005505,0,2
2024041456144,2024,041456144,3,9,0,-1,2,0,0,-1,0,1,0,0,0,0,1,1,-1,6,1,64,9,-1,3,2,BMW IX,8,E01025272,0,1
2024991467339,2024,991467339,2,9,0,-1,19,6,3,-1,0,0,0,0,0,0,3,1,-1,9,1,23,5,-1,3,1,BMW IX,8,-1,0,4
2024010497096,2024,010497096,1,9,0,18,19,5,1,0,0,8,0,10,3,11,1,1,6,6,1,33,6,-1,3,1,BMW IX,8,E01002534,0,1
2024101457162,2024,101457162,1,9,0,-1,4,5,1,-1,0,0,0,0,0,0,2,1,-1,1,1,32,6,-1,3,2,BMW IX,-1,-1,0,-1
2024010545611,2024,010545611,1,9,0,99,99,9,9,99,99,9,9,99,9,99,9,9,6,6,2,48,8,-1,3,0,BMW IX,5,E01001512,0,1
2024131413042,2024,131413042,1,9,0,-1,9,-1,-1,-1,-1,6,0,-1,-1,0,3,1,-1,6,3,-1,-1,-1,3,1,BMW IX,-1,-1,0,-1
2024430504056,2024,430504056,2,9,0,18,19,4,8,0,0,0,0,0,1,0,1,1,2,2,1,43,7,-1,3,1,BMW IX,9,E01030692,0,2
2024501490165,2024,501490165,2,9,0,-1,19,2,6,-1,0,0,0,0,0,0,2,9,-1,6,2,39,7,-1,3,1,BMW IX,4,E01019036,0,1
2024451449669,2024,451449669,1,9,0,-1,19,5,1,-1,0,0,0,4,7,10,1,1,-1,9,1,52,8,-1,3,1,BMW IX,7,E01030741,0,1
2024201399760,2024,201399760,1,9,0,-1,19,2,6,-1,0,0,5,0,0,0,1,1,-1,6,1,43,7,-1,3,1,BMW IX,-1,-1,0,-1
2024201522851,2024,201522851,1,9,0,-1,19,2,6,-1,0,8,0,0,0,0,1,1,-1,6,1,55,8,-1,3,1,BMW IX,2,E01010001,0,1
2024052401964,2024,052401964,1,9,0,6,6,3,3,0,0,0,0,0,0,0,1,1,6,6,1,44,7,-1,3,2,BMW IX,1,E01006746,0,1
2024010547839,2024,010547839,1,9,0,18,19,7,3,0,0,0,0,0,0,0,2,1,6,6,1,29,6,-1,3,0,BMW IX,-1,-1,0,-1
2024201456361,2024,201456361,2,9,0,-1,19,5,1,-1,0,0,0,0,0,0,2,1,-1,6,2,39,7,-1,3,1,BMW IX,6,E01029395,0,2
2024351569729,2024,351569729,1,9,0,-1,19,5,1,-1,0,0,0,0,0,0,1,1,-1,1,2,44,7,-1,3,0,BMW IX,9,E01023770,0,4
2024010509789,2024,010509789,1,9,0,99,99,9,9,99,99,0,9,99,9,99,9,9,6,6,1,35,6,-1,3,2,BMW IX,3,E01000578,0,3
2024131481062,2024,131481062,1,9,0,-1,19,2,6,-1,0,0,0,0,0,0,4,1,-1,9,2,39,7,-1,3,2,BMW IX,8,E01011589,0,2
2024201515982,2024,201515982,1,9,0,-1,9,3,1,-1,0,0,5,7,0,0,3,1,-1,9,2,51,8,-1,3,0,BMW IX,8,E01009578,0,2
2024311495772,2024,311495772,1,9,0,-1,4,2,6,-1,0,0,0,0,0,0,2,9,-1,2,1,-1,-1,-1,3,1,BMW IX,9,E01028094,0,1
2024070404186,2024,070404186,2,9,0,4,4,3,7,0,0,4,0,0,0,0,2,1,6,6,2,71,10,-1,3,1,BMW IX,10,E01018589,0,1
2024131430376,2024,131430376,1,9,0,-1,19,5,2,-1,0,2,0,0,0,0,1,1,-1,6,3,-1,-1,-1,3,1,BMW IX,-1,-1,0,-1
2024302401643,2024,302401643,2,9,0,18,19,6,2,0,0,8,0,0,0,0,1,1,6,6,1,51,8,-1,3,0,BMW IX,8,E01013558,0,1
2024010516431,2024,010516431,2,9,0,9,9,1,6,0,0,2,0,0,0,0,0,1,6,6,1,36,7,-1,3,2,BMW IX,5,E01035486,0,2
2024471500000,2024,471500000,1,9,0,-1,10,5,3,-1,0,0,0,0,0,0,1,1,-1,2,1,51,8,-1,3,1,BMW IX,9,E01016980,0,1
2024211501225,2024,211501225,1,9,0,-1,19,4,8,-1,0,0,0,0,0,0,4,9,-1,6,1,-1,-1,2987,2,12,CHRYSLER 300C,-1,-1,0,-1
2024201504745,2024,201504745,3,9,0,-1,5,7,2,-1,0,6,0,0,0,0,1,1,-1,6,1,23,5,2987,2,16,CHRYSLER 300C,2,E01010362,0,1
2024041485224,2024,041485224,2,9,0,-1,19,3,7,-1,0,1,0,0,0,0,4,1,-1,6,1,64,9,2987,2,17,CHRYSLER 300C,1,E01012639,0,1
2024311426362,2024,311426362,1,9,0,-1,1,1,4,-1,0,2,0,0,0,0,2,1,-1,9,1,30,6,2987,2,17,CHRYSLER 300C,1,E01013820,0,1
2024471531850,2024,471531850,2,9,0,-1,19,1,5,-1,0,0,0,0,0,0,1,1,-1,6,1,29,6,2987,2,12,CHRYSLER 300C,9,E01031384,0,1
2024010505012,2024,010505012,1,9,0,99,99,9,9,99,99,9,9,99,9,99,9,9,6,6,1,45,7,3518,1,19,CHRYSLER 300C,6,E01034595,0,1
2024371497570,2024,371497570,2,9,0,-1,2,0,0,-1,0,0,0,4,0,0,1,1,-1,6,-1,-1,-1,2987,2,18,CHRYSLER 300C,-1,-1,0,-1
2024471484257,2024,471484257,1,9,0,-1,19,1,4,-1,0,0,0,11,0,0,1,1,-1,9,1,76,11,2987,2,16,CHRYSLER 300C,5,E01021116,0,2
2024471436257,2024,471436257,1,9,0,-1,19,5,1,-1,0,0,1,0,2,1,4,1,-1,9,1,23,5,2987,2,17,CHRYSLER 300C,5,E01020936,0,1
2024302400984,2024,302400984,1,9,0,7,7,1,6,0,0,1,0,0,0,0,1,1,6,6,1,34,6,2987,2,15,CHRYSLER 300C,1,E01013487,0,1
2024231471032,2024,231471032,1,9,0,-1,19,4,8,-1,0,0,0,0,4,6,3,1,-1,6,1,22,5,2987,2,18,CHRYSLER 300C,5,E01032868,0,4
2024122500082,2024,122500082,1,9,0,18,19,6,2,0,0,1,0,0,0,0,1,1,6,6,1,66,10,-1,3,0,-1,4,E01034981,0,1
2024332401055,2024,332401055,1,9,0,-1,19,6,2,-1,0,0,0,0,0,0,1,1,-1,2,1,29,6,2261,1,8,FORD MUSTANG,3,E01013626,0,1
2024332400146,2024,332400146,1,9,0,-1,9,6,4,-1,0,6,0,0,0,0,2,1,-1,9,1,85,11,5038,1,1,FORD MUSTANG,9,E01013807,0,4
2024010510825,2024,010510825,2,9,9,99,99,9,9,99,99,9,9,99,9,99,9,9,6,6,1,33,6,2261,1,4,FORD MUSTANG,3,E01004460,0,2
2024201431081,2024,201431081,1,9,0,-1,19,2,6,-1,0,0,1,0,0,0,1,1,-1,6,1,41,7,5000,1,10,FORD MUSTANG,8,E01010226,0,1
2024451532017,2024,451532017,1,9,0,-1,19,1,5,-1,0,0,2,10,0,0,1,1,-1,1,1,25,5,5038,1,3,FORD MUSTANG,8,E01031651,0,4
2024991532892,2024,991532892,1,9,0,-1,13,8,4,-1,0,3,0,0,0,0,4,1,-1,9,1,42,7,4951,1,7,FORD MUSTANG,8,-1,0,1
2024031448298,2024,031448298,1,9,0,-1,19,6,2,-1,0,1,0,0,0,0,1,1,-1,9,1,56,9,5038,1,3,FORD MUSTANG,-1,-1,0,-1
2024221459405,2024,221459405,3,9,0,-1,19,8,4,-1,0,1,0,0,0,0,0,1,-1,2,1,31,6,4951,1,6,FORD MUSTANG,7,E01014137,0,3
2024041478566,2024,041478566,2,9,0,-1,2,0,0,-1,0,0,0,0,0,0,3,1,-1,6,-1,-1,-1,5038,1,6,FORD MUSTANG,-1,-1,0,-1
2024141444201,2024,141444201,2,9,0,-1,19,3,7,-1,0,2,0,0,0,0,1,1,-1,6,1,44,7,2261,1,6,FORD MUSTANG,1,E01007714,0,1
2024361433006,2024,361433006,1,9,0,-1,19,7,3,-1,0,0,0,0,7,0,1,1,-1,2,1,29,6,5038,1,2,FORD MUSTANG,4,E01026695,0,2
2024361402853,2024,361402853,1,9,0,-1,2,3,5,-1,0,1,0,0,0,0,2,1,-1,1,2,23,5,4951,1,8,FORD MUSTANG,4,E01026780,0,4
2024991540684,2024,991540684,2,9,0,-1,19,5,1,-1,0,0,1,0,1,0,1,1,-1,9,1,23,5,2261,1,9,FORD MUSTANG,-1,-1,0,-1
2024361449772,2024,361449772,1,9,0,-1,19,2,6,-1,0,0,1,0,1,0,4,1,-1,6,1,49,8,4951,1,8,FORD MUSTANG,5,E01026727,0,1
2024552400749,2024,552400749,2,9,0,7,7,4,6,0,0,5,0,0,0,0,4,1,6,6,1,68,10,2261,1,6,FORD MUSTANG,7,E01015324,0,1
2024010551077,2024,010551077,1,9,0,18,19,5,1,0,0,0,0,4,7,11,1,1,6,6,1,45,7,5038,1,2,FORD MUSTANG,3,E01001215,0,1
2024061524912,2024,061524912,1,9,0,-1,19,6,7,-1,0,0,0,0,0,0,1,1,-1,6,1,45,7,5038,1,4,FORD MUSTANG,1,E01006411,0,1
202454C273924,2024,54C273924,2,9,0,14,14,6,2,0,0,1,0,0,0,0,1,1,6,6,1,45,7,4951,1,9,FORD MUSTANG,2,E01015540,0,2
2024471412201,2024,471412201,1,9,0,-1,9,7,4,-1,0,0,0,0,0,0,1,1,-1,9,1,26,6,4951,1,8,FORD MUSTANG,3,E01021092,0,1
2024010501393,2024,010501393,2,9,0,18,19,7,3,0,0,0,0,0,0,0,1,1,6,6,1,34,6,2261,1,7,FORD MUSTANG,3,E01004004,0,1
2024421471814,2024,421471814,2,5,0,-1,19,5,1,-1,0,1,0,0,0,0,1,1,-1,2,1,22,5,647,1,22,-1,9,E01022076,0,1
2024501505970,2024,501505970,1,5,0,-1,13,3,7,-1,9,0,0,0,7,11,4,1,-1,6,1,26,6,647,1,21,-1,6,E01019924,0,2
2024111426055,2024,111426055,2,5,0,-1,14,1,5,-1,0,0,5,0,0,0,4,1,-1,6,1,59,9,647,1,20,-1,2,E01020672,0,1
2024211470205,2024,211470205,1,5,0,-1,13,8,4,-1,0,0,0,0,7,0,4,1,-1,9,1,77,11,647,1,22,-1,-1,-1,0,-1
2024161448661,2024,161448661,2,5,0,-1,3,3,7,-1,0,4,0,0,0,0,2,1,-1,6,1,76,11,647,1,21,-1,7,E01013269,0,2
2024451439613,2024,451439613,1,9,0,-1,19,5,1,-1,0,0,1,0,5,0,3,1,-1,6,1,41,7,1997,1,18,-1,3,E01002560,0,4
2024041439679,2024,041439679,1,9,0,-1,19,1,5,-1,9,0,0,0,1,0,1,1,-1,9,1,20,4,1997,1,24,-1,6,E01007076,0,1
2024041473551,2024,041473551,1,9,0,-1,19,2,6,-1,0,3,1,0,1,2,3,1,-1,9,1,31,6,1997,1,16,-1,10,E01018263,0,5
2024041403048,2024,041403048,3,9,0,-1,2,0,0,-1,0,1,0,0,0,0,1,1,-1,6,-1,-1,-1,1997,1,16,-1,-1,-1,0,-1
2024471422480,2024,471422480,2,9,0,-1,2,0,0,-1,0,0,0,0,0,0,2,1,-1,6,-1,-1,-1,1997,1,18,-1,-1,-1,0,-1
2024991423381,2024,991423381,1,9,0,-1,19,5,1,-1,0,0,1,0,6,0,4,9,-1,9,1,26,6,1997,1,24,-1,1,-1,0,3
2024061422763,2024,061422763,1,3,0,-1,13,2,6,-1,0,0,0,0,0,0,1,1,-1,9,1,17,4,125,1,8,-1,1,E01005552,0,1
2024440269666,2024,440269666,1,3,0,15,15,2,6,0,0,1,0,0,0,0,1,1,6,6,1,19,4,125,1,8,-1,10,E01022977,0,2
2024552400729,2024,552400729,1,17,4,9,9,3,2,0,0,6,0,0,0,0,3,1,1,1,1,18,4,6728,2,1,NEW HOLLAND MODEL MISSING,4,E01020506,0,3
2024991533413,2024,991533413,1,17,0,-1,9,2,7,-1,0,6,0,0,0,0,3,1,-1,1,1,18,4,6728,2,0,NEW HOLLAND MODEL MISSING,6,-1,0,2
2024302401039,2024,302401039,1,19,4,17,19,6,3,0,0,0,0,0,0,0,1,1,1,1,1,28,6,-1,-1,-1,NEW HOLLAND MODEL MISSING,5,E01009023,0,4
2024371442099,2024,371442099,2,17,0,-1,19,6,2,-1,0,0,0,0,0,0,1,1,-1,1,1,30,6,4485,2,9,NEW HOLLAND MODEL MISSING,4,E01030285,0,1
2024221478837,2024,221478837,1,17,0,-1,19,2,6,-1,0,0,0,0,0,0,3,9,-1,1,1,32,6,-1,2,17,NEW HOLLAND MODEL MISSING,-1,-1,0,-1
2024041455072,2024,041455072,1,17,5,-1,19,1,5,-1,0,0,0,0,0,0,0,1,-1,1,1,19,4,6728,2,12,NEW HOLLAND MODEL MISSING,7,E01027571,0,3
2024501531003,2024,501531003,1,17,0,-1,19,7,3,-1,0,0,0,0,0,0,2,2,-1,1,1,45,7,-1,2,27,NEW HOLLAND MODEL MISSING,4,E01018918,0,2
2024631532417,2024,631532417,1,17,5,-1,19,5,1,-1,0,6,0,0,0,0,4,2,-1,1,1,21,5,6728,2,0,NEW HOLLAND MODEL MISSING,8,W01000622,0,4
2024631532984,2024,631532984,1,17,4,-1,1,8,4,-1,0,0,0,0,0,0,0,1,-1,1,1,67,10,6728,2,4,NEW HOLLAND MODEL MISSING,6,W01000475,0,1
2024122401056,2024,122401056,1,17,5,18,19,1,5,0,0,0,0,0,8,10,1,1,1,1,1,21,5,6728,2,2,NEW HOLLAND MODEL MISSING,9,E01027794,0,3
2024631456949,2024,631456949,2,17,5,-1,19,1,5,-1,0,0,0,0,0,0,0,1,-1,2,2,19,4,6728,2,3,NEW HOLLAND MODEL MISSING,5,W01000452,0,4
2024161437355,2024,161437355,2,17,5,-1,19,8,4,-1,0,1,0,0,0,0,0,9,-1,6,1,-1,-1,6728,2,1,NEW HOLLAND MODEL MISSING,-1,-1,0,-1
2024041496883,2024,041496883,1,17,0,-1,19,5,1,-1,0,8,0,0,0,0,0,1,-1,1,1,24,5,-1,2,19,NEW HOLLAND MODEL MISSING,7,E01012614,0,3
2024211436873,2024,211436873,2,17,4,-1,3,2,6,-1,0,0,0,0,0,0,1,1,-1,1,1,26,6,-1,2,24,NEW HOLLAND MODEL MISSING,8,E01029805,0,1
2024351515318,2024,351515318,2,17,4,-1,14,1,5,-1,0,0,0,0,0,0,1,1,-1,6,1,21,5,6728,2,1,NEW HOLLAND MODEL MISSING,7,E01018053,0,3
2024501405725,2024,501405725,2,17,4,-1,19,3,7,-1,0,0,0,0,0,0,3,1,-1,1,2,31,6,6728,2,1,NEW HOLLAND MODEL MISSING,5,E01019901,0,3
2024332400751,2024,332400751,2,17,0,-1,19,5,1,-1,0,0,0,0,0,0,3,1,-1,2,1,36,7,6728,2,1,NEW HOLLAND MODEL MISSING,8,E01025890,0,4
2024991493183,2024,991493183,2,17,0,-1,12,1,4,-1,0,1,0,0,0,0,0,1,-1,1,1,59,9,6728,2,6,NEW HOLLAND MODEL MISSING,-1,-1,0,-1
2024211443667,2024,211443667,2,17,0,-1,19,1,4,-1,0,0,0,0,0,0,1,1,-1,1,1,66,10,4485,2,12,NEW HOLLAND MODEL MISSING,-1,-1,0,-1
2024221498118,2024,221498118,1,17,4,-1,19,4,7,-1,0,0,5,0,1,10,1,9,-1,2,1,16,4,7500,2,22,NEW HOLLAND MODEL MISSING,-1,-1,0,-1
2024421450372,2024,421450372,2,17,4,-1,19,6,2,-1,0,1,0,0,0,0,1,1,-1,1,1,62,9,6728,2,0,NEW HOLLAND MODEL MISSING,8,E01021411,0,3
2024211493076,2024,211493076,2,17,5,-1,19,5,5,-1,0,0,0,0,0,0,1,1,-1,1,1,32,6,6728,2,5,NEW HOLLAND MODEL MISSING,6,E01029571,0,3
2024631487631,2024,631487631,2,17,0,-1,19,3,7,-1,0,0,0,0,0,0,1,1,-1,1,1,27,6,-1,2,20,NEW HOLLAND MODEL MISSING,4,W01000542,0,4
2024461478050,2024,461478050,2,17,5,-1,19,5,1,-1,0,0,0,0,0,0,3,1,-1,1,1,41,7,3200,2,12,NEW HOLLAND MODEL MISSING,6,E01023988,0,1
2024131462221,2024,131462221,2,17,0,-1,19,3,7,-1,0,0,0,0,0,0,1,1,-1,1,1,50,8,6728,2,11,NEW HOLLAND MODEL MISSING,10,E01011932,0,2
2024552401343,2024,552401343,2,17,0,18,19,6,2,0,0,0,1,0,0,0,1,1,1,1,1,18,4,6728,2,5,NEW HOLLAND MODEL MISSING,6,E01020494,0,4
2024991496520,2024,991496520,2,17,0,-1,9,1,3,-1,0,5,0,0,0,0,3,1,-1,1,1,22,5,6728,2,10,NEW HOLLAND MODEL MISSING,-1,-1,0,-1
2024221454239,2024,221454239,1,17,0,-1,9,1,7,-1,0,6,0,0,0,0,1,1,-1,1,2,16,4,6728,2,3,NEW HOLLAND MODEL MISSING,-1,-1,0,-1
2024501501921,2024,501501921,1,17,4,-1,9,3,1,-1,0,5,0,0,0,0,3,1,-1,1,1,68,10,6728,2,9,NEW HOLLAND MODEL MISSING,5,E01020340,0,1
2024111432345,2024,111432345,2,17,0,-1,9,2,8,-1,0,1,0,0,0,0,2,1,-1,1,1,73,10,-1,2,22,NEW HOLLAND MODEL MISSING,6,E01027613,0,4
2024501535884,2024,501535884,2,17,4,-1,19,6,2,-1,0,2,0,0,0,0,3,1,-1,1,1,60,9,4485,2,2,NEW HOLLAND MODEL MISSING,4,E01018979,0,4
2024430478828,2024,430478828,2,17,0,2,2,0,0,0,0,0,0,0,0,0,2,1,1,1,1,32,6,6728,2,19,NEW HOLLAND MODEL MISSING,10,E01028790,0,1
2024991465562,2024,991465562,2,17,4,-1,7,3,5,-1,0,0,0,0,0,0,3,1,-1,1,1,55,8,-1,2,18,NEW HOLLAND MODEL MISSING,7,-1,0,4
2024361465561,2024,361465561,1,17,4,-1,19,1,5,-1,0,1,0,0,0,0,1,1,-1,1,1,24,5,6728,2,8,NEW HOLLAND MODEL MISSING,4,E01030285,0,4
2024461499266,2024,461499266,1,17,4,-1,19,2,6,-1,0,1,0,0,0,0,1,1,-1,1,1,29,6,6728,2,4,NEW HOLLAND MODEL MISSING,6,E01024052,0,3
2024531487247,2024,531487247,1,17,0,-1,19,7,3,-1,0,0,1,4,0,0,4,1,-1,1,1,18,4,6728,2,2,NEW HOLLAND MODEL MISSING,9,E01022183,0,1
2024101523974,2024,101523974,1,17,0,-1,19,7,3,-1,0,0,1,0,0,0,1,1,-1,1,1,-1,-1,6728,2,8,NEW HOLLAND MODEL MISSING,-1,-1,0,-1
2024320352187,2024,320352187,1,17,0,-1,-1,7,3,0,0,0,0,0,0,0,0,1,1,1,1,30,6,6728,2,7,NEW HOLLAND MODEL MISSING,3,E01026023,0,3
2024401435243,2024,401435243,1,17,5,-1,19,1,5,-1,0,0,5,0,1,0,1,1,-1,1,1,50,8,6728,2,7,NEW HOLLAND MODEL MISSING,7,E01017423,0,1
2024531479447,2024,531479447,2,17,4,-1,9,1,7,-1,0,1,0,0,0,0,2,1,-1,1,1,27,6,6728,2,5,NEW HOLLAND MODEL MISSING,10,E01022350,0,2
2024451466801,2024,451466801,1,17,0,-1,19,5,1,-1,9,0,5,0,7,0,1,1,-1,2,1,30,6,6728,2,4,NEW HOLLAND MODEL MISSING,7,E01000288,0,4
2024430358268,2024,430358268,3,17,4,9,9,4,2,0,0,8,0,0,0,0,2,1,1,1,1,17,4,6728,2,6,NEW HOLLAND MODEL MISSING,7,E01034783,0,3
2024991506653,2024,991506653,2,17,4,-1,19,3,7,-1,0,0,0,0,0,0,2,1,-1,1,1,58,9,6728,2,0,NEW HOLLAND MODEL MISSING,5,-1,0,2
2024991502756,2024,991502756,2,17,4,-1,19,1,5,-1,0,2,2,0,0,0,4,1,-1,1,1,23,5,6728,2,2,NEW HOLLAND MODEL MISSING,6,-1,0,3
2024122401283,2024,122401283,1,17,4,18,19,3,7,0,0,0,1,0,0,0,1,1,1,1,1,47,8,6750,2,16,NEW HOLLAND MODEL MISSING,6,E01027613,0,2
2024320279661,2024,320279661,1,17,4,9,9,4,1,0,0,5,5,0,0,0,3,1,-1,-1,1,54,8,6728,2,0,NEW HOLLAND MODEL MISSING,3,E01026024,0,3
2024320594290,2024,320594290,1,17,0,-1,-1,2,6,0,0,1,2,0,0,0,3,1,1,1,1,74,10,-1,2,18,NEW HOLLAND MODEL MISSING,-1,-1,0,-1
2024501499691,2024,501499691,2,17,0,-1,9,3,1,-1,0,1,0,0,7,0,3,1,-1,1,1,56,9,6728,2,10,NEW HOLLAND MODEL MISSING,8,E01019890,0,3
2024031487755,2024,031487755,3,17,5,-1,19,8,8,-1,0,0,0,0,0,0,2,1,-1,1,1,25,5,6728,2,2,NEW HOLLAND MODEL MISSING,5,E01019226,0,1
2024471438155,2024,471438155,2,9,0,-1,19,4,8,-1,0,0,0,0,0,0,1,1,-1,6,2,80,11,1589,1,25,-1,6,E01021164,0,1
2024622400353,2024,622400353,1,8,0,18,19,6,2,0,0,1,0,0,1,11,1,1,6,6,1,22,5,-1,-1,-1,-1,5,W01002040,0,3
2024631424191,2024,631424191,2,9,0,-1,19,4,8,-1,0,0,0,0,1,10,3,1,-1,6,2,56,9,1998,1,5,-1,6,W01000575,0,1
2024161434902,2024,161434902,2,9,0,-1,7,5,1,-1,0,4,0,0,0,0,3,1,-1,9,2,22,5,1998,1,11,-1,4,E01013146,0,1
2024501396842,2024,501396842,2,9,0,-1,4,8,2,-1,0,1,0,0,0,0,3,9,-1,6,1,62,9,2267,1,68,-1,6,E01020188,0,2
2024552401408,2024,552401408,2,3,0,18,19,8,4,0,0,8,0,0,0,0,3,1,6,6,1,17,4,125,1,19,-1,2,E01015305,0,2
2024471441708,2024,471441708,1,3,0,-1,19,4,7,-1,0,1,1,0,0,0,1,1,-1,9,1,16,4,124,1,24,-1,2,E01021014,0,1