collision_index,collision_year,collision_ref_no,vehicle_reference,vehicle_type,towing_and_articulation,vehicle_manoeuvre_historic,vehicle_manoeuvre,vehicle_direction_from,vehicle_direction_to,vehicle_location_restricted_lane_historic,vehicle_location_restricted_lane,junction_location,skidding_and_overturning,hit_object_in_carriageway,vehicle_leaving_carriageway,hit_object_off_carriageway,first_point_of_impact,vehicle_left_hand_drive,journey_purpose_of_driver_historic,journey_purpose_of_driver,sex_of_driver,age_of_driver,age_band_of_driver,engine_capacity_cc,propulsion_code,age_of_vehicle,generic_make_model,driver_imd_decile,lsoa_of_driver,escooter_flag,driver_distance_banding
2024361416354,2024,361416354,2,3,0,-1,19,6,2,-1,0,2,5,0,1,0,1,1,-1,6,1,36,7,125,1,19,-1,1,E01026598,0,1
2024440414605,2024,440414605,2,3,0,18,19,2,6,0,0,0,0,0,0,0,3,1,6,6,1,66,10,125,1,17,-1,4,E01023154,0,1
2024010514322,2024,010514322,1,3,0,15,15,3,7,0,0,1,5,0,0,0,1,1,6,6,1,21,5,124,1,4,SYM NH,5,E01033727,0,1
2024101500705,2024,101500705,2,3,0,-1,19,3,7,-1,0,1,5,0,0,0,4,1,-1,6,1,48,8,124,1,0,SYM NH,4,E01027362,0,3
2024010548036,2024,010548036,1,3,0,18,19,7,3,2,2,8,0,0,0,0,1,1,2,2,1,35,6,124,1,1,SYM NH,3,E01034206,0,3
2024070734481,2024,070734481,2,3,0,-1,19,7,3,-1,0,8,0,0,0,0,1,1,-1,9,1,20,4,124,1,0,SYM NH,1,E01012439,0,3
2024201454514,2024,201454514,1,2,0,-1,13,1,5,-1,0,8,1,10,7,11,1,1,-1,9,1,18,4,124,1,1,SYM NH,6,E01010075,0,3
2024221533059,2024,221533059,1,3,0,-1,19,5,1,-1,0,8,0,0,0,0,1,1,-1,6,1,29,6,124,1,4,SYM NH,7,E01032398,0,4
2024622400863,2024,622400863,2,4,0,18,19,3,7,0,0,1,0,0,0,0,1,1,6,6,1,22,5,124,1,0,SYM NH,5,W01001786,0,2
2024552401197,2024,552401197,1,4,0,18,19,1,5,0,0,8,0,0,0,0,1,1,6,6,1,19,4,124,1,1,SYM NH,2,E01020573,0,3
2024211490587,2024,211490587,2,3,0,-1,19,6,2,-1,0,1,0,0,0,0,1,1,-1,6,1,-1,-1,124,1,4,SYM NH,1,E01014368,0,3
2024471396422,2024,471396422,2,3,0,-1,19,8,6,-1,0,8,0,0,0,0,4,1,-1,2,1,20,4,124,1,3,SYM NH,8,E01023234,0,4
2024481472309,2024,481472309,2,3,0,-1,19,3,7,-1,0,8,0,0,0,0,4,1,-1,2,1,26,6,124,1,3,SYM NH,-1,-1,0,-1
2024340WN5302,2024,340WN5302,2,9,0,-1,19,1,5,-1,0,1,0,4,0,0,1,1,-1,2,1,34,6,1364,2,10,TOYOTA AURIS,1,E01027235,0,1
2024461478277,2024,461478277,3,9,0,-1,19,8,3,-1,0,0,0,0,0,0,1,1,-1,1,1,27,6,1797,8,13,TOYOTA AURIS,2,E01035296,0,2
2024401433428,2024,401433428,2,9,0,-1,19,7,3,-1,0,0,0,0,0,0,1,1,-1,6,1,35,6,1364,2,16,TOYOTA AURIS,4,E01017538,0,1
2024311427306,2024,311427306,1,9,0,-1,4,5,2,-1,5,0,0,0,0,0,1,1,-1,6,1,47,8,1998,2,16,TOYOTA AURIS,2,E01013918,0,2
2024052401424,2024,052401424,2,9,0,18,19,4,8,0,0,8,0,0,0,0,3,1,2,2,1,26,6,1798,8,6,TOYOTA AURIS,4,E01006688,0,1
2024440449443,2024,440449443,1,8,0,18,19,2,6,0,0,7,0,0,4,0,1,1,1,1,1,62,9,1797,8,9,TOYOTA AURIS,2,E01017153,0,3
2024440461699,2024,440461699,1,9,0,18,19,1,5,0,0,0,0,0,0,0,2,1,6,6,1,43,7,1598,1,10,TOYOTA AURIS,6,E01034728,0,3
2024451440864,2024,451440864,1,9,0,-1,19,1,5,-1,0,0,0,0,0,0,1,1,-1,2,2,46,8,1398,1,17,TOYOTA AURIS,7,E01031688,0,3
2024010523063,2024,010523063,2,9,0,99,99,9,9,99,99,6,9,99,9,99,9,9,6,6,3,-1,-1,1798,8,9,TOYOTA AURIS,-1,-1,0,-1
2024131524086,2024,131524086,1,9,0,-1,19,6,2,-1,9,1,0,0,0,0,1,1,-1,6,1,57,9,1798,8,8,TOYOTA AURIS,3,E01010761,0,2
2024552400958,2024,552400958,3,9,0,3,3,6,2,0,0,0,0,0,0,0,2,1,6,6,1,61,9,1797,8,10,TOYOTA AURIS,10,E01016430,0,5
2024131508214,2024,131508214,2,9,0,-1,9,5,3,-1,0,8,0,0,0,0,1,1,-1,1,1,52,8,1797,8,10,TOYOTA AURIS,1,E01033693,0,1
2024010534774,2024,010534774,1,9,0,18,19,2,6,0,0,0,0,0,0,0,1,1,6,6,3,-1,-1,1798,8,7,TOYOTA AURIS,6,E01003707,0,4
2024010537823,2024,010537823,2,9,0,3,3,1,5,0,0,4,0,0,0,0,1,1,1,1,1,47,8,1798,8,8,TOYOTA AURIS,5,E01021678,0,4
2024010515708,2024,010515708,1,9,0,18,19,8,4,0,0,2,0,7,7,11,1,1,6,6,2,65,9,1797,8,9,TOYOTA AURIS,9,E01001416,0,1
2024332400359,2024,332400359,2,8,0,-1,6,1,1,-1,4,0,0,0,0,0,3,1,-1,6,1,-1,-1,1797,8,10,TOYOTA AURIS,-1,-1,0,-1
2024010545216,2024,010545216,2,9,0,18,19,2,6,0,0,2,0,0,0,0,1,1,6,6,3,-1,-1,1797,8,10,TOYOTA AURIS,-1,-1,0,-1
2024061448796,2024,061448796,2,9,0,-1,19,2,6,-1,0,0,0,0,0,0,2,1,-1,9,1,84,11,1797,8,9,TOYOTA AURIS,6,E01015174,0,5
2024131492971,2024,131492971,1,9,0,-1,9,7,5,-1,0,5,0,0,0,0,1,1,-1,9,1,49,8,1797,8,13,TOYOTA AURIS,1,E01010723,0,1
2024131466795,2024,131466795,1,9,0,-1,5,2,6,-1,0,2,0,0,0,0,1,1,-1,6,1,52,8,1797,8,14,TOYOTA AURIS,1,E01010624,0,3
2024451413038,2024,451413038,2,9,0,-1,5,7,1,-1,0,3,0,0,0,0,2,1,-1,1,1,67,10,1798,8,6,TOYOTA AURIS,4,E01030752,0,2
2024552401102,2024,552401102,2,9,0,18,19,3,7,0,0,8,0,0,0,0,3,1,6,6,2,53,8,1797,8,11,TOYOTA AURIS,1,E01015281,0,1
2024631498687,2024,631498687,1,9,0,-1,4,2,8,-1,0,8,0,0,0,0,2,1,-1,2,1,50,8,1798,8,9,TOYOTA AURIS,7,W01000562,0,1
2024010502501,2024,010502501,1,9,0,99,99,9,9,99,99,9,9,99,9,99,9,9,6,6,3,-1,-1,1797,8,13,TOYOTA AURIS,2,E01004129,0,1
2024471509045,2024,471509045,1,9,0,-1,11,1,5,-1,0,0,1,0,0,0,3,1,-1,9,1,65,9,1797,8,12,TOYOTA AURIS,8,E01021167,0,2
2024010521953,2024,010521953,1,9,0,99,99,9,9,0,0,1,0,0,0,0,1,1,6,6,3,27,6,1798,8,9,TOYOTA AURIS,3,E01035671,0,2
2024991440117,2024,991440117,2,8,0,-1,19,7,3,-1,0,8,0,0,0,0,3,1,-1,1,1,46,8,1798,8,8,TOYOTA AURIS,4,-1,0,4
2024421478110,2024,421478110,1,9,0,-1,19,6,2,-1,0,1,0,0,0,0,1,1,-1,9,1,77,11,1798,8,7,TOYOTA AURIS,4,E01003719,0,4
2024991446310,2024,991446310,2,9,0,-1,3,3,7,-1,0,0,0,0,3,0,2,1,-1,1,1,70,10,1798,8,7,TOYOTA AURIS,-1,-1,0,-1
2024131436676,2024,131436676,1,9,0,-1,-1,-1,-1,-1,-1,-1,-1,-1,-1,-1,-1,1,-1,6,3,-1,-1,1798,8,7,TOYOTA AURIS,-1,-1,0,-1
2024440188093,2024,440188093,2,9,0,18,19,8,4,0,0,0,0,0,0,0,2,1,6,6,2,31,6,1797,8,13,TOYOTA AURIS,8,E01023087,0,2
2024201432777,2024,201432777,2,9,0,-1,19,2,6,-1,0,2,0,0,0,0,1,9,-1,6,1,22,5,1598,1,15,TOYOTA AURIS,-1,-1,0,-1
2024010500984,2024,010500984,3,9,0,99,99,9,9,99,99,0,9,99,9,99,2,9,6,6,3,-1,-1,1798,8,7,TOYOTA AURIS,7,E01032768,0,1
2024010527498,2024,010527498,1,9,0,13,13,3,7,0,0,1,0,0,0,0,4,1,6,6,3,-1,-1,1798,8,6,TOYOTA AURIS,-1,-1,0,-1
2024440081229,2024,440081229,1,8,0,6,6,2,2,0,0,0,0,0,0,0,3,1,1,1,1,45,7,1798,8,6,TOYOTA AURIS,4,E01017135,0,1
2024131505360,2024,131505360,2,9,0,-1,19,5,1,-1,0,8,0,0,0,0,2,1,-1,6,2,48,8,1598,1,11,TOYOTA AURIS,2,E01011020,0,1
2024401435579,2024,401435579,2,8,0,-1,19,5,1,-1,0,8,0,0,0,0,4,1,-1,1,1,48,8,1598,2,6,TOYOTA AURIS,5,E01015767,0,1
2024010492132,2024,010492132,1,9,0,18,19,1,5,0,0,8,0,0,0,0,1,1,2,2,1,23,5,1797,8,9,TOYOTA AURIS,3,E01035680,0,1
2024010546721,2024,010546721,2,8,0,7,7,1,3,0,0,1,0,0,0,0,3,1,1,1,1,53,8,1798,8,8,TOYOTA AURIS,6,E01000407,0,3
2024101456151,2024,101456151,1,9,0,-1,1,7,3,-1,0,0,0,0,0,0,2,1,-1,9,1,84,11,1798,8,7,TOYOTA AURIS,10,E01018590,0,5
2024010522164,2024,010522164,2,9,0,18,19,7,3,0,0,7,0,0,0,0,1,1,6,6,2,34,6,1598,1,9,TOYOTA AURIS,9,E01024139,0,4
2024010521597,2024,010521597,1,9,0,17,19,5,1,0,0,1,0,0,7,0,1,1,6,6,1,47,8,1797,8,13,TOYOTA AURIS,9,E01003383,0,1
2024201519613,2024,201519613,1,9,0,-1,19,2,6,-1,0,0,0,0,0,0,1,1,-1,9,1,20,4,1598,1,18,TOYOTA AURIS,2,E01010104,0,1
2024531474041,2024,531474041,1,9,0,-1,9,4,2,-1,0,6,0,0,0,0,1,1,-1,6,2,60,9,1797,8,11,TOYOTA AURIS,9,E01022145,0,2
2024991402441,2024,991402441,1,9,0,-1,19,3,7,-1,0,2,0,0,0,0,1,1,-1,9,1,79,11,1797,8,11,TOYOTA AURIS,-1,-1,0,-1
2024161496571,2024,161496571,1,8,0,-1,19,7,3,-1,9,0,0,0,0,0,4,1,-1,1,1,35,6,1798,8,8,TOYOTA AURIS,1,E01012856,0,2
2024201474149,2024,201474149,2,9,0,-1,19,4,8,-1,0,1,0,0,0,0,1,1,-1,6,1,30,6,1598,1,14,TOYOTA AURIS,5,E01031144,0,3
2024010530598,2024,010530598,2,9,0,99,99,9,9,99,99,9,9,99,9,99,1,9,6,6,3,34,6,1798,8,6,TOYOTA AURIS,3,E01003550,0,1
2024440395994,2024,440395994,2,9,0,9,9,7,5,0,0,8,0,0,0,0,1,1,1,1,1,34,6,1798,8,9,TOYOTA AURIS,2,E01017153,0,1
2024131471375,2024,131471375,1,9,0,-1,19,3,3,-1,0,0,0,0,0,0,4,1,-1,6,2,46,8,1364,2,11,TOYOTA AURIS,3,E01010602,0,1
2024311530177,2024,311530177,2,9,0,-1,19,3,7,-1,0,8,0,0,7,0,4,1,-1,1,1,40,7,1798,8,7,TOYOTA AURIS,-1,-1,0,-1
2024201435962,2024,201435962,2,9,0,-1,19,2,6,-1,0,8,0,0,0,0,9,9,-1,1,1,42,7,1798,8,8,TOYOTA AURIS,2,E01010341,0,1
2024131529869,2024,131529869,2,9,0,-1,19,1,5,-1,0,8,0,0,0,0,4,1,-1,1,1,25,5,1797,8,10,TOYOTA AURIS,2,E01011913,0,1
2024010498001,2024,010498001,1,9,0,13,13,5,1,9,9,0,1,0,0,0,1,1,6,6,1,18,4,1798,8,9,TOYOTA AURIS,3,E01004211,0,1
2024131463691,2024,131463691,1,9,0,-1,9,3,5,-1,0,1,0,0,0,0,3,1,-1,9,1,20,4,1598,1,17,TOYOTA AURIS,2,E01011017,0,1
2024451492098,2024,451492098,2,9,0,-1,19,-1,-1,-1,-1,0,-1,-1,-1,0,3,9,-1,6,1,56,9,1797,8,11,TOYOTA AURIS,10,E01031002,0,1
2024010512469,2024,010512469,1,9,0,99,99,9,9,99,99,9,9,99,9,99,1,9,6,6,3,-1,-1,1797,8,14,TOYOTA AURIS,5,E01003685,0,1
2024010537993,2024,010537993,2,9,0,99,99,9,9,0,0,8,0,0,0,0,9,9,6,6,3,-1,-1,1329,1,13,TOYOTA AURIS,-1,-1,0,-1
2024061398926,2024,061398926,1,9,0,-1,19,6,2,-1,0,0,0,0,7,3,1,1,-1,9,1,76,11,1197,1,8,TOYOTA AURIS,6,E01005901,0,1
2024010545471,2024,010545471,2,9,0,99,99,9,9,99,99,9,9,99,9,99,9,9,6,6,3,-1,-1,1797,8,10,TOYOTA AURIS,-1,-1,0,-1
2024131397715,2024,131397715,2,9,0,-1,8,0,0,-1,0,6,0,0,0,0,3,1,-1,1,1,37,7,1797,8,11,TOYOTA AURIS,1,E01011428,0,1
2024041420010,2024,041420010,1,9,0,-1,9,1,5,-1,0,6,0,0,0,0,1,1,-1,1,1,54,8,1798,8,6,TOYOTA AURIS,1,E01012707,0,1
2024231481445,2024,231481445,4,9,0,-1,2,0,0,-1,-1,0,0,0,0,0,2,1,-1,6,2,42,7,1998,2,17,TOYOTA AURIS,6,E01031084,0,1
2024010534910,2024,010534910,1,9,0,3,3,3,7,0,0,1,0,0,0,0,2,1,6,6,1,38,7,1798,8,7,TOYOTA AURIS,3,E01003625,0,2
2024320235013,2024,320235013,2,9,0,9,9,6,3,0,0,5,0,0,0,0,2,1,-1,-1,2,37,7,1598,1,11,TOYOTA AURIS,7,E01034684,0,1
2024311451612,2024,311451612,1,8,0,-1,19,8,7,-1,0,6,0,0,0,0,4,1,-1,1,1,28,6,1798,8,7,TOYOTA AURIS,5,E01013931,0,1
2024131505397,2024,131505397,3,9,0,-1,19,1,5,-1,0,0,0,0,0,0,1,1,-1,6,1,39,7,1598,1,11,TOYOTA AURIS,8,E01011350,0,1
2024131447688,2024,131447688,1,9,0,-1,19,1,5,-1,0,4,0,0,0,0,2,1,-1,1,1,45,7,1798,8,8,TOYOTA AURIS,3,E01034584,0,3
2024010523319,2024,010523319,2,9,0,3,3,3,7,0,0,4,0,0,0,0,4,1,1,1,1,33,6,1798,8,8,TOYOTA AURIS,4,E01004376,0,1
2024131509580,2024,131509580,2,9,0,-1,19,5,1,-1,0,1,0,0,0,0,1,1,-1,2,1,47,8,1798,8,6,TOYOTA AURIS,8,E01007362,0,2
2024131453571,2024,131453571,1,9,0,-1,19,2,6,-1,0,8,0,0,0,0,1,1,-1,1,1,64,9,1797,8,10,TOYOTA AURIS,3,E01010847,0,2
2024201434542,2024,201434542,3,9,0,-1,19,4,8,-1,0,0,0,0,0,0,1,1,-1,2,1,37,7,1798,8,8,TOYOTA AURIS,5,E01010023,0,1
2024411469743,2024,411469743,2,8,0,-1,19,1,5,-1,0,8,0,0,0,0,4,1,-1,1,1,41,7,1798,8,7,TOYOTA AURIS,7,E01023435,0,3
2024461403315,2024,461403315,1,8,0,-1,19,4,8,-1,0,0,0,0,0,0,1,1,-1,1,1,35,6,1798,8,7,TOYOTA AURIS,1,E01024049,0,1
2024401465386,2024,401465386,1,9,0,-1,19,6,2,-1,0,0,0,0,7,4,1,1,-1,6,1,40,7,1598,1,17,TOYOTA AURIS,5,E01034421,0,1
2024061494618,2024,061494618,3,9,0,-1,19,4,8,-1,0,0,0,0,0,0,1,1,-1,6,2,56,9,1329,1,11,TOYOTA AURIS,1,E01004879,0,1
2024122400737,2024,122400737,2,9,0,2,2,0,0,0,0,2,0,0,0,0,2,1,6,6,3,-1,-1,1798,8,9,TOYOTA AURIS,-1,-1,0,-1
2024041424520,2024,041424520,1,9,0,-1,5,5,1,-1,0,1,0,0,0,0,0,1,-1,1,1,48,8,1798,8,6,TOYOTA AURIS,3,E01012685,0,1
2024131531436,2024,131531436,1,9,0,-1,19,1,5,-1,0,8,-1,-1,-1,0,-1,1,-1,6,3,-1,-1,1797,8,10,TOYOTA AURIS,-1,-1,0,-1
2024161525120,2024,161525120,1,9,0,-1,4,1,5,-1,0,0,0,0,0,0,0,1,-1,1,2,61,9,1798,8,7,TOYOTA AURIS,1,E01013219,0,1
2024122400988,2024,122400988,1,9,0,18,19,3,7,0,0,1,0,0,0,0,1,1,6,6,1,52,8,1329,1,15,TOYOTA AURIS,2,E01010728,0,3
2024131463691,2024,131463691,2,9,0,-1,19,2,2,-1,0,1,0,0,0,0,3,1,-1,1,1,37,7,1798,8,8,TOYOTA AURIS,2,E01011034,0,1
2024010547000,2024,010547000,1,9,0,5,5,1,5,0,0,1,0,0,1,0,1,1,6,6,1,25,5,1798,8,8,TOYOTA AURIS,2,E01035683,0,3
2024201434389,2024,201434389,2,9,0,-1,3,3,7,-1,0,0,0,0,0,0,2,1,-1,6,1,41,7,1598,1,16,TOYOTA AURIS,1,E01009334,0,1
2024131436787,2024,131436787,1,9,0,-1,15,4,7,-1,0,1,0,4,0,0,1,1,-1,1,1,41,7,1798,8,8,TOYOTA AURIS,1,E01010620,0,2
2024010489018,2024,010489018,1,9,0,18,19,7,3,0,0,1,0,0,0,0,3,1,6,6,1,66,10,1797,8,11,TOYOTA AURIS,2,E01001977,0,2
2024302400894,2024,302400894,1,8,0,18,19,8,4,0,0,0,0,4,0,0,4,1,1,1,1,70,10,1797,8,10,TOYOTA AURIS,4,E01035502,0,3
2024131410424,2024,131410424,2,9,0,-1,19,3,7,-1,0,2,0,0,0,0,1,1,-1,9,1,34,6,1329,1,15,TOYOTA AURIS,1,E01011373,0,2
2024061400833,2024,061400833,1,8,0,-1,19,3,7,-1,0,0,0,0,0,0,1,1,-1,1,1,53,8,1798,8,7,TOYOTA AURIS,2,E01005371,0,3
2024131425501,2024,131425501,2,9,0,-1,2,0,0,-1,0,8,0,0,0,0,1,1,-1,1,1,59,9,1798,8,7,TOYOTA AURIS,1,E01011510,0,2
2024010502582,2024,010502582,2,9,0,9,9,6,3,0,0,0,0,0,0,0,1,1,6,6,1,38,7,1364,2,16,TOYOTA AURIS,3,E01001489,0,1
2024201500800,2024,201500800,1,9,0,-1,14,5,8,-1,0,0,0,0,0,0,1,1,-1,6,1,20,4,1329,1,15,TOYOTA AURIS,2,E01009573,0,1
2024010529354,2024,010529354,1,9,0,99,99,9,9,99,99,9,9,99,9,99,2,9,6,6,1,26,6,1797,8,10,TOYOTA AURIS,5,E01004668,0,1
2024010501302,2024,010501302,2,9,0,99,99,9,9,99,99,9,9,99,9,99,1,9,6,6,1,45,7,1598,1,9,TOYOTA AURIS,4,E01003722,0,1
2024041498272,2024,041498272,1,9,0,-1,19,5,3,-1,0,6,0,0,0,0,1,1,-1,9,2,44,7,1798,8,6,TOYOTA AURIS,6,E01025020,0,3
2024041442796,2024,041442796,3,9,0,-1,19,5,1,-1,0,0,0,0,0,0,2,1,-1,9,1,50,8,1797,8,10,TOYOTA AURIS,4,E01011165,0,4
2024311420449,2024,311420449,1,9,0,-1,19,3,7,-1,0,0,0,0,0,0,2,9,-1,1,1,30,6,1798,8,6,TOYOTA AURIS,2,E01013845,0,1
2024430227997,2024,430227997,1,9,0,7,7,5,7,0,0,5,0,0,0,0,1,1,6,6,1,-1,-1,1798,8,6,TOYOTA AURIS,-1,-1,0,-1
2024161444243,2024,161444243,1,9,0,-1,19,2,4,-1,0,1,0,0,0,0,1,1,-1,9,1,39,7,1598,1,15,TOYOTA AURIS,7,E01012985,0,3
2024010526333,2024,010526333,1,9,0,18,19,3,7,0,0,0,0,0,1,4,1,1,6,6,1,21,5,1798,8,9,TOYOTA AURIS,7,E01003779,0,3
2024141509682,2024,141509682,1,9,0,-1,19,8,4,-1,0,1,0,0,0,0,1,1,-1,9,1,40,7,1798,8,6,TOYOTA AURIS,1,E01013812,0,4
2024010524816,2024,010524816,1,9,0,18,19,3,7,0,0,2,0,10,0,0,1,1,1,1,1,43,7,1797,8,10,TOYOTA AURIS,-1,-1,0,-1
2024451479677,2024,451479677,1,9,0,-1,9,5,1,-1,0,4,0,0,3,0,3,1,-1,2,2,30,6,1598,1,16,TOYOTA AURIS,6,E01030649,0,1
2024101406061,2024,101406061,4,9,0,-1,2,0,0,-1,0,2,0,0,0,0,2,1,-1,6,-1,-1,-1,1998,2,16,TOYOTA AURIS,-1,-1,0,-1
2024010528411,2024,010528411,2,9,0,2,2,0,0,0,0,1,0,0,0,0,4,1,6,6,3,-1,-1,1598,1,17,TOYOTA AURIS,-1,-1,0,-1
2024471452721,2024,471452721,1,9,0,-1,9,5,3,-1,0,2,0,0,0,0,1,1,-1,9,1,65,9,1797,8,11,TOYOTA AURIS,6,E01021079,0,1
2024010503310,2024,010503310,2,9,0,99,99,9,9,99,99,9,9,99,9,99,9,9,6,6,3,41,7,1797,8,10,TOYOTA AURIS,2,E01002734,0,1
2024351405599,2024,351405599,2,8,-1,-1,-1,-1,-1,-1,-1,0,-1,-1,-1,0,-1,9,-1,1,1,32,6,1797,8,9,TOYOTA AURIS,2,E01015601,0,1
2024311422809,2024,311422809,1,9,0,-1,4,3,7,-1,0,0,0,0,0,0,0,1,-1,1,1,46,8,1797,8,11,TOYOTA AURIS,2,E01013962,0,2
2024201437718,2024,201437718,2,9,0,-1,5,6,2,-1,0,0,0,0,0,0,1,1,-1,1,1,40,7,1798,8,5,TOYOTA AURIS,-1,-1,0,-1
2024061414688,2024,061414688,1,9,0,-1,7,5,7,-1,0,1,0,0,0,0,1,1,-1,6,2,42,7,1329,1,13,TOYOTA AURIS,3,E01005120,0,1
2024010543652,2024,010543652,2,9,0,9,9,1,7,0,0,5,0,0,0,0,1,1,6,6,2,22,5,1598,1,13,TOYOTA AURIS,6,E01030700,0,4
2024332400052,2024,332400052,1,8,0,-1,9,7,5,-1,0,5,0,0,0,0,2,1,-1,6,1,43,7,1797,8,11,TOYOTA AURIS,1,E01013691,0,1
2024451450850,2024,451450850,2,9,0,-1,7,6,8,-1,0,3,0,0,0,0,4,1,-1,9,2,46,8,1797,8,12,TOYOTA AURIS,7,E01030347,0,2
2024131532995,2024,131532995,1,9,0,-1,19,1,5,-1,0,1,0,0,0,0,1,1,-1,6,3,-1,-1,1797,8,10,TOYOTA AURIS,-1,-1,0,-1
2024411538209,2024,411538209,2,9,0,-1,4,1,5,-1,0,0,0,0,0,0,2,1,-1,6,1,72,10,1364,2,16,TOYOTA AURIS,10,E01016185,0,4
2024052401505,2024,052401505,1,8,0,18,19,3,7,0,0,0,0,0,0,0,4,1,1,1,1,51,8,1798,8,6,TOYOTA AURIS,1,E01006729,0,2
2024010506642,2024,010506642,1,8,0,18,19,3,7,99,99,9,9,99,9,99,4,1,1,1,1,36,7,1798,8,7,TOYOTA AURIS,3,E01000088,0,1
2024501407842,2024,501407842,1,8,0,-1,7,2,5,-1,9,0,0,0,0,0,1,1,-1,1,2,42,7,1797,8,10,TOYOTA AURIS,2,E01020039,0,1
2024010511157,2024,010511157,1,9,0,5,5,1,5,8,6,7,0,4,8,11,1,1,6,6,1,82,11,1798,8,6,TOYOTA AURIS,10,E01003805,0,1
2024061479012,2024,061479012,2,9,0,-1,2,0,0,-1,0,1,0,0,1,0,2,1,-1,6,2,35,6,1797,8,11,TOYOTA AURIS,-1,-1,0,-1
2024101455133,2024,101455133,1,8,0,-1,1,1,5,-1,0,1,0,0,0,0,2,9,-1,1,1,-1,-1,1798,8,7,TOYOTA AURIS,-1,-1,0,-1
2024201414871,2024,201414871,1,9,0,-1,9,5,2,-1,0,5,0,0,0,0,1,9,-1,9,1,22,5,1797,8,9,TOYOTA AURIS,1,E01008966,0,3
2024131459553,2024,131459553,1,9,0,-1,19,1,5,-1,0,2,0,0,0,0,1,1,-1,6,2,38,7,1797,8,9,TOYOTA AURIS,1,E01011143,0,1
2024311493750,2024,311493750,2,9,0,-1,19,3,7,-1,0,0,0,0,0,0,1,1,-1,6,1,47,8,1797,8,9,TOYOTA AURIS,-1,-1,0,-1
2024401455671,2024,401455671,2,9,0,-1,2,0,0,-1,0,1,0,0,0,0,2,1,-1,6,-1,-1,-1,1798,8,9,TOYOTA AURIS,-1,-1,0,-1
2024461468033,2024,461468033,1,9,0,-1,19,7,3,-1,0,0,5,4,0,0,1,2,-1,6,2,76,11,1798,8,7,TOYOTA AURIS,9,E01024331,0,1
2024010526302,2024,010526302,1,9,0,18,19,3,7,0,0,0,0,0,0,0,0,1,6,6,1,40,7,1598,1,14,TOYOTA AURIS,6,E01025740,0,5
2024421504257,2024,421504257,2,9,0,-1,-1,-1,-1,-1,-1,-1,-1,-1,-1,0,-1,9,-1,6,1,29,6,1797,8,11,TOYOTA AURIS,2,E01034476,0,4
2024201457309,2024,201457309,1,9,0,-1,19,2,6,-1,0,1,0,0,0,0,1,9,-1,1,1,58,9,1798,8,6,TOYOTA AURIS,1,E01009061,0,1
2024451515016,2024,451515016,1,9,0,-1,19,5,1,-1,0,0,0,0,4,1,3,1,-1,9,1,58,9,1598,1,16,TOYOTA AURIS,4,E01002641,0,2
2024010487776,2024,010487776,1,8,0,18,19,8,4,0,0,1,0,0,0,0,3,1,6,6,1,59,9,1797,8,11,TOYOTA AURIS,2,E01001430,0,1
2024552401058,2024,552401058,2,9,0,4,4,8,4,0,0,0,0,0,0,0,2,1,6,6,1,28,6,1797,8,13,TOYOTA AURIS,4,E01020572,0,4
2024141460491,2024,141460491,1,9,0,-1,4,5,1,-1,0,1,0,0,0,0,2,1,-1,6,1,34,6,1797,8,10,TOYOTA AURIS,2,E01011912,0,4
2024010503005,2024,010503005,1,9,0,7,7,7,1,0,0,1,1,0,7,0,1,1,6,6,1,24,5,1329,1,14,TOYOTA AURIS,3,E01024092,0,4
2024461468268,2024,461468268,2,9,0,-1,19,7,3,-1,0,0,0,0,8,0,1,1,-1,6,1,55,8,1598,1,12,TOYOTA AURIS,7,E01024127,0,3
2024061525049,2024,061525049,2,9,0,-1,9,6,3,-1,0,1,0,0,0,0,4,1,-1,9,1,49,8,1364,2,9,TOYOTA AURIS,3,E01005332,0,1
2024991456122,2024,991456122,2,9,0,-1,19,5,1,-1,0,2,0,0,0,0,4,1,-1,9,1,74,10,1798,8,7,TOYOTA AURIS,10,-1,0,1
2024131407025,2024,131407025,1,9,0,-1,-1,-1,-1,-1,0,8,-1,-1,-1,0,-1,1,-1,1,1,61,9,1798,8,6,TOYOTA AURIS,1,E01010803,0,1
2024411501470,2024,411501470,1,9,0,-1,99,1,4,-1,0,0,0,0,0,0,1,9,-1,6,2,49,8,1398,1,16,TOYOTA AURIS,9,E01023896,0,1
2024010547924,2024,010547924,2,9,0,99,99,9,9,99,99,9,9,99,9,99,9,9,6,6,3,-1,-1,1798,8,6,TOYOTA AURIS,-1,-1,0,-1
2024131431334,2024,131431334,2,9,0,-1,19,1,1,-1,0,0,0,0,3,0,4,1,-1,9,1,40,7,1798,8,7,TOYOTA AURIS,1,E01033021,0,1
2024201419798,2024,201419798,2,9,0,-1,3,3,1,-1,0,1,0,0,0,0,3,9,-1,1,1,38,7,1797,8,9,TOYOTA AURIS,2,E01033642,0,1
2024131530281,2024,131530281,2,9,0,-1,19,5,1,-1,0,0,0,0,0,0,2,1,-1,1,1,41,7,1798,8,6,TOYOTA AURIS,5,E01011164,0,3
2024461512956,2024,461512956,2,9,0,-1,3,1,5,-1,0,1,0,0,0,0,2,9,-1,9,2,35,6,1598,1,16,TOYOTA AURIS,4,E01024373,0,1