collision_index,collision_year,collision_ref_no,vehicle_reference,vehicle_type,towing_and_articulation,vehicle_manoeuvre_historic,vehicle_manoeuvre,vehicle_direction_from,vehicle_direction_to,vehicle_location_restricted_lane_historic,vehicle_location_restricted_lane,junction_location,skidding_and_overturning,hit_object_in_carriageway,vehicle_leaving_carriageway,hit_object_off_carriageway,first_point_of_impact,vehicle_left_hand_drive,journey_purpose_of_driver_historic,journey_purpose_of_driver,sex_of_driver,age_of_driver,age_band_of_driver,engine_capacity_cc,propulsion_code,age_of_vehicle,generic_make_model,driver_imd_decile,lsoa_of_driver,escooter_flag,driver_distance_banding
2024320236028,2024,320236028,2,8,0,-1,-1,8,4,0,0,0,0,0,0,0,3,1,1,1,1,65,9,1798,8,8,TOYOTA AURIS,5,E01034692,0,1
2024041477553,2024,041477553,2,9,0,-1,19,3,7,-1,0,1,0,0,0,0,1,1,-1,9,1,23,5,1364,2,15,TOYOTA AURIS,1,E01025227,0,1
2024522401853,2024,522401853,1,9,0,18,19,7,3,0,0,0,0,0,0,0,2,1,6,6,1,27,6,1797,8,9,TOYOTA AURIS,6,E01014531,0,1
2024451511508,2024,451511508,1,9,0,-1,19,5,1,-1,0,0,0,0,7,0,4,1,-1,9,1,48,8,1797,8,10,TOYOTA AURIS,9,E01030768,0,3
2024201426462,2024,201426462,2,8,0,-1,19,5,1,-1,0,8,1,10,1,0,3,1,-1,9,1,39,7,1797,8,9,TOYOTA AURIS,1,E01009192,0,1
2024010513068,2024,010513068,2,9,0,99,99,9,9,99,99,9,9,99,9,99,9,9,6,6,3,-1,-1,1798,8,8,TOYOTA AURIS,-1,-1,0,-1
2024440039483,2024,440039483,2,9,0,2,2,0,0,0,0,0,0,0,0,0,3,1,6,6,3,-1,-1,1329,1,11,TOYOTA AURIS,-1,-1,0,-1
2024991432800,2024,991432800,1,8,0,-1,19,5,1,-1,0,8,0,0,0,0,4,1,-1,1,1,45,7,1798,8,7,TOYOTA AURIS,6,-1,0,2
2024311526601,2024,311526601,2,9,0,-1,11,4,8,-1,0,3,0,0,0,0,2,1,-1,6,1,65,9,1598,1,16,TOYOTA AURIS,-1,-1,0,-1
2024201431079,2024,201431079,1,9,0,-1,3,3,8,-1,0,0,0,0,0,0,1,9,-1,6,1,40,7,1598,1,16,TOYOTA AURIS,-1,-1,0,-1
2024131400088,2024,131400088,2,8,0,-1,19,6,6,-1,0,8,0,0,0,0,4,1,-1,1,1,65,9,1798,8,7,TOYOTA AURIS,8,E01011210,0,1
2024201414871,2024,201414871,2,9,0,-1,19,1,5,-1,0,8,0,0,0,0,1,9,-1,9,1,27,6,1797,8,11,TOYOTA AURIS,1,E01009475,0,1
2024201414571,2024,201414571,2,9,0,-1,19,7,3,-1,0,8,0,0,0,0,1,1,-1,6,1,41,7,1797,8,9,TOYOTA AURIS,2,E01008881,0,1
2024010499415,2024,010499415,1,9,0,3,3,3,7,0,0,1,0,0,0,0,2,1,3,7,2,36,7,1798,8,7,TOYOTA AURIS,7,E01004192,0,1
2024061434532,2024,061434532,1,9,0,-1,19,1,5,-1,0,8,0,0,0,0,1,1,-1,6,1,38,7,1398,1,17,TOYOTA AURIS,1,E01033688,0,1
2024201470097,2024,201470097,2,9,0,-1,10,7,4,-1,0,1,0,0,0,0,4,9,-1,6,1,49,8,1598,1,9,TOYOTA AURIS,1,E01009412,0,1
2024351459877,2024,351459877,1,8,0,-1,5,3,7,-1,0,0,0,0,0,0,3,1,-1,1,2,30,6,1798,8,8,TOYOTA AURIS,3,E01035552,0,2
2024201398177,2024,201398177,1,9,0,-1,19,4,8,-1,0,1,0,0,0,0,1,1,-1,6,1,80,11,1598,1,15,TOYOTA AURIS,2,E01009989,0,1
2024052401802,2024,052401802,2,9,0,18,19,3,7,0,0,1,0,0,0,0,1,1,6,6,1,74,10,1598,1,16,TOYOTA AURIS,5,E01006934,0,1
2024141530522,2024,141530522,2,9,0,-1,19,8,4,-1,0,1,0,0,0,0,1,1,-1,2,1,50,8,1798,8,6,TOYOTA AURIS,2,E01007812,0,2
2024522401188,2024,522401188,1,8,0,7,7,5,7,0,0,5,0,0,0,0,2,1,1,1,1,44,7,1798,8,6,TOYOTA AURIS,1,E01033356,0,1
2024122500366,2024,122500366,2,9,0,4,4,5,1,0,0,1,0,0,0,0,1,1,2,2,1,30,6,1364,2,16,TOYOTA AURIS,8,E01013343,0,1
2024010544891,2024,010544891,2,9,0,99,99,9,9,99,99,9,9,99,9,99,1,9,6,6,3,-1,-1,1329,1,15,TOYOTA AURIS,3,E01002634,0,2
2024010551231,2024,010551231,1,9,0,9,9,3,8,0,0,8,0,0,0,0,1,1,6,6,1,30,6,1798,8,6,TOYOTA AURIS,3,E01033924,0,2
2024471405839,2024,471405839,1,9,0,-1,9,5,3,-1,0,8,0,0,0,0,1,1,-1,6,2,73,10,1797,8,9,TOYOTA AURIS,10,E01021210,0,1
2024332401184,2024,332401184,2,9,0,-1,4,1,5,-1,0,1,0,0,0,0,2,1,-1,6,1,-1,-1,1329,1,9,TOYOTA AURIS,-1,-1,0,-1
2024061485838,2024,061485838,1,8,-1,-1,-1,-1,-1,-1,-1,0,-1,-1,-1,0,-1,9,-1,1,3,-1,-1,1798,8,7,TOYOTA AURIS,-1,-1,0,-1
2024070532822,2024,070532822,2,9,0,18,19,3,7,0,0,0,0,0,0,0,3,1,6,6,1,32,6,1598,1,15,TOYOTA AURIS,10,E01018385,0,1
2024010505185,2024,010505185,2,9,0,99,99,9,9,99,99,9,9,99,9,99,9,9,6,6,2,34,6,1797,8,11,TOYOTA AURIS,3,E01032786,0,1
2024010505040,2024,010505040,1,8,0,18,19,3,7,9,9,5,0,0,0,0,1,1,1,1,1,54,8,1798,8,7,TOYOTA AURIS,4,E01000428,0,1
2024131463233,2024,131463233,1,9,0,-1,19,7,3,-1,0,0,0,10,7,2,1,1,-1,1,1,62,9,1797,8,9,TOYOTA AURIS,4,E01010688,0,3
2024161467118,2024,161467118,2,9,0,-1,4,7,3,-1,0,0,0,0,0,0,3,1,-1,1,1,63,9,1798,8,9,TOYOTA AURIS,3,E01013198,0,1
2024101509743,2024,101509743,1,9,0,-1,12,5,2,-1,0,8,0,0,0,0,3,9,-1,6,3,-1,-1,1797,8,12,TOYOTA AURIS,-1,-1,0,-1
2024622400835,2024,622400835,3,9,0,10,10,4,2,0,0,1,0,0,0,0,1,1,6,6,2,48,8,1329,1,11,TOYOTA AURIS,9,W01002025,0,1
2024351499180,2024,351499180,1,9,0,-1,-1,-1,-1,-1,-1,0,-1,-1,-1,0,4,9,-1,6,3,-1,-1,1797,8,11,TOYOTA AURIS,-1,-1,0,-1
2024201509116,2024,201509116,1,9,0,-1,10,3,4,-1,0,1,0,0,0,0,2,1,-1,6,1,36,7,1798,8,9,TOYOTA AURIS,-1,-1,0,-1
2024211515825,2024,211515825,1,9,0,-1,19,1,5,-1,0,1,0,0,0,0,1,1,-1,6,1,85,11,1798,8,9,TOYOTA AURIS,-1,-1,0,-1
2024440188807,2024,440188807,2,8,0,9,9,2,8,0,0,8,0,0,0,0,1,1,1,1,1,36,7,1798,8,6,TOYOTA AURIS,1,E01017102,0,1
2024010530005,2024,010530005,2,9,0,99,99,9,9,99,99,9,9,99,9,99,1,9,6,6,3,43,7,1598,1,11,TOYOTA AURIS,3,E01001362,0,1
2024010536537,2024,010536537,2,9,0,18,19,5,1,9,9,8,0,10,0,0,1,1,3,7,1,44,7,1798,8,7,TOYOTA AURIS,-1,-1,0,-1
2024201453637,2024,201453637,1,9,0,-1,19,3,7,-1,0,0,0,4,0,0,4,1,-1,7,2,37,7,1598,1,16,TOYOTA AURIS,4,E01009243,0,1
2024421475415,2024,421475415,1,9,0,-1,19,7,2,-1,0,0,0,0,0,0,1,1,-1,1,1,50,8,1798,8,7,TOYOTA AURIS,7,E01000340,0,3
2024201521518,2024,201521518,2,9,0,-1,4,1,6,-1,0,1,0,0,0,0,2,1,-1,9,1,36,7,1798,8,8,TOYOTA AURIS,1,E01009379,0,2
2024311536791,2024,311536791,1,8,0,-1,5,8,3,-1,0,8,0,0,0,0,1,1,-1,1,1,49,8,1798,8,7,TOYOTA AURIS,3,E01013930,0,1
2024010527203,2024,010527203,2,9,9,99,99,9,9,99,99,9,9,99,9,99,9,9,6,6,2,29,6,1797,8,13,TOYOTA AURIS,3,E01003563,0,1
2024131486903,2024,131486903,2,9,0,-1,6,1,5,-1,0,1,0,0,0,0,4,1,-1,9,1,28,6,1797,8,13,TOYOTA AURIS,8,E01010709,0,2
2024122400612,2024,122400612,1,9,0,9,9,3,1,0,0,8,0,0,0,0,1,1,1,1,1,40,7,1798,8,7,TOYOTA AURIS,6,E01027790,0,4
2024010530438,2024,010530438,1,9,0,18,19,1,5,0,0,2,0,0,0,0,1,1,6,6,1,65,9,1798,8,7,TOYOTA AURIS,2,E01001430,0,1
2024311417798,2024,311417798,1,9,0,-1,19,5,5,-1,0,0,0,0,0,0,1,1,-1,7,2,47,8,1598,1,16,TOYOTA AURIS,2,E01013823,0,1
2024131531971,2024,131531971,1,9,0,-1,8,7,3,-1,0,6,0,0,0,0,3,1,-1,1,1,67,10,1798,8,6,TOYOTA AURIS,9,E01010774,0,2
2024131472071,2024,131472071,1,9,0,-1,5,1,5,-1,0,0,0,0,0,0,0,2,-1,6,3,-1,-1,1797,8,11,TOYOTA AURIS,-1,-1,0,-1
2024061404879,2024,061404879,1,9,-1,-1,-1,-1,-1,-1,-1,-1,-1,-1,-1,0,-1,9,-1,6,2,-1,-1,1797,8,9,TOYOTA AURIS,1,E01005486,0,3
2024141434250,2024,141434250,2,9,0,-1,7,5,1,-1,0,0,0,0,0,0,3,1,-1,2,1,26,6,1598,1,13,TOYOTA AURIS,8,E01013248,0,2
2024131430086,2024,131430086,3,9,0,-1,5,1,1,-1,0,8,0,0,0,0,1,1,-1,6,1,42,7,1798,8,8,TOYOTA AURIS,2,E01010740,0,1
2024201440148,2024,201440148,1,9,0,-1,19,8,4,-1,0,0,0,0,0,0,1,1,-1,9,2,38,7,1598,1,12,TOYOTA AURIS,6,E01010043,0,1
2024131443882,2024,131443882,1,9,0,-1,12,3,7,-1,-1,0,0,0,0,0,3,1,-1,1,1,33,6,1798,8,7,TOYOTA AURIS,3,E01011647,0,1
2024010551135,2024,010551135,5,9,0,2,2,0,0,0,0,1,0,0,0,0,2,1,6,6,3,-1,-1,1797,8,14,TOYOTA AURIS,-1,-1,0,-1
2024010495549,2024,010495549,1,8,0,99,99,9,9,99,99,9,9,99,9,99,4,9,1,1,1,58,9,1797,8,9,TOYOTA AURIS,10,E01000357,0,1
2024201514925,2024,201514925,1,9,0,-1,5,4,8,-1,0,0,0,0,0,0,4,1,-1,2,1,26,6,1598,1,15,TOYOTA AURIS,1,E01034934,0,1
2024421492038,2024,421492038,5,8,0,-1,4,4,8,-1,0,0,0,0,0,0,2,1,-1,9,1,38,7,1798,8,8,TOYOTA AURIS,4,E01021642,0,4
2024201448169,2024,201448169,1,9,0,-1,19,2,6,-1,0,0,0,0,0,0,1,9,-1,6,1,34,6,1598,1,10,TOYOTA AURIS,6,E01009446,0,3
2024430492835,2024,430492835,2,8,0,18,19,8,3,0,0,3,0,0,0,0,2,1,1,1,1,56,9,1797,8,10,TOYOTA AURIS,-1,-1,0,-1
2024201404022,2024,201404022,1,9,0,-1,5,4,8,-1,0,1,0,0,0,0,1,1,-1,6,1,33,6,1797,8,10,TOYOTA AURIS,1,E01009476,0,1
2024430494001,2024,430494001,2,8,0,18,19,3,2,0,0,1,0,0,0,-1,1,1,6,6,1,47,8,1798,8,7,TOYOTA AURIS,-1,-1,0,-1
2024010499457,2024,010499457,1,9,0,18,19,7,3,9,9,1,1,10,7,2,4,1,6,6,1,20,4,1598,1,15,TOYOTA AURIS,1,E01004199,0,2
2024552400423,2024,552400423,1,9,0,18,19,6,2,0,0,0,0,0,0,0,1,1,6,6,1,83,11,1598,1,17,TOYOTA AURIS,9,E01020416,0,1
2024201499664,2024,201499664,1,9,0,-1,9,2,8,-1,0,6,0,0,0,0,3,1,-1,2,1,27,6,1797,8,10,TOYOTA AURIS,6,E01009189,0,1
2024010498537,2024,010498537,2,9,0,18,19,3,7,0,0,1,0,0,0,0,1,1,6,6,1,38,7,1797,8,9,TOYOTA AURIS,1,E01001424,0,1
2024010521912,2024,010521912,1,9,0,9,9,1,8,0,0,1,0,0,0,0,4,1,6,6,2,37,7,1798,8,6,TOYOTA AURIS,-1,-1,0,-1
2024451469506,2024,451469506,2,9,0,-1,13,1,5,-1,0,0,1,0,0,0,1,1,-1,9,2,51,8,1598,1,14,TOYOTA AURIS,7,E01023856,0,4
2024010516166,2024,010516166,2,9,9,99,99,9,9,9,9,9,9,99,9,99,9,9,6,6,3,-1,-1,1797,8,11,TOYOTA AURIS,4,E01002622,0,3
2024302400902,2024,302400902,1,8,0,18,19,4,8,0,0,1,0,0,0,0,1,1,1,1,1,45,7,1797,8,9,TOYOTA AURIS,1,E01013484,0,1
2024131396749,2024,131396749,2,9,0,-1,9,8,6,-1,0,6,0,0,0,0,4,1,-1,9,1,57,9,1797,8,14,TOYOTA AURIS,1,E01011130,0,2
2024211490186,2024,211490186,1,9,0,-1,19,3,3,-1,0,8,0,0,0,0,1,9,-1,6,2,40,7,1364,2,17,TOYOTA AURIS,-1,-1,0,-1
2024131445236,2024,131445236,1,9,0,-1,19,4,8,-1,0,0,0,0,0,0,1,1,-1,2,2,37,7,1797,8,10,TOYOTA AURIS,2,E01011126,0,2
2024211482212,2024,211482212,2,9,0,-1,4,7,3,-1,0,0,0,0,0,0,2,1,-1,1,1,64,9,1798,8,8,TOYOTA AURIS,-1,-1,0,-1
2024201437879,2024,201437879,1,9,0,-1,4,2,6,-1,0,1,0,0,0,0,1,9,-1,9,1,41,7,1598,1,17,TOYOTA AURIS,3,E01010085,0,1
2024411499155,2024,411499155,1,9,0,-1,6,1,1,-1,0,8,0,0,0,0,3,1,-1,1,2,26,6,1798,8,8,TOYOTA AURIS,6,E01023943,0,2
2024411428272,2024,411428272,1,9,0,-1,3,1,5,-1,0,8,0,0,0,0,2,1,-1,6,2,34,6,1398,1,15,TOYOTA AURIS,5,E01023293,0,1
2024131396129,2024,131396129,1,9,0,-1,19,7,3,-1,0,0,0,0,0,0,2,1,-1,9,1,65,9,1598,1,14,TOYOTA AURIS,6,E01007620,0,4
2024411519895,2024,411519895,1,9,0,-1,7,1,3,-1,0,8,1,0,3,0,1,1,-1,6,1,48,8,1798,8,7,TOYOTA AURIS,5,E01023900,0,1
2024010508961,2024,010508961,2,9,0,99,99,9,9,99,99,9,9,99,9,99,1,9,6,6,1,-1,-1,1797,8,10,TOYOTA AURIS,-1,-1,0,-1
2024471459159,2024,471459159,1,9,0,-1,19,7,3,-1,0,1,1,4,1,0,1,1,-1,6,1,14,3,1398,1,15,TOYOTA AURIS,7,E01031471,0,1
2024010505600,2024,010505600,1,9,0,18,19,5,1,0,0,2,0,0,0,0,1,1,6,6,2,26,6,1798,8,8,TOYOTA AURIS,4,E01003025,0,2
2024501517205,2024,501517205,1,9,0,-1,19,6,2,-1,0,0,0,4,0,0,1,1,-1,9,1,81,11,1797,8,10,TOYOTA AURIS,10,E01016525,0,5
2024010504721,2024,010504721,1,8,9,99,99,9,9,99,99,9,9,99,9,99,9,9,6,6,3,36,7,1798,8,7,TOYOTA AURIS,2,E01001249,0,1
2024131413431,2024,131413431,1,9,0,-1,19,3,7,-1,0,1,0,0,1,11,1,1,-1,1,2,43,7,1598,1,17,TOYOTA AURIS,2,E01011856,0,3
2024010536649,2024,010536649,2,9,0,4,4,1,5,0,0,1,0,0,0,0,2,1,6,6,1,38,7,1598,1,16,TOYOTA AURIS,1,E01033456,0,3
2024010521136,2024,010521136,1,9,0,9,9,5,3,0,0,6,0,0,0,0,1,1,6,6,1,51,8,1798,8,7,TOYOTA AURIS,2,E01004185,0,1
2024010529274,2024,010529274,2,9,0,99,99,9,9,99,99,9,9,99,9,99,1,9,6,6,3,-1,-1,1329,1,14,TOYOTA AURIS,4,E01003562,0,1
2024201438240,2024,201438240,2,9,0,-1,19,7,3,-1,0,0,0,0,0,0,2,9,-1,1,1,37,7,1598,7,11,TOYOTA AURIS,-1,-1,0,-1
2024201440984,2024,201440984,3,8,0,-1,19,5,1,-1,0,0,0,0,0,0,1,9,-1,1,1,44,7,1798,8,6,TOYOTA AURIS,1,E01009494,0,2
2024131491238,2024,131491238,1,9,0,-1,10,7,3,-1,0,5,0,0,0,0,1,1,-1,1,1,58,9,1798,8,5,TOYOTA AURIS,2,E01010974,0,2
2024041497797,2024,041497797,1,9,0,-1,19,7,3,-1,0,6,0,0,0,0,1,1,-1,6,1,41,7,1798,8,6,TOYOTA AURIS,5,E01025025,0,1
2024552401249,2024,552401249,1,9,0,18,19,4,8,0,0,0,0,0,0,0,1,1,6,6,1,21,5,1598,1,17,TOYOTA AURIS,5,E01015377,0,1
2024010549597,2024,010549597,2,9,0,6,6,1,1,0,0,8,0,0,0,0,1,1,6,6,1,33,6,1598,1,17,TOYOTA AURIS,4,E01000872,0,1
2024231463123,2024,231463123,1,9,0,-1,9,8,6,-1,0,6,0,0,0,0,1,1,-1,1,1,42,7,1797,8,9,TOYOTA AURIS,1,E01009539,0,3
2024061463145,2024,061463145,1,8,0,-1,19,6,2,-1,0,0,0,0,0,0,4,1,-1,1,1,-1,-1,1798,8,6,TOYOTA AURIS,4,E01025492,0,1
2024041425182,2024,041425182,2,9,0,-1,19,5,1,-1,0,1,0,0,0,0,1,1,-1,1,1,42,7,1798,8,6,TOYOTA AURIS,4,E01012701,0,1
2024061432912,2024,061432912,1,9,-1,-1,-1,-1,-1,-1,-1,-1,-1,-1,-1,0,-1,9,-1,6,3,-1,-1,1364,2,8,TOYOTA AURIS,-1,-1,0,-1
2024430442782,2024,430442782,1,9,0,18,19,5,1,0,0,0,0,0,4,9,1,1,6,6,1,30,6,1797,8,14,TOYOTA AURIS,1,E01005427,0,5
2024010549805,2024,010549805,3,19,0,13,13,7,3,0,0,8,0,0,0,0,0,1,1,1,1,22,5,1797,8,10,TOYOTA AURIS,9,E01000351,0,3
2024010489905,2024,010489905,2,9,0,99,99,9,9,99,99,9,9,99,9,99,9,9,6,6,3,-1,-1,1798,8,8,TOYOTA AURIS,-1,-1,0,-1
2024991500816,2024,991500816,1,9,0,-1,1,0,0,-1,0,0,0,0,0,0,2,1,-1,9,1,82,11,1598,2,8,TOYOTA AURIS,9,-1,0,1
2024471511087,2024,471511087,1,9,0,-1,6,5,1,-1,0,1,0,0,0,0,3,1,-1,1,1,51,8,1797,8,11,TOYOTA AURIS,5,E01016988,0,1
2024430107957,2024,430107957,1,9,0,6,6,1,1,0,0,0,0,0,0,0,2,1,6,6,1,94,11,1797,8,11,TOYOTA AURIS,10,E01035740,0,1
2024131408002,2024,131408002,2,9,0,-1,19,1,5,-1,0,1,0,0,1,0,1,1,-1,1,1,41,7,1798,8,7,TOYOTA AURIS,3,E01011023,0,1
2024041508869,2024,041508869,1,9,0,-1,9,1,7,-1,0,2,0,0,0,0,1,1,-1,9,1,49,8,1797,8,13,TOYOTA AURIS,2,E01012642,0,1
2024201558939,2024,201558939,2,9,-1,-1,-1,-1,-1,-1,-1,0,-1,-1,-1,0,-1,9,-1,6,1,50,8,1598,1,11,TOYOTA AURIS,8,E01029664,0,1
2024201498703,2024,201498703,1,9,0,-1,5,7,3,-1,0,6,0,0,0,0,1,1,-1,6,1,57,9,1797,8,10,TOYOTA AURIS,1,E01034938,0,1
2024131413675,2024,131413675,2,9,0,-1,3,7,3,-1,0,0,0,0,0,0,2,1,-1,9,2,44,7,1598,2,8,TOYOTA AURIS,3,E01010794,0,1
2024440371167,2024,440371167,1,8,0,15,15,8,4,0,0,0,0,0,0,0,4,1,1,1,1,41,7,1798,8,6,TOYOTA AURIS,4,E01017081,0,1
2024520401826,2024,520401826,1,9,0,18,19,2,6,0,0,8,0,0,0,0,1,1,6,6,1,67,10,1798,8,6,TOYOTA AURIS,4,W01001645,0,4
2024010515170,2024,010515170,2,9,0,99,99,9,9,99,99,9,9,99,9,99,1,9,6,6,3,-1,-1,1598,1,11,TOYOTA AURIS,4,E01034605,0,1
2024131519643,2024,131519643,1,9,0,-1,-1,-1,-1,-1,-1,-1,-1,-1,-1,-1,-1,1,-1,6,3,-1,-1,1797,8,10,TOYOTA AURIS,-1,-1,0,-1
2024401458405,2024,401458405,1,9,0,-1,19,5,1,-1,0,4,0,0,0,0,1,1,-1,9,1,47,8,1798,8,6,TOYOTA AURIS,7,E01015803,0,1
2024351538656,2024,351538656,2,9,0,-1,19,2,6,-1,0,0,0,0,1,0,1,1,-1,6,1,62,9,1197,1,8,TOYOTA AURIS,5,E01018106,0,1
2024052402664,2024,052402664,2,9,0,2,2,0,0,0,0,1,0,0,0,0,4,1,3,7,3,-1,-1,1998,2,16,TOYOTA AURIS,-1,-1,0,-1
2024401528680,2024,401528680,2,9,0,-1,19,2,6,-1,0,8,0,0,0,0,4,1,-1,9,1,58,9,1797,8,9,TOYOTA AURIS,3,E01027185,0,4
2024340WN3222,2024,340WN3222,1,9,0,-1,5,1,5,-1,0,6,0,0,0,0,1,1,-1,2,1,39,7,1598,2,8,TOYOTA AURIS,7,E01016740,0,4
2024361414222,2024,361414222,2,9,0,-1,9,8,2,-1,0,8,0,0,0,0,1,1,-1,1,1,35,6,1798,8,7,TOYOTA AURIS,6,E01026797,0,1
2024010530434,2024,010530434,2,9,0,9,9,3,8,0,0,6,0,0,0,0,3,1,6,6,1,38,7,1798,8,6,TOYOTA AURIS,4,E01002663,0,2
2024622400793,2024,622400793,2,9,0,2,2,0,0,0,0,0,0,4,0,0,1,1,6,6,3,-1,-1,1364,2,17,TOYOTA AURIS,-1,-1,0,-1
2024061478850,2024,061478850,1,9,0,-1,19,1,5,-1,0,1,0,0,0,0,1,1,-1,6,1,36,7,1798,8,8,TOYOTA AURIS,9,E01005849,0,3
2024010499604,2024,010499604,1,9,0,99,99,9,9,99,99,9,9,99,9,99,2,9,1,1,2,64,9,1797,8,9,TOYOTA AURIS,2,E01000627,0,1
2024201499268,2024,201499268,1,9,0,-1,19,7,3,-1,0,0,0,0,0,0,1,1,-1,9,1,60,9,1598,1,11,TOYOTA AURIS,-1,-1,0,-1
2024451495013,2024,451495013,1,9,0,-1,14,1,5,-1,0,0,0,0,0,0,1,1,-1,6,1,34,6,1598,1,12,TOYOTA AURIS,2,E01002561,0,1
2024131478158,2024,131478158,2,9,0,-1,19,1,5,-1,0,8,0,0,0,0,1,1,-1,9,2,38,7,1797,8,9,TOYOTA AURIS,3,E01010762,0,1
2024010536389,2024,010536389,2,9,9,99,99,9,9,99,99,9,9,99,9,99,9,9,6,6,3,-1,-1,1598,7,17,TOYOTA AURIS,-1,-1,0,-1
2024622400269,2024,622400269,2,8,0,18,19,3,7,0,0,1,0,0,0,0,1,1,1,1,1,57,9,1798,8,6,TOYOTA AURIS,1,W01001696,0,2
2024311402702,2024,311402702,2,8,0,-1,19,7,3,-1,0,1,0,0,0,0,2,1,-1,6,1,56,9,1798,8,7,TOYOTA AURIS,-1,-1,0,-1
2024061469753,2024,061469753,1,9,0,-1,19,3,7,-1,0,0,5,0,1,0,1,1,-1,9,2,28,6,1598,1,17,TOYOTA AURIS,6,E01033684,0,3
2024010519215,2024,010519215,1,9,0,18,19,1,5,0,0,2,0,0,0,0,3,1,6,6,1,35,6,1598,1,15,TOYOTA AURIS,9,E01004598,0,2
2024010537847,2024,010537847,2,9,0,18,19,3,7,0,0,0,0,0,0,0,1,1,6,6,1,31,6,1798,8,8,TOYOTA AURIS,6,E01002145,0,1
2024311485293,2024,311485293,2,9,0,-1,19,5,1,-1,0,1,0,0,0,0,1,9,-1,6,3,-1,-1,1364,2,10,TOYOTA AURIS,-1,-1,0,-1
202454E862324,2024,54E862324,1,9,0,5,5,1,5,0,0,6,0,0,0,0,1,1,6,6,2,81,11,1797,8,9,TOYOTA AURIS,10,E01032055,0,4
2024201410151,2024,201410151,1,8,0,-1,15,1,5,-1,0,0,0,0,0,0,1,9,-1,6,1,-1,-1,1798,8,7,TOYOTA AURIS,1,E01009651,0,1
2024991407533,2024,991407533,1,9,0,-1,19,3,6,-1,0,1,0,7,6,0,1,1,-1,6,1,39,7,1364,2,16,TOYOTA AURIS,3,-1,0,3
2024131449537,2024,131449537,2,9,0,-1,19,7,3,-1,0,8,0,0,0,0,4,1,-1,1,1,44,7,1798,8,5,TOYOTA AURIS,1,E01011375,0,1
2024131446786,2024,131446786,1,9,0,-1,9,1,5,-1,0,1,0,0,0,0,4,2,-1,9,1,51,8,1798,8,9,TOYOTA AURIS,1,E01011901,0,1
2024991412069,2024,991412069,1,9,0,-1,19,3,7,-1,0,0,2,0,7,0,1,1,-1,1,2,37,7,1998,2,16,TOYOTA AURIS,5,-1,0,2
2024320036358,2024,320036358,1,9,0,-1,-1,3,7,0,0,0,2,0,0,0,1,1,-1,-1,2,44,7,1798,8,8,TOYOTA AURIS,7,E01026329,0,1
2024131508997,2024,131508997,4,9,0,-1,19,2,2,-1,0,0,0,0,0,0,1,1,-1,1,1,40,7,1798,8,7,TOYOTA AURIS,1,E01011045,0,2
2024440375591,2024,440375591,1,9,0,18,19,4,8,0,0,1,0,0,0,0,1,1,6,6,1,64,9,1798,8,7,TOYOTA AURIS,7,E01022491,0,2
2024401430863,2024,401430863,2,9,0,-1,19,6,2,-1,0,0,0,0,0,0,3,1,-1,6,1,20,4,1798,8,7,TOYOTA AURIS,7,E01017481,0,1
2024622400761,2024,622400761,1,8,0,5,5,6,2,0,0,0,0,0,0,0,1,1,1,1,1,39,7,1798,8,6,TOYOTA AURIS,1,W01000862,0,1
2024201522613,2024,201522613,1,8,0,-1,2,0,0,-1,9,0,0,10,1,1,1,1,-1,1,1,48,8,1798,8,8,TOYOTA AURIS,-1,-1,0,-1
2024421448938,2024,421448938,2,9,0,-1,19,7,3,-1,0,0,0,0,0,0,1,1,-1,9,1,57,9,1798,8,9,TOYOTA AURIS,10,E01030870,0,4
2024451435400,2024,451435400,1,9,0,-1,7,5,7,-1,0,8,0,0,0,0,1,1,-1,7,2,40,7,1797,8,11,TOYOTA AURIS,4,E01030354,0,1
2024070538699,2024,070538699,1,9,0,4,4,7,3,0,0,0,0,0,0,0,2,1,6,6,2,45,7,1364,2,16,TOYOTA AURIS,-1,-1,0,-1
2024461514058,2024,461514058,1,9,0,-1,9,6,2,-1,0,1,0,0,1,0,1,1,-1,6,1,40,7,1998,2,16,TOYOTA AURIS,9,E01024757,0,2
2024131463792,2024,131463792,2,9,0,-1,19,1,5,-1,0,8,0,0,0,0,1,1,-1,9,1,24,5,1797,8,9,TOYOTA AURIS,2,E01011912,0,1
2024311428865,2024,311428865,1,9,5,-1,19,1,3,-1,0,5,0,0,0,0,1,2,-1,1,2,19,4,1598,1,11,TOYOTA AURIS,-1,-1,0,-1
2024411414513,2024,411414513,2,9,0,-1,10,3,1,-1,0,6,0,0,4,0,3,1,-1,2,1,29,6,1197,1,9,TOYOTA AURIS,7,E01023605,0,3
2024302401239,2024,302401239,1,9,0,13,13,7,3,0,0,0,1,0,0,0,3,1,6,6,2,57,9,1797,8,12,TOYOTA AURIS,10,E01027272,0,4
2024311399183,2024,311399183,1,9,0,-1,1,8,4,-1,9,5,0,0,0,0,2,1,-1,9,1,45,7,1797,8,9,TOYOTA AURIS,1,E01033411,0,1
2024440084272,2024,440084272,2,9,0,18,19,1,5,0,0,1,0,0,0,0,1,1,6,6,1,29,6,1197,1,9,TOYOTA AURIS,5,E01032844,0,1
2024010528597,2024,010528597,1,9,0,99,99,9,9,0,0,0,0,0,0,0,9,1,6,6,3,-1,-1,1797,8,9,TOYOTA AURIS,-1,-1,0,-1