collision_index,collision_year,collision_ref_no,vehicle_reference,vehicle_type,towing_and_articulation,vehicle_manoeuvre_historic,vehicle_manoeuvre,vehicle_direction_from,vehicle_direction_to,vehicle_location_restricted_lane_historic,vehicle_location_restricted_lane,junction_location,skidding_and_overturning,hit_object_in_carriageway,vehicle_leaving_carriageway,hit_object_off_carriageway,first_point_of_impact,vehicle_left_hand_drive,journey_purpose_of_driver_historic,journey_purpose_of_driver,sex_of_driver,age_of_driver,age_band_of_driver,engine_capacity_cc,propulsion_code,age_of_vehicle,generic_make_model,driver_imd_decile,lsoa_of_driver,escooter_flag,driver_distance_banding
2024201453513,2024,201453513,1,9,0,-1,5,5,1,-1,0,4,0,0,0,0,1,9,-1,6,2,47,8,1798,8,8,TOYOTA AURIS,10,E01009723,0,1
2024201496522,2024,201496522,1,9,0,-1,19,3,1,-1,0,0,0,0,0,0,1,9,-1,6,1,30,6,1798,8,6,TOYOTA AURIS,-1,-1,0,-1
2024010534205,2024,010534205,1,9,0,18,19,5,1,0,0,8,0,0,0,0,1,1,6,6,1,36,7,1329,1,11,TOYOTA AURIS,3,E01001733,0,1
2024010503353,2024,010503353,2,9,0,99,99,9,9,99,99,9,9,99,9,99,1,9,6,6,3,-1,-1,1797,8,10,TOYOTA AURIS,-1,-1,0,-1
2024010516456,2024,010516456,1,9,0,18,19,1,5,0,0,1,0,0,0,0,1,1,1,1,1,59,9,1797,8,11,TOYOTA AURIS,-1,-1,0,-1
2024061411121,2024,061411121,1,9,0,-1,7,7,1,-1,0,1,0,0,0,0,1,1,-1,9,1,60,9,1798,8,8,TOYOTA AURIS,2,E01005182,0,1
2024311429781,2024,311429781,2,8,0,-1,9,2,8,-1,0,2,0,0,0,0,3,1,-1,9,1,56,9,1797,8,10,TOYOTA AURIS,1,E01013947,0,1
2024401457423,2024,401457423,1,9,0,-1,-1,-1,-1,-1,-1,-1,-1,-1,-1,0,-1,9,-1,9,2,44,7,1797,8,13,TOYOTA AURIS,2,E01015758,0,1
2024201533263,2024,201533263,2,8,0,-1,19,1,7,-1,0,1,0,0,0,0,1,1,-1,1,1,39,7,1798,8,6,TOYOTA AURIS,1,E01009352,0,1
2024010532049,2024,010532049,2,9,0,2,2,0,0,0,0,0,0,0,0,0,4,1,6,6,3,-1,-1,1798,8,7,TOYOTA AURIS,-1,-1,0,-1
2024311399443,2024,311399443,1,8,0,-1,3,7,3,-1,0,1,0,0,0,0,3,1,-1,1,1,66,10,1797,8,9,TOYOTA AURIS,2,E01013823,0,1
2024351508526,2024,351508526,2,9,0,-1,19,-1,-1,-1,0,8,0,0,0,0,1,1,-1,6,1,28,6,1329,1,11,TOYOTA AURIS,2,E01035542,0,1
2024122401217,2024,122401217,1,8,0,16,19,3,7,0,0,4,0,0,0,0,1,1,1,1,1,55,8,1797,8,10,TOYOTA AURIS,3,E01010847,0,4
2024061528439,2024,061528439,2,9,0,-1,2,0,0,-1,0,2,0,0,0,0,3,1,-1,6,-1,-1,-1,2231,2,16,TOYOTA AURIS,-1,-1,0,-1
2024052400900,2024,052400900,2,9,0,18,19,7,3,0,0,8,0,0,0,0,3,1,1,1,1,48,8,1798,8,7,TOYOTA AURIS,1,E01006664,0,2
2024010496913,2024,010496913,1,9,0,7,7,1,3,0,0,8,0,0,0,0,1,1,6,6,2,23,5,1797,8,13,TOYOTA AURIS,2,E01004382,0,4
2024061430929,2024,061430929,1,8,0,-1,4,-1,-1,-1,0,1,0,0,0,0,1,1,-1,1,1,55,8,1797,8,10,TOYOTA AURIS,1,E01005947,0,1
2024421519625,2024,421519625,1,9,0,-1,9,5,2,-1,0,8,0,0,0,0,1,1,-1,6,2,26,6,1364,2,14,TOYOTA AURIS,1,E01015841,0,1
2024131517055,2024,131517055,1,9,0,-1,6,1,3,-1,0,8,0,0,0,0,3,1,-1,1,1,51,8,1798,8,8,TOYOTA AURIS,8,E01010707,0,4
2024070727324,2024,070727324,1,9,0,-1,13,5,1,-1,0,0,0,0,2,11,1,1,-1,2,1,55,8,1798,8,8,TOYOTA AURIS,7,E01018598,0,2
2024211400720,2024,211400720,1,9,0,-1,19,1,5,-1,0,1,0,0,0,0,1,9,-1,6,1,54,8,1797,8,13,TOYOTA AURIS,2,E01014345,0,1
2024061470188,2024,061470188,1,8,0,-1,5,5,1,-1,0,1,0,0,0,0,3,1,-1,9,1,55,8,1798,8,8,TOYOTA AURIS,2,E01004847,0,4
2024010517797,2024,010517797,5,8,0,-1,-1,7,3,0,0,1,0,0,0,0,3,1,2,2,1,47,8,1798,8,7,TOYOTA AURIS,3,E01033944,0,2
2024522401529,2024,522401529,1,9,0,6,6,2,2,0,0,0,0,0,0,0,3,1,6,6,1,59,9,1797,8,10,TOYOTA AURIS,6,E01014986,0,2
2024131462316,2024,131462316,1,8,0,-1,19,1,4,-1,0,2,0,0,0,0,1,1,-1,1,1,64,9,1797,8,11,TOYOTA AURIS,4,E01010637,0,1
2024201529612,2024,201529612,1,8,0,-1,19,7,3,-1,0,1,0,0,0,0,1,1,-1,1,1,30,6,1798,8,6,TOYOTA AURIS,2,E01009082,0,2
2024052400964,2024,052400964,1,9,0,18,19,8,4,0,0,0,0,0,0,0,1,1,6,6,1,52,8,1797,8,13,TOYOTA AURIS,4,E01003782,0,5
2024440509938,2024,440509938,1,9,0,18,19,7,3,0,0,1,0,0,0,0,1,1,6,6,2,27,6,1598,1,13,TOYOTA AURIS,6,E01023054,0,1
2024401415680,2024,401415680,2,9,0,-1,2,0,0,-1,0,0,0,0,0,0,3,9,-1,6,-1,-1,-1,1197,1,7,TOYOTA AURIS,-1,-1,0,-1
2024351485438,2024,351485438,2,9,0,-1,19,1,5,-1,0,0,2,0,0,0,2,1,-1,6,1,45,7,1798,8,6,TOYOTA AURIS,2,E01016810,0,4
2024311503152,2024,311503152,1,9,0,-1,19,8,5,-1,0,1,0,0,0,0,4,1,-1,6,1,40,7,1797,8,10,TOYOTA AURIS,-1,-1,0,-1
2024131491428,2024,131491428,1,9,0,-1,19,8,4,-1,0,1,0,0,0,0,1,1,-1,6,3,-1,-1,1798,8,8,TOYOTA AURIS,-1,-1,0,-1
2024010549947,2024,010549947,2,9,0,7,7,1,2,0,0,1,0,0,0,0,1,1,2,2,2,64,9,1329,1,14,TOYOTA AURIS,5,E01000747,0,1
2024430154433,2024,430154433,1,9,0,9,9,8,6,0,0,0,0,0,0,0,3,1,6,6,2,76,11,1797,8,12,TOYOTA AURIS,10,E01017677,0,1
2024201432571,2024,201432571,4,9,0,-1,2,0,0,-1,9,8,0,0,0,0,1,9,-1,6,3,-1,-1,1598,1,11,TOYOTA AURIS,-1,-1,0,-1
2024131414360,2024,131414360,1,9,0,-1,9,7,3,-1,0,1,0,0,0,0,1,1,-1,9,1,51,8,1598,1,16,TOYOTA AURIS,1,E01033691,0,1
2024351405139,2024,351405139,1,9,0,-1,5,5,1,-1,0,4,0,0,0,0,1,1,-1,6,1,53,8,1364,2,16,TOYOTA AURIS,4,E01018009,0,1
2024010549212,2024,010549212,1,9,9,99,99,9,9,99,99,6,9,99,9,99,9,9,6,6,3,63,9,1797,8,10,TOYOTA AURIS,2,E01004239,0,1
2024221482090,2024,221482090,1,8,0,-1,9,2,1,-1,0,6,0,0,0,0,1,1,-1,1,1,38,7,1798,8,8,TOYOTA AURIS,1,E01009074,0,3
2024201444841,2024,201444841,1,8,0,-1,5,1,5,-1,0,0,0,0,0,0,1,9,-1,1,1,26,6,1797,8,10,TOYOTA AURIS,4,E01034744,0,1
2024131408689,2024,131408689,2,8,0,-1,19,1,5,-1,0,0,0,0,0,0,1,1,-1,1,1,35,6,1797,8,12,TOYOTA AURIS,1,E01010838,0,1
2024141492282,2024,141492282,1,9,0,-1,9,4,3,-1,0,5,0,0,0,0,1,1,-1,6,3,-1,-1,1798,8,6,TOYOTA AURIS,-1,-1,0,-1
2024545305824,2024,545305824,3,9,0,4,4,3,7,0,0,0,0,0,0,0,2,1,6,6,1,44,7,1797,8,9,TOYOTA AURIS,10,E01032055,0,4
2024010538929,2024,010538929,1,9,0,9,9,5,3,0,0,6,0,0,7,0,3,1,6,6,1,55,8,1797,8,10,TOYOTA AURIS,-1,-1,0,-1
2024531480032,2024,531480032,2,9,0,-1,4,7,3,-1,0,1,0,0,0,0,2,1,-1,1,1,53,8,1798,8,6,TOYOTA AURIS,4,E01022310,0,3
2024332400675,2024,332400675,1,8,0,-1,19,4,1,-1,0,1,0,0,0,0,1,1,-1,6,3,-1,-1,1797,8,10,TOYOTA AURIS,-1,-1,0,-1
2024061502707,2024,061502707,1,9,0,-1,9,5,3,-1,0,6,0,0,7,0,2,9,-1,6,1,30,6,1998,2,15,TOYOTA AURIS,10,E01024823,0,5
2024131472931,2024,131472931,2,9,0,-1,19,1,5,-1,0,8,1,0,0,0,2,1,-1,1,1,35,6,1329,1,15,TOYOTA AURIS,1,E01010842,0,1
2024451532458,2024,451532458,1,9,0,-1,10,3,7,-1,0,0,0,0,0,0,4,1,-1,1,1,28,6,1798,8,8,TOYOTA AURIS,3,E01002543,0,4
2024302400912,2024,302400912,1,9,0,7,7,6,8,0,0,6,0,0,2,10,1,1,6,6,2,72,10,1797,8,9,TOYOTA AURIS,2,E01013522,0,1
2024131398882,2024,131398882,2,9,0,-1,19,4,8,-1,0,0,0,0,0,0,1,1,-1,1,1,50,8,1797,8,11,TOYOTA AURIS,1,E01011317,0,2
2024161437894,2024,161437894,3,9,0,-1,4,7,3,-1,0,1,0,0,0,0,0,1,-1,2,2,36,7,1598,1,16,TOYOTA AURIS,7,E01013326,0,1
2024311514607,2024,311514607,1,9,0,-1,11,5,1,-1,0,0,2,7,0,0,4,1,-1,9,1,31,6,1797,8,10,TOYOTA AURIS,2,E01019500,0,3
2024061424611,2024,061424611,1,9,0,-1,19,8,4,-1,0,0,0,0,0,0,1,1,-1,6,1,19,4,1364,2,11,TOYOTA AURIS,1,E01004877,0,3
2024411442687,2024,411442687,2,9,0,-1,3,7,3,-1,0,2,0,0,0,0,1,1,-1,1,1,54,8,1329,1,15,TOYOTA AURIS,6,E01023556,0,1
2024522401725,2024,522401725,1,9,0,18,19,9,9,0,0,0,0,0,0,0,2,1,6,6,1,54,8,1798,8,6,TOYOTA AURIS,2,E01014574,0,1
2024131401770,2024,131401770,2,8,0,-1,3,2,6,-1,0,1,0,0,0,0,4,1,-1,1,1,60,9,1798,8,9,TOYOTA AURIS,1,E01011429,0,1
2024131500655,2024,131500655,1,9,0,-1,19,5,5,-1,0,8,0,0,0,0,1,1,-1,6,1,41,7,1329,1,15,TOYOTA AURIS,2,E01010740,0,3
2024010510520,2024,010510520,2,9,9,99,99,9,9,99,99,9,9,99,9,99,1,9,6,6,3,-1,-1,1798,8,8,TOYOTA AURIS,-1,-1,0,-1
2024010493247,2024,010493247,1,9,0,18,19,6,2,0,0,1,0,0,0,0,3,1,6,6,1,57,9,1797,8,12,TOYOTA AURIS,2,E01003622,0,2
2024010501207,2024,010501207,2,9,0,99,99,9,9,99,99,0,9,99,9,99,2,9,6,6,3,-1,-1,1798,8,6,TOYOTA AURIS,-1,-1,0,-1
2024052400304,2024,052400304,2,9,0,3,3,7,3,0,0,1,0,0,0,0,2,1,6,6,1,78,11,1598,2,9,TOYOTA AURIS,10,E01007149,0,1
2024501433957,2024,501433957,1,9,0,-1,19,8,4,-1,0,0,2,11,0,0,4,1,-1,9,1,54,8,1598,1,17,TOYOTA AURIS,5,E01019947,0,2
2024061539223,2024,061539223,1,9,0,-1,19,7,3,-1,0,8,0,0,0,0,1,2,-1,6,1,69,10,1598,1,12,TOYOTA AURIS,1,E01034113,0,1
2024061412838,2024,061412838,1,9,-1,-1,-1,-1,-1,-1,-1,0,-1,-1,-1,0,-1,9,-1,6,3,-1,-1,1197,1,6,TOYOTA AURIS,-1,-1,0,-1
2024471432821,2024,471432821,2,9,0,-1,19,2,6,-1,0,0,0,0,0,0,2,1,-1,6,1,37,7,1598,2,9,TOYOTA AURIS,3,E01031559,0,1
2024401538227,2024,401538227,1,9,0,-1,-1,-1,-1,-1,-1,-1,-1,-1,-1,0,-1,9,-1,6,1,-1,-1,1329,1,13,TOYOTA AURIS,-1,-1,0,-1
2024131467270,2024,131467270,1,9,0,-1,19,1,5,-1,0,4,0,0,1,10,1,1,-1,9,1,47,8,1998,2,16,TOYOTA AURIS,5,E01035047,0,1
2024061513970,2024,061513970,2,9,0,-1,1,-1,-1,-1,99,0,0,99,0,0,1,1,-1,6,3,-1,-1,1598,1,15,TOYOTA AURIS,-1,-1,0,-1
2024131456517,2024,131456517,1,9,0,-1,19,5,1,-1,0,8,1,0,0,0,4,1,-1,1,1,40,7,1329,1,15,TOYOTA AURIS,1,E01010817,0,4
2024311416049,2024,311416049,2,9,0,-1,9,4,2,-1,0,1,0,0,0,0,3,1,-1,6,1,44,7,1798,8,6,TOYOTA AURIS,3,E01013944,0,1
2024311500823,2024,311500823,1,8,0,-1,9,1,3,-1,0,1,0,0,0,0,1,1,-1,9,1,40,7,1797,8,9,TOYOTA AURIS,-1,-1,0,-1
2024010522433,2024,010522433,2,9,0,9,9,1,6,0,0,8,0,0,0,0,2,1,2,2,2,51,8,1797,8,10,TOYOTA AURIS,-1,-1,0,-1
2024010519405,2024,010519405,1,9,0,99,99,9,9,99,99,9,9,99,9,99,2,9,6,6,1,48,8,1797,8,10,TOYOTA AURIS,5,E01017913,0,4
2024010510217,2024,010510217,2,9,9,99,99,9,9,99,99,9,9,99,9,99,9,9,6,6,3,-1,-1,1797,8,13,TOYOTA AURIS,-1,-1,0,-1
2024131409581,2024,131409581,2,9,0,-1,4,7,7,-1,0,0,0,0,0,0,2,1,-1,2,2,41,7,1598,1,16,TOYOTA AURIS,7,E01011599,0,1
2024010498735,2024,010498735,2,9,0,9,9,3,1,0,0,2,0,0,0,0,3,1,6,6,1,51,8,1798,8,6,TOYOTA AURIS,6,E01001829,0,1
2024471486530,2024,471486530,1,9,0,-1,9,4,2,-1,-1,0,0,0,0,0,1,1,-1,6,2,62,9,1598,1,17,TOYOTA AURIS,9,E01021191,0,1
2024010507350,2024,010507350,1,9,0,18,19,5,1,0,0,1,0,0,0,0,1,1,1,1,1,36,7,1798,8,6,TOYOTA AURIS,7,E01003395,0,2
2024481561231,2024,481561231,1,8,0,-1,2,0,0,-1,0,1,0,0,0,0,4,1,-1,1,1,47,8,1797,8,10,TOYOTA AURIS,-1,-1,0,-1
2024361463730,2024,361463730,1,9,0,-1,19,6,2,-1,0,1,1,0,0,0,1,1,-1,1,1,40,7,1797,8,8,TOYOTA AURIS,8,E01026938,0,2
2024201475241,2024,201475241,2,8,0,-1,19,6,3,-1,0,8,0,0,0,0,1,1,-1,6,1,53,8,1797,8,10,TOYOTA AURIS,4,E01009241,0,1
2024201526351,2024,201526351,1,8,0,-1,19,6,2,-1,9,0,0,10,7,0,1,1,-1,1,1,66,10,1797,8,11,TOYOTA AURIS,3,E01010451,0,2
2024332400068,2024,332400068,1,8,0,-1,9,3,1,-1,0,6,0,0,0,0,3,1,-1,1,1,61,9,1798,8,8,TOYOTA AURIS,1,E01013755,0,1
2024991501329,2024,991501329,2,9,0,-1,13,3,7,-1,0,0,0,0,0,0,1,2,-1,1,1,59,9,1798,8,6,TOYOTA AURIS,5,-1,0,2
2024471513650,2024,471513650,1,9,0,-1,9,-1,-1,-1,0,2,0,0,0,0,1,1,-1,9,1,62,9,1598,1,10,TOYOTA AURIS,10,E01031486,0,1
2024010534737,2024,010534737,3,9,0,4,4,3,7,0,0,8,0,0,0,0,2,1,6,6,1,49,8,1797,8,14,TOYOTA AURIS,-1,-1,0,-1
2024991421078,2024,991421078,1,9,0,-1,9,6,4,-1,0,8,0,0,0,0,1,1,-1,9,1,69,10,1797,8,11,TOYOTA AURIS,4,-1,0,1
2024430438221,2024,430438221,1,9,0,18,19,6,2,0,0,3,0,0,0,0,3,1,1,1,1,40,7,1798,8,6,TOYOTA AURIS,3,E01015731,0,4
2024131408227,2024,131408227,1,9,0,-1,9,8,2,-1,0,2,0,0,0,0,3,1,-1,1,1,67,10,1797,8,13,TOYOTA AURIS,1,E01010719,0,1
2024010531527,2024,010531527,1,9,0,7,7,7,1,0,0,8,0,0,0,0,1,1,3,7,2,43,7,1797,8,14,TOYOTA AURIS,3,E01003357,0,1
2024311523253,2024,311523253,2,9,0,-1,19,3,7,-1,0,0,0,0,0,0,1,1,-1,6,1,29,6,1797,8,9,TOYOTA AURIS,-1,-1,0,-1
2024131480157,2024,131480157,1,9,0,-1,19,5,1,-1,0,8,0,0,0,0,4,1,-1,1,1,44,7,1797,8,10,TOYOTA AURIS,2,E01011157,0,1
2024010504062,2024,010504062,2,9,0,99,99,9,9,99,99,9,9,99,9,99,9,9,6,6,3,-1,-1,1329,1,15,TOYOTA AURIS,-1,-1,0,-1
2024131445771,2024,131445771,2,9,0,-1,19,7,3,-1,0,8,0,0,0,0,1,1,-1,6,1,59,9,1798,8,8,TOYOTA AURIS,1,E01033691,0,1
2024131409106,2024,131409106,2,9,0,-1,19,1,5,-1,0,0,0,0,0,0,1,1,-1,1,1,41,7,1797,8,9,TOYOTA AURIS,1,E01010839,0,2
2024131489250,2024,131489250,1,8,0,-1,19,5,1,-1,0,8,0,0,0,0,1,1,-1,1,1,37,7,1798,8,8,TOYOTA AURIS,1,E01011430,0,2
2024131486841,2024,131486841,2,9,0,-1,19,7,3,-1,0,1,0,0,0,0,4,1,-1,9,1,46,8,1798,8,8,TOYOTA AURIS,1,E01011423,0,1
2024052402599,2024,052402599,1,9,0,18,19,1,5,0,0,6,0,0,0,0,1,1,2,2,2,41,7,1598,1,15,TOYOTA AURIS,5,E01007057,0,1
2024052400417,2024,052400417,1,8,0,18,19,1,5,0,0,1,0,0,0,0,1,1,1,1,1,59,9,1364,2,9,TOYOTA AURIS,1,E01006653,0,2
2024311402182,2024,311402182,1,9,0,-1,19,3,7,-1,0,0,5,0,2,4,1,1,-1,6,2,67,10,1798,8,8,TOYOTA AURIS,10,E01028347,0,2
2024041435126,2024,041435126,1,9,0,-1,6,5,1,-1,0,2,0,0,0,0,4,1,-1,1,1,53,8,1798,8,7,TOYOTA AURIS,2,E01012697,0,1
2024631484201,2024,631484201,1,9,0,-1,19,8,4,-1,0,0,0,0,0,0,3,1,-1,6,3,-1,-1,1798,8,6,TOYOTA AURIS,-1,-1,0,-1
2024010500060,2024,010500060,2,9,0,99,99,9,9,99,99,9,9,99,9,99,9,9,6,6,3,-1,-1,1798,8,6,TOYOTA AURIS,-1,-1,0,-1
2024061456046,2024,061456046,1,9,0,-1,9,4,2,-1,0,1,0,0,0,0,3,1,-1,1,1,22,5,1798,8,8,TOYOTA AURIS,1,E01034122,0,4
2024010486941,2024,010486941,1,9,0,9,9,3,1,0,0,8,0,0,0,0,1,1,6,6,1,37,7,1797,8,10,TOYOTA AURIS,2,E01003556,0,1
2024201411986,2024,201411986,7,9,0,-1,3,3,7,-1,0,0,0,0,0,0,2,1,-1,6,2,25,5,1797,8,10,TOYOTA AURIS,-1,-1,0,-1
2024201453549,2024,201453549,1,9,0,-1,9,7,3,-1,0,0,0,0,0,0,3,1,-1,6,1,43,7,1797,8,14,TOYOTA AURIS,2,E01009239,0,1
2024010535877,2024,010535877,2,9,9,99,99,9,9,99,99,1,0,99,9,99,9,9,6,6,1,-1,-1,1797,8,9,TOYOTA AURIS,-1,-1,0,-1
2024461459470,2024,461459470,1,9,0,-1,9,5,1,-1,0,0,0,0,0,0,4,1,-1,9,2,32,6,1598,1,17,TOYOTA AURIS,9,E01024143,0,1
2024010540162,2024,010540162,2,9,0,9,9,1,6,0,0,1,0,0,0,0,3,1,6,6,3,44,7,1798,8,8,TOYOTA AURIS,-1,-1,0,-1
2024440069134,2024,440069134,2,8,0,7,7,1,3,0,0,8,0,0,0,0,1,1,1,1,1,-1,-1,1798,8,7,TOYOTA AURIS,-1,-1,0,-1
2024991526522,2024,991526522,2,9,0,-1,19,3,7,-1,0,2,0,0,0,0,4,1,-1,6,1,42,7,1798,8,6,TOYOTA AURIS,1,-1,0,1
2024461395192,2024,461395192,3,9,0,-1,19,6,2,-1,0,0,0,0,0,0,1,1,-1,6,1,66,10,1598,1,14,TOYOTA AURIS,1,E01003290,0,4
2024991509114,2024,991509114,1,9,0,-1,13,6,2,-1,0,1,0,0,0,0,1,1,-1,2,1,22,5,1598,1,14,TOYOTA AURIS,10,-1,0,1
2024332400834,2024,332400834,1,8,0,-1,19,6,2,-1,0,0,0,0,0,0,1,1,-1,6,1,-1,-1,1797,8,8,TOYOTA AURIS,-1,-1,0,-1
2024332400441,2024,332400441,2,9,0,-1,11,5,1,-1,0,0,1,0,5,6,1,1,-1,9,1,24,5,1797,8,10,TOYOTA AURIS,7,E01013669,0,3
2024311532524,2024,311532524,1,9,0,-1,19,5,1,-1,0,1,0,0,0,0,4,1,-1,9,1,53,8,1598,1,14,TOYOTA AURIS,3,E01027927,0,1
2024371505892,2024,371505892,1,9,0,-1,19,2,6,-1,0,0,0,0,0,0,3,1,-1,9,2,69,10,1598,1,17,TOYOTA AURIS,9,E01030008,0,1
2024622400235,2024,622400235,2,9,0,18,19,1,5,0,0,1,0,0,0,0,3,1,6,6,1,62,9,1798,8,8,TOYOTA AURIS,1,W01001857,0,1
2024041530255,2024,041530255,2,9,0,-1,9,3,1,-1,0,0,0,0,0,0,4,1,-1,1,1,60,9,1798,8,6,TOYOTA AURIS,5,E01025573,0,1
2024522401113,2024,522401113,1,9,0,9,9,5,3,0,0,1,0,0,0,0,3,1,6,6,1,81,11,1598,1,12,TOYOTA AURIS,9,E01014792,0,1
2024010555803,2024,010555803,1,8,0,99,99,9,9,99,99,9,9,99,9,99,9,9,1,1,1,60,9,1798,8,6,TOYOTA AURIS,3,E01033933,0,1
2024131529869,2024,131529869,1,9,0,-1,19,3,7,-1,0,1,0,0,0,0,1,1,-1,1,1,50,8,1797,8,9,TOYOTA AURIS,1,E01011906,0,1
2024461527211,2024,461527211,2,9,0,-1,19,5,5,-1,0,8,0,4,0,0,3,1,-1,1,1,38,7,1797,8,10,TOYOTA AURIS,1,E01024682,0,1
2024430570886,2024,430570886,3,9,0,4,4,6,2,0,0,0,1,0,0,0,2,1,6,6,1,61,9,1797,8,10,TOYOTA AURIS,8,E01032958,0,1
2024010538759,2024,010538759,1,9,0,1,1,1,5,9,9,1,0,0,0,0,2,1,6,6,1,41,7,1598,1,10,TOYOTA AURIS,4,E01003688,0,1
2024461491181,2024,461491181,1,9,0,-1,19,7,3,-1,0,0,0,0,0,0,1,1,-1,9,2,46,8,1797,8,9,TOYOTA AURIS,2,E01024505,0,1
2024340NN4302,2024,340NN4302,1,9,0,-1,7,5,7,-1,0,4,0,0,0,0,3,1,-1,6,1,30,6,1197,1,8,TOYOTA AURIS,-1,-1,0,-1
2024010502302,2024,010502302,2,9,0,99,99,9,9,99,99,9,9,99,9,99,9,9,6,6,3,-1,-1,1797,8,14,TOYOTA AURIS,-1,-1,0,-1
2024052400896,2024,052400896,1,8,0,7,7,7,1,0,0,1,0,0,0,0,1,1,6,6,1,39,7,1797,8,11,TOYOTA AURIS,1,E01006480,0,3
2024991455286,2024,991455286,1,9,0,-1,9,1,6,-1,0,6,0,0,0,0,1,1,-1,6,2,66,10,1798,8,6,TOYOTA AURIS,2,-1,0,1
2024061470815,2024,061470815,7,9,0,-1,19,7,3,-1,0,1,0,0,0,0,4,1,-1,6,1,62,9,1329,1,13,TOYOTA AURIS,3,E01004878,0,1
2024070351978,2024,070351978,2,9,0,18,19,6,2,0,0,0,0,0,0,0,1,1,6,6,1,47,8,1798,8,9,TOYOTA AURIS,-1,-1,0,-1
2024211527054,2024,211527054,1,8,0,-1,1,1,1,-1,0,1,0,0,0,0,2,1,-1,6,3,-1,-1,1798,8,7,TOYOTA AURIS,-1,-1,0,-1
2024430297467,2024,430297467,1,9,0,18,19,4,8,0,0,2,0,0,0,0,1,1,3,7,3,40,7,1797,8,14,TOYOTA AURIS,5,E01016359,0,1
2024451456706,2024,451456706,1,9,0,-1,12,6,2,-1,0,0,0,0,0,0,3,1,-1,6,1,30,6,1798,8,5,TOYOTA AURIS,1,E01017154,0,4
2024221520479,2024,221520479,1,8,0,-1,7,6,8,-1,0,4,0,0,0,0,1,1,-1,1,1,37,7,1798,8,7,TOYOTA AURIS,-1,-1,0,-1
2024010518948,2024,010518948,2,9,0,2,2,0,0,9,9,8,0,0,0,0,1,1,6,6,3,-1,-1,1598,1,17,TOYOTA AURIS,-1,-1,0,-1
2024061489804,2024,061489804,2,9,0,-1,-1,-1,-1,-1,0,-1,-1,-1,-1,0,1,9,-1,6,3,-1,-1,1398,1,16,TOYOTA AURIS,-1,-1,0,-1
2024461406125,2024,461406125,2,9,0,-1,19,4,8,-1,0,1,0,0,0,0,4,1,-1,9,2,32,6,1798,8,7,TOYOTA AURIS,6,E01035281,0,1
2024201530251,2024,201530251,1,9,0,-1,19,4,8,-1,0,8,0,0,0,0,1,1,-1,9,1,29,6,1329,1,12,TOYOTA AURIS,1,E01009359,0,1
2024440071319,2024,440071319,2,9,0,18,19,8,4,0,0,1,0,0,0,0,4,1,6,6,1,47,8,1797,8,10,TOYOTA AURIS,4,E01017235,0,1
2024461468869,2024,461468869,3,9,0,-1,19,8,4,-1,0,0,0,0,0,0,2,9,-1,9,2,31,6,1797,8,14,TOYOTA AURIS,7,E01000414,0,4
2024451532593,2024,451532593,1,9,0,-1,19,1,5,-1,0,2,0,0,0,0,1,1,-1,9,2,77,11,1797,8,12,TOYOTA AURIS,8,E01030836,0,1
2024010534081,2024,010534081,2,9,0,99,99,9,9,99,99,9,9,99,9,99,1,9,6,6,3,-1,-1,1797,8,9,TOYOTA AURIS,7,E01002228,0,2
2024361469392,2024,361469392,1,9,0,-1,9,5,1,-1,0,8,0,0,0,0,3,1,-1,9,2,69,10,1197,1,7,TOYOTA AURIS,3,E01026843,0,1
2024010537268,2024,010537268,1,9,0,18,19,5,1,0,0,2,5,4,0,0,1,2,6,6,2,42,7,1797,8,12,TOYOTA AURIS,7,E01002418,0,1
2024131473090,2024,131473090,2,9,0,-1,7,3,5,-1,0,2,0,0,0,0,3,1,-1,1,1,53,8,1798,8,6,TOYOTA AURIS,3,E01011647,0,1
2024070854473,2024,070854473,1,9,0,-1,5,3,7,-1,0,1,0,0,0,0,1,1,-1,9,2,35,6,1598,1,17,TOYOTA AURIS,7,E01018540,0,1
2024520402296,2024,520402296,1,9,0,5,5,1,5,0,0,0,0,0,0,0,1,1,6,6,1,17,4,1798,8,7,TOYOTA AURIS,5,E01029193,0,3
2024041522744,2024,041522744,1,9,0,-1,19,5,3,-1,0,0,0,0,7,0,1,1,-1,2,1,39,7,1798,8,6,TOYOTA AURIS,3,E01004777,0,3
2024332400827,2024,332400827,1,9,0,-1,19,3,7,-1,0,0,0,0,0,0,3,1,-1,2,1,30,6,1329,1,15,TOYOTA AURIS,1,E01013603,0,1
2024061455491,2024,061455491,1,9,0,-1,19,3,7,-1,0,1,0,0,0,0,3,1,-1,1,1,56,9,1798,8,8,TOYOTA AURIS,2,E01005122,0,1
2024010550507,2024,010550507,2,9,0,99,99,9,9,99,99,9,9,99,9,99,9,9,6,6,3,-1,-1,1598,1,10,TOYOTA AURIS,-1,-1,0,-1
2024201462142,2024,201462142,2,9,0,-1,3,3,7,-1,0,0,0,0,0,0,2,1,-1,9,1,38,7,1598,7,10,TOYOTA AURIS,2,E01008881,0,1
2024991419727,2024,991419727,1,9,0,-1,19,7,3,-1,0,0,1,4,0,0,3,1,-1,9,2,29,6,1364,2,16,TOYOTA AURIS,-1,-1,0,-1
2024622400368,2024,622400368,1,9,0,9,9,7,5,0,0,6,0,0,0,0,1,1,6,6,1,19,4,1797,8,9,TOYOTA AURIS,2,W01001067,0,1