collision_index,collision_year,collision_ref_no,vehicle_reference,vehicle_type,towing_and_articulation,vehicle_manoeuvre_historic,vehicle_manoeuvre,vehicle_direction_from,vehicle_direction_to,vehicle_location_restricted_lane_historic,vehicle_location_restricted_lane,junction_location,skidding_and_overturning,hit_object_in_carriageway,vehicle_leaving_carriageway,hit_object_off_carriageway,first_point_of_impact,vehicle_left_hand_drive,journey_purpose_of_driver_historic,journey_purpose_of_driver,sex_of_driver,age_of_driver,age_band_of_driver,engine_capacity_cc,propulsion_code,age_of_vehicle,generic_make_model,driver_imd_decile,lsoa_of_driver,escooter_flag,driver_distance_banding
2024201487637,2024,201487637,1,9,0,-1,9,7,5,-1,0,6,0,0,0,0,1,9,-1,6,1,48,8,1798,8,8,TOYOTA AURIS,2,E01009747,0,1
2024131413375,2024,131413375,2,9,0,-1,19,2,6,-1,0,0,0,0,0,0,1,1,-1,9,2,44,7,1798,8,9,TOYOTA AURIS,1,E01011838,0,1
2024221416035,2024,221416035,1,9,0,-1,19,8,4,-1,0,0,2,0,1,0,1,1,-1,9,2,41,7,1798,8,7,TOYOTA AURIS,4,E01000900,0,5
2024010513764,2024,010513764,1,9,0,99,99,9,9,99,99,9,9,99,9,99,2,9,2,2,1,34,6,1798,8,7,TOYOTA AURIS,8,E01021784,0,2
2024320091727,2024,320091727,1,9,0,-1,-1,8,4,0,0,8,1,0,7,11,1,1,-1,-1,1,35,6,1598,1,17,TOYOTA AURIS,6,E01026151,0,2
2024010532023,2024,010532023,3,9,0,18,19,5,1,0,0,0,0,0,0,0,1,1,1,1,1,52,8,1797,8,10,TOYOTA AURIS,7,E01024285,0,4
2024311495511,2024,311495511,1,9,0,-1,19,5,1,-1,0,0,0,0,0,0,3,1,-1,6,1,69,10,1797,8,10,TOYOTA AURIS,-1,-1,0,-1
2024010522192,2024,010522192,2,9,0,7,7,7,1,0,0,1,0,0,0,0,1,1,6,6,2,32,6,1797,8,11,TOYOTA AURIS,5,E01004743,0,1
2024061553360,2024,061553360,1,9,0,-1,5,4,6,-1,0,8,0,0,0,0,2,1,-1,6,-1,44,7,1798,8,8,TOYOTA AURIS,9,E01006178,0,1
2024101469244,2024,101469244,1,9,0,-1,5,1,2,-1,0,0,0,0,0,0,4,1,-1,6,1,82,11,1364,2,9,TOYOTA AURIS,5,E01008648,0,1
2024010523285,2024,010523285,1,9,0,15,15,1,5,0,0,1,0,0,0,0,1,1,3,7,1,36,7,1798,8,5,TOYOTA AURIS,2,E01000087,0,1
2024122400297,2024,122400297,1,9,0,18,19,5,1,0,0,8,0,0,0,0,1,1,6,6,2,81,11,1197,1,8,TOYOTA AURIS,10,E01027614,0,1
2024010510673,2024,010510673,2,9,0,9,9,1,6,0,0,1,0,0,0,0,1,1,6,6,2,75,10,1598,1,12,TOYOTA AURIS,5,E01001265,0,1
2024010547949,2024,010547949,1,9,0,18,19,3,7,0,0,2,1,0,0,0,1,1,2,2,1,19,4,1797,8,13,TOYOTA AURIS,1,E01001115,0,1
2024010537406,2024,010537406,2,9,0,18,19,5,1,0,0,8,0,0,0,0,3,1,6,6,2,41,7,1797,8,12,TOYOTA AURIS,9,E01004133,0,1
2024631424657,2024,631424657,2,9,0,-1,19,6,2,-1,0,0,0,0,1,10,3,1,-1,9,2,49,8,1797,8,10,TOYOTA AURIS,6,W01000643,0,1
2024471536183,2024,471536183,1,9,0,-1,19,5,1,-1,0,0,0,1,0,0,3,1,-1,6,1,25,5,1598,1,15,TOYOTA AURIS,6,E01031568,0,1
2024131421352,2024,131421352,1,9,0,-1,19,3,7,-1,0,0,5,0,0,0,1,1,-1,1,2,33,6,1598,1,14,TOYOTA AURIS,1,E01011899,0,1
2024010507059,2024,010507059,2,9,0,99,99,9,9,99,99,9,9,99,9,99,1,9,6,6,3,-1,-1,1398,1,16,TOYOTA AURIS,-1,-1,0,-1
2024052400498,2024,052400498,2,9,0,18,19,3,7,0,0,1,0,0,0,0,3,1,6,6,1,23,5,1798,8,7,TOYOTA AURIS,9,E01006796,0,2
2024101523252,2024,101523252,1,9,0,-1,19,3,7,-1,0,8,0,0,0,0,3,1,-1,1,1,32,6,1797,8,11,TOYOTA AURIS,1,E01008540,0,2
2024471426989,2024,471426989,2,9,0,-1,9,1,5,-1,0,3,0,0,0,0,1,1,-1,6,2,24,5,1398,1,15,TOYOTA AURIS,5,E01031431,0,1
2024131457659,2024,131457659,1,8,0,-1,9,5,3,-1,0,6,0,0,0,0,1,1,-1,1,1,31,6,1797,8,11,TOYOTA AURIS,2,E01010628,0,3
2024131421759,2024,131421759,3,9,0,-1,2,0,0,-1,9,0,0,4,0,0,3,1,-1,6,-1,-1,-1,1398,1,16,TOYOTA AURIS,-1,-1,0,-1
2024211448715,2024,211448715,1,9,0,-1,19,7,3,-1,0,1,0,0,0,0,1,1,-1,6,1,22,5,1364,2,17,TOYOTA AURIS,1,E01014305,0,1
2024471518288,2024,471518288,1,9,0,-1,9,4,2,-1,0,8,0,0,0,0,1,1,-1,9,2,42,7,1798,8,7,TOYOTA AURIS,9,E01016985,0,1
2024010555031,2024,010555031,1,9,9,99,99,9,9,99,99,9,9,99,0,0,1,9,6,6,3,-1,-1,1798,8,9,TOYOTA AURIS,-1,-1,0,-1
2024320281229,2024,320281229,1,9,0,9,9,6,4,0,0,8,0,0,0,0,3,1,-1,-1,1,47,8,1798,8,8,TOYOTA AURIS,1,E01026176,0,1
2024461410039,2024,461410039,1,9,0,-1,19,5,1,-1,0,1,0,0,7,0,2,1,-1,6,2,31,6,1798,8,9,TOYOTA AURIS,3,E01003288,0,4
2024361551618,2024,361551618,1,9,0,-1,19,5,1,-1,0,8,0,0,0,0,3,1,-1,1,1,56,9,1798,8,8,TOYOTA AURIS,7,E01026876,0,3
2024010507831,2024,010507831,2,9,0,99,99,9,9,99,99,9,9,99,9,99,1,9,6,6,3,-1,-1,1598,1,16,TOYOTA AURIS,3,E01003605,0,2
2024052402258,2024,052402258,1,9,0,9,9,7,5,0,0,6,0,0,0,0,1,1,6,6,1,68,10,1329,1,11,TOYOTA AURIS,1,E01006417,0,1
2024061482761,2024,061482761,1,9,0,-1,7,-1,-1,-1,0,5,0,0,0,0,4,1,-1,9,2,61,9,1598,1,16,TOYOTA AURIS,8,E01005837,0,1
2024010544579,2024,010544579,1,9,0,99,99,9,9,99,99,9,9,99,9,99,9,9,6,6,3,-1,-1,1797,8,9,TOYOTA AURIS,8,E01000538,0,3
2024411528508,2024,411528508,1,9,0,-1,19,7,3,-1,0,4,0,0,0,0,1,1,-1,1,2,27,6,1598,1,9,TOYOTA AURIS,7,E01002207,0,4
2024010512187,2024,010512187,1,9,0,11,11,1,5,0,0,2,0,0,0,0,4,1,1,1,1,59,9,1798,8,6,TOYOTA AURIS,3,E01003983,0,2
2024010516075,2024,010516075,1,9,0,18,19,8,4,0,0,0,2,4,0,0,1,1,6,6,1,34,6,1329,1,9,TOYOTA AURIS,2,E01001786,0,3
2024430203123,2024,430203123,2,9,0,4,4,5,1,0,0,1,0,0,0,0,2,1,2,2,2,36,7,1364,2,10,TOYOTA AURIS,7,E01028470,0,3
2024430158982,2024,430158982,2,9,0,17,19,7,4,0,0,0,0,0,0,0,1,1,2,2,1,26,6,1798,8,8,TOYOTA AURIS,5,E01033839,0,4
2024201416066,2024,201416066,2,9,0,-1,19,6,2,-1,0,8,0,0,0,0,3,9,-1,9,1,62,9,1798,8,8,TOYOTA AURIS,3,E01009922,0,1
2024131450343,2024,131450343,1,9,0,-1,19,1,3,-1,0,8,0,0,0,0,1,1,-1,9,1,54,8,1798,8,7,TOYOTA AURIS,4,E01010598,0,4
2024461461349,2024,461461349,3,9,0,-1,2,0,0,-1,0,0,0,0,0,0,2,1,-1,6,-1,-1,-1,1797,8,9,TOYOTA AURIS,-1,-1,0,-1
202460Q113136,2024,60Q113136,1,9,0,18,19,1,4,0,0,2,0,0,0,0,1,1,6,6,2,40,7,1329,1,9,TOYOTA AURIS,-1,-1,0,-1
2024010527730,2024,010527730,2,9,0,9,9,6,3,0,0,6,1,0,2,6,1,1,6,6,2,22,5,1598,1,9,TOYOTA AURIS,5,E01002666,0,1
2024010545801,2024,010545801,2,9,0,3,3,8,4,0,0,8,0,0,0,0,2,1,6,6,1,49,8,1598,1,17,TOYOTA AURIS,1,E01005270,0,5
2024411448856,2024,411448856,2,9,-1,-1,3,1,5,-1,0,0,0,0,0,0,3,9,-1,9,1,36,7,1598,1,14,TOYOTA AURIS,6,E01023871,0,1
2024411495678,2024,411495678,1,9,0,-1,7,6,8,-1,0,8,0,0,0,0,3,1,-1,6,2,40,7,1598,1,12,TOYOTA AURIS,5,E01023681,0,1
2024131466667,2024,131466667,2,9,0,-1,2,0,0,-1,0,8,0,0,0,0,1,1,-1,6,-1,-1,-1,1797,8,13,TOYOTA AURIS,-1,-1,0,-1
2024440367423,2024,440367423,2,8,0,18,19,3,7,0,0,0,0,0,0,0,1,1,1,1,1,42,7,1797,8,9,TOYOTA AURIS,9,E01022796,0,2
2024311495547,2024,311495547,1,9,0,-1,19,1,5,-1,0,0,0,4,0,0,1,1,-1,6,1,51,8,1598,1,17,TOYOTA AURIS,-1,-1,0,-1
2024131429337,2024,131429337,1,9,0,-1,19,7,3,-1,0,1,0,0,0,0,1,1,-1,9,1,48,8,1598,1,16,TOYOTA AURIS,1,E01010830,0,1
2024041452204,2024,041452204,1,9,0,-1,15,7,3,-1,0,1,5,4,0,0,1,1,-1,9,2,39,7,1364,2,11,TOYOTA AURIS,4,E01012634,0,1
2024010513698,2024,010513698,3,9,0,4,4,7,3,0,0,1,0,0,0,0,0,2,6,6,1,44,7,1797,8,9,TOYOTA AURIS,-1,-1,0,-1
2024131500745,2024,131500745,1,9,0,-1,19,3,7,-1,0,8,0,0,0,0,4,1,-1,1,1,27,6,1798,8,8,TOYOTA AURIS,2,E01010804,0,1
2024549543024,2024,549543024,1,9,0,18,19,3,7,0,0,4,0,0,0,0,2,1,6,6,1,68,10,1998,2,17,TOYOTA AURIS,8,E01015500,0,2
2024361517863,2024,361517863,1,9,0,-1,19,4,7,-1,0,1,0,0,1,0,1,1,-1,9,1,71,10,1798,8,9,TOYOTA AURIS,9,E01026544,0,3
2024061419220,2024,061419220,1,9,0,-1,19,-1,-1,-1,0,0,0,0,0,0,0,1,-1,6,2,-1,-1,1798,8,8,TOYOTA AURIS,4,E01005300,0,1
2024451461344,2024,451461344,2,9,0,-1,3,7,3,-1,0,0,0,0,0,0,2,1,-1,9,2,80,11,1197,1,9,TOYOTA AURIS,9,E01030940,0,2
2024411502018,2024,411502018,2,9,0,-1,9,1,7,-1,0,1,0,0,0,0,2,1,-1,6,1,39,7,1598,1,17,TOYOTA AURIS,9,E01033022,0,1
2024311457023,2024,311457023,1,9,0,-1,4,5,1,-1,0,0,0,0,0,0,2,1,-1,1,1,29,6,1798,8,5,TOYOTA AURIS,3,E01013930,0,1
2024061505330,2024,061505330,1,9,-1,-1,19,7,3,-1,0,0,0,0,0,0,1,9,-1,6,3,-1,-1,1798,8,8,TOYOTA AURIS,-1,-1,0,-1
2024131459193,2024,131459193,1,9,0,-1,5,8,4,-1,0,0,0,0,0,0,1,1,-1,1,1,44,7,1797,8,10,TOYOTA AURIS,1,E01011133,0,3
2024451397797,2024,451397797,2,9,0,-1,19,1,5,-1,0,8,0,0,0,0,1,1,-1,6,1,44,7,1798,8,7,TOYOTA AURIS,8,E01002414,0,4
2024131509483,2024,131509483,1,9,0,-1,7,2,6,-1,0,6,0,0,0,0,1,1,-1,6,1,40,7,1329,1,15,TOYOTA AURIS,1,E01033021,0,1
2024010521336,2024,010521336,2,9,0,18,19,3,7,0,0,0,0,0,0,0,1,1,1,1,1,57,9,1798,8,9,TOYOTA AURIS,2,E01001783,0,1
2024991475679,2024,991475679,1,9,0,-1,20,3,7,-1,0,0,0,10,0,0,1,1,-1,9,2,64,9,1598,1,15,TOYOTA AURIS,5,-1,0,3
2024141510182,2024,141510182,2,9,0,-1,7,8,6,-1,0,1,0,0,0,0,1,9,-1,1,1,69,10,1798,8,8,TOYOTA AURIS,2,E01007906,0,1
2024991445286,2024,991445286,1,9,0,-1,15,2,6,-1,0,0,0,0,0,0,1,1,-1,1,1,36,7,1798,8,8,TOYOTA AURIS,3,-1,0,1
2024411523185,2024,411523185,1,9,0,-1,19,6,1,-1,0,1,0,4,0,0,3,1,-1,9,1,35,6,1797,8,12,TOYOTA AURIS,4,E01023790,0,1
2024332400224,2024,332400224,2,9,0,-1,19,5,1,-1,0,0,0,0,0,0,1,1,-1,9,1,59,9,1329,1,11,TOYOTA AURIS,10,E01025970,0,1
2024131419991,2024,131419991,5,9,0,-1,7,3,7,-1,0,1,0,0,0,0,4,1,-1,6,1,35,6,1797,8,11,TOYOTA AURIS,2,E01010619,0,1
2024131513088,2024,131513088,2,9,0,-1,2,0,0,-1,0,8,0,0,0,0,4,1,-1,1,1,56,9,1797,8,10,TOYOTA AURIS,2,E01010805,0,3
2024471455619,2024,471455619,2,8,0,-1,9,2,8,-1,0,6,9,0,0,0,1,1,-1,6,1,78,11,1364,2,9,TOYOTA AURIS,6,E01021149,0,2
2024010530394,2024,010530394,2,9,0,3,3,5,1,0,0,8,0,0,0,0,2,1,2,2,1,42,7,1798,8,7,TOYOTA AURIS,3,E01000111,0,3
2024061433576,2024,061433576,1,9,0,-1,19,2,6,-1,0,1,0,0,0,0,3,1,-1,9,1,31,6,1797,8,13,TOYOTA AURIS,1,E01005564,0,1
2024401420148,2024,401420148,2,9,0,-1,19,1,3,-1,0,4,0,0,0,0,4,1,-1,1,1,50,8,1798,8,6,TOYOTA AURIS,5,E01015750,0,1
2024141531130,2024,141531130,1,9,0,-1,19,1,7,-1,0,0,0,0,0,0,1,1,-1,2,2,66,10,1598,1,16,TOYOTA AURIS,4,E01007350,0,1
2024501404557,2024,501404557,1,8,0,-1,19,8,4,-1,0,0,0,0,0,0,1,1,-1,1,2,51,8,1797,8,9,TOYOTA AURIS,5,E01018839,0,1
2024211415946,2024,211415946,1,9,0,-1,19,3,3,-1,0,1,0,0,0,0,1,9,-1,6,2,25,5,1598,1,12,TOYOTA AURIS,1,E01014305,0,1
2024141533104,2024,141533104,1,9,0,-1,14,1,5,-1,0,0,0,0,0,0,3,2,-1,6,1,61,9,1998,2,17,TOYOTA AURIS,3,E01007993,0,1
2024010516546,2024,010516546,2,9,0,18,19,3,7,0,0,8,0,0,0,0,1,1,6,6,2,37,7,1797,8,10,TOYOTA AURIS,6,E01023858,0,4
2024131507661,2024,131507661,1,9,0,-1,5,5,1,-1,0,8,0,0,0,0,4,1,-1,1,1,49,8,1798,8,8,TOYOTA AURIS,4,E01011158,0,3
2024131499096,2024,131499096,2,9,0,-1,2,3,7,-1,0,0,0,0,0,0,3,1,-1,6,3,-1,-1,1798,8,7,TOYOTA AURIS,-1,-1,0,-1
2024010528872,2024,010528872,1,9,0,99,99,9,9,99,99,9,9,99,9,99,2,9,1,1,1,54,8,1797,8,11,TOYOTA AURIS,4,E01003348,0,1
2024131462203,2024,131462203,2,9,0,-1,19,1,5,-1,0,0,0,0,0,0,1,1,-1,2,1,28,6,1797,8,10,TOYOTA AURIS,1,E01010719,0,2
2024522401351,2024,522401351,2,9,0,18,19,2,6,0,0,1,0,0,0,0,1,1,6,6,3,-1,-1,1798,8,6,TOYOTA AURIS,-1,-1,0,-1
2024421405963,2024,421405963,1,9,0,-1,19,6,2,-1,0,0,5,10,1,7,1,1,-1,1,1,34,6,1364,2,17,TOYOTA AURIS,6,E01021356,0,2
2024061450183,2024,061450183,1,9,0,-1,19,3,7,-1,0,1,0,0,0,0,4,9,-1,6,3,-1,-1,1598,1,17,TOYOTA AURIS,-1,-1,0,-1
2024061496302,2024,061496302,2,9,-1,-1,-1,-1,-1,-1,-1,0,-1,-1,-1,0,1,9,-1,6,1,42,7,1364,2,10,TOYOTA AURIS,2,E01005435,0,3
2024311512465,2024,311512465,1,8,0,-1,4,2,6,-1,0,0,0,0,0,0,0,1,-1,1,1,31,6,1798,8,8,TOYOTA AURIS,4,E01019522,0,1
2024332400679,2024,332400679,1,9,0,-1,9,7,5,-1,0,6,0,0,0,0,3,1,-1,9,1,56,9,1598,1,12,TOYOTA AURIS,6,E01013764,0,1
2024311448568,2024,311448568,2,8,0,-1,5,1,4,-1,0,2,1,0,0,0,3,1,-1,1,1,46,8,1798,8,6,TOYOTA AURIS,1,E01013958,0,3
2024131468426,2024,131468426,2,9,0,-1,19,6,2,-1,0,0,0,0,0,0,0,1,-1,1,1,42,7,1797,7,10,TOYOTA AURIS,1,E01010802,0,1
2024131526955,2024,131526955,1,9,0,-1,19,1,1,-1,0,0,0,4,0,0,1,1,-1,1,1,58,9,1798,8,7,TOYOTA AURIS,1,E01010676,0,1
2024161536156,2024,161536156,1,8,0,-1,9,7,5,-1,0,2,0,0,7,0,1,1,-1,9,1,42,7,1798,8,6,TOYOTA AURIS,1,E01013298,0,1
2024010529739,2024,010529739,2,9,0,99,99,9,9,99,99,9,9,99,9,99,9,9,6,6,3,-1,-1,1797,8,14,TOYOTA AURIS,-1,-1,0,-1
2024131516572,2024,131516572,1,9,0,-1,19,1,5,-1,5,8,0,0,0,0,1,1,-1,1,1,31,6,1797,8,10,TOYOTA AURIS,2,E01010728,0,1
2024131506439,2024,131506439,2,9,0,-1,9,5,3,-1,0,0,0,0,0,0,3,1,-1,2,1,44,7,2231,2,15,TOYOTA AURIS,7,E01011630,0,1
2024311426477,2024,311426477,2,9,0,-1,19,2,6,-1,0,0,0,0,0,0,1,1,-1,6,1,35,6,1797,8,11,TOYOTA AURIS,1,E01013864,0,1
2024311530177,2024,311530177,1,9,0,-1,19,5,1,-1,0,8,0,0,7,0,1,1,-1,1,1,40,7,1798,8,6,TOYOTA AURIS,-1,-1,0,-1
2024131533142,2024,131533142,1,9,0,-1,9,5,1,-1,0,8,0,0,0,0,1,1,-1,9,1,37,7,1798,8,7,TOYOTA AURIS,1,E01011339,0,1
2024411403975,2024,411403975,3,9,0,-1,19,1,5,-1,0,0,1,0,0,0,1,9,-1,2,2,33,6,1364,2,12,TOYOTA AURIS,10,E01033190,0,4
2024201436989,2024,201436989,2,9,0,-1,19,3,7,-1,0,8,0,0,0,0,1,1,-1,6,1,41,7,1598,1,10,TOYOTA AURIS,-1,-1,0,-1
2024451394615,2024,451394615,1,9,0,-1,19,1,5,-1,0,0,0,4,0,0,1,1,-1,1,2,48,8,1797,8,12,TOYOTA AURIS,9,E01030299,0,2
2024131477769,2024,131477769,1,9,0,-1,19,5,1,-1,0,0,0,0,0,0,4,1,-1,6,1,41,7,1364,2,10,TOYOTA AURIS,1,E01010666,0,3
2024141530504,2024,141530504,2,9,0,-1,19,6,2,-1,0,1,0,0,0,0,3,1,-1,6,2,33,6,1329,1,14,TOYOTA AURIS,1,E01033271,0,1
2024010502464,2024,010502464,1,8,0,18,19,5,1,0,0,0,5,4,0,0,1,1,1,1,1,37,7,1798,8,9,TOYOTA AURIS,2,E01003991,0,2
2024052400217,2024,052400217,1,8,0,1,1,1,5,0,0,1,0,0,0,0,2,1,6,6,3,-1,-1,1798,8,8,TOYOTA AURIS,-1,-1,0,-1
2024010533499,2024,010533499,2,9,0,7,7,1,4,0,0,6,0,0,0,0,1,1,1,1,1,56,9,1797,8,9,TOYOTA AURIS,2,E01002722,0,1
2024201491939,2024,201491939,2,9,0,-1,8,5,8,-1,0,1,0,0,0,0,3,1,-1,9,1,38,7,1797,8,10,TOYOTA AURIS,1,E01009081,0,1
2024201505632,2024,201505632,2,8,0,-1,5,4,8,-1,0,2,0,0,0,0,1,9,-1,1,1,60,9,1798,8,9,TOYOTA AURIS,3,E01009655,0,1
2024010551723,2024,010551723,2,9,9,99,99,9,9,99,99,9,9,99,9,99,2,9,6,6,2,41,7,1797,8,13,TOYOTA AURIS,3,E01033150,0,1
2024010525390,2024,010525390,1,9,0,18,19,1,5,0,0,0,1,0,0,0,2,1,6,6,2,32,6,1598,1,14,TOYOTA AURIS,8,E01003678,0,2
2024351409332,2024,351409332,1,9,0,-1,5,5,1,-1,0,4,0,0,0,0,1,1,-1,2,1,43,7,1598,1,13,TOYOTA AURIS,9,E01018299,0,2
2024010498066,2024,010498066,1,8,0,4,4,1,5,2,2,0,0,0,0,0,3,2,6,6,1,49,8,1798,8,8,TOYOTA AURIS,2,E01000858,0,1
2024231463876,2024,231463876,2,9,0,-1,19,7,3,-1,0,0,0,0,0,0,1,1,-1,9,1,38,7,1598,1,12,TOYOTA AURIS,10,E01031157,0,2
2024302400814,2024,302400814,1,9,0,4,4,5,1,0,0,1,0,0,0,0,1,1,6,6,2,-1,-1,1598,1,17,TOYOTA AURIS,-1,-1,0,-1
2024411433161,2024,411433161,1,9,0,-1,13,6,2,-1,0,8,0,10,0,0,1,1,-1,9,1,43,7,1798,8,7,TOYOTA AURIS,5,E01023546,0,1
2024311525886,2024,311525886,2,9,0,-1,2,1,5,-1,0,0,0,0,0,0,1,1,-1,1,1,38,7,1798,8,8,TOYOTA AURIS,-1,-1,0,-1
2024010534570,2024,010534570,2,9,0,99,99,9,9,99,99,9,9,99,9,99,9,9,6,6,3,-1,-1,1797,8,13,TOYOTA AURIS,-1,-1,0,-1
2024010518571,2024,010518571,2,8,0,10,10,3,2,0,0,0,0,0,0,0,2,1,1,1,1,34,6,1798,8,6,TOYOTA AURIS,10,E01023503,0,4
2024131414367,2024,131414367,2,9,0,-1,19,5,1,-1,0,1,0,0,0,0,3,1,-1,6,1,52,8,1398,1,16,TOYOTA AURIS,1,E01011001,0,1
2024010543237,2024,010543237,2,9,0,8,8,3,5,0,0,8,0,0,7,0,1,1,6,6,1,60,9,1798,8,7,TOYOTA AURIS,4,E01001836,0,1
2024401498463,2024,401498463,2,9,0,-1,19,7,3,-1,0,2,0,0,0,0,1,1,-1,6,1,48,8,1798,8,6,TOYOTA AURIS,2,E01015703,0,1
2024332400365,2024,332400365,2,8,0,-1,2,0,0,-1,0,1,0,0,0,0,2,1,-1,1,1,47,8,1798,8,6,TOYOTA AURIS,9,E01025998,0,2
2024010507324,2024,010507324,2,9,0,5,5,3,7,0,0,1,0,0,0,0,1,1,6,6,1,34,6,1598,1,10,TOYOTA AURIS,1,E01003515,0,2
2024010500919,2024,010500919,1,9,0,99,99,9,9,99,99,9,9,99,9,99,1,9,6,6,1,61,9,1197,1,8,TOYOTA AURIS,4,E01000634,0,2
2024052401722,2024,052401722,1,9,0,9,9,3,1,0,0,8,0,0,0,0,1,1,6,6,1,54,8,1797,8,11,TOYOTA AURIS,1,E01007130,0,2
2024401415118,2024,401415118,1,9,0,-1,19,7,3,-1,0,1,0,0,0,0,1,1,-1,6,1,21,5,1364,2,9,TOYOTA AURIS,-1,-1,0,-1
2024010530511,2024,010530511,1,9,0,9,9,5,2,0,0,6,0,0,0,0,1,1,6,6,1,49,8,1398,1,17,TOYOTA AURIS,7,E01003414,0,2
2024141461268,2024,141461268,1,9,0,-1,7,3,5,-1,0,6,0,0,0,0,1,1,-1,1,1,37,7,1798,8,6,TOYOTA AURIS,1,E01007716,0,1
2024302500151,2024,302500151,2,9,0,-1,2,0,0,-1,0,1,0,0,0,0,2,1,-1,6,2,33,6,1364,2,17,TOYOTA AURIS,1,E01013566,0,1
2024340WN5192,2024,340WN5192,2,9,0,-1,19,5,1,-1,0,1,0,0,0,0,1,1,-1,9,1,33,6,1598,1,11,TOYOTA AURIS,4,E01035418,0,1
2024010536380,2024,010536380,1,9,9,99,99,9,9,99,99,9,9,99,9,99,9,9,6,6,3,-1,-1,1798,8,9,TOYOTA AURIS,-1,-1,0,-1
2024010501349,2024,010501349,1,9,0,99,99,9,9,99,99,9,9,99,9,99,1,9,6,6,3,39,7,1797,8,10,TOYOTA AURIS,3,E01000641,0,1
2024991485413,2024,991485413,1,9,0,-1,19,3,8,-1,0,0,2,0,1,9,1,1,-1,9,1,54,8,1598,1,13,TOYOTA AURIS,8,E01017992,0,5
2024361469859,2024,361469859,1,9,0,-1,9,1,5,-1,0,0,0,0,0,0,3,1,-1,9,2,69,10,1798,8,8,TOYOTA AURIS,6,E01026899,0,1
2024010540831,2024,010540831,1,9,0,5,5,5,1,0,0,1,0,0,0,0,3,1,6,6,3,-1,-1,1798,8,7,TOYOTA AURIS,-1,-1,0,-1
2024010544088,2024,010544088,1,9,0,10,10,3,1,0,0,1,0,0,0,0,1,1,1,1,1,52,8,1798,8,8,TOYOTA AURIS,1,E01002066,0,1
2024131482860,2024,131482860,2,9,0,-1,19,1,3,-1,0,1,0,0,0,0,4,1,-1,1,1,39,7,1798,8,6,TOYOTA AURIS,3,E01011670,0,3
2024052400991,2024,052400991,4,9,0,2,2,0,0,0,0,1,0,0,0,0,1,1,6,6,3,-1,-1,1598,2,8,TOYOTA AURIS,-1,-1,0,-1
2024201500693,2024,201500693,1,9,0,-1,19,2,6,-1,0,8,1,0,0,0,1,1,-1,6,-1,20,4,1798,8,9,TOYOTA AURIS,-1,-1,0,-1
2024131468830,2024,131468830,1,9,0,-1,9,1,5,-1,0,3,0,0,0,0,0,1,-1,1,1,65,9,1798,8,8,TOYOTA AURIS,5,E01011480,0,3
2024010501506,2024,010501506,1,9,0,7,7,5,7,0,0,8,0,0,0,0,1,1,6,6,1,46,8,1797,8,11,TOYOTA AURIS,3,E01001141,0,1
2024201443523,2024,201443523,4,9,0,-1,19,6,2,-1,0,1,0,0,0,0,3,1,-1,6,1,38,7,1598,1,16,TOYOTA AURIS,2,E01010046,0,1
2024471506932,2024,471506932,1,9,0,-1,7,3,1,-1,0,1,0,0,0,0,4,1,-1,9,2,64,9,1598,1,17,TOYOTA AURIS,2,E01016911,0,1
2024451528889,2024,451528889,1,9,0,-1,12,5,3,-1,0,8,0,0,0,0,1,1,-1,1,1,49,8,1798,8,7,TOYOTA AURIS,2,E01003238,0,4
2024052402618,2024,052402618,1,9,0,5,5,1,5,0,0,6,0,0,0,0,1,1,2,2,1,42,7,1797,8,9,TOYOTA AURIS,1,E01033763,0,1
2024440211389,2024,440211389,1,9,0,18,19,1,5,0,0,1,0,0,0,0,1,1,6,6,1,38,7,1797,8,9,TOYOTA AURIS,4,E01002447,0,4
2024451460519,2024,451460519,1,9,0,-1,10,8,6,-1,0,0,0,0,0,0,3,1,-1,1,1,70,10,1797,8,10,TOYOTA AURIS,3,E01001192,0,2
2024010528079,2024,010528079,1,9,0,18,19,1,5,0,0,2,0,7,0,0,1,1,6,6,1,59,9,1797,8,9,TOYOTA AURIS,2,E01001594,0,1
2024361402050,2024,361402050,1,9,0,-1,2,0,0,-1,0,2,0,0,0,0,3,9,-1,6,2,33,6,1329,1,13,TOYOTA AURIS,1,E01026800,0,1
2024440174335,2024,440174335,1,9,0,1,1,3,7,0,0,0,0,0,0,0,2,1,6,6,2,55,8,1598,1,14,TOYOTA AURIS,6,E01017114,0,1
2024052402454,2024,052402454,1,9,0,4,4,3,5,0,0,1,0,0,0,0,1,1,6,6,1,81,11,1598,1,12,TOYOTA AURIS,2,E01006449,0,1
2024991511793,2024,991511793,1,9,0,-1,19,8,4,-1,0,0,0,0,0,0,1,1,-1,6,1,32,6,1798,8,6,TOYOTA AURIS,2,-1,0,1
2024302401657,2024,302401657,1,9,0,-1,19,8,4,-1,0,8,0,0,0,0,3,2,-1,6,3,-1,-1,1598,1,11,TOYOTA AURIS,5,E01019456,0,3
2024010488489,2024,010488489,2,9,0,18,19,1,5,0,0,8,0,0,0,0,1,1,6,6,1,47,8,1797,8,9,TOYOTA AURIS,3,E01000111,0,1
2024010520239,2024,010520239,3,9,0,18,19,1,5,0,0,0,1,0,0,0,2,1,6,6,1,52,8,1797,8,12,TOYOTA AURIS,3,E01000783,0,2