collision_index,collision_year,collision_ref_no,vehicle_reference,vehicle_type,towing_and_articulation,vehicle_manoeuvre_historic,vehicle_manoeuvre,vehicle_direction_from,vehicle_direction_to,vehicle_location_restricted_lane_historic,vehicle_location_restricted_lane,junction_location,skidding_and_overturning,hit_object_in_carriageway,vehicle_leaving_carriageway,hit_object_off_carriageway,first_point_of_impact,vehicle_left_hand_drive,journey_purpose_of_driver_historic,journey_purpose_of_driver,sex_of_driver,age_of_driver,age_band_of_driver,engine_capacity_cc,propulsion_code,age_of_vehicle,generic_make_model,driver_imd_decile,lsoa_of_driver,escooter_flag,driver_distance_banding
2024471486454,2024,471486454,1,9,0,-1,5,6,7,-1,0,1,0,0,0,0,4,1,-1,6,1,46,8,1797,8,9,TOYOTA AURIS,2,E01020990,0,1
2024131500777,2024,131500777,1,9,0,-1,9,1,3,-1,0,8,0,0,0,0,1,1,-1,6,2,41,7,1598,1,17,TOYOTA AURIS,1,E01010831,0,1
2024101531943,2024,101531943,1,9,0,-1,19,7,3,-1,0,0,0,0,0,0,1,1,-1,9,1,45,7,1598,1,17,TOYOTA AURIS,3,E01008576,0,1
2024201524397,2024,201524397,1,9,0,-1,19,4,8,-1,0,0,0,0,0,0,1,1,-1,9,1,55,8,1398,1,15,TOYOTA AURIS,-1,-1,0,-1
2024041447264,2024,041447264,1,9,0,-1,19,5,1,-1,0,1,0,0,0,0,1,1,-1,6,1,-1,-1,1598,1,16,TOYOTA AURIS,-1,-1,0,-1
2024061475106,2024,061475106,2,8,0,-1,5,3,7,-1,0,1,0,0,0,0,3,1,-1,1,1,48,8,1797,8,9,TOYOTA AURIS,6,E01006038,0,1
2024052400763,2024,052400763,2,9,0,9,9,5,2,0,0,8,0,0,0,0,1,1,6,6,1,27,6,1598,1,11,TOYOTA AURIS,3,E01013394,0,5
2024010524939,2024,010524939,1,8,0,18,19,1,5,0,0,1,0,0,0,0,4,1,1,1,1,29,6,1798,8,6,TOYOTA AURIS,3,E01004567,0,1
2024401438638,2024,401438638,2,9,-1,-1,19,2,5,-1,0,8,0,0,0,0,3,9,-1,9,1,34,6,1798,8,8,TOYOTA AURIS,6,E01023598,0,4
2024131491195,2024,131491195,2,9,0,-1,9,5,1,-1,0,8,0,0,0,0,1,1,-1,1,1,25,5,1798,8,7,TOYOTA AURIS,2,E01011424,0,1
2024041515013,2024,041515013,2,9,0,-1,19,3,7,-1,0,1,1,0,1,0,3,1,-1,9,2,82,11,1798,8,7,TOYOTA AURIS,6,E01025531,0,1
2024131414760,2024,131414760,1,9,0,-1,5,1,5,-1,0,0,0,0,0,0,-1,1,-1,6,2,60,9,1329,1,15,TOYOTA AURIS,2,E01010716,0,1
2024010517746,2024,010517746,2,9,0,99,99,9,9,99,99,9,9,99,9,99,9,9,6,6,3,-1,-1,1797,8,13,TOYOTA AURIS,3,E01002120,0,1
2024131461436,2024,131461436,3,9,0,-1,19,7,3,-1,0,0,0,0,0,0,3,1,-1,1,1,30,6,1798,8,6,TOYOTA AURIS,5,E01011161,0,2
2024501413792,2024,501413792,1,9,0,-1,19,4,8,-1,0,0,2,0,8,0,3,1,-1,6,1,30,6,1364,2,14,TOYOTA AURIS,6,E01019891,0,2
2024041472480,2024,041472480,1,9,0,-1,19,1,5,-1,0,0,1,0,0,0,1,1,-1,9,2,29,6,1598,1,16,TOYOTA AURIS,1,E01005611,0,4
2024320310645,2024,320310645,1,9,0,13,13,8,4,0,0,0,0,0,0,0,1,1,6,6,1,58,9,1598,1,10,TOYOTA AURIS,9,E01017603,0,5
2024201523549,2024,201523549,2,9,0,-1,19,1,5,-1,0,2,0,0,0,0,4,1,-1,6,2,54,8,1329,1,15,TOYOTA AURIS,1,E01008938,0,1
2024430034250,2024,430034250,1,8,0,17,19,6,4,0,0,0,0,10,1,10,4,1,1,1,1,-1,-1,1364,2,7,TOYOTA AURIS,-1,-1,0,-1
2024010546306,2024,010546306,2,9,9,99,99,9,9,99,99,9,9,99,9,99,9,9,6,6,3,-1,-1,1797,8,10,TOYOTA AURIS,-1,-1,0,-1
2024010520660,2024,010520660,1,9,0,18,19,5,1,0,0,0,0,0,0,0,1,1,1,1,1,35,6,1797,8,11,TOYOTA AURIS,5,E01002219,0,4
2024131522952,2024,131522952,3,9,0,-1,2,0,0,-1,0,8,0,0,0,0,3,1,-1,6,-1,-1,-1,1364,2,9,TOYOTA AURIS,-1,-1,0,-1
2024471470131,2024,471470131,1,8,0,-1,99,-1,-1,-1,99,9,9,0,0,0,2,1,-1,1,1,37,7,1798,8,6,TOYOTA AURIS,7,E01035329,0,1
2024131468434,2024,131468434,1,9,0,-1,5,7,3,-1,0,8,0,0,0,0,1,1,-1,6,2,51,8,1598,1,16,TOYOTA AURIS,1,E01011360,0,2
2024010547425,2024,010547425,1,9,0,99,99,9,9,99,99,9,9,99,9,99,1,9,2,2,1,25,5,1598,1,17,TOYOTA AURIS,6,E01021473,0,3
2024201530159,2024,201530159,1,8,0,-1,19,1,5,-1,0,0,0,0,0,0,1,1,-1,1,1,46,8,1797,8,10,TOYOTA AURIS,-1,-1,0,-1
2024302401243,2024,302401243,2,9,0,9,9,3,1,0,0,8,0,0,0,0,1,1,6,6,1,50,8,1798,8,9,TOYOTA AURIS,10,E01035510,0,3
2024010527385,2024,010527385,1,9,0,7,7,7,2,0,0,8,0,0,0,0,1,1,1,1,1,62,9,1797,8,10,TOYOTA AURIS,2,E01003304,0,3
2024332400885,2024,332400885,1,9,0,-1,10,6,4,-1,0,8,0,0,0,0,2,1,-1,9,2,56,9,1329,1,9,TOYOTA AURIS,8,E01025760,0,2
2024131398019,2024,131398019,1,9,0,-1,5,7,3,-1,0,8,0,0,0,0,2,1,-1,9,2,21,5,1797,8,14,TOYOTA AURIS,1,E01010625,0,1
2024440281845,2024,440281845,1,8,0,18,19,1,5,0,0,6,0,0,0,0,1,1,1,1,1,54,8,1798,8,6,TOYOTA AURIS,8,E01017145,0,1
2024131412630,2024,131412630,1,9,0,-1,19,1,5,-1,0,8,0,0,0,0,3,1,-1,7,2,41,7,1364,2,16,TOYOTA AURIS,3,E01011319,0,1
2024010504459,2024,010504459,1,9,0,6,6,3,3,0,0,1,0,0,0,0,1,1,6,6,1,56,9,1798,8,8,TOYOTA AURIS,3,E01003522,0,1
2024131458221,2024,131458221,1,9,0,-1,19,3,7,-1,0,0,0,0,0,0,1,1,-1,1,1,34,6,1798,8,7,TOYOTA AURIS,5,E01010729,0,4
2024131477987,2024,131477987,2,8,0,-1,12,3,4,-1,0,8,0,0,0,0,1,1,-1,1,1,34,6,1798,8,9,TOYOTA AURIS,1,E01010737,0,2
2024052400026,2024,052400026,1,9,0,9,9,5,3,0,0,8,0,0,0,0,1,1,6,6,2,47,8,1797,8,9,TOYOTA AURIS,2,E01007214,0,1
2024010492798,2024,010492798,1,9,0,5,5,6,2,0,0,1,0,0,0,0,1,1,6,6,2,22,5,1797,8,13,TOYOTA AURIS,2,E01002072,0,1
2024520402986,2024,520402986,2,9,0,2,2,0,0,0,0,8,0,0,0,0,2,1,6,6,3,-1,-1,1197,1,9,TOYOTA AURIS,-1,-1,0,-1
2024411486783,2024,411486783,1,9,0,-1,9,7,3,-1,0,6,0,0,0,0,3,1,-1,6,2,35,6,1798,8,6,TOYOTA AURIS,9,E01023466,0,3
2024010501084,2024,010501084,1,9,0,18,19,7,3,0,0,6,0,0,0,0,4,1,6,6,1,40,7,1798,8,9,TOYOTA AURIS,2,E01000902,0,1
2024010500327,2024,010500327,2,9,0,99,99,9,9,99,99,9,9,99,9,99,9,9,6,6,3,-1,-1,1329,1,11,TOYOTA AURIS,-1,-1,0,-1
2024010551135,2024,010551135,3,9,0,2,2,0,0,0,0,1,0,0,0,0,2,1,6,6,3,-1,-1,1797,8,11,TOYOTA AURIS,-1,-1,0,-1
2024031430062,2024,031430062,1,9,0,-1,19,2,6,-1,0,1,0,4,0,0,1,1,-1,6,1,88,11,1598,1,10,TOYOTA AURIS,9,E01019328,0,1
2024122401269,2024,122401269,1,9,0,18,19,5,8,0,0,4,0,0,0,0,1,1,2,2,2,68,10,1329,1,10,TOYOTA AURIS,10,E01013376,0,2
2024010512049,2024,010512049,1,9,0,18,19,3,7,0,0,6,0,0,0,0,0,1,6,6,1,75,10,1797,8,11,TOYOTA AURIS,8,E01002239,0,1
2024061423501,2024,061423501,2,9,0,-1,19,5,1,-1,0,2,0,0,0,0,4,1,-1,2,1,66,10,1797,8,13,TOYOTA AURIS,3,E01004878,0,1
2024131480141,2024,131480141,2,9,0,-1,19,3,7,-1,0,8,0,0,0,0,2,1,-1,6,1,53,8,1798,8,6,TOYOTA AURIS,3,E01010600,0,1
2024131505653,2024,131505653,1,9,0,-1,2,1,1,-1,0,1,0,0,0,0,2,1,-1,1,1,47,8,1798,8,7,TOYOTA AURIS,3,E01010669,0,3
2024201480751,2024,201480751,1,9,0,-1,9,3,1,-1,0,6,0,0,0,0,1,1,-1,6,2,39,7,1329,1,15,TOYOTA AURIS,-1,-1,0,-1
2024131507874,2024,131507874,1,9,0,-1,9,1,5,-1,0,3,0,0,0,0,4,1,-1,6,2,36,7,1364,2,16,TOYOTA AURIS,3,E01010846,0,1
2024010512886,2024,010512886,2,9,9,99,99,9,9,99,99,9,9,99,9,99,9,9,6,6,1,36,7,1329,1,15,TOYOTA AURIS,5,E01000606,0,1
2024061438091,2024,061438091,1,9,0,-1,19,1,1,-1,0,0,0,0,0,0,1,2,-1,6,3,30,6,1798,8,7,TOYOTA AURIS,-1,-1,0,-1
2024302401469,2024,302401469,2,9,0,16,19,8,2,0,0,3,0,0,7,0,1,1,6,6,1,31,6,1364,2,16,TOYOTA AURIS,5,E01013509,0,1
2024010522961,2024,010522961,1,9,0,9,9,3,1,0,0,3,0,0,1,11,4,1,1,1,1,68,10,1797,8,10,TOYOTA AURIS,7,E01002177,0,3
2024010490163,2024,010490163,1,9,0,9,9,5,3,0,0,8,0,0,0,0,1,1,1,1,1,48,8,1798,8,8,TOYOTA AURIS,-1,-1,0,-1
2024161517030,2024,161517030,1,9,0,-1,19,7,5,-1,0,0,1,0,1,9,1,1,-1,9,1,35,6,1797,8,11,TOYOTA AURIS,5,E01009713,0,5
2024131488263,2024,131488263,5,9,0,-1,19,7,3,-1,0,1,0,0,0,0,1,1,-1,1,1,63,9,1797,8,11,TOYOTA AURIS,2,E01011141,0,1
2024010523712,2024,010523712,1,9,0,99,99,9,9,99,99,9,9,99,9,99,2,9,2,2,1,38,7,1797,8,12,TOYOTA AURIS,3,E01003564,0,2
2024302400396,2024,302400396,2,8,0,18,19,8,3,0,0,8,0,0,0,0,1,1,1,1,1,30,6,1797,8,9,TOYOTA AURIS,1,E01013481,0,1
2024010498142,2024,010498142,1,9,0,99,99,9,9,99,99,9,9,99,9,99,2,9,6,6,3,-1,-1,1364,2,7,TOYOTA AURIS,3,E01003490,0,1
2024201487517,2024,201487517,2,9,0,-1,5,6,2,-1,0,4,0,0,0,0,2,2,-1,6,1,31,6,1798,8,5,TOYOTA AURIS,1,E01009305,0,1
2024311412737,2024,311412737,1,8,0,-1,5,5,1,-1,0,0,0,0,0,0,0,9,-1,1,1,36,7,1798,8,8,TOYOTA AURIS,2,E01028245,0,1
2024471469398,2024,471469398,1,9,0,-1,19,5,1,-1,0,0,5,4,0,0,1,1,-1,6,1,67,10,1798,8,8,TOYOTA AURIS,5,E01016974,0,2
2024010493846,2024,010493846,1,9,0,7,7,1,4,4,4,1,0,0,0,0,4,1,6,6,1,58,9,1598,1,11,TOYOTA AURIS,7,E01002944,0,1
2024010537836,2024,010537836,1,9,0,99,99,9,9,99,99,9,9,99,9,99,1,9,6,6,1,62,9,1398,1,17,TOYOTA AURIS,6,E01004658,0,1
2024061436026,2024,061436026,1,9,0,-1,19,-1,-1,-1,9,-1,0,0,0,0,3,1,-1,6,2,44,7,1329,1,10,TOYOTA AURIS,2,E01005470,0,1
202460Q168500,2024,60Q168500,2,9,0,18,19,4,8,0,0,1,0,0,0,0,3,1,6,6,1,57,9,1598,2,8,TOYOTA AURIS,-1,-1,0,-1
2024501475538,2024,501475538,1,9,0,-1,3,4,8,-1,0,1,0,0,0,0,3,1,-1,6,2,66,10,1598,1,11,TOYOTA AURIS,5,E01018903,0,3
2024332401218,2024,332401218,2,8,0,-1,19,4,8,-1,0,0,0,0,0,0,3,1,-1,6,3,-1,-1,1798,8,6,TOYOTA AURIS,-1,-1,0,-1
2024311497119,2024,311497119,2,9,0,-1,3,1,6,-1,0,1,0,0,0,0,1,1,-1,9,3,40,7,1797,8,9,TOYOTA AURIS,-1,-1,0,-1
2024421441993,2024,421441993,2,9,0,-1,2,0,0,-1,0,0,0,0,0,0,4,1,-1,6,3,-1,-1,1798,8,9,TOYOTA AURIS,-1,-1,0,-1
2024131515465,2024,131515465,2,9,0,-1,19,6,2,-1,0,0,0,0,0,0,1,1,-1,6,1,60,9,1797,8,14,TOYOTA AURIS,1,E01010736,0,1
2024131495198,2024,131495198,1,9,0,-1,9,8,2,-1,0,2,0,0,0,0,3,1,-1,9,1,40,7,1797,8,9,TOYOTA AURIS,7,E01011445,0,1
2024010501428,2024,010501428,1,9,0,18,19,7,3,0,0,0,0,0,0,0,2,1,6,6,2,80,11,1797,8,11,TOYOTA AURIS,8,E01004703,0,3
2024451432361,2024,451432361,2,9,0,-1,10,3,1,-1,0,5,0,0,0,0,1,1,-1,9,2,68,10,1797,8,9,TOYOTA AURIS,3,E01002612,0,2
2024061448038,2024,061448038,2,9,0,-1,99,5,1,-1,0,6,0,0,0,0,1,1,-1,6,1,-1,-1,1329,1,14,TOYOTA AURIS,1,E01005213,0,1
2024101511159,2024,101511159,1,9,0,-1,19,8,4,-1,0,0,0,0,0,0,1,1,-1,6,1,40,7,1598,1,16,TOYOTA AURIS,-1,-1,0,-1
2024421509562,2024,421509562,2,9,0,-1,19,8,4,-1,0,2,0,0,0,0,1,1,-1,6,1,76,11,1797,8,9,TOYOTA AURIS,7,E01021966,0,1
2024141557268,2024,141557268,1,9,0,-1,5,5,2,-1,0,2,0,0,0,0,3,1,-1,9,1,51,8,1798,8,6,TOYOTA AURIS,1,E01007940,0,1
2024991456429,2024,991456429,2,9,0,-1,2,0,0,-1,0,0,0,0,0,0,2,1,-1,6,-1,-1,-1,1998,2,17,TOYOTA AURIS,-1,-1,0,-1
2024010536703,2024,010536703,1,9,0,9,9,8,5,0,0,1,0,0,0,0,1,1,6,6,1,67,10,1797,8,12,TOYOTA AURIS,8,E01000393,0,1
2024311414193,2024,311414193,1,9,0,-1,9,6,3,-1,0,0,0,0,0,0,1,1,-1,6,1,33,6,1329,1,15,TOYOTA AURIS,-1,-1,0,-1
2024041491796,2024,041491796,1,9,0,-1,19,1,5,-1,0,1,0,0,0,0,1,1,-1,6,1,54,8,1598,1,15,TOYOTA AURIS,3,E01012588,0,1
2024351495588,2024,351495588,1,8,0,-1,5,1,5,-1,0,4,0,0,0,0,1,1,-1,1,1,50,8,1797,8,10,TOYOTA AURIS,5,E01017972,0,1
2024010506826,2024,010506826,2,9,9,99,99,9,9,99,99,9,9,99,9,99,9,9,6,6,3,-1,-1,1598,1,16,TOYOTA AURIS,-1,-1,0,-1
2024131532091,2024,131532091,2,9,0,-1,10,3,1,-1,0,8,0,0,0,0,2,1,-1,6,1,32,6,1797,8,10,TOYOTA AURIS,7,E01027724,0,3
2024052401510,2024,052401510,1,9,0,18,19,1,5,0,0,1,0,0,0,0,1,1,6,6,1,36,7,1797,8,10,TOYOTA AURIS,2,E01005473,0,4
2024010537829,2024,010537829,2,9,0,18,19,1,5,0,0,2,0,0,0,0,1,1,2,2,1,53,8,1798,8,7,TOYOTA AURIS,2,E01004420,0,1
2024041394841,2024,041394841,1,9,0,-1,7,3,3,-1,0,8,0,0,0,0,1,2,-1,9,1,86,11,1197,1,6,TOYOTA AURIS,1,E01024910,0,1
2024231482289,2024,231482289,1,9,0,-1,5,1,5,-1,0,0,0,0,0,0,0,9,-1,9,1,40,7,1364,2,9,TOYOTA AURIS,2,E01034746,0,3
2024041406563,2024,041406563,1,9,0,-1,19,1,5,-1,0,1,0,0,0,0,4,1,-1,9,1,37,7,1797,8,11,TOYOTA AURIS,1,E01004828,0,4
2024311453651,2024,311453651,1,8,0,-1,19,6,1,-1,0,1,0,11,0,0,1,1,-1,9,1,37,7,1797,8,10,TOYOTA AURIS,2,E01015599,0,4
2024010500010,2024,010500010,1,9,0,99,99,9,9,99,99,9,9,99,9,99,1,9,6,6,1,23,5,1797,8,12,TOYOTA AURIS,3,E01000226,0,1
2024211509861,2024,211509861,2,9,0,-1,19,1,5,-1,0,0,0,0,0,0,4,1,-1,9,1,-1,-1,1598,1,12,TOYOTA AURIS,-1,-1,0,-1
2024131447535,2024,131447535,1,9,0,-1,2,3,3,-1,0,0,0,0,0,0,0,1,-1,1,1,51,8,1798,8,7,TOYOTA AURIS,2,E01011250,0,2
2024010545002,2024,010545002,2,9,0,99,99,9,9,99,99,9,9,99,9,99,1,9,6,6,3,51,8,1798,1,15,TOYOTA AURIS,3,E01035721,0,1
2024010545051,2024,010545051,1,9,0,3,3,7,3,0,0,8,0,0,0,0,2,1,6,6,1,33,6,1398,1,16,TOYOTA AURIS,-1,-1,0,-1
2024010549226,2024,010549226,1,9,0,14,14,5,1,0,0,0,0,0,0,0,1,1,1,1,1,40,7,1797,8,9,TOYOTA AURIS,2,E01001012,0,2
2024421464560,2024,421464560,3,9,0,-1,2,0,0,-1,0,0,0,0,0,0,1,1,-1,6,-1,-1,-1,1998,2,16,TOYOTA AURIS,-1,-1,0,-1
2024522401598,2024,522401598,2,8,0,18,19,4,8,0,0,0,0,0,0,0,1,1,1,1,3,-1,-1,1798,8,6,TOYOTA AURIS,-1,-1,0,-1
2024371481313,2024,371481313,2,9,0,-1,19,1,5,-1,0,0,0,0,5,0,1,1,-1,1,2,26,6,1598,1,14,TOYOTA AURIS,8,E01030242,0,1
2024131479424,2024,131479424,1,9,0,-1,9,1,5,-1,0,1,0,0,0,0,1,1,-1,1,1,60,9,1798,8,5,TOYOTA AURIS,1,E01011677,0,1
2024552401442,2024,552401442,1,9,0,18,19,6,2,0,0,8,0,0,0,0,1,1,6,6,3,-1,-1,1797,8,14,TOYOTA AURIS,-1,-1,0,-1
2024522402963,2024,522402963,2,9,0,3,3,6,2,0,0,0,0,0,0,0,2,1,6,6,1,32,6,1798,8,6,TOYOTA AURIS,7,E01014910,0,1
2024010489977,2024,010489977,1,9,0,7,7,7,1,0,0,0,0,0,0,0,0,1,6,6,1,62,9,1598,1,11,TOYOTA AURIS,2,E01001579,0,1
2024231424798,2024,231424798,2,9,0,-1,19,4,8,-1,0,8,0,0,0,0,3,9,-1,6,2,61,9,1598,2,9,TOYOTA AURIS,6,E01025874,0,3
2024052402382,2024,052402382,1,9,0,5,5,3,7,0,0,1,0,0,0,0,1,1,6,6,1,54,8,1798,8,9,TOYOTA AURIS,1,E01007130,0,1
2024010545695,2024,010545695,1,9,0,9,9,8,5,6,6,0,0,0,1,0,4,1,6,6,1,45,7,1598,1,12,TOYOTA AURIS,5,E01002143,0,1
2024010537460,2024,010537460,1,9,0,18,19,7,3,0,0,8,0,0,0,0,1,1,6,6,2,45,7,1598,1,16,TOYOTA AURIS,9,E01000359,0,2
2024430370559,2024,430370559,1,8,0,18,19,5,1,0,0,4,0,0,0,0,1,1,1,1,1,68,10,1797,8,10,TOYOTA AURIS,6,E01017934,0,2
2024201438684,2024,201438684,2,8,0,-1,19,1,5,-1,0,0,0,0,0,0,4,1,-1,6,1,35,6,1797,5,9,TOYOTA AURIS,1,E01008916,0,1
2024531401797,2024,531401797,1,9,0,-1,19,3,7,-1,0,0,0,0,0,0,1,1,-1,6,2,37,7,1798,8,8,TOYOTA AURIS,8,E01022411,0,1
2024010511229,2024,010511229,1,9,0,9,9,1,7,0,0,8,0,0,0,0,1,1,6,6,1,90,11,1398,1,15,TOYOTA AURIS,9,E01000424,0,1
2024131429337,2024,131429337,2,9,0,-1,19,5,1,-1,0,1,0,0,0,0,4,1,-1,9,2,49,8,1329,1,13,TOYOTA AURIS,1,E01010617,0,1
2024010513947,2024,010513947,1,8,0,99,99,9,9,99,99,1,9,99,9,99,1,9,1,1,1,53,8,1798,8,9,TOYOTA AURIS,8,E01021744,0,3
2024131520908,2024,131520908,1,9,0,-1,4,3,7,-1,0,0,0,0,0,0,1,1,-1,9,1,46,8,1798,8,8,TOYOTA AURIS,1,E01010831,0,1
2024131398180,2024,131398180,1,9,0,-1,5,4,8,-1,0,0,0,0,0,0,1,1,-1,6,3,-1,-1,1797,8,14,TOYOTA AURIS,-1,-1,0,-1
2024010529528,2024,010529528,1,9,0,99,99,9,9,99,99,9,9,99,9,99,1,9,6,6,2,29,6,1329,1,10,TOYOTA AURIS,4,E01023393,0,4
2024010540539,2024,010540539,1,9,0,9,9,3,1,0,0,5,0,0,0,0,1,1,6,6,3,-1,-1,1797,8,10,TOYOTA AURIS,-1,-1,0,-1
2024070605110,2024,070605110,2,8,0,3,3,0,0,0,0,1,0,1,0,0,2,1,1,1,1,35,6,1798,8,7,TOYOTA AURIS,3,E01015701,0,5
2024041508527,2024,041508527,2,9,0,-1,19,8,8,-1,0,2,0,0,0,0,1,1,-1,9,1,41,7,1329,1,15,TOYOTA AURIS,1,E01024908,0,1
2024371405446,2024,371405446,4,9,0,-1,19,7,3,-1,0,0,0,0,0,0,1,1,-1,1,2,45,7,1798,8,6,TOYOTA AURIS,1,E01033130,0,3
2024991409841,2024,991409841,1,9,0,-1,14,2,7,-1,0,0,0,0,0,0,1,1,-1,9,1,41,7,1197,1,9,TOYOTA AURIS,1,-1,0,1
2024201553744,2024,201553744,2,9,0,-1,3,5,1,-1,0,0,0,0,0,0,2,9,-1,6,2,38,7,1598,1,11,TOYOTA AURIS,2,E01009239,0,2
2024010522443,2024,010522443,2,9,0,18,19,7,3,0,0,1,0,0,1,0,1,1,6,6,1,53,8,1598,1,14,TOYOTA AURIS,6,E01002246,0,1
2024201491868,2024,201491868,2,8,0,-1,19,1,5,-1,0,8,0,0,0,0,3,2,-1,1,1,46,8,1797,8,10,TOYOTA AURIS,9,E01013703,0,4
2024361461046,2024,361461046,2,8,0,-1,9,8,4,-1,0,0,1,0,7,0,3,1,-1,1,1,74,10,1798,8,6,TOYOTA AURIS,-1,-1,0,-1
2024430407340,2024,430407340,3,9,0,18,19,6,2,0,0,1,0,0,0,0,1,1,6,6,2,-1,-1,1329,1,15,TOYOTA AURIS,-1,-1,0,-1
2024010536800,2024,010536800,1,9,0,18,19,3,7,0,0,1,0,0,0,0,1,1,6,6,2,23,5,1798,8,7,TOYOTA AURIS,4,E01004258,0,1
2024302400172,2024,302400172,1,9,0,14,14,4,8,0,0,1,0,0,0,0,1,1,3,7,1,46,8,1364,2,11,TOYOTA AURIS,1,E01013567,0,1
2024401484231,2024,401484231,2,9,0,-1,-1,-1,-1,-1,-1,0,-1,-1,-1,0,4,1,-1,7,1,44,7,1798,8,6,TOYOTA AURIS,6,E01017592,0,1
2024010522030,2024,010522030,1,9,0,3,3,5,1,0,0,0,0,0,0,0,1,1,6,6,1,33,6,1797,8,12,TOYOTA AURIS,5,E01031442,0,4
2024440051531,2024,440051531,2,9,0,18,19,4,8,0,0,1,0,0,1,11,3,1,6,6,1,79,11,1798,8,7,TOYOTA AURIS,10,E01023222,0,1
2024010528395,2024,010528395,2,9,0,4,4,1,5,0,0,1,0,0,0,0,2,1,1,1,1,61,9,1798,8,6,TOYOTA AURIS,2,E01002075,0,1
2024131413696,2024,131413696,1,9,0,-1,19,4,5,-1,0,1,0,0,0,0,0,1,-1,1,1,35,6,1798,8,8,TOYOTA AURIS,1,E01010808,0,2
2024010510148,2024,010510148,1,8,0,18,19,7,3,0,0,0,0,4,7,10,1,1,1,1,1,65,9,1797,8,10,TOYOTA AURIS,6,E01000892,0,2
2024131466268,2024,131466268,1,9,0,-1,2,5,1,-1,0,0,0,0,0,0,2,1,-1,1,1,52,8,1798,8,8,TOYOTA AURIS,3,E01034585,0,3
2024061460167,2024,061460167,2,9,0,-1,1,3,7,-1,0,8,0,0,0,0,1,1,-1,6,3,-1,-1,1364,2,11,TOYOTA AURIS,-1,-1,0,-1
2024131457111,2024,131457111,2,8,0,-1,2,0,0,-1,0,0,0,0,0,0,1,1,-1,1,1,64,9,1798,8,6,TOYOTA AURIS,3,E01033901,0,1
2024010543881,2024,010543881,2,9,0,4,4,5,1,0,0,1,0,0,0,0,0,1,6,6,1,45,7,1598,1,16,TOYOTA AURIS,2,E01004524,0,2
2024010530355,2024,010530355,1,9,0,7,7,7,2,0,0,1,0,0,0,0,1,1,6,6,1,24,5,1797,8,10,TOYOTA AURIS,5,E01003685,0,1
2024461432668,2024,461432668,2,9,0,-1,5,7,3,-1,0,1,0,0,0,0,2,1,-1,2,2,56,9,1598,1,17,TOYOTA AURIS,4,E01024577,0,3
2024440250298,2024,440250298,1,9,0,18,19,5,1,0,0,3,0,0,0,0,4,1,6,6,1,50,8,1797,8,11,TOYOTA AURIS,3,E01017149,0,1
2024221414155,2024,221414155,1,9,0,-1,19,5,1,-1,0,0,0,0,0,0,1,9,-1,6,1,51,8,1329,1,11,TOYOTA AURIS,9,E01032142,0,2
2024122400460,2024,122400460,1,9,0,17,19,5,3,0,0,0,1,0,1,9,1,1,1,1,1,42,7,1797,8,10,TOYOTA AURIS,1,E01035191,0,3
2024201406268,2024,201406268,2,9,0,-1,19,6,2,-1,0,1,1,0,0,0,1,9,-1,1,1,23,5,1598,1,11,TOYOTA AURIS,1,E01009401,0,1
2024201506274,2024,201506274,1,8,0,-1,5,2,6,-1,0,0,0,0,0,0,0,1,-1,1,1,25,5,1797,8,10,TOYOTA AURIS,5,E01009798,0,2
2024520401860,2024,520401860,1,9,0,18,19,2,6,0,0,0,0,0,0,0,1,1,6,6,1,43,7,1598,1,16,TOYOTA AURIS,2,E01034471,0,5
2024010534731,2024,010534731,2,9,0,6,6,4,4,0,0,1,0,0,0,0,1,1,1,1,1,68,10,1798,8,8,TOYOTA AURIS,2,E01001438,0,3
2024141459491,2024,141459491,1,9,0,-1,19,6,2,-1,0,0,5,0,0,0,1,1,-1,9,2,35,6,1797,8,9,TOYOTA AURIS,2,E01011785,0,1
2024440459387,2024,440459387,1,9,0,18,19,7,3,0,0,0,0,0,0,0,1,1,1,1,1,41,7,1798,8,6,TOYOTA AURIS,2,E01017216,0,4
2024471394837,2024,471394837,1,9,0,-1,19,3,7,-1,0,1,0,0,0,0,1,1,-1,6,1,-1,-1,1197,1,8,TOYOTA AURIS,5,E01016884,0,1
2024471394837,2024,471394837,2,9,0,-1,19,1,5,-1,0,1,0,0,0,0,2,1,-1,6,1,41,7,1598,1,15,TOYOTA AURIS,1,E01016900,0,1
2024201481814,2024,201481814,1,9,0,-1,4,5,1,-1,0,1,0,0,0,0,2,1,-1,9,2,44,7,1398,1,16,TOYOTA AURIS,2,E01009029,0,1
2024471403138,2024,471403138,2,9,0,-1,19,4,2,-1,0,0,0,0,0,0,1,1,-1,9,1,19,4,1798,8,7,TOYOTA AURIS,5,E01016419,0,4
2024201500243,2024,201500243,1,9,0,-1,19,2,6,-1,0,3,0,0,0,0,1,1,-1,6,1,29,6,1364,2,17,TOYOTA AURIS,3,E01008989,0,2
2024041493760,2024,041493760,1,9,0,-1,19,1,5,-1,0,1,0,0,0,0,1,1,-1,2,1,38,7,1598,2,8,TOYOTA AURIS,2,E01012666,0,1
2024010517260,2024,010517260,2,9,0,9,9,1,7,0,0,5,0,0,0,0,3,1,6,6,1,50,8,1598,1,17,TOYOTA AURIS,3,E01022375,0,5