collision_index,collision_year,collision_ref_no,vehicle_reference,vehicle_type,towing_and_articulation,vehicle_manoeuvre_historic,vehicle_manoeuvre,vehicle_direction_from,vehicle_direction_to,vehicle_location_restricted_lane_historic,vehicle_location_restricted_lane,junction_location,skidding_and_overturning,hit_object_in_carriageway,vehicle_leaving_carriageway,hit_object_off_carriageway,first_point_of_impact,vehicle_left_hand_drive,journey_purpose_of_driver_historic,journey_purpose_of_driver,sex_of_driver,age_of_driver,age_band_of_driver,engine_capacity_cc,propulsion_code,age_of_vehicle,generic_make_model,driver_imd_decile,lsoa_of_driver,escooter_flag,driver_distance_banding
2024471445094,2024,471445094,2,9,0,-1,2,0,0,-1,0,1,0,0,0,0,2,1,-1,6,3,-1,-1,1798,8,8,TOYOTA AURIS,-1,-1,0,-1
2024131485742,2024,131485742,2,9,0,-1,19,7,3,-1,0,0,0,0,0,0,1,1,-1,9,2,64,9,1598,2,9,TOYOTA AURIS,10,E01027641,0,3
2024141497118,2024,141497118,2,9,0,-1,19,2,6,-1,0,0,0,0,7,0,1,1,-1,9,1,58,9,1598,1,15,TOYOTA AURIS,1,E01033271,0,1
2024131416416,2024,131416416,3,9,0,-1,9,1,3,-1,0,6,1,0,0,0,3,1,-1,6,1,53,8,1797,8,11,TOYOTA AURIS,1,E01010606,0,1
2024061472936,2024,061472936,3,8,0,-1,2,0,0,-1,0,0,0,0,0,0,2,1,-1,6,1,34,6,1798,8,7,TOYOTA AURIS,3,E01034126,0,1
2024311436290,2024,311436290,1,8,0,-1,19,2,6,-1,0,0,0,0,0,0,1,1,-1,1,1,38,7,1798,8,8,TOYOTA AURIS,1,E01013868,0,2
2024010516572,2024,010516572,1,9,0,99,99,9,9,99,99,9,9,99,9,99,1,9,2,2,1,33,6,1798,8,7,TOYOTA AURIS,8,E01000136,0,1
2024320554460,2024,320554460,2,8,0,-1,-1,3,8,0,0,8,0,0,0,0,3,1,-1,-1,1,44,7,1798,8,8,TOYOTA AURIS,5,E01034692,0,3
2024201531139,2024,201531139,1,9,0,-1,7,5,8,-1,0,2,0,0,0,0,4,9,-1,6,2,-1,-1,1598,2,8,TOYOTA AURIS,-1,-1,0,-1
2024061488449,2024,061488449,1,8,0,-1,19,-1,-1,-1,0,1,0,0,0,0,3,1,-1,1,1,54,8,1798,8,7,TOYOTA AURIS,1,E01005350,0,3
2024461497457,2024,461497457,3,9,0,-1,2,0,0,-1,0,0,0,0,0,0,2,2,-1,6,1,66,10,1797,8,14,TOYOTA AURIS,5,E01024198,0,1
2024201478844,2024,201478844,1,9,0,-1,19,8,4,-1,0,1,0,0,0,0,1,1,-1,6,1,53,8,1798,8,7,TOYOTA AURIS,-1,-1,0,-1
2024201442081,2024,201442081,1,9,0,-1,19,3,4,-1,0,6,1,0,0,0,4,9,-1,2,1,49,8,1798,8,7,TOYOTA AURIS,4,E01009230,0,1
2024131446330,2024,131446330,2,9,0,-1,11,5,1,-1,0,0,0,0,0,0,1,1,-1,2,1,55,8,1797,8,12,TOYOTA AURIS,1,E01010627,0,1
2024010505308,2024,010505308,2,9,0,99,99,9,9,99,99,9,9,99,9,99,1,9,6,6,3,44,7,1598,1,16,TOYOTA AURIS,2,E01034173,0,1
2024131455179,2024,131455179,2,9,0,-1,2,1,7,-1,0,1,0,0,0,0,1,1,-1,1,1,54,8,1797,8,10,TOYOTA AURIS,2,E01011128,0,3
2024311454264,2024,311454264,3,8,0,-1,19,6,2,-1,0,0,0,0,0,0,2,1,-1,1,1,33,6,1797,8,10,TOYOTA AURIS,2,E01013853,0,3
2024451438870,2024,451438870,1,9,0,-1,19,6,1,-1,0,4,0,0,0,0,1,1,-1,9,1,51,8,1598,1,16,TOYOTA AURIS,6,E01032728,0,3
2024131499980,2024,131499980,2,9,0,-1,19,7,3,-1,0,0,0,0,0,0,1,1,-1,1,1,41,7,1798,8,8,TOYOTA AURIS,1,E01010809,0,3
2024010502833,2024,010502833,2,9,0,99,99,9,9,99,99,9,9,99,9,99,1,9,6,6,3,-1,-1,1598,1,10,TOYOTA AURIS,-1,-1,0,-1
2024221459288,2024,221459288,2,9,0,-1,2,0,0,-1,0,0,0,0,0,0,4,1,-1,6,1,81,11,1364,2,11,TOYOTA AURIS,6,E01032196,0,1
2024141417726,2024,141417726,1,9,0,-1,19,2,6,-1,0,3,0,7,0,0,4,1,-1,9,1,31,6,1197,1,8,TOYOTA AURIS,1,E01007949,0,1
2024461457730,2024,461457730,2,9,0,-1,19,7,6,-1,0,1,0,0,0,0,1,9,-1,1,1,54,8,1798,8,7,TOYOTA AURIS,10,E01024144,0,1
2024311489646,2024,311489646,1,8,0,-1,19,3,7,-1,0,1,0,0,0,0,1,1,-1,1,1,46,8,1798,8,6,TOYOTA AURIS,1,E01013811,0,1
2024010516293,2024,010516293,1,8,0,18,19,7,3,99,99,9,9,99,0,0,2,9,6,6,1,50,8,1797,8,10,TOYOTA AURIS,2,E01002072,0,3
2024131480240,2024,131480240,1,9,0,-1,19,7,3,-1,0,8,0,0,0,0,1,1,-1,1,1,45,7,1797,8,10,TOYOTA AURIS,2,E01011851,0,3
2024131413344,2024,131413344,1,9,0,-1,-1,-1,-1,-1,-1,-1,-1,-1,-1,-1,1,1,-1,6,3,-1,-1,1798,8,5,TOYOTA AURIS,-1,-1,0,-1
2024010514940,2024,010514940,1,8,0,99,99,9,9,99,99,9,9,99,9,99,2,9,1,1,1,36,7,1798,8,9,TOYOTA AURIS,2,E01008894,0,5
2024201505632,2024,201505632,1,8,0,-1,19,2,6,-1,0,8,0,0,0,0,4,9,-1,1,1,38,7,1798,8,8,TOYOTA AURIS,4,E01009085,0,4
2024332400509,2024,332400509,1,8,0,-1,19,8,4,-1,0,0,0,0,0,0,1,1,-1,1,1,47,8,1797,8,9,TOYOTA AURIS,3,E01025715,0,1
2024010514255,2024,010514255,1,9,0,18,19,5,1,0,0,8,0,0,0,0,3,1,6,6,1,32,6,1598,1,17,TOYOTA AURIS,3,E01001812,0,1
2024131393903,2024,131393903,1,8,0,-1,19,5,1,-1,0,0,0,7,0,0,4,1,-1,1,1,42,7,1798,8,6,TOYOTA AURIS,1,E01011677,0,1
2024131409974,2024,131409974,1,9,0,-1,19,1,5,-1,0,2,0,0,0,0,1,1,-1,1,1,63,9,1797,8,10,TOYOTA AURIS,3,E01010629,0,1
2024201452658,2024,201452658,1,9,0,-1,9,2,8,-1,0,6,0,0,0,0,1,1,-1,6,2,46,8,1364,2,15,TOYOTA AURIS,2,E01010004,0,1
2024010541347,2024,010541347,2,9,0,18,19,1,5,0,0,8,0,0,0,0,1,1,1,1,1,50,8,1798,8,6,TOYOTA AURIS,2,E01002508,0,3
2024440525314,2024,440525314,1,9,0,3,3,6,2,0,0,0,0,0,0,0,2,1,2,2,3,-1,-1,1329,1,15,TOYOTA AURIS,-1,-1,0,-1
2024201511477,2024,201511477,2,9,0,-1,19,3,3,-1,0,1,0,0,0,0,1,1,-1,1,1,62,9,1598,1,11,TOYOTA AURIS,-1,-1,0,-1
2024411504309,2024,411504309,2,9,0,-1,10,6,2,-1,0,0,0,0,0,0,2,1,-1,1,1,47,8,1797,8,9,TOYOTA AURIS,8,E01023552,0,2
2024010537585,2024,010537585,2,9,0,99,99,9,9,99,99,9,9,99,9,99,9,9,6,6,2,34,6,1798,8,7,TOYOTA AURIS,2,E01001842,0,1
202417M103124,2024,17M103124,1,9,0,18,19,4,8,0,0,2,0,0,0,0,1,1,6,6,1,37,7,1364,2,14,TOYOTA AURIS,8,E01012025,0,1
2024201458640,2024,201458640,1,9,0,-1,14,7,3,-1,0,2,0,0,0,0,1,9,-1,6,2,41,7,1798,8,9,TOYOTA AURIS,2,E01009022,0,2
2024131421222,2024,131421222,2,9,0,-1,19,7,3,-1,0,1,0,0,0,0,4,1,-1,9,1,43,7,1598,2,8,TOYOTA AURIS,2,E01011250,0,1
2024131446530,2024,131446530,1,9,0,-1,19,2,6,-1,0,8,0,0,0,0,1,1,-1,6,1,61,9,1798,8,8,TOYOTA AURIS,3,E01010789,0,1
2024211520538,2024,211520538,1,9,0,-1,19,1,5,-1,0,0,0,4,0,0,1,1,-1,9,1,52,8,1798,8,5,TOYOTA AURIS,1,E01009480,0,4
2024131509373,2024,131509373,2,9,0,-1,19,4,8,-1,0,8,0,0,0,0,2,1,-1,9,1,49,8,1798,8,7,TOYOTA AURIS,1,E01033693,0,1
2024141469007,2024,141469007,1,9,0,-1,9,2,3,-1,0,1,0,0,0,0,3,1,-1,1,1,38,7,1998,2,17,TOYOTA AURIS,1,E01007948,0,1
2024201488918,2024,201488918,1,9,0,-1,10,1,6,-1,0,8,0,0,0,0,1,9,-1,9,1,45,7,1797,8,13,TOYOTA AURIS,1,E01008882,0,1
2024010524225,2024,010524225,3,9,0,2,2,0,0,0,0,0,0,0,0,0,2,1,6,6,3,-1,-1,1797,8,14,TOYOTA AURIS,-1,-1,0,-1
2024332400751,2024,332400751,1,9,0,-1,19,1,5,-1,0,0,0,0,0,0,3,1,-1,9,1,86,11,1598,2,7,TOYOTA AURIS,5,E01013770,0,1
2024010497669,2024,010497669,2,8,0,4,4,5,1,0,0,1,0,0,0,0,3,1,1,1,1,46,8,1797,8,9,TOYOTA AURIS,4,E01001768,0,2
2024501441812,2024,501441812,1,9,0,-1,19,7,3,-1,0,1,0,0,0,0,1,9,-1,6,1,73,10,1798,8,8,TOYOTA AURIS,3,E01015193,0,1
2024010532061,2024,010532061,2,9,0,16,19,5,1,0,0,0,0,0,0,0,1,1,1,1,1,44,7,1798,8,7,TOYOTA AURIS,-1,-1,0,-1
2024061538115,2024,061538115,2,9,-1,-1,-1,-1,-1,-1,-1,0,-1,-1,-1,0,-1,9,-1,6,1,-1,-1,1598,1,12,TOYOTA AURIS,1,E01005138,0,1
2024010540865,2024,010540865,1,9,0,99,99,9,9,99,99,9,9,99,9,99,1,1,6,6,1,54,8,1798,8,6,TOYOTA AURIS,2,E01001462,0,3
2024141429975,2024,141429975,1,9,0,-1,19,4,6,-1,0,0,0,0,0,0,1,1,-1,1,1,26,6,1598,1,16,TOYOTA AURIS,2,E01007635,0,1
2024010499509,2024,010499509,1,9,0,99,99,9,9,99,99,9,9,99,9,99,2,9,2,2,1,56,9,1798,8,7,TOYOTA AURIS,4,E01021269,0,4
2024302400515,2024,302400515,1,9,0,9,9,1,7,0,0,8,0,0,0,0,3,1,6,6,2,50,8,1398,1,16,TOYOTA AURIS,4,E01013459,0,1
2024411543031,2024,411543031,2,9,0,-1,5,5,8,-1,0,1,0,0,0,0,1,1,-1,1,1,67,10,1197,1,8,TOYOTA AURIS,8,E01017428,0,4
2024041499684,2024,041499684,1,9,0,-1,19,7,3,-1,0,1,0,0,0,0,1,1,-1,1,1,40,7,1798,8,6,TOYOTA AURIS,1,E01025042,0,4
2024440419808,2024,440419808,1,9,0,3,3,8,4,0,0,0,0,0,0,0,2,1,6,6,1,41,7,1398,1,15,TOYOTA AURIS,5,E01022543,0,1
2024461532696,2024,461532696,1,9,0,-1,19,7,3,-1,0,0,0,0,0,0,1,9,-1,1,1,34,6,1797,8,10,TOYOTA AURIS,2,E01024277,0,2
2024421523849,2024,421523849,1,9,0,-1,19,7,3,-1,0,1,0,0,0,0,1,1,-1,6,2,60,9,1798,8,9,TOYOTA AURIS,4,E01015871,0,1
2024302400597,2024,302400597,1,9,0,5,5,8,4,0,0,0,0,0,0,0,4,1,6,6,1,94,11,1798,8,7,TOYOTA AURIS,2,E01013597,0,1
2024501519477,2024,501519477,2,9,0,-1,9,3,8,-1,0,8,0,0,0,0,4,1,-1,2,2,74,10,1798,8,7,TOYOTA AURIS,4,E01019032,0,1
2024401529324,2024,401529324,4,9,0,-1,4,4,8,-1,0,0,0,0,0,0,2,1,-1,6,2,55,8,1797,8,10,TOYOTA AURIS,3,E01001488,0,4
2024430212376,2024,430212376,1,9,0,9,9,2,8,0,0,8,0,0,0,0,2,1,6,6,1,33,6,1197,1,8,TOYOTA AURIS,-1,-1,0,-1
2024052400501,2024,052400501,1,9,0,9,9,2,8,0,0,5,0,0,0,0,1,1,1,1,2,30,6,1598,1,15,TOYOTA AURIS,6,E01005939,0,4
2024471523034,2024,471523034,2,9,0,-1,2,0,0,-1,0,2,0,0,7,0,4,1,-1,6,-1,-1,-1,1797,8,10,TOYOTA AURIS,-1,-1,0,-1
2024211439132,2024,211439132,2,8,0,-1,9,2,8,-1,0,1,0,0,0,0,2,9,-1,1,1,-1,-1,1797,8,12,TOYOTA AURIS,-1,-1,0,-1
2024010528452,2024,010528452,2,8,0,2,2,9,9,99,99,0,9,99,9,99,9,9,6,6,3,59,9,1798,8,7,TOYOTA AURIS,6,E01000159,0,3
2024010507333,2024,010507333,1,9,0,5,5,7,3,0,0,3,0,0,0,0,3,1,1,1,1,56,9,1797,8,10,TOYOTA AURIS,-1,-1,0,-1
2024061518594,2024,061518594,1,9,0,-1,9,3,1,-1,9,0,0,0,0,0,1,9,-1,6,3,-1,-1,1364,2,11,TOYOTA AURIS,-1,-1,0,-1
2024061501214,2024,061501214,1,8,0,-1,4,8,4,-1,4,1,0,0,0,0,4,1,-1,6,1,-1,-1,1798,8,8,TOYOTA AURIS,-1,-1,0,-1
2024231462951,2024,231462951,1,9,0,-1,-1,7,2,-1,-1,0,0,0,0,0,2,9,-1,-1,1,21,5,1329,1,13,TOYOTA AURIS,5,E01022321,0,4
2024010539664,2024,010539664,1,9,0,99,99,9,9,99,99,9,9,99,9,99,1,9,6,6,1,64,9,1798,8,8,TOYOTA AURIS,4,E01000114,0,3
2024122400575,2024,122400575,2,8,0,5,5,3,5,0,0,1,0,0,0,0,4,1,1,1,1,35,6,1798,8,8,TOYOTA AURIS,8,E01013428,0,1
2024440440674,2024,440440674,1,9,0,3,3,1,5,0,0,0,0,0,0,0,2,1,6,6,1,35,6,1798,8,5,TOYOTA AURIS,2,E01017253,0,1
2024440188040,2024,440188040,2,9,0,18,19,1,5,0,0,8,0,0,0,0,1,1,6,6,2,51,8,1797,8,9,TOYOTA AURIS,10,E01023238,0,4
2024622400256,2024,622400256,2,9,0,18,19,2,6,0,0,1,0,0,0,0,1,1,6,6,1,37,7,1398,1,16,TOYOTA AURIS,2,W01000741,0,1
2024131470115,2024,131470115,1,9,0,-1,5,3,7,-1,0,1,0,0,0,0,3,1,-1,1,1,63,9,1797,8,13,TOYOTA AURIS,1,E01033697,0,1
2024010531168,2024,010531168,2,9,0,99,99,9,9,99,99,9,9,99,9,99,1,9,6,6,3,-1,-1,1797,8,10,TOYOTA AURIS,6,E01000926,0,1
2024010509512,2024,010509512,1,9,0,99,99,9,9,99,99,9,9,99,9,99,9,9,6,6,1,32,6,1797,8,12,TOYOTA AURIS,5,E01003662,0,1
2024631492220,2024,631492220,2,9,0,-1,19,5,1,-1,0,0,0,0,0,0,1,1,-1,9,1,27,6,1598,1,15,TOYOTA AURIS,7,W01000684,0,1
2024991428484,2024,991428484,1,9,0,-1,19,3,7,-1,0,1,0,0,0,0,1,1,-1,6,1,28,6,1598,1,10,TOYOTA AURIS,5,-1,0,1
2024131434113,2024,131434113,1,9,0,-1,19,8,4,-1,0,0,0,0,0,0,1,1,-1,1,1,38,7,1798,8,9,TOYOTA AURIS,1,E01010605,0,2
2024201531719,2024,201531719,3,9,0,-1,19,7,3,-1,0,8,0,0,0,0,3,1,-1,6,1,64,9,1598,1,9,TOYOTA AURIS,1,E01009406,0,1
2024010535689,2024,010535689,2,9,0,99,99,9,9,99,99,9,9,99,9,99,9,9,6,6,3,-1,-1,1797,8,10,TOYOTA AURIS,-1,-1,0,-1
2024010523780,2024,010523780,3,9,0,18,19,3,7,0,0,2,0,0,0,0,2,1,6,6,2,40,7,1598,1,13,TOYOTA AURIS,-1,-1,0,-1
2024010520509,2024,010520509,1,9,0,7,7,1,3,0,0,1,0,0,0,0,3,1,6,6,1,23,5,1598,1,10,TOYOTA AURIS,2,E01003489,0,2
2024010550345,2024,010550345,1,9,0,11,11,7,3,0,0,1,0,0,0,0,4,1,1,1,1,64,9,1798,8,9,TOYOTA AURIS,-1,-1,0,-1
2024061470042,2024,061470042,3,9,0,-1,3,7,3,-1,0,2,0,0,0,0,3,1,-1,9,1,35,6,1364,2,11,TOYOTA AURIS,1,E01004823,0,1
2024201504428,2024,201504428,2,9,0,-1,4,5,1,-1,0,0,0,0,0,0,2,1,-1,1,1,67,10,1798,8,8,TOYOTA AURIS,1,E01009401,0,1
2024131425033,2024,131425033,1,9,0,-1,19,5,1,-1,0,0,0,0,0,0,4,1,-1,6,3,-1,-1,1798,8,6,TOYOTA AURIS,-1,-1,0,-1
2024351513317,2024,351513317,1,9,0,-1,9,7,5,-1,0,0,0,0,0,0,3,1,-1,7,2,53,8,1797,8,9,TOYOTA AURIS,8,E01017987,0,1
2024501398263,2024,501398263,2,8,0,-1,19,3,7,-1,0,0,0,0,0,0,1,9,-1,1,1,37,7,1797,8,9,TOYOTA AURIS,4,E01018815,0,2
2024421474687,2024,421474687,2,9,0,-1,20,7,3,-1,0,0,0,0,0,0,3,1,-1,9,2,56,9,1798,8,8,TOYOTA AURIS,3,E01021641,0,3
2024421491827,2024,421491827,1,9,0,-1,19,5,1,-1,0,1,0,0,0,0,1,1,-1,6,2,55,8,1364,2,10,TOYOTA AURIS,5,E01035169,0,1
2024131454820,2024,131454820,1,9,0,-1,-1,-1,-1,-1,-1,-1,-1,-1,-1,-1,-1,1,-1,6,3,-1,-1,2231,2,17,TOYOTA AURIS,-1,-1,0,-1
2024131477374,2024,131477374,1,8,0,-1,19,7,3,-1,0,0,0,0,0,0,1,1,-1,9,1,41,7,1798,8,7,TOYOTA AURIS,2,E01011913,0,2
2024201450895,2024,201450895,2,8,0,-1,19,4,8,-1,0,8,0,0,0,0,1,1,-1,6,1,56,9,1798,8,8,TOYOTA AURIS,-1,-1,0,-1
2024131483754,2024,131483754,2,9,0,-1,9,7,5,-1,0,0,0,0,0,0,1,1,-1,6,2,43,7,1329,1,15,TOYOTA AURIS,1,E01010737,0,1
2024061512331,2024,061512331,1,8,0,-1,19,7,3,-1,0,8,0,0,0,0,1,1,-1,1,1,36,7,1798,8,7,TOYOTA AURIS,1,E01005236,0,4
2024461430141,2024,461430141,2,9,0,-1,5,2,7,-1,0,0,0,0,0,0,1,1,-1,1,1,62,9,1364,2,8,TOYOTA AURIS,8,E01016144,0,1
2024041485831,2024,041485831,2,9,0,-1,9,6,2,-1,0,8,0,0,0,0,2,2,-1,6,1,34,6,1798,8,7,TOYOTA AURIS,4,E01004920,0,4
2024302400728,2024,302400728,3,9,0,4,4,5,1,0,0,0,0,0,0,0,2,1,6,6,2,34,6,1364,2,15,TOYOTA AURIS,5,E01020122,0,5
2024141403582,2024,141403582,1,9,0,-1,19,7,3,-1,0,0,0,0,0,0,1,1,-1,1,1,56,9,1598,1,17,TOYOTA AURIS,2,E01007717,0,2
2024451439057,2024,451439057,2,9,0,-1,2,1,5,-1,0,0,0,0,0,0,2,1,-1,1,1,59,9,1798,8,8,TOYOTA AURIS,4,E01000507,0,4
2024311420013,2024,311420013,2,8,0,-1,3,7,3,-1,0,0,0,0,0,0,2,1,-1,1,1,46,8,1798,8,8,TOYOTA AURIS,1,E01013849,0,2
2024440374167,2024,440374167,2,8,0,18,19,8,4,0,0,0,0,0,0,0,2,1,1,1,1,53,8,1798,8,8,TOYOTA AURIS,6,E01017176,0,1
2024522403370,2024,522403370,2,9,0,18,19,1,5,0,0,8,0,0,0,0,1,1,6,6,1,37,7,1329,1,14,TOYOTA AURIS,7,E01014910,0,1
2024010504389,2024,010504389,2,9,0,5,5,4,8,0,0,1,0,0,0,0,3,1,6,6,3,-1,-1,1598,1,15,TOYOTA AURIS,-1,-1,0,-1
2024010522383,2024,010522383,1,9,0,4,4,1,5,0,0,1,1,0,0,0,1,1,6,6,2,40,7,1797,8,10,TOYOTA AURIS,6,E01003692,0,1
2024311413055,2024,311413055,1,8,0,-1,12,1,3,-1,0,1,0,0,7,0,1,1,-1,6,1,46,8,1798,8,8,TOYOTA AURIS,9,E01028415,0,2
2024061529083,2024,061529083,1,9,-1,-1,7,1,3,-1,4,5,0,0,0,0,4,9,-1,6,1,-1,-1,1598,1,14,TOYOTA AURIS,-1,-1,0,-1
2024010529110,2024,010529110,1,9,0,9,9,2,8,0,0,2,0,0,0,0,3,1,6,6,1,46,8,1329,1,15,TOYOTA AURIS,4,E01004437,0,1
2024311407190,2024,311407190,1,9,0,-1,7,4,5,-1,0,5,0,0,0,0,4,1,-1,6,2,62,9,1598,1,11,TOYOTA AURIS,-1,-1,0,-1
2024061454073,2024,061454073,2,9,0,-1,19,8,4,-1,0,8,0,0,0,0,1,1,-1,9,1,70,10,1598,1,16,TOYOTA AURIS,4,E01005677,0,1
2024361448410,2024,361448410,2,9,0,-1,19,4,1,-1,0,1,0,0,1,0,1,1,-1,6,2,33,6,1598,1,17,TOYOTA AURIS,1,E01026604,0,3
2024320291498,2024,320291498,2,19,0,9,9,2,7,0,0,5,0,0,0,0,2,1,6,6,1,39,7,1896,2,24,-1,-1,-1,0,-1
2024430014689,2024,430014689,1,19,0,17,19,3,8,0,0,0,0,0,1,4,1,1,6,6,1,23,5,1896,2,25,-1,5,E01031242,0,4
2024010518979,2024,010518979,1,4,0,18,19,5,1,0,0,5,0,0,0,0,1,1,6,6,1,18,4,124,1,11,-1,6,E01033868,0,1
2024010532190,2024,010532190,1,4,0,18,19,5,1,2,2,2,1,0,0,0,1,1,6,6,1,53,8,278,1,12,-1,-1,-1,0,-1
2024010498143,2024,010498143,2,4,0,18,19,7,3,1,1,1,0,0,0,0,4,1,6,6,1,58,9,244,1,17,-1,5,E01002977,0,1
2024141413020,2024,141413020,1,3,0,-1,19,3,7,-1,0,6,1,0,0,0,1,1,-1,6,1,29,6,124,1,15,-1,3,E01007337,0,1
2024440258361,2024,440258361,1,4,0,13,13,6,2,0,0,2,0,0,0,0,2,1,6,6,1,52,8,292,1,0,-1,9,E01023059,0,1
2024991477761,2024,991477761,3,17,4,-1,19,8,4,-1,0,0,0,0,0,0,0,1,-1,1,1,20,4,4500,2,1,-1,5,-1,0,4
2024361414908,2024,361414908,2,17,4,-1,19,6,2,-1,0,1,0,0,0,0,4,2,-1,1,1,22,5,3769,2,2,-1,5,E01026739,0,3
2024131422140,2024,131422140,1,3,0,-1,19,2,6,-1,0,0,0,0,0,0,1,1,-1,6,1,18,4,125,1,2,-1,7,E01034266,0,1
2024052402891,2024,052402891,1,3,0,4,4,3,7,0,0,5,1,0,1,0,0,1,6,6,1,24,5,125,1,3,-1,1,E01006612,0,3
2024122400578,2024,122400578,1,9,0,18,19,5,1,0,0,0,0,0,0,0,1,1,6,6,1,72,10,999,1,7,FORD C-MAX,4,E01034982,0,1
2024010518378,2024,010518378,1,9,0,18,19,5,1,0,0,1,0,0,0,0,1,1,6,6,2,64,9,1596,1,11,FORD C-MAX,7,E01002939,0,1
2024302401099,2024,302401099,1,9,0,5,5,6,1,0,0,6,0,0,0,0,1,1,2,2,1,57,9,999,1,6,FORD C-MAX,2,E01019556,0,2
2024451495382,2024,451495382,1,9,0,-1,9,4,2,-1,0,5,0,0,0,0,1,1,-1,9,1,76,11,1999,1,16,FORD C-MAX,10,E01030624,0,1
2024201522106,2024,201522106,2,9,0,-1,3,1,5,-1,0,1,0,0,0,0,2,9,-1,6,1,47,8,1999,1,15,FORD C-MAX,1,E01008935,0,1
2024041509134,2024,041509134,1,9,0,-1,19,3,7,-1,0,1,0,0,0,0,4,1,-1,9,1,46,8,1560,2,10,FORD C-MAX,2,E01025481,0,1
2024131458799,2024,131458799,3,9,0,-1,2,0,0,-1,0,1,0,0,0,0,0,1,-1,6,-1,-1,-1,1499,2,7,FORD C-MAX,-1,-1,0,-1
2024461461486,2024,461461486,1,9,0,-1,19,1,5,-1,0,1,0,0,0,0,1,1,-1,6,-1,30,6,1596,1,17,FORD C-MAX,-1,-1,0,-1
2024501495751,2024,501495751,1,9,0,-1,2,0,0,-1,-1,0,0,0,0,0,2,9,-1,7,2,42,7,1596,1,12,FORD C-MAX,6,E01020274,0,1
2024991481926,2024,991481926,1,9,0,-1,19,1,5,-1,0,8,0,0,0,0,1,1,-1,2,2,43,7,998,1,11,FORD C-MAX,-1,-1,0,-1
2024421440330,2024,421440330,1,9,0,-1,14,5,1,-1,0,0,0,11,0,0,4,1,-1,7,2,30,6,1596,1,7,FORD C-MAX,7,E01021372,0,1
2024041402626,2024,041402626,1,9,0,-1,7,5,3,-1,0,8,0,0,0,0,4,1,-1,9,2,37,7,1596,1,13,FORD C-MAX,1,E01012743,0,1
2024302400702,2024,302400702,1,9,0,9,9,6,4,0,0,8,0,0,0,0,4,2,6,6,2,37,7,1499,2,9,FORD C-MAX,7,E01028131,0,3
2024010540240,2024,010540240,1,9,0,99,99,9,9,99,99,9,9,99,9,99,9,9,6,6,2,32,6,1596,1,13,FORD C-MAX,5,E01000337,0,1
2024440340353,2024,440340353,3,9,0,4,4,5,1,0,0,0,0,0,0,0,2,1,6,6,1,48,8,1499,2,9,FORD C-MAX,9,E01017060,0,1
2024501514242,2024,501514242,2,9,0,-1,9,5,3,-1,0,1,0,0,0,0,1,1,-1,9,1,50,8,1997,2,14,FORD C-MAX,3,E01034171,0,1
2024531434959,2024,531434959,2,9,0,-1,4,1,5,-1,0,1,0,0,0,0,2,1,-1,6,2,44,7,1596,1,11,FORD C-MAX,9,E01022281,0,2
2024161453715,2024,161453715,2,9,0,-1,7,6,8,-1,0,1,0,0,0,0,4,9,-1,6,2,-1,-1,1997,2,11,FORD C-MAX,4,E01012964,0,1
2024332400050,2024,332400050,2,9,0,-1,9,2,8,-1,0,2,0,0,0,0,1,1,-1,9,1,28,6,1596,1,14,FORD C-MAX,3,E01013774,0,1
2024991421060,2024,991421060,1,9,0,-1,19,7,3,-1,0,0,2,0,1,4,1,1,-1,2,2,57,9,1499,2,8,FORD C-MAX,9,-1,0,2
2024320721663,2024,320721663,2,9,0,4,4,6,2,0,0,0,0,0,0,0,2,1,-1,-1,2,53,8,1596,1,13,FORD C-MAX,10,E01026186,0,4
2024471524605,2024,471524605,1,9,0,-1,5,4,8,-1,0,4,0,0,0,0,1,1,-1,9,1,43,7,1560,2,15,FORD C-MAX,7,E01023257,0,4
2024440329056,2024,440329056,2,9,0,18,19,3,7,0,0,0,0,0,0,0,1,1,6,6,3,-1,-1,1499,2,7,FORD C-MAX,-1,-1,0,-1
2024201411389,2024,201411389,1,9,0,-1,19,8,2,-1,0,0,0,0,0,0,3,1,-1,6,1,72,10,1997,2,10,FORD C-MAX,6,E01009108,0,3
2024211435687,2024,211435687,1,9,0,-1,19,7,3,-1,0,1,0,0,0,0,1,1,-1,6,1,68,10,1560,2,11,FORD C-MAX,-1,-1,0,-1
2024440535989,2024,440535989,2,9,0,18,19,3,7,0,0,8,0,0,0,0,1,1,6,6,2,74,10,1596,1,14,FORD C-MAX,5,E01022539,0,1
2024052401580,2024,052401580,1,8,0,5,5,8,5,0,0,0,0,0,0,0,4,1,1,1,1,-1,-1,1560,2,10,FORD C-MAX,5,E01012542,0,4
2024471449435,2024,471449435,1,9,0,-1,5,4,1,-1,0,6,0,0,0,0,1,1,-1,6,2,37,7,1753,2,14,FORD C-MAX,5,E01021000,0,1
2024161468917,2024,161468917,1,9,0,-1,7,3,5,-1,0,0,0,0,0,0,4,1,-1,9,2,60,9,1997,2,13,FORD C-MAX,7,E01012792,0,1
2024320414000,2024,320414000,1,9,0,5,5,8,4,0,0,0,0,4,7,0,1,1,-1,-1,2,84,11,1596,1,7,FORD C-MAX,6,E01026399,0,3
2024311508236,2024,311508236,2,9,0,-1,2,0,0,-1,0,2,0,0,0,0,2,1,-1,6,1,-1,-1,998,1,10,FORD C-MAX,-1,-1,0,-1