collision_index,collision_year,collision_ref_no,vehicle_reference,vehicle_type,towing_and_articulation,vehicle_manoeuvre_historic,vehicle_manoeuvre,vehicle_direction_from,vehicle_direction_to,vehicle_location_restricted_lane_historic,vehicle_location_restricted_lane,junction_location,skidding_and_overturning,hit_object_in_carriageway,vehicle_leaving_carriageway,hit_object_off_carriageway,first_point_of_impact,vehicle_left_hand_drive,journey_purpose_of_driver_historic,journey_purpose_of_driver,sex_of_driver,age_of_driver,age_band_of_driver,engine_capacity_cc,propulsion_code,age_of_vehicle,generic_make_model,driver_imd_decile,lsoa_of_driver,escooter_flag,driver_distance_banding
2024622400680,2024,622400680,1,9,0,9,9,1,6,0,0,1,0,0,0,0,1,1,6,6,1,68,10,1596,1,17,FORD C-MAX,3,W01001034,0,2
2024211483199,2024,211483199,1,9,0,-1,19,1,5,-1,0,0,5,0,0,0,1,1,-1,6,1,31,6,998,1,10,FORD C-MAX,-1,-1,0,-1
2024471463000,2024,471463000,1,9,0,-1,3,7,3,-1,0,1,0,99,0,0,2,1,-1,9,1,36,7,1753,2,16,FORD C-MAX,1,E01016915,0,1
2024451514410,2024,451514410,1,9,0,-1,19,1,3,-1,0,0,0,0,0,0,0,9,-1,6,2,33,6,1997,2,11,FORD C-MAX,7,E01030927,0,3
2024471408601,2024,471408601,1,9,0,-1,7,7,1,-1,0,6,0,0,0,0,1,1,-1,6,1,63,9,1798,1,16,FORD C-MAX,2,E01031341,0,1
2024471485248,2024,471485248,1,9,0,-1,9,1,6,-1,0,6,0,0,0,0,1,1,-1,9,2,32,6,1560,2,9,FORD C-MAX,6,E01021118,0,1
2024332400488,2024,332400488,1,9,0,-1,9,7,5,-1,0,6,0,0,0,0,3,1,-1,2,1,44,7,1596,1,12,FORD C-MAX,3,E01013532,0,4
2024610005724,2024,610005724,1,9,0,18,19,1,5,0,0,0,0,0,0,0,1,1,6,6,2,42,7,1560,2,11,FORD C-MAX,7,W01001432,0,1
2024430025271,2024,430025271,2,9,0,4,4,8,4,0,0,0,0,0,0,0,2,1,2,2,1,68,10,1753,2,14,FORD C-MAX,4,E01023330,0,4
2024031468971,2024,031468971,1,9,0,-1,19,7,3,-1,0,0,0,0,1,0,3,9,-1,6,1,43,7,1997,2,16,FORD C-MAX,-1,-1,0,-1
2024221415515,2024,221415515,2,9,0,-1,19,2,6,-1,0,8,0,0,0,0,1,9,-1,6,1,68,10,1997,2,12,FORD C-MAX,5,E01035067,0,1
2024421475627,2024,421475627,2,9,0,-1,19,5,1,-1,0,1,0,0,0,0,1,1,-1,9,1,37,7,1499,2,8,FORD C-MAX,6,E01021730,0,1
2024552400067,2024,552400067,1,9,0,18,19,2,6,0,0,8,0,0,0,0,1,1,2,2,2,32,6,1596,1,17,FORD C-MAX,6,E01015410,0,1
2024991501131,2024,991501131,2,9,0,-1,9,7,3,-1,0,3,0,0,0,0,1,1,-1,2,1,58,9,1560,2,11,FORD C-MAX,2,-1,0,1
2024010542446,2024,010542446,1,9,0,18,19,1,5,0,0,0,0,0,0,0,1,1,6,6,1,75,10,1596,1,13,FORD C-MAX,3,E01000435,0,1
2024461451111,2024,461451111,1,9,0,-1,1,7,5,-1,0,0,0,0,0,0,4,1,-1,6,2,35,6,1999,1,16,FORD C-MAX,7,E01016103,0,1
2024361460157,2024,361460157,3,9,0,-1,2,5,1,-1,0,1,0,0,0,0,3,1,-1,6,1,48,8,1596,1,16,FORD C-MAX,5,E01026594,0,1
2024450512335,2024,450512335,2,9,9,99,99,9,9,99,99,9,9,99,9,99,9,1,6,6,1,46,8,1499,2,7,FORD C-MAX,7,E01003407,0,2
2024522403035,2024,522403035,1,9,0,18,19,2,6,0,0,0,0,0,0,0,3,1,6,6,2,69,10,999,1,7,FORD C-MAX,9,E01014794,0,1
2024471471796,2024,471471796,1,9,0,-1,1,3,7,-1,0,0,0,0,0,0,2,1,-1,9,1,78,11,1798,1,16,FORD C-MAX,9,E01021124,0,1
2024351462975,2024,351462975,2,9,0,-1,-1,-1,-1,-1,-1,0,-1,-1,-1,0,1,9,-1,9,1,50,8,1560,2,12,FORD C-MAX,5,E01018062,0,1
2024031440887,2024,031440887,3,9,0,-1,19,2,4,-1,0,0,0,0,1,0,3,1,-1,9,2,58,9,1596,1,8,FORD C-MAX,-1,-1,0,-1
2024501483906,2024,501483906,1,9,0,-1,19,1,5,-1,0,0,1,0,0,0,4,1,-1,9,1,27,6,1596,1,17,FORD C-MAX,4,E01015142,0,4
2024371494108,2024,371494108,1,9,0,-1,19,4,8,-1,0,1,0,0,0,0,1,1,-1,6,1,54,8,1560,2,14,FORD C-MAX,1,E01033129,0,1
2024070903433,2024,070903433,1,9,0,-1,3,1,2,-1,0,5,0,10,0,2,1,1,-1,6,1,60,9,1997,2,13,FORD C-MAX,9,E01012502,0,1
2024501533344,2024,501533344,1,9,0,-1,19,1,5,-1,0,0,5,0,2,10,3,1,-1,9,1,26,6,1596,1,16,FORD C-MAX,4,E01020303,0,4
2024141523434,2024,141523434,1,9,0,-1,9,6,3,-1,0,2,0,0,0,0,1,1,-1,9,1,48,8,1560,2,11,FORD C-MAX,2,E01007965,0,1
2024041426508,2024,041426508,2,9,0,-1,19,5,1,-1,0,0,0,0,0,0,1,1,-1,9,2,45,7,1499,2,8,FORD C-MAX,8,E01012472,0,4
2024540165424,2024,540165424,4,9,0,3,3,5,1,0,0,0,0,0,0,0,2,1,6,6,2,71,10,1596,1,8,FORD C-MAX,8,E01031861,0,1
2024451461344,2024,451461344,4,9,0,-1,3,3,7,-1,0,0,0,0,0,0,2,1,-1,9,2,40,7,1596,1,10,FORD C-MAX,10,E01030925,0,1
2024622400582,2024,622400582,1,9,0,16,19,7,3,0,0,0,0,0,0,0,1,1,6,6,2,67,10,999,1,8,FORD C-MAX,8,W01001109,0,2
2024461478749,2024,461478749,1,9,0,-1,-1,-1,-1,-1,-1,0,-1,-1,-1,0,-1,9,-1,9,1,69,10,998,1,9,FORD C-MAX,1,E01024308,0,1
2024351442582,2024,351442582,1,9,-1,-1,-1,-1,-1,-1,-1,0,-1,-1,-1,0,-1,9,-1,9,2,36,7,1560,2,11,FORD C-MAX,5,E01029953,0,3
2024421494057,2024,421494057,1,9,0,-1,19,2,5,-1,0,8,0,0,0,0,1,1,-1,2,2,57,9,999,1,7,FORD C-MAX,10,E01024153,0,2
2024041425611,2024,041425611,2,9,0,-1,19,5,1,-1,0,0,0,0,0,0,1,1,-1,9,1,70,10,1560,2,9,FORD C-MAX,5,E01025235,0,1
2024122500124,2024,122500124,2,9,0,17,19,1,5,0,0,0,0,0,0,0,4,1,2,2,1,56,9,1560,2,15,FORD C-MAX,5,E01027793,0,1
2024430610552,2024,430610552,1,9,0,10,10,8,5,0,0,1,0,0,0,0,2,1,6,6,2,65,9,1499,2,7,FORD C-MAX,10,E01016282,0,1
2024141493699,2024,141493699,2,9,0,-1,13,1,3,-1,0,0,0,0,0,0,1,1,-1,1,1,54,8,1560,2,9,FORD C-MAX,8,E01007678,0,4
2024141442266,2024,141442266,2,9,0,-1,19,4,8,-1,0,0,0,0,0,0,2,1,-1,9,1,29,6,999,1,9,FORD C-MAX,3,E01007345,0,1
2024122400195,2024,122400195,2,9,0,18,19,5,1,0,0,0,0,0,1,9,1,1,6,6,2,76,11,1596,1,16,FORD C-MAX,5,E01027594,0,1
2024451478519,2024,451478519,2,9,0,-1,4,7,3,-1,0,0,0,0,0,0,1,1,-1,9,1,65,9,999,1,7,FORD C-MAX,4,E01030750,0,2
2024440459285,2024,440459285,2,9,0,5,5,7,5,0,0,6,0,0,0,0,4,1,6,6,3,-1,-1,1596,1,9,FORD C-MAX,-1,-1,0,-1
2024131473072,2024,131473072,1,9,0,-1,2,7,3,-1,0,0,0,0,0,0,3,1,-1,9,1,19,4,1596,1,10,FORD C-MAX,1,E01011792,0,1
2024421512644,2024,421512644,1,9,0,-1,5,3,7,-1,0,0,0,0,0,0,1,9,-1,6,2,80,11,1560,2,9,FORD C-MAX,8,E01021708,0,1
2024461505086,2024,461505086,1,9,0,-1,19,3,7,-1,0,1,0,0,0,0,1,1,-1,9,2,30,6,1499,2,7,FORD C-MAX,5,E01024342,0,1
2024010533504,2024,010533504,2,9,0,18,19,7,3,0,0,0,0,0,0,0,1,1,6,6,2,60,9,1999,1,14,FORD C-MAX,4,E01021031,0,4
2024201508804,2024,201508804,2,9,0,-1,19,7,3,-1,0,8,0,0,0,0,4,1,-1,9,1,28,6,1499,2,7,FORD C-MAX,2,E01010242,0,1
2024061479754,2024,061479754,1,9,0,-1,7,-1,-1,-1,0,0,0,0,0,0,1,1,-1,6,1,-1,-1,1997,2,10,FORD C-MAX,-1,-1,0,-1
2024161496090,2024,161496090,1,9,0,-1,7,5,7,-1,0,4,0,0,0,0,4,1,-1,1,1,52,8,1499,2,7,FORD C-MAX,6,E01012912,0,1
2024201440281,2024,201440281,1,9,0,-1,15,2,6,-1,0,0,0,0,0,0,1,9,-1,6,1,33,6,1596,1,11,FORD C-MAX,4,E01009244,0,1
2024010529706,2024,010529706,2,9,0,4,4,5,1,0,0,0,0,0,0,0,4,1,6,6,2,54,8,1596,1,12,FORD C-MAX,2,E01003245,0,1
2024421509063,2024,421509063,2,9,0,-1,7,5,1,-1,0,5,0,0,0,0,2,1,-1,2,1,48,8,1753,2,17,FORD C-MAX,3,E01022037,0,1
2024161470169,2024,161470169,1,9,0,-1,4,2,6,-1,0,1,0,0,0,0,4,1,-1,9,2,43,7,1499,2,8,FORD C-MAX,5,E01012995,0,1
2024371443582,2024,371443582,3,9,0,-1,2,0,0,-1,0,0,0,0,0,0,1,1,-1,6,1,56,9,1596,1,15,FORD C-MAX,4,E01030022,0,1
2024411406772,2024,411406772,2,9,0,-1,3,5,6,-1,0,3,0,0,0,0,2,1,-1,6,2,37,7,1499,2,8,FORD C-MAX,5,E01023575,0,3
2024440359594,2024,440359594,2,9,0,18,19,3,7,0,0,4,0,0,0,0,1,1,6,6,1,34,6,1753,2,15,FORD C-MAX,2,E01017116,0,1
2024061415063,2024,061415063,2,9,0,-1,2,0,0,-1,9,0,0,0,0,0,1,1,-1,9,1,37,7,1560,2,12,FORD C-MAX,1,E01005112,0,1
2024440510622,2024,440510622,2,9,0,7,7,6,4,0,0,0,0,0,0,0,0,1,6,6,3,-1,-1,1596,1,12,FORD C-MAX,-1,-1,0,-1
2024161427007,2024,161427007,2,9,0,-1,19,7,3,-1,0,0,0,0,0,0,1,1,-1,9,1,36,7,1560,2,12,FORD C-MAX,1,E01012805,0,3
2024461485890,2024,461485890,1,9,0,-1,19,1,5,-1,0,0,5,4,0,0,1,1,-1,6,1,52,8,1596,1,15,FORD C-MAX,-1,-1,0,-1
2024041511079,2024,041511079,1,9,0,-1,19,5,1,-1,0,0,0,0,0,0,1,1,-1,9,1,72,10,1798,1,14,FORD C-MAX,6,E01025164,0,4
2024340NN2952,2024,340NN2952,2,9,0,-1,19,3,7,-1,0,8,0,0,0,0,1,1,-1,1,1,69,10,1596,1,12,FORD C-MAX,2,E01027128,0,1
2024501397720,2024,501397720,1,9,0,-1,19,7,8,-1,0,0,0,0,1,10,4,1,-1,9,1,86,11,1798,1,17,FORD C-MAX,3,E01020502,0,4
2024501515424,2024,501515424,2,9,0,-1,19,5,1,-1,0,8,0,0,0,0,1,1,-1,9,2,47,8,1596,1,14,FORD C-MAX,4,E01018863,0,1
2024010535457,2024,010535457,1,9,0,11,11,3,7,0,0,0,1,0,0,0,1,1,6,6,1,50,8,1997,2,11,FORD C-MAX,-1,-1,0,-1
2024991508679,2024,991508679,1,9,0,-1,13,8,4,-1,0,0,1,0,0,0,1,1,-1,6,1,18,4,1596,1,17,FORD C-MAX,-1,-1,0,-1
2024471529005,2024,471529005,2,9,0,-1,3,3,7,-1,0,0,0,0,0,0,3,1,-1,9,1,50,8,1560,2,13,FORD C-MAX,7,E01031417,0,2
2024131528725,2024,131528725,1,9,0,-1,19,1,5,-1,0,1,0,0,0,0,-1,1,-1,6,3,-1,-1,1596,1,16,FORD C-MAX,-1,-1,0,-1
2024041416696,2024,041416696,1,9,0,-1,9,7,3,-1,0,1,0,0,0,0,1,1,-1,7,2,44,7,1560,2,16,FORD C-MAX,4,E01025544,0,1
2024131487400,2024,131487400,1,9,0,-1,19,1,5,-1,0,0,0,0,0,0,1,1,-1,2,1,39,7,1997,2,11,FORD C-MAX,8,E01011653,0,1
2024520403226,2024,520403226,1,9,0,18,19,1,5,0,0,0,0,0,0,0,1,1,6,6,2,80,11,1997,2,13,FORD C-MAX,2,E01029099,0,2
2024421533047,2024,421533047,1,9,0,-1,19,1,5,-1,0,0,0,0,0,0,1,9,-1,6,1,-1,-1,1596,1,16,FORD C-MAX,-1,-1,0,-1
2024401421812,2024,401421812,2,9,0,-1,4,5,1,-1,0,1,0,0,0,0,2,9,-1,6,1,36,7,1560,2,11,FORD C-MAX,7,E01034424,0,1
2024351477711,2024,351477711,2,9,0,-1,19,4,8,-1,0,0,0,0,0,0,2,1,-1,2,1,48,8,1596,1,16,FORD C-MAX,5,E01018016,0,1
2024061450997,2024,061450997,1,9,0,-1,19,-1,-1,-1,0,1,0,0,0,0,2,1,-1,9,1,80,11,1753,2,16,FORD C-MAX,2,E01005829,0,1
2024991467407,2024,991467407,2,9,0,-1,19,5,1,-1,0,6,0,0,0,0,4,1,-1,2,1,28,6,1596,1,13,FORD C-MAX,2,-1,0,2
2024141461318,2024,141461318,1,9,0,-1,19,5,1,-1,0,0,5,0,7,0,3,1,-1,9,2,79,11,1499,2,7,FORD C-MAX,4,E01007625,0,1
2024141470574,2024,141470574,1,9,0,-1,19,7,3,-1,0,0,0,0,7,11,1,1,-1,9,1,84,11,1560,2,11,FORD C-MAX,7,E01019814,0,4
2024332400704,2024,332400704,3,9,0,-1,2,0,0,-1,0,0,0,0,0,0,3,1,-1,6,3,-1,-1,1560,2,11,FORD C-MAX,-1,-1,0,-1
2024201448082,2024,201448082,2,9,0,-1,2,0,0,-1,0,0,0,4,0,0,3,1,-1,6,-1,-1,-1,1798,1,16,FORD C-MAX,-1,-1,0,-1
2024161415380,2024,161415380,3,9,0,-1,19,7,3,-1,0,1,0,0,0,0,0,9,-1,6,3,-1,-1,1560,2,9,FORD C-MAX,-1,-1,0,-1
2024332400958,2024,332400958,1,9,0,-1,19,5,1,-1,0,2,1,0,0,0,1,1,-1,9,1,72,10,1499,2,8,FORD C-MAX,6,E01025752,0,1
2024141542941,2024,141542941,2,9,0,-1,7,4,7,-1,0,1,0,0,0,0,1,9,-1,6,3,-1,-1,1596,1,16,FORD C-MAX,-1,-1,0,-1
2024461490809,2024,461490809,1,9,0,-1,19,3,1,-1,0,0,2,11,2,4,1,1,-1,9,2,45,7,1999,1,15,FORD C-MAX,1,E01034996,0,2
2024440374159,2024,440374159,1,9,0,18,19,2,6,0,0,0,0,0,0,0,3,1,6,6,1,44,7,1560,2,9,FORD C-MAX,8,E01017056,0,1
2024501495338,2024,501495338,2,9,0,-1,19,1,5,-1,0,0,0,0,0,0,1,1,-1,6,2,27,6,1753,2,16,FORD C-MAX,6,E01020187,0,2
2024131513142,2024,131513142,2,9,0,-1,19,2,4,-1,0,1,0,0,0,0,1,1,-1,9,2,62,9,1596,1,15,FORD C-MAX,1,E01011735,0,2
2024201401727,2024,201401727,1,9,0,-1,2,0,0,-1,0,0,0,0,0,0,3,1,-1,6,2,31,6,1560,2,9,FORD C-MAX,3,E01009970,0,1
2024461447915,2024,461447915,1,9,3,-1,19,1,5,-1,0,0,0,0,0,0,1,1,-1,6,2,56,9,1798,1,16,FORD C-MAX,4,E01024492,0,2
2024471394521,2024,471394521,1,9,0,-1,19,6,2,-1,0,1,0,0,0,0,1,1,-1,6,3,-1,-1,1596,1,16,FORD C-MAX,-1,-1,0,-1
2024302400890,2024,302400890,1,9,0,4,4,6,2,0,0,8,0,0,0,0,3,1,6,6,1,71,10,1596,1,7,FORD C-MAX,1,E01027966,0,2
2024371494812,2024,371494812,6,9,0,-1,19,3,7,-1,0,0,0,0,0,0,1,1,-1,9,1,42,7,1560,2,12,FORD C-MAX,10,E01030179,0,4
2024451498140,2024,451498140,1,9,0,-1,2,3,7,-1,0,0,0,0,0,0,2,9,-1,9,2,33,6,1798,1,16,FORD C-MAX,8,E01030669,0,1
2024010539757,2024,010539757,1,9,0,2,2,0,0,9,9,2,0,4,1,0,2,1,6,6,3,-1,-1,1499,2,9,FORD C-MAX,-1,-1,0,-1
2024610033624,2024,610033624,2,9,3,9,9,8,6,0,0,1,0,0,0,0,2,1,6,6,1,61,9,1560,2,13,FORD C-MAX,5,E01014675,0,4
2024461415943,2024,461415943,1,9,0,-1,19,5,1,-1,0,0,0,0,0,0,1,1,-1,2,1,39,7,1596,1,15,FORD C-MAX,6,E01000376,0,1
2024371475180,2024,371475180,1,9,0,-1,19,1,5,-1,0,8,0,0,7,0,1,1,-1,9,1,41,7,1999,1,16,FORD C-MAX,7,E01030083,0,3
2024320474414,2024,320474414,4,9,0,10,10,6,4,0,0,5,0,0,0,0,2,1,6,6,2,58,9,1596,1,12,FORD C-MAX,9,E01013788,0,3
2024161445847,2024,161445847,1,9,0,-1,19,1,5,-1,0,4,0,0,0,0,1,1,-1,6,2,68,10,999,1,8,FORD C-MAX,10,E01013060,0,4
2024401488046,2024,401488046,2,9,0,-1,10,1,5,-1,0,0,0,0,0,0,3,1,-1,6,1,63,9,1999,1,16,FORD C-MAX,5,E01017586,0,1
2024501514048,2024,501514048,1,9,0,-1,3,1,6,-1,0,0,0,0,0,0,2,1,-1,9,1,71,10,1999,1,15,FORD C-MAX,5,E01018849,0,1
2024311452752,2024,311452752,1,9,0,-1,19,7,3,-1,0,0,0,0,7,4,1,1,-1,7,1,34,6,1560,2,13,FORD C-MAX,-1,-1,0,-1
2024540377624,2024,540377624,1,9,0,9,9,8,6,0,0,1,0,0,0,0,1,1,6,6,1,46,8,1999,1,15,FORD C-MAX,5,E01014678,0,4
2024131506593,2024,131506593,1,9,0,-1,19,7,3,-1,0,0,0,0,0,0,1,1,-1,9,1,67,10,1560,2,11,FORD C-MAX,1,E01028066,0,4
2024141515896,2024,141515896,1,9,0,-1,19,6,3,-1,0,0,0,0,0,0,1,1,-1,9,2,26,6,1560,2,11,FORD C-MAX,1,E01007708,0,1
2024201458468,2024,201458468,2,9,0,-1,19,8,4,-1,0,0,0,0,0,0,1,1,-1,9,2,38,7,998,1,10,FORD C-MAX,4,E01009227,0,1
2024421459255,2024,421459255,2,9,0,-1,19,1,5,-1,0,0,0,0,0,0,3,1,-1,9,2,30,6,1753,2,14,FORD C-MAX,5,E01021991,0,2
2024351522178,2024,351522178,2,9,-1,-1,-1,-1,-1,-1,-1,0,-1,-1,-1,0,-1,9,-1,6,1,41,7,1753,2,14,FORD C-MAX,5,E01035531,0,4
2024061408758,2024,061408758,1,9,0,-1,7,5,7,-1,0,1,0,0,0,0,1,9,-1,6,3,-1,-1,1596,1,12,FORD C-MAX,-1,-1,0,-1
2024052400200,2024,052400200,2,9,0,9,9,7,3,0,0,1,0,0,0,0,3,1,1,1,1,59,9,1499,2,8,FORD C-MAX,8,E01006822,0,1
2024010538871,2024,010538871,2,9,0,16,19,6,8,0,0,1,0,0,0,0,3,1,6,6,2,41,7,1499,2,9,FORD C-MAX,4,E01015996,0,2
2024371504742,2024,371504742,2,9,0,-1,9,3,8,-1,0,0,0,0,0,0,1,1,-1,2,1,54,8,1499,2,8,FORD C-MAX,8,E01030043,0,1
2024161514935,2024,161514935,1,9,0,-1,2,0,0,-1,0,0,0,0,0,0,2,1,-1,6,-1,-1,-1,1560,2,12,FORD C-MAX,-1,-1,0,-1
2024061506051,2024,061506051,1,9,0,-1,8,-1,-1,-1,0,4,0,0,0,0,2,1,-1,9,1,49,8,1560,2,12,FORD C-MAX,8,E01004835,0,1
2024141492235,2024,141492235,1,9,0,-1,19,2,6,-1,0,1,0,0,0,0,3,1,-1,9,1,83,11,1499,2,8,FORD C-MAX,5,E01007653,0,1
2024141492811,2024,141492811,1,9,0,-1,5,8,4,-1,0,0,1,0,8,0,3,1,-1,2,1,41,7,1753,2,17,FORD C-MAX,4,E01007637,0,1
2024052400305,2024,052400305,2,9,0,18,19,4,8,0,0,0,0,0,0,0,1,1,6,6,2,39,7,1499,2,7,FORD C-MAX,2,E01006710,0,1
2024451508512,2024,451508512,1,9,0,-1,19,3,5,-1,0,1,0,10,2,11,1,1,-1,1,2,45,7,1999,1,15,FORD C-MAX,7,E01001084,0,4
2024141498200,2024,141498200,2,9,0,-1,15,4,1,-1,0,1,0,0,0,0,3,9,-1,6,3,-1,-1,1997,2,12,FORD C-MAX,-1,-1,0,-1
2024061514723,2024,061514723,1,9,0,-1,19,4,8,-1,0,0,0,0,0,0,1,1,-1,6,2,-1,-1,1560,2,12,FORD C-MAX,8,E01006071,0,1
2024471505617,2024,471505617,1,9,0,-1,19,3,7,-1,4,1,0,0,0,0,4,1,-1,6,2,71,10,1999,1,16,FORD C-MAX,1,E01016942,0,1
2024421465094,2024,421465094,1,9,0,-1,9,2,8,-1,0,8,0,0,0,0,3,1,-1,6,1,41,7,1798,1,14,FORD C-MAX,6,E01022086,0,3
2024991477975,2024,991477975,2,9,0,-1,19,3,7,-1,0,8,0,0,0,0,3,1,-1,6,1,41,7,1596,1,16,FORD C-MAX,2,-1,0,1
2024361463901,2024,361463901,1,8,0,-1,4,-1,-1,-1,0,0,0,0,0,0,1,1,-1,6,1,-1,-1,1499,2,8,FORD C-MAX,7,E01026778,0,4
2024010513879,2024,010513879,2,9,0,18,19,7,3,0,0,1,0,0,0,0,2,1,6,6,1,39,7,1596,1,10,FORD C-MAX,3,E01000640,0,2
2024221407056,2024,221407056,1,9,0,-1,19,7,3,-1,0,0,0,0,0,0,1,9,-1,7,1,30,6,1997,2,12,FORD C-MAX,5,E01014158,0,1
2024221504473,2024,221504473,2,9,0,-1,3,1,5,-1,0,1,0,0,0,0,2,1,-1,2,1,48,8,1560,2,12,FORD C-MAX,5,E01008959,0,2
2024440252828,2024,440252828,2,9,0,18,19,1,5,0,0,1,0,0,0,0,1,1,6,6,1,48,8,1560,2,10,FORD C-MAX,10,E01022837,0,1
2024622500121,2024,622500121,1,9,0,7,7,6,8,0,0,2,0,0,0,0,4,1,3,7,2,45,7,1596,1,12,FORD C-MAX,8,W01001752,0,1
2024010547134,2024,010547134,2,9,0,99,99,9,9,99,99,9,9,99,9,99,1,9,6,6,3,-1,-1,1596,1,7,FORD C-MAX,-1,-1,0,-1
2024061476609,2024,061476609,1,9,0,-1,19,1,5,-1,0,0,0,0,0,0,1,1,-1,9,1,51,8,1997,2,10,FORD C-MAX,1,E01005089,0,3
2024522401316,2024,522401316,2,9,0,3,3,1,5,0,0,0,0,0,0,0,2,1,6,6,2,52,8,1596,1,12,FORD C-MAX,9,E01014396,0,2
2024471473686,2024,471473686,1,9,0,-1,19,2,6,-1,0,1,0,4,0,0,1,1,-1,9,2,71,10,1596,1,11,FORD C-MAX,8,E01031357,0,1
2024421456362,2024,421456362,1,9,0,-1,4,5,1,-1,0,4,0,0,0,0,1,1,-1,1,2,38,7,1499,2,8,FORD C-MAX,3,E01021321,0,1
2024351450174,2024,351450174,2,9,0,-1,19,3,7,-1,0,8,0,0,0,0,1,1,-1,9,1,54,8,1499,2,8,FORD C-MAX,2,E01018144,0,1
2024311523921,2024,311523921,1,9,0,-1,19,2,8,-1,0,8,0,0,0,0,1,1,-1,6,1,-1,-1,1560,2,14,FORD C-MAX,-1,-1,0,-1
2024211429884,2024,211429884,1,9,0,-1,19,6,2,-1,0,0,0,0,0,0,1,9,-1,6,1,-1,-1,1753,2,14,FORD C-MAX,-1,-1,0,-1
2024351519725,2024,351519725,2,9,0,-1,19,1,5,-1,0,0,0,0,0,0,4,1,-1,6,2,63,9,1499,2,7,FORD C-MAX,6,E01026306,0,2
2024552400424,2024,552400424,2,9,0,4,4,6,2,0,0,0,0,0,0,0,2,1,2,2,2,32,6,1997,2,11,FORD C-MAX,10,E01020426,0,2
2024471483876,2024,471483876,1,9,0,-1,19,1,5,-1,0,0,0,7,1,1,1,1,-1,2,1,39,7,1560,2,10,FORD C-MAX,10,E01035337,0,2
2024010515101,2024,010515101,5,9,0,13,13,6,2,0,0,1,0,0,0,0,1,1,6,6,3,-1,-1,1560,2,9,FORD C-MAX,-1,-1,0,-1
2024070740155,2024,070740155,2,8,0,-1,4,3,7,-1,0,4,0,0,0,0,2,1,-1,1,1,57,9,999,1,5,FORD C-MAX,1,E01012444,0,1
2024401423460,2024,401423460,1,9,-1,-1,-1,-1,-1,-1,-1,-1,-1,-1,-1,0,-1,9,-1,6,1,-1,-1,1596,1,8,FORD C-MAX,-1,-1,0,-1
2024430326116,2024,430326116,1,9,0,9,9,2,8,0,0,4,0,0,0,0,4,1,6,6,2,54,8,1596,1,10,FORD C-MAX,10,E01017701,0,2
2024501399011,2024,501399011,1,9,0,-1,19,7,3,-1,0,1,0,0,3,11,1,1,-1,6,2,42,7,1560,2,10,FORD C-MAX,-1,-1,0,-1
2024061399475,2024,061399475,1,9,-1,-1,-1,-1,-1,-1,-1,0,-1,-1,-1,0,-1,9,-1,6,1,-1,-1,998,1,10,FORD C-MAX,-1,-1,0,-1
2024131398498,2024,131398498,1,9,0,-1,9,7,5,-1,0,8,0,0,0,0,1,1,-1,6,1,76,11,1596,1,8,FORD C-MAX,2,E01011538,0,1
2024010532888,2024,010532888,1,9,0,5,5,3,7,9,9,1,0,0,0,0,1,1,2,2,2,52,8,1999,1,14,FORD C-MAX,3,E01004211,0,3
2024461488451,2024,461488451,1,9,0,-1,3,7,2,-1,0,0,0,0,0,0,1,1,-1,9,2,54,8,1596,1,9,FORD C-MAX,5,E01024161,0,1
2024340NN0132,2024,340NN0132,3,9,0,-1,19,2,6,-1,0,1,0,0,0,0,0,1,-1,9,2,55,8,1596,1,8,FORD C-MAX,6,E01026306,0,4
2024111563509,2024,111563509,2,9,0,-1,8,5,7,-1,0,2,0,0,0,0,2,1,-1,9,1,32,6,1499,2,8,FORD C-MAX,1,E01020790,0,2
2024461474568,2024,461474568,1,9,0,-1,9,1,5,-1,0,2,0,0,0,0,0,1,-1,6,2,84,11,1498,1,5,FORD C-MAX,7,E01024288,0,1
2024211515737,2024,211515737,2,9,0,-1,19,6,2,-1,0,0,0,0,0,0,1,1,-1,6,1,33,6,1596,1,16,FORD C-MAX,-1,-1,0,-1
2024302401661,2024,302401661,1,9,0,-1,19,1,5,-1,0,0,0,0,0,0,1,1,-1,9,2,82,11,1997,2,12,FORD C-MAX,10,E01013463,0,1
2024302400804,2024,302400804,2,9,0,18,19,6,2,0,0,8,0,0,0,0,1,1,6,6,3,-1,-1,1596,1,14,FORD C-MAX,5,E01019456,0,4
2024141467044,2024,141467044,2,9,0,-1,19,1,5,-1,0,8,0,0,0,0,1,9,-1,6,1,39,7,1596,1,9,FORD C-MAX,3,E01019541,0,3
2024010535685,2024,010535685,1,9,0,3,3,3,7,0,0,1,0,0,0,0,1,1,6,6,1,36,7,1997,2,8,FORD C-MAX,2,E01035664,0,1
2024531428944,2024,531428944,2,9,0,-1,19,5,1,-1,0,0,0,0,0,0,1,1,-1,9,1,51,8,1560,2,11,FORD C-MAX,9,E01022283,0,1
2024131523715,2024,131523715,2,9,0,-1,19,5,1,-1,0,1,0,0,0,0,1,1,-1,9,2,44,7,1997,2,10,FORD C-MAX,6,E01018170,0,5
2024451524300,2024,451524300,2,9,0,-1,19,5,1,-1,0,0,1,0,4,0,1,1,-1,9,1,64,9,1798,1,16,FORD C-MAX,-1,-1,0,-1