collision_index,collision_year,collision_ref_no,vehicle_reference,vehicle_type,towing_and_articulation,vehicle_manoeuvre_historic,vehicle_manoeuvre,vehicle_direction_from,vehicle_direction_to,vehicle_location_restricted_lane_historic,vehicle_location_restricted_lane,junction_location,skidding_and_overturning,hit_object_in_carriageway,vehicle_leaving_carriageway,hit_object_off_carriageway,first_point_of_impact,vehicle_left_hand_drive,journey_purpose_of_driver_historic,journey_purpose_of_driver,sex_of_driver,age_of_driver,age_band_of_driver,engine_capacity_cc,propulsion_code,age_of_vehicle,generic_make_model,driver_imd_decile,lsoa_of_driver,escooter_flag,driver_distance_banding
2024540871924,2024,540871924,1,9,0,18,19,4,8,0,0,8,0,0,0,0,1,1,6,6,1,59,9,1560,2,13,FORD C-MAX,4,E01015511,0,1
2024211441560,2024,211441560,1,9,0,-1,9,8,6,-1,0,6,0,0,0,0,1,9,-1,6,2,91,11,1499,2,7,FORD C-MAX,8,E01029794,0,1
2024401452069,2024,401452069,1,9,0,-1,19,2,6,-1,0,2,0,0,0,0,3,1,-1,9,2,66,10,999,1,8,FORD C-MAX,4,E01015752,0,1
2024141482348,2024,141482348,2,9,0,-1,2,0,0,-1,0,1,0,0,0,0,2,2,-1,6,-1,-1,-1,1560,2,13,FORD C-MAX,-1,-1,0,-1
2024221514702,2024,221514702,1,9,0,-1,13,6,2,-1,0,0,0,0,0,0,4,9,-1,6,1,68,10,1997,2,11,FORD C-MAX,2,E01032161,0,1
2024471484367,2024,471484367,1,9,0,-1,19,5,1,-1,0,8,0,0,0,0,1,1,-1,6,2,57,9,1798,1,16,FORD C-MAX,9,E01031829,0,4
2024302401417,2024,302401417,1,9,0,9,9,4,2,0,0,2,0,0,0,0,1,1,6,6,2,42,7,999,1,7,FORD C-MAX,2,E01013512,0,1
2024440180684,2024,440180684,1,9,0,9,9,1,7,0,0,6,0,0,0,0,1,1,6,6,2,51,8,1798,1,17,FORD C-MAX,2,E01022913,0,1
2024311491933,2024,311491933,2,9,0,-1,5,3,7,-1,0,6,0,0,0,0,3,1,-1,2,2,33,6,998,1,11,FORD C-MAX,5,E01028162,0,1
2024010522351,2024,010522351,1,9,0,18,19,7,3,0,0,0,5,4,0,0,1,1,2,2,1,22,5,1499,2,8,FORD C-MAX,4,E01021437,0,2
2024610049324,2024,610049324,1,9,0,18,19,8,4,0,0,0,0,0,0,0,1,1,6,6,2,38,7,1560,2,13,FORD C-MAX,7,W01002028,0,1
2024201411781,2024,201411781,2,9,0,-1,2,5,1,-1,-1,0,0,0,0,0,2,1,-1,6,1,49,8,1596,1,9,FORD C-MAX,1,E01010033,0,3
2024052402176,2024,052402176,2,9,0,2,2,0,0,0,0,1,0,0,0,0,1,1,6,6,3,-1,-1,1753,2,16,FORD C-MAX,-1,-1,0,-1
2024340WN1492,2024,340WN1492,1,9,0,-1,9,5,1,-1,0,5,0,0,0,0,4,1,-1,6,3,-1,-1,1997,2,11,FORD C-MAX,-1,-1,0,-1
2024010546854,2024,010546854,1,9,0,1,1,7,3,0,0,6,0,0,0,0,2,1,3,7,2,38,7,1596,1,9,FORD C-MAX,2,E01000064,0,1
2024161497725,2024,161497725,2,9,0,-1,19,2,6,-1,0,1,0,0,0,0,4,1,-1,1,1,35,6,1560,2,10,FORD C-MAX,1,E01012918,0,2
2024041488106,2024,041488106,1,9,0,-1,12,3,7,-1,0,0,1,0,0,0,1,1,-1,6,2,35,6,1798,1,17,FORD C-MAX,1,E01010271,0,5
2024052400669,2024,052400669,3,9,0,4,4,3,7,0,0,1,0,0,0,0,2,1,6,6,1,51,8,1560,2,10,FORD C-MAX,1,E01006480,0,2
2024201469186,2024,201469186,1,9,0,-1,5,2,6,-1,0,8,0,0,0,0,1,9,-1,6,3,-1,-1,1997,2,12,FORD C-MAX,-1,-1,0,-1
2024461402582,2024,461402582,3,9,0,-1,3,4,8,-1,0,0,0,0,0,0,2,1,-1,9,2,55,8,1596,1,13,FORD C-MAX,5,E01024595,0,1
2024302401623,2024,302401623,1,9,0,18,19,4,8,0,0,1,0,0,0,0,1,1,6,6,1,54,8,1596,1,13,FORD C-MAX,10,E01019641,0,1
2024201438761,2024,201438761,2,9,0,-1,9,3,8,-1,0,6,0,0,0,0,4,1,-1,7,2,41,7,1560,2,10,FORD C-MAX,9,E01010384,0,1
2024122400902,2024,122400902,1,9,0,5,5,6,8,0,0,6,0,0,0,0,3,1,6,6,1,90,11,1560,2,12,FORD C-MAX,6,E01027701,0,1
2024141529718,2024,141529718,2,9,0,-1,5,2,6,-1,0,6,0,0,0,0,3,1,-1,9,1,67,10,1499,2,9,FORD C-MAX,5,E01007562,0,2
2024201428739,2024,201428739,3,9,0,-1,2,0,0,-1,0,8,0,0,0,0,3,1,-1,1,1,50,8,1596,1,9,FORD C-MAX,2,E01010028,0,1
2024311442537,2024,311442537,1,9,0,-1,5,8,4,-1,0,8,0,0,0,0,3,1,-1,9,2,39,7,1997,2,13,FORD C-MAX,8,E01028277,0,1
2024440242940,2024,440242940,3,9,0,18,19,6,2,0,0,1,0,0,0,0,1,1,2,2,1,48,8,1560,2,11,FORD C-MAX,10,E01022885,0,1
2024351516230,2024,351516230,2,9,0,-1,19,6,2,-1,0,8,0,0,0,0,1,1,-1,2,2,43,7,1999,1,16,FORD C-MAX,8,E01033427,0,2
2024540337524,2024,540337524,2,9,0,10,10,5,3,0,0,1,0,0,0,0,2,1,2,2,2,47,8,1499,2,9,FORD C-MAX,4,E01020460,0,2
2024421445767,2024,421445767,2,9,0,-1,19,3,7,-1,0,0,0,0,0,0,1,1,-1,9,1,48,8,1560,2,13,FORD C-MAX,6,E01021810,0,1
2024361548374,2024,361548374,1,9,0,-1,19,2,6,-1,0,0,0,0,0,0,1,1,-1,9,1,36,7,1753,2,14,FORD C-MAX,10,E01026506,0,2
2024161522336,2024,161522336,1,9,0,-1,9,5,1,-1,0,6,0,0,0,0,3,1,-1,1,1,48,8,1560,2,9,FORD C-MAX,1,E01012855,0,1
2024161444900,2024,161444900,1,9,0,-1,6,5,1,-1,0,0,0,0,0,0,1,1,-1,6,1,76,11,998,1,11,FORD C-MAX,6,E01012766,0,1
2024471406630,2024,471406630,2,9,0,-1,19,7,3,-1,0,8,0,0,0,0,4,1,-1,9,1,69,10,999,1,9,FORD C-MAX,7,E01030872,0,3
2024131413344,2024,131413344,2,9,0,-1,19,1,5,-1,0,1,0,0,0,0,4,1,-1,6,1,44,7,1997,2,12,FORD C-MAX,1,E01011671,0,1
2024332400947,2024,332400947,1,9,0,-1,19,8,4,-1,0,2,0,0,0,0,1,1,-1,9,2,41,7,1596,1,8,FORD C-MAX,9,E01025955,0,1
2024430239027,2024,430239027,2,9,0,18,19,1,5,0,0,0,1,10,0,0,1,1,6,6,2,36,7,1596,1,13,FORD C-MAX,9,E01028754,0,1
2024061468776,2024,061468776,1,9,0,-1,19,7,4,-1,0,4,0,0,0,0,3,1,-1,2,2,52,8,1596,1,15,FORD C-MAX,3,E01005916,0,1
2024010542219,2024,010542219,1,9,0,99,99,9,9,99,99,9,9,99,9,99,9,9,6,6,3,-1,-1,998,1,11,FORD C-MAX,-1,-1,0,-1
2024440295555,2024,440295555,1,9,0,18,19,2,6,0,0,0,0,0,0,0,1,1,6,6,1,46,8,1753,2,16,FORD C-MAX,5,E01017279,0,3
2024201437937,2024,201437937,1,9,0,-1,19,7,3,-1,0,0,1,0,1,10,3,1,-1,6,2,55,8,1560,2,11,FORD C-MAX,10,E01032135,0,2
2024010507013,2024,010507013,1,9,0,9,9,7,5,0,0,8,0,0,0,0,4,1,2,2,1,32,6,998,1,11,FORD C-MAX,-1,-1,0,-1
2024471521486,2024,471521486,1,9,0,-1,19,1,5,-1,0,4,0,0,0,0,1,1,-1,7,2,46,8,1596,1,14,FORD C-MAX,9,E01031590,0,1
2024201428586,2024,201428586,2,9,0,-1,19,6,2,-1,0,8,0,0,0,0,3,1,-1,6,2,43,7,1560,2,11,FORD C-MAX,7,E01009474,0,1
2024101421562,2024,101421562,1,9,0,-1,5,5,1,-1,0,0,0,4,0,0,1,9,-1,6,3,16,4,1596,1,12,FORD C-MAX,-1,-1,0,-1
2024421400113,2024,421400113,1,9,0,-1,19,6,3,-1,0,0,0,0,0,0,1,1,-1,6,1,43,7,1560,2,12,FORD C-MAX,9,E01021692,0,4
2024221459468,2024,221459468,1,9,0,-1,4,2,5,-1,0,0,0,0,0,0,2,1,-1,6,1,77,11,1596,1,15,FORD C-MAX,8,E01032182,0,2
2024201490997,2024,201490997,1,9,0,-1,11,4,6,-1,0,8,0,0,0,0,4,1,-1,2,2,46,8,1999,1,16,FORD C-MAX,3,E01009655,0,1
2024361409906,2024,361409906,1,9,0,-1,-1,-1,-1,-1,-1,-1,-1,-1,-1,0,-1,1,-1,6,2,71,10,1560,2,10,FORD C-MAX,7,E01026897,0,3
2024311425243,2024,311425243,1,9,0,-1,1,2,6,-1,0,1,0,0,0,0,1,9,-1,6,3,-1,-1,1997,2,13,FORD C-MAX,10,E01028414,0,2
2024351531036,2024,351531036,2,9,0,-1,19,5,1,-1,0,0,0,0,0,0,2,1,-1,6,2,44,7,1499,2,7,FORD C-MAX,6,E01015620,0,1
2024311461673,2024,311461673,2,9,0,-1,9,1,7,-1,0,5,0,0,0,0,3,1,-1,9,1,51,8,1499,2,8,FORD C-MAX,4,E01028045,0,1
2024010497739,2024,010497739,1,9,0,18,19,7,3,0,0,0,0,0,0,0,1,1,6,6,2,85,11,999,1,7,FORD C-MAX,10,E01024424,0,3
2024471394742,2024,471394742,2,9,0,-1,19,1,5,-1,0,0,0,0,0,0,1,1,-1,6,1,77,11,1999,1,14,FORD C-MAX,2,E01016918,0,1
2024221470682,2024,221470682,2,9,0,-1,4,5,1,-1,0,2,0,0,0,0,1,9,-1,9,2,44,7,1560,2,10,FORD C-MAX,7,E01028939,0,1
2024631414795,2024,631414795,1,9,0,-1,7,1,3,-1,0,6,0,0,1,10,4,1,-1,9,2,67,10,1560,2,12,FORD C-MAX,9,W01000444,0,1
2024041435661,2024,041435661,1,9,0,-1,19,3,7,-1,0,1,0,0,0,0,1,1,-1,6,1,75,10,1997,2,13,FORD C-MAX,6,E01025367,0,1
2024201457509,2024,201457509,2,9,0,-1,19,5,7,-1,0,1,0,0,0,0,3,9,-1,6,2,34,6,999,1,6,FORD C-MAX,2,E01008942,0,1
2024471437397,2024,471437397,4,9,0,-1,2,0,0,-1,0,0,0,0,0,0,3,1,-1,6,-1,-1,-1,999,1,8,FORD C-MAX,-1,-1,0,-1
2024471397029,2024,471397029,1,9,0,-1,19,6,2,-1,0,1,0,0,0,0,1,1,-1,9,2,79,11,1798,1,16,FORD C-MAX,7,E01031616,0,1
2024451396137,2024,451396137,2,9,0,-1,19,3,7,-1,0,0,0,7,1,1,2,1,-1,9,1,45,7,1798,1,16,FORD C-MAX,3,E01024742,0,4
2024141469970,2024,141469970,1,9,0,-1,-1,1,5,-1,-1,0,0,0,0,0,1,1,-1,-1,1,48,8,1499,2,7,FORD C-MAX,9,E01027665,0,4
2024131458799,2024,131458799,2,9,0,-1,9,4,2,-1,0,8,0,0,0,0,1,1,-1,9,2,73,10,1560,2,9,FORD C-MAX,6,E01011835,0,1
2024122401239,2024,122401239,1,9,0,17,19,4,8,0,0,0,0,0,1,7,1,1,6,6,2,52,8,1499,2,8,FORD C-MAX,1,E01027874,0,1
2024501508213,2024,501508213,1,9,0,-1,13,5,1,-1,0,0,0,0,5,6,1,1,-1,6,2,56,9,1499,2,7,FORD C-MAX,10,E01031874,0,5
2024411502200,2024,411502200,1,9,0,-1,5,4,6,-1,0,8,0,0,0,0,3,1,-1,6,2,66,10,1560,2,11,FORD C-MAX,10,E01023568,0,1
2024041505197,2024,041505197,3,9,0,-1,19,5,1,-1,0,4,0,0,0,0,2,1,-1,9,1,28,6,1560,2,10,FORD C-MAX,8,E01025498,0,3
2024302401463,2024,302401463,1,9,0,9,9,7,5,0,0,8,0,0,0,0,1,1,6,6,1,40,7,1997,2,13,FORD C-MAX,9,E01019590,0,3
2024010522945,2024,010522945,2,9,0,4,4,6,2,0,0,1,0,0,0,0,1,1,6,6,1,41,7,1596,1,12,FORD C-MAX,8,E01001044,0,3
2024211510545,2024,211510545,1,9,0,-1,19,7,7,-1,0,0,0,0,0,0,2,1,-1,6,1,43,7,1560,2,9,FORD C-MAX,4,E01014288,0,1
2024421394876,2024,421394876,1,9,0,-1,5,3,7,-1,0,2,0,0,0,0,1,1,-1,9,2,54,8,1596,1,7,FORD C-MAX,5,E01021492,0,1
2024010528005,2024,010528005,2,9,9,99,99,9,9,99,99,9,9,99,9,99,9,9,6,6,3,-1,-1,1596,1,14,FORD C-MAX,-1,-1,0,-1
2024451525287,2024,451525287,1,9,0,-1,5,1,3,-1,0,6,0,0,0,0,1,1,-1,1,1,37,7,1798,1,17,FORD C-MAX,9,E01030712,0,1
2024461457389,2024,461457389,1,9,0,-1,8,2,4,-1,0,0,0,0,0,0,1,9,-1,6,1,25,5,1997,2,15,FORD C-MAX,6,E01024064,0,2
2024010519026,2024,010519026,1,9,0,4,4,5,1,0,0,0,0,0,0,0,4,1,6,6,1,49,8,1999,1,15,FORD C-MAX,6,E01033311,0,4
2024371447029,2024,371447029,1,9,0,-1,19,7,3,-1,0,0,1,0,0,0,3,1,-1,9,2,53,8,1596,1,14,FORD C-MAX,1,E01021968,0,4
2024010515318,2024,010515318,1,9,0,18,19,1,5,0,0,0,0,0,0,0,2,1,2,2,1,24,5,1596,1,13,FORD C-MAX,6,E01002170,0,2
2024340WN2542,2024,340WN2542,2,9,0,-1,19,5,1,-1,0,1,0,0,0,0,4,1,-1,7,1,39,7,1997,2,17,FORD C-MAX,9,E01035406,0,1
2024320134021,2024,320134021,2,9,0,9,9,6,5,0,0,5,0,0,0,0,3,1,1,1,2,36,7,1560,2,9,FORD C-MAX,5,E01026018,0,1
2024010536798,2024,010536798,2,9,0,99,99,9,9,99,99,9,9,99,9,99,1,9,6,6,3,45,7,998,1,11,FORD C-MAX,4,E01001934,0,1
2024421507103,2024,421507103,3,9,0,-1,4,4,8,-1,0,0,0,0,0,0,2,1,-1,9,1,76,11,999,1,5,FORD C-MAX,10,E01021622,0,3
2024010516704,2024,010516704,1,9,0,99,99,9,9,99,99,9,9,99,9,99,9,9,2,2,1,24,5,1596,1,13,FORD C-MAX,8,E01002534,0,1
2024631422593,2024,631422593,1,9,0,-1,19,7,3,-1,0,0,0,0,1,1,1,1,-1,6,2,35,6,1997,2,13,FORD C-MAX,3,W01000657,0,1
2024320209471,2024,320209471,1,9,0,9,9,2,8,0,0,6,0,0,0,0,4,1,-1,-1,2,81,11,1499,2,8,FORD C-MAX,8,E01028411,0,2
2024451444087,2024,451444087,1,9,0,-1,5,5,1,-1,0,5,0,0,0,0,1,1,-1,9,1,34,6,999,1,7,FORD C-MAX,3,E01030745,0,1
2024501400411,2024,501400411,1,9,0,-1,7,3,8,-1,0,3,0,0,0,0,1,1,-1,9,1,75,10,1798,1,16,FORD C-MAX,4,E01020138,0,4
2024211471802,2024,211471802,1,9,0,-1,9,6,3,-1,0,1,0,0,0,0,1,1,-1,6,1,61,9,1997,2,9,FORD C-MAX,6,E01014324,0,1
2024531420851,2024,531420851,2,9,0,-1,19,5,1,-1,0,1,0,0,0,0,1,1,-1,2,1,40,7,1596,1,14,FORD C-MAX,-1,-1,0,-1
2024320757646,2024,320757646,1,9,0,13,13,2,6,0,0,0,0,0,1,10,1,1,6,6,1,19,4,1499,2,8,FORD C-MAX,1,E01026112,0,1
2024122400184,2024,122400184,1,9,0,18,19,1,5,0,0,0,0,0,0,0,1,1,6,6,1,84,11,1560,2,13,FORD C-MAX,7,E01027743,0,1
2024211477640,2024,211477640,3,9,0,-1,10,3,7,-1,0,0,0,0,0,0,1,1,-1,6,1,47,8,1596,1,8,FORD C-MAX,-1,-1,0,-1
2024141424672,2024,141424672,2,9,0,-1,19,1,5,-1,0,1,0,0,0,0,1,1,-1,9,1,40,7,1560,2,17,FORD C-MAX,1,E01008011,0,1
2024351513033,2024,351513033,2,9,0,-1,19,3,7,-1,0,0,0,0,0,0,1,1,-1,6,1,33,6,999,1,5,FORD C-MAX,10,E01033117,0,1
2024531478629,2024,531478629,2,9,0,-1,7,5,7,-1,0,4,0,0,0,0,1,1,-1,9,1,48,8,1499,2,8,FORD C-MAX,7,E01022373,0,1
2024430112650,2024,430112650,1,9,0,18,19,2,6,0,0,0,0,0,0,0,1,1,6,6,1,-1,-1,1499,2,8,FORD C-MAX,-1,-1,0,-1
2024010505506,2024,010505506,1,9,0,18,19,1,5,0,0,2,0,0,0,0,2,1,2,2,1,47,8,1499,2,8,FORD C-MAX,4,E01016115,0,4
2024031395409,2024,031395409,2,9,0,-1,19,3,7,-1,0,8,0,0,0,0,1,9,-1,9,1,79,11,1596,1,14,FORD C-MAX,2,-1,0,4
2024520402720,2024,520402720,2,9,0,3,3,5,1,0,0,1,0,0,0,0,2,1,6,6,2,77,11,1596,1,9,FORD C-MAX,6,E01032632,0,1
2024161446076,2024,161446076,2,9,0,-1,9,1,7,-1,0,1,0,0,0,0,3,9,-1,6,2,26,6,1997,2,11,FORD C-MAX,-1,-1,0,-1
2024991414854,2024,991414854,1,9,0,-1,19,5,1,-1,0,1,0,0,0,0,1,1,-1,9,2,34,6,1560,2,12,FORD C-MAX,7,-1,0,2
2024991509719,2024,991509719,1,9,0,-1,19,5,1,-1,0,1,0,10,0,0,1,1,-1,6,3,23,5,1596,1,12,FORD C-MAX,-1,-1,0,-1
2024131501039,2024,131501039,2,9,0,-1,3,7,3,-1,0,0,0,0,0,0,3,1,-1,9,2,87,11,999,1,6,FORD C-MAX,4,E01011287,0,1
2024010519315,2024,010519315,1,9,0,18,19,3,7,0,0,0,5,4,0,0,1,1,6,6,2,29,6,1499,2,8,FORD C-MAX,2,E01004615,0,1
2024010515569,2024,010515569,1,9,0,18,19,3,7,0,0,8,0,0,0,0,1,1,6,6,3,-1,-1,1997,2,10,FORD C-MAX,-1,-1,0,-1
2024421489620,2024,421489620,1,9,0,-1,9,5,3,-1,0,1,0,0,0,0,1,1,-1,6,1,-1,-1,998,1,11,FORD C-MAX,-1,-1,0,-1
2024340WN1322,2024,340WN1322,2,9,0,-1,19,7,3,-1,0,8,0,0,0,0,4,1,-1,6,1,44,7,1596,1,8,FORD C-MAX,4,E01027245,0,1
2024411420653,2024,411420653,2,9,0,-1,19,3,7,-1,0,0,0,0,0,0,2,1,-1,6,1,67,10,1560,2,9,FORD C-MAX,5,E01021562,0,4
2024461402769,2024,461402769,2,9,0,-1,19,3,7,-1,0,1,0,0,0,0,4,9,-1,6,2,31,6,1596,1,13,FORD C-MAX,2,E01016018,0,1
2024991420808,2024,991420808,1,9,0,-1,9,3,1,-1,0,2,0,0,0,0,1,1,-1,6,1,39,7,1560,2,10,FORD C-MAX,10,-1,0,1
2024010523381,2024,010523381,1,9,0,9,9,7,6,0,0,5,0,0,0,0,1,1,6,6,1,68,10,1596,1,16,FORD C-MAX,2,E01003961,0,1
2024991429396,2024,991429396,2,9,0,-1,19,8,4,-1,0,0,0,0,0,0,1,1,-1,2,2,49,8,1560,2,11,FORD C-MAX,8,-1,0,1
2024131496899,2024,131496899,2,9,0,-1,2,3,3,-1,0,8,0,0,0,0,0,1,-1,6,-1,-1,-1,1560,2,14,FORD C-MAX,-1,-1,0,-1
2024131510651,2024,131510651,1,9,0,-1,4,3,7,-1,0,0,0,0,0,0,1,1,-1,9,1,41,7,1560,2,13,FORD C-MAX,1,E01010680,0,2
2024440266265,2024,440266265,1,9,0,9,9,1,7,0,0,0,0,0,0,0,3,1,2,2,2,42,7,1560,2,15,FORD C-MAX,4,E01017235,0,1
2024361418022,2024,361418022,2,9,0,-1,9,6,4,-1,0,8,0,0,0,0,4,1,-1,6,2,62,9,1596,1,14,FORD C-MAX,6,E01026947,0,3
2024010512205,2024,010512205,1,3,0,18,19,7,3,2,2,8,0,0,0,0,3,1,6,6,1,71,10,108,1,16,-1,6,E01002740,0,1
2024302401699,2024,302401699,1,2,0,18,19,5,1,0,0,8,0,0,0,0,1,1,6,6,1,29,6,108,1,14,-1,10,E01019762,0,1
2024311502693,2024,311502693,2,3,0,-1,19,4,8,-1,0,1,0,0,0,0,1,1,-1,6,1,39,7,108,1,16,-1,-1,-1,0,-1
2024332401211,2024,332401211,1,3,0,-1,19,6,3,-1,0,0,1,0,1,2,1,1,-1,6,1,17,4,108,1,16,-1,4,E01019844,0,2
2024440039226,2024,440039226,1,3,0,18,19,8,4,0,0,1,0,0,0,0,1,1,6,6,1,44,7,108,1,14,-1,4,E01017213,0,1
2024010499696,2024,010499696,1,3,0,99,99,9,9,99,99,9,9,99,9,99,1,1,6,6,1,29,6,108,1,14,-1,2,E01003236,0,4
2024061393664,2024,061393664,1,3,0,-1,19,1,5,-1,0,8,0,0,0,0,4,1,-1,6,1,16,4,108,1,14,-1,2,E01005764,0,2
2024010530436,2024,010530436,2,3,0,18,19,1,5,0,0,8,5,0,0,0,0,1,2,2,1,54,8,108,1,16,-1,8,E01003673,0,2
2024010525657,2024,010525657,2,3,0,18,19,4,8,0,0,1,0,0,0,0,1,1,1,1,1,42,7,108,1,15,-1,3,E01003164,0,2
2024061493046,2024,061493046,2,9,0,-1,4,5,1,-1,0,0,0,0,0,0,2,1,-1,9,1,45,7,1582,2,7,KIA SOUL,1,E01006056,0,1
2024501497477,2024,501497477,1,9,0,-1,19,7,3,-1,0,0,1,0,6,6,1,1,-1,9,2,40,7,1591,1,6,KIA SOUL,5,W01001925,0,5
2024010499251,2024,010499251,3,9,0,18,19,3,7,0,0,1,0,0,0,0,1,1,2,2,1,61,9,1591,1,13,KIA SOUL,8,E01003673,0,3
2024421488113,2024,421488113,1,9,0,-1,19,5,1,-1,0,0,0,0,4,0,1,1,-1,9,1,76,11,1591,1,7,KIA SOUL,8,E01021740,0,3
2024371496607,2024,371496607,2,9,0,-1,19,5,1,-1,0,1,0,0,0,0,1,1,-1,9,2,32,6,-1,3,4,KIA SOUL,9,E01030158,0,1
2024451445453,2024,451445453,1,9,0,-1,19,1,5,-1,0,8,0,0,0,0,1,1,-1,2,2,42,7,1591,1,12,KIA SOUL,4,E01001148,0,3
2024211531389,2024,211531389,1,9,0,-1,19,5,8,-1,0,2,0,0,0,0,1,1,-1,9,2,60,9,1582,2,10,KIA SOUL,-1,-1,0,-1
2024320531946,2024,320531946,2,9,0,-1,-1,3,7,0,0,0,0,0,0,0,3,1,-1,-1,2,34,6,1582,2,12,KIA SOUL,3,E01018090,0,1
2024122401195,2024,122401195,2,9,0,18,19,7,3,0,0,0,0,6,0,0,1,1,6,6,1,84,11,1582,2,10,KIA SOUL,7,E01013345,0,1
2024070110901,2024,070110901,2,9,0,9,9,8,4,0,0,1,0,0,0,0,4,1,6,6,1,45,7,1582,2,15,KIA SOUL,3,E01012460,0,1
2024010542445,2024,010542445,2,9,0,99,99,9,9,99,99,9,9,99,9,99,9,9,6,6,3,-1,-1,1591,1,15,KIA SOUL,-1,-1,0,-1
2024430260682,2024,430260682,2,9,0,9,9,5,3,0,0,1,0,0,0,0,3,1,6,6,2,62,9,1582,2,12,KIA SOUL,2,E01028552,0,1
2024131521892,2024,131521892,2,9,0,-1,19,7,3,-1,0,0,0,0,0,0,1,1,-1,9,1,44,7,1582,2,15,KIA SOUL,2,E01011786,0,1
2024351441129,2024,351441129,1,9,0,-1,19,3,7,-1,0,0,0,0,0,0,3,1,-1,6,1,81,11,1582,2,10,KIA SOUL,7,E01018011,0,1
2024031401824,2024,031401824,1,9,0,-1,19,5,1,-1,0,1,0,0,0,0,0,2,-1,6,1,61,9,1582,2,14,KIA SOUL,6,E01019316,0,3
2024122401028,2024,122401028,1,9,0,2,2,0,0,0,0,0,0,0,0,0,3,1,1,1,1,56,9,1582,2,13,KIA SOUL,6,E01013398,0,1
2024421528433,2024,421528433,1,9,0,-1,19,8,4,-1,0,0,0,0,0,0,1,1,-1,6,2,56,9,1582,2,8,KIA SOUL,3,E01021291,0,3
2024302401290,2024,302401290,1,9,0,5,5,5,1,0,0,4,0,0,0,0,3,1,6,6,2,48,8,1582,2,9,KIA SOUL,9,E01013462,0,1
2024010530715,2024,010530715,2,9,0,18,19,5,1,0,0,2,0,0,0,0,3,1,6,6,1,32,6,1582,2,8,KIA SOUL,4,E01004430,0,1
2024411423553,2024,411423553,1,9,0,-1,9,5,2,-1,0,5,0,0,0,0,1,1,-1,6,2,88,11,1591,1,6,KIA SOUL,7,E01023682,0,1
2024161465493,2024,161465493,1,9,0,-1,11,2,6,-1,0,0,5,0,1,0,4,1,-1,9,2,75,10,1591,1,6,KIA SOUL,9,E01019778,0,4
2024201506605,2024,201506605,1,9,0,-1,19,2,6,-1,0,5,0,0,0,0,4,1,-1,9,2,62,9,1591,1,13,KIA SOUL,5,E01009496,0,1
2024501501993,2024,501501993,1,9,3,-1,19,5,1,-1,0,0,0,0,0,0,1,1,-1,6,1,64,9,1582,2,10,KIA SOUL,3,E01019072,0,2
2024471401263,2024,471401263,1,9,0,-1,19,3,7,-1,0,1,0,0,0,0,3,1,-1,6,1,75,10,1582,2,14,KIA SOUL,5,E01016925,0,1
2024201468440,2024,201468440,3,9,0,-1,19,8,4,-1,0,0,0,0,0,0,3,1,-1,6,2,-1,-1,1591,1,11,KIA SOUL,1,E01009222,0,1
2024501464499,2024,501464499,1,9,0,-1,19,3,7,-1,0,8,0,0,0,0,1,1,-1,9,1,32,6,1591,1,11,KIA SOUL,9,W01001921,0,5
2024201528769,2024,201528769,2,9,0,-1,19,4,8,-1,0,0,0,0,0,0,1,1,-1,6,1,47,8,1582,2,10,KIA SOUL,3,E01032422,0,3
2024311405985,2024,311405985,1,9,0,-1,19,5,1,-1,0,1,0,0,0,0,1,1,-1,9,2,54,8,1582,2,8,KIA SOUL,2,E01013897,0,1
2024131425038,2024,131425038,2,9,0,-1,19,1,5,-1,0,0,0,0,0,0,1,1,-1,6,2,25,5,1582,2,13,KIA SOUL,2,E01011149,0,1
2024221532311,2024,221532311,2,9,0,-1,13,7,3,-1,0,8,0,0,0,0,1,9,-1,6,2,78,11,-1,3,4,KIA SOUL,4,E01028990,0,3
2024131530833,2024,131530833,2,9,0,-1,2,8,4,-1,0,8,0,0,0,0,2,1,-1,6,-1,-1,-1,1591,1,11,KIA SOUL,-1,-1,0,-1
202460Q159477,2024,60Q159477,1,9,0,18,19,5,1,0,0,0,0,0,0,0,1,1,2,2,2,32,6,1591,1,9,KIA SOUL,-1,-1,0,-1
2024411462586,2024,411462586,2,9,0,-1,19,5,1,-1,0,1,0,0,0,0,1,1,-1,2,2,58,9,1591,1,15,KIA SOUL,6,E01023952,0,3
2024411535808,2024,411535808,3,9,0,-1,4,7,3,-1,0,0,0,0,0,0,2,1,-1,6,1,70,10,1582,2,14,KIA SOUL,10,E01023664,0,2
2024461514686,2024,461514686,2,9,0,-1,7,7,2,-1,0,1,0,0,0,0,4,1,-1,9,1,70,10,1582,2,12,KIA SOUL,4,E01016151,0,1
2024131456925,2024,131456925,2,9,0,-1,19,4,8,-1,0,8,0,0,0,0,1,1,-1,9,1,54,8,1591,1,7,KIA SOUL,3,E01010984,0,1
2024161474488,2024,161474488,1,9,0,-1,9,1,6,-1,0,8,0,0,0,0,3,1,-1,9,2,55,8,1582,2,12,KIA SOUL,1,E01035464,0,1
2024131440855,2024,131440855,2,9,0,-1,3,7,3,-1,0,8,0,0,0,0,2,1,-1,9,2,26,6,1582,2,13,KIA SOUL,2,E01011481,0,1