collision_index,collision_year,collision_ref_no,vehicle_reference,vehicle_type,towing_and_articulation,vehicle_manoeuvre_historic,vehicle_manoeuvre,vehicle_direction_from,vehicle_direction_to,vehicle_location_restricted_lane_historic,vehicle_location_restricted_lane,junction_location,skidding_and_overturning,hit_object_in_carriageway,vehicle_leaving_carriageway,hit_object_off_carriageway,first_point_of_impact,vehicle_left_hand_drive,journey_purpose_of_driver_historic,journey_purpose_of_driver,sex_of_driver,age_of_driver,age_band_of_driver,engine_capacity_cc,propulsion_code,age_of_vehicle,generic_make_model,driver_imd_decile,lsoa_of_driver,escooter_flag,driver_distance_banding
2024552401209,2024,552401209,1,9,0,7,7,6,8,0,0,4,0,0,0,0,1,1,6,6,1,76,11,1591,1,11,KIA SOUL,6,E01015410,0,2
2024552401504,2024,552401504,3,9,0,18,19,6,2,0,0,8,0,0,4,0,3,1,6,6,1,69,10,1582,2,9,KIA SOUL,4,E01015345,0,1
2024010534069,2024,010534069,1,9,0,18,19,1,5,0,0,0,0,0,0,0,4,1,6,6,2,35,6,1591,1,13,KIA SOUL,6,E01003770,0,1
2024141469181,2024,141469181,2,9,0,-1,19,7,3,-1,0,0,0,0,0,0,2,9,-1,6,1,54,8,1582,2,13,KIA SOUL,9,E01027053,0,5
2024201461906,2024,201461906,2,9,0,-1,19,4,8,-1,0,0,0,0,0,0,3,1,-1,6,2,57,9,1591,1,13,KIA SOUL,6,E01029640,0,1
2024340WN3142,2024,340WN3142,2,9,0,-1,19,5,1,-1,0,1,0,0,0,0,2,1,-1,9,2,68,10,-1,3,6,KIA SOUL,6,E01027011,0,1
2024311427668,2024,311427668,2,9,0,-1,19,8,4,-1,0,0,0,0,0,0,3,1,-1,6,1,46,8,-1,3,6,KIA SOUL,10,E01028364,0,1
2024501397246,2024,501397246,1,9,0,-1,3,5,1,-1,0,0,0,4,0,0,1,9,-1,6,3,-1,-1,1582,2,7,KIA SOUL,-1,-1,0,-1
2024122500136,2024,122500136,2,9,0,5,5,5,1,0,0,6,0,0,0,0,1,1,6,6,1,74,10,1582,2,10,KIA SOUL,7,E01027756,0,1
2024320064594,2024,320064594,1,9,0,-1,-1,4,8,0,0,0,1,0,7,0,1,1,-1,-1,2,56,9,1582,2,7,KIA SOUL,-1,-1,0,-1
2024061530121,2024,061530121,1,9,0,-1,9,4,1,-1,0,1,0,0,0,0,1,1,-1,6,2,56,9,1591,1,13,KIA SOUL,2,E01019053,0,5
2024041450862,2024,041450862,2,9,0,-1,19,3,3,-1,0,1,0,0,1,0,1,1,-1,6,3,-1,-1,1591,1,7,KIA SOUL,-1,-1,0,-1
2024311488253,2024,311488253,1,9,0,-1,19,3,7,-1,0,1,0,0,0,0,0,9,-1,6,1,78,11,1582,2,12,KIA SOUL,6,E01028078,0,1
2024302401564,2024,302401564,2,9,0,4,4,5,1,0,0,1,0,0,0,0,2,1,6,6,2,58,9,1582,2,10,KIA SOUL,6,E01019815,0,1
2024010524738,2024,010524738,3,9,0,3,3,5,1,0,0,0,0,0,0,0,2,1,6,6,1,49,8,1582,2,11,KIA SOUL,3,E01001316,0,1
2024991494140,2024,991494140,3,9,0,-1,19,3,7,-1,0,8,0,0,0,0,1,1,-1,6,2,86,11,1582,2,7,KIA SOUL,8,-1,0,1
2024101400615,2024,101400615,2,9,0,-1,19,2,5,-1,0,0,0,0,0,0,3,1,-1,6,2,60,9,1582,2,9,KIA SOUL,2,E01027395,0,1
2024440019429,2024,440019429,2,9,0,4,4,2,6,0,0,8,0,0,0,0,2,1,6,6,2,26,6,1591,1,14,KIA SOUL,4,E01033381,0,1
2024131519947,2024,131519947,1,9,0,-1,19,5,5,-1,0,0,0,0,0,0,0,1,-1,9,1,83,11,1582,2,13,KIA SOUL,2,E01011017,0,1
2024371492327,2024,371492327,1,9,0,-1,19,1,5,-1,0,0,0,0,0,0,1,1,-1,9,1,88,11,1591,1,10,KIA SOUL,7,E01030068,0,1
2024111529140,2024,111529140,3,9,0,-1,19,5,1,-1,0,8,0,0,0,0,1,1,-1,6,1,61,9,-1,3,3,KIA SOUL,8,E01027875,0,4
2024211459092,2024,211459092,1,9,0,-1,19,1,5,-1,0,1,0,0,0,0,1,1,-1,6,1,79,11,1582,2,12,KIA SOUL,1,E01014358,0,1
2024161423479,2024,161423479,2,9,0,-1,15,7,3,-1,0,2,0,0,0,0,0,9,-1,6,1,-1,-1,1591,1,12,KIA SOUL,-1,-1,0,-1
2024471513154,2024,471513154,1,9,0,-1,19,1,5,-1,0,6,0,0,0,0,1,1,-1,1,2,60,9,1582,2,10,KIA SOUL,6,E01031449,0,1
2024122401182,2024,122401182,1,4,0,18,19,3,7,0,0,1,0,0,0,0,1,1,6,6,1,24,5,250,1,-1,-1,10,E01027670,0,1
2024052402847,2024,052402847,2,4,0,18,19,3,7,0,0,8,0,0,0,0,1,1,6,6,1,37,7,250,1,-1,-1,4,E01006640,0,1
2024101476364,2024,101476364,2,9,0,-1,19,8,4,-1,0,0,0,0,0,0,3,1,-1,9,1,31,6,1999,2,5,LAND ROVER RANGE ROVER EVOQUE,6,E01008179,0,1
2024010545784,2024,010545784,2,9,0,3,3,5,1,0,0,0,0,0,0,0,2,1,6,6,2,33,6,1999,2,5,LAND ROVER RANGE ROVER EVOQUE,3,E01001436,0,4
2024451408236,2024,451408236,1,9,0,-1,19,1,1,-1,0,0,0,0,0,0,2,1,-1,6,1,35,6,1999,2,7,LAND ROVER RANGE ROVER EVOQUE,9,E01034559,0,5
2024461480693,2024,461480693,1,9,0,-1,19,5,1,-1,0,0,0,0,7,7,1,1,-1,9,1,27,6,1999,2,4,LAND ROVER RANGE ROVER EVOQUE,5,E01003718,0,3
2024371405744,2024,371405744,1,9,0,-1,19,3,7,-1,0,0,5,0,7,0,1,1,-1,9,2,24,5,1999,2,8,LAND ROVER RANGE ROVER EVOQUE,1,E01021968,0,4
2024010544656,2024,010544656,1,9,0,10,10,3,1,0,0,1,0,0,0,0,4,1,3,7,1,45,7,1999,2,6,LAND ROVER RANGE ROVER EVOQUE,-1,-1,0,-1
2024131511380,2024,131511380,2,9,0,-1,4,1,5,-1,0,8,0,0,0,0,1,1,-1,6,2,78,11,2179,2,12,LAND ROVER RANGE ROVER EVOQUE,9,E01011946,0,1
2024070272057,2024,070272057,1,9,0,18,19,2,6,0,0,0,0,0,0,0,3,1,6,6,2,50,8,1999,2,7,LAND ROVER RANGE ROVER EVOQUE,2,E01018498,0,1
2024421479999,2024,421479999,1,9,0,-1,19,3,7,-1,0,8,0,0,0,0,1,1,-1,9,2,31,6,1999,2,9,LAND ROVER RANGE ROVER EVOQUE,1,E01021998,0,3
2024201455028,2024,201455028,2,9,0,-1,19,4,8,-1,0,8,0,0,0,0,1,1,-1,2,1,33,6,2179,2,10,LAND ROVER RANGE ROVER EVOQUE,4,E01009234,0,1
2024031467245,2024,031467245,2,9,-1,-1,4,1,5,-1,0,1,0,0,0,0,2,1,-1,6,2,45,7,1998,2,3,LAND ROVER RANGE ROVER EVOQUE,-1,-1,0,-1
2024041401793,2024,041401793,1,9,0,-1,19,6,8,-1,0,4,0,0,0,0,1,1,-1,9,1,43,7,1999,2,5,LAND ROVER RANGE ROVER EVOQUE,4,E01012633,0,1
2024340NN3102,2024,340NN3102,1,9,0,-1,19,7,3,-1,0,0,0,0,0,0,1,1,-1,2,1,32,6,1999,2,5,LAND ROVER RANGE ROVER EVOQUE,-1,-1,0,-1
2024010507643,2024,010507643,2,9,0,18,19,9,9,99,99,9,9,99,9,99,1,9,6,6,3,-1,-1,1997,1,2,LAND ROVER RANGE ROVER EVOQUE,6,E01001652,0,1
2024332400291,2024,332400291,1,9,0,-1,4,6,2,-1,0,0,0,0,0,0,2,1,-1,6,1,27,6,1999,2,9,LAND ROVER RANGE ROVER EVOQUE,-1,-1,0,-1
2024010523820,2024,010523820,2,9,0,99,99,9,9,99,99,9,9,99,9,99,9,9,6,6,3,-1,-1,1999,2,7,LAND ROVER RANGE ROVER EVOQUE,2,E01003351,0,2
2024311433591,2024,311433591,2,9,0,-1,9,0,3,-1,0,1,0,0,0,0,1,1,-1,6,2,51,8,1997,1,4,LAND ROVER RANGE ROVER EVOQUE,5,E01001556,0,5
2024010548319,2024,010548319,1,9,0,99,99,9,9,99,99,9,9,99,9,99,2,9,6,6,2,35,6,1999,2,5,LAND ROVER RANGE ROVER EVOQUE,4,E01001023,0,3
2024010551234,2024,010551234,1,9,0,18,19,8,4,0,0,1,0,0,0,0,1,1,6,6,2,26,6,1999,2,8,LAND ROVER RANGE ROVER EVOQUE,6,E01002262,0,1
2024440527670,2024,440527670,1,9,0,3,3,7,2,0,0,0,0,0,0,0,2,1,6,6,2,55,8,1498,8,2,LAND ROVER RANGE ROVER EVOQUE,7,E01022628,0,3
2024010525824,2024,010525824,1,9,0,99,99,9,9,99,99,1,9,99,9,99,1,9,6,6,2,43,7,1999,2,8,LAND ROVER RANGE ROVER EVOQUE,3,E01004000,0,1
2024991506489,2024,991506489,1,9,0,-1,19,1,5,-1,0,1,0,0,1,11,1,1,-1,6,2,69,10,1999,2,9,LAND ROVER RANGE ROVER EVOQUE,-1,-1,0,-1
2024061435699,2024,061435699,1,9,0,-1,99,-1,-1,-1,0,0,9,0,0,0,2,1,-1,7,1,43,7,2179,2,10,LAND ROVER RANGE ROVER EVOQUE,1,E01006241,0,1
2024052401057,2024,052401057,1,9,0,18,19,3,7,0,0,1,0,0,0,0,1,1,6,6,2,37,7,2179,2,11,LAND ROVER RANGE ROVER EVOQUE,4,E01026025,0,5
2024010499529,2024,010499529,2,9,9,99,99,9,9,99,99,9,9,99,9,99,9,9,6,6,3,38,7,1999,2,7,LAND ROVER RANGE ROVER EVOQUE,2,E01002716,0,1
2024320545021,2024,320545021,3,9,0,4,4,4,8,0,0,0,0,4,0,0,4,1,-1,-1,2,73,10,2179,2,11,LAND ROVER RANGE ROVER EVOQUE,-1,-1,0,-1
2024411543344,2024,411543344,2,9,-1,-1,7,-1,-1,-1,0,3,1,0,-1,0,4,9,-1,9,2,37,7,1999,2,7,LAND ROVER RANGE ROVER EVOQUE,3,E01000523,0,4
2024131458842,2024,131458842,1,9,0,-1,9,2,1,-1,0,8,0,0,0,0,4,1,-1,6,2,47,8,2179,2,10,LAND ROVER RANGE ROVER EVOQUE,1,E01011134,0,1
2024302401694,2024,302401694,1,9,0,-1,19,3,7,-1,0,2,0,0,0,0,1,1,-1,6,2,34,6,2179,2,12,LAND ROVER RANGE ROVER EVOQUE,4,E01019458,0,2
2024311517209,2024,311517209,2,9,0,-1,10,2,8,-1,0,5,0,0,0,0,3,1,-1,9,1,62,9,1999,2,8,LAND ROVER RANGE ROVER EVOQUE,-1,-1,0,-1
2024610050324,2024,610050324,1,9,0,9,9,1,7,0,0,1,0,0,0,0,1,1,1,1,2,54,8,2179,2,11,LAND ROVER RANGE ROVER EVOQUE,7,W01001548,0,1
2024201484227,2024,201484227,2,9,0,-1,19,7,3,-1,0,8,0,0,0,0,4,9,-1,6,1,39,7,1999,2,8,LAND ROVER RANGE ROVER EVOQUE,1,E01008931,0,1
2024052401478,2024,052401478,2,9,0,18,19,3,7,0,0,0,0,0,0,0,3,1,6,6,2,40,7,1999,2,8,LAND ROVER RANGE ROVER EVOQUE,3,E01006815,0,1
2024991526810,2024,991526810,1,9,0,-1,13,4,8,-1,0,0,0,0,1,0,1,1,-1,2,1,54,8,1999,2,6,LAND ROVER RANGE ROVER EVOQUE,7,-1,0,4
2024010491753,2024,010491753,2,9,0,9,9,3,1,0,0,2,0,0,0,0,1,2,6,6,1,43,7,1999,2,8,LAND ROVER RANGE ROVER EVOQUE,2,E01003499,0,1
2024131413582,2024,131413582,1,9,0,-1,19,8,6,-1,0,0,1,0,0,0,1,1,-1,9,2,45,7,1498,8,0,LAND ROVER RANGE ROVER EVOQUE,3,E01011784,0,1
2024131520272,2024,131520272,2,9,0,-1,2,0,0,-1,0,0,0,0,0,0,1,1,-1,6,-1,-1,-1,1999,2,4,LAND ROVER RANGE ROVER EVOQUE,-1,-1,0,-1
2024461483032,2024,461483032,1,9,0,-1,14,3,7,-1,0,0,0,0,0,0,1,1,-1,6,1,53,8,1999,2,7,LAND ROVER RANGE ROVER EVOQUE,8,E01033610,0,2
2024991468494,2024,991468494,1,9,0,-1,19,3,7,-1,0,0,0,0,0,0,3,1,-1,6,2,58,9,1999,2,4,LAND ROVER RANGE ROVER EVOQUE,7,-1,0,4
2024010521266,2024,010521266,3,9,0,2,2,0,0,0,0,2,0,0,0,0,1,1,6,6,3,-1,-1,1498,8,2,LAND ROVER RANGE ROVER EVOQUE,-1,-1,0,-1
2024041496779,2024,041496779,3,9,0,-1,4,3,7,-1,0,0,0,0,0,0,1,1,-1,9,1,51,8,1997,1,4,LAND ROVER RANGE ROVER EVOQUE,9,E01000349,0,5
2024520403221,2024,520403221,1,9,0,17,19,8,6,0,0,2,0,0,0,0,3,1,6,6,2,64,9,2179,2,11,LAND ROVER RANGE ROVER EVOQUE,5,E01020517,0,3
2024340WN5032,2024,340WN5032,2,9,0,-1,4,7,3,-1,0,0,0,0,0,0,2,1,-1,2,2,50,8,1498,8,4,LAND ROVER RANGE ROVER EVOQUE,10,E01035420,0,1
2024440250788,2024,440250788,1,9,0,9,9,2,8,0,0,5,0,0,0,0,3,1,6,6,2,63,9,1999,2,8,LAND ROVER RANGE ROVER EVOQUE,7,E01022792,0,3
2024471464518,2024,471464518,1,9,0,-1,7,6,8,-1,0,1,0,0,1,0,1,2,-1,9,2,60,9,1999,2,7,LAND ROVER RANGE ROVER EVOQUE,4,E01020976,0,1
2024141464657,2024,141464657,2,9,0,-1,7,3,7,-1,0,8,0,0,0,0,1,1,-1,2,2,30,6,2179,2,10,LAND ROVER RANGE ROVER EVOQUE,4,E01008150,0,3
2024010534686,2024,010534686,1,9,0,5,5,5,1,0,0,1,0,0,0,0,1,1,6,6,1,61,9,1999,2,7,LAND ROVER RANGE ROVER EVOQUE,8,E01000347,0,1
2024501491738,2024,501491738,2,9,0,-1,5,3,7,-1,99,0,0,0,0,0,1,1,-1,6,2,41,7,1999,2,7,LAND ROVER RANGE ROVER EVOQUE,6,E01020161,0,1
2024991518023,2024,991518023,1,9,0,-1,19,2,6,-1,0,8,0,0,0,0,3,1,-1,9,2,61,9,2179,2,11,LAND ROVER RANGE ROVER EVOQUE,-1,-1,0,-1
2024421431703,2024,421431703,1,9,0,-1,19,5,8,-1,0,4,5,0,7,0,3,1,-1,6,1,18,4,1999,2,7,LAND ROVER RANGE ROVER EVOQUE,4,E01015948,0,3
2024340NN2372,2024,340NN2372,2,9,0,-1,19,3,7,-1,0,8,0,0,7,9,1,1,-1,9,2,41,7,2179,2,11,LAND ROVER RANGE ROVER EVOQUE,9,E01027084,0,2
2024401521626,2024,401521626,2,9,0,-1,19,1,5,-1,0,0,1,0,0,0,4,1,-1,6,1,40,7,1999,2,7,LAND ROVER RANGE ROVER EVOQUE,9,E01027936,0,5
2024471461210,2024,471461210,1,9,0,-1,19,7,3,-1,0,1,0,0,0,0,1,1,-1,2,2,36,7,1999,2,5,LAND ROVER RANGE ROVER EVOQUE,1,E01021015,0,1
2024430072677,2024,430072677,1,9,0,13,13,2,6,0,0,0,0,0,1,4,4,1,6,6,1,25,5,1999,2,9,LAND ROVER RANGE ROVER EVOQUE,-1,-1,0,-1
2024421463936,2024,421463936,2,9,0,-1,4,6,2,-1,0,1,0,0,0,0,2,1,-1,2,2,48,8,1999,2,6,LAND ROVER RANGE ROVER EVOQUE,10,E01021545,0,2
2024041412643,2024,041412643,2,9,0,-1,2,0,0,-1,0,0,0,0,0,0,1,1,-1,6,-1,-1,-1,1999,2,7,LAND ROVER RANGE ROVER EVOQUE,-1,-1,0,-1
2024061461909,2024,061461909,2,9,0,-1,19,3,7,-1,0,0,0,0,0,0,1,1,-1,6,2,26,6,1998,2,3,LAND ROVER RANGE ROVER EVOQUE,8,E01004835,0,1
2024991455116,2024,991455116,2,9,0,-1,8,7,1,-1,0,1,0,0,0,0,4,1,-1,2,2,40,7,1999,2,8,LAND ROVER RANGE ROVER EVOQUE,-1,-1,0,-1
2024161511406,2024,161511406,1,9,0,-1,19,3,7,-1,0,0,0,0,1,0,1,1,-1,9,2,31,6,1498,8,1,LAND ROVER RANGE ROVER EVOQUE,3,E01013133,0,3
2024401530761,2024,401530761,1,9,0,-1,19,3,7,-1,0,1,0,0,0,0,1,1,-1,9,2,35,6,2179,2,11,LAND ROVER RANGE ROVER EVOQUE,1,E01017471,0,1
2024041399337,2024,041399337,1,9,0,-1,9,3,1,-1,0,6,0,0,0,0,1,1,-1,9,2,28,6,2179,2,11,LAND ROVER RANGE ROVER EVOQUE,2,E01004772,0,3
2024141445542,2024,141445542,1,9,0,-1,2,0,0,-1,0,0,0,0,0,0,2,1,-1,7,2,27,6,2179,2,12,LAND ROVER RANGE ROVER EVOQUE,6,E01007835,0,1
2024010532144,2024,010532144,2,9,0,9,9,7,4,0,0,2,0,0,0,0,1,1,6,6,1,60,9,1498,8,0,LAND ROVER RANGE ROVER EVOQUE,-1,-1,0,-1
2024401500415,2024,401500415,2,9,0,-1,19,7,3,-1,0,0,0,0,1,0,1,1,-1,6,2,35,6,1997,1,2,LAND ROVER RANGE ROVER EVOQUE,7,E01034424,0,1
2024010526014,2024,010526014,1,9,0,9,9,5,3,0,0,6,0,0,0,0,4,1,2,2,1,34,6,1498,8,3,LAND ROVER RANGE ROVER EVOQUE,4,E01003554,0,1
2024411540790,2024,411540790,1,9,0,-1,7,5,7,-1,0,6,0,0,0,0,1,1,-1,6,2,74,10,1999,2,6,LAND ROVER RANGE ROVER EVOQUE,7,E01021801,0,2
2024122401154,2024,122401154,1,9,0,5,5,8,4,0,0,6,0,0,0,0,4,1,6,6,1,64,9,2179,2,10,LAND ROVER RANGE ROVER EVOQUE,10,E01011702,0,3
2024010513976,2024,010513976,2,9,0,7,7,9,9,99,99,9,9,99,9,99,1,9,6,6,3,-1,-1,1999,2,6,LAND ROVER RANGE ROVER EVOQUE,-1,-1,0,-1
2024061567658,2024,061567658,2,9,0,-1,19,4,8,-1,0,2,0,0,0,0,1,1,-1,9,1,43,7,1999,2,4,LAND ROVER RANGE ROVER EVOQUE,3,E01005161,0,1
2024340WN5582,2024,340WN5582,2,9,0,-1,19,1,5,-1,0,0,0,0,0,0,2,1,-1,1,1,50,8,2179,2,10,LAND ROVER RANGE ROVER EVOQUE,7,E01013126,0,5
2024010525475,2024,010525475,1,9,0,2,2,0,0,0,0,0,0,0,0,0,2,1,6,6,3,-1,-1,1999,2,8,LAND ROVER RANGE ROVER EVOQUE,-1,-1,0,-1
2024221445372,2024,221445372,1,9,0,-1,19,7,3,-1,0,8,0,0,0,0,1,9,-1,6,2,41,7,2179,2,12,LAND ROVER RANGE ROVER EVOQUE,5,E01035073,0,1
2024211504505,2024,211504505,2,9,0,-1,3,7,3,-1,0,1,0,0,0,0,2,9,-1,6,2,45,7,1999,2,7,LAND ROVER RANGE ROVER EVOQUE,4,E01029588,0,3
2024201501277,2024,201501277,1,9,0,-1,19,3,6,-1,0,8,0,0,0,0,1,1,-1,9,1,33,6,2179,2,11,LAND ROVER RANGE ROVER EVOQUE,1,E01010363,0,1
2024131466913,2024,131466913,1,9,0,-1,19,3,7,-1,0,1,0,0,0,0,1,1,-1,2,1,58,9,1999,2,7,LAND ROVER RANGE ROVER EVOQUE,9,E01011874,0,1
2024061502055,2024,061502055,2,9,0,-1,6,7,7,-1,0,0,0,0,0,0,3,9,-1,6,1,-1,-1,2179,2,11,LAND ROVER RANGE ROVER EVOQUE,3,E01033680,0,1
2024411522605,2024,411522605,1,9,0,-1,19,3,7,-1,0,6,0,0,0,0,3,1,-1,6,2,57,9,1999,1,7,LAND ROVER RANGE ROVER EVOQUE,9,E01016995,0,4
2024041437531,2024,041437531,2,9,0,-1,19,3,7,-1,0,0,0,0,0,0,2,1,-1,9,2,66,10,1999,2,5,LAND ROVER RANGE ROVER EVOQUE,6,E01025351,0,3
2024311535205,2024,311535205,2,9,0,-1,3,6,6,-1,0,0,0,0,0,0,2,1,-1,9,1,50,8,1498,8,1,LAND ROVER RANGE ROVER EVOQUE,-1,-1,0,-1
2024201514426,2024,201514426,1,9,0,-1,19,4,8,-1,0,8,0,0,0,0,1,1,-1,6,2,37,7,1999,2,5,LAND ROVER RANGE ROVER EVOQUE,1,E01010053,0,1
2024010547812,2024,010547812,1,9,0,18,19,1,5,0,0,8,0,0,0,0,1,1,6,6,2,36,7,1999,2,8,LAND ROVER RANGE ROVER EVOQUE,9,E01001567,0,1
2024131495515,2024,131495515,2,9,0,-1,19,1,1,-1,0,8,0,0,0,0,1,1,-1,6,2,52,8,1999,2,8,LAND ROVER RANGE ROVER EVOQUE,1,E01010838,0,1
2024010515555,2024,010515555,1,9,0,99,99,9,9,99,99,9,9,99,9,99,9,9,2,2,2,42,7,1999,2,9,LAND ROVER RANGE ROVER EVOQUE,5,E01001895,0,1
2024622400472,2024,622400472,2,9,0,4,4,4,8,0,0,0,0,0,0,0,2,1,6,6,1,65,9,1999,2,7,LAND ROVER RANGE ROVER EVOQUE,7,W01000474,0,4
2024371488296,2024,371488296,2,9,0,-1,4,-1,-1,-1,0,0,0,0,0,0,3,1,-1,9,2,36,7,1998,2,2,LAND ROVER RANGE ROVER EVOQUE,8,E01021411,0,4
2024311512238,2024,311512238,1,9,0,-1,7,3,7,-1,0,1,0,0,0,0,1,1,-1,6,2,38,7,2179,2,12,LAND ROVER RANGE ROVER EVOQUE,-1,-1,0,-1
2024421417177,2024,421417177,2,9,0,-1,3,3,1,-1,0,1,0,0,0,0,2,1,-1,9,2,51,8,2179,2,10,LAND ROVER RANGE ROVER EVOQUE,9,E01021731,0,2
2024520402589,2024,520402589,1,9,0,18,19,7,3,0,0,8,0,0,7,11,1,1,6,6,1,71,10,1999,2,6,LAND ROVER RANGE ROVER EVOQUE,7,E01029192,0,3
2024161448162,2024,161448162,1,9,0,-1,7,1,3,-1,0,2,0,0,3,0,3,1,-1,9,1,59,9,2179,2,11,LAND ROVER RANGE ROVER EVOQUE,3,E01012817,0,1
2024010540859,2024,010540859,2,9,0,99,99,9,9,99,99,9,9,99,9,99,1,9,6,6,3,-1,-1,1999,2,6,LAND ROVER RANGE ROVER EVOQUE,-1,-1,0,-1
2024371437186,2024,371437186,3,9,0,-1,2,1,5,-1,0,8,0,0,0,0,0,1,-1,6,1,53,8,2179,2,12,LAND ROVER RANGE ROVER EVOQUE,7,E01030184,0,1
2024010521039,2024,010521039,1,9,0,9,9,7,5,0,0,1,0,0,0,0,4,1,6,6,1,46,8,1999,2,8,LAND ROVER RANGE ROVER EVOQUE,3,E01001213,0,1
2024451400117,2024,451400117,1,9,0,-1,19,2,6,-1,0,3,0,0,0,0,1,1,-1,7,2,56,9,1999,2,7,LAND ROVER RANGE ROVER EVOQUE,8,E01030847,0,1
2024461484360,2024,461484360,1,9,0,-1,20,1,5,-1,0,0,0,0,0,0,1,1,-1,6,1,-1,-1,1999,2,8,LAND ROVER RANGE ROVER EVOQUE,-1,-1,0,-1
2024302400988,2024,302400988,2,9,0,4,4,1,5,0,0,0,0,0,0,0,1,1,6,6,1,52,8,1999,2,8,LAND ROVER RANGE ROVER EVOQUE,9,E01019446,0,1
2024010539386,2024,010539386,2,9,0,15,15,1,5,0,0,1,0,0,0,0,4,1,2,2,1,31,6,1997,1,4,LAND ROVER RANGE ROVER EVOQUE,-1,-1,0,-1
2024070878126,2024,070878126,2,9,0,-1,9,5,3,-1,0,6,1,0,-1,11,1,1,-1,9,2,52,8,1999,2,5,LAND ROVER RANGE ROVER EVOQUE,5,E01034677,0,1
2024320285288,2024,320285288,1,9,0,-1,-1,4,8,0,0,0,0,0,7,9,1,1,-1,-1,2,43,7,1998,2,3,LAND ROVER RANGE ROVER EVOQUE,7,E01026333,0,1
2024401415308,2024,401415308,1,9,0,-1,19,5,1,-1,0,0,5,11,8,2,1,1,-1,6,1,34,6,1999,2,7,LAND ROVER RANGE ROVER EVOQUE,2,E01017472,0,1
2024161466563,2024,161466563,1,9,0,-1,14,4,8,-1,0,1,0,0,0,0,4,1,-1,9,2,41,7,1999,2,7,LAND ROVER RANGE ROVER EVOQUE,1,E01013311,0,1
2024361514978,2024,361514978,2,9,0,-1,19,7,3,-1,0,1,0,0,7,1,1,1,-1,9,1,64,9,1999,2,4,LAND ROVER RANGE ROVER EVOQUE,9,E01026576,0,2
2024031448588,2024,031448588,1,9,0,-1,19,7,3,-1,0,4,0,0,0,0,1,1,-1,6,1,60,9,1999,2,4,LAND ROVER RANGE ROVER EVOQUE,4,E01019233,0,2
2024070488532,2024,070488532,1,9,0,18,19,2,6,0,0,0,0,0,0,0,4,1,6,6,1,-1,-1,1999,2,4,LAND ROVER RANGE ROVER EVOQUE,8,E01012435,0,1
2024451457122,2024,451457122,1,9,0,-1,19,7,3,-1,0,0,1,0,0,0,3,1,-1,2,2,45,7,1999,2,5,LAND ROVER RANGE ROVER EVOQUE,9,E01010332,0,5
2024610021624,2024,610021624,1,9,0,8,8,8,4,0,0,1,0,0,0,0,2,1,6,6,1,38,7,2179,2,9,LAND ROVER RANGE ROVER EVOQUE,10,W01001194,0,4
2024430194440,2024,430194440,1,9,0,18,19,4,8,0,0,0,5,0,1,4,1,1,2,2,1,40,7,1999,2,4,LAND ROVER RANGE ROVER EVOQUE,10,E01025896,0,5
2024161456556,2024,161456556,1,9,0,-1,19,5,1,-1,0,0,0,0,0,0,2,1,-1,9,2,47,8,1999,2,7,LAND ROVER RANGE ROVER EVOQUE,9,E01026061,0,1
2024122400310,2024,122400310,1,9,0,5,5,6,1,0,0,8,0,0,0,0,4,1,6,6,1,72,10,1999,2,8,LAND ROVER RANGE ROVER EVOQUE,9,E01013356,0,1
2024041439001,2024,041439001,1,9,0,-1,19,7,3,-1,0,1,0,4,0,0,3,1,-1,7,2,42,7,1998,2,3,LAND ROVER RANGE ROVER EVOQUE,5,E01025095,0,1
2024141516119,2024,141516119,1,9,0,-1,3,1,5,-1,0,0,0,0,0,0,2,1,-1,9,1,63,9,2179,2,10,LAND ROVER RANGE ROVER EVOQUE,3,E01011806,0,4
2024320632390,2024,320632390,1,9,0,-1,-1,7,3,0,0,6,0,0,0,0,1,1,6,6,2,46,8,1999,2,8,LAND ROVER RANGE ROVER EVOQUE,7,E01026147,0,4
2024221397226,2024,221397226,1,9,0,-1,19,8,4,-1,0,0,0,0,0,0,3,1,-1,6,1,54,8,1999,2,4,LAND ROVER RANGE ROVER EVOQUE,5,E01014059,0,1
2024211482459,2024,211482459,2,9,0,-1,2,0,0,-1,0,0,0,0,0,0,1,1,-1,6,2,31,6,1498,8,3,LAND ROVER RANGE ROVER EVOQUE,6,E01029467,0,4
2024201512121,2024,201512121,2,9,0,-1,19,1,5,-1,0,0,0,0,0,0,3,1,-1,1,2,31,6,2179,2,10,LAND ROVER RANGE ROVER EVOQUE,6,E01010123,0,1
2024451405718,2024,451405718,1,9,0,-1,1,1,5,-1,0,0,0,0,0,0,2,1,-1,9,1,51,8,1498,8,3,LAND ROVER RANGE ROVER EVOQUE,8,E01030916,0,2
2024010515101,2024,010515101,4,9,0,18,19,6,2,0,0,1,0,4,0,0,2,1,6,6,1,32,6,1999,2,5,LAND ROVER RANGE ROVER EVOQUE,7,E01034593,0,2