collision_index,collision_year,collision_ref_no,vehicle_reference,vehicle_type,towing_and_articulation,vehicle_manoeuvre_historic,vehicle_manoeuvre,vehicle_direction_from,vehicle_direction_to,vehicle_location_restricted_lane_historic,vehicle_location_restricted_lane,junction_location,skidding_and_overturning,hit_object_in_carriageway,vehicle_leaving_carriageway,hit_object_off_carriageway,first_point_of_impact,vehicle_left_hand_drive,journey_purpose_of_driver_historic,journey_purpose_of_driver,sex_of_driver,age_of_driver,age_band_of_driver,engine_capacity_cc,propulsion_code,age_of_vehicle,generic_make_model,driver_imd_decile,lsoa_of_driver,escooter_flag,driver_distance_banding
2024302400886,2024,302400886,2,9,0,4,4,4,8,0,0,0,2,0,7,0,1,1,3,7,2,39,7,1999,2,5,LAND ROVER RANGE ROVER EVOQUE,8,E01019854,0,1
2024302401140,2024,302401140,1,9,0,18,19,6,2,0,0,2,0,0,0,0,3,1,6,6,1,44,7,2179,2,9,LAND ROVER RANGE ROVER EVOQUE,2,E01019662,0,1
2024311419103,2024,311419103,2,9,0,-1,9,4,1,-1,0,1,0,0,0,0,1,1,-1,9,1,32,6,1999,2,7,LAND ROVER RANGE ROVER EVOQUE,-1,-1,0,-1
2024131462148,2024,131462148,1,9,0,-1,-1,-1,-1,-1,-1,-1,-1,-1,-1,-1,-1,1,-1,6,3,-1,-1,2179,2,12,LAND ROVER RANGE ROVER EVOQUE,-1,-1,0,-1
2024430186826,2024,430186826,1,9,0,18,19,2,6,0,0,0,0,0,0,0,4,1,3,7,2,27,6,1999,2,8,LAND ROVER RANGE ROVER EVOQUE,8,E01035250,0,1
2024430626480,2024,430626480,2,9,0,18,19,3,7,0,0,8,0,0,0,0,4,1,1,1,1,33,6,2179,2,12,LAND ROVER RANGE ROVER EVOQUE,3,E01022549,0,4
2024461484707,2024,461484707,2,9,0,-1,4,6,2,-1,0,0,0,0,0,0,2,1,-1,6,1,67,10,1999,2,7,LAND ROVER RANGE ROVER EVOQUE,7,E01016170,0,4
2024401432959,2024,401432959,1,9,0,-1,5,-1,-1,-1,0,0,0,0,0,0,3,9,-1,1,2,32,6,2179,2,12,LAND ROVER RANGE ROVER EVOQUE,3,E01017580,0,1
2024461423395,2024,461423395,2,9,0,-1,19,2,3,-1,0,0,0,0,0,0,1,1,-1,9,1,67,10,2179,2,9,LAND ROVER RANGE ROVER EVOQUE,5,E01024379,0,1
2024471475702,2024,471475702,1,9,0,-1,19,4,8,-1,0,0,0,0,0,0,1,1,-1,6,2,38,7,2179,2,12,LAND ROVER RANGE ROVER EVOQUE,7,E01021094,0,2
2024141513792,2024,141513792,2,9,0,-1,19,1,5,-1,0,0,0,0,0,0,3,9,-1,6,1,63,9,2179,2,11,LAND ROVER RANGE ROVER EVOQUE,6,E01007630,0,2
2024231564075,2024,231564075,2,9,0,-1,2,0,0,-1,0,0,0,0,2,0,2,1,-1,6,1,42,7,1999,2,4,LAND ROVER RANGE ROVER EVOQUE,3,E01015161,0,5
2024010510060,2024,010510060,1,9,0,18,19,7,3,0,0,1,0,0,0,0,1,1,2,2,1,62,9,1498,8,4,LAND ROVER RANGE ROVER EVOQUE,6,E01002223,0,2
2024101520005,2024,101520005,1,9,0,-1,19,7,3,-1,0,1,0,0,0,0,1,1,-1,6,2,40,7,1998,2,0,LAND ROVER RANGE ROVER EVOQUE,10,E01008547,0,3
2024361535940,2024,361535940,1,9,0,-1,19,-1,-1,-1,0,1,0,0,0,0,3,1,-1,6,1,45,7,2179,2,10,LAND ROVER RANGE ROVER EVOQUE,3,E01026792,0,1
2024440196486,2024,440196486,1,9,0,16,19,3,6,0,0,0,0,0,7,4,1,1,6,6,1,42,7,1999,2,8,LAND ROVER RANGE ROVER EVOQUE,3,E01017179,0,2
2024052400996,2024,052400996,1,9,0,18,19,1,5,0,0,1,0,0,0,0,1,1,6,6,2,26,6,1999,2,8,LAND ROVER RANGE ROVER EVOQUE,7,E01007245,0,2
2024520002090,2024,520002090,1,9,0,18,19,7,3,0,0,1,0,0,0,0,1,1,6,6,1,27,6,2179,2,10,LAND ROVER RANGE ROVER EVOQUE,4,E01014426,0,1
2024351519997,2024,351519997,2,9,0,-1,2,0,0,-1,0,1,0,0,1,0,3,1,-1,6,-1,-1,-1,1999,2,8,LAND ROVER RANGE ROVER EVOQUE,-1,-1,0,-1
2024430219856,2024,430219856,1,9,0,5,5,5,1,0,0,0,0,0,0,0,1,1,6,6,2,21,5,1999,2,8,LAND ROVER RANGE ROVER EVOQUE,-1,-1,0,-1
2024340NN2742,2024,340NN2742,1,9,0,-1,19,5,1,-1,0,8,0,0,0,0,0,1,-1,6,1,60,9,2179,2,12,LAND ROVER RANGE ROVER EVOQUE,3,E01027038,0,2
2024010547086,2024,010547086,2,9,0,99,99,9,9,99,99,0,9,99,9,99,2,9,6,6,3,-1,-1,1999,2,6,LAND ROVER RANGE ROVER EVOQUE,9,E01002916,0,1
2024041402325,2024,041402325,2,9,0,-1,13,4,8,-1,0,0,0,0,0,0,1,1,-1,2,2,56,9,1999,2,9,LAND ROVER RANGE ROVER EVOQUE,9,E01025256,0,1
2024061481158,2024,061481158,2,9,0,-1,13,3,7,-1,0,3,0,0,0,0,1,1,-1,6,3,-1,-1,2179,2,11,LAND ROVER RANGE ROVER EVOQUE,-1,-1,0,-1
2024440141711,2024,440141711,1,9,0,3,3,7,3,0,0,2,0,0,0,0,2,1,6,6,2,56,9,1999,2,6,LAND ROVER RANGE ROVER EVOQUE,7,E01022997,0,3
202460Q104858,2024,60Q104858,1,9,0,18,19,7,3,0,0,1,0,0,0,0,3,1,6,6,3,-1,-1,1997,1,5,LAND ROVER RANGE ROVER EVOQUE,-1,-1,0,-1
2024552400227,2024,552400227,1,9,0,15,15,6,2,0,0,0,0,0,0,0,1,1,6,6,2,74,10,1999,2,5,LAND ROVER RANGE ROVER EVOQUE,4,E01020320,0,5
2024201443307,2024,201443307,2,9,0,-1,3,6,2,-1,0,0,0,10,0,0,2,9,-1,2,2,62,9,1998,2,0,LAND ROVER RANGE ROVER EVOQUE,4,E01010000,0,3
2024361528988,2024,361528988,2,9,0,-1,19,1,5,-1,0,0,0,0,1,0,2,1,-1,6,1,36,7,2179,2,12,LAND ROVER RANGE ROVER EVOQUE,4,E01026628,0,3
2024311525790,2024,311525790,2,9,0,-1,4,1,1,-1,0,0,0,0,0,0,3,1,-1,9,1,47,8,2179,2,12,LAND ROVER RANGE ROVER EVOQUE,2,E01013899,0,3
2024201448689,2024,201448689,2,9,0,-1,2,0,0,-1,0,0,0,0,0,0,2,1,-1,6,1,57,9,1999,2,9,LAND ROVER RANGE ROVER EVOQUE,3,E01009655,0,1
2024991410392,2024,991410392,2,9,0,-1,19,4,8,-1,0,0,0,0,0,0,2,1,-1,9,1,26,6,1999,2,5,LAND ROVER RANGE ROVER EVOQUE,10,-1,0,4
2024320630087,2024,320630087,1,9,0,-1,-1,8,4,0,0,0,5,0,7,8,1,1,6,6,2,53,8,1999,2,6,LAND ROVER RANGE ROVER EVOQUE,-1,-1,0,-1
2024010534773,2024,010534773,2,9,0,9,9,1,7,0,0,8,0,0,0,0,3,1,2,2,2,62,9,2179,2,12,LAND ROVER RANGE ROVER EVOQUE,2,E01004249,0,1
2024201446055,2024,201446055,2,9,0,-1,19,4,2,-1,0,8,0,0,0,0,4,1,-1,9,1,71,10,1999,2,7,LAND ROVER RANGE ROVER EVOQUE,2,E01009874,0,1
2024461476885,2024,461476885,1,9,0,-1,19,1,5,-1,0,8,0,0,0,0,1,1,-1,9,2,27,6,1999,2,5,LAND ROVER RANGE ROVER EVOQUE,2,E01003239,0,3
2024111467740,2024,111467740,1,9,0,-1,19,1,4,-1,0,4,0,0,0,0,1,1,-1,6,1,52,8,1999,2,7,LAND ROVER RANGE ROVER EVOQUE,6,E01035183,0,1
2024302401751,2024,302401751,2,9,9,-1,99,1,5,-1,0,0,9,99,9,99,9,1,-1,6,2,46,8,2179,2,9,LAND ROVER RANGE ROVER EVOQUE,6,E01019421,0,2
2024421407046,2024,421407046,1,9,0,-1,19,3,7,-1,0,0,0,0,0,0,4,9,-1,6,2,56,9,1999,2,4,LAND ROVER RANGE ROVER EVOQUE,7,E01002360,0,2
2024010514499,2024,010514499,2,9,0,18,19,1,5,99,99,9,9,99,0,0,1,1,6,6,3,-1,-1,1998,2,3,LAND ROVER RANGE ROVER EVOQUE,-1,-1,0,-1
2024430404597,2024,430404597,1,9,0,18,19,2,6,0,0,0,0,0,1,0,1,1,6,6,2,50,8,1998,2,3,LAND ROVER RANGE ROVER EVOQUE,-1,-1,0,-1
2024547961824,2024,547961824,1,9,0,4,4,1,5,0,0,1,0,0,0,0,1,1,6,6,1,35,6,2179,2,13,LAND ROVER RANGE ROVER EVOQUE,5,E01015571,0,3
2024010537043,2024,010537043,1,9,0,1,1,7,3,0,0,1,0,0,0,0,2,1,6,6,2,35,6,1999,2,5,LAND ROVER RANGE ROVER EVOQUE,4,E01001909,0,1
2024010526488,2024,010526488,1,9,0,99,99,9,9,99,99,9,9,99,9,99,2,9,6,6,2,28,6,1998,2,2,LAND ROVER RANGE ROVER EVOQUE,7,E01001049,0,2
2024361444401,2024,361444401,1,9,0,-1,7,5,1,-1,0,1,0,0,0,0,4,1,-1,6,2,47,8,1999,2,8,LAND ROVER RANGE ROVER EVOQUE,7,E01026588,0,2
2024070162140,2024,070162140,3,9,0,3,3,7,3,0,0,1,0,0,0,0,2,1,6,6,2,25,5,1999,2,5,LAND ROVER RANGE ROVER EVOQUE,10,E01033375,0,2
2024440546936,2024,440546936,2,9,0,5,5,2,6,0,0,2,0,0,0,0,3,1,6,6,1,74,10,1999,2,9,LAND ROVER RANGE ROVER EVOQUE,7,E01023159,0,3
2024471409779,2024,471409779,1,9,0,-1,19,1,5,-1,0,0,0,0,1,0,1,1,-1,9,1,53,8,1999,2,8,LAND ROVER RANGE ROVER EVOQUE,7,E01031543,0,3
2024101416534,2024,101416534,1,9,0,-1,3,5,1,-1,0,0,0,0,0,0,1,1,-1,6,1,61,9,1999,2,6,LAND ROVER RANGE ROVER EVOQUE,5,E01008686,0,1
2024451444208,2024,451444208,2,9,0,-1,9,4,5,-1,0,1,0,0,0,0,3,1,-1,6,2,50,8,1498,8,2,LAND ROVER RANGE ROVER EVOQUE,7,E01030838,0,1
2024010488603,2024,010488603,1,9,0,14,14,4,8,0,0,0,1,0,0,0,2,1,6,6,3,-1,-1,1999,2,9,LAND ROVER RANGE ROVER EVOQUE,-1,-1,0,-1
2024461420414,2024,461420414,1,9,0,-1,11,8,4,-1,-1,0,0,4,1,0,1,1,-1,2,1,36,7,2179,2,12,LAND ROVER RANGE ROVER EVOQUE,7,E01030592,0,4
2024010524074,2024,010524074,3,9,0,2,2,0,0,0,0,8,0,0,0,0,3,1,6,6,3,-1,-1,1999,2,7,LAND ROVER RANGE ROVER EVOQUE,-1,-1,0,-1
2024010501609,2024,010501609,2,9,0,99,99,9,9,99,99,9,9,99,9,99,1,9,6,6,3,-1,-1,1999,2,4,LAND ROVER RANGE ROVER EVOQUE,-1,-1,0,-1
2024010539247,2024,010539247,1,9,0,99,99,9,9,99,99,9,9,99,9,99,2,9,6,6,1,33,6,1997,1,6,LAND ROVER RANGE ROVER EVOQUE,9,E01002210,0,3
2024421415597,2024,421415597,2,9,0,-1,19,5,3,-1,0,8,0,0,0,0,1,1,-1,2,2,33,6,2179,2,12,LAND ROVER RANGE ROVER EVOQUE,3,E01021638,0,2
2024010501898,2024,010501898,1,9,0,18,19,1,5,0,0,8,0,0,0,0,4,1,1,1,2,32,6,1498,8,1,LAND ROVER RANGE ROVER EVOQUE,4,E01001501,0,3
2024340WN0422,2024,340WN0422,1,9,0,-1,12,2,6,-1,0,6,0,0,0,0,4,1,-1,6,1,50,8,2179,2,10,LAND ROVER RANGE ROVER EVOQUE,8,E01027164,0,2
2024201400912,2024,201400912,2,9,0,-1,19,4,8,-1,0,8,0,0,0,0,2,1,-1,6,2,32,6,1999,2,8,LAND ROVER RANGE ROVER EVOQUE,5,E01009008,0,2
2024401433372,2024,401433372,2,9,0,-1,9,2,8,-1,0,1,0,0,0,0,1,1,-1,1,1,52,8,2179,2,12,LAND ROVER RANGE ROVER EVOQUE,7,E01016728,0,3
2024361472099,2024,361472099,2,9,0,-1,19,7,3,-1,0,8,0,0,0,0,4,1,-1,6,2,55,8,1999,2,5,LAND ROVER RANGE ROVER EVOQUE,5,E01026501,0,2
2024010505506,2024,010505506,3,9,0,18,19,1,5,0,0,2,0,0,0,0,1,1,6,6,2,36,7,1999,2,7,LAND ROVER RANGE ROVER EVOQUE,2,E01000368,0,2
2024061491836,2024,061491836,2,9,0,-1,7,-1,-1,-1,0,1,0,0,0,0,3,1,-1,6,3,-1,-1,1998,2,2,LAND ROVER RANGE ROVER EVOQUE,-1,-1,0,-1
2024101464191,2024,101464191,2,9,0,-1,19,2,6,-1,0,8,0,0,0,0,2,1,-1,6,2,62,9,1999,2,9,LAND ROVER RANGE ROVER EVOQUE,5,E01027517,0,1
2024010506573,2024,010506573,1,9,0,99,99,9,9,99,99,9,9,99,9,99,9,9,6,6,1,54,8,1999,1,11,LAND ROVER RANGE ROVER EVOQUE,8,E01002328,0,1
2024531521851,2024,531521851,3,9,0,-1,2,0,0,-1,0,0,0,0,0,0,3,1,-1,6,-1,-1,-1,1999,2,8,LAND ROVER RANGE ROVER EVOQUE,-1,-1,0,-1
2024471491093,2024,471491093,2,9,0,-1,19,5,1,-1,0,1,0,0,0,0,1,9,-1,6,2,79,11,1999,2,7,LAND ROVER RANGE ROVER EVOQUE,5,E01021109,0,3
2024631497148,2024,631497148,1,9,0,-1,19,8,4,-1,0,2,0,0,0,0,4,1,-1,6,2,-1,-1,1498,8,0,LAND ROVER RANGE ROVER EVOQUE,-1,-1,0,-1
2024542600024,2024,542600024,2,9,0,18,19,6,2,0,0,0,0,0,0,0,3,1,6,6,2,58,9,2179,2,10,LAND ROVER RANGE ROVER EVOQUE,5,E01031991,0,1
2024131524036,2024,131524036,1,9,0,-1,19,5,1,-1,0,0,1,0,0,0,1,1,-1,9,2,31,6,1999,2,5,LAND ROVER RANGE ROVER EVOQUE,3,E01007646,0,4
2024131468140,2024,131468140,2,9,0,-1,6,3,7,-1,0,0,0,0,0,0,3,1,-1,9,2,52,8,2179,2,9,LAND ROVER RANGE ROVER EVOQUE,3,E01010657,0,1
2024371482686,2024,371482686,1,9,0,-1,19,5,1,-1,0,0,0,0,1,0,1,1,-1,6,1,22,5,2179,2,10,LAND ROVER RANGE ROVER EVOQUE,2,E01026630,0,2
2024421489569,2024,421489569,2,9,0,-1,4,1,5,-1,0,0,0,0,0,0,3,1,-1,6,1,49,8,2179,2,12,LAND ROVER RANGE ROVER EVOQUE,-1,-1,0,-1
2024440514318,2024,440514318,1,9,0,13,13,6,2,0,0,0,2,0,1,4,1,1,2,2,2,58,9,2179,2,9,LAND ROVER RANGE ROVER EVOQUE,10,E01022471,0,1
2024010501938,2024,010501938,2,9,9,99,99,9,9,99,99,0,9,99,9,99,9,9,6,6,3,44,7,1999,2,4,LAND ROVER RANGE ROVER EVOQUE,2,E01034175,0,2
2024052401357,2024,052401357,1,9,0,7,7,3,7,0,0,8,0,0,0,0,4,1,6,6,2,52,8,1999,2,4,LAND ROVER RANGE ROVER EVOQUE,6,E01007076,0,1
2024101403244,2024,101403244,2,9,0,-1,19,5,1,-1,0,0,0,0,0,0,0,1,-1,6,2,26,6,2179,2,11,LAND ROVER RANGE ROVER EVOQUE,10,E01013092,0,5
2024471399353,2024,471399353,2,9,0,-1,19,5,1,-1,0,2,2,0,2,0,3,1,-1,6,1,50,8,1999,1,12,LAND ROVER RANGE ROVER EVOQUE,9,E01031706,0,1
2024411435554,2024,411435554,2,9,0,-1,19,3,7,-1,0,0,0,0,0,0,3,9,-1,9,2,25,5,1999,2,5,LAND ROVER RANGE ROVER EVOQUE,8,E01023385,0,3
2024501510080,2024,501510080,2,9,0,-1,5,2,6,-1,0,6,0,0,1,1,2,1,-1,9,2,62,9,1999,2,5,LAND ROVER RANGE ROVER EVOQUE,7,E01020244,0,2
2024010546398,2024,010546398,1,9,0,9,9,5,2,0,0,1,0,0,0,0,3,1,6,6,2,36,7,1997,1,4,LAND ROVER RANGE ROVER EVOQUE,6,E01002875,0,1
2024041488134,2024,041488134,2,9,0,-1,19,3,7,-1,0,8,0,0,0,0,1,1,-1,9,2,62,9,1998,2,2,LAND ROVER RANGE ROVER EVOQUE,8,E01032485,0,4
2024552401059,2024,552401059,2,9,0,2,2,0,0,0,0,8,0,0,0,0,3,1,6,6,2,58,9,1498,8,3,LAND ROVER RANGE ROVER EVOQUE,8,E01015272,0,1
2024440449443,2024,440449443,2,9,0,18,19,2,6,0,0,7,0,0,0,0,2,1,6,6,1,55,8,1999,2,7,LAND ROVER RANGE ROVER EVOQUE,3,E01032751,0,3
2024421520732,2024,421520732,2,9,0,-1,19,3,7,-1,0,3,0,0,0,0,1,1,-1,6,2,40,7,1999,2,6,LAND ROVER RANGE ROVER EVOQUE,8,E01015965,0,2
2024131497806,2024,131497806,4,9,0,-1,19,3,6,-1,0,0,0,0,0,0,2,1,-1,6,1,33,6,1999,2,7,LAND ROVER RANGE ROVER EVOQUE,2,E01011814,0,1
2024041498813,2024,041498813,2,9,0,-1,2,3,7,-1,0,1,0,0,0,0,2,1,-1,9,2,51,8,1999,2,4,LAND ROVER RANGE ROVER EVOQUE,6,E01025144,0,1
2024221417996,2024,221417996,1,9,0,-1,9,6,4,-1,0,6,0,0,0,0,1,1,-1,9,2,43,7,1998,2,2,LAND ROVER RANGE ROVER EVOQUE,9,E01030861,0,5
2024141522663,2024,141522663,2,9,0,-1,19,4,8,-1,0,2,0,0,0,0,1,1,-1,9,1,40,7,2179,2,11,LAND ROVER RANGE ROVER EVOQUE,3,E01007903,0,1
2024622400234,2024,622400234,2,9,0,18,19,6,2,0,0,0,0,0,0,0,1,1,6,6,1,65,9,2179,2,9,LAND ROVER RANGE ROVER EVOQUE,4,W01001290,0,1
2024461484120,2024,461484120,1,9,0,-1,19,5,1,-1,0,0,0,0,0,0,1,9,-1,6,1,43,7,2179,2,12,LAND ROVER RANGE ROVER EVOQUE,2,E01024091,0,1
2024320474781,2024,320474781,3,9,0,-1,-1,2,6,0,0,0,0,0,0,0,1,1,6,6,2,40,7,2179,2,12,LAND ROVER RANGE ROVER EVOQUE,3,E01026060,0,1
2024471521923,2024,471521923,1,9,0,-1,19,1,5,-1,0,8,0,0,0,0,3,2,-1,9,2,72,10,1999,2,6,LAND ROVER RANGE ROVER EVOQUE,10,E01031690,0,1
2024471480114,2024,471480114,3,9,0,-1,3,7,3,-1,0,0,0,0,0,0,3,1,-1,6,2,48,8,1498,8,4,LAND ROVER RANGE ROVER EVOQUE,8,E01031815,0,1
2024070125710,2024,070125710,3,9,0,18,19,1,5,0,0,0,0,0,0,0,2,1,6,6,2,42,7,1998,2,2,LAND ROVER RANGE ROVER EVOQUE,-1,-1,0,-1
2024052402174,2024,052402174,1,9,0,18,19,7,3,0,0,8,0,0,0,0,4,1,6,6,2,46,8,1999,2,5,LAND ROVER RANGE ROVER EVOQUE,1,E01006739,0,1
2024522401930,2024,522401930,1,9,0,9,9,3,1,0,0,8,0,0,0,0,1,1,6,6,1,52,8,2179,2,9,LAND ROVER RANGE ROVER EVOQUE,6,E01014846,0,1
2024401466718,2024,401466718,1,9,0,-1,8,1,4,-1,0,0,0,0,0,0,4,1,-1,6,2,58,9,1999,2,6,LAND ROVER RANGE ROVER EVOQUE,7,E01015770,0,1
2024991445355,2024,991445355,2,9,0,-1,19,1,4,-1,0,0,0,0,0,0,1,2,-1,9,1,61,9,1999,2,6,LAND ROVER RANGE ROVER EVOQUE,10,-1,0,5
2024201501084,2024,201501084,1,9,0,-1,19,8,4,-1,0,1,0,0,0,0,1,9,-1,6,2,60,9,1999,2,6,LAND ROVER RANGE ROVER EVOQUE,1,E01010478,0,1
2024991453395,2024,991453395,1,9,0,-1,19,1,5,-1,0,1,0,0,0,0,1,1,-1,6,3,20,4,2179,2,12,LAND ROVER RANGE ROVER EVOQUE,-1,-1,0,-1
2024231454757,2024,231454757,2,9,0,-1,19,5,1,-1,0,8,0,0,0,0,1,1,-1,9,2,28,6,1498,8,0,LAND ROVER RANGE ROVER EVOQUE,8,E01031196,0,2
2024520403263,2024,520403263,2,9,0,18,19,7,3,0,0,8,0,0,0,0,3,1,6,6,2,33,6,2179,2,9,LAND ROVER RANGE ROVER EVOQUE,6,E01029059,0,1
2024070686085,2024,070686085,1,9,0,-1,-1,7,2,0,0,4,0,0,0,0,1,1,6,6,2,40,7,1999,2,7,LAND ROVER RANGE ROVER EVOQUE,2,E01018523,0,1
2024010521298,2024,010521298,2,9,0,16,19,5,1,0,0,8,0,0,0,0,1,1,6,6,1,29,6,1999,2,6,LAND ROVER RANGE ROVER EVOQUE,7,E01003270,0,3
2024440173959,2024,440173959,2,9,0,18,19,4,8,0,0,8,0,0,0,0,1,1,6,6,2,33,6,2179,2,11,LAND ROVER RANGE ROVER EVOQUE,4,E01017198,0,1
2024552400768,2024,552400768,4,9,0,3,3,2,6,0,0,0,0,0,0,0,2,1,6,6,2,45,7,1999,2,6,LAND ROVER RANGE ROVER EVOQUE,10,E01023072,0,4
2024141504000,2024,141504000,2,9,0,-1,19,7,3,-1,0,1,0,0,0,0,1,1,-1,6,3,-1,-1,1999,2,6,LAND ROVER RANGE ROVER EVOQUE,6,E01011182,0,1
2024311394921,2024,311394921,1,9,0,-1,4,7,3,-1,0,0,0,0,0,0,2,1,-1,6,1,39,7,1999,2,6,LAND ROVER RANGE ROVER EVOQUE,8,E01028327,0,3
2024311481310,2024,311481310,2,9,0,-1,9,1,7,-1,0,1,0,0,0,0,4,1,-1,6,2,27,6,2179,2,12,LAND ROVER RANGE ROVER EVOQUE,7,E01019513,0,1
2024010538471,2024,010538471,1,9,0,-1,-1,1,5,0,0,1,0,0,0,0,4,1,6,6,2,75,10,1997,1,0,LAND ROVER RANGE ROVER EVOQUE,7,E01035713,0,1
2024411410129,2024,411410129,1,9,0,-1,19,3,5,-1,0,3,0,0,0,0,1,1,-1,6,1,64,9,1997,1,4,LAND ROVER RANGE ROVER EVOQUE,10,E01023368,0,2
2024631440834,2024,631440834,2,9,0,-1,4,2,6,-1,0,0,0,0,0,0,2,1,-1,9,1,62,9,1999,2,5,LAND ROVER RANGE ROVER EVOQUE,5,E01014018,0,4
2024010523194,2024,010523194,2,9,0,9,9,1,6,0,0,1,0,0,0,0,1,1,6,6,2,54,8,1999,2,7,LAND ROVER RANGE ROVER EVOQUE,4,E01018077,0,5
2024440429927,2024,440429927,2,9,0,16,19,1,5,0,0,0,0,0,0,0,1,1,6,6,1,-1,-1,1999,2,8,LAND ROVER RANGE ROVER EVOQUE,-1,-1,0,-1
2024302401255,2024,302401255,2,9,0,2,2,0,0,0,0,1,0,0,0,0,2,1,6,6,3,-1,-1,2179,2,11,LAND ROVER RANGE ROVER EVOQUE,-1,-1,0,-1
2024141521568,2024,141521568,2,9,0,-1,5,2,3,-1,0,6,5,0,0,0,1,1,-1,2,2,62,9,2179,2,10,LAND ROVER RANGE ROVER EVOQUE,1,E01008054,0,1
2024311459008,2024,311459008,2,9,0,-1,19,7,3,-1,0,0,0,10,8,1,1,1,-1,9,1,36,7,2179,2,10,LAND ROVER RANGE ROVER EVOQUE,1,E01013811,0,1
2024311516009,2024,311516009,1,9,5,-1,19,3,6,-1,0,4,5,9,1,0,1,1,-1,6,1,36,7,1999,2,7,LAND ROVER RANGE ROVER EVOQUE,1,E01013841,0,2
2024010544383,2024,010544383,1,9,0,18,19,7,3,0,0,0,0,0,0,0,3,1,6,6,2,30,6,1999,2,7,LAND ROVER RANGE ROVER EVOQUE,-1,-1,0,-1
2024501438534,2024,501438534,2,9,0,-1,19,3,7,-1,0,1,0,0,0,0,1,1,-1,9,1,31,6,1498,8,1,LAND ROVER RANGE ROVER EVOQUE,-1,-1,0,-1
2024010517679,2024,010517679,1,9,0,18,19,1,5,0,0,0,0,4,0,0,4,1,6,6,2,29,6,1999,2,7,LAND ROVER RANGE ROVER EVOQUE,2,E01003576,0,2
2024320254538,2024,320254538,3,9,0,7,7,5,7,0,0,5,0,0,0,0,0,1,-1,-1,2,25,5,2179,2,9,LAND ROVER RANGE ROVER EVOQUE,7,E01026193,0,4
2024401412342,2024,401412342,1,9,0,-1,19,7,3,-1,0,0,0,11,7,11,1,1,-1,6,3,-1,-1,1999,2,7,LAND ROVER RANGE ROVER EVOQUE,-1,-1,0,-1
2024411418415,2024,411418415,1,9,0,-1,19,8,4,-1,0,0,0,0,7,10,4,1,-1,2,2,56,9,2179,2,12,LAND ROVER RANGE ROVER EVOQUE,8,E01023485,0,1
2024361399172,2024,361399172,1,9,0,-1,4,7,4,-1,0,1,0,0,0,0,1,1,-1,2,1,58,9,1498,8,1,LAND ROVER RANGE ROVER EVOQUE,6,E01026722,0,1
2024501439355,2024,501439355,2,9,0,-1,19,7,3,-1,0,0,0,0,0,0,1,1,-1,6,2,29,6,1999,2,4,LAND ROVER RANGE ROVER EVOQUE,4,E01015031,0,1
2024622400221,2024,622400221,1,9,0,9,9,6,3,0,0,5,0,0,0,0,4,1,6,6,1,50,8,1498,8,4,LAND ROVER RANGE ROVER EVOQUE,2,W01001711,0,1
2024131406990,2024,131406990,2,9,0,-1,8,5,8,-1,0,0,0,0,0,0,2,1,-1,2,2,46,8,1999,2,8,LAND ROVER RANGE ROVER EVOQUE,7,E01005330,0,4
2024471481909,2024,471481909,1,9,0,-1,19,3,7,-1,0,0,0,0,0,0,1,1,-1,9,2,75,10,2179,2,9,LAND ROVER RANGE ROVER EVOQUE,6,E01031508,0,1
2024340WN2382,2024,340WN2382,2,9,0,-1,11,5,1,-1,0,5,0,0,0,0,2,1,-1,9,2,49,8,1999,2,4,LAND ROVER RANGE ROVER EVOQUE,2,E01034455,0,4
2024411462607,2024,411462607,1,9,0,-1,-1,-1,-1,-1,-1,0,-1,-1,-1,0,1,9,-1,6,1,-1,-1,2179,2,9,LAND ROVER RANGE ROVER EVOQUE,-1,-1,0,-1
2024411490643,2024,411490643,1,9,0,-1,19,1,3,-1,0,0,0,0,0,0,1,1,-1,1,2,61,9,1498,8,3,LAND ROVER RANGE ROVER EVOQUE,5,W01000971,0,5
2024440125860,2024,440125860,1,9,0,18,19,7,3,0,0,1,0,0,0,0,1,1,6,6,1,-1,-1,1999,2,8,LAND ROVER RANGE ROVER EVOQUE,4,E01031859,0,2
2024501492780,2024,501492780,2,9,0,-1,19,6,2,-1,0,1,0,0,0,0,1,1,-1,6,2,42,7,2179,2,10,LAND ROVER RANGE ROVER EVOQUE,9,E01018848,0,1
2024141465075,2024,141465075,1,9,0,-1,19,2,6,-1,0,0,1,4,0,0,4,1,-1,9,2,58,9,2179,2,10,LAND ROVER RANGE ROVER EVOQUE,3,E01007632,0,1
2024351507419,2024,351507419,2,9,0,-1,19,5,1,-1,0,0,0,0,0,0,1,1,-1,6,2,32,6,1999,2,8,LAND ROVER RANGE ROVER EVOQUE,6,E01035553,0,1