collision_index,collision_year,collision_ref_no,vehicle_reference,vehicle_type,towing_and_articulation,vehicle_manoeuvre_historic,vehicle_manoeuvre,vehicle_direction_from,vehicle_direction_to,vehicle_location_restricted_lane_historic,vehicle_location_restricted_lane,junction_location,skidding_and_overturning,hit_object_in_carriageway,vehicle_leaving_carriageway,hit_object_off_carriageway,first_point_of_impact,vehicle_left_hand_drive,journey_purpose_of_driver_historic,journey_purpose_of_driver,sex_of_driver,age_of_driver,age_band_of_driver,engine_capacity_cc,propulsion_code,age_of_vehicle,generic_make_model,driver_imd_decile,lsoa_of_driver,escooter_flag,driver_distance_banding
2024451466630,2024,451466630,2,9,0,-1,19,5,1,-1,0,1,0,0,0,0,2,1,-1,9,1,48,8,2179,2,10,LAND ROVER RANGE ROVER EVOQUE,5,E01030579,0,1
2024332400601,2024,332400601,2,9,0,-1,9,3,1,-1,0,6,0,0,0,0,0,1,-1,6,1,68,10,1999,2,7,LAND ROVER RANGE ROVER EVOQUE,8,E01025684,0,1
2024010542851,2024,010542851,1,9,0,18,19,3,7,0,0,2,0,0,0,0,1,1,6,6,2,75,10,1498,8,1,LAND ROVER RANGE ROVER EVOQUE,-1,-1,0,-1
2024101512938,2024,101512938,2,9,0,-1,4,3,7,-1,0,0,0,0,0,0,2,1,-1,6,2,35,6,1999,2,5,LAND ROVER RANGE ROVER EVOQUE,8,E01027549,0,3
2024010545012,2024,010545012,1,9,0,99,99,9,9,99,99,9,9,99,9,99,9,9,6,6,2,31,6,1999,2,4,LAND ROVER RANGE ROVER EVOQUE,3,E01003235,0,1
2024211426917,2024,211426917,3,9,0,-1,19,1,5,-1,0,0,0,0,0,0,1,9,-1,6,-1,-1,-1,2179,2,12,LAND ROVER RANGE ROVER EVOQUE,-1,-1,0,-1
2024211523566,2024,211523566,2,9,0,-1,4,4,2,-1,0,0,0,0,0,0,2,1,-1,6,2,35,6,2179,2,10,LAND ROVER RANGE ROVER EVOQUE,-1,-1,0,-1
2024052401750,2024,052401750,1,9,0,18,19,5,1,0,0,0,0,0,0,0,1,1,6,6,1,47,8,1999,2,7,LAND ROVER RANGE ROVER EVOQUE,2,E01006832,0,1
2024211475057,2024,211475057,1,9,0,-1,14,2,6,-1,0,0,0,0,0,0,1,1,-1,6,2,-1,-1,2179,2,12,LAND ROVER RANGE ROVER EVOQUE,6,E01029569,0,1
2024131478758,2024,131478758,1,9,0,-1,19,1,5,-1,0,1,0,0,0,0,1,1,-1,9,1,41,7,1999,2,7,LAND ROVER RANGE ROVER EVOQUE,6,E01011416,0,2
2024522401530,2024,522401530,1,9,0,18,19,7,3,0,0,8,0,0,0,0,1,1,6,6,1,36,7,2179,2,12,LAND ROVER RANGE ROVER EVOQUE,1,E01014663,0,1
2024201495914,2024,201495914,1,9,0,-1,7,4,1,-1,0,5,0,0,0,0,4,1,-1,6,2,60,9,1999,2,8,LAND ROVER RANGE ROVER EVOQUE,1,E01009124,0,1
2024131428737,2024,131428737,1,9,0,-1,9,8,4,-1,0,1,0,0,0,0,1,1,-1,9,1,47,8,2179,2,10,LAND ROVER RANGE ROVER EVOQUE,2,E01011061,0,2
2024332400920,2024,332400920,2,9,0,-1,9,5,3,-1,0,6,0,0,0,0,3,1,-1,9,2,62,9,1999,2,5,LAND ROVER RANGE ROVER EVOQUE,8,E01025873,0,3
2024010490571,2024,010490571,2,9,0,99,99,9,9,99,99,9,9,99,9,99,1,9,6,6,3,46,8,1999,2,8,LAND ROVER RANGE ROVER EVOQUE,8,E01030571,0,4
2024461460688,2024,461460688,1,9,0,-1,19,3,3,-1,0,0,2,0,0,0,1,9,-1,9,2,69,10,2179,2,12,LAND ROVER RANGE ROVER EVOQUE,5,E01024201,0,2
2024311514566,2024,311514566,2,9,0,-1,19,6,2,-1,0,8,0,0,0,0,1,1,-1,9,1,31,6,2179,2,9,LAND ROVER RANGE ROVER EVOQUE,-1,-1,0,-1
2024552400750,2024,552400750,2,9,0,18,19,5,1,0,0,8,0,0,7,1,4,1,6,6,2,42,7,1498,8,1,LAND ROVER RANGE ROVER EVOQUE,4,E01033241,0,1
2024061516475,2024,061516475,1,9,0,-1,19,-1,-1,-1,99,0,0,99,0,0,3,1,-1,9,2,42,7,2179,2,11,LAND ROVER RANGE ROVER EVOQUE,4,E01005436,0,1
2024010518915,2024,010518915,1,9,0,18,19,5,1,0,0,5,0,0,0,0,1,1,6,6,2,41,7,1999,2,7,LAND ROVER RANGE ROVER EVOQUE,2,E01002075,0,1
2024552401305,2024,552401305,2,9,0,18,19,1,5,0,0,1,0,0,0,0,1,1,2,2,2,40,7,1999,2,6,LAND ROVER RANGE ROVER EVOQUE,5,E01015393,0,1
2024010507039,2024,010507039,1,9,0,18,19,5,1,0,0,8,0,0,0,0,1,1,6,6,1,73,10,1498,8,0,LAND ROVER RANGE ROVER EVOQUE,9,E01003809,0,1
2024010542998,2024,010542998,1,9,0,99,99,9,9,99,99,9,9,99,9,99,2,9,6,6,2,36,7,1999,2,5,LAND ROVER RANGE ROVER EVOQUE,2,E01002755,0,1
2024430376571,2024,430376571,1,9,0,18,19,3,7,0,0,0,0,0,0,0,1,1,6,6,2,37,7,1999,2,5,LAND ROVER RANGE ROVER EVOQUE,10,E01017847,0,2
2024052402883,2024,052402883,1,9,0,18,19,3,7,0,0,8,0,0,0,0,1,1,6,6,1,49,8,1998,2,3,LAND ROVER RANGE ROVER EVOQUE,1,E01006483,0,2
2024010516464,2024,010516464,1,9,0,99,99,9,9,99,99,9,9,99,9,99,1,9,6,6,3,58,9,1999,2,6,LAND ROVER RANGE ROVER EVOQUE,3,E01001004,0,1
2024991479640,2024,991479640,2,9,0,-1,19,1,5,-1,0,3,0,0,0,0,4,1,-1,9,1,43,7,2179,2,10,LAND ROVER RANGE ROVER EVOQUE,-1,-1,0,-1
2024340WN4672,2024,340WN4672,2,9,0,-1,19,7,3,-1,0,0,0,0,0,0,3,1,-1,2,1,45,7,1999,2,6,LAND ROVER RANGE ROVER EVOQUE,4,E01027225,0,1
2024461398780,2024,461398780,1,9,0,-1,19,3,7,-1,0,0,0,0,0,0,2,9,-1,6,1,37,7,1498,8,3,LAND ROVER RANGE ROVER EVOQUE,10,E01024443,0,2
2024411406772,2024,411406772,1,9,0,-1,5,5,6,-1,0,3,0,0,0,0,1,1,-1,6,2,44,7,1999,2,6,LAND ROVER RANGE ROVER EVOQUE,10,E01023515,0,2
2024131398827,2024,131398827,1,9,0,-1,19,1,2,-1,0,0,5,0,0,0,4,1,-1,2,2,38,7,1998,2,3,LAND ROVER RANGE ROVER EVOQUE,6,E01010927,0,1
2024161423479,2024,161423479,1,9,0,-1,19,7,3,-1,0,2,0,0,0,0,2,9,-1,9,2,34,6,2179,2,11,LAND ROVER RANGE ROVER EVOQUE,7,E01013322,0,4
2024010511688,2024,010511688,2,9,0,18,19,5,1,0,0,1,0,0,0,0,4,2,6,6,2,37,7,1999,2,8,LAND ROVER RANGE ROVER EVOQUE,1,E01001080,0,3
2024010534120,2024,010534120,2,9,9,99,99,9,9,99,99,9,9,99,9,99,9,9,6,6,3,-1,-1,2179,2,13,LAND ROVER RANGE ROVER EVOQUE,2,E01014340,0,5
2024522401124,2024,522401124,1,9,0,18,19,8,4,0,0,0,0,0,0,0,1,1,6,6,1,62,9,1999,2,7,LAND ROVER RANGE ROVER EVOQUE,1,E01014581,0,1
2024010507181,2024,010507181,2,9,0,18,19,7,3,0,0,2,1,0,0,0,2,1,6,6,1,41,7,1999,2,4,LAND ROVER RANGE ROVER EVOQUE,-1,-1,0,-1
2024211534129,2024,211534129,2,9,0,-1,19,2,3,-1,0,0,0,0,0,0,3,1,-1,6,1,31,6,1498,8,0,LAND ROVER RANGE ROVER EVOQUE,-1,-1,0,-1
2024010518730,2024,010518730,2,9,0,99,99,9,9,99,99,9,9,99,9,99,2,9,6,6,3,-1,-1,1999,2,4,LAND ROVER RANGE ROVER EVOQUE,5,E01000070,0,1
2024061533889,2024,061533889,1,9,0,-1,19,5,1,-1,0,0,0,0,0,0,1,1,-1,6,3,-1,-1,1999,2,8,LAND ROVER RANGE ROVER EVOQUE,-1,-1,0,-1
2024311417674,2024,311417674,1,9,0,-1,19,8,4,-1,0,0,0,0,0,0,1,9,-1,6,1,40,7,2179,2,11,LAND ROVER RANGE ROVER EVOQUE,-1,-1,0,-1
2024471459204,2024,471459204,3,9,0,-1,19,1,5,-1,0,0,0,0,0,0,3,1,-1,9,2,47,8,1999,2,5,LAND ROVER RANGE ROVER EVOQUE,7,E01022627,0,4
2024302401138,2024,302401138,2,9,0,17,19,5,3,0,0,0,0,0,1,4,1,1,6,6,2,58,9,1999,2,9,LAND ROVER RANGE ROVER EVOQUE,8,E01029441,0,1
2024010526606,2024,010526606,1,9,0,12,12,5,1,0,0,0,0,10,0,0,3,1,6,6,3,24,5,1999,2,7,LAND ROVER RANGE ROVER EVOQUE,-1,-1,0,-1
2024501521160,2024,501521160,1,9,0,-1,9,4,2,-1,0,2,0,0,0,0,1,1,-1,9,1,61,9,2179,2,12,LAND ROVER RANGE ROVER EVOQUE,6,E01020299,0,1
2024231577605,2024,231577605,2,9,0,-1,3,5,1,-1,0,0,0,0,0,0,2,9,-1,6,1,53,8,1999,2,7,LAND ROVER RANGE ROVER EVOQUE,8,E01031310,0,1
2024531491127,2024,531491127,1,9,0,-1,19,4,8,-1,0,0,0,0,0,0,1,1,-1,2,1,45,7,2179,2,11,LAND ROVER RANGE ROVER EVOQUE,9,E01022434,0,3
2024440396518,2024,440396518,2,9,0,18,19,3,7,0,0,1,0,0,0,0,1,1,6,6,2,57,9,2179,2,12,LAND ROVER RANGE ROVER EVOQUE,3,E01018989,0,5
2024010518246,2024,010518246,2,9,0,4,4,1,5,0,0,1,0,4,0,0,2,1,2,2,2,51,8,1999,2,6,LAND ROVER RANGE ROVER EVOQUE,2,E01002804,0,2
202460Q149153,2024,60Q149153,1,9,0,18,19,4,8,0,0,4,0,0,0,0,1,1,6,6,2,55,8,2179,2,13,LAND ROVER RANGE ROVER EVOQUE,-1,-1,0,-1
2024471417015,2024,471417015,1,9,0,-1,19,4,8,-1,0,0,0,0,0,0,1,9,-1,6,2,30,6,1999,2,6,LAND ROVER RANGE ROVER EVOQUE,6,E01021070,0,4
2024531474280,2024,531474280,1,9,0,-1,19,6,2,-1,0,0,0,0,0,0,1,9,-1,6,2,58,9,2179,2,9,LAND ROVER RANGE ROVER EVOQUE,7,E01022230,0,2
2024430000536,2024,430000536,1,9,0,18,19,7,3,0,0,0,0,0,0,0,3,1,6,6,2,50,8,1999,2,7,LAND ROVER RANGE ROVER EVOQUE,3,E01016449,0,1
2024061531699,2024,061531699,2,9,0,-1,19,5,1,-1,0,1,0,0,0,0,1,1,-1,6,2,41,7,2179,2,11,LAND ROVER RANGE ROVER EVOQUE,2,E01005003,0,1
2024111499318,2024,111499318,2,9,0,-1,7,4,7,-1,0,8,0,0,0,0,1,1,-1,9,1,66,10,2179,2,12,LAND ROVER RANGE ROVER EVOQUE,9,E01035185,0,1
2024010505853,2024,010505853,2,9,9,99,99,9,9,99,99,9,9,99,9,99,9,9,6,6,3,-1,-1,2179,2,12,LAND ROVER RANGE ROVER EVOQUE,-1,-1,0,-1
2024461499103,2024,461499103,2,9,0,-1,19,1,5,-1,0,1,0,0,7,0,1,1,-1,1,1,53,8,1998,2,3,LAND ROVER RANGE ROVER EVOQUE,5,E01024223,0,1
2024302401762,2024,302401762,2,9,0,-1,9,5,3,-1,0,8,0,0,0,0,4,2,-1,6,2,52,8,2179,2,11,LAND ROVER RANGE ROVER EVOQUE,7,E01019821,0,1
2024552400675,2024,552400675,1,9,0,18,19,4,8,0,0,4,0,0,0,0,1,1,6,6,2,84,11,2179,2,12,LAND ROVER RANGE ROVER EVOQUE,10,E01020356,0,1
2024041424316,2024,041424316,1,9,0,-1,19,8,4,-1,0,0,5,0,0,0,1,1,-1,9,2,28,6,1999,2,8,LAND ROVER RANGE ROVER EVOQUE,8,E01004780,0,1
2024421432466,2024,421432466,2,9,0,-1,4,2,6,-1,0,0,0,0,0,0,2,9,-1,9,2,29,6,2179,2,9,LAND ROVER RANGE ROVER EVOQUE,10,E01021614,0,2
2024010546277,2024,010546277,3,9,0,3,3,3,7,0,0,0,0,0,0,0,3,1,6,6,1,42,7,1999,2,8,LAND ROVER RANGE ROVER EVOQUE,7,E01021552,0,4
2024610040824,2024,610040824,2,9,0,2,2,0,0,0,0,0,0,0,0,0,1,1,6,6,3,-1,-1,2179,2,11,LAND ROVER RANGE ROVER EVOQUE,-1,-1,0,-1
2024332401237,2024,332401237,3,9,0,-1,2,0,0,-1,0,0,0,0,0,0,4,1,-1,6,3,-1,-1,1998,2,3,LAND ROVER RANGE ROVER EVOQUE,-1,-1,0,-1
2024522402711,2024,522402711,1,9,0,13,13,4,8,0,0,0,0,0,0,0,4,1,6,6,1,32,6,2179,2,12,LAND ROVER RANGE ROVER EVOQUE,3,E01014674,0,1
2024461425571,2024,461425571,2,9,0,-1,19,7,3,-1,0,1,0,0,0,0,2,9,-1,6,2,51,8,1997,1,5,LAND ROVER RANGE ROVER EVOQUE,8,E01016121,0,3
2024010514605,2024,010514605,1,9,0,99,99,9,9,99,99,9,9,99,9,99,2,9,6,6,1,35,6,1999,2,8,LAND ROVER RANGE ROVER EVOQUE,4,E01033942,0,3
2024302400693,2024,302400693,2,9,0,18,19,8,4,0,0,0,0,0,0,0,3,1,2,2,2,36,7,1998,2,2,LAND ROVER RANGE ROVER EVOQUE,8,E01019834,0,2
2024411417067,2024,411417067,1,9,0,-1,9,6,4,-1,0,3,0,0,0,0,1,1,-1,6,2,55,8,1997,1,2,LAND ROVER RANGE ROVER EVOQUE,10,E01023908,0,1
2024010501184,2024,010501184,2,9,0,15,15,1,5,0,0,8,0,0,0,0,1,1,6,6,2,26,6,1999,2,8,LAND ROVER RANGE ROVER EVOQUE,7,E01034186,0,1
2024320052297,2024,320052297,2,9,0,4,4,6,2,0,0,0,0,0,0,0,2,1,6,6,2,46,8,1999,2,7,LAND ROVER RANGE ROVER EVOQUE,-1,-1,0,-1
2024201505066,2024,201505066,1,9,0,-1,5,7,3,-1,0,8,0,0,0,0,1,1,-1,6,1,48,8,1999,2,5,LAND ROVER RANGE ROVER EVOQUE,1,E01009131,0,3
2024471424119,2024,471424119,2,9,0,-1,19,2,5,-1,0,0,0,0,0,0,1,1,-1,9,2,55,8,1999,2,5,LAND ROVER RANGE ROVER EVOQUE,9,E01031685,0,2
2024141489199,2024,141489199,2,9,0,-1,7,7,1,-1,0,2,0,0,0,0,3,1,-1,6,1,63,9,1997,1,3,LAND ROVER RANGE ROVER EVOQUE,8,E01011857,0,2
2024010519160,2024,010519160,2,9,0,2,2,0,0,0,0,1,0,0,0,0,2,1,6,6,3,-1,-1,1999,2,5,LAND ROVER RANGE ROVER EVOQUE,-1,-1,0,-1
2024070734481,2024,070734481,1,9,0,-1,9,5,7,-1,0,4,0,0,0,0,3,1,-1,9,2,67,10,2179,2,10,LAND ROVER RANGE ROVER EVOQUE,5,E01004983,0,4
2024141467322,2024,141467322,1,9,0,-1,4,4,1,-1,0,0,0,0,0,0,2,1,-1,9,2,51,8,2179,2,11,LAND ROVER RANGE ROVER EVOQUE,2,E01007967,0,1
2024461484112,2024,461484112,1,9,0,-1,19,3,7,-1,0,8,0,0,0,0,4,9,-1,6,2,33,6,1999,1,10,LAND ROVER RANGE ROVER EVOQUE,8,E01002826,0,4
2024451458945,2024,451458945,1,9,0,-1,19,1,5,-1,0,0,0,0,0,0,1,1,-1,9,2,60,9,1999,2,5,LAND ROVER RANGE ROVER EVOQUE,10,E01030379,0,1
2024430465722,2024,430465722,1,9,0,9,9,7,5,0,0,4,0,0,0,0,3,1,6,6,2,61,9,1999,2,4,LAND ROVER RANGE ROVER EVOQUE,10,E01016565,0,1
2024131423985,2024,131423985,1,9,0,-1,19,4,3,-1,0,1,0,0,0,0,4,1,-1,6,1,45,7,2179,2,11,LAND ROVER RANGE ROVER EVOQUE,3,E01010671,0,1
2024141418623,2024,141418623,1,9,0,-1,7,3,6,-1,0,8,0,0,0,0,1,1,-1,9,2,19,4,2179,2,11,LAND ROVER RANGE ROVER EVOQUE,1,E01008096,0,1
2024010532170,2024,010532170,3,9,0,4,4,1,5,0,0,0,0,0,0,0,1,1,6,6,1,24,5,1498,8,3,LAND ROVER RANGE ROVER EVOQUE,9,W01001773,0,5
2024161409300,2024,161409300,2,9,0,-1,9,5,3,-1,0,6,0,0,0,0,1,9,-1,6,1,-1,-1,1999,2,7,LAND ROVER RANGE ROVER EVOQUE,-1,-1,0,-1
2024010537209,2024,010537209,2,9,0,5,5,9,9,99,99,1,9,99,9,99,1,9,6,6,2,36,7,1498,8,2,LAND ROVER RANGE ROVER EVOQUE,10,E01030365,0,3
2024061466394,2024,061466394,1,9,-1,-1,-1,-1,-1,-1,-1,-1,-1,-1,-1,0,-1,9,-1,6,2,-1,-1,1999,2,9,LAND ROVER RANGE ROVER EVOQUE,-1,-1,0,-1
2024161509642,2024,161509642,2,9,0,-1,3,7,4,-1,0,8,0,0,0,0,2,1,-1,9,2,39,7,2179,2,11,LAND ROVER RANGE ROVER EVOQUE,1,E01013331,0,1
2024320652759,2024,320652759,2,9,0,-1,-1,8,4,0,0,1,0,0,6,0,1,1,-1,-1,2,51,8,1998,2,3,LAND ROVER RANGE ROVER EVOQUE,7,E01027033,0,4
2024320413417,2024,320413417,2,9,0,2,2,0,0,0,0,2,0,0,0,0,1,1,6,6,3,-1,-1,1999,2,8,LAND ROVER RANGE ROVER EVOQUE,-1,-1,0,-1
2024351528576,2024,351528576,2,9,0,-1,19,7,3,-1,0,0,0,0,0,0,1,1,-1,6,1,65,9,1999,2,7,LAND ROVER RANGE ROVER EVOQUE,8,E01018054,0,1
2024471465570,2024,471465570,1,9,0,-1,19,8,4,-1,0,0,0,0,0,0,1,1,-1,6,2,72,10,1498,8,1,LAND ROVER RANGE ROVER EVOQUE,10,E01016984,0,2
2024010515783,2024,010515783,1,9,0,99,99,9,9,99,99,9,9,99,9,99,1,9,6,6,3,39,7,1999,2,7,LAND ROVER RANGE ROVER EVOQUE,3,E01001602,0,2
2024371515901,2024,371515901,2,9,0,-1,19,7,3,-1,0,1,0,0,0,0,4,1,-1,6,1,78,11,1997,1,3,LAND ROVER RANGE ROVER EVOQUE,9,E01030536,0,5
2024010534888,2024,010534888,1,9,0,18,19,3,7,0,0,2,0,0,0,0,1,1,6,6,3,-1,-1,1999,2,8,LAND ROVER RANGE ROVER EVOQUE,-1,-1,0,-1
2024010541102,2024,010541102,2,9,0,99,99,9,9,99,99,9,9,99,9,99,9,9,6,6,2,57,9,1999,1,13,LAND ROVER RANGE ROVER EVOQUE,8,E01002890,0,1
2024461425480,2024,461425480,1,9,0,-1,14,7,3,-1,0,1,0,0,0,0,1,1,-1,2,1,37,7,2179,2,13,LAND ROVER RANGE ROVER EVOQUE,6,E01034997,0,1
2024131475226,2024,131475226,1,9,0,-1,19,5,1,-1,0,8,0,0,1,1,1,1,-1,9,2,48,8,2179,2,10,LAND ROVER RANGE ROVER EVOQUE,1,E01011663,0,1
2024161421399,2024,161421399,1,9,0,-1,9,3,1,-1,0,1,0,0,0,0,0,1,-1,9,2,31,6,1999,2,8,LAND ROVER RANGE ROVER EVOQUE,-1,-1,0,-1
2024421503906,2024,421503906,1,9,0,-1,5,5,8,-1,0,1,0,0,0,0,1,1,-1,6,2,36,7,2179,2,9,LAND ROVER RANGE ROVER EVOQUE,9,E01021824,0,3
2024461418736,2024,461418736,2,9,0,-1,2,0,0,-1,0,0,0,0,0,0,1,1,-1,6,-1,-1,-1,1999,2,4,LAND ROVER RANGE ROVER EVOQUE,-1,-1,0,-1
2024421446645,2024,421446645,2,9,0,-1,19,7,3,-1,0,0,0,0,0,0,2,1,-1,6,1,43,7,1999,2,5,LAND ROVER RANGE ROVER EVOQUE,3,E01016014,0,3
2024991488349,2024,991488349,1,9,0,-1,5,8,4,-1,0,6,0,0,0,0,4,1,-1,2,1,30,6,2179,2,9,LAND ROVER RANGE ROVER EVOQUE,-1,-1,0,-1
2024010547280,2024,010547280,1,9,0,6,6,3,3,0,0,0,0,0,0,0,0,1,2,2,2,61,9,1999,2,6,LAND ROVER RANGE ROVER EVOQUE,5,E01000038,0,1
2024351533835,2024,351533835,2,9,0,-1,19,7,3,-1,0,8,0,0,0,0,4,1,-1,6,1,42,7,2179,2,11,LAND ROVER RANGE ROVER EVOQUE,8,E01018166,0,1
2024302401181,2024,302401181,1,9,0,18,19,5,1,0,0,1,0,0,0,0,4,1,6,6,2,65,9,1999,2,7,LAND ROVER RANGE ROVER EVOQUE,2,E01013499,0,1
2024430604814,2024,430604814,2,9,0,18,19,1,5,0,0,1,0,0,0,0,1,1,6,6,2,32,6,2179,2,12,LAND ROVER RANGE ROVER EVOQUE,-1,-1,0,-1
2024010532695,2024,010532695,1,9,0,18,19,1,5,0,0,1,5,4,0,0,1,2,2,2,2,51,8,1998,2,2,LAND ROVER RANGE ROVER EVOQUE,8,E01001273,0,1
2024131467887,2024,131467887,1,9,0,-1,19,3,7,-1,0,0,0,0,0,0,1,1,-1,9,2,32,6,1999,2,6,LAND ROVER RANGE ROVER EVOQUE,5,E01011818,0,2
2024552400548,2024,552400548,1,9,0,18,19,2,6,0,0,0,5,4,0,0,1,1,6,6,2,27,6,2179,2,12,LAND ROVER RANGE ROVER EVOQUE,7,E01015376,0,1
2024451399241,2024,451399241,3,9,0,-1,19,5,1,-1,0,0,1,0,0,0,1,1,-1,2,2,35,6,2179,2,11,LAND ROVER RANGE ROVER EVOQUE,8,E01030479,0,1
2024201424252,2024,201424252,1,9,0,-1,19,5,1,-1,0,6,0,0,0,0,1,1,-1,2,2,49,8,1999,2,8,LAND ROVER RANGE ROVER EVOQUE,7,E01032588,0,2
2024010526281,2024,010526281,3,9,0,3,3,3,7,0,0,0,0,0,0,0,2,1,6,6,1,48,8,1498,8,1,LAND ROVER RANGE ROVER EVOQUE,7,E01034361,0,3
2024141532759,2024,141532759,2,9,0,-1,19,6,2,-1,0,0,0,0,0,0,2,9,-1,6,1,30,6,2179,2,11,LAND ROVER RANGE ROVER EVOQUE,2,E01008063,0,1
2024371506504,2024,371506504,1,9,0,-1,7,7,7,-1,0,0,0,0,0,0,4,1,-1,6,2,45,7,1999,2,8,LAND ROVER RANGE ROVER EVOQUE,3,E01033128,0,1
2024401490180,2024,401490180,1,9,0,-1,19,7,3,-1,0,0,0,0,7,0,1,1,-1,6,1,45,7,2179,2,11,LAND ROVER RANGE ROVER EVOQUE,4,E01017905,0,4
2024231402044,2024,231402044,1,9,0,-1,19,6,2,-1,0,1,1,0,2,2,1,1,-1,9,1,82,11,2179,2,9,LAND ROVER RANGE ROVER EVOQUE,5,E01031009,0,1
2024351449845,2024,351449845,2,9,0,-1,19,5,3,-1,0,8,0,0,1,0,3,1,-1,6,2,29,6,1999,2,4,LAND ROVER RANGE ROVER EVOQUE,3,E01018094,0,3
2024101414115,2024,101414115,1,9,0,-1,4,5,1,-1,0,1,0,0,0,0,1,1,-1,6,2,39,7,1498,8,1,LAND ROVER RANGE ROVER EVOQUE,6,E01035614,0,1
2024547962024,2024,547962024,1,9,0,18,19,8,2,0,0,4,0,0,0,0,1,1,6,6,1,27,6,1999,2,4,LAND ROVER RANGE ROVER EVOQUE,3,E01015569,0,1
2024430307397,2024,430307397,1,9,0,9,9,-1,-1,0,0,0,0,0,0,0,3,1,6,6,1,26,6,2179,2,10,LAND ROVER RANGE ROVER EVOQUE,2,E01016839,0,1
2024411411664,2024,411411664,2,9,-1,-1,19,-1,-1,-1,0,8,0,0,0,0,-1,9,-1,6,2,27,6,1999,2,6,LAND ROVER RANGE ROVER EVOQUE,8,E01023938,0,1
2024371398685,2024,371398685,1,9,0,-1,5,2,2,-1,0,0,0,0,0,0,1,9,-1,7,2,38,7,1498,8,1,LAND ROVER RANGE ROVER EVOQUE,2,E01029987,0,1
2024010504524,2024,010504524,1,9,0,99,99,9,9,99,99,0,9,99,9,99,2,9,2,2,1,50,8,1999,2,8,LAND ROVER RANGE ROVER EVOQUE,2,E01000027,0,3
2024320133963,2024,320133963,1,9,0,-1,-1,6,2,0,0,0,0,0,0,1,1,1,-1,-1,2,64,9,2179,2,9,LAND ROVER RANGE ROVER EVOQUE,4,E01026082,0,1
2024010505618,2024,010505618,2,9,0,18,19,5,1,1,1,0,0,0,0,0,1,1,2,2,1,47,8,1999,2,6,LAND ROVER RANGE ROVER EVOQUE,1,E01003318,0,1
2024332401124,2024,332401124,1,9,0,-1,19,2,6,-1,0,0,0,0,0,0,1,1,-1,9,2,34,6,1999,2,4,LAND ROVER RANGE ROVER EVOQUE,8,E01025633,0,1
2024010497694,2024,010497694,1,9,0,9,9,7,5,0,0,5,0,0,0,0,1,1,6,6,2,34,6,1498,8,1,LAND ROVER RANGE ROVER EVOQUE,2,W01001750,0,5
202454A201524,2024,54A201524,1,9,0,1,1,7,3,9,9,1,0,0,0,0,2,1,6,6,1,46,8,1999,2,4,LAND ROVER RANGE ROVER EVOQUE,4,E01032094,0,1
2024010523457,2024,010523457,3,9,0,99,99,9,9,0,0,0,9,99,9,99,9,9,6,6,3,-1,-1,1999,2,7,LAND ROVER RANGE ROVER EVOQUE,-1,-1,0,-1
2024332400070,2024,332400070,1,9,0,-1,19,5,1,-1,0,2,0,0,0,0,4,1,-1,6,2,55,8,1999,2,5,LAND ROVER RANGE ROVER EVOQUE,8,E01025685,0,1
2024430055987,2024,430055987,1,9,0,13,13,2,6,0,0,1,0,0,0,0,1,1,6,6,1,45,7,1999,2,6,LAND ROVER RANGE ROVER EVOQUE,-1,-1,0,-1
2024461429369,2024,461429369,4,9,0,-1,4,5,1,-1,0,0,0,0,0,0,2,1,-1,9,1,74,10,1999,2,4,LAND ROVER RANGE ROVER EVOQUE,9,E01016176,0,4
2024010519418,2024,010519418,1,9,0,18,19,3,7,0,0,8,0,0,0,0,1,1,6,6,2,37,7,1999,1,12,LAND ROVER RANGE ROVER EVOQUE,9,E01001475,0,1
2024471517060,2024,471517060,1,9,0,-1,19,8,4,-1,0,0,0,0,0,0,1,1,-1,9,2,38,7,2179,2,10,LAND ROVER RANGE ROVER EVOQUE,10,E01016984,0,1
2024111511115,2024,111511115,1,9,0,-1,7,8,3,-1,0,6,0,0,0,0,3,1,-1,6,2,45,7,1999,2,6,LAND ROVER RANGE ROVER EVOQUE,5,E01020617,0,1
2024320067840,2024,320067840,2,9,0,-1,-1,2,6,0,0,8,0,0,0,0,1,1,-1,-1,2,43,7,2179,2,10,LAND ROVER RANGE ROVER EVOQUE,7,E01026236,0,2
2024010541902,2024,010541902,1,9,0,5,5,1,5,0,0,1,0,0,0,0,3,1,3,7,2,33,6,1997,1,5,LAND ROVER RANGE ROVER EVOQUE,4,E01001501,0,1
2024211531481,2024,211531481,1,9,0,-1,19,0,0,-1,0,0,0,0,0,0,4,1,-1,2,1,47,8,1998,2,0,LAND ROVER RANGE ROVER EVOQUE,8,E01028875,0,3