collision_index,collision_year,collision_ref_no,vehicle_reference,vehicle_type,towing_and_articulation,vehicle_manoeuvre_historic,vehicle_manoeuvre,vehicle_direction_from,vehicle_direction_to,vehicle_location_restricted_lane_historic,vehicle_location_restricted_lane,junction_location,skidding_and_overturning,hit_object_in_carriageway,vehicle_leaving_carriageway,hit_object_off_carriageway,first_point_of_impact,vehicle_left_hand_drive,journey_purpose_of_driver_historic,journey_purpose_of_driver,sex_of_driver,age_of_driver,age_band_of_driver,engine_capacity_cc,propulsion_code,age_of_vehicle,generic_make_model,driver_imd_decile,lsoa_of_driver,escooter_flag,driver_distance_banding
2024010542891,2024,010542891,1,9,0,99,99,9,9,99,99,0,9,99,9,99,2,1,2,2,2,39,7,1999,2,5,LAND ROVER RANGE ROVER EVOQUE,9,E01002471,0,2
2024451395509,2024,451395509,2,9,0,-1,19,2,6,-1,0,0,0,0,1,0,3,1,-1,9,2,60,9,2179,2,10,LAND ROVER RANGE ROVER EVOQUE,10,E01030604,0,1
2024221472968,2024,221472968,1,9,0,-1,19,5,1,-1,0,6,0,10,3,10,1,1,-1,6,1,54,8,1999,2,8,LAND ROVER RANGE ROVER EVOQUE,3,E01032251,0,1
2024010497669,2024,010497669,1,9,0,9,9,7,5,0,0,8,0,0,0,0,3,1,6,6,2,27,6,1999,2,8,LAND ROVER RANGE ROVER EVOQUE,7,E01000135,0,1
2024320755443,2024,320755443,1,9,0,-1,-1,2,6,9,9,0,5,10,1,2,1,1,-1,-1,1,53,8,1498,8,0,LAND ROVER RANGE ROVER EVOQUE,9,E01034695,0,4
2024010511027,2024,010511027,2,9,0,18,19,5,1,0,0,6,0,0,0,0,1,1,3,7,2,42,7,1999,2,8,LAND ROVER RANGE ROVER EVOQUE,2,E01000033,0,1
2024451472199,2024,451472199,3,9,0,-1,2,0,0,-1,0,1,0,0,0,0,3,1,-1,6,-1,-1,-1,1999,2,8,LAND ROVER RANGE ROVER EVOQUE,-1,-1,0,-1
2024131492905,2024,131492905,2,9,0,-1,9,7,3,-1,0,1,0,0,0,0,2,1,-1,6,2,49,8,1999,2,8,LAND ROVER RANGE ROVER EVOQUE,4,E01010795,0,1
2024302500191,2024,302500191,2,9,0,-1,3,5,1,-1,0,2,0,0,0,0,2,1,-1,6,1,36,7,1999,2,6,LAND ROVER RANGE ROVER EVOQUE,9,E01019850,0,1
2024141423284,2024,141423284,1,9,0,-1,5,3,5,-1,0,8,0,0,0,0,1,1,-1,9,2,28,6,2179,2,10,LAND ROVER RANGE ROVER EVOQUE,7,E01007798,0,2
2024440407321,2024,440407321,2,9,0,5,5,4,8,0,0,1,0,0,0,0,1,1,6,6,1,36,7,2179,2,10,LAND ROVER RANGE ROVER EVOQUE,3,E01017104,0,1
2024131427094,2024,131427094,1,9,0,-1,19,3,7,-1,0,2,0,0,0,0,1,1,-1,6,1,20,4,1999,2,9,LAND ROVER RANGE ROVER EVOQUE,2,E01010673,0,1
2024201553072,2024,201553072,1,9,0,-1,9,6,3,-1,0,6,0,0,0,0,1,9,-1,6,2,58,9,1999,2,5,LAND ROVER RANGE ROVER EVOQUE,7,E01010551,0,1
2024141482103,2024,141482103,1,9,0,-1,1,7,3,-1,9,0,0,0,0,0,2,1,-1,6,2,41,7,1999,2,7,LAND ROVER RANGE ROVER EVOQUE,5,E01008034,0,1
2024201498955,2024,201498955,1,9,0,-1,19,8,4,-1,0,1,0,0,0,0,1,1,-1,9,1,41,7,1999,2,8,LAND ROVER RANGE ROVER EVOQUE,2,E01009995,0,1
2024411504854,2024,411504854,1,9,0,-1,19,7,3,-1,0,0,0,0,0,0,1,1,-1,1,2,27,6,1999,2,6,LAND ROVER RANGE ROVER EVOQUE,6,E01034579,0,4
2024201504559,2024,201504559,2,9,0,-1,19,8,4,-1,0,0,0,0,0,0,1,1,-1,9,1,38,7,1999,2,8,LAND ROVER RANGE ROVER EVOQUE,-1,-1,0,-1
2024161460568,2024,161460568,2,9,0,-1,19,8,4,-1,0,1,0,0,0,0,1,1,-1,6,2,44,7,2179,2,10,LAND ROVER RANGE ROVER EVOQUE,9,E01012919,0,2
2024010501384,2024,010501384,2,9,0,11,11,9,9,99,99,0,9,99,9,99,9,9,6,6,3,-1,-1,1999,2,8,LAND ROVER RANGE ROVER EVOQUE,-1,-1,0,-1
2024991439102,2024,991439102,2,9,0,-1,9,6,3,-1,0,8,0,0,0,0,2,1,-1,6,2,31,6,1999,2,9,LAND ROVER RANGE ROVER EVOQUE,7,-1,0,2
2024052400247,2024,052400247,2,9,0,18,19,4,8,0,0,8,0,0,1,0,1,1,6,6,1,29,6,1997,1,4,LAND ROVER RANGE ROVER EVOQUE,1,E01007009,0,1
2024122400347,2024,122400347,2,9,0,2,2,0,0,0,0,2,0,0,0,0,2,1,6,6,1,67,10,1998,2,3,LAND ROVER RANGE ROVER EVOQUE,6,E01008848,0,5
2024440398783,2024,440398783,2,9,0,18,19,3,7,0,0,8,0,0,0,0,3,1,6,6,1,-1,-1,2179,2,11,LAND ROVER RANGE ROVER EVOQUE,-1,-1,0,-1
2024061502424,2024,061502424,1,9,-1,-1,-1,-1,-1,-1,-1,0,-1,-1,-1,0,-1,9,-1,6,1,46,8,2179,2,10,LAND ROVER RANGE ROVER EVOQUE,1,E01005272,0,1
2024421400992,2024,421400992,2,9,0,-1,19,1,5,-1,0,0,5,0,0,0,3,1,-1,6,2,54,8,2179,2,12,LAND ROVER RANGE ROVER EVOQUE,1,E01026809,0,5
2024421449183,2024,421449183,1,9,0,-1,5,6,8,-1,0,0,1,0,0,0,1,1,-1,6,1,34,6,1999,2,4,LAND ROVER RANGE ROVER EVOQUE,6,E01003741,0,4
2024302400779,2024,302400779,2,9,0,2,2,0,0,9,9,0,0,0,0,0,1,1,6,6,3,-1,-1,1999,2,4,LAND ROVER RANGE ROVER EVOQUE,-1,-1,0,-1
2024010538641,2024,010538641,1,9,0,3,3,1,5,0,0,2,0,0,0,0,3,1,6,6,2,29,6,1999,2,4,LAND ROVER RANGE ROVER EVOQUE,3,E01002375,0,3
2024131467077,2024,131467077,2,9,0,-1,19,7,3,-1,0,0,0,0,0,0,2,1,-1,9,2,40,7,1999,2,8,LAND ROVER RANGE ROVER EVOQUE,8,E01011507,0,1
2024461473753,2024,461473753,1,9,0,-1,6,4,8,-1,0,0,0,0,0,0,3,1,-1,1,2,35,6,1999,2,6,LAND ROVER RANGE ROVER EVOQUE,6,E01035280,0,1
2024041422810,2024,041422810,1,9,0,-1,9,1,5,-1,0,6,0,0,0,0,1,1,-1,6,2,54,8,1997,1,5,LAND ROVER RANGE ROVER EVOQUE,10,E01025278,0,3
2024421404422,2024,421404422,1,9,0,-1,5,3,7,-1,0,0,0,0,0,0,4,1,-1,6,2,54,8,1999,2,5,LAND ROVER RANGE ROVER EVOQUE,9,E01021734,0,3
2024430223802,2024,430223802,2,9,0,9,9,2,8,0,0,6,0,0,0,0,1,1,6,6,2,33,6,1998,2,3,LAND ROVER RANGE ROVER EVOQUE,10,E01017935,0,1
2024421426542,2024,421426542,3,9,0,-1,19,2,6,-1,0,0,0,0,0,0,1,1,-1,6,1,63,9,1498,8,1,LAND ROVER RANGE ROVER EVOQUE,10,E01022062,0,1
2024010540770,2024,010540770,1,9,0,3,3,1,5,0,0,6,0,0,0,0,3,1,6,6,2,48,8,1997,1,4,LAND ROVER RANGE ROVER EVOQUE,2,E01000098,0,1
2024501429064,2024,501429064,1,9,0,-1,10,6,3,-1,0,1,0,0,0,0,0,9,-1,1,1,55,8,1999,2,8,LAND ROVER RANGE ROVER EVOQUE,8,E01020250,0,1
2024201420706,2024,201420706,1,9,0,-1,2,0,0,-1,0,1,0,0,0,0,1,1,-1,7,2,-1,-1,1999,2,5,LAND ROVER RANGE ROVER EVOQUE,-1,-1,0,-1
2024041414847,2024,041414847,2,9,0,-1,2,5,1,-1,9,0,0,0,2,0,1,1,-1,6,-1,-1,-1,1999,2,5,LAND ROVER RANGE ROVER EVOQUE,-1,-1,0,-1
2024311480547,2024,311480547,2,9,0,-1,2,1,5,-1,0,0,0,4,0,0,2,1,-1,6,2,42,7,2179,2,11,LAND ROVER RANGE ROVER EVOQUE,10,E01018652,0,4
2024991428484,2024,991428484,2,9,0,-1,3,3,7,-1,0,2,0,0,0,0,2,1,-1,6,1,54,8,1998,2,2,LAND ROVER RANGE ROVER EVOQUE,1,-1,0,1
2024010515106,2024,010515106,1,9,0,3,3,7,3,0,0,1,0,0,0,0,2,1,6,6,2,28,6,1999,2,4,LAND ROVER RANGE ROVER EVOQUE,2,E01001633,0,2
2024440279155,2024,440279155,1,9,0,18,19,2,6,0,0,8,0,0,0,0,1,1,6,6,2,42,7,2179,2,12,LAND ROVER RANGE ROVER EVOQUE,8,E01017145,0,1
2024041468265,2024,041468265,2,9,0,-1,2,1,1,-1,0,1,0,4,0,0,2,1,-1,6,-1,-1,-1,1997,1,4,LAND ROVER RANGE ROVER EVOQUE,-1,-1,0,-1
2024161427741,2024,161427741,4,9,0,-1,19,6,2,-1,0,1,1,0,0,0,1,1,-1,6,2,30,6,2179,2,13,LAND ROVER RANGE ROVER EVOQUE,5,E01012803,0,2
2024061452794,2024,061452794,2,9,0,-1,7,7,3,-1,0,0,0,0,0,0,2,1,-1,9,2,53,8,1999,2,4,LAND ROVER RANGE ROVER EVOQUE,7,E01005005,0,1
2024231421021,2024,231421021,1,9,0,-1,19,8,6,-1,0,8,0,0,0,0,3,1,-1,6,2,38,7,1999,2,5,LAND ROVER RANGE ROVER EVOQUE,7,E01032588,0,1
2024070659264,2024,070659264,3,9,0,18,19,1,5,0,0,0,5,0,0,0,4,2,6,6,2,27,6,1999,2,7,LAND ROVER RANGE ROVER EVOQUE,2,E01005160,0,4
202454E820524,2024,54E820524,2,9,0,7,7,4,8,0,0,6,0,0,0,0,1,1,6,6,1,62,9,1498,8,3,LAND ROVER RANGE ROVER EVOQUE,5,E01015475,0,1
2024041440529,2024,041440529,2,9,0,-1,19,-1,-1,-1,0,0,0,0,0,0,-1,1,-1,9,1,72,10,1999,2,8,LAND ROVER RANGE ROVER EVOQUE,4,E01012604,0,1
2024131479004,2024,131479004,2,9,0,-1,6,5,1,-1,0,0,0,0,0,0,3,1,-1,9,1,44,7,2179,2,12,LAND ROVER RANGE ROVER EVOQUE,7,E01011829,0,2
2024061422739,2024,061422739,1,9,0,-1,19,3,7,-1,99,1,9,0,1,99,4,1,-1,6,3,-1,-1,1999,2,7,LAND ROVER RANGE ROVER EVOQUE,-1,-1,0,-1
2024991500778,2024,991500778,1,9,0,-1,19,2,6,-1,0,0,2,0,0,0,1,1,-1,9,2,41,7,1999,2,7,LAND ROVER RANGE ROVER EVOQUE,2,-1,0,4
2024041423645,2024,041423645,2,9,0,-1,2,7,3,-1,0,0,0,0,0,0,3,1,-1,6,-1,-1,-1,1498,8,4,LAND ROVER RANGE ROVER EVOQUE,-1,-1,0,-1
2024501504861,2024,501504861,1,9,0,-1,4,3,7,-1,0,0,0,0,0,0,4,9,-1,1,1,68,10,2179,2,10,LAND ROVER RANGE ROVER EVOQUE,4,E01015164,0,1
2024161403706,2024,161403706,1,9,0,-1,9,1,7,-1,0,1,0,0,0,0,1,9,-1,2,2,32,6,2179,2,11,LAND ROVER RANGE ROVER EVOQUE,9,E01035477,0,1
2024451459549,2024,451459549,1,9,0,-1,19,1,3,-1,0,0,0,0,0,0,4,1,-1,9,2,34,6,2179,2,11,LAND ROVER RANGE ROVER EVOQUE,6,E01030649,0,1
2024546917424,2024,546917424,1,9,0,18,19,4,8,0,0,0,1,0,0,0,3,1,6,6,1,58,9,2179,2,10,LAND ROVER RANGE ROVER EVOQUE,9,E01032035,0,1
2024332401149,2024,332401149,2,9,0,-1,19,7,3,-1,0,4,0,0,0,0,1,1,-1,6,2,-1,-1,1999,2,6,LAND ROVER RANGE ROVER EVOQUE,-1,-1,0,-1
2024411484583,2024,411484583,1,9,0,-1,-1,-1,-1,-1,-1,-1,-1,-1,-1,0,-1,9,-1,6,2,57,9,1998,2,3,LAND ROVER RANGE ROVER EVOQUE,2,E01035586,0,1
2024622400122,2024,622400122,1,9,0,18,19,5,1,0,0,0,0,0,0,0,1,1,6,6,2,54,8,2179,2,10,LAND ROVER RANGE ROVER EVOQUE,9,W01001729,0,1
2024440096596,2024,440096596,1,9,0,9,9,3,1,0,0,8,0,0,0,0,1,1,6,6,2,-1,-1,1999,2,7,LAND ROVER RANGE ROVER EVOQUE,-1,-1,0,-1
2024361458604,2024,361458604,2,9,0,-1,19,4,7,-1,0,0,0,0,0,0,1,1,-1,2,2,27,6,1999,2,8,LAND ROVER RANGE ROVER EVOQUE,4,E01026787,0,4
2024161478011,2024,161478011,2,9,0,-1,19,3,7,-1,0,0,0,0,0,0,3,1,-1,6,1,54,8,2179,2,11,LAND ROVER RANGE ROVER EVOQUE,9,E01013191,0,4
2024411514710,2024,411514710,1,9,0,-1,19,1,5,-1,0,0,1,0,0,0,1,1,-1,6,1,21,5,1999,2,8,LAND ROVER RANGE ROVER EVOQUE,3,E01003182,0,4
2024211518329,2024,211518329,1,9,0,-1,19,8,5,-1,0,0,0,4,0,0,1,1,-1,9,2,47,8,1998,2,3,LAND ROVER RANGE ROVER EVOQUE,-1,-1,0,-1
2024361496410,2024,361496410,3,9,0,-1,19,6,2,-1,0,0,0,0,0,0,2,1,-1,2,2,52,8,1999,2,8,LAND ROVER RANGE ROVER EVOQUE,5,E01026783,0,3
2024010508626,2024,010508626,1,9,0,18,19,7,3,0,0,8,5,0,0,0,1,1,4,7,1,32,6,1999,2,4,LAND ROVER RANGE ROVER EVOQUE,1,E01003290,0,2
2024340WN0972,2024,340WN0972,2,9,0,-1,19,1,5,-1,0,8,0,0,0,0,3,1,-1,9,2,50,8,1999,2,5,LAND ROVER RANGE ROVER EVOQUE,7,E01027338,0,3
2024101506800,2024,101506800,2,9,0,-1,7,1,1,-1,0,4,0,0,0,0,1,1,-1,6,2,49,8,1999,2,8,LAND ROVER RANGE ROVER EVOQUE,2,E01008752,0,1
2024471494370,2024,471494370,2,9,0,-1,19,6,2,-1,0,0,0,0,0,0,1,1,-1,9,2,58,9,1998,2,3,LAND ROVER RANGE ROVER EVOQUE,10,E01031675,0,2
2024320702877,2024,320702877,3,9,0,-1,-1,6,2,0,0,0,1,0,1,0,1,1,6,6,2,56,9,1998,2,2,LAND ROVER RANGE ROVER EVOQUE,5,E01026241,0,2
2024411440302,2024,411440302,1,9,0,-1,-1,-1,-1,-1,-1,0,-1,-1,-1,0,4,9,-1,9,2,44,7,2179,2,10,LAND ROVER RANGE ROVER EVOQUE,10,E01023744,0,1
2024031405310,2024,031405310,2,9,0,-1,19,6,3,-1,0,8,0,10,1,0,1,9,-1,6,2,26,6,1999,2,4,LAND ROVER RANGE ROVER EVOQUE,-1,-1,0,-1
2024451469453,2024,451469453,2,9,0,-1,19,2,6,-1,0,0,0,0,0,0,3,1,-1,2,2,35,6,1997,1,2,LAND ROVER RANGE ROVER EVOQUE,9,E01028489,0,4
2024010520297,2024,010520297,2,9,0,99,99,9,9,99,99,0,9,99,9,99,9,9,6,6,3,39,7,1999,1,12,LAND ROVER RANGE ROVER EVOQUE,3,E01002345,0,1
2024201516887,2024,201516887,2,9,0,-1,3,5,1,-1,0,1,0,0,0,0,2,1,-1,9,2,39,7,1999,2,7,LAND ROVER RANGE ROVER EVOQUE,9,E01010332,0,2
2024401484526,2024,401484526,1,9,0,-1,13,1,5,-1,0,0,0,0,7,0,1,1,-1,6,2,38,7,1999,2,5,LAND ROVER RANGE ROVER EVOQUE,8,E01017598,0,2
2024361485452,2024,361485452,1,9,0,-1,19,5,1,-1,0,0,0,0,0,0,4,1,-1,2,1,68,10,1999,2,7,LAND ROVER RANGE ROVER EVOQUE,9,E01035148,0,1
2024430035369,2024,430035369,1,9,0,9,9,5,3,0,0,8,0,0,0,0,1,1,6,6,1,-1,-1,2179,2,12,LAND ROVER RANGE ROVER EVOQUE,-1,-1,0,-1
2024141432383,2024,141432383,1,9,0,-1,2,0,0,-1,0,0,0,0,0,0,2,2,-1,6,1,-1,-1,1997,1,7,LAND ROVER RANGE ROVER EVOQUE,-1,-1,0,-1
2024141533412,2024,141533412,2,9,0,-1,19,3,7,-1,0,0,0,0,0,0,1,1,-1,6,1,37,7,2179,2,10,LAND ROVER RANGE ROVER EVOQUE,3,E01007449,0,2
2024010510003,2024,010510003,1,9,0,11,11,1,5,0,0,8,0,0,0,0,4,1,6,6,1,19,4,1999,2,8,LAND ROVER RANGE ROVER EVOQUE,2,E01003336,0,1
2024471514073,2024,471514073,1,9,0,-1,14,1,4,-1,0,0,2,0,8,11,1,1,-1,9,2,56,9,2179,2,10,LAND ROVER RANGE ROVER EVOQUE,5,E01034299,0,3
2024361441285,2024,361441285,2,9,0,-1,19,5,3,-1,0,0,5,11,0,0,1,1,-1,9,2,42,7,1997,1,1,LAND ROVER RANGE ROVER EVOQUE,7,E01026885,0,3
2024501448752,2024,501448752,2,9,0,-1,2,0,0,-1,0,0,0,0,0,0,3,1,-1,6,-1,-1,-1,2179,2,12,LAND ROVER RANGE ROVER EVOQUE,-1,-1,0,-1
2024991440289,2024,991440289,1,9,0,-1,19,3,6,-1,0,2,0,0,0,0,1,1,-1,6,2,34,6,1999,2,6,LAND ROVER RANGE ROVER EVOQUE,2,-1,0,1
2024411519287,2024,411519287,1,9,0,-1,7,6,1,-1,0,3,0,0,0,0,4,1,-1,6,1,28,6,2179,2,9,LAND ROVER RANGE ROVER EVOQUE,8,E01032112,0,5
2024131509060,2024,131509060,1,9,0,-1,19,1,4,-1,0,8,0,0,0,0,-1,1,-1,6,3,-1,-1,1999,2,7,LAND ROVER RANGE ROVER EVOQUE,-1,-1,0,-1
2024010522560,2024,010522560,1,9,0,17,19,1,5,0,0,5,0,0,0,0,1,1,6,6,1,41,7,3311,8,15,LEXUS RX 400,6,E01001217,0,1
2024010543995,2024,010543995,1,9,0,9,9,5,3,0,0,8,1,0,0,0,1,1,6,6,1,41,7,3311,8,16,LEXUS RX 400,5,E01000070,0,1
2024451485547,2024,451485547,2,9,0,-1,19,1,5,-1,0,0,0,0,0,0,3,1,-1,6,1,50,8,3311,8,18,LEXUS RX 400,-1,-1,0,-1
2024010489738,2024,010489738,3,9,0,18,19,5,1,0,0,1,0,0,0,0,1,1,6,6,3,-1,-1,3311,8,16,LEXUS RX 400,-1,-1,0,-1
2024421506220,2024,421506220,1,9,0,-1,19,3,7,-1,0,8,0,0,0,0,1,1,-1,1,1,49,8,3311,8,19,LEXUS RX 400,2,E01015879,0,1
2024010551157,2024,010551157,1,9,0,4,4,8,4,0,0,1,0,0,0,0,2,1,6,6,1,66,10,3311,8,15,LEXUS RX 400,6,E01000274,0,3
2024421419107,2024,421419107,4,9,0,-1,4,1,5,-1,0,0,0,0,0,0,2,1,-1,2,1,58,9,3311,8,16,LEXUS RX 400,4,E01001090,0,4
2024311515635,2024,311515635,1,9,0,-1,4,2,6,-1,0,0,0,0,1,0,1,1,-1,6,1,36,7,3311,8,17,LEXUS RX 400,1,E01013826,0,1
2024010548052,2024,010548052,1,9,0,99,99,9,9,99,99,9,9,99,9,99,9,9,6,6,3,-1,-1,3311,8,19,LEXUS RX 400,5,E01000996,0,1
2024010516263,2024,010516263,2,9,0,2,2,0,0,0,0,1,0,0,0,0,3,1,6,6,3,-1,-1,3311,8,16,LEXUS RX 400,-1,-1,0,-1
2024010512584,2024,010512584,2,9,0,99,99,9,9,99,99,9,9,99,9,99,1,9,6,6,3,53,8,3311,8,17,LEXUS RX 400,4,E01000613,0,2
2024461506758,2024,461506758,1,9,0,-1,19,3,7,-1,0,1,0,0,0,0,4,9,-1,6,1,67,10,3311,8,16,LEXUS RX 400,8,E01024053,0,1
2024010522987,2024,010522987,1,9,0,5,5,1,5,0,0,1,0,0,0,0,1,1,6,6,1,25,5,3311,8,15,LEXUS RX 400,4,E01002057,0,1
2024201509192,2024,201509192,2,9,0,-1,13,7,3,-1,0,0,0,0,0,0,2,1,-1,6,1,42,7,3311,8,18,LEXUS RX 400,3,E01009140,0,1
2024361488353,2024,361488353,1,9,0,-1,4,1,5,-1,0,1,0,0,8,0,1,1,-1,6,1,-1,-1,3311,8,16,LEXUS RX 400,10,E01026572,0,1
2024141472382,2024,141472382,2,9,0,-1,4,8,4,-1,0,0,0,0,0,0,1,1,-1,9,1,38,7,3311,8,18,LEXUS RX 400,7,E01007553,0,2
2024010510657,2024,010510657,3,9,0,18,19,2,6,0,0,3,0,0,0,0,2,1,6,6,1,28,6,3311,8,17,LEXUS RX 400,-1,-1,0,-1
2024201399487,2024,201399487,2,9,0,-1,19,2,6,-1,0,0,0,0,0,0,1,9,-1,6,2,61,9,3311,8,16,LEXUS RX 400,4,E01009030,0,1
2024010546595,2024,010546595,2,9,0,99,99,9,9,99,99,9,9,99,9,99,9,9,6,6,1,48,8,3311,8,17,LEXUS RX 400,3,E01004033,0,1
2024010550225,2024,010550225,1,9,0,99,99,9,9,99,99,9,9,99,9,99,1,9,6,6,1,74,10,3311,8,15,LEXUS RX 400,9,E01002271,0,1
2024010508749,2024,010508749,1,9,0,99,99,9,9,99,99,9,9,99,9,99,2,9,6,6,1,36,7,3311,8,18,LEXUS RX 400,4,E01000736,0,3
2024501420892,2024,501420892,1,9,0,-1,5,1,7,-1,0,5,0,0,1,11,1,1,-1,9,2,77,11,3311,8,17,LEXUS RX 400,2,E01020277,0,1
2024421494283,2024,421494283,2,9,0,-1,19,1,6,-1,0,0,0,0,0,0,2,1,-1,6,1,32,6,3311,8,16,LEXUS RX 400,3,E01033923,0,4
2024401398425,2024,401398425,1,9,0,-1,19,3,7,-1,0,8,0,0,0,0,1,9,-1,6,3,-1,-1,3311,8,18,LEXUS RX 400,-1,-1,0,-1
2024501405976,2024,501405976,1,9,0,-1,20,4,1,-1,9,1,0,0,0,0,1,1,-1,6,1,42,7,3311,8,16,LEXUS RX 400,-1,-1,0,-1
2024010526611,2024,010526611,2,9,0,9,9,7,5,0,0,8,0,0,0,0,1,1,6,6,2,23,5,3311,8,17,LEXUS RX 400,8,E01003831,0,1
2024010531412,2024,010531412,1,9,0,99,99,9,9,99,99,9,9,99,9,99,9,9,6,6,1,43,7,3311,8,19,LEXUS RX 400,3,E01003143,0,1
2024010540984,2024,010540984,2,9,0,2,2,0,0,0,0,0,0,0,0,0,1,1,6,6,3,-1,-1,3311,8,17,LEXUS RX 400,-1,-1,0,-1
2024361437525,2024,361437525,2,9,0,-1,19,5,1,-1,0,0,1,0,0,0,3,1,-1,2,1,29,6,3311,8,19,LEXUS RX 400,6,E01026886,0,2
2024010519227,2024,010519227,1,9,0,18,19,5,1,0,0,8,0,0,0,0,1,1,6,6,2,34,6,3311,8,19,LEXUS RX 400,4,E01001647,0,2
2024010501611,2024,010501611,1,9,0,4,4,3,7,0,0,1,0,0,0,0,2,1,2,2,1,34,6,3311,8,15,LEXUS RX 400,2,E01004241,0,2
2024041497235,2024,041497235,1,9,0,-1,9,1,7,-1,0,8,0,0,0,0,1,1,-1,6,1,51,8,3311,8,17,LEXUS RX 400,5,E01012635,0,1
2024461397457,2024,461397457,2,9,0,-1,19,8,3,-1,0,0,0,0,0,0,3,9,-1,6,2,50,8,3311,8,16,LEXUS RX 400,9,E01024123,0,1
2024010506326,2024,010506326,1,9,0,9,9,5,2,0,0,6,0,0,0,0,4,1,6,6,1,68,10,3311,8,18,LEXUS RX 400,-1,-1,0,-1
2024471440420,2024,471440420,2,9,0,-1,19,6,2,-1,0,8,0,0,7,0,4,1,-1,6,2,39,7,3311,8,16,LEXUS RX 400,6,E01035323,0,1
2024010515362,2024,010515362,1,9,0,7,7,7,1,9,9,5,0,0,1,1,1,2,2,2,1,60,9,3311,8,16,LEXUS RX 400,2,E01003252,0,1
2024010511727,2024,010511727,1,9,0,4,4,5,1,0,0,8,1,0,0,0,2,1,3,7,2,50,8,3311,8,16,LEXUS RX 400,-1,-1,0,-1
2024361498364,2024,361498364,2,3,0,-1,7,4,1,-1,0,3,2,0,0,0,2,1,-1,1,2,24,5,125,1,3,-1,1,E01026699,0,1
2024320693017,2024,320693017,1,3,0,-1,-1,7,2,0,0,2,2,0,0,0,0,1,-1,-1,1,31,6,125,1,2,-1,1,E01026384,0,2
2024131483799,2024,131483799,2,3,0,-1,19,7,3,-1,0,8,1,0,0,0,4,1,-1,6,1,41,7,125,1,2,-1,9,E01011567,0,1
2024501493616,2024,501493616,2,5,0,-1,19,5,1,-1,0,0,2,0,0,0,3,1,-1,6,1,65,9,648,1,2,ROYAL ENFIELD INTERCEPTOR,6,E01020256,0,2
2024010548305,2024,010548305,1,5,0,99,99,9,9,99,99,9,9,99,9,99,2,1,1,1,1,31,6,650,1,5,ROYAL ENFIELD INTERCEPTOR,5,E01016013,0,3
2024461476874,2024,461476874,1,5,0,-1,19,7,3,-1,0,0,0,0,0,0,1,1,-1,6,1,50,8,650,1,5,ROYAL ENFIELD INTERCEPTOR,8,E01016082,0,2
2024401535929,2024,401535929,2,5,0,-1,19,-1,-1,-1,0,-1,2,0,0,0,-1,1,-1,6,1,29,6,650,1,5,ROYAL ENFIELD INTERCEPTOR,10,E01017438,0,1
2024332400997,2024,332400997,1,5,0,-1,13,4,8,-1,0,0,0,0,0,0,1,1,-1,6,1,42,7,650,1,4,ROYAL ENFIELD INTERCEPTOR,5,E01025662,0,1
2024221427551,2024,221427551,2,5,0,-1,19,2,6,-1,0,0,0,0,1,9,1,1,-1,6,1,56,9,650,1,5,ROYAL ENFIELD INTERCEPTOR,5,E01031171,0,5
2024320510813,2024,320510813,1,5,0,-1,-1,2,6,0,0,0,2,0,0,0,1,1,6,6,1,49,8,650,1,5,ROYAL ENFIELD INTERCEPTOR,3,E01027987,0,4
2024461488170,2024,461488170,1,5,0,-1,14,3,7,-1,0,2,0,0,0,0,1,1,-1,2,1,46,8,650,1,4,ROYAL ENFIELD INTERCEPTOR,8,E01000985,0,3
2024351504287,2024,351504287,2,5,0,-1,19,7,3,-1,0,0,0,0,0,0,1,1,-1,6,1,61,9,865,1,4,ROYAL ENFIELD INTERCEPTOR,8,E01018197,0,1
2024122400955,2024,122400955,1,5,0,18,19,1,5,0,0,0,0,0,1,9,1,1,6,6,1,61,9,650,1,5,ROYAL ENFIELD INTERCEPTOR,9,E01012180,0,4
2024451435719,2024,451435719,2,5,0,-1,19,7,3,-1,-1,1,0,0,0,0,4,1,-1,2,1,23,5,650,1,5,ROYAL ENFIELD INTERCEPTOR,9,E01030413,0,1
2024131413695,2024,131413695,2,4,0,-1,19,2,1,-1,0,8,0,0,0,0,4,1,-1,6,1,57,9,648,1,2,ROYAL ENFIELD INTERCEPTOR,4,E01010637,0,1
2024010533156,2024,010533156,2,5,0,18,19,7,3,0,0,1,0,0,0,0,1,1,6,6,1,32,6,648,1,3,ROYAL ENFIELD INTERCEPTOR,10,E01000771,0,1
2024211474360,2024,211474360,1,5,0,-1,19,5,1,-1,0,1,0,0,0,0,1,1,-1,6,1,64,9,648,1,1,ROYAL ENFIELD INTERCEPTOR,5,E01014308,0,1
2024010517620,2024,010517620,1,5,0,99,99,9,9,99,99,9,9,99,9,99,9,1,1,1,1,36,7,650,1,4,ROYAL ENFIELD INTERCEPTOR,7,E01016509,0,4
2024991493534,2024,991493534,1,5,0,-1,19,8,4,-1,0,0,0,0,0,0,1,1,-1,6,1,55,8,648,1,2,ROYAL ENFIELD INTERCEPTOR,4,-1,0,4