collision_index,collision_year,collision_ref_no,vehicle_reference,vehicle_type,towing_and_articulation,vehicle_manoeuvre_historic,vehicle_manoeuvre,vehicle_direction_from,vehicle_direction_to,vehicle_location_restricted_lane_historic,vehicle_location_restricted_lane,junction_location,skidding_and_overturning,hit_object_in_carriageway,vehicle_leaving_carriageway,hit_object_off_carriageway,first_point_of_impact,vehicle_left_hand_drive,journey_purpose_of_driver_historic,journey_purpose_of_driver,sex_of_driver,age_of_driver,age_band_of_driver,engine_capacity_cc,propulsion_code,age_of_vehicle,generic_make_model,driver_imd_decile,lsoa_of_driver,escooter_flag,driver_distance_banding
2024552401316,2024,552401316,2,9,0,8,8,8,3,0,0,4,0,0,0,0,2,2,6,6,1,56,9,1985,1,34,-1,4,E01020460,0,2
2024320652002,2024,320652002,1,8,0,-1,-1,4,8,0,0,0,0,0,1,0,1,1,6,6,1,39,7,1968,2,7,SEAT ALHAMBRA,2,E01008449,0,5
2024041427624,2024,041427624,1,9,0,-1,9,7,1,-1,0,5,0,0,0,0,4,1,-1,1,1,37,7,1968,2,8,SEAT ALHAMBRA,2,E01025275,0,1
2024010489300,2024,010489300,2,9,0,18,19,1,5,0,0,2,0,0,0,0,4,1,1,1,1,51,8,1968,2,8,SEAT ALHAMBRA,-1,-1,0,-1
2024411541312,2024,411541312,1,9,0,-1,3,2,6,-1,0,0,0,0,0,0,2,1,-1,9,2,30,6,1968,2,12,SEAT ALHAMBRA,8,E01023834,0,1
2024131527342,2024,131527342,2,8,0,-1,19,3,7,-1,0,8,0,0,0,0,4,1,-1,1,1,50,8,1968,2,8,SEAT ALHAMBRA,1,E01010811,0,3
2024411470731,2024,411470731,1,9,0,-1,-1,-1,-1,-1,-1,0,-1,-1,-1,0,1,9,-1,6,2,42,7,1968,2,7,SEAT ALHAMBRA,4,E01023914,0,1
2024010517323,2024,010517323,1,9,0,7,7,7,2,0,0,5,0,0,0,0,4,1,2,2,1,59,9,1968,2,5,SEAT ALHAMBRA,6,E01001803,0,1
2024131444602,2024,131444602,1,9,0,-1,-1,-1,-1,-1,-1,8,-1,-1,-1,0,-1,1,-1,6,3,-1,-1,1968,2,7,SEAT ALHAMBRA,4,E01011263,0,3
2024161443065,2024,161443065,1,8,0,-1,4,3,7,-1,0,1,0,0,0,0,1,9,-1,1,3,-1,-1,1968,2,7,SEAT ALHAMBRA,-1,-1,0,-1
2024122500068,2024,122500068,2,9,0,8,8,4,8,0,0,6,0,0,0,0,2,1,2,2,1,62,9,1968,2,11,SEAT ALHAMBRA,10,E01013358,0,1
2024010534963,2024,010534963,1,9,0,3,3,1,5,0,0,0,0,0,0,0,2,1,6,6,1,44,7,1968,2,9,SEAT ALHAMBRA,5,E01031584,0,4
2024461514260,2024,461514260,3,8,0,-1,19,5,1,-1,0,0,0,0,0,0,3,1,-1,1,2,57,9,1968,2,5,SEAT ALHAMBRA,5,E01024786,0,1
2024201495040,2024,201495040,1,9,0,-1,19,5,1,-1,0,8,0,0,0,0,1,1,-1,6,1,49,8,1968,2,12,SEAT ALHAMBRA,1,E01008899,0,1
2024052402120,2024,052402120,1,9,0,9,9,5,3,0,0,6,0,0,0,0,1,1,6,6,1,38,7,1968,2,12,SEAT ALHAMBRA,1,E01034401,0,1
2024010517783,2024,010517783,1,9,0,18,19,1,5,0,0,1,0,0,0,0,3,1,6,6,1,30,6,1968,2,7,SEAT ALHAMBRA,1,E01001798,0,1
2024041476646,2024,041476646,2,9,0,-1,19,5,1,-1,0,0,0,0,0,0,2,1,-1,9,1,34,6,1968,2,8,SEAT ALHAMBRA,2,E01012677,0,4
2024010486959,2024,010486959,1,9,0,18,19,3,7,0,0,8,0,0,0,0,3,1,1,1,1,39,7,1968,2,6,SEAT ALHAMBRA,5,E01035712,0,2
2024411429186,2024,411429186,1,9,0,-1,9,5,2,-1,0,4,0,0,0,0,1,1,-1,1,1,36,7,1968,2,8,SEAT ALHAMBRA,5,E01015712,0,3
2024010505933,2024,010505933,2,9,0,9,9,7,4,0,0,2,0,0,1,0,4,1,6,6,1,37,7,1968,2,6,SEAT ALHAMBRA,4,E01034287,0,2
2024351498041,2024,351498041,1,9,0,-1,-1,-1,-1,-1,-1,0,-1,-1,-1,0,-1,9,-1,6,2,51,8,1968,2,11,SEAT ALHAMBRA,7,E01017969,0,2
2024010514791,2024,010514791,1,8,0,18,19,5,1,0,0,8,0,0,0,0,1,1,1,1,1,51,8,1968,2,7,SEAT ALHAMBRA,-1,-1,0,-1
2024010501059,2024,010501059,2,9,0,99,99,9,9,99,99,9,9,99,9,99,9,9,6,6,3,-1,-1,1968,2,7,SEAT ALHAMBRA,-1,-1,0,-1
2024522401445,2024,522401445,2,9,0,4,4,6,2,0,0,1,0,0,0,0,2,1,6,6,1,41,7,1968,2,7,SEAT ALHAMBRA,1,E01014654,0,1
2024201411142,2024,201411142,2,8,0,-1,9,4,2,-1,0,5,0,0,0,0,3,9,-1,1,1,49,8,1968,2,7,SEAT ALHAMBRA,1,E01033891,0,3
2024010549968,2024,010549968,1,9,0,4,4,7,3,0,0,1,0,0,0,0,1,1,6,6,1,31,6,1968,2,8,SEAT ALHAMBRA,3,E01004226,0,1
2024552401165,2024,552401165,2,9,0,9,9,7,5,0,0,5,0,0,0,0,3,1,3,7,2,41,7,1968,2,6,SEAT ALHAMBRA,10,E01020381,0,1
2024471467367,2024,471467367,4,9,0,-1,2,7,3,-1,0,0,0,0,0,0,1,1,-1,6,-1,-1,-1,1968,2,4,SEAT ALHAMBRA,-1,-1,0,-1
2024010551489,2024,010551489,1,9,0,5,5,3,7,0,0,1,0,0,0,0,4,1,1,1,1,55,8,1968,2,7,SEAT ALHAMBRA,3,E01004528,0,2
2024010516286,2024,010516286,1,9,0,4,4,5,1,0,0,1,0,0,0,0,0,1,2,2,1,60,9,1968,2,7,SEAT ALHAMBRA,4,E01032772,0,1
2024430622488,2024,430622488,2,8,0,12,12,8,4,0,0,1,0,0,0,0,1,1,6,6,1,52,8,1968,2,9,SEAT ALHAMBRA,5,E01016476,0,2
2024010519462,2024,010519462,2,9,9,99,99,9,9,99,99,9,9,99,9,99,9,9,6,6,3,43,7,1968,2,7,SEAT ALHAMBRA,3,E01003587,0,3
2024991424422,2024,991424422,2,9,0,-1,19,1,5,-1,0,0,1,0,0,0,1,1,-1,6,2,37,7,1968,2,6,SEAT ALHAMBRA,5,-1,0,1
2024201494095,2024,201494095,1,9,0,-1,19,8,5,-1,9,0,1,0,1,5,1,1,-1,9,1,20,4,1984,2,17,SEAT ALHAMBRA,-1,-1,0,-1
2024201457419,2024,201457419,2,9,0,-1,9,4,2,-1,0,5,1,10,1,1,3,2,-1,6,2,60,9,1968,2,9,SEAT ALHAMBRA,6,E01010079,0,1
2024351537155,2024,351537155,1,9,0,-1,9,5,3,-1,0,0,0,0,0,0,1,1,-1,1,1,26,6,1984,2,15,SEAT ALHAMBRA,5,E01033121,0,1
2024451440436,2024,451440436,1,9,0,-1,19,3,7,-1,0,1,0,0,0,0,4,1,-1,1,1,44,7,1968,2,8,SEAT ALHAMBRA,4,E01002594,0,4
2024201518010,2024,201518010,1,9,0,-1,4,2,6,-1,0,8,0,0,0,0,1,1,-1,6,3,-1,-1,1968,2,17,SEAT ALHAMBRA,-1,-1,0,-1
2024451455502,2024,451455502,1,9,0,-1,5,5,2,-1,0,8,0,0,1,1,2,1,-1,1,1,31,6,1968,2,7,SEAT ALHAMBRA,3,E01002585,0,2
2024201506610,2024,201506610,2,9,0,-1,5,8,4,-1,0,0,0,0,0,0,1,1,-1,6,1,41,7,1968,2,7,SEAT ALHAMBRA,2,E01009265,0,1
2024061411042,2024,061411042,2,9,0,-1,19,6,6,-1,0,0,0,0,0,0,3,1,-1,9,1,37,7,1968,2,12,SEAT ALHAMBRA,4,E01005299,0,3
2024161454021,2024,161454021,1,9,0,-1,10,6,5,-1,0,1,0,0,0,0,1,1,-1,7,2,61,9,1984,1,17,SEAT ALHAMBRA,1,E01013140,0,1
2024010503826,2024,010503826,1,8,0,9,9,7,5,0,0,8,0,0,0,0,1,2,1,1,1,46,8,1968,2,9,SEAT ALHAMBRA,5,E01023900,0,4
2024311515023,2024,311515023,1,9,0,-1,19,2,2,-1,0,0,0,0,0,0,1,1,-1,9,2,63,9,1968,2,4,SEAT ALHAMBRA,6,E01031193,0,5
2024010510777,2024,010510777,1,9,9,99,99,9,9,99,99,9,9,99,9,99,9,9,6,6,1,51,8,1968,2,9,SEAT ALHAMBRA,6,E01000150,0,3
2024411498684,2024,411498684,2,9,0,-1,4,4,8,-1,0,0,0,0,0,0,0,1,-1,6,1,49,8,1968,2,6,SEAT ALHAMBRA,6,E01023413,0,2
2024622400649,2024,622400649,1,9,0,18,19,2,5,0,0,1,0,4,0,0,3,1,6,6,1,61,9,1968,2,9,SEAT ALHAMBRA,2,W01001141,0,1
2024010536920,2024,010536920,1,9,0,3,3,2,6,0,0,4,1,0,0,0,2,1,1,1,1,51,8,1968,2,5,SEAT ALHAMBRA,4,E01000035,0,1
2024201493205,2024,201493205,2,9,0,-1,5,6,2,-1,0,0,0,0,0,0,1,1,-1,6,2,40,7,1968,2,7,SEAT ALHAMBRA,5,E01009519,0,1
2024010506815,2024,010506815,1,9,9,4,4,7,3,0,0,2,0,0,0,0,1,9,6,6,2,56,9,1968,2,6,SEAT ALHAMBRA,10,E01000763,0,1
2024552401336,2024,552401336,1,9,0,9,9,4,1,0,0,8,0,0,0,0,1,1,6,6,2,60,9,1968,2,5,SEAT ALHAMBRA,10,E01023038,0,4
2024010508150,2024,010508150,1,8,0,18,19,5,1,0,0,1,0,0,0,0,2,1,6,6,1,57,9,1968,2,7,SEAT ALHAMBRA,-1,-1,0,-1
2024010522473,2024,010522473,1,9,0,99,99,9,9,99,99,0,9,99,9,99,9,9,6,6,3,-1,-1,1984,1,17,SEAT ALHAMBRA,-1,-1,0,-1
2024622400610,2024,622400610,2,9,0,18,19,2,6,0,0,0,0,0,0,0,3,1,6,6,1,43,7,1968,2,7,SEAT ALHAMBRA,2,W01001023,0,2
2024371405836,2024,371405836,2,8,0,-1,3,-1,-1,-1,0,1,0,0,0,0,2,9,-1,1,1,54,8,1968,2,4,SEAT ALHAMBRA,4,E01029962,0,1
2024461482869,2024,461482869,2,9,0,-1,3,6,2,-1,0,0,0,0,0,0,2,9,-1,6,2,42,7,1968,2,11,SEAT ALHAMBRA,5,E01024207,0,3
2024991506786,2024,991506786,1,9,0,-1,1,5,1,-1,9,6,0,4,0,0,4,1,-1,6,-1,40,7,1968,2,7,SEAT ALHAMBRA,4,-1,0,1
2024522401256,2024,522401256,2,8,0,18,19,5,1,0,0,6,0,0,0,0,1,1,6,6,3,-1,-1,1968,2,7,SEAT ALHAMBRA,-1,-1,0,-1
2024010543604,2024,010543604,2,9,0,99,99,9,9,99,99,0,9,99,9,99,2,9,6,6,3,-1,-1,1968,2,9,SEAT ALHAMBRA,8,E01002896,0,1
2024010535631,2024,010535631,1,9,0,5,5,1,5,0,0,6,0,0,0,0,0,1,1,1,1,59,9,1968,2,8,SEAT ALHAMBRA,5,E01001859,0,1
2024540148324,2024,540148324,1,9,0,17,19,4,8,0,0,0,0,0,0,0,2,1,6,6,1,53,8,1968,2,4,SEAT ALHAMBRA,2,E01017186,0,3
2024991450529,2024,991450529,2,8,0,-1,10,1,7,-1,0,0,0,0,0,0,1,1,-1,1,1,28,6,1968,2,5,SEAT ALHAMBRA,-1,-1,0,-1
2024201466121,2024,201466121,1,9,0,-1,6,7,3,-1,0,0,0,0,0,0,1,9,-1,1,1,45,7,1968,2,8,SEAT ALHAMBRA,2,E01010016,0,1
2024010536986,2024,010536986,1,9,0,10,10,3,1,0,0,1,0,0,0,0,1,1,6,6,3,-1,-1,1968,2,9,SEAT ALHAMBRA,6,E01030717,0,4
2024010497453,2024,010497453,1,9,0,4,4,7,3,0,0,1,0,0,0,0,1,1,1,1,1,52,8,1968,2,7,SEAT ALHAMBRA,-1,-1,0,-1
2024421493745,2024,421493745,1,9,0,-1,14,1,5,-1,0,0,0,0,0,0,3,9,-1,6,3,-1,-1,1968,2,12,SEAT ALHAMBRA,-1,-1,0,-1
2024522402584,2024,522402584,1,9,0,4,4,8,4,0,0,0,0,0,0,0,0,1,6,6,3,-1,-1,1968,2,10,SEAT ALHAMBRA,-1,-1,0,-1
202417L208124,2024,17L208124,1,9,0,-1,19,2,6,-1,0,8,0,0,0,0,4,1,-1,6,1,43,7,1968,2,10,SEAT ALHAMBRA,9,E01012179,0,2
2024430130890,2024,430130890,1,8,0,18,19,7,3,0,0,0,0,0,0,0,1,1,1,1,1,50,8,1968,2,5,SEAT ALHAMBRA,6,E01016838,0,1
2024201492085,2024,201492085,1,9,0,-1,19,6,2,-1,0,2,0,0,0,0,1,1,-1,6,1,-1,-1,1968,2,7,SEAT ALHAMBRA,-1,-1,0,-1
2024522401978,2024,522401978,1,8,0,18,19,4,8,0,0,6,0,0,0,0,4,1,6,6,1,28,6,1968,2,4,SEAT ALHAMBRA,1,E01033366,0,1
2024010506051,2024,010506051,1,9,0,99,99,9,9,0,0,1,0,0,0,0,2,1,6,6,3,-1,-1,1968,2,6,SEAT ALHAMBRA,-1,-1,0,-1
2024010530200,2024,010530200,1,8,0,99,99,9,9,99,99,9,9,99,9,99,2,9,1,1,1,48,8,1968,2,7,SEAT ALHAMBRA,6,E01003386,0,3
2024010520209,2024,010520209,1,8,0,18,19,5,1,0,0,8,0,0,0,0,2,1,6,6,1,50,8,1968,2,7,SEAT ALHAMBRA,3,E01004203,0,3
2024122400964,2024,122400964,1,9,0,5,5,6,2,0,0,1,0,0,0,0,1,1,6,6,1,42,7,1968,2,6,SEAT ALHAMBRA,10,E01010771,0,4
2024522500023,2024,522500023,2,8,0,6,6,5,5,0,0,0,0,0,0,0,3,1,1,1,3,-1,-1,1968,2,7,SEAT ALHAMBRA,-1,-1,0,-1
2024501523474,2024,501523474,1,9,0,-1,12,3,7,-1,0,0,0,0,0,0,3,1,-1,9,1,55,8,1968,2,16,SEAT ALHAMBRA,6,E01018807,0,3
2024401443690,2024,401443690,1,9,0,-1,19,1,8,-1,0,4,0,0,0,0,1,1,-1,1,1,43,7,1968,2,9,SEAT ALHAMBRA,4,E01017536,0,1
2024351515130,2024,351515130,1,9,-1,-1,-1,-1,-1,-1,-1,-1,-1,-1,-1,0,-1,9,-1,6,2,-1,-1,1968,2,12,SEAT ALHAMBRA,3,E01015619,0,1
2024201458948,2024,201458948,1,8,0,-1,19,2,6,-1,0,0,0,0,0,0,1,1,-1,1,1,44,7,1968,2,7,SEAT ALHAMBRA,1,E01009360,0,1
2024440188807,2024,440188807,1,8,0,18,19,8,4,0,0,8,0,0,0,0,1,1,1,1,1,34,6,1968,2,5,SEAT ALHAMBRA,5,E01017030,0,1
2024461399637,2024,461399637,1,8,0,-1,12,1,4,-1,0,8,0,0,0,0,3,1,-1,1,1,52,8,1968,2,8,SEAT ALHAMBRA,6,E01034999,0,1
2024010545894,2024,010545894,2,8,0,99,99,9,9,99,99,0,9,99,9,99,9,9,6,6,3,-1,-1,1968,2,7,SEAT ALHAMBRA,4,E01016474,0,4
2024552400867,2024,552400867,1,9,0,7,7,5,8,0,0,6,0,0,0,0,1,1,6,6,1,73,10,1968,2,4,SEAT ALHAMBRA,4,E01015339,0,2
2024421428274,2024,421428274,1,9,0,-1,7,8,2,-1,0,0,0,0,0,0,1,1,-1,6,2,45,7,1968,2,5,SEAT ALHAMBRA,6,E01021689,0,4
2024010507640,2024,010507640,1,9,0,99,99,9,9,99,99,9,9,99,9,99,2,9,6,6,1,39,7,1968,2,6,SEAT ALHAMBRA,2,E01003432,0,1
2024201500509,2024,201500509,1,9,0,-1,5,2,4,-1,0,0,0,0,0,0,0,1,-1,2,1,32,6,1968,2,7,SEAT ALHAMBRA,-1,-1,0,-1
2024361416988,2024,361416988,1,9,0,-1,7,1,3,-1,0,6,0,0,0,0,1,1,-1,9,2,68,10,1968,2,7,SEAT ALHAMBRA,5,E01034776,0,1
2024141441404,2024,141441404,5,9,0,-1,2,0,0,-1,0,0,0,0,0,0,3,1,-1,6,-1,-1,-1,1968,2,8,SEAT ALHAMBRA,-1,-1,0,-1
2024522402380,2024,522402380,3,9,0,3,3,6,2,0,0,1,0,0,0,0,2,1,6,6,3,-1,-1,1968,2,9,SEAT ALHAMBRA,-1,-1,0,-1
2024010542269,2024,010542269,2,9,0,9,9,3,8,0,0,3,9,0,0,0,4,1,2,2,1,54,8,1968,2,7,SEAT ALHAMBRA,2,E01001554,0,3
2024351415418,2024,351415418,3,9,0,-1,19,3,6,-1,0,5,0,0,0,0,2,1,-1,6,1,44,7,1968,2,9,SEAT ALHAMBRA,2,E01015633,0,2
2024351405253,2024,351405253,1,9,0,-1,19,1,5,-1,0,0,0,0,0,0,1,1,-1,6,1,39,7,1968,2,9,SEAT ALHAMBRA,2,E01015604,0,1
2024122500041,2024,122500041,2,9,0,10,10,1,3,0,0,1,0,0,0,0,1,1,6,6,1,46,8,1968,2,7,SEAT ALHAMBRA,9,E01013341,0,1
2024010510211,2024,010510211,1,8,0,99,99,9,9,99,99,9,9,99,9,99,2,9,6,6,3,-1,-1,1968,2,7,SEAT ALHAMBRA,-1,-1,0,-1
2024010525287,2024,010525287,1,9,0,18,19,7,3,0,0,2,0,0,0,0,3,1,1,1,1,42,7,1968,2,7,SEAT ALHAMBRA,1,E01011677,0,5
2024501417314,2024,501417314,1,9,0,-1,19,8,4,-1,0,0,0,0,0,0,1,1,-1,2,1,29,6,1968,2,10,SEAT ALHAMBRA,9,E01015197,0,4
2024501520513,2024,501520513,2,9,0,-1,19,5,1,-1,0,1,0,0,0,0,1,1,-1,6,3,-1,-1,1968,2,17,SEAT ALHAMBRA,-1,-1,0,-1
2024010508519,2024,010508519,2,9,9,99,99,9,9,99,99,0,9,99,9,99,9,9,6,6,3,55,8,1968,2,6,SEAT ALHAMBRA,6,E01000218,0,1
2024131521814,2024,131521814,1,8,0,-1,19,7,3,-1,0,0,0,0,0,0,1,1,-1,6,1,40,7,1968,2,8,SEAT ALHAMBRA,-1,-1,0,-1
2024122400761,2024,122400761,1,9,0,18,19,1,5,0,0,0,0,0,0,0,1,1,6,6,2,67,10,1968,2,13,SEAT ALHAMBRA,9,E01011698,0,1
2024010492968,2024,010492968,1,8,9,99,99,9,9,99,99,0,9,99,9,99,9,1,6,6,3,-1,-1,1968,2,5,SEAT ALHAMBRA,-1,-1,0,-1
2024010528342,2024,010528342,1,8,0,99,99,9,9,99,99,9,9,99,9,99,2,9,1,1,1,53,8,1968,2,5,SEAT ALHAMBRA,7,E01016491,0,1
2024141437585,2024,141437585,1,9,0,-1,19,3,7,-1,0,0,0,0,0,0,1,1,-1,7,1,48,8,1984,2,16,SEAT ALHAMBRA,1,E01007913,0,1
2024471451346,2024,471451346,2,9,0,-1,19,5,1,-1,0,0,0,0,0,0,4,1,-1,2,1,62,9,1968,2,7,SEAT ALHAMBRA,7,E01031417,0,4
2024471474323,2024,471474323,2,9,0,-1,2,0,0,-1,0,0,1,0,0,0,4,1,-1,6,-1,-1,-1,1968,2,5,SEAT ALHAMBRA,-1,-1,0,-1
2024361422874,2024,361422874,1,9,0,-1,2,0,0,-1,0,0,0,0,0,0,3,1,-1,9,1,35,6,1968,2,12,SEAT ALHAMBRA,1,E01026626,0,1
2024471508846,2024,471508846,2,9,0,-1,19,8,4,-1,0,8,0,0,0,0,1,1,-1,2,2,43,7,1968,2,7,SEAT ALHAMBRA,8,E01016929,0,1
2024141476109,2024,141476109,5,9,0,-1,2,0,0,-1,0,0,0,0,0,0,1,1,-1,6,-1,-1,-1,1968,2,10,SEAT ALHAMBRA,-1,-1,0,-1
2024201438352,2024,201438352,2,8,0,-1,3,7,3,-1,0,0,0,0,0,0,2,1,-1,1,1,54,8,1968,2,8,SEAT ALHAMBRA,2,E01009942,0,1
2024010524472,2024,010524472,2,9,0,18,19,3,7,0,0,2,0,0,0,0,1,1,1,1,1,53,8,1968,2,8,SEAT ALHAMBRA,6,E01001964,0,2
2024201445051,2024,201445051,2,9,0,-1,9,-1,-1,-1,0,5,-1,-1,-1,0,-1,9,-1,1,1,34,6,1968,2,6,SEAT ALHAMBRA,1,E01033643,0,2
2024451398233,2024,451398233,2,9,0,-1,19,1,5,-1,0,0,0,0,0,0,1,9,-1,6,1,40,7,1968,2,7,SEAT ALHAMBRA,7,E01030994,0,1
2024010518033,2024,010518033,1,9,0,9,9,5,3,0,0,8,0,0,0,0,4,1,1,1,1,48,8,1968,2,9,SEAT ALHAMBRA,6,E01001245,0,2
2024010542204,2024,010542204,1,9,0,5,5,7,3,0,0,2,0,0,0,0,3,1,1,1,1,48,8,1968,2,6,SEAT ALHAMBRA,3,E01003439,0,1
202454B846424,2024,54B846424,5,9,0,18,19,3,7,0,0,0,0,0,0,0,0,1,6,6,2,65,9,1968,2,8,SEAT ALHAMBRA,7,E01015576,0,4
2024501422334,2024,501422334,1,9,0,-1,3,1,5,-1,0,1,0,0,0,0,1,9,-1,6,1,-1,-1,1968,2,13,SEAT ALHAMBRA,-1,-1,0,-1
2024031529887,2024,031529887,2,9,0,-1,19,1,6,-1,0,8,0,0,0,0,2,1,-1,9,2,47,8,1968,2,7,SEAT ALHAMBRA,8,E01019185,0,1
2024440113807,2024,440113807,1,8,0,5,5,1,5,0,0,1,0,0,0,0,1,1,1,1,1,34,6,1968,2,5,SEAT ALHAMBRA,5,E01017030,0,1
2024201456939,2024,201456939,1,9,0,-1,7,5,8,-1,0,4,0,0,0,0,1,1,-1,9,1,49,8,1968,2,7,SEAT ALHAMBRA,1,E01009342,0,1
2024010537558,2024,010537558,1,9,0,18,19,5,1,0,0,0,0,0,0,0,2,1,6,6,1,58,9,1968,2,4,SEAT ALHAMBRA,3,E01004436,0,1
2024361516429,2024,361516429,1,9,0,-1,4,3,7,-1,0,0,0,0,0,0,1,1,-1,9,1,59,9,1968,2,6,SEAT ALHAMBRA,-1,-1,0,-1
2024991437171,2024,991437171,2,8,0,-1,19,4,8,-1,0,1,0,0,0,0,2,1,-1,9,1,68,10,1968,2,7,SEAT ALHAMBRA,2,-1,0,1
2024010524188,2024,010524188,2,9,0,18,19,5,1,0,0,1,0,0,0,0,2,1,1,1,1,47,8,1968,2,6,SEAT ALHAMBRA,7,E01033912,0,4
2024351465286,2024,351465286,1,9,0,-1,5,1,4,-1,0,0,0,0,0,0,1,1,-1,6,2,50,8,1968,2,8,SEAT ALHAMBRA,10,E01018295,0,1
202417M117224,2024,17M117224,1,9,0,-1,19,4,8,-1,0,8,0,0,0,0,3,1,-1,2,1,35,6,1968,2,5,SEAT ALHAMBRA,-1,-1,0,-1
2024010508960,2024,010508960,1,2,0,15,15,5,1,0,0,1,0,0,0,0,3,1,6,6,1,28,6,-1,3,1,-1,-1,-1,0,-1
202454C733024,2024,54C733024,2,3,0,9,9,6,4,0,0,2,0,0,0,0,2,1,2,2,1,49,8,124,1,8,-1,8,E01034536,0,2
2024320424809,2024,320424809,2,4,0,-1,-1,1,5,0,0,0,5,0,0,0,3,1,-1,-1,1,34,6,124,1,8,-1,4,E01026057,0,1
2024461496435,2024,461496435,1,5,0,-1,15,3,7,-1,0,0,0,0,0,0,3,1,-1,6,1,49,8,999,1,18,SUZUKI GSXR,-1,-1,0,-1
2024010540836,2024,010540836,1,5,0,14,14,1,5,0,0,8,0,0,0,0,1,1,6,6,1,32,6,998,1,16,SUZUKI GSXR,8,E01021621,0,4
2024161451756,2024,161451756,2,3,0,-1,19,7,3,-1,0,1,0,0,0,0,1,1,-1,9,1,28,6,124,1,6,SUZUKI GSXR,4,E01012986,0,3
2024101492257,2024,101492257,1,5,0,-1,19,1,5,-1,0,1,0,0,7,0,1,1,-1,9,1,78,11,1000,1,7,SUZUKI GSXR,-1,-1,0,-1
2024471470449,2024,471470449,1,3,0,-1,19,3,7,-1,0,1,1,0,0,0,4,1,-1,9,2,23,5,124,1,7,SUZUKI GSXR,5,E01016855,0,1
2024070555120,2024,070555120,2,3,0,18,19,7,1,0,0,8,0,0,0,0,4,1,2,2,1,17,4,124,1,1,SUZUKI GSXR,3,E01018552,0,1
2024031456058,2024,031456058,1,5,0,-1,19,7,3,-1,0,0,0,0,0,0,3,1,-1,9,1,39,7,-1,-1,-1,SUZUKI GSXR,6,E01011071,0,5
2024430284014,2024,430284014,1,5,0,4,4,-1,-1,0,0,1,1,0,0,0,0,1,6,6,1,62,9,599,1,22,SUZUKI GSXR,10,E01016816,0,2
2024320519549,2024,320519549,2,4,0,-1,-1,8,4,0,0,0,0,0,7,0,3,1,1,1,1,18,4,124,1,2,SUZUKI GSXR,6,E01026399,0,2
2024461430528,2024,461430528,1,3,0,-1,19,2,6,-1,0,1,0,0,0,0,1,1,-1,2,1,29,6,749,1,17,SUZUKI GSXR,7,E01024712,0,1
2024471450488,2024,471450488,1,3,0,-1,19,5,2,-1,-1,0,0,0,1,1,1,1,-1,9,1,18,4,125,1,5,SUZUKI GSXR,10,E01031754,0,3
2024320517276,2024,320517276,1,5,0,13,13,4,8,0,0,1,5,0,0,0,2,1,6,6,2,30,6,749,1,16,SUZUKI GSXR,2,E01026030,0,1
202460Q099672,2024,60Q099672,3,3,0,10,10,7,3,0,0,1,0,0,0,0,2,1,6,6,2,38,7,124,1,1,SUZUKI GSXR,-1,-1,0,-1
2024320183302,2024,320183302,1,4,0,13,13,2,6,0,0,1,0,0,0,0,1,1,6,6,1,17,4,124,1,4,SUZUKI GSXR,-1,-1,0,-1
2024361433326,2024,361433326,2,5,0,-1,19,3,7,-1,0,0,0,0,0,0,1,1,-1,6,1,26,6,600,1,27,SUZUKI GSXR,3,E01034767,0,1
2024320450473,2024,320450473,1,5,0,-1,-1,4,7,0,0,0,5,0,7,10,1,1,6,6,1,39,7,1000,1,5,SUZUKI GSXR,-1,-1,0,-1
2024010516816,2024,010516816,2,5,0,18,19,3,7,0,0,8,0,0,1,10,3,1,6,6,1,49,8,999,1,9,SUZUKI GSXR,9,E01004593,0,2
2024340WN4222,2024,340WN4222,1,5,0,-1,19,6,2,-1,0,0,0,0,0,0,1,1,-1,9,1,43,7,749,1,17,SUZUKI GSXR,7,E01028856,0,4
2024540163624,2024,540163624,1,5,0,18,19,4,8,0,0,1,0,0,0,0,1,1,2,2,1,42,7,749,1,24,SUZUKI GSXR,7,E01031974,0,2
2024361415355,2024,361415355,1,3,0,-1,19,2,6,-1,0,1,2,0,0,0,1,1,-1,9,1,24,5,124,1,1,SUZUKI GSXR,3,E01026775,0,2
2024421467499,2024,421467499,3,3,0,-1,19,1,3,-1,0,0,0,0,0,0,3,1,-1,9,1,18,4,124,1,0,SUZUKI GSXR,9,E01021564,0,3
2024461414337,2024,461414337,2,3,0,-1,3,3,7,-1,0,0,0,0,0,0,2,1,-1,9,1,26,6,125,1,6,SUZUKI GSXR,7,E01000748,0,2
2024361528746,2024,361528746,1,3,0,-1,19,5,1,-1,0,0,0,0,0,0,1,1,-1,2,1,18,4,124,1,2,SUZUKI GSXR,2,E01030248,0,3
202454B926424,2024,54B926424,1,4,0,18,19,4,8,0,0,1,0,0,0,0,1,1,2,2,1,17,4,124,1,0,SUZUKI GSXR,7,E01032100,0,2
2024320308595,2024,320308595,1,5,0,99,99,3,7,0,0,0,1,10,0,0,0,1,-1,-1,1,38,7,750,1,9,SUZUKI GSXR,4,E01015630,0,4
2024302400814,2024,302400814,2,5,0,3,3,5,1,0,0,1,0,0,0,0,2,1,6,6,1,58,9,1000,1,7,SUZUKI GSXR,-1,-1,0,-1
2024010548934,2024,010548934,1,5,0,18,19,4,8,2,2,1,0,0,0,0,1,1,6,6,1,40,7,998,1,16,SUZUKI GSXR,2,E01003961,0,1
2024991461709,2024,991461709,1,5,0,-1,19,8,4,-1,0,0,0,0,0,0,0,1,-1,9,1,50,8,750,1,7,SUZUKI GSXR,3,-1,0,3
2024131470878,2024,131470878,3,5,0,-1,19,1,1,-1,0,8,2,0,0,0,1,1,-1,6,1,54,8,1000,1,5,SUZUKI GSXR,8,E01011522,0,3