collision_index,collision_year,collision_ref_no,vehicle_reference,vehicle_type,towing_and_articulation,vehicle_manoeuvre_historic,vehicle_manoeuvre,vehicle_direction_from,vehicle_direction_to,vehicle_location_restricted_lane_historic,vehicle_location_restricted_lane,junction_location,skidding_and_overturning,hit_object_in_carriageway,vehicle_leaving_carriageway,hit_object_off_carriageway,first_point_of_impact,vehicle_left_hand_drive,journey_purpose_of_driver_historic,journey_purpose_of_driver,sex_of_driver,age_of_driver,age_band_of_driver,engine_capacity_cc,propulsion_code,age_of_vehicle,generic_make_model,driver_imd_decile,lsoa_of_driver,escooter_flag,driver_distance_banding
2024430307188,2024,430307188,1,5,0,17,19,7,4,0,0,0,0,0,1,0,3,1,6,6,1,36,7,599,1,16,SUZUKI GSXR,2,E01028518,0,4
202454A242624,2024,54A242624,2,5,0,18,19,5,1,0,0,1,0,0,1,0,1,1,6,6,1,57,9,988,1,21,SUZUKI GSXR,10,E01032055,0,4
2024211493160,2024,211493160,1,3,0,-1,19,1,5,-1,0,1,0,0,0,0,1,1,-1,6,2,35,6,124,1,1,SUZUKI GSXR,-1,-1,0,-1
2024111444189,2024,111444189,2,5,0,-1,11,3,7,-1,0,0,0,0,0,0,3,1,-1,6,1,32,6,999,1,13,SUZUKI GSXR,1,E01012327,0,1
2024332400789,2024,332400789,2,5,0,-1,19,1,5,-1,0,8,0,0,0,0,1,1,-1,9,1,54,8,999,1,12,SUZUKI GSXR,3,E01031081,0,4
2024461457392,2024,461457392,2,5,0,-1,19,3,7,-1,0,8,5,0,0,0,0,1,-1,6,1,28,6,599,1,17,SUZUKI GSXR,5,E01003213,0,4
2024131485454,2024,131485454,2,5,0,-1,19,1,5,-1,0,0,0,0,0,0,1,1,-1,9,1,36,7,998,1,16,SUZUKI GSXR,1,E01011358,0,1
2024430288199,2024,430288199,2,5,0,18,19,1,5,0,0,2,1,0,0,0,1,1,6,6,1,49,8,600,1,25,SUZUKI GSXR,2,E01016806,0,2
2024421522833,2024,421522833,2,5,0,-1,19,7,3,-1,0,1,1,0,0,0,3,1,-1,9,1,34,6,599,1,21,SUZUKI GSXR,4,E01021984,0,1
2024501485139,2024,501485139,2,5,0,-1,19,5,1,-1,0,0,0,0,1,0,3,1,-1,6,1,31,6,599,1,18,SUZUKI GSXR,2,E01018999,0,2
2024211422527,2024,211422527,1,5,0,-1,19,7,3,-1,0,0,1,0,4,0,4,1,-1,6,1,49,8,999,1,7,SUZUKI GSXR,3,E01034058,0,3
2024010541308,2024,010541308,1,5,0,18,19,5,1,0,0,1,0,0,0,0,0,1,6,6,1,31,6,749,1,15,SUZUKI GSXR,-1,-1,0,-1
2024631430023,2024,631430023,1,4,0,-1,19,6,3,-1,0,8,0,0,0,0,2,1,-1,6,1,18,4,124,1,1,SUZUKI GSXR,4,W01000603,0,2
2024461442203,2024,461442203,1,5,0,-1,19,4,8,-1,0,0,0,0,0,0,1,1,-1,2,2,32,6,599,1,9,SUZUKI GSXR,7,E01024721,0,1
2024122400420,2024,122400420,2,3,0,18,19,5,1,0,0,1,0,0,0,0,1,1,6,6,1,19,4,125,1,6,SUZUKI GSXR,10,E01013452,0,2
2024320493835,2024,320493835,1,3,0,13,13,8,4,0,0,1,5,0,0,0,1,1,-1,-1,1,23,5,124,1,1,SUZUKI GSXR,2,E01026382,0,4
2024991458216,2024,991458216,1,5,0,-1,19,8,5,-1,0,0,0,0,0,0,1,1,-1,9,1,30,6,749,1,17,SUZUKI GSXR,-1,-1,0,-1
2024501471414,2024,501471414,1,3,0,-1,19,5,8,-1,0,4,1,0,0,0,4,1,-1,9,2,19,4,125,1,6,SUZUKI GSXR,6,E01015132,0,1
2024311461673,2024,311461673,1,5,0,-1,19,1,5,-1,0,1,0,0,0,0,1,1,-1,6,1,51,8,600,1,27,SUZUKI GSXR,-1,-1,0,-1
2024141458375,2024,141458375,1,5,0,-1,19,3,7,-1,0,0,0,0,0,0,1,1,-1,6,1,64,9,749,1,14,SUZUKI GSXR,2,E01005260,0,4
2024010542824,2024,010542824,2,3,0,18,19,3,7,0,0,1,0,0,0,0,1,1,2,2,1,21,5,124,1,6,SUZUKI GSXR,10,E01030500,0,4
2024421532557,2024,421532557,2,5,0,-1,19,8,5,-1,0,4,5,0,0,0,1,1,-1,6,1,44,7,599,1,26,SUZUKI GSXR,1,E01015842,0,2
2024461526042,2024,461526042,1,5,0,-1,19,6,2,-1,0,8,1,0,4,0,4,1,-1,1,1,33,6,988,1,21,SUZUKI GSXR,4,E01024029,0,1
2024320619281,2024,320619281,2,3,0,-1,-1,2,6,0,0,1,2,0,0,0,4,1,-1,-1,1,35,6,124,1,1,SUZUKI GSXR,2,E01026165,0,1
2024430169056,2024,430169056,2,5,0,13,13,2,6,0,0,8,0,0,0,0,1,1,6,6,1,25,5,599,1,21,SUZUKI GSXR,5,E01016580,0,1
2024332400383,2024,332400383,1,3,0,-1,19,2,5,-1,0,8,1,10,0,0,4,1,-1,6,1,38,7,599,1,18,SUZUKI GSXR,3,E01013681,0,1
2024440266994,2024,440266994,2,5,0,13,13,5,1,0,0,1,0,0,0,0,1,1,6,6,1,41,7,749,1,20,SUZUKI GSXR,8,E01022760,0,2
2024461507201,2024,461507201,1,4,0,-1,19,7,3,-1,0,0,0,0,0,0,1,1,-1,6,1,38,7,749,1,21,SUZUKI GSXR,6,E01024378,0,4
2024440084170,2024,440084170,2,5,0,14,14,4,8,0,0,0,0,0,0,0,1,1,1,1,1,19,4,600,1,27,SUZUKI GSXR,8,E01022762,0,1
2024340WN5562,2024,340WN5562,2,5,0,-1,19,3,7,-1,0,1,0,0,0,0,1,1,-1,9,1,24,5,999,1,18,SUZUKI GSXR,8,E01031337,0,4
2024552401364,2024,552401364,2,2,0,18,19,2,6,0,0,8,0,0,0,0,4,1,2,2,1,18,4,124,1,0,SUZUKI GSXR,9,E01020391,0,2
2024010519658,2024,010519658,1,3,0,4,4,7,3,0,0,0,2,0,0,0,1,1,6,6,2,22,5,124,1,2,SUZUKI GSXR,10,E01030541,0,3
2024221463032,2024,221463032,2,3,0,-1,19,2,6,-1,0,8,0,0,0,0,1,1,-1,7,1,17,4,124,1,2,SUZUKI GSXR,4,E01014206,0,1
2024340WN9122,2024,340WN9122,1,5,0,-1,19,7,3,-1,0,8,5,0,3,4,1,1,-1,6,1,43,7,988,1,21,SUZUKI GSXR,6,E01027234,0,1
2024010510455,2024,010510455,2,5,0,18,19,1,5,0,0,1,0,0,0,0,1,1,6,6,1,28,6,599,1,23,SUZUKI GSXR,3,E01001109,0,1
2024361438410,2024,361438410,2,5,0,-1,19,7,3,-1,0,8,0,0,3,0,4,1,-1,6,1,29,6,599,1,9,SUZUKI GSXR,4,E01026638,0,3
2024361484411,2024,361484411,1,3,0,-1,13,6,2,-1,0,0,2,0,0,0,1,1,-1,9,1,21,5,124,1,0,SUZUKI GSXR,6,E01026449,0,3
2024201480719,2024,201480719,1,2,0,-1,19,6,2,-1,0,0,0,0,0,0,1,1,-1,2,1,31,6,749,1,14,SUZUKI GSXR,6,E01010536,0,3
2024311394906,2024,311394906,2,5,0,-1,19,2,6,-1,0,0,0,0,0,0,1,1,-1,6,1,47,8,988,1,21,SUZUKI GSXR,5,E01028164,0,1
2024122400667,2024,122400667,1,4,0,18,19,3,7,0,0,0,1,0,0,0,1,1,6,6,2,17,4,124,1,4,SUZUKI GSXR,5,E01027773,0,1
2024311430103,2024,311430103,1,5,0,-1,9,2,7,-1,0,8,2,0,0,0,3,1,-1,9,1,36,7,599,1,18,SUZUKI GSXR,-1,-1,0,-1
2024101461632,2024,101461632,1,5,0,-1,19,3,7,-1,0,1,1,0,0,0,1,1,-1,9,1,40,7,750,1,8,SUZUKI GSXR,9,E01008475,0,2
2024552400747,2024,552400747,2,5,0,13,13,8,4,0,0,0,0,0,0,0,4,1,6,6,1,28,6,749,1,17,SUZUKI GSXR,3,E01015415,0,4
2024471526408,2024,471526408,1,5,0,-1,5,3,1,-1,0,2,0,0,0,0,4,1,-1,1,1,41,7,599,1,20,SUZUKI GSXR,7,E01031379,0,1
2024061496813,2024,061496813,1,5,5,-1,19,5,1,-1,0,0,5,0,1,0,1,1,-1,6,1,40,7,749,1,16,SUZUKI GSXR,-1,-1,0,-1
2024421521785,2024,421521785,1,5,0,-1,4,7,3,-1,0,0,0,0,0,0,1,1,-1,6,1,46,8,749,1,14,SUZUKI GSXR,10,E01016538,0,4
2024411412364,2024,411412364,1,3,0,-1,11,1,4,-1,0,0,0,0,0,0,3,1,-1,6,1,18,4,125,1,5,SUZUKI GSXR,9,E01023507,0,1
2024201437330,2024,201437330,2,5,0,-1,14,6,2,-1,0,8,1,0,0,0,1,1,-1,6,1,28,6,599,1,15,SUZUKI GSXR,8,E01009919,0,3
2024411490166,2024,411490166,1,3,0,-1,19,3,1,-1,0,1,0,0,0,0,1,1,-1,9,1,19,4,125,1,5,SUZUKI GSXR,10,E01023476,0,1
2024552401021,2024,552401021,1,4,0,13,13,3,7,0,0,8,0,0,0,0,1,1,6,6,1,26,6,599,1,18,SUZUKI GSXR,8,E01015333,0,1
2024461438635,2024,461438635,2,5,0,-1,19,1,5,-1,0,1,0,0,0,0,3,1,-1,6,1,-1,-1,749,1,17,SUZUKI GSXR,8,E01015823,0,4
2024361476844,2024,361476844,1,5,0,-1,19,1,5,-1,0,0,0,0,0,0,1,1,-1,9,1,28,6,599,1,23,SUZUKI GSXR,2,E01026607,0,3
202460Q088203,2024,60Q088203,1,5,0,17,19,1,5,0,0,1,1,10,1,10,4,1,6,6,1,48,8,599,1,21,SUZUKI GSXR,-1,-1,0,-1
2024371459258,2024,371459258,1,5,0,-1,19,2,6,-1,0,0,0,0,0,0,1,1,-1,6,1,25,5,999,1,17,SUZUKI GSXR,5,E01033448,0,3
2024421461958,2024,421461958,4,5,0,-1,2,7,7,-1,9,1,0,0,0,0,4,1,-1,6,-1,-1,-1,599,1,22,SUZUKI GSXR,-1,-1,0,-1
2024440003623,2024,440003623,1,3,0,18,19,2,6,0,0,2,0,0,0,0,1,1,6,6,2,19,4,125,1,6,SUZUKI GSXR,3,E01017242,0,1
2024991473299,2024,991473299,2,5,0,-1,13,4,8,-1,0,1,0,0,7,0,1,1,-1,6,1,23,5,599,1,19,SUZUKI GSXR,-1,-1,0,-1
2024161454066,2024,161454066,1,5,0,-1,19,5,1,-1,0,0,0,0,1,0,1,1,-1,9,1,45,7,988,1,22,SUZUKI GSXR,1,E01012852,0,2
2024411542358,2024,411542358,1,5,0,-1,10,4,2,-1,0,1,0,0,0,0,4,1,-1,6,1,32,6,998,1,16,SUZUKI GSXR,2,E01001196,0,3
2024440193308,2024,440193308,1,3,0,18,19,6,2,0,0,1,0,0,3,11,1,1,2,2,2,51,8,125,1,5,SUZUKI GSXR,-1,-1,0,-1
2024201444455,2024,201444455,1,5,0,-1,13,4,8,-1,0,0,5,0,0,0,1,1,-1,9,1,42,7,750,1,9,SUZUKI GSXR,2,E01009930,0,2
2024471457340,2024,471457340,1,5,0,-1,19,5,1,-1,0,0,5,0,0,0,1,1,-1,9,1,35,6,599,1,22,SUZUKI GSXR,5,E01030995,0,4
2024161485964,2024,161485964,1,3,0,-1,19,3,7,-1,0,1,0,0,0,0,1,1,-1,9,1,18,4,124,1,1,SUZUKI GSXR,5,E01012829,0,1
2024010521244,2024,010521244,1,5,0,13,13,1,5,0,0,1,0,0,0,0,4,1,6,6,1,37,7,1000,1,5,SUZUKI GSXR,6,E01002668,0,1
2024552401459,2024,552401459,2,3,0,15,15,4,8,0,0,8,0,0,0,0,3,1,2,2,1,35,6,124,1,0,SUZUKI GSXR,7,E01015462,0,1
2024031467391,2024,031467391,1,5,0,-1,19,4,8,-1,9,0,2,10,1,0,1,1,-1,6,1,35,6,988,1,18,SUZUKI GSXR,1,E01019113,0,1
2024311454264,2024,311454264,4,5,0,-1,19,6,2,-1,0,0,0,0,0,0,1,1,-1,6,1,37,7,749,1,15,SUZUKI GSXR,7,E01025937,0,4
2024991426776,2024,991426776,2,5,0,-1,19,4,8,-1,0,1,5,0,1,0,1,1,-1,6,1,49,8,1000,1,6,SUZUKI GSXR,5,-1,0,1
2024522402913,2024,522402913,1,4,0,18,19,2,6,0,0,8,0,0,0,0,1,1,6,6,1,18,4,124,1,2,SUZUKI GSXR,3,E01014609,0,2
2024451523268,2024,451523268,1,5,0,-1,19,7,3,-1,0,1,0,0,0,0,3,1,-1,2,1,46,8,998,1,17,SUZUKI GSXR,9,E01030539,0,2
2024351432667,2024,351432667,1,3,0,-1,19,5,1,-1,0,0,0,0,1,4,4,1,-1,6,1,24,5,124,1,4,SUZUKI GSXR,6,E01018052,0,2
2024141458796,2024,141458796,1,3,0,-1,19,2,6,-1,0,8,0,0,0,0,1,1,-1,6,1,26,6,124,1,6,SUZUKI GSXR,1,E01012952,0,4
2024430615747,2024,430615747,2,3,0,13,13,1,5,0,0,1,0,7,0,0,1,1,6,6,1,17,4,124,1,2,SUZUKI GSXR,9,E01028794,0,4
2024320276797,2024,320276797,1,5,0,-1,-1,4,8,0,0,1,2,0,1,0,3,1,6,6,1,35,6,600,1,25,SUZUKI GSXR,1,E01026157,0,3
2024451481626,2024,451481626,2,5,0,-1,7,4,8,-1,0,0,2,0,1,0,3,1,-1,9,1,59,9,999,1,19,SUZUKI GSXR,8,E01030528,0,3
2024221450641,2024,221450641,1,5,0,-1,5,7,5,-1,0,8,0,0,0,0,1,1,-1,9,1,48,8,1000,1,6,SUZUKI GSXR,6,E01032460,0,3
2024010530309,2024,010530309,2,3,0,13,13,7,3,0,0,0,0,0,0,0,1,1,2,2,1,29,6,125,1,4,SUZUKI GSXR,8,E01023884,0,3
2024010528030,2024,010528030,1,5,0,18,19,1,5,0,0,0,5,0,0,0,1,1,2,2,1,37,7,749,1,13,SUZUKI GSXR,5,E01003198,0,1
2024471485495,2024,471485495,2,5,0,-1,19,6,2,-1,0,1,0,0,0,0,1,1,-1,2,1,40,7,999,1,18,SUZUKI GSXR,5,E01020967,0,1
2024221454509,2024,221454509,1,5,0,-1,19,8,4,-1,0,0,1,0,0,0,1,1,-1,6,1,37,7,599,1,19,SUZUKI GSXR,2,E01014042,0,3
2024421466538,2024,421466538,1,5,0,-1,19,6,2,-1,0,0,2,0,0,0,1,1,-1,2,2,37,7,599,1,9,SUZUKI GSXR,2,E01021316,0,2
2024531503027,2024,531503027,1,5,0,-1,19,1,1,-1,0,0,0,0,7,4,1,1,-1,6,1,35,6,599,1,8,SUZUKI GSXR,5,E01029367,0,4
2024421403071,2024,421403071,1,5,0,-1,15,3,7,-1,0,0,0,0,0,0,1,1,-1,2,1,36,7,750,1,12,SUZUKI GSXR,1,E01016007,0,1
2024161463288,2024,161463288,1,3,0,-1,19,3,7,-1,0,0,0,0,0,0,1,1,-1,2,2,28,6,124,1,1,SUZUKI GSXR,2,E01013259,0,2
2024991459090,2024,991459090,1,5,0,-1,19,6,3,-1,0,8,0,0,1,1,1,1,-1,6,1,54,8,999,1,18,SUZUKI GSXR,1,E01035622,0,5
2024552400706,2024,552400706,1,2,0,16,19,2,5,0,0,8,0,0,7,0,1,1,2,2,1,19,4,600,1,27,SUZUKI GSXR,10,E01020407,0,2
2024010525209,2024,010525209,1,5,0,7,7,5,8,0,0,1,1,0,0,0,0,1,6,6,1,46,8,599,1,14,SUZUKI GSXR,7,E01000438,0,4
2024010528176,2024,010528176,1,5,0,18,19,7,3,0,0,0,2,10,0,0,3,1,6,6,1,43,7,599,1,16,SUZUKI GSXR,-1,-1,0,-1
2024361488312,2024,361488312,2,5,0,-1,13,6,1,-1,0,0,1,0,7,0,3,1,-1,2,1,34,6,599,1,14,SUZUKI GSXR,8,E01026551,0,2
2024631403348,2024,631403348,1,5,0,-1,19,7,3,-1,0,8,0,0,0,0,1,1,-1,6,1,24,5,599,1,26,SUZUKI GSXR,2,W01000588,0,1
2024440373816,2024,440373816,1,4,0,18,19,5,1,0,0,8,0,0,0,0,2,1,6,6,1,55,8,999,1,19,SUZUKI GSXR,4,E01023019,0,2
2024471433871,2024,471433871,2,3,0,-1,19,6,2,-1,0,0,2,0,7,10,3,1,-1,9,1,20,4,124,1,7,SUZUKI GSXR,1,E01016942,0,4
2024440242113,2024,440242113,1,5,0,16,19,8,3,0,0,0,1,0,7,4,1,1,6,6,1,24,5,988,1,20,SUZUKI GSXR,5,E01022543,0,3
2024501500028,2024,501500028,2,5,0,-1,19,3,7,-1,0,0,0,0,0,0,0,1,-1,6,1,38,7,599,1,19,SUZUKI GSXR,3,E01020155,0,3
2024010512062,2024,010512062,2,5,0,18,19,3,7,0,0,0,0,0,0,0,1,1,6,6,1,28,6,750,1,8,SUZUKI GSXR,-1,-1,0,-1
2024552400214,2024,552400214,1,5,0,18,19,6,2,0,0,0,1,0,1,0,0,1,6,6,1,30,6,599,1,13,SUZUKI GSXR,4,E01015420,0,3
2024421469883,2024,421469883,1,5,0,-1,5,7,5,-1,4,1,0,0,0,0,3,1,-1,2,1,43,7,999,1,10,SUZUKI GSXR,9,E01015857,0,1
2024440348046,2024,440348046,1,5,0,17,19,4,8,0,0,3,1,10,0,0,1,1,6,6,1,34,6,749,1,13,SUZUKI GSXR,-1,-1,0,-1
2024440021780,2024,440021780,1,5,0,18,19,1,5,0,0,2,1,0,0,0,4,1,2,2,1,65,9,750,1,8,SUZUKI GSXR,8,E01030803,0,1
2024302400381,2024,302400381,1,4,0,17,19,5,2,0,0,0,1,0,0,0,2,1,6,6,1,33,6,749,1,19,SUZUKI GSXR,5,E01019623,0,1
2024361503771,2024,361503771,1,3,0,-1,19,5,1,-1,0,0,0,0,0,0,1,1,-1,2,1,18,4,124,1,2,SUZUKI GSXR,2,E01030248,0,3
2024371417096,2024,371417096,1,5,0,-1,19,7,4,-1,0,1,0,0,0,0,1,1,-1,6,1,30,6,599,1,20,SUZUKI GSXR,8,E01030214,0,3
2024451534672,2024,451534672,1,5,0,-1,19,6,2,-1,0,0,1,5,0,0,1,1,-1,6,1,25,5,599,1,22,SUZUKI GSXR,9,E01030795,0,1
2024010545373,2024,010545373,1,5,0,14,14,5,1,0,0,2,0,0,0,0,3,1,6,6,1,51,8,749,1,17,SUZUKI GSXR,1,E01002280,0,1
2024552400299,2024,552400299,1,5,0,7,7,1,3,0,0,3,0,0,0,0,1,1,6,6,1,19,4,988,1,21,SUZUKI GSXR,10,E01023209,0,4
2024461462503,2024,461462503,1,5,0,-1,4,7,6,-1,0,0,0,0,0,0,1,1,-1,2,1,53,8,600,1,25,SUZUKI GSXR,7,E01024569,0,1
2024430265073,2024,430265073,2,5,0,18,19,5,1,0,0,8,2,0,0,0,4,1,6,6,1,47,8,749,1,19,SUZUKI GSXR,6,E01028503,0,2
2024101459538,2024,101459538,2,5,0,-1,19,5,1,-1,0,0,1,0,7,0,1,1,-1,9,1,59,9,999,1,17,SUZUKI GSXR,2,E01008819,0,1
2024471467568,2024,471467568,2,4,0,-1,19,3,7,-1,0,8,0,0,0,0,1,1,-1,6,1,60,9,750,1,7,SUZUKI GSXR,7,E01031417,0,2
2024010535853,2024,010535853,1,5,0,18,19,3,7,0,0,8,0,0,0,0,4,1,2,2,1,41,7,599,1,15,SUZUKI GSXR,6,E01033734,0,2
2024461444784,2024,461444784,2,5,0,-1,14,5,1,-1,0,1,5,0,0,0,1,1,-1,9,1,49,8,600,1,21,SUZUKI GSXR,6,E01024847,0,1
202460Q160335,2024,60Q160335,1,5,0,14,14,1,5,0,0,1,1,0,0,0,1,1,6,6,1,18,4,599,1,7,SUZUKI GSXR,-1,-1,0,-1
2024991439450,2024,991439450,3,5,0,-1,19,8,4,-1,0,0,0,0,7,0,1,1,-1,6,1,50,8,998,1,17,SUZUKI GSXR,-1,-1,0,-1
2024552401080,2024,552401080,2,5,0,18,19,8,4,0,0,8,0,0,0,0,0,1,2,2,1,45,7,1000,1,17,SUZUKI GSXR,5,E01015274,0,3
2024311395163,2024,311395163,2,3,0,-1,19,3,5,-1,0,0,0,0,1,0,3,1,-1,9,1,56,9,124,1,2,SUZUKI GSXR,2,E01028233,0,1
2024461520752,2024,461520752,1,5,0,-1,19,4,8,-1,0,1,0,0,0,0,1,1,-1,6,1,33,6,749,1,15,SUZUKI GSXR,5,E01024201,0,1
2024340WN4622,2024,340WN4622,1,5,0,-1,19,7,3,-1,0,8,1,0,1,11,1,1,-1,6,1,34,6,750,1,8,SUZUKI GSXR,4,E01035429,0,3
2024070342167,2024,070342167,3,3,0,17,19,7,3,0,0,0,2,1,0,0,1,1,6,6,1,17,4,125,1,6,SUZUKI GSXR,1,E01018476,0,1
2024061473021,2024,061473021,2,3,0,-1,19,3,7,-1,0,0,0,0,0,0,4,1,-1,1,1,36,7,125,1,4,SUZUKI GSXR,1,E01032912,0,1
2024131475633,2024,131475633,1,5,0,-1,19,5,1,-1,0,1,5,0,0,0,1,1,-1,6,1,37,7,124,1,2,SUZUKI GSXR,5,E01035047,0,1
2024332400266,2024,332400266,1,5,0,-1,5,8,4,-1,0,1,0,0,1,1,1,1,-1,6,1,46,8,599,1,20,SUZUKI GSXR,5,E01025927,0,2
2024421404238,2024,421404238,1,5,0,-1,7,1,6,-1,0,3,1,0,0,0,4,1,-1,2,1,49,8,599,1,23,SUZUKI GSXR,4,E01001756,0,4
2024501427903,2024,501427903,1,3,0,-1,19,8,4,-1,0,0,1,0,0,0,1,1,-1,6,2,23,5,124,1,1,SUZUKI GSXR,2,E01018797,0,2
2024302401027,2024,302401027,2,5,0,18,19,1,5,0,0,0,0,0,0,0,1,1,6,6,1,57,9,750,1,9,SUZUKI GSXR,9,E01008023,0,3
2024631467687,2024,631467687,2,5,0,-1,19,4,8,-1,0,8,1,0,7,10,1,1,-1,6,1,29,6,599,1,15,SUZUKI GSXR,5,W01000566,0,3
2024231431447,2024,231431447,2,5,0,-1,19,5,1,-1,0,1,0,0,0,0,1,1,-1,6,1,39,7,998,1,16,SUZUKI GSXR,3,E01031109,0,2
2024010515113,2024,010515113,2,3,0,18,19,4,8,0,0,0,0,0,1,0,1,1,6,6,1,27,6,125,1,4,SUZUKI GSXR,-1,-1,0,-1
2024010536690,2024,010536690,2,5,0,99,99,9,9,99,99,9,9,99,9,99,1,1,6,6,1,36,7,749,1,15,SUZUKI GSXR,4,E01004331,0,1
2024320520020,2024,320520020,1,5,0,-1,-1,2,4,0,0,2,5,0,0,0,0,1,-1,-1,1,33,6,1000,1,6,SUZUKI GSXR,-1,-1,0,-1
2024461423477,2024,461423477,1,3,0,-1,19,1,5,-1,0,0,0,0,0,0,1,1,-1,9,1,18,4,124,1,1,SUZUKI GSXR,10,E01024631,0,3
2024421444496,2024,421444496,1,5,0,-1,19,2,6,-1,0,1,2,0,0,0,1,1,-1,9,1,30,6,988,1,21,SUZUKI GSXR,5,E01003724,0,1
2024010530550,2024,010530550,1,3,0,18,19,5,1,0,0,1,0,0,0,0,0,1,6,6,1,37,7,125,1,4,SUZUKI GSXR,5,E01004414,0,2
2024430561075,2024,430561075,2,4,0,18,19,1,5,0,0,8,0,0,0,0,1,1,6,6,1,23,5,125,1,4,SUZUKI GSXR,3,E01016454,0,1
2024351432197,2024,351432197,1,3,0,-1,14,7,3,-1,0,1,1,0,0,0,4,1,-1,6,1,24,5,124,1,1,SUZUKI GSXR,1,E01015663,0,1
2024461477971,2024,461477971,1,5,0,-1,19,4,8,-1,0,0,5,0,0,0,2,1,-1,6,1,27,6,749,1,19,SUZUKI GSXR,3,E01024641,0,1
2024122400849,2024,122400849,2,5,0,18,19,8,4,0,0,8,0,0,0,0,1,1,6,6,1,53,8,749,1,24,SUZUKI GSXR,2,E01013444,0,1
2024411401561,2024,411401561,1,5,0,-1,7,5,1,-1,0,0,0,0,0,0,4,1,-1,2,2,63,9,999,1,18,SUZUKI GSXR,7,E01023961,0,2
2024440343487,2024,440343487,1,5,0,13,13,6,2,0,0,0,0,0,5,6,1,1,6,6,1,19,4,749,1,17,SUZUKI GSXR,4,E01000722,0,4
2024461449201,2024,461449201,1,5,0,-1,11,5,1,-1,0,8,0,0,0,0,1,1,-1,6,1,40,7,749,1,16,SUZUKI GSXR,8,E01016105,0,1
2024311437114,2024,311437114,1,5,0,-1,19,1,5,-1,0,8,1,0,1,0,1,1,-1,9,1,41,7,999,1,9,SUZUKI GSXR,6,E01028152,0,4
2024340WN0342,2024,340WN0342,2,4,0,-1,19,5,1,-1,0,2,1,0,0,0,4,1,-1,2,1,28,6,124,1,1,SUZUKI GSXR,3,E01027154,0,1
2024501405729,2024,501405729,1,3,0,-1,9,4,8,-1,0,8,0,0,0,0,4,1,-1,6,1,23,5,125,1,5,SUZUKI GSXR,3,E01029186,0,4
2024531447542,2024,531447542,1,3,0,-1,12,5,1,-1,0,0,0,0,0,0,1,1,-1,9,1,18,4,124,1,1,SUZUKI GSXR,9,E01022363,0,3
2024991450756,2024,991450756,1,5,0,-1,9,7,5,-1,0,0,1,0,1,11,1,1,-1,6,1,34,6,749,1,16,SUZUKI GSXR,4,-1,0,1
2024430564527,2024,430564527,2,3,0,8,8,8,3,0,0,4,0,0,0,0,2,1,6,6,1,21,5,124,1,1,SUZUKI GSXR,4,E01028471,0,1
2024440052540,2024,440052540,1,4,0,18,19,5,3,0,0,1,0,0,0,0,1,1,6,6,1,64,9,349,1,84,-1,9,E01022766,0,1
2024440176568,2024,440176568,2,4,0,18,19,5,1,0,0,8,0,0,0,0,3,1,6,6,1,69,10,500,1,-1,-1,8,E01023245,0,2
2024041473575,2024,041473575,2,4,0,-1,19,4,8,-1,0,8,0,0,0,0,1,1,-1,9,1,73,10,192,1,73,-1,4,E01024998,0,3
2024461513581,2024,461513581,1,2,0,-1,19,8,4,-1,0,8,0,0,0,0,1,1,-1,6,1,16,4,50,1,7,-1,3,E01024482,0,1
2024131457400,2024,131457400,2,2,0,-1,7,5,1,-1,0,0,0,0,0,0,1,1,-1,9,1,18,4,50,1,7,-1,4,E01011075,0,2
2024332400239,2024,332400239,1,9,0,-1,19,7,3,-1,0,8,0,0,1,0,1,1,-1,9,2,45,7,1390,1,22,AUDI A2,2,E01013631,0,1
2024332400148,2024,332400148,2,9,0,-1,19,5,1,-1,0,8,0,0,7,11,1,1,-1,6,2,61,9,1390,1,19,AUDI A2,7,E01025939,0,1
2024440504872,2024,440504872,1,9,0,3,3,5,1,0,0,0,0,0,0,0,2,1,6,6,1,40,7,1422,2,22,AUDI A2,10,E01022921,0,1
2024401463114,2024,401463114,1,9,0,-1,3,6,1,-1,0,1,0,0,0,0,2,1,-1,2,1,47,8,1390,2,19,AUDI A2,4,E01015728,0,2
2024631461060,2024,631461060,1,9,0,-1,19,4,8,-1,0,8,0,0,0,0,1,1,-1,6,1,71,10,1390,1,24,AUDI A2,10,W01000859,0,3
2024501488135,2024,501488135,1,9,0,-1,7,1,3,-1,0,1,0,0,0,0,1,1,-1,7,2,53,8,1390,2,19,AUDI A2,4,E01020140,0,1
2024031494590,2024,031494590,1,9,0,-1,9,2,7,-1,0,8,0,0,0,0,3,1,-1,6,1,36,7,1598,1,22,AUDI A2,5,E01019278,0,1
2024371532830,2024,371532830,2,9,0,-1,10,3,7,-1,0,0,0,0,0,0,3,1,-1,6,2,54,8,1390,2,22,AUDI A2,9,E01030011,0,1
2024361556734,2024,361556734,2,9,0,-1,7,7,8,-1,0,0,0,0,0,0,1,1,-1,6,1,52,8,1422,2,20,AUDI A2,6,E01026535,0,3
2024430257267,2024,430257267,1,9,0,11,11,1,5,0,0,0,0,0,0,0,4,1,6,6,1,47,8,1390,1,23,AUDI A2,-1,-1,0,-1
2024430180550,2024,430180550,1,9,0,18,19,8,4,0,0,0,0,0,0,0,1,1,6,6,1,-1,-1,1390,2,20,AUDI A2,-1,-1,0,-1