collision_index,collision_year,collision_ref_no,vehicle_reference,vehicle_type,towing_and_articulation,vehicle_manoeuvre_historic,vehicle_manoeuvre,vehicle_direction_from,vehicle_direction_to,vehicle_location_restricted_lane_historic,vehicle_location_restricted_lane,junction_location,skidding_and_overturning,hit_object_in_carriageway,vehicle_leaving_carriageway,hit_object_off_carriageway,first_point_of_impact,vehicle_left_hand_drive,journey_purpose_of_driver_historic,journey_purpose_of_driver,sex_of_driver,age_of_driver,age_band_of_driver,engine_capacity_cc,propulsion_code,age_of_vehicle,generic_make_model,driver_imd_decile,lsoa_of_driver,escooter_flag,driver_distance_banding
2024501520603,2024,501520603,1,9,0,-1,9,7,5,-1,0,5,0,0,0,0,4,1,-1,6,2,69,10,1390,2,21,AUDI A2,4,E01018969,0,4
2024522402368,2024,522402368,1,9,0,11,11,4,8,0,0,1,0,0,0,0,1,1,6,6,1,39,7,1390,2,22,AUDI A2,5,E01029125,0,4
2024991441336,2024,991441336,1,9,0,-1,19,1,5,-1,0,1,0,0,0,0,1,1,-1,6,2,43,7,1390,2,20,AUDI A2,5,-1,0,3
2024440064803,2024,440064803,1,9,0,18,19,1,5,0,0,8,0,0,1,0,1,1,6,6,1,73,10,995,1,18,CHEVROLET MATIZ,5,E01017358,0,1
2024201488856,2024,201488856,1,9,0,-1,19,8,4,-1,0,0,1,4,1,0,2,1,-1,9,2,52,8,995,1,17,CHEVROLET MATIZ,3,E01029635,0,3
2024552400147,2024,552400147,2,9,0,18,19,3,7,0,0,8,0,0,0,0,3,1,6,6,2,60,9,796,1,15,CHEVROLET MATIZ,3,E01015439,0,1
2024351481780,2024,351481780,1,9,0,-1,19,7,3,-1,0,1,0,0,0,0,1,1,-1,6,2,18,4,995,1,18,CHEVROLET MATIZ,5,E01029949,0,4
2024211495420,2024,211495420,2,9,0,-1,2,1,1,-1,0,0,0,0,0,0,3,1,-1,6,1,44,7,995,1,16,CHEVROLET MATIZ,2,E01014276,0,1
2024141400077,2024,141400077,2,9,0,-1,19,3,7,-1,0,0,0,0,0,0,1,1,-1,9,1,41,7,995,1,15,CHEVROLET MATIZ,1,E01007507,0,1
2024141469898,2024,141469898,1,9,0,-1,19,1,5,-1,0,0,0,0,0,0,1,1,-1,6,2,40,7,995,1,15,CHEVROLET MATIZ,1,E01008057,0,1
2024451421255,2024,451421255,1,9,0,-1,19,7,3,-1,0,0,1,0,1,11,1,1,-1,2,2,18,4,796,1,14,CHEVROLET MATIZ,9,E01001017,0,1
2024201439430,2024,201439430,1,9,0,-1,19,8,3,-1,0,1,0,0,0,0,1,1,-1,2,1,18,4,995,1,16,CHEVROLET MATIZ,3,E01010005,0,1
2024041500913,2024,041500913,2,9,0,-1,19,1,5,-1,0,1,0,0,0,0,2,1,-1,6,2,29,6,995,1,15,CHEVROLET MATIZ,1,E01025186,0,1
2024211477972,2024,211477972,1,9,0,-1,19,5,1,-1,0,1,0,0,0,0,4,1,-1,2,1,19,4,995,1,15,CHEVROLET MATIZ,7,E01029680,0,1
2024231496613,2024,231496613,2,9,0,-1,19,5,1,-1,0,8,0,0,0,0,1,1,-1,6,2,33,6,796,1,15,CHEVROLET MATIZ,2,E01031010,0,1
2024010515193,2024,010515193,1,9,0,99,99,9,9,99,99,9,9,99,9,99,2,9,6,6,1,45,7,995,1,17,CHEVROLET MATIZ,3,E01034608,0,1
2024531475665,2024,531475665,1,9,0,-1,19,3,7,-1,0,0,5,0,5,0,3,1,-1,9,1,37,7,796,1,17,CHEVROLET MATIZ,5,E01022327,0,2
2024141406224,2024,141406224,2,9,0,-1,19,8,4,-1,0,8,0,0,0,0,3,1,-1,9,1,65,9,995,1,15,CHEVROLET MATIZ,7,E01008002,0,1
2024302400905,2024,302400905,1,9,0,18,19,2,6,0,0,0,2,0,1,0,1,1,6,6,1,22,5,995,1,18,CHEVROLET MATIZ,2,E01029447,0,1
2024361437490,2024,361437490,1,9,0,-1,19,-1,-1,-1,0,0,0,0,0,0,1,9,-1,1,2,46,8,796,1,18,CHEVROLET MATIZ,4,E01026749,0,2
2024421411264,2024,421411264,1,9,0,-1,19,2,6,-1,0,0,0,0,0,0,1,1,-1,9,1,55,8,995,1,15,CHEVROLET MATIZ,5,E01026718,0,5
2024041420456,2024,041420456,1,9,0,-1,19,3,7,-1,0,1,0,0,0,0,1,1,-1,9,2,87,11,995,1,19,CHEVROLET MATIZ,10,E01024963,0,1
2024471467175,2024,471467175,2,9,0,-1,19,1,5,-1,0,0,0,0,0,0,2,1,-1,6,1,51,8,796,1,18,CHEVROLET MATIZ,6,E01034823,0,1
2024211473248,2024,211473248,1,9,0,-1,4,5,1,-1,0,0,0,0,0,0,1,1,-1,6,1,69,10,995,1,16,CHEVROLET MATIZ,9,E01029475,0,1
2024211409703,2024,211409703,1,9,0,-1,4,6,4,-1,0,4,0,0,0,0,2,1,-1,9,2,18,4,995,1,16,CHEVROLET MATIZ,1,E01014223,0,1
2024471436242,2024,471436242,3,9,0,-1,2,0,0,-1,0,1,0,0,0,0,4,1,-1,6,-1,-1,-1,796,1,15,CHEVROLET MATIZ,-1,-1,0,-1
2024552401525,2024,552401525,1,9,0,18,19,4,8,0,0,2,5,0,1,9,1,1,6,6,1,18,4,995,1,16,CHEVROLET MATIZ,7,E01015446,0,3
2024531522444,2024,531522444,2,9,0,-1,19,8,4,-1,0,0,0,11,0,0,1,1,-1,6,2,72,10,995,1,19,CHEVROLET MATIZ,7,W01001594,0,1
2024010520297,2024,010520297,1,9,0,99,99,9,9,99,99,0,9,99,9,99,9,9,6,6,1,45,7,995,1,15,CHEVROLET MATIZ,8,E01002348,0,1
2024340WN5212,2024,340WN5212,1,9,0,-1,19,1,6,-1,0,0,0,0,1,3,1,1,-1,6,2,28,6,796,1,18,CHEVROLET MATIZ,2,E01027105,0,4
2024320065561,2024,320065561,1,9,0,13,13,6,2,0,0,0,0,0,0,0,4,1,-1,-1,1,41,7,995,1,17,CHEVROLET MATIZ,6,E01026266,0,1
2024141487828,2024,141487828,1,9,0,-1,7,1,3,-1,0,5,0,0,7,0,4,1,-1,9,1,32,6,796,1,16,CHEVROLET MATIZ,3,E01008109,0,1
2024371434298,2024,371434298,1,9,0,-1,19,5,1,-1,0,0,2,0,1,7,4,1,-1,9,1,59,9,796,1,16,CHEVROLET MATIZ,1,E01029980,0,1
2024131447330,2024,131447330,1,9,0,-1,19,1,5,-1,0,0,0,0,6,9,1,1,-1,9,1,19,4,995,1,15,CHEVROLET MATIZ,2,E01005435,0,3
2024010504090,2024,010504090,1,9,0,5,5,1,5,0,0,3,0,0,0,0,1,1,6,6,1,50,8,995,1,16,CHEVROLET MATIZ,9,E01024186,0,1
2024010524243,2024,010524243,3,9,0,18,19,5,1,0,0,1,0,0,1,11,4,1,6,6,2,52,8,796,1,15,CHEVROLET MATIZ,4,E01034617,0,1
2024522402564,2024,522402564,1,9,0,9,9,1,7,0,0,8,0,0,0,0,1,1,6,6,1,19,4,796,1,15,CHEVROLET MATIZ,2,E01014828,0,1
2024471530466,2024,471530466,1,9,0,-1,19,5,1,-1,0,0,0,0,0,0,1,1,-1,6,2,73,10,796,1,17,CHEVROLET MATIZ,10,E01031502,0,1
2024340NN0232,2024,340NN0232,1,9,0,-1,7,4,8,-1,0,6,0,0,3,0,1,1,-1,6,1,32,6,796,1,15,CHEVROLET MATIZ,2,E01027331,0,1
2024041514923,2024,041514923,1,9,0,-1,19,3,7,-1,0,0,0,4,0,0,1,1,-1,6,1,85,11,995,1,14,CHEVROLET MATIZ,7,E01025559,0,1
2024052402423,2024,052402423,1,9,0,9,9,6,2,0,0,8,0,0,0,0,1,1,6,6,1,26,6,796,1,17,CHEVROLET MATIZ,1,E01007121,0,1
2024501537729,2024,501537729,1,9,0,-1,19,3,7,-1,0,0,0,0,0,0,1,1,-1,9,1,19,4,995,1,18,CHEVROLET MATIZ,5,E01020065,0,1
2024351436885,2024,351436885,2,9,0,-1,9,7,5,-1,0,8,0,0,0,0,1,1,-1,9,2,18,4,995,1,17,CHEVROLET MATIZ,7,E01024137,0,5
2024501533061,2024,501533061,2,9,0,-1,7,1,3,-1,0,4,0,0,0,0,2,1,-1,6,2,19,4,796,1,17,CHEVROLET MATIZ,2,E01019034,0,1
2024201491840,2024,201491840,1,9,0,-1,3,8,4,-1,0,0,1,0,0,0,2,1,-1,6,1,36,7,995,1,16,CHEVROLET MATIZ,2,E01009587,0,1
2024361494673,2024,361494673,1,9,0,-1,19,8,4,-1,0,1,0,0,0,0,1,9,-1,6,2,-1,-1,995,1,14,CHEVROLET MATIZ,10,E01035144,0,1
2024421504885,2024,421504885,2,9,0,-1,19,1,5,-1,0,1,0,0,0,0,1,1,-1,1,1,30,6,796,1,15,CHEVROLET MATIZ,6,E01016379,0,4
2024161494351,2024,161494351,1,9,0,-1,19,7,3,-1,0,0,0,0,1,0,1,1,-1,9,2,36,7,995,1,16,CHEVROLET MATIZ,5,E01020454,0,5
2024371469642,2024,371469642,1,9,0,-1,19,2,6,-1,0,0,0,0,0,0,3,1,-1,9,2,26,6,995,1,17,CHEVROLET MATIZ,1,E01030036,0,1
2024010512054,2024,010512054,1,9,0,18,19,3,7,0,0,8,1,0,0,0,2,1,6,6,1,61,9,995,1,17,CHEVROLET MATIZ,5,E01002759,0,3
2024622400749,2024,622400749,1,9,0,9,9,6,4,0,0,8,0,0,0,0,1,1,6,6,1,24,5,995,1,17,CHEVROLET MATIZ,6,W01001228,0,1
2024141399032,2024,141399032,1,9,0,-1,9,3,7,-1,0,5,0,0,0,0,2,1,-1,6,1,20,4,995,1,16,CHEVROLET MATIZ,4,E01007489,0,3
2024221456396,2024,221456396,2,5,0,-1,19,8,4,-1,0,8,0,0,0,0,3,1,-1,9,1,68,10,1099,1,16,-1,8,E01031196,0,3
2024340NN1832,2024,340NN1832,2,5,0,-1,19,5,1,-1,0,8,1,0,7,0,4,1,-1,9,1,54,8,1099,1,16,-1,2,E01027105,0,3
2024302401011,2024,302401011,1,9,0,17,19,6,3,0,0,0,5,0,0,0,1,1,6,6,1,24,5,1796,1,28,FORD ESCORT,4,E01019739,0,1
2024471496323,2024,471496323,1,9,0,-1,19,5,1,-1,0,4,0,0,0,0,1,1,-1,6,1,42,7,-1,-1,-1,FORD ESCORT,2,E01031341,0,1
2024401516633,2024,401516633,1,9,0,-1,19,3,7,-1,0,0,2,0,7,11,4,1,-1,9,1,18,4,1597,1,27,FORD ESCORT,8,E01017387,0,1
2024461450752,2024,461450752,1,9,0,-1,19,7,3,-1,0,1,1,0,0,0,1,1,-1,9,1,24,5,1392,1,36,FORD ESCORT,5,E01024382,0,1
2024061467980,2024,061467980,1,9,0,-1,3,1,2,-1,0,0,0,0,0,0,1,1,-1,2,1,61,9,1796,1,27,FORD ESCORT,-1,-1,0,-1
2024361453430,2024,361453430,1,9,0,-1,19,4,8,-1,0,0,0,0,0,0,1,1,-1,6,-1,25,5,1597,1,27,FORD ESCORT,-1,-1,0,-1
2024231430286,2024,231430286,5,9,0,-1,19,2,6,-1,0,0,0,0,0,0,0,1,-1,6,1,26,6,1796,1,27,FORD ESCORT,2,E01031044,0,2
2024211474769,2024,211474769,2,9,0,-1,9,5,3,-1,0,8,0,0,0,0,3,1,-1,9,1,62,9,1296,1,42,FORD ESCORT,-1,-1,0,-1
2024371443317,2024,371443317,2,9,0,-1,4,-1,-1,-1,0,4,0,0,0,0,2,1,-1,9,2,34,6,1596,1,28,FORD ESCORT,2,E01030014,0,3
2024041464027,2024,041464027,2,9,0,-1,4,6,2,-1,0,4,0,0,0,0,2,1,-1,6,1,31,6,1796,1,32,FORD ESCORT,4,E01012703,0,1
2024010540766,2024,010540766,1,9,0,99,99,9,9,99,99,9,9,99,9,99,2,9,6,6,1,59,9,1597,1,42,FORD ESCORT,4,E01002707,0,1
2024371469684,2024,371469684,1,9,0,-1,1,1,6,-1,0,0,0,0,0,0,1,1,-1,9,1,21,5,-1,-1,-1,FORD ESCORT,4,E01030257,0,1
2024522401736,2024,522401736,2,8,0,6,6,1,1,0,0,8,0,0,0,0,1,1,1,1,3,-1,-1,1499,2,6,-1,-1,-1,0,-1
2024522402535,2024,522402535,1,8,0,12,12,6,2,0,0,0,0,0,0,0,3,1,1,1,1,44,7,1499,2,6,-1,2,E01014692,0,1
2024522403177,2024,522403177,2,8,0,17,19,3,8,0,0,0,0,0,0,0,1,1,1,1,1,49,8,1499,2,6,-1,1,E01033370,0,1
2024010515532,2024,010515532,1,5,0,99,99,9,9,99,99,9,9,99,9,99,9,1,6,6,1,44,7,1868,1,2,-1,3,E01001814,0,1
2024101517107,2024,101517107,2,17,0,-1,19,1,5,-1,0,0,0,0,1,0,2,1,-1,6,1,58,9,518,1,3,-1,-1,-1,0,-1
2024010519892,2024,010519892,2,5,9,18,19,1,5,99,99,9,9,0,9,99,9,1,6,6,1,55,8,693,1,4,-1,7,E01001679,0,2
2024361469561,2024,361469561,1,5,0,-1,19,8,4,-1,0,0,0,0,0,0,1,1,-1,9,1,41,7,693,1,3,-1,6,E01026760,0,2
2024122400991,2024,122400991,2,5,0,13,13,2,6,0,0,0,0,0,0,0,4,1,6,6,1,33,6,693,1,4,-1,5,E01008869,0,5
2024010526694,2024,010526694,2,5,0,18,19,3,7,0,0,0,0,0,0,0,1,1,6,6,1,34,6,693,1,3,-1,9,E01021445,0,2
2024010507838,2024,010507838,1,5,0,18,19,2,6,0,0,1,0,0,0,0,1,1,6,6,1,39,7,693,1,7,-1,5,E01023206,0,5
2024451486144,2024,451486144,2,5,0,-1,8,5,1,-1,0,0,2,0,0,0,1,1,-1,2,1,53,8,1000,1,12,-1,4,E01030481,0,1
2024471481540,2024,471481540,1,5,0,-1,13,5,1,-1,0,0,0,0,0,0,1,1,-1,9,1,63,9,1000,1,12,-1,10,E01031763,0,3
2024501514076,2024,501514076,1,5,0,-1,19,3,7,-1,0,0,0,10,0,0,3,1,-1,9,1,55,8,1000,1,13,-1,5,E01034854,0,3
2024320620007,2024,320620007,2,3,0,13,13,6,2,0,0,0,0,0,0,0,1,1,-1,-1,1,18,4,125,1,2,LEXMOTO TITAN,8,E01026141,0,1
2024231519967,2024,231519967,2,3,0,-1,19,1,5,-1,0,8,0,0,0,0,4,1,-1,2,1,59,9,125,1,4,LEXMOTO TITAN,3,E01031264,0,1
2024451450017,2024,451450017,1,3,0,-1,4,7,3,-1,0,0,0,0,0,0,2,1,-1,9,1,24,5,125,1,3,LEXMOTO TITAN,9,E01030768,0,1
2024070142145,2024,070142145,1,2,0,7,7,5,6,0,0,3,0,0,0,0,2,1,2,2,1,58,9,125,1,4,LEXMOTO TITAN,5,E01012478,0,1
2024201471560,2024,201471560,1,3,0,-1,15,4,8,-1,0,8,0,0,0,0,3,1,-1,6,1,-1,-1,125,1,2,LEXMOTO TITAN,-1,-1,0,-1
2024332400124,2024,332400124,1,3,0,-1,3,1,5,-1,0,1,1,0,0,0,2,1,-1,9,1,39,7,125,1,2,LEXMOTO TITAN,7,E01019700,0,1
2024201491667,2024,201491667,2,3,0,-1,3,3,7,-1,0,8,0,0,0,0,2,1,-1,6,1,34,6,125,1,2,LEXMOTO TITAN,3,E01010422,0,1
2024041449499,2024,041449499,1,3,0,-1,14,1,5,-1,0,0,5,0,0,0,1,1,-1,9,1,39,7,125,1,3,LEXMOTO TITAN,3,E01005476,0,3
2024340WN1122,2024,340WN1122,1,3,0,-1,12,6,2,-1,0,0,1,0,0,0,3,1,-1,6,1,42,7,125,1,3,LEXMOTO TITAN,7,E01017646,0,3
2024052400961,2024,052400961,2,3,0,18,19,5,1,0,0,1,0,0,0,0,1,1,2,2,1,32,6,125,1,7,LEXMOTO TITAN,1,E01007011,0,2
2024311478382,2024,311478382,2,3,-1,-1,-1,-1,-1,-1,-1,0,-1,-1,-1,0,-1,1,-1,6,1,-1,-1,125,1,2,LEXMOTO TITAN,-1,-1,0,-1
2024010509581,2024,010509581,1,3,0,4,4,1,5,0,0,1,0,0,0,0,1,1,2,2,1,19,4,125,1,4,LEXMOTO TITAN,2,E01001461,0,1
2024421493272,2024,421493272,1,3,0,-1,19,3,7,-1,0,1,0,0,0,0,1,1,-1,6,1,21,5,125,1,1,LEXMOTO TITAN,6,E01021705,0,1
2024201522643,2024,201522643,1,3,0,-1,5,4,8,-1,0,8,5,0,0,0,2,1,-1,6,1,19,4,125,1,3,LEXMOTO TITAN,1,E01009021,0,1
2024131395340,2024,131395340,2,3,0,-1,19,7,3,-1,0,8,1,0,0,0,1,1,-1,1,1,75,10,125,1,3,LEXMOTO TITAN,5,E01011065,0,1
2024311439163,2024,311439163,1,2,0,-1,10,7,4,-1,0,0,0,0,0,0,2,1,-1,6,1,19,4,125,1,0,LEXMOTO TITAN,10,E01028097,0,3
2024440335245,2024,440335245,1,3,0,18,19,1,5,0,0,0,0,0,0,0,1,1,6,6,1,24,5,125,1,0,LEXMOTO TITAN,2,E01032879,0,1
2024421403966,2024,421403966,1,3,0,-1,9,5,1,-1,0,0,2,0,0,0,3,1,-1,6,1,28,6,125,1,0,LEXMOTO TITAN,8,E01021347,0,1
2024041530932,2024,041530932,1,3,0,-1,19,3,7,-1,0,0,0,0,0,0,1,1,-1,6,1,23,5,125,1,4,LEXMOTO TITAN,1,E01012707,0,1
2024311495024,2024,311495024,1,3,0,-1,4,8,4,-1,0,0,2,0,0,0,0,1,-1,6,1,57,9,125,1,6,LEXMOTO TITAN,2,E01013842,0,1
2024430460793,2024,430460793,2,3,0,18,19,8,4,0,0,2,0,0,0,0,1,1,2,2,1,19,4,125,1,4,LEXMOTO TITAN,-1,-1,0,-1
2024061530573,2024,061530573,2,3,0,-1,19,2,6,-1,0,0,5,0,0,0,3,1,-1,6,1,38,7,125,1,1,LEXMOTO TITAN,1,E01005227,0,3
2024211491876,2024,211491876,2,3,0,-1,3,3,7,-1,0,8,0,0,0,0,1,1,-1,1,1,33,6,125,1,6,LEXMOTO TITAN,3,E01010055,0,3
2024471428246,2024,471428246,1,9,0,-1,19,6,2,-1,0,1,0,0,0,0,1,1,-1,9,1,26,6,1498,1,24,-1,4,E01031836,0,4
2024361500064,2024,361500064,2,9,-1,-1,-1,-1,-1,-1,-1,-1,-1,-1,-1,0,4,9,-1,9,2,64,9,1498,1,23,-1,7,E01026885,0,1
2024501457286,2024,501457286,1,9,0,-1,5,1,5,-1,9,0,0,0,0,0,1,1,-1,9,1,87,11,1498,1,21,-1,9,E01019958,0,1
2024351543015,2024,351543015,1,9,0,-1,7,2,5,-1,0,1,0,0,0,0,1,1,-1,7,2,37,7,1498,1,23,-1,2,E01035543,0,1
2024320399861,2024,320399861,1,19,0,-1,-1,4,8,0,0,0,0,0,0,10,1,1,6,6,1,30,6,1461,2,10,MERCEDES CITAN,-1,-1,0,-1
2024430243103,2024,430243103,1,19,0,4,4,8,4,0,0,0,0,0,0,0,1,1,2,2,1,36,7,1461,2,7,MERCEDES CITAN,4,E01028605,0,1
2024440296699,2024,440296699,1,9,0,18,19,5,1,0,0,0,0,0,0,0,1,1,6,6,1,76,11,1461,2,6,MERCEDES CITAN,10,E01022994,0,1
2024010536568,2024,010536568,2,19,0,5,5,1,5,0,0,3,0,0,0,0,1,1,6,6,1,40,7,1461,2,7,MERCEDES CITAN,3,E01000481,0,1
2024631454108,2024,631454108,2,19,0,-1,19,1,5,-1,0,0,1,0,1,10,3,1,-1,6,2,27,6,1461,2,9,MERCEDES CITAN,4,W01000542,0,1
2024361491141,2024,361491141,1,19,0,-1,19,2,6,-1,0,0,0,0,0,0,4,1,-1,1,1,38,7,1461,2,3,MERCEDES CITAN,3,E01026459,0,1
2024351452041,2024,351452041,1,19,0,-1,10,6,3,-1,0,1,0,0,0,0,1,1,-1,2,1,49,8,1461,2,9,MERCEDES CITAN,8,E01030121,0,4
2024501495955,2024,501495955,1,19,0,-1,19,5,1,-1,0,0,0,0,0,0,1,1,-1,9,1,60,9,1461,2,8,MERCEDES CITAN,4,E01018861,0,1
2024010548152,2024,010548152,1,19,0,9,9,5,4,0,0,5,0,0,0,0,3,1,2,2,1,47,8,1461,2,6,MERCEDES CITAN,4,E01000307,0,2
2024991417641,2024,991417641,1,8,0,-1,1,5,1,-1,0,2,0,0,0,0,2,1,-1,1,1,46,8,1461,2,5,MERCEDES CITAN,8,-1,0,2
2024361494171,2024,361494171,1,19,0,-1,19,6,2,-1,0,0,0,0,0,0,1,1,-1,6,1,71,10,1461,2,4,MERCEDES CITAN,6,E01026922,0,4
2024010511258,2024,010511258,2,19,0,13,13,9,9,99,99,5,9,99,9,99,4,9,6,6,3,-1,-1,1461,2,8,MERCEDES CITAN,-1,-1,0,-1
2024211480012,2024,211480012,1,19,0,-1,19,4,8,-1,0,0,0,4,0,0,1,1,-1,1,1,25,5,1461,2,10,MERCEDES CITAN,6,E01029389,0,3
2024201488570,2024,201488570,1,19,4,-1,19,5,1,-1,0,1,2,0,0,0,1,1,-1,6,1,42,7,1461,2,6,MERCEDES CITAN,-1,-1,0,-1
2024361427574,2024,361427574,2,19,0,-1,4,4,8,-1,0,1,0,0,0,0,2,1,-1,1,1,61,9,1461,2,7,MERCEDES CITAN,4,E01026628,0,4
2024991475655,2024,991475655,1,8,0,-1,9,5,3,-1,0,2,0,0,0,0,1,1,-1,1,1,61,9,1461,2,6,MERCEDES CITAN,5,-1,0,3
2024991421525,2024,991421525,1,8,0,-1,15,7,3,-1,0,1,0,0,7,11,1,1,-1,1,1,29,6,1461,2,7,MERCEDES CITAN,1,-1,0,1
2024161516857,2024,161516857,1,19,0,-1,19,6,2,-1,0,0,0,0,0,0,4,1,-1,2,1,53,8,1461,2,6,MERCEDES CITAN,9,E01012956,0,4
2024552400970,2024,552400970,1,19,0,18,19,1,5,0,0,8,0,0,0,0,1,1,6,6,1,43,7,1461,2,8,MERCEDES CITAN,7,E01015352,0,1
2024991399467,2024,991399467,1,19,0,-1,19,8,4,-1,0,0,0,0,0,0,1,1,-1,1,1,67,10,1461,2,5,MERCEDES CITAN,5,-1,0,4
2024041469046,2024,041469046,1,19,0,-1,19,5,1,-1,0,0,0,0,0,0,1,1,-1,9,1,25,5,1461,2,9,MERCEDES CITAN,5,E01025444,0,1
2024991548099,2024,991548099,1,8,0,-1,19,1,6,-1,0,1,0,0,0,0,2,1,-1,1,1,32,6,1461,2,5,MERCEDES CITAN,1,-1,0,1
2024552400047,2024,552400047,1,9,0,18,19,6,2,0,0,0,0,0,0,0,1,1,6,6,1,30,6,1461,2,5,MERCEDES CITAN,-1,-1,0,-1
2024451509969,2024,451509969,1,19,0,-1,19,1,3,-1,0,0,0,0,0,0,1,9,-1,6,1,21,5,1461,2,5,MERCEDES CITAN,9,E01030715,0,1
2024141434711,2024,141434711,2,19,0,-1,2,0,0,-1,0,0,0,0,0,0,1,1,-1,6,-1,-1,-1,1461,2,7,MERCEDES CITAN,-1,-1,0,-1
2024991441944,2024,991441944,2,8,0,-1,9,1,6,-1,0,0,0,0,0,0,4,1,-1,1,1,49,8,1461,2,5,MERCEDES CITAN,2,-1,0,1
2024320397498,2024,320397498,1,19,0,-1,-1,1,5,0,0,1,0,0,0,0,1,1,1,1,1,34,6,1461,2,4,MERCEDES CITAN,-1,-1,0,-1
2024531421514,2024,531421514,1,19,0,-1,9,7,3,-1,0,2,0,0,0,0,1,1,-1,1,1,32,6,1461,2,1,MERCEDES CITAN,4,E01022240,0,3
2024111426896,2024,111426896,2,19,0,-1,19,5,1,-1,0,8,1,0,1,1,1,1,-1,1,1,29,6,1461,2,9,MERCEDES CITAN,6,E01012366,0,2
2024991490140,2024,991490140,2,8,0,-1,5,3,7,-1,0,0,0,0,0,0,3,1,-1,1,1,33,6,1461,2,6,MERCEDES CITAN,1,-1,0,1
2024631516951,2024,631516951,3,19,0,-1,4,6,2,-1,0,0,0,0,1,10,3,1,-1,1,1,59,9,1461,2,11,MERCEDES CITAN,6,W01001472,0,4
2024991495495,2024,991495495,1,8,0,-1,1,4,4,-1,0,0,0,0,0,0,2,1,-1,9,1,30,6,1461,2,6,MERCEDES CITAN,1,-1,0,1
2024622400786,2024,622400786,2,19,0,2,2,0,0,0,0,1,0,0,0,0,2,1,6,6,1,71,10,1461,2,8,MERCEDES CITAN,7,W01001840,0,3
2024010532884,2024,010532884,1,19,0,9,9,7,5,0,0,8,0,0,0,0,3,1,6,6,1,41,7,1461,2,7,MERCEDES CITAN,2,E01001364,0,3
2024351463814,2024,351463814,1,19,0,-1,19,8,3,-1,0,0,0,0,0,0,1,1,-1,6,1,71,10,1461,2,4,MERCEDES CITAN,6,E01026922,0,4
2024548912124,2024,548912124,2,19,0,9,9,5,2,0,0,6,0,0,0,0,3,1,6,6,1,42,7,1461,2,7,MERCEDES CITAN,6,E01032083,0,1
2024231407448,2024,231407448,1,19,0,-1,2,0,0,-1,0,1,0,0,0,0,3,1,-1,1,1,53,8,1461,2,9,MERCEDES CITAN,9,E01027006,0,4
2024552500140,2024,552500140,1,8,0,7,7,1,4,0,0,6,0,0,0,0,1,1,1,1,1,65,9,1461,2,6,MERCEDES CITAN,1,E01020552,0,1
2024520403127,2024,520403127,4,19,0,4,4,5,1,0,0,0,0,0,0,0,2,1,6,6,1,32,6,1461,2,9,MERCEDES CITAN,2,E01029236,0,2
2024010541984,2024,010541984,2,19,0,2,2,0,0,0,0,0,0,0,0,0,0,1,6,6,3,-1,-1,1461,2,7,MERCEDES CITAN,-1,-1,0,-1
2024421402727,2024,421402727,2,19,0,-1,7,4,1,-1,0,6,0,0,0,0,4,1,-1,2,1,57,9,1461,2,6,MERCEDES CITAN,8,E01021408,0,2
2024401457035,2024,401457035,1,19,0,-1,7,4,6,-1,0,6,0,0,0,0,4,1,-1,6,1,34,6,1461,2,10,MERCEDES CITAN,4,E01033789,0,4
2024010533895,2024,010533895,2,19,0,9,9,8,6,0,0,1,0,0,0,0,0,1,6,6,1,22,5,1461,2,3,MERCEDES CITAN,4,E01001336,0,1
2024546195024,2024,546195024,2,9,0,18,19,5,1,0,0,0,0,0,0,0,2,1,6,6,1,-1,-1,1461,2,7,MERCEDES CITAN,-1,-1,0,-1
2024421419821,2024,421419821,2,19,0,-1,12,7,3,-1,0,0,0,0,0,0,3,1,-1,1,2,44,7,1461,2,4,MERCEDES CITAN,9,E01021899,0,4
2024052401722,2024,052401722,2,19,0,18,19,7,3,0,0,8,0,0,0,0,1,1,6,6,1,30,6,1461,2,4,MERCEDES CITAN,10,E01007146,0,1
2024311459648,2024,311459648,1,19,0,-1,19,5,1,-1,0,0,0,0,0,0,0,9,-1,6,3,-1,-1,1461,2,9,MERCEDES CITAN,-1,-1,0,-1
2024451400726,2024,451400726,3,19,0,-1,19,3,7,-1,0,8,0,0,0,0,1,1,-1,1,1,73,10,1461,2,7,MERCEDES CITAN,5,E01030658,0,1
2024131425161,2024,131425161,1,19,0,-1,19,5,1,-1,0,0,0,0,1,3,1,1,-1,6,2,50,8,1461,2,9,MERCEDES CITAN,7,E01011193,0,1
2024991531495,2024,991531495,1,19,0,-1,19,8,4,-1,0,1,0,4,0,0,1,1,-1,6,1,39,7,1461,2,6,MERCEDES CITAN,6,-1,0,1
2024351499599,2024,351499599,2,19,0,-1,4,5,1,-1,0,0,0,0,0,0,2,1,-1,6,1,60,9,1461,2,7,MERCEDES CITAN,4,E01023933,0,4
2024520000166,2024,520000166,2,19,0,9,9,4,2,0,0,8,0,0,0,0,0,1,6,6,1,49,8,1461,2,4,MERCEDES CITAN,10,E01014381,0,1