collision_index,collision_year,collision_ref_no,vehicle_reference,vehicle_type,towing_and_articulation,vehicle_manoeuvre_historic,vehicle_manoeuvre,vehicle_direction_from,vehicle_direction_to,vehicle_location_restricted_lane_historic,vehicle_location_restricted_lane,junction_location,skidding_and_overturning,hit_object_in_carriageway,vehicle_leaving_carriageway,hit_object_off_carriageway,first_point_of_impact,vehicle_left_hand_drive,journey_purpose_of_driver_historic,journey_purpose_of_driver,sex_of_driver,age_of_driver,age_band_of_driver,engine_capacity_cc,propulsion_code,age_of_vehicle,generic_make_model,driver_imd_decile,lsoa_of_driver,escooter_flag,driver_distance_banding
2024991459036,2024,991459036,1,8,0,-1,5,5,1,-1,0,0,0,0,0,0,0,1,-1,1,1,22,5,1461,2,5,MERCEDES CITAN,2,-1,0,1
2024411428190,2024,411428190,1,19,0,-1,1,8,4,-1,0,0,0,0,0,0,2,1,-1,1,2,57,9,1461,2,5,MERCEDES CITAN,6,E01023945,0,1
2024010539765,2024,010539765,1,19,0,9,9,5,3,0,0,8,0,0,0,0,1,1,2,2,1,54,8,1461,2,5,MERCEDES CITAN,3,E01000032,0,1
2024471425950,2024,471425950,2,19,0,-1,19,2,6,-1,0,1,0,0,0,0,1,1,-1,1,1,72,10,1461,2,6,MERCEDES CITAN,3,E01031492,0,3
2024461430677,2024,461430677,2,19,0,-1,19,8,5,-1,0,0,1,0,3,7,3,1,-1,1,1,33,6,1461,2,1,MERCEDES CITAN,-1,-1,0,-1
2024320030380,2024,320030380,1,21,0,-1,-1,8,4,0,0,0,0,0,1,1,1,1,1,1,1,52,8,-1,-1,-1,MERCEDES CITAN,8,E01026394,0,4
2024991509716,2024,991509716,1,8,0,-1,9,1,6,-1,0,8,0,0,0,0,1,1,-1,1,1,54,8,1461,2,5,MERCEDES CITAN,-1,-1,0,-1
2024351569729,2024,351569729,2,19,0,-1,4,5,1,-1,0,0,0,0,0,0,2,1,-1,1,1,43,7,1461,2,0,MERCEDES CITAN,4,E01018083,0,4
2024440538660,2024,440538660,2,9,0,14,14,3,7,0,0,1,0,0,0,0,4,1,6,6,1,76,11,1598,1,21,-1,7,E01017323,0,2
2024010537013,2024,010537013,1,5,0,18,19,5,1,0,0,1,0,0,0,0,1,1,6,6,1,65,9,853,1,3,-1,7,E01003287,0,3
2024041427317,2024,041427317,1,5,0,-1,19,3,7,-1,0,0,1,0,0,0,4,1,-1,9,1,57,9,853,1,1,-1,1,E01006470,0,2
2024052401387,2024,052401387,2,5,0,18,19,5,1,0,0,1,0,0,0,0,1,1,6,6,1,25,5,853,1,1,-1,-1,-1,0,-1
2024351516261,2024,351516261,1,2,0,-1,19,4,8,-1,0,1,0,0,0,0,1,1,-1,6,1,17,4,49,1,22,-1,6,E01034442,0,1
2024451406154,2024,451406154,1,2,0,-1,19,1,5,-1,0,6,5,0,0,0,4,1,-1,9,2,17,4,49,1,12,-1,5,E01023104,0,1
2024631488274,2024,631488274,1,2,0,-1,19,7,3,-1,0,0,1,4,0,0,1,1,-1,9,1,16,4,49,1,21,-1,3,W01000711,0,2
2024631439647,2024,631439647,2,2,0,-1,9,5,3,-1,0,8,0,0,0,0,3,1,-1,9,1,16,4,49,1,24,-1,6,W01000575,0,1
2024010502127,2024,010502127,1,9,0,18,19,3,7,9,9,0,0,0,1,4,1,1,6,6,1,38,7,1598,1,16,RENAULT MODEL MISSING,4,E01003722,0,3
2024161397988,2024,161397988,1,9,0,-1,19,2,2,-1,0,4,2,10,1,11,1,1,-1,6,1,42,7,1998,1,23,RENAULT MODEL MISSING,4,E01013314,0,1
2024991433033,2024,991433033,2,20,0,-1,19,8,5,-1,0,0,0,0,1,0,1,1,-1,1,1,43,7,6174,2,18,RENAULT MODEL MISSING,1,-1,0,5
2024201476720,2024,201476720,1,9,0,-1,19,3,7,-1,0,0,0,10,1,10,1,9,-1,2,1,30,6,1598,1,18,RENAULT MODEL MISSING,4,E01009011,0,1
2024991502570,2024,991502570,1,90,0,-1,19,7,7,-1,0,1,0,0,0,0,3,1,-1,6,1,62,9,2463,2,17,RENAULT MODEL MISSING,1,-1,0,1
2024302401785,2024,302401785,1,9,0,-1,19,2,6,-1,0,0,0,0,0,0,1,1,-1,6,1,43,7,1589,1,17,RENAULT MODEL MISSING,10,E01034651,0,1
2024211521161,2024,211521161,1,19,0,-1,7,7,3,-1,0,0,0,0,0,0,0,1,-1,6,1,-1,-1,2298,2,5,RENAULT MODEL MISSING,-1,-1,0,-1
2024231399264,2024,231399264,2,20,0,-1,8,3,7,-1,0,5,0,0,0,0,1,1,-1,6,1,58,9,4116,2,19,RENAULT MODEL MISSING,7,E01034318,0,3
2024101453162,2024,101453162,1,90,-1,-1,9,2,8,-1,0,1,0,0,0,0,4,9,-1,1,1,-1,-1,10837,2,6,RENAULT MODEL MISSING,-1,-1,0,-1
2024531453413,2024,531453413,2,19,0,-1,19,6,2,-1,0,0,0,0,0,0,1,1,-1,9,1,34,6,1900,2,17,RENAULT MODEL MISSING,2,E01014626,0,4
2024221517566,2024,221517566,2,20,0,-1,19,8,4,-1,0,0,5,0,0,0,1,1,-1,1,1,33,6,4116,2,19,RENAULT MODEL MISSING,6,W01000475,0,4
2024622400219,2024,622400219,1,9,0,18,19,5,1,0,0,0,5,0,0,0,1,1,6,6,1,77,11,1598,1,16,RENAULT MODEL MISSING,1,W01001813,0,1
2024201504637,2024,201504637,1,9,0,-1,19,6,2,-1,0,0,0,0,0,0,1,1,-1,9,1,21,5,1390,1,22,RENAULT MODEL MISSING,-1,-1,0,-1
2024471401887,2024,471401887,2,19,0,-1,2,0,0,-1,0,0,0,0,0,0,2,1,-1,6,-1,-1,-1,-1,-1,-1,RENAULT MODEL MISSING,-1,-1,0,-1
2024201551321,2024,201551321,2,9,0,-1,19,2,6,-1,0,0,0,0,0,0,4,9,-1,6,-1,-1,-1,1870,2,16,RENAULT MODEL MISSING,-1,-1,0,-1
2024401545582,2024,401545582,2,21,0,-1,2,0,0,-1,0,0,0,0,0,0,2,1,-1,6,-1,-1,-1,6174,2,18,RENAULT MODEL MISSING,-1,-1,0,-1
2024501535184,2024,501535184,1,9,0,-1,19,3,7,-1,0,1,0,0,0,0,1,1,-1,6,2,71,10,1597,2,6,SSANGYONG TIVOLI,7,E01020202,0,4
2024320358471,2024,320358471,2,9,0,-1,-1,8,4,0,0,0,0,0,0,0,1,1,6,6,1,60,9,1597,2,8,SSANGYONG TIVOLI,3,E01011023,0,5
2024131412724,2024,131412724,2,9,0,-1,4,1,1,-1,0,8,0,0,0,0,3,1,-1,9,2,51,8,1597,1,4,SSANGYONG TIVOLI,5,E01010689,0,1
2024010526416,2024,010526416,2,9,0,5,5,5,1,0,0,0,0,0,0,0,3,1,6,6,1,54,8,1597,1,8,SSANGYONG TIVOLI,8,E01000247,0,1
2024440011858,2024,440011858,1,9,0,18,19,6,2,0,0,0,0,0,1,11,1,1,6,6,1,83,11,1497,1,4,SSANGYONG TIVOLI,8,E01023032,0,1
2024061455433,2024,061455433,1,9,0,-1,-1,-1,-1,-1,-1,0,-1,-1,-1,0,-1,1,-1,6,2,23,5,1597,2,8,SSANGYONG TIVOLI,1,E01008086,0,4
2024552400058,2024,552400058,2,9,0,4,4,5,1,0,0,0,0,0,0,0,2,1,6,6,2,62,9,1597,1,6,SSANGYONG TIVOLI,5,E01020562,0,1
2024201519694,2024,201519694,1,9,0,-1,7,5,8,-1,0,0,0,0,0,0,1,9,-1,1,2,34,6,1597,1,8,SSANGYONG TIVOLI,2,E01009942,0,1
202454A131924,2024,54A131924,2,9,0,18,19,1,5,0,0,8,0,0,0,0,1,1,1,1,1,55,8,1597,2,8,SSANGYONG TIVOLI,2,E01015537,0,1
2024141493184,2024,141493184,1,9,0,-1,9,7,5,-1,0,8,0,0,0,0,1,1,-1,9,1,84,11,1597,2,6,SSANGYONG TIVOLI,1,E01007369,0,2
202454E801124,2024,54E801124,1,9,0,13,13,4,2,0,0,1,0,0,0,0,4,1,6,6,1,40,7,1597,1,9,SSANGYONG TIVOLI,5,E01031898,0,4
2024221430288,2024,221430288,2,9,0,-1,19,2,7,-1,0,0,1,0,1,10,3,1,-1,6,2,57,9,1497,1,1,SSANGYONG TIVOLI,6,E01028899,0,1
202417H107824,2024,17H107824,1,9,0,-1,19,3,7,-1,0,1,0,0,0,0,1,1,-1,9,1,50,8,1597,1,7,SSANGYONG TIVOLI,4,E01033467,0,1
2024041453107,2024,041453107,2,9,0,-1,19,1,5,-1,0,1,0,0,0,0,2,1,-1,6,1,47,8,1597,2,8,SSANGYONG TIVOLI,1,E01025290,0,1
2024161469974,2024,161469974,2,9,0,-1,19,3,7,-1,0,3,0,0,0,0,1,1,-1,9,1,77,11,1597,2,8,SSANGYONG TIVOLI,8,E01013104,0,3
2024201501652,2024,201501652,2,9,0,-1,19,1,4,-1,0,0,0,0,0,0,1,9,-1,6,1,28,6,1597,2,8,SSANGYONG TIVOLI,9,E01031289,0,2
2024991485263,2024,991485263,2,9,0,-1,19,7,3,-1,0,0,0,0,1,5,1,1,-1,6,2,39,7,1597,2,6,SSANGYONG TIVOLI,9,-1,0,1
2024010519996,2024,010519996,1,9,0,18,19,3,7,0,0,0,0,0,0,0,1,1,6,6,2,50,8,1497,1,2,SSANGYONG TIVOLI,-1,-1,0,-1
2024041512054,2024,041512054,1,2,0,-1,15,1,5,-1,0,1,1,0,1,0,1,1,-1,9,1,17,4,125,1,5,SYM MASK,2,E01025247,0,1
2024122400620,2024,122400620,2,2,0,18,19,7,3,0,0,8,0,0,4,0,4,1,6,6,1,17,4,49,1,1,SYM MASK,5,E01027796,0,2
202460Q159240,2024,60Q159240,2,2,0,18,19,7,3,0,0,0,0,0,0,0,2,1,6,6,1,16,4,49,1,0,SYM MASK,-1,-1,0,-1
2024552400372,2024,552400372,2,2,0,18,19,1,5,0,0,8,0,0,0,0,1,1,6,6,1,16,4,49,1,1,SYM MASK,6,E01015337,0,1
2024131405992,2024,131405992,1,2,0,-1,19,4,4,-1,0,8,0,0,0,0,1,1,-1,9,1,17,4,49,1,6,SYM MASK,1,E01010650,0,1
2024041414072,2024,041414072,1,2,0,-1,13,5,1,-1,0,1,0,0,0,0,1,1,-1,2,1,16,4,49,1,1,SYM MASK,2,E01025072,0,2
2024430139724,2024,430139724,2,3,0,18,19,1,5,0,0,1,0,0,0,0,1,1,6,6,1,70,10,125,1,3,SYM MASK,5,E01028787,0,3
2024520002725,2024,520002725,1,2,0,18,19,3,7,0,0,0,0,0,0,0,1,1,6,6,1,16,4,49,1,3,SYM MASK,6,E01014480,0,1
2024122400204,2024,122400204,2,2,0,9,9,4,1,0,0,3,0,0,0,0,3,1,2,2,1,43,7,49,1,5,SYM MASK,10,E01027855,0,1
2024070062311,2024,070062311,1,3,0,18,19,3,6,0,0,8,0,0,0,0,1,1,6,6,1,17,4,125,1,3,SYM MASK,1,E01012441,0,1
2024430530024,2024,430530024,1,2,0,9,9,2,8,0,0,8,1,0,0,0,3,1,6,6,1,17,4,49,1,0,SYM MASK,10,E01016627,0,1
2024031439394,2024,031439394,2,2,0,-1,5,5,3,-1,0,0,0,0,0,0,1,1,-1,2,1,59,9,49,1,2,SYM MASK,-1,-1,0,-1
2024440399873,2024,440399873,1,2,0,18,19,7,3,0,0,0,0,0,0,0,0,1,6,6,1,62,9,49,1,3,SYM MASK,10,E01022837,0,1
2024010494593,2024,010494593,1,3,0,18,19,5,1,0,0,0,5,0,0,0,3,1,2,2,1,50,8,124,1,8,-1,5,E01004371,0,2
2024461469465,2024,461469465,2,5,0,-1,13,6,2,-1,0,0,0,0,0,0,1,1,-1,2,1,45,7,675,1,14,TRIUMPH DAYTONA,7,E01024375,0,4
2024340NN1962,2024,340NN1962,1,5,0,-1,19,1,5,-1,0,0,2,0,0,0,3,1,-1,6,1,34,6,675,1,14,TRIUMPH DAYTONA,3,E01027058,0,1
2024122400281,2024,122400281,1,5,0,17,19,5,1,0,0,0,1,0,0,0,3,1,6,6,1,51,8,599,1,18,TRIUMPH DAYTONA,5,E01027793,0,1
2024332400215,2024,332400215,1,5,0,-1,19,3,7,-1,0,0,1,0,5,6,1,1,-1,6,1,22,5,675,1,12,TRIUMPH DAYTONA,6,E01027090,0,4
2024991461444,2024,991461444,1,5,0,-1,19,2,7,-1,0,1,1,0,0,0,4,1,-1,9,2,32,6,675,1,18,TRIUMPH DAYTONA,9,-1,0,2
2024531436142,2024,531436142,1,5,0,-1,19,3,7,-1,0,0,1,0,0,0,1,1,-1,1,1,34,6,675,1,13,TRIUMPH DAYTONA,8,E01022278,0,3
2024010540265,2024,010540265,3,5,0,18,19,3,7,0,0,0,0,0,0,0,4,1,6,6,1,41,7,955,1,18,TRIUMPH DAYTONA,2,E01000077,0,1
2024031433889,2024,031433889,2,5,0,-1,19,7,3,-1,0,8,1,0,0,0,1,1,-1,9,1,28,6,675,1,12,TRIUMPH DAYTONA,8,E01019369,0,4
2024411474377,2024,411474377,1,5,0,-1,14,1,5,-1,0,3,1,10,0,0,3,1,-1,6,1,30,6,675,1,10,TRIUMPH DAYTONA,4,E01002442,0,1
2024332400391,2024,332400391,2,5,0,-1,19,5,1,-1,0,8,0,0,1,0,1,1,-1,9,1,37,7,675,1,15,TRIUMPH DAYTONA,7,E01025840,0,3
2024440320692,2024,440320692,1,5,0,16,19,2,6,0,0,1,0,0,0,0,1,1,6,6,1,22,5,599,1,21,TRIUMPH DAYTONA,6,E01022700,0,1
2024361476930,2024,361476930,2,5,0,-1,4,4,8,-1,-1,0,0,0,0,0,1,1,-1,6,1,67,10,675,1,10,TRIUMPH DAYTONA,3,E01026799,0,2
2024211486179,2024,211486179,1,5,0,-1,19,3,7,-1,0,1,1,0,0,0,1,1,-1,9,1,26,6,675,1,16,TRIUMPH DAYTONA,-1,-1,0,-1
2024302400966,2024,302400966,2,5,0,18,19,1,5,0,0,3,0,0,0,0,4,1,6,6,1,62,9,675,1,10,TRIUMPH DAYTONA,9,E01033533,0,1
2024440254226,2024,440254226,1,5,0,13,13,6,2,0,0,0,1,0,2,4,1,1,6,6,1,36,7,675,1,15,TRIUMPH DAYTONA,10,E01023024,0,4
2024131516542,2024,131516542,1,5,0,-1,5,3,7,-1,0,0,0,4,0,0,1,1,-1,9,1,51,8,599,1,20,TRIUMPH DAYTONA,7,E01011849,0,1
2024991474793,2024,991474793,1,5,0,-1,19,1,5,-1,0,0,5,0,1,0,1,1,-1,9,1,60,9,675,1,12,TRIUMPH DAYTONA,5,E01024428,0,5
2024332400478,2024,332400478,1,5,0,-1,19,2,7,-1,0,0,1,0,0,0,2,1,-1,9,1,30,6,675,1,10,TRIUMPH DAYTONA,5,E01025646,0,4
2024161448076,2024,161448076,1,5,0,-1,19,6,2,-1,0,0,1,0,0,0,4,1,-1,6,1,28,6,675,1,9,TRIUMPH DAYTONA,10,E01012970,0,3
202460Q043038,2024,60Q043038,2,5,0,18,19,7,3,0,0,1,1,0,0,0,1,1,6,6,1,38,7,675,1,14,TRIUMPH DAYTONA,-1,-1,0,-1
2024141473635,2024,141473635,1,5,0,-1,5,7,5,-1,0,2,0,0,0,0,0,1,-1,9,1,47,8,675,1,10,TRIUMPH DAYTONA,5,E01007640,0,1
2024361424687,2024,361424687,1,5,0,-1,19,1,5,-1,0,0,1,11,3,0,1,1,-1,9,1,57,9,599,1,20,TRIUMPH DAYTONA,4,E01026643,0,2
2024361488317,2024,361488317,2,19,0,-1,9,-1,-1,-1,0,0,0,0,0,0,2,1,-1,1,2,64,9,1248,2,13,VAUXHALL COMBO,8,E01026671,0,1
2024440046150,2024,440046150,1,19,0,9,9,7,5,0,0,6,0,0,0,0,4,1,2,2,1,43,7,1499,2,1,VAUXHALL COMBO,2,E01017266,0,2
2024131442313,2024,131442313,1,19,0,-1,15,5,1,-1,0,8,1,10,7,10,1,1,-1,1,1,42,7,1248,2,13,VAUXHALL COMBO,1,E01007474,0,3
2024440197139,2024,440197139,3,9,0,4,4,8,4,0,0,8,0,0,0,0,2,1,6,6,1,61,9,-1,-1,-1,VAUXHALL COMBO,9,E01022930,0,2
2024401413156,2024,401413156,1,19,0,-1,3,7,1,-1,0,0,0,0,0,0,2,1,-1,9,1,31,6,1248,2,15,VAUXHALL COMBO,5,E01034418,0,1
2024501444797,2024,501444797,1,9,0,-1,3,7,3,-1,0,1,0,0,0,0,1,1,-1,6,1,49,8,-1,-1,-1,VAUXHALL COMBO,-1,-1,0,-1
2024451450139,2024,451450139,2,19,0,-1,9,7,3,-1,0,1,0,0,0,0,1,1,-1,1,1,63,9,1499,2,3,VAUXHALL COMBO,5,E01031477,0,4
2024221399524,2024,221399524,1,8,0,-1,19,8,4,-1,0,8,0,0,0,0,1,9,-1,1,1,26,6,1499,2,5,VAUXHALL COMBO,5,E01032305,0,1
2024311520008,2024,311520008,1,9,0,-1,3,6,2,-1,0,2,0,0,0,0,2,1,-1,6,2,42,7,-1,3,0,VAUXHALL COMBO,1,E01013859,0,1
2024122400188,2024,122400188,2,19,0,4,4,1,5,0,0,1,0,0,0,0,2,1,6,6,1,49,8,1248,2,16,VAUXHALL COMBO,8,E01013401,0,1
2024351492010,2024,351492010,1,9,0,-1,19,5,1,-1,9,1,1,4,1,2,1,1,-1,1,1,36,7,-1,-1,-1,VAUXHALL COMBO,5,E01018304,0,1
2024052402550,2024,052402550,2,19,0,18,19,3,7,0,0,4,0,0,0,0,1,1,6,6,1,47,8,1499,2,4,VAUXHALL COMBO,4,E01006976,0,3
2024101448317,2024,101448317,2,9,0,-1,19,5,1,-1,0,8,0,0,0,0,1,1,-1,6,1,42,7,1499,2,3,VAUXHALL COMBO,2,E01008441,0,1
2024320041943,2024,320041943,3,9,0,2,2,0,0,0,0,0,0,0,0,0,2,1,6,6,3,-1,-1,-1,-1,-1,VAUXHALL COMBO,-1,-1,0,-1
2024141439588,2024,141439588,2,19,0,-1,19,5,1,-1,0,4,0,0,0,0,1,9,-1,6,1,83,11,1686,2,14,VAUXHALL COMBO,1,E01007723,0,1
2024161502139,2024,161502139,1,9,0,-1,5,1,5,-1,0,8,0,0,0,0,3,1,-1,2,1,57,9,-1,-1,-1,VAUXHALL COMBO,2,E01013131,0,1
2024131425083,2024,131425083,1,9,0,-1,19,2,6,-1,0,1,0,0,0,0,1,1,-1,1,1,40,7,-1,-1,-1,VAUXHALL COMBO,6,E01007321,0,2
2024430128329,2024,430128329,1,19,0,12,12,1,5,0,0,0,1,0,0,0,2,1,6,6,1,66,10,1686,2,14,VAUXHALL COMBO,10,E01016776,0,1
2024461483067,2024,461483067,2,19,0,-1,4,1,5,-1,0,0,0,0,0,0,2,1,-1,1,1,58,9,1499,2,3,VAUXHALL COMBO,10,E01024323,0,2
2024361484331,2024,361484331,2,19,0,-1,2,7,3,-1,0,0,0,0,1,0,2,1,-1,1,1,22,5,1248,2,14,VAUXHALL COMBO,4,E01030266,0,4
2024010531555,2024,010531555,1,19,0,99,99,9,9,99,99,0,9,99,9,99,1,1,1,1,1,63,9,1499,2,3,VAUXHALL COMBO,3,E01003993,0,1
2024421468986,2024,421468986,1,19,0,-1,4,3,7,-1,0,0,1,0,0,0,1,1,-1,9,1,40,7,1686,2,21,VAUXHALL COMBO,9,E01021352,0,1
2024631449627,2024,631449627,1,9,0,-1,12,4,8,-1,0,1,0,0,7,11,1,1,-1,6,1,78,11,1499,2,4,VAUXHALL COMBO,9,W01000512,0,1
202460Q122137,2024,60Q122137,3,9,0,3,3,7,3,0,0,1,0,0,0,0,1,1,6,6,1,65,9,1199,1,4,VAUXHALL COMBO,-1,-1,0,-1
2024471512525,2024,471512525,1,19,0,-1,7,5,1,-1,0,8,0,0,0,0,4,1,-1,1,1,63,9,1248,2,13,VAUXHALL COMBO,2,E01031432,0,3
2024471400959,2024,471400959,2,19,0,-1,9,3,5,-1,0,8,0,0,0,0,1,1,-1,6,3,-1,-1,1499,2,4,VAUXHALL COMBO,-1,-1,0,-1
2024031415758,2024,031415758,1,19,0,-1,19,8,4,-1,0,0,0,0,0,0,1,9,-1,1,1,39,7,1499,2,2,VAUXHALL COMBO,3,E01019198,0,4
2024061463684,2024,061463684,1,19,0,-1,4,5,5,-1,0,6,0,0,0,0,4,2,-1,1,1,38,7,1499,2,2,VAUXHALL COMBO,8,E01004780,0,3
2024991472756,2024,991472756,1,19,0,-1,6,1,2,-1,0,0,0,0,1,0,3,1,-1,1,1,57,9,1598,2,10,VAUXHALL COMBO,2,-1,0,4
2024320749561,2024,320749561,2,19,0,3,3,4,8,0,0,2,0,0,0,0,2,1,1,1,1,34,6,1248,2,16,VAUXHALL COMBO,-1,-1,0,-1
2024440554634,2024,440554634,1,19,0,18,19,1,5,0,0,8,0,0,0,0,1,1,1,1,1,69,10,1499,2,3,VAUXHALL COMBO,9,E01022991,0,2
202454E232924,2024,54E232924,2,19,0,11,11,8,4,0,0,0,1,0,0,0,2,1,1,1,1,54,8,1499,2,1,VAUXHALL COMBO,9,E01032703,0,2
2024520002434,2024,520002434,1,19,0,3,3,7,3,0,0,0,0,0,0,0,2,1,6,6,1,22,5,1499,2,2,VAUXHALL COMBO,4,E01029836,0,5
2024161452973,2024,161452973,3,19,0,-1,19,6,2,-1,0,0,0,0,0,0,0,9,-1,6,1,61,9,1248,2,11,VAUXHALL COMBO,-1,-1,0,-1
2024552400660,2024,552400660,2,19,0,18,19,8,4,0,0,8,0,0,0,0,3,1,1,1,1,37,7,1499,2,1,VAUXHALL COMBO,6,E01020440,0,1
2024361450504,2024,361450504,1,19,0,-1,6,8,4,-1,0,0,0,0,0,0,3,1,-1,1,1,37,7,1499,2,2,VAUXHALL COMBO,9,E01009816,0,5
2024131469563,2024,131469563,2,9,0,-1,19,5,1,-1,0,0,0,0,0,0,2,1,-1,1,1,36,7,-1,-1,-1,VAUXHALL COMBO,7,E01010901,0,1
2024122400919,2024,122400919,1,19,0,17,19,3,8,0,0,2,2,0,1,1,1,1,2,2,1,58,9,1499,2,3,VAUXHALL COMBO,1,E01012102,0,4
2024131525692,2024,131525692,1,9,0,-1,19,3,7,-1,0,0,1,0,0,0,1,1,-1,9,1,44,7,1499,2,3,VAUXHALL COMBO,7,E01011112,0,1
2024010502327,2024,010502327,1,19,0,18,19,5,1,0,0,0,0,0,0,0,4,1,2,2,1,35,6,1364,1,16,VAUXHALL COMBO,-1,-1,0,-1
2024371527400,2024,371527400,1,19,0,-1,7,-1,-1,-1,0,0,0,0,3,0,1,2,-1,6,1,64,9,1499,2,3,VAUXHALL COMBO,1,E01029979,0,1
2024041483079,2024,041483079,2,9,0,-1,19,5,1,-1,0,0,0,0,0,0,3,1,-1,9,1,67,10,1499,2,2,VAUXHALL COMBO,1,E01025590,0,3
2024631451796,2024,631451796,2,9,0,-1,19,6,2,-1,0,1,0,0,0,0,3,1,-1,9,2,17,4,-1,-1,-1,VAUXHALL COMBO,7,W01000731,0,1
2024471400028,2024,471400028,2,19,-1,-1,19,8,4,-1,0,0,0,0,0,0,1,9,-1,6,1,66,10,1248,2,11,VAUXHALL COMBO,8,E01021233,0,1
2024041438504,2024,041438504,1,19,0,-1,19,1,5,-1,0,0,0,0,0,0,1,1,-1,9,1,23,5,1499,2,1,VAUXHALL COMBO,3,E01024879,0,1
2024461404614,2024,461404614,1,19,0,-1,19,3,7,-1,0,0,0,0,0,0,1,9,-1,1,1,52,8,1499,2,4,VAUXHALL COMBO,4,E01024503,0,4
2024122400080,2024,122400080,2,19,0,7,7,3,5,0,0,1,0,0,0,0,2,1,2,2,1,60,9,1248,2,13,VAUXHALL COMBO,7,E01013336,0,1
2024351459939,2024,351459939,1,9,0,-1,5,2,6,-1,0,2,0,0,0,0,1,1,-1,2,1,59,9,-1,-1,-1,VAUXHALL COMBO,8,E01018159,0,3
2024501409911,2024,501409911,2,9,0,-1,10,5,4,-1,0,8,0,0,0,0,2,1,-1,6,1,64,9,1499,2,5,VAUXHALL COMBO,6,E01018935,0,1
2024320299982,2024,320299982,1,9,0,-1,-1,8,6,0,0,0,1,0,1,9,4,1,-1,-1,1,61,9,-1,-1,-1,VAUXHALL COMBO,3,E01027312,0,5
2024361466726,2024,361466726,1,19,0,-1,19,7,3,-1,0,0,0,0,0,0,1,1,-1,6,3,25,5,1499,2,3,VAUXHALL COMBO,1,E01026869,0,1
2024421502580,2024,421502580,1,19,0,-1,19,5,1,-1,0,0,0,0,0,0,1,1,-1,1,1,24,5,1248,2,10,VAUXHALL COMBO,9,E01021564,0,1
2024041397931,2024,041397931,1,9,0,-1,7,3,5,-1,0,0,0,0,0,0,4,1,-1,9,1,77,11,1499,2,3,VAUXHALL COMBO,1,E01012646,0,3
2024440234510,2024,440234510,1,19,0,2,2,0,0,0,0,0,0,0,0,0,3,1,1,1,1,26,6,1686,2,20,VAUXHALL COMBO,2,E01017051,0,1
2024010529178,2024,010529178,1,19,0,7,7,4,6,0,0,8,0,0,0,0,4,1,1,1,1,30,6,1248,2,9,VAUXHALL COMBO,5,E01001571,0,3
2024131482537,2024,131482537,2,19,0,-1,4,4,8,-1,0,8,0,0,0,0,2,1,-1,1,1,58,9,1499,2,3,VAUXHALL COMBO,2,E01012406,0,4
2024311409586,2024,311409586,1,19,0,-1,10,8,2,-1,0,1,0,0,0,0,1,1,-1,9,1,54,8,1560,2,5,VAUXHALL COMBO,1,E01013839,0,1
2024041471751,2024,041471751,1,19,0,-1,5,5,1,-1,0,0,5,0,1,7,1,1,-1,2,1,64,9,1499,2,4,VAUXHALL COMBO,3,E01025111,0,2
2024122400543,2024,122400543,1,19,0,18,19,8,4,0,0,1,1,4,0,0,1,1,1,1,1,37,7,1499,2,1,VAUXHALL COMBO,5,E01012991,0,3
2024211432543,2024,211432543,2,19,0,-1,19,5,1,-1,0,0,0,0,0,0,4,1,-1,1,1,23,5,1499,2,1,VAUXHALL COMBO,9,E01018386,0,3
2024991412614,2024,991412614,2,19,0,-1,19,5,1,-1,0,1,1,0,0,0,1,1,-1,1,2,38,7,1499,2,5,VAUXHALL COMBO,4,-1,0,1
2024461404073,2024,461404073,3,9,0,-1,10,5,1,-1,0,1,0,0,0,0,2,9,-1,6,1,25,5,-1,-1,-1,VAUXHALL COMBO,9,E01024331,0,1
2024221414463,2024,221414463,1,19,0,-1,19,3,7,-1,0,0,0,0,0,0,1,9,-1,2,1,48,8,1686,2,22,VAUXHALL COMBO,7,E01014093,0,2
2024211509359,2024,211509359,2,9,0,-1,19,8,4,-1,0,0,0,0,0,0,2,1,-1,1,2,40,7,1199,1,3,VAUXHALL COMBO,2,E01029356,0,1
2024501437967,2024,501437967,1,9,0,-1,19,3,7,-1,0,1,0,0,0,0,1,1,-1,1,2,52,8,-1,-1,-1,VAUXHALL COMBO,9,E01020215,0,2
2024061514626,2024,061514626,2,19,0,-1,9,1,7,-1,0,1,0,0,0,0,3,1,-1,1,1,-1,-1,1499,2,1,VAUXHALL COMBO,-1,-1,0,-1
202454B619624,2024,54B619624,2,19,0,4,4,1,5,0,0,0,0,0,0,0,2,1,6,6,1,34,6,1499,2,1,VAUXHALL COMBO,-1,-1,0,-1
2024131471162,2024,131471162,1,19,0,-1,19,1,5,-1,0,8,0,0,0,0,1,1,-1,1,1,41,7,1248,2,7,VAUXHALL COMBO,1,E01010653,0,3
2024991408515,2024,991408515,2,9,0,-1,2,2,6,-1,0,0,0,0,0,0,1,1,-1,1,1,29,6,-1,-1,-1,VAUXHALL COMBO,1,-1,0,1
2024461512940,2024,461512940,1,19,0,-1,19,1,5,-1,0,0,1,0,0,0,1,9,-1,6,1,38,7,1499,2,4,VAUXHALL COMBO,4,E01035005,0,2