collision_index,collision_year,collision_ref_no,vehicle_reference,vehicle_type,towing_and_articulation,vehicle_manoeuvre_historic,vehicle_manoeuvre,vehicle_direction_from,vehicle_direction_to,vehicle_location_restricted_lane_historic,vehicle_location_restricted_lane,junction_location,skidding_and_overturning,hit_object_in_carriageway,vehicle_leaving_carriageway,hit_object_off_carriageway,first_point_of_impact,vehicle_left_hand_drive,journey_purpose_of_driver_historic,journey_purpose_of_driver,sex_of_driver,age_of_driver,age_band_of_driver,engine_capacity_cc,propulsion_code,age_of_vehicle,generic_make_model,driver_imd_decile,lsoa_of_driver,escooter_flag,driver_distance_banding
2024451404486,2024,451404486,1,19,0,-1,19,3,7,-1,0,0,0,0,0,0,1,1,-1,1,1,20,4,1499,2,3,VAUXHALL COMBO,3,E01002506,0,3
2024201441367,2024,201441367,1,19,0,-1,9,4,2,-1,0,6,0,0,0,0,1,1,-1,2,1,53,8,1598,2,7,VAUXHALL COMBO,2,E01010284,0,1
2024401438246,2024,401438246,2,19,0,-1,3,8,4,-1,0,0,0,0,0,0,2,1,-1,2,1,55,8,1499,2,1,VAUXHALL COMBO,5,E01017579,0,1
2024461425239,2024,461425239,2,19,0,-1,-1,-1,-1,-1,-1,0,-1,-1,-1,0,3,9,-1,6,1,51,8,1499,2,2,VAUXHALL COMBO,8,E01024077,0,1
2024201454799,2024,201454799,1,8,0,-1,1,1,5,-1,0,1,0,0,0,0,2,1,-1,6,1,40,7,1499,2,4,VAUXHALL COMBO,-1,-1,0,-1
2024131484310,2024,131484310,1,19,0,-1,19,8,4,-1,0,0,5,10,7,4,4,2,-1,6,1,37,7,1248,2,14,VAUXHALL COMBO,6,E01011042,0,3
2024101439083,2024,101439083,1,19,-1,-1,1,3,7,-1,0,0,0,0,0,0,2,9,-1,6,1,-1,-1,1499,2,4,VAUXHALL COMBO,-1,-1,0,-1
2024131442313,2024,131442313,2,19,0,-1,9,5,1,-1,0,8,0,0,0,0,4,1,-1,1,2,24,5,1248,2,13,VAUXHALL COMBO,8,E01013073,0,3
2024031447234,2024,031447234,1,19,0,-1,19,2,6,-1,0,1,0,0,0,0,1,1,-1,1,1,29,6,1499,2,1,VAUXHALL COMBO,4,E01019080,0,2
2024545528824,2024,545528824,3,19,0,4,4,3,7,0,0,1,0,0,0,0,2,1,1,1,2,26,6,1248,2,7,VAUXHALL COMBO,7,E01031882,0,1
2024010527223,2024,010527223,1,19,9,99,99,9,9,99,99,0,0,99,0,0,9,9,6,6,3,29,6,1499,2,4,VAUXHALL COMBO,4,E01021834,0,4
2024161492833,2024,161492833,1,19,9,-1,19,6,2,-1,0,1,9,99,9,0,1,9,-1,6,1,37,7,1248,2,10,VAUXHALL COMBO,3,E01012936,0,1
2024101416384,2024,101416384,2,19,0,-1,20,3,7,-1,0,0,0,0,0,0,1,9,-1,6,1,-1,-1,1499,2,3,VAUXHALL COMBO,-1,-1,0,-1
2024052401196,2024,052401196,1,19,0,18,19,1,5,0,0,8,0,0,0,0,1,1,2,2,1,29,6,1248,2,10,VAUXHALL COMBO,3,E01006717,0,1
2024010547814,2024,010547814,2,19,0,18,19,5,1,0,0,1,0,0,0,0,1,1,6,6,3,-1,-1,1686,2,20,VAUXHALL COMBO,-1,-1,0,-1
2024010521381,2024,010521381,2,19,0,2,2,0,0,0,0,1,0,0,0,0,3,1,6,6,3,-1,-1,1499,2,4,VAUXHALL COMBO,-1,-1,0,-1
2024010535532,2024,010535532,1,19,0,12,12,3,7,0,0,1,0,0,0,0,3,1,2,2,2,26,6,1248,2,7,VAUXHALL COMBO,10,E01031824,0,4
2024440147595,2024,440147595,2,19,0,18,19,8,4,0,0,1,0,0,0,0,1,1,6,6,1,67,10,1499,2,4,VAUXHALL COMBO,7,E01022938,0,3
2024451414039,2024,451414039,1,9,0,-1,19,6,2,-1,0,0,0,4,1,0,1,1,-1,6,1,21,5,-1,-1,-1,VAUXHALL COMBO,6,E01030665,0,1
2024052402377,2024,052402377,1,19,0,5,5,1,5,0,0,0,0,0,0,0,1,1,6,6,1,-1,-1,1499,2,5,VAUXHALL COMBO,-1,-1,0,-1
2024061478587,2024,061478587,1,19,0,-1,1,3,7,-1,0,2,0,0,0,0,2,1,-1,9,1,50,8,1248,2,13,VAUXHALL COMBO,2,E01005250,0,1
2024041531697,2024,041531697,2,19,0,-1,19,5,1,-1,0,0,0,0,0,0,1,1,-1,1,1,25,5,1248,2,16,VAUXHALL COMBO,3,E01010987,0,1
2024070545344,2024,070545344,2,9,0,4,4,2,6,0,0,0,0,0,0,0,1,1,2,2,1,28,6,-1,-1,-1,VAUXHALL COMBO,1,E01018551,0,1
2024631486261,2024,631486261,1,19,0,-1,19,6,2,-1,0,0,0,0,0,0,3,1,-1,1,1,61,9,1248,2,7,VAUXHALL COMBO,7,W01000482,0,4
202417S115024,2024,17S115024,2,19,0,-1,19,6,2,-1,0,1,0,0,0,0,1,1,-1,1,1,35,6,1499,2,1,VAUXHALL COMBO,-1,-1,0,-1
202454B755224,2024,54B755224,2,9,0,4,4,1,5,0,0,3,0,0,0,0,2,1,6,6,1,40,7,-1,-1,-1,VAUXHALL COMBO,-1,-1,0,-1
2024401405484,2024,401405484,2,20,0,-1,4,7,3,-1,0,0,5,0,0,0,2,1,-1,6,1,39,7,-1,-1,-1,VAUXHALL COMBO,2,E01034670,0,5
2024461517028,2024,461517028,5,9,0,-1,2,0,0,-1,0,0,0,0,0,0,1,1,-1,6,2,52,8,1499,2,3,VAUXHALL COMBO,1,E01024193,0,1
2024141532077,2024,141532077,2,19,0,-1,19,1,5,-1,0,0,0,0,0,0,1,9,-1,2,1,59,9,1499,2,2,VAUXHALL COMBO,1,E01007370,0,1
2024631507676,2024,631507676,1,19,0,-1,9,4,2,-1,0,5,0,0,0,0,4,1,-1,1,1,37,7,1499,2,4,VAUXHALL COMBO,7,W01000682,0,4
2024430506848,2024,430506848,4,19,0,3,3,2,6,0,0,0,0,0,0,0,2,1,6,6,1,35,6,1248,2,13,VAUXHALL COMBO,-1,-1,0,-1
2024440327833,2024,440327833,1,19,0,18,19,3,7,0,0,4,0,0,0,0,3,1,6,6,1,49,8,1364,1,18,VAUXHALL COMBO,7,E01022589,0,3
2024522401126,2024,522401126,2,19,0,5,5,3,7,0,0,0,0,0,0,0,1,1,6,6,1,54,8,1499,2,3,VAUXHALL COMBO,7,E01014803,0,1
2024161504462,2024,161504462,2,19,0,-1,19,5,1,-1,0,1,0,0,0,0,4,9,-1,6,1,-1,-1,1248,2,10,VAUXHALL COMBO,-1,-1,0,-1
2024461418288,2024,461418288,1,9,0,-1,19,3,7,-1,0,1,0,0,0,0,1,9,-1,6,1,-1,-1,-1,3,1,VAUXHALL COMBO,4,E01000392,0,2
2024440505897,2024,440505897,1,9,0,7,7,3,5,0,0,8,0,0,0,0,1,1,1,1,1,35,6,-1,-1,-1,VAUXHALL COMBO,3,E01023256,0,2
2024461456976,2024,461456976,1,19,0,-1,19,1,3,-1,0,0,0,0,0,0,1,9,-1,6,1,-1,-1,1248,2,8,VAUXHALL COMBO,5,E01001648,0,4
2024440538801,2024,440538801,2,19,0,16,19,7,2,0,0,4,0,0,0,0,3,1,6,6,1,37,7,1248,2,14,VAUXHALL COMBO,7,E01022569,0,1
2024471458209,2024,471458209,1,19,0,-1,19,3,7,-1,0,0,0,0,1,11,1,1,-1,6,1,32,6,1499,2,3,VAUXHALL COMBO,5,E01031477,0,3
2024201433797,2024,201433797,2,19,0,-1,6,2,2,-1,0,2,0,0,0,0,2,1,-1,6,1,-1,-1,1248,2,17,VAUXHALL COMBO,-1,-1,0,-1
2024161407369,2024,161407369,1,19,0,-1,19,7,3,-1,0,8,0,0,0,0,1,1,-1,1,2,38,7,1248,2,13,VAUXHALL COMBO,1,E01012809,0,1
2024631492092,2024,631492092,1,19,0,-1,13,8,4,-1,0,0,0,0,1,0,1,1,-1,9,1,52,8,1499,2,3,VAUXHALL COMBO,8,W01000458,0,1
2024501505115,2024,501505115,1,19,0,-1,19,4,8,-1,0,0,5,0,0,0,4,1,-1,1,1,70,10,1248,2,8,VAUXHALL COMBO,4,E01018952,0,2
2024041417616,2024,041417616,1,19,0,-1,5,3,7,-1,0,4,0,0,0,0,1,1,-1,1,2,64,9,1248,2,11,VAUXHALL COMBO,3,E01012750,0,1
2024010531914,2024,010531914,2,19,0,18,19,5,1,0,0,3,0,0,0,0,1,1,1,1,1,40,7,1560,2,5,VAUXHALL COMBO,3,E01015954,0,4
2024411447147,2024,411447147,1,19,0,-1,19,6,2,-1,0,0,1,0,0,0,1,1,-1,1,1,64,9,1499,2,3,VAUXHALL COMBO,-1,-1,0,-1
2024471427997,2024,471427997,1,19,0,-1,19,7,3,-1,0,0,0,0,0,0,4,1,-1,1,1,33,6,1499,2,4,VAUXHALL COMBO,3,E01032810,0,4
2024440452469,2024,440452469,3,19,0,18,19,3,7,0,0,0,0,0,0,0,1,1,1,1,1,47,8,1499,2,1,VAUXHALL COMBO,3,E01015442,0,4
2024211519429,2024,211519429,1,19,0,-1,5,4,5,-1,0,0,0,0,0,0,2,1,-1,6,1,54,8,1499,2,3,VAUXHALL COMBO,4,E01029373,0,4
2024332400865,2024,332400865,3,19,0,-1,19,4,8,-1,0,0,0,0,0,0,1,1,-1,6,1,37,7,1499,2,2,VAUXHALL COMBO,9,E01027042,0,4
2024991520185,2024,991520185,1,19,0,-1,19,7,4,-1,0,0,0,0,0,0,1,1,-1,9,1,41,7,1499,2,0,VAUXHALL COMBO,3,E01010949,0,5
2024010530044,2024,010530044,1,19,0,99,99,9,9,99,99,9,9,99,9,99,9,9,1,1,1,38,7,1499,2,0,VAUXHALL COMBO,7,E01023366,0,4
2024302401577,2024,302401577,2,9,0,17,19,3,1,0,0,0,0,0,0,0,1,1,1,1,1,38,7,1499,2,2,VAUXHALL COMBO,1,E01014250,0,4
2024010549168,2024,010549168,2,9,0,99,99,9,9,99,99,9,9,99,9,99,2,9,6,6,2,50,8,1199,1,5,VAUXHALL COMBO,7,E01000157,0,1
2024010504520,2024,010504520,2,19,0,99,99,9,9,99,99,6,9,99,9,99,1,9,6,6,3,40,7,1560,2,6,VAUXHALL COMBO,2,E01003070,0,2
2024141397890,2024,141397890,1,9,0,-1,19,1,1,-1,9,0,0,4,0,0,3,1,-1,1,1,54,8,-1,-1,-1,VAUXHALL COMBO,4,E01007537,0,2
2024421431620,2024,421431620,2,19,0,-1,4,7,3,-1,0,0,0,0,0,0,2,9,-1,1,1,25,5,1248,2,16,VAUXHALL COMBO,3,E01015988,0,3
2024622400101,2024,622400101,3,19,0,18,19,4,8,0,0,0,0,0,0,0,2,1,6,6,1,38,7,1560,2,5,VAUXHALL COMBO,5,W01000754,0,2
2024302401068,2024,302401068,2,19,0,2,2,0,0,0,0,0,5,0,1,0,2,1,1,1,1,33,6,1499,2,4,VAUXHALL COMBO,4,E01019529,0,2
2024131511723,2024,131511723,1,9,0,-1,19,5,1,-1,0,8,0,0,0,0,1,1,-1,9,1,71,10,1199,1,3,VAUXHALL COMBO,10,E01011549,0,1
2024161460828,2024,161460828,2,19,0,-1,19,7,3,-1,0,0,0,0,0,0,1,1,-1,6,1,60,9,1248,2,9,VAUXHALL COMBO,-1,-1,0,-1
2024141456109,2024,141456109,1,19,0,-1,3,5,8,-1,0,4,0,0,0,0,2,1,-1,6,1,52,8,1499,2,5,VAUXHALL COMBO,2,E01008072,0,1
2024622400387,2024,622400387,3,9,0,4,4,6,2,0,0,0,0,0,0,0,3,1,6,6,1,66,10,-1,-1,-1,VAUXHALL COMBO,10,W01001072,0,4
202454D124924,2024,54D124924,2,19,0,2,2,0,0,0,0,0,0,0,0,0,2,1,2,2,1,48,8,1248,2,10,VAUXHALL COMBO,4,E01031895,0,2
2024461474316,2024,461474316,2,19,0,-1,19,7,3,-1,0,1,1,0,1,0,2,9,-1,6,1,-1,-1,1499,2,4,VAUXHALL COMBO,6,E01024234,0,3
2024061439412,2024,061439412,1,19,0,-1,13,5,1,-1,0,0,1,0,0,0,1,1,-1,9,1,25,5,1248,2,13,VAUXHALL COMBO,7,E01024922,0,1
2024401430396,2024,401430396,2,19,0,-1,4,2,6,-1,0,1,1,0,0,0,2,1,-1,6,1,56,9,1248,2,19,VAUXHALL COMBO,3,E01017493,0,1
2024501438129,2024,501438129,1,19,0,-1,19,7,3,-1,0,0,2,0,2,10,1,2,-1,1,1,22,5,1499,2,3,VAUXHALL COMBO,3,E01011585,0,5
2024991527225,2024,991527225,4,19,0,-1,19,7,4,-1,0,0,0,0,0,0,1,1,-1,9,2,34,6,1499,2,4,VAUXHALL COMBO,6,-1,0,3
2024010533173,2024,010533173,1,9,0,18,19,5,1,0,0,0,1,4,0,0,1,1,6,6,1,22,5,1199,1,4,VAUXHALL COMBO,10,E01003891,0,1
2024320130912,2024,320130912,2,19,0,4,4,6,5,0,0,0,0,0,7,0,3,1,1,1,1,64,9,1248,2,10,VAUXHALL COMBO,2,E01026108,0,4
2024440012471,2024,440012471,1,19,0,18,19,6,2,0,0,0,0,0,0,0,1,1,2,2,1,55,8,1499,2,3,VAUXHALL COMBO,7,E01022938,0,2
2024522403158,2024,522403158,1,19,0,3,3,4,2,0,0,8,0,0,0,0,2,1,1,1,2,55,8,1248,2,9,VAUXHALL COMBO,2,E01014499,0,2
2024991396979,2024,991396979,2,19,0,-1,7,7,3,-1,0,4,0,0,0,0,1,1,-1,6,1,62,9,1248,2,16,VAUXHALL COMBO,-1,-1,0,-1
2024041470284,2024,041470284,3,19,0,-1,2,2,2,-1,9,0,0,4,0,0,3,1,-1,6,-1,-1,-1,1686,2,14,VAUXHALL COMBO,-1,-1,0,-1
2024631478441,2024,631478441,1,9,0,-1,5,4,8,-1,0,6,0,0,0,0,4,1,-1,9,2,79,11,1199,1,3,VAUXHALL COMBO,7,W01000684,0,4
2024161417904,2024,161417904,1,19,0,-1,5,7,3,-1,0,1,5,0,0,0,3,1,-1,9,1,33,6,1499,2,4,VAUXHALL COMBO,9,E01012957,0,1
2024451458087,2024,451458087,1,9,0,-1,11,4,2,-1,0,0,0,0,0,0,2,1,-1,9,2,33,6,1499,2,3,VAUXHALL COMBO,10,E01030486,0,3
2024010524909,2024,010524909,1,19,0,99,99,9,9,99,99,9,9,99,9,99,1,9,2,2,1,50,8,-1,3,2,VAUXHALL COMBO,5,E01000619,0,1
2024461499981,2024,461499981,2,19,0,-1,4,7,6,-1,0,2,0,0,0,0,1,1,-1,1,1,57,9,1499,2,2,VAUXHALL COMBO,4,E01024624,0,3
2024552400601,2024,552400601,1,19,0,18,19,8,4,0,0,1,0,0,0,0,1,1,6,6,1,70,10,1686,2,22,VAUXHALL COMBO,7,E01015413,0,2
2024471460075,2024,471460075,1,9,0,-1,19,1,5,-1,0,0,5,10,7,0,1,1,-1,6,1,85,11,-1,-1,-1,VAUXHALL COMBO,6,E01021206,0,4
2024411492986,2024,411492986,2,9,0,-1,14,5,1,-1,0,0,0,0,0,0,1,1,-1,6,1,42,7,-1,-1,-1,VAUXHALL COMBO,9,E01023406,0,2
2024531436018,2024,531436018,1,19,0,-1,11,5,7,-1,9,0,0,0,0,0,4,9,-1,1,1,60,9,1499,2,1,VAUXHALL COMBO,4,E01022149,0,2
2024520402184,2024,520402184,2,19,0,18,19,2,7,0,0,8,0,0,0,0,3,1,6,6,1,48,8,1499,2,0,VAUXHALL COMBO,3,E01032635,0,4
2024371515552,2024,371515552,2,9,0,-1,19,3,8,-1,0,0,0,0,0,0,3,1,-1,1,1,56,9,-1,-1,-1,VAUXHALL COMBO,-1,-1,0,-1
2024131434175,2024,131434175,4,19,0,-1,2,0,0,-1,0,0,0,10,1,0,3,1,-1,6,-1,-1,-1,1248,2,9,VAUXHALL COMBO,-1,-1,0,-1
2024522403086,2024,522403086,1,9,0,3,3,1,5,0,0,1,0,0,0,0,2,1,6,6,2,32,6,1199,1,4,VAUXHALL COMBO,7,E01014922,0,1
2024371450522,2024,371450522,1,19,0,-1,19,3,7,-1,0,0,0,0,0,0,2,1,-1,6,1,53,8,1499,2,4,VAUXHALL COMBO,5,E01030001,0,1
2024340WN7352,2024,340WN7352,2,9,0,-1,4,5,1,-1,0,0,0,0,0,0,2,1,-1,1,1,60,9,-1,-1,-1,VAUXHALL COMBO,8,E01032966,0,4
2024141483827,2024,141483827,2,19,0,-1,19,2,6,-1,0,1,0,0,0,0,1,1,-1,6,1,44,7,1499,2,3,VAUXHALL COMBO,2,E01007349,0,1
2024031473449,2024,031473449,1,9,-1,-1,19,-1,-1,-1,0,0,-1,-1,-1,0,-1,9,-1,9,1,72,10,1199,1,4,VAUXHALL COMBO,-1,-1,0,-1
2024501512881,2024,501512881,1,9,0,-1,19,6,2,-1,0,8,1,0,1,11,1,1,-1,2,2,29,6,-1,-1,-1,VAUXHALL COMBO,4,E01018943,0,1
2024320001494,2024,320001494,2,19,0,18,19,2,6,0,0,0,0,0,0,0,1,1,6,6,1,45,7,1248,2,9,VAUXHALL COMBO,4,E01026416,0,1
2024545528824,2024,545528824,2,19,0,4,4,3,7,0,0,1,0,0,0,0,2,1,1,1,1,43,7,1248,2,6,VAUXHALL COMBO,6,E01031849,0,3
2024440223503,2024,440223503,3,19,0,2,2,0,0,0,0,2,0,0,0,0,2,1,6,6,1,35,6,1560,2,5,VAUXHALL COMBO,-1,-1,0,-1
2024610031424,2024,610031424,1,19,0,9,9,3,1,0,0,8,0,0,0,0,1,1,6,6,1,21,5,1598,2,11,VAUXHALL COMBO,10,W01001670,0,1
2024340WN7362,2024,340WN7362,2,9,0,-1,11,8,4,-1,0,0,1,2,1,0,3,1,-1,9,1,45,7,1499,2,5,VAUXHALL COMBO,-1,-1,0,-1
2024141424701,2024,141424701,1,9,0,-1,19,7,3,-1,0,1,0,0,0,0,1,1,-1,6,1,43,7,-1,-1,-1,VAUXHALL COMBO,8,E01028052,0,3
2024471406997,2024,471406997,2,19,0,-1,4,3,7,-1,0,0,0,0,0,0,2,1,-1,2,1,20,4,1560,2,4,VAUXHALL COMBO,9,E01017046,0,4
2024440307399,2024,440307399,1,19,0,9,9,1,7,0,0,2,0,0,0,0,1,1,6,6,1,45,7,1248,2,8,VAUXHALL COMBO,-1,-1,0,-1
2024991447786,2024,991447786,1,19,0,-1,2,0,0,-1,0,1,0,4,0,0,2,1,-1,6,-1,-1,-1,1248,2,13,VAUXHALL COMBO,-1,-1,0,-1
2024552400479,2024,552400479,1,19,0,7,7,2,4,0,0,8,0,0,0,0,1,1,2,2,1,64,9,1598,2,9,VAUXHALL COMBO,6,E01020531,0,1
2024531498928,2024,531498928,1,19,0,-1,19,1,6,-1,0,0,2,0,1,0,1,9,-1,6,1,55,8,1499,2,3,VAUXHALL COMBO,2,E01022290,0,4
2024991524078,2024,991524078,1,19,0,-1,9,6,1,-1,0,1,0,0,0,0,1,1,-1,2,1,25,5,1248,2,10,VAUXHALL COMBO,7,-1,0,3
2024201453399,2024,201453399,1,19,0,-1,19,1,4,-1,0,1,0,0,0,0,1,1,-1,9,1,38,7,1248,2,13,VAUXHALL COMBO,1,E01009540,0,1
2024131576541,2024,131576541,1,9,0,-1,19,1,3,-1,2,2,0,0,0,0,3,1,-1,2,1,34,6,-1,-1,-1,VAUXHALL COMBO,1,E01011686,0,1
2024302500127,2024,302500127,2,19,0,-1,19,5,1,-1,0,0,0,0,0,0,2,1,-1,9,2,57,9,1686,2,16,VAUXHALL COMBO,3,E01019506,0,1
2024451496313,2024,451496313,1,19,0,-1,4,6,2,-1,0,0,0,0,0,0,2,1,-1,1,1,43,7,1499,2,2,VAUXHALL COMBO,4,E01031599,0,4
2024451489192,2024,451489192,2,19,0,-1,19,6,2,-1,0,0,0,0,0,0,0,1,-1,6,3,40,7,1560,2,5,VAUXHALL COMBO,-1,-1,0,-1
2024131434175,2024,131434175,3,19,0,-1,19,7,3,-1,0,0,0,4,0,0,2,1,-1,2,1,46,8,1499,2,4,VAUXHALL COMBO,6,E01010883,0,3
2024371445669,2024,371445669,2,9,0,-1,19,6,2,-1,0,1,0,0,0,0,1,1,-1,9,1,83,11,1199,1,2,VAUXHALL COMBO,7,E01029227,0,5
2024351511240,2024,351511240,1,19,0,-1,19,3,7,-1,0,0,0,0,0,0,1,1,-1,1,1,21,5,1248,2,13,VAUXHALL COMBO,4,E01026336,0,2
2024231471093,2024,231471093,2,19,0,-1,4,2,6,-1,0,0,0,0,0,0,2,9,-1,6,1,61,9,1248,2,9,VAUXHALL COMBO,4,E01028133,0,4
2024010515189,2024,010515189,2,19,0,18,19,7,3,0,0,0,0,0,0,0,1,1,1,1,1,53,8,1499,2,0,VAUXHALL COMBO,3,E01027060,0,4
2024351435894,2024,351435894,2,19,0,-1,19,8,4,-1,0,1,0,0,0,0,3,1,-1,9,1,71,10,1686,2,15,VAUXHALL COMBO,5,E01026466,0,4
2024471461658,2024,471461658,1,19,0,-1,19,7,3,-1,0,0,0,0,0,0,-1,9,-1,6,3,-1,-1,1686,2,14,VAUXHALL COMBO,-1,-1,0,-1
2024161535491,2024,161535491,1,9,0,-1,19,5,1,-1,0,0,5,0,7,0,1,1,-1,9,1,22,5,-1,-1,-1,VAUXHALL COMBO,8,E01034756,0,2
2024991472449,2024,991472449,1,19,0,-1,19,3,7,-1,0,0,0,0,0,0,1,1,-1,1,2,64,9,1560,2,5,VAUXHALL COMBO,6,-1,0,5
2024052401000,2024,052401000,2,19,0,18,19,1,5,0,0,1,1,0,0,0,1,1,1,1,1,48,8,1499,2,4,VAUXHALL COMBO,7,E01006829,0,1
2024991458592,2024,991458592,2,19,0,-1,4,3,7,-1,0,0,0,0,0,0,2,1,-1,2,1,65,9,1598,2,7,VAUXHALL COMBO,4,-1,0,3
2024543029524,2024,543029524,1,19,0,18,19,2,6,0,0,1,0,0,0,0,1,1,1,1,1,32,6,1598,2,9,VAUXHALL COMBO,8,E01028716,0,3
2024552401037,2024,552401037,2,19,0,4,4,6,2,0,0,0,0,0,0,0,2,1,2,2,2,35,6,1248,2,17,VAUXHALL COMBO,7,E01015438,0,1
2024440153707,2024,440153707,1,19,0,9,9,1,7,0,0,5,0,0,0,0,3,1,1,1,1,34,6,1598,2,9,VAUXHALL COMBO,2,E01013131,0,5
2024302401660,2024,302401660,2,9,0,17,19,5,2,0,0,0,0,0,0,0,1,1,6,6,2,51,8,1499,2,4,VAUXHALL COMBO,8,E01033280,0,4
2024501519515,2024,501519515,1,19,0,-1,9,1,7,-1,0,8,0,0,0,0,3,1,-1,1,1,56,9,1560,2,5,VAUXHALL COMBO,6,E01015202,0,2
2024201467527,2024,201467527,1,19,0,-1,19,1,5,-1,0,1,0,0,0,0,1,1,-1,6,1,30,6,1248,2,14,VAUXHALL COMBO,2,E01009833,0,2
2024010546011,2024,010546011,1,19,0,18,19,3,7,0,0,0,0,0,0,0,1,1,3,7,1,58,9,1598,2,8,VAUXHALL COMBO,5,E01004221,0,1
2024461431349,2024,461431349,2,19,0,-1,5,5,1,-1,0,0,0,0,0,0,4,1,-1,9,1,40,7,1686,2,15,VAUXHALL COMBO,-1,-1,0,-1
2024440372807,2024,440372807,2,19,0,18,19,0,0,0,0,0,0,0,0,0,2,1,1,1,1,52,8,1248,2,13,VAUXHALL COMBO,10,E01030804,0,1
2024010509790,2024,010509790,1,9,0,15,15,5,1,0,0,1,0,0,0,0,1,1,6,6,3,-1,-1,1199,1,3,VAUXHALL COMBO,-1,-1,0,-1
2024371470709,2024,371470709,2,9,0,-1,4,7,3,-1,-1,0,0,0,0,0,0,1,-1,9,1,34,6,-1,-1,-1,VAUXHALL COMBO,7,E01029974,0,2
2024201498436,2024,201498436,1,19,0,-1,19,1,4,-1,0,0,0,0,0,0,1,1,-1,6,-1,-1,-1,1686,2,17,VAUXHALL COMBO,-1,-1,0,-1
2024302500210,2024,302500210,1,19,0,-1,4,7,3,-1,0,0,0,0,0,0,1,1,-1,1,1,25,5,1499,2,0,VAUXHALL COMBO,6,E01013887,0,3
2024371480451,2024,371480451,1,19,0,-1,19,2,4,-1,0,1,0,0,0,0,1,1,-1,6,1,50,8,1248,2,18,VAUXHALL COMBO,3,E01030253,0,1
2024101522382,2024,101522382,1,9,0,-1,9,2,7,-1,0,8,0,0,0,0,0,1,-1,6,2,48,8,1499,2,4,VAUXHALL COMBO,8,E01008313,0,1
2024070589521,2024,070589521,1,19,0,4,4,7,2,0,0,0,0,0,0,0,2,1,6,6,1,62,9,1499,2,3,VAUXHALL COMBO,2,E01004902,0,4
2024131449156,2024,131449156,2,19,0,-1,19,4,8,-1,0,8,0,0,0,0,1,1,-1,9,1,65,9,1248,2,19,VAUXHALL COMBO,8,E01010573,0,1
2024320010478,2024,320010478,2,9,0,-1,-1,2,6,0,0,0,0,0,1,0,1,1,1,1,1,49,8,-1,-1,-1,VAUXHALL COMBO,2,E01026312,0,2
2024991464082,2024,991464082,2,9,0,-1,2,7,3,-1,2,0,0,0,0,0,2,1,-1,9,1,76,11,1199,1,5,VAUXHALL COMBO,2,-1,0,1
2024111491674,2024,111491674,1,9,0,-1,7,5,1,-1,0,8,0,0,0,0,2,1,-1,9,1,58,9,1499,2,2,VAUXHALL COMBO,6,E01012310,0,1
2024101440121,2024,101440121,1,19,0,-1,5,5,1,-1,0,0,0,0,0,0,1,1,-1,1,1,52,8,1499,2,5,VAUXHALL COMBO,1,E01008853,0,4
2024440313338,2024,440313338,2,19,0,4,4,7,3,0,0,1,0,0,0,0,1,1,6,6,1,-1,-1,1499,2,4,VAUXHALL COMBO,-1,-1,0,-1
2024471524604,2024,471524604,1,19,0,-1,7,7,1,-1,0,1,0,0,0,0,3,1,-1,9,1,67,10,1248,2,11,VAUXHALL COMBO,8,E01021233,0,1
2024371504840,2024,371504840,1,19,0,-1,9,5,3,-1,0,2,0,0,0,0,3,1,-1,2,1,35,6,1248,2,14,VAUXHALL COMBO,8,E01030288,0,1
2024010497732,2024,010497732,1,9,0,99,99,9,9,99,99,9,9,99,9,99,2,9,1,1,1,41,7,1499,2,5,VAUXHALL COMBO,5,E01021814,0,4
2024320713317,2024,320713317,2,19,0,-1,-1,3,7,0,0,0,0,0,0,0,1,1,-1,-1,2,62,9,1598,2,7,VAUXHALL COMBO,6,E01026391,0,1
2024430029071,2024,430029071,1,19,0,9,9,2,8,0,0,2,0,0,0,0,1,1,6,6,1,64,9,1248,2,15,VAUXHALL COMBO,9,E01032710,0,3
2024061474878,2024,061474878,1,9,0,-1,19,4,8,-1,0,0,0,0,0,0,1,2,-1,1,1,25,5,-1,-1,-1,VAUXHALL COMBO,7,E01005415,0,4
2024531445661,2024,531445661,2,19,0,-1,19,7,7,-1,0,2,0,0,0,0,3,1,-1,1,1,58,9,1248,2,14,VAUXHALL COMBO,10,E01022172,0,3
2024451409612,2024,451409612,3,19,0,-1,19,6,2,-1,0,0,0,0,0,0,2,1,-1,2,1,40,7,1499,2,1,VAUXHALL COMBO,3,E01017619,0,4
2024501525588,2024,501525588,2,9,0,-1,12,8,4,-1,0,1,0,0,0,0,1,1,-1,9,1,41,7,-1,-1,-1,VAUXHALL COMBO,3,E01020005,0,1
2024010540602,2024,010540602,2,19,0,9,9,5,2,0,0,2,0,0,0,0,1,1,6,6,1,31,6,1499,2,4,VAUXHALL COMBO,5,E01033788,0,1
2024461399250,2024,461399250,2,9,0,-1,3,2,4,-1,0,3,0,0,0,0,3,9,-1,6,2,50,8,1199,1,5,VAUXHALL COMBO,6,E01024064,0,1
2024991426614,2024,991426614,2,9,0,-1,19,7,3,-1,0,3,0,0,0,0,2,1,-1,9,1,72,10,1199,1,3,VAUXHALL COMBO,1,-1,0,2