collision_index,collision_year,collision_ref_no,vehicle_reference,vehicle_type,towing_and_articulation,vehicle_manoeuvre_historic,vehicle_manoeuvre,vehicle_direction_from,vehicle_direction_to,vehicle_location_restricted_lane_historic,vehicle_location_restricted_lane,junction_location,skidding_and_overturning,hit_object_in_carriageway,vehicle_leaving_carriageway,hit_object_off_carriageway,first_point_of_impact,vehicle_left_hand_drive,journey_purpose_of_driver_historic,journey_purpose_of_driver,sex_of_driver,age_of_driver,age_band_of_driver,engine_capacity_cc,propulsion_code,age_of_vehicle,generic_make_model,driver_imd_decile,lsoa_of_driver,escooter_flag,driver_distance_banding
2024052402299,2024,052402299,1,9,0,18,19,3,7,0,0,4,0,0,0,0,1,1,6,6,2,-1,-1,1499,2,4,VAUXHALL COMBO,10,W01000302,0,4
2024111521145,2024,111521145,1,9,0,-1,19,1,5,-1,0,0,2,0,1,0,1,1,-1,6,1,74,10,1499,2,4,VAUXHALL COMBO,1,E01008671,0,3
2024010537387,2024,010537387,2,19,9,99,99,9,9,99,99,9,9,99,9,99,9,9,6,6,3,-1,-1,1499,2,1,VAUXHALL COMBO,-1,-1,0,-1
2024991450135,2024,991450135,1,19,0,-1,4,7,3,-1,0,0,1,0,0,0,1,1,-1,9,1,37,7,1499,2,4,VAUXHALL COMBO,3,-1,0,3
2024010549238,2024,010549238,4,19,0,18,19,3,7,0,0,8,0,0,0,0,1,1,6,6,1,54,8,1499,2,5,VAUXHALL COMBO,-1,-1,0,-1
2024010512289,2024,010512289,1,19,0,1,1,3,7,0,0,0,0,0,0,0,2,1,2,2,1,43,7,-1,3,3,VAUXHALL COMBO,2,E01003304,0,2
2024351486409,2024,351486409,2,19,0,-1,19,5,1,-1,0,0,5,0,5,0,2,1,-1,1,1,67,10,1499,2,1,VAUXHALL COMBO,2,E01029988,0,4
2024451429493,2024,451429493,1,19,0,-1,19,5,1,-1,0,8,0,0,0,0,4,9,-1,1,1,21,5,1248,2,14,VAUXHALL COMBO,7,E01030452,0,1
2024010544921,2024,010544921,1,19,0,3,3,7,3,0,0,2,0,0,0,0,2,1,1,1,1,44,7,1499,2,0,VAUXHALL COMBO,4,E01002101,0,1
2024351530799,2024,351530799,2,9,0,-1,9,1,5,-1,0,0,0,0,0,0,4,1,-1,2,1,45,7,-1,-1,-1,VAUXHALL COMBO,2,E01015605,0,1
2024991551909,2024,991551909,2,19,0,-1,9,7,5,-1,0,1,5,0,0,0,3,1,-1,1,2,43,7,1499,2,1,VAUXHALL COMBO,9,-1,0,4
2024010551058,2024,010551058,2,9,0,2,2,0,0,0,0,1,0,4,0,0,3,1,6,6,3,-1,-1,1199,1,4,VAUXHALL COMBO,-1,-1,0,-1
2024010516762,2024,010516762,3,19,0,4,4,2,6,2,2,1,0,0,0,0,0,1,6,6,1,60,9,1499,2,1,VAUXHALL COMBO,3,E01001476,0,3
2024991470157,2024,991470157,1,19,0,-1,19,3,7,-1,0,4,0,0,0,0,1,1,-1,1,1,46,8,1499,2,1,VAUXHALL COMBO,1,-1,0,3
2024070803994,2024,070803994,2,19,0,-1,19,7,3,-1,0,0,0,0,0,0,1,1,-1,6,1,63,9,1499,2,3,VAUXHALL COMBO,5,E01018514,0,1
2024421430585,2024,421430585,2,19,0,-1,4,5,1,-1,0,0,0,0,0,0,2,1,-1,1,1,30,6,1499,2,1,VAUXHALL COMBO,3,E01021339,0,4
2024471496200,2024,471496200,1,9,0,-1,19,3,7,-1,0,0,0,0,0,0,1,1,-1,6,1,55,8,1499,2,3,VAUXHALL COMBO,4,E01031836,0,1
2024061436970,2024,061436970,2,19,0,-1,19,-1,-1,-1,0,6,0,0,0,0,1,1,-1,6,1,-1,-1,1499,2,5,VAUXHALL COMBO,4,E01005025,0,1
2024440510834,2024,440510834,2,9,0,5,5,7,3,0,0,0,0,0,0,0,3,1,1,1,1,67,10,-1,-1,-1,VAUXHALL COMBO,8,E01022660,0,2
2024070112589,2024,070112589,1,19,0,9,9,1,5,0,0,6,0,0,0,0,3,1,2,2,1,37,7,1248,2,8,VAUXHALL COMBO,7,E01012540,0,1
2024471453774,2024,471453774,1,19,0,-1,9,6,4,-1,0,1,0,0,0,0,1,1,-1,1,2,58,9,1499,2,3,VAUXHALL COMBO,7,E01031618,0,4
2024351537229,2024,351537229,2,19,0,-1,3,1,3,-1,0,7,0,0,0,0,2,1,-1,1,1,37,7,1499,2,4,VAUXHALL COMBO,5,E01026985,0,4
2024010500746,2024,010500746,2,19,0,18,19,9,9,99,99,9,9,99,9,99,1,9,6,6,3,-1,-1,1560,2,5,VAUXHALL COMBO,-1,-1,0,-1
2024221487579,2024,221487579,2,20,0,-1,2,0,0,-1,0,0,0,0,0,0,2,1,-1,1,1,59,9,-1,-1,-1,VAUXHALL COMBO,2,E01009751,0,3
2024010488768,2024,010488768,2,19,0,99,99,9,9,99,99,0,9,99,9,99,1,9,6,6,3,48,8,1499,2,1,VAUXHALL COMBO,3,E01000545,0,2
2024421429833,2024,421429833,1,19,0,-1,5,3,7,-1,0,8,0,0,0,0,1,1,-1,1,1,77,11,1248,2,16,VAUXHALL COMBO,1,E01015841,0,1
2024430333795,2024,430333795,1,19,0,18,19,2,6,0,0,0,0,0,0,0,3,1,2,2,1,59,9,1560,2,5,VAUXHALL COMBO,10,E01016663,0,1
2024471521308,2024,471521308,1,9,0,-1,19,3,7,-1,0,0,0,6,0,0,1,1,-1,1,2,19,4,-1,-1,-1,VAUXHALL COMBO,5,E01021117,0,1
2024010508121,2024,010508121,2,19,0,18,19,1,5,0,0,2,0,0,0,0,2,1,1,1,1,42,7,1499,2,1,VAUXHALL COMBO,9,E01033808,0,4
2024361507827,2024,361507827,1,19,0,-1,19,3,7,-1,0,0,0,0,0,0,2,1,-1,1,1,55,8,1499,2,3,VAUXHALL COMBO,2,E01026601,0,4
2024010502718,2024,010502718,1,19,0,18,19,5,1,0,0,2,0,0,0,0,1,1,1,1,1,24,5,1499,2,1,VAUXHALL COMBO,3,E01021864,0,3
2024221526245,2024,221526245,1,19,0,-1,19,7,3,-1,0,0,0,0,0,0,1,9,-1,1,1,57,9,1560,2,5,VAUXHALL COMBO,5,E01009895,0,3
2024141422250,2024,141422250,1,19,0,-1,5,1,4,-1,0,2,0,0,3,0,4,1,-1,9,1,50,8,1560,2,5,VAUXHALL COMBO,1,E01007318,0,3
2024421489781,2024,421489781,1,19,0,-1,19,6,6,-1,0,0,0,0,7,0,1,1,-1,2,1,34,6,1499,2,4,VAUXHALL COMBO,-1,-1,0,-1
2024161396949,2024,161396949,1,19,0,-1,19,7,3,-1,0,0,0,0,0,0,1,1,-1,6,1,72,10,1248,2,11,VAUXHALL COMBO,6,E01026387,0,3
2024622400768,2024,622400768,1,19,0,7,7,7,2,0,0,8,0,0,0,0,1,1,6,6,1,53,8,1248,2,8,VAUXHALL COMBO,5,W01001178,0,2
2024361474291,2024,361474291,2,9,0,-1,19,7,3,-1,0,0,0,0,0,0,4,1,-1,9,1,60,9,1364,1,16,VAUXHALL COMBO,3,E01026459,0,1
2024471447428,2024,471447428,1,19,0,-1,19,7,2,-1,0,0,0,0,0,0,3,9,-1,6,3,-1,-1,1248,2,14,VAUXHALL COMBO,-1,-1,0,-1
2024010551257,2024,010551257,2,19,0,1,1,1,5,0,0,0,0,0,0,0,2,1,6,6,3,-1,-1,1560,2,4,VAUXHALL COMBO,-1,-1,0,-1
2024401401759,2024,401401759,1,19,0,-1,19,6,2,-1,0,0,1,0,1,4,1,9,-1,6,2,40,7,1499,2,2,VAUXHALL COMBO,7,E01017564,0,4
2024221417187,2024,221417187,1,19,0,-1,19,8,4,-1,0,0,1,0,0,0,1,9,-1,6,2,19,4,1248,2,19,VAUXHALL COMBO,5,E01028943,0,1
2024351428227,2024,351428227,1,19,0,-1,4,2,6,-1,0,0,0,0,1,4,1,1,-1,9,1,28,6,1598,2,7,VAUXHALL COMBO,6,E01018076,0,2
2024041520645,2024,041520645,1,19,0,-1,19,6,2,-1,0,0,0,0,0,0,4,1,-1,1,1,36,7,1499,2,1,VAUXHALL COMBO,5,E01011774,0,4
2024221411579,2024,221411579,1,19,0,-1,19,7,3,-1,0,0,1,0,0,0,1,9,-1,2,1,18,4,1248,2,8,VAUXHALL COMBO,2,W01000406,0,4
2024531502535,2024,531502535,1,19,0,-1,19,7,3,-1,0,1,0,0,0,0,1,1,-1,1,1,33,6,1499,2,5,VAUXHALL COMBO,10,E01022354,0,2
2024451416818,2024,451416818,2,19,0,-1,19,7,3,-1,0,0,0,0,0,0,1,1,-1,9,2,52,8,1499,2,3,VAUXHALL COMBO,9,E01000658,0,1
2024371460523,2024,371460523,1,9,0,-1,5,4,1,-1,0,1,0,0,0,0,1,1,-1,6,1,24,5,-1,-1,-1,VAUXHALL COMBO,6,E01021406,0,4
2024552400563,2024,552400563,2,19,0,3,3,2,6,0,0,0,0,0,0,0,2,1,1,1,1,29,6,1560,2,5,VAUXHALL COMBO,7,E01020579,0,1
2024461504994,2024,461504994,1,19,0,-1,13,4,8,-1,0,0,0,0,0,0,1,9,-1,6,3,-1,-1,1598,2,10,VAUXHALL COMBO,-1,-1,0,-1
2024010541519,2024,010541519,2,19,0,6,6,3,3,0,0,1,0,0,0,0,3,1,1,1,1,59,9,1499,2,2,VAUXHALL COMBO,6,E01003149,0,1
2024340NN0992,2024,340NN0992,2,19,0,-1,4,5,1,-1,0,2,0,0,0,0,2,1,-1,1,1,31,6,1499,2,4,VAUXHALL COMBO,1,E01010238,0,4
2024231464773,2024,231464773,1,19,0,-1,9,6,4,-1,0,6,0,0,0,0,3,9,-1,1,1,67,10,1499,2,3,VAUXHALL COMBO,3,E01031174,0,1
2024991456449,2024,991456449,1,19,0,-1,19,2,7,-1,0,0,0,0,0,0,1,1,-1,1,1,24,5,-1,3,0,VAUXHALL COMBO,-1,-1,0,-1
2024010525610,2024,010525610,2,19,0,9,9,5,3,0,0,8,0,0,0,0,0,1,2,2,1,63,9,1598,2,7,VAUXHALL COMBO,3,E01001703,0,1
2024471526421,2024,471526421,2,19,0,-1,19,8,4,-1,0,0,0,10,1,1,3,1,-1,2,1,26,6,1598,2,8,VAUXHALL COMBO,5,E01034302,0,3
2024991505678,2024,991505678,1,19,0,-1,19,4,8,-1,0,0,2,0,2,0,1,1,-1,6,1,65,9,1598,2,7,VAUXHALL COMBO,6,-1,0,3
2024231416440,2024,231416440,2,2,0,-1,19,3,7,-1,0,8,0,0,0,0,4,1,-1,6,1,16,4,-1,3,1,-1,9,E01031331,0,1
2024031417522,2024,031417522,1,2,0,-1,19,2,6,-1,0,3,0,0,0,0,0,1,-1,7,1,16,4,-1,3,1,-1,-1,-1,0,-1
2024552400217,2024,552400217,1,19,0,18,19,4,8,0,0,0,0,0,1,4,4,1,6,6,2,75,10,-1,-1,-1,-1,7,E01020465,0,1
2024471398255,2024,471398255,2,19,0,-1,19,3,7,-1,0,1,0,0,0,0,2,1,-1,2,1,45,7,2461,1,22,-1,7,E01031399,0,3
2024311524661,2024,311524661,1,19,0,-1,19,7,7,-1,0,1,0,0,0,0,1,9,-1,6,1,26,6,2459,2,22,-1,8,E01007890,0,4
2024351435894,2024,351435894,1,19,0,-1,9,2,6,-1,0,1,0,0,0,0,1,1,-1,9,1,66,10,2370,2,26,-1,4,E01018044,0,1
2024052402683,2024,052402683,2,9,0,18,19,7,3,0,0,8,0,0,0,0,4,1,2,2,2,32,6,1969,2,6,VOLVO V40,4,E01006625,0,1
2024401466267,2024,401466267,1,9,0,-1,19,2,5,-1,0,8,0,0,0,0,3,1,-1,6,2,39,7,1560,2,10,VOLVO V40,8,E01023907,0,4
2024010500536,2024,010500536,2,9,0,18,19,1,5,0,0,0,1,0,0,0,3,1,2,2,2,53,8,1969,2,9,VOLVO V40,-1,-1,0,-1
2024010522759,2024,010522759,2,9,0,10,10,3,1,0,0,1,0,0,0,0,1,1,6,6,2,39,7,1498,1,5,VOLVO V40,6,E01000166,0,2
2024332400461,2024,332400461,1,9,0,-1,19,7,3,-1,0,2,0,0,0,0,1,1,-1,2,1,31,6,1560,2,11,VOLVO V40,8,E01025631,0,1
2024161535866,2024,161535866,1,9,0,-1,7,3,5,-1,0,8,0,0,0,0,1,9,-1,6,1,62,9,1969,1,5,VOLVO V40,5,E01033414,0,1
2024547081224,2024,547081224,3,9,0,18,19,6,2,0,0,0,0,0,0,0,1,1,6,6,1,47,8,1969,2,8,VOLVO V40,3,E01015527,0,3
2024161529512,2024,161529512,3,9,0,-1,4,7,3,-1,0,0,0,0,0,0,2,1,-1,9,2,47,8,1984,2,10,VOLVO V40,10,E01013451,0,3
2024070891801,2024,070891801,1,9,0,-1,9,1,5,-1,0,8,0,0,0,0,4,1,-1,9,2,81,11,1498,1,6,VOLVO V40,7,E01012560,0,1
2024141480160,2024,141480160,2,9,0,-1,3,3,7,-1,0,4,0,0,0,0,2,1,-1,1,1,36,7,1498,1,6,VOLVO V40,7,E01028048,0,3
2024201475333,2024,201475333,1,9,0,-1,9,1,5,-1,0,5,0,0,7,0,4,1,-1,9,1,56,9,1596,1,10,VOLVO V40,2,E01009487,0,1
2024010521852,2024,010521852,1,9,0,4,4,5,1,0,0,8,0,0,0,0,1,1,6,6,1,56,9,1498,1,5,VOLVO V40,10,E01003887,0,1
2024311499665,2024,311499665,2,9,0,-1,5,2,2,-1,0,2,0,0,0,0,1,1,-1,7,2,43,7,1969,1,8,VOLVO V40,-1,-1,0,-1
2024421474043,2024,421474043,1,9,0,-1,5,6,7,-1,0,1,0,0,0,0,1,1,-1,2,2,29,6,1498,1,6,VOLVO V40,5,E01015831,0,1
2024411547719,2024,411547719,2,9,0,-1,19,7,3,-1,0,4,0,0,0,0,3,1,-1,6,2,49,8,1498,1,7,VOLVO V40,5,E01023720,0,1
2024520401788,2024,520401788,2,9,0,18,19,4,7,0,0,8,0,0,0,0,1,1,6,6,1,-1,-1,1870,2,21,VOLVO V40,-1,-1,0,-1
2024411541142,2024,411541142,2,9,0,-1,19,1,5,-1,0,0,0,0,0,0,2,1,-1,6,1,19,4,1969,2,9,VOLVO V40,2,E01027340,0,4
2024440090783,2024,440090783,3,9,0,4,4,2,6,0,0,0,0,0,0,0,2,1,6,6,2,29,6,1560,2,10,VOLVO V40,5,E01017157,0,3
2024211442924,2024,211442924,1,8,0,-1,19,7,3,-1,0,1,0,0,0,0,1,1,-1,6,1,35,6,1560,2,10,VOLVO V40,-1,-1,0,-1
202460Q102751,2024,60Q102751,3,9,0,2,2,0,0,0,0,0,0,0,0,0,2,1,6,6,1,62,9,1498,1,7,VOLVO V40,-1,-1,0,-1
2024201435168,2024,201435168,2,9,0,-1,7,2,5,-1,0,6,0,0,0,0,3,9,-1,9,1,37,7,1560,2,11,VOLVO V40,1,E01008978,0,1
2024070790861,2024,070790861,2,9,0,-1,13,3,3,-1,0,1,0,0,0,0,1,1,-1,6,1,61,9,1560,2,12,VOLVO V40,7,E01018360,0,2
2024451502639,2024,451502639,3,9,0,-1,4,8,4,-1,0,0,0,0,0,0,2,1,-1,6,2,30,6,1969,1,8,VOLVO V40,-1,-1,0,-1
2024440269645,2024,440269645,2,9,0,18,19,3,7,0,0,6,0,0,0,0,1,1,6,6,2,65,9,1560,2,9,VOLVO V40,7,E01017094,0,1
2024141445293,2024,141445293,3,9,0,-1,19,2,6,-1,0,0,2,0,0,0,1,1,-1,6,-1,52,8,1984,2,10,VOLVO V40,-1,-1,0,-1
2024010508364,2024,010508364,1,9,0,18,19,1,5,0,0,1,0,0,0,0,0,1,1,1,1,43,7,1969,1,8,VOLVO V40,10,E01021431,0,4
2024010543861,2024,010543861,1,9,0,4,4,5,1,0,0,4,0,0,3,0,2,1,6,6,1,34,6,1969,2,5,VOLVO V40,3,E01001203,0,1
2024101487079,2024,101487079,2,9,0,-1,19,5,1,-1,0,3,0,0,0,0,4,1,-1,6,1,62,9,1969,1,9,VOLVO V40,10,E01008355,0,1
2024471488757,2024,471488757,2,9,0,-1,19,8,4,-1,0,1,0,0,0,0,1,1,-1,9,2,72,10,1560,2,10,VOLVO V40,8,E01021073,0,1
2024991447270,2024,991447270,2,9,0,-1,19,1,5,-1,0,0,0,0,0,0,2,1,-1,9,1,39,7,1969,2,8,VOLVO V40,6,-1,0,5
2024471455396,2024,471455396,1,9,0,-1,19,1,5,-1,0,6,0,0,0,0,3,1,-1,6,3,-1,-1,1560,2,10,VOLVO V40,7,E01020318,0,5
2024471452712,2024,471452712,2,9,0,-1,9,7,5,-1,0,8,0,0,0,0,3,1,-1,6,1,75,10,1596,1,11,VOLVO V40,6,E01021032,0,2
2024461402223,2024,461402223,1,9,0,-1,7,7,2,-1,0,0,0,0,0,0,1,9,-1,6,2,52,8,1560,2,10,VOLVO V40,7,E01024003,0,1
2024131448965,2024,131448965,1,9,0,-1,9,3,6,-1,0,8,0,0,0,0,3,1,-1,9,1,84,11,1984,2,10,VOLVO V40,7,E01011878,0,1
2024541053824,2024,541053824,1,9,0,17,19,5,8,0,0,8,0,10,1,11,1,1,6,6,1,85,11,1948,1,24,VOLVO V40,1,E01015542,0,1
2024501438857,2024,501438857,2,9,0,-1,4,1,5,-1,0,0,0,0,0,0,2,2,-1,6,2,36,7,1984,2,11,VOLVO V40,3,E01015218,0,1
2024221433488,2024,221433488,2,9,0,-1,9,6,4,-1,0,6,0,0,0,0,3,9,-1,6,1,59,9,1560,2,10,VOLVO V40,5,E01035073,0,1
2024461423810,2024,461423810,2,9,0,-1,19,7,3,-1,0,8,0,0,0,0,1,1,-1,9,1,53,8,1560,2,11,VOLVO V40,8,E01024209,0,1
2024440449676,2024,440449676,2,9,0,9,9,1,7,0,0,5,0,0,0,0,1,1,6,6,2,39,7,1498,1,7,VOLVO V40,5,E01017097,0,1
2024461451068,2024,461451068,2,9,0,-1,19,2,4,-1,0,0,0,0,0,0,2,9,-1,6,2,35,6,1560,2,12,VOLVO V40,5,E01024788,0,3
2024311533306,2024,311533306,2,9,0,-1,19,7,3,-1,0,0,0,0,0,0,1,1,-1,9,1,37,7,1870,2,20,VOLVO V40,6,E01019521,0,3
2024201445001,2024,201445001,2,9,0,-1,3,1,5,-1,0,0,0,0,0,0,2,1,-1,6,1,41,7,1969,2,9,VOLVO V40,5,E01010211,0,1
2024340WN5972,2024,340WN5972,2,9,0,-1,19,1,5,-1,0,8,0,0,0,0,4,1,-1,9,1,26,6,1560,2,10,VOLVO V40,5,E01027302,0,3
2024041456144,2024,041456144,2,9,0,-1,19,3,7,-1,0,8,0,0,0,0,1,1,-1,6,1,62,9,1969,2,9,VOLVO V40,9,E01025256,0,1
2024440329219,2024,440329219,1,9,0,18,19,7,3,0,0,0,0,0,0,0,1,1,6,6,1,22,5,1870,2,20,VOLVO V40,3,E01017299,0,1
2024631421256,2024,631421256,1,9,0,-1,19,4,7,-1,0,0,0,0,0,0,4,1,-1,9,1,77,11,1969,2,7,VOLVO V40,9,W01000710,0,1
2024371451735,2024,371451735,2,9,0,-1,5,2,2,-1,0,0,0,0,0,0,2,1,-1,6,2,37,7,1560,2,9,VOLVO V40,2,E01033122,0,1
2024070047790,2024,070047790,2,9,0,18,19,5,1,0,0,1,0,0,0,0,1,2,6,6,2,35,6,1560,2,11,VOLVO V40,-1,-1,0,-1
2024501454357,2024,501454357,1,9,0,-1,19,7,3,-1,0,0,5,11,0,0,4,1,-1,7,2,75,10,1984,2,12,VOLVO V40,4,E01020087,0,3
2024161506576,2024,161506576,1,9,0,-1,4,4,8,-1,0,1,0,0,0,0,2,1,-1,1,2,41,7,1969,2,8,VOLVO V40,8,E01013065,0,1
2024201461583,2024,201461583,2,9,0,-1,19,6,3,-1,9,1,0,0,0,0,1,1,-1,6,2,56,9,1969,2,8,VOLVO V40,5,E01019873,0,4
2024461463292,2024,461463292,2,9,0,-1,2,0,0,-1,-1,1,0,0,1,11,2,1,-1,6,-1,-1,-1,1969,2,7,VOLVO V40,-1,-1,0,-1
2024041451820,2024,041451820,1,9,0,-1,19,1,5,-1,0,1,0,0,0,0,1,1,-1,1,1,31,6,1560,2,11,VOLVO V40,1,E01024906,0,3
202417L210124,2024,17L210124,1,9,0,-1,19,2,6,-1,0,1,0,0,7,2,1,1,-1,2,2,41,7,1560,2,10,VOLVO V40,4,E01012145,0,1
2024461440460,2024,461440460,1,9,0,-1,19,3,7,-1,0,1,0,0,0,0,1,1,-1,2,1,41,7,1498,1,8,VOLVO V40,9,E01024353,0,1
2024552400071,2024,552400071,1,9,0,17,19,3,1,0,0,8,0,0,0,0,1,1,2,2,1,55,8,1969,2,7,VOLVO V40,7,E01020475,0,1
2024332401077,2024,332401077,2,9,0,-1,2,0,0,-1,0,0,0,0,0,0,1,1,-1,6,1,34,6,1969,2,8,VOLVO V40,7,E01025819,0,1
2024531488141,2024,531488141,2,9,0,-1,19,2,6,-1,0,1,1,0,0,0,1,1,-1,9,2,23,5,1969,1,6,VOLVO V40,9,E01031887,0,1
2024070072056,2024,070072056,1,9,0,18,19,2,6,0,0,8,0,0,0,0,1,1,6,6,1,22,5,1870,2,21,VOLVO V40,3,E01018398,0,3
2024141498302,2024,141498302,1,9,0,-1,19,5,1,-1,0,2,0,0,0,0,1,1,-1,7,1,30,6,1560,2,11,VOLVO V40,7,E01007399,0,3
2024451405951,2024,451405951,1,9,0,-1,19,2,6,-1,0,0,0,0,0,0,4,1,-1,2,1,58,9,1498,1,7,VOLVO V40,6,E01034289,0,1
2024320380471,2024,320380471,2,9,0,18,19,1,5,0,0,0,0,0,1,0,3,1,2,2,1,57,9,1969,2,6,VOLVO V40,5,E01026052,0,4
2024501441755,2024,501441755,1,9,0,-1,19,1,5,-1,0,2,0,0,8,11,1,1,-1,6,1,34,6,1948,1,23,VOLVO V40,5,E01020065,0,3
2024461515620,2024,461515620,1,9,0,-1,19,7,3,-1,0,0,0,4,0,0,1,2,-1,1,1,33,6,1969,1,8,VOLVO V40,-1,-1,0,-1
2024211478969,2024,211478969,1,9,0,-1,4,6,2,-1,0,0,0,0,0,0,1,1,-1,6,2,53,8,1560,2,11,VOLVO V40,8,E01028875,0,4
2024071037517,2024,071037517,1,9,0,-1,19,6,2,-1,-1,0,0,0,0,0,4,1,-1,2,1,62,9,1969,2,7,VOLVO V40,7,E01018429,0,1
2024131443678,2024,131443678,1,9,0,-1,7,7,3,-1,0,5,0,0,0,0,4,1,-1,9,2,44,7,1969,2,9,VOLVO V40,2,E01010778,0,1
2024471522958,2024,471522958,1,9,0,-1,7,3,7,-1,0,0,5,0,1,10,1,1,-1,9,1,86,11,1588,1,25,VOLVO V40,10,E01023273,0,4
2024131442597,2024,131442597,1,9,0,-1,-1,-1,-1,-1,-1,-1,-1,-1,-1,-1,-1,1,-1,6,3,-1,-1,1969,2,9,VOLVO V40,-1,-1,0,-1
2024501462454,2024,501462454,1,9,0,-1,19,3,7,-1,0,8,0,0,0,0,3,1,-1,9,1,82,11,1969,2,8,VOLVO V40,4,E01018920,0,3
2024361526841,2024,361526841,1,9,0,-1,19,3,6,-1,0,0,1,0,3,0,4,1,-1,9,2,26,6,1969,1,6,VOLVO V40,1,E01030258,0,4
2024161516118,2024,161516118,1,9,0,-1,7,4,6,-1,0,2,0,0,0,0,1,9,-1,6,2,-1,-1,1560,2,11,VOLVO V40,1,E01012888,0,1
2024520402709,2024,520402709,2,9,0,18,19,4,8,0,0,0,0,0,0,0,1,1,6,6,2,42,7,1560,2,11,VOLVO V40,6,E01029217,0,1
2024361427574,2024,361427574,1,9,0,-1,19,4,8,-1,0,1,0,0,0,0,1,1,-1,1,1,54,8,1969,2,8,VOLVO V40,2,E01026753,0,4
2024010507339,2024,010507339,1,9,0,18,19,5,1,0,0,2,0,0,0,0,1,1,6,6,1,47,8,1984,2,11,VOLVO V40,6,E01031656,0,4
2024111512809,2024,111512809,1,9,0,-1,19,4,8,-1,0,0,0,0,0,0,1,1,-1,9,1,62,9,1560,2,9,VOLVO V40,9,E01020628,0,1
2024631405902,2024,631405902,1,9,0,-1,19,3,7,-1,0,1,0,0,0,0,1,1,-1,6,1,34,6,1969,2,8,VOLVO V40,6,W01000501,0,3
2024010550141,2024,010550141,1,9,3,-1,-1,3,7,6,6,0,0,4,0,0,1,1,6,6,1,24,5,1560,2,10,VOLVO V40,2,E01034042,0,1
2024131418634,2024,131418634,2,9,0,-1,4,1,1,-1,0,0,0,0,0,0,1,1,-1,1,1,32,6,1969,2,8,VOLVO V40,6,E01025367,0,4
2024991470983,2024,991470983,3,9,0,-1,19,3,7,-1,0,1,0,0,1,0,1,1,-1,1,1,58,9,1969,2,8,VOLVO V40,5,-1,0,3
2024101496969,2024,101496969,1,9,0,-1,7,1,7,-1,0,2,0,0,0,0,0,9,-1,9,2,40,7,1560,2,9,VOLVO V40,-1,-1,0,-1
2024461559289,2024,461559289,2,9,0,-1,19,6,2,-1,0,0,0,0,0,0,0,1,-1,8,1,30,6,1969,2,6,VOLVO V40,6,E01034997,0,3
2024221422868,2024,221422868,2,9,0,-1,19,4,8,-1,0,8,0,0,0,0,1,9,-1,6,2,56,9,1498,1,5,VOLVO V40,5,E01028910,0,1
2024361517532,2024,361517532,2,9,0,-1,19,8,4,-1,0,1,0,0,0,0,1,1,-1,9,2,32,6,1560,2,10,VOLVO V40,1,E01026827,0,1
2024070881278,2024,070881278,1,9,0,-1,19,7,3,-1,0,0,0,0,0,0,1,1,-1,2,1,28,6,1984,2,11,VOLVO V40,7,E01033618,0,4
2024401545136,2024,401545136,3,9,0,-1,4,1,5,-1,0,0,0,0,0,0,2,1,-1,6,1,54,8,1969,2,9,VOLVO V40,6,E01001535,0,4
2024070726166,2024,070726166,1,9,0,-1,9,7,3,-1,0,8,0,0,0,0,4,1,-1,1,2,65,9,1969,2,5,VOLVO V40,4,E01028893,0,2
2024122400507,2024,122400507,2,9,0,11,11,3,8,0,0,0,0,0,0,0,2,1,6,6,1,29,6,1969,1,7,VOLVO V40,9,E01034761,0,1
2024421463013,2024,421463013,2,9,0,-1,19,3,7,-1,0,0,0,0,0,0,3,1,-1,2,2,39,7,1560,2,10,VOLVO V40,9,E01015833,0,1
2024070990520,2024,070990520,2,9,0,-1,19,3,7,-1,0,0,0,0,0,0,3,1,-1,9,2,69,10,1969,1,6,VOLVO V40,2,E01018478,0,2
2024122500431,2024,122500431,2,9,0,18,19,5,1,0,0,0,0,0,1,0,1,1,6,6,1,84,11,1984,2,10,VOLVO V40,5,E01030245,0,5
2024070807875,2024,070807875,1,9,0,-1,19,1,5,-1,0,8,0,0,0,0,1,1,-1,9,1,41,7,1969,2,9,VOLVO V40,2,E01005354,0,4
2024401476068,2024,401476068,1,9,0,-1,19,-1,-1,-1,0,0,0,0,0,0,1,9,-1,6,3,-1,-1,1560,2,9,VOLVO V40,-1,-1,0,-1
2024440159302,2024,440159302,2,9,0,18,19,1,5,0,0,2,0,0,0,0,1,1,6,6,2,80,11,1969,2,10,VOLVO V40,10,E01022878,0,1
2024141532679,2024,141532679,1,9,0,-1,9,8,2,-1,0,0,0,0,0,0,1,1,-1,6,1,38,7,1560,2,11,VOLVO V40,1,E01008065,0,1
2024061490665,2024,061490665,1,9,0,-1,19,2,6,-1,0,1,0,0,0,0,1,1,-1,9,1,22,5,1948,1,24,VOLVO V40,1,E01005569,0,1
2024501532542,2024,501532542,2,9,0,-1,19,8,4,-1,0,0,0,0,0,0,2,1,-1,2,1,34,6,1560,2,10,VOLVO V40,4,E01020217,0,3
202454E247124,2024,54E247124,1,9,0,4,4,5,1,0,0,1,0,0,0,0,1,1,6,6,1,32,6,1560,2,10,VOLVO V40,8,E01032021,0,1