collision_index,collision_year,collision_ref_no,vehicle_reference,vehicle_type,towing_and_articulation,vehicle_manoeuvre_historic,vehicle_manoeuvre,vehicle_direction_from,vehicle_direction_to,vehicle_location_restricted_lane_historic,vehicle_location_restricted_lane,junction_location,skidding_and_overturning,hit_object_in_carriageway,vehicle_leaving_carriageway,hit_object_off_carriageway,first_point_of_impact,vehicle_left_hand_drive,journey_purpose_of_driver_historic,journey_purpose_of_driver,sex_of_driver,age_of_driver,age_band_of_driver,engine_capacity_cc,propulsion_code,age_of_vehicle,generic_make_model,driver_imd_decile,lsoa_of_driver,escooter_flag,driver_distance_banding
2024302500278,2024,302500278,1,9,0,-1,9,3,1,-1,0,0,0,0,0,0,4,1,-1,6,1,30,6,1969,2,6,VOLVO V40,1,E01007892,0,4
2024421457615,2024,421457615,1,9,0,-1,19,3,7,-1,0,1,0,0,0,0,1,1,-1,6,1,27,6,1560,2,12,VOLVO V40,1,E01011349,0,5
2024221498175,2024,221498175,1,9,0,-1,13,8,4,-1,0,3,0,0,1,0,4,1,-1,6,1,41,7,1560,2,11,VOLVO V40,5,E01028944,0,4
2024201532611,2024,201532611,13,9,0,-1,2,0,0,-1,0,8,0,0,0,0,1,1,-1,6,-1,-1,-1,1969,2,9,VOLVO V40,-1,-1,0,-1
2024061398684,2024,061398684,2,9,0,-1,19,1,5,-1,0,0,0,0,0,0,4,1,-1,9,1,29,6,1560,2,11,VOLVO V40,-1,-1,0,-1
2024371496525,2024,371496525,2,9,0,-1,19,6,6,-1,0,0,0,0,0,0,3,1,-1,6,2,36,7,1498,1,7,VOLVO V40,1,E01030256,0,4
2024471419595,2024,471419595,2,9,0,-1,9,1,7,-1,0,6,0,0,0,0,4,1,-1,6,2,55,8,1969,1,7,VOLVO V40,6,E01031359,0,2
2024501515744,2024,501515744,2,9,0,-1,5,2,6,-1,0,1,0,0,0,0,2,1,-1,9,2,35,6,1560,2,11,VOLVO V40,7,E01034624,0,1
2024552400859,2024,552400859,1,9,0,18,19,1,5,0,0,0,0,4,0,0,1,1,6,6,3,-1,-1,1969,1,8,VOLVO V40,-1,-1,0,-1
2024991438524,2024,991438524,1,9,0,-1,13,2,6,-1,0,0,1,0,7,11,1,1,-1,9,2,20,4,1560,2,11,VOLVO V40,5,-1,0,1
2024461483674,2024,461483674,2,9,0,-1,2,0,0,-1,-1,0,0,0,0,0,2,1,-1,6,-1,-1,-1,1596,1,11,VOLVO V40,-1,-1,0,-1
2024421400487,2024,421400487,1,9,0,-1,19,6,2,-1,0,0,0,0,0,0,1,1,-1,6,1,42,7,1984,2,10,VOLVO V40,5,E01021329,0,4
2024991458913,2024,991458913,2,9,0,-1,19,8,4,-1,0,1,0,11,0,0,1,1,-1,6,1,52,8,1560,2,10,VOLVO V40,9,-1,0,1
2024991444859,2024,991444859,2,9,0,-1,19,8,5,-1,0,1,0,0,1,0,1,1,-1,9,1,72,10,1560,2,10,VOLVO V40,10,-1,0,1
2024461403594,2024,461403594,2,9,0,-1,19,3,7,-1,0,0,0,0,0,0,3,9,-1,1,1,33,6,1969,1,6,VOLVO V40,3,E01016909,0,4
2024302401411,2024,302401411,2,9,0,18,19,5,1,0,0,1,0,0,0,0,3,1,6,6,1,52,8,1969,2,8,VOLVO V40,7,E01019424,0,3
2024311527250,2024,311527250,1,9,0,-1,19,4,8,-1,0,1,0,0,0,0,1,1,-1,9,2,41,7,1560,2,10,VOLVO V40,3,E01027927,0,1
2024461498487,2024,461498487,2,9,0,-1,19,3,7,-1,0,0,0,0,0,0,2,9,-1,2,2,40,7,1498,1,8,VOLVO V40,5,E01024171,0,1
202454D374024,2024,54D374024,1,9,0,18,19,8,4,0,0,0,0,0,0,0,1,1,6,6,2,59,9,1984,2,11,VOLVO V40,9,E01032105,0,1
2024631439144,2024,631439144,1,9,0,-1,5,6,3,-1,0,8,0,0,3,10,1,1,-1,9,2,78,11,1560,2,10,VOLVO V40,7,W01000488,0,3
2024010514189,2024,010514189,2,9,0,5,5,9,9,99,99,0,9,99,9,99,9,9,6,6,3,-1,-1,1498,1,6,VOLVO V40,-1,-1,0,-1
2024201521505,2024,201521505,2,9,0,-1,19,4,8,-1,0,2,0,0,0,0,4,9,-1,9,1,67,10,1969,1,8,VOLVO V40,7,E01009067,0,1
2024421419283,2024,421419283,1,9,0,-1,19,1,4,-1,0,0,0,0,0,0,1,1,-1,2,1,46,8,1984,2,11,VOLVO V40,1,E01022032,0,4
2024622400719,2024,622400719,1,9,0,18,19,3,7,0,0,0,0,0,0,0,1,1,6,6,1,85,11,1560,2,11,VOLVO V40,4,W01000987,0,1
2024221486794,2024,221486794,2,9,0,-1,14,7,3,-1,0,0,0,4,0,0,4,1,-1,6,2,45,7,1560,2,8,VOLVO V40,1,E01014162,0,1
2024122400593,2024,122400593,1,9,0,16,19,5,1,0,0,0,0,0,7,11,1,1,6,6,2,76,11,1560,2,11,VOLVO V40,7,E01012207,0,4
2024010522768,2024,010522768,2,9,0,99,99,9,9,99,99,9,9,99,9,99,9,9,6,6,3,-1,-1,1969,1,7,VOLVO V40,-1,-1,0,-1
2024461489280,2024,461489280,1,9,0,-1,19,8,4,-1,0,1,0,0,0,0,1,1,-1,2,2,41,7,1969,2,6,VOLVO V40,2,E01016066,0,1
2024302401504,2024,302401504,2,9,0,7,7,2,5,0,0,8,0,0,0,0,3,1,2,2,2,25,5,1560,2,10,VOLVO V40,-1,-1,0,-1
2024131462244,2024,131462244,2,9,0,-1,19,5,1,-1,0,8,0,0,0,0,1,1,-1,9,1,76,11,1498,1,7,VOLVO V40,10,E01013152,0,5
2024302400962,2024,302400962,3,9,0,4,4,3,7,0,0,0,0,0,0,0,2,1,6,6,1,63,9,1969,1,8,VOLVO V40,1,E01013487,0,2
2024302400509,2024,302400509,1,9,0,18,19,1,5,0,0,0,0,4,0,0,1,1,6,6,1,33,6,1560,2,12,VOLVO V40,2,E01019777,0,1
2024351493591,2024,351493591,2,9,0,-1,4,5,1,-1,0,0,0,0,0,0,2,1,-1,6,1,51,8,1560,2,9,VOLVO V40,4,E01015676,0,4
2024201456846,2024,201456846,2,9,0,-1,19,2,6,-1,0,1,0,0,0,0,4,9,-1,6,1,43,7,1969,2,9,VOLVO V40,1,E01008962,0,1
2024340NN3922,2024,340NN3922,1,9,0,-1,19,3,7,-1,0,0,0,0,0,0,1,1,-1,6,2,58,9,1969,2,5,VOLVO V40,8,E01027000,0,3
2024332400780,2024,332400780,1,9,0,-1,3,7,3,-1,0,8,0,0,0,0,2,1,-1,6,1,31,6,1969,2,6,VOLVO V40,5,E01025875,0,2
2024471472928,2024,471472928,1,9,0,-1,19,4,8,-1,0,1,0,0,0,0,1,1,-1,9,1,76,11,1948,1,22,VOLVO V40,6,E01031591,0,1
2024440333586,2024,440333586,2,9,0,18,19,7,3,0,0,8,0,0,0,0,4,1,6,6,2,49,8,1498,1,7,VOLVO V40,2,E01022819,0,1
2024141464344,2024,141464344,2,9,0,-1,19,4,8,-1,0,1,0,0,0,0,1,1,-1,6,2,34,6,1560,2,11,VOLVO V40,1,E01007668,0,2
2024052401647,2024,052401647,2,9,0,18,19,4,8,0,0,0,0,0,0,0,2,1,1,1,1,28,6,1969,2,5,VOLVO V40,1,E01006647,0,2
2024401435515,2024,401435515,1,9,0,-1,19,4,8,-1,0,1,0,0,1,0,1,1,-1,6,1,39,7,1969,1,8,VOLVO V40,10,E01016736,0,2
2024991444358,2024,991444358,3,9,0,-1,4,4,8,-1,0,0,0,0,1,0,2,1,-1,9,1,83,11,1560,2,10,VOLVO V40,4,-1,0,4
2024430588914,2024,430588914,1,9,0,18,19,5,1,0,0,0,0,0,0,0,1,1,6,6,2,83,11,1560,2,9,VOLVO V40,-1,-1,0,-1
2024401438404,2024,401438404,1,9,0,-1,9,3,1,-1,0,5,0,0,0,0,3,1,-1,6,2,62,9,1969,1,7,VOLVO V40,9,E01017463,0,1
2024440508261,2024,440508261,4,9,0,2,2,0,0,0,0,0,0,0,0,0,1,1,6,6,3,-1,-1,1948,1,21,VOLVO V40,-1,-1,0,-1
2024411522622,2024,411522622,2,9,0,-1,19,7,3,-1,0,8,0,0,0,0,1,1,-1,6,1,48,8,1560,2,10,VOLVO V40,7,E01023932,0,1
2024161482019,2024,161482019,1,9,0,-1,19,6,2,-1,0,8,0,0,0,0,1,1,-1,9,2,58,9,1969,2,9,VOLVO V40,4,E01013047,0,1
2024440013322,2024,440013322,1,9,0,18,19,5,1,0,0,4,0,0,0,0,3,1,6,6,2,74,10,1969,1,6,VOLVO V40,9,E01022730,0,1
2024552400978,2024,552400978,3,9,0,18,19,1,5,0,0,0,0,0,0,0,2,1,6,6,2,42,7,1560,2,12,VOLVO V40,8,E01022733,0,4
2024010518684,2024,010518684,2,9,0,6,6,3,3,0,0,0,0,0,0,0,1,1,2,2,1,48,8,1969,2,9,VOLVO V40,8,E01025786,0,5
2024351449009,2024,351449009,2,9,0,-1,19,3,7,-1,0,0,1,0,1,11,4,1,-1,9,2,73,10,1560,2,11,VOLVO V40,9,E01018222,0,2
2024411443585,2024,411443585,1,9,0,-1,19,2,6,-1,0,2,1,0,0,0,1,1,-1,2,2,21,5,1969,2,7,VOLVO V40,10,E01035582,0,3
2024010547451,2024,010547451,1,9,0,99,99,9,9,99,99,9,9,99,9,99,1,9,6,6,3,-1,-1,1969,2,8,VOLVO V40,-1,-1,0,-1
2024010519019,2024,010519019,1,9,0,5,5,3,7,9,9,1,0,0,7,2,1,1,6,6,2,40,7,1969,2,7,VOLVO V40,-1,-1,0,-1
2024161424402,2024,161424402,2,9,0,-1,9,5,2,-1,0,0,0,0,0,0,1,9,-1,6,1,-1,-1,1969,2,9,VOLVO V40,2,E01013237,0,1
2024221407685,2024,221407685,1,9,0,-1,1,7,3,-1,0,6,0,0,0,0,4,1,-1,2,2,59,9,1984,2,11,VOLVO V40,8,E01014043,0,2
2024052401886,2024,052401886,1,9,0,18,19,3,7,0,0,6,0,0,0,0,1,1,6,6,1,52,8,1984,2,11,VOLVO V40,1,E01006442,0,2
2024421530386,2024,421530386,1,9,0,-1,19,1,5,-1,0,0,0,0,0,0,1,1,-1,9,1,89,11,1948,1,23,VOLVO V40,6,E01018281,0,3
2024221474303,2024,221474303,2,9,0,-1,2,0,0,-1,0,0,0,0,0,0,3,1,-1,6,2,75,10,1969,2,9,VOLVO V40,6,E01014095,0,1
2024302400660,2024,302400660,1,9,0,18,19,8,4,0,0,0,0,0,0,0,1,1,6,6,2,72,10,1560,2,10,VOLVO V40,-1,-1,0,-1
2024131528734,2024,131528734,1,9,0,-1,9,2,8,-1,0,1,0,0,0,0,1,1,-1,6,3,-1,-1,1560,2,11,VOLVO V40,-1,-1,0,-1
2024520401893,2024,520401893,1,9,0,18,19,7,3,0,0,8,0,0,0,0,1,1,6,6,1,84,11,1948,1,23,VOLVO V40,8,E01029184,0,2
2024061408217,2024,061408217,1,9,0,-1,9,2,8,-1,0,1,1,0,7,0,1,1,-1,6,1,53,8,1560,2,11,VOLVO V40,3,E01005215,0,1
2024991459097,2024,991459097,2,9,0,-1,2,0,0,-1,0,0,0,0,0,0,3,1,-1,6,-1,-1,-1,1560,2,10,VOLVO V40,-1,-1,0,-1
2024361399632,2024,361399632,2,9,0,-1,19,2,6,-1,0,0,0,0,0,0,2,1,-1,2,2,53,8,1560,2,10,VOLVO V40,5,E01026485,0,4
2024421516994,2024,421516994,2,9,0,-1,19,3,7,-1,0,0,0,0,0,0,3,1,-1,2,2,51,8,1560,2,9,VOLVO V40,5,E01021664,0,1
2024332400611,2024,332400611,1,9,0,-1,5,5,1,-1,0,8,0,0,0,0,4,1,-1,9,2,27,6,1969,1,7,VOLVO V40,8,E01025926,0,1
2024522402741,2024,522402741,1,8,0,18,19,1,5,0,0,2,0,0,0,0,1,1,1,1,1,28,6,1969,2,9,VOLVO V40,9,E01014547,0,1
2024531426233,2024,531426233,2,9,0,-1,19,5,1,-1,0,3,0,0,0,0,4,1,-1,9,2,37,7,1560,2,9,VOLVO V40,9,E01022431,0,2
2024440178596,2024,440178596,1,9,0,4,4,2,6,0,0,1,0,0,0,0,2,1,6,6,1,41,7,1969,2,8,VOLVO V40,7,E01022909,0,2
2024411467851,2024,411467851,1,9,-1,-1,-1,-1,-1,-1,-1,-1,-1,-1,-1,0,-1,9,-1,6,1,-1,-1,1560,2,11,VOLVO V40,-1,-1,0,-1
2024131500510,2024,131500510,3,9,0,-1,19,7,3,-1,0,8,0,0,0,0,1,1,-1,9,2,54,8,1560,2,11,VOLVO V40,6,E01010644,0,2
2024122400625,2024,122400625,3,9,0,18,19,5,7,0,0,5,0,0,0,0,1,1,6,6,1,37,7,1498,1,7,VOLVO V40,8,E01027682,0,1
2024991494218,2024,991494218,2,9,0,-1,2,0,0,-1,0,0,0,0,0,0,4,1,-1,6,-1,-1,-1,1984,2,11,VOLVO V40,-1,-1,0,-1
2024991410392,2024,991410392,1,9,0,-1,19,4,8,-1,0,0,0,0,0,0,1,1,-1,9,1,37,7,1969,1,7,VOLVO V40,2,-1,0,2
2024401440685,2024,401440685,3,9,0,-1,19,8,4,-1,0,0,0,0,1,11,1,1,-1,6,1,40,7,1560,2,9,VOLVO V40,4,E01017536,0,1
2024320316774,2024,320316774,2,9,0,-1,-1,7,3,0,0,1,0,0,0,0,1,1,6,6,2,24,5,1560,2,10,VOLVO V40,7,E01026251,0,1
2024041524371,2024,041524371,1,9,0,-1,19,6,2,-1,9,1,0,0,1,10,1,1,-1,9,2,22,5,1969,2,9,VOLVO V40,2,E01012692,0,2
2024122400378,2024,122400378,1,9,0,18,19,3,7,0,0,0,0,0,0,0,1,1,6,6,1,23,5,1560,2,9,VOLVO V40,5,E01027678,0,4
2024440011858,2024,440011858,2,9,0,2,2,0,0,0,0,0,0,0,0,0,3,1,6,6,1,39,7,1560,2,10,VOLVO V40,10,E01023003,0,1
2024461563077,2024,461563077,2,9,0,-1,19,1,5,-1,0,1,0,0,0,0,1,1,-1,9,2,32,6,1596,1,10,VOLVO V40,2,E01024517,0,1
2024101397456,2024,101397456,1,9,0,-1,9,3,7,-1,0,2,0,0,0,0,1,2,-1,2,1,39,7,1560,2,12,VOLVO V40,-1,-1,0,-1
2024520002958,2024,520002958,2,9,0,2,2,0,0,0,0,0,0,0,0,0,4,1,6,6,3,-1,-1,1498,1,6,VOLVO V40,-1,-1,0,-1
2024991519259,2024,991519259,2,9,0,-1,19,3,7,-1,0,0,0,0,0,0,2,1,-1,2,1,50,8,1969,2,9,VOLVO V40,2,-1,0,3
2024041432008,2024,041432008,1,9,0,-1,19,1,5,-1,0,0,0,0,1,11,1,1,-1,1,1,25,5,1560,2,11,VOLVO V40,10,E01024965,0,1
2024991467737,2024,991467737,2,9,0,-1,19,7,3,-1,0,2,0,0,0,0,3,1,-1,9,1,57,9,1560,2,11,VOLVO V40,9,-1,0,5
2024440301644,2024,440301644,1,9,0,18,19,7,3,0,0,4,0,0,0,0,3,1,6,6,1,77,11,1560,2,12,VOLVO V40,4,E01030788,0,2
2024141409141,2024,141409141,2,9,0,-1,19,6,1,-1,0,4,0,0,0,0,1,9,-1,6,1,38,7,1969,2,6,VOLVO V40,3,E01007368,0,1
2024541147724,2024,541147724,2,9,0,18,19,4,8,0,0,3,0,0,0,0,2,1,2,2,1,39,7,1560,2,9,VOLVO V40,9,E01032102,0,2
2024131534693,2024,131534693,1,9,0,-1,19,7,3,-1,0,1,5,0,3,10,1,1,-1,2,1,19,4,1969,1,7,VOLVO V40,7,E01011512,0,2
2024430123241,2024,430123241,1,9,0,3,3,7,3,0,0,1,0,0,0,0,2,1,6,6,1,62,9,1969,1,9,VOLVO V40,4,E01035251,0,1
2024371419125,2024,371419125,1,9,-1,-1,-1,-1,-1,-1,-1,0,-1,-1,-1,0,-1,9,-1,6,1,41,7,1969,2,5,VOLVO V40,10,E01018262,0,4
2024471473517,2024,471473517,2,9,0,-1,19,5,1,-1,0,0,0,0,0,0,2,1,-1,9,2,66,10,1560,2,10,VOLVO V40,7,E01021140,0,4
2024421417497,2024,421417497,1,9,0,-1,19,7,3,-1,0,3,0,0,0,0,1,9,-1,6,1,30,6,1969,2,8,VOLVO V40,-1,-1,0,-1
2024461510226,2024,461510226,1,9,0,-1,11,4,7,-1,0,0,0,0,0,0,4,9,-1,6,1,-1,-1,1969,2,6,VOLVO V40,6,E01024172,0,2
2024101484110,2024,101484110,1,9,0,-1,5,3,1,-1,0,1,0,0,0,0,1,1,-1,1,2,32,6,1969,2,10,VOLVO V40,8,E01027549,0,1
2024552401082,2024,552401082,2,8,0,18,19,2,6,0,0,1,0,0,0,0,1,1,1,1,1,32,6,1984,2,11,VOLVO V40,6,E01015373,0,1
2024131431931,2024,131431931,2,9,0,-1,4,3,7,-1,0,0,0,0,0,0,2,1,-1,2,1,39,7,1969,2,5,VOLVO V40,2,E01007635,0,4
2024211474209,2024,211474209,2,9,0,-1,4,7,3,-1,-1,1,0,4,0,0,1,1,-1,2,2,45,7,1969,2,6,VOLVO V40,-1,-1,0,-1
202454B855324,2024,54B855324,3,9,0,18,19,7,3,0,0,1,0,0,0,0,1,1,6,6,2,34,6,1969,2,9,VOLVO V40,3,E01031963,0,1
2024052400544,2024,052400544,2,9,0,18,19,1,5,0,0,1,0,0,0,0,1,1,2,2,2,29,6,1560,2,10,VOLVO V40,7,E01006883,0,1
2024461487422,2024,461487422,2,9,0,-1,-1,-1,-1,-1,-1,0,-1,-1,-1,0,-1,9,-1,6,2,43,7,1984,2,10,VOLVO V40,2,E01016117,0,4
2024631476304,2024,631476304,1,9,0,-1,19,8,4,-1,0,0,5,0,7,11,1,2,-1,9,1,23,5,1783,1,25,VOLVO V40,4,W01000456,0,3
2024631452558,2024,631452558,2,9,0,-1,19,5,1,-1,0,8,1,0,7,10,1,1,-1,9,1,76,11,1969,1,6,VOLVO V40,7,W01000579,0,1
2024010528642,2024,010528642,1,9,0,18,19,3,7,0,0,3,0,0,1,2,4,1,6,6,2,69,10,1560,2,11,VOLVO V40,8,E01001569,0,1
2024131398188,2024,131398188,2,9,0,-1,3,7,7,-1,0,8,0,0,0,0,2,1,-1,6,1,45,7,1969,2,7,VOLVO V40,1,E01010614,0,1
2024052401799,2024,052401799,1,9,0,18,19,5,1,0,0,0,0,0,0,0,1,1,2,2,1,42,7,1969,1,5,VOLVO V40,2,E01007205,0,1
2024211482212,2024,211482212,1,9,0,-1,19,7,3,-1,0,0,0,0,0,0,1,1,-1,6,1,30,6,1969,2,8,VOLVO V40,-1,-1,0,-1
2024302400518,2024,302400518,2,9,0,17,19,4,8,0,0,0,0,0,0,0,1,1,6,6,1,33,6,1969,1,5,VOLVO V40,6,E01019629,0,4
2024131426991,2024,131426991,1,9,0,-1,19,7,3,-1,0,8,1,0,0,0,3,1,-1,9,1,44,7,1560,2,10,VOLVO V40,1,E01011622,0,1
2024332400472,2024,332400472,1,9,0,-1,19,2,4,-1,0,1,0,0,0,0,1,1,-1,9,2,64,9,1969,1,8,VOLVO V40,5,E01025662,0,2
2024010526488,2024,010526488,2,9,0,99,99,9,9,99,99,9,9,99,9,99,2,9,6,6,1,50,8,1969,1,8,VOLVO V40,4,E01035664,0,2
2024221490462,2024,221490462,1,9,0,-1,9,5,4,-1,0,5,0,0,0,0,4,1,-1,9,1,75,10,1969,1,6,VOLVO V40,7,E01025664,0,4
2024522403285,2024,522403285,3,9,0,3,3,2,6,0,0,0,0,0,0,0,2,1,6,6,1,48,8,1969,1,6,VOLVO V40,9,E01019586,0,5
2024361492304,2024,361492304,2,9,0,-1,19,5,6,-1,0,0,0,0,0,0,1,1,-1,6,1,68,10,1969,1,7,VOLVO V40,3,E01026426,0,1
2024101474267,2024,101474267,2,9,0,-1,19,8,5,-1,0,0,0,0,0,0,4,1,-1,1,1,30,6,1560,2,10,VOLVO V40,2,E01008282,0,1
2024991453232,2024,991453232,1,9,0,-1,9,4,2,-1,0,0,0,0,7,11,1,1,-1,9,2,40,7,1969,2,8,VOLVO V40,3,-1,0,1
2024070730868,2024,070730868,1,9,0,-1,7,7,1,-1,0,6,0,0,0,0,1,1,-1,6,2,48,8,1969,2,8,VOLVO V40,10,E01018506,0,1
2024471405566,2024,471405566,3,2,-1,-1,19,5,1,-1,9,0,0,0,0,0,4,1,-1,6,1,18,4,49,1,23,-1,1,E01031427,0,1
2024501495997,2024,501495997,1,2,0,-1,7,3,5,-1,0,1,1,0,0,0,4,1,-1,9,1,17,4,49,1,22,-1,4,E01018894,0,1
2024540539224,2024,540539224,1,5,0,18,19,8,4,0,0,8,0,0,0,0,1,1,6,6,1,25,5,600,1,12,YAMAHA XJ,9,E01032020,0,1
2024440060709,2024,440060709,2,5,0,14,14,2,6,0,0,8,0,0,0,0,1,1,6,6,1,61,9,600,1,11,YAMAHA XJ,6,E01017176,0,1
2024320119158,2024,320119158,1,4,0,-1,-1,5,1,0,0,8,2,0,1,10,1,1,6,6,1,19,4,600,1,10,YAMAHA XJ,8,E01026106,0,1
2024010528853,2024,010528853,1,5,0,18,19,5,1,0,0,1,5,7,0,0,1,1,6,6,1,34,6,599,1,11,YAMAHA XJ,1,E01002037,0,1
2024010530865,2024,010530865,1,3,0,99,99,9,9,99,99,9,9,99,9,99,9,1,1,1,1,41,7,599,1,11,YAMAHA XJ,1,E01002037,0,4
2024010507153,2024,010507153,1,5,0,18,19,1,5,0,0,1,0,0,0,0,1,1,6,6,1,22,5,600,1,12,YAMAHA XJ,2,E01001947,0,1
2024010514555,2024,010514555,1,5,0,18,19,7,3,9,9,2,2,0,1,2,1,1,6,6,1,32,6,599,1,15,YAMAHA XJ,4,E01003215,0,1
2024101437086,2024,101437086,2,5,0,-1,19,3,7,-1,0,8,0,0,0,0,1,1,-1,6,1,50,8,599,1,14,YAMAHA XJ,8,E01008801,0,1
2024361532644,2024,361532644,1,5,0,-1,19,1,5,-1,0,0,1,0,0,0,3,1,-1,2,1,20,4,600,1,11,YAMAHA XJ,7,E01029942,0,3
2024141444854,2024,141444854,2,5,0,-1,19,1,5,-1,0,1,0,0,0,0,4,1,-1,9,1,76,11,599,1,22,YAMAHA XJ,1,E01007783,0,1
2024010530897,2024,010530897,1,5,0,18,19,5,1,0,0,0,0,0,0,0,1,1,6,6,1,36,7,599,1,14,YAMAHA XJ,-1,-1,0,-1
2024041467144,2024,041467144,2,5,0,-1,13,4,8,-1,0,0,0,0,0,0,4,1,-1,9,1,60,9,892,1,25,YAMAHA XJ,1,E01006275,0,4
2024010527280,2024,010527280,1,5,0,13,13,7,3,0,0,8,5,0,0,0,4,1,2,2,1,32,6,599,1,11,YAMAHA XJ,3,E01035672,0,1
2024440355852,2024,440355852,1,4,0,9,9,5,3,0,0,8,0,0,0,0,0,1,1,1,1,60,9,600,1,12,YAMAHA XJ,-1,-1,0,-1
2024010518353,2024,010518353,4,4,0,2,2,0,0,0,0,1,5,0,0,0,3,1,6,6,3,-1,-1,600,1,12,YAMAHA XJ,-1,-1,0,-1
2024320278142,2024,320278142,1,5,0,-1,-1,6,2,0,0,0,5,0,0,0,1,1,6,6,1,43,7,600,1,12,YAMAHA XJ,2,E01026084,0,3
2024547627224,2024,547627224,1,5,0,18,19,6,2,0,0,0,0,0,7,0,0,1,6,6,1,22,5,599,1,14,YAMAHA XJ,9,E01032052,0,4
2024010551759,2024,010551759,2,5,0,14,14,5,1,0,0,8,5,0,0,0,4,1,6,6,1,27,6,600,1,12,YAMAHA XJ,3,E01002923,0,1
2024440400568,2024,440400568,1,4,0,18,19,6,2,0,0,0,0,0,0,0,4,1,2,2,1,23,5,600,1,9,YAMAHA XJ,6,E01017047,0,2
2024010526783,2024,010526783,1,5,0,99,99,9,9,99,99,9,9,99,9,99,9,1,6,6,1,21,5,600,1,11,YAMAHA XJ,10,E01004106,0,1
2024131501585,2024,131501585,2,5,0,-1,14,8,4,-1,0,1,5,0,0,0,4,1,-1,2,1,32,6,598,1,25,YAMAHA XJ,2,E01010869,0,1
2024010509654,2024,010509654,1,5,0,18,19,3,7,0,0,0,0,0,0,0,1,1,6,6,1,32,6,600,1,10,YAMAHA XJ,-1,-1,0,-1
2024141511106,2024,141511106,2,5,0,-1,3,4,6,-1,0,1,0,0,0,0,2,1,-1,6,2,45,7,599,1,14,YAMAHA XJ,2,E01007367,0,1
2024411477757,2024,411477757,1,4,0,-1,19,8,4,-1,0,0,0,4,0,0,1,1,-1,6,1,28,6,599,1,15,YAMAHA XJ,4,E01002130,0,4
2024010528775,2024,010528775,1,5,0,18,19,3,7,0,0,8,0,0,0,0,1,1,6,6,1,40,7,600,1,11,YAMAHA XJ,8,E01002193,0,4
2024010540117,2024,010540117,1,5,0,18,19,8,4,0,0,0,1,10,0,0,3,1,6,6,1,27,6,599,1,15,YAMAHA XJ,4,E01000189,0,1
2024211459571,2024,211459571,2,5,0,-1,19,2,6,-1,0,0,2,0,0,0,1,1,-1,9,1,25,5,599,1,15,YAMAHA XJ,8,E01029460,0,1
2024010515049,2024,010515049,1,5,0,18,19,5,1,0,0,1,0,10,0,0,0,1,6,6,1,24,5,599,1,15,YAMAHA XJ,5,E01001173,0,1
2024340NN1372,2024,340NN1372,1,5,0,-1,12,7,3,-1,0,7,1,0,0,0,1,1,-1,6,1,68,10,892,1,24,YAMAHA XJ,6,E01027062,0,2
2024010497479,2024,010497479,2,5,0,16,19,5,8,0,0,0,0,0,0,0,1,1,6,6,1,24,5,600,1,10,YAMAHA XJ,7,E01000288,0,3
2024010509202,2024,010509202,2,5,0,16,19,1,5,0,0,3,5,0,0,0,2,1,2,2,1,39,7,599,1,15,YAMAHA XJ,9,E01032609,0,4
2024461469024,2024,461469024,1,5,0,-1,19,2,6,-1,0,0,5,0,0,0,1,1,-1,6,2,30,6,598,1,26,YAMAHA XJ,4,E01024190,0,3
2024421439914,2024,421439914,2,5,0,-1,19,7,3,-1,0,1,5,10,1,0,3,1,-1,9,1,23,5,600,1,13,YAMAHA XJ,5,E01021954,0,1
2024411445691,2024,411445691,1,5,0,-1,19,6,2,-1,0,0,0,0,0,0,1,1,-1,6,1,26,6,599,1,12,YAMAHA XJ,7,E01023942,0,2
2024010503404,2024,010503404,1,3,0,99,99,9,9,99,99,1,9,99,9,99,1,1,1,1,3,-1,-1,600,1,12,YAMAHA XJ,3,E01003374,0,1
2024131497795,2024,131497795,1,5,0,-1,19,7,3,-1,0,0,2,0,0,0,3,1,-1,9,1,40,7,598,1,23,YAMAHA XJ,1,E01010610,0,1
2024501472751,2024,501472751,1,5,0,-1,19,8,4,-1,0,0,1,0,0,0,1,1,-1,9,1,24,5,598,1,25,YAMAHA XJ,7,E01019899,0,1
2024131509704,2024,131509704,1,5,0,-1,19,1,1,-1,0,1,2,0,2,0,1,1,-1,6,1,17,4,599,1,15,YAMAHA XJ,3,E01010867,0,2
2024010527214,2024,010527214,1,5,0,99,99,9,9,99,99,9,9,99,9,99,0,1,6,6,1,57,9,892,1,23,YAMAHA XJ,5,E01002395,0,4
2024031494268,2024,031494268,2,4,0,-1,10,6,3,-1,0,5,0,0,0,0,3,1,-1,9,1,59,9,598,1,25,YAMAHA XJ,4,E01034075,0,1
2024010532506,2024,010532506,2,5,0,18,19,3,7,0,0,2,0,0,0,0,1,1,6,6,1,20,4,599,1,14,YAMAHA XJ,-1,-1,0,-1
2024430357785,2024,430357785,2,5,0,18,19,5,1,0,0,3,0,0,0,0,1,1,2,2,1,24,5,599,1,14,YAMAHA XJ,4,E01017901,0,4