collision_index,collision_year,collision_ref_no,vehicle_reference,vehicle_type,towing_and_articulation,vehicle_manoeuvre_historic,vehicle_manoeuvre,vehicle_direction_from,vehicle_direction_to,vehicle_location_restricted_lane_historic,vehicle_location_restricted_lane,junction_location,skidding_and_overturning,hit_object_in_carriageway,vehicle_leaving_carriageway,hit_object_off_carriageway,first_point_of_impact,vehicle_left_hand_drive,journey_purpose_of_driver_historic,journey_purpose_of_driver,sex_of_driver,age_of_driver,age_band_of_driver,engine_capacity_cc,propulsion_code,age_of_vehicle,generic_make_model,driver_imd_decile,lsoa_of_driver,escooter_flag,driver_distance_banding
2024531415864,2024,531415864,1,17,4,-1,19,8,4,-1,0,0,1,0,1,9,4,1,-1,1,1,18,4,6786,2,1,JOHN DEERE 6R SERIES,6,E01022222,0,3
2024221402519,2024,221402519,2,17,0,-1,19,1,6,-1,0,0,1,0,0,0,3,1,-1,1,1,19,4,6786,2,1,JOHN DEERE 6R SERIES,4,E01014015,0,2
2024320442483,2024,320442483,2,17,0,13,13,3,7,0,0,0,0,0,0,0,4,1,1,1,1,61,9,6786,2,1,JOHN DEERE 6R SERIES,-1,-1,0,-1
2024351512970,2024,351512970,1,17,-1,-1,-1,-1,-1,-1,-1,0,-1,-1,-1,0,-1,9,-1,6,1,-1,-1,6786,2,2,JOHN DEERE 6R SERIES,-1,-1,0,-1
2024340NN2002,2024,340NN2002,2,17,0,-1,19,1,5,-1,0,0,0,0,0,0,2,1,-1,1,1,34,6,4524,2,1,JOHN DEERE 6R SERIES,9,E01027016,0,4
2024041483630,2024,041483630,2,17,0,-1,19,5,1,-1,0,0,0,0,0,0,1,1,-1,1,1,58,9,6786,2,0,JOHN DEERE 6R SERIES,4,E01025282,0,2
2024122401073,2024,122401073,2,17,4,9,9,2,8,0,0,6,0,0,0,0,0,1,1,1,1,19,4,6786,2,1,JOHN DEERE 6R SERIES,5,E01027796,0,4
2024351506819,2024,351506819,2,17,0,-1,19,7,5,-1,0,1,1,0,0,0,3,1,-1,1,1,19,4,6786,2,0,JOHN DEERE 6R SERIES,3,E01029938,0,3
2024520402415,2024,520402415,2,17,4,18,19,6,2,0,0,0,0,0,0,0,3,1,1,1,1,20,4,6786,2,1,JOHN DEERE 6R SERIES,5,E01029197,0,2
2024471482844,2024,471482844,1,17,4,-1,19,1,5,-1,0,0,0,0,0,0,1,1,-1,1,1,32,6,6786,2,0,JOHN DEERE 6R SERIES,-1,-1,0,-1
2024501464597,2024,501464597,2,4,0,-1,19,6,3,-1,0,1,1,0,0,0,1,1,-1,6,1,56,9,399,1,0,-1,8,E01034636,0,1
2024610037824,2024,610037824,1,4,0,17,19,5,2,0,0,0,1,0,0,0,4,1,2,2,1,36,7,399,1,0,-1,8,W01001542,0,1
2024211533484,2024,211533484,1,5,0,-1,5,2,3,-1,0,3,5,0,0,0,1,1,-1,2,1,60,9,649,1,16,KAWASAKI EX,1,E01014256,0,1
2024991458150,2024,991458150,2,3,0,-1,5,5,1,-1,0,8,5,0,0,0,2,1,-1,2,1,20,4,399,1,6,KAWASAKI EX,10,-1,0,3
2024461420625,2024,461420625,1,5,0,-1,19,4,6,-1,0,5,0,4,0,0,1,1,-1,6,1,38,7,649,1,17,KAWASAKI EX,-1,-1,0,-1
2024471409622,2024,471409622,3,5,0,-1,19,2,5,-1,0,0,0,0,0,0,2,1,-1,6,1,40,7,649,1,15,KAWASAKI EX,6,E01031390,0,3
2024010505022,2024,010505022,2,4,0,9,9,8,5,0,0,5,1,0,0,0,4,1,6,6,1,26,6,296,1,11,KAWASAKI EX,4,E01001050,0,2
2024122400454,2024,122400454,2,5,0,18,19,6,2,0,0,4,1,0,0,0,0,1,1,1,1,22,5,649,1,10,KAWASAKI EX,3,E01027810,0,1
2024122401220,2024,122401220,1,5,0,13,13,1,5,0,0,0,1,0,0,0,1,1,6,6,1,21,5,649,1,9,KAWASAKI EX,6,E01027784,0,2
2024010523097,2024,010523097,2,4,0,18,19,5,1,0,0,0,0,0,0,0,0,1,6,6,1,20,4,296,1,8,KAWASAKI EX,8,E01002239,0,2
2024122400117,2024,122400117,1,4,0,18,19,7,3,0,0,1,0,0,1,0,4,1,6,6,2,20,4,296,1,10,KAWASAKI EX,9,E01013426,0,2
2024430207432,2024,430207432,1,4,0,18,19,8,4,0,0,1,0,0,0,0,1,1,6,6,1,20,4,649,1,8,KAWASAKI EX,10,E01022366,0,4
2024070965009,2024,070965009,1,4,0,-1,4,1,1,-1,0,1,1,0,0,0,0,1,-1,6,2,34,6,498,1,25,KAWASAKI EX,-1,-1,0,-1
2024522402548,2024,522402548,1,4,0,18,19,2,6,0,0,8,0,0,0,0,1,1,6,6,1,44,7,296,1,10,KAWASAKI EX,3,E01014811,0,1
2024371518703,2024,371518703,1,5,0,-1,4,3,7,-1,0,2,1,0,0,0,1,1,-1,2,1,23,5,649,1,16,KAWASAKI EX,3,E01030108,0,1
2024061424251,2024,061424251,1,5,0,-1,15,7,3,-1,0,0,0,0,0,0,1,1,-1,6,1,21,5,649,1,9,KAWASAKI EX,8,E01027217,0,5
2024471420818,2024,471420818,1,4,0,-1,14,3,7,-1,0,0,5,0,0,0,9,1,-1,6,1,19,4,399,1,6,KAWASAKI EX,8,E01021134,0,1
2024461488836,2024,461488836,1,4,0,-1,13,5,1,-1,0,0,0,0,0,0,1,1,-1,6,1,51,8,249,1,14,KAWASAKI EX,4,E01024381,0,1
2024131557261,2024,131557261,1,5,0,-1,-1,-1,-1,-1,-1,8,-1,-1,-1,0,-1,1,-1,6,1,20,4,649,1,5,KAWASAKI EX,2,E01011343,0,1
2024131416540,2024,131416540,1,5,0,-1,19,5,1,-1,0,2,2,0,0,0,3,1,-1,9,1,27,6,649,1,18,KAWASAKI EX,1,E01011723,0,1
2024461441166,2024,461441166,2,5,0,-1,4,3,7,-1,0,0,1,0,0,0,2,1,-1,6,1,66,10,649,1,16,KAWASAKI EX,8,E01024442,0,2
2024211500642,2024,211500642,1,4,0,-1,13,4,8,-1,0,1,0,0,0,0,4,1,-1,6,1,26,6,399,1,6,KAWASAKI EX,-1,-1,0,-1
2024161459376,2024,161459376,1,5,0,-1,19,4,8,-1,0,1,0,0,0,0,1,1,-1,9,1,35,6,649,1,14,KAWASAKI EX,5,E01033414,0,1
2024010499997,2024,010499997,2,5,0,18,19,3,7,0,0,1,0,0,0,0,1,1,6,6,1,50,8,649,1,12,KAWASAKI EX,5,E01000676,0,1
2024610046924,2024,610046924,1,5,0,18,19,5,1,0,0,4,0,0,3,1,1,1,6,6,1,31,6,649,1,15,KAWASAKI EX,1,W01001687,0,3
2024101481919,2024,101481919,2,4,0,-1,19,7,3,-1,0,4,1,0,0,0,1,1,-1,9,2,47,8,249,1,13,KAWASAKI EX,2,E01008633,0,3
2024421472227,2024,421472227,2,4,0,-1,19,8,4,-1,0,0,0,0,0,0,2,1,-1,6,1,39,7,249,1,14,KAWASAKI EX,10,E01031690,0,4
2024041442378,2024,041442378,1,5,0,-1,4,5,1,-1,0,0,1,0,2,1,3,1,-1,9,1,61,9,649,1,12,KAWASAKI EX,7,E01025169,0,1
2024141512659,2024,141512659,1,5,0,-1,19,1,6,-1,0,0,0,0,0,0,1,1,-1,6,1,51,8,649,1,9,KAWASAKI EX,2,E01007349,0,3
2024461484386,2024,461484386,1,5,0,-1,19,1,3,-1,0,1,0,0,0,0,1,1,-1,9,1,27,6,649,1,7,KAWASAKI EX,5,E01035293,0,2
2024302401201,2024,302401201,1,4,0,18,19,6,2,0,0,0,0,0,0,0,4,1,6,6,1,34,6,498,1,23,KAWASAKI EX,3,E01008032,0,4
2024010513514,2024,010513514,1,5,0,18,19,3,7,0,0,4,5,0,0,0,1,1,6,6,1,30,6,649,1,10,KAWASAKI EX,-1,-1,0,-1
2024041466656,2024,041466656,2,5,0,-1,2,0,0,-1,0,0,5,0,0,0,2,1,-1,6,-1,-1,-1,649,1,16,KAWASAKI EX,-1,-1,0,-1
2024631448648,2024,631448648,1,5,0,-1,19,4,8,-1,0,8,1,0,0,0,1,1,-1,9,1,21,5,649,1,16,KAWASAKI EX,8,W01002013,0,3
2024411445377,2024,411445377,1,5,0,-1,19,5,1,-1,0,0,0,0,0,0,1,1,-1,6,1,43,7,649,1,7,KAWASAKI EX,8,E01023678,0,1
2024371440088,2024,371440088,1,4,0,-1,19,5,7,-1,0,0,0,0,7,0,1,1,-1,6,2,21,5,249,1,15,KAWASAKI EX,6,E01029881,0,1
2024991444521,2024,991444521,1,5,0,-1,19,8,4,-1,0,0,2,0,0,0,4,1,-1,9,1,53,8,649,1,10,KAWASAKI EX,5,-1,0,5
2024332400492,2024,332400492,1,5,0,-1,19,4,8,-1,0,1,0,0,0,0,4,1,-1,6,1,37,7,649,1,16,KAWASAKI EX,3,E01025997,0,1
2024421488817,2024,421488817,1,4,0,-1,19,3,7,-1,0,0,0,0,0,0,1,1,-1,6,1,30,6,296,1,7,KAWASAKI EX,2,E01001550,0,4
2024211404442,2024,211404442,1,5,0,-1,19,1,5,-1,0,0,0,0,0,0,1,1,-1,6,1,37,7,649,1,14,KAWASAKI EX,8,E01019840,0,2
2024440048492,2024,440048492,1,4,0,13,13,1,5,0,0,2,0,0,0,0,1,1,2,2,1,26,6,649,1,11,KAWASAKI EX,4,E01022542,0,1
2024991404119,2024,991404119,2,5,0,-1,12,7,3,-1,0,0,1,0,0,0,0,1,-1,2,1,51,8,649,1,11,KAWASAKI EX,-1,-1,0,-1
2024010502122,2024,010502122,2,4,0,18,19,5,1,0,0,1,0,0,0,0,1,1,2,2,1,61,9,249,1,12,KAWASAKI EX,3,E01002283,0,4
2024010532810,2024,010532810,2,4,0,13,13,5,1,0,0,8,0,0,0,0,1,1,2,2,1,21,5,399,1,6,KAWASAKI EX,3,E01001113,0,1
2024461504133,2024,461504133,2,5,0,-1,19,7,3,-1,0,1,0,0,0,0,1,1,-1,2,1,36,7,649,1,8,KAWASAKI EX,2,E01016018,0,1
2024311460437,2024,311460437,1,2,0,-1,5,2,1,-1,0,1,0,0,0,0,1,1,-1,6,1,65,9,498,1,27,KAWASAKI EX,8,E01028118,0,1
2024122400935,2024,122400935,2,5,0,18,19,4,8,0,0,8,0,0,0,0,4,1,6,6,1,69,10,649,1,7,KAWASAKI EX,7,E01027633,0,1
2024320346101,2024,320346101,1,5,0,-1,-1,4,8,0,0,0,2,0,0,10,1,1,6,6,1,67,10,649,1,7,KAWASAKI EX,1,E01013222,0,3
2024440288514,2024,440288514,2,4,0,13,13,7,3,0,0,1,0,0,0,0,1,1,2,2,1,37,7,250,1,16,KAWASAKI EX,4,E01017339,0,4
2024161472574,2024,161472574,1,5,0,-1,14,5,1,-1,0,0,5,0,0,0,4,1,-1,9,1,45,7,649,1,12,KAWASAKI EX,9,E01012770,0,1
2024552400446,2024,552400446,2,5,0,4,4,3,7,0,0,0,0,0,0,0,2,1,6,6,2,45,7,649,1,18,KAWASAKI EX,2,E01032662,0,4
2024430548181,2024,430548181,2,5,0,9,9,7,5,0,0,8,0,0,0,0,1,1,6,6,1,22,5,649,1,7,KAWASAKI EX,5,E01022330,0,4
2024131458609,2024,131458609,1,4,0,-1,19,2,6,-1,0,0,0,10,2,11,1,1,-1,9,1,21,5,296,1,10,KAWASAKI EX,3,E01010959,0,1
2024351453867,2024,351453867,1,4,0,-1,19,5,1,-1,0,0,0,0,0,0,1,1,-1,2,1,24,5,399,1,5,KAWASAKI EX,9,E01022099,0,3
2024522402037,2024,522402037,3,5,0,18,19,6,2,0,0,1,1,0,0,0,0,1,6,6,2,46,8,649,1,11,KAWASAKI EX,8,E01020505,0,4
2024302401498,2024,302401498,1,5,0,4,4,8,4,0,0,0,0,0,0,0,0,1,6,6,2,29,6,649,1,10,KAWASAKI EX,6,E01028125,0,2
2024631472583,2024,631472583,1,5,0,-1,13,5,2,-1,0,0,0,0,0,0,0,1,-1,9,1,22,5,296,1,10,KAWASAKI EX,8,W01002003,0,4
2024430367551,2024,430367551,2,5,0,18,19,6,2,0,0,8,0,0,0,0,3,1,6,6,1,24,5,649,1,13,KAWASAKI EX,6,E01016374,0,1
2024522403392,2024,522403392,1,5,0,18,19,6,2,0,0,8,0,0,0,0,4,1,6,6,1,36,7,649,1,18,KAWASAKI EX,7,E01014651,0,1
2024221467704,2024,221467704,1,4,0,-1,19,3,7,-1,0,0,1,10,0,0,4,1,-1,6,1,21,5,249,1,15,KAWASAKI EX,-1,-1,0,-1
2024111465061,2024,111465061,1,4,0,-1,19,1,5,-1,0,0,0,0,0,0,1,1,-1,6,1,22,5,296,1,10,KAWASAKI EX,1,E01012352,0,1
2024340WN3592,2024,340WN3592,2,5,0,-1,19,3,7,-1,0,8,0,0,1,0,3,1,-1,9,1,19,4,649,1,15,KAWASAKI EX,-1,-1,0,-1
2024461534501,2024,461534501,2,3,0,-1,19,7,2,-1,0,1,0,0,0,0,2,1,-1,9,1,21,5,649,1,16,KAWASAKI EX,3,E01000335,0,4
2024501440509,2024,501440509,1,3,0,-1,19,6,1,-1,0,0,0,4,7,0,1,1,-1,6,1,23,5,300,1,11,KAWASAKI EX,3,E01019070,0,2
2024122401005,2024,122401005,1,5,0,18,19,5,1,0,0,1,0,0,0,0,1,1,6,6,1,20,4,498,1,23,KAWASAKI EX,8,E01027620,0,1
2024131480871,2024,131480871,2,5,0,-1,19,6,2,-1,0,0,5,0,0,0,1,1,-1,6,1,38,7,498,1,24,KAWASAKI EX,1,E01011106,0,4
2024461415598,2024,461415598,2,5,0,-1,19,1,1,-1,0,0,0,0,0,0,1,1,-1,1,1,23,5,649,1,6,KAWASAKI EX,9,E01024797,0,1
2024430098264,2024,430098264,1,5,0,18,19,1,7,0,0,5,0,0,0,0,1,1,6,6,1,21,5,649,1,6,KAWASAKI EX,9,E01028584,0,1
2024631492092,2024,631492092,2,4,0,-1,19,4,8,-1,0,0,0,0,0,0,1,1,-1,2,1,22,5,399,1,6,KAWASAKI EX,9,W01000444,0,2
2024211471632,2024,211471632,1,5,0,-1,15,7,3,-1,0,0,0,0,1,0,3,1,-1,1,1,67,10,649,1,17,KAWASAKI EX,4,E01029807,0,1
2024622400818,2024,622400818,2,4,0,18,19,1,5,0,0,1,0,0,0,0,2,1,6,6,1,60,9,296,1,8,KAWASAKI EX,4,W01001297,0,1
2024371539288,2024,371539288,1,3,0,-1,19,1,5,-1,0,1,0,0,0,0,4,1,-1,6,1,17,4,125,1,14,KTM EXC,2,E01030079,0,1
2024361463709,2024,361463709,2,4,0,-1,19,5,1,-1,0,0,0,0,0,0,2,1,-1,2,1,55,8,124,1,22,KTM EXC,6,E01026535,0,1
2024991467149,2024,991467149,1,4,0,-1,19,1,5,-1,0,2,1,0,0,0,1,1,-1,9,1,38,7,293,1,4,KTM EXC,1,-1,0,1
2024461461093,2024,461461093,1,4,0,-1,19,4,8,-1,0,0,0,0,0,0,1,1,-1,6,1,33,6,249,1,20,KTM EXC,7,E01016170,0,1
2024421450629,2024,421450629,1,2,0,-1,19,5,1,-1,0,8,0,0,0,0,1,1,-1,9,1,24,5,510,1,16,KTM EXC,8,E01021756,0,2
2024101492953,2024,101492953,1,4,0,-1,19,5,1,-1,0,0,1,0,0,0,1,1,-1,6,1,20,4,350,1,4,KTM EXC,-1,-1,0,-1
2024122401007,2024,122401007,1,4,0,16,19,4,8,0,0,0,0,0,0,0,2,1,6,6,1,36,7,250,1,3,KTM EXC,9,E01027642,0,4
2024421520787,2024,421520787,1,4,0,-1,19,5,8,-1,0,0,2,0,0,0,4,1,-1,9,1,35,6,450,1,6,KTM EXC,5,E01015832,0,4
2024522401712,2024,522401712,2,5,0,18,19,3,7,0,0,0,0,0,0,0,1,1,6,6,1,24,5,510,1,1,KTM EXC,5,E01014994,0,2
2024451524122,2024,451524122,2,4,0,-1,19,8,4,-1,0,1,0,0,0,0,1,1,-1,9,1,39,7,300,1,17,KTM EXC,4,E01030481,0,3
2024461538878,2024,461538878,2,4,0,-1,19,8,4,-1,0,8,1,0,1,0,4,1,-1,6,1,34,6,350,1,0,KTM EXC,8,E01016101,0,1
2024440422797,2024,440422797,1,4,0,5,5,1,5,0,0,0,0,0,0,0,0,1,6,6,1,39,7,249,1,17,KTM EXC,5,E01017324,0,1
2024070773474,2024,070773474,1,4,0,-1,19,3,7,-1,0,0,5,0,7,9,1,1,-1,6,1,59,9,200,5,20,KTM EXC,10,W01000384,0,2
2024201467135,2024,201467135,1,3,0,-1,19,8,4,-1,0,2,0,0,0,0,1,1,-1,6,1,32,6,250,1,6,KTM EXC,1,E01009893,0,1
2024131434134,2024,131434134,2,4,0,-1,19,5,1,-1,0,1,0,0,0,0,1,1,-1,6,1,54,8,450,1,5,KTM EXC,6,E01011074,0,2
2024131458993,2024,131458993,1,4,0,-1,19,7,3,-1,0,8,5,0,0,0,0,1,-1,9,1,35,6,293,1,9,KTM EXC,7,E01010760,0,2
2024471444178,2024,471444178,2,3,0,-1,19,7,3,-1,0,1,0,0,1,0,1,1,-1,9,1,17,4,125,1,11,KTM EXC,5,E01031786,0,1
2024041482527,2024,041482527,2,4,0,-1,19,5,1,-1,0,0,0,0,0,0,1,1,-1,2,1,24,5,400,1,19,KTM EXC,3,E01025407,0,1
2024531453431,2024,531453431,1,4,0,-1,19,6,2,-1,0,8,2,0,7,0,3,1,-1,9,1,28,6,250,1,10,KTM EXC,10,E01015533,0,3
2024101436374,2024,101436374,2,4,0,-1,19,2,6,-1,0,0,0,0,0,0,0,1,-1,9,1,43,7,249,1,9,KTM EXC,-1,-1,0,-1
2024031527100,2024,031527100,2,4,0,-1,-1,-1,-1,-1,-1,-1,-1,-1,-1,0,-1,1,-1,9,1,41,7,293,1,5,KTM EXC,-1,-1,0,-1
2024471508943,2024,471508943,1,4,0,-1,19,7,3,-1,0,0,1,0,1,10,1,1,-1,9,1,48,8,350,1,2,KTM EXC,7,E01021007,0,3
2024201413560,2024,201413560,2,3,0,-1,19,4,8,-1,0,3,0,0,0,0,1,1,-1,6,1,33,6,124,1,26,KTM EXC,1,E01009079,0,1
2024501400679,2024,501400679,2,4,0,-1,19,1,5,-1,0,1,1,0,0,0,1,1,-1,6,1,19,4,200,1,21,KTM EXC,6,E01019903,0,2
2024061406645,2024,061406645,2,3,0,-1,19,5,1,-1,0,8,2,0,0,0,4,1,-1,2,1,23,5,125,1,10,-1,4,E01006049,0,2
2024161490002,2024,161490002,1,3,0,-1,19,8,4,-1,0,0,0,0,0,0,1,1,-1,6,1,25,5,125,1,11,-1,8,E01013037,0,3
2024061438051,2024,061438051,1,3,0,-1,19,7,3,-1,0,0,0,0,0,0,1,1,-1,6,1,34,6,125,1,10,-1,3,E01006003,0,1
2024101484104,2024,101484104,1,3,0,-1,4,3,7,-1,0,4,1,0,0,0,0,1,-1,9,1,33,6,125,1,12,-1,2,E01008668,0,1
2024161479040,2024,161479040,1,3,0,-1,19,4,8,-1,2,1,0,0,0,0,1,1,-1,6,2,18,4,125,1,9,-1,4,E01012797,0,1
2024531490183,2024,531490183,1,3,0,-1,4,5,1,-1,0,8,0,0,0,0,1,1,-1,9,1,46,8,125,1,9,-1,6,E01022264,0,1
2024221475522,2024,221475522,1,9,0,-1,19,1,4,-1,0,0,2,0,1,4,4,1,-1,9,1,18,4,999,1,0,MG ZS,4,E01032440,0,1
2024010542994,2024,010542994,2,9,0,99,99,9,9,99,99,0,9,99,9,99,2,9,6,6,2,41,7,-1,3,4,MG ZS,10,E01024325,0,4
2024471523680,2024,471523680,1,9,0,-1,7,1,3,-1,0,1,0,0,0,0,1,9,-1,6,3,-1,-1,999,1,3,MG ZS,-1,-1,0,-1
2024201479368,2024,201479368,5,9,9,-1,2,0,0,-1,0,2,0,0,0,0,4,9,-1,6,3,-1,-1,1498,1,3,MG ZS,-1,-1,0,-1
2024061478876,2024,061478876,1,9,0,-1,9,-1,-1,-1,0,9,9,99,0,0,1,1,-1,6,3,-1,-1,-1,3,3,MG ZS,-1,-1,0,-1
2024522401367,2024,522401367,1,9,0,4,4,5,1,0,0,0,0,0,0,0,1,1,6,6,2,71,10,999,1,2,MG ZS,2,E01014694,0,4
2024071032929,2024,071032929,2,9,0,-1,19,8,4,-1,0,1,0,0,0,0,1,1,-1,9,2,46,8,999,1,0,MG ZS,3,E01018534,0,1
2024401499131,2024,401499131,1,9,0,-1,19,1,1,-1,0,0,0,0,0,0,2,1,-1,9,1,36,7,1498,1,2,MG ZS,7,E01030651,0,4
2024031536096,2024,031536096,2,9,0,-1,19,8,4,-1,0,1,1,0,7,11,1,1,-1,2,2,54,8,-1,3,4,MG ZS,3,E01025097,0,2
2024010518430,2024,010518430,1,9,0,18,19,8,4,0,0,8,0,0,0,0,1,1,2,2,1,63,9,-1,3,5,MG ZS,2,E01033880,0,1
2024131414843,2024,131414843,1,9,0,-1,-1,-1,-1,-1,-1,0,-1,-1,-1,0,2,1,-1,6,2,38,7,999,1,7,MG ZS,1,E01010654,0,1
2024311428419,2024,311428419,1,9,0,-1,19,1,1,-1,0,1,0,0,0,0,1,2,-1,9,1,85,11,999,1,6,MG ZS,-1,-1,0,-1
2024141502928,2024,141502928,2,9,0,-1,9,3,7,-1,0,8,0,0,0,0,3,1,-1,9,2,51,8,999,1,2,MG ZS,1,E01008055,0,2
2024421524592,2024,421524592,1,9,0,-1,19,3,7,-1,0,0,0,7,0,0,1,1,-1,6,2,56,9,999,1,6,MG ZS,-1,-1,0,-1
2024201474711,2024,201474711,1,9,0,-1,19,5,1,-1,0,0,0,10,1,2,1,1,-1,9,2,32,6,-1,3,1,MG ZS,1,E01008966,0,1
2024320550274,2024,320550274,1,9,0,9,9,8,6,0,0,6,0,0,0,0,3,1,-1,-1,2,42,7,1498,1,3,MG ZS,8,E01028010,0,4
2024421434207,2024,421434207,1,9,0,-1,19,3,7,-1,0,0,0,0,0,0,1,1,-1,6,1,-1,-1,999,1,1,MG ZS,-1,-1,0,-1
2024451472252,2024,451472252,2,9,0,-1,5,4,8,-1,99,0,0,0,0,0,1,1,-1,6,2,30,6,999,1,2,MG ZS,7,E01002944,0,2
2024061430929,2024,061430929,2,9,9,-1,19,-1,-1,-1,0,1,0,4,0,0,1,1,-1,6,3,-1,-1,1498,1,1,MG ZS,-1,-1,0,-1
2024440011810,2024,440011810,2,9,0,18,19,5,1,0,0,1,0,0,0,0,1,1,6,6,1,-1,-1,-1,3,1,MG ZS,-1,-1,0,-1
2024131426231,2024,131426231,2,9,0,-1,9,1,6,-1,0,8,0,0,0,0,3,1,-1,9,1,42,7,1498,1,6,MG ZS,3,E01010895,0,1
2024451469054,2024,451469054,2,9,0,-1,2,0,0,-1,0,0,0,0,0,0,2,1,-1,1,1,39,7,-1,3,0,MG ZS,4,E01004150,0,4
2024622400828,2024,622400828,1,9,0,17,19,4,2,0,0,8,0,0,0,0,1,1,1,1,1,18,4,999,1,0,MG ZS,8,W01001743,0,3
2024101496191,2024,101496191,2,9,0,-1,19,8,4,-1,0,1,0,0,0,0,3,2,-1,6,2,61,9,999,1,4,MG ZS,4,E01008624,0,1
2024010512043,2024,010512043,1,9,0,18,19,5,1,0,0,5,0,10,0,0,1,1,6,6,1,50,8,-1,3,1,MG ZS,2,E01000064,0,1
2024141493590,2024,141493590,2,9,0,-1,19,7,3,-1,0,0,0,0,0,0,3,1,-1,6,2,50,8,-1,3,1,MG ZS,1,E01007506,0,2
2024302400332,2024,302400332,1,9,0,9,9,4,2,0,0,2,0,0,0,0,4,1,6,6,1,39,7,-1,3,1,MG ZS,10,E01019727,0,1
2024622400374,2024,622400374,2,9,0,2,2,0,0,0,0,1,0,0,0,0,1,1,6,6,3,-1,-1,1498,1,4,MG ZS,-1,-1,0,-1
2024010514746,2024,010514746,4,9,0,3,3,7,3,0,0,0,0,0,0,0,3,1,6,6,2,48,8,999,1,2,MG ZS,-1,-1,0,-1
2024010499545,2024,010499545,2,9,0,99,99,9,9,99,99,0,9,99,9,99,9,9,6,6,3,-1,-1,999,1,6,MG ZS,-1,-1,0,-1
2024430089923,2024,430089923,1,9,0,4,4,6,2,0,0,0,0,0,0,0,1,1,2,2,1,38,7,1498,1,2,MG ZS,10,E01022748,0,5
2024061400294,2024,061400294,6,9,0,-1,19,8,4,-1,0,0,0,0,0,0,1,1,-1,9,1,41,7,-1,3,5,MG ZS,1,E01004820,0,1
2024991499778,2024,991499778,1,9,0,-1,1,3,7,-1,0,1,0,0,0,0,2,1,-1,6,1,55,8,1498,1,0,MG ZS,1,-1,0,1
2024122400976,2024,122400976,2,9,0,18,19,2,6,0,0,8,0,0,0,0,1,1,6,6,1,71,10,1498,1,2,MG ZS,2,E01027825,0,4
2024010546984,2024,010546984,2,9,0,99,99,9,9,99,99,9,9,99,9,99,9,9,6,6,3,-1,-1,-1,3,4,MG ZS,-1,-1,0,-1
2024101437356,2024,101437356,1,9,0,-1,19,6,2,-1,0,0,0,0,0,0,1,9,-1,6,1,28,6,999,1,1,MG ZS,1,E01008606,0,1
2024010548923,2024,010548923,2,9,0,-1,-1,5,1,0,0,9,0,99,0,0,9,1,6,6,3,-1,-1,-1,3,1,MG ZS,-1,-1,0,-1
2024421406957,2024,421406957,2,9,0,-1,19,8,4,-1,0,0,0,0,0,0,1,1,-1,9,1,48,8,1498,1,6,MG ZS,-1,-1,0,-1
2024010534757,2024,010534757,1,9,9,99,99,9,9,99,99,9,9,99,9,99,9,9,6,6,1,53,8,1498,1,0,MG ZS,-1,-1,0,-1
202454B220224,2024,54B220224,1,9,0,9,9,5,3,0,0,1,0,0,7,0,3,1,6,6,2,63,9,999,1,1,MG ZS,5,E01032065,0,1
2024320446860,2024,320446860,1,9,0,-1,-1,2,6,0,0,1,0,0,0,1,3,1,6,6,1,34,6,-1,3,0,MG ZS,8,E01026155,0,1
2024351398889,2024,351398889,2,9,0,-1,9,8,4,-1,0,6,0,0,0,0,1,9,-1,6,1,45,7,-1,3,4,MG ZS,2,E01017977,0,1
2024031464090,2024,031464090,1,9,0,-1,7,1,3,-1,0,6,0,0,0,0,3,1,-1,6,1,68,10,999,1,0,MG ZS,1,E01019113,0,1
2024010551335,2024,010551335,1,9,0,4,4,3,7,0,0,2,0,0,0,0,2,1,6,6,1,41,7,999,1,6,MG ZS,4,E01003621,0,2
2024991527486,2024,991527486,1,9,0,-1,6,7,7,-1,0,0,0,0,0,0,3,1,-1,9,2,67,10,1498,1,0,MG ZS,1,-1,0,1
2024430237314,2024,430237314,1,9,0,9,9,4,2,0,0,6,0,0,0,0,0,1,6,6,1,44,7,-1,3,1,MG ZS,7,E01028598,0,1
2024061474598,2024,061474598,1,9,-1,-1,-1,4,8,-1,0,0,0,0,0,0,1,9,-1,6,3,-1,-1,-1,3,2,MG ZS,-1,-1,0,-1
2024010538113,2024,010538113,2,9,9,99,99,9,9,99,99,9,9,99,9,99,9,9,6,6,3,-1,-1,999,1,1,MG ZS,-1,-1,0,-1
2024010529303,2024,010529303,2,9,0,5,5,5,1,0,0,1,0,0,0,0,2,1,6,6,1,20,4,999,1,1,MG ZS,1,E01002853,0,1
2024991525314,2024,991525314,2,9,0,-1,10,8,6,-1,0,1,0,0,0,0,1,1,-1,6,2,33,6,1498,1,1,MG ZS,4,-1,0,1
2024010522705,2024,010522705,3,9,0,16,19,4,7,0,0,0,0,0,0,0,1,1,2,2,1,51,8,-1,3,2,MG ZS,3,E01034146,0,1
2024991409563,2024,991409563,1,9,0,-1,19,6,3,-1,0,8,0,0,0,0,1,1,-1,6,1,70,10,-1,3,4,MG ZS,9,-1,0,4
2024461532647,2024,461532647,1,9,-1,-1,19,4,6,-1,0,0,0,0,0,0,3,9,-1,6,2,-1,-1,-1,3,1,MG ZS,-1,-1,0,-1