collision_index,collision_year,collision_ref_no,vehicle_reference,vehicle_type,towing_and_articulation,vehicle_manoeuvre_historic,vehicle_manoeuvre,vehicle_direction_from,vehicle_direction_to,vehicle_location_restricted_lane_historic,vehicle_location_restricted_lane,junction_location,skidding_and_overturning,hit_object_in_carriageway,vehicle_leaving_carriageway,hit_object_off_carriageway,first_point_of_impact,vehicle_left_hand_drive,journey_purpose_of_driver_historic,journey_purpose_of_driver,sex_of_driver,age_of_driver,age_band_of_driver,engine_capacity_cc,propulsion_code,age_of_vehicle,generic_make_model,driver_imd_decile,lsoa_of_driver,escooter_flag,driver_distance_banding
2024131460955,2024,131460955,4,9,0,-1,4,1,5,-1,0,0,0,0,0,0,2,1,-1,6,2,61,9,999,1,1,MG ZS,2,E01011237,0,4
2024131445438,2024,131445438,1,9,0,-1,6,6,2,-1,0,0,0,0,7,11,1,1,-1,9,2,30,6,999,1,4,MG ZS,5,E01011026,0,1
2024010541161,2024,010541161,1,9,0,9,9,6,4,0,0,1,0,10,0,0,1,1,6,6,1,31,6,999,1,3,MG ZS,2,E01032513,0,1
2024041519712,2024,041519712,1,9,0,-1,19,1,5,-1,0,0,0,0,0,0,3,1,-1,1,1,27,6,1498,1,0,MG ZS,4,E01005499,0,3
2024101449075,2024,101449075,2,9,0,-1,19,3,7,-1,0,8,0,0,0,0,1,1,-1,6,1,25,5,1498,1,3,MG ZS,8,E01034515,0,1
2024430316453,2024,430316453,2,9,0,9,9,4,2,0,0,1,0,0,0,0,2,1,6,6,1,67,10,-1,3,2,MG ZS,-1,-1,0,-1
2024991481459,2024,991481459,1,9,0,-1,10,5,3,-1,0,1,0,0,0,0,1,1,-1,9,1,42,7,-1,3,1,MG ZS,1,-1,0,4
2024302500208,2024,302500208,2,9,0,-1,19,7,3,-1,0,0,0,0,0,0,4,1,-1,6,1,36,7,-1,3,0,MG ZS,6,E01013519,0,1
2024010524759,2024,010524759,1,9,0,12,12,7,3,0,0,0,0,0,1,4,1,1,2,2,1,35,6,-1,3,3,MG ZS,2,E01004236,0,2
2024361538517,2024,361538517,1,9,0,-1,1,2,8,-1,9,0,0,0,0,0,2,1,-1,1,2,41,7,999,1,0,MG ZS,6,E01026900,0,1
2024010532808,2024,010532808,1,9,0,6,6,7,7,0,0,0,0,0,0,0,2,1,3,7,1,44,7,-1,3,2,MG ZS,2,E01002782,0,1
2024471517152,2024,471517152,2,9,0,-1,4,3,7,-1,0,0,0,0,0,0,2,1,-1,6,2,42,7,1498,1,0,MG ZS,9,E01031353,0,1
2024461482106,2024,461482106,1,9,0,-1,10,7,4,-1,0,1,0,0,0,0,3,9,-1,6,2,78,11,1498,1,6,MG ZS,7,E01024158,0,1
2024440071016,2024,440071016,2,9,0,18,19,8,4,0,0,8,0,0,0,0,1,1,6,6,2,40,7,-1,3,1,MG ZS,6,E01022656,0,1
2024501423921,2024,501423921,1,9,0,-1,19,6,2,-1,0,0,5,0,2,4,1,1,-1,9,1,44,7,1498,1,3,MG ZS,7,E01035393,0,5
2024010515733,2024,010515733,2,9,0,99,99,9,9,99,99,9,9,99,9,99,9,9,6,6,3,-1,-1,-1,3,4,MG ZS,-1,-1,0,-1
2024052402883,2024,052402883,2,9,0,18,19,3,7,0,0,8,0,0,0,0,1,1,6,6,2,46,8,1498,1,1,MG ZS,3,E01012470,0,3
2024302400288,2024,302400288,1,9,0,12,12,6,2,0,0,1,0,0,0,0,3,1,6,6,1,78,11,999,1,1,MG ZS,7,E01019655,0,2
2024531490731,2024,531490731,1,9,0,-1,19,5,1,-1,0,0,0,0,0,0,1,1,-1,7,2,35,6,999,1,6,MG ZS,7,E01022345,0,1
2024991451706,2024,991451706,2,9,0,-1,19,7,3,-1,0,1,0,0,1,0,1,1,-1,9,2,59,9,1498,1,4,MG ZS,4,-1,0,4
2024010526945,2024,010526945,2,9,0,1,1,1,5,0,0,6,0,0,0,0,2,9,6,6,1,-1,-1,999,1,4,MG ZS,-1,-1,0,-1
2024141412840,2024,141412840,2,9,0,-1,19,1,5,-1,0,0,0,0,0,0,1,1,-1,1,1,36,7,999,1,4,MG ZS,1,E01007547,0,2
2024320516013,2024,320516013,1,9,0,-1,-1,6,2,0,0,8,0,0,0,0,4,1,6,6,2,76,11,1498,1,1,MG ZS,8,E01010573,0,5
2024141435504,2024,141435504,1,9,0,-1,19,3,7,-1,0,1,0,0,0,0,1,1,-1,9,1,62,9,1498,1,2,MG ZS,1,E01007809,0,3
2024052401472,2024,052401472,1,9,0,8,8,6,2,0,0,1,0,0,0,0,2,1,6,6,2,49,8,1498,1,1,MG ZS,1,E01006692,0,1
2024010516756,2024,010516756,1,9,0,7,7,5,6,0,0,1,0,0,0,0,4,1,2,2,1,39,7,-1,3,2,MG ZS,6,E01003945,0,1
2024141517061,2024,141517061,1,9,0,-1,1,5,1,-1,0,0,0,0,0,0,0,1,-1,9,1,83,11,-1,3,0,MG ZS,4,E01007850,0,1
2024061500460,2024,061500460,2,9,-1,-1,-1,-1,-1,-1,-1,-1,-1,-1,-1,0,-1,9,-1,6,3,-1,-1,999,1,1,MG ZS,-1,-1,0,-1
2024430606502,2024,430606502,2,9,0,1,1,3,7,0,0,1,0,0,0,0,2,1,6,6,1,30,6,-1,3,5,MG ZS,-1,-1,0,-1
2024421396512,2024,421396512,2,9,0,-1,4,7,8,-1,0,0,0,0,0,0,1,1,-1,2,1,41,7,-1,3,3,MG ZS,10,E01021379,0,4
2024430377586,2024,430377586,1,9,0,18,19,5,1,0,0,0,0,0,1,0,1,1,6,6,2,53,8,1498,1,1,MG ZS,10,E01017880,0,4
2024991401422,2024,991401422,3,9,0,-1,4,5,1,-1,0,0,0,0,0,0,2,1,-1,6,1,52,8,-1,3,3,MG ZS,2,-1,0,1
2024122401048,2024,122401048,1,9,0,9,9,3,1,0,0,8,0,0,0,0,1,1,3,7,2,36,7,999,1,5,MG ZS,2,E01027850,0,1
2024471417003,2024,471417003,5,9,0,-1,4,1,5,-1,0,1,0,0,0,0,0,1,-1,6,-1,-1,-1,-1,3,4,MG ZS,-1,-1,0,-1
2024141505026,2024,141505026,2,9,0,-1,19,4,1,-1,0,8,0,0,0,0,1,1,-1,6,1,-1,-1,1498,1,4,MG ZS,-1,-1,0,-1
2024141498965,2024,141498965,1,9,0,-1,4,5,1,-1,0,1,1,0,0,0,4,1,-1,9,2,32,6,999,1,4,MG ZS,1,E01007461,0,1
2024010533509,2024,010533509,1,9,0,16,19,1,5,0,0,1,0,0,0,0,1,1,6,6,2,31,6,1498,1,5,MG ZS,8,E01000347,0,2
2024520001648,2024,520001648,1,9,0,9,9,3,1,0,0,8,0,0,0,0,1,1,6,6,1,64,9,-1,3,3,MG ZS,9,E01014374,0,1
2024421498420,2024,421498420,4,9,0,-1,19,3,7,-1,0,0,0,0,0,0,3,1,-1,9,1,26,6,1498,1,2,MG ZS,4,E01022033,0,3
2024361409508,2024,361409508,1,9,0,-1,5,1,7,-1,0,6,0,0,0,0,3,1,-1,6,2,17,4,1498,1,1,MG ZS,6,E01026664,0,1
2024501500434,2024,501500434,1,9,0,-1,2,0,0,-1,0,0,0,0,0,0,0,1,-1,6,1,34,6,-1,3,1,MG ZS,9,E01034633,0,4
2024991499293,2024,991499293,2,9,0,-1,19,2,6,-1,0,8,0,0,0,0,1,1,-1,9,2,60,9,-1,3,2,MG ZS,10,-1,0,3
2024010547310,2024,010547310,2,9,0,99,99,9,9,99,99,9,9,99,9,99,1,9,6,6,3,-1,-1,-1,3,1,MG ZS,-1,-1,0,-1
2024421482484,2024,421482484,2,9,0,-1,19,4,8,-1,0,2,0,0,0,0,4,9,-1,9,1,31,6,999,1,0,MG ZS,2,E01035164,0,1
2024010498306,2024,010498306,2,9,0,18,19,5,1,0,0,1,0,0,0,0,1,1,6,6,2,47,8,-1,3,4,MG ZS,4,E01001090,0,1
2024631482833,2024,631482833,1,9,0,-1,4,1,5,-1,0,0,0,0,0,0,2,1,-1,9,1,28,6,999,1,0,MG ZS,7,W01000507,0,4
2024101418677,2024,101418677,2,9,0,-1,2,4,8,-1,0,0,0,0,0,0,2,1,-1,6,1,34,6,999,1,3,MG ZS,2,E01008460,0,1
2024010512452,2024,010512452,2,9,9,5,5,0,4,0,0,9,9,99,9,99,9,9,6,6,2,28,6,-1,3,3,MG ZS,-1,-1,0,-1
2024991480925,2024,991480925,1,9,0,-1,19,7,3,-1,0,0,5,0,1,0,1,1,-1,9,1,33,6,2497,1,20,MG ZS,-1,-1,0,-1
202460Q142681,2024,60Q142681,1,9,0,3,3,5,1,0,0,0,0,0,0,0,4,1,6,6,2,48,8,1498,1,2,MG ZS,-1,-1,0,-1
2024010539267,2024,010539267,1,8,0,9,9,1,7,0,0,5,0,0,0,0,1,1,6,6,1,56,9,-1,3,1,MG ZS,3,E01000094,0,3
2024552400182,2024,552400182,2,9,0,18,19,6,2,0,0,8,0,0,0,0,4,1,6,6,2,44,7,-1,3,1,MG ZS,5,E01015441,0,1
2024211461513,2024,211461513,1,9,0,-1,19,5,1,-1,0,0,2,0,0,0,1,1,-1,9,1,59,9,-1,3,3,MG ZS,5,E01029365,0,2
2024010536164,2024,010536164,2,9,0,18,19,3,7,0,0,1,0,0,0,0,2,1,6,6,3,-1,-1,-1,3,1,MG ZS,-1,-1,0,-1
2024061514920,2024,061514920,1,9,0,-1,9,7,5,-1,0,5,0,0,0,0,1,1,-1,6,1,36,7,999,1,0,MG ZS,1,E01005667,0,2
2024010537362,2024,010537362,1,9,0,9,9,5,3,1,1,5,0,0,3,0,1,1,1,1,1,69,10,-1,3,1,MG ZS,2,E01002778,0,3
2024320469397,2024,320469397,3,9,0,3,3,5,1,0,0,2,0,0,0,0,2,1,6,6,2,38,7,1498,1,5,MG ZS,-1,-1,0,-1
2024010529306,2024,010529306,2,9,0,99,99,9,9,99,99,9,9,99,9,99,2,9,6,6,3,-1,-1,999,1,3,MG ZS,7,E01004700,0,1
2024010507888,2024,010507888,1,9,0,99,99,9,9,99,99,9,9,99,9,99,2,9,6,6,3,-1,-1,999,1,1,MG ZS,-1,-1,0,-1
2024010498609,2024,010498609,2,9,0,99,99,9,9,99,99,9,9,99,9,99,9,9,6,6,3,48,8,-1,3,1,MG ZS,5,E01000067,0,3
2024010501567,2024,010501567,2,8,9,99,99,9,9,99,99,0,9,99,9,99,9,9,6,6,3,-1,-1,-1,3,2,MG ZS,-1,-1,0,-1
2024101413955,2024,101413955,3,9,0,-1,3,5,5,-1,0,1,0,0,0,0,0,1,-1,9,2,72,10,999,1,1,MG ZS,10,E01027401,0,1
2024010548098,2024,010548098,1,9,0,9,9,5,3,0,0,6,0,0,0,0,1,1,6,6,1,32,6,999,1,2,MG ZS,4,E01000428,0,1
2024010551567,2024,010551567,1,9,0,99,99,9,9,99,99,9,9,99,9,99,2,9,6,6,3,-1,-1,999,1,0,MG ZS,-1,-1,0,-1
2024101522552,2024,101522552,2,9,0,-1,7,8,3,-1,-1,4,0,0,0,0,-1,9,-1,6,1,44,7,1498,1,2,MG ZS,8,E01008657,0,1
2024451525716,2024,451525716,2,9,0,-1,19,5,1,-1,0,7,0,0,0,0,1,1,-1,1,1,67,10,-1,3,2,MG ZS,2,E01003832,0,1
2024052402747,2024,052402747,1,9,0,18,19,3,7,0,0,0,0,0,0,0,4,1,6,6,1,76,11,-1,3,0,MG ZS,5,E01007288,0,1
2024440371108,2024,440371108,1,9,0,5,5,1,5,0,0,0,0,0,0,0,4,1,6,6,2,24,5,999,1,0,MG ZS,5,E01017355,0,3
2024501531101,2024,501531101,1,9,0,-1,19,7,3,-1,0,0,1,0,8,4,1,1,-1,9,1,20,4,2497,1,21,MG ZS,7,E01020318,0,3
2024320581307,2024,320581307,3,9,0,10,10,8,6,0,0,5,0,0,0,0,2,1,-1,-1,1,64,9,999,1,0,MG ZS,7,E01026066,0,1
2024991466994,2024,991466994,1,9,0,-1,9,5,3,-1,0,1,0,0,0,0,1,1,-1,9,2,31,6,1498,1,0,MG ZS,4,-1,0,2
2024461505358,2024,461505358,2,9,0,-1,3,7,1,-1,0,0,0,0,4,0,2,9,-1,9,2,44,7,999,1,1,MG ZS,7,E01024137,0,2
2024010507365,2024,010507365,2,9,0,18,19,3,7,0,0,1,0,0,0,0,1,1,6,6,1,25,5,999,1,4,MG ZS,7,E01003753,0,1
2024991485183,2024,991485183,2,9,0,-1,19,4,8,-1,0,0,0,0,0,0,2,1,-1,9,2,40,7,-1,3,3,MG ZS,5,-1,0,3
2024010543866,2024,010543866,1,9,0,4,4,7,3,0,0,1,0,0,0,0,1,1,1,1,1,43,7,-1,3,1,MG ZS,2,E01001340,0,2
2024061499976,2024,061499976,2,9,0,-1,7,3,1,-1,0,5,0,0,0,0,0,9,-1,6,1,64,9,1498,1,0,MG ZS,3,E01025359,0,3
2024101396809,2024,101396809,2,9,0,-1,3,4,8,-1,0,8,0,0,0,0,2,1,-1,6,2,41,7,-1,3,3,MG ZS,7,E01027450,0,4
2024141513495,2024,141513495,3,9,0,-1,2,0,0,-1,0,1,0,0,0,0,2,1,-1,6,-1,-1,-1,1498,1,1,MG ZS,-1,-1,0,-1
2024440309681,2024,440309681,1,9,0,18,19,5,1,0,0,3,0,0,0,0,4,1,6,6,1,23,5,999,1,1,MG ZS,3,E01017184,0,2
2024461470992,2024,461470992,2,9,0,-1,19,5,1,-1,0,0,0,0,0,0,1,1,-1,6,2,26,6,1498,1,6,MG ZS,4,E01024771,0,1
2024461430470,2024,461430470,1,9,0,-1,9,1,6,-1,0,8,0,0,0,0,1,1,-1,9,1,87,11,1498,1,6,MG ZS,8,E01024344,0,3
2024131489265,2024,131489265,2,9,0,-1,19,3,7,-1,0,1,0,0,0,0,1,1,-1,9,2,52,8,1498,1,1,MG ZS,1,E01011746,0,1
2024010542125,2024,010542125,2,9,0,9,9,7,5,0,0,2,0,0,0,0,1,1,1,1,1,52,8,-1,3,2,MG ZS,2,E01000508,0,2
2024031467042,2024,031467042,2,9,-1,-1,-1,-1,-1,-1,-1,0,-1,-1,-1,0,-1,9,-1,1,2,41,7,1498,1,0,MG ZS,-1,-1,0,-1
2024010521415,2024,010521415,1,9,0,7,7,5,7,0,0,8,0,0,0,0,1,1,6,6,1,53,8,-1,3,1,MG ZS,2,E01003052,0,1
2024340WN0532,2024,340WN0532,1,9,0,-1,19,6,2,-1,0,6,0,0,0,0,1,1,-1,6,3,-1,-1,999,1,4,MG ZS,-1,-1,0,-1
2024440423359,2024,440423359,3,9,0,2,2,0,0,0,0,0,0,0,0,0,3,1,6,6,3,-1,-1,1498,1,1,MG ZS,-1,-1,0,-1
2024041450380,2024,041450380,3,9,0,-1,19,1,5,-1,0,0,0,0,0,0,1,1,-1,9,1,29,6,1498,1,2,MG ZS,-1,-1,0,-1
2024430101570,2024,430101570,1,9,0,18,19,7,3,0,0,0,0,0,0,0,1,1,6,6,1,36,7,1498,1,0,MG ZS,3,E01028519,0,4
2024010534888,2024,010534888,2,9,0,18,19,3,7,0,0,2,0,0,0,0,2,1,6,6,1,44,7,1498,1,0,MG ZS,4,E01001252,0,4
2024010549406,2024,010549406,1,9,0,7,7,9,9,99,99,9,9,99,9,99,2,9,6,6,2,61,9,-1,3,2,MG ZS,6,E01001237,0,1
2024010518075,2024,010518075,1,9,0,10,10,3,8,0,0,1,0,0,0,0,2,1,6,6,2,33,6,999,1,3,MG ZS,9,E01001413,0,1
2024332400994,2024,332400994,2,9,0,-1,12,1,5,-1,0,8,0,0,0,0,3,1,-1,6,3,-1,-1,999,1,6,MG ZS,-1,-1,0,-1
2024471403300,2024,471403300,2,9,0,-1,10,2,7,-1,0,8,0,0,0,0,2,9,-1,6,2,33,6,999,1,1,MG ZS,5,E01031480,0,1
2024520402212,2024,520402212,1,9,0,18,19,6,1,0,0,8,0,0,0,0,1,1,6,6,2,21,5,1498,1,4,MG ZS,9,E01029159,0,1
2024421448886,2024,421448886,1,9,0,-1,5,1,5,-1,0,8,0,0,0,0,3,1,-1,6,2,55,8,1498,1,3,MG ZS,6,E01021502,0,1
2024010539551,2024,010539551,1,9,0,99,99,9,9,99,99,9,9,99,9,99,9,9,6,6,1,30,6,-1,3,2,MG ZS,9,E01003364,0,3
2024010542865,2024,010542865,1,9,0,-1,-1,3,7,0,0,8,0,0,0,0,1,1,1,1,1,30,6,-1,3,2,MG ZS,2,E01000954,0,1
2024421506291,2024,421506291,2,9,0,-1,19,6,2,-1,0,8,0,0,0,0,1,1,-1,6,1,66,10,-1,3,0,MG ZS,5,E01021866,0,2
2024131448127,2024,131448127,2,9,0,-1,19,7,1,-1,0,0,0,0,0,0,2,1,-1,2,2,22,5,999,1,6,MG ZS,2,E01010930,0,1
2024010550438,2024,010550438,1,9,0,3,3,1,5,0,0,2,0,0,0,0,2,1,6,6,1,46,8,999,1,5,MG ZS,3,E01003539,0,1
2024311427302,2024,311427302,1,9,0,-1,3,4,8,-1,0,0,0,0,0,0,2,1,-1,2,2,29,6,1498,1,6,MG ZS,3,E01028210,0,1
2024010525390,2024,010525390,2,9,0,18,19,1,5,0,0,0,0,0,0,0,1,1,1,1,1,55,8,-1,3,0,MG ZS,6,E01003751,0,2
2024501480096,2024,501480096,1,9,0,-1,9,2,1,-1,0,0,0,0,0,0,1,1,-1,9,1,50,8,1498,1,3,MG ZS,8,E01033232,0,1
2024221469596,2024,221469596,1,9,0,-1,5,1,5,-1,0,4,0,0,0,0,1,1,-1,6,2,74,10,1498,1,5,MG ZS,3,E01014126,0,1
2024461483674,2024,461483674,3,9,0,-1,2,0,0,-1,-1,0,0,0,0,0,2,1,-1,6,-1,-1,-1,999,1,2,MG ZS,-1,-1,0,-1
2024451457667,2024,451457667,2,9,0,-1,4,3,7,-1,0,0,0,0,0,0,2,1,-1,7,2,49,8,999,1,3,MG ZS,9,E01030947,0,1
2024101408564,2024,101408564,2,9,0,-1,19,8,3,-1,0,8,0,0,0,0,4,1,-1,6,2,21,5,999,1,4,MG ZS,1,E01027451,0,1
2024440466708,2024,440466708,2,9,0,9,9,2,6,0,0,1,0,0,0,0,4,1,6,6,1,37,7,999,1,6,MG ZS,5,E01017016,0,1
2024010540171,2024,010540171,1,9,0,9,9,1,7,0,0,5,0,0,0,0,1,1,6,6,2,38,7,1498,1,0,MG ZS,7,E01032822,0,4
2024461442805,2024,461442805,1,9,0,-1,2,0,0,-1,0,1,0,0,0,0,3,1,-1,2,1,41,7,-1,3,4,MG ZS,9,E01016073,0,2
2024122400363,2024,122400363,1,9,0,3,3,7,3,0,0,0,0,0,0,0,2,1,6,6,2,57,9,1498,1,0,MG ZS,2,E01027852,0,3
2024131488596,2024,131488596,1,9,0,-1,7,1,4,-1,0,1,0,0,0,0,3,1,-1,9,1,24,5,999,1,0,MG ZS,1,E01011348,0,1
2024991532184,2024,991532184,1,9,0,-1,9,3,2,-1,0,8,0,0,0,0,1,1,-1,9,1,38,7,-1,3,1,MG ZS,5,-1,0,1
2024522402517,2024,522402517,3,9,0,3,3,2,6,0,0,0,0,0,0,0,2,1,6,6,1,72,10,999,1,0,MG ZS,3,E01014976,0,1
2024311454300,2024,311454300,1,9,0,-1,19,2,6,-1,0,0,0,0,0,0,1,1,-1,1,2,52,8,-1,3,2,MG ZS,1,E01013867,0,1
2024340WN2192,2024,340WN2192,2,9,0,-1,3,7,3,-1,0,1,0,0,0,0,2,1,-1,9,2,42,7,999,1,3,MG ZS,8,E01027273,0,2
2024061468075,2024,061468075,1,9,0,-1,19,3,7,-1,0,0,0,0,0,0,1,1,-1,9,2,32,6,1498,1,0,MG ZS,1,E01005497,0,1
2024451533533,2024,451533533,3,9,0,-1,19,7,3,-1,0,0,0,0,0,0,2,1,-1,9,1,33,6,-1,3,2,MG ZS,2,E01003918,0,4
2024131454362,2024,131454362,1,9,0,-1,19,1,5,-1,0,0,5,0,0,0,1,1,-1,9,1,25,5,-1,3,3,MG ZS,10,E01011516,0,1
2024471485159,2024,471485159,2,9,0,-1,19,5,1,-1,0,2,0,0,0,0,3,1,-1,9,2,31,6,1498,1,1,MG ZS,6,E01024793,0,3
2024351508038,2024,351508038,1,9,0,-1,9,7,4,-1,0,8,0,0,0,0,3,1,-1,6,2,50,8,-1,3,3,MG ZS,3,E01018092,0,1
2024061489960,2024,061489960,1,9,0,-1,19,8,4,-1,0,0,0,0,0,0,1,1,-1,9,2,77,11,999,1,4,MG ZS,7,E01025485,0,3
2024010499917,2024,010499917,2,9,0,99,99,9,9,99,99,9,9,99,9,99,1,9,6,6,3,53,8,-1,3,2,MG ZS,6,E01001149,0,1
2024010550343,2024,010550343,1,9,0,7,7,8,3,0,0,1,0,0,0,0,2,1,6,6,2,41,7,999,1,4,MG ZS,5,E01002632,0,1
2024010506015,2024,010506015,2,9,9,18,19,3,7,0,0,0,0,0,0,0,9,9,6,6,3,41,7,-1,3,4,MG ZS,3,E01004332,0,1
2024010522213,2024,010522213,2,8,0,6,6,9,9,99,99,0,9,99,9,99,1,9,6,6,3,-1,-1,-1,3,1,MG ZS,-1,-1,0,-1
2024010512337,2024,010512337,1,9,0,18,19,3,7,0,0,8,0,0,0,0,1,1,1,1,1,55,8,-1,3,1,MG ZS,1,E01033873,0,1
2024010504827,2024,010504827,1,8,0,18,19,1,5,0,0,0,0,0,0,0,1,1,6,6,1,60,9,-1,3,2,MG ZS,6,E01003394,0,2
2024440434808,2024,440434808,2,9,0,9,9,1,7,0,0,1,0,0,0,0,3,1,2,2,1,37,7,999,1,3,MG ZS,2,E01017265,0,1
2024371515873,2024,371515873,3,9,0,-1,19,2,6,-1,0,0,0,0,0,0,2,1,-1,6,1,36,7,-1,3,0,MG ZS,9,E01029897,0,2
2024010507434,2024,010507434,2,9,0,7,7,1,4,0,0,1,0,0,0,0,1,1,6,6,2,26,6,-1,3,3,MG ZS,3,E01000088,0,1
2024311492939,2024,311492939,1,9,0,-1,19,4,4,-1,0,0,0,0,0,0,3,1,-1,1,2,33,6,-1,3,1,MG ZS,-1,-1,0,-1
2024010544919,2024,010544919,2,9,0,99,99,9,9,99,99,9,9,99,9,99,9,9,6,6,3,30,6,1498,1,5,MG ZS,5,E01003276,0,3
2024430225818,2024,430225818,1,9,0,18,19,3,7,0,0,8,0,0,0,0,1,1,6,6,1,-1,-1,1498,1,1,MG ZS,-1,-1,0,-1
2024101497004,2024,101497004,2,9,0,-1,3,5,1,-1,0,1,0,0,0,0,2,1,-1,6,2,52,8,1498,1,3,MG ZS,4,E01008211,0,1
2024010519642,2024,010519642,1,8,0,99,99,9,9,99,99,9,9,99,9,99,9,9,6,6,3,-1,-1,-1,3,3,MG ZS,1,E01002026,0,2
2024211534493,2024,211534493,2,9,0,-1,9,3,1,-1,0,0,0,0,0,0,2,1,-1,9,2,54,8,1498,1,2,MG ZS,6,E01034668,0,4
2024010542215,2024,010542215,2,9,0,9,9,3,8,0,0,1,0,0,0,0,1,1,2,2,1,49,8,999,1,0,MG ZS,1,E01001410,0,1
2024421426592,2024,421426592,1,9,0,-1,19,3,7,-1,0,0,0,0,0,0,1,1,-1,9,1,29,6,999,1,5,MG ZS,10,E01021351,0,1
2024451425875,2024,451425875,2,9,0,-1,4,7,5,-1,0,1,0,0,0,0,4,1,-1,1,2,51,8,-1,3,2,MG ZS,10,E01030533,0,1
2024010514422,2024,010514422,1,9,0,18,19,3,7,0,0,9,0,0,0,0,1,1,6,6,1,-1,-1,-1,3,1,MG ZS,-1,-1,0,-1
2024201518287,2024,201518287,1,9,0,-1,1,5,1,-1,0,0,0,0,0,0,2,9,-1,6,2,25,5,999,1,0,MG ZS,1,E01010368,0,1
2024471499488,2024,471499488,1,9,0,-1,3,3,1,-1,0,1,0,0,0,0,4,9,-1,6,1,24,5,999,1,1,MG ZS,1,E01020923,0,1
2024052400667,2024,052400667,1,9,0,18,19,5,1,0,0,0,5,0,0,0,1,1,6,6,1,61,9,999,1,4,MG ZS,10,E01006367,0,1
2024010534229,2024,010534229,1,9,0,18,19,7,3,0,0,2,0,0,0,0,1,1,1,1,1,59,9,-1,3,2,MG ZS,4,E01000333,0,3
2024010499031,2024,010499031,2,9,9,99,99,9,9,99,99,9,9,99,9,99,9,9,6,6,3,-1,-1,999,1,4,MG ZS,-1,-1,0,-1
2024471424735,2024,471424735,2,9,0,-1,19,5,3,-1,0,0,0,0,0,0,1,1,-1,9,2,60,9,-1,3,2,MG ZS,7,E01020970,0,3
2024421504747,2024,421504747,1,9,0,-1,19,8,4,-1,0,0,0,0,7,8,1,1,-1,9,2,40,7,999,1,0,MG ZS,5,E01035166,0,2
2024131524010,2024,131524010,2,9,0,-1,19,1,3,-1,0,8,0,0,0,0,1,1,-1,9,1,36,7,1498,1,0,MG ZS,8,E01011310,0,2
2024421396773,2024,421396773,1,9,0,-1,19,8,4,-1,0,0,0,0,0,0,3,1,-1,9,1,38,7,1498,1,4,MG ZS,3,E01021291,0,1
2024201480540,2024,201480540,1,9,0,-1,9,1,7,-1,0,5,0,0,0,0,1,1,-1,6,1,20,4,999,1,6,MG ZS,-1,-1,0,-1
2024122400087,2024,122400087,1,9,0,18,19,3,7,0,0,0,0,0,0,0,4,1,2,2,1,39,7,-1,3,3,MG ZS,10,E01013380,0,1
2024430139102,2024,430139102,1,9,0,18,19,3,7,0,0,8,0,0,0,0,3,1,6,6,2,40,7,999,1,2,MG ZS,7,E01016331,0,3
2024052400968,2024,052400968,2,9,0,18,19,8,4,0,0,0,0,0,0,0,2,1,6,6,2,45,7,-1,3,3,MG ZS,1,E01006552,0,3
2024332400119,2024,332400119,1,9,0,-1,5,2,6,-1,0,4,0,0,0,0,1,1,-1,9,2,24,5,999,1,1,MG ZS,6,E01025723,0,1
2024010497893,2024,010497893,1,9,0,18,19,3,7,0,0,8,0,0,0,0,1,1,2,2,2,55,8,-1,3,2,MG ZS,5,E01015972,0,2
2024302500043,2024,302500043,2,9,0,-1,-1,2,6,0,0,0,0,4,0,0,1,1,2,2,1,19,4,1796,1,21,MG ZS,9,E01019447,0,1
2024010533358,2024,010533358,1,9,0,9,9,1,6,0,0,1,0,0,0,0,3,1,6,6,2,20,4,999,1,2,MG ZS,10,E01030603,0,2
2024052402168,2024,052402168,2,9,0,18,19,7,3,0,0,0,0,0,0,0,1,1,6,6,2,38,7,1498,1,1,MG ZS,1,E01007086,0,1
2024010539592,2024,010539592,1,9,0,99,99,9,9,99,99,9,9,99,9,99,2,9,6,6,2,59,9,-1,3,4,MG ZS,-1,-1,0,-1
2024311501429,2024,311501429,1,9,0,-1,5,8,4,-1,0,6,0,0,0,0,1,1,-1,6,1,38,7,999,1,0,MG ZS,7,E01028157,0,1
2024010501235,2024,010501235,2,9,0,18,19,1,5,0,0,5,0,0,0,0,1,1,6,6,1,-1,-1,999,1,2,MG ZS,2,E01004665,0,1
2024111471218,2024,111471218,2,9,0,-1,19,5,1,-1,0,8,0,0,0,0,3,1,-1,2,2,23,5,999,1,2,MG ZS,1,E01020909,0,3
2024411495721,2024,411495721,2,9,0,-1,19,3,7,-1,0,6,0,0,0,0,3,1,-1,6,1,50,8,999,1,2,MG ZS,9,E01023289,0,1
2024991443470,2024,991443470,1,9,0,-1,10,5,3,-1,0,1,0,0,4,0,4,1,-1,9,2,67,10,1498,1,0,MG ZS,7,-1,0,1
2024320212937,2024,320212937,2,9,0,-1,-1,4,8,0,0,8,0,0,0,0,3,1,-1,-1,1,64,9,999,1,4,MG ZS,6,E01029944,0,4
2024991527450,2024,991527450,2,9,0,-1,19,6,2,-1,0,0,0,0,0,0,1,1,-1,9,2,51,8,999,1,1,MG ZS,9,-1,0,5
2024122401181,2024,122401181,2,9,0,5,5,5,2,0,0,6,0,0,0,0,1,1,6,6,2,66,10,1498,1,2,MG ZS,5,E01027826,0,1
2024010520192,2024,010520192,1,9,0,99,99,9,9,99,99,9,9,99,9,99,2,9,6,6,2,58,9,999,1,2,MG ZS,8,E01001657,0,3
2024371489614,2024,371489614,2,9,0,-1,19,3,1,-1,0,1,5,0,0,0,4,1,-1,6,1,60,9,1498,1,1,MG ZS,7,E01029898,0,2
2024461486995,2024,461486995,2,9,0,-1,7,1,5,-1,0,6,0,0,0,0,1,1,-1,6,1,41,7,999,1,2,MG ZS,6,E01024716,0,4