collision_index,collision_year,collision_ref_no,vehicle_reference,vehicle_type,towing_and_articulation,vehicle_manoeuvre_historic,vehicle_manoeuvre,vehicle_direction_from,vehicle_direction_to,vehicle_location_restricted_lane_historic,vehicle_location_restricted_lane,junction_location,skidding_and_overturning,hit_object_in_carriageway,vehicle_leaving_carriageway,hit_object_off_carriageway,first_point_of_impact,vehicle_left_hand_drive,journey_purpose_of_driver_historic,journey_purpose_of_driver,sex_of_driver,age_of_driver,age_band_of_driver,engine_capacity_cc,propulsion_code,age_of_vehicle,generic_make_model,driver_imd_decile,lsoa_of_driver,escooter_flag,driver_distance_banding
2024041424345,2024,041424345,2,9,0,-1,4,5,1,-1,0,0,0,0,0,0,2,1,-1,2,1,29,6,-1,3,2,MG ZS,2,E01025237,0,1
2024361460350,2024,361460350,2,9,0,-1,19,3,7,-1,0,0,0,0,1,10,1,1,-1,6,2,36,7,999,1,2,MG ZS,5,E01026729,0,3
2024041490898,2024,041490898,2,9,0,-1,19,1,5,-1,0,3,0,0,0,0,4,1,-1,6,2,62,9,-1,3,3,MG ZS,2,E01025291,0,1
2024010499375,2024,010499375,1,9,0,99,99,9,9,99,99,9,9,99,9,99,9,9,6,6,1,38,7,1498,1,6,MG ZS,2,E01034043,0,1
2024522500159,2024,522500159,1,9,0,3,3,4,8,0,0,0,0,0,0,0,2,1,6,6,2,49,8,999,1,0,MG ZS,2,E01014578,0,1
2024061409880,2024,061409880,1,9,-1,-1,19,7,3,-1,0,0,1,0,0,0,1,9,-1,2,2,33,6,999,1,4,MG ZS,10,E01006301,0,3
2024440500109,2024,440500109,2,9,0,2,2,5,1,0,0,2,0,0,0,0,1,1,6,6,2,42,7,999,1,1,MG ZS,7,E01022946,0,1
2024010523837,2024,010523837,2,9,0,99,99,9,9,99,99,9,9,99,9,99,2,9,2,2,1,63,9,-1,3,5,MG ZS,1,E01015771,0,4
2024320256986,2024,320256986,1,9,0,-1,-1,4,8,0,0,8,0,0,0,0,3,1,-1,-1,1,67,10,999,1,1,MG ZS,7,E01013322,0,4
2024201461124,2024,201461124,1,8,0,-1,19,3,7,-1,0,0,0,0,0,0,2,1,-1,1,1,46,8,-1,3,1,MG ZS,1,E01034915,0,1
2024991422664,2024,991422664,2,9,0,-1,19,2,6,-1,0,0,0,0,0,0,1,1,-1,1,1,42,7,-1,3,4,MG ZS,5,-1,0,2
2024231418300,2024,231418300,3,9,0,-1,19,7,4,-1,0,1,0,0,1,11,2,1,-1,6,2,53,8,999,1,2,MG ZS,3,E01032242,0,2
2024041454265,2024,041454265,2,9,0,-1,9,3,7,-1,0,1,0,0,0,0,1,1,-1,2,1,43,7,-1,3,2,MG ZS,3,E01006217,0,3
2024161501174,2024,161501174,2,9,0,-1,19,7,5,-1,0,8,0,0,0,0,4,9,-1,6,2,67,10,1498,1,4,MG ZS,1,E01012856,0,1
2024421464560,2024,421464560,2,9,0,-1,2,0,0,-1,0,0,0,0,0,0,2,1,-1,6,-1,-1,-1,1498,1,1,MG ZS,-1,-1,0,-1
2024052401718,2024,052401718,1,9,0,9,9,5,4,0,0,8,5,0,0,0,4,1,6,6,2,78,11,999,1,1,MG ZS,7,E01006923,0,1
2024332400548,2024,332400548,1,9,0,-1,19,1,5,-1,0,8,0,0,0,0,1,1,-1,9,2,46,8,-1,3,2,MG ZS,8,E01013780,0,1
2024161521430,2024,161521430,1,9,0,-1,19,2,6,-1,0,0,0,0,0,0,1,1,-1,1,1,58,9,999,1,2,MG ZS,8,E01012032,0,4
2024052402499,2024,052402499,2,9,0,18,19,1,5,0,0,1,0,0,0,0,1,1,6,6,1,27,6,1498,1,1,MG ZS,8,W01000279,0,4
2024041450637,2024,041450637,2,9,0,-1,19,1,5,-1,0,1,0,0,0,0,1,1,-1,6,2,30,6,-1,3,0,MG ZS,6,E01025486,0,1
202454E415024,2024,54E415024,1,9,0,18,19,6,2,0,0,0,0,0,0,0,1,1,2,2,2,45,7,999,1,4,MG ZS,7,E01015552,0,1
2024421497096,2024,421497096,2,9,0,-1,4,2,6,-1,0,4,0,0,0,0,2,1,-1,9,2,31,6,1498,1,0,MG ZS,7,E01021952,0,1
2024610048624,2024,610048624,1,9,0,6,6,1,1,0,0,0,0,0,0,0,1,1,2,2,1,34,6,999,1,4,MG ZS,6,W01001241,0,4
2024991440716,2024,991440716,2,9,0,-1,19,3,7,-1,0,2,0,0,0,0,1,1,-1,2,2,32,6,1498,1,6,MG ZS,-1,-1,0,-1
2024430191225,2024,430191225,2,9,0,18,19,4,8,0,0,1,0,0,0,0,1,1,6,6,1,-1,-1,-1,3,4,MG ZS,4,E01030852,0,4
2024440185428,2024,440185428,4,9,0,2,2,0,0,0,0,0,0,0,0,0,2,1,6,6,3,-1,-1,999,1,2,MG ZS,-1,-1,0,-1
2024440500060,2024,440500060,1,9,0,9,9,5,3,0,0,6,0,0,0,0,3,1,6,6,2,29,6,999,1,5,MG ZS,6,E01017070,0,1
2024061409762,2024,061409762,2,9,-1,-1,-1,-1,-1,-1,-1,-1,-1,-1,-1,0,-1,9,-1,6,2,29,6,1498,1,2,MG ZS,1,E01005077,0,1
2024131497875,2024,131497875,1,9,0,-1,7,7,7,-1,0,1,0,10,1,11,1,1,-1,6,1,22,5,-1,3,3,MG ZS,3,E01010789,0,2
2024440390884,2024,440390884,2,9,0,4,4,4,8,0,0,1,0,0,0,0,2,1,6,6,3,-1,-1,-1,3,0,MG ZS,-1,-1,0,-1
2024430056070,2024,430056070,1,9,0,13,13,4,8,0,0,0,0,0,7,0,3,1,6,6,1,44,7,999,1,1,MG ZS,2,E01007968,0,5
2024451401838,2024,451401838,1,9,0,-1,19,3,1,-1,0,0,0,0,0,0,4,1,-1,6,1,60,9,-1,3,4,MG ZS,9,E01030758,0,3
2024010537474,2024,010537474,2,9,0,18,19,5,1,0,0,0,0,0,0,0,1,1,6,6,1,23,5,999,1,3,MG ZS,3,E01001367,0,2
2024070505499,2024,070505499,2,9,0,3,3,6,2,0,0,1,0,0,0,0,1,1,6,6,2,22,5,1498,1,1,MG ZS,3,E01012432,0,2
2024070368058,2024,070368058,1,9,0,9,9,6,4,0,0,8,0,0,0,0,1,1,6,6,1,26,6,1498,1,1,MG ZS,2,E01018701,0,3
2024361394878,2024,361394878,1,9,0,-1,19,5,1,-1,0,0,0,0,0,0,1,1,-1,9,1,41,7,999,1,6,MG ZS,7,E01026941,0,2
2024221509443,2024,221509443,3,9,0,-1,4,8,4,-1,0,0,0,0,0,0,2,9,-1,6,1,51,8,1498,1,1,MG ZS,7,E01009880,0,4
2024010511877,2024,010511877,1,9,0,9,9,7,5,0,0,4,0,0,0,0,3,1,3,7,2,44,7,-1,3,2,MG ZS,6,E01004174,0,1
2024010535604,2024,010535604,1,9,0,1,1,3,7,9,9,0,0,0,0,0,0,1,1,1,1,50,8,-1,3,1,MG ZS,4,E01015956,0,4
2024471513568,2024,471513568,2,9,0,-1,19,4,8,-1,0,8,0,0,0,0,1,1,-1,2,1,37,7,-1,3,4,MG ZS,6,E01021200,0,2
2024361404960,2024,361404960,1,9,0,-1,19,1,5,-1,0,1,0,0,0,0,1,1,-1,9,1,70,10,1498,1,5,MG ZS,6,E01026886,0,1
2024351398966,2024,351398966,2,9,0,-1,19,4,8,-1,0,0,1,0,1,4,3,9,-1,2,2,46,8,1498,1,6,MG ZS,9,E01018027,0,3
2024371467878,2024,371467878,2,9,0,-1,4,7,3,-1,0,0,0,0,0,0,2,1,-1,9,1,45,7,-1,3,2,MG ZS,7,E01030007,0,1
2024501468479,2024,501468479,1,9,0,-1,19,1,5,-1,0,1,0,0,0,0,1,1,-1,9,1,28,6,1498,1,2,MG ZS,8,E01020110,0,2
2024010540954,2024,010540954,2,9,0,4,4,1,5,0,0,1,0,0,0,0,1,1,6,6,2,44,7,999,1,0,MG ZS,7,E01001071,0,1
2024552400577,2024,552400577,1,9,0,18,19,1,5,0,0,0,0,0,0,0,1,1,6,6,2,58,9,999,1,1,MG ZS,1,E01015281,0,1
2024531519871,2024,531519871,2,9,0,-1,19,1,5,-1,0,1,0,0,0,0,1,1,-1,9,1,53,8,1498,1,4,MG ZS,6,E01022442,0,1
2024371474042,2024,371474042,3,9,0,-1,19,4,1,-1,0,1,0,0,0,0,1,1,-1,6,1,38,7,-1,3,4,MG ZS,10,E01030104,0,2
2024141476255,2024,141476255,3,9,0,-1,19,5,1,-1,0,1,0,0,0,0,1,1,-1,9,2,71,10,1498,1,0,MG ZS,7,E01007834,0,1
2024010542822,2024,010542822,1,9,0,3,3,5,1,0,0,0,0,0,0,0,0,1,1,1,1,50,8,-1,3,4,MG ZS,7,E01002747,0,1
2024061423415,2024,061423415,1,9,0,-1,9,1,5,-1,0,6,0,0,0,0,1,1,-1,9,1,50,8,999,1,5,MG ZS,2,E01006034,0,1
2024010503792,2024,010503792,1,8,0,3,3,2,6,0,0,1,0,0,0,0,4,1,1,1,1,27,6,-1,3,2,MG ZS,2,E01004311,0,1
2024471496380,2024,471496380,1,9,0,-1,14,4,8,-1,0,1,0,0,0,0,1,1,-1,2,1,31,6,1498,1,1,MG ZS,10,E01030624,0,4
2024231404691,2024,231404691,2,9,0,-1,19,8,4,-1,0,0,0,0,0,0,2,1,-1,6,1,24,5,999,1,1,MG ZS,8,E01031182,0,2
2024440034256,2024,440034256,1,9,0,18,19,5,1,0,0,0,0,0,0,0,4,1,3,7,2,46,8,1498,1,2,MG ZS,2,E01022904,0,1
2024201474308,2024,201474308,1,9,0,-1,9,2,8,-1,0,6,0,0,0,0,1,1,-1,6,2,45,7,999,1,6,MG ZS,1,E01009366,0,1
2024221407103,2024,221407103,1,9,0,-1,19,4,8,-1,0,6,0,0,0,0,1,1,-1,6,2,21,5,999,1,1,MG ZS,5,E01028943,0,2
2024421434598,2024,421434598,4,9,0,-1,2,8,2,-1,0,0,0,0,0,0,2,1,-1,9,1,33,6,-1,3,2,MG ZS,5,E01021909,0,2
2024041488047,2024,041488047,1,9,0,-1,9,7,8,-1,0,1,0,0,0,0,3,1,-1,6,2,31,6,1498,1,6,MG ZS,9,E01025281,0,3
2024451408185,2024,451408185,2,9,0,-1,11,7,3,-1,0,0,1,0,1,3,4,1,-1,2,2,34,6,1498,1,5,MG ZS,6,E01030759,0,1
2024010532333,2024,010532333,1,9,9,99,99,9,9,99,99,0,9,99,9,99,9,9,6,6,3,-1,-1,999,1,3,MG ZS,-1,-1,0,-1
2024411464903,2024,411464903,3,9,0,-1,4,1,5,-1,0,3,0,0,0,0,3,1,-1,6,1,43,7,999,1,1,MG ZS,10,E01023408,0,2
2024311512276,2024,311512276,1,9,0,-1,20,2,6,-1,-1,0,0,0,0,0,1,1,-1,9,1,69,10,-1,3,2,MG ZS,1,E01013860,0,1
2024991482310,2024,991482310,1,9,0,-1,19,8,4,-1,0,0,0,0,0,0,1,1,-1,2,2,59,9,1498,1,0,MG ZS,5,-1,0,1
2024010517886,2024,010517886,1,9,9,99,99,9,9,99,99,9,9,99,9,99,9,9,6,6,1,49,8,-1,3,1,MG ZS,9,E01023896,0,2
2024361475583,2024,361475583,1,9,0,-1,19,5,1,-1,-1,0,0,0,1,0,1,1,-1,1,1,48,8,-1,3,3,MG ZS,6,E01026862,0,4
2024041438794,2024,041438794,1,9,0,-1,12,5,7,-1,0,2,0,0,0,0,3,1,-1,9,1,48,8,-1,3,2,MG ZS,1,E01012724,0,1
2024461514613,2024,461514613,3,9,0,-1,2,0,0,-1,0,0,0,0,0,0,3,1,-1,6,-1,-1,-1,1498,1,5,MG ZS,-1,-1,0,-1
2024010527314,2024,010527314,1,9,0,99,99,9,9,99,99,9,9,99,9,99,9,9,6,6,1,28,6,999,1,0,MG ZS,6,E01002062,0,3
2024131518057,2024,131518057,1,9,0,-1,19,3,7,-1,0,1,0,0,0,0,1,1,-1,9,2,75,10,1498,1,2,MG ZS,1,E01011468,0,1
2024131496016,2024,131496016,1,9,0,-1,7,5,1,-1,0,5,0,0,0,0,4,1,-1,6,-1,-1,-1,-1,3,2,MG ZS,-1,-1,0,-1
2024101479277,2024,101479277,2,9,0,-1,4,1,5,-1,0,0,0,0,0,0,2,1,-1,9,2,30,6,1498,1,2,MG ZS,2,E01008699,0,2
2024401514822,2024,401514822,1,9,0,-1,19,5,1,-1,0,1,0,0,0,0,1,1,-1,6,1,56,9,1498,1,1,MG ZS,3,E01017514,0,2
2024141500653,2024,141500653,1,9,0,-1,7,2,6,-1,0,1,0,0,0,0,1,1,-1,6,2,32,6,1498,1,3,MG ZS,6,E01007598,0,2
2024010506887,2024,010506887,1,9,0,99,99,9,9,99,99,9,9,99,9,99,9,9,6,6,2,43,7,1498,1,1,MG ZS,5,E01004419,0,1
2024411510865,2024,411510865,2,9,0,-1,19,4,8,-1,0,0,0,0,0,0,3,1,-1,7,1,25,5,999,1,0,MG ZS,2,E01033880,0,4
2024101444783,2024,101444783,2,9,0,-1,3,7,3,-1,0,1,0,0,0,0,2,1,-1,9,2,42,7,1498,1,6,MG ZS,9,E01008238,0,1
2024991447226,2024,991447226,1,9,0,-1,19,1,5,-1,0,1,0,0,0,0,4,1,-1,9,2,42,7,-1,3,3,MG ZS,-1,-1,0,-1
2024070559628,2024,070559628,1,9,0,7,7,2,6,0,0,1,0,0,0,0,1,1,6,6,1,36,7,1498,1,5,MG ZS,2,E01018445,0,1
2024010509261,2024,010509261,1,9,0,4,4,5,1,7,6,0,0,0,1,0,2,2,6,6,2,34,6,999,1,1,MG ZS,6,E01015937,0,3
2024340WN2742,2024,340WN2742,2,9,0,-1,19,1,5,-1,0,1,0,0,0,0,1,1,-1,9,1,34,6,-1,3,0,MG ZS,8,E01031162,0,3
2024421445078,2024,421445078,1,9,0,-1,19,4,1,-1,0,0,2,0,0,0,1,1,-1,9,1,65,9,-1,3,3,MG ZS,5,E01021644,0,1
2024161451756,2024,161451756,1,9,0,-1,19,8,4,-1,0,8,0,0,0,0,3,1,-1,9,1,36,7,-1,3,3,MG ZS,4,E01012990,0,4
2024201442886,2024,201442886,3,9,0,-1,15,4,8,-1,0,1,0,0,0,0,3,1,-1,6,1,36,7,999,1,0,MG ZS,1,E01010140,0,1
2024131458761,2024,131458761,2,9,0,-1,2,0,0,-1,0,8,0,0,0,0,3,1,-1,6,-1,-1,-1,-1,3,4,MG ZS,-1,-1,0,-1
2024010524231,2024,010524231,2,9,0,99,99,9,9,99,99,9,9,99,9,99,1,9,6,6,3,44,7,999,1,0,MG ZS,3,E01002243,0,1
2024991442717,2024,991442717,3,9,0,-1,7,7,1,-1,0,0,0,0,0,0,4,1,-1,1,2,55,8,1498,1,1,MG ZS,2,-1,0,1
2024471536086,2024,471536086,1,9,0,-1,19,7,6,-1,0,0,1,0,0,0,1,1,-1,9,1,43,7,-1,3,1,MG ZS,6,E01031376,0,3
2024231432985,2024,231432985,2,9,0,-1,4,4,8,-1,0,0,0,0,0,0,2,1,-1,2,2,23,5,999,1,1,MG ZS,4,E01032440,0,4
2024122400672,2024,122400672,2,9,0,4,4,5,1,0,0,0,0,0,0,0,1,1,2,2,2,40,7,999,1,2,MG ZS,6,E01027720,0,1
2024061396353,2024,061396353,3,9,0,-1,3,3,7,-1,0,0,0,0,0,0,2,1,-1,6,2,56,9,999,1,4,MG ZS,10,E01006301,0,1
2024010526168,2024,010526168,1,9,0,9,9,4,2,0,0,7,0,0,1,4,1,1,6,6,2,21,5,999,1,0,MG ZS,5,E01000589,0,2
2024461521415,2024,461521415,1,9,0,-1,19,2,5,-1,0,1,0,0,0,0,1,9,-1,6,1,36,7,1498,1,6,MG ZS,6,E01035002,0,1
2024070479446,2024,070479446,2,9,0,17,19,6,2,0,0,3,0,0,0,0,3,1,6,6,1,60,9,1498,1,1,MG ZS,1,E01012424,0,2
2024421509944,2024,421509944,1,9,0,-1,9,7,4,-1,0,7,0,0,0,0,1,1,-1,6,1,66,10,999,1,1,MG ZS,4,E01003695,0,2
2024451475772,2024,451475772,1,9,0,-1,19,1,1,-1,0,0,0,0,0,0,4,1,-1,6,2,43,7,1498,1,0,MG ZS,-1,-1,0,-1
2024010548621,2024,010548621,1,9,9,18,19,7,3,99,99,0,9,99,9,99,9,1,6,6,3,-1,-1,-1,3,4,MG ZS,-1,-1,0,-1
2024010537563,2024,010537563,1,9,0,99,99,9,9,99,99,9,9,99,9,99,9,1,6,6,3,-1,-1,-1,3,1,MG ZS,-1,-1,0,-1
2024061504207,2024,061504207,2,9,0,-1,2,0,0,-1,0,0,0,0,0,0,3,1,-1,6,-1,-1,-1,1498,1,0,MG ZS,-1,-1,0,-1
2024211502826,2024,211502826,3,9,0,-1,2,0,0,-1,0,2,0,0,0,0,4,1,-1,6,2,56,9,-1,3,3,MG ZS,8,E01029618,0,1
2024010545582,2024,010545582,3,9,0,4,4,5,1,0,0,0,0,0,0,0,2,1,6,6,1,53,8,999,1,1,MG ZS,7,E01030851,0,2
2024052402691,2024,052402691,2,9,0,18,19,6,2,0,0,1,0,0,0,0,1,1,2,2,2,35,6,1498,1,2,MG ZS,4,E01006228,0,4
2024010512679,2024,010512679,2,9,0,99,99,9,9,99,99,9,9,99,9,99,9,9,6,6,3,29,6,1498,1,3,MG ZS,6,E01030729,0,4
2024340WN6332,2024,340WN6332,1,9,0,-1,19,1,5,-1,0,0,1,0,0,0,1,1,-1,9,2,68,10,-1,3,2,MG ZS,10,E01027355,0,4
2024010513777,2024,010513777,2,9,0,9,9,5,3,0,0,1,0,0,0,0,2,1,2,2,1,53,8,999,1,0,MG ZS,5,E01002549,0,3
2024221440605,2024,221440605,2,9,0,-1,19,6,2,-1,0,8,0,0,0,0,4,9,-1,6,1,32,6,-1,3,1,MG ZS,1,E01032250,0,2
2024991497201,2024,991497201,1,9,0,-1,14,4,8,-1,0,8,0,0,0,0,1,1,-1,9,1,80,11,-1,3,3,MG ZS,5,-1,0,1
2024421521592,2024,421521592,2,9,0,-1,19,7,3,-1,0,1,0,0,0,0,4,1,-1,6,2,35,6,1498,1,2,MG ZS,3,E01021339,0,1
2024070995413,2024,070995413,2,9,0,-1,19,4,8,-1,0,1,0,0,0,0,1,1,-1,9,2,33,6,-1,3,4,MG ZS,10,E01029576,0,4
2024622400575,2024,622400575,2,9,0,18,19,6,2,0,0,8,0,0,0,0,1,1,6,6,2,21,5,999,1,3,MG ZS,10,W01001103,0,1
2024041522712,2024,041522712,2,9,0,-1,9,5,3,-1,0,0,1,0,0,0,4,1,-1,9,2,52,8,1499,3,4,MG ZS,9,E01025532,0,1
2024010532326,2024,010532326,1,9,0,99,99,9,9,99,99,9,9,99,9,99,2,9,6,6,2,24,5,999,1,0,MG ZS,3,E01004283,0,1
2024520401981,2024,520401981,2,9,0,18,19,6,1,0,0,0,0,0,0,0,1,1,6,6,1,74,10,1498,1,0,MG ZS,-1,-1,0,-1
2024421492785,2024,421492785,1,9,0,-1,5,8,2,-1,0,4,0,0,0,0,4,1,-1,6,1,38,7,-1,3,2,MG ZS,-1,-1,0,-1
2024101511730,2024,101511730,1,9,0,-1,19,7,3,-1,0,1,0,0,0,0,1,1,-1,6,1,33,6,999,1,0,MG ZS,5,E01033556,0,1
2024052401406,2024,052401406,2,9,0,18,19,3,7,0,0,8,0,0,0,0,3,1,6,6,2,34,6,1498,1,0,MG ZS,5,E01006472,0,1
2024010548496,2024,010548496,2,9,0,9,9,5,3,0,0,8,0,0,0,0,4,1,6,6,1,70,10,999,1,0,MG ZS,10,E01002195,0,1
2024991474106,2024,991474106,1,9,0,-1,19,4,8,-1,0,0,5,4,7,0,1,1,-1,6,1,55,8,1498,1,1,MG ZS,-1,-1,0,-1
2024010504541,2024,010504541,1,9,0,5,5,2,6,9,9,0,0,4,1,10,1,1,6,6,2,77,11,-1,3,2,MG ZS,9,E01000349,0,1
2024451429820,2024,451429820,2,9,0,-1,19,6,2,-1,0,0,0,0,0,0,1,1,-1,9,1,53,8,-1,3,1,MG ZS,9,E01031517,0,2
2024522500059,2024,522500059,1,9,0,7,7,8,2,0,0,5,0,0,0,0,4,1,6,6,1,53,8,1498,1,0,MG ZS,-1,-1,0,-1
2024041446486,2024,041446486,1,9,0,-1,19,1,5,-1,0,1,0,0,0,0,1,1,-1,7,1,45,7,999,1,2,MG ZS,10,E01025278,0,1
2024031433519,2024,031433519,2,5,0,-1,19,8,5,-1,0,8,0,0,0,0,4,1,-1,9,1,63,9,1064,1,15,-1,3,E01019210,0,1
2024221491210,2024,221491210,1,5,0,-1,19,6,1,-1,0,8,0,0,7,0,1,1,-1,9,1,74,10,1064,1,18,-1,5,E01028999,0,3
2024421503961,2024,421503961,1,3,0,-1,19,5,1,-1,0,0,1,0,0,0,3,1,-1,2,1,25,5,125,1,2,-1,9,E01021693,0,1
2024351457865,2024,351457865,2,3,0,-1,4,8,4,-1,0,0,0,0,7,0,2,1,-1,7,1,17,4,125,1,4,-1,6,E01018169,0,2
2024361429235,2024,361429235,2,4,0,-1,19,4,8,-1,0,0,0,0,0,0,1,1,-1,6,1,20,4,125,1,2,-1,3,E01026750,0,3
2024440554371,2024,440554371,2,5,0,13,13,2,6,0,0,0,0,0,0,0,4,1,2,2,1,33,6,125,1,1,-1,3,E01017228,0,1
2024440084802,2024,440084802,1,9,0,18,19,5,1,6,6,0,0,0,0,0,1,1,6,6,1,72,10,1597,1,15,-1,7,E01022589,0,4
2024111409439,2024,111409439,3,5,0,-1,19,7,3,-1,0,1,1,0,0,0,1,1,-1,9,1,31,6,600,1,18,-1,7,E01020709,0,1
2024411461172,2024,411461172,1,5,0,-1,19,8,4,-1,0,0,0,0,0,0,1,1,-1,9,1,19,4,599,1,17,-1,5,E01023827,0,4
2024061419995,2024,061419995,2,5,0,-1,14,7,3,-1,0,1,0,0,0,0,1,1,-1,6,1,20,4,599,1,17,-1,3,E01006009,0,1
2024421472735,2024,421472735,1,5,0,-1,7,5,1,-1,0,0,2,0,1,7,1,1,-1,9,1,41,7,599,1,17,-1,10,E01030124,0,4
2024332401054,2024,332401054,1,5,0,-1,19,3,7,-1,0,2,0,0,0,0,1,1,-1,6,1,26,6,599,1,16,-1,10,E01025651,0,3
2024041431550,2024,041431550,1,5,0,-1,13,3,7,-1,0,0,1,11,7,4,3,1,-1,6,1,31,6,599,1,15,-1,1,E01025041,0,2
2024320493003,2024,320493003,1,5,0,-1,-1,6,4,0,0,8,1,0,0,0,3,1,-1,-1,1,71,10,599,1,17,-1,8,E01013262,0,4
2024430396655,2024,430396655,2,4,0,18,19,4,8,0,0,8,0,0,0,0,1,1,6,6,1,23,5,248,1,11,SUZUKI GW 250,6,E01028638,0,1
2024041504337,2024,041504337,1,4,0,-1,19,7,3,-1,0,0,0,0,0,0,4,1,-1,2,1,27,6,248,1,9,SUZUKI GW 250,1,E01006711,0,3
2024010534675,2024,010534675,1,4,0,18,19,1,5,0,0,2,0,0,0,0,1,1,6,6,1,43,7,248,1,11,SUZUKI GW 250,-1,-1,0,-1
2024231443519,2024,231443519,2,5,0,-1,19,3,8,-1,0,8,0,0,7,0,4,1,-1,6,1,33,6,248,1,10,SUZUKI GW 250,-1,-1,0,-1
2024061436995,2024,061436995,2,4,0,-1,2,1,3,-1,0,8,0,0,0,0,2,1,-1,6,1,75,10,248,1,11,SUZUKI GW 250,1,E01006168,0,1
2024122401121,2024,122401121,2,4,0,4,4,1,5,0,0,0,0,0,0,0,2,1,6,6,1,76,11,248,1,8,SUZUKI GW 250,7,E01013020,0,4
2024010508032,2024,010508032,2,4,0,99,99,9,9,99,99,9,9,99,9,99,9,1,6,6,3,-1,-1,248,1,11,SUZUKI GW 250,-1,-1,0,-1
2024361428094,2024,361428094,2,4,0,-1,19,1,5,-1,0,0,1,0,0,0,3,1,-1,2,1,23,5,248,1,10,SUZUKI GW 250,7,E01026897,0,3
2024010528014,2024,010528014,1,4,0,99,99,9,9,99,99,9,9,99,9,99,0,1,2,2,1,40,7,248,1,10,SUZUKI GW 250,8,E01000768,0,1
2024010551427,2024,010551427,1,4,0,18,19,5,1,0,0,4,0,0,0,0,1,1,6,6,1,50,8,248,1,11,SUZUKI GW 250,3,E01000499,0,1
2024010494599,2024,010494599,1,4,0,18,19,7,3,0,0,0,0,0,1,0,1,1,6,6,1,24,5,248,1,11,SUZUKI GW 250,9,E01003777,0,1
2024622400215,2024,622400215,1,3,0,16,19,6,2,0,0,0,0,0,0,0,1,1,6,6,2,46,8,124,1,11,YAMAHA WR,2,W01000836,0,1
2024440501471,2024,440501471,2,3,0,18,19,5,1,0,0,8,0,0,0,0,1,1,6,6,1,18,4,124,1,10,YAMAHA WR,-1,-1,0,-1
2024631402918,2024,631402918,2,3,0,-1,19,2,6,-1,0,2,0,0,0,0,4,1,-1,1,1,19,4,124,1,14,YAMAHA WR,6,W01000667,0,1
2024361442775,2024,361442775,1,3,0,-1,19,3,8,-1,0,0,0,0,0,0,1,1,-1,6,1,36,7,124,1,8,YAMAHA WR,7,E01026881,0,1
2024070319503,2024,070319503,1,3,0,4,4,6,2,0,0,1,0,0,0,0,1,1,6,6,1,20,4,124,1,13,YAMAHA WR,1,E01029554,0,4
2024311533836,2024,311533836,2,3,0,-1,19,8,4,-1,0,1,0,0,0,0,1,1,-1,2,2,23,5,124,1,10,YAMAHA WR,2,E01027955,0,2
2024461500390,2024,461500390,2,3,0,-1,19,3,7,-1,0,8,0,0,0,0,3,1,-1,9,1,17,4,124,1,11,YAMAHA WR,10,E01024467,0,1
2024461459369,2024,461459369,1,3,0,-1,19,5,1,-1,0,8,0,0,0,0,1,1,-1,6,1,23,5,124,1,14,YAMAHA WR,-1,-1,0,-1
2024161475896,2024,161475896,1,3,0,-1,5,3,7,-1,0,1,1,0,0,0,3,1,-1,2,1,22,5,124,1,9,YAMAHA WR,6,E01012979,0,2
2024501486989,2024,501486989,1,4,0,-1,19,1,5,-1,0,1,0,0,0,0,1,1,-1,9,1,18,4,124,1,15,YAMAHA WR,4,E01019036,0,2
2024211526875,2024,211526875,1,4,0,-1,6,5,4,-1,0,0,1,0,0,0,1,1,-1,9,1,54,8,449,1,6,YAMAHA WR,-1,-1,0,-1
2024041512274,2024,041512274,2,3,0,-1,19,1,5,-1,0,8,0,0,0,0,1,1,-1,2,1,49,8,124,1,13,YAMAHA WR,3,E01025308,0,1
2024440406765,2024,440406765,1,3,0,9,9,6,4,0,0,2,0,0,0,0,2,1,6,6,1,25,5,124,1,8,YAMAHA WR,2,E01022655,0,1
2024371496172,2024,371496172,1,3,0,-1,19,8,4,-1,0,1,0,10,0,0,4,1,-1,2,1,18,4,124,1,15,YAMAHA WR,6,E01030056,0,1
2024421445023,2024,421445023,1,3,0,-1,14,1,5,-1,0,1,0,0,0,0,1,1,-1,1,1,18,4,124,1,12,YAMAHA WR,4,E01021955,0,1
2024531518433,2024,531518433,2,3,0,-1,14,1,5,-1,0,8,0,0,0,0,4,1,-1,6,1,17,4,124,1,14,YAMAHA WR,6,E01022379,0,1
2024440054960,2024,440054960,1,3,0,18,19,8,4,0,0,1,0,0,0,0,1,1,6,6,1,17,4,124,1,11,YAMAHA WR,9,E01022920,0,1
2024320025087,2024,320025087,1,3,0,-1,-1,8,4,0,0,0,5,0,0,0,0,1,6,6,2,20,4,124,1,14,YAMAHA WR,1,E01013141,0,3
2024471450640,2024,471450640,2,4,0,-1,13,7,3,-1,0,0,0,0,0,0,1,1,-1,9,1,18,4,124,1,10,YAMAHA WR,6,E01021034,0,3
2024411539060,2024,411539060,2,3,0,-1,9,8,6,-1,0,8,0,0,0,0,3,1,-1,6,1,22,5,124,1,13,YAMAHA WR,10,E01023497,0,4
2024161398085,2024,161398085,1,3,0,-1,19,7,3,-1,0,0,0,0,0,0,1,1,-1,9,2,20,4,124,1,14,YAMAHA WR,1,E01013141,0,2
2024161447856,2024,161447856,1,3,0,-1,7,6,2,-1,0,5,1,0,0,0,1,1,-1,6,1,25,5,124,1,11,YAMAHA WR,1,E01026074,0,4