collision_index,collision_year,collision_ref_no,vehicle_reference,vehicle_type,towing_and_articulation,vehicle_manoeuvre_historic,vehicle_manoeuvre,vehicle_direction_from,vehicle_direction_to,vehicle_location_restricted_lane_historic,vehicle_location_restricted_lane,junction_location,skidding_and_overturning,hit_object_in_carriageway,vehicle_leaving_carriageway,hit_object_off_carriageway,first_point_of_impact,vehicle_left_hand_drive,journey_purpose_of_driver_historic,journey_purpose_of_driver,sex_of_driver,age_of_driver,age_band_of_driver,engine_capacity_cc,propulsion_code,age_of_vehicle,generic_make_model,driver_imd_decile,lsoa_of_driver,escooter_flag,driver_distance_banding
2024471406956,2024,471406956,1,3,0,-1,19,1,4,-1,0,0,0,0,0,0,1,1,-1,6,1,23,5,124,1,8,YAMAHA WR,3,E01020928,0,1
2024010500127,2024,010500127,1,3,0,18,19,8,4,0,0,0,0,0,0,0,2,1,6,6,1,58,9,124,1,14,YAMAHA WR,2,E01004001,0,1
2024610049424,2024,610049424,1,4,0,4,4,7,3,0,0,0,0,10,0,0,0,1,6,6,1,20,4,124,1,10,YAMAHA WR,4,W01001337,0,2
2024371489672,2024,371489672,2,3,0,-1,19,3,7,-1,0,8,0,0,0,0,4,1,-1,9,1,19,4,124,1,12,YAMAHA WR,6,E01035535,0,3
2024320022849,2024,320022849,1,3,0,-1,-1,6,2,0,0,1,0,0,0,0,1,1,-1,-1,1,18,4,124,1,10,YAMAHA WR,8,E01026171,0,1
2024531436129,2024,531436129,1,3,0,-1,13,6,2,-1,0,1,0,0,0,0,1,1,-1,2,1,20,4,124,1,15,YAMAHA WR,4,E01022326,0,3
2024010529628,2024,010529628,2,3,0,15,15,1,5,0,0,1,0,0,0,0,1,1,6,6,1,33,6,124,1,15,YAMAHA WR,6,E01001163,0,1
2024010532645,2024,010532645,1,3,0,18,19,7,3,0,0,1,0,0,0,0,1,1,1,1,1,47,8,124,1,12,YAMAHA WR,5,E01000162,0,2
2024501436007,2024,501436007,2,4,0,-1,19,2,6,-1,0,8,5,0,0,0,2,1,-1,9,1,38,7,249,1,18,YAMAHA WR,9,E01019907,0,1
2024471434596,2024,471434596,1,3,0,-1,7,5,7,-1,0,4,0,0,0,0,1,1,-1,6,1,19,4,124,1,15,YAMAHA WR,1,E01031427,0,1
2024501468597,2024,501468597,2,3,0,-1,19,8,4,-1,0,8,1,0,0,0,1,1,-1,9,1,19,4,124,1,15,YAMAHA WR,1,E01015149,0,1
2024471461479,2024,471461479,1,3,0,-1,19,1,5,-1,0,0,1,0,0,0,1,1,-1,2,1,25,5,124,1,10,YAMAHA WR,5,E01031606,0,1
2024461531622,2024,461531622,1,3,0,-1,19,3,8,-1,0,0,0,11,0,0,1,1,-1,2,1,18,4,124,1,11,YAMAHA WR,8,E01024545,0,1
2024440438311,2024,440438311,2,3,0,18,19,6,2,0,0,8,0,0,0,0,1,1,6,6,1,22,5,124,1,15,YAMAHA WR,1,E01017331,0,1
2024061517681,2024,061517681,2,4,0,-1,13,7,3,-1,0,8,0,0,0,0,1,1,-1,2,1,-1,-1,124,1,15,YAMAHA WR,-1,-1,0,-1
2024622400839,2024,622400839,1,4,0,18,19,2,8,0,0,3,0,0,0,0,4,1,6,6,1,41,7,124,1,15,YAMAHA WR,3,W01000787,0,1
2024211455409,2024,211455409,1,4,0,-1,19,4,3,-1,0,0,5,0,0,0,1,1,-1,9,1,25,5,450,1,1,YAMAHA WR,-1,-1,0,-1
2024101531543,2024,101531543,2,3,0,-1,7,1,7,-1,0,5,0,0,0,0,4,1,-1,6,1,22,5,124,1,10,YAMAHA WR,3,E01008654,0,1
2024501404606,2024,501404606,1,3,0,-1,19,3,7,-1,0,1,1,0,0,0,0,1,-1,6,1,19,4,124,1,15,YAMAHA WR,1,E01015149,0,1
2024552401517,2024,552401517,1,3,0,13,13,4,8,0,0,8,0,0,0,0,1,1,6,6,1,17,4,124,1,11,YAMAHA WR,3,E01015359,0,1
2024440024116,2024,440024116,2,3,0,18,19,3,7,0,0,8,0,0,0,0,1,1,2,2,1,21,5,124,1,8,YAMAHA WR,3,E01017346,0,1
2024052401002,2024,052401002,1,3,0,18,19,1,5,0,0,1,0,0,0,0,1,1,2,2,1,59,9,124,1,11,YAMAHA WR,1,E01012438,0,3
2024501466109,2024,501466109,1,3,0,-1,13,2,5,-1,0,3,1,0,0,0,1,1,-1,6,1,22,5,124,1,12,YAMAHA WR,5,E01018900,0,1
2024421483243,2024,421483243,1,9,0,-1,19,4,8,-1,0,0,0,0,0,0,1,1,-1,9,1,29,6,4395,1,8,-1,6,E01021768,0,1
2024010497136,2024,010497136,3,9,0,18,19,5,1,0,0,0,0,0,0,0,1,1,6,6,1,21,5,1999,8,4,-1,4,E01023873,0,3
2024302401497,2024,302401497,1,9,0,9,9,4,2,0,0,6,0,0,0,0,1,1,6,6,1,29,6,1984,1,3,CUPRA FORMENTOR,-1,-1,0,-1
2024351544354,2024,351544354,2,9,0,-1,2,0,0,-1,0,0,0,0,0,0,2,1,-1,6,-1,-1,-1,1395,8,1,CUPRA FORMENTOR,-1,-1,0,-1
2024131449994,2024,131449994,3,9,0,-1,8,1,5,-1,0,1,0,0,0,0,1,1,-1,6,1,29,6,1498,1,2,CUPRA FORMENTOR,1,E01011789,0,1
2024010500816,2024,010500816,1,9,9,99,99,9,9,0,0,1,9,99,9,99,9,9,6,6,3,44,7,1498,1,1,CUPRA FORMENTOR,5,E01000792,0,1
2024131477195,2024,131477195,2,9,0,-1,19,1,5,-1,0,8,0,0,0,0,4,1,-1,1,1,44,7,1984,1,3,CUPRA FORMENTOR,3,E01011225,0,2
2024371400156,2024,371400156,4,9,0,-1,19,7,6,-1,0,0,0,0,0,0,1,1,-1,2,1,24,5,1498,1,1,CUPRA FORMENTOR,8,E01030152,0,4
202460Q164195,2024,60Q164195,1,9,0,4,4,6,2,0,0,0,0,0,0,0,1,1,6,6,1,76,11,1395,8,0,CUPRA FORMENTOR,-1,-1,0,-1
2024501460582,2024,501460582,2,9,0,-1,15,3,7,-1,0,0,0,0,0,0,1,1,-1,6,3,-1,-1,1498,1,0,CUPRA FORMENTOR,-1,-1,0,-1
2024401489949,2024,401489949,3,9,0,-1,19,8,4,-1,0,0,0,0,0,0,1,1,-1,6,1,44,7,1498,1,1,CUPRA FORMENTOR,9,E01033313,0,4
2024351538269,2024,351538269,1,9,0,-1,19,3,7,-1,0,0,0,7,5,6,1,1,-1,6,1,64,9,1498,1,2,CUPRA FORMENTOR,9,E01018027,0,4
2024201519220,2024,201519220,2,9,-1,-1,-1,-1,-1,-1,-1,0,-1,-1,-1,0,-1,9,-1,1,2,44,7,1984,1,1,CUPRA FORMENTOR,8,E01009730,0,1
2024010544580,2024,010544580,1,9,0,9,9,7,4,0,0,2,0,0,0,0,1,1,1,1,1,36,7,1984,1,0,CUPRA FORMENTOR,7,E01035490,0,4
2024411450205,2024,411450205,1,9,0,-1,9,6,5,-1,0,1,0,0,0,0,1,1,-1,6,2,46,8,1395,8,1,CUPRA FORMENTOR,9,E01023725,0,1
2024010502596,2024,010502596,2,9,0,18,19,5,1,0,0,0,0,0,0,0,1,1,6,6,1,30,6,1984,1,1,CUPRA FORMENTOR,3,E01000853,0,3
2024201504375,2024,201504375,1,9,0,-1,19,5,1,-1,0,8,0,0,0,0,3,9,-1,6,1,33,6,1498,1,1,CUPRA FORMENTOR,10,E01032144,0,1
2024622400731,2024,622400731,1,9,0,18,19,4,8,0,0,0,0,0,0,0,1,1,6,6,2,35,6,1395,8,1,CUPRA FORMENTOR,7,W01000666,0,3
2024041430627,2024,041430627,1,9,0,-1,19,7,3,-1,0,8,0,0,0,0,1,1,-1,1,2,49,8,1498,1,2,CUPRA FORMENTOR,4,E01025304,0,1
2024041470671,2024,041470671,2,9,0,-1,19,3,7,-1,0,0,0,0,0,0,2,1,-1,9,1,50,8,1498,1,1,CUPRA FORMENTOR,10,E01027719,0,4
2024401418076,2024,401418076,2,9,0,-1,19,6,2,-1,0,0,0,0,0,0,3,1,-1,6,1,18,4,1498,1,2,CUPRA FORMENTOR,4,E01017522,0,1
2024311535538,2024,311535538,1,9,0,-1,19,4,8,-1,9,2,0,0,3,0,1,1,-1,6,1,25,5,1498,1,2,CUPRA FORMENTOR,-1,-1,0,-1
2024201530328,2024,201530328,1,9,0,-1,19,2,6,-1,0,8,0,0,0,0,4,1,-1,9,1,41,7,1498,1,1,CUPRA FORMENTOR,8,E01009644,0,1
2024421531882,2024,421531882,1,9,0,-1,5,4,6,-1,0,8,0,0,0,0,3,1,-1,9,1,67,10,1498,8,0,CUPRA FORMENTOR,8,E01021749,0,1
2024991503202,2024,991503202,2,9,0,-1,19,4,8,-1,0,0,0,0,0,0,1,1,-1,6,1,18,4,1498,1,1,CUPRA FORMENTOR,-1,-1,0,-1
2024430270029,2024,430270029,1,9,0,17,19,5,2,0,0,0,0,0,0,0,3,1,6,6,1,31,6,1498,1,2,CUPRA FORMENTOR,-1,-1,0,-1
2024351514841,2024,351514841,3,9,0,-1,19,5,1,-1,0,0,0,0,0,0,2,1,-1,6,1,34,6,1498,1,2,CUPRA FORMENTOR,1,E01003506,0,4
2024451402028,2024,451402028,2,9,0,-1,99,1,5,-1,2,0,0,0,0,0,9,1,-1,6,1,57,9,1395,8,3,CUPRA FORMENTOR,8,E01004504,0,4
2024061443830,2024,061443830,2,9,0,-1,19,3,7,-1,0,1,0,0,0,0,1,2,-1,1,1,32,6,1395,8,1,CUPRA FORMENTOR,1,E01005953,0,1
2024010523752,2024,010523752,1,9,0,18,19,7,3,0,0,1,0,4,0,0,1,2,6,6,1,20,4,1395,8,0,CUPRA FORMENTOR,4,E01001317,0,1
2024451539909,2024,451539909,3,9,0,-1,3,3,7,-1,0,0,0,0,0,0,2,1,-1,9,1,33,6,1498,1,2,CUPRA FORMENTOR,7,E01030618,0,1
2024471423387,2024,471423387,3,9,0,-1,19,5,1,-1,0,0,0,1,0,0,3,1,-1,9,1,25,5,1498,1,1,CUPRA FORMENTOR,10,E01031681,0,3
2024131496024,2024,131496024,2,9,0,-1,19,7,3,-1,0,1,0,0,4,0,4,1,-1,9,1,55,8,1984,1,3,CUPRA FORMENTOR,5,E01011666,0,1
2024411492990,2024,411492990,2,9,0,-1,3,5,1,-1,0,0,0,0,0,0,2,1,-1,6,2,24,5,1498,1,1,CUPRA FORMENTOR,6,E01023518,0,3
2024010511230,2024,010511230,2,9,0,18,19,5,1,0,0,1,0,0,0,0,3,1,6,6,1,45,7,1498,1,2,CUPRA FORMENTOR,5,E01021814,0,2
2024351540860,2024,351540860,2,9,0,-1,19,5,1,-1,0,4,0,0,0,0,1,1,-1,6,2,61,9,1498,1,2,CUPRA FORMENTOR,7,E01018064,0,2
2024010550152,2024,010550152,2,9,0,18,19,5,1,0,0,0,0,0,0,0,4,1,6,6,1,68,10,1498,1,1,CUPRA FORMENTOR,8,E01000258,0,1
2024371480461,2024,371480461,1,9,0,-1,3,3,7,-1,0,0,0,0,0,0,2,1,-1,1,1,62,9,1395,8,1,CUPRA FORMENTOR,4,E01030133,0,2
2024041485785,2024,041485785,2,9,0,-1,4,1,5,-1,0,0,0,0,0,0,2,1,-1,9,1,28,6,1498,1,1,CUPRA FORMENTOR,8,E01024956,0,2
2024501478451,2024,501478451,2,9,0,-1,19,3,8,-1,0,2,0,0,0,0,3,1,-1,9,1,26,6,1984,1,0,CUPRA FORMENTOR,6,E01021772,0,5
2024461533868,2024,461533868,1,9,0,-1,19,5,1,-1,0,1,0,0,0,0,4,9,-1,9,2,46,8,1498,1,0,CUPRA FORMENTOR,6,E01024152,0,1
2024371532317,2024,371532317,1,9,0,-1,19,5,1,-1,0,0,0,0,0,0,1,1,-1,6,1,32,6,1498,1,2,CUPRA FORMENTOR,3,E01029886,0,1
2024221501296,2024,221501296,1,9,0,-1,9,5,3,-1,0,3,0,0,0,0,1,1,-1,9,1,43,7,1395,8,1,CUPRA FORMENTOR,5,E01032280,0,1
2024522402901,2024,522402901,2,9,0,3,3,2,6,0,0,8,0,0,0,0,2,1,6,6,2,31,6,1395,8,2,CUPRA FORMENTOR,8,E01014740,0,2
2024440511992,2024,440511992,4,9,0,2,2,0,0,6,6,0,0,0,0,0,3,1,6,6,1,-1,-1,1498,1,1,CUPRA FORMENTOR,-1,-1,0,-1
2024101428611,2024,101428611,1,9,0,-1,19,4,8,-1,0,0,0,0,1,0,1,1,-1,9,1,51,8,1395,8,3,CUPRA FORMENTOR,5,E01027517,0,1
2024991493480,2024,991493480,1,9,0,-1,9,5,3,-1,0,6,0,0,0,0,3,1,-1,1,2,47,8,1395,8,0,CUPRA FORMENTOR,7,-1,0,1
2024031487420,2024,031487420,1,9,0,-1,19,3,7,-1,0,0,5,0,0,0,1,9,-1,6,1,39,7,1498,1,1,CUPRA FORMENTOR,-1,-1,0,-1
2024622400602,2024,622400602,2,9,0,2,2,0,0,0,0,0,0,0,0,0,2,1,6,6,3,-1,-1,1984,1,2,CUPRA FORMENTOR,-1,-1,0,-1
2024340WN5412,2024,340WN5412,1,9,0,-1,9,8,5,-1,0,1,1,0,3,0,1,1,-1,9,2,45,7,1395,8,0,CUPRA FORMENTOR,6,E01028437,0,2
2024451515900,2024,451515900,2,9,0,-1,19,3,7,-1,0,1,0,0,7,1,1,1,-1,9,1,59,9,1498,1,1,CUPRA FORMENTOR,4,E01031859,0,5
202460Q055540,2024,60Q055540,2,9,0,5,5,7,3,0,0,0,0,0,0,0,3,1,6,6,2,30,6,1395,8,1,CUPRA FORMENTOR,-1,-1,0,-1
2024991459363,2024,991459363,1,9,0,-1,19,1,5,-1,0,0,5,4,0,0,4,1,-1,9,1,82,11,1498,1,2,CUPRA FORMENTOR,10,-1,0,3
2024411487508,2024,411487508,1,9,-1,-1,-1,-1,-1,-1,-1,-1,-1,-1,-1,0,-1,9,-1,6,1,31,6,1498,1,1,CUPRA FORMENTOR,9,E01023500,0,1
2024010503237,2024,010503237,3,9,0,16,19,1,5,0,0,7,0,0,1,4,3,1,2,2,1,36,7,1395,8,1,CUPRA FORMENTOR,9,E01004171,0,1
2024501532555,2024,501532555,2,9,0,-1,19,6,2,-1,0,1,0,0,0,0,1,1,-1,9,1,22,5,1395,8,0,CUPRA FORMENTOR,2,E01015075,0,1
2024311431231,2024,311431231,2,9,0,-1,19,1,5,-1,0,1,0,0,0,0,1,1,-1,6,2,25,5,1498,1,2,CUPRA FORMENTOR,7,E01034706,0,3
2024221522839,2024,221522839,2,9,0,-1,4,8,4,-1,0,0,0,0,0,0,2,1,-1,9,2,32,6,1498,8,0,CUPRA FORMENTOR,9,E01032400,0,2
2024351482301,2024,351482301,1,9,0,-1,4,1,5,-1,0,0,0,0,0,0,2,1,-1,9,2,64,9,1984,1,3,CUPRA FORMENTOR,9,E01026289,0,1
2024052401851,2024,052401851,1,9,0,18,19,1,5,0,0,0,0,0,0,0,1,1,6,6,1,21,5,1395,8,3,CUPRA FORMENTOR,8,E01006581,0,2
2024010510465,2024,010510465,1,9,0,3,3,7,3,0,0,1,0,0,0,0,2,1,6,6,2,35,6,1498,1,1,CUPRA FORMENTOR,5,E01004366,0,1
2024201520571,2024,201520571,2,9,0,-1,19,5,2,-1,0,3,0,0,0,0,4,1,-1,6,2,54,8,1498,1,0,CUPRA FORMENTOR,6,E01010542,0,1
2024221427344,2024,221427344,1,9,0,-1,19,5,1,-1,0,0,2,0,0,0,4,1,-1,9,1,22,5,1498,1,3,CUPRA FORMENTOR,5,E01032264,0,2
2024522403165,2024,522403165,2,9,0,13,13,2,6,0,0,1,0,0,0,0,4,1,6,6,3,-1,-1,1498,1,3,CUPRA FORMENTOR,-1,-1,0,-1
2024052401253,2024,052401253,1,9,0,18,19,1,5,0,0,6,0,0,0,0,0,1,6,6,1,42,7,1498,1,1,CUPRA FORMENTOR,4,E01006641,0,1
2024471394826,2024,471394826,1,9,0,-1,5,5,2,-1,0,0,0,0,0,0,0,1,-1,9,2,58,9,1498,1,2,CUPRA FORMENTOR,6,E01020986,0,1
2024332400770,2024,332400770,1,9,0,-1,19,8,4,-1,0,0,0,0,0,0,1,1,-1,9,1,41,7,1395,8,0,CUPRA FORMENTOR,6,E01026349,0,1
2024141470864,2024,141470864,1,9,0,-1,19,1,4,-1,0,0,0,0,0,0,3,1,-1,9,1,47,8,1498,1,3,CUPRA FORMENTOR,6,E01007565,0,2
2024631485976,2024,631485976,2,9,0,-1,10,7,3,-1,0,1,0,0,0,0,2,1,-1,9,1,23,5,1498,1,0,CUPRA FORMENTOR,1,E01006606,0,4
2024061463399,2024,061463399,1,9,0,-1,3,-1,-1,-1,0,9,0,0,0,0,2,1,-1,7,2,55,8,1498,1,0,CUPRA FORMENTOR,2,E01005744,0,1
2024991526355,2024,991526355,3,9,0,-1,19,4,7,-1,0,0,0,0,0,0,2,1,-1,9,2,42,7,1498,1,1,CUPRA FORMENTOR,9,-1,0,3
2024061459535,2024,061459535,2,9,0,-1,19,5,1,-1,0,1,0,10,1,2,3,1,-1,8,1,41,7,1984,1,1,CUPRA FORMENTOR,1,E01034113,0,2
2024311476639,2024,311476639,1,9,0,-1,4,8,6,-1,0,8,0,0,0,0,1,1,-1,6,1,50,8,1498,1,1,CUPRA FORMENTOR,6,E01028322,0,2
2024991438527,2024,991438527,2,9,0,-1,2,3,7,-1,0,0,0,0,0,0,2,1,-1,9,1,64,9,1395,8,0,CUPRA FORMENTOR,-1,-1,0,-1
2024231414710,2024,231414710,1,9,0,-1,19,5,1,-1,0,0,0,0,0,0,1,9,-1,6,3,38,7,1498,1,3,CUPRA FORMENTOR,-1,-1,0,-1
2024461522506,2024,461522506,2,9,0,-1,2,0,0,-1,0,0,0,0,0,0,2,1,-1,9,1,58,9,1395,8,1,CUPRA FORMENTOR,6,E01024804,0,2
2024141446774,2024,141446774,1,9,0,-1,19,1,5,-1,0,1,0,0,0,0,3,1,-1,2,2,57,9,1498,1,2,CUPRA FORMENTOR,1,E01007495,0,1
2024101485401,2024,101485401,2,9,0,-1,4,3,7,-1,0,0,0,0,0,0,2,1,-1,2,1,28,6,1498,1,1,CUPRA FORMENTOR,1,E01027412,0,3
2024332401132,2024,332401132,1,9,0,-1,12,4,8,-1,0,0,0,0,0,0,3,1,-1,2,1,24,5,1395,8,0,CUPRA FORMENTOR,2,E01012580,0,5
2024141516911,2024,141516911,2,9,0,-1,5,8,2,-1,0,0,0,0,0,0,1,1,-1,6,1,-1,-1,1498,1,2,CUPRA FORMENTOR,-1,-1,0,-1
2024461406289,2024,461406289,2,9,0,-1,3,5,1,-1,0,0,0,0,0,0,2,9,-1,6,1,28,6,1498,1,1,CUPRA FORMENTOR,4,E01024373,0,2
2024010524795,2024,010524795,1,9,0,99,99,9,9,99,99,0,9,99,9,99,2,9,6,6,1,34,6,1498,1,1,CUPRA FORMENTOR,6,W01001327,0,5
2024440367852,2024,440367852,1,9,0,4,4,6,2,0,0,1,0,0,0,0,2,1,6,6,1,55,8,1498,1,1,CUPRA FORMENTOR,5,E01017097,0,1
2024010543024,2024,010543024,1,9,0,9,9,1,7,0,0,2,0,0,0,0,1,1,2,2,2,47,8,1498,1,0,CUPRA FORMENTOR,-1,-1,0,-1
2024440415410,2024,440415410,1,9,0,9,9,3,7,0,0,5,0,0,0,0,3,1,2,2,1,23,5,1498,1,2,CUPRA FORMENTOR,7,E01030548,0,4
2024461480420,2024,461480420,1,9,0,-1,19,1,5,-1,0,0,0,0,0,0,4,9,-1,6,1,46,8,1498,1,2,CUPRA FORMENTOR,10,E01024327,0,2
2024451520906,2024,451520906,2,9,0,-1,19,2,6,-1,0,1,0,0,0,0,4,1,-1,2,2,59,9,1498,1,1,CUPRA FORMENTOR,7,E01030872,0,1
2024231464810,2024,231464810,2,9,0,-1,5,4,8,-1,0,4,0,0,0,0,2,1,-1,1,1,56,9,1395,8,2,CUPRA FORMENTOR,6,E01028237,0,5
2024320563920,2024,320563920,2,9,0,7,7,2,4,0,0,5,0,0,1,0,3,1,-1,-1,1,26,6,1395,8,0,CUPRA FORMENTOR,3,E01026124,0,1
2024211535691,2024,211535691,5,9,0,-1,19,3,7,-1,0,0,0,0,0,0,2,1,-1,6,2,54,8,1395,8,1,CUPRA FORMENTOR,9,E01029465,0,4
2024421429359,2024,421429359,2,5,0,-1,5,2,6,-1,0,2,1,0,0,0,1,1,-1,6,1,65,9,1450,1,18,-1,2,E01021312,0,2
2024991413806,2024,991413806,1,5,0,-1,19,8,5,-1,0,1,0,0,0,0,4,1,-1,6,1,25,5,782,1,19,HONDA VFR800F,3,-1,0,1
2024622400598,2024,622400598,1,5,0,18,19,2,6,0,0,1,0,0,0,0,1,1,1,1,1,37,7,781,1,26,HONDA VFR800F,4,W01001297,0,1
2024031493474,2024,031493474,1,5,0,-1,19,3,7,-1,0,1,1,0,0,0,4,1,-1,9,1,60,9,781,1,25,HONDA VFR800F,6,E01019319,0,3
2024302400674,2024,302400674,2,5,0,14,14,4,8,0,0,8,0,0,0,0,4,1,6,6,1,57,9,781,1,24,HONDA VFR800F,1,E01013496,0,2
2024010531100,2024,010531100,2,5,0,18,19,1,5,0,0,8,2,0,0,0,1,1,6,6,1,66,10,781,1,27,HONDA VFR800F,4,E01033729,0,1
2024041434854,2024,041434854,1,5,0,-1,14,7,3,-1,0,2,0,0,0,0,1,1,-1,6,1,44,7,800,1,25,HONDA VFR800F,1,E01012670,0,1
2024311480783,2024,311480783,2,5,0,-1,14,6,2,-1,0,1,0,0,0,0,4,1,-1,6,1,57,9,781,1,25,HONDA VFR800F,6,E01028108,0,1
2024991467265,2024,991467265,2,5,0,-1,19,8,4,-1,0,1,0,0,0,0,4,1,-1,9,1,40,7,782,1,21,HONDA VFR800F,8,-1,0,5
2024520402018,2024,520402018,2,5,0,7,7,5,7,0,0,1,0,0,0,0,2,1,6,6,1,36,7,781,1,24,HONDA VFR800F,6,E01032652,0,4
2024522402952,2024,522402952,2,5,0,13,13,1,5,0,0,8,0,0,0,0,1,1,6,6,1,38,7,781,1,25,HONDA VFR800F,4,E01015020,0,3
2024622400500,2024,622400500,1,5,0,18,19,4,8,0,0,0,0,4,0,0,0,1,6,6,3,-1,-1,781,1,24,HONDA VFR800F,-1,-1,0,-1
2024161471086,2024,161471086,1,3,0,-1,19,1,5,-1,0,0,0,0,0,0,1,1,-1,6,1,44,7,718,1,24,HONDA VFR800F,6,E01012882,0,1
2024471456086,2024,471456086,1,5,0,-1,19,1,5,-1,0,0,1,7,3,1,1,1,-1,6,1,34,6,781,1,26,HONDA VFR800F,2,E01021185,0,1
2024221510894,2024,221510894,2,5,0,-1,19,2,6,-1,0,8,1,10,0,0,1,1,-1,2,1,54,8,781,1,22,HONDA VFR800F,8,E01032439,0,2
2024061441861,2024,061441861,2,5,0,-1,19,5,1,-1,0,1,0,0,0,0,1,1,-1,9,1,25,5,781,1,22,HONDA VFR800F,6,E01025384,0,3
2024991417323,2024,991417323,2,5,0,-1,19,1,5,-1,0,1,0,0,0,0,1,1,-1,9,1,43,7,781,1,22,HONDA VFR800F,-1,-1,0,-1
2024421464217,2024,421464217,2,9,0,-1,19,4,1,-1,0,0,0,0,0,0,3,1,-1,9,1,36,7,1975,1,17,HYUNDAI COUPE,5,E01015865,0,4
2024471459247,2024,471459247,3,9,0,-1,5,7,3,-1,0,0,0,0,0,0,2,1,-1,2,1,62,9,1975,1,18,HYUNDAI COUPE,3,E01021062,0,1
2024552401446,2024,552401446,2,9,0,18,19,5,1,0,0,0,0,0,0,0,4,1,2,2,1,35,6,1975,1,16,HYUNDAI COUPE,1,E01020555,0,1
2024421426297,2024,421426297,1,9,0,-1,19,6,2,-1,0,0,0,0,7,0,1,1,-1,9,1,35,6,1975,1,18,HYUNDAI COUPE,-1,-1,0,-1
2024010542203,2024,010542203,3,9,0,2,2,0,0,0,0,2,0,0,0,0,3,1,6,6,3,-1,-1,1975,1,17,HYUNDAI COUPE,-1,-1,0,-1
2024451435044,2024,451435044,2,9,0,-1,4,1,5,-1,0,0,0,0,0,0,1,1,-1,6,1,81,11,1975,1,17,HYUNDAI COUPE,-1,-1,0,-1
2024471465027,2024,471465027,2,9,0,-1,19,6,2,-1,0,0,0,0,0,0,2,1,-1,9,2,21,5,1975,1,15,HYUNDAI COUPE,5,E01021021,0,2
2024461443191,2024,461443191,1,9,5,-1,5,5,5,-1,0,0,1,7,1,11,1,2,-1,1,1,37,7,1975,1,18,HYUNDAI COUPE,8,E01033736,0,4
2024461478273,2024,461478273,1,9,0,-1,19,3,7,-1,0,0,0,0,0,0,1,1,-1,6,1,62,9,1599,1,19,HYUNDAI COUPE,1,E01024658,0,1
2024010533395,2024,010533395,1,9,0,18,19,1,5,9,9,2,0,0,1,10,4,1,6,6,1,-1,-1,1975,1,19,HYUNDAI COUPE,7,E01004635,0,2
2024010532421,2024,010532421,1,9,0,7,7,1,3,0,0,6,0,0,0,0,1,1,2,2,1,46,8,1975,1,17,HYUNDAI COUPE,3,E01001136,0,1
2024520401567,2024,520401567,1,9,0,18,19,4,8,0,0,8,0,0,0,0,1,1,6,6,1,18,4,1975,1,16,HYUNDAI COUPE,6,E01020531,0,4
2024461501914,2024,461501914,2,9,-1,-1,8,1,5,-1,0,1,0,0,0,0,2,9,-1,6,2,27,6,1975,1,19,HYUNDAI COUPE,6,E01024234,0,2
2024440234090,2024,440234090,1,9,0,3,3,6,2,0,0,1,0,0,0,0,2,1,6,6,1,40,7,2656,1,17,HYUNDAI COUPE,5,E01035461,0,4
2024471509159,2024,471509159,1,9,0,-1,19,4,8,-1,0,0,0,4,0,0,1,1,-1,9,1,18,4,1599,1,20,HYUNDAI COUPE,8,E01031418,0,1
2024520500257,2024,520500257,1,9,0,18,19,3,7,0,0,0,0,0,1,10,1,1,6,6,1,50,8,1975,1,15,HYUNDAI COUPE,4,E01021840,0,5
2024231535035,2024,231535035,1,9,0,-1,19,7,1,-1,0,0,0,0,7,4,1,1,-1,6,1,19,4,1975,1,16,HYUNDAI COUPE,9,E01032894,0,2
2024070412612,2024,070412612,2,9,0,18,19,3,7,0,0,0,0,0,0,0,1,1,6,6,1,66,10,1599,1,20,HYUNDAI COUPE,3,E01018464,0,1
2024041528996,2024,041528996,1,9,0,-1,19,5,1,-1,0,1,2,0,7,11,1,1,-1,9,1,41,7,1975,1,17,HYUNDAI COUPE,1,E01007005,0,4
2024010527085,2024,010527085,1,9,0,5,5,2,6,0,0,0,0,0,0,0,1,1,6,6,1,24,5,1599,1,20,HYUNDAI COUPE,10,E01017820,0,2
2024501507796,2024,501507796,2,9,0,-1,2,0,0,-1,0,1,0,0,7,10,1,1,-1,6,1,26,6,2656,1,17,HYUNDAI COUPE,2,E01015176,0,1
2024201454312,2024,201454312,2,9,0,-1,14,1,5,-1,0,8,0,10,3,0,4,1,-1,9,1,64,9,1975,1,17,HYUNDAI COUPE,5,E01009939,0,1
2024501533370,2024,501533370,2,9,0,-1,5,3,7,-1,9,2,1,0,0,0,1,1,-1,1,1,18,4,1975,1,17,HYUNDAI COUPE,8,E01015271,0,1
2024471492680,2024,471492680,1,9,0,-1,13,3,2,-1,0,8,0,0,0,0,3,1,-1,6,1,32,6,1975,1,17,HYUNDAI COUPE,9,E01014748,0,5
202454A057224,2024,54A057224,3,9,0,10,10,2,6,0,0,4,0,0,0,0,1,1,6,6,2,52,8,1086,1,19,HYUNDAI GETZ,1,E01015538,0,1
2024501530077,2024,501530077,1,9,0,-1,19,1,5,-1,0,0,5,0,1,10,4,1,-1,9,2,22,5,1399,1,16,HYUNDAI GETZ,5,E01018936,0,2