collision_index,collision_year,collision_ref_no,vehicle_reference,vehicle_type,towing_and_articulation,vehicle_manoeuvre_historic,vehicle_manoeuvre,vehicle_direction_from,vehicle_direction_to,vehicle_location_restricted_lane_historic,vehicle_location_restricted_lane,junction_location,skidding_and_overturning,hit_object_in_carriageway,vehicle_leaving_carriageway,hit_object_off_carriageway,first_point_of_impact,vehicle_left_hand_drive,journey_purpose_of_driver_historic,journey_purpose_of_driver,sex_of_driver,age_of_driver,age_band_of_driver,engine_capacity_cc,propulsion_code,age_of_vehicle,generic_make_model,driver_imd_decile,lsoa_of_driver,escooter_flag,driver_distance_banding
2024131519365,2024,131519365,1,9,0,-1,-1,-1,-1,-1,-1,-1,-1,-1,-1,-1,-1,1,-1,6,3,-1,-1,1086,1,16,HYUNDAI GETZ,-1,-1,0,-1
2024501442649,2024,501442649,1,9,0,-1,5,7,3,-1,0,0,0,0,0,0,3,9,-1,6,2,57,9,1086,1,20,HYUNDAI GETZ,4,E01020032,0,4
2024201434638,2024,201434638,1,9,0,-1,19,2,6,-1,0,1,0,0,0,0,1,1,-1,6,1,65,9,1493,2,18,HYUNDAI GETZ,-1,-1,0,-1
2024311527439,2024,311527439,2,9,0,-1,3,1,5,-1,0,0,0,0,0,0,2,1,-1,6,2,37,7,1341,1,20,HYUNDAI GETZ,3,E01028166,0,1
2024451516995,2024,451516995,1,9,0,-1,19,5,1,-1,0,0,0,0,0,0,1,1,-1,9,2,77,11,1599,1,20,HYUNDAI GETZ,4,E01030551,0,1
2024371435525,2024,371435525,1,9,0,-1,19,1,5,-1,0,1,0,0,0,0,1,1,-1,6,1,78,11,1341,1,20,HYUNDAI GETZ,7,E01030184,0,1
2024231535172,2024,231535172,1,9,0,-1,19,4,7,-1,0,0,2,0,2,9,1,1,-1,6,1,20,4,1086,1,16,HYUNDAI GETZ,1,E01010102,0,4
2024471456886,2024,471456886,1,9,0,-1,19,4,8,-1,0,6,0,0,0,0,3,1,-1,9,1,51,8,1086,1,18,HYUNDAI GETZ,3,E01016937,0,1
2024052400152,2024,052400152,1,9,0,18,19,7,3,0,0,2,0,0,0,0,1,1,6,6,1,21,5,1086,1,20,HYUNDAI GETZ,8,E01012538,0,4
2024010550710,2024,010550710,1,9,0,18,19,7,3,5,5,8,0,0,0,0,1,1,6,6,1,38,7,1493,2,17,HYUNDAI GETZ,4,E01030481,0,4
2024522402482,2024,522402482,2,9,0,18,19,2,8,0,0,8,0,0,0,0,1,1,6,6,2,32,6,1341,1,19,HYUNDAI GETZ,4,E01014681,0,2
2024131432954,2024,131432954,1,9,0,-1,19,6,3,-1,0,8,0,0,0,0,4,1,-1,7,1,41,7,1086,1,17,HYUNDAI GETZ,9,E01011937,0,1
2024451411953,2024,451411953,1,9,0,-1,19,8,4,-1,0,0,0,0,0,0,1,1,-1,6,1,25,5,1341,1,19,HYUNDAI GETZ,-1,-1,0,-1
2024522403074,2024,522403074,1,9,0,3,3,8,4,0,0,1,0,0,0,0,2,1,6,6,1,30,6,1399,1,17,HYUNDAI GETZ,9,W01001940,0,4
2024231501203,2024,231501203,1,9,0,-1,19,5,1,-1,0,0,0,0,0,0,4,1,-1,2,2,51,8,1086,1,16,HYUNDAI GETZ,7,E01031051,0,1
2024552400104,2024,552400104,2,9,0,18,19,2,6,0,0,8,0,0,0,0,1,1,6,6,1,20,4,1086,1,19,HYUNDAI GETZ,10,E01015315,0,1
2024401397143,2024,401397143,1,9,0,-1,4,1,5,-1,0,1,0,0,0,0,2,1,-1,6,1,51,8,1341,1,19,HYUNDAI GETZ,2,E01015760,0,1
2024231414461,2024,231414461,2,9,0,-1,19,3,7,-1,0,8,0,0,0,0,1,9,-1,1,2,21,5,1086,1,19,HYUNDAI GETZ,7,E01031029,0,1
2024010536276,2024,010536276,1,9,0,10,10,4,1,0,0,2,0,0,0,0,1,1,6,6,2,26,6,1086,1,16,HYUNDAI GETZ,9,E01004511,0,1
2024461520668,2024,461520668,2,9,0,-1,2,0,0,-1,0,0,0,0,0,0,2,1,-1,6,-1,-1,-1,1493,2,16,HYUNDAI GETZ,-1,-1,0,-1
2024440335530,2024,440335530,2,9,0,18,19,3,7,0,0,0,0,0,0,0,1,1,6,6,1,26,6,1086,1,18,HYUNDAI GETZ,7,E01017048,0,1
2024161443780,2024,161443780,1,9,0,-1,19,2,6,-1,0,0,0,0,0,0,3,1,-1,9,1,68,10,1086,1,17,HYUNDAI GETZ,1,E01012856,0,1
2024461418287,2024,461418287,3,9,0,-1,4,6,6,-1,0,0,0,0,0,0,2,1,-1,6,2,48,8,1086,1,17,HYUNDAI GETZ,3,E01024248,0,4
2024461430589,2024,461430589,1,9,0,-1,19,7,3,-1,0,1,0,0,0,0,4,9,-1,9,1,36,7,1086,1,20,HYUNDAI GETZ,3,E01015843,0,4
2024552401408,2024,552401408,1,9,0,9,9,4,1,0,0,5,0,0,0,0,1,1,6,6,2,63,9,1341,1,20,HYUNDAI GETZ,6,E01015460,0,1
2024411463886,2024,411463886,3,9,0,-1,2,0,0,-1,0,1,0,0,0,0,2,1,-1,6,1,47,8,1399,1,16,HYUNDAI GETZ,5,E01023806,0,1
2024461426361,2024,461426361,2,9,0,-1,10,8,3,-1,1,1,0,0,0,0,2,1,-1,9,1,68,10,1086,1,18,HYUNDAI GETZ,6,E01024764,0,3
2024552400456,2024,552400456,1,9,0,5,5,6,2,0,0,0,0,0,0,0,1,1,6,6,3,-1,-1,1086,1,17,HYUNDAI GETZ,-1,-1,0,-1
2024122401298,2024,122401298,3,9,0,2,2,0,0,0,0,1,0,0,0,0,0,1,6,6,3,-1,-1,1086,1,20,HYUNDAI GETZ,-1,-1,0,-1
2024201519386,2024,201519386,1,9,0,-1,5,3,1,-1,0,1,0,0,0,0,1,9,-1,6,2,35,6,1341,1,20,HYUNDAI GETZ,1,E01009733,0,1
2024141406458,2024,141406458,2,9,0,-1,19,2,6,-1,0,0,0,0,0,0,1,1,-1,9,2,37,7,1341,1,19,HYUNDAI GETZ,1,E01007500,0,2
2024471526660,2024,471526660,1,9,0,-1,19,5,1,-1,0,3,0,0,0,0,1,1,-1,6,2,58,9,1086,1,17,HYUNDAI GETZ,5,E01021000,0,1
2024061454174,2024,061454174,3,9,0,-1,2,4,8,-1,0,0,0,0,0,0,1,1,-1,6,-1,-1,-1,1086,1,18,HYUNDAI GETZ,-1,-1,0,-1
2024010515679,2024,010515679,1,9,0,9,9,5,3,0,0,1,0,0,0,0,1,1,6,6,2,46,8,1399,1,16,HYUNDAI GETZ,3,E01001676,0,1
2024101439896,2024,101439896,2,9,0,-1,3,1,5,-1,0,0,0,0,0,0,2,1,-1,2,2,50,8,1399,1,16,HYUNDAI GETZ,1,E01008604,0,1
2024161411137,2024,161411137,1,9,0,-1,9,6,2,-1,0,8,0,0,0,0,1,1,-1,6,1,28,6,1086,1,16,HYUNDAI GETZ,1,E01013212,0,1
2024340NN0222,2024,340NN0222,3,9,0,-1,2,0,0,-1,0,0,0,0,0,0,2,1,-1,6,3,-1,-1,1086,1,17,HYUNDAI GETZ,-1,-1,0,-1
2024471529879,2024,471529879,1,9,0,-1,5,1,7,-1,0,6,1,0,1,0,3,1,-1,6,1,68,10,1399,1,17,HYUNDAI GETZ,8,E01031732,0,1
2024101408564,2024,101408564,1,9,0,-1,7,1,3,-1,0,8,0,0,0,0,1,1,-1,6,2,33,6,1599,1,21,HYUNDAI GETZ,1,E01027542,0,1
2024361407501,2024,361407501,2,9,0,-1,9,8,6,-1,0,8,0,0,0,0,3,1,-1,6,2,32,6,1341,1,20,HYUNDAI GETZ,6,E01033036,0,1
2024201507971,2024,201507971,2,9,0,-1,2,0,0,-1,0,0,0,0,0,0,0,9,-1,6,-1,-1,-1,1399,1,17,HYUNDAI GETZ,-1,-1,0,-1
2024622400589,2024,622400589,3,9,0,1,1,2,6,0,0,1,0,0,0,0,2,1,6,6,1,79,11,1341,1,21,HYUNDAI GETZ,2,W01001872,0,1
2024340WN0212,2024,340WN0212,1,9,0,-1,19,2,6,-1,0,2,0,0,0,4,1,1,-1,6,2,58,9,1399,1,18,HYUNDAI GETZ,6,E01027232,0,1
2024010507412,2024,010507412,2,9,0,18,19,1,5,0,0,8,9,0,0,0,9,9,6,6,3,-1,-1,1399,1,17,HYUNDAI GETZ,-1,-1,0,-1
2024361404367,2024,361404367,1,9,0,-1,19,3,8,-1,0,4,0,0,0,0,1,1,-1,1,2,26,6,1086,1,16,HYUNDAI GETZ,3,E01026802,0,1
2024430396890,2024,430396890,1,9,0,7,7,6,8,0,0,8,0,0,0,0,4,1,6,6,2,32,6,1399,1,18,HYUNDAI GETZ,-1,-1,0,-1
2024340WN4462,2024,340WN4462,1,9,0,-1,19,7,3,-1,0,0,0,0,0,0,1,1,-1,6,1,38,7,1086,1,18,HYUNDAI GETZ,8,E01027194,0,1
2024201464879,2024,201464879,1,9,0,-1,4,3,5,-1,0,0,0,0,0,0,2,1,-1,6,2,37,7,1086,1,16,HYUNDAI GETZ,-1,-1,0,-1
2024010540084,2024,010540084,1,9,0,18,19,5,1,0,0,0,1,0,0,0,1,1,6,6,1,54,8,1399,1,17,HYUNDAI GETZ,2,E01002078,0,2
2024052401546,2024,052401546,1,9,0,1,1,7,2,0,0,6,0,0,0,0,2,1,6,6,1,75,10,1086,1,16,HYUNDAI GETZ,1,E01007011,0,1
2024201474257,2024,201474257,2,9,0,-1,9,5,3,-1,0,5,0,0,0,0,4,1,-1,6,2,25,5,1086,1,17,HYUNDAI GETZ,2,E01009348,0,1
2024991474080,2024,991474080,2,9,0,-1,19,7,3,-1,0,1,0,0,7,0,1,1,-1,9,1,18,4,1341,1,19,HYUNDAI GETZ,3,-1,0,1
2024451508244,2024,451508244,1,9,0,-1,19,3,7,-1,0,0,0,0,0,0,1,1,-1,9,1,23,5,1086,1,18,HYUNDAI GETZ,6,E01035281,0,4
2024231474680,2024,231474680,2,9,0,-1,19,4,8,-1,0,8,0,7,0,0,1,1,-1,6,2,25,5,1086,1,16,HYUNDAI GETZ,1,E01031015,0,1
2024201457757,2024,201457757,2,9,0,-1,9,4,8,-1,0,6,0,0,0,0,3,9,-1,6,2,25,5,1341,1,19,HYUNDAI GETZ,1,E01033890,0,2
2024351424400,2024,351424400,1,9,0,-1,-1,-1,-1,-1,-1,-1,-1,-1,-1,0,1,9,-1,6,1,64,9,1341,1,20,HYUNDAI GETZ,7,E01018276,0,3
2024131397781,2024,131397781,1,9,0,-1,19,4,5,-1,9,2,1,7,2,6,1,1,-1,9,1,44,7,1086,1,20,HYUNDAI GETZ,1,E01034583,0,1
2024010504936,2024,010504936,1,9,0,13,13,5,1,0,0,1,0,0,0,0,0,1,6,6,1,58,9,1341,1,20,HYUNDAI GETZ,-1,-1,0,-1
2024231499491,2024,231499491,1,9,0,-1,19,1,5,-1,0,8,0,0,0,0,1,1,-1,9,2,25,5,1086,1,17,HYUNDAI GETZ,3,E01009596,0,1
2024070137217,2024,070137217,1,9,0,9,9,3,5,0,0,8,0,0,0,0,1,1,6,6,2,72,10,1341,1,22,HYUNDAI GETZ,-1,-1,0,-1
2024610004424,2024,610004424,2,9,0,17,19,6,3,0,0,6,0,0,0,0,1,1,6,6,3,-1,-1,1086,1,17,HYUNDAI GETZ,-1,-1,0,-1
2024010535779,2024,010535779,2,9,0,99,99,9,9,99,99,9,9,99,9,99,2,9,2,2,1,47,8,1086,1,19,HYUNDAI GETZ,6,E01002138,0,1
2024041447248,2024,041447248,2,9,0,-1,4,1,6,-1,0,1,0,0,0,0,2,1,-1,2,2,56,9,1399,1,18,HYUNDAI GETZ,4,E01025556,0,2
2024550024928,2024,550024928,1,9,0,18,19,8,4,0,0,0,1,6,0,0,1,1,6,6,2,24,5,1399,1,18,HYUNDAI GETZ,2,E01020348,0,2
2024361481020,2024,361481020,2,9,0,-1,19,1,5,-1,0,0,0,0,0,0,2,1,-1,9,1,23,5,1341,1,19,HYUNDAI GETZ,2,E01026798,0,3
2024451471636,2024,451471636,1,9,0,-1,19,3,1,-1,0,8,0,0,0,0,1,9,-1,6,1,19,4,1086,1,17,HYUNDAI GETZ,5,E01004099,0,2
2024501470602,2024,501470602,2,9,0,-1,3,3,7,-1,0,2,0,0,0,0,2,9,-1,9,2,19,4,1341,1,19,HYUNDAI GETZ,5,E01020279,0,3
2024010521264,2024,010521264,1,9,0,2,2,0,0,0,0,0,0,0,0,0,1,1,6,6,3,-1,-1,1399,1,19,HYUNDAI GETZ,-1,-1,0,-1
2024131405372,2024,131405372,3,9,0,-1,19,7,3,-1,0,0,0,0,0,0,1,1,-1,6,2,20,4,1086,1,18,HYUNDAI GETZ,5,E01011063,0,1
2024371470758,2024,371470758,1,9,0,-1,5,5,1,-1,0,3,0,0,0,0,1,1,-1,9,1,87,11,1086,1,17,HYUNDAI GETZ,7,E01030294,0,1
2024122500016,2024,122500016,1,9,0,18,19,6,2,0,0,0,0,0,0,0,1,1,2,2,2,37,7,1086,1,16,HYUNDAI GETZ,10,E01027722,0,2
2024351539262,2024,351539262,4,9,0,-1,19,1,5,-1,0,0,0,0,0,0,1,1,-1,6,1,24,5,1086,1,17,HYUNDAI GETZ,4,E01026367,0,5
2024461455099,2024,461455099,2,9,0,-1,3,5,4,-1,0,1,0,0,0,0,3,9,-1,1,2,34,6,1399,1,17,HYUNDAI GETZ,4,E01016100,0,2
2024061425671,2024,061425671,2,9,0,-1,10,1,1,-1,0,0,0,0,0,0,2,2,-1,6,2,46,8,1399,1,17,HYUNDAI GETZ,1,E01005228,0,1
2024471529639,2024,471529639,2,9,0,-1,3,7,3,-1,0,2,0,0,0,0,3,9,-1,9,1,76,11,1086,1,16,HYUNDAI GETZ,3,E01031473,0,2
2024010517607,2024,010517607,1,9,0,5,5,0,3,9,9,0,0,0,0,0,1,1,6,6,2,89,11,1399,1,18,HYUNDAI GETZ,6,E01033592,0,1
2024421474043,2024,421474043,2,9,0,-1,19,4,7,-1,0,1,0,0,0,0,4,1,-1,6,2,36,7,1341,1,19,HYUNDAI GETZ,7,E01015849,0,1
2024440325810,2024,440325810,1,9,0,18,19,5,1,0,0,1,0,0,0,0,1,1,6,6,1,73,10,2720,2,15,JAGUAR XF SERIES,10,E01016429,0,4
2024010507940,2024,010507940,1,9,0,99,99,9,9,99,99,9,9,99,9,99,2,9,6,6,1,28,6,1999,2,8,JAGUAR XF SERIES,2,E01001661,0,1
2024221474836,2024,221474836,2,9,0,-1,19,1,5,-1,0,8,0,0,0,0,3,1,-1,9,2,66,10,2993,2,14,JAGUAR XF SERIES,5,E01014008,0,3
2024211534531,2024,211534531,1,9,0,-1,19,2,6,-1,0,1,0,0,0,0,1,1,-1,6,1,33,6,1999,2,7,JAGUAR XF SERIES,8,E01029762,0,1
2024461408166,2024,461408166,2,9,0,-1,3,2,6,-1,0,0,0,0,0,0,3,9,-1,6,1,42,7,2993,2,15,JAGUAR XF SERIES,1,E01024240,0,1
2024302401327,2024,302401327,1,9,0,18,19,6,2,0,0,2,0,0,0,0,1,1,6,6,1,55,8,1999,2,6,JAGUAR XF SERIES,7,E01019700,0,1
2024631488529,2024,631488529,1,9,0,-1,19,7,3,-1,0,0,0,0,0,0,1,1,-1,9,1,74,10,2179,2,11,JAGUAR XF SERIES,6,E01028902,0,4
2024361488312,2024,361488312,1,9,0,-1,19,6,1,-1,0,0,0,0,0,0,0,9,-1,6,1,-1,-1,1999,2,9,JAGUAR XF SERIES,-1,-1,0,-1
2024302401103,2024,302401103,1,9,0,1,1,6,2,0,0,0,0,0,0,0,2,1,6,6,1,56,9,1999,2,9,JAGUAR XF SERIES,8,E01010515,0,4
2024430450785,2024,430450785,1,9,0,17,19,6,1,0,0,0,0,0,0,0,3,1,6,6,1,71,10,2993,2,14,JAGUAR XF SERIES,7,E01028483,0,1
2024141488797,2024,141488797,1,9,0,-1,19,7,3,-1,0,1,0,0,0,0,1,1,-1,9,1,43,7,2993,2,12,JAGUAR XF SERIES,2,E01007593,0,1
2024351515761,2024,351515761,1,9,0,-1,19,1,5,-1,0,0,0,0,0,0,1,1,-1,6,1,38,7,2179,2,10,JAGUAR XF SERIES,9,E01018240,0,1
2024451447339,2024,451447339,1,9,0,-1,19,7,3,-1,0,0,0,0,0,0,1,1,-1,9,1,76,11,2995,1,11,JAGUAR XF SERIES,10,E01024325,0,4
2024549395724,2024,549395724,1,9,0,5,5,8,4,0,0,6,0,0,0,0,1,1,6,6,2,55,8,2993,2,10,JAGUAR XF SERIES,7,E01031974,0,1
2024320358715,2024,320358715,2,9,0,-1,-1,8,4,0,0,8,0,0,0,0,1,1,-1,-1,2,74,10,2179,2,11,JAGUAR XF SERIES,5,E01026276,0,2
2024141440939,2024,141440939,2,9,0,-1,19,8,4,-1,0,8,0,0,0,0,1,1,-1,9,1,73,10,2179,2,11,JAGUAR XF SERIES,1,E01007328,0,1
2024201439349,2024,201439349,1,9,0,-1,19,7,3,-1,0,8,0,0,0,0,4,1,-1,6,-1,18,4,1997,1,5,JAGUAR XF SERIES,-1,-1,0,-1
2024141428081,2024,141428081,1,9,0,-1,5,3,7,-1,0,2,0,0,0,0,1,1,-1,6,2,49,8,2993,2,15,JAGUAR XF SERIES,8,E01007422,0,1
2024440504698,2024,440504698,1,9,0,14,14,8,4,0,0,0,0,0,0,0,4,1,6,6,1,48,8,2993,2,15,JAGUAR XF SERIES,10,E01034726,0,1
2024061435488,2024,061435488,3,9,0,-1,2,0,0,-1,0,1,0,0,0,0,2,1,-1,6,1,70,10,1999,2,7,JAGUAR XF SERIES,5,E01004833,0,1
2024010500930,2024,010500930,1,8,0,99,99,9,9,99,99,9,9,99,9,99,9,9,1,1,1,37,7,2993,2,8,JAGUAR XF SERIES,7,E01002678,0,2
2024211511125,2024,211511125,1,9,0,-1,9,3,2,-1,0,5,0,0,0,0,1,1,-1,6,1,77,11,2993,2,14,JAGUAR XF SERIES,1,E01029554,0,1
2024101474877,2024,101474877,1,9,0,-1,3,1,5,-1,0,0,0,0,0,0,1,1,-1,6,1,75,10,2179,2,11,JAGUAR XF SERIES,-1,-1,0,-1
2024070899825,2024,070899825,2,9,0,-1,9,3,7,-1,0,0,0,0,0,0,2,1,-1,1,1,32,6,2179,2,10,JAGUAR XF SERIES,2,E01018525,0,1
2024131498433,2024,131498433,2,9,0,-1,2,0,0,-1,0,0,0,0,0,0,3,1,-1,6,-1,-1,-1,2179,2,9,JAGUAR XF SERIES,-1,-1,0,-1
2024401424832,2024,401424832,1,8,0,-1,3,5,1,-1,0,1,0,0,0,0,2,1,-1,6,1,44,7,1999,2,8,JAGUAR XF SERIES,5,E01015762,0,2
2024052400829,2024,052400829,2,9,0,9,9,6,4,0,0,1,0,0,0,0,3,1,6,6,1,60,9,2179,2,10,JAGUAR XF SERIES,10,E01006395,0,3
2024141515920,2024,141515920,1,9,0,-1,19,1,5,-1,0,0,0,0,0,0,2,1,-1,1,1,37,7,2993,2,11,JAGUAR XF SERIES,10,E01007929,0,2
2024211431166,2024,211431166,1,9,0,-1,2,0,0,-1,0,1,0,0,0,0,3,1,-1,6,-1,-1,-1,1999,2,6,JAGUAR XF SERIES,-1,-1,0,-1
2024141500341,2024,141500341,2,9,0,-1,3,5,1,-1,0,1,0,0,0,0,4,9,-1,6,1,66,10,1999,2,8,JAGUAR XF SERIES,2,E01007556,0,2
2024501456686,2024,501456686,1,9,0,-1,4,3,7,-1,0,1,0,0,0,0,2,1,-1,9,1,84,11,1998,2,1,JAGUAR XF SERIES,9,E01022352,0,5
2024361400663,2024,361400663,1,9,0,-1,19,2,6,-1,0,0,0,0,0,0,1,9,-1,6,1,32,6,2179,2,12,JAGUAR XF SERIES,4,E01026884,0,2
2024010545454,2024,010545454,1,9,0,99,99,9,9,0,0,0,9,99,9,99,2,9,1,1,1,36,7,1997,1,1,JAGUAR XF SERIES,7,E01024448,0,4
2024430237915,2024,430237915,2,9,0,7,7,8,1,0,0,5,0,0,0,0,4,1,6,6,1,-1,-1,2179,2,9,JAGUAR XF SERIES,-1,-1,0,-1
2024070703723,2024,070703723,1,9,0,-1,19,7,3,-1,0,0,0,0,0,0,1,1,-1,6,1,64,9,1997,1,1,JAGUAR XF SERIES,8,E01007256,0,3
2024351533952,2024,351533952,2,9,0,-1,9,5,3,-1,0,8,0,0,0,0,4,1,-1,2,2,34,6,2993,2,9,JAGUAR XF SERIES,4,E01015622,0,1
2024471396492,2024,471396492,1,9,0,-1,9,7,5,-1,0,6,0,0,0,0,1,1,-1,2,1,54,8,2993,2,15,JAGUAR XF SERIES,6,E01021022,0,1
2024991528574,2024,991528574,2,9,0,-1,2,0,0,-1,0,0,0,0,0,0,2,1,-1,6,-1,-1,-1,2993,2,14,JAGUAR XF SERIES,-1,-1,0,-1
2024361468041,2024,361468041,1,9,0,-1,19,6,2,-1,0,0,0,0,7,0,1,1,-1,9,1,80,11,2993,2,14,JAGUAR XF SERIES,8,E01025611,0,5
2024440492442,2024,440492442,1,9,0,4,4,6,2,0,0,0,0,0,0,0,2,1,2,2,1,60,9,1998,2,3,JAGUAR XF SERIES,4,E01031980,0,4
2024141432812,2024,141432812,1,9,0,-1,9,2,7,-1,0,5,0,0,0,0,4,1,-1,9,2,40,7,2993,2,10,JAGUAR XF SERIES,1,E01008090,0,1
2024161434577,2024,161434577,1,9,0,-1,19,5,1,-1,0,6,0,0,0,0,1,1,-1,9,2,43,7,1999,2,8,JAGUAR XF SERIES,7,E01012792,0,2
2024141402655,2024,141402655,1,9,0,-1,5,7,2,-1,0,5,0,0,0,0,1,1,-1,9,1,61,9,2993,2,15,JAGUAR XF SERIES,2,E01007784,0,1
2024122500366,2024,122500366,1,9,0,4,4,5,1,0,0,1,0,0,0,0,2,1,6,6,1,36,7,2993,2,12,JAGUAR XF SERIES,7,E01013363,0,1
2024401404845,2024,401404845,1,9,0,-1,19,1,5,-1,0,0,0,0,0,0,1,9,-1,6,1,55,8,2993,2,11,JAGUAR XF SERIES,4,E01017123,0,5
2024041522942,2024,041522942,3,9,0,-1,6,5,1,-1,0,5,0,0,0,0,2,1,-1,9,1,51,8,2179,2,11,JAGUAR XF SERIES,9,E01025257,0,1
2024010526414,2024,010526414,1,9,0,99,99,9,9,99,99,0,9,99,9,99,9,9,6,6,1,34,6,1999,2,9,JAGUAR XF SERIES,6,E01002262,0,1
2024421464048,2024,421464048,4,9,0,-1,19,1,5,-1,0,0,0,0,0,0,1,1,-1,6,1,56,9,1999,2,6,JAGUAR XF SERIES,2,E01028319,0,5
2024451450926,2024,451450926,3,9,0,-1,4,1,5,-1,0,0,0,0,0,0,2,1,-1,7,1,54,8,2179,2,11,JAGUAR XF SERIES,10,E01032707,0,4
2024061402297,2024,061402297,1,9,0,-1,19,6,2,-1,0,1,0,0,0,0,1,1,-1,6,1,47,8,2993,2,11,JAGUAR XF SERIES,4,E01006186,0,1
2024451451927,2024,451451927,2,9,0,-1,7,3,3,-1,5,0,0,0,0,0,1,9,-1,6,1,51,8,2179,2,10,JAGUAR XF SERIES,7,E01031545,0,4
2024031403007,2024,031403007,3,9,0,-1,3,7,3,-1,0,0,0,0,0,0,2,1,-1,9,1,45,7,2993,2,13,JAGUAR XF SERIES,-1,-1,0,-1
2024361405244,2024,361405244,1,9,0,-1,13,5,1,-1,0,0,1,0,0,0,1,1,-1,6,1,56,9,2993,2,11,JAGUAR XF SERIES,7,E01026515,0,1
2024052401419,2024,052401419,1,9,0,18,19,2,6,0,0,1,0,0,0,0,4,1,2,2,1,52,8,1999,2,8,JAGUAR XF SERIES,-1,-1,0,-1
2024041513034,2024,041513034,2,9,0,-1,19,5,1,-1,0,1,0,0,0,0,1,1,-1,1,1,54,8,1999,2,9,JAGUAR XF SERIES,3,E01012715,0,1
2024531452351,2024,531452351,1,9,0,-1,19,1,5,-1,0,0,0,0,0,0,1,1,-1,9,1,35,6,2993,2,12,JAGUAR XF SERIES,3,E01022375,0,1
2024010532152,2024,010532152,2,9,0,99,99,9,9,99,99,9,9,99,9,99,2,9,6,6,3,-1,-1,2993,2,7,JAGUAR XF SERIES,-1,-1,0,-1
2024451532489,2024,451532489,2,9,0,-1,19,1,5,-1,0,1,0,0,0,0,1,1,-1,9,1,76,11,1997,1,5,JAGUAR XF SERIES,10,E01030637,0,3
2024411405206,2024,411405206,2,9,0,-1,19,3,7,-1,0,0,0,0,0,0,1,9,-1,2,1,56,9,2967,1,16,JAGUAR XF SERIES,6,E01023663,0,1
2024010498778,2024,010498778,2,9,0,9,9,1,6,0,0,1,0,0,1,0,2,1,6,6,2,56,9,2179,2,9,JAGUAR XF SERIES,4,E01001148,0,1
2024371441827,2024,371441827,2,9,0,-1,9,1,7,-1,0,0,0,0,0,0,4,1,-1,9,1,51,8,2179,2,11,JAGUAR XF SERIES,10,E01029894,0,2
2024991481725,2024,991481725,1,9,0,-1,4,8,4,-1,0,1,0,4,0,0,1,1,-1,6,1,44,7,2993,2,14,JAGUAR XF SERIES,-1,-1,0,-1
2024320487221,2024,320487221,1,9,0,-1,-1,6,2,0,0,0,0,0,0,0,1,1,-1,-1,1,47,8,2993,2,14,JAGUAR XF SERIES,2,E01035481,0,4
2024332400458,2024,332400458,1,9,0,-1,5,6,2,-1,0,1,0,0,0,0,2,1,-1,6,1,49,8,2967,1,14,JAGUAR XF SERIES,10,E01025774,0,1
2024522401501,2024,522401501,4,9,0,18,19,3,7,0,0,0,0,0,0,0,1,1,6,6,1,42,7,1999,2,8,JAGUAR XF SERIES,4,E01029119,0,4
2024041489652,2024,041489652,2,9,0,-1,7,1,5,-1,0,0,0,0,1,0,1,1,-1,1,1,34,6,2720,2,16,JAGUAR XF SERIES,1,E01025574,0,3
2024440276755,2024,440276755,2,9,0,10,10,5,3,0,0,0,0,0,0,0,2,1,6,6,1,74,10,2993,2,12,JAGUAR XF SERIES,7,E01017329,0,1
2024131447007,2024,131447007,1,9,0,-1,19,7,3,-1,0,0,2,0,5,11,3,1,-1,6,1,30,6,2993,2,13,JAGUAR XF SERIES,8,E01006100,0,4
2024371529530,2024,371529530,1,9,0,-1,19,3,7,-1,0,0,0,0,0,0,1,1,-1,9,1,21,5,2179,2,10,JAGUAR XF SERIES,7,E01034573,0,1
2024501518899,2024,501518899,4,9,0,-1,19,7,3,-1,0,0,1,0,0,0,1,1,-1,2,1,29,6,2993,2,11,JAGUAR XF SERIES,2,E01019055,0,4
2024451454542,2024,451454542,1,9,0,-1,19,5,1,-1,0,0,2,0,1,0,1,1,-1,9,1,59,9,1999,2,8,JAGUAR XF SERIES,8,E01030877,0,2
2024520403214,2024,520403214,1,9,0,7,7,4,6,0,0,8,0,0,0,0,1,1,6,6,1,36,7,1999,2,6,JAGUAR XF SERIES,9,E01031890,0,4
2024631479205,2024,631479205,2,9,0,-1,19,5,1,-1,0,0,0,0,0,0,1,1,-1,9,2,28,6,2179,2,10,JAGUAR XF SERIES,5,W01000528,0,4
2024201516792,2024,201516792,1,9,0,-1,5,5,8,-1,0,1,0,0,0,0,1,1,-1,6,1,30,6,2179,2,12,JAGUAR XF SERIES,-1,-1,0,-1
2024161425775,2024,161425775,1,9,0,-1,19,8,3,-1,0,2,0,0,0,0,3,9,-1,6,2,50,8,2993,2,15,JAGUAR XF SERIES,-1,-1,0,-1
2024451515862,2024,451515862,2,9,0,-1,19,5,1,-1,0,1,0,0,0,0,1,1,-1,2,1,27,6,2179,2,10,JAGUAR XF SERIES,6,E01030451,0,1
2024131469843,2024,131469843,1,9,0,-1,11,1,5,-1,0,0,1,0,0,0,4,1,-1,9,1,67,10,2993,2,11,JAGUAR XF SERIES,3,E01032498,0,1
2024311414190,2024,311414190,1,9,0,-1,9,7,5,-1,0,4,0,0,0,0,1,1,-1,9,1,33,6,2993,2,13,JAGUAR XF SERIES,-1,-1,0,-1