collision_index,collision_year,collision_ref_no,vehicle_reference,vehicle_type,towing_and_articulation,vehicle_manoeuvre_historic,vehicle_manoeuvre,vehicle_direction_from,vehicle_direction_to,vehicle_location_restricted_lane_historic,vehicle_location_restricted_lane,junction_location,skidding_and_overturning,hit_object_in_carriageway,vehicle_leaving_carriageway,hit_object_off_carriageway,first_point_of_impact,vehicle_left_hand_drive,journey_purpose_of_driver_historic,journey_purpose_of_driver,sex_of_driver,age_of_driver,age_band_of_driver,engine_capacity_cc,propulsion_code,age_of_vehicle,generic_make_model,driver_imd_decile,lsoa_of_driver,escooter_flag,driver_distance_banding
2024201441318,2024,201441318,1,9,0,-1,7,3,4,-1,0,6,0,0,0,0,1,1,-1,6,2,35,6,2179,2,12,JAGUAR XF SERIES,2,E01010258,0,1
2024451410431,2024,451410431,4,9,0,-1,19,1,5,-1,0,0,0,0,0,0,1,1,-1,9,1,28,6,1999,2,8,JAGUAR XF SERIES,3,E01027228,0,5
2024052402665,2024,052402665,3,9,0,18,19,2,6,0,0,0,0,0,0,0,2,1,6,6,1,34,6,2179,2,10,JAGUAR XF SERIES,2,E01007208,0,1
2024631453521,2024,631453521,2,9,0,-1,19,5,8,-1,0,0,0,0,0,0,3,1,-1,9,1,30,6,2993,2,15,JAGUAR XF SERIES,8,W01000644,0,4
2024052400991,2024,052400991,3,9,0,2,2,0,0,0,0,1,0,0,0,0,1,1,6,6,3,-1,-1,1999,2,8,JAGUAR XF SERIES,-1,-1,0,-1
2024010532315,2024,010532315,2,9,0,18,19,3,7,0,0,3,0,0,0,0,3,1,6,6,1,34,6,1997,1,5,JAGUAR XF SERIES,7,E01004360,0,1
2024302400273,2024,302400273,2,9,0,17,19,8,6,0,0,0,0,0,0,0,1,1,6,6,1,47,8,2179,2,10,JAGUAR XF SERIES,3,E01019577,0,2
2024411481796,2024,411481796,1,9,0,-1,19,2,5,-1,0,0,0,0,0,0,1,1,-1,9,1,35,6,2179,2,12,JAGUAR XF SERIES,5,E01021844,0,3
2024201440979,2024,201440979,1,9,0,-1,2,0,0,-1,0,8,0,0,0,0,2,1,-1,6,1,46,8,2179,2,10,JAGUAR XF SERIES,-1,-1,0,-1
2024041509984,2024,041509984,2,9,0,-1,9,3,1,-1,0,4,0,0,0,0,1,1,-1,9,1,48,8,2993,2,8,JAGUAR XF SERIES,7,E01012597,0,4
2024052400883,2024,052400883,2,9,0,4,4,3,7,0,0,0,0,0,0,0,2,1,6,6,1,62,9,2993,2,13,JAGUAR XF SERIES,1,E01007124,0,1
2024421515904,2024,421515904,1,9,0,-1,4,8,4,-1,0,0,1,0,0,0,1,1,-1,9,1,81,11,2000,1,7,JAGUAR XF SERIES,10,E01021366,0,1
2024361430672,2024,361430672,2,9,0,-1,9,5,1,-1,0,1,0,0,0,0,3,1,-1,6,2,37,7,2720,2,16,JAGUAR XF SERIES,2,E01026596,0,1
2024161447764,2024,161447764,2,9,0,-1,5,4,8,-1,0,1,0,0,0,0,4,1,-1,6,1,76,11,2993,2,14,JAGUAR XF SERIES,7,E01013010,0,3
2024141474507,2024,141474507,2,9,0,-1,5,1,5,-1,0,0,0,0,0,0,2,1,-1,9,1,48,8,1999,2,7,JAGUAR XF SERIES,6,E01007586,0,1
2024471509083,2024,471509083,3,9,0,-1,19,6,2,-1,0,0,0,0,0,0,2,1,-1,9,1,58,9,2993,2,14,JAGUAR XF SERIES,9,E01031356,0,1
2024440466982,2024,440466982,2,9,0,9,9,6,4,0,0,6,0,0,0,0,3,1,6,6,1,67,10,2179,2,8,JAGUAR XF SERIES,4,E01024031,0,5
2024010527089,2024,010527089,1,9,0,18,19,5,1,0,0,8,0,0,0,0,1,1,6,6,3,-1,-1,2967,1,16,JAGUAR XF SERIES,-1,-1,0,-1
2024221499641,2024,221499641,1,9,0,-1,19,4,8,-1,0,0,5,0,0,0,3,1,-1,6,1,37,7,2179,2,9,JAGUAR XF SERIES,3,E01032461,0,3
2024010522920,2024,010522920,1,9,0,18,19,1,5,0,0,8,0,0,0,0,4,1,2,2,1,60,9,4196,1,16,JAGUAR XF SERIES,9,E01000156,0,3
2024320717141,2024,320717141,1,9,0,-1,-1,5,1,0,0,4,0,0,0,0,3,1,-1,-1,1,51,8,2179,2,12,JAGUAR XF SERIES,1,E01018107,0,3
2024052401711,2024,052401711,1,9,0,18,19,8,4,0,0,4,0,0,0,0,0,1,6,6,3,-1,-1,2993,2,15,JAGUAR XF SERIES,-1,-1,0,-1
2024471534274,2024,471534274,1,9,0,-1,9,7,5,-1,0,0,0,0,0,0,1,1,-1,6,1,30,6,2993,2,13,JAGUAR XF SERIES,4,E01031344,0,3
2024010551314,2024,010551314,1,9,0,4,4,5,1,0,0,0,0,4,0,0,1,1,6,6,1,41,7,1999,2,8,JAGUAR XF SERIES,2,E01033713,0,1
2024231518749,2024,231518749,1,9,0,-1,19,7,2,-1,0,8,1,0,8,0,2,1,-1,9,1,63,9,2993,2,14,JAGUAR XF SERIES,8,E01026993,0,3
2024411480067,2024,411480067,1,9,0,-1,19,6,2,-1,0,8,0,0,0,0,1,1,-1,9,1,57,9,2993,2,10,JAGUAR XF SERIES,9,E01035761,0,4
2024401408811,2024,401408811,2,9,0,-1,19,-1,-1,-1,0,0,0,0,0,0,3,9,-1,9,1,35,6,2993,2,13,JAGUAR XF SERIES,9,E01023718,0,3
2024141433570,2024,141433570,2,9,0,-1,9,1,7,-1,0,1,0,0,1,0,4,1,-1,6,1,79,11,2993,2,13,JAGUAR XF SERIES,3,E01007777,0,1
2024201486213,2024,201486213,1,9,0,-1,5,2,4,-1,0,4,0,0,0,0,1,9,-1,6,1,53,8,1997,1,6,JAGUAR XF SERIES,2,E01009981,0,1
2024411515642,2024,411515642,1,9,0,-1,1,7,3,-1,0,1,0,0,0,0,2,1,-1,6,1,60,9,1999,2,8,JAGUAR XF SERIES,10,E01023948,0,1
2024231417601,2024,231417601,1,9,0,-1,9,3,1,-1,0,6,0,0,0,0,4,1,-1,6,2,36,7,2179,2,9,JAGUAR XF SERIES,4,E01031231,0,1
2024010535507,2024,010535507,1,9,0,9,9,3,2,0,0,2,0,4,0,0,1,1,6,6,1,44,7,1999,2,8,JAGUAR XF SERIES,5,E01000975,0,2
2024421446201,2024,421446201,2,9,0,-1,19,8,4,-1,0,1,0,0,1,1,3,1,-1,6,2,47,8,2993,2,14,JAGUAR XF SERIES,4,E01021642,0,2
2024351468257,2024,351468257,1,9,0,-1,-1,-1,-1,-1,-1,-1,-1,-1,-1,0,-1,1,-1,6,1,40,7,1999,2,7,JAGUAR XF SERIES,6,E01015688,0,1
2024340WN3542,2024,340WN3542,2,9,0,-1,19,7,3,-1,0,1,0,0,1,0,1,1,-1,6,2,30,6,2993,2,14,JAGUAR XF SERIES,10,E01035405,0,3
2024010487833,2024,010487833,2,9,0,15,15,3,7,0,0,1,0,0,0,0,1,1,6,6,1,40,7,1997,1,5,JAGUAR XF SERIES,3,E01004064,0,2
2024421542492,2024,421542492,1,9,-1,-1,19,5,1,-1,0,0,-1,-1,0,0,1,9,-1,6,1,-1,-1,2993,2,14,JAGUAR XF SERIES,-1,-1,0,-1
2024061467281,2024,061467281,1,9,0,-1,7,1,5,-1,0,7,0,0,0,0,3,1,-1,6,2,47,8,2179,2,11,JAGUAR XF SERIES,-1,-1,0,-1
2024320608513,2024,320608513,1,9,0,-1,-1,8,4,0,0,0,0,0,0,0,1,1,6,6,1,-1,-1,2720,2,16,JAGUAR XF SERIES,-1,-1,0,-1
2024520001692,2024,520001692,1,9,0,5,5,3,7,0,0,8,0,0,0,0,1,1,6,6,2,54,8,1999,2,8,JAGUAR XF SERIES,6,E01014447,0,1
2024311423013,2024,311423013,2,9,0,-1,19,1,1,-1,0,0,1,7,4,0,2,1,-1,2,1,46,8,2179,2,11,JAGUAR XF SERIES,2,E01013907,0,2
2024010541094,2024,010541094,2,9,0,5,5,9,9,99,99,9,9,99,9,99,1,9,6,6,3,-1,-1,2967,1,14,JAGUAR XF SERIES,-1,-1,0,-1
2024371443582,2024,371443582,2,9,0,-1,2,0,0,-1,0,0,0,0,0,0,3,1,-1,6,1,54,8,2993,2,14,JAGUAR XF SERIES,8,E01022005,0,3
2024211466581,2024,211466581,2,9,0,-1,4,2,5,-1,0,0,0,0,0,0,2,1,-1,9,1,32,6,2179,2,11,JAGUAR XF SERIES,7,E01007282,0,4
2024401512751,2024,401512751,1,9,0,-1,19,3,7,-1,0,8,0,0,0,0,1,1,-1,9,1,35,6,2179,2,12,JAGUAR XF SERIES,2,E01015704,0,1
2024122401256,2024,122401256,1,9,0,4,4,7,3,0,0,1,0,0,0,0,2,1,6,6,1,59,9,1999,2,8,JAGUAR XF SERIES,5,E01027796,0,1
2024421493978,2024,421493978,1,9,0,-1,19,5,1,-1,0,0,0,0,1,4,1,1,-1,6,1,52,8,2993,2,15,JAGUAR XF SERIES,7,E01021353,0,2
2024201480098,2024,201480098,1,9,0,-1,10,5,1,-1,0,0,0,0,0,0,3,1,-1,6,1,45,7,2993,2,14,JAGUAR XF SERIES,10,E01009431,0,1
2024311393980,2024,311393980,1,9,0,-1,19,1,5,-1,0,0,0,0,0,0,1,1,-1,9,1,71,10,2179,2,12,JAGUAR XF SERIES,2,E01026046,0,4
2024010515696,2024,010515696,1,9,0,7,7,1,3,0,0,6,0,0,0,0,1,1,6,6,1,50,8,5000,1,13,JAGUAR XF SERIES,9,E01000179,0,2
2024010500655,2024,010500655,1,9,0,18,19,1,5,0,0,2,0,0,0,0,3,1,2,2,1,41,7,2179,2,10,JAGUAR XF SERIES,8,E01000991,0,2
2024141472956,2024,141472956,2,9,0,-1,19,2,5,-1,0,0,0,0,0,0,4,9,-1,6,3,30,6,2720,2,16,JAGUAR XF SERIES,-1,-1,0,-1
2024421455416,2024,421455416,2,9,0,-1,19,6,1,-1,0,8,0,0,0,0,3,1,-1,9,2,77,11,2179,2,10,JAGUAR XF SERIES,3,E01022054,0,3
2024161414755,2024,161414755,1,9,0,-1,19,1,5,-1,0,4,0,0,0,0,1,2,-1,2,2,57,9,1999,2,8,JAGUAR XF SERIES,7,E01035396,0,5
2024201457914,2024,201457914,2,9,0,-1,19,5,1,-1,0,0,0,0,0,0,1,9,-1,9,1,56,9,1999,2,5,JAGUAR XF SERIES,5,E01034325,0,4
2024320312593,2024,320312593,2,9,0,4,4,6,2,0,0,0,0,0,0,0,2,1,6,6,1,53,8,2179,2,11,JAGUAR XF SERIES,4,E01026146,0,2
2024440364475,2024,440364475,2,9,0,18,19,7,3,0,0,0,0,0,0,0,1,1,6,6,1,34,6,2993,2,13,JAGUAR XF SERIES,6,E01035434,0,1
2024141442400,2024,141442400,1,9,0,-1,1,1,5,-1,0,1,0,0,0,0,4,1,-1,9,1,45,7,2179,2,10,JAGUAR XF SERIES,5,E01007640,0,1
2024421445206,2024,421445206,1,9,0,-1,19,5,2,-1,0,0,0,0,1,0,1,1,-1,6,2,61,9,2993,2,7,JAGUAR XF SERIES,3,E01021358,0,4
2024471505596,2024,471505596,2,9,0,-1,19,8,4,-1,0,0,0,0,0,0,1,1,-1,9,1,80,11,1997,1,0,JAGUAR XF SERIES,9,E01032837,0,3
2024131413675,2024,131413675,1,9,0,-1,19,7,3,-1,0,0,0,0,0,0,1,1,-1,6,3,-1,-1,2993,2,12,JAGUAR XF SERIES,-1,-1,0,-1
2024340WN5282,2024,340WN5282,2,9,0,-1,19,7,3,-1,0,4,0,0,0,0,4,1,-1,2,1,58,9,1997,1,6,JAGUAR XF SERIES,6,E01027232,0,1
2024351529138,2024,351529138,1,9,0,-1,13,6,2,-1,0,0,1,0,0,0,0,9,-1,6,1,35,6,2720,2,16,JAGUAR XF SERIES,1,E01026848,0,4
2024211527887,2024,211527887,2,9,0,-1,4,3,7,-1,0,0,0,0,0,0,2,9,-1,6,1,31,6,2179,2,12,JAGUAR XF SERIES,2,E01029426,0,1
2024101523287,2024,101523287,1,9,0,-1,19,2,6,-1,0,0,0,0,0,0,1,1,-1,6,1,-1,-1,2179,2,10,JAGUAR XF SERIES,-1,-1,0,-1
2024031478530,2024,031478530,2,9,0,-1,19,1,2,-1,0,2,0,0,0,0,1,1,-1,6,1,29,6,2179,2,11,JAGUAR XF SERIES,2,E01019234,0,1
2024311444591,2024,311444591,2,9,0,-1,19,3,3,-1,0,0,0,0,0,0,4,2,-1,2,2,57,9,2179,2,10,JAGUAR XF SERIES,2,E01028271,0,1
2024231526672,2024,231526672,2,9,0,-1,19,4,8,-1,0,0,0,0,0,0,0,9,-1,2,1,57,9,2993,2,10,JAGUAR XF SERIES,6,E01031199,0,1
2024041397082,2024,041397082,2,9,0,-1,19,5,3,-1,0,0,0,0,5,0,3,1,-1,6,1,45,7,1999,2,5,JAGUAR XF SERIES,9,E01025553,0,3
2024041449542,2024,041449542,1,9,0,-1,15,1,5,-1,0,0,0,0,0,0,1,1,-1,6,1,56,9,2993,2,12,JAGUAR XF SERIES,5,E01006933,0,1
202460Q104981,2024,60Q104981,2,9,0,18,19,8,4,0,0,1,0,0,0,0,3,1,6,6,1,79,11,1999,2,7,JAGUAR XF SERIES,-1,-1,0,-1
2024010545019,2024,010545019,1,9,3,18,19,7,3,0,0,0,0,0,0,0,4,1,6,6,1,49,8,1999,2,8,JAGUAR XF SERIES,-1,-1,0,-1
2024302401401,2024,302401401,2,9,0,18,19,8,4,0,0,8,1,0,0,0,1,1,6,6,1,42,7,2993,2,13,JAGUAR XF SERIES,8,E01033170,0,1
2024440361914,2024,440361914,3,9,0,18,19,1,5,0,0,0,0,0,0,0,2,1,6,6,1,36,7,2993,2,13,JAGUAR XF SERIES,1,E01017207,0,1
2024201508387,2024,201508387,1,9,0,-1,19,5,1,-1,0,0,0,0,0,0,1,1,-1,6,1,47,8,2179,2,11,JAGUAR XF SERIES,7,E01009811,0,1
2024501440288,2024,501440288,2,9,0,-1,2,0,0,-1,0,2,0,0,0,0,2,1,-1,6,-1,-1,-1,2993,2,12,JAGUAR XF SERIES,-1,-1,0,-1
2024010526008,2024,010526008,1,9,0,99,99,9,9,99,99,9,9,99,9,99,2,9,1,1,2,41,7,1999,2,7,JAGUAR XF SERIES,3,E01002527,0,2
2024440069637,2024,440069637,2,9,0,18,19,2,6,0,0,8,0,0,0,0,3,1,6,6,1,31,6,2179,2,10,JAGUAR XF SERIES,9,E01022926,0,2
2024201502532,2024,201502532,2,9,0,-1,2,0,0,-1,9,0,0,0,0,0,1,1,-1,6,3,-1,-1,2179,2,9,JAGUAR XF SERIES,-1,-1,0,-1
2024061502468,2024,061502468,2,9,0,-1,14,1,1,-1,99,1,9,4,3,0,3,1,-1,6,3,30,6,2720,2,16,JAGUAR XF SERIES,-1,-1,0,-1
2024131528485,2024,131528485,3,9,0,-1,19,7,3,-1,0,1,0,0,0,0,3,1,-1,6,1,50,8,2993,2,13,JAGUAR XF SERIES,1,E01005447,0,4
2024332400936,2024,332400936,1,9,0,-1,19,9,9,-1,0,0,0,0,0,0,1,1,-1,6,3,-1,-1,2179,2,11,JAGUAR XF SERIES,-1,-1,0,-1
2024991519939,2024,991519939,1,9,0,-1,19,6,2,-1,0,3,0,0,0,0,1,1,-1,9,1,67,10,2993,2,10,JAGUAR XF SERIES,3,-1,0,1
202454C923024,2024,54C923024,2,9,0,18,19,6,2,0,0,1,0,0,0,0,1,1,6,6,2,36,7,2993,2,11,JAGUAR XF SERIES,6,E01031989,0,1
2024201466710,2024,201466710,2,9,0,-1,3,3,7,-1,0,0,0,0,0,0,2,1,-1,2,1,63,9,2993,2,10,JAGUAR XF SERIES,3,E01010444,0,1
2024461411832,2024,461411832,2,9,0,-1,3,5,1,-1,0,0,0,0,0,0,2,9,-1,6,1,57,9,2993,2,15,JAGUAR XF SERIES,7,E01032820,0,2
2024471411752,2024,471411752,3,9,0,-1,19,5,1,-1,0,0,0,0,0,0,1,1,-1,9,1,58,9,2967,1,14,JAGUAR XF SERIES,8,E01017069,0,4
2024101480641,2024,101480641,2,9,0,-1,19,1,5,-1,0,4,0,0,0,0,1,1,-1,6,1,26,6,2993,2,12,JAGUAR XF SERIES,2,E01008405,0,1
2024041407658,2024,041407658,2,9,0,-1,19,3,7,-1,0,8,0,0,0,0,1,1,-1,9,1,75,10,2993,2,11,JAGUAR XF SERIES,10,E01018687,0,4
2024471530595,2024,471530595,1,9,0,-1,19,1,5,-1,0,0,0,0,0,0,2,1,-1,6,1,46,8,1999,2,9,JAGUAR XF SERIES,5,E01020968,0,2
2024061527967,2024,061527967,2,9,0,-1,5,5,8,-1,0,1,0,0,0,0,1,1,-1,9,1,61,9,2993,2,13,JAGUAR XF SERIES,10,E01027722,0,4
2024430545301,2024,430545301,1,9,0,13,13,4,8,0,0,0,0,0,0,0,4,1,6,6,3,-1,-1,1999,2,7,JAGUAR XF SERIES,-1,-1,0,-1
2024302400420,2024,302400420,1,9,0,4,4,3,7,0,0,4,0,0,0,0,1,2,6,6,1,54,8,1998,2,1,JAGUAR XF SERIES,9,E01025870,0,4
2024061462882,2024,061462882,1,9,0,-1,19,3,7,-1,0,0,0,0,0,0,1,1,-1,9,1,72,10,2179,2,13,JAGUAR XF SERIES,3,W01000362,0,4
2024052400334,2024,052400334,3,9,0,18,19,5,1,0,0,0,0,0,0,0,2,1,6,6,2,58,9,1999,2,8,JAGUAR XF SERIES,7,E01014081,0,5
2024211413698,2024,211413698,2,9,0,-1,19,4,8,-1,0,0,1,0,1,0,1,1,-1,2,1,29,6,2179,2,13,JAGUAR XF SERIES,3,E01014240,0,3
2024010517654,2024,010517654,1,9,0,1,1,3,7,0,0,8,0,0,0,0,2,1,6,6,1,24,5,1997,1,6,JAGUAR XF SERIES,-1,-1,0,-1
2024451504815,2024,451504815,2,9,0,-1,19,1,5,-1,0,0,0,0,0,0,1,1,-1,2,1,50,8,1997,1,6,JAGUAR XF SERIES,7,E01030472,0,1
2024440554790,2024,440554790,2,9,0,18,19,5,1,0,0,4,0,0,0,0,1,1,6,6,1,-1,-1,1999,2,7,JAGUAR XF SERIES,-1,-1,0,-1
2024371497792,2024,371497792,2,9,0,-1,19,3,7,-1,0,0,0,0,0,0,1,1,-1,9,2,58,9,2993,2,15,JAGUAR XF SERIES,7,E01030101,0,1
2024440112472,2024,440112472,2,9,0,9,9,4,1,0,0,6,0,0,0,0,1,1,6,6,1,70,10,2179,2,12,JAGUAR XF SERIES,2,E01006797,0,5
2024401521066,2024,401521066,1,9,0,-1,9,1,5,-1,0,1,0,0,0,0,1,1,-1,6,1,46,8,1999,2,4,JAGUAR XF SERIES,9,E01017414,0,1
2024101425031,2024,101425031,2,9,0,-1,19,7,3,-1,0,1,0,0,0,0,1,1,-1,9,1,70,10,1998,2,4,JAGUAR XF SERIES,-1,-1,0,-1
2024221492499,2024,221492499,2,9,0,-1,10,6,5,-1,0,8,0,0,0,0,1,1,-1,9,1,61,9,2993,2,15,JAGUAR XF SERIES,2,E01014105,0,1
2024061522625,2024,061522625,1,9,-1,-1,-1,-1,-1,-1,-1,-1,-1,-1,-1,0,-1,9,-1,6,2,49,8,2179,2,13,JAGUAR XF SERIES,1,E01006360,0,1
2024340WN2442,2024,340WN2442,1,9,0,-1,19,4,8,-1,0,2,0,0,0,0,1,1,-1,9,1,32,6,2720,2,15,JAGUAR XF SERIES,1,E01026950,0,1
2024351436030,2024,351436030,3,9,0,-1,4,1,5,-1,0,0,0,0,0,0,1,1,-1,9,1,32,6,2179,2,12,JAGUAR XF SERIES,9,E01030795,0,5
2024201433855,2024,201433855,1,9,0,-1,19,6,8,-1,0,1,0,0,0,0,1,1,-1,6,1,30,6,2720,2,16,JAGUAR XF SERIES,-1,-1,0,-1
2024451460198,2024,451460198,1,9,0,-1,19,7,3,-1,0,2,0,10,1,7,1,1,-1,9,1,52,8,2179,2,12,JAGUAR XF SERIES,9,E01030477,0,1
2024231532437,2024,231532437,2,9,0,-1,19,5,1,-1,0,8,0,0,0,0,1,1,-1,2,2,33,6,2179,2,10,JAGUAR XF SERIES,8,E01035014,0,3
2024501497837,2024,501497837,1,9,0,-1,19,5,1,-1,0,0,0,0,0,0,2,1,-1,6,1,77,11,2993,2,11,JAGUAR XF SERIES,1,E01015256,0,1
2024461516600,2024,461516600,2,9,0,-1,19,1,5,-1,0,1,0,0,1,2,3,1,-1,9,1,52,8,2993,2,13,JAGUAR XF SERIES,-1,-1,0,-1
2024430494749,2024,430494749,1,9,0,18,19,5,1,0,0,0,0,0,1,4,1,1,6,6,1,80,11,2993,2,11,JAGUAR XF SERIES,9,E01028426,0,4
2024161527169,2024,161527169,2,9,0,-1,19,1,6,-1,0,0,0,0,0,0,4,1,-1,6,3,-1,-1,2993,2,15,JAGUAR XF SERIES,-1,-1,0,-1
2024131440086,2024,131440086,1,9,0,-1,9,5,1,-1,0,8,1,0,1,11,1,1,-1,6,1,84,11,1999,2,7,JAGUAR XF SERIES,2,E01011251,0,1
2024010525768,2024,010525768,2,9,0,18,19,4,8,0,0,8,0,0,0,0,3,1,6,6,1,27,6,1999,2,6,JAGUAR XF SERIES,3,E01001311,0,1
2024302400659,2024,302400659,2,9,0,2,2,0,0,0,0,2,0,0,0,0,2,1,6,6,1,71,10,2179,2,12,JAGUAR XF SERIES,8,E01019868,0,1
2024010544558,2024,010544558,2,9,0,99,99,9,9,99,99,9,9,99,9,99,2,9,6,6,3,-1,-1,1999,2,8,JAGUAR XF SERIES,8,E01004149,0,1
2024501478300,2024,501478300,4,9,0,-1,19,3,7,-1,0,0,0,0,0,0,3,1,-1,9,2,61,9,1999,2,6,JAGUAR XF SERIES,4,E01018782,0,3
2024430181440,2024,430181440,2,9,0,4,4,8,4,0,0,1,0,0,0,0,4,1,6,6,1,54,8,1997,1,5,JAGUAR XF SERIES,-1,-1,0,-1
2024351486751,2024,351486751,1,9,0,-1,19,1,5,-1,0,0,0,0,1,0,4,1,-1,6,2,46,8,2993,2,10,JAGUAR XF SERIES,8,E01018136,0,1
2024141428844,2024,141428844,1,9,0,-1,11,1,1,-1,0,0,0,0,0,0,4,1,-1,6,1,77,11,2179,2,9,JAGUAR XF SERIES,5,E01007388,0,1
2024302400687,2024,302400687,1,9,0,16,19,6,1,0,0,0,1,0,0,0,1,1,6,6,1,30,6,2179,2,10,JAGUAR XF SERIES,7,E01019617,0,3
2024401479165,2024,401479165,1,9,0,-1,19,5,1,-1,0,1,0,0,0,0,1,1,-1,6,1,39,7,2967,1,14,JAGUAR XF SERIES,7,E01015719,0,1
2024401518075,2024,401518075,1,9,0,-1,19,1,5,-1,0,0,0,0,1,2,1,1,-1,1,1,31,6,2720,2,16,JAGUAR XF SERIES,5,E01015742,0,3
2024361472819,2024,361472819,1,9,0,-1,19,6,2,-1,9,0,0,0,1,0,1,1,-1,9,1,43,7,2993,2,11,JAGUAR XF SERIES,8,E01026855,0,4
2024141424315,2024,141424315,2,9,0,-1,19,5,1,-1,0,0,0,0,0,0,1,1,-1,9,1,49,8,2179,2,10,JAGUAR XF SERIES,4,E01007607,0,1
2024010511189,2024,010511189,1,9,0,99,99,9,9,0,0,9,9,99,9,99,9,9,6,6,1,71,10,1999,2,6,JAGUAR XF SERIES,10,E01021458,0,3
2024631492470,2024,631492470,1,9,0,-1,19,5,1,-1,0,0,0,0,1,4,1,1,-1,9,1,71,10,2720,2,16,JAGUAR XF SERIES,4,W01000456,0,2
2024471514361,2024,471514361,2,9,0,-1,10,8,4,-1,0,8,0,0,0,0,3,1,-1,9,1,75,10,2720,2,16,JAGUAR XF SERIES,1,E01020912,0,1
2024471428349,2024,471428349,2,9,0,-1,19,5,1,-1,0,0,0,0,0,0,0,1,-1,9,2,54,8,2993,2,14,JAGUAR XF SERIES,7,E01021094,0,3
2024451425175,2024,451425175,1,9,0,-1,19,7,3,-1,0,0,0,0,0,0,1,1,-1,9,1,75,10,2179,2,10,JAGUAR XF SERIES,5,E01029053,0,5
2024061526953,2024,061526953,1,8,0,-1,7,3,5,-1,0,8,0,0,0,0,2,1,-1,1,1,30,6,1999,2,8,JAGUAR XF SERIES,1,E01006240,0,2
2024501399671,2024,501399671,2,9,0,-1,2,0,0,-1,0,0,0,4,0,0,2,9,-1,6,1,61,9,2993,2,15,JAGUAR XF SERIES,3,E01015069,0,1
2024440402700,2024,440402700,1,9,0,9,9,3,1,0,0,8,0,0,0,0,1,1,6,6,1,83,11,2967,1,14,JAGUAR XF SERIES,6,E01017273,0,1
2024010499430,2024,010499430,1,9,0,9,9,5,2,0,0,5,0,0,0,0,4,1,6,6,1,48,8,1999,2,9,JAGUAR XF SERIES,8,E01000388,0,1
2024451493900,2024,451493900,1,9,0,-1,19,4,8,-1,0,1,0,0,0,0,1,1,-1,6,1,31,6,2179,2,11,JAGUAR XF SERIES,10,E01030671,0,3
2024991416483,2024,991416483,2,9,0,-1,19,6,2,-1,0,0,0,0,7,0,4,1,-1,1,1,53,8,2993,2,11,JAGUAR XF SERIES,-1,-1,0,-1
2024461413620,2024,461413620,1,9,0,-1,19,4,8,-1,0,8,0,0,0,0,1,1,-1,6,1,58,9,2179,2,11,JAGUAR XF SERIES,6,E01024267,0,1
2024070656869,2024,070656869,2,9,0,5,5,1,5,0,0,2,0,0,0,0,3,1,6,6,1,32,6,2993,2,13,JAGUAR XF SERIES,1,E01014273,0,3
2024501533266,2024,501533266,2,9,0,-1,13,6,2,-1,0,1,0,0,7,9,1,1,-1,6,1,76,11,1997,1,6,JAGUAR XF SERIES,4,E01019037,0,4
2024201529977,2024,201529977,1,9,0,-1,19,5,1,-1,0,0,1,0,0,0,4,1,-1,6,-1,-1,-1,2179,2,13,JAGUAR XF SERIES,-1,-1,0,-1
2024371515060,2024,371515060,2,9,0,-1,9,1,5,-1,0,8,0,0,0,0,4,1,-1,1,1,-1,-1,2179,2,11,JAGUAR XF SERIES,3,E01029914,0,4
2024122400583,2024,122400583,1,9,0,18,19,5,1,0,0,4,0,0,0,0,4,1,6,6,1,35,6,2720,2,16,JAGUAR XF SERIES,2,E01027854,0,1
2024201482434,2024,201482434,2,9,0,-1,9,2,6,-1,0,5,0,0,0,0,1,1,-1,9,1,43,7,1999,2,8,JAGUAR XF SERIES,5,E01009521,0,2
2024549238724,2024,549238724,1,9,0,5,5,2,6,0,0,4,0,0,0,0,3,1,6,6,2,18,4,1999,2,8,JAGUAR XF SERIES,1,E01015542,0,1
2024041446486,2024,041446486,3,9,0,-1,3,1,5,-1,0,1,0,0,0,0,2,1,-1,7,1,57,9,2997,2,15,JAGUAR XF SERIES,10,E01025278,0,1
2024302400750,2024,302400750,1,9,0,5,5,1,8,0,0,8,0,0,0,0,3,1,6,6,2,36,7,2720,2,16,JAGUAR XF SERIES,-1,-1,0,-1
2024421534237,2024,421534237,1,9,0,-1,10,-1,-1,-1,99,5,0,4,7,0,9,1,-1,6,1,45,7,2993,2,14,JAGUAR XF SERIES,10,E01021600,0,1
2024544047924,2024,544047924,1,9,0,18,19,1,5,0,0,0,0,0,0,0,3,1,6,6,1,59,9,2993,2,15,JAGUAR XF SERIES,9,E01022340,0,4
2024543102024,2024,543102024,2,9,0,3,3,4,8,0,0,0,0,0,0,0,2,1,6,6,1,33,6,2993,2,10,JAGUAR XF SERIES,8,E01034546,0,4
2024302400671,2024,302400671,1,9,0,9,9,6,4,0,0,2,0,0,0,0,3,1,6,6,1,35,6,2993,2,10,JAGUAR XF SERIES,9,E01019747,0,3