collision_index,collision_year,collision_ref_no,vehicle_reference,vehicle_type,towing_and_articulation,vehicle_manoeuvre_historic,vehicle_manoeuvre,vehicle_direction_from,vehicle_direction_to,vehicle_location_restricted_lane_historic,vehicle_location_restricted_lane,junction_location,skidding_and_overturning,hit_object_in_carriageway,vehicle_leaving_carriageway,hit_object_off_carriageway,first_point_of_impact,vehicle_left_hand_drive,journey_purpose_of_driver_historic,journey_purpose_of_driver,sex_of_driver,age_of_driver,age_band_of_driver,engine_capacity_cc,propulsion_code,age_of_vehicle,generic_make_model,driver_imd_decile,lsoa_of_driver,escooter_flag,driver_distance_banding
2024520402512,2024,520402512,2,9,0,18,19,6,2,0,0,0,5,0,7,11,1,1,6,6,1,71,10,1999,2,8,JAGUAR XF SERIES,8,E01014747,0,3
2024201505968,2024,201505968,3,9,0,-1,19,7,3,-1,0,0,0,0,0,0,1,1,-1,6,1,47,8,2179,2,12,JAGUAR XF SERIES,2,E01010093,0,1
2024622400557,2024,622400557,2,9,0,18,19,4,8,0,0,0,0,0,0,0,4,1,2,2,1,23,5,1999,2,8,JAGUAR XF SERIES,5,W01001056,0,3
2024161475009,2024,161475009,1,9,0,-1,2,0,0,-1,0,0,0,0,0,0,3,1,-1,9,1,25,5,2993,2,10,JAGUAR XF SERIES,7,E01013322,0,3
2024991407357,2024,991407357,1,9,0,-1,7,8,3,-1,0,1,0,0,1,0,4,1,-1,6,3,65,9,1999,2,7,JAGUAR XF SERIES,-1,-1,0,-1
2024101528393,2024,101528393,3,9,0,-1,10,3,7,-1,0,1,0,0,0,0,3,1,-1,9,1,45,7,1997,1,6,JAGUAR XF SERIES,5,E01011275,0,5
2024101430669,2024,101430669,1,9,0,-1,2,5,1,-1,0,0,0,0,0,0,2,1,-1,6,1,80,11,2993,2,14,JAGUAR XF SERIES,9,E01027367,0,4
2024041478610,2024,041478610,2,9,0,-1,19,5,1,-1,0,0,0,0,0,0,1,1,-1,9,1,59,9,2993,2,15,JAGUAR XF SERIES,2,E01025124,0,3
2024131416289,2024,131416289,2,9,0,-1,19,4,2,-1,0,4,0,0,0,0,1,1,-1,9,1,37,7,2993,2,11,JAGUAR XF SERIES,1,E01010611,0,2
2024471497859,2024,471497859,1,9,0,-1,19,7,3,-1,-1,2,0,4,1,0,1,1,-1,6,1,46,8,2993,2,13,JAGUAR XF SERIES,8,E01021081,0,1
2024520402614,2024,520402614,1,9,0,3,3,5,1,0,0,0,0,0,0,0,2,1,6,6,1,28,6,2179,2,13,JAGUAR XF SERIES,6,E01029120,0,2
2024320387392,2024,320387392,1,9,0,-1,-1,2,6,0,0,1,0,0,0,0,1,1,-1,-1,2,36,7,2967,1,14,JAGUAR XF SERIES,4,E01026245,0,3
2024122400112,2024,122400112,1,9,0,13,13,2,6,0,0,0,0,0,7,0,1,1,6,6,1,31,6,2993,2,13,JAGUAR XF SERIES,6,E01027797,0,2
2024430578903,2024,430578903,2,9,0,18,19,2,6,0,0,0,0,0,0,0,1,1,6,6,1,63,9,1999,2,7,JAGUAR XF SERIES,8,W01001058,0,5
2024131478729,2024,131478729,1,9,0,-1,19,4,8,-1,0,0,0,0,0,0,1,1,-1,9,1,49,8,2179,2,11,JAGUAR XF SERIES,1,E01011138,0,3
2024010551312,2024,010551312,1,9,0,7,7,1,4,0,0,1,0,0,1,0,1,1,6,6,1,45,7,1999,2,8,JAGUAR XF SERIES,4,E01003230,0,2
2024320087663,2024,320087663,2,9,0,-1,-1,4,8,0,0,8,0,0,1,0,1,1,-1,-1,1,61,9,1998,2,1,JAGUAR XF SERIES,9,E01026231,0,4
2024041541914,2024,041541914,1,9,0,-1,19,7,3,-1,0,1,0,0,0,0,1,1,-1,6,2,42,7,2179,2,12,JAGUAR XF SERIES,9,E01024947,0,1
2024311525769,2024,311525769,1,9,0,-1,1,7,3,-1,0,6,0,0,0,0,2,1,-1,1,1,24,5,1999,2,6,JAGUAR XF SERIES,-1,-1,0,-1
2024052402028,2024,052402028,1,9,0,18,19,7,3,0,0,8,0,0,0,0,1,1,6,6,2,69,10,2179,2,9,JAGUAR XF SERIES,5,E01007163,0,1
2024041413797,2024,041413797,1,9,0,-1,19,1,5,-1,0,0,1,0,7,4,1,1,-1,6,1,22,5,2993,2,13,JAGUAR XF SERIES,10,E01025341,0,3
2024141456513,2024,141456513,1,9,0,-1,4,7,3,-1,0,0,0,0,0,0,2,1,-1,9,1,43,7,2179,2,9,JAGUAR XF SERIES,1,E01011474,0,4
2024010534417,2024,010534417,1,9,0,18,19,2,6,0,0,1,1,7,3,2,4,1,6,6,1,24,5,1999,2,8,JAGUAR XF SERIES,-1,-1,0,-1
2024451399726,2024,451399726,2,9,0,-1,19,3,7,-1,0,6,0,0,0,0,3,1,-1,6,1,50,8,2179,2,11,JAGUAR XF SERIES,-1,-1,0,-1
2024041451337,2024,041451337,2,5,0,-1,19,7,3,-1,0,1,0,0,0,0,4,1,-1,2,1,48,8,649,1,18,KAWASAKI MODEL MISSING,5,E01025235,0,1
2024320368401,2024,320368401,3,5,0,-1,-1,4,8,0,0,0,0,0,0,0,0,1,-1,-1,1,59,9,899,1,20,KAWASAKI MODEL MISSING,5,E01026279,0,1
2024991416413,2024,991416413,1,5,0,-1,7,5,8,-1,0,0,0,0,0,0,3,1,-1,6,1,33,6,899,1,23,KAWASAKI MODEL MISSING,2,-1,0,4
2024131417451,2024,131417451,1,4,0,-1,19,7,7,-1,0,0,0,0,2,11,1,1,-1,6,1,31,6,450,1,15,KAWASAKI MODEL MISSING,5,E01010991,0,1
2024131459074,2024,131459074,2,5,0,-1,19,8,4,-1,0,3,2,0,1,1,1,1,-1,6,1,66,10,1352,1,13,KAWASAKI MODEL MISSING,7,-1,0,5
2024211475326,2024,211475326,1,5,0,-1,15,1,5,-1,0,0,2,0,1,3,1,1,-1,6,1,69,10,599,1,22,KAWASAKI MODEL MISSING,3,E01029387,0,3
2024991501707,2024,991501707,2,3,0,-1,13,7,2,-1,0,8,1,0,1,10,1,1,-1,9,1,46,8,1199,1,22,KAWASAKI MODEL MISSING,2,-1,0,4
2024052400870,2024,052400870,2,4,0,18,19,7,3,0,0,8,0,0,0,0,1,1,6,6,1,22,5,398,1,32,KAWASAKI MODEL MISSING,8,E01007256,0,2
2024610029324,2024,610029324,3,5,0,16,19,8,3,0,0,0,1,0,0,0,1,1,6,6,1,22,5,1015,1,48,KAWASAKI MODEL MISSING,7,W01001575,0,1
2024101459013,2024,101459013,2,5,0,-1,19,5,1,-1,0,0,0,0,0,0,2,1,-1,9,1,64,9,1600,1,17,KAWASAKI MODEL MISSING,5,E01008643,0,3
2024010508034,2024,010508034,1,5,0,99,99,9,9,99,99,9,9,99,9,99,9,1,6,6,1,45,7,998,1,20,KAWASAKI MODEL MISSING,3,E01000381,0,1
2024991439607,2024,991439607,1,5,0,-1,13,4,8,-1,0,0,1,0,0,0,3,1,-1,9,1,75,10,676,1,22,KAWASAKI MODEL MISSING,7,-1,0,4
2024520402157,2024,520402157,1,4,0,18,19,8,4,0,0,0,0,0,0,0,1,1,6,6,1,59,9,1500,1,21,KAWASAKI MODEL MISSING,4,E01029038,0,1
2024061433662,2024,061433662,2,5,0,-1,19,7,3,-1,0,1,0,0,0,0,1,1,-1,9,1,72,10,598,1,30,KAWASAKI MODEL MISSING,3,E01025379,0,3
2024351458072,2024,351458072,1,5,0,-1,19,7,3,-1,0,0,0,0,1,0,3,1,-1,6,1,53,8,1100,1,30,KAWASAKI MODEL MISSING,4,E01018072,0,4
2024501448577,2024,501448577,2,5,0,-1,19,5,1,-1,0,0,0,0,0,0,1,1,-1,9,1,60,9,1052,1,29,KAWASAKI MODEL MISSING,3,E01022403,0,5
2024471484773,2024,471484773,1,5,0,-1,4,3,7,-1,0,0,0,0,0,0,3,1,-1,1,1,57,9,1500,1,22,KAWASAKI MODEL MISSING,9,E01021132,0,3
2024461441902,2024,461441902,2,5,0,-1,19,5,1,-1,0,1,0,0,0,0,1,1,-1,6,1,35,6,953,1,20,KAWASAKI MODEL MISSING,1,E01024614,0,1
2024070948159,2024,070948159,1,4,0,-1,19,1,5,-1,0,0,0,0,0,0,2,1,-1,2,1,61,9,748,1,27,KAWASAKI MODEL MISSING,4,E01018543,0,1
2024070104507,2024,070104507,1,5,0,17,19,1,5,0,0,3,2,0,0,0,3,1,6,6,1,47,8,600,1,24,KAWASAKI MODEL MISSING,5,E01012398,0,1
2024531463275,2024,531463275,1,4,0,-1,19,2,2,-1,0,0,5,10,1,0,1,1,-1,9,1,74,10,249,1,30,KAWASAKI MODEL MISSING,3,E01022403,0,1
2024542520724,2024,542520724,1,5,0,18,19,4,8,0,0,0,0,0,0,0,1,1,6,6,1,64,9,805,1,21,KAWASAKI MODEL MISSING,10,E01014912,0,4
2024061457373,2024,061457373,1,5,0,-1,1,1,5,-1,9,0,5,0,0,0,3,1,-1,9,1,69,10,592,1,29,KAWASAKI MODEL MISSING,5,E01004983,0,1
2024440041524,2024,440041524,2,5,0,18,19,6,2,0,0,1,0,0,0,0,1,1,6,6,1,51,8,599,1,32,KAWASAKI MODEL MISSING,7,E01022627,0,3
2024471406216,2024,471406216,2,5,0,-1,19,5,1,-1,0,1,2,0,0,0,1,1,-1,9,1,58,9,651,2,19,KAWASAKI MODEL MISSING,10,E01031666,0,4
2024361464696,2024,361464696,1,5,0,-1,19,2,6,-1,0,0,1,0,0,0,4,1,-1,1,1,28,6,599,1,29,KAWASAKI MODEL MISSING,2,E01026592,0,3
2024522402883,2024,522402883,2,4,0,18,19,6,2,0,0,8,0,0,0,0,1,1,6,6,1,32,6,498,1,28,KAWASAKI MODEL MISSING,2,E01014977,0,1
2024440314069,2024,440314069,1,5,0,18,19,3,7,0,0,1,0,0,0,0,1,1,2,2,1,30,6,1043,1,14,KAWASAKI MODEL MISSING,8,E01032841,0,2
2024211530734,2024,211530734,2,9,0,-1,19,5,1,-1,0,0,0,0,0,0,0,1,-1,8,1,-1,-1,700,1,1,KAWASAKI MODEL MISSING,-1,-1,0,-1
2024421435672,2024,421435672,1,5,0,-1,19,3,6,-1,0,0,2,11,1,6,1,1,-1,6,1,21,5,899,1,26,KAWASAKI MODEL MISSING,7,E01033720,0,4
2024471524693,2024,471524693,2,23,0,-1,19,7,3,-1,0,2,0,0,0,0,1,1,-1,6,1,48,8,249,1,31,KAWASAKI MODEL MISSING,6,E01016957,0,2
2024522403186,2024,522403186,1,4,0,18,19,2,6,0,0,8,0,0,0,0,4,1,6,6,1,47,8,175,1,-1,KAWASAKI MODEL MISSING,3,E01014612,0,2
202454E751724,2024,54E751724,1,5,0,18,19,2,6,0,0,2,1,10,0,0,1,1,6,6,1,67,10,1470,1,22,KAWASAKI MODEL MISSING,3,E01015580,0,1
2024311421698,2024,311421698,2,5,0,-1,9,1,5,-1,0,3,2,0,0,0,0,1,-1,6,1,26,6,805,1,28,KAWASAKI MODEL MISSING,3,E01028272,0,1
2024522500046,2024,522500046,2,5,0,18,19,2,6,0,0,0,0,0,0,0,1,1,6,6,1,25,5,636,1,12,KAWASAKI MODEL MISSING,1,E01032518,0,2
2024231451930,2024,231451930,2,5,0,-1,19,2,6,-1,0,8,1,0,7,9,1,1,-1,9,1,61,9,750,1,-1,KAWASAKI MODEL MISSING,8,E01031196,0,3
2024221471264,2024,221471264,1,17,0,-1,19,4,8,-1,0,0,5,10,0,0,3,9,-1,6,1,45,7,953,2,16,KAWASAKI MODEL MISSING,5,E01028999,0,1
2024010523919,2024,010523919,2,3,0,18,19,1,5,0,0,8,0,0,0,0,1,1,6,6,1,20,4,125,1,7,-1,8,E01002414,0,2
2024041532523,2024,041532523,2,3,0,-1,19,5,1,-1,0,0,0,0,0,0,1,1,-1,9,2,27,6,124,1,10,-1,7,E01025586,0,3
2024221433109,2024,221433109,1,5,0,-1,19,4,1,-1,0,0,0,0,1,0,4,1,-1,6,1,26,6,124,1,13,-1,2,E01014151,0,2
2024122500081,2024,122500081,2,3,0,18,19,4,8,0,0,8,1,0,0,0,4,1,6,6,1,17,4,124,1,10,-1,9,E01013338,0,2
2024440070051,2024,440070051,1,3,0,4,4,4,8,0,0,1,1,10,0,0,3,1,6,6,1,17,4,124,1,10,-1,7,E01022815,0,1
2024340WN3412,2024,340WN3412,1,9,0,-1,5,5,1,-1,0,6,0,0,2,0,1,1,-1,7,1,48,8,1998,1,4,MAZDA CX-30,6,E01023556,0,4
2024991507837,2024,991507837,1,9,0,-1,19,4,8,-1,0,1,0,0,0,0,1,1,-1,6,1,25,5,1998,1,3,MAZDA CX-30,1,-1,0,1
2024131417451,2024,131417451,2,9,0,-1,9,7,8,-1,0,0,0,0,0,0,3,1,-1,9,1,68,10,1998,1,4,MAZDA CX-30,10,E01010946,0,1
2024061511181,2024,061511181,1,9,-1,-1,-1,-1,-1,-1,-1,0,-1,-1,-1,0,-1,9,-1,6,3,-1,-1,1998,1,1,MAZDA CX-30,-1,-1,0,-1
2024041517252,2024,041517252,1,9,0,-1,7,7,3,-1,0,1,0,0,0,0,3,1,-1,9,2,60,9,1998,1,0,MAZDA CX-30,8,E01024920,0,1
2024991433533,2024,991433533,2,9,0,-1,5,8,3,-1,0,6,0,0,0,0,2,2,-1,9,2,33,6,1998,1,2,MAZDA CX-30,-1,-1,0,-1
2024141471660,2024,141471660,2,9,0,-1,5,3,7,-1,0,6,0,0,0,0,1,1,-1,9,1,78,11,1998,1,3,MAZDA CX-30,8,E01007384,0,1
2024111399371,2024,111399371,2,9,0,-1,3,7,2,-1,0,2,0,0,0,0,2,1,-1,7,2,47,8,1998,1,3,MAZDA CX-30,7,E01020637,0,2
2024401459233,2024,401459233,1,9,-1,-1,-1,-1,-1,-1,-1,-1,-1,-1,-1,0,-1,9,-1,6,2,-1,-1,1998,1,0,MAZDA CX-30,9,E01033810,0,1
2024440025659,2024,440025659,2,9,0,3,3,8,4,0,0,0,0,0,0,0,2,1,6,6,1,59,9,1998,1,2,MAZDA CX-30,3,E01017299,0,2
202417S206124,2024,17S206124,1,9,0,-1,9,6,4,-1,0,8,0,0,0,0,4,1,-1,9,2,63,9,1998,1,2,MAZDA CX-30,1,E01035191,0,2
2024471480116,2024,471480116,3,9,0,-1,19,5,1,-1,0,0,0,4,0,0,2,1,-1,6,1,21,5,1998,1,0,MAZDA CX-30,3,E01031372,0,3
2024010517024,2024,010517024,2,9,0,5,5,7,3,0,0,4,0,0,0,0,1,1,6,6,2,71,10,1998,1,1,MAZDA CX-30,9,E01002355,0,1
2024471525534,2024,471525534,1,9,0,-1,5,1,5,-1,0,2,0,0,0,0,1,1,-1,2,2,58,9,1998,1,3,MAZDA CX-30,5,E01016925,0,1
2024471407726,2024,471407726,2,9,0,-1,19,4,7,-1,0,0,0,0,0,0,4,1,-1,6,-1,-1,-1,1998,1,2,MAZDA CX-30,-1,-1,0,-1
2024531512418,2024,531512418,1,9,0,-1,19,3,7,-1,0,8,0,0,0,0,1,1,-1,2,2,54,8,1998,1,2,MAZDA CX-30,6,E01032216,0,4
2024440496994,2024,440496994,2,9,0,18,19,0,8,8,6,0,0,0,0,0,3,1,6,6,1,90,11,1998,1,2,MAZDA CX-30,-1,-1,0,-1
2024552401282,2024,552401282,2,9,0,4,4,6,2,0,0,0,0,0,0,0,2,1,6,6,2,68,10,1998,1,3,MAZDA CX-30,5,E01020452,0,3
2024440190054,2024,440190054,2,9,0,18,19,2,6,0,0,0,1,0,0,0,3,1,6,6,1,77,11,1998,1,3,MAZDA CX-30,5,E01020364,0,3
2024161412695,2024,161412695,1,9,0,-1,7,8,2,-1,0,6,0,0,0,0,3,1,-1,1,2,38,7,1998,1,3,MAZDA CX-30,7,E01012794,0,2
2024991448436,2024,991448436,1,9,0,-1,9,5,2,-1,0,0,0,0,0,0,3,1,-1,9,2,42,7,1998,1,2,MAZDA CX-30,7,-1,0,1
2024531509924,2024,531509924,1,9,0,-1,19,1,3,-1,0,4,0,0,0,0,1,1,-1,9,1,64,9,1998,1,4,MAZDA CX-30,6,E01022379,0,3
2024161415911,2024,161415911,2,9,0,-1,19,1,5,-1,0,8,0,0,0,0,1,1,-1,6,1,36,7,1998,1,4,MAZDA CX-30,3,E01012817,0,3
2024421528884,2024,421528884,1,9,0,-1,19,1,5,-1,0,2,0,0,0,0,1,1,-1,9,1,38,7,1998,1,5,MAZDA CX-30,10,E01021475,0,1
2024201436712,2024,201436712,3,9,0,-1,19,4,2,-1,0,0,0,0,0,0,2,9,-1,6,1,18,4,1998,1,0,MAZDA CX-30,2,E01009639,0,1
2024522403128,2024,522403128,1,9,0,7,7,4,7,0,0,2,0,0,0,0,1,1,6,6,1,39,7,1998,1,3,MAZDA CX-30,9,E01027290,0,5
2024991441059,2024,991441059,1,9,0,-1,19,7,3,-1,0,0,5,0,0,0,1,1,-1,9,1,79,11,1998,1,3,MAZDA CX-30,3,-1,0,1
2024061523561,2024,061523561,1,9,-1,-1,3,-1,-1,-1,0,0,0,0,0,0,2,2,-1,6,2,47,8,1998,1,1,MAZDA CX-30,10,E01006237,0,2
2024501492604,2024,501492604,2,9,0,-1,19,2,6,-1,0,8,0,0,0,0,3,1,-1,9,1,64,9,1998,1,2,MAZDA CX-30,4,E01010556,0,5
2024320216280,2024,320216280,1,9,0,9,9,2,6,0,0,8,0,0,0,0,4,1,-1,-1,1,65,9,1998,1,4,MAZDA CX-30,-1,-1,0,-1
2024010541534,2024,010541534,1,9,0,9,9,7,5,0,0,6,0,0,0,0,4,1,6,6,1,59,9,1998,1,2,MAZDA CX-30,9,E01001031,0,1
2024201482433,2024,201482433,3,9,0,-1,19,8,4,-1,0,0,0,0,0,0,1,9,-1,6,3,40,7,1998,1,3,MAZDA CX-30,5,E01031263,0,3
2024141483769,2024,141483769,2,9,0,-1,2,0,0,-1,0,1,0,0,0,0,2,1,-1,6,-1,-1,-1,1998,1,4,MAZDA CX-30,-1,-1,0,-1
2024010540557,2024,010540557,2,9,0,99,99,9,9,99,99,9,9,99,9,99,9,9,6,6,3,-1,-1,1998,1,4,MAZDA CX-30,9,E01002997,0,1
2024221525263,2024,221525263,1,9,0,-1,7,3,5,-1,0,4,0,0,0,0,1,9,-1,6,1,56,9,1998,1,1,MAZDA CX-30,8,E01031290,0,4
2024131562687,2024,131562687,2,9,0,-1,7,3,1,-1,0,8,0,0,0,0,1,1,-1,6,2,40,7,1998,1,3,MAZDA CX-30,1,E01011101,0,3
202417M110924,2024,17M110924,1,9,0,-1,4,4,8,-1,0,1,0,0,0,0,2,1,-1,2,2,24,5,1998,1,1,MAZDA CX-30,6,E01012022,0,1
2024548548424,2024,548548424,1,9,0,9,9,1,7,0,0,6,0,0,0,0,1,1,6,6,1,-1,-1,1998,1,4,MAZDA CX-30,2,E01015290,0,4
2024991477787,2024,991477787,2,9,0,-1,19,2,7,-1,0,0,0,0,1,11,1,1,-1,9,2,51,8,1998,1,3,MAZDA CX-30,9,-1,0,1
2024520500426,2024,520500426,2,9,0,4,4,3,2,0,0,1,0,0,0,0,1,1,6,6,3,-1,-1,1998,1,1,MAZDA CX-30,-1,-1,0,-1
2024320525884,2024,320525884,1,9,0,-1,-1,6,2,0,0,0,5,4,0,0,1,1,-1,-1,2,22,5,1998,1,1,MAZDA CX-30,9,E01026263,0,1
2024311526177,2024,311526177,1,9,0,-1,19,5,1,-1,0,0,0,0,0,0,2,1,-1,9,1,38,7,1998,1,3,MAZDA CX-30,-1,-1,0,-1
2024991510947,2024,991510947,2,9,0,-1,2,0,0,-1,0,0,0,0,1,0,1,1,-1,1,2,57,9,1998,1,4,MAZDA CX-30,8,-1,0,3
2024522401558,2024,522401558,1,9,0,18,19,5,7,0,0,8,0,0,0,0,4,1,6,6,1,61,9,1998,1,2,MAZDA CX-30,10,E01014798,0,1
2024052401345,2024,052401345,2,9,0,18,19,2,8,0,0,4,0,0,0,0,1,1,6,6,2,21,5,1998,1,0,MAZDA CX-30,8,E01006580,0,1
2024991403509,2024,991403509,2,9,0,-1,19,4,7,-1,0,1,0,0,0,0,1,1,-1,9,2,39,7,1998,1,4,MAZDA CX-30,2,-1,0,1
2024221400033,2024,221400033,1,9,0,-1,4,5,1,-1,0,1,0,0,0,0,2,9,-1,9,1,31,6,1998,1,2,MAZDA CX-30,2,E01032232,0,1
2024231409857,2024,231409857,2,9,0,-1,9,6,1,-1,0,5,0,0,0,0,3,9,-1,6,3,-1,-1,1998,1,1,MAZDA CX-30,-1,-1,0,-1
2024440161313,2024,440161313,1,9,0,18,19,4,8,0,0,8,0,0,0,0,1,1,6,6,3,62,9,1998,1,4,MAZDA CX-30,-1,-1,0,-1
2024031432939,2024,031432939,2,9,0,-1,19,7,3,-1,0,1,0,0,0,0,4,1,-1,9,1,84,11,1998,1,4,MAZDA CX-30,10,E01007958,0,5
2024610010724,2024,610010724,1,9,0,18,19,6,2,0,0,0,5,4,0,0,1,1,6,6,1,57,9,1998,1,2,MAZDA CX-30,8,W01001397,0,1
2024430291633,2024,430291633,1,9,0,18,19,6,2,0,0,1,0,0,0,0,1,1,6,6,2,82,11,1998,1,4,MAZDA CX-30,8,E01017886,0,1
2024052401723,2024,052401723,1,9,0,18,19,5,2,0,0,2,0,0,2,1,1,1,6,6,1,48,8,1998,1,1,MAZDA CX-30,8,E01007260,0,1
2024991416334,2024,991416334,6,9,0,-1,2,0,0,-1,0,0,0,4,0,0,1,1,-1,6,-1,-1,-1,-1,-1,-1,-1,-1,-1,0,-1
2024451426826,2024,451426826,4,9,4,-1,19,6,2,-1,0,0,0,0,0,0,1,1,-1,9,1,34,6,2972,1,25,-1,5,E01022616,0,4
2024451402259,2024,451402259,1,9,0,-1,15,1,5,-1,0,1,0,0,0,0,1,1,-1,1,1,55,8,-1,-1,-1,-1,4,E01030981,0,2
2024332400489,2024,332400489,1,3,0,-1,9,7,5,-1,0,5,0,0,0,0,1,1,-1,9,1,20,4,124,1,7,-1,8,E01025954,0,1
2024302400425,2024,302400425,1,9,0,1,1,3,7,0,0,0,0,0,0,0,2,1,6,6,3,-1,-1,6750,1,50,-1,5,E01019456,0,3
2024052401137,2024,052401137,2,9,0,18,19,1,5,0,0,8,0,0,0,0,1,1,1,1,2,30,6,2497,8,3,-1,7,E01006885,0,1
2024010521236,2024,010521236,2,9,0,99,99,9,9,99,99,9,9,99,9,99,2,9,6,6,3,-1,-1,2497,8,3,-1,-1,-1,0,-1
2024061521628,2024,061521628,2,9,0,-1,3,5,1,-1,0,1,0,0,0,0,1,9,-1,2,2,42,7,2487,8,2,-1,8,E01005852,0,1
2024411405221,2024,411405221,2,9,0,-1,4,1,5,-1,0,0,0,0,0,0,2,1,-1,9,1,44,7,2487,8,2,-1,7,E01018185,0,4
2024501459129,2024,501459129,1,9,0,-1,19,7,3,-1,0,0,0,0,1,0,1,1,-1,9,2,54,8,2487,8,1,-1,10,E01010176,0,5
2024211505209,2024,211505209,1,3,0,-1,19,5,1,-1,0,8,5,0,0,0,4,1,-1,9,1,17,4,125,1,0,-1,6,E01029596,0,2
2024201516268,2024,201516268,2,4,0,-1,19,8,4,-1,0,8,1,0,0,0,1,1,-1,1,1,18,4,125,1,0,-1,9,E01029630,0,1
2024311435228,2024,311435228,2,4,0,-1,13,6,2,-1,0,1,0,0,0,0,4,1,-1,6,1,62,9,249,1,20,-1,9,E01028099,0,1
2024332401148,2024,332401148,2,3,0,-1,5,7,3,-1,0,6,0,0,0,0,1,1,-1,6,1,29,6,125,1,9,-1,-1,-1,0,-1
2024201441839,2024,201441839,1,9,0,-1,19,7,3,-1,0,8,0,0,0,0,1,1,-1,6,1,20,4,995,1,12,CHEVROLET SPARK,-1,-1,0,-1
2024461399690,2024,461399690,2,9,0,-1,19,8,1,-1,0,8,0,0,0,0,1,1,-1,6,1,50,8,1206,1,13,CHEVROLET SPARK,8,E01024438,0,1
2024340NN1572,2024,340NN1572,1,9,0,-1,19,1,5,-1,0,0,0,0,0,0,1,1,-1,6,2,51,8,1206,1,11,CHEVROLET SPARK,2,E01027041,0,2
2024471405829,2024,471405829,1,9,0,-1,19,3,8,-1,0,0,0,0,2,0,1,1,-1,6,1,35,6,995,1,11,CHEVROLET SPARK,6,E01031520,0,1
2024231544362,2024,231544362,1,9,0,-1,19,5,1,-1,0,8,0,0,0,0,1,9,-1,6,1,59,9,1206,1,13,CHEVROLET SPARK,9,E01031329,0,1
2024531440052,2024,531440052,2,9,0,-1,19,7,1,-1,0,3,0,0,0,0,1,1,-1,9,2,18,4,995,1,13,CHEVROLET SPARK,10,E01022368,0,3
2024461481891,2024,461481891,1,9,0,-1,9,5,4,-1,0,8,0,0,0,0,1,1,-1,9,1,26,6,995,1,12,CHEVROLET SPARK,10,E01024748,0,1
202454E232724,2024,54E232724,1,9,0,18,19,8,4,0,0,0,0,0,0,0,3,1,3,7,1,75,10,1206,1,12,CHEVROLET SPARK,6,E01031996,0,4
2024131415978,2024,131415978,1,9,0,-1,19,7,3,-1,0,0,5,0,1,11,1,1,-1,2,1,22,5,995,1,14,CHEVROLET SPARK,2,E01011034,0,2
2024010528292,2024,010528292,1,9,0,18,19,5,1,0,0,1,0,0,0,0,3,1,1,1,1,27,6,995,1,14,CHEVROLET SPARK,2,E01003483,0,2
2024552400922,2024,552400922,1,9,0,13,13,2,6,0,0,0,0,0,0,0,4,1,6,6,2,69,10,995,1,14,CHEVROLET SPARK,6,E01015440,0,1
2024131437609,2024,131437609,1,9,0,-1,5,5,1,-1,0,2,0,0,0,0,3,1,-1,9,1,25,5,1206,1,12,CHEVROLET SPARK,2,E01010628,0,1
2024461428002,2024,461428002,3,9,0,-1,19,3,7,-1,0,0,0,0,0,0,1,9,-1,2,1,18,4,1206,1,12,CHEVROLET SPARK,-1,-1,0,-1
2024201495818,2024,201495818,1,9,0,-1,19,2,6,-1,0,6,0,0,0,0,1,1,-1,6,2,61,9,995,1,12,CHEVROLET SPARK,1,E01009136,0,2
202417S213624,2024,17S213624,1,9,0,-1,7,5,7,-1,0,8,0,0,0,0,1,1,-1,9,1,63,9,995,1,12,CHEVROLET SPARK,9,E01012297,0,1
2024010502443,2024,010502443,3,9,0,2,2,0,0,0,0,1,0,0,0,0,1,1,6,6,3,-1,-1,995,1,14,CHEVROLET SPARK,-1,-1,0,-1
2024471517934,2024,471517934,1,9,0,-1,19,3,7,-1,0,3,1,0,1,2,1,1,-1,7,1,19,4,1206,1,14,CHEVROLET SPARK,4,E01031546,0,1
2024041455040,2024,041455040,1,9,0,-1,4,7,3,-1,0,1,0,0,0,0,1,1,-1,9,1,51,8,995,1,13,CHEVROLET SPARK,1,E01012686,0,1
2024430555213,2024,430555213,1,9,0,18,19,1,5,0,0,8,0,0,0,0,3,1,6,6,2,19,4,995,1,12,CHEVROLET SPARK,9,E01016592,0,2
2024131418929,2024,131418929,2,9,0,-1,19,7,3,-1,0,8,0,0,0,0,3,1,-1,9,2,21,5,995,1,13,CHEVROLET SPARK,5,E01021100,0,5
2024131394447,2024,131394447,1,9,0,-1,19,3,7,-1,0,1,0,0,0,0,1,1,-1,6,2,72,10,1206,1,14,CHEVROLET SPARK,1,E01011811,0,1
2024361515053,2024,361515053,1,9,0,-1,4,4,3,-1,0,0,0,0,0,0,2,1,-1,2,1,51,8,995,1,12,CHEVROLET SPARK,6,E01026457,0,4
2024501424321,2024,501424321,1,9,0,-1,9,6,8,-1,0,6,0,0,0,0,3,1,-1,9,2,66,10,995,1,13,CHEVROLET SPARK,7,E01015035,0,1