collision_index,collision_year,collision_ref_no,vehicle_reference,vehicle_type,towing_and_articulation,vehicle_manoeuvre_historic,vehicle_manoeuvre,vehicle_direction_from,vehicle_direction_to,vehicle_location_restricted_lane_historic,vehicle_location_restricted_lane,junction_location,skidding_and_overturning,hit_object_in_carriageway,vehicle_leaving_carriageway,hit_object_off_carriageway,first_point_of_impact,vehicle_left_hand_drive,journey_purpose_of_driver_historic,journey_purpose_of_driver,sex_of_driver,age_of_driver,age_band_of_driver,engine_capacity_cc,propulsion_code,age_of_vehicle,generic_make_model,driver_imd_decile,lsoa_of_driver,escooter_flag,driver_distance_banding
2024131413291,2024,131413291,2,9,0,-1,5,4,8,-1,0,8,0,0,0,0,4,1,-1,9,2,20,4,995,1,12,CHEVROLET SPARK,3,E01011330,0,1
2024041498113,2024,041498113,1,9,0,-1,11,1,6,-1,0,3,0,0,7,0,2,1,-1,9,2,18,4,995,1,12,CHEVROLET SPARK,7,E01012592,0,4
2024010494440,2024,010494440,2,9,0,99,99,9,9,99,99,0,9,99,9,99,9,9,6,6,3,-1,-1,995,1,13,CHEVROLET SPARK,-1,-1,0,-1
2024552500122,2024,552500122,4,9,0,2,2,0,0,0,0,0,0,0,0,0,3,1,6,6,3,-1,-1,995,1,13,CHEVROLET SPARK,-1,-1,0,-1
2024401488991,2024,401488991,1,9,0,-1,19,7,3,-1,0,0,0,0,0,0,1,1,-1,1,2,26,6,995,1,12,CHEVROLET SPARK,8,E01034446,0,4
2024221412722,2024,221412722,2,9,0,-1,19,4,8,-1,0,8,0,0,0,0,1,1,-1,6,1,80,11,995,1,12,CHEVROLET SPARK,4,E01009813,0,4
2024531516141,2024,531516141,1,9,0,-1,9,3,1,-1,0,5,0,0,0,0,1,1,-1,6,1,74,10,1206,1,13,CHEVROLET SPARK,10,E01022461,0,3
2024041454055,2024,041454055,2,9,0,-1,19,5,1,-1,0,4,0,0,0,0,1,1,-1,6,2,35,6,995,1,12,CHEVROLET SPARK,1,E01012571,0,1
2024421407843,2024,421407843,1,9,0,-1,19,3,1,-1,0,0,5,0,0,0,1,2,-1,2,1,18,4,995,1,13,CHEVROLET SPARK,9,E01021925,0,1
2024311426476,2024,311426476,1,9,0,-1,1,7,2,-1,0,0,0,0,0,0,2,1,-1,6,-1,-1,-1,1206,1,13,CHEVROLET SPARK,-1,-1,0,-1
2024010520942,2024,010520942,1,9,0,5,5,8,4,0,0,1,0,0,0,0,1,1,6,6,1,48,8,1206,1,13,CHEVROLET SPARK,9,E01002991,0,1
2024622400826,2024,622400826,3,9,0,18,19,2,6,0,0,0,0,0,0,0,1,1,6,6,1,23,5,1206,1,11,CHEVROLET SPARK,3,W01001952,0,2
2024552500054,2024,552500054,1,9,0,18,19,4,8,0,0,0,0,4,0,0,1,1,6,6,2,60,9,995,1,14,CHEVROLET SPARK,2,E01015430,0,1
2024622400478,2024,622400478,1,9,0,13,13,6,2,0,0,0,0,0,0,0,4,1,6,6,1,24,5,995,1,13,CHEVROLET SPARK,9,W01000819,0,1
2024010498784,2024,010498784,2,9,0,12,12,3,7,0,0,0,1,0,0,0,2,1,6,6,2,35,6,1206,1,12,CHEVROLET SPARK,4,E01015927,0,2
2024131488045,2024,131488045,2,9,0,-1,5,3,7,-1,0,1,0,0,0,0,1,1,-1,9,1,18,4,1206,1,11,CHEVROLET SPARK,3,E01011085,0,2
2024320391698,2024,320391698,1,9,0,-1,-1,5,2,0,0,0,1,0,1,4,1,1,-1,-1,2,25,5,995,1,11,CHEVROLET SPARK,9,E01026402,0,2
2024131397347,2024,131397347,1,9,0,-1,7,8,4,-1,0,6,0,0,0,0,1,1,-1,9,1,25,5,995,1,12,CHEVROLET SPARK,2,E01011041,0,2
2024010511763,2024,010511763,2,9,0,18,19,7,3,0,0,1,0,0,0,0,1,1,6,6,2,75,10,995,1,12,CHEVROLET SPARK,5,E01000383,0,1
2024052400495,2024,052400495,1,9,0,9,9,5,3,0,0,8,0,0,0,0,4,1,6,6,2,41,7,1206,1,13,CHEVROLET SPARK,1,E01007290,0,1
2024991466074,2024,991466074,1,9,0,-1,7,2,4,-1,9,8,0,0,7,10,1,1,-1,9,2,76,11,1206,1,11,CHEVROLET SPARK,1,-1,0,1
2024371536759,2024,371536759,2,9,0,-1,19,5,1,-1,0,0,0,0,7,0,1,1,-1,6,1,22,5,995,1,14,CHEVROLET SPARK,2,E01002091,0,4
2024201478589,2024,201478589,1,9,0,-1,9,6,6,-1,0,0,0,0,0,0,3,1,-1,9,1,59,9,1206,1,11,CHEVROLET SPARK,3,E01009162,0,1
2024440439686,2024,440439686,1,9,0,18,19,8,4,0,0,8,0,0,0,0,1,1,6,6,1,23,5,995,1,12,CHEVROLET SPARK,1,E01017032,0,1
2024141416728,2024,141416728,2,9,0,-1,19,1,5,-1,0,1,0,0,0,0,1,1,-1,9,2,45,7,1206,1,11,CHEVROLET SPARK,7,E01007798,0,1
2024991489161,2024,991489161,1,9,0,-1,19,6,2,-1,0,0,0,0,1,0,1,1,-1,9,1,65,9,659,1,19,-1,5,-1,0,2
2024461488985,2024,461488985,1,9,0,-1,15,1,5,-1,0,0,0,0,0,0,3,9,-1,6,1,55,8,659,1,20,-1,7,E01024131,0,1
2024131461755,2024,131461755,1,9,0,-1,19,3,7,-1,0,1,0,0,0,0,1,1,-1,9,2,30,6,1298,1,22,-1,1,E01028055,0,4
2024010533954,2024,010533954,1,5,0,99,99,9,9,99,99,0,9,99,9,99,9,1,6,6,1,44,7,992,1,21,-1,5,E01021790,0,3
2024052401893,2024,052401893,1,5,0,18,19,7,3,0,0,0,1,0,0,0,1,1,6,6,1,29,6,937,1,4,-1,10,E01007186,0,1
2024061395305,2024,061395305,2,5,0,-1,19,7,3,-1,0,0,0,0,0,0,1,1,-1,6,1,39,7,916,1,26,-1,-1,-1,0,-1
2024421408402,2024,421408402,1,9,0,-1,19,4,8,-1,0,1,0,0,0,0,1,1,-1,6,1,78,11,2935,1,30,-1,10,E01021379,0,2
2024211464382,2024,211464382,1,4,0,-1,19,1,5,-1,0,0,0,0,0,0,0,1,-1,2,1,55,8,459,1,15,-1,7,E01029405,0,3
2024430218252,2024,430218252,1,3,0,13,13,8,4,0,0,8,1,0,0,0,1,1,6,6,1,51,8,459,1,20,-1,-1,-1,0,-1
2024101483627,2024,101483627,2,3,0,-1,19,4,8,-1,0,8,5,0,0,0,1,1,-1,6,1,22,5,102,1,17,-1,2,E01008449,0,1
2024430067651,2024,430067651,1,3,0,13,13,4,8,0,0,8,0,0,0,0,1,1,6,6,1,17,4,102,1,20,-1,-1,-1,0,-1
2024302400222,2024,302400222,1,17,0,9,9,3,1,0,0,8,0,0,0,0,1,1,1,1,1,-1,-1,4400,2,9,-1,10,E01019427,0,4
2024061517980,2024,061517980,1,17,0,-1,19,2,6,-1,0,1,5,0,0,0,4,1,-1,1,1,36,7,2482,2,2,-1,2,E01005514,0,1
2024471415617,2024,471415617,1,4,0,-1,19,1,3,-1,0,0,1,0,0,0,3,1,-1,9,2,20,4,399,1,1,-1,-1,-1,0,-1
2024221525865,2024,221525865,2,4,0,-1,3,1,5,-1,0,1,0,0,0,0,2,1,-1,6,2,54,8,399,1,4,-1,7,E01006421,0,4
2024991439398,2024,991439398,2,4,0,-1,19,3,7,-1,0,1,0,0,0,0,3,1,-1,9,1,20,4,399,1,1,-1,3,-1,0,3
2024041431992,2024,041431992,1,4,0,-1,14,1,5,-1,0,4,0,0,0,0,1,1,-1,6,1,22,5,399,1,4,-1,3,E01025399,0,1
2024122400694,2024,122400694,1,5,0,13,13,5,1,0,0,0,1,0,1,11,4,1,6,6,1,33,6,399,1,0,-1,9,E01004842,0,4
2024061521294,2024,061521294,1,4,0,-1,13,3,7,-1,0,1,0,11,7,0,1,1,-1,6,1,17,4,399,1,2,-1,3,E01005726,0,1
2024070642567,2024,070642567,1,3,0,18,19,3,6,0,0,3,0,0,1,11,1,1,6,6,1,21,5,124,1,0,LEXMOTO ASSAULT 125,1,E01018462,0,1
2024221535834,2024,221535834,2,3,0,-1,19,8,4,-1,0,8,0,0,0,0,1,1,-1,6,1,19,4,124,1,0,LEXMOTO ASSAULT 125,7,E01014150,0,1
2024311412139,2024,311412139,1,3,0,-1,4,5,1,-1,0,1,2,0,0,0,4,1,-1,2,1,29,6,124,1,2,LEXMOTO ASSAULT 125,3,E01028297,0,1
2024221479491,2024,221479491,1,4,0,-1,19,7,3,-1,0,2,0,0,0,0,1,1,-1,6,1,18,4,124,1,2,LEXMOTO ASSAULT 125,5,E01035074,0,1
2024421438889,2024,421438889,2,4,0,-1,19,5,1,-1,0,1,0,0,0,0,1,1,-1,1,1,26,6,124,1,2,LEXMOTO ASSAULT 125,2,E01021711,0,1
2024461438766,2024,461438766,1,3,0,-1,19,3,7,-1,0,8,1,0,0,0,1,1,-1,9,1,19,4,124,1,2,LEXMOTO ASSAULT 125,9,E01035291,0,1
2024361438840,2024,361438840,2,3,0,-1,19,5,1,-1,0,1,0,0,0,0,1,1,-1,6,1,29,6,124,1,1,LEXMOTO ASSAULT 125,1,E01026622,0,2
2024070829758,2024,070829758,2,3,0,-1,19,3,3,-1,0,8,0,0,0,0,4,1,-1,2,1,17,4,124,1,0,LEXMOTO ASSAULT 125,4,E01012464,0,1
2024311471378,2024,311471378,1,3,0,-1,4,3,7,-1,0,2,0,0,0,0,2,1,-1,2,1,35,6,124,1,2,LEXMOTO ASSAULT 125,-1,-1,0,-1
2024440276055,2024,440276055,1,3,0,13,13,4,8,0,0,8,0,0,0,0,4,1,6,6,1,19,4,124,1,4,LEXMOTO ASSAULT 125,6,E01022614,0,2
202460Q091398,2024,60Q091398,2,4,0,18,19,1,5,0,0,8,5,0,0,0,4,1,6,6,1,27,6,124,1,0,LEXMOTO ASSAULT 125,-1,-1,0,-1
2024421502848,2024,421502848,1,3,0,-1,4,2,6,-1,0,0,1,4,0,0,1,1,-1,9,2,23,5,124,1,1,LEXMOTO ASSAULT 125,7,E01021353,0,1
2024070349565,2024,070349565,1,3,0,5,5,5,1,0,0,1,1,0,0,0,3,1,6,6,2,35,6,124,1,7,LEXMOTO ASSAULT 125,5,E01034659,0,1
2024141512564,2024,141512564,2,3,0,-1,19,7,1,-1,0,1,0,0,0,0,1,1,-1,1,1,22,5,124,1,3,LEXMOTO ASSAULT 125,1,E01007668,0,1
2024631512775,2024,631512775,1,3,0,-1,19,3,7,-1,0,0,0,0,7,10,4,1,-1,9,1,18,4,124,1,1,LEXMOTO ASSAULT 125,6,W01000434,0,3
2024440285235,2024,440285235,2,3,0,18,19,2,6,0,0,8,0,0,0,0,0,1,6,6,1,19,4,124,1,3,LEXMOTO ASSAULT 125,3,E01017342,0,3
2024421519859,2024,421519859,2,3,0,-1,19,6,2,-1,0,0,0,0,0,0,3,1,-1,9,1,17,4,124,1,5,LEXMOTO ASSAULT 125,2,E01030170,0,4
2024610003724,2024,610003724,1,3,0,18,19,7,3,0,0,2,0,0,0,0,1,1,6,6,1,17,4,124,1,7,LEXMOTO ASSAULT 125,2,W01001620,0,2
2024421532418,2024,421532418,1,3,0,-1,19,2,6,-1,0,0,1,0,0,0,1,1,-1,9,1,17,4,124,1,2,LEXMOTO ASSAULT 125,6,E01021647,0,1
2024211514068,2024,211514068,2,3,0,-1,19,4,8,-1,0,1,0,0,0,0,1,1,-1,6,1,20,4,124,1,2,LEXMOTO ASSAULT 125,-1,-1,0,-1
2024421519512,2024,421519512,1,3,0,-1,13,5,1,-1,0,0,1,0,0,0,1,1,-1,6,1,29,6,124,1,3,LEXMOTO ASSAULT 125,4,E01021265,0,1
2024070185617,2024,070185617,1,3,0,18,19,1,5,0,0,1,0,0,0,0,3,1,6,6,1,33,6,124,1,5,LEXMOTO ASSAULT 125,1,E01012466,0,1
2024421506492,2024,421506492,1,3,0,-1,19,2,6,-1,0,0,1,0,0,0,1,1,-1,6,1,37,7,124,1,0,LEXMOTO ASSAULT 125,7,E01022097,0,1
2024461470286,2024,461470286,1,3,0,-1,19,1,5,-1,0,8,5,0,0,0,1,1,-1,2,1,18,4,124,1,4,LEXMOTO ASSAULT 125,6,E01024250,0,1
2024041518389,2024,041518389,2,3,0,-1,19,7,3,-1,0,1,0,0,0,0,1,1,-1,1,1,38,7,124,1,4,LEXMOTO ASSAULT 125,1,E01012687,0,1
2024302400708,2024,302400708,1,3,0,14,14,4,8,0,0,1,0,0,0,0,3,1,6,6,1,17,4,124,1,0,LEXMOTO ASSAULT 125,2,E01028113,0,3
2024320513702,2024,320513702,1,3,0,-1,-1,7,3,0,0,0,1,0,0,0,1,1,-1,-1,1,18,4,124,1,0,LEXMOTO ASSAULT 125,3,E01026041,0,3
2024031438164,2024,031438164,1,3,0,-1,19,1,6,-1,9,1,0,0,0,0,1,1,-1,6,-1,-1,-1,124,1,4,LEXMOTO ASSAULT 125,-1,-1,0,-1
2024421530967,2024,421530967,2,3,0,-1,19,7,3,-1,0,1,0,0,0,0,2,1,-1,9,1,23,5,124,1,4,LEXMOTO ASSAULT 125,3,E01015869,0,2
2024440455831,2024,440455831,2,3,0,18,19,3,7,0,0,4,0,0,0,0,4,1,6,6,1,41,7,124,1,0,LEXMOTO ASSAULT 125,6,E01017224,0,1
2024070534543,2024,070534543,1,4,0,16,19,1,5,0,0,0,0,0,0,3,1,1,1,1,1,54,8,124,1,8,LEXMOTO ASSAULT 125,5,E01018706,0,2
2024010537738,2024,010537738,2,9,0,99,99,9,9,99,99,9,9,99,9,99,9,9,6,6,3,-1,-1,1998,1,5,MAZDA CX-3,-1,-1,0,-1
2024501416531,2024,501416531,3,9,0,-1,19,7,6,-1,0,0,0,0,0,0,1,1,-1,6,1,27,6,1497,2,7,MAZDA CX-3,6,E01019924,0,3
2024010506279,2024,010506279,3,9,0,2,2,0,0,0,0,2,0,0,0,0,1,1,6,6,3,-1,-1,1998,1,5,MAZDA CX-3,-1,-1,0,-1
2024010529572,2024,010529572,1,9,0,3,3,3,7,0,0,7,0,0,1,0,0,1,6,6,2,46,8,1998,1,6,MAZDA CX-3,5,E01002501,0,1
2024991447517,2024,991447517,1,9,0,-1,19,1,5,-1,0,0,0,0,0,0,1,1,-1,2,1,38,7,1998,1,7,MAZDA CX-3,8,-1,0,3
2024211557853,2024,211557853,1,9,0,-1,19,5,4,-1,0,1,0,0,0,0,1,1,-1,6,1,26,6,1497,2,7,MAZDA CX-3,1,E01029453,0,2
2024231469395,2024,231469395,3,9,0,-1,2,0,0,-1,0,0,0,0,0,0,3,1,-1,6,2,38,7,1998,1,7,MAZDA CX-3,7,E01035032,0,1
2024221495756,2024,221495756,2,9,0,-1,19,4,8,-1,0,8,0,0,0,0,1,1,-1,6,1,55,8,1998,1,5,MAZDA CX-3,4,E01014149,0,3
2024201465648,2024,201465648,1,9,0,-1,11,8,4,-1,0,0,0,0,0,0,4,1,-1,6,3,50,8,1497,2,9,MAZDA CX-3,-1,-1,0,-1
2024201516150,2024,201516150,2,9,0,-1,19,6,2,-1,0,8,0,0,0,0,1,1,-1,2,2,26,6,1998,1,5,MAZDA CX-3,3,E01009220,0,2
2024101531393,2024,101531393,3,9,0,-1,3,1,5,-1,0,0,0,0,0,0,2,1,-1,9,2,74,10,1998,1,8,MAZDA CX-3,9,E01027449,0,2
2024991438513,2024,991438513,1,9,0,-1,1,1,5,-1,0,0,0,0,0,0,2,1,-1,9,2,58,9,1998,1,5,MAZDA CX-3,1,-1,0,1
2024061498912,2024,061498912,2,9,-1,-1,-1,-1,-1,-1,-1,0,-1,-1,-1,0,-1,9,-1,6,3,-1,-1,1998,1,8,MAZDA CX-3,-1,-1,0,-1
2024991526032,2024,991526032,1,9,0,-1,19,1,5,-1,0,0,0,0,0,0,4,1,-1,6,1,38,7,1998,1,6,MAZDA CX-3,-1,-1,0,-1
2024361483736,2024,361483736,2,9,0,-1,19,1,3,-1,0,0,0,0,0,0,1,1,-1,9,2,62,9,1998,1,7,MAZDA CX-3,6,E01029926,0,2
2024401548086,2024,401548086,2,9,0,-1,4,1,5,-1,0,0,0,0,0,0,1,1,-1,6,2,42,7,1497,2,7,MAZDA CX-3,4,E01023592,0,3
2024010507307,2024,010507307,1,9,0,18,19,5,1,0,0,1,1,0,1,2,1,1,6,6,1,59,9,1998,1,5,MAZDA CX-3,6,E01004174,0,1
2024010523829,2024,010523829,2,9,0,5,5,3,7,0,0,8,0,0,9,0,4,1,6,6,2,46,8,1998,1,6,MAZDA CX-3,2,E01001625,0,1
2024471426224,2024,471426224,1,9,0,-1,19,5,1,-1,0,0,0,0,0,0,0,1,-1,6,2,56,9,1998,1,5,MAZDA CX-3,10,E01030454,0,3
2024411460768,2024,411460768,2,9,0,-1,19,3,7,-1,0,0,5,0,0,0,1,1,-1,6,2,32,6,1998,1,6,MAZDA CX-3,7,E01023351,0,2
2024101500074,2024,101500074,2,9,-1,-1,3,7,3,-1,0,1,0,0,0,0,2,9,-1,6,1,26,6,1998,1,9,MAZDA CX-3,1,E01027392,0,2
2024221502677,2024,221502677,3,9,0,-1,19,5,1,-1,0,8,0,0,0,0,1,1,-1,6,1,60,9,1998,1,9,MAZDA CX-3,7,E01013999,0,1
2024061509172,2024,061509172,1,9,0,-1,19,7,3,-1,0,0,0,0,0,0,4,1,-1,9,1,60,9,1998,1,6,MAZDA CX-3,2,E01006253,0,1
2024320565476,2024,320565476,1,9,0,7,7,4,7,0,0,6,0,0,0,0,3,1,-1,-1,2,65,9,1998,1,6,MAZDA CX-3,3,E01026248,0,1
2024552401232,2024,552401232,1,9,0,18,19,6,2,0,0,8,0,0,0,0,1,1,6,6,2,55,8,1998,1,6,MAZDA CX-3,7,E01020430,0,1
2024052400925,2024,052400925,1,9,0,18,19,6,2,0,0,8,5,0,0,0,3,1,2,2,2,39,7,1998,1,8,MAZDA CX-3,1,E01006767,0,2
2024211513600,2024,211513600,2,9,-1,-1,-1,5,1,-1,-1,0,-1,-1,-1,0,-1,9,-1,6,2,53,8,1998,1,7,MAZDA CX-3,10,E01029474,0,1
2024411492454,2024,411492454,2,9,0,-1,3,2,6,-1,0,0,0,0,0,0,2,1,-1,9,1,40,7,1998,1,8,MAZDA CX-3,10,E01017769,0,3
2024010496024,2024,010496024,1,9,0,18,19,5,1,0,0,2,0,0,0,0,0,1,6,6,1,24,5,1998,1,9,MAZDA CX-3,-1,-1,0,-1
2024361556311,2024,361556311,1,9,0,-1,19,8,3,-1,0,0,0,0,0,0,1,1,-1,9,2,37,7,1497,2,9,MAZDA CX-3,3,E01026763,0,3
2024461399147,2024,461399147,2,9,0,-1,11,3,6,-1,0,0,0,0,0,0,2,9,-1,2,2,30,6,1998,1,9,MAZDA CX-3,5,E01024110,0,4
2024531513149,2024,531513149,2,9,0,-1,3,3,7,-1,0,0,0,0,0,0,2,1,-1,9,2,60,9,1998,1,7,MAZDA CX-3,9,E01022276,0,1
2024211527153,2024,211527153,1,9,0,-1,1,5,5,-1,9,0,1,0,0,0,4,1,-1,9,1,74,10,1998,1,5,MAZDA CX-3,-1,-1,0,-1
2024991509649,2024,991509649,2,9,0,-1,19,7,3,-1,0,1,0,0,0,0,1,1,-1,9,2,69,10,1998,1,6,MAZDA CX-3,6,-1,0,2
2024501462729,2024,501462729,2,9,0,-1,19,6,2,-1,0,0,0,0,0,0,1,1,-1,9,1,63,9,1998,1,7,MAZDA CX-3,9,E01020236,0,4
2024461411262,2024,461411262,2,9,0,-1,9,7,3,-1,0,0,0,10,3,3,2,1,-1,6,2,48,8,1998,1,5,MAZDA CX-3,3,E01015988,0,4
2024201451932,2024,201451932,2,9,0,-1,19,6,2,-1,0,8,0,0,0,0,4,9,-1,2,1,35,6,1497,2,6,MAZDA CX-3,7,E01009252,0,1
2024461531439,2024,461531439,5,9,0,-1,3,2,6,-1,0,0,0,0,0,0,2,1,-1,9,1,34,6,1998,1,5,MAZDA CX-3,3,E01024392,0,1
2024320594533,2024,320594533,2,9,0,-1,-1,6,2,0,0,8,0,0,0,0,1,1,-1,-1,2,28,6,1998,1,7,MAZDA CX-3,5,E01026052,0,3
2024010530516,2024,010530516,1,9,0,4,4,4,8,0,0,0,0,0,0,0,1,1,2,2,1,32,6,1998,1,7,MAZDA CX-3,6,E01000265,0,1
2024351415418,2024,351415418,2,9,0,-1,19,3,6,-1,0,5,0,0,0,0,2,1,-1,6,2,36,7,1998,1,7,MAZDA CX-3,2,E01035541,0,1
2024471477369,2024,471477369,2,9,0,-1,4,8,4,-1,1,0,0,0,0,0,2,1,-1,9,2,57,9,1998,1,7,MAZDA CX-3,5,E01031512,0,1
2024351458072,2024,351458072,4,9,0,-1,19,3,7,-1,0,0,0,0,0,0,3,1,-1,6,1,50,8,1998,1,8,MAZDA CX-3,6,E01017527,0,4
2024440065412,2024,440065412,1,9,0,18,19,8,4,0,0,0,0,0,0,0,1,1,6,6,1,47,8,1998,1,8,MAZDA CX-3,10,E01034725,0,2
2024411537292,2024,411537292,2,9,0,-1,19,7,3,-1,0,0,0,0,0,0,2,1,-1,6,2,39,7,1497,2,6,MAZDA CX-3,3,E01000088,0,4
2024010537479,2024,010537479,1,9,0,4,4,8,4,0,0,1,0,0,0,0,2,1,6,6,2,33,6,1998,1,5,MAZDA CX-3,5,E01001164,0,2
2024010519520,2024,010519520,1,9,9,99,99,9,9,0,0,1,9,0,0,0,9,9,6,6,1,80,11,1998,1,6,MAZDA CX-3,7,E01000989,0,1
2024371416058,2024,371416058,2,9,0,-1,19,5,1,-1,0,0,0,0,0,0,3,1,-1,9,1,68,10,1998,1,5,MAZDA CX-3,7,E01030019,0,1
2024211499813,2024,211499813,1,9,0,-1,19,5,1,-1,0,0,0,0,0,0,2,1,-1,6,1,-1,-1,1798,2,5,MAZDA CX-3,-1,-1,0,-1
2024010531989,2024,010531989,1,9,0,9,9,2,7,0,0,5,0,0,0,0,4,1,6,6,2,71,10,1998,1,7,MAZDA CX-3,6,E01000892,0,1
2024010529024,2024,010529024,2,9,0,4,4,7,3,0,0,1,0,0,0,0,3,1,6,6,1,58,9,1998,1,6,MAZDA CX-3,7,E01002060,0,1
2024552500041,2024,552500041,1,9,0,4,4,6,2,0,0,0,5,0,1,10,4,1,6,6,2,63,9,1798,2,5,MAZDA CX-3,5,E01020389,0,4
2024201440415,2024,201440415,1,9,0,-1,19,3,7,-1,0,1,0,0,0,0,1,1,-1,2,2,59,9,1998,1,8,MAZDA CX-3,1,E01009345,0,2
2024201452491,2024,201452491,2,9,0,-1,19,3,8,-1,0,0,0,0,0,0,4,9,-1,9,1,50,8,1998,1,6,MAZDA CX-3,1,E01009308,0,1
2024451456041,2024,451456041,2,9,0,-1,19,5,1,-1,0,0,2,0,0,0,4,1,-1,9,1,61,9,1998,1,8,MAZDA CX-3,4,E01021111,0,4
2024421427260,2024,421427260,1,2,0,-1,19,8,5,-1,-1,3,0,0,1,0,4,1,-1,9,1,17,4,49,1,16,-1,1,E01022025,0,1
2024211431994,2024,211431994,2,3,0,-1,19,1,5,-1,0,1,0,0,0,0,1,1,-1,6,1,56,9,125,1,1,-1,-1,-1,0,-1
2024010524709,2024,010524709,1,3,0,18,19,1,5,0,0,0,0,0,0,0,1,1,2,2,1,37,7,125,1,2,-1,4,E01003020,0,1
2024061530752,2024,061530752,1,3,0,-1,14,-1,-1,-1,0,0,1,0,0,0,1,1,-1,2,1,38,7,125,1,0,-1,1,E01006031,0,1
202454D045524,2024,54D045524,2,3,0,18,19,6,2,0,0,8,0,0,0,0,4,1,2,2,1,35,6,125,1,1,-1,9,E01034542,0,4
2024111471138,2024,111471138,3,9,0,-1,19,1,4,-1,0,0,0,0,0,0,2,1,-1,6,3,30,6,1199,8,0,-1,-1,-1,0,-1
2024201529414,2024,201529414,2,9,0,-1,19,4,8,-1,0,0,0,0,0,0,2,1,-1,6,2,43,7,1199,8,0,-1,9,E01031329,0,3
2024320228561,2024,320228561,2,9,0,-1,-1,2,6,0,0,0,0,0,0,0,3,1,-1,-1,1,54,8,1199,1,1,PEUGEOT 408,-1,-1,0,-1
2024991526824,2024,991526824,1,9,0,-1,19,5,1,-1,0,0,0,11,0,0,1,1,-1,9,1,64,9,1598,8,1,PEUGEOT 408,5,-1,0,1
2024141513195,2024,141513195,1,9,0,-1,5,6,2,-1,0,0,0,0,0,0,3,1,-1,9,1,43,7,1199,1,0,PEUGEOT 408,9,E01007951,0,1
2024141501287,2024,141501287,1,9,0,-1,19,1,5,-1,0,8,0,0,0,0,1,1,-1,7,2,45,7,1199,1,0,PEUGEOT 408,4,E01007816,0,1
2024211397701,2024,211397701,1,9,0,-1,4,1,4,-1,0,2,0,0,0,0,4,1,-1,6,2,51,8,1199,1,1,PEUGEOT 408,-1,-1,0,-1
2024010506303,2024,010506303,1,9,0,99,99,9,9,99,99,9,9,99,9,99,2,9,6,6,2,31,6,1199,1,0,PEUGEOT 408,8,E01030613,0,2
2024061431304,2024,061431304,1,9,0,-1,5,1,1,-1,0,6,0,0,0,0,3,1,-1,6,1,41,7,1199,1,1,PEUGEOT 408,-1,-1,0,-1
2024061504676,2024,061504676,2,9,0,-1,3,-1,-1,-1,0,0,0,0,0,0,2,1,-1,7,2,28,6,1598,8,1,PEUGEOT 408,4,E01006026,0,1
2024440332755,2024,440332755,1,9,0,17,19,4,8,0,0,0,0,0,1,4,1,1,6,6,1,26,6,1199,1,1,PEUGEOT 408,10,E01030425,0,3
2024501489196,2024,501489196,1,8,0,-1,19,2,6,-1,0,8,0,0,0,0,2,1,-1,9,1,56,9,1199,1,0,PEUGEOT 408,6,E01018957,0,5
2024421528848,2024,421528848,2,9,0,-1,19,7,3,-1,0,1,9,99,9,99,3,2,-1,6,2,34,6,1199,1,0,PEUGEOT 408,4,E01021265,0,1
2024010532586,2024,010532586,2,9,9,99,99,9,9,99,99,9,9,99,9,99,9,9,6,6,3,-1,-1,1199,1,0,PEUGEOT 408,-1,-1,0,-1
2024122401212,2024,122401212,1,9,0,18,19,7,3,0,0,0,0,0,0,0,1,1,1,1,3,-1,-1,1199,1,0,PEUGEOT 408,-1,-1,0,-1
2024371526392,2024,371526392,2,3,0,-1,14,7,3,-1,0,8,0,0,0,0,1,1,-1,6,1,16,4,-1,-1,-1,-1,7,E01030003,0,1
2024320065609,2024,320065609,1,2,0,-1,-1,8,6,0,0,5,5,0,0,0,3,1,-1,-1,2,45,7,49,1,20,-1,2,E01026049,0,1
2024010551023,2024,010551023,2,2,0,18,19,3,7,0,0,1,2,0,0,0,1,1,6,6,1,36,7,49,1,21,-1,3,E01003326,0,1
2024501396981,2024,501396981,2,2,0,-1,19,7,3,-1,0,1,0,0,0,0,1,1,-1,6,1,16,4,49,1,19,-1,6,E01018853,0,1
2024010501134,2024,010501134,1,2,0,99,99,9,9,99,99,9,9,99,9,99,0,1,2,2,1,53,8,49,1,20,-1,6,E01004682,0,1
2024311452177,2024,311452177,1,2,0,-1,19,3,7,-1,0,0,0,4,0,0,1,1,-1,2,1,18,4,49,1,20,-1,-1,-1,0,-1
2024010533822,2024,010533822,2,3,9,99,99,9,9,99,99,9,9,99,9,99,9,9,6,6,1,28,6,124,1,5,-1,6,E01034212,0,3
2024340WN0992,2024,340WN0992,2,3,0,-1,19,3,1,-1,0,8,0,0,0,0,4,1,-1,9,2,46,8,124,1,11,-1,2,E01027156,0,1
2024361424163,2024,361424163,2,4,0,-1,19,1,5,-1,0,8,0,0,0,0,1,1,-1,9,1,21,5,249,1,7,-1,4,E01026667,0,1
2024471406421,2024,471406421,1,2,0,-1,19,5,7,-1,0,0,1,0,0,0,3,1,-1,7,1,16,4,50,1,3,-1,2,E01021014,0,1
2024991444531,2024,991444531,1,5,0,-1,13,2,6,-1,0,0,5,0,0,0,3,1,-1,9,1,56,9,998,1,20,-1,7,-1,0,4