collision_index,collision_year,collision_ref_no,vehicle_reference,vehicle_type,towing_and_articulation,vehicle_manoeuvre_historic,vehicle_manoeuvre,vehicle_direction_from,vehicle_direction_to,vehicle_location_restricted_lane_historic,vehicle_location_restricted_lane,junction_location,skidding_and_overturning,hit_object_in_carriageway,vehicle_leaving_carriageway,hit_object_off_carriageway,first_point_of_impact,vehicle_left_hand_drive,journey_purpose_of_driver_historic,journey_purpose_of_driver,sex_of_driver,age_of_driver,age_band_of_driver,engine_capacity_cc,propulsion_code,age_of_vehicle,generic_make_model,driver_imd_decile,lsoa_of_driver,escooter_flag,driver_distance_banding
2024131450382,2024,131450382,1,4,0,-1,4,5,1,-1,0,1,0,0,0,0,3,1,-1,9,1,52,8,998,1,19,-1,2,E01032241,0,5
2024302401095,2024,302401095,2,5,0,13,13,6,2,0,0,0,1,0,0,0,4,1,2,2,1,41,7,998,1,20,-1,5,E01013582,0,1
2024010498886,2024,010498886,2,9,0,2,2,0,0,6,6,8,0,4,0,0,0,1,6,6,3,-1,-1,1499,1,8,BMW 3 SERIES,-1,-1,0,-1
2024461405431,2024,461405431,1,9,0,-1,19,5,1,-1,0,6,0,0,0,0,1,9,-1,6,3,-1,-1,2171,1,20,BMW 3 SERIES,-1,-1,0,-1
2024141512342,2024,141512342,1,9,0,-1,12,2,6,-1,0,0,0,0,0,0,1,1,-1,6,1,19,4,1995,2,10,BMW 3 SERIES,6,E01028013,0,4
2024201432223,2024,201432223,2,9,0,-1,3,3,7,-1,0,2,0,0,0,0,2,1,-1,2,2,30,6,2497,1,18,BMW 3 SERIES,1,E01009195,0,1
2024010542550,2024,010542550,1,9,0,99,99,9,9,99,99,9,9,99,9,99,3,9,6,6,1,24,5,2979,1,19,BMW 3 SERIES,3,E01000948,0,1
2024311428865,2024,311428865,4,9,0,-1,2,0,0,-1,0,5,0,0,0,0,1,2,-1,6,1,52,8,1895,1,23,BMW 3 SERIES,-1,-1,0,-1
2024520401494,2024,520401494,1,9,0,18,19,5,8,0,0,8,0,0,0,0,2,1,6,6,3,-1,-1,2000,2,15,BMW 3 SERIES,-1,-1,0,-1
2024231501378,2024,231501378,1,9,0,-1,13,3,7,-1,0,1,0,0,0,0,1,1,-1,9,1,19,4,2000,2,13,BMW 3 SERIES,8,E01031162,0,1
2024991460970,2024,991460970,2,9,0,-1,5,8,4,-1,0,1,0,0,0,0,3,1,-1,6,1,45,7,1995,2,11,BMW 3 SERIES,-1,-1,0,-1
2024010551884,2024,010551884,1,9,0,99,99,9,9,99,99,9,9,99,9,99,2,9,6,6,1,24,5,2494,1,23,BMW 3 SERIES,7,E01002177,0,1
2024552400047,2024,552400047,2,8,0,18,19,2,6,0,0,0,0,0,0,0,1,1,1,1,1,63,9,1995,2,12,BMW 3 SERIES,6,E01020516,0,2
2024010544874,2024,010544874,3,9,0,99,99,9,9,99,99,9,9,99,9,99,1,9,6,6,3,-1,-1,2993,2,9,BMW 3 SERIES,-1,-1,0,-1
2024122400285,2024,122400285,2,9,0,13,13,1,5,0,0,0,0,7,7,1,1,1,6,6,3,-1,-1,1995,1,18,BMW 3 SERIES,-1,-1,0,-1
2024501400693,2024,501400693,1,9,0,-1,19,1,5,-1,0,0,0,0,0,0,3,9,-1,2,1,34,6,1995,2,14,BMW 3 SERIES,9,E01006224,0,5
2024451529436,2024,451529436,2,9,0,-1,19,3,1,-1,0,1,0,0,0,0,1,9,-1,6,3,32,6,2497,1,17,BMW 3 SERIES,-1,-1,0,-1
2024061418496,2024,061418496,1,9,0,-1,1,6,5,-1,9,0,0,7,0,0,1,9,-1,9,1,86,11,2494,1,21,BMW 3 SERIES,8,E01005865,0,1
2024311518619,2024,311518619,2,9,0,-1,19,4,8,-1,0,0,0,0,0,0,1,1,-1,6,2,33,6,2993,2,10,BMW 3 SERIES,9,E01033777,0,1
2024131535245,2024,131535245,2,9,0,-1,9,5,1,-1,0,1,0,0,0,0,1,1,-1,6,1,36,7,1995,1,15,BMW 3 SERIES,2,E01011448,0,1
2024111461627,2024,111461627,1,9,0,-1,19,1,6,-1,0,0,1,0,1,11,1,1,-1,2,1,36,7,1995,2,17,BMW 3 SERIES,1,E01012074,0,4
2024549613024,2024,549613024,3,9,0,18,19,7,4,0,0,0,0,0,0,0,2,1,6,6,1,42,7,2000,2,14,BMW 3 SERIES,10,E01015533,0,4
2024430101018,2024,430101018,2,9,0,18,19,4,8,0,0,8,0,0,0,0,1,1,6,6,1,50,8,1995,2,5,BMW 3 SERIES,2,E01016848,0,1
2024031411208,2024,031411208,1,9,0,-1,9,1,5,-1,0,1,0,0,0,0,1,1,-1,9,1,46,8,2996,1,15,BMW 3 SERIES,4,E01019281,0,1
2024421475539,2024,421475539,1,9,0,-1,19,1,5,-1,0,0,0,0,0,0,1,1,-1,6,2,44,7,2993,2,19,BMW 3 SERIES,10,E01023512,0,2
2024231452935,2024,231452935,1,9,0,-1,19,2,5,-1,0,0,1,0,7,0,1,1,-1,6,1,42,7,2993,2,7,BMW 3 SERIES,9,E01032894,0,1
2024131497226,2024,131497226,1,9,0,-1,19,5,1,-1,0,0,0,0,0,0,1,1,-1,6,1,34,6,1998,8,8,BMW 3 SERIES,1,E01011344,0,1
2024010551664,2024,010551664,1,9,0,99,99,9,9,99,99,9,9,99,9,99,9,9,6,6,2,41,7,1796,1,20,BMW 3 SERIES,3,E01001180,0,1
2024010493350,2024,010493350,1,9,0,5,5,3,7,0,0,2,0,0,0,0,1,1,6,6,1,26,6,1995,2,8,BMW 3 SERIES,2,E01002767,0,1
2024451505869,2024,451505869,2,9,0,-1,19,7,3,-1,0,4,0,0,0,0,3,1,-1,9,1,22,5,1995,2,13,BMW 3 SERIES,2,E01017266,0,4
2024010489036,2024,010489036,1,9,0,18,19,3,7,0,0,8,0,0,1,0,3,1,6,6,1,32,6,1995,2,10,BMW 3 SERIES,-1,-1,0,-1
2024302401315,2024,302401315,1,9,0,18,19,7,3,0,0,5,0,0,0,0,1,1,6,6,3,-1,-1,2993,2,12,BMW 3 SERIES,5,E01019456,0,3
2024052402146,2024,052402146,2,9,0,18,19,3,7,0,0,0,0,0,0,0,4,1,1,1,1,-1,-1,2993,2,6,BMW 3 SERIES,-1,-1,0,-1
2024131497912,2024,131497912,2,9,0,-1,3,5,1,-1,0,1,0,0,0,0,2,1,-1,9,1,29,6,2993,2,8,BMW 3 SERIES,6,E01011518,0,2
2024501485498,2024,501485498,1,9,0,-1,19,1,5,-1,99,0,0,0,0,0,4,1,-1,6,1,71,10,1998,8,4,BMW 3 SERIES,9,E01014789,0,5
2024361455148,2024,361455148,1,9,0,-1,19,8,4,-1,0,0,0,0,1,0,1,1,-1,9,2,20,4,1796,1,28,BMW 3 SERIES,1,E01026868,0,2
2024501462280,2024,501462280,2,9,0,-1,19,1,6,-1,0,8,0,0,0,0,4,1,-1,9,1,36,7,1995,2,14,BMW 3 SERIES,4,E01010480,0,5
2024010515906,2024,010515906,1,9,0,7,7,1,3,0,0,8,0,0,0,0,4,1,2,2,1,26,6,1997,1,10,BMW 3 SERIES,3,E01001326,0,1
2024461519336,2024,461519336,2,9,0,-1,19,3,7,-1,0,1,0,0,0,0,1,9,-1,6,1,21,5,1995,1,16,BMW 3 SERIES,10,E01024474,0,2
2024421481182,2024,421481182,1,9,0,-1,7,8,3,-1,0,0,0,0,0,0,1,1,-1,6,1,20,4,1995,2,15,BMW 3 SERIES,3,E01022054,0,2
2024401414588,2024,401414588,2,9,0,-1,19,4,8,-1,0,0,0,0,0,0,2,1,-1,6,1,37,7,1998,8,6,BMW 3 SERIES,5,E01016566,0,4
2024010550895,2024,010550895,1,9,0,5,5,0,3,5,5,0,0,0,0,0,0,1,6,6,1,39,7,1995,1,17,BMW 3 SERIES,5,E01002326,0,1
2024131441207,2024,131441207,1,9,0,-1,11,7,2,-1,0,6,0,0,0,0,4,1,-1,6,3,-1,-1,1995,12,3,BMW 3 SERIES,-1,-1,0,-1
2024421439690,2024,421439690,1,9,0,-1,19,6,2,-1,0,0,0,0,0,0,1,1,-1,6,1,30,6,1995,2,16,BMW 3 SERIES,4,E01000477,0,4
2024161431229,2024,161431229,1,9,0,-1,19,8,4,-1,0,8,0,0,1,0,1,1,-1,9,1,55,8,1995,2,7,BMW 3 SERIES,8,E01020750,0,5
2024501443295,2024,501443295,1,9,0,-1,19,4,8,-1,0,0,0,0,0,0,1,1,-1,9,1,86,11,1995,2,9,BMW 3 SERIES,7,E01018883,0,1
2024461530308,2024,461530308,2,9,0,-1,19,2,6,-1,0,1,0,0,0,0,1,1,-1,6,1,35,6,1995,2,17,BMW 3 SERIES,7,E01024798,0,3
2024010528282,2024,010528282,1,9,0,18,19,7,3,9,9,1,0,0,7,4,1,1,6,6,2,52,8,1998,1,6,BMW 3 SERIES,9,E01002983,0,1
2024411420186,2024,411420186,1,9,0,-1,19,1,5,-1,0,4,0,0,0,0,1,1,-1,9,1,35,6,2494,1,19,BMW 3 SERIES,5,E01023905,0,1
2024122401278,2024,122401278,1,9,0,18,19,1,5,0,0,0,1,0,4,6,1,1,6,6,1,41,7,2993,2,9,BMW 3 SERIES,10,E01024819,0,5
2024622400781,2024,622400781,3,9,0,18,19,2,6,0,0,0,0,0,0,0,1,1,1,1,1,32,6,1995,2,12,BMW 3 SERIES,8,W01001058,0,2
2024141482895,2024,141482895,1,9,0,-1,19,2,5,-1,0,1,0,0,0,0,1,1,-1,6,1,36,7,1995,2,16,BMW 3 SERIES,3,E01007900,0,1
2024161440010,2024,161440010,1,9,0,-1,19,8,4,-1,0,1,0,0,0,0,3,1,-1,6,1,28,6,2993,2,18,BMW 3 SERIES,1,E01013162,0,1
2024050534467,2024,050534467,1,9,0,4,4,2,6,0,0,0,0,0,0,0,1,1,1,1,1,-1,-1,2993,12,3,BMW 3 SERIES,-1,-1,0,-1
2024010548361,2024,010548361,1,9,0,9,9,1,7,0,0,6,0,0,0,0,1,1,2,2,1,32,6,1995,2,9,BMW 3 SERIES,3,E01001860,0,1
2024010504524,2024,010504524,2,9,0,99,99,9,9,99,99,0,9,99,9,99,1,9,6,6,3,-1,-1,1995,2,8,BMW 3 SERIES,2,E01004272,0,3
2024061475955,2024,061475955,2,9,0,-1,19,-1,-1,-1,0,0,0,0,0,0,1,1,-1,6,1,-1,-1,1995,2,11,BMW 3 SERIES,-1,-1,0,-1
2024010539132,2024,010539132,1,9,0,9,9,6,4,0,0,8,0,0,0,0,3,1,2,2,1,20,4,1995,1,14,BMW 3 SERIES,5,E01001319,0,1
2024430440347,2024,430440347,2,9,0,18,19,6,2,0,0,8,0,0,0,0,1,1,2,2,1,43,7,1998,8,6,BMW 3 SERIES,6,E01001258,0,3
2024010508003,2024,010508003,2,9,0,99,99,9,9,99,99,6,9,99,9,99,9,9,6,6,1,33,6,1995,2,9,BMW 3 SERIES,2,E01001155,0,2
2024531431196,2024,531431196,1,9,0,-1,19,6,2,-1,0,1,0,0,0,0,1,1,-1,6,2,42,7,1995,2,10,BMW 3 SERIES,5,E01022227,0,1
2024401404843,2024,401404843,2,9,0,-1,19,5,1,-1,0,3,0,0,0,0,2,1,-1,9,1,46,8,1998,1,6,BMW 3 SERIES,5,E01034427,0,1
2024351503842,2024,351503842,2,9,0,-1,19,1,5,-1,0,8,0,0,0,0,1,1,-1,6,2,36,7,1995,2,6,BMW 3 SERIES,3,E01018092,0,1
2024141452746,2024,141452746,1,9,0,-1,19,2,2,-1,0,2,0,0,0,0,1,1,-1,1,1,30,6,1995,2,8,BMW 3 SERIES,6,E01007476,0,2
2024201461899,2024,201461899,1,9,0,-1,19,4,8,-1,0,1,0,0,0,0,1,1,-1,6,2,39,7,1995,2,17,BMW 3 SERIES,2,E01010313,0,2
2024201523010,2024,201523010,1,9,0,-1,7,2,6,-1,0,0,1,10,1,0,4,1,-1,9,1,34,6,1995,2,17,BMW 3 SERIES,1,E01009033,0,1
2024991477761,2024,991477761,4,9,0,-1,19,8,4,-1,0,0,0,0,0,0,0,1,-1,6,1,41,7,1998,1,6,BMW 3 SERIES,3,E01003938,0,5
2024201459192,2024,201459192,1,9,0,-1,19,7,3,-1,0,0,0,0,0,0,1,1,-1,6,-1,21,5,1995,2,5,BMW 3 SERIES,-1,-1,0,-1
2024010545245,2024,010545245,1,9,0,3,3,9,9,99,99,9,9,99,9,99,2,9,6,6,1,62,9,1995,2,6,BMW 3 SERIES,2,E01001477,0,1
2024201399600,2024,201399600,1,9,0,-1,9,2,8,-1,0,6,0,0,0,0,1,1,-1,6,1,80,11,2996,1,15,BMW 3 SERIES,10,E01010229,0,1
2024010529854,2024,010529854,1,9,0,18,19,7,3,0,0,0,0,11,0,0,1,1,6,6,1,41,7,2993,2,8,BMW 3 SERIES,2,E01001427,0,1
2024361490936,2024,361490936,2,9,0,-1,4,7,3,-1,0,0,0,0,0,0,2,1,-1,9,1,37,7,1995,2,16,BMW 3 SERIES,7,E01030054,0,3
2024991472455,2024,991472455,2,9,0,-1,2,0,0,-1,0,0,0,4,0,0,2,1,-1,6,-1,-1,-1,1995,2,6,BMW 3 SERIES,-1,-1,0,-1
2024161535330,2024,161535330,1,9,0,-1,19,5,1,-1,0,1,0,0,3,4,1,1,-1,6,1,46,8,1998,1,0,BMW 3 SERIES,1,E01012857,0,1
2024201503205,2024,201503205,3,9,0,-1,19,4,8,-1,0,0,0,0,0,0,0,1,-1,1,1,30,6,2993,12,3,BMW 3 SERIES,-1,-1,0,-1
2024010505873,2024,010505873,1,9,0,18,19,1,5,0,0,1,0,0,0,0,1,1,6,6,1,33,6,1998,8,5,BMW 3 SERIES,1,E01026824,0,5
2024501491633,2024,501491633,1,9,0,-1,6,6,6,-1,0,8,0,0,0,0,3,1,-1,6,1,21,5,1995,2,11,BMW 3 SERIES,4,E01015050,0,1
2024351413184,2024,351413184,1,9,0,-1,4,-1,-1,-1,0,1,0,0,0,0,1,9,-1,6,1,66,10,1995,2,8,BMW 3 SERIES,10,E01033114,0,3
2024010512647,2024,010512647,1,9,0,99,99,9,9,99,99,0,9,99,9,99,1,9,6,6,2,31,6,1995,2,8,BMW 3 SERIES,3,E01004332,0,1
2024440226631,2024,440226631,1,9,0,9,9,4,2,0,0,6,0,0,0,0,1,1,6,6,1,32,6,2993,2,16,BMW 3 SERIES,3,E01017228,0,2
2024622400098,2024,622400098,1,9,0,18,19,2,6,0,0,1,0,0,0,0,0,1,6,6,1,63,9,2993,2,13,BMW 3 SERIES,10,W01000737,0,2
2024131407439,2024,131407439,4,9,0,-1,19,5,1,-1,0,0,1,0,0,0,1,1,-1,1,1,42,7,2993,12,2,BMW 3 SERIES,6,E01011885,0,2
2024522402687,2024,522402687,1,9,0,18,19,8,4,0,0,0,0,0,0,0,1,1,6,6,1,86,11,2993,2,14,BMW 3 SERIES,7,E01022409,0,4
2024302401127,2024,302401127,2,9,0,17,19,6,2,0,0,3,0,0,0,0,2,1,6,6,1,46,8,2998,1,5,BMW 3 SERIES,4,E01013494,0,1
2024131452684,2024,131452684,1,9,0,-1,19,3,3,-1,0,0,0,0,0,0,3,1,-1,9,1,43,7,1995,2,11,BMW 3 SERIES,1,E01011312,0,1
2024211470000,2024,211470000,2,9,0,-1,19,2,6,-1,0,8,0,0,0,0,1,1,-1,9,1,31,6,1995,2,8,BMW 3 SERIES,2,E01029350,0,1
202417H108024,2024,17H108024,1,9,0,-1,19,5,1,-1,0,0,0,0,0,0,1,1,-1,9,2,33,6,1995,2,9,BMW 3 SERIES,-1,-1,0,-1
2024221406435,2024,221406435,1,9,0,-1,19,5,1,-1,0,4,0,0,0,0,1,9,-1,6,1,66,10,1995,2,16,BMW 3 SERIES,7,E01032180,0,1
2024141419076,2024,141419076,1,9,0,-1,9,2,2,-1,0,0,1,0,3,0,1,9,-1,1,1,35,6,2993,2,4,BMW 3 SERIES,3,E01007451,0,1
2024471422987,2024,471422987,1,9,0,-1,5,3,1,-1,0,1,0,0,0,0,1,1,-1,6,2,24,5,2000,2,14,BMW 3 SERIES,5,E01016886,0,2
2024141466032,2024,141466032,1,9,0,-1,7,7,1,-1,0,8,0,0,0,0,4,1,-1,9,2,76,11,1995,1,17,BMW 3 SERIES,1,E01007945,0,1
2024461484822,2024,461484822,3,9,0,-1,19,1,5,-1,0,0,0,0,0,0,3,1,-1,6,1,40,7,1997,1,10,BMW 3 SERIES,6,E01024847,0,1
2024522402012,2024,522402012,1,9,0,9,9,1,6,0,0,5,0,0,0,0,1,1,6,6,3,-1,-1,2497,1,19,BMW 3 SERIES,-1,-1,0,-1
2024131524632,2024,131524632,2,9,0,-1,19,3,6,-1,0,0,0,0,7,11,1,1,-1,1,1,41,7,2993,2,5,BMW 3 SERIES,1,E01010614,0,3
2024131506687,2024,131506687,1,9,0,-1,19,8,4,-1,0,0,0,6,0,0,1,1,-1,6,1,18,4,2993,2,17,BMW 3 SERIES,6,E01011551,0,3
2024010522606,2024,010522606,2,9,0,99,99,9,9,99,99,9,9,99,9,99,1,9,6,6,3,-1,-1,2000,1,16,BMW 3 SERIES,2,E01004310,0,1
2024010536775,2024,010536775,1,9,0,99,99,9,9,99,99,0,9,99,9,99,2,9,1,1,1,43,7,1995,1,21,BMW 3 SERIES,2,E01000509,0,2
2024440126209,2024,440126209,1,9,0,18,19,1,0,0,0,0,0,0,1,7,4,1,2,2,1,33,6,1995,2,14,BMW 3 SERIES,8,E01023049,0,2
2024531504700,2024,531504700,2,9,0,-1,19,1,5,-1,0,0,0,0,0,0,2,9,-1,6,1,27,6,1998,1,0,BMW 3 SERIES,7,W01001978,0,2
2024201529936,2024,201529936,2,8,0,-1,2,0,0,-1,0,8,0,0,0,0,3,1,-1,6,1,30,6,1995,2,10,BMW 3 SERIES,-1,-1,0,-1
2024471396160,2024,471396160,1,9,0,-1,19,7,3,-1,0,0,0,0,1,11,1,1,-1,9,1,24,5,1995,1,14,BMW 3 SERIES,6,E01021070,0,3
2024302400453,2024,302400453,2,9,0,18,19,8,4,0,0,8,0,0,0,0,3,1,2,2,1,67,10,1995,2,19,BMW 3 SERIES,1,E01013881,0,4
2024311526851,2024,311526851,2,9,0,-1,4,1,3,-1,0,1,0,0,0,0,1,1,-1,2,1,35,6,1995,2,16,BMW 3 SERIES,1,E01028226,0,3
2024991440291,2024,991440291,1,9,0,-1,19,3,7,-1,0,6,0,0,0,0,1,1,-1,1,1,66,10,1995,2,6,BMW 3 SERIES,9,-1,0,2
2024631460642,2024,631460642,1,9,0,-1,19,1,4,-1,0,1,0,10,3,2,1,1,-1,9,1,60,9,1995,2,12,BMW 3 SERIES,8,W01000699,0,2
2024221438940,2024,221438940,4,9,0,-1,19,6,8,-1,0,0,0,0,0,0,0,1,-1,6,1,40,7,2993,2,17,BMW 3 SERIES,5,E01014045,0,2
2024010524230,2024,010524230,6,9,0,3,3,7,3,0,0,2,0,0,0,0,1,1,6,6,2,21,5,1998,8,3,BMW 3 SERIES,3,E01001008,0,2
2024430538665,2024,430538665,1,9,0,7,7,8,2,0,0,4,0,0,0,0,0,1,6,6,2,47,8,1995,2,15,BMW 3 SERIES,7,E01028570,0,1
2024141423818,2024,141423818,3,9,0,-1,2,0,0,-1,0,2,0,0,0,0,3,1,-1,6,3,-1,-1,1995,2,10,BMW 3 SERIES,-1,-1,0,-1
2024451469549,2024,451469549,4,9,0,-1,19,6,2,-1,0,0,0,0,0,0,2,1,-1,1,1,55,8,1997,1,9,BMW 3 SERIES,10,E01030523,0,2
2024052402106,2024,052402106,2,9,0,18,19,1,5,0,0,4,0,0,0,0,1,1,1,1,1,29,6,2993,2,5,BMW 3 SERIES,-1,-1,0,-1
2024131503192,2024,131503192,1,9,0,-1,19,3,7,-1,0,1,0,0,0,0,4,1,-1,9,1,45,7,1998,8,3,BMW 3 SERIES,3,E01010801,0,1
2024101535274,2024,101535274,1,9,0,-1,19,5,1,-1,0,0,1,0,0,0,3,1,-1,6,-1,-1,-1,1995,2,18,BMW 3 SERIES,-1,-1,0,-1
2024430439422,2024,430439422,2,9,0,18,19,5,1,0,0,1,0,0,0,0,4,1,6,6,1,47,8,2793,1,29,BMW 3 SERIES,-1,-1,0,-1
2024501482839,2024,501482839,1,9,0,-1,19,1,5,-1,0,0,5,0,2,10,1,1,-1,9,1,19,4,1995,2,18,BMW 3 SERIES,5,E01020308,0,1
2024041436286,2024,041436286,1,9,0,-1,19,5,1,-1,0,1,5,0,1,4,1,1,-1,6,1,25,5,1995,2,12,BMW 3 SERIES,4,E01029681,0,4
2024471416027,2024,471416027,3,9,0,-1,19,7,3,-1,0,0,1,0,0,0,2,1,-1,6,2,27,6,1995,2,15,BMW 3 SERIES,10,E01021242,0,4
2024451479328,2024,451479328,2,9,0,-1,5,-1,-1,-1,0,0,-1,0,0,0,1,1,-1,9,1,52,8,2996,1,17,BMW 3 SERIES,10,E01030560,0,1
2024461529425,2024,461529425,3,9,0,-1,2,0,0,-1,0,0,0,0,0,0,2,1,-1,9,1,36,7,1995,2,10,BMW 3 SERIES,7,E01024333,0,3
2024451408183,2024,451408183,2,9,0,-1,3,5,1,-1,0,1,0,0,0,0,2,1,-1,1,1,46,8,2993,12,2,BMW 3 SERIES,9,E01023102,0,3
2024340WN0332,2024,340WN0332,1,9,0,-1,19,1,3,-1,0,3,0,0,0,0,3,1,-1,9,1,48,8,2996,1,18,BMW 3 SERIES,9,E01027264,0,1
2024543060124,2024,543060124,2,9,0,3,3,3,7,0,0,8,0,0,0,0,2,1,6,6,2,51,8,1995,2,9,BMW 3 SERIES,9,E01032713,0,1
2024010523179,2024,010523179,2,9,0,18,19,3,7,0,0,1,0,0,0,0,1,1,6,6,1,42,7,1995,2,8,BMW 3 SERIES,4,E01003719,0,1
2024430402573,2024,430402573,1,9,0,18,19,7,3,0,0,1,1,10,0,10,4,1,6,6,1,19,4,1998,1,3,BMW 3 SERIES,2,E01015540,0,3
2024531502646,2024,531502646,4,9,0,-1,4,3,7,-1,0,0,0,0,0,0,2,1,-1,9,1,20,4,1995,2,10,BMW 3 SERIES,2,E01022322,0,1
2024052402759,2024,052402759,2,9,0,18,19,8,4,0,0,8,0,0,0,0,4,1,6,6,1,40,7,1995,1,16,BMW 3 SERIES,3,E01035374,0,4
2024421441342,2024,421441342,2,9,0,-1,9,0,0,-1,0,1,1,0,0,0,1,1,-1,6,1,36,7,1998,8,4,BMW 3 SERIES,9,E01021727,0,1
2024010513920,2024,010513920,3,9,0,2,2,0,0,9,9,0,0,0,0,0,1,1,6,6,3,-1,-1,1998,1,8,BMW 3 SERIES,-1,-1,0,-1
2024501456297,2024,501456297,6,9,0,-1,2,0,0,-1,0,0,0,0,0,0,4,1,-1,6,-1,-1,-1,1995,2,12,BMW 3 SERIES,-1,-1,0,-1
2024070865014,2024,070865014,1,9,0,-1,19,3,7,-1,0,8,0,0,0,0,4,1,-1,9,1,23,5,1995,2,12,BMW 3 SERIES,-1,-1,0,-1
2024010516278,2024,010516278,1,9,0,18,19,3,7,0,0,4,1,0,1,2,1,1,6,6,1,24,5,1995,1,13,BMW 3 SERIES,2,E01004067,0,2
2024622400359,2024,622400359,1,9,0,18,19,2,6,0,0,0,0,0,0,0,3,1,1,1,1,-1,-1,1998,8,3,BMW 3 SERIES,3,W01001293,0,4
2024461451228,2024,461451228,1,9,0,-1,19,7,3,-1,0,0,0,0,0,0,1,1,-1,2,1,34,6,2000,2,14,BMW 3 SERIES,5,E01024520,0,1
2024361499720,2024,361499720,1,9,0,-1,9,3,2,-1,0,0,1,0,7,0,4,1,-1,6,1,32,6,1995,2,11,BMW 3 SERIES,3,E01033038,0,3
2024461536780,2024,461536780,2,9,0,-1,5,3,7,-1,0,1,0,0,0,0,3,9,-1,6,2,27,6,1995,1,16,BMW 3 SERIES,4,E01024204,0,1
2024531480291,2024,531480291,2,9,0,-1,5,7,3,-1,0,6,0,0,0,0,1,2,-1,6,2,35,6,2000,2,14,BMW 3 SERIES,6,E01022154,0,1
2024131413812,2024,131413812,1,9,0,-1,9,6,4,-1,0,8,0,0,0,0,1,1,-1,9,1,51,8,2000,2,14,BMW 3 SERIES,1,E01011316,0,1
2024061489913,2024,061489913,1,9,0,-1,5,3,7,-1,0,0,0,0,0,0,1,1,-1,6,1,28,6,1995,2,5,BMW 3 SERIES,5,E01005268,0,3
2024041514956,2024,041514956,1,9,0,-1,19,4,8,-1,0,0,0,0,0,0,1,1,-1,9,1,36,7,1995,2,12,BMW 3 SERIES,4,E01006186,0,4
2024411396217,2024,411396217,2,9,0,-1,3,-1,-1,-1,0,0,0,0,0,0,2,9,-1,9,2,43,7,1995,2,9,BMW 3 SERIES,7,E01023832,0,1
2024201436186,2024,201436186,4,9,0,-1,19,8,5,-1,0,0,0,0,0,0,0,1,-1,1,1,27,6,2993,12,3,BMW 3 SERIES,-1,-1,0,-1
2024031432789,2024,031432789,2,9,0,-1,19,8,4,-1,0,0,0,0,0,0,4,1,-1,9,2,31,6,1995,2,11,BMW 3 SERIES,3,E01019221,0,1
2024010510694,2024,010510694,2,9,0,99,99,9,9,99,99,9,9,99,9,99,9,9,6,6,1,29,6,1995,1,17,BMW 3 SERIES,7,E01002172,0,1
2024401489995,2024,401489995,1,9,0,-1,19,3,6,-1,0,1,0,0,0,0,1,1,-1,6,1,20,4,1998,8,0,BMW 3 SERIES,8,E01015695,0,1
2024141435762,2024,141435762,2,9,0,-1,7,1,3,-1,0,4,0,0,0,0,1,1,-1,6,2,37,7,1995,2,18,BMW 3 SERIES,4,E01034247,0,1
2024010528451,2024,010528451,2,9,0,99,99,9,9,99,99,6,9,99,9,99,9,9,6,6,3,73,10,2494,1,21,BMW 3 SERIES,10,E01004093,0,2
2024631515951,2024,631515951,2,9,0,-1,19,8,4,-1,0,0,0,0,0,0,1,1,-1,2,1,25,5,2993,2,16,BMW 3 SERIES,2,W01000604,0,1
2024131485961,2024,131485961,3,9,0,-1,19,1,5,-1,0,8,0,0,0,0,0,9,-1,1,1,-1,-1,2993,2,4,BMW 3 SERIES,-1,-1,0,-1
2024010493455,2024,010493455,2,9,0,18,19,3,7,0,0,1,0,0,7,2,4,1,6,6,1,36,7,1998,8,4,BMW 3 SERIES,2,E01000501,0,1
2024451520894,2024,451520894,2,9,0,-1,19,3,7,-1,0,8,1,0,4,0,3,1,-1,2,1,24,5,2993,2,5,BMW 3 SERIES,7,E01035304,0,4
2024552401153,2024,552401153,2,9,0,1,1,2,1,0,0,5,0,0,0,0,1,1,6,6,1,30,6,1995,2,11,BMW 3 SERIES,4,E01020578,0,1
2024411536816,2024,411536816,1,9,0,-1,19,4,8,-1,0,0,1,0,7,0,1,1,-1,6,1,31,6,1995,2,17,BMW 3 SERIES,6,E01023765,0,2
2024371400727,2024,371400727,1,9,0,-1,1,-1,-1,-1,0,0,0,0,0,0,3,9,-1,6,3,-1,-1,1995,2,8,BMW 3 SERIES,-1,-1,0,-1
2024201443978,2024,201443978,2,9,0,-1,4,6,2,-1,0,0,0,0,0,0,4,1,-1,9,3,49,8,1995,2,7,BMW 3 SERIES,10,E01010202,0,3
2024052400288,2024,052400288,4,9,0,18,19,7,3,0,0,0,0,0,0,0,0,1,1,1,1,35,6,2993,2,5,BMW 3 SERIES,-1,-1,0,-1
2024010545276,2024,010545276,2,9,0,5,5,7,3,0,0,0,1,0,0,0,4,1,6,6,1,34,6,1998,8,0,BMW 3 SERIES,-1,-1,0,-1
2024461442920,2024,461442920,1,9,0,-1,19,6,2,-1,0,0,2,0,0,0,4,1,-1,2,2,53,8,1995,2,8,BMW 3 SERIES,8,E01024015,0,2
2024010501919,2024,010501919,3,9,0,2,2,0,0,9,9,2,0,0,0,0,1,1,6,6,3,-1,-1,1499,1,9,BMW 3 SERIES,-1,-1,0,-1