collision_index,collision_year,collision_ref_no,vehicle_reference,vehicle_type,towing_and_articulation,vehicle_manoeuvre_historic,vehicle_manoeuvre,vehicle_direction_from,vehicle_direction_to,vehicle_location_restricted_lane_historic,vehicle_location_restricted_lane,junction_location,skidding_and_overturning,hit_object_in_carriageway,vehicle_leaving_carriageway,hit_object_off_carriageway,first_point_of_impact,vehicle_left_hand_drive,journey_purpose_of_driver_historic,journey_purpose_of_driver,sex_of_driver,age_of_driver,age_band_of_driver,engine_capacity_cc,propulsion_code,age_of_vehicle,generic_make_model,driver_imd_decile,lsoa_of_driver,escooter_flag,driver_distance_banding
2024501510477,2024,501510477,1,9,0,-1,13,3,7,-1,0,1,0,0,0,0,1,1,-1,6,1,60,9,1998,1,5,BMW 3 SERIES,6,E01018821,0,1
2024522403125,2024,522403125,2,9,0,13,13,6,2,0,0,0,0,0,0,0,1,1,6,6,2,47,8,1995,1,16,BMW 3 SERIES,7,E01014649,0,1
2024201455957,2024,201455957,1,9,0,-1,19,4,8,-1,0,0,0,4,0,0,1,1,-1,6,3,-1,-1,2993,2,9,BMW 3 SERIES,-1,-1,0,-1
2024010528488,2024,010528488,3,9,0,2,2,0,0,0,0,1,0,0,0,0,1,1,6,6,3,-1,-1,1596,1,26,BMW 3 SERIES,-1,-1,0,-1
2024010551560,2024,010551560,2,9,0,99,99,9,9,99,99,9,9,99,9,99,9,9,6,6,3,-1,-1,1995,2,7,BMW 3 SERIES,-1,-1,0,-1
2024471426255,2024,471426255,3,9,0,-1,5,3,1,-1,0,8,0,0,0,0,0,1,-1,6,2,59,9,1995,1,12,BMW 3 SERIES,7,E01017004,0,1
2024131414291,2024,131414291,1,9,0,-1,19,5,3,-1,0,8,1,6,7,7,2,1,-1,9,2,24,5,2993,2,10,BMW 3 SERIES,3,E01011776,0,2
2024371409521,2024,371409521,1,9,0,-1,19,1,5,-1,0,1,0,0,0,0,1,1,-1,6,1,26,6,1995,2,14,BMW 3 SERIES,1,E01030018,0,1
2024531520811,2024,531520811,1,9,0,-1,19,8,4,-1,0,0,0,0,0,0,3,1,-1,9,2,59,9,1895,1,23,BMW 3 SERIES,6,E01022271,0,1
202460Q128119,2024,60Q128119,1,9,0,5,5,3,7,0,0,1,0,0,0,0,1,1,6,6,2,61,9,1995,2,12,BMW 3 SERIES,-1,-1,0,-1
2024471505236,2024,471505236,1,9,0,-1,7,7,1,-1,9,1,0,0,0,0,4,1,-1,9,1,58,9,1998,1,6,BMW 3 SERIES,6,E01016943,0,1
2024010530770,2024,010530770,2,9,0,9,9,7,4,0,0,8,0,0,0,0,1,1,1,1,1,46,8,2497,1,16,BMW 3 SERIES,8,E01000680,0,2
2024631456802,2024,631456802,1,9,0,-1,14,4,8,-1,0,0,0,0,0,0,3,1,-1,6,3,-1,-1,2993,2,16,BMW 3 SERIES,-1,-1,0,-1
2024131466188,2024,131466188,3,9,0,-1,19,1,3,-1,0,1,0,0,0,0,0,1,-1,1,1,36,7,2993,2,5,BMW 3 SERIES,6,E01011885,0,3
2024471498183,2024,471498183,1,9,0,-1,9,3,1,-1,5,5,0,0,0,0,1,1,-1,9,1,44,7,2993,2,8,BMW 3 SERIES,9,E01017002,0,1
2024471528828,2024,471528828,1,9,0,-1,19,5,1,-1,0,0,1,0,1,0,3,1,-1,6,1,37,7,2993,2,17,BMW 3 SERIES,5,E01030433,0,4
2024221492106,2024,221492106,2,9,0,-1,19,5,1,-1,0,8,0,0,0,0,1,9,-1,6,1,56,9,1998,8,2,BMW 3 SERIES,6,E01032200,0,1
2024010499469,2024,010499469,2,9,0,99,99,9,9,99,99,9,9,99,9,99,2,9,6,6,3,-1,-1,1998,8,6,BMW 3 SERIES,6,E01002489,0,1
2024501414224,2024,501414224,2,9,0,-1,9,5,3,-1,0,1,0,0,0,0,1,9,-1,2,1,57,9,2497,1,18,BMW 3 SERIES,3,E01022254,0,5
2024401464743,2024,401464743,2,9,0,-1,3,5,1,-1,0,1,0,0,0,0,3,1,-1,9,1,45,7,1998,8,4,BMW 3 SERIES,7,E01023618,0,3
2024552401394,2024,552401394,2,9,0,4,4,6,2,0,0,1,0,0,0,0,2,1,6,6,2,40,7,1998,8,5,BMW 3 SERIES,9,E01020350,0,1
2024531427494,2024,531427494,2,9,0,-1,19,6,2,-1,0,1,0,0,6,0,1,1,-1,1,1,57,9,1998,8,1,BMW 3 SERIES,-1,-1,0,-1
2024122401001,2024,122401001,2,9,0,18,19,8,4,0,0,4,0,0,0,0,1,1,6,6,1,44,7,1995,1,16,BMW 3 SERIES,10,E01027731,0,1
2024061452950,2024,061452950,2,9,0,-1,4,4,8,-1,0,0,0,0,0,0,2,1,-1,9,1,72,10,1995,2,4,BMW 3 SERIES,8,E01006378,0,1
2024501440509,2024,501440509,2,9,0,-1,2,6,5,-1,0,0,0,0,0,0,2,1,-1,6,2,45,7,2000,2,14,BMW 3 SERIES,1,E01019033,0,2
2024070488604,2024,070488604,1,9,0,-1,-1,2,6,0,0,0,0,0,0,0,1,1,6,6,1,22,5,1995,12,3,BMW 3 SERIES,8,E01012462,0,1
2024010525835,2024,010525835,1,9,0,13,13,1,5,0,0,1,0,0,0,0,1,1,6,6,1,38,7,2494,1,20,BMW 3 SERIES,3,E01002585,0,1
2024520401116,2024,520401116,1,9,0,18,19,5,1,0,0,0,0,0,0,0,4,1,6,6,3,-1,-1,2494,1,24,BMW 3 SERIES,-1,-1,0,-1
2024421518138,2024,421518138,1,9,0,-1,19,1,6,-1,0,0,1,0,0,0,1,1,-1,9,2,24,5,2000,2,15,BMW 3 SERIES,6,E01021629,0,3
2024320730955,2024,320730955,1,9,0,-1,-1,1,5,9,9,6,0,0,0,0,1,1,-1,-1,1,56,9,1995,2,10,BMW 3 SERIES,5,E01026410,0,3
2024340WN4382,2024,340WN4382,2,9,0,-1,19,1,5,-1,0,3,0,0,7,1,4,1,-1,6,2,34,6,1995,2,16,BMW 3 SERIES,3,E01027227,0,1
2024311425047,2024,311425047,1,9,0,-1,19,2,6,-1,0,8,0,0,0,0,3,1,-1,6,1,40,7,1995,2,14,BMW 3 SERIES,8,E01027959,0,4
2024421502979,2024,421502979,1,9,0,-1,19,1,5,-1,0,0,2,0,0,0,1,1,-1,9,1,49,8,2000,2,15,BMW 3 SERIES,8,E01021604,0,1
2024440220047,2024,440220047,1,9,0,18,19,6,2,0,0,1,0,0,0,0,1,1,6,6,1,20,4,1995,1,17,BMW 3 SERIES,4,E01022523,0,1
2024010505338,2024,010505338,2,9,9,18,19,3,7,99,99,0,9,99,9,99,1,9,6,6,1,-1,-1,1998,8,4,BMW 3 SERIES,-1,-1,0,-1
2024411497665,2024,411497665,1,9,0,-1,19,1,5,-1,0,0,0,0,0,0,1,1,-1,6,1,-1,-1,1998,8,0,BMW 3 SERIES,-1,-1,0,-1
2024011448306,2024,011448306,2,9,0,-1,19,1,5,-1,0,0,0,0,0,0,2,1,-1,9,1,39,7,2996,1,13,BMW 3 SERIES,10,E01001104,0,4
2024371489584,2024,371489584,1,9,0,-1,19,5,1,-1,0,0,5,0,1,0,1,1,-1,6,1,25,5,1995,2,13,BMW 3 SERIES,8,E01021407,0,1
2024522402600,2024,522402600,1,9,0,18,19,8,4,0,0,8,0,0,0,0,3,1,6,6,2,53,8,2993,2,10,BMW 3 SERIES,6,E01014865,0,1
2024631523699,2024,631523699,2,9,0,-1,19,2,6,-1,0,8,0,0,0,0,1,1,-1,9,2,46,8,1995,2,14,BMW 3 SERIES,7,W01000506,0,1
2024401518250,2024,401518250,1,9,0,-1,7,3,5,-1,0,8,0,0,0,0,1,1,-1,6,1,45,7,1995,2,15,BMW 3 SERIES,2,E01033801,0,1
2024451482691,2024,451482691,2,9,0,-1,19,7,3,-1,0,0,0,0,0,0,1,1,-1,9,2,38,7,1995,2,7,BMW 3 SERIES,4,E01023106,0,3
2024520402227,2024,520402227,1,9,0,4,4,1,8,0,0,1,0,11,7,1,1,1,6,6,1,59,9,1995,2,10,BMW 3 SERIES,7,E01029085,0,1
2024061417142,2024,061417142,1,9,-1,-1,-1,-1,-1,-1,-1,0,-1,-1,-1,0,1,9,-1,6,1,-1,-1,1995,2,17,BMW 3 SERIES,-1,-1,0,-1
2024131418646,2024,131418646,1,9,0,-1,1,1,5,-1,0,1,0,0,0,0,-1,1,-1,6,1,29,6,1995,2,11,BMW 3 SERIES,7,E01011067,0,1
2024371523414,2024,371523414,2,9,0,-1,9,6,3,-1,0,0,0,0,0,0,0,9,-1,6,1,30,6,1998,1,3,BMW 3 SERIES,7,E01034573,0,1
2024041499946,2024,041499946,1,9,0,-1,5,3,7,-1,0,6,0,0,0,0,3,9,-1,6,3,-1,-1,2996,1,19,BMW 3 SERIES,-1,-1,0,-1
2024531438059,2024,531438059,1,9,0,-1,12,1,1,-1,0,0,1,0,1,0,1,1,-1,1,1,23,5,1995,2,7,BMW 3 SERIES,5,E01022344,0,2
2024544976724,2024,544976724,2,9,0,18,19,5,1,0,0,1,0,0,0,0,1,1,6,6,2,43,7,1995,2,12,BMW 3 SERIES,8,E01032053,0,1
2024010500141,2024,010500141,1,9,0,18,19,7,3,0,0,1,0,0,0,0,1,1,6,6,1,36,7,1995,1,16,BMW 3 SERIES,5,E01002567,0,1
2024161533171,2024,161533171,1,9,0,-1,1,5,1,-1,0,0,0,0,0,0,2,1,-1,6,1,45,7,1995,2,17,BMW 3 SERIES,5,E01012819,0,1
2024201460067,2024,201460067,2,9,0,-1,19,8,4,-1,0,8,0,0,0,0,1,1,-1,6,2,42,7,1995,2,6,BMW 3 SERIES,1,E01009412,0,1
2024440522337,2024,440522337,1,9,0,3,3,7,3,0,0,1,0,0,0,0,1,1,6,6,1,19,4,2494,1,19,BMW 3 SERIES,5,E01022678,0,4
2024552400585,2024,552400585,1,9,0,18,19,8,6,0,0,1,0,0,0,0,1,1,1,1,1,30,6,1995,2,10,BMW 3 SERIES,1,E01015338,0,1
2024131425997,2024,131425997,2,9,0,-1,9,2,3,-1,0,6,0,0,1,0,3,1,-1,9,2,31,6,1995,2,13,BMW 3 SERIES,8,E01011254,0,3
2024101411723,2024,101411723,1,9,0,-1,9,7,5,-1,0,6,0,0,0,0,1,1,-1,6,1,32,6,1995,2,14,BMW 3 SERIES,-1,-1,0,-1
2024430539328,2024,430539328,2,9,0,9,9,2,8,0,0,1,0,0,0,0,1,1,6,6,2,-1,-1,2993,2,14,BMW 3 SERIES,-1,-1,0,-1
2024041449101,2024,041449101,1,9,0,-1,4,3,7,-1,0,0,0,0,0,0,3,1,-1,6,1,30,6,2993,2,9,BMW 3 SERIES,3,E01025034,0,3
2024161419127,2024,161419127,1,9,0,-1,19,3,7,-1,0,8,1,0,1,0,1,1,-1,6,1,28,6,2993,2,18,BMW 3 SERIES,5,E01026390,0,4
2024010525629,2024,010525629,1,9,0,4,4,5,1,0,0,7,0,0,0,0,2,1,6,6,2,30,6,1998,8,8,BMW 3 SERIES,6,E01000244,0,3
2024131507767,2024,131507767,1,9,0,-1,19,5,1,-1,0,8,0,0,0,0,1,1,-1,6,2,44,7,1995,2,9,BMW 3 SERIES,8,E01011767,0,1
2024552500051,2024,552500051,1,9,0,18,19,6,2,0,0,0,0,0,0,0,1,1,6,6,3,-1,-1,1995,2,17,BMW 3 SERIES,-1,-1,0,-1
2024221524819,2024,221524819,2,9,0,-1,19,8,4,-1,0,0,0,0,0,0,1,9,-1,6,1,39,7,1995,2,17,BMW 3 SERIES,3,E01009112,0,1
2024340NN4172,2024,340NN4172,2,9,0,-1,19,5,1,-1,0,0,0,0,0,0,3,1,-1,2,1,32,6,2996,1,16,BMW 3 SERIES,3,E01027056,0,1
2024131407777,2024,131407777,2,9,0,-1,5,7,3,-1,0,0,0,0,0,0,3,2,-1,9,1,38,7,2000,2,12,BMW 3 SERIES,10,E01028382,0,5
2024501474013,2024,501474013,2,9,0,-1,19,6,2,-1,99,0,2,0,1,0,3,1,-1,6,1,33,6,1995,2,14,BMW 3 SERIES,3,E01018066,0,5
2024991405899,2024,991405899,2,9,0,-1,19,4,8,-1,0,0,0,0,0,0,1,1,-1,6,1,67,10,1995,2,6,BMW 3 SERIES,8,-1,0,1
2024010536879,2024,010536879,2,9,0,99,99,9,9,99,99,1,9,99,9,99,9,9,6,6,3,44,7,1499,1,8,BMW 3 SERIES,2,E01002715,0,1
2024451412995,2024,451412995,3,9,0,-1,4,3,7,-1,0,0,0,0,0,0,2,1,-1,6,2,37,7,1995,2,8,BMW 3 SERIES,-1,-1,0,-1
2024351509368,2024,351509368,2,9,0,-1,19,5,1,-1,0,1,0,0,1,1,1,1,-1,9,2,42,7,1995,2,14,BMW 3 SERIES,6,E01018052,0,1
2024501448931,2024,501448931,2,9,0,-1,19,1,5,-1,0,8,0,0,0,0,4,1,-1,2,2,26,6,1995,2,16,BMW 3 SERIES,8,E01019898,0,2
2024430266869,2024,430266869,1,9,0,4,4,5,1,0,0,0,0,0,0,0,1,1,6,6,2,-1,-1,2993,2,18,BMW 3 SERIES,-1,-1,0,-1
2024141532699,2024,141532699,3,9,0,-1,2,1,5,-1,-1,0,0,0,0,0,0,1,-1,6,-1,-1,-1,2993,8,2,BMW 3 SERIES,-1,-1,0,-1
2024546697124,2024,546697124,2,9,0,3,3,5,1,0,0,0,0,0,0,0,2,1,6,6,1,60,9,1998,8,1,BMW 3 SERIES,7,E01034541,0,2
2024332400372,2024,332400372,1,9,0,-1,19,4,8,-1,0,8,0,0,0,0,1,1,-1,9,2,43,7,1998,1,5,BMW 3 SERIES,7,E01013759,0,1
2024201533665,2024,201533665,2,9,0,-1,19,3,7,-1,0,0,0,0,0,0,4,1,-1,9,1,27,6,2996,1,16,BMW 3 SERIES,4,E01003767,0,5
2024991532715,2024,991532715,1,9,0,-1,5,4,8,-1,0,0,0,0,0,0,1,1,-1,6,1,26,6,1995,2,9,BMW 3 SERIES,-1,-1,0,-1
2024451457149,2024,451457149,2,9,0,-1,19,3,7,-1,0,1,0,0,0,0,2,1,-1,1,1,33,6,1998,8,1,BMW 3 SERIES,7,E01016853,0,4
2024010533951,2024,010533951,1,9,0,13,13,5,1,0,0,1,0,0,0,0,1,1,2,2,1,28,6,2979,1,18,BMW 3 SERIES,4,E01002393,0,1
2024451479535,2024,451479535,1,9,0,-1,4,8,4,-1,-1,5,0,0,0,0,1,1,-1,6,2,78,11,2979,1,18,BMW 3 SERIES,9,E01030617,0,1
2024531487012,2024,531487012,1,9,0,-1,15,4,1,-1,0,0,0,0,0,0,3,1,-1,9,2,41,7,1998,1,0,BMW 3 SERIES,-1,-1,0,-1
2024010520627,2024,010520627,3,9,0,2,2,0,0,0,0,0,0,0,0,0,1,1,6,6,3,-1,-1,2996,1,16,BMW 3 SERIES,-1,-1,0,-1
2024131478412,2024,131478412,2,9,0,-1,19,7,1,-1,0,0,0,0,0,0,3,1,-1,9,2,40,7,1995,2,11,BMW 3 SERIES,6,E01010922,0,2
2024320463654,2024,320463654,1,9,0,13,13,2,6,0,0,0,2,0,1,3,1,1,-1,-1,1,22,5,1995,2,12,BMW 3 SERIES,5,E01013648,0,5
2024471490920,2024,471490920,1,9,0,-1,7,5,7,-1,0,1,0,0,1,0,1,1,-1,6,1,63,9,2497,1,17,BMW 3 SERIES,7,E01016987,0,1
2024141441843,2024,141441843,1,9,0,-1,19,4,8,-1,0,1,0,0,7,11,1,1,-1,9,1,27,6,1995,2,12,BMW 3 SERIES,1,E01008054,0,3
2024201506205,2024,201506205,2,9,0,-1,19,2,4,-1,0,0,0,0,0,0,0,1,-1,8,2,29,6,2993,2,3,BMW 3 SERIES,4,E01009234,0,2
2024201499551,2024,201499551,1,9,0,-1,8,5,8,-1,0,1,0,0,0,0,2,1,-1,9,1,39,7,1995,2,13,BMW 3 SERIES,2,E01009744,0,1
2024010531930,2024,010531930,1,9,0,3,3,5,1,0,0,0,0,0,3,0,1,2,3,7,1,28,6,1998,1,0,BMW 3 SERIES,6,E01003650,0,1
2024201532295,2024,201532295,2,9,0,-1,19,3,7,-1,0,8,0,0,0,0,3,1,-1,9,1,47,8,1995,2,8,BMW 3 SERIES,6,E01009419,0,2
2024010497592,2024,010497592,1,9,0,4,4,1,5,0,0,0,0,0,0,0,1,1,6,6,2,45,7,1995,2,13,BMW 3 SERIES,7,E01034186,0,1
2024401446345,2024,401446345,1,9,0,-1,19,8,5,-1,0,0,1,4,0,0,1,1,-1,6,1,22,5,2979,1,19,BMW 3 SERIES,8,E01015695,0,1
2024201475600,2024,201475600,1,9,0,-1,19,1,5,-1,0,0,0,0,0,0,1,1,-1,6,1,64,9,2993,2,5,BMW 3 SERIES,1,E01009406,0,2
2024061477017,2024,061477017,3,9,0,-1,19,1,1,-1,0,0,0,4,0,0,1,1,-1,6,1,-1,-1,1995,2,18,BMW 3 SERIES,-1,-1,0,-1
2024141412216,2024,141412216,1,9,0,-1,19,4,8,-1,0,0,1,0,0,0,2,1,-1,6,-1,18,4,1995,2,18,BMW 3 SERIES,-1,-1,0,-1
2024320610605,2024,320610605,1,9,0,-1,-1,7,3,0,0,0,0,0,0,0,1,1,6,6,1,20,4,2996,1,17,BMW 3 SERIES,4,E01026036,0,3
2024421519463,2024,421519463,1,9,0,-1,19,6,2,-1,0,0,0,0,4,0,1,2,-1,9,2,36,7,2993,2,13,BMW 3 SERIES,3,E01018226,0,4
2024522403157,2024,522403157,2,9,0,18,19,2,6,0,0,6,0,0,0,0,1,1,6,6,2,-1,-1,1995,2,9,BMW 3 SERIES,-1,-1,0,-1
2024401429863,2024,401429863,2,9,-1,-1,13,5,1,-1,0,0,1,0,7,6,4,9,-1,2,1,64,9,1995,2,6,BMW 3 SERIES,9,E01002116,0,4
2024622400234,2024,622400234,1,9,0,18,19,6,2,0,0,0,0,0,0,0,2,1,6,6,1,30,6,1998,1,2,BMW 3 SERIES,3,W01001322,0,1
2024122400553,2024,122400553,1,9,0,13,13,6,2,0,0,0,0,0,1,0,3,1,2,2,1,34,6,1995,2,12,BMW 3 SERIES,4,E01027795,0,4
2024501467090,2024,501467090,1,9,0,-1,19,5,1,-1,0,0,0,0,0,0,2,1,-1,9,2,35,6,1995,2,12,BMW 3 SERIES,2,E01034866,0,3
2024211518329,2024,211518329,2,9,0,-1,19,8,5,-1,0,0,1,10,0,0,4,1,-1,9,1,24,5,2993,2,4,BMW 3 SERIES,-1,-1,0,-1
2024552401129,2024,552401129,2,9,0,9,9,4,2,0,0,6,0,0,0,0,1,1,6,6,1,27,6,2000,1,16,BMW 3 SERIES,6,E01023065,0,3
2024010527654,2024,010527654,1,9,0,18,19,3,7,0,0,0,0,0,0,0,0,1,2,2,2,37,7,1995,2,10,BMW 3 SERIES,7,E01001678,0,1
2024545648824,2024,545648824,1,9,0,18,19,6,3,0,0,3,0,0,0,0,3,1,2,2,2,47,8,2996,1,13,BMW 3 SERIES,8,E01015500,0,2
2024332400581,2024,332400581,1,9,0,-1,19,1,5,-1,0,0,0,0,0,0,1,1,-1,1,2,40,7,2993,2,11,BMW 3 SERIES,9,E01025860,0,1
2024311395316,2024,311395316,4,9,0,-1,13,1,5,-1,0,0,0,0,0,0,4,1,-1,1,1,-1,-1,2993,2,4,BMW 3 SERIES,-1,-1,0,-1
2024131412430,2024,131412430,2,9,0,-1,9,6,8,-1,0,0,0,0,0,0,1,1,-1,7,2,40,7,1995,2,19,BMW 3 SERIES,1,E01011430,0,1
2024520401550,2024,520401550,2,9,0,18,19,5,1,0,0,8,0,0,0,0,9,1,6,6,3,-1,-1,1995,2,13,BMW 3 SERIES,-1,-1,0,-1
2024201397906,2024,201397906,1,9,0,-1,5,2,5,-1,0,6,0,0,0,0,1,1,-1,2,1,70,10,1995,2,12,BMW 3 SERIES,3,E01029496,0,3
2024332400808,2024,332400808,3,9,0,-1,4,8,4,-1,0,0,0,0,0,0,2,1,-1,1,2,42,7,1998,1,1,BMW 3 SERIES,-1,-1,0,-1
2024430496973,2024,430496973,2,9,0,9,9,2,8,0,0,6,0,0,0,0,3,1,6,6,1,-1,-1,2494,1,24,BMW 3 SERIES,-1,-1,0,-1
2024131496681,2024,131496681,1,9,0,-1,19,7,3,-1,-1,0,0,0,0,0,2,1,-1,1,1,44,7,2993,12,2,BMW 3 SERIES,6,E01011885,0,3
2024061435820,2024,061435820,2,9,0,-1,19,1,5,-1,0,0,0,0,0,0,4,1,-1,6,1,79,11,1796,1,21,BMW 3 SERIES,7,E01006252,0,1
2024010526593,2024,010526593,1,9,0,4,4,1,5,0,0,0,0,4,0,0,1,1,6,6,2,72,10,1995,1,22,BMW 3 SERIES,10,E01003358,0,1
2024131501386,2024,131501386,1,9,0,-1,19,5,1,-1,0,0,5,0,0,0,1,1,-1,2,1,25,5,1995,2,14,BMW 3 SERIES,9,E01028738,0,5
2024461511930,2024,461511930,1,9,0,-1,9,5,1,-1,0,0,0,0,0,0,1,1,-1,6,1,19,4,1995,2,16,BMW 3 SERIES,-1,-1,0,-1
2024430108500,2024,430108500,2,9,0,16,19,1,4,0,0,1,0,0,0,0,0,1,1,1,1,-1,-1,2993,2,5,BMW 3 SERIES,-1,-1,0,-1
2024421526326,2024,421526326,1,9,0,-1,13,3,7,-1,0,0,0,0,0,0,1,1,-1,1,1,53,8,1998,8,2,BMW 3 SERIES,6,E01030039,0,4
2024421404964,2024,421404964,1,9,0,-1,19,7,3,-1,0,0,1,0,1,0,1,1,-1,9,1,42,7,2993,2,17,BMW 3 SERIES,7,E01034093,0,1
2024440354147,2024,440354147,1,9,0,3,3,3,7,0,0,8,0,0,0,0,2,1,6,6,2,41,7,1995,2,10,BMW 3 SERIES,2,E01022655,0,2
2024041483989,2024,041483989,1,9,0,-1,19,8,4,-1,0,0,0,0,0,0,3,1,-1,2,1,22,5,1995,2,12,BMW 3 SERIES,1,E01024925,0,1
2024131439729,2024,131439729,2,9,0,-1,5,5,1,-1,0,1,0,0,0,0,4,1,-1,9,1,44,7,1995,2,19,BMW 3 SERIES,1,E01011864,0,4
2024411475028,2024,411475028,1,9,0,-1,19,8,4,-1,0,0,1,0,4,6,1,1,-1,6,1,30,6,1995,2,17,BMW 3 SERIES,4,E01023301,0,1
2024440430158,2024,440430158,1,9,0,7,7,5,7,0,0,6,0,0,0,0,1,1,6,6,3,-1,-1,2993,2,16,BMW 3 SERIES,-1,-1,0,-1
2024221522534,2024,221522534,1,9,0,-1,19,4,8,-1,0,0,1,4,1,0,1,1,-1,6,1,23,5,1598,1,10,BMW 3 SERIES,9,E01001030,0,5
2024010526162,2024,010526162,1,9,0,18,19,9,9,99,99,9,9,99,9,99,1,9,6,6,2,56,9,1995,1,23,BMW 3 SERIES,5,E01002244,0,1
2024411518707,2024,411518707,3,9,0,-1,2,0,0,-1,0,0,0,0,0,0,1,1,-1,9,1,79,11,1995,2,18,BMW 3 SERIES,8,E01023528,0,1
2024041488119,2024,041488119,2,9,0,-1,19,8,4,-1,0,1,1,0,0,0,1,1,-1,9,1,24,5,1995,2,11,BMW 3 SERIES,3,E01025225,0,1
2024010508766,2024,010508766,1,9,0,9,9,1,6,0,0,1,0,0,0,0,3,1,6,6,2,60,9,1995,1,13,BMW 3 SERIES,3,E01003024,0,1
2024061421176,2024,061421176,1,9,0,-1,19,4,1,-1,0,0,0,0,8,0,1,1,-1,6,1,26,6,1995,1,17,BMW 3 SERIES,1,E01004856,0,1
2024010506578,2024,010506578,1,9,0,9,9,3,1,0,0,1,0,10,0,0,1,1,6,6,3,18,4,2996,1,15,BMW 3 SERIES,5,E01004565,0,1
2024332400514,2024,332400514,1,9,0,-1,19,5,1,-1,0,0,0,0,0,0,1,1,-1,6,2,-1,-1,1995,2,13,BMW 3 SERIES,-1,-1,0,-1
2024461442300,2024,461442300,2,9,0,-1,19,3,1,-1,0,0,0,0,0,0,2,1,-1,9,1,29,6,1995,2,12,BMW 3 SERIES,5,E01033087,0,1
2024320580266,2024,320580266,1,9,0,-1,-1,8,4,0,0,0,1,0,1,9,1,1,6,6,1,39,7,2993,2,15,BMW 3 SERIES,6,E01026199,0,1
2024461411425,2024,461411425,2,9,0,-1,19,3,7,-1,0,3,0,0,0,0,3,1,-1,6,1,28,6,2993,2,17,BMW 3 SERIES,1,E01024710,0,2
2024010504470,2024,010504470,2,9,0,99,99,9,9,99,99,0,9,99,9,99,1,9,6,6,3,-1,-1,1995,2,18,BMW 3 SERIES,-1,-1,0,-1
2024622400324,2024,622400324,1,9,0,18,19,6,2,0,0,0,0,0,0,0,1,1,1,1,1,24,5,1995,2,10,BMW 3 SERIES,2,W01001766,0,4
2024041504107,2024,041504107,1,9,0,-1,19,7,3,-1,0,1,0,0,0,0,1,9,-1,6,3,-1,-1,1995,2,18,BMW 3 SERIES,-1,-1,0,-1
2024221530974,2024,221530974,1,9,0,-1,9,8,6,-1,0,6,0,0,0,0,1,1,-1,1,1,48,8,2494,1,27,BMW 3 SERIES,7,E01028954,0,1
2024052400750,2024,052400750,2,9,0,18,19,5,1,0,0,0,0,0,0,0,1,1,1,1,1,35,6,2993,2,5,BMW 3 SERIES,-1,-1,0,-1
2024211527952,2024,211527952,1,9,0,-1,19,8,4,-1,0,8,0,0,0,0,4,9,-1,6,2,-1,-1,1998,1,3,BMW 3 SERIES,3,E01029553,0,1
2024141439019,2024,141439019,2,9,0,-1,19,5,1,-1,0,1,0,0,0,0,1,1,-1,9,1,26,6,1995,2,10,BMW 3 SERIES,2,E01007914,0,1
2024231473459,2024,231473459,2,9,0,-1,9,7,4,-1,0,6,0,0,0,0,0,1,-1,6,1,51,8,1995,2,7,BMW 3 SERIES,7,E01009646,0,4
2024161532153,2024,161532153,2,9,0,-1,3,7,3,-1,0,1,0,0,0,0,2,1,-1,6,1,68,10,1995,2,12,BMW 3 SERIES,6,E01012771,0,1
2024421445736,2024,421445736,1,9,0,-1,19,3,7,-1,0,0,2,0,1,0,1,1,-1,6,1,43,7,1997,1,10,BMW 3 SERIES,4,E01015933,0,1
2024141424333,2024,141424333,1,9,0,-1,19,8,4,-1,0,0,0,10,7,3,1,1,-1,6,1,25,5,1995,2,16,BMW 3 SERIES,9,E01007802,0,1
2024201413884,2024,201413884,2,9,0,-1,5,6,3,-1,0,6,0,0,0,0,1,1,-1,1,1,29,6,2993,2,13,BMW 3 SERIES,6,E01010012,0,2
2024991488349,2024,991488349,2,9,0,-1,19,2,6,-1,0,1,0,0,0,0,1,1,-1,9,1,40,7,1998,8,1,BMW 3 SERIES,3,-1,0,1
2024010544402,2024,010544402,2,9,0,99,99,9,9,99,99,9,9,99,9,99,9,9,6,6,3,-1,-1,1499,1,6,BMW 3 SERIES,-1,-1,0,-1
2024221402635,2024,221402635,1,9,0,-1,19,3,1,-1,0,0,0,10,1,7,2,1,-1,6,1,28,6,1995,2,21,BMW 3 SERIES,4,E01014003,0,3
2024010510210,2024,010510210,1,9,0,99,99,9,9,99,99,9,9,99,9,99,2,9,2,2,1,25,5,1998,1,5,BMW 3 SERIES,1,E01002773,0,1
2024231505532,2024,231505532,1,9,0,-1,19,6,2,-1,0,0,0,0,7,2,1,1,-1,6,2,51,8,1998,8,6,BMW 3 SERIES,10,E01031124,0,1
2024351429877,2024,351429877,1,9,0,-1,19,2,6,-1,0,0,0,0,1,3,1,1,-1,6,1,32,6,1995,2,19,BMW 3 SERIES,5,E01017961,0,3
2024552400650,2024,552400650,1,9,0,9,9,2,7,0,0,5,0,0,0,0,4,1,6,6,1,36,7,1995,2,11,BMW 3 SERIES,2,E01029835,0,5
2024052402146,2024,052402146,3,9,0,18,19,3,7,0,0,0,0,0,0,0,4,1,1,1,1,53,8,2993,2,5,BMW 3 SERIES,-1,-1,0,-1
2024461474921,2024,461474921,1,9,0,-1,11,7,3,-1,-1,0,0,0,1,0,2,1,-1,6,2,37,7,1995,2,10,BMW 3 SERIES,3,E01003583,0,4