collision_index,collision_year,collision_ref_no,vehicle_reference,vehicle_type,towing_and_articulation,vehicle_manoeuvre_historic,vehicle_manoeuvre,vehicle_direction_from,vehicle_direction_to,vehicle_location_restricted_lane_historic,vehicle_location_restricted_lane,junction_location,skidding_and_overturning,hit_object_in_carriageway,vehicle_leaving_carriageway,hit_object_off_carriageway,first_point_of_impact,vehicle_left_hand_drive,journey_purpose_of_driver_historic,journey_purpose_of_driver,sex_of_driver,age_of_driver,age_band_of_driver,engine_capacity_cc,propulsion_code,age_of_vehicle,generic_make_model,driver_imd_decile,lsoa_of_driver,escooter_flag,driver_distance_banding
2024141475867,2024,141475867,2,9,0,-1,2,0,0,-1,0,0,0,0,0,0,2,1,-1,9,1,25,5,1998,1,8,BMW 3 SERIES,10,E01007931,0,1
2024131478990,2024,131478990,2,9,0,-1,19,6,2,-1,0,0,0,0,0,0,0,1,-1,1,1,41,7,2993,2,3,BMW 3 SERIES,1,E01010614,0,3
2024061461144,2024,061461144,1,8,0,-1,19,3,7,-1,0,5,1,11,7,1,3,1,-1,6,1,30,6,1998,8,8,BMW 3 SERIES,-1,-1,0,-1
2024141448915,2024,141448915,2,9,0,-1,5,1,8,-1,0,0,0,0,0,0,3,1,-1,9,2,21,5,1995,2,10,BMW 3 SERIES,5,E01007347,0,1
2024201452385,2024,201452385,1,9,0,-1,3,1,3,-1,0,0,0,4,0,0,1,9,-1,6,1,21,5,1995,2,11,BMW 3 SERIES,2,E01010090,0,1
2024302400797,2024,302400797,1,8,0,9,9,1,7,0,0,8,0,0,0,0,3,1,1,1,1,44,7,1995,2,11,BMW 3 SERIES,3,E01019554,0,1
202417M104424,2024,17M104424,2,9,0,18,19,2,6,0,0,0,0,0,0,0,3,1,6,6,1,25,5,1998,8,5,BMW 3 SERIES,1,E01035190,0,1
2024141484782,2024,141484782,1,9,0,-1,19,5,1,-1,0,1,0,0,0,0,1,1,-1,2,2,37,7,1995,2,14,BMW 3 SERIES,2,E01007443,0,4
2024302400380,2024,302400380,1,9,0,9,9,5,3,0,0,0,0,0,7,0,3,1,6,6,1,20,4,2000,2,14,BMW 3 SERIES,5,W01000650,0,5
2024041439700,2024,041439700,1,9,0,-1,19,5,1,-1,9,2,0,0,1,4,1,1,-1,9,1,35,6,1998,8,4,BMW 3 SERIES,4,E01024975,0,1
2024010512106,2024,010512106,1,9,0,18,19,2,6,0,0,1,0,11,0,0,1,1,6,6,1,33,6,1995,2,3,BMW 3 SERIES,8,E01004500,0,3
2024421395790,2024,421395790,1,9,0,-1,13,5,1,-1,0,0,0,0,0,0,4,1,-1,9,1,25,5,1995,2,9,BMW 3 SERIES,5,E01035165,0,2
2024311443157,2024,311443157,1,9,0,-1,19,7,3,-1,0,8,0,0,0,0,1,1,-1,6,3,-1,-1,1995,2,6,BMW 3 SERIES,-1,-1,0,-1
2024461451290,2024,461451290,1,9,0,-1,19,1,5,-1,0,6,0,0,0,0,1,9,-1,6,1,50,8,1998,1,8,BMW 3 SERIES,5,E01024452,0,2
2024201469502,2024,201469502,2,9,0,-1,2,0,0,-1,0,8,0,0,0,0,3,1,-1,6,1,42,7,2993,2,16,BMW 3 SERIES,5,E01017867,0,5
2024010549615,2024,010549615,1,9,0,7,7,1,3,0,0,5,0,0,0,0,2,1,6,6,1,25,5,1998,8,5,BMW 3 SERIES,2,E01000470,0,1
2024552400370,2024,552400370,1,9,0,18,19,3,7,0,0,8,0,0,0,0,1,1,6,6,1,33,6,1998,8,6,BMW 3 SERIES,4,E01032644,0,4
2024201529024,2024,201529024,1,9,0,-1,19,2,4,-1,0,0,0,4,0,0,1,9,-1,6,1,43,7,1995,2,11,BMW 3 SERIES,2,E01010477,0,1
202454C504424,2024,54C504424,1,9,0,18,19,2,6,0,0,0,0,0,1,0,1,1,2,2,1,52,8,1995,2,16,BMW 3 SERIES,7,E01032024,0,3
2024010528943,2024,010528943,1,9,0,99,99,9,9,99,99,9,9,99,9,99,9,9,6,6,3,-1,-1,1995,2,12,BMW 3 SERIES,-1,-1,0,-1
2024131440651,2024,131440651,1,9,0,-1,19,3,7,-1,0,1,0,0,0,0,1,1,-1,6,2,44,7,1998,8,5,BMW 3 SERIES,5,E01011425,0,1
2024201448629,2024,201448629,1,9,0,-1,15,2,6,-1,0,1,0,0,0,0,3,1,-1,6,2,-1,-1,2000,2,15,BMW 3 SERIES,-1,-1,0,-1
2024052401366,2024,052401366,2,9,0,15,15,6,2,0,0,0,0,0,0,0,0,1,1,1,1,-1,-1,2993,2,6,BMW 3 SERIES,1,E01006711,0,1
2024010543877,2024,010543877,2,9,0,99,99,9,9,99,99,9,9,99,9,99,1,9,6,6,3,-1,-1,1998,8,3,BMW 3 SERIES,2,E01001579,0,4
2024421414821,2024,421414821,1,9,0,-1,19,1,4,-1,0,0,0,0,7,0,1,1,-1,6,1,18,4,2993,2,16,BMW 3 SERIES,9,E01021661,0,1
202417M304024,2024,17M304024,2,9,0,18,19,4,8,0,0,0,0,0,0,0,1,1,6,6,1,23,5,1995,2,12,BMW 3 SERIES,-1,-1,0,-1
2024440077688,2024,440077688,1,9,0,18,19,5,1,0,0,1,0,0,1,0,1,1,6,6,1,40,7,1998,8,6,BMW 3 SERIES,10,E01022707,0,1
2024201475600,2024,201475600,2,9,0,-1,5,1,5,-1,0,0,0,0,0,0,3,1,-1,6,1,24,5,1995,1,19,BMW 3 SERIES,2,E01009273,0,1
2024552401253,2024,552401253,1,8,0,1,1,8,5,0,0,8,0,0,0,0,2,1,1,1,1,43,7,1995,2,16,BMW 3 SERIES,7,E01020514,0,1
2024131415127,2024,131415127,1,9,0,-1,2,0,0,-1,0,2,0,0,0,0,2,1,-1,6,-1,-1,-1,1995,2,18,BMW 3 SERIES,-1,-1,0,-1
2024522500067,2024,522500067,1,9,0,18,19,8,4,0,0,0,0,0,0,0,1,1,6,6,1,35,6,2993,2,17,BMW 3 SERIES,7,E01014839,0,3
2024430436109,2024,430436109,2,9,0,18,19,3,7,0,0,7,0,0,0,0,1,1,6,6,2,-1,-1,1995,12,1,BMW 3 SERIES,-1,-1,0,-1
2024201478136,2024,201478136,1,9,0,-1,19,1,5,-1,0,0,0,4,0,0,1,9,-1,6,1,22,5,1995,2,18,BMW 3 SERIES,2,E01009630,0,1
2024010527249,2024,010527249,1,9,9,99,99,9,9,0,0,0,9,99,9,99,2,9,6,6,1,51,8,1998,8,7,BMW 3 SERIES,7,E01002173,0,3
2024211511938,2024,211511938,1,9,0,-1,13,1,5,-1,0,0,1,0,1,0,1,1,-1,9,1,21,5,2993,2,15,BMW 3 SERIES,9,E01014347,0,1
2024010509934,2024,010509934,1,9,0,16,19,5,1,0,0,3,1,7,7,10,1,1,1,1,1,23,5,1998,8,5,BMW 3 SERIES,5,E01000505,0,1
2024061508699,2024,061508699,1,9,0,-1,19,6,3,-1,9,0,2,11,0,0,1,1,-1,9,1,27,6,2993,2,15,BMW 3 SERIES,10,E01006205,0,1
2024131450538,2024,131450538,3,9,0,-1,19,7,3,-1,0,0,0,0,0,0,0,1,-1,9,1,-1,-1,2993,2,5,BMW 3 SERIES,1,E01010614,0,4
2024231423083,2024,231423083,1,9,0,-1,5,3,1,-1,0,6,0,0,0,0,1,9,-1,6,1,35,6,2993,2,14,BMW 3 SERIES,1,E01031057,0,1
2024010514187,2024,010514187,1,9,0,99,99,9,9,99,99,9,9,99,9,99,2,9,6,6,2,58,9,1998,8,7,BMW 3 SERIES,7,E01001966,0,1
2024552401516,2024,552401516,2,9,0,18,19,2,6,0,0,8,0,0,0,0,1,1,6,6,1,42,7,2000,2,14,BMW 3 SERIES,1,E01015288,0,2
2024161438876,2024,161438876,1,9,0,-1,9,7,5,-1,0,6,0,0,0,0,3,1,-1,6,1,46,8,1995,2,7,BMW 3 SERIES,10,E01008423,0,5
2024430528144,2024,430528144,2,9,0,2,2,0,0,0,0,0,0,0,0,0,1,1,6,6,1,-1,-1,1995,2,8,BMW 3 SERIES,10,E01028460,0,1
2024201463007,2024,201463007,2,9,0,-1,19,6,2,-1,0,8,0,0,0,0,4,1,-1,6,1,40,7,1598,1,10,BMW 3 SERIES,3,E01009089,0,1
2024131400160,2024,131400160,1,9,0,-1,19,5,1,-1,0,2,0,0,0,0,1,1,-1,6,1,50,8,1995,2,17,BMW 3 SERIES,1,E01010722,0,1
2024201408562,2024,201408562,2,9,0,-1,3,1,5,-1,0,0,0,0,0,0,2,1,-1,6,1,36,7,1995,1,17,BMW 3 SERIES,2,E01009095,0,2
2024520001497,2024,520001497,1,9,0,18,19,1,5,0,0,0,0,0,1,11,1,1,6,6,1,19,4,1995,2,19,BMW 3 SERIES,4,E01014450,0,1
2024070934649,2024,070934649,3,9,0,-1,4,1,5,-1,0,0,0,0,0,0,1,1,-1,9,1,57,9,2000,2,14,BMW 3 SERIES,8,E01018440,0,3
2024401477282,2024,401477282,1,9,0,-1,19,7,3,-1,0,0,1,0,0,0,1,1,-1,6,1,42,7,2998,1,6,BMW 3 SERIES,4,E01026016,0,4
2024471404499,2024,471404499,1,9,0,-1,19,5,1,-1,0,2,0,4,0,0,1,1,-1,9,1,72,10,2993,2,9,BMW 3 SERIES,8,E01021069,0,3
2024131527504,2024,131527504,1,9,0,-1,19,6,2,-1,0,0,0,0,0,0,2,1,-1,6,1,32,6,2993,2,7,BMW 3 SERIES,6,E01027915,0,4
2024201433605,2024,201433605,1,9,0,-1,10,3,1,-1,0,1,0,0,0,0,1,1,-1,6,1,33,6,1995,1,15,BMW 3 SERIES,-1,-1,0,-1
2024141467338,2024,141467338,6,9,0,-1,2,0,0,-1,0,0,0,0,0,0,1,1,-1,6,-1,-1,-1,1995,2,12,BMW 3 SERIES,-1,-1,0,-1
2024302401043,2024,302401043,1,9,0,16,19,3,6,0,0,0,0,0,0,0,1,1,2,2,1,35,6,1995,1,18,BMW 3 SERIES,1,E01019668,0,2
2024991438982,2024,991438982,2,9,0,-1,2,5,1,-1,-1,0,0,0,0,0,2,1,-1,6,-1,-1,-1,2993,2,6,BMW 3 SERIES,-1,-1,0,-1
2024411500938,2024,411500938,1,9,0,-1,5,2,8,-1,0,2,0,0,0,0,1,1,-1,6,1,41,7,1995,2,13,BMW 3 SERIES,3,E01017665,0,4
2024351414530,2024,351414530,1,9,0,-1,9,2,6,-1,0,1,0,0,0,0,1,1,-1,9,1,19,4,1998,8,5,BMW 3 SERIES,4,E01026706,0,4
2024430382853,2024,430382853,1,9,0,4,4,8,4,0,0,0,0,0,0,0,4,1,2,2,1,24,5,1995,1,21,BMW 3 SERIES,4,E01017926,0,1
2024332400140,2024,332400140,1,9,0,-1,5,3,7,-1,0,6,0,0,0,0,4,1,-1,6,1,19,4,1995,1,14,BMW 3 SERIES,7,E01000267,0,5
2024141404332,2024,141404332,2,9,0,-1,9,4,2,-1,0,8,0,0,0,0,4,1,-1,9,1,57,9,1995,2,13,BMW 3 SERIES,2,E01007504,0,1
2024101569925,2024,101569925,2,9,0,-1,19,7,3,-1,0,0,0,0,0,0,1,1,-1,6,-1,-1,-1,1995,2,18,BMW 3 SERIES,-1,-1,0,-1
2024221533899,2024,221533899,1,9,0,-1,5,6,2,-1,0,4,0,0,0,0,1,9,-1,6,2,28,6,1998,8,5,BMW 3 SERIES,2,E01014199,0,1
2024070874774,2024,070874774,3,9,0,-1,2,0,0,-1,-1,3,0,0,0,0,2,1,-1,1,1,39,7,1499,1,6,BMW 3 SERIES,4,E01032684,0,3
2024440018746,2024,440018746,1,9,0,16,19,8,4,0,0,0,1,0,8,7,3,1,6,6,1,23,5,1995,1,14,BMW 3 SERIES,7,E01031011,0,5
2024421512052,2024,421512052,2,9,0,-1,19,5,1,-1,0,0,2,0,1,0,1,1,-1,6,2,22,5,2926,2,23,BMW 3 SERIES,7,E01030143,0,4
2024010530594,2024,010530594,1,9,0,13,13,8,4,0,0,0,2,10,1,2,1,1,6,6,1,30,6,2996,1,17,BMW 3 SERIES,8,E01001544,0,1
2024161493584,2024,161493584,2,9,0,-1,2,0,0,-1,0,2,0,0,0,0,4,1,-1,6,-1,-1,-1,2993,2,11,BMW 3 SERIES,-1,-1,0,-1
2024052402068,2024,052402068,1,9,0,18,19,2,6,0,0,1,0,0,0,0,1,1,6,6,1,-1,-1,2993,2,7,BMW 3 SERIES,7,E01025473,0,2
2024340WN3112,2024,340WN3112,1,9,0,-1,9,7,3,-1,0,5,0,0,0,0,1,1,-1,9,2,41,7,1995,2,12,BMW 3 SERIES,6,E01027182,0,1
2024010538834,2024,010538834,1,9,0,9,9,1,7,0,0,8,0,0,0,0,0,1,6,6,1,26,6,1995,2,8,BMW 3 SERIES,3,E01000163,0,1
2024052400977,2024,052400977,3,9,0,18,19,1,5,0,0,6,0,0,0,0,3,1,6,6,1,53,8,1998,1,3,BMW 3 SERIES,4,E01006474,0,3
2024430555487,2024,430555487,1,9,0,12,12,8,4,0,0,3,0,0,0,0,3,1,6,6,1,33,6,1998,8,0,BMW 3 SERIES,5,E01016832,0,1
2024041409649,2024,041409649,1,9,0,-1,19,3,7,-1,0,1,0,0,0,0,1,1,-1,6,3,-1,-1,1995,2,11,BMW 3 SERIES,-1,-1,0,-1
2024131501009,2024,131501009,1,9,0,-1,-1,-1,-1,-1,-1,-1,-1,-1,-1,-1,-1,1,-1,6,3,-1,-1,1995,2,4,BMW 3 SERIES,-1,-1,0,-1
2024531416983,2024,531416983,2,9,0,-1,19,7,3,-1,0,8,0,0,0,0,1,1,-1,1,1,22,5,2993,2,10,BMW 3 SERIES,10,E01034779,0,1
2024320133534,2024,320133534,1,9,0,-1,-1,8,4,0,0,1,0,0,0,0,1,1,-1,-1,1,51,8,2993,2,10,BMW 3 SERIES,8,E01028411,0,2
2024332400957,2024,332400957,1,9,0,-1,19,1,5,-1,0,6,0,0,0,0,3,1,-1,9,1,22,5,1998,8,6,BMW 3 SERIES,3,E01013751,0,1
2024421446645,2024,421446645,1,9,0,-1,12,8,4,-1,0,0,0,0,0,0,1,1,-1,6,1,28,6,1998,1,5,BMW 3 SERIES,3,E01001774,0,4
2024131522468,2024,131522468,1,9,0,-1,9,7,3,-1,0,6,0,0,0,0,3,1,-1,7,1,51,8,1995,2,13,BMW 3 SERIES,9,E01010774,0,2
2024440404153,2024,440404153,4,9,0,2,2,0,0,0,0,0,0,0,0,0,2,1,6,6,3,-1,-1,1995,2,17,BMW 3 SERIES,-1,-1,0,-1
2024461395562,2024,461395562,1,9,0,-1,19,6,2,-1,0,0,0,0,0,0,1,1,-1,6,1,19,4,2497,1,18,BMW 3 SERIES,7,E01024723,0,3
2024061437572,2024,061437572,2,9,0,-1,19,2,7,-1,0,8,0,0,0,0,1,1,-1,6,1,32,6,2993,2,11,BMW 3 SERIES,2,E01005514,0,2
2024451525939,2024,451525939,2,9,0,-1,19,8,4,-1,0,0,0,0,0,0,2,1,-1,2,1,37,7,1998,8,3,BMW 3 SERIES,4,E01030551,0,1
2024122400234,2024,122400234,1,9,0,18,19,3,7,0,0,0,0,0,0,0,1,1,2,2,1,32,6,2993,2,10,BMW 3 SERIES,7,E01012993,0,3
2024201504916,2024,201504916,3,9,0,-1,19,1,5,-1,0,0,0,0,0,0,2,1,-1,7,2,22,5,1995,2,14,BMW 3 SERIES,5,E01035074,0,4
2024501424311,2024,501424311,2,9,0,-1,12,7,3,-1,0,0,0,0,0,0,4,1,-1,9,1,22,5,2171,1,20,BMW 3 SERIES,10,E01028789,0,5
2024061470815,2024,061470815,1,9,0,-1,19,5,1,-1,0,1,0,0,7,0,1,1,-1,6,1,30,6,1995,2,5,BMW 3 SERIES,-1,-1,0,-1
2024010547064,2024,010547064,2,9,0,8,8,1,4,0,0,1,0,0,0,0,3,1,2,2,1,55,8,1995,1,16,BMW 3 SERIES,-1,-1,0,-1
2024332400233,2024,332400233,2,9,0,-1,19,2,6,-1,0,4,0,0,0,0,1,1,-1,6,3,-1,-1,1998,8,7,BMW 3 SERIES,-1,-1,0,-1
2024010498097,2024,010498097,2,9,0,2,2,0,0,0,0,0,0,0,0,0,0,1,6,6,3,-1,-1,1995,2,5,BMW 3 SERIES,-1,-1,0,-1
2024440124656,2024,440124656,1,9,0,5,5,0,5,0,0,2,0,0,0,0,1,1,6,6,3,-1,-1,1995,2,13,BMW 3 SERIES,-1,-1,0,-1
2024401419682,2024,401419682,1,9,0,-1,19,5,1,-1,0,0,0,0,0,0,2,1,-1,6,1,29,6,1998,1,7,BMW 3 SERIES,2,E01027977,0,5
2024010532945,2024,010532945,1,9,0,18,19,1,5,0,0,2,0,7,0,0,1,1,6,6,1,81,11,1997,1,11,BMW 3 SERIES,6,E01003072,0,1
2024421489228,2024,421489228,1,9,0,-1,19,1,5,-1,0,8,0,0,0,0,4,1,-1,9,2,33,6,1998,8,1,BMW 3 SERIES,4,E01016003,0,1
2024471439562,2024,471439562,1,9,0,-1,13,1,5,-1,0,0,1,0,0,0,3,1,-1,6,1,35,6,2993,2,7,BMW 3 SERIES,5,E01000383,0,4
2024522402052,2024,522402052,2,9,0,11,11,4,8,0,0,1,0,0,0,0,4,1,6,6,3,-1,-1,2979,1,18,BMW 3 SERIES,-1,-1,0,-1
2024201427272,2024,201427272,1,9,0,-1,14,6,2,-1,0,0,1,10,0,0,1,9,-1,6,1,48,8,1995,2,18,BMW 3 SERIES,2,E01010057,0,2
2024061428332,2024,061428332,1,9,0,-1,9,5,3,-1,0,6,0,0,0,0,1,1,-1,6,1,19,4,1995,2,12,BMW 3 SERIES,1,E01034232,0,1
2024440161866,2024,440161866,2,9,0,4,4,8,4,0,0,8,1,0,0,0,2,1,6,6,1,30,6,1995,2,10,BMW 3 SERIES,10,E01028652,0,4
2024010538916,2024,010538916,1,9,0,18,19,7,3,9,9,1,5,0,1,2,4,1,6,6,1,34,6,2996,1,19,BMW 3 SERIES,5,E01002234,0,1
2024070527417,2024,070527417,1,9,0,18,19,6,2,6,6,2,1,0,0,0,1,1,1,1,1,38,7,2993,2,8,BMW 3 SERIES,4,E01012443,0,2
2024401433429,2024,401433429,1,9,0,-1,19,3,7,-1,0,0,0,0,0,0,1,1,-1,6,1,31,6,1995,2,11,BMW 3 SERIES,3,E01017501,0,3
2024010536059,2024,010536059,1,9,0,16,19,1,5,0,0,0,0,0,0,0,1,1,6,6,1,19,4,1995,2,9,BMW 3 SERIES,2,E01000008,0,3
2024531464603,2024,531464603,1,9,0,-1,14,2,6,-1,0,1,0,0,1,0,3,1,-1,9,1,32,6,2979,1,14,BMW 3 SERIES,3,E01022121,0,1
2024122401301,2024,122401301,2,9,0,18,19,7,3,0,0,8,0,0,0,0,1,1,6,6,1,19,4,1995,2,19,BMW 3 SERIES,6,E01013449,0,3
2024991404595,2024,991404595,1,9,0,-1,7,6,8,-1,0,1,0,0,0,0,1,1,-1,6,1,21,5,1995,2,16,BMW 3 SERIES,-1,-1,0,-1
2024430567080,2024,430567080,2,9,0,18,19,4,8,0,0,1,0,0,0,0,1,1,6,6,1,66,10,1995,2,7,BMW 3 SERIES,10,E01016792,0,1
2024201442971,2024,201442971,1,9,0,-1,7,6,1,-1,0,3,1,7,0,0,1,1,-1,6,1,30,6,1998,1,4,BMW 3 SERIES,-1,-1,0,-1
2024552400572,2024,552400572,2,9,0,18,19,6,2,0,0,0,0,0,0,0,1,1,6,6,1,60,9,1998,1,6,BMW 3 SERIES,9,E01004604,0,5
2024451398119,2024,451398119,2,9,0,-1,19,1,5,-1,0,2,0,0,0,0,0,1,-1,6,-1,-1,-1,2993,2,13,BMW 3 SERIES,-1,-1,0,-1
2024041396098,2024,041396098,1,9,0,-1,19,5,1,-1,0,0,0,0,0,0,1,1,-1,1,2,40,7,1995,2,14,BMW 3 SERIES,1,E01012746,0,4
2024430137262,2024,430137262,2,9,0,9,9,7,5,0,0,5,0,0,0,0,3,1,2,2,1,45,7,1995,2,11,BMW 3 SERIES,9,E01028535,0,1
2024552400338,2024,552400338,2,9,0,18,19,1,5,0,0,0,0,0,0,0,1,1,2,2,2,55,8,1995,2,15,BMW 3 SERIES,4,E01020488,0,3
2024430523070,2024,430523070,2,9,0,18,19,8,4,0,0,8,0,0,0,0,1,1,2,2,1,21,5,1998,1,5,BMW 3 SERIES,10,E01032962,0,1
2024131394493,2024,131394493,3,9,0,-1,19,1,5,-1,0,2,0,0,0,0,0,1,-1,1,1,49,8,2993,2,3,BMW 3 SERIES,1,E01010614,0,2
2024471409973,2024,471409973,3,9,0,-1,3,6,2,-1,0,0,0,0,0,0,2,1,-1,2,1,41,7,1995,1,15,BMW 3 SERIES,9,E01002263,0,4
2024451427713,2024,451427713,1,9,0,-1,6,7,3,-1,0,6,0,0,0,0,1,1,-1,1,2,60,9,1499,1,6,BMW 3 SERIES,7,E01030648,0,2
2024302401696,2024,302401696,2,9,0,-1,9,8,6,-1,0,8,0,0,0,0,3,1,-1,9,1,33,6,1995,2,13,BMW 3 SERIES,5,E01019461,0,1
2024201423905,2024,201423905,1,9,0,-1,19,8,4,-1,0,8,0,10,1,11,1,9,-1,6,1,26,6,1995,2,7,BMW 3 SERIES,3,E01010533,0,2
2024610028924,2024,610028924,2,9,0,18,19,4,8,0,0,1,0,0,0,0,1,1,6,6,1,28,6,2996,1,13,BMW 3 SERIES,6,E01015005,0,4
2024122400092,2024,122400092,1,9,0,18,19,5,1,0,0,0,1,0,1,1,4,1,6,6,1,35,6,2497,1,17,BMW 3 SERIES,1,E01012092,0,3
2024451395461,2024,451395461,3,9,0,-1,19,1,5,-1,0,0,0,0,0,0,0,1,-1,1,1,42,7,2993,12,2,BMW 3 SERIES,7,E01030452,0,3
2024401441145,2024,401441145,3,9,0,-1,19,1,5,-1,0,1,0,0,0,0,1,1,-1,6,1,34,6,1998,8,1,BMW 3 SERIES,9,E01017549,0,2
2024010503578,2024,010503578,1,9,0,99,99,9,9,99,99,0,9,99,9,99,9,9,6,6,1,25,5,1499,1,8,BMW 3 SERIES,3,E01002400,0,1
2024411538148,2024,411538148,4,9,0,-1,3,5,1,-1,0,2,0,0,0,0,2,1,-1,6,1,46,8,1995,2,18,BMW 3 SERIES,4,E01021842,0,3
2024522402816,2024,522402816,2,9,0,5,5,5,1,0,0,7,0,0,0,0,1,1,6,6,1,36,7,1995,1,17,BMW 3 SERIES,7,E01014677,0,2
2024070212979,2024,070212979,2,9,0,18,19,3,7,0,0,4,0,0,0,0,4,1,1,1,2,35,6,1998,8,2,BMW 3 SERIES,7,E01034663,0,3
2024201506308,2024,201506308,1,9,0,-1,19,7,3,-1,0,4,0,0,0,0,1,1,-1,6,1,32,6,1995,2,10,BMW 3 SERIES,1,E01009483,0,1
2024421514290,2024,421514290,2,9,0,-1,3,3,5,-1,0,1,0,0,0,0,2,1,-1,6,2,33,6,2993,2,18,BMW 3 SERIES,4,E01021310,0,1
2024010508240,2024,010508240,3,9,0,18,19,6,2,0,0,0,0,0,0,0,2,1,6,6,1,41,7,2998,1,6,BMW 3 SERIES,6,E01002329,0,1
2024010537696,2024,010537696,2,9,0,18,19,2,6,0,0,0,0,0,0,0,1,1,3,7,2,39,7,1995,12,3,BMW 3 SERIES,-1,-1,0,-1
2024052400054,2024,052400054,1,9,0,5,5,7,3,0,0,4,0,0,0,0,3,1,6,6,2,-1,-1,1995,2,12,BMW 3 SERIES,-1,-1,0,-1
2024461533800,2024,461533800,1,9,0,-1,19,3,7,-1,0,0,5,0,8,7,1,1,-1,6,1,26,6,1995,1,14,BMW 3 SERIES,8,E01024184,0,2
2024010497855,2024,010497855,2,9,0,2,2,0,0,0,0,0,0,0,0,0,2,1,6,6,3,-1,-1,1995,2,7,BMW 3 SERIES,-1,-1,0,-1
2024041526969,2024,041526969,1,9,0,-1,4,5,1,-1,0,1,0,0,0,0,1,1,-1,9,1,22,5,1995,2,7,BMW 3 SERIES,1,E01025260,0,1
2024461459975,2024,461459975,3,9,0,-1,19,6,2,-1,0,1,0,10,0,0,2,1,-1,6,1,25,5,1998,8,8,BMW 3 SERIES,2,E01016064,0,1
2024041458917,2024,041458917,2,9,0,-1,19,3,7,-1,0,1,0,0,1,0,4,1,-1,6,1,34,6,1995,2,10,BMW 3 SERIES,4,E01025057,0,1
2024010508796,2024,010508796,1,9,0,99,99,9,9,99,99,9,9,99,9,99,2,9,6,6,2,43,7,2996,1,16,BMW 3 SERIES,2,E01004410,0,1
2024201456844,2024,201456844,2,9,0,-1,12,1,5,-1,0,0,0,0,0,0,2,1,-1,6,1,47,8,2000,2,15,BMW 3 SERIES,2,E01009955,0,1
2024991531917,2024,991531917,1,9,0,-1,19,5,8,-1,0,0,0,0,0,0,1,1,-1,6,3,50,8,1995,2,10,BMW 3 SERIES,-1,-1,0,-1
2024440462864,2024,440462864,2,9,0,16,19,1,5,0,0,3,0,0,0,0,1,1,6,6,2,37,7,1995,2,12,BMW 3 SERIES,-1,-1,0,-1
2024071085371,2024,071085371,2,9,0,-1,19,1,1,-1,0,8,0,0,0,0,1,1,-1,9,1,31,6,1995,2,6,BMW 3 SERIES,10,E01012503,0,1
2024440106433,2024,440106433,5,9,0,18,19,6,2,0,0,0,0,0,0,0,1,1,6,6,1,31,6,1995,2,5,BMW 3 SERIES,4,E01022479,0,4
2024010530085,2024,010530085,1,9,0,3,3,1,5,0,0,0,0,0,0,0,0,1,6,6,2,51,8,1997,1,11,BMW 3 SERIES,6,E01002674,0,1
2024122400823,2024,122400823,1,9,0,17,19,7,3,0,0,0,0,0,1,9,1,1,1,1,1,37,7,1998,8,4,BMW 3 SERIES,8,E01004953,0,4
2024122400769,2024,122400769,1,9,0,9,9,2,8,0,0,8,0,0,0,0,4,1,6,6,1,66,10,1995,2,11,BMW 3 SERIES,10,E01013059,0,2
2024071043403,2024,071043403,2,9,0,-1,19,3,7,-1,0,8,0,0,0,0,4,1,-1,2,1,63,9,1995,2,6,BMW 3 SERIES,10,E01012393,0,1
2024221431648,2024,221431648,3,9,0,-1,19,2,6,-1,0,8,0,0,1,0,1,9,-1,6,1,53,8,1998,1,2,BMW 3 SERIES,2,W01001546,0,4
2024440231044,2024,440231044,1,9,0,5,5,3,7,0,0,6,0,0,0,0,3,1,6,6,1,47,8,1598,1,11,BMW 3 SERIES,9,E01032849,0,1
2024320589462,2024,320589462,1,9,0,-1,-1,4,8,0,0,0,5,0,7,9,3,1,6,6,1,33,6,1995,2,18,BMW 3 SERIES,-1,-1,0,-1
2024052401661,2024,052401661,2,9,0,18,19,3,7,0,0,6,0,0,0,0,1,1,6,6,1,52,8,1998,1,3,BMW 3 SERIES,5,E01007163,0,1
2024010509198,2024,010509198,1,9,0,99,99,9,9,99,99,9,9,99,9,99,9,9,6,6,1,28,6,2979,1,21,BMW 3 SERIES,3,E01003997,0,3
2024531491157,2024,531491157,1,9,0,-1,19,1,5,-1,0,0,1,0,5,0,3,1,-1,2,1,31,6,1998,8,1,BMW 3 SERIES,2,E01033361,0,4
2024141472850,2024,141472850,1,9,0,-1,19,5,1,-1,0,1,0,0,0,0,1,1,-1,9,1,64,9,1998,8,7,BMW 3 SERIES,1,E01007901,0,2
2024061427285,2024,061427285,3,9,0,-1,3,2,6,-1,0,0,0,0,0,0,2,1,-1,9,1,43,7,1995,2,8,BMW 3 SERIES,3,E01005474,0,3
2024010511987,2024,010511987,2,9,0,18,19,1,5,0,0,1,0,0,0,0,1,1,6,6,2,36,7,1995,12,3,BMW 3 SERIES,-1,-1,0,-1
2024332400940,2024,332400940,1,9,0,-1,19,8,4,-1,0,0,1,0,1,10,4,1,-1,2,1,26,6,1995,2,17,BMW 3 SERIES,7,E01025826,0,2
2024361455114,2024,361455114,1,9,0,-1,19,5,1,-1,0,1,0,0,0,0,1,1,-1,9,1,31,6,1995,2,12,BMW 3 SERIES,8,E01030237,0,4