collision_index,collision_year,collision_ref_no,vehicle_reference,vehicle_type,towing_and_articulation,vehicle_manoeuvre_historic,vehicle_manoeuvre,vehicle_direction_from,vehicle_direction_to,vehicle_location_restricted_lane_historic,vehicle_location_restricted_lane,junction_location,skidding_and_overturning,hit_object_in_carriageway,vehicle_leaving_carriageway,hit_object_off_carriageway,first_point_of_impact,vehicle_left_hand_drive,journey_purpose_of_driver_historic,journey_purpose_of_driver,sex_of_driver,age_of_driver,age_band_of_driver,engine_capacity_cc,propulsion_code,age_of_vehicle,generic_make_model,driver_imd_decile,lsoa_of_driver,escooter_flag,driver_distance_banding
2024131422176,2024,131422176,3,9,0,-1,19,3,7,-1,0,0,0,0,0,0,0,1,-1,1,1,47,8,2993,2,5,BMW 3 SERIES,9,E01011046,0,2
2024010540762,2024,010540762,1,9,0,18,19,3,7,0,0,1,0,0,0,0,1,1,6,6,1,21,5,2996,1,15,BMW 3 SERIES,4,E01001232,0,1
2024010540403,2024,010540403,1,9,0,14,14,7,3,0,0,0,0,0,0,0,1,1,6,6,1,40,7,1998,1,4,BMW 3 SERIES,-1,-1,0,-1
2024201413566,2024,201413566,3,9,0,-1,19,8,4,-1,0,0,0,0,0,0,2,9,-1,1,-1,33,6,1995,1,13,BMW 3 SERIES,5,E01009247,0,2
2024440419181,2024,440419181,2,9,0,2,2,0,0,0,0,0,0,0,0,0,4,1,6,6,3,-1,-1,2993,2,17,BMW 3 SERIES,-1,-1,0,-1
2024991425220,2024,991425220,1,9,0,-1,9,5,3,-1,0,5,1,7,1,2,4,1,-1,1,1,35,6,1995,2,5,BMW 3 SERIES,2,-1,0,1
2024201522779,2024,201522779,1,9,0,-1,19,6,2,-1,0,8,0,0,0,0,1,1,-1,6,1,33,6,1998,1,0,BMW 3 SERIES,1,E01010311,0,1
2024131405399,2024,131405399,3,9,0,-1,19,1,5,-1,0,1,0,0,0,0,0,1,-1,1,1,30,6,2993,2,4,BMW 3 SERIES,1,E01011366,0,1
2024131407439,2024,131407439,3,9,0,-1,19,5,1,-1,0,0,1,0,0,0,1,1,-1,1,1,46,8,2993,2,3,BMW 3 SERIES,6,E01011885,0,2
2024070906508,2024,070906508,2,9,0,-1,19,1,5,-1,0,0,1,0,1,7,3,1,-1,9,2,49,8,1998,8,2,BMW 3 SERIES,9,E01029600,0,3
2024302401772,2024,302401772,2,9,0,-1,2,0,0,-1,0,0,0,0,1,0,3,1,-1,6,3,-1,-1,1998,1,3,BMW 3 SERIES,-1,-1,0,-1
2024201525373,2024,201525373,2,9,0,-1,19,5,1,-1,0,0,0,0,0,0,2,1,-1,2,1,36,7,1998,1,0,BMW 3 SERIES,1,E01034920,0,2
2024141460042,2024,141460042,2,9,0,-1,19,8,4,-1,0,0,0,0,0,0,4,1,-1,6,3,71,10,1995,1,15,BMW 3 SERIES,10,E01007619,0,1
2024461536071,2024,461536071,3,9,0,-1,2,0,0,-1,0,0,0,0,0,0,2,1,-1,6,1,23,5,2494,1,22,BMW 3 SERIES,10,E01024404,0,1
2024451504520,2024,451504520,1,9,0,-1,11,5,1,-1,0,0,0,0,0,0,1,1,-1,9,1,29,6,1998,1,4,BMW 3 SERIES,3,E01003539,0,4
2024161435382,2024,161435382,1,9,0,-1,19,4,8,-1,0,0,0,0,0,0,1,1,-1,9,1,73,10,1995,1,18,BMW 3 SERIES,10,E01013113,0,1
2024010509598,2024,010509598,1,9,0,5,5,1,5,0,0,8,0,0,0,0,1,1,6,6,2,41,7,1998,1,4,BMW 3 SERIES,2,E01023920,0,4
2024421453453,2024,421453453,2,9,0,-1,19,3,7,-1,0,1,1,0,0,0,3,1,-1,6,2,35,6,1499,1,7,BMW 3 SERIES,6,E01035181,0,3
2024010541514,2024,010541514,2,9,0,99,99,9,9,99,99,9,9,99,9,99,1,9,6,6,3,-1,-1,1995,2,9,BMW 3 SERIES,-1,-1,0,-1
2024161426177,2024,161426177,2,9,0,-1,9,1,7,-1,0,5,0,0,0,0,2,1,-1,9,1,60,9,2993,2,8,BMW 3 SERIES,8,E01013040,0,1
2024451415692,2024,451415692,1,9,0,-1,3,8,-1,-1,0,4,0,0,0,0,2,1,-1,7,1,49,8,2979,1,17,BMW 3 SERIES,5,E01030484,0,1
2024371446035,2024,371446035,2,9,0,-1,19,5,1,-1,0,0,0,0,0,0,3,1,-1,6,1,19,4,1995,2,12,BMW 3 SERIES,9,E01030004,0,1
202460Q099177,2024,60Q099177,1,9,0,9,9,4,1,0,0,8,0,0,0,0,1,1,6,6,1,49,8,1995,2,9,BMW 3 SERIES,-1,-1,0,-1
2024061427193,2024,061427193,2,9,0,-1,4,6,2,-1,0,0,0,0,0,0,2,1,-1,2,1,24,5,1995,2,12,BMW 3 SERIES,-1,-1,0,-1
2024610054324,2024,610054324,2,9,0,18,19,1,5,0,0,0,0,0,0,0,1,1,6,6,2,28,6,1995,1,13,BMW 3 SERIES,6,W01001534,0,1
2024501531220,2024,501531220,1,9,0,-1,19,4,8,-1,0,0,0,0,0,0,4,9,-1,6,1,87,11,1995,2,15,BMW 3 SERIES,5,E01015215,0,1
2024010517375,2024,010517375,2,9,0,99,99,9,9,99,99,5,9,99,9,99,9,9,6,6,1,48,8,1995,2,8,BMW 3 SERIES,2,E01003044,0,1
2024332400025,2024,332400025,2,9,0,-1,19,4,8,-1,0,0,0,0,0,0,1,1,-1,6,2,52,8,1995,2,8,BMW 3 SERIES,8,E01025658,0,2
2024421432497,2024,421432497,1,9,0,-1,19,5,1,-1,0,0,1,0,0,0,1,1,-1,6,1,-1,-1,2993,2,15,BMW 3 SERIES,-1,-1,0,-1
2024061451087,2024,061451087,4,9,0,-1,2,0,0,-1,0,2,0,0,0,0,2,1,-1,6,-1,-1,-1,1995,2,7,BMW 3 SERIES,-1,-1,0,-1
2024010525035,2024,010525035,2,9,0,18,19,5,1,0,0,0,0,4,0,0,4,2,6,6,1,26,6,1998,1,2,BMW 3 SERIES,2,E01003196,0,1
2024161466138,2024,161466138,1,9,0,-1,2,0,0,-1,0,2,0,0,0,0,1,1,-1,6,-1,-1,-1,1995,2,16,BMW 3 SERIES,-1,-1,0,-1
2024061467427,2024,061467427,3,9,0,-1,2,0,0,-1,0,2,0,0,0,0,2,1,-1,6,-1,-1,-1,1995,2,4,BMW 3 SERIES,-1,-1,0,-1
2024302401441,2024,302401441,4,9,0,4,4,8,4,0,0,0,0,0,0,0,1,1,2,2,2,46,8,1995,2,19,BMW 3 SERIES,6,E01013491,0,1
2024141404912,2024,141404912,2,9,0,-1,19,2,6,-1,0,1,0,0,0,0,2,1,-1,6,1,-1,-1,1995,2,14,BMW 3 SERIES,5,E01007828,0,2
2024440134647,2024,440134647,2,9,0,18,19,2,6,0,0,1,0,0,0,0,1,1,6,6,1,42,7,1995,2,13,BMW 3 SERIES,8,E01022703,0,1
2024010543919,2024,010543919,1,9,0,99,99,9,9,99,99,9,9,99,9,99,2,9,6,6,1,36,7,1997,1,10,BMW 3 SERIES,5,E01023936,0,4
2024421405814,2024,421405814,1,9,0,-1,19,5,1,-1,0,0,0,0,1,0,1,1,-1,6,1,36,7,1995,1,17,BMW 3 SERIES,2,E01002281,0,2
2024031514828,2024,031514828,2,9,0,-1,19,2,6,-1,0,8,0,0,0,0,1,1,-1,9,1,56,9,1998,1,2,BMW 3 SERIES,-1,-1,0,-1
2024061463970,2024,061463970,2,9,0,-1,19,3,7,-1,0,1,0,0,0,0,4,1,-1,9,1,31,6,1995,2,7,BMW 3 SERIES,1,E01005246,0,1
2024501478241,2024,501478241,1,9,0,-1,19,8,4,-1,0,0,1,10,0,0,1,1,-1,9,2,20,4,1998,1,6,BMW 3 SERIES,3,E01016098,0,5
2024201419671,2024,201419671,2,9,0,-1,9,5,3,-1,0,1,0,0,0,0,4,9,-1,1,2,37,7,1995,1,15,BMW 3 SERIES,1,E01009343,0,2
2024122400698,2024,122400698,2,9,0,18,19,5,1,0,0,1,0,0,0,0,1,1,6,6,1,31,6,2171,1,24,BMW 3 SERIES,1,E01012952,0,3
2024471426265,2024,471426265,1,9,0,-1,19,1,5,-1,0,0,0,0,7,4,1,1,-1,9,1,29,6,2993,2,18,BMW 3 SERIES,6,E01021058,0,3
2024052402510,2024,052402510,1,9,0,18,19,6,2,0,0,0,0,0,0,0,3,1,6,6,1,31,6,1998,8,3,BMW 3 SERIES,1,E01006979,0,2
2024010524768,2024,010524768,3,9,0,2,2,0,0,0,0,1,0,0,0,0,4,1,6,6,3,-1,-1,1995,2,9,BMW 3 SERIES,-1,-1,0,-1
2024552400409,2024,552400409,2,9,0,18,19,5,1,0,0,8,0,0,0,0,1,1,6,6,1,44,7,1995,2,11,BMW 3 SERIES,3,E01015426,0,2
2024131509704,2024,131509704,4,9,0,-1,2,0,0,-1,0,2,0,0,0,0,2,1,-1,6,-1,-1,-1,1998,1,3,BMW 3 SERIES,-1,-1,0,-1
2024991509274,2024,991509274,1,9,0,-1,7,2,7,-1,0,8,0,0,0,0,1,1,-1,9,1,39,7,1998,8,3,BMW 3 SERIES,1,-1,0,1
2024131496886,2024,131496886,4,9,0,-1,2,0,0,-1,0,2,0,0,0,0,3,1,-1,6,-1,-1,-1,1995,2,7,BMW 3 SERIES,-1,-1,0,-1
2024361467799,2024,361467799,2,9,0,-1,19,7,3,-1,0,0,0,0,0,0,2,1,-1,9,1,38,7,1995,2,10,BMW 3 SERIES,6,E01026767,0,3
2024010526906,2024,010526906,2,9,0,4,4,5,1,0,0,0,0,0,0,0,2,1,6,6,1,47,8,1995,2,6,BMW 3 SERIES,3,E01034205,0,2
2024421418946,2024,421418946,1,9,0,-1,19,3,7,-1,0,0,0,0,1,0,1,1,-1,2,1,22,5,1995,1,18,BMW 3 SERIES,7,E01034093,0,3
2024010533954,2024,010533954,2,9,0,99,99,9,9,99,99,0,9,99,9,99,9,9,6,6,3,38,7,1998,1,4,BMW 3 SERIES,3,E01035669,0,2
2024161400850,2024,161400850,1,9,0,-1,19,5,1,-1,0,1,0,0,0,0,1,1,-1,9,1,23,5,1995,2,5,BMW 3 SERIES,4,E01013179,0,1
2024161441001,2024,161441001,1,9,0,-1,7,7,1,-1,0,1,0,0,0,0,4,1,-1,9,1,52,8,1499,1,8,BMW 3 SERIES,1,E01013141,0,1
2024411469569,2024,411469569,1,9,-1,-1,-1,-1,-1,-1,-1,0,-1,-1,-1,0,-1,9,-1,7,2,46,8,1995,2,8,BMW 3 SERIES,4,E01023877,0,1
2024371480063,2024,371480063,1,9,0,-1,19,5,1,-1,0,1,0,0,0,0,3,1,-1,6,1,49,8,1995,2,8,BMW 3 SERIES,4,E01030295,0,1
2024122400641,2024,122400641,2,9,0,18,19,7,4,0,0,0,0,0,0,0,1,1,6,6,1,42,7,1995,2,19,BMW 3 SERIES,6,E01027613,0,1
2024302401307,2024,302401307,1,9,0,7,7,6,8,0,0,8,0,0,7,0,2,1,6,6,1,24,5,2979,1,22,BMW 3 SERIES,9,E01019624,0,2
2024471476574,2024,471476574,3,9,0,-1,2,0,0,-1,0,1,0,0,0,0,1,1,-1,6,-1,-1,-1,2993,2,7,BMW 3 SERIES,-1,-1,0,-1
2024201503205,2024,201503205,1,9,0,-1,19,3,1,-1,9,0,0,4,2,0,1,9,-1,6,3,-1,-1,2993,2,11,BMW 3 SERIES,-1,-1,0,-1
2024010503986,2024,010503986,1,9,0,99,99,9,9,99,99,9,9,99,9,99,9,9,6,6,3,-1,-1,1995,2,5,BMW 3 SERIES,-1,-1,0,-1
2024131450538,2024,131450538,2,9,0,-1,19,7,3,-1,0,0,0,0,0,0,3,1,-1,9,1,-1,-1,2993,12,2,BMW 3 SERIES,1,E01010614,0,4
2024061483257,2024,061483257,2,9,0,-1,19,1,5,-1,0,1,0,0,0,0,1,1,-1,1,1,27,6,1995,2,7,BMW 3 SERIES,-1,-1,0,-1
2024010502400,2024,010502400,1,9,0,5,5,0,3,0,0,2,0,0,0,0,4,1,1,1,1,29,6,1995,1,16,BMW 3 SERIES,7,E01000135,0,2
2024440032683,2024,440032683,1,9,0,4,4,5,1,0,0,0,0,0,0,0,3,1,1,1,1,-1,-1,2993,2,5,BMW 3 SERIES,-1,-1,0,-1
2024552401388,2024,552401388,2,9,0,18,19,3,7,0,0,8,0,0,1,0,1,1,6,6,2,27,6,2993,2,10,BMW 3 SERIES,2,E01020348,0,2
2024520402494,2024,520402494,1,9,0,18,19,6,2,0,0,0,0,0,0,0,3,1,6,6,1,29,6,1995,2,18,BMW 3 SERIES,2,E01029304,0,2
2024122400957,2024,122400957,1,9,0,18,19,4,8,0,0,0,1,0,2,11,4,1,6,6,1,22,5,1995,2,10,BMW 3 SERIES,8,E01027702,0,2
2024161508282,2024,161508282,1,9,0,-1,7,2,4,-1,0,1,0,0,0,0,2,1,-1,2,1,42,7,1995,2,8,BMW 3 SERIES,2,E01012821,0,1
2024430168584,2024,430168584,1,9,0,18,19,5,1,0,0,1,0,0,0,0,1,1,6,6,1,32,6,1995,2,12,BMW 3 SERIES,-1,-1,0,-1
2024320254496,2024,320254496,2,9,0,4,4,6,2,0,0,0,0,0,0,0,2,1,6,6,1,45,7,1995,2,17,BMW 3 SERIES,5,E01026390,0,2
2024430421056,2024,430421056,1,9,0,18,19,8,4,0,0,0,0,0,7,3,3,1,6,6,1,43,7,1998,8,5,BMW 3 SERIES,3,E01002766,0,4
2024141414431,2024,141414431,1,9,0,-1,19,4,8,-1,0,0,0,0,0,0,1,9,-1,6,2,31,6,1995,2,14,BMW 3 SERIES,10,E01007430,0,2
2024351399280,2024,351399280,1,9,0,-1,19,5,1,-1,0,1,0,9,0,0,1,9,-1,6,-1,-1,-1,1995,2,18,BMW 3 SERIES,-1,-1,0,-1
2024041519612,2024,041519612,2,9,0,-1,2,0,0,-1,-1,1,0,4,0,0,2,1,-1,1,1,47,8,1995,2,10,BMW 3 SERIES,1,E01012638,0,3
2024070192840,2024,070192840,2,9,0,4,4,7,3,0,0,0,0,0,0,0,2,1,6,6,1,76,11,1997,1,10,BMW 3 SERIES,6,E01018704,0,3
2024361499922,2024,361499922,1,9,0,-1,19,5,1,-1,0,0,0,0,0,0,1,1,-1,6,1,49,8,1995,2,16,BMW 3 SERIES,7,E01026919,0,2
2024991490787,2024,991490787,1,9,0,-1,19,8,4,-1,0,0,0,0,0,0,1,1,-1,9,1,64,9,1998,1,0,BMW 3 SERIES,-1,-1,0,-1
2024471525808,2024,471525808,1,9,0,-1,7,4,3,-1,0,3,1,0,1,2,1,1,-1,6,1,20,4,1995,1,19,BMW 3 SERIES,10,E01031820,0,1
2024131477977,2024,131477977,1,9,0,-1,-1,-1,-1,-1,-1,8,-1,-1,-1,0,-1,1,-1,6,3,-1,-1,2993,2,16,BMW 3 SERIES,-1,-1,0,-1
2024052402529,2024,052402529,2,9,0,18,19,3,7,0,0,1,0,0,0,0,0,1,6,6,1,-1,-1,2993,2,5,BMW 3 SERIES,-1,-1,0,-1
2024131524144,2024,131524144,5,9,0,-1,19,3,7,-1,0,1,0,0,0,0,0,1,-1,6,3,-1,-1,2993,2,3,BMW 3 SERIES,-1,-1,0,-1
2024430307768,2024,430307768,2,9,0,7,7,-1,-1,0,0,6,0,0,0,0,1,2,6,6,1,25,5,1998,8,6,BMW 3 SERIES,-1,-1,0,-1
2024061516530,2024,061516530,1,9,0,-1,19,7,3,-1,0,0,0,0,0,0,1,1,-1,9,1,51,8,1995,2,18,BMW 3 SERIES,6,E01005961,0,1
2024010490602,2024,010490602,1,9,0,9,9,5,2,0,0,1,0,0,0,0,1,2,1,1,1,33,6,1995,2,9,BMW 3 SERIES,3,E01001166,0,3
2024010513766,2024,010513766,2,9,0,2,2,0,0,9,9,0,0,0,0,0,1,1,6,6,3,-1,-1,1995,1,17,BMW 3 SERIES,-1,-1,0,-1
2024201444691,2024,201444691,1,9,0,-1,19,3,5,-1,0,2,0,0,0,0,1,1,-1,6,-1,-1,-1,1995,2,14,BMW 3 SERIES,-1,-1,0,-1
2024161412535,2024,161412535,3,9,0,-1,19,5,1,-1,0,0,0,0,0,0,1,1,-1,2,2,47,8,1995,2,5,BMW 3 SERIES,3,E01012807,0,1
2024311499665,2024,311499665,1,9,0,-1,5,4,2,-1,0,8,0,0,0,0,1,1,-1,9,1,21,5,1995,2,11,BMW 3 SERIES,-1,-1,0,-1
2024311525958,2024,311525958,1,9,0,-1,19,5,1,-1,0,0,0,0,0,0,1,1,-1,6,1,50,8,1995,2,13,BMW 3 SERIES,1,E01013819,0,1
2024101442826,2024,101442826,1,9,0,-1,4,8,4,-1,0,0,0,0,0,0,3,9,-1,6,2,44,7,1995,2,16,BMW 3 SERIES,3,E01008857,0,1
2024131528658,2024,131528658,1,9,0,-1,19,1,1,-1,0,0,0,0,0,0,1,1,-1,1,1,24,5,1998,1,4,BMW 3 SERIES,3,E01010763,0,3
2024501478070,2024,501478070,2,9,0,-1,19,6,2,-1,0,0,5,0,0,0,1,1,-1,9,1,32,6,2497,1,17,BMW 3 SERIES,5,E01018756,0,2
2024201491649,2024,201491649,3,9,0,-1,2,0,0,-1,0,0,0,4,0,0,2,1,-1,6,-1,-1,-1,2996,1,16,BMW 3 SERIES,-1,-1,0,-1
2024201513004,2024,201513004,1,9,0,-1,19,1,5,-1,0,8,0,0,0,0,1,9,-1,6,2,29,6,1995,2,11,BMW 3 SERIES,1,E01010367,0,1
2024461428894,2024,461428894,1,9,0,-1,19,7,3,-1,0,0,2,0,1,0,3,1,-1,2,1,25,5,1499,1,7,BMW 3 SERIES,10,E01000423,0,4
2024501505347,2024,501505347,1,9,0,-1,10,7,5,-1,0,1,0,0,0,0,2,1,-1,1,2,55,8,1995,2,10,BMW 3 SERIES,5,E01018837,0,1
2024052401245,2024,052401245,1,9,0,18,19,6,2,0,0,0,0,10,7,4,1,1,6,6,1,21,5,1998,8,4,BMW 3 SERIES,1,E01006740,0,1
2024010508574,2024,010508574,1,9,0,9,9,5,4,0,0,5,0,0,0,0,3,1,6,6,1,28,6,1998,1,2,BMW 3 SERIES,3,E01004563,0,1
2024010516608,2024,010516608,2,9,0,99,99,9,9,99,99,9,9,99,9,99,2,9,6,6,3,-1,-1,1796,1,20,BMW 3 SERIES,4,E01000112,0,1
2024531499518,2024,531499518,2,9,0,-1,19,1,5,-1,0,1,0,0,0,0,1,9,-1,6,1,45,7,1995,2,12,BMW 3 SERIES,7,E01034783,0,3
2024010508160,2024,010508160,1,9,0,18,19,5,1,0,0,2,0,0,0,0,2,1,2,2,1,45,7,2494,1,20,BMW 3 SERIES,7,E01004512,0,1
2024131526581,2024,131526581,1,9,0,-1,19,3,7,-1,0,2,0,0,0,0,1,1,-1,1,1,22,5,2993,2,7,BMW 3 SERIES,8,E01011744,0,1
2024010530837,2024,010530837,2,9,0,11,11,9,9,99,99,0,9,99,9,99,1,9,6,6,1,35,6,1995,1,16,BMW 3 SERIES,6,E01004497,0,1
2024061533411,2024,061533411,1,9,0,-1,19,3,7,-1,0,1,0,0,0,0,1,1,-1,6,1,81,11,1995,2,16,BMW 3 SERIES,-1,-1,0,-1
2024122500121,2024,122500121,1,9,0,16,19,5,8,0,0,0,0,0,0,0,1,1,6,6,1,32,6,2993,2,14,BMW 3 SERIES,6,E01027744,0,3
2024041511462,2024,041511462,1,9,0,-1,9,-1,-1,-1,0,3,0,0,0,0,-1,9,-1,6,1,-1,-1,1995,2,12,BMW 3 SERIES,1,E01025183,0,1
2024010523319,2024,010523319,3,9,0,3,3,3,7,0,0,4,0,0,0,0,3,1,1,1,1,45,7,1995,1,17,BMW 3 SERIES,2,E01003633,0,1
2024421478921,2024,421478921,2,9,0,-1,10,7,5,-1,0,1,0,0,0,0,3,1,-1,9,2,63,9,1895,1,24,BMW 3 SERIES,7,E01021381,0,1
2024552400681,2024,552400681,1,9,0,9,9,4,2,0,0,5,0,0,0,0,1,1,6,6,1,19,4,2171,1,21,BMW 3 SERIES,8,E01015319,0,1
2024340WN4602,2024,340WN4602,2,9,0,-1,19,1,5,-1,0,0,0,0,1,0,1,1,-1,9,1,25,5,1995,2,5,BMW 3 SERIES,9,E01027288,0,1
2024131518405,2024,131518405,2,9,0,-1,9,8,4,-1,0,6,0,0,0,0,4,1,-1,9,2,22,5,1995,2,13,BMW 3 SERIES,5,E01011425,0,1
2024010534546,2024,010534546,1,9,0,18,19,1,5,0,0,0,1,6,0,0,4,1,2,2,1,51,8,1995,2,12,BMW 3 SERIES,2,E01002099,0,3
2024461534247,2024,461534247,2,9,0,-1,9,2,1,-1,0,1,0,0,0,0,3,1,-1,6,1,54,8,1998,1,2,BMW 3 SERIES,3,E01024166,0,1
2024131462376,2024,131462376,2,9,0,-1,19,1,5,-1,0,0,0,0,0,0,0,1,-1,1,1,34,6,2993,2,3,BMW 3 SERIES,1,E01010614,0,3
2024010535475,2024,010535475,1,9,0,99,99,9,9,99,99,0,9,99,9,99,2,9,6,6,1,34,6,1995,2,7,BMW 3 SERIES,2,E01000020,0,4
2024471461088,2024,471461088,2,9,0,-1,19,1,5,-1,0,0,0,0,0,0,3,1,-1,2,2,27,6,1998,1,0,BMW 3 SERIES,9,E01024778,0,4
2024010545233,2024,010545233,2,9,0,99,99,9,9,99,99,9,9,99,9,99,1,9,6,6,1,42,7,2494,1,21,BMW 3 SERIES,2,E01001331,0,1
2024440074732,2024,440074732,2,9,0,3,3,6,2,0,0,1,0,0,0,0,2,1,6,6,1,51,8,2993,2,17,BMW 3 SERIES,1,E01017240,0,2
2024141512755,2024,141512755,1,9,0,-1,19,2,6,-1,0,0,0,4,1,0,4,1,-1,6,1,39,7,1995,1,18,BMW 3 SERIES,4,E01025572,0,5
2024411407680,2024,411407680,4,9,0,-1,4,5,1,-1,0,0,0,0,0,0,2,1,-1,6,1,49,8,1995,2,9,BMW 3 SERIES,9,E01023094,0,4
2024520403402,2024,520403402,1,9,0,18,19,2,8,0,0,0,0,0,0,0,1,1,6,6,1,42,7,1995,2,18,BMW 3 SERIES,6,E01029059,0,4
2024421453243,2024,421453243,1,9,0,-1,19,1,5,-1,0,0,0,0,0,0,1,1,-1,9,1,27,6,1998,8,8,BMW 3 SERIES,6,E01021589,0,1
2024320178669,2024,320178669,2,9,0,-1,-1,2,6,6,6,0,0,0,0,0,4,1,-1,-1,1,47,8,1995,2,16,BMW 3 SERIES,7,E01012794,0,4
2024351451172,2024,351451172,1,9,0,-1,19,5,1,-1,0,1,0,0,0,0,1,1,-1,6,2,25,5,2000,2,14,BMW 3 SERIES,6,E01015653,0,1
2024122400466,2024,122400466,2,9,0,2,2,0,0,9,9,0,0,0,0,0,1,1,6,6,1,43,7,1995,2,7,BMW 3 SERIES,9,E01027897,0,2
2024552401511,2024,552401511,2,9,0,18,19,7,3,0,0,0,0,0,0,0,1,1,6,6,1,57,9,1997,1,9,BMW 3 SERIES,7,E01020481,0,1
2024201514221,2024,201514221,1,9,0,-1,7,1,3,-1,0,5,0,0,0,0,1,1,-1,6,1,-1,-1,1998,8,4,BMW 3 SERIES,-1,-1,0,-1
2024332400384,2024,332400384,2,9,0,-1,19,7,3,-1,0,6,0,0,0,0,2,1,-1,6,1,28,6,1995,2,8,BMW 3 SERIES,4,E01013696,0,1
2024461532764,2024,461532764,4,9,0,-1,3,1,1,-1,0,0,0,0,0,0,2,1,-1,7,2,42,7,1995,2,17,BMW 3 SERIES,5,E01024065,0,1
2024471501679,2024,471501679,2,9,0,-1,19,3,7,-1,0,0,0,0,1,0,3,1,-1,9,2,33,6,1998,8,4,BMW 3 SERIES,10,E01035339,0,1
2024010542699,2024,010542699,1,9,0,18,19,5,1,0,0,2,0,0,0,0,3,1,6,6,1,25,5,1998,8,0,BMW 3 SERIES,4,E01004031,0,3
2024010521577,2024,010521577,2,9,0,99,99,9,9,99,99,9,9,99,9,99,9,9,6,6,3,-1,-1,1995,2,14,BMW 3 SERIES,-1,-1,0,-1
2024131417640,2024,131417640,2,9,0,-1,19,3,3,-1,0,1,0,0,0,0,1,1,-1,9,1,29,6,2993,2,10,BMW 3 SERIES,3,E01010801,0,1
2024461524518,2024,461524518,1,9,0,-1,9,8,4,-1,0,8,0,0,0,0,3,1,-1,6,1,19,4,1995,1,20,BMW 3 SERIES,-1,-1,0,-1
2024221433042,2024,221433042,1,9,0,-1,7,7,1,-1,0,6,0,0,0,0,1,9,-1,2,1,35,6,1995,2,9,BMW 3 SERIES,3,E01014145,0,1
2024320766493,2024,320766493,2,9,0,-1,-1,4,8,0,0,8,0,0,0,0,1,1,-1,-1,1,39,7,1995,2,12,BMW 3 SERIES,7,E01026252,0,1
2024440454026,2024,440454026,4,9,0,4,4,2,6,0,0,0,0,0,0,0,1,1,2,2,1,58,9,1995,2,13,BMW 3 SERIES,-1,-1,0,-1
2024041535148,2024,041535148,2,9,0,-1,19,6,2,-1,0,8,0,0,1,11,2,1,-1,6,1,84,11,1995,1,19,BMW 3 SERIES,1,E01025229,0,1
2024010551323,2024,010551323,1,9,0,2,2,9,9,99,99,9,9,99,9,99,2,9,1,1,1,24,5,1998,8,2,BMW 3 SERIES,2,E01001151,0,3
2024141490968,2024,141490968,2,9,0,-1,19,7,3,-1,0,1,0,0,0,0,1,1,-1,2,1,27,6,1995,2,18,BMW 3 SERIES,1,E01007783,0,1
2024201508839,2024,201508839,2,9,0,-1,7,2,5,-1,0,5,0,0,0,0,1,1,-1,6,1,63,9,1998,1,0,BMW 3 SERIES,9,E01029748,0,4
2024302401104,2024,302401104,2,9,0,13,13,6,2,0,0,0,0,0,0,0,1,1,6,6,1,20,4,1995,1,15,BMW 3 SERIES,5,E01013493,0,1
2024141533412,2024,141533412,1,9,0,-1,19,7,3,-1,0,0,0,0,0,0,3,1,-1,9,1,51,8,1997,1,10,BMW 3 SERIES,1,E01007574,0,1
2024131481183,2024,131481183,2,9,0,-1,2,0,0,-1,0,8,0,0,0,0,1,1,-1,6,-1,-1,-1,1995,2,11,BMW 3 SERIES,-1,-1,0,-1
2024131433191,2024,131433191,1,9,0,-1,19,6,2,-1,0,0,0,0,0,0,1,1,-1,2,2,32,6,1995,2,11,BMW 3 SERIES,7,E01011592,0,1
2024991455599,2024,991455599,1,9,0,-1,19,8,4,-1,0,0,1,0,4,6,3,1,-1,9,1,52,8,1995,2,10,BMW 3 SERIES,8,E01019154,0,5
2024131528473,2024,131528473,1,9,0,-1,15,5,1,-1,0,0,0,0,0,0,1,1,-1,9,1,21,5,2979,1,22,BMW 3 SERIES,4,E01011839,0,1
2024451414446,2024,451414446,2,9,0,-1,3,7,1,-1,0,0,0,0,0,0,1,2,-1,6,1,41,7,1998,8,7,BMW 3 SERIES,-1,-1,0,-1
2024101511159,2024,101511159,2,9,0,-1,3,8,4,-1,0,0,0,0,0,0,2,1,-1,6,1,33,6,1998,8,7,BMW 3 SERIES,2,E01008456,0,1
2024010519091,2024,010519091,2,9,0,18,19,1,5,0,0,1,0,0,0,0,1,1,6,6,1,40,7,1998,8,6,BMW 3 SERIES,4,E01003734,0,1
2024430389373,2024,430389373,2,9,0,18,19,1,5,0,0,8,0,0,0,0,4,1,6,6,1,42,7,1995,2,9,BMW 3 SERIES,3,E01033859,0,1
2024991443645,2024,991443645,2,9,0,-1,19,4,8,-1,0,0,0,0,0,0,2,1,-1,2,2,46,8,1995,2,10,BMW 3 SERIES,9,-1,0,1
2024131437107,2024,131437107,1,9,0,-1,19,3,7,-1,0,0,0,0,0,0,1,1,-1,6,1,41,7,1995,2,13,BMW 3 SERIES,2,E01011854,0,1
2024991406840,2024,991406840,1,9,0,-1,19,2,6,-1,0,0,0,0,0,0,1,1,-1,6,1,20,4,1998,1,4,BMW 3 SERIES,-1,-1,0,-1
2024052402637,2024,052402637,2,9,0,18,19,3,7,0,0,8,0,0,1,7,1,1,2,2,1,51,8,1998,8,1,BMW 3 SERIES,10,E01005739,0,4