collision_index,collision_year,collision_ref_no,vehicle_reference,vehicle_type,towing_and_articulation,vehicle_manoeuvre_historic,vehicle_manoeuvre,vehicle_direction_from,vehicle_direction_to,vehicle_location_restricted_lane_historic,vehicle_location_restricted_lane,junction_location,skidding_and_overturning,hit_object_in_carriageway,vehicle_leaving_carriageway,hit_object_off_carriageway,first_point_of_impact,vehicle_left_hand_drive,journey_purpose_of_driver_historic,journey_purpose_of_driver,sex_of_driver,age_of_driver,age_band_of_driver,engine_capacity_cc,propulsion_code,age_of_vehicle,generic_make_model,driver_imd_decile,lsoa_of_driver,escooter_flag,driver_distance_banding
2024010546270,2024,010546270,1,9,0,18,19,5,1,0,0,0,1,0,7,4,1,1,6,6,1,23,5,1998,1,5,BMW 3 SERIES,3,E01004389,0,1
2024471515384,2024,471515384,1,9,0,-1,9,1,3,-1,0,8,0,0,0,0,0,1,-1,6,1,31,6,1998,1,5,BMW 3 SERIES,1,E01031429,0,3
2024542740324,2024,542740324,1,9,0,9,9,7,3,0,0,4,0,0,0,0,1,1,6,6,2,31,6,1995,2,18,BMW 3 SERIES,2,E01033846,0,1
2024010530437,2024,010530437,1,9,0,4,4,1,5,0,0,8,0,0,0,0,4,1,2,2,1,61,9,1995,1,15,BMW 3 SERIES,6,E01001217,0,2
2024301516431,2024,301516431,2,9,0,-1,-1,5,1,-1,-1,1,0,0,7,0,1,1,-1,-1,1,39,7,2993,2,10,BMW 3 SERIES,-1,-1,0,-1
2024401428282,2024,401428282,1,9,0,-1,13,2,6,-1,0,4,0,0,0,0,3,9,-1,6,1,20,4,2993,2,18,BMW 3 SERIES,6,E01016732,0,3
2024501425074,2024,501425074,1,9,0,-1,13,3,7,-1,0,0,1,0,0,0,1,1,-1,9,1,25,5,1598,1,11,BMW 3 SERIES,6,E01018973,0,1
2024501448201,2024,501448201,1,9,0,-1,19,5,1,-1,0,0,1,0,1,11,1,1,-1,9,1,19,4,2993,2,17,BMW 3 SERIES,8,E01020075,0,3
2024201478159,2024,201478159,1,9,0,-1,19,6,2,-1,0,0,0,0,0,0,2,9,-1,6,1,52,8,1998,8,4,BMW 3 SERIES,6,E01029632,0,1
2024131483002,2024,131483002,2,9,0,-1,19,5,1,-1,0,0,0,0,0,0,1,1,-1,2,1,69,10,1998,8,3,BMW 3 SERIES,10,E01013093,0,4
2024231463832,2024,231463832,1,9,0,-1,19,5,1,-1,0,0,0,0,0,0,1,1,-1,6,1,32,6,2998,1,7,BMW 3 SERIES,3,E01031115,0,1
2024010511637,2024,010511637,2,9,0,18,19,1,5,0,0,0,0,0,0,0,1,1,6,6,1,24,5,1995,2,7,BMW 3 SERIES,9,E01000667,0,2
2024430419487,2024,430419487,1,9,0,3,3,0,-1,0,0,1,0,0,0,0,0,1,6,6,1,34,6,1998,8,2,BMW 3 SERIES,-1,-1,0,-1
2024010521631,2024,010521631,1,9,0,18,19,1,5,0,0,2,0,0,0,0,4,1,1,1,1,23,5,1998,8,3,BMW 3 SERIES,4,E01000114,0,2
2024201542428,2024,201542428,2,9,0,-1,9,5,1,-1,0,1,0,0,0,0,3,9,-1,6,2,35,6,1995,2,15,BMW 3 SERIES,1,E01033894,0,1
2024052400740,2024,052400740,1,9,0,1,1,3,1,0,0,1,0,0,0,0,2,1,3,7,2,29,6,1995,2,12,BMW 3 SERIES,1,E01006505,0,1
2024010519945,2024,010519945,10,9,0,4,4,7,3,0,0,0,0,0,0,0,2,1,6,6,1,57,9,1997,1,11,BMW 3 SERIES,7,E01030994,0,3
2024201485339,2024,201485339,2,9,0,-1,19,8,4,-1,0,0,0,0,0,0,3,1,-1,6,1,23,5,2993,2,18,BMW 3 SERIES,3,E01029408,0,4
2024122401021,2024,122401021,1,9,0,16,19,8,7,0,0,0,1,0,7,11,1,1,6,6,1,24,5,2000,2,13,BMW 3 SERIES,4,E01027795,0,3
2024141453024,2024,141453024,1,9,0,-1,13,1,5,-1,0,0,0,0,7,2,1,1,-1,9,1,23,5,1995,2,5,BMW 3 SERIES,1,E01007738,0,1
2024440249010,2024,440249010,1,9,0,7,7,7,1,0,0,6,0,0,0,0,3,1,6,6,2,33,6,1995,2,16,BMW 3 SERIES,2,E01022965,0,1
2024070001190,2024,070001190,1,9,0,-1,9,7,5,-1,0,6,0,0,0,0,9,1,-1,9,1,39,7,2993,2,7,BMW 3 SERIES,9,E01012374,0,1
2024430407398,2024,430407398,1,9,0,18,19,-1,-1,0,0,0,1,0,6,9,1,1,6,6,2,26,6,1995,1,14,BMW 3 SERIES,4,E01033497,0,1
2024471474095,2024,471474095,2,9,0,-1,5,7,3,-1,0,4,0,0,0,0,1,9,-1,6,1,44,7,3000,2,14,BMW 3 SERIES,5,E01031480,0,1
2024052402778,2024,052402778,1,9,0,18,19,2,4,0,0,0,0,0,0,0,1,1,1,1,1,33,6,1995,2,10,BMW 3 SERIES,1,E01006648,0,1
2024421490817,2024,421490817,3,9,0,-1,3,3,7,-1,0,0,0,0,0,0,3,1,-1,2,2,41,7,1995,12,0,BMW 3 SERIES,7,E01021904,0,2
2024010532105,2024,010532105,1,9,0,4,4,1,5,0,0,2,0,0,0,0,1,1,6,6,1,45,7,1995,2,6,BMW 3 SERIES,5,E01001960,0,1
2024361476019,2024,361476019,2,9,0,-1,19,1,5,-1,0,8,0,0,0,0,4,1,-1,6,1,20,4,2993,2,21,BMW 3 SERIES,10,E01018245,0,5
2024351403831,2024,351403831,1,9,0,-1,12,4,8,-1,0,0,1,0,2,1,3,1,-1,2,1,36,7,2000,2,13,BMW 3 SERIES,3,E01015674,0,1
2024061495303,2024,061495303,1,9,0,-1,1,7,3,-1,9,0,0,0,0,0,2,1,-1,1,1,45,7,1995,2,10,BMW 3 SERIES,3,E01005316,0,1
2024010505693,2024,010505693,2,9,0,9,9,7,5,0,0,1,0,0,0,0,3,1,1,1,1,56,9,1995,2,7,BMW 3 SERIES,7,E01000981,0,3
2024361397560,2024,361397560,2,9,0,-1,14,5,3,-1,0,0,0,0,0,0,3,1,-1,9,1,22,5,2000,2,13,BMW 3 SERIES,8,E01026470,0,1
2024520402272,2024,520402272,2,9,0,5,5,2,6,0,0,4,0,0,0,0,3,1,6,6,3,-1,-1,1995,2,13,BMW 3 SERIES,-1,-1,0,-1
2024131514592,2024,131514592,1,9,0,-1,19,5,5,-1,0,0,0,0,0,0,1,1,-1,9,1,24,5,1995,2,9,BMW 3 SERIES,1,E01010720,0,2
2024430382164,2024,430382164,1,9,0,18,19,5,1,0,0,4,0,0,5,6,1,1,6,6,2,18,4,1998,1,3,BMW 3 SERIES,3,E01016486,0,1
2024522402508,2024,522402508,2,9,0,9,9,5,3,0,0,6,0,0,0,0,1,1,6,6,3,-1,-1,1596,1,31,BMW 3 SERIES,-1,-1,0,-1
2024201510648,2024,201510648,2,9,0,-1,1,1,5,-1,0,1,0,0,0,0,1,1,-1,1,1,57,9,2993,12,3,BMW 3 SERIES,4,E01009234,0,2
2024421426867,2024,421426867,1,9,0,-1,19,4,1,-1,0,8,0,0,0,0,1,1,-1,6,1,53,8,1998,8,1,BMW 3 SERIES,6,E01021663,0,2
2024461429377,2024,461429377,1,9,0,-1,19,4,7,-1,0,0,0,0,0,0,1,9,-1,9,1,29,6,1995,2,16,BMW 3 SERIES,3,E01016038,0,1
2024061478740,2024,061478740,2,9,0,-1,-1,-1,-1,-1,-1,-1,-1,-1,-1,0,-1,9,-1,6,3,-1,-1,1995,2,6,BMW 3 SERIES,-1,-1,0,-1
2024221399355,2024,221399355,1,9,0,-1,6,3,3,-1,0,8,0,0,0,0,3,9,-1,6,1,26,6,2000,2,14,BMW 3 SERIES,6,E01014133,0,1
2024522401156,2024,522401156,2,9,0,13,13,8,4,0,0,2,0,4,0,0,1,1,6,6,1,27,6,1995,2,9,BMW 3 SERIES,1,E01014706,0,2
2024010499280,2024,010499280,2,9,0,99,99,9,9,99,99,9,9,99,9,99,9,9,6,6,3,-1,-1,1998,1,4,BMW 3 SERIES,-1,-1,0,-1
2024070913334,2024,070913334,3,9,0,-1,4,5,1,-1,0,1,0,0,0,0,2,1,-1,9,1,27,6,2993,2,12,BMW 3 SERIES,9,E01005742,0,4
2024061400984,2024,061400984,2,9,0,-1,5,5,5,-1,0,2,0,0,0,0,1,1,-1,6,1,38,7,1998,8,1,BMW 3 SERIES,1,E01004948,0,1
2024421404780,2024,421404780,2,9,0,-1,19,1,4,-1,0,1,0,0,0,0,4,1,-1,6,1,79,11,1995,2,11,BMW 3 SERIES,8,E01021763,0,1
2024101476200,2024,101476200,1,9,0,-1,19,1,5,-1,0,0,0,0,0,0,3,1,-1,6,1,27,6,1998,1,5,BMW 3 SERIES,4,E01033548,0,1
2024010502293,2024,010502293,1,9,0,6,6,3,3,0,0,0,0,0,0,0,1,1,6,6,1,38,7,1998,1,6,BMW 3 SERIES,3,E01002627,0,1
2024101488717,2024,101488717,2,9,0,-1,19,5,1,-1,0,8,0,0,1,0,4,1,-1,6,1,35,6,2979,1,19,BMW 3 SERIES,1,E01008297,0,3
2024481510874,2024,481510874,1,9,0,-1,1,1,5,-1,0,1,0,0,0,0,2,1,-1,9,1,29,6,1998,8,4,BMW 3 SERIES,-1,-1,0,-1
2024371400577,2024,371400577,1,9,0,-1,19,4,-1,-1,0,8,0,0,0,0,1,1,-1,6,1,-1,-1,1995,2,18,BMW 3 SERIES,-1,-1,0,-1
2024991490226,2024,991490226,2,9,0,-1,19,4,8,-1,0,0,0,11,0,0,3,1,-1,2,1,47,8,1995,2,8,BMW 3 SERIES,9,-1,0,2
2024010498028,2024,010498028,3,9,0,4,4,5,1,0,0,1,0,4,0,0,1,1,6,6,1,26,6,1995,2,7,BMW 3 SERIES,3,E01035667,0,1
2024010543831,2024,010543831,1,9,0,18,19,7,3,0,0,2,0,0,1,4,1,1,6,6,1,84,11,1995,2,13,BMW 3 SERIES,7,E01002343,0,2
2024010491623,2024,010491623,2,9,0,18,19,7,3,0,0,3,0,4,0,0,1,1,6,6,1,23,5,3000,1,23,BMW 3 SERIES,4,E01024182,0,4
2024052400288,2024,052400288,3,9,0,18,19,7,3,0,0,0,0,0,0,0,0,1,1,1,3,-1,-1,2993,2,5,BMW 3 SERIES,-1,-1,0,-1
2024010507853,2024,010507853,2,9,0,18,19,3,7,0,0,2,0,0,0,0,1,1,6,6,1,38,7,1998,8,6,BMW 3 SERIES,2,E01003501,0,1
2024201454514,2024,201454514,2,9,0,-1,9,1,7,-1,0,8,0,0,0,0,3,1,-1,9,1,87,11,1998,1,3,BMW 3 SERIES,10,E01010386,0,1
2024361458301,2024,361458301,1,9,0,-1,19,1,5,-1,0,2,0,0,0,0,1,1,-1,6,1,28,6,1995,1,15,BMW 3 SERIES,4,E01026733,0,4
2024010531340,2024,010531340,2,9,0,99,99,9,9,99,99,9,9,99,9,99,9,9,6,6,3,-1,-1,2993,2,7,BMW 3 SERIES,-1,-1,0,-1
2024411475096,2024,411475096,3,9,0,-1,3,8,4,-1,0,0,0,0,0,0,2,1,-1,6,-1,-1,-1,1998,8,4,BMW 3 SERIES,-1,-1,0,-1
2024201419083,2024,201419083,1,9,0,-1,19,3,7,-1,0,8,0,0,0,0,1,1,-1,9,1,29,6,1998,1,1,BMW 3 SERIES,5,E01010082,0,2
2024311395316,2024,311395316,6,9,0,-1,15,1,5,-1,0,0,0,0,1,0,1,1,-1,1,1,-1,-1,2993,12,1,BMW 3 SERIES,-1,-1,0,-1
2024211426289,2024,211426289,1,9,0,-1,19,7,3,-1,0,0,0,0,0,0,1,1,-1,6,1,22,5,1998,8,4,BMW 3 SERIES,1,E01014220,0,1
2024010544697,2024,010544697,1,9,0,18,19,7,3,9,9,1,0,0,1,10,1,1,6,6,1,24,5,1995,2,5,BMW 3 SERIES,7,E01003764,0,1
2024531480798,2024,531480798,3,9,0,-1,19,6,2,-1,0,1,0,0,0,0,2,1,-1,9,1,75,10,1995,2,9,BMW 3 SERIES,6,W01001593,0,1
2024010499820,2024,010499820,1,9,0,7,7,7,1,0,0,6,0,4,0,0,1,1,2,2,1,58,9,1998,1,3,BMW 3 SERIES,6,E01001258,0,1
2024211401972,2024,211401972,1,9,0,-1,19,2,4,-1,0,1,-1,0,0,0,4,1,-1,6,1,25,5,1995,2,10,BMW 3 SERIES,-1,-1,0,-1
2024221522195,2024,221522195,1,9,0,-1,19,2,6,-1,0,0,1,0,0,0,1,1,-1,6,1,63,9,1995,2,14,BMW 3 SERIES,5,E01014062,0,2
2024501401282,2024,501401282,1,9,0,-1,9,8,6,-1,0,5,0,0,0,0,1,1,-1,9,1,27,6,1995,2,21,BMW 3 SERIES,7,E01018883,0,1
2024430565172,2024,430565172,1,9,0,16,19,3,6,0,0,0,0,0,0,0,1,1,2,2,2,36,7,1995,2,9,BMW 3 SERIES,4,E01033835,0,2
2024531413983,2024,531413983,1,9,0,-1,19,5,1,-1,0,1,0,0,0,0,4,1,-1,1,1,33,6,1995,2,15,BMW 3 SERIES,2,E01022133,0,3
2024131413622,2024,131413622,1,9,0,-1,15,7,3,-1,0,0,0,0,0,0,1,1,-1,6,3,-1,-1,1995,2,19,BMW 3 SERIES,-1,-1,0,-1
2024131434180,2024,131434180,1,9,0,-1,19,8,4,-1,0,0,0,0,0,0,1,1,-1,9,1,22,5,1995,2,5,BMW 3 SERIES,3,E01033002,0,1
2024371452439,2024,371452439,2,9,0,-1,19,3,6,-1,0,0,0,0,0,0,4,1,-1,2,1,21,5,1998,8,2,BMW 3 SERIES,6,E01033126,0,1
2024351556662,2024,351556662,1,9,0,-1,13,2,6,-1,0,0,0,0,0,0,1,1,-1,6,1,20,4,1596,1,27,BMW 3 SERIES,5,E01018208,0,2
2024131452166,2024,131452166,1,9,0,-1,19,1,5,-1,0,1,0,0,0,0,4,1,-1,9,2,41,7,1995,1,14,BMW 3 SERIES,1,E01010841,0,1
2024451461379,2024,451461379,1,9,0,-1,19,7,3,-1,0,0,0,0,1,0,1,1,-1,9,2,28,6,1995,2,18,BMW 3 SERIES,9,E01030781,0,1
2024010548180,2024,010548180,2,9,0,99,99,9,9,99,99,9,9,99,9,99,9,9,6,6,3,-1,-1,1998,8,2,BMW 3 SERIES,-1,-1,0,-1
2024010530484,2024,010530484,1,9,0,18,19,3,7,0,0,1,0,0,0,0,2,9,6,6,2,46,8,1995,1,18,BMW 3 SERIES,4,E01004006,0,1
2024201524397,2024,201524397,3,9,0,-1,2,0,0,-1,0,0,0,0,0,0,4,1,-1,6,-1,-1,-1,1995,2,10,BMW 3 SERIES,-1,-1,0,-1
2024401502007,2024,401502007,3,9,0,-1,1,7,3,-1,0,0,0,0,0,0,1,1,-1,6,1,36,7,1995,2,7,BMW 3 SERIES,5,E01015786,0,1
2024351519250,2024,351519250,2,9,0,-1,4,4,8,-1,0,1,0,0,0,0,2,1,-1,6,2,59,9,1995,2,5,BMW 3 SERIES,2,E01015634,0,1
2024031481985,2024,031481985,1,9,0,-1,19,1,5,-1,0,0,0,0,0,0,1,1,-1,9,1,57,9,1998,1,6,BMW 3 SERIES,2,E01006342,0,4
2024440046150,2024,440046150,2,9,0,18,19,1,5,0,0,1,0,0,0,0,1,1,2,2,1,52,8,2494,1,22,BMW 3 SERIES,5,E01017209,0,2
2024501506083,2024,501506083,1,9,0,-1,19,5,1,-1,0,0,0,0,5,6,3,1,-1,6,2,34,6,2993,2,17,BMW 3 SERIES,4,E01020180,0,4
2024332400558,2024,332400558,1,9,0,-1,5,3,1,-1,0,1,0,0,0,0,1,1,-1,6,1,-1,-1,1995,2,15,BMW 3 SERIES,-1,-1,0,-1
2024010521533,2024,010521533,1,9,0,3,3,9,9,99,99,9,9,99,9,99,2,9,6,6,1,27,6,1995,2,8,BMW 3 SERIES,6,E01002347,0,2
2024201435916,2024,201435916,1,9,0,-1,19,4,8,-1,0,1,0,0,0,0,1,9,-1,1,2,58,9,1995,2,13,BMW 3 SERIES,4,E01010558,0,1
2024010521109,2024,010521109,1,9,0,9,9,7,5,0,0,8,0,0,0,0,1,1,6,6,1,42,7,1598,1,10,BMW 3 SERIES,6,E01001665,0,2
2024122400391,2024,122400391,1,9,0,18,19,1,5,0,0,8,0,0,0,0,1,1,6,6,2,54,8,2993,2,16,BMW 3 SERIES,7,E01027684,0,1
2024332400560,2024,332400560,1,9,0,-1,1,7,3,-1,0,0,0,0,0,0,2,1,-1,6,1,-1,-1,2993,2,13,BMW 3 SERIES,-1,-1,0,-1
2024631399708,2024,631399708,2,9,0,-1,19,2,6,-1,0,0,0,0,0,0,1,1,-1,1,1,45,7,2993,12,3,BMW 3 SERIES,7,W01000619,0,5
2024010509857,2024,010509857,1,9,0,18,19,1,5,0,0,0,0,0,0,0,1,1,6,6,1,21,5,1598,1,11,BMW 3 SERIES,2,E01004007,0,1
2024231522702,2024,231522702,2,9,0,-1,5,5,1,-1,0,6,0,0,0,0,1,9,-1,6,3,45,7,1995,2,19,BMW 3 SERIES,-1,-1,0,-1
2024061499344,2024,061499344,1,9,0,-1,19,6,2,-1,0,8,0,10,0,0,1,2,-1,6,1,32,6,1998,1,4,BMW 3 SERIES,3,E01005179,0,2
2024052400405,2024,052400405,1,9,0,1,1,8,4,0,0,1,0,0,0,0,2,1,6,6,1,36,7,1998,1,2,BMW 3 SERIES,1,E01006608,0,2
2024131427313,2024,131427313,1,9,0,-1,19,3,7,-1,0,0,5,0,0,0,1,1,-1,1,1,30,6,2993,2,2,BMW 3 SERIES,1,E01010730,0,4
2024552400475,2024,552400475,1,9,0,18,19,6,2,0,0,0,5,0,2,10,4,1,6,6,1,25,5,1995,2,11,BMW 3 SERIES,2,E01015367,0,3
2024010508450,2024,010508450,1,9,0,99,99,9,9,99,99,9,9,99,9,99,1,9,6,6,1,56,9,1995,2,12,BMW 3 SERIES,2,E01030025,0,4
2024070807641,2024,070807641,2,9,0,-1,9,5,7,-1,0,8,0,0,0,0,1,1,-1,9,1,49,8,3000,1,13,BMW 3 SERIES,10,E01018589,0,2
2024010503114,2024,010503114,3,9,0,18,19,3,7,0,0,1,0,0,0,0,1,1,6,6,1,21,5,2993,2,10,BMW 3 SERIES,6,E01003664,0,1
2024122400466,2024,122400466,3,9,0,2,2,0,0,9,9,0,0,0,0,0,0,1,6,6,2,50,8,1995,12,4,BMW 3 SERIES,10,E01027893,0,2
2024010519578,2024,010519578,1,9,0,99,99,9,9,99,99,9,9,99,9,99,9,9,6,6,3,-1,-1,1995,2,16,BMW 3 SERIES,-1,-1,0,-1
2024010524561,2024,010524561,2,9,0,9,9,7,5,0,0,0,0,0,0,0,1,1,2,2,1,24,5,3000,1,14,BMW 3 SERIES,3,E01000381,0,3
2024552400253,2024,552400253,1,9,0,18,19,3,7,0,0,0,0,0,0,0,1,1,6,6,1,25,5,1995,2,14,BMW 3 SERIES,6,E01020448,0,3
2024131504025,2024,131504025,1,9,0,-1,19,5,1,-1,0,1,0,0,0,0,1,1,-1,2,1,43,7,1995,2,10,BMW 3 SERIES,5,E01011855,0,1
2024201520285,2024,201520285,2,9,0,-1,19,1,6,-1,0,0,0,4,0,0,2,1,-1,6,1,44,7,1995,12,3,BMW 3 SERIES,7,E01003199,0,5
2024010501225,2024,010501225,1,9,0,18,19,5,1,0,0,1,0,0,0,0,1,1,2,2,1,49,8,2494,1,18,BMW 3 SERIES,-1,-1,0,-1
2024231465306,2024,231465306,3,9,0,-1,19,5,8,-1,0,8,0,0,0,0,0,9,-1,8,1,45,7,2993,12,2,BMW 3 SERIES,-1,-1,0,-1
2024351440818,2024,351440818,2,9,0,-1,19,2,4,-1,0,1,0,0,0,0,1,1,-1,2,1,27,6,2000,2,14,BMW 3 SERIES,9,E01015681,0,1
2024461478258,2024,461478258,1,9,0,-1,19,6,3,-1,0,0,5,0,0,0,3,2,-1,9,1,28,6,2000,2,13,BMW 3 SERIES,2,E01024246,0,2
2024320339748,2024,320339748,1,9,0,-1,-1,6,2,0,0,0,2,0,1,9,1,1,6,6,1,18,4,1995,2,16,BMW 3 SERIES,-1,-1,0,-1
2024221526916,2024,221526916,1,9,0,-1,19,6,2,-1,0,0,0,0,1,10,1,1,-1,6,1,60,9,1995,2,10,BMW 3 SERIES,6,E01014055,0,1
2024371548791,2024,371548791,1,9,0,-1,5,1,5,-1,0,6,0,0,0,0,1,1,-1,6,1,24,5,1995,2,17,BMW 3 SERIES,9,E01030004,0,1
2024131394504,2024,131394504,2,9,0,-1,4,1,5,-1,0,0,0,0,0,0,1,1,-1,6,3,-1,-1,1995,2,12,BMW 3 SERIES,-1,-1,0,-1
2024471432405,2024,471432405,2,9,0,-1,4,3,7,-1,0,0,0,0,0,0,2,1,-1,2,1,29,6,1995,2,12,BMW 3 SERIES,3,E01031492,0,1
2024371488337,2024,371488337,2,9,0,-1,19,-1,-1,-1,0,8,0,0,0,0,1,1,-1,2,1,55,8,1995,12,2,BMW 3 SERIES,9,E01026581,0,4
2024010519945,2024,010519945,3,9,0,4,4,7,3,0,0,0,0,0,0,0,2,1,6,6,1,33,6,1997,1,11,BMW 3 SERIES,3,E01001956,0,3
2024361403101,2024,361403101,1,9,0,-1,9,4,1,-1,0,1,0,0,0,0,1,1,-1,6,1,44,7,2993,2,18,BMW 3 SERIES,-1,-1,0,-1
2024231438125,2024,231438125,2,9,0,-1,3,8,4,-1,0,1,0,0,0,0,2,9,-1,9,1,35,6,2996,1,18,BMW 3 SERIES,5,E01031309,0,1
2024231444961,2024,231444961,1,9,0,-1,19,1,5,-1,0,8,0,0,0,0,1,1,-1,6,1,48,8,2979,1,21,BMW 3 SERIES,2,E01031097,0,1
2024010526927,2024,010526927,1,9,0,1,1,3,7,0,0,0,0,11,0,0,2,9,6,6,3,-1,-1,1998,1,7,BMW 3 SERIES,-1,-1,0,-1
2024010546609,2024,010546609,1,9,0,9,9,5,2,0,0,5,0,0,0,0,1,1,6,6,1,23,5,1995,1,19,BMW 3 SERIES,4,E01003389,0,3
2024010524021,2024,010524021,2,9,0,3,3,1,5,0,0,6,0,0,0,0,3,1,6,6,2,28,6,1998,8,6,BMW 3 SERIES,5,E01017903,0,4
2024061528500,2024,061528500,2,9,0,-1,9,1,6,-1,0,1,0,0,1,0,3,1,-1,6,1,39,7,1995,2,12,BMW 3 SERIES,4,E01025360,0,4
2024430365377,2024,430365377,1,9,0,9,9,5,3,0,0,5,0,0,0,0,4,1,6,6,2,28,6,1995,2,7,BMW 3 SERIES,5,E01026703,0,5
2024201424923,2024,201424923,1,9,0,-1,5,5,2,-1,0,8,0,0,0,0,4,1,-1,2,1,32,6,1995,2,9,BMW 3 SERIES,2,E01009050,0,3
2024501494376,2024,501494376,2,9,0,-1,3,7,3,-1,0,0,0,0,0,0,4,1,-1,9,1,36,7,1995,2,15,BMW 3 SERIES,3,E01015159,0,1
2024010546275,2024,010546275,1,9,0,18,19,8,4,9,9,0,0,0,7,11,1,1,6,6,1,32,6,1998,1,0,BMW 3 SERIES,6,E01000825,0,1
2024201522865,2024,201522865,1,9,0,-1,19,8,4,-1,0,0,0,0,0,0,1,1,-1,9,2,30,6,1998,8,4,BMW 3 SERIES,-1,-1,0,-1
2024211423008,2024,211423008,2,9,0,-1,19,3,7,-1,0,0,0,0,0,0,1,1,-1,6,1,36,7,1995,2,17,BMW 3 SERIES,2,E01029468,0,1
2024451450926,2024,451450926,1,9,0,-1,19,6,2,-1,0,0,0,0,0,0,1,1,-1,9,2,25,5,1995,2,16,BMW 3 SERIES,5,E01030667,0,1
2024421432054,2024,421432054,1,9,0,-1,7,8,2,-1,0,1,0,0,0,0,1,9,-1,6,1,-1,-1,1995,1,16,BMW 3 SERIES,-1,-1,0,-1
2024231428353,2024,231428353,2,9,0,-1,13,2,6,-1,0,0,1,0,0,0,1,9,-1,6,1,41,7,2993,2,9,BMW 3 SERIES,7,E01031248,0,1
2024201434434,2024,201434434,2,9,0,-1,19,1,7,-1,0,0,0,0,0,0,4,1,-1,9,1,31,6,1995,2,14,BMW 3 SERIES,6,E01010350,0,2
2024451425186,2024,451425186,3,9,0,-1,2,0,0,-1,9,0,0,0,0,0,4,1,-1,6,-1,-1,-1,1997,1,10,BMW 3 SERIES,-1,-1,0,-1
2024471396990,2024,471396990,1,9,0,-1,19,5,1,-1,0,0,0,7,1,11,1,1,-1,9,1,24,5,1995,2,7,BMW 3 SERIES,2,E01010452,0,5
2024430108757,2024,430108757,1,9,0,14,14,5,1,0,0,8,0,0,0,0,3,1,2,2,1,25,5,2000,2,13,BMW 3 SERIES,6,E01016433,0,2
2024201499501,2024,201499501,2,9,0,-1,19,4,8,-1,0,0,0,0,0,0,3,1,-1,6,1,43,7,1995,2,10,BMW 3 SERIES,1,E01010421,0,1
2024221472874,2024,221472874,1,9,0,-1,19,1,5,-1,0,1,5,0,1,10,4,1,-1,6,1,36,7,2926,2,22,BMW 3 SERIES,7,E01032398,0,1
2024991473532,2024,991473532,1,9,0,-1,3,3,7,-1,0,1,0,0,0,0,1,1,-1,6,1,30,6,1995,2,11,BMW 3 SERIES,-1,-1,0,-1
2024201508481,2024,201508481,2,9,0,-1,19,6,3,-1,0,0,0,0,0,0,1,1,-1,6,1,22,5,1995,2,15,BMW 3 SERIES,2,E01009592,0,1
2024471401439,2024,471401439,2,9,0,-1,19,5,8,-1,0,0,0,0,0,0,4,1,-1,2,1,44,7,1995,2,5,BMW 3 SERIES,2,E01020930,0,1
2024010516478,2024,010516478,2,9,0,99,99,9,9,99,99,9,9,99,9,99,2,9,6,6,1,36,7,1995,1,15,BMW 3 SERIES,7,E01002198,0,1
2024471513457,2024,471513457,6,9,0,-1,2,0,0,-1,0,0,0,0,0,0,0,1,-1,6,-1,-1,-1,1995,2,12,BMW 3 SERIES,-1,-1,0,-1
2024552400771,2024,552400771,1,9,0,18,19,3,7,0,0,8,0,0,7,11,1,1,6,6,1,33,6,1995,2,11,BMW 3 SERIES,5,E01020472,0,1
2024101455499,2024,101455499,1,9,0,-1,19,7,3,-1,0,8,0,0,0,0,3,1,-1,6,1,29,6,1995,2,12,BMW 3 SERIES,5,E01027453,0,1
2024061397031,2024,061397031,3,9,0,-1,19,2,6,-1,0,2,0,0,0,0,0,1,-1,1,1,55,8,2993,12,3,BMW 3 SERIES,1,E01005107,0,2
2024161474548,2024,161474548,1,9,0,-1,19,5,2,-1,-1,0,0,4,0,0,1,1,-1,6,1,29,6,1995,2,17,BMW 3 SERIES,6,E01007565,0,4
2024201526961,2024,201526961,1,9,0,-1,19,1,5,-1,0,8,0,7,0,0,1,1,-1,6,1,-1,-1,2993,2,5,BMW 3 SERIES,-1,-1,0,-1
2024552401323,2024,552401323,2,9,0,18,19,2,6,0,0,0,0,0,0,0,1,1,6,6,1,45,7,2171,1,23,BMW 3 SERIES,6,E01020329,0,5
2024061479012,2024,061479012,3,9,0,-1,19,5,1,-1,0,1,0,0,0,0,3,1,-1,6,1,52,8,1995,2,10,BMW 3 SERIES,1,E01005124,0,1
2024041444930,2024,041444930,1,9,0,-1,19,3,7,-1,0,0,1,0,1,2,1,1,-1,9,1,24,5,1995,2,17,BMW 3 SERIES,2,E01012728,0,2
2024622400236,2024,622400236,2,9,0,18,19,8,4,0,0,1,0,0,0,0,3,1,6,6,1,57,9,1998,1,0,BMW 3 SERIES,1,W01000738,0,2
2024010494687,2024,010494687,1,9,0,18,19,3,7,0,0,2,0,0,0,0,1,1,2,2,1,17,4,2000,1,16,BMW 3 SERIES,7,E01001891,0,1
2024461431998,2024,461431998,2,9,0,-1,2,0,0,-1,9,0,0,0,0,0,4,1,-1,6,-1,-1,-1,1997,1,11,BMW 3 SERIES,-1,-1,0,-1
2024031415328,2024,031415328,1,9,0,-1,3,3,6,-1,0,1,0,0,0,0,2,1,-1,6,2,33,6,2993,2,8,BMW 3 SERIES,-1,-1,0,-1