collision_index,collision_year,collision_ref_no,vehicle_reference,vehicle_type,towing_and_articulation,vehicle_manoeuvre_historic,vehicle_manoeuvre,vehicle_direction_from,vehicle_direction_to,vehicle_location_restricted_lane_historic,vehicle_location_restricted_lane,junction_location,skidding_and_overturning,hit_object_in_carriageway,vehicle_leaving_carriageway,hit_object_off_carriageway,first_point_of_impact,vehicle_left_hand_drive,journey_purpose_of_driver_historic,journey_purpose_of_driver,sex_of_driver,age_of_driver,age_band_of_driver,engine_capacity_cc,propulsion_code,age_of_vehicle,generic_make_model,driver_imd_decile,lsoa_of_driver,escooter_flag,driver_distance_banding
2024101480641,2024,101480641,1,9,0,-1,19,3,7,-1,0,4,0,0,0,0,1,1,-1,6,2,30,6,1995,2,8,BMW 3 SERIES,-1,-1,0,-1
2024430442426,2024,430442426,2,9,0,18,19,3,7,0,0,8,0,0,1,7,3,1,1,1,1,23,5,2979,1,21,BMW 3 SERIES,-1,-1,0,-1
2024010536072,2024,010536072,2,9,9,2,2,0,0,99,99,0,9,99,0,0,9,9,6,6,3,-1,-1,1998,1,5,BMW 3 SERIES,-1,-1,0,-1
2024451416818,2024,451416818,1,9,0,-1,19,3,7,-1,0,0,1,0,7,11,4,1,-1,6,1,20,4,1995,1,19,BMW 3 SERIES,8,E01000655,0,1
2024371463766,2024,371463766,2,9,0,-1,3,-1,-1,-1,0,0,0,0,0,0,2,1,-1,9,2,55,8,1995,2,8,BMW 3 SERIES,8,E01029905,0,3
2024101404632,2024,101404632,1,9,0,-1,19,1,5,-1,0,8,1,0,7,0,1,1,-1,2,1,23,5,1995,2,7,BMW 3 SERIES,4,-1,0,4
2024201409173,2024,201409173,2,9,0,-1,19,6,3,-1,0,1,0,0,0,0,1,1,-1,6,1,20,4,1995,2,12,BMW 3 SERIES,8,E01009794,0,1
2024401517691,2024,401517691,2,9,0,-1,7,3,7,-1,0,1,0,0,0,0,1,1,-1,6,1,39,7,1998,8,3,BMW 3 SERIES,10,E01017483,0,1
202460Q046894,2024,60Q046894,3,9,0,2,2,0,0,0,0,2,0,0,0,0,3,1,6,6,1,42,7,1995,2,13,BMW 3 SERIES,-1,-1,0,-1
2024061481675,2024,061481675,2,9,-1,-1,19,5,1,-1,0,0,0,0,0,0,3,9,-1,6,1,24,5,1995,2,5,BMW 3 SERIES,6,E01005699,0,3
2024231410727,2024,231410727,3,9,0,-1,19,8,4,-1,0,0,0,0,0,0,1,1,-1,6,1,39,7,1995,2,8,BMW 3 SERIES,3,E01031008,0,4
2024010508830,2024,010508830,1,9,0,18,19,8,4,0,0,8,0,0,0,0,4,1,6,6,2,47,8,1995,1,19,BMW 3 SERIES,-1,-1,0,-1
2024041426508,2024,041426508,1,9,0,-1,19,5,1,-1,0,0,0,0,0,0,1,1,-1,9,1,29,6,1998,1,5,BMW 3 SERIES,9,E01025512,0,4
2024501470825,2024,501470825,2,9,0,-1,19,7,3,-1,0,0,0,0,0,0,3,1,-1,9,1,32,6,2000,2,14,BMW 3 SERIES,8,E01015141,0,2
2024131405323,2024,131405323,5,9,0,-1,19,1,1,-1,0,0,1,0,0,0,1,1,-1,1,1,37,7,1995,2,10,BMW 3 SERIES,2,E01010630,0,3
2024531422254,2024,531422254,2,9,0,-1,19,1,5,-1,0,1,0,0,7,0,1,1,-1,9,1,32,6,1995,2,14,BMW 3 SERIES,6,E01016279,0,4
2024522403193,2024,522403193,1,9,0,9,9,5,2,0,0,5,0,0,0,0,1,1,6,6,1,42,7,2000,1,15,BMW 3 SERIES,2,E01014489,0,1
2024302401027,2024,302401027,3,9,0,18,19,5,1,0,0,0,0,0,0,0,1,1,6,6,1,46,8,2993,2,8,BMW 3 SERIES,8,E01007921,0,2
2024531495466,2024,531495466,1,9,0,-1,5,5,1,-1,0,0,0,0,0,0,1,1,-1,2,1,44,7,1995,2,15,BMW 3 SERIES,2,E01022160,0,1
2024201518010,2024,201518010,2,9,0,-1,3,2,6,-1,0,8,0,0,0,0,2,1,-1,6,2,44,7,1995,12,3,BMW 3 SERIES,5,E01009939,0,1
2024041531542,2024,041531542,1,9,0,-1,19,4,8,-1,0,0,1,0,1,11,3,1,-1,9,1,18,4,1995,2,13,BMW 3 SERIES,3,E01025213,0,1
2024141467735,2024,141467735,1,9,0,-1,19,1,5,-1,0,1,0,0,0,0,3,1,-1,6,-1,-1,-1,2993,2,7,BMW 3 SERIES,-1,-1,0,-1
2024101442111,2024,101442111,1,9,0,-1,19,4,8,-1,0,0,0,0,0,0,1,1,-1,6,1,37,7,1995,2,11,BMW 3 SERIES,5,E01020604,0,2
2024041453997,2024,041453997,1,9,0,-1,19,3,7,-1,0,0,0,0,0,0,1,1,-1,6,2,41,7,1995,12,2,BMW 3 SERIES,4,E01007434,0,5
2024010517933,2024,010517933,1,9,0,7,7,1,4,9,9,3,0,10,7,10,1,1,6,6,1,28,6,2494,1,22,BMW 3 SERIES,-1,-1,0,-1
2024010519868,2024,010519868,2,9,0,99,99,9,9,99,99,9,9,99,9,99,9,9,6,6,3,-1,-1,1995,1,17,BMW 3 SERIES,2,E01003633,0,1
2024101459920,2024,101459920,1,9,0,-1,20,1,5,-1,0,8,0,0,0,0,3,1,-1,9,1,50,8,1499,1,7,BMW 3 SERIES,1,E01027427,0,1
2024430432105,2024,430432105,1,9,0,16,19,4,7,0,0,0,0,0,0,0,4,1,6,6,1,57,9,1995,2,11,BMW 3 SERIES,10,E01028615,0,2
2024010516501,2024,010516501,2,9,0,99,99,9,9,99,99,9,9,99,9,99,1,9,6,6,1,31,6,1998,1,9,BMW 3 SERIES,7,E01003064,0,2
2024430282090,2024,430282090,1,9,0,9,9,6,4,0,0,5,0,0,1,0,1,1,6,6,1,48,8,2979,1,23,BMW 3 SERIES,7,E01016332,0,1
2024421447204,2024,421447204,2,9,0,-1,19,-1,-1,-1,0,2,0,0,0,0,1,1,-1,9,1,34,6,1998,8,7,BMW 3 SERIES,8,E01021566,0,1
2024010536547,2024,010536547,2,9,0,3,3,3,7,0,0,1,0,0,0,0,3,1,6,6,2,28,6,1995,2,8,BMW 3 SERIES,3,E01003179,0,1
2024991503032,2024,991503032,1,9,0,-1,19,4,8,-1,0,2,5,0,1,11,4,1,-1,9,1,32,6,1995,2,17,BMW 3 SERIES,5,-1,0,3
2024371465515,2024,371465515,1,9,0,-1,19,8,1,-1,0,0,0,0,0,0,1,1,-1,9,1,27,6,1995,1,18,BMW 3 SERIES,7,E01033449,0,1
2024501487378,2024,501487378,2,9,0,-1,9,5,1,-1,0,0,0,0,0,0,1,1,-1,9,1,79,11,1998,1,3,BMW 3 SERIES,4,E01018856,0,1
2024430389028,2024,430389028,2,9,0,18,19,5,8,0,0,0,0,0,0,0,1,1,6,6,1,65,9,2993,2,17,BMW 3 SERIES,-1,-1,0,-1
2024141428985,2024,141428985,3,9,0,-1,19,8,4,-1,0,0,0,0,7,0,0,1,-1,1,1,45,7,2993,2,4,BMW 3 SERIES,1,E01007902,0,1
2024131470550,2024,131470550,1,9,0,-1,6,7,3,-1,0,0,0,0,0,0,3,1,-1,9,1,34,6,1998,8,5,BMW 3 SERIES,7,E01011013,0,1
2024320239594,2024,320239594,1,9,0,9,9,2,8,0,0,5,0,0,0,0,4,1,-1,-1,1,22,5,1995,2,11,BMW 3 SERIES,4,E01026317,0,1
2024371516839,2024,371516839,1,9,0,-1,19,2,6,-1,0,0,0,10,1,0,3,1,-1,9,1,20,4,1995,2,16,BMW 3 SERIES,7,E01033449,0,1
2024010506201,2024,010506201,2,9,9,99,99,9,9,99,99,9,9,99,9,99,9,9,6,6,1,39,7,2979,1,14,BMW 3 SERIES,3,E01001504,0,3
2024010543809,2024,010543809,1,9,0,9,9,1,6,0,0,2,0,0,0,0,1,1,6,6,1,21,5,1995,2,8,BMW 3 SERIES,6,E01003713,0,3
2024161417964,2024,161417964,2,9,0,-1,19,4,8,-1,0,0,0,0,0,0,1,9,-1,6,1,-1,-1,1995,2,14,BMW 3 SERIES,-1,-1,0,-1
2024451479474,2024,451479474,1,9,0,-1,19,5,1,-1,0,0,0,0,0,0,1,9,-1,9,1,56,9,1998,1,7,BMW 3 SERIES,10,E01030476,0,1
2024010535457,2024,010535457,3,9,0,2,2,0,0,9,9,0,0,0,0,0,2,1,6,6,3,-1,-1,1998,8,4,BMW 3 SERIES,-1,-1,0,-1
2024340WN7272,2024,340WN7272,1,9,0,-1,19,5,1,-1,0,1,0,0,0,0,1,1,-1,6,3,-1,-1,1995,2,15,BMW 3 SERIES,-1,-1,0,-1
2024201501847,2024,201501847,2,9,0,-1,19,4,7,-1,0,1,0,0,0,0,0,1,-1,8,1,28,6,2993,12,3,BMW 3 SERIES,4,E01009234,0,3
2024031404002,2024,031404002,1,9,0,-1,19,7,3,-1,0,0,1,0,1,0,1,1,-1,9,1,48,8,1995,2,7,BMW 3 SERIES,2,E01027864,0,5
2024471470449,2024,471470449,2,9,0,-1,9,3,8,-1,0,1,0,0,0,0,1,1,-1,6,1,-1,-1,2993,2,10,BMW 3 SERIES,-1,-1,0,-1
2024131397690,2024,131397690,2,9,0,-1,2,5,1,-1,0,8,0,0,0,0,2,1,-1,6,-1,-1,-1,1995,2,13,BMW 3 SERIES,-1,-1,0,-1
2024201463961,2024,201463961,3,9,0,-1,19,3,7,-1,0,0,0,7,0,0,4,1,-1,6,1,45,7,2993,2,8,BMW 3 SERIES,1,E01034917,0,3
2024461482629,2024,461482629,1,9,0,-1,19,5,1,-1,0,0,0,0,0,0,1,1,-1,9,1,51,8,1998,8,3,BMW 3 SERIES,7,E01015686,0,5
2024340NN1392,2024,340NN1392,1,9,0,-1,19,5,1,-1,0,4,0,0,3,0,1,1,-1,9,1,25,5,2996,1,19,BMW 3 SERIES,5,E01027126,0,2
2024211484308,2024,211484308,2,9,0,-1,19,1,5,-1,0,0,0,0,0,0,1,1,-1,6,1,32,6,1995,2,13,BMW 3 SERIES,2,E01034313,0,2
2024061462760,2024,061462760,2,9,0,-1,1,-1,-1,-1,0,0,0,4,0,0,2,1,-1,6,2,-1,-1,1995,2,11,BMW 3 SERIES,2,E01004872,0,1
2024351415418,2024,351415418,4,9,0,-1,19,3,6,-1,0,5,0,0,0,0,2,1,-1,6,1,36,7,1995,2,16,BMW 3 SERIES,6,E01035547,0,1
2024010529115,2024,010529115,1,9,0,99,99,9,9,99,99,9,9,99,9,99,9,9,6,6,1,49,8,1998,1,4,BMW 3 SERIES,3,E01003624,0,1
2024010521046,2024,010521046,1,9,0,18,19,3,7,0,0,8,0,0,0,0,1,1,6,6,2,43,7,1995,2,8,BMW 3 SERIES,3,E01001421,0,1
2024471513699,2024,471513699,1,9,0,-1,19,1,5,-1,0,0,1,0,0,0,1,1,-1,2,1,27,6,2000,2,13,BMW 3 SERIES,1,-1,0,5
2024010512849,2024,010512849,1,9,0,99,99,9,9,99,99,0,9,99,9,99,2,1,6,6,1,24,5,1995,12,3,BMW 3 SERIES,7,E01034577,0,3
2024451510362,2024,451510362,2,9,0,-1,19,5,1,-1,0,2,0,0,0,0,1,1,-1,2,1,45,7,1995,2,8,BMW 3 SERIES,3,E01030608,0,1
2024991468007,2024,991468007,1,9,0,-1,2,1,4,-1,0,0,0,0,0,0,3,1,-1,9,1,45,7,1998,1,0,BMW 3 SERIES,-1,-1,0,-1
2024010507673,2024,010507673,2,9,0,2,2,0,0,0,0,8,0,0,0,0,1,2,6,6,3,-1,-1,2993,2,8,BMW 3 SERIES,-1,-1,0,-1
2024131532961,2024,131532961,3,9,0,-1,2,0,0,-1,0,2,0,0,0,0,2,1,-1,6,-1,-1,-1,2993,2,8,BMW 3 SERIES,-1,-1,0,-1
2024461506853,2024,461506853,1,9,0,-1,5,7,3,-1,0,7,0,0,0,0,4,9,-1,6,1,76,11,1995,1,13,BMW 3 SERIES,10,E01016051,0,2
2024421423246,2024,421423246,1,9,0,-1,9,4,6,-1,0,1,0,0,0,0,2,1,-1,6,1,21,5,1995,2,17,BMW 3 SERIES,6,E01015816,0,2
2024461522442,2024,461522442,1,9,0,-1,19,7,7,-1,0,1,1,0,0,0,1,2,-1,9,1,32,6,1995,2,19,BMW 3 SERIES,6,E01023979,0,2
2024421527492,2024,421527492,1,9,0,-1,19,5,8,-1,0,0,0,0,0,0,3,2,-1,6,2,36,7,2993,2,17,BMW 3 SERIES,7,E01023298,0,3
2024440549202,2024,440549202,1,9,0,5,5,5,1,0,0,4,0,0,0,0,1,1,2,2,1,47,8,1998,8,0,BMW 3 SERIES,10,E01022745,0,1
2024501409625,2024,501409625,1,9,0,-1,19,5,1,-1,0,0,1,10,0,0,1,1,-1,9,1,20,4,1995,2,12,BMW 3 SERIES,9,E01019896,0,1
2024332401052,2024,332401052,1,9,0,-1,19,1,5,-1,0,0,2,0,1,0,2,1,-1,2,1,46,8,1995,2,18,BMW 3 SERIES,8,E01025622,0,1
2024421486032,2024,421486032,3,9,0,-1,4,3,7,-1,0,0,0,0,0,0,1,1,-1,6,1,38,7,1998,1,5,BMW 3 SERIES,7,E01021336,0,1
2024010544704,2024,010544704,2,9,0,99,99,9,9,99,99,9,9,99,9,99,2,9,6,6,3,-1,-1,2993,2,16,BMW 3 SERIES,3,E01003979,0,3
2024201411217,2024,201411217,1,9,0,-1,19,7,3,-1,0,0,0,0,0,0,1,1,-1,6,1,49,8,2993,2,11,BMW 3 SERIES,10,E01009694,0,1
2024461457730,2024,461457730,1,9,0,-1,19,8,6,-1,0,6,0,0,0,0,3,9,-1,9,1,35,6,2993,2,10,BMW 3 SERIES,9,E01024147,0,1
2024351526063,2024,351526063,3,9,0,-1,4,1,5,-1,0,0,0,0,0,0,2,1,-1,2,1,65,9,1998,8,0,BMW 3 SERIES,2,E01013694,0,4
2024010541051,2024,010541051,2,9,9,99,99,9,9,99,99,9,9,99,9,99,9,9,6,6,3,-1,-1,1995,2,5,BMW 3 SERIES,-1,-1,0,-1
2024421525191,2024,421525191,2,9,0,-1,19,4,1,-1,0,1,0,0,0,0,0,1,-1,1,1,45,7,2993,2,4,BMW 3 SERIES,7,E01021544,0,4
2024440364057,2024,440364057,1,9,0,18,19,7,3,0,0,0,5,0,1,7,1,1,6,6,1,56,9,1998,8,5,BMW 3 SERIES,5,E01029829,0,5
2024131455821,2024,131455821,1,9,0,-1,9,8,2,-1,0,0,0,0,0,0,1,1,-1,6,1,37,7,1995,2,10,BMW 3 SERIES,1,E01011344,0,1
2024520500246,2024,520500246,2,9,0,16,19,7,3,0,0,0,0,0,0,0,3,1,6,6,1,55,8,1995,2,6,BMW 3 SERIES,2,E01024315,0,5
2024010533274,2024,010533274,2,9,0,99,99,9,9,99,99,0,9,99,9,99,4,9,6,6,3,-1,-1,1998,1,5,BMW 3 SERIES,-1,-1,0,-1
2024421422586,2024,421422586,1,9,0,-1,5,6,1,-1,0,0,0,0,0,0,0,1,-1,6,1,40,7,1995,2,15,BMW 3 SERIES,-1,-1,0,-1
2024430015526,2024,430015526,1,9,0,9,9,6,4,0,0,5,0,0,0,0,1,1,2,2,1,25,5,2000,2,13,BMW 3 SERIES,8,E01028422,0,2
2024061442657,2024,061442657,1,9,0,-1,5,1,5,-1,0,0,0,0,0,0,1,1,-1,9,1,51,8,1995,2,8,BMW 3 SERIES,1,E01005227,0,1
2024031426075,2024,031426075,2,9,0,-1,5,1,1,-1,0,1,0,0,0,0,3,1,-1,6,2,30,6,1995,2,14,BMW 3 SERIES,-1,-1,0,-1
2024010547306,2024,010547306,1,9,0,9,9,7,6,0,0,8,0,0,0,0,3,1,6,6,1,46,8,1995,1,15,BMW 3 SERIES,5,E01001914,0,1
2024141419047,2024,141419047,2,9,0,-1,3,1,5,-1,0,1,0,0,0,0,2,9,-1,1,1,52,8,2993,2,8,BMW 3 SERIES,1,E01007902,0,4
2024201449143,2024,201449143,1,9,0,-1,5,2,6,-1,9,0,0,0,0,0,1,1,-1,9,1,61,9,1995,2,8,BMW 3 SERIES,6,E01029488,0,2
2024351443983,2024,351443983,1,9,0,-1,5,5,3,-1,0,4,0,0,0,0,3,1,-1,6,1,20,4,1995,1,13,BMW 3 SERIES,2,E01015640,0,1
2024311401299,2024,311401299,1,9,0,-1,19,2,6,-1,0,0,0,0,0,0,1,1,-1,6,1,31,6,2171,1,21,BMW 3 SERIES,10,E01035509,0,1
2024430564540,2024,430564540,1,9,0,10,10,4,2,0,0,1,0,0,0,0,2,1,2,2,1,26,6,1995,2,11,BMW 3 SERIES,4,E01016484,0,1
2024471408186,2024,471408186,1,9,0,-1,19,1,5,-1,0,0,1,0,4,7,4,1,-1,2,1,30,6,1995,2,18,BMW 3 SERIES,6,E01031352,0,4
2024041491274,2024,041491274,1,9,0,-1,19,5,1,-1,0,0,5,0,7,10,1,2,-1,6,1,53,8,1995,2,18,BMW 3 SERIES,2,E01024902,0,1
2024041394887,2024,041394887,2,9,0,-1,19,5,7,-1,0,0,1,0,1,7,4,1,-1,9,1,56,9,1995,2,12,BMW 3 SERIES,8,E01006285,0,4
2024201486037,2024,201486037,3,9,0,-1,19,3,7,-1,0,0,0,0,0,0,1,1,-1,1,1,35,6,2993,2,3,BMW 3 SERIES,-1,-1,0,-1
2024010523046,2024,010523046,2,9,0,99,99,9,9,99,99,9,9,99,9,99,1,9,6,6,3,-1,-1,1995,1,17,BMW 3 SERIES,6,E01004450,0,1
2024141505211,2024,141505211,2,9,0,-1,19,8,2,-1,0,4,0,0,0,0,1,9,-1,6,3,-1,-1,1995,2,13,BMW 3 SERIES,-1,-1,0,-1
2024351406698,2024,351406698,1,9,0,-1,19,7,3,-1,0,0,1,0,0,0,1,1,-1,2,1,61,9,1995,2,4,BMW 3 SERIES,7,E01018220,0,4
2024201494626,2024,201494626,2,9,0,-1,19,7,3,-1,0,1,0,11,0,0,1,1,-1,1,1,33,6,2993,12,3,BMW 3 SERIES,4,E01009234,0,2
2024010522803,2024,010522803,2,9,0,18,19,3,7,0,0,4,1,0,3,7,3,1,6,6,1,27,6,1998,8,4,BMW 3 SERIES,2,E01002782,0,4
2024010505185,2024,010505185,1,8,0,99,99,9,9,99,99,9,9,99,9,99,2,9,6,6,1,40,7,1998,8,6,BMW 3 SERIES,3,E01032786,0,1
2024061415923,2024,061415923,1,9,0,-1,13,7,3,-1,0,0,0,0,1,0,1,1,-1,6,1,18,4,1995,2,17,BMW 3 SERIES,-1,-1,0,-1
2024430410704,2024,430410704,1,9,0,7,7,5,7,0,0,1,0,0,0,0,4,1,6,6,1,22,5,1995,2,15,BMW 3 SERIES,9,E01028571,0,1
2024070768279,2024,070768279,1,9,0,-1,19,6,2,-1,0,1,0,0,7,0,3,1,-1,6,2,34,6,1995,1,18,BMW 3 SERIES,6,E01018472,0,2
2024131414298,2024,131414298,1,9,0,-1,19,1,5,-1,0,0,1,0,1,0,1,1,-1,6,1,43,7,2000,2,13,BMW 3 SERIES,3,E01011601,0,1
2024351529538,2024,351529538,2,9,0,-1,2,0,0,-1,0,0,0,4,0,0,2,1,-1,6,-1,-1,-1,1995,2,16,BMW 3 SERIES,-1,-1,0,-1
2024520002578,2024,520002578,1,9,0,9,9,2,8,0,0,8,0,0,0,0,1,1,6,6,2,36,7,1995,2,12,BMW 3 SERIES,6,E01014399,0,2
2024010548436,2024,010548436,2,9,0,99,99,9,9,99,99,9,9,99,9,99,1,9,6,6,1,56,9,1998,1,5,BMW 3 SERIES,2,E01002767,0,1
2024451503261,2024,451503261,2,9,0,-1,19,8,4,-1,5,0,0,0,7,9,4,1,-1,1,1,49,8,2171,1,21,BMW 3 SERIES,10,E01030435,0,2
2024061442071,2024,061442071,1,9,0,-1,19,-1,-1,-1,0,0,0,0,0,0,1,9,-1,6,3,-1,-1,2000,2,15,BMW 3 SERIES,-1,-1,0,-1
2024461468159,2024,461468159,1,9,0,-1,19,1,5,-1,0,0,0,0,0,0,2,9,-1,6,1,65,9,1995,1,17,BMW 3 SERIES,4,E01016143,0,1
2024520402130,2024,520402130,1,9,0,18,19,6,2,0,0,8,0,0,0,0,1,1,6,6,1,44,7,2993,2,11,BMW 3 SERIES,7,E01014472,0,3
2024122500066,2024,122500066,1,9,0,5,5,4,8,0,0,4,0,0,0,0,1,1,1,1,1,62,9,2993,2,4,BMW 3 SERIES,6,E01027616,0,3
2024010524590,2024,010524590,1,9,0,18,19,1,5,0,0,1,0,0,0,0,1,1,6,6,1,46,8,1998,8,7,BMW 3 SERIES,5,E01030724,0,3
2024041406687,2024,041406687,1,9,0,-1,19,5,1,-1,0,0,1,0,0,0,1,1,-1,9,2,21,5,1995,2,11,BMW 3 SERIES,7,E01012636,0,2
2024010492690,2024,010492690,2,9,0,18,19,5,1,0,0,1,0,0,0,0,1,1,6,6,1,23,5,1995,1,14,BMW 3 SERIES,3,E01015924,0,4
2024361531784,2024,361531784,1,9,0,-1,19,6,4,-1,0,1,0,0,0,0,1,1,-1,6,1,27,6,1499,1,7,BMW 3 SERIES,1,E01006632,0,5
2024010538340,2024,010538340,1,9,5,18,19,5,1,0,0,1,0,0,0,0,3,1,6,6,1,21,5,1995,2,7,BMW 3 SERIES,4,E01000235,0,1
2024440093780,2024,440093780,1,9,0,4,4,3,7,0,0,0,0,0,0,0,2,1,2,2,2,26,6,1499,1,6,BMW 3 SERIES,10,E01023231,0,2
2024471410448,2024,471410448,1,9,0,-1,19,7,3,-1,0,0,1,0,7,10,1,1,-1,6,1,19,4,1995,2,6,BMW 3 SERIES,9,E01000829,0,4
2024010522147,2024,010522147,4,9,0,2,2,0,0,0,0,1,0,0,0,0,1,1,6,6,3,-1,-1,1997,1,9,BMW 3 SERIES,-1,-1,0,-1
2024010548818,2024,010548818,1,9,0,3,3,9,9,99,99,9,9,99,9,99,2,9,6,6,1,41,7,1995,1,14,BMW 3 SERIES,2,E01000030,0,2
2024010514038,2024,010514038,1,9,0,16,19,2,6,0,0,4,0,0,0,0,1,1,6,6,1,21,5,2171,1,20,BMW 3 SERIES,4,E01004531,0,1
2024211528951,2024,211528951,2,9,0,-1,3,1,5,-1,0,0,0,0,0,0,4,1,-1,6,1,30,6,1995,2,10,BMW 3 SERIES,1,E01014305,0,1
2024052400172,2024,052400172,2,9,0,18,19,3,7,0,0,2,0,0,0,0,1,1,1,1,2,-1,-1,2993,2,5,BMW 3 SERIES,3,E01006743,0,3
2024991433709,2024,991433709,2,9,0,-1,19,1,5,-1,0,1,0,0,0,0,1,1,-1,6,1,37,7,1995,2,10,BMW 3 SERIES,3,-1,0,1
2024451459713,2024,451459713,2,9,0,-1,19,7,3,-1,0,0,0,0,0,0,1,9,-1,6,3,30,6,1998,8,1,BMW 3 SERIES,-1,-1,0,-1
2024421514659,2024,421514659,1,9,0,-1,19,2,5,-1,0,0,1,0,0,0,1,1,-1,9,1,25,5,1998,1,5,BMW 3 SERIES,5,E01003547,0,4
2024610006924,2024,610006924,2,9,0,18,19,3,7,0,0,7,0,0,0,0,1,1,2,2,2,-1,-1,1995,2,11,BMW 3 SERIES,8,W01001626,0,1
2024010525665,2024,010525665,2,9,0,2,2,0,0,0,0,0,0,4,0,0,2,1,6,6,3,-1,-1,1995,2,6,BMW 3 SERIES,-1,-1,0,-1
2024041441483,2024,041441483,1,9,0,-1,19,5,1,-1,0,0,0,0,7,4,1,1,-1,9,1,34,6,2993,2,15,BMW 3 SERIES,6,E01025608,0,2
2024010500951,2024,010500951,2,9,0,13,13,5,1,0,0,1,0,0,0,0,1,1,6,6,3,-1,-1,2998,1,7,BMW 3 SERIES,-1,-1,0,-1
2024211432328,2024,211432328,3,9,0,-1,4,5,1,-1,0,1,0,0,0,0,0,1,-1,6,3,-1,-1,2000,2,15,BMW 3 SERIES,-1,-1,0,-1
2024622400110,2024,622400110,1,9,0,6,6,5,5,0,0,0,0,0,0,0,3,1,6,6,1,40,7,1995,1,20,BMW 3 SERIES,4,W01001964,0,1
2024052401919,2024,052401919,2,9,0,7,7,5,1,0,0,1,0,0,0,0,4,1,6,6,1,32,6,1995,2,7,BMW 3 SERIES,1,E01007269,0,1
2024010528223,2024,010528223,1,9,0,17,19,3,7,9,9,0,0,0,1,4,1,1,6,6,1,46,8,1997,1,12,BMW 3 SERIES,5,E01023542,0,1
2024440539721,2024,440539721,1,9,0,10,10,5,4,0,0,1,0,0,0,0,1,1,6,6,1,55,8,1995,2,6,BMW 3 SERIES,10,E01023047,0,1
2024311477093,2024,311477093,1,9,0,-1,19,7,3,-1,0,0,2,10,1,0,1,1,-1,9,1,29,6,1995,2,17,BMW 3 SERIES,3,E01028338,0,2
2024201465589,2024,201465589,1,9,0,-1,19,6,3,-1,0,0,0,4,1,0,4,9,-1,9,1,32,6,1995,1,14,BMW 3 SERIES,1,E01009202,0,1
2024430630790,2024,430630790,2,9,0,2,2,0,0,9,9,0,0,0,0,0,1,1,6,6,1,43,7,2000,2,14,BMW 3 SERIES,9,E01016314,0,1
2024991480233,2024,991480233,1,9,0,-1,19,3,7,-1,0,0,0,0,0,0,4,1,-1,6,1,27,6,1995,2,7,BMW 3 SERIES,1,-1,0,1
2024421513351,2024,421513351,2,9,0,-1,4,3,7,-1,0,0,1,0,0,0,2,1,-1,2,1,58,9,1998,8,3,BMW 3 SERIES,7,E01021476,0,1
2024991401828,2024,991401828,2,9,0,-1,19,8,4,-1,0,8,0,0,0,0,1,1,-1,6,1,29,6,1995,2,15,BMW 3 SERIES,5,-1,0,2
2024201519323,2024,201519323,2,9,-1,-1,-1,-1,-1,-1,-1,0,-1,-1,-1,0,-1,9,-1,6,1,47,8,1995,2,7,BMW 3 SERIES,2,E01010021,0,3
2024010492913,2024,010492913,2,9,0,2,2,0,0,6,6,1,0,0,0,0,1,1,6,6,3,-1,-1,1995,2,5,BMW 3 SERIES,-1,-1,0,-1
2024991472802,2024,991472802,2,9,0,-1,19,2,4,-1,0,8,0,0,0,0,4,1,-1,6,2,57,9,1995,2,8,BMW 3 SERIES,8,-1,0,1
2024440224231,2024,440224231,2,9,0,18,19,4,8,0,0,0,0,0,0,0,1,1,6,6,2,54,8,2993,2,11,BMW 3 SERIES,7,E01020540,0,4
2024351508038,2024,351508038,2,9,0,-1,19,4,8,-1,0,8,1,0,0,0,1,1,-1,2,1,24,5,2979,1,17,BMW 3 SERIES,2,E01033111,0,1
2024622400322,2024,622400322,1,9,0,18,19,3,7,0,0,3,0,0,0,0,1,1,6,6,1,41,7,1995,2,17,BMW 3 SERIES,2,W01001073,0,1
2024211488763,2024,211488763,1,9,0,-1,9,7,5,-1,0,5,5,0,0,0,4,1,-1,6,2,48,8,1995,2,6,BMW 3 SERIES,-1,-1,0,-1
2024010547116,2024,010547116,1,9,0,9,9,1,6,0,0,8,0,0,0,0,1,1,6,6,2,33,6,2494,1,21,BMW 3 SERIES,2,E01034175,0,1
2024430082276,2024,430082276,1,9,0,15,15,2,6,0,0,0,0,0,0,0,3,1,1,1,1,52,8,2993,2,4,BMW 3 SERIES,4,E01016439,0,3
2024371531635,2024,371531635,2,9,0,-1,19,2,1,-1,0,0,0,0,0,0,3,1,-1,6,1,29,6,1995,2,12,BMW 3 SERIES,1,E01033129,0,1
2024461501914,2024,461501914,1,9,0,-1,8,1,5,-1,0,2,0,0,0,0,1,9,-1,6,3,-1,-1,1995,2,18,BMW 3 SERIES,-1,-1,0,-1
2024010532711,2024,010532711,2,9,0,99,99,9,9,99,99,9,9,99,9,99,1,9,6,6,3,-1,-1,1995,2,7,BMW 3 SERIES,9,E01003471,0,2
2024122400520,2024,122400520,2,9,0,17,19,3,8,0,0,2,0,0,0,0,1,1,2,2,1,37,7,1995,2,18,BMW 3 SERIES,2,E01013002,0,3
2024991408254,2024,991408254,1,9,0,-1,19,1,5,-1,0,8,5,0,0,0,1,1,-1,9,1,24,5,2993,2,8,BMW 3 SERIES,9,-1,0,2