collision_index,collision_year,collision_ref_no,vehicle_reference,vehicle_type,towing_and_articulation,vehicle_manoeuvre_historic,vehicle_manoeuvre,vehicle_direction_from,vehicle_direction_to,vehicle_location_restricted_lane_historic,vehicle_location_restricted_lane,junction_location,skidding_and_overturning,hit_object_in_carriageway,vehicle_leaving_carriageway,hit_object_off_carriageway,first_point_of_impact,vehicle_left_hand_drive,journey_purpose_of_driver_historic,journey_purpose_of_driver,sex_of_driver,age_of_driver,age_band_of_driver,engine_capacity_cc,propulsion_code,age_of_vehicle,generic_make_model,driver_imd_decile,lsoa_of_driver,escooter_flag,driver_distance_banding
2024451509630,2024,451509630,1,9,0,-1,4,5,1,-1,0,0,0,0,0,0,2,1,-1,7,1,29,6,1998,8,6,BMW 3 SERIES,10,E01030511,0,1
2024010498871,2024,010498871,2,9,0,99,99,9,9,99,99,9,9,99,9,99,1,9,6,6,3,-1,-1,1998,1,5,BMW 3 SERIES,-1,-1,0,-1
2024052402141,2024,052402141,2,9,0,9,9,8,6,0,0,8,0,0,0,0,1,1,6,6,1,42,7,1995,2,8,BMW 3 SERIES,1,E01029293,0,5
2024471528763,2024,471528763,2,9,0,-1,3,3,7,-1,0,8,0,0,0,0,2,1,-1,6,2,-1,-1,1995,2,4,BMW 3 SERIES,10,E01031627,0,1
2024231422097,2024,231422097,1,9,0,-1,19,8,4,-1,0,0,2,0,1,0,2,1,-1,9,1,26,6,1995,2,16,BMW 3 SERIES,3,E01002638,0,5
2024501492625,2024,501492625,1,9,0,-1,19,3,7,-1,0,0,0,0,0,0,1,1,-1,9,2,47,8,2993,2,9,BMW 3 SERIES,5,E01020530,0,4
2024201478424,2024,201478424,1,9,0,-1,19,8,4,-1,0,1,0,0,0,0,1,9,-1,6,3,-1,-1,2993,2,11,BMW 3 SERIES,-1,-1,0,-1
2024531478940,2024,531478940,2,9,0,-1,2,5,1,-1,0,0,0,0,0,0,3,1,-1,6,-1,-1,-1,1995,2,11,BMW 3 SERIES,-1,-1,0,-1
2024451486873,2024,451486873,3,9,0,-1,19,5,1,-1,0,0,0,0,0,0,1,1,-1,6,1,25,5,1995,2,9,BMW 3 SERIES,4,E01030827,0,2
2024501476551,2024,501476551,1,9,0,-1,5,3,7,-1,0,0,0,99,0,0,1,1,-1,6,1,30,6,1995,2,13,BMW 3 SERIES,2,E01020139,0,1
2024141525398,2024,141525398,1,9,0,-1,19,5,1,-1,0,0,0,0,0,0,4,1,-1,9,2,48,8,1995,2,8,BMW 3 SERIES,3,E01007903,0,1
2024131457731,2024,131457731,1,9,0,-1,5,1,5,-1,0,8,0,0,0,0,3,1,-1,6,1,18,4,1995,2,12,BMW 3 SERIES,6,E01011305,0,2
2024201486037,2024,201486037,2,9,0,-1,19,7,3,-1,0,0,0,0,0,0,1,1,-1,1,1,31,6,2993,12,3,BMW 3 SERIES,-1,-1,0,-1
2024421485134,2024,421485134,1,9,0,-1,19,1,5,-1,0,1,0,0,0,0,1,1,-1,9,1,25,5,1998,8,4,BMW 3 SERIES,6,E01021473,0,1
2024010508904,2024,010508904,1,9,0,7,7,1,4,6,6,5,0,0,0,0,2,1,6,6,1,33,6,1995,2,8,BMW 3 SERIES,3,E01021267,0,4
2024010500117,2024,010500117,2,9,0,99,99,9,9,99,99,9,9,99,9,99,1,9,6,6,3,-1,-1,1995,2,8,BMW 3 SERIES,2,E01001842,0,1
2024631515159,2024,631515159,2,9,0,-1,19,1,5,-1,0,8,0,0,7,10,1,1,-1,6,2,39,7,1995,2,10,BMW 3 SERIES,6,W01000560,0,3
2024031400030,2024,031400030,2,9,0,-1,10,8,6,-1,0,0,0,0,0,0,2,1,-1,2,1,27,6,1995,2,5,BMW 3 SERIES,8,E01019119,0,1
2024320272090,2024,320272090,1,9,0,9,9,8,6,0,0,6,0,0,0,0,1,1,-1,-1,1,60,9,1995,2,13,BMW 3 SERIES,-1,-1,0,-1
2024421465480,2024,421465480,3,9,0,-1,4,8,4,-1,0,1,0,0,0,0,0,1,-1,8,1,29,6,2993,-1,3,BMW 3 SERIES,8,E01021613,0,3
2024010542212,2024,010542212,1,9,0,13,13,5,1,0,0,0,1,0,0,0,1,1,6,6,1,30,6,2993,2,10,BMW 3 SERIES,-1,-1,0,-1
2024991430188,2024,991430188,3,9,0,-1,19,2,6,-1,0,0,0,0,0,0,2,1,-1,9,1,61,9,1995,2,6,BMW 3 SERIES,9,-1,0,4
2024052402634,2024,052402634,2,9,0,18,19,8,5,0,0,1,0,0,0,0,4,1,6,6,1,61,9,1998,1,1,BMW 3 SERIES,2,E01006786,0,1
2024201524866,2024,201524866,1,9,0,-1,19,8,4,-1,0,0,0,0,0,0,1,1,-1,6,3,-1,-1,1998,1,0,BMW 3 SERIES,-1,-1,0,-1
202460Q008259,2024,60Q008259,1,9,0,3,3,5,1,0,0,2,0,0,0,0,1,1,6,6,1,77,11,2926,2,23,BMW 3 SERIES,-1,-1,0,-1
2024631456148,2024,631456148,1,9,0,-1,5,4,8,-1,9,0,0,0,1,11,1,1,-1,6,1,28,6,1998,8,4,BMW 3 SERIES,6,W01000698,0,3
2024461410463,2024,461410463,1,9,0,-1,7,2,8,-1,0,6,0,0,0,0,3,9,-1,6,1,-1,-1,1998,8,3,BMW 3 SERIES,-1,-1,0,-1
2024340WN1742,2024,340WN1742,2,9,0,-1,19,1,5,-1,0,1,0,0,0,0,2,1,-1,9,1,57,9,1998,8,0,BMW 3 SERIES,-1,-1,0,-1
2024010506662,2024,010506662,1,9,0,18,19,5,1,0,0,1,0,0,0,0,1,1,1,1,1,27,6,1998,8,3,BMW 3 SERIES,2,E01003940,0,1
2024471448355,2024,471448355,2,9,0,-1,19,1,5,-1,0,0,0,0,0,0,1,1,-1,6,3,-1,-1,1995,2,11,BMW 3 SERIES,-1,-1,0,-1
2024302401311,2024,302401311,3,9,0,18,19,2,6,0,0,1,0,0,0,0,2,1,6,6,1,29,6,1995,2,14,BMW 3 SERIES,-1,-1,0,-1
2024340NN1212,2024,340NN1212,2,9,0,-1,4,8,4,-1,0,0,0,0,0,0,2,1,-1,9,1,46,8,1998,8,4,BMW 3 SERIES,-1,-1,0,-1
2024061417004,2024,061417004,2,9,0,-1,19,2,6,-1,0,1,0,0,0,0,0,1,-1,6,3,-1,-1,2993,2,11,BMW 3 SERIES,-1,-1,0,-1
2024311514620,2024,311514620,1,9,0,-1,13,4,8,-1,0,8,0,0,0,0,1,9,-1,9,1,23,5,1995,2,15,BMW 3 SERIES,-1,-1,0,-1
2024471457735,2024,471457735,2,9,0,-1,20,1,3,-1,0,0,0,0,0,0,2,9,-1,6,2,37,7,2000,2,14,BMW 3 SERIES,6,E01031414,0,1
2024320239594,2024,320239594,3,9,0,-1,-1,2,6,0,0,1,0,0,0,0,1,1,6,6,1,27,6,1895,1,24,BMW 3 SERIES,6,E01028037,0,4
2024131506677,2024,131506677,1,9,0,-1,19,7,3,-1,0,8,0,0,0,0,1,1,-1,9,1,27,6,1995,2,11,BMW 3 SERIES,3,E01010810,0,3
2024010514740,2024,010514740,2,9,0,18,19,5,1,99,99,9,9,99,0,0,1,1,6,6,3,-1,-1,1995,2,4,BMW 3 SERIES,-1,-1,0,-1
2024010489055,2024,010489055,1,9,0,18,19,1,5,0,0,2,0,4,0,0,1,1,6,6,1,23,5,1995,2,12,BMW 3 SERIES,5,E01023806,0,2
2024141410459,2024,141410459,2,9,0,-1,6,4,8,-1,0,0,0,0,0,0,4,1,-1,1,1,46,8,2993,2,4,BMW 3 SERIES,6,E01033264,0,1
2024371516678,2024,371516678,2,9,0,-1,19,1,5,-1,0,0,0,0,0,0,3,1,-1,9,1,22,5,1995,2,15,BMW 3 SERIES,5,E01030188,0,3
2024320447640,2024,320447640,1,9,0,-1,-1,4,1,0,0,0,0,0,1,4,1,1,-1,-1,1,75,10,1995,2,18,BMW 3 SERIES,-1,-1,0,-1
2024131534685,2024,131534685,1,9,0,-1,1,5,1,-1,0,8,0,0,0,0,2,1,-1,9,2,39,7,1995,2,12,BMW 3 SERIES,1,E01010613,0,1
2024401399424,2024,401399424,2,9,0,-1,19,7,3,-1,0,0,0,0,0,0,1,1,-1,1,1,42,7,1995,2,14,BMW 3 SERIES,4,E01015724,0,1
2024430089288,2024,430089288,2,9,0,18,19,5,1,0,0,6,0,0,0,0,1,1,6,6,2,-1,-1,1995,2,15,BMW 3 SERIES,-1,-1,0,-1
2024471508449,2024,471508449,2,9,0,-1,19,6,2,-1,-1,0,0,0,0,0,3,9,-1,6,3,-1,-1,1995,2,17,BMW 3 SERIES,-1,-1,0,-1
2024302401182,2024,302401182,1,9,0,16,19,3,6,0,0,0,1,0,0,0,1,1,6,6,1,27,6,2998,1,9,BMW 3 SERIES,7,W01001818,0,5
2024340WN5972,2024,340WN5972,1,9,0,-1,19,3,7,-1,0,8,0,0,0,0,1,1,-1,9,2,34,6,1995,2,11,BMW 3 SERIES,6,E01026989,0,3
2024010529911,2024,010529911,1,9,0,18,19,5,1,0,0,6,0,0,0,0,1,1,6,6,1,46,8,1998,1,6,BMW 3 SERIES,6,E01034194,0,1
2024010550611,2024,010550611,1,9,0,18,19,5,1,0,0,0,0,0,0,0,1,1,2,2,1,39,7,1995,1,13,BMW 3 SERIES,-1,-1,0,-1
2024141411210,2024,141411210,1,9,0,-1,3,3,7,-1,0,4,0,0,0,0,2,1,-1,6,1,25,5,1995,2,10,BMW 3 SERIES,6,E01007689,0,1
2024010536570,2024,010536570,2,9,0,18,19,7,3,0,0,8,0,0,0,0,3,1,6,6,2,41,7,1499,1,8,BMW 3 SERIES,3,E01000535,0,1
2024471422200,2024,471422200,2,9,0,-1,19,8,4,-1,0,1,0,0,0,0,1,1,-1,6,1,45,7,1995,2,11,BMW 3 SERIES,10,E01021157,0,1
2024061526871,2024,061526871,1,9,0,-1,5,8,4,-1,0,1,0,0,0,0,1,1,-1,6,1,29,6,1995,2,4,BMW 3 SERIES,3,E01013874,0,4
2024421484852,2024,421484852,1,9,0,-1,19,5,8,-1,0,0,0,4,7,11,3,1,-1,9,1,57,9,1995,2,16,BMW 3 SERIES,7,E01021978,0,3
2024440554371,2024,440554371,1,9,0,9,9,2,7,0,0,0,0,0,0,0,3,1,2,2,1,47,8,2000,2,12,BMW 3 SERIES,1,E01017155,0,1
2024010529950,2024,010529950,2,9,0,99,99,9,9,99,99,9,9,99,9,99,9,9,6,6,3,35,6,1998,1,5,BMW 3 SERIES,1,E01000595,0,1
2024622400126,2024,622400126,2,9,0,18,19,7,3,0,0,0,0,0,0,0,4,1,6,6,1,35,6,1997,1,11,BMW 3 SERIES,3,W01001079,0,1
2024371524747,2024,371524747,1,9,0,-1,9,8,6,-1,0,1,0,0,0,0,3,1,-1,9,1,21,5,1995,1,17,BMW 3 SERIES,5,E01032523,0,4
2024010506356,2024,010506356,2,9,0,18,19,3,7,0,0,1,0,0,0,0,1,1,6,6,1,28,6,1997,1,11,BMW 3 SERIES,3,E01003160,0,1
2024010516649,2024,010516649,2,9,0,99,99,9,9,99,99,9,9,99,9,99,9,9,6,6,3,-1,-1,1998,8,7,BMW 3 SERIES,3,E01001795,0,1
2024501523780,2024,501523780,2,9,0,-1,19,7,3,-1,0,0,0,0,0,0,1,1,-1,6,3,-1,-1,1995,2,10,BMW 3 SERIES,-1,-1,0,-1
2024991534009,2024,991534009,1,9,0,-1,12,7,3,-1,0,0,0,0,0,0,1,1,-1,1,1,32,6,1995,2,7,BMW 3 SERIES,1,-1,0,1
2024131500510,2024,131500510,2,9,0,-1,19,7,3,-1,0,8,0,0,1,7,3,1,-1,9,1,52,8,2000,2,14,BMW 3 SERIES,10,E01010773,0,2
2024461439293,2024,461439293,3,9,0,-1,19,7,3,-1,0,0,0,0,0,0,1,1,-1,6,1,41,7,2993,2,15,BMW 3 SERIES,-1,-1,0,-1
2024471495857,2024,471495857,1,9,0,-1,19,8,3,-1,0,0,0,0,0,0,1,1,-1,2,1,39,7,1998,8,3,BMW 3 SERIES,8,E01031354,0,2
2024471483516,2024,471483516,1,9,0,-1,13,2,5,-1,0,0,1,0,0,0,1,1,-1,9,1,25,5,1995,2,15,BMW 3 SERIES,5,E01021047,0,1
2024401473843,2024,401473843,2,9,-1,-1,-1,-1,-1,-1,-1,0,-1,-1,-1,0,-1,9,-1,2,1,43,7,2993,2,8,BMW 3 SERIES,10,E01002149,0,4
2024131475226,2024,131475226,3,9,0,-1,19,5,1,-1,0,1,0,0,0,0,0,1,-1,1,2,32,6,2993,12,2,BMW 3 SERIES,6,E01011885,0,3
2024421404049,2024,421404049,2,9,0,-1,19,5,1,-1,0,0,0,0,1,0,1,1,-1,6,1,36,7,1998,8,2,BMW 3 SERIES,7,E01021294,0,3
2024320705172,2024,320705172,2,9,0,-1,-1,2,6,0,0,2,0,0,0,0,4,1,-1,-1,2,29,6,1998,8,0,BMW 3 SERIES,-1,-1,0,-1
2024010512319,2024,010512319,1,9,0,16,19,4,8,0,0,0,1,0,8,4,1,1,6,6,1,18,4,1995,1,13,BMW 3 SERIES,10,E01002482,0,1
2024361457418,2024,361457418,1,9,0,-1,19,2,6,-1,0,4,5,9,0,0,1,1,-1,6,1,43,7,1995,2,14,BMW 3 SERIES,8,E01026921,0,3
2024010543881,2024,010543881,1,9,0,4,4,5,1,0,0,1,0,0,0,0,0,1,6,6,2,40,7,1998,1,0,BMW 3 SERIES,6,E01004636,0,2
2024041528050,2024,041528050,1,9,0,-1,19,3,7,-1,0,0,0,0,2,0,1,1,-1,6,1,21,5,2996,2,15,BMW 3 SERIES,1,E01025224,0,3
2024131480700,2024,131480700,2,9,0,-1,19,5,5,-1,0,0,0,0,0,0,1,1,-1,6,1,21,5,1995,2,7,BMW 3 SERIES,7,E01011299,0,1
2024461402410,2024,461402410,1,9,0,-1,19,7,3,-1,0,0,0,0,9,0,1,9,-1,6,1,57,9,1998,8,4,BMW 3 SERIES,9,E01016145,0,2
2024552401272,2024,552401272,1,9,0,9,9,3,1,0,0,8,0,0,0,0,4,1,6,6,1,50,8,1995,2,17,BMW 3 SERIES,6,E01015460,0,1
2024131455435,2024,131455435,1,9,0,-1,19,3,7,-1,0,0,0,0,0,0,1,1,-1,1,1,37,7,1995,2,11,BMW 3 SERIES,1,E01011430,0,1
2024351479615,2024,351479615,1,9,0,-1,19,2,5,-1,0,0,0,0,0,0,1,1,-1,6,1,26,6,1995,2,10,BMW 3 SERIES,1,E01015642,0,2
2024440072140,2024,440072140,2,9,0,18,19,1,5,0,0,0,0,0,0,0,2,1,6,6,1,61,9,1995,2,10,BMW 3 SERIES,2,E01017276,0,4
2024320489508,2024,320489508,2,9,0,4,4,8,4,0,0,0,0,0,0,0,2,1,6,6,1,22,5,2993,2,20,BMW 3 SERIES,-1,-1,0,-1
2024501483223,2024,501483223,1,9,0,-1,14,7,3,-1,0,0,0,0,0,0,0,1,-1,1,1,49,8,2993,12,2,BMW 3 SERIES,6,E01020124,0,4
2024010512357,2024,010512357,1,9,0,2,2,0,0,0,0,4,0,0,0,0,1,1,6,6,3,-1,-1,1998,8,1,BMW 3 SERIES,-1,-1,0,-1
2024311469431,2024,311469431,1,9,0,-1,19,5,1,-1,0,0,0,0,0,0,1,1,-1,9,2,43,7,2993,2,9,BMW 3 SERIES,2,E01028259,0,1
2024471453738,2024,471453738,2,9,9,-1,9,7,5,-1,0,1,0,0,0,0,3,1,-1,6,1,46,8,1995,2,9,BMW 3 SERIES,5,E01016986,0,1
2024471463077,2024,471463077,1,9,0,-1,9,5,3,-1,0,8,0,0,0,0,3,1,-1,1,1,24,5,1998,1,5,BMW 3 SERIES,2,E01016993,0,1
2024421402927,2024,421402927,2,9,0,-1,19,7,3,-1,0,0,0,0,0,0,1,1,-1,9,1,30,6,1995,2,18,BMW 3 SERIES,4,E01021850,0,1
2024311438024,2024,311438024,1,9,0,-1,6,4,2,-1,0,0,0,0,0,0,3,1,-1,2,2,37,7,1998,8,3,BMW 3 SERIES,10,E01019712,0,4
2024320069309,2024,320069309,1,9,0,-1,-1,3,7,0,0,0,0,0,0,0,1,1,6,6,1,45,7,2993,2,7,BMW 3 SERIES,8,E01026035,0,1
2024201448361,2024,201448361,2,9,0,-1,3,8,4,-1,0,0,0,0,0,0,2,1,-1,6,2,24,5,1995,2,9,BMW 3 SERIES,4,E01010072,0,1
2024610024024,2024,610024024,1,9,0,18,19,5,1,0,0,0,0,0,7,2,1,2,2,2,1,32,6,1995,2,18,BMW 3 SERIES,1,W01001469,0,1
2024010537839,2024,010537839,2,9,0,6,6,2,2,0,0,6,0,0,0,0,3,1,2,2,1,42,7,1995,1,17,BMW 3 SERIES,1,E01013675,0,5
2024201470942,2024,201470942,2,9,0,-1,19,3,6,-1,0,4,0,0,0,0,1,1,-1,9,1,27,6,1998,1,3,BMW 3 SERIES,8,E01010437,0,4
2024461502617,2024,461502617,2,9,0,-1,7,3,2,-1,0,6,0,0,0,0,1,1,-1,6,2,64,9,2993,2,8,BMW 3 SERIES,4,E01016168,0,1
2024201459221,2024,201459221,2,9,0,-1,3,8,4,-1,0,1,0,0,0,0,2,9,-1,9,1,54,8,1995,2,12,BMW 3 SERIES,4,E01009085,0,1
2024061442927,2024,061442927,2,9,0,-1,9,-1,-1,-1,99,6,0,0,0,0,1,1,-1,6,3,-1,-1,1995,2,10,BMW 3 SERIES,-1,-1,0,-1
2024211420789,2024,211420789,1,9,0,-1,19,3,8,-1,0,6,0,0,0,0,4,9,-1,9,2,36,7,1995,2,9,BMW 3 SERIES,9,E01018516,0,3
2024131496681,2024,131496681,3,9,0,-1,19,7,3,-1,-1,0,0,0,0,0,1,1,-1,1,1,50,8,2993,2,5,BMW 3 SERIES,6,E01011885,0,3
2024131408739,2024,131408739,1,9,0,-1,19,7,3,-1,0,0,1,0,0,0,1,1,-1,6,1,21,5,2000,2,15,BMW 3 SERIES,8,E01011170,0,3
2024131474078,2024,131474078,2,9,0,-1,19,3,7,-1,0,0,0,0,0,0,0,1,-1,1,1,-1,-1,2993,2,5,BMW 3 SERIES,6,E01011885,0,3
2024451457103,2024,451457103,2,9,0,-1,19,1,5,-1,0,1,1,0,0,0,3,1,-1,9,2,76,11,2979,1,17,BMW 3 SERIES,9,E01030944,0,1
2024520402649,2024,520402649,2,9,0,3,3,2,6,0,0,0,0,0,0,0,2,1,6,6,1,69,10,1995,2,12,BMW 3 SERIES,8,E01034800,0,5
2024111530248,2024,111530248,1,9,0,-1,13,7,3,-1,0,0,0,0,0,0,1,1,-1,6,1,30,6,2000,2,15,BMW 3 SERIES,1,E01012040,0,4
2024371399682,2024,371399682,1,9,0,-1,19,0,0,-1,0,0,2,0,7,9,1,1,-1,9,1,35,6,1995,2,12,BMW 3 SERIES,1,E01033130,0,1
2024010490709,2024,010490709,1,9,0,10,10,3,1,0,0,6,0,0,0,0,4,1,6,6,1,27,6,2993,12,3,BMW 3 SERIES,5,E01002501,0,1
2024010510496,2024,010510496,1,9,0,18,19,2,6,0,0,0,0,0,0,0,1,1,6,6,1,64,9,1995,2,8,BMW 3 SERIES,2,E01003236,0,1
2024141525985,2024,141525985,2,9,0,-1,19,1,5,-1,0,0,0,0,0,0,2,9,-1,6,3,-1,-1,2171,1,21,BMW 3 SERIES,-1,-1,0,-1
202417M112724,2024,17M112724,1,9,0,-1,13,7,3,-1,0,0,0,0,0,0,4,1,-1,9,1,38,7,1995,2,11,BMW 3 SERIES,1,E01012011,0,1
2024231482578,2024,231482578,1,9,0,-1,19,4,8,-1,0,1,0,0,3,4,1,9,-1,2,1,33,6,1995,2,15,BMW 3 SERIES,6,E01009676,0,2
2024440001322,2024,440001322,1,9,0,18,19,6,2,0,0,0,1,0,5,6,1,1,2,2,2,56,9,2993,2,13,BMW 3 SERIES,6,E01022962,0,3
202460Q069215,2024,60Q069215,1,9,0,6,6,7,7,0,0,1,0,0,0,0,1,1,6,6,2,36,7,1995,2,17,BMW 3 SERIES,-1,-1,0,-1
2024451425569,2024,451425569,1,9,0,-1,4,5,1,-1,9,0,0,0,3,0,1,1,-1,2,2,58,9,1995,1,17,BMW 3 SERIES,8,E01035357,0,1
2024010510878,2024,010510878,1,9,0,9,9,1,7,0,0,5,0,11,0,0,1,1,6,6,2,24,5,1995,2,10,BMW 3 SERIES,-1,-1,0,-1
2024361496497,2024,361496497,1,9,0,-1,2,0,0,-1,9,0,1,0,1,0,1,1,-1,9,1,28,6,1995,2,19,BMW 3 SERIES,7,E01004307,0,5
2024041493555,2024,041493555,2,9,0,-1,19,5,1,-1,0,1,0,0,0,0,1,1,-1,9,1,42,7,1995,2,13,BMW 3 SERIES,7,E01025559,0,1
2024061500327,2024,061500327,3,9,0,-1,19,3,7,-1,0,0,0,4,0,0,1,9,-1,6,2,29,6,1998,8,5,BMW 3 SERIES,1,E01011038,0,4
2024401446345,2024,401446345,2,9,0,-1,2,0,0,-1,0,0,0,4,0,0,2,1,-1,6,-1,-1,-1,1998,8,8,BMW 3 SERIES,-1,-1,0,-1
2024131507769,2024,131507769,1,9,0,-1,19,1,5,-1,0,8,0,0,1,3,1,1,-1,6,1,27,6,2993,2,6,BMW 3 SERIES,2,E01011123,0,3
2024311446712,2024,311446712,2,9,0,-1,9,7,5,-1,0,3,0,0,0,0,4,1,-1,6,1,45,7,1995,2,8,BMW 3 SERIES,1,E01013879,0,3
2024010532212,2024,010532212,1,9,0,18,19,7,3,0,0,1,0,0,0,0,2,1,6,6,1,25,5,1499,1,6,BMW 3 SERIES,3,E01003357,0,2
2024131485461,2024,131485461,2,9,0,-1,2,1,3,-1,9,1,0,0,0,0,1,1,-1,6,-1,-1,-1,2171,1,18,BMW 3 SERIES,-1,-1,0,-1
2024421407983,2024,421407983,1,9,0,-1,19,7,3,-1,-1,0,1,10,1,10,4,1,-1,2,2,35,6,1995,2,8,BMW 3 SERIES,6,E01021472,0,4
2024201472749,2024,201472749,1,9,0,-1,4,5,1,-1,0,1,0,0,0,0,1,1,-1,6,1,55,8,1995,2,11,BMW 3 SERIES,-1,-1,0,-1
2024131523715,2024,131523715,3,9,0,-1,19,7,7,-1,0,1,0,0,0,0,0,1,-1,1,1,40,7,2993,12,2,BMW 3 SERIES,1,E01010614,0,1
2024430622984,2024,430622984,1,9,0,9,9,2,8,0,0,4,1,7,0,0,4,1,6,6,1,33,6,2993,2,5,BMW 3 SERIES,-1,-1,0,-1
2024501471415,2024,501471415,1,9,0,-1,7,4,6,-1,0,0,0,0,0,0,4,1,-1,9,2,37,7,1995,2,9,BMW 3 SERIES,3,E01015159,0,1
2024501542793,2024,501542793,2,9,0,-1,19,1,5,-1,0,8,0,0,1,0,3,9,-1,6,1,24,5,1995,2,17,BMW 3 SERIES,2,E01018841,0,1
2024332401016,2024,332401016,1,9,0,-1,7,7,1,-1,0,6,0,0,7,10,1,1,-1,6,1,26,6,2993,2,16,BMW 3 SERIES,4,E01034025,0,1
2024320733637,2024,320733637,4,9,0,8,8,2,5,0,0,1,0,0,0,0,1,-1,-1,-1,1,35,6,2993,2,10,BMW 3 SERIES,-1,-1,0,-1
2024461443867,2024,461443867,3,9,0,-1,2,0,0,-1,9,0,0,0,0,0,1,1,-1,6,1,51,8,2993,2,7,BMW 3 SERIES,-1,-1,0,-1
2024231442635,2024,231442635,3,9,0,-1,19,1,5,-1,0,0,1,0,1,0,1,1,-1,6,1,40,7,1596,1,28,BMW 3 SERIES,1,E01009307,0,4
2024061554715,2024,061554715,4,9,0,-1,4,1,5,-1,0,0,0,0,0,0,2,1,-1,9,2,50,8,2996,1,16,BMW 3 SERIES,-1,-1,0,-1
2024520402060,2024,520402060,1,9,0,18,19,6,2,0,0,0,1,0,1,4,1,1,6,6,3,-1,-1,2979,1,23,BMW 3 SERIES,-1,-1,0,-1
2024361503668,2024,361503668,6,9,0,-1,2,0,0,-1,0,0,0,0,0,0,1,1,-1,6,1,50,8,2979,1,14,BMW 3 SERIES,3,E01026640,0,1
2024031464976,2024,031464976,1,9,0,-1,9,1,5,-1,0,1,0,11,0,0,1,1,-1,6,2,45,7,1995,2,16,BMW 3 SERIES,5,E01019083,0,1
2024131442992,2024,131442992,1,9,0,-1,11,1,3,-1,0,1,0,0,7,2,1,1,-1,7,2,46,8,1995,2,12,BMW 3 SERIES,9,E01011381,0,1
2024201511605,2024,201511605,1,9,0,-1,5,3,7,-1,0,6,0,0,0,0,1,1,-1,6,2,-1,-1,1995,2,16,BMW 3 SERIES,-1,-1,0,-1
2024010545100,2024,010545100,1,9,0,18,19,5,1,1,1,0,0,7,6,1,1,1,6,6,2,28,6,1997,1,9,BMW 3 SERIES,3,E01001109,0,1
2024371514842,2024,371514842,2,9,0,-1,19,5,1,-1,0,1,0,0,0,0,1,1,-1,6,1,85,11,1998,1,9,BMW 3 SERIES,6,E01030150,0,1
2024010537214,2024,010537214,4,9,0,18,19,7,3,0,0,1,0,0,0,0,2,1,6,6,1,58,9,2993,2,5,BMW 3 SERIES,2,E01000018,0,1
2024010539791,2024,010539791,1,9,0,99,99,9,9,99,99,9,9,99,9,99,1,9,6,6,3,-1,-1,1997,1,9,BMW 3 SERIES,-1,-1,0,-1
2024061477017,2024,061477017,1,9,0,-1,3,1,1,-1,0,0,0,0,0,0,0,1,-1,6,1,47,8,1995,2,11,BMW 3 SERIES,-1,-1,0,-1
2024010509742,2024,010509742,1,9,0,2,2,0,0,0,0,0,0,0,0,0,3,1,6,6,3,-1,-1,1995,1,16,BMW 3 SERIES,-1,-1,0,-1
2024052400150,2024,052400150,1,9,0,18,19,4,8,0,0,0,0,0,0,0,1,1,6,6,1,-1,-1,1995,2,12,BMW 3 SERIES,5,E01006488,0,2
2024991508297,2024,991508297,2,9,0,-1,19,1,6,-1,0,0,0,0,7,0,1,1,-1,9,2,51,8,1995,2,11,BMW 3 SERIES,7,-1,0,1
2024471495179,2024,471495179,2,9,0,-1,9,7,5,-1,0,8,0,0,0,0,4,1,-1,6,1,27,6,1995,2,12,BMW 3 SERIES,3,E01008108,0,5
2024471522637,2024,471522637,1,9,0,-1,9,7,3,-1,0,6,0,0,0,0,3,1,-1,9,2,35,6,1995,2,10,BMW 3 SERIES,1,E01031429,0,1
2024131524726,2024,131524726,3,9,0,-1,19,3,7,-1,0,0,0,0,0,0,0,1,-1,1,1,-1,-1,2993,2,3,BMW 3 SERIES,6,E01011885,0,3
2024141504098,2024,141504098,1,9,0,-1,15,5,1,-1,0,0,0,0,0,0,1,1,-1,9,1,21,5,1998,8,5,BMW 3 SERIES,2,E01007497,0,2
2024061523602,2024,061523602,1,9,0,-1,19,3,7,-1,0,0,1,0,0,0,1,1,-1,6,1,19,4,1998,1,4,BMW 3 SERIES,4,E01023401,0,5
2024010507357,2024,010507357,1,9,0,13,13,7,3,0,0,1,0,0,0,0,1,1,6,6,1,17,4,2996,1,17,BMW 3 SERIES,-1,-1,0,-1
2024440017070,2024,440017070,1,9,0,8,8,2,4,0,0,1,0,0,0,0,1,1,6,6,2,35,6,1995,2,12,BMW 3 SERIES,4,E01017020,0,1
2024332400715,2024,332400715,2,9,0,-1,3,2,6,-1,0,1,0,0,0,0,2,1,-1,9,1,26,6,1995,2,8,BMW 3 SERIES,2,E01025700,0,1
202417M116324,2024,17M116324,1,9,0,-1,19,7,3,-1,0,8,0,0,0,0,4,1,-1,9,1,27,6,1995,2,7,BMW 3 SERIES,8,E01012230,0,2
2024471417733,2024,471417733,3,9,0,-1,4,6,2,-1,0,0,0,0,0,0,2,1,-1,9,1,46,8,1995,2,7,BMW 3 SERIES,7,E01011895,0,5
202454D079824,2024,54D079824,1,9,0,4,4,3,7,0,0,1,0,0,0,0,0,1,6,6,2,66,10,1995,2,19,BMW 3 SERIES,3,E01031912,0,1
2024361459619,2024,361459619,1,9,0,-1,5,3,4,-1,0,6,0,0,0,0,4,1,-1,6,2,30,6,2000,2,14,BMW 3 SERIES,1,E01026869,0,3
2024070901330,2024,070901330,2,9,0,-1,9,3,1,-1,0,3,1,0,0,0,3,1,-1,1,1,62,9,2993,2,11,BMW 3 SERIES,7,E01035370,0,3