collision_index,collision_year,collision_ref_no,vehicle_reference,vehicle_type,towing_and_articulation,vehicle_manoeuvre_historic,vehicle_manoeuvre,vehicle_direction_from,vehicle_direction_to,vehicle_location_restricted_lane_historic,vehicle_location_restricted_lane,junction_location,skidding_and_overturning,hit_object_in_carriageway,vehicle_leaving_carriageway,hit_object_off_carriageway,first_point_of_impact,vehicle_left_hand_drive,journey_purpose_of_driver_historic,journey_purpose_of_driver,sex_of_driver,age_of_driver,age_band_of_driver,engine_capacity_cc,propulsion_code,age_of_vehicle,generic_make_model,driver_imd_decile,lsoa_of_driver,escooter_flag,driver_distance_banding
2024471401364,2024,471401364,3,9,0,-1,2,0,0,-1,0,0,0,0,0,0,1,1,-1,6,-1,-1,-1,1998,8,1,BMW 3 SERIES,-1,-1,0,-1
2024371447566,2024,371447566,2,9,0,-1,19,8,4,-1,0,0,0,0,0,0,1,1,-1,9,1,23,5,1995,2,18,BMW 3 SERIES,8,E01029885,0,4
2024141507706,2024,141507706,1,9,0,-1,19,8,4,-1,0,0,0,0,0,0,1,1,-1,9,2,33,6,2000,2,14,BMW 3 SERIES,1,E01007764,0,1
2024131489677,2024,131489677,2,9,0,-1,19,7,3,-1,0,0,0,0,0,0,3,1,-1,6,1,47,8,1995,2,14,BMW 3 SERIES,9,E01011567,0,1
2024451515016,2024,451515016,2,9,0,-1,19,2,6,-1,0,0,0,0,0,0,1,1,-1,9,1,27,6,1995,1,14,BMW 3 SERIES,6,E01030738,0,1
2024461538427,2024,461538427,1,9,0,-1,19,3,7,-1,0,0,0,0,0,0,3,9,-1,6,1,40,7,1995,2,13,BMW 3 SERIES,2,E01024305,0,2
2024221406158,2024,221406158,1,9,0,-1,19,2,6,-1,0,0,0,0,0,0,1,1,-1,6,1,26,6,1995,2,15,BMW 3 SERIES,2,E01009392,0,4
2024141533769,2024,141533769,1,9,0,-1,7,1,3,-1,0,0,0,0,3,10,1,1,-1,9,1,25,5,1995,2,11,BMW 3 SERIES,2,E01007593,0,1
2024221507584,2024,221507584,2,9,0,-1,3,1,5,-1,0,1,0,0,0,0,2,9,-1,9,2,56,9,1995,2,6,BMW 3 SERIES,6,E01028969,0,2
2024440256691,2024,440256691,2,9,0,4,4,3,7,0,0,0,0,0,0,0,1,1,6,6,1,29,6,1998,8,6,BMW 3 SERIES,8,E01017226,0,4
2024430145416,2024,430145416,1,9,0,18,19,4,7,0,0,2,0,0,0,0,4,1,6,6,1,31,6,2494,1,20,BMW 3 SERIES,7,E01017834,0,1
2024311510542,2024,311510542,3,9,0,-1,19,4,8,-1,0,0,0,0,0,0,1,1,-1,6,1,66,10,2979,1,22,BMW 3 SERIES,-1,-1,0,-1
2024311398749,2024,311398749,2,9,0,-1,12,1,2,-1,0,0,0,0,0,0,1,1,-1,9,2,30,6,1995,2,5,BMW 3 SERIES,6,E01013892,0,1
2024201462255,2024,201462255,1,9,0,-1,9,7,4,-1,0,8,0,0,0,0,4,1,-1,9,1,26,6,1995,2,10,BMW 3 SERIES,2,E01010268,0,1
2024991444668,2024,991444668,1,9,0,-1,9,7,5,-1,0,6,0,0,0,0,1,1,-1,9,1,25,5,1997,1,9,BMW 3 SERIES,7,-1,0,3
2024421423358,2024,421423358,1,9,0,-1,5,8,4,-1,0,0,0,0,0,0,1,9,-1,2,1,32,6,2996,1,16,BMW 3 SERIES,7,E01015966,0,2
2024201413364,2024,201413364,1,9,0,-1,19,3,7,-1,0,0,1,10,1,4,1,9,-1,9,-1,-1,-1,2993,2,16,BMW 3 SERIES,-1,-1,0,-1
2024131509941,2024,131509941,3,9,0,-1,2,3,7,-1,0,8,0,0,0,0,0,1,-1,1,1,18,4,2993,2,3,BMW 3 SERIES,6,E01011885,0,3
2024010511723,2024,010511723,1,9,0,9,9,3,1,0,0,1,0,0,0,0,1,1,6,6,1,49,8,2979,1,18,BMW 3 SERIES,6,E01004021,0,1
2024501526701,2024,501526701,2,9,0,-1,10,7,5,-1,0,1,0,0,0,0,2,9,-1,6,1,61,9,1995,2,10,BMW 3 SERIES,3,E01015161,0,2
2024401571573,2024,401571573,2,9,0,-1,19,3,7,-1,0,0,1,0,0,0,1,1,-1,6,1,42,7,1995,2,12,BMW 3 SERIES,2,E01015703,0,1
2024010510469,2024,010510469,2,9,0,3,3,1,5,0,0,1,0,0,0,0,0,1,6,6,1,48,8,1995,1,17,BMW 3 SERIES,6,E01000795,0,2
2024010508488,2024,010508488,1,9,0,17,19,3,7,0,0,1,0,10,4,0,1,2,6,6,1,23,5,1995,1,16,BMW 3 SERIES,6,E01003693,0,1
2024201510214,2024,201510214,1,9,0,-1,5,7,3,-1,0,8,0,0,0,0,3,9,-1,9,2,42,7,1995,2,8,BMW 3 SERIES,9,E01010384,0,1
2024451436593,2024,451436593,1,9,0,-1,9,1,5,-1,0,6,0,0,0,0,1,2,-1,7,2,28,6,1995,2,11,BMW 3 SERIES,8,E01002979,0,2
2024041513623,2024,041513623,2,9,0,-1,19,7,3,-1,0,0,0,0,0,0,3,1,-1,9,2,33,6,1995,2,6,BMW 3 SERIES,4,E01025093,0,1
2024201472622,2024,201472622,1,9,0,-1,13,4,3,-1,0,1,0,0,0,0,1,1,-1,9,1,30,6,1995,2,12,BMW 3 SERIES,7,E01009976,0,1
2024010517931,2024,010517931,2,9,0,9,9,5,2,0,0,1,0,0,0,0,1,1,6,6,1,21,5,1995,2,7,BMW 3 SERIES,3,E01003550,0,1
2024545841824,2024,545841824,2,9,0,18,19,2,6,0,0,0,0,0,0,0,1,1,6,6,1,24,5,2000,2,14,BMW 3 SERIES,7,E01034520,0,1
2024302400986,2024,302400986,2,9,0,18,19,8,2,0,0,4,0,0,0,0,1,1,6,6,1,40,7,1995,2,11,BMW 3 SERIES,8,E01028204,0,4
2024361509451,2024,361509451,2,9,0,-1,10,1,5,-1,0,1,0,0,0,0,2,1,-1,6,1,55,8,1995,2,17,BMW 3 SERIES,8,E01026577,0,3
2024201479797,2024,201479797,3,9,0,-1,19,1,5,-1,0,1,0,0,0,0,0,9,-1,1,1,-1,-1,2993,2,3,BMW 3 SERIES,4,E01009234,0,2
2024010525971,2024,010525971,1,9,0,9,9,8,6,0,0,1,0,0,0,0,1,1,6,6,3,-1,-1,1998,8,5,BMW 3 SERIES,-1,-1,0,-1
2024010549361,2024,010549361,2,9,0,18,19,8,4,0,0,0,0,0,0,0,1,1,6,6,2,46,8,1995,1,17,BMW 3 SERIES,9,E01004598,0,1
2024411495648,2024,411495648,1,9,0,-1,9,5,1,-1,0,0,0,0,0,0,3,1,-1,9,2,33,6,1995,2,11,BMW 3 SERIES,10,E01035587,0,2
2024010516215,2024,010516215,2,9,0,18,19,7,3,0,0,1,0,0,0,0,3,1,6,6,2,49,8,2979,1,21,BMW 3 SERIES,9,E01001993,0,2
2024010544613,2024,010544613,1,9,0,18,19,1,5,0,0,8,0,0,7,0,1,1,6,6,2,45,7,1499,1,7,BMW 3 SERIES,6,E01004137,0,1
2024302400741,2024,302400741,1,9,0,7,7,1,4,0,0,8,0,0,0,0,1,1,6,6,1,39,7,1995,2,14,BMW 3 SERIES,2,E01013522,0,2
2024010520402,2024,010520402,1,9,0,7,7,1,3,0,0,6,0,0,0,0,1,1,6,6,2,67,10,1998,1,8,BMW 3 SERIES,4,E01003448,0,1
2024101445059,2024,101445059,2,9,0,-1,5,4,6,-1,0,1,0,0,0,0,3,1,-1,6,2,33,6,1995,2,7,BMW 3 SERIES,5,E01008686,0,1
2024010534878,2024,010534878,1,9,0,18,19,5,1,0,0,0,0,0,0,0,1,1,6,6,1,33,6,1499,1,7,BMW 3 SERIES,7,E01023347,0,4
2024122400333,2024,122400333,2,9,0,18,19,5,1,0,0,0,1,0,0,0,1,1,6,6,1,28,6,1995,2,13,BMW 3 SERIES,7,E01012062,0,2
2024320409577,2024,320409577,2,9,0,-1,-1,6,2,0,0,0,0,0,0,0,3,1,-1,-1,1,30,6,1995,2,17,BMW 3 SERIES,5,E01026241,0,1
2024430245366,2024,430245366,1,9,0,3,3,6,2,0,0,0,0,0,0,0,2,1,6,6,1,69,10,2993,2,12,BMW 3 SERIES,10,E01016561,0,1
2024010538921,2024,010538921,1,9,0,99,99,9,9,99,99,0,9,99,9,99,1,9,6,6,1,24,5,1995,1,13,BMW 3 SERIES,3,E01003357,0,1
2024010524581,2024,010524581,2,9,0,18,19,7,3,0,0,0,0,0,7,0,1,1,6,6,1,26,6,1995,1,17,BMW 3 SERIES,4,E01004328,0,1
2024231427440,2024,231427440,1,9,0,-1,9,5,2,-1,0,6,0,0,0,0,1,1,-1,2,1,30,6,1995,2,13,BMW 3 SERIES,2,E01032265,0,1
2024061408849,2024,061408849,2,9,0,-1,19,8,4,-1,0,0,0,0,0,0,1,9,-1,6,1,24,5,1995,2,19,BMW 3 SERIES,3,E01006376,0,2
2024471457307,2024,471457307,2,9,0,-1,19,1,5,-1,0,1,0,0,0,0,3,1,-1,2,1,31,6,1995,2,11,BMW 3 SERIES,4,E01031499,0,1
2024041431985,2024,041431985,1,9,0,-1,19,5,1,-1,0,1,0,0,0,0,1,1,-1,1,1,44,7,1995,2,10,BMW 3 SERIES,2,E01024903,0,4
2024201492708,2024,201492708,1,9,0,-1,19,2,6,-1,0,8,0,0,0,0,1,1,-1,6,3,-1,-1,1995,1,13,BMW 3 SERIES,-1,-1,0,-1
2024141526834,2024,141526834,2,9,0,-1,-1,7,3,-1,-1,0,1,0,0,0,1,2,-1,-1,1,51,8,1995,2,5,BMW 3 SERIES,8,E01011181,0,1
2024041532292,2024,041532292,1,9,0,-1,19,1,5,-1,0,0,0,0,0,0,1,1,-1,9,1,91,11,2793,1,25,BMW 3 SERIES,10,E01025259,0,1
2024010529077,2024,010529077,2,9,0,99,99,9,9,99,99,9,9,99,9,99,1,9,6,6,1,54,8,1998,8,7,BMW 3 SERIES,7,E01000362,0,3
2024201535893,2024,201535893,2,9,0,-1,5,7,1,-1,0,4,0,0,0,0,1,1,-1,6,1,45,7,1499,1,8,BMW 3 SERIES,2,E01010028,0,3
2024401498540,2024,401498540,2,9,0,-1,19,3,7,-1,0,0,0,0,0,0,1,1,-1,6,1,62,9,2000,2,14,BMW 3 SERIES,6,E01023663,0,2
2024010506182,2024,010506182,2,9,0,2,2,0,0,0,0,1,0,0,0,0,2,1,6,6,3,-1,-1,1995,2,12,BMW 3 SERIES,-1,-1,0,-1
2024501414803,2024,501414803,2,9,0,-1,19,5,1,-1,0,8,0,0,0,0,1,1,-1,2,1,36,7,1995,2,14,BMW 3 SERIES,1,E01015044,0,3
2024141484781,2024,141484781,2,9,0,-1,19,3,7,-1,0,0,0,0,0,0,1,1,-1,6,1,54,8,2993,2,12,BMW 3 SERIES,7,E01007477,0,1
202454D514124,2024,54D514124,1,9,0,18,19,5,1,0,0,1,0,0,7,0,4,1,6,6,1,37,7,2000,1,16,BMW 3 SERIES,7,E01032121,0,1
2024010516373,2024,010516373,2,9,0,6,6,9,9,99,99,0,9,99,9,99,9,9,6,6,3,-1,-1,1995,1,15,BMW 3 SERIES,5,E01003757,0,2
2024451494592,2024,451494592,1,9,0,-1,19,7,3,-1,0,0,0,0,0,0,4,1,-1,9,1,71,10,1995,2,18,BMW 3 SERIES,4,E01030645,0,1
2024161455542,2024,161455542,1,9,0,-1,19,4,8,-1,0,0,0,0,0,0,1,1,-1,9,2,43,7,1995,2,19,BMW 3 SERIES,1,E01013144,0,1
2024501508458,2024,501508458,2,9,0,-1,19,5,1,-1,0,8,0,0,0,0,1,1,-1,2,1,31,6,1995,1,18,BMW 3 SERIES,2,E01015181,0,2
2024010531419,2024,010531419,1,9,0,9,9,1,7,0,0,6,0,0,0,0,3,1,6,6,1,33,6,1998,8,8,BMW 3 SERIES,9,E01004171,0,1
2024010523035,2024,010523035,2,9,0,15,15,9,9,99,99,9,9,99,9,99,9,9,6,6,1,-1,-1,1598,1,11,BMW 3 SERIES,3,E01003960,0,2
2024010545550,2024,010545550,2,9,9,99,99,9,9,99,99,9,9,99,9,99,9,9,6,6,3,-1,-1,1995,2,12,BMW 3 SERIES,-1,-1,0,-1
2024211413099,2024,211413099,1,9,0,-1,19,2,6,-1,0,0,0,0,0,0,1,9,-1,6,1,29,6,1995,2,17,BMW 3 SERIES,2,E01013598,0,3
2024041428986,2024,041428986,1,9,0,-1,19,5,1,-1,0,0,0,0,0,0,1,1,-1,9,1,19,4,2000,2,13,BMW 3 SERIES,8,E01024869,0,1
2024052401042,2024,052401042,1,9,0,1,1,5,7,0,0,0,0,0,0,0,2,1,6,6,1,22,5,1995,2,16,BMW 3 SERIES,1,E01033765,0,1
2024161396706,2024,161396706,2,9,0,-1,19,6,2,-1,0,1,0,0,0,0,1,9,-1,6,3,-1,-1,1995,2,18,BMW 3 SERIES,-1,-1,0,-1
2024320669830,2024,320669830,2,9,0,1,1,2,2,0,0,2,0,0,0,0,2,1,6,6,1,56,9,2993,2,14,BMW 3 SERIES,5,E01032995,0,1
2024451485592,2024,451485592,2,9,0,-1,10,7,3,-1,0,1,0,0,0,0,1,1,-1,6,1,43,7,2993,2,10,BMW 3 SERIES,9,E01002992,0,2
2024010526853,2024,010526853,2,9,0,18,19,5,1,0,0,1,0,0,0,0,1,1,1,1,1,60,9,1998,8,6,BMW 3 SERIES,6,E01003398,0,1
2024461524117,2024,461524117,1,9,0,-1,3,3,1,-1,0,0,0,0,0,0,1,1,-1,9,1,24,5,1995,2,12,BMW 3 SERIES,1,E01024671,0,1
2024201502598,2024,201502598,1,9,0,-1,15,1,5,-1,0,8,1,4,0,0,1,1,-1,6,1,26,6,1995,2,10,BMW 3 SERIES,1,E01009364,0,1
2024311436306,2024,311436306,1,9,0,-1,19,5,3,-1,0,8,2,0,8,2,1,1,-1,6,1,21,5,1998,1,5,BMW 3 SERIES,6,E01013837,0,1
2024010512592,2024,010512592,1,9,0,99,99,9,9,99,99,9,9,99,9,99,1,9,6,6,2,32,6,1995,1,18,BMW 3 SERIES,4,E01003733,0,3
2024201484222,2024,201484222,1,9,0,-1,7,8,4,-1,0,5,0,0,0,0,1,9,-1,1,1,47,8,2497,1,17,BMW 3 SERIES,4,E01010002,0,1
2024131499224,2024,131499224,2,9,0,-1,19,5,1,-1,0,3,0,0,0,0,4,1,-1,1,1,48,8,2993,2,3,BMW 3 SERIES,6,E01011885,0,2
2024201431098,2024,201431098,1,9,0,-1,3,8,2,-1,0,2,0,0,0,0,1,9,-1,6,1,35,6,1995,12,3,BMW 3 SERIES,-1,-1,0,-1
2024371487188,2024,371487188,3,9,0,-1,-1,-1,-1,-1,-1,-1,-1,-1,-1,0,-1,1,-1,6,1,34,6,1995,2,19,BMW 3 SERIES,5,E01026466,0,3
2024991455471,2024,991455471,1,9,0,-1,19,3,7,-1,0,0,0,0,0,0,1,1,-1,9,1,25,5,1995,2,7,BMW 3 SERIES,7,-1,0,2
2024010504855,2024,010504855,1,9,0,3,3,1,5,0,0,1,0,0,0,0,2,1,6,6,1,51,8,1997,1,11,BMW 3 SERIES,2,E01003207,0,1
2024031427000,2024,031427000,1,9,0,-1,19,5,1,-1,0,0,0,0,1,11,1,1,-1,9,1,26,6,1995,2,7,BMW 3 SERIES,-1,-1,0,-1
2024552400655,2024,552400655,2,9,0,4,4,6,2,0,0,0,0,0,0,0,2,1,6,6,2,31,6,1995,2,15,BMW 3 SERIES,10,E01020380,0,4
2024131440071,2024,131440071,2,9,0,-1,19,3,7,-1,0,0,0,0,0,0,3,1,-1,6,1,32,6,1998,8,5,BMW 3 SERIES,1,E01011721,0,1
2024010524228,2024,010524228,2,9,0,99,99,9,9,99,99,9,9,99,9,99,9,9,6,6,3,-1,-1,1995,1,17,BMW 3 SERIES,1,E01007714,0,5
2024430238080,2024,430238080,1,9,0,18,19,5,1,0,0,0,0,0,0,0,1,1,6,6,1,-1,-1,1995,2,17,BMW 3 SERIES,-1,-1,0,-1
2024211512845,2024,211512845,1,9,0,-1,5,8,5,-1,0,4,0,0,0,0,1,1,-1,2,1,49,8,1995,2,5,BMW 3 SERIES,6,E01014264,0,1
2024010536603,2024,010536603,2,9,9,18,19,5,1,0,0,9,9,99,1,99,9,9,6,6,2,-1,-1,1995,1,18,BMW 3 SERIES,3,E01003321,0,1
2024052401366,2024,052401366,3,9,0,18,19,6,2,0,0,0,0,0,0,0,0,1,1,1,1,-1,-1,2993,2,5,BMW 3 SERIES,2,E01007218,0,2
2024201464093,2024,201464093,1,9,0,-1,9,2,8,-1,0,2,0,0,0,0,1,1,-1,6,1,51,8,1995,2,8,BMW 3 SERIES,-1,-1,0,-1
2024131434579,2024,131434579,1,9,0,-1,19,3,7,-1,0,0,1,0,0,0,1,2,-1,2,1,49,8,1995,2,13,BMW 3 SERIES,4,E01011858,0,1
2024421446979,2024,421446979,1,9,0,-1,19,4,8,-1,0,0,0,0,0,0,1,9,-1,6,2,-1,-1,1995,12,4,BMW 3 SERIES,-1,-1,0,-1
2024010490958,2024,010490958,4,9,0,4,4,4,8,0,0,0,0,0,0,0,2,1,6,6,1,44,7,1998,8,5,BMW 3 SERIES,6,E01023305,0,3
2024101421562,2024,101421562,2,9,0,-1,3,5,1,-1,0,0,0,0,0,0,2,1,-1,2,2,27,6,1995,2,7,BMW 3 SERIES,2,E01008756,0,1
2024451467413,2024,451467413,1,9,0,-1,19,1,5,-1,0,1,0,0,0,0,2,1,-1,9,1,44,7,1995,2,11,BMW 3 SERIES,10,E01030380,0,1
2024101409751,2024,101409751,2,9,0,-1,4,7,5,-1,0,1,0,0,0,0,2,9,-1,9,1,53,8,1995,2,9,BMW 3 SERIES,5,E01008343,0,2
2024010500444,2024,010500444,1,9,0,16,19,2,6,0,0,6,0,0,0,0,4,1,2,2,1,58,9,1998,1,6,BMW 3 SERIES,-1,-1,0,-1
2024201491843,2024,201491843,1,9,0,-1,19,1,5,-1,0,0,0,0,0,0,1,1,-1,6,2,60,9,1796,1,19,BMW 3 SERIES,8,E01010520,0,3
2024131420883,2024,131420883,1,9,0,-1,19,8,4,-1,0,8,0,0,0,0,1,1,-1,9,1,22,5,1995,2,9,BMW 3 SERIES,1,E01011029,0,1
2024010506183,2024,010506183,2,9,0,18,19,5,1,0,0,8,0,0,0,0,1,1,6,6,1,39,7,1995,1,17,BMW 3 SERIES,3,E01000725,0,1
2024231471478,2024,231471478,2,9,0,-1,19,8,4,-1,0,0,0,0,0,0,1,1,-1,6,1,32,6,2494,1,23,BMW 3 SERIES,1,E01031057,0,4
2024201408438,2024,201408438,1,9,-1,-1,4,4,8,-1,0,0,0,0,0,0,1,9,-1,6,3,-1,-1,2993,2,10,BMW 3 SERIES,-1,-1,0,-1
2024211508710,2024,211508710,1,9,0,-1,11,3,7,-1,0,0,0,11,0,0,1,1,-1,6,2,30,6,1995,2,10,BMW 3 SERIES,5,E01012635,0,4
2024141400821,2024,141400821,1,9,0,-1,19,6,2,-1,0,8,1,0,1,1,1,1,-1,6,1,36,7,1995,2,12,BMW 3 SERIES,1,E01008097,0,1
2024552400757,2024,552400757,2,9,0,3,3,7,3,8,6,0,0,0,0,0,1,1,2,2,1,23,5,1998,1,6,BMW 3 SERIES,-1,-1,0,-1
2024052401476,2024,052401476,2,9,0,10,10,5,3,0,0,1,0,0,0,0,1,1,1,1,1,-1,-1,2993,2,6,BMW 3 SERIES,-1,-1,0,-1
2024351417240,2024,351417240,1,9,0,-1,19,8,4,-1,0,0,0,0,0,0,1,1,-1,6,1,23,5,1998,8,2,BMW 3 SERIES,7,E01026351,0,2
2024061488928,2024,061488928,1,8,0,-1,9,1,6,-1,0,6,0,0,0,0,3,1,-1,1,1,57,9,1995,2,7,BMW 3 SERIES,1,E01005389,0,2
2024311489040,2024,311489040,1,9,0,-1,19,7,3,-1,0,0,0,11,1,1,1,1,-1,1,1,21,5,1995,12,4,BMW 3 SERIES,-1,-1,0,-1
2024332400235,2024,332400235,2,9,0,-1,19,5,1,-1,0,0,0,0,0,0,4,1,-1,6,1,40,7,1995,2,12,BMW 3 SERIES,5,E01027948,0,4
2024201478449,2024,201478449,2,9,0,-1,5,7,3,-1,0,1,0,0,0,0,1,9,-1,6,3,-1,-1,1995,2,5,BMW 3 SERIES,-1,-1,0,-1
2024440316990,2024,440316990,1,9,0,18,19,3,7,0,0,3,1,0,2,2,1,1,6,6,1,22,5,2926,2,23,BMW 3 SERIES,3,E01023145,0,1
2024141397794,2024,141397794,1,9,0,-1,19,7,3,-1,0,8,0,0,0,0,1,1,-1,9,1,56,9,1998,8,7,BMW 3 SERIES,7,E01007972,0,1
2024131524098,2024,131524098,5,9,0,-1,19,3,7,-1,0,0,0,0,0,0,1,1,-1,9,1,61,9,1998,8,2,BMW 3 SERIES,3,E01005039,0,4
2024010520443,2024,010520443,2,9,0,18,19,6,2,0,0,1,0,0,0,0,1,1,6,6,1,58,9,1998,1,3,BMW 3 SERIES,10,E01002257,0,4
2024010505465,2024,010505465,2,9,0,18,19,1,5,0,0,1,0,0,0,0,3,1,6,6,1,47,8,1998,8,7,BMW 3 SERIES,9,E01000713,0,1
2024440504770,2024,440504770,2,9,0,9,9,8,6,0,0,6,0,0,0,0,1,1,6,6,2,31,6,1995,2,15,BMW 3 SERIES,5,E01022520,0,1
2024548430324,2024,548430324,1,9,0,18,19,3,7,0,0,0,0,0,0,0,3,1,6,6,2,23,5,1796,1,27,BMW 3 SERIES,-1,-1,0,-1
2024610007424,2024,610007424,1,9,0,18,19,7,3,0,0,1,0,0,0,0,2,1,6,6,1,29,6,1995,2,14,BMW 3 SERIES,6,W01001951,0,3
2024411455207,2024,411455207,2,9,0,-1,9,2,8,-1,0,1,0,0,0,0,1,1,-1,6,1,-1,-1,1995,2,14,BMW 3 SERIES,-1,-1,0,-1
2024131411129,2024,131411129,1,9,0,-1,10,1,1,-1,0,1,0,0,0,0,1,1,-1,6,1,38,7,1995,2,11,BMW 3 SERIES,3,E01011037,0,1
2024991506180,2024,991506180,2,9,0,-1,19,8,3,-1,0,1,0,0,0,0,1,1,-1,9,1,72,10,1895,1,23,BMW 3 SERIES,4,-1,0,1
2024451404951,2024,451404951,2,9,0,-1,19,1,1,-1,0,0,0,0,0,0,4,1,-1,6,1,30,6,1995,2,12,BMW 3 SERIES,6,E01011883,0,5
2024302401579,2024,302401579,1,9,0,13,13,8,4,0,0,0,0,0,0,0,1,1,6,6,1,21,5,1995,2,11,BMW 3 SERIES,3,E01029804,0,4
2024010506459,2024,010506459,1,9,0,99,99,9,9,99,99,9,9,99,9,99,2,9,6,6,2,34,6,1598,1,9,BMW 3 SERIES,4,E01023805,0,3
2024101448993,2024,101448993,1,9,0,-1,19,6,2,-1,0,5,1,0,1,0,1,9,-1,6,1,51,8,1995,2,10,BMW 3 SERIES,2,E01008634,0,1
2024221469288,2024,221469288,1,9,0,-1,1,6,2,-1,9,0,0,0,0,0,2,9,-1,6,1,27,6,1995,2,16,BMW 3 SERIES,3,E01009763,0,4
2024991465447,2024,991465447,1,9,0,-1,7,7,1,-1,9,1,0,0,0,0,1,1,-1,6,1,56,9,1995,2,4,BMW 3 SERIES,1,-1,0,2
2024401452877,2024,401452877,3,9,0,-1,3,1,5,-1,0,4,0,0,0,0,1,9,-1,6,3,-1,-1,1995,2,16,BMW 3 SERIES,-1,-1,0,-1
2024131492905,2024,131492905,1,9,0,-1,-1,-1,-1,-1,-1,-1,-1,-1,-1,-1,-1,1,-1,6,3,-1,-1,1995,2,9,BMW 3 SERIES,-1,-1,0,-1
2024131423933,2024,131423933,1,9,0,-1,19,5,1,-1,0,4,0,0,0,0,3,1,-1,6,3,-1,-1,1998,8,8,BMW 3 SERIES,-1,-1,0,-1
2024070201395,2024,070201395,1,9,0,18,19,7,3,0,0,0,0,0,0,0,1,1,6,6,1,-1,-1,2993,2,10,BMW 3 SERIES,4,E01006833,0,3
2024010490958,2024,010490958,1,9,0,18,19,4,8,0,0,0,0,0,0,0,1,1,6,6,1,71,10,1995,1,18,BMW 3 SERIES,9,E01002535,0,3
2024461485922,2024,461485922,1,9,0,-1,19,3,7,-1,0,1,0,0,0,0,1,1,-1,6,1,27,6,1995,2,15,BMW 3 SERIES,4,E01024681,0,1
2024451516003,2024,451516003,3,9,0,-1,19,6,8,-1,0,0,0,10,0,0,1,1,-1,7,1,50,8,1995,2,6,BMW 3 SERIES,9,E01030501,0,1
2024201413510,2024,201413510,2,9,0,-1,19,6,2,-1,0,8,0,0,0,0,4,9,-1,1,1,29,6,1995,2,11,BMW 3 SERIES,2,E01010268,0,2
2024070984530,2024,070984530,1,9,0,-1,19,8,4,-1,0,0,0,0,0,11,1,1,-1,9,1,74,10,1995,2,11,BMW 3 SERIES,9,E01012375,0,1
2024991409197,2024,991409197,1,9,0,-1,19,4,8,-1,0,0,0,0,1,0,1,1,-1,6,2,39,7,1995,2,13,BMW 3 SERIES,1,-1,0,3
2024010535430,2024,010535430,1,9,0,18,19,5,1,0,0,0,0,0,0,0,1,1,6,6,1,32,6,1998,8,4,BMW 3 SERIES,4,E01003035,0,1
2024302400894,2024,302400894,2,9,0,2,2,0,0,0,0,0,0,0,0,0,3,1,6,6,3,-1,-1,1995,1,19,BMW 3 SERIES,-1,-1,0,-1
2024320390827,2024,320390827,3,9,0,3,3,2,6,0,0,0,0,0,1,0,1,1,-1,-1,1,71,10,1995,2,8,BMW 3 SERIES,9,E01026321,0,1
2024070913334,2024,070913334,1,9,0,-1,4,5,1,-1,0,1,0,0,0,0,1,1,-1,9,1,32,6,1998,1,0,BMW 3 SERIES,8,E01006130,0,4
202417M301124,2024,17M301124,1,9,0,12,12,6,1,0,0,7,0,0,5,6,3,1,2,2,1,35,6,2993,2,16,BMW 3 SERIES,2,E01012042,0,1
2024131535722,2024,131535722,4,9,0,-1,19,1,5,-1,0,0,0,0,0,0,0,1,-1,1,1,-1,-1,2993,12,2,BMW 3 SERIES,6,E01011885,0,4
2024231437795,2024,231437795,1,9,0,-1,19,2,6,-1,0,0,0,0,2,0,1,9,-1,6,3,35,6,1596,1,17,BMW 3 SERIES,-1,-1,0,-1
2024010508166,2024,010508166,2,9,0,12,12,3,7,0,0,0,0,0,0,0,3,1,6,6,1,43,7,1995,2,10,BMW 3 SERIES,-1,-1,0,-1
2024041398094,2024,041398094,2,9,0,-1,19,5,1,-1,0,1,0,0,0,0,1,1,-1,9,1,23,5,1995,2,10,BMW 3 SERIES,5,E01025320,0,3
2024201479168,2024,201479168,1,9,0,-1,9,7,5,-1,0,5,0,0,0,0,1,1,-1,6,2,45,7,1998,1,3,BMW 3 SERIES,-1,-1,0,-1
2024440240196,2024,440240196,1,9,0,18,19,2,6,0,0,8,0,7,7,9,1,1,6,6,1,22,5,2979,1,22,BMW 3 SERIES,8,E01022986,0,1
2024010525642,2024,010525642,1,9,0,99,99,9,9,99,99,9,9,99,9,99,2,9,6,6,2,46,8,1998,1,3,BMW 3 SERIES,9,E01001103,0,1
2024010529930,2024,010529930,2,9,9,18,19,1,5,99,99,9,9,99,0,0,9,9,6,6,3,-1,-1,1995,1,14,BMW 3 SERIES,-1,-1,0,-1
202454F269924,2024,54F269924,1,9,0,18,19,8,4,0,0,0,1,0,0,0,1,1,6,6,1,28,6,1998,8,6,BMW 3 SERIES,2,E01022164,0,4
2024041536079,2024,041536079,3,9,0,-1,2,0,0,-1,0,0,0,0,0,0,3,1,-1,6,-1,-1,-1,1998,8,0,BMW 3 SERIES,-1,-1,0,-1
2024221493214,2024,221493214,1,9,0,-1,19,8,5,-1,0,8,0,4,1,0,1,1,-1,9,2,25,5,1995,2,12,BMW 3 SERIES,7,E01031334,0,4