collision_index,collision_year,collision_ref_no,vehicle_reference,vehicle_type,towing_and_articulation,vehicle_manoeuvre_historic,vehicle_manoeuvre,vehicle_direction_from,vehicle_direction_to,vehicle_location_restricted_lane_historic,vehicle_location_restricted_lane,junction_location,skidding_and_overturning,hit_object_in_carriageway,vehicle_leaving_carriageway,hit_object_off_carriageway,first_point_of_impact,vehicle_left_hand_drive,journey_purpose_of_driver_historic,journey_purpose_of_driver,sex_of_driver,age_of_driver,age_band_of_driver,engine_capacity_cc,propulsion_code,age_of_vehicle,generic_make_model,driver_imd_decile,lsoa_of_driver,escooter_flag,driver_distance_banding
2024141428801,2024,141428801,1,9,0,-1,19,5,1,-1,0,0,1,0,1,11,1,1,-1,9,2,26,6,1995,2,11,BMW 3 SERIES,1,E01008060,0,1
2024451468053,2024,451468053,1,9,0,-1,7,3,5,-1,0,8,0,0,0,0,1,1,-1,2,1,55,8,1995,2,4,BMW 3 SERIES,9,E01030953,0,1
2024440150695,2024,440150695,1,9,0,17,19,2,7,0,0,8,1,7,1,1,4,1,2,2,1,37,7,2993,2,15,BMW 3 SERIES,6,E01018786,0,5
2024201455406,2024,201455406,1,9,0,-1,19,2,6,-1,0,8,0,10,0,0,9,1,-1,6,1,-1,-1,2993,12,3,BMW 3 SERIES,1,E01009310,0,2
202460Q179287,2024,60Q179287,3,9,0,18,19,7,3,0,0,0,0,0,0,0,1,1,6,6,2,37,7,1998,8,5,BMW 3 SERIES,-1,-1,0,-1
2024211447763,2024,211447763,2,9,0,-1,19,8,4,-1,0,0,0,0,0,0,4,9,-1,2,2,56,9,1998,8,3,BMW 3 SERIES,5,E01010110,0,4
2024361396226,2024,361396226,3,9,0,-1,19,1,6,-1,0,0,0,0,7,0,1,9,-1,6,1,24,5,1598,1,11,BMW 3 SERIES,8,E01000574,0,5
2024010541767,2024,010541767,2,9,0,99,99,9,9,99,99,9,9,99,9,99,1,9,6,6,3,77,11,1998,1,7,BMW 3 SERIES,8,E01001925,0,2
2024010520235,2024,010520235,2,9,0,99,99,9,9,99,99,9,9,99,9,99,2,9,6,6,1,70,10,2497,1,17,BMW 3 SERIES,2,E01003092,0,1
2024361414310,2024,361414310,1,9,0,-1,19,1,5,-1,0,0,1,0,1,9,3,1,-1,6,1,38,7,2993,2,20,BMW 3 SERIES,5,E01026679,0,1
2024361444290,2024,361444290,1,9,0,-1,19,2,6,-1,0,5,1,12,1,0,1,1,-1,9,2,25,5,1995,2,18,BMW 3 SERIES,9,E01026901,0,1
2024141435771,2024,141435771,2,9,0,-1,19,5,1,-1,0,1,0,0,0,0,1,1,-1,9,1,40,7,2000,2,13,BMW 3 SERIES,5,E01034253,0,1
2024221413018,2024,221413018,1,9,0,-1,19,7,3,-1,0,8,0,0,0,0,1,1,-1,6,1,33,6,1995,1,20,BMW 3 SERIES,6,E01034323,0,1
2024010543219,2024,010543219,2,9,0,99,99,9,9,99,99,9,9,99,9,99,2,9,6,6,3,-1,-1,1995,2,5,BMW 3 SERIES,-1,-1,0,-1
2024201454502,2024,201454502,1,9,0,-1,19,5,1,-1,0,0,0,0,0,0,1,1,-1,6,1,42,7,2996,1,15,BMW 3 SERIES,8,E01010307,0,1
2024061481474,2024,061481474,2,9,0,-1,10,8,5,-1,0,1,0,0,3,1,3,1,-1,1,1,35,6,1995,2,12,BMW 3 SERIES,7,E01006266,0,1
2024440329517,2024,440329517,1,9,0,5,5,8,4,0,0,1,0,0,0,0,1,1,6,6,2,38,7,1995,2,8,BMW 3 SERIES,10,E01023173,0,1
2024010547423,2024,010547423,1,9,0,-1,-1,5,1,0,0,8,0,0,1,0,1,1,2,2,1,20,4,1998,1,4,BMW 3 SERIES,7,E01002323,0,1
2024010538647,2024,010538647,4,9,0,3,3,7,3,0,0,8,0,0,0,0,1,1,6,6,1,45,7,1998,8,6,BMW 3 SERIES,2,E01034478,0,3
2024221482051,2024,221482051,2,9,0,-1,19,2,6,-1,0,8,0,0,0,0,1,1,-1,9,2,39,7,1995,2,15,BMW 3 SERIES,7,E01014100,0,3
2024010525412,2024,010525412,1,9,0,18,19,7,3,0,0,0,0,0,0,0,1,1,6,6,1,23,5,1998,1,5,BMW 3 SERIES,6,E01000069,0,1
2024010524800,2024,010524800,1,9,0,99,99,9,9,99,99,9,9,99,9,99,1,9,2,2,1,26,6,2494,1,19,BMW 3 SERIES,6,E01000706,0,1
2024010545754,2024,010545754,1,9,0,18,19,1,5,0,0,8,1,0,0,0,1,1,6,6,1,40,7,1998,8,0,BMW 3 SERIES,5,E01015953,0,3
2024061474991,2024,061474991,2,9,-1,-1,-1,-1,-1,-1,-1,0,-1,-1,-1,0,-1,9,-1,6,3,-1,-1,2000,2,13,BMW 3 SERIES,-1,-1,0,-1
2024451433940,2024,451433940,1,9,0,-1,19,7,3,-1,0,2,1,0,0,0,4,1,-1,9,1,29,6,1995,2,8,BMW 3 SERIES,10,E01030408,0,1
2024440363672,2024,440363672,2,9,0,18,19,1,5,0,0,0,0,0,0,0,4,1,6,6,2,31,6,1995,2,5,BMW 3 SERIES,8,E01017252,0,1
2024201412974,2024,201412974,2,9,0,-1,3,5,1,-1,0,0,0,0,0,0,2,1,-1,9,1,23,5,1995,2,9,BMW 3 SERIES,1,E01010370,0,1
2024061403601,2024,061403601,3,9,0,-1,19,1,5,-1,0,0,0,0,0,0,0,2,-1,8,1,25,5,2993,12,3,BMW 3 SERIES,4,E01005730,0,3
2024231510291,2024,231510291,1,9,0,-1,19,2,7,-1,0,0,0,10,2,11,1,9,-1,6,1,23,5,1998,8,4,BMW 3 SERIES,5,E01031144,0,2
2024010551678,2024,010551678,2,9,0,2,2,0,0,0,0,8,0,0,0,0,2,1,6,6,3,-1,-1,2171,1,21,BMW 3 SERIES,-1,-1,0,-1
2024421402724,2024,421402724,1,9,0,-1,6,5,1,-1,0,0,0,0,0,0,4,1,-1,9,1,22,5,1998,1,3,BMW 3 SERIES,4,E01002050,0,4
2024231535821,2024,231535821,1,9,0,-1,11,2,6,-1,0,8,0,0,0,0,3,1,-1,6,1,60,9,2993,2,7,BMW 3 SERIES,6,E01018332,0,5
2024471406213,2024,471406213,1,9,0,-1,19,5,1,-1,-1,3,2,9,3,1,1,1,-1,9,1,47,8,1995,2,13,BMW 3 SERIES,8,E01035362,0,1
2024421519478,2024,421519478,1,9,0,-1,19,4,8,-1,0,0,0,0,0,0,4,1,-1,2,1,37,7,1995,2,6,BMW 3 SERIES,8,E01021382,0,3
2024201453549,2024,201453549,2,9,0,-1,19,5,1,-1,0,0,0,0,0,0,1,1,-1,6,1,30,6,1995,2,9,BMW 3 SERIES,4,E01009244,0,1
2024010529578,2024,010529578,1,9,0,5,5,5,1,9,9,6,0,0,0,0,1,1,6,6,1,41,7,2993,2,8,BMW 3 SERIES,2,E01002686,0,1
2024501455981,2024,501455981,2,9,0,-1,19,3,7,-1,0,0,0,0,0,0,3,1,-1,6,2,26,6,1995,2,15,BMW 3 SERIES,4,E01018778,0,1
2024201453404,2024,201453404,1,9,0,-1,19,6,2,-1,0,0,0,10,7,11,1,1,-1,9,1,47,8,2494,1,37,BMW 3 SERIES,10,E01010176,0,1
2024010550725,2024,010550725,3,9,0,4,4,1,5,0,0,0,0,0,0,0,2,1,6,6,1,48,8,1499,1,7,BMW 3 SERIES,8,E01030988,0,3
2024141442347,2024,141442347,1,9,0,-1,19,8,4,-1,0,0,0,0,0,0,1,1,-1,6,1,-1,-1,1995,2,8,BMW 3 SERIES,-1,-1,0,-1
202417M105424,2024,17M105424,2,9,0,-1,9,7,5,-1,0,8,0,0,0,0,1,1,-1,6,1,-1,-1,1995,2,10,BMW 3 SERIES,-1,-1,0,-1
2024440500361,2024,440500361,2,9,0,9,9,8,6,0,0,8,0,0,0,0,2,1,6,6,1,23,5,1995,2,15,BMW 3 SERIES,5,E01023027,0,1
2024131475226,2024,131475226,2,9,0,-1,7,5,1,-1,0,8,0,0,0,0,0,1,-1,1,1,33,6,2993,2,5,BMW 3 SERIES,6,E01011885,0,3
2024545633424,2024,545633424,2,9,0,4,4,4,8,0,0,1,0,0,0,0,4,1,2,2,1,29,6,1995,2,20,BMW 3 SERIES,5,E01015571,0,1
2024031445302,2024,031445302,2,9,0,-1,19,8,5,-1,0,8,0,0,0,0,1,1,-1,9,1,77,11,1995,2,12,BMW 3 SERIES,8,E01019331,0,4
2024052401737,2024,052401737,4,9,0,18,19,1,5,0,0,1,0,0,0,0,0,1,1,1,1,-1,-1,2993,2,5,BMW 3 SERIES,-1,-1,0,-1
2024010514560,2024,010514560,3,9,0,18,19,5,1,0,0,1,0,0,1,0,1,1,6,6,2,20,4,1998,8,4,BMW 3 SERIES,6,E01000587,0,3
2024201445106,2024,201445106,1,9,0,-1,19,4,8,-1,0,0,0,0,0,0,1,9,-1,2,1,65,9,2171,1,20,BMW 3 SERIES,1,E01009307,0,1
2024131520270,2024,131520270,1,9,0,-1,19,3,7,-1,0,8,5,0,0,0,1,1,-1,6,1,22,5,1995,2,10,BMW 3 SERIES,1,E01010813,0,2
2024471532048,2024,471532048,1,9,0,-1,19,8,6,-1,0,1,0,0,1,11,1,1,-1,6,-1,-1,-1,1998,1,5,BMW 3 SERIES,-1,-1,0,-1
2024131406250,2024,131406250,2,9,0,-1,19,5,1,-1,0,3,0,0,0,0,0,1,-1,1,1,23,5,2993,2,5,BMW 3 SERIES,1,E01010614,0,3
2024010504161,2024,010504161,2,9,0,18,19,1,5,0,0,2,0,0,0,0,1,1,6,6,1,24,5,1998,8,8,BMW 3 SERIES,5,W01001839,0,5
2024201484833,2024,201484833,1,9,0,-1,19,2,6,-1,0,0,0,0,0,0,1,1,-1,6,1,36,7,1995,2,11,BMW 3 SERIES,9,E01032142,0,3
2024471410742,2024,471410742,2,9,0,-1,19,7,3,-1,0,1,0,0,2,7,1,1,-1,9,1,25,5,2000,2,13,BMW 3 SERIES,8,E01031491,0,3
2024061512529,2024,061512529,2,9,-1,-1,19,1,5,-1,0,0,0,0,0,0,1,9,-1,6,3,-1,-1,2993,2,13,BMW 3 SERIES,-1,-1,0,-1
2024052401746,2024,052401746,1,9,0,18,19,1,5,0,0,0,0,0,0,0,1,1,1,1,1,40,7,2993,2,5,BMW 3 SERIES,-1,-1,0,-1
2024631526422,2024,631526422,1,9,0,-1,19,3,7,-1,0,0,5,0,2,10,4,1,-1,9,1,39,7,1995,2,15,BMW 3 SERIES,7,W01000583,0,1
2024471429289,2024,471429289,2,9,0,-1,19,6,2,-1,99,8,0,0,3,99,4,1,-1,6,3,-1,-1,1995,2,19,BMW 3 SERIES,-1,-1,0,-1
2024131513281,2024,131513281,7,9,0,-1,19,5,5,-1,0,1,0,0,0,0,0,1,-1,1,1,34,6,2993,12,2,BMW 3 SERIES,1,E01010614,0,3
2024122400767,2024,122400767,2,9,0,3,3,5,1,0,0,1,0,0,0,0,2,1,6,6,1,35,6,1998,8,4,BMW 3 SERIES,8,E01027924,0,4
2024471473192,2024,471473192,1,9,0,-1,19,7,3,-1,0,0,0,0,0,0,4,1,-1,6,1,43,7,1995,2,15,BMW 3 SERIES,5,E01017171,0,4
2024340NN1172,2024,340NN1172,1,9,0,-1,19,5,1,-1,0,4,0,0,0,0,1,1,-1,6,1,23,5,1995,1,18,BMW 3 SERIES,1,E01027131,0,1
2024010527152,2024,010527152,1,9,0,3,3,3,7,0,0,8,0,0,0,0,1,1,6,6,1,37,7,1995,2,7,BMW 3 SERIES,2,E01001361,0,1
2024010529641,2024,010529641,1,9,0,12,12,7,3,6,6,5,0,0,0,0,2,1,6,6,1,33,6,1998,1,4,BMW 3 SERIES,4,E01000473,0,1
2024131492240,2024,131492240,2,9,0,-1,19,7,3,-1,0,8,0,0,0,0,0,1,-1,1,1,43,7,2993,2,4,BMW 3 SERIES,1,E01010614,0,1
2024141528023,2024,141528023,2,9,0,-1,19,6,2,-1,0,1,0,0,7,0,1,1,-1,1,1,36,7,2993,12,2,BMW 3 SERIES,1,E01007902,0,1
2024010522526,2024,010522526,1,9,0,18,19,3,7,0,0,1,0,0,0,0,1,1,6,6,1,28,6,1998,8,6,BMW 3 SERIES,6,E01002473,0,1
2024010525275,2024,010525275,1,9,0,18,19,3,7,0,0,8,0,0,1,11,1,1,6,6,3,-1,-1,1499,1,6,BMW 3 SERIES,-1,-1,0,-1
2024991446638,2024,991446638,2,9,0,-1,19,5,1,-1,0,1,0,0,0,0,1,1,-1,6,1,33,6,1995,2,6,BMW 3 SERIES,4,-1,0,1
2024411425389,2024,411425389,1,9,0,-1,19,7,3,-1,0,0,0,0,0,0,1,1,-1,9,2,45,7,1995,2,13,BMW 3 SERIES,8,E01023831,0,2
2024010521566,2024,010521566,1,9,0,99,99,9,9,99,99,9,9,99,9,99,2,9,6,6,1,21,5,1998,1,6,BMW 3 SERIES,4,E01001995,0,3
2024631441811,2024,631441811,1,9,0,-1,9,4,2,-1,0,5,0,0,0,0,4,1,-1,6,1,58,9,1998,8,1,BMW 3 SERIES,6,W01000701,0,2
2024471428203,2024,471428203,1,9,0,-1,19,1,5,-1,0,0,1,0,1,2,1,1,-1,1,1,34,6,1598,1,11,BMW 3 SERIES,4,E01034225,0,4
2024320368040,2024,320368040,1,9,0,9,9,4,2,0,0,5,0,0,0,0,2,1,-1,-1,1,39,7,1995,1,16,BMW 3 SERIES,-1,-1,0,-1
2024201413587,2024,201413587,2,9,0,-1,19,3,7,-1,0,8,0,0,0,0,3,9,-1,1,1,59,9,2996,1,14,BMW 3 SERIES,-1,-1,0,-1
2024361479686,2024,361479686,2,9,0,-1,7,7,1,-1,0,1,0,0,0,0,2,1,-1,6,2,63,9,2993,2,16,BMW 3 SERIES,3,E01026843,0,1
2024421463894,2024,421463894,1,9,0,-1,19,3,7,-1,0,0,0,0,0,0,1,1,-1,6,2,69,10,1998,8,4,BMW 3 SERIES,-1,-1,0,-1
2024471503077,2024,471503077,2,9,0,-1,9,3,1,-1,0,8,0,0,0,0,4,1,-1,6,1,37,7,2996,1,14,BMW 3 SERIES,6,E01031607,0,1
2024131455927,2024,131455927,2,9,0,-1,9,1,1,-1,9,1,0,4,7,0,1,1,-1,9,1,65,9,1995,2,15,BMW 3 SERIES,2,E01011061,0,1
2024010539139,2024,010539139,2,9,0,18,19,5,1,0,0,0,0,0,0,0,2,1,6,6,2,21,5,1998,8,4,BMW 3 SERIES,5,E01000516,0,4
2024622400414,2024,622400414,2,9,0,18,19,2,6,0,0,1,0,0,0,0,1,1,6,6,2,58,9,1998,8,3,BMW 3 SERIES,7,W01000878,0,1
2024201450074,2024,201450074,2,9,0,-1,2,0,0,-1,0,0,0,0,0,0,2,1,-1,6,-1,-1,-1,1995,1,12,BMW 3 SERIES,-1,-1,0,-1
2024131421410,2024,131421410,2,9,0,-1,19,5,1,-1,0,0,0,0,0,0,1,1,-1,9,1,40,7,1998,8,1,BMW 3 SERIES,1,E01008746,0,5
2024440455380,2024,440455380,1,9,0,18,19,8,4,0,0,0,1,0,1,7,1,1,6,6,1,27,6,2996,1,18,BMW 3 SERIES,-1,-1,0,-1
2024401400013,2024,401400013,1,9,0,-1,19,5,2,-1,0,0,1,10,1,4,4,1,-1,9,1,36,7,1995,2,16,BMW 3 SERIES,4,E01027350,0,4
2024010542628,2024,010542628,1,9,0,9,9,5,4,0,0,5,0,0,0,0,4,1,6,6,1,29,6,1995,1,16,BMW 3 SERIES,5,E01002567,0,1
2024061458892,2024,061458892,3,9,0,-1,5,1,5,-1,0,1,0,0,0,0,0,1,-1,6,3,-1,-1,1995,2,16,BMW 3 SERIES,-1,-1,0,-1
2024430074503,2024,430074503,1,9,0,18,19,1,5,0,0,1,0,0,0,0,1,1,6,6,1,-1,-1,1995,2,13,BMW 3 SERIES,-1,-1,0,-1
2024351449484,2024,351449484,1,9,-1,-1,-1,-1,-1,-1,-1,0,-1,-1,-1,0,-1,9,-1,6,1,-1,-1,1995,2,18,BMW 3 SERIES,2,E01015612,0,1
2024161424009,2024,161424009,2,9,0,-1,19,5,1,-1,0,1,1,0,0,0,4,1,-1,9,1,25,5,1995,2,14,BMW 3 SERIES,2,E01035481,0,1
2024451504660,2024,451504660,2,9,0,-1,99,5,1,-1,0,0,0,0,0,0,3,1,-1,6,1,28,6,1998,8,4,BMW 3 SERIES,-1,-1,0,-1
2024401503972,2024,401503972,1,9,0,-1,5,-1,-1,-1,0,1,0,0,0,0,1,1,-1,7,1,53,8,1998,8,3,BMW 3 SERIES,9,E01033825,0,3
2024010550591,2024,010550591,2,9,0,18,19,1,5,0,0,8,0,0,0,0,1,1,6,6,3,-1,-1,1995,1,17,BMW 3 SERIES,-1,-1,0,-1
2024122400247,2024,122400247,1,9,0,3,3,3,7,0,0,0,0,0,0,0,2,1,6,6,2,58,9,1995,2,6,BMW 3 SERIES,8,E01027875,0,2
2024531505862,2024,531505862,1,9,0,-1,19,3,7,-1,0,0,0,0,0,0,1,9,-1,6,1,-1,-1,1995,2,11,BMW 3 SERIES,-1,-1,0,-1
2024010501062,2024,010501062,2,9,0,99,99,9,9,99,99,9,9,99,9,99,9,9,6,6,3,-1,-1,1997,1,10,BMW 3 SERIES,-1,-1,0,-1
2024552400909,2024,552400909,1,9,0,17,19,5,2,0,0,0,0,0,0,0,1,1,6,6,3,-1,-1,2000,1,16,BMW 3 SERIES,-1,-1,0,-1
2024111535617,2024,111535617,2,9,0,-1,19,8,4,-1,0,0,1,7,0,0,1,1,-1,8,1,34,6,2993,12,3,BMW 3 SERIES,-1,-1,0,-1
2024010540401,2024,010540401,1,9,0,99,99,9,9,99,99,9,9,99,9,99,9,9,6,6,2,41,7,1998,8,4,BMW 3 SERIES,5,E01015989,0,4
2024430558508,2024,430558508,1,9,0,18,19,7,3,0,0,0,0,0,4,6,3,1,2,2,1,35,6,1995,1,16,BMW 3 SERIES,7,E01002513,0,3
2024451516812,2024,451516812,1,9,0,-1,19,3,7,-1,0,0,5,0,7,0,1,9,-1,6,2,65,9,1991,1,32,BMW 3 SERIES,7,E01030530,0,1
2024522403434,2024,522403434,1,8,0,9,9,2,1,0,0,6,0,0,0,0,3,1,1,1,1,32,6,1499,1,6,BMW 3 SERIES,1,E01033358,0,1
2024440071354,2024,440071354,1,9,0,18,19,2,6,0,0,0,0,0,5,6,1,1,6,6,1,29,6,1995,2,12,BMW 3 SERIES,8,E01032665,0,3
2024010514479,2024,010514479,1,9,0,18,19,7,3,0,0,0,0,0,0,0,1,1,6,6,2,33,6,1998,8,7,BMW 3 SERIES,7,E01002197,0,3
202454E820524,2024,54E820524,1,9,0,18,19,2,6,0,0,1,0,0,0,0,3,1,6,6,1,33,6,1995,1,16,BMW 3 SERIES,6,E01032716,0,1
2024361463844,2024,361463844,1,9,0,-1,19,1,5,-1,0,8,0,0,0,0,1,1,-1,6,1,38,7,1995,2,7,BMW 3 SERIES,5,E01026783,0,1
2024361424004,2024,361424004,1,9,0,-1,19,1,5,-1,0,2,1,0,1,0,4,1,-1,6,1,41,7,1997,1,12,BMW 3 SERIES,8,E01035150,0,2
2024131417755,2024,131417755,1,9,0,-1,19,6,2,-1,0,1,0,0,0,0,4,1,-1,7,2,35,6,1995,2,12,BMW 3 SERIES,1,E01011663,0,1
2024010542578,2024,010542578,4,9,0,3,3,7,3,0,0,1,0,0,0,0,2,1,6,6,1,24,5,1995,2,8,BMW 3 SERIES,6,E01001295,0,1
2024610025024,2024,610025024,1,9,0,18,19,6,2,0,0,0,0,0,5,7,1,1,1,1,1,23,5,1995,2,11,BMW 3 SERIES,7,W01001372,0,2
2024520001238,2024,520001238,2,9,0,18,19,9,9,0,0,8,0,0,0,0,9,1,6,6,3,-1,-1,1995,2,16,BMW 3 SERIES,-1,-1,0,-1
2024211515447,2024,211515447,2,9,0,-1,19,5,1,-1,0,8,0,0,0,0,1,1,-1,6,1,32,6,1995,2,8,BMW 3 SERIES,-1,-1,0,-1
2024131464721,2024,131464721,1,9,0,-1,19,3,7,-1,0,0,0,0,0,0,1,1,-1,2,1,53,8,1998,8,3,BMW 3 SERIES,8,E01010645,0,1
202460Q122953,2024,60Q122953,3,9,0,18,19,8,4,0,0,1,0,0,0,0,1,1,6,6,2,30,6,1995,1,13,BMW 3 SERIES,-1,-1,0,-1
2024201400725,2024,201400725,1,9,0,-1,19,4,8,-1,0,0,0,0,0,0,1,1,-1,6,1,-1,-1,195,1,17,BMW 3 SERIES,-1,-1,0,-1
202417M104724,2024,17M104724,2,9,0,18,19,1,5,0,0,1,0,0,0,0,3,1,6,6,2,37,7,1995,2,11,BMW 3 SERIES,1,E01012018,0,1
2024461431700,2024,461431700,1,9,0,-1,14,-1,-1,-1,0,0,0,0,0,0,1,9,-1,6,1,-1,-1,1995,2,17,BMW 3 SERIES,3,E01016067,0,1
2024141426798,2024,141426798,1,9,0,-1,19,5,1,-1,0,0,0,0,6,0,3,1,-1,9,1,34,6,1995,2,19,BMW 3 SERIES,1,E01007643,0,1
2024546056124,2024,546056124,1,9,0,18,19,4,8,0,0,1,0,0,0,0,1,1,6,6,1,40,7,1995,2,12,BMW 3 SERIES,1,E01015542,0,1
2024522402047,2024,522402047,1,9,0,9,9,7,5,0,0,5,0,0,0,0,3,1,6,6,1,53,8,1796,1,21,BMW 3 SERIES,9,E01014752,0,2
2024122500481,2024,122500481,1,9,0,5,5,1,5,0,0,8,0,0,0,0,3,1,6,6,2,62,9,1995,1,18,BMW 3 SERIES,7,E01027742,0,4
2024101523019,2024,101523019,1,9,0,-1,19,3,7,-1,0,0,1,0,2,11,1,1,-1,6,-1,20,4,1995,1,15,BMW 3 SERIES,-1,-1,0,-1
2024010505521,2024,010505521,1,9,0,99,99,9,9,99,99,9,9,99,9,99,9,9,6,6,1,37,7,1995,2,8,BMW 3 SERIES,1,E01001442,0,2
2024101498771,2024,101498771,1,9,0,-1,19,3,7,-1,0,1,0,0,0,0,3,1,-1,6,1,52,8,1995,2,12,BMW 3 SERIES,3,E01008349,0,1
2024052402509,2024,052402509,4,9,0,3,3,2,6,0,0,0,0,0,0,0,2,1,6,6,1,28,6,2000,2,13,BMW 3 SERIES,1,E01006413,0,2
2024548054824,2024,548054824,2,9,0,4,4,2,6,0,0,1,0,0,0,0,2,1,6,6,1,38,7,1995,2,18,BMW 3 SERIES,1,E01015544,0,1
2024221475449,2024,221475449,2,9,0,-1,19,4,8,-1,0,0,0,0,0,0,2,1,-1,9,1,32,6,1995,2,9,BMW 3 SERIES,2,E01010001,0,4
2024161513268,2024,161513268,1,9,0,-1,19,3,7,-1,0,0,0,0,2,7,1,1,-1,9,1,25,5,1995,1,15,BMW 3 SERIES,1,E01012805,0,1
2024221476374,2024,221476374,3,9,0,-1,19,5,8,-1,0,0,0,0,0,0,1,1,-1,6,1,24,5,1995,2,5,BMW 3 SERIES,2,E01032453,0,3
2024421425989,2024,421425989,1,9,0,-1,19,5,1,-1,0,0,1,0,1,0,1,1,-1,6,1,49,8,1995,2,19,BMW 3 SERIES,-1,-1,0,-1
2024131458174,2024,131458174,1,9,0,-1,6,1,7,-1,0,8,0,0,0,0,3,1,-1,9,1,55,8,1995,2,14,BMW 3 SERIES,1,E01007719,0,4
2024111504986,2024,111504986,2,9,0,-1,4,3,7,-1,0,0,0,0,0,0,2,1,-1,9,2,30,6,1995,2,10,BMW 3 SERIES,5,E01020617,0,4
2024061494789,2024,061494789,2,9,0,-1,3,7,3,-1,0,1,0,0,0,0,2,1,-1,6,1,41,7,1995,2,8,BMW 3 SERIES,2,E01006262,0,1
2024141561510,2024,141561510,1,9,0,-1,5,2,6,-1,0,2,0,0,0,0,1,1,-1,6,1,63,9,2993,2,9,BMW 3 SERIES,2,E01007494,0,1
2024141398710,2024,141398710,1,9,0,-1,5,3,7,-1,0,4,0,0,0,0,1,1,-1,9,1,20,4,2993,2,9,BMW 3 SERIES,1,E01007902,0,1
2024201476983,2024,201476983,1,9,0,-1,19,5,1,-1,0,0,0,0,0,0,4,1,-1,6,1,33,6,1995,2,14,BMW 3 SERIES,2,E01010341,0,1
2024201461232,2024,201461232,1,9,0,-1,5,1,5,-1,0,0,0,0,0,0,2,1,-1,6,2,42,7,1998,1,9,BMW 3 SERIES,9,E01008990,0,2
2024320518879,2024,320518879,1,9,0,13,13,4,8,0,0,0,0,0,0,0,1,1,6,6,1,30,6,2993,2,16,BMW 3 SERIES,9,E01025733,0,4
2024010547899,2024,010547899,1,9,0,18,19,4,8,0,0,1,0,0,0,0,1,1,2,2,1,28,6,1995,2,9,BMW 3 SERIES,4,E01017837,0,4
2024010515139,2024,010515139,2,9,0,99,99,9,9,99,99,9,9,99,9,99,1,9,6,6,3,-1,-1,1995,1,18,BMW 3 SERIES,6,E01002563,0,3
2024052400418,2024,052400418,4,9,0,4,4,4,8,0,0,0,0,0,0,0,2,1,6,6,1,22,5,1995,2,11,BMW 3 SERIES,1,E01006745,0,2
2024501471400,2024,501471400,2,9,0,-1,2,0,0,-1,0,1,0,0,0,0,2,1,-1,6,2,40,7,1995,2,15,BMW 3 SERIES,8,E01034638,0,1
2024041474984,2024,041474984,2,9,0,-1,19,1,5,-1,0,0,0,0,0,0,2,1,-1,9,2,34,6,1995,2,11,BMW 3 SERIES,2,E01012658,0,4
2024010526805,2024,010526805,3,9,0,2,2,0,0,0,0,0,0,0,0,0,1,1,6,6,3,-1,-1,1995,2,7,BMW 3 SERIES,-1,-1,0,-1
2024201476362,2024,201476362,1,9,0,-1,10,6,2,-1,0,1,0,0,0,0,1,9,-1,6,1,-1,-1,1995,2,18,BMW 3 SERIES,-1,-1,0,-1
2024221412334,2024,221412334,2,9,0,-1,3,2,6,-1,0,3,0,0,0,0,2,9,-1,6,1,27,6,2993,2,5,BMW 3 SERIES,6,E01035066,0,1
2024010512312,2024,010512312,2,9,0,7,7,3,5,0,0,1,2,0,0,0,1,1,6,6,1,32,6,1998,8,5,BMW 3 SERIES,-1,-1,0,-1
2024010524446,2024,010524446,1,9,0,99,99,9,9,99,99,9,9,99,9,99,9,9,1,1,2,27,6,1998,8,2,BMW 3 SERIES,3,E01003293,0,3
2024522401737,2024,522401737,1,9,0,18,19,8,4,0,0,1,0,7,0,0,3,1,6,6,2,25,5,1998,1,5,BMW 3 SERIES,8,E01014938,0,2
2024622400241,2024,622400241,2,9,0,4,4,3,7,0,0,8,0,0,0,0,2,1,6,6,1,37,7,1995,2,17,BMW 3 SERIES,1,W01001209,0,2
2024440511206,2024,440511206,1,9,0,18,19,2,6,0,0,0,0,0,1,4,1,1,6,6,2,38,7,1995,2,8,BMW 3 SERIES,10,E01023173,0,2
202454E647524,2024,54E647524,1,9,0,18,19,8,4,0,0,0,0,0,0,0,1,1,2,2,1,44,7,1995,2,21,BMW 3 SERIES,7,E01034807,0,4
2024131486021,2024,131486021,2,9,0,-1,4,1,5,-1,0,0,0,0,0,0,2,1,-1,9,1,56,9,1995,2,17,BMW 3 SERIES,6,E01035049,0,3
2024010516124,2024,010516124,3,9,0,2,2,0,0,0,0,2,0,0,0,0,2,1,6,6,3,-1,-1,1998,8,0,BMW 3 SERIES,-1,-1,0,-1
2024122500331,2024,122500331,2,9,0,18,19,7,3,0,0,1,0,0,0,0,1,1,6,6,1,63,9,1998,8,4,BMW 3 SERIES,10,E01011562,0,4
2024411396248,2024,411396248,1,9,0,-1,7,5,7,-1,0,0,0,0,0,0,1,9,-1,6,3,-1,-1,2993,2,7,BMW 3 SERIES,-1,-1,0,-1
2024501529450,2024,501529450,2,9,0,-1,4,7,3,-1,0,0,0,0,0,0,2,1,-1,2,1,53,8,1995,2,16,BMW 3 SERIES,5,E01020002,0,2
2024201431400,2024,201431400,2,9,0,-1,19,4,8,-1,0,1,0,0,0,0,2,1,-1,9,1,39,7,1995,2,14,BMW 3 SERIES,8,E01010520,0,3
2024471473925,2024,471473925,3,9,0,-1,2,0,0,-1,0,0,0,0,0,0,2,1,-1,6,-1,-1,-1,1995,2,19,BMW 3 SERIES,-1,-1,0,-1