collision_index,collision_year,collision_ref_no,vehicle_reference,vehicle_type,towing_and_articulation,vehicle_manoeuvre_historic,vehicle_manoeuvre,vehicle_direction_from,vehicle_direction_to,vehicle_location_restricted_lane_historic,vehicle_location_restricted_lane,junction_location,skidding_and_overturning,hit_object_in_carriageway,vehicle_leaving_carriageway,hit_object_off_carriageway,first_point_of_impact,vehicle_left_hand_drive,journey_purpose_of_driver_historic,journey_purpose_of_driver,sex_of_driver,age_of_driver,age_band_of_driver,engine_capacity_cc,propulsion_code,age_of_vehicle,generic_make_model,driver_imd_decile,lsoa_of_driver,escooter_flag,driver_distance_banding
2024622400261,2024,622400261,2,9,0,18,19,4,8,0,0,8,0,0,0,0,1,1,6,6,1,22,5,1998,1,0,BMW 3 SERIES,10,W01001793,0,2
2024131502606,2024,131502606,1,9,0,-1,-1,-1,-1,-1,-1,-1,-1,-1,-1,-1,-1,1,-1,6,3,-1,-1,2993,2,16,BMW 3 SERIES,-1,-1,0,-1
2024311425609,2024,311425609,1,9,0,-1,19,1,5,-1,0,4,1,0,3,0,1,1,-1,6,1,36,7,1998,8,5,BMW 3 SERIES,7,E01035195,0,5
2024010510018,2024,010510018,1,9,0,3,3,3,7,0,0,2,0,0,0,0,2,1,6,6,1,30,6,1998,8,6,BMW 3 SERIES,-1,-1,0,-1
2024010531722,2024,010531722,1,9,0,99,99,9,9,99,99,9,9,99,9,99,1,9,6,6,3,-1,-1,1995,1,18,BMW 3 SERIES,-1,-1,0,-1
2024991411565,2024,991411565,1,9,0,-1,19,6,1,-1,0,0,0,0,0,0,1,1,-1,6,1,43,7,1995,2,12,BMW 3 SERIES,6,-1,0,4
2024010529210,2024,010529210,1,9,0,18,19,7,3,0,0,8,0,0,0,0,4,1,6,6,1,26,6,1995,1,14,BMW 3 SERIES,1,E01000596,0,1
2024401422042,2024,401422042,1,9,0,-1,7,4,2,-1,0,8,0,0,0,0,1,1,-1,6,1,30,6,1499,1,9,BMW 3 SERIES,6,E01035579,0,4
2024201461138,2024,201461138,3,8,0,-1,2,0,0,-1,0,0,0,0,0,0,2,1,-1,6,-1,-1,-1,1995,2,10,BMW 3 SERIES,-1,-1,0,-1
2024141520558,2024,141520558,1,9,0,-1,5,5,1,-1,0,0,0,0,0,0,1,1,-1,9,1,25,5,1998,1,0,BMW 3 SERIES,1,E01007370,0,3
2024991534390,2024,991534390,1,9,0,-1,9,7,5,-1,0,5,0,0,0,0,4,1,-1,9,2,37,7,1995,2,8,BMW 3 SERIES,-1,-1,0,-1
2024351521565,2024,351521565,3,9,0,-1,3,6,2,-1,0,1,0,0,0,0,1,1,-1,2,2,48,8,1995,2,14,BMW 3 SERIES,9,E01035592,0,4
2024440211802,2024,440211802,2,9,0,18,19,2,6,0,0,8,0,0,0,0,1,1,6,6,1,31,6,1998,1,5,BMW 3 SERIES,7,E01023225,0,1
2024010549750,2024,010549750,2,9,9,99,99,9,9,99,99,1,9,99,9,99,9,9,6,6,1,47,8,2996,1,18,BMW 3 SERIES,6,E01017827,0,4
2024052400512,2024,052400512,1,9,0,18,19,1,5,0,0,8,1,4,1,4,1,1,6,6,1,29,6,1995,2,15,BMW 3 SERIES,6,E01034674,0,4
2024131475824,2024,131475824,1,9,-1,-1,19,5,1,-1,0,0,0,0,0,0,2,1,-1,6,3,-1,-1,1995,2,9,BMW 3 SERIES,-1,-1,0,-1
2024332400161,2024,332400161,1,9,0,-1,19,1,5,-1,0,1,0,0,0,0,1,1,-1,6,1,58,9,1995,2,11,BMW 3 SERIES,6,E01025995,0,1
2024991452163,2024,991452163,2,9,0,-1,4,7,3,-1,0,0,0,0,0,0,2,1,-1,9,2,57,9,1997,1,11,BMW 3 SERIES,8,-1,0,1
2024531506007,2024,531506007,1,9,0,-1,5,5,1,-1,0,6,0,0,0,0,1,1,-1,7,2,41,7,1998,8,2,BMW 3 SERIES,2,E01022328,0,1
2024010533362,2024,010533362,2,9,0,4,4,7,3,0,0,1,0,0,0,0,3,1,6,6,1,31,6,1995,2,13,BMW 3 SERIES,2,E01015896,0,4
2024430264189,2024,430264189,2,9,0,18,19,5,1,0,0,6,0,0,0,0,3,1,6,6,2,-1,-1,1995,2,10,BMW 3 SERIES,-1,-1,0,-1
2024430482563,2024,430482563,1,9,0,5,5,2,6,0,0,0,0,0,0,0,3,1,6,6,1,30,6,2993,2,18,BMW 3 SERIES,-1,-1,0,-1
2024631455258,2024,631455258,1,9,0,-1,19,5,8,-1,0,0,1,0,7,4,1,1,-1,2,1,31,6,1995,2,6,BMW 3 SERIES,6,W01000519,0,1
2024320022470,2024,320022470,1,9,0,-1,-1,4,8,0,0,0,0,0,0,0,1,1,6,6,1,28,6,1998,8,6,BMW 3 SERIES,5,E01030484,0,5
2024201444148,2024,201444148,2,9,0,-1,19,7,6,-1,0,1,0,0,0,0,3,1,-1,6,1,27,6,1995,2,14,BMW 3 SERIES,3,E01009164,0,1
2024052401895,2024,052401895,2,9,0,18,19,7,4,0,0,8,5,0,8,10,3,1,6,6,1,28,6,1995,2,18,BMW 3 SERIES,3,E01007058,0,2
2024351402087,2024,351402087,1,9,0,-1,13,1,5,-1,0,0,1,0,1,0,1,1,-1,2,1,21,5,2494,1,23,BMW 3 SERIES,3,E01015619,0,1
2024610036624,2024,610036624,2,9,0,17,19,1,7,0,0,8,0,0,0,0,3,1,6,6,1,29,6,1995,2,12,BMW 3 SERIES,1,W01001621,0,1
2024231398809,2024,231398809,2,9,0,-1,5,5,1,-1,0,1,0,0,0,0,1,1,-1,9,1,52,8,1995,2,7,BMW 3 SERIES,8,E01031019,0,1
2024161507550,2024,161507550,1,9,0,-1,19,7,3,-1,0,0,0,4,0,0,1,9,-1,6,1,30,6,1995,2,15,BMW 3 SERIES,4,E01012929,0,1
2024631420023,2024,631420023,2,9,0,-1,7,1,4,-1,0,3,0,0,0,0,4,1,-1,2,1,62,9,1995,2,11,BMW 3 SERIES,8,W01000622,0,2
2024401492929,2024,401492929,2,9,0,-1,19,4,8,-1,0,1,0,0,0,0,1,1,-1,6,1,37,7,1998,1,4,BMW 3 SERIES,5,E01023400,0,3
2024052402638,2024,052402638,1,9,0,18,19,7,3,0,0,0,5,0,1,4,1,1,2,2,1,19,4,2993,2,15,BMW 3 SERIES,1,E01006737,0,1
2024361479971,2024,361479971,1,9,0,-1,19,5,3,-1,0,3,0,0,0,0,4,1,-1,9,1,18,4,2996,1,16,BMW 3 SERIES,7,E01026903,0,3
2024631469038,2024,631469038,3,9,0,-1,19,6,2,-1,0,1,0,0,0,0,0,1,-1,1,1,37,7,2993,12,3,BMW 3 SERIES,8,W01000699,0,1
2024371425465,2024,371425465,2,9,0,-1,5,2,8,-1,0,1,0,0,0,0,3,9,-1,6,1,78,11,1995,2,15,BMW 3 SERIES,4,E01029888,0,1
2024010536713,2024,010536713,1,9,0,11,11,3,7,0,0,0,0,0,0,0,4,1,6,6,1,35,6,1995,1,14,BMW 3 SERIES,3,E01021266,0,4
2024131407439,2024,131407439,6,9,0,-1,19,5,1,-1,0,0,1,0,0,0,1,1,-1,1,1,32,6,2993,2,5,BMW 3 SERIES,6,E01011885,0,2
2024520401659,2024,520401659,1,9,0,18,19,8,4,0,0,0,1,0,0,0,3,1,6,6,1,28,6,2993,2,18,BMW 3 SERIES,3,E01029341,0,3
2024451426044,2024,451426044,1,9,0,-1,19,5,1,-1,0,0,0,0,0,0,1,1,-1,9,2,31,6,2000,2,15,BMW 3 SERIES,6,E01030833,0,1
2024430233966,2024,430233966,2,9,0,15,15,3,7,0,0,0,0,0,0,0,3,1,6,6,3,-1,-1,1995,1,18,BMW 3 SERIES,-1,-1,0,-1
2024010512042,2024,010512042,1,9,0,9,9,5,3,5,5,8,0,0,0,0,4,1,6,6,3,-1,-1,1998,8,7,BMW 3 SERIES,-1,-1,0,-1
2024010510009,2024,010510009,1,9,0,18,19,1,5,0,0,2,0,0,0,0,4,1,6,6,1,89,11,1995,1,16,BMW 3 SERIES,4,E01035717,0,1
2024332401040,2024,332401040,1,9,0,-1,3,4,8,-1,0,0,1,0,0,0,2,1,-1,6,2,31,6,1995,2,12,BMW 3 SERIES,9,E01025971,0,1
2024471457718,2024,471457718,2,9,0,-1,5,5,1,-1,0,0,0,0,0,0,1,1,-1,6,1,38,7,1995,2,13,BMW 3 SERIES,3,E01031483,0,2
2024351536186,2024,351536186,2,9,0,-1,19,1,5,-1,0,0,0,0,0,0,1,1,-1,1,1,47,8,1995,2,8,BMW 3 SERIES,9,E01018278,0,1
2024131508674,2024,131508674,1,9,0,-1,-1,-1,-1,-1,-1,0,-1,-1,-1,0,-1,1,-1,6,3,-1,-1,1995,2,16,BMW 3 SERIES,-1,-1,0,-1
2024401538205,2024,401538205,1,9,0,-1,-1,-1,-1,-1,-1,0,-1,-1,-1,0,-1,9,-1,9,1,34,6,1995,2,12,BMW 3 SERIES,6,E01017507,0,3
2024131512876,2024,131512876,2,9,0,-1,19,6,2,-1,0,0,0,0,0,0,0,1,-1,1,1,40,7,2993,2,5,BMW 3 SERIES,6,E01011885,0,2
2024501426068,2024,501426068,2,9,0,-1,19,3,7,-1,0,0,0,0,0,0,3,1,-1,2,1,61,9,2993,2,10,BMW 3 SERIES,9,E01019964,0,4
2024010538602,2024,010538602,1,9,0,99,99,9,9,99,99,9,9,99,9,99,9,9,6,6,2,29,6,1995,2,10,BMW 3 SERIES,4,E01003091,0,1
2024461463331,2024,461463331,3,9,0,-1,19,2,6,-1,0,1,1,0,0,0,1,1,-1,6,1,34,6,1995,2,17,BMW 3 SERIES,6,E01023988,0,2
2024041502590,2024,041502590,2,9,0,-1,4,1,5,-1,0,0,0,0,0,0,2,1,-1,2,1,39,7,1995,2,7,BMW 3 SERIES,9,E01025461,0,1
2024070122408,2024,070122408,1,9,0,9,9,1,5,0,0,6,0,0,0,0,0,1,6,6,2,51,8,1998,1,3,BMW 3 SERIES,1,E01018522,0,1
2024471503421,2024,471503421,2,9,0,-1,19,7,3,-1,0,8,0,0,0,0,4,1,-1,2,1,23,5,1998,8,5,BMW 3 SERIES,6,E01023002,0,4
2024131524942,2024,131524942,1,9,0,-1,1,7,3,-1,0,8,0,0,0,0,2,1,-1,9,1,30,6,1995,2,12,BMW 3 SERIES,4,E01011206,0,1
2024351539701,2024,351539701,3,9,0,-1,3,3,7,-1,0,0,0,0,0,0,2,1,-1,6,1,47,8,1998,8,1,BMW 3 SERIES,5,E01015675,0,3
2024031408237,2024,031408237,1,9,0,-1,19,6,5,-1,0,0,0,0,0,0,1,9,-1,6,1,25,5,1995,2,18,BMW 3 SERIES,-1,-1,0,-1
2024010499233,2024,010499233,2,9,0,18,19,5,1,0,0,2,0,0,0,0,0,1,6,6,1,44,7,1998,8,4,BMW 3 SERIES,2,E01035694,0,3
2024131418148,2024,131418148,1,9,0,-1,9,1,1,-1,0,0,0,0,0,0,4,1,-1,2,1,35,6,1998,8,1,BMW 3 SERIES,8,E01011350,0,1
2024010539562,2024,010539562,2,8,0,9,9,1,8,0,0,8,0,0,0,0,0,1,6,6,1,50,8,1998,8,4,BMW 3 SERIES,6,E01001040,0,1
2024141547801,2024,141547801,2,9,0,-1,19,3,7,-1,0,1,0,0,0,0,1,9,-1,6,3,-1,-1,1995,2,8,BMW 3 SERIES,-1,-1,0,-1
2024440323582,2024,440323582,2,9,0,18,19,4,8,0,0,0,0,0,0,0,1,1,1,1,1,42,7,1998,1,0,BMW 3 SERIES,9,E01030886,0,1
2024471440944,2024,471440944,1,9,0,-1,12,5,1,-1,0,0,0,0,0,0,1,9,-1,6,3,-1,-1,2926,2,23,BMW 3 SERIES,-1,-1,0,-1
2024451419785,2024,451419785,1,9,0,-1,19,2,8,-1,0,0,0,0,0,0,2,1,-1,7,1,43,7,1998,8,2,BMW 3 SERIES,8,E01035236,0,2
2024991434681,2024,991434681,3,9,0,-1,3,1,5,-1,0,0,0,0,0,0,2,1,-1,2,1,32,6,1499,1,6,BMW 3 SERIES,3,-1,0,1
2024340WN7092,2024,340WN7092,1,9,0,-1,19,5,1,-1,0,0,0,0,0,0,1,1,-1,6,1,53,8,1995,2,9,BMW 3 SERIES,2,E01027151,0,1
2024461415421,2024,461415421,2,9,0,-1,9,3,7,-1,0,0,1,0,0,0,1,9,-1,6,2,32,6,1995,2,16,BMW 3 SERIES,3,E01024248,0,1
2024041416207,2024,041416207,1,9,0,-1,9,3,7,-1,0,1,0,0,0,0,1,1,-1,2,1,27,6,2000,2,13,BMW 3 SERIES,3,E01012585,0,1
2024010506026,2024,010506026,2,9,5,2,2,0,0,0,0,0,0,0,0,0,2,2,6,6,3,-1,-1,1995,2,8,BMW 3 SERIES,-1,-1,0,-1
2024131486903,2024,131486903,1,9,0,-1,19,5,1,-1,0,1,0,0,1,11,3,1,-1,1,1,59,9,1995,2,13,BMW 3 SERIES,1,E01010731,0,2
2024211454106,2024,211454106,1,9,0,-1,19,1,6,-1,0,0,2,0,1,0,0,1,-1,9,1,19,4,2793,1,27,BMW 3 SERIES,3,E01009864,0,2
2024101432456,2024,101432456,2,9,0,-1,19,3,7,-1,0,8,0,0,0,0,3,1,-1,9,1,63,9,1995,2,11,BMW 3 SERIES,3,E01032484,0,1
2024501498985,2024,501498985,1,9,0,-1,19,2,6,-1,0,0,2,0,5,0,2,1,-1,6,1,19,4,1995,2,18,BMW 3 SERIES,5,E01018940,0,3
2024221498641,2024,221498641,1,9,0,-1,19,5,2,-1,0,0,2,0,7,11,1,1,-1,6,1,44,7,1995,2,16,BMW 3 SERIES,4,E01014161,0,2
2024211424683,2024,211424683,1,9,0,-1,19,6,2,-1,0,0,0,0,0,0,1,1,-1,2,1,29,6,1995,2,4,BMW 3 SERIES,1,E01009125,0,4
2024061423415,2024,061423415,2,9,0,-1,19,7,3,-1,0,1,0,0,0,0,1,1,-1,9,1,24,5,1995,1,16,BMW 3 SERIES,1,E01005967,0,1
2024010521723,2024,010521723,4,9,0,2,2,0,0,0,0,2,0,0,0,0,2,1,6,6,3,-1,-1,1998,8,7,BMW 3 SERIES,-1,-1,0,-1
2024471423783,2024,471423783,1,9,0,-1,19,7,3,-1,0,0,0,0,7,1,1,2,-1,9,1,62,9,1997,1,11,BMW 3 SERIES,4,E01021138,0,1
2024421440455,2024,421440455,3,9,0,-1,2,0,0,-1,0,0,0,4,0,0,1,1,-1,6,-1,-1,-1,1995,1,17,BMW 3 SERIES,-1,-1,0,-1
2024131439165,2024,131439165,1,9,0,-1,7,3,7,-1,0,3,0,0,1,0,4,1,-1,6,1,48,8,1995,2,12,BMW 3 SERIES,1,E01010609,0,1
2024010515149,2024,010515149,1,9,0,9,9,3,8,0,0,1,0,0,0,0,1,1,6,6,1,21,5,1995,1,17,BMW 3 SERIES,3,E01003015,0,2
2024211522315,2024,211522315,1,9,-1,-1,9,1,5,-1,-1,5,0,0,0,0,-1,1,-1,6,3,-1,-1,2993,2,15,BMW 3 SERIES,-1,-1,0,-1
2024471421241,2024,471421241,1,9,0,-1,11,1,5,-1,0,0,1,0,1,11,1,1,-1,1,1,56,9,1995,1,13,BMW 3 SERIES,8,E01021225,0,3
2024631433623,2024,631433623,3,9,0,-1,4,6,2,-1,0,1,0,0,0,0,2,1,-1,7,2,40,7,1995,2,12,BMW 3 SERIES,7,W01000429,0,3
2024631476933,2024,631476933,2,9,0,-1,19,4,8,-1,0,0,0,0,0,0,1,1,-1,6,2,37,7,1995,2,19,BMW 3 SERIES,4,W01000706,0,1
2024461523768,2024,461523768,1,9,0,-1,19,5,1,-1,0,0,1,0,0,0,1,1,-1,9,1,18,4,1995,1,15,BMW 3 SERIES,-1,-1,0,-1
2024141426928,2024,141426928,1,9,0,-1,19,6,2,-1,0,8,0,0,0,0,1,1,-1,6,2,41,7,1995,2,8,BMW 3 SERIES,1,E01007532,0,1
2024010519289,2024,010519289,1,9,0,5,5,5,1,0,0,8,0,0,0,0,0,1,6,6,1,29,6,1997,1,12,BMW 3 SERIES,2,E01000470,0,1
2024421512450,2024,421512450,1,9,0,-1,19,4,8,-1,0,0,0,0,1,0,1,1,-1,6,1,47,8,2993,2,13,BMW 3 SERIES,9,E01029883,0,3
2024052400600,2024,052400600,2,9,0,4,4,3,7,0,0,0,0,0,0,0,2,1,1,1,1,45,7,2993,2,5,BMW 3 SERIES,-1,-1,0,-1
2024161529483,2024,161529483,1,9,0,-1,19,2,6,-1,0,1,0,0,0,0,3,2,-1,6,1,36,7,1995,2,14,BMW 3 SERIES,4,E01013320,0,1
2024201503303,2024,201503303,1,9,0,-1,9,7,5,-1,0,5,0,0,0,0,3,9,-1,9,1,34,6,1499,1,7,BMW 3 SERIES,3,E01009294,0,2
2024302400355,2024,302400355,2,9,0,18,19,7,3,0,0,8,0,0,0,0,1,1,6,6,1,30,6,1995,2,16,BMW 3 SERIES,5,E01013500,0,1
2024991493154,2024,991493154,1,9,0,-1,19,8,4,-1,0,0,0,0,6,0,1,1,-1,9,1,47,8,1998,1,0,BMW 3 SERIES,1,-1,0,4
2024122400452,2024,122400452,1,9,0,18,19,5,1,0,0,1,0,0,0,0,1,1,2,2,2,43,7,1995,2,10,BMW 3 SERIES,9,E01013397,0,3
2024010535982,2024,010535982,1,9,0,3,3,3,7,0,0,1,0,0,0,0,1,1,6,6,1,23,5,1998,1,5,BMW 3 SERIES,3,E01000510,0,1
2024622400529,2024,622400529,2,9,0,18,19,4,7,0,0,8,0,0,0,0,3,1,1,1,1,-1,-1,2993,2,4,BMW 3 SERIES,-1,-1,0,-1
2024351437871,2024,351437871,3,9,0,-1,4,1,5,-1,0,0,0,0,0,0,2,1,-1,6,2,56,9,1995,-1,3,BMW 3 SERIES,7,E01018255,0,2
2024010524952,2024,010524952,1,9,0,18,19,5,1,9,9,2,0,11,1,2,1,1,6,6,1,35,6,1995,1,16,BMW 3 SERIES,8,E01000233,0,4
2024543659624,2024,543659624,2,9,0,4,4,7,3,0,0,1,0,0,0,0,2,1,6,6,1,39,7,2996,1,17,BMW 3 SERIES,9,E01015485,0,1
2024501490688,2024,501490688,1,9,0,-1,4,1,5,-1,0,2,0,0,0,0,4,1,-1,9,1,81,11,1998,1,5,BMW 3 SERIES,7,E01032628,0,1
2024991512122,2024,991512122,1,9,0,-1,1,5,1,-1,0,0,0,0,0,0,2,1,-1,2,1,30,6,2996,1,16,BMW 3 SERIES,1,-1,0,1
2024141430946,2024,141430946,1,9,0,-1,19,1,6,-1,0,0,0,0,0,0,1,1,-1,6,1,64,9,1995,2,15,BMW 3 SERIES,3,E01007449,0,1
2024041523003,2024,041523003,1,9,0,-1,19,3,7,-1,0,0,0,0,1,0,3,1,-1,2,1,42,7,1995,2,9,BMW 3 SERIES,3,E01025050,0,2
2024371510782,2024,371510782,1,9,0,-1,19,1,5,-1,0,0,5,0,0,0,1,1,-1,6,1,27,6,1995,2,19,BMW 3 SERIES,6,E01029876,0,2
2024371547336,2024,371547336,1,9,0,-1,13,1,5,-1,0,0,0,0,1,10,1,1,-1,6,1,24,5,1995,1,16,BMW 3 SERIES,5,E01001396,0,5
2024631491185,2024,631491185,2,9,0,-1,19,2,6,-1,0,0,0,0,1,10,3,1,-1,9,2,34,6,2993,2,16,BMW 3 SERIES,8,W01000457,0,1
2024461432626,2024,461432626,2,9,0,-1,2,0,0,-1,0,0,0,0,0,0,3,2,-1,6,-1,-1,-1,1995,2,9,BMW 3 SERIES,-1,-1,0,-1
2024131400368,2024,131400368,1,9,0,-1,4,1,5,-1,0,0,0,0,0,0,0,1,-1,6,1,29,6,1995,2,11,BMW 3 SERIES,9,E01012996,0,4
2024221443597,2024,221443597,2,9,0,-1,19,6,2,-1,0,1,0,0,0,0,1,9,-1,6,1,42,7,1995,2,9,BMW 3 SERIES,7,E01028915,0,1
2024991443182,2024,991443182,1,9,0,-1,19,2,6,-1,0,1,0,4,0,0,1,9,-1,6,2,20,4,1995,2,12,BMW 3 SERIES,1,-1,0,1
2024451501695,2024,451501695,3,9,0,-1,3,7,3,-1,0,1,0,0,0,0,3,1,-1,2,2,26,6,1995,2,11,BMW 3 SERIES,9,E01031588,0,1
2024141511358,2024,141511358,1,9,0,-1,19,4,8,-1,0,1,0,0,0,0,1,1,-1,9,1,23,5,2993,2,10,BMW 3 SERIES,2,E01007437,0,1
2024031396552,2024,031396552,1,9,0,-1,19,1,6,-1,0,1,0,0,0,0,1,1,-1,2,2,25,5,2993,2,8,BMW 3 SERIES,8,E01019378,0,2
2024010539936,2024,010539936,1,9,0,9,9,5,2,0,0,2,0,0,0,0,1,1,6,6,1,30,6,2497,1,18,BMW 3 SERIES,4,E01033082,0,1
2024440493626,2024,440493626,1,9,0,18,19,2,6,0,0,2,0,0,0,0,1,1,2,2,1,46,8,1998,8,1,BMW 3 SERIES,5,E01015377,0,4
2024440028067,2024,440028067,2,9,0,18,19,1,3,0,0,2,0,0,0,0,1,1,6,6,1,-1,-1,1995,2,8,BMW 3 SERIES,2,E01017253,0,1
2024031513284,2024,031513284,1,9,0,-1,19,6,1,-1,0,0,2,0,7,11,1,1,-1,2,1,45,7,2993,2,15,BMW 3 SERIES,7,E01019133,0,3
2024010487303,2024,010487303,4,9,0,2,2,0,0,0,0,2,0,4,7,0,1,1,6,6,3,-1,-1,1995,2,9,BMW 3 SERIES,-1,-1,0,-1
2024010550584,2024,010550584,1,9,0,18,19,3,7,0,0,8,0,0,0,0,1,1,6,6,1,35,6,1995,2,6,BMW 3 SERIES,4,E01003776,0,2
2024010525229,2024,010525229,1,9,0,18,19,5,1,0,0,2,0,0,0,0,1,1,6,6,1,39,7,1998,1,8,BMW 3 SERIES,9,E01004281,0,1
2024201497933,2024,201497933,2,9,0,-1,19,5,1,-1,0,0,0,0,0,0,0,1,-1,1,2,29,6,2993,12,3,BMW 3 SERIES,-1,-1,0,-1
2024361531397,2024,361531397,2,9,0,-1,19,3,7,-1,0,8,0,0,0,0,1,1,-1,2,1,52,8,1998,8,0,BMW 3 SERIES,6,E01026580,0,1
2024010511707,2024,010511707,2,9,0,18,19,1,5,0,0,1,0,0,0,0,1,1,6,6,1,47,8,1998,8,7,BMW 3 SERIES,5,E01023681,0,4
2024010512078,2024,010512078,1,9,0,3,3,5,1,0,0,1,0,0,0,0,1,1,6,6,1,31,6,1995,2,8,BMW 3 SERIES,5,E01033727,0,1
2024101478223,2024,101478223,2,9,0,-1,19,8,4,-1,0,6,0,0,0,0,2,1,-1,9,1,46,8,1995,2,14,BMW 3 SERIES,-1,-1,0,-1
2024201488776,2024,201488776,1,9,0,-1,9,7,5,-1,0,6,0,0,0,0,1,1,-1,6,2,32,6,2000,2,14,BMW 3 SERIES,10,E01010181,0,2
2024031445203,2024,031445203,1,9,0,-1,9,7,1,-1,0,8,0,0,0,0,4,1,-1,9,1,72,10,1998,1,0,BMW 3 SERIES,-1,-1,0,-1
2024461407385,2024,461407385,2,9,0,-1,5,3,7,-1,0,1,0,0,0,0,2,1,-1,9,1,54,8,2494,1,26,BMW 3 SERIES,8,E01024652,0,1
2024010511432,2024,010511432,2,9,0,2,2,0,0,0,0,1,0,0,0,0,3,1,6,6,3,-1,-1,2497,1,18,BMW 3 SERIES,-1,-1,0,-1
2024622400222,2024,622400222,2,9,0,16,19,4,8,0,0,0,0,0,0,0,1,1,1,1,1,-1,-1,2993,2,4,BMW 3 SERIES,9,W01001820,0,1
2024061419120,2024,061419120,3,9,0,-1,19,5,5,-1,0,0,0,0,0,0,1,1,-1,6,1,53,8,1995,2,9,BMW 3 SERIES,1,E01004850,0,1
2024061406147,2024,061406147,1,9,0,-1,7,4,8,-1,9,8,0,0,0,0,1,1,-1,6,1,44,7,1995,2,12,BMW 3 SERIES,-1,-1,0,-1
2024131534297,2024,131534297,3,9,0,-1,2,0,0,-1,0,0,0,0,0,0,3,1,-1,6,-1,-1,-1,1995,2,5,BMW 3 SERIES,-1,-1,0,-1
2024161464430,2024,161464430,2,9,0,-1,6,3,7,-1,0,1,9,0,0,0,3,1,-1,6,1,24,5,2494,1,24,BMW 3 SERIES,4,E01012980,0,4
2024231509903,2024,231509903,3,9,0,-1,19,6,2,-1,0,1,0,0,0,0,1,1,-1,2,1,58,9,1995,2,11,BMW 3 SERIES,8,E01031205,0,3
2024451435284,2024,451435284,1,9,0,-1,1,0,7,-1,0,0,0,0,0,0,2,1,-1,6,1,71,10,2993,2,12,BMW 3 SERIES,10,E01030878,0,1
2024610036124,2024,610036124,1,9,0,16,19,2,5,0,0,3,1,10,1,2,1,1,6,6,1,29,6,2993,2,7,BMW 3 SERIES,8,W01001537,0,1
2024131460137,2024,131460137,3,9,0,-1,19,7,3,-1,0,0,2,0,0,0,4,1,-1,6,-1,-1,-1,1995,2,12,BMW 3 SERIES,-1,-1,0,-1
2024221473658,2024,221473658,3,9,0,-1,19,3,8,-1,0,8,0,0,0,0,1,1,-1,6,1,35,6,1998,8,2,BMW 3 SERIES,4,E01009825,0,2
2024010549048,2024,010549048,1,9,0,4,4,5,1,0,0,1,0,0,0,0,3,1,6,6,3,-1,-1,1998,1,5,BMW 3 SERIES,-1,-1,0,-1
2024440018571,2024,440018571,1,9,0,18,19,2,6,0,0,0,1,0,1,4,1,1,6,6,1,74,10,2993,2,16,BMW 3 SERIES,9,E01015406,0,4
2024161516976,2024,161516976,1,9,0,-1,19,8,4,-1,0,1,0,0,0,0,1,1,-1,6,1,38,7,1995,2,18,BMW 3 SERIES,1,E01013196,0,1
2024010498593,2024,010498593,1,9,0,99,99,9,9,99,99,9,9,99,9,99,2,9,2,2,2,39,7,1995,1,13,BMW 3 SERIES,3,E01004400,0,1
2024451512251,2024,451512251,1,9,0,-1,12,1,5,-1,0,1,0,0,0,0,4,1,-1,1,1,44,7,2993,2,11,BMW 3 SERIES,8,E01035358,0,1
2024501486263,2024,501486263,2,9,0,-1,19,8,4,-1,0,0,0,0,0,0,3,1,-1,6,1,48,8,1995,2,10,BMW 3 SERIES,-1,-1,0,-1
202417S111224,2024,17S111224,1,9,0,-1,19,7,3,-1,0,0,0,0,0,0,3,1,-1,9,1,46,8,1998,8,1,BMW 3 SERIES,10,E01012303,0,2
2024501507850,2024,501507850,1,9,0,-1,7,2,4,-1,0,6,0,0,0,0,4,1,-1,2,1,46,8,1998,8,7,BMW 3 SERIES,9,E01020023,0,1
2024440342391,2024,440342391,1,9,0,5,5,2,6,0,0,0,0,0,0,0,1,1,6,6,1,58,9,1998,8,0,BMW 3 SERIES,6,E01034062,0,1
2024201408721,2024,201408721,1,9,0,-1,7,6,1,-1,2,0,1,10,1,7,1,1,-1,9,1,23,5,1998,1,6,BMW 3 SERIES,3,E01010444,0,2
2024201416102,2024,201416102,1,9,0,-1,19,3,7,-1,0,2,0,0,0,0,4,1,-1,6,1,-1,-1,2993,2,8,BMW 3 SERIES,-1,-1,0,-1
2024361448364,2024,361448364,1,9,0,-1,-1,-1,-1,-1,-1,-1,-1,-1,-1,0,-1,9,-1,6,2,35,6,1997,1,11,BMW 3 SERIES,4,E01026864,0,1
2024010527521,2024,010527521,1,9,0,18,19,1,5,0,0,0,0,0,0,0,0,1,6,6,1,41,7,2993,2,13,BMW 3 SERIES,8,E01033088,0,4
2024010547729,2024,010547729,2,9,0,99,99,9,9,99,99,9,9,99,9,99,9,9,6,6,3,-1,-1,1499,1,7,BMW 3 SERIES,-1,-1,0,-1
2024041426907,2024,041426907,1,9,0,-1,19,6,2,-1,0,0,0,0,0,0,1,9,-1,6,1,20,4,2000,2,12,BMW 3 SERIES,6,E01025121,0,1
2024522402479,2024,522402479,2,9,0,18,19,1,5,0,0,8,0,0,0,0,1,1,6,6,1,45,7,1995,2,6,BMW 3 SERIES,9,E01022381,0,2
202417H101524,2024,17H101524,1,9,0,18,19,8,4,0,0,0,1,0,1,4,1,1,6,6,1,38,7,1995,2,6,BMW 3 SERIES,-1,-1,0,-1