collision_index,collision_year,collision_ref_no,vehicle_reference,vehicle_type,towing_and_articulation,vehicle_manoeuvre_historic,vehicle_manoeuvre,vehicle_direction_from,vehicle_direction_to,vehicle_location_restricted_lane_historic,vehicle_location_restricted_lane,junction_location,skidding_and_overturning,hit_object_in_carriageway,vehicle_leaving_carriageway,hit_object_off_carriageway,first_point_of_impact,vehicle_left_hand_drive,journey_purpose_of_driver_historic,journey_purpose_of_driver,sex_of_driver,age_of_driver,age_band_of_driver,engine_capacity_cc,propulsion_code,age_of_vehicle,generic_make_model,driver_imd_decile,lsoa_of_driver,escooter_flag,driver_distance_banding
2024522403244,2024,522403244,2,9,0,18,19,6,2,0,0,1,0,0,0,0,1,1,6,6,3,-1,-1,1995,2,10,BMW 3 SERIES,-1,-1,0,-1
2024101401471,2024,101401471,1,9,0,-1,19,1,5,-1,0,0,0,11,0,0,1,1,-1,2,1,26,6,2993,2,7,BMW 3 SERIES,5,E01027409,0,1
2024221516636,2024,221516636,1,9,0,-1,19,6,2,-1,0,0,0,0,0,0,1,1,-1,9,1,49,8,1995,2,18,BMW 3 SERIES,3,E01009775,0,4
2024061489791,2024,061489791,2,9,0,-1,4,7,3,-1,0,0,0,0,0,0,2,1,-1,9,2,50,8,1998,1,3,BMW 3 SERIES,10,E01005717,0,1
2024010535612,2024,010535612,1,9,0,4,4,1,5,0,0,1,0,0,0,0,1,1,2,2,1,47,8,2497,1,17,BMW 3 SERIES,8,E01002963,0,1
2024070036139,2024,070036139,2,9,0,17,19,5,1,0,0,0,0,0,0,0,0,1,6,6,1,36,7,2993,12,3,BMW 3 SERIES,9,E01018737,0,4
2024421434600,2024,421434600,2,9,0,-1,19,1,5,-1,0,1,0,0,0,0,4,1,-1,6,2,25,5,1998,8,8,BMW 3 SERIES,8,E01022092,0,3
2024631525254,2024,631525254,1,9,0,-1,19,5,2,-1,0,8,0,0,3,10,1,1,-1,1,2,34,6,1995,2,10,BMW 3 SERIES,5,W01000452,0,2
2024122500042,2024,122500042,2,9,0,3,3,8,4,0,0,8,0,0,0,0,2,1,6,6,1,30,6,1995,2,10,BMW 3 SERIES,3,E01013394,0,1
2024461481090,2024,461481090,1,9,0,-1,5,7,3,-1,0,0,0,0,0,0,1,1,-1,9,1,83,11,1499,1,6,BMW 3 SERIES,7,E01024689,0,1
2024010509979,2024,010509979,1,9,0,18,19,1,5,0,0,1,1,10,2,4,4,1,6,6,1,23,5,1995,2,13,BMW 3 SERIES,4,E01023403,0,4
2024161481075,2024,161481075,1,9,0,-1,19,5,1,-1,0,0,0,0,0,0,1,1,-1,6,1,24,5,1995,2,12,BMW 3 SERIES,1,E01013203,0,1
2024101457701,2024,101457701,1,9,0,-1,4,6,2,-1,0,4,0,9,0,0,2,1,-1,6,1,24,5,1995,1,16,BMW 3 SERIES,-1,-1,0,-1
2024010500679,2024,010500679,3,9,0,2,2,0,0,0,0,0,0,0,0,0,2,1,6,6,3,-1,-1,1995,1,12,BMW 3 SERIES,-1,-1,0,-1
2024101407555,2024,101407555,2,9,0,-1,5,6,1,-1,0,6,0,0,0,0,1,1,-1,6,2,66,10,1995,2,8,BMW 3 SERIES,10,E01008421,0,1
2024010540679,2024,010540679,1,9,0,99,99,9,9,99,99,9,9,99,9,99,9,9,6,6,1,31,6,1995,2,12,BMW 3 SERIES,2,E01015610,0,5
2024440557619,2024,440557619,1,9,0,8,8,7,3,0,0,1,0,0,0,0,1,1,6,6,1,43,7,1997,1,10,BMW 3 SERIES,10,E01023239,0,1
2024131495923,2024,131495923,1,9,0,-1,19,1,5,-1,0,2,0,0,0,0,3,1,-1,9,1,33,6,1995,2,10,BMW 3 SERIES,2,E01010815,0,2
2024052401920,2024,052401920,4,9,0,18,19,5,1,0,0,1,0,0,0,0,1,1,1,1,1,53,8,2993,2,7,BMW 3 SERIES,-1,-1,0,-1
202460Q173603,2024,60Q173603,2,9,0,18,19,3,7,0,0,8,0,0,0,0,1,1,6,6,1,38,7,1998,8,3,BMW 3 SERIES,-1,-1,0,-1
2024010507192,2024,010507192,2,9,0,2,2,0,0,0,0,0,0,0,0,0,3,1,6,6,3,-1,-1,1998,8,4,BMW 3 SERIES,-1,-1,0,-1
202417M109024,2024,17M109024,2,9,0,-1,19,2,6,-1,0,0,0,0,0,0,1,1,-1,6,2,38,7,1995,2,12,BMW 3 SERIES,2,E01012080,0,1
2024351398935,2024,351398935,1,9,0,-1,19,5,1,-1,0,1,0,0,0,0,1,1,-1,6,1,50,8,1995,2,16,BMW 3 SERIES,5,E01035532,0,2
2024991415364,2024,991415364,1,9,0,-1,19,6,2,-1,0,0,0,0,1,4,1,1,-1,9,2,35,6,2993,2,15,BMW 3 SERIES,-1,-1,0,-1
2024010523310,2024,010523310,2,9,0,99,99,9,9,99,99,9,9,99,9,99,1,9,6,6,3,-1,-1,1998,8,1,BMW 3 SERIES,-1,-1,0,-1
2024141434201,2024,141434201,1,9,0,-1,19,6,2,-1,0,0,0,4,0,0,1,1,-1,6,1,29,6,1995,2,7,BMW 3 SERIES,4,E01007489,0,1
2024010534022,2024,010534022,1,9,0,99,99,9,9,0,0,0,9,99,9,99,2,9,6,6,1,37,7,1995,1,17,BMW 3 SERIES,7,E01000294,0,4
2024131496681,2024,131496681,2,9,0,-1,19,7,3,-1,-1,0,0,0,0,0,1,1,-1,1,1,57,9,2993,2,7,BMW 3 SERIES,6,E01011885,0,3
2024622400359,2024,622400359,2,9,0,18,19,2,6,0,0,0,0,0,0,0,3,1,1,1,1,-1,-1,2993,2,4,BMW 3 SERIES,6,W01001754,0,2
202417L107724,2024,17L107724,2,9,0,-1,19,5,1,-1,0,0,0,0,0,0,3,1,-1,9,1,33,6,2993,2,16,BMW 3 SERIES,1,E01012143,0,2
2024131535739,2024,131535739,1,9,0,-1,19,5,1,-1,0,0,0,0,0,0,1,1,-1,6,1,36,7,1995,2,12,BMW 3 SERIES,3,E01011783,0,1
2024451527676,2024,451527676,2,9,0,-1,4,1,5,-1,0,0,0,0,0,0,2,1,-1,9,1,35,6,1998,8,7,BMW 3 SERIES,10,E01030876,0,4
2024311426276,2024,311426276,1,9,0,-1,19,7,3,-1,0,0,0,4,0,0,4,9,-1,6,2,32,6,1995,2,5,BMW 3 SERIES,10,E01035510,0,2
2024041423825,2024,041423825,3,9,0,-1,2,0,0,-1,0,2,0,0,1,0,2,1,-1,6,-1,-1,-1,1995,2,17,BMW 3 SERIES,-1,-1,0,-1
2024041453314,2024,041453314,1,9,0,-1,19,6,2,-1,0,8,0,0,0,0,1,1,-1,6,1,32,6,1995,2,11,BMW 3 SERIES,1,E01025290,0,1
2024471414306,2024,471414306,1,9,0,-1,19,3,7,-1,0,1,0,0,0,0,1,1,-1,2,1,49,8,1995,2,14,BMW 3 SERIES,4,E01016882,0,1
2024471441333,2024,471441333,2,9,0,-1,13,6,1,-1,0,2,0,0,0,0,1,9,-1,6,2,-1,-1,1995,2,14,BMW 3 SERIES,6,E01034305,0,3
2024411503351,2024,411503351,2,9,0,-1,19,8,3,-1,0,8,1,0,0,0,3,1,-1,2,1,42,7,1995,1,17,BMW 3 SERIES,7,E01023435,0,3
2024461413813,2024,461413813,1,9,0,-1,19,3,6,-1,0,1,0,0,0,0,4,9,-1,9,1,19,4,1997,1,11,BMW 3 SERIES,-1,-1,0,-1
2024501409165,2024,501409165,1,9,0,-1,19,5,8,-1,0,0,1,4,1,11,4,1,-1,9,2,19,4,1995,2,12,BMW 3 SERIES,1,E01015152,0,1
2024070265929,2024,070265929,3,9,0,16,19,2,6,0,0,1,0,0,0,0,1,1,1,1,1,52,8,1995,2,9,BMW 3 SERIES,1,E01007139,0,3
2024531504700,2024,531504700,1,9,0,-1,19,1,5,-1,0,0,0,0,0,0,1,9,-1,6,2,29,6,1998,1,0,BMW 3 SERIES,3,W01001577,0,2
2024122400974,2024,122400974,1,9,0,18,19,1,5,0,0,0,5,0,1,9,1,1,6,6,1,54,8,1995,2,21,BMW 3 SERIES,4,E01023358,0,5
2024361449113,2024,361449113,2,9,0,-1,9,5,3,-1,0,8,0,0,0,0,1,1,-1,6,1,27,6,1995,2,16,BMW 3 SERIES,2,E01033040,0,1
2024543074624,2024,543074624,1,9,0,18,19,2,6,0,0,0,1,0,0,0,1,1,6,6,1,31,6,1995,2,16,BMW 3 SERIES,6,E01020434,0,3
2024010526130,2024,010526130,2,9,0,18,19,3,7,0,0,0,0,0,0,0,1,1,6,6,1,25,5,1995,2,7,BMW 3 SERIES,2,E01002316,0,1
202454D534924,2024,54D534924,1,9,0,18,19,5,1,0,0,0,0,0,0,0,0,1,6,6,1,34,6,1995,1,19,BMW 3 SERIES,3,E01032118,0,2
2024052400060,2024,052400060,2,9,0,18,19,5,1,0,0,0,0,0,0,0,1,1,1,1,1,-1,-1,2993,2,6,BMW 3 SERIES,1,E01006877,0,3
2024231477646,2024,231477646,1,9,0,-1,19,2,6,-1,0,1,0,0,0,0,0,9,-1,6,3,-1,-1,1995,1,22,BMW 3 SERIES,-1,-1,0,-1
2024041406974,2024,041406974,1,9,0,-1,9,7,5,-1,0,6,0,0,0,0,1,1,-1,6,2,36,7,1995,2,11,BMW 3 SERIES,1,E01024855,0,3
2024111408314,2024,111408314,1,9,0,-1,19,6,2,-1,0,0,0,0,0,0,3,1,-1,6,1,32,6,2993,2,17,BMW 3 SERIES,2,E01020835,0,2
2024010508267,2024,010508267,2,9,0,99,99,9,9,99,99,9,9,99,9,99,9,9,6,6,3,-1,-1,2998,1,6,BMW 3 SERIES,-1,-1,0,-1
2024061480720,2024,061480720,1,9,0,-1,2,-1,-1,-1,0,1,0,99,3,0,2,1,-1,2,1,26,6,1995,2,6,BMW 3 SERIES,1,E01005475,0,1
2024131407553,2024,131407553,1,9,0,-1,7,4,8,-1,0,0,0,0,1,0,1,1,-1,6,3,-1,-1,1995,2,11,BMW 3 SERIES,-1,-1,0,-1
2024332400958,2024,332400958,2,9,0,-1,4,5,1,-1,0,2,0,0,0,0,2,1,-1,9,1,23,5,2996,1,17,BMW 3 SERIES,5,E01013736,0,1
2024141467338,2024,141467338,4,9,0,-1,2,0,0,-1,0,0,0,0,0,0,3,1,-1,6,-1,-1,-1,1995,2,13,BMW 3 SERIES,-1,-1,0,-1
2024221430010,2024,221430010,1,9,0,-1,12,7,4,-1,0,8,0,0,0,0,3,9,-1,6,1,43,7,1995,2,14,BMW 3 SERIES,9,E01028947,0,1
2024131458191,2024,131458191,1,9,0,-1,-1,-1,-1,-1,0,8,-1,-1,-1,0,-1,1,-1,9,1,41,7,1995,2,12,BMW 3 SERIES,1,E01010874,0,1
2024131403616,2024,131403616,2,9,0,-1,19,1,1,-1,0,0,0,0,0,0,0,1,-1,6,-1,-1,-1,2993,2,5,BMW 3 SERIES,-1,-1,0,-1
2024141426873,2024,141426873,1,9,0,-1,19,8,4,-1,0,0,0,0,0,0,0,1,-1,6,1,33,6,2993,12,2,BMW 3 SERIES,1,E01007902,0,1
2024371529830,2024,371529830,1,9,0,-1,-1,-1,-1,-1,-1,0,-1,-1,-1,0,-1,1,-1,6,1,22,5,1995,2,8,BMW 3 SERIES,9,E01030033,0,1
2024131407439,2024,131407439,2,9,0,-1,19,5,1,-1,0,0,1,0,0,0,1,1,-1,1,1,38,7,2993,2,4,BMW 3 SERIES,6,E01011885,0,2
2024351541682,2024,351541682,2,9,0,-1,2,0,0,-1,0,0,0,0,0,0,3,1,-1,6,-1,-1,-1,2000,2,13,BMW 3 SERIES,-1,-1,0,-1
2024471425920,2024,471425920,2,9,0,-1,2,0,0,-1,0,0,0,0,0,0,3,2,-1,6,-1,-1,-1,1995,1,13,BMW 3 SERIES,-1,-1,0,-1
2024041464807,2024,041464807,1,9,0,-1,19,8,4,-1,0,0,5,0,1,9,1,1,-1,9,1,25,5,1995,2,8,BMW 3 SERIES,1,E01012641,0,2
2024061476892,2024,061476892,2,9,0,-1,19,-1,-1,-1,99,3,0,0,0,0,2,1,-1,6,1,-1,-1,1995,12,3,BMW 3 SERIES,-1,-1,0,-1
2024991496943,2024,991496943,1,9,0,-1,19,1,5,-1,0,0,0,0,1,0,1,1,-1,9,1,54,8,1995,12,0,BMW 3 SERIES,-1,-1,0,-1
2024451476658,2024,451476658,2,9,0,-1,19,5,1,-1,0,0,0,0,0,0,2,9,-1,2,1,42,7,2171,1,22,BMW 3 SERIES,6,E01001088,0,3
2024010528873,2024,010528873,2,9,0,99,99,9,9,99,99,9,9,99,9,99,2,9,6,6,3,35,6,1998,8,7,BMW 3 SERIES,3,E01003977,0,1
2024010527232,2024,010527232,1,9,0,18,19,7,3,0,0,4,2,9,0,0,1,1,6,6,2,33,6,1998,8,7,BMW 3 SERIES,2,E01004223,0,2
202417L205724,2024,17L205724,2,9,0,-1,19,2,6,-1,0,8,0,0,0,0,1,1,-1,9,2,31,6,1995,2,5,BMW 3 SERIES,7,E01012149,0,1
2024401414650,2024,401414650,2,9,0,-1,19,3,7,-1,0,1,0,0,0,0,1,1,-1,6,1,33,6,1998,1,8,BMW 3 SERIES,5,E01015714,0,1
2024010533627,2024,010533627,1,9,0,18,19,5,1,0,0,1,1,10,1,10,1,1,6,6,1,35,6,1995,1,13,BMW 3 SERIES,2,E01004424,0,1
2024991450635,2024,991450635,1,9,0,-1,19,5,3,-1,0,4,1,0,0,0,1,1,-1,6,1,32,6,2926,2,21,BMW 3 SERIES,-1,-1,0,-1
2024052400481,2024,052400481,1,9,0,18,19,7,3,0,0,0,0,0,0,0,1,1,6,6,1,37,7,2993,2,5,BMW 3 SERIES,1,E01006739,0,2
2024201489735,2024,201489735,1,9,0,-1,9,4,2,-1,0,6,0,0,0,0,1,9,-1,9,1,48,8,1998,8,4,BMW 3 SERIES,2,E01009991,0,1
2024421411978,2024,421411978,1,9,0,-1,19,1,5,-1,0,0,0,0,0,0,1,1,-1,2,1,21,5,1995,2,10,BMW 3 SERIES,5,E01030030,0,4
2024991401057,2024,991401057,1,9,0,-1,19,5,1,-1,0,0,1,0,2,7,1,1,-1,6,2,58,9,2000,2,12,BMW 3 SERIES,7,E01034252,0,5
2024201513944,2024,201513944,1,9,0,-1,9,7,6,-1,0,5,0,0,0,0,2,1,-1,6,1,30,6,1995,2,9,BMW 3 SERIES,-1,-1,0,-1
2024221502677,2024,221502677,1,9,0,-1,3,7,3,-1,0,1,0,0,0,0,1,1,-1,6,1,74,10,2993,2,14,BMW 3 SERIES,5,E01014017,0,1
2024010505286,2024,010505286,2,9,0,5,5,1,5,0,0,1,0,0,0,0,0,1,6,6,3,-1,-1,1995,2,7,BMW 3 SERIES,-1,-1,0,-1
2024430565070,2024,430565070,1,9,0,18,19,1,5,0,0,-1,0,0,0,0,0,1,6,6,1,35,6,1995,2,5,BMW 3 SERIES,-1,-1,0,-1
2024201448483,2024,201448483,1,9,0,-1,3,2,6,-1,0,2,0,0,0,0,2,1,-1,9,1,21,5,1995,2,9,BMW 3 SERIES,2,E01010419,0,1
2024430606353,2024,430606353,1,9,0,18,19,3,7,0,0,1,0,0,0,0,1,1,6,6,1,32,6,1995,2,11,BMW 3 SERIES,6,E01016469,0,1
2024201493691,2024,201493691,2,9,0,-1,9,3,1,-1,0,6,0,0,0,0,4,9,-1,6,3,-1,-1,1998,8,4,BMW 3 SERIES,-1,-1,0,-1
2024221414281,2024,221414281,1,9,0,-1,13,3,7,-1,0,8,0,0,0,0,4,9,-1,6,1,61,9,1995,2,11,BMW 3 SERIES,6,E01014054,0,4
2024010531269,2024,010531269,2,9,0,18,19,5,1,0,0,0,0,0,0,0,1,1,1,1,1,32,6,1995,1,18,BMW 3 SERIES,6,E01000407,0,3
2024471462876,2024,471462876,2,9,0,-1,19,3,7,-1,0,1,0,0,0,0,0,1,-1,1,1,45,7,2993,2,6,BMW 3 SERIES,6,E01021034,0,3
2024520401289,2024,520401289,1,9,0,18,19,2,6,0,0,0,1,0,0,0,1,1,6,6,3,-1,-1,1995,2,18,BMW 3 SERIES,-1,-1,0,-1
2024311455625,2024,311455625,2,9,0,-1,2,5,1,-1,0,1,0,0,0,0,1,1,-1,6,-1,-1,-1,1995,2,10,BMW 3 SERIES,-1,-1,0,-1
2024451413061,2024,451413061,1,9,0,-1,19,2,6,-1,0,0,0,0,1,0,1,1,-1,9,2,30,6,1995,2,15,BMW 3 SERIES,4,E01030793,0,2
2024631495976,2024,631495976,3,9,0,-1,19,1,5,-1,0,0,0,0,0,0,3,1,-1,9,1,40,7,2993,2,17,BMW 3 SERIES,9,E01028911,0,4
2024501501604,2024,501501604,5,9,0,-1,20,0,0,-1,0,0,0,0,0,0,3,1,-1,6,-1,-1,-1,1995,2,13,BMW 3 SERIES,-1,-1,0,-1
2024440503071,2024,440503071,1,9,0,4,4,3,7,0,0,8,0,0,0,0,4,1,2,2,1,38,7,1796,1,26,BMW 3 SERIES,1,E01017166,0,1
2024451414008,2024,451414008,1,9,0,-1,9,2,3,-1,0,1,0,0,0,0,1,1,-1,9,1,22,5,1995,1,13,BMW 3 SERIES,3,E01002638,0,3
2024161453063,2024,161453063,1,9,0,-1,9,6,4,-1,0,1,0,0,0,0,1,1,-1,9,1,49,8,1995,2,6,BMW 3 SERIES,7,E01012987,0,2
2024201534922,2024,201534922,2,9,0,-1,19,1,5,-1,0,5,0,0,0,0,0,1,-1,8,1,42,7,2993,2,3,BMW 3 SERIES,4,E01009234,0,2
2024010498558,2024,010498558,1,8,0,99,99,9,9,99,99,9,9,99,9,99,2,9,1,1,1,28,6,1998,8,8,BMW 3 SERIES,3,E01004257,0,1
2024451512688,2024,451512688,2,9,0,-1,19,8,4,-1,0,0,0,0,0,0,2,1,-1,9,2,50,8,1995,2,8,BMW 3 SERIES,5,E01002394,0,3
2024010532211,2024,010532211,1,9,0,2,2,0,0,0,0,1,0,0,0,0,4,1,6,6,3,-1,-1,1995,1,12,BMW 3 SERIES,-1,-1,0,-1
2024010509994,2024,010509994,1,9,0,99,99,9,9,99,99,9,9,99,9,99,9,9,6,6,3,-1,-1,1995,2,7,BMW 3 SERIES,3,E01003256,0,1
2024401527815,2024,401527815,6,9,0,-1,2,0,0,-1,0,1,0,0,0,0,3,1,-1,6,-1,-1,-1,1995,1,14,BMW 3 SERIES,-1,-1,0,-1
2024421437693,2024,421437693,1,9,0,-1,19,5,1,-1,0,1,0,0,0,0,1,9,-1,6,2,29,6,2993,2,11,BMW 3 SERIES,8,E01021740,0,3
2024610032124,2024,610032124,1,9,0,18,19,5,1,0,0,3,0,0,1,0,0,1,6,6,1,30,6,1998,8,0,BMW 3 SERIES,3,W01001444,0,3
2024010534550,2024,010534550,2,9,0,99,99,9,9,99,99,9,9,99,9,99,1,9,6,6,3,-1,-1,2979,1,22,BMW 3 SERIES,-1,-1,0,-1
2024211431994,2024,211431994,1,9,0,-1,19,3,7,-1,0,1,0,0,0,0,1,1,-1,6,1,27,6,1995,2,18,BMW 3 SERIES,-1,-1,0,-1
2024440507601,2024,440507601,2,9,0,4,4,4,8,0,0,0,0,0,0,0,2,1,1,1,1,40,7,1995,2,8,BMW 3 SERIES,2,E01017238,0,2
2024501415971,2024,501415971,1,9,0,-1,19,6,3,-1,0,0,0,0,1,4,1,9,-1,6,1,35,6,2993,2,18,BMW 3 SERIES,8,E01020102,0,3
2024421425194,2024,421425194,1,9,0,-1,19,3,7,-1,0,0,0,0,7,0,1,1,-1,6,1,23,5,1995,2,14,BMW 3 SERIES,6,E01021491,0,1
2024991503420,2024,991503420,1,9,0,-1,19,7,3,-1,0,1,0,0,0,0,1,1,-1,6,1,75,10,1995,2,10,BMW 3 SERIES,5,-1,0,1
2024141499431,2024,141499431,2,9,0,-1,11,3,3,-1,0,0,0,0,0,0,1,1,-1,9,2,63,9,1995,2,11,BMW 3 SERIES,8,E01007792,0,3
2024440544889,2024,440544889,1,9,0,18,19,3,7,0,0,0,0,0,5,6,1,1,6,6,1,67,10,2000,2,15,BMW 3 SERIES,3,E01022908,0,3
2024141429841,2024,141429841,4,9,0,-1,19,5,1,-1,0,1,0,0,0,0,2,1,-1,2,1,26,6,2993,2,10,BMW 3 SERIES,1,E01007373,0,3
2024010537830,2024,010537830,1,9,0,18,19,6,2,0,0,0,0,0,0,0,1,1,6,6,1,51,8,2979,1,15,BMW 3 SERIES,4,E01003537,0,2
2024010538019,2024,010538019,1,9,0,3,3,5,1,0,0,2,0,0,0,0,1,2,6,6,1,35,6,1995,1,16,BMW 3 SERIES,-1,-1,0,-1
2024302401586,2024,302401586,1,9,0,18,19,8,4,0,0,8,0,0,0,0,1,1,6,6,2,28,6,1995,2,18,BMW 3 SERIES,10,E01013564,0,1
2024010502304,2024,010502304,2,9,0,5,5,1,5,0,0,4,0,0,0,0,1,1,6,6,1,43,7,1995,1,17,BMW 3 SERIES,-1,-1,0,-1
202417L208624,2024,17L208624,1,9,0,-1,19,6,2,-1,0,0,1,0,1,4,1,1,-1,9,1,26,6,2926,2,22,BMW 3 SERIES,1,E01012102,0,2
2024010520544,2024,010520544,1,9,0,18,19,7,3,0,0,0,0,0,0,0,1,1,6,6,1,37,7,1998,8,7,BMW 3 SERIES,3,E01004169,0,1
2024520402636,2024,520402636,2,9,0,18,19,2,6,0,0,0,0,0,0,0,1,1,6,6,1,69,10,1995,2,16,BMW 3 SERIES,6,E01020142,0,5
2024031421390,2024,031421390,1,9,0,-1,19,2,1,-1,0,1,0,0,0,0,1,9,-1,9,1,28,6,1995,2,9,BMW 3 SERIES,10,E01019251,0,1
2024122400810,2024,122400810,2,9,0,3,3,4,8,0,0,1,0,0,0,0,2,1,6,6,1,69,10,1995,1,16,BMW 3 SERIES,2,E01027825,0,2
2024052401314,2024,052401314,2,9,0,18,19,7,3,0,0,0,0,0,0,0,1,1,1,1,2,-1,-1,2993,2,5,BMW 3 SERIES,3,E01006743,0,3
2024010544724,2024,010544724,1,9,0,99,99,9,9,99,99,9,9,99,9,99,9,9,6,6,1,23,5,1998,8,6,BMW 3 SERIES,7,E01002499,0,1
2024041482454,2024,041482454,1,9,0,-1,19,8,4,-1,0,0,0,0,0,0,1,1,-1,2,1,50,8,1995,1,13,BMW 3 SERIES,2,E01012696,0,1
2024010516140,2024,010516140,2,9,0,99,99,9,9,99,99,9,9,99,9,99,2,9,6,6,3,-1,-1,1995,2,5,BMW 3 SERIES,-1,-1,0,-1
2024622400113,2024,622400113,2,9,0,17,19,3,8,0,0,8,0,0,0,0,0,1,1,1,3,-1,-1,2993,2,4,BMW 3 SERIES,-1,-1,0,-1
2024461428881,2024,461428881,1,9,0,-1,4,2,6,-1,0,2,0,0,0,0,1,1,-1,9,1,43,7,1995,2,15,BMW 3 SERIES,5,E01024065,0,2
2024161522555,2024,161522555,1,9,0,-1,12,7,3,-1,0,1,0,0,0,0,1,1,-1,6,1,25,5,1995,2,7,BMW 3 SERIES,1,E01012856,0,1
2024061494326,2024,061494326,2,9,0,-1,19,3,7,-1,0,0,0,0,0,0,2,1,-1,9,1,28,6,1995,2,7,BMW 3 SERIES,3,E01006340,0,3
2024440092546,2024,440092546,1,9,0,18,19,2,6,0,0,1,0,0,1,11,1,1,6,6,1,33,6,1995,2,13,BMW 3 SERIES,4,E01017282,0,2
2024531425610,2024,531425610,2,9,0,-1,19,3,7,-1,0,0,0,0,1,0,1,1,-1,1,1,30,6,2993,12,3,BMW 3 SERIES,10,E01022386,0,4
2024070175542,2024,070175542,3,9,0,3,3,3,7,0,0,0,0,0,0,0,2,1,6,6,1,29,6,1998,1,3,BMW 3 SERIES,8,W01000203,0,4
2024421426625,2024,421426625,1,9,0,-1,4,7,3,-1,0,0,0,0,0,0,3,1,-1,9,1,29,6,1499,1,7,BMW 3 SERIES,3,E01021291,0,1
2024332400475,2024,332400475,2,9,0,-1,4,2,6,-1,0,1,0,0,0,0,2,1,-1,6,1,-1,-1,1995,2,12,BMW 3 SERIES,-1,-1,0,-1
2024552401404,2024,552401404,1,9,0,9,9,2,7,0,0,8,0,0,0,0,1,1,6,6,1,23,5,1995,2,7,BMW 3 SERIES,5,E01019947,0,4
2024010544000,2024,010544000,2,9,0,2,2,0,0,0,0,2,0,0,0,0,1,1,6,6,3,-1,-1,1995,2,11,BMW 3 SERIES,-1,-1,0,-1
2024991415871,2024,991415871,1,9,0,-1,19,7,2,-1,0,0,0,0,0,0,1,1,-1,9,2,35,6,1995,2,9,BMW 3 SERIES,-1,-1,0,-1
2024531504493,2024,531504493,1,9,0,-1,19,5,1,-1,0,4,0,0,0,0,1,1,-1,6,1,33,6,1995,2,13,BMW 3 SERIES,8,E01022280,0,1
2024471414015,2024,471414015,1,9,0,-1,3,4,8,-1,0,1,0,0,0,0,3,1,-1,9,1,47,8,1995,2,12,BMW 3 SERIES,5,E01016855,0,2
2024131467476,2024,131467476,1,9,0,-1,19,4,4,-1,0,1,0,11,0,0,1,1,-1,6,1,25,5,1995,1,16,BMW 3 SERIES,6,E01010690,0,2
2024320513968,2024,320513968,2,9,0,-1,-1,6,2,0,0,1,1,0,3,2,1,1,-1,-1,1,27,6,1995,2,12,BMW 3 SERIES,7,E01013234,0,3
2024041493679,2024,041493679,1,9,0,-1,19,1,5,-1,0,8,0,4,0,0,1,1,-1,6,1,29,6,1995,2,7,BMW 3 SERIES,1,E01012656,0,1
2024461410029,2024,461410029,1,9,0,-1,7,4,6,-1,0,0,0,0,0,0,4,9,-1,6,1,45,7,1995,2,12,BMW 3 SERIES,1,E01033679,0,5
2024991410852,2024,991410852,1,9,0,-1,9,6,3,-1,0,4,0,0,0,0,4,1,-1,6,2,25,5,1998,1,7,BMW 3 SERIES,8,-1,0,2
2024461483169,2024,461483169,1,9,0,-1,19,2,6,-1,0,0,1,0,1,0,3,1,-1,9,1,53,8,2979,1,19,BMW 3 SERIES,6,E01024036,0,1
2024991466123,2024,991466123,1,9,0,-1,19,8,5,-1,0,0,0,0,0,0,3,1,-1,2,1,54,8,2993,2,7,BMW 3 SERIES,1,-1,0,5
2024351479672,2024,351479672,2,9,0,-1,19,8,4,-1,0,0,0,0,0,0,1,1,-1,6,1,33,6,1997,1,11,BMW 3 SERIES,5,E01034230,0,4
2024052401007,2024,052401007,3,9,0,18,19,3,7,0,0,8,0,0,0,0,0,1,6,6,3,-1,-1,2993,2,11,BMW 3 SERIES,-1,-1,0,-1
2024221450317,2024,221450317,1,9,0,-1,19,5,8,-1,0,0,0,0,0,0,3,1,-1,6,1,66,10,1995,2,10,BMW 3 SERIES,4,E01028984,0,1
2024552400426,2024,552400426,1,9,0,5,5,3,6,0,0,6,0,0,0,0,1,1,6,6,2,36,7,1995,2,10,BMW 3 SERIES,5,E01015441,0,1
2024471472182,2024,471472182,2,9,0,-1,5,1,3,-1,0,6,0,0,0,0,0,1,-1,9,1,21,5,1995,2,16,BMW 3 SERIES,2,E01020925,0,1
2024010523919,2024,010523919,1,9,0,5,5,3,7,0,0,1,0,0,0,0,1,1,6,6,2,47,8,1995,2,9,BMW 3 SERIES,4,E01002425,0,1
2024041445765,2024,041445765,2,9,0,-1,9,7,3,-1,0,0,0,0,0,0,3,1,-1,9,1,34,6,1995,2,12,BMW 3 SERIES,1,E01012572,0,1
2024201484833,2024,201484833,2,9,0,-1,19,2,6,-1,0,0,0,0,0,0,3,1,-1,6,1,51,8,1995,2,10,BMW 3 SERIES,3,E01008986,0,1
2024010512696,2024,010512696,2,9,0,99,99,9,9,99,99,9,9,99,9,99,9,9,6,6,3,-1,-1,1998,8,3,BMW 3 SERIES,-1,-1,0,-1
2024401405484,2024,401405484,4,9,0,-1,4,7,3,-1,0,0,0,0,0,0,2,1,-1,6,1,43,7,2993,2,8,BMW 3 SERIES,1,E01016811,0,4
2024010546065,2024,010546065,2,9,0,18,19,3,7,0,0,0,0,0,0,0,1,1,6,6,3,-1,-1,1998,1,5,BMW 3 SERIES,-1,-1,0,-1