collision_index,collision_year,collision_ref_no,vehicle_reference,vehicle_type,towing_and_articulation,vehicle_manoeuvre_historic,vehicle_manoeuvre,vehicle_direction_from,vehicle_direction_to,vehicle_location_restricted_lane_historic,vehicle_location_restricted_lane,junction_location,skidding_and_overturning,hit_object_in_carriageway,vehicle_leaving_carriageway,hit_object_off_carriageway,first_point_of_impact,vehicle_left_hand_drive,journey_purpose_of_driver_historic,journey_purpose_of_driver,sex_of_driver,age_of_driver,age_band_of_driver,engine_capacity_cc,propulsion_code,age_of_vehicle,generic_make_model,driver_imd_decile,lsoa_of_driver,escooter_flag,driver_distance_banding
2024111406793,2024,111406793,1,9,0,-1,7,6,2,-1,0,0,1,0,0,0,4,1,-1,6,1,28,6,2993,2,17,BMW 3 SERIES,4,E01034491,0,1
2024440492448,2024,440492448,1,9,0,9,9,3,1,0,0,6,0,0,0,0,3,1,2,2,1,71,10,2993,2,10,BMW 3 SERIES,4,E01017198,0,1
2024610028724,2024,610028724,1,9,0,18,19,3,7,0,0,0,1,0,0,0,2,1,6,6,1,21,5,2000,2,13,BMW 3 SERIES,3,W01001140,0,4
2024451508900,2024,451508900,2,9,0,-1,99,8,5,-1,0,0,0,99,0,0,1,1,-1,6,2,34,6,1995,2,17,BMW 3 SERIES,-1,-1,0,-1
2024471421312,2024,471421312,1,9,0,-1,19,3,7,-1,9,1,0,0,0,0,1,1,-1,9,2,35,6,1998,1,6,BMW 3 SERIES,2,E01031454,0,3
2024010526946,2024,010526946,1,9,0,99,99,9,9,99,99,9,9,99,9,99,1,9,6,6,1,-1,-1,2996,1,16,BMW 3 SERIES,6,E01003703,0,3
2024010538450,2024,010538450,1,9,0,9,9,1,6,0,0,5,0,0,0,0,3,1,6,6,1,25,5,2993,2,9,BMW 3 SERIES,3,E01001744,0,1
2024361548097,2024,361548097,1,9,0,-1,19,1,5,-1,0,0,0,0,0,0,2,1,-1,6,2,21,5,1895,1,25,BMW 3 SERIES,6,E01034562,0,2
2024461538378,2024,461538378,2,9,0,-1,19,1,5,-1,0,0,-1,0,0,0,4,9,-1,6,1,64,9,2996,1,17,BMW 3 SERIES,5,E01024594,0,4
2024332400275,2024,332400275,2,9,0,-1,19,6,2,-1,0,4,0,0,0,0,3,1,-1,6,1,-1,-1,1995,2,10,BMW 3 SERIES,-1,-1,0,-1
2024421541938,2024,421541938,2,9,0,-1,10,7,5,-1,0,1,0,0,0,0,2,1,-1,6,1,35,6,1995,2,10,BMW 3 SERIES,3,E01015839,0,1
2024231509881,2024,231509881,2,9,0,-1,9,3,1,-1,0,6,0,0,0,0,1,1,-1,6,1,39,7,1995,1,13,BMW 3 SERIES,4,E01031032,0,1
2024421445767,2024,421445767,1,9,0,-1,19,6,2,-1,0,0,0,0,0,0,1,1,-1,9,1,20,4,1995,2,16,BMW 3 SERIES,4,E01021808,0,1
2024221443597,2024,221443597,1,9,0,-1,4,6,2,-1,0,1,0,0,0,0,2,9,-1,6,1,45,7,1995,2,4,BMW 3 SERIES,4,W01000423,0,4
2024010517812,2024,010517812,1,9,0,99,99,9,9,99,99,9,9,99,9,99,9,9,6,6,1,54,8,2996,1,15,BMW 3 SERIES,5,E01003914,0,3
2024451502286,2024,451502286,2,9,0,-1,11,1,1,-1,0,1,0,0,0,0,3,9,-1,6,1,64,9,1995,1,14,BMW 3 SERIES,6,E01002928,0,3
2024547170924,2024,547170924,2,9,0,18,19,8,4,0,0,1,0,0,0,0,4,1,6,6,1,37,7,1995,2,15,BMW 3 SERIES,7,E01032007,0,4
2024052401883,2024,052401883,1,9,0,2,2,0,0,0,0,0,0,0,0,0,4,1,6,6,1,51,8,1995,2,7,BMW 3 SERIES,1,E01007003,0,2
2024531501126,2024,531501126,1,9,0,-1,19,5,1,-1,0,0,0,0,0,0,1,1,-1,6,1,30,6,2926,2,21,BMW 3 SERIES,6,E01022236,0,1
2024451527620,2024,451527620,1,9,0,-1,19,1,5,-1,0,1,2,0,7,2,1,1,-1,9,1,25,5,2993,2,8,BMW 3 SERIES,10,E01031803,0,4
2024101510598,2024,101510598,2,9,0,-1,19,8,4,-1,0,8,0,0,0,0,1,1,-1,6,1,23,5,1995,2,9,BMW 3 SERIES,4,E01008767,0,1
2024131399225,2024,131399225,2,9,0,-1,19,5,1,-1,0,0,0,0,0,0,4,1,-1,9,1,62,9,1995,2,6,BMW 3 SERIES,10,E01011654,0,3
2024311429545,2024,311429545,1,9,0,-1,19,3,7,-1,0,0,0,0,0,0,1,1,-1,6,1,33,6,1995,2,6,BMW 3 SERIES,-1,-1,0,-1
2024010530789,2024,010530789,2,9,0,15,15,5,1,0,0,0,0,4,0,0,1,1,6,6,1,19,4,1995,1,19,BMW 3 SERIES,10,E01030671,0,4
2024041426166,2024,041426166,1,9,0,-1,9,5,2,-1,0,8,0,0,0,0,1,1,-1,6,1,23,5,2000,2,15,BMW 3 SERIES,1,E01025042,0,2
2024440354166,2024,440354166,1,9,0,18,19,5,1,0,0,3,0,0,0,0,1,1,6,6,1,40,7,1995,2,12,BMW 3 SERIES,-1,-1,0,-1
2024430189605,2024,430189605,3,9,0,18,19,5,1,0,0,2,0,0,0,0,1,1,2,2,1,25,5,1995,2,15,BMW 3 SERIES,8,E01028772,0,1
2024401449549,2024,401449549,1,9,0,-1,19,7,3,-1,0,0,0,0,0,0,1,1,-1,6,1,82,11,1995,2,17,BMW 3 SERIES,5,E01017412,0,1
2024461456168,2024,461456168,2,9,0,-1,19,4,8,-1,0,1,0,0,0,0,1,1,-1,6,2,30,6,1998,1,5,BMW 3 SERIES,5,E01024728,0,3
2024461449140,2024,461449140,1,9,0,-1,9,5,6,-1,0,0,0,10,7,0,4,1,-1,6,1,33,6,1995,2,11,BMW 3 SERIES,6,E01024180,0,1
2024461523811,2024,461523811,1,9,0,-1,9,5,1,-1,0,8,0,0,0,0,4,1,-1,9,2,44,7,1995,2,14,BMW 3 SERIES,6,E01024276,0,1
2024451504534,2024,451504534,4,9,0,-1,2,0,0,-1,9,0,0,0,0,0,1,1,-1,6,-1,-1,-1,1995,1,12,BMW 3 SERIES,-1,-1,0,-1
2024531438930,2024,531438930,1,9,0,-1,19,2,6,-1,0,0,1,0,4,6,1,1,-1,9,2,29,6,1995,2,19,BMW 3 SERIES,3,E01032381,0,4
2024631481965,2024,631481965,1,9,0,-1,9,2,8,-1,0,5,0,7,3,10,1,1,-1,2,1,35,6,1995,2,19,BMW 3 SERIES,5,W01000724,0,1
2024411455629,2024,411455629,2,9,0,-1,19,5,1,-1,0,1,0,0,0,0,1,1,-1,2,2,62,9,1995,2,7,BMW 3 SERIES,7,E01023345,0,1
2024340NN1202,2024,340NN1202,1,9,0,-1,12,1,6,-1,0,8,0,0,0,0,3,1,-1,9,1,29,6,2000,2,14,BMW 3 SERIES,8,E01035397,0,3
2024201458844,2024,201458844,2,9,0,-1,19,2,2,-1,0,1,0,0,0,0,1,1,-1,8,1,31,6,2993,12,3,BMW 3 SERIES,-1,-1,0,-1
2024010506579,2024,010506579,2,9,0,99,99,9,9,99,99,9,9,99,9,99,1,9,6,6,3,-1,-1,1995,1,16,BMW 3 SERIES,-1,-1,0,-1
2024201491431,2024,201491431,2,9,0,-1,9,6,4,-1,0,5,0,0,0,0,3,1,-1,9,1,51,8,1995,2,9,BMW 3 SERIES,2,E01009940,0,1
2024991467418,2024,991467418,2,9,0,-1,9,4,6,-1,0,6,0,0,7,0,1,1,-1,9,1,23,5,1995,2,12,BMW 3 SERIES,-1,-1,0,-1
2024201403158,2024,201403158,1,9,0,-1,4,3,7,-1,0,0,0,0,0,0,1,1,-1,6,2,19,4,1995,12,3,BMW 3 SERIES,5,W01000361,0,4
2024061492643,2024,061492643,1,9,0,-1,9,3,1,-1,0,2,0,0,0,0,3,1,-1,6,1,-1,-1,1995,2,8,BMW 3 SERIES,-1,-1,0,-1
2024552400400,2024,552400400,1,9,0,16,19,4,7,0,0,0,1,0,1,4,4,1,6,6,1,32,6,2996,1,17,BMW 3 SERIES,7,E01020538,0,2
2024440093780,2024,440093780,5,9,0,18,19,3,7,0,0,0,0,0,0,0,1,1,2,2,1,-1,-1,1997,1,9,BMW 3 SERIES,8,E01031840,0,4
2024061494618,2024,061494618,1,9,0,-1,19,1,4,-1,0,0,1,7,6,0,1,1,-1,6,1,23,5,2993,2,11,BMW 3 SERIES,2,E01004847,0,1
2024461437314,2024,461437314,2,9,0,-1,19,3,7,-1,0,0,0,0,0,0,3,9,-1,1,1,50,8,1998,8,0,BMW 3 SERIES,-1,-1,0,-1
2024340WN3312,2024,340WN3312,2,9,0,-1,19,1,5,-1,0,8,1,0,0,0,3,1,-1,2,1,43,7,1995,2,16,BMW 3 SERIES,3,E01027154,0,2
2024311502146,2024,311502146,1,9,0,-1,15,5,1,-1,0,0,0,0,0,0,0,9,-1,6,3,-1,-1,1995,2,7,BMW 3 SERIES,-1,-1,0,-1
2024010514734,2024,010514734,2,9,0,9,9,1,7,0,0,8,0,7,0,0,1,1,6,6,1,35,6,1998,8,7,BMW 3 SERIES,3,E01001180,0,1
2024411506479,2024,411506479,1,9,0,-1,19,5,2,-1,0,0,1,4,1,0,1,1,-1,6,1,19,4,1995,2,8,BMW 3 SERIES,9,E01023819,0,1
2024421406205,2024,421406205,1,9,0,-1,19,1,5,-1,0,0,0,0,0,0,1,1,-1,6,1,50,8,1995,2,9,BMW 3 SERIES,1,E01015642,0,4
2024430479510,2024,430479510,2,9,0,18,19,2,6,0,0,8,0,0,0,0,1,1,6,6,1,40,7,2000,2,14,BMW 3 SERIES,9,E01016219,0,1
2024610049824,2024,610049824,1,9,0,4,4,6,2,0,0,0,0,0,0,0,2,1,6,6,1,47,8,1995,2,11,BMW 3 SERIES,2,W01001690,0,1
2024131439597,2024,131439597,2,9,0,-1,7,7,3,-1,0,1,0,0,0,0,4,1,-1,9,1,57,9,1995,1,16,BMW 3 SERIES,4,E01033685,0,4
2024471484830,2024,471484830,2,9,0,-1,19,5,1,-1,0,0,0,0,0,0,4,1,-1,9,1,21,5,2979,1,21,BMW 3 SERIES,9,E01021227,0,3
2024161485315,2024,161485315,1,9,0,-1,19,7,3,-1,0,0,2,0,1,0,1,1,-1,6,1,35,6,1995,2,15,BMW 3 SERIES,1,E01013181,0,1
2024440562045,2024,440562045,1,9,0,18,19,6,2,0,0,0,0,0,0,0,1,1,6,6,1,28,6,1995,2,7,BMW 3 SERIES,6,E01022669,0,1
2024201398573,2024,201398573,1,9,0,-1,19,2,8,-1,0,0,0,0,0,0,1,9,-1,6,1,47,8,1995,2,14,BMW 3 SERIES,-1,-1,0,-1
2024052402154,2024,052402154,1,9,0,18,19,8,4,0,0,1,0,0,0,0,1,1,6,6,1,37,7,1995,2,7,BMW 3 SERIES,1,E01006658,0,1
2024010529500,2024,010529500,1,9,0,18,19,8,4,0,0,8,0,0,0,0,1,1,6,6,1,28,6,1998,8,5,BMW 3 SERIES,3,E01000499,0,1
2024201519948,2024,201519948,2,9,0,-1,19,6,2,-1,0,8,0,0,0,0,4,1,-1,7,2,40,7,1995,2,9,BMW 3 SERIES,1,E01009019,0,1
2024131444826,2024,131444826,1,9,0,-1,19,6,6,-1,0,1,0,0,0,0,3,1,-1,9,1,37,7,1995,2,12,BMW 3 SERIES,2,E01011852,0,1
2024010541263,2024,010541263,2,9,0,18,19,3,7,0,0,2,0,0,0,0,1,1,6,6,1,24,5,1998,8,4,BMW 3 SERIES,3,E01035667,0,3
2024201516480,2024,201516480,1,9,0,-1,19,2,6,-1,0,2,0,4,0,0,1,1,-1,6,1,42,7,1995,1,16,BMW 3 SERIES,2,E01010041,0,1
2024351420229,2024,351420229,1,9,0,-1,6,7,5,-1,0,1,0,0,0,0,3,9,-1,1,1,42,7,1995,2,11,BMW 3 SERIES,1,E01015663,0,4
2024320504337,2024,320504337,1,9,0,9,9,6,5,0,0,5,0,0,0,0,1,1,-1,-1,1,23,5,1995,2,16,BMW 3 SERIES,2,E01015601,0,4
2024451505909,2024,451505909,2,9,0,-1,19,1,5,-1,0,0,0,0,0,0,1,1,-1,9,1,68,10,1995,2,7,BMW 3 SERIES,8,E01023069,0,5
2024421436506,2024,421436506,3,9,0,-1,19,4,8,-1,0,0,1,0,0,0,2,1,-1,9,1,30,6,1995,2,6,BMW 3 SERIES,1,E01001115,0,4
2024320168723,2024,320168723,2,9,0,-1,-1,1,6,0,0,8,0,0,0,0,1,1,-1,-1,1,35,6,1995,2,10,BMW 3 SERIES,6,E01032988,0,1
2024501410450,2024,501410450,2,9,0,-1,2,0,0,-1,0,1,0,0,0,0,1,9,-1,6,-1,-1,-1,2996,2,13,BMW 3 SERIES,-1,-1,0,-1
2024161403144,2024,161403144,1,9,0,-1,19,1,5,-1,0,6,0,0,0,0,1,1,-1,6,3,33,6,1995,2,15,BMW 3 SERIES,-1,-1,0,-1
2024451428141,2024,451428141,2,9,0,-1,19,5,1,-1,0,0,0,0,0,0,1,1,-1,9,1,53,8,1998,8,4,BMW 3 SERIES,8,E01030544,0,2
2024041478542,2024,041478542,1,9,0,-1,19,1,5,-1,0,8,0,0,7,0,1,1,-1,9,1,18,4,1995,1,21,BMW 3 SERIES,4,W01000075,0,5
2024440295766,2024,440295766,2,9,0,17,19,2,7,0,0,1,0,0,0,0,1,1,2,2,2,56,9,1998,1,7,BMW 3 SERIES,10,E01022865,0,2
2024221402861,2024,221402861,1,9,0,-1,19,6,2,-1,0,0,1,0,1,2,1,1,-1,6,1,33,6,2494,1,36,BMW 3 SERIES,10,E01033061,0,2
2024430036583,2024,430036583,2,9,0,3,3,3,7,0,0,1,0,0,0,0,2,1,6,6,1,44,7,2993,2,16,BMW 3 SERIES,6,E01017424,0,4
2024010543327,2024,010543327,1,9,0,2,2,0,0,0,0,8,0,0,0,0,4,1,6,6,3,-1,-1,1998,8,4,BMW 3 SERIES,-1,-1,0,-1
2024501530536,2024,501530536,1,9,0,-1,19,6,2,-1,0,0,1,0,0,0,1,1,-1,6,1,42,7,2979,1,17,BMW 3 SERIES,3,E01020293,0,3
2024440546936,2024,440546936,1,9,0,16,19,1,5,0,0,1,1,0,7,0,4,1,6,6,1,22,5,1995,2,19,BMW 3 SERIES,5,E01035459,0,4
2024451437553,2024,451437553,2,9,0,-1,19,5,1,-1,0,0,0,99,0,0,1,1,-1,6,1,41,7,2494,1,22,BMW 3 SERIES,-1,-1,0,-1
2024010510360,2024,010510360,2,9,0,99,99,9,9,99,99,9,9,99,9,99,1,9,6,6,3,30,6,2996,1,18,BMW 3 SERIES,6,E01001258,0,1
2024522500061,2024,522500061,2,9,0,18,19,2,6,0,0,1,0,0,0,0,1,1,6,6,1,60,9,2996,1,13,BMW 3 SERIES,7,E01014936,0,2
2024010539182,2024,010539182,1,9,0,99,99,9,9,99,99,9,9,99,9,99,1,9,2,2,1,35,6,1995,2,5,BMW 3 SERIES,2,E01003267,0,2
2024010540943,2024,010540943,2,9,0,99,99,9,9,99,99,9,9,99,9,99,9,9,6,6,1,-1,-1,2497,1,17,BMW 3 SERIES,2,E01034471,0,1
2024141444597,2024,141444597,1,9,0,-1,19,1,5,-1,0,0,0,4,0,0,-1,1,-1,6,3,-1,-1,2993,2,9,BMW 3 SERIES,-1,-1,0,-1
2024461483597,2024,461483597,2,9,0,-1,19,1,5,-1,0,0,0,0,0,0,1,2,-1,9,2,57,9,1995,2,14,BMW 3 SERIES,3,E01024090,0,1
202460Q082069,2024,60Q082069,1,9,0,17,19,6,2,0,0,0,0,0,0,0,1,1,6,6,3,-1,-1,1995,2,18,BMW 3 SERIES,-1,-1,0,-1
2024440100099,2024,440100099,1,9,0,18,19,4,8,0,0,0,0,0,0,0,4,1,6,6,2,45,7,2993,2,7,BMW 3 SERIES,-1,-1,0,-1
2024101529654,2024,101529654,2,9,0,-1,19,5,1,-1,0,0,0,0,0,0,1,1,-1,1,1,28,6,1995,2,9,BMW 3 SERIES,1,E01035619,0,1
2024010533527,2024,010533527,2,9,0,99,99,9,9,99,99,0,9,99,9,99,9,9,6,6,3,-1,-1,1995,2,9,BMW 3 SERIES,2,E01001775,0,1
2024501426028,2024,501426028,2,9,0,-1,19,3,7,-1,0,6,0,0,0,0,1,1,-1,9,2,41,7,1995,2,18,BMW 3 SERIES,7,E01019969,0,1
2024201475085,2024,201475085,1,9,-1,-1,-1,-1,-1,-1,-1,-1,-1,-1,-1,0,-1,9,-1,6,3,-1,-1,1995,2,5,BMW 3 SERIES,-1,-1,0,-1
2024131450538,2024,131450538,4,9,0,-1,19,7,3,-1,0,0,0,0,0,0,0,1,-1,9,1,36,7,2993,2,5,BMW 3 SERIES,6,E01011885,0,3
2024991414354,2024,991414354,1,9,0,-1,19,2,6,-1,0,1,0,0,0,0,1,1,-1,6,1,33,6,1995,2,15,BMW 3 SERIES,1,-1,0,1
2024401462718,2024,401462718,2,9,0,-1,5,5,1,-1,0,6,0,0,0,0,1,1,-1,6,1,20,4,2171,1,18,BMW 3 SERIES,3,E01015730,0,1
2024351496079,2024,351496079,2,9,0,-1,19,-1,-1,-1,0,1,1,0,0,0,3,1,-1,9,1,33,6,1995,2,12,BMW 3 SERIES,2,E01018063,0,1
2024522401505,2024,522401505,2,9,0,18,19,5,1,0,0,0,0,0,0,0,2,1,6,6,1,49,8,1995,2,11,BMW 3 SERIES,4,E01028143,0,5
2024131424756,2024,131424756,1,9,0,-1,9,7,7,-1,0,0,5,0,0,0,2,1,-1,9,1,45,7,1995,2,13,BMW 3 SERIES,1,E01010743,0,4
2024451502477,2024,451502477,3,9,0,-1,10,5,1,-1,0,0,0,0,0,0,2,1,-1,9,2,73,10,1998,1,9,BMW 3 SERIES,8,E01030556,0,1
2024201494553,2024,201494553,3,9,0,-1,4,4,8,-1,0,2,0,0,0,0,1,1,-1,1,1,40,7,2993,2,3,BMW 3 SERIES,-1,-1,0,-1
2024361455291,2024,361455291,1,5,0,-1,19,7,3,-1,0,0,0,0,7,0,3,1,-1,9,1,60,9,996,1,25,-1,3,E01028185,0,5
2024131406995,2024,131406995,2,5,0,-1,19,3,7,-1,0,8,2,0,0,0,1,1,-1,6,1,55,8,996,1,15,-1,2,E01011313,0,1
2024010545893,2024,010545893,2,5,0,14,14,1,5,0,0,1,0,0,0,0,4,1,6,6,1,58,9,996,1,15,-1,6,E01002693,0,1
2024332400201,2024,332400201,1,3,0,-1,19,5,2,-1,0,0,0,0,1,2,1,1,-1,9,1,17,4,293,1,4,-1,7,E01025952,0,1
2024522403040,2024,522403040,1,4,0,18,19,6,2,0,0,8,0,0,0,0,1,1,6,6,1,37,7,449,1,21,-1,1,E01014663,0,1
2024302401460,2024,302401460,2,3,0,9,9,7,5,0,0,1,1,0,0,0,1,1,6,6,1,18,4,125,1,9,-1,2,E01019576,0,1
2024061496489,2024,061496489,2,4,0,-1,19,7,3,-1,0,3,0,0,0,0,0,1,-1,6,3,20,4,293,1,2,-1,-1,-1,0,-1
2024991527486,2024,991527486,2,4,0,-1,19,7,3,-1,0,0,0,0,0,0,1,1,-1,6,1,20,4,249,1,4,-1,4,-1,0,2
2024541036224,2024,541036224,2,2,0,18,19,3,7,0,0,8,0,0,0,0,1,1,6,6,1,17,4,124,1,12,-1,8,E01033849,0,1
2024501500854,2024,501500854,1,3,0,-1,13,5,1,-1,0,0,0,0,0,0,0,1,-1,6,1,31,6,125,1,16,-1,2,E01034160,0,2
2024501396017,2024,501396017,1,3,0,-1,19,8,4,-1,0,0,2,0,0,0,4,1,-1,6,1,44,7,124,1,19,-1,5,E01034848,0,1
2024122401006,2024,122401006,1,17,0,16,19,1,3,0,0,0,2,0,8,10,1,1,6,6,1,77,11,-1,2,39,-1,6,E01027780,0,2
2024122400893,2024,122400893,2,17,0,3,3,3,7,0,0,0,0,0,0,0,0,1,6,6,1,39,7,-1,2,40,-1,4,E01027841,0,2
2024430510198,2024,430510198,2,19,0,6,6,4,4,0,0,1,0,0,0,0,3,1,6,6,2,-1,-1,-1,3,1,-1,-1,-1,0,-1
2024332400547,2024,332400547,1,19,0,-1,19,7,3,-1,0,2,0,0,0,0,1,1,-1,9,1,35,6,-1,3,1,-1,8,E01025730,0,2
2024320400684,2024,320400684,1,9,0,9,9,2,8,0,0,5,0,0,0,0,4,1,-1,-1,1,58,9,1598,1,35,-1,6,E01026404,0,3
2024010507241,2024,010507241,1,4,0,12,12,5,1,0,0,8,0,0,0,0,1,1,6,6,2,50,8,-1,-1,-1,PIAGGIO MP3,-1,-1,0,-1
2024451428164,2024,451428164,1,90,0,-1,19,1,5,-1,0,0,1,1,0,0,1,1,-1,2,1,53,8,530,1,2,PIAGGIO MP3,10,E01004104,0,2
2024520500041,2024,520500041,1,4,0,18,19,7,3,0,0,8,0,0,0,0,1,1,6,6,1,59,9,-1,-1,-1,PIAGGIO MP3,7,E01029070,0,1
2024010517244,2024,010517244,1,4,0,99,99,9,9,99,99,0,9,99,9,99,9,1,1,1,1,25,5,-1,-1,-1,PIAGGIO MP3,4,E01003405,0,3
2024010502724,2024,010502724,1,4,0,18,19,1,5,9,9,1,0,0,0,0,1,1,6,6,1,51,8,-1,-1,-1,PIAGGIO MP3,2,E01002811,0,1
2024010522736,2024,010522736,1,9,0,13,13,1,5,0,0,6,0,0,0,0,0,1,6,6,1,33,6,330,1,6,PIAGGIO MP3,3,E01000908,0,2
2024101427177,2024,101427177,1,4,0,-1,20,1,3,-1,0,0,0,0,1,0,2,1,-1,9,1,57,9,-1,-1,-1,PIAGGIO MP3,2,E01020647,0,4
2024010498042,2024,010498042,1,4,0,13,13,1,5,0,0,1,5,0,0,0,4,1,6,6,1,52,8,-1,-1,-1,PIAGGIO MP3,1,E01002040,0,1
2024010518873,2024,010518873,2,9,0,15,15,5,1,0,0,2,0,0,0,0,1,1,1,1,2,60,9,493,1,4,PIAGGIO MP3,5,E01000162,0,3
2024311534382,2024,311534382,1,4,0,-1,10,5,1,-1,0,0,5,0,0,0,1,1,-1,9,1,69,10,-1,-1,-1,PIAGGIO MP3,-1,-1,0,-1
2024010531797,2024,010531797,1,4,0,99,99,9,9,99,99,9,9,99,9,99,1,1,6,6,3,-1,-1,-1,-1,-1,PIAGGIO MP3,-1,-1,0,-1
2024141490055,2024,141490055,1,9,0,-1,19,3,7,-1,0,8,0,0,0,0,1,1,-1,9,1,51,8,399,1,15,PIAGGIO MP3,2,E01007796,0,1
2024010524797,2024,010524797,6,9,0,2,2,0,0,0,0,0,5,0,0,0,3,1,6,6,3,-1,-1,278,1,4,PIAGGIO MP3,-1,-1,0,-1
2024631535574,2024,631535574,1,4,0,-1,19,3,7,-1,0,8,1,0,1,10,1,1,-1,2,1,72,10,-1,-1,-1,PIAGGIO MP3,4,W01000718,0,3
2024010549960,2024,010549960,1,9,0,18,19,7,3,0,0,8,0,0,0,0,1,1,3,7,1,46,8,278,1,0,PIAGGIO MP3,-1,-1,0,-1
2024010538540,2024,010538540,1,4,0,14,14,3,7,0,0,0,0,0,0,0,3,1,6,6,1,52,8,-1,-1,-1,PIAGGIO MP3,3,E01035659,0,2
2024010519409,2024,010519409,3,9,0,13,13,3,7,0,0,1,0,10,0,0,3,1,6,6,1,30,6,278,1,3,PIAGGIO MP3,4,E01001646,0,1
2024011566704,2024,011566704,2,4,0,-1,19,7,3,-1,0,0,0,0,0,0,4,1,-1,2,1,30,6,-1,-1,-1,PIAGGIO MP3,-1,-1,0,-1
2024010507038,2024,010507038,2,90,0,18,19,7,3,0,0,1,0,0,0,0,3,1,6,6,1,39,7,278,1,8,PIAGGIO MP3,2,E01002856,0,1
2024531519757,2024,531519757,2,4,0,-1,19,5,1,-1,0,1,0,0,0,0,1,1,-1,2,1,30,6,399,1,16,PIAGGIO MP3,2,E01022284,0,1
2024010502185,2024,010502185,1,4,0,18,19,5,1,0,0,0,0,0,0,0,4,1,2,2,1,61,9,-1,-1,-1,PIAGGIO MP3,8,E01024845,0,4
2024010498426,2024,010498426,1,4,0,99,99,9,9,99,99,9,9,99,9,99,2,1,1,1,1,32,6,-1,-1,-1,PIAGGIO MP3,8,E01000538,0,2
2024010539404,2024,010539404,1,4,0,18,19,9,9,99,99,1,9,99,9,99,1,1,1,1,1,25,5,-1,-1,-1,PIAGGIO MP3,5,E01002759,0,2
2024010532965,2024,010532965,1,4,0,18,19,5,1,0,0,0,0,10,0,0,1,1,6,6,1,39,7,-1,-1,-1,PIAGGIO MP3,10,E01004556,0,1
2024010539067,2024,010539067,1,4,0,99,99,9,9,99,99,1,9,11,9,99,1,9,2,2,1,37,7,-1,-1,-1,PIAGGIO MP3,5,E01033918,0,2
2024471472538,2024,471472538,2,4,0,-1,19,3,7,-1,0,1,0,0,0,0,1,1,-1,6,1,47,8,-1,-1,-1,PIAGGIO MP3,8,E01021069,0,4
2024340NN2592,2024,340NN2592,1,90,0,-1,19,6,2,-1,0,4,0,10,0,0,3,1,-1,9,1,71,10,278,1,1,PIAGGIO MP3,7,E01027344,0,1
2024010531442,2024,010531442,2,4,0,3,3,1,5,0,0,1,0,0,0,0,3,1,6,6,1,55,8,-1,-1,-1,PIAGGIO MP3,7,E01003414,0,1
2024010530384,2024,010530384,2,9,0,99,99,9,9,99,99,9,9,99,9,99,2,9,6,6,1,28,6,278,1,10,PIAGGIO MP3,1,E01003971,0,1
2024010513948,2024,010513948,1,4,0,18,19,3,7,0,0,0,0,0,0,0,3,1,2,2,1,53,8,-1,-1,-1,PIAGGIO MP3,3,E01034354,0,3
2024010542759,2024,010542759,1,4,0,99,99,9,9,99,99,9,9,99,9,99,9,1,1,1,1,26,6,-1,-1,-1,PIAGGIO MP3,4,E01032639,0,1
2024010532144,2024,010532144,1,9,0,18,19,7,3,0,0,1,0,0,0,0,1,1,6,6,1,31,6,278,1,9,PIAGGIO MP3,6,E01035491,0,1
2024010544883,2024,010544883,1,4,0,18,19,3,7,0,0,6,5,11,7,11,1,1,6,6,1,30,6,-1,-1,-1,PIAGGIO MP3,5,E01035712,0,1
2024010526120,2024,010526120,1,4,0,99,99,9,9,99,99,9,9,99,9,99,1,1,2,2,1,58,9,-1,-1,-1,PIAGGIO MP3,6,E01003255,0,2
2024010500154,2024,010500154,2,4,0,13,13,1,5,0,0,0,2,0,0,0,1,1,1,1,1,34,6,244,1,14,PIAGGIO MP3,4,E01002014,0,1
2024010544864,2024,010544864,2,4,0,13,13,5,1,0,0,0,0,0,0,0,1,1,6,6,2,53,8,-1,-1,-1,PIAGGIO MP3,4,E01004756,0,1
2024010550490,2024,010550490,2,9,0,18,19,5,1,0,0,8,0,0,0,0,1,1,6,6,1,41,7,278,1,0,PIAGGIO MP3,2,E01001875,0,1
2024010502884,2024,010502884,2,4,0,18,19,1,5,0,0,1,5,0,0,0,1,1,6,6,1,55,8,-1,-1,-1,PIAGGIO MP3,8,E01003774,0,3
2024010547482,2024,010547482,1,4,0,9,9,3,1,0,0,7,0,0,0,0,1,1,6,6,1,30,6,-1,-1,-1,PIAGGIO MP3,5,E01000928,0,1
2024010530249,2024,010530249,2,9,0,18,19,5,1,0,0,1,0,0,0,0,4,1,6,6,1,59,9,278,1,8,PIAGGIO MP3,-1,-1,0,-1
2024010497984,2024,010497984,1,9,0,13,13,5,1,0,0,1,0,0,0,0,4,1,2,2,1,28,6,278,1,0,PIAGGIO MP3,9,E01002210,0,2
2024543617524,2024,543617524,2,5,0,3,3,6,2,0,0,0,0,4,0,0,2,1,2,2,1,63,9,-1,-1,-1,PIAGGIO MP3,9,E01031890,0,1
2024201522998,2024,201522998,2,19,0,-1,19,7,6,-1,0,0,0,0,0,0,3,1,-1,6,1,57,9,1598,2,9,RENAULT TRAFIC,5,E01010223,0,2
2024451398623,2024,451398623,2,19,0,-1,7,1,3,-1,0,3,0,0,0,0,1,1,-1,1,1,37,7,1997,2,1,RENAULT TRAFIC,3,E01024395,0,4