collision_index,collision_year,collision_ref_no,vehicle_reference,vehicle_type,towing_and_articulation,vehicle_manoeuvre_historic,vehicle_manoeuvre,vehicle_direction_from,vehicle_direction_to,vehicle_location_restricted_lane_historic,vehicle_location_restricted_lane,junction_location,skidding_and_overturning,hit_object_in_carriageway,vehicle_leaving_carriageway,hit_object_off_carriageway,first_point_of_impact,vehicle_left_hand_drive,journey_purpose_of_driver_historic,journey_purpose_of_driver,sex_of_driver,age_of_driver,age_band_of_driver,engine_capacity_cc,propulsion_code,age_of_vehicle,generic_make_model,driver_imd_decile,lsoa_of_driver,escooter_flag,driver_distance_banding
2024501488202,2024,501488202,1,19,0,-1,6,5,1,-1,0,0,0,0,0,0,1,1,-1,9,1,32,6,1997,2,2,RENAULT TRAFIC,4,E01034157,0,1
2024451413761,2024,451413761,1,19,0,-1,19,5,1,-1,0,0,0,0,0,0,4,1,-1,1,1,28,6,1997,2,1,RENAULT TRAFIC,9,E01032849,0,4
2024430060634,2024,430060634,1,19,0,9,9,4,2,0,0,6,0,0,0,0,2,1,1,1,1,43,7,1870,2,18,RENAULT TRAFIC,10,E01028707,0,3
2024991482028,2024,991482028,2,19,0,-1,4,8,4,-1,0,0,0,0,0,0,3,1,-1,1,1,25,5,1997,2,1,RENAULT TRAFIC,1,-1,0,1
2024010499623,2024,010499623,2,19,0,4,4,5,1,0,0,1,0,4,0,0,2,1,1,1,1,37,7,1598,2,7,RENAULT TRAFIC,4,E01023346,0,4
2024320003489,2024,320003489,2,19,0,4,4,6,2,0,0,0,0,0,0,0,2,1,-1,-1,1,26,6,1997,2,4,RENAULT TRAFIC,5,E01026052,0,4
2024351427589,2024,351427589,1,19,0,-1,19,4,8,-1,0,0,5,0,1,0,1,1,-1,2,1,33,6,1995,2,12,RENAULT TRAFIC,2,E01028033,0,4
2024221505079,2024,221505079,1,19,0,-1,9,6,3,-1,0,5,0,0,0,0,1,1,-1,2,2,62,9,1598,2,7,RENAULT TRAFIC,9,E01032208,0,2
2024131499224,2024,131499224,1,19,0,-1,12,5,1,-1,0,8,0,0,0,0,3,1,-1,6,1,64,9,1997,2,1,RENAULT TRAFIC,2,E01011763,0,3
2024471488807,2024,471488807,2,90,0,-1,19,2,6,-1,0,0,0,0,1,0,1,1,-1,9,2,42,7,1995,2,15,RENAULT TRAFIC,7,E01016883,0,3
2024101464978,2024,101464978,2,19,0,-1,5,6,3,-1,0,1,0,0,0,0,-1,9,-1,2,1,37,7,1997,2,2,RENAULT TRAFIC,3,E01008639,0,2
2024010546926,2024,010546926,1,19,0,7,7,7,1,0,0,6,0,0,0,0,3,1,6,6,1,37,7,1598,2,7,RENAULT TRAFIC,7,E01003419,0,2
2024440552645,2024,440552645,4,19,0,4,4,2,7,0,0,0,0,0,0,0,1,1,1,1,1,28,6,1997,2,1,RENAULT TRAFIC,5,E01034734,0,2
2024311401496,2024,311401496,2,19,0,-1,19,1,5,-1,0,7,1,0,0,0,1,1,-1,1,1,52,8,1997,2,1,RENAULT TRAFIC,9,E01013251,0,3
2024421495856,2024,421495856,1,19,0,-1,19,1,5,-1,0,0,0,0,0,0,4,1,-1,6,3,-1,-1,1996,2,14,RENAULT TRAFIC,-1,-1,0,-1
2024311514189,2024,311514189,2,19,0,-1,4,3,7,-1,0,2,0,0,0,0,2,1,-1,6,1,-1,-1,1997,2,1,RENAULT TRAFIC,4,E01027945,0,3
2024471507868,2024,471507868,1,19,0,-1,15,7,3,-1,0,1,0,0,0,0,1,2,-1,2,1,34,6,1598,2,8,RENAULT TRAFIC,8,E01031701,0,1
2024010500423,2024,010500423,2,19,0,99,99,9,9,99,99,9,9,99,9,99,9,9,6,6,3,-1,-1,1598,2,8,RENAULT TRAFIC,4,E01003136,0,1
2024071048476,2024,071048476,1,19,0,-1,9,7,3,-1,0,1,0,0,0,0,1,1,-1,9,1,35,6,1995,2,18,RENAULT TRAFIC,4,E01018638,0,1
2024520001179,2024,520001179,1,19,0,14,14,5,1,0,0,1,0,0,0,0,1,1,6,6,1,47,8,1996,2,14,RENAULT TRAFIC,5,E01014537,0,3
2024131440914,2024,131440914,1,19,0,-1,4,7,3,-1,1,0,0,0,0,0,1,1,-1,1,1,21,5,1598,2,5,RENAULT TRAFIC,4,E01011008,0,4
2024211525509,2024,211525509,2,19,0,-1,19,3,8,-1,0,1,0,0,1,0,1,1,-1,1,1,59,9,1598,2,8,RENAULT TRAFIC,5,E01029637,0,1
2024041404945,2024,041404945,2,19,0,-1,19,3,7,-1,0,1,0,0,0,0,4,1,-1,1,1,20,4,1996,2,10,RENAULT TRAFIC,6,E01025367,0,2
2024010524431,2024,010524431,2,19,0,18,19,5,1,0,0,0,0,0,0,0,2,1,6,6,1,49,8,1997,2,0,RENAULT TRAFIC,4,E01001727,0,2
2024421440159,2024,421440159,2,19,0,-1,4,5,1,-1,0,0,0,0,0,0,2,1,-1,2,1,32,6,1598,2,9,RENAULT TRAFIC,2,E01022038,0,2
2024041485149,2024,041485149,3,19,0,-1,4,1,5,-1,0,0,0,0,0,0,1,1,-1,1,1,43,7,1598,2,8,RENAULT TRAFIC,7,E01025029,0,1
2024122401245,2024,122401245,1,8,0,18,19,6,2,0,0,0,0,0,0,0,4,1,1,1,1,76,11,1598,2,8,RENAULT TRAFIC,2,E01027837,0,1
2024991497950,2024,991497950,1,19,0,-1,19,4,1,-1,0,0,5,0,7,4,1,1,-1,1,1,29,6,1997,2,4,RENAULT TRAFIC,-1,-1,0,-1
2024501513709,2024,501513709,1,19,0,-1,19,7,3,-1,0,4,0,0,0,0,1,1,-1,6,1,34,6,1598,2,9,RENAULT TRAFIC,5,E01020279,0,1
2024361513031,2024,361513031,1,9,0,-1,19,2,6,-1,0,0,0,0,0,0,4,1,-1,6,1,60,9,1598,2,8,RENAULT TRAFIC,3,E01026459,0,1
2024010540983,2024,010540983,3,19,0,18,19,3,7,0,0,5,0,0,0,0,0,1,2,2,1,40,7,1598,2,6,RENAULT TRAFIC,6,E01030759,0,4
2024010524557,2024,010524557,2,9,0,9,9,5,3,0,0,0,0,0,0,0,4,1,1,1,1,47,8,1996,2,14,RENAULT TRAFIC,-1,-1,0,-1
2024461412751,2024,461412751,1,19,0,-1,4,7,2,-1,0,0,0,0,0,0,1,1,-1,1,1,20,4,1997,2,1,RENAULT TRAFIC,4,E01035302,0,1
2024991407793,2024,991407793,2,20,0,-1,10,5,2,-1,0,8,0,0,7,0,2,1,-1,1,1,59,9,-1,-1,-1,RENAULT TRAFIC,8,-1,0,3
2024351476809,2024,351476809,1,19,0,-1,6,5,1,-1,0,0,0,0,0,0,3,1,-1,6,1,47,8,1997,2,4,RENAULT TRAFIC,5,E01018082,0,3
2024041431558,2024,041431558,10,19,0,-1,2,6,2,-1,0,2,0,0,0,0,0,9,-1,6,-1,-1,-1,1997,2,3,RENAULT TRAFIC,-1,-1,0,-1
2024311534799,2024,311534799,2,19,0,-1,2,1,5,-1,0,0,0,0,0,0,3,1,-1,6,1,31,6,1870,2,19,RENAULT TRAFIC,1,E01013487,0,4
202454D795324,2024,54D795324,2,19,0,2,2,0,0,0,0,0,0,0,0,0,2,1,1,1,1,71,10,1997,2,3,RENAULT TRAFIC,9,E01032026,0,3
2024320128626,2024,320128626,1,9,0,-1,-1,2,6,0,0,0,1,0,7,4,1,1,-1,-1,1,42,7,1996,2,16,RENAULT TRAFIC,4,E01026367,0,1
2024340WN1472,2024,340WN1472,1,19,0,-1,19,6,2,-1,0,0,0,0,0,0,1,1,-1,6,1,38,7,1997,2,4,RENAULT TRAFIC,8,E01027146,0,1
2024440527020,2024,440527020,2,19,0,18,19,1,5,0,0,0,0,0,0,0,2,1,6,6,1,30,6,1995,2,12,RENAULT TRAFIC,9,E01017046,0,4
2024501408448,2024,501408448,1,19,0,-1,9,2,1,-1,0,2,0,0,0,0,1,1,-1,1,1,20,4,1997,2,3,RENAULT TRAFIC,6,E01018807,0,4
2024161416714,2024,161416714,1,19,0,-1,3,7,3,-1,0,0,0,0,0,0,2,9,-1,6,1,30,6,1598,2,8,RENAULT TRAFIC,7,E01026091,0,4
2024401415712,2024,401415712,2,9,0,-1,19,6,2,-1,0,8,0,0,0,0,4,9,-1,7,2,30,6,1995,2,16,RENAULT TRAFIC,6,E01015721,0,1
2024010526315,2024,010526315,2,19,0,99,99,9,9,99,99,9,9,99,9,99,9,9,6,6,3,54,8,1997,2,3,RENAULT TRAFIC,5,E01002292,0,4
2024010489168,2024,010489168,1,19,0,18,19,1,5,0,0,2,0,0,0,0,1,1,1,1,1,78,11,1598,2,5,RENAULT TRAFIC,6,E01000530,0,1
2024071018043,2024,071018043,3,19,0,-1,3,7,3,-1,0,1,0,0,0,0,2,1,-1,2,1,54,8,1995,2,16,RENAULT TRAFIC,6,E01018610,0,1
2024161443959,2024,161443959,1,19,0,-1,8,1,3,-1,0,0,0,0,0,0,4,9,-1,2,1,32,6,1598,2,7,RENAULT TRAFIC,10,E01013171,0,1
2024421501001,2024,421501001,2,19,0,-1,19,4,8,-1,0,0,0,0,0,0,2,1,-1,6,1,57,9,1997,2,2,RENAULT TRAFIC,2,E01015917,0,4
2024501423992,2024,501423992,1,19,0,-1,19,1,5,-1,0,0,2,0,0,0,0,1,-1,6,1,51,8,1996,2,13,RENAULT TRAFIC,3,E01015060,0,4
2024531410990,2024,531410990,1,19,0,-1,19,5,1,-1,0,0,0,4,0,0,4,1,-1,9,1,27,6,1870,2,19,RENAULT TRAFIC,4,E01022325,0,1
2024010501799,2024,010501799,1,19,0,18,19,7,3,0,0,0,0,0,0,0,1,1,1,1,1,23,5,1598,2,9,RENAULT TRAFIC,8,E01021172,0,4
2024010524298,2024,010524298,1,19,0,7,7,9,9,99,99,9,9,99,9,99,9,9,6,6,3,-1,-1,1997,2,2,RENAULT TRAFIC,8,E01004110,0,3
2024421480607,2024,421480607,1,19,0,-1,5,6,1,-1,0,6,0,0,0,0,1,1,-1,1,1,46,8,1997,2,2,RENAULT TRAFIC,5,E01002363,0,4
2024361451817,2024,361451817,1,19,0,-1,4,3,7,-1,0,0,0,0,0,0,1,1,-1,1,1,21,5,1997,2,0,RENAULT TRAFIC,1,E01026687,0,1
2024070785958,2024,070785958,1,19,0,-1,14,6,2,-1,0,0,0,0,0,0,0,1,-1,9,1,36,7,1995,2,16,RENAULT TRAFIC,9,E01012549,0,1
2024052400089,2024,052400089,1,19,0,18,19,8,4,0,0,0,0,0,1,1,1,1,2,2,1,64,9,1870,2,20,RENAULT TRAFIC,2,E01034832,0,1
2024461440575,2024,461440575,1,19,0,-1,19,2,4,-1,0,1,0,0,0,0,1,9,-1,6,1,65,9,1598,2,9,RENAULT TRAFIC,1,E01016017,0,1
2024421461134,2024,421461134,2,19,0,-1,3,7,3,-1,0,0,0,0,0,0,2,1,-1,1,1,40,7,1997,2,2,RENAULT TRAFIC,-1,-1,0,-1
2024131506593,2024,131506593,2,19,0,-1,19,7,3,-1,0,0,0,0,0,0,2,1,-1,1,1,24,5,1997,2,2,RENAULT TRAFIC,2,E01011485,0,2
2024201432473,2024,201432473,1,19,0,-1,19,6,2,-1,0,8,0,0,0,0,4,9,-1,2,1,21,5,1598,2,7,RENAULT TRAFIC,7,E01010952,0,5
2024610029924,2024,610029924,1,20,0,18,19,2,6,0,0,0,0,0,0,0,1,1,6,6,3,-1,-1,-1,-1,-1,RENAULT TRAFIC,-1,-1,0,-1
2024211498855,2024,211498855,3,19,0,-1,2,0,0,-1,0,0,0,4,0,0,1,1,-1,6,1,35,6,1598,2,7,RENAULT TRAFIC,6,E01029446,0,1
2024320116911,2024,320116911,2,19,0,10,10,6,4,0,0,2,0,0,0,0,2,1,6,6,1,43,7,1997,2,5,RENAULT TRAFIC,5,E01026232,0,2
2024010539435,2024,010539435,1,19,0,99,99,9,9,99,99,9,9,99,9,99,9,9,6,6,3,-1,-1,1997,2,1,RENAULT TRAFIC,-1,-1,0,-1
2024411449925,2024,411449925,2,19,0,-1,13,5,1,-1,0,0,1,0,1,4,3,1,-1,2,1,62,9,1598,2,8,RENAULT TRAFIC,10,E01023747,0,3
2024141465075,2024,141465075,2,19,0,-1,2,0,0,-1,9,0,0,0,0,0,4,1,-1,6,1,42,7,1997,2,0,RENAULT TRAFIC,7,E01007553,0,1
2024010522725,2024,010522725,1,19,0,99,99,9,9,99,99,9,9,99,9,99,1,9,1,1,1,45,7,1997,2,3,RENAULT TRAFIC,5,E01000560,0,2
2024991500567,2024,991500567,2,19,0,-1,19,5,1,-1,0,8,0,0,0,0,1,1,-1,9,2,57,9,1598,2,7,RENAULT TRAFIC,7,-1,0,1
2024531490280,2024,531490280,1,19,0,-1,6,1,5,-1,0,0,0,0,0,0,1,1,-1,6,1,33,6,1997,2,4,RENAULT TRAFIC,-1,-1,0,-1
2024010523219,2024,010523219,1,19,9,99,99,9,9,99,99,0,9,99,9,99,9,9,6,6,3,57,9,1997,2,1,RENAULT TRAFIC,7,E01024433,0,4
2024010519571,2024,010519571,1,19,9,15,15,5,1,0,0,9,9,99,9,99,9,9,6,6,1,47,8,1598,2,5,RENAULT TRAFIC,3,E01027060,0,4
2024010535986,2024,010535986,2,19,0,99,99,9,9,99,99,9,9,99,9,99,1,9,6,6,3,-1,-1,1997,2,1,RENAULT TRAFIC,-1,-1,0,-1
2024451526908,2024,451526908,1,19,0,-1,9,1,5,-1,0,0,0,0,0,0,1,1,-1,6,1,46,8,1870,2,20,RENAULT TRAFIC,10,E01030878,0,2
2024340NN4062,2024,340NN4062,2,19,0,-1,19,1,5,-1,0,0,0,0,0,0,1,1,-1,6,1,56,9,1997,2,4,RENAULT TRAFIC,10,E01025780,0,4
2024991442327,2024,991442327,1,19,0,-1,19,8,4,-1,0,8,1,0,0,0,1,1,-1,6,1,27,6,1870,2,22,RENAULT TRAFIC,-1,-1,0,-1
2024131444308,2024,131444308,1,20,0,-1,19,1,5,-1,0,2,0,0,0,0,1,1,-1,9,1,51,8,-1,-1,-1,RENAULT TRAFIC,5,E01010651,0,2
2024311489958,2024,311489958,1,19,0,-1,11,6,2,-1,0,0,0,0,0,0,4,1,-1,1,3,50,8,1996,2,13,RENAULT TRAFIC,-1,-1,0,-1
2024041552203,2024,041552203,2,19,0,-1,19,7,3,-1,0,0,0,0,1,0,1,1,-1,2,1,47,8,1598,2,8,RENAULT TRAFIC,5,E01025331,0,2
2024451529640,2024,451529640,2,19,0,-1,19,5,5,-1,0,1,0,0,0,0,1,1,-1,2,1,31,6,1997,2,1,RENAULT TRAFIC,10,E01035360,0,3
2024461393694,2024,461393694,3,19,0,-1,4,4,8,-1,0,0,0,0,0,0,4,1,-1,6,1,44,7,1598,2,6,RENAULT TRAFIC,4,E01000380,0,3
2024622400725,2024,622400725,1,19,0,18,19,8,4,0,0,0,0,0,0,0,1,1,1,1,1,34,6,1995,2,11,RENAULT TRAFIC,8,W01001752,0,1
2024010550862,2024,010550862,1,19,0,9,9,3,1,0,0,8,0,0,0,0,1,1,2,2,1,41,7,1997,2,3,RENAULT TRAFIC,6,E01000322,0,1
2024161474719,2024,161474719,1,19,0,-1,19,2,6,-1,0,0,0,0,0,0,2,9,-1,6,1,35,6,1598,2,6,RENAULT TRAFIC,6,E01013160,0,1
2024430427139,2024,430427139,1,19,0,18,19,8,4,0,0,6,0,0,0,0,3,1,1,1,1,25,5,1598,2,8,RENAULT TRAFIC,3,E01023122,0,2
2024052402687,2024,052402687,2,8,0,18,19,3,7,0,0,1,0,0,0,0,1,1,1,1,1,68,10,1997,2,0,RENAULT TRAFIC,2,E01007141,0,2
2024421430997,2024,421430997,1,19,0,-1,19,1,3,-1,0,0,0,0,1,0,1,1,-1,1,1,51,8,1997,2,3,RENAULT TRAFIC,5,E01021297,0,2
2024461535825,2024,461535825,1,19,0,-1,1,1,5,-1,0,1,0,0,0,0,2,9,-1,6,1,33,6,1598,2,7,RENAULT TRAFIC,3,E01003523,0,4
2024141531552,2024,141531552,1,19,0,-1,19,8,4,-1,0,1,0,0,0,0,1,1,-1,1,1,35,6,1995,2,11,RENAULT TRAFIC,5,E01007909,0,3
2024991498718,2024,991498718,1,9,0,-1,19,1,5,-1,0,0,0,0,7,0,1,1,-1,2,1,29,6,1997,2,0,RENAULT TRAFIC,-1,-1,0,-1
2024010512616,2024,010512616,2,19,0,99,99,9,9,99,99,9,9,99,9,99,9,9,6,6,3,-1,-1,1598,2,7,RENAULT TRAFIC,-1,-1,0,-1
2024041505704,2024,041505704,1,19,0,-1,7,3,7,-1,0,8,0,0,0,0,1,1,-1,6,1,32,6,1997,2,0,RENAULT TRAFIC,2,E01024941,0,1
2024131400171,2024,131400171,1,19,0,-1,9,1,7,-1,0,0,0,0,0,0,1,1,-1,1,1,54,8,1995,2,11,RENAULT TRAFIC,6,E01005037,0,4
2024010518039,2024,010518039,1,19,0,11,11,5,1,0,0,1,0,0,0,0,4,1,6,6,1,58,9,1598,2,7,RENAULT TRAFIC,2,E01003046,0,1
2024451401114,2024,451401114,2,19,0,-1,4,1,6,-1,0,0,0,0,0,0,1,1,-1,6,1,40,7,1598,2,7,RENAULT TRAFIC,-1,-1,0,-1
2024461412769,2024,461412769,2,19,0,-1,5,1,5,-1,0,0,0,0,0,0,2,9,-1,2,1,30,6,1598,2,7,RENAULT TRAFIC,4,E01024587,0,1
2024052401126,2024,052401126,1,19,0,7,7,7,1,0,0,1,0,0,0,0,4,1,6,6,3,-1,-1,1598,2,6,RENAULT TRAFIC,-1,-1,0,-1
2024411443618,2024,411443618,1,19,0,-1,4,3,7,-1,0,0,0,0,0,0,1,1,-1,6,1,75,10,1995,2,17,RENAULT TRAFIC,4,E01023296,0,1
2024070342475,2024,070342475,3,19,0,2,2,0,0,9,9,2,0,0,0,0,3,1,6,6,3,-1,-1,1870,2,18,RENAULT TRAFIC,-1,-1,0,-1
2024010531336,2024,010531336,2,19,0,2,2,0,0,0,0,0,0,0,0,0,2,1,6,6,3,-1,-1,1598,2,8,RENAULT TRAFIC,-1,-1,0,-1
2024501506100,2024,501506100,1,19,0,-1,9,4,3,-1,0,6,0,0,0,0,3,1,-1,1,2,53,8,1598,2,8,RENAULT TRAFIC,10,E01021250,0,5
2024041410821,2024,041410821,1,20,0,-1,19,5,1,-1,0,0,1,0,1,3,4,1,-1,9,1,54,8,-1,-1,-1,RENAULT TRAFIC,7,E01025081,0,4
202454D062424,2024,54D062424,2,19,0,18,19,7,1,0,0,8,0,0,0,0,3,1,6,6,1,56,9,1598,2,8,RENAULT TRAFIC,7,E01035394,0,5
2024451429370,2024,451429370,1,19,0,-1,19,3,7,-1,0,0,0,0,6,11,1,1,-1,2,1,51,8,1997,2,2,RENAULT TRAFIC,7,E01030794,0,1
2024421441375,2024,421441375,2,19,0,-1,19,6,2,-1,0,0,0,0,0,0,2,1,-1,1,1,55,8,1598,2,5,RENAULT TRAFIC,5,E01021501,0,2
2024141498636,2024,141498636,1,19,0,-1,3,3,7,-1,0,0,0,0,0,0,2,1,-1,2,1,35,6,1997,2,3,RENAULT TRAFIC,3,E01007371,0,3
2024211415389,2024,211415389,1,19,0,-1,3,7,3,-1,0,0,0,0,0,0,2,9,-1,1,1,32,6,1995,2,16,RENAULT TRAFIC,5,E01018460,0,4
2024010500348,2024,010500348,1,19,0,4,4,5,1,0,0,1,0,0,0,0,2,1,6,6,3,-1,-1,1997,2,1,RENAULT TRAFIC,-1,-1,0,-1
2024010525904,2024,010525904,1,19,0,99,99,9,9,99,99,9,9,99,9,99,9,9,1,1,1,25,5,1997,2,2,RENAULT TRAFIC,6,E01001271,0,1
2024371494819,2024,371494819,2,19,0,-1,19,5,1,-1,0,8,0,0,7,1,4,1,-1,2,1,30,6,1598,2,5,RENAULT TRAFIC,5,E01018273,0,4
2024221449596,2024,221449596,1,19,0,-1,19,1,5,-1,0,0,1,0,0,0,1,1,-1,1,1,59,9,1598,2,6,RENAULT TRAFIC,7,E01014080,0,2
2024010503152,2024,010503152,2,19,0,99,99,9,9,99,99,9,9,99,9,99,2,9,6,6,3,-1,-1,1598,2,6,RENAULT TRAFIC,-1,-1,0,-1
2024451494395,2024,451494395,2,19,0,-1,5,7,5,-1,0,0,0,0,0,0,1,1,-1,2,1,50,8,1997,2,2,RENAULT TRAFIC,7,E01030618,0,1
2024302400738,2024,302400738,1,19,0,7,7,4,6,0,0,8,0,0,0,0,4,1,1,1,1,41,7,1598,2,8,RENAULT TRAFIC,1,E01033269,0,4
2024010520403,2024,010520403,1,19,0,3,3,5,1,0,0,1,0,0,0,0,2,1,2,2,1,48,8,1598,2,5,RENAULT TRAFIC,3,E01002527,0,4
2024332400084,2024,332400084,2,19,0,-1,2,0,0,-1,0,2,0,0,0,0,4,1,-1,6,3,-1,-1,1870,2,18,RENAULT TRAFIC,-1,-1,0,-1
2024522500262,2024,522500262,2,19,0,1,1,7,3,0,0,0,0,0,0,0,2,1,6,6,3,-1,-1,1995,2,18,RENAULT TRAFIC,-1,-1,0,-1
2024552400314,2024,552400314,1,19,0,13,13,2,4,0,0,8,0,0,0,0,4,1,1,1,1,58,9,1995,2,11,RENAULT TRAFIC,6,E01020531,0,2
2024010529463,2024,010529463,1,19,0,18,19,4,8,0,0,1,0,0,0,0,3,1,6,6,1,55,8,1997,2,1,RENAULT TRAFIC,3,E01000630,0,3
2024440548597,2024,440548597,1,10,0,9,9,7,5,0,0,8,0,0,0,0,1,1,1,1,1,39,7,-1,-1,-1,RENAULT TRAFIC,10,E01022645,0,4
2024061414684,2024,061414684,3,19,0,-1,2,0,0,-1,9,0,0,0,0,0,1,1,-1,6,-1,-1,-1,1995,2,11,RENAULT TRAFIC,-1,-1,0,-1
2024332400345,2024,332400345,1,19,0,-1,19,7,3,-1,0,1,0,0,0,0,1,1,-1,6,3,-1,-1,1870,2,20,RENAULT TRAFIC,-1,-1,0,-1
2024440492486,2024,440492486,1,10,0,18,19,8,4,0,0,0,0,0,0,0,1,1,1,1,1,63,9,-1,-1,-1,RENAULT TRAFIC,7,E01017316,0,1
2024010531463,2024,010531463,3,19,0,18,19,3,7,0,0,8,0,0,0,0,4,1,2,2,1,49,8,1997,2,2,RENAULT TRAFIC,4,E01003036,0,2
2024451457115,2024,451457115,2,19,0,-1,5,1,5,-1,0,1,0,0,0,0,4,1,-1,1,1,22,5,1598,2,8,RENAULT TRAFIC,9,E01031504,0,3
2024131535264,2024,131535264,1,19,0,-1,19,7,7,-1,0,2,0,0,0,0,1,1,-1,2,1,49,8,1997,2,3,RENAULT TRAFIC,8,E01010573,0,3
2024211464686,2024,211464686,1,19,0,-1,19,6,1,-1,0,5,5,0,1,0,1,1,-1,1,1,29,6,1997,2,2,RENAULT TRAFIC,9,E01029518,0,2
2024041532309,2024,041532309,2,9,0,-1,19,7,3,-1,0,0,0,0,0,0,4,1,-1,1,2,38,7,1598,2,7,RENAULT TRAFIC,5,E01025363,0,4
2024052401575,2024,052401575,2,19,0,17,19,5,2,0,0,8,0,0,0,0,3,1,6,6,1,33,6,1598,2,5,RENAULT TRAFIC,4,E01007042,0,1
2024522401499,2024,522401499,1,9,0,4,4,4,8,0,0,0,0,0,0,0,3,1,6,6,1,38,7,1997,2,4,RENAULT TRAFIC,6,E01014914,0,3
2024122400074,2024,122400074,2,10,0,10,10,2,8,0,0,1,0,0,0,0,1,1,1,1,1,67,10,-1,-1,-1,RENAULT TRAFIC,10,E01013388,0,3
2024041516426,2024,041516426,5,19,0,-1,4,3,7,-1,0,0,0,0,0,0,1,1,-1,1,1,30,6,1997,2,3,RENAULT TRAFIC,6,E01005403,0,4
2024440145316,2024,440145316,3,19,0,2,2,0,0,0,0,0,0,0,0,0,1,1,6,6,3,-1,-1,1870,2,21,RENAULT TRAFIC,-1,-1,0,-1
2024411522108,2024,411522108,2,19,-1,-1,-1,-1,-1,-1,-1,-1,-1,-1,-1,0,-1,9,-1,6,1,50,8,1997,2,0,RENAULT TRAFIC,9,E01017403,0,4
2024471499288,2024,471499288,1,19,0,-1,19,5,1,-1,0,1,0,0,0,0,1,1,-1,6,1,75,10,-1,-1,-1,RENAULT TRAFIC,9,E01016985,0,1
2024122400880,2024,122400880,1,9,0,9,9,2,6,0,0,0,0,0,0,0,3,1,1,1,1,36,7,1996,2,15,RENAULT TRAFIC,4,E01034982,0,1
2024440101220,2024,440101220,1,19,0,10,10,4,8,0,0,1,0,0,0,0,2,1,1,1,1,63,9,1996,2,14,RENAULT TRAFIC,4,E01017333,0,1
2024340WN2462,2024,340WN2462,2,19,0,-1,4,8,3,-1,0,1,0,0,0,0,2,1,-1,2,1,38,7,1997,2,1,RENAULT TRAFIC,6,E01026986,0,2
2024461483574,2024,461483574,1,19,0,-1,19,6,2,-1,0,8,0,0,0,0,1,2,-1,1,1,22,5,1997,2,1,RENAULT TRAFIC,9,E01024814,0,4
2024471410310,2024,471410310,1,19,0,-1,19,5,1,-1,0,0,0,0,0,0,1,1,-1,1,1,23,5,1598,2,7,RENAULT TRAFIC,2,E01016906,0,4
2024041435119,2024,041435119,1,9,0,-1,4,3,7,-1,0,0,0,0,0,0,1,1,-1,1,1,25,5,1995,2,9,RENAULT TRAFIC,4,E01025216,0,4
2024991436799,2024,991436799,2,19,0,-1,5,7,3,-1,0,8,0,0,3,0,2,1,-1,1,1,35,6,1997,2,5,RENAULT TRAFIC,-1,-1,0,-1
2024471420257,2024,471420257,1,19,0,-1,1,8,4,-1,9,6,0,0,0,0,2,1,-1,2,1,49,8,1996,2,13,RENAULT TRAFIC,10,E01031367,0,1
2024411460838,2024,411460838,1,10,-1,-1,-1,-1,-1,-1,-1,6,-1,-1,-1,0,-1,9,-1,6,2,48,8,-1,-1,-1,RENAULT TRAFIC,2,E01001409,0,3
2024421445770,2024,421445770,3,19,0,-1,19,3,7,-1,0,1,0,0,0,0,0,1,-1,6,1,40,7,1598,2,6,RENAULT TRAFIC,2,E01021320,0,1
2024311415986,2024,311415986,2,19,0,-1,2,1,1,-1,0,0,0,0,1,0,1,1,-1,6,1,58,9,1870,2,19,RENAULT TRAFIC,7,E01027999,0,1
2024552401130,2024,552401130,2,19,0,18,19,2,6,0,0,8,0,0,0,0,1,1,6,6,2,62,9,1996,2,13,RENAULT TRAFIC,3,E01029062,0,4
202417M114124,2024,17M114124,2,10,0,-1,19,2,6,-1,0,0,5,0,1,4,2,1,-1,9,1,41,7,-1,-1,-1,RENAULT TRAFIC,9,E01012224,0,2
2024201548384,2024,201548384,1,19,0,-1,4,4,8,-1,0,0,0,0,0,0,1,1,-1,6,1,26,6,1995,2,15,RENAULT TRAFIC,4,E01009139,0,2
2024421403819,2024,421403819,1,19,0,-1,19,5,1,-1,0,0,0,0,0,0,1,9,-1,6,3,-1,-1,1598,2,9,RENAULT TRAFIC,-1,-1,0,-1
2024451408236,2024,451408236,2,19,0,-1,19,1,5,-1,0,0,0,0,0,0,1,1,-1,1,1,36,7,1997,2,2,RENAULT TRAFIC,6,E01030631,0,4
2024547662524,2024,547662524,1,19,0,4,4,3,7,0,0,0,1,0,0,0,1,1,6,6,1,29,6,1997,2,3,RENAULT TRAFIC,5,E01032063,0,1
2024461479912,2024,461479912,1,19,0,-1,19,4,2,-1,0,0,0,0,0,0,4,9,-1,6,3,-1,-1,1997,2,0,RENAULT TRAFIC,5,E01024345,0,3
2024061509650,2024,061509650,2,19,0,-1,19,1,5,-1,0,3,0,0,0,0,4,1,-1,2,1,63,9,1997,2,2,RENAULT TRAFIC,10,E01006196,0,1