collision_index,collision_year,collision_ref_no,vehicle_reference,vehicle_type,towing_and_articulation,vehicle_manoeuvre_historic,vehicle_manoeuvre,vehicle_direction_from,vehicle_direction_to,vehicle_location_restricted_lane_historic,vehicle_location_restricted_lane,junction_location,skidding_and_overturning,hit_object_in_carriageway,vehicle_leaving_carriageway,hit_object_off_carriageway,first_point_of_impact,vehicle_left_hand_drive,journey_purpose_of_driver_historic,journey_purpose_of_driver,sex_of_driver,age_of_driver,age_band_of_driver,engine_capacity_cc,propulsion_code,age_of_vehicle,generic_make_model,driver_imd_decile,lsoa_of_driver,escooter_flag,driver_distance_banding
2024320249595,2024,320249595,1,19,0,9,9,6,4,0,0,8,0,0,0,0,1,1,6,6,1,61,9,1996,2,11,RENAULT TRAFIC,-1,-1,0,-1
2024221492272,2024,221492272,4,19,0,-1,19,8,4,-1,0,8,0,0,0,0,1,1,-1,1,1,33,6,1997,2,0,RENAULT TRAFIC,5,E01008925,0,4
2024052401665,2024,052401665,1,19,0,1,1,2,6,0,0,0,0,0,0,0,2,1,2,2,1,20,4,1598,2,8,RENAULT TRAFIC,1,E01006632,0,2
2024631421061,2024,631421061,1,19,0,-1,1,3,7,-1,-1,8,0,0,0,0,2,1,-1,1,1,32,6,1995,2,15,RENAULT TRAFIC,5,W01000531,0,1
2024501469488,2024,501469488,2,19,0,-1,19,7,3,-1,0,0,0,0,0,0,1,1,-1,1,1,54,8,1997,2,1,RENAULT TRAFIC,6,E01018750,0,4
2024311508852,2024,311508852,2,19,0,-1,19,1,5,-1,0,0,0,0,0,0,1,1,-1,1,1,22,5,1995,2,11,RENAULT TRAFIC,-1,-1,0,-1
2024991462471,2024,991462471,2,19,0,-1,19,8,5,-1,0,1,0,0,1,0,1,1,-1,2,1,49,8,1997,2,3,RENAULT TRAFIC,8,-1,0,3
2024010513975,2024,010513975,3,19,0,18,19,5,1,0,0,1,0,0,0,0,1,1,6,6,3,23,5,1997,2,1,RENAULT TRAFIC,-1,-1,0,-1
2024461442490,2024,461442490,2,19,0,-1,3,2,6,-1,0,0,0,0,0,0,2,9,-1,6,1,56,9,1996,2,12,RENAULT TRAFIC,4,E01024087,0,1
2024101430259,2024,101430259,1,19,0,-1,19,2,2,-1,0,0,1,0,0,0,2,1,-1,6,1,50,8,1997,2,1,RENAULT TRAFIC,9,E01027437,0,4
2024031487755,2024,031487755,2,19,0,-1,19,5,8,-1,0,0,0,0,0,0,3,1,-1,1,1,59,9,1598,2,7,RENAULT TRAFIC,-1,-1,0,-1
2024221512202,2024,221512202,1,19,0,-1,19,2,6,-1,0,0,0,6,0,0,1,1,-1,6,1,28,6,1997,2,0,RENAULT TRAFIC,8,E01011796,0,5
2024041397566,2024,041397566,1,19,0,-1,19,5,1,-1,0,4,0,0,0,0,1,1,-1,1,1,27,6,1598,2,9,RENAULT TRAFIC,8,E01024105,0,5
2024320256947,2024,320256947,1,19,0,7,7,6,8,0,0,5,0,0,0,0,4,1,1,1,1,21,5,1598,2,7,RENAULT TRAFIC,1,E01010239,0,5
2024552400442,2024,552400442,1,19,0,7,7,6,8,0,0,6,0,0,0,0,1,1,2,2,1,68,10,1870,2,21,RENAULT TRAFIC,7,E01015424,0,1
2024991446452,2024,991446452,2,19,0,-1,19,4,8,-1,0,0,0,0,0,0,2,1,-1,1,1,53,8,1598,2,6,RENAULT TRAFIC,6,-1,0,4
2024361484521,2024,361484521,2,19,0,-1,2,0,0,-1,0,0,0,4,0,0,2,1,-1,1,1,65,9,1598,2,7,RENAULT TRAFIC,3,E01026639,0,1
2024421438133,2024,421438133,1,19,0,-1,11,5,6,-1,0,0,0,0,0,0,1,9,-1,1,1,51,8,1995,2,11,RENAULT TRAFIC,6,E01002998,0,4
2024302400813,2024,302400813,2,19,0,2,2,0,0,0,0,1,0,0,0,0,3,1,1,1,1,35,6,1995,2,11,RENAULT TRAFIC,6,E01019457,0,1
2024421514124,2024,421514124,1,19,0,-1,19,1,5,-1,0,0,0,0,0,0,1,1,-1,6,1,43,7,1997,2,2,RENAULT TRAFIC,3,E01000901,0,4
2024010506824,2024,010506824,2,19,0,10,10,7,5,0,0,8,0,0,0,0,2,1,2,2,1,48,8,1598,2,7,RENAULT TRAFIC,3,E01001169,0,3
2024141566810,2024,141566810,2,9,0,-1,19,8,4,-1,0,0,0,0,0,0,1,1,-1,9,1,53,8,1995,2,11,RENAULT TRAFIC,3,E01007337,0,1
2024010536865,2024,010536865,1,19,0,18,19,1,5,0,0,1,0,0,0,0,3,1,1,1,1,42,7,1997,2,1,RENAULT TRAFIC,10,E01030641,0,3
2024141533630,2024,141533630,2,19,0,-1,9,3,7,-1,0,1,1,0,0,0,2,1,-1,1,1,28,6,1997,2,5,RENAULT TRAFIC,3,E01008004,0,1
2024010538980,2024,010538980,1,9,0,-1,-1,1,5,0,0,0,0,0,0,0,1,1,6,6,2,39,7,1598,2,7,RENAULT TRAFIC,4,E01001369,0,3
2024041455639,2024,041455639,1,19,0,-1,19,3,7,-1,0,0,0,0,4,0,1,1,-1,1,1,42,7,1598,2,9,RENAULT TRAFIC,8,E01025358,0,3
2024610045024,2024,610045024,2,19,0,18,19,7,3,0,0,8,0,0,0,0,3,1,6,6,1,36,7,1995,2,17,RENAULT TRAFIC,2,W01001663,0,1
2024111498589,2024,111498589,1,19,5,-1,19,5,1,-1,0,0,0,0,0,0,1,1,-1,6,1,34,6,1997,2,3,RENAULT TRAFIC,9,E01011698,0,4
2024461469578,2024,461469578,1,19,0,-1,19,4,1,-1,0,0,0,0,0,0,1,9,-1,6,3,-1,-1,1997,2,4,RENAULT TRAFIC,-1,-1,0,-1
2024421440316,2024,421440316,1,19,0,-1,9,1,7,-1,0,2,0,0,0,0,1,1,-1,6,1,64,9,1996,2,14,RENAULT TRAFIC,4,E01021984,0,2
2024440337590,2024,440337590,1,19,0,16,19,1,4,0,0,0,0,0,0,0,1,1,2,2,1,41,7,1997,2,1,RENAULT TRAFIC,9,E01031994,0,4
2024332400210,2024,332400210,1,19,0,-1,4,2,3,-1,0,6,2,0,2,11,1,1,-1,9,1,28,6,1995,2,15,RENAULT TRAFIC,9,E01025640,0,3
2024010497136,2024,010497136,4,19,0,18,19,1,5,0,0,0,0,0,0,0,1,1,6,6,1,51,8,1598,2,5,RENAULT TRAFIC,10,E01023810,0,2
2024041495566,2024,041495566,2,9,0,-1,19,5,1,-1,0,0,5,0,0,0,1,1,-1,1,1,58,9,1997,2,1,RENAULT TRAFIC,7,E01025033,0,3
2024302400201,2024,302400201,1,19,0,18,19,2,6,0,0,1,0,0,0,0,1,1,1,1,1,49,8,1598,2,8,RENAULT TRAFIC,4,E01013501,0,1
2024991523173,2024,991523173,1,8,0,-1,19,5,1,-1,0,1,1,0,7,0,4,1,-1,1,2,65,9,1995,2,12,RENAULT TRAFIC,4,-1,0,1
2024131498285,2024,131498285,1,19,0,-1,19,2,6,-1,0,1,0,0,0,0,1,1,-1,6,1,-1,-1,1598,2,8,RENAULT TRAFIC,-1,-1,0,-1
2024440174387,2024,440174387,2,19,0,9,9,3,1,0,0,8,0,0,0,0,3,1,1,1,1,35,6,1997,2,2,RENAULT TRAFIC,9,E01022643,0,1
2024201515847,2024,201515847,1,19,0,-1,19,3,7,-1,0,1,0,0,0,0,4,1,-1,6,3,-1,-1,1997,2,3,RENAULT TRAFIC,-1,-1,0,-1
2024520402108,2024,520402108,2,19,0,18,19,5,1,0,0,0,0,0,0,0,1,1,6,6,1,37,7,1598,2,5,RENAULT TRAFIC,8,E01022166,0,5
2024471494807,2024,471494807,1,9,0,-1,15,5,1,-1,0,0,0,0,0,0,2,1,-1,6,2,47,8,1997,2,2,RENAULT TRAFIC,2,E01004470,0,4
2024631424708,2024,631424708,3,19,0,-1,19,2,6,-1,0,0,0,0,0,0,0,1,-1,9,1,25,5,1997,2,1,RENAULT TRAFIC,4,W01000516,0,2
2024010516798,2024,010516798,2,19,0,18,19,3,7,0,0,0,0,0,0,0,4,1,6,6,1,44,7,1997,2,1,RENAULT TRAFIC,-1,-1,0,-1
2024440292960,2024,440292960,3,19,0,1,1,3,5,0,0,0,0,0,0,0,0,1,1,1,3,-1,-1,1598,2,8,RENAULT TRAFIC,-1,-1,0,-1
2024451464020,2024,451464020,3,19,0,-1,19,2,6,-1,0,1,0,0,0,0,1,2,-1,2,1,34,6,1598,2,10,RENAULT TRAFIC,5,E01030980,0,3
2024311505874,2024,311505874,2,19,0,-1,4,1,5,-1,0,0,0,0,0,0,2,1,-1,6,1,55,8,1598,2,9,RENAULT TRAFIC,6,E01028242,0,1
2024010537733,2024,010537733,1,19,0,9,9,1,7,0,0,1,0,0,0,0,1,1,1,1,1,52,8,1997,2,1,RENAULT TRAFIC,2,E01001114,0,1
2024430229967,2024,430229967,2,19,0,18,19,4,8,0,0,4,0,0,0,0,1,1,6,6,3,-1,-1,1997,2,3,RENAULT TRAFIC,-1,-1,0,-1
2024991509664,2024,991509664,5,19,0,-1,19,1,5,-1,0,0,0,0,0,0,1,1,-1,1,1,29,6,1997,2,1,RENAULT TRAFIC,10,E01030999,0,5
2024991455709,2024,991455709,1,8,0,-1,11,7,4,-1,0,1,0,0,0,0,4,1,-1,1,1,66,10,1997,2,3,RENAULT TRAFIC,7,-1,0,4
2024161468987,2024,161468987,2,19,0,-1,19,3,7,-1,0,0,0,0,0,0,2,1,-1,6,1,56,9,1997,2,1,RENAULT TRAFIC,2,E01012821,0,2
2024991457217,2024,991457217,1,20,0,-1,19,5,1,-1,0,0,0,0,1,4,1,1,-1,6,1,32,6,-1,-1,-1,RENAULT TRAFIC,-1,-1,0,-1
2024451418440,2024,451418440,2,19,0,-1,19,8,4,-1,0,0,0,0,0,0,1,1,-1,1,1,34,6,1997,2,2,RENAULT TRAFIC,9,E01011118,0,5
2024991400572,2024,991400572,1,19,0,-1,2,0,0,-1,0,1,0,0,0,0,3,9,-1,6,1,54,8,1598,2,7,RENAULT TRAFIC,2,-1,0,2
2024361521491,2024,361521491,1,19,0,-1,19,7,3,-1,0,1,0,0,0,0,1,1,-1,6,1,60,9,1997,2,0,RENAULT TRAFIC,4,E01026645,0,4
2024401438638,2024,401438638,1,19,-1,-1,19,1,5,-1,0,8,0,0,0,0,4,9,-1,6,1,49,8,1598,2,9,RENAULT TRAFIC,3,E01015737,0,1
2024430308385,2024,430308385,1,19,0,2,2,0,0,0,0,0,0,10,0,0,2,1,6,6,1,73,10,1870,2,19,RENAULT TRAFIC,4,E01028529,0,1
2024371455697,2024,371455697,3,19,0,-1,2,0,0,-1,0,0,0,0,0,0,1,1,-1,6,-1,-1,-1,1995,2,14,RENAULT TRAFIC,-1,-1,0,-1
2024411482514,2024,411482514,1,19,0,-1,19,7,2,-1,0,1,0,0,0,0,1,1,-1,6,1,51,8,1598,2,7,RENAULT TRAFIC,5,E01023575,0,2
2024351399328,2024,351399328,1,19,0,-1,15,5,1,-1,0,0,0,0,0,0,4,9,-1,6,1,36,7,1997,2,3,RENAULT TRAFIC,9,E01018177,0,4
2024221484123,2024,221484123,2,19,0,-1,9,2,8,-1,0,3,0,0,0,0,3,1,-1,9,1,55,8,1870,2,20,RENAULT TRAFIC,2,E01032435,0,1
2024302400322,2024,302400322,2,19,0,3,3,5,1,0,0,0,0,0,0,0,2,1,6,6,1,53,8,-1,-1,-1,RENAULT TRAFIC,7,E01014100,0,5
2024010510345,2024,010510345,1,19,0,-1,-1,1,5,0,0,0,0,0,0,0,1,1,2,2,1,40,7,1598,2,9,RENAULT TRAFIC,-1,-1,0,-1
2024451455265,2024,451455265,2,19,0,-1,19,2,6,-1,0,0,0,0,0,0,2,1,-1,2,1,22,5,1997,2,1,RENAULT TRAFIC,10,E01022853,0,3
2024421454252,2024,421454252,1,19,0,-1,7,2,4,-1,0,2,0,0,0,0,1,1,-1,6,1,57,9,1996,2,12,RENAULT TRAFIC,10,E01021587,0,1
2024061492987,2024,061492987,1,19,0,-1,19,-1,-1,-1,0,8,0,0,0,0,4,1,-1,6,2,-1,-1,1598,2,5,RENAULT TRAFIC,2,E01004902,0,1
2024010543919,2024,010543919,2,19,0,99,99,9,9,99,99,9,9,99,9,99,1,9,6,6,1,57,9,1997,2,1,RENAULT TRAFIC,3,E01003623,0,1
2024991424330,2024,991424330,1,19,0,-1,13,2,6,-1,0,0,0,0,0,0,1,1,-1,6,1,48,8,1598,2,9,RENAULT TRAFIC,5,-1,0,5
2024522402955,2024,522402955,2,19,0,18,19,6,2,0,0,0,0,0,0,0,3,1,6,6,1,45,7,1598,2,7,RENAULT TRAFIC,8,E01014637,0,3
2024340NN3822,2024,340NN3822,1,19,0,-1,19,2,6,-1,0,1,0,0,0,0,1,1,-1,6,1,51,8,1598,2,8,RENAULT TRAFIC,8,E01027103,0,1
2024010506948,2024,010506948,2,19,0,18,19,5,1,0,0,8,0,0,0,0,1,2,6,6,1,54,8,1997,2,5,RENAULT TRAFIC,5,E01003743,0,1
2024430561402,2024,430561402,1,8,0,5,5,6,2,0,0,6,0,0,0,0,1,1,1,1,2,-1,-1,1997,2,0,RENAULT TRAFIC,-1,-1,0,-1
2024161535065,2024,161535065,2,19,0,-1,2,0,0,-1,0,0,0,0,0,0,1,1,-1,6,-1,-1,-1,1997,2,3,RENAULT TRAFIC,-1,-1,0,-1
2024122400127,2024,122400127,2,19,0,18,19,7,3,0,0,8,0,0,0,0,3,1,1,1,1,55,8,1598,2,8,RENAULT TRAFIC,8,E01027620,0,2
2024010551622,2024,010551622,2,19,0,9,9,3,8,0,0,6,0,0,0,0,1,2,1,1,1,57,9,1997,2,1,RENAULT TRAFIC,2,E01001114,0,1
2024231409294,2024,231409294,1,19,0,-1,19,5,1,-1,0,0,0,4,4,6,1,1,-1,9,1,65,9,1996,2,13,RENAULT TRAFIC,1,E01031043,0,2
2024111454970,2024,111454970,2,19,0,-1,19,7,3,-1,0,1,0,0,0,0,1,1,-1,6,1,51,8,1995,2,11,RENAULT TRAFIC,1,E01012020,0,4
2024201483463,2024,201483463,1,19,0,-1,2,0,0,-1,0,0,0,0,0,0,1,1,-1,6,1,33,6,1997,2,2,RENAULT TRAFIC,4,E01009227,0,1
2024451488403,2024,451488403,3,19,0,-1,3,1,5,-1,0,0,0,0,0,0,2,1,-1,2,1,44,7,1598,2,7,RENAULT TRAFIC,5,E01016500,0,3
2024501534128,2024,501534128,1,19,0,-1,9,3,1,-1,0,1,0,0,0,0,4,1,-1,6,1,55,8,1997,2,4,RENAULT TRAFIC,5,E01018757,0,2
2024991483156,2024,991483156,2,19,0,-1,2,0,0,-1,0,0,0,0,0,0,3,1,-1,6,-1,-1,-1,1997,2,1,RENAULT TRAFIC,-1,-1,0,-1
2024451481069,2024,451481069,1,19,0,-1,19,7,3,-1,0,0,5,0,0,0,1,1,-1,2,1,39,7,1997,2,4,RENAULT TRAFIC,10,E01030436,0,1
2024231526585,2024,231526585,2,19,0,-1,3,6,2,-1,0,0,0,0,0,0,2,1,-1,6,1,46,8,1997,2,3,RENAULT TRAFIC,9,E01025862,0,4
2024010518871,2024,010518871,1,19,0,7,7,1,4,0,0,8,0,0,0,0,1,1,6,6,1,33,6,1598,2,5,RENAULT TRAFIC,10,E01015910,0,4
2024531428142,2024,531428142,1,19,0,-1,19,3,7,-1,0,4,0,0,0,0,1,1,-1,6,1,56,9,1997,2,1,RENAULT TRAFIC,8,E01032938,0,3
2024041416322,2024,041416322,1,19,0,-1,9,1,3,-1,0,6,0,0,0,0,0,1,-1,9,1,63,9,1870,2,19,RENAULT TRAFIC,3,E01012708,0,1
2024371485939,2024,371485939,1,19,0,-1,1,6,3,-1,0,0,0,0,0,0,2,1,-1,6,1,53,8,1997,2,1,RENAULT TRAFIC,7,E01029896,0,3
2024131501880,2024,131501880,1,19,0,-1,19,1,5,-1,0,3,0,0,0,0,1,1,-1,2,1,30,6,1997,2,1,RENAULT TRAFIC,3,E01011097,0,3
2024070607765,2024,070607765,1,19,0,4,4,4,8,0,0,1,0,0,0,0,3,1,2,2,1,38,7,1598,2,8,RENAULT TRAFIC,-1,-1,0,-1
2024221435485,2024,221435485,2,19,0,-1,6,4,4,-1,0,8,0,0,0,0,2,9,-1,9,1,50,8,1870,2,22,RENAULT TRAFIC,10,E01032284,0,2
2024052402207,2024,052402207,1,19,0,9,9,5,1,0,0,5,0,0,0,0,1,1,6,6,3,-1,-1,1996,2,13,RENAULT TRAFIC,-1,-1,0,-1
2024440316401,2024,440316401,1,19,0,18,19,2,6,0,0,8,0,0,0,0,3,1,6,6,1,33,6,1598,2,9,RENAULT TRAFIC,6,E01017200,0,3
2024421504594,2024,421504594,1,19,4,-1,5,7,3,-1,0,2,0,0,0,0,3,1,-1,2,1,19,4,1598,2,7,RENAULT TRAFIC,2,E01021312,0,1
2024440090780,2024,440090780,1,19,0,1,1,4,8,0,0,8,0,0,0,0,2,1,2,2,1,18,4,1870,2,18,RENAULT TRAFIC,-1,-1,0,-1
202417L110624,2024,17L110624,2,10,0,-1,19,8,4,-1,0,0,0,0,0,0,1,1,-1,1,1,53,8,-1,-1,-1,RENAULT TRAFIC,3,E01012137,0,1
2024440126708,2024,440126708,2,19,0,17,19,6,2,0,0,0,0,0,1,1,1,1,2,2,1,52,8,1870,2,18,RENAULT TRAFIC,7,E01023223,0,1
2024440062922,2024,440062922,2,19,0,9,9,4,2,0,0,8,0,0,0,0,3,1,6,6,1,45,7,1995,2,11,RENAULT TRAFIC,5,E01017209,0,2
2024361491291,2024,361491291,2,19,-1,-1,-1,-1,-1,-1,-1,-1,-1,-1,-1,0,4,1,-1,9,1,47,8,1598,2,9,RENAULT TRAFIC,7,E01026532,0,1
2024320617706,2024,320617706,1,19,0,9,9,4,2,0,0,6,0,0,0,0,1,1,-1,-1,1,71,10,1598,2,6,RENAULT TRAFIC,1,E01026109,0,1
2024440179694,2024,440179694,1,19,0,18,19,8,4,0,0,0,0,0,0,0,4,1,1,1,1,46,8,1996,2,13,RENAULT TRAFIC,7,E01022672,0,3
2024131401796,2024,131401796,2,10,0,-1,9,5,1,-1,0,5,1,0,0,0,3,1,-1,1,1,62,9,-1,-1,-1,RENAULT TRAFIC,9,E01027894,0,3
2024531500450,2024,531500450,1,19,0,-1,19,3,7,-1,0,0,0,0,0,0,1,9,-1,6,1,63,9,1995,2,16,RENAULT TRAFIC,9,E01022443,0,3
2024201547705,2024,201547705,1,19,0,-1,19,8,6,-1,0,6,0,0,0,0,1,9,-1,6,1,43,7,1996,2,13,RENAULT TRAFIC,6,E01009318,0,1
2024522403420,2024,522403420,2,19,0,9,9,4,2,0,0,6,0,0,0,0,1,1,6,6,3,-1,-1,1997,2,0,RENAULT TRAFIC,-1,-1,0,-1
2024231461173,2024,231461173,1,19,0,-1,19,4,8,-1,0,1,0,0,0,0,1,1,-1,1,1,31,6,1995,2,12,RENAULT TRAFIC,8,E01035034,0,2
2024122401109,2024,122401109,2,19,0,18,19,2,6,0,0,8,0,0,7,4,4,1,1,1,1,62,9,1996,2,14,RENAULT TRAFIC,8,E01027693,0,2
2024520500397,2024,520500397,2,19,0,18,19,6,2,0,0,0,0,0,0,0,1,1,6,6,3,-1,-1,1996,2,11,RENAULT TRAFIC,-1,-1,0,-1
2024421459284,2024,421459284,1,19,0,-1,9,2,8,-1,0,0,0,0,0,0,3,1,-1,6,1,41,7,1598,2,6,RENAULT TRAFIC,9,E01021828,0,1
2024451418589,2024,451418589,1,19,0,-1,9,6,2,-1,0,6,0,0,0,0,1,1,-1,6,3,45,7,1995,2,14,RENAULT TRAFIC,-1,-1,0,-1
2024010509218,2024,010509218,1,19,0,18,19,7,3,0,0,1,0,0,0,0,0,1,2,2,1,26,6,1997,2,3,RENAULT TRAFIC,7,E01021336,0,4
2024332400060,2024,332400060,2,19,0,-1,19,5,1,-1,0,0,0,0,1,0,1,1,-1,6,1,31,6,1598,2,7,RENAULT TRAFIC,9,E01035088,0,1
2024131460225,2024,131460225,2,19,0,-1,5,3,7,-1,0,0,0,0,0,0,1,1,-1,1,1,34,6,1997,2,2,RENAULT TRAFIC,2,E01005512,0,4
2024052401610,2024,052401610,1,19,0,18,19,5,1,0,0,3,0,0,0,0,1,1,6,6,1,49,8,1997,2,3,RENAULT TRAFIC,2,E01006428,0,2
2024131477195,2024,131477195,1,19,0,-1,9,7,5,-1,0,6,0,0,0,0,1,1,-1,1,1,29,6,1997,2,2,RENAULT TRAFIC,7,E01010977,0,3
2024010546857,2024,010546857,2,19,0,99,99,9,9,99,99,9,9,99,9,99,2,9,6,6,1,31,6,1598,2,7,RENAULT TRAFIC,4,E01003405,0,1
2024501400679,2024,501400679,1,19,0,-1,9,5,2,-1,0,1,0,0,0,0,4,1,-1,2,1,34,6,1997,2,1,RENAULT TRAFIC,6,E01034635,0,1
2024371480461,2024,371480461,4,19,0,-1,4,3,7,-1,0,0,0,0,0,0,1,1,-1,1,1,43,7,1997,2,2,RENAULT TRAFIC,9,E01030089,0,3
2024622400276,2024,622400276,1,19,0,17,19,8,4,0,0,0,1,0,0,0,1,1,1,1,1,24,5,1598,2,5,RENAULT TRAFIC,6,W01001184,0,3
2024161454417,2024,161454417,4,19,0,-1,19,1,5,-1,0,0,0,0,0,0,1,9,-1,1,1,19,4,1598,2,6,RENAULT TRAFIC,8,E01013024,0,4
2024501412119,2024,501412119,2,19,0,-1,1,1,3,-1,0,0,0,0,0,0,2,9,-1,6,3,-1,-1,1995,2,12,RENAULT TRAFIC,-1,-1,0,-1
2024471472122,2024,471472122,2,19,0,-1,4,6,2,-1,0,0,1,0,0,0,1,1,-1,6,1,-1,-1,1997,2,4,RENAULT TRAFIC,-1,-1,0,-1
2024361465077,2024,361465077,2,19,0,-1,19,8,4,-1,0,8,0,0,0,0,1,1,-1,6,1,69,10,1995,2,12,RENAULT TRAFIC,3,E01026721,0,1
2024461400530,2024,461400530,3,19,0,-1,3,3,7,-1,0,0,0,0,0,0,2,1,-1,1,1,26,6,1598,2,5,RENAULT TRAFIC,8,E01024063,0,2
2024010536550,2024,010536550,1,19,0,7,7,2,4,0,0,8,0,0,0,0,0,1,6,6,1,22,5,1997,2,1,RENAULT TRAFIC,2,E01003052,0,1
2024440556071,2024,440556071,1,19,0,18,19,3,7,0,0,1,0,0,0,0,1,1,6,6,1,35,6,1598,2,7,RENAULT TRAFIC,8,E01017196,0,1
2024211441466,2024,211441466,2,19,0,-1,1,6,2,-1,9,0,0,0,0,0,2,9,-1,6,1,64,9,1997,2,1,RENAULT TRAFIC,1,E01014242,0,1
2024122400959,2024,122400959,1,19,0,17,19,4,1,0,0,0,1,0,0,0,1,1,2,2,1,21,5,1997,2,1,RENAULT TRAFIC,9,E01027577,0,4
2024501488705,2024,501488705,2,19,0,-1,19,8,4,-1,0,1,0,0,0,0,1,1,-1,9,1,43,7,1870,2,22,RENAULT TRAFIC,1,E01015263,0,1
2024421523607,2024,421523607,1,19,0,-1,19,1,3,-1,0,8,0,0,0,0,1,1,-1,6,1,41,7,1995,2,10,RENAULT TRAFIC,-1,-1,0,-1
2024010540983,2024,010540983,2,19,0,18,19,3,7,0,0,8,0,0,0,0,4,1,2,2,1,70,10,1997,2,1,RENAULT TRAFIC,10,E01016198,0,4
2024440513410,2024,440513410,1,19,0,18,19,2,6,0,0,0,0,4,0,0,1,1,1,1,1,52,8,1997,2,3,RENAULT TRAFIC,6,E01022962,0,3
2024010545700,2024,010545700,1,19,0,99,99,9,9,99,99,9,9,99,9,99,9,9,1,1,1,44,7,1997,2,3,RENAULT TRAFIC,8,E01000426,0,1
2024041474024,2024,041474024,1,19,0,-1,11,5,7,-1,0,0,0,0,0,0,4,1,-1,2,1,27,6,1997,2,1,RENAULT TRAFIC,3,E01019271,0,5
2024231478752,2024,231478752,1,19,0,-1,19,4,8,-1,0,0,0,0,0,0,1,9,-1,1,1,30,6,1997,2,3,RENAULT TRAFIC,4,E01009633,0,2
2024401466415,2024,401466415,2,19,0,-1,19,5,1,-1,0,0,0,0,0,0,3,1,-1,1,1,33,6,1997,2,1,RENAULT TRAFIC,7,E01027984,0,5
2024311394343,2024,311394343,2,19,0,-1,9,5,4,-1,0,0,0,0,0,0,1,1,-1,6,3,-1,-1,1995,2,16,RENAULT TRAFIC,-1,-1,0,-1
2024201433153,2024,201433153,1,19,0,-1,19,8,4,-1,0,1,0,0,0,0,1,1,-1,1,1,40,7,1997,2,1,RENAULT TRAFIC,-1,-1,0,-1
2024421476613,2024,421476613,2,19,0,-1,19,5,1,-1,0,0,2,0,0,0,2,1,-1,2,1,36,7,1997,2,1,RENAULT TRAFIC,9,E01021564,0,1
2024041501228,2024,041501228,1,19,0,-1,19,7,3,-1,0,1,0,0,0,0,4,1,-1,2,1,31,6,1997,2,0,RENAULT TRAFIC,2,E01024940,0,1
2024302401714,2024,302401714,2,20,0,4,4,5,1,0,0,0,0,0,0,0,1,1,6,6,1,53,8,-1,-1,-1,RENAULT TRAFIC,2,E01019543,0,1
2024041482815,2024,041482815,2,20,0,-1,19,7,3,-1,0,8,0,0,0,0,1,1,-1,9,1,31,6,-1,-1,-1,RENAULT TRAFIC,1,E01025579,0,1
2024547240524,2024,547240524,3,19,0,3,3,7,3,0,0,0,0,0,0,0,2,1,1,1,1,63,9,1996,2,12,RENAULT TRAFIC,4,E01014958,0,3
2024451478685,2024,451478685,2,19,0,-1,19,8,4,-1,0,0,0,0,0,0,2,1,-1,1,2,73,10,1598,2,8,RENAULT TRAFIC,2,E01002564,0,4
2024421456121,2024,421456121,2,19,0,-1,19,4,8,-1,0,0,0,0,0,0,3,1,-1,6,1,61,9,1995,2,15,RENAULT TRAFIC,-1,-1,0,-1
2024311424895,2024,311424895,2,19,0,-1,9,4,2,-1,0,6,0,0,0,0,1,1,-1,1,1,41,7,1996,2,10,RENAULT TRAFIC,3,E01013873,0,1
2024010520909,2024,010520909,2,19,0,18,19,1,5,0,0,0,0,0,1,0,1,1,6,6,1,57,9,1997,2,1,RENAULT TRAFIC,7,E01001585,0,2
2024371462171,2024,371462171,1,19,0,-1,19,1,5,-1,0,0,0,0,0,0,1,1,-1,1,1,43,7,1598,2,7,RENAULT TRAFIC,10,E01018013,0,1
2024430364480,2024,430364480,1,19,0,3,3,1,5,0,0,0,0,0,0,0,2,1,2,2,1,28,6,1997,2,3,RENAULT TRAFIC,6,E01017828,0,2
2024031426465,2024,031426465,2,19,0,-1,19,8,5,-1,0,8,0,0,1,11,3,1,-1,1,1,60,9,1997,2,1,RENAULT TRAFIC,9,E01019129,0,4
2024991416987,2024,991416987,1,10,0,-1,19,8,3,-1,0,8,0,0,0,0,1,1,-1,1,2,34,6,-1,-1,-1,RENAULT TRAFIC,2,-1,0,1
2024421407250,2024,421407250,2,19,0,-1,11,1,5,-1,0,0,0,0,0,0,4,1,-1,2,1,25,5,1598,2,9,RENAULT TRAFIC,8,E01021555,0,3
2024451510876,2024,451510876,1,19,0,-1,11,1,5,-1,0,0,0,0,0,0,1,1,-1,1,1,47,8,1598,2,7,RENAULT TRAFIC,3,E01024352,0,4
2024631430641,2024,631430641,2,19,0,-1,19,6,2,-1,0,0,0,0,1,10,1,1,-1,2,1,25,5,1997,2,1,RENAULT TRAFIC,4,W01000516,0,4
2024991444631,2024,991444631,1,19,0,-1,2,0,0,-1,9,2,0,0,7,2,2,2,-1,6,-1,-1,-1,1997,2,0,RENAULT TRAFIC,-1,-1,0,-1
2024161503537,2024,161503537,1,19,0,-1,19,5,1,-1,0,0,0,0,0,0,1,1,-1,1,1,31,6,1997,2,1,RENAULT TRAFIC,8,E01026185,0,4