collision_index,collision_year,collision_ref_no,vehicle_reference,vehicle_type,towing_and_articulation,vehicle_manoeuvre_historic,vehicle_manoeuvre,vehicle_direction_from,vehicle_direction_to,vehicle_location_restricted_lane_historic,vehicle_location_restricted_lane,junction_location,skidding_and_overturning,hit_object_in_carriageway,vehicle_leaving_carriageway,hit_object_off_carriageway,first_point_of_impact,vehicle_left_hand_drive,journey_purpose_of_driver_historic,journey_purpose_of_driver,sex_of_driver,age_of_driver,age_band_of_driver,engine_capacity_cc,propulsion_code,age_of_vehicle,generic_make_model,driver_imd_decile,lsoa_of_driver,escooter_flag,driver_distance_banding
2024010508475,2024,010508475,2,19,0,18,19,3,7,0,0,1,0,0,0,0,1,1,1,1,1,39,7,1598,2,7,RENAULT TRAFIC,-1,-1,0,-1
2024501440863,2024,501440863,2,19,0,-1,19,2,6,-1,0,6,0,0,1,0,3,1,-1,1,1,62,9,1997,2,1,RENAULT TRAFIC,5,E01020083,0,3
2024401539759,2024,401539759,2,19,0,-1,4,7,3,-1,0,0,0,0,0,0,2,1,-1,1,1,39,7,1997,2,1,RENAULT TRAFIC,3,E01021326,0,4
2024201432230,2024,201432230,2,9,0,-1,19,4,8,-1,0,8,1,0,0,0,4,1,-1,6,1,53,8,1997,2,3,RENAULT TRAFIC,2,E01009885,0,2
2024531480105,2024,531480105,1,19,0,-1,5,1,5,-1,0,0,0,0,0,0,1,1,-1,6,1,33,6,1598,2,9,RENAULT TRAFIC,10,E01035211,0,4
2024010533784,2024,010533784,2,19,0,2,2,0,0,0,0,0,0,4,0,0,1,1,6,6,3,-1,-1,1598,2,8,RENAULT TRAFIC,-1,-1,0,-1
2024501520195,2024,501520195,2,19,0,-1,19,7,3,-1,0,1,0,0,0,0,1,1,-1,9,1,40,7,1870,2,19,RENAULT TRAFIC,5,E01019065,0,4
2024010522859,2024,010522859,2,19,0,1,1,1,5,0,0,0,0,0,0,0,2,1,2,2,1,57,9,1598,2,7,RENAULT TRAFIC,5,E01003863,0,1
2024010509823,2024,010509823,1,19,0,1,1,7,3,0,0,0,0,0,0,0,2,1,1,1,1,21,5,1997,2,1,RENAULT TRAFIC,8,E01001039,0,3
2024610034224,2024,610034224,2,8,0,18,19,7,3,0,0,0,0,0,0,0,1,1,6,6,1,40,7,1995,2,12,RENAULT TRAFIC,1,W01001692,0,1
2024010533700,2024,010533700,3,19,0,18,19,7,3,0,0,8,0,0,0,0,4,1,6,6,1,55,8,1598,2,7,RENAULT TRAFIC,10,E01024468,0,4
2024542898724,2024,542898724,2,19,0,18,19,6,2,0,0,0,0,0,0,0,1,1,1,1,1,26,6,1997,2,2,RENAULT TRAFIC,7,E01015582,0,3
2024052400906,2024,052400906,1,19,0,9,9,6,4,0,0,8,0,0,0,0,1,1,6,6,1,38,7,1995,2,12,RENAULT TRAFIC,1,E01006552,0,2
2024461414934,2024,461414934,1,19,0,-1,9,1,7,-1,0,2,0,0,0,0,0,9,-1,6,1,-1,-1,1870,2,18,RENAULT TRAFIC,6,E01024812,0,2
2024101458434,2024,101458434,1,8,0,-1,2,7,3,-1,0,8,0,0,0,0,2,1,-1,9,1,36,7,1598,2,7,RENAULT TRAFIC,3,E01008202,0,1
2024010514824,2024,010514824,1,19,0,9,9,2,7,9,9,1,0,0,0,0,1,1,1,1,1,33,6,1598,2,6,RENAULT TRAFIC,9,E01016145,0,4
2024461479019,2024,461479019,1,19,0,-1,19,3,7,-1,0,3,1,0,0,0,1,9,-1,6,1,-1,-1,1995,2,10,RENAULT TRAFIC,-1,-1,0,-1
2024411496657,2024,411496657,3,19,0,-1,2,0,0,-1,0,0,0,0,0,0,2,1,-1,6,-1,-1,-1,1598,2,7,RENAULT TRAFIC,-1,-1,0,-1
2024440139437,2024,440139437,2,19,0,17,19,8,5,0,0,1,0,0,0,0,1,1,1,1,1,24,5,1997,2,1,RENAULT TRAFIC,9,E01022683,0,3
2024010538540,2024,010538540,2,19,0,2,2,0,0,0,0,0,0,0,0,0,4,1,6,6,3,-1,-1,1997,2,2,RENAULT TRAFIC,-1,-1,0,-1
2024991468902,2024,991468902,2,20,0,-1,4,7,3,-1,0,0,0,0,0,0,1,1,-1,6,1,43,7,-1,-1,-1,RENAULT TRAFIC,4,-1,0,1
2024461397427,2024,461397427,1,19,0,-1,19,7,3,-1,0,0,0,0,0,0,4,9,-1,6,1,55,8,1598,2,9,RENAULT TRAFIC,8,E01021230,0,1
2024031459524,2024,031459524,2,19,0,-1,5,5,4,-1,0,1,0,0,0,0,3,1,-1,1,1,59,9,1997,2,3,RENAULT TRAFIC,9,E01019347,0,2
2024461456170,2024,461456170,3,19,0,-1,3,4,2,-1,0,0,0,0,0,0,2,1,-1,1,1,59,9,1598,2,7,RENAULT TRAFIC,2,E01019487,0,5
2024010532655,2024,010532655,3,19,0,18,19,3,7,0,0,0,0,0,0,0,2,2,1,1,1,36,7,1997,2,2,RENAULT TRAFIC,9,E01033848,0,5
2024471487351,2024,471487351,3,19,0,-1,2,0,0,-1,0,0,0,0,0,0,1,1,-1,6,-1,-1,-1,1995,2,15,RENAULT TRAFIC,-1,-1,0,-1
2024221447714,2024,221447714,1,19,0,-1,19,1,5,-1,0,0,0,0,0,0,1,9,-1,6,1,26,6,1997,2,4,RENAULT TRAFIC,-1,-1,0,-1
2024141404778,2024,141404778,1,19,0,-1,19,8,4,-1,0,0,0,4,0,0,1,1,-1,2,1,31,6,1598,2,10,RENAULT TRAFIC,3,E01007550,0,2
2024351422800,2024,351422800,1,19,-1,-1,-1,-1,-1,-1,-1,0,-1,-1,-1,0,-1,9,-1,6,1,-1,-1,1598,2,8,RENAULT TRAFIC,7,E01035525,0,1
2024320354968,2024,320354968,1,19,0,1,1,6,2,0,0,6,0,0,0,0,2,1,1,1,2,50,8,1995,2,16,RENAULT TRAFIC,-1,-1,0,-1
2024320507148,2024,320507148,1,19,0,-1,-1,8,4,0,0,0,0,0,0,0,4,1,6,6,2,58,9,2464,2,14,RENAULT TRAFIC,-1,-1,0,-1
2024010547422,2024,010547422,1,19,0,9,9,1,7,0,0,1,0,0,3,0,1,1,2,2,1,37,7,1997,2,3,RENAULT TRAFIC,5,E01017487,0,4
2024991527073,2024,991527073,2,19,0,-1,4,6,2,-1,0,0,0,0,0,0,2,1,-1,1,1,24,5,1997,2,3,RENAULT TRAFIC,2,-1,0,4
2024010549964,2024,010549964,2,10,0,99,99,9,9,0,0,9,9,99,9,99,1,9,6,6,3,-1,-1,-1,-1,-1,RENAULT TRAFIC,-1,-1,0,-1
2024010490346,2024,010490346,3,19,0,16,19,7,3,0,0,2,0,0,0,0,2,1,6,6,1,44,7,1598,2,6,RENAULT TRAFIC,-1,-1,0,-1
2024471453553,2024,471453553,2,19,0,-1,2,0,0,-1,0,0,0,0,0,0,2,1,-1,6,-1,-1,-1,1995,2,10,RENAULT TRAFIC,-1,-1,0,-1
2024010536794,2024,010536794,1,19,0,18,19,1,5,0,0,2,0,7,0,0,1,1,1,1,1,23,5,1997,2,3,RENAULT TRAFIC,2,E01002588,0,1
2024052400659,2024,052400659,1,8,0,18,19,6,2,0,0,2,0,0,0,0,1,1,1,1,1,64,9,1997,2,4,RENAULT TRAFIC,1,E01006440,0,2
2024101465747,2024,101465747,2,19,0,-1,19,1,5,-1,0,0,2,0,1,1,2,1,-1,2,1,61,9,1598,2,9,RENAULT TRAFIC,5,E01008861,0,1
2024421512528,2024,421512528,1,19,0,-1,9,5,2,-1,0,0,0,0,0,0,3,1,-1,1,1,42,7,1598,2,5,RENAULT TRAFIC,1,E01012843,0,5
2024991488098,2024,991488098,2,19,0,-1,13,5,1,-1,0,1,0,0,0,0,1,1,-1,1,1,33,6,1997,2,0,RENAULT TRAFIC,1,-1,0,4
2024461419314,2024,461419314,1,19,0,-1,7,7,1,-1,0,0,0,0,0,0,1,9,-1,6,1,58,9,1995,2,11,RENAULT TRAFIC,6,E01011548,0,5
2024010533641,2024,010533641,2,8,0,99,99,9,9,99,99,0,9,99,9,99,9,9,6,6,3,52,8,1598,2,8,RENAULT TRAFIC,3,E01001981,0,3
2024211433869,2024,211433869,2,19,0,-1,19,5,1,-1,0,0,0,0,0,0,4,1,-1,6,1,37,7,1598,2,9,RENAULT TRAFIC,6,E01029446,0,1
2024501516936,2024,501516936,2,19,0,-1,19,2,6,-1,0,8,0,0,0,0,1,1,-1,6,1,-1,-1,1598,2,9,RENAULT TRAFIC,5,E01029261,0,3
2024421515961,2024,421515961,1,19,0,-1,9,8,6,-1,0,5,0,0,0,0,4,1,-1,1,1,62,9,1997,2,0,RENAULT TRAFIC,8,E01021408,0,3
2024122500019,2024,122500019,2,19,0,18,19,5,2,0,0,1,0,0,1,2,1,1,6,6,1,69,10,1598,2,5,RENAULT TRAFIC,6,E01011646,0,3
2024320526284,2024,320526284,1,19,0,-1,-1,6,2,0,0,0,1,0,1,9,1,1,-1,-1,1,29,6,1995,2,10,RENAULT TRAFIC,5,E01021640,0,5
2024010551064,2024,010551064,1,19,0,18,19,3,7,0,0,1,0,4,0,0,2,1,6,6,1,26,6,1997,2,4,RENAULT TRAFIC,2,E01001505,0,1
2024401504018,2024,401504018,1,19,0,-1,19,6,2,-1,0,8,0,0,0,0,3,1,-1,1,1,45,7,1598,2,8,RENAULT TRAFIC,9,E01015697,0,1
2024440161850,2024,440161850,2,19,0,18,19,6,2,0,0,1,0,0,0,0,1,1,1,1,1,56,9,1995,2,15,RENAULT TRAFIC,6,E01032027,0,4
2024461433955,2024,461433955,2,19,4,-1,19,6,2,-1,0,0,0,0,0,0,3,1,-1,6,2,64,9,1996,2,12,RENAULT TRAFIC,7,E01024490,0,2
2024547626424,2024,547626424,1,19,0,18,19,2,6,0,0,0,0,0,0,0,1,1,1,1,1,31,6,1997,2,0,RENAULT TRAFIC,1,E01015263,0,5
2024141454067,2024,141454067,1,9,0,-1,3,7,3,-1,0,2,0,0,0,0,0,1,-1,6,1,59,9,1995,2,11,RENAULT TRAFIC,8,E01007383,0,1
2024451525168,2024,451525168,2,19,0,-1,19,5,1,-1,0,1,0,0,0,0,1,1,-1,9,1,52,8,1598,2,6,RENAULT TRAFIC,9,E01030532,0,2
2024041434950,2024,041434950,2,19,0,-1,19,1,5,-1,0,1,0,0,0,0,1,1,-1,2,1,56,9,1997,2,4,RENAULT TRAFIC,1,E01006494,0,4
2024041420823,2024,041420823,1,19,0,-1,19,5,1,-1,0,0,0,0,0,0,4,1,-1,1,1,44,7,1995,2,17,RENAULT TRAFIC,1,E01025584,0,1
2024451409612,2024,451409612,2,19,0,-1,19,6,2,-1,0,0,0,0,0,0,2,1,-1,1,1,65,9,1997,2,4,RENAULT TRAFIC,7,E01023942,0,4
2024221524293,2024,221524293,1,19,0,-1,7,3,4,-1,0,6,0,0,0,0,1,9,-1,6,1,53,8,1997,2,2,RENAULT TRAFIC,10,E01018387,0,4
2024131497871,2024,131497871,1,19,0,-1,7,3,7,-1,9,1,0,0,0,0,3,1,-1,1,1,33,6,1997,2,0,RENAULT TRAFIC,4,E01007786,0,4
2024041530970,2024,041530970,1,19,0,-1,9,5,1,-1,0,0,1,0,0,0,1,1,-1,1,1,22,5,1997,2,0,RENAULT TRAFIC,8,E01034347,0,4
2024131439320,2024,131439320,2,9,0,-1,19,2,6,-1,0,1,0,0,0,0,0,1,-1,6,1,35,6,6749,1,5,-1,3,E01011597,0,2
2024201397946,2024,201397946,1,9,0,-1,19,8,4,-1,0,8,0,7,0,0,1,9,-1,6,3,-1,-1,6749,1,2,-1,-1,-1,0,-1
2024010505677,2024,010505677,2,9,0,99,99,9,9,99,99,9,9,99,9,99,9,9,6,6,3,-1,-1,6749,1,0,-1,-1,-1,0,-1
2024010510148,2024,010510148,2,9,0,2,2,0,0,6,6,0,0,0,0,0,0,1,6,6,3,-1,-1,6749,1,3,-1,-1,-1,0,-1
2024421444346,2024,421444346,2,2,0,-1,19,3,6,-1,0,0,0,0,0,0,4,1,-1,6,1,17,4,125,1,4,-1,6,E01021917,0,1
2024340NN2712,2024,340NN2712,2,2,0,-1,19,7,3,-1,0,8,0,0,0,0,1,1,-1,6,1,24,5,50,1,3,-1,1,E01027310,0,1
2024351496726,2024,351496726,1,2,0,-1,4,2,6,-1,9,4,2,0,0,0,1,1,-1,6,2,25,5,50,1,3,-1,10,E01018121,0,1
2024401530761,2024,401530761,2,9,0,-1,5,7,3,-1,0,1,0,0,0,0,2,1,-1,9,1,44,7,-1,3,7,TESLA MODEL X,5,E01016554,0,4
2024461473580,2024,461473580,1,9,0,-1,9,6,2,-1,0,1,0,0,0,0,1,1,-1,9,1,41,7,-1,3,7,TESLA MODEL X,2,E01023973,0,3
2024010528181,2024,010528181,1,9,0,9,9,7,6,0,0,8,0,0,0,0,3,1,6,6,2,46,8,-1,3,7,TESLA MODEL X,8,E01023897,0,3
2024421402706,2024,421402706,1,9,0,-1,7,1,3,-1,0,8,0,0,0,0,1,1,-1,6,1,58,9,-1,3,6,TESLA MODEL X,3,E01021370,0,1
2024461469902,2024,461469902,2,9,0,-1,19,3,7,-1,0,0,0,0,0,0,1,1,-1,6,2,41,7,-1,3,6,TESLA MODEL X,8,E01024442,0,3
2024544312224,2024,544312224,1,9,0,5,5,7,3,0,0,6,0,0,0,0,3,1,6,6,2,47,8,-1,3,7,TESLA MODEL X,9,E01031995,0,1
2024010539744,2024,010539744,2,9,0,99,99,9,9,99,99,9,9,99,9,99,1,9,6,6,3,-1,-1,-1,3,1,TESLA MODEL X,8,E01001027,0,4
2024411484997,2024,411484997,1,9,0,-1,19,3,7,-1,0,8,0,0,0,0,1,1,-1,9,1,43,7,-1,3,5,TESLA MODEL X,5,E01033522,0,4
2024451480166,2024,451480166,1,9,0,-1,7,6,2,-1,0,3,0,0,0,0,4,1,-1,9,2,66,10,-1,3,6,TESLA MODEL X,7,E01030722,0,1
2024010540536,2024,010540536,1,9,0,9,9,7,5,0,0,8,0,0,0,0,1,1,6,6,1,44,7,-1,3,7,TESLA MODEL X,4,E01004280,0,1
2024010531650,2024,010531650,1,9,0,3,3,1,5,0,0,0,0,0,0,0,2,1,3,7,2,37,7,-1,3,7,TESLA MODEL X,10,E01000810,0,3
2024461496950,2024,461496950,1,9,0,-1,19,7,3,-1,0,0,0,0,0,0,1,1,-1,9,1,41,7,-1,3,4,TESLA MODEL X,10,E01000357,0,2
2024622400217,2024,622400217,2,9,0,3,3,2,6,0,0,1,0,0,0,0,1,1,1,1,1,43,7,-1,3,7,TESLA MODEL X,1,W01001785,0,1
2024010498560,2024,010498560,1,9,0,4,4,3,7,0,0,8,0,0,0,0,2,1,3,7,2,49,8,-1,3,5,TESLA MODEL X,7,E01021765,0,1
2024451427941,2024,451427941,3,9,0,-1,19,7,3,-1,0,0,0,0,0,0,0,1,-1,1,1,28,6,-1,3,1,-1,6,E01030737,0,1
2024010548938,2024,010548938,2,3,0,99,99,9,9,99,99,9,9,99,9,99,2,1,6,6,3,-1,-1,-1,3,0,-1,4,E01003981,0,2
2024010536887,2024,010536887,1,3,0,18,19,5,1,2,2,1,1,0,1,0,1,1,6,6,1,25,5,-1,3,2,-1,6,E01003071,0,1
2024010511869,2024,010511869,2,23,0,18,19,5,1,0,0,1,1,0,0,0,1,1,6,6,1,26,6,-1,3,1,-1,2,E01003553,0,2
2024010532008,2024,010532008,2,23,0,15,15,5,1,0,0,1,1,0,0,0,1,1,2,2,1,25,5,-1,3,2,-1,2,E01003984,0,1
2024991497431,2024,991497431,1,5,0,-1,4,6,1,-1,0,1,0,0,0,0,1,1,-1,9,1,62,9,895,1,2,-1,5,E01027500,0,5
2024010526416,2024,010526416,1,5,0,18,19,5,1,0,0,0,0,0,0,0,1,1,2,2,1,30,6,894,1,4,-1,3,E01035605,0,3
2024461522693,2024,461522693,1,5,0,-1,5,8,4,-1,0,0,2,0,0,0,4,1,-1,6,1,54,8,895,1,0,-1,6,E01024653,0,1
2024131514639,2024,131514639,1,5,0,-1,19,8,8,-1,0,8,5,0,0,0,1,1,-1,1,1,31,6,895,1,0,-1,1,E01011917,0,2
2024340WN1962,2024,340WN1962,2,5,0,-1,19,1,5,-1,0,0,5,0,0,0,1,1,-1,2,1,55,8,895,1,1,-1,9,E01027074,0,4
2024122400727,2024,122400727,2,5,0,18,19,3,7,0,0,0,0,0,0,0,0,1,6,6,1,25,5,895,1,0,-1,6,E01010765,0,3
2024351427987,2024,351427987,1,5,0,-1,13,1,5,-1,0,0,0,0,0,0,4,1,-1,6,1,77,11,895,1,1,-1,6,E01017437,0,3
2024451521242,2024,451521242,2,5,0,-1,19,3,7,-1,0,1,0,0,0,0,1,1,-1,9,1,86,11,895,1,0,-1,4,E01030749,0,1
2024320144618,2024,320144618,2,4,0,4,4,7,3,0,0,1,0,0,0,0,1,1,6,6,1,51,8,894,1,4,-1,2,E01026056,0,2
2024991418908,2024,991418908,2,17,2,-1,7,4,6,-1,0,8,0,0,7,0,3,1,-1,1,1,44,7,4000,2,15,-1,7,-1,0,2
2024302401522,2024,302401522,2,4,0,18,19,1,5,0,0,8,0,0,0,0,1,1,2,2,1,32,6,398,1,19,-1,10,E01013520,0,2
2024430089282,2024,430089282,1,19,0,18,19,2,6,0,0,1,0,0,0,0,1,1,1,1,1,26,6,1560,2,8,CITROEN BERLINGO,9,E01033506,0,1
2024440383383,2024,440383383,2,19,0,18,19,5,1,0,0,1,0,0,0,0,1,1,1,1,1,56,9,1500,2,3,CITROEN BERLINGO,8,E01022685,0,4
2024411528702,2024,411528702,1,19,0,-1,4,3,7,-1,0,0,0,0,0,0,1,1,-1,2,1,25,5,1560,2,11,CITROEN BERLINGO,3,E01023496,0,2
2024531476548,2024,531476548,2,19,0,-1,19,6,2,-1,0,0,0,0,1,4,1,1,-1,1,2,29,6,1560,2,7,CITROEN BERLINGO,4,E01022421,0,3
2024010488603,2024,010488603,2,19,0,18,19,4,8,0,0,0,1,0,0,0,3,1,2,2,1,49,8,1499,2,4,CITROEN BERLINGO,8,E01000394,0,1
2024340NN2652,2024,340NN2652,1,9,0,-1,19,1,5,-1,0,0,0,0,0,0,1,1,-1,9,1,40,7,1587,1,18,CITROEN BERLINGO,4,E01026956,0,3
2024070886378,2024,070886378,1,20,0,-1,19,1,4,-1,0,4,0,0,0,0,1,1,-1,2,1,54,8,-1,-1,-1,CITROEN BERLINGO,9,E01018513,0,1
2024552401547,2024,552401547,2,9,0,3,3,2,6,0,0,0,0,0,0,0,2,1,6,6,2,18,4,1200,1,6,CITROEN BERLINGO,8,E01020520,0,3
2024141398013,2024,141398013,2,9,0,-1,19,3,7,-1,0,0,0,0,0,0,1,1,-1,9,2,74,10,-1,3,1,CITROEN BERLINGO,3,E01007354,0,1
2024991497249,2024,991497249,3,9,0,-1,19,3,7,-1,0,0,0,0,0,0,1,1,-1,6,1,24,5,-1,-1,-1,CITROEN BERLINGO,3,-1,0,1
2024041461612,2024,041461612,3,9,0,-1,2,0,0,-1,0,0,0,0,0,0,3,1,-1,6,-1,-1,-1,1868,2,19,CITROEN BERLINGO,-1,-1,0,-1
2024010531152,2024,010531152,1,19,0,18,19,3,7,0,0,1,0,0,0,0,3,1,2,2,1,41,7,1499,2,0,CITROEN BERLINGO,2,E01018928,0,5
2024041490761,2024,041490761,3,19,0,-1,3,3,7,-1,0,0,0,0,0,0,2,1,-1,1,2,26,6,1499,2,1,CITROEN BERLINGO,7,E01025546,0,2
2024010518587,2024,010518587,1,19,0,9,9,7,4,0,0,6,0,0,0,0,1,1,6,6,3,-1,-1,1500,2,2,CITROEN BERLINGO,-1,-1,0,-1
2024371531600,2024,371531600,2,19,0,-1,19,-1,-1,-1,0,0,0,0,0,0,1,1,-1,1,1,30,6,1560,2,11,CITROEN BERLINGO,6,E01030044,0,1
2024161523756,2024,161523756,1,9,0,-1,19,3,7,-1,0,0,0,0,0,0,1,1,-1,9,2,61,9,1997,2,20,CITROEN BERLINGO,7,E01012987,0,2
2024302400496,2024,302400496,1,19,0,16,19,4,8,0,0,8,5,0,7,1,3,1,6,6,2,34,6,1560,2,5,CITROEN BERLINGO,9,E01029495,0,4
2024211412532,2024,211412532,2,9,0,-1,19,7,3,-1,0,1,0,0,0,0,1,1,-1,6,1,82,11,1499,2,5,CITROEN BERLINGO,10,E01029698,0,1
2024131452055,2024,131452055,2,9,0,-1,19,1,5,-1,0,8,0,0,0,0,1,1,-1,9,2,58,9,1997,2,18,CITROEN BERLINGO,3,E01011064,0,3
2024131513281,2024,131513281,2,19,0,-1,2,0,0,-1,0,1,0,4,0,0,2,1,-1,6,-1,-1,-1,1868,2,21,CITROEN BERLINGO,-1,-1,0,-1
2024201470946,2024,201470946,1,19,0,-1,14,8,4,-1,0,0,0,0,0,0,1,1,-1,6,1,37,7,1560,2,8,CITROEN BERLINGO,2,E01010447,0,1
2024010546452,2024,010546452,2,19,0,99,99,9,9,99,99,5,9,99,9,99,1,9,6,6,3,-1,-1,1499,2,1,CITROEN BERLINGO,5,E01002769,0,1
2024471428078,2024,471428078,1,19,0,-1,5,-1,-1,-1,0,0,0,0,0,0,-1,9,-1,6,1,68,10,1560,2,11,CITROEN BERLINGO,3,E01016926,0,1
2024421528487,2024,421528487,2,19,0,-1,19,3,7,-1,0,0,0,0,0,0,1,1,-1,2,1,27,6,1560,2,13,CITROEN BERLINGO,2,E01035164,0,4
2024371443581,2024,371443581,1,19,0,-1,9,7,5,-1,0,8,0,0,0,0,3,1,-1,1,1,47,8,1560,2,6,CITROEN BERLINGO,7,E01029964,0,1
2024991468531,2024,991468531,2,19,0,-1,19,8,4,-1,0,1,0,0,5,0,1,1,-1,1,1,58,9,1560,2,6,CITROEN BERLINGO,5,-1,0,4
2024031490042,2024,031490042,1,9,0,-1,7,5,1,-1,0,0,0,0,0,0,1,1,-1,9,2,29,6,1587,1,15,CITROEN BERLINGO,5,E01019305,0,1
2024302401081,2024,302401081,1,9,0,18,19,5,1,0,0,2,0,0,0,0,1,1,6,6,1,77,11,1598,2,17,CITROEN BERLINGO,3,E01019492,0,1
2024501413032,2024,501413032,2,19,0,-1,3,8,4,-1,0,0,0,0,0,0,2,9,-1,1,1,47,8,1560,2,6,CITROEN BERLINGO,3,E01019051,0,5
2024552400087,2024,552400087,1,19,0,18,19,2,6,0,0,8,0,0,0,0,3,1,1,1,2,44,7,1560,2,6,CITROEN BERLINGO,1,E01017281,0,4
2024010540348,2024,010540348,2,19,9,99,99,9,9,99,99,9,9,99,9,99,1,9,6,6,3,-1,-1,1500,2,2,CITROEN BERLINGO,2,E01004067,0,2
2024231514715,2024,231514715,2,9,0,-1,9,3,1,-1,0,8,0,0,0,0,1,1,-1,6,2,51,8,1560,2,13,CITROEN BERLINGO,10,E01031292,0,1
2024531494306,2024,531494306,2,9,0,-1,19,2,6,-1,0,1,0,0,0,0,1,1,-1,9,2,50,8,1587,1,21,CITROEN BERLINGO,9,E01022363,0,1
2024501500442,2024,501500442,1,19,0,-1,19,1,5,-1,0,0,0,0,0,0,1,1,-1,6,1,24,5,1500,2,3,CITROEN BERLINGO,2,E01019053,0,3
2024631511667,2024,631511667,1,19,0,-1,9,1,7,-1,0,6,0,0,0,0,4,1,-1,1,1,58,9,1500,2,4,CITROEN BERLINGO,3,W01000633,0,2
2024631432526,2024,631432526,2,19,0,-1,19,7,3,-1,0,8,0,0,1,10,3,1,-1,1,1,57,9,1500,2,4,CITROEN BERLINGO,2,W01000588,0,3
2024141503049,2024,141503049,1,19,0,-1,19,7,3,-1,0,1,0,0,1,1,1,1,-1,2,1,30,6,1500,2,2,CITROEN BERLINGO,2,E01007654,0,1
2024010506205,2024,010506205,2,19,0,18,19,1,5,0,0,1,0,0,0,0,3,1,6,6,3,-1,-1,1560,2,11,CITROEN BERLINGO,-1,-1,0,-1
2024311415690,2024,311415690,1,9,0,-1,19,1,5,-1,0,0,0,0,0,0,4,1,-1,6,1,67,10,1560,2,8,CITROEN BERLINGO,4,E01028038,0,2
2024461458866,2024,461458866,1,19,0,-1,19,7,3,-1,0,0,2,4,0,0,3,2,-1,1,1,20,4,1499,2,1,CITROEN BERLINGO,10,E01024325,0,2
2024221516008,2024,221516008,1,19,0,-1,19,1,5,-1,0,0,0,0,0,0,4,9,-1,6,2,28,6,1500,2,5,CITROEN BERLINGO,9,E01032125,0,2
2024041531239,2024,041531239,3,9,0,-1,19,8,4,-1,0,0,0,0,0,0,1,1,-1,9,2,36,7,-1,3,1,CITROEN BERLINGO,7,E01012581,0,1
2024221505079,2024,221505079,2,19,0,-1,19,2,6,-1,0,8,0,0,0,0,1,1,-1,1,1,35,6,1560,2,10,CITROEN BERLINGO,3,E01032194,0,1
2024010542963,2024,010542963,1,19,0,18,19,7,3,0,0,0,0,0,0,0,1,1,1,1,1,26,6,1560,2,8,CITROEN BERLINGO,8,E01004386,0,1
2024451405005,2024,451405005,1,9,0,-1,19,1,5,-1,0,0,0,11,0,0,1,1,-1,2,1,27,6,1500,2,4,CITROEN BERLINGO,3,E01023144,0,2
2024520401748,2024,520401748,1,19,0,18,19,1,5,0,0,0,0,0,0,0,1,1,6,6,1,33,6,1560,2,7,CITROEN BERLINGO,5,E01014613,0,4
2024052401194,2024,052401194,3,19,0,4,4,3,7,0,0,0,0,0,0,0,2,1,6,6,1,-1,-1,1560,2,15,CITROEN BERLINGO,5,E01006557,0,1
2024302400585,2024,302400585,1,9,0,16,19,4,8,0,0,0,0,0,0,0,1,1,6,6,2,64,9,1560,2,15,CITROEN BERLINGO,1,E01025151,0,5
2024041404874,2024,041404874,2,19,0,-1,9,7,5,-1,0,1,0,0,0,0,1,2,-1,2,1,58,9,1560,2,9,CITROEN BERLINGO,6,E01006364,0,3
2024010511692,2024,010511692,2,9,0,99,99,9,9,99,99,9,9,99,9,99,9,9,6,6,3,-1,-1,-1,-1,-1,CITROEN BERLINGO,-1,-1,0,-1
2024320315128,2024,320315128,2,9,0,2,2,0,0,0,0,0,0,0,0,0,2,1,-1,-1,2,73,10,1560,2,9,CITROEN BERLINGO,9,E01023442,0,5
2024010540563,2024,010540563,1,19,0,99,99,9,9,99,99,9,9,99,9,99,1,9,6,6,1,61,9,1499,2,1,CITROEN BERLINGO,7,E01001598,0,2
2024031518572,2024,031518572,2,19,0,-1,2,0,0,-1,0,1,0,0,0,0,3,1,-1,6,1,-1,-1,1499,2,2,CITROEN BERLINGO,-1,-1,0,-1
2024501395915,2024,501395915,1,9,0,-1,19,6,2,-1,0,0,2,0,2,10,1,1,-1,6,2,39,7,1560,2,10,CITROEN BERLINGO,3,E01018759,0,1
2024421515411,2024,421515411,1,9,0,-1,1,7,3,-1,9,0,0,0,0,0,2,1,-1,6,3,-1,-1,1500,2,2,CITROEN BERLINGO,-1,-1,0,-1
2024471491970,2024,471491970,1,9,0,-1,19,7,3,-1,0,0,0,0,0,0,1,1,-1,1,1,49,8,1500,2,4,CITROEN BERLINGO,9,E01030191,0,5
2024421500924,2024,421500924,1,9,0,-1,19,2,6,-1,0,0,0,0,0,0,1,1,-1,2,1,57,9,1587,1,20,CITROEN BERLINGO,2,E01021268,0,4
2024371460331,2024,371460331,1,19,0,-1,19,5,1,-1,0,0,0,0,0,0,1,1,-1,1,1,19,4,1499,2,0,CITROEN BERLINGO,5,E01021493,0,4
2024111468029,2024,111468029,2,19,0,-1,10,6,5,-1,0,1,0,0,0,0,1,1,-1,1,1,43,7,1499,2,1,CITROEN BERLINGO,6,E01020778,0,1