collision_index,collision_year,collision_ref_no,vehicle_reference,vehicle_type,towing_and_articulation,vehicle_manoeuvre_historic,vehicle_manoeuvre,vehicle_direction_from,vehicle_direction_to,vehicle_location_restricted_lane_historic,vehicle_location_restricted_lane,junction_location,skidding_and_overturning,hit_object_in_carriageway,vehicle_leaving_carriageway,hit_object_off_carriageway,first_point_of_impact,vehicle_left_hand_drive,journey_purpose_of_driver_historic,journey_purpose_of_driver,sex_of_driver,age_of_driver,age_band_of_driver,engine_capacity_cc,propulsion_code,age_of_vehicle,generic_make_model,driver_imd_decile,lsoa_of_driver,escooter_flag,driver_distance_banding
2024161409029,2024,161409029,1,9,0,-1,19,7,3,-1,0,0,0,11,1,0,1,1,-1,9,1,79,11,-1,-1,-1,CITROEN BERLINGO,4,E01013082,0,1
2024991427188,2024,991427188,1,19,0,-1,19,6,2,-1,0,0,0,0,0,0,1,1,-1,1,1,21,5,1560,2,5,CITROEN BERLINGO,6,-1,0,3
202460Q073211,2024,60Q073211,2,9,0,1,1,3,7,0,0,0,0,4,0,0,2,1,6,6,1,73,10,1560,2,10,CITROEN BERLINGO,-1,-1,0,-1
2024231459865,2024,231459865,2,19,0,-1,3,8,4,-1,0,8,0,0,0,0,2,1,-1,1,1,35,6,1868,2,18,CITROEN BERLINGO,7,E01029376,0,4
2024991542670,2024,991542670,2,19,0,-1,19,1,5,-1,0,0,5,4,0,0,1,1,-1,1,1,60,9,1560,2,5,CITROEN BERLINGO,7,-1,0,4
2024501440497,2024,501440497,2,9,0,-1,4,6,2,-1,0,2,0,0,0,0,2,1,-1,6,2,82,11,1560,2,11,CITROEN BERLINGO,5,E01020049,0,1
2024141449184,2024,141449184,1,19,0,-1,19,4,8,-1,0,2,0,0,7,11,1,1,-1,2,1,27,6,1560,2,15,CITROEN BERLINGO,2,E01007556,0,2
2024471426218,2024,471426218,1,19,0,-1,19,1,5,-1,0,0,1,0,2,0,1,1,-1,1,1,22,5,1560,2,14,CITROEN BERLINGO,8,E01031620,0,2
2024010499740,2024,010499740,2,19,0,3,3,7,3,0,0,2,0,0,0,0,2,1,1,1,1,36,7,1499,2,3,CITROEN BERLINGO,1,E01024610,0,4
2024231465351,2024,231465351,1,19,0,-1,19,3,7,-1,0,0,1,0,1,6,1,1,-1,2,1,42,7,1500,2,4,CITROEN BERLINGO,2,E01009934,0,4
2024351547575,2024,351547575,2,19,0,-1,2,0,0,-1,0,8,0,0,0,0,2,1,-1,6,-1,-1,-1,1560,2,9,CITROEN BERLINGO,-1,-1,0,-1
2024991420483,2024,991420483,1,19,0,-1,5,2,6,-1,0,0,0,0,0,0,4,1,-1,2,1,50,8,1500,2,2,CITROEN BERLINGO,2,-1,0,2
2024061432756,2024,061432756,2,9,0,-1,19,3,7,-1,0,2,0,0,0,0,1,1,-1,9,1,78,11,1560,2,15,CITROEN BERLINGO,2,E01004959,0,1
2024201441744,2024,201441744,1,19,0,-1,4,4,8,-1,0,2,0,0,0,0,1,1,-1,6,1,25,5,1560,2,11,CITROEN BERLINGO,-1,-1,0,-1
2024461473266,2024,461473266,2,19,0,-1,4,5,1,-1,0,0,0,0,0,0,2,9,-1,6,1,57,9,1560,2,5,CITROEN BERLINGO,10,E01023657,0,4
2024010533745,2024,010533745,1,19,0,7,7,2,5,0,0,1,0,0,0,0,1,1,1,1,1,61,9,1560,2,6,CITROEN BERLINGO,7,E01003762,0,1
2024010516890,2024,010516890,1,19,0,4,4,5,1,9,9,1,0,0,0,0,3,1,2,2,1,45,7,1499,2,1,CITROEN BERLINGO,5,E01000323,0,2
2024010527316,2024,010527316,2,19,0,4,4,5,1,0,0,0,0,0,0,0,4,1,1,1,1,53,8,1499,2,0,CITROEN BERLINGO,5,E01000379,0,4
2024430101570,2024,430101570,2,19,0,18,19,3,7,0,0,0,0,0,0,0,1,1,1,1,1,58,9,1560,2,13,CITROEN BERLINGO,9,E01028492,0,4
2024991533845,2024,991533845,1,19,0,-1,9,6,4,-1,0,6,0,0,1,0,3,1,-1,1,1,21,5,1560,2,9,CITROEN BERLINGO,5,-1,0,3
2024201470764,2024,201470764,1,19,0,-1,19,2,6,-1,0,1,0,0,0,0,1,1,-1,6,1,55,8,1560,2,5,CITROEN BERLINGO,5,E01009496,0,2
2024332400198,2024,332400198,1,19,0,-1,19,7,3,-1,0,0,0,0,0,0,1,1,-1,1,1,19,4,1500,2,2,CITROEN BERLINGO,4,E01013786,0,1
2024211466980,2024,211466980,2,19,0,-1,19,7,3,-1,0,1,0,0,0,0,1,1,-1,6,1,24,5,1560,2,11,CITROEN BERLINGO,-1,-1,0,-1
2024501522978,2024,501522978,1,9,0,-1,12,5,1,-1,0,0,0,0,0,0,3,1,-1,9,1,72,10,-1,-1,-1,CITROEN BERLINGO,4,E01015169,0,1
2024010552304,2024,010552304,1,19,0,99,99,9,9,99,99,0,9,99,9,99,1,9,2,2,1,69,10,1560,2,8,CITROEN BERLINGO,8,E01004168,0,1
2024221433151,2024,221433151,1,19,0,-1,19,5,1,-1,0,3,0,10,7,1,1,9,-1,1,1,72,10,1500,2,3,CITROEN BERLINGO,4,E01014149,0,1
2024351456675,2024,351456675,1,19,0,-1,99,-1,-1,-1,0,0,0,12,0,0,4,9,-1,6,3,-1,-1,1868,2,17,CITROEN BERLINGO,-1,-1,0,-1
2024471470513,2024,471470513,1,19,0,-1,9,4,8,-1,0,8,0,0,0,0,1,1,-1,9,1,29,6,1560,2,9,CITROEN BERLINGO,8,E01017010,0,2
2024101421649,2024,101421649,2,9,0,-1,19,4,7,-1,0,8,0,0,0,0,3,1,-1,2,2,56,9,1560,2,15,CITROEN BERLINGO,1,E01008824,0,1
2024421460144,2024,421460144,4,19,0,-1,19,8,4,-1,0,0,0,0,0,0,1,1,-1,1,1,57,9,1560,2,6,CITROEN BERLINGO,9,E01023493,0,3
2024622400326,2024,622400326,1,19,0,18,19,4,8,0,0,0,0,0,0,0,1,1,2,2,1,39,7,1499,2,1,CITROEN BERLINGO,5,W01000919,0,3
2024010519728,2024,010519728,3,19,0,2,2,0,0,0,0,0,0,0,0,0,1,1,6,6,3,-1,-1,1500,2,3,CITROEN BERLINGO,-1,-1,0,-1
2024041488120,2024,041488120,2,19,0,-1,9,1,2,-1,0,0,0,0,1,0,2,2,-1,9,1,61,9,1560,2,12,CITROEN BERLINGO,9,E01019343,0,4
2024031487172,2024,031487172,2,9,0,-1,5,7,5,-1,0,6,0,0,0,0,1,1,-1,6,1,50,8,1560,2,9,CITROEN BERLINGO,-1,-1,0,-1
2024101467100,2024,101467100,1,19,0,-1,19,1,5,-1,0,1,0,0,0,0,4,1,-1,9,2,52,8,1560,2,9,CITROEN BERLINGO,1,E01027518,0,1
2024031477065,2024,031477065,1,19,0,-1,9,8,6,-1,0,8,0,0,0,0,1,1,-1,9,1,82,11,1560,2,13,CITROEN BERLINGO,8,E01019086,0,1
2024471501523,2024,471501523,1,9,0,-1,6,7,3,-1,0,1,0,0,0,0,0,1,-1,9,2,66,10,-1,3,2,CITROEN BERLINGO,5,E01021120,0,2
2024010534371,2024,010534371,1,19,0,99,99,9,9,99,99,9,9,99,9,99,2,9,6,6,1,47,8,1500,2,3,CITROEN BERLINGO,3,E01003088,0,1
2024531518932,2024,531518932,1,19,0,-1,19,1,5,-1,0,0,0,0,0,0,1,1,-1,2,1,51,8,1560,2,5,CITROEN BERLINGO,8,E01031964,0,3
2024122401188,2024,122401188,1,19,0,18,19,8,3,0,0,0,0,0,0,0,2,1,1,1,1,60,9,-1,3,2,CITROEN BERLINGO,9,E01034761,0,1
2024461464061,2024,461464061,2,19,0,-1,19,1,5,-1,0,2,0,0,0,0,2,1,-1,9,1,53,8,1499,2,1,CITROEN BERLINGO,8,E01016169,0,1
2024501409035,2024,501409035,2,9,0,-1,19,1,5,-1,0,1,0,0,0,0,3,1,-1,9,2,56,9,1560,2,9,CITROEN BERLINGO,6,E01019060,0,2
2024421402323,2024,421402323,2,9,0,-1,19,5,3,-1,0,0,0,0,0,0,1,1,-1,9,1,61,9,1560,2,8,CITROEN BERLINGO,6,E01021404,0,3
2024131438014,2024,131438014,2,19,0,-1,19,5,1,-1,0,0,0,0,0,0,3,1,-1,6,3,-1,-1,1560,2,12,CITROEN BERLINGO,-1,-1,0,-1
2024991509719,2024,991509719,2,19,0,-1,19,3,7,-1,0,1,0,0,0,0,4,1,-1,2,2,35,6,1560,2,9,CITROEN BERLINGO,1,-1,0,1
2024010522687,2024,010522687,1,19,0,18,19,4,8,9,9,1,0,4,1,0,1,1,6,6,1,39,7,1499,2,0,CITROEN BERLINGO,6,E01002555,0,1
2024010520443,2024,010520443,3,19,0,18,19,6,2,0,0,1,0,0,0,0,1,1,6,6,1,54,8,1560,2,6,CITROEN BERLINGO,4,E01001278,0,1
2024421417482,2024,421417482,2,19,0,-1,4,8,4,-1,0,0,0,0,0,0,2,9,-1,1,1,21,5,1499,2,1,CITROEN BERLINGO,2,E01016136,0,4
2024991410227,2024,991410227,1,19,0,-1,19,1,5,-1,0,8,5,0,7,0,3,1,-1,1,1,34,6,1499,2,1,CITROEN BERLINGO,4,-1,0,4
2024520001237,2024,520001237,1,19,0,18,19,5,1,0,0,0,0,0,0,0,1,1,6,6,1,75,10,1560,2,12,CITROEN BERLINGO,10,E01014397,0,1
2024131469427,2024,131469427,1,9,0,-1,19,1,1,-1,0,8,1,10,0,0,3,1,-1,6,1,82,11,1560,2,11,CITROEN BERLINGO,3,E01025368,0,3
2024991475349,2024,991475349,3,9,0,-1,19,5,1,-1,0,0,0,0,0,0,1,1,-1,9,2,67,10,1560,2,10,CITROEN BERLINGO,9,-1,0,4
2024031422144,2024,031422144,1,9,0,-1,19,5,7,-1,0,0,2,0,0,0,1,1,-1,9,1,29,6,1560,2,18,CITROEN BERLINGO,7,E01019091,0,1
2024622400709,2024,622400709,5,19,0,18,19,8,4,0,0,1,0,0,0,0,1,1,6,6,1,34,6,1560,2,9,CITROEN BERLINGO,2,W01001217,0,1
2024141506131,2024,141506131,3,9,0,-1,8,3,5,-1,0,1,0,0,0,0,3,1,-1,6,1,59,9,-1,-1,-1,CITROEN BERLINGO,2,E01007805,0,2
2024101416827,2024,101416827,2,19,0,-1,19,7,3,-1,0,0,1,0,0,0,1,1,-1,1,1,46,8,1560,2,15,CITROEN BERLINGO,1,E01008733,0,1
2024161408051,2024,161408051,1,19,0,-1,19,8,4,-1,0,0,0,0,0,0,4,9,-1,6,2,60,9,1868,2,23,CITROEN BERLINGO,10,E01013012,0,1
2024061483047,2024,061483047,1,19,0,-1,13,-1,-1,-1,0,9,0,0,0,0,3,1,-1,2,2,54,8,1499,2,1,CITROEN BERLINGO,1,E01005256,0,1
202454B797524,2024,54B797524,1,9,0,18,19,3,7,0,0,8,1,0,0,0,4,1,2,2,1,46,8,1560,2,9,CITROEN BERLINGO,7,E01028713,0,1
2024141413052,2024,141413052,3,9,0,-1,19,1,5,-1,0,0,0,0,0,0,1,1,-1,9,1,33,6,-1,-1,-1,CITROEN BERLINGO,1,E01011866,0,1
2024430485231,2024,430485231,2,19,0,18,19,1,5,0,0,0,0,0,0,0,1,1,2,2,1,52,8,1560,2,13,CITROEN BERLINGO,10,E01016628,0,2
2024361568567,2024,361568567,1,9,0,-1,19,1,5,-1,0,0,0,0,0,0,1,1,-1,6,1,86,11,1560,2,11,CITROEN BERLINGO,5,E01026679,0,1
2024131510031,2024,131510031,1,9,0,-1,9,1,3,-1,0,6,0,0,0,0,1,1,-1,9,2,58,9,1560,2,15,CITROEN BERLINGO,1,E01011729,0,1
2024461505416,2024,461505416,2,19,0,-1,9,4,1,-1,0,0,0,0,0,0,4,1,-1,2,1,56,9,1499,2,1,CITROEN BERLINGO,7,E01005819,0,5
2024010545149,2024,010545149,1,19,0,7,7,1,3,0,0,3,0,0,0,0,3,1,1,1,1,48,8,1499,2,2,CITROEN BERLINGO,3,E01004045,0,1
2024061516537,2024,061516537,2,19,0,-1,99,-1,-1,-1,0,0,9,10,1,99,1,1,-1,6,3,-1,-1,1560,2,6,CITROEN BERLINGO,-1,-1,0,-1
2024061495777,2024,061495777,3,19,0,-1,4,8,4,-1,0,0,0,0,0,0,3,1,-1,6,1,67,10,1560,2,10,CITROEN BERLINGO,5,E01006258,0,3
2024471469264,2024,471469264,1,9,0,-1,19,7,3,-1,0,0,0,0,0,0,1,1,-1,9,1,83,11,1560,2,7,CITROEN BERLINGO,5,E01021000,0,4
2024061426004,2024,061426004,1,19,0,-1,14,-1,-1,-1,0,0,1,0,0,0,4,1,-1,2,1,63,9,1500,2,5,CITROEN BERLINGO,9,E01005019,0,1
2024041578748,2024,041578748,2,19,0,-1,19,7,3,-1,0,8,0,0,0,0,0,1,-1,9,1,18,4,1560,2,9,CITROEN BERLINGO,1,E01025046,0,3
2024401502604,2024,401502604,2,19,0,-1,19,2,6,-1,0,0,0,0,0,0,2,1,-1,6,1,45,7,1499,2,4,CITROEN BERLINGO,8,E01034416,0,2
2024161528228,2024,161528228,2,19,0,-1,9,1,6,-1,0,6,0,0,0,0,0,1,-1,6,1,34,6,1500,2,3,CITROEN BERLINGO,6,E01013048,0,4
2024201436721,2024,201436721,1,19,0,-1,19,1,5,-1,0,0,0,0,0,0,1,1,-1,6,-1,-1,-1,1560,2,8,CITROEN BERLINGO,-1,-1,0,-1
2024421440147,2024,421440147,1,19,0,-1,9,7,5,-1,0,1,0,0,0,0,3,1,-1,1,1,30,6,1560,2,9,CITROEN BERLINGO,10,E01021364,0,1
2024371428069,2024,371428069,2,19,0,-1,19,6,2,-1,0,0,0,0,0,0,1,1,-1,6,1,54,8,1560,2,11,CITROEN BERLINGO,7,E01029875,0,2
2024610040424,2024,610040424,2,19,0,17,19,2,7,0,0,0,1,0,0,0,3,1,2,2,1,48,8,1560,2,10,CITROEN BERLINGO,9,E01022372,0,4
2024501421253,2024,501421253,1,19,0,-1,19,3,7,-1,0,0,1,0,6,0,1,1,-1,9,1,71,10,1560,2,14,CITROEN BERLINGO,6,E01018817,0,1
2024320342107,2024,320342107,1,19,0,-1,-1,3,7,0,0,0,0,0,0,0,1,1,1,1,1,40,7,1500,2,5,CITROEN BERLINGO,6,E01035546,0,4
2024010501138,2024,010501138,3,19,0,3,3,6,2,0,0,1,0,0,0,0,2,1,1,1,1,25,5,1500,2,2,CITROEN BERLINGO,5,E01026575,0,5
2024471453308,2024,471453308,2,8,0,-1,10,1,5,-1,0,6,0,0,0,0,4,1,-1,6,1,62,9,1560,2,9,CITROEN BERLINGO,1,E01016880,0,1
2024440427990,2024,440427990,1,19,0,18,19,6,1,0,0,1,0,0,0,0,1,1,1,1,1,21,5,1560,2,6,CITROEN BERLINGO,10,E01022590,0,2
2024201442030,2024,201442030,2,9,0,-1,19,2,6,-1,0,1,0,0,0,0,4,9,-1,9,1,44,7,1560,2,14,CITROEN BERLINGO,4,E01009236,0,1
2024070778287,2024,070778287,1,9,0,-1,19,3,1,-1,0,4,0,0,0,0,1,1,-1,6,1,39,7,1360,1,19,CITROEN BERLINGO,3,E01018487,0,3
2024411539064,2024,411539064,2,19,0,-1,5,1,5,-1,0,8,0,0,0,0,3,1,-1,6,1,35,6,1560,2,7,CITROEN BERLINGO,8,E01035608,0,1
2024010515353,2024,010515353,2,19,0,99,99,9,9,99,99,9,9,99,9,99,1,9,6,6,1,-1,-1,1560,2,8,CITROEN BERLINGO,4,E01001174,0,2
2024501415569,2024,501415569,1,19,0,-1,19,2,6,-1,0,0,2,0,7,4,1,9,-1,6,1,34,6,1868,2,21,CITROEN BERLINGO,4,E01020311,0,3
2024552400460,2024,552400460,2,9,0,18,19,3,1,0,0,8,0,0,0,0,3,1,6,6,1,28,6,1761,1,23,CITROEN BERLINGO,5,E01020454,0,4
2024351504361,2024,351504361,2,19,0,-1,5,-1,-1,-1,0,0,0,0,0,0,4,1,-1,1,1,23,5,1500,2,2,CITROEN BERLINGO,7,E01018023,0,4
2024631506395,2024,631506395,1,19,0,-1,19,4,8,-1,0,1,1,0,1,4,1,1,-1,2,2,20,4,1560,2,7,CITROEN BERLINGO,10,E01013088,0,5
2024041441583,2024,041441583,1,19,0,-1,13,7,3,-1,0,1,0,0,0,0,1,1,-1,6,1,66,10,1500,2,3,CITROEN BERLINGO,3,E01025460,0,2
2024991513626,2024,991513626,1,9,0,-1,4,3,7,-1,0,0,0,0,0,0,3,1,-1,9,2,42,7,1560,2,8,CITROEN BERLINGO,10,-1,0,1
2024010503498,2024,010503498,2,19,0,3,3,7,3,0,0,2,0,0,0,0,2,1,6,6,1,43,7,1560,2,7,CITROEN BERLINGO,6,E01002371,0,4
2024141497262,2024,141497262,2,9,0,-1,19,5,1,-1,0,8,0,0,7,0,1,1,-1,1,2,51,8,1560,2,11,CITROEN BERLINGO,10,E01011198,0,1
2024351468634,2024,351468634,2,19,0,-1,2,5,1,-1,0,0,0,0,0,0,1,1,-1,6,-1,-1,-1,1499,2,2,CITROEN BERLINGO,-1,-1,0,-1
2024031449584,2024,031449584,1,9,0,-1,20,1,5,-1,9,0,0,0,0,0,2,1,-1,9,2,52,8,1560,2,14,CITROEN BERLINGO,-1,-1,0,-1
2024421482200,2024,421482200,2,19,0,-1,4,2,6,-1,0,0,0,0,0,0,2,1,-1,9,1,44,7,1560,2,6,CITROEN BERLINGO,4,E01021425,0,3
2024631477121,2024,631477121,1,19,0,-1,19,8,4,-1,0,0,2,0,1,10,1,1,-1,6,1,57,9,1499,2,0,CITROEN BERLINGO,5,W01000361,0,4
2024501460581,2024,501460581,3,9,0,-1,19,7,3,-1,0,0,0,0,0,0,2,1,-1,9,1,42,7,-1,-1,-1,CITROEN BERLINGO,8,E01018899,0,1
2024211470874,2024,211470874,1,9,0,-1,4,1,1,-1,0,0,0,0,0,0,2,1,-1,6,2,-1,-1,1500,2,6,CITROEN BERLINGO,-1,-1,0,-1
2024010529451,2024,010529451,2,19,0,9,9,1,7,0,0,5,0,0,0,0,3,1,1,1,1,44,7,1499,2,1,CITROEN BERLINGO,2,E01003253,0,1
2024332400779,2024,332400779,1,19,0,-1,19,1,5,-1,0,0,0,0,0,0,1,1,-1,6,1,26,6,1560,2,11,CITROEN BERLINGO,-1,-1,0,-1
2024411535798,2024,411535798,1,19,0,-1,5,1,5,-1,0,2,0,0,0,0,1,1,-1,6,1,64,9,1560,2,5,CITROEN BERLINGO,10,E01023948,0,1
2024052400872,2024,052400872,1,19,0,18,19,3,7,0,0,1,0,0,0,0,1,1,6,6,1,-1,-1,1499,2,1,CITROEN BERLINGO,-1,-1,0,-1
2024461506857,2024,461506857,2,19,0,-1,10,5,1,-1,0,0,0,0,0,0,2,9,-1,6,2,25,5,1500,2,2,CITROEN BERLINGO,4,E01035318,0,3
2024010550891,2024,010550891,2,19,0,7,7,5,7,0,0,1,0,0,1,0,3,1,6,6,1,33,6,1560,2,8,CITROEN BERLINGO,2,E01004300,0,1
2024070559628,2024,070559628,2,9,0,4,4,2,6,0,0,1,0,0,0,0,2,1,6,6,2,69,10,1560,2,7,CITROEN BERLINGO,10,E01018389,0,2
2024010549078,2024,010549078,1,19,0,-1,-1,3,7,0,0,8,0,0,0,0,1,1,2,2,1,36,7,1560,2,6,CITROEN BERLINGO,9,E01000396,0,1
2024340NN0452,2024,340NN0452,2,19,0,-1,19,6,2,-1,0,8,0,0,0,0,1,1,-1,9,1,34,6,1868,2,19,CITROEN BERLINGO,4,E01027130,0,1
2024320127615,2024,320127615,2,9,0,-1,-1,6,2,0,0,8,0,0,0,0,4,1,-1,-1,1,21,5,1500,2,6,CITROEN BERLINGO,4,E01026032,0,3
2024320041511,2024,320041511,1,19,0,1,1,3,7,0,0,0,0,0,0,0,2,1,1,1,1,47,8,1868,2,23,CITROEN BERLINGO,-1,-1,0,-1
2024421523406,2024,421523406,3,19,0,-1,19,7,3,-1,0,0,0,0,0,0,2,1,-1,9,1,24,5,1560,2,9,CITROEN BERLINGO,1,E01021998,0,4
2024430112506,2024,430112506,2,19,0,18,19,7,3,0,0,8,0,0,0,0,3,1,6,6,1,-1,-1,1560,2,9,CITROEN BERLINGO,-1,-1,0,-1
2024122400218,2024,122400218,3,19,0,3,3,2,6,0,0,0,0,0,0,0,2,1,2,2,1,29,6,1560,2,9,CITROEN BERLINGO,5,E01027889,0,1
2024501469936,2024,501469936,2,19,0,-1,2,0,0,-1,0,0,0,0,0,0,1,1,-1,6,-1,-1,-1,1560,2,8,CITROEN BERLINGO,-1,-1,0,-1
2024131481543,2024,131481543,2,19,0,-1,19,1,5,-1,0,8,0,0,0,0,1,2,-1,2,1,40,7,1500,2,3,CITROEN BERLINGO,4,E01007329,0,4
2024631522309,2024,631522309,1,19,0,-1,7,1,2,-1,9,6,0,0,0,0,4,1,-1,9,1,55,8,1560,2,5,CITROEN BERLINGO,3,W01000657,0,1
2024052401985,2024,052401985,2,19,0,18,19,2,6,0,0,8,0,0,0,0,1,1,1,1,1,39,7,1560,2,15,CITROEN BERLINGO,-1,-1,0,-1
2024522401639,2024,522401639,2,8,0,18,19,7,3,0,0,1,0,0,0,0,1,1,1,1,1,50,8,1598,1,8,CITROEN BERLINGO,5,E01014533,0,1
2024061404186,2024,061404186,2,19,-1,-1,-1,-1,-1,-1,-1,0,-1,-1,-1,0,-1,9,-1,6,1,-1,-1,1500,2,4,CITROEN BERLINGO,-1,-1,0,-1
2024201524339,2024,201524339,1,9,0,-1,1,7,3,-1,9,0,0,10,7,10,4,1,-1,6,1,82,11,1560,2,10,CITROEN BERLINGO,5,E01010513,0,1
2024451478186,2024,451478186,2,9,0,-1,19,5,1,-1,0,0,0,0,0,0,1,1,-1,6,1,83,11,1499,2,4,CITROEN BERLINGO,5,E01030658,0,1
2024010535539,2024,010535539,1,19,0,9,9,7,5,0,0,2,0,0,0,0,1,1,1,1,1,31,6,1560,2,15,CITROEN BERLINGO,6,E01024340,0,4
2024070527929,2024,070527929,2,19,0,17,19,1,2,0,0,8,0,0,0,0,3,1,6,6,1,39,7,1560,2,11,CITROEN BERLINGO,2,E01012522,0,1
2024010518476,2024,010518476,1,19,0,18,19,1,5,0,0,8,0,0,0,0,2,1,1,1,1,61,9,1499,2,1,CITROEN BERLINGO,4,E01000466,0,1
2024461432828,2024,461432828,1,9,0,-1,5,1,5,-1,0,0,0,0,0,0,1,9,-1,9,1,79,11,1560,2,10,CITROEN BERLINGO,6,E01024592,0,1
2024501406267,2024,501406267,2,19,0,-1,19,5,1,-1,0,0,0,0,0,0,2,9,-1,2,1,44,7,1560,2,6,CITROEN BERLINGO,3,E01029333,0,4
2024461489420,2024,461489420,2,19,0,-1,19,1,5,-1,0,1,0,0,0,0,3,9,-1,1,1,24,5,1560,2,9,CITROEN BERLINGO,3,E01024634,0,4
2024461399758,2024,461399758,2,19,0,-1,19,2,3,-1,0,0,0,0,0,0,1,9,-1,1,1,29,6,1499,2,1,CITROEN BERLINGO,6,E01024062,0,4
2024451486932,2024,451486932,1,19,0,-1,19,6,2,-1,0,0,1,0,0,0,1,1,-1,2,1,57,9,1560,2,9,CITROEN BERLINGO,6,E01030451,0,1
2024201435152,2024,201435152,2,19,0,-1,19,5,2,-1,0,1,0,0,1,0,2,1,-1,6,1,-1,-1,1560,2,9,CITROEN BERLINGO,-1,-1,0,-1
2024522500273,2024,522500273,1,19,0,17,19,2,8,0,0,8,0,0,0,0,1,1,6,6,1,33,6,1499,2,2,CITROEN BERLINGO,8,E01014705,0,2
2024041529109,2024,041529109,1,9,0,-1,19,7,3,-1,0,1,0,0,0,0,1,1,-1,1,1,25,5,1560,2,8,CITROEN BERLINGO,4,E01012700,0,2
2024161523880,2024,161523880,3,9,0,-1,2,0,0,-1,0,0,0,0,0,0,1,1,-1,6,-1,-1,-1,-1,-1,-1,CITROEN BERLINGO,-1,-1,0,-1
2024440316466,2024,440316466,1,19,0,18,19,2,6,0,0,0,0,0,0,0,1,1,2,2,1,47,8,1500,2,4,CITROEN BERLINGO,6,E01029285,0,5
2024161476862,2024,161476862,1,19,0,-1,19,3,7,-1,0,2,0,0,0,0,1,1,-1,1,1,64,9,1500,2,3,CITROEN BERLINGO,6,E01011156,0,4
2024122400719,2024,122400719,1,9,0,18,19,5,1,0,0,1,0,0,0,0,1,1,6,6,2,31,6,1560,2,15,CITROEN BERLINGO,7,E01019375,0,4
2024320461033,2024,320461033,2,19,0,-1,-1,2,6,0,0,8,0,0,0,0,1,1,-1,-1,1,41,7,1560,2,12,CITROEN BERLINGO,4,E01026019,0,1
2024622500005,2024,622500005,1,19,0,18,19,6,2,0,0,0,0,0,0,0,1,1,6,6,1,38,7,1560,2,15,CITROEN BERLINGO,5,W01000719,0,2
2024131401829,2024,131401829,2,9,0,-1,19,7,3,-1,0,0,0,0,0,0,2,1,-1,9,1,74,10,1500,2,3,CITROEN BERLINGO,7,E01027646,0,4
2024411462984,2024,411462984,1,20,0,-1,19,5,1,-1,0,1,0,0,1,10,1,9,-1,6,1,33,6,-1,-1,-1,CITROEN BERLINGO,5,E01023643,0,2
2024131531297,2024,131531297,1,9,0,-1,9,1,5,-1,0,8,0,0,0,0,1,1,-1,1,1,56,9,1560,2,11,CITROEN BERLINGO,8,E01010861,0,1
2024010494714,2024,010494714,3,19,0,18,19,5,1,0,0,1,0,0,0,0,0,1,1,1,2,22,5,1500,2,3,CITROEN BERLINGO,3,E01021418,0,4
2024221398784,2024,221398784,2,9,0,-1,1,2,6,-1,0,8,0,0,0,0,2,9,-1,1,1,56,9,1560,2,14,CITROEN BERLINGO,9,W01000444,0,4
2024440434417,2024,440434417,1,19,0,9,9,7,5,0,0,6,0,0,0,0,1,1,6,6,1,45,7,1560,2,5,CITROEN BERLINGO,9,E01022828,0,1
2024061490773,2024,061490773,1,19,0,-1,9,2,8,-1,0,2,0,0,0,0,1,1,-1,1,1,48,8,1560,2,10,CITROEN BERLINGO,7,E01005819,0,3
2024471513654,2024,471513654,1,19,0,-1,19,1,5,-1,0,0,0,0,0,0,1,1,-1,6,1,35,6,1560,2,8,CITROEN BERLINGO,3,E01016881,0,1
2024332401025,2024,332401025,1,9,0,-1,2,0,0,-1,0,0,0,0,7,11,1,1,-1,6,1,78,11,-1,-1,-1,CITROEN BERLINGO,4,E01013767,0,1
2024461396797,2024,461396797,1,19,0,-1,13,1,5,-1,0,2,0,0,0,0,1,1,-1,1,1,20,4,1560,2,7,CITROEN BERLINGO,7,E01024780,0,1
2024141475269,2024,141475269,1,19,0,-1,4,6,2,-1,0,0,0,0,0,0,2,1,-1,2,1,51,8,1560,2,8,CITROEN BERLINGO,8,E01013257,0,4
202454E856224,2024,54E856224,2,19,0,18,19,8,4,0,0,0,0,0,0,0,1,1,2,2,1,45,7,1499,2,4,CITROEN BERLINGO,1,E01015542,0,4
2024471507677,2024,471507677,2,19,0,-1,-1,-1,-1,-1,-1,-1,-1,-1,-1,0,-1,1,-1,6,1,52,8,1560,2,7,CITROEN BERLINGO,-1,-1,0,-1
2024471459454,2024,471459454,2,9,0,-1,2,0,0,-1,9,2,0,4,0,0,1,1,-1,6,-1,-1,-1,1560,2,14,CITROEN BERLINGO,-1,-1,0,-1