collision_index,collision_year,collision_ref_no,vehicle_reference,vehicle_type,towing_and_articulation,vehicle_manoeuvre_historic,vehicle_manoeuvre,vehicle_direction_from,vehicle_direction_to,vehicle_location_restricted_lane_historic,vehicle_location_restricted_lane,junction_location,skidding_and_overturning,hit_object_in_carriageway,vehicle_leaving_carriageway,hit_object_off_carriageway,first_point_of_impact,vehicle_left_hand_drive,journey_purpose_of_driver_historic,journey_purpose_of_driver,sex_of_driver,age_of_driver,age_band_of_driver,engine_capacity_cc,propulsion_code,age_of_vehicle,generic_make_model,driver_imd_decile,lsoa_of_driver,escooter_flag,driver_distance_banding
2024010501310,2024,010501310,1,19,0,5,5,7,3,0,0,1,0,0,0,0,1,1,6,6,1,52,8,1560,2,5,CITROEN BERLINGO,6,E01033784,0,1
2024201488867,2024,201488867,1,9,2,-1,8,8,2,-1,0,1,0,0,0,0,1,1,-1,9,2,48,8,-1,3,2,CITROEN BERLINGO,10,E01034051,0,4
2024211528653,2024,211528653,2,19,0,-1,2,7,3,-1,0,0,0,0,0,0,2,1,-1,6,1,62,9,1560,2,14,CITROEN BERLINGO,-1,-1,0,-1
2024010521136,2024,010521136,2,19,0,18,19,3,7,0,0,2,0,0,0,0,4,1,1,1,1,19,4,1560,2,5,CITROEN BERLINGO,2,E01033396,0,5
2024010500017,2024,010500017,1,20,0,1,1,3,7,0,0,6,0,0,0,0,2,2,6,6,1,36,7,-1,-1,-1,CITROEN BERLINGO,5,E01031501,0,4
2024010538094,2024,010538094,2,19,0,18,19,7,3,0,0,0,1,0,0,0,1,1,6,6,1,22,5,1560,2,6,CITROEN BERLINGO,3,E01001082,0,2
2024461482746,2024,461482746,1,19,0,-1,2,1,5,-1,0,0,0,0,0,0,2,1,-1,1,1,63,9,1560,2,6,CITROEN BERLINGO,7,E01024101,0,4
2024101508318,2024,101508318,1,20,-1,-1,19,1,5,-1,0,0,0,0,0,0,4,9,-1,6,1,54,8,-1,-1,-1,CITROEN BERLINGO,4,E01008329,0,2
2024461474263,2024,461474263,2,19,0,-1,19,7,3,-1,0,2,1,0,0,0,2,1,-1,1,1,40,7,1500,2,2,CITROEN BERLINGO,2,E01016059,0,2
2024552400318,2024,552400318,2,19,0,18,19,2,6,0,0,8,0,0,0,0,1,1,6,6,1,62,9,1560,2,16,CITROEN BERLINGO,8,E01020376,0,2
2024010543784,2024,010543784,2,10,0,99,99,9,9,99,99,9,9,99,9,99,1,9,6,6,3,-1,-1,-1,-1,-1,CITROEN BERLINGO,-1,-1,0,-1
2024010544481,2024,010544481,2,19,0,99,99,9,9,99,99,9,9,99,9,99,2,1,6,6,3,-1,-1,1360,7,16,CITROEN BERLINGO,-1,-1,0,-1
2024461513581,2024,461513581,2,19,0,-1,9,8,6,-1,0,1,0,0,0,0,3,1,-1,1,1,57,9,1500,2,3,CITROEN BERLINGO,7,E01024158,0,2
2024041411466,2024,041411466,1,19,0,-1,19,1,5,-1,0,0,0,0,0,0,1,1,-1,1,1,65,9,1560,2,8,CITROEN BERLINGO,4,E01012712,0,4
2024201458032,2024,201458032,2,19,0,-1,19,4,8,-1,0,0,0,0,0,0,1,1,-1,1,1,56,9,1199,1,1,CITROEN BERLINGO,5,E01029382,0,4
2024010539293,2024,010539293,2,9,0,99,99,9,9,99,99,9,9,99,9,99,9,9,6,6,3,-1,-1,1499,2,5,CITROEN BERLINGO,-1,-1,0,-1
2024340WN4472,2024,340WN4472,1,19,0,-1,19,8,4,-1,0,0,0,0,0,0,1,1,-1,9,2,51,8,1560,2,7,CITROEN BERLINGO,2,E01027241,0,1
2024041412569,2024,041412569,1,19,0,-1,5,5,1,-1,0,0,0,0,0,0,1,1,-1,9,1,64,9,1598,2,17,CITROEN BERLINGO,1,E01012751,0,2
202460Q147758,2024,60Q147758,1,19,0,18,19,3,7,0,0,1,0,0,0,0,3,1,6,6,1,-1,-1,1560,2,13,CITROEN BERLINGO,-1,-1,0,-1
2024010527537,2024,010527537,1,19,0,99,99,9,9,99,99,9,9,99,9,99,2,9,2,2,3,37,7,1560,2,7,CITROEN BERLINGO,2,E01000020,0,3
2024111471686,2024,111471686,2,19,0,-1,19,7,3,-1,0,0,0,0,0,0,2,1,-1,2,1,63,9,1560,2,13,CITROEN BERLINGO,5,E01034511,0,1
2024430306062,2024,430306062,1,19,0,18,19,5,1,0,0,1,0,0,0,0,1,1,6,6,1,32,6,1560,2,17,CITROEN BERLINGO,-1,-1,0,-1
2024451466244,2024,451466244,1,19,0,-1,19,-1,-1,-1,0,0,0,0,0,0,4,1,-1,6,3,50,8,1499,2,0,CITROEN BERLINGO,-1,-1,0,-1
2024010508522,2024,010508522,2,19,0,9,9,1,6,0,0,2,0,0,0,0,0,1,1,1,1,58,9,1500,2,4,CITROEN BERLINGO,3,E01033150,0,2
2024010522893,2024,010522893,2,19,0,18,19,5,1,0,0,1,0,0,0,0,1,1,6,6,1,44,7,1500,2,2,CITROEN BERLINGO,-1,-1,0,-1
2024471456100,2024,471456100,2,19,0,-1,19,7,3,-1,0,8,0,0,0,0,4,1,-1,2,1,27,6,1560,2,12,CITROEN BERLINGO,1,E01020979,0,4
2024340NN1712,2024,340NN1712,3,19,0,-1,19,1,5,-1,0,1,0,0,0,0,3,1,-1,1,1,51,8,1500,2,3,CITROEN BERLINGO,8,E01027217,0,3
2024201530328,2024,201530328,2,19,0,-1,19,4,8,-1,0,4,0,0,0,0,1,1,-1,6,1,40,7,1560,2,9,CITROEN BERLINGO,-1,-1,0,-1
2024302401747,2024,302401747,1,19,0,-1,19,2,5,-1,0,0,1,0,0,0,1,1,-1,9,1,25,5,1560,2,8,CITROEN BERLINGO,4,E01007746,0,3
2024010545802,2024,010545802,1,19,0,7,7,1,3,0,0,1,0,0,1,0,1,1,6,6,1,48,8,1587,1,15,CITROEN BERLINGO,8,E01004168,0,4
2024131462390,2024,131462390,2,9,0,-1,5,8,4,-1,0,8,0,0,0,0,1,1,-1,9,1,74,10,1560,2,15,CITROEN BERLINGO,3,E01011806,0,1
2024631417409,2024,631417409,2,9,0,-1,5,4,2,-1,0,6,0,0,0,0,3,1,-1,6,2,74,10,1560,2,10,CITROEN BERLINGO,3,W01000750,0,3
2024991435694,2024,991435694,1,19,0,-1,12,1,5,-1,0,0,0,0,0,0,2,1,-1,6,2,32,6,1560,2,15,CITROEN BERLINGO,1,-1,0,2
2024991497190,2024,991497190,1,19,0,-1,19,2,6,-1,0,8,0,0,1,0,1,1,-1,6,1,34,6,1500,2,4,CITROEN BERLINGO,4,-1,0,1
2024010517306,2024,010517306,2,9,0,99,99,9,9,99,99,9,9,99,9,99,1,9,6,6,3,-1,-1,1360,1,17,CITROEN BERLINGO,-1,-1,0,-1
2024631407338,2024,631407338,2,19,0,-1,12,6,2,-1,0,0,0,0,0,0,3,1,-1,1,1,21,5,1560,2,9,CITROEN BERLINGO,8,W01000624,0,4
2024010510279,2024,010510279,2,19,0,2,2,0,0,0,0,0,0,0,1,0,0,1,6,6,3,-1,-1,1499,2,1,CITROEN BERLINGO,-1,-1,0,-1
2024101465151,2024,101465151,1,19,0,-1,9,8,6,-1,0,8,0,0,7,0,4,1,-1,9,1,80,11,1598,2,17,CITROEN BERLINGO,6,E01008195,0,1
2024440021854,2024,440021854,1,19,0,17,19,7,4,0,0,0,0,0,0,0,1,1,1,1,2,53,8,1560,2,5,CITROEN BERLINGO,7,E01022589,0,1
2024010525050,2024,010525050,1,19,0,99,99,9,9,99,99,9,9,99,9,99,1,9,6,6,3,-1,-1,1500,2,4,CITROEN BERLINGO,8,E01030679,0,4
2024610003124,2024,610003124,1,19,0,18,19,8,4,0,0,0,0,0,0,0,1,1,1,1,1,20,4,1560,2,8,CITROEN BERLINGO,1,W01001459,0,1
2024430551554,2024,430551554,2,19,0,18,19,8,4,0,0,0,0,0,0,0,1,1,6,6,1,-1,-1,1560,2,11,CITROEN BERLINGO,-1,-1,0,-1
2024351482060,2024,351482060,3,19,0,-1,19,5,1,-1,0,0,0,0,0,0,2,1,-1,6,1,66,10,1499,2,1,CITROEN BERLINGO,4,E01009249,0,5
2024631529244,2024,631529244,2,19,0,-1,19,6,2,-1,0,8,0,0,0,0,3,1,-1,1,1,22,5,1500,2,3,CITROEN BERLINGO,6,W01000698,0,1
2024231512727,2024,231512727,1,19,0,-1,19,4,8,-1,0,0,2,0,1,9,1,9,-1,1,1,25,5,1560,2,12,CITROEN BERLINGO,3,E01009641,0,3
2024411516806,2024,411516806,1,19,0,-1,-1,-1,-1,-1,-1,-1,-1,-1,-1,0,1,9,-1,6,1,30,6,1500,2,4,CITROEN BERLINGO,9,E01023148,0,4
2024010530620,2024,010530620,1,19,0,99,99,9,9,99,99,0,9,99,9,99,1,9,6,6,1,29,6,1500,2,2,CITROEN BERLINGO,5,E01024647,0,4
2024041511006,2024,041511006,1,19,0,-1,19,3,7,-1,0,0,0,0,0,0,1,1,-1,1,2,18,4,1560,2,9,CITROEN BERLINGO,6,E01025107,0,4
2024311501750,2024,311501750,1,19,0,-1,2,0,0,-1,0,0,0,0,0,0,2,1,-1,6,-1,-1,-1,1560,2,8,CITROEN BERLINGO,-1,-1,0,-1
2024411471674,2024,411471674,5,19,0,-1,2,0,0,-1,0,0,0,0,0,0,2,1,-1,6,-1,-1,-1,1560,2,6,CITROEN BERLINGO,-1,-1,0,-1
2024440203162,2024,440203162,2,19,0,9,9,6,4,0,0,8,0,0,0,0,3,1,6,6,1,57,9,1500,2,4,CITROEN BERLINGO,2,E01017238,0,2
2024010536968,2024,010536968,2,19,0,99,99,9,9,99,99,9,9,99,9,99,1,9,6,6,1,37,7,1560,2,8,CITROEN BERLINGO,4,E01004150,0,1
2024122500062,2024,122500062,2,19,0,7,7,1,5,0,0,1,0,0,0,0,4,1,1,1,1,19,4,1560,2,6,CITROEN BERLINGO,5,E01027857,0,1
2024371453959,2024,371453959,2,19,0,-1,2,7,8,-1,0,1,0,0,0,0,2,1,-1,1,1,58,9,1500,2,3,CITROEN BERLINGO,4,E01030244,0,4
2024201479383,2024,201479383,2,9,0,-1,11,1,4,-1,0,2,0,0,0,0,4,1,-1,6,3,-1,-1,-1,-1,-1,CITROEN BERLINGO,-1,-1,0,-1
2024541257024,2024,541257024,1,9,0,18,19,8,3,0,0,8,0,0,0,0,1,1,6,6,1,63,9,-1,-1,-1,CITROEN BERLINGO,9,E01032044,0,1
2024070441251,2024,070441251,1,9,0,3,3,1,5,0,0,8,0,0,7,11,2,1,2,2,1,87,11,-1,-1,-1,CITROEN BERLINGO,-1,-1,0,-1
2024361463050,2024,361463050,1,9,0,-1,19,4,3,-1,0,8,0,0,0,0,1,1,-1,6,1,69,10,1997,2,20,CITROEN BERLINGO,2,E01026600,0,1
2024131456252,2024,131456252,1,19,0,-1,19,1,5,-1,0,0,0,0,7,0,1,1,-1,1,1,47,8,1500,2,2,CITROEN BERLINGO,2,E01012362,0,4
2024010520931,2024,010520931,1,19,0,99,99,9,9,99,99,9,9,99,9,99,1,9,6,6,3,57,9,-1,3,2,CITROEN BERLINGO,8,E01024183,0,4
2024061415028,2024,061415028,1,9,0,-1,9,8,6,-1,0,1,0,0,0,0,1,1,-1,9,2,56,9,1560,2,10,CITROEN BERLINGO,3,E01005604,0,1
2024991410830,2024,991410830,1,9,0,-1,19,7,4,-1,0,0,0,0,1,4,1,1,-1,9,1,57,9,1560,2,17,CITROEN BERLINGO,4,-1,0,3
2024411474249,2024,411474249,2,19,0,-1,-1,-1,-1,-1,-1,-1,-1,-1,-1,0,-1,9,-1,6,2,29,6,1560,2,10,CITROEN BERLINGO,3,E01023756,0,1
2024552400607,2024,552400607,1,19,0,13,13,5,1,0,0,0,0,0,0,0,4,1,6,6,1,33,6,1500,2,3,CITROEN BERLINGO,4,E01020444,0,1
2024361489838,2024,361489838,1,19,0,-1,19,3,7,-1,0,1,0,0,1,0,1,1,-1,6,1,47,8,1560,2,14,CITROEN BERLINGO,5,E01026491,0,3
2024552400550,2024,552400550,2,9,0,4,4,2,6,0,0,1,0,4,0,0,2,1,3,7,1,38,7,-1,3,0,CITROEN BERLINGO,6,E01020510,0,1
2024010517603,2024,010517603,1,19,0,4,4,7,3,0,0,7,0,0,1,0,2,1,2,2,1,39,7,1560,2,6,CITROEN BERLINGO,6,E01004109,0,2
2024520403140,2024,520403140,1,9,0,18,19,8,6,0,0,0,0,4,0,0,4,1,6,6,2,43,7,1560,2,15,CITROEN BERLINGO,4,E01029041,0,1
2024501414970,2024,501414970,1,9,0,-1,19,4,8,-1,0,1,0,0,0,0,1,1,-1,6,1,64,9,1200,1,2,CITROEN BERLINGO,6,E01019942,0,3
2024451438691,2024,451438691,1,19,0,-1,3,2,6,-1,0,0,0,0,0,0,2,1,-1,6,1,56,9,1560,2,7,CITROEN BERLINGO,-1,-1,0,-1
2024320117103,2024,320117103,2,9,0,13,13,2,6,0,0,8,0,0,0,0,1,1,-1,-1,2,70,10,1560,2,9,CITROEN BERLINGO,5,E01026052,0,3
2024440384353,2024,440384353,2,19,0,7,7,8,2,0,0,6,0,0,0,0,1,1,6,6,1,-1,-1,1560,2,13,CITROEN BERLINGO,-1,-1,0,-1
2024010502905,2024,010502905,2,9,0,99,99,9,9,99,99,9,9,99,9,99,9,9,6,6,3,-1,-1,1587,1,17,CITROEN BERLINGO,-1,-1,0,-1
2024471491460,2024,471491460,1,19,0,-1,1,8,4,-1,9,0,0,0,0,0,2,1,-1,9,1,70,10,1560,2,18,CITROEN BERLINGO,9,E01031772,0,1
2024520001179,2024,520001179,2,19,0,18,19,1,5,0,0,1,0,0,0,0,1,1,6,6,1,45,7,1560,2,13,CITROEN BERLINGO,8,E01014423,0,2
2024101460296,2024,101460296,1,9,0,-1,5,1,3,-1,0,0,0,0,0,0,0,9,-1,6,1,26,6,1560,2,13,CITROEN BERLINGO,1,E01008575,0,1
2024411419729,2024,411419729,1,19,0,-1,9,-1,-1,-1,0,6,0,0,0,0,-1,9,-1,6,1,38,7,1560,2,10,CITROEN BERLINGO,3,E01023865,0,1
2024320409057,2024,320409057,1,19,0,-1,-1,7,3,0,0,8,0,0,1,10,1,1,1,1,1,25,5,1499,2,0,CITROEN BERLINGO,5,E01026409,0,3
2024161455873,2024,161455873,1,19,0,-1,19,6,2,-1,0,0,2,10,2,9,1,1,-1,2,1,64,9,1868,2,23,CITROEN BERLINGO,7,E01013026,0,1
2024531519594,2024,531519594,1,19,0,-1,19,2,6,-1,0,0,0,0,0,0,1,1,-1,1,1,50,8,1500,2,4,CITROEN BERLINGO,10,E01009784,0,4
202460Q010196,2024,60Q010196,2,9,0,2,2,0,0,0,0,0,0,0,0,0,2,1,6,6,3,-1,-1,1560,2,13,CITROEN BERLINGO,-1,-1,0,-1
2024471464843,2024,471464843,2,9,0,-1,7,1,2,-1,0,5,0,0,0,0,4,2,-1,6,1,33,6,1360,1,20,CITROEN BERLINGO,4,E01003969,0,4
2024440194116,2024,440194116,2,9,0,18,19,1,5,0,0,1,0,0,0,0,1,1,6,6,1,-1,-1,1868,2,22,CITROEN BERLINGO,-1,-1,0,-1
2024351446151,2024,351446151,2,19,0,-1,19,3,7,-1,0,1,0,0,8,9,1,1,-1,1,1,36,7,1560,2,11,CITROEN BERLINGO,9,E01034445,0,3
2024421401226,2024,421401226,2,19,0,-1,19,-1,-1,-1,0,0,0,0,0,0,2,9,-1,6,1,55,8,1500,2,2,CITROEN BERLINGO,10,E01023502,0,2
2024421533681,2024,421533681,1,19,0,-1,19,-1,-1,-1,0,4,9,99,0,0,1,9,-1,6,1,-1,-1,1560,2,13,CITROEN BERLINGO,-1,-1,0,-1
2024131424727,2024,131424727,1,19,0,-1,7,7,3,-1,0,8,0,0,0,0,1,1,-1,6,1,51,8,1500,2,3,CITROEN BERLINGO,9,E01011565,0,2
2024052400815,2024,052400815,1,9,0,9,9,1,7,0,0,5,0,0,0,0,4,1,6,6,1,67,10,1868,2,21,CITROEN BERLINGO,1,E01006787,0,1
2024010507453,2024,010507453,8,20,9,99,99,9,9,99,99,9,9,99,9,99,9,1,6,6,1,45,7,-1,-1,-1,CITROEN BERLINGO,8,E01021081,0,4
2024010500647,2024,010500647,1,9,0,18,19,1,5,0,0,8,0,0,0,0,1,1,6,6,1,60,9,1360,1,19,CITROEN BERLINGO,3,E01003625,0,4
2024052401524,2024,052401524,2,9,0,18,19,8,4,0,0,0,0,0,0,0,0,1,6,6,1,52,8,1868,2,19,CITROEN BERLINGO,5,E01007173,0,1
2024411438752,2024,411438752,3,19,0,-1,3,5,1,-1,0,0,0,0,0,0,2,1,-1,6,1,44,7,1500,2,2,CITROEN BERLINGO,6,E01023582,0,2
2024010537321,2024,010537321,1,19,0,18,19,1,5,0,0,0,0,0,0,0,1,1,6,6,1,48,8,1560,2,14,CITROEN BERLINGO,8,W01000775,0,5
2024010509988,2024,010509988,5,19,0,3,3,7,3,0,0,1,0,0,0,0,0,1,1,1,1,20,4,1560,2,6,CITROEN BERLINGO,-1,-1,0,-1
2024010520104,2024,010520104,2,20,0,99,99,9,9,99,99,9,9,99,9,99,2,9,2,2,1,39,7,-1,-1,-1,CITROEN BERLINGO,6,E01001852,0,3
2024451457792,2024,451457792,1,19,0,-1,19,6,8,-1,0,0,0,0,0,0,4,2,-1,6,3,40,7,1560,2,10,CITROEN BERLINGO,4,E01030400,0,1
2024211485874,2024,211485874,2,19,0,-1,19,3,7,-1,0,0,0,0,0,0,1,1,-1,6,1,37,7,1560,2,10,CITROEN BERLINGO,8,E01029430,0,4
2024351400279,2024,351400279,2,9,0,-1,19,-1,-1,-1,0,8,0,0,0,0,3,9,-1,2,2,58,9,1560,2,16,CITROEN BERLINGO,3,E01018090,0,2
2024461407385,2024,461407385,1,19,0,-1,5,3,7,-1,0,1,0,0,0,0,1,1,-1,2,1,46,8,1560,2,10,CITROEN BERLINGO,2,E01024670,0,1
2024010519967,2024,010519967,1,19,0,9,9,3,2,0,0,1,0,0,0,0,1,1,2,2,1,33,6,1560,2,8,CITROEN BERLINGO,7,E01000273,0,3
2024520401155,2024,520401155,1,9,0,18,19,6,2,0,0,8,0,0,1,0,3,1,6,6,1,73,10,1500,2,4,CITROEN BERLINGO,10,E01014417,0,4
2024101508376,2024,101508376,2,9,0,-1,19,7,2,-1,0,0,0,0,7,2,4,1,-1,6,1,64,9,-1,-1,-1,CITROEN BERLINGO,4,E01008445,0,1
2024131426975,2024,131426975,1,19,0,-1,19,7,3,-1,0,0,0,4,0,0,1,1,-1,9,1,36,7,1500,2,2,CITROEN BERLINGO,7,E01010672,0,1
2024010499810,2024,010499810,1,19,0,9,9,3,1,0,0,1,0,0,0,0,1,1,6,6,1,52,8,1500,2,3,CITROEN BERLINGO,3,E01024608,0,4
2024131491003,2024,131491003,1,19,0,-1,19,1,1,-1,0,0,0,0,0,0,1,2,-1,6,3,-1,-1,1499,2,1,CITROEN BERLINGO,-1,-1,0,-1
2024041453861,2024,041453861,2,9,0,-1,19,3,7,-1,0,1,1,0,0,0,4,1,-1,6,1,61,9,1560,2,15,CITROEN BERLINGO,10,E01006347,0,4
2024041411683,2024,041411683,1,19,0,-1,19,3,7,-1,1,4,0,0,0,0,1,1,-1,1,1,45,7,1500,2,5,CITROEN BERLINGO,4,E01025030,0,1
2024010526421,2024,010526421,2,19,0,-1,-1,5,1,0,0,0,5,7,6,7,1,1,2,2,1,44,7,1499,2,2,CITROEN BERLINGO,10,E01030680,0,4
2024010533544,2024,010533544,2,9,0,3,3,1,5,0,0,1,0,0,0,0,3,1,1,1,1,42,7,1560,2,7,CITROEN BERLINGO,2,E01033931,0,1
2024061484179,2024,061484179,2,9,0,-1,19,7,3,-1,0,0,0,0,0,0,1,1,-1,9,1,70,10,1560,2,11,CITROEN BERLINGO,3,E01006179,0,1
2024522500118,2024,522500118,1,19,0,1,1,3,7,0,0,2,0,0,0,0,1,1,6,6,1,57,9,1500,2,4,CITROEN BERLINGO,4,E01014592,0,1
2024041485933,2024,041485933,1,19,0,-1,19,1,5,-1,0,0,0,0,0,0,1,2,-1,6,1,51,8,1868,2,18,CITROEN BERLINGO,1,E01005183,0,4
2024552401127,2024,552401127,2,19,0,18,19,1,5,0,0,8,0,0,0,0,4,1,6,6,1,41,7,1560,2,7,CITROEN BERLINGO,1,E01015338,0,3
2024520403051,2024,520403051,1,9,0,7,7,1,3,0,0,8,0,0,7,10,3,1,6,6,1,72,10,1560,2,15,CITROEN BERLINGO,7,E01029225,0,1
2024522401956,2024,522401956,3,8,0,2,2,0,0,0,0,2,0,0,0,0,2,1,6,6,3,-1,-1,1560,2,10,CITROEN BERLINGO,-1,-1,0,-1
2024401498540,2024,401498540,1,19,0,-1,10,3,7,-1,0,0,0,0,0,0,2,1,-1,1,1,38,7,1500,2,5,CITROEN BERLINGO,6,E01023663,0,3
2024522401340,2024,522401340,7,19,0,3,3,8,4,0,0,0,0,0,0,0,2,1,6,6,2,25,5,1560,2,5,CITROEN BERLINGO,10,W01000859,0,4
2024451493877,2024,451493877,1,19,0,-1,19,7,3,-1,0,0,5,0,7,10,1,1,-1,9,1,17,4,1560,2,5,CITROEN BERLINGO,7,E01034722,0,3
2024101514663,2024,101514663,2,9,0,-1,19,3,7,-1,0,3,0,10,2,0,0,1,-1,2,1,35,6,1500,2,4,CITROEN BERLINGO,5,E01008196,0,2
2024421411720,2024,421411720,1,19,0,-1,9,1,5,-1,0,8,0,0,0,0,3,1,-1,6,1,34,6,1560,2,8,CITROEN BERLINGO,3,E01026792,0,5
2024201421421,2024,201421421,2,19,0,-1,3,5,1,-1,0,0,0,0,0,0,2,1,-1,6,2,30,6,1500,2,3,CITROEN BERLINGO,1,E01009505,0,1
202417S105724,2024,17S105724,1,9,0,-1,4,5,1,-1,0,1,0,0,0,0,0,1,-1,1,2,54,8,1560,2,6,CITROEN BERLINGO,1,E01011994,0,3
2024010498096,2024,010498096,1,19,0,18,19,5,1,0,0,2,0,0,0,0,1,1,1,1,1,65,9,1560,2,5,CITROEN BERLINGO,3,E01023876,0,4
2024070125794,2024,070125794,2,19,0,2,2,0,0,0,0,0,0,0,0,0,2,1,6,6,1,-1,-1,1500,2,3,CITROEN BERLINGO,-1,-1,0,-1
2024320750018,2024,320750018,1,19,0,-1,-1,4,8,0,0,0,0,0,0,0,1,1,-1,-1,1,68,10,1560,2,7,CITROEN BERLINGO,10,E01026305,0,3
2024041450674,2024,041450674,1,19,0,-1,19,1,5,-1,0,0,1,0,0,0,0,1,-1,1,1,41,7,1560,2,14,CITROEN BERLINGO,2,E01025285,0,3
2024302401723,2024,302401723,2,9,0,5,5,5,1,0,0,8,0,0,0,0,1,1,2,2,1,48,8,1200,1,5,CITROEN BERLINGO,3,E01013532,0,2
2024061469020,2024,061469020,1,9,0,-1,6,5,1,-1,0,8,0,0,0,0,4,1,-1,9,1,76,11,1587,1,21,CITROEN BERLINGO,-1,-1,0,-1
2024421531727,2024,421531727,1,19,0,-1,4,-1,-1,-1,0,4,0,0,0,0,3,1,-1,2,1,25,5,1499,2,0,CITROEN BERLINGO,7,E01015827,0,1
2024101461760,2024,101461760,1,9,0,-1,19,3,7,-1,0,8,0,0,0,0,3,1,-1,9,2,72,10,-1,-1,-1,CITROEN BERLINGO,10,E01014776,0,5
2024471398255,2024,471398255,1,19,0,-1,19,3,7,-1,0,1,0,0,0,0,1,1,-1,2,1,21,5,1560,2,10,CITROEN BERLINGO,6,E01031390,0,2
2024041501924,2024,041501924,1,9,0,-1,19,5,1,-1,0,1,0,0,0,0,1,1,-1,7,1,40,7,-1,3,1,CITROEN BERLINGO,6,E01025562,0,1
2024430447118,2024,430447118,1,19,0,17,19,4,2,0,0,0,0,0,0,0,4,1,6,6,1,-1,-1,1598,2,17,CITROEN BERLINGO,-1,-1,0,-1
2024461510462,2024,461510462,1,9,0,-1,19,7,3,-1,0,0,0,0,0,0,1,1,-1,9,2,72,10,1499,2,5,CITROEN BERLINGO,3,E01024486,0,3
2024622400612,2024,622400612,1,19,0,18,19,8,4,0,0,0,0,0,0,0,1,1,6,6,1,50,8,1560,2,9,CITROEN BERLINGO,2,W01001267,0,1
2024070637326,2024,070637326,1,19,0,18,19,7,3,0,0,0,0,4,0,0,2,1,1,1,1,48,8,1560,2,9,CITROEN BERLINGO,2,E01018400,0,1
2024061404346,2024,061404346,1,8,0,-1,19,3,8,-1,0,1,0,0,1,0,1,1,-1,1,1,31,6,1560,2,7,CITROEN BERLINGO,1,E01005682,0,2
2024041506542,2024,041506542,1,9,0,-1,19,5,1,-1,0,0,0,0,0,0,1,1,-1,9,1,72,10,-1,3,2,CITROEN BERLINGO,8,E01025443,0,1
2024231493388,2024,231493388,1,19,0,-1,9,5,3,-1,0,6,0,0,0,0,1,9,-1,1,1,52,8,1500,2,4,CITROEN BERLINGO,2,E01009610,0,2
2024471482052,2024,471482052,1,19,0,-1,19,3,7,-1,0,1,5,10,0,0,1,2,-1,9,1,57,9,1560,2,8,CITROEN BERLINGO,7,E01031460,0,4
2024461418173,2024,461418173,2,19,0,-1,9,7,5,-1,0,1,0,0,0,0,4,1,-1,7,1,38,7,1560,2,7,CITROEN BERLINGO,9,E01024297,0,1
2024622400819,2024,622400819,1,9,0,18,19,4,8,0,0,0,0,4,0,0,1,1,6,6,1,74,10,1868,2,21,CITROEN BERLINGO,4,W01001099,0,1
2024411407959,2024,411407959,1,19,-1,-1,-1,-1,-1,-1,-1,0,-1,-1,-1,0,-1,9,-1,6,3,-1,-1,1500,2,2,CITROEN BERLINGO,-1,-1,0,-1
2024131478122,2024,131478122,2,9,0,-1,19,1,1,-1,0,4,0,11,1,0,1,1,-1,9,1,66,10,1560,2,8,CITROEN BERLINGO,10,E01010947,0,1
2024522402306,2024,522402306,2,9,0,5,5,4,7,0,0,4,0,0,0,0,1,1,6,6,2,56,9,1560,2,10,CITROEN BERLINGO,7,E01014599,0,1
2024302400094,2024,302400094,1,19,0,10,10,6,4,0,0,1,0,0,0,0,2,1,1,1,1,51,8,1500,2,3,CITROEN BERLINGO,7,E01019612,0,1
2024031496781,2024,031496781,1,19,0,-1,19,7,3,-1,0,0,0,0,0,0,1,1,-1,9,1,22,5,1560,2,6,CITROEN BERLINGO,-1,-1,0,-1
2024401485305,2024,401485305,1,19,-1,-1,13,-1,-1,-1,0,8,0,0,0,0,4,9,-1,9,1,31,6,1560,2,9,CITROEN BERLINGO,1,E01017477,0,3
2024010488696,2024,010488696,2,19,0,9,9,1,6,0,0,5,0,0,0,0,3,1,6,6,1,71,10,1560,2,5,CITROEN BERLINGO,4,E01004617,0,1
2024991409016,2024,991409016,2,19,0,-1,19,3,7,-1,0,8,0,0,0,0,1,1,-1,1,1,61,9,1499,2,1,CITROEN BERLINGO,3,-1,0,4
2024461532366,2024,461532366,1,19,0,-1,19,3,7,-1,0,0,1,0,0,0,1,1,-1,2,1,29,6,1560,2,10,CITROEN BERLINGO,6,E01024303,0,1