collision_index,collision_year,collision_ref_no,vehicle_reference,vehicle_type,towing_and_articulation,vehicle_manoeuvre_historic,vehicle_manoeuvre,vehicle_direction_from,vehicle_direction_to,vehicle_location_restricted_lane_historic,vehicle_location_restricted_lane,junction_location,skidding_and_overturning,hit_object_in_carriageway,vehicle_leaving_carriageway,hit_object_off_carriageway,first_point_of_impact,vehicle_left_hand_drive,journey_purpose_of_driver_historic,journey_purpose_of_driver,sex_of_driver,age_of_driver,age_band_of_driver,engine_capacity_cc,propulsion_code,age_of_vehicle,generic_make_model,driver_imd_decile,lsoa_of_driver,escooter_flag,driver_distance_banding
2024461423259,2024,461423259,1,19,0,-1,14,5,1,-1,0,0,0,4,0,0,1,1,-1,1,1,56,9,1500,2,2,CITROEN BERLINGO,5,E01035299,0,1
2024131452374,2024,131452374,1,19,0,-1,7,3,7,-1,0,0,0,0,0,0,1,1,-1,1,1,45,7,1560,2,5,CITROEN BERLINGO,7,E01011684,0,2
2024531514350,2024,531514350,1,19,0,-1,19,8,4,-1,0,0,0,0,0,0,1,1,-1,2,1,22,5,1500,2,5,CITROEN BERLINGO,6,E01022233,0,1
2024131478917,2024,131478917,2,19,0,-1,3,8,2,-1,0,0,0,0,0,0,2,1,-1,1,1,24,5,1560,2,7,CITROEN BERLINGO,6,E01007833,0,4
2024061434204,2024,061434204,1,9,0,-1,19,5,1,-1,0,0,0,4,0,0,1,1,-1,9,1,42,7,1560,2,14,CITROEN BERLINGO,2,E01005528,0,1
2024461522227,2024,461522227,1,9,0,-1,19,2,5,-1,0,0,1,0,0,0,1,1,-1,6,2,40,7,1997,2,20,CITROEN BERLINGO,1,E01024611,0,3
2024010530469,2024,010530469,3,19,0,18,19,3,7,0,0,0,0,4,0,0,1,1,1,1,1,48,8,1500,2,4,CITROEN BERLINGO,5,E01024347,0,4
2024010510598,2024,010510598,3,19,0,18,19,7,3,0,0,0,0,0,0,0,2,1,6,6,1,40,7,1500,2,2,CITROEN BERLINGO,4,E01002114,0,4
2024122400422,2024,122400422,2,9,0,18,19,3,7,0,0,0,0,0,0,0,2,1,6,6,2,36,7,1560,2,15,CITROEN BERLINGO,7,E01013126,0,2
2024622400286,2024,622400286,2,9,0,1,1,1,5,0,0,0,0,0,0,0,2,1,6,6,3,-1,-1,-1,-1,-1,CITROEN BERLINGO,-1,-1,0,-1
2024010530534,2024,010530534,1,19,0,6,6,3,3,0,0,1,0,0,0,0,1,1,6,6,1,47,8,1500,2,5,CITROEN BERLINGO,8,E01002366,0,1
2024131399518,2024,131399518,1,9,0,-1,19,5,1,-1,0,0,0,0,0,0,1,1,-1,9,2,48,8,1598,2,16,CITROEN BERLINGO,6,E01010786,0,1
2024141456964,2024,141456964,2,19,0,-1,19,2,7,-1,0,0,0,0,0,0,2,1,-1,1,2,48,8,1499,2,1,CITROEN BERLINGO,6,E01007570,0,2
2024010535827,2024,010535827,2,19,0,18,19,3,7,0,0,0,0,0,0,0,2,1,6,6,2,33,6,1499,2,0,CITROEN BERLINGO,2,E01000097,0,1
2024340NN2302,2024,340NN2302,2,19,0,-1,2,0,0,-1,0,0,0,0,0,0,2,1,-1,6,3,-1,-1,1560,2,10,CITROEN BERLINGO,-1,-1,0,-1
2024122400995,2024,122400995,2,19,0,5,5,7,3,0,0,6,0,0,0,0,1,1,1,1,1,40,7,1560,2,7,CITROEN BERLINGO,2,E01010716,0,3
2024201489054,2024,201489054,1,19,0,-1,1,1,7,-1,0,0,0,0,0,0,3,1,-1,1,1,46,8,-1,3,1,CITROEN BERLINGO,1,E01009056,0,3
2024430556151,2024,430556151,1,9,0,18,19,5,1,0,0,0,0,0,0,0,1,1,6,6,1,18,4,-1,-1,-1,CITROEN BERLINGO,8,E01017688,0,3
202417M301124,2024,17M301124,3,19,0,18,19,5,1,0,0,8,0,0,0,0,1,1,1,1,2,33,6,1499,2,1,CITROEN BERLINGO,4,E01035202,0,1
2024010550005,2024,010550005,2,19,0,1,1,7,3,0,0,0,0,0,0,0,2,1,1,1,1,39,7,1499,2,2,CITROEN BERLINGO,5,E01002237,0,1
2024010523132,2024,010523132,2,19,9,18,19,9,9,99,99,9,9,99,9,99,9,9,6,6,1,-1,-1,1560,2,13,CITROEN BERLINGO,3,E01002065,0,2
2024461433255,2024,461433255,1,19,0,-1,19,1,4,-1,0,0,1,1,7,0,1,1,-1,6,1,57,9,1560,2,5,CITROEN BERLINGO,6,E01024062,0,4
2024371476967,2024,371476967,2,9,0,-1,19,5,1,-1,0,2,0,0,0,0,1,1,-1,9,1,71,10,1997,2,21,CITROEN BERLINGO,1,E01030258,0,3
2024991402301,2024,991402301,1,19,0,-1,19,5,1,-1,0,1,0,0,0,0,1,1,-1,6,1,33,6,1500,2,4,CITROEN BERLINGO,6,-1,0,1
2024052400923,2024,052400923,2,19,0,3,3,1,5,0,0,1,0,0,0,0,2,1,1,1,3,-1,-1,1500,2,5,CITROEN BERLINGO,-1,-1,0,-1
2024520402662,2024,520402662,1,19,0,18,19,5,1,0,0,8,0,0,7,11,1,1,6,6,1,31,6,1560,2,11,CITROEN BERLINGO,7,E01029018,0,1
2024131530122,2024,131530122,1,19,0,-1,9,1,2,-1,0,1,0,0,0,0,4,1,-1,6,1,62,9,1560,2,15,CITROEN BERLINGO,3,E01011037,0,1
2024411509541,2024,411509541,2,19,0,-1,19,2,6,-1,0,1,0,0,0,0,1,1,-1,6,1,29,6,1560,2,7,CITROEN BERLINGO,7,E01023719,0,2
2024010499798,2024,010499798,1,19,0,4,4,1,5,0,0,3,0,0,0,0,1,1,2,2,1,39,7,1499,2,4,CITROEN BERLINGO,4,E01000402,0,1
2024061516363,2024,061516363,1,19,0,-1,2,-1,-1,-1,9,-1,0,0,0,0,4,1,-1,6,3,-1,-1,1499,2,1,CITROEN BERLINGO,-1,-1,0,-1
2024421408973,2024,421408973,2,19,0,-1,4,7,3,-1,0,0,0,0,0,0,2,9,-1,6,2,33,6,1560,2,7,CITROEN BERLINGO,4,E01021669,0,1
2024131409147,2024,131409147,3,19,0,-1,2,0,0,-1,9,0,0,0,0,0,2,1,-1,6,-1,-1,-1,1499,2,1,CITROEN BERLINGO,-1,-1,0,-1
2024201442028,2024,201442028,3,19,0,-1,19,7,5,-1,0,8,0,0,0,0,4,1,-1,2,1,50,8,1499,2,1,CITROEN BERLINGO,1,E01009748,0,1
2024231423596,2024,231423596,3,19,0,-1,3,6,2,-1,0,0,0,0,0,0,2,1,-1,1,1,65,9,1560,2,8,CITROEN BERLINGO,4,E01031060,0,1
2024411504854,2024,411504854,2,19,0,-1,4,7,3,-1,0,0,0,0,0,0,2,1,-1,1,1,55,8,1560,2,6,CITROEN BERLINGO,5,E01021762,0,4
2024411407569,2024,411407569,2,19,0,-1,4,1,5,-1,0,0,0,0,0,0,1,9,-1,1,1,38,7,1500,2,3,CITROEN BERLINGO,4,E01016715,0,4
2024302400629,2024,302400629,1,9,0,18,19,1,5,0,0,0,0,0,0,0,1,1,6,6,2,58,9,1868,2,21,CITROEN BERLINGO,4,E01029462,0,2
2024430034106,2024,430034106,5,19,0,18,19,2,5,0,0,1,0,0,0,0,0,1,1,1,1,44,7,1500,2,2,CITROEN BERLINGO,8,E01028623,0,2
2024461479071,2024,461479071,1,19,0,-1,19,5,1,-1,0,0,0,0,0,0,1,1,-1,1,1,-1,-1,1560,2,10,CITROEN BERLINGO,5,E01024038,0,2
2024451516003,2024,451516003,4,19,0,-1,19,8,4,-1,0,0,0,0,0,0,1,1,-1,2,1,21,5,1500,2,4,CITROEN BERLINGO,9,E01030477,0,1
2024161522024,2024,161522024,1,19,0,-1,7,5,7,-1,0,6,0,0,0,0,3,1,-1,2,1,43,7,1560,2,6,CITROEN BERLINGO,2,E01012863,0,1
2024430248972,2024,430248972,1,9,0,7,7,3,6,0,0,8,0,0,0,0,4,1,6,6,1,36,7,1560,2,7,CITROEN BERLINGO,7,E01033961,0,4
2024052401397,2024,052401397,2,19,0,18,19,7,3,0,0,0,0,0,0,0,3,1,1,1,1,63,9,1560,2,9,CITROEN BERLINGO,1,E01006732,0,1
2024421493884,2024,421493884,2,19,0,-1,3,3,7,-1,0,0,0,0,0,0,2,1,-1,2,1,69,10,1560,2,7,CITROEN BERLINGO,8,E01035160,0,3
2024010514624,2024,010514624,1,19,0,5,5,0,1,0,0,1,0,0,0,0,1,1,2,2,1,31,6,1560,2,6,CITROEN BERLINGO,-1,-1,0,-1
2024440210031,2024,440210031,2,19,0,6,6,8,8,0,0,0,0,0,0,0,3,1,6,6,1,-1,-1,1868,2,20,CITROEN BERLINGO,-1,-1,0,-1
2024501511679,2024,501511679,2,9,0,-1,2,0,0,-1,0,1,0,0,0,0,2,1,-1,6,-1,-1,-1,1360,1,21,CITROEN BERLINGO,-1,-1,0,-1
2024461534088,2024,461534088,1,19,0,-1,19,5,1,-1,0,0,0,0,0,0,1,9,-1,6,3,-1,-1,1587,1,14,CITROEN BERLINGO,-1,-1,0,-1
2024440368549,2024,440368549,3,19,0,4,4,7,3,0,0,0,0,0,0,0,2,1,6,6,1,-1,-1,1560,2,5,CITROEN BERLINGO,-1,-1,0,-1
2024052401061,2024,052401061,1,19,0,9,9,5,3,0,0,1,0,0,0,0,4,1,1,1,1,28,6,1560,2,9,CITROEN BERLINGO,10,E01018695,0,4
2024031500387,2024,031500387,1,9,0,-1,19,7,3,-1,0,0,0,4,0,0,1,1,-1,2,1,32,6,1560,2,8,CITROEN BERLINGO,-1,-1,0,-1
2024061421238,2024,061421238,1,19,0,-1,19,7,3,-1,0,0,0,0,0,0,1,1,-1,6,1,39,7,1560,2,14,CITROEN BERLINGO,8,E01005409,0,2
2024501501090,2024,501501090,2,9,0,-1,19,5,1,-1,0,1,0,0,7,0,4,1,-1,6,1,64,9,1560,2,12,CITROEN BERLINGO,2,E01018865,0,1
2024161457009,2024,161457009,1,19,0,-1,19,6,2,-1,0,0,0,0,0,0,1,9,-1,6,1,32,6,1598,2,17,CITROEN BERLINGO,1,E01012892,0,1
2024010528704,2024,010528704,1,9,0,4,4,1,5,0,0,1,0,4,0,0,2,1,6,6,2,39,7,1560,2,7,CITROEN BERLINGO,3,E01003240,0,1
202460Q048602,2024,60Q048602,1,19,0,18,19,3,7,0,0,2,0,0,0,0,1,1,1,1,1,28,6,1560,2,9,CITROEN BERLINGO,-1,-1,0,-1
2024041489190,2024,041489190,1,19,0,-1,19,5,1,-1,0,0,0,0,1,11,1,1,-1,1,1,32,6,1499,2,1,CITROEN BERLINGO,3,E01025209,0,3
2024991438266,2024,991438266,1,19,0,-1,6,5,5,-1,0,0,0,0,0,0,3,1,-1,1,1,35,6,1560,2,11,CITROEN BERLINGO,7,-1,0,1
2024131401769,2024,131401769,1,9,0,-1,19,8,6,-1,0,2,5,10,0,0,4,1,-1,9,1,57,9,1560,2,15,CITROEN BERLINGO,1,E01010800,0,2
2024131412566,2024,131412566,1,19,0,-1,19,1,5,-1,0,1,1,0,0,0,1,1,-1,6,1,48,8,1560,2,12,CITROEN BERLINGO,7,E01011412,0,4
2024451504534,2024,451504534,1,19,0,-1,19,5,1,-1,0,0,0,0,0,0,1,1,-1,6,1,78,11,1500,2,5,CITROEN BERLINGO,6,E01016204,0,4
2024371455780,2024,371455780,2,19,0,-1,3,-1,-1,-1,0,1,0,0,0,0,3,1,-1,2,1,21,5,1560,2,5,CITROEN BERLINGO,4,E01026943,0,4
2024161414479,2024,161414479,1,9,0,-1,14,8,4,-1,0,0,0,4,0,0,1,1,-1,6,1,84,11,1360,1,21,CITROEN BERLINGO,7,E01013167,0,2
2024131452374,2024,131452374,2,19,0,-1,4,3,7,-1,0,0,0,0,0,0,2,1,-1,1,1,51,8,1500,2,3,CITROEN BERLINGO,8,E01007663,0,4
2024361532499,2024,361532499,1,19,0,-1,19,4,8,-1,0,1,0,0,0,0,1,1,-1,1,2,27,6,-1,3,1,CITROEN BERLINGO,3,E01017952,0,4
2024552400289,2024,552400289,1,9,0,18,19,6,2,0,0,3,0,0,4,6,3,1,6,6,1,67,10,1560,2,8,CITROEN BERLINGO,6,E01020354,0,1
2024010487867,2024,010487867,1,19,0,5,5,5,1,0,0,8,0,0,0,0,3,1,1,1,1,24,5,1560,2,7,CITROEN BERLINGO,6,E01034581,0,2
2024010534654,2024,010534654,2,9,0,10,10,8,6,0,0,1,0,0,0,0,1,1,6,6,1,34,6,1560,2,6,CITROEN BERLINGO,5,E01001381,0,1
2024461460235,2024,461460235,1,9,0,-1,19,5,7,-1,0,0,0,0,0,0,1,9,-1,6,2,32,6,1587,1,23,CITROEN BERLINGO,10,E01035309,0,1
2024131404587,2024,131404587,5,9,0,-1,19,3,7,-1,0,2,0,0,0,0,0,1,-1,1,1,30,6,1984,1,2,CUPRA ATECA,6,E01011885,0,3
2024010530007,2024,010530007,1,9,0,6,6,1,1,0,0,8,0,0,0,0,4,1,2,2,2,36,7,1498,1,1,CUPRA ATECA,5,E01000745,0,1
2024552401202,2024,552401202,2,9,0,6,6,7,7,0,0,0,0,0,7,0,2,1,6,6,1,50,8,1498,1,0,CUPRA ATECA,5,E01020577,0,4
2024461439190,2024,461439190,2,9,0,-1,19,7,3,-1,0,0,0,0,0,0,1,1,-1,1,1,40,7,1984,1,1,CUPRA ATECA,2,E01024717,0,4
2024131516558,2024,131516558,2,9,0,-1,19,7,3,-1,0,0,0,0,0,0,1,1,-1,1,1,-1,-1,1984,1,2,CUPRA ATECA,-1,-1,0,-1
2024552401042,2024,552401042,4,9,0,3,3,2,6,0,0,0,0,0,0,0,2,1,6,6,2,42,7,1498,1,1,CUPRA ATECA,7,E01015454,0,2
2024221510149,2024,221510149,2,9,0,-1,19,8,4,-1,0,8,0,0,0,0,1,1,-1,6,1,59,9,1984,1,1,CUPRA ATECA,8,E01028829,0,2
2024010528954,2024,010528954,1,9,0,11,11,1,5,0,0,0,0,0,0,0,2,1,6,6,1,30,6,1984,1,2,CUPRA ATECA,2,E01024717,0,4
2024201509726,2024,201509726,3,9,0,-1,19,1,5,-1,0,1,0,0,0,0,0,1,-1,1,1,43,7,1984,1,0,CUPRA ATECA,-1,-1,0,-1
2024061481210,2024,061481210,8,9,0,-1,19,5,1,-1,0,1,0,0,0,0,0,1,-1,8,1,34,6,1984,1,2,CUPRA ATECA,1,E01034113,0,3
2024211499892,2024,211499892,3,9,0,-1,19,7,3,-1,0,0,0,0,0,0,2,1,-1,9,2,26,6,1984,1,2,CUPRA ATECA,4,E01010377,0,2
2024461393694,2024,461393694,17,9,0,-1,19,4,8,-1,0,0,0,0,0,0,1,1,-1,1,1,55,8,1984,1,0,CUPRA ATECA,2,E01024717,0,3
2024451502295,2024,451502295,1,9,0,-1,19,7,3,-1,0,2,0,0,0,0,1,1,-1,9,1,31,6,1984,1,0,CUPRA ATECA,5,E01002667,0,4
2024010528147,2024,010528147,1,23,0,99,99,9,9,99,99,9,9,99,9,99,2,1,1,1,1,45,7,-1,3,2,-1,3,E01034038,0,2
2024010526823,2024,010526823,1,23,0,99,99,9,9,99,99,9,9,99,9,99,2,1,1,1,1,27,6,-1,3,2,-1,6,E01002122,0,3
2024471454538,2024,471454538,1,23,0,-1,19,5,1,-1,0,1,0,0,0,0,1,1,-1,1,1,24,5,-1,3,1,-1,7,E01034828,0,1
2024010522339,2024,010522339,1,19,0,99,99,9,9,99,99,9,9,99,9,99,2,9,6,6,1,55,8,1598,2,3,FIAT DOBLO,5,E01001500,0,1
2024430143297,2024,430143297,1,19,0,18,19,5,1,0,0,1,0,0,0,0,1,1,6,6,1,21,5,1248,2,3,FIAT DOBLO,10,E01035426,0,3
2024451502295,2024,451502295,2,19,0,-1,19,3,7,-1,0,1,0,0,0,0,1,1,-1,1,1,61,9,1598,2,4,FIAT DOBLO,2,E01001118,0,3
2024041413053,2024,041413053,2,9,0,-1,19,1,5,-1,0,0,0,0,0,0,2,1,-1,2,1,62,9,1910,2,16,FIAT DOBLO,2,E01012662,0,2
2024131529792,2024,131529792,1,19,0,-1,4,7,3,-1,0,0,0,0,0,0,1,1,-1,2,1,23,5,1248,2,7,FIAT DOBLO,5,E01026162,0,4
2024161498513,2024,161498513,1,19,0,-1,19,3,7,-1,0,1,0,0,0,0,4,1,-1,6,1,-1,-1,1598,2,8,FIAT DOBLO,-1,-1,0,-1
2024041395684,2024,041395684,1,9,0,-1,9,7,5,-1,0,6,0,4,0,0,3,1,-1,9,1,33,6,1910,2,16,FIAT DOBLO,1,E01025207,0,1
2024052400712,2024,052400712,1,19,0,18,19,7,3,0,0,6,0,0,0,0,4,1,2,2,3,-1,-1,1598,2,10,FIAT DOBLO,-1,-1,0,-1
2024401460816,2024,401460816,1,9,-1,-1,-1,-1,-1,-1,-1,0,-1,-1,-1,0,-1,9,-1,6,1,29,6,-1,-1,-1,FIAT DOBLO,3,E01017539,0,1
2024201476992,2024,201476992,1,19,0,-1,3,8,4,-1,0,1,0,0,0,0,1,9,-1,6,1,30,6,1248,2,7,FIAT DOBLO,-1,-1,0,-1
2024010535845,2024,010535845,1,19,0,7,7,5,8,0,0,1,0,0,0,0,4,1,1,1,1,45,7,1499,2,0,FIAT DOBLO,7,E01030840,0,4
2024371477762,2024,371477762,1,19,0,-1,19,6,3,-1,9,0,0,0,1,0,1,1,-1,1,1,52,8,1248,2,9,FIAT DOBLO,1,E01030247,0,1
2024421531479,2024,421531479,1,19,0,-1,4,5,1,-1,0,0,0,0,0,0,1,1,-1,1,1,57,9,1598,2,10,FIAT DOBLO,-1,-1,0,-1
2024991410011,2024,991410011,2,19,0,-1,2,0,0,-1,0,0,0,4,0,0,3,1,-1,6,-1,-1,-1,1248,2,9,FIAT DOBLO,-1,-1,0,-1
2024440473623,2024,440473623,2,19,0,18,19,2,6,0,0,1,0,0,0,0,1,1,6,6,1,-1,-1,1598,2,2,FIAT DOBLO,-1,-1,0,-1
2024041455950,2024,041455950,1,9,0,-1,19,1,5,-1,0,0,0,0,0,0,0,1,-1,9,1,45,7,1910,2,19,FIAT DOBLO,3,E01024943,0,3
2024501498317,2024,501498317,2,19,0,-1,3,3,7,-1,0,1,0,4,0,0,1,1,-1,6,1,40,7,1598,2,10,FIAT DOBLO,5,E01018831,0,3
2024211508515,2024,211508515,1,19,0,-1,19,4,8,-1,0,1,0,0,0,0,1,9,-1,1,1,-1,-1,1248,2,6,FIAT DOBLO,-1,-1,0,-1
2024471535559,2024,471535559,1,19,0,-1,5,3,7,-1,0,4,0,0,0,0,3,1,-1,1,1,24,5,1598,2,10,FIAT DOBLO,2,E01020978,0,4
2024161517562,2024,161517562,2,19,0,-1,2,0,0,-1,0,2,0,0,0,0,3,1,-1,6,-1,-1,-1,1248,2,10,FIAT DOBLO,-1,-1,0,-1
2024010544959,2024,010544959,1,19,0,9,9,7,4,0,0,0,0,4,0,0,2,1,6,6,1,23,5,1248,2,11,FIAT DOBLO,4,E01004747,0,2
2024332400517,2024,332400517,2,9,0,-1,19,5,2,-1,0,0,0,0,0,0,1,1,-1,9,1,75,10,1368,1,16,FIAT DOBLO,5,E01026249,0,4
2024041431969,2024,041431969,2,9,0,-1,19,7,7,-1,0,1,0,0,0,0,1,1,-1,9,1,61,9,1368,1,15,FIAT DOBLO,2,E01025390,0,2
2024122400131,2024,122400131,1,19,0,18,19,2,6,0,0,0,2,0,1,9,3,1,6,6,1,33,6,1248,2,16,FIAT DOBLO,5,E01013437,0,3
2024991439608,2024,991439608,1,19,0,-1,19,3,1,-1,0,1,0,0,0,0,1,1,-1,6,1,-1,-1,1248,2,6,FIAT DOBLO,7,-1,0,1
2024461414050,2024,461414050,1,19,0,-1,19,7,3,-1,0,0,0,0,9,0,3,9,-1,6,1,35,6,1598,2,1,FIAT DOBLO,4,E01010656,0,5
2024461481682,2024,461481682,2,9,0,-1,3,3,4,-1,0,0,0,0,0,0,2,9,-1,6,2,48,8,1598,2,9,FIAT DOBLO,7,E01024675,0,1
2024451527237,2024,451527237,2,19,0,-1,19,2,1,-1,0,1,0,0,0,0,1,1,-1,1,2,33,6,1598,2,11,FIAT DOBLO,4,E01030852,0,2
2024471400028,2024,471400028,1,9,0,-1,4,8,4,-1,0,0,0,0,0,0,2,1,-1,7,2,28,6,1910,2,17,FIAT DOBLO,1,E01020920,0,1
2024440120040,2024,440120040,2,19,0,18,19,1,5,0,0,2,0,0,0,0,1,1,2,2,1,53,8,1248,2,14,FIAT DOBLO,4,E01017290,0,1
2024622400887,2024,622400887,1,19,0,18,19,2,6,0,0,1,0,0,0,0,0,1,1,1,1,27,6,1598,2,10,FIAT DOBLO,3,E01014664,0,4
2024010505292,2024,010505292,2,19,0,18,19,1,5,0,0,1,0,0,0,0,1,1,1,1,1,55,8,1598,2,4,FIAT DOBLO,8,E01029905,0,4
2024440042757,2024,440042757,2,19,0,9,9,4,2,0,0,1,0,0,0,0,3,1,1,1,1,51,8,1598,2,12,FIAT DOBLO,10,E01023220,0,1
2024991485880,2024,991485880,2,19,0,-1,10,3,1,-1,0,1,0,0,0,0,1,1,-1,9,1,56,9,1248,2,10,FIAT DOBLO,1,E01011723,0,5
2024461493778,2024,461493778,2,19,0,-1,3,1,5,-1,0,1,0,0,0,0,2,9,-1,1,1,36,7,1598,2,11,FIAT DOBLO,2,E01024305,0,2
2024451463486,2024,451463486,1,19,0,-1,19,7,3,-1,99,0,0,0,0,0,2,1,-1,6,1,47,8,1598,2,11,FIAT DOBLO,-1,-1,0,-1
2024451519472,2024,451519472,1,19,0,-1,19,8,4,-1,0,0,0,0,0,0,1,2,-1,1,1,56,9,1598,2,1,FIAT DOBLO,3,E01022807,0,4
2024610042224,2024,610042224,3,9,0,11,11,8,4,0,0,0,0,0,0,0,1,1,6,6,1,62,9,1248,2,8,FIAT DOBLO,2,W01001525,0,1
2024302400398,2024,302400398,2,19,0,5,5,7,1,0,0,8,0,0,0,0,3,1,6,6,1,55,8,1248,2,17,FIAT DOBLO,3,E01019506,0,1
2024461419097,2024,461419097,2,9,0,-1,8,2,5,-1,0,6,0,0,0,0,1,1,-1,2,1,32,6,1910,2,19,FIAT DOBLO,9,E01024057,0,4
2024231453832,2024,231453832,1,19,0,-1,19,1,5,-1,0,1,0,0,0,0,1,1,-1,9,1,35,6,1248,2,17,FIAT DOBLO,1,E01012408,0,5
2024552400432,2024,552400432,2,9,0,8,8,4,7,0,0,1,0,0,0,0,2,1,6,6,2,51,8,1910,2,19,FIAT DOBLO,9,E01015445,0,1
2024991534765,2024,991534765,4,19,0,-1,2,0,0,-1,0,0,0,0,0,0,4,1,-1,6,-1,-1,-1,1248,2,11,FIAT DOBLO,-1,-1,0,-1
2024231522535,2024,231522535,3,19,0,-1,19,8,4,-1,0,0,0,0,0,0,1,1,-1,2,1,22,5,1598,2,1,FIAT DOBLO,5,E01009582,0,1
2024311527427,2024,311527427,1,19,0,-1,9,5,1,-1,0,0,0,0,0,0,3,1,-1,1,1,22,5,1598,2,11,FIAT DOBLO,-1,-1,0,-1
2024231535070,2024,231535070,3,19,0,-1,4,4,8,-1,0,0,0,0,0,0,2,1,-1,6,1,35,6,1598,2,2,FIAT DOBLO,10,E01025834,0,4
2024031491147,2024,031491147,1,19,0,-1,4,8,4,-1,0,0,0,0,0,0,1,9,-1,9,1,45,7,1248,2,12,FIAT DOBLO,-1,-1,0,-1
2024361486654,2024,361486654,1,90,0,-1,19,4,8,-1,0,0,2,0,2,0,1,1,-1,9,2,67,10,1368,1,18,FIAT DOBLO,4,E01026787,0,4
2024471460610,2024,471460610,1,19,0,-1,9,7,4,-1,0,8,0,0,0,0,1,1,-1,2,1,34,6,1248,2,13,FIAT DOBLO,1,E01031429,0,3
2024010512242,2024,010512242,1,19,0,7,7,1,3,0,0,5,0,0,0,0,0,1,6,6,1,37,7,1248,2,11,FIAT DOBLO,9,E01015845,0,4
2024332400329,2024,332400329,2,19,0,-1,19,2,6,-1,0,0,0,0,0,0,1,1,-1,1,2,27,6,1598,2,11,FIAT DOBLO,10,E01025896,0,1
2024131412987,2024,131412987,1,19,0,-1,7,-1,-1,-1,0,5,0,0,0,0,4,1,-1,2,1,28,6,1248,2,10,FIAT DOBLO,2,E01011028,0,1
2024440564554,2024,440564554,2,9,0,9,9,1,7,0,0,0,0,0,0,0,3,1,6,6,2,66,10,1910,2,15,FIAT DOBLO,5,E01017324,0,1
2024451469791,2024,451469791,1,19,0,-1,19,3,1,-1,0,0,0,0,0,0,1,1,-1,1,1,26,6,1248,2,11,FIAT DOBLO,9,E01030315,0,2
2024461492096,2024,461492096,2,19,0,-1,2,0,0,-1,0,0,0,0,0,0,2,1,-1,6,1,-1,-1,1499,2,0,FIAT DOBLO,-1,-1,0,-1
2024311425843,2024,311425843,2,19,0,-1,19,4,8,-1,0,0,0,0,0,0,1,1,-1,1,1,30,6,1598,2,10,FIAT DOBLO,1,E01027930,0,1
2024010503498,2024,010503498,1,19,0,4,4,7,3,0,0,2,0,0,0,0,1,1,2,2,1,30,6,1368,1,5,FIAT DOBLO,9,E01030552,0,2
2024101418238,2024,101418238,2,9,0,-1,19,7,3,-1,0,2,0,0,0,0,1,1,-1,9,1,56,9,1598,2,7,FIAT DOBLO,2,E01008571,0,1
2024311481197,2024,311481197,1,19,0,-1,19,5,5,-1,0,0,5,7,0,0,1,1,-1,9,1,50,8,1248,2,16,FIAT DOBLO,5,E01025656,0,4
2024010525911,2024,010525911,1,19,0,9,9,4,3,0,0,1,0,0,0,0,3,2,1,1,1,26,6,1248,2,11,FIAT DOBLO,5,E01001150,0,1
2024522402938,2024,522402938,2,19,0,1,1,7,3,0,0,0,0,0,0,0,2,1,6,6,3,-1,-1,1248,2,18,FIAT DOBLO,-1,-1,0,-1
2024041396434,2024,041396434,1,9,0,-1,19,5,1,-1,0,1,0,0,0,0,1,1,-1,9,2,70,10,1368,1,13,FIAT DOBLO,1,E01025226,0,1
2024221519973,2024,221519973,2,19,0,-1,19,7,3,-1,0,8,5,0,1,4,1,1,-1,6,2,26,6,1248,2,9,FIAT DOBLO,5,E01032198,0,1
2024371506910,2024,371506910,1,19,0,-1,19,8,4,-1,0,0,0,0,0,0,1,1,-1,6,1,36,7,1248,2,9,FIAT DOBLO,6,E01030112,0,1
2024351462245,2024,351462245,2,19,-1,-1,-1,-1,-1,-1,-1,0,-1,-1,-1,0,4,9,-1,6,1,42,7,1598,2,7,FIAT DOBLO,4,E01015613,0,2
2024501419924,2024,501419924,2,9,0,-1,19,5,1,-1,0,0,1,0,0,0,1,1,-1,9,1,63,9,1368,1,14,FIAT DOBLO,6,E01019903,0,3
2024440028937,2024,440028937,1,19,0,18,19,2,6,0,0,0,0,12,0,0,1,1,6,6,1,50,8,1248,2,15,FIAT DOBLO,-1,-1,0,-1
2024471426093,2024,471426093,1,19,0,-1,9,7,5,-1,0,1,0,0,0,0,3,1,-1,9,1,41,7,1248,2,11,FIAT DOBLO,3,E01021048,0,1
2024010518306,2024,010518306,1,9,0,2,2,0,0,0,0,0,0,0,0,0,3,1,6,6,3,-1,-1,1248,2,20,FIAT DOBLO,-1,-1,0,-1
2024052401315,2024,052401315,2,19,0,18,19,4,8,0,0,8,0,0,0,0,1,1,6,6,1,35,6,1248,2,8,FIAT DOBLO,1,E01006981,0,2
2024520402438,2024,520402438,2,19,0,18,19,1,5,0,0,0,0,0,0,0,1,1,6,6,3,-1,-1,1248,2,3,FIAT DOBLO,-1,-1,0,-1
2024302401625,2024,302401625,2,9,0,5,5,8,3,0,0,1,0,0,0,0,1,1,6,6,1,75,10,1368,1,12,FIAT DOBLO,6,E01007917,0,3