collision_index,collision_year,collision_ref_no,vehicle_reference,vehicle_type,towing_and_articulation,vehicle_manoeuvre_historic,vehicle_manoeuvre,vehicle_direction_from,vehicle_direction_to,vehicle_location_restricted_lane_historic,vehicle_location_restricted_lane,junction_location,skidding_and_overturning,hit_object_in_carriageway,vehicle_leaving_carriageway,hit_object_off_carriageway,first_point_of_impact,vehicle_left_hand_drive,journey_purpose_of_driver_historic,journey_purpose_of_driver,sex_of_driver,age_of_driver,age_band_of_driver,engine_capacity_cc,propulsion_code,age_of_vehicle,generic_make_model,driver_imd_decile,lsoa_of_driver,escooter_flag,driver_distance_banding
2024520401676,2024,520401676,1,19,0,5,5,1,8,0,0,6,0,0,0,0,1,1,6,6,1,43,7,1598,2,3,FIAT DOBLO,6,E01029224,0,1
2024010511435,2024,010511435,2,19,0,9,9,1,8,0,0,2,0,0,0,0,1,1,2,2,1,26,6,1598,2,3,FIAT DOBLO,-1,-1,0,-1
2024010533189,2024,010533189,1,19,0,9,9,5,3,0,0,8,0,0,0,0,3,1,2,2,1,31,6,1598,2,3,FIAT DOBLO,8,E01023872,0,4
2024061439092,2024,061439092,2,19,0,-1,9,-1,-1,-1,0,5,0,0,0,0,1,1,-1,6,1,-1,-1,1248,2,9,FIAT DOBLO,-1,-1,0,-1
2024411495870,2024,411495870,2,19,0,-1,4,1,7,-1,0,4,0,0,0,0,1,1,-1,6,1,-1,-1,1248,2,8,FIAT DOBLO,-1,-1,0,-1
2024622400306,2024,622400306,1,9,0,9,9,2,8,0,0,6,0,0,0,0,1,1,6,6,1,68,10,1368,1,16,FIAT DOBLO,6,W01001241,0,1
2024501455981,2024,501455981,1,19,0,-1,19,5,1,-1,0,0,2,0,1,4,1,1,-1,6,1,44,7,1598,2,13,FIAT DOBLO,4,E01019037,0,3
2024010513910,2024,010513910,3,9,0,4,4,1,5,0,0,2,0,0,0,0,0,1,6,6,2,64,9,1598,2,9,FIAT DOBLO,3,E01002084,0,1
2024010547272,2024,010547272,1,9,0,18,19,1,5,0,0,1,0,0,0,0,1,1,6,6,1,23,5,1368,1,10,FIAT DOBLO,5,E01000067,0,1
2024520403254,2024,520403254,2,9,0,3,3,4,8,0,0,0,0,0,0,0,3,1,6,6,1,73,10,1910,2,17,FIAT DOBLO,7,E01029225,0,1
2024361405861,2024,361405861,1,19,0,-1,5,1,5,-1,0,1,0,0,0,0,3,1,-1,9,1,29,6,1598,2,10,FIAT DOBLO,7,E01026436,0,2
202454E801424,2024,54E801424,2,19,0,4,4,6,2,0,0,1,0,0,0,0,2,1,1,1,2,55,8,1598,2,2,FIAT DOBLO,3,E01014687,0,4
2024430553756,2024,430553756,1,9,0,9,9,4,2,0,0,6,0,0,0,0,1,1,2,2,1,23,5,1108,1,23,-1,7,E01017693,0,2
2024451407810,2024,451407810,1,9,0,-1,19,5,1,-1,0,0,0,0,0,0,1,1,-1,9,1,18,4,1108,1,22,-1,10,E01030887,0,4
202460Q093025,2024,60Q093025,3,9,0,3,3,8,4,0,0,1,0,0,0,0,1,1,6,6,2,43,7,1108,1,22,-1,-1,-1,0,-1
2024320215540,2024,320215540,1,9,0,3,3,4,8,0,0,1,0,0,0,0,2,1,6,6,2,58,9,1108,1,23,-1,6,E01026411,0,2
2024501402717,2024,501402717,1,9,0,-1,19,4,1,-1,0,0,5,0,7,10,3,1,-1,6,1,54,8,1108,1,21,-1,7,E01019960,0,1
2024101405862,2024,101405862,1,9,0,-1,12,5,1,-1,9,0,0,0,7,0,3,1,-1,6,1,32,6,1560,2,11,FORD FOCUS,4,E01027529,0,1
2024010504876,2024,010504876,1,9,9,1,1,1,5,99,99,9,9,0,9,0,2,1,6,6,3,-1,-1,1596,1,16,FORD FOCUS,-1,-1,0,-1
2024041469880,2024,041469880,2,9,0,-1,3,5,1,-1,0,0,0,0,0,0,2,1,-1,9,2,42,7,1596,1,13,FORD FOCUS,1,E01025482,0,1
2024010534770,2024,010534770,2,9,0,99,99,9,9,99,99,6,9,99,9,99,9,9,6,6,1,28,6,999,1,6,FORD FOCUS,4,E01003534,0,1
2024010532736,2024,010532736,1,9,0,18,19,1,5,0,0,2,0,0,0,0,1,1,6,6,1,24,5,1596,1,11,FORD FOCUS,2,E01000526,0,1
2024451436011,2024,451436011,2,9,0,-1,99,8,4,-1,99,1,9,0,0,0,1,1,-1,6,2,30,6,1596,1,20,FORD FOCUS,3,E01030657,0,1
2024131426774,2024,131426774,1,9,0,-1,19,3,7,-1,0,1,1,0,1,0,2,1,-1,6,1,21,5,1596,1,18,FORD FOCUS,3,E01011908,0,3
2024221498179,2024,221498179,2,9,0,-1,19,2,6,-1,0,0,0,0,1,0,3,1,-1,6,1,21,5,999,1,9,FORD FOCUS,6,E01009286,0,2
2024311467119,2024,311467119,1,9,0,-1,19,3,7,-1,0,0,0,0,0,0,0,1,-1,1,1,53,8,1499,2,6,FORD FOCUS,6,E01028242,0,1
202417S204024,2024,17S204024,1,9,0,18,19,4,8,0,0,0,1,0,0,0,1,1,6,6,1,25,5,1997,2,18,FORD FOCUS,1,E01012036,0,2
2024041438995,2024,041438995,1,9,0,-1,19,5,1,-1,0,1,0,0,0,0,1,1,-1,9,2,37,7,1596,1,19,FORD FOCUS,1,E01025584,0,3
2024061458550,2024,061458550,2,9,0,-1,19,8,8,-1,0,0,0,0,0,0,3,1,-1,9,1,34,6,1596,1,17,FORD FOCUS,1,E01006333,0,3
2024471481400,2024,471481400,1,9,0,-1,19,1,5,-1,0,0,0,0,0,0,1,1,-1,6,1,16,4,1596,1,16,FORD FOCUS,7,E01031343,0,1
2024440347694,2024,440347694,1,9,0,18,19,3,7,0,0,0,0,0,0,0,1,1,2,2,2,-1,-1,1496,1,4,FORD FOCUS,4,E01017235,0,1
2024041473907,2024,041473907,2,9,0,-1,19,5,1,-1,0,0,0,0,0,0,2,1,-1,9,1,36,7,1560,2,10,FORD FOCUS,2,E01034954,0,5
2024131433936,2024,131433936,1,9,0,-1,-1,-1,-1,-1,-1,0,-1,-1,-1,0,-1,1,-1,6,3,-1,-1,1596,1,12,FORD FOCUS,-1,-1,0,-1
2024101476117,2024,101476117,1,9,0,-1,19,8,4,-1,0,8,0,0,0,0,-1,1,-1,6,1,88,11,1596,1,12,FORD FOCUS,2,E01008489,0,3
2024010543995,2024,010543995,3,9,0,2,2,0,0,9,9,8,1,0,0,0,4,1,6,6,3,-1,-1,1596,1,13,FORD FOCUS,-1,-1,0,-1
2024201515647,2024,201515647,1,9,0,-1,19,5,1,-1,0,0,0,0,0,0,1,1,-1,6,2,55,8,999,1,5,FORD FOCUS,2,E01008987,0,1
2024041465127,2024,041465127,1,9,0,-1,19,1,5,-1,0,1,0,0,0,0,3,1,-1,9,2,46,8,998,1,12,FORD FOCUS,4,E01025335,0,3
2024340WN1972,2024,340WN1972,1,9,0,-1,5,1,5,-1,0,1,0,0,0,0,1,1,-1,9,1,47,8,1596,1,15,FORD FOCUS,9,E01035403,0,4
2024201512242,2024,201512242,1,9,0,-1,4,4,2,-1,0,1,0,0,0,0,2,1,-1,9,1,35,6,1499,2,7,FORD FOCUS,-1,-1,0,-1
2024302401127,2024,302401127,1,9,0,17,19,7,4,0,0,4,0,0,0,0,1,1,6,6,1,19,4,1560,2,11,FORD FOCUS,8,E01019834,0,2
2024052400612,2024,052400612,1,9,0,18,19,3,7,0,0,1,0,0,0,0,1,1,6,6,1,61,9,1560,2,9,FORD FOCUS,1,E01006957,0,2
2024122401029,2024,122401029,2,9,0,10,10,1,5,0,0,6,0,0,0,0,3,1,2,2,2,53,8,999,1,1,FORD FOCUS,3,E01027862,0,1
2024131470553,2024,131470553,2,9,0,-1,19,5,1,-1,0,0,1,0,7,11,1,1,-1,6,1,33,6,1596,1,15,FORD FOCUS,1,E01007325,0,1
2024522401324,2024,522401324,1,9,0,18,19,2,6,0,0,4,0,0,0,0,1,1,6,6,1,67,10,1560,2,11,FORD FOCUS,1,E01032518,0,2
2024031408516,2024,031408516,1,9,0,-1,19,5,1,-1,0,0,0,0,1,0,4,1,-1,9,1,21,5,2521,1,15,FORD FOCUS,4,E01019340,0,4
2024010512170,2024,010512170,1,9,0,17,19,3,7,0,0,1,0,0,0,0,1,1,6,6,1,83,11,1596,1,11,FORD FOCUS,9,E01002210,0,1
2024231408587,2024,231408587,2,9,0,-1,19,6,2,-1,0,8,0,0,0,0,3,1,-1,1,2,45,7,1596,1,12,FORD FOCUS,8,E01035036,0,2
2024522500014,2024,522500014,1,9,0,4,4,4,8,0,0,0,0,0,0,0,2,1,6,6,1,34,6,1798,1,17,FORD FOCUS,8,E01014511,0,1
2024131464338,2024,131464338,1,9,0,-1,19,7,3,-1,0,2,0,0,0,0,1,1,-1,9,1,36,7,999,1,7,FORD FOCUS,3,E01011601,0,1
2024471426808,2024,471426808,1,9,0,-1,19,1,4,-1,0,1,1,0,7,10,1,1,-1,9,1,38,7,998,1,11,FORD FOCUS,4,E01020918,0,1
2024221539504,2024,221539504,2,9,0,-1,19,8,4,-1,0,8,0,0,0,0,1,1,-1,6,1,25,5,1560,2,12,FORD FOCUS,5,E01028863,0,2
2024340WN5142,2024,340WN5142,2,9,0,-1,19,1,5,-1,0,1,0,0,0,0,4,1,-1,1,1,53,8,1499,2,9,FORD FOCUS,9,E01027201,0,1
2024531445334,2024,531445334,1,9,0,-1,19,1,5,-1,0,2,1,11,1,0,3,1,-1,9,2,37,7,1560,2,13,FORD FOCUS,2,E01032932,0,1
202460Q055092,2024,60Q055092,1,9,0,7,7,5,7,0,0,5,0,0,0,0,1,1,6,6,1,36,7,1499,2,8,FORD FOCUS,-1,-1,0,-1
2024201517531,2024,201517531,2,9,0,-1,9,7,5,-1,0,8,0,0,0,0,0,1,-1,1,1,43,7,2261,1,0,FORD FOCUS,-1,-1,0,-1
2024231424485,2024,231424485,1,9,0,-1,9,1,7,-1,0,6,0,0,0,0,1,1,-1,6,2,54,8,999,1,4,FORD FOCUS,9,E01031330,0,2
2024041488280,2024,041488280,3,9,0,-1,19,7,3,-1,0,0,0,0,0,0,1,1,-1,6,1,21,5,1560,2,14,FORD FOCUS,1,E01024877,0,3
2024430288905,2024,430288905,2,9,0,9,9,6,4,0,0,6,0,0,0,0,1,1,6,6,2,-1,-1,1798,1,18,FORD FOCUS,-1,-1,0,-1
2024070124795,2024,070124795,2,9,0,18,19,5,1,0,0,1,0,0,0,0,4,1,6,6,1,33,6,1499,2,9,FORD FOCUS,3,E01018731,0,3
2024221459631,2024,221459631,1,9,0,-1,9,3,1,-1,0,5,0,0,0,0,3,9,-1,9,2,56,9,998,1,10,FORD FOCUS,9,E01032261,0,2
2024052401648,2024,052401648,1,9,0,11,11,1,5,0,0,0,0,0,0,0,3,1,6,6,1,69,10,999,8,0,FORD FOCUS,2,E01006907,0,1
2024101471226,2024,101471226,3,9,0,-1,4,2,4,-1,0,0,0,0,0,0,2,1,-1,6,1,32,6,1499,2,7,FORD FOCUS,8,E01008612,0,2
2024201471225,2024,201471225,1,9,0,-1,9,6,4,-1,0,5,0,0,0,0,1,9,-1,6,1,21,5,999,1,4,FORD FOCUS,3,E01009792,0,1
2024052402064,2024,052402064,2,9,0,18,19,8,4,0,0,8,0,0,1,5,1,1,6,6,1,24,5,1596,1,14,FORD FOCUS,4,E01006537,0,1
2024052401498,2024,052401498,1,9,0,7,7,5,7,0,0,8,0,0,0,0,1,1,2,2,3,-1,-1,1596,1,18,FORD FOCUS,-1,-1,0,-1
2024221484967,2024,221484967,1,9,0,-1,13,4,8,-1,0,1,0,0,0,0,4,9,-1,1,1,21,5,1560,2,11,FORD FOCUS,2,E01009266,0,4
2024111504283,2024,111504283,1,9,0,-1,19,3,7,-1,0,0,0,0,0,0,1,1,-1,2,2,45,7,1499,2,7,FORD FOCUS,3,E01008742,0,1
2024531529362,2024,531529362,1,9,0,-1,19,5,1,-1,0,0,0,0,0,0,1,1,-1,2,1,20,4,1560,2,11,FORD FOCUS,5,E01031249,0,3
2024421509846,2024,421509846,1,9,0,-1,19,6,2,-1,0,0,0,0,0,0,4,1,-1,6,1,44,7,999,1,1,FORD FOCUS,3,E01021977,0,1
2024451416566,2024,451416566,1,9,0,-1,19,3,1,-1,0,1,0,0,0,0,2,1,-1,6,1,29,6,1596,1,16,FORD FOCUS,6,E01016482,0,1
2024010546778,2024,010546778,2,9,0,3,3,3,7,0,0,1,0,0,0,0,2,1,6,6,1,25,5,1596,1,16,FORD FOCUS,-1,-1,0,-1
2024311493581,2024,311493581,1,9,0,-1,19,5,1,-1,0,1,0,0,0,0,4,1,-1,2,1,21,5,1560,2,11,FORD FOCUS,-1,-1,0,-1
2024161534186,2024,161534186,2,9,0,-1,4,6,2,-1,0,0,0,0,0,0,2,1,-1,1,1,26,6,999,1,2,FORD FOCUS,1,E01013136,0,1
2024471496078,2024,471496078,2,9,0,-1,9,5,2,-1,0,2,0,0,0,0,2,1,-1,9,2,44,7,1596,1,19,FORD FOCUS,6,E01021186,0,1
2024991485189,2024,991485189,2,9,0,-1,19,7,3,-1,0,1,0,0,0,0,1,1,-1,6,2,51,8,999,8,1,FORD FOCUS,-1,-1,0,-1
2024552500051,2024,552500051,2,9,0,3,3,6,2,0,0,0,0,0,0,0,2,1,6,6,1,49,8,1596,1,20,FORD FOCUS,7,E01020537,0,4
2024471406849,2024,471406849,1,9,0,-1,19,5,1,-1,0,8,0,0,0,0,4,1,-1,6,2,33,6,1596,1,18,FORD FOCUS,5,E01031472,0,1
2024461519178,2024,461519178,1,9,0,-1,10,5,1,-1,0,8,0,0,0,0,1,9,-1,6,1,72,10,1596,1,13,FORD FOCUS,5,E01016034,0,1
2024052402006,2024,052402006,2,9,0,18,19,1,5,0,0,8,0,0,0,0,1,1,6,6,1,35,6,1596,1,19,FORD FOCUS,7,E01025507,0,2
2024471460075,2024,471460075,2,9,0,-1,2,0,0,-1,-1,0,0,0,0,0,1,1,-1,6,-1,-1,-1,1997,2,19,FORD FOCUS,-1,-1,0,-1
2024010515100,2024,010515100,2,9,0,9,9,8,5,0,0,1,0,0,3,2,4,1,6,6,1,73,10,1596,1,19,FORD FOCUS,5,E01003935,0,4
2024320039279,2024,320039279,4,9,0,2,2,0,0,0,0,0,0,0,0,0,1,1,1,1,2,34,6,1596,1,19,FORD FOCUS,4,E01026268,0,1
2024010503711,2024,010503711,2,9,0,18,19,1,5,0,0,1,0,4,0,0,1,1,6,6,3,-1,-1,1596,1,18,FORD FOCUS,-1,-1,0,-1
2024201510083,2024,201510083,1,9,0,-1,19,2,6,-1,0,6,0,0,0,0,1,1,-1,6,1,38,7,1560,2,12,FORD FOCUS,1,E01010400,0,1
2024631482825,2024,631482825,1,9,0,-1,19,4,8,-1,0,1,0,0,0,0,1,1,-1,9,1,89,11,1499,2,3,FORD FOCUS,4,W01000617,0,2
2024320021470,2024,320021470,1,9,0,-1,-1,1,5,0,0,1,0,0,0,0,1,1,6,6,2,56,9,1997,2,19,FORD FOCUS,3,E01026123,0,2
2024421422462,2024,421422462,1,9,0,-1,7,7,1,-1,0,8,0,0,0,0,4,1,-1,6,1,-1,-1,999,1,5,FORD FOCUS,3,E01015869,0,1
2024361469478,2024,361469478,1,9,0,-1,9,7,2,-1,0,0,0,0,0,0,1,1,-1,1,1,33,6,999,1,7,FORD FOCUS,8,E01035150,0,2
2024421486464,2024,421486464,1,9,0,-1,4,4,8,-1,0,0,0,0,0,0,2,1,-1,6,2,47,8,1596,1,11,FORD FOCUS,8,E01021389,0,4
2024451432847,2024,451432847,1,9,0,-1,19,3,7,-1,0,0,0,0,0,0,1,1,-1,2,1,46,8,998,1,10,FORD FOCUS,8,E01035358,0,1
2024141476700,2024,141476700,3,9,0,-1,2,0,0,-1,9,0,0,0,0,0,1,1,-1,6,-1,-1,-1,1499,2,6,FORD FOCUS,-1,-1,0,-1
2024302400713,2024,302400713,1,9,0,7,7,8,4,0,0,8,0,0,0,0,3,1,6,6,1,84,11,999,1,7,FORD FOCUS,7,E01018271,0,5
2024411492777,2024,411492777,1,9,-1,-1,-1,-1,-1,-1,-1,-1,-1,-1,-1,0,-1,1,-1,6,1,37,7,1596,1,13,FORD FOCUS,3,E01021811,0,1
2024010544757,2024,010544757,2,9,0,99,99,9,9,99,99,0,9,99,9,99,1,9,6,6,3,-1,-1,1596,1,13,FORD FOCUS,-1,-1,0,-1
2024421421927,2024,421421927,1,9,0,-1,19,1,5,-1,0,1,0,0,0,0,4,1,-1,2,2,38,7,1596,1,11,FORD FOCUS,7,E01015966,0,1
2024101429465,2024,101429465,1,9,0,-1,19,5,1,-1,0,0,0,0,0,0,4,1,-1,9,2,28,6,1560,2,12,FORD FOCUS,6,E01035635,0,1
2024401439812,2024,401439812,3,9,0,-1,2,0,0,-1,0,2,0,4,0,0,2,1,-1,6,-1,-1,-1,1999,1,15,FORD FOCUS,-1,-1,0,-1
2024371515550,2024,371515550,1,9,0,-1,19,6,2,-1,0,0,5,0,1,0,1,1,-1,9,1,33,6,1560,2,10,FORD FOCUS,7,E01029911,0,1
2024101504598,2024,101504598,2,9,0,-1,19,4,8,-1,0,1,0,0,0,0,1,1,-1,2,1,22,5,1499,2,7,FORD FOCUS,1,E01008712,0,1
2024421474889,2024,421474889,3,9,0,-1,2,0,0,-1,0,0,0,0,0,0,2,1,-1,6,-1,-1,-1,998,1,12,FORD FOCUS,-1,-1,0,-1
2024451461840,2024,451461840,2,9,0,-1,4,3,2,-1,0,8,0,0,0,0,1,1,-1,9,2,55,8,1596,1,13,FORD FOCUS,8,E01030915,0,2
2024610053824,2024,610053824,1,9,0,18,19,5,1,0,0,0,5,0,0,0,1,1,6,6,1,36,7,1596,1,14,FORD FOCUS,1,W01001530,0,1
2024061423421,2024,061423421,1,9,-1,-1,-1,-1,-1,-1,-1,-1,-1,-1,-1,0,-1,9,-1,6,3,-1,-1,1596,1,13,FORD FOCUS,-1,-1,0,-1
2024201446237,2024,201446237,1,9,0,-1,1,4,6,-1,0,1,0,7,0,0,2,9,-1,9,1,88,11,1596,1,10,FORD FOCUS,6,E01010233,0,1
2024311455525,2024,311455525,1,9,0,-1,19,1,5,-1,0,0,1,7,0,0,1,1,-1,6,2,40,7,1596,1,17,FORD FOCUS,5,E01010585,0,5
2024421403229,2024,421403229,2,9,0,-1,4,5,1,-1,0,0,0,0,0,0,2,1,-1,6,1,28,6,1997,2,16,FORD FOCUS,3,E01015923,0,1
2024421422526,2024,421422526,2,9,0,-1,19,4,8,-1,0,1,0,0,0,0,3,1,-1,9,1,49,8,1596,1,16,FORD FOCUS,2,E01003761,0,3
2024010510937,2024,010510937,2,9,0,99,99,9,9,99,99,9,9,99,9,99,1,9,6,6,3,-1,-1,1596,1,11,FORD FOCUS,-1,-1,0,-1
2024451436220,2024,451436220,4,9,0,-1,4,5,1,-1,0,0,0,0,0,0,2,1,-1,9,2,37,7,1596,1,17,FORD FOCUS,2,E01015304,0,5
2024311500086,2024,311500086,1,9,0,-1,19,1,5,-1,0,1,0,0,0,0,1,1,-1,2,1,21,5,1560,2,10,FORD FOCUS,5,E01013937,0,1
2024421478004,2024,421478004,1,9,0,-1,19,1,5,-1,0,1,0,0,0,0,1,1,-1,9,2,45,7,1596,1,17,FORD FOCUS,5,E01021360,0,2
2024421502668,2024,421502668,1,9,0,-1,3,7,3,-1,0,0,0,0,0,0,1,1,-1,2,1,54,8,1596,1,19,FORD FOCUS,5,E01021922,0,2
2024501414830,2024,501414830,8,9,0,-1,3,8,8,-1,0,0,0,0,0,0,0,1,-1,6,2,56,9,2521,1,16,FORD FOCUS,3,E01015192,0,2
2024501437206,2024,501437206,2,9,0,-1,19,8,4,-1,0,0,5,0,1,10,4,1,-1,2,2,52,8,2521,1,18,FORD FOCUS,5,E01020147,0,1
2024451476276,2024,451476276,1,9,0,-1,19,4,8,-1,0,1,5,4,0,0,1,1,-1,9,2,82,11,999,1,10,FORD FOCUS,9,E01030978,0,1
2024311512625,2024,311512625,2,9,0,-1,19,5,1,-1,0,0,0,0,0,0,3,1,-1,6,2,34,6,1560,2,12,FORD FOCUS,1,E01028226,0,1
2024302400691,2024,302400691,3,9,0,2,2,0,0,9,9,1,0,0,0,0,4,1,6,6,3,-1,-1,998,1,11,FORD FOCUS,-1,-1,0,-1
2024531482699,2024,531482699,2,9,0,-1,9,1,5,-1,0,1,0,0,0,0,1,1,-1,9,2,34,6,1499,2,5,FORD FOCUS,8,E01022279,0,3
2024401504018,2024,401504018,3,9,0,-1,10,4,2,-1,0,2,0,0,0,0,1,1,-1,1,1,34,6,1596,1,16,FORD FOCUS,7,E01017420,0,3
2024201480873,2024,201480873,2,9,0,-1,19,4,8,-1,0,8,0,0,0,0,3,9,-1,6,2,43,7,1596,1,15,FORD FOCUS,1,E01010530,0,1
2024041423342,2024,041423342,2,9,0,-1,19,8,4,-1,0,0,0,0,7,0,3,2,-1,9,1,75,10,999,1,8,FORD FOCUS,8,E01025166,0,1
2024371480077,2024,371480077,1,9,0,-1,19,5,1,-1,0,8,0,0,0,0,1,1,-1,9,1,38,7,1560,2,10,FORD FOCUS,2,E01006510,0,5
2024052402427,2024,052402427,1,9,0,18,19,2,6,0,0,0,0,0,0,0,1,1,6,6,1,50,8,1596,1,13,FORD FOCUS,1,E01006541,0,1
2024061417660,2024,061417660,1,9,0,-1,19,6,2,-1,0,0,0,0,0,0,1,9,-1,6,2,-1,-1,1596,1,15,FORD FOCUS,-1,-1,0,-1
2024061407749,2024,061407749,2,9,0,-1,19,7,3,-1,0,8,0,0,0,0,3,1,-1,1,1,56,9,999,1,2,FORD FOCUS,1,E01034113,0,1
2024421418587,2024,421418587,1,9,0,-1,19,7,3,-1,0,0,0,0,0,0,1,9,-1,9,2,82,11,1596,1,18,FORD FOCUS,7,E01022057,0,1
2024010516681,2024,010516681,2,9,0,99,99,9,9,99,99,9,9,99,9,99,9,9,6,6,3,-1,-1,1596,1,22,FORD FOCUS,-1,-1,0,-1
2024351442553,2024,351442553,1,9,-1,-1,-1,-1,-1,-1,-1,0,-1,-1,-1,0,-1,9,-1,6,1,-1,-1,1596,1,19,FORD FOCUS,-1,-1,0,-1
2024371400701,2024,371400701,1,9,0,-1,5,-1,-1,-1,0,4,0,0,0,0,1,1,-1,2,1,65,9,998,1,12,FORD FOCUS,9,E01030089,0,3
2024302401125,2024,302401125,2,9,0,3,3,4,8,0,0,8,0,0,0,0,2,1,6,6,1,27,6,1596,1,16,FORD FOCUS,1,E01013851,0,3
2024122401206,2024,122401206,1,9,0,17,19,5,2,0,0,0,2,0,1,9,1,1,2,2,1,55,8,1596,1,17,FORD FOCUS,6,E01027584,0,4
2024520401876,2024,520401876,2,9,0,6,6,2,2,8,6,0,0,0,0,0,1,1,6,6,1,64,9,1596,1,20,FORD FOCUS,9,E01024244,0,5
2024201482804,2024,201482804,1,9,0,-1,19,2,6,-1,0,2,0,0,0,0,3,9,-1,6,1,23,5,1999,1,9,FORD FOCUS,-1,-1,0,-1
2024320489369,2024,320489369,1,9,0,-1,-1,7,3,0,0,1,0,0,0,0,1,1,-1,-1,1,30,6,1999,1,11,FORD FOCUS,-1,-1,0,-1
2024461477478,2024,461477478,1,9,0,-1,19,1,6,-1,0,0,0,0,0,0,1,1,-1,9,2,28,6,1499,2,7,FORD FOCUS,3,E01033092,0,1
2024501475601,2024,501475601,1,9,0,-1,14,4,8,-1,0,2,0,0,0,0,4,1,-1,9,2,35,6,999,1,7,FORD FOCUS,1,E01015266,0,4
2024131517233,2024,131517233,1,9,0,-1,19,1,1,-1,0,8,0,0,0,0,1,1,-1,9,2,40,7,1498,1,7,FORD FOCUS,2,E01011061,0,1
2024101514940,2024,101514940,1,9,0,-1,5,2,6,-1,0,4,0,0,0,0,3,1,-1,6,2,33,6,999,1,5,FORD FOCUS,4,E01008679,0,1
2024010525078,2024,010525078,2,9,0,99,99,9,9,99,99,6,9,99,9,99,1,9,6,6,2,24,5,1596,1,13,FORD FOCUS,6,E01017212,0,5
2024461453446,2024,461453446,1,9,0,-1,13,7,4,-1,0,1,0,0,8,0,3,1,-1,6,1,38,7,1596,1,12,FORD FOCUS,5,E01024544,0,4
2024141526328,2024,141526328,1,9,0,-1,19,8,4,-1,0,0,0,0,0,0,3,1,-1,6,1,31,6,1560,2,12,FORD FOCUS,2,E01007697,0,2
2024041473077,2024,041473077,2,9,0,-1,2,3,7,-1,0,0,1,0,0,0,3,2,-1,9,1,47,8,1499,2,8,FORD FOCUS,10,E01025410,0,1
2024221443112,2024,221443112,1,9,0,-1,7,2,4,-1,0,4,0,0,0,0,1,9,-1,6,3,26,6,2521,1,17,FORD FOCUS,-1,-1,0,-1
2024101449198,2024,101449198,2,9,0,-1,3,1,5,-1,0,4,0,0,0,0,2,1,-1,2,1,46,8,1560,2,16,FORD FOCUS,1,E01008847,0,2
2024351452539,2024,351452539,2,9,0,-1,19,8,4,-1,0,0,0,0,0,0,1,1,-1,9,2,60,9,1560,2,14,FORD FOCUS,-1,-1,0,-1
2024351429897,2024,351429897,3,9,0,-1,19,5,1,-1,0,0,0,0,0,0,0,1,-1,6,1,70,10,1499,2,7,FORD FOCUS,7,E01026242,0,4
2024552400545,2024,552400545,1,9,0,7,7,6,8,0,0,6,0,0,0,0,3,1,6,6,2,35,6,1596,1,13,FORD FOCUS,4,E01034283,0,1
2024070475770,2024,070475770,2,9,0,3,3,8,4,0,0,1,0,0,0,0,2,1,6,6,2,47,8,999,1,8,FORD FOCUS,3,E01012369,0,1
2024111459504,2024,111459504,2,9,0,-1,2,0,0,-1,0,2,0,0,0,0,2,1,-1,6,-1,-1,-1,999,1,9,FORD FOCUS,-1,-1,0,-1
2024302400204,2024,302400204,2,9,0,4,4,7,3,0,0,1,0,0,0,0,2,1,2,2,2,55,8,999,1,2,FORD FOCUS,4,E01013537,0,1
2024471436283,2024,471436283,1,9,0,-1,19,7,2,-1,0,2,1,10,2,11,1,1,-1,9,1,26,6,2521,1,17,FORD FOCUS,5,E01031794,0,1
2024161415320,2024,161415320,1,9,0,-1,3,1,5,-1,0,2,0,0,0,0,2,9,-1,2,2,55,8,999,1,4,FORD FOCUS,7,E01013010,0,1
2024552400193,2024,552400193,1,9,0,7,7,2,4,0,0,5,0,0,0,0,4,1,3,7,1,35,6,1596,1,16,FORD FOCUS,7,E01015324,0,1
2024631425606,2024,631425606,2,9,0,-1,19,7,3,-1,0,8,0,0,0,0,1,1,-1,9,2,22,5,1796,1,24,FORD FOCUS,1,W01001924,0,2
2024440310641,2024,440310641,1,9,0,9,9,6,4,0,0,6,0,0,0,0,1,1,1,1,1,44,7,999,1,3,FORD FOCUS,4,E01022657,0,1
2024201407217,2024,201407217,2,9,0,-1,4,1,5,-1,0,0,0,0,0,0,2,1,-1,9,1,36,7,1596,1,15,FORD FOCUS,-1,-1,0,-1
2024302400894,2024,302400894,3,9,0,2,2,0,0,0,0,0,0,0,0,0,3,1,6,6,3,-1,-1,1596,1,15,FORD FOCUS,-1,-1,0,-1
2024471421225,2024,471421225,1,9,0,-1,19,3,7,-1,0,0,0,0,0,0,1,1,-1,6,2,27,6,1596,1,13,FORD FOCUS,4,E01021076,0,2
2024622400321,2024,622400321,2,9,0,18,19,2,6,0,0,8,0,0,0,0,1,1,6,6,1,24,5,1560,2,12,FORD FOCUS,3,W01001181,0,3
2024461410954,2024,461410954,2,9,0,-1,19,1,5,-1,0,8,0,0,0,0,4,1,-1,9,1,40,7,1596,1,20,FORD FOCUS,4,E01024262,0,1
2024311461890,2024,311461890,1,9,0,-1,5,1,5,-1,5,6,0,0,0,0,1,9,-1,9,3,53,8,1560,2,13,FORD FOCUS,-1,-1,0,-1