collision_index,collision_year,collision_ref_no,vehicle_reference,vehicle_type,towing_and_articulation,vehicle_manoeuvre_historic,vehicle_manoeuvre,vehicle_direction_from,vehicle_direction_to,vehicle_location_restricted_lane_historic,vehicle_location_restricted_lane,junction_location,skidding_and_overturning,hit_object_in_carriageway,vehicle_leaving_carriageway,hit_object_off_carriageway,first_point_of_impact,vehicle_left_hand_drive,journey_purpose_of_driver_historic,journey_purpose_of_driver,sex_of_driver,age_of_driver,age_band_of_driver,engine_capacity_cc,propulsion_code,age_of_vehicle,generic_make_model,driver_imd_decile,lsoa_of_driver,escooter_flag,driver_distance_banding
2024101486586,2024,101486586,1,9,0,-1,19,5,1,-1,0,3,0,0,3,0,1,1,-1,9,1,47,8,1560,2,12,FORD FOCUS,-1,-1,0,-1
2024421440951,2024,421440951,1,9,0,-1,19,5,5,-1,0,1,0,0,0,0,1,1,-1,9,1,28,6,998,1,12,FORD FOCUS,7,E01021737,0,2
2024430165166,2024,430165166,2,9,0,18,19,5,1,0,0,3,0,0,0,0,2,1,2,2,1,41,7,2521,1,17,FORD FOCUS,6,E01028757,0,3
2024161500596,2024,161500596,1,9,9,-1,14,1,5,-1,0,0,9,99,9,0,1,9,-1,6,2,20,4,1499,2,1,FORD FOCUS,10,E01013108,0,2
2024361461127,2024,361461127,2,9,0,-1,19,7,3,-1,0,0,0,0,0,0,1,1,-1,9,1,68,10,1997,2,14,FORD FOCUS,5,E01026909,0,1
2024401525928,2024,401525928,1,9,-1,-1,-1,-1,-1,-1,-1,-1,-1,-1,-1,0,-1,9,-1,6,1,56,9,1499,2,8,FORD FOCUS,4,E01017596,0,3
2024201535312,2024,201535312,1,9,0,-1,19,1,5,-1,0,4,1,7,3,0,1,1,-1,6,1,27,6,1596,1,12,FORD FOCUS,1,E01009445,0,2
2024122400628,2024,122400628,1,9,0,18,19,4,8,0,0,0,0,0,0,0,3,1,6,6,1,23,5,1596,1,17,FORD FOCUS,1,E01027819,0,1
202417M108824,2024,17M108824,3,9,0,-1,2,0,0,-1,0,1,0,0,0,0,3,1,-1,9,1,-1,-1,1560,2,11,FORD FOCUS,-1,-1,0,-1
2024070337388,2024,070337388,2,9,0,18,19,7,3,0,0,0,0,0,1,11,1,1,6,6,2,50,8,999,1,3,FORD FOCUS,9,E01018427,0,3
2024131477555,2024,131477555,2,9,0,-1,19,5,1,-1,0,0,0,2,0,0,4,1,-1,9,1,40,7,1496,1,5,FORD FOCUS,5,E01011757,0,3
2024201535522,2024,201535522,1,9,0,-1,19,1,3,-1,0,8,0,0,0,0,4,1,-1,6,1,70,10,999,1,7,FORD FOCUS,6,E01009974,0,2
2024101417051,2024,101417051,1,9,0,-1,19,5,1,-1,0,1,0,0,0,0,1,1,-1,9,1,30,6,999,1,7,FORD FOCUS,3,E01008353,0,1
2024010499945,2024,010499945,2,9,0,8,8,7,1,9,9,6,0,0,0,0,0,1,6,6,2,31,6,1499,2,5,FORD FOCUS,3,E01000222,0,1
2024010544159,2024,010544159,2,9,0,18,19,9,9,99,99,9,9,99,9,99,1,9,6,6,1,-1,-1,1596,1,11,FORD FOCUS,-1,-1,0,-1
202417M307224,2024,17M307224,1,9,0,-1,19,4,8,-1,0,7,0,0,0,0,1,1,-1,9,1,34,6,1999,1,7,FORD FOCUS,1,E01035189,0,2
2024231452077,2024,231452077,3,9,0,-1,4,2,6,-1,0,0,0,0,0,0,2,9,-1,9,1,31,6,999,8,0,FORD FOCUS,9,E01033251,0,4
2024010501504,2024,010501504,1,9,0,18,19,6,2,0,0,2,0,0,0,0,1,1,6,6,1,68,10,999,1,5,FORD FOCUS,3,E01001831,0,1
2024320464841,2024,320464841,2,9,0,8,8,5,3,0,0,5,0,0,0,0,2,1,-1,-1,1,29,6,1499,2,5,FORD FOCUS,8,E01026258,0,1
2024161467350,2024,161467350,1,9,0,-1,19,5,1,-1,0,8,0,0,0,0,4,1,-1,1,1,25,5,999,1,1,FORD FOCUS,3,E01013231,0,1
2024991498284,2024,991498284,4,9,0,-1,19,3,7,-1,0,0,0,0,0,0,3,1,-1,6,1,51,8,999,1,8,FORD FOCUS,10,-1,0,2
2024070422389,2024,070422389,1,9,0,9,9,1,7,0,0,8,0,0,0,0,4,1,6,6,1,74,10,1798,1,16,FORD FOCUS,3,E01018461,0,1
2024302400485,2024,302400485,1,9,0,18,19,2,6,0,0,8,0,0,0,0,3,2,6,6,1,46,8,1798,1,14,FORD FOCUS,2,E01013585,0,1
2024471457404,2024,471457404,3,9,0,-1,2,0,0,-1,9,0,0,0,0,0,1,1,-1,6,-1,-1,-1,1560,2,10,FORD FOCUS,-1,-1,0,-1
2024010511406,2024,010511406,1,9,0,99,99,9,9,99,99,0,9,99,9,99,1,9,6,6,1,38,7,1498,1,9,FORD FOCUS,6,E01034579,0,1
2024141417691,2024,141417691,2,9,0,-1,2,0,0,-1,0,0,0,0,0,0,1,1,-1,2,1,68,10,1560,2,11,FORD FOCUS,1,E01007916,0,1
2024471416103,2024,471416103,1,9,0,-1,1,1,5,-1,0,0,0,0,0,0,2,1,-1,9,2,57,9,999,1,3,FORD FOCUS,10,E01031718,0,1
2024201437841,2024,201437841,1,9,0,-1,19,3,7,-1,0,0,0,0,0,0,1,1,-1,6,1,60,9,999,1,1,FORD FOCUS,9,E01029868,0,3
2024440332668,2024,440332668,1,9,0,18,19,8,4,0,0,8,0,0,3,9,1,1,6,6,1,20,4,1798,1,17,FORD FOCUS,5,E01022678,0,4
2024320330349,2024,320330349,2,9,0,2,2,0,0,0,0,0,0,0,0,0,2,1,6,6,3,-1,-1,999,1,6,FORD FOCUS,-1,-1,0,-1
2024520500068,2024,520500068,1,9,0,1,1,7,3,0,0,0,0,0,0,0,1,1,6,6,1,34,6,1560,2,11,FORD FOCUS,5,E01029173,0,1
2024061416949,2024,061416949,3,9,0,-1,19,5,1,-1,0,0,0,0,0,0,1,1,-1,1,1,29,6,2261,1,1,FORD FOCUS,2,E01005950,0,3
2024010507755,2024,010507755,1,9,0,4,4,5,1,0,0,1,0,0,0,0,1,1,6,6,1,25,5,1499,2,5,FORD FOCUS,4,E01034224,0,1
2024061394476,2024,061394476,1,9,0,-1,19,3,7,-1,0,0,0,0,0,0,1,1,-1,8,1,28,6,999,1,2,FORD FOCUS,4,E01005892,0,2
2024010504134,2024,010504134,1,9,0,18,19,5,1,0,0,0,0,0,0,0,2,1,6,6,1,30,6,999,1,6,FORD FOCUS,3,E01034204,0,1
2024440331477,2024,440331477,2,9,0,3,3,4,8,0,0,1,0,0,0,0,2,1,6,6,2,45,7,1560,2,13,FORD FOCUS,2,E01023006,0,4
2024371452454,2024,371452454,1,9,0,-1,19,3,7,-1,0,1,0,0,0,0,1,9,-1,6,1,75,10,999,8,0,FORD FOCUS,6,E01030240,0,1
2024221430315,2024,221430315,1,9,0,-1,9,7,6,-1,0,6,0,0,0,0,1,9,-1,6,1,54,8,1596,1,11,FORD FOCUS,1,E01033890,0,4
2024131502888,2024,131502888,1,9,0,-1,19,7,5,-1,0,0,0,0,0,0,2,1,-1,9,1,79,11,1596,1,14,FORD FOCUS,1,E01010680,0,1
2024061470141,2024,061470141,1,9,0,-1,19,3,3,-1,0,8,0,0,0,0,1,1,-1,6,1,-1,-1,1596,1,13,FORD FOCUS,-1,-1,0,-1
2024522401977,2024,522401977,1,9,0,18,19,3,7,0,0,0,0,4,0,0,1,1,6,6,2,28,6,1596,1,19,FORD FOCUS,2,E01014626,0,1
2024311406570,2024,311406570,1,9,0,-1,2,0,0,-1,0,1,0,10,0,0,4,1,-1,6,1,52,8,998,1,11,FORD FOCUS,1,E01013948,0,1
2024351492070,2024,351492070,2,9,0,-1,19,3,7,-1,0,0,0,0,1,7,2,1,-1,9,2,39,7,1596,1,15,FORD FOCUS,9,E01024297,0,5
2024010550718,2024,010550718,1,9,0,4,4,1,5,9,9,1,0,0,0,0,4,1,6,6,2,64,9,999,8,0,FORD FOCUS,4,E01004202,0,1
2024311524256,2024,311524256,3,9,0,-1,19,3,7,-1,0,0,0,0,0,0,1,1,-1,6,1,56,9,1499,2,6,FORD FOCUS,-1,-1,0,-1
2024131519628,2024,131519628,1,9,0,-1,19,3,7,-1,0,4,0,0,1,0,0,1,-1,6,1,34,6,1560,2,10,FORD FOCUS,1,E01034264,0,2
2024311404994,2024,311404994,1,9,0,-1,19,1,3,-1,0,0,1,0,0,0,3,1,-1,6,1,24,5,1499,2,7,FORD FOCUS,2,E01013202,0,4
2024991478968,2024,991478968,1,9,0,-1,19,2,6,-1,0,0,0,0,0,0,1,1,-1,9,1,18,4,1596,1,15,FORD FOCUS,7,-1,0,3
2024010548998,2024,010548998,2,9,9,99,99,9,9,99,99,9,9,99,9,99,9,9,6,6,3,-1,-1,999,1,8,FORD FOCUS,-1,-1,0,-1
2024010540617,2024,010540617,2,9,0,99,99,9,9,99,99,9,9,99,9,99,1,9,6,6,3,-1,-1,1753,2,18,FORD FOCUS,-1,-1,0,-1
2024161471709,2024,161471709,1,8,0,-1,19,5,1,-1,0,0,0,0,0,0,0,9,-1,1,1,29,6,1560,2,11,FORD FOCUS,3,E01012866,0,2
2024320417241,2024,320417241,2,9,0,13,13,6,2,0,0,1,0,0,0,0,4,1,-1,-1,1,19,4,1560,2,11,FORD FOCUS,6,E01026205,0,3
2024010541166,2024,010541166,3,9,0,2,2,0,0,9,9,2,0,0,0,0,4,1,6,6,3,-1,-1,1499,2,5,FORD FOCUS,-1,-1,0,-1
2024101404292,2024,101404292,2,9,-1,-1,19,1,5,-1,0,4,0,0,0,0,2,9,-1,9,2,38,7,998,1,12,FORD FOCUS,5,E01035631,0,1
2024451489723,2024,451489723,2,9,0,-1,19,2,6,-1,0,1,1,0,0,0,4,1,-1,9,1,29,6,1596,1,18,FORD FOCUS,7,E01030452,0,3
2024010545010,2024,010545010,1,9,0,13,13,3,7,0,0,2,0,0,4,0,1,1,6,6,3,34,6,1560,2,14,FORD FOCUS,-1,-1,0,-1
2024411429899,2024,411429899,1,9,0,-1,9,1,7,-1,0,6,0,0,0,0,1,1,-1,2,2,36,7,1596,1,19,FORD FOCUS,2,E01023844,0,1
2024411482208,2024,411482208,1,9,0,-1,4,1,3,-1,0,7,1,7,0,0,1,1,-1,6,1,25,5,1997,2,14,FORD FOCUS,8,E01017747,0,2
2024131408677,2024,131408677,2,9,0,-1,19,4,5,-1,0,0,0,0,7,2,1,1,-1,1,2,58,9,1499,2,7,FORD FOCUS,8,E01011216,0,1
2024141541903,2024,141541903,1,9,0,-1,19,3,7,-1,0,0,0,0,0,0,3,1,-1,2,1,51,8,1596,1,15,FORD FOCUS,1,E01007851,0,3
2024361514035,2024,361514035,1,9,0,-1,19,8,4,-1,0,4,2,10,1,4,4,1,-1,9,1,18,4,1596,1,15,FORD FOCUS,4,E01026705,0,1
2024522402171,2024,522402171,2,9,0,4,4,4,8,0,0,0,0,0,0,0,1,1,6,6,1,77,11,1499,2,8,FORD FOCUS,9,E01015548,0,4
2024010501966,2024,010501966,1,9,0,6,6,5,5,0,0,6,0,0,0,0,0,1,6,6,2,58,9,999,1,6,FORD FOCUS,3,E01003349,0,1
2024471430591,2024,471430591,1,9,0,-1,19,3,7,-1,0,1,0,0,0,0,1,1,-1,9,1,21,5,1596,1,16,FORD FOCUS,9,E01021161,0,1
2024201467516,2024,201467516,2,9,0,-1,19,7,3,-1,0,0,0,0,0,0,1,1,-1,6,2,57,9,1560,2,10,FORD FOCUS,1,E01010484,0,2
2024531401437,2024,531401437,1,9,0,-1,19,5,1,-1,0,3,0,0,0,0,1,1,-1,2,1,56,9,998,1,10,FORD FOCUS,5,E01022148,0,1
2024320619113,2024,320619113,2,9,0,-1,-1,8,4,0,0,8,1,0,1,2,3,1,6,6,1,57,9,999,1,3,FORD FOCUS,3,E01034686,0,4
2024440028067,2024,440028067,1,9,0,1,1,1,5,0,0,6,0,0,0,0,2,1,6,6,2,25,5,1596,1,18,FORD FOCUS,2,E01017186,0,1
2024991451008,2024,991451008,1,9,0,-1,19,1,5,-1,0,0,5,0,2,0,4,1,-1,6,1,25,5,999,1,6,FORD FOCUS,4,-1,0,5
2024320198153,2024,320198153,1,9,0,-1,-1,6,2,0,0,2,0,0,7,0,1,1,6,6,1,59,9,999,1,7,FORD FOCUS,4,E01026317,0,4
2024351423441,2024,351423441,1,9,0,-1,19,7,1,-1,0,1,0,0,0,0,3,1,-1,6,1,39,7,1999,1,16,FORD FOCUS,7,E01004442,0,4
2024471495981,2024,471495981,1,9,0,-1,19,3,7,-1,0,0,0,0,0,0,1,1,-1,9,1,69,10,1596,1,9,FORD FOCUS,7,E01031777,0,1
2024411435079,2024,411435079,1,9,-1,-1,-1,3,1,-1,-1,-1,-1,-1,-1,0,-1,9,-1,6,1,20,4,1499,2,8,FORD FOCUS,3,E01001492,0,3
2024471510594,2024,471510594,1,9,0,-1,19,6,2,-1,0,0,0,0,1,4,1,1,-1,9,1,20,4,999,1,9,FORD FOCUS,4,E01031791,0,2
2024141472619,2024,141472619,2,9,0,-1,5,5,1,-1,0,1,0,0,0,0,1,1,-1,6,2,32,6,1798,1,15,FORD FOCUS,10,E01007861,0,1
2024401431707,2024,401431707,1,9,-1,-1,-1,-1,-1,-1,-1,-1,-1,-1,-1,0,-1,9,-1,9,2,34,6,1798,1,16,FORD FOCUS,5,E01035598,0,4
2024010510064,2024,010510064,1,9,0,8,8,2,5,0,0,2,0,0,0,0,0,1,1,1,1,28,6,999,1,5,FORD FOCUS,9,E01023882,0,4
2024052400957,2024,052400957,7,8,0,7,7,7,1,0,0,8,0,0,7,0,2,1,1,1,3,-1,-1,1499,2,7,FORD FOCUS,-1,-1,0,-1
2024201413532,2024,201413532,1,9,0,-1,19,3,7,-1,0,8,0,0,0,0,3,9,-1,2,1,21,5,998,1,12,FORD FOCUS,3,E01009775,0,1
2024122400112,2024,122400112,2,9,0,17,19,6,2,0,0,0,0,0,1,0,1,1,6,6,1,21,5,1499,2,6,FORD FOCUS,8,E01027801,0,3
2024471508920,2024,471508920,2,9,0,-1,19,1,5,-1,0,0,0,0,1,7,1,1,-1,2,1,46,8,1796,1,25,FORD FOCUS,5,E01031442,0,3
2024221395292,2024,221395292,1,9,0,-1,19,2,6,-1,0,8,0,0,0,0,1,1,-1,6,1,44,7,1999,1,9,FORD FOCUS,2,E01032202,0,1
2024041444539,2024,041444539,2,9,0,-1,19,5,5,-1,0,0,0,0,0,0,1,1,-1,6,1,74,10,999,1,7,FORD FOCUS,6,E01025066,0,1
2024351514799,2024,351514799,2,9,0,-1,9,7,5,-1,0,8,0,0,0,0,1,1,-1,6,1,53,8,1560,2,10,FORD FOCUS,10,E01035514,0,1
2024010511353,2024,010511353,2,9,0,99,99,9,9,99,99,9,9,99,9,99,1,9,6,6,1,28,6,1499,2,8,FORD FOCUS,2,E01005222,0,5
2024440389443,2024,440389443,2,9,0,9,9,5,7,0,0,8,0,0,0,0,1,1,1,1,1,62,9,1596,1,13,FORD FOCUS,1,E01017112,0,1
2024070960146,2024,070960146,1,9,0,-1,9,6,4,-1,0,8,0,0,0,0,1,1,-1,9,2,19,4,1560,2,11,FORD FOCUS,10,W01000384,0,3
2024111440160,2024,111440160,2,9,0,-1,4,8,4,-1,0,0,0,0,0,0,2,1,-1,6,1,45,7,999,8,1,FORD FOCUS,2,E01020763,0,1
2024101517453,2024,101517453,2,9,0,-1,19,7,3,-1,0,0,0,0,0,0,2,1,-1,9,1,87,11,999,1,5,FORD FOCUS,8,E01008785,0,2
2024531514927,2024,531514927,1,9,0,-1,19,1,5,-1,0,0,0,0,0,0,1,1,-1,9,1,41,7,1753,2,16,FORD FOCUS,10,E01028476,0,4
2024401484986,2024,401484986,1,9,0,-1,19,2,6,-1,0,0,0,0,0,0,1,1,-1,6,1,24,5,1499,2,5,FORD FOCUS,10,E01017625,0,1
2024052400319,2024,052400319,1,9,0,18,19,2,6,0,0,1,0,0,0,0,0,1,6,6,1,51,8,999,1,5,FORD FOCUS,9,E01006828,0,1
2024610032724,2024,610032724,1,9,0,2,2,0,0,0,0,2,0,0,0,0,3,1,6,6,1,23,5,1596,1,15,FORD FOCUS,4,W01001335,0,1
2024421524197,2024,421524197,1,9,0,-1,19,8,4,-1,0,1,0,0,0,0,4,1,-1,9,2,77,11,1596,1,20,FORD FOCUS,7,E01021510,0,1
2024211437569,2024,211437569,2,9,0,-1,10,5,2,-1,0,1,0,0,0,0,3,1,-1,2,1,44,7,1997,2,18,FORD FOCUS,-1,-1,0,-1
2024010523200,2024,010523200,1,9,0,9,9,4,2,0,0,5,0,0,0,0,4,1,6,6,1,54,8,998,1,11,FORD FOCUS,-1,-1,0,-1
2024622400482,2024,622400482,1,9,0,18,19,7,3,0,0,0,1,0,2,6,1,1,2,2,1,27,6,1596,1,20,FORD FOCUS,2,W01001208,0,4
2024461461190,2024,461461190,2,9,0,-1,3,3,5,-1,0,1,0,0,0,0,2,9,-1,7,1,18,4,999,1,1,FORD FOCUS,6,E01024491,0,1
2024201551785,2024,201551785,4,9,0,-1,2,0,0,-1,0,0,0,0,0,0,1,1,-1,6,2,27,6,1496,1,5,FORD FOCUS,4,E01009228,0,1
2024061409463,2024,061409463,1,9,0,-1,19,4,8,-1,0,1,0,0,0,0,1,1,-1,6,1,30,6,1596,1,15,FORD FOCUS,-1,-1,0,-1
2024041517626,2024,041517626,2,9,0,-1,2,0,0,-1,9,1,0,0,0,0,2,1,-1,6,-1,-1,-1,999,1,1,FORD FOCUS,-1,-1,0,-1
2024451502900,2024,451502900,1,9,0,-1,19,1,5,-1,0,0,2,10,0,0,4,1,-1,9,2,69,10,1596,1,20,FORD FOCUS,3,E01023793,0,4
2024451409572,2024,451409572,1,9,0,-1,7,1,4,-1,0,1,0,0,0,0,1,1,-1,9,1,24,5,1596,1,17,FORD FOCUS,8,E01004195,0,3
2024991431977,2024,991431977,1,9,0,-1,19,8,4,-1,0,0,2,4,0,0,1,1,-1,9,2,31,6,1560,2,10,FORD FOCUS,2,-1,0,1
2024221479185,2024,221479185,1,9,0,-1,9,8,6,-1,0,6,0,0,0,0,3,1,-1,6,1,79,11,1499,2,8,FORD FOCUS,3,E01008895,0,4
2024340WN1922,2024,340WN1922,2,9,0,-1,3,4,8,-1,0,1,0,0,0,0,2,1,-1,6,1,32,6,1596,1,18,FORD FOCUS,10,E01035425,0,1
2024131439567,2024,131439567,1,9,0,-1,-1,-1,-1,-1,-1,-1,-1,-1,-1,0,-1,1,-1,6,3,-1,-1,1560,2,13,FORD FOCUS,-1,-1,0,-1
2024141435781,2024,141435781,1,9,0,-1,13,6,2,-1,0,0,0,0,0,0,1,1,-1,6,1,31,6,1560,2,11,FORD FOCUS,-1,-1,0,-1
2024411427972,2024,411427972,1,9,0,-1,19,5,1,-1,0,1,1,0,0,0,1,1,-1,6,1,39,7,1560,2,10,FORD FOCUS,10,E01023654,0,4
2024122400986,2024,122400986,2,9,0,10,10,1,7,0,0,1,0,0,0,0,2,1,6,6,2,36,7,999,1,7,FORD FOCUS,9,E01027747,0,1
2024471486048,2024,471486048,3,9,0,-1,4,7,3,-1,0,0,0,0,0,0,2,1,-1,9,1,24,5,1596,1,12,FORD FOCUS,3,E01031459,0,2
2024461456974,2024,461456974,1,9,0,-1,19,7,3,-1,0,4,0,0,0,0,1,1,-1,1,1,58,9,1798,1,16,FORD FOCUS,4,E01024284,0,1
2024041463186,2024,041463186,4,9,0,-1,19,5,1,-1,0,0,0,0,0,0,2,1,-1,2,1,42,7,1596,1,11,FORD FOCUS,1,E01025120,0,4
2024461445275,2024,461445275,1,9,0,-1,5,3,2,-1,0,0,0,0,0,0,3,1,-1,6,1,30,6,1798,1,17,FORD FOCUS,1,E01024657,0,1
2024320527140,2024,320527140,1,9,0,7,7,2,4,0,0,6,0,0,0,0,1,1,6,6,2,-1,-1,1560,2,11,FORD FOCUS,-1,-1,0,-1
2024522403440,2024,522403440,1,9,0,17,19,5,2,0,0,0,0,0,0,0,1,1,6,6,2,37,7,1560,2,14,FORD FOCUS,8,E01014953,0,2
2024231499522,2024,231499522,1,9,0,-1,4,5,1,-1,0,0,0,0,0,0,1,1,-1,7,1,27,6,1499,2,5,FORD FOCUS,5,E01009647,0,2
2024461428114,2024,461428114,1,9,0,-1,19,7,3,-1,0,0,0,0,0,0,1,1,-1,6,1,68,10,1499,2,7,FORD FOCUS,9,E01024244,0,3
2024421482865,2024,421482865,3,9,0,-1,2,0,0,-1,-1,1,0,0,0,0,3,1,-1,6,-1,-1,-1,1596,1,9,FORD FOCUS,-1,-1,0,-1
2024010512068,2024,010512068,1,9,0,18,19,8,4,0,0,8,1,10,1,11,4,1,2,2,1,65,9,999,1,3,FORD FOCUS,9,E01002509,0,1
2024131416214,2024,131416214,3,9,0,-1,2,7,7,-1,9,2,0,0,0,0,2,1,-1,6,-1,-1,-1,1997,2,12,FORD FOCUS,-1,-1,0,-1
2024101535183,2024,101535183,1,9,0,-1,19,4,1,-1,0,4,0,0,0,0,1,1,-1,6,2,39,7,1596,1,14,FORD FOCUS,8,E01008657,0,1
2024501412085,2024,501412085,1,9,0,-1,9,4,2,-1,0,1,0,0,0,0,3,1,-1,9,1,62,9,1499,2,4,FORD FOCUS,8,E01015120,0,4
2024131403169,2024,131403169,1,9,0,-1,19,5,1,-1,0,0,0,0,0,0,4,1,-1,6,2,43,7,999,8,0,FORD FOCUS,2,E01010776,0,1
2024201436869,2024,201436869,1,9,0,-1,19,8,4,-1,0,1,0,0,0,0,1,9,-1,2,2,28,6,1499,2,9,FORD FOCUS,1,E01009401,0,1
2024131496312,2024,131496312,2,9,0,-1,19,7,3,-1,0,1,0,0,0,0,3,1,-1,9,2,45,7,1798,1,15,FORD FOCUS,3,E01010867,0,1
2024031393709,2024,031393709,2,9,0,-1,9,1,6,-1,0,0,0,0,0,0,4,1,-1,6,1,49,8,1753,2,16,FORD FOCUS,2,E01019199,0,1
2024131446198,2024,131446198,2,9,0,-1,19,6,2,-1,0,0,0,0,0,0,1,1,-1,9,2,40,7,1596,1,15,FORD FOCUS,6,E01011704,0,1
2024010534003,2024,010534003,4,9,0,2,2,0,0,0,0,1,0,0,0,0,2,1,6,6,3,-1,-1,1596,1,9,FORD FOCUS,-1,-1,0,-1
2024421479422,2024,421479422,1,9,0,-1,7,5,7,-1,0,7,0,0,0,0,2,1,-1,9,2,37,7,999,1,6,FORD FOCUS,8,E01021923,0,2
2024631478017,2024,631478017,2,9,0,-1,19,5,1,-1,0,0,0,0,0,0,3,1,-1,9,2,21,5,1560,2,11,FORD FOCUS,6,W01002014,0,4
2024211475389,2024,211475389,3,9,0,-1,19,5,1,-1,0,0,0,0,0,0,2,1,-1,6,1,50,8,1560,2,10,FORD FOCUS,3,E01031059,0,3
2024141533298,2024,141533298,1,9,0,-1,5,6,2,-1,0,0,0,10,0,0,1,1,-1,6,2,53,8,1999,1,16,FORD FOCUS,4,E01007478,0,1
2024311526670,2024,311526670,2,9,0,-1,5,1,5,-1,0,2,0,0,0,0,4,1,-1,9,2,35,6,999,1,1,FORD FOCUS,2,E01013842,0,1
2024501531905,2024,501531905,2,9,0,-1,12,1,4,-1,4,7,0,0,0,0,3,1,-1,6,1,64,9,999,1,9,FORD FOCUS,9,E01020186,0,2
2024421506108,2024,421506108,1,9,0,-1,19,3,7,-1,0,0,0,0,0,0,3,1,-1,6,1,87,11,1596,1,23,FORD FOCUS,8,E01021333,0,1
2024010511145,2024,010511145,1,9,0,7,7,4,7,0,0,6,0,0,0,0,1,1,6,6,1,47,8,1596,1,11,FORD FOCUS,4,E01004337,0,1
2024010547079,2024,010547079,1,9,0,18,19,3,7,0,0,2,0,0,0,0,1,1,6,6,3,-1,-1,1596,1,18,FORD FOCUS,-1,-1,0,-1
2024052401319,2024,052401319,1,9,0,18,19,2,6,0,0,8,0,0,4,1,1,1,1,1,1,29,6,1995,2,5,FORD FOCUS,-1,-1,0,-1
2024131512395,2024,131512395,1,9,0,-1,19,5,1,-1,0,0,0,4,0,0,1,1,-1,6,1,74,10,1596,1,13,FORD FOCUS,6,E01032493,0,1
2024320717010,2024,320717010,1,9,0,-1,-1,2,6,0,0,4,0,0,0,0,1,1,6,6,1,27,6,999,1,8,FORD FOCUS,7,E01026147,0,1
2024010537430,2024,010537430,1,9,0,18,19,1,5,0,0,9,9,99,9,99,9,9,6,6,3,58,9,999,1,8,FORD FOCUS,2,E01001263,0,3
2024461534962,2024,461534962,2,9,0,-1,19,3,7,-1,0,8,0,0,1,0,4,1,-1,6,1,34,6,1596,1,12,FORD FOCUS,2,E01024648,0,3
2024161514554,2024,161514554,2,9,0,-1,19,1,5,-1,0,1,0,0,0,0,1,1,-1,2,1,40,7,1388,1,18,FORD FOCUS,1,E01012874,0,4
2024041464621,2024,041464621,1,9,0,-1,9,3,7,-1,0,1,0,0,0,0,4,1,-1,9,1,44,7,1499,2,7,FORD FOCUS,9,E01025127,0,1
2024340WN0332,2024,340WN0332,3,9,0,-1,19,3,7,-1,0,1,0,0,0,0,3,1,-1,6,1,47,8,999,1,9,FORD FOCUS,9,E01027288,0,2
2024451524122,2024,451524122,1,9,0,-1,9,4,8,-1,0,5,0,0,0,0,1,1,-1,9,1,48,8,1499,2,6,FORD FOCUS,8,E01027141,0,5
2024131519745,2024,131519745,1,9,0,-1,9,1,5,-1,0,3,1,0,1,11,1,1,-1,2,1,45,7,1596,1,14,FORD FOCUS,6,E01010594,0,2
2024010547908,2024,010547908,2,9,0,4,4,1,5,0,0,0,0,0,0,0,1,1,6,6,1,50,8,999,1,6,FORD FOCUS,8,E01000987,0,1
2024201477667,2024,201477667,2,9,0,-1,19,4,8,-1,0,8,0,0,0,0,3,9,-1,6,3,69,10,999,1,1,FORD FOCUS,1,E01010295,0,1
2024061431408,2024,061431408,4,9,0,-1,19,3,7,-1,0,1,0,0,0,0,0,1,-1,1,2,28,6,2261,1,1,FORD FOCUS,2,E01005950,0,4
2024401498730,2024,401498730,2,9,0,-1,4,1,5,-1,0,0,0,0,0,0,1,1,-1,9,1,24,5,999,1,6,FORD FOCUS,9,E01018201,0,4
2024052500085,2024,052500085,2,9,0,18,19,1,5,0,0,8,0,0,0,0,1,1,6,6,1,39,7,999,1,6,FORD FOCUS,1,E01006694,0,1
2024010541043,2024,010541043,2,9,0,99,99,9,9,99,99,0,9,99,9,99,9,9,6,6,3,-1,-1,999,1,9,FORD FOCUS,-1,-1,0,-1
2024320298728,2024,320298728,2,9,0,-1,-1,3,7,0,0,8,0,0,0,0,1,1,6,6,2,53,8,1596,1,19,FORD FOCUS,6,E01026264,0,1
2024461487076,2024,461487076,2,9,0,-1,2,0,0,-1,9,0,0,0,0,0,2,9,-1,6,3,-1,-1,1596,1,14,FORD FOCUS,-1,-1,0,-1
2024302400499,2024,302400499,1,9,0,9,9,1,7,0,0,0,0,0,0,0,3,1,6,6,1,24,5,1499,2,5,FORD FOCUS,6,E01013491,0,1
202454F244824,2024,54F244824,2,9,0,18,19,4,1,0,0,0,5,11,7,4,1,1,6,6,2,43,7,999,1,6,FORD FOCUS,7,E01031979,0,4
2024201468410,2024,201468410,2,9,0,-1,19,8,3,-1,0,8,0,0,0,0,2,1,-1,2,2,29,6,999,1,1,FORD FOCUS,-1,-1,0,-1
202454D841224,2024,54D841224,2,9,0,4,4,5,1,0,0,4,0,0,0,0,2,1,6,6,1,47,8,1596,1,16,FORD FOCUS,7,E01033861,0,4
2024010529753,2024,010529753,1,9,0,9,9,2,7,0,0,0,0,0,0,0,3,1,6,6,2,39,7,999,1,8,FORD FOCUS,-1,-1,0,-1
2024622400595,2024,622400595,1,9,0,4,4,2,6,0,0,8,0,0,0,0,1,1,6,6,2,76,11,1997,2,10,FORD FOCUS,9,W01000815,0,1