collision_index,collision_year,collision_ref_no,vehicle_reference,vehicle_type,towing_and_articulation,vehicle_manoeuvre_historic,vehicle_manoeuvre,vehicle_direction_from,vehicle_direction_to,vehicle_location_restricted_lane_historic,vehicle_location_restricted_lane,junction_location,skidding_and_overturning,hit_object_in_carriageway,vehicle_leaving_carriageway,hit_object_off_carriageway,first_point_of_impact,vehicle_left_hand_drive,journey_purpose_of_driver_historic,journey_purpose_of_driver,sex_of_driver,age_of_driver,age_band_of_driver,engine_capacity_cc,propulsion_code,age_of_vehicle,generic_make_model,driver_imd_decile,lsoa_of_driver,escooter_flag,driver_distance_banding
2024101507852,2024,101507852,1,9,0,-1,19,5,1,-1,0,0,0,0,0,0,4,1,-1,9,1,60,9,1596,1,11,FORD FOCUS,10,E01008371,0,1
2024131489837,2024,131489837,3,9,0,-1,19,5,1,-1,0,0,0,0,0,0,1,1,-1,2,1,32,6,1560,2,10,FORD FOCUS,1,E01007948,0,4
2024991447825,2024,991447825,1,9,0,-1,19,1,6,-1,0,1,5,0,7,8,1,1,-1,6,1,27,6,1560,2,12,FORD FOCUS,-1,-1,0,-1
2024311532664,2024,311532664,2,9,0,-1,19,5,1,-1,0,0,0,0,0,0,1,1,-1,6,1,41,7,1560,2,15,FORD FOCUS,2,E01017490,0,5
2024131407942,2024,131407942,1,9,0,-1,19,7,3,-1,0,1,1,0,0,0,1,1,-1,6,3,-1,-1,1560,2,14,FORD FOCUS,-1,-1,0,-1
2024041468386,2024,041468386,1,9,0,-1,19,5,1,-1,0,0,0,0,7,6,1,1,-1,9,2,27,6,1498,1,7,FORD FOCUS,6,E01025279,0,3
2024311565098,2024,311565098,1,9,0,-1,5,7,3,-1,0,1,0,0,0,0,1,1,-1,9,1,36,7,1499,2,7,FORD FOCUS,-1,-1,0,-1
2024010508642,2024,010508642,1,9,0,18,19,3,7,0,0,8,0,0,0,0,3,1,6,6,1,42,7,1596,1,22,FORD FOCUS,4,E01001704,0,2
2024231463853,2024,231463853,1,9,0,-1,19,1,4,-1,0,0,0,0,0,0,1,1,-1,9,1,21,5,2521,1,17,FORD FOCUS,2,E01031092,0,1
2024340WN4832,2024,340WN4832,2,9,0,-1,19,1,5,-1,0,2,0,0,0,0,1,1,-1,2,1,26,6,1997,2,9,FORD FOCUS,5,E01015746,0,4
2024421405980,2024,421405980,3,9,0,-1,3,3,7,-1,0,0,0,0,0,0,2,1,-1,9,1,33,6,1753,2,17,FORD FOCUS,8,E01021613,0,2
2024471486048,2024,471486048,1,9,0,-1,4,7,3,-1,0,0,0,0,0,0,1,1,-1,9,1,23,5,999,1,9,FORD FOCUS,3,E01031409,0,1
2024221503827,2024,221503827,1,9,0,-1,19,8,3,-1,0,0,0,0,0,0,1,1,-1,6,2,34,6,999,1,2,FORD FOCUS,6,W01000459,0,4
2024201402531,2024,201402531,2,9,0,-1,19,3,7,-1,0,0,0,0,0,0,2,1,-1,6,1,51,8,1596,1,13,FORD FOCUS,2,E01010047,0,1
2024010520627,2024,010520627,5,9,0,2,2,0,0,0,0,0,0,4,0,0,1,1,6,6,3,-1,-1,1596,1,12,FORD FOCUS,-1,-1,0,-1
2024201456912,2024,201456912,1,9,0,-1,19,5,1,-1,0,2,0,0,0,0,1,1,-1,6,2,21,5,1596,1,18,FORD FOCUS,10,E01009902,0,1
2024440188040,2024,440188040,1,9,0,9,9,5,3,0,0,8,0,0,0,0,4,1,6,6,2,50,8,1999,1,18,FORD FOCUS,-1,-1,0,-1
2024070184355,2024,070184355,2,9,0,12,12,5,1,0,0,0,0,0,0,0,2,1,6,6,1,42,7,1999,1,18,FORD FOCUS,6,E01004910,0,3
2024010523166,2024,010523166,1,9,0,5,5,1,5,0,0,8,0,10,0,0,1,1,6,6,1,58,9,999,1,7,FORD FOCUS,-1,-1,0,-1
2024201505697,2024,201505697,1,9,0,-1,19,5,8,-1,0,8,0,0,0,0,3,1,-1,9,1,27,6,1596,1,13,FORD FOCUS,2,E01009997,0,2
2024010547818,2024,010547818,1,9,0,18,19,5,1,9,9,0,0,7,0,0,1,1,6,6,1,24,5,1560,2,12,FORD FOCUS,3,E01016114,0,4
2024351438152,2024,351438152,3,9,0,-1,19,7,1,-1,0,8,0,0,0,0,3,1,-1,6,1,33,6,1596,1,16,FORD FOCUS,5,E01018067,0,2
2024041507795,2024,041507795,2,9,0,-1,19,3,7,-1,0,0,1,0,0,0,1,1,-1,9,1,37,7,1499,2,9,FORD FOCUS,6,E01025607,0,2
2024201497034,2024,201497034,2,9,0,-1,5,3,7,-1,0,8,0,0,0,0,1,9,-1,6,1,77,11,998,1,11,FORD FOCUS,1,E01009305,0,1
2024101404297,2024,101404297,1,9,0,-1,9,3,1,-1,0,8,0,0,0,0,1,9,-1,6,1,24,5,1560,2,16,FORD FOCUS,1,E01008666,0,1
2024031489670,2024,031489670,1,9,0,-1,19,5,1,-1,0,0,2,10,0,0,4,1,-1,9,1,22,5,1560,2,12,FORD FOCUS,7,E01031976,0,5
2024041531625,2024,041531625,1,9,0,-1,19,1,5,-1,0,0,0,0,0,0,2,1,-1,6,1,34,6,1596,1,18,FORD FOCUS,2,E01006575,0,3
2024461507660,2024,461507660,2,9,0,-1,19,8,5,-1,0,1,1,0,1,0,1,1,-1,6,1,55,8,1997,2,15,FORD FOCUS,9,E01024724,0,1
2024010542834,2024,010542834,2,9,0,2,2,0,0,0,0,0,0,0,0,0,3,1,6,6,3,-1,-1,1596,1,15,FORD FOCUS,-1,-1,0,-1
2024451398105,2024,451398105,1,9,0,-1,19,3,7,-1,0,0,0,4,0,0,1,1,-1,9,2,17,4,1560,2,11,FORD FOCUS,3,E01030745,0,1
2024361473685,2024,361473685,1,9,0,-1,19,6,4,-1,0,1,0,0,0,0,1,1,-1,9,1,79,11,1560,2,9,FORD FOCUS,8,E01029925,0,4
2024311515706,2024,311515706,2,9,0,-1,5,1,2,-1,0,1,0,0,0,0,3,1,-1,6,2,72,10,1499,2,7,FORD FOCUS,-1,-1,0,-1
2024052402572,2024,052402572,2,9,0,18,19,6,2,0,0,0,0,0,0,0,4,1,6,6,1,32,6,1560,2,11,FORD FOCUS,5,E01025508,0,1
2024440221478,2024,440221478,1,9,0,5,5,6,2,0,0,6,0,0,0,0,1,1,6,6,1,34,6,1596,1,16,FORD FOCUS,6,E01022890,0,2
2024631463992,2024,631463992,1,9,0,-1,19,2,6,-1,0,0,0,0,0,0,1,1,-1,9,1,71,10,1499,2,3,FORD FOCUS,5,W01000508,0,4
2024471462788,2024,471462788,2,9,0,-1,19,1,5,-1,0,1,0,0,0,0,1,1,-1,9,1,30,6,1388,1,18,FORD FOCUS,3,E01031787,0,1
2024010532452,2024,010532452,2,9,0,18,19,7,3,0,0,8,0,0,0,0,1,1,6,6,3,-1,-1,1596,1,12,FORD FOCUS,-1,-1,0,-1
2024461519336,2024,461519336,3,9,0,-1,19,7,3,-1,0,1,0,0,0,0,1,9,-1,6,1,-1,-1,1560,2,18,FORD FOCUS,-1,-1,0,-1
2024991407715,2024,991407715,1,9,0,-1,19,1,5,-1,0,0,0,0,0,0,1,1,-1,2,1,46,8,999,1,6,FORD FOCUS,8,-1,0,1
2024991441944,2024,991441944,1,9,0,-1,19,5,1,-1,0,0,0,0,0,0,1,1,-1,1,1,42,7,1560,2,13,FORD FOCUS,7,-1,0,3
2024211535691,2024,211535691,7,9,0,-1,19,3,7,-1,0,0,0,0,0,0,1,1,-1,6,2,21,5,1560,2,11,FORD FOCUS,3,E01014240,0,1
2024361404415,2024,361404415,2,9,0,-1,19,8,4,-1,0,1,1,0,1,0,1,1,-1,9,1,78,11,1560,2,10,FORD FOCUS,7,E01026919,0,4
2024101405102,2024,101405102,2,9,0,-1,19,3,7,-1,0,0,0,0,0,0,1,1,-1,6,1,72,10,998,1,10,FORD FOCUS,1,E01027363,0,1
2024101519930,2024,101519930,1,9,0,-1,9,1,5,-1,0,8,0,0,0,0,3,1,-1,9,1,25,5,998,1,11,FORD FOCUS,-1,-1,0,-1
2024411465991,2024,411465991,2,9,0,-1,19,5,1,-1,0,1,0,0,0,0,3,1,-1,6,1,41,7,1596,1,19,FORD FOCUS,5,E01017579,0,4
2024451415673,2024,451415673,2,9,0,-1,10,3,7,-1,0,6,0,0,0,0,1,1,-1,6,2,62,9,1596,1,17,FORD FOCUS,9,E01030661,0,1
2024411453813,2024,411453813,2,9,0,-1,5,5,1,-1,0,8,0,0,0,0,3,1,-1,6,1,82,11,1596,1,13,FORD FOCUS,7,E01023298,0,4
2024231479896,2024,231479896,2,9,0,-1,19,4,8,-1,0,8,0,0,0,0,1,1,-1,9,2,51,8,2261,1,4,FORD FOCUS,1,E01031057,0,2
2024101403244,2024,101403244,3,9,0,-1,3,5,1,-1,0,0,0,0,0,0,2,1,-1,6,2,35,6,999,1,6,FORD FOCUS,-1,-1,0,-1
2024010519087,2024,010519087,1,9,0,6,6,3,3,0,0,0,0,0,0,0,0,1,6,6,1,61,9,1596,1,15,FORD FOCUS,3,E01003915,0,2
2024401453814,2024,401453814,1,9,0,-1,6,3,7,-1,0,1,0,0,0,0,1,1,-1,9,1,22,5,1499,2,5,FORD FOCUS,5,E01015782,0,1
2024010521284,2024,010521284,2,9,0,99,99,9,9,99,99,1,9,99,9,99,1,9,6,6,3,21,5,1499,2,5,FORD FOCUS,3,E01032765,0,1
2024520403329,2024,520403329,1,9,0,13,13,2,6,0,0,0,0,0,0,0,1,1,6,6,1,64,9,1596,1,16,FORD FOCUS,5,E01029051,0,1
2024052401233,2024,052401233,2,9,0,17,19,5,1,0,0,1,0,0,0,0,1,1,6,6,2,35,6,1560,2,10,FORD FOCUS,1,E01007017,0,1
2024361493323,2024,361493323,1,9,0,-1,19,-1,-1,-1,0,1,0,0,0,0,3,9,-1,6,1,48,8,1499,2,9,FORD FOCUS,6,E01026872,0,4
2024461486311,2024,461486311,1,9,0,-1,19,7,3,-1,0,0,0,0,0,0,1,1,-1,6,2,77,11,999,1,10,FORD FOCUS,8,E01024344,0,1
2024141557295,2024,141557295,1,9,0,-1,3,5,1,-1,0,0,0,0,0,0,2,1,-1,9,2,36,7,1596,1,12,FORD FOCUS,9,E01007624,0,1
2024622400166,2024,622400166,1,9,0,18,19,8,4,0,0,4,0,0,0,0,1,1,1,1,1,-1,-1,999,1,2,FORD FOCUS,7,W01000974,0,1
2024010503188,2024,010503188,1,9,0,99,99,9,9,99,99,0,9,99,9,99,2,9,6,6,1,36,7,1498,1,9,FORD FOCUS,3,E01001795,0,1
2024471452868,2024,471452868,1,9,0,-1,4,2,6,-1,0,0,0,0,0,0,1,1,-1,6,2,38,7,998,1,12,FORD FOCUS,6,E01031586,0,1
2024101479231,2024,101479231,1,9,0,-1,19,5,1,-1,0,0,0,12,0,0,1,2,-1,6,1,34,6,999,1,4,FORD FOCUS,-1,-1,0,-1
2024501423762,2024,501423762,3,9,0,-1,19,7,3,-1,0,4,0,0,0,0,2,1,-1,6,1,26,6,1997,2,16,FORD FOCUS,5,E01015051,0,4
2024010512365,2024,010512365,1,9,0,18,19,6,2,0,0,0,0,0,0,0,3,1,6,6,1,75,10,999,1,2,FORD FOCUS,-1,-1,0,-1
2024451405245,2024,451405245,1,9,0,-1,19,3,7,-1,0,1,0,0,0,0,1,1,-1,2,1,50,8,1596,1,11,FORD FOCUS,3,E01002649,0,2
2024340NN3072,2024,340NN3072,2,9,0,-1,19,7,3,-1,0,1,0,0,0,0,1,1,-1,9,2,41,7,1798,1,16,FORD FOCUS,5,E01017503,0,1
2024991449114,2024,991449114,2,9,0,-1,19,6,2,-1,0,8,0,0,0,0,2,1,-1,2,1,37,7,1560,2,11,FORD FOCUS,1,-1,0,1
2024211510236,2024,211510236,2,9,0,-1,19,-1,-1,-1,0,0,0,0,0,0,2,9,-1,6,1,52,8,999,1,1,FORD FOCUS,1,E01014224,0,1
2024302400217,2024,302400217,1,9,0,18,19,4,8,0,0,8,0,0,0,0,1,1,6,6,2,59,9,999,8,1,FORD FOCUS,4,E01019470,0,2
2024622400329,2024,622400329,3,9,0,10,10,3,7,0,0,1,0,0,0,0,2,1,6,6,1,37,7,999,1,8,FORD FOCUS,8,W01001747,0,1
2024010548901,2024,010548901,1,9,0,99,99,9,9,99,99,9,9,99,9,99,1,9,6,6,3,-1,-1,999,1,9,FORD FOCUS,-1,-1,0,-1
2024461425211,2024,461425211,2,9,0,-1,3,1,3,-1,0,1,0,0,0,0,3,1,-1,2,1,56,9,1798,1,17,FORD FOCUS,6,E01024301,0,3
2024371538536,2024,371538536,1,9,0,-1,19,7,3,-1,0,0,0,0,0,0,3,1,-1,9,2,52,8,1596,1,16,FORD FOCUS,2,E01030032,0,1
2024041432735,2024,041432735,2,9,0,-1,2,1,5,-1,0,0,0,0,0,0,4,1,-1,6,-1,-1,-1,1753,2,19,FORD FOCUS,-1,-1,0,-1
2024421415090,2024,421415090,1,9,0,-1,9,7,4,-1,0,1,0,0,0,0,1,1,-1,9,2,23,5,1596,1,20,FORD FOCUS,2,E01015820,0,1
2024161401081,2024,161401081,1,9,0,-1,4,3,7,-1,0,1,0,0,0,0,2,9,-1,7,2,20,4,999,1,2,FORD FOCUS,3,E01012817,0,1
2024471401815,2024,471401815,1,9,0,-1,9,2,4,-1,0,8,0,0,0,0,4,1,-1,6,3,-1,-1,1753,2,15,FORD FOCUS,-1,-1,0,-1
2024052400266,2024,052400266,2,9,0,18,19,3,7,0,0,8,0,0,0,0,3,1,6,6,1,38,7,1499,2,5,FORD FOCUS,1,E01006741,0,1
2024631529231,2024,631529231,1,9,0,-1,19,5,1,-1,0,0,0,0,2,4,4,1,-1,9,2,17,4,1499,2,9,FORD FOCUS,9,W01001936,0,4
2024430171059,2024,430171059,1,9,0,18,19,2,6,0,0,2,0,0,0,0,4,1,6,6,2,49,8,1560,2,11,FORD FOCUS,4,E01016503,0,1
2024461512940,2024,461512940,3,9,0,-1,3,1,5,-1,0,0,0,0,0,0,2,2,-1,6,2,35,6,1499,2,5,FORD FOCUS,7,E01016028,0,1
2024430611375,2024,430611375,1,9,0,18,19,7,3,0,0,0,1,0,0,0,1,1,6,6,1,-1,-1,999,1,4,FORD FOCUS,-1,-1,0,-1
2024010551190,2024,010551190,1,9,0,18,19,9,9,99,99,9,9,99,9,99,2,9,6,6,1,36,7,999,1,3,FORD FOCUS,4,E01002250,0,1
2024401495433,2024,401495433,1,9,-1,-1,-1,-1,-1,-1,-1,-1,-1,-1,-1,0,-1,9,-1,6,3,-1,-1,1560,2,10,FORD FOCUS,-1,-1,0,-1
2024010503876,2024,010503876,2,9,0,99,99,9,9,99,99,9,9,99,9,99,9,9,6,6,3,-1,-1,1560,2,8,FORD FOCUS,-1,-1,0,-1
2024351463103,2024,351463103,1,9,-1,-1,-1,-1,-1,-1,-1,0,-1,-1,-1,0,1,9,-1,6,1,-1,-1,1798,1,17,FORD FOCUS,-1,-1,0,-1
2024451497498,2024,451497498,1,9,0,-1,9,1,7,-1,0,8,0,0,7,1,1,1,-1,7,2,42,7,1596,1,13,FORD FOCUS,10,E01032854,0,2
2024231469172,2024,231469172,3,9,0,-1,4,7,3,-1,0,1,0,0,0,0,1,9,-1,6,1,38,7,1999,1,8,FORD FOCUS,3,E01031081,0,1
2024010529191,2024,010529191,1,9,0,18,19,3,7,0,0,1,0,0,0,0,4,1,2,2,1,68,10,1499,2,6,FORD FOCUS,4,E01034369,0,4
2024010538055,2024,010538055,1,9,0,15,15,3,7,0,0,0,0,0,0,0,3,1,6,6,1,27,6,999,1,8,FORD FOCUS,2,E01003487,0,2
2024010519955,2024,010519955,2,9,9,99,99,9,9,99,99,9,9,99,9,99,9,9,6,6,1,29,6,1596,1,15,FORD FOCUS,2,E01002076,0,2
2024991559683,2024,991559683,1,9,0,-1,19,8,4,-1,0,0,1,10,5,4,1,1,-1,2,1,26,6,998,1,10,FORD FOCUS,-1,-1,0,-1
2024010497725,2024,010497725,2,9,0,99,99,9,9,99,99,9,9,99,9,99,1,9,6,6,3,-1,-1,1596,1,11,FORD FOCUS,3,E01001109,0,1
2024070969748,2024,070969748,3,9,0,-1,4,2,6,-1,0,8,0,0,0,0,2,1,-1,6,2,33,6,999,1,6,FORD FOCUS,8,E01012373,0,1
2024101486803,2024,101486803,1,9,0,-1,19,5,1,-1,0,0,0,0,0,0,1,9,-1,6,1,38,7,1560,2,11,FORD FOCUS,-1,-1,0,-1
2024501461447,2024,501461447,3,9,0,-1,19,4,8,-1,0,0,0,0,0,0,1,1,-1,6,1,18,4,1560,2,13,FORD FOCUS,10,E01019963,0,2
2024501461710,2024,501461710,2,9,0,-1,5,8,5,-1,0,8,0,0,0,0,3,1,-1,6,1,18,4,999,1,5,FORD FOCUS,7,E01023219,0,5
2024052401766,2024,052401766,2,9,0,18,19,3,7,0,0,8,0,0,0,0,3,1,6,6,1,52,8,999,1,1,FORD FOCUS,1,E01006430,0,2
2024522401398,2024,522401398,2,9,0,3,3,6,2,0,0,8,0,0,0,0,2,1,6,6,3,-1,-1,1596,1,13,FORD FOCUS,-1,-1,0,-1
2024461396228,2024,461396228,2,9,0,-1,7,4,5,-1,0,0,0,0,0,0,2,9,-1,6,2,32,6,1997,2,16,FORD FOCUS,4,E01024582,0,3
2024421533667,2024,421533667,3,9,0,-1,19,3,7,-1,0,3,0,0,0,0,4,2,-1,9,1,41,7,999,1,1,FORD FOCUS,7,E01035168,0,4
2024131503699,2024,131503699,1,9,0,-1,19,5,1,-1,0,1,0,0,0,0,1,1,-1,2,2,29,6,1596,1,15,FORD FOCUS,1,E01010938,0,1
2024471405872,2024,471405872,1,9,0,-1,9,6,4,-1,0,6,0,0,0,0,4,1,-1,9,2,62,9,1596,1,16,FORD FOCUS,6,E01021149,0,1
2024101453309,2024,101453309,2,9,0,-1,19,5,1,-1,0,0,0,0,0,0,4,1,-1,9,2,38,7,1560,2,12,FORD FOCUS,1,E01008829,0,3
2024430129978,2024,430129978,1,9,0,9,9,4,2,0,0,5,0,0,0,0,1,1,6,6,2,80,11,1596,1,18,FORD FOCUS,-1,-1,0,-1
2024311480199,2024,311480199,1,9,0,-1,19,6,2,-1,0,0,0,0,0,0,1,1,-1,6,3,40,7,1596,1,17,FORD FOCUS,-1,-1,0,-1
2024070973640,2024,070973640,2,9,0,-1,7,8,4,-1,0,3,0,0,0,0,4,1,-1,6,2,46,8,999,1,6,FORD FOCUS,4,W01000419,0,4
2024010514671,2024,010514671,1,9,0,18,19,3,7,0,0,8,0,0,0,0,1,1,6,6,2,24,5,999,8,1,FORD FOCUS,9,E01002225,0,1
2024010551338,2024,010551338,1,9,0,18,19,8,4,0,0,0,0,4,0,0,1,1,6,6,1,78,11,1596,1,16,FORD FOCUS,2,E01001114,0,2
2024141412193,2024,141412193,1,9,0,-1,19,3,7,-1,0,8,0,0,7,5,4,1,-1,9,1,17,4,1596,1,13,FORD FOCUS,9,E01007923,0,2
2024052402336,2024,052402336,1,9,0,5,5,4,8,0,0,4,0,0,0,0,1,1,6,6,1,20,4,1596,1,13,FORD FOCUS,3,E01006743,0,2
2024221412722,2024,221412722,3,9,0,-1,19,8,4,-1,0,8,0,0,0,0,3,1,-1,6,1,50,8,1596,1,13,FORD FOCUS,1,E01009114,0,3
2024010539392,2024,010539392,1,9,0,5,5,5,1,0,0,1,0,0,0,0,1,1,6,6,1,20,4,1596,1,17,FORD FOCUS,4,E01004462,0,1
2024161444222,2024,161444222,2,9,0,-1,11,3,7,-1,0,0,0,0,0,0,1,1,-1,6,1,24,5,1560,2,10,FORD FOCUS,3,E01013164,0,1
2024461512319,2024,461512319,1,9,0,-1,9,1,2,-1,0,2,0,0,0,0,1,2,-1,6,2,30,6,1596,1,20,FORD FOCUS,3,E01024396,0,1
2024351443620,2024,351443620,2,9,0,-1,19,2,6,-1,0,1,0,0,0,0,1,1,-1,9,1,22,5,1596,1,18,FORD FOCUS,10,E01018267,0,1
2024201516325,2024,201516325,2,9,0,-1,19,5,1,-1,0,8,0,0,0,0,1,9,-1,6,1,42,7,1596,1,13,FORD FOCUS,5,E01009451,0,1
2024010529921,2024,010529921,3,9,0,8,8,7,1,0,0,6,0,0,0,0,0,1,6,6,1,35,6,998,1,10,FORD FOCUS,10,E01021559,0,4
2024010542958,2024,010542958,3,9,9,99,99,9,9,99,99,9,9,99,9,99,9,9,6,6,3,-1,-1,1596,1,13,FORD FOCUS,-1,-1,0,-1
2024411536282,2024,411536282,2,9,0,-1,19,5,1,-1,0,1,0,0,0,0,4,1,-1,9,1,72,10,999,1,6,FORD FOCUS,7,E01002365,0,4
2024461457760,2024,461457760,2,9,0,-1,10,1,5,-1,0,1,0,0,0,0,4,1,-1,6,1,25,5,1798,1,17,FORD FOCUS,4,E01024381,0,1
2024552400555,2024,552400555,5,9,0,2,2,0,0,0,0,0,0,0,0,0,2,1,6,6,3,-1,-1,1499,2,8,FORD FOCUS,-1,-1,0,-1
2024461526183,2024,461526183,2,9,0,-1,10,8,5,-1,0,1,0,0,0,0,2,9,-1,2,1,34,6,999,1,9,FORD FOCUS,8,E01024779,0,3
2024622400765,2024,622400765,2,9,0,18,19,8,4,0,0,0,0,0,0,0,2,1,6,6,1,46,8,999,1,9,FORD FOCUS,4,W01001706,0,1
202417L206224,2024,17L206224,2,9,0,-1,9,4,3,-1,0,8,0,0,0,0,0,1,-1,9,2,32,6,1596,1,12,FORD FOCUS,1,E01033471,0,1
2024371440565,2024,371440565,1,9,0,-1,5,-1,-1,-1,0,6,0,0,0,0,1,1,-1,6,1,-1,-1,1596,1,17,FORD FOCUS,4,E01030022,0,1
2024461419645,2024,461419645,1,9,0,-1,19,-1,-1,-1,0,0,0,0,0,0,1,9,-1,6,2,-1,-1,1560,2,10,FORD FOCUS,3,E01023972,0,1
2024201558233,2024,201558233,4,9,0,-1,2,0,0,-1,9,8,0,0,0,0,2,1,-1,6,-1,16,4,1753,2,14,FORD FOCUS,-1,-1,0,-1
2024440261955,2024,440261955,3,9,0,18,19,3,7,0,0,0,0,0,0,0,1,1,6,6,1,49,8,1560,2,12,FORD FOCUS,9,E01022577,0,3
2024041447302,2024,041447302,1,9,0,-1,19,1,5,-1,0,0,0,0,0,0,1,1,-1,9,2,58,9,1560,2,12,FORD FOCUS,3,E01025138,0,1
2024531501561,2024,531501561,3,9,0,-1,19,1,5,-1,0,0,0,0,0,0,2,1,-1,2,2,48,8,1596,1,18,FORD FOCUS,2,E01032932,0,2
2024461414071,2024,461414071,1,9,0,-1,19,6,2,-1,0,0,0,0,0,0,3,9,-1,9,1,38,7,999,1,7,FORD FOCUS,2,E01024398,0,1
2024052401408,2024,052401408,1,9,0,9,9,2,6,0,0,8,0,0,0,0,3,1,6,6,2,46,8,999,1,6,FORD FOCUS,3,E01006584,0,1
2024401404393,2024,401404393,4,9,0,-1,19,7,3,-1,0,0,0,0,0,0,1,9,-1,6,2,30,6,1499,2,9,FORD FOCUS,1,E01015736,0,1
2024421457186,2024,421457186,2,9,0,-1,19,3,7,-1,0,1,0,0,0,0,4,1,-1,9,2,43,7,1596,1,15,FORD FOCUS,9,E01021652,0,1
2024010539804,2024,010539804,2,9,0,99,99,9,9,99,99,9,9,99,9,99,2,9,6,6,3,-1,-1,1596,1,9,FORD FOCUS,-1,-1,0,-1
2024991414382,2024,991414382,2,9,0,-1,19,7,3,-1,0,0,0,6,1,0,3,1,-1,6,1,23,5,1798,1,16,FORD FOCUS,4,-1,0,1
2024010538288,2024,010538288,2,9,0,3,3,7,3,9,9,1,0,0,1,0,1,1,1,1,1,28,6,999,1,7,FORD FOCUS,4,E01003282,0,1
2024991433682,2024,991433682,1,9,0,-1,9,4,8,-1,0,1,0,0,0,0,1,1,-1,6,2,20,4,1499,2,3,FORD FOCUS,1,E01020727,0,5
2024211514500,2024,211514500,1,9,0,-1,9,8,4,-1,0,0,0,0,0,0,1,1,-1,6,2,43,7,999,1,4,FORD FOCUS,7,E01010352,0,3
2024010499624,2024,010499624,1,9,0,99,99,9,9,99,99,0,9,99,9,99,3,9,6,6,1,22,5,1596,1,13,FORD FOCUS,10,E01024056,0,4
2024052402191,2024,052402191,1,9,0,18,19,1,5,0,0,8,5,0,0,0,4,1,6,6,1,34,6,999,1,1,FORD FOCUS,1,E01006740,0,1
2024141422605,2024,141422605,2,9,0,-1,5,1,5,-1,0,1,0,0,0,0,1,1,-1,9,1,19,4,1596,1,9,FORD FOCUS,6,E01028003,0,2
2024221490556,2024,221490556,1,9,0,-1,7,7,1,-1,0,5,0,0,0,0,2,1,-1,6,1,41,7,1499,2,9,FORD FOCUS,8,E01032329,0,1
2024411422459,2024,411422459,1,9,0,-1,9,5,3,-1,0,3,0,0,0,0,1,1,-1,6,2,41,7,998,1,11,FORD FOCUS,3,E01000176,0,3
2024421512464,2024,421512464,2,9,0,-1,19,1,5,-1,0,3,0,0,0,0,1,1,-1,6,1,30,6,1496,1,5,FORD FOCUS,7,E01021338,0,2
2024101475369,2024,101475369,2,9,0,-1,19,4,8,-1,0,0,0,0,0,0,1,1,-1,6,1,57,9,1560,2,14,FORD FOCUS,5,E01027377,0,4
2024061431352,2024,061431352,3,9,0,-1,7,2,5,-1,0,8,0,0,0,0,0,1,-1,8,1,24,5,2261,1,1,FORD FOCUS,2,E01005950,0,1
2024131515984,2024,131515984,1,9,0,-1,19,3,7,-1,0,8,0,0,0,0,1,2,-1,9,1,73,10,1499,2,8,FORD FOCUS,10,E01011280,0,2
2024471472509,2024,471472509,1,9,0,-1,19,3,7,-1,0,0,5,0,1,2,1,1,-1,9,2,39,7,1798,1,15,FORD FOCUS,6,E01031712,0,1
2024052400255,2024,052400255,1,8,0,18,19,1,5,0,0,1,0,0,0,0,1,1,6,6,1,-1,-1,1499,2,8,FORD FOCUS,-1,-1,0,-1
2024041510180,2024,041510180,2,9,0,-1,7,6,7,-1,0,0,0,0,7,0,1,2,-1,9,1,29,6,1560,2,12,FORD FOCUS,8,E01025443,0,2
2024991526437,2024,991526437,3,9,0,-1,2,0,0,-1,0,0,0,0,0,0,3,1,-1,6,-1,-1,-1,1560,2,10,FORD FOCUS,-1,-1,0,-1
2024520402510,2024,520402510,1,9,0,18,19,4,8,0,0,8,0,0,0,0,4,1,6,6,1,31,6,1596,1,21,FORD FOCUS,7,E01018803,0,5
2024430523672,2024,430523672,3,9,0,10,10,2,8,0,0,1,0,0,0,0,1,1,6,6,3,-1,-1,999,1,5,FORD FOCUS,-1,-1,0,-1
2024052400900,2024,052400900,1,9,0,6,6,7,7,0,0,8,0,0,0,0,2,1,1,1,1,29,6,1560,2,11,FORD FOCUS,1,E01006696,0,1
2024371397881,2024,371397881,1,9,0,-1,14,-1,-1,-1,0,2,0,0,0,0,1,1,-1,6,2,47,8,1596,1,12,FORD FOCUS,8,E01030155,0,1
2024461446643,2024,461446643,2,9,0,-1,4,8,4,-1,0,1,0,0,0,0,2,1,-1,2,1,43,7,1496,1,6,FORD FOCUS,6,E01024630,0,2
2024010529788,2024,010529788,2,9,0,14,14,4,8,0,0,8,0,4,0,0,4,1,6,6,1,19,4,999,1,8,FORD FOCUS,8,E01000393,0,1
2024031517177,2024,031517177,1,9,0,-1,19,6,2,-1,9,0,0,0,7,0,1,1,-1,9,1,90,11,1596,1,20,FORD FOCUS,6,E01019256,0,1
2024451528762,2024,451528762,2,9,0,-1,4,7,3,-1,0,1,0,0,0,0,3,1,-1,9,1,88,11,999,1,1,FORD FOCUS,8,E01030490,0,1