collision_index,collision_year,collision_ref_no,vehicle_reference,vehicle_type,towing_and_articulation,vehicle_manoeuvre_historic,vehicle_manoeuvre,vehicle_direction_from,vehicle_direction_to,vehicle_location_restricted_lane_historic,vehicle_location_restricted_lane,junction_location,skidding_and_overturning,hit_object_in_carriageway,vehicle_leaving_carriageway,hit_object_off_carriageway,first_point_of_impact,vehicle_left_hand_drive,journey_purpose_of_driver_historic,journey_purpose_of_driver,sex_of_driver,age_of_driver,age_band_of_driver,engine_capacity_cc,propulsion_code,age_of_vehicle,generic_make_model,driver_imd_decile,lsoa_of_driver,escooter_flag,driver_distance_banding
2024231525271,2024,231525271,1,9,0,-1,19,2,7,-1,0,0,1,0,7,4,1,1,-1,9,1,74,10,1596,1,18,FORD FOCUS,7,E01032344,0,4
2024041508635,2024,041508635,1,9,0,-1,19,3,7,-1,0,1,0,0,0,0,4,1,-1,9,1,23,5,1997,2,6,FORD FOCUS,3,E01006273,0,4
2024440036201,2024,440036201,1,9,0,9,9,3,1,0,0,8,0,0,4,1,4,1,6,6,1,21,5,1753,2,16,FORD FOCUS,8,E01022762,0,1
2024041453190,2024,041453190,4,9,0,-1,2,7,3,-1,0,1,0,0,0,0,1,1,-1,6,-1,-1,-1,1560,2,10,FORD FOCUS,-1,-1,0,-1
2024221402863,2024,221402863,2,9,0,-1,9,7,5,-1,0,5,0,0,7,11,2,9,-1,7,2,37,7,1596,1,15,FORD FOCUS,10,E01032151,0,1
2024010517113,2024,010517113,1,9,0,18,19,5,1,0,0,2,0,0,0,0,4,1,6,6,1,82,11,999,1,3,FORD FOCUS,5,E01004624,0,1
2024052402293,2024,052402293,1,9,0,18,19,5,1,0,0,1,0,0,0,0,4,1,6,6,3,-1,-1,1596,1,16,FORD FOCUS,-1,-1,0,-1
2024010521661,2024,010521661,2,9,9,99,99,9,9,99,99,9,9,99,9,99,9,9,6,6,3,-1,-1,1596,1,10,FORD FOCUS,-1,-1,0,-1
2024351545579,2024,351545579,1,9,0,-1,19,5,1,-1,0,0,0,0,1,0,3,1,-1,6,2,36,7,1596,1,13,FORD FOCUS,5,E01026249,0,3
2024010536701,2024,010536701,1,9,0,99,99,9,9,99,99,9,9,99,9,99,2,9,6,6,2,38,7,999,1,8,FORD FOCUS,10,E01017756,0,3
2024361447530,2024,361447530,2,9,0,-1,2,0,0,-1,0,2,0,4,0,0,-1,1,-1,9,2,-1,-1,1596,1,12,FORD FOCUS,7,E01026514,0,3
2024061468534,2024,061468534,2,9,0,-1,3,1,5,-1,0,0,0,0,0,0,0,1,-1,1,1,27,6,999,8,1,FORD FOCUS,1,E01005202,0,2
2024351538821,2024,351538821,1,9,0,-1,19,2,6,-1,0,0,0,11,0,0,1,1,-1,7,1,19,4,999,1,3,FORD FOCUS,6,E01018110,0,1
2024501403345,2024,501403345,2,9,0,-1,19,4,8,-1,0,0,0,0,0,0,1,1,-1,9,1,59,9,1999,1,19,FORD FOCUS,4,E01020012,0,1
2024041411396,2024,041411396,1,9,0,-1,19,4,8,-1,0,1,0,0,0,0,1,1,-1,6,1,30,6,1999,1,10,FORD FOCUS,6,E01025483,0,3
2024430055896,2024,430055896,2,8,0,18,19,3,7,0,0,0,0,0,1,7,2,1,6,6,1,50,8,1499,2,9,FORD FOCUS,10,E01023851,0,4
2024041471213,2024,041471213,1,9,0,-1,12,3,7,-1,0,6,0,0,0,0,1,1,-1,2,1,65,9,1560,2,13,FORD FOCUS,2,E01012590,0,1
2024221452259,2024,221452259,2,9,0,-1,4,4,8,-1,0,0,0,0,0,0,1,1,-1,9,2,60,9,998,1,11,FORD FOCUS,6,E01023915,0,5
2024161477799,2024,161477799,3,9,0,-1,19,6,2,-1,0,0,0,0,0,0,0,1,-1,1,1,26,6,999,1,2,FORD FOCUS,7,E01013096,0,4
2024211455409,2024,211455409,2,9,0,-1,2,5,4,-1,0,0,0,0,0,0,2,1,-1,6,2,77,11,1596,1,10,FORD FOCUS,-1,-1,0,-1
2024010523229,2024,010523229,1,9,0,9,9,3,1,0,0,8,0,0,0,0,1,1,6,6,1,54,8,998,1,10,FORD FOCUS,4,E01004280,0,1
2024201491883,2024,201491883,1,9,0,-1,19,5,1,-1,0,0,0,0,0,0,1,1,-1,6,1,40,7,1997,2,19,FORD FOCUS,-1,-1,0,-1
2024401499207,2024,401499207,2,9,0,-1,19,-1,-1,-1,0,0,0,0,0,0,1,1,-1,9,1,46,8,999,1,6,FORD FOCUS,4,E01002279,0,4
2024201497038,2024,201497038,1,9,0,-1,5,2,6,-1,0,1,0,0,0,0,1,1,-1,6,1,21,5,998,1,11,FORD FOCUS,2,E01009609,0,1
2024991483605,2024,991483605,1,9,0,-1,19,1,5,-1,0,0,0,0,0,0,1,1,-1,6,1,61,9,1499,2,8,FORD FOCUS,-1,-1,0,-1
2024061506126,2024,061506126,2,9,0,-1,19,7,3,-1,0,8,0,0,0,0,0,1,-1,1,1,-1,-1,999,1,2,FORD FOCUS,1,E01034113,0,1
2024461525622,2024,461525622,1,9,0,-1,9,5,2,-1,0,6,0,0,0,0,1,1,-1,9,1,20,4,1596,1,16,FORD FOCUS,3,E01024248,0,1
2024201441391,2024,201441391,1,9,0,-1,19,6,2,-1,0,0,0,0,0,0,1,1,-1,9,1,52,8,1596,1,19,FORD FOCUS,3,E01008988,0,1
2024131474560,2024,131474560,2,9,0,-1,19,4,8,-1,0,0,0,0,0,0,1,1,-1,2,1,63,9,1753,2,17,FORD FOCUS,1,E01010650,0,1
2024010546219,2024,010546219,1,9,0,99,99,9,9,99,99,9,9,99,9,99,9,9,6,6,2,47,8,1999,1,19,FORD FOCUS,7,E01001125,0,1
2024361510154,2024,361510154,2,9,0,-1,3,1,4,-1,0,0,0,0,0,0,4,1,-1,9,1,38,7,999,1,4,FORD FOCUS,10,E01023459,0,5
2024351415317,2024,351415317,2,9,0,-1,10,7,3,-1,0,1,0,0,0,0,2,1,-1,6,2,46,8,998,1,10,FORD FOCUS,6,E01018281,0,1
2024010544521,2024,010544521,1,9,0,18,19,7,3,0,0,1,0,0,0,0,2,1,1,1,1,58,9,1596,1,14,FORD FOCUS,4,E01001167,0,3
2024522401295,2024,522401295,3,9,0,18,19,6,1,0,0,0,0,0,0,0,4,1,6,6,1,69,10,1560,2,11,FORD FOCUS,3,E01027175,0,5
2024131447280,2024,131447280,1,9,0,-1,19,7,3,-1,0,6,0,0,0,0,1,1,-1,6,1,19,4,998,1,12,FORD FOCUS,2,E01010796,0,1
2024320080864,2024,320080864,1,9,0,-1,-1,1,6,0,0,0,0,0,1,9,1,1,-1,-1,1,80,11,1596,1,19,FORD FOCUS,2,E01013259,0,4
2024461459407,2024,461459407,1,9,0,-1,19,-1,-1,-1,0,0,0,0,0,0,1,9,-1,6,2,-1,-1,998,1,11,FORD FOCUS,4,E01016174,0,1
2024440256691,2024,440256691,4,9,0,4,4,3,7,0,0,0,0,0,0,0,1,1,6,6,1,21,5,1596,1,13,FORD FOCUS,10,E01022772,0,3
2024461445399,2024,461445399,2,9,0,-1,4,3,1,-1,0,8,0,0,0,0,2,9,-1,2,2,39,7,1596,1,13,FORD FOCUS,5,E01024181,0,1
2024461532633,2024,461532633,1,9,0,-1,9,1,4,-1,0,1,0,0,0,0,1,9,-1,6,1,30,6,1596,1,19,FORD FOCUS,2,E01001579,0,4
2024231506744,2024,231506744,2,9,0,-1,19,8,4,-1,0,0,0,0,0,0,2,9,-1,6,1,44,7,1753,2,17,FORD FOCUS,9,E01029630,0,4
2024471448746,2024,471448746,1,9,0,-1,19,7,3,-1,0,0,0,0,1,4,1,1,-1,2,1,38,7,2261,1,8,FORD FOCUS,5,E01034817,0,1
2024122401135,2024,122401135,1,9,0,16,19,3,5,0,0,0,0,10,1,10,1,1,6,6,1,88,11,1498,1,7,FORD FOCUS,9,E01027567,0,1
202454E602024,2024,54E602024,1,9,0,9,9,8,6,0,0,3,0,0,0,0,1,1,6,6,2,53,8,999,1,2,FORD FOCUS,1,E01032096,0,1
2024411533955,2024,411533955,1,9,0,-1,19,7,1,-1,0,0,0,0,0,0,1,1,-1,6,1,43,7,1596,1,14,FORD FOCUS,8,E01027181,0,4
2024010541669,2024,010541669,2,9,0,3,3,1,5,0,0,1,0,0,0,0,3,1,6,6,1,37,7,998,1,11,FORD FOCUS,4,E01004454,0,1
2024052401845,2024,052401845,1,9,0,18,19,4,8,0,0,0,0,4,0,0,1,1,6,6,1,82,11,1596,1,17,FORD FOCUS,1,E01006484,0,1
2024041441104,2024,041441104,2,9,0,-1,19,7,3,-1,0,0,0,0,0,0,2,1,-1,2,2,52,8,1560,2,10,FORD FOCUS,2,E01025310,0,1
2024010551409,2024,010551409,1,9,0,99,99,9,9,99,99,6,9,99,9,99,1,9,6,6,3,68,10,1596,1,16,FORD FOCUS,6,E01000566,0,1
2024061455102,2024,061455102,1,9,0,-1,19,7,2,-1,0,0,0,0,8,4,3,1,-1,9,2,76,11,1596,1,12,FORD FOCUS,10,E01004951,0,1
2024061476711,2024,061476711,1,9,0,-1,19,2,4,-1,0,4,1,9,7,2,1,1,-1,6,1,30,6,999,1,7,FORD FOCUS,2,E01005450,0,3
2024010519083,2024,010519083,1,9,0,99,99,9,9,99,99,9,9,99,9,99,2,9,2,2,2,29,6,998,1,11,FORD FOCUS,2,E01001334,0,1
2024461414802,2024,461414802,1,9,0,-1,19,7,3,-1,0,0,0,0,0,0,4,1,-1,2,1,46,8,1999,1,6,FORD FOCUS,3,E01024608,0,1
2024010505281,2024,010505281,2,8,0,18,19,7,3,0,0,0,0,0,0,0,3,1,6,6,2,55,8,1596,1,17,FORD FOCUS,1,E01002857,0,1
2024440104710,2024,440104710,1,9,0,8,8,8,3,0,0,1,0,0,0,0,2,1,2,2,2,27,6,1499,2,8,FORD FOCUS,2,E01017052,0,4
202460Q114738,2024,60Q114738,2,9,0,18,19,3,7,0,0,0,0,0,1,0,1,1,6,6,1,27,6,1596,1,16,FORD FOCUS,-1,-1,0,-1
2024010550228,2024,010550228,1,9,0,2,2,0,0,0,0,0,0,0,0,0,3,1,6,6,3,-1,-1,1596,1,16,FORD FOCUS,-1,-1,0,-1
2024522402039,2024,522402039,2,9,0,18,19,4,8,0,0,1,0,0,0,0,1,1,6,6,2,37,7,1560,2,11,FORD FOCUS,7,E01015022,0,1
2024052401558,2024,052401558,1,8,0,18,19,2,6,0,0,1,0,0,0,0,1,1,1,1,1,39,7,1499,2,5,FORD FOCUS,1,E01006664,0,2
2024501416335,2024,501416335,2,9,0,-1,19,1,5,-1,0,1,0,0,0,0,2,1,-1,6,1,66,10,1560,2,17,FORD FOCUS,7,E01020063,0,1
2024501458730,2024,501458730,2,9,0,-1,19,3,7,-1,0,8,0,0,0,0,2,1,-1,6,1,38,7,1499,2,8,FORD FOCUS,7,E01020219,0,1
2024421507161,2024,421507161,1,9,0,-1,19,7,3,-1,0,4,0,0,0,0,1,1,-1,2,1,31,6,1596,1,13,FORD FOCUS,8,E01015991,0,3
2024552400288,2024,552400288,1,9,0,7,7,6,8,0,0,5,0,0,0,0,1,1,6,6,1,77,11,999,1,6,FORD FOCUS,2,E01015304,0,1
2024552400395,2024,552400395,2,9,0,4,4,1,5,0,0,0,0,0,0,0,2,1,2,2,2,38,7,1596,1,21,FORD FOCUS,10,E01020378,0,2
2024010538533,2024,010538533,1,9,0,5,5,3,7,0,0,4,0,0,0,0,1,1,6,6,2,20,4,1596,1,15,FORD FOCUS,2,E01027954,0,5
2024401435952,2024,401435952,2,9,0,-1,19,3,7,-1,0,1,0,0,0,0,1,1,-1,6,2,57,9,1596,1,17,FORD FOCUS,6,E01015766,0,1
2024531429234,2024,531429234,1,9,0,-1,19,5,1,-1,0,0,1,11,1,11,1,1,-1,9,2,26,6,999,1,7,FORD FOCUS,4,E01022240,0,2
2024052402432,2024,052402432,2,9,0,4,4,7,3,0,0,0,0,0,0,0,2,1,6,6,2,38,7,999,1,4,FORD FOCUS,8,E01006668,0,1
2024371532401,2024,371532401,2,9,0,-1,19,1,5,-1,0,8,0,0,0,0,3,1,-1,6,1,22,5,1499,2,3,FORD FOCUS,10,E01033319,0,4
2024361435872,2024,361435872,1,9,0,-1,19,3,7,-1,0,0,0,0,7,0,1,1,-1,9,1,54,8,1596,1,15,FORD FOCUS,3,E01026670,0,3
2024131448704,2024,131448704,1,9,0,-1,19,7,3,-1,0,0,0,0,0,0,1,1,-1,9,1,31,6,1997,2,10,FORD FOCUS,3,E01011915,0,1
2024371504067,2024,371504067,2,9,0,-1,9,2,8,-1,0,5,0,0,0,0,3,9,-1,6,1,44,7,1560,2,14,FORD FOCUS,2,E01033122,0,1
2024451449651,2024,451449651,2,9,0,-1,19,7,2,-1,0,1,0,0,0,0,0,1,-1,1,1,29,6,1995,2,1,FORD FOCUS,8,E01022639,0,4
2024501525085,2024,501525085,1,9,0,-1,19,5,2,-1,0,0,0,0,0,0,1,1,-1,9,1,44,7,1753,2,16,FORD FOCUS,4,E01018866,0,1
2024131433814,2024,131433814,1,9,0,-1,-1,-1,-1,-1,-1,0,-1,-1,-1,0,-1,1,-1,6,3,-1,-1,1596,1,13,FORD FOCUS,-1,-1,0,-1
2024010490255,2024,010490255,1,9,0,99,99,9,9,99,99,9,9,99,9,99,4,9,6,6,3,62,9,999,1,9,FORD FOCUS,6,E01002828,0,1
2024221444845,2024,221444845,1,9,0,-1,9,8,4,-1,0,6,0,0,0,0,1,1,-1,6,1,32,6,1997,2,12,FORD FOCUS,5,E01014059,0,1
2024201502405,2024,201502405,1,9,0,-1,19,6,2,-1,0,1,0,0,0,0,1,9,-1,9,3,-1,-1,1596,1,19,FORD FOCUS,-1,-1,0,-1
2024361473269,2024,361473269,1,9,0,-1,19,3,7,-1,0,8,0,0,0,0,1,1,-1,6,1,45,7,1560,2,15,FORD FOCUS,1,E01026623,0,1
2024211413548,2024,211413548,2,9,0,-1,2,0,0,-1,0,0,0,0,0,0,2,1,-1,2,2,62,9,1499,2,5,FORD FOCUS,5,E01029374,0,2
2024461519332,2024,461519332,2,9,0,-1,3,5,1,-1,0,4,0,0,0,0,2,9,-1,9,2,37,7,1596,1,20,FORD FOCUS,4,E01024702,0,1
2024552401306,2024,552401306,2,9,0,18,19,3,7,0,0,0,0,0,0,0,3,1,6,6,1,20,4,1596,1,17,FORD FOCUS,2,E01020499,0,3
2024131470366,2024,131470366,1,9,0,-1,-1,-1,-1,-1,-1,8,-1,-1,-1,0,-1,1,-1,6,3,-1,-1,999,1,1,FORD FOCUS,-1,-1,0,-1
2024531432436,2024,531432436,1,9,0,-1,19,1,5,-1,0,4,1,9,3,10,3,1,-1,6,1,35,6,999,1,5,FORD FOCUS,1,E01006821,0,5
2024122401216,2024,122401216,1,9,0,10,10,1,5,0,0,1,0,0,0,0,2,1,6,6,2,33,6,999,1,7,FORD FOCUS,10,E01027855,0,1
2024010512029,2024,010512029,1,9,0,5,5,3,7,0,0,0,0,0,1,0,1,1,6,6,3,-1,-1,1596,1,13,FORD FOCUS,-1,-1,0,-1
2024520402939,2024,520402939,1,9,0,7,7,6,1,0,0,6,0,0,0,0,2,1,6,6,2,36,7,1596,1,15,FORD FOCUS,10,E01029030,0,1
2024311401572,2024,311401572,1,9,0,-1,19,4,8,-1,0,1,0,0,0,0,1,1,-1,2,2,55,8,1596,1,13,FORD FOCUS,5,E01028291,0,3
2024052400915,2024,052400915,2,9,0,3,3,1,5,0,0,1,0,0,0,0,2,1,6,6,1,37,7,1596,1,18,FORD FOCUS,1,E01007013,0,1
2024161463279,2024,161463279,1,9,0,-1,9,5,3,-1,0,0,0,0,0,0,3,1,-1,6,2,34,6,1560,2,11,FORD FOCUS,4,E01012825,0,2
2024041403226,2024,041403226,1,9,0,-1,13,7,1,-1,0,0,0,0,7,0,4,1,-1,6,1,21,5,1560,2,13,FORD FOCUS,1,E01025185,0,1
2024201504637,2024,201504637,2,9,0,-1,19,2,6,-1,0,0,0,10,1,0,1,1,-1,9,2,27,6,1560,2,10,FORD FOCUS,-1,-1,0,-1
2024211458185,2024,211458185,1,9,0,-1,9,3,1,-1,0,8,0,0,0,0,4,1,-1,6,2,51,8,999,8,0,FORD FOCUS,2,E01018714,0,4
2024991401422,2024,991401422,1,9,0,-1,19,5,1,-1,0,0,0,0,0,0,1,1,-1,6,1,35,6,1499,2,6,FORD FOCUS,2,-1,0,1
2024461532764,2024,461532764,1,9,0,-1,19,1,1,-1,0,0,1,0,0,0,1,1,-1,1,1,43,7,1560,2,13,FORD FOCUS,1,E01024081,0,1
2024440399982,2024,440399982,1,9,0,18,19,1,5,0,0,3,0,0,0,0,1,1,2,2,1,46,8,1596,1,18,FORD FOCUS,10,E01022838,0,2
2024070374577,2024,070374577,1,8,0,18,19,7,3,0,0,1,0,0,0,0,3,1,1,1,1,52,8,1560,2,10,FORD FOCUS,2,E01018312,0,1
2024010523584,2024,010523584,1,9,0,9,9,3,1,0,0,8,0,0,0,0,1,1,2,2,1,40,7,1499,2,4,FORD FOCUS,5,E01016254,0,4
2024991395468,2024,991395468,2,9,0,-1,9,6,3,-1,0,7,0,0,0,0,3,1,-1,9,1,42,7,1560,2,13,FORD FOCUS,9,-1,0,1
2024141501734,2024,141501734,1,9,0,-1,3,8,4,-1,0,1,0,0,0,0,2,1,-1,9,2,37,7,1560,2,13,FORD FOCUS,1,E01007499,0,1
2024101426717,2024,101426717,1,9,0,-1,19,3,7,-1,0,2,0,0,0,0,1,1,-1,1,1,57,9,1499,2,4,FORD FOCUS,2,E01020793,0,4
2024131505191,2024,131505191,1,9,0,-1,9,3,1,-1,0,6,0,0,0,0,1,1,-1,6,-1,-1,-1,1560,2,13,FORD FOCUS,-1,-1,0,-1
2024461530357,2024,461530357,1,9,0,-1,19,3,7,-1,0,0,0,0,0,0,1,1,-1,6,2,40,7,1499,2,4,FORD FOCUS,-1,-1,0,-1
2024141473805,2024,141473805,2,9,0,-1,19,3,7,-1,0,0,0,0,0,0,1,1,-1,6,2,31,6,1596,1,20,FORD FOCUS,1,E01007549,0,1
2024010515293,2024,010515293,1,9,0,18,19,7,3,0,0,3,5,10,1,4,0,1,6,6,1,23,5,999,1,8,FORD FOCUS,-1,-1,0,-1
2024451472582,2024,451472582,2,9,0,-1,19,3,7,-1,0,1,0,0,0,0,1,1,-1,9,1,32,6,1596,1,14,FORD FOCUS,9,E01001121,0,1
2024401509474,2024,401509474,1,9,0,-1,19,7,3,-1,0,0,0,0,0,0,1,2,-1,6,1,48,8,1596,1,15,FORD FOCUS,8,E01033191,0,1
2024411423542,2024,411423542,5,9,0,-1,2,0,0,-1,0,2,0,0,0,0,1,1,-1,6,-1,-1,-1,1798,1,16,FORD FOCUS,-1,-1,0,-1
2024122400606,2024,122400606,1,9,0,18,19,3,7,0,0,8,0,0,0,0,4,1,6,6,1,37,7,1596,1,17,FORD FOCUS,5,E01027835,0,4
2024501488465,2024,501488465,3,9,0,-1,2,0,0,-1,0,1,0,0,0,0,2,1,-1,6,2,45,7,1560,2,14,FORD FOCUS,3,E01018869,0,2
2024041457668,2024,041457668,2,9,0,-1,19,1,5,-1,0,1,0,0,0,0,1,1,-1,2,2,20,4,998,1,12,FORD FOCUS,4,E01012664,0,1
2024411493575,2024,411493575,2,9,0,-1,19,6,2,-1,0,0,0,0,4,6,1,1,-1,6,1,20,4,999,1,5,FORD FOCUS,8,E01023662,0,2
2024211436884,2024,211436884,2,9,0,-1,19,8,2,-1,0,0,0,0,0,0,4,9,-1,6,1,74,10,1997,2,11,FORD FOCUS,9,E01029767,0,1
2024430383371,2024,430383371,1,9,0,18,19,8,4,0,0,1,0,10,7,0,1,1,6,6,1,25,5,1997,2,11,FORD FOCUS,5,E01016404,0,1
2024421408288,2024,421408288,1,9,0,-1,7,5,7,-1,0,0,0,7,0,0,1,1,-1,1,1,28,6,1596,1,14,FORD FOCUS,2,E01015840,0,3
202417L103324,2024,17L103324,1,9,0,-1,10,2,8,-1,0,1,0,0,0,0,2,1,-1,9,1,36,7,1596,1,15,FORD FOCUS,3,E01012155,0,1
2024302401546,2024,302401546,2,9,0,17,19,6,4,0,0,8,0,0,0,0,1,1,6,6,1,63,9,1560,2,16,FORD FOCUS,10,E01019635,0,1
2024201408307,2024,201408307,1,9,0,-1,19,7,3,-1,0,0,0,0,0,0,4,1,-1,7,2,45,7,1560,2,12,FORD FOCUS,1,E01008882,0,1
2024010501687,2024,010501687,1,9,0,18,19,5,1,0,0,1,0,0,0,0,1,1,1,1,1,47,8,1496,1,3,FORD FOCUS,2,E01003619,0,1
2024332400411,2024,332400411,2,9,0,-1,5,6,2,-1,0,0,0,0,0,0,2,1,-1,9,2,50,8,1596,1,15,FORD FOCUS,2,E01013694,0,2
2024122400708,2024,122400708,1,9,0,7,7,1,3,0,0,5,0,0,0,0,1,1,6,6,1,22,5,999,1,9,FORD FOCUS,9,E01027619,0,2
2024542586424,2024,542586424,1,9,0,7,7,4,7,0,0,5,0,0,0,0,1,1,6,6,1,56,9,1596,1,9,FORD FOCUS,6,E01015496,0,1
2024070954101,2024,070954101,2,9,0,-1,19,1,5,-1,0,1,0,0,0,0,1,1,-1,6,2,58,9,1596,1,12,FORD FOCUS,2,E01012412,0,2
2024320261005,2024,320261005,2,9,0,3,3,8,4,0,0,2,0,0,0,0,2,1,-1,-1,2,40,7,1560,2,13,FORD FOCUS,10,E01026206,0,3
2024010521062,2024,010521062,1,9,0,18,19,1,5,0,0,0,0,0,0,0,1,1,6,6,2,69,10,1596,1,14,FORD FOCUS,4,E01001499,0,1
2024430239027,2024,430239027,3,9,0,18,19,5,1,0,0,0,0,0,0,0,1,1,6,6,1,60,9,1753,2,16,FORD FOCUS,10,E01035756,0,1
2024010539879,2024,010539879,1,9,0,9,9,7,5,0,0,8,0,0,0,0,1,1,6,6,1,57,9,1560,2,12,FORD FOCUS,4,E01000312,0,1
2024101493659,2024,101493659,1,9,0,-1,19,3,7,-1,0,3,1,10,1,0,1,1,-1,9,1,23,5,1999,1,6,FORD FOCUS,-1,-1,0,-1
2024440016938,2024,440016938,1,9,0,7,7,2,4,0,0,6,0,0,0,0,1,1,6,6,2,27,6,999,1,5,FORD FOCUS,9,E01035440,0,2
2024501432375,2024,501432375,1,9,0,-1,9,1,6,-1,0,2,0,0,1,0,3,1,-1,9,1,36,7,1498,1,7,FORD FOCUS,10,E01002189,0,5
2024041499271,2024,041499271,1,9,0,-1,9,1,7,-1,0,8,0,0,0,0,1,1,-1,9,1,21,5,1560,2,10,FORD FOCUS,1,E01012670,0,1
2024421421962,2024,421421962,1,9,0,-1,4,1,5,-1,0,1,0,0,0,0,1,9,-1,6,3,-1,-1,999,1,9,FORD FOCUS,-1,-1,0,-1
2024501423788,2024,501423788,1,9,0,-1,2,0,0,-1,0,0,0,0,0,0,4,1,-1,6,2,56,9,1596,1,15,FORD FOCUS,4,E01019927,0,1
2024501472266,2024,501472266,1,9,0,-1,19,7,3,-1,0,2,2,0,2,9,4,1,-1,2,1,19,4,1596,1,21,FORD FOCUS,5,E01020308,0,4
2024631405380,2024,631405380,2,9,0,-1,19,5,2,-1,0,0,0,0,1,10,3,1,-1,9,2,80,11,1560,2,15,FORD FOCUS,5,W01000539,0,3
2024451482124,2024,451482124,2,9,0,-1,4,6,1,-1,0,1,0,0,0,0,2,2,-1,6,1,32,6,1997,2,12,FORD FOCUS,2,E01003540,0,4
2024221508716,2024,221508716,1,9,0,-1,19,5,1,-1,0,8,0,0,0,0,1,1,-1,6,1,39,7,999,1,1,FORD FOCUS,3,E01032461,0,1
2024201408438,2024,201408438,2,9,-1,-1,3,0,0,-1,0,0,0,0,0,0,2,9,-1,6,2,32,6,1499,2,8,FORD FOCUS,1,E01009892,0,1
2024531520118,2024,531520118,2,9,0,-1,19,8,4,-1,0,1,0,0,0,0,1,1,-1,9,2,40,7,1596,1,15,FORD FOCUS,1,E01034792,0,1
2024440042400,2024,440042400,1,9,0,17,19,3,1,0,0,0,0,0,1,0,1,1,6,6,2,24,5,1997,2,16,FORD FOCUS,2,E01017366,0,3
2024131423115,2024,131423115,1,9,0,-1,9,1,5,-1,0,8,0,0,0,0,1,1,-1,6,1,84,11,1596,1,19,FORD FOCUS,3,E01011488,0,1
2024461417912,2024,461417912,2,9,0,-1,3,4,8,-1,0,0,0,0,0,0,2,9,-1,6,1,46,8,1596,1,16,FORD FOCUS,3,E01024310,0,1
2024010537569,2024,010537569,1,9,0,9,9,3,1,4,4,5,0,0,7,0,1,1,6,6,2,25,5,1596,1,12,FORD FOCUS,1,E01004670,0,2
2024201487207,2024,201487207,2,9,0,-1,19,6,2,-1,0,4,0,0,0,0,4,9,-1,7,2,40,7,1596,1,12,FORD FOCUS,1,E01009214,0,1
2024010506183,2024,010506183,1,9,0,9,9,7,5,0,0,8,0,0,0,0,3,1,6,6,1,67,10,998,1,10,FORD FOCUS,3,E01000735,0,1
2024231489435,2024,231489435,1,9,0,-1,19,8,2,-1,0,4,0,0,1,0,1,9,-1,6,1,42,7,1596,1,21,FORD FOCUS,3,E01031176,0,3
2024010550068,2024,010550068,1,9,0,99,99,9,9,99,99,9,9,99,9,99,9,9,6,6,2,22,5,1596,1,18,FORD FOCUS,3,E01021811,0,3
2024201503119,2024,201503119,2,9,0,-1,19,5,1,-1,0,2,0,0,0,0,4,1,-1,9,2,79,11,1596,1,17,FORD FOCUS,3,E01010290,0,1
2024161490086,2024,161490086,1,9,0,-1,1,2,2,-1,0,1,0,0,0,0,2,1,-1,7,2,36,7,1560,2,10,FORD FOCUS,1,E01013210,0,1
2024991438221,2024,991438221,1,9,0,-1,19,3,5,-1,0,4,0,0,0,0,1,1,-1,6,1,63,9,1596,1,13,FORD FOCUS,9,-1,0,1
2024052402645,2024,052402645,2,9,0,18,19,4,8,0,0,1,0,0,0,0,1,1,6,6,1,34,6,1499,2,7,FORD FOCUS,1,E01006691,0,1
2024052400905,2024,052400905,1,9,0,5,5,1,5,0,0,6,0,0,0,0,1,1,6,6,2,48,8,1498,1,7,FORD FOCUS,4,E01006851,0,1
2024401429893,2024,401429893,1,9,0,-1,19,1,5,-1,0,0,0,0,0,0,1,1,-1,9,1,44,7,1560,2,11,FORD FOCUS,8,E01027141,0,4
2024461421715,2024,461421715,2,9,0,-1,19,1,7,-1,0,8,0,0,0,0,4,1,-1,9,1,20,4,1999,1,8,FORD FOCUS,8,E01016169,0,1
2024211411924,2024,211411924,1,9,0,-1,19,7,3,-1,0,0,0,0,0,0,4,1,-1,6,1,45,7,1560,2,16,FORD FOCUS,6,E01029746,0,3
2024430101018,2024,430101018,1,9,0,9,9,8,4,0,0,8,0,0,0,0,3,1,6,6,2,88,11,1596,1,22,FORD FOCUS,-1,-1,0,-1
2024101465747,2024,101465747,3,9,0,-1,19,1,5,-1,0,0,0,0,0,0,0,1,-1,9,2,23,5,1995,2,5,FORD FOCUS,3,E01008809,0,2
2024101516116,2024,101516116,1,9,-1,-1,11,3,7,-1,0,0,0,0,0,0,4,9,-1,6,1,59,9,1499,2,7,FORD FOCUS,9,E01008784,0,1
2024052400785,2024,052400785,2,9,0,18,19,7,3,0,0,0,0,0,0,0,1,1,1,1,1,33,6,1596,1,15,FORD FOCUS,1,E01007220,0,3
2024201493211,2024,201493211,1,9,0,-1,19,2,6,-1,0,0,0,0,0,0,3,1,-1,2,2,28,6,1753,2,16,FORD FOCUS,3,E01009772,0,1
2024440222389,2024,440222389,1,9,0,18,19,8,4,0,0,1,0,0,0,0,1,1,6,6,2,33,6,1499,2,7,FORD FOCUS,9,E01031532,0,1