collision_index,collision_year,collision_ref_no,vehicle_reference,vehicle_type,towing_and_articulation,vehicle_manoeuvre_historic,vehicle_manoeuvre,vehicle_direction_from,vehicle_direction_to,vehicle_location_restricted_lane_historic,vehicle_location_restricted_lane,junction_location,skidding_and_overturning,hit_object_in_carriageway,vehicle_leaving_carriageway,hit_object_off_carriageway,first_point_of_impact,vehicle_left_hand_drive,journey_purpose_of_driver_historic,journey_purpose_of_driver,sex_of_driver,age_of_driver,age_band_of_driver,engine_capacity_cc,propulsion_code,age_of_vehicle,generic_make_model,driver_imd_decile,lsoa_of_driver,escooter_flag,driver_distance_banding
2024440163487,2024,440163487,2,9,0,2,2,0,0,0,0,0,0,0,0,0,1,1,6,6,1,59,9,1560,2,10,FORD FOCUS,-1,-1,0,-1
2024131481183,2024,131481183,1,9,0,-1,19,5,7,-1,0,8,0,0,0,0,3,1,-1,6,1,37,7,1753,2,15,FORD FOCUS,4,E01011545,0,1
2024010543040,2024,010543040,1,9,0,11,11,6,2,0,0,0,0,0,0,0,1,1,2,2,1,43,7,1499,2,2,FORD FOCUS,2,E01003432,0,2
2024161417474,2024,161417474,2,9,0,-1,19,5,1,-1,0,6,0,0,7,4,1,1,-1,6,1,-1,-1,1560,2,13,FORD FOCUS,-1,-1,0,-1
2024440460835,2024,440460835,2,9,0,18,19,5,1,0,0,8,0,0,0,0,1,1,6,6,1,57,9,1596,1,10,FORD FOCUS,2,E01017343,0,1
2024351469293,2024,351469293,1,9,0,-1,9,1,5,-1,0,7,0,0,0,0,2,1,-1,2,2,32,6,1499,2,4,FORD FOCUS,6,E01021406,0,4
2024311454210,2024,311454210,2,9,0,-1,9,3,1,-1,0,2,0,0,0,0,4,9,-1,9,1,44,7,999,8,1,FORD FOCUS,-1,-1,0,-1
2024471536559,2024,471536559,1,9,0,-1,8,8,6,-1,0,1,0,0,0,0,2,1,-1,6,1,57,9,999,1,5,FORD FOCUS,3,E01020941,0,1
2024141510309,2024,141510309,2,9,0,-1,19,3,8,-1,0,0,0,0,0,0,1,9,-1,6,1,-1,-1,999,1,8,FORD FOCUS,-1,-1,0,-1
2024311425227,2024,311425227,1,9,0,-1,9,8,5,-1,0,6,0,0,0,0,1,1,-1,6,1,32,6,1560,2,13,FORD FOCUS,3,E01013932,0,3
2024010546449,2024,010546449,2,9,9,99,99,9,9,0,0,8,9,0,0,0,9,9,6,6,3,23,5,999,1,9,FORD FOCUS,3,E01003082,0,2
2024010531980,2024,010531980,1,9,0,2,2,0,0,0,0,0,0,0,0,0,2,1,6,6,3,-1,-1,1596,1,15,FORD FOCUS,-1,-1,0,-1
2024131530398,2024,131530398,1,9,0,-1,19,7,3,-1,0,0,0,0,0,0,1,1,-1,9,1,22,5,1596,1,17,FORD FOCUS,2,E01005890,0,4
2024421401369,2024,421401369,1,9,0,-1,19,3,7,-1,0,0,0,0,7,9,1,1,-1,6,1,75,10,1596,1,17,FORD FOCUS,8,E01021878,0,2
2024010544496,2024,010544496,1,9,0,9,9,6,4,0,0,8,0,0,0,0,1,1,6,6,1,37,7,1596,1,16,FORD FOCUS,7,E01002912,0,3
2024471484324,2024,471484324,2,9,0,-1,4,-1,-1,-1,4,1,0,8,0,0,4,1,-1,6,2,53,8,1596,1,12,FORD FOCUS,8,E01016903,0,1
2024471416647,2024,471416647,3,9,0,-1,19,2,6,-1,0,0,0,0,0,0,1,1,-1,6,1,24,5,998,1,11,FORD FOCUS,9,E01021161,0,2
202454B744424,2024,54B744424,1,9,0,11,11,1,5,0,0,3,0,0,0,0,0,1,6,6,2,83,11,1596,1,10,FORD FOCUS,7,E01034520,0,2
2024010538430,2024,010538430,2,9,0,4,4,3,7,0,0,0,0,0,0,0,1,1,6,6,3,-1,-1,1596,1,18,FORD FOCUS,-1,-1,0,-1
2024010510433,2024,010510433,2,9,0,99,99,9,9,99,99,9,9,99,9,99,2,9,6,6,3,-1,-1,1999,1,14,FORD FOCUS,-1,-1,0,-1
2024547378324,2024,547378324,2,9,0,18,19,6,2,0,0,1,0,0,0,0,1,1,2,2,2,60,9,1997,2,12,FORD FOCUS,5,E01031845,0,1
2024411396656,2024,411396656,2,9,0,-1,9,-1,-1,-1,0,8,0,0,0,0,4,9,-1,7,1,32,6,1596,1,16,FORD FOCUS,4,E01023772,0,1
2024010526878,2024,010526878,1,9,0,18,19,7,3,0,0,8,0,0,0,0,1,1,6,6,1,37,7,999,1,1,FORD FOCUS,3,E01004679,0,1
2024991400057,2024,991400057,1,9,0,-1,19,3,7,-1,0,0,0,0,7,11,1,1,-1,2,1,43,7,1988,1,22,FORD FOCUS,4,-1,0,3
2024501458590,2024,501458590,1,9,0,-1,19,1,5,-1,0,0,0,0,0,0,1,1,-1,6,1,28,6,1560,2,17,FORD FOCUS,4,E01020123,0,3
2024440027527,2024,440027527,2,9,0,18,19,4,8,0,0,4,0,0,7,1,4,1,6,6,1,18,4,999,1,7,FORD FOCUS,2,E01017253,0,1
2024131486121,2024,131486121,1,9,0,-1,19,6,2,-1,0,0,1,0,0,0,4,1,-1,9,1,37,7,1596,1,18,FORD FOCUS,1,E01011292,0,1
2024122500425,2024,122500425,1,9,0,18,19,8,3,0,0,8,0,0,0,0,1,1,6,6,2,37,7,1997,2,15,FORD FOCUS,1,E01012114,0,2
2024131405047,2024,131405047,1,9,0,-1,6,3,3,-1,0,1,0,0,0,0,4,1,-1,9,2,55,8,999,1,9,FORD FOCUS,7,E01011878,0,1
2024031464097,2024,031464097,2,9,0,-1,19,7,3,-1,0,0,5,0,0,0,1,9,-1,9,1,24,5,999,1,8,FORD FOCUS,7,E01019397,0,2
2024361497959,2024,361497959,1,9,0,-1,5,2,6,-1,0,6,0,0,0,0,1,1,-1,6,2,41,7,1596,1,17,FORD FOCUS,7,E01026469,0,1
2024311441602,2024,311441602,1,9,0,-1,19,1,5,-1,0,0,1,7,0,0,3,1,-1,6,1,37,7,999,1,7,FORD FOCUS,10,E01028139,0,3
2024451512413,2024,451512413,2,9,0,-1,9,1,5,-1,0,8,0,0,0,0,3,1,-1,9,2,68,10,1596,1,22,FORD FOCUS,3,E01002612,0,1
2024430315690,2024,430315690,1,9,0,18,19,8,4,0,0,1,0,0,0,0,1,1,6,6,1,-1,-1,2521,1,15,FORD FOCUS,4,E01002405,0,3
2024531508818,2024,531508818,2,9,0,-1,19,7,3,-1,0,0,0,0,0,0,0,9,-1,6,1,48,8,1499,2,3,FORD FOCUS,4,E01022240,0,2
2024010525976,2024,010525976,2,9,0,18,19,5,1,0,0,8,0,0,0,0,1,1,6,6,1,23,5,1596,1,10,FORD FOCUS,7,E01001678,0,1
202460Q144700,2024,60Q144700,2,9,0,18,19,3,7,0,0,1,0,0,0,0,1,1,1,1,1,44,7,1499,2,8,FORD FOCUS,-1,-1,0,-1
2024122400342,2024,122400342,2,9,0,4,4,7,3,0,0,0,0,0,0,0,2,1,6,6,1,46,8,999,1,5,FORD FOCUS,2,E01027872,0,1
2024161410600,2024,161410600,1,9,0,-1,7,2,1,-1,0,8,0,0,0,0,1,1,-1,2,1,23,5,1499,2,8,FORD FOCUS,2,E01035481,0,3
2024421482439,2024,421482439,2,9,0,-1,2,5,5,-1,0,1,0,4,0,0,2,1,-1,6,1,34,6,1753,2,17,FORD FOCUS,-1,-1,0,-1
2024131443890,2024,131443890,2,9,0,-1,9,3,7,-1,0,1,0,0,7,2,4,1,-1,2,1,41,7,999,1,7,FORD FOCUS,1,E01011667,0,1
2024631517236,2024,631517236,2,9,0,-1,4,5,8,-1,0,0,0,0,0,0,2,1,-1,9,1,37,7,1995,2,5,FORD FOCUS,2,W01001406,0,4
2024531483075,2024,531483075,2,9,0,-1,3,8,4,-1,0,0,0,0,0,0,2,1,-1,2,1,45,7,999,1,9,FORD FOCUS,6,E01022261,0,1
2024141446776,2024,141446776,1,9,0,-1,7,5,8,-1,0,8,0,0,0,0,1,1,-1,6,2,30,6,1596,1,19,FORD FOCUS,1,E01007320,0,2
2024311425991,2024,311425991,2,9,0,-1,7,4,7,-1,0,0,0,0,0,0,1,1,-1,6,1,20,4,999,1,6,FORD FOCUS,9,E01028332,0,1
2024010501085,2024,010501085,2,9,9,99,99,9,9,99,99,9,9,99,9,99,9,9,6,6,3,-1,-1,1499,2,8,FORD FOCUS,-1,-1,0,-1
2024421500889,2024,421500889,1,9,0,-1,7,1,7,-1,0,3,0,0,0,0,3,1,-1,6,1,45,7,1596,1,15,FORD FOCUS,2,E01021700,0,1
2024311522457,2024,311522457,2,9,0,-1,2,0,0,-1,0,0,0,0,0,0,1,1,-1,6,-1,-1,-1,1596,1,21,FORD FOCUS,-1,-1,0,-1
2024141401427,2024,141401427,2,9,0,-1,2,1,5,-1,0,0,0,0,0,0,1,2,-1,6,-1,-1,-1,1499,2,4,FORD FOCUS,-1,-1,0,-1
2024421435132,2024,421435132,2,9,0,-1,8,1,3,-1,0,2,0,0,0,0,1,1,-1,9,1,22,5,999,1,2,FORD FOCUS,5,E01015992,0,2
2024010502990,2024,010502990,1,9,0,18,19,1,5,0,0,1,0,0,0,0,1,1,6,6,1,51,8,1596,1,15,FORD FOCUS,10,E01007961,0,5
2024010539427,2024,010539427,1,9,0,99,99,9,9,0,0,9,0,0,0,0,9,9,6,6,3,41,7,1596,1,13,FORD FOCUS,4,E01000625,0,1
2024522402866,2024,522402866,2,9,0,18,19,5,1,0,0,8,0,0,0,0,1,1,6,6,1,50,8,1596,1,17,FORD FOCUS,10,E01015014,0,2
2024430535656,2024,430535656,2,9,0,18,19,1,5,0,0,3,0,0,0,0,4,1,2,2,1,68,10,1596,1,14,FORD FOCUS,5,E01032726,0,1
2024531518813,2024,531518813,1,9,0,-1,9,7,5,-1,0,5,0,0,0,0,1,1,-1,6,2,38,7,1560,2,15,FORD FOCUS,6,E01022374,0,1
2024471421199,2024,471421199,2,9,0,-1,7,3,7,-1,0,3,0,0,0,0,4,1,-1,2,2,52,8,1596,1,16,FORD FOCUS,10,E01031678,0,1
2024231413576,2024,231413576,1,9,0,-1,19,8,5,-1,0,0,0,0,0,0,1,1,-1,2,1,31,6,1596,1,17,FORD FOCUS,3,E01034737,0,2
2024421483417,2024,421483417,1,9,0,-1,12,1,5,-1,0,3,0,0,0,0,1,1,-1,9,2,57,9,1596,1,17,FORD FOCUS,9,E01021349,0,1
2024061433171,2024,061433171,1,9,0,-1,13,7,3,-1,0,1,0,0,0,0,1,1,-1,6,1,45,7,999,8,0,FORD FOCUS,2,E01005539,0,1
2024610007324,2024,610007324,1,9,0,13,13,3,7,0,0,0,1,0,0,11,1,1,2,2,1,47,8,1596,1,11,FORD FOCUS,3,W01001455,0,2
2024501501604,2024,501501604,2,9,0,-1,2,0,0,-1,0,0,0,4,0,0,3,1,-1,6,-1,-1,-1,1596,1,19,FORD FOCUS,-1,-1,0,-1
2024131526940,2024,131526940,1,9,0,-1,5,5,7,-1,0,6,0,0,0,0,1,1,-1,6,1,22,5,1560,2,13,FORD FOCUS,3,E01011229,0,1
2024131452411,2024,131452411,1,9,0,-1,19,1,5,-1,0,0,0,0,0,0,1,1,-1,6,3,-1,-1,1596,1,14,FORD FOCUS,-1,-1,0,-1
2024041453190,2024,041453190,3,9,0,-1,2,7,3,-1,0,1,0,0,0,0,1,1,-1,6,-1,-1,-1,1560,2,10,FORD FOCUS,-1,-1,0,-1
2024332400513,2024,332400513,1,8,0,-1,19,5,1,-1,0,6,0,0,7,4,1,1,-1,1,1,35,6,999,1,2,FORD FOCUS,8,E01025658,0,2
202454D593124,2024,54D593124,3,9,0,18,19,7,3,0,0,3,0,0,0,0,1,1,6,6,1,27,6,999,1,5,FORD FOCUS,5,E01015480,0,1
2024471441916,2024,471441916,1,9,0,-1,19,5,1,-1,0,1,0,0,0,0,1,1,-1,6,1,47,8,1499,2,6,FORD FOCUS,3,E01024310,0,4
2024041459214,2024,041459214,3,9,0,-1,2,0,0,-1,0,1,0,0,0,0,0,1,-1,6,-1,-1,-1,1499,2,5,FORD FOCUS,-1,-1,0,-1
2024421474936,2024,421474936,1,9,0,-1,19,7,3,-1,0,0,5,0,0,0,2,1,-1,6,2,57,9,1596,1,15,FORD FOCUS,2,E01015897,0,1
2024332400859,2024,332400859,1,9,0,-1,19,7,3,-1,0,0,0,0,0,0,4,1,-1,6,1,-1,-1,1596,1,13,FORD FOCUS,-1,-1,0,-1
2024991450578,2024,991450578,1,9,0,-1,9,7,5,-1,0,3,0,0,0,0,3,1,-1,9,1,64,9,1560,2,11,FORD FOCUS,7,E01005016,0,5
2024122400255,2024,122400255,1,9,0,17,19,1,5,0,0,0,0,0,1,10,1,1,6,6,1,26,6,1997,2,8,FORD FOCUS,1,E01027805,0,3
2024131403768,2024,131403768,1,9,0,-1,19,1,5,-1,0,0,0,0,0,0,4,1,-1,2,2,30,6,999,1,7,FORD FOCUS,2,E01032502,0,1
2024361417257,2024,361417257,2,9,0,-1,19,1,5,-1,0,1,0,0,0,0,1,1,-1,9,2,37,7,999,1,8,FORD FOCUS,4,E01026522,0,2
2024461536071,2024,461536071,2,9,0,-1,2,0,0,-1,0,0,0,0,0,0,3,1,-1,6,1,68,10,999,1,9,FORD FOCUS,10,E01024404,0,1
2024311445774,2024,311445774,1,9,0,-1,10,8,4,-1,0,1,0,0,0,0,1,1,-1,9,2,55,8,1999,1,14,FORD FOCUS,8,E01033389,0,1
2024302401243,2024,302401243,1,9,0,18,19,6,2,0,0,8,0,0,0,0,1,1,6,6,2,59,9,1997,2,13,FORD FOCUS,7,E01019700,0,2
2024010536309,2024,010536309,1,9,0,18,19,7,3,0,0,0,0,0,0,0,3,1,6,6,2,69,10,998,1,10,FORD FOCUS,7,E01001160,0,2
2024522401867,2024,522401867,1,9,0,9,9,3,1,0,0,5,0,0,0,0,3,1,6,6,1,31,6,999,1,8,FORD FOCUS,10,E01015014,0,3
2024010526302,2024,010526302,2,9,0,18,19,3,7,0,0,0,5,0,0,0,1,1,6,6,1,20,4,1596,1,14,FORD FOCUS,3,E01035695,0,1
2024201416475,2024,201416475,1,9,0,-1,7,6,8,-1,0,6,0,0,0,0,3,1,-1,6,2,40,7,1596,1,16,FORD FOCUS,1,E01009326,0,1
2024221459405,2024,221459405,2,9,0,-1,9,8,6,-1,0,5,0,0,7,1,3,1,-1,6,2,49,8,1596,1,10,FORD FOCUS,-1,-1,0,-1
2024411474806,2024,411474806,1,9,0,-1,7,4,6,-1,0,2,0,0,0,0,1,1,-1,6,1,32,6,1596,1,13,FORD FOCUS,3,E01035604,0,1
2024070397465,2024,070397465,1,9,0,3,3,5,1,0,0,4,0,0,0,0,4,1,6,6,1,44,7,1596,1,13,FORD FOCUS,9,E01018344,0,1
2024451458264,2024,451458264,1,9,0,-1,9,4,8,-1,0,5,0,0,0,0,1,1,-1,7,2,28,6,1596,1,11,FORD FOCUS,4,E01030793,0,1
2024311408581,2024,311408581,2,9,0,-1,19,1,5,-1,0,8,1,0,0,0,3,1,-1,6,2,22,5,1596,1,12,FORD FOCUS,2,E01028271,0,2
2024311512785,2024,311512785,3,9,0,-1,3,2,6,-1,0,0,0,0,0,0,4,1,-1,2,2,27,6,1499,2,8,FORD FOCUS,2,E01028304,0,1
2024070645015,2024,070645015,2,9,0,18,19,4,8,0,0,4,0,0,0,0,3,1,6,6,2,37,7,1997,2,11,FORD FOCUS,-1,-1,0,-1
2024531521237,2024,531521237,2,9,0,-1,19,7,3,-1,0,0,0,0,0,0,2,1,-1,1,2,34,6,1499,2,9,FORD FOCUS,6,E01034797,0,4
2024101517182,2024,101517182,3,9,0,-1,3,5,1,-1,0,0,0,0,1,0,2,1,-1,9,1,47,8,1560,2,15,FORD FOCUS,-1,-1,0,-1
2024131520570,2024,131520570,1,9,0,-1,19,3,7,-1,0,4,5,0,7,0,1,1,-1,6,1,29,6,1560,2,20,FORD FOCUS,5,E01011757,0,1
2024471485835,2024,471485835,2,9,0,-1,19,4,8,-1,0,8,1,0,1,0,1,1,-1,9,2,24,5,1989,1,25,FORD FOCUS,10,E01031689,0,2
2024010498668,2024,010498668,1,9,0,18,19,1,5,0,0,0,5,7,0,0,3,1,6,6,1,39,7,999,1,4,FORD FOCUS,2,E01034475,0,1
2024131517359,2024,131517359,2,9,0,-1,19,1,5,-1,0,8,0,11,0,0,1,1,-1,9,1,35,6,999,1,1,FORD FOCUS,3,E01010762,0,1
2024031425125,2024,031425125,1,9,0,-1,6,6,3,-1,-1,0,0,0,0,0,1,1,-1,9,2,55,8,1499,2,5,FORD FOCUS,2,E01019227,0,1
2024471471897,2024,471471897,1,9,0,-1,19,2,6,-1,0,0,1,0,0,0,1,1,-1,2,1,-1,-1,999,1,9,FORD FOCUS,6,E01002921,0,4
2024052402274,2024,052402274,2,9,0,9,9,1,7,0,0,1,0,0,0,0,2,1,6,6,2,32,6,999,1,2,FORD FOCUS,1,E01007215,0,1
2024991537721,2024,991537721,1,9,0,-1,14,3,7,-1,0,1,0,0,0,0,1,1,-1,6,-1,24,5,1596,1,10,FORD FOCUS,-1,-1,0,-1
2024122400062,2024,122400062,1,9,0,18,19,3,7,0,0,0,0,0,0,0,1,1,6,6,2,72,10,999,1,8,FORD FOCUS,10,E01034975,0,2
2024041520149,2024,041520149,1,9,0,-1,19,1,5,-1,0,1,1,0,7,0,1,1,-1,9,2,58,9,1596,1,18,FORD FOCUS,3,E01025376,0,1
2024231437019,2024,231437019,2,9,0,-1,10,8,6,-1,0,1,0,0,7,0,2,9,-1,9,1,91,11,999,1,7,FORD FOCUS,4,E01031032,0,1
2024471515137,2024,471515137,2,9,0,-1,2,0,0,-1,0,0,0,0,0,0,3,1,-1,6,-1,-1,-1,998,1,12,FORD FOCUS,-1,-1,0,-1
2024052400260,2024,052400260,1,9,0,18,19,2,6,0,0,1,0,0,0,0,1,1,2,2,1,61,9,1596,1,15,FORD FOCUS,1,E01006460,0,1
2024991502805,2024,991502805,5,9,0,-1,2,1,1,-1,0,0,0,0,0,0,2,9,-1,6,-1,-1,-1,1997,2,15,FORD FOCUS,-1,-1,0,-1
2024991450075,2024,991450075,1,9,0,-1,19,2,6,-1,0,0,2,0,2,0,1,1,-1,2,1,18,4,1596,1,18,FORD FOCUS,10,-1,0,1
2024421401891,2024,421401891,1,9,0,-1,19,3,7,-1,0,0,0,0,0,0,1,9,-1,6,3,-1,-1,1596,1,18,FORD FOCUS,-1,-1,0,-1
2024041516611,2024,041516611,2,9,0,-1,9,5,1,-1,0,8,0,0,1,0,2,1,-1,6,1,52,8,1498,1,7,FORD FOCUS,5,E01012667,0,1
2024430491482,2024,430491482,2,9,0,3,3,6,2,0,0,0,0,0,0,0,2,1,6,6,1,79,11,999,1,9,FORD FOCUS,4,E01032555,0,2
2024141459281,2024,141459281,1,9,0,-1,19,4,8,-1,0,0,0,0,0,0,3,1,-1,6,1,29,6,1499,2,9,FORD FOCUS,2,E01019571,0,4
2024010527493,2024,010527493,2,9,0,18,19,3,7,0,0,1,0,0,0,0,1,1,6,6,2,32,6,998,1,12,FORD FOCUS,3,E01002595,0,1
2024440165824,2024,440165824,2,9,0,2,2,0,0,0,0,0,0,0,0,0,3,1,6,6,3,-1,-1,1596,1,12,FORD FOCUS,-1,-1,0,-1
2024522401334,2024,522401334,1,9,0,9,9,6,4,0,0,8,0,0,1,10,3,1,6,6,1,42,7,1560,2,10,FORD FOCUS,8,E01032021,0,4
2024101450787,2024,101450787,1,9,0,-1,19,6,2,-1,0,0,1,0,8,0,1,1,-1,9,1,19,4,1499,2,8,FORD FOCUS,7,E01027450,0,3
2024010517149,2024,010517149,1,9,0,18,19,7,3,0,0,0,0,0,0,0,1,1,2,2,1,35,6,1596,1,20,FORD FOCUS,3,E01035285,0,3
2024161513335,2024,161513335,1,9,0,-1,2,1,5,-1,0,0,0,0,0,0,3,9,-1,9,3,-1,-1,1997,2,14,FORD FOCUS,-1,-1,0,-1
2024320022173,2024,320022173,1,9,0,13,13,6,2,0,0,0,0,0,0,0,1,1,-1,-1,2,75,10,999,1,9,FORD FOCUS,9,E01026119,0,3
2024010528385,2024,010528385,2,9,9,99,99,9,9,99,99,9,9,99,9,99,9,9,6,6,1,-1,-1,1596,1,13,FORD FOCUS,3,E01000465,0,1
2024010506054,2024,010506054,2,9,0,99,99,9,9,99,99,9,9,99,9,99,1,9,6,6,3,-1,-1,999,1,7,FORD FOCUS,-1,-1,0,-1
2024231490031,2024,231490031,2,9,0,-1,19,3,7,-1,0,8,0,0,0,0,1,9,-1,6,1,21,5,1596,1,13,FORD FOCUS,7,E01013669,0,4
2024411452862,2024,411452862,2,9,0,-1,3,8,4,-1,0,0,0,0,0,0,2,1,-1,9,2,42,7,1596,1,12,FORD FOCUS,6,E01023334,0,1
202460Q096361,2024,60Q096361,1,9,0,18,19,1,6,0,0,0,0,0,0,0,3,1,6,6,1,64,9,1499,2,9,FORD FOCUS,-1,-1,0,-1
2024161526900,2024,161526900,3,9,0,-1,2,0,0,-1,0,1,0,0,0,0,4,1,-1,6,-1,-1,-1,2261,1,4,FORD FOCUS,-1,-1,0,-1
2024131475748,2024,131475748,1,9,0,-1,4,1,5,-1,0,0,0,0,0,0,0,1,-1,6,1,-1,-1,2521,1,17,FORD FOCUS,-1,-1,0,-1
2024522500076,2024,522500076,1,9,0,17,19,2,8,0,0,8,0,10,3,11,1,1,6,6,1,19,4,1999,1,10,FORD FOCUS,8,E01014514,0,2
2024131482785,2024,131482785,2,9,0,-1,4,3,7,-1,0,0,0,0,0,0,4,1,-1,9,2,47,8,999,8,0,FORD FOCUS,3,E01010959,0,1
2024461397764,2024,461397764,1,9,0,-1,19,6,2,-1,0,0,0,0,0,0,1,1,-1,2,1,33,6,1596,1,16,FORD FOCUS,1,E01016083,0,3
2024320010478,2024,320010478,1,9,0,-1,-1,4,8,0,0,0,1,0,0,0,1,1,-1,-1,1,35,6,1560,2,16,FORD FOCUS,7,E01026208,0,3
2024548880524,2024,548880524,1,9,0,18,19,4,8,0,0,0,1,0,1,0,1,1,6,6,2,41,7,999,1,4,FORD FOCUS,6,E01031942,0,1
2024101450820,2024,101450820,2,9,0,-1,19,6,2,-1,0,1,0,0,0,0,2,1,-1,6,1,34,6,1499,2,4,FORD FOCUS,2,E01008661,0,1
2024351468634,2024,351468634,1,9,0,-1,19,1,5,-1,0,0,0,0,0,0,1,1,-1,6,1,24,5,999,1,9,FORD FOCUS,5,E01018033,0,2
2024311403517,2024,311403517,1,9,0,-1,9,1,5,-1,0,1,0,0,0,0,1,1,-1,6,2,54,8,999,1,10,FORD FOCUS,10,E01028137,0,1
2024471408133,2024,471408133,1,9,0,-1,19,3,7,-1,0,0,0,0,0,0,1,1,-1,6,1,35,6,1596,1,18,FORD FOCUS,-1,-1,0,-1
202460Q078453,2024,60Q078453,1,9,0,7,7,7,1,0,0,1,1,0,7,0,1,1,6,6,1,-1,-1,1596,1,17,FORD FOCUS,-1,-1,0,-1
2024522403110,2024,522403110,1,9,0,17,19,6,4,0,0,0,0,0,0,0,1,1,6,6,1,45,7,1753,2,16,FORD FOCUS,6,E01032073,0,4
2024010526063,2024,010526063,2,9,0,18,19,5,1,0,0,1,0,0,0,0,0,1,1,1,1,24,5,1496,1,3,FORD FOCUS,-1,-1,0,-1
2024430045774,2024,430045774,2,9,0,18,19,4,8,0,0,8,0,0,0,0,1,1,6,6,2,33,6,1596,1,21,FORD FOCUS,10,E01017871,0,1
2024351527762,2024,351527762,2,9,0,-1,3,5,1,-1,0,0,0,0,0,0,1,1,-1,6,2,23,5,1798,1,16,FORD FOCUS,9,E01018240,0,1
2024311463439,2024,311463439,1,9,0,-1,10,1,5,-1,0,1,0,0,0,0,3,1,-1,9,1,68,10,999,1,6,FORD FOCUS,5,E01027943,0,1
2024461532303,2024,461532303,1,9,0,-1,19,5,1,-1,0,0,0,0,0,0,1,1,-1,9,1,48,8,1798,1,14,FORD FOCUS,4,E01024204,0,4
2024010500169,2024,010500169,1,9,0,2,2,0,0,9,9,0,0,7,1,0,1,1,6,6,3,-1,-1,1498,1,7,FORD FOCUS,-1,-1,0,-1
2024332401059,2024,332401059,1,9,0,-1,9,3,1,-1,0,6,0,0,0,0,1,1,-1,6,1,37,7,998,1,10,FORD FOCUS,5,E01013671,0,1
2024451527259,2024,451527259,2,9,0,-1,2,0,0,-1,9,0,0,0,1,0,1,1,-1,6,-1,-1,-1,1499,2,9,FORD FOCUS,-1,-1,0,-1
2024010522847,2024,010522847,1,9,0,3,3,7,3,0,0,0,0,0,0,0,0,1,6,6,1,31,6,1496,1,3,FORD FOCUS,-1,-1,0,-1
2024061441858,2024,061441858,2,9,0,-1,-1,-1,-1,-1,-1,-1,-1,-1,-1,0,-1,1,-1,6,1,67,10,999,1,3,FORD FOCUS,1,E01006108,0,1
2024340NN3512,2024,340NN3512,2,9,0,-1,3,7,3,-1,0,1,0,0,0,0,2,1,-1,2,1,28,6,1560,2,12,FORD FOCUS,10,E01028457,0,4
2024010550438,2024,010550438,2,9,0,-1,-1,1,5,0,0,8,0,4,0,0,1,1,6,6,1,31,6,1596,1,17,FORD FOCUS,4,E01003530,0,1
202417L102424,2024,17L102424,1,9,0,18,19,8,4,0,0,1,5,0,7,10,1,1,6,6,1,18,4,1560,2,17,FORD FOCUS,-1,-1,0,-1
2024061485720,2024,061485720,1,9,0,-1,19,5,1,-1,0,1,0,0,0,0,1,1,-1,9,2,41,7,999,1,9,FORD FOCUS,8,E01005988,0,1
2024161477808,2024,161477808,2,9,0,-1,4,5,1,-1,0,0,0,0,0,0,2,1,-1,6,2,38,7,1560,2,10,FORD FOCUS,2,E01012869,0,2
2024361517204,2024,361517204,1,9,0,-1,5,3,8,-1,0,0,0,0,0,0,3,1,-1,9,2,76,11,999,1,9,FORD FOCUS,1,E01026832,0,1
2024302401030,2024,302401030,3,9,0,16,19,3,6,0,0,0,0,0,0,0,1,1,6,6,1,48,8,1596,1,9,FORD FOCUS,10,E01033532,0,1
2024201408545,2024,201408545,2,9,0,-1,4,5,1,-1,0,1,0,0,0,0,2,1,-1,6,1,48,8,1560,2,11,FORD FOCUS,7,E01009506,0,1
202417M115524,2024,17M115524,2,9,0,-1,9,6,3,-1,0,8,0,0,0,0,1,1,-1,9,1,31,6,1560,2,13,FORD FOCUS,8,E01019223,0,5
2024010521381,2024,010521381,4,9,0,18,19,5,1,9,9,1,0,0,0,0,3,1,6,6,1,30,6,1596,1,20,FORD FOCUS,3,E01000441,0,1
2024131509281,2024,131509281,1,9,0,-1,19,7,3,-1,0,8,0,0,0,0,1,1,-1,2,1,53,8,1499,2,7,FORD FOCUS,4,E01010750,0,1
2024122400777,2024,122400777,2,9,0,18,19,8,3,0,0,1,0,0,0,0,4,1,6,6,1,30,6,1499,2,8,FORD FOCUS,6,E01027775,0,3
2024552400254,2024,552400254,1,9,0,18,19,8,4,0,0,8,0,0,0,0,1,1,6,6,2,43,7,1560,2,13,FORD FOCUS,7,E01020475,0,1
2024010518334,2024,010518334,1,9,0,18,19,3,7,0,0,6,0,0,0,0,1,1,6,6,1,24,5,1499,2,8,FORD FOCUS,4,E01034369,0,1
2024471407988,2024,471407988,2,9,0,-1,9,5,1,-1,0,1,0,0,1,1,1,1,-1,9,2,80,11,1560,2,12,FORD FOCUS,8,E01021075,0,1
2024421531959,2024,421531959,2,9,0,-1,3,3,7,-1,0,0,0,0,0,0,2,1,-1,9,1,48,8,1997,2,8,FORD FOCUS,4,E01021272,0,3
2024622400640,2024,622400640,1,9,0,18,19,2,6,0,0,6,0,0,0,0,1,1,3,7,2,46,8,1596,1,15,FORD FOCUS,4,W01000764,0,1