collision_index,collision_year,collision_ref_no,vehicle_reference,vehicle_type,towing_and_articulation,vehicle_manoeuvre_historic,vehicle_manoeuvre,vehicle_direction_from,vehicle_direction_to,vehicle_location_restricted_lane_historic,vehicle_location_restricted_lane,junction_location,skidding_and_overturning,hit_object_in_carriageway,vehicle_leaving_carriageway,hit_object_off_carriageway,first_point_of_impact,vehicle_left_hand_drive,journey_purpose_of_driver_historic,journey_purpose_of_driver,sex_of_driver,age_of_driver,age_band_of_driver,engine_capacity_cc,propulsion_code,age_of_vehicle,generic_make_model,driver_imd_decile,lsoa_of_driver,escooter_flag,driver_distance_banding
2024201473017,2024,201473017,1,9,0,-1,19,1,5,-1,0,8,0,0,0,0,1,1,-1,6,1,32,6,1596,1,16,FORD FOCUS,4,E01010510,0,1
2024401460816,2024,401460816,2,9,0,-1,3,5,1,-1,0,0,0,0,0,0,3,9,-1,2,1,60,9,1596,1,13,FORD FOCUS,1,E01017466,0,1
2024302400625,2024,302400625,1,9,0,18,19,6,2,0,0,2,0,0,0,0,3,1,6,6,1,35,6,1999,1,7,FORD FOCUS,10,E01013461,0,1
202460Q182327,2024,60Q182327,1,9,0,9,9,6,4,0,0,8,0,0,0,0,1,1,6,6,1,26,6,999,1,7,FORD FOCUS,-1,-1,0,-1
2024440471539,2024,440471539,1,9,0,5,5,2,4,0,0,3,0,0,1,1,3,1,6,6,1,79,11,999,8,0,FORD FOCUS,4,E01022523,0,1
2024552401159,2024,552401159,2,9,0,18,19,2,6,0,0,8,0,0,0,0,1,1,6,6,2,63,9,1499,2,8,FORD FOCUS,7,E01020514,0,1
2024320702877,2024,320702877,2,9,0,-1,-1,6,2,0,0,0,1,0,1,9,1,1,6,6,1,51,8,1499,2,9,FORD FOCUS,3,E01026041,0,4
2024122400990,2024,122400990,3,9,0,18,19,1,5,0,0,1,0,0,0,0,1,1,6,6,1,39,7,1560,2,11,FORD FOCUS,4,E01034979,0,1
2024371466424,2024,371466424,2,9,0,-1,19,5,1,-1,0,0,0,0,7,0,3,1,-1,9,1,81,11,999,8,0,FORD FOCUS,6,E01030209,0,1
2024311428163,2024,311428163,2,9,0,-1,19,1,2,-1,0,0,0,0,0,0,1,1,-1,6,2,35,6,999,1,1,FORD FOCUS,-1,-1,0,-1
2024361442946,2024,361442946,1,9,0,-1,19,1,1,-1,0,8,0,0,0,0,1,1,-1,9,1,40,7,1596,1,19,FORD FOCUS,5,E01026738,0,4
2024052401387,2024,052401387,1,9,0,9,9,7,5,0,0,1,0,0,0,0,3,1,6,6,1,20,4,1596,1,15,FORD FOCUS,6,E01007246,0,1
2024421507919,2024,421507919,2,9,0,-1,5,1,5,-1,0,4,0,0,0,0,2,1,-1,9,2,32,6,1596,1,21,FORD FOCUS,2,E01021286,0,1
2024131432228,2024,131432228,2,9,0,-1,8,7,1,-1,0,7,0,0,0,0,2,1,-1,6,1,25,5,1499,2,8,FORD FOCUS,7,E01011688,0,1
2024461432828,2024,461432828,6,9,0,-1,3,1,1,-1,0,0,0,0,0,0,2,9,-1,6,1,32,6,1596,1,14,FORD FOCUS,5,E01024628,0,1
2024101508376,2024,101508376,1,9,0,-1,6,7,2,-1,0,0,0,0,0,0,3,1,-1,9,1,78,11,999,1,8,FORD FOCUS,1,E01008457,0,1
2024451488470,2024,451488470,2,9,0,-1,19,4,4,-1,0,0,5,0,7,0,1,1,-1,9,1,66,10,1596,1,12,FORD FOCUS,4,E01023153,0,4
2024531419140,2024,531419140,1,9,0,-1,19,4,8,-1,0,0,0,0,0,0,1,1,-1,2,1,26,6,1560,2,10,FORD FOCUS,9,E01022394,0,2
2024461428757,2024,461428757,2,9,0,-1,4,3,7,-1,0,0,0,0,0,0,1,1,-1,1,1,27,6,999,1,1,FORD FOCUS,6,E01024410,0,3
2024991478220,2024,991478220,1,9,0,-1,19,5,1,-1,0,0,0,0,0,0,0,1,-1,9,1,25,5,1999,1,11,FORD FOCUS,4,-1,0,3
2024440462434,2024,440462434,2,9,0,18,19,7,2,0,0,0,0,0,0,0,2,1,6,6,1,39,7,1499,2,6,FORD FOCUS,5,E01035459,0,3
2024471498068,2024,471498068,2,9,0,-1,19,8,4,-1,0,1,0,0,1,0,1,1,-1,6,1,32,6,1596,1,16,FORD FOCUS,3,E01003656,0,4
2024201463539,2024,201463539,1,9,0,-1,19,2,6,-1,0,0,0,0,0,0,1,9,-1,6,1,30,6,1596,1,20,FORD FOCUS,-1,-1,0,-1
2024201431639,2024,201431639,2,9,0,-1,19,6,2,-1,0,8,0,0,0,0,1,9,-1,9,1,45,7,1596,1,22,FORD FOCUS,7,E01010034,0,1
2024161527607,2024,161527607,3,9,0,-1,19,5,1,-1,0,0,0,0,0,0,2,1,-1,6,1,25,5,1499,2,9,FORD FOCUS,6,E01012961,0,2
2024010530751,2024,010530751,1,9,0,9,9,3,1,0,0,5,0,0,0,0,1,1,6,6,2,20,4,998,1,11,FORD FOCUS,-1,-1,0,-1
2024201513489,2024,201513489,4,9,0,-1,2,0,0,-1,9,0,0,0,0,0,3,1,-1,6,-1,-1,-1,998,1,12,FORD FOCUS,-1,-1,0,-1
2024351531641,2024,351531641,2,9,0,-1,6,1,5,-1,0,0,0,0,0,0,1,1,-1,9,1,20,4,1560,2,13,FORD FOCUS,3,E01018093,0,1
2024311486297,2024,311486297,1,9,0,-1,9,1,5,-1,0,1,0,0,0,0,1,1,-1,6,1,43,7,1753,2,23,FORD FOCUS,3,E01028225,0,1
2024111482644,2024,111482644,1,9,0,-1,5,2,4,-1,0,1,1,0,0,0,1,1,-1,9,1,24,5,999,1,3,FORD FOCUS,1,E01020816,0,1
2024430227079,2024,430227079,1,9,0,9,9,7,5,0,0,1,0,0,0,0,4,1,6,6,1,81,11,999,1,9,FORD FOCUS,6,E01028558,0,1
2024461461087,2024,461461087,2,9,0,-1,5,5,1,-1,0,0,0,0,0,0,2,1,-1,6,2,19,4,999,1,5,FORD FOCUS,2,E01024154,0,1
2024122401309,2024,122401309,1,9,0,18,19,8,4,0,0,2,0,0,0,0,1,1,6,6,1,38,7,1596,1,17,FORD FOCUS,6,E01034965,0,1
2024010513382,2024,010513382,2,9,0,99,99,9,9,99,99,9,9,99,9,99,2,9,6,6,2,47,8,998,1,10,FORD FOCUS,3,E01002603,0,1
2024320476355,2024,320476355,1,9,0,-1,-1,4,8,0,0,8,0,0,0,0,1,1,-1,-1,2,36,7,1596,1,17,FORD FOCUS,10,E01026189,0,1
2024501515526,2024,501515526,1,9,0,-1,19,5,1,-1,0,0,0,0,0,0,3,1,-1,6,2,51,8,1798,1,15,FORD FOCUS,4,E01018994,0,1
2024501526359,2024,501526359,2,9,0,-1,4,3,7,-1,0,0,0,0,0,0,1,1,-1,9,2,33,6,1596,1,19,FORD FOCUS,9,E01015110,0,1
2024371396953,2024,371396953,1,9,0,-1,19,6,2,-1,0,0,2,0,0,0,1,9,-1,9,1,80,11,999,1,1,FORD FOCUS,-1,-1,0,-1
2024351507419,2024,351507419,1,9,0,-1,19,1,5,-1,0,0,0,0,0,0,1,1,-1,6,1,44,7,999,1,6,FORD FOCUS,6,E01035546,0,1
2024311503734,2024,311503734,2,9,0,-1,5,1,4,-1,0,6,0,0,0,0,3,9,-1,6,2,38,7,1499,2,8,FORD FOCUS,4,E01013936,0,1
2024010532339,2024,010532339,1,9,0,18,19,1,5,0,0,8,5,0,0,0,4,1,6,6,2,25,5,1596,1,15,FORD FOCUS,5,E01001041,0,1
2024421485223,2024,421485223,2,9,0,-1,19,1,6,-1,0,0,0,0,0,0,1,1,-1,9,1,34,6,1499,2,9,FORD FOCUS,1,E01026626,0,5
2024010526848,2024,010526848,2,9,0,99,99,9,9,99,99,9,9,99,9,99,9,9,6,6,3,34,6,1596,1,11,FORD FOCUS,-1,-1,0,-1
2024440420740,2024,440420740,1,9,0,5,5,8,4,0,0,4,0,0,0,0,1,1,6,6,1,27,6,999,1,4,FORD FOCUS,-1,-1,0,-1
2024031416425,2024,031416425,3,9,0,-1,3,3,7,-1,0,2,0,0,0,0,2,1,-1,9,1,48,8,999,1,8,FORD FOCUS,1,E01019193,0,1
2024471397191,2024,471397191,1,9,0,-1,19,3,7,-1,0,0,0,0,0,0,1,1,-1,6,1,84,11,1798,1,14,FORD FOCUS,9,E01031721,0,1
2024522403118,2024,522403118,1,9,0,18,19,1,5,0,0,0,0,0,1,10,1,1,6,6,1,56,9,998,1,11,FORD FOCUS,6,E01014781,0,2
2024361551629,2024,361551629,1,9,0,-1,4,7,3,-1,0,8,0,0,0,0,4,1,-1,6,2,35,6,1499,2,6,FORD FOCUS,8,E01026470,0,1
2024522402094,2024,522402094,2,9,0,18,19,6,2,0,0,1,0,0,0,0,1,1,6,6,3,-1,-1,1596,1,12,FORD FOCUS,-1,-1,0,-1
2024070610099,2024,070610099,1,9,0,4,4,4,8,0,0,0,0,0,0,0,3,1,6,6,1,-1,-1,1596,1,11,FORD FOCUS,-1,-1,0,-1
2024461485586,2024,461485586,1,9,0,-1,19,7,3,-1,0,0,0,4,0,0,1,9,-1,9,1,44,7,1560,2,14,FORD FOCUS,4,E01024623,0,1
2024141473895,2024,141473895,1,9,0,-1,4,2,6,-1,0,1,0,0,0,0,2,1,-1,9,1,62,9,1560,2,16,FORD FOCUS,6,E01007455,0,3
2024201491617,2024,201491617,2,9,0,-1,3,1,5,-1,0,0,0,0,0,0,2,1,-1,6,1,48,8,1997,2,9,FORD FOCUS,1,E01009174,0,2
2024522403324,2024,522403324,2,9,0,18,19,5,1,0,0,0,0,0,0,0,1,1,6,6,2,33,6,1499,2,8,FORD FOCUS,6,E01019924,0,4
2024070448427,2024,070448427,1,9,0,18,19,7,3,0,0,0,0,0,0,0,0,1,3,7,2,33,6,1560,2,10,FORD FOCUS,7,E01034673,0,1
2024211433842,2024,211433842,1,9,0,-1,19,5,4,-1,0,0,0,0,0,0,1,1,-1,1,1,66,10,1596,1,17,FORD FOCUS,8,E01029865,0,1
2024411398356,2024,411398356,1,9,0,-1,5,-1,-1,-1,0,8,0,0,0,0,1,9,-1,6,2,56,9,1596,1,18,FORD FOCUS,5,E01023304,0,1
2024440182186,2024,440182186,1,9,0,18,19,7,3,0,0,1,0,0,0,0,1,1,2,2,1,61,9,1596,1,17,FORD FOCUS,6,E01017072,0,1
2024010526229,2024,010526229,2,9,0,99,99,9,9,99,99,9,9,99,9,99,9,9,6,6,3,-1,-1,1596,1,15,FORD FOCUS,-1,-1,0,-1
2024501521558,2024,501521558,1,9,0,-1,19,1,5,-1,0,0,0,0,0,0,1,1,-1,6,1,36,7,1798,1,17,FORD FOCUS,2,E01015168,0,2
2024461525727,2024,461525727,2,9,0,-1,5,5,5,-1,0,2,0,0,0,0,1,1,-1,9,1,52,8,1596,1,17,FORD FOCUS,1,E01016031,0,1
2024101505822,2024,101505822,1,9,0,-1,11,5,1,-1,0,8,0,0,0,0,4,1,-1,6,1,66,10,1560,2,10,FORD FOCUS,10,E01008619,0,2
202417M206024,2024,17M206024,2,9,0,-1,19,7,3,-1,0,0,0,0,0,0,1,1,-1,6,1,-1,-1,998,1,12,FORD FOCUS,-1,-1,0,-1
2024421526979,2024,421526979,1,9,0,-1,19,1,5,-1,9,8,0,0,7,11,1,1,-1,6,3,20,4,1596,1,19,FORD FOCUS,-1,-1,0,-1
2024010505731,2024,010505731,2,9,0,7,7,2,3,0,0,1,0,7,1,11,4,1,6,6,1,43,7,999,1,7,FORD FOCUS,3,E01035681,0,1
2024101460285,2024,101460285,3,9,0,-1,3,7,3,-1,0,8,0,0,0,0,4,1,-1,9,1,36,7,1499,2,6,FORD FOCUS,3,E01008605,0,2
2024201425431,2024,201425431,1,9,0,-1,7,6,8,-1,0,5,0,0,0,0,1,9,-1,6,3,-1,-1,1596,1,17,FORD FOCUS,-1,-1,0,-1
2024991404827,2024,991404827,1,8,0,-1,19,1,5,-1,0,0,0,0,0,0,1,2,-1,1,1,63,9,1499,2,7,FORD FOCUS,2,-1,0,1
2024131467961,2024,131467961,1,9,0,-1,5,3,7,-1,0,8,0,0,0,0,1,1,-1,2,1,31,6,1560,2,12,FORD FOCUS,2,E01011149,0,1
2024302400625,2024,302400625,2,9,0,18,19,2,6,0,0,1,0,0,0,0,0,1,6,6,1,48,8,998,1,10,FORD FOCUS,3,E01013553,0,1
2024430311828,2024,430311828,1,9,0,18,19,7,3,0,0,1,0,0,0,11,1,1,6,6,2,83,11,1596,1,13,FORD FOCUS,10,E01028823,0,1
2024010511176,2024,010511176,1,9,0,10,10,8,5,0,0,5,0,0,0,0,4,1,6,6,2,50,8,999,1,8,FORD FOCUS,4,E01003277,0,2
2024201523491,2024,201523491,2,9,0,-1,19,8,4,-1,0,0,0,0,0,0,2,9,-1,6,3,-1,-1,999,1,9,FORD FOCUS,-1,-1,0,-1
2024122500106,2024,122500106,1,9,0,18,19,1,3,0,0,0,0,0,0,0,1,1,6,6,1,76,11,1499,2,8,FORD FOCUS,9,E01027782,0,4
2024141466619,2024,141466619,1,9,0,-1,19,5,6,-1,0,0,0,0,3,4,1,1,-1,6,1,39,7,1560,2,12,FORD FOCUS,4,E01008073,0,2
2024440423452,2024,440423452,1,9,0,4,4,5,1,0,0,2,0,0,0,0,1,1,1,1,1,31,6,1499,2,8,FORD FOCUS,3,E01017228,0,1
2024421460997,2024,421460997,1,9,0,-1,19,2,6,-1,0,0,0,0,0,0,1,1,-1,2,1,24,5,1596,1,21,FORD FOCUS,7,E01021895,0,4
2024340WN4942,2024,340WN4942,2,9,0,-1,19,2,6,-1,0,1,0,0,1,0,1,1,-1,9,2,53,8,1596,1,17,FORD FOCUS,6,E01027030,0,3
2024131436435,2024,131436435,2,9,0,-1,8,1,1,-1,0,1,0,0,0,0,2,1,-1,6,1,32,6,1560,2,12,FORD FOCUS,4,E01011462,0,2
2024451435735,2024,451435735,1,9,0,-1,8,2,6,-1,0,6,0,0,0,0,3,1,-1,2,2,47,8,1596,1,18,FORD FOCUS,4,E01030400,0,1
2024302400857,2024,302400857,2,9,0,5,5,2,6,9,9,0,0,0,0,0,1,1,6,6,1,42,7,1596,1,21,FORD FOCUS,6,E01013518,0,1
2024451493115,2024,451493115,1,9,0,-1,19,5,1,-1,0,0,0,0,0,0,4,1,-1,6,2,46,8,1596,1,19,FORD FOCUS,7,E01030708,0,1
2024231454725,2024,231454725,1,9,0,-1,19,2,6,-1,0,0,1,0,5,6,3,9,-1,2,2,26,6,999,1,6,FORD FOCUS,9,E01031219,0,4
2024461417854,2024,461417854,2,9,0,-1,19,8,3,-1,0,0,0,4,0,0,1,9,-1,9,1,55,8,1499,2,5,FORD FOCUS,5,E01024561,0,4
2024201404135,2024,201404135,1,9,0,-1,19,1,5,-1,0,0,0,0,0,0,1,9,-1,6,1,23,5,1498,1,7,FORD FOCUS,1,E01010473,0,1
2024221524231,2024,221524231,1,9,0,-1,19,1,5,-1,0,0,0,0,0,0,1,9,-1,6,1,68,10,1596,1,15,FORD FOCUS,7,E01014075,0,1
2024421459187,2024,421459187,1,9,0,-1,4,1,5,-1,0,4,0,9,3,1,1,1,-1,9,2,24,5,999,1,5,FORD FOCUS,7,E01030101,0,4
2024201450753,2024,201450753,1,9,0,-1,19,5,1,-1,0,8,0,0,0,0,1,1,-1,6,1,34,6,1997,2,6,FORD FOCUS,-1,-1,0,-1
2024311436140,2024,311436140,1,9,0,-1,9,7,4,-1,0,8,0,0,0,0,4,1,-1,6,1,20,4,999,1,7,FORD FOCUS,6,E01028109,0,1
2024052401674,2024,052401674,1,9,0,18,19,6,2,0,0,1,0,0,0,0,1,1,6,6,1,24,5,1596,1,14,FORD FOCUS,-1,-1,0,-1
2024520402716,2024,520402716,3,9,0,4,4,7,3,0,0,1,0,0,0,0,1,1,6,6,1,30,6,1499,2,9,FORD FOCUS,6,E01029316,0,4
2024522403361,2024,522403361,2,9,0,7,7,2,5,0,0,4,0,0,0,0,1,1,6,6,3,-1,-1,1560,2,12,FORD FOCUS,-1,-1,0,-1
2024010551950,2024,010551950,1,9,0,8,8,3,5,4,4,6,0,0,0,0,1,9,6,6,2,-1,-1,1596,1,18,FORD FOCUS,-1,-1,0,-1
2024501472272,2024,501472272,1,9,0,-1,19,2,6,-1,0,0,0,0,0,0,4,1,-1,6,1,74,10,1798,1,17,FORD FOCUS,3,E01020005,0,1
2024061534418,2024,061534418,3,9,0,-1,4,6,2,-1,0,0,0,0,0,0,2,1,-1,9,1,31,6,1499,2,9,FORD FOCUS,4,E01031608,0,5
2024201518095,2024,201518095,2,9,0,-1,9,6,4,-1,0,5,0,0,0,0,2,1,-1,2,1,51,8,1499,2,2,FORD FOCUS,2,E01034953,0,1
2024070185617,2024,070185617,3,9,0,2,2,1,1,0,0,8,0,0,0,0,1,1,6,6,2,32,6,1596,1,10,FORD FOCUS,5,E01012478,0,1
2024461414362,2024,461414362,1,9,0,-1,19,7,2,-1,0,1,0,0,0,0,1,9,-1,6,1,69,10,1596,1,11,FORD FOCUS,4,E01024601,0,3
2024461465036,2024,461465036,2,9,0,-1,3,5,1,-1,0,1,0,0,0,0,2,1,-1,9,2,60,9,1596,1,13,FORD FOCUS,4,E01024767,0,2
2024201494200,2024,201494200,1,9,0,-1,19,6,2,-1,0,2,0,0,0,0,1,1,-1,6,1,40,7,1596,1,14,FORD FOCUS,-1,-1,0,-1
2024010500971,2024,010500971,1,9,0,9,9,8,6,0,0,3,0,0,0,0,1,1,6,6,2,26,6,1596,1,14,FORD FOCUS,5,E01003704,0,1
2024010548147,2024,010548147,2,9,0,18,19,5,1,0,0,0,0,0,0,0,0,1,2,2,1,41,7,1596,1,10,FORD FOCUS,6,E01024172,0,3
2024061488790,2024,061488790,2,9,0,-1,2,0,0,-1,0,2,0,4,0,0,2,1,-1,6,-1,-1,-1,998,1,11,FORD FOCUS,-1,-1,0,-1
2024471455507,2024,471455507,1,9,0,-1,19,6,2,-1,0,1,0,0,0,0,1,2,-1,9,2,65,9,1796,1,24,FORD FOCUS,5,E01031606,0,3
2024010505369,2024,010505369,1,9,0,9,9,3,8,0,0,8,0,0,0,0,1,1,6,6,1,22,5,1596,1,18,FORD FOCUS,2,E01003489,0,1
2024131437373,2024,131437373,1,9,0,-1,7,5,7,-1,0,0,0,0,0,0,1,1,-1,6,1,53,8,999,1,4,FORD FOCUS,1,E01011030,0,2
2024131510517,2024,131510517,2,9,0,-1,3,3,7,-1,0,8,0,0,0,0,2,1,-1,6,2,32,6,999,8,1,FORD FOCUS,4,E01011395,0,1
2024501537729,2024,501537729,2,9,0,-1,19,7,3,-1,0,0,0,0,0,0,1,1,-1,9,2,53,8,1560,2,16,FORD FOCUS,8,E01034637,0,1
2024010509884,2024,010509884,2,9,0,18,19,7,3,0,0,0,0,0,0,0,1,1,6,6,1,65,9,1596,1,11,FORD FOCUS,2,E01001462,0,1
2024991450470,2024,991450470,1,9,0,-1,19,6,1,-1,0,0,0,0,0,0,1,1,-1,2,1,41,7,999,1,7,FORD FOCUS,4,-1,0,1
2024311418265,2024,311418265,2,9,0,-1,19,7,3,-1,0,8,0,0,0,0,4,1,-1,6,1,47,8,1997,2,12,FORD FOCUS,-1,-1,0,-1
2024010516824,2024,010516824,2,9,0,18,19,1,5,0,0,8,5,0,0,0,2,1,2,2,1,30,6,1596,1,20,FORD FOCUS,5,E01003724,0,1
2024010535593,2024,010535593,2,9,0,18,19,6,2,0,0,8,0,0,0,0,1,1,6,6,1,47,8,1596,1,21,FORD FOCUS,9,E01002274,0,4
2024010532780,2024,010532780,1,9,0,99,99,9,9,99,99,9,9,99,9,99,9,9,2,2,1,33,6,1596,1,12,FORD FOCUS,4,E01001623,0,2
2024461411878,2024,461411878,2,9,0,-1,3,8,4,-1,0,1,0,0,0,0,1,9,-1,9,1,70,10,1499,2,8,FORD FOCUS,7,E01024260,0,1
2024052402858,2024,052402858,1,9,0,18,19,4,8,0,0,0,0,0,0,0,1,1,6,6,2,34,6,999,8,0,FORD FOCUS,2,E01006710,0,1
2024122400772,2024,122400772,3,9,0,2,2,0,0,0,0,0,0,0,0,0,3,1,6,6,1,44,7,1999,1,19,FORD FOCUS,7,E01013412,0,1
2024991426770,2024,991426770,2,9,0,-1,2,0,0,-1,0,2,0,0,0,0,1,2,-1,9,1,36,7,1499,2,9,FORD FOCUS,1,-1,0,2
2024991505151,2024,991505151,1,9,0,-1,19,3,7,-1,0,0,0,0,0,0,1,1,-1,9,2,27,6,999,1,8,FORD FOCUS,4,-1,0,1
2024211426087,2024,211426087,2,9,0,-1,4,1,5,-1,0,1,1,0,0,0,2,9,-1,6,1,34,6,1560,2,11,FORD FOCUS,6,E01029753,0,3
2024010533399,2024,010533399,1,9,0,7,7,6,1,0,0,5,1,0,0,0,4,9,6,6,1,27,6,1499,2,9,FORD FOCUS,4,E01030231,0,5
2024101431555,2024,101431555,1,9,0,-1,3,5,1,-1,0,8,0,0,0,0,1,1,-1,9,2,55,8,1596,1,18,FORD FOCUS,7,E01027364,0,1
2024471415468,2024,471415468,1,9,0,-1,19,7,3,-1,0,0,0,0,0,0,3,1,-1,9,2,36,7,1388,1,17,FORD FOCUS,4,E01031605,0,1
2024010539285,2024,010539285,2,9,0,99,99,9,9,0,0,9,0,0,9,0,9,9,6,6,1,54,8,2521,1,16,FORD FOCUS,4,E01015903,0,4
2024061408698,2024,061408698,2,9,0,-1,19,1,5,-1,0,0,0,0,0,0,1,1,-1,9,2,28,6,999,1,9,FORD FOCUS,1,E01005525,0,1
2024010510317,2024,010510317,1,9,5,3,3,5,1,0,0,2,0,0,0,0,3,1,2,2,1,42,7,1596,1,11,FORD FOCUS,5,E01004061,0,1
2024421526800,2024,421526800,1,9,0,-1,19,1,5,-1,0,0,0,0,0,0,1,1,-1,2,2,59,9,998,1,12,FORD FOCUS,7,E01021608,0,3
2024010506043,2024,010506043,2,9,0,4,4,5,1,0,0,0,0,0,0,0,2,1,6,6,1,34,6,1596,1,13,FORD FOCUS,4,E01024162,0,3
2024070081284,2024,070081284,1,9,0,9,9,5,1,0,0,1,0,0,0,0,1,1,2,2,1,32,6,1560,2,20,FORD FOCUS,7,E01029764,0,3
2024201509710,2024,201509710,2,9,0,-1,5,3,7,-1,0,4,0,0,0,0,3,1,-1,2,1,30,6,1596,1,19,FORD FOCUS,2,E01009740,0,3
2024201461744,2024,201461744,1,9,0,-1,19,6,2,-1,0,8,0,4,6,11,1,1,-1,6,1,40,7,999,1,6,FORD FOCUS,5,E01009253,0,1
2024340WN6512,2024,340WN6512,2,9,0,-1,19,7,3,-1,0,0,0,0,0,0,1,1,-1,9,2,44,7,1560,2,10,FORD FOCUS,10,E01025799,0,2
2024302401274,2024,302401274,1,9,0,5,5,5,8,0,0,4,0,0,0,0,1,1,2,2,1,38,7,1596,1,15,FORD FOCUS,5,E01013542,0,3
2024302400956,2024,302400956,2,9,0,18,19,4,8,0,0,1,0,0,0,0,1,1,6,6,1,55,8,1560,2,11,FORD FOCUS,8,E01019840,0,1
2024421414544,2024,421414544,2,9,0,-1,19,1,5,-1,0,0,0,0,0,0,1,9,-1,6,2,28,6,1596,1,18,FORD FOCUS,6,E01021794,0,1
2024451439468,2024,451439468,1,9,0,-1,19,5,1,-1,0,0,0,4,1,0,1,1,-1,6,1,33,6,1560,2,17,FORD FOCUS,-1,-1,0,-1
2024340WN4492,2024,340WN4492,2,9,0,-1,5,3,5,-1,0,1,0,0,0,0,2,1,-1,2,2,45,7,999,1,8,FORD FOCUS,10,E01027287,0,1
2024311403589,2024,311403589,1,9,0,-1,19,1,5,-1,0,1,1,0,3,0,1,1,-1,6,1,20,4,1596,1,13,FORD FOCUS,1,E01007790,0,2
2024010507801,2024,010507801,1,9,0,99,99,9,9,99,99,0,9,99,9,99,9,9,6,6,2,35,6,1596,1,14,FORD FOCUS,2,E01001076,0,2
2024131394450,2024,131394450,1,9,0,-1,19,5,1,-1,0,0,0,0,0,0,1,1,-1,6,1,40,7,1499,2,8,FORD FOCUS,3,E01011100,0,3
2024622400106,2024,622400106,1,9,0,5,5,3,7,0,0,4,0,0,0,0,1,1,6,6,1,25,5,1596,1,13,FORD FOCUS,1,W01001696,0,1
2024430257513,2024,430257513,1,9,0,7,7,3,7,0,0,0,0,0,0,0,1,1,6,6,1,86,11,1560,2,9,FORD FOCUS,3,E01028452,0,1
2024471471505,2024,471471505,4,9,0,-1,2,1,5,-1,0,1,0,0,0,0,0,1,-1,1,1,23,5,1995,2,1,FORD FOCUS,5,E01031818,0,3
2024131469858,2024,131469858,2,9,0,-1,19,1,1,-1,0,2,0,0,0,0,1,1,-1,6,1,21,5,999,1,5,FORD FOCUS,9,E01010642,0,3
2024070625973,2024,070625973,1,9,0,16,19,4,8,0,0,0,0,0,0,0,1,1,6,6,1,31,6,1560,2,12,FORD FOCUS,3,E01018710,0,1
2024122401069,2024,122401069,2,9,0,2,2,0,0,0,0,0,0,0,1,0,3,1,6,6,3,-1,-1,999,1,8,FORD FOCUS,-1,-1,0,-1
2024471479360,2024,471479360,2,9,0,-1,19,4,2,-1,0,8,0,0,0,0,4,1,-1,9,2,24,5,999,1,8,FORD FOCUS,3,E01031358,0,3
2024320345021,2024,320345021,1,9,0,-1,-1,6,2,0,0,0,0,0,0,0,1,1,-1,-1,1,38,7,999,1,9,FORD FOCUS,3,E01034681,0,1
2024111401505,2024,111401505,1,9,0,-1,9,7,5,-1,0,1,0,0,0,0,4,1,-1,6,1,30,6,1596,1,24,FORD FOCUS,-1,-1,0,-1
2024991473033,2024,991473033,2,9,0,-1,19,1,5,-1,0,1,0,0,7,11,1,1,-1,6,1,49,8,2261,1,1,FORD FOCUS,6,-1,0,1
2024631427291,2024,631427291,1,9,0,-1,12,6,2,-1,0,0,0,0,7,2,1,1,-1,1,1,68,10,999,8,1,FORD FOCUS,8,W01000649,0,1
2024221457752,2024,221457752,1,9,0,-1,14,5,1,-1,0,8,0,0,0,0,3,1,-1,6,2,31,6,1560,2,11,FORD FOCUS,6,E01032360,0,1
2024010550875,2024,010550875,3,9,0,18,19,7,3,0,0,0,0,0,0,0,2,1,6,6,1,23,5,999,1,4,FORD FOCUS,-1,-1,0,-1
2024520003139,2024,520003139,1,9,0,16,19,-1,-1,0,0,0,0,0,0,0,1,1,6,6,2,60,9,1596,1,14,FORD FOCUS,8,E01014442,0,1
2024361411410,2024,361411410,4,9,0,-1,19,6,2,-1,0,0,0,0,0,0,1,1,-1,2,1,40,7,1560,2,14,FORD FOCUS,7,E01026919,0,1
2024440211877,2024,440211877,2,9,0,18,19,7,3,0,0,1,0,0,0,0,1,1,2,2,1,53,8,1596,1,19,FORD FOCUS,-1,-1,0,-1
2024501495847,2024,501495847,2,9,0,-1,9,8,6,-1,0,8,0,0,0,0,4,1,-1,1,1,47,8,1999,1,8,FORD FOCUS,6,E01034634,0,1
2024451477906,2024,451477906,2,9,0,-1,19,5,1,-1,0,0,0,0,0,0,1,1,-1,9,1,27,6,1499,2,2,FORD FOCUS,10,E01030641,0,2
2024461494405,2024,461494405,1,9,0,-1,4,7,3,-1,0,0,0,0,0,0,2,1,-1,9,1,31,6,999,1,5,FORD FOCUS,5,E01018382,0,5
2024201514257,2024,201514257,1,9,0,-1,6,5,2,-1,0,0,0,0,0,0,1,1,-1,9,1,73,10,999,1,9,FORD FOCUS,10,E01010386,0,1
2024471505649,2024,471505649,2,9,0,-1,19,7,3,-1,0,0,0,0,1,0,3,1,-1,9,1,27,6,1596,1,12,FORD FOCUS,5,E01031551,0,2
2024371526663,2024,371526663,1,9,0,-1,19,8,4,-1,0,2,0,0,0,0,4,1,-1,1,2,32,6,1560,2,10,FORD FOCUS,5,E01030201,0,4