collision_index,collision_year,collision_ref_no,vehicle_reference,vehicle_type,towing_and_articulation,vehicle_manoeuvre_historic,vehicle_manoeuvre,vehicle_direction_from,vehicle_direction_to,vehicle_location_restricted_lane_historic,vehicle_location_restricted_lane,junction_location,skidding_and_overturning,hit_object_in_carriageway,vehicle_leaving_carriageway,hit_object_off_carriageway,first_point_of_impact,vehicle_left_hand_drive,journey_purpose_of_driver_historic,journey_purpose_of_driver,sex_of_driver,age_of_driver,age_band_of_driver,engine_capacity_cc,propulsion_code,age_of_vehicle,generic_make_model,driver_imd_decile,lsoa_of_driver,escooter_flag,driver_distance_banding
2024101436013,2024,101436013,1,9,0,-1,3,1,5,-1,0,0,0,0,0,0,1,9,-1,2,2,35,6,999,1,7,FORD FOCUS,5,E01008811,0,1
2024201476362,2024,201476362,2,9,0,-1,10,6,2,-1,0,1,0,0,0,0,2,9,-1,2,1,36,7,999,1,2,FORD FOCUS,2,E01009499,0,3
2024421523765,2024,421523765,2,9,0,-1,19,4,8,-1,0,0,0,0,0,0,2,1,-1,9,1,38,7,1596,1,13,FORD FOCUS,2,E01021488,0,1
2024010545031,2024,010545031,2,9,0,18,19,5,1,0,0,0,0,0,0,0,2,1,2,2,1,50,8,1596,1,11,FORD FOCUS,9,E01030642,0,2
2024401422676,2024,401422676,2,9,0,-1,19,2,6,-1,0,0,0,0,7,9,1,1,-1,1,1,56,9,1596,1,18,FORD FOCUS,2,E01017472,0,3
2024201428783,2024,201428783,1,9,0,-1,19,8,4,-1,0,0,0,0,0,0,1,1,-1,9,1,65,9,1560,2,10,FORD FOCUS,1,E01009935,0,2
2024411540775,2024,411540775,1,9,0,-1,19,2,6,-1,0,1,0,0,0,0,1,1,-1,1,1,52,8,1499,2,6,FORD FOCUS,7,E01003647,0,4
2024161502507,2024,161502507,1,9,0,-1,19,1,5,-1,0,0,0,0,0,0,1,9,-1,6,1,25,5,1560,2,10,FORD FOCUS,1,E01012874,0,1
2024991522368,2024,991522368,1,9,0,-1,19,3,2,-1,0,6,0,0,0,0,3,1,-1,9,2,23,5,998,1,11,FORD FOCUS,2,-1,0,1
2024070025812,2024,070025812,3,9,0,18,19,4,8,0,0,7,0,0,0,0,2,1,6,6,2,24,5,999,1,3,FORD FOCUS,6,E01006423,0,2
202454B134124,2024,54B134124,1,9,0,18,19,4,1,0,0,0,0,0,0,0,1,1,6,6,1,45,7,1753,2,20,FORD FOCUS,4,E01032104,0,1
2024161444289,2024,161444289,2,9,0,-1,19,1,5,-1,0,2,0,0,0,0,1,2,-1,6,2,38,7,1560,2,10,FORD FOCUS,1,E01013284,0,1
2024010505512,2024,010505512,1,9,0,18,19,1,5,0,0,0,0,0,0,0,2,1,6,6,1,25,5,999,1,9,FORD FOCUS,5,E01001142,0,2
2024010532218,2024,010532218,2,9,0,99,99,9,9,99,99,9,9,99,9,99,1,9,6,6,3,-1,-1,1596,1,17,FORD FOCUS,2,E01003239,0,1
2024471467741,2024,471467741,1,9,0,-1,9,7,5,-1,0,8,0,0,0,0,1,1,-1,6,2,68,10,999,1,7,FORD FOCUS,6,E01031407,0,1
2024161498334,2024,161498334,2,9,0,-1,4,4,8,-1,0,1,0,0,0,0,2,1,-1,6,1,61,9,1596,1,14,FORD FOCUS,7,E01032596,0,1
2024461530178,2024,461530178,2,9,0,-1,19,2,5,-1,0,8,0,0,0,0,3,1,-1,9,1,26,6,1560,2,13,FORD FOCUS,8,E01024255,0,3
2024010508246,2024,010508246,1,9,0,7,7,5,8,0,0,1,0,0,0,0,3,1,6,6,1,24,5,999,1,5,FORD FOCUS,5,E01002492,0,1
2024211506462,2024,211506462,2,9,0,-1,2,7,6,-1,0,0,1,0,0,0,0,1,-1,9,1,38,7,1753,2,17,FORD FOCUS,-1,-1,0,-1
2024201405598,2024,201405598,1,9,0,-1,19,8,4,-1,0,5,0,0,0,0,1,9,-1,1,1,40,7,999,1,6,FORD FOCUS,9,E01010384,0,1
2024320731486,2024,320731486,1,9,0,-1,-1,4,8,0,0,4,0,0,0,0,3,1,-1,-1,1,40,7,1560,2,12,FORD FOCUS,4,E01026036,0,1
2024031475726,2024,031475726,1,9,0,-1,19,7,3,-1,0,0,0,0,0,0,1,1,-1,9,1,33,6,1560,2,12,FORD FOCUS,6,E01019385,0,1
2024010537591,2024,010537591,2,9,0,2,2,0,0,0,0,2,0,0,0,0,2,1,6,6,3,-1,-1,999,1,4,FORD FOCUS,-1,-1,0,-1
2024201444439,2024,201444439,1,9,0,-1,7,6,8,-1,0,2,0,0,0,0,1,1,-1,6,1,60,9,1596,1,19,FORD FOCUS,-1,-1,0,-1
2024531401564,2024,531401564,1,9,0,-1,9,3,7,-1,0,6,0,0,0,0,1,1,-1,2,1,24,5,1560,2,13,FORD FOCUS,8,E01031960,0,4
2024221415800,2024,221415800,2,9,0,-1,19,7,3,-1,0,8,0,0,0,0,4,9,-1,2,2,55,8,1498,1,7,FORD FOCUS,10,E01032151,0,1
2024631411273,2024,631411273,1,9,0,-1,19,2,6,-1,0,0,2,0,2,4,1,1,-1,6,1,26,6,1498,1,9,FORD FOCUS,4,W01000685,0,2
2024131557261,2024,131557261,2,9,0,-1,19,3,7,-1,0,8,0,0,0,0,1,1,-1,9,2,43,7,1596,1,14,FORD FOCUS,1,E01011618,0,1
2024461477889,2024,461477889,1,9,0,-1,5,7,8,-1,0,6,0,0,0,0,1,1,-1,6,1,67,10,1388,1,25,FORD FOCUS,4,E01024694,0,1
2024201497999,2024,201497999,2,9,0,-1,7,8,2,-1,0,3,0,0,0,0,1,9,-1,6,1,25,5,1596,1,19,FORD FOCUS,-1,-1,0,-1
2024622400438,2024,622400438,1,9,0,18,19,6,2,0,0,1,0,0,0,0,1,1,6,6,1,29,6,2521,1,17,FORD FOCUS,3,W01001140,0,2
2024543395024,2024,543395024,11,9,0,18,19,4,8,0,0,0,1,0,1,10,1,1,6,6,1,26,6,999,1,4,FORD FOCUS,9,E01016544,0,4
2024421450875,2024,421450875,1,9,0,-1,11,7,3,-1,0,1,0,0,0,0,4,1,-1,9,1,57,9,998,1,10,FORD FOCUS,5,E01021707,0,1
2024131418793,2024,131418793,2,9,0,-1,2,0,0,-1,0,1,0,4,0,0,2,1,-1,6,-1,-1,-1,1596,1,15,FORD FOCUS,-1,-1,0,-1
2024141422964,2024,141422964,1,9,0,-1,19,7,2,-1,0,4,0,0,0,0,1,1,-1,6,1,26,6,1596,1,17,FORD FOCUS,2,E01007535,0,1
2024461439996,2024,461439996,2,9,0,-1,19,5,1,-1,0,0,0,0,0,0,1,9,-1,6,1,62,9,998,1,10,FORD FOCUS,6,E01024436,0,1
2024440199894,2024,440199894,1,9,0,18,19,2,6,0,0,2,0,0,0,0,1,1,6,6,2,28,6,998,1,11,FORD FOCUS,5,E01022810,0,1
2024401506860,2024,401506860,1,9,0,-1,6,5,7,-1,0,0,0,0,0,0,4,9,-1,9,1,37,7,998,1,11,FORD FOCUS,10,E01018121,0,4
2024421407189,2024,421407189,3,9,0,-1,19,4,7,-1,0,0,0,0,0,0,2,1,-1,9,1,54,8,1596,1,14,FORD FOCUS,6,E01015814,0,1
2024461418073,2024,461418073,2,9,0,-1,4,4,6,-1,0,0,0,0,0,0,2,9,-1,2,2,37,7,1499,2,6,FORD FOCUS,5,E01024038,0,2
2024461433960,2024,461433960,2,9,0,-1,19,6,2,-1,0,8,0,0,0,0,1,1,-1,9,1,23,5,1560,2,13,FORD FOCUS,5,E01024243,0,2
2024010522601,2024,010522601,1,9,0,9,9,5,3,0,0,8,0,0,0,0,4,1,6,6,1,40,7,999,1,9,FORD FOCUS,2,E01001078,0,2
2024052402323,2024,052402323,1,9,0,9,9,5,3,0,0,8,0,0,0,0,1,1,6,6,1,76,11,1796,1,24,FORD FOCUS,5,E01033095,0,1
2024421495252,2024,421495252,1,9,0,-1,19,5,1,-1,0,4,0,0,0,0,1,1,-1,6,2,-1,-1,1596,1,20,FORD FOCUS,-1,-1,0,-1
2024371470818,2024,371470818,2,9,0,-1,19,5,1,-1,0,8,0,0,0,0,1,1,-1,2,1,21,5,1596,1,20,FORD FOCUS,7,E01029942,0,1
2024031445011,2024,031445011,2,9,0,-1,4,5,1,-1,0,0,0,0,0,0,2,1,-1,9,1,28,6,1999,1,11,FORD FOCUS,6,E01019385,0,4
2024101426005,2024,101426005,1,9,0,-1,19,1,5,-1,0,1,0,0,0,0,4,1,-1,2,2,50,8,1999,1,11,FORD FOCUS,2,E01027443,0,2
2024101515073,2024,101515073,1,9,0,-1,19,3,7,-1,0,0,0,0,0,0,4,9,-1,6,3,-1,-1,999,1,5,FORD FOCUS,-1,-1,0,-1
2024122400107,2024,122400107,1,9,0,16,19,7,3,0,0,0,0,0,0,0,1,1,6,6,1,57,9,1499,2,2,FORD FOCUS,10,E01011701,0,4
2024201442258,2024,201442258,2,9,0,-1,19,2,5,-1,0,0,0,0,0,0,1,1,-1,6,1,30,6,1596,1,15,FORD FOCUS,-1,-1,0,-1
2024141439358,2024,141439358,1,9,0,-1,19,1,5,-1,0,1,0,0,0,0,3,1,-1,6,1,82,11,1560,2,13,FORD FOCUS,6,E01007586,0,1
2024311403598,2024,311403598,1,9,0,-1,9,1,7,-1,0,8,0,0,0,0,1,1,-1,9,1,22,5,1999,1,9,FORD FOCUS,3,E01028028,0,1
2024461494772,2024,461494772,1,9,0,-1,19,5,8,-1,0,4,1,0,0,0,1,1,-1,1,1,28,6,1596,1,9,FORD FOCUS,5,E01003186,0,4
2024010507555,2024,010507555,3,9,0,4,4,5,1,0,0,2,0,4,0,0,1,1,6,6,1,66,10,1596,1,16,FORD FOCUS,2,E01000079,0,1
2024501425192,2024,501425192,1,9,0,-1,19,3,7,-1,0,8,0,0,0,0,1,1,-1,6,1,33,6,1596,1,18,FORD FOCUS,4,E01018922,0,1
2024501443469,2024,501443469,2,9,0,-1,19,2,4,-1,0,8,0,0,0,0,1,1,-1,2,1,27,6,1753,2,15,FORD FOCUS,8,E01019929,0,2
2024061399558,2024,061399558,1,9,0,-1,19,8,4,-1,0,0,0,0,0,0,1,1,-1,9,2,41,7,1798,1,14,FORD FOCUS,2,E01006329,0,1
2024421531588,2024,421531588,1,9,0,-1,-1,-1,-1,-1,-1,0,-1,-1,-1,0,-1,9,-1,6,1,-1,-1,1560,2,14,FORD FOCUS,-1,-1,0,-1
2024461457749,2024,461457749,2,9,0,-1,19,1,5,-1,0,0,1,0,7,0,3,1,-1,6,1,59,9,1498,1,8,FORD FOCUS,8,E01024744,0,2
2024549464224,2024,549464224,1,9,0,9,9,5,3,0,0,8,0,0,0,0,4,1,6,6,1,19,4,1596,1,13,FORD FOCUS,1,E01015542,0,1
2024201474996,2024,201474996,2,9,0,-1,9,6,4,-1,0,6,0,0,0,0,3,9,-1,6,1,31,6,1596,1,16,FORD FOCUS,6,E01010165,0,3
2024340NN4562,2024,340NN4562,1,9,0,-1,5,3,7,-1,0,1,0,0,0,0,1,1,-1,6,2,23,5,1560,2,10,FORD FOCUS,8,E01035415,0,1
2024332400012,2024,332400012,1,9,0,-1,19,4,8,-1,0,0,0,0,0,0,1,1,-1,9,2,52,8,1560,2,13,FORD FOCUS,8,E01025658,0,4
2024122401166,2024,122401166,2,9,0,18,19,1,5,0,0,0,0,0,0,0,2,1,2,2,1,52,8,999,1,1,FORD FOCUS,8,E01012294,0,4
2024010537201,2024,010537201,1,9,0,2,2,0,0,4,4,1,0,0,0,0,4,1,6,6,3,-1,-1,1596,1,12,FORD FOCUS,-1,-1,0,-1
2024201436989,2024,201436989,1,9,0,-1,19,3,7,-1,0,8,0,0,0,0,2,9,-1,6,2,-1,-1,1560,2,12,FORD FOCUS,-1,-1,0,-1
2024131463922,2024,131463922,2,9,0,-1,19,7,3,-1,0,8,0,0,0,0,1,1,-1,9,1,38,7,1596,1,15,FORD FOCUS,6,E01011883,0,1
2024421428876,2024,421428876,1,9,0,-1,9,7,4,-1,0,0,0,0,0,0,1,1,-1,9,2,43,7,1560,2,12,FORD FOCUS,8,E01021607,0,3
2024991499563,2024,991499563,1,9,0,-1,9,7,3,-1,0,5,0,0,0,0,4,1,-1,9,2,48,8,1560,2,13,FORD FOCUS,2,-1,0,2
2024440260814,2024,440260814,1,9,0,17,19,1,6,0,0,0,1,0,1,9,1,1,6,6,1,32,6,2521,1,15,FORD FOCUS,4,E01017334,0,2
2024010548302,2024,010548302,1,9,0,99,99,9,9,99,99,9,9,99,9,99,2,9,6,6,2,57,9,999,8,1,FORD FOCUS,7,E01000981,0,1
2024401433428,2024,401433428,3,9,0,-1,5,7,3,-1,0,0,0,0,0,0,0,1,-1,6,-1,49,8,1596,1,13,FORD FOCUS,4,E01017476,0,1
2024991506092,2024,991506092,1,9,0,-1,15,3,7,-1,0,1,0,0,0,0,1,1,-1,6,1,37,7,1596,1,14,FORD FOCUS,1,-1,0,1
2024340WN0872,2024,340WN0872,3,9,0,-1,3,6,2,-1,0,0,0,0,0,0,4,1,-1,6,1,27,6,1596,1,15,FORD FOCUS,10,E01018285,0,4
2024440178336,2024,440178336,1,9,0,12,12,6,2,0,0,0,0,0,0,0,4,1,6,6,1,79,11,1596,1,18,FORD FOCUS,5,E01022810,0,4
2024211498808,2024,211498808,2,9,0,-1,9,3,7,-1,0,1,0,0,0,0,0,1,-1,6,2,66,10,1596,1,13,FORD FOCUS,-1,-1,0,-1
2024371402166,2024,371402166,2,9,0,-1,19,7,7,-1,0,0,0,0,0,0,2,9,-1,9,1,30,6,999,1,4,FORD FOCUS,5,E01030138,0,1
202460Q083015,2024,60Q083015,1,9,0,9,9,2,7,0,0,5,0,0,0,0,1,1,6,6,1,75,10,1596,1,24,FORD FOCUS,-1,-1,0,-1
2024101531090,2024,101531090,2,9,-1,-1,-1,4,8,-1,0,0,0,0,0,0,-1,9,-1,6,1,39,7,999,1,10,FORD FOCUS,2,E01008263,0,2
2024451439538,2024,451439538,2,9,0,-1,19,5,1,-1,0,8,0,0,0,0,4,1,-1,9,1,34,6,1596,1,16,FORD FOCUS,4,E01002598,0,1
2024311473058,2024,311473058,2,9,0,-1,15,3,7,-1,0,1,0,0,0,0,1,1,-1,9,1,35,6,1499,2,7,FORD FOCUS,1,E01028001,0,2
2024010546897,2024,010546897,1,9,0,4,4,7,3,0,0,2,0,0,0,0,1,1,6,6,3,-1,-1,1498,1,8,FORD FOCUS,-1,-1,0,-1
2024461519672,2024,461519672,2,9,0,-1,19,1,4,-1,0,1,0,0,0,0,1,1,-1,9,2,21,5,1596,1,15,FORD FOCUS,5,E01024010,0,4
2024041429582,2024,041429582,1,9,0,-1,19,6,2,-1,0,8,0,0,0,0,1,1,-1,2,1,31,6,1499,2,7,FORD FOCUS,8,E01004984,0,4
2024501533191,2024,501533191,2,9,0,-1,19,5,1,-1,0,1,0,0,0,0,1,1,-1,9,2,37,7,1596,1,14,FORD FOCUS,4,E01018994,0,2
2024052402011,2024,052402011,1,9,0,11,11,6,2,0,0,1,0,0,0,0,1,1,6,6,2,-1,-1,999,1,7,FORD FOCUS,-1,-1,0,-1
2024440120799,2024,440120799,3,9,0,18,19,3,7,0,0,1,0,0,0,0,1,1,6,6,1,47,8,2521,1,17,FORD FOCUS,10,E01022972,0,1
2024161470976,2024,161470976,1,9,0,-1,7,5,3,-1,0,0,0,0,7,1,1,1,-1,9,1,26,6,1999,1,8,FORD FOCUS,6,E01033296,0,3
2024061422080,2024,061422080,2,9,0,-1,4,7,3,-1,0,0,0,0,0,0,2,1,-1,6,2,33,6,1499,2,9,FORD FOCUS,1,E01005422,0,2
2024231477332,2024,231477332,2,9,0,-1,19,6,2,-1,0,0,1,0,0,0,1,1,-1,6,1,66,10,1560,2,13,FORD FOCUS,5,E01009580,0,3
2024161502941,2024,161502941,5,9,0,-1,2,0,0,-1,0,1,0,0,0,0,1,1,-1,6,-1,-1,-1,1499,2,9,FORD FOCUS,-1,-1,0,-1
2024031512459,2024,031512459,1,9,0,-1,19,3,8,-1,0,0,5,0,0,0,1,1,-1,9,2,57,9,1499,2,8,FORD FOCUS,5,E01019225,0,1
2024041416358,2024,041416358,2,9,0,-1,2,1,5,-1,9,0,0,0,0,0,2,1,-1,6,-1,-1,-1,1596,1,13,FORD FOCUS,-1,-1,0,-1
2024111437247,2024,111437247,1,9,0,-1,19,1,4,-1,0,4,0,0,0,0,1,1,-1,6,1,25,5,1499,2,9,FORD FOCUS,2,E01020606,0,1
202460Q038285,2024,60Q038285,1,9,0,16,19,8,3,0,0,2,0,0,0,0,1,1,6,6,1,56,9,1560,2,10,FORD FOCUS,-1,-1,0,-1
2024461441373,2024,461441373,3,9,0,-1,19,7,3,-1,0,0,0,0,0,0,2,1,-1,2,1,53,8,999,1,7,FORD FOCUS,4,E01016116,0,3
2024522402934,2024,522402934,2,9,0,5,5,1,5,0,0,7,0,0,0,0,3,1,6,6,1,25,5,999,1,9,FORD FOCUS,2,E01014828,0,4
2024991418923,2024,991418923,2,9,0,-1,9,5,3,-1,0,8,0,0,0,0,3,1,-1,6,2,34,6,1560,2,12,FORD FOCUS,7,-1,0,1
2024061478529,2024,061478529,3,9,0,-1,19,3,7,-1,0,0,0,0,0,0,2,1,-1,9,1,27,6,1999,1,9,FORD FOCUS,8,E01006345,0,2
2024131528473,2024,131528473,3,9,0,-1,15,1,5,-1,0,0,0,0,0,0,1,1,-1,2,2,47,8,1560,2,15,FORD FOCUS,1,E01011747,0,1
2024010499015,2024,010499015,1,9,0,9,9,1,7,0,0,1,0,10,1,2,1,1,6,6,1,34,6,1596,1,16,FORD FOCUS,6,E01000582,0,2
2024101529654,2024,101529654,1,9,0,-1,7,3,1,-1,0,0,0,0,0,0,4,1,-1,6,2,50,8,1560,2,9,FORD FOCUS,2,E01020668,0,3
2024161461112,2024,161461112,1,9,0,-1,19,7,3,-1,0,1,0,7,0,0,2,1,-1,6,2,38,7,1499,2,6,FORD FOCUS,4,E01013314,0,3
2024520403404,2024,520403404,2,9,0,18,19,4,8,0,0,0,0,0,0,0,1,1,6,6,2,27,6,1997,2,7,FORD FOCUS,10,E01035124,0,1
2024440015480,2024,440015480,2,9,0,18,19,7,3,0,0,1,0,10,0,0,3,1,3,7,2,42,7,1596,1,16,FORD FOCUS,5,E01022666,0,2
2024311500430,2024,311500430,1,9,0,-1,19,1,5,-1,0,1,0,0,0,0,1,1,-1,2,1,27,6,1596,1,18,FORD FOCUS,-1,-1,0,-1
2024522402566,2024,522402566,2,9,0,7,7,4,6,0,0,6,0,0,0,0,1,1,6,6,1,31,6,1498,1,8,FORD FOCUS,8,E01014847,0,2
2024320310473,2024,320310473,1,9,0,9,9,6,5,0,0,6,0,0,0,0,3,1,6,6,2,69,10,998,1,12,FORD FOCUS,8,E01026222,0,1
2024201514443,2024,201514443,2,9,0,-1,10,5,3,-1,0,8,0,0,0,0,1,1,-1,6,1,68,10,1753,2,17,FORD FOCUS,8,W01000011,0,5
2024071073197,2024,071073197,1,9,0,-1,19,1,5,-1,0,0,0,0,0,0,1,1,-1,9,1,40,7,1796,1,21,FORD FOCUS,5,E01032726,0,5
2024141519892,2024,141519892,1,9,0,-1,19,4,8,-1,0,1,0,0,2,2,1,1,-1,9,1,43,7,2521,1,15,FORD FOCUS,2,E01008029,0,2
2024211431656,2024,211431656,1,9,0,-1,19,2,8,-1,0,6,0,0,0,0,1,1,-1,6,1,38,7,1997,2,7,FORD FOCUS,3,E01014296,0,1
2024440008533,2024,440008533,2,9,0,16,19,1,4,0,0,8,0,0,0,0,1,1,6,6,2,-1,-1,1498,1,7,FORD FOCUS,-1,-1,0,-1
2024520402582,2024,520402582,1,9,0,18,19,4,7,0,0,0,0,0,0,0,1,1,6,6,1,22,5,1596,1,15,FORD FOCUS,4,E01018754,0,5
2024010548904,2024,010548904,1,9,0,5,5,3,7,0,0,1,0,0,0,0,1,1,6,6,2,67,10,998,1,10,FORD FOCUS,7,E01003764,0,1
2024461480089,2024,461480089,1,9,0,-1,5,1,6,-1,0,6,0,0,0,0,3,1,-1,9,2,58,9,1560,2,13,FORD FOCUS,10,E01024337,0,1
2024421475258,2024,421475258,1,9,0,-1,5,7,3,-1,0,4,0,0,0,0,1,1,-1,2,1,52,8,2261,1,5,FORD FOCUS,3,E01021342,0,3
2024320036964,2024,320036964,1,9,0,-1,-1,6,2,0,0,8,0,0,0,0,1,1,6,6,1,62,9,999,1,7,FORD FOCUS,8,E01026065,0,4
2024461509662,2024,461509662,1,9,0,-1,11,4,1,-1,0,0,0,0,0,0,0,1,-1,6,1,28,6,1499,2,6,FORD FOCUS,7,E01003434,0,4
2024221466238,2024,221466238,1,9,0,-1,13,3,7,-1,0,8,0,0,0,0,4,9,-1,6,1,24,5,999,1,10,FORD FOCUS,-1,-1,0,-1
2024371472515,2024,371472515,2,9,0,-1,2,0,0,-1,0,2,0,0,0,0,4,1,-1,6,2,-1,-1,999,1,6,FORD FOCUS,-1,-1,0,-1
2024161423753,2024,161423753,2,9,0,-1,19,5,1,-1,0,8,0,0,0,0,1,1,-1,2,1,20,4,1560,2,12,FORD FOCUS,1,E01012854,0,1
2024201481494,2024,201481494,1,9,0,-1,5,5,1,-1,0,0,0,0,0,0,1,1,-1,6,2,-1,-1,1596,1,13,FORD FOCUS,-1,-1,0,-1
202454C445424,2024,54C445424,1,9,0,18,19,2,6,0,0,0,0,0,1,4,1,1,6,6,1,28,6,1499,2,3,FORD FOCUS,4,E01031859,0,1
2024161492160,2024,161492160,3,9,0,-1,2,0,0,-1,0,2,0,0,0,0,3,1,-1,6,-1,-1,-1,1596,1,13,FORD FOCUS,-1,-1,0,-1
2024201400725,2024,201400725,2,9,0,-1,19,4,8,-1,0,0,0,0,0,0,2,1,-1,6,2,36,7,1560,2,13,FORD FOCUS,1,E01014237,0,4
2024231462942,2024,231462942,1,9,0,-1,13,8,4,-1,0,0,0,0,0,0,4,1,-1,9,1,55,8,1999,1,11,FORD FOCUS,7,E01031137,0,3
2024010517490,2024,010517490,2,9,9,99,99,9,9,99,99,9,9,99,9,99,9,9,6,6,1,78,11,999,1,4,FORD FOCUS,3,E01000503,0,1
2024041508641,2024,041508641,2,9,0,-1,19,5,1,-1,0,0,0,0,0,0,3,1,-1,9,2,42,7,1499,2,7,FORD FOCUS,3,E01006340,0,4
2024471482242,2024,471482242,2,9,0,-1,3,7,3,-1,0,0,0,0,0,0,2,1,-1,6,1,20,4,1596,1,16,FORD FOCUS,10,E01031635,0,3
2024421422105,2024,421422105,2,9,0,-1,5,1,1,-1,0,0,0,0,0,0,1,9,-1,1,1,37,7,1798,1,15,FORD FOCUS,-1,-1,0,-1
2024041500555,2024,041500555,1,9,0,-1,19,3,7,-1,0,6,0,0,0,0,3,1,-1,1,2,27,6,999,1,4,FORD FOCUS,1,E01025084,0,1
2024010506761,2024,010506761,2,9,0,10,10,7,5,0,0,6,0,0,0,0,0,1,6,6,1,35,6,999,1,4,FORD FOCUS,4,E01000287,0,1
2024430577449,2024,430577449,2,9,0,18,19,1,5,0,0,8,0,0,0,0,1,1,6,6,2,24,5,2521,1,16,FORD FOCUS,10,E01016693,0,1
2024991461250,2024,991461250,1,9,0,-1,19,5,1,-1,0,1,0,0,0,0,1,2,-1,6,1,31,6,1499,2,7,FORD FOCUS,7,-1,0,3
2024991416369,2024,991416369,3,9,0,-1,4,8,4,-1,0,0,0,0,0,0,2,1,-1,9,1,58,9,1499,2,3,FORD FOCUS,5,-1,0,1
2024052401827,2024,052401827,1,9,0,18,19,1,5,0,0,0,0,0,0,0,1,1,2,2,1,17,4,999,1,3,FORD FOCUS,6,E01006949,0,3
2024131475420,2024,131475420,4,9,0,-1,2,0,0,-1,0,0,0,0,0,0,1,1,-1,6,-1,-1,-1,1596,1,14,FORD FOCUS,-1,-1,0,-1
2024430432169,2024,430432169,1,9,0,18,19,1,5,0,0,0,0,0,0,0,1,1,6,6,1,44,7,1596,1,14,FORD FOCUS,6,E01007526,0,5
2024061454114,2024,061454114,4,9,0,-1,2,0,0,-1,0,2,0,0,0,0,2,1,-1,6,-1,-1,-1,1596,1,13,FORD FOCUS,-1,-1,0,-1
2024231454757,2024,231454757,1,9,0,-1,5,7,3,-1,0,6,1,0,3,0,3,9,-1,9,1,59,9,999,1,3,FORD FOCUS,8,E01031252,0,1
2024430161101,2024,430161101,1,9,0,18,19,1,5,0,0,0,0,0,1,0,1,1,6,6,1,53,8,1498,1,8,FORD FOCUS,9,E01016595,0,2
2024141534271,2024,141534271,1,9,0,-1,19,2,6,-1,0,2,5,0,1,4,1,2,-1,6,1,17,4,1560,2,14,FORD FOCUS,3,E01007807,0,2
2024052401000,2024,052401000,3,9,0,3,3,7,3,0,0,1,0,0,0,0,4,1,6,6,1,61,9,1798,1,15,FORD FOCUS,2,E01006899,0,1
2024010510244,2024,010510244,1,9,0,18,19,7,3,0,0,2,0,0,0,0,4,1,6,6,1,35,6,1596,1,14,FORD FOCUS,2,E01030024,0,5
2024201539799,2024,201539799,2,9,0,-1,19,3,7,-1,0,0,0,0,0,0,1,9,-1,6,2,26,6,1596,1,15,FORD FOCUS,10,E01009784,0,2
2024010548274,2024,010548274,2,9,0,99,99,9,9,99,99,6,9,99,9,99,1,9,6,6,3,-1,-1,1798,1,14,FORD FOCUS,-1,-1,0,-1
2024010521445,2024,010521445,1,9,0,18,19,1,5,0,0,8,0,0,0,0,1,1,6,6,2,27,6,1596,1,10,FORD FOCUS,2,E01000018,0,1
2024010504430,2024,010504430,1,9,0,7,7,7,1,0,0,1,0,0,0,0,1,1,6,6,1,65,9,1596,1,17,FORD FOCUS,2,E01001486,0,1
2024070306805,2024,070306805,1,9,0,13,13,5,1,0,0,4,0,0,0,0,4,1,6,6,1,-1,-1,1596,1,17,FORD FOCUS,-1,-1,0,-1
2024010550903,2024,010550903,1,9,0,16,19,3,7,0,0,0,0,0,7,4,4,1,6,6,1,20,4,1499,2,4,FORD FOCUS,4,E01004380,0,1
2024201456908,2024,201456908,1,9,0,-1,14,6,2,-1,0,0,0,0,0,0,3,1,-1,2,1,31,6,999,1,7,FORD FOCUS,4,E01009167,0,1
2024311497258,2024,311497258,2,9,0,-1,19,4,8,-1,0,1,0,0,0,0,4,1,-1,6,1,44,7,1560,2,10,FORD FOCUS,10,E01032826,0,5
2024430170525,2024,430170525,1,9,0,9,9,4,1,0,0,5,0,0,0,0,4,1,6,6,2,35,6,1499,2,9,FORD FOCUS,10,E01028457,0,2
2024311536382,2024,311536382,1,9,0,-1,9,5,1,-1,0,0,0,11,0,0,3,1,-1,6,2,33,6,1596,1,14,FORD FOCUS,-1,-1,0,-1
2024161455383,2024,161455383,1,9,0,-1,19,1,5,-1,0,1,0,0,0,0,4,1,-1,2,1,23,5,998,1,12,FORD FOCUS,6,E01013007,0,2
2024471445797,2024,471445797,2,9,0,-1,9,3,1,-1,0,4,0,0,0,0,1,1,-1,6,1,37,7,1796,1,21,FORD FOCUS,7,E01031543,0,1
2024622400108,2024,622400108,2,9,0,10,10,1,5,0,0,1,0,0,0,0,3,1,6,6,2,45,7,1596,1,13,FORD FOCUS,3,W01001832,0,1
2024010500168,2024,010500168,1,9,0,6,6,5,5,0,0,2,0,0,0,0,4,1,6,6,1,28,6,1499,2,5,FORD FOCUS,3,E01004333,0,1
2024010540830,2024,010540830,2,9,0,9,9,1,6,0,0,1,0,0,0,0,1,1,6,6,1,28,6,1798,1,17,FORD FOCUS,4,E01002233,0,2
2024421450036,2024,421450036,1,9,0,-1,19,3,6,-1,0,4,0,0,0,0,3,1,-1,9,1,83,11,999,1,3,FORD FOCUS,10,E01021252,0,2