collision_index,collision_year,collision_ref_no,vehicle_reference,vehicle_type,towing_and_articulation,vehicle_manoeuvre_historic,vehicle_manoeuvre,vehicle_direction_from,vehicle_direction_to,vehicle_location_restricted_lane_historic,vehicle_location_restricted_lane,junction_location,skidding_and_overturning,hit_object_in_carriageway,vehicle_leaving_carriageway,hit_object_off_carriageway,first_point_of_impact,vehicle_left_hand_drive,journey_purpose_of_driver_historic,journey_purpose_of_driver,sex_of_driver,age_of_driver,age_band_of_driver,engine_capacity_cc,propulsion_code,age_of_vehicle,generic_make_model,driver_imd_decile,lsoa_of_driver,escooter_flag,driver_distance_banding
2024010497598,2024,010497598,2,9,0,99,99,9,9,99,99,9,9,99,9,99,9,9,6,6,3,-1,-1,1499,2,9,FORD FOCUS,-1,-1,0,-1
2024451489192,2024,451489192,3,9,0,-1,19,6,2,-1,0,0,0,0,0,0,0,1,-1,6,3,36,7,998,1,10,FORD FOCUS,-1,-1,0,-1
2024552401495,2024,552401495,2,9,0,9,9,5,3,0,0,5,0,0,0,0,3,1,6,6,1,71,10,1596,1,16,FORD FOCUS,6,E01015336,0,1
2024991487385,2024,991487385,2,9,0,-1,9,1,3,-1,0,5,0,0,0,0,3,1,-1,6,1,44,7,1798,1,15,FORD FOCUS,4,-1,0,1
2024010496782,2024,010496782,2,9,0,10,10,7,5,0,0,1,0,0,0,0,1,1,6,6,1,62,9,1596,1,20,FORD FOCUS,-1,-1,0,-1
2024421417997,2024,421417997,1,9,0,-1,9,5,4,-1,0,0,0,0,0,0,4,9,-1,7,1,44,7,1596,1,13,FORD FOCUS,2,E01015929,0,2
2024411423525,2024,411423525,2,9,0,-1,19,2,3,-1,0,1,0,0,0,0,2,1,-1,1,2,43,7,1560,2,11,FORD FOCUS,-1,-1,0,-1
2024101511209,2024,101511209,2,9,0,-1,19,3,7,-1,0,0,0,0,0,0,4,1,-1,2,1,43,7,1596,1,16,FORD FOCUS,-1,-1,0,-1
2024520401897,2024,520401897,2,9,0,18,19,2,6,0,0,6,0,0,0,0,4,1,6,6,1,80,11,999,1,6,FORD FOCUS,10,E01014415,0,3
2024061481067,2024,061481067,3,9,0,-1,7,5,8,-1,0,1,0,0,0,0,0,1,-1,8,1,34,6,2261,1,1,FORD FOCUS,-1,-1,0,-1
2024201472467,2024,201472467,1,9,0,-1,19,8,6,-1,0,8,0,0,0,0,1,1,-1,6,1,52,8,999,1,6,FORD FOCUS,1,E01009141,0,1
2024320589080,2024,320589080,2,9,0,-1,-1,5,1,0,0,8,0,4,0,0,3,1,6,6,2,43,7,999,1,9,FORD FOCUS,1,E01026374,0,1
2024010518013,2024,010518013,1,9,0,4,4,7,3,0,0,0,0,0,0,0,1,1,6,6,1,25,5,998,1,11,FORD FOCUS,4,E01002645,0,1
2024010523296,2024,010523296,2,9,0,99,99,9,9,99,99,0,9,0,0,0,9,9,6,6,1,-1,-1,1596,1,16,FORD FOCUS,-1,-1,0,-1
2024531456256,2024,531456256,1,9,0,-1,19,8,4,-1,0,0,0,0,0,0,4,1,-1,6,1,42,7,1596,1,12,FORD FOCUS,9,E01000762,0,5
2024010548711,2024,010548711,2,9,0,99,99,9,9,99,99,9,9,99,9,99,1,9,6,6,3,-1,-1,1596,1,12,FORD FOCUS,-1,-1,0,-1
2024541226024,2024,541226024,1,9,0,18,19,4,8,0,0,0,0,0,0,0,1,1,6,6,1,54,8,1596,1,18,FORD FOCUS,8,E01032112,0,4
2024010524998,2024,010524998,3,9,3,2,2,0,0,0,0,0,0,0,0,0,3,2,6,6,3,-1,-1,1596,1,10,FORD FOCUS,-1,-1,0,-1
2024211456445,2024,211456445,2,9,0,-1,19,4,6,-1,0,1,5,7,0,0,1,1,-1,6,1,33,6,1997,2,16,FORD FOCUS,1,E01014328,0,1
2024211494751,2024,211494751,1,9,0,-1,-1,5,7,-1,-1,4,0,0,0,0,1,1,-1,-1,2,38,7,998,1,11,FORD FOCUS,1,E01034311,0,1
2024320293126,2024,320293126,1,9,0,9,9,4,2,0,0,5,0,0,0,0,1,1,-1,-1,2,39,7,1499,2,7,FORD FOCUS,3,E01026017,0,3
2024361410928,2024,361410928,1,9,0,-1,1,-1,-1,-1,0,0,0,0,0,0,0,1,-1,6,2,58,9,999,1,9,FORD FOCUS,4,E01026888,0,1
2024501428790,2024,501428790,1,9,0,-1,19,7,5,-1,0,1,0,0,0,0,3,9,-1,6,2,58,9,1560,2,12,FORD FOCUS,5,E01020137,0,3
2024302401045,2024,302401045,1,9,0,18,19,7,3,0,0,0,0,0,0,0,1,1,6,6,1,39,7,998,1,11,FORD FOCUS,4,E01028228,0,1
2024122500108,2024,122500108,1,9,0,18,19,8,4,9,9,2,0,0,1,0,1,1,6,6,1,-1,-1,1798,1,18,FORD FOCUS,7,E01013336,0,1
2024991451737,2024,991451737,1,9,0,-1,19,2,6,-1,0,0,0,0,0,0,1,9,-1,6,2,70,10,999,1,6,FORD FOCUS,-1,-1,0,-1
2024401519136,2024,401519136,2,9,-1,-1,-1,-1,-1,-1,-1,-1,-1,-1,-1,0,-1,9,-1,6,1,41,7,999,1,5,FORD FOCUS,7,E01033818,0,2
2024430018259,2024,430018259,2,9,0,12,12,8,4,0,0,7,0,0,0,0,0,1,6,6,2,-1,-1,1798,1,16,FORD FOCUS,-1,-1,0,-1
2024041479380,2024,041479380,3,9,0,-1,2,0,0,-1,0,8,0,0,0,0,2,1,-1,6,-1,-1,-1,998,1,10,FORD FOCUS,-1,-1,0,-1
2024141503736,2024,141503736,1,9,0,-1,5,1,5,-1,0,8,0,0,0,0,1,1,-1,1,2,36,7,1560,2,11,FORD FOCUS,1,E01007804,0,1
2024061484458,2024,061484458,4,9,0,-1,19,5,1,-1,0,0,0,0,0,0,2,1,-1,9,1,55,8,999,1,5,FORD FOCUS,3,E01006358,0,4
2024622400439,2024,622400439,2,8,0,18,19,7,3,0,0,8,0,0,0,0,3,1,6,6,2,44,7,1596,1,15,FORD FOCUS,1,W01001751,0,1
2024411455808,2024,411455808,1,9,0,-1,19,5,1,-1,0,2,1,0,2,0,3,1,-1,6,1,51,8,1499,2,7,FORD FOCUS,1,W01000237,0,5
2024501501604,2024,501501604,3,9,0,-1,20,0,0,-1,0,0,0,0,0,0,4,1,-1,6,-1,-1,-1,1596,1,22,FORD FOCUS,-1,-1,0,-1
2024430255681,2024,430255681,2,9,0,4,4,8,4,0,0,0,0,0,0,0,2,1,6,6,2,67,10,999,1,9,FORD FOCUS,3,E01020010,0,5
2024231511141,2024,231511141,3,9,0,-1,9,2,8,-1,0,5,0,0,0,0,0,1,-1,9,2,37,7,1596,1,13,FORD FOCUS,6,E01031207,0,2
2024991493600,2024,991493600,1,9,0,-1,19,3,7,-1,0,1,0,0,0,0,1,1,-1,9,1,69,10,1596,1,15,FORD FOCUS,9,-1,0,1
2024451469387,2024,451469387,2,9,0,-1,19,5,1,-1,0,0,0,0,0,0,4,1,-1,9,2,39,7,1596,1,15,FORD FOCUS,4,E01030601,0,1
2024010543307,2024,010543307,2,9,0,18,19,3,7,0,0,1,0,0,0,0,1,1,6,6,1,25,5,1596,1,17,FORD FOCUS,5,E01035689,0,3
2024302400578,2024,302400578,4,9,0,18,19,3,7,0,0,0,0,0,0,0,3,1,6,6,1,72,10,1596,1,17,FORD FOCUS,2,E01013521,0,2
2024440498211,2024,440498211,2,9,0,18,19,6,2,0,0,4,0,0,0,0,1,1,6,6,2,-1,-1,1596,1,19,FORD FOCUS,-1,-1,0,-1
2024122400997,2024,122400997,1,9,0,3,3,2,5,0,0,1,0,0,0,0,2,1,6,6,1,41,7,1560,2,13,FORD FOCUS,1,E01027805,0,1
2024440209434,2024,440209434,1,9,0,18,19,2,6,0,0,0,0,0,1,10,1,1,6,6,1,55,8,1560,2,18,FORD FOCUS,4,E01023019,0,2
2024041421149,2024,041421149,1,9,0,-1,9,5,1,-1,0,8,0,0,0,0,1,1,-1,9,1,67,10,1596,1,20,FORD FOCUS,6,E01025555,0,1
2024101508363,2024,101508363,1,9,-1,-1,19,3,6,-1,0,0,0,0,0,0,1,9,-1,6,1,19,4,1560,2,10,FORD FOCUS,2,E01027414,0,1
2024461430373,2024,461430373,1,9,0,-1,19,5,1,-1,0,0,0,0,0,0,1,9,-1,6,1,77,11,1596,1,16,FORD FOCUS,9,E01024829,0,1
2024430622488,2024,430622488,1,9,0,18,19,8,4,0,0,1,0,0,0,0,3,1,2,2,2,23,5,1596,1,15,FORD FOCUS,3,E01016449,0,1
2024501434137,2024,501434137,1,9,0,-1,19,1,5,-1,0,0,0,0,2,0,1,1,-1,9,1,72,10,1596,1,13,FORD FOCUS,5,E01020308,0,1
2024010534594,2024,010534594,1,9,0,99,99,9,9,99,99,9,9,99,9,99,9,9,6,6,2,53,8,1798,1,14,FORD FOCUS,3,E01003720,0,1
2024531423459,2024,531423459,1,9,0,-1,19,5,1,-1,0,8,0,0,0,0,4,1,-1,9,2,69,10,999,1,6,FORD FOCUS,7,E01022230,0,3
2024311412700,2024,311412700,1,9,0,-1,19,2,6,-1,0,0,0,0,0,0,1,9,-1,6,1,24,5,1499,2,2,FORD FOCUS,-1,-1,0,-1
2024411535895,2024,411535895,2,9,0,-1,19,4,8,-1,0,0,1,7,0,0,2,1,-1,9,1,66,10,999,1,8,FORD FOCUS,3,E01023326,0,1
2024320444997,2024,320444997,2,9,0,-1,-1,4,8,0,0,1,0,0,1,0,3,1,-1,-1,2,25,5,1596,1,13,FORD FOCUS,1,E01026010,0,2
2024231493940,2024,231493940,1,9,0,-1,19,4,8,-1,0,6,0,0,0,0,1,1,-1,9,2,44,7,999,1,7,FORD FOCUS,5,E01031106,0,1
2024201417528,2024,201417528,1,9,0,-1,19,8,4,-1,0,2,0,0,0,0,1,9,-1,6,1,39,7,1498,1,9,FORD FOCUS,6,E01009217,0,1
2024991416343,2024,991416343,1,9,0,-1,4,8,4,-1,0,0,0,0,0,0,1,1,-1,6,2,42,7,1498,1,8,FORD FOCUS,3,-1,0,2
2024531481177,2024,531481177,2,9,0,-1,2,0,0,-1,0,0,0,0,0,0,1,1,-1,6,-1,-1,-1,1796,1,24,FORD FOCUS,-1,-1,0,-1
2024061510843,2024,061510843,3,9,0,-1,2,0,0,-1,9,0,0,0,0,0,4,1,-1,6,-1,-1,-1,1596,1,17,FORD FOCUS,-1,-1,0,-1
2024471415610,2024,471415610,1,9,0,-1,19,1,5,-1,0,0,0,7,0,0,3,1,-1,9,1,69,10,1596,1,15,FORD FOCUS,6,E01031643,0,2
2024101410674,2024,101410674,1,9,0,-1,19,3,7,-1,0,0,0,0,0,0,1,9,-1,6,1,41,7,1596,1,13,FORD FOCUS,1,E01008299,0,1
2024991514575,2024,991514575,1,9,0,-1,19,5,1,-1,0,0,1,0,0,0,4,1,-1,9,1,30,6,1596,1,18,FORD FOCUS,6,-1,0,1
2024320603858,2024,320603858,1,9,0,-1,-1,4,8,0,0,6,0,0,0,0,1,1,-1,-1,1,41,7,1560,2,10,FORD FOCUS,2,E01026084,0,1
2024070748113,2024,070748113,1,9,9,-1,12,2,7,-1,0,2,0,0,0,0,4,1,-1,6,1,44,7,1596,1,19,FORD FOCUS,3,E01012523,0,1
2024540740024,2024,540740024,1,9,0,8,8,5,1,0,0,2,0,0,0,0,1,1,6,6,1,37,7,1596,1,13,FORD FOCUS,7,E01015560,0,1
2024010525442,2024,010525442,2,9,0,18,19,1,5,0,0,0,0,0,0,0,3,1,6,6,2,22,5,1496,1,5,FORD FOCUS,5,E01030814,0,4
2024221533291,2024,221533291,1,9,0,-1,19,4,8,-1,0,0,0,0,0,0,4,1,-1,6,1,33,6,1499,2,5,FORD FOCUS,7,E01032146,0,4
2024451457649,2024,451457649,1,9,0,-1,4,7,3,-1,0,0,0,0,0,0,2,9,-1,6,2,31,6,1560,2,11,FORD FOCUS,5,E01016577,0,2
2024991448673,2024,991448673,3,9,0,-1,4,8,5,-1,0,0,0,0,0,0,1,1,-1,6,1,57,9,1499,2,7,FORD FOCUS,-1,-1,0,-1
2024010544159,2024,010544159,1,9,0,3,3,9,9,99,99,9,9,99,9,99,2,9,2,2,1,70,10,1596,1,15,FORD FOCUS,3,E01002605,0,2
2024471472118,2024,471472118,2,9,0,-1,19,3,7,-1,0,1,0,0,0,0,2,1,-1,6,2,49,8,1596,1,20,FORD FOCUS,4,E01031791,0,3
2024010545760,2024,010545760,1,9,0,9,9,4,2,0,0,1,0,0,0,0,1,1,6,6,1,55,8,1596,1,22,FORD FOCUS,9,E01003898,0,1
2024501533391,2024,501533391,2,9,0,-1,19,7,3,-1,0,0,0,0,0,0,2,1,-1,2,2,36,7,999,1,5,FORD FOCUS,7,E01020298,0,1
2024531519757,2024,531519757,1,9,0,-1,9,7,3,-1,0,8,0,0,0,0,3,1,-1,2,1,65,9,1596,1,9,FORD FOCUS,6,E01034796,0,1
2024332400086,2024,332400086,1,9,0,-1,19,1,5,-1,0,0,0,0,0,0,1,1,-1,6,1,60,9,1596,1,21,FORD FOCUS,6,E01013787,0,1
2024991533313,2024,991533313,1,9,0,-1,19,5,1,-1,0,0,5,0,1,0,1,1,-1,2,1,19,4,1560,2,12,FORD FOCUS,3,-1,0,2
2024052400974,2024,052400974,1,9,0,1,1,5,1,0,0,0,0,0,0,0,2,1,6,6,1,33,6,1596,1,17,FORD FOCUS,1,E01007179,0,2
2024501498651,2024,501498651,2,9,0,-1,2,0,0,-1,0,0,1,0,0,0,3,2,-1,6,-1,-1,-1,2521,1,18,FORD FOCUS,-1,-1,0,-1
2024421405663,2024,421405663,2,9,0,-1,3,7,3,-1,0,0,0,0,0,0,2,1,-1,6,2,54,8,1997,2,9,FORD FOCUS,4,E01022051,0,2
2024991519678,2024,991519678,2,9,0,-1,10,5,2,-1,0,1,0,0,0,0,2,1,-1,6,1,33,6,1596,1,13,FORD FOCUS,8,-1,0,2
2024101432751,2024,101432751,1,9,0,-1,9,8,5,-1,0,8,0,0,0,0,1,1,-1,9,1,73,10,1798,1,15,FORD FOCUS,4,E01008844,0,1
2024231464840,2024,231464840,1,9,0,-1,4,4,8,-1,0,0,1,0,1,6,1,1,-1,9,2,46,8,1596,1,18,FORD FOCUS,8,E01009669,0,4
2024010523458,2024,010523458,2,9,0,6,6,9,9,99,99,0,9,99,9,99,9,9,6,6,3,22,5,1596,1,18,FORD FOCUS,3,E01003924,0,1
2024461475899,2024,461475899,2,9,0,-1,2,0,0,-1,0,0,0,0,7,0,1,1,-1,6,1,30,6,1596,1,17,FORD FOCUS,6,E01016166,0,1
2024552400870,2024,552400870,2,9,0,18,19,4,8,0,0,0,0,0,0,0,1,1,2,2,1,23,5,1596,1,10,FORD FOCUS,7,E01020475,0,3
2024471423369,2024,471423369,3,9,0,-1,2,0,0,-1,0,0,0,0,0,0,2,1,-1,6,-1,-1,-1,1560,2,13,FORD FOCUS,-1,-1,0,-1
2024451401460,2024,451401460,4,9,0,-1,19,5,1,-1,0,0,0,0,0,0,1,1,-1,1,1,65,9,998,1,11,FORD FOCUS,5,E01030572,0,2
2024552401418,2024,552401418,2,9,0,3,3,2,6,0,0,0,0,0,0,0,2,1,6,6,1,26,6,999,1,5,FORD FOCUS,9,E01020416,0,3
2024991462468,2024,991462468,2,9,0,-1,19,4,8,-1,0,0,0,0,0,0,2,1,-1,1,1,37,7,1499,2,4,FORD FOCUS,7,-1,0,2
2024991543321,2024,991543321,1,9,0,-1,19,1,5,-1,0,0,0,0,5,6,1,1,-1,9,1,21,5,999,1,7,FORD FOCUS,10,-1,0,5
2024221507439,2024,221507439,2,9,0,-1,19,1,6,-1,0,0,0,0,0,0,1,1,-1,7,2,47,8,1560,2,10,FORD FOCUS,8,E01013988,0,1
2024471467657,2024,471467657,1,9,0,-1,11,3,7,-1,0,0,1,0,1,4,1,1,-1,9,1,31,6,1798,1,15,FORD FOCUS,5,E01031526,0,3
2024061477119,2024,061477119,4,9,0,-1,2,0,0,-1,0,0,0,0,0,0,4,1,-1,6,-1,-1,-1,999,1,4,FORD FOCUS,-1,-1,0,-1
2024041522275,2024,041522275,1,9,0,-1,19,1,1,-1,0,0,0,4,0,0,1,1,-1,9,2,77,11,999,8,0,FORD FOCUS,3,E01012663,0,1
2024552400786,2024,552400786,1,9,5,1,1,8,4,9,9,0,0,0,7,11,2,1,6,6,3,-1,-1,1988,1,21,FORD FOCUS,-1,-1,0,-1
2024411497665,2024,411497665,2,9,0,-1,4,1,5,-1,0,0,0,0,0,0,2,1,-1,2,2,46,8,1560,2,12,FORD FOCUS,5,E01023643,0,1
2024471469420,2024,471469420,1,9,0,-1,7,3,5,-1,0,2,0,0,0,0,1,1,-1,9,1,76,11,1560,2,13,FORD FOCUS,9,E01031356,0,1
2024010535111,2024,010535111,1,9,0,99,99,9,9,99,99,9,9,99,9,99,9,9,6,6,3,85,11,1596,1,15,FORD FOCUS,5,E01023939,0,4
2024461452296,2024,461452296,1,9,0,-1,7,1,5,-1,0,0,0,0,0,0,1,9,-1,9,1,58,9,1499,2,8,FORD FOCUS,8,E01021171,0,1
2024451531121,2024,451531121,2,9,0,-1,3,7,3,-1,0,4,0,0,0,0,2,1,-1,9,1,52,8,1999,1,7,FORD FOCUS,5,E01017854,0,4
2024302500269,2024,302500269,1,9,0,-1,9,3,1,-1,0,8,1,0,3,11,1,1,-1,9,1,19,4,999,1,5,FORD FOCUS,9,E01019406,0,3
2024461479569,2024,461479569,2,9,0,-1,19,2,6,-1,0,0,0,0,0,0,2,9,-1,6,2,31,6,1596,1,9,FORD FOCUS,4,E01000736,0,2
2024131486908,2024,131486908,1,9,0,-1,9,7,6,-1,0,5,0,0,0,0,4,1,-1,9,1,21,5,999,1,8,FORD FOCUS,5,E01010689,0,2
2024440511481,2024,440511481,1,9,0,18,19,3,7,0,0,0,5,0,2,10,1,1,6,6,1,34,6,1596,1,16,FORD FOCUS,7,E01020465,0,4
2024440408011,2024,440408011,1,9,0,7,7,4,6,0,0,1,0,0,0,0,1,1,2,2,2,41,7,1596,1,20,FORD FOCUS,6,E01017174,0,3
2024522403424,2024,522403424,1,9,0,2,2,7,3,0,0,1,0,0,0,0,2,1,6,6,2,58,9,1596,1,17,FORD FOCUS,1,E01014596,0,1
2024991418653,2024,991418653,2,9,0,-1,2,0,0,-1,0,0,0,0,0,0,3,1,-1,6,-1,-1,-1,1560,2,12,FORD FOCUS,-1,-1,0,-1
2024311460791,2024,311460791,1,9,0,-1,19,5,1,-1,0,0,5,0,1,0,1,1,-1,9,1,55,8,1999,1,16,FORD FOCUS,1,E01028301,0,2
2024631422855,2024,631422855,1,9,0,-1,19,1,6,-1,0,0,0,0,1,11,4,1,-1,9,2,61,9,1560,2,13,FORD FOCUS,4,W01000605,0,1
2024052400175,2024,052400175,3,9,0,8,8,8,4,0,0,1,0,0,0,0,1,1,6,6,1,45,7,1997,2,9,FORD FOCUS,1,E01006460,0,1
2024131435729,2024,131435729,1,9,0,-1,19,5,1,-1,0,8,0,0,1,2,3,1,-1,9,1,20,4,999,1,5,FORD FOCUS,2,E01011809,0,3
2024471529912,2024,471529912,2,9,0,-1,9,5,3,-1,0,6,0,0,0,0,3,1,-1,9,1,35,6,1999,1,15,FORD FOCUS,6,E01021108,0,1
2024010516970,2024,010516970,3,9,0,2,2,0,0,0,0,2,0,0,0,0,3,1,6,6,3,-1,-1,1596,1,23,FORD FOCUS,-1,-1,0,-1
2024101411827,2024,101411827,1,9,0,-1,19,1,5,-1,0,2,0,0,0,0,3,1,-1,9,2,55,8,1596,1,20,FORD FOCUS,4,E01008711,0,1
2024411503369,2024,411503369,1,9,0,-1,19,8,4,-1,0,1,0,11,1,1,1,1,-1,2,1,36,7,1596,1,17,FORD FOCUS,2,E01015726,0,3
2024552500044,2024,552500044,2,9,0,18,19,2,6,0,0,8,0,0,0,0,3,1,6,6,1,34,6,1596,1,22,FORD FOCUS,9,E01020384,0,1
2024141523888,2024,141523888,2,9,0,-1,19,1,4,-1,0,1,0,0,0,0,1,9,-1,6,1,42,7,1560,2,12,FORD FOCUS,3,E01007473,0,1
2024010507314,2024,010507314,2,9,0,18,19,5,1,0,0,4,0,0,0,0,3,1,2,2,1,56,9,1753,2,16,FORD FOCUS,7,E01004153,0,4
2024041522980,2024,041522980,1,9,0,-1,9,5,3,-1,0,2,0,0,0,0,1,1,-1,6,1,28,6,1596,1,12,FORD FOCUS,1,E01025248,0,1
2024221407739,2024,221407739,1,9,0,-1,19,8,4,-1,0,0,1,0,0,0,1,1,-1,6,2,26,6,1499,2,6,FORD FOCUS,7,E01013998,0,3
2024131516079,2024,131516079,1,9,0,-1,5,5,1,-1,0,0,0,10,7,11,3,1,-1,6,1,39,7,999,8,1,FORD FOCUS,1,E01010800,0,1
2024531408934,2024,531408934,1,9,0,-1,19,1,5,-1,0,0,0,4,0,0,1,9,-1,6,1,-1,-1,1499,2,8,FORD FOCUS,-1,-1,0,-1
2024010550534,2024,010550534,1,9,9,17,19,1,6,0,0,0,9,0,3,0,9,9,6,6,3,-1,-1,1596,1,19,FORD FOCUS,-1,-1,0,-1
202417S309242,2024,17S309242,1,9,0,-1,1,1,3,-1,0,0,0,0,0,0,2,1,-1,9,1,27,6,1560,2,12,FORD FOCUS,-1,-1,0,-1
2024552400590,2024,552400590,3,9,0,2,2,0,0,0,0,0,0,0,0,0,1,1,6,6,2,56,9,1560,2,11,FORD FOCUS,5,E01015358,0,4
2024430580178,2024,430580178,2,9,0,3,3,4,8,0,0,0,0,0,0,0,2,1,6,6,1,23,5,1499,2,4,FORD FOCUS,7,E01010121,0,4
2024211471994,2024,211471994,1,9,0,-1,19,5,5,-1,0,0,0,0,1,0,3,1,-1,6,1,46,8,1596,1,19,FORD FOCUS,-1,-1,0,-1
2024421534878,2024,421534878,2,9,0,-1,5,-1,-1,-1,0,0,0,0,0,0,2,1,-1,6,1,65,9,999,1,8,FORD FOCUS,7,E01021552,0,1
2024371533883,2024,371533883,3,9,0,-1,2,0,0,-1,9,0,0,0,0,0,2,1,-1,6,-1,-1,-1,1560,2,10,FORD FOCUS,-1,-1,0,-1
2024122400584,2024,122400584,1,9,0,10,10,7,5,0,0,6,0,0,3,1,4,1,6,6,1,61,9,999,8,1,FORD FOCUS,1,E01010748,0,5
2024221508561,2024,221508561,1,9,0,-1,19,1,6,-1,0,0,5,0,2,10,1,1,-1,6,2,45,7,2521,1,18,FORD FOCUS,5,E01014056,0,2
2024440363203,2024,440363203,2,9,0,18,19,7,3,0,0,1,0,0,0,0,1,1,6,6,3,-1,-1,999,1,9,FORD FOCUS,-1,-1,0,-1
2024010498745,2024,010498745,2,9,0,18,19,7,3,0,0,1,0,0,0,0,1,1,6,6,1,32,6,1596,1,13,FORD FOCUS,8,E01001402,0,1
2024411538189,2024,411538189,2,9,-1,-1,-1,-1,-1,-1,-1,0,-1,-1,-1,0,-1,9,-1,6,1,33,6,1596,1,10,FORD FOCUS,5,E01002507,0,4
2024311517229,2024,311517229,2,9,0,-1,19,6,2,-1,0,8,0,0,0,0,3,1,-1,2,2,31,6,1499,2,7,FORD FOCUS,-1,-1,0,-1
2024531457858,2024,531457858,2,9,0,-1,19,1,5,-1,0,1,0,0,0,0,4,1,-1,2,1,53,8,1796,1,25,FORD FOCUS,1,E01032311,0,4
2024421491733,2024,421491733,2,9,0,-1,4,3,6,-1,0,0,0,0,0,0,2,1,-1,6,2,35,6,1499,2,9,FORD FOCUS,5,E01003661,0,3
2024031511638,2024,031511638,1,9,0,-1,19,1,7,-1,0,0,0,4,0,0,1,1,-1,6,1,44,7,1560,2,14,FORD FOCUS,10,E01019238,0,1
2024430252890,2024,430252890,2,9,0,18,19,6,2,0,0,0,0,0,0,0,1,1,6,6,1,39,7,1988,1,20,FORD FOCUS,7,E01017743,0,3
2024061474817,2024,061474817,1,9,0,-1,4,7,3,-1,0,1,0,0,0,0,1,1,-1,6,3,-1,-1,1596,1,17,FORD FOCUS,-1,-1,0,-1
2024070402618,2024,070402618,1,9,0,4,4,8,4,0,0,0,0,0,0,0,2,1,3,7,1,39,7,1596,1,12,FORD FOCUS,1,E01012466,0,2
2024122400712,2024,122400712,2,9,0,2,2,0,0,0,0,1,0,0,0,0,2,1,6,6,3,-1,-1,999,1,6,FORD FOCUS,-1,-1,0,-1
2024351441203,2024,351441203,1,9,0,-1,19,6,2,-1,0,3,0,0,0,0,4,1,-1,1,1,30,6,1560,2,15,FORD FOCUS,7,E01018264,0,2
2024340NN1272,2024,340NN1272,2,9,0,-1,8,4,8,-1,0,1,0,0,0,0,2,1,-1,2,2,23,5,1499,2,5,FORD FOCUS,9,E01027042,0,1
2024401477229,2024,401477229,1,9,0,-1,19,5,5,-1,0,0,0,0,0,0,2,1,-1,6,1,27,6,999,8,0,FORD FOCUS,5,E01015786,0,3
2024061426139,2024,061426139,1,9,0,-1,19,8,4,-1,0,2,0,0,0,0,4,1,-1,6,1,33,6,999,8,1,FORD FOCUS,4,E01004782,0,1
2024471467344,2024,471467344,2,9,0,-1,19,3,7,-1,0,0,0,0,0,0,1,1,-1,2,1,27,6,1596,1,16,FORD FOCUS,9,E01031496,0,1
2024131499414,2024,131499414,2,9,0,-1,5,7,5,-1,0,6,0,0,0,0,1,1,-1,6,1,40,7,1560,2,12,FORD FOCUS,1,E01011106,0,1
2024501460502,2024,501460502,2,9,0,-1,19,5,1,-1,0,8,0,0,3,0,4,1,-1,6,2,74,10,1560,2,13,FORD FOCUS,7,E01020063,0,3
2024041496779,2024,041496779,1,9,0,-1,9,5,1,-1,0,0,0,0,0,0,1,1,-1,9,1,30,6,999,1,6,FORD FOCUS,4,E01019745,0,4
2024411412483,2024,411412483,3,9,0,-1,19,5,1,-1,0,1,0,0,0,0,2,1,-1,6,1,39,7,1596,1,13,FORD FOCUS,9,E01023559,0,1
2024531536939,2024,531536939,1,9,0,-1,7,8,4,-1,0,4,0,0,0,0,1,1,-1,6,2,22,5,999,1,8,FORD FOCUS,2,E01022320,0,1
2024061414763,2024,061414763,1,9,0,-1,19,3,7,-1,0,8,0,0,0,0,1,1,-1,6,1,45,7,999,1,1,FORD FOCUS,2,E01005978,0,1
2024440478381,2024,440478381,1,9,0,4,4,3,7,0,0,8,0,0,0,0,2,1,6,6,1,21,5,999,1,9,FORD FOCUS,3,E01017189,0,1
2024430526679,2024,430526679,3,9,0,2,2,0,0,0,0,2,0,0,0,0,3,1,6,6,3,-1,-1,1596,1,18,FORD FOCUS,-1,-1,0,-1
2024320487540,2024,320487540,1,9,0,-1,-1,7,3,0,0,0,0,0,1,4,1,2,1,1,1,30,6,1499,2,9,FORD FOCUS,2,E01026113,0,2
2024201513513,2024,201513513,1,9,0,-1,19,2,6,-1,0,2,0,0,0,0,1,1,-1,9,1,35,6,1499,2,8,FORD FOCUS,6,E01009878,0,2
2024201477341,2024,201477341,1,9,0,-1,9,8,2,-1,0,2,0,0,0,0,1,9,-1,6,3,-1,-1,999,8,1,FORD FOCUS,-1,-1,0,-1
2024461420836,2024,461420836,3,9,0,-1,4,7,7,-1,0,0,0,0,0,0,2,1,-1,9,2,39,7,1496,1,6,FORD FOCUS,6,E01024833,0,2
2024010504332,2024,010504332,1,9,0,7,7,1,3,0,0,2,0,0,1,9,1,1,6,6,2,20,4,1798,1,15,FORD FOCUS,6,E01002374,0,2
2024201448729,2024,201448729,1,9,0,-1,19,5,1,-1,0,1,0,0,0,0,1,1,-1,6,1,44,7,1596,1,11,FORD FOCUS,7,E01009260,0,1
2024010550968,2024,010550968,2,9,0,99,99,9,9,99,99,9,9,99,9,99,1,9,6,6,2,-1,-1,1596,1,18,FORD FOCUS,2,E01001977,0,3
2024010522925,2024,010522925,2,9,0,2,2,0,0,0,0,1,0,4,0,0,2,1,6,6,3,-1,-1,1596,1,13,FORD FOCUS,-1,-1,0,-1