collision_index,collision_year,collision_ref_no,vehicle_reference,vehicle_type,towing_and_articulation,vehicle_manoeuvre_historic,vehicle_manoeuvre,vehicle_direction_from,vehicle_direction_to,vehicle_location_restricted_lane_historic,vehicle_location_restricted_lane,junction_location,skidding_and_overturning,hit_object_in_carriageway,vehicle_leaving_carriageway,hit_object_off_carriageway,first_point_of_impact,vehicle_left_hand_drive,journey_purpose_of_driver_historic,journey_purpose_of_driver,sex_of_driver,age_of_driver,age_band_of_driver,engine_capacity_cc,propulsion_code,age_of_vehicle,generic_make_model,driver_imd_decile,lsoa_of_driver,escooter_flag,driver_distance_banding
2024361503477,2024,361503477,1,9,0,-1,15,8,4,-1,0,0,0,0,0,0,3,1,-1,6,1,36,7,999,1,1,FORD FOCUS,10,E01035149,0,3
2024552401100,2024,552401100,1,9,0,9,9,6,5,0,0,8,0,0,0,0,3,1,3,7,1,53,8,1596,1,11,FORD FOCUS,9,E01015412,0,1
2024440562316,2024,440562316,2,9,0,18,19,5,1,0,0,4,0,0,0,0,1,1,6,6,2,-1,-1,1596,1,8,FORD FOCUS,8,E01022718,0,1
2024552400186,2024,552400186,1,9,0,18,19,8,4,6,6,0,5,0,8,11,3,1,6,6,1,29,6,1999,1,19,FORD FOCUS,6,E01020045,0,4
2024371512508,2024,371512508,2,9,0,-1,19,5,1,-1,0,0,0,0,7,0,4,1,-1,6,1,40,7,1560,2,11,FORD FOCUS,1,E01026626,0,4
2024201499826,2024,201499826,2,9,0,-1,19,5,1,-1,0,0,0,0,0,0,1,2,-1,6,1,38,7,1560,2,12,FORD FOCUS,8,E01009686,0,1
2024320076390,2024,320076390,1,9,0,-1,-1,2,6,0,0,0,5,0,7,0,1,1,6,6,1,56,9,1798,1,20,FORD FOCUS,4,E01026178,0,3
2024411473690,2024,411473690,2,9,0,-1,19,5,1,-1,0,0,0,0,0,0,1,1,-1,9,2,38,7,2261,1,1,FORD FOCUS,8,E01023315,0,1
2024201478526,2024,201478526,3,9,0,-1,19,6,2,-1,0,0,0,0,0,0,2,1,-1,6,-1,-1,-1,1596,1,13,FORD FOCUS,-1,-1,0,-1
2024010531063,2024,010531063,1,9,0,9,9,4,1,0,0,1,0,0,0,0,4,1,1,1,1,21,5,999,8,0,FORD FOCUS,2,E01034476,0,3
2024010497719,2024,010497719,1,9,0,9,9,1,6,0,0,8,0,0,3,0,4,1,6,6,1,-1,-1,998,1,10,FORD FOCUS,5,E01030656,0,4
2024010528182,2024,010528182,1,9,0,18,19,1,5,0,0,6,0,12,0,0,1,1,6,6,3,-1,-1,999,1,5,FORD FOCUS,-1,-1,0,-1
2024010532838,2024,010532838,5,9,0,99,99,9,9,0,0,0,0,0,0,0,2,9,6,6,3,-1,-1,1596,1,9,FORD FOCUS,-1,-1,0,-1
2024501422373,2024,501422373,1,9,0,-1,9,3,1,-1,0,1,0,0,0,0,1,1,-1,6,2,34,6,1560,2,10,FORD FOCUS,-1,-1,0,-1
2024361489144,2024,361489144,3,9,0,-1,2,0,0,-1,0,1,0,0,0,0,3,1,-1,9,1,47,8,999,8,1,FORD FOCUS,9,E01026448,0,4
2024052400858,2024,052400858,1,9,0,11,11,6,2,0,0,1,0,0,0,0,4,1,6,6,1,40,7,999,8,1,FORD FOCUS,1,E01006494,0,2
2024010497999,2024,010497999,2,9,0,2,2,0,0,1,1,0,0,0,0,0,4,1,6,6,3,-1,-1,1596,1,14,FORD FOCUS,-1,-1,0,-1
2024411512536,2024,411512536,2,9,0,-1,3,5,7,-1,0,0,0,0,0,0,2,1,-1,6,2,33,6,999,1,5,FORD FOCUS,3,E01001468,0,2
2024161491995,2024,161491995,3,9,0,-1,5,3,7,-1,0,0,0,0,0,0,0,1,-1,6,2,24,5,999,1,2,FORD FOCUS,-1,-1,0,-1
2024461473263,2024,461473263,1,9,0,-1,1,7,3,-1,0,8,0,0,0,0,2,9,-1,6,1,24,5,1596,1,14,FORD FOCUS,6,E01024554,0,3
2024052401157,2024,052401157,1,9,0,18,19,5,1,0,0,0,0,0,0,0,1,1,2,2,1,-1,-1,1596,1,15,FORD FOCUS,1,E01006967,0,1
2024221443042,2024,221443042,2,9,0,-1,19,5,1,-1,0,6,0,0,0,0,1,1,-1,6,1,39,7,1560,2,12,FORD FOCUS,6,E01035066,0,3
2024991410845,2024,991410845,1,9,0,-1,5,6,2,-1,0,4,0,0,0,0,1,1,-1,1,2,45,7,1560,2,11,FORD FOCUS,1,-1,0,2
2024141521852,2024,141521852,1,9,0,-1,9,5,5,-1,0,1,0,0,0,0,1,1,-1,1,1,23,5,1596,1,18,FORD FOCUS,1,E01013300,0,4
2024991483061,2024,991483061,1,9,0,-1,19,4,8,-1,0,2,0,0,0,0,3,1,-1,2,1,29,6,1596,1,10,FORD FOCUS,2,-1,0,1
2024351432222,2024,351432222,7,9,0,-1,4,5,1,-1,0,0,0,0,0,0,2,1,-1,6,1,71,10,1498,1,7,FORD FOCUS,7,E01021173,0,5
2024302400240,2024,302400240,1,9,0,18,19,2,6,0,0,0,0,0,0,0,1,1,1,1,1,43,7,1560,2,11,FORD FOCUS,5,E01019432,0,1
2024221469076,2024,221469076,2,9,0,-1,19,1,5,-1,0,8,0,0,0,0,4,1,-1,6,1,52,8,1560,2,12,FORD FOCUS,5,E01029352,0,4
2024101516116,2024,101516116,2,9,-1,-1,19,3,7,-1,0,0,0,0,0,0,3,9,-1,2,1,48,8,999,1,6,FORD FOCUS,3,E01008809,0,1
2024061406567,2024,061406567,1,9,0,-1,19,5,8,-1,0,2,0,0,3,0,4,1,-1,9,2,20,4,999,1,6,FORD FOCUS,3,E01005286,0,1
2024010507050,2024,010507050,1,9,0,9,9,7,5,0,0,8,0,0,0,0,1,1,6,6,2,31,6,1596,1,13,FORD FOCUS,4,E01003178,0,2
2024010512300,2024,010512300,2,9,0,18,19,1,5,0,0,8,0,0,0,0,1,1,6,6,2,26,6,1596,1,20,FORD FOCUS,4,E01003998,0,1
2024451396079,2024,451396079,1,9,0,-1,19,1,5,-1,0,1,0,0,1,1,1,1,-1,9,2,74,10,999,1,7,FORD FOCUS,10,E01030873,0,1
2024010539444,2024,010539444,2,9,0,99,99,9,9,99,99,9,9,99,9,99,9,9,6,6,3,-1,-1,999,1,9,FORD FOCUS,-1,-1,0,-1
2024541981224,2024,541981224,1,9,0,4,4,1,5,0,0,0,0,0,0,0,2,1,6,6,2,66,10,1753,2,18,FORD FOCUS,1,E01014647,0,4
2024122400185,2024,122400185,1,9,0,13,13,7,3,0,0,7,0,0,0,0,3,1,6,6,1,27,6,1753,2,17,FORD FOCUS,7,E01027788,0,1
2024070398167,2024,070398167,1,9,0,18,19,7,5,0,0,1,0,0,0,0,1,1,6,6,1,21,5,999,8,0,FORD FOCUS,9,E01012376,0,1
2024451491245,2024,451491245,1,9,0,-1,19,7,3,-1,0,1,0,0,0,0,4,1,-1,1,1,24,5,1499,2,8,FORD FOCUS,4,E01001264,0,3
2024501440399,2024,501440399,2,9,0,-1,3,8,4,-1,0,1,0,0,0,0,1,1,-1,9,1,70,10,1499,2,8,FORD FOCUS,4,E01018909,0,1
2024010497069,2024,010497069,1,9,0,18,19,1,5,0,0,2,0,0,0,0,1,1,6,6,2,32,6,1596,1,16,FORD FOCUS,6,E01001040,0,1
2024211395621,2024,211395621,1,9,0,-1,11,2,3,-1,0,0,0,10,0,0,4,9,-1,9,1,38,7,1560,2,10,FORD FOCUS,5,E01029595,0,2
2024161444608,2024,161444608,2,9,0,-1,2,0,0,-1,0,0,0,0,0,0,1,1,-1,6,-1,-1,-1,1997,2,11,FORD FOCUS,-1,-1,0,-1
2024501488495,2024,501488495,1,9,0,-1,9,4,2,-1,0,1,0,0,0,0,1,1,-1,9,2,59,9,1560,2,13,FORD FOCUS,9,E01019984,0,1
2024440318215,2024,440318215,1,9,0,18,19,1,0,0,0,0,2,6,0,0,2,1,6,6,2,36,7,1560,2,11,FORD FOCUS,5,E01035458,0,3
2024440191765,2024,440191765,1,9,0,9,9,3,1,0,0,8,0,0,0,0,4,1,2,2,1,64,9,1496,1,4,FORD FOCUS,8,E01017215,0,1
2024131497430,2024,131497430,1,9,0,-1,9,5,1,-1,0,8,0,0,0,0,1,1,-1,9,1,34,6,1560,2,11,FORD FOCUS,2,E01011918,0,1
2024371501949,2024,371501949,3,9,0,-1,2,0,0,-1,0,8,0,0,0,0,3,1,-1,9,1,84,11,1596,1,13,FORD FOCUS,5,E01030199,0,1
2024010497814,2024,010497814,2,9,0,99,99,9,9,99,99,9,9,99,9,99,9,1,6,6,3,24,5,1596,1,12,FORD FOCUS,6,E01033868,0,2
2024010532562,2024,010532562,1,9,0,18,19,1,5,0,0,0,5,4,0,0,1,1,6,6,2,30,6,1596,1,18,FORD FOCUS,-1,-1,0,-1
2024332401107,2024,332401107,1,9,0,-1,19,6,2,-1,0,0,0,0,0,0,1,1,-1,1,1,29,6,1499,2,7,FORD FOCUS,2,E01013746,0,1
2024531420464,2024,531420464,2,9,0,-1,2,0,0,-1,0,0,0,0,0,0,2,1,-1,6,-1,-1,-1,1560,2,12,FORD FOCUS,-1,-1,0,-1
2024302400253,2024,302400253,1,9,0,15,15,1,5,0,0,1,0,0,0,0,1,1,2,2,1,54,8,1499,2,1,FORD FOCUS,10,E01019756,0,1
2024421512704,2024,421512704,2,9,0,-1,19,7,3,-1,0,0,0,0,0,0,2,1,-1,9,2,34,6,1596,1,17,FORD FOCUS,1,E01015842,0,1
2024311518915,2024,311518915,2,9,0,-1,19,5,1,-1,0,8,0,0,0,0,1,1,-1,9,1,49,8,1997,2,8,FORD FOCUS,7,E01028326,0,3
2024401498742,2024,401498742,1,9,0,-1,4,3,7,-1,0,0,0,0,0,0,2,1,-1,9,1,52,8,999,1,6,FORD FOCUS,8,E01034434,0,1
2024122400200,2024,122400200,1,9,0,3,3,5,1,0,0,1,0,0,0,0,2,1,6,6,1,60,9,998,1,10,FORD FOCUS,1,E01011917,0,4
2024052401828,2024,052401828,2,8,0,5,5,7,3,0,0,6,0,0,0,0,4,1,6,6,1,55,8,1560,2,9,FORD FOCUS,1,E01006766,0,1
2024161441379,2024,161441379,1,9,0,-1,19,6,2,-1,0,0,0,0,5,0,4,1,-1,6,1,45,7,1560,2,13,FORD FOCUS,1,E01012854,0,1
2024070228858,2024,070228858,2,9,0,18,19,4,8,0,0,1,0,0,0,0,1,1,6,6,1,49,8,998,1,12,FORD FOCUS,2,E01018546,0,2
2024131467533,2024,131467533,1,9,0,-1,19,8,4,-1,0,8,0,0,0,0,1,1,-1,9,2,76,11,1596,1,12,FORD FOCUS,7,E01011383,0,2
2024010507412,2024,010507412,1,9,0,99,99,9,9,99,99,9,9,99,9,99,1,9,6,6,1,36,7,1499,2,8,FORD FOCUS,7,E01004081,0,1
2024520401704,2024,520401704,3,9,0,18,19,3,7,0,0,1,0,0,0,0,1,1,6,6,2,66,10,1596,1,23,FORD FOCUS,8,E01029145,0,2
2024411524449,2024,411524449,1,9,0,-1,19,8,4,-1,0,0,1,0,0,0,1,1,-1,2,1,42,7,1596,1,20,FORD FOCUS,10,E01023695,0,3
2024302400657,2024,302400657,2,9,0,18,19,3,8,0,0,3,0,0,0,0,4,1,6,6,1,29,6,2261,1,7,FORD FOCUS,8,E01029370,0,4
2024461484811,2024,461484811,1,9,0,-1,5,5,1,-1,0,1,0,0,0,0,4,1,-1,6,1,52,8,1560,2,12,FORD FOCUS,8,E01024438,0,3
2024552400481,2024,552400481,2,9,0,2,2,0,0,0,0,0,0,0,0,0,3,1,6,6,1,57,9,1560,2,9,FORD FOCUS,10,E01022219,0,5
2024552401545,2024,552401545,1,9,0,18,19,1,5,9,9,0,0,0,1,4,1,1,6,6,1,37,7,1560,2,13,FORD FOCUS,3,E01015357,0,1
2024332401051,2024,332401051,2,9,0,-1,19,4,8,-1,0,8,1,0,0,0,1,1,-1,2,1,52,8,999,1,9,FORD FOCUS,10,E01025902,0,2
2024010528440,2024,010528440,1,9,9,1,1,1,5,99,99,9,0,99,9,0,2,1,6,6,1,22,5,999,1,5,FORD FOCUS,2,E01004464,0,1
2024461441278,2024,461441278,2,9,0,-1,19,1,5,-1,0,0,0,0,0,0,2,1,-1,9,2,33,6,1999,1,15,FORD FOCUS,7,E01003199,0,3
202460Q029824,2024,60Q029824,2,9,0,18,19,5,1,0,0,0,0,0,1,7,3,1,6,6,1,52,8,1560,2,12,FORD FOCUS,-1,-1,0,-1
2024201485945,2024,201485945,1,9,0,-1,3,7,3,-1,0,4,0,0,0,0,2,1,-1,6,1,40,7,999,1,5,FORD FOCUS,3,E01009441,0,1
2024122400339,2024,122400339,1,9,0,2,2,0,0,0,0,0,0,0,0,0,3,1,1,1,1,48,8,1499,2,6,FORD FOCUS,7,E01027707,0,1
2024101483377,2024,101483377,1,9,0,-1,19,5,1,-1,0,0,0,0,0,0,1,1,-1,6,1,59,9,1560,2,15,FORD FOCUS,2,E01020618,0,1
2024440420804,2024,440420804,2,9,0,18,19,2,6,0,0,4,0,0,0,0,1,1,2,2,2,60,9,1560,2,10,FORD FOCUS,10,E01022498,0,1
2024430128329,2024,430128329,3,9,0,18,19,1,5,0,0,0,1,0,0,0,1,1,6,6,1,20,4,2521,1,17,FORD FOCUS,3,E01016720,0,1
2024201426185,2024,201426185,1,9,0,-1,19,1,5,-1,0,0,0,4,0,0,4,1,-1,6,1,26,6,1596,1,14,FORD FOCUS,1,E01009377,0,1
2024501449288,2024,501449288,1,9,0,-1,19,1,5,-1,0,0,0,0,0,0,4,9,-1,6,2,56,9,1560,2,12,FORD FOCUS,6,E01019933,0,1
202454A137024,2024,54A137024,2,9,0,18,19,2,6,0,0,0,1,0,1,9,1,1,6,6,1,21,5,999,1,8,FORD FOCUS,6,E01031846,0,1
2024201447516,2024,201447516,1,9,0,-1,5,3,7,-1,9,0,0,10,1,11,1,1,-1,6,3,-1,-1,1997,2,10,FORD FOCUS,-1,-1,0,-1
2024061471205,2024,061471205,1,9,0,-1,15,4,8,-1,0,1,0,0,0,0,1,1,-1,6,2,38,7,998,1,11,FORD FOCUS,2,E01005829,0,1
2024010512026,2024,010512026,1,9,0,3,3,5,1,0,0,1,0,0,0,0,2,1,6,6,1,38,7,1596,1,21,FORD FOCUS,-1,-1,0,-1
2024351405174,2024,351405174,2,9,0,-1,19,5,1,-1,0,0,0,0,0,0,1,1,-1,6,1,43,7,999,1,6,FORD FOCUS,2,E01015634,0,1
2024201494678,2024,201494678,3,9,0,-1,19,6,2,-1,0,2,0,0,0,0,2,9,-1,6,1,58,9,999,1,8,FORD FOCUS,7,E01009506,0,1
2024461432752,2024,461432752,2,9,0,-1,9,7,4,-1,0,8,0,0,0,0,3,9,-1,9,1,75,10,1596,1,13,FORD FOCUS,6,E01003223,0,4
2024010509384,2024,010509384,2,9,0,99,99,9,9,99,99,9,9,99,9,99,9,9,6,6,3,-1,-1,1596,1,18,FORD FOCUS,-1,-1,0,-1
2024302401527,2024,302401527,2,9,0,18,19,2,6,0,0,8,0,0,0,0,0,1,6,6,2,50,8,999,1,2,FORD FOCUS,3,E01011314,0,4
2024991434569,2024,991434569,4,9,0,-1,2,7,3,-1,0,0,0,0,0,0,2,1,-1,6,1,48,8,1997,2,7,FORD FOCUS,-1,-1,0,-1
2024371474778,2024,371474778,3,9,0,-1,19,7,3,-1,0,0,0,0,0,0,1,1,-1,2,1,58,9,1499,2,7,FORD FOCUS,6,E01030061,0,3
2024010530585,2024,010530585,2,9,0,18,19,1,5,0,0,1,0,0,0,0,2,1,6,6,1,35,6,1596,1,16,FORD FOCUS,5,E01009948,0,5
2024610033924,2024,610033924,2,9,0,18,19,1,5,0,0,8,0,0,0,0,1,1,6,6,1,19,4,1560,2,10,FORD FOCUS,1,W01001459,0,1
2024052400442,2024,052400442,2,9,0,1,1,3,1,0,0,5,0,0,0,0,2,2,6,6,1,38,7,1560,2,9,FORD FOCUS,1,E01006690,0,1
2024131469185,2024,131469185,2,9,0,-1,10,8,5,-1,0,8,0,0,0,0,2,1,-1,9,1,60,9,1499,2,9,FORD FOCUS,5,E01010581,0,2
2024101445602,2024,101445602,1,9,0,-1,14,7,7,-1,0,1,0,0,0,0,0,1,-1,9,2,35,6,1596,1,12,FORD FOCUS,2,E01008812,0,1
2024440523135,2024,440523135,1,9,0,18,19,1,5,0,0,0,0,0,0,0,2,1,6,6,2,37,7,1560,2,12,FORD FOCUS,1,E01017237,0,1
2024052400795,2024,052400795,2,9,0,2,2,0,0,0,0,0,0,0,0,0,3,1,6,6,1,41,7,1596,1,16,FORD FOCUS,8,E01006922,0,2
2024421410857,2024,421410857,1,9,0,-1,19,5,1,-1,0,0,0,0,0,0,1,1,-1,9,2,57,9,1798,1,15,FORD FOCUS,3,E01021889,0,1
2024371410799,2024,371410799,1,9,0,-1,19,7,3,-1,0,0,0,0,0,0,4,1,-1,9,2,18,4,1560,2,12,FORD FOCUS,4,E01024771,0,4
2024061478615,2024,061478615,2,9,0,-1,19,1,5,-1,0,1,0,0,0,0,1,1,-1,9,1,32,6,998,1,11,FORD FOCUS,2,E01006066,0,1
2024471416027,2024,471416027,6,9,0,-1,19,7,3,-1,0,0,1,0,0,0,2,1,-1,6,2,49,8,999,1,5,FORD FOCUS,6,E01003359,0,4
2024231401967,2024,231401967,1,9,0,-1,19,6,2,-1,0,0,1,0,4,0,1,9,-1,6,2,31,6,1499,2,1,FORD FOCUS,2,E01015699,0,5
2024991472646,2024,991472646,1,9,0,-1,19,6,2,-1,0,2,5,0,7,4,4,1,-1,9,2,20,4,999,1,1,FORD FOCUS,3,-1,0,2
2024461461626,2024,461461626,2,9,0,-1,1,3,7,-1,0,6,0,0,0,0,4,1,-1,1,2,36,7,1499,2,9,FORD FOCUS,3,E01001700,0,4
2024010497830,2024,010497830,1,9,0,18,19,5,1,0,0,0,0,0,0,0,1,1,6,6,2,35,6,1997,2,13,FORD FOCUS,2,E01034479,0,2
2024451457494,2024,451457494,1,9,0,-1,3,5,1,-1,0,1,0,0,0,0,2,1,-1,9,1,33,6,1499,2,9,FORD FOCUS,10,E01030902,0,3
2024471396149,2024,471396149,3,9,0,-1,19,2,6,-1,0,0,0,0,0,0,0,1,-1,1,1,25,5,1995,2,2,FORD FOCUS,-1,-1,0,-1
2024070266670,2024,070266670,1,9,0,7,7,4,6,0,0,6,0,0,0,0,4,1,2,2,1,-1,-1,999,1,5,FORD FOCUS,7,E01012476,0,1
2024041482722,2024,041482722,2,9,0,-1,19,1,5,-1,0,0,0,0,0,0,2,1,-1,6,1,27,6,1596,1,15,FORD FOCUS,9,E01007832,0,4
2024010519046,2024,010519046,1,9,0,9,9,1,7,0,0,8,0,0,0,0,1,1,6,6,2,60,9,1596,1,9,FORD FOCUS,2,E01001320,0,1
2024461529493,2024,461529493,1,9,0,-1,9,8,3,-1,0,6,0,0,0,0,1,2,-1,9,1,29,6,1560,2,12,FORD FOCUS,10,E01024323,0,2
2024141465074,2024,141465074,2,9,0,-1,19,4,8,-1,0,0,0,0,0,0,2,1,-1,9,2,45,7,1798,1,18,FORD FOCUS,-1,-1,0,-1
2024141488738,2024,141488738,1,9,0,-1,19,1,5,-1,0,0,0,0,0,0,3,1,-1,9,1,59,9,999,1,6,FORD FOCUS,2,E01008008,0,1
2024231404742,2024,231404742,1,9,0,-1,19,2,8,-1,0,0,0,0,1,1,1,9,-1,9,1,64,9,999,1,9,FORD FOCUS,4,E01031047,0,2
2024010520825,2024,010520825,1,9,0,99,99,9,9,99,99,9,9,99,9,99,9,9,6,6,1,45,7,1499,2,7,FORD FOCUS,3,E01030608,0,4
2024221516660,2024,221516660,1,9,0,-1,19,7,2,-1,0,0,2,0,2,4,4,9,-1,6,1,51,8,1499,2,9,FORD FOCUS,2,E01029426,0,4
2024320061197,2024,320061197,2,9,0,10,10,5,3,0,0,5,0,0,1,0,2,1,-1,-1,2,33,6,1560,2,11,FORD FOCUS,6,E01026411,0,1
2024631464467,2024,631464467,1,9,0,-1,19,8,2,-1,0,1,0,0,0,0,1,2,-1,9,1,60,9,1499,2,7,FORD FOCUS,3,W01001885,0,4
2024501487358,2024,501487358,1,9,0,-1,19,3,7,-1,0,0,0,0,0,0,1,1,-1,9,2,69,10,1560,2,12,FORD FOCUS,1,E01015149,0,2
2024421488364,2024,421488364,1,9,0,-1,9,3,8,-1,0,8,0,0,0,0,0,1,-1,6,1,25,5,1596,1,18,FORD FOCUS,4,E01022040,0,4
2024522402097,2024,522402097,2,9,0,2,2,0,0,0,0,2,0,0,0,0,9,1,6,6,3,-1,-1,1560,2,10,FORD FOCUS,-1,-1,0,-1
2024501462944,2024,501462944,1,9,0,-1,19,5,1,-1,0,1,0,10,3,11,1,1,-1,9,1,77,11,999,1,2,FORD FOCUS,8,E01016232,0,5
2024421514929,2024,421514929,1,9,0,-1,19,5,1,-1,0,0,0,0,0,0,1,1,-1,6,3,-1,-1,999,1,9,FORD FOCUS,-1,-1,0,-1
2024052401988,2024,052401988,4,9,0,18,19,6,2,0,0,1,0,0,0,0,3,1,6,6,1,57,9,998,1,10,FORD FOCUS,1,E01006677,0,1
2024991444556,2024,991444556,1,9,0,-1,19,8,4,-1,0,0,0,0,1,2,1,1,-1,9,1,27,6,1499,2,7,FORD FOCUS,5,-1,0,3
2024070627588,2024,070627588,2,9,0,3,3,5,1,0,0,1,0,0,0,0,2,1,6,6,1,37,7,1995,2,2,FORD FOCUS,9,E01007266,0,4
2024451441349,2024,451441349,2,9,0,-1,19,5,1,-1,0,0,0,0,0,0,3,1,-1,9,1,57,9,999,8,1,FORD FOCUS,6,E01002636,0,3
2024010497788,2024,010497788,1,9,0,9,9,8,5,0,0,1,0,0,0,0,4,1,6,6,1,73,10,1499,2,8,FORD FOCUS,6,E01004486,0,1
2024522403208,2024,522403208,3,9,0,18,19,4,8,0,0,8,0,0,0,0,3,1,6,6,1,43,7,1596,1,15,FORD FOCUS,10,E01033336,0,1
2024010526334,2024,010526334,1,9,0,18,19,5,1,0,0,8,0,0,0,0,1,1,6,6,1,34,6,1798,1,17,FORD FOCUS,2,E01001772,0,2
2024461505746,2024,461505746,1,9,0,-1,19,1,5,-1,0,0,0,0,0,0,1,9,-1,6,1,47,8,1596,1,18,FORD FOCUS,2,E01023976,0,1
2024231456639,2024,231456639,2,9,0,-1,19,3,7,-1,0,0,0,0,0,0,1,1,-1,9,1,25,5,1596,1,18,FORD FOCUS,10,E01032893,0,1
2024302401521,2024,302401521,2,9,0,18,19,4,8,0,0,8,0,0,0,0,1,1,2,2,2,44,7,1596,1,17,FORD FOCUS,3,E01013547,0,1
2024461507916,2024,461507916,2,9,0,-1,9,5,1,-1,0,8,0,0,0,0,3,1,-1,2,1,51,8,999,1,1,FORD FOCUS,9,E01024720,0,1
2024201459031,2024,201459031,2,9,0,-1,2,0,0,-1,0,0,0,0,0,0,1,1,-1,6,2,44,7,1596,1,22,FORD FOCUS,-1,-1,0,-1
2024552400082,2024,552400082,1,9,0,18,19,1,5,0,0,0,0,0,0,0,1,1,3,7,2,72,10,1596,1,22,FORD FOCUS,3,E01015442,0,1
2024010525851,2024,010525851,2,9,0,99,99,9,9,0,0,9,0,99,0,0,0,9,6,6,3,-1,-1,1596,1,13,FORD FOCUS,-1,-1,0,-1
2024430157594,2024,430157594,2,9,0,18,19,1,5,0,0,1,0,0,0,0,4,1,6,6,2,76,11,999,8,0,FORD FOCUS,3,E01028453,0,1
2024451420183,2024,451420183,1,9,0,-1,19,8,4,-1,0,1,0,0,0,0,1,1,-1,2,1,47,8,1596,1,15,FORD FOCUS,1,E01016372,0,4
2024501456905,2024,501456905,1,9,0,-1,7,5,8,-1,0,6,0,0,0,0,1,1,-1,9,1,81,11,1596,1,10,FORD FOCUS,9,E01006796,0,5
2024371397290,2024,371397290,1,9,0,-1,19,6,8,-1,0,6,0,0,0,0,1,1,-1,6,1,86,11,1499,2,9,FORD FOCUS,8,E01030107,0,1
2024471524238,2024,471524238,2,9,0,-1,19,2,6,-1,0,8,0,0,0,0,2,1,-1,7,2,36,7,1560,2,11,FORD FOCUS,6,E01031673,0,1
2024351580648,2024,351580648,3,9,0,-1,19,1,5,-1,0,0,0,0,0,0,1,1,-1,6,2,23,5,1499,2,3,FORD FOCUS,5,E01018304,0,2
2024131415228,2024,131415228,1,9,0,-1,19,3,1,-1,0,1,0,0,0,0,4,1,-1,2,1,28,6,1596,1,17,FORD FOCUS,1,E01010850,0,2
2024371484472,2024,371484472,1,9,0,-1,19,8,4,-1,0,1,0,0,0,0,1,1,-1,9,1,60,9,1560,2,17,FORD FOCUS,4,E01030251,0,1
2024010539192,2024,010539192,2,9,0,9,9,1,7,0,0,6,0,0,0,0,1,1,2,2,1,30,6,1596,1,14,FORD FOCUS,6,E01002246,0,1
2024211442941,2024,211442941,2,9,0,-1,9,7,5,-1,0,2,0,0,0,0,1,1,-1,9,1,89,11,1596,1,10,FORD FOCUS,5,E01029740,0,3
2024320440391,2024,320440391,1,9,0,10,10,2,8,0,0,1,0,0,0,0,4,1,6,6,1,62,9,1753,2,22,FORD FOCUS,9,E01026273,0,1
2024010517922,2024,010517922,1,9,0,18,19,1,5,0,0,2,0,0,0,0,1,1,6,6,1,-1,-1,1999,1,17,FORD FOCUS,3,E01003479,0,1
2024201511114,2024,201511114,1,9,0,-1,19,6,2,-1,0,8,0,0,0,0,1,1,-1,6,2,54,8,1596,1,13,FORD FOCUS,3,E01010218,0,1
2024421444677,2024,421444677,1,9,0,-1,19,7,3,-1,0,0,0,6,0,0,1,1,-1,6,2,42,7,1999,1,18,FORD FOCUS,10,E01021912,0,1
2024461420729,2024,461420729,1,9,0,-1,5,5,1,-1,0,2,1,0,0,0,3,9,-1,9,2,32,6,1596,1,13,FORD FOCUS,2,E01024534,0,1
2024451428895,2024,451428895,2,9,9,-1,99,5,1,-1,5,6,9,99,0,0,9,1,-1,6,1,30,6,1596,1,12,FORD FOCUS,9,E01022547,0,4
2024010497702,2024,010497702,2,9,9,99,99,9,9,99,99,9,9,0,0,0,9,9,6,6,3,-1,-1,1798,1,17,FORD FOCUS,-1,-1,0,-1
2024201520979,2024,201520979,1,9,0,-1,19,5,1,-1,0,1,0,0,0,0,1,9,-1,9,1,-1,-1,1499,2,4,FORD FOCUS,9,E01009860,0,1
2024010541783,2024,010541783,1,9,0,18,19,6,2,0,0,0,0,0,0,0,4,1,6,6,2,64,9,998,1,11,FORD FOCUS,10,E01021431,0,2
2024010497513,2024,010497513,2,9,0,99,99,9,9,99,99,9,9,99,9,99,1,9,6,6,3,-1,-1,1596,1,17,FORD FOCUS,-1,-1,0,-1
2024070676820,2024,070676820,2,9,0,18,19,2,6,0,0,2,0,0,0,0,3,1,6,6,1,30,6,999,8,1,FORD FOCUS,6,E01018749,0,1
2024041513375,2024,041513375,5,9,0,-1,19,5,1,-1,0,0,0,0,0,0,2,1,-1,9,1,43,7,999,1,4,FORD FOCUS,5,E01025865,0,5
2024010521875,2024,010521875,1,9,0,99,99,9,9,99,99,0,9,99,9,99,9,9,6,6,2,52,8,999,1,7,FORD FOCUS,9,E01000359,0,1
2024411429622,2024,411429622,1,9,0,-1,19,5,1,-1,0,0,0,0,0,0,1,1,-1,6,1,28,6,1596,1,12,FORD FOCUS,-1,-1,0,-1
2024471433880,2024,471433880,3,9,0,-1,19,5,1,-1,0,8,0,0,0,0,3,1,-1,6,1,54,8,1798,1,16,FORD FOCUS,5,E01031604,0,1