collision_index,collision_year,collision_ref_no,vehicle_reference,vehicle_type,towing_and_articulation,vehicle_manoeuvre_historic,vehicle_manoeuvre,vehicle_direction_from,vehicle_direction_to,vehicle_location_restricted_lane_historic,vehicle_location_restricted_lane,junction_location,skidding_and_overturning,hit_object_in_carriageway,vehicle_leaving_carriageway,hit_object_off_carriageway,first_point_of_impact,vehicle_left_hand_drive,journey_purpose_of_driver_historic,journey_purpose_of_driver,sex_of_driver,age_of_driver,age_band_of_driver,engine_capacity_cc,propulsion_code,age_of_vehicle,generic_make_model,driver_imd_decile,lsoa_of_driver,escooter_flag,driver_distance_banding
2024461421497,2024,461421497,1,9,0,-1,4,1,5,-1,0,0,0,0,0,0,3,1,-1,9,2,72,10,1596,1,11,FORD FOCUS,1,E01024649,0,1
2024201467722,2024,201467722,1,9,0,-1,9,5,3,-1,0,5,0,0,0,0,1,1,-1,9,1,63,9,1560,2,18,FORD FOCUS,1,E01009355,0,1
2024010522648,2024,010522648,2,9,0,99,99,9,9,99,99,9,9,99,9,99,9,9,6,6,3,-1,-1,1596,1,13,FORD FOCUS,-1,-1,0,-1
2024351458321,2024,351458321,1,9,0,-1,4,1,5,-1,0,0,0,0,0,0,1,1,-1,9,2,37,7,1596,1,11,FORD FOCUS,3,E01017975,0,1
2024302500257,2024,302500257,1,9,0,-1,19,3,7,-1,0,0,0,0,0,0,3,1,-1,6,1,32,6,1499,2,7,FORD FOCUS,4,E01027963,0,3
2024031401475,2024,031401475,2,9,0,-1,3,1,3,-1,0,1,0,0,0,0,1,1,-1,6,1,41,7,1499,2,9,FORD FOCUS,2,E01033160,0,1
2024440078693,2024,440078693,2,9,0,18,19,3,7,0,0,1,1,0,0,0,1,1,6,6,1,54,8,999,1,3,FORD FOCUS,4,E01017312,0,3
2024471483491,2024,471483491,2,9,0,-1,19,5,2,-1,0,1,0,0,0,0,4,1,-1,9,2,75,10,1596,1,13,FORD FOCUS,4,E01020981,0,1
2024332400178,2024,332400178,2,9,0,-1,19,3,8,-1,0,8,0,0,0,0,1,1,-1,9,2,58,9,1560,2,10,FORD FOCUS,8,E01025739,0,1
2024061526413,2024,061526413,2,9,0,-1,-1,-1,-1,-1,-1,-1,-1,-1,-1,0,-1,9,-1,6,3,-1,-1,1997,2,18,FORD FOCUS,-1,-1,0,-1
2024052401088,2024,052401088,2,9,0,3,3,4,2,0,0,1,0,0,0,0,3,1,6,6,2,33,6,999,1,4,FORD FOCUS,1,E01006791,0,1
2024421529352,2024,421529352,1,9,0,-1,9,8,5,-1,0,0,0,0,0,0,1,1,-1,2,2,48,8,998,1,10,FORD FOCUS,6,E01021689,0,1
2024131500574,2024,131500574,1,9,0,-1,19,1,5,-1,0,0,0,0,0,0,1,1,-1,6,1,52,8,2261,1,6,FORD FOCUS,1,E01011746,0,1
2024061403099,2024,061403099,1,9,0,-1,19,8,4,-1,0,0,0,0,0,0,1,1,-1,1,1,44,7,1753,2,16,FORD FOCUS,2,E01005008,0,1
2024010535727,2024,010535727,2,9,0,99,99,9,9,99,99,9,9,99,9,99,1,9,6,6,1,36,7,999,1,6,FORD FOCUS,3,E01003599,0,1
2024371418032,2024,371418032,2,9,0,-1,4,5,1,-1,0,2,0,0,0,0,4,1,-1,6,1,29,6,999,1,8,FORD FOCUS,3,E01029985,0,2
2024061417551,2024,061417551,2,9,0,-1,4,4,8,-1,1,0,0,0,0,0,2,1,-1,6,1,50,8,1596,1,18,FORD FOCUS,3,E01006061,0,3
2024421465480,2024,421465480,2,9,0,-1,9,2,8,-1,0,6,0,0,0,0,1,1,-1,9,1,71,10,1560,2,13,FORD FOCUS,5,E01021499,0,1
2024546062324,2024,546062324,1,9,0,18,19,2,6,0,0,2,5,4,0,0,1,1,6,6,2,48,8,1596,1,22,FORD FOCUS,7,E01032078,0,1
2024501439792,2024,501439792,1,9,0,-1,19,7,3,-1,0,0,0,0,0,0,1,1,-1,9,1,29,6,1596,1,19,FORD FOCUS,5,E01029193,0,5
2024211456400,2024,211456400,2,9,0,-1,19,7,3,-1,0,3,0,0,0,0,1,1,-1,9,2,34,6,1499,2,4,FORD FOCUS,1,E01034052,0,1
2024501446219,2024,501446219,1,9,0,-1,3,8,4,-1,0,4,0,0,0,0,1,1,-1,6,1,39,7,1560,2,16,FORD FOCUS,-1,-1,0,-1
2024411541112,2024,411541112,4,9,0,-1,4,1,5,-1,0,0,0,0,0,0,2,1,-1,6,1,61,9,1596,1,12,FORD FOCUS,4,E01017275,0,5
2024340WN2652,2024,340WN2652,1,9,0,-1,19,5,1,-1,0,6,0,0,0,0,2,1,-1,1,1,42,7,1499,2,8,FORD FOCUS,7,E01023579,0,4
2024141476109,2024,141476109,4,9,0,-1,2,0,0,-1,0,0,0,0,0,0,1,1,-1,6,-1,-1,-1,1560,2,13,FORD FOCUS,-1,-1,0,-1
2024471486753,2024,471486753,2,9,0,-1,4,7,3,-1,0,1,0,0,0,0,2,1,-1,9,1,43,7,1596,1,13,FORD FOCUS,6,E01030833,0,2
2024440432596,2024,440432596,2,9,0,2,2,0,0,0,0,2,0,0,0,0,2,1,6,6,2,60,9,1596,1,16,FORD FOCUS,-1,-1,0,-1
2024531452741,2024,531452741,1,9,0,-1,19,3,7,-1,0,0,5,0,0,0,1,1,-1,9,1,39,7,1560,2,15,FORD FOCUS,8,E01034781,0,3
2024052402807,2024,052402807,1,9,0,18,19,4,8,0,0,2,0,0,0,0,1,1,6,6,1,65,9,1997,2,9,FORD FOCUS,1,E01006874,0,1
2024421497155,2024,421497155,1,9,0,-1,3,6,2,-1,0,0,0,0,0,0,2,1,-1,6,1,35,6,1560,2,14,FORD FOCUS,-1,-1,0,-1
2024010503540,2024,010503540,2,9,0,99,99,9,9,99,99,9,9,99,9,99,1,9,6,6,2,42,7,1596,1,13,FORD FOCUS,2,E01003313,0,1
2024461509685,2024,461509685,2,9,0,-1,19,3,7,-1,0,0,0,0,0,0,2,1,-1,9,2,41,7,1596,1,18,FORD FOCUS,8,E01000390,0,3
2024041416769,2024,041416769,1,9,0,-1,19,1,5,-1,0,1,0,0,0,0,1,1,-1,6,1,38,7,1753,2,17,FORD FOCUS,4,E01025567,0,1
2024010515084,2024,010515084,2,9,0,1,1,1,5,99,99,9,0,0,0,0,9,9,6,6,3,-1,-1,1596,1,16,FORD FOCUS,-1,-1,0,-1
2024122400083,2024,122400083,2,9,0,18,19,3,7,0,0,8,0,0,0,0,0,1,6,6,2,33,6,999,1,7,FORD FOCUS,6,E01027703,0,1
2024421495957,2024,421495957,2,9,0,-1,19,1,5,-1,0,8,0,0,0,0,3,1,-1,9,1,38,7,1560,2,12,FORD FOCUS,7,E01035167,0,1
2024052402757,2024,052402757,1,9,0,18,19,1,6,0,0,0,0,0,1,0,1,1,6,6,1,46,8,999,8,0,FORD FOCUS,1,E01006541,0,1
2024440482312,2024,440482312,2,9,0,18,19,7,3,0,0,0,0,0,0,0,1,1,6,6,1,49,8,999,1,3,FORD FOCUS,8,E01032001,0,4
2024061437232,2024,061437232,1,9,0,-1,19,7,2,-1,0,0,0,0,0,0,1,2,-1,6,1,-1,-1,1596,1,15,FORD FOCUS,-1,-1,0,-1
2024010499047,2024,010499047,2,9,9,99,99,9,9,99,99,6,9,99,9,99,9,9,6,6,3,-1,-1,1596,1,11,FORD FOCUS,-1,-1,0,-1
2024430402627,2024,430402627,1,9,0,7,7,5,7,0,0,8,0,0,0,0,3,1,6,6,1,36,7,1798,1,14,FORD FOCUS,7,E01016825,0,1
2024311431646,2024,311431646,1,9,0,-1,7,7,3,-1,0,5,0,0,0,0,4,9,-1,6,1,31,6,1499,2,7,FORD FOCUS,-1,-1,0,-1
2024010502906,2024,010502906,2,9,0,4,4,7,3,0,0,1,0,0,0,0,1,1,6,6,3,-1,-1,1496,1,5,FORD FOCUS,-1,-1,0,-1
2024221479185,2024,221479185,2,9,0,-1,19,6,2,-1,0,8,0,0,0,0,1,1,-1,6,1,70,10,1560,2,10,FORD FOCUS,7,E01029086,0,4
2024440379620,2024,440379620,1,9,0,9,9,1,7,0,0,6,0,0,0,0,1,1,6,6,1,77,11,1560,2,13,FORD FOCUS,-1,-1,0,-1
202460Q140474,2024,60Q140474,1,9,0,18,19,5,1,0,0,0,0,0,0,0,1,1,6,6,1,59,9,999,1,9,FORD FOCUS,-1,-1,0,-1
2024131400438,2024,131400438,1,9,0,-1,12,7,3,-1,0,8,0,0,0,0,1,1,-1,9,2,37,7,1596,1,14,FORD FOCUS,2,E01011485,0,1
2024451410579,2024,451410579,2,9,0,-1,19,1,1,-1,0,0,0,0,0,0,1,1,-1,6,2,31,6,1596,1,13,FORD FOCUS,10,E01030370,0,1
2024411459481,2024,411459481,1,9,0,-1,4,4,8,-1,0,1,0,0,0,0,-1,1,-1,6,2,-1,-1,1596,1,18,FORD FOCUS,-1,-1,0,-1
2024201493325,2024,201493325,1,9,0,-1,5,5,1,-1,0,2,0,0,0,0,1,1,-1,7,2,28,6,1560,2,11,FORD FOCUS,7,E01009915,0,1
2024461502027,2024,461502027,2,9,0,-1,5,5,1,-1,0,8,0,0,0,0,1,9,-1,6,1,65,9,999,1,4,FORD FOCUS,8,E01024313,0,1
2024991518178,2024,991518178,2,9,0,-1,3,8,4,-1,0,1,0,0,2,0,2,1,-1,6,2,36,7,1596,1,12,FORD FOCUS,7,-1,0,4
2024501425782,2024,501425782,2,9,0,-1,3,6,2,-1,0,4,0,0,0,0,1,1,-1,9,2,53,8,1999,1,16,FORD FOCUS,2,E01015162,0,2
2024430396389,2024,430396389,1,9,0,18,19,2,6,0,0,1,0,0,0,0,1,1,6,6,1,-1,-1,1596,1,15,FORD FOCUS,-1,-1,0,-1
2024311420230,2024,311420230,2,9,0,-1,4,7,3,-1,0,0,0,0,0,0,1,1,-1,6,2,48,8,1560,2,11,FORD FOCUS,-1,-1,0,-1
2024522401286,2024,522401286,2,9,0,18,19,6,2,0,0,0,0,0,0,0,1,1,6,6,2,26,6,1753,2,15,FORD FOCUS,1,W01001856,0,4
2024501457677,2024,501457677,1,9,0,-1,19,7,3,-1,0,0,0,0,0,0,3,1,-1,9,1,78,11,1596,1,14,FORD FOCUS,9,E01016308,0,5
2024461428563,2024,461428563,1,9,0,-1,19,3,7,-1,0,5,1,0,1,2,2,1,-1,9,1,31,6,1798,1,16,FORD FOCUS,8,E01000411,0,4
2024161486357,2024,161486357,1,9,0,-1,19,7,3,-1,0,0,0,0,0,0,1,1,-1,9,1,63,9,1560,2,11,FORD FOCUS,3,E01012759,0,4
2024041534839,2024,041534839,2,9,0,-1,19,8,4,-1,0,0,0,0,0,0,2,1,-1,1,2,42,7,1499,2,5,FORD FOCUS,1,E01012704,0,1
2024421533456,2024,421533456,1,9,0,-1,7,7,5,-1,0,3,0,0,0,0,1,1,-1,1,1,27,6,999,1,1,FORD FOCUS,-1,-1,0,-1
2024421451950,2024,421451950,3,9,0,-1,19,5,1,-1,0,1,0,0,0,0,0,1,-1,1,1,-1,-1,999,1,1,FORD FOCUS,7,E01021544,0,4
2024010545070,2024,010545070,4,9,0,4,4,5,1,0,0,0,0,0,0,0,1,1,6,6,1,55,8,1596,1,21,FORD FOCUS,1,E01002026,0,3
2024041480169,2024,041480169,2,9,0,-1,19,5,1,-1,0,0,0,0,0,0,3,1,-1,9,1,42,7,999,8,1,FORD FOCUS,1,E01012749,0,1
2024201451163,2024,201451163,1,9,0,-1,19,8,4,-1,0,0,0,0,0,0,1,9,-1,6,1,-1,-1,1596,1,13,FORD FOCUS,-1,-1,0,-1
2024371413371,2024,371413371,1,9,-1,-1,-1,-1,-1,-1,-1,0,-1,-1,-1,0,-1,9,-1,6,1,39,7,1498,1,10,FORD FOCUS,2,E01030032,0,4
2024520402828,2024,520402828,2,9,0,18,19,7,3,0,0,8,0,0,0,0,1,1,6,6,2,75,10,1560,2,12,FORD FOCUS,10,E01029074,0,3
2024201542326,2024,201542326,2,9,0,-1,19,1,5,-1,0,1,0,0,0,0,4,9,-1,6,1,45,7,1596,1,13,FORD FOCUS,1,E01010283,0,1
2024221525865,2024,221525865,1,9,0,-1,5,1,5,-1,0,4,0,0,0,0,1,9,-1,6,1,31,6,1999,1,11,FORD FOCUS,7,E01028918,0,3
2024311489327,2024,311489327,1,9,0,-1,19,5,1,-1,0,6,0,0,0,0,1,1,-1,6,1,32,6,999,1,7,FORD FOCUS,6,E01028242,0,1
2024361434727,2024,361434727,3,9,0,-1,4,5,1,-1,0,1,0,0,0,0,4,1,-1,9,2,22,5,999,1,6,FORD FOCUS,8,E01026578,0,3
2024471515861,2024,471515861,1,9,0,-1,19,1,4,-1,0,4,0,0,0,0,1,1,-1,6,2,43,7,1798,1,15,FORD FOCUS,4,E01020957,0,4
2024010520805,2024,010520805,1,9,0,99,99,9,9,99,99,9,9,99,9,99,1,9,6,6,3,-1,-1,1499,2,3,FORD FOCUS,-1,-1,0,-1
2024131416214,2024,131416214,1,9,0,-1,19,1,5,-1,0,2,1,4,0,0,1,1,-1,6,1,41,7,999,1,1,FORD FOCUS,2,E01011224,0,1
2024010504222,2024,010504222,1,9,9,99,99,9,9,99,99,6,9,99,9,99,9,9,6,6,3,-1,-1,1596,1,12,FORD FOCUS,-1,-1,0,-1
2024141495858,2024,141495858,1,9,0,-1,19,8,4,-1,0,2,0,0,0,0,4,9,-1,6,2,-1,-1,1560,2,11,FORD FOCUS,2,E01011872,0,1
2024991475909,2024,991475909,2,9,0,-1,4,3,7,-1,0,1,0,0,0,0,2,1,-1,9,1,44,7,999,1,1,FORD FOCUS,9,-1,0,3
2024141423318,2024,141423318,2,9,0,-1,2,0,0,-1,0,1,0,0,0,0,2,1,-1,6,-1,-1,-1,1496,1,4,FORD FOCUS,-1,-1,0,-1
2024031411334,2024,031411334,1,9,0,-1,19,7,3,-1,0,2,0,0,0,0,1,1,-1,9,1,31,6,999,1,8,FORD FOCUS,4,E01019107,0,4
2024010509243,2024,010509243,1,9,0,99,99,9,9,99,99,9,9,99,9,99,1,9,2,2,1,55,8,1596,1,15,FORD FOCUS,6,E01015937,0,3
2024471502575,2024,471502575,2,9,0,-1,3,3,3,-1,0,2,0,0,0,0,1,1,-1,9,2,51,8,1596,1,20,FORD FOCUS,4,E01021224,0,1
2024201537900,2024,201537900,1,9,0,-1,5,5,1,-1,0,0,0,0,0,0,4,1,-1,9,2,35,6,998,1,10,FORD FOCUS,3,E01010298,0,1
2024101487127,2024,101487127,1,9,0,-1,19,5,1,-1,0,0,0,0,0,0,1,1,-1,6,1,39,7,1798,1,15,FORD FOCUS,-1,-1,0,-1
2024522401485,2024,522401485,1,9,0,17,19,7,3,0,0,3,0,0,0,0,1,1,6,6,1,24,5,1560,2,9,FORD FOCUS,6,E01035213,0,1
2024471487291,2024,471487291,1,9,0,-1,19,4,8,-1,0,0,0,4,0,0,1,1,-1,9,1,35,6,998,1,11,FORD FOCUS,7,E01021046,0,1
2024161459042,2024,161459042,1,9,0,-1,19,8,4,-1,0,0,0,0,0,0,1,1,-1,9,2,29,6,998,1,11,FORD FOCUS,1,E01012917,0,1
2024131490980,2024,131490980,2,9,0,-1,9,1,7,-1,0,8,0,0,0,0,3,1,-1,9,1,71,10,1596,1,17,FORD FOCUS,10,E01011458,0,1
2024411434322,2024,411434322,2,9,0,-1,9,1,5,-1,0,1,0,0,0,0,4,1,-1,6,1,29,6,2261,1,7,FORD FOCUS,8,E01023299,0,1
2024041449044,2024,041449044,2,9,0,-1,9,1,5,-1,0,0,0,0,0,0,3,1,-1,9,2,45,7,999,8,0,FORD FOCUS,5,E01025053,0,2
2024041402334,2024,041402334,1,9,0,-1,19,7,3,-1,0,1,0,0,0,0,1,9,-1,6,3,-1,-1,1560,2,12,FORD FOCUS,-1,-1,0,-1
2024430481558,2024,430481558,1,9,0,18,19,6,2,0,0,0,0,0,0,0,1,1,6,6,1,48,8,1596,1,18,FORD FOCUS,5,E01035462,0,4
2024010527590,2024,010527590,2,9,0,18,19,1,5,0,0,0,1,0,1,0,2,1,6,6,1,28,6,2521,1,16,FORD FOCUS,-1,-1,0,-1
2024461448675,2024,461448675,1,9,0,-1,1,7,3,-1,0,2,0,0,0,0,2,9,-1,6,1,32,6,2521,1,18,FORD FOCUS,6,E01024460,0,4
2024421425560,2024,421425560,2,9,0,-1,7,5,7,-1,0,0,0,0,0,0,4,1,-1,9,1,26,6,999,1,5,FORD FOCUS,7,E01021656,0,1
2024552400319,2024,552400319,1,9,0,4,4,6,2,0,0,4,0,0,0,0,1,1,6,6,3,-1,-1,1796,1,20,FORD FOCUS,-1,-1,0,-1
2024221533882,2024,221533882,2,9,0,-1,19,4,1,-1,0,8,1,0,0,0,4,9,-1,6,1,76,11,999,1,9,FORD FOCUS,8,E01028936,0,4
2024361459402,2024,361459402,3,9,0,-1,2,0,0,-1,0,2,0,0,0,0,1,1,-1,6,1,31,6,1560,2,11,FORD FOCUS,1,E01026824,0,1
2024070192319,2024,070192319,1,9,0,7,7,3,5,0,0,2,1,0,1,0,3,1,6,6,1,86,11,1499,2,9,FORD FOCUS,8,E01018341,0,1
202417M218424,2024,17M218424,1,8,0,-1,19,8,4,-1,0,8,0,0,0,0,4,1,-1,1,1,57,9,1499,2,8,FORD FOCUS,-1,-1,0,-1
2024991469505,2024,991469505,2,9,0,-1,19,5,1,-1,0,4,0,0,0,0,2,1,-1,6,1,22,5,1995,2,6,FORD FOCUS,8,-1,0,1
2024401518132,2024,401518132,1,9,0,-1,9,3,1,-1,0,8,0,0,0,0,4,1,-1,6,2,34,6,1596,1,16,FORD FOCUS,7,E01017593,0,2
2024201479765,2024,201479765,2,9,0,-1,19,2,6,-1,0,8,0,0,0,0,1,1,-1,6,1,36,7,1596,1,13,FORD FOCUS,-1,-1,0,-1
2024131412310,2024,131412310,2,9,0,-1,2,0,0,-1,0,0,0,0,0,0,4,1,-1,6,3,-1,-1,1560,2,10,FORD FOCUS,-1,-1,0,-1
2024332400893,2024,332400893,1,9,0,-1,19,7,3,-1,0,0,0,0,0,0,1,1,-1,9,1,42,7,1560,2,13,FORD FOCUS,9,E01025686,0,1
2024421414822,2024,421414822,1,9,0,-1,9,7,3,-1,0,0,0,0,0,0,3,1,-1,6,1,41,7,998,1,12,FORD FOCUS,2,E01015851,0,1
2024311416552,2024,311416552,1,9,0,-1,19,1,5,-1,0,0,0,0,0,0,1,1,-1,6,2,65,9,998,1,11,FORD FOCUS,1,E01028301,0,1
2024411526098,2024,411526098,1,9,0,-1,19,3,5,-1,0,5,0,0,1,0,1,1,-1,6,1,42,7,1596,1,18,FORD FOCUS,-1,-1,0,-1
2024101458880,2024,101458880,2,9,0,-1,12,5,1,-1,0,0,0,0,0,0,2,1,-1,6,1,35,6,1596,1,11,FORD FOCUS,-1,-1,0,-1
2024061521355,2024,061521355,1,9,0,-1,19,-1,-1,-1,0,0,0,0,0,0,3,1,-1,6,1,46,8,1498,1,9,FORD FOCUS,1,E01005142,0,1
2024548677124,2024,548677124,2,9,0,5,5,6,2,0,0,4,0,0,0,0,1,1,2,2,1,55,8,1997,2,12,FORD FOCUS,10,E01014885,0,4
2024440404961,2024,440404961,1,9,0,18,19,7,3,0,0,8,0,0,0,0,1,1,6,6,1,75,10,1596,1,18,FORD FOCUS,6,E01035437,0,1
2024201499743,2024,201499743,3,9,0,-1,2,0,0,-1,0,0,0,4,0,0,4,1,-1,6,-1,-1,-1,999,1,6,FORD FOCUS,-1,-1,0,-1
2024122400278,2024,122400278,2,9,0,9,9,8,6,0,0,1,1,0,1,10,3,1,6,6,2,57,9,999,1,7,FORD FOCUS,8,E01027688,0,1
2024010525627,2024,010525627,2,9,0,18,19,1,5,0,0,0,0,99,0,0,9,1,6,6,3,-1,-1,999,1,3,FORD FOCUS,-1,-1,0,-1
2024552401128,2024,552401128,1,9,0,11,11,3,6,0,0,8,5,0,7,0,4,1,6,6,2,60,9,1499,2,8,FORD FOCUS,8,E01019890,0,3
2024101429620,2024,101429620,1,9,0,-1,5,5,1,-1,0,1,0,0,0,0,1,1,-1,9,1,-1,-1,1499,2,3,FORD FOCUS,3,E01008857,0,1
2024421525611,2024,421525611,1,9,0,-1,9,5,3,-1,0,8,0,0,0,0,2,9,-1,9,1,31,6,1596,1,15,FORD FOCUS,1,E01022030,0,4
2024010503857,2024,010503857,2,9,0,18,19,5,1,0,0,1,0,0,0,0,1,1,6,6,1,49,8,1596,1,17,FORD FOCUS,1,E01002082,0,2
2024131439742,2024,131439742,2,9,0,-1,7,5,8,-1,0,0,0,0,0,0,3,2,-1,6,1,50,8,1596,1,17,FORD FOCUS,8,E01010577,0,1
2024340NN1522,2024,340NN1522,1,9,0,-1,19,7,3,-1,0,6,0,0,0,0,1,1,-1,9,2,45,7,999,1,3,FORD FOCUS,9,E01027347,0,1
2024052402719,2024,052402719,2,9,0,18,19,8,5,0,0,8,0,0,0,0,1,1,6,6,2,46,8,999,1,5,FORD FOCUS,1,E01006729,0,1
2024501440288,2024,501440288,3,9,0,-1,2,0,0,-1,0,2,0,0,0,0,2,1,-1,6,-1,-1,-1,1596,1,8,FORD FOCUS,-1,-1,0,-1
2024131424987,2024,131424987,2,9,0,-1,19,3,7,-1,0,0,0,0,0,0,2,1,-1,6,2,26,6,1560,2,9,FORD FOCUS,1,E01011342,0,1
2024340WN5272,2024,340WN5272,2,9,0,-1,2,0,0,-1,0,0,0,0,0,0,4,1,-1,9,2,33,6,1560,2,12,FORD FOCUS,-1,-1,0,-1
2024991419727,2024,991419727,2,9,0,-1,2,0,0,-1,0,0,0,4,0,0,2,1,-1,6,-1,-1,-1,1596,1,13,FORD FOCUS,-1,-1,0,-1
2024010526375,2024,010526375,3,9,0,4,4,1,5,0,0,1,0,0,0,0,1,2,6,6,1,26,6,1596,1,18,FORD FOCUS,4,E01003916,0,4
2024311516876,2024,311516876,1,9,0,-1,19,1,5,-1,0,0,0,0,0,0,1,1,-1,9,2,32,6,1499,2,8,FORD FOCUS,-1,-1,0,-1
2024411427206,2024,411427206,1,9,-1,-1,-1,-1,-1,-1,-1,0,-1,-1,-1,0,-1,9,-1,6,1,30,6,1499,2,3,FORD FOCUS,3,E01023336,0,1
2024131400717,2024,131400717,3,9,0,-1,19,1,5,-1,0,8,0,0,0,0,1,1,-1,6,2,29,6,998,1,11,FORD FOCUS,2,E01010871,0,2
2024010548572,2024,010548572,1,9,0,99,99,9,9,99,99,9,9,99,9,99,1,9,6,6,2,70,10,1596,1,20,FORD FOCUS,8,E01001538,0,1
2024010524306,2024,010524306,2,9,0,2,2,0,0,0,0,2,0,4,0,0,3,1,6,6,3,-1,-1,1499,2,8,FORD FOCUS,-1,-1,0,-1
2024052400686,2024,052400686,2,9,0,3,3,8,4,0,0,8,0,0,0,0,4,1,6,6,1,31,6,1560,2,9,FORD FOCUS,1,E01006676,0,1
2024010531729,2024,010531729,2,9,0,99,99,9,9,99,99,9,9,99,9,99,9,9,6,6,2,38,7,1596,1,18,FORD FOCUS,2,E01000789,0,1
2024471447162,2024,471447162,1,9,0,-1,19,5,1,-1,0,1,0,0,0,0,1,1,-1,2,2,56,9,998,1,12,FORD FOCUS,7,E01031457,0,1
2024041539277,2024,041539277,1,9,0,-1,19,7,3,-1,0,8,0,0,0,0,1,1,-1,1,1,23,5,1388,1,23,FORD FOCUS,2,E01025274,0,3
2024141405012,2024,141405012,1,9,0,-1,19,4,8,-1,0,0,2,0,1,0,4,1,-1,9,1,21,5,1596,1,18,FORD FOCUS,2,E01007759,0,1
2024552400543,2024,552400543,2,9,0,4,4,8,4,0,0,0,0,0,0,0,2,1,6,6,1,24,5,2521,1,17,FORD FOCUS,4,E01015303,0,2
2024041482320,2024,041482320,1,9,0,-1,11,1,5,-1,0,4,0,0,0,0,4,1,-1,1,1,39,7,999,1,7,FORD FOCUS,2,E01034261,0,5
2024041416586,2024,041416586,1,9,0,-1,19,7,3,-1,0,0,0,0,0,0,1,1,-1,9,1,38,7,1995,2,5,FORD FOCUS,8,E01034350,0,1
2024061523648,2024,061523648,2,9,0,-1,19,6,2,-1,0,0,0,0,0,0,1,1,-1,9,1,30,6,999,8,0,FORD FOCUS,2,E01006765,0,4
2024161486132,2024,161486132,3,9,0,-1,10,1,3,-1,0,1,0,0,0,0,0,1,-1,1,1,34,6,999,1,2,FORD FOCUS,2,E01012871,0,1
2024010546603,2024,010546603,2,9,0,99,99,9,9,99,99,9,9,99,9,99,1,9,6,6,3,-1,-1,1499,2,2,FORD FOCUS,-1,-1,0,-1
2024201499804,2024,201499804,2,9,0,-1,4,8,4,-1,0,0,0,0,0,0,1,9,-1,1,1,28,6,999,1,7,FORD FOCUS,-1,-1,0,-1
2024340NN4312,2024,340NN4312,2,9,0,-1,19,9,9,-1,0,8,1,10,0,0,2,1,-1,2,1,34,6,1596,1,14,FORD FOCUS,10,E01013797,0,4
2024501406519,2024,501406519,1,9,0,-1,19,4,8,-1,0,0,1,0,0,0,3,1,-1,9,2,57,9,1798,1,15,FORD FOCUS,4,E01020320,0,4
2024122400319,2024,122400319,1,9,0,7,7,7,3,0,0,1,0,0,0,0,3,1,6,6,2,53,8,1499,2,9,FORD FOCUS,1,E01027819,0,1
2024010514995,2024,010514995,1,9,9,99,99,9,9,99,99,9,9,99,9,99,1,9,6,6,1,37,7,1596,1,23,FORD FOCUS,2,E01021322,0,4
2024201509674,2024,201509674,2,9,0,-1,2,0,0,-1,0,0,0,0,0,0,1,1,-1,6,-1,-1,-1,999,1,7,FORD FOCUS,-1,-1,0,-1
2024430426689,2024,430426689,2,9,0,2,2,0,0,0,0,8,0,0,0,0,3,1,6,6,1,25,5,999,1,1,FORD FOCUS,8,E01002452,0,4
2024010514369,2024,010514369,1,9,0,4,4,5,1,0,0,1,0,0,0,0,1,1,2,2,1,28,6,999,1,9,FORD FOCUS,2,E01035676,0,1
2024440100191,2024,440100191,1,9,0,1,1,5,1,0,0,1,0,0,0,0,2,1,6,6,1,-1,-1,1796,1,22,FORD FOCUS,-1,-1,0,-1
2024010503932,2024,010503932,2,9,0,99,99,9,9,99,99,9,9,99,9,99,9,9,6,6,3,-1,-1,1596,1,16,FORD FOCUS,-1,-1,0,-1
2024501394432,2024,501394432,2,9,0,-1,7,7,1,-1,0,0,0,0,0,0,1,1,-1,9,1,28,6,1499,2,8,FORD FOCUS,6,E01015132,0,1
2024440091789,2024,440091789,1,9,0,9,9,3,1,0,0,8,0,0,0,0,3,1,6,6,1,24,5,1596,1,19,FORD FOCUS,7,E01015552,0,4
2024991444273,2024,991444273,2,9,0,-1,9,5,3,-1,0,6,0,0,0,0,3,1,-1,6,2,28,6,999,1,5,FORD FOCUS,5,-1,0,1
2024991421140,2024,991421140,2,9,0,-1,4,3,8,-1,0,1,0,0,0,0,1,1,-1,6,2,32,6,999,1,3,FORD FOCUS,2,-1,0,4
2024430302320,2024,430302320,1,9,0,18,19,8,4,0,0,4,0,0,0,0,1,1,6,6,1,50,8,1560,2,10,FORD FOCUS,10,E01016624,0,1
2024211437964,2024,211437964,1,9,0,-1,2,0,0,-1,0,0,0,0,0,0,1,1,-1,6,1,30,6,1560,2,11,FORD FOCUS,2,E01014339,0,1
2024131421414,2024,131421414,3,9,0,-1,19,6,2,-1,0,0,0,0,0,0,1,1,-1,9,1,36,7,1560,2,11,FORD FOCUS,2,E01011926,0,1
2024332400451,2024,332400451,1,9,0,-1,19,6,2,-1,0,0,0,0,5,6,3,1,-1,6,1,-1,-1,1596,1,21,FORD FOCUS,-1,-1,0,-1
2024201511776,2024,201511776,2,9,0,-1,19,6,2,-1,0,0,0,0,0,0,1,1,-1,6,1,58,9,999,1,1,FORD FOCUS,8,E01010357,0,2