collision_index,collision_year,collision_ref_no,vehicle_reference,vehicle_type,towing_and_articulation,vehicle_manoeuvre_historic,vehicle_manoeuvre,vehicle_direction_from,vehicle_direction_to,vehicle_location_restricted_lane_historic,vehicle_location_restricted_lane,junction_location,skidding_and_overturning,hit_object_in_carriageway,vehicle_leaving_carriageway,hit_object_off_carriageway,first_point_of_impact,vehicle_left_hand_drive,journey_purpose_of_driver_historic,journey_purpose_of_driver,sex_of_driver,age_of_driver,age_band_of_driver,engine_capacity_cc,propulsion_code,age_of_vehicle,generic_make_model,driver_imd_decile,lsoa_of_driver,escooter_flag,driver_distance_banding
2024010546816,2024,010546816,1,9,0,4,4,7,3,0,0,1,0,0,0,0,1,1,6,6,1,25,5,1499,2,4,FORD FOCUS,2,E01002505,0,4
2024302400656,2024,302400656,1,9,0,7,7,3,1,0,0,8,0,0,0,0,3,1,6,6,1,72,10,1596,1,16,FORD FOCUS,4,E01019470,0,1
2024451520048,2024,451520048,2,9,0,-1,12,7,7,-1,0,0,0,0,0,0,2,1,-1,2,2,49,8,1596,1,13,FORD FOCUS,9,E01030696,0,2
2024522402921,2024,522402921,2,9,0,9,9,8,6,0,0,8,0,0,0,0,1,1,6,6,1,45,7,1753,2,17,FORD FOCUS,1,E01032518,0,1
2024430186915,2024,430186915,2,9,0,13,13,6,2,0,0,1,0,0,0,0,1,1,6,6,1,-1,-1,1988,1,21,FORD FOCUS,3,E01016353,0,3
2024010539124,2024,010539124,2,9,0,10,10,3,1,0,0,2,0,0,0,0,1,1,2,2,1,58,9,1596,1,18,FORD FOCUS,6,E01016813,0,4
2024010506216,2024,010506216,3,9,0,2,2,0,0,0,0,0,0,0,0,0,3,1,6,6,3,-1,-1,999,8,1,FORD FOCUS,-1,-1,0,-1
2024421514602,2024,421514602,2,9,0,-1,9,3,8,-1,0,8,0,0,0,0,3,1,-1,9,2,53,8,1753,2,15,FORD FOCUS,3,E01021631,0,1
2024141534085,2024,141534085,2,9,0,-1,19,4,7,-1,0,0,0,0,0,0,1,1,-1,2,1,40,7,1560,2,12,FORD FOCUS,3,E01007351,0,1
2024471480546,2024,471480546,2,9,0,-1,19,6,2,-1,0,0,0,0,0,0,1,1,-1,9,2,62,9,1596,1,12,FORD FOCUS,2,E01020955,0,1
2024421461958,2024,421461958,3,9,0,-1,2,7,3,-1,9,1,0,0,0,0,4,1,-1,6,-1,-1,-1,2521,1,15,FORD FOCUS,-1,-1,0,-1
2024451507785,2024,451507785,2,9,0,-1,2,0,0,-1,0,2,0,4,0,0,2,1,-1,2,1,38,7,1596,1,18,FORD FOCUS,9,E01030795,0,1
2024010519552,2024,010519552,2,9,0,7,7,3,5,0,0,5,0,0,1,0,1,1,1,1,1,51,8,998,1,11,FORD FOCUS,1,E01000599,0,1
2024010544034,2024,010544034,2,9,9,18,19,9,9,99,99,0,9,99,9,99,1,9,6,6,3,-1,-1,998,1,11,FORD FOCUS,-1,-1,0,-1
2024041440175,2024,041440175,1,9,0,-1,19,1,5,-1,0,0,0,0,0,0,1,1,-1,1,1,29,6,1596,1,19,FORD FOCUS,1,E01033226,0,4
2024161502678,2024,161502678,2,9,0,-1,19,5,3,-1,0,0,0,0,0,0,3,1,-1,9,1,58,9,999,1,6,FORD FOCUS,2,E01035482,0,1
2024421531382,2024,421531382,1,9,0,-1,19,3,7,-1,0,1,5,0,0,0,1,1,-1,7,1,18,4,999,8,0,FORD FOCUS,-1,-1,0,-1
2024610025424,2024,610025424,1,9,0,18,19,5,1,0,0,4,0,0,0,0,1,1,6,6,1,47,8,999,8,0,FORD FOCUS,3,W01001834,0,3
2024010541066,2024,010541066,1,9,0,99,99,9,9,99,99,9,9,99,9,99,2,9,2,2,2,34,6,999,1,10,FORD FOCUS,7,E01000723,0,1
2024471396457,2024,471396457,1,9,0,-1,9,5,3,-1,0,8,0,0,0,0,4,1,-1,9,1,39,7,1596,1,15,FORD FOCUS,5,E01021089,0,3
2024622400421,2024,622400421,1,9,0,18,19,2,6,0,0,0,0,0,0,0,4,1,6,6,2,37,7,998,1,12,FORD FOCUS,2,W01000811,0,1
2024401495804,2024,401495804,1,9,0,-1,-1,-1,-1,-1,-1,0,-1,-1,-1,0,-1,9,-1,6,2,-1,-1,1999,1,15,FORD FOCUS,3,E01002923,0,4
2024101469187,2024,101469187,2,9,0,-1,19,2,6,-1,0,8,0,0,0,0,4,1,-1,6,1,22,5,999,1,5,FORD FOCUS,3,E01008598,0,2
2024440094899,2024,440094899,1,9,0,18,19,6,2,0,0,0,0,0,0,0,1,1,2,2,1,43,7,1596,1,17,FORD FOCUS,10,E01022707,0,1
2024501496747,2024,501496747,3,9,0,-1,4,3,7,-1,0,0,0,0,1,0,1,1,-1,9,1,42,7,1560,2,10,FORD FOCUS,6,E01020329,0,4
2024201528863,2024,201528863,1,9,0,-1,6,7,7,-1,0,8,0,0,0,0,1,1,-1,6,3,-1,-1,1499,2,9,FORD FOCUS,-1,-1,0,-1
2024052400204,2024,052400204,1,9,0,9,9,1,7,0,0,6,0,0,0,0,1,1,6,6,2,38,7,999,1,3,FORD FOCUS,9,E01007027,0,2
2024610007024,2024,610007024,1,9,0,16,19,1,4,0,0,0,0,0,0,0,1,1,1,1,1,54,8,1753,2,18,FORD FOCUS,4,W01001415,0,1
2024991528990,2024,991528990,2,9,0,-1,19,7,4,-1,0,0,0,0,0,0,1,1,-1,2,2,53,8,1499,2,7,FORD FOCUS,6,-1,0,1
2024421413920,2024,421413920,1,9,0,-1,4,3,7,-1,0,0,0,4,0,0,1,1,-1,9,1,34,6,999,1,7,FORD FOCUS,4,E01021870,0,1
2024461476061,2024,461476061,1,9,0,-1,19,5,1,-1,0,0,0,0,0,0,1,1,-1,9,2,47,8,1560,2,10,FORD FOCUS,4,E01035302,0,1
2024371466150,2024,371466150,1,9,0,-1,9,2,6,-1,0,4,0,0,0,0,0,1,-1,6,2,45,7,1999,1,18,FORD FOCUS,9,E01034559,0,3
2024531442206,2024,531442206,1,9,0,-1,4,1,5,-1,0,1,0,0,0,0,4,1,-1,6,1,77,11,1988,1,22,FORD FOCUS,3,E01022153,0,1
2024161417727,2024,161417727,1,9,0,-1,9,7,5,-1,0,8,0,0,0,0,1,1,-1,1,1,50,8,1499,2,7,FORD FOCUS,6,E01013105,0,1
2024231515807,2024,231515807,2,9,0,-1,19,8,4,-1,0,0,1,0,0,0,4,9,-1,6,1,27,6,999,1,8,FORD FOCUS,8,E01023163,0,5
2024461431216,2024,461431216,1,9,0,-1,19,4,4,-1,0,0,0,0,0,0,1,1,-1,9,1,86,11,1596,1,10,FORD FOCUS,4,E01016168,0,1
2024421471121,2024,421471121,1,9,0,-1,11,3,7,-1,0,0,0,0,0,0,4,1,-1,6,1,-1,-1,1999,1,18,FORD FOCUS,-1,-1,0,-1
2024991416369,2024,991416369,1,9,0,-1,19,8,4,-1,0,0,0,0,0,0,1,1,-1,6,1,32,6,999,1,7,FORD FOCUS,7,-1,0,3
2024131523447,2024,131523447,6,9,0,-1,2,0,0,-1,-1,0,0,0,0,0,3,1,-1,6,-1,-1,-1,1499,2,7,FORD FOCUS,-1,-1,0,-1
2024041427228,2024,041427228,1,9,0,-1,19,3,7,-1,0,0,2,0,1,9,1,1,-1,2,1,19,4,998,1,10,FORD FOCUS,2,E01004849,0,2
2024122401230,2024,122401230,1,9,0,9,9,9,9,0,0,2,0,0,0,0,1,1,6,6,2,36,7,999,1,9,FORD FOCUS,8,E01027688,0,3
2024010508135,2024,010508135,1,9,0,99,99,9,9,99,99,9,9,99,9,99,9,9,6,6,1,33,6,998,1,10,FORD FOCUS,4,E01034185,0,3
2024421498060,2024,421498060,2,9,0,-1,19,3,7,-1,0,2,0,11,0,0,2,1,-1,9,1,45,7,999,1,1,FORD FOCUS,4,E01015903,0,1
2024421413642,2024,421413642,2,9,0,-1,9,3,7,-1,0,8,0,0,0,0,3,1,-1,1,2,25,5,999,1,2,FORD FOCUS,1,E01034095,0,1
2024522403012,2024,522403012,1,9,0,9,9,2,7,0,0,6,0,0,0,0,1,1,6,6,1,40,7,1560,2,14,FORD FOCUS,2,E01014694,0,3
2024421508624,2024,421508624,1,9,0,-1,9,7,3,-1,0,3,0,0,1,0,1,1,-1,6,1,17,4,1596,1,19,FORD FOCUS,7,E01022067,0,3
2024101408091,2024,101408091,2,9,0,-1,19,5,6,-1,0,8,0,0,0,0,4,9,-1,6,1,28,6,999,1,6,FORD FOCUS,8,E01027549,0,1
2024461463501,2024,461463501,1,9,0,-1,19,3,7,-1,0,0,0,0,0,0,1,9,-1,6,3,-1,-1,1560,2,12,FORD FOCUS,-1,-1,0,-1
2024411474654,2024,411474654,3,9,0,-1,12,3,7,-1,0,0,0,0,0,0,1,1,-1,9,1,21,5,999,1,9,FORD FOCUS,6,E01033314,0,4
2024131484313,2024,131484313,1,9,0,-1,5,5,1,-1,4,1,0,0,0,0,1,1,-1,6,3,-1,-1,1997,2,13,FORD FOCUS,-1,-1,0,-1
2024161415046,2024,161415046,2,9,0,-1,5,4,8,-1,0,6,0,0,0,0,1,1,-1,6,2,44,7,1596,1,15,FORD FOCUS,4,E01013280,0,1
2024320432590,2024,320432590,2,9,0,6,6,4,4,0,0,8,0,0,0,0,4,1,-1,-1,1,59,9,1596,1,12,FORD FOCUS,3,E01025753,0,4
2024501492186,2024,501492186,2,9,0,-1,1,5,1,-1,0,0,0,0,0,0,4,1,-1,6,1,46,8,1596,1,19,FORD FOCUS,5,E01018785,0,4
2024351428188,2024,351428188,2,9,0,-1,9,2,2,-1,0,1,0,0,0,0,3,1,-1,9,1,53,8,998,1,10,FORD FOCUS,7,E01018065,0,4
2024010531297,2024,010531297,1,9,0,18,19,6,2,0,0,8,2,0,0,0,1,1,1,1,1,24,5,1499,2,8,FORD FOCUS,1,E01022026,0,4
2024131480263,2024,131480263,1,9,0,-1,3,5,5,-1,0,1,0,0,0,0,1,1,-1,6,1,63,9,1560,2,14,FORD FOCUS,5,E01011269,0,3
2024440026814,2024,440026814,2,9,0,17,19,2,8,0,0,0,0,0,0,0,3,1,6,6,2,70,10,999,1,1,FORD FOCUS,6,E01022890,0,1
2024461490128,2024,461490128,1,9,0,-1,19,3,7,-1,0,0,0,0,0,0,0,1,-1,1,1,49,8,999,1,2,FORD FOCUS,3,E01024508,0,2
2024501508939,2024,501508939,2,9,0,-1,10,8,5,-1,0,8,0,0,0,0,2,1,-1,2,2,58,9,1798,1,20,FORD FOCUS,1,E01018995,0,1
2024471424072,2024,471424072,1,9,0,-1,19,5,2,-1,0,0,0,0,1,0,1,1,-1,6,1,19,4,1499,2,7,FORD FOCUS,5,E01031472,0,1
2024101475369,2024,101475369,1,9,0,-1,19,8,4,-1,0,0,0,0,0,0,1,1,-1,6,1,74,10,1499,2,8,FORD FOCUS,9,E01008376,0,4
2024440090716,2024,440090716,2,9,0,4,4,4,8,0,0,2,0,0,7,0,3,1,6,6,3,-1,-1,1560,2,15,FORD FOCUS,-1,-1,0,-1
2024221399125,2024,221399125,1,9,0,-1,9,8,6,-1,0,5,0,0,0,0,1,1,-1,6,1,65,9,1596,1,15,FORD FOCUS,5,E01014017,0,4
2024471431322,2024,471431322,2,9,0,-1,9,8,4,-1,0,5,0,0,1,0,4,1,-1,9,1,75,10,1560,2,14,FORD FOCUS,8,E01031418,0,2
2024211419053,2024,211419053,1,9,0,-1,19,7,2,-1,0,0,0,0,0,0,1,1,-1,6,1,36,7,1560,2,10,FORD FOCUS,-1,-1,0,-1
2024440368549,2024,440368549,1,9,0,4,4,7,3,0,0,0,0,0,0,0,2,1,2,2,1,40,7,999,8,0,FORD FOCUS,10,E01022974,0,4
2024461413456,2024,461413456,1,9,0,-1,9,8,4,-1,0,6,0,0,0,0,1,1,-1,2,1,22,5,999,1,5,FORD FOCUS,9,E01023999,0,4
2024010531860,2024,010531860,1,9,0,18,19,2,6,0,0,1,0,4,0,0,1,1,6,6,3,24,5,1596,1,13,FORD FOCUS,-1,-1,0,-1
2024131493385,2024,131493385,2,9,0,-1,3,6,2,-1,0,1,0,0,0,0,2,2,-1,6,2,42,7,1499,2,9,FORD FOCUS,9,E01013370,0,4
2024052401952,2024,052401952,2,9,0,18,19,3,7,0,0,0,0,10,0,0,3,1,6,6,1,50,8,998,1,10,FORD FOCUS,1,E01006599,0,1
2024351441042,2024,351441042,2,9,0,-1,19,8,5,-1,0,8,0,0,0,0,4,1,-1,6,2,28,6,999,1,1,FORD FOCUS,5,E01017999,0,2
2024161458500,2024,161458500,1,9,0,-1,1,2,6,-1,0,0,0,0,0,0,1,1,-1,2,1,64,9,1499,2,9,FORD FOCUS,1,E01032595,0,1
2024421467640,2024,421467640,1,9,0,-1,9,3,7,-1,0,8,0,0,0,0,4,1,-1,6,2,38,7,1596,1,13,FORD FOCUS,9,E01015857,0,1
2024401466372,2024,401466372,2,9,0,-1,2,-1,-1,-1,-1,0,0,0,0,0,2,9,-1,2,2,36,7,1560,2,13,FORD FOCUS,8,E01015696,0,1
2024221441149,2024,221441149,1,9,0,-1,19,4,8,-1,0,0,5,4,0,0,1,9,-1,9,1,84,11,1498,1,6,FORD FOCUS,-1,-1,0,-1
2024631454244,2024,631454244,1,9,0,-1,19,6,2,-1,0,2,0,0,0,0,1,1,-1,6,1,-1,-1,1499,2,6,FORD FOCUS,5,E01006929,0,5
2024421534281,2024,421534281,2,9,0,-1,2,0,0,-1,0,0,0,0,0,0,2,1,-1,6,-1,-1,-1,999,1,8,FORD FOCUS,-1,-1,0,-1
2024411519341,2024,411519341,1,9,0,-1,5,-1,-1,-1,0,1,0,0,0,0,1,9,-1,6,2,27,6,1596,1,13,FORD FOCUS,6,E01023904,0,1
2024421401473,2024,421401473,1,9,0,-1,9,7,5,-1,0,1,0,0,0,0,4,9,-1,6,3,-1,-1,1596,1,12,FORD FOCUS,-1,-1,0,-1
2024010501857,2024,010501857,1,9,0,18,19,5,1,0,0,0,0,0,0,0,4,1,6,6,1,25,5,1596,1,13,FORD FOCUS,4,E01001156,0,1
2024421408216,2024,421408216,1,9,0,-1,5,6,2,-1,9,2,0,0,3,0,4,1,-1,1,2,22,5,1496,1,5,FORD FOCUS,7,E01021336,0,2
2024010502609,2024,010502609,3,9,0,18,19,3,7,0,0,0,0,0,0,0,1,1,6,6,1,56,9,1596,1,20,FORD FOCUS,6,E01000400,0,1
2024010536071,2024,010536071,2,9,0,18,19,5,1,0,0,1,0,0,0,0,1,1,6,6,2,34,6,1596,1,9,FORD FOCUS,10,E01001129,0,2
2024010514556,2024,010514556,1,9,0,9,9,3,8,0,0,8,0,0,0,0,1,1,6,6,1,46,8,1596,1,23,FORD FOCUS,9,E01000672,0,3
2024141450393,2024,141450393,1,9,0,-1,19,5,1,-1,0,0,0,0,0,0,3,9,-1,6,3,-1,-1,1499,2,6,FORD FOCUS,-1,-1,0,-1
2024302400893,2024,302400893,1,9,0,7,7,7,1,0,0,6,0,0,0,0,3,1,6,6,1,66,10,1596,1,10,FORD FOCUS,3,E01013454,0,1
2024122400595,2024,122400595,2,9,0,5,5,7,3,0,0,4,0,0,0,0,1,1,6,6,1,30,6,1499,2,8,FORD FOCUS,2,E01001760,0,5
2024991519098,2024,991519098,1,9,0,-1,9,5,2,-1,0,6,0,0,0,0,4,1,-1,2,1,53,8,1560,2,9,FORD FOCUS,4,-1,0,1
2024211490892,2024,211490892,2,9,0,-1,3,3,5,-1,0,1,0,0,0,0,2,9,-1,6,2,40,7,999,8,1,FORD FOCUS,5,E01029756,0,1
2024101430040,2024,101430040,1,9,0,-1,19,7,3,-1,9,0,0,0,0,0,1,1,-1,6,2,56,9,999,1,4,FORD FOCUS,7,E01008691,0,1
2024451463284,2024,451463284,1,9,0,-1,10,3,1,-1,0,6,0,0,0,0,1,1,-1,6,2,36,7,1560,2,15,FORD FOCUS,-1,-1,0,-1
2024320299929,2024,320299929,1,9,0,-1,-1,2,6,0,0,0,0,0,0,0,1,1,6,6,1,25,5,1596,1,17,FORD FOCUS,-1,-1,0,-1
2024201415930,2024,201415930,3,9,0,-1,5,3,6,-1,0,6,0,0,0,0,2,9,-1,6,1,-1,-1,1997,2,7,FORD FOCUS,-1,-1,0,-1
2024041481137,2024,041481137,2,9,0,-1,19,8,4,-1,0,1,0,0,0,0,1,1,-1,9,1,80,11,1560,2,12,FORD FOCUS,2,E01012647,0,1
2024041507779,2024,041507779,1,9,0,-1,19,1,5,-1,0,8,0,0,0,0,1,1,-1,2,1,23,5,1560,2,11,FORD FOCUS,2,E01025091,0,1
2024520000313,2024,520000313,3,9,0,18,19,2,6,0,0,8,0,0,0,0,3,1,6,6,3,-1,-1,1496,1,5,FORD FOCUS,-1,-1,0,-1
2024201520660,2024,201520660,2,9,0,-1,19,2,6,-1,0,8,1,0,0,0,3,1,-1,9,2,67,10,1596,1,23,FORD FOCUS,2,E01009837,0,1
2024461440519,2024,461440519,1,9,0,-1,19,5,1,-1,0,0,1,0,1,4,0,1,-1,9,1,20,4,1560,2,11,FORD FOCUS,2,E01016059,0,3
2024041405411,2024,041405411,1,9,0,-1,19,5,1,-1,0,0,0,0,0,0,4,1,-1,6,1,65,9,1997,2,17,FORD FOCUS,2,E01012705,0,1
2024991428634,2024,991428634,2,9,0,-1,19,3,7,-1,0,0,0,0,0,0,1,1,-1,1,1,39,7,2261,1,4,FORD FOCUS,9,-1,0,4
2024430090822,2024,430090822,1,9,0,9,9,1,7,0,0,5,0,0,0,0,1,1,6,6,2,30,6,1499,2,8,FORD FOCUS,-1,-1,0,-1
2024122400729,2024,122400729,1,9,0,4,4,5,1,0,0,1,0,0,0,0,1,1,6,6,1,35,6,1499,2,9,FORD FOCUS,9,E01013015,0,4
2024421422556,2024,421422556,1,9,0,-1,5,1,7,-1,0,8,0,0,0,0,1,1,-1,9,1,33,6,1997,2,12,FORD FOCUS,10,E01021558,0,3
2024311526177,2024,311526177,3,9,0,-1,19,5,1,-1,0,0,0,0,0,0,1,1,-1,2,1,41,7,1596,1,19,FORD FOCUS,-1,-1,0,-1
2024471406018,2024,471406018,2,9,0,-1,19,2,6,-1,0,8,0,0,1,0,4,1,-1,6,2,52,8,1560,2,10,FORD FOCUS,6,E01034816,0,1
2024351481839,2024,351481839,1,9,0,-1,13,7,3,-1,0,0,0,0,1,0,1,1,-1,6,1,32,6,1997,2,8,FORD FOCUS,2,E01018068,0,3
2024211429483,2024,211429483,2,9,0,-1,9,4,2,-1,0,1,0,0,0,0,1,1,-1,6,1,22,5,1995,2,5,FORD FOCUS,7,E01029463,0,1
2024061462910,2024,061462910,1,9,0,-1,7,-1,-1,-1,99,1,0,0,0,0,1,1,-1,2,1,46,8,999,1,10,FORD FOCUS,2,E01006310,0,4
2024201527026,2024,201527026,1,9,0,-1,19,8,4,-1,0,0,0,0,0,0,1,9,-1,6,3,-1,-1,1596,1,12,FORD FOCUS,-1,-1,0,-1
2024471400159,2024,471400159,1,9,0,-1,9,7,4,-1,0,8,0,0,0,0,1,1,-1,9,2,45,7,1596,1,14,FORD FOCUS,4,E01031594,0,1
2024161448247,2024,161448247,1,9,0,-1,19,1,5,-1,0,0,0,0,0,0,3,1,-1,6,2,55,8,1560,2,12,FORD FOCUS,7,E01012987,0,4
2024461527525,2024,461527525,1,9,0,-1,5,4,2,-1,0,0,1,0,0,0,1,1,-1,6,1,22,5,998,1,11,FORD FOCUS,7,E01024375,0,4
2024421490865,2024,421490865,2,9,0,-1,19,5,1,-1,0,2,0,0,0,0,4,9,-1,6,2,30,6,1560,2,17,FORD FOCUS,6,E01021722,0,1
2024010515799,2024,010515799,1,9,9,99,99,9,9,99,99,9,9,99,9,99,9,9,6,6,3,-1,-1,1499,2,9,FORD FOCUS,-1,-1,0,-1
2024451529284,2024,451529284,1,9,0,-1,9,7,5,-1,0,8,0,0,0,0,4,1,-1,6,1,31,6,1596,1,15,FORD FOCUS,5,E01030787,0,1
2024361534110,2024,361534110,1,9,0,-1,5,7,3,-1,0,4,0,0,0,0,1,1,-1,6,-1,-1,-1,1596,1,17,FORD FOCUS,-1,-1,0,-1
202417S113324,2024,17S113324,1,9,0,-1,7,4,8,-1,0,0,0,0,0,0,4,1,-1,9,2,41,7,1596,1,10,FORD FOCUS,1,E01012254,0,1
2024411492746,2024,411492746,2,9,0,-1,10,3,1,-1,0,1,1,0,7,0,2,1,-1,2,2,35,6,1796,1,24,FORD FOCUS,9,E01023670,0,2
2024201458885,2024,201458885,1,9,0,-1,19,3,7,-1,0,0,0,0,0,0,4,1,-1,6,2,37,7,1596,1,12,FORD FOCUS,3,E01010495,0,1
2024122500069,2024,122500069,1,9,0,3,3,3,7,0,0,0,0,0,0,0,1,1,6,6,2,34,6,1596,1,13,FORD FOCUS,8,E01027891,0,1
2024471481932,2024,471481932,1,9,0,-1,11,3,7,-1,0,0,2,0,7,4,1,1,-1,6,1,50,8,1596,1,12,FORD FOCUS,8,E01017010,0,4
2024010525648,2024,010525648,1,9,0,7,7,3,5,0,0,5,0,0,0,0,0,1,6,6,3,-1,-1,1596,1,11,FORD FOCUS,-1,-1,0,-1
2024461407871,2024,461407871,1,9,0,-1,19,3,7,-1,0,0,0,0,0,0,1,9,-1,6,1,-1,-1,1596,1,13,FORD FOCUS,4,E01024601,0,1
2024131534886,2024,131534886,1,9,0,-1,19,7,3,-1,0,0,0,0,0,0,1,1,-1,6,1,20,4,1596,1,13,FORD FOCUS,3,E01011606,0,1
2024010519502,2024,010519502,1,9,0,99,99,9,9,99,99,9,9,99,9,99,1,9,6,6,3,-1,-1,999,1,5,FORD FOCUS,2,E01000525,0,1
2024010513168,2024,010513168,2,9,9,99,99,9,9,99,99,9,9,99,9,99,9,9,6,6,3,-1,-1,998,1,10,FORD FOCUS,-1,-1,0,-1
2024531502360,2024,531502360,2,9,0,-1,19,5,1,-1,0,0,0,0,0,0,4,1,-1,2,1,48,8,1498,1,9,FORD FOCUS,9,E01022342,0,3
2024041408688,2024,041408688,2,9,0,-1,9,7,3,-1,0,0,0,0,1,1,1,1,-1,9,2,38,7,1596,1,14,FORD FOCUS,5,E01012635,0,1
2024010493848,2024,010493848,1,9,0,18,19,5,1,0,0,1,0,0,0,0,0,1,1,1,1,38,7,1496,1,3,FORD FOCUS,2,E01003047,0,1
2024622400413,2024,622400413,2,9,0,9,9,2,8,0,0,8,0,0,0,0,3,1,6,6,2,54,8,999,1,5,FORD FOCUS,6,W01001241,0,2
2024070778467,2024,070778467,1,9,0,-1,19,4,8,-1,0,1,0,0,0,0,1,1,-1,6,2,34,6,1560,2,10,FORD FOCUS,7,E01034673,0,1
2024522500268,2024,522500268,1,9,0,18,19,7,3,0,0,0,0,0,0,0,1,1,6,6,2,37,7,1798,1,17,FORD FOCUS,2,E01014806,0,1
2024010506059,2024,010506059,2,9,0,18,19,7,3,0,0,1,0,4,0,0,3,1,2,2,1,51,8,998,1,10,FORD FOCUS,9,E01000831,0,2
2024010527271,2024,010527271,2,9,0,18,19,7,3,0,0,2,1,0,0,0,1,1,6,6,1,65,9,1596,1,17,FORD FOCUS,2,E01001486,0,1
2024111517543,2024,111517543,1,9,0,-1,19,5,1,-1,0,0,1,0,1,11,1,1,-1,9,1,54,8,1997,2,17,FORD FOCUS,3,E01020729,0,1
2024061434559,2024,061434559,3,9,0,-1,19,6,2,-1,0,1,0,0,0,0,2,1,-1,9,1,58,9,1496,1,5,FORD FOCUS,7,E01005530,0,2
2024451523020,2024,451523020,2,9,0,-1,19,7,3,-1,0,1,0,0,0,0,1,1,-1,2,1,67,10,999,1,2,FORD FOCUS,6,E01030729,0,2
2024461416602,2024,461416602,3,9,0,-1,2,0,0,-1,0,0,0,0,0,0,2,1,-1,6,-1,-1,-1,999,1,8,FORD FOCUS,-1,-1,0,-1
2024991554266,2024,991554266,1,9,0,-1,9,8,3,-1,0,7,0,0,1,0,1,1,-1,6,1,51,8,999,1,7,FORD FOCUS,-1,-1,0,-1
2024332400009,2024,332400009,1,9,0,-1,9,7,5,-1,0,5,0,0,0,0,1,1,-1,2,2,20,4,1596,1,19,FORD FOCUS,8,E01025926,0,1
2024610028424,2024,610028424,1,9,0,5,5,7,5,0,0,8,0,0,0,0,4,1,6,6,1,49,8,1999,1,12,FORD FOCUS,5,W01001521,0,1
2024440025041,2024,440025041,1,9,0,18,19,1,5,0,0,0,0,0,0,0,4,1,2,2,2,40,7,1560,2,14,FORD FOCUS,6,E01017025,0,1
2024401434360,2024,401434360,1,9,0,-1,5,1,5,-1,0,2,0,0,0,0,1,1,-1,9,1,84,11,1596,1,10,FORD FOCUS,10,E01017415,0,1
2024991493686,2024,991493686,1,9,0,-1,2,1,1,-1,0,2,0,0,1,0,1,1,-1,6,2,19,4,1560,2,10,FORD FOCUS,3,-1,0,1
2024010539007,2024,010539007,1,9,0,18,19,3,7,0,0,0,0,0,0,0,3,1,3,7,1,78,11,1596,1,10,FORD FOCUS,6,E01002331,0,1
2024361470638,2024,361470638,2,9,0,-1,4,3,7,-1,0,0,0,0,0,0,2,1,-1,9,2,34,6,1560,2,10,FORD FOCUS,7,E01025840,0,5
2024421509725,2024,421509725,1,9,0,-1,11,1,5,-1,0,3,0,0,0,0,4,1,-1,6,1,35,6,998,1,12,FORD FOCUS,2,E01021316,0,1
2024061518145,2024,061518145,2,9,0,-1,19,7,3,-1,0,1,0,0,0,0,1,1,-1,6,2,33,6,999,1,7,FORD FOCUS,5,E01006180,0,1
2024010500123,2024,010500123,1,9,0,18,19,3,7,0,0,1,0,0,1,0,2,1,6,6,1,34,6,999,1,6,FORD FOCUS,4,E01002309,0,1
2024041455034,2024,041455034,1,9,0,-1,19,1,5,-1,0,1,0,0,0,0,1,1,-1,6,1,71,10,1596,1,13,FORD FOCUS,2,E01006492,0,2
2024451516184,2024,451516184,1,9,0,-1,19,7,3,-1,0,0,0,0,1,3,1,1,-1,6,1,54,8,1596,1,23,FORD FOCUS,-1,-1,0,-1
2024052401746,2024,052401746,4,9,0,2,2,0,0,0,0,0,0,0,0,0,2,1,6,6,3,-1,-1,999,1,1,FORD FOCUS,-1,-1,0,-1
2024070978199,2024,070978199,1,9,0,-1,9,5,3,-1,0,8,0,0,0,0,4,1,-1,1,1,-1,-1,1499,2,9,FORD FOCUS,4,E01035378,0,1
2024010511809,2024,010511809,1,9,0,99,99,9,9,99,99,9,9,99,9,99,1,9,2,2,1,24,5,999,1,8,FORD FOCUS,4,E01003530,0,1
2024052402094,2024,052402094,1,9,0,4,4,8,4,0,0,1,0,0,0,0,1,1,6,6,2,25,5,998,1,10,FORD FOCUS,1,E01006775,0,2
2024131503833,2024,131503833,1,9,0,-1,-1,-1,-1,-1,-1,-1,-1,-1,-1,-1,-1,1,-1,6,3,-1,-1,1499,2,9,FORD FOCUS,-1,-1,0,-1
2024111460609,2024,111460609,1,9,0,-1,19,5,1,-1,0,1,1,0,0,0,1,1,-1,6,1,63,9,1560,2,14,FORD FOCUS,2,E01020797,0,3
2024141393718,2024,141393718,1,9,0,-1,19,3,7,-1,0,3,1,10,0,0,4,1,-1,9,1,38,7,1995,2,2,FORD FOCUS,-1,-1,0,-1
2024131398188,2024,131398188,1,9,0,-1,19,7,7,-1,0,8,0,0,0,0,1,1,-1,9,2,27,6,1997,2,14,FORD FOCUS,1,E01010614,0,1
2024332400422,2024,332400422,1,9,0,-1,4,6,2,-1,0,0,0,0,0,0,2,1,-1,6,1,55,8,1560,2,14,FORD FOCUS,1,E01005486,0,5
2024520401970,2024,520401970,1,9,0,10,10,5,1,0,0,1,0,0,0,0,2,1,6,6,2,79,11,1997,2,18,FORD FOCUS,7,E01029166,0,1
2024161523000,2024,161523000,1,9,0,-1,19,7,3,-1,0,0,2,0,1,9,1,1,-1,9,1,19,4,1596,1,22,FORD FOCUS,7,E01012993,0,1