collision_index,collision_year,collision_ref_no,vehicle_reference,vehicle_type,towing_and_articulation,vehicle_manoeuvre_historic,vehicle_manoeuvre,vehicle_direction_from,vehicle_direction_to,vehicle_location_restricted_lane_historic,vehicle_location_restricted_lane,junction_location,skidding_and_overturning,hit_object_in_carriageway,vehicle_leaving_carriageway,hit_object_off_carriageway,first_point_of_impact,vehicle_left_hand_drive,journey_purpose_of_driver_historic,journey_purpose_of_driver,sex_of_driver,age_of_driver,age_band_of_driver,engine_capacity_cc,propulsion_code,age_of_vehicle,generic_make_model,driver_imd_decile,lsoa_of_driver,escooter_flag,driver_distance_banding
2024461424717,2024,461424717,2,9,0,-1,19,3,7,-1,0,3,0,0,0,0,1,1,-1,1,1,51,8,1796,1,23,FORD FOCUS,2,E01024277,0,1
2024430327354,2024,430327354,1,9,0,9,9,5,3,0,0,5,0,0,0,0,1,1,2,2,1,61,9,999,1,7,FORD FOCUS,3,E01033859,0,1
2024010540856,2024,010540856,2,9,0,99,99,9,9,99,99,9,9,99,9,99,1,9,6,6,1,-1,-1,999,8,0,FORD FOCUS,-1,-1,0,-1
2024421486464,2024,421486464,2,9,0,-1,19,4,8,-1,0,0,0,0,0,0,1,1,-1,9,1,75,10,999,1,2,FORD FOCUS,8,E01002252,0,4
2024320611195,2024,320611195,1,9,0,-1,-1,2,8,0,0,3,0,0,0,0,1,1,6,6,1,-1,-1,999,1,5,FORD FOCUS,-1,-1,0,-1
2024052401894,2024,052401894,1,9,0,1,1,3,7,0,0,6,0,0,0,0,2,1,6,6,1,44,7,1999,1,15,FORD FOCUS,2,E01006428,0,1
2024401507905,2024,401507905,1,9,0,-1,19,6,2,-1,0,1,0,0,0,0,1,9,-1,6,2,35,6,1560,2,12,FORD FOCUS,6,E01017571,0,1
2024161476709,2024,161476709,1,9,0,-1,19,1,5,-1,0,0,0,7,0,0,1,1,-1,1,1,34,6,1499,2,9,FORD FOCUS,6,E01013276,0,1
2024421401603,2024,421401603,2,9,0,-1,19,7,3,-1,0,4,0,0,0,0,2,1,-1,6,2,33,6,1596,1,16,FORD FOCUS,5,E01016013,0,1
2024010526164,2024,010526164,1,9,0,16,19,1,5,0,0,4,1,0,0,0,1,1,6,6,2,48,8,1596,1,11,FORD FOCUS,2,E01002310,0,1
2024010535711,2024,010535711,2,9,0,2,2,0,0,0,0,2,0,0,0,0,1,1,6,6,3,-1,-1,1596,1,19,FORD FOCUS,-1,-1,0,-1
2024010536294,2024,010536294,2,9,0,18,19,8,4,0,0,0,0,0,0,0,2,1,6,6,2,51,8,1798,1,17,FORD FOCUS,3,E01021289,0,3
2024361428512,2024,361428512,1,9,0,-1,9,7,5,-1,0,8,0,0,0,0,3,1,-1,9,1,19,4,1560,2,14,FORD FOCUS,7,E01026514,0,2
2024071089663,2024,071089663,2,9,0,-1,19,7,3,-1,0,1,0,0,0,0,2,1,-1,1,1,42,7,1560,2,14,FORD FOCUS,10,E01018583,0,1
202417S308324,2024,17S308324,1,9,0,-1,19,3,7,-1,0,1,0,0,0,0,1,1,-1,9,1,35,6,998,1,12,FORD FOCUS,3,E01012289,0,1
2024010499109,2024,010499109,1,9,0,99,99,9,9,99,99,0,9,99,9,99,3,9,6,6,1,22,5,999,1,4,FORD FOCUS,9,E01022081,0,4
2024451402415,2024,451402415,1,9,0,-1,19,1,5,-1,0,0,0,0,0,0,1,9,-1,6,1,82,11,999,1,9,FORD FOCUS,10,E01030790,0,1
2024211445684,2024,211445684,1,9,0,-1,4,1,5,-1,0,0,0,0,0,0,2,1,-1,6,2,37,7,1596,1,13,FORD FOCUS,1,E01014263,0,2
2024440120605,2024,440120605,2,9,0,18,19,8,4,0,0,1,0,0,0,0,4,1,6,6,1,43,7,999,1,9,FORD FOCUS,1,E01017237,0,2
2024041483412,2024,041483412,1,9,0,-1,19,1,5,-1,0,6,0,0,0,0,1,1,-1,9,1,52,8,1596,1,17,FORD FOCUS,6,E01025002,0,1
2024451512977,2024,451512977,1,9,0,-1,19,7,3,-1,0,0,1,0,1,11,1,1,-1,2,1,58,9,999,1,7,FORD FOCUS,4,E01030702,0,1
2024421449003,2024,421449003,1,9,0,-1,9,8,4,-1,0,4,0,0,0,0,1,9,-1,6,3,-1,-1,1560,2,15,FORD FOCUS,-1,-1,0,-1
2024201517128,2024,201517128,1,9,0,-1,19,7,7,-1,0,0,0,0,0,0,2,1,-1,1,1,35,6,2261,1,4,FORD FOCUS,7,E01011591,0,5
2024501530536,2024,501530536,2,9,0,-1,19,2,6,-1,0,0,0,0,0,0,3,1,-1,9,1,38,7,2521,1,14,FORD FOCUS,5,E01018948,0,1
2024010526544,2024,010526544,3,9,0,2,2,0,0,0,0,1,0,0,0,0,3,1,6,6,3,-1,-1,999,1,5,FORD FOCUS,-1,-1,0,-1
2024052401512,2024,052401512,1,9,0,18,19,8,4,0,0,8,0,0,3,11,3,1,6,6,1,23,5,1499,2,7,FORD FOCUS,6,E01007116,0,1
2024471458252,2024,471458252,2,9,0,-1,3,3,7,-1,0,0,0,0,0,0,1,1,-1,2,1,29,6,999,1,5,FORD FOCUS,3,E01021057,0,4
2024421436576,2024,421436576,2,9,0,-1,9,3,8,-1,0,1,0,0,0,0,1,1,-1,6,1,62,9,1999,1,19,FORD FOCUS,2,E01022019,0,2
2024131520845,2024,131520845,2,9,0,-1,19,3,7,-1,0,0,0,0,0,0,1,1,-1,9,1,23,5,1499,2,6,FORD FOCUS,3,E01010846,0,4
2024201459087,2024,201459087,2,9,0,-1,3,4,8,-1,0,1,0,0,0,0,2,1,-1,9,1,53,8,1499,2,9,FORD FOCUS,3,E01009597,0,1
2024461423021,2024,461423021,2,9,0,-1,19,4,6,-1,0,8,0,0,0,0,3,1,-1,9,1,53,8,999,1,8,FORD FOCUS,4,E01000466,0,3
2024440183289,2024,440183289,2,9,0,12,12,6,2,0,0,1,0,0,0,0,2,1,6,6,2,42,7,1596,1,13,FORD FOCUS,10,E01023169,0,4
2024201466296,2024,201466296,1,9,0,-1,9,7,5,-1,0,5,0,0,0,0,3,9,-1,9,1,82,11,1596,1,17,FORD FOCUS,5,E01009447,0,1
2024141517043,2024,141517043,2,9,0,-1,19,7,3,-1,0,0,0,0,0,0,2,1,-1,6,2,27,6,999,1,9,FORD FOCUS,2,E01007517,0,3
2024351459877,2024,351459877,2,9,0,-1,19,1,5,-1,0,0,0,0,0,0,4,1,-1,1,1,72,10,1560,2,14,FORD FOCUS,1,E01015607,0,1
2024061521349,2024,061521349,4,9,0,-1,19,3,7,-1,0,0,0,0,0,0,1,1,-1,6,1,90,11,1560,2,13,FORD FOCUS,-1,-1,0,-1
2024010545102,2024,010545102,3,9,0,5,5,0,1,0,0,1,0,4,7,0,1,1,6,6,1,24,5,1999,1,9,FORD FOCUS,3,E01003594,0,2
2024471515924,2024,471515924,3,9,0,-1,4,3,7,-1,0,8,0,0,0,0,2,1,-1,2,1,30,6,999,1,4,FORD FOCUS,8,E01021075,0,3
2024461535551,2024,461535551,2,9,0,-1,2,0,0,-1,0,0,0,0,0,0,1,1,-1,1,1,38,7,999,8,0,FORD FOCUS,5,E01035292,0,2
2024302400965,2024,302400965,2,9,0,4,4,8,4,0,0,1,0,0,0,0,2,1,6,6,2,35,6,999,1,8,FORD FOCUS,4,E01019570,0,1
2024461506797,2024,461506797,1,9,0,-1,5,2,8,-1,0,6,0,0,0,0,1,9,-1,9,2,35,6,1560,2,12,FORD FOCUS,9,E01024068,0,1
2024231434371,2024,231434371,1,9,0,-1,5,8,4,-1,0,6,0,0,0,0,4,1,-1,9,2,84,11,1560,2,14,FORD FOCUS,3,E01025822,0,2
2024221516392,2024,221516392,1,9,0,-1,19,3,7,-1,0,0,0,0,7,1,1,9,-1,6,1,18,4,998,1,10,FORD FOCUS,8,E01028907,0,1
2024991530490,2024,991530490,1,9,0,-1,19,3,7,-1,0,3,0,0,0,0,1,1,-1,9,1,68,10,1596,1,13,FORD FOCUS,3,-1,0,4
2024131499854,2024,131499854,1,9,0,-1,19,5,1,-1,0,8,0,0,0,0,1,1,-1,6,1,24,5,1560,2,13,FORD FOCUS,1,E01011426,0,1
2024351460354,2024,351460354,1,9,0,-1,11,4,8,-1,0,0,0,0,0,0,2,1,-1,2,1,33,6,1999,1,6,FORD FOCUS,8,E01018268,0,2
2024010532645,2024,010532645,2,9,0,18,19,5,1,0,0,1,0,0,0,0,1,1,1,1,1,24,5,999,1,5,FORD FOCUS,-1,-1,0,-1
2024351469700,2024,351469700,1,9,0,-1,19,4,6,-1,0,1,0,0,3,0,1,1,-1,6,1,34,6,1560,2,13,FORD FOCUS,5,E01017028,0,5
2024351413190,2024,351413190,1,9,0,-1,19,5,2,-1,0,2,0,0,1,0,1,1,-1,9,2,26,6,1499,2,3,FORD FOCUS,8,E01018246,0,1
2024052400359,2024,052400359,1,9,0,18,19,5,1,0,0,0,0,0,0,0,1,1,6,6,1,66,10,1499,2,9,FORD FOCUS,7,E01008039,0,5
2024421517219,2024,421517219,1,9,0,-1,7,1,7,-1,0,2,0,0,0,0,3,1,-1,9,1,34,6,999,1,8,FORD FOCUS,3,E01004349,0,2
2024471426512,2024,471426512,2,9,0,-1,19,7,3,-1,0,1,0,0,7,11,1,1,-1,9,1,77,11,1596,1,12,FORD FOCUS,2,E01016910,0,1
2024131422716,2024,131422716,2,9,0,-1,3,7,3,-1,0,1,0,0,0,0,2,1,-1,6,1,37,7,1596,1,15,FORD FOCUS,1,E01010653,0,2
2024211411375,2024,211411375,2,9,0,-1,9,3,1,-1,0,8,0,0,7,0,1,9,-1,9,1,45,7,1560,2,11,FORD FOCUS,2,E01014355,0,1
2024440525218,2024,440525218,1,9,0,18,19,6,2,0,0,0,0,0,0,0,1,1,6,6,2,78,11,1999,1,15,FORD FOCUS,10,E01022868,0,1
2024461404666,2024,461404666,1,9,0,-1,19,5,1,-1,0,3,0,0,0,0,1,9,-1,9,1,-1,-1,1596,1,16,FORD FOCUS,-1,-1,0,-1
2024471463220,2024,471463220,2,9,0,-1,4,4,8,-1,0,1,0,0,0,0,2,1,-1,6,1,56,9,1596,1,21,FORD FOCUS,6,E01035327,0,1
2024311410720,2024,311410720,2,9,0,-1,4,2,6,-1,0,0,0,0,0,0,2,1,-1,6,1,30,6,1999,1,9,FORD FOCUS,1,E01033411,0,1
2024320451147,2024,320451147,2,9,0,3,3,6,2,0,0,0,0,0,0,0,2,1,-1,-1,1,55,8,1596,1,8,FORD FOCUS,10,E01034703,0,4
2024010498237,2024,010498237,1,9,0,18,19,5,1,0,0,0,0,0,0,0,1,1,6,6,2,24,5,1596,1,13,FORD FOCUS,3,E01004235,0,1
2024211485819,2024,211485819,1,9,0,-1,19,1,5,-1,0,0,0,0,0,0,3,1,-1,9,2,37,7,1560,2,12,FORD FOCUS,-1,-1,0,-1
2024361411410,2024,361411410,2,9,0,-1,19,6,2,-1,0,0,0,0,0,0,2,1,-1,1,1,28,6,1997,2,9,FORD FOCUS,3,E01026426,0,4
2024010539421,2024,010539421,2,9,0,7,7,9,9,99,99,9,9,99,9,99,9,9,6,6,3,-1,-1,1499,2,4,FORD FOCUS,-1,-1,0,-1
2024320342019,2024,320342019,1,9,0,7,7,2,4,0,0,6,0,0,0,0,3,1,6,6,1,-1,-1,1560,2,15,FORD FOCUS,-1,-1,0,-1
2024221523274,2024,221523274,1,9,0,-1,19,7,2,-1,0,0,0,0,0,0,1,1,-1,9,1,77,11,1499,2,7,FORD FOCUS,8,E01014176,0,1
2024430230414,2024,430230414,2,9,0,13,13,1,5,0,0,0,0,0,0,0,4,1,6,6,3,-1,-1,1798,1,14,FORD FOCUS,-1,-1,0,-1
2024010521216,2024,010521216,2,9,0,2,2,0,0,9,9,0,0,0,0,0,0,1,6,6,3,-1,-1,1596,1,17,FORD FOCUS,-1,-1,0,-1
2024320578985,2024,320578985,2,9,0,-1,-1,1,6,0,0,0,0,0,1,4,1,1,-1,-1,1,22,5,1596,1,19,FORD FOCUS,2,E01026101,0,3
2024201413386,2024,201413386,2,9,0,-1,19,6,2,-1,0,8,0,0,0,0,4,9,-1,6,1,54,8,1596,1,10,FORD FOCUS,4,E01009077,0,1
2024302401597,2024,302401597,1,9,0,4,4,4,8,0,0,0,0,0,0,0,2,1,6,6,1,60,9,999,1,8,FORD FOCUS,2,E01014278,0,4
2024440180162,2024,440180162,1,9,0,9,9,1,8,0,0,8,0,0,0,0,1,1,6,6,2,41,7,1560,2,12,FORD FOCUS,6,E01034063,0,1
2024543395024,2024,543395024,5,9,0,18,19,4,8,0,0,0,1,0,1,10,1,1,6,6,2,40,7,1753,2,20,FORD FOCUS,-1,-1,0,-1
2024101429940,2024,101429940,2,9,0,-1,3,1,5,-1,0,0,0,0,0,0,2,1,-1,6,2,27,6,1560,2,12,FORD FOCUS,1,E01008232,0,1
2024211490208,2024,211490208,2,9,0,-1,19,2,6,-1,0,0,0,0,0,0,1,1,-1,6,1,32,6,1596,1,18,FORD FOCUS,-1,-1,0,-1
2024161436049,2024,161436049,2,9,0,-1,19,5,1,-1,0,0,0,0,0,0,1,9,-1,6,3,-1,-1,1499,2,7,FORD FOCUS,-1,-1,0,-1
2024430269118,2024,430269118,2,9,0,18,19,8,4,0,0,0,0,0,0,0,2,1,6,6,1,40,7,999,1,2,FORD FOCUS,2,E01002505,0,3
2024340WN0872,2024,340WN0872,1,9,0,-1,19,6,2,-1,0,0,0,0,1,0,1,1,-1,6,1,38,7,999,1,9,FORD FOCUS,3,E01027319,0,4
2024520402372,2024,520402372,1,9,0,18,19,2,6,0,0,0,0,0,0,0,1,1,6,6,1,72,10,999,1,8,FORD FOCUS,4,E01029230,0,3
2024471400815,2024,471400815,1,9,0,-1,19,5,1,-1,0,0,0,0,1,10,1,1,-1,9,2,51,8,1596,1,14,FORD FOCUS,10,E01031760,0,1
2024131486013,2024,131486013,2,9,0,-1,2,0,0,-1,0,8,0,0,0,0,1,1,-1,9,1,80,11,1753,2,21,FORD FOCUS,7,E01011768,0,1
2024010512452,2024,010512452,1,9,0,99,99,9,9,99,99,9,9,99,9,99,4,9,6,6,2,37,7,1596,1,13,FORD FOCUS,3,E01000735,0,1
2024070902037,2024,070902037,2,9,0,-1,19,1,5,-1,0,0,0,0,0,0,1,1,-1,9,1,24,5,999,1,3,FORD FOCUS,6,E01005649,0,4
2024541941724,2024,541941724,1,9,0,18,19,1,5,0,0,1,1,0,2,10,1,1,6,6,1,34,6,1596,1,15,FORD FOCUS,5,E01032065,0,1
2024052400250,2024,052400250,2,9,0,4,4,4,8,0,0,0,0,0,0,0,2,1,6,6,1,52,8,999,1,3,FORD FOCUS,5,E01033095,0,1
2024010548379,2024,010548379,1,9,0,9,9,1,7,0,0,4,0,0,0,0,1,1,6,6,2,68,10,1596,1,16,FORD FOCUS,8,E01002391,0,1
2024451432586,2024,451432586,1,9,0,-1,7,1,5,-1,0,1,9,0,7,0,3,1,-1,7,2,34,6,1596,1,12,FORD FOCUS,5,E01030971,0,1
2024111406705,2024,111406705,1,9,0,-1,4,5,1,-1,0,0,0,0,0,0,2,1,-1,6,1,82,11,1560,2,9,FORD FOCUS,3,E01020811,0,4
2024201452615,2024,201452615,1,9,0,-1,7,6,3,-1,0,6,0,0,0,0,4,9,-1,6,2,43,7,998,1,10,FORD FOCUS,1,E01009053,0,1
2024311430042,2024,311430042,2,9,0,-1,14,2,6,-1,0,0,0,0,0,0,-1,1,-1,6,2,67,10,1560,2,13,FORD FOCUS,-1,-1,0,-1
2024302500126,2024,302500126,1,9,0,-1,7,6,8,-1,0,8,0,0,0,0,1,1,-1,9,1,22,5,998,1,11,FORD FOCUS,2,E01019842,0,1
2024070676820,2024,070676820,1,9,0,15,15,6,2,0,0,1,0,0,0,0,3,1,6,6,1,-1,-1,999,1,8,FORD FOCUS,3,E01018731,0,1
2024421513989,2024,421513989,3,9,0,-1,19,3,7,-1,0,0,0,0,0,0,1,1,-1,9,1,43,7,1499,2,5,FORD FOCUS,4,E01021310,0,2
2024141533369,2024,141533369,1,9,0,-1,19,5,1,-1,0,1,2,0,7,0,3,1,-1,6,1,33,6,1499,2,4,FORD FOCUS,9,E01008137,0,1
2024010499252,2024,010499252,1,9,0,18,19,1,5,9,9,5,0,0,3,11,1,1,6,6,1,35,6,2521,1,16,FORD FOCUS,-1,-1,0,-1
2024101398714,2024,101398714,2,9,0,-1,19,5,1,-1,0,1,0,4,0,0,1,1,-1,6,-1,-1,-1,1997,2,8,FORD FOCUS,-1,-1,0,-1
202417L211424,2024,17L211424,1,9,0,-1,19,3,7,-1,0,8,0,0,0,0,1,1,-1,2,1,31,6,999,1,3,FORD FOCUS,2,E01012171,0,1
2024041490898,2024,041490898,1,9,0,-1,5,3,5,-1,0,4,0,0,0,0,3,1,-1,6,1,89,11,1498,1,7,FORD FOCUS,10,E01025454,0,1
2024070845111,2024,070845111,1,9,0,-1,4,1,3,-1,0,6,0,0,0,0,2,1,-1,6,1,79,11,1499,2,6,FORD FOCUS,6,E01012401,0,1
2024131466607,2024,131466607,1,9,0,-1,19,5,1,-1,0,8,0,0,0,0,4,1,-1,9,1,61,9,1995,2,4,FORD FOCUS,3,E01011776,0,3
2024461403332,2024,461403332,1,9,0,-1,19,2,6,-1,0,1,0,0,0,0,4,9,-1,6,1,24,5,1596,1,12,FORD FOCUS,1,E01024612,0,1
2024061398377,2024,061398377,1,9,0,-1,19,3,7,-1,0,1,0,0,0,0,1,9,-1,6,2,48,8,1499,2,8,FORD FOCUS,2,E01005890,0,1
2024122400454,2024,122400454,1,9,0,18,19,7,3,0,0,4,0,0,0,0,0,1,6,6,1,39,7,1560,2,11,FORD FOCUS,2,E01027850,0,1
2024010514948,2024,010514948,4,9,0,18,19,8,4,0,0,1,0,0,0,0,0,1,6,6,1,26,6,1496,1,3,FORD FOCUS,-1,-1,0,-1
2024501437307,2024,501437307,1,9,0,-1,11,2,6,-1,0,0,1,0,2,7,1,1,-1,9,2,31,6,1596,1,17,FORD FOCUS,6,E01020237,0,1
2024451444262,2024,451444262,2,9,0,-1,19,1,1,-1,0,0,0,0,0,0,2,1,-1,6,3,30,6,999,1,7,FORD FOCUS,-1,-1,0,-1
2024010517593,2024,010517593,2,9,0,18,19,7,3,0,0,8,0,0,0,0,1,1,6,6,3,-1,-1,999,8,1,FORD FOCUS,-1,-1,0,-1
2024351512984,2024,351512984,2,9,0,-1,2,0,0,-1,9,0,0,0,0,0,3,9,-1,9,2,63,9,1560,2,11,FORD FOCUS,2,E01035542,0,1
2024501484479,2024,501484479,4,9,0,-1,19,3,7,-1,0,0,0,0,0,0,0,9,-1,6,2,75,10,1560,2,14,FORD FOCUS,3,E01018784,0,4
2024461498065,2024,461498065,1,9,0,-1,19,1,5,-1,0,8,0,0,0,0,1,9,-1,6,1,36,7,1596,1,15,FORD FOCUS,4,E01024841,0,1
2024010520765,2024,010520765,1,9,0,5,5,7,3,0,0,1,0,0,0,0,1,1,6,6,1,43,7,1596,1,13,FORD FOCUS,5,E01004099,0,1
2024101395563,2024,101395563,1,9,0,-1,19,5,1,-1,0,1,0,0,0,0,1,1,-1,6,1,22,5,1499,2,7,FORD FOCUS,-1,-1,0,-1
2024991485952,2024,991485952,2,9,0,-1,19,1,5,-1,0,0,0,0,0,0,2,1,-1,9,1,44,7,1499,2,9,FORD FOCUS,2,-1,0,3
2024070683733,2024,070683733,1,9,0,9,9,3,1,0,0,6,0,0,0,0,3,1,6,6,1,-1,-1,1560,2,11,FORD FOCUS,3,E01018309,0,2
2024451456602,2024,451456602,2,9,0,-1,19,3,3,-1,0,1,0,0,0,0,1,9,-1,6,1,29,6,998,1,12,FORD FOCUS,9,E01030964,0,2
2024131463699,2024,131463699,5,9,0,-1,4,7,3,-1,0,0,0,0,0,0,3,1,-1,6,2,43,7,1560,2,19,FORD FOCUS,1,E01033691,0,3
2024010503643,2024,010503643,1,9,0,9,9,7,5,0,0,2,0,0,0,0,1,1,6,6,1,55,8,1560,2,9,FORD FOCUS,4,E01034985,0,4
2024211472938,2024,211472938,3,9,0,-1,2,0,0,-1,9,2,0,0,0,0,1,1,-1,6,1,24,5,2521,1,16,FORD FOCUS,3,E01014296,0,1
2024031486935,2024,031486935,2,9,0,-1,5,1,5,-1,0,1,0,0,0,0,4,1,-1,9,1,34,6,999,1,7,FORD FOCUS,5,E01019292,0,2
2024991499983,2024,991499983,1,9,0,-1,19,8,3,-1,0,0,0,0,0,0,1,1,-1,9,1,63,9,999,8,0,FORD FOCUS,7,-1,0,2
2024131435335,2024,131435335,3,9,0,-1,2,0,0,-1,0,0,0,0,0,0,2,1,-1,6,-1,-1,-1,1560,2,10,FORD FOCUS,-1,-1,0,-1
2024231494839,2024,231494839,3,9,0,-1,10,1,7,-1,0,6,0,0,0,0,1,9,-1,9,2,54,8,1499,2,8,FORD FOCUS,5,E01009654,0,1
2024131530643,2024,131530643,3,9,0,-1,19,7,3,-1,0,0,0,0,0,0,2,1,-1,2,1,47,8,1499,2,7,FORD FOCUS,1,E01034232,0,3
2024311467848,2024,311467848,1,9,0,-1,13,8,5,-1,0,0,2,10,1,11,1,1,-1,6,1,40,7,1596,1,18,FORD FOCUS,1,E01028247,0,2
2024221504473,2024,221504473,1,9,0,-1,5,1,5,-1,0,4,0,0,0,0,1,1,-1,2,1,19,4,1499,2,9,FORD FOCUS,4,E01008888,0,3
2024031534010,2024,031534010,1,9,0,-1,4,7,3,-1,0,0,0,0,0,0,2,1,-1,6,1,45,7,999,1,5,FORD FOCUS,-1,-1,0,-1
2024041400011,2024,041400011,1,9,0,-1,19,1,5,-1,0,3,0,0,0,0,4,1,-1,9,1,78,11,1596,1,16,FORD FOCUS,1,E01025574,0,2
2024131397962,2024,131397962,1,9,0,-1,19,5,1,-1,0,8,0,0,0,0,1,1,-1,1,2,59,9,1499,2,5,FORD FOCUS,6,E01026260,0,5
2024411425389,2024,411425389,2,9,0,-1,4,7,3,-1,0,0,0,0,0,0,2,1,-1,1,1,32,6,1499,2,4,FORD FOCUS,6,E01017424,0,4
2024231509535,2024,231509535,1,9,0,-1,14,7,3,-1,0,0,0,0,1,9,4,1,-1,6,1,53,8,1560,2,13,FORD FOCUS,9,E01031200,0,2
2024320198696,2024,320198696,4,9,0,3,3,4,8,0,0,2,0,0,0,0,2,1,6,6,2,35,6,999,1,8,FORD FOCUS,5,E01026298,0,2
2024471486589,2024,471486589,1,9,0,-1,19,5,8,-1,0,0,0,0,0,0,1,1,-1,9,1,72,10,1596,1,17,FORD FOCUS,5,E01016966,0,1
2024141493991,2024,141493991,2,9,0,-1,19,5,1,-1,0,8,0,0,0,0,4,1,-1,9,1,30,6,999,1,7,FORD FOCUS,1,E01007508,0,1
2024131467170,2024,131467170,1,9,0,-1,5,5,3,-1,0,3,0,0,0,0,4,1,-1,9,1,26,6,1560,2,10,FORD FOCUS,3,E01011804,0,1
2024501505851,2024,501505851,1,9,0,-1,7,3,5,-1,0,6,0,0,0,0,1,1,-1,9,2,24,5,1499,2,9,FORD FOCUS,6,E01020329,0,4
2024451511767,2024,451511767,1,9,0,-1,2,1,5,-1,0,0,0,99,0,0,1,1,-1,9,1,55,8,999,8,0,FORD FOCUS,9,E01030331,0,2
2024070022921,2024,070022921,2,9,0,18,19,3,7,0,0,0,0,0,1,9,3,1,2,2,1,37,7,1499,2,10,FORD FOCUS,8,E01018703,0,3
2024471481867,2024,471481867,2,9,0,-1,9,7,3,-1,0,6,0,0,0,0,1,1,-1,9,1,32,6,999,1,9,FORD FOCUS,5,E01004099,0,4
2024010502316,2024,010502316,2,9,0,9,9,6,4,0,0,8,0,0,0,0,1,1,6,6,1,18,4,999,1,7,FORD FOCUS,4,E01004495,0,1
2024991431965,2024,991431965,3,9,0,-1,4,6,2,-1,0,0,0,0,0,0,2,1,-1,9,1,66,10,1499,2,6,FORD FOCUS,8,-1,0,5
2024340WN9042,2024,340WN9042,2,9,0,-1,19,5,1,-1,0,8,0,0,4,4,1,1,-1,6,1,26,6,1560,2,10,FORD FOCUS,5,E01027302,0,1
2024211441919,2024,211441919,1,9,0,-1,5,5,4,-1,0,0,0,0,0,0,1,1,-1,6,1,51,8,999,8,1,FORD FOCUS,6,E01029778,0,3
2024411450310,2024,411450310,2,9,-1,-1,-1,-1,-1,-1,-1,-1,-1,-1,-1,0,-1,9,-1,6,1,53,8,1596,1,13,FORD FOCUS,7,E01033023,0,1
2024332400183,2024,332400183,2,9,0,-1,19,4,8,-1,0,8,1,0,0,0,1,1,-1,9,1,38,7,1498,1,9,FORD FOCUS,10,E01025729,0,2
2024531466312,2024,531466312,2,9,0,-1,19,1,2,-1,0,0,0,0,0,0,4,1,-1,9,1,36,7,1596,1,15,FORD FOCUS,8,E01022255,0,4
2024371469160,2024,371469160,3,9,0,-1,2,0,0,-1,0,0,0,0,0,0,1,1,-1,9,1,27,6,999,1,5,FORD FOCUS,1,E01030036,0,1
2024421467511,2024,421467511,2,9,0,-1,3,4,8,-1,0,0,0,0,0,0,2,1,-1,6,2,51,8,999,1,2,FORD FOCUS,5,E01035169,0,1
2024421482935,2024,421482935,1,9,0,-1,19,7,5,-1,0,4,5,9,3,0,1,1,-1,6,1,20,4,999,8,1,FORD FOCUS,-1,-1,0,-1
2024041428072,2024,041428072,1,9,0,-1,4,7,1,-1,0,0,0,0,0,0,1,1,-1,2,1,35,6,1596,1,13,FORD FOCUS,9,E01006365,0,2
2024371414456,2024,371414456,1,9,0,-1,9,5,3,-1,0,8,0,0,0,0,3,1,-1,9,1,69,10,1596,1,17,FORD FOCUS,6,E01029983,0,1
2024141489046,2024,141489046,1,9,0,-1,19,2,6,-1,0,0,0,0,0,0,0,1,-1,6,1,15,3,1997,2,13,FORD FOCUS,-1,-1,0,-1
2024421524074,2024,421524074,1,9,0,-1,7,7,2,-1,0,6,0,0,0,0,4,1,-1,9,1,72,10,1560,2,13,FORD FOCUS,4,E01021496,0,1
2024141434668,2024,141434668,2,9,0,-1,2,0,0,-1,0,1,0,0,0,0,3,1,-1,6,-1,-1,-1,1596,1,14,FORD FOCUS,-1,-1,0,-1
2024161438438,2024,161438438,1,9,0,-1,19,6,2,-1,0,1,0,0,0,0,4,1,-1,2,1,32,6,1596,1,13,FORD FOCUS,9,E01012996,0,4
2024461405728,2024,461405728,2,9,0,-1,19,6,2,-1,0,1,0,0,0,0,1,1,-1,6,2,44,7,1596,1,19,FORD FOCUS,4,E01016137,0,1
2024371468398,2024,371468398,2,9,0,-1,10,1,7,-1,0,1,0,0,0,0,4,1,-1,9,2,59,9,999,1,9,FORD FOCUS,4,E01030266,0,1
2024471426546,2024,471426546,1,9,0,-1,19,8,5,-1,0,0,0,0,1,0,3,1,-1,9,2,44,7,1560,2,10,FORD FOCUS,7,E01024743,0,4
2024010529926,2024,010529926,2,9,0,2,2,0,0,0,0,1,0,0,0,0,2,1,6,6,3,-1,-1,998,1,11,FORD FOCUS,-1,-1,0,-1
2024161450672,2024,161450672,1,9,0,-1,9,4,1,-1,0,5,0,0,0,0,3,1,-1,6,1,91,11,1560,2,16,FORD FOCUS,7,E01013098,0,4
2024201434524,2024,201434524,2,9,0,-1,19,6,2,-1,0,0,0,0,0,0,2,1,-1,6,1,58,9,1796,1,20,FORD FOCUS,8,E01031019,0,2
2024361476480,2024,361476480,1,9,3,-1,13,6,2,-1,0,0,4,0,0,0,4,1,-1,9,1,83,11,1753,2,16,FORD FOCUS,7,E01030228,0,4
2024430309646,2024,430309646,2,9,0,2,2,2,6,0,0,0,0,0,0,0,2,1,6,6,2,29,6,999,1,5,FORD FOCUS,1,E01016441,0,3