collision_index,collision_year,collision_ref_no,vehicle_reference,vehicle_type,towing_and_articulation,vehicle_manoeuvre_historic,vehicle_manoeuvre,vehicle_direction_from,vehicle_direction_to,vehicle_location_restricted_lane_historic,vehicle_location_restricted_lane,junction_location,skidding_and_overturning,hit_object_in_carriageway,vehicle_leaving_carriageway,hit_object_off_carriageway,first_point_of_impact,vehicle_left_hand_drive,journey_purpose_of_driver_historic,journey_purpose_of_driver,sex_of_driver,age_of_driver,age_band_of_driver,engine_capacity_cc,propulsion_code,age_of_vehicle,generic_make_model,driver_imd_decile,lsoa_of_driver,escooter_flag,driver_distance_banding
2024541158224,2024,541158224,1,9,0,18,19,4,8,0,0,0,2,0,7,11,1,1,6,6,2,91,11,1596,1,14,FORD FOCUS,6,E01032075,0,1
2024131488831,2024,131488831,1,9,0,-1,19,3,7,-1,0,0,1,0,8,4,3,1,-1,9,1,19,4,1596,1,17,FORD FOCUS,1,E01011484,0,2
2024221449818,2024,221449818,1,9,0,-1,7,6,8,-1,0,6,0,0,0,0,3,9,-1,1,1,42,7,1560,2,13,FORD FOCUS,2,E01028906,0,1
2024411473258,2024,411473258,2,9,0,-1,2,0,0,-1,0,1,0,0,0,0,4,1,-1,6,-1,-1,-1,1596,1,17,FORD FOCUS,-1,-1,0,-1
2024991494031,2024,991494031,2,9,0,-1,19,3,7,-1,0,0,0,0,7,0,1,1,-1,9,1,34,6,1499,2,4,FORD FOCUS,9,-1,0,4
2024010537387,2024,010537387,1,9,0,99,99,9,9,99,99,9,9,99,9,99,2,9,6,6,1,43,7,1999,1,18,FORD FOCUS,8,E01003709,0,1
2024320452431,2024,320452431,1,9,0,-1,-1,6,2,0,0,0,2,0,0,0,3,1,-1,-1,2,28,6,1596,1,19,FORD FOCUS,1,E01026114,0,3
2024991422963,2024,991422963,1,8,0,-1,5,1,5,-1,0,1,0,0,0,0,1,1,-1,1,1,45,7,1499,2,7,FORD FOCUS,-1,-1,0,-1
2024231462102,2024,231462102,1,9,0,-1,19,8,4,-1,0,0,0,0,0,0,3,1,-1,9,1,76,11,1499,2,8,FORD FOCUS,7,E01031011,0,2
2024361473962,2024,361473962,3,9,0,-1,7,7,3,-1,0,0,0,0,0,0,0,1,-1,6,1,61,9,1499,2,5,FORD FOCUS,2,E01026818,0,4
2024010510004,2024,010510004,2,9,0,3,3,1,5,0,0,1,0,0,0,0,2,1,6,6,1,44,7,999,1,7,FORD FOCUS,4,E01004150,0,1
2024461411616,2024,461411616,1,9,0,-1,4,4,8,-1,0,0,1,4,0,0,1,1,-1,9,1,33,6,1499,2,7,FORD FOCUS,5,E01024594,0,4
2024351540102,2024,351540102,1,9,0,-1,-1,-1,-1,-1,-1,0,-1,-1,-1,0,-1,9,-1,6,3,-1,-1,1499,2,9,FORD FOCUS,-1,-1,0,-1
2024201523531,2024,201523531,2,9,0,-1,8,6,2,-1,0,6,0,0,0,0,2,1,-1,9,2,50,8,1499,2,7,FORD FOCUS,4,E01009423,0,2
2024201558864,2024,201558864,1,9,0,-1,5,5,2,-1,0,0,0,0,0,0,1,9,-1,9,-1,83,11,1596,1,11,FORD FOCUS,3,E01010495,0,1
2024522500117,2024,522500117,1,9,0,17,19,6,3,0,0,8,0,0,1,11,1,1,6,6,1,28,6,998,1,11,FORD FOCUS,5,E01014927,0,1
2024451521242,2024,451521242,1,9,0,-1,19,1,1,-1,0,1,0,0,0,0,2,1,-1,9,1,83,11,1596,1,20,FORD FOCUS,4,E01030750,0,1
2024131452003,2024,131452003,2,9,0,-1,2,7,3,-1,0,0,0,0,0,0,3,1,-1,9,1,45,7,1596,1,18,FORD FOCUS,1,E01011917,0,1
2024010539562,2024,010539562,1,9,0,18,19,7,3,0,0,8,1,0,0,0,1,1,6,6,1,20,4,1596,1,18,FORD FOCUS,3,E01001053,0,2
2024461448529,2024,461448529,1,9,0,-1,19,8,4,-1,0,0,0,0,0,0,1,1,-1,9,1,41,7,999,1,6,FORD FOCUS,1,E01016033,0,1
2024451458079,2024,451458079,2,9,0,-1,19,5,1,-1,0,0,0,0,1,0,1,1,-1,6,1,43,7,1596,1,13,FORD FOCUS,3,E01030578,0,3
2024471407390,2024,471407390,1,9,0,-1,19,2,6,-1,0,0,0,0,0,0,1,1,-1,9,1,90,11,1596,1,13,FORD FOCUS,4,E01021114,0,1
2024991483176,2024,991483176,2,9,0,-1,19,6,2,-1,0,0,0,0,0,0,2,9,-1,2,1,18,4,1560,2,12,FORD FOCUS,10,-1,0,2
2024101485932,2024,101485932,1,9,0,-1,7,8,3,-1,0,8,0,0,0,0,3,1,-1,9,2,60,9,999,1,3,FORD FOCUS,4,E01020903,0,4
2024050579701,2024,050579701,2,9,0,18,19,8,4,0,0,1,0,0,4,0,1,1,6,6,1,30,6,1596,1,16,FORD FOCUS,9,E01018545,0,1
2024010535371,2024,010535371,2,9,0,2,2,0,0,0,0,0,0,0,0,0,2,1,6,6,3,-1,-1,1596,1,16,FORD FOCUS,-1,-1,0,-1
2024991408124,2024,991408124,1,9,0,-1,19,3,7,-1,0,2,0,0,0,0,1,1,-1,7,2,43,7,999,1,7,FORD FOCUS,8,-1,0,1
2024231449902,2024,231449902,1,9,0,-1,19,1,6,-1,0,0,0,0,1,4,1,1,-1,6,1,44,7,1560,2,12,FORD FOCUS,3,E01009792,0,4
2024991445929,2024,991445929,2,9,0,-1,19,5,1,-1,0,8,0,0,0,0,1,1,-1,6,2,18,4,999,1,3,FORD FOCUS,-1,-1,0,-1
2024401414581,2024,401414581,1,9,0,-1,5,3,1,-1,0,4,0,0,0,0,3,1,-1,9,1,39,7,1560,2,13,FORD FOCUS,4,E01015776,0,1
2024351485001,2024,351485001,1,9,0,-1,19,-1,-1,-1,0,8,0,0,0,0,1,1,-1,6,1,81,11,1560,2,12,FORD FOCUS,1,E01027318,0,4
2024141527714,2024,141527714,2,9,0,-1,9,6,3,-1,0,1,0,0,0,0,2,1,-1,9,2,30,6,1499,2,8,FORD FOCUS,1,E01007543,0,1
2024161484151,2024,161484151,1,9,0,-1,19,2,6,-1,0,1,1,0,1,0,1,9,-1,6,1,22,5,1560,2,12,FORD FOCUS,9,E01012974,0,2
2024361394467,2024,361394467,1,9,0,-1,9,6,3,-1,0,8,0,0,0,0,1,1,-1,6,1,44,7,1560,2,10,FORD FOCUS,7,E01026754,0,1
2024520403018,2024,520403018,2,9,0,4,4,8,4,0,0,0,0,0,0,0,2,1,6,6,1,63,9,1999,1,10,FORD FOCUS,5,E01029324,0,1
2024041484300,2024,041484300,1,9,0,-1,9,2,1,-1,0,2,0,0,0,0,1,1,-1,9,1,76,11,1596,1,11,FORD FOCUS,6,E01025562,0,1
2024010524069,2024,010524069,1,9,0,99,99,9,9,99,99,9,9,99,9,99,9,9,6,6,1,23,5,1596,1,10,FORD FOCUS,7,E01001678,0,1
2024010516326,2024,010516326,1,9,0,4,4,3,7,0,0,0,1,0,0,0,2,1,6,6,1,22,5,1499,2,3,FORD FOCUS,7,E01029735,0,5
2024052401721,2024,052401721,1,9,0,9,9,7,5,0,0,8,0,0,0,0,1,1,6,6,2,34,6,1997,2,9,FORD FOCUS,2,E01007205,0,1
2024501432984,2024,501432984,2,9,0,-1,9,1,3,-1,0,8,0,0,0,0,1,1,-1,2,1,60,9,1596,1,12,FORD FOCUS,4,E01020288,0,2
2024471451584,2024,471451584,1,9,0,-1,19,-1,-1,-1,9,0,1,12,7,4,1,1,-1,9,1,33,6,1596,1,17,FORD FOCUS,7,E01004159,0,4
2024991518224,2024,991518224,1,9,0,-1,9,8,6,-1,0,8,0,0,0,0,1,1,-1,2,1,34,6,1499,2,8,FORD FOCUS,2,-1,0,1
2024522402740,2024,522402740,2,9,0,7,7,5,8,0,0,6,0,0,0,0,1,1,6,6,1,51,8,1499,2,4,FORD FOCUS,8,E01022335,0,4
2024311520289,2024,311520289,1,9,0,-1,19,5,5,-1,0,0,0,0,0,0,1,1,-1,6,3,-1,-1,999,1,3,FORD FOCUS,-1,-1,0,-1
2024161523526,2024,161523526,1,9,0,-1,19,3,7,-1,0,1,0,0,0,0,1,1,-1,6,1,59,9,1499,2,7,FORD FOCUS,4,E01013334,0,1
2024201532953,2024,201532953,1,9,0,-1,19,6,2,-1,0,1,0,0,0,0,1,1,-1,1,2,44,7,999,1,9,FORD FOCUS,2,E01009271,0,1
2024041515486,2024,041515486,1,9,0,-1,9,5,3,-1,0,4,0,0,0,0,1,1,-1,6,1,41,7,999,1,7,FORD FOCUS,1,E01024895,0,1
2024340NN4742,2024,340NN4742,1,9,0,-1,7,7,1,-1,0,6,0,0,0,0,3,1,-1,6,1,-1,-1,1596,1,10,FORD FOCUS,3,E01027106,0,1
2024320719284,2024,320719284,1,9,0,9,9,7,4,0,0,6,0,0,0,0,4,1,6,6,2,55,8,1560,2,8,FORD FOCUS,4,E01026230,0,3
2024010524797,2024,010524797,2,9,0,2,2,0,0,0,0,0,0,0,0,0,3,1,6,6,3,-1,-1,1999,1,9,FORD FOCUS,-1,-1,0,-1
202454A693324,2024,54A693324,3,9,0,18,19,1,5,0,0,8,0,0,0,0,1,1,2,2,2,50,8,1997,2,11,FORD FOCUS,3,E01015510,0,1
2024461484448,2024,461484448,1,9,0,-1,6,2,4,-1,0,5,0,0,0,0,1,9,-1,6,2,44,7,1596,1,12,FORD FOCUS,6,E01024447,0,1
2024141520234,2024,141520234,1,9,0,-1,7,2,4,-1,0,2,0,0,0,0,1,2,-1,6,1,41,7,1596,1,13,FORD FOCUS,-1,-1,0,-1
2024201436111,2024,201436111,1,9,0,-1,12,4,8,-1,0,0,0,0,0,0,4,1,-1,2,1,56,9,998,1,12,FORD FOCUS,-1,-1,0,-1
2024131489402,2024,131489402,2,9,0,-1,3,4,8,-1,0,0,0,0,0,0,2,1,-1,9,1,33,6,999,1,1,FORD FOCUS,1,E01010755,0,3
2024311534157,2024,311534157,1,9,0,-1,19,6,2,-1,0,1,0,0,0,0,1,1,-1,9,1,34,6,1560,2,10,FORD FOCUS,1,E01013824,0,3
2024101478135,2024,101478135,2,9,0,-1,4,7,3,-1,0,1,0,0,0,0,2,1,-1,9,1,60,9,1499,2,7,FORD FOCUS,9,E01027481,0,1
2024031496262,2024,031496262,1,9,0,-1,19,1,5,-1,0,2,0,0,0,0,1,1,-1,6,1,60,9,1560,2,12,FORD FOCUS,-1,-1,0,-1
2024411511245,2024,411511245,2,9,0,-1,3,-1,-1,-1,0,4,0,0,0,0,2,1,-1,9,2,30,6,1498,1,7,FORD FOCUS,10,E01023881,0,2
2024471473193,2024,471473193,3,9,0,-1,19,1,5,-1,0,0,0,0,0,0,4,1,-1,9,1,68,10,1997,2,10,FORD FOCUS,7,E01016883,0,3
2024552401078,2024,552401078,1,9,0,9,9,8,6,0,0,8,0,0,0,0,1,1,6,6,1,75,10,1560,2,10,FORD FOCUS,2,E01009906,0,5
2024430604031,2024,430604031,2,9,0,18,19,4,8,0,0,2,1,0,0,0,3,1,6,6,2,64,9,1999,1,12,FORD FOCUS,4,E01017790,0,1
2024631478406,2024,631478406,1,9,0,-1,19,4,8,-1,0,0,0,0,0,0,1,1,-1,6,1,-1,-1,1498,1,9,FORD FOCUS,8,W01000768,0,2
2024221440144,2024,221440144,2,9,0,-1,7,3,6,-1,0,6,0,0,0,0,1,9,-1,9,1,81,11,1796,1,19,FORD FOCUS,2,E01032453,0,1
2024451468104,2024,451468104,1,9,0,-1,19,3,7,-1,0,0,1,0,0,0,1,1,-1,2,1,29,6,1596,1,15,FORD FOCUS,4,E01001359,0,4
2024451428779,2024,451428779,2,9,0,-1,19,7,3,-1,0,0,1,0,7,0,3,1,-1,9,1,76,11,1798,1,16,FORD FOCUS,10,E01030961,0,1
2024201476752,2024,201476752,2,9,0,-1,19,6,2,-1,0,8,1,0,0,0,3,9,-1,2,1,54,8,1560,2,11,FORD FOCUS,1,E01009233,0,2
2024231495302,2024,231495302,1,9,0,-1,4,4,8,-1,0,0,0,0,0,0,1,1,-1,9,1,21,5,1596,1,12,FORD FOCUS,10,E01022854,0,5
2024010510678,2024,010510678,2,9,0,5,5,5,1,0,0,1,0,0,0,0,1,1,6,6,2,39,7,1560,2,13,FORD FOCUS,2,E01002092,0,1
2024411466011,2024,411466011,1,9,0,-1,19,3,3,-1,0,0,0,0,0,0,1,1,-1,2,2,24,5,999,1,4,FORD FOCUS,6,E01035562,0,1
2024141435747,2024,141435747,1,9,0,-1,19,2,6,-1,0,0,5,7,1,5,1,1,-1,6,2,27,6,1499,2,6,FORD FOCUS,2,E01007559,0,1
2024361414223,2024,361414223,1,9,0,-1,1,5,1,-1,9,0,0,0,0,0,-1,9,-1,6,2,52,8,1560,2,13,FORD FOCUS,4,E01026925,0,1
2024421454828,2024,421454828,2,9,0,-1,19,4,8,-1,0,3,0,0,0,0,3,1,-1,9,2,46,8,999,1,6,FORD FOCUS,6,E01021589,0,1
2024451489643,2024,451489643,2,9,0,-1,10,1,5,-1,0,1,0,0,0,0,1,9,-1,6,1,62,9,1997,2,14,FORD FOCUS,-1,-1,0,-1
2024211450564,2024,211450564,2,9,0,-1,5,7,3,-1,0,4,0,0,0,0,1,1,-1,9,1,80,11,1499,2,7,FORD FOCUS,-1,-1,0,-1
2024991531489,2024,991531489,2,9,0,-1,19,4,8,-1,0,1,1,0,0,0,3,1,-1,6,2,43,7,998,1,10,FORD FOCUS,-1,-1,0,-1
2024131409147,2024,131409147,2,9,0,-1,19,5,2,-1,0,0,0,2,0,0,1,1,-1,9,2,44,7,1560,2,10,FORD FOCUS,2,E01011639,0,2
2024471435055,2024,471435055,3,9,0,-1,10,7,3,-1,0,1,0,0,0,0,2,1,-1,2,1,47,8,998,1,10,FORD FOCUS,7,E01021043,0,3
2024041433688,2024,041433688,2,9,0,-1,7,5,1,-1,0,1,0,0,0,0,4,1,-1,9,2,47,8,1499,2,9,FORD FOCUS,5,E01025363,0,1
2024302401216,2024,302401216,1,9,0,16,19,1,4,0,0,0,0,0,0,0,1,1,1,1,2,44,7,1596,1,19,FORD FOCUS,2,E01013453,0,2
2024311446131,2024,311446131,1,9,0,-1,9,5,1,-1,0,1,2,0,0,0,1,1,-1,6,1,79,11,999,1,5,FORD FOCUS,8,E01028303,0,1
2024161462583,2024,161462583,1,9,0,-1,7,8,3,-1,0,0,0,0,0,0,4,1,-1,6,1,78,11,999,1,4,FORD FOCUS,4,E01013308,0,3
2024522500101,2024,522500101,2,9,0,1,1,6,2,0,0,2,0,0,0,0,2,1,6,6,3,-1,-1,999,1,2,FORD FOCUS,-1,-1,0,-1
2024061450141,2024,061450141,3,9,0,-1,2,0,0,-1,0,1,0,0,0,0,1,1,-1,6,-1,-1,-1,1499,2,6,FORD FOCUS,-1,-1,0,-1
2024231462743,2024,231462743,1,9,0,-1,6,2,2,-1,0,0,0,0,0,0,3,1,-1,6,1,61,9,999,1,3,FORD FOCUS,7,E01031208,0,2
2024340NN4072,2024,340NN4072,1,9,0,-1,13,8,4,-1,0,4,1,0,0,11,4,1,-1,6,2,46,8,1997,2,7,FORD FOCUS,6,E01032964,0,1
2024501529322,2024,501529322,1,9,0,-1,5,3,7,-1,0,8,0,0,0,0,4,1,-1,9,2,74,10,1596,1,11,FORD FOCUS,6,E01015243,0,1
2024161414159,2024,161414159,1,9,0,-1,1,5,1,-1,9,0,0,0,1,11,2,1,-1,9,1,88,11,1988,1,22,FORD FOCUS,3,E01013156,0,1
2024371416950,2024,371416950,1,9,0,-1,19,4,6,-1,0,0,0,0,4,0,4,1,-1,6,1,51,8,1596,1,15,FORD FOCUS,9,E01014669,0,5
2024320733607,2024,320733607,2,9,0,14,14,1,5,0,0,0,0,0,0,3,4,1,-1,-1,1,33,6,1560,2,11,FORD FOCUS,3,E01026064,0,3
202417M104324,2024,17M104324,1,9,0,9,9,4,2,0,0,8,0,0,0,0,1,1,6,6,1,17,4,1596,1,12,FORD FOCUS,-1,-1,0,-1
2024440562045,2024,440562045,2,9,0,18,19,2,6,0,0,0,0,0,0,0,1,1,6,6,2,40,7,1798,1,15,FORD FOCUS,6,E01022715,0,2
2024430013286,2024,430013286,1,9,0,16,19,2,5,0,0,0,2,0,7,11,1,1,2,2,1,28,6,1997,2,20,FORD FOCUS,6,E01022503,0,4
2024471514277,2024,471514277,2,9,0,-1,9,3,1,-1,0,1,0,0,0,0,1,1,-1,9,2,34,6,1999,1,18,FORD FOCUS,1,E01020972,0,1
2024401449344,2024,401449344,1,9,0,-1,2,0,0,-1,0,0,0,0,0,0,2,1,-1,6,1,33,6,1499,2,4,FORD FOCUS,3,E01015702,0,1
2024201456032,2024,201456032,2,9,0,-1,9,6,4,-1,0,5,0,0,0,0,4,9,-1,6,2,17,4,999,1,9,FORD FOCUS,5,E01009066,0,1
2024461425545,2024,461425545,1,9,0,-1,4,3,7,-1,0,0,1,0,0,0,2,1,-1,6,1,45,7,1560,2,11,FORD FOCUS,1,E01024671,0,4
2024401400257,2024,401400257,2,9,-1,-1,19,1,5,-1,0,0,0,0,0,0,3,9,-1,9,1,21,5,1596,1,16,FORD FOCUS,3,E01015765,0,1
2024991394520,2024,991394520,1,9,0,-1,6,8,7,-1,0,1,0,0,0,0,1,1,-1,6,1,33,6,1596,1,14,FORD FOCUS,1,-1,0,1
2024201467115,2024,201467115,1,9,0,-1,19,2,6,-1,0,8,0,0,0,0,1,1,-1,6,1,45,7,1596,1,16,FORD FOCUS,5,E01031131,0,3
2024622400576,2024,622400576,2,9,0,4,4,6,2,0,0,0,0,0,0,0,2,1,6,6,1,50,8,1596,1,13,FORD FOCUS,10,E01010181,0,5
2024010500944,2024,010500944,1,9,0,1,1,5,1,0,0,1,0,0,0,0,2,1,6,6,1,38,7,1596,1,19,FORD FOCUS,4,E01001552,0,2
2024421528942,2024,421528942,2,9,0,-1,19,1,4,-1,0,3,0,0,0,0,3,1,-1,9,1,29,6,1499,2,7,FORD FOCUS,10,E01021545,0,1
2024610023924,2024,610023924,2,9,0,17,19,3,8,0,0,1,0,0,0,0,1,1,6,6,1,30,6,1560,2,11,FORD FOCUS,7,W01001439,0,2
2024122400975,2024,122400975,1,9,0,18,19,5,1,0,0,6,0,0,0,0,1,1,6,6,2,39,7,1560,2,9,FORD FOCUS,5,E01027892,0,1
2024610050324,2024,610050324,2,9,0,18,19,5,1,0,0,1,0,0,0,0,1,1,1,1,1,27,6,1560,2,10,FORD FOCUS,6,W01001976,0,1
2024451508580,2024,451508580,1,9,0,-1,19,6,2,-1,0,1,0,11,1,3,1,1,-1,9,2,27,6,999,1,5,FORD FOCUS,5,E01030569,0,3
2024161483775,2024,161483775,1,9,0,-1,19,5,1,-1,0,2,0,0,0,0,1,1,-1,9,1,40,7,999,1,6,FORD FOCUS,4,E01013314,0,1
2024041477915,2024,041477915,2,9,0,-1,19,5,1,-1,0,0,0,0,0,0,1,1,-1,9,1,45,7,1596,1,18,FORD FOCUS,2,E01010508,0,5
2024061458540,2024,061458540,2,9,0,-1,19,4,2,-1,0,1,0,0,0,0,1,1,-1,6,1,20,4,998,1,10,FORD FOCUS,5,E01005831,0,1
2024440434808,2024,440434808,1,9,0,18,19,7,3,0,0,1,0,0,0,0,1,1,2,2,1,31,6,1596,1,15,FORD FOCUS,4,E01017211,0,2
2024520402724,2024,520402724,1,9,0,16,19,2,4,0,0,0,1,0,7,10,1,1,6,6,2,25,5,1596,1,18,FORD FOCUS,7,E01014420,0,2
2024211495435,2024,211495435,2,9,0,-1,19,3,7,-1,0,1,0,0,0,0,1,1,-1,6,1,24,5,1560,2,11,FORD FOCUS,3,E01032536,0,4
2024501436266,2024,501436266,3,9,0,-1,2,0,0,-1,0,2,0,0,0,0,2,1,-1,6,1,65,9,1499,2,9,FORD FOCUS,3,E01015270,0,1
2024131506066,2024,131506066,1,9,0,-1,19,1,5,-1,0,1,0,0,0,0,1,1,-1,6,1,46,8,1560,2,9,FORD FOCUS,7,E01027684,0,3
2024231500410,2024,231500410,2,9,0,-1,9,7,4,-1,0,5,0,0,0,0,4,1,-1,2,1,36,7,1388,1,22,FORD FOCUS,4,E01031276,0,1
2024010511355,2024,010511355,1,9,0,99,99,9,9,99,99,9,9,99,9,99,2,9,6,6,1,41,7,1596,1,9,FORD FOCUS,2,E01000102,0,1
2024411408911,2024,411408911,3,9,0,-1,19,4,8,-1,0,0,0,0,1,0,3,1,-1,2,1,54,8,999,1,7,FORD FOCUS,9,E01002108,0,2
2024161422322,2024,161422322,2,9,0,-1,15,7,3,-1,2,1,0,0,0,0,3,9,-1,6,1,30,6,1997,2,17,FORD FOCUS,-1,-1,0,-1
2024471436798,2024,471436798,3,9,0,-1,2,0,0,-1,0,0,0,0,0,0,3,1,-1,6,-1,-1,-1,1596,1,13,FORD FOCUS,-1,-1,0,-1
2024421512462,2024,421512462,1,9,0,-1,19,7,3,-1,0,1,0,0,0,0,1,1,-1,6,1,-1,-1,1596,1,15,FORD FOCUS,-1,-1,0,-1
2024320151344,2024,320151344,1,9,0,-1,-1,4,8,0,0,0,0,0,0,0,1,1,-1,-1,1,79,11,1753,2,16,FORD FOCUS,4,E01026121,0,1
2024211452308,2024,211452308,3,9,0,-1,3,1,5,-1,0,0,0,0,0,0,1,1,-1,6,1,35,6,1499,2,5,FORD FOCUS,1,E01014237,0,1
2024622400394,2024,622400394,3,9,0,18,19,1,5,0,0,0,0,0,0,0,2,1,6,6,1,66,10,998,1,10,FORD FOCUS,4,E01032355,0,5
2024361527909,2024,361527909,3,9,0,-1,19,4,7,-1,0,8,0,0,0,0,1,1,-1,6,1,55,8,1499,2,7,FORD FOCUS,5,E01026485,0,2
2024991505639,2024,991505639,1,8,0,-1,19,4,8,-1,0,1,0,0,0,0,3,1,-1,1,1,38,7,1499,2,7,FORD FOCUS,-1,-1,0,-1
2024010526650,2024,010526650,2,9,0,99,99,9,9,99,99,9,9,99,9,99,2,9,6,6,3,35,6,1596,1,13,FORD FOCUS,2,E01032580,0,1
2024010511344,2024,010511344,3,9,0,18,19,3,7,0,0,0,0,0,0,0,1,1,6,6,2,51,8,998,1,11,FORD FOCUS,7,E01002985,0,1
2024010546209,2024,010546209,1,9,0,4,4,7,3,0,0,1,0,0,0,0,2,1,6,6,2,59,9,1596,1,10,FORD FOCUS,3,E01003160,0,3
2024221486737,2024,221486737,2,9,0,-1,9,5,7,-1,0,8,0,10,0,0,3,9,-1,6,3,21,5,1560,2,13,FORD FOCUS,-1,-1,0,-1
2024991488782,2024,991488782,2,9,0,-1,19,6,2,-1,0,0,0,0,1,10,3,1,-1,9,1,26,6,1499,2,9,FORD FOCUS,8,-1,0,4
2024461430428,2024,461430428,2,9,0,-1,5,5,1,-1,0,1,0,4,0,0,1,1,-1,6,3,34,6,1596,1,13,FORD FOCUS,-1,-1,0,-1
2024131565185,2024,131565185,1,9,0,-1,19,5,1,-1,0,8,0,11,0,0,1,1,-1,2,1,27,6,1596,1,12,FORD FOCUS,4,E01011669,0,1
2024010501425,2024,010501425,1,9,0,16,19,5,1,0,0,0,0,7,0,0,1,1,6,6,1,18,4,999,1,5,FORD FOCUS,9,E01003669,0,1
2024411445518,2024,411445518,1,9,0,-1,4,2,6,-1,0,0,0,0,3,0,1,1,-1,6,1,80,11,1596,1,12,FORD FOCUS,9,E01023713,0,1
2024031499045,2024,031499045,3,9,0,-1,4,3,7,-1,0,0,0,0,0,0,2,1,-1,9,2,45,7,1560,2,10,FORD FOCUS,7,E01019357,0,3
2024320766493,2024,320766493,1,9,0,9,9,2,8,0,0,6,0,0,0,0,3,1,-1,-1,2,42,7,1560,2,11,FORD FOCUS,1,E01026690,0,4
2024430085875,2024,430085875,2,9,0,18,19,3,7,0,0,8,0,0,0,0,1,1,1,1,2,62,9,1560,2,14,FORD FOCUS,10,E01028616,0,3
2024461408550,2024,461408550,1,9,0,-1,7,8,2,-1,0,1,1,0,7,0,3,1,-1,9,1,33,6,1560,2,14,FORD FOCUS,6,E01024267,0,2
2024991507726,2024,991507726,1,9,0,-1,7,1,3,-1,0,2,0,0,0,0,1,1,-1,9,1,57,9,1596,1,22,FORD FOCUS,5,-1,0,1
2024131407359,2024,131407359,2,9,0,-1,4,3,7,-1,0,0,0,0,0,0,1,1,-1,2,2,34,6,1596,1,18,FORD FOCUS,1,E01011625,0,1
2024421398273,2024,421398273,1,9,0,-1,19,1,5,-1,0,0,0,0,0,0,4,1,-1,9,1,37,7,1596,1,16,FORD FOCUS,3,E01015900,0,2
2024520402659,2024,520402659,3,9,0,18,19,7,3,0,0,7,0,0,0,0,2,1,6,6,2,50,8,1997,2,13,FORD FOCUS,10,E01031984,0,4
2024201474094,2024,201474094,2,9,0,-1,19,3,7,-1,0,0,0,10,1,0,3,1,-1,9,2,31,6,1596,1,11,FORD FOCUS,1,E01033890,0,1
2024201457377,2024,201457377,1,9,0,-1,19,1,5,-1,0,4,0,0,0,0,4,1,-1,2,1,68,10,1560,2,11,FORD FOCUS,1,E01009351,0,3
2024052401943,2024,052401943,2,9,0,18,19,7,3,0,0,0,0,0,7,0,2,1,6,6,1,47,8,1560,2,9,FORD FOCUS,1,E01006707,0,1
2024461470608,2024,461470608,1,9,0,-1,19,3,7,-1,0,0,0,0,0,0,1,1,-1,6,1,60,9,1997,2,17,FORD FOCUS,1,E01024697,0,1
2024141434595,2024,141434595,1,9,0,-1,7,5,8,-1,0,0,0,0,0,0,1,1,-1,9,2,35,6,1997,2,9,FORD FOCUS,1,E01008054,0,2
2024421435087,2024,421435087,1,9,0,-1,9,5,3,-1,0,0,0,0,0,0,1,1,-1,6,1,53,8,999,1,7,FORD FOCUS,6,E01021683,0,1
2024430522838,2024,430522838,3,9,0,2,2,0,0,0,0,0,0,0,0,0,1,1,6,6,3,-1,-1,1596,1,16,FORD FOCUS,-1,-1,0,-1
2024010492806,2024,010492806,1,9,0,18,19,7,3,0,0,1,0,0,1,10,1,1,6,6,1,28,6,1596,1,11,FORD FOCUS,2,E01034487,0,2
2024010519215,2024,010519215,2,9,0,18,19,5,1,0,0,1,0,0,0,0,3,1,6,6,1,37,7,1596,1,14,FORD FOCUS,2,E01003065,0,2
2024461400551,2024,461400551,1,9,0,-1,19,5,1,-1,0,0,0,10,0,0,4,9,-1,2,2,22,5,999,1,7,FORD FOCUS,10,E01024056,0,4
2024421488083,2024,421488083,1,9,0,-1,9,5,3,-1,9,0,0,0,1,0,1,1,-1,9,2,70,10,998,1,12,FORD FOCUS,5,E01021499,0,1
2024531521851,2024,531521851,2,9,0,-1,2,0,0,-1,0,0,0,0,0,0,0,1,-1,6,-1,-1,-1,1560,2,12,FORD FOCUS,-1,-1,0,-1
2024440060757,2024,440060757,1,9,0,18,19,3,7,0,0,8,0,0,0,0,1,1,6,6,1,35,6,1560,2,17,FORD FOCUS,3,E01032738,0,1
2024461414064,2024,461414064,2,9,0,-1,4,5,1,-1,0,0,1,0,0,0,3,9,-1,9,2,69,10,999,1,8,FORD FOCUS,9,E01024431,0,2
2024461506934,2024,461506934,1,9,0,-1,19,5,1,-1,0,0,1,0,0,0,1,1,-1,2,1,30,6,1499,2,9,FORD FOCUS,5,E01024086,0,1
2024061511647,2024,061511647,2,9,0,-1,19,5,8,-1,0,1,1,0,0,0,2,1,-1,9,1,23,5,1499,2,8,FORD FOCUS,9,E01019190,0,5
2024991528689,2024,991528689,1,9,0,-1,19,2,6,-1,0,1,0,0,0,0,1,1,-1,1,1,42,7,1596,1,14,FORD FOCUS,5,-1,0,4
2024061413888,2024,061413888,1,9,0,-1,19,6,2,-1,0,8,0,0,7,10,1,1,-1,2,1,59,9,1560,2,13,FORD FOCUS,3,E01006220,0,1