collision_index,collision_year,collision_ref_no,vehicle_reference,vehicle_type,towing_and_articulation,vehicle_manoeuvre_historic,vehicle_manoeuvre,vehicle_direction_from,vehicle_direction_to,vehicle_location_restricted_lane_historic,vehicle_location_restricted_lane,junction_location,skidding_and_overturning,hit_object_in_carriageway,vehicle_leaving_carriageway,hit_object_off_carriageway,first_point_of_impact,vehicle_left_hand_drive,journey_purpose_of_driver_historic,journey_purpose_of_driver,sex_of_driver,age_of_driver,age_band_of_driver,engine_capacity_cc,propulsion_code,age_of_vehicle,generic_make_model,driver_imd_decile,lsoa_of_driver,escooter_flag,driver_distance_banding
2024131497581,2024,131497581,2,9,0,-1,4,5,1,-1,0,8,0,0,0,0,2,1,-1,2,1,38,7,1560,2,14,FORD FOCUS,8,E01007899,0,4
2024451429162,2024,451429162,1,9,0,-1,19,3,7,-1,0,0,0,0,0,0,1,1,-1,9,2,59,9,998,1,10,FORD FOCUS,10,E01016654,0,4
2024010498817,2024,010498817,1,9,0,99,99,9,9,99,99,9,9,99,9,99,2,9,6,6,2,53,8,1596,1,18,FORD FOCUS,3,E01004064,0,2
2024411460860,2024,411460860,1,9,-1,-1,-1,-1,-1,-1,-1,0,-1,-1,-1,0,-1,9,-1,6,1,24,5,1596,1,19,FORD FOCUS,4,E01023333,0,1
2024141516795,2024,141516795,4,9,0,-1,19,4,8,-1,0,0,0,0,0,0,0,1,-1,6,1,31,6,1999,1,12,FORD FOCUS,1,E01008100,0,1
2024471398254,2024,471398254,2,9,0,-1,19,7,3,-1,0,0,0,0,0,0,3,1,-1,6,1,23,5,999,1,5,FORD FOCUS,4,E01031499,0,2
2024610050824,2024,610050824,2,9,0,8,8,4,8,0,0,1,0,0,0,0,1,1,6,6,1,41,7,1596,1,15,FORD FOCUS,2,W01001660,0,1
2024131431139,2024,131431139,1,9,0,-1,1,0,5,-1,0,1,0,0,0,0,2,1,-1,7,2,29,6,1596,1,15,FORD FOCUS,8,E01011183,0,1
2024101494968,2024,101494968,2,9,0,-1,19,5,1,-1,0,0,1,6,7,0,1,1,-1,9,1,38,7,1596,1,12,FORD FOCUS,4,-1,0,3
2024141435414,2024,141435414,2,9,0,-1,19,2,6,-1,0,0,0,1,0,0,1,1,-1,9,1,56,9,1499,2,8,FORD FOCUS,4,E01007623,0,1
2024041455281,2024,041455281,2,9,0,-1,6,5,1,-1,0,0,0,0,0,0,1,1,-1,1,1,31,6,1499,2,9,FORD FOCUS,9,E01006264,0,4
2024211516257,2024,211516257,1,9,0,-1,19,6,7,-1,0,2,0,0,0,0,3,1,-1,6,1,67,10,1560,2,14,FORD FOCUS,6,E01031033,0,1
2024201507537,2024,201507537,1,9,0,-1,11,1,4,-1,0,0,0,0,0,0,3,1,-1,2,1,46,8,1560,2,11,FORD FOCUS,1,E01009214,0,3
2024451539909,2024,451539909,2,9,0,-1,3,7,3,-1,0,0,0,0,0,0,2,1,-1,9,1,49,8,1499,2,5,FORD FOCUS,9,E01001031,0,2
2024201413386,2024,201413386,1,9,0,-1,9,5,5,-1,0,6,0,0,0,0,3,9,-1,9,1,25,5,1499,2,4,FORD FOCUS,1,E01009074,0,1
2024440354547,2024,440354547,1,9,0,9,9,1,7,0,0,8,0,0,0,0,3,1,6,6,1,84,11,1999,1,18,FORD FOCUS,9,E01022782,0,2
2024070037852,2024,070037852,1,9,0,18,19,8,3,0,0,4,0,0,0,0,1,1,6,6,1,-1,-1,1596,1,13,FORD FOCUS,5,E01018504,0,1
2024361518774,2024,361518774,1,9,0,-1,5,5,1,-1,0,0,0,0,0,0,1,1,-1,9,1,25,5,1560,2,13,FORD FOCUS,2,E01026662,0,1
2024201467215,2024,201467215,1,9,0,-1,9,8,3,-1,0,0,0,0,0,0,1,1,-1,6,1,56,9,1596,1,21,FORD FOCUS,1,E01009957,0,1
2024471482529,2024,471482529,1,9,0,-1,19,4,8,-1,0,4,5,0,0,0,0,1,-1,9,1,44,7,1596,1,18,FORD FOCUS,4,E01031596,0,1
2024101474877,2024,101474877,2,9,0,-1,3,1,5,-1,0,0,0,0,0,0,2,1,-1,9,1,36,7,1560,2,11,FORD FOCUS,-1,-1,0,-1
2024411431887,2024,411431887,2,9,0,-1,2,0,0,-1,0,2,0,0,0,0,2,1,-1,6,-1,-1,-1,1499,2,8,FORD FOCUS,-1,-1,0,-1
2024991413103,2024,991413103,2,9,0,-1,19,1,3,-1,0,0,0,0,0,0,1,1,-1,6,1,29,6,1999,1,7,FORD FOCUS,3,-1,0,2
2024141454273,2024,141454273,1,9,0,-1,5,1,5,-1,0,0,0,0,0,0,1,1,-1,1,2,40,7,1596,1,20,FORD FOCUS,1,E01007714,0,1
2024440247576,2024,440247576,1,9,0,5,5,1,5,0,0,8,0,0,0,0,4,1,6,6,1,19,4,1560,2,14,FORD FOCUS,5,E01017160,0,1
2024622400360,2024,622400360,1,9,0,16,19,4,7,0,0,0,1,0,0,0,1,1,6,6,1,34,6,1560,2,14,FORD FOCUS,4,W01001066,0,1
2024311526177,2024,311526177,2,9,0,-1,19,5,1,-1,0,0,0,0,0,0,2,1,-1,2,2,50,8,999,1,6,FORD FOCUS,-1,-1,0,-1
2024010544525,2024,010544525,4,9,0,18,19,1,5,0,0,8,0,0,0,0,1,1,6,6,1,17,4,999,1,8,FORD FOCUS,2,E01001957,0,3
2024061397707,2024,061397707,1,9,0,-1,9,3,7,-1,0,4,0,0,0,0,1,1,-1,2,1,40,7,999,1,6,FORD FOCUS,10,E01006193,0,1
2024991420420,2024,991420420,1,9,0,-1,9,8,6,-1,0,8,0,0,0,0,4,1,-1,9,1,24,5,1560,2,11,FORD FOCUS,1,-1,0,2
2024371476049,2024,371476049,1,9,0,-1,19,0,0,-1,0,1,0,11,0,0,1,1,-1,2,2,34,6,1560,2,13,FORD FOCUS,1,E01030021,0,1
2024052401380,2024,052401380,2,9,0,4,4,1,5,0,0,1,0,0,0,0,2,1,6,6,2,36,7,1560,2,14,FORD FOCUS,1,E01006699,0,1
2024361460039,2024,361460039,1,9,-1,-1,-1,8,6,-1,-1,-1,-1,-1,-1,0,-1,9,-1,6,1,28,6,998,1,12,FORD FOCUS,7,E01029899,0,4
2024201428603,2024,201428603,2,9,0,-1,19,5,1,-1,0,0,0,0,0,0,3,1,-1,9,1,26,6,998,1,12,FORD FOCUS,4,E01009226,0,2
202454C372724,2024,54C372724,1,9,0,18,19,3,8,0,0,0,0,0,1,10,1,1,6,6,1,17,4,1596,1,19,FORD FOCUS,7,E01033860,0,2
2024010522709,2024,010522709,1,9,0,99,99,9,9,99,99,9,9,99,9,99,9,9,6,6,1,61,9,1988,1,22,FORD FOCUS,6,E01003226,0,1
2024451459549,2024,451459549,2,9,0,-1,9,1,3,-1,0,0,0,0,0,0,1,1,-1,6,1,30,6,999,1,9,FORD FOCUS,8,E01030679,0,1
2024440275961,2024,440275961,1,9,0,18,19,7,3,0,0,0,0,0,8,11,3,1,6,6,2,55,8,999,1,1,FORD FOCUS,4,E01017319,0,1
2024991425542,2024,991425542,1,9,0,-1,12,7,3,-1,0,0,0,0,0,0,1,1,-1,6,1,27,6,1560,2,10,FORD FOCUS,4,-1,0,1
2024440171724,2024,440171724,2,9,0,2,2,0,0,0,0,1,0,0,0,0,2,1,6,6,1,56,9,1596,1,13,FORD FOCUS,-1,-1,0,-1
2024010531682,2024,010531682,2,9,9,99,99,9,9,99,99,9,9,99,9,99,9,9,6,6,2,60,9,1596,1,13,FORD FOCUS,8,E01004629,0,1
2024302400716,2024,302400716,1,9,0,11,11,4,8,0,0,1,0,0,5,6,4,1,6,6,1,73,10,1596,1,18,FORD FOCUS,9,E01013596,0,1
2024010541995,2024,010541995,1,9,0,9,9,5,3,0,0,2,0,0,0,0,1,1,6,6,1,29,6,1999,1,17,FORD FOCUS,5,E01002689,0,2
2024421498519,2024,421498519,1,9,0,-1,19,7,2,-1,0,0,1,0,8,0,1,2,-1,2,2,23,5,1596,1,19,FORD FOCUS,3,E01022007,0,3
2024531434959,2024,531434959,1,9,0,-1,19,1,5,-1,0,1,0,0,0,0,1,1,-1,6,1,37,7,1596,1,19,FORD FOCUS,6,E01034796,0,1
2024631439058,2024,631439058,1,9,0,-1,4,5,1,-1,0,0,0,0,2,10,1,1,-1,6,1,48,8,999,8,1,FORD FOCUS,5,W01000650,0,4
2024070397465,2024,070397465,2,9,0,3,3,5,1,0,0,4,0,0,0,0,3,1,6,6,1,52,8,999,8,1,FORD FOCUS,10,E01018339,0,3
2024052402039,2024,052402039,2,9,0,4,4,3,7,0,0,0,0,0,0,0,2,1,6,6,2,52,8,1596,1,14,FORD FOCUS,7,E01006379,0,4
2024141474396,2024,141474396,2,9,0,-1,-1,-1,-1,-1,-1,-1,-1,-1,-1,0,-1,9,-1,6,3,-1,-1,1753,2,16,FORD FOCUS,-1,-1,0,-1
2024421448616,2024,421448616,1,9,0,-1,19,3,5,-1,0,8,0,0,0,0,1,1,-1,9,1,90,11,1596,1,13,FORD FOCUS,6,E01029880,0,1
2024461419142,2024,461419142,2,9,0,-1,19,2,6,-1,0,0,0,0,0,0,4,9,-1,6,2,33,6,1596,1,17,FORD FOCUS,8,E01001601,0,3
2024440555678,2024,440555678,1,9,0,18,19,1,5,0,0,0,0,0,0,0,3,1,6,6,2,80,11,999,1,6,FORD FOCUS,8,E01020061,0,5
2024221450191,2024,221450191,1,9,0,-1,10,7,5,-1,0,8,0,0,0,0,2,1,-1,6,1,24,5,998,1,10,FORD FOCUS,4,E01028978,0,1
2024451459756,2024,451459756,2,9,0,-1,2,1,5,-1,0,0,0,4,0,0,3,1,-1,6,2,61,9,1753,2,20,FORD FOCUS,8,E01030622,0,1
2024052401924,2024,052401924,1,9,0,18,19,1,4,0,0,4,0,0,0,0,1,1,6,6,1,26,6,999,1,1,FORD FOCUS,1,E01006677,0,1
2024631428059,2024,631428059,1,9,0,-1,1,6,2,-1,0,8,0,0,0,0,2,1,-1,9,1,57,9,999,1,2,FORD FOCUS,6,W01000487,0,1
2024501441653,2024,501441653,1,9,0,-1,19,8,4,-1,0,2,0,0,0,0,4,1,-1,1,1,62,9,998,1,10,FORD FOCUS,5,E01015215,0,1
2024221495454,2024,221495454,1,9,0,-1,5,3,1,-1,0,8,0,0,0,0,4,1,-1,9,1,76,11,1499,2,9,FORD FOCUS,8,E01034317,0,1
2024161475885,2024,161475885,2,9,0,-1,9,6,2,-1,0,6,0,0,0,0,1,1,-1,6,1,57,9,1596,1,20,FORD FOCUS,5,E01013236,0,1
2024320654834,2024,320654834,2,9,0,-1,-1,4,8,0,0,8,0,0,0,0,1,1,6,6,1,39,7,999,1,9,FORD FOCUS,3,E01026353,0,1
2024010508776,2024,010508776,1,9,0,5,5,0,3,8,6,0,0,0,0,0,3,1,6,6,3,-1,-1,1798,1,13,FORD FOCUS,-1,-1,0,-1
2024141453056,2024,141453056,2,9,0,-1,7,1,7,-1,0,0,0,0,0,0,1,1,-1,6,3,-1,-1,1596,1,13,FORD FOCUS,-1,-1,0,-1
2024471518886,2024,471518886,1,9,0,-1,-1,-1,-1,-1,-1,-1,-1,-1,-1,0,-1,1,-1,6,2,41,7,1596,1,19,FORD FOCUS,6,E01021080,0,1
2024311425966,2024,311425966,1,9,0,-1,19,2,6,-1,0,0,1,4,1,0,1,1,-1,9,1,81,11,1796,1,20,FORD FOCUS,2,E01013870,0,1
2024302401158,2024,302401158,2,9,0,18,19,6,3,0,0,8,0,0,0,0,1,1,6,6,2,48,8,1596,1,17,FORD FOCUS,8,E01019755,0,1
2024430089857,2024,430089857,1,9,0,7,7,7,1,0,0,1,1,0,0,0,1,1,6,6,1,47,8,1999,1,6,FORD FOCUS,-1,-1,0,-1
2024421497979,2024,421497979,1,9,0,-1,19,4,8,-1,0,4,0,0,0,0,1,1,-1,9,1,45,7,999,8,0,FORD FOCUS,7,E01021910,0,2
2024161490253,2024,161490253,2,9,9,-1,4,3,7,-1,0,0,0,99,0,0,1,1,-1,6,1,-1,-1,999,1,9,FORD FOCUS,7,E01012794,0,1
2024201563657,2024,201563657,1,9,0,-1,19,5,7,-1,0,1,0,0,0,0,3,1,-1,6,2,48,8,999,1,4,FORD FOCUS,-1,-1,0,-1
2024010497713,2024,010497713,1,9,0,99,99,9,9,99,99,0,9,99,9,99,1,9,6,6,3,-1,-1,998,1,12,FORD FOCUS,1,E01002280,0,1
2024010521906,2024,010521906,2,9,0,99,99,9,9,99,99,9,9,99,9,99,1,9,6,6,3,-1,-1,998,1,11,FORD FOCUS,-1,-1,0,-1
2024991502805,2024,991502805,2,9,0,-1,2,6,7,-1,0,0,0,0,0,0,3,9,-1,6,-1,-1,-1,998,1,11,FORD FOCUS,-1,-1,0,-1
2024471487133,2024,471487133,2,9,0,-1,19,8,3,-1,0,4,0,0,0,0,1,1,-1,6,2,33,6,1596,1,15,FORD FOCUS,10,E01031741,0,3
2024010488402,2024,010488402,1,9,0,18,19,1,5,0,0,2,0,0,0,0,1,1,6,6,2,45,7,1798,1,16,FORD FOCUS,-1,-1,0,-1
2024201505772,2024,201505772,1,9,0,-1,5,1,5,-1,0,1,0,0,0,0,1,1,-1,6,1,31,6,1596,1,16,FORD FOCUS,2,E01005886,0,4
2024411493417,2024,411493417,1,9,0,-1,9,6,3,-1,0,3,0,0,0,0,3,1,-1,6,1,33,6,1596,1,12,FORD FOCUS,7,E01023341,0,1
2024010515571,2024,010515571,1,9,0,99,99,9,9,99,99,9,9,99,9,99,1,9,6,6,3,-1,-1,999,1,6,FORD FOCUS,5,E01001276,0,1
202417S111824,2024,17S111824,1,9,0,-1,19,2,6,-1,0,0,0,0,0,0,4,1,-1,9,1,-1,-1,999,1,1,FORD FOCUS,-1,-1,0,-1
202460Q002283,2024,60Q002283,2,9,0,18,19,7,3,0,0,0,0,0,1,4,2,1,6,6,2,51,8,1499,2,6,FORD FOCUS,-1,-1,0,-1
2024201458862,2024,201458862,2,9,0,-1,19,7,3,-1,0,0,0,0,7,6,4,1,-1,9,1,31,6,1560,2,11,FORD FOCUS,9,E01031034,0,2
2024052401975,2024,052401975,2,9,0,4,4,1,5,0,0,1,0,0,0,0,2,1,6,6,1,28,6,1499,2,5,FORD FOCUS,7,E01033681,0,4
2024052400716,2024,052400716,1,9,0,17,19,8,6,0,0,0,5,0,1,2,1,1,6,6,1,17,4,1560,2,14,FORD FOCUS,2,E01006523,0,1
2024351495316,2024,351495316,1,9,0,-1,19,1,5,-1,0,0,1,0,1,0,4,1,-1,6,1,28,6,1560,2,13,FORD FOCUS,1,E01015600,0,3
2024141421419,2024,141421419,1,9,0,-1,19,6,2,-1,0,1,0,7,0,0,4,2,-1,1,1,31,6,1999,1,9,FORD FOCUS,6,E01007565,0,1
2024302401326,2024,302401326,1,9,0,18,19,7,4,0,0,8,0,0,0,0,1,1,6,6,1,69,10,1596,1,16,FORD FOCUS,5,E01019876,0,1
2024991428150,2024,991428150,1,9,0,-1,19,5,8,-1,0,6,0,0,3,0,3,1,-1,6,1,52,8,1499,2,9,FORD FOCUS,3,-1,0,1
2024471513722,2024,471513722,2,9,0,-1,19,3,7,-1,0,0,0,0,0,0,0,1,-1,1,1,44,7,1995,2,4,FORD FOCUS,1,E01020992,0,2
2024010534058,2024,010534058,1,9,0,9,9,4,2,0,0,2,0,0,0,0,2,1,2,2,1,56,9,1596,1,19,FORD FOCUS,3,E01003154,0,1
2024440405237,2024,440405237,2,9,0,5,5,5,1,0,0,8,0,0,0,0,1,1,2,2,2,26,6,1997,2,8,FORD FOCUS,5,E01022678,0,1
2024010498219,2024,010498219,2,9,0,99,99,9,9,99,99,9,9,99,9,99,9,9,6,6,3,-1,-1,1596,1,15,FORD FOCUS,-1,-1,0,-1
2024141421648,2024,141421648,2,9,0,-1,19,5,1,-1,0,1,0,0,0,0,1,9,-1,6,3,-1,-1,1596,1,14,FORD FOCUS,-1,-1,0,-1
2024211528525,2024,211528525,2,9,0,-1,19,4,8,-1,0,0,0,0,0,0,4,1,-1,6,2,-1,-1,1596,1,17,FORD FOCUS,-1,-1,0,-1
2024631486614,2024,631486614,1,9,0,-1,19,4,8,-1,0,0,2,0,0,0,1,1,-1,9,1,24,5,1596,1,17,FORD FOCUS,6,W01000434,0,2
2024201515064,2024,201515064,1,9,0,-1,19,6,2,-1,0,2,0,0,0,0,1,9,-1,9,1,-1,-1,998,1,10,FORD FOCUS,2,E01009588,0,1
2024131509651,2024,131509651,2,9,0,-1,2,0,0,-1,0,0,0,0,0,0,1,1,-1,6,-1,-1,-1,998,1,12,FORD FOCUS,-1,-1,0,-1
2024401455288,2024,401455288,1,9,0,-1,19,2,6,-1,0,0,0,4,0,0,3,1,-1,2,1,46,8,1596,1,18,FORD FOCUS,3,E01017484,0,3
2024041445267,2024,041445267,7,9,0,-1,4,3,7,-1,0,0,0,0,0,0,2,1,-1,7,1,64,9,1596,1,10,FORD FOCUS,2,E01012591,0,1
2024041407658,2024,041407658,1,9,0,-1,19,3,7,-1,0,8,1,0,2,11,3,1,-1,9,1,29,6,1560,2,9,FORD FOCUS,7,E01025029,0,1
2024421535624,2024,421535624,2,9,0,-1,9,7,5,-1,0,5,0,0,0,0,1,1,-1,2,1,37,7,1560,2,11,FORD FOCUS,5,E01024546,0,4
2024546697124,2024,546697124,1,9,0,18,19,5,1,0,0,0,0,0,0,0,1,1,6,6,1,17,4,1596,1,15,FORD FOCUS,4,E01032101,0,2
2024520001120,2024,520001120,2,9,0,4,4,5,1,0,0,0,0,0,0,0,2,1,6,6,1,37,7,1596,1,13,FORD FOCUS,9,E01033078,0,1
2024361507846,2024,361507846,2,9,0,-1,4,3,7,-1,0,0,0,0,0,0,2,1,-1,6,1,32,6,1596,1,9,FORD FOCUS,5,E01026279,0,3
2024052401498,2024,052401498,5,9,0,3,3,5,1,0,0,1,0,0,0,0,3,1,6,6,3,-1,-1,1560,2,12,FORD FOCUS,-1,-1,0,-1
2024231536264,2024,231536264,1,9,0,-1,19,7,2,-1,0,0,1,0,7,3,3,1,-1,9,1,24,5,2521,1,16,FORD FOCUS,9,E01009536,0,2
2024221469211,2024,221469211,1,9,0,-1,9,8,5,-1,0,6,0,0,0,0,1,9,-1,6,2,78,11,1798,1,17,FORD FOCUS,9,E01028911,0,1
2024552401463,2024,552401463,1,9,0,18,19,8,4,0,0,0,5,0,1,11,4,1,6,6,1,20,4,1596,1,17,FORD FOCUS,-1,-1,0,-1
2024010510048,2024,010510048,1,9,0,18,19,5,1,9,9,1,0,10,3,10,1,1,6,6,1,42,7,1596,1,14,FORD FOCUS,2,E01004089,0,1
2024221431632,2024,221431632,2,9,0,-1,4,8,4,-1,0,1,0,0,0,0,2,1,-1,6,2,30,6,1997,2,17,FORD FOCUS,5,E01014099,0,1
2024401504266,2024,401504266,1,8,-1,-1,-1,-1,-1,-1,-1,-1,-1,-1,-1,0,-1,1,-1,6,1,25,5,999,1,9,FORD FOCUS,9,E01017398,0,1
2024111531137,2024,111531137,2,9,0,-1,8,7,1,-1,0,4,0,0,0,0,2,1,-1,6,2,64,9,1499,2,9,FORD FOCUS,6,E01020608,0,1
2024531464965,2024,531464965,2,9,0,-1,19,4,8,-1,0,2,0,0,0,0,1,1,-1,9,2,37,7,1560,2,14,FORD FOCUS,6,E01022341,0,1
2024010506776,2024,010506776,1,9,0,9,9,7,6,0,0,1,0,0,0,0,2,1,6,6,2,37,7,1596,1,19,FORD FOCUS,2,E01001977,0,1
2024141511950,2024,141511950,1,9,0,-1,4,4,8,-1,0,0,0,0,0,0,1,1,-1,9,1,18,4,1560,2,13,FORD FOCUS,6,E01028322,0,4
2024201504720,2024,201504720,1,9,0,-1,1,2,8,-1,9,6,0,0,0,0,2,9,-1,6,1,62,9,1596,1,13,FORD FOCUS,-1,-1,0,-1
2024421402699,2024,421402699,2,9,0,-1,19,2,6,-1,0,7,0,0,7,0,2,1,-1,1,2,29,6,1499,2,4,FORD FOCUS,3,E01021295,0,4
2024501405725,2024,501405725,1,9,0,-1,19,7,3,-1,0,0,1,0,0,0,3,1,-1,9,2,37,7,1596,1,21,FORD FOCUS,8,E01019898,0,2
2024061492165,2024,061492165,1,9,0,-1,19,-1,-1,-1,0,0,1,10,2,1,4,1,-1,2,1,47,8,1596,1,14,FORD FOCUS,10,E01006203,0,1
2024631431360,2024,631431360,5,9,0,-1,19,8,4,-1,0,1,0,0,1,10,3,1,-1,9,1,69,10,1596,1,13,FORD FOCUS,10,E01014737,0,5
2024340WN1822,2024,340WN1822,2,9,0,-1,19,5,1,-1,0,0,0,0,0,0,3,1,-1,9,2,75,10,1596,1,17,FORD FOCUS,3,E01015306,0,5
2024320038895,2024,320038895,1,9,0,-1,-1,6,2,0,0,8,0,0,0,0,1,1,6,6,1,53,8,1997,2,8,FORD FOCUS,1,E01026112,0,4
2024302400644,2024,302400644,2,9,0,17,19,8,5,0,0,0,0,0,1,0,3,1,2,2,2,39,7,1560,2,11,FORD FOCUS,4,E01019822,0,1
2024201470138,2024,201470138,1,9,0,-1,19,8,4,-1,0,8,0,0,0,0,4,1,-1,9,2,32,6,1560,2,12,FORD FOCUS,2,E01008921,0,1
2024421506510,2024,421506510,1,9,0,-1,-1,-1,-1,-1,-1,-1,-1,-1,-1,0,-1,9,-1,6,1,-1,-1,999,1,8,FORD FOCUS,9,E01021959,0,1
2024010521207,2024,010521207,1,9,0,18,19,1,5,0,0,1,0,0,0,0,1,1,6,6,1,67,10,999,1,9,FORD FOCUS,-1,-1,0,-1
2024201491254,2024,201491254,2,9,0,-1,19,1,5,-1,0,8,0,0,0,0,4,1,-1,6,1,52,8,1499,2,8,FORD FOCUS,3,E01009255,0,1
2024010544884,2024,010544884,2,9,0,9,9,7,5,0,0,1,1,4,0,0,1,1,1,1,1,31,6,1496,1,3,FORD FOCUS,5,E01000583,0,1
2024610020324,2024,610020324,2,9,0,3,3,4,8,0,0,7,0,0,0,0,1,1,6,6,1,29,6,1560,2,12,FORD FOCUS,6,W01001908,0,3
2024141532515,2024,141532515,1,9,0,-1,7,8,2,-1,0,8,0,0,0,0,4,1,-1,9,2,57,9,1596,1,12,FORD FOCUS,2,E01008138,0,1
2024221475721,2024,221475721,1,9,0,-1,19,1,4,-1,0,0,0,0,7,0,1,1,-1,9,1,19,4,1560,2,18,FORD FOCUS,5,E01031242,0,1
2024131434589,2024,131434589,1,9,0,-1,19,3,7,-1,0,1,0,0,0,0,3,1,-1,6,2,21,5,998,1,11,FORD FOCUS,-1,-1,0,-1
2024340WN3842,2024,340WN3842,2,9,0,-1,19,1,5,-1,0,8,0,0,0,0,4,1,-1,2,1,49,8,1596,1,17,FORD FOCUS,2,E01027151,0,1
2024631434200,2024,631434200,1,9,0,-1,13,6,2,-1,0,0,2,0,2,10,3,1,-1,9,1,20,4,2521,1,17,FORD FOCUS,7,W01000497,0,1
2024430315695,2024,430315695,1,9,0,18,19,7,3,0,0,1,0,0,0,0,1,1,3,7,2,41,7,1596,1,16,FORD FOCUS,6,E01016231,0,1
2024332400475,2024,332400475,1,9,0,-1,4,2,6,-1,0,1,0,0,0,0,1,1,-1,9,2,37,7,1560,2,11,FORD FOCUS,10,E01025713,0,1
2024461402410,2024,461402410,3,9,0,-1,19,7,3,-1,0,0,0,0,9,0,2,9,-1,6,1,32,6,1499,2,9,FORD FOCUS,8,E01016144,0,1
2024122400289,2024,122400289,1,9,0,18,19,3,7,0,0,0,0,0,0,0,1,1,6,6,1,34,6,1596,1,14,FORD FOCUS,2,E01011837,0,3
2024131531317,2024,131531317,1,9,0,-1,5,7,3,-1,0,0,0,4,1,10,2,1,-1,9,1,77,11,999,8,0,FORD FOCUS,6,E01011071,0,1
2024991435435,2024,991435435,1,9,0,-1,13,1,5,-1,0,0,0,0,0,0,3,1,-1,9,1,27,6,1596,1,13,FORD FOCUS,6,-1,0,1
2024530005624,2024,530005624,1,9,0,18,19,8,4,0,0,0,0,0,0,0,1,1,6,6,1,43,7,2521,1,16,FORD FOCUS,4,W01001283,0,4
2024201479031,2024,201479031,1,9,0,-1,19,2,6,-1,0,0,0,0,0,0,1,1,-1,2,1,44,7,999,8,0,FORD FOCUS,1,E01009886,0,1
2024010538711,2024,010538711,1,9,0,9,9,5,2,0,0,1,0,0,0,0,3,1,6,6,2,25,5,1798,1,15,FORD FOCUS,3,E01001180,0,1
2024131490053,2024,131490053,2,9,0,-1,2,0,0,-1,9,0,0,0,0,0,1,1,-1,6,3,-1,-1,999,1,1,FORD FOCUS,-1,-1,0,-1
2024211501038,2024,211501038,1,9,0,-1,19,2,6,-1,0,0,0,0,0,0,1,1,-1,6,1,20,4,1560,2,12,FORD FOCUS,-1,-1,0,-1
2024141412254,2024,141412254,2,9,0,-1,19,6,2,-1,0,0,0,0,0,0,1,9,-1,6,3,-1,-1,1560,2,11,FORD FOCUS,-1,-1,0,-1
2024411455712,2024,411455712,2,9,0,-1,19,5,1,-1,0,0,0,0,0,0,2,1,-1,6,2,23,5,999,1,4,FORD FOCUS,9,E01017722,0,4
2024010498701,2024,010498701,1,9,0,18,19,5,1,0,0,8,0,0,0,0,1,1,6,6,1,34,6,999,1,5,FORD FOCUS,7,E01000391,0,1
2024552400954,2024,552400954,1,9,0,16,19,5,8,0,0,0,0,0,0,0,1,1,6,6,1,56,9,999,1,2,FORD FOCUS,8,E01032446,0,5
2024010544175,2024,010544175,1,9,0,18,19,1,5,0,0,1,0,0,0,0,0,1,6,6,2,64,9,1596,1,16,FORD FOCUS,1,E01021324,0,4
2024041411770,2024,041411770,1,9,0,-1,9,4,2,-1,0,0,0,0,0,0,3,1,-1,6,1,53,8,998,1,10,FORD FOCUS,7,E01025326,0,1
2024010537529,2024,010537529,1,9,0,9,9,3,1,0,0,6,0,0,3,0,1,1,6,6,1,30,6,1596,1,12,FORD FOCUS,7,E01001851,0,1
2024061462835,2024,061462835,3,9,0,-1,2,0,0,-1,0,0,0,0,0,0,3,1,-1,6,-1,-1,-1,1499,2,9,FORD FOCUS,-1,-1,0,-1
2024991427875,2024,991427875,2,9,0,-1,19,4,8,-1,0,0,0,0,0,0,2,1,-1,6,2,47,8,1560,2,11,FORD FOCUS,7,-1,0,4
2024461532648,2024,461532648,1,9,0,-1,1,2,6,-1,-1,0,0,4,0,0,2,9,-1,6,1,60,9,998,1,11,FORD FOCUS,2,E01024019,0,1
2024631458949,2024,631458949,1,9,0,-1,19,2,8,-1,0,0,0,0,1,11,1,1,-1,9,1,46,8,1560,2,13,FORD FOCUS,6,W01000551,0,1
2024547283924,2024,547283924,2,9,0,17,19,4,8,0,0,8,1,0,2,7,3,1,6,6,1,20,4,2521,1,18,FORD FOCUS,10,E01031924,0,1
2024161423291,2024,161423291,1,9,0,-1,19,3,7,-1,0,0,0,0,0,0,4,1,-1,1,2,38,7,1499,2,6,FORD FOCUS,-1,-1,0,-1
2024631430460,2024,631430460,1,9,0,-1,19,6,2,-1,0,0,0,0,1,11,1,1,-1,9,1,23,5,1596,1,13,FORD FOCUS,5,E01014062,0,4
2024131491457,2024,131491457,1,9,0,-1,7,7,3,-1,0,1,1,10,7,1,4,1,-1,6,1,28,6,1499,2,2,FORD FOCUS,2,E01012630,0,4
2024201525451,2024,201525451,2,9,0,-1,19,4,8,-1,0,0,0,0,0,0,2,1,-1,2,1,33,6,998,1,11,FORD FOCUS,6,E01009972,0,4
2024320667805,2024,320667805,1,9,0,-1,-1,4,8,0,0,8,0,0,0,0,4,1,-1,-1,2,24,5,1997,2,10,FORD FOCUS,6,E01026255,0,1
2024320119814,2024,320119814,1,9,0,9,9,8,5,0,0,5,0,0,0,0,4,1,-1,-1,1,39,7,1596,1,14,FORD FOCUS,2,E01026050,0,1