collision_index,collision_year,collision_ref_no,vehicle_reference,vehicle_type,towing_and_articulation,vehicle_manoeuvre_historic,vehicle_manoeuvre,vehicle_direction_from,vehicle_direction_to,vehicle_location_restricted_lane_historic,vehicle_location_restricted_lane,junction_location,skidding_and_overturning,hit_object_in_carriageway,vehicle_leaving_carriageway,hit_object_off_carriageway,first_point_of_impact,vehicle_left_hand_drive,journey_purpose_of_driver_historic,journey_purpose_of_driver,sex_of_driver,age_of_driver,age_band_of_driver,engine_capacity_cc,propulsion_code,age_of_vehicle,generic_make_model,driver_imd_decile,lsoa_of_driver,escooter_flag,driver_distance_banding
2024320103963,2024,320103963,2,9,0,3,3,2,6,0,0,4,0,0,0,0,2,1,6,6,2,42,7,1798,1,16,FORD FOCUS,2,E01026172,0,1
2024302400219,2024,302400219,1,9,0,4,4,6,2,0,0,0,0,0,0,0,1,1,6,6,1,75,10,1596,1,17,FORD FOCUS,8,E01019834,0,1
2024311427359,2024,311427359,2,9,0,-1,19,5,1,-1,0,1,0,0,0,0,1,1,-1,1,1,39,7,2261,1,5,FORD FOCUS,5,E01025887,0,4
2024471488063,2024,471488063,1,9,0,-1,19,2,6,-1,0,0,0,0,7,4,4,1,-1,6,1,32,6,2521,1,16,FORD FOCUS,10,E01016630,0,4
2024101482637,2024,101482637,1,9,0,-1,5,3,7,-1,0,0,0,0,0,0,4,1,-1,2,1,47,8,1499,2,7,FORD FOCUS,-1,-1,0,-1
2024340NN2082,2024,340NN2082,2,9,0,-1,10,7,3,-1,0,8,0,0,0,0,2,1,-1,9,1,39,7,1499,2,5,FORD FOCUS,4,E01027327,0,1
2024991495479,2024,991495479,1,9,0,-1,19,1,4,-1,0,0,5,0,2,9,1,1,-1,6,1,23,5,1596,1,17,FORD FOCUS,1,-1,0,4
2024010503994,2024,010503994,1,9,0,9,9,6,4,0,0,1,0,0,7,0,1,1,1,1,1,22,5,998,1,10,FORD FOCUS,8,E01030766,0,4
2024471491520,2024,471491520,2,9,0,-1,19,8,4,-1,0,1,0,0,0,0,1,1,-1,6,1,-1,-1,998,1,12,FORD FOCUS,7,E01035328,0,1
2024371447642,2024,371447642,1,9,0,-1,19,3,7,-1,0,8,0,0,0,0,1,1,-1,6,1,27,6,1560,2,13,FORD FOCUS,2,E01029969,0,1
2024041527334,2024,041527334,2,9,0,-1,19,1,5,-1,0,2,0,0,7,11,4,1,-1,6,1,41,7,1596,1,13,FORD FOCUS,1,E01012749,0,1
2024471461480,2024,471461480,1,9,0,-1,19,7,3,-1,0,1,0,0,0,0,1,9,-1,6,1,24,5,998,1,12,FORD FOCUS,2,E01016905,0,1
2024991421762,2024,991421762,2,9,0,-1,19,7,3,-1,0,1,0,0,5,0,1,1,-1,9,2,24,5,1596,1,20,FORD FOCUS,1,-1,0,4
2024070739518,2024,070739518,3,9,0,-1,19,8,6,-1,0,8,0,0,0,0,4,1,-1,9,2,69,10,999,1,7,FORD FOCUS,10,W01000417,0,3
2024421449076,2024,421449076,1,9,0,-1,19,3,7,-1,0,0,0,0,0,0,1,9,-1,6,3,-1,-1,1560,2,11,FORD FOCUS,-1,-1,0,-1
2024070109779,2024,070109779,1,9,0,16,19,2,6,0,0,0,0,0,0,0,1,1,1,1,2,55,8,1499,2,6,FORD FOCUS,10,E01018641,0,3
2024471409078,2024,471409078,1,9,0,-1,9,7,5,-1,0,8,0,0,0,0,1,1,-1,9,2,70,10,1596,1,17,FORD FOCUS,4,E01030816,0,4
2024011486295,2024,011486295,1,9,0,-1,19,6,2,-1,0,0,0,0,0,0,1,9,-1,6,-1,-1,-1,999,1,9,FORD FOCUS,-1,-1,0,-1
2024141488714,2024,141488714,2,9,0,-1,19,5,1,-1,0,1,1,0,0,0,1,1,-1,9,1,27,6,999,1,7,FORD FOCUS,1,E01007734,0,1
2024010545716,2024,010545716,2,9,0,99,99,9,9,99,99,9,9,99,9,99,9,9,6,6,3,-1,-1,1596,1,9,FORD FOCUS,-1,-1,0,-1
2024010527652,2024,010527652,3,9,0,2,2,0,0,0,0,2,0,0,0,0,3,1,6,6,3,-1,-1,999,1,8,FORD FOCUS,-1,-1,0,-1
2024421533044,2024,421533044,1,9,0,-1,19,8,2,-1,0,0,0,0,0,0,1,1,-1,9,1,54,8,1596,1,15,FORD FOCUS,5,E01022021,0,2
2024201395600,2024,201395600,1,9,0,-1,12,8,6,-1,0,1,0,0,0,0,3,1,-1,6,1,65,9,999,1,7,FORD FOCUS,-1,-1,0,-1
2024351433470,2024,351433470,1,9,0,-1,7,1,2,-1,0,1,0,0,0,0,1,1,-1,6,1,37,7,998,1,10,FORD FOCUS,6,E01017540,0,3
202454F245824,2024,54F245824,1,9,0,4,4,1,5,0,0,4,0,0,0,0,1,1,6,6,1,31,6,1560,2,17,FORD FOCUS,10,E01031997,0,1
2024311495129,2024,311495129,1,9,0,-1,5,6,2,-1,0,6,0,0,0,0,3,1,-1,6,2,73,10,1498,1,6,FORD FOCUS,-1,-1,0,-1
2024071063515,2024,071063515,1,9,0,-1,9,1,5,-1,0,0,0,0,0,0,1,1,-1,2,2,45,7,999,1,7,FORD FOCUS,-1,-1,0,-1
2024471469377,2024,471469377,2,9,0,-1,19,5,1,-1,0,0,0,0,0,0,1,1,-1,9,1,20,4,999,1,9,FORD FOCUS,5,E01031606,0,1
2024010519832,2024,010519832,1,9,0,7,7,2,4,0,0,6,0,0,0,0,1,1,2,2,1,56,9,1596,1,15,FORD FOCUS,10,E01024445,0,3
2024131462368,2024,131462368,1,9,0,-1,-1,-1,-1,-1,-1,-1,-1,-1,-1,-1,-1,1,-1,6,3,-1,-1,1560,2,10,FORD FOCUS,1,E01010733,0,1
2024351540760,2024,351540760,3,9,0,-1,2,0,0,-1,0,1,0,0,0,0,3,9,-1,6,3,-1,-1,1596,1,18,FORD FOCUS,-1,-1,0,-1
2024010499509,2024,010499509,2,9,0,99,99,9,9,99,99,9,9,99,9,99,9,9,6,6,3,-1,-1,1997,2,9,FORD FOCUS,-1,-1,0,-1
2024010521021,2024,010521021,2,9,0,99,99,9,9,99,99,9,9,99,9,99,2,9,6,6,1,33,6,1498,1,8,FORD FOCUS,4,E01002224,0,2
2024052401417,2024,052401417,1,9,0,18,19,7,4,0,0,8,0,0,0,0,1,1,1,1,3,-1,-1,1560,2,9,FORD FOCUS,-1,-1,0,-1
2024421407131,2024,421407131,2,9,0,-1,19,8,4,-1,0,0,0,0,0,0,2,9,-1,6,2,39,7,1596,1,18,FORD FOCUS,7,E01000993,0,4
2024010520418,2024,010520418,2,9,0,2,2,0,0,0,0,2,0,0,0,0,0,1,6,6,3,-1,-1,1596,1,13,FORD FOCUS,-1,-1,0,-1
2024161444646,2024,161444646,1,9,0,-1,19,8,4,-1,0,0,1,0,7,0,1,1,-1,9,1,19,4,1995,2,5,FORD FOCUS,7,E01012815,0,3
2024520401337,2024,520401337,1,9,0,18,19,1,5,0,0,0,0,0,0,0,1,1,6,6,1,80,11,1596,1,16,FORD FOCUS,6,E01020494,0,1
2024430301532,2024,430301532,1,9,0,18,19,1,5,0,0,1,0,0,0,0,1,1,6,6,2,92,11,1999,1,19,FORD FOCUS,-1,-1,0,-1
2024211419053,2024,211419053,2,9,0,-1,19,2,7,-1,0,0,0,0,0,0,1,1,-1,6,1,43,7,1560,2,14,FORD FOCUS,-1,-1,0,-1
2024401457133,2024,401457133,1,9,0,-1,19,3,7,-1,0,1,0,0,4,4,1,1,-1,6,1,40,7,1499,2,3,FORD FOCUS,7,E01033818,0,1
2024031416095,2024,031416095,1,9,0,-1,5,1,1,-1,9,0,0,10,1,0,1,1,-1,6,1,36,7,1560,2,14,FORD FOCUS,3,E01019246,0,1
2024141407650,2024,141407650,2,9,0,-1,19,2,6,-1,0,0,0,0,0,0,2,1,-1,9,1,60,9,1596,1,15,FORD FOCUS,1,E01008060,0,1
2024371493169,2024,371493169,2,9,0,-1,9,4,8,-1,9,0,0,0,0,0,3,1,-1,7,1,35,6,1560,2,10,FORD FOCUS,7,E01029981,0,1
2024010520324,2024,010520324,1,9,0,18,19,8,4,0,0,1,0,0,0,0,4,1,6,6,2,35,6,1596,1,13,FORD FOCUS,7,E01001346,0,4
2024421453142,2024,421453142,1,9,0,-1,19,4,8,-1,0,2,0,0,0,0,1,1,-1,6,1,31,6,1596,1,9,FORD FOCUS,-1,-1,0,-1
2024552401110,2024,552401110,2,9,0,4,4,2,6,0,0,8,0,0,0,0,2,1,6,6,1,38,7,1596,1,20,FORD FOCUS,4,E01015443,0,1
2024361409493,2024,361409493,1,9,0,-1,19,3,7,-1,0,0,0,0,0,0,1,1,-1,9,1,67,10,1499,2,4,FORD FOCUS,9,E01030148,0,4
2024231497627,2024,231497627,1,9,0,-1,19,4,8,-1,0,0,0,0,0,0,1,9,-1,6,2,30,6,999,1,7,FORD FOCUS,9,E01031331,0,1
2024461435281,2024,461435281,1,9,0,-1,19,4,8,-1,0,0,0,0,1,11,1,1,-1,2,1,52,8,999,1,6,FORD FOCUS,6,E01024518,0,3
2024061449131,2024,061449131,2,9,0,-1,5,-1,-1,-1,0,4,0,99,0,0,1,1,-1,6,2,23,5,999,8,1,FORD FOCUS,3,E01005244,0,1
2024010509988,2024,010509988,4,9,0,3,3,7,3,0,0,1,0,0,0,0,2,1,6,6,2,22,5,1596,1,9,FORD FOCUS,-1,-1,0,-1
2024041443591,2024,041443591,1,9,0,-1,9,1,5,-1,0,8,0,0,0,0,1,1,-1,7,2,33,6,1560,2,12,FORD FOCUS,1,E01012649,0,1
2024211479845,2024,211479845,2,9,0,-1,19,5,5,-1,0,8,1,0,0,0,3,1,-1,9,1,43,7,1560,2,11,FORD FOCUS,9,E01029682,0,1
2024991492035,2024,991492035,2,9,0,-1,19,5,1,-1,0,0,0,0,0,0,1,1,-1,6,1,35,6,1499,2,4,FORD FOCUS,-1,-1,0,-1
2024070405417,2024,070405417,1,9,0,9,9,8,6,0,0,6,0,0,0,0,3,1,6,6,2,30,6,1596,1,10,FORD FOCUS,3,E01018548,0,1
2024440194116,2024,440194116,1,9,0,3,3,1,5,0,0,1,0,0,0,0,2,1,6,6,2,45,7,999,1,8,FORD FOCUS,8,E01023050,0,1
2024320594723,2024,320594723,1,9,0,-1,-1,2,6,0,0,0,0,0,0,0,1,1,6,6,3,-1,-1,1798,1,17,FORD FOCUS,-1,-1,0,-1
2024052400941,2024,052400941,2,9,0,9,9,5,3,0,0,1,0,0,0,0,4,1,6,6,1,56,9,999,1,1,FORD FOCUS,1,E01034401,0,1
2024421461621,2024,421461621,3,9,0,-1,2,4,1,-1,0,5,0,0,0,0,1,1,-1,1,1,-1,-1,999,1,2,FORD FOCUS,-1,-1,0,-1
2024991423298,2024,991423298,1,9,0,-1,19,7,3,-1,0,0,0,0,0,0,1,1,-1,9,1,75,10,1560,2,11,FORD FOCUS,1,-1,0,1
2024302500087,2024,302500087,1,9,0,-1,19,3,8,-1,0,8,0,0,0,0,1,1,-1,6,2,37,7,1596,1,17,FORD FOCUS,1,E01013584,0,1
2024131451369,2024,131451369,2,9,0,-1,9,5,3,-1,0,0,0,0,0,0,0,1,-1,2,1,45,7,1999,1,10,FORD FOCUS,3,E01011323,0,1
2024440371677,2024,440371677,2,9,0,18,19,3,7,0,0,8,0,0,0,0,1,1,2,2,2,36,7,1596,1,16,FORD FOCUS,3,E01017189,0,1
2024430304850,2024,430304850,2,9,0,16,19,7,1,0,0,8,0,0,1,11,3,1,2,2,1,45,7,999,1,9,FORD FOCUS,5,E01028636,0,1
2024031411258,2024,031411258,2,9,0,-1,19,8,4,-1,0,1,0,0,0,0,1,1,-1,9,2,49,8,999,1,5,FORD FOCUS,6,E01034075,0,2
2024522402976,2024,522402976,1,9,0,18,19,3,7,0,0,8,0,0,0,0,4,1,6,6,2,41,7,1596,1,13,FORD FOCUS,7,E01014756,0,1
2024010524429,2024,010524429,2,9,0,2,2,0,0,9,9,2,0,4,0,0,1,1,6,6,3,-1,-1,998,1,11,FORD FOCUS,-1,-1,0,-1
2024451480174,2024,451480174,2,9,0,-1,19,1,1,-1,0,1,0,0,0,0,0,1,-1,9,1,33,6,1995,2,2,FORD FOCUS,7,E01030621,0,3
2024332400214,2024,332400214,1,9,0,-1,19,6,3,-1,0,0,0,0,0,0,1,1,-1,9,1,35,6,1997,2,8,FORD FOCUS,8,E01025770,0,1
2024161460649,2024,161460649,1,9,0,-1,9,7,5,-1,0,0,5,0,0,0,1,1,-1,9,1,37,7,999,8,1,FORD FOCUS,2,E01035481,0,1
2024061422974,2024,061422974,3,9,0,-1,19,7,2,-1,0,1,0,0,0,0,0,1,-1,1,1,33,6,999,8,1,FORD FOCUS,1,E01005202,0,1
2024031533016,2024,031533016,2,9,0,-1,19,3,7,-1,0,0,0,0,0,0,1,1,-1,6,1,55,8,999,1,7,FORD FOCUS,-1,-1,0,-1
2024531439028,2024,531439028,1,9,0,-1,5,5,1,-1,0,8,0,0,0,0,1,1,-1,6,1,25,5,1596,1,15,FORD FOCUS,-1,-1,0,-1
2024991441066,2024,991441066,1,9,0,-1,5,8,4,-1,0,1,0,0,3,0,1,1,-1,9,1,73,10,999,1,8,FORD FOCUS,-1,-1,0,-1
2024332401225,2024,332401225,2,9,0,-1,9,6,4,-1,0,6,0,0,0,0,3,1,-1,6,1,39,7,1596,1,14,FORD FOCUS,4,E01025742,0,2
2024161490144,2024,161490144,1,9,0,-1,19,8,4,-1,0,0,0,0,0,0,3,1,-1,6,1,66,10,1596,1,15,FORD FOCUS,8,E01013305,0,4
2024010519040,2024,010519040,2,9,0,18,19,7,3,0,0,1,0,0,0,0,4,1,6,6,2,37,7,1596,1,15,FORD FOCUS,3,E01000522,0,1
2024010548722,2024,010548722,2,9,0,9,9,1,7,0,0,8,0,0,0,0,4,1,6,6,1,32,6,1499,2,4,FORD FOCUS,8,E01032775,0,1
2024052400212,2024,052400212,1,9,0,5,5,3,7,0,0,8,0,0,0,0,1,1,3,7,1,36,7,1560,2,11,FORD FOCUS,1,E01007004,0,1
2024371566592,2024,371566592,1,9,0,-1,7,3,1,-1,0,1,0,0,0,0,1,1,-1,9,1,62,9,2521,1,16,FORD FOCUS,6,E01030194,0,1
2024010536648,2024,010536648,2,9,0,7,7,6,8,0,0,1,0,0,0,0,2,1,6,6,2,51,8,1596,1,13,FORD FOCUS,8,E01001027,0,1
2024311452264,2024,311452264,1,9,0,-1,4,5,1,-1,0,0,0,0,0,0,2,1,-1,6,2,49,8,1997,2,13,FORD FOCUS,1,E01007783,0,3
2024351398870,2024,351398870,1,9,0,-1,-1,-1,-1,-1,0,4,0,-1,-1,0,-1,9,-1,9,1,32,6,1999,1,6,FORD FOCUS,9,E01017968,0,1
2024311523092,2024,311523092,1,9,0,-1,19,1,7,-1,0,0,0,0,0,0,4,1,-1,6,2,53,8,1499,2,9,FORD FOCUS,-1,-1,0,-1
2024430463282,2024,430463282,1,9,0,-1,-1,3,7,0,0,4,-1,-1,-1,-1,4,-1,6,6,2,59,9,999,1,9,FORD FOCUS,9,E01033503,0,1
2024471417087,2024,471417087,2,9,0,-1,9,6,3,-1,0,8,0,0,0,0,3,1,-1,2,1,27,6,1596,1,16,FORD FOCUS,2,E01016964,0,1
2024421438320,2024,421438320,1,9,0,-1,6,3,7,-1,0,0,5,0,0,0,1,1,-1,6,1,34,6,1596,1,15,FORD FOCUS,1,E01015852,0,4
2024010523183,2024,010523183,1,9,0,18,19,1,5,0,0,1,0,0,0,0,3,1,2,2,2,51,8,1596,1,11,FORD FOCUS,4,E01024138,0,2
2024311394921,2024,311394921,2,9,0,-1,4,7,3,-1,0,0,0,0,0,0,1,1,-1,6,1,28,6,1999,1,12,FORD FOCUS,6,E01027946,0,2
2024461399123,2024,461399123,1,9,0,-1,5,5,3,-1,0,6,0,0,0,0,3,9,-1,6,1,44,7,998,1,10,FORD FOCUS,10,E01024046,0,1
2024421418859,2024,421418859,2,9,0,-1,19,3,7,-1,0,8,0,0,0,0,4,1,-1,6,1,85,11,1596,1,21,FORD FOCUS,3,E01034355,0,3
2024010503458,2024,010503458,2,9,0,99,99,9,9,99,99,0,9,99,9,99,1,9,6,6,3,-1,-1,1596,1,13,FORD FOCUS,3,E01008451,0,5
2024501456905,2024,501456905,2,9,0,-1,19,4,8,-1,0,1,1,0,7,9,4,1,-1,9,1,66,10,1798,1,15,FORD FOCUS,5,E01020279,0,3
2024010520313,2024,010520313,2,9,0,99,99,9,9,99,99,9,9,99,9,99,9,9,6,6,3,-1,-1,1499,2,2,FORD FOCUS,-1,-1,0,-1
2024010523519,2024,010523519,2,9,0,18,19,5,1,0,0,0,0,4,0,0,4,1,6,6,3,-1,-1,1596,1,16,FORD FOCUS,-1,-1,0,-1
2024351515761,2024,351515761,2,9,0,-1,3,5,5,-1,0,0,0,0,0,0,2,1,-1,9,2,31,6,998,1,11,FORD FOCUS,9,E01023656,0,2
2024501408127,2024,501408127,1,9,0,-1,19,1,5,-1,0,1,0,0,0,0,1,1,-1,9,1,67,10,1499,2,5,FORD FOCUS,9,E01013115,0,5
2024991521583,2024,991521583,1,9,0,-1,5,4,8,-1,0,0,0,0,0,0,1,1,-1,2,1,38,7,998,1,11,FORD FOCUS,2,-1,0,1
2024311506024,2024,311506024,1,9,0,-1,19,7,3,-1,0,0,0,12,0,0,1,1,-1,2,2,31,6,1798,1,14,FORD FOCUS,1,E01028301,0,1
2024061402071,2024,061402071,2,9,-1,-1,-1,-1,-1,-1,-1,-1,-1,-1,-1,0,-1,9,-1,6,2,34,6,1560,2,10,FORD FOCUS,-1,-1,0,-1
2024161510571,2024,161510571,1,9,0,-1,2,7,3,-1,9,0,0,0,0,0,4,1,-1,9,1,41,7,1560,2,12,FORD FOCUS,3,E01013310,0,1
2024501470423,2024,501470423,1,9,0,-1,9,7,4,-1,0,1,0,0,0,0,3,1,-1,9,2,37,7,1997,2,14,FORD FOCUS,1,E01015080,0,3
2024122400553,2024,122400553,2,9,0,18,19,2,6,0,0,0,0,0,7,0,1,1,2,2,2,50,8,1560,2,12,FORD FOCUS,2,E01013399,0,2
2024371528060,2024,371528060,3,9,0,-1,19,3,7,-1,0,0,0,0,0,0,1,1,-1,9,1,79,11,1560,2,14,FORD FOCUS,6,E01030081,0,2
2024622400448,2024,622400448,3,9,0,2,2,0,0,0,0,0,0,0,0,0,2,1,6,6,3,-1,-1,998,1,12,FORD FOCUS,-1,-1,0,-1
2024421439914,2024,421439914,1,9,0,-1,9,7,3,-1,0,6,0,0,0,0,4,1,-1,6,2,64,9,1596,1,18,FORD FOCUS,4,E01021956,0,1
2024010514900,2024,010514900,1,9,0,99,99,9,9,99,99,9,9,99,9,99,2,9,6,6,3,-1,-1,1988,1,22,FORD FOCUS,-1,-1,0,-1
2024211436457,2024,211436457,1,9,0,-1,19,7,3,-1,0,8,0,0,7,9,1,1,-1,6,1,50,8,999,1,4,FORD FOCUS,-1,-1,0,-1
2024010490910,2024,010490910,2,9,0,99,99,9,9,99,99,9,9,99,9,99,3,9,6,6,3,-1,-1,1499,2,9,FORD FOCUS,-1,-1,0,-1
2024520402902,2024,520402902,1,9,0,18,19,7,3,0,0,0,0,0,0,0,1,1,6,6,2,42,7,999,1,1,FORD FOCUS,5,E01029163,0,3
2024311465198,2024,311465198,2,9,0,-1,13,3,7,-1,0,0,0,0,0,0,3,1,-1,6,1,31,6,1596,1,16,FORD FOCUS,10,E01025891,0,4
2024101469892,2024,101469892,1,9,0,-1,9,3,1,-1,0,0,0,0,0,0,3,1,-1,9,2,51,8,1596,1,15,FORD FOCUS,10,E01008321,0,1
2024471426255,2024,471426255,1,9,0,-1,19,1,5,-1,0,1,0,0,0,0,2,1,-1,9,2,58,9,1596,1,10,FORD FOCUS,1,E01016908,0,1
2024421517571,2024,421517571,1,9,0,-1,19,5,8,-1,0,0,0,0,0,0,1,1,-1,6,1,23,5,999,1,5,FORD FOCUS,8,E01021385,0,3
2024131488480,2024,131488480,1,9,0,-1,19,4,8,-1,0,0,0,0,0,0,3,1,-1,9,1,69,10,998,1,10,FORD FOCUS,6,E01011142,0,1
2024430604031,2024,430604031,1,9,0,16,19,1,4,0,0,1,1,0,0,0,3,1,6,6,1,44,7,1999,1,7,FORD FOCUS,10,E01032610,0,2
2024141524634,2024,141524634,3,9,0,-1,2,0,0,-1,9,0,0,0,0,0,2,1,-1,6,2,37,7,999,8,0,FORD FOCUS,-1,-1,0,-1
2024010512367,2024,010512367,1,9,0,9,9,5,2,0,0,6,0,0,0,0,3,1,6,6,1,18,4,1596,1,16,FORD FOCUS,-1,-1,0,-1
2024010529605,2024,010529605,1,9,0,99,99,9,9,99,99,9,9,99,9,99,9,9,6,6,1,21,5,1596,1,12,FORD FOCUS,3,E01002068,0,1
2024070563285,2024,070563285,2,9,0,7,7,5,6,0,0,8,0,0,0,0,2,1,6,6,1,41,7,1499,2,8,FORD FOCUS,2,E01012370,0,1
2024331509429,2024,331509429,1,9,0,-1,15,4,8,-1,0,0,0,0,0,0,4,2,-1,6,1,75,10,998,1,10,FORD FOCUS,10,E01025891,0,1
2024141487154,2024,141487154,1,9,0,-1,12,3,7,-1,0,0,0,0,0,0,2,1,-1,6,1,30,6,999,1,9,FORD FOCUS,2,E01007759,0,1
2024451445499,2024,451445499,2,9,0,-1,12,3,5,-1,0,3,0,0,0,0,3,1,-1,6,1,47,8,1560,2,11,FORD FOCUS,-1,-1,0,-1
2024451513695,2024,451513695,1,9,0,-1,9,5,1,-1,0,5,0,0,0,0,3,1,-1,1,1,27,6,1995,2,3,FORD FOCUS,7,E01003820,0,2
2024440326928,2024,440326928,2,9,0,18,19,3,7,0,0,4,0,0,0,0,1,1,6,6,1,51,8,1596,1,20,FORD FOCUS,5,E01017095,0,1
2024131530643,2024,131530643,1,9,0,-1,19,7,3,-1,0,0,0,0,0,0,1,1,-1,2,1,18,4,999,1,5,FORD FOCUS,1,E01006429,0,4
2024320183932,2024,320183932,1,9,0,-1,-1,7,3,0,0,0,0,0,1,4,1,1,-1,-1,2,20,4,999,8,1,FORD FOCUS,4,E01026317,0,2
2024451453349,2024,451453349,1,9,0,-1,5,3,1,-1,0,6,0,0,0,0,0,1,-1,6,2,47,8,999,1,9,FORD FOCUS,4,E01030615,0,2
2024302500079,2024,302500079,3,9,0,-1,19,2,7,-1,0,8,0,0,0,0,1,1,-1,6,2,67,10,1596,1,9,FORD FOCUS,-1,-1,0,-1
2024361409591,2024,361409591,2,9,0,-1,3,7,3,-1,0,0,0,0,0,0,2,9,-1,6,1,44,7,1560,2,12,FORD FOCUS,9,E01026513,0,1
2024451512305,2024,451512305,1,9,0,-1,19,1,3,-1,0,0,0,0,0,0,4,1,-1,6,1,34,6,1596,1,12,FORD FOCUS,-1,-1,0,-1
2024221417120,2024,221417120,1,9,0,-1,4,2,6,-1,0,0,1,0,1,9,2,9,-1,6,2,26,6,1560,2,11,FORD FOCUS,4,E01014033,0,3
2024421411114,2024,421411114,1,9,0,-1,19,6,2,-1,0,2,2,0,1,0,4,1,-1,6,1,23,5,1596,1,19,FORD FOCUS,3,E01024352,0,4
2024471518096,2024,471518096,1,9,0,-1,1,3,7,-1,0,0,0,0,0,0,3,1,-1,6,2,31,6,1997,2,7,FORD FOCUS,8,E01021225,0,1
2024430330322,2024,430330322,1,9,0,18,19,8,4,0,0,0,0,0,0,0,1,1,2,2,1,25,5,1596,1,14,FORD FOCUS,1,E01016441,0,1
2024622400213,2024,622400213,2,9,0,4,4,3,7,0,0,0,0,0,1,6,2,1,6,6,1,73,10,1560,2,12,FORD FOCUS,9,W01001781,0,1
2024061481250,2024,061481250,2,9,0,-1,9,4,2,-1,9,0,0,0,0,0,4,1,-1,9,2,44,7,999,1,9,FORD FOCUS,-1,-1,0,-1
2024461439969,2024,461439969,3,9,0,-1,3,6,2,-1,0,4,0,0,0,0,0,1,-1,8,2,23,5,999,1,1,FORD FOCUS,1,E01035316,0,1
2024311474891,2024,311474891,2,9,0,-1,19,2,7,-1,0,8,0,0,0,0,3,2,-1,9,2,40,7,1596,1,18,FORD FOCUS,-1,-1,0,-1
202454B181024,2024,54B181024,1,9,0,18,19,7,3,0,0,0,5,0,1,0,1,1,6,6,1,31,6,1596,1,20,FORD FOCUS,5,E01031908,0,4
2024052500399,2024,052500399,1,9,0,18,19,1,5,0,0,0,0,0,0,0,4,1,6,6,1,64,9,999,1,6,FORD FOCUS,1,E01007051,0,1
2024031481885,2024,031481885,2,9,0,-1,19,4,8,-1,0,0,0,0,0,0,1,1,-1,9,1,43,7,1499,2,7,FORD FOCUS,-1,-1,0,-1
2024131490630,2024,131490630,2,9,0,-1,19,2,6,-1,0,1,0,0,0,0,1,1,-1,2,1,39,7,1999,1,14,FORD FOCUS,9,E01011812,0,1
2024010538968,2024,010538968,1,9,0,17,19,5,1,1,1,2,0,0,0,0,4,1,6,6,1,66,10,1596,1,12,FORD FOCUS,5,E01000745,0,1
2024010548565,2024,010548565,1,9,0,18,19,5,1,0,0,1,0,0,0,0,1,1,6,6,3,-1,-1,1798,1,18,FORD FOCUS,-1,-1,0,-1
2024211408796,2024,211408796,1,9,0,-1,4,3,7,-1,0,1,0,0,3,0,1,1,-1,2,1,23,5,1499,2,8,FORD FOCUS,8,E01029751,0,3
2024421437874,2024,421437874,1,9,0,-1,19,6,2,-1,0,0,0,0,8,4,1,1,-1,2,1,53,8,1499,2,4,FORD FOCUS,5,E01021678,0,3
2024501501892,2024,501501892,1,9,0,-1,19,3,7,-1,0,0,5,0,0,0,1,1,-1,6,2,18,4,1988,1,20,FORD FOCUS,7,E01020108,0,1
2024531500478,2024,531500478,1,9,0,-1,9,6,4,-1,0,8,0,0,0,0,4,1,-1,2,2,53,8,1560,2,10,FORD FOCUS,4,E01022424,0,2
2024010544859,2024,010544859,2,9,0,99,99,9,9,99,99,9,9,99,9,99,9,9,6,6,1,-1,-1,1596,1,10,FORD FOCUS,2,E01004014,0,3
2024440524075,2024,440524075,1,9,0,1,1,4,8,0,0,8,0,0,0,0,2,1,2,2,2,55,8,999,1,5,FORD FOCUS,10,E01022861,0,1
2024430478894,2024,430478894,1,9,0,18,19,2,6,0,0,0,0,0,0,0,1,1,6,6,1,32,6,1596,1,12,FORD FOCUS,7,E01001204,0,4
2024631428572,2024,631428572,2,9,0,-1,19,3,6,-1,0,8,0,0,0,0,3,1,-1,6,2,31,6,1560,2,13,FORD FOCUS,7,W01000735,0,4
2024141513080,2024,141513080,1,9,0,-1,3,1,5,-1,0,0,0,0,0,0,2,1,-1,9,2,35,6,1560,2,14,FORD FOCUS,1,E01007892,0,3
2024320724813,2024,320724813,1,9,0,12,12,4,8,0,0,6,0,0,0,0,1,1,-1,-1,1,66,10,1995,2,5,FORD FOCUS,4,E01028302,0,4
2024311413405,2024,311413405,1,9,0,-1,7,7,5,-1,0,5,0,0,0,0,1,1,-1,9,1,43,7,1560,2,10,FORD FOCUS,1,E01013867,0,1
2024552400169,2024,552400169,2,9,0,9,9,6,4,0,0,5,0,0,0,0,3,1,6,6,2,67,10,999,1,9,FORD FOCUS,5,E01020485,0,2
2024311432365,2024,311432365,3,9,0,-1,3,1,5,-1,0,1,0,0,0,0,1,1,-1,9,1,61,9,999,1,8,FORD FOCUS,9,E01013979,0,1
2024010521767,2024,010521767,2,9,0,99,99,9,9,99,99,9,9,99,9,99,2,9,6,6,3,-1,-1,1596,1,15,FORD FOCUS,-1,-1,0,-1
2024010550744,2024,010550744,2,9,0,18,19,2,6,0,0,0,0,0,0,0,1,1,6,6,1,-1,-1,1596,1,9,FORD FOCUS,5,E01016125,0,4