collision_index,collision_year,collision_ref_no,vehicle_reference,vehicle_type,towing_and_articulation,vehicle_manoeuvre_historic,vehicle_manoeuvre,vehicle_direction_from,vehicle_direction_to,vehicle_location_restricted_lane_historic,vehicle_location_restricted_lane,junction_location,skidding_and_overturning,hit_object_in_carriageway,vehicle_leaving_carriageway,hit_object_off_carriageway,first_point_of_impact,vehicle_left_hand_drive,journey_purpose_of_driver_historic,journey_purpose_of_driver,sex_of_driver,age_of_driver,age_band_of_driver,engine_capacity_cc,propulsion_code,age_of_vehicle,generic_make_model,driver_imd_decile,lsoa_of_driver,escooter_flag,driver_distance_banding
2024070670585,2024,070670585,2,9,0,-1,-1,2,6,0,0,6,0,0,0,0,1,1,6,6,2,48,8,1596,1,23,FORD FOCUS,8,E01018510,0,1
2024010539449,2024,010539449,1,9,0,9,9,1,6,0,0,8,0,0,0,0,4,1,6,6,1,27,6,2261,1,8,FORD FOCUS,5,W01000528,0,5
2024131411790,2024,131411790,2,9,0,-1,2,0,0,-1,0,8,0,0,0,0,3,1,-1,6,-1,-1,-1,1499,2,7,FORD FOCUS,-1,-1,0,-1
2024302401532,2024,302401532,2,9,0,10,10,7,5,0,0,1,0,0,0,0,1,1,3,7,2,44,7,1499,2,4,FORD FOCUS,2,E01019523,0,3
2024451410842,2024,451410842,2,9,0,-1,19,3,7,-1,0,1,0,0,0,0,4,1,-1,9,1,44,7,999,1,6,FORD FOCUS,5,E01030569,0,2
2024340WN1302,2024,340WN1302,2,9,0,-1,2,0,0,-1,0,0,0,0,0,0,1,1,-1,6,2,45,7,1596,1,20,FORD FOCUS,2,E01027155,0,1
2024991484365,2024,991484365,1,9,0,-1,7,4,6,-1,0,0,0,0,0,0,4,1,-1,6,2,34,6,1596,1,15,FORD FOCUS,3,-1,0,1
2024201440984,2024,201440984,1,9,0,-1,12,1,5,-1,0,0,0,0,0,0,1,9,-1,9,1,41,7,998,1,10,FORD FOCUS,1,E01008913,0,1
2024101436303,2024,101436303,2,9,0,-1,19,6,2,-1,0,1,0,0,0,0,1,1,-1,9,1,30,6,2521,1,18,FORD FOCUS,5,E01008648,0,1
2024131408008,2024,131408008,2,9,0,-1,19,3,7,-1,0,1,0,0,0,0,1,1,-1,9,2,37,7,999,1,2,FORD FOCUS,-1,-1,0,-1
2024052402661,2024,052402661,1,9,0,18,19,7,3,0,0,1,0,0,7,11,1,1,6,6,2,60,9,1596,1,16,FORD FOCUS,1,E01006709,0,1
2024991514690,2024,991514690,2,9,0,-1,2,0,0,-1,0,0,0,0,0,0,4,1,-1,6,-1,-1,-1,1753,2,15,FORD FOCUS,-1,-1,0,-1
2024010530511,2024,010530511,2,9,0,9,9,5,2,0,0,6,0,0,0,0,2,1,1,1,1,24,5,1499,2,8,FORD FOCUS,5,E01002520,0,4
2024101462963,2024,101462963,2,9,0,-1,3,8,4,-1,0,0,0,0,0,0,2,1,-1,6,1,40,7,1560,2,11,FORD FOCUS,3,E01008598,0,3
2024340NN2512,2024,340NN2512,1,9,0,-1,19,1,5,-1,0,4,0,0,0,0,1,1,-1,9,1,76,11,1499,2,8,FORD FOCUS,3,E01027081,0,1
2024501413265,2024,501413265,1,9,0,-1,19,5,1,-1,0,4,0,0,0,0,0,9,-1,6,3,25,5,1560,2,14,FORD FOCUS,7,E01020258,0,3
2024361443933,2024,361443933,1,9,0,-1,19,1,5,-1,0,0,5,0,2,0,1,1,-1,6,2,35,6,1560,2,13,FORD FOCUS,4,E01026643,0,1
2024430543363,2024,430543363,2,9,0,2,2,0,0,0,0,0,0,0,0,0,2,1,6,6,3,-1,-1,999,1,9,FORD FOCUS,7,E01016613,0,1
2024041515262,2024,041515262,1,9,0,-1,4,5,1,-1,0,1,0,0,0,0,1,1,-1,2,1,60,9,1499,2,7,FORD FOCUS,9,E01025477,0,2
2024501410583,2024,501410583,1,9,0,-1,19,1,3,-1,0,1,0,0,0,0,1,9,-1,6,1,31,6,1560,2,15,FORD FOCUS,3,E01019975,0,4
2024201433144,2024,201433144,1,9,0,-1,19,8,4,-1,0,1,0,0,0,0,1,1,-1,6,2,24,5,998,1,11,FORD FOCUS,-1,-1,0,-1
2024471492680,2024,471492680,2,9,0,-1,19,3,8,-1,0,8,0,0,0,0,4,1,-1,2,1,44,7,998,1,12,FORD FOCUS,8,E01022958,0,3
2024141397916,2024,141397916,1,9,0,-1,7,1,3,-1,0,1,0,0,0,0,3,1,-1,9,1,74,10,1499,2,2,FORD FOCUS,1,E01007721,0,2
2024421517571,2024,421517571,3,9,0,-1,19,1,4,-1,0,0,0,12,0,0,3,1,-1,6,1,43,7,1596,1,20,FORD FOCUS,9,E01022064,0,2
202417M112924,2024,17M112924,1,9,0,-1,19,2,6,-1,0,8,0,0,0,0,4,1,-1,9,1,31,6,1997,2,9,FORD FOCUS,-1,-1,0,-1
2024421504988,2024,421504988,2,9,0,-1,-1,-1,-1,-1,-1,-1,-1,-1,-1,0,-1,9,-1,6,2,22,5,999,8,1,FORD FOCUS,9,E01018219,0,4
2024052400786,2024,052400786,1,8,0,9,9,7,5,0,0,8,0,0,0,0,1,1,1,1,2,64,9,1499,2,6,FORD FOCUS,2,E01006522,0,2
2024010542965,2024,010542965,2,9,0,99,99,9,9,99,99,6,9,99,9,99,1,9,6,6,3,52,8,1596,1,11,FORD FOCUS,4,E01019006,0,5
2024440085931,2024,440085931,2,9,0,18,19,6,2,0,0,1,0,0,0,0,2,1,6,6,2,31,6,1596,1,10,FORD FOCUS,9,E01023254,0,1
2024010544261,2024,010544261,2,9,0,99,99,9,9,99,99,9,9,99,9,99,1,9,6,6,3,-1,-1,999,1,5,FORD FOCUS,-1,-1,0,-1
2024221493020,2024,221493020,1,9,0,-1,19,4,1,-1,0,8,1,0,0,0,1,1,-1,2,1,40,7,1596,1,15,FORD FOCUS,5,E01032214,0,3
2024061469560,2024,061469560,2,9,0,-1,19,1,1,-1,0,0,0,0,0,0,0,1,-1,1,2,33,6,999,1,2,FORD FOCUS,-1,-1,0,-1
2024361459402,2024,361459402,2,9,0,-1,19,3,7,-1,0,2,0,0,0,0,1,1,-1,6,2,64,9,1560,2,14,FORD FOCUS,7,E01026941,0,2
2024052401589,2024,052401589,1,9,0,18,19,3,7,0,0,1,0,0,0,0,1,1,6,6,2,32,6,1596,1,20,FORD FOCUS,1,E01006445,0,1
2024461431240,2024,461431240,2,9,0,-1,3,1,6,-1,0,0,0,0,0,0,2,1,-1,9,1,31,6,1997,2,8,FORD FOCUS,3,E01024001,0,2
2024361431886,2024,361431886,1,9,0,-1,5,2,5,-1,0,4,0,0,0,0,1,1,-1,1,1,51,8,999,1,7,FORD FOCUS,10,E01035141,0,1
2024461428114,2024,461428114,2,9,0,-1,19,7,3,-1,0,0,0,0,0,0,2,9,-1,9,2,40,7,999,1,8,FORD FOCUS,1,E01024657,0,4
2024430232904,2024,430232904,1,9,0,17,19,2,7,0,0,0,0,0,0,0,1,1,6,6,1,26,6,1796,1,24,FORD FOCUS,7,E01028690,0,3
2024421525024,2024,421525024,1,9,0,-1,-1,-1,-1,-1,-1,0,-1,-1,-1,0,-1,9,-1,6,1,25,5,1596,1,15,FORD FOCUS,4,E01021427,0,4
2024461440198,2024,461440198,1,9,0,-1,4,3,7,-1,0,0,0,0,0,0,1,9,-1,6,2,59,9,1596,1,15,FORD FOCUS,5,E01016135,0,1
2024371520895,2024,371520895,2,9,0,-1,19,7,3,-1,0,0,1,0,1,0,3,1,-1,9,2,55,8,1798,1,14,FORD FOCUS,9,E01030145,0,1
2024010518725,2024,010518725,3,9,0,9,9,5,2,0,0,1,0,0,0,0,1,1,6,6,2,23,5,999,1,7,FORD FOCUS,6,E01033064,0,1
2024361418504,2024,361418504,2,9,0,-1,5,5,1,-1,9,0,0,0,0,0,1,1,-1,7,2,36,7,1560,2,11,FORD FOCUS,1,E01026869,0,1
2024122400996,2024,122400996,2,9,0,18,19,4,8,0,0,0,0,10,1,11,4,1,6,6,1,35,6,1560,2,11,FORD FOCUS,7,E01010860,0,4
2024622400553,2024,622400553,1,9,0,18,19,1,5,0,0,0,0,0,7,4,3,1,6,6,1,43,7,998,1,10,FORD FOCUS,3,W01001043,0,1
2024010550953,2024,010550953,3,9,0,-1,-1,6,2,0,0,1,0,4,0,0,4,1,6,6,3,-1,-1,1596,1,17,FORD FOCUS,-1,-1,0,-1
2024411440395,2024,411440395,2,9,0,-1,5,1,5,-1,0,4,0,0,0,0,3,1,-1,9,2,33,6,999,1,2,FORD FOCUS,9,E01028487,0,4
2024471423011,2024,471423011,1,9,0,-1,19,7,3,-1,0,1,0,0,8,11,3,1,-1,6,1,26,6,1499,2,9,FORD FOCUS,7,E01021061,0,2
2024231431390,2024,231431390,2,9,0,-1,19,8,4,-1,0,4,0,0,0,0,1,1,-1,6,1,31,6,1560,2,13,FORD FOCUS,1,E01034748,0,2
2024041403048,2024,041403048,1,9,0,-1,19,6,2,-1,0,1,5,4,0,0,3,1,-1,9,1,38,7,1560,2,10,FORD FOCUS,4,E01012701,0,1
2024440268700,2024,440268700,2,9,0,18,19,7,3,0,0,1,0,0,0,0,1,1,6,6,1,-1,-1,1796,1,20,FORD FOCUS,2,E01017345,0,2
2024010520719,2024,010520719,1,9,0,18,19,5,1,0,0,0,0,0,0,0,1,1,6,6,2,56,9,1596,1,19,FORD FOCUS,-1,-1,0,-1
2024010504806,2024,010504806,1,9,0,4,4,1,5,0,0,0,0,0,0,0,3,1,6,6,1,46,8,2261,1,5,FORD FOCUS,3,E01003258,0,1
2024461404511,2024,461404511,1,9,0,-1,9,1,6,-1,0,1,0,0,0,0,4,1,-1,2,1,33,6,999,1,3,FORD FOCUS,5,E01024179,0,1
2024201521662,2024,201521662,2,9,0,-1,2,3,7,-1,0,8,0,0,0,0,2,1,-1,6,1,49,8,999,1,6,FORD FOCUS,2,E01009988,0,1
2024440117288,2024,440117288,1,9,0,5,5,5,1,0,0,6,0,0,0,0,1,1,6,6,1,28,6,999,1,5,FORD FOCUS,8,E01030890,0,2
2024131457038,2024,131457038,1,9,0,-1,19,8,4,-1,0,0,0,0,0,0,1,1,-1,6,3,-1,-1,1997,2,16,FORD FOCUS,-1,-1,0,-1
2024041529085,2024,041529085,1,9,0,-1,19,1,5,-1,0,1,0,0,0,0,1,1,-1,9,1,86,11,1596,1,11,FORD FOCUS,4,E01024936,0,1
2024991416343,2024,991416343,2,9,0,-1,3,8,4,-1,1,0,0,0,0,0,2,1,-1,6,1,52,8,1596,1,13,FORD FOCUS,9,-1,0,3
2024221481253,2024,221481253,2,9,0,-1,19,1,6,-1,0,0,0,10,0,0,3,9,-1,6,1,60,9,1596,1,17,FORD FOCUS,2,E01032262,0,1
2024041487887,2024,041487887,1,9,0,-1,9,4,2,-1,0,2,0,0,0,0,1,1,-1,1,2,61,9,1560,2,10,FORD FOCUS,7,E01012614,0,1
2024131479953,2024,131479953,2,9,0,-1,19,1,5,-1,0,1,0,0,0,0,1,1,-1,9,1,42,7,1499,2,9,FORD FOCUS,3,E01011647,0,1
2024010547631,2024,010547631,1,9,0,18,19,3,7,0,0,8,0,0,0,0,2,1,6,6,1,44,7,998,1,12,FORD FOCUS,3,E01002550,0,1
2024161429599,2024,161429599,2,9,0,-1,5,6,2,-1,0,6,0,0,0,0,1,9,-1,6,3,-1,-1,1560,2,11,FORD FOCUS,-1,-1,0,-1
2024451486151,2024,451486151,1,9,0,-1,19,6,2,-1,0,0,0,0,0,0,1,1,-1,2,1,51,8,998,1,10,FORD FOCUS,5,E01016233,0,3
2024122400359,2024,122400359,1,9,0,18,19,1,5,0,0,1,0,0,0,0,1,1,6,6,2,48,8,1560,2,10,FORD FOCUS,2,E01013444,0,3
2024421439690,2024,421439690,2,9,0,-1,19,6,6,-1,0,0,0,0,0,0,2,1,-1,9,1,21,5,998,1,10,FORD FOCUS,2,E01034366,0,3
2024211426540,2024,211426540,1,9,0,-1,19,1,5,-1,0,0,0,0,0,0,4,1,-1,6,1,56,9,999,1,5,FORD FOCUS,4,-1,0,5
2024401432669,2024,401432669,1,9,0,-1,-1,-1,-1,-1,0,4,2,0,0,0,1,9,-1,6,3,-1,-1,999,1,2,FORD FOCUS,-1,-1,0,-1
2024991405495,2024,991405495,2,9,0,-1,19,7,3,-1,0,0,0,0,1,2,1,9,-1,6,1,-1,-1,1596,1,14,FORD FOCUS,-1,-1,0,-1
2024010534834,2024,010534834,2,9,0,5,5,3,7,0,0,1,0,0,0,0,1,1,6,6,2,25,5,1596,1,12,FORD FOCUS,5,E01033787,0,3
2024421462919,2024,421462919,2,9,0,-1,19,3,7,-1,0,2,0,0,0,0,4,9,-1,6,2,39,7,1596,1,12,FORD FOCUS,6,E01021525,0,1
2024010505395,2024,010505395,1,9,0,4,4,1,5,0,0,0,0,0,0,0,1,1,6,6,1,44,7,1596,1,17,FORD FOCUS,-1,-1,0,-1
2024552400191,2024,552400191,1,9,0,12,12,7,4,0,0,8,0,0,0,0,3,1,2,2,1,31,6,999,1,8,FORD FOCUS,8,E01030214,0,5
2024430115068,2024,430115068,1,9,0,18,19,5,1,0,0,3,0,0,3,0,1,1,3,7,1,58,9,1596,1,13,FORD FOCUS,10,E01016338,0,1
2024351415723,2024,351415723,1,9,0,-1,1,5,3,-1,0,0,0,10,7,4,3,1,-1,9,2,82,11,1596,1,20,FORD FOCUS,8,E01015646,0,1
2024332400834,2024,332400834,2,9,0,-1,3,6,2,-1,0,0,0,0,0,0,2,1,-1,6,2,62,9,1560,2,10,FORD FOCUS,7,E01025735,0,2
2024052402621,2024,052402621,1,9,0,18,19,1,5,0,0,0,0,0,0,0,3,1,6,6,1,28,6,1560,2,13,FORD FOCUS,2,E01012525,0,1
2024052401422,2024,052401422,2,9,0,18,19,5,1,0,0,6,0,0,0,0,3,1,6,6,1,38,7,1596,1,11,FORD FOCUS,1,E01006871,0,1
2024440172959,2024,440172959,1,9,0,18,19,5,1,0,0,8,0,0,0,0,1,1,6,6,1,73,10,999,8,0,FORD FOCUS,1,E01017120,0,2
2024451509186,2024,451509186,3,9,0,-1,4,5,1,-1,0,0,0,0,0,0,2,1,-1,6,1,40,7,1499,2,9,FORD FOCUS,6,E01034989,0,5
2024201533114,2024,201533114,1,9,0,-1,19,4,8,-1,0,0,1,0,0,0,1,1,-1,9,2,34,6,999,1,9,FORD FOCUS,-1,-1,0,-1
2024440491822,2024,440491822,2,9,0,4,4,8,4,0,0,1,0,0,0,0,2,1,6,6,1,65,9,1560,2,12,FORD FOCUS,7,E01023150,0,2
2024461410085,2024,461410085,1,9,0,-1,19,5,1,-1,0,0,0,0,0,0,2,9,-1,6,1,50,8,1596,1,21,FORD FOCUS,8,E01001617,0,3
2024501486774,2024,501486774,1,9,0,-1,19,7,3,-1,0,8,1,0,0,0,1,1,-1,6,1,26,6,999,1,4,FORD FOCUS,5,E01020182,0,2
2024061534972,2024,061534972,1,9,0,-1,9,2,8,-1,0,8,0,0,0,0,4,1,-1,1,1,58,9,1388,1,17,FORD FOCUS,1,E01004958,0,1
2024052401153,2024,052401153,3,9,0,3,3,7,3,0,0,1,0,0,0,0,4,1,6,6,2,60,9,999,1,3,FORD FOCUS,2,E01006452,0,1
2024371451224,2024,371451224,1,9,0,-1,19,7,3,-1,0,8,0,0,0,0,1,1,-1,6,1,25,5,1997,2,8,FORD FOCUS,5,E01018196,0,4
2024461443943,2024,461443943,2,9,0,-1,19,4,7,-1,0,0,0,0,0,0,1,1,-1,6,1,37,7,998,1,10,FORD FOCUS,4,E01024593,0,1
2024010530205,2024,010530205,1,9,0,4,4,1,5,0,0,1,0,0,0,0,2,1,6,6,2,31,6,1999,1,18,FORD FOCUS,3,E01000465,0,1
2024421432497,2024,421432497,2,9,0,-1,19,1,5,-1,0,0,0,0,0,0,1,1,-1,9,1,34,6,1997,2,14,FORD FOCUS,7,E01021657,0,1
2024461400197,2024,461400197,1,9,0,-1,9,1,3,-1,0,6,0,0,0,0,1,9,-1,6,1,31,6,1560,2,15,FORD FOCUS,2,E01024670,0,1
2024471426549,2024,471426549,1,9,0,-1,19,3,7,-1,0,0,0,7,0,0,1,1,-1,9,1,69,10,1596,1,15,FORD FOCUS,7,E01031343,0,1
2024201430966,2024,201430966,1,9,0,-1,19,4,8,-1,0,0,0,0,0,0,2,1,-1,6,1,30,6,1596,1,20,FORD FOCUS,-1,-1,0,-1
2024201439316,2024,201439316,1,9,0,-1,19,1,5,-1,0,8,0,0,0,0,1,1,-1,9,1,53,8,1596,1,14,FORD FOCUS,5,E01009765,0,1
2024052400497,2024,052400497,2,9,0,18,19,1,5,0,0,8,0,0,0,0,1,1,2,2,2,20,4,1596,1,15,FORD FOCUS,1,E01006637,0,1
2024311482744,2024,311482744,1,9,0,-1,19,7,3,-1,0,1,0,0,0,0,1,1,-1,6,1,27,6,1596,1,12,FORD FOCUS,4,E01027928,0,1
2024461472315,2024,461472315,1,9,0,-1,19,7,3,-1,0,8,0,0,0,0,1,1,-1,2,1,23,5,1596,1,20,FORD FOCUS,5,E01024728,0,1
2024361516926,2024,361516926,1,9,0,-1,19,1,5,-1,0,1,0,0,0,0,1,1,-1,1,2,51,8,1596,1,18,FORD FOCUS,7,E01026810,0,1
2024231462297,2024,231462297,1,9,0,-1,1,6,2,-1,0,6,0,0,0,0,2,9,-1,6,1,25,5,1753,2,18,FORD FOCUS,-1,-1,0,-1
2024231470665,2024,231470665,2,9,0,-1,4,2,6,-1,0,0,0,0,0,0,2,1,-1,7,2,31,6,1499,2,6,FORD FOCUS,5,E01019866,0,4
2024201520982,2024,201520982,1,9,0,-1,19,1,3,-1,0,0,0,0,0,0,1,2,-1,6,1,59,9,999,1,9,FORD FOCUS,1,E01009349,0,2
2024010516927,2024,010516927,2,9,0,7,7,1,4,0,0,1,0,0,7,0,2,1,6,6,2,46,8,1498,1,7,FORD FOCUS,7,E01002499,0,1
2024010521848,2024,010521848,1,9,0,99,99,9,9,99,99,9,9,99,9,99,2,9,6,6,1,32,6,999,1,9,FORD FOCUS,2,E01001219,0,3
2024421516546,2024,421516546,2,9,0,-1,19,7,3,-1,0,0,0,0,0,0,1,1,-1,9,2,30,6,1596,1,19,FORD FOCUS,3,E01022054,0,3
2024440035056,2024,440035056,1,9,0,5,5,6,8,0,0,6,0,0,0,0,1,1,2,2,2,34,6,998,1,10,FORD FOCUS,1,E01017241,0,1
2024070238705,2024,070238705,1,9,0,11,11,5,1,0,0,0,0,0,0,0,3,1,6,6,1,-1,-1,1560,2,11,FORD FOCUS,1,E01012424,0,2
2024010507673,2024,010507673,5,9,0,3,3,5,1,0,0,8,0,0,0,0,4,2,1,1,3,24,5,1496,1,3,FORD FOCUS,-1,-1,0,-1
2024430103029,2024,430103029,1,9,0,18,19,6,2,0,0,0,0,10,1,4,1,1,6,6,1,39,7,1596,1,17,FORD FOCUS,3,E01016501,0,2
2024430572523,2024,430572523,2,9,0,18,19,4,8,0,0,0,0,0,0,0,1,1,6,6,2,-1,-1,1596,1,18,FORD FOCUS,-1,-1,0,-1
2024332400105,2024,332400105,1,9,0,-1,9,2,8,-1,0,5,0,0,0,0,1,1,-1,6,2,63,9,1796,1,21,FORD FOCUS,6,E01025627,0,1
2024061410709,2024,061410709,3,9,0,-1,19,5,3,-1,0,1,0,0,0,0,0,1,-1,1,1,30,6,2261,1,1,FORD FOCUS,4,E01005730,0,3
2024041477070,2024,041477070,1,9,0,-1,19,1,5,-1,0,2,0,11,7,4,1,1,-1,6,1,16,4,1596,1,17,FORD FOCUS,1,E01025224,0,1
2024531530265,2024,531530265,1,9,0,-1,19,6,2,-1,0,0,0,0,0,0,1,1,-1,2,1,32,6,999,1,4,FORD FOCUS,2,E01022164,0,1
2024522402167,2024,522402167,1,9,0,9,9,1,6,0,0,5,0,0,0,0,1,1,6,6,1,22,5,1596,1,12,FORD FOCUS,2,E01014626,0,1
2024201506906,2024,201506906,1,9,0,-1,19,3,7,-1,0,8,0,0,0,0,4,9,-1,9,1,35,6,999,1,8,FORD FOCUS,1,E01009332,0,1
2024501393676,2024,501393676,2,9,0,-1,2,7,3,-1,-1,0,0,0,0,0,3,1,-1,6,-1,-1,-1,1596,1,13,FORD FOCUS,-1,-1,0,-1
2024041416034,2024,041416034,5,9,0,-1,19,3,7,-1,0,0,0,0,0,0,1,1,-1,6,2,34,6,999,1,7,FORD FOCUS,3,E01025223,0,4
2024991536984,2024,991536984,1,9,0,-1,19,8,4,-1,0,0,0,0,0,0,1,1,-1,9,1,18,4,1499,2,4,FORD FOCUS,7,-1,0,2
2024061433777,2024,061433777,2,9,0,-1,19,3,7,-1,0,0,0,0,0,0,1,1,-1,1,1,31,6,2261,1,1,FORD FOCUS,-1,-1,0,-1
2024010511420,2024,010511420,2,9,0,99,99,9,9,0,0,9,0,0,0,0,1,9,6,6,3,-1,-1,1596,1,19,FORD FOCUS,3,E01034591,0,2
2024161455889,2024,161455889,1,9,0,-1,14,6,2,-1,0,0,0,4,0,0,1,1,-1,9,1,79,11,1753,2,18,FORD FOCUS,9,E01013395,0,4
2024610002924,2024,610002924,1,9,0,18,19,8,4,0,0,0,0,0,0,0,1,1,6,6,1,45,7,1798,1,15,FORD FOCUS,4,W01001149,0,3
2024421501767,2024,421501767,1,9,0,-1,19,4,8,-1,0,1,0,0,0,0,1,1,-1,6,2,41,7,1560,2,13,FORD FOCUS,6,E01021898,0,1
2024371501128,2024,371501128,1,9,0,-1,10,5,1,-1,0,1,0,0,0,0,2,1,-1,9,1,41,7,998,1,10,FORD FOCUS,6,E01030151,0,1
2024201444389,2024,201444389,1,9,0,-1,19,2,6,-1,0,1,0,0,0,0,1,1,-1,6,2,41,7,1499,2,9,FORD FOCUS,1,E01009331,0,1
2024991483618,2024,991483618,1,9,0,-1,19,8,4,-1,0,0,0,0,0,0,1,1,-1,9,1,26,6,1596,1,13,FORD FOCUS,4,-1,0,4
2024201463961,2024,201463961,2,9,0,-1,19,3,7,-1,0,0,2,0,1,2,2,1,-1,6,2,64,9,1796,1,22,FORD FOCUS,9,E01009706,0,2
2024461424303,2024,461424303,1,9,0,-1,19,4,8,-1,0,0,0,0,8,0,4,1,-1,9,1,51,8,1388,1,19,FORD FOCUS,4,E01024372,0,3
2024211421042,2024,211421042,1,9,0,-1,19,3,7,-1,0,0,0,0,0,0,1,9,-1,6,2,30,6,1596,1,14,FORD FOCUS,1,E01032888,0,2
2024141455965,2024,141455965,1,9,0,-1,9,1,6,-1,0,8,0,0,0,0,1,1,-1,9,2,27,6,1499,2,7,FORD FOCUS,6,E01007649,0,2
2024451493322,2024,451493322,1,9,0,-1,1,1,5,-1,0,1,0,0,0,0,2,1,-1,7,2,36,7,1796,1,21,FORD FOCUS,3,E01030914,0,1
2024010521613,2024,010521613,1,9,0,99,99,9,9,99,99,9,9,99,9,99,9,9,6,6,1,41,7,999,1,5,FORD FOCUS,3,E01003379,0,1
2024131458999,2024,131458999,2,9,0,-1,3,3,7,-1,0,2,0,0,0,0,2,1,-1,6,2,37,7,999,1,1,FORD FOCUS,1,E01010624,0,1
2024111487234,2024,111487234,2,9,0,-1,19,5,2,-1,0,0,0,0,0,0,0,1,-1,6,2,36,7,999,1,6,FORD FOCUS,7,E01020637,0,1
2024440130527,2024,440130527,2,9,0,18,19,3,7,0,0,0,0,0,1,4,1,1,6,6,1,39,7,999,1,10,FORD FOCUS,8,E01015332,0,4
2024141439105,2024,141439105,1,9,0,-1,19,4,8,-1,0,0,0,0,0,0,4,1,-1,6,2,-1,-1,999,1,8,FORD FOCUS,-1,-1,0,-1
2024041427728,2024,041427728,2,9,0,-1,10,1,5,-1,0,6,0,0,0,0,3,1,-1,9,1,71,10,1596,1,21,FORD FOCUS,2,E01012732,0,1
2024531468383,2024,531468383,2,9,0,-1,3,7,3,-1,0,1,0,0,0,0,2,1,-1,6,1,43,7,999,1,9,FORD FOCUS,4,E01022800,0,5
2024471419303,2024,471419303,1,9,0,-1,4,2,6,-1,0,0,0,0,0,0,2,1,-1,9,2,45,7,998,1,10,FORD FOCUS,5,E01031373,0,2
2024201405420,2024,201405420,2,9,0,-1,10,2,8,-1,0,8,0,0,0,0,3,1,-1,7,2,27,6,998,1,10,FORD FOCUS,3,E01009835,0,1
2024421417863,2024,421417863,1,9,0,-1,13,7,3,-1,0,0,0,0,0,0,3,1,-1,1,2,33,6,999,1,1,FORD FOCUS,7,E01021544,0,4
2024522402514,2024,522402514,1,9,0,3,3,1,5,0,0,1,0,0,0,0,1,1,6,6,1,23,5,1596,1,20,FORD FOCUS,10,E01014798,0,1
2024161417964,2024,161417964,1,9,0,-1,4,4,8,-1,0,0,0,0,0,0,2,9,-1,2,1,61,9,1596,1,22,FORD FOCUS,1,E01013219,0,1
2024501453088,2024,501453088,1,9,0,-1,19,7,3,-1,0,1,0,0,0,0,1,1,-1,9,1,41,7,1499,2,6,FORD FOCUS,5,E01020279,0,1
2024471493677,2024,471493677,1,9,0,-1,4,1,5,-1,0,2,5,0,1,4,1,1,-1,6,1,33,6,1560,2,17,FORD FOCUS,6,E01031520,0,1
2024201413577,2024,201413577,1,9,0,-1,19,6,2,-1,0,8,0,0,0,0,1,9,-1,6,1,54,8,1997,2,12,FORD FOCUS,5,E01010554,0,3
2024430042946,2024,430042946,1,9,0,18,19,2,6,0,0,3,0,0,0,0,1,1,6,6,1,32,6,1596,1,15,FORD FOCUS,-1,-1,0,-1
2024411533950,2024,411533950,1,9,0,-1,-1,-1,-1,-1,-1,0,-1,-1,-1,0,1,1,-1,6,1,57,9,1999,1,16,FORD FOCUS,7,E01023527,0,1
2024461499611,2024,461499611,2,9,0,-1,19,1,1,-1,0,0,0,0,0,0,1,1,-1,6,1,29,6,1596,1,10,FORD FOCUS,1,E01024614,0,1
2024540853624,2024,540853624,2,9,0,13,13,5,1,0,0,0,0,0,0,0,1,1,6,6,1,71,10,1596,1,15,FORD FOCUS,6,E01029039,0,4
2024311483970,2024,311483970,1,9,0,-1,20,7,3,-1,0,1,0,10,3,10,2,1,-1,9,1,82,11,1596,1,19,FORD FOCUS,4,E01013936,0,1
2024631411669,2024,631411669,2,9,0,-1,19,6,2,-1,0,8,0,0,0,0,1,1,-1,6,1,39,7,1560,2,10,FORD FOCUS,6,W01000565,0,2
2024501436149,2024,501436149,1,9,0,-1,9,3,1,-1,0,1,0,0,0,0,1,1,-1,2,1,25,5,1560,2,15,FORD FOCUS,6,E01018915,0,2
202417H105324,2024,17H105324,1,9,0,-1,19,6,2,-1,0,8,0,0,0,0,1,1,-1,9,2,49,8,1596,1,20,FORD FOCUS,-1,-1,0,-1
2024061436995,2024,061436995,1,9,0,-1,4,8,3,-1,0,1,0,0,0,0,1,1,-1,6,1,32,6,1999,1,6,FORD FOCUS,8,E01006243,0,3
2024131523447,2024,131523447,3,9,0,-1,2,0,0,-1,-1,0,0,0,0,0,1,1,-1,6,-1,-1,-1,1496,1,5,FORD FOCUS,-1,-1,0,-1
2024201513666,2024,201513666,2,9,0,-1,5,7,3,-1,0,8,0,0,0,0,1,1,-1,2,1,53,8,999,1,8,FORD FOCUS,3,E01009674,0,1
2024522402819,2024,522402819,2,9,0,18,19,4,8,0,0,8,0,0,0,0,1,1,6,6,2,21,5,1753,2,15,FORD FOCUS,3,E01014498,0,1
2024201481691,2024,201481691,1,9,0,-1,19,4,8,-1,0,2,0,10,1,1,1,9,-1,6,1,26,6,1560,2,11,FORD FOCUS,1,E01009510,0,1
2024061505461,2024,061505461,2,9,0,-1,8,-1,-1,-1,99,0,0,99,0,0,2,1,-1,6,1,42,7,1596,1,15,FORD FOCUS,3,E01034126,0,1