collision_index,collision_year,collision_ref_no,vehicle_reference,vehicle_type,towing_and_articulation,vehicle_manoeuvre_historic,vehicle_manoeuvre,vehicle_direction_from,vehicle_direction_to,vehicle_location_restricted_lane_historic,vehicle_location_restricted_lane,junction_location,skidding_and_overturning,hit_object_in_carriageway,vehicle_leaving_carriageway,hit_object_off_carriageway,first_point_of_impact,vehicle_left_hand_drive,journey_purpose_of_driver_historic,journey_purpose_of_driver,sex_of_driver,age_of_driver,age_band_of_driver,engine_capacity_cc,propulsion_code,age_of_vehicle,generic_make_model,driver_imd_decile,lsoa_of_driver,escooter_flag,driver_distance_banding
2024531507425,2024,531507425,1,9,0,-1,19,1,5,-1,0,0,0,0,0,0,1,1,-1,6,1,84,11,1596,1,22,FORD FOCUS,6,E01022351,0,1
2024332400657,2024,332400657,2,9,0,-1,4,1,5,-1,0,1,5,0,1,1,2,1,-1,2,1,35,6,1560,2,13,FORD FOCUS,1,E01013693,0,2
2024052401582,2024,052401582,1,9,0,10,10,5,3,0,0,5,0,0,0,0,4,1,6,6,1,48,8,1999,1,6,FORD FOCUS,1,E01006560,0,1
2024161460184,2024,161460184,2,9,0,-1,9,7,5,-1,4,5,0,0,0,0,1,1,-1,6,2,-1,-1,999,8,0,FORD FOCUS,-1,-1,0,-1
2024010498788,2024,010498788,1,9,0,99,99,9,9,99,99,0,9,99,9,99,2,9,6,6,1,31,6,999,8,1,FORD FOCUS,3,E01000090,0,2
2024991410423,2024,991410423,1,9,0,-1,19,2,6,-1,0,0,0,0,7,2,3,1,-1,9,1,76,11,999,1,2,FORD FOCUS,10,-1,0,1
2024440137756,2024,440137756,2,9,0,18,19,6,2,0,0,1,0,0,0,0,1,1,6,6,1,29,6,1596,1,20,FORD FOCUS,5,E01023216,0,1
2024131477038,2024,131477038,2,9,0,-1,19,7,7,-1,0,8,0,0,0,0,1,1,-1,9,2,29,6,1596,1,11,FORD FOCUS,1,E01011366,0,1
2024010510123,2024,010510123,2,9,0,18,19,5,1,0,0,1,0,0,7,3,0,1,6,6,1,22,5,1499,2,6,FORD FOCUS,3,E01000044,0,1
2024531410402,2024,531410402,2,9,0,-1,9,3,7,-1,0,3,0,0,0,0,1,1,-1,6,1,54,8,1560,2,11,FORD FOCUS,5,E01034803,0,1
2024411474696,2024,411474696,2,9,0,-1,19,2,6,-1,0,0,0,0,0,0,1,1,-1,6,1,27,6,1753,2,17,FORD FOCUS,3,E01030115,0,4
2024161427721,2024,161427721,1,9,0,-1,19,2,6,-1,0,0,0,0,0,0,1,1,-1,9,2,25,5,1596,1,13,FORD FOCUS,2,E01013195,0,1
2024221474081,2024,221474081,1,9,0,-1,19,6,2,-1,0,0,0,0,0,0,1,1,-1,6,1,45,7,1499,2,7,FORD FOCUS,-1,-1,0,-1
2024401422740,2024,401422740,2,9,0,-1,3,1,4,-1,0,1,0,0,0,0,2,1,-1,9,2,19,4,1596,1,11,FORD FOCUS,7,E01015719,0,1
2024201456035,2024,201456035,2,9,0,-1,19,6,2,-1,0,0,0,0,0,0,1,9,-1,6,1,41,7,1596,1,19,FORD FOCUS,3,E01031081,0,3
202417S105524,2024,17S105524,2,9,0,-1,12,8,5,-1,0,1,0,0,0,0,3,1,-1,6,1,-1,-1,1798,1,19,FORD FOCUS,-1,-1,0,-1
2024421465272,2024,421465272,3,9,0,-1,3,4,8,-1,0,0,0,0,0,0,2,1,-1,9,1,56,9,2261,1,7,FORD FOCUS,8,E01018677,0,5
2024302400177,2024,302400177,1,9,0,1,1,2,8,0,0,8,0,4,0,0,2,1,1,1,1,21,5,1560,2,13,FORD FOCUS,4,E01005150,0,4
2024451461992,2024,451461992,2,9,0,-1,19,5,1,-1,0,1,0,0,0,0,3,1,-1,9,1,36,7,999,1,7,FORD FOCUS,8,E01035361,0,1
2024332400875,2024,332400875,1,9,0,-1,19,4,8,-1,0,0,0,0,0,0,1,1,-1,2,1,21,5,1798,1,14,FORD FOCUS,1,E01029427,0,4
2024141412170,2024,141412170,1,9,0,-1,19,8,4,-1,0,0,0,0,1,0,1,1,-1,6,1,47,8,999,1,9,FORD FOCUS,6,E01007358,0,1
2024461450093,2024,461450093,1,9,0,-1,3,1,5,-1,0,0,0,0,0,0,1,1,-1,1,2,20,4,999,8,1,FORD FOCUS,5,E01035292,0,1
2024548464924,2024,548464924,1,9,0,5,5,2,6,0,0,4,0,0,0,0,3,1,6,6,2,40,7,1596,1,22,FORD FOCUS,8,E01032095,0,1
2024522403364,2024,522403364,1,9,0,18,19,2,6,0,0,8,0,0,0,0,1,1,6,6,1,53,8,1499,2,7,FORD FOCUS,8,E01029129,0,3
2024010532491,2024,010532491,2,9,0,18,19,1,5,0,0,0,0,0,0,0,4,1,6,6,1,34,6,999,1,1,FORD FOCUS,-1,-1,0,-1
2024010516729,2024,010516729,2,9,0,18,19,5,1,0,0,0,0,4,0,0,1,1,6,6,2,76,11,999,1,4,FORD FOCUS,10,E01000815,0,3
2024501535362,2024,501535362,1,9,0,-1,19,2,6,-1,0,0,0,0,8,11,1,1,-1,2,1,22,5,1753,2,17,FORD FOCUS,6,E01018794,0,3
2024332400959,2024,332400959,1,9,0,-1,19,3,7,-1,0,8,0,0,0,0,1,1,-1,6,2,44,7,1997,2,9,FORD FOCUS,1,E01013730,0,2
2024991530211,2024,991530211,1,9,0,-1,19,2,6,-1,0,0,0,0,7,0,1,1,-1,9,1,71,10,999,1,9,FORD FOCUS,4,-1,0,2
2024361518347,2024,361518347,1,9,0,-1,4,2,6,-1,0,4,0,0,0,0,1,1,-1,1,2,25,5,1596,1,15,FORD FOCUS,3,E01026639,0,4
2024010519923,2024,010519923,1,9,0,18,19,7,3,0,0,1,0,0,1,10,1,1,6,6,1,63,9,1596,1,16,FORD FOCUS,2,E01001528,0,2
2024302401001,2024,302401001,3,9,0,4,4,2,6,0,0,0,0,0,0,0,2,1,6,6,1,-1,-1,1596,1,12,FORD FOCUS,-1,-1,0,-1
2024010526626,2024,010526626,2,9,9,99,99,9,9,99,99,9,9,99,9,99,9,9,6,6,2,27,6,1596,1,13,FORD FOCUS,2,E01001509,0,1
2024201535333,2024,201535333,1,9,0,-1,19,6,2,-1,0,1,0,0,0,0,1,9,-1,6,1,40,7,1560,2,13,FORD FOCUS,-1,-1,0,-1
2024201503187,2024,201503187,2,9,0,-1,19,6,2,-1,0,4,0,0,0,0,3,2,-1,9,1,25,5,999,1,3,FORD FOCUS,-1,-1,0,-1
2024421412863,2024,421412863,1,9,0,-1,19,1,5,-1,0,0,0,0,0,0,1,9,-1,6,2,32,6,999,1,8,FORD FOCUS,3,E01021631,0,3
2024421424271,2024,421424271,2,9,0,-1,19,5,2,-1,0,1,0,0,0,0,1,1,-1,9,2,26,6,1596,1,11,FORD FOCUS,3,E01021300,0,3
2024061414508,2024,061414508,2,9,0,-1,2,0,0,-1,0,1,0,0,0,0,1,1,-1,9,2,19,4,1596,1,22,FORD FOCUS,1,E01005615,0,1
2024340WN4892,2024,340WN4892,2,9,0,-1,9,7,5,-1,0,6,0,0,0,0,1,1,-1,1,1,38,7,1560,2,11,FORD FOCUS,1,E01009651,0,4
2024610043424,2024,610043424,1,9,0,2,2,0,0,6,6,0,0,0,0,0,2,1,1,1,1,60,9,1499,2,4,FORD FOCUS,2,W01001414,0,3
2024461534430,2024,461534430,1,9,0,-1,19,4,8,-1,0,2,0,0,0,0,4,9,-1,6,1,25,5,999,1,8,FORD FOCUS,6,E01016057,0,1
2024461485188,2024,461485188,3,9,0,-1,2,0,0,-1,0,2,0,0,0,0,1,1,-1,6,2,24,5,999,1,5,FORD FOCUS,9,E01035291,0,1
2024010524425,2024,010524425,2,9,0,5,5,7,3,0,0,4,0,0,0,0,3,1,6,6,2,66,10,1596,1,17,FORD FOCUS,2,E01004129,0,1
2024991472579,2024,991472579,1,9,0,-1,19,8,7,-1,0,0,0,0,0,0,1,1,-1,9,2,32,6,1499,2,7,FORD FOCUS,1,-1,0,2
2024201452600,2024,201452600,2,9,0,-1,19,3,7,-1,0,8,0,0,0,0,3,9,-1,6,2,39,7,1560,2,10,FORD FOCUS,2,E01010562,0,2
2024141455965,2024,141455965,2,9,0,-1,19,6,1,-1,0,1,0,0,0,0,1,1,-1,9,2,24,5,1560,2,12,FORD FOCUS,2,E01007656,0,2
2024440405314,2024,440405314,3,9,0,2,2,0,0,0,0,0,0,0,0,0,1,1,6,6,3,-1,-1,1499,2,3,FORD FOCUS,-1,-1,0,-1
2024161396754,2024,161396754,2,9,0,-1,7,3,5,-1,0,5,0,0,0,0,2,9,-1,6,1,62,9,1999,1,17,FORD FOCUS,5,E01004366,0,5
2024440261823,2024,440261823,2,9,0,9,9,1,7,0,0,5,0,0,0,0,4,1,6,6,1,74,10,1988,1,23,FORD FOCUS,4,E01017022,0,1
2024332400911,2024,332400911,1,9,0,-1,19,4,8,-1,0,0,1,0,7,4,1,1,-1,6,1,59,9,1999,1,8,FORD FOCUS,7,E01025812,0,2
2024522401948,2024,522401948,2,9,0,18,19,5,1,0,0,0,0,0,0,0,1,1,6,6,1,46,8,1498,1,7,FORD FOCUS,8,E01030687,0,5
2024411452428,2024,411452428,1,9,0,-1,4,7,3,-1,0,0,0,0,0,0,1,1,-1,2,1,41,7,1499,2,7,FORD FOCUS,10,E01035587,0,3
2024361417738,2024,361417738,2,9,0,-1,9,-1,-1,-1,0,0,0,0,0,0,3,1,-1,9,1,27,6,1596,1,9,FORD FOCUS,10,E01026812,0,1
202454D062424,2024,54D062424,1,9,0,18,19,4,1,0,0,8,0,0,0,0,1,1,6,6,1,68,10,1997,2,14,FORD FOCUS,9,E01032706,0,1
2024010502806,2024,010502806,2,9,5,6,6,1,1,0,0,8,0,0,1,0,1,1,6,6,1,30,6,998,1,11,FORD FOCUS,3,E01003479,0,1
2024440133574,2024,440133574,2,9,0,4,4,3,7,0,0,1,0,0,0,0,0,1,6,6,1,37,7,1596,1,13,FORD FOCUS,5,E01023262,0,2
2024010524776,2024,010524776,1,9,0,18,19,5,1,0,0,0,0,0,0,0,4,1,6,6,1,57,9,1596,1,17,FORD FOCUS,2,E01001081,0,1
2024201473389,2024,201473389,1,9,0,-1,19,3,1,-1,0,1,0,10,0,0,3,1,-1,1,1,25,5,1596,1,19,FORD FOCUS,5,E01008982,0,1
2024461498537,2024,461498537,1,9,0,-1,19,8,4,-1,0,1,0,0,0,0,1,9,-1,6,3,-1,-1,1997,2,8,FORD FOCUS,-1,-1,0,-1
2024221475134,2024,221475134,2,9,0,-1,19,5,1,-1,0,0,0,0,0,0,3,1,-1,6,2,45,7,1560,2,12,FORD FOCUS,5,E01029011,0,1
2024071016485,2024,071016485,2,9,0,-1,19,5,1,-1,0,0,1,0,0,0,3,1,-1,2,1,37,7,1560,2,10,FORD FOCUS,3,E01012368,0,1
2024010501079,2024,010501079,1,9,0,9,9,2,8,0,0,1,0,0,0,0,3,1,6,6,2,35,6,999,1,2,FORD FOCUS,10,E01002920,0,1
2024631514462,2024,631514462,2,9,0,-1,19,1,5,-1,0,0,0,0,0,0,1,1,-1,9,2,61,9,1753,2,17,FORD FOCUS,7,W01000453,0,1
2024991433555,2024,991433555,1,9,0,-1,8,7,1,-1,0,6,0,0,0,0,1,1,-1,6,2,29,6,998,1,11,FORD FOCUS,1,-1,0,2
2024622400418,2024,622400418,2,9,0,18,19,1,5,0,0,1,0,0,0,0,1,1,2,2,1,68,10,1596,1,19,FORD FOCUS,6,W01001814,0,1
2024131480634,2024,131480634,1,9,0,-1,13,1,5,-1,0,0,0,0,7,11,1,1,-1,9,1,27,6,1999,1,7,FORD FOCUS,1,E01010623,0,2
2024052400287,2024,052400287,2,9,0,18,19,6,2,0,0,8,0,0,1,11,1,1,6,6,1,24,5,999,1,4,FORD FOCUS,1,E01007085,0,3
2024622400080,2024,622400080,3,9,0,18,19,7,3,0,0,0,0,0,0,0,2,1,6,6,1,58,9,999,1,4,FORD FOCUS,7,W01001757,0,1
2024440196163,2024,440196163,3,9,0,2,2,0,0,0,0,0,0,0,0,0,1,1,6,6,1,49,8,999,1,8,FORD FOCUS,-1,-1,0,-1
2024451514420,2024,451514420,1,9,0,-1,3,7,3,-1,0,1,0,99,0,0,2,1,-1,9,2,51,8,1596,1,15,FORD FOCUS,8,E01030537,0,3
2024010504158,2024,010504158,1,9,0,12,12,3,7,0,0,0,0,0,0,0,3,1,6,6,2,24,5,1596,1,17,FORD FOCUS,2,E01003335,0,2
2024340NN0612,2024,340NN0612,2,9,0,-1,19,3,7,-1,0,8,0,0,0,0,1,1,-1,2,1,32,6,1560,2,13,FORD FOCUS,3,E01027058,0,1
2024141515816,2024,141515816,3,9,0,-1,19,4,7,-1,0,0,0,0,0,0,1,1,-1,9,1,80,11,1596,1,13,FORD FOCUS,2,E01008101,0,4
2024401401630,2024,401401630,2,9,0,-1,4,1,5,-1,0,0,0,0,0,0,2,9,-1,1,2,41,7,1499,2,5,FORD FOCUS,2,E01017509,0,3
2024421512012,2024,421512012,2,9,0,-1,7,5,3,-1,0,8,0,0,0,0,4,1,-1,9,1,38,7,999,8,0,FORD FOCUS,9,E01021626,0,3
2024311461663,2024,311461663,3,8,0,-1,7,1,7,-1,0,0,0,0,0,0,4,1,-1,1,1,43,7,1498,1,6,FORD FOCUS,-1,-1,0,-1
2024430437081,2024,430437081,1,9,0,18,19,3,7,0,0,0,0,0,0,0,4,1,6,6,1,32,6,1560,2,10,FORD FOCUS,-1,-1,0,-1
2024421492390,2024,421492390,2,9,0,-1,9,3,8,-1,0,3,0,0,0,0,1,1,-1,9,2,25,5,1560,2,12,FORD FOCUS,9,E01021926,0,2
2024101520291,2024,101520291,1,9,0,-1,9,2,7,-1,0,8,0,0,0,0,1,1,-1,9,1,88,11,999,1,9,FORD FOCUS,8,E01008586,0,1
2024101398264,2024,101398264,2,9,0,-1,19,2,6,-1,0,8,0,0,0,0,1,1,-1,9,2,38,7,1560,2,15,FORD FOCUS,4,E01027373,0,3
2024311511112,2024,311511112,2,9,0,-1,19,3,7,-1,0,8,0,0,0,0,1,9,-1,6,3,-1,-1,1560,2,11,FORD FOCUS,-1,-1,0,-1
2024501419004,2024,501419004,2,9,0,-1,19,6,2,-1,0,0,0,0,0,0,1,1,-1,6,2,20,4,1560,2,13,FORD FOCUS,4,E01020303,0,1
2024440339532,2024,440339532,2,9,0,5,5,8,8,-1,-1,6,0,0,0,0,1,1,6,6,1,30,6,1498,1,7,FORD FOCUS,-1,-1,0,-1
2024141499974,2024,141499974,2,9,0,-1,19,7,3,-1,0,2,0,0,0,0,4,9,-1,6,3,-1,-1,1988,1,20,FORD FOCUS,-1,-1,0,-1
2024471451368,2024,471451368,1,9,0,-1,19,6,2,-1,0,0,5,0,7,4,1,1,-1,1,1,59,9,1997,2,12,FORD FOCUS,10,E01021192,0,2
2024071048393,2024,071048393,2,9,0,-1,19,2,6,-1,0,0,0,0,0,0,1,1,-1,2,1,62,9,999,1,9,FORD FOCUS,10,E01012559,0,1
2024302400408,2024,302400408,1,9,0,9,9,1,6,0,0,8,0,0,0,0,1,1,6,6,2,36,7,1596,1,19,FORD FOCUS,2,E01028259,0,1
2024302400329,2024,302400329,3,9,0,4,4,1,5,0,0,1,0,0,0,0,1,1,6,6,1,45,7,1560,2,10,FORD FOCUS,6,E01027946,0,1
2024141427767,2024,141427767,1,9,0,-1,1,1,4,-1,0,1,0,0,0,0,0,9,-1,6,2,66,10,998,1,11,FORD FOCUS,-1,-1,0,-1
2024010509583,2024,010509583,1,9,0,99,99,9,9,99,99,0,9,99,9,99,9,1,6,6,3,-1,-1,998,1,10,FORD FOCUS,6,E01002358,0,2
2024421464401,2024,421464401,1,9,0,-1,13,3,7,-1,0,1,1,0,7,0,1,1,-1,1,1,24,5,999,1,1,FORD FOCUS,6,E01021502,0,1
2024320108773,2024,320108773,1,9,0,7,7,2,4,0,0,5,0,0,0,0,3,1,6,6,1,-1,-1,1560,2,11,FORD FOCUS,-1,-1,0,-1
2024371515873,2024,371515873,1,9,0,-1,19,2,6,-1,0,0,0,0,0,0,1,1,-1,6,1,34,6,1596,1,17,FORD FOCUS,7,E01029974,0,1
2024131420334,2024,131420334,1,9,0,-1,19,5,1,-1,0,8,0,0,0,0,1,1,-1,6,3,-1,-1,1560,2,10,FORD FOCUS,-1,-1,0,-1
2024201491660,2024,201491660,1,9,0,-1,19,6,2,-1,0,1,0,0,0,0,1,1,-1,6,1,-1,-1,1560,2,11,FORD FOCUS,-1,-1,0,-1
2024471533260,2024,471533260,1,9,0,-1,19,3,7,-1,0,1,0,0,0,0,1,1,-1,6,1,-1,-1,1753,2,18,FORD FOCUS,-1,-1,0,-1
2024421462385,2024,421462385,1,9,0,-1,15,1,5,-1,0,8,0,0,0,0,1,1,-1,9,2,66,10,1596,1,23,FORD FOCUS,5,E01021487,0,1
2024311464455,2024,311464455,2,9,0,-1,19,2,6,-1,0,0,0,0,0,0,1,1,-1,6,2,29,6,1596,1,14,FORD FOCUS,1,E01028066,0,1
2024461425571,2024,461425571,1,9,0,-1,19,7,3,-1,0,1,0,0,0,0,1,9,-1,6,1,47,8,1596,1,11,FORD FOCUS,7,E01024133,0,1
202454D369524,2024,54D369524,2,9,0,4,4,2,6,0,0,0,0,0,0,0,2,1,6,6,2,28,6,1997,2,17,FORD FOCUS,10,E01031903,0,1
2024131428995,2024,131428995,2,9,0,-1,19,5,1,-1,0,0,0,0,0,0,4,1,-1,6,2,25,5,999,1,6,FORD FOCUS,2,E01011379,0,1
2024332401177,2024,332401177,1,9,0,-1,19,7,3,-1,0,0,0,0,0,0,1,1,-1,9,1,79,11,999,1,6,FORD FOCUS,9,E01025893,0,1
2024991496860,2024,991496860,1,9,0,-1,19,3,6,-1,0,2,0,4,0,0,1,1,-1,1,1,62,9,999,1,2,FORD FOCUS,4,-1,0,4
2024340NN0092,2024,340NN0092,1,9,0,-1,5,1,5,-1,0,4,0,0,0,0,1,1,-1,6,2,46,8,999,1,5,FORD FOCUS,4,E01035429,0,1
2024131463180,2024,131463180,2,9,0,-1,9,3,1,-1,0,8,0,0,0,0,4,1,-1,9,1,27,6,1596,1,13,FORD FOCUS,8,E01011174,0,2
2024221509262,2024,221509262,1,9,0,-1,19,8,4,-1,0,0,0,0,0,0,4,1,-1,2,1,53,8,1997,2,11,FORD FOCUS,4,E01032282,0,2
2024340NN2272,2024,340NN2272,3,9,0,-1,19,2,6,-1,0,8,0,0,0,0,1,1,-1,6,1,41,7,1596,1,16,FORD FOCUS,3,E01027111,0,2
2024201469026,2024,201469026,1,9,0,-1,19,4,8,-1,0,0,0,10,1,0,1,1,-1,6,1,26,6,999,1,0,FORD FOCUS,9,E01009665,0,1
202454D723624,2024,54D723624,1,9,0,4,4,8,4,0,0,0,0,0,0,0,1,1,6,6,1,18,4,999,8,1,FORD FOCUS,8,E01015498,0,1
2024991500189,2024,991500189,2,8,0,-1,19,5,5,-1,9,4,0,0,0,0,3,1,-1,1,2,35,6,1499,2,6,FORD FOCUS,-1,-1,0,-1
2024531471356,2024,531471356,2,9,0,-1,19,2,6,-1,0,0,0,0,0,0,1,1,-1,9,2,54,8,998,1,12,FORD FOCUS,1,E01022319,0,2
2024010534709,2024,010534709,1,9,0,99,99,9,9,99,99,9,9,99,9,99,1,9,6,6,3,-1,-1,1596,1,13,FORD FOCUS,-1,-1,0,-1
2024461528602,2024,461528602,1,9,0,-1,4,8,3,-1,0,1,0,0,0,0,1,1,-1,9,1,63,9,1596,1,15,FORD FOCUS,6,E01024830,0,1
2024131408739,2024,131408739,2,9,0,-1,19,7,3,-1,0,0,2,0,0,0,1,1,-1,9,1,32,6,1560,2,10,FORD FOCUS,3,E01030278,0,5
2024991505112,2024,991505112,1,9,0,-1,6,7,3,-1,0,0,0,0,1,0,3,1,-1,9,2,25,5,1560,2,12,FORD FOCUS,6,-1,0,5
2024221476807,2024,221476807,1,9,0,-1,19,1,5,-1,0,0,0,0,0,0,1,9,-1,6,2,59,9,1499,2,8,FORD FOCUS,5,E01014158,0,1
2024211455025,2024,211455025,2,9,0,-1,19,7,6,-1,0,6,0,0,0,0,4,1,-1,6,2,38,7,1596,1,18,FORD FOCUS,1,E01014275,0,3
2024421398114,2024,421398114,1,9,0,-1,19,1,3,-1,0,0,2,4,1,0,1,1,-1,6,1,37,7,1596,1,14,FORD FOCUS,5,E01021241,0,1
2024461506358,2024,461506358,2,9,0,-1,3,4,6,-1,0,4,0,0,0,0,2,1,-1,2,1,35,6,1596,1,16,FORD FOCUS,9,E01032813,0,1
202460Q051258,2024,60Q051258,1,9,0,17,19,2,6,0,0,0,5,0,2,4,1,1,6,6,2,41,7,1596,1,15,FORD FOCUS,-1,-1,0,-1
2024440309681,2024,440309681,2,9,0,17,19,5,3,0,0,8,0,0,0,0,3,1,6,6,3,-1,-1,1499,2,6,FORD FOCUS,-1,-1,0,-1
2024010506011,2024,010506011,2,9,0,99,99,9,9,99,99,9,9,99,9,99,1,9,6,6,3,-1,-1,998,1,12,FORD FOCUS,-1,-1,0,-1
2024421535756,2024,421535756,2,9,0,-1,19,2,6,-1,0,0,0,0,0,0,2,1,-1,6,2,43,7,998,1,11,FORD FOCUS,4,E01021984,0,4
2024421480073,2024,421480073,1,9,0,-1,9,6,4,-1,0,0,0,0,0,0,4,1,-1,9,2,64,9,1596,1,24,FORD FOCUS,8,E01021708,0,1
2024471416048,2024,471416048,1,9,0,-1,-1,-1,-1,-1,0,8,0,0,0,0,-1,9,-1,6,3,-1,-1,999,1,1,FORD FOCUS,-1,-1,0,-1
2024440133574,2024,440133574,3,9,0,18,19,3,7,0,0,1,0,0,0,0,1,1,6,6,1,37,7,1596,1,15,FORD FOCUS,5,E01023262,0,2
2024010504320,2024,010504320,2,9,0,99,99,9,9,99,99,9,9,99,9,99,2,9,6,6,3,-1,-1,1596,1,15,FORD FOCUS,-1,-1,0,-1
2024010529887,2024,010529887,1,9,0,99,99,9,9,99,99,9,9,99,9,99,1,9,6,6,1,47,8,1596,1,10,FORD FOCUS,8,E01001100,0,2
2024010510083,2024,010510083,2,9,0,99,99,9,9,99,99,9,9,99,9,99,9,9,6,6,3,-1,-1,1596,1,20,FORD FOCUS,-1,-1,0,-1
2024991463793,2024,991463793,1,9,0,-1,19,7,5,-1,0,2,1,0,7,0,1,1,-1,9,2,77,11,1596,1,17,FORD FOCUS,4,-1,0,1
2024311464572,2024,311464572,1,9,0,-1,1,8,7,-1,0,0,0,0,0,0,3,1,-1,6,1,81,11,1596,1,17,FORD FOCUS,2,E01026113,0,4
2024231414461,2024,231414461,1,9,0,-1,5,8,4,-1,0,6,0,0,0,0,4,9,-1,1,1,45,7,998,1,12,FORD FOCUS,4,E01031060,0,1
2024041428016,2024,041428016,1,9,0,-1,19,3,7,-1,0,1,0,0,0,0,1,1,-1,2,1,33,6,999,1,8,FORD FOCUS,6,E01025078,0,3
2024351495356,2024,351495356,1,9,0,-1,9,4,2,-1,0,1,0,0,0,0,1,1,-1,2,1,31,6,1596,1,15,FORD FOCUS,2,E01018144,0,1
2024522402354,2024,522402354,2,9,0,16,19,5,8,0,0,0,0,0,0,0,1,1,6,6,1,24,5,1596,1,10,FORD FOCUS,3,E01014624,0,1
2024440418926,2024,440418926,1,9,0,5,5,1,5,0,0,1,0,0,0,0,1,1,6,6,1,39,7,1596,1,11,FORD FOCUS,6,E01017047,0,1
2024471495286,2024,471495286,1,9,0,-1,11,7,3,-1,0,0,0,0,0,0,2,1,-1,2,1,24,5,1560,2,13,FORD FOCUS,8,E01031420,0,2
2024622400362,2024,622400362,1,9,0,4,4,2,6,0,0,0,0,0,0,0,1,1,6,6,1,37,7,1560,2,11,FORD FOCUS,3,W01001265,0,2
2024471437629,2024,471437629,1,9,0,-1,9,7,5,-1,0,6,0,0,0,0,3,1,-1,9,1,53,8,1596,1,10,FORD FOCUS,5,E01031571,0,2
2024211429250,2024,211429250,1,9,-1,-1,19,6,2,-1,-1,-1,-1,-1,-1,0,-1,1,-1,6,1,27,6,1560,2,14,FORD FOCUS,1,E01014210,0,1
2024061442456,2024,061442456,1,9,0,-1,19,4,7,-1,0,2,0,0,0,0,1,1,-1,6,2,48,8,999,1,5,FORD FOCUS,7,E01006089,0,2
2024211513745,2024,211513745,1,9,0,-1,5,3,7,-1,0,2,0,0,0,0,3,1,-1,6,2,27,6,999,1,1,FORD FOCUS,2,E01029346,0,1
2024991536324,2024,991536324,3,9,0,-1,19,6,2,-1,0,0,1,0,0,0,1,1,-1,9,1,63,9,999,1,6,FORD FOCUS,2,-1,0,2
2024052400351,2024,052400351,2,9,0,18,19,5,1,0,0,1,0,0,0,0,1,1,6,6,1,48,8,1499,2,9,FORD FOCUS,3,E01006959,0,1
2024421422273,2024,421422273,2,9,0,-1,19,1,5,-1,0,1,0,0,0,0,1,1,-1,6,2,31,6,1596,1,18,FORD FOCUS,6,E01021980,0,3
2024471436242,2024,471436242,1,9,0,-1,19,5,1,-1,0,1,0,0,0,0,1,1,-1,6,3,-1,-1,1596,1,17,FORD FOCUS,-1,-1,0,-1
2024070390372,2024,070390372,2,9,0,9,9,7,3,0,0,8,0,0,0,0,3,1,1,1,1,69,10,1499,2,6,FORD FOCUS,5,E01007288,0,4
2024201574901,2024,201574901,3,9,0,-1,19,1,5,-1,0,0,0,0,1,0,4,1,-1,9,1,51,8,999,1,1,FORD FOCUS,-1,-1,0,-1
2024010501853,2024,010501853,2,9,0,99,99,9,9,99,99,9,9,99,9,99,1,9,6,6,3,-1,-1,1596,1,13,FORD FOCUS,-1,-1,0,-1
2024010544987,2024,010544987,1,9,0,6,6,5,5,0,0,1,0,0,0,0,3,1,6,6,1,34,6,999,1,6,FORD FOCUS,8,E01021791,0,4
2024010546717,2024,010546717,1,9,0,16,19,1,5,0,0,8,0,0,0,0,1,1,6,6,1,21,5,998,1,10,FORD FOCUS,3,E01032562,0,1
2024052401262,2024,052401262,1,9,0,18,19,6,2,0,0,0,0,4,7,5,1,1,6,6,1,46,8,1596,1,22,FORD FOCUS,4,E01006843,0,1
2024201462077,2024,201462077,1,9,0,-1,19,6,2,-1,0,0,0,0,0,0,1,1,-1,6,1,45,7,998,1,10,FORD FOCUS,5,E01010160,0,1
2024471536570,2024,471536570,1,9,0,-1,19,7,3,-1,0,1,0,0,0,0,1,1,-1,1,1,22,5,1995,2,3,FORD FOCUS,2,E01016949,0,2
2024332400041,2024,332400041,1,9,0,-1,5,7,5,-1,0,1,0,0,0,0,3,1,-1,2,2,43,7,1596,1,18,FORD FOCUS,9,E01035100,0,1
2024010501725,2024,010501725,1,9,0,18,19,3,7,0,0,8,0,0,0,0,2,1,2,2,2,26,6,999,1,5,FORD FOCUS,4,E01002643,0,2
2024332400914,2024,332400914,1,9,0,-1,19,3,7,-1,0,0,0,0,0,0,1,1,-1,6,1,59,9,999,1,8,FORD FOCUS,5,E01013741,0,1
2024201455283,2024,201455283,2,9,0,-1,7,3,5,-1,0,6,0,0,0,0,2,9,-1,2,2,31,6,999,1,9,FORD FOCUS,1,E01009026,0,2
2024111474968,2024,111474968,1,9,0,-1,5,1,5,-1,0,0,0,0,0,0,1,1,-1,9,1,26,6,1560,2,12,FORD FOCUS,2,E01020835,0,1
2024430402404,2024,430402404,2,9,0,18,19,4,8,0,0,0,1,0,1,7,3,1,1,1,1,24,5,998,1,11,FORD FOCUS,7,E01028432,0,4
2024522401964,2024,522401964,1,9,0,18,19,6,2,0,0,0,0,0,0,0,1,1,6,6,1,49,8,1596,1,15,FORD FOCUS,6,E01014865,0,1