collision_index,collision_year,collision_ref_no,vehicle_reference,vehicle_type,towing_and_articulation,vehicle_manoeuvre_historic,vehicle_manoeuvre,vehicle_direction_from,vehicle_direction_to,vehicle_location_restricted_lane_historic,vehicle_location_restricted_lane,junction_location,skidding_and_overturning,hit_object_in_carriageway,vehicle_leaving_carriageway,hit_object_off_carriageway,first_point_of_impact,vehicle_left_hand_drive,journey_purpose_of_driver_historic,journey_purpose_of_driver,sex_of_driver,age_of_driver,age_band_of_driver,engine_capacity_cc,propulsion_code,age_of_vehicle,generic_make_model,driver_imd_decile,lsoa_of_driver,escooter_flag,driver_distance_banding
2024541640724,2024,541640724,1,9,0,18,19,4,8,0,0,8,1,0,1,7,1,1,6,6,1,50,8,1596,1,14,FORD FOCUS,7,E01032016,0,3
2024471532823,2024,471532823,1,9,0,-1,5,5,1,-1,0,1,0,0,0,0,1,1,-1,9,1,77,11,998,1,10,FORD FOCUS,6,E01031376,0,1
2024440418926,2024,440418926,2,9,0,18,19,7,3,0,0,8,0,0,0,0,4,1,6,6,1,37,7,999,1,5,FORD FOCUS,3,E01017099,0,1
2024461468321,2024,461468321,1,9,0,-1,19,1,5,-1,0,0,0,0,0,0,1,9,-1,6,1,-1,-1,1596,1,12,FORD FOCUS,-1,-1,0,-1
2024010539409,2024,010539409,2,9,9,99,99,9,9,99,99,9,9,99,9,99,9,9,6,6,3,-1,-1,1798,1,18,FORD FOCUS,-1,-1,0,-1
2024371455782,2024,371455782,2,9,0,-1,2,-1,-1,-1,0,0,0,0,0,0,2,1,-1,9,1,55,8,1560,2,16,FORD FOCUS,9,E01022099,0,3
2024010524219,2024,010524219,2,9,0,99,99,9,9,99,99,0,9,99,9,99,1,9,6,6,2,80,11,1596,1,9,FORD FOCUS,3,E01004409,0,4
2024332401120,2024,332401120,3,9,0,-1,2,0,0,-1,0,0,0,0,0,0,4,1,-1,6,3,-1,-1,1560,2,11,FORD FOCUS,-1,-1,0,-1
2024201478499,2024,201478499,2,9,0,-1,19,3,7,-1,0,2,0,0,0,0,1,1,-1,6,1,62,9,1560,2,12,FORD FOCUS,9,E01009899,0,2
2024010530820,2024,010530820,1,9,0,6,6,5,5,0,0,8,0,0,0,0,3,1,6,6,1,20,4,999,1,9,FORD FOCUS,2,E01003243,0,3
2024131453122,2024,131453122,1,9,0,-1,19,1,5,-1,0,8,1,0,1,3,1,1,-1,9,1,19,4,1596,1,17,FORD FOCUS,9,E01011404,0,1
2024501434952,2024,501434952,1,9,0,-1,19,5,1,-1,0,1,0,0,0,0,4,2,-1,6,1,74,10,999,1,7,FORD FOCUS,4,E01015169,0,1
2024552401403,2024,552401403,1,9,0,18,19,7,3,0,0,0,0,0,0,0,1,1,6,6,1,85,11,1997,2,17,FORD FOCUS,6,E01020432,0,1
2024010512753,2024,010512753,2,9,0,99,99,9,9,99,99,0,9,99,9,99,9,9,6,6,1,30,6,1596,1,20,FORD FOCUS,3,E01003819,0,3
2024531465712,2024,531465712,2,9,0,-1,9,2,3,-1,0,1,0,0,0,0,3,1,-1,7,2,36,7,1798,1,18,FORD FOCUS,8,E01022387,0,2
2024010538969,2024,010538969,2,9,0,5,5,1,5,0,0,8,0,0,0,0,3,1,2,2,2,65,9,1596,1,22,FORD FOCUS,8,E01000419,0,1
2024440329296,2024,440329296,1,9,0,18,19,8,4,0,0,1,0,0,0,0,1,1,6,6,3,-1,-1,2521,1,17,FORD FOCUS,-1,-1,0,-1
2024451500307,2024,451500307,2,9,0,-1,19,3,7,-1,0,1,0,0,0,0,1,1,-1,9,1,26,6,1999,1,8,FORD FOCUS,8,E01030556,0,2
2024991435234,2024,991435234,1,9,0,-1,19,5,2,-1,0,6,0,0,0,0,1,1,-1,6,2,55,8,999,1,10,FORD FOCUS,8,-1,0,1
2024161451644,2024,161451644,2,9,0,-1,19,2,6,-1,0,0,0,0,0,0,1,1,-1,9,2,36,7,1560,2,15,FORD FOCUS,4,E01013079,0,4
2024061510817,2024,061510817,2,9,0,-1,19,7,1,-1,0,0,0,0,0,0,3,1,-1,6,1,63,9,999,1,1,FORD FOCUS,8,E01004778,0,1
2024340WN6652,2024,340WN6652,2,9,0,-1,19,3,7,-1,0,8,0,0,0,0,1,1,-1,9,2,33,6,999,1,4,FORD FOCUS,9,E01027208,0,1
2024010497775,2024,010497775,2,9,0,9,9,1,6,0,0,8,0,0,0,0,1,1,6,6,1,22,5,1596,1,12,FORD FOCUS,2,E01003940,0,1
2024451439862,2024,451439862,1,9,0,-1,3,5,1,-1,2,0,0,99,0,0,2,1,-1,9,2,49,8,999,1,5,FORD FOCUS,5,E01030569,0,2
2024451490659,2024,451490659,2,9,0,-1,19,3,7,-1,0,8,0,0,0,0,1,1,-1,2,1,52,8,999,1,8,FORD FOCUS,4,E01002559,0,1
2024361510377,2024,361510377,1,9,0,-1,10,3,1,-1,0,1,0,0,0,0,4,1,-1,6,1,86,11,1596,1,16,FORD FOCUS,7,E01026885,0,2
2024041429372,2024,041429372,1,9,0,-1,19,5,1,-1,0,0,5,10,0,0,1,1,-1,9,2,24,5,1753,2,15,FORD FOCUS,7,E01012636,0,1
2024440141494,2024,440141494,1,9,0,18,19,2,6,0,0,1,0,0,0,0,1,1,6,6,1,22,5,1499,2,8,FORD FOCUS,2,E01027339,0,5
2024131511677,2024,131511677,3,9,0,-1,2,0,0,-1,0,0,0,0,0,0,1,1,-1,6,-1,-1,-1,1499,2,9,FORD FOCUS,-1,-1,0,-1
2024440065699,2024,440065699,1,9,0,18,19,6,2,0,0,0,0,0,0,0,1,1,2,2,2,55,8,1499,2,7,FORD FOCUS,9,E01022572,0,1
2024991470488,2024,991470488,1,9,0,-1,19,1,5,-1,0,0,0,0,0,0,1,1,-1,9,1,24,5,1560,2,12,FORD FOCUS,7,-1,0,4
2024061431975,2024,061431975,2,9,0,-1,19,-1,-1,-1,0,0,0,0,0,0,1,1,-1,6,2,-1,-1,1796,1,20,FORD FOCUS,6,E01006146,0,1
2024041450694,2024,041450694,2,9,0,-1,19,1,5,-1,0,0,1,0,0,0,3,1,-1,9,2,22,5,1596,1,20,FORD FOCUS,6,E01006988,0,3
2024061507765,2024,061507765,1,9,0,-1,15,2,7,-1,0,0,0,0,0,0,3,1,-1,9,1,24,5,1997,2,6,FORD FOCUS,1,E01005342,0,2
2024501437173,2024,501437173,1,9,0,-1,6,4,4,-1,0,8,0,0,0,0,3,2,-1,9,2,38,7,999,1,4,FORD FOCUS,6,E01027689,0,5
2024361427059,2024,361427059,2,9,0,-1,4,3,7,-1,0,0,0,0,0,0,2,1,-1,6,1,52,8,999,1,3,FORD FOCUS,-1,-1,0,-1
2024161447246,2024,161447246,2,9,0,-1,3,4,8,-1,0,1,0,0,0,0,1,9,-1,6,1,-1,-1,1596,1,18,FORD FOCUS,2,E01013202,0,1
2024101404635,2024,101404635,2,9,0,-1,19,5,1,-1,0,0,0,0,0,0,2,1,-1,2,2,43,7,998,1,10,FORD FOCUS,6,E01027532,0,1
2024070025812,2024,070025812,2,9,0,18,19,4,8,0,0,7,0,0,0,0,2,1,6,6,2,29,6,1496,1,5,FORD FOCUS,1,E01006753,0,2
2024451421703,2024,451421703,2,9,0,-1,5,3,2,-1,0,4,0,0,0,0,4,1,-1,6,1,39,7,2261,1,5,FORD FOCUS,-1,-1,0,-1
2024471523721,2024,471523721,1,9,0,-1,19,3,7,-1,0,8,0,0,0,0,3,1,-1,9,2,71,10,1997,2,10,FORD FOCUS,7,E01031837,0,1
2024010517414,2024,010517414,1,9,0,2,2,0,0,0,0,0,0,0,0,0,1,1,6,6,3,-1,-1,1596,1,12,FORD FOCUS,-1,-1,0,-1
2024501494456,2024,501494456,2,9,0,-1,19,2,6,-1,0,1,0,0,7,0,1,1,-1,1,2,42,7,1596,1,18,FORD FOCUS,7,E01018814,0,2
2024311532676,2024,311532676,2,9,-1,-1,-1,-1,-1,-1,-1,-1,-1,-1,-1,0,-1,9,-1,1,2,54,8,1596,1,22,FORD FOCUS,-1,-1,0,-1
2024332400325,2024,332400325,2,9,0,-1,3,4,8,-1,0,1,0,0,0,0,2,1,-1,2,2,40,7,1388,1,18,FORD FOCUS,4,E01025943,0,4
2024052402713,2024,052402713,2,9,0,1,1,5,1,0,0,0,0,0,0,0,3,1,6,6,2,39,7,1499,2,7,FORD FOCUS,4,E01006474,0,1
2024320579701,2024,320579701,1,9,0,-1,-1,2,6,0,0,0,0,0,0,0,2,1,-1,-1,1,69,10,999,8,0,FORD FOCUS,2,E01026103,0,1
2024552400584,2024,552400584,2,9,0,18,19,2,6,0,0,0,0,0,0,0,1,1,6,6,2,29,6,1596,1,13,FORD FOCUS,7,E01015414,0,4
2024544727124,2024,544727124,2,9,0,18,19,5,1,0,0,1,0,0,0,0,1,1,6,6,1,77,11,1499,2,7,FORD FOCUS,5,E01031869,0,4
202417M213224,2024,17M213224,2,9,0,-1,19,8,4,-1,0,0,0,0,0,0,1,1,-1,2,1,56,9,999,1,8,FORD FOCUS,-1,-1,0,-1
2024131516463,2024,131516463,1,9,0,-1,5,2,1,-1,0,0,0,0,0,0,1,1,-1,6,3,-1,-1,1499,2,7,FORD FOCUS,-1,-1,0,-1
2024131455380,2024,131455380,1,9,0,-1,9,4,6,-1,0,5,0,0,0,0,4,1,-1,6,2,18,4,1560,2,11,FORD FOCUS,4,E01010982,0,1
2024471397524,2024,471397524,1,9,0,-1,1,5,1,-1,0,1,0,0,0,0,2,9,-1,6,2,29,6,998,1,11,FORD FOCUS,2,E01021037,0,4
2024471455486,2024,471455486,3,9,0,-1,19,1,5,-1,0,0,0,0,0,0,1,1,-1,2,1,31,6,1496,1,5,FORD FOCUS,8,E01031393,0,3
2024371440565,2024,371440565,2,9,0,-1,19,-1,-1,-1,0,1,0,0,0,0,3,1,-1,2,1,19,4,1499,2,3,FORD FOCUS,4,E01030022,0,1
2024141408631,2024,141408631,1,9,0,-1,14,1,5,-1,0,4,0,4,0,0,1,1,-1,9,1,30,6,1997,2,12,FORD FOCUS,10,E01023412,0,5
2024991489808,2024,991489808,1,9,0,-1,3,6,2,-1,0,1,0,0,0,0,2,1,-1,2,1,45,7,1499,2,8,FORD FOCUS,-1,-1,0,-1
2024221454422,2024,221454422,2,9,0,-1,19,6,3,-1,0,0,0,0,0,0,1,1,-1,2,1,21,5,998,1,12,FORD FOCUS,6,E01010502,0,3
2024991533208,2024,991533208,1,9,0,-1,19,2,7,-1,0,3,0,10,1,2,1,1,-1,9,1,79,11,1596,1,9,FORD FOCUS,7,-1,0,3
2024201489976,2024,201489976,1,9,0,-1,19,8,4,-1,0,2,0,0,0,0,3,1,-1,1,1,-1,-1,1596,1,12,FORD FOCUS,4,E01001285,0,5
2024010546844,2024,010546844,1,9,0,9,9,3,1,0,0,8,0,0,0,0,3,1,6,6,2,66,10,1596,1,20,FORD FOCUS,5,E01002718,0,1
2024041532788,2024,041532788,2,9,0,-1,19,1,5,-1,0,1,0,0,0,0,2,1,-1,6,2,45,7,998,1,10,FORD FOCUS,1,E01025084,0,1
2024131405368,2024,131405368,1,9,0,-1,-1,-1,-1,-1,-1,-1,-1,-1,-1,0,-1,1,-1,6,1,28,6,1560,2,12,FORD FOCUS,2,E01011040,0,1
2024010506305,2024,010506305,1,9,0,10,10,8,5,0,0,5,0,0,0,0,1,1,6,6,1,67,10,999,1,5,FORD FOCUS,10,E01016706,0,4
2024010487730,2024,010487730,1,9,9,99,99,9,9,99,99,9,9,99,9,99,9,9,6,6,3,-1,-1,999,1,4,FORD FOCUS,-1,-1,0,-1
2024332400245,2024,332400245,2,9,0,-1,19,5,1,-1,0,0,0,0,0,0,1,1,-1,9,1,68,10,1798,1,16,FORD FOCUS,10,E01025896,0,1
2024461465249,2024,461465249,1,9,0,-1,19,1,5,-1,0,1,0,0,0,0,1,9,-1,6,1,-1,-1,1596,1,21,FORD FOCUS,3,E01035313,0,3
2024471472122,2024,471472122,1,9,0,-1,4,6,2,-1,0,0,0,0,0,0,2,1,-1,9,1,26,6,1560,2,9,FORD FOCUS,6,E01031506,0,4
2024461452272,2024,461452272,1,9,0,-1,19,1,5,-1,0,0,0,0,0,0,1,2,-1,6,1,61,9,1499,2,8,FORD FOCUS,-1,-1,0,-1
2024440393313,2024,440393313,1,9,0,16,19,1,5,0,0,3,0,0,0,0,1,1,2,2,1,37,7,1560,2,14,FORD FOCUS,2,E01017188,0,2
2024131489497,2024,131489497,1,9,0,-1,11,5,1,-1,0,0,0,0,0,0,4,1,-1,6,1,30,6,2521,1,14,FORD FOCUS,2,E01010815,0,1
2024010497803,2024,010497803,1,9,0,18,19,7,3,9,9,2,0,7,3,9,1,1,6,6,1,21,5,999,1,1,FORD FOCUS,1,E01016744,0,4
2024010502940,2024,010502940,1,9,0,99,99,9,9,99,99,9,9,99,9,99,1,9,6,6,1,75,10,1496,1,4,FORD FOCUS,9,E01002539,0,1
2024010494965,2024,010494965,1,9,0,10,10,7,5,0,0,8,0,0,0,0,1,1,6,6,1,25,5,1499,2,6,FORD FOCUS,2,E01003059,0,1
2024631527784,2024,631527784,1,9,0,-1,19,8,6,-1,0,8,0,0,0,0,1,1,-1,6,2,40,7,1560,2,12,FORD FOCUS,7,W01000547,0,1
2024101398546,2024,101398546,2,9,0,-1,6,6,3,-1,0,0,0,0,0,0,3,1,-1,9,2,43,7,1560,2,12,FORD FOCUS,2,E01020784,0,2
202417S110124,2024,17S110124,1,9,0,-1,7,2,4,-1,0,8,0,0,0,0,1,1,-1,9,2,37,7,999,1,9,FORD FOCUS,9,E01012224,0,1
2024991497529,2024,991497529,2,9,0,-1,2,0,0,-1,0,0,0,0,0,0,2,1,-1,6,2,38,7,1560,2,10,FORD FOCUS,-1,-1,0,-1
2024010499199,2024,010499199,1,9,0,99,99,9,9,99,99,9,9,99,9,99,1,9,6,6,3,-1,-1,999,1,8,FORD FOCUS,-1,-1,0,-1
2024340WN3512,2024,340WN3512,2,9,0,-1,19,7,3,-1,0,8,0,0,0,0,4,1,-1,9,1,41,7,1560,2,13,FORD FOCUS,1,E01027199,0,1
2024122400695,2024,122400695,1,9,0,18,19,6,2,0,0,1,0,0,7,0,1,1,2,2,2,48,8,999,1,1,FORD FOCUS,10,E01013044,0,4
2024231536170,2024,231536170,1,9,0,-1,19,6,2,-1,0,0,1,0,1,4,4,1,-1,1,1,48,8,1596,1,20,FORD FOCUS,7,E01022179,0,2
2024361495833,2024,361495833,1,9,0,-1,15,2,6,-1,0,0,1,0,1,0,1,1,-1,6,1,80,11,999,1,9,FORD FOCUS,6,E01026451,0,1
2024201535458,2024,201535458,2,9,0,-1,19,5,1,-1,0,8,0,0,0,0,1,1,-1,9,1,20,4,999,1,8,FORD FOCUS,2,E01009409,0,1
2024471462015,2024,471462015,1,9,0,-1,19,8,5,-1,0,0,0,0,0,0,1,1,-1,9,2,34,6,1560,2,11,FORD FOCUS,10,E01031718,0,1
2024610035024,2024,610035024,1,9,0,3,3,2,6,0,0,0,0,0,0,0,2,1,6,6,2,47,8,1560,2,11,FORD FOCUS,5,W01002027,0,1
2024461448336,2024,461448336,1,9,0,-1,13,4,8,-1,0,8,0,0,7,11,1,1,-1,8,1,34,6,999,1,1,FORD FOCUS,-1,-1,0,-1
2024201485881,2024,201485881,1,9,0,-1,19,3,7,-1,0,0,0,0,0,0,1,1,-1,6,1,63,9,1596,1,19,FORD FOCUS,2,E01009499,0,2
2024501503360,2024,501503360,2,9,0,-1,19,7,3,-1,0,0,0,0,0,0,1,1,-1,6,2,49,8,1596,1,17,FORD FOCUS,4,E01020313,0,3
2024010515688,2024,010515688,2,9,0,18,19,2,6,0,0,2,0,0,0,0,1,1,6,6,1,18,4,1596,1,12,FORD FOCUS,5,E01004388,0,3
2024052400483,2024,052400483,2,9,0,7,7,5,7,0,0,6,0,0,0,0,1,1,6,6,1,62,9,1596,1,16,FORD FOCUS,2,E01006970,0,1
2024010544507,2024,010544507,2,9,0,99,99,9,9,99,99,9,9,99,9,99,1,9,6,6,3,-1,-1,1596,1,12,FORD FOCUS,5,E01001041,0,1
2024471442306,2024,471442306,2,9,0,-1,19,7,3,-1,0,0,0,0,0,0,2,1,-1,6,2,72,10,1596,1,17,FORD FOCUS,8,E01031439,0,1
2024131402221,2024,131402221,1,9,0,-1,9,1,1,-1,0,1,0,0,0,0,2,1,-1,6,2,38,7,1560,2,13,FORD FOCUS,2,E01010725,0,1
2024461448336,2024,461448336,2,9,0,-1,9,4,1,-1,0,5,0,0,7,0,3,1,-1,9,1,39,7,998,1,12,FORD FOCUS,4,E01024623,0,1
2024421398027,2024,421398027,1,9,0,-1,9,7,3,-1,0,1,0,0,0,0,4,1,-1,9,2,60,9,1999,1,16,FORD FOCUS,3,E01021245,0,3
2024201444762,2024,201444762,1,9,0,-1,6,2,2,-1,0,0,0,0,0,0,1,1,-1,6,2,30,6,1499,2,5,FORD FOCUS,6,E01031084,0,3
2024211407718,2024,211407718,1,9,0,-1,19,1,5,-1,0,0,0,0,0,0,1,1,-1,9,1,82,11,1560,2,11,FORD FOCUS,1,E01014229,0,1
2024221487906,2024,221487906,1,9,0,-1,19,3,8,-1,0,8,0,0,0,0,1,1,-1,6,1,19,4,1798,1,14,FORD FOCUS,2,E01032437,0,1
2024351539262,2024,351539262,1,9,0,-1,19,1,5,-1,0,0,0,9,7,0,1,1,-1,6,1,30,6,1560,2,11,FORD FOCUS,9,E01027286,0,4
2024471530854,2024,471530854,1,9,0,-1,19,5,1,-1,0,0,0,0,0,0,1,1,-1,6,2,45,7,1999,1,16,FORD FOCUS,3,E01016854,0,2
2024122401063,2024,122401063,2,9,0,5,5,1,5,0,0,4,0,0,0,0,4,1,6,6,1,65,9,999,1,1,FORD FOCUS,8,E01027839,0,1
2024371518546,2024,371518546,2,9,0,-1,2,0,0,-1,0,0,0,0,0,0,2,1,-1,6,1,50,8,1499,2,7,FORD FOCUS,8,E01029885,0,1
2024010516712,2024,010516712,1,9,0,99,99,9,9,99,99,0,9,99,9,99,1,9,2,2,2,23,5,1596,1,10,FORD FOCUS,7,E01023963,0,3
2024552500034,2024,552500034,2,9,0,2,2,0,0,0,0,0,0,0,0,0,2,1,1,1,2,28,6,999,1,7,FORD FOCUS,3,E01015308,0,1
2024111420251,2024,111420251,1,9,0,-1,19,4,8,-1,0,0,0,0,0,0,1,9,-1,6,1,30,6,1499,2,9,FORD FOCUS,-1,-1,0,-1
2024221450706,2024,221450706,3,9,0,-1,12,1,5,-1,0,0,1,0,0,0,3,1,-1,6,2,53,8,1560,2,11,FORD FOCUS,5,E01032238,0,4
2024421406631,2024,421406631,2,9,0,-1,2,5,1,-1,0,2,0,0,0,0,2,1,-1,6,1,42,7,998,1,10,FORD FOCUS,3,E01015907,0,1
2024161395653,2024,161395653,1,9,0,-1,4,5,1,-1,0,0,0,0,1,2,2,1,-1,9,1,32,6,998,1,11,FORD FOCUS,-1,-1,0,-1
2024010514427,2024,010514427,2,9,0,99,99,9,9,99,99,9,9,99,9,99,9,9,6,6,3,-1,-1,1596,1,15,FORD FOCUS,-1,-1,0,-1
2024552401107,2024,552401107,2,9,0,18,19,4,8,0,0,1,0,0,1,1,1,1,6,6,1,66,10,999,1,9,FORD FOCUS,6,E01029191,0,3
2024340NN3222,2024,340NN3222,2,9,0,-1,4,7,3,-1,0,1,0,0,0,0,3,1,-1,2,1,32,6,1596,1,15,FORD FOCUS,7,E01032967,0,1
2024610039024,2024,610039024,1,9,0,4,4,2,6,0,0,1,0,0,0,0,1,1,6,6,1,27,6,1596,1,13,FORD FOCUS,1,W01001692,0,1
2024411532262,2024,411532262,1,9,0,-1,7,3,7,-1,0,1,0,0,0,0,1,1,-1,9,1,66,10,1596,1,13,FORD FOCUS,6,E01023344,0,1
2024101527307,2024,101527307,1,9,0,-1,5,7,5,-1,0,0,0,0,7,0,1,1,-1,6,1,62,9,1798,1,14,FORD FOCUS,-1,-1,0,-1
2024440074237,2024,440074237,1,9,0,4,4,8,4,0,0,0,0,0,0,0,2,1,6,6,1,27,6,1753,2,17,FORD FOCUS,4,E01017073,0,2
2024471410748,2024,471410748,1,9,0,-1,9,5,2,-1,0,8,0,0,0,0,1,9,-1,1,1,28,6,999,1,7,FORD FOCUS,5,E01021216,0,3
2024471470707,2024,471470707,1,9,0,-1,1,3,7,-1,0,0,0,0,0,0,1,1,-1,6,2,41,7,1596,1,12,FORD FOCUS,2,E01031783,0,1
2024440007170,2024,440007170,2,9,0,16,19,2,6,0,0,0,0,0,0,0,1,1,6,6,2,49,8,1596,1,13,FORD FOCUS,10,E01023092,0,1
2024010543351,2024,010543351,2,9,0,4,4,1,5,0,0,0,0,0,0,0,1,1,4,7,2,38,7,1596,1,19,FORD FOCUS,5,E01033743,0,1
2024201448483,2024,201448483,2,9,0,-1,3,2,4,-1,0,2,0,0,0,0,2,1,-1,9,1,75,10,1560,2,15,FORD FOCUS,1,E01010066,0,1
2024371472399,2024,371472399,1,9,0,-1,9,5,3,-1,0,8,0,0,0,0,1,1,-1,6,1,24,5,1499,2,4,FORD FOCUS,6,E01029983,0,2
2024451523421,2024,451523421,3,9,0,-1,19,7,3,-1,0,0,0,0,0,0,0,1,-1,1,2,28,6,1995,2,2,FORD FOCUS,10,E01030307,0,2
2024440566771,2024,440566771,2,9,0,17,19,1,7,0,0,0,0,0,0,0,1,1,6,6,2,42,7,1596,1,18,FORD FOCUS,9,E01017284,0,1
2024221492592,2024,221492592,1,9,0,-1,19,6,2,-1,0,0,1,0,1,10,1,1,-1,6,2,32,6,1999,1,13,FORD FOCUS,5,E01032281,0,2
2024221489991,2024,221489991,1,9,0,-1,14,4,8,-1,0,8,0,0,0,0,4,1,-1,6,1,58,9,1560,2,10,FORD FOCUS,6,E01014184,0,1
2024471444877,2024,471444877,1,9,0,-1,20,6,2,-1,0,1,0,0,0,0,2,1,-1,9,1,36,7,1596,1,18,FORD FOCUS,1,E01020983,0,1
2024010499751,2024,010499751,2,9,0,99,99,9,9,99,99,9,9,99,9,99,9,9,6,6,3,-1,-1,999,1,7,FORD FOCUS,-1,-1,0,-1
2024451502584,2024,451502584,2,9,0,-1,4,1,3,-1,99,8,9,0,3,0,1,1,-1,6,3,30,6,1596,1,19,FORD FOCUS,-1,-1,0,-1
2024010525800,2024,010525800,1,9,0,3,3,5,1,0,0,2,0,0,0,0,2,1,6,6,2,56,9,999,1,5,FORD FOCUS,3,E01002404,0,1
2024311431387,2024,311431387,1,9,0,-1,-1,7,-1,-1,0,6,0,0,0,0,-1,1,-1,6,2,38,7,999,1,1,FORD FOCUS,-1,-1,0,-1
2024010513965,2024,010513965,2,9,0,99,99,9,9,99,99,9,9,99,9,99,9,9,6,6,3,-1,-1,1999,1,16,FORD FOCUS,3,E01004290,0,2
2024351536186,2024,351536186,1,9,0,-1,5,3,1,-1,0,0,0,0,0,0,3,1,-1,1,1,65,9,1560,2,11,FORD FOCUS,5,E01030201,0,5
2024211514371,2024,211514371,2,9,0,-1,19,1,4,-1,0,8,0,0,0,0,3,1,-1,9,1,63,9,1596,1,12,FORD FOCUS,7,E01029580,0,1
2024111499539,2024,111499539,2,9,0,-1,19,5,1,-1,0,0,0,0,0,0,2,1,-1,9,1,79,11,1596,1,15,FORD FOCUS,8,E01012147,0,4
2024101461948,2024,101461948,2,9,0,-1,19,5,1,-1,0,0,1,10,5,0,1,1,-1,6,1,21,5,1596,1,13,FORD FOCUS,5,E01035625,0,3
2024131409576,2024,131409576,1,9,0,-1,19,1,5,-1,0,0,0,0,0,0,1,1,-1,9,1,80,11,1560,2,11,FORD FOCUS,10,E01011701,0,1
2024010523839,2024,010523839,2,9,0,11,11,9,9,99,99,9,9,99,9,99,9,9,6,6,3,-1,-1,1798,1,19,FORD FOCUS,-1,-1,0,-1
2024141444704,2024,141444704,1,9,0,-1,9,5,1,-1,0,8,0,0,0,0,1,1,-1,9,1,25,5,1596,1,19,FORD FOCUS,9,E01007690,0,2
2024501451551,2024,501451551,2,9,0,-1,19,1,5,-1,0,3,0,0,0,0,2,9,-1,9,2,36,7,1999,1,9,FORD FOCUS,3,E01020078,0,1
2024311426788,2024,311426788,2,9,0,-1,19,2,6,-1,0,2,0,0,0,0,1,1,-1,9,1,55,8,1596,1,13,FORD FOCUS,5,E01013894,0,1
2024010512184,2024,010512184,1,9,0,2,2,0,0,0,0,0,0,0,0,0,3,1,6,6,3,-1,-1,1596,1,11,FORD FOCUS,-1,-1,0,-1
2024010509123,2024,010509123,1,9,0,18,19,1,5,0,0,8,0,0,0,0,0,1,6,6,1,33,6,999,1,9,FORD FOCUS,-1,-1,0,-1
2024010501963,2024,010501963,2,9,9,99,99,9,9,99,99,9,9,99,9,99,9,9,6,6,3,-1,-1,1596,1,17,FORD FOCUS,-1,-1,0,-1
2024131417866,2024,131417866,1,9,0,-1,19,5,1,-1,0,0,0,0,0,0,1,1,-1,9,1,82,11,1560,2,13,FORD FOCUS,4,E01011839,0,1
2024421443992,2024,421443992,2,9,0,-1,3,1,5,-1,0,1,0,0,0,0,2,1,-1,6,2,38,7,999,1,7,FORD FOCUS,4,E01015948,0,1
2024201540505,2024,201540505,3,9,0,-1,3,1,1,-1,0,1,0,0,0,0,2,1,-1,6,1,30,6,1499,2,7,FORD FOCUS,1,E01018311,0,5
2024010533904,2024,010533904,2,9,0,18,19,6,2,9,9,1,0,0,0,0,1,1,1,1,1,46,8,999,1,3,FORD FOCUS,6,E01003702,0,1
2024351406753,2024,351406753,1,9,-1,-1,-1,-1,-1,-1,0,0,-1,-1,-1,0,-1,9,-1,6,1,25,5,1499,2,7,FORD FOCUS,5,E01012803,0,5
2024311408538,2024,311408538,1,9,0,-1,3,6,2,-1,0,0,0,0,0,0,1,1,-1,6,2,64,9,1596,1,15,FORD FOCUS,9,E01013901,0,1
2024471440049,2024,471440049,1,9,0,-1,8,8,2,-1,0,0,0,0,0,0,2,1,-1,9,2,43,7,1798,1,18,FORD FOCUS,6,E01031345,0,1
2024201492093,2024,201492093,2,9,0,-1,19,6,2,-1,0,0,0,0,0,0,2,1,-1,6,2,52,8,1560,2,9,FORD FOCUS,2,E01010315,0,1
2024311418797,2024,311418797,1,9,0,-1,19,2,6,-1,0,1,1,0,0,0,1,1,-1,2,1,31,6,2521,1,15,FORD FOCUS,1,E01013820,0,1
2024302400928,2024,302400928,1,9,0,18,19,6,2,0,0,2,0,0,0,0,4,1,6,6,2,43,7,1596,1,13,FORD FOCUS,1,E01019452,0,1
2024440370129,2024,440370129,1,9,0,18,19,1,5,0,0,0,0,0,0,0,4,1,6,6,1,46,8,2521,1,18,FORD FOCUS,3,E01017364,0,1
2024061456534,2024,061456534,2,9,0,-1,19,5,1,-1,0,0,0,0,0,0,0,1,-1,1,1,28,6,999,1,2,FORD FOCUS,1,E01005383,0,1
2024010548246,2024,010548246,2,9,0,10,10,5,2,0,0,2,0,0,0,0,1,1,2,2,1,40,7,1499,2,6,FORD FOCUS,8,E01003709,0,1
2024421430277,2024,421430277,2,9,0,-1,19,4,8,-1,0,0,0,0,0,0,0,9,-1,6,3,-1,-1,1596,1,19,FORD FOCUS,-1,-1,0,-1
2024340WN4062,2024,340WN4062,3,9,0,-1,19,8,4,-1,0,0,0,0,0,0,0,1,-1,9,2,45,7,999,1,5,FORD FOCUS,6,E01027292,0,2
2024421407339,2024,421407339,1,9,0,-1,19,6,2,-1,0,0,0,0,0,0,1,1,-1,1,1,23,5,1499,2,8,FORD FOCUS,7,E01021966,0,1
2024231479540,2024,231479540,1,9,0,-1,7,6,1,-1,0,5,1,0,7,0,1,1,-1,2,1,22,5,1499,2,7,FORD FOCUS,1,E01009539,0,1