collision_index,collision_year,collision_ref_no,vehicle_reference,vehicle_type,towing_and_articulation,vehicle_manoeuvre_historic,vehicle_manoeuvre,vehicle_direction_from,vehicle_direction_to,vehicle_location_restricted_lane_historic,vehicle_location_restricted_lane,junction_location,skidding_and_overturning,hit_object_in_carriageway,vehicle_leaving_carriageway,hit_object_off_carriageway,first_point_of_impact,vehicle_left_hand_drive,journey_purpose_of_driver_historic,journey_purpose_of_driver,sex_of_driver,age_of_driver,age_band_of_driver,engine_capacity_cc,propulsion_code,age_of_vehicle,generic_make_model,driver_imd_decile,lsoa_of_driver,escooter_flag,driver_distance_banding
2024991513527,2024,991513527,2,9,0,-1,4,1,5,-1,0,0,0,0,0,0,1,1,-1,6,2,40,7,1596,1,13,FORD FOCUS,-1,-1,0,-1
2024332401143,2024,332401143,2,9,0,-1,19,2,6,-1,0,2,0,0,0,0,1,1,-1,6,3,-1,-1,999,1,7,FORD FOCUS,-1,-1,0,-1
2024991465619,2024,991465619,3,9,0,-1,9,2,7,-1,0,5,0,0,0,0,2,1,-1,2,1,48,8,1499,2,4,FORD FOCUS,6,-1,0,2
2024501502775,2024,501502775,1,9,0,-1,15,3,7,-1,0,0,0,0,0,0,4,1,-1,6,1,33,6,1560,2,12,FORD FOCUS,3,-1,0,5
2024461461093,2024,461461093,2,9,0,-1,19,8,4,-1,0,0,0,0,0,0,1,1,-1,6,1,40,7,999,1,6,FORD FOCUS,9,E01016172,0,1
2024991510536,2024,991510536,1,9,0,-1,19,4,7,-1,0,0,0,0,0,0,4,1,-1,2,2,41,7,999,1,4,FORD FOCUS,8,-1,0,3
2024451410482,2024,451410482,1,9,0,-1,3,1,5,-1,0,0,0,0,0,0,1,9,-1,9,2,20,4,999,1,8,FORD FOCUS,10,E01030319,0,1
2024361457395,2024,361457395,1,9,0,-1,9,4,3,-1,0,8,0,0,0,0,4,1,-1,9,2,19,4,1560,2,10,FORD FOCUS,3,E01026696,0,2
2024610007424,2024,610007424,2,9,0,18,19,7,3,0,0,1,0,0,0,0,1,1,6,6,3,-1,-1,2521,1,15,FORD FOCUS,-1,-1,0,-1
2024041472533,2024,041472533,2,9,0,-1,19,3,7,-1,0,5,0,0,0,0,3,1,-1,6,1,29,6,999,1,4,FORD FOCUS,1,E01025082,0,1
2024131449994,2024,131449994,1,9,0,-1,19,5,1,-1,0,8,0,0,0,0,1,1,-1,6,1,25,5,1560,2,13,FORD FOCUS,1,E01007718,0,4
2024161444900,2024,161444900,2,9,0,-1,19,5,1,-1,0,0,0,0,0,0,3,1,-1,6,2,40,7,999,1,8,FORD FOCUS,6,E01012766,0,1
2024461462498,2024,461462498,1,9,0,-1,11,3,7,-1,0,0,1,0,0,0,3,9,-1,6,1,30,6,1499,2,5,FORD FOCUS,1,E01016153,0,3
2024010546730,2024,010546730,1,9,0,16,19,3,7,0,0,2,0,0,0,0,2,1,1,1,1,36,7,1995,2,3,FORD FOCUS,9,E01030614,0,4
2024070033124,2024,070033124,2,9,0,18,19,3,7,0,0,1,0,0,1,11,1,1,6,6,1,59,9,1596,1,14,FORD FOCUS,1,E01006506,0,4
2024201453674,2024,201453674,1,9,0,-1,19,6,2,-1,0,0,0,0,0,0,3,1,-1,9,2,32,6,1596,1,14,FORD FOCUS,1,E01033650,0,1
2024371475452,2024,371475452,1,9,0,-1,19,5,1,-1,0,0,0,0,1,11,1,1,-1,6,1,38,7,1596,1,14,FORD FOCUS,7,E01030003,0,4
2024520402385,2024,520402385,2,9,0,4,4,2,6,0,0,0,0,0,0,0,2,1,6,6,2,53,8,1596,1,17,FORD FOCUS,3,E01032627,0,1
2024421440910,2024,421440910,1,9,0,-1,19,4,8,-1,0,0,0,0,0,0,1,9,-1,6,1,30,6,1999,1,14,FORD FOCUS,4,E01021365,0,4
2024622400592,2024,622400592,1,9,0,18,19,8,4,0,0,0,1,0,2,7,1,1,6,6,2,25,5,1560,2,18,FORD FOCUS,6,W01001186,0,3
2024421505842,2024,421505842,2,9,0,-1,19,5,1,-1,0,0,0,0,0,0,4,1,-1,9,1,52,8,2261,1,0,FORD FOCUS,6,E01021491,0,2
2024501520789,2024,501520789,1,9,0,-1,19,5,1,-1,0,0,1,0,1,3,1,1,-1,9,1,28,6,1596,1,13,FORD FOCUS,9,E01019944,0,2
2024421423704,2024,421423704,2,9,0,-1,19,7,3,-1,0,1,0,0,0,0,3,1,-1,9,2,44,7,999,8,1,FORD FOCUS,3,E01015935,0,1
2024451479420,2024,451479420,1,9,0,-1,5,1,5,-1,0,0,0,0,0,0,1,1,-1,9,1,44,7,1997,2,8,FORD FOCUS,5,E01030724,0,1
2024201437021,2024,201437021,1,9,0,-1,19,2,6,-1,0,0,0,0,0,0,4,1,-1,1,1,48,8,998,1,12,FORD FOCUS,1,E01034919,0,2
2024421484848,2024,421484848,1,9,0,-1,19,2,6,-1,0,0,0,0,8,0,1,1,-1,6,1,32,6,998,1,11,FORD FOCUS,2,E01002368,0,4
2024010549665,2024,010549665,2,9,0,99,99,9,9,99,99,9,9,99,9,99,1,9,6,6,3,-1,-1,998,1,11,FORD FOCUS,-1,-1,0,-1
2024520402709,2024,520402709,1,9,0,18,19,8,4,0,0,0,0,0,0,0,1,1,6,6,1,44,7,1596,1,21,FORD FOCUS,2,E01000018,0,5
2024320366189,2024,320366189,1,9,0,-1,-1,2,6,0,0,0,0,0,0,0,1,1,-1,-1,2,21,5,1596,1,11,FORD FOCUS,1,E01026094,0,1
2024531399176,2024,531399176,2,9,0,-1,19,2,4,-1,0,0,0,0,0,0,1,1,-1,9,2,49,8,999,1,5,FORD FOCUS,9,E01022202,0,2
2024401533886,2024,401533886,2,9,0,-1,7,3,5,-1,0,8,0,0,0,0,1,1,-1,6,2,44,7,999,8,1,FORD FOCUS,2,E01001196,0,4
2024361544901,2024,361544901,1,9,0,-1,14,1,2,-1,0,1,0,0,0,0,1,1,-1,2,2,36,7,1798,1,16,FORD FOCUS,6,E01026870,0,3
2024061475986,2024,061475986,1,9,0,-1,9,8,5,-1,0,1,0,0,0,0,1,1,-1,1,1,39,7,1560,2,13,FORD FOCUS,2,E01025480,0,2
2024320476377,2024,320476377,1,9,0,7,7,1,3,0,0,6,0,0,0,0,1,1,-1,-1,2,33,6,1498,1,7,FORD FOCUS,9,E01013788,0,2
2024010533743,2024,010533743,1,9,0,11,11,1,5,0,0,1,0,0,0,0,4,1,6,6,2,36,7,1596,1,12,FORD FOCUS,1,E01002082,0,1
2024471411752,2024,471411752,2,9,0,-1,4,5,1,-1,0,0,0,0,0,0,2,1,-1,9,1,35,6,998,1,11,FORD FOCUS,6,E01031408,0,3
2024122400205,2024,122400205,1,9,0,7,7,5,3,0,0,8,0,0,0,0,1,1,6,6,3,-1,-1,1560,2,11,FORD FOCUS,-1,-1,0,-1
2024010535854,2024,010535854,2,9,0,99,99,9,9,99,99,6,9,99,9,99,9,9,6,6,3,-1,-1,1596,1,18,FORD FOCUS,-1,-1,0,-1
2024201479338,2024,201479338,1,9,0,-1,19,4,8,-1,0,0,0,4,0,0,1,9,-1,6,1,20,4,2521,1,18,FORD FOCUS,-1,-1,0,-1
2024542035624,2024,542035624,1,9,0,18,19,5,1,0,0,0,0,0,1,9,3,1,2,2,1,23,5,2521,1,16,FORD FOCUS,7,E01033841,0,2
2024991416952,2024,991416952,2,9,0,-1,19,3,7,-1,0,1,0,0,0,0,1,1,-1,2,1,50,8,1499,2,7,FORD FOCUS,8,-1,0,1
2024351437741,2024,351437741,2,9,-1,-1,-1,-1,-1,-1,-1,0,-1,-1,-1,0,-1,9,-1,9,2,38,7,998,1,11,FORD FOCUS,8,E01030117,0,4
2024061449248,2024,061449248,2,9,-1,-1,-1,-1,-1,-1,-1,0,-1,-1,-1,0,-1,9,-1,6,3,-1,-1,999,1,5,FORD FOCUS,8,E01006315,0,2
2024531439152,2024,531439152,1,9,0,-1,19,7,3,-1,0,2,0,0,0,0,1,1,-1,6,2,40,7,1499,2,8,FORD FOCUS,10,E01022171,0,1
2024041521222,2024,041521222,1,9,0,-1,9,6,2,-1,0,1,0,0,0,0,1,1,-1,6,1,26,6,1560,2,12,FORD FOCUS,1,E01025082,0,2
2024311401080,2024,311401080,1,9,0,-1,5,1,7,-1,0,0,0,0,0,0,1,1,-1,1,1,48,8,1499,2,5,FORD FOCUS,3,E01027985,0,1
2024351529587,2024,351529587,2,9,0,-1,19,1,5,-1,0,8,0,0,0,0,1,1,-1,6,1,30,6,1496,1,5,FORD FOCUS,7,E01035525,0,1
2024361503714,2024,361503714,1,9,0,-1,19,5,1,-1,0,0,0,0,1,0,1,1,-1,9,2,70,10,1798,1,20,FORD FOCUS,5,E01023638,0,4
2024991402152,2024,991402152,1,9,0,-1,19,7,3,-1,0,1,0,0,0,0,3,1,-1,6,1,37,7,1499,2,7,FORD FOCUS,1,-1,0,1
2024201469661,2024,201469661,1,9,0,-1,9,3,4,-1,0,0,0,0,1,0,0,1,-1,6,3,-1,-1,1499,2,4,FORD FOCUS,-1,-1,0,-1
2024552401219,2024,552401219,1,9,0,9,9,2,8,0,0,5,0,0,0,0,4,1,6,6,2,39,7,1596,1,17,FORD FOCUS,2,E01015379,0,1
2024361538904,2024,361538904,1,9,0,-1,19,6,7,-1,0,8,0,0,0,0,3,1,-1,9,2,60,9,1753,2,17,FORD FOCUS,1,E01033131,0,4
2024421522398,2024,421522398,1,9,0,-1,19,5,1,-1,0,0,1,0,0,0,4,1,-1,6,1,27,6,1596,1,13,FORD FOCUS,9,E01015982,0,1
2024010500231,2024,010500231,1,9,0,99,99,9,9,99,99,9,9,99,9,99,9,9,6,6,1,60,9,1596,1,13,FORD FOCUS,4,E01001467,0,1
2024161463002,2024,161463002,1,9,0,-1,19,1,5,-1,0,0,0,0,0,0,3,1,-1,1,1,29,6,999,1,7,FORD FOCUS,4,E01033976,0,5
2024052402627,2024,052402627,1,9,0,18,19,1,5,0,0,0,0,0,0,0,1,1,6,6,1,32,6,1560,2,10,FORD FOCUS,2,E01006945,0,1
2024201521767,2024,201521767,2,9,0,-1,9,5,1,-1,0,0,1,0,0,0,4,1,-1,9,1,71,10,998,1,11,FORD FOCUS,1,E01009270,0,2
2024131457321,2024,131457321,3,9,0,-1,2,0,0,-1,0,8,0,0,0,0,3,1,-1,6,-1,-1,-1,1753,2,17,FORD FOCUS,-1,-1,0,-1
2024061403481,2024,061403481,4,9,0,-1,19,5,1,-1,0,0,0,0,0,0,0,1,-1,2,1,33,6,2261,1,1,FORD FOCUS,-1,-1,0,-1
2024421518724,2024,421518724,1,9,0,-1,19,3,8,-1,0,0,0,0,1,9,1,1,-1,9,2,32,6,1560,2,12,FORD FOCUS,5,E01021360,0,1
2024010499610,2024,010499610,2,9,0,2,2,0,0,0,0,2,0,0,0,0,2,1,6,6,3,-1,-1,999,1,5,FORD FOCUS,-1,-1,0,-1
2024010531152,2024,010531152,2,9,0,18,19,3,7,0,0,1,0,0,0,0,4,1,2,2,1,31,6,1596,1,11,FORD FOCUS,3,E01002429,0,1
2024461418782,2024,461418782,1,9,0,-1,5,1,5,-1,0,1,0,0,0,0,2,1,-1,6,2,39,7,1560,2,12,FORD FOCUS,3,E01035312,0,1
2024461507766,2024,461507766,2,9,0,-1,19,3,7,-1,0,0,0,0,0,0,3,1,-1,2,1,25,5,999,8,0,FORD FOCUS,5,E01000338,0,2
2024991465070,2024,991465070,2,9,0,-1,2,0,0,-1,0,2,0,0,0,0,2,9,-1,6,-1,-1,-1,1596,1,16,FORD FOCUS,-1,-1,0,-1
2024320108744,2024,320108744,1,9,0,-1,-1,8,4,0,0,0,0,0,0,0,1,1,6,6,2,27,6,1560,2,9,FORD FOCUS,1,E01013141,0,4
2024531403363,2024,531403363,1,9,0,-1,9,5,2,-1,0,8,0,0,0,0,4,1,-1,9,1,22,5,998,1,11,FORD FOCUS,3,E01022132,0,4
2024070513208,2024,070513208,2,9,0,3,3,5,1,0,0,8,0,0,0,0,2,1,6,6,2,33,6,999,1,6,FORD FOCUS,6,E01012378,0,1
2024430479181,2024,430479181,1,9,0,9,9,8,6,0,0,6,0,0,0,0,1,1,6,6,1,30,6,1596,1,16,FORD FOCUS,-1,-1,0,-1
2024201437900,2024,201437900,1,9,0,-1,9,6,4,-1,0,5,0,0,0,0,1,9,-1,6,1,-1,-1,1560,2,12,FORD FOCUS,1,E01034307,0,3
2024320212937,2024,320212937,1,9,0,9,9,2,8,0,0,8,0,0,0,0,2,1,-1,-1,1,41,7,1560,2,9,FORD FOCUS,6,E01007512,0,5
2024052402141,2024,052402141,1,9,0,18,19,8,4,0,0,8,0,0,0,0,1,1,6,6,1,44,7,1560,2,13,FORD FOCUS,1,E01006678,0,1
2024231444976,2024,231444976,1,9,0,-1,19,4,8,-1,0,4,0,0,3,2,1,1,-1,6,1,39,7,1596,1,19,FORD FOCUS,6,E01031098,0,1
2024101569925,2024,101569925,1,9,0,-1,19,3,7,-1,0,0,0,0,0,0,1,1,-1,6,-1,-1,-1,1560,2,10,FORD FOCUS,-1,-1,0,-1
2024371555526,2024,371555526,1,9,0,-1,9,6,4,-1,0,0,0,0,0,0,3,1,-1,9,1,39,7,1999,1,17,FORD FOCUS,1,E01026598,0,3
2024161532689,2024,161532689,1,9,0,-1,9,3,1,-1,0,8,0,0,0,0,1,1,-1,2,1,29,6,1388,1,21,FORD FOCUS,1,E01012893,0,1
2024411396248,2024,411396248,2,9,0,-1,19,3,7,-1,0,0,0,0,0,0,4,9,-1,9,1,26,6,1596,1,18,FORD FOCUS,7,E01017693,0,4
2024141445812,2024,141445812,1,9,0,-1,9,4,8,-1,0,8,0,0,0,0,4,1,-1,9,1,22,5,1596,1,18,FORD FOCUS,5,E01007995,0,1
2024622400731,2024,622400731,3,9,0,4,4,4,8,0,0,0,0,0,0,0,2,1,2,2,1,58,9,999,1,2,FORD FOCUS,6,W01000662,0,4
2024101426613,2024,101426613,2,9,0,-1,19,1,5,-1,0,8,0,7,6,0,1,1,-1,9,1,47,8,999,1,4,FORD FOCUS,4,E01008832,0,4
2024131495472,2024,131495472,2,9,0,-1,19,1,5,-1,0,0,0,0,0,0,2,1,-1,9,1,64,9,1596,1,17,FORD FOCUS,1,E01011483,0,1
2024371471409,2024,371471409,1,9,0,-1,19,2,5,-1,0,0,0,0,0,0,1,1,-1,2,1,31,6,1997,2,12,FORD FOCUS,4,E01030028,0,4
2024421398797,2024,421398797,2,9,0,-1,9,3,1,-1,0,0,0,0,0,0,3,9,-1,7,2,53,8,1499,2,7,FORD FOCUS,6,E01021676,0,2
2024052400163,2024,052400163,1,9,0,18,19,3,7,0,0,1,0,0,0,0,3,1,1,1,1,22,5,999,1,9,FORD FOCUS,10,E01006990,0,3
2024131426467,2024,131426467,1,9,0,-1,19,1,3,-1,0,8,0,0,0,0,1,1,-1,6,2,66,10,1596,1,17,FORD FOCUS,9,E01010954,0,1
2024122400271,2024,122400271,1,9,0,9,9,2,7,0,0,8,0,0,0,0,1,1,2,2,1,36,7,1596,1,14,FORD FOCUS,8,E01013428,0,1
2024430402573,2024,430402573,2,9,0,5,5,3,7,0,0,1,0,0,0,0,1,1,2,2,1,51,8,1499,2,9,FORD FOCUS,9,E01015548,0,3
2024141453986,2024,141453986,2,9,0,-1,19,5,1,-1,0,8,0,0,0,0,2,1,-1,2,1,37,7,1560,2,12,FORD FOCUS,3,E01007969,0,3
2024421526402,2024,421526402,1,9,0,-1,5,3,7,-1,0,4,0,0,0,0,1,1,-1,6,2,63,9,1999,1,16,FORD FOCUS,2,E01015851,0,1
2024061507197,2024,061507197,2,9,0,-1,5,3,7,-1,0,0,0,0,0,0,0,1,-1,1,1,32,6,2261,1,1,FORD FOCUS,-1,-1,0,-1
2024461477855,2024,461477855,2,9,0,-1,19,4,8,-1,0,0,0,0,0,0,1,1,-1,9,1,25,5,999,8,1,FORD FOCUS,2,E01024028,0,1
2024461534171,2024,461534171,3,9,0,-1,2,3,7,-1,-1,1,0,0,0,0,0,1,-1,6,1,32,6,999,8,0,FORD FOCUS,5,E01035292,0,3
2024031516130,2024,031516130,1,9,0,-1,19,8,4,-1,0,1,0,0,0,0,1,1,-1,9,1,75,10,1560,2,13,FORD FOCUS,1,E01019122,0,3
2024211511090,2024,211511090,1,9,0,-1,15,6,2,-1,0,0,0,0,0,0,4,1,-1,6,1,29,6,998,1,11,FORD FOCUS,-1,-1,0,-1
2024070519149,2024,070519149,3,9,0,4,4,1,5,0,0,1,0,0,0,0,0,1,6,6,1,-1,-1,1596,1,14,FORD FOCUS,5,E01018479,0,1
2024501495031,2024,501495031,2,9,0,-1,19,7,3,-1,0,1,0,0,0,0,1,1,-1,2,2,52,8,1798,1,15,FORD FOCUS,6,E01019021,0,2
2024122400286,2024,122400286,1,9,0,18,19,5,1,0,0,0,0,0,7,4,1,1,6,6,2,71,10,1596,1,19,FORD FOCUS,1,E01013000,0,3
2024141521567,2024,141521567,1,9,0,-1,4,2,6,-1,0,1,0,0,7,0,2,1,-1,7,1,29,6,1499,2,8,FORD FOCUS,1,E01007804,0,1
2024421461621,2024,421461621,2,9,0,-1,4,5,1,-1,0,8,0,0,0,0,0,1,-1,1,1,-1,-1,999,1,1,FORD FOCUS,-1,-1,0,-1
2024332401172,2024,332401172,2,9,0,-1,19,8,4,-1,0,0,0,0,0,0,2,1,-1,7,1,46,8,1596,1,17,FORD FOCUS,4,E01013617,0,1
2024010510859,2024,010510859,2,9,0,99,99,9,9,99,99,9,9,99,9,99,1,9,6,6,3,-1,-1,999,1,6,FORD FOCUS,-1,-1,0,-1
2024010502729,2024,010502729,2,9,0,99,99,9,9,99,99,9,9,99,9,99,9,9,6,6,3,-1,-1,1596,1,15,FORD FOCUS,-1,-1,0,-1
2024320424197,2024,320424197,2,9,0,-1,-1,4,8,0,0,0,0,0,0,0,4,1,6,6,2,46,8,1499,2,9,FORD FOCUS,9,E01034697,0,1
2024421399643,2024,421399643,1,9,0,-1,3,2,7,-1,0,2,0,0,0,0,1,1,-1,2,2,63,9,1499,2,6,FORD FOCUS,6,E01021535,0,4
2024531496757,2024,531496757,1,9,0,-1,7,4,8,-1,0,8,1,0,8,1,1,1,-1,6,1,25,5,1596,1,12,FORD FOCUS,5,E01022312,0,1
2024430426176,2024,430426176,1,9,0,9,9,5,3,0,0,5,0,0,0,0,3,1,6,6,1,47,8,1596,1,16,FORD FOCUS,-1,-1,0,-1
2024471511670,2024,471511670,2,9,0,-1,19,3,7,-1,0,2,1,0,1,0,4,1,-1,1,1,-1,-1,1995,2,1,FORD FOCUS,2,E01016949,0,1
2024320214527,2024,320214527,2,9,0,-1,-1,1,4,0,0,3,0,0,0,0,3,1,-1,-1,2,38,7,1560,2,16,FORD FOCUS,1,E01015603,0,4
2024501531551,2024,501531551,2,9,0,-1,2,0,0,-1,0,0,0,4,0,0,3,1,-1,6,-1,-1,-1,1753,2,16,FORD FOCUS,-1,-1,0,-1
2024161463288,2024,161463288,3,9,0,-1,19,3,7,-1,0,0,0,0,0,0,0,1,-1,9,1,30,6,999,1,7,FORD FOCUS,2,E01007590,0,4
2024201521437,2024,201521437,1,9,0,-1,8,5,3,-1,0,8,0,0,0,0,1,1,-1,6,1,32,6,999,1,1,FORD FOCUS,2,E01034944,0,1
2024010498711,2024,010498711,2,9,0,7,7,7,2,0,0,1,0,0,0,0,4,1,6,6,1,48,8,1596,1,20,FORD FOCUS,1,E01003515,0,2
2024131395645,2024,131395645,2,9,0,-1,19,5,1,-1,0,0,0,0,0,0,1,1,-1,9,2,36,7,998,1,10,FORD FOCUS,3,E01010949,0,1
2024131515204,2024,131515204,2,9,0,-1,9,3,5,-1,0,8,0,0,0,0,3,1,-1,6,1,40,7,998,1,10,FORD FOCUS,8,E01011929,0,1
2024010515265,2024,010515265,2,9,0,99,99,9,9,99,99,9,9,99,9,99,9,9,6,6,3,-1,-1,999,1,2,FORD FOCUS,-1,-1,0,-1
2024101451281,2024,101451281,1,9,0,-1,10,6,4,-1,0,8,0,0,0,0,0,1,-1,6,1,51,8,1997,2,18,FORD FOCUS,8,E01008868,0,3
2024201428619,2024,201428619,2,9,0,-1,4,6,2,-1,0,1,0,0,0,0,2,1,-1,9,2,31,6,1499,2,5,FORD FOCUS,2,E01008977,0,1
2024031403567,2024,031403567,1,9,0,-1,19,3,7,-1,0,0,5,0,0,0,0,1,-1,2,1,32,6,1999,1,19,FORD FOCUS,-1,-1,0,-1
2024531451391,2024,531451391,1,9,0,-1,19,8,4,-1,0,8,0,0,0,0,4,1,-1,9,1,40,7,1596,1,15,FORD FOCUS,4,E01022421,0,3
2024461413814,2024,461413814,1,9,0,-1,19,7,3,-1,0,0,1,6,7,7,3,9,-1,6,1,39,7,1596,1,20,FORD FOCUS,2,E01000729,0,4
2024531442318,2024,531442318,2,9,0,-1,19,1,5,-1,0,0,0,0,0,0,2,1,-1,7,2,36,7,998,1,10,FORD FOCUS,2,E01022160,0,1
2024440401741,2024,440401741,1,9,0,2,2,0,0,0,0,0,0,0,0,0,2,1,6,6,1,45,7,1560,2,12,FORD FOCUS,4,E01017172,0,4
2024361527615,2024,361527615,2,9,0,-1,19,3,7,-1,0,0,0,0,1,0,2,1,-1,1,1,55,8,1499,2,9,FORD FOCUS,1,E01026635,0,4
2024010546515,2024,010546515,1,9,0,5,5,0,8,6,6,2,0,0,0,0,4,1,6,6,1,34,6,1499,2,8,FORD FOCUS,2,E01002760,0,1
2024520002977,2024,520002977,2,9,0,18,19,9,9,0,0,8,0,0,0,0,9,1,6,6,3,-1,-1,999,1,5,FORD FOCUS,-1,-1,0,-1
2024401480022,2024,401480022,1,9,-1,-1,-1,-1,-1,-1,-1,0,-1,-1,-1,0,-1,9,-1,6,3,-1,-1,1499,2,4,FORD FOCUS,-1,-1,0,-1
2024201475731,2024,201475731,1,9,0,-1,19,4,8,-1,0,0,0,0,0,0,3,1,-1,6,2,40,7,1596,1,15,FORD FOCUS,10,E01010189,0,1
2024010525460,2024,010525460,1,9,0,10,10,5,3,0,0,6,0,0,0,0,3,1,6,6,1,24,5,1596,1,13,FORD FOCUS,9,E01032813,0,4
2024010528496,2024,010528496,2,9,0,7,7,5,7,0,0,3,0,0,0,0,1,1,6,6,1,29,6,1596,1,13,FORD FOCUS,4,E01000380,0,1
2024010504128,2024,010504128,3,9,0,2,2,0,0,0,0,0,0,0,0,0,3,1,6,6,3,-1,-1,1999,1,19,FORD FOCUS,-1,-1,0,-1
2024302400231,2024,302400231,1,9,0,16,19,2,5,0,0,0,1,10,8,4,1,1,6,6,1,18,4,1596,1,17,FORD FOCUS,9,E01008041,0,1
2024421443855,2024,421443855,2,9,0,-1,2,2,6,-1,0,0,0,0,0,0,2,1,-1,1,1,32,6,999,1,1,FORD FOCUS,5,E01034090,0,1
2024501412213,2024,501412213,1,9,0,-1,19,5,1,-1,0,0,0,0,0,0,1,1,-1,6,1,22,5,1560,2,16,FORD FOCUS,5,E01018904,0,1
2024501440386,2024,501440386,1,9,0,-1,19,3,7,-1,0,0,0,0,0,0,1,1,-1,9,1,49,8,1997,2,7,FORD FOCUS,2,E01015074,0,1
2024549598724,2024,549598724,2,9,0,4,4,5,1,0,0,1,0,0,0,0,2,1,6,6,2,30,6,1596,1,15,FORD FOCUS,7,E01031976,0,2
2024201411634,2024,201411634,1,9,0,-1,5,6,2,-1,0,0,0,0,0,0,4,1,-1,6,1,-1,-1,1499,2,8,FORD FOCUS,-1,-1,0,-1
2024440203564,2024,440203564,1,9,0,18,19,5,1,0,0,1,0,0,0,0,2,1,6,6,1,22,5,998,1,11,FORD FOCUS,1,E01017155,0,1
2024161403356,2024,161403356,3,9,0,-1,19,6,2,-1,0,8,0,0,0,0,0,1,-1,1,1,35,6,999,1,2,FORD FOCUS,2,E01012871,0,1
2024302500044,2024,302500044,1,9,0,-1,4,8,4,-1,0,0,0,0,0,0,2,1,-1,6,1,51,8,998,1,11,FORD FOCUS,8,E01028217,0,4
2024371480095,2024,371480095,2,9,0,-1,19,6,2,-1,0,8,0,0,0,0,2,1,-1,9,2,74,10,998,1,11,FORD FOCUS,5,E01015859,0,4
2024991458014,2024,991458014,1,9,0,-1,19,2,6,-1,0,0,0,0,0,0,1,1,-1,9,2,35,6,999,1,2,FORD FOCUS,7,-1,0,2
2024421491226,2024,421491226,2,9,0,-1,9,6,3,-1,0,1,1,0,0,0,1,1,-1,9,2,50,8,1560,2,10,FORD FOCUS,6,E01021406,0,1
2024161436575,2024,161436575,1,9,0,-1,12,5,1,-1,0,0,0,0,0,0,1,1,-1,6,3,-1,-1,1560,2,13,FORD FOCUS,-1,-1,0,-1
2024501468867,2024,501468867,1,9,0,-1,19,1,5,-1,0,0,0,0,0,0,1,9,-1,6,3,-1,-1,1596,1,17,FORD FOCUS,-1,-1,0,-1
2024501455532,2024,501455532,1,9,0,-1,19,5,2,-1,0,0,5,0,1,10,1,1,-1,6,2,18,4,2521,1,18,FORD FOCUS,5,E01020305,0,2
2024041464312,2024,041464312,2,9,0,-1,19,4,8,-1,0,1,0,0,0,0,1,1,-1,1,1,28,6,1999,1,8,FORD FOCUS,1,E01006881,0,2
2024421415950,2024,421415950,2,9,0,-1,5,1,2,-1,0,8,0,7,0,0,4,1,-1,6,1,34,6,1499,2,9,FORD FOCUS,1,E01034095,0,1
2024161517752,2024,161517752,3,9,0,-1,2,0,0,-1,0,0,0,0,0,0,2,1,-1,6,-1,-1,-1,999,1,9,FORD FOCUS,-1,-1,0,-1
2024440101824,2024,440101824,3,9,0,3,3,7,3,0,0,0,0,0,0,0,2,1,6,6,2,56,9,1596,1,18,FORD FOCUS,3,E01017189,0,1
2024010505618,2024,010505618,1,9,0,6,6,5,5,0,0,0,0,0,0,0,4,1,3,7,2,34,6,1999,1,16,FORD FOCUS,3,E01003256,0,1
2024631476253,2024,631476253,2,9,0,-1,9,1,7,-1,0,6,0,0,0,0,1,1,-1,6,3,-1,-1,1560,2,10,FORD FOCUS,-1,-1,0,-1
2024451492369,2024,451492369,2,9,0,-1,7,4,8,-1,0,8,0,0,0,0,4,1,-1,9,1,17,4,1997,2,9,FORD FOCUS,6,E01030653,0,1
2024461500459,2024,461500459,2,9,0,-1,19,3,7,-1,0,0,0,0,0,0,2,1,-1,9,1,63,9,1596,1,16,FORD FOCUS,1,E01024278,0,1
2024122400149,2024,122400149,2,9,0,7,7,3,7,0,0,1,0,0,0,0,2,1,6,6,1,65,9,1560,2,14,FORD FOCUS,3,E01027629,0,1
2024332400917,2024,332400917,2,9,0,-1,9,3,1,-1,0,5,0,0,0,0,1,1,-1,9,2,49,8,1499,2,8,FORD FOCUS,6,E01035099,0,1
2024320242630,2024,320242630,1,9,0,-1,-1,1,5,0,0,0,1,0,1,3,1,1,-1,-1,2,38,7,1560,2,13,FORD FOCUS,1,E01026112,0,1
2024052400866,2024,052400866,1,9,0,3,3,2,6,0,0,0,0,0,0,0,3,1,6,6,1,34,6,999,1,6,FORD FOCUS,6,E01006801,0,2
2024311497253,2024,311497253,1,9,0,-1,4,4,8,-1,0,0,0,0,0,0,1,1,-1,6,1,66,10,1499,2,9,FORD FOCUS,-1,-1,0,-1
2024440015387,2024,440015387,1,9,0,18,19,8,4,0,0,0,0,0,1,7,1,1,6,6,1,74,10,1560,2,14,FORD FOCUS,8,E01022650,0,2
2024010545405,2024,010545405,1,9,0,18,19,1,5,0,0,1,0,0,0,0,0,1,6,6,1,85,11,999,1,6,FORD FOCUS,-1,-1,0,-1
2024010508164,2024,010508164,1,9,0,3,3,1,5,0,0,0,0,0,0,0,2,1,6,6,1,35,6,999,1,8,FORD FOCUS,9,E01021583,0,3