collision_index,collision_year,collision_ref_no,vehicle_reference,vehicle_type,towing_and_articulation,vehicle_manoeuvre_historic,vehicle_manoeuvre,vehicle_direction_from,vehicle_direction_to,vehicle_location_restricted_lane_historic,vehicle_location_restricted_lane,junction_location,skidding_and_overturning,hit_object_in_carriageway,vehicle_leaving_carriageway,hit_object_off_carriageway,first_point_of_impact,vehicle_left_hand_drive,journey_purpose_of_driver_historic,journey_purpose_of_driver,sex_of_driver,age_of_driver,age_band_of_driver,engine_capacity_cc,propulsion_code,age_of_vehicle,generic_make_model,driver_imd_decile,lsoa_of_driver,escooter_flag,driver_distance_banding
2024461426319,2024,461426319,1,9,0,-1,19,2,8,-1,9,1,0,0,7,2,1,1,-1,6,1,31,6,1498,1,7,FORD FOCUS,2,E01000028,0,4
2024010499552,2024,010499552,1,9,0,99,99,9,9,99,99,9,9,99,9,99,2,9,6,6,1,-1,-1,1499,2,9,FORD FOCUS,3,E01003615,0,1
2024010513642,2024,010513642,1,9,0,18,19,3,7,0,0,1,5,7,0,0,1,1,6,6,1,34,6,1596,1,19,FORD FOCUS,-1,-1,0,-1
2024010544383,2024,010544383,2,9,0,18,19,7,3,0,0,0,0,0,0,0,1,1,6,6,1,29,6,998,1,11,FORD FOCUS,5,E01035575,0,3
2024010506524,2024,010506524,1,9,0,99,99,9,9,99,99,9,9,99,9,99,4,9,6,6,2,40,7,1596,1,14,FORD FOCUS,8,E01000538,0,1
2024451534537,2024,451534537,1,9,0,-1,19,3,1,-1,0,0,0,0,0,0,3,9,-1,6,1,59,9,1753,2,20,FORD FOCUS,9,E01030605,0,1
2024991450772,2024,991450772,1,9,0,-1,19,4,8,-1,0,1,0,0,0,0,1,1,-1,6,3,-1,-1,999,8,0,FORD FOCUS,-1,-1,0,-1
2024522401260,2024,522401260,4,9,0,3,3,5,1,0,0,0,0,0,0,0,2,1,6,6,2,78,11,1498,1,7,FORD FOCUS,10,E01014988,0,2
2024161498780,2024,161498780,3,9,0,-1,19,4,8,-1,0,0,0,0,0,0,0,1,-1,1,2,29,6,999,1,2,FORD FOCUS,9,E01035478,0,2
2024010513513,2024,010513513,2,9,0,9,9,1,6,0,0,1,0,0,0,0,1,1,6,6,2,38,7,1596,1,17,FORD FOCUS,-1,-1,0,-1
2024991492209,2024,991492209,2,9,0,-1,9,7,5,-1,0,5,0,0,0,0,3,1,-1,2,1,59,9,1499,2,3,FORD FOCUS,5,-1,0,1
2024101407968,2024,101407968,1,9,0,-1,9,1,7,-1,0,8,0,0,0,0,1,1,-1,6,1,30,6,1560,2,13,FORD FOCUS,2,E01008874,0,1
2024061405065,2024,061405065,1,9,0,-1,19,5,1,-1,0,1,2,10,1,1,1,1,-1,8,1,53,8,2261,1,1,FORD FOCUS,4,E01004986,0,2
2024061499081,2024,061499081,1,9,0,-1,3,-1,-1,-1,0,4,0,0,0,0,3,1,-1,9,1,23,5,1999,1,12,FORD FOCUS,5,E01006021,0,1
2024451525545,2024,451525545,1,9,0,-1,5,4,8,-1,0,8,0,0,0,0,1,1,-1,9,1,28,6,1596,1,13,FORD FOCUS,5,E01030843,0,3
2024361483730,2024,361483730,2,9,0,-1,19,3,7,-1,0,0,0,0,0,0,3,1,-1,6,1,38,7,999,1,1,FORD FOCUS,6,E01029945,0,4
2024421433497,2024,421433497,2,9,0,-1,2,0,0,-1,0,0,0,0,0,0,2,1,-1,6,-1,-1,-1,1596,1,11,FORD FOCUS,-1,-1,0,-1
2024010530177,2024,010530177,1,9,0,4,4,3,7,0,0,1,0,0,0,0,0,1,6,6,1,24,5,999,1,9,FORD FOCUS,2,E01033709,0,1
2024010487280,2024,010487280,2,9,0,18,19,2,6,0,0,1,0,4,0,0,1,1,6,6,1,52,8,999,1,3,FORD FOCUS,4,E01002101,0,2
2024131513618,2024,131513618,3,9,0,-1,19,5,1,-1,0,1,0,0,0,0,1,1,-1,6,1,37,7,1596,1,13,FORD FOCUS,1,E01011695,0,2
2024201558233,2024,201558233,3,9,0,-1,2,0,0,-1,9,8,0,0,0,0,3,1,-1,1,1,40,7,1560,2,12,FORD FOCUS,1,E01010060,0,1
2024991442911,2024,991442911,1,9,0,-1,19,3,6,-1,0,2,0,0,0,0,1,1,-1,7,1,43,7,1499,2,2,FORD FOCUS,5,-1,0,1
2024010533785,2024,010533785,1,9,0,3,3,1,5,0,0,7,0,0,0,0,3,1,2,2,2,57,9,1999,1,14,FORD FOCUS,5,E01033740,0,2
2024430113236,2024,430113236,2,9,0,2,2,0,0,0,0,0,0,0,0,0,2,1,6,6,1,27,6,1997,2,16,FORD FOCUS,7,E01032944,0,1
2024061454114,2024,061454114,2,9,0,-1,2,0,0,-1,0,1,0,0,0,0,2,1,-1,6,-1,-1,-1,999,1,10,FORD FOCUS,-1,-1,0,-1
2024010543887,2024,010543887,1,9,0,99,99,9,9,99,99,9,9,99,9,99,9,9,6,6,2,42,7,1596,1,12,FORD FOCUS,10,E01002286,0,1
2024401423202,2024,401423202,2,9,0,-1,6,8,8,-1,0,0,0,0,0,0,1,1,-1,6,1,24,5,1560,2,11,FORD FOCUS,7,E01016739,0,3
2024371513291,2024,371513291,1,9,0,-1,5,1,3,-1,0,8,0,0,0,0,3,1,-1,7,2,39,7,998,1,10,FORD FOCUS,8,E01030119,0,1
2024461480730,2024,461480730,1,9,0,-1,19,2,6,-1,0,0,1,4,1,11,1,1,-1,6,1,20,4,1753,2,18,FORD FOCUS,4,E01024111,0,1
2024041450673,2024,041450673,1,9,0,-1,19,5,1,-1,0,0,0,0,0,0,1,1,-1,6,1,38,7,999,1,5,FORD FOCUS,-1,-1,0,-1
2024010528144,2024,010528144,1,9,0,99,99,9,9,99,99,9,9,99,9,99,2,9,2,2,3,66,10,1596,1,17,FORD FOCUS,3,E01000062,0,1
2024332400697,2024,332400697,2,9,0,-1,7,9,9,-1,0,4,0,0,0,0,3,1,-1,6,1,-1,-1,1499,2,6,FORD FOCUS,-1,-1,0,-1
2024461414022,2024,461414022,3,9,0,-1,2,0,0,-1,0,0,0,0,0,0,3,1,-1,6,-1,-1,-1,1499,2,7,FORD FOCUS,-1,-1,0,-1
2024111473979,2024,111473979,2,9,0,-1,7,4,8,-1,0,5,0,0,0,0,2,1,-1,9,1,84,11,999,1,4,FORD FOCUS,3,E01033205,0,4
2024471526865,2024,471526865,1,9,0,-1,11,1,5,-1,0,1,0,0,0,0,4,1,-1,6,3,-1,-1,1596,1,19,FORD FOCUS,-1,-1,0,-1
2024131425936,2024,131425936,2,9,0,-1,19,5,1,-1,0,0,0,0,0,0,3,1,-1,2,1,43,7,999,1,1,FORD FOCUS,7,E01011383,0,2
2024010521270,2024,010521270,2,9,0,18,19,1,5,0,0,0,0,0,0,0,1,1,6,6,1,38,7,1596,1,11,FORD FOCUS,3,E01001213,0,1
2024131483666,2024,131483666,2,9,0,-1,4,5,1,-1,0,1,0,0,0,0,2,1,-1,6,2,62,9,999,1,8,FORD FOCUS,6,E01010765,0,2
2024320533235,2024,320533235,4,9,0,4,4,4,8,0,0,1,0,0,0,0,0,1,6,6,1,25,5,998,1,10,FORD FOCUS,9,E01008141,0,4
2024052402329,2024,052402329,1,9,0,8,8,7,1,0,0,8,0,0,0,0,3,1,6,6,2,41,7,999,1,5,FORD FOCUS,2,E01006966,0,1
2024201441020,2024,201441020,2,9,0,-1,19,1,5,-1,0,8,0,0,0,0,1,1,-1,9,1,54,8,1499,2,8,FORD FOCUS,1,E01009769,0,1
2024421415285,2024,421415285,1,9,0,-1,19,3,7,-1,0,4,5,9,1,0,1,1,-1,6,1,80,11,1999,1,18,FORD FOCUS,5,E01021380,0,1
2024010551304,2024,010551304,2,9,0,18,19,1,5,0,0,8,1,4,0,0,1,1,6,6,1,24,5,999,1,5,FORD FOCUS,-1,-1,0,-1
2024010500543,2024,010500543,1,9,0,99,99,9,9,99,99,9,9,99,9,99,1,9,6,6,3,48,8,999,1,6,FORD FOCUS,8,E01000389,0,1
2024631444137,2024,631444137,2,9,0,-1,4,6,2,-1,0,1,0,0,0,0,2,1,-1,6,2,32,6,1596,1,14,FORD FOCUS,5,W01000528,0,4
2024201448497,2024,201448497,2,9,0,-1,19,6,2,-1,0,8,0,0,0,0,1,9,-1,6,1,51,8,1560,2,10,FORD FOCUS,5,E01010069,0,1
2024351458072,2024,351458072,3,9,0,-1,19,3,7,-1,0,0,0,0,0,0,3,1,-1,6,1,39,7,999,1,7,FORD FOCUS,1,E01015597,0,4
2024161474671,2024,161474671,3,9,0,-1,19,2,6,-1,0,0,0,0,0,0,1,9,-1,6,2,28,6,1499,2,8,FORD FOCUS,1,E01013141,0,1
2024131528258,2024,131528258,2,9,0,-1,9,1,6,-1,0,8,0,0,0,0,1,1,-1,9,1,36,7,1596,1,19,FORD FOCUS,6,E01011734,0,1
2024201452369,2024,201452369,1,9,0,-1,19,8,4,-1,0,0,0,10,1,2,1,9,-1,6,1,63,9,1596,1,13,FORD FOCUS,1,E01009272,0,2
2024531426583,2024,531426583,1,9,0,-1,5,3,7,-1,0,8,0,0,0,0,3,1,-1,6,2,32,6,1997,2,9,FORD FOCUS,3,E01022159,0,2
2024520402146,2024,520402146,2,9,0,9,9,7,5,0,0,8,0,0,0,0,3,1,6,6,2,56,9,1995,2,5,FORD FOCUS,10,E01032080,0,4
2024131394104,2024,131394104,1,9,0,-1,9,5,3,-1,0,1,0,0,0,0,1,1,-1,6,2,24,5,1560,2,14,FORD FOCUS,2,E01010716,0,3
2024320439352,2024,320439352,1,9,0,13,13,8,4,0,0,1,1,0,7,9,1,1,6,6,1,-1,-1,1997,2,17,FORD FOCUS,-1,-1,0,-1
2024531500458,2024,531500458,1,9,0,-1,19,1,5,-1,0,1,0,0,0,0,1,1,-1,9,1,58,9,999,1,2,FORD FOCUS,9,E01022217,0,4
2024451440581,2024,451440581,1,9,0,-1,19,1,5,-1,0,0,0,0,0,0,2,1,-1,1,1,51,8,1499,2,2,FORD FOCUS,8,E01000812,0,4
2024440247792,2024,440247792,1,9,0,18,19,4,8,0,0,0,0,0,0,0,1,1,6,6,1,33,6,999,1,3,FORD FOCUS,4,E01028500,0,5
2024471467199,2024,471467199,1,9,0,-1,19,7,3,-1,0,0,1,4,0,0,1,1,-1,9,1,24,5,1596,1,17,FORD FOCUS,9,E01031793,0,1
2024101513735,2024,101513735,1,9,-1,-1,7,3,1,-1,0,0,0,0,0,0,-1,9,-1,6,1,67,10,999,1,9,FORD FOCUS,5,E01008758,0,1
2024361476912,2024,361476912,3,9,0,-1,4,6,2,-1,0,0,0,0,0,0,2,1,-1,9,2,56,9,1596,1,16,FORD FOCUS,7,E01026939,0,1
2024010523999,2024,010523999,1,9,0,8,8,1,3,0,0,2,0,0,0,0,3,1,6,6,1,34,6,1596,1,12,FORD FOCUS,-1,-1,0,-1
2024141468526,2024,141468526,1,9,0,-1,7,5,1,-1,0,4,0,0,0,0,4,1,-1,6,1,23,5,999,1,8,FORD FOCUS,1,E01007714,0,2
2024041457645,2024,041457645,3,9,0,-1,2,0,0,-1,0,0,0,0,0,0,2,1,-1,9,1,63,9,1560,2,12,FORD FOCUS,2,E01025044,0,2
2024421427181,2024,421427181,1,9,0,-1,19,6,1,-1,0,0,2,0,0,0,1,1,-1,9,1,19,4,998,1,12,FORD FOCUS,7,E01000427,0,4
2024332400547,2024,332400547,3,9,0,-1,2,0,0,-1,0,2,0,0,1,0,1,1,-1,6,3,-1,-1,1596,1,18,FORD FOCUS,-1,-1,0,-1
2024201533776,2024,201533776,1,9,0,-1,13,5,1,-1,0,0,5,10,7,0,3,1,-1,9,1,37,7,1798,1,16,FORD FOCUS,-1,-1,0,-1
2024361517842,2024,361517842,2,9,0,-1,4,3,1,-1,0,0,0,0,0,0,0,1,-1,6,1,40,7,1997,2,12,FORD FOCUS,3,E01026459,0,4
2024471501448,2024,471501448,2,9,0,-1,19,-1,-1,-1,0,0,0,0,0,0,1,1,-1,6,2,40,7,1560,2,11,FORD FOCUS,5,E01032836,0,1
2024122400861,2024,122400861,1,9,0,9,9,8,6,0,0,6,0,0,0,0,1,1,6,6,1,52,8,1596,1,13,FORD FOCUS,9,E01027672,0,1
2024302400841,2024,302400841,1,9,0,18,19,2,6,0,0,3,1,0,1,2,3,1,6,6,1,26,6,1798,1,17,FORD FOCUS,2,E01019699,0,3
2024061528491,2024,061528491,1,9,0,-1,2,5,5,-1,0,0,0,0,0,0,2,1,-1,8,1,27,6,999,8,0,FORD FOCUS,-1,-1,0,-1
2024440350908,2024,440350908,1,9,0,18,19,1,5,0,0,0,0,0,0,0,2,1,6,6,1,34,6,1798,1,15,FORD FOCUS,5,E01023285,0,3
2024471505140,2024,471505140,2,9,0,-1,19,5,1,-1,0,0,1,0,0,0,1,1,-1,2,1,44,7,1596,1,19,FORD FOCUS,5,E01031628,0,1
2024421413668,2024,421413668,1,9,0,-1,19,8,3,-1,0,6,0,0,7,0,1,1,-1,9,1,83,11,1596,1,18,FORD FOCUS,10,E01021248,0,2
2024010523966,2024,010523966,2,9,0,99,99,9,9,99,99,9,9,99,9,99,9,9,6,6,3,-1,-1,1596,1,16,FORD FOCUS,-1,-1,0,-1
2024010532050,2024,010532050,1,9,0,18,19,1,5,0,0,1,0,0,0,0,1,1,6,6,1,19,4,1596,1,14,FORD FOCUS,5,E01004741,0,1
2024461434062,2024,461434062,1,9,0,-1,7,3,7,-1,0,3,0,0,0,0,1,1,-1,6,1,18,4,1596,1,16,FORD FOCUS,2,E01024699,0,1
2024430279189,2024,430279189,3,9,0,18,19,5,1,0,0,0,0,0,0,0,2,1,6,6,1,60,9,1499,2,6,FORD FOCUS,-1,-1,0,-1
2024131457974,2024,131457974,1,9,0,-1,5,5,1,-1,0,0,0,0,0,0,1,1,-1,9,1,75,10,1560,2,10,FORD FOCUS,2,E01011837,0,1
2024010500732,2024,010500732,1,9,3,9,9,1,7,0,0,8,0,0,0,0,1,1,6,6,2,20,4,999,1,4,FORD FOCUS,7,E01002296,0,1
2024010535526,2024,010535526,1,9,9,99,99,9,9,99,99,0,9,8,9,99,9,1,6,6,2,31,6,1596,1,19,FORD FOCUS,3,E01000977,0,1
2024141447819,2024,141447819,2,9,0,-1,-1,-1,-1,-1,-1,0,-1,-1,-1,0,-1,9,-1,6,3,-1,-1,1596,1,20,FORD FOCUS,-1,-1,0,-1
2024201449766,2024,201449766,2,9,0,-1,9,4,2,-1,0,5,0,0,0,0,4,1,-1,9,1,51,8,999,1,6,FORD FOCUS,5,E01009279,0,1
2024481566749,2024,481566749,1,9,0,-1,19,7,1,-1,0,8,0,0,0,0,3,1,-1,9,1,45,7,998,1,11,FORD FOCUS,-1,-1,0,-1
2024421503730,2024,421503730,1,9,0,-1,19,7,3,-1,0,4,0,0,0,0,1,1,-1,1,1,32,6,999,1,5,FORD FOCUS,-1,-1,0,-1
2024010520555,2024,010520555,1,9,0,9,9,3,1,0,0,5,0,0,0,0,1,1,6,6,1,29,6,1596,1,16,FORD FOCUS,2,E01000526,0,1
2024421535734,2024,421535734,1,9,0,-1,19,7,3,-1,0,0,2,10,1,10,1,1,-1,6,1,41,7,1596,1,11,FORD FOCUS,8,E01035179,0,1
2024501399041,2024,501399041,2,9,0,-1,9,5,3,-1,0,8,0,0,0,0,1,1,-1,9,2,73,10,1596,1,11,FORD FOCUS,4,E01018965,0,2
2024371410922,2024,371410922,2,9,0,-1,10,7,5,-1,0,1,1,0,0,0,2,1,-1,9,2,45,7,1596,1,20,FORD FOCUS,6,E01033317,0,2
2024010501031,2024,010501031,2,9,0,18,19,7,3,0,0,1,0,0,0,0,1,1,6,6,3,-1,-1,1596,1,19,FORD FOCUS,-1,-1,0,-1
2024421430092,2024,421430092,2,9,0,-1,2,0,0,-1,0,0,0,4,0,0,3,1,-1,6,-1,-1,-1,1560,2,15,FORD FOCUS,-1,-1,0,-1
2024131419200,2024,131419200,2,9,0,-1,7,2,1,-1,-1,6,0,0,0,0,3,2,-1,2,1,58,9,1596,1,17,FORD FOCUS,4,E01010798,0,2
2024430422272,2024,430422272,2,9,0,17,19,1,7,0,0,0,0,0,0,0,1,1,6,6,2,48,8,999,1,9,FORD FOCUS,10,E01016430,0,2
2024361485917,2024,361485917,2,9,0,-1,2,-1,-1,-1,0,0,0,0,0,0,2,1,-1,2,2,20,4,999,1,9,FORD FOCUS,6,E01026922,0,3
2024052400479,2024,052400479,1,9,0,14,14,4,8,0,0,0,0,0,0,0,1,1,2,2,2,38,7,999,1,8,FORD FOCUS,7,E01006829,0,1
2024440344416,2024,440344416,1,9,0,9,9,5,3,0,0,8,0,0,0,0,4,1,6,6,1,54,8,998,1,12,FORD FOCUS,2,E01022833,0,1
2024461468642,2024,461468642,1,9,0,-1,19,2,6,-1,0,0,0,0,0,0,1,1,-1,7,2,43,7,998,1,10,FORD FOCUS,2,E01024214,0,1
2024141479001,2024,141479001,1,9,0,-1,19,1,5,-1,0,0,0,0,0,0,2,1,-1,9,1,20,4,1560,2,13,FORD FOCUS,2,E01019571,0,3
2024010547974,2024,010547974,1,9,0,18,19,5,1,0,0,0,0,0,0,0,1,1,6,6,3,-1,-1,1499,2,6,FORD FOCUS,-1,-1,0,-1
2024231508484,2024,231508484,1,9,0,-1,5,2,6,-1,0,6,0,0,1,9,3,1,-1,2,2,35,6,1596,1,12,FORD FOCUS,10,E01031155,0,2
2024010502738,2024,010502738,1,9,0,7,7,3,5,0,0,2,0,0,0,0,1,1,2,2,1,48,8,998,1,10,FORD FOCUS,6,E01004002,0,1
2024991541745,2024,991541745,1,9,0,-1,7,6,8,-1,0,6,0,0,0,0,3,1,-1,6,1,34,6,1560,2,11,FORD FOCUS,4,E01019215,0,4
2024411414906,2024,411414906,1,9,0,-1,19,1,5,-1,0,2,0,0,0,0,1,1,-1,2,1,43,7,1997,2,16,FORD FOCUS,7,E01023329,0,1
2024421517230,2024,421517230,2,9,0,-1,19,2,6,-1,0,0,0,0,0,0,1,1,-1,9,1,80,11,1499,2,5,FORD FOCUS,8,E01021411,0,2
2024071041822,2024,071041822,2,9,0,-1,4,5,1,-1,0,8,0,0,0,0,4,1,-1,1,1,48,8,1560,2,11,FORD FOCUS,1,E01012442,0,4
2024471482647,2024,471482647,3,9,0,-1,19,1,5,-1,0,0,0,0,0,0,1,1,-1,7,2,53,8,1596,1,15,FORD FOCUS,9,E01031593,0,1
2024461411045,2024,461411045,1,9,0,-1,19,6,2,-1,0,0,0,0,7,0,1,1,-1,6,1,87,11,1596,1,17,FORD FOCUS,3,E01016070,0,1
2024451484421,2024,451484421,1,9,0,-1,19,1,5,-1,0,0,5,0,0,0,1,1,-1,9,1,34,6,1596,1,10,FORD FOCUS,9,E01030934,0,1
2024552400179,2024,552400179,1,9,0,18,19,8,4,0,0,8,0,0,0,0,3,1,6,6,1,45,7,1498,1,9,FORD FOCUS,9,E01020558,0,2
202454E124024,2024,54E124024,1,9,0,18,19,2,6,0,0,1,0,0,0,0,1,1,6,6,2,26,6,1560,2,10,FORD FOCUS,2,E01015537,0,1
2024451421780,2024,451421780,2,9,0,-1,19,2,2,-1,0,1,0,0,0,0,1,1,-1,6,2,45,7,1499,2,9,FORD FOCUS,10,E01030811,0,2
2024010500377,2024,010500377,2,9,9,99,99,9,9,99,99,9,9,99,9,99,9,9,6,6,3,-1,-1,1999,1,16,FORD FOCUS,-1,-1,0,-1
2024471413913,2024,471413913,2,9,0,-1,19,6,2,-1,0,8,0,7,0,0,3,1,-1,6,2,65,9,1560,2,18,FORD FOCUS,5,E01021216,0,1
2024302401057,2024,302401057,2,9,0,2,2,0,0,0,0,0,0,0,0,0,2,1,6,6,2,62,9,1560,2,14,FORD FOCUS,5,E01013515,0,2
2024111406755,2024,111406755,1,9,0,-1,4,5,1,-1,0,0,0,0,0,0,1,1,-1,6,2,39,7,1560,2,12,FORD FOCUS,6,E01020608,0,3
2024991484846,2024,991484846,1,9,0,-1,19,4,8,-1,0,0,0,0,0,0,3,1,-1,6,2,30,6,1499,2,5,FORD FOCUS,3,-1,0,1
2024131453248,2024,131453248,2,9,0,-1,10,7,3,-1,0,8,0,0,0,0,3,1,-1,6,2,41,7,1596,1,15,FORD FOCUS,1,E01010802,0,1
2024041496483,2024,041496483,2,9,0,-1,19,1,5,-1,0,0,0,0,0,0,3,1,-1,9,1,22,5,1560,2,15,FORD FOCUS,6,E01025279,0,1
2024101418881,2024,101418881,1,9,0,-1,19,3,7,-1,0,0,0,0,0,0,1,1,-1,9,1,26,6,1596,1,14,FORD FOCUS,4,E01008361,0,2
2024622400450,2024,622400450,1,9,0,18,19,4,8,0,0,1,0,11,0,0,1,1,1,1,1,56,9,1560,2,10,FORD FOCUS,3,W01001205,0,3
2024451440376,2024,451440376,1,9,0,-1,9,1,5,-1,0,8,0,0,0,0,2,1,-1,9,1,61,9,998,1,10,FORD FOCUS,9,E01030781,0,1
2024542682424,2024,542682424,2,9,0,18,19,5,1,0,0,8,0,0,0,0,3,1,1,1,1,39,7,999,1,7,FORD FOCUS,5,E01015519,0,3
2024501445210,2024,501445210,1,9,0,-1,19,2,6,-1,0,1,0,0,0,0,1,1,-1,9,1,83,11,1499,2,7,FORD FOCUS,5,E01019031,0,2
2024070999967,2024,070999967,1,9,0,-1,19,6,6,-1,0,8,0,0,0,0,1,1,-1,9,1,49,8,1999,1,15,FORD FOCUS,3,E01012429,0,1
2024421407799,2024,421407799,1,9,0,-1,19,2,6,-1,0,0,1,0,1,0,1,1,-1,9,1,52,8,1999,1,11,FORD FOCUS,7,E01021882,0,1
2024461488248,2024,461488248,1,9,0,-1,19,7,3,-1,0,0,1,0,2,4,1,1,-1,9,1,27,6,1560,2,16,FORD FOCUS,6,E01024205,0,4
2024311413315,2024,311413315,1,9,0,-1,19,8,4,-1,0,1,0,0,0,0,3,1,-1,6,1,25,5,1560,2,11,FORD FOCUS,2,E01013957,0,1
2024991491462,2024,991491462,3,9,0,-1,19,1,6,-1,0,0,0,0,0,0,3,1,-1,9,2,53,8,1596,1,15,FORD FOCUS,-1,-1,0,-1
2024552400294,2024,552400294,1,9,0,7,7,2,4,0,0,6,0,0,0,0,4,1,3,7,2,26,6,1596,1,13,FORD FOCUS,5,E01020412,0,4
2024010510246,2024,010510246,1,9,0,3,3,3,7,99,99,9,9,99,0,0,2,1,6,6,2,28,6,1596,1,13,FORD FOCUS,3,E01003598,0,1
2024010537995,2024,010537995,1,9,0,9,9,1,8,0,0,1,0,0,0,0,1,1,2,2,1,22,5,1596,1,9,FORD FOCUS,1,E01002071,0,1
2024440392735,2024,440392735,2,9,0,7,7,3,5,0,0,4,0,0,0,0,1,1,6,6,1,39,7,1560,2,14,FORD FOCUS,1,E01022905,0,2
2024010512567,2024,010512567,2,9,9,99,99,9,9,99,99,9,9,99,9,99,9,9,6,6,2,-1,-1,998,1,12,FORD FOCUS,-1,-1,0,-1
2024430531958,2024,430531958,1,9,0,18,19,1,5,0,0,0,0,0,0,0,1,1,6,6,1,46,8,999,1,4,FORD FOCUS,2,E01004469,0,4
2024131509121,2024,131509121,1,9,0,-1,19,7,3,-1,0,3,0,0,6,1,3,1,-1,9,1,49,8,999,1,8,FORD FOCUS,5,E01011009,0,2
2024351427985,2024,351427985,1,9,-1,-1,-1,-1,-1,-1,-1,-1,-1,-1,-1,0,-1,9,-1,6,1,-1,-1,1997,2,16,FORD FOCUS,-1,-1,0,-1
2024332401092,2024,332401092,1,9,0,-1,19,2,6,-1,0,0,1,0,0,0,2,1,-1,9,1,50,8,1997,2,14,FORD FOCUS,7,E01025969,0,3
2024540227924,2024,540227924,1,9,0,9,9,6,4,0,0,1,0,0,0,0,1,1,6,6,1,66,10,1596,1,19,FORD FOCUS,8,E01032704,0,1
2024440050498,2024,440050498,2,9,0,9,9,4,2,0,0,6,0,0,0,0,3,1,6,6,1,61,9,1596,1,15,FORD FOCUS,2,E01023055,0,3
2024451410842,2024,451410842,3,9,0,-1,19,3,7,-1,0,1,0,0,0,0,0,1,-1,6,-1,-1,-1,1596,1,13,FORD FOCUS,-1,-1,0,-1
2024231396845,2024,231396845,2,9,0,-1,4,2,6,-1,0,1,0,0,0,0,2,9,-1,2,1,25,5,998,1,11,FORD FOCUS,7,E01031206,0,3
2024070082093,2024,070082093,1,9,0,13,13,7,3,0,0,0,0,0,0,0,1,1,6,6,1,37,7,1999,1,10,FORD FOCUS,9,E01018737,0,2
2024622400389,2024,622400389,1,9,0,18,19,1,5,0,0,8,0,0,0,0,3,1,6,6,2,47,8,999,1,1,FORD FOCUS,4,W01001148,0,1
2024070558065,2024,070558065,2,9,0,17,19,2,6,0,0,1,0,0,0,0,4,1,2,2,1,41,7,1596,1,9,FORD FOCUS,5,E01018689,0,2
2024161423397,2024,161423397,1,9,0,-1,19,7,3,-1,0,2,0,0,1,10,1,1,-1,1,1,72,10,1499,2,8,FORD FOCUS,2,E01012886,0,1
2024631421268,2024,631421268,2,9,0,-1,19,5,1,-1,0,8,0,0,0,0,3,1,-1,2,2,49,8,1560,2,11,FORD FOCUS,5,W01000566,0,1
2024361530224,2024,361530224,2,9,0,-1,19,8,6,-1,0,8,0,0,1,1,1,1,-1,9,1,28,6,1560,2,10,FORD FOCUS,5,E01026728,0,3
2024471397401,2024,471397401,2,9,0,-1,2,0,0,-1,0,2,0,0,7,10,1,1,-1,6,-1,-1,-1,998,1,11,FORD FOCUS,-1,-1,0,-1
2024351399457,2024,351399457,2,9,0,-1,13,7,3,-1,0,0,0,0,0,0,1,1,-1,2,1,25,5,1753,2,17,FORD FOCUS,1,E01015609,0,2
2024131531295,2024,131531295,2,9,0,-1,19,5,1,-1,0,8,0,0,0,0,3,1,-1,9,1,33,6,1499,2,6,FORD FOCUS,3,E01010981,0,1
2024320377311,2024,320377311,1,9,0,-1,-1,2,4,0,0,8,0,0,1,0,1,1,-1,-1,2,50,8,1560,2,10,FORD FOCUS,2,E01013852,0,4
2024201414571,2024,201414571,1,9,0,-1,19,7,3,-1,0,1,0,0,0,0,1,1,-1,9,1,35,6,1596,1,21,FORD FOCUS,2,E01009515,0,1
2024461470307,2024,461470307,1,9,0,-1,9,4,8,-1,0,8,0,0,0,0,1,1,-1,9,2,36,7,1596,1,18,FORD FOCUS,1,E01016083,0,1
2024440145643,2024,440145643,4,9,0,4,4,6,2,0,0,0,0,0,0,0,2,1,1,1,1,55,8,999,1,7,FORD FOCUS,9,E01035439,0,1
2024052402515,2024,052402515,1,9,0,9,9,3,1,0,0,8,0,0,0,0,4,1,6,6,2,45,7,998,1,12,FORD FOCUS,1,E01006500,0,3
2024361529513,2024,361529513,1,9,0,-1,14,6,2,-1,0,0,0,0,0,0,1,1,-1,9,2,84,11,1596,1,22,FORD FOCUS,3,E01026453,0,1
2024451523267,2024,451523267,1,9,0,-1,19,5,1,-1,0,0,0,10,1,4,1,2,-1,6,1,42,7,1988,1,23,FORD FOCUS,4,E01031576,0,2
2024421495252,2024,421495252,2,9,0,-1,5,3,7,-1,0,4,0,0,0,0,3,1,-1,9,1,34,6,1596,1,13,FORD FOCUS,5,E01022009,0,2
2024351469192,2024,351469192,1,9,-1,-1,-1,-1,-1,-1,-1,0,-1,-1,-1,0,-1,1,-1,6,1,72,10,1499,2,6,FORD FOCUS,8,E01026363,0,1
2024531461784,2024,531461784,1,9,0,-1,9,6,4,-1,0,8,0,0,0,0,4,1,-1,9,1,18,4,1596,1,14,FORD FOCUS,8,E01022279,0,3
2024041476869,2024,041476869,1,9,0,-1,19,1,5,-1,0,1,0,0,0,0,1,1,-1,6,3,-1,-1,999,1,9,FORD FOCUS,-1,-1,0,-1