collision_index,collision_year,collision_ref_no,vehicle_reference,vehicle_type,towing_and_articulation,vehicle_manoeuvre_historic,vehicle_manoeuvre,vehicle_direction_from,vehicle_direction_to,vehicle_location_restricted_lane_historic,vehicle_location_restricted_lane,junction_location,skidding_and_overturning,hit_object_in_carriageway,vehicle_leaving_carriageway,hit_object_off_carriageway,first_point_of_impact,vehicle_left_hand_drive,journey_purpose_of_driver_historic,journey_purpose_of_driver,sex_of_driver,age_of_driver,age_band_of_driver,engine_capacity_cc,propulsion_code,age_of_vehicle,generic_make_model,driver_imd_decile,lsoa_of_driver,escooter_flag,driver_distance_banding
2024061509893,2024,061509893,2,9,0,-1,2,0,0,-1,-1,1,0,0,0,0,2,1,-1,6,-1,-1,-1,1596,1,14,FORD FOCUS,-1,-1,0,-1
2024552401466,2024,552401466,2,9,0,5,5,4,8,0,0,8,0,0,0,0,3,1,6,6,2,48,8,1596,1,18,FORD FOCUS,8,E01015319,0,2
2024451427162,2024,451427162,2,9,0,-1,5,3,6,-1,0,4,0,0,0,0,3,1,-1,9,1,73,10,1596,1,10,FORD FOCUS,10,E01030386,0,1
2024311399721,2024,311399721,1,9,0,-1,19,3,8,-1,0,1,0,0,0,0,1,1,-1,9,1,25,5,1596,1,17,FORD FOCUS,-1,-1,0,-1
2024052400628,2024,052400628,1,9,0,18,19,2,8,0,0,1,0,0,0,0,4,1,6,6,1,37,7,1499,2,7,FORD FOCUS,3,E01006681,0,2
2024991440952,2024,991440952,2,9,0,-1,19,7,3,-1,0,0,0,0,0,0,1,1,-1,6,1,47,8,1499,2,8,FORD FOCUS,9,-1,0,3
2024430604445,2024,430604445,1,9,0,13,13,8,4,0,0,1,0,0,0,0,1,1,6,6,2,42,7,1499,2,9,FORD FOCUS,8,E01017715,0,1
2024471436728,2024,471436728,2,9,0,-1,11,6,2,-1,0,1,0,0,0,0,1,1,-1,9,1,59,9,1995,2,3,FORD FOCUS,6,E01031375,0,2
2024471428078,2024,471428078,2,9,0,-1,19,1,5,-1,0,0,0,0,0,0,4,1,-1,6,1,68,10,1388,1,23,FORD FOCUS,1,E01016868,0,1
2024052400957,2024,052400957,4,9,0,2,2,0,0,0,0,1,0,4,7,0,1,1,6,6,3,-1,-1,1596,1,20,FORD FOCUS,-1,-1,0,-1
2024411440226,2024,411440226,1,9,0,-1,19,1,5,-1,0,0,0,0,0,0,1,1,-1,6,1,37,7,1560,2,13,FORD FOCUS,5,E01018158,0,4
2024201440156,2024,201440156,2,9,0,-1,4,2,6,-1,0,8,0,0,0,0,2,1,-1,9,1,23,5,999,1,4,FORD FOCUS,1,E01009375,0,1
2024201462022,2024,201462022,1,9,0,-1,19,2,6,-1,0,6,0,0,0,0,3,1,-1,2,1,22,5,999,1,9,FORD FOCUS,2,E01009991,0,2
2024161503206,2024,161503206,2,9,0,-1,2,0,0,-1,0,2,0,0,0,0,2,1,-1,6,-1,-1,-1,999,1,9,FORD FOCUS,-1,-1,0,-1
2024041455049,2024,041455049,1,9,0,-1,19,7,3,-1,0,0,0,0,0,0,1,1,-1,6,3,-1,-1,1499,2,7,FORD FOCUS,-1,-1,0,-1
2024547917024,2024,547917024,2,9,0,2,2,0,0,0,0,0,0,0,0,0,1,1,6,6,3,-1,-1,1560,2,12,FORD FOCUS,-1,-1,0,-1
2024421401979,2024,421401979,2,9,0,-1,4,5,1,-1,0,0,0,0,0,0,2,1,-1,9,2,64,9,1499,2,8,FORD FOCUS,2,E01021286,0,3
2024991445031,2024,991445031,1,9,0,-1,9,5,3,-1,0,5,0,0,0,0,1,1,-1,6,1,45,7,1499,2,6,FORD FOCUS,5,-1,0,1
2024451514375,2024,451514375,1,9,0,-1,19,3,7,-1,0,0,0,4,0,0,1,2,-1,6,-1,-1,-1,1596,1,14,FORD FOCUS,-1,-1,0,-1
2024451494185,2024,451494185,1,9,0,-1,9,4,8,-1,0,0,0,0,0,0,1,1,-1,2,2,39,7,1596,1,9,FORD FOCUS,9,E01030712,0,2
2024991448587,2024,991448587,2,9,0,-1,19,8,5,-1,0,0,0,0,0,0,1,1,-1,6,1,74,10,1798,1,14,FORD FOCUS,1,-1,0,1
2024010519118,2024,010519118,1,9,0,18,19,6,2,0,0,8,0,10,4,1,3,1,6,6,1,48,8,998,1,11,FORD FOCUS,3,E01031350,0,4
2024991419768,2024,991419768,1,9,0,-1,9,1,8,-1,0,0,0,0,0,0,1,1,-1,6,2,26,6,1560,2,12,FORD FOCUS,2,-1,0,2
2024991478968,2024,991478968,2,9,0,-1,19,2,6,-1,0,0,0,0,0,0,2,1,-1,9,1,23,5,999,1,5,FORD FOCUS,10,-1,0,4
2024332401136,2024,332401136,4,9,0,-1,19,5,1,-1,0,0,0,0,0,0,2,1,-1,6,1,55,8,1596,1,15,FORD FOCUS,6,E01013764,0,1
2024141395326,2024,141395326,1,9,0,-1,19,5,1,-1,0,0,0,4,0,0,1,1,-1,9,1,59,9,1798,1,16,FORD FOCUS,4,E01007819,0,1
2024451524028,2024,451524028,2,9,0,-1,7,3,5,-1,0,1,0,0,0,0,3,1,-1,9,1,81,11,1753,2,18,FORD FOCUS,9,E01030781,0,1
2024440027292,2024,440027292,1,9,0,18,19,4,8,0,0,8,0,0,0,0,1,1,6,6,2,43,7,1560,2,12,FORD FOCUS,2,E01023055,0,1
2024320278984,2024,320278984,2,9,0,4,4,8,4,0,0,0,0,0,1,0,2,1,-1,-1,2,28,6,1798,1,14,FORD FOCUS,2,E01028029,0,5
2024010545258,2024,010545258,2,9,0,9,9,7,5,0,0,2,1,0,0,0,4,1,6,6,2,33,6,1596,1,17,FORD FOCUS,1,E01015887,0,4
2024010508060,2024,010508060,2,9,0,99,99,9,9,99,99,9,9,99,9,99,1,9,6,6,3,-1,-1,1499,2,8,FORD FOCUS,-1,-1,0,-1
2024161410730,2024,161410730,1,9,0,-1,19,5,1,-1,0,0,1,0,0,0,3,1,-1,6,2,28,6,1753,2,16,FORD FOCUS,4,E01013246,0,3
2024061516656,2024,061516656,2,9,-1,-1,5,1,2,-1,0,1,0,8,0,0,1,9,-1,6,1,29,6,1596,1,14,FORD FOCUS,-1,-1,0,-1
2024061475230,2024,061475230,2,9,0,-1,4,7,3,-1,0,0,0,0,0,0,2,1,-1,9,2,48,8,1560,2,11,FORD FOCUS,6,W01000319,0,4
2024101445987,2024,101445987,2,9,0,-1,3,4,8,-1,0,0,0,0,0,0,2,1,-1,9,1,41,7,1753,2,20,FORD FOCUS,1,E01008289,0,1
2024351510336,2024,351510336,1,9,0,-1,19,1,5,-1,0,0,2,0,1,0,1,1,-1,6,1,40,7,1596,1,25,FORD FOCUS,10,E01018124,0,3
2024311498449,2024,311498449,2,9,0,-1,19,1,5,-1,0,0,0,0,0,0,1,1,-1,1,1,21,5,999,1,4,FORD FOCUS,-1,-1,0,-1
2024010518147,2024,010518147,2,9,0,99,99,9,9,99,99,9,9,99,9,99,9,9,6,6,3,-1,-1,999,1,7,FORD FOCUS,-1,-1,0,-1
2024991477091,2024,991477091,2,9,0,-1,19,4,8,-1,0,0,0,0,0,0,1,1,-1,6,1,32,6,1596,1,9,FORD FOCUS,-1,-1,0,-1
2024101433752,2024,101433752,2,9,0,-1,19,7,3,-1,0,1,0,0,0,0,4,1,-1,6,1,68,10,999,1,6,FORD FOCUS,5,E01008686,0,1
2024461462104,2024,461462104,1,9,0,-1,19,5,4,-1,9,0,0,0,0,0,1,9,-1,6,1,37,7,998,1,11,FORD FOCUS,3,E01016171,0,2
2024520001617,2024,520001617,2,9,0,18,19,3,7,0,0,0,0,4,0,0,4,1,6,6,3,-1,-1,1753,2,17,FORD FOCUS,-1,-1,0,-1
2024070739591,2024,070739591,1,9,0,-1,13,5,1,-1,0,8,0,0,0,0,1,1,-1,9,1,44,7,1999,1,7,FORD FOCUS,7,E01018623,0,1
2024311402998,2024,311402998,2,9,0,-1,10,6,7,-1,0,1,1,0,0,0,3,1,-1,2,2,38,7,999,1,6,FORD FOCUS,6,E01013887,0,1
2024371425104,2024,371425104,1,9,0,-1,9,5,3,-1,0,1,0,0,0,0,3,9,-1,9,1,40,7,1596,1,16,FORD FOCUS,3,E01029996,0,1
2024440197674,2024,440197674,2,9,0,18,19,5,1,0,0,8,0,0,0,0,1,1,6,6,1,50,8,999,1,3,FORD FOCUS,10,E01022896,0,1
2024421456017,2024,421456017,2,9,0,-1,19,7,3,-1,0,0,0,0,0,0,2,1,-1,6,2,36,7,1997,2,12,FORD FOCUS,5,E01015951,0,1
2024122500462,2024,122500462,1,9,0,18,19,4,8,0,0,6,0,0,0,0,3,1,6,6,1,48,8,1596,1,16,FORD FOCUS,4,E01011644,0,3
2024101406655,2024,101406655,1,9,0,-1,19,7,3,-1,0,0,0,0,0,0,1,9,-1,6,1,-1,-1,1499,2,8,FORD FOCUS,-1,-1,0,-1
2024440241121,2024,440241121,1,9,0,18,19,1,5,0,0,0,0,0,0,0,4,1,6,6,1,41,7,1596,1,18,FORD FOCUS,-1,-1,0,-1
2024302500283,2024,302500283,3,9,0,-1,19,7,3,-1,0,0,0,0,0,0,1,1,-1,9,1,27,6,999,1,1,FORD FOCUS,1,E01006040,0,4
2024991527855,2024,991527855,2,9,0,-1,19,6,2,-1,0,0,0,0,0,0,1,1,-1,9,2,34,6,1499,2,4,FORD FOCUS,8,-1,0,1
2024311484057,2024,311484057,1,9,0,-1,1,7,3,-1,0,0,0,0,0,0,2,1,-1,6,1,31,6,999,1,5,FORD FOCUS,8,E01028405,0,2
2024031493454,2024,031493454,2,9,0,-1,19,8,4,-1,0,0,0,0,0,0,2,1,-1,6,1,82,11,1560,2,10,FORD FOCUS,1,E01019193,0,1
2024111500293,2024,111500293,1,9,0,-1,5,3,7,-1,0,6,0,0,0,0,1,1,-1,6,1,37,7,1560,2,9,FORD FOCUS,2,E01034501,0,2
2024010495346,2024,010495346,1,9,0,3,3,5,1,0,0,1,0,0,0,0,1,1,6,6,2,35,6,1596,1,14,FORD FOCUS,-1,-1,0,-1
2024440524245,2024,440524245,1,9,0,18,19,1,5,0,0,1,0,0,0,0,1,1,6,6,1,20,4,1560,2,12,FORD FOCUS,7,E01022690,0,3
2024052401399,2024,052401399,1,9,0,18,19,6,2,0,0,0,0,0,0,0,4,1,6,6,1,37,7,1560,2,13,FORD FOCUS,1,E01006356,0,4
2024041429792,2024,041429792,2,9,0,-1,4,5,1,-1,0,0,1,0,0,0,2,1,-1,2,1,56,9,999,1,2,FORD FOCUS,5,E01006499,0,4
2024010545070,2024,010545070,3,9,0,4,4,5,1,0,0,0,0,0,0,0,4,1,6,6,1,39,7,1596,1,16,FORD FOCUS,-1,-1,0,-1
2024631447456,2024,631447456,2,9,0,-1,9,6,4,-1,0,6,0,0,0,0,4,1,-1,6,2,77,11,1560,2,14,FORD FOCUS,3,W01000607,0,1
2024010507074,2024,010507074,3,9,0,18,19,1,5,0,0,8,0,0,0,0,1,1,6,6,1,20,4,1596,1,11,FORD FOCUS,6,E01003772,0,1
2024440482489,2024,440482489,3,9,0,4,4,3,7,6,6,0,0,0,0,0,2,1,6,6,2,44,7,1560,2,11,FORD FOCUS,1,E01017077,0,2
2024430570944,2024,430570944,1,9,0,9,9,5,3,0,0,6,0,0,0,0,3,1,6,6,1,-1,-1,1560,2,14,FORD FOCUS,-1,-1,0,-1
2024471536083,2024,471536083,2,9,0,-1,19,6,2,-1,0,0,0,0,0,0,1,1,-1,6,1,22,5,2521,1,18,FORD FOCUS,3,E01021017,0,2
2024061444321,2024,061444321,3,9,0,-1,19,4,8,-1,0,0,0,0,0,0,1,1,-1,9,1,52,8,999,8,0,FORD FOCUS,1,E01032920,0,1
2024461543574,2024,461543574,2,9,0,-1,19,2,4,-1,0,8,0,0,1,0,3,1,-1,9,1,66,10,999,1,8,FORD FOCUS,9,E01024825,0,3
2024430265512,2024,430265512,2,9,0,17,19,2,7,0,0,1,0,0,0,0,1,1,6,6,1,41,7,1997,2,10,FORD FOCUS,5,E01028554,0,1
2024340NN4362,2024,340NN4362,1,9,0,-1,19,1,5,-1,0,1,1,0,0,0,1,1,-1,6,2,36,7,1596,1,14,FORD FOCUS,1,E01027168,0,2
2024440142152,2024,440142152,1,9,0,17,19,6,3,0,0,1,1,10,1,9,1,1,6,6,1,17,4,1596,1,12,FORD FOCUS,10,E01032854,0,2
2024061397411,2024,061397411,1,9,0,-1,19,2,6,-1,0,1,0,0,0,0,3,1,-1,2,2,45,7,1596,1,11,FORD FOCUS,-1,-1,0,-1
2024421480302,2024,421480302,1,9,0,-1,19,5,1,-1,0,0,1,0,0,0,1,1,-1,2,1,32,6,1596,1,15,FORD FOCUS,5,E01003639,0,4
2024010547221,2024,010547221,2,9,0,10,10,7,5,0,0,1,0,0,0,0,4,1,6,6,1,37,7,1499,2,9,FORD FOCUS,8,E01001062,0,3
2024101460579,2024,101460579,2,9,0,-1,10,1,5,-1,0,1,1,0,0,0,2,1,-1,9,2,43,7,1499,2,8,FORD FOCUS,2,E01027443,0,1
2024010505776,2024,010505776,2,9,0,99,99,9,9,99,99,9,9,99,9,99,9,9,6,6,3,-1,-1,998,1,11,FORD FOCUS,-1,-1,0,-1
2024070788497,2024,070788497,1,9,0,-1,9,3,1,-1,0,8,0,0,0,0,1,1,-1,6,1,60,9,1499,2,3,FORD FOCUS,7,E01018736,0,2
2024440102669,2024,440102669,1,9,0,4,4,6,2,0,0,1,0,0,0,0,2,1,6,6,2,34,6,1596,1,14,FORD FOCUS,2,E01023055,0,3
2024411412340,2024,411412340,2,9,0,-1,19,1,5,-1,9,6,0,0,0,0,4,1,-1,1,1,36,7,1596,1,13,FORD FOCUS,9,E01023477,0,1
2024161501464,2024,161501464,1,9,0,-1,3,8,4,-1,0,0,0,0,0,0,2,9,-1,6,2,18,4,998,1,12,FORD FOCUS,9,E01012812,0,1
2024320052297,2024,320052297,1,9,0,4,4,6,2,0,0,0,0,0,0,0,1,1,6,6,2,27,6,1388,1,20,FORD FOCUS,3,E01026042,0,3
2024451419592,2024,451419592,1,9,0,-1,9,8,6,-1,0,0,2,0,0,0,3,1,-1,9,2,70,10,1596,1,19,FORD FOCUS,2,E01002530,0,4
2024361518217,2024,361518217,2,9,0,-1,4,-1,-1,-1,0,0,0,0,0,0,2,1,-1,7,2,34,6,1560,2,13,FORD FOCUS,1,E01026641,0,1
2024991548633,2024,991548633,1,9,0,-1,9,7,4,-1,0,3,0,0,0,0,3,1,-1,9,1,73,10,1499,2,7,FORD FOCUS,-1,-1,0,-1
2024201485842,2024,201485842,2,9,0,-1,9,8,6,-1,0,5,0,0,0,0,4,1,-1,9,2,38,7,1596,1,14,FORD FOCUS,-1,-1,0,-1
2024302401140,2024,302401140,2,9,0,18,19,2,6,0,0,1,0,0,0,0,3,1,6,6,1,30,6,1596,1,15,FORD FOCUS,6,E01019660,0,1
2024471477407,2024,471477407,2,9,0,-1,19,7,3,-1,0,1,0,0,0,0,1,1,-1,9,1,51,8,1560,2,12,FORD FOCUS,6,E01034304,0,1
2024201515685,2024,201515685,1,9,0,-1,19,6,2,-1,0,4,0,0,0,0,1,1,-1,6,1,82,11,1596,1,17,FORD FOCUS,-1,-1,0,-1
2024131421370,2024,131421370,2,9,0,-1,5,4,8,-1,0,0,0,0,0,0,2,1,-1,9,1,38,7,1796,1,19,FORD FOCUS,5,E01011089,0,2
2024010542474,2024,010542474,1,9,0,99,99,9,9,99,99,9,9,99,9,99,9,9,6,6,1,44,7,2261,1,5,FORD FOCUS,7,E01000288,0,1
2024461427008,2024,461427008,1,9,0,-1,19,5,1,-1,0,7,0,0,0,0,3,9,-1,6,3,-1,-1,999,1,7,FORD FOCUS,-1,-1,0,-1
2024991480057,2024,991480057,2,9,0,-1,19,6,2,-1,0,1,0,0,0,0,1,1,-1,9,1,49,8,1596,1,15,FORD FOCUS,7,E01013419,0,5
2024061473062,2024,061473062,4,9,0,-1,19,3,6,-1,0,0,1,0,0,0,1,1,-1,9,1,37,7,1499,2,9,FORD FOCUS,1,E01006025,0,1
2024201482781,2024,201482781,1,9,0,-1,7,-1,-1,-1,0,8,0,0,0,0,3,9,-1,6,3,-1,-1,1560,2,11,FORD FOCUS,-1,-1,0,-1
2024351473681,2024,351473681,1,9,0,-1,19,2,6,-1,0,0,0,0,0,0,1,1,-1,9,2,49,8,1596,1,20,FORD FOCUS,7,E01033181,0,1
2024101442447,2024,101442447,2,9,0,-1,19,7,3,-1,0,8,0,0,0,0,1,2,-1,2,2,38,7,999,1,5,FORD FOCUS,-1,-1,0,-1
2024421465566,2024,421465566,1,9,0,-1,20,1,5,-1,9,0,0,4,0,0,1,1,-1,6,1,25,5,1596,1,11,FORD FOCUS,-1,-1,0,-1
2024010489009,2024,010489009,2,9,0,99,99,9,9,99,99,9,9,99,9,99,1,9,6,6,3,37,7,999,1,9,FORD FOCUS,-1,-1,0,-1
2024052400901,2024,052400901,2,9,0,4,4,4,1,0,0,1,0,0,0,0,2,1,6,6,2,36,7,1560,2,12,FORD FOCUS,4,E01025523,0,2
2024552400172,2024,552400172,2,9,0,3,3,5,1,0,0,0,0,0,0,0,2,1,6,6,2,36,7,1560,2,17,FORD FOCUS,7,E01015414,0,1
2024111414097,2024,111414097,1,9,0,-1,19,5,1,-1,0,1,0,9,0,0,1,1,-1,2,1,52,8,1997,2,9,FORD FOCUS,5,E01012363,0,1
2024531434647,2024,531434647,3,9,0,-1,4,3,7,-1,0,0,0,0,0,0,2,1,-1,1,1,36,7,999,1,6,FORD FOCUS,8,E01022280,0,1
2024161491507,2024,161491507,1,9,0,-1,19,3,7,-1,0,0,0,0,0,0,1,1,-1,6,1,43,7,1499,2,6,FORD FOCUS,3,E01011761,0,4
2024430227117,2024,430227117,1,9,0,9,9,6,4,0,0,8,0,0,0,0,1,1,6,6,1,29,6,999,1,3,FORD FOCUS,7,E01028733,0,1
2024010537391,2024,010537391,1,9,0,1,1,1,5,9,9,0,0,0,0,0,2,1,6,6,1,35,6,1596,1,15,FORD FOCUS,4,E01001724,0,1
202417H108124,2024,17H108124,1,9,0,-1,19,3,7,-1,0,1,0,0,0,0,1,1,-1,9,1,-1,-1,1596,1,12,FORD FOCUS,5,E01011967,0,1
2024311426953,2024,311426953,1,9,0,-1,19,1,5,-1,-1,0,1,0,1,6,4,1,-1,2,1,33,6,1753,2,16,FORD FOCUS,5,E01027970,0,3
2024440134610,2024,440134610,1,9,0,9,9,6,4,0,0,8,0,0,0,0,1,1,6,6,1,21,5,1798,1,14,FORD FOCUS,4,E01017339,0,1
2024052402406,2024,052402406,1,9,0,5,5,1,5,0,0,4,0,0,0,0,3,1,6,6,1,37,7,1560,2,12,FORD FOCUS,3,E01006916,0,1
2024522401716,2024,522401716,2,9,9,18,19,1,5,0,0,1,0,0,0,0,1,1,6,6,3,-1,-1,1560,2,13,FORD FOCUS,-1,-1,0,-1
2024430145074,2024,430145074,2,9,0,3,3,2,6,0,0,0,0,0,0,0,2,1,6,6,2,51,8,-1,3,7,-1,10,E01027027,0,4
2024361520652,2024,361520652,2,5,0,-1,19,4,8,-1,0,0,0,0,0,0,1,1,-1,9,1,28,6,1690,1,8,-1,4,E01018083,0,4
2024311532676,2024,311532676,1,3,-1,-1,-1,-1,-1,-1,-1,-1,-1,-1,-1,0,-1,1,-1,6,1,-1,-1,1130,1,19,-1,-1,-1,0,-1
2024471485156,2024,471485156,1,5,0,-1,19,6,2,-1,0,1,1,10,0,0,1,1,-1,9,1,56,9,1130,1,22,-1,6,E01021054,0,1
2024131531380,2024,131531380,2,19,0,-1,19,1,5,-1,0,0,0,0,0,0,1,1,-1,9,1,53,8,4009,2,8,-1,1,E01010748,0,4
2024351429965,2024,351429965,2,5,-1,-1,-1,-1,-1,-1,-1,0,-1,-1,-1,0,-1,1,-1,9,1,56,9,1261,1,15,-1,4,E01023794,0,4
2024101403985,2024,101403985,1,5,0,-1,13,5,1,-1,0,1,5,0,0,0,1,1,-1,9,1,62,9,1261,1,12,-1,10,E01008497,0,4
2024320215534,2024,320215534,2,5,0,-1,-1,7,3,0,0,0,0,0,0,0,3,1,-1,-1,1,55,8,1261,1,16,-1,4,E01026256,0,4
2024131485742,2024,131485742,1,5,0,-1,19,8,4,-1,0,0,0,0,7,0,1,1,-1,9,1,45,7,1084,1,22,-1,6,E01010816,0,3
2024522402311,2024,522402311,1,5,0,18,19,2,6,0,0,1,0,0,1,11,1,1,6,6,1,45,7,1261,1,18,-1,10,E01014940,0,1
2024631447789,2024,631447789,1,5,0,-1,19,1,6,-1,0,0,1,0,2,10,3,1,-1,9,1,62,9,1811,1,3,-1,2,E01013195,0,5
202460Q090841,2024,60Q090841,3,9,0,18,19,2,6,0,0,1,0,0,1,4,1,1,6,6,1,35,6,2198,2,17,JAGUAR X TYPE,-1,-1,0,-1
2024401477171,2024,401477171,2,9,0,-1,19,2,5,-1,0,3,0,10,1,2,2,1,-1,9,1,68,10,2198,2,16,JAGUAR X TYPE,5,E01015786,0,4
2024161482409,2024,161482409,1,9,0,-1,19,7,3,-1,0,1,0,0,0,0,1,1,-1,9,1,39,7,1988,2,16,JAGUAR X TYPE,1,E01012856,0,1
2024211526932,2024,211526932,3,9,0,-1,19,1,5,-1,0,0,0,4,0,0,4,1,-1,6,1,81,11,2198,2,17,JAGUAR X TYPE,2,E01010417,0,3
2024361522848,2024,361522848,1,9,0,-1,4,1,6,-1,0,2,5,0,1,0,0,1,-1,9,1,63,9,1998,2,16,JAGUAR X TYPE,2,E01018071,0,3
2024031426469,2024,031426469,2,9,0,-1,4,7,3,-1,0,1,0,0,0,0,1,1,-1,9,1,23,5,2198,2,15,JAGUAR X TYPE,-1,-1,0,-1
2024201422706,2024,201422706,2,9,0,-1,3,3,1,-1,0,1,0,0,0,0,2,9,-1,9,1,45,7,2198,2,15,JAGUAR X TYPE,10,E01010387,0,2
2024351428247,2024,351428247,1,9,-1,-1,-1,-1,-1,-1,-1,0,-1,-1,-1,0,-1,9,-1,6,2,26,6,2495,1,21,JAGUAR X TYPE,5,E01015655,0,1
2024070069597,2024,070069597,2,9,0,18,19,2,2,0,0,1,0,0,0,0,1,1,6,6,2,89,11,2967,1,19,JAGUAR X TYPE,6,E01012401,0,1
2024201531942,2024,201531942,1,9,0,-1,4,8,4,-1,0,0,0,0,0,0,1,1,-1,6,1,81,11,2099,1,20,JAGUAR X TYPE,6,E01010078,0,1
2024471526192,2024,471526192,2,9,0,-1,2,0,0,-1,0,0,0,0,0,0,3,1,-1,6,1,62,9,2496,1,22,JAGUAR X TYPE,10,E01031383,0,1
2024141412216,2024,141412216,3,9,0,-1,19,8,4,-1,0,0,0,0,0,0,3,1,-1,6,1,29,6,2198,2,17,JAGUAR X TYPE,1,E01008094,0,1
2024010491093,2024,010491093,5,9,0,2,2,0,0,0,0,0,0,0,0,0,3,1,6,6,3,-1,-1,2496,1,20,JAGUAR X TYPE,-1,-1,0,-1
2024471396491,2024,471396491,1,9,0,-1,19,8,4,-1,0,0,0,0,7,0,1,1,-1,9,1,52,8,1988,2,19,JAGUAR X TYPE,8,E01031617,0,2
2024371407204,2024,371407204,1,9,0,-1,19,5,1,-1,0,0,0,4,0,0,1,1,-1,2,1,59,9,1998,2,15,JAGUAR X TYPE,4,E01026894,0,3
2024320695051,2024,320695051,1,9,0,-1,-1,2,6,0,0,0,0,0,0,0,1,1,-1,-1,1,26,6,2198,2,18,JAGUAR X TYPE,6,E01026349,0,4
2024141492869,2024,141492869,1,9,0,-1,2,0,0,-1,0,0,0,0,0,0,4,1,-1,9,1,46,8,2198,2,15,JAGUAR X TYPE,6,E01007981,0,1
2024010498700,2024,010498700,1,9,0,17,19,6,2,0,0,1,0,0,7,0,1,1,6,6,1,32,6,1998,2,15,JAGUAR X TYPE,-1,-1,0,-1
2024461451821,2024,461451821,1,9,0,-1,-1,-1,-1,-1,0,0,0,0,0,0,-1,9,-1,6,3,-1,-1,2496,1,18,JAGUAR X TYPE,-1,-1,0,-1
2024421443992,2024,421443992,1,9,0,-1,19,1,5,-1,0,1,0,0,0,0,1,9,-1,6,1,-1,-1,1988,2,18,JAGUAR X TYPE,-1,-1,0,-1
2024221506360,2024,221506360,1,9,0,-1,9,1,7,-1,0,6,0,0,0,0,1,1,-1,6,1,30,6,2099,2,18,JAGUAR X TYPE,4,E01014169,0,1
2024421544704,2024,421544704,1,9,0,-1,-1,-1,-1,-1,-1,0,-1,-1,-1,0,-1,9,-1,6,1,41,7,2198,2,16,JAGUAR X TYPE,4,E01021642,0,1
2024552500110,2024,552500110,1,9,0,18,19,6,2,0,0,0,0,0,0,0,3,1,6,6,3,-1,-1,1998,2,16,JAGUAR X TYPE,-1,-1,0,-1
202460Q080308,2024,60Q080308,1,9,0,17,19,7,3,0,0,1,0,0,0,0,1,1,6,6,1,75,10,2198,2,16,JAGUAR X TYPE,-1,-1,0,-1
2024221510649,2024,221510649,2,9,0,-1,9,1,8,-1,0,8,0,0,0,0,1,1,-1,9,1,53,8,2198,2,15,JAGUAR X TYPE,4,E01014121,0,1
2024061521349,2024,061521349,2,9,0,-1,2,0,0,-1,9,0,0,0,0,0,2,1,-1,6,-1,-1,-1,2967,1,19,JAGUAR X TYPE,-1,-1,0,-1
2024552500106,2024,552500106,1,9,0,18,19,4,8,0,0,0,0,0,0,0,1,1,6,6,1,64,9,2198,2,17,JAGUAR X TYPE,6,E01020482,0,3
2024311410420,2024,311410420,1,9,0,-1,9,5,2,-1,0,5,0,0,0,0,2,9,-1,6,1,48,8,1998,2,15,JAGUAR X TYPE,1,E01013839,0,1
2024201498755,2024,201498755,2,9,0,-1,19,8,3,-1,0,6,0,0,0,0,1,1,-1,9,1,18,4,1988,2,18,JAGUAR X TYPE,5,E01009764,0,1
2024440403568,2024,440403568,2,9,0,18,19,7,3,0,0,1,0,0,0,0,1,1,6,6,3,-1,-1,1988,2,19,JAGUAR X TYPE,-1,-1,0,-1
2024010539710,2024,010539710,1,9,0,5,5,1,5,0,0,0,0,0,0,0,3,1,6,6,1,70,10,2967,1,18,JAGUAR X TYPE,4,E01002490,0,2
2024122401314,2024,122401314,1,9,0,18,19,5,1,0,0,0,0,0,0,0,1,1,6,6,1,36,7,1998,2,15,JAGUAR X TYPE,-1,-1,0,-1
2024041447233,2024,041447233,1,9,0,-1,5,7,5,-1,0,6,0,0,0,0,1,1,-1,9,1,77,11,1998,2,15,JAGUAR X TYPE,4,E01012620,0,1
2024302401418,2024,302401418,1,9,0,5,5,4,8,0,0,8,0,0,0,0,1,1,6,6,2,41,7,1988,2,19,JAGUAR X TYPE,1,E01013487,0,1
2024531409615,2024,531409615,1,9,0,-1,19,7,3,-1,0,0,0,0,0,0,1,9,-1,6,1,51,8,2198,2,18,JAGUAR X TYPE,7,E01022194,0,1
2024451451771,2024,451451771,3,9,0,-1,19,5,1,-1,0,0,0,0,0,0,1,1,-1,9,1,88,11,2496,1,18,JAGUAR X TYPE,10,E01030963,0,1
2024302401025,2024,302401025,2,9,0,16,19,3,6,0,0,0,0,0,0,0,3,1,6,6,1,70,10,2099,2,18,JAGUAR X TYPE,10,E01019831,0,2
2024161501971,2024,161501971,2,9,-1,-1,19,6,2,-1,0,0,0,0,0,0,-1,9,-1,6,3,-1,-1,2198,2,16,JAGUAR X TYPE,-1,-1,0,-1
2024361514901,2024,361514901,2,9,0,-1,2,0,0,-1,0,1,0,0,0,0,2,1,-1,6,-1,-1,-1,1998,2,15,JAGUAR X TYPE,-1,-1,0,-1
2024201415129,2024,201415129,1,9,0,-1,12,1,5,-1,0,0,0,0,0,0,3,1,-1,6,1,70,10,2099,1,21,JAGUAR X TYPE,10,E01010205,0,2
2024401453802,2024,401453802,1,9,-1,-1,-1,-1,-1,-1,-1,0,-1,-1,-1,0,-1,9,-1,6,1,-1,-1,1988,2,18,JAGUAR X TYPE,-1,-1,0,-1