collision_index,collision_year,collision_ref_no,vehicle_reference,vehicle_type,towing_and_articulation,vehicle_manoeuvre_historic,vehicle_manoeuvre,vehicle_direction_from,vehicle_direction_to,vehicle_location_restricted_lane_historic,vehicle_location_restricted_lane,junction_location,skidding_and_overturning,hit_object_in_carriageway,vehicle_leaving_carriageway,hit_object_off_carriageway,first_point_of_impact,vehicle_left_hand_drive,journey_purpose_of_driver_historic,journey_purpose_of_driver,sex_of_driver,age_of_driver,age_band_of_driver,engine_capacity_cc,propulsion_code,age_of_vehicle,generic_make_model,driver_imd_decile,lsoa_of_driver,escooter_flag,driver_distance_banding
2024440373515,2024,440373515,2,9,0,2,2,0,0,0,0,0,0,0,0,0,3,1,6,6,3,-1,-1,2099,2,17,JAGUAR X TYPE,-1,-1,0,-1
2024122400489,2024,122400489,1,9,0,9,9,1,7,0,0,8,0,0,0,0,3,1,6,6,1,55,8,2496,1,23,JAGUAR X TYPE,9,E01013342,0,1
2024501401808,2024,501401808,1,9,0,-1,19,7,3,-1,0,1,0,0,0,0,2,1,-1,6,1,54,8,2198,2,16,JAGUAR X TYPE,2,E01015156,0,1
2024141404986,2024,141404986,1,9,0,-1,9,3,1,-1,0,2,0,0,0,0,1,1,-1,9,1,91,11,2496,1,20,JAGUAR X TYPE,9,E01008048,0,1
2024461408685,2024,461408685,1,9,0,-1,6,7,3,-1,0,1,0,0,0,0,1,1,-1,6,1,71,10,2496,1,18,JAGUAR X TYPE,3,E01016022,0,1
2024461464537,2024,461464537,1,9,0,-1,7,6,1,-1,0,7,0,0,0,0,4,1,-1,6,1,64,9,1988,2,17,JAGUAR X TYPE,7,E01024519,0,1
2024211484176,2024,211484176,1,9,0,-1,19,5,1,-1,0,2,0,0,0,0,3,1,-1,6,1,47,8,1988,2,16,JAGUAR X TYPE,-1,-1,0,-1
2024052401566,2024,052401566,3,9,0,18,19,5,1,0,0,0,1,0,0,0,1,1,6,6,1,60,9,2198,2,17,JAGUAR X TYPE,10,E01018694,0,4
2024461480499,2024,461480499,1,9,0,-1,19,2,6,-1,0,1,0,0,0,0,4,1,-1,1,1,27,6,2099,2,17,JAGUAR X TYPE,2,E01023973,0,2
2024552400701,2024,552400701,1,9,0,9,9,1,7,0,0,6,0,0,0,0,1,1,6,6,1,49,8,2198,2,16,JAGUAR X TYPE,4,E01020584,0,1
2024631535534,2024,631535534,2,3,0,-1,19,8,4,-1,0,8,1,0,0,0,1,1,-1,6,1,19,4,125,1,11,-1,7,W01000561,0,2
2024320413417,2024,320413417,1,9,0,4,4,4,8,0,0,1,0,4,7,0,1,1,6,6,1,75,10,1558,1,57,-1,6,E01015027,0,5
2024361456080,2024,361456080,1,9,0,-1,19,4,1,-1,0,0,0,0,0,0,1,1,-1,9,1,25,5,4244,1,19,-1,2,E01030274,0,2
2024010500945,2024,010500945,2,9,0,99,99,9,9,99,99,0,9,99,9,99,1,9,6,6,3,-1,-1,3799,1,10,-1,6,E01023054,0,5
2024552400558,2024,552400558,1,5,0,16,19,4,7,0,0,0,1,0,0,0,4,1,6,6,1,64,9,744,1,21,-1,2,E01031066,0,5
2024031402912,2024,031402912,1,9,0,-1,19,3,5,-1,0,1,0,0,1,4,1,1,-1,1,1,41,7,1360,1,17,PEUGEOT 307,9,E01019191,0,2
2024501438899,2024,501438899,1,9,0,-1,19,4,8,-1,0,0,0,0,0,0,1,2,-1,9,1,80,11,1560,2,17,PEUGEOT 307,4,E01018950,0,3
2024461412720,2024,461412720,1,9,0,-1,3,3,7,-1,0,0,0,0,0,0,1,9,-1,6,1,-1,-1,1360,1,16,PEUGEOT 307,5,E01024223,0,3
2024461514169,2024,461514169,1,9,0,-1,19,3,7,-1,0,0,0,0,0,0,1,1,-1,2,1,74,10,1997,2,21,PEUGEOT 307,1,E01016049,0,1
2024320227800,2024,320227800,1,9,0,-1,-1,6,2,0,0,0,0,0,0,0,1,1,1,1,1,26,6,1587,1,18,PEUGEOT 307,2,E01035540,0,4
2024991427726,2024,991427726,1,9,0,-1,19,2,6,-1,0,0,0,0,1,11,1,1,-1,9,1,17,4,1360,1,18,PEUGEOT 307,4,-1,0,4
2024411433007,2024,411433007,1,9,0,-1,19,6,2,-1,0,4,0,0,0,0,1,1,-1,9,1,42,7,1587,1,18,PEUGEOT 307,7,E01023719,0,1
2024411544437,2024,411544437,1,9,0,-1,19,1,5,-1,0,0,0,10,1,10,1,1,-1,6,2,52,8,1560,2,17,PEUGEOT 307,4,E01023349,0,1
2024501444251,2024,501444251,1,9,0,-1,4,3,7,-1,0,0,0,4,0,0,1,1,-1,6,2,46,8,1560,2,18,PEUGEOT 307,1,E01015086,0,1
2024141555008,2024,141555008,2,9,0,-1,19,5,1,-1,0,1,0,0,0,0,1,1,-1,6,2,-1,-1,1587,1,21,PEUGEOT 307,1,E01008015,0,1
2024131433696,2024,131433696,1,9,0,-1,19,1,5,-1,9,0,0,0,1,0,1,1,-1,6,1,30,6,1997,2,22,PEUGEOT 307,4,E01011772,0,3
2024061420076,2024,061420076,1,9,0,-1,5,5,1,-1,0,1,0,0,0,0,1,9,-1,6,3,-1,-1,1587,1,17,PEUGEOT 307,-1,-1,0,-1
2024010518951,2024,010518951,1,9,0,18,19,5,1,0,0,8,0,0,0,0,1,1,6,6,3,-1,-1,1997,1,19,PEUGEOT 307,-1,-1,0,-1
2024501400295,2024,501400295,1,9,0,-1,19,8,3,-1,0,0,5,0,0,0,4,9,-1,1,2,44,7,1587,1,17,PEUGEOT 307,5,E01018936,0,1
2024501420504,2024,501420504,1,9,0,-1,19,1,5,-1,-1,0,5,0,1,4,1,1,-1,6,1,29,6,1587,1,22,PEUGEOT 307,4,E01020234,0,1
2024010524763,2024,010524763,2,9,0,18,19,3,7,0,0,5,0,0,0,0,1,1,6,6,2,42,7,1997,1,18,PEUGEOT 307,2,E01034475,0,1
2024010519439,2024,010519439,2,9,0,99,99,9,9,99,99,9,9,99,9,99,1,9,6,6,1,31,6,1360,1,17,PEUGEOT 307,7,E01001308,0,1
2024471460598,2024,471460598,1,9,0,-1,19,1,5,-1,0,1,0,0,0,0,1,1,-1,2,1,71,10,1587,1,17,PEUGEOT 307,6,E01031574,0,1
2024320475890,2024,320475890,1,9,0,9,9,6,4,0,0,6,5,0,1,9,3,1,-1,-1,1,79,11,1560,2,20,PEUGEOT 307,5,E01026201,0,1
2024010525917,2024,010525917,1,9,0,4,4,5,1,0,0,0,0,0,0,0,2,1,6,6,1,25,5,1587,1,18,PEUGEOT 307,-1,-1,0,-1
2024501511506,2024,501511506,1,9,0,-1,19,3,7,-1,0,0,1,0,7,11,1,1,-1,9,1,33,6,1997,1,17,PEUGEOT 307,5,E01020328,0,4
2024351445121,2024,351445121,1,9,0,-1,9,5,2,-1,0,0,0,0,0,0,1,1,-1,6,2,66,10,1587,1,19,PEUGEOT 307,7,E01018053,0,1
2024440536473,2024,440536473,2,9,0,18,19,5,1,0,0,8,0,0,0,0,1,1,6,6,1,-1,-1,1587,1,20,PEUGEOT 307,-1,-1,0,-1
2024531434519,2024,531434519,2,9,0,-1,19,2,2,-1,0,1,0,0,0,0,3,1,-1,9,2,81,11,1587,1,17,PEUGEOT 307,10,E01022415,0,1
2024141467316,2024,141467316,2,9,0,-1,9,3,1,-1,9,5,0,0,0,0,1,1,-1,9,1,43,7,1560,2,17,PEUGEOT 307,1,E01007547,0,1
2024501513680,2024,501513680,1,9,0,-1,4,1,5,-1,0,1,0,4,0,0,1,1,-1,9,2,22,5,1997,2,17,PEUGEOT 307,4,E01018894,0,4
2024052401682,2024,052401682,1,9,0,7,7,5,6,0,0,2,0,0,1,2,1,1,6,6,1,38,7,1997,1,17,PEUGEOT 307,4,E01007156,0,1
2024501413774,2024,501413774,1,9,0,-1,19,5,1,-1,0,2,0,0,7,0,3,1,-1,6,1,38,7,1997,2,19,PEUGEOT 307,3,E01019069,0,1
2024401515531,2024,401515531,2,9,0,-1,2,0,0,-1,0,0,0,0,0,0,4,1,-1,6,-1,-1,-1,1560,2,17,PEUGEOT 307,-1,-1,0,-1
2024631520898,2024,631520898,2,9,0,-1,19,2,6,-1,0,8,0,0,0,0,1,1,-1,9,1,32,6,1587,1,17,PEUGEOT 307,8,W01000622,0,1
2024221417425,2024,221417425,1,9,0,-1,9,4,1,-1,0,5,0,0,1,1,1,2,-1,9,2,64,9,1587,1,18,PEUGEOT 307,6,E01032383,0,1
2024430616646,2024,430616646,2,9,0,18,19,6,2,0,0,0,0,0,0,0,4,1,6,6,1,-1,-1,1997,1,20,PEUGEOT 307,-1,-1,0,-1
2024211533062,2024,211533062,3,9,0,-1,2,0,0,-1,0,0,0,0,0,0,2,1,-1,6,1,46,8,1398,2,20,PEUGEOT 307,-1,-1,0,-1
2024520401571,2024,520401571,1,9,0,5,5,5,1,0,0,8,0,0,0,0,1,1,6,6,2,37,7,1587,1,18,PEUGEOT 307,4,E01029286,0,1
2024010546462,2024,010546462,1,9,0,2,2,0,0,9,9,2,0,0,0,0,0,1,6,6,3,-1,-1,1587,1,17,PEUGEOT 307,-1,-1,0,-1
2024991415849,2024,991415849,2,9,0,-1,19,1,5,-1,0,1,0,0,0,0,1,1,-1,9,2,31,6,1560,2,19,PEUGEOT 307,6,-1,0,1
2024430550350,2024,430550350,1,9,0,18,19,5,1,0,0,0,1,0,1,7,1,1,6,6,1,32,6,1997,2,20,PEUGEOT 307,8,E01017918,0,4
2024351472096,2024,351472096,1,9,0,-1,19,-1,-1,-1,0,0,-1,-1,-1,0,1,9,-1,6,1,-1,-1,1560,2,18,PEUGEOT 307,6,E01035549,0,1
2024010528139,2024,010528139,2,9,0,18,19,5,1,0,0,1,1,10,1,1,1,1,6,6,1,89,11,1587,1,17,PEUGEOT 307,8,E01001538,0,1
2024552401443,2024,552401443,2,9,0,3,3,8,4,0,0,0,0,0,0,0,1,1,6,6,2,45,7,1997,2,18,PEUGEOT 307,2,E01015379,0,1
2024010534703,2024,010534703,2,9,0,18,19,7,3,0,0,2,0,0,0,0,1,1,6,6,1,19,4,1587,1,18,PEUGEOT 307,4,E01002622,0,2
2024010501526,2024,010501526,2,9,0,99,99,9,9,99,99,0,9,99,9,99,1,9,6,6,3,-1,-1,1997,1,20,PEUGEOT 307,-1,-1,0,-1
2024101428611,2024,101428611,3,9,0,-1,2,0,0,-1,0,0,0,0,0,0,2,1,-1,9,1,-1,-1,1587,1,19,PEUGEOT 307,5,E01027517,0,1
2024430222663,2024,430222663,2,9,0,18,19,6,2,0,0,1,0,0,0,0,1,1,2,2,1,56,9,1587,1,17,PEUGEOT 307,9,E01016181,0,1
2024520402959,2024,520402959,1,9,0,18,19,1,5,0,0,0,5,0,5,6,1,1,6,6,1,32,6,1587,1,19,PEUGEOT 307,4,E01029281,0,3
2024131400760,2024,131400760,1,9,0,-1,7,3,1,-1,0,0,0,0,0,0,1,1,-1,9,1,56,9,1997,2,19,PEUGEOT 307,2,E01010728,0,2
2024340WN0272,2024,340WN0272,1,9,0,-1,19,7,3,-1,0,6,0,0,0,0,4,1,-1,2,2,25,5,1587,1,19,PEUGEOT 307,6,E01027025,0,2
2024061409564,2024,061409564,1,9,0,-1,19,8,4,-1,0,2,0,0,0,0,1,1,-1,9,1,31,6,1360,1,19,PEUGEOT 307,5,E01005832,0,1
2024010521775,2024,010521775,1,9,0,7,7,1,4,0,0,6,0,0,0,0,1,1,3,7,1,34,6,1587,1,17,PEUGEOT 307,-1,-1,0,-1
2024501515849,2024,501515849,1,9,0,-1,19,2,6,-1,0,0,0,0,0,0,1,1,-1,9,1,91,11,1997,1,19,PEUGEOT 307,5,E01020235,0,1
2024320673494,2024,320673494,1,9,0,-1,-1,8,4,0,0,0,0,0,0,0,1,1,-1,-1,1,63,9,1560,2,20,PEUGEOT 307,7,E01028015,0,4
2024010551026,2024,010551026,1,9,0,18,19,8,4,0,0,0,5,4,0,0,1,1,6,6,1,20,4,1587,1,17,PEUGEOT 307,9,E01000648,0,1
2024401431819,2024,401431819,1,9,-1,-1,-1,-1,-1,-1,-1,0,-1,-1,-1,0,-1,9,-1,6,2,-1,-1,1997,2,15,PEUGEOT 307,-1,-1,0,-1
2024520401979,2024,520401979,1,9,0,18,19,6,2,0,0,0,0,10,7,11,1,1,6,6,2,18,4,1587,1,17,PEUGEOT 307,8,E01029188,0,1
2024461425835,2024,461425835,2,9,0,-1,19,2,1,-1,0,1,0,0,0,0,1,1,-1,6,2,29,6,1997,1,20,PEUGEOT 307,2,E01000434,0,1
2024131499876,2024,131499876,1,9,0,-1,15,1,5,-1,0,2,0,7,0,0,1,1,-1,9,1,82,11,1560,2,17,PEUGEOT 307,4,E01011263,0,1
2024451496805,2024,451496805,1,9,0,-1,2,3,7,-1,0,0,0,0,0,0,2,1,-1,2,1,38,7,1997,1,19,PEUGEOT 307,8,E01030803,0,1
2024041410663,2024,041410663,1,9,0,-1,19,3,7,-1,0,0,0,0,7,0,4,1,-1,2,1,42,7,1587,1,17,PEUGEOT 307,6,E01025066,0,1
202417L304124,2024,17L304124,3,9,0,-1,2,0,0,-1,0,2,0,0,0,0,3,1,-1,9,1,-1,-1,1398,2,21,PEUGEOT 307,-1,-1,0,-1
2024547170924,2024,547170924,1,9,0,9,9,4,2,0,0,1,0,0,0,0,1,1,6,6,1,71,10,1997,2,19,PEUGEOT 307,5,E01020147,0,5
202460Q084072,2024,60Q084072,1,9,0,18,19,4,1,0,0,8,0,0,0,0,1,1,2,2,2,25,5,1587,1,17,PEUGEOT 307,-1,-1,0,-1
2024010512511,2024,010512511,2,9,0,99,99,9,9,99,99,9,9,99,9,99,1,9,6,6,3,-1,-1,1587,1,18,PEUGEOT 307,-1,-1,0,-1
2024010548922,2024,010548922,1,9,0,99,99,9,9,99,99,9,9,99,9,99,1,9,6,6,1,50,8,1360,1,23,PEUGEOT 307,6,E01002601,0,1
2024311437163,2024,311437163,1,9,0,-1,19,1,1,-1,0,1,1,0,7,10,1,1,-1,6,1,76,11,1560,2,19,PEUGEOT 307,-1,-1,0,-1
2024332400869,2024,332400869,2,9,0,-1,19,1,5,-1,0,8,0,0,0,0,1,1,-1,6,1,50,8,1560,2,18,PEUGEOT 307,5,E01013736,0,1
2024421413961,2024,421413961,1,9,0,-1,7,1,3,-1,0,8,0,0,0,0,1,1,-1,6,1,36,7,1587,1,18,PEUGEOT 307,4,E01023857,0,4
2024461404073,2024,461404073,1,9,0,-1,19,5,1,-1,0,1,0,0,0,0,1,9,-1,6,1,43,7,1997,1,19,PEUGEOT 307,3,E01033092,0,2
2024010530931,2024,010530931,1,9,0,18,19,4,8,0,0,0,0,0,0,0,4,1,6,6,2,51,8,1587,1,18,PEUGEOT 307,4,E01000819,0,1
2024122400750,2024,122400750,1,9,0,18,19,3,7,0,0,0,0,0,1,9,1,1,6,6,2,25,5,1587,1,17,PEUGEOT 307,6,E01027572,0,3
2024010508929,2024,010508929,2,9,0,99,99,9,9,99,99,9,9,99,9,99,1,9,6,6,3,-1,-1,1587,1,18,PEUGEOT 307,-1,-1,0,-1
2024010532029,2024,010532029,3,9,0,2,2,0,0,0,0,2,0,0,0,0,1,1,6,6,3,-1,-1,1997,1,17,PEUGEOT 307,-1,-1,0,-1
2024231411539,2024,231411539,3,9,0,-1,19,5,1,-1,0,1,0,0,0,0,1,1,-1,6,2,53,8,1587,1,16,PEUGEOT 307,6,E01031229,0,1
2024122500009,2024,122500009,2,9,0,18,19,1,5,0,0,0,0,0,0,0,1,1,6,6,1,48,8,1560,2,18,PEUGEOT 307,5,E01012995,0,4
2024070221245,2024,070221245,2,9,0,18,19,1,5,0,0,0,0,0,0,7,1,1,6,6,1,46,8,1560,2,17,PEUGEOT 307,9,E01028177,0,4
2024461516644,2024,461516644,1,9,0,-1,19,7,3,-1,0,0,0,0,0,0,1,9,-1,6,1,36,7,1587,1,21,PEUGEOT 307,5,E01024179,0,1
2024531527345,2024,531527345,1,9,0,-1,19,3,7,-1,0,0,0,0,0,0,4,1,-1,9,2,32,6,1587,1,19,PEUGEOT 307,4,E01028819,0,4
2024471412852,2024,471412852,1,9,0,-1,7,7,1,-1,0,1,0,0,0,0,1,1,-1,7,2,38,7,1587,1,18,PEUGEOT 307,5,E01031810,0,1
2024471471616,2024,471471616,2,9,0,-1,19,4,2,-1,0,0,0,0,0,0,1,1,-1,6,2,37,7,1997,2,21,PEUGEOT 307,3,E01016921,0,1
2024411418464,2024,411418464,1,9,0,-1,19,2,6,-1,0,1,1,0,0,0,1,9,-1,6,2,-1,-1,1560,2,19,PEUGEOT 307,3,E01021846,0,2
2024041531305,2024,041531305,1,9,0,-1,19,3,8,-1,0,1,0,0,0,0,3,1,-1,1,2,44,7,1560,2,16,PEUGEOT 307,4,E01025427,0,1
202417S102024,2024,17S102024,1,9,0,7,7,8,2,0,0,2,0,0,0,0,1,1,6,6,1,51,8,1560,2,16,PEUGEOT 307,2,E01012248,0,1
2024010521971,2024,010521971,1,9,0,18,19,5,1,0,0,1,0,7,0,0,1,1,1,1,1,29,6,1587,1,17,PEUGEOT 307,4,E01000066,0,1
2024351410079,2024,351410079,1,9,-1,-1,-1,-1,-1,-1,-1,0,-1,-1,-1,0,1,9,-1,6,1,39,7,1560,2,19,PEUGEOT 307,6,E01026446,0,4
2024471485697,2024,471485697,3,9,0,-1,2,0,0,-1,-1,1,0,0,0,0,4,9,-1,6,3,-1,-1,1587,1,18,PEUGEOT 307,-1,-1,0,-1
2024332400629,2024,332400629,3,9,0,-1,19,4,8,-1,0,8,0,0,0,0,3,1,-1,6,1,-1,-1,1560,2,18,PEUGEOT 307,-1,-1,0,-1
2024421424177,2024,421424177,1,9,0,-1,19,4,8,-1,0,0,0,0,0,0,1,1,-1,1,1,57,9,1997,1,18,PEUGEOT 307,5,E01021922,0,1
2024440137842,2024,440137842,1,9,0,17,19,1,6,0,0,8,1,0,0,0,4,1,6,6,1,19,4,1560,2,18,PEUGEOT 307,10,E01031984,0,4
2024141419900,2024,141419900,1,9,0,-1,9,7,1,-1,9,8,0,0,1,11,1,1,-1,6,1,30,6,1560,2,17,PEUGEOT 307,2,E01007465,0,1
2024461468462,2024,461468462,1,9,0,-1,19,7,3,-1,0,6,0,0,0,0,4,1,-1,6,3,16,4,1997,2,22,PEUGEOT 307,-1,-1,0,-1
2024061486928,2024,061486928,1,9,0,-1,19,1,5,-1,0,1,0,0,0,0,2,1,-1,9,2,56,9,1587,1,17,PEUGEOT 307,3,E01006341,0,1
2024361496925,2024,361496925,1,9,0,-1,1,-1,-1,-1,0,1,0,0,0,0,2,9,-1,6,1,56,9,1587,1,19,PEUGEOT 307,5,E01026428,0,4
2024010502882,2024,010502882,1,9,0,99,99,9,9,0,0,8,0,0,0,0,1,1,6,6,1,-1,-1,1587,1,17,PEUGEOT 307,-1,-1,0,-1
2024440425501,2024,440425501,1,9,0,18,19,6,2,0,0,3,0,0,0,0,1,1,6,6,1,43,7,1997,2,18,PEUGEOT 307,-1,-1,0,-1
2024320571663,2024,320571663,2,9,0,-1,-1,4,8,0,0,8,0,0,0,0,1,1,-1,-1,2,51,8,1560,2,18,PEUGEOT 307,7,E01026297,0,2
2024311472511,2024,311472511,2,9,0,-1,19,7,3,-1,0,6,0,0,0,0,1,1,-1,6,1,92,11,1587,1,17,PEUGEOT 307,2,E01013854,0,1
2024010501187,2024,010501187,3,9,0,18,19,7,3,0,0,0,0,4,0,0,1,1,6,6,1,44,7,1587,1,18,PEUGEOT 307,4,E01016003,0,3
2024131407596,2024,131407596,1,9,0,-1,6,5,1,-1,0,6,0,0,0,0,1,1,-1,6,1,49,8,1560,2,17,PEUGEOT 307,1,E01011656,0,1
2024010504312,2024,010504312,1,9,0,9,9,5,2,0,0,1,0,0,0,0,3,1,6,6,2,20,4,1587,1,17,PEUGEOT 307,4,E01034224,0,1
2024332401220,2024,332401220,1,9,0,-1,4,4,8,-1,0,0,0,0,0,0,2,1,-1,2,1,37,7,1587,1,19,PEUGEOT 307,6,E01025704,0,3
2024320505877,2024,320505877,2,9,0,9,9,6,4,0,0,5,0,0,0,0,4,1,6,6,2,32,6,1560,2,17,PEUGEOT 307,7,E01026242,0,3
2024361510051,2024,361510051,1,9,0,-1,19,1,5,-1,0,8,0,0,0,0,3,1,-1,6,1,36,7,1560,2,17,PEUGEOT 307,5,E01026505,0,2
2024077151270,2024,077151270,1,9,0,-1,19,3,7,-1,0,0,1,0,4,6,1,1,-1,9,1,62,9,1587,1,17,PEUGEOT 307,1,E01006571,0,2
2024061483614,2024,061483614,1,9,0,-1,3,5,1,-1,-1,1,0,1,0,0,4,9,-1,6,1,20,4,1398,2,21,PEUGEOT 307,-1,-1,0,-1
2024440126596,2024,440126596,2,9,0,9,9,2,8,0,0,8,0,0,0,0,1,1,6,6,2,63,9,1997,2,18,PEUGEOT 307,4,E01022579,0,1
2024501530928,2024,501530928,2,9,0,-1,3,5,1,-1,0,1,0,0,0,0,2,1,-1,9,2,63,9,1390,1,16,SKODA FABIA,7,E01032628,0,1
2024131429754,2024,131429754,3,9,0,-1,3,7,3,-1,0,1,0,0,0,0,2,1,-1,6,2,33,6,1199,2,11,SKODA FABIA,2,E01011814,0,1
2024141495248,2024,141495248,2,9,0,-1,19,1,5,-1,0,0,0,0,0,0,3,1,-1,6,1,-1,-1,999,1,8,SKODA FABIA,9,E01007442,0,1
2024520402669,2024,520402669,3,9,0,2,2,0,0,0,0,8,0,0,0,0,2,1,6,6,3,-1,-1,1198,1,14,SKODA FABIA,-1,-1,0,-1
2024041477264,2024,041477264,1,9,0,-1,19,5,1,-1,0,1,0,0,0,0,1,1,-1,9,1,80,11,1197,1,9,SKODA FABIA,8,E01025056,0,1
2024201473596,2024,201473596,1,9,0,-1,19,6,2,-1,0,0,0,0,0,0,1,1,-1,6,2,63,9,1197,1,13,SKODA FABIA,8,E01009649,0,1
2024610042024,2024,610042024,2,9,0,4,4,2,6,0,0,0,0,0,0,0,1,1,1,1,2,52,8,1198,1,11,SKODA FABIA,4,W01001527,0,1
2024501406267,2024,501406267,1,9,0,-1,19,5,1,-1,0,0,1,0,0,0,1,9,-1,2,2,32,6,999,1,6,SKODA FABIA,2,E01015168,0,1
2024371441151,2024,371441151,1,9,0,-1,9,8,4,-1,0,1,0,0,0,0,1,1,-1,6,2,88,11,1197,1,9,SKODA FABIA,4,E01030295,0,1
2024111483792,2024,111483792,3,9,0,-1,19,1,5,-1,0,0,0,0,0,0,0,1,-1,9,2,22,5,999,1,4,SKODA FABIA,9,E01020718,0,1
2024461471439,2024,461471439,1,9,0,-1,19,2,3,-1,0,0,0,0,0,0,1,9,-1,6,2,79,11,1422,2,9,SKODA FABIA,7,E01032620,0,1
2024340WN4892,2024,340WN4892,3,9,0,-1,19,1,5,-1,0,1,0,0,0,0,0,1,-1,9,2,79,11,1422,2,15,SKODA FABIA,8,E01027000,0,1
2024440513295,2024,440513295,2,9,0,2,2,0,0,0,0,0,0,0,0,0,2,1,6,6,1,-1,-1,1198,1,18,SKODA FABIA,-1,-1,0,-1
202454D151424,2024,54D151424,2,9,0,2,2,2,4,0,0,2,0,0,0,0,0,1,1,1,2,24,5,999,1,1,SKODA FABIA,6,E01022229,0,4
2024531485806,2024,531485806,1,9,0,-1,3,3,7,-1,0,0,0,0,0,0,1,1,-1,9,2,58,9,1390,1,19,SKODA FABIA,8,E01022199,0,1
2024041502314,2024,041502314,2,9,0,-1,2,3,7,-1,0,0,0,0,0,0,1,1,-1,6,3,-1,-1,1198,1,18,SKODA FABIA,-1,-1,0,-1
2024061532032,2024,061532032,2,9,0,-1,9,5,3,-1,0,8,0,0,0,0,1,1,-1,9,2,30,6,1199,2,11,SKODA FABIA,1,E01033947,0,1
2024451451792,2024,451451792,2,9,0,-1,9,1,5,-1,0,1,0,0,0,0,1,1,-1,9,2,80,11,1598,1,14,SKODA FABIA,9,E01030705,0,2
2024101394884,2024,101394884,2,9,0,-1,12,1,5,-1,0,0,0,0,0,0,1,1,-1,6,1,36,7,999,1,5,SKODA FABIA,8,E01008560,0,1
2024520402537,2024,520402537,1,9,0,18,19,8,3,0,0,0,0,0,0,0,1,1,6,6,2,71,10,1197,1,9,SKODA FABIA,4,E01029136,0,1
2024522403195,2024,522403195,1,9,0,13,13,2,6,0,0,0,0,0,0,0,4,1,6,6,2,70,10,1197,1,7,SKODA FABIA,2,E01014578,0,1
2024141547344,2024,141547344,2,9,0,-1,19,2,7,-1,0,3,0,0,0,0,1,9,-1,6,1,-1,-1,1198,1,14,SKODA FABIA,-1,-1,0,-1
2024131535645,2024,131535645,1,9,0,-1,9,7,1,-1,0,1,0,0,0,0,3,1,-1,9,1,31,6,1598,2,11,SKODA FABIA,3,E01010675,0,1
2024501439447,2024,501439447,1,9,0,-1,19,6,2,-1,0,5,5,10,1,10,1,1,-1,9,1,24,5,1198,1,17,SKODA FABIA,4,E01015177,0,1
2024440193634,2024,440193634,2,9,0,18,19,4,8,0,0,8,0,0,0,0,4,1,6,6,1,79,11,1198,1,20,SKODA FABIA,7,E01023078,0,1
2024010535198,2024,010535198,2,9,0,2,2,0,0,0,0,0,0,4,1,11,2,1,6,6,3,-1,-1,1197,1,8,SKODA FABIA,-1,-1,0,-1
2024211451994,2024,211451994,2,9,0,-1,19,6,1,-1,0,8,5,0,0,0,4,1,-1,6,1,81,11,999,1,5,SKODA FABIA,1,E01009512,0,3
2024610027424,2024,610027424,1,9,0,9,9,5,3,0,0,6,0,0,0,0,3,1,6,6,1,17,4,1197,1,7,SKODA FABIA,9,W01001639,0,1
2024010544827,2024,010544827,2,9,0,99,99,9,9,99,99,9,9,99,9,99,1,9,6,6,3,-1,-1,1198,1,21,SKODA FABIA,2,E01001603,0,1
2024052401143,2024,052401143,1,9,0,18,19,4,6,0,0,4,0,0,0,0,1,1,6,6,2,39,7,999,1,5,SKODA FABIA,1,E01006675,0,1
202417S212824,2024,17S212824,2,9,0,-1,3,0,0,-1,0,0,0,0,0,0,4,1,-1,2,1,43,7,1896,2,14,SKODA FABIA,3,E01012214,0,1
2024061400431,2024,061400431,4,9,0,-1,3,2,6,-1,0,5,0,0,0,0,2,1,-1,9,1,47,8,999,1,7,SKODA FABIA,5,E01032556,0,2
2024520001443,2024,520001443,2,9,0,7,7,5,7,0,0,8,1,0,1,0,3,1,6,6,1,20,4,1198,1,15,SKODA FABIA,8,E01014442,0,3
2024531520118,2024,531520118,1,9,0,-1,9,4,8,-1,0,8,0,0,0,0,4,1,-1,9,2,80,11,1197,1,8,SKODA FABIA,9,E01022305,0,1
2024201433757,2024,201433757,2,9,0,-1,4,2,6,-1,0,2,0,0,0,0,2,1,-1,2,2,22,5,1197,1,10,SKODA FABIA,1,E01009028,0,2
2024201447285,2024,201447285,1,9,0,-1,19,3,7,-1,0,0,5,0,0,0,4,1,-1,9,1,56,9,999,1,6,SKODA FABIA,8,E01009578,0,2
2024111427277,2024,111427277,2,9,0,-1,19,3,7,-1,0,1,0,0,0,0,0,1,-1,6,1,53,8,1198,1,16,SKODA FABIA,2,E01020639,0,1
2024201487702,2024,201487702,1,9,0,-1,5,7,8,-1,0,6,0,0,0,0,1,1,-1,9,2,18,4,1198,1,11,SKODA FABIA,10,E01028831,0,4
2024461533180,2024,461533180,1,9,0,-1,19,7,3,-1,0,0,0,0,0,0,1,1,-1,6,2,74,10,1198,1,19,SKODA FABIA,3,E01024059,0,1
2024552400737,2024,552400737,1,9,0,6,6,3,3,0,0,8,0,0,0,0,4,1,6,6,2,41,7,999,1,6,SKODA FABIA,9,E01020414,0,3