collision_index,collision_year,collision_ref_no,vehicle_reference,vehicle_type,towing_and_articulation,vehicle_manoeuvre_historic,vehicle_manoeuvre,vehicle_direction_from,vehicle_direction_to,vehicle_location_restricted_lane_historic,vehicle_location_restricted_lane,junction_location,skidding_and_overturning,hit_object_in_carriageway,vehicle_leaving_carriageway,hit_object_off_carriageway,first_point_of_impact,vehicle_left_hand_drive,journey_purpose_of_driver_historic,journey_purpose_of_driver,sex_of_driver,age_of_driver,age_band_of_driver,engine_capacity_cc,propulsion_code,age_of_vehicle,generic_make_model,driver_imd_decile,lsoa_of_driver,escooter_flag,driver_distance_banding
2024031426769,2024,031426769,1,9,0,-1,3,6,2,-1,0,1,0,0,0,0,1,1,-1,6,1,24,5,1896,2,15,SKODA FABIA,7,E01019136,0,1
2024302401160,2024,302401160,1,9,0,16,19,7,2,0,0,0,1,0,7,4,1,1,6,6,1,20,4,999,1,5,SKODA FABIA,3,E01029787,0,4
2024430304120,2024,430304120,2,9,0,9,9,8,6,0,0,0,0,0,0,0,3,1,6,6,2,-1,-1,1198,1,18,SKODA FABIA,-1,-1,0,-1
2024141557673,2024,141557673,1,9,0,-1,4,1,5,-1,0,0,0,0,0,0,2,1,-1,6,1,37,7,1197,1,9,SKODA FABIA,10,E01008126,0,1
2024351516421,2024,351516421,1,9,0,-1,19,7,3,-1,0,0,1,0,7,0,4,1,-1,9,1,21,5,1896,2,19,SKODA FABIA,5,E01017954,0,3
2024440348420,2024,440348420,2,9,0,18,19,8,4,0,0,0,0,0,0,0,1,1,6,6,1,-1,-1,1598,1,16,SKODA FABIA,-1,-1,0,-1
2024430507335,2024,430507335,1,9,0,9,9,2,8,0,0,5,0,0,0,0,1,1,6,6,1,78,11,1598,1,14,SKODA FABIA,9,E01017825,0,1
2024201464910,2024,201464910,2,9,0,-1,3,2,6,-1,0,1,0,0,0,0,1,1,-1,9,1,60,9,1197,1,8,SKODA FABIA,1,E01009752,0,1
2024122400331,2024,122400331,1,9,0,18,19,8,4,0,0,0,0,0,0,0,1,1,6,6,1,91,11,999,1,6,SKODA FABIA,7,E01013419,0,1
2024351495346,2024,351495346,2,9,0,-1,9,4,1,-1,0,2,0,0,0,0,3,1,-1,6,1,29,6,1198,1,19,SKODA FABIA,5,E01033121,0,1
2024541058824,2024,541058824,1,9,0,17,19,1,5,0,0,0,0,0,0,0,1,1,6,6,2,45,7,1198,1,10,SKODA FABIA,10,E01032045,0,1
2024522401445,2024,522401445,1,9,0,18,19,6,2,0,0,1,0,0,0,0,1,1,6,6,1,33,6,1422,2,7,SKODA FABIA,10,E01014775,0,2
2024461523707,2024,461523707,1,9,0,-1,9,1,7,-1,0,8,0,0,0,0,1,1,-1,6,2,39,7,1197,1,8,SKODA FABIA,2,E01024047,0,1
2024430205006,2024,430205006,1,9,0,18,19,4,1,0,0,0,2,0,1,4,4,1,6,6,1,21,5,1896,2,19,SKODA FABIA,8,E01028614,0,4
2024440254984,2024,440254984,1,9,0,9,9,6,4,0,0,5,0,0,0,0,4,1,2,2,2,23,5,1198,1,14,SKODA FABIA,2,E01017107,0,1
2024211408875,2024,211408875,1,9,0,-1,19,8,4,-1,0,0,0,0,0,0,2,9,-1,2,2,42,7,1198,1,11,SKODA FABIA,6,E01035058,0,3
2024070637326,2024,070637326,3,9,0,2,2,0,0,9,9,0,0,0,0,0,0,1,6,6,2,-1,-1,999,1,3,SKODA FABIA,10,E01018406,0,1
2024122500087,2024,122500087,2,9,0,3,3,7,3,0,0,1,0,0,0,0,2,1,6,6,1,19,4,1422,2,8,SKODA FABIA,6,E01027849,0,1
2024131466180,2024,131466180,1,9,0,-1,19,8,4,-1,0,1,5,0,5,11,1,1,-1,2,1,21,5,1198,1,21,SKODA FABIA,2,E01011639,0,2
2024320477817,2024,320477817,2,9,0,7,7,6,8,0,0,5,0,0,0,0,2,1,6,6,1,40,7,1896,2,22,SKODA FABIA,-1,-1,0,-1
2024411535847,2024,411535847,3,9,0,-1,19,1,5,-1,0,0,0,0,0,0,1,1,-1,6,1,-1,-1,999,1,2,SKODA FABIA,-1,-1,0,-1
2024070057629,2024,070057629,1,9,0,5,5,3,7,0,0,1,0,0,0,0,1,1,1,1,2,45,7,1598,2,10,SKODA FABIA,2,E01018445,0,1
2024552400162,2024,552400162,2,9,0,18,19,2,6,0,0,8,0,0,1,11,3,1,2,2,2,39,7,1198,1,19,SKODA FABIA,7,E01015376,0,2
2024131503404,2024,131503404,1,9,0,-1,19,5,1,-1,0,0,0,0,0,0,1,1,-1,2,2,33,6,999,1,6,SKODA FABIA,3,E01010801,0,1
2024141420281,2024,141420281,1,9,0,-1,9,5,3,-1,0,1,2,0,0,0,1,9,-1,6,1,18,4,1197,1,12,SKODA FABIA,5,E01007426,0,3
2024430097212,2024,430097212,1,9,0,9,9,3,1,0,0,1,0,0,0,0,3,1,6,6,2,47,8,999,1,5,SKODA FABIA,9,E01035741,0,3
2024141403034,2024,141403034,2,9,0,-1,5,5,1,-1,0,0,0,0,0,0,1,1,-1,9,1,18,4,1198,1,15,SKODA FABIA,8,E01034242,0,1
2024010543608,2024,010543608,1,9,0,9,9,3,1,0,0,8,0,0,0,0,1,1,6,6,1,69,10,1197,1,12,SKODA FABIA,3,E01004718,0,1
2024361513922,2024,361513922,1,9,0,-1,9,4,1,-1,0,2,0,0,0,0,4,1,-1,6,1,82,11,1422,2,17,SKODA FABIA,7,E01030054,0,1
2024221502106,2024,221502106,2,9,0,-1,19,8,5,-1,0,8,0,4,0,0,1,1,-1,9,2,83,11,1197,1,10,SKODA FABIA,5,E01014041,0,1
2024131415672,2024,131415672,1,9,0,-1,19,4,5,-1,0,0,0,0,0,0,3,1,-1,6,2,37,7,999,1,8,SKODA FABIA,6,E01010975,0,1
2024332401103,2024,332401103,2,9,0,-1,19,7,3,-1,0,0,0,0,0,0,1,1,-1,6,1,60,9,1197,1,13,SKODA FABIA,4,E01025843,0,1
2024131534127,2024,131534127,2,9,0,-1,19,2,4,-1,0,1,0,0,0,0,1,1,-1,2,1,62,9,1390,1,19,SKODA FABIA,7,E01010879,0,1
2024231465692,2024,231465692,2,9,0,-1,9,6,4,-1,0,6,0,0,0,0,1,9,-1,6,1,41,7,1198,1,13,SKODA FABIA,5,E01023687,0,5
2024991488884,2024,991488884,2,9,0,-1,19,5,1,-1,0,4,0,0,0,0,2,1,-1,2,2,31,6,1198,1,11,SKODA FABIA,6,-1,0,2
2024201434018,2024,201434018,1,9,0,-1,19,7,3,-1,0,1,0,0,0,0,1,9,-1,6,1,20,4,1197,1,14,SKODA FABIA,1,E01008909,0,1
2024501492171,2024,501492171,2,9,0,-1,19,6,2,-1,0,0,0,0,0,0,3,1,-1,1,1,47,8,1197,1,8,SKODA FABIA,7,E01020341,0,2
2024201466176,2024,201466176,1,9,0,-1,9,7,5,-1,0,5,0,0,0,0,1,1,-1,9,1,43,7,1197,1,9,SKODA FABIA,9,E01010494,0,3
2024061474689,2024,061474689,1,9,0,-1,19,1,1,-1,0,0,0,0,0,0,1,2,-1,6,3,30,6,1390,1,14,SKODA FABIA,-1,-1,0,-1
2024311490728,2024,311490728,1,9,0,-1,9,7,3,-1,2,1,0,0,0,0,1,1,-1,6,1,45,7,1198,1,18,SKODA FABIA,-1,-1,0,-1
2024371423461,2024,371423461,1,9,0,-1,19,5,1,-1,0,0,1,0,1,11,1,1,-1,2,2,46,8,1198,1,20,SKODA FABIA,1,E01030018,0,1
2024440565240,2024,440565240,1,9,0,18,19,1,5,0,0,4,0,0,0,0,1,1,6,6,2,24,5,999,1,0,SKODA FABIA,10,E01022874,0,2
2024302500108,2024,302500108,2,9,0,-1,9,5,3,-1,0,8,0,0,0,0,1,1,-1,9,2,27,6,1598,2,11,SKODA FABIA,2,E01013475,0,1
2024531453060,2024,531453060,1,9,0,-1,19,7,3,-1,0,1,0,0,0,0,1,1,-1,9,1,24,5,1197,1,11,SKODA FABIA,5,E01014158,0,5
2024131501347,2024,131501347,1,9,0,-1,5,5,1,-1,0,6,0,0,0,0,1,1,-1,1,1,30,6,1197,1,9,SKODA FABIA,2,E01011043,0,1
2024411475003,2024,411475003,1,9,0,-1,19,5,1,-1,0,0,0,0,0,0,1,1,-1,9,1,20,4,999,1,5,SKODA FABIA,2,E01025275,0,5
2024211542629,2024,211542629,2,9,0,-1,5,6,8,-1,0,8,0,0,0,0,1,1,-1,9,1,35,6,1390,1,18,SKODA FABIA,1,E01014305,0,1
2024421522926,2024,421522926,1,9,0,-1,19,-1,-1,-1,99,0,0,0,0,0,1,1,-1,6,1,73,10,1197,1,8,SKODA FABIA,7,E01021856,0,1
2024221496083,2024,221496083,1,9,0,-1,19,8,4,-1,0,0,0,0,7,10,1,9,-1,6,1,31,6,1896,2,21,SKODA FABIA,5,E01014008,0,1
2024371483604,2024,371483604,1,9,0,-1,1,-1,-1,-1,0,0,0,0,0,0,2,1,-1,6,1,24,5,1422,2,16,SKODA FABIA,6,E01034561,0,2
2024010543833,2024,010543833,1,9,0,3,3,1,5,0,0,1,0,0,0,0,2,1,6,6,1,31,6,999,1,6,SKODA FABIA,2,E01001551,0,1
2024461440169,2024,461440169,2,9,0,-1,4,7,3,-1,0,0,0,0,0,0,2,9,-1,6,2,59,9,999,1,6,SKODA FABIA,6,E01024267,0,2
2024010541374,2024,010541374,2,9,0,18,19,3,7,0,0,1,0,0,0,0,2,1,6,6,2,65,9,1198,1,10,SKODA FABIA,6,E01021198,0,4
2024351428227,2024,351428227,3,9,0,-1,4,2,6,-1,0,0,0,0,0,0,2,1,-1,9,1,27,6,1197,1,8,SKODA FABIA,8,E01029925,0,4
2024302400528,2024,302400528,2,9,0,18,19,8,4,0,0,1,0,0,0,0,1,1,6,6,1,75,10,1197,1,9,SKODA FABIA,9,E01019734,0,1
2024351435182,2024,351435182,1,9,0,-1,19,8,4,-1,0,0,1,0,1,4,1,1,-1,9,1,25,5,1198,1,14,SKODA FABIA,1,E01015603,0,3
2024501499161,2024,501499161,1,9,0,-1,19,2,6,-1,0,0,0,0,0,0,4,1,-1,9,1,51,8,1197,1,13,SKODA FABIA,2,E01015072,0,1
2024501511662,2024,501511662,2,9,0,-1,19,1,5,-1,0,0,0,0,0,0,1,1,-1,9,2,73,10,1198,1,17,SKODA FABIA,5,E01020083,0,2
202460Q093784,2024,60Q093784,1,9,0,18,19,6,2,0,0,8,0,0,0,0,1,1,1,1,1,62,9,1598,2,14,SKODA FABIA,-1,-1,0,-1
2024622400495,2024,622400495,1,9,0,18,19,3,7,0,0,0,0,0,1,11,1,1,6,6,1,79,11,1197,1,11,SKODA FABIA,8,W01000797,0,1
202454B050624,2024,54B050624,2,9,0,18,19,2,6,0,0,1,0,0,0,0,2,1,6,6,2,27,6,999,1,4,SKODA FABIA,5,E01031936,0,3
2024201495284,2024,201495284,1,9,0,-1,19,4,8,-1,0,8,0,0,0,0,3,1,-1,6,1,35,6,999,1,3,SKODA FABIA,-1,-1,0,-1
2024070497877,2024,070497877,1,9,0,18,19,1,5,0,0,6,0,0,0,0,1,1,6,6,1,-1,-1,1390,1,11,SKODA FABIA,-1,-1,0,-1
2024320655710,2024,320655710,1,9,0,7,7,6,2,0,0,5,0,0,7,0,1,1,1,1,2,22,5,1390,1,18,SKODA FABIA,2,E01015673,0,4
2024461446630,2024,461446630,1,9,0,-1,19,7,5,-1,0,0,1,7,0,0,1,9,-1,9,1,68,10,1197,1,11,SKODA FABIA,10,E01024418,0,1
2024201483976,2024,201483976,3,9,0,-1,1,1,5,-1,0,1,0,4,0,0,1,1,-1,6,-1,-1,-1,999,1,3,SKODA FABIA,-1,-1,0,-1
2024041495062,2024,041495062,1,9,0,-1,19,4,8,-1,0,0,0,0,0,0,1,1,-1,9,1,78,11,999,1,6,SKODA FABIA,1,E01012752,0,2
2024010547375,2024,010547375,2,9,0,99,99,9,9,99,99,9,9,99,9,99,9,9,6,6,3,18,4,1197,1,11,SKODA FABIA,5,E01003907,0,1
202454A003524,2024,54A003524,1,9,0,9,9,6,2,0,0,8,0,0,0,0,4,1,6,6,1,18,4,999,1,0,SKODA FABIA,7,E01033842,0,2
2024010504967,2024,010504967,2,9,0,99,99,9,9,99,99,9,9,99,9,99,1,9,6,6,3,-1,-1,999,1,2,SKODA FABIA,-1,-1,0,-1
2024101430542,2024,101430542,2,9,0,-1,3,1,5,-1,0,4,0,0,0,0,2,1,-1,9,2,83,11,999,1,9,SKODA FABIA,10,E01008495,0,1
2024041471288,2024,041471288,2,9,0,-1,9,7,3,-1,0,0,0,0,0,0,1,1,-1,9,2,63,9,1198,1,13,SKODA FABIA,3,E01025374,0,1
2024141479669,2024,141479669,1,9,0,-1,19,8,3,-1,0,2,0,0,6,0,1,1,-1,6,2,76,11,999,1,6,SKODA FABIA,6,E01008160,0,1
2024351464704,2024,351464704,2,9,0,-1,19,5,1,-1,0,0,0,0,1,0,4,1,-1,6,1,20,4,1198,1,16,SKODA FABIA,2,E01015612,0,1
2024320242849,2024,320242849,1,9,0,-1,-1,8,4,0,0,6,0,0,0,0,1,1,-1,-1,2,56,9,999,1,1,SKODA FABIA,6,E01026135,0,1
2024101506825,2024,101506825,1,9,0,-1,4,5,1,-1,0,0,0,0,0,0,1,1,-1,9,1,46,8,1422,2,8,SKODA FABIA,3,E01008742,0,3
2024440051234,2024,440051234,1,9,0,18,19,2,6,0,0,0,0,0,1,7,4,1,6,6,2,76,11,1198,1,20,SKODA FABIA,1,E01001442,0,4
2024111454895,2024,111454895,1,9,0,-1,4,7,3,-1,0,0,0,0,0,0,1,1,-1,6,3,30,6,1896,2,20,SKODA FABIA,-1,-1,0,-1
2024351471046,2024,351471046,2,9,0,-1,9,3,7,-1,0,2,2,0,0,0,1,1,-1,2,1,49,8,999,1,3,SKODA FABIA,6,E01018076,0,2
2024041481572,2024,041481572,1,9,0,-1,7,1,5,-1,0,0,0,0,0,0,1,1,-1,9,2,77,11,999,1,2,SKODA FABIA,1,E01025389,0,3
2024501516964,2024,501516964,1,9,0,-1,4,2,6,-1,0,0,0,0,0,0,1,1,-1,6,2,76,11,999,1,3,SKODA FABIA,9,E01020236,0,2
2024131470505,2024,131470505,1,9,0,-1,19,5,5,-1,0,8,0,0,0,0,1,1,-1,9,2,46,8,1198,1,15,SKODA FABIA,2,E01032492,0,2
2024161505924,2024,161505924,1,9,0,-1,19,8,4,-1,0,0,0,0,7,4,3,1,-1,6,1,81,11,1598,2,10,SKODA FABIA,7,E01026080,0,2
2024311431760,2024,311431760,1,9,0,-1,5,7,5,-1,0,6,0,0,0,0,3,9,-1,1,2,54,8,999,1,6,SKODA FABIA,4,E01013938,0,3
2024010514055,2024,010514055,2,9,0,2,2,0,0,0,0,1,0,0,0,0,4,1,6,6,3,-1,-1,1197,1,14,SKODA FABIA,-1,-1,0,-1
2024991399224,2024,991399224,1,9,0,-1,19,7,3,-1,0,0,1,0,1,5,3,1,-1,9,1,21,5,1896,2,18,SKODA FABIA,5,-1,0,1
2024461519178,2024,461519178,2,9,0,-1,19,7,3,-1,0,8,0,0,0,0,3,9,-1,6,1,61,9,1198,1,13,SKODA FABIA,3,E01016128,0,1
2024010514800,2024,010514800,2,9,0,99,99,9,9,99,99,9,9,99,9,99,2,9,6,6,3,-1,-1,1198,1,11,SKODA FABIA,-1,-1,0,-1
2024552401293,2024,552401293,1,9,0,5,5,2,6,0,0,8,0,0,0,0,3,1,6,6,2,21,5,1198,1,10,SKODA FABIA,1,E01020569,0,1
2024010507796,2024,010507796,1,9,0,18,19,1,5,0,0,8,0,0,0,0,2,1,6,6,2,54,8,1198,1,16,SKODA FABIA,4,E01035006,0,4
2024061450910,2024,061450910,1,9,0,-1,1,1,1,-1,0,0,0,0,0,0,2,1,-1,6,1,39,7,999,1,1,SKODA FABIA,-1,-1,0,-1
2024302400528,2024,302400528,1,9,0,18,19,4,8,0,0,2,0,0,0,0,1,1,6,6,2,81,11,1197,1,7,SKODA FABIA,9,E01019734,0,1
2024451494329,2024,451494329,1,9,0,-1,19,5,1,-1,0,1,5,0,0,0,1,1,-1,9,1,89,11,1197,1,9,SKODA FABIA,10,E01030810,0,1
2024471411015,2024,471411015,2,9,0,-1,4,3,7,-1,0,0,0,0,0,0,2,1,-1,9,2,52,8,1896,2,17,SKODA FABIA,3,E01031830,0,2
2024461484490,2024,461484490,1,9,0,-1,19,4,8,-1,0,1,0,0,0,0,1,1,-1,9,2,38,7,1198,1,15,SKODA FABIA,6,E01024410,0,1
2024131492141,2024,131492141,1,9,0,-1,7,1,5,-1,0,2,0,0,0,0,1,1,-1,2,1,19,4,1198,1,20,SKODA FABIA,2,E01011327,0,1
2024161519128,2024,161519128,1,9,0,-1,19,8,3,-1,0,0,0,0,0,0,1,1,-1,6,1,52,8,1197,1,14,SKODA FABIA,2,E01033109,0,1
2024991540364,2024,991540364,1,9,0,-1,19,8,4,-1,0,0,5,0,1,11,1,1,-1,2,1,17,4,1198,1,14,SKODA FABIA,5,-1,0,3
2024052500199,2024,052500199,2,9,0,13,13,5,1,0,0,0,0,0,0,0,4,1,6,6,1,51,8,999,1,6,SKODA FABIA,7,E01007301,0,1
2024010525124,2024,010525124,1,9,0,99,99,9,9,99,99,9,9,99,9,99,9,9,6,6,3,26,6,1197,1,8,SKODA FABIA,1,E01003515,0,1
2024631469012,2024,631469012,1,9,0,-1,19,7,3,-1,0,0,1,0,0,0,1,1,-1,6,1,21,5,1896,2,20,SKODA FABIA,2,W01000498,0,2
2024991457063,2024,991457063,2,9,0,-1,4,7,3,-1,0,1,0,0,0,0,2,9,-1,9,1,68,10,999,1,5,SKODA FABIA,4,-1,0,3
2024991438527,2024,991438527,1,9,0,-1,19,3,7,-1,0,0,1,0,0,0,1,1,-1,9,1,23,5,1896,2,15,SKODA FABIA,-1,-1,0,-1
2024440556386,2024,440556386,1,9,0,18,19,8,4,0,0,8,5,0,0,2,1,1,2,2,1,27,6,1896,2,22,SKODA FABIA,8,E01022955,0,2
2024221507538,2024,221507538,2,9,0,-1,19,6,2,-1,0,0,0,0,0,0,3,1,-1,6,1,60,9,999,1,6,SKODA FABIA,10,E01009808,0,1
2024201426768,2024,201426768,1,9,0,-1,7,1,4,-1,0,1,0,10,7,1,3,1,-1,9,1,74,10,999,1,5,SKODA FABIA,9,E01025908,0,4
2024161523047,2024,161523047,1,9,0,-1,19,7,3,-1,0,1,0,0,1,0,1,1,-1,6,1,44,7,1197,1,9,SKODA FABIA,3,E01013198,0,4
2024451456114,2024,451456114,1,9,0,-1,19,7,3,-1,0,1,0,0,0,0,1,1,-1,2,1,24,5,1198,1,17,SKODA FABIA,10,E01030535,0,1
2024131503129,2024,131503129,1,9,0,-1,19,3,7,-1,0,8,0,0,0,0,1,1,-1,9,2,28,6,999,1,0,SKODA FABIA,8,E01011297,0,3
2024122400666,2024,122400666,1,9,0,15,15,5,1,0,0,0,0,0,0,0,2,1,2,2,2,21,5,1198,1,11,SKODA FABIA,2,E01007806,0,4
2024061496809,2024,061496809,1,9,0,-1,12,4,8,-1,0,8,0,7,0,0,3,1,-1,9,1,19,4,1198,1,17,SKODA FABIA,1,E01004862,0,2
2024320413796,2024,320413796,1,9,0,-1,-1,3,7,0,0,2,0,0,0,0,1,1,6,6,3,-1,-1,1896,2,18,SKODA FABIA,-1,-1,0,-1
2024411526454,2024,411526454,1,9,0,-1,19,5,1,-1,0,0,0,0,0,0,4,1,-1,9,1,93,11,1197,1,13,SKODA FABIA,8,E01035608,0,1
2024010536123,2024,010536123,2,9,0,5,5,5,1,0,0,8,0,0,0,0,1,1,6,6,1,28,6,1197,1,8,SKODA FABIA,7,E01002791,0,1
2024440444072,2024,440444072,3,9,0,18,19,6,2,0,0,0,0,0,0,0,1,1,6,6,1,20,4,1896,2,17,SKODA FABIA,10,E01022688,0,3
2024010518503,2024,010518503,2,9,0,18,19,3,7,0,0,8,0,0,3,0,1,1,6,6,1,44,7,1197,1,8,SKODA FABIA,-1,-1,0,-1
2024440494794,2024,440494794,1,9,0,18,19,7,3,0,0,8,0,0,0,0,1,1,6,6,2,31,6,999,1,7,SKODA FABIA,8,E01022652,0,1
2024101514616,2024,101514616,1,9,0,-1,5,7,3,-1,0,0,0,0,0,0,1,1,-1,6,1,37,7,1198,1,15,SKODA FABIA,3,E01008396,0,1
2024071030592,2024,071030592,2,9,0,-1,19,2,6,-1,0,0,0,0,0,9,1,1,-1,6,1,51,8,1598,2,13,SKODA FABIA,8,E01018391,0,1
2024141500341,2024,141500341,1,9,0,-1,3,5,1,-1,0,1,0,0,0,0,3,9,-1,6,1,51,8,1598,2,11,SKODA FABIA,5,E01007501,0,2
2024201515460,2024,201515460,1,9,0,-1,19,4,3,-1,0,0,5,10,7,11,3,1,-1,9,2,20,4,1198,1,15,SKODA FABIA,4,E01033567,0,2
2024131527932,2024,131527932,2,9,0,-1,2,4,8,-1,0,0,0,0,0,0,4,1,-1,9,1,83,11,1198,1,11,SKODA FABIA,3,E01034584,0,1
2024991399208,2024,991399208,1,9,0,-1,9,6,3,-1,9,0,0,0,0,0,1,1,-1,9,1,26,6,1598,2,12,SKODA FABIA,4,-1,0,1
2024010492844,2024,010492844,1,9,0,18,19,6,2,0,0,1,0,0,0,0,1,1,6,6,2,52,8,1198,1,12,SKODA FABIA,4,E01003447,0,1
2024320707604,2024,320707604,2,9,0,9,9,6,4,0,0,5,0,0,0,0,2,1,-1,-1,1,81,11,1197,1,9,SKODA FABIA,9,E01026215,0,1
2024440531818,2024,440531818,1,9,0,9,9,1,3,0,0,8,0,0,0,0,3,1,6,6,2,91,11,1390,1,18,SKODA FABIA,3,E01017263,0,1
2024471500379,2024,471500379,1,9,0,-1,19,1,5,-1,0,0,2,0,8,4,1,1,-1,9,1,18,4,999,1,4,SKODA FABIA,7,E01021170,0,2
2024031504140,2024,031504140,1,9,0,-1,19,8,5,-1,0,0,0,0,1,0,1,1,-1,2,1,40,7,1197,1,7,SKODA FABIA,9,E01018027,0,5
2024101504803,2024,101504803,1,8,-1,-1,15,6,2,-1,0,1,0,0,0,0,4,9,-1,6,1,39,7,999,1,6,SKODA FABIA,-1,-1,0,-1
2024361480575,2024,361480575,2,9,0,-1,19,5,1,-1,0,0,0,0,0,0,2,1,-1,9,2,51,8,1197,1,8,SKODA FABIA,8,E01026835,0,3
2024430602660,2024,430602660,1,9,0,18,19,5,1,0,0,1,0,0,0,0,1,1,6,6,2,82,11,999,1,7,SKODA FABIA,8,E01032958,0,1
2024610047924,2024,610047924,2,9,0,8,8,1,7,0,0,1,0,0,0,0,1,1,6,6,2,35,6,1197,1,8,SKODA FABIA,7,W01001372,0,1
2024010549794,2024,010549794,2,9,0,5,5,1,5,0,0,8,0,0,0,0,1,1,6,6,2,31,6,1198,1,12,SKODA FABIA,9,E01003896,0,1
2024520402077,2024,520402077,1,9,0,18,19,5,1,0,0,0,0,4,0,0,1,1,6,6,1,76,11,1896,2,18,SKODA FABIA,6,E01029214,0,1
2024010536236,2024,010536236,1,9,0,99,99,9,9,99,99,9,9,99,9,99,2,9,6,6,1,58,9,1197,1,10,SKODA FABIA,6,E01024437,0,4
2024430114808,2024,430114808,1,9,0,16,19,6,1,0,0,0,0,0,8,2,1,1,6,6,1,28,6,1390,1,18,SKODA FABIA,10,E01032610,0,3
2024311416105,2024,311416105,2,9,0,-1,19,6,2,-1,0,8,0,0,0,0,4,1,-1,6,1,-1,-1,999,1,7,SKODA FABIA,6,E01028298,0,3
2024201447224,2024,201447224,2,9,0,-1,9,8,5,-1,0,6,0,0,0,0,3,1,-1,6,2,78,11,999,1,6,SKODA FABIA,5,E01008960,0,1
2024991489161,2024,991489161,2,9,0,-1,19,2,6,-1,0,0,1,0,0,0,1,1,-1,9,2,25,5,1598,2,11,SKODA FABIA,8,-1,0,4
2024552400799,2024,552400799,2,9,0,4,4,6,2,0,0,0,0,0,0,0,2,1,2,2,2,47,8,999,1,0,SKODA FABIA,7,E01020475,0,2
2024010524825,2024,010524825,2,9,0,99,99,9,9,99,99,9,9,99,9,99,9,9,6,6,3,-1,-1,999,1,2,SKODA FABIA,-1,-1,0,-1
2024201513489,2024,201513489,3,9,0,-1,19,3,7,-1,0,0,0,0,0,0,3,1,-1,6,1,46,8,999,1,1,SKODA FABIA,1,E01009056,0,2
2024461529425,2024,461529425,2,9,0,-1,19,4,8,-1,0,0,0,0,0,0,2,1,-1,2,1,48,8,999,1,6,SKODA FABIA,6,E01003279,0,4
2024610028824,2024,610028824,2,9,0,4,4,4,1,0,0,8,0,0,0,0,2,1,6,6,2,75,10,1197,1,12,SKODA FABIA,3,E01022245,0,4
2024440445428,2024,440445428,1,9,0,9,9,3,7,0,0,0,-1,0,0,0,1,1,6,6,2,29,6,1390,1,15,SKODA FABIA,4,E01017290,0,1
2024440215130,2024,440215130,1,9,0,9,9,4,2,0,0,5,0,0,0,0,3,1,6,6,1,33,6,1197,1,13,SKODA FABIA,6,E01022960,0,2
2024542458724,2024,542458724,1,9,0,18,19,5,1,0,0,4,0,0,0,0,1,1,6,6,1,77,11,999,1,4,SKODA FABIA,6,E01032114,0,1
2024501501171,2024,501501171,1,9,0,-1,19,3,7,-1,0,0,0,0,2,11,1,1,-1,2,2,29,6,999,1,3,SKODA FABIA,3,E01015167,0,4
2024041410518,2024,041410518,1,9,0,-1,9,1,7,-1,0,5,0,0,0,0,3,1,-1,6,1,22,5,999,1,5,SKODA FABIA,4,E01025282,0,1
2024332400141,2024,332400141,2,9,0,-1,5,4,8,-1,0,1,0,0,0,0,1,1,-1,9,1,20,4,999,1,9,SKODA FABIA,7,E01013672,0,1
2024461513851,2024,461513851,1,9,0,-1,5,3,1,-1,0,1,0,0,0,0,3,9,-1,2,1,25,5,1197,1,13,SKODA FABIA,4,E01035319,0,4
2024131458110,2024,131458110,1,9,0,-1,19,5,1,-1,0,0,0,4,0,0,4,1,-1,2,1,17,4,1896,2,15,SKODA FABIA,3,E01011064,0,1
2024471436706,2024,471436706,1,9,0,-1,9,5,1,-1,0,0,0,0,0,0,1,1,-1,9,1,39,7,1390,1,12,SKODA FABIA,10,E01021023,0,1
2024302400896,2024,302400896,1,9,0,16,19,5,1,0,0,0,1,0,7,1,1,1,6,6,2,34,6,1198,1,10,SKODA FABIA,9,E01007832,0,3
2024311516373,2024,311516373,2,9,0,-1,9,3,5,-1,0,8,0,0,0,0,2,1,-1,9,2,31,6,999,1,6,SKODA FABIA,9,E01007601,0,3
2024440237829,2024,440237829,2,9,0,5,5,2,6,0,0,6,0,0,0,0,1,1,6,6,1,88,11,999,1,7,SKODA FABIA,9,E01022991,0,1
2024010519136,2024,010519136,1,9,0,18,19,5,1,0,0,3,0,0,0,0,1,2,6,6,1,25,5,1198,1,21,SKODA FABIA,4,E01000904,0,2
2024471528216,2024,471528216,1,9,0,-1,19,2,6,-1,0,0,5,4,0,0,1,1,-1,9,1,70,10,999,1,1,SKODA FABIA,4,E01021207,0,1
2024320450369,2024,320450369,1,9,0,-1,-1,3,7,0,0,0,0,0,7,0,1,1,-1,-1,2,37,7,1197,1,7,SKODA FABIA,3,E01008930,0,5
2024061516260,2024,061516260,2,9,0,-1,3,-1,-1,-1,0,0,0,0,0,0,1,1,-1,6,2,20,4,1598,2,13,SKODA FABIA,7,E01018357,0,4