collision_index,collision_year,collision_ref_no,vehicle_reference,vehicle_type,towing_and_articulation,vehicle_manoeuvre_historic,vehicle_manoeuvre,vehicle_direction_from,vehicle_direction_to,vehicle_location_restricted_lane_historic,vehicle_location_restricted_lane,junction_location,skidding_and_overturning,hit_object_in_carriageway,vehicle_leaving_carriageway,hit_object_off_carriageway,first_point_of_impact,vehicle_left_hand_drive,journey_purpose_of_driver_historic,journey_purpose_of_driver,sex_of_driver,age_of_driver,age_band_of_driver,engine_capacity_cc,propulsion_code,age_of_vehicle,generic_make_model,driver_imd_decile,lsoa_of_driver,escooter_flag,driver_distance_banding
2024332400155,2024,332400155,2,9,0,-1,19,6,3,-1,0,0,0,0,7,10,1,1,-1,6,1,21,5,1198,1,19,SKODA FABIA,5,E01013671,0,1
2024041516981,2024,041516981,2,9,0,-1,19,5,1,-1,0,8,0,0,0,0,2,1,-1,9,1,59,9,1896,2,19,SKODA FABIA,1,E01025188,0,1
2024622400065,2024,622400065,2,9,0,18,19,2,6,0,0,0,0,0,0,0,1,1,6,6,1,64,9,999,1,8,SKODA FABIA,1,W01000939,0,1
2024052401980,2024,052401980,1,9,0,9,9,6,5,0,0,8,0,0,3,11,3,1,6,6,1,53,8,999,1,2,SKODA FABIA,1,E01007130,0,2
2024201473017,2024,201473017,2,9,0,-1,5,3,1,-1,0,6,0,0,0,0,1,1,-1,6,2,31,6,1197,1,8,SKODA FABIA,2,E01010454,0,1
2024501397362,2024,501397362,2,9,0,-1,12,7,3,-1,0,0,0,0,0,0,1,1,-1,6,2,28,6,1896,2,17,SKODA FABIA,4,E01020506,0,3
2024061439253,2024,061439253,1,9,0,-1,19,6,2,-1,0,1,0,0,2,0,2,1,-1,1,1,52,8,999,1,6,SKODA FABIA,1,E01005432,0,2
2024201569339,2024,201569339,1,9,0,-1,19,1,5,-1,0,8,2,0,0,0,1,1,-1,6,1,28,6,1896,2,19,SKODA FABIA,4,E01009879,0,1
2024131507802,2024,131507802,2,9,0,-1,2,0,0,-1,0,0,0,0,0,0,3,1,-1,6,-1,-1,-1,1198,1,15,SKODA FABIA,-1,-1,0,-1
2024991421525,2024,991421525,2,9,0,-1,2,0,0,-1,5,2,0,0,0,0,0,1,-1,6,-1,-1,-1,999,1,1,SKODA FABIA,-1,-1,0,-1
2024221478830,2024,221478830,1,9,0,-1,19,7,4,-1,0,8,0,0,0,0,1,9,-1,6,1,23,5,1896,2,17,SKODA FABIA,3,E01009867,0,3
2024430288199,2024,430288199,1,9,0,12,12,1,5,-1,-1,0,0,0,0,0,2,1,6,6,2,53,8,1390,1,13,SKODA FABIA,6,E01016754,0,1
2024320497091,2024,320497091,1,9,0,-1,-1,4,8,0,0,0,0,0,1,9,1,1,1,1,2,62,9,1598,2,12,SKODA FABIA,10,E01032993,0,3
2024061472580,2024,061472580,4,9,0,-1,2,0,0,-1,0,0,0,4,0,0,2,1,-1,6,-1,-1,-1,1197,1,12,SKODA FABIA,-1,-1,0,-1
2024351450145,2024,351450145,2,9,-1,-1,-1,-1,-1,-1,-1,0,-1,-1,-1,0,-1,9,-1,6,2,25,5,999,1,7,SKODA FABIA,9,E01021383,0,4
2024471480592,2024,471480592,1,9,0,-1,9,6,4,-1,0,2,0,0,0,0,0,1,-1,9,2,69,10,999,1,3,SKODA FABIA,10,E01004196,0,4
2024221527702,2024,221527702,1,9,0,-1,19,8,4,-1,0,0,2,10,1,9,1,1,-1,6,2,19,4,1198,1,15,SKODA FABIA,10,E01028974,0,3
2024010541310,2024,010541310,2,9,0,18,19,7,3,0,0,1,0,0,0,0,1,1,6,6,2,66,10,999,1,5,SKODA FABIA,6,E01000166,0,1
2024544245724,2024,544245724,2,9,0,18,19,4,8,0,0,0,0,0,0,0,3,1,6,6,1,28,6,999,1,6,SKODA FABIA,9,E01029076,0,4
2024501488208,2024,501488208,1,9,0,-1,9,8,6,-1,0,3,0,0,0,0,1,1,-1,1,2,29,6,1422,2,16,SKODA FABIA,6,E01018834,0,1
2024461531439,2024,461531439,3,9,0,-1,3,2,6,-1,0,0,1,0,0,0,2,1,-1,6,2,59,9,1197,1,13,SKODA FABIA,9,E01024765,0,2
2024221457325,2024,221457325,1,9,0,-1,19,7,3,-1,0,0,1,4,0,0,1,1,-1,6,1,85,11,999,1,6,SKODA FABIA,10,E01032139,0,1
2024010503581,2024,010503581,2,9,0,10,10,1,6,0,0,1,0,0,0,0,3,1,6,6,2,72,10,999,1,5,SKODA FABIA,8,E01003404,0,1
2024052400609,2024,052400609,1,9,0,4,4,2,6,0,0,0,0,0,0,0,1,1,6,6,2,92,11,1198,1,17,SKODA FABIA,4,E01007221,0,1
2024332400282,2024,332400282,1,9,0,-1,19,7,3,-1,0,8,0,0,0,0,1,1,-1,9,1,21,5,1896,2,20,SKODA FABIA,2,E01019842,0,2
2024631426291,2024,631426291,1,9,0,-1,19,8,5,-1,0,0,2,0,8,10,3,1,-1,9,1,19,4,1896,2,18,SKODA FABIA,7,W01000583,0,3
2024101517696,2024,101517696,1,9,0,-1,19,1,5,-1,0,0,0,0,0,0,3,1,-1,6,1,55,8,1198,1,14,SKODA FABIA,6,E01008453,0,1
2024471533831,2024,471533831,2,9,0,-1,9,2,8,-1,0,1,0,0,0,0,4,1,-1,6,1,72,10,1198,1,18,SKODA FABIA,1,E01016915,0,1
2024430598619,2024,430598619,2,9,0,18,19,8,4,0,0,0,0,0,0,0,1,1,6,6,1,-1,-1,1197,1,8,SKODA FABIA,-1,-1,0,-1
2024061509198,2024,061509198,1,9,0,-1,5,5,3,-1,0,1,0,0,0,0,4,1,-1,9,2,20,4,999,1,0,SKODA FABIA,2,E01005435,0,1
2024451505662,2024,451505662,2,9,0,-1,9,1,7,-1,0,8,0,0,0,0,3,1,-1,6,1,27,6,1598,1,15,SKODA FABIA,2,E01003600,0,4
2024332401194,2024,332401194,1,9,0,-1,19,5,1,-1,0,0,0,0,0,0,1,1,-1,9,1,17,4,1197,1,8,SKODA FABIA,7,E01025895,0,1
2024141411221,2024,141411221,1,9,0,-1,19,4,7,-1,0,0,0,0,0,0,2,1,-1,9,1,72,10,999,1,4,SKODA FABIA,5,E01019803,0,4
2024421531080,2024,421531080,1,9,0,-1,19,5,1,-1,9,0,0,0,0,0,1,1,-1,1,1,24,5,1422,2,8,SKODA FABIA,2,E01022039,0,1
2024131412280,2024,131412280,1,9,0,-1,19,7,3,-1,0,0,1,0,0,0,1,1,-1,2,1,25,5,1390,1,15,SKODA FABIA,1,E01010808,0,4
2024320250472,2024,320250472,2,9,0,-1,-1,6,2,0,0,8,0,0,0,0,1,1,6,6,1,42,7,999,1,9,SKODA FABIA,5,E01026054,0,4
2024141412762,2024,141412762,1,9,0,-1,19,7,3,-1,0,0,2,0,1,0,1,9,-1,6,2,31,6,1390,1,13,SKODA FABIA,1,E01011081,0,3
2024471509667,2024,471509667,1,9,0,-1,19,3,7,-1,0,1,0,0,0,0,1,9,-1,6,1,67,10,1390,1,16,SKODA FABIA,8,E01031633,0,1
2024461439969,2024,461439969,1,9,0,-1,19,5,1,-1,0,3,0,0,0,0,1,1,-1,9,1,52,8,1896,2,15,SKODA FABIA,4,E01024694,0,1
2024461479019,2024,461479019,2,9,0,-1,19,3,7,-1,0,3,1,0,0,0,4,9,-1,9,1,43,7,1198,1,21,SKODA FABIA,2,E01024505,0,1
2024010539574,2024,010539574,1,9,0,12,12,3,7,0,0,0,0,0,0,0,3,1,2,2,1,61,9,1197,1,7,SKODA FABIA,4,E01016174,0,4
2024340WN3172,2024,340WN3172,1,9,0,-1,9,5,1,-1,0,6,0,0,0,0,3,1,-1,6,1,75,10,1197,1,11,SKODA FABIA,-1,-1,0,-1
2024421447916,2024,421447916,1,9,0,-1,5,1,6,-1,0,6,0,0,0,0,1,1,-1,9,2,66,10,1197,1,7,SKODA FABIA,-1,-1,0,-1
2024520002266,2024,520002266,1,9,0,1,1,3,7,0,0,0,0,0,0,0,2,1,1,1,1,34,6,1198,1,16,SKODA FABIA,10,E01014479,0,1
2024211457663,2024,211457663,2,9,0,-1,19,7,3,-1,0,0,0,0,0,0,1,1,-1,6,2,39,7,1598,2,11,SKODA FABIA,-1,-1,0,-1
2024041477305,2024,041477305,2,9,0,-1,19,7,3,-1,0,3,0,0,0,0,1,1,-1,9,1,64,9,1896,2,20,SKODA FABIA,3,E01024926,0,1
2024991486814,2024,991486814,1,9,0,-1,19,2,6,-1,0,0,2,0,0,0,2,1,-1,9,1,20,4,1390,1,18,SKODA FABIA,10,-1,0,4
2024131453129,2024,131453129,3,9,0,-1,2,0,0,-1,0,0,0,0,0,0,1,1,-1,6,-1,-1,-1,1422,2,18,SKODA FABIA,-1,-1,0,-1
2024411443997,2024,411443997,2,9,0,-1,19,1,4,-1,0,5,0,0,0,0,3,1,-1,2,2,31,6,999,1,6,SKODA FABIA,10,E01017442,0,3
2024201488645,2024,201488645,1,9,5,-1,19,3,7,-1,0,1,0,10,1,11,4,1,-1,2,1,29,6,1198,1,16,SKODA FABIA,2,E01009017,0,1
2024622400095,2024,622400095,1,9,0,18,19,8,4,0,0,1,0,0,0,0,1,1,6,6,2,48,8,1198,1,21,SKODA FABIA,4,W01001168,0,1
2024320213828,2024,320213828,3,9,0,-1,-1,2,6,0,0,0,0,0,0,0,1,2,-1,-1,1,39,7,1199,2,13,SKODA FABIA,3,E01026060,0,1
2024211534565,2024,211534565,1,9,0,-1,19,2,6,-1,0,0,0,0,7,0,1,1,-1,9,2,56,9,999,1,0,SKODA FABIA,4,E01029361,0,3
2024401468276,2024,401468276,2,9,0,-1,19,2,8,-1,0,0,0,0,0,0,1,1,-1,6,1,-1,-1,1422,2,14,SKODA FABIA,-1,-1,0,-1
2024440532993,2024,440532993,1,9,0,10,10,4,2,0,0,1,0,0,0,0,2,1,6,6,1,45,7,999,1,7,SKODA FABIA,8,E01022650,0,1
2024340WN4872,2024,340WN4872,1,9,0,-1,19,3,7,-1,0,8,0,0,1,0,3,1,-1,6,2,30,6,1197,1,8,SKODA FABIA,9,E01035403,0,1
2024520402495,2024,520402495,1,9,0,18,19,8,4,0,0,0,0,0,0,0,3,1,6,6,2,25,5,1390,1,19,SKODA FABIA,7,E01029124,0,3
2024010517150,2024,010517150,1,9,0,9,9,5,2,0,0,8,0,0,0,0,1,1,6,6,1,24,5,1598,1,16,SKODA FABIA,4,E01032115,0,5
2024041449981,2024,041449981,1,9,0,-1,19,3,7,-1,0,0,0,0,0,0,1,1,-1,9,1,87,11,999,1,6,SKODA FABIA,7,E01024955,0,1
2024520403200,2024,520403200,1,9,0,18,19,1,5,0,0,0,5,0,1,9,1,1,6,6,1,34,6,1390,1,12,SKODA FABIA,5,E01035122,0,1
2024332400322,2024,332400322,2,9,0,-1,7,4,6,-1,0,6,0,0,0,0,1,1,-1,9,1,54,8,1896,2,17,SKODA FABIA,1,E01013677,0,2
2024531519621,2024,531519621,1,9,0,-1,9,4,2,-1,0,8,0,0,0,0,4,1,-1,2,1,54,8,1422,2,16,SKODA FABIA,9,E01022100,0,1
2024201453772,2024,201453772,2,9,0,-1,19,1,5,-1,0,8,0,0,0,0,1,1,-1,6,1,21,5,1598,1,16,SKODA FABIA,2,E01009291,0,2
2024622400577,2024,622400577,2,9,0,4,4,6,2,0,0,4,0,0,0,0,2,1,6,6,2,54,8,1598,2,13,SKODA FABIA,1,W01000964,0,1
2024231396845,2024,231396845,1,9,0,-1,19,2,6,-1,0,1,0,0,0,0,1,9,-1,6,1,49,8,1199,2,12,SKODA FABIA,1,E01009117,0,4
2024201551321,2024,201551321,1,9,0,-1,5,2,6,-1,0,0,0,0,0,0,1,9,-1,6,-1,-1,-1,1422,2,15,SKODA FABIA,-1,-1,0,-1
2024401468384,2024,401468384,1,9,-1,-1,-1,-1,-1,-1,-1,0,-1,-1,-1,0,-1,9,-1,2,1,24,5,1598,2,12,SKODA FABIA,4,E01017535,0,1
2024351420117,2024,351420117,1,9,-1,-1,-1,-1,-1,-1,-1,0,-1,-1,-1,0,-1,9,-1,6,2,24,5,1197,1,13,SKODA FABIA,6,E01035535,0,3
2024131484327,2024,131484327,2,9,0,-1,19,7,3,-1,0,1,0,0,0,0,4,1,-1,2,1,24,5,1598,2,10,SKODA FABIA,9,E01011453,0,1
2024231417722,2024,231417722,3,9,0,-1,4,5,1,-1,0,0,0,0,0,0,1,1,-1,6,1,28,6,1598,2,11,SKODA FABIA,6,E01031108,0,3
2024231427768,2024,231427768,2,9,0,-1,19,6,2,-1,0,8,0,0,0,0,4,9,-1,2,1,64,9,1197,1,9,SKODA FABIA,8,E01035036,0,4
2024221461279,2024,221461279,2,9,0,-1,13,4,8,-1,0,8,0,0,7,0,1,1,-1,6,1,19,4,1896,2,19,SKODA FABIA,7,E01014075,0,3
202417S414424,2024,17S414424,1,9,0,-1,19,6,2,-1,0,0,0,0,0,0,1,1,-1,9,1,52,8,1598,2,12,SKODA FABIA,9,E01012211,0,2
2024221415509,2024,221415509,3,9,0,-1,2,0,0,-1,0,0,0,0,0,0,2,1,-1,6,2,66,10,999,1,6,SKODA FABIA,6,E01032288,0,1
2024522403178,2024,522403178,2,9,0,9,9,8,6,0,0,5,0,0,0,0,4,1,6,6,2,27,6,1197,1,12,SKODA FABIA,2,E01014575,0,1
2024201499785,2024,201499785,1,9,0,-1,19,1,6,-1,0,1,0,0,0,0,1,1,-1,6,2,53,8,999,1,6,SKODA FABIA,1,E01009366,0,2
2024122401058,2024,122401058,2,9,0,5,5,8,1,0,0,1,0,0,0,0,4,1,6,6,1,75,10,999,1,7,SKODA FABIA,4,E01012300,0,3
2024131534344,2024,131534344,2,9,0,-1,1,3,7,-1,0,1,0,0,0,0,2,1,-1,9,1,87,11,1198,1,15,SKODA FABIA,6,E01010920,0,2
2024332400456,2024,332400456,2,9,0,-1,4,2,6,-1,0,0,0,0,0,0,1,1,-1,6,2,34,6,1422,2,15,SKODA FABIA,7,E01025677,0,2
2024440523159,2024,440523159,1,9,0,18,19,4,8,0,0,0,2,0,1,0,0,1,6,6,2,18,4,1197,1,13,SKODA FABIA,7,E01016327,0,4
2024320597171,2024,320597171,3,9,0,-1,-1,2,6,0,0,0,0,0,0,0,3,1,-1,-1,1,29,6,1598,2,11,SKODA FABIA,8,E01026372,0,2
2024631492220,2024,631492220,1,9,0,-1,19,5,1,-1,0,0,0,0,7,0,1,1,-1,2,2,19,4,999,1,4,SKODA FABIA,7,W01000684,0,1
2024101493739,2024,101493739,1,9,0,-1,7,3,5,-1,0,6,0,0,0,0,1,1,-1,6,1,55,8,1197,1,10,SKODA FABIA,3,E01027421,0,2
2024302401393,2024,302401393,1,9,0,9,9,8,6,0,0,8,0,0,0,0,4,1,6,6,1,17,4,1198,1,19,SKODA FABIA,3,E01027941,0,2
2024010509990,2024,010509990,3,9,0,9,9,3,8,0,0,1,1,0,0,0,1,1,6,6,1,41,7,999,1,4,SKODA FABIA,-1,-1,0,-1
2024440418565,2024,440418565,1,9,0,4,4,5,1,0,0,0,0,0,0,0,2,1,6,6,2,39,7,1198,1,13,SKODA FABIA,10,E01022693,0,2
2024351524707,2024,351524707,1,9,0,-1,19,1,5,-1,0,0,0,0,0,0,1,1,-1,6,1,77,11,1896,2,15,SKODA FABIA,5,E01035532,0,4
2024111448799,2024,111448799,2,9,0,-1,2,0,0,-1,0,0,0,0,0,0,3,1,-1,6,1,30,6,1422,2,14,SKODA FABIA,3,E01012340,0,1
2024061466395,2024,061466395,1,9,0,-1,19,7,3,-1,0,2,0,0,0,0,1,9,-1,6,3,-1,-1,1198,1,20,SKODA FABIA,-1,-1,0,-1
2024351453907,2024,351453907,2,9,0,-1,19,1,6,-1,0,2,0,0,0,0,1,1,-1,9,2,79,11,999,1,5,SKODA FABIA,2,E01015608,0,1
202417M109024,2024,17M109024,1,9,0,-1,3,2,6,-1,0,0,0,0,0,0,2,1,-1,7,1,22,5,1198,1,10,SKODA FABIA,1,E01012093,0,1
2024201488576,2024,201488576,1,9,0,-1,19,5,2,-1,0,4,0,0,0,0,1,1,-1,9,1,20,4,1197,1,12,SKODA FABIA,-1,-1,0,-1
2024991540302,2024,991540302,1,9,0,-1,7,6,2,-1,0,8,0,0,0,0,1,9,-1,6,1,54,8,1390,1,18,SKODA FABIA,1,-1,0,1
2024440496095,2024,440496095,1,9,0,2,2,1,5,0,0,0,0,0,0,0,3,1,3,7,2,30,6,1197,1,9,SKODA FABIA,6,E01022669,0,2
2024631486117,2024,631486117,1,9,0,-1,19,1,7,-1,0,8,0,0,2,0,3,1,-1,9,2,24,5,1422,2,15,SKODA FABIA,7,W01000051,0,4
2024061523356,2024,061523356,1,9,0,-1,19,-1,-1,-1,0,4,0,0,0,0,2,1,-1,2,2,35,6,1197,1,7,SKODA FABIA,6,E01019732,0,3
2024201517738,2024,201517738,1,9,0,-1,19,8,4,-1,0,2,1,10,1,1,1,9,-1,9,1,30,6,1390,1,12,SKODA FABIA,6,E01009848,0,1
2024440464871,2024,440464871,2,9,0,18,19,3,7,0,0,0,0,0,0,0,1,1,6,6,3,-1,-1,1197,1,14,SKODA FABIA,-1,-1,0,-1
2024451520209,2024,451520209,1,9,0,-1,-1,-1,-1,-1,0,1,-1,-1,-1,0,-1,9,-1,6,3,-1,-1,1422,2,17,SKODA FABIA,-1,-1,0,-1
2024631511779,2024,631511779,1,9,0,-1,19,2,7,-1,0,1,0,0,0,0,1,1,-1,9,2,78,11,1896,2,17,SKODA FABIA,6,W01000492,0,4
2024311524630,2024,311524630,1,9,0,-1,9,1,3,-1,9,8,1,7,1,0,1,1,-1,2,1,19,4,1390,1,12,SKODA FABIA,-1,-1,0,-1
2024111414703,2024,111414703,2,9,0,-1,5,8,4,-1,0,0,0,0,0,0,1,1,-1,6,2,76,11,999,1,7,SKODA FABIA,4,E01020833,0,1
2024010489681,2024,010489681,1,9,0,99,99,9,9,99,99,9,9,99,9,99,2,9,6,6,2,46,8,1422,2,8,SKODA FABIA,5,E01035271,0,2
2024161461604,2024,161461604,2,9,0,-1,19,8,4,-1,0,1,0,0,7,0,1,1,-1,2,1,49,8,1197,1,9,SKODA FABIA,-1,-1,0,-1
2024061520541,2024,061520541,1,9,0,-1,8,-1,-1,-1,0,0,0,0,0,0,2,1,-1,6,2,27,6,1197,1,8,SKODA FABIA,4,E01033976,0,2
2024440352087,2024,440352087,2,9,0,18,19,7,3,0,0,1,0,0,0,0,1,1,6,6,2,79,11,1422,2,16,SKODA FABIA,10,E01023226,0,4
2024471459435,2024,471459435,1,9,0,-1,11,4,6,-1,0,3,0,0,0,0,4,1,-1,6,1,79,11,999,1,7,SKODA FABIA,9,E01020945,0,1
2024545718024,2024,545718024,1,9,0,18,19,5,1,0,0,1,0,0,0,0,4,1,6,6,1,31,6,1598,2,11,SKODA FABIA,8,E01031852,0,3
2024010502929,2024,010502929,1,9,0,18,19,3,7,0,0,0,0,0,0,0,1,1,6,6,1,55,8,1197,1,9,SKODA FABIA,3,E01002585,0,1
2024302401162,2024,302401162,1,9,0,9,9,8,6,0,0,8,0,0,0,0,3,1,6,6,1,63,9,1198,1,11,SKODA FABIA,3,E01013532,0,1
2024010535510,2024,010535510,1,9,0,18,19,1,5,0,0,2,0,0,0,0,1,1,6,6,2,68,10,1598,1,15,SKODA FABIA,6,E01001527,0,1
2024052401360,2024,052401360,1,9,0,5,5,7,3,0,0,0,0,0,0,0,1,1,6,6,3,-1,-1,1198,1,16,SKODA FABIA,-1,-1,0,-1
2024552401275,2024,552401275,2,9,0,18,19,6,2,0,0,0,0,0,0,0,4,1,6,6,1,71,10,1422,2,17,SKODA FABIA,7,E01015414,0,1
2024461528943,2024,461528943,2,9,0,-1,9,1,7,-1,0,4,0,0,0,0,4,1,-1,2,1,46,8,999,1,5,SKODA FABIA,2,E01024840,0,4
2024311499047,2024,311499047,1,9,0,-1,19,5,1,-1,0,1,0,0,0,0,1,1,-1,6,1,30,6,1896,2,16,SKODA FABIA,-1,-1,0,-1
2024122401102,2024,122401102,1,9,0,7,7,4,6,0,0,8,0,0,3,11,0,1,6,6,2,85,11,1197,1,7,SKODA FABIA,5,E01027706,0,1
2024471461938,2024,471461938,1,9,0,-1,19,5,1,-1,0,1,0,0,0,0,1,1,-1,9,2,48,8,1197,1,12,SKODA FABIA,6,E01020938,0,2
2024010539772,2024,010539772,1,9,0,99,99,9,9,99,99,9,9,99,9,99,2,9,6,6,2,45,7,1390,1,16,SKODA FABIA,9,E01003834,0,1
2024010501537,2024,010501537,2,9,0,18,19,1,5,0,0,0,0,0,0,0,1,1,6,6,2,47,8,1197,1,7,SKODA FABIA,9,E01003775,0,1
2024451469549,2024,451469549,1,9,0,-1,19,1,1,-1,0,0,0,0,0,0,1,1,-1,9,2,67,10,1896,2,16,SKODA FABIA,3,E01015306,0,5
2024010533141,2024,010533141,2,9,0,2,2,0,0,0,0,1,0,0,0,0,0,1,6,6,3,-1,-1,1197,1,8,SKODA FABIA,-1,-1,0,-1
2024131517248,2024,131517248,1,9,0,-1,19,5,1,-1,0,6,0,0,3,0,1,1,-1,6,1,18,4,999,1,4,SKODA FABIA,2,E01011128,0,1
2024440453808,2024,440453808,1,9,0,18,19,3,7,0,0,4,0,0,0,0,1,1,6,6,2,81,11,1896,2,15,SKODA FABIA,3,E01022738,0,1
2024545863624,2024,545863624,2,9,0,9,9,5,3,0,0,1,0,0,0,0,3,1,6,6,1,39,7,1198,1,19,SKODA FABIA,5,E01032111,0,2
2024991501890,2024,991501890,1,9,0,-1,19,1,5,-1,0,1,2,0,1,5,4,1,-1,9,1,27,6,1198,1,12,SKODA FABIA,5,-1,0,5
2024501520183,2024,501520183,2,9,0,-1,19,8,4,-1,0,0,1,0,0,0,1,1,-1,6,1,57,9,999,1,6,SKODA FABIA,5,E01018756,0,3
2024371472113,2024,371472113,2,9,0,-1,19,7,3,-1,0,1,0,0,0,0,0,1,-1,6,1,35,6,1197,1,8,SKODA FABIA,2,E01030264,0,1
2024471500042,2024,471500042,1,9,0,-1,19,3,7,-1,0,4,0,0,0,0,1,1,-1,9,2,64,9,999,1,4,SKODA FABIA,8,E01031418,0,2
2024371486202,2024,371486202,3,9,0,-1,19,1,5,-1,0,0,0,0,0,0,1,1,-1,6,1,21,5,1198,1,15,SKODA FABIA,7,E01018858,0,5
2024501478632,2024,501478632,1,9,0,-1,19,6,2,-1,0,0,0,0,1,0,1,1,-1,9,1,18,4,1198,1,18,SKODA FABIA,6,E01020494,0,4
2024101538466,2024,101538466,3,9,0,-1,19,8,4,-1,0,1,0,0,0,0,1,1,-1,6,2,54,8,999,1,2,SKODA FABIA,6,E01020608,0,1
2024631523908,2024,631523908,1,9,0,-1,19,6,2,-1,0,0,1,0,1,9,1,1,-1,2,1,19,4,1896,2,17,SKODA FABIA,7,W01000484,0,2
2024552400301,2024,552400301,2,9,0,4,4,3,7,0,0,0,0,0,1,9,2,1,2,2,2,33,6,999,1,4,SKODA FABIA,4,E01033241,0,3
2024631460699,2024,631460699,1,9,0,-1,19,6,2,-1,0,0,1,0,0,0,1,1,-1,2,1,38,7,1422,2,19,SKODA FABIA,4,W01000533,0,1
2024302401554,2024,302401554,1,9,0,18,19,4,1,0,0,8,0,0,1,4,3,1,6,6,2,28,6,999,1,7,SKODA FABIA,7,E01019700,0,2
2024440120799,2024,440120799,6,9,0,18,19,3,7,0,0,1,0,0,0,0,3,1,6,6,1,39,7,1197,1,7,SKODA FABIA,5,E01017055,0,1
2024010512279,2024,010512279,1,9,0,15,15,5,1,0,0,0,0,0,0,0,1,1,6,6,1,-1,-1,1199,2,10,SKODA FABIA,-1,-1,0,-1
2024070528951,2024,070528951,2,9,0,18,19,1,5,0,0,2,2,0,7,0,3,1,6,6,2,20,4,1422,2,17,SKODA FABIA,6,W01000021,0,5
2024061495489,2024,061495489,1,9,0,-1,5,5,1,-1,0,0,0,0,0,0,1,1,-1,6,1,41,7,999,1,1,SKODA FABIA,1,E01005662,0,1
2024070306199,2024,070306199,2,9,0,18,19,5,1,0,0,0,0,0,0,0,2,1,6,6,2,58,9,1197,1,7,SKODA FABIA,1,E01005119,0,3
2024430356571,2024,430356571,1,9,0,18,19,8,4,0,0,6,0,0,0,0,1,1,6,6,2,86,11,1197,1,8,SKODA FABIA,8,E01016298,0,1
2024371510232,2024,371510232,1,9,0,-1,9,8,5,-1,0,1,0,0,0,0,1,1,-1,2,1,25,5,1397,1,22,SKODA FABIA,2,E01030032,0,1
2024070163102,2024,070163102,1,9,0,9,9,4,2,0,0,8,0,0,0,0,1,1,6,6,1,35,6,1422,2,16,SKODA FABIA,2,E01012525,0,1
2024231500587,2024,231500587,2,9,0,-1,19,8,4,-1,0,0,0,0,0,0,1,1,-1,6,1,44,7,1598,2,13,SKODA FABIA,6,E01031108,0,2
202417L306824,2024,17L306824,1,9,0,-1,19,5,1,-1,0,4,0,0,0,0,1,1,-1,6,2,29,6,999,1,2,SKODA FABIA,4,E01012142,0,1
2024311473089,2024,311473089,2,9,0,-1,19,3,6,-1,0,8,0,10,1,0,3,1,-1,9,1,56,9,1390,1,16,SKODA FABIA,4,E01027950,0,1
2024991414395,2024,991414395,2,9,0,-1,3,8,4,-1,0,1,0,0,0,0,2,1,-1,9,1,77,11,1896,2,16,SKODA FABIA,7,-1,0,2
2024061523663,2024,061523663,1,9,0,-1,19,-1,-1,-1,0,0,0,0,0,0,2,1,-1,2,2,64,9,1896,2,21,SKODA FABIA,7,E01005468,0,2
2024471458168,2024,471458168,2,9,0,-1,5,4,8,-1,0,0,0,0,0,0,4,1,-1,6,2,56,9,1198,1,12,SKODA FABIA,5,E01021059,0,3
2024010516669,2024,010516669,1,9,0,5,5,3,7,0,0,1,0,0,1,0,1,1,6,6,2,60,9,1197,1,7,SKODA FABIA,7,E01001226,0,1
2024430517584,2024,430517584,1,9,0,9,9,3,8,0,0,6,0,0,0,0,1,1,3,7,1,38,7,1197,1,12,SKODA FABIA,2,E01028448,0,1
2024052400499,2024,052400499,1,9,0,18,19,3,7,0,0,7,0,0,0,0,4,1,6,6,1,25,5,1199,2,12,SKODA FABIA,1,E01006816,0,1
2024122401100,2024,122401100,2,9,0,2,2,0,0,0,0,0,0,0,0,0,2,1,6,6,3,-1,-1,1198,1,11,SKODA FABIA,-1,-1,0,-1
2024111473740,2024,111473740,1,9,0,-1,19,2,6,-1,0,1,0,0,0,0,1,1,-1,6,2,30,6,1198,1,13,SKODA FABIA,-1,-1,0,-1
2024101519800,2024,101519800,1,9,0,-1,3,6,2,-1,0,0,0,0,0,0,1,1,-1,2,2,48,8,1198,1,15,SKODA FABIA,1,E01027546,0,1
2024122401258,2024,122401258,1,9,0,4,4,6,2,0,0,1,1,0,0,0,1,1,6,6,1,55,8,1422,2,16,SKODA FABIA,1,E01025226,0,2
2024201491745,2024,201491745,1,9,0,-1,9,8,6,-1,0,0,0,0,0,0,0,1,-1,9,2,24,5,1197,1,7,SKODA FABIA,-1,-1,0,-1
2024101492088,2024,101492088,1,9,0,-1,4,7,3,-1,0,4,0,0,0,0,4,1,-1,6,1,75,10,1197,1,13,SKODA FABIA,7,E01008528,0,1
2024070750822,2024,070750822,2,9,0,-1,19,5,1,-1,0,8,5,10,1,4,4,1,-1,9,1,83,11,1197,1,7,SKODA FABIA,3,E01029597,0,1