collision_index,collision_year,collision_ref_no,vehicle_reference,vehicle_type,towing_and_articulation,vehicle_manoeuvre_historic,vehicle_manoeuvre,vehicle_direction_from,vehicle_direction_to,vehicle_location_restricted_lane_historic,vehicle_location_restricted_lane,junction_location,skidding_and_overturning,hit_object_in_carriageway,vehicle_leaving_carriageway,hit_object_off_carriageway,first_point_of_impact,vehicle_left_hand_drive,journey_purpose_of_driver_historic,journey_purpose_of_driver,sex_of_driver,age_of_driver,age_band_of_driver,engine_capacity_cc,propulsion_code,age_of_vehicle,generic_make_model,driver_imd_decile,lsoa_of_driver,escooter_flag,driver_distance_banding
2024991451882,2024,991451882,1,9,0,-1,10,6,3,-1,0,1,0,0,0,0,2,1,-1,6,2,39,7,999,1,0,SKODA FABIA,3,-1,0,1
2024991447893,2024,991447893,1,9,0,-1,19,3,7,-1,0,0,0,0,0,0,1,1,-1,2,1,48,8,1598,2,11,SKODA FABIA,2,-1,0,4
2024501469284,2024,501469284,1,9,0,-1,19,7,3,-1,0,0,1,0,2,0,1,1,-1,6,1,18,4,1197,1,13,SKODA FABIA,4,E01020262,0,1
2024631528952,2024,631528952,2,9,0,-1,19,6,2,-1,0,8,0,0,0,0,1,1,-1,2,2,30,6,1198,1,13,SKODA FABIA,7,W01000430,0,1
2024361473872,2024,361473872,1,9,0,-1,19,3,7,-1,0,0,0,0,0,0,1,1,-1,2,1,39,7,1896,2,16,SKODA FABIA,5,E01026816,0,1
2024371479534,2024,371479534,1,9,0,-1,19,1,5,-1,0,0,0,0,7,0,3,1,-1,9,1,75,10,1197,1,8,SKODA FABIA,4,E01029920,0,1
2024052400132,2024,052400132,1,9,0,18,19,5,1,0,0,1,0,0,0,0,0,1,2,2,3,-1,-1,999,1,4,SKODA FABIA,-1,-1,0,-1
2024111528027,2024,111528027,1,9,0,-1,19,3,7,-1,0,0,5,10,1,4,4,1,-1,6,1,32,6,1896,2,23,SKODA FABIA,4,E01020887,0,1
2024371402783,2024,371402783,2,9,-1,-1,-1,-1,-1,-1,-1,-1,-1,-1,-1,0,-1,9,-1,6,2,-1,-1,1197,1,7,SKODA FABIA,-1,-1,0,-1
2024122400252,2024,122400252,1,9,0,4,4,5,1,0,0,0,0,0,0,0,1,1,6,6,1,42,7,1422,2,15,SKODA FABIA,3,E01012943,0,2
2024010513252,2024,010513252,2,9,0,99,99,9,9,99,99,9,9,99,9,99,9,9,6,6,3,-1,-1,1198,1,12,SKODA FABIA,-1,-1,0,-1
2024451483590,2024,451483590,1,9,0,-1,19,3,7,-1,0,0,0,0,0,0,1,1,-1,9,2,56,9,999,1,5,SKODA FABIA,9,E01030960,0,3
2024320011676,2024,320011676,1,9,0,7,7,4,7,9,9,5,0,0,1,10,1,1,6,6,2,81,11,1197,1,8,SKODA FABIA,5,E01026232,0,1
2024461444910,2024,461444910,2,9,0,-1,3,3,7,-1,0,0,0,0,0,0,2,1,-1,6,1,44,7,1422,2,14,SKODA FABIA,2,E01024091,0,2
2024451463978,2024,451463978,2,9,0,-1,99,4,5,-1,99,3,0,0,0,0,4,1,-1,6,1,50,8,1198,1,18,SKODA FABIA,5,E01002677,0,3
2024451440908,2024,451440908,2,9,0,-1,19,5,1,-1,0,1,0,0,0,0,2,1,-1,6,1,48,8,1598,2,12,SKODA FABIA,10,E01031718,0,3
2024430500059,2024,430500059,2,9,0,9,9,2,8,0,0,8,0,0,0,0,3,1,2,2,1,70,10,1422,2,15,SKODA FABIA,-1,-1,0,-1
2024161442282,2024,161442282,1,9,0,-1,9,3,1,-1,0,8,0,0,0,0,1,1,-1,6,2,70,10,1197,1,10,SKODA FABIA,8,E01012984,0,4
2024131410245,2024,131410245,1,9,0,-1,2,1,5,-1,0,8,0,0,0,0,2,2,-1,6,-1,-1,-1,1422,2,15,SKODA FABIA,-1,-1,0,-1
2024411414122,2024,411414122,1,9,0,-1,4,2,6,-1,0,2,0,0,0,0,2,1,-1,6,1,78,11,1397,1,22,SKODA FABIA,7,E01033458,0,4
2024401494924,2024,401494924,1,9,0,-1,-1,-1,-1,-1,-1,-1,-1,-1,-1,0,-1,9,-1,6,1,57,9,1198,1,10,SKODA FABIA,7,E01017564,0,2
2024052402711,2024,052402711,2,9,0,18,19,3,7,0,0,8,0,0,0,0,3,1,6,6,1,58,9,999,1,4,SKODA FABIA,2,E01006765,0,1
2024131523655,2024,131523655,2,9,0,-1,3,3,3,-1,0,8,0,0,0,0,2,2,-1,6,2,48,8,999,1,1,SKODA FABIA,1,E01011339,0,1
2024401455713,2024,401455713,1,9,0,-1,8,8,3,-1,0,1,0,0,0,0,1,1,-1,6,1,21,5,999,1,3,SKODA FABIA,3,E01015761,0,1
2024361456005,2024,361456005,1,9,0,-1,19,6,1,-1,0,1,0,0,0,0,1,9,-1,6,1,35,6,1390,1,16,SKODA FABIA,2,E01026634,0,4
2024122400871,2024,122400871,2,9,0,18,19,8,4,0,0,0,0,0,0,0,4,1,6,6,1,59,9,1422,2,17,SKODA FABIA,9,E01027589,0,1
2024451505215,2024,451505215,1,9,0,-1,19,3,7,-1,0,1,0,0,1,4,1,1,-1,6,1,19,4,1896,2,18,SKODA FABIA,6,E01030594,0,1
2024211504042,2024,211504042,3,9,0,-1,19,3,3,-1,0,0,0,0,0,0,1,1,-1,6,1,66,10,1598,2,13,SKODA FABIA,4,E01028841,0,4
2024141482664,2024,141482664,3,9,0,-1,19,7,3,-1,0,0,0,0,0,0,3,1,-1,6,2,-1,-1,999,1,5,SKODA FABIA,-1,-1,0,-1
2024520401808,2024,520401808,2,9,0,3,3,3,7,0,0,1,0,0,0,0,1,1,6,6,2,70,10,1198,1,15,SKODA FABIA,6,E01029135,0,3
2024461514880,2024,461514880,2,9,0,-1,19,7,3,-1,0,8,1,0,0,0,1,1,-1,1,1,56,9,1422,2,16,SKODA FABIA,7,E01024743,0,2
2024520401953,2024,520401953,1,9,0,9,9,4,2,0,0,1,0,0,0,0,2,1,6,6,2,40,7,1422,2,18,SKODA FABIA,5,E01032054,0,1
2024461432613,2024,461432613,1,9,0,-1,9,7,7,-1,0,8,0,0,0,0,1,9,-1,9,1,81,11,1390,1,19,SKODA FABIA,8,E01016138,0,1
2024501505199,2024,501505199,2,9,0,-1,10,7,3,-1,0,1,0,0,0,0,2,1,-1,9,1,27,6,1598,2,11,SKODA FABIA,7,E01034623,0,1
2024141476838,2024,141476838,2,9,0,-1,19,3,7,-1,0,0,0,0,0,0,1,1,-1,9,1,-1,-1,1390,1,13,SKODA FABIA,-1,-1,0,-1
2024101442670,2024,101442670,1,9,0,-1,19,7,3,-1,0,0,0,0,1,0,1,1,-1,9,1,19,4,999,1,5,SKODA FABIA,1,E01027412,0,1
2024010528035,2024,010528035,1,9,0,99,99,9,9,99,99,1,9,99,9,99,2,9,6,6,3,59,9,999,1,6,SKODA FABIA,4,E01030244,0,5
2024471452726,2024,471452726,1,9,0,-1,19,7,3,-1,0,0,2,0,8,4,3,1,-1,9,1,17,4,1390,1,21,SKODA FABIA,5,E01021139,0,1
2024440159884,2024,440159884,1,9,0,18,19,1,5,0,0,2,0,0,0,0,1,1,6,6,2,63,9,1197,1,11,SKODA FABIA,4,E01022576,0,2
2024451449570,2024,451449570,1,9,0,-1,5,5,5,-1,0,8,0,0,0,0,1,1,-1,6,1,81,11,999,1,3,SKODA FABIA,7,E01030848,0,1
2024991464670,2024,991464670,1,9,0,-1,19,3,7,-1,0,1,0,0,0,0,3,1,-1,9,1,20,4,1422,2,17,SKODA FABIA,5,-1,0,1
2024501476566,2024,501476566,3,9,0,-1,19,5,1,-1,0,0,0,0,0,0,1,1,-1,1,2,25,5,1197,1,11,SKODA FABIA,3,E01020293,0,3
2024501439471,2024,501439471,2,9,0,-1,19,8,4,-1,0,0,0,0,0,0,1,1,-1,9,2,17,4,1197,1,8,SKODA FABIA,4,E01034851,0,1
2024552400473,2024,552400473,2,9,0,2,2,0,0,0,0,0,0,0,2,4,2,1,6,6,3,-1,-1,1198,1,16,SKODA FABIA,-1,-1,0,-1
2024221438651,2024,221438651,2,9,0,-1,19,1,4,-1,0,0,0,0,0,0,1,9,-1,6,2,31,6,1197,1,12,SKODA FABIA,6,E01028921,0,1
2024440187999,2024,440187999,2,9,0,18,19,6,2,0,0,0,0,0,0,0,1,1,6,6,1,72,10,1390,1,13,SKODA FABIA,7,E01015370,0,4
2024520002774,2024,520002774,2,9,0,18,19,4,7,0,0,8,0,0,0,0,1,1,6,6,1,87,11,1197,1,9,SKODA FABIA,5,E01032066,0,4
2024061479753,2024,061479753,3,9,0,-1,19,7,3,-1,0,0,0,0,0,0,2,1,-1,6,1,31,6,1198,1,15,SKODA FABIA,4,E01005892,0,1
2024201439290,2024,201439290,1,9,0,-1,19,5,1,-1,0,0,0,0,0,0,1,1,-1,6,1,28,6,1198,1,17,SKODA FABIA,-1,-1,0,-1
2024131480837,2024,131480837,1,9,0,-1,19,1,1,-1,0,0,0,0,0,0,2,1,-1,2,1,27,6,1598,2,13,SKODA FABIA,3,E01011039,0,1
2024991475117,2024,991475117,2,9,0,-1,19,3,8,-1,0,2,0,0,0,0,0,1,-1,9,2,87,11,1197,1,7,SKODA FABIA,9,-1,0,1
2024421449194,2024,421449194,2,9,0,-1,4,4,8,-1,0,0,0,0,0,0,2,9,-1,1,1,37,7,999,1,6,SKODA FABIA,3,E01030114,0,4
2024131418255,2024,131418255,1,9,0,-1,19,1,1,-1,0,1,1,0,0,0,1,1,-1,6,1,21,5,1198,1,18,SKODA FABIA,3,E01010791,0,1
2024430630439,2024,430630439,1,9,0,9,9,5,3,0,0,6,0,0,0,0,2,1,6,6,2,80,11,1197,1,8,SKODA FABIA,-1,-1,0,-1
2024052401014,2024,052401014,1,9,0,18,19,7,3,0,0,0,0,0,0,0,0,1,6,6,2,30,6,999,1,7,SKODA FABIA,8,E01006476,0,1
2024211524012,2024,211524012,2,9,0,-1,19,3,3,-1,0,0,1,0,0,0,1,1,-1,6,2,52,8,1422,2,16,SKODA FABIA,-1,-1,0,-1
2024201430703,2024,201430703,1,9,0,-1,19,6,2,-1,0,1,0,0,0,0,1,9,-1,9,1,88,11,1390,1,15,SKODA FABIA,5,E01010475,0,1
2024320755778,2024,320755778,1,9,0,-1,-1,7,4,0,0,0,2,0,1,1,1,1,-1,-1,1,19,4,1198,1,19,SKODA FABIA,5,E01026409,0,1
2024461422345,2024,461422345,2,9,0,-1,19,5,1,-1,0,4,0,0,0,0,4,9,-1,2,1,42,7,1198,1,20,SKODA FABIA,4,E01016115,0,2
2024622400173,2024,622400173,1,9,0,18,19,4,8,0,0,0,0,0,0,0,1,1,6,6,2,33,6,1197,1,11,SKODA FABIA,-1,-1,0,-1
2024401477359,2024,401477359,1,9,0,-1,9,7,5,-1,0,5,0,0,0,0,4,1,-1,6,1,18,4,1198,1,15,SKODA FABIA,3,E01017518,0,2
2024201498976,2024,201498976,1,9,0,-1,19,8,4,-1,0,0,0,0,0,0,4,1,-1,6,2,48,8,999,1,7,SKODA FABIA,4,E01008969,0,1
2024010521929,2024,010521929,2,9,0,9,9,1,7,0,0,0,0,0,0,0,2,1,6,6,2,26,6,1198,1,9,SKODA FABIA,7,E01002423,0,1
2024552401508,2024,552401508,1,9,0,7,7,2,4,0,0,8,0,0,0,0,1,1,6,6,1,67,10,999,1,6,SKODA FABIA,10,E01015433,0,1
2024010509533,2024,010509533,2,9,0,1,1,4,8,0,0,1,0,0,0,0,2,1,6,6,2,71,10,999,1,7,SKODA FABIA,7,E01035581,0,4
2024302401408,2024,302401408,1,9,0,18,19,8,5,0,0,8,0,0,7,11,1,1,6,6,1,32,6,1390,1,19,SKODA FABIA,2,E01019549,0,2
2024211477036,2024,211477036,1,9,0,-1,19,8,4,-1,0,0,0,0,0,0,2,1,-1,6,1,50,8,1198,1,9,SKODA FABIA,8,E01029703,0,1
2024031518572,2024,031518572,1,9,0,-1,19,8,4,-1,0,2,0,0,0,0,1,1,-1,2,1,33,6,1198,1,12,SKODA FABIA,5,E01019371,0,1
2024351432138,2024,351432138,3,9,0,-1,4,3,7,-1,0,8,0,0,0,0,2,1,-1,6,2,39,7,1197,1,8,SKODA FABIA,6,E01018052,0,3
2024070879651,2024,070879651,1,9,0,-1,19,4,8,-1,0,0,0,0,0,0,1,1,-1,6,2,48,8,999,1,5,SKODA FABIA,10,E01005807,0,2
2024061409463,2024,061409463,2,9,0,-1,19,4,8,-1,0,1,0,0,0,0,2,1,-1,6,2,36,7,999,1,5,SKODA FABIA,3,E01006291,0,2
2024131460123,2024,131460123,2,9,0,-1,9,5,3,-1,0,5,0,0,0,0,3,1,-1,6,2,69,10,1197,1,9,SKODA FABIA,9,E01011698,0,1
2024041478146,2024,041478146,1,9,0,-1,19,8,2,-1,0,0,5,0,7,11,1,1,-1,6,1,21,5,1197,1,10,SKODA FABIA,3,E01025225,0,1
2024122401255,2024,122401255,2,9,0,9,9,1,7,0,0,8,0,0,0,0,3,1,6,6,2,33,6,1198,1,14,SKODA FABIA,6,E01027780,0,4
2024101394884,2024,101394884,3,9,0,-1,19,5,1,-1,0,0,0,0,0,0,1,1,-1,6,2,54,8,999,1,5,SKODA FABIA,3,E01027421,0,2
2024361511147,2024,361511147,1,9,0,-1,19,3,7,-1,0,0,0,0,0,0,1,1,-1,9,1,19,4,1896,2,18,SKODA FABIA,6,E01026781,0,3
2024451531866,2024,451531866,1,9,9,-1,99,1,4,-1,99,8,9,99,9,0,9,9,-1,6,1,51,8,1198,1,13,SKODA FABIA,9,E01000692,0,4
2024201452054,2024,201452054,1,9,0,-1,19,2,6,-1,0,0,5,0,0,0,1,9,-1,6,1,37,7,999,1,7,SKODA FABIA,1,E01009215,0,1
2024010510480,2024,010510480,2,9,0,18,19,7,3,0,0,8,0,0,0,0,1,1,6,6,3,-1,-1,1198,1,14,SKODA FABIA,-1,-1,0,-1
2024211520470,2024,211520470,2,9,0,-1,19,1,5,-1,0,8,0,0,0,0,1,1,-1,6,1,31,6,1198,1,12,SKODA FABIA,-1,-1,0,-1
2024131439463,2024,131439463,1,9,0,-1,19,5,5,-1,0,0,0,0,0,0,1,1,-1,9,1,80,11,999,1,6,SKODA FABIA,8,E01011873,0,1
2024631478490,2024,631478490,2,9,0,-1,9,3,7,-1,0,5,0,0,0,0,3,1,-1,9,1,20,4,1197,1,10,SKODA FABIA,2,W01001481,0,3
2024332400734,2024,332400734,1,9,0,-1,9,4,2,-1,0,6,1,0,0,0,1,1,-1,9,1,86,11,1197,1,9,SKODA FABIA,6,E01020507,0,5
2024451533448,2024,451533448,1,9,0,-1,13,7,3,-1,0,0,2,0,0,0,1,1,-1,1,1,51,8,1390,1,20,SKODA FABIA,5,E01030494,0,1
2024421488201,2024,421488201,1,9,0,-1,1,4,8,-1,0,1,0,0,0,0,2,1,-1,9,2,74,10,1197,1,11,SKODA FABIA,5,E01021991,0,1
2024141433665,2024,141433665,2,9,0,-1,19,1,5,-1,0,1,0,0,0,0,1,1,-1,9,2,52,8,1422,2,14,SKODA FABIA,2,E01028027,0,1
2024131489151,2024,131489151,2,9,0,-1,2,0,0,-1,0,1,0,0,0,0,2,1,-1,2,1,35,6,999,1,0,SKODA FABIA,8,E01011191,0,4
2024991544480,2024,991544480,1,9,0,-1,9,7,5,-1,0,6,0,0,0,0,1,1,-1,9,2,77,11,999,1,3,SKODA FABIA,6,-1,0,4
2024010507889,2024,010507889,1,9,0,7,7,1,3,0,0,1,0,0,0,0,1,1,2,2,2,41,7,1198,1,16,SKODA FABIA,9,E01002191,0,1
2024052402280,2024,052402280,1,9,0,18,19,5,1,0,0,1,0,0,0,0,1,1,6,6,1,25,5,1198,1,10,SKODA FABIA,3,E01011606,0,4
2024221447155,2024,221447155,2,9,0,-1,19,2,6,-1,0,8,0,0,1,10,3,9,-1,6,1,25,5,1198,1,15,SKODA FABIA,2,E01032239,0,4
2024131536097,2024,131536097,2,9,0,-1,15,5,1,-1,0,0,0,0,0,0,1,1,-1,9,1,18,4,1598,2,13,SKODA FABIA,3,E01011647,0,1
2024031496140,2024,031496140,1,9,0,-1,5,5,7,-1,0,2,0,0,0,0,1,1,-1,6,1,62,9,1896,2,19,SKODA FABIA,2,E01033160,0,1
2024340WN6182,2024,340WN6182,2,9,0,-1,7,4,6,-1,0,2,0,0,0,0,3,1,-1,6,2,32,6,1422,2,9,SKODA FABIA,6,E01031130,0,4
2024552400643,2024,552400643,2,9,0,18,19,4,8,0,0,8,0,0,0,0,1,1,2,2,1,58,9,1198,1,11,SKODA FABIA,4,E01015443,0,2
2024552400570,2024,552400570,2,9,0,18,19,1,5,0,0,8,0,0,0,0,1,1,6,6,2,28,6,1197,1,8,SKODA FABIA,6,E01032661,0,1
2024430068755,2024,430068755,1,9,0,18,19,6,2,0,0,0,0,0,0,0,1,1,2,2,1,60,9,1198,1,17,SKODA FABIA,7,E01028647,0,1
2024141536697,2024,141536697,2,9,0,-1,9,1,4,-1,0,8,0,0,0,0,3,1,-1,6,1,21,5,999,1,0,SKODA FABIA,2,E01007998,0,1
2024520500055,2024,520500055,2,9,0,5,5,3,5,0,0,8,0,0,0,0,3,1,6,6,1,60,9,999,1,4,SKODA FABIA,2,E01029311,0,3
2024101526529,2024,101526529,1,9,0,-1,19,2,6,-1,0,4,0,0,0,0,1,2,-1,6,2,63,9,1598,2,12,SKODA FABIA,4,E01027382,0,3
2024520402606,2024,520402606,1,9,0,6,6,7,7,0,0,0,0,0,0,0,3,1,6,6,1,40,7,1197,1,9,SKODA FABIA,5,E01024400,0,5
2024471441519,2024,471441519,1,9,0,-1,19,2,6,-1,0,0,5,0,0,0,1,1,-1,9,1,91,11,1598,2,11,SKODA FABIA,7,E01021182,0,1
2024991405196,2024,991405196,1,9,0,-1,19,1,5,-1,0,0,0,0,0,0,1,1,-1,9,1,78,11,999,1,4,SKODA FABIA,4,-1,0,4
2024440416303,2024,440416303,1,9,0,7,7,7,1,0,0,8,0,0,0,0,3,1,6,6,1,72,10,1198,1,15,SKODA FABIA,8,E01016344,0,4
2024991403509,2024,991403509,1,9,0,-1,19,6,1,-1,0,1,0,2,0,0,1,1,-1,9,1,60,9,999,1,4,SKODA FABIA,2,-1,0,1
2024531434519,2024,531434519,1,9,0,-1,9,2,2,-1,0,1,0,0,0,0,3,1,-1,9,1,67,10,999,1,6,SKODA FABIA,7,E01034790,0,3
2024451533124,2024,451533124,1,9,0,-1,9,7,3,-1,0,0,0,0,3,10,1,1,-1,9,1,82,11,1197,1,11,SKODA FABIA,9,E01031662,0,4
2024531488913,2024,531488913,2,9,0,-1,3,1,5,-1,0,8,0,0,0,0,2,1,-1,6,2,27,6,999,1,3,SKODA FABIA,6,E01032255,0,4
2024440374159,2024,440374159,2,9,0,11,11,2,6,0,0,0,0,0,0,0,4,1,6,6,3,-1,-1,1198,1,15,SKODA FABIA,-1,-1,0,-1
2024010533675,2024,010533675,1,9,0,18,19,5,1,0,0,4,0,0,0,0,4,1,6,6,2,56,9,999,1,3,SKODA FABIA,4,E01000625,0,1
2024201457299,2024,201457299,1,9,0,-1,19,3,7,-1,0,0,0,0,0,0,1,9,-1,2,1,34,6,1422,2,15,SKODA FABIA,1,E01009110,0,2
2024231431508,2024,231431508,1,9,0,-1,19,5,1,-1,0,6,0,0,1,0,3,9,-1,6,1,18,4,1198,1,11,SKODA FABIA,2,E01031142,0,3
2024302500062,2024,302500062,1,9,0,-1,19,5,1,-1,0,0,0,0,7,99,1,1,-1,9,1,50,8,999,1,6,SKODA FABIA,1,E01034256,0,3
202454F212624,2024,54F212624,1,9,0,18,19,1,5,0,0,0,1,0,0,0,3,1,6,6,1,17,4,1896,2,17,SKODA FABIA,9,E01031879,0,3
2024552400974,2024,552400974,1,9,0,18,19,2,6,0,0,0,0,0,0,0,1,1,6,6,2,43,7,1390,1,20,SKODA FABIA,4,E01015374,0,1
2024320772190,2024,320772190,1,9,0,-1,-1,6,2,0,0,0,1,0,7,4,1,1,-1,-1,1,21,5,1598,2,11,SKODA FABIA,3,E01013282,0,3
2024461533322,2024,461533322,2,9,0,-1,19,1,5,-1,0,1,0,0,1,0,1,1,-1,6,2,47,8,1198,1,9,SKODA FABIA,7,E01024798,0,1
2024440313105,2024,440313105,2,9,0,18,19,7,3,0,0,0,0,0,0,0,1,1,6,6,1,-1,-1,1198,1,15,SKODA FABIA,4,E01017312,0,1
2024471422575,2024,471422575,2,9,0,-1,19,1,5,-1,0,0,0,0,0,0,2,1,-1,9,1,17,4,1198,1,14,SKODA FABIA,8,E01031418,0,2
2024440415965,2024,440415965,1,9,0,5,5,3,1,0,0,8,0,0,0,0,1,1,6,6,1,45,7,1198,1,10,SKODA FABIA,4,E01015275,0,3
2024122400354,2024,122400354,1,9,0,10,10,4,2,0,0,5,0,0,0,0,4,1,2,2,1,41,7,1598,2,12,SKODA FABIA,6,E01027784,0,4
2024371466281,2024,371466281,1,9,0,-1,19,7,3,-1,0,8,0,0,0,0,1,1,-1,9,2,85,11,1422,2,14,SKODA FABIA,4,E01026898,0,1
2024320709274,2024,320709274,1,9,0,-1,-1,4,8,0,0,0,0,0,1,0,1,1,-1,-1,2,37,7,999,1,3,SKODA FABIA,4,E01015676,0,3
2024440204617,2024,440204617,2,9,0,18,19,5,1,0,0,1,0,0,0,0,1,1,2,2,1,21,5,1598,1,17,SKODA FABIA,3,E01023256,0,2
2024211493880,2024,211493880,1,9,0,-1,19,3,7,-1,0,1,0,0,0,0,1,1,-1,6,2,86,11,1198,1,17,SKODA FABIA,2,E01014248,0,1
2024071031263,2024,071031263,1,9,0,-1,19,8,4,-1,0,0,1,0,0,0,3,1,-1,6,2,36,7,1197,1,9,SKODA FABIA,1,E01010408,0,4
2024440049917,2024,440049917,1,9,0,3,3,2,6,0,0,1,0,0,0,0,2,1,6,6,1,27,6,1896,2,16,SKODA FABIA,2,E01022949,0,1
2024031487755,2024,031487755,1,9,0,-1,19,4,8,-1,0,0,0,0,0,0,1,1,-1,9,2,81,11,1422,2,15,SKODA FABIA,7,E01019240,0,3
2024501456800,2024,501456800,1,9,0,-1,2,0,0,-1,0,2,0,11,2,3,1,1,-1,9,2,81,11,1390,1,16,SKODA FABIA,9,E01020201,0,1
2024401473721,2024,401473721,1,9,0,-1,5,1,5,-1,0,0,0,0,0,0,3,1,-1,6,1,42,7,1198,1,15,SKODA FABIA,5,E01015714,0,1
2024141557352,2024,141557352,1,9,0,-1,19,1,5,-1,0,2,0,0,0,0,3,1,-1,6,2,24,5,1598,2,14,SKODA FABIA,4,E01007353,0,1
2024552400823,2024,552400823,1,9,0,7,7,5,6,0,0,6,1,0,3,4,1,1,6,6,2,17,4,1197,1,13,SKODA FABIA,9,E01015360,0,3
2024451422145,2024,451422145,1,9,0,-1,19,3,7,-1,0,0,1,0,0,0,1,1,-1,9,1,22,5,1598,1,16,SKODA FABIA,10,E01030892,0,2
2024421508206,2024,421508206,1,9,0,-1,5,6,2,-1,0,6,0,0,0,0,1,1,-1,9,1,48,8,999,1,6,SKODA FABIA,3,E01003726,0,2
2024131533108,2024,131533108,1,9,0,-1,19,5,1,-1,0,1,5,0,7,2,1,1,-1,9,1,18,4,999,1,9,SKODA FABIA,10,E01011797,0,1
2024010538830,2024,010538830,1,9,0,18,19,7,3,0,0,5,2,10,4,6,4,1,6,6,1,46,8,1896,2,21,SKODA FABIA,4,E01017926,0,4
2024031470368,2024,031470368,1,9,0,-1,19,4,8,-1,0,0,0,0,0,0,1,1,-1,9,1,74,10,1197,1,10,SKODA FABIA,7,E01007103,0,4
2024131487338,2024,131487338,1,9,0,-1,19,4,8,-1,0,0,0,0,0,0,1,1,-1,2,1,46,8,1197,1,8,SKODA FABIA,10,E01010771,0,1
2024501492503,2024,501492503,1,9,0,-1,9,7,3,-1,0,8,0,0,0,0,1,1,-1,6,2,78,11,1390,1,12,SKODA FABIA,4,E01020198,0,1
2024371422807,2024,371422807,3,9,0,-1,19,7,3,-1,0,1,0,0,0,0,1,1,-1,2,2,27,6,999,1,4,SKODA FABIA,10,E01030180,0,1
2024631436165,2024,631436165,2,9,0,-1,19,6,2,-1,0,8,0,0,0,0,1,1,-1,9,1,29,6,1598,2,12,SKODA FABIA,4,W01000605,0,1
2024991502830,2024,991502830,1,9,0,-1,19,1,5,-1,0,0,1,0,1,0,1,1,-1,9,1,40,7,1598,2,13,SKODA FABIA,6,-1,0,4
2024131421732,2024,131421732,1,9,0,-1,19,8,4,-1,0,0,0,0,0,0,1,1,-1,2,1,55,8,1198,1,15,SKODA FABIA,1,E01011357,0,1
2024201504917,2024,201504917,2,9,0,-1,9,7,3,-1,0,5,0,0,0,0,1,1,-1,6,1,25,5,1390,1,19,SKODA FABIA,1,E01010404,0,1
2024501476189,2024,501476189,1,9,0,-1,19,2,6,-1,0,1,0,0,0,0,1,2,-1,9,1,72,10,999,1,9,SKODA FABIA,7,E01023223,0,5
2024061437245,2024,061437245,1,9,-1,-1,-1,-1,-1,-1,-1,0,-1,-1,-1,0,-1,9,-1,6,3,-1,-1,1422,2,14,SKODA FABIA,-1,-1,0,-1
2024302401696,2024,302401696,1,9,0,-1,14,2,6,-1,0,8,0,0,0,0,1,1,-1,6,1,59,9,1896,2,16,SKODA FABIA,7,E01019460,0,1
2024231504420,2024,231504420,1,9,0,-1,19,2,8,-1,0,0,0,0,1,1,1,1,-1,9,1,30,6,1198,1,13,SKODA FABIA,3,E01030711,0,5
2024361423044,2024,361423044,1,9,0,-1,19,6,3,-1,0,0,1,0,1,0,1,1,-1,2,1,35,6,1198,1,13,SKODA FABIA,7,E01026547,0,1
2024991457926,2024,991457926,2,9,0,-1,19,7,3,-1,0,0,1,11,5,6,2,1,-1,2,1,41,7,1197,1,8,SKODA FABIA,6,-1,0,4
2024052401041,2024,052401041,1,9,0,17,19,6,3,0,0,0,0,4,0,0,4,1,6,6,1,81,11,1197,1,8,SKODA FABIA,4,E01005690,0,3
2024430105115,2024,430105115,1,9,0,9,9,1,7,0,0,6,0,0,0,0,1,1,1,1,1,55,8,1422,2,19,SKODA FABIA,8,E01016557,0,2
2024631479297,2024,631479297,1,9,0,-1,19,1,5,-1,0,8,1,0,8,10,3,1,-1,9,1,65,9,1422,2,16,SKODA FABIA,5,W01000550,0,2
2024440459718,2024,440459718,3,9,0,18,19,3,7,0,0,8,0,0,0,0,1,1,6,6,2,60,9,999,1,4,SKODA FABIA,8,E01022986,0,1
2024221415147,2024,221415147,1,9,0,-1,4,3,7,-1,0,6,0,0,3,10,1,1,-1,6,1,77,11,1198,1,15,SKODA FABIA,7,E01022445,0,2
2024531431196,2024,531431196,2,9,0,-1,10,2,8,-1,0,1,0,0,0,0,1,1,-1,6,1,59,9,1197,1,7,SKODA FABIA,5,E01022227,0,1
2024401413264,2024,401413264,2,9,0,-1,19,6,2,-1,0,8,2,0,2,0,3,1,-1,6,2,63,9,1198,1,19,SKODA FABIA,4,E01033827,0,1
2024991410383,2024,991410383,2,9,0,-1,19,4,8,-1,0,1,0,0,0,0,1,1,-1,9,2,77,11,1197,1,8,SKODA FABIA,-1,-1,0,-1
2024131397951,2024,131397951,3,9,0,-1,19,6,2,-1,0,0,0,0,0,0,1,1,-1,9,1,19,4,1896,2,18,SKODA FABIA,8,E01011826,0,1