collision_index,collision_year,collision_ref_no,vehicle_reference,vehicle_type,towing_and_articulation,vehicle_manoeuvre_historic,vehicle_manoeuvre,vehicle_direction_from,vehicle_direction_to,vehicle_location_restricted_lane_historic,vehicle_location_restricted_lane,junction_location,skidding_and_overturning,hit_object_in_carriageway,vehicle_leaving_carriageway,hit_object_off_carriageway,first_point_of_impact,vehicle_left_hand_drive,journey_purpose_of_driver_historic,journey_purpose_of_driver,sex_of_driver,age_of_driver,age_band_of_driver,engine_capacity_cc,propulsion_code,age_of_vehicle,generic_make_model,driver_imd_decile,lsoa_of_driver,escooter_flag,driver_distance_banding
2024201494814,2024,201494814,2,9,0,-1,2,0,0,-1,0,0,0,0,0,0,3,9,-1,6,2,50,8,999,1,3,SKODA FABIA,4,E01009729,0,1
2024622400209,2024,622400209,2,9,0,9,9,1,8,0,0,1,0,0,0,0,3,1,6,6,2,31,6,999,1,6,SKODA FABIA,4,W01001305,0,2
2024411433081,2024,411433081,2,9,0,-1,-1,-1,-1,-1,0,-1,0,0,0,0,4,9,-1,6,1,76,11,1198,1,18,SKODA FABIA,2,E01015632,0,4
2024552400293,2024,552400293,1,9,0,18,19,2,6,0,0,0,0,0,0,0,1,1,2,2,1,60,9,1422,2,16,SKODA FABIA,7,E01020436,0,1
2024471482346,2024,471482346,1,9,0,-1,8,5,1,-1,99,0,0,11,0,0,1,1,-1,6,2,23,5,1198,1,14,SKODA FABIA,3,E01016937,0,1
2024221425999,2024,221425999,1,9,0,-1,19,2,6,-1,0,1,0,0,0,0,1,1,-1,6,1,22,5,1390,1,24,SKODA FABIA,8,E01014112,0,1
2024522401480,2024,522401480,1,9,0,18,19,6,1,0,0,8,0,0,0,0,4,1,6,6,2,27,6,1197,1,8,SKODA FABIA,10,E01014822,0,1
2024430071501,2024,430071501,1,9,0,9,9,7,5,0,0,5,0,0,0,0,1,1,6,6,1,85,11,1390,1,15,SKODA FABIA,6,E01017809,0,1
2024501440497,2024,501440497,3,9,0,-1,4,6,2,-1,0,2,0,0,0,0,2,1,-1,2,2,32,6,1198,1,11,SKODA FABIA,4,E01020053,0,1
2024361399661,2024,361399661,2,9,0,-1,19,7,3,-1,0,0,0,0,0,0,2,1,-1,9,1,89,11,1390,1,15,SKODA FABIA,9,E01026513,0,2
2024311459910,2024,311459910,1,9,0,-1,19,2,6,-1,0,3,0,0,0,0,1,1,-1,9,1,62,9,1197,1,7,SKODA FABIA,-1,-1,0,-1
2024440260081,2024,440260081,1,9,0,4,4,7,3,0,0,1,0,0,0,0,2,1,1,1,2,29,6,1197,1,9,SKODA FABIA,8,E01022622,0,3
2024302401574,2024,302401574,1,9,0,18,19,1,5,0,0,0,0,0,0,0,1,1,6,6,1,77,11,999,1,1,SKODA FABIA,8,E01019764,0,2
2024122400387,2024,122400387,1,9,0,16,19,6,8,0,0,0,0,0,0,0,1,1,6,6,1,17,4,1197,1,11,SKODA FABIA,3,E01027830,0,1
2024161448826,2024,161448826,1,9,0,-1,19,5,1,-1,0,1,9,0,0,0,1,9,-1,6,2,80,11,1197,1,9,SKODA FABIA,4,E01013225,0,2
2024552400097,2024,552400097,2,9,0,10,10,6,4,0,0,1,0,0,0,0,2,1,6,6,1,78,11,1598,2,13,SKODA FABIA,9,E01020385,0,1
2024010520317,2024,010520317,2,9,9,2,2,9,9,99,99,0,9,99,9,99,9,9,6,6,3,-1,-1,1197,1,8,SKODA FABIA,-1,-1,0,-1
2024411448924,2024,411448924,2,9,0,-1,19,5,1,-1,0,0,0,0,0,0,4,1,-1,6,1,34,6,1197,1,8,SKODA FABIA,4,E01023921,0,1
202460Q082478,2024,60Q082478,5,9,0,18,19,7,3,0,0,1,0,0,0,0,1,1,6,6,1,20,4,1422,2,9,SKODA FABIA,-1,-1,0,-1
2024401498501,2024,401498501,1,9,0,-1,9,1,5,-1,0,0,0,0,0,0,1,1,-1,6,1,73,10,1199,2,13,SKODA FABIA,7,E01033527,0,5
2024010540259,2024,010540259,1,9,0,4,4,7,3,4,4,1,0,0,0,0,3,1,6,6,1,55,8,1198,1,11,SKODA FABIA,2,E01003592,0,3
2024622400385,2024,622400385,2,9,0,10,10,3,2,0,0,1,0,0,0,0,1,1,2,2,1,39,7,1598,2,13,SKODA FABIA,4,W01001837,0,1
2024440557476,2024,440557476,2,9,0,18,19,2,6,0,0,1,0,0,8,4,1,1,6,6,1,18,4,1896,2,18,SKODA FABIA,10,E01030931,0,2
2024010546659,2024,010546659,1,9,0,9,9,3,1,0,0,1,0,0,0,0,1,1,6,6,1,20,4,1198,1,18,SKODA FABIA,3,E01015986,0,4
2024991524042,2024,991524042,1,9,0,-1,19,1,5,-1,0,6,0,0,0,0,4,1,-1,9,2,26,6,999,1,0,SKODA FABIA,4,-1,0,3
2024131416347,2024,131416347,1,9,0,-1,19,8,4,-1,0,1,0,0,0,0,1,1,-1,6,1,56,9,1422,2,16,SKODA FABIA,1,E01011864,0,3
2024501529777,2024,501529777,2,9,0,-1,19,5,8,-1,0,0,0,0,0,0,1,1,-1,6,2,61,9,999,1,1,SKODA FABIA,9,E01018882,0,1
2024552400329,2024,552400329,1,9,0,18,19,4,8,0,0,0,0,0,0,0,4,1,6,6,1,28,6,1598,2,13,SKODA FABIA,8,E01015416,0,1
202417M201624,2024,17M201624,2,9,0,18,19,8,4,0,0,1,0,0,0,0,1,1,6,6,1,86,11,1198,1,11,SKODA FABIA,1,E01035191,0,1
2024141439209,2024,141439209,2,9,0,-1,2,0,0,-1,0,0,0,0,0,0,3,1,-1,6,-1,-1,-1,1198,1,11,SKODA FABIA,-1,-1,0,-1
2024991485952,2024,991485952,1,9,0,-1,19,1,5,-1,0,0,0,0,0,0,1,1,-1,9,2,24,5,999,1,7,SKODA FABIA,5,-1,0,4
2024991485189,2024,991485189,1,9,0,-1,9,1,7,-1,0,2,0,0,0,0,1,1,-1,9,1,80,11,1197,1,11,SKODA FABIA,9,-1,0,1
2024440416907,2024,440416907,2,9,0,3,3,4,8,0,0,1,0,0,0,0,2,1,6,6,2,70,10,1896,2,19,SKODA FABIA,7,E01017320,0,2
2024371472017,2024,371472017,2,9,0,-1,19,5,1,-1,0,1,0,0,1,0,1,1,-1,9,2,87,11,1198,1,15,SKODA FABIA,4,E01030244,0,2
2024010521396,2024,010521396,1,9,0,99,99,9,9,99,99,9,9,99,9,99,2,9,2,2,2,42,7,1390,1,13,SKODA FABIA,7,E01015967,0,3
2024201509762,2024,201509762,1,9,0,-1,19,6,2,-1,0,0,0,10,1,1,1,9,-1,6,1,42,7,1598,1,16,SKODA FABIA,3,E01009947,0,1
2024122401065,2024,122401065,1,9,0,16,19,6,5,0,0,0,0,11,7,11,1,1,6,6,2,23,5,1197,1,14,SKODA FABIA,9,E01027589,0,1
2024201497740,2024,201497740,1,9,0,-1,7,7,1,-1,0,3,0,10,3,0,1,9,-1,6,3,35,6,1197,1,9,SKODA FABIA,-1,-1,0,-1
2024161419255,2024,161419255,1,9,0,-1,7,2,5,-1,0,2,0,0,0,0,1,9,-1,6,1,70,10,1896,2,17,SKODA FABIA,-1,-1,0,-1
2024101476821,2024,101476821,2,9,0,-1,15,6,2,-1,0,0,0,0,0,0,1,2,-1,6,1,73,10,1197,1,9,SKODA FABIA,4,E01027382,0,2
2024141415055,2024,141415055,1,9,0,-1,19,4,1,-1,0,8,0,0,0,0,1,1,-1,1,2,25,5,999,1,1,SKODA FABIA,2,E01007579,0,3
2024061443344,2024,061443344,2,9,-1,-1,-1,-1,-1,-1,-1,-1,-1,-1,-1,0,-1,9,-1,6,2,-1,-1,1598,1,14,SKODA FABIA,1,E01005321,0,1
2024421413631,2024,421413631,1,9,0,-1,19,1,5,-1,0,8,0,0,0,0,1,9,-1,6,1,55,8,1896,2,16,SKODA FABIA,8,E01021717,0,1
2024010501713,2024,010501713,1,9,0,99,99,9,9,99,99,9,9,99,9,99,2,9,6,6,1,45,7,1198,1,12,SKODA FABIA,8,E01016132,0,4
2024320489508,2024,320489508,1,9,0,-1,-1,8,4,0,0,0,0,0,0,0,1,1,6,6,2,25,5,999,1,3,SKODA FABIA,3,E01008095,0,4
2024991465551,2024,991465551,1,9,0,-1,19,1,5,-1,0,0,1,0,7,4,1,1,-1,9,2,26,6,1422,2,18,SKODA FABIA,3,-1,0,3
2024311481254,2024,311481254,1,9,0,-1,4,4,8,-1,0,0,0,0,0,0,1,1,-1,6,1,77,11,1598,2,10,SKODA FABIA,-1,-1,0,-1
2024440025722,2024,440025722,1,9,0,18,19,3,7,0,0,0,0,0,0,0,3,1,6,6,1,26,6,1197,1,12,SKODA FABIA,8,E01022652,0,1
2024221482994,2024,221482994,1,9,0,-1,4,8,4,-1,0,0,0,0,0,0,2,1,-1,6,1,51,8,999,1,2,SKODA FABIA,8,E01022654,0,5
2024131499879,2024,131499879,1,9,0,-1,19,1,5,-1,0,2,0,0,0,0,1,1,-1,9,1,86,11,999,1,6,SKODA FABIA,1,E01010872,0,2
2024302400564,2024,302400564,1,9,0,5,5,3,7,0,0,0,0,0,0,0,3,1,6,6,2,20,4,1197,1,7,SKODA FABIA,4,E01033265,0,3
2024122400741,2024,122400741,2,9,0,9,9,3,6,0,0,5,0,0,0,0,3,1,6,6,2,53,8,1422,2,17,SKODA FABIA,6,E01013383,0,1
2024131502203,2024,131502203,2,9,0,-1,19,4,8,-1,0,1,0,0,0,0,1,1,-1,6,1,50,8,999,1,7,SKODA FABIA,1,E01033691,0,2
2024201518748,2024,201518748,1,9,0,-1,3,6,4,-1,0,0,0,0,0,0,1,1,-1,6,2,26,6,1390,1,12,SKODA FABIA,4,E01009313,0,1
2024031501280,2024,031501280,1,9,0,-1,19,3,6,-1,0,0,0,0,0,0,1,1,-1,2,1,75,10,1598,2,13,SKODA FABIA,5,E01019386,0,2
2024520403279,2024,520403279,2,9,0,9,9,5,2,0,0,0,0,0,0,0,1,1,6,6,3,-1,-1,1896,2,18,SKODA FABIA,-1,-1,0,-1
2024201419730,2024,201419730,1,9,0,-1,19,2,6,-1,0,2,0,4,0,0,1,9,-1,6,1,27,6,1198,1,13,SKODA FABIA,2,E01034953,0,1
2024461457311,2024,461457311,1,9,0,-1,19,5,1,-1,0,0,5,10,0,0,1,1,-1,9,1,25,5,1198,1,16,SKODA FABIA,-1,-1,0,-1
2024610001724,2024,610001724,1,9,0,3,3,4,8,0,0,0,0,0,0,0,2,1,6,6,2,30,6,999,1,4,SKODA FABIA,4,W01001522,0,3
2024440550310,2024,440550310,2,9,0,18,19,4,8,0,0,0,0,0,0,0,2,1,6,6,2,24,5,1198,1,10,SKODA FABIA,3,E01022807,0,2
2024221445026,2024,221445026,2,9,0,-1,19,3,7,-1,0,0,1,0,0,0,1,1,-1,6,2,77,11,1390,1,18,SKODA FABIA,8,E01014043,0,2
2024061530270,2024,061530270,1,9,0,-1,19,3,7,-1,0,0,1,0,0,0,1,9,-1,6,1,21,5,999,1,6,SKODA FABIA,4,E01004920,0,1
2024631444712,2024,631444712,1,9,0,-1,19,5,1,-1,0,1,0,0,1,11,1,1,-1,6,1,22,5,1896,2,17,SKODA FABIA,6,W01000709,0,2
2024332400525,2024,332400525,1,9,0,-1,9,4,3,-1,0,5,0,0,0,0,1,1,-1,2,2,32,6,1198,1,15,SKODA FABIA,4,E01013662,0,2
2024340NN1802,2024,340NN1802,1,9,0,-1,19,5,1,-1,0,1,0,0,0,0,1,1,-1,9,1,77,11,1198,1,16,SKODA FABIA,2,E01027229,0,4
2024211501846,2024,211501846,2,9,0,-1,12,4,1,-1,0,0,0,0,0,0,1,1,-1,6,1,23,5,1198,1,17,SKODA FABIA,4,E01029578,0,1
2024320552712,2024,320552712,1,9,0,-1,-1,4,8,0,0,0,1,0,0,0,1,1,6,6,1,27,6,1198,1,19,SKODA FABIA,-1,-1,0,-1
2024010515489,2024,010515489,1,9,0,18,19,3,7,0,0,3,1,11,0,0,1,1,2,2,1,21,5,1197,1,12,SKODA FABIA,3,E01033936,0,1
2024201439287,2024,201439287,2,9,0,-1,3,4,8,-1,0,1,0,0,0,0,2,9,-1,6,1,-1,-1,1198,1,14,SKODA FABIA,-1,-1,0,-1
2024041443416,2024,041443416,1,9,0,-1,19,1,5,-1,0,0,1,1,0,0,1,1,-1,9,2,24,5,1896,2,18,SKODA FABIA,3,E01024952,0,1
2024421437679,2024,421437679,1,9,0,-1,19,7,3,-1,0,1,0,0,0,0,1,1,-1,6,1,75,10,1598,1,14,SKODA FABIA,8,E01021891,0,2
2024311426886,2024,311426886,3,9,0,-1,19,5,1,-1,0,0,0,0,0,0,1,1,-1,9,1,58,9,1198,1,11,SKODA FABIA,-1,-1,0,-1
2024161459618,2024,161459618,1,9,0,-1,19,4,1,-1,0,0,2,0,1,9,4,1,-1,9,1,18,4,1422,2,17,SKODA FABIA,5,E01013030,0,1
2024430421056,2024,430421056,2,9,0,18,19,6,2,0,0,0,0,0,0,0,1,1,6,6,3,53,8,1197,1,10,SKODA FABIA,10,E01016618,0,1
2024440328098,2024,440328098,2,9,0,9,9,7,4,0,0,6,0,0,0,0,0,1,6,6,1,53,8,1422,2,14,SKODA FABIA,5,E01017317,0,2
2024161507085,2024,161507085,2,9,9,-1,99,-1,-1,-1,99,0,9,99,9,0,9,9,-1,6,3,-1,-1,1198,1,12,SKODA FABIA,-1,-1,0,-1
2024070032984,2024,070032984,1,9,0,4,4,8,4,0,0,1,0,0,0,0,1,1,6,6,2,25,5,1397,1,23,SKODA FABIA,-1,-1,0,-1
2024430596691,2024,430596691,1,9,0,18,19,3,7,0,0,0,1,0,7,9,4,1,6,6,1,18,4,999,1,4,SKODA FABIA,8,E01016799,0,2
2024010506180,2024,010506180,2,9,0,9,9,2,7,0,0,4,0,0,0,0,2,1,1,1,1,67,10,999,1,6,SKODA FABIA,6,E01000530,0,1
2024010512084,2024,010512084,3,9,0,18,19,8,4,0,0,1,0,0,0,0,0,1,6,6,1,47,8,999,1,9,SKODA FABIA,3,E01001831,0,1
2024531481102,2024,531481102,2,9,0,-1,13,1,5,-1,0,0,0,0,0,0,1,1,-1,9,1,19,4,1198,1,12,SKODA FABIA,9,E01022213,0,2
2024371438391,2024,371438391,1,9,0,-1,5,2,5,-1,0,4,0,0,0,0,1,1,-1,6,2,84,11,999,1,5,SKODA FABIA,5,E01030146,0,3
2024320013448,2024,320013448,3,9,0,18,19,3,7,0,0,0,0,0,0,0,0,1,6,6,1,24,5,1598,2,13,SKODA FABIA,7,E01026330,0,1
2024461393694,2024,461393694,5,9,0,-1,4,4,8,-1,0,0,0,0,0,0,3,1,-1,9,2,60,9,1197,1,6,SKODA FABIA,9,E01024088,0,4
2024549310824,2024,549310824,1,9,0,18,19,2,6,0,0,8,0,0,0,0,1,1,6,6,2,57,9,1198,1,13,SKODA FABIA,8,E01033850,0,1
202460Q193760,2024,60Q193760,1,9,0,17,19,1,5,0,0,0,5,0,0,0,3,1,6,6,2,38,7,1390,1,19,SKODA FABIA,-1,-1,0,-1
2024430020437,2024,430020437,1,9,0,16,19,5,1,0,0,0,2,0,7,3,1,1,6,6,1,29,6,1896,2,18,SKODA FABIA,3,E01016741,0,2
2024201520831,2024,201520831,1,9,0,-1,19,5,1,-1,0,2,0,0,0,0,1,1,-1,6,2,26,6,1198,1,17,SKODA FABIA,-1,-1,0,-1
2024141460599,2024,141460599,1,9,0,-1,9,1,7,-1,0,8,0,0,0,0,1,1,-1,1,2,56,9,1198,1,19,SKODA FABIA,3,E01007720,0,2
2024201435025,2024,201435025,1,9,0,-1,19,6,2,-1,0,0,0,0,0,0,1,9,-1,2,1,22,5,999,1,6,SKODA FABIA,1,E01009056,0,1
2024552400444,2024,552400444,1,9,0,9,9,1,7,0,0,6,0,0,0,0,3,1,6,6,1,70,10,999,1,6,SKODA FABIA,5,E01020469,0,1
2024131409096,2024,131409096,2,9,0,-1,11,7,7,-1,0,8,0,0,0,0,3,1,-1,6,1,75,10,1422,2,16,SKODA FABIA,1,E01010612,0,1
2024411537995,2024,411537995,1,9,0,-1,1,5,1,-1,0,0,0,0,3,0,2,1,-1,6,2,81,11,1197,1,11,SKODA FABIA,3,E01023774,0,1
2024211522543,2024,211522543,1,9,0,-1,19,2,8,-1,0,0,2,10,0,0,1,1,-1,7,1,17,4,999,1,4,SKODA FABIA,6,E01029733,0,1
2024302400509,2024,302400509,2,9,0,2,2,0,0,0,0,0,0,0,0,0,2,1,6,6,3,-1,-1,1198,1,20,SKODA FABIA,-1,-1,0,-1
2024131416214,2024,131416214,2,9,0,-1,19,5,1,-1,0,1,0,0,0,0,1,1,-1,6,2,46,8,1896,2,20,SKODA FABIA,1,E01011101,0,1
2024371531598,2024,371531598,2,9,0,-1,19,3,7,-1,0,8,0,0,1,0,3,1,-1,6,1,32,6,1896,2,16,SKODA FABIA,5,E01030210,0,1
2024531506293,2024,531506293,1,9,0,-1,19,3,7,-1,0,1,5,0,2,0,1,1,-1,9,2,86,11,1598,2,13,SKODA FABIA,6,E01022267,0,3
2024421450663,2024,421450663,2,9,0,-1,5,1,5,-1,0,0,0,0,0,0,2,1,-1,6,2,53,8,999,1,1,SKODA FABIA,4,E01015936,0,1
2024440209026,2024,440209026,1,9,0,18,19,2,6,0,0,2,0,0,0,0,3,1,6,6,1,23,5,1198,1,15,SKODA FABIA,1,E01017236,0,2
2024131431307,2024,131431307,1,9,0,-1,19,5,1,-1,0,0,0,0,0,0,4,1,-1,6,1,30,6,1422,2,18,SKODA FABIA,5,E01011855,0,2
2024010509720,2024,010509720,1,9,0,1,1,1,5,0,0,1,0,0,0,0,2,2,6,6,1,38,7,999,1,0,SKODA FABIA,3,E01004696,0,1
2024101489820,2024,101489820,2,9,0,-1,19,6,2,-1,0,0,0,0,0,0,2,1,-1,2,2,38,7,1390,1,10,SKODA FABIA,3,E01008659,0,1
2024101421588,2024,101421588,2,9,0,-1,3,8,4,-1,0,8,0,0,0,0,1,1,-1,9,1,20,4,1197,1,10,SKODA FABIA,1,E01027392,0,1
2024351479581,2024,351479581,1,9,0,-1,19,7,1,-1,0,1,1,0,0,0,1,1,-1,6,1,17,4,1422,2,16,SKODA FABIA,3,E01018091,0,2
2024451488945,2024,451488945,2,9,0,-1,99,2,5,-1,99,0,9,7,0,0,1,1,-1,6,1,30,6,1896,2,17,SKODA FABIA,-1,-1,0,-1
2024131447280,2024,131447280,2,9,0,-1,19,5,1,-1,0,1,0,0,0,0,4,1,-1,9,1,29,6,1598,2,12,SKODA FABIA,4,E01010708,0,3
2024361497040,2024,361497040,1,9,0,-1,9,6,4,-1,0,1,0,0,0,0,1,1,-1,9,1,86,11,1197,1,11,SKODA FABIA,7,E01030228,0,4
2024131428077,2024,131428077,1,9,0,-1,19,1,5,-1,0,0,0,0,0,0,1,1,-1,9,1,93,11,999,1,5,SKODA FABIA,10,E01011562,0,1
2024052402080,2024,052402080,1,9,0,2,2,0,0,0,0,0,0,0,0,0,3,1,6,6,1,79,11,999,1,7,SKODA FABIA,1,E01007179,0,2
202417S101224,2024,17S101224,1,9,0,4,4,8,4,0,0,0,0,0,0,0,2,1,2,2,1,31,6,1198,1,16,SKODA FABIA,1,E01012058,0,1
2024991534763,2024,991534763,1,9,0,-1,4,8,4,-1,0,1,0,0,3,6,1,1,-1,9,1,64,9,1598,2,10,SKODA FABIA,6,-1,0,4
2024010548299,2024,010548299,1,9,0,7,7,7,1,0,0,5,0,0,0,0,1,1,6,6,1,64,9,1390,1,13,SKODA FABIA,-1,-1,0,-1
2024141488797,2024,141488797,2,9,0,-1,19,6,2,-1,0,8,0,0,4,10,1,1,-1,9,1,37,7,999,1,6,SKODA FABIA,1,E01007511,0,3
2024440293310,2024,440293310,4,9,0,3,3,1,5,0,0,1,0,0,0,0,2,1,6,6,3,-1,-1,999,1,5,SKODA FABIA,-1,-1,0,-1
2024522401402,2024,522401402,1,9,0,18,19,2,6,0,0,0,0,0,0,0,1,1,6,6,1,39,7,1197,1,8,SKODA FABIA,4,E01014699,0,1
2024311433041,2024,311433041,1,9,0,-1,9,6,2,-1,0,1,0,0,0,0,1,1,-1,6,1,84,11,1197,1,7,SKODA FABIA,2,E01013852,0,1
2024211431981,2024,211431981,1,9,0,-1,19,1,1,-1,0,0,0,10,0,0,1,1,-1,6,1,83,11,1197,1,13,SKODA FABIA,-1,-1,0,-1
2024522403412,2024,522403412,2,9,0,9,9,1,6,0,0,1,0,0,1,0,1,1,6,6,1,95,11,1198,1,11,SKODA FABIA,8,E01014821,0,2
2024131450405,2024,131450405,2,9,0,-1,19,1,5,-1,0,8,0,0,0,0,2,1,-1,6,2,50,8,1198,1,15,SKODA FABIA,10,E01010586,0,2
2024101528156,2024,101528156,1,9,0,-1,19,3,7,-1,0,0,0,0,0,0,1,1,-1,6,2,27,6,1896,2,18,SKODA FABIA,5,E01035625,0,1
2024052400168,2024,052400168,1,9,0,9,9,4,2,0,0,1,0,0,0,0,1,1,2,2,2,52,8,999,1,7,SKODA FABIA,1,E01006675,0,1
2024311426135,2024,311426135,2,9,0,-1,19,7,3,-1,0,8,0,0,0,0,1,1,-1,6,1,49,8,1422,2,19,SKODA FABIA,4,E01027960,0,3
2024141445081,2024,141445081,2,9,0,-1,5,1,5,-1,0,6,0,0,0,0,3,1,-1,6,1,-1,-1,999,1,1,SKODA FABIA,-1,-1,0,-1
2024361477660,2024,361477660,1,9,0,-1,4,8,4,-1,0,1,0,0,0,0,0,1,-1,6,2,46,8,1598,1,15,SKODA FABIA,10,E01026907,0,1
2024361451131,2024,361451131,1,9,0,-1,7,5,8,-1,0,6,0,0,0,0,2,1,-1,9,1,72,10,999,1,7,SKODA FABIA,4,E01022016,0,4
2024311534634,2024,311534634,1,9,0,-1,19,7,3,-1,0,0,0,0,1,4,1,1,-1,6,1,20,4,999,1,1,SKODA FABIA,-1,-1,0,-1
2024332401190,2024,332401190,1,9,0,-1,3,3,7,-1,0,8,0,0,0,0,2,1,-1,9,2,53,8,999,1,3,SKODA FABIA,9,E01025686,0,3
2024451399193,2024,451399193,1,9,0,-1,4,1,3,-1,0,0,0,0,0,0,0,9,-1,2,1,26,6,999,1,4,SKODA FABIA,8,E01030405,0,1
2024010526429,2024,010526429,1,9,0,99,99,9,9,99,99,9,9,99,9,99,2,9,6,6,2,23,5,1390,1,19,SKODA FABIA,5,E01000070,0,1
2024522403248,2024,522403248,2,9,0,4,4,5,1,0,0,0,0,0,0,0,1,1,6,6,1,18,4,999,1,5,SKODA FABIA,7,E01020202,0,4
2024421527739,2024,421527739,2,9,0,-1,19,1,5,-1,0,0,0,10,0,0,3,1,-1,6,1,24,5,1598,1,17,SKODA FABIA,6,E01021838,0,1
2024440480484,2024,440480484,1,9,0,7,7,4,2,0,0,6,0,0,0,0,1,1,2,2,1,28,6,999,1,1,SKODA FABIA,10,E01022741,0,2
2024991416334,2024,991416334,5,9,0,-1,2,0,0,-1,0,0,0,4,0,0,2,1,-1,6,-1,-1,-1,999,1,5,SKODA FABIA,-1,-1,0,-1
2024451484305,2024,451484305,2,9,0,-1,19,3,7,-1,0,0,0,0,0,0,1,1,-1,6,2,48,8,1198,1,17,SKODA FABIA,9,E01030920,0,1
2024221431648,2024,221431648,1,9,0,-1,19,6,2,-1,0,8,0,0,0,0,1,9,-1,6,2,74,10,1198,1,20,SKODA FABIA,5,E01014099,0,1
2024122400967,2024,122400967,1,9,0,18,19,2,8,0,0,8,0,0,0,0,1,1,6,6,1,21,5,1598,2,10,SKODA FABIA,5,E01027773,0,3
2024201482807,2024,201482807,1,9,0,-1,7,4,6,-1,0,6,0,10,1,11,4,9,-1,6,2,-1,-1,1390,1,11,SKODA FABIA,5,E01009712,0,1
2024361420510,2024,361420510,2,9,0,-1,-1,-1,-1,-1,-1,0,-1,-1,-1,0,-1,9,-1,9,1,18,4,1422,2,15,SKODA FABIA,4,E01026759,0,4
2024451409570,2024,451409570,1,9,0,-1,3,1,5,-1,0,1,0,0,0,0,2,1,-1,2,2,28,6,1598,1,15,SKODA FABIA,9,E01030421,0,1
202460Q012229,2024,60Q012229,1,9,0,9,9,5,3,0,0,8,0,0,0,0,1,1,2,2,2,43,7,1598,2,11,SKODA FABIA,-1,-1,0,-1
2024031456526,2024,031456526,1,9,0,-1,19,1,5,-1,0,0,0,7,0,0,1,1,-1,2,1,21,5,1598,2,12,SKODA FABIA,8,E01019366,0,3
2024440178596,2024,440178596,2,9,0,4,4,2,6,0,0,1,0,0,0,0,1,1,6,6,2,75,10,1197,1,7,SKODA FABIA,5,E01017298,0,4
2024440049971,2024,440049971,2,9,0,9,9,6,4,0,0,8,0,0,0,0,1,1,6,6,2,42,7,999,1,4,SKODA FABIA,10,E01022720,0,1
2024451426825,2024,451426825,2,9,0,-1,19,3,7,-1,0,0,0,0,0,0,1,1,-1,2,2,22,5,999,1,7,SKODA FABIA,5,E01001060,0,2
2024351503800,2024,351503800,1,9,0,-1,11,4,2,-1,-1,0,0,0,0,0,1,1,-1,6,1,62,9,1198,1,12,SKODA FABIA,5,E01017967,0,3
202454F236324,2024,54F236324,1,9,0,18,19,4,1,0,0,0,1,0,1,4,1,1,6,6,1,40,7,1198,1,13,SKODA FABIA,6,E01032030,0,1
2024361482651,2024,361482651,1,9,0,-1,19,5,1,-1,0,0,0,0,0,0,3,1,-1,6,2,20,4,999,1,2,SKODA FABIA,8,E01026461,0,1
2024622500014,2024,622500014,2,9,0,18,19,8,4,0,0,0,0,0,0,0,1,1,6,6,1,26,6,1896,2,17,SKODA FABIA,3,W01001057,0,4
2024061524331,2024,061524331,1,9,-1,-1,-1,-1,-1,-1,-1,0,-1,-1,-1,0,-1,9,-1,6,3,-1,-1,1598,2,11,SKODA FABIA,-1,-1,0,-1
2024320067703,2024,320067703,1,9,0,-1,-1,5,1,9,9,1,0,0,1,0,0,1,-1,-1,2,24,5,999,1,5,SKODA FABIA,6,E01026020,0,1
2024471532023,2024,471532023,2,9,0,-1,19,2,7,-1,0,8,0,0,0,0,4,1,-1,2,1,47,8,999,1,1,SKODA FABIA,6,E01031614,0,3
2024201527534,2024,201527534,1,9,0,-1,19,4,8,-1,0,0,0,0,0,0,1,1,-1,6,-1,-1,-1,999,1,0,SKODA FABIA,-1,-1,0,-1
2024361568567,2024,361568567,2,9,0,-1,3,1,5,-1,0,0,0,0,0,0,2,1,-1,6,1,77,11,999,1,6,SKODA FABIA,5,E01026679,0,1
2024031523525,2024,031523525,2,9,0,-1,19,6,2,-1,0,0,0,0,0,0,2,1,-1,9,2,36,7,1422,2,17,SKODA FABIA,5,E01019226,0,3
2024461532261,2024,461532261,2,9,0,-1,4,3,7,-1,0,0,0,0,0,0,3,1,-1,9,2,66,10,999,1,4,SKODA FABIA,10,E01024336,0,1
2024610054924,2024,610054924,1,9,0,3,3,2,6,0,0,0,0,0,0,0,2,1,6,6,2,59,9,1390,1,14,SKODA FABIA,6,W01001370,0,1
2024440082686,2024,440082686,1,9,0,18,19,6,2,0,0,6,0,0,0,0,1,1,6,6,2,-1,-1,999,1,5,SKODA FABIA,8,E01022864,0,1
2024542577724,2024,542577724,1,9,0,9,9,3,1,0,0,5,0,0,1,0,3,1,6,6,2,24,5,999,1,8,SKODA FABIA,3,E01031896,0,3
2024161476795,2024,161476795,1,9,0,-1,19,6,2,-1,0,0,0,0,0,0,1,1,-1,6,2,32,6,1198,1,18,SKODA FABIA,9,E01013077,0,1