collision_index,collision_year,collision_ref_no,vehicle_reference,vehicle_type,towing_and_articulation,vehicle_manoeuvre_historic,vehicle_manoeuvre,vehicle_direction_from,vehicle_direction_to,vehicle_location_restricted_lane_historic,vehicle_location_restricted_lane,junction_location,skidding_and_overturning,hit_object_in_carriageway,vehicle_leaving_carriageway,hit_object_off_carriageway,first_point_of_impact,vehicle_left_hand_drive,journey_purpose_of_driver_historic,journey_purpose_of_driver,sex_of_driver,age_of_driver,age_band_of_driver,engine_capacity_cc,propulsion_code,age_of_vehicle,generic_make_model,driver_imd_decile,lsoa_of_driver,escooter_flag,driver_distance_banding
2024520403301,2024,520403301,2,9,0,18,19,4,8,0,0,0,0,0,0,0,1,1,6,6,1,19,4,1197,1,13,SKODA FABIA,5,E01029215,0,1
2024010516389,2024,010516389,1,9,0,18,19,3,7,0,0,1,0,0,0,0,0,1,2,2,1,23,5,999,1,4,SKODA FABIA,6,E01003703,0,3
2024421441264,2024,421441264,1,9,0,-1,5,5,1,-1,0,2,0,0,0,0,3,2,-1,6,2,29,6,1198,1,17,SKODA FABIA,4,E01022036,0,2
2024201519644,2024,201519644,2,9,0,-1,3,1,5,-1,0,0,0,4,0,0,2,1,-1,2,1,26,6,999,1,5,SKODA FABIA,2,E01009018,0,1
2024461510482,2024,461510482,1,9,0,-1,2,0,0,-1,0,0,0,0,0,0,2,1,-1,9,1,38,7,1397,1,21,SKODA FABIA,3,E01024059,0,1
2024440406400,2024,440406400,2,9,0,13,13,7,3,0,0,1,0,0,0,0,1,1,6,6,1,20,4,1896,2,19,SKODA FABIA,1,E01017331,0,3
2024411533857,2024,411533857,1,9,0,-1,7,2,4,-1,0,2,0,0,0,0,1,1,-1,6,1,92,11,1390,1,20,SKODA FABIA,1,E01023536,0,1
2024131504477,2024,131504477,1,9,0,-1,9,8,6,-1,0,0,1,0,0,0,1,1,-1,6,2,27,6,1598,2,11,SKODA FABIA,2,E01010894,0,1
2024361507319,2024,361507319,2,9,0,-1,19,2,3,-1,0,0,0,0,0,0,1,1,-1,1,2,36,7,999,1,3,SKODA FABIA,6,E01026922,0,2
2024440428104,2024,440428104,1,9,0,17,19,8,4,0,0,8,0,0,0,0,3,1,6,6,1,45,7,999,1,1,SKODA FABIA,10,E01022849,0,1
2024122400544,2024,122400544,1,9,0,18,19,7,3,0,0,1,0,0,0,0,1,1,6,6,1,55,8,1390,1,21,SKODA FABIA,6,E01027560,0,1
2024061448509,2024,061448509,2,9,0,-1,19,1,5,-1,0,0,0,0,1,0,1,1,-1,9,2,47,8,1197,1,10,SKODA FABIA,5,E01018620,0,2
2024401530654,2024,401530654,1,9,0,-1,9,5,3,-1,0,6,0,0,0,0,3,1,-1,2,1,40,7,1197,1,11,SKODA FABIA,5,E01017588,0,2
2024311457385,2024,311457385,1,9,0,-1,19,6,2,-1,0,8,0,0,0,0,4,1,-1,9,2,28,6,1390,1,19,SKODA FABIA,3,E01028310,0,1
2024471456746,2024,471456746,1,9,0,-1,19,2,6,-1,0,4,0,0,0,0,1,1,-1,6,2,79,11,1390,1,12,SKODA FABIA,10,E01031804,0,4
2024070259569,2024,070259569,1,9,0,9,9,5,7,0,0,8,0,0,0,0,3,1,6,6,1,76,11,1422,2,15,SKODA FABIA,4,E01028914,0,4
2024501423706,2024,501423706,1,9,0,-1,9,3,7,-1,0,4,0,0,3,0,3,2,-1,9,2,70,10,1197,1,8,SKODA FABIA,5,E01018840,0,2
202417M208224,2024,17M208224,1,9,0,-1,19,8,4,-1,0,1,0,0,0,0,1,1,-1,6,2,-1,-1,1197,1,14,SKODA FABIA,-1,-1,0,-1
2024471424107,2024,471424107,1,9,0,-1,19,4,8,-1,0,1,0,0,0,0,1,1,-1,9,1,18,4,1198,1,16,SKODA FABIA,5,E01016884,0,1
2024411455211,2024,411455211,2,9,0,-1,4,1,5,-1,0,0,0,0,0,0,2,1,-1,6,1,68,10,1598,2,14,SKODA FABIA,3,E01023357,0,1
2024131404587,2024,131404587,3,9,0,-1,2,0,0,-1,0,2,0,4,0,0,1,1,-1,6,-1,-1,-1,1198,1,20,SKODA FABIA,-1,-1,0,-1
2024201567475,2024,201567475,1,9,0,-1,19,6,2,-1,0,0,0,0,0,0,2,1,-1,6,1,34,6,999,1,6,SKODA FABIA,-1,-1,0,-1
2024320513903,2024,320513903,2,9,0,-1,-1,7,3,0,0,0,1,0,1,0,1,1,-1,-1,1,41,7,1197,1,8,SKODA FABIA,5,E01026298,0,2
2024052402578,2024,052402578,2,9,0,18,19,7,3,0,0,0,0,0,0,0,2,1,6,6,1,21,5,999,1,8,SKODA FABIA,6,E01006939,0,1
2024340WN7222,2024,340WN7222,2,9,0,-1,19,5,1,-1,0,8,0,0,0,0,4,1,-1,2,1,34,6,1422,2,15,SKODA FABIA,-1,-1,0,-1
2024991451825,2024,991451825,1,9,0,-1,19,1,4,-1,0,0,0,0,0,0,1,1,-1,6,2,28,6,1598,2,10,SKODA FABIA,1,-1,0,1
2024991544091,2024,991544091,1,9,0,-1,19,5,1,-1,0,1,0,0,0,0,1,1,-1,6,2,57,9,999,1,4,SKODA FABIA,-1,-1,0,-1
2024461510901,2024,461510901,2,9,0,-1,19,1,5,-1,0,0,0,0,0,0,2,9,-1,2,2,35,6,1197,1,7,SKODA FABIA,3,E01024384,0,1
2024541233924,2024,541233924,2,9,0,18,19,2,6,0,0,8,0,0,0,0,3,1,6,6,2,73,10,1390,1,15,SKODA FABIA,5,E01031860,0,1
2024010515030,2024,010515030,1,9,0,2,2,0,0,9,9,0,0,0,1,0,3,1,6,6,3,-1,-1,1598,2,14,SKODA FABIA,-1,-1,0,-1
2024010545139,2024,010545139,2,9,0,2,2,9,9,99,99,9,9,99,9,99,9,9,6,6,3,-1,-1,1598,1,15,SKODA FABIA,7,E01029995,0,5
2024052401988,2024,052401988,3,9,0,18,19,6,2,0,0,1,0,0,0,0,1,1,1,1,1,51,8,999,1,4,SKODA FABIA,1,E01006693,0,1
2024610044424,2024,610044424,1,9,0,8,8,1,3,0,0,1,0,0,0,0,2,1,6,6,1,-1,-1,1896,2,14,SKODA FABIA,1,W01001692,0,1
2024332401026,2024,332401026,1,9,0,-1,13,3,7,-1,0,0,5,0,7,0,1,1,-1,6,3,-1,-1,1896,2,23,SKODA FABIA,-1,-1,0,-1
2024122500089,2024,122500089,2,9,0,18,19,3,7,0,0,0,0,0,1,0,1,1,6,6,1,68,10,1422,2,8,SKODA FABIA,8,E01034960,0,3
2024501459106,2024,501459106,2,9,0,-1,19,5,1,-1,0,0,0,0,0,0,1,1,-1,9,2,43,7,999,1,3,SKODA FABIA,5,E01034847,0,2
2024141442400,2024,141442400,2,9,0,-1,2,5,1,-1,0,1,0,0,0,0,3,1,-1,9,1,27,6,1198,1,15,SKODA FABIA,2,E01007633,0,1
2024440275494,2024,440275494,1,9,0,18,19,1,5,0,0,0,0,11,1,10,1,1,2,2,2,19,4,1896,2,16,SKODA FABIA,8,E01023245,0,4
2024201539645,2024,201539645,1,9,0,-1,7,5,8,-1,0,6,0,0,0,0,2,1,-1,9,1,18,4,999,1,5,SKODA FABIA,2,E01009389,0,2
2024041485896,2024,041485896,1,9,0,-1,19,1,5,-1,9,0,0,10,7,11,1,1,-1,9,1,30,6,999,1,3,SKODA FABIA,1,E01024907,0,3
2024461509316,2024,461509316,3,9,0,-1,19,3,7,-1,0,0,0,0,0,0,1,1,-1,9,1,21,5,999,1,5,SKODA FABIA,-1,-1,0,-1
2024221471411,2024,221471411,2,9,0,-1,19,5,1,-1,0,8,0,0,0,0,3,1,-1,6,1,49,8,999,1,3,SKODA FABIA,6,E01014095,0,1
2024332400212,2024,332400212,2,9,0,-1,19,6,2,-1,0,8,5,0,1,11,4,1,-1,6,1,34,6,1198,1,17,SKODA FABIA,3,E01013777,0,1
2024461394505,2024,461394505,2,9,0,-1,19,8,4,-1,0,1,0,0,0,0,1,1,-1,9,1,46,8,999,1,1,SKODA FABIA,4,E01024587,0,1
2024351512947,2024,351512947,3,9,0,-1,3,-1,-1,-1,0,1,0,0,0,0,1,1,-1,9,1,40,7,1422,2,8,SKODA FABIA,4,E01026285,0,4
2024340WN5202,2024,340WN5202,2,9,0,-1,19,5,1,-1,0,0,0,0,0,0,1,1,-1,9,2,31,6,999,1,3,SKODA FABIA,7,E01026999,0,1
2024131448325,2024,131448325,3,9,0,-1,19,5,1,-1,0,0,0,0,0,0,2,1,-1,9,2,62,9,999,1,1,SKODA FABIA,9,E01007386,0,3
2024122400837,2024,122400837,1,8,0,16,19,2,6,0,0,0,5,0,0,0,1,1,6,6,1,49,8,999,1,4,SKODA FABIA,7,E01007671,0,4
2024471397947,2024,471397947,1,9,0,-1,19,8,5,-1,0,0,0,0,1,11,1,1,-1,9,1,35,6,999,1,4,SKODA FABIA,-1,-1,0,-1
2024461413027,2024,461413027,1,9,0,-1,9,5,2,-1,0,1,0,0,0,0,1,1,-1,1,2,48,8,1198,1,15,SKODA FABIA,1,E01024397,0,1
2024221514791,2024,221514791,1,9,0,-1,3,8,4,-1,0,1,0,0,0,0,2,9,-1,6,1,31,6,1198,1,19,SKODA FABIA,3,E01032242,0,1
2024201454250,2024,201454250,2,9,0,-1,19,5,4,-1,0,0,0,0,0,0,2,1,-1,2,2,41,7,999,1,5,SKODA FABIA,4,E01010072,0,2
2024552400250,2024,552400250,1,9,0,18,19,4,8,0,0,0,0,0,0,0,1,1,6,6,2,33,6,1198,1,17,SKODA FABIA,8,E01020388,0,1
2024471469512,2024,471469512,2,9,0,-1,19,7,3,-1,0,0,0,0,0,0,2,1,-1,9,1,60,9,1896,2,15,SKODA FABIA,6,E01031396,0,1
2024010545043,2024,010545043,2,9,0,99,99,9,9,99,99,9,9,99,9,99,9,9,6,6,3,-1,-1,1198,1,16,SKODA FABIA,-1,-1,0,-1
2024501501800,2024,501501800,2,9,0,-1,19,5,2,-1,0,1,1,0,0,0,1,2,-1,9,1,19,4,1198,1,10,SKODA FABIA,4,E01018777,0,2
2024411457651,2024,411457651,1,9,0,-1,11,5,1,-1,0,0,0,0,0,0,4,1,-1,6,2,31,6,1197,1,7,SKODA FABIA,2,E01010929,0,5
2024361423106,2024,361423106,1,9,0,-1,19,5,1,-1,0,0,0,0,0,0,3,9,-1,6,1,38,7,1197,1,9,SKODA FABIA,8,E01035151,0,3
2024440097290,2024,440097290,2,9,0,18,19,5,1,0,0,1,0,0,0,0,4,1,6,6,1,-1,-1,1197,1,9,SKODA FABIA,9,E01022926,0,1
2024010520510,2024,010520510,2,9,0,18,19,7,3,0,0,1,0,0,0,0,1,1,6,6,2,38,7,1198,1,15,SKODA FABIA,5,E01002529,0,1
2024131528444,2024,131528444,2,9,0,-1,9,5,1,-1,0,8,0,0,0,0,4,1,-1,6,2,49,8,1198,1,11,SKODA FABIA,7,E01011684,0,1
2024221468641,2024,221468641,1,9,0,-1,4,4,2,-1,0,8,0,0,0,0,2,1,-1,9,2,47,8,999,1,6,SKODA FABIA,-1,-1,0,-1
2024471456901,2024,471456901,1,9,0,-1,3,7,3,-1,0,1,0,0,0,0,2,9,-1,6,2,-1,-1,1598,2,13,SKODA FABIA,-1,-1,0,-1
2024430078234,2024,430078234,1,9,0,18,19,2,6,0,0,4,0,0,0,0,1,1,6,6,2,85,11,1197,1,13,SKODA FABIA,10,E01030620,0,4
2024131423270,2024,131423270,2,9,0,-1,19,3,7,-1,0,1,0,0,7,1,3,1,-1,1,1,53,8,1422,2,7,SKODA FABIA,1,E01010610,0,1
2024211524424,2024,211524424,2,9,0,-1,19,1,4,-1,0,1,0,0,0,0,3,1,-1,6,1,30,6,999,1,8,SKODA FABIA,5,E01029852,0,1
2024501496753,2024,501496753,1,9,0,-1,19,1,5,-1,0,0,1,0,2,0,1,1,-1,7,1,17,4,1198,1,16,SKODA FABIA,6,E01019903,0,3
2024131505025,2024,131505025,2,9,0,-1,9,5,1,-1,0,8,0,0,1,0,2,1,-1,6,2,75,10,999,1,0,SKODA FABIA,9,E01011117,0,2
2024332401103,2024,332401103,1,9,0,-1,5,3,7,-1,0,0,0,0,0,0,1,1,-1,6,1,40,7,999,1,4,SKODA FABIA,9,E01025820,0,2
2024991494046,2024,991494046,2,9,0,-1,9,4,3,-1,0,8,0,0,0,0,1,1,-1,6,2,26,6,1390,1,13,SKODA FABIA,1,-1,0,1
2024131447723,2024,131447723,1,9,0,-1,9,1,7,-1,0,1,0,0,0,0,1,1,-1,6,1,59,9,999,1,5,SKODA FABIA,10,E01011894,0,2
2024991508596,2024,991508596,1,9,0,-1,5,5,1,-1,9,0,5,0,3,0,1,1,-1,6,2,46,8,1896,2,18,SKODA FABIA,1,-1,0,1
2024371522250,2024,371522250,1,9,0,-1,7,6,1,-1,0,6,0,0,0,0,4,1,-1,6,1,53,8,1197,1,10,SKODA FABIA,5,E01030141,0,1
2024471448896,2024,471448896,1,9,0,-1,5,2,6,-1,0,8,0,0,0,0,1,1,-1,9,1,72,10,999,1,3,SKODA FABIA,1,E01020995,0,1
2024531402215,2024,531402215,1,9,0,-1,19,3,7,-1,0,0,1,10,1,0,1,1,-1,9,2,71,10,1422,2,14,SKODA FABIA,7,E01022230,0,2
2024302401116,2024,302401116,1,9,0,18,19,4,8,0,0,0,0,0,0,0,1,1,1,1,3,25,5,1198,1,15,SKODA FABIA,2,E01008112,0,4
2024052400404,2024,052400404,2,9,0,18,19,2,6,0,0,0,0,0,0,0,1,1,6,6,2,69,10,1198,1,12,SKODA FABIA,2,E01006710,0,1
2024122400526,2024,122400526,1,9,0,17,19,1,5,0,0,2,0,4,0,0,1,1,6,6,1,22,5,1896,2,18,SKODA FABIA,10,E01013374,0,1
2024531500700,2024,531500700,1,9,0,-1,19,1,5,-1,0,8,0,0,0,0,1,1,-1,1,1,61,9,1199,2,14,SKODA FABIA,10,E01022317,0,1
2024471461870,2024,471461870,1,9,0,-1,9,8,6,-1,0,8,0,0,0,0,3,1,-1,9,2,82,11,1390,1,18,SKODA FABIA,7,E01031545,0,1
2024440113794,2024,440113794,2,9,0,18,19,6,2,0,0,0,0,0,0,0,1,1,6,6,1,55,8,1198,1,12,SKODA FABIA,8,E01023280,0,4
2024010534963,2024,010534963,2,9,0,18,19,1,5,0,0,0,0,0,0,0,1,1,6,6,1,88,11,999,1,7,SKODA FABIA,5,E01001247,0,3
2024201448497,2024,201448497,1,9,0,-1,5,1,6,-1,0,6,0,0,0,0,1,9,-1,6,1,27,6,1422,2,15,SKODA FABIA,1,E01010033,0,1
2024552401028,2024,552401028,1,9,0,18,19,5,1,0,0,4,0,0,0,0,1,1,6,6,1,18,4,1198,1,19,SKODA FABIA,7,E01020495,0,2
2024010536438,2024,010536438,2,9,0,99,99,9,9,99,99,6,9,99,9,99,9,9,6,6,3,-1,-1,1598,1,17,SKODA FABIA,-1,-1,0,-1
2024991398251,2024,991398251,1,9,0,-1,19,1,5,-1,0,0,0,4,0,0,1,1,-1,9,1,25,5,1197,1,7,SKODA FABIA,3,-1,0,1
2024211492663,2024,211492663,1,8,0,-1,19,4,4,-1,0,2,0,0,0,0,4,1,-1,9,1,44,7,1197,1,8,SKODA FABIA,1,E01014307,0,1
2024221469346,2024,221469346,2,9,0,-1,19,1,5,-1,0,8,0,0,0,0,1,1,-1,6,2,73,10,1197,1,7,SKODA FABIA,6,E01035058,0,1
2024991399022,2024,991399022,2,9,0,-1,4,4,8,-1,0,0,0,0,1,1,2,1,-1,9,2,79,11,999,1,6,SKODA FABIA,9,-1,0,2
2024991506714,2024,991506714,1,9,0,-1,19,3,7,-1,0,0,2,0,1,11,1,1,-1,9,2,33,6,1198,1,18,SKODA FABIA,8,-1,0,2
2024010501537,2024,010501537,3,9,0,18,19,1,5,0,0,0,0,0,0,0,3,1,6,6,1,54,8,1390,1,12,SKODA FABIA,4,E01004280,0,2
2024501396000,2024,501396000,2,9,0,-1,19,8,4,-1,0,0,0,0,0,0,1,9,-1,6,1,67,10,1197,1,7,SKODA FABIA,3,E01018991,0,1
2024302500162,2024,302500162,2,9,0,-1,19,8,4,-1,0,8,0,0,0,0,1,1,-1,9,2,32,6,1198,1,20,SKODA FABIA,2,E01019567,0,1
2024052402015,2024,052402015,2,9,0,18,19,2,6,0,0,1,0,0,0,0,1,1,6,6,1,79,11,999,1,9,SKODA FABIA,1,E01006632,0,1
2024471400534,2024,471400534,1,9,0,-1,19,2,6,-1,0,1,0,0,0,0,1,1,-1,6,1,86,11,999,1,5,SKODA FABIA,9,E01031622,0,2
2024371504827,2024,371504827,2,9,0,-1,10,6,4,-1,0,1,0,0,0,0,2,1,-1,6,1,37,7,999,1,6,SKODA FABIA,4,E01030176,0,1
2024552401379,2024,552401379,1,9,0,18,19,8,4,0,0,0,0,0,0,0,1,1,6,6,2,81,11,1390,1,19,SKODA FABIA,8,E01015447,0,1
2024131461153,2024,131461153,1,9,0,-1,19,7,3,-1,0,0,0,0,0,0,3,1,-1,2,1,38,7,1197,1,9,SKODA FABIA,2,E01032923,0,2
2024471398804,2024,471398804,1,9,0,-1,19,7,3,-1,0,1,0,7,0,0,1,1,-1,9,1,78,11,1198,1,21,SKODA FABIA,5,E01031481,0,1
2024302401390,2024,302401390,2,9,0,16,19,8,3,0,0,1,0,0,0,0,1,1,6,6,2,24,5,999,1,7,SKODA FABIA,8,E01023709,0,5
2024361449470,2024,361449470,1,9,0,-1,19,7,3,-1,0,0,0,0,0,0,1,1,-1,6,1,18,4,1198,1,18,SKODA FABIA,1,E01026687,0,1
202460Q141072,2024,60Q141072,1,9,0,18,19,8,4,0,0,1,0,0,0,0,1,1,6,6,2,65,9,999,1,7,SKODA FABIA,-1,-1,0,-1
2024991410380,2024,991410380,2,9,0,-1,19,3,3,-1,0,0,0,0,0,0,1,1,-1,2,1,39,7,1422,2,16,SKODA FABIA,6,-1,0,3
2024061431259,2024,061431259,2,9,0,-1,2,-1,-1,-1,0,0,0,4,0,0,2,1,-1,7,1,55,8,1390,1,19,SKODA FABIA,3,E01006104,0,2
2024440204048,2024,440204048,1,9,0,9,9,4,2,0,0,5,0,0,0,0,4,1,2,2,1,49,8,999,1,6,SKODA FABIA,2,E01022969,0,1
2024131449060,2024,131449060,1,9,0,-1,1,3,7,-1,0,1,0,0,0,0,2,1,-1,6,1,68,10,999,1,3,SKODA FABIA,5,E01011147,0,2
2024211505659,2024,211505659,2,9,0,-1,19,3,7,-1,0,1,0,0,0,0,1,1,-1,6,1,33,6,1896,2,15,SKODA FABIA,-1,-1,0,-1
2024332401037,2024,332401037,1,9,0,-1,19,8,4,-1,0,0,0,0,7,2,1,1,-1,6,1,16,4,999,1,5,SKODA FABIA,4,E01031052,0,3
2024161492924,2024,161492924,1,9,0,-1,19,3,7,-1,0,0,0,0,0,0,1,9,-1,6,2,84,11,1197,1,7,SKODA FABIA,10,E01013070,0,1
2024421466990,2024,421466990,1,9,0,-1,19,3,7,-1,0,0,0,0,0,0,1,1,-1,9,1,77,11,999,1,2,SKODA FABIA,8,E01021914,0,2
2024501414837,2024,501414837,1,9,0,-1,19,7,3,-1,0,0,0,0,0,0,3,9,-1,9,2,17,4,1598,2,13,SKODA FABIA,8,E01015134,0,4
2024041423346,2024,041423346,2,9,0,-1,19,1,1,-1,0,0,0,0,0,0,2,1,-1,6,2,51,8,1598,2,12,SKODA FABIA,4,E01024896,0,1
2024461434191,2024,461434191,2,9,0,-1,19,0,0,-1,0,8,0,0,0,0,1,1,-1,9,1,59,9,999,1,6,SKODA FABIA,8,E01024076,0,3
2024461491746,2024,461491746,2,9,0,-1,7,4,6,-1,0,5,1,0,0,0,3,1,-1,6,1,23,5,1198,1,17,SKODA FABIA,3,E01024508,0,1
2024401540793,2024,401540793,1,9,0,-1,7,2,5,-1,0,1,0,0,1,0,1,1,-1,1,1,18,4,1198,1,17,SKODA FABIA,3,E01017489,0,1
2024070490876,2024,070490876,1,9,0,18,19,5,1,0,0,0,0,0,0,0,1,1,6,6,1,19,4,999,1,7,SKODA FABIA,1,E01006758,0,4
2024520402797,2024,520402797,1,9,0,18,19,1,5,0,0,0,0,0,7,11,1,1,6,6,1,43,7,1390,1,12,SKODA FABIA,2,E01002751,0,5
2024010506649,2024,010506649,2,9,0,99,99,9,9,99,99,0,9,99,9,99,9,9,6,6,3,-1,-1,999,1,9,SKODA FABIA,-1,-1,0,-1
2024440417321,2024,440417321,1,9,0,17,19,8,4,0,0,0,1,0,1,9,1,1,2,2,2,22,5,1198,1,13,SKODA FABIA,8,E01022623,0,1
2024201453734,2024,201453734,1,9,0,-1,9,3,8,-1,0,5,0,10,1,0,1,9,-1,6,1,35,6,1598,2,14,SKODA FABIA,-1,-1,0,-1
2024122400751,2024,122400751,1,9,0,6,6,4,4,0,0,6,0,0,7,9,3,1,6,6,2,61,9,999,1,5,SKODA FABIA,8,E01007686,0,5
2024631395039,2024,631395039,1,9,0,-1,19,6,2,-1,0,0,2,0,2,10,4,1,-1,1,2,19,4,1598,2,14,SKODA FABIA,8,W01000485,0,4
2024610028324,2024,610028324,2,9,0,18,19,8,4,0,0,0,0,0,0,0,2,1,6,6,2,-1,-1,1390,1,13,SKODA FABIA,-1,-1,0,-1
2024501507776,2024,501507776,2,9,0,-1,9,6,4,-1,0,8,0,0,0,0,4,1,-1,6,2,76,11,1197,1,8,SKODA FABIA,8,E01018884,0,3
2024440289392,2024,440289392,1,9,0,16,19,6,1,0,0,0,1,0,7,0,0,1,6,6,1,22,5,1197,1,7,SKODA FABIA,-1,-1,0,-1
2024131460955,2024,131460955,5,9,0,-1,19,1,5,-1,0,0,0,0,0,0,1,1,-1,6,1,25,5,1390,1,19,SKODA FABIA,2,E01028319,0,5
202454D517024,2024,54D517024,1,9,0,5,5,1,4,0,0,6,0,0,0,0,1,1,6,6,1,47,8,999,1,5,SKODA FABIA,6,E01032716,0,1
2024552401284,2024,552401284,1,9,0,7,7,6,8,8,6,6,0,0,0,0,4,1,2,2,1,25,5,1197,1,9,SKODA FABIA,2,E01035125,0,4
2024991544151,2024,991544151,1,9,0,-1,9,3,1,-1,0,4,0,0,0,0,1,1,-1,9,2,73,10,1197,1,8,SKODA FABIA,7,-1,0,3
2024041438976,2024,041438976,1,9,0,-1,19,4,7,-1,0,1,5,0,1,4,1,1,-1,9,1,22,5,1197,1,9,SKODA FABIA,8,E01024934,0,1
2024041398094,2024,041398094,3,9,0,-1,19,1,5,-1,0,1,0,0,0,0,1,1,-1,9,1,28,6,1422,2,16,SKODA FABIA,1,E01024878,0,3
2024351510726,2024,351510726,5,9,0,-1,19,1,5,-1,0,0,0,0,0,0,2,1,-1,2,1,47,8,999,1,4,SKODA FABIA,10,E01033319,0,5
2024471494004,2024,471494004,1,9,0,-1,9,8,4,-1,0,0,0,0,0,0,3,1,-1,6,2,77,11,1598,2,11,SKODA FABIA,9,E01031719,0,4
2024421505357,2024,421505357,1,9,0,-1,19,7,3,-1,0,4,0,0,0,0,1,1,-1,9,2,58,9,1198,1,10,SKODA FABIA,6,E01021597,0,4
2024010536968,2024,010536968,1,9,0,99,99,9,9,99,99,9,9,99,9,99,9,9,6,6,1,54,8,1197,1,12,SKODA FABIA,6,E01004163,0,1
2024041442897,2024,041442897,2,2,0,-1,19,5,1,-1,1,1,5,0,0,0,3,1,-1,6,1,17,4,49,1,8,-1,10,E01025355,0,1
2024421402217,2024,421402217,2,2,0,-1,19,7,3,-1,0,2,0,0,0,0,4,1,-1,7,2,16,4,50,1,3,-1,8,E01015826,0,1
2024052400826,2024,052400826,2,3,0,18,19,3,7,0,0,8,0,0,0,0,1,1,1,1,1,21,5,125,1,3,-1,2,E01006748,0,1
2024041515824,2024,041515824,2,2,0,-1,19,1,5,-1,0,1,1,0,0,0,1,1,-1,9,1,16,4,50,1,3,-1,4,E01025216,0,1
2024461405425,2024,461405425,2,3,0,-1,19,1,5,-1,0,8,1,0,0,0,1,1,-1,2,1,35,6,123,1,8,-1,4,E01001609,0,3
2024411522605,2024,411522605,2,3,0,-1,19,1,5,-1,0,1,2,0,0,0,1,1,-1,6,1,22,5,123,1,8,-1,6,E01023556,0,1
2024451493539,2024,451493539,2,3,0,-1,19,3,7,-1,0,4,0,0,0,0,1,1,-1,9,1,88,11,124,1,5,-1,9,E01030768,0,3
2024461445776,2024,461445776,1,3,0,-1,19,1,5,-1,0,3,1,0,0,0,0,1,-1,2,1,39,7,124,1,1,-1,5,E01035271,0,1
2024010529332,2024,010529332,1,4,0,18,19,3,7,4,4,8,5,0,0,0,1,1,2,2,1,39,7,124,1,1,-1,5,E01035271,0,3
2024010514205,2024,010514205,1,5,0,18,19,1,5,0,0,1,0,0,0,0,1,1,6,6,1,25,5,500,1,3,-1,7,E01000674,0,3
2024361484317,2024,361484317,1,5,0,-1,15,4,8,-1,2,1,0,0,0,0,3,1,-1,6,1,22,5,500,1,1,-1,10,E01026908,0,1
2024201520113,2024,201520113,2,4,0,-1,19,7,3,-1,0,1,1,0,0,0,1,1,-1,9,1,44,7,500,1,4,-1,-1,-1,0,-1
2024311528075,2024,311528075,1,9,0,-1,9,1,2,-1,0,0,0,0,0,0,4,1,-1,2,1,39,7,2993,12,2,-1,9,E01028332,0,2
2024311462677,2024,311462677,1,9,0,-1,1,6,7,-1,0,0,0,0,0,0,2,1,-1,9,1,36,7,2993,12,1,-1,7,E01035507,0,1
2024122401134,2024,122401134,2,9,0,3,3,6,2,0,0,1,0,0,0,0,2,1,6,6,2,37,7,2993,-1,0,-1,6,E01027734,0,1
2024010503259,2024,010503259,2,9,0,99,99,9,9,99,99,9,9,99,9,99,2,9,6,6,3,44,7,2993,-1,2,-1,7,E01003419,0,2
2024010547416,2024,010547416,2,9,0,18,19,5,1,0,0,1,0,0,0,0,1,1,6,6,1,38,7,2993,2,4,-1,7,E01017578,0,4
2024010550037,2024,010550037,3,9,0,99,99,9,9,99,99,0,9,99,9,99,2,9,6,6,3,-1,-1,2993,2,4,-1,-1,-1,0,-1
2024451422979,2024,451422979,2,9,0,-1,19,3,7,-1,0,0,0,0,0,0,4,1,-1,9,1,35,6,2993,12,1,-1,10,E01032623,0,1
2024010512312,2024,010512312,1,9,0,4,4,5,1,0,0,1,0,0,0,0,1,1,6,6,1,44,7,2993,12,2,-1,5,E01023332,0,2
2024451416585,2024,451416585,1,9,0,-1,19,2,5,-1,0,0,0,0,0,0,2,1,-1,1,1,33,6,2993,2,5,-1,8,E01001122,0,3
2024221484166,2024,221484166,2,17,0,-1,9,6,4,-1,0,5,0,0,0,0,0,1,-1,1,1,24,5,6728,2,7,CASE IH MODEL MISSING,-1,-1,0,-1
2024440358148,2024,440358148,2,17,4,1,1,2,6,0,0,0,0,0,0,0,2,1,1,1,1,67,10,3595,2,1,CASE IH MODEL MISSING,7,E01017323,0,1
2024520402827,2024,520402827,1,17,4,18,19,1,6,0,0,8,0,0,0,0,1,1,6,6,2,17,4,6728,2,5,CASE IH MODEL MISSING,7,E01032680,0,4
2024451490237,2024,451490237,1,90,1,-1,9,7,3,-1,0,8,0,0,0,0,2,1,-1,1,1,58,9,3387,2,8,CASE IH MODEL MISSING,7,E01030465,0,1
2024501456563,2024,501456563,1,17,0,-1,4,5,1,-1,0,0,0,0,0,0,3,1,-1,1,1,35,6,-1,2,30,CASE IH MODEL MISSING,3,E01020131,0,1