collision_index,collision_year,collision_ref_no,vehicle_reference,vehicle_type,towing_and_articulation,vehicle_manoeuvre_historic,vehicle_manoeuvre,vehicle_direction_from,vehicle_direction_to,vehicle_location_restricted_lane_historic,vehicle_location_restricted_lane,junction_location,skidding_and_overturning,hit_object_in_carriageway,vehicle_leaving_carriageway,hit_object_off_carriageway,first_point_of_impact,vehicle_left_hand_drive,journey_purpose_of_driver_historic,journey_purpose_of_driver,sex_of_driver,age_of_driver,age_band_of_driver,engine_capacity_cc,propulsion_code,age_of_vehicle,generic_make_model,driver_imd_decile,lsoa_of_driver,escooter_flag,driver_distance_banding
2024501474051,2024,501474051,2,17,4,-1,19,5,1,-1,1,6,0,0,0,0,3,1,-1,1,1,20,4,6728,2,6,CASE IH MODEL MISSING,4,E01018881,0,3
2024320716734,2024,320716734,2,17,0,-1,-1,5,1,0,0,0,0,0,0,0,2,1,6,6,1,64,9,-1,2,15,CASE IH MODEL MISSING,7,E01026051,0,1
2024991509039,2024,991509039,2,17,5,-1,19,7,2,-1,0,0,0,0,0,0,3,1,-1,1,1,27,6,6728,2,5,CASE IH MODEL MISSING,8,-1,0,2
2024122500069,2024,122500069,2,17,0,3,3,7,3,0,0,0,0,0,0,0,2,1,1,1,1,64,9,-1,2,34,CASE IH MODEL MISSING,10,E01027899,0,1
2024070977881,2024,070977881,2,17,0,-1,19,7,7,-1,0,1,0,0,0,0,1,1,-1,9,1,16,4,6728,2,6,CASE IH MODEL MISSING,8,E01018515,0,2
2024440311631,2024,440311631,2,17,0,18,19,1,5,0,0,2,0,0,0,0,2,1,1,1,1,20,4,6728,2,1,CASE IH MODEL MISSING,9,E01022564,0,3
2024141459088,2024,141459088,1,17,0,-1,19,3,7,-1,0,0,0,0,0,0,3,9,-1,1,1,71,10,6728,2,5,CASE IH MODEL MISSING,4,E01007625,0,4
2024421484474,2024,421484474,1,4,0,-1,9,1,6,-1,0,0,2,10,1,0,4,1,-1,9,2,22,5,449,1,1,-1,5,E01002779,0,3
2024221456785,2024,221456785,1,5,0,-1,4,4,8,-1,0,0,0,0,1,9,1,1,-1,9,1,81,11,449,1,0,-1,7,E01032286,0,4
2024122500432,2024,122500432,1,9,0,17,19,7,3,0,0,0,0,0,1,1,1,1,2,2,1,53,8,1598,1,17,-1,1,E01012093,0,4
2024111445535,2024,111445535,1,9,0,-1,19,6,1,-1,0,0,0,0,0,0,1,9,-1,6,1,25,5,1399,1,15,-1,-1,-1,0,-1
2024141419968,2024,141419968,2,9,0,-1,19,8,4,-1,0,0,0,0,0,0,1,9,-1,6,3,-1,-1,1598,1,18,-1,-1,-1,0,-1
2024010504107,2024,010504107,2,9,0,7,7,6,1,2,2,1,0,0,0,0,0,1,6,6,1,55,8,1598,1,16,-1,8,E01000190,0,4
2024101504454,2024,101504454,2,9,0,-1,19,3,7,-1,0,0,0,0,0,0,3,9,-1,6,1,74,10,1598,1,16,-1,3,E01008704,0,2
2024041401441,2024,041401441,2,9,0,-1,14,5,1,-1,0,0,1,0,0,0,4,1,-1,9,1,17,4,1399,1,14,-1,8,E01025242,0,1
2024101393701,2024,101393701,2,9,0,-1,9,1,7,-1,0,1,0,0,0,0,3,1,-1,6,1,32,6,1796,1,16,-1,2,E01027534,0,1
2024070909053,2024,070909053,2,9,0,-1,2,0,0,-1,9,0,0,0,0,0,0,1,-1,9,2,58,9,1796,1,18,-1,8,E01012496,0,1
2024501472581,2024,501472581,1,5,0,-1,19,3,7,-1,0,0,1,0,0,0,1,1,-1,9,1,55,8,1079,1,11,-1,2,E01019074,0,3
2024461465602,2024,461465602,2,5,0,-1,19,3,7,-1,0,1,0,0,0,0,0,1,-1,2,2,47,8,1078,1,14,-1,3,E01024570,0,1
2024340NN3632,2024,340NN3632,2,9,0,-1,19,1,5,-1,0,0,0,0,0,0,1,1,-1,2,2,71,10,1989,1,22,-1,1,E01027131,0,1
2024131403301,2024,131403301,2,5,0,-1,19,5,1,-1,0,1,0,0,0,0,1,1,-1,9,1,36,7,883,1,8,HARLEY-DAVIDSON MODEL MISSING,3,E01011085,0,2
2024320055971,2024,320055971,1,5,0,-1,-1,6,2,0,0,3,2,0,0,0,4,1,-1,-1,1,43,7,883,1,9,HARLEY-DAVIDSON MODEL MISSING,3,E01028306,0,3
2024631454499,2024,631454499,1,5,0,-1,19,3,7,-1,0,0,1,0,2,10,4,1,-1,9,1,43,7,1442,1,19,HARLEY-DAVIDSON MODEL MISSING,3,E01028210,0,5
2024522402246,2024,522402246,2,5,0,13,13,6,2,0,0,8,0,0,0,0,1,1,6,6,1,-1,-1,-1,-1,-1,HARLEY-DAVIDSON MODEL MISSING,3,E01014498,0,2
2024361453441,2024,361453441,2,4,0,-1,7,3,7,-1,0,1,0,0,0,0,1,1,-1,1,1,64,9,1200,1,37,HARLEY-DAVIDSON MODEL MISSING,5,E01026539,0,1
2024461446670,2024,461446670,1,5,0,-1,19,3,1,-1,0,8,5,0,1,2,1,1,-1,9,1,23,5,883,1,21,HARLEY-DAVIDSON MODEL MISSING,7,E01024316,0,1
2024631474202,2024,631474202,1,5,0,-1,19,7,2,-1,0,0,1,12,0,0,1,1,-1,2,1,31,6,883,1,22,HARLEY-DAVIDSON MODEL MISSING,1,W01001459,0,2
2024631511779,2024,631511779,2,5,0,-1,3,7,2,-1,0,2,0,0,0,0,3,1,-1,6,1,63,9,1340,1,29,HARLEY-DAVIDSON MODEL MISSING,9,W01000446,0,1
2024440090825,2024,440090825,2,5,0,18,19,7,3,0,0,4,0,0,0,0,3,1,6,6,1,70,10,1450,1,21,HARLEY-DAVIDSON MODEL MISSING,9,E01022926,0,3
2024522403397,2024,522403397,1,5,0,3,3,7,3,0,0,0,0,0,0,0,1,1,6,6,1,63,9,1200,1,35,HARLEY-DAVIDSON MODEL MISSING,6,E01032666,0,2
2024361431160,2024,361431160,2,5,0,-1,19,3,3,-1,0,1,5,0,0,0,2,1,-1,9,1,58,9,1450,1,18,HARLEY-DAVIDSON MODEL MISSING,5,E01026647,0,1
2024122401210,2024,122401210,1,5,0,15,15,1,5,0,0,8,0,0,0,0,3,1,6,6,1,58,9,1202,1,5,HARLEY-DAVIDSON MODEL MISSING,9,E01027714,0,1
2024161454045,2024,161454045,1,5,0,-1,19,2,8,-1,0,0,1,0,1,0,1,1,-1,9,1,68,10,-1,-1,-1,HARLEY-DAVIDSON MODEL MISSING,8,E01012962,0,3
2024122400342,2024,122400342,1,5,0,18,19,7,3,0,0,0,1,0,0,0,1,1,6,6,1,50,8,1340,1,34,HARLEY-DAVIDSON MODEL MISSING,7,E01027816,0,1
2024221567069,2024,221567069,1,5,0,-1,19,5,1,-1,0,0,1,0,0,0,3,1,-1,9,1,59,9,1340,1,27,HARLEY-DAVIDSON MODEL MISSING,5,E01022440,0,3
2024041478524,2024,041478524,1,5,0,-1,19,1,5,-1,0,0,0,0,0,0,1,1,-1,6,1,65,9,1000,1,44,HARLEY-DAVIDSON MODEL MISSING,7,E01025266,0,3
2024440368992,2024,440368992,2,5,0,18,19,4,8,0,0,8,0,0,0,0,3,1,6,6,1,63,9,1340,1,-1,HARLEY-DAVIDSON MODEL MISSING,2,E01022550,0,1
2024010519427,2024,010519427,2,5,0,18,19,7,3,0,0,1,5,0,0,0,1,1,2,2,1,33,6,1340,1,30,HARLEY-DAVIDSON MODEL MISSING,3,E01004422,0,1
202460Q096766,2024,60Q096766,1,4,0,18,19,4,8,0,0,0,0,0,0,0,2,1,6,6,1,71,10,1340,1,30,HARLEY-DAVIDSON MODEL MISSING,-1,-1,0,-1
2024461484468,2024,461484468,2,5,-1,-1,5,-1,-1,-1,0,4,2,0,0,0,4,1,-1,6,1,63,9,1583,1,13,HARLEY-DAVIDSON MODEL MISSING,6,E01024079,0,1
2024501464618,2024,501464618,1,5,0,-1,2,2,6,-1,0,6,0,0,0,0,4,1,-1,9,1,66,10,1768,1,0,-1,7,E01018823,0,4
2024471499571,2024,471499571,2,3,0,-1,19,1,5,-1,0,2,2,0,0,0,1,1,-1,2,1,18,4,125,1,5,KEEWAY RKF,5,E01021133,0,4
2024201436585,2024,201436585,2,4,0,-1,19,8,4,-1,0,8,0,0,0,0,1,1,-1,2,1,31,6,125,1,2,KEEWAY RKF,3,E01009876,0,1
2024522402282,2024,522402282,1,3,0,18,19,7,3,0,0,0,0,10,0,0,3,1,6,6,1,22,5,125,1,2,KEEWAY RKF,5,E01014708,0,3
2024610022024,2024,610022024,1,3,0,18,19,7,3,0,0,0,0,0,0,0,1,1,6,6,1,26,6,125,1,3,KEEWAY RKF,3,W01001402,0,2
2024211493572,2024,211493572,1,3,0,-1,19,5,1,-1,0,0,0,4,0,0,1,1,-1,6,1,19,4,125,1,1,KEEWAY RKF,-1,-1,0,-1
2024010543046,2024,010543046,2,3,0,13,13,7,3,0,0,0,1,0,1,6,1,1,6,6,1,24,5,125,1,1,KEEWAY RKF,4,E01033738,0,4
2024547420124,2024,547420124,2,3,0,18,19,6,1,0,0,8,0,0,0,0,4,1,2,2,1,41,7,125,1,0,KEEWAY RKF,1,E01015541,0,3
2024522401390,2024,522401390,1,3,0,18,19,2,6,0,0,8,0,0,0,0,1,1,6,6,1,26,6,125,1,1,KEEWAY RKF,2,E01029131,0,4
2024461466639,2024,461466639,2,3,0,-1,13,4,8,-1,0,3,1,0,0,0,4,1,-1,6,1,52,8,125,1,1,KEEWAY RKF,3,E01016042,0,1
2024041449616,2024,041449616,2,3,0,-1,19,3,7,-1,0,0,0,0,0,0,3,1,-1,6,1,36,7,125,1,1,KEEWAY RKF,5,E01025024,0,1
2024421469058,2024,421469058,1,3,0,-1,19,7,3,-1,0,0,0,0,1,9,1,1,-1,9,1,18,4,125,1,3,KEEWAY RKF,3,E01033128,0,3
2024010547636,2024,010547636,1,3,0,18,19,8,4,0,0,1,0,0,0,0,1,1,6,6,1,18,4,125,1,1,KEEWAY RKF,3,E01032562,0,2
2024552400320,2024,552400320,2,3,0,18,19,8,4,2,2,0,0,0,0,0,3,1,6,6,1,30,6,125,1,1,KEEWAY RKF,7,E01020475,0,2
2024070762728,2024,070762728,2,3,0,-1,19,8,4,-1,0,0,0,0,0,0,0,1,-1,9,2,18,4,125,1,6,KEEWAY RKF,1,E01012408,0,1
2024101524133,2024,101524133,2,3,0,-1,19,7,3,-1,0,8,2,0,0,0,3,1,-1,6,1,33,6,125,1,3,KEEWAY RKF,3,E01008533,0,1
2024520402818,2024,520402818,1,3,0,15,15,7,3,0,0,8,0,0,7,9,3,1,6,6,1,17,4,125,1,3,KEEWAY RKF,5,E01029259,0,2
2024070302974,2024,070302974,2,3,0,18,19,5,1,0,0,8,0,0,0,0,4,1,6,6,1,18,4,125,1,4,KEEWAY RKF,2,E01006868,0,1
2024520403093,2024,520403093,1,3,0,18,19,3,7,0,0,8,0,0,0,0,1,1,6,6,1,54,8,125,1,0,KEEWAY RKF,3,E01029299,0,1
2024041421556,2024,041421556,2,3,0,-1,19,1,5,-1,0,1,0,0,0,0,4,1,-1,9,1,17,4,125,1,4,KEEWAY RKF,1,E01025226,0,1
2024052400712,2024,052400712,2,3,0,18,19,1,5,0,0,1,0,0,0,0,1,1,2,2,1,19,4,125,1,0,KEEWAY RKF,2,E01012388,0,2
2024461402249,2024,461402249,2,3,0,-1,19,3,7,-1,0,8,0,0,0,0,1,1,-1,6,1,23,5,125,1,2,KEEWAY RKF,8,E01024058,0,1
2024061449729,2024,061449729,2,3,0,-1,19,7,3,-1,0,8,2,0,0,0,1,1,-1,6,2,44,7,125,1,3,KEEWAY RKF,1,E01006369,0,1
2024411484540,2024,411484540,1,3,0,-1,19,3,7,-1,0,4,1,0,0,0,1,1,-1,1,1,18,4,125,1,4,KEEWAY RKF,4,E01023487,0,1
2024211502294,2024,211502294,1,3,0,-1,3,4,7,-1,0,1,0,0,0,0,3,1,-1,9,1,17,4,125,1,0,KEEWAY RKF,8,E01029703,0,1
2024221463388,2024,221463388,1,3,0,-1,4,7,3,-1,0,0,1,0,0,0,3,1,-1,6,1,20,4,125,1,3,KEEWAY RKF,9,E01032402,0,2
2024010539170,2024,010539170,1,3,0,14,14,7,3,0,0,2,0,0,0,0,1,1,6,6,1,24,5,125,1,1,KEEWAY RKF,4,E01033738,0,1
2024010517558,2024,010517558,1,3,0,99,99,9,9,99,99,1,9,99,9,99,9,1,2,2,1,22,5,125,1,3,KEEWAY RKF,2,E01004309,0,1
2024010505397,2024,010505397,2,8,0,99,99,9,9,99,99,0,9,99,9,99,9,9,6,6,1,43,7,-1,3,2,KIA NIRO,2,E01001339,0,3
2024061513434,2024,061513434,2,9,0,-1,5,-1,-1,-1,0,1,0,0,0,0,1,1,-1,6,3,-1,-1,-1,3,4,KIA NIRO,-1,-1,0,-1
2024052401243,2024,052401243,2,9,0,18,19,1,5,0,0,0,0,0,0,0,3,1,6,6,2,44,7,-1,3,3,KIA NIRO,9,E01024983,0,4
2024161439691,2024,161439691,1,9,0,-1,19,1,5,-1,0,0,0,0,0,0,3,1,-1,6,2,36,7,1580,8,3,KIA NIRO,1,E01012856,0,3
2024332400214,2024,332400214,2,9,0,-1,19,3,6,-1,0,0,0,0,0,0,1,1,-1,9,2,67,10,1580,8,2,KIA NIRO,8,E01025770,0,1
2024010506758,2024,010506758,1,8,0,6,6,1,1,0,0,6,0,0,0,0,1,1,1,1,1,40,7,-1,3,4,KIA NIRO,2,E01000959,0,1
2024141487382,2024,141487382,2,9,0,-1,5,8,4,-1,0,1,0,0,0,0,4,1,-1,6,2,38,7,-1,3,3,KIA NIRO,6,E01007570,0,1
2024010536326,2024,010536326,1,9,0,18,19,7,3,0,0,1,0,0,0,0,1,1,2,2,1,52,8,1580,8,5,KIA NIRO,-1,-1,0,-1
2024461461445,2024,461461445,2,9,0,-1,19,3,7,-1,0,0,0,0,0,0,0,1,-1,1,1,38,7,-1,3,1,KIA NIRO,9,E01030861,0,4
2024010550344,2024,010550344,2,9,0,18,19,1,5,0,0,8,0,0,0,0,2,1,6,6,3,-1,-1,1580,8,4,KIA NIRO,-1,-1,0,-1
2024122401110,2024,122401110,1,9,0,18,19,8,4,0,0,6,0,0,0,0,4,1,6,6,2,34,6,-1,3,3,KIA NIRO,7,E01013126,0,2
2024010549595,2024,010549595,2,9,0,13,13,9,9,0,0,0,0,99,0,0,9,1,6,6,1,-1,-1,-1,3,2,KIA NIRO,4,E01000257,0,3
2024010505322,2024,010505322,1,9,0,99,99,9,9,99,99,9,9,99,9,99,2,9,6,6,2,31,6,1580,8,5,KIA NIRO,2,E01003966,0,1
2024010548019,2024,010548019,1,9,0,1,1,6,1,0,0,2,0,0,0,0,0,1,1,1,1,49,8,-1,3,3,KIA NIRO,3,E01001488,0,2
2024421478426,2024,421478426,2,9,0,-1,19,5,1,-1,0,0,0,0,0,0,1,1,-1,6,1,-1,-1,1580,8,5,KIA NIRO,-1,-1,0,-1
2024010533268,2024,010533268,1,8,0,4,4,3,7,0,0,0,0,0,0,0,2,1,6,6,1,35,6,-1,3,2,KIA NIRO,5,E01003023,0,3
2024010526138,2024,010526138,1,9,0,9,9,3,1,0,0,5,0,0,0,0,4,1,1,1,1,52,8,1580,8,6,KIA NIRO,6,E01001088,0,2
2024201520773,2024,201520773,2,9,0,-1,19,5,1,-1,0,0,0,0,0,0,4,9,-1,2,1,48,8,1580,8,2,KIA NIRO,10,E01020166,0,5
2024010501972,2024,010501972,2,9,0,99,99,9,9,99,99,9,9,99,9,99,1,9,6,6,3,-1,-1,1580,8,5,KIA NIRO,-1,-1,0,-1
2024010531199,2024,010531199,2,9,0,99,99,9,9,99,99,9,9,99,9,99,9,9,6,6,3,53,8,-1,3,1,KIA NIRO,3,E01003244,0,1
2024010520251,2024,010520251,1,9,0,9,9,2,7,0,0,1,0,0,0,0,0,1,6,6,1,57,9,-1,3,2,KIA NIRO,5,E01002369,0,3
2024010528691,2024,010528691,2,9,0,6,6,3,3,0,0,2,0,0,0,0,3,1,1,1,1,50,8,-1,3,4,KIA NIRO,5,E01021664,0,4
2024501501408,2024,501501408,3,9,0,-1,19,2,6,-1,0,0,0,0,0,0,1,1,-1,2,2,35,6,-1,3,2,KIA NIRO,6,E01034634,0,3
2024451523020,2024,451523020,1,9,0,-1,19,1,5,-1,0,1,1,0,0,0,3,1,-1,1,1,49,8,1580,8,0,KIA NIRO,3,E01035242,0,3
2024131510138,2024,131510138,1,8,0,-1,2,0,0,-1,0,0,0,0,0,0,3,1,-1,1,1,30,6,-1,3,4,KIA NIRO,2,E01010929,0,2
2024010498688,2024,010498688,2,9,0,99,99,9,9,99,99,9,9,99,9,99,9,9,6,6,2,36,7,1580,8,1,KIA NIRO,9,E01002537,0,2
2024461469891,2024,461469891,1,9,0,-1,19,5,3,-1,0,0,0,0,0,0,1,1,-1,1,1,41,7,-1,3,1,KIA NIRO,2,E01024247,0,4
2024010530900,2024,010530900,2,9,0,6,6,3,3,0,0,0,0,0,0,0,1,1,6,6,1,37,7,1580,8,2,KIA NIRO,5,E01000982,0,3
2024302400123,2024,302400123,2,9,0,5,5,4,8,0,0,4,0,0,0,0,2,1,6,6,1,49,8,1580,8,3,KIA NIRO,2,E01013475,0,1
2024471481186,2024,471481186,1,9,0,-1,19,6,2,-1,0,0,0,0,0,0,1,1,-1,9,1,34,6,1580,8,6,KIA NIRO,9,E01017003,0,3
2024471514333,2024,471514333,1,9,0,-1,19,1,5,-1,0,0,0,0,0,0,1,1,-1,9,2,44,7,1580,8,0,KIA NIRO,7,E01024805,0,2
2024440502831,2024,440502831,1,8,0,18,19,6,2,0,0,4,0,0,0,0,1,1,3,7,2,36,7,1580,8,3,KIA NIRO,5,E01017074,0,4
2024010546816,2024,010546816,2,9,0,3,3,7,3,0,0,1,0,0,0,0,2,1,1,1,1,36,7,1580,8,7,KIA NIRO,4,E01003719,0,2
2024411503894,2024,411503894,2,9,0,-1,9,4,8,-1,0,0,0,0,0,0,1,9,-1,9,2,45,7,-1,3,1,KIA NIRO,6,E01023751,0,1
2024501437161,2024,501437161,2,9,0,-1,19,1,5,-1,0,0,0,0,0,0,2,1,-1,9,1,56,9,1580,8,0,KIA NIRO,-1,-1,0,-1
2024041423208,2024,041423208,1,9,0,-1,19,1,5,-1,0,2,0,0,0,0,1,2,-1,6,1,57,9,1580,8,6,KIA NIRO,1,E01012622,0,2
2024010525517,2024,010525517,2,9,9,99,99,9,9,99,99,9,9,99,9,99,9,9,6,6,1,67,10,-1,3,3,KIA NIRO,2,E01002851,0,2
2024451408120,2024,451408120,1,9,0,-1,9,3,1,-1,0,3,0,0,0,0,4,1,-1,9,2,55,8,-1,3,3,KIA NIRO,9,E01030782,0,1
2024451509101,2024,451509101,1,9,0,-1,5,7,3,-1,0,4,0,0,0,0,1,1,-1,9,2,45,7,-1,3,0,KIA NIRO,10,E01030437,0,1
2024543547024,2024,543547024,2,9,0,5,5,2,6,0,0,4,0,0,1,1,1,1,6,6,1,76,11,1580,8,3,KIA NIRO,-1,-1,0,-1
2024010513802,2024,010513802,2,9,0,99,99,9,9,99,99,9,9,99,9,99,9,9,6,6,3,-1,-1,-1,3,3,KIA NIRO,-1,-1,0,-1
2024131470835,2024,131470835,1,8,0,-1,19,2,6,-1,0,0,0,0,0,0,3,1,-1,9,1,46,8,-1,3,3,KIA NIRO,1,E01010710,0,1
2024010542832,2024,010542832,2,8,0,99,99,9,9,99,99,9,9,99,9,99,9,9,6,6,1,-1,-1,-1,3,0,KIA NIRO,7,E01001083,0,2
2024421495396,2024,421495396,1,9,0,-1,7,8,2,-1,0,2,0,0,0,0,3,1,-1,6,2,-1,-1,1580,8,4,KIA NIRO,-1,-1,0,-1
2024332400614,2024,332400614,2,9,0,-1,19,8,4,-1,0,8,0,0,0,0,1,1,-1,9,1,52,8,1580,8,3,KIA NIRO,10,E01025797,0,4
2024451404216,2024,451404216,1,9,0,-1,10,1,7,-1,0,3,0,0,7,0,4,1,-1,2,1,53,8,-1,3,2,KIA NIRO,10,E01030504,0,1
2024052401761,2024,052401761,2,8,0,9,9,2,6,0,0,8,0,0,0,0,3,1,1,1,1,25,5,1580,8,4,KIA NIRO,2,E01006514,0,1
2024471458466,2024,471458466,2,9,0,-1,9,1,6,-1,0,6,0,0,0,0,1,1,-1,6,2,-1,-1,1580,8,5,KIA NIRO,8,E01016901,0,1
2024451510658,2024,451510658,1,9,0,-1,9,7,5,-1,0,0,0,0,0,0,4,1,-1,9,2,31,6,1580,8,1,KIA NIRO,8,E01034286,0,1
2024991410892,2024,991410892,1,9,0,-1,19,6,2,-1,0,0,0,0,0,0,4,1,-1,2,1,38,7,-1,3,4,KIA NIRO,-1,-1,0,-1
2024201397674,2024,201397674,2,9,0,-1,19,5,1,-1,0,0,0,0,0,0,1,1,-1,1,1,35,6,1580,8,4,KIA NIRO,-1,-1,0,-1
2024201439989,2024,201439989,2,9,0,-1,19,2,6,-1,0,4,0,0,0,0,3,1,-1,6,2,33,6,1580,8,4,KIA NIRO,1,E01010485,0,2
2024451399191,2024,451399191,1,8,0,-1,3,2,7,-1,0,0,0,0,0,0,2,1,-1,9,1,40,7,-1,3,1,KIA NIRO,-1,-1,0,-1
2024101467729,2024,101467729,3,9,0,-1,3,3,7,-1,0,0,0,0,0,0,2,1,-1,6,1,75,10,-1,3,0,KIA NIRO,1,E01008289,0,1
2024411533989,2024,411533989,1,9,0,-1,5,1,5,-1,9,0,0,0,0,0,1,1,-1,6,2,-1,-1,1580,8,5,KIA NIRO,-1,-1,0,-1
2024991499697,2024,991499697,2,9,0,-1,19,1,5,-1,0,0,0,11,0,0,1,1,-1,9,1,67,10,1580,8,4,KIA NIRO,8,-1,0,4
2024421473652,2024,421473652,1,9,0,-1,19,8,4,-1,0,0,0,0,0,0,1,1,-1,6,1,-1,-1,1580,8,2,KIA NIRO,-1,-1,0,-1
2024010549789,2024,010549789,2,8,0,99,99,9,9,99,99,6,9,99,9,99,1,9,6,6,3,-1,-1,1580,8,4,KIA NIRO,3,E01035668,0,2
2024010522351,2024,010522351,2,9,0,2,2,0,0,0,0,0,0,0,0,0,2,1,6,6,3,-1,-1,1580,8,8,KIA NIRO,-1,-1,0,-1
2024421450875,2024,421450875,2,9,0,-1,5,1,3,-1,0,2,0,0,0,0,3,1,-1,9,1,52,8,-1,3,4,KIA NIRO,7,E01029899,0,3
2024411462586,2024,411462586,1,9,0,-1,10,1,3,-1,0,1,0,0,0,0,2,1,-1,2,1,53,8,1580,8,2,KIA NIRO,6,E01023798,0,1
2024010536160,2024,010536160,4,9,0,3,3,4,8,0,0,0,0,0,0,0,1,1,6,6,1,-1,-1,1580,8,0,KIA NIRO,3,E01002506,0,3
2024010545234,2024,010545234,1,9,0,18,19,3,7,0,0,1,5,4,7,0,1,1,6,6,2,81,11,1580,8,4,KIA NIRO,8,E01000420,0,3
2024311493818,2024,311493818,2,9,0,-1,2,5,1,-1,0,0,0,0,0,0,2,1,-1,1,1,35,6,1580,8,2,KIA NIRO,3,E01013828,0,2
2024010550643,2024,010550643,1,9,0,1,1,1,5,0,0,0,0,0,0,0,2,1,6,6,2,53,8,-1,3,0,KIA NIRO,-1,-1,0,-1
2024622400673,2024,622400673,1,9,0,18,19,8,4,0,0,0,0,0,1,1,4,1,6,6,2,70,10,1580,8,0,KIA NIRO,1,W01000975,0,1
2024501439396,2024,501439396,1,9,0,-1,9,1,6,-1,0,6,0,0,1,0,1,1,-1,9,2,25,5,1580,8,5,KIA NIRO,7,E01035287,0,5
2024520002864,2024,520002864,1,9,0,18,19,6,2,0,0,0,0,0,0,0,1,1,6,6,1,87,11,1580,8,4,KIA NIRO,6,E01014459,0,2
2024010503851,2024,010503851,2,9,0,99,99,9,9,99,99,9,9,99,9,99,9,9,6,6,3,-1,-1,-1,3,2,KIA NIRO,-1,-1,0,-1
2024430578540,2024,430578540,2,9,0,18,19,7,3,0,0,0,0,0,0,0,1,1,6,6,1,60,9,1580,8,0,KIA NIRO,4,E01017790,0,1
2024141488730,2024,141488730,1,9,0,-1,19,1,6,-1,0,0,0,0,0,0,1,1,-1,1,1,39,7,-1,3,1,KIA NIRO,8,E01007918,0,2
2024010539019,2024,010539019,1,9,0,18,19,7,3,0,0,2,0,0,0,0,1,1,1,1,1,49,8,-1,3,3,KIA NIRO,2,E01003087,0,2
2024010541854,2024,010541854,1,9,0,6,6,5,5,0,0,0,0,0,0,0,1,1,6,6,1,54,8,-1,3,1,KIA NIRO,4,E01001739,0,2
2024010548004,2024,010548004,1,9,0,18,19,1,5,0,0,0,0,0,0,0,0,1,1,1,1,44,7,-1,3,3,KIA NIRO,3,E01003992,0,1
2024052401815,2024,052401815,1,8,0,5,5,5,1,0,0,0,0,0,0,0,4,1,1,1,1,47,8,1580,8,4,KIA NIRO,5,E01007099,0,2
2024010512623,2024,010512623,1,8,0,99,99,9,9,99,99,9,9,99,9,99,1,9,1,1,1,36,7,-1,3,3,KIA NIRO,5,E01023936,0,4
2024010522254,2024,010522254,1,9,0,99,99,9,9,99,99,6,9,99,9,99,9,9,6,6,3,-1,-1,-1,3,3,KIA NIRO,-1,-1,0,-1
2024010528082,2024,010528082,1,8,0,7,7,3,6,0,0,5,0,0,0,0,4,1,1,1,1,47,8,1580,8,5,KIA NIRO,2,E01034472,0,4
2024131504037,2024,131504037,5,9,0,-1,2,0,0,-1,0,0,0,0,0,0,4,1,-1,6,-1,-1,-1,1580,8,5,KIA NIRO,-1,-1,0,-1
2024430613036,2024,430613036,2,9,0,18,19,6,2,0,0,8,0,0,0,0,3,1,6,6,2,56,9,-1,3,4,KIA NIRO,7,E01016509,0,1
2024430131289,2024,430131289,1,8,0,18,19,8,4,0,0,0,0,0,0,0,4,1,1,1,1,-1,-1,-1,3,2,KIA NIRO,-1,-1,0,-1
202454A477424,2024,54A477424,2,9,0,18,19,8,4,0,0,1,0,0,0,0,1,1,1,1,1,35,6,1580,8,2,KIA NIRO,8,E01030422,0,4
2024010523146,2024,010523146,2,9,0,99,99,9,9,99,99,9,9,99,9,99,1,9,6,6,3,-1,-1,-1,3,4,KIA NIRO,-1,-1,0,-1
2024451427142,2024,451427142,1,9,0,-1,5,1,5,-1,0,0,0,0,0,0,1,1,-1,9,2,53,8,-1,3,3,KIA NIRO,9,E01031000,0,1
2024010536712,2024,010536712,1,9,0,2,2,0,0,0,0,0,0,0,0,0,2,1,6,6,3,-1,-1,-1,3,2,KIA NIRO,-1,-1,0,-1
2024041448357,2024,041448357,1,9,0,-1,19,1,5,-1,0,0,0,0,0,0,1,1,-1,9,2,27,6,1580,8,2,KIA NIRO,1,E01005094,0,4
2024131433604,2024,131433604,2,9,0,-1,2,0,0,-1,9,0,0,0,0,0,4,1,-1,6,-1,-1,-1,1580,8,2,KIA NIRO,-1,-1,0,-1
2024440387601,2024,440387601,2,9,0,18,19,6,2,0,0,8,0,0,1,0,3,1,6,6,2,43,7,-1,3,3,KIA NIRO,7,E01023225,0,2
2024361415399,2024,361415399,1,9,0,-1,7,-1,-1,-1,0,1,0,0,0,0,1,9,-1,6,2,-1,-1,-1,3,0,KIA NIRO,-1,-1,0,-1
2024010516205,2024,010516205,1,9,0,9,9,5,3,0,0,1,0,0,0,0,1,1,2,2,1,34,6,-1,3,4,KIA NIRO,2,E01000951,0,2
2024010526772,2024,010526772,1,9,0,18,19,3,7,0,0,1,0,0,0,0,1,1,1,1,1,49,8,1580,8,5,KIA NIRO,8,E01000886,0,1
2024010529604,2024,010529604,1,9,0,9,9,1,7,0,0,8,0,0,0,0,1,1,1,1,1,38,7,-1,3,2,KIA NIRO,2,E01003266,0,3
2024131530643,2024,131530643,2,9,0,-1,19,7,3,-1,0,0,0,0,0,0,2,1,-1,2,1,22,5,1580,8,2,KIA NIRO,4,E01005943,0,3