collision_index,collision_year,collision_ref_no,vehicle_reference,vehicle_type,towing_and_articulation,vehicle_manoeuvre_historic,vehicle_manoeuvre,vehicle_direction_from,vehicle_direction_to,vehicle_location_restricted_lane_historic,vehicle_location_restricted_lane,junction_location,skidding_and_overturning,hit_object_in_carriageway,vehicle_leaving_carriageway,hit_object_off_carriageway,first_point_of_impact,vehicle_left_hand_drive,journey_purpose_of_driver_historic,journey_purpose_of_driver,sex_of_driver,age_of_driver,age_band_of_driver,engine_capacity_cc,propulsion_code,age_of_vehicle,generic_make_model,driver_imd_decile,lsoa_of_driver,escooter_flag,driver_distance_banding
2024461449140,2024,461449140,2,9,0,-1,19,1,1,-1,0,0,0,0,0,0,1,1,-1,6,1,53,8,-1,3,2,KIA NIRO,5,E01000443,0,1
2024010517893,2024,010517893,1,9,0,18,19,9,9,99,99,0,9,99,9,99,9,9,2,2,1,35,6,1580,8,6,KIA NIRO,5,E01003666,0,1
2024411493458,2024,411493458,1,9,0,-1,19,7,2,-1,0,0,0,0,0,0,1,1,-1,6,1,55,8,-1,3,4,KIA NIRO,5,E01000038,0,4
2024061477119,2024,061477119,2,9,0,-1,2,0,0,-1,0,0,0,0,0,0,1,1,-1,6,-1,-1,-1,-1,3,2,KIA NIRO,-1,-1,0,-1
2024461435358,2024,461435358,2,8,0,-1,3,7,3,-1,0,0,0,0,0,0,2,1,-1,1,1,36,7,1580,8,6,KIA NIRO,3,E01035284,0,1
2024111460417,2024,111460417,1,9,0,-1,4,3,6,-1,0,1,0,0,0,0,1,1,-1,6,2,45,7,-1,3,5,KIA NIRO,6,E01012338,0,1
2024010538936,2024,010538936,2,9,0,5,5,7,3,5,5,1,0,10,2,10,3,1,6,6,1,58,9,-1,3,3,KIA NIRO,6,E01003755,0,2
2024010551056,2024,010551056,2,8,0,3,3,9,9,0,0,0,0,99,0,0,1,9,1,1,1,48,8,1580,8,4,KIA NIRO,4,E01024258,0,4
2024461425924,2024,461425924,2,9,0,-1,9,3,1,-1,0,0,0,0,0,0,1,1,-1,9,2,52,8,1580,8,2,KIA NIRO,6,E01024152,0,1
2024221462640,2024,221462640,1,9,0,-1,7,3,5,-1,0,6,0,0,0,0,1,9,-1,6,1,64,9,-1,3,1,KIA NIRO,7,E01028995,0,4
2024332400949,2024,332400949,1,9,0,-1,13,7,3,-1,0,8,0,0,0,0,1,1,-1,1,1,53,8,1580,8,1,KIA NIRO,1,E01009539,0,4
2024320101253,2024,320101253,2,9,0,2,2,0,0,0,0,0,1,0,1,4,2,1,6,6,3,-1,-1,1580,8,8,KIA NIRO,-1,-1,0,-1
2024010531080,2024,010531080,2,9,0,99,99,9,9,99,99,9,9,99,9,99,9,9,6,6,3,-1,-1,-1,3,3,KIA NIRO,-1,-1,0,-1
2024010516753,2024,010516753,1,8,0,18,19,1,5,0,0,5,0,0,0,0,1,1,1,1,1,38,7,-1,3,2,KIA NIRO,5,E01033921,0,2
2024071089663,2024,071089663,1,9,0,-1,9,5,3,-1,0,2,0,0,0,0,1,1,-1,6,1,46,8,-1,3,0,KIA NIRO,9,E01006192,0,2
2024461413767,2024,461413767,1,8,0,-1,19,7,3,-1,0,0,0,0,0,0,1,1,-1,1,1,39,7,1580,8,6,KIA NIRO,1,E01024278,0,2
2024052400804,2024,052400804,3,9,0,2,2,0,0,0,0,0,0,0,0,0,2,1,6,6,3,-1,-1,1580,8,4,KIA NIRO,-1,-1,0,-1
2024010541141,2024,010541141,2,9,0,99,99,9,9,99,99,9,9,99,9,99,1,9,6,6,3,-1,-1,1580,8,4,KIA NIRO,-1,-1,0,-1
2024010523781,2024,010523781,2,9,0,18,19,7,3,2,2,1,0,0,0,0,1,1,1,1,1,28,6,1580,8,5,KIA NIRO,5,E01002344,0,1
2024061532287,2024,061532287,1,9,0,-1,15,1,5,-1,0,1,0,0,0,0,4,1,-1,6,2,43,7,1580,8,8,KIA NIRO,7,E01005016,0,2
2024010549499,2024,010549499,1,9,0,9,9,4,1,0,0,1,0,0,0,0,3,2,6,6,1,48,8,-1,3,3,KIA NIRO,5,E01034480,0,1
2024010526483,2024,010526483,2,8,0,11,11,3,7,0,0,6,0,0,0,0,1,1,6,6,1,28,6,-1,3,4,KIA NIRO,2,E01003190,0,3
2024010523793,2024,010523793,2,9,0,4,4,7,3,0,0,6,0,0,0,0,1,1,1,1,1,48,8,-1,3,3,KIA NIRO,5,E01030725,0,1
2024311526843,2024,311526843,1,9,0,-1,4,1,5,-1,0,0,0,0,0,0,2,1,-1,9,2,56,9,1580,8,0,KIA NIRO,3,E01035508,0,2
2024501431772,2024,501431772,2,9,0,-1,19,7,3,-1,0,0,0,0,0,0,3,9,-1,6,1,37,7,-1,3,2,KIA NIRO,8,E01032190,0,5
2024010550091,2024,010550091,1,9,9,3,3,1,5,0,0,9,0,0,0,0,2,9,6,6,1,-1,-1,1580,8,4,KIA NIRO,2,E01004574,0,4
2024451508900,2024,451508900,1,9,0,-1,10,8,4,-1,0,0,0,0,0,0,2,1,-1,9,2,45,7,-1,3,4,KIA NIRO,8,E01030393,0,1
2024131431475,2024,131431475,2,9,0,-1,5,7,3,-1,0,5,0,0,3,0,1,1,-1,9,1,79,11,1580,8,5,KIA NIRO,5,E01011078,0,2
2024041518834,2024,041518834,3,9,0,-1,4,5,1,-1,0,1,0,0,0,0,2,1,-1,6,1,74,10,1580,8,2,KIA NIRO,8,E01025513,0,2
2024010541306,2024,010541306,2,8,0,9,9,7,4,0,0,5,0,0,0,0,3,1,1,1,1,43,7,1580,8,5,KIA NIRO,8,E01001534,0,1
2024461413049,2024,461413049,1,9,0,-1,3,7,3,-1,0,0,0,0,0,0,2,1,-1,1,2,27,6,-1,3,3,KIA NIRO,6,E01024332,0,1
2024991481283,2024,991481283,1,9,0,-1,19,8,4,-1,0,2,5,0,0,0,1,1,-1,9,1,69,10,-1,3,4,KIA NIRO,9,-1,0,1
2024010530634,2024,010530634,1,9,0,99,99,9,9,99,99,9,9,99,9,99,2,9,6,6,2,37,7,1580,8,4,KIA NIRO,5,E01003661,0,1
2024010538113,2024,010538113,1,8,9,99,99,9,9,99,99,9,9,99,9,99,9,9,6,6,1,42,7,-1,3,4,KIA NIRO,2,E01033604,0,1
2024010516015,2024,010516015,1,9,0,3,3,8,4,0,0,0,0,0,0,0,0,1,2,2,1,51,8,-1,3,2,KIA NIRO,7,E01004749,0,1
2024411421872,2024,411421872,1,9,-1,-1,-1,-1,-1,-1,-1,0,-1,-1,-1,0,1,9,-1,9,1,80,11,-1,3,2,KIA NIRO,9,E01023525,0,1
2024411479553,2024,411479553,2,9,-1,-1,-1,-1,-1,-1,-1,0,-1,-1,-1,0,-1,9,-1,6,3,-1,-1,1580,8,7,KIA NIRO,-1,-1,0,-1
2024991514796,2024,991514796,1,9,0,-1,5,6,2,-1,0,0,0,0,0,0,2,1,-1,9,2,28,6,1580,8,0,KIA NIRO,2,-1,0,1
2024010495549,2024,010495549,2,9,0,99,99,9,9,99,99,9,9,99,9,99,1,9,6,6,3,-1,-1,1580,8,3,KIA NIRO,3,E01003988,0,3
2024010515118,2024,010515118,1,9,0,18,19,3,7,0,0,0,0,10,0,0,1,1,6,6,2,29,6,1580,8,2,KIA NIRO,1,E01002093,0,1
2024070196192,2024,070196192,2,9,0,18,19,1,5,0,0,1,0,0,0,0,3,1,2,2,2,46,8,-1,3,1,KIA NIRO,-1,-1,0,-1
2024451401010,2024,451401010,2,9,0,-1,4,2,6,-1,0,0,0,0,0,0,2,1,-1,1,1,36,7,1580,8,5,KIA NIRO,6,E01002955,0,3
2024010545162,2024,010545162,2,9,0,3,3,5,1,0,0,1,0,0,0,0,2,1,1,1,1,62,9,-1,3,3,KIA NIRO,3,E01003917,0,1
2024371440790,2024,371440790,2,9,0,-1,19,1,5,-1,0,1,0,0,0,0,1,1,-1,6,1,65,9,1580,8,3,KIA NIRO,10,E01024441,0,5
2024010544381,2024,010544381,2,9,9,5,5,9,9,99,99,9,9,99,9,99,9,9,6,6,3,-1,-1,1580,8,4,KIA NIRO,-1,-1,0,-1
2024440439347,2024,440439347,3,9,0,18,19,7,3,0,0,8,0,0,0,0,1,1,2,2,2,58,9,-1,3,3,KIA NIRO,6,E01034063,0,1
2024052402306,2024,052402306,1,8,0,9,9,4,2,0,0,8,0,0,0,0,1,1,1,1,1,24,5,1580,8,6,KIA NIRO,1,E01034401,0,1
2024010502669,2024,010502669,1,8,0,99,99,9,9,99,99,9,9,99,9,99,2,9,1,1,1,34,6,-1,3,1,KIA NIRO,1,E01002081,0,1
2024451535376,2024,451535376,1,9,0,-1,19,3,7,-1,0,0,0,0,0,0,2,1,-1,6,2,56,9,1580,8,0,KIA NIRO,9,E01000648,0,4
2024052400950,2024,052400950,1,9,0,18,19,2,6,0,0,0,0,0,0,0,1,1,1,1,1,42,7,1580,8,5,KIA NIRO,1,E01006700,0,1
2024010510327,2024,010510327,2,9,0,9,9,4,2,0,0,8,0,0,0,0,3,1,1,1,1,44,7,-1,3,2,KIA NIRO,-1,-1,0,-1
2024010510741,2024,010510741,2,8,0,99,99,9,9,99,99,0,9,99,9,99,9,9,6,6,3,-1,-1,-1,3,2,KIA NIRO,-1,-1,0,-1
2024122401275,2024,122401275,2,9,0,17,19,1,5,0,0,0,0,0,0,0,1,1,6,6,1,41,7,1580,8,1,KIA NIRO,-1,-1,0,-1
2024010547997,2024,010547997,3,9,0,2,2,0,0,0,0,0,0,0,0,0,2,1,6,6,3,-1,-1,1580,8,3,KIA NIRO,-1,-1,0,-1
2024010514700,2024,010514700,1,9,0,99,99,9,9,99,99,9,9,99,9,99,9,9,2,2,1,34,6,1580,8,3,KIA NIRO,4,E01002393,0,1
2024211426461,2024,211426461,2,9,0,-1,3,2,6,-1,0,1,0,0,0,0,2,1,-1,9,1,39,7,1580,8,3,KIA NIRO,3,E01029437,0,1
2024010551294,2024,010551294,2,9,0,-1,-1,5,1,0,0,8,0,0,0,0,1,1,6,6,1,48,8,-1,3,1,KIA NIRO,4,E01002444,0,2
2024010517906,2024,010517906,2,9,0,5,5,5,1,0,0,0,0,0,0,0,1,1,6,6,1,18,4,1580,8,2,KIA NIRO,2,E01004088,0,2
2024070402607,2024,070402607,2,9,0,4,4,3,7,0,0,0,0,0,1,0,1,1,2,2,1,49,8,1580,8,2,KIA NIRO,7,-1,0,5
2024010551035,2024,010551035,1,9,0,3,3,5,1,4,4,2,0,0,0,0,0,1,1,1,1,33,6,-1,3,2,KIA NIRO,-1,-1,0,-1
2024010506903,2024,010506903,2,9,0,9,9,3,1,0,0,6,0,0,0,0,1,2,6,6,1,49,8,-1,3,3,KIA NIRO,1,E01002853,0,1
2024010502908,2024,010502908,2,9,0,99,99,9,9,99,99,6,9,99,9,99,9,9,6,6,3,-1,-1,1580,8,3,KIA NIRO,3,E01001938,0,1
2024010530155,2024,010530155,2,8,0,99,99,9,9,99,99,9,9,99,9,99,1,9,6,6,3,-1,-1,-1,3,3,KIA NIRO,2,E01004340,0,3
2024010539701,2024,010539701,2,8,0,99,99,9,9,99,99,9,9,99,9,99,1,9,6,6,3,40,7,-1,3,3,KIA NIRO,2,E01002840,0,2
2024451421848,2024,451421848,2,9,0,-1,6,1,5,-1,0,4,0,0,0,0,4,1,-1,2,1,43,7,-1,3,4,KIA NIRO,6,E01002601,0,2
2024041518577,2024,041518577,3,9,0,-1,10,4,8,-1,0,4,0,0,0,0,2,1,-1,2,2,39,7,1580,8,3,KIA NIRO,9,E01012598,0,3
2024041522264,2024,041522264,1,9,0,-1,19,3,7,-1,0,1,0,0,0,0,1,1,-1,1,1,51,8,1580,8,1,KIA NIRO,2,E01012580,0,3
2024010489149,2024,010489149,3,9,0,18,19,6,2,0,0,1,0,0,0,0,1,1,2,2,1,24,5,1580,8,3,KIA NIRO,3,E01035673,0,1
2024451424079,2024,451424079,2,9,0,-1,19,5,1,-1,0,1,0,0,0,0,1,1,-1,1,1,50,8,1580,8,4,KIA NIRO,3,E01030385,0,1
2024430501487,2024,430501487,1,9,0,9,9,7,5,-1,-1,6,0,0,0,0,1,1,6,6,1,23,5,-1,3,4,KIA NIRO,10,E01017401,0,3
2024221439809,2024,221439809,1,9,0,-1,7,3,5,-1,0,6,0,0,0,0,1,9,-1,1,2,47,8,1580,8,1,KIA NIRO,5,E01014045,0,1
2024131483869,2024,131483869,2,9,0,-1,4,7,3,-1,0,0,0,0,0,0,2,1,-1,6,1,49,8,-1,3,4,KIA NIRO,8,E01032491,0,1
2024351444025,2024,351444025,1,9,-1,-1,-1,-1,-1,-1,-1,0,-1,-1,-1,0,-1,9,-1,6,3,-1,-1,-1,3,2,KIA NIRO,-1,-1,0,-1
2024010521226,2024,010521226,2,9,0,18,19,3,7,0,0,4,0,0,0,0,1,1,6,6,1,68,10,1580,8,7,KIA NIRO,4,E01001261,0,1
2024131462473,2024,131462473,2,9,0,-1,19,3,5,-1,0,0,0,0,1,0,0,1,-1,1,1,48,8,-1,3,3,KIA NIRO,1,E01010735,0,1
2024401495873,2024,401495873,3,9,0,-1,2,0,0,-1,-1,1,0,0,0,0,2,1,-1,6,-1,-1,-1,1580,8,3,KIA NIRO,-1,-1,0,-1
2024461411084,2024,461411084,1,9,0,-1,19,6,2,-1,0,0,0,0,0,0,1,1,-1,9,1,44,7,-1,3,4,KIA NIRO,7,E01032817,0,1
2024061501747,2024,061501747,2,8,0,-1,3,1,1,-1,99,0,9,99,0,0,9,1,-1,6,3,30,6,1580,8,3,KIA NIRO,-1,-1,0,-1
2024041404470,2024,041404470,2,9,0,-1,19,8,6,-1,0,0,0,0,0,0,2,1,-1,9,2,63,9,-1,3,3,KIA NIRO,6,E01027560,0,4
2024320756507,2024,320756507,2,9,0,-1,-1,4,8,0,0,1,0,0,0,0,1,1,-1,-1,2,63,9,-1,3,3,KIA NIRO,3,E01026183,0,2
2024010517879,2024,010517879,2,9,0,10,10,7,5,0,0,8,0,0,0,0,1,1,6,6,1,60,9,1580,8,5,KIA NIRO,7,E01002675,0,1
2024101516495,2024,101516495,1,9,0,-1,19,5,1,-1,0,0,0,0,0,0,1,1,-1,6,1,43,7,-1,3,3,KIA NIRO,8,E01027499,0,1
2024010526152,2024,010526152,2,9,0,18,19,1,5,0,0,2,0,0,0,0,4,1,6,6,1,45,7,1580,8,6,KIA NIRO,6,E01002556,0,4
2024451492371,2024,451492371,2,9,0,-1,7,1,5,-1,0,1,0,0,0,0,1,2,-1,1,1,69,10,1580,8,6,KIA NIRO,5,E01030748,0,2
2024302401281,2024,302401281,1,9,0,18,19,8,4,0,0,0,5,0,1,4,4,1,6,6,1,33,6,1580,8,6,KIA NIRO,9,E01019734,0,1
2024440322439,2024,440322439,2,9,0,7,7,1,7,0,0,5,0,0,0,0,4,1,6,6,2,49,8,1580,8,7,KIA NIRO,9,E01022727,0,1
2024010516343,2024,010516343,3,9,0,18,19,7,3,0,0,3,0,0,0,0,1,1,6,6,1,31,6,1580,8,3,KIA NIRO,5,E01003740,0,2
2024041433736,2024,041433736,1,9,0,-1,19,8,4,-1,0,0,0,0,0,0,1,1,-1,1,1,26,6,1580,8,6,KIA NIRO,1,E01012683,0,1
2024451427844,2024,451427844,3,9,0,-1,19,3,7,-1,0,0,0,0,0,0,0,9,-1,1,1,53,8,1580,8,5,KIA NIRO,5,E01030995,0,1
2024531442385,2024,531442385,2,9,0,-1,19,5,1,-1,0,0,0,0,0,0,1,1,-1,2,1,60,9,1580,8,0,KIA NIRO,9,E01022306,0,1
2024010526655,2024,010526655,2,9,9,99,99,9,9,99,99,9,9,99,9,99,9,9,6,6,1,82,11,1580,8,2,KIA NIRO,2,E01000085,0,1
2024461512240,2024,461512240,1,9,0,-1,19,2,5,-1,0,4,0,0,0,0,1,1,-1,9,2,43,7,1580,8,0,KIA NIRO,8,E01024575,0,1
2024421401369,2024,421401369,2,9,0,-1,19,3,7,-1,0,0,0,0,1,0,3,1,-1,6,1,64,9,1580,8,6,KIA NIRO,7,E01021904,0,1
2024451499283,2024,451499283,2,9,0,-1,12,3,1,-1,0,0,0,0,0,0,3,9,-1,6,1,64,9,1580,8,0,KIA NIRO,5,E01024749,0,4
2024461526066,2024,461526066,2,9,0,-1,19,1,5,-1,0,1,0,0,0,0,3,9,-1,2,1,31,6,1580,8,7,KIA NIRO,6,E01024267,0,1
2024161523880,2024,161523880,1,9,0,-1,19,7,3,-1,0,0,0,0,0,0,1,1,-1,6,1,68,10,1580,8,2,KIA NIRO,3,E01013156,0,1
2024131478461,2024,131478461,1,9,0,-1,19,3,7,-1,0,0,0,0,0,0,2,1,-1,1,2,64,9,1580,8,6,KIA NIRO,8,E01011520,0,1
2024302400951,2024,302400951,2,9,0,4,4,6,2,0,0,2,0,0,0,0,2,1,6,6,1,51,8,1580,8,1,KIA NIRO,7,E01029781,0,4
2024430309289,2024,430309289,2,9,0,3,3,3,7,0,0,1,0,0,0,0,2,1,6,6,1,50,8,-1,3,5,KIA NIRO,2,E01016480,0,2
2024131395269,2024,131395269,1,9,0,-1,19,8,4,-1,0,2,0,0,0,0,3,1,-1,9,1,79,11,1580,8,4,KIA NIRO,1,E01010710,0,3
2024010532295,2024,010532295,1,8,0,5,5,5,1,0,0,1,0,0,0,0,1,1,1,1,1,37,7,-1,3,3,KIA NIRO,1,E01014269,0,5
2024010501258,2024,010501258,1,8,0,7,7,1,2,0,0,5,0,0,0,0,4,1,1,1,1,52,8,-1,3,3,KIA NIRO,6,E01002410,0,4
2024010518473,2024,010518473,3,9,0,99,99,9,9,99,99,9,9,99,9,99,2,9,6,6,3,-1,-1,1580,8,2,KIA NIRO,-1,-1,0,-1
2024131422038,2024,131422038,1,9,0,-1,19,5,1,-1,0,1,0,0,0,0,3,1,-1,2,2,48,8,1580,8,4,KIA NIRO,3,E01011154,0,1
2024421448488,2024,421448488,1,9,0,-1,9,7,5,-1,0,8,0,0,0,0,3,1,-1,9,1,51,8,1580,8,7,KIA NIRO,-1,-1,0,-1
2024451421553,2024,451421553,4,9,0,-1,19,7,3,-1,0,0,0,0,0,0,1,1,-1,2,1,48,8,-1,3,2,KIA NIRO,9,E01004115,0,2
2024052400297,2024,052400297,1,9,0,18,19,8,4,0,0,1,0,0,0,0,1,1,1,1,1,40,7,1580,8,2,KIA NIRO,1,E01006696,0,1
2024010525300,2024,010525300,1,9,0,18,19,1,5,0,0,0,0,0,0,0,1,1,1,1,1,41,7,-1,3,2,KIA NIRO,5,E01021848,0,4
2024991509607,2024,991509607,1,8,0,-1,5,1,5,-1,0,0,0,0,0,0,0,1,-1,1,1,54,8,1580,8,3,KIA NIRO,4,-1,0,1
2024010533764,2024,010533764,2,9,0,99,99,9,9,99,99,9,9,99,9,99,9,9,6,6,3,58,9,1580,8,7,KIA NIRO,2,E01033584,0,2
2024010509677,2024,010509677,1,8,0,16,19,1,5,0,0,2,0,0,0,0,1,1,1,1,1,35,6,-1,3,2,KIA NIRO,2,E01003304,0,2
2024010532050,2024,010532050,3,9,0,18,19,1,5,0,0,2,0,0,0,0,1,1,6,6,1,50,8,1580,8,2,KIA NIRO,3,E01035660,0,2
2024340WN5742,2024,340WN5742,1,9,0,-1,7,1,3,-1,0,1,0,0,0,0,4,1,-1,6,1,-1,-1,1580,8,0,KIA NIRO,-1,-1,0,-1
2024010519825,2024,010519825,2,9,0,5,5,7,3,0,0,2,0,0,0,0,1,1,2,2,1,39,7,-1,3,1,KIA NIRO,2,E01002281,0,4
2024010503552,2024,010503552,3,9,0,14,14,1,5,0,0,1,0,0,0,0,3,1,1,1,2,54,8,1580,8,2,KIA NIRO,5,E01033727,0,1
2024070593173,2024,070593173,1,8,0,5,5,5,1,0,0,0,0,0,0,0,4,1,1,1,1,-1,-1,1798,3,4,KIA NIRO,-1,-1,0,-1
202460Q144235,2024,60Q144235,1,9,0,18,19,4,8,0,0,0,0,0,0,0,1,1,6,6,1,68,10,1580,8,5,KIA NIRO,-1,-1,0,-1
2024010517162,2024,010517162,1,9,0,18,19,1,5,0,0,1,0,0,0,0,1,1,6,6,1,33,6,1580,8,6,KIA NIRO,1,E01001013,0,2
2024010536995,2024,010536995,1,8,0,99,99,9,9,99,99,9,9,8,9,99,1,9,6,6,1,37,7,-1,3,2,KIA NIRO,4,E01016003,0,4
2024010520212,2024,010520212,2,9,0,99,99,9,9,99,99,9,9,99,9,99,9,9,6,6,3,-1,-1,-1,3,3,KIA NIRO,4,E01002593,0,4
2024501522589,2024,501522589,1,9,0,-1,3,3,7,-1,0,0,0,0,0,0,1,1,-1,6,1,78,11,1580,8,1,KIA NIRO,9,E01020210,0,1
2024131400654,2024,131400654,2,9,0,-1,2,1,1,-1,0,8,0,0,0,0,2,1,-1,1,1,31,6,1580,8,3,KIA NIRO,3,E01011314,0,2
2024010542765,2024,010542765,1,9,0,18,19,1,5,0,0,4,0,0,0,0,1,1,2,2,1,49,8,-1,3,2,KIA NIRO,2,E01003986,0,1
2024010521082,2024,010521082,2,8,0,3,3,1,5,3,2,0,0,0,0,0,4,1,1,1,1,35,6,1580,8,0,KIA NIRO,3,E01003564,0,3
2024411453850,2024,411453850,2,9,0,-1,2,0,0,-1,0,0,0,0,0,0,1,1,-1,6,-1,-1,-1,1580,8,3,KIA NIRO,-1,-1,0,-1
2024010500712,2024,010500712,1,8,0,3,3,7,3,0,0,2,0,0,7,99,2,9,1,1,1,63,9,-1,3,2,KIA NIRO,2,E01000106,0,3
2024010531619,2024,010531619,1,9,0,18,19,1,5,0,0,1,0,0,0,0,1,1,1,1,1,54,8,-1,3,2,KIA NIRO,4,E01002130,0,3
2024052402570,2024,052402570,1,9,0,18,19,4,8,0,0,0,0,0,0,0,1,1,6,6,1,32,6,1580,8,3,KIA NIRO,2,E01006783,0,1
2024131521776,2024,131521776,1,9,0,-1,19,3,7,-1,0,2,0,0,0,0,1,1,-1,1,1,66,10,1580,8,3,KIA NIRO,3,E01011035,0,1
2024031417266,2024,031417266,1,9,0,-1,19,6,1,-1,0,1,0,0,0,0,1,1,-1,1,1,44,7,-1,3,0,KIA NIRO,3,E01019126,0,3
2024991404019,2024,991404019,1,9,0,-1,5,7,5,-1,0,1,0,0,0,0,1,1,-1,9,2,48,8,1580,8,2,KIA NIRO,2,-1,0,3
2024991445098,2024,991445098,1,9,0,-1,9,4,1,-1,0,4,0,0,0,0,1,1,-1,9,2,45,7,-1,3,1,KIA NIRO,4,-1,0,1
2024010538829,2024,010538829,1,9,0,18,19,2,6,0,0,0,0,0,0,0,1,1,6,6,1,65,9,-1,3,3,KIA NIRO,2,E01035676,0,1
2024481561738,2024,481561738,1,8,0,-1,9,7,5,-1,0,1,0,0,0,0,3,1,-1,1,1,50,8,-1,3,2,KIA NIRO,-1,-1,0,-1
2024101512531,2024,101512531,1,9,0,-1,1,2,6,-1,9,0,0,0,0,0,2,9,-1,6,1,67,10,1580,8,1,KIA NIRO,5,E01008740,0,1
2024161459690,2024,161459690,2,9,0,-1,19,4,8,-1,0,1,0,0,0,0,1,9,-1,6,1,-1,-1,1580,8,1,KIA NIRO,-1,-1,0,-1
2024010541973,2024,010541973,1,9,0,99,99,9,9,99,99,9,9,99,9,99,2,9,1,1,1,24,5,1580,8,6,KIA NIRO,5,E01004631,0,1
2024010531653,2024,010531653,2,5,0,13,13,5,1,0,0,8,2,0,0,0,1,1,6,6,1,25,5,1580,8,0,KIA NIRO,3,E01000511,0,2
2024041436780,2024,041436780,2,9,0,-1,19,1,5,-1,0,1,1,0,0,0,3,1,-1,1,1,54,8,1580,8,6,KIA NIRO,1,E01012746,0,1
2024010513222,2024,010513222,1,9,0,99,99,9,9,99,99,0,9,99,9,99,1,9,1,1,1,45,7,-1,3,4,KIA NIRO,6,E01003653,0,1
2024010525521,2024,010525521,1,9,0,9,9,3,1,0,0,8,0,0,0,0,1,1,6,6,1,46,8,-1,3,1,KIA NIRO,4,E01004270,0,1
2024010509022,2024,010509022,1,9,0,7,7,1,3,0,0,1,0,0,0,0,1,1,1,1,1,59,9,1580,8,6,KIA NIRO,3,E01001448,0,2
2024010515777,2024,010515777,1,9,0,7,7,3,5,0,0,1,0,0,0,0,4,1,6,6,1,42,7,-1,3,3,KIA NIRO,5,E01000338,0,3
2024451478899,2024,451478899,1,9,0,-1,19,1,5,-1,0,0,0,0,8,0,1,1,-1,9,1,68,10,-1,3,0,KIA NIRO,8,E01030877,0,1
2024041468695,2024,041468695,1,9,0,-1,19,7,3,-1,0,1,0,0,0,0,1,1,-1,1,1,33,6,1580,8,6,KIA NIRO,1,E01025250,0,3
2024010546415,2024,010546415,1,9,0,18,19,3,7,0,0,8,0,0,0,0,4,1,6,6,2,63,9,1580,8,0,KIA NIRO,-1,-1,0,-1
2024471529787,2024,471529787,1,9,0,-1,9,2,7,-1,0,6,0,0,0,0,1,1,-1,9,1,76,11,-1,3,2,KIA NIRO,8,E01030823,0,1
2024411586823,2024,411586823,2,9,0,-1,19,1,5,-1,0,0,1,0,7,9,1,1,-1,6,2,51,8,1580,8,0,KIA NIRO,3,E01000176,0,3
2024052400633,2024,052400633,2,8,0,18,19,7,3,0,0,0,0,0,0,0,1,1,1,1,1,55,8,1580,8,2,KIA NIRO,1,E01007085,0,1
2024010518746,2024,010518746,1,9,0,18,19,7,3,0,0,1,0,0,0,0,1,1,6,6,3,-1,-1,-1,3,1,KIA NIRO,-1,-1,0,-1
2024010551333,2024,010551333,2,8,0,18,19,9,9,99,99,9,9,99,9,99,1,9,6,6,3,-1,-1,1580,8,0,KIA NIRO,-1,-1,0,-1
2024010487311,2024,010487311,2,8,0,18,19,7,3,0,0,8,1,0,0,0,4,1,1,1,1,63,9,1580,8,6,KIA NIRO,3,E01035643,0,2
2024010512374,2024,010512374,2,9,0,18,19,5,1,0,0,8,0,0,0,0,1,1,6,6,1,51,8,-1,3,2,KIA NIRO,2,E01004248,0,3
2024010514671,2024,010514671,2,9,0,5,5,1,5,0,0,6,0,0,3,0,4,1,6,6,1,25,5,-1,3,4,KIA NIRO,3,E01002235,0,1
2024991451891,2024,991451891,2,9,0,-1,19,4,1,-1,0,8,0,0,0,0,1,1,-1,9,2,61,9,1580,8,2,KIA NIRO,-1,-1,0,-1
2024010516502,2024,010516502,2,9,0,99,99,9,9,99,99,0,9,99,9,99,0,9,6,6,2,34,6,1580,8,4,KIA NIRO,5,E01001272,0,2
2024481563957,2024,481563957,2,8,0,-1,6,7,7,-1,0,0,0,0,0,0,3,1,-1,1,1,53,8,-1,3,2,KIA NIRO,-1,-1,0,-1
2024010508053,2024,010508053,1,9,0,99,99,9,9,99,99,0,9,99,9,99,1,9,6,6,1,55,8,-1,3,2,KIA NIRO,2,E01001553,0,1
2024501470423,2024,501470423,2,9,0,-1,19,4,8,-1,0,1,0,0,0,0,1,1,-1,9,2,81,11,-1,3,0,KIA NIRO,6,E01020312,0,1
2024421400102,2024,421400102,1,9,0,-1,19,8,5,-1,0,0,0,0,7,4,1,1,-1,6,1,36,7,1580,8,5,KIA NIRO,4,E01003722,0,1
2024010549015,2024,010549015,2,3,0,-1,-1,5,1,0,0,1,5,0,0,0,3,1,6,6,1,36,7,1580,8,6,KIA NIRO,4,E01003530,0,2
2024010526108,2024,010526108,2,8,0,3,3,1,5,0,0,0,0,0,0,0,2,1,1,1,1,29,6,-1,3,3,KIA NIRO,3,E01000578,0,4
2024122400233,2024,122400233,1,9,0,17,19,3,1,0,0,8,0,0,0,0,1,1,6,6,2,46,8,-1,3,1,KIA NIRO,3,E01027909,0,4
2024211455823,2024,211455823,1,9,0,-1,9,2,8,-1,5,8,0,0,0,0,4,1,-1,2,1,41,7,1580,8,0,KIA NIRO,4,E01009449,0,3
2024010515326,2024,010515326,2,9,0,99,99,9,9,99,99,6,9,99,9,99,9,9,6,6,3,-1,-1,-1,3,2,KIA NIRO,-1,-1,0,-1
2024411488873,2024,411488873,1,9,0,-1,9,3,1,-1,0,2,0,0,0,0,3,1,-1,2,1,63,9,-1,3,1,KIA NIRO,8,E01022092,0,4