collision_index,collision_year,collision_ref_no,vehicle_reference,vehicle_type,towing_and_articulation,vehicle_manoeuvre_historic,vehicle_manoeuvre,vehicle_direction_from,vehicle_direction_to,vehicle_location_restricted_lane_historic,vehicle_location_restricted_lane,junction_location,skidding_and_overturning,hit_object_in_carriageway,vehicle_leaving_carriageway,hit_object_off_carriageway,first_point_of_impact,vehicle_left_hand_drive,journey_purpose_of_driver_historic,journey_purpose_of_driver,sex_of_driver,age_of_driver,age_band_of_driver,engine_capacity_cc,propulsion_code,age_of_vehicle,generic_make_model,driver_imd_decile,lsoa_of_driver,escooter_flag,driver_distance_banding
2024010530128,2024,010530128,1,2,0,-1,-1,5,1,0,0,8,0,0,0,0,1,1,6,6,1,32,6,1580,8,4,KIA NIRO,2,E01034148,0,2
2024501412134,2024,501412134,1,9,0,-1,19,8,4,-1,0,1,0,0,0,0,4,9,-1,9,1,63,9,1580,8,3,KIA NIRO,1,E01018875,0,1
2024471522166,2024,471522166,2,8,0,-1,3,2,6,-1,0,0,0,0,0,0,2,1,-1,1,1,56,9,1580,8,4,KIA NIRO,7,E01031417,0,1
2024351398817,2024,351398817,1,9,0,-1,5,5,1,-1,0,0,0,0,0,0,1,1,-1,6,2,51,8,1580,8,4,KIA NIRO,2,E01022056,0,5
2024471535449,2024,471535449,2,9,0,-1,19,1,5,-1,0,0,0,0,0,0,1,1,-1,9,2,60,9,-1,3,1,KIA NIRO,2,E01021091,0,3
2024010548171,2024,010548171,2,9,0,18,19,7,3,0,0,1,0,0,0,0,3,1,1,1,1,63,9,-1,3,2,KIA NIRO,4,E01004686,0,2
2024610032524,2024,610032524,2,9,0,4,4,1,5,0,0,1,0,0,0,0,1,1,6,6,2,28,6,1580,8,0,KIA NIRO,1,E01009377,0,5
2024010538887,2024,010538887,1,9,0,9,9,8,6,0,0,8,0,0,0,0,1,1,1,1,1,65,9,-1,3,5,KIA NIRO,-1,-1,0,-1
2024010534045,2024,010534045,1,9,0,5,5,0,1,0,0,6,0,0,0,0,1,1,6,6,1,33,6,1580,8,5,KIA NIRO,3,E01001362,0,1
2024531480798,2024,531480798,2,9,0,-1,19,6,2,-1,0,1,0,0,0,0,2,1,-1,1,1,66,10,1580,8,6,KIA NIRO,1,E01020582,0,5
2024010537913,2024,010537913,2,9,0,99,99,9,9,99,99,9,9,99,9,99,9,9,6,6,3,-1,-1,-1,3,3,KIA NIRO,-1,-1,0,-1
2024451427327,2024,451427327,3,9,0,-1,4,1,5,-1,0,0,0,1,0,0,1,1,-1,9,1,69,10,1580,8,2,KIA NIRO,7,E01001106,0,2
2024010535525,2024,010535525,1,9,0,16,19,1,5,0,0,4,0,0,0,0,1,1,2,2,1,33,6,1580,8,5,KIA NIRO,3,E01003625,0,1
2024440430564,2024,440430564,2,9,0,18,19,2,6,0,0,1,0,0,0,0,1,1,6,6,2,44,7,1580,8,6,KIA NIRO,10,E01022921,0,1
2024010521350,2024,010521350,1,8,0,99,99,9,9,99,99,6,9,99,9,99,9,9,6,6,3,39,7,-1,3,3,KIA NIRO,4,E01002704,0,2
2024010510366,2024,010510366,1,9,0,18,19,1,5,99,99,9,9,99,9,99,3,1,6,6,1,43,7,-1,3,2,KIA NIRO,1,E01004670,0,1
2024010506521,2024,010506521,1,9,0,1,1,1,5,0,0,0,0,0,0,0,2,1,6,6,3,43,7,-1,3,2,KIA NIRO,3,E01001112,0,1
2024461506446,2024,461506446,1,9,0,-1,19,8,8,-1,0,0,0,0,0,0,4,1,-1,6,1,47,8,-1,3,3,KIA NIRO,10,E01024818,0,1
2024991478565,2024,991478565,1,9,0,-1,19,7,3,-1,0,0,0,0,0,0,1,1,-1,1,1,22,5,-1,3,3,KIA NIRO,-1,-1,0,-1
2024010520298,2024,010520298,2,8,0,99,99,9,9,99,99,5,9,99,9,99,9,9,6,6,3,42,7,-1,3,3,KIA NIRO,-1,-1,0,-1
2024061511732,2024,061511732,2,9,0,-1,13,2,6,-1,0,0,0,0,0,0,2,1,-1,1,1,45,7,-1,3,3,KIA NIRO,-1,-1,0,-1
2024010538431,2024,010538431,2,9,0,9,9,1,6,0,0,1,0,0,0,0,1,2,1,1,1,36,7,1580,8,3,KIA NIRO,5,E01004644,0,1
2024010508358,2024,010508358,1,9,0,99,99,9,9,99,99,9,9,99,9,99,3,1,6,6,1,74,10,-1,3,1,KIA NIRO,9,E01000894,0,1
2024451467126,2024,451467126,2,9,0,-1,9,3,3,-1,0,0,0,0,0,0,3,1,-1,1,1,54,8,1580,8,5,KIA NIRO,5,E01002666,0,2
2024440225061,2024,440225061,2,9,0,3,3,6,2,0,0,0,0,0,0,0,2,1,6,6,2,49,8,-1,3,4,KIA NIRO,6,E01035453,0,1
2024041455626,2024,041455626,2,9,0,-1,19,3,7,-1,0,0,0,0,0,0,2,1,-1,2,1,35,6,1580,8,6,KIA NIRO,3,E01024887,0,3
2024411504453,2024,411504453,2,9,0,-1,5,3,7,-1,0,0,0,11,1,1,1,1,-1,9,2,32,6,1580,8,5,KIA NIRO,7,E01023760,0,1
2024010532081,2024,010532081,1,9,0,18,19,5,1,0,0,0,0,0,0,0,2,1,6,6,1,49,8,-1,3,1,KIA NIRO,8,E01000204,0,1
2024010549116,2024,010549116,1,9,0,4,4,1,5,0,0,1,0,0,0,0,4,1,1,1,1,37,7,-1,3,4,KIA NIRO,6,E01000211,0,3
2024320703482,2024,320703482,1,9,0,9,9,8,6,0,0,8,0,0,0,0,4,1,-1,-1,2,34,6,1580,8,2,KIA NIRO,4,E01026416,0,1
2024481558138,2024,481558138,1,9,0,-1,5,7,3,-1,0,4,0,0,0,0,1,1,-1,1,1,30,6,-1,3,2,KIA NIRO,-1,-1,0,-1
2024010509292,2024,010509292,4,9,0,18,19,1,5,0,0,1,0,0,0,0,1,1,1,1,1,57,9,1580,8,5,KIA NIRO,2,E01034475,0,1
2024010500029,2024,010500029,3,9,0,3,3,5,1,0,0,0,0,0,0,0,4,1,1,1,1,44,7,-1,3,1,KIA NIRO,8,E01003709,0,4
2024052400128,2024,052400128,1,9,0,18,19,7,3,0,0,0,0,0,0,0,3,1,6,6,1,66,10,1580,8,8,KIA NIRO,3,E01006568,0,2
2024010520132,2024,010520132,1,9,0,2,2,0,0,9,9,0,0,0,0,0,0,1,6,6,3,-1,-1,-1,3,3,KIA NIRO,-1,-1,0,-1
2024201454723,2024,201454723,1,9,0,-1,19,5,1,-1,9,0,1,0,1,0,3,2,-1,6,1,29,6,1580,8,1,KIA NIRO,1,E01009192,0,1
2024010505080,2024,010505080,1,8,0,5,5,0,1,0,0,0,0,0,0,0,2,1,1,1,1,53,8,-1,3,3,KIA NIRO,4,E01016474,0,4
2024010531146,2024,010531146,2,9,0,99,99,9,9,99,99,9,9,99,9,99,9,9,6,6,3,48,8,-1,3,3,KIA NIRO,3,E01032786,0,1
2024451536436,2024,451536436,2,9,0,-1,19,1,5,-1,0,0,0,0,0,0,1,1,-1,9,2,62,9,1580,8,5,KIA NIRO,5,E01030579,0,2
2024010500180,2024,010500180,2,9,0,18,19,3,7,0,0,0,0,0,0,0,3,1,6,6,1,66,10,1580,8,1,KIA NIRO,4,E01021274,0,4
2024361441636,2024,361441636,1,9,0,-1,9,4,4,-1,0,8,0,0,0,0,4,1,-1,9,1,85,11,1580,8,7,KIA NIRO,6,E01021491,0,5
2024161531287,2024,161531287,2,9,0,-1,4,1,5,-1,0,8,0,0,0,0,1,1,-1,9,2,56,9,1580,8,6,KIA NIRO,10,E01012927,0,3
2024411528056,2024,411528056,1,9,0,-1,19,2,6,-1,0,0,0,0,0,0,1,1,-1,7,2,69,10,1580,8,5,KIA NIRO,7,E01017382,0,4
2024010542454,2024,010542454,1,9,0,5,5,3,7,0,0,0,0,7,0,0,1,1,6,6,2,42,7,-1,3,3,KIA NIRO,8,E01000649,0,1
2024061393716,2024,061393716,2,8,0,-1,19,3,7,-1,0,2,0,0,0,0,3,1,-1,1,1,45,7,1580,8,5,KIA NIRO,1,E01005166,0,1
2024010511602,2024,010511602,2,9,0,18,19,3,7,0,0,0,0,0,0,0,2,1,6,6,1,57,9,1580,8,5,KIA NIRO,7,E01002420,0,4
2024211511166,2024,211511166,2,9,0,-1,19,2,6,-1,0,6,0,0,0,0,1,1,-1,2,1,54,8,1580,8,0,KIA NIRO,-1,-1,0,-1
2024131535777,2024,131535777,1,9,0,-1,19,3,7,-1,0,0,0,0,7,11,1,1,-1,9,1,17,4,1580,8,2,KIA NIRO,10,E01011549,0,1
2024610033024,2024,610033024,1,9,0,18,19,5,1,0,0,0,1,0,1,11,1,1,6,6,2,24,5,1580,8,0,KIA NIRO,1,W01001687,0,2
2024010543872,2024,010543872,2,9,0,9,9,6,4,0,0,8,0,0,0,0,1,1,6,6,3,-1,-1,1580,8,0,KIA NIRO,-1,-1,0,-1
2024311502693,2024,311502693,1,8,0,-1,9,2,4,-1,0,6,0,0,0,0,2,1,-1,9,1,68,10,1580,8,5,KIA NIRO,-1,-1,0,-1
2024010551177,2024,010551177,1,9,0,18,19,4,8,0,0,8,0,0,0,0,3,1,1,1,1,45,7,-1,3,4,KIA NIRO,4,E01034029,0,2
2024201471349,2024,201471349,1,9,0,-1,19,7,3,-1,0,2,0,0,0,0,1,1,-1,6,2,39,7,1580,8,5,KIA NIRO,-1,-1,0,-1
2024010536049,2024,010536049,2,9,0,99,99,9,9,99,99,9,9,99,9,99,9,9,6,6,3,-1,-1,1580,8,6,KIA NIRO,-1,-1,0,-1
2024010506553,2024,010506553,1,9,0,9,9,1,7,0,0,6,0,0,0,0,1,1,6,6,1,59,9,-1,3,3,KIA NIRO,6,E01001016,0,1
2024010527903,2024,010527903,1,9,0,99,99,9,9,99,99,9,9,99,9,99,9,9,6,6,1,45,7,1580,8,7,KIA NIRO,9,E01001135,0,1
2024141513242,2024,141513242,1,9,0,-1,9,2,8,-1,0,2,0,0,0,0,3,9,-1,6,2,54,8,1580,8,2,KIA NIRO,1,E01007332,0,2
2024010521273,2024,010521273,1,8,0,99,99,9,9,99,99,9,9,99,9,99,2,9,1,1,1,62,9,-1,3,2,KIA NIRO,7,E01023335,0,2
2024430089923,2024,430089923,2,9,0,4,4,6,2,0,0,0,0,0,0,0,2,1,6,6,2,59,9,1580,8,2,KIA NIRO,8,E01028716,0,4
2024522500032,2024,522500032,2,9,0,18,19,7,3,0,0,0,0,0,0,0,1,1,6,6,1,59,9,-1,3,1,KIA NIRO,10,E01014737,0,2
2024461413033,2024,461413033,1,9,0,-1,19,4,8,-1,0,0,0,0,0,0,3,1,-1,6,1,32,6,-1,3,2,KIA NIRO,2,E01001702,0,4
2024010508273,2024,010508273,2,9,0,18,19,3,7,0,0,2,0,0,0,0,1,1,6,6,1,38,7,-1,3,2,KIA NIRO,2,E01034042,0,3
2024320277991,2024,320277991,2,9,0,2,2,0,0,0,0,0,0,0,0,0,2,1,6,6,3,-1,-1,1580,8,5,KIA NIRO,-1,-1,0,-1
2024522401975,2024,522401975,2,8,0,18,19,2,6,0,0,1,0,0,0,0,3,1,6,6,1,49,8,1580,8,2,KIA NIRO,2,E01014529,0,2
2024010524777,2024,010524777,1,9,0,9,9,8,6,0,0,8,0,0,0,0,1,1,6,6,1,23,5,1580,8,4,KIA NIRO,2,E01003246,0,1
2024010521344,2024,010521344,2,8,0,7,7,9,9,99,99,9,9,99,9,99,1,9,6,6,3,-1,-1,1580,8,4,KIA NIRO,7,E01003152,0,2
2024010536760,2024,010536760,2,9,0,18,19,5,1,0,0,8,0,0,0,0,4,2,1,1,1,51,8,-1,3,2,KIA NIRO,6,E01004370,0,3
2024010520356,2024,010520356,5,9,0,18,19,7,3,0,0,2,0,0,0,0,2,1,6,6,1,55,8,1580,8,3,KIA NIRO,5,E01002369,0,2
2024010516678,2024,010516678,2,9,0,99,99,9,9,99,99,0,9,99,9,99,9,9,6,6,3,-1,-1,-1,3,2,KIA NIRO,-1,-1,0,-1
2024010505849,2024,010505849,1,8,0,18,19,5,1,0,0,1,0,10,1,0,3,1,1,1,1,43,7,-1,3,2,KIA NIRO,3,E01001169,0,2
2024010533255,2024,010533255,2,9,0,18,19,3,7,0,0,1,0,0,0,0,1,1,1,1,1,52,8,1580,8,3,KIA NIRO,5,E01001835,0,2
2024010534003,2024,010534003,2,9,0,2,2,0,0,9,9,1,0,0,0,0,2,1,6,6,3,-1,-1,1580,8,4,KIA NIRO,-1,-1,0,-1
2024361500039,2024,361500039,1,9,0,-1,-1,-1,-1,-1,0,0,0,0,7,0,1,1,-1,9,2,67,10,1580,8,2,KIA NIRO,7,E01026910,0,1
2024541056824,2024,541056824,2,9,0,7,7,1,3,0,0,6,0,0,0,0,2,1,2,2,1,75,10,1580,8,4,KIA NIRO,9,E01032058,0,1
2024070833480,2024,070833480,1,9,0,-1,19,7,3,-1,0,0,0,4,0,0,1,1,-1,2,1,38,7,1580,8,5,KIA NIRO,3,E01012368,0,1
2024131508875,2024,131508875,2,9,0,-1,2,0,0,-1,0,8,0,0,0,0,3,1,-1,6,-1,-1,-1,-1,3,1,KIA NIRO,-1,-1,0,-1
2024010525562,2024,010525562,2,9,0,99,99,9,9,99,99,9,9,99,9,99,1,9,6,6,3,-1,-1,-1,3,2,KIA NIRO,-1,-1,0,-1
2024010538234,2024,010538234,1,8,0,99,99,9,9,99,99,0,9,99,9,99,2,9,1,1,1,44,7,-1,3,2,KIA NIRO,8,E01003676,0,2
2024010540878,2024,010540878,2,9,0,18,19,5,1,0,0,1,0,0,0,0,1,1,6,6,1,42,7,1580,8,3,KIA NIRO,2,E01003918,0,1
2024332400839,2024,332400839,2,9,0,-1,12,3,7,-1,0,0,0,0,0,0,1,1,-1,6,3,-1,-1,1580,8,4,KIA NIRO,-1,-1,0,-1
2024010500002,2024,010500002,2,9,0,99,99,9,9,99,99,4,9,99,9,99,1,9,6,6,3,-1,-1,-1,3,2,KIA NIRO,-1,-1,0,-1
2024340WN4402,2024,340WN4402,1,9,0,-1,5,1,5,-1,0,1,0,0,0,0,4,1,-1,9,2,40,7,1580,8,2,KIA NIRO,1,E01027235,0,1
2024010530283,2024,010530283,1,9,0,5,5,1,5,0,0,2,0,0,0,0,1,1,1,1,1,31,6,1580,8,4,KIA NIRO,4,E01000915,0,1
2024010515199,2024,010515199,2,9,9,99,99,9,9,99,99,9,9,99,9,99,9,9,6,6,3,-1,-1,1580,8,1,KIA NIRO,-1,-1,0,-1
2024010547172,2024,010547172,1,9,0,99,99,9,9,99,99,9,9,99,9,99,2,9,2,2,1,28,6,1580,8,0,KIA NIRO,3,E01001749,0,1
2024052500006,2024,052500006,2,8,0,18,19,7,3,0,0,1,0,0,0,0,1,1,1,1,1,43,7,1580,8,4,KIA NIRO,1,E01006603,0,2
2024430341707,2024,430341707,1,9,0,10,10,8,6,0,0,1,0,0,0,0,2,1,6,6,1,42,7,-1,3,0,KIA NIRO,10,E01016672,0,1
2024451441788,2024,451441788,3,9,0,-1,19,7,3,-1,0,0,0,0,0,0,2,1,-1,6,-1,35,6,1580,8,7,KIA NIRO,-1,-1,0,-1
2024010548072,2024,010548072,1,8,0,99,99,9,9,99,99,9,9,99,9,99,2,9,2,2,1,37,7,-1,3,3,KIA NIRO,4,E01004393,0,2
2024161403453,2024,161403453,1,9,0,-1,19,1,5,-1,0,4,1,0,0,0,1,1,-1,9,2,49,8,-1,3,3,KIA NIRO,-1,-1,0,-1
2024430482283,2024,430482283,1,9,0,18,19,4,8,0,0,8,0,0,0,0,4,1,1,1,2,38,7,1580,8,1,KIA NIRO,2,E01016396,0,1
2024320429187,2024,320429187,2,9,0,-1,-1,5,1,0,0,1,0,0,5,2,1,1,-1,-1,2,53,8,-1,3,3,KIA NIRO,9,E01023967,0,5
2024010550267,2024,010550267,1,9,0,8,8,8,1,0,0,0,0,0,0,0,2,1,6,6,1,49,8,1580,8,4,KIA NIRO,6,E01002422,0,4
2024531492163,2024,531492163,1,9,0,-1,19,8,4,-1,0,1,0,0,0,0,1,1,-1,7,2,47,8,1580,8,5,KIA NIRO,10,E01022128,0,1
2024010545250,2024,010545250,1,9,0,18,19,1,5,0,0,8,0,0,3,0,1,2,1,1,1,52,8,-1,3,2,KIA NIRO,6,E01002125,0,3
2024451502205,2024,451502205,3,9,0,-1,4,1,5,-1,0,1,0,0,0,0,2,1,-1,9,2,48,8,1580,8,6,KIA NIRO,6,E01030665,0,1
2024141470285,2024,141470285,1,9,0,-1,19,2,6,-1,0,0,0,0,0,0,4,1,-1,9,1,48,8,1580,8,4,KIA NIRO,8,E01028058,0,4
2024010503624,2024,010503624,2,9,0,6,6,1,1,0,0,8,0,0,0,0,3,1,1,1,1,22,5,1580,8,2,KIA NIRO,4,E01004421,0,3
2024440209765,2024,440209765,2,9,0,18,19,5,1,0,0,0,0,0,0,0,3,1,6,6,1,30,6,1580,8,5,KIA NIRO,-1,-1,0,-1
2024440023492,2024,440023492,3,8,0,2,2,0,0,0,0,1,0,0,0,0,1,1,6,6,3,-1,-1,1580,8,7,KIA NIRO,-1,-1,0,-1
2024471536515,2024,471536515,3,9,0,-1,19,2,4,-1,0,0,0,0,0,0,1,1,-1,9,2,67,10,1580,8,2,KIA NIRO,10,E01031639,0,4
202454F260024,2024,54F260024,2,9,0,18,19,5,1,0,0,8,0,0,0,0,4,1,6,6,1,79,11,1580,8,4,KIA NIRO,6,E01015574,0,1
2024161427019,2024,161427019,1,9,0,-1,9,3,7,-1,0,1,0,0,0,0,1,1,-1,9,1,23,5,1580,8,5,KIA NIRO,8,E01035470,0,1
2024211470066,2024,211470066,2,9,0,-1,19,5,1,-1,0,0,0,0,0,0,1,1,-1,6,1,87,11,1580,8,2,KIA NIRO,7,E01029772,0,1
2024201413671,2024,201413671,2,9,0,-1,3,4,8,-1,0,8,0,0,0,0,1,1,-1,6,1,53,8,1580,8,1,KIA NIRO,7,E01010436,0,3
2024010531012,2024,010531012,1,9,0,18,19,1,5,0,0,7,5,10,0,0,3,1,1,1,1,43,7,-1,3,3,KIA NIRO,3,E01003917,0,4
2024461399080,2024,461399080,2,9,0,-1,19,5,1,-1,0,0,0,0,0,0,1,9,-1,6,2,58,9,1580,8,1,KIA NIRO,4,E01024120,0,2
2024211522678,2024,211522678,1,9,0,-1,7,1,5,-1,0,1,0,0,0,0,4,1,-1,6,2,40,7,1580,8,4,KIA NIRO,9,E01029779,0,1
2024010548855,2024,010548855,2,9,0,99,99,9,9,99,99,9,9,99,9,99,9,9,6,6,3,-1,-1,-1,3,3,KIA NIRO,-1,-1,0,-1
2024010509749,2024,010509749,1,9,0,5,5,1,5,0,0,0,0,0,0,0,3,1,6,6,2,50,8,1580,8,7,KIA NIRO,6,E01001312,0,1
2024010504709,2024,010504709,2,9,0,99,99,9,9,99,99,9,9,99,9,99,9,9,6,6,3,-1,-1,1580,8,6,KIA NIRO,-1,-1,0,-1
2024010537905,2024,010537905,2,9,0,99,99,9,9,99,99,9,9,99,9,99,1,9,6,6,3,55,8,1580,8,2,KIA NIRO,1,E01002857,0,1
2024010535962,2024,010535962,2,9,0,10,10,5,2,0,0,1,0,0,0,0,1,1,6,6,1,81,11,1580,8,5,KIA NIRO,7,E01000698,0,1
2024231498259,2024,231498259,3,9,0,-1,4,2,4,-1,0,1,0,0,0,0,2,1,-1,2,1,55,8,-1,3,0,KIA NIRO,10,E01009705,0,4
2024010537629,2024,010537629,1,9,0,18,19,5,1,0,0,2,0,10,0,0,1,1,6,6,1,47,8,1580,8,2,KIA NIRO,2,E01033926,0,2
2024010520029,2024,010520029,2,9,0,99,99,9,9,99,99,9,9,99,9,99,2,9,1,1,1,36,7,-1,3,2,KIA NIRO,5,E01002520,0,4
2024351438801,2024,351438801,1,9,0,-1,3,7,3,-1,0,0,0,0,0,0,2,1,-1,6,1,37,7,1580,8,0,KIA NIRO,3,E01015624,0,4
2024010542308,2024,010542308,2,9,0,99,99,9,9,99,99,9,9,99,9,99,9,9,6,6,3,-1,-1,-1,3,2,KIA NIRO,-1,-1,0,-1
2024332400370,2024,332400370,1,9,0,-1,19,7,3,-1,0,3,0,0,0,0,4,1,-1,9,1,35,6,1580,8,7,KIA NIRO,1,E01013673,0,1
2024101524419,2024,101524419,1,8,0,-1,9,5,3,-1,0,8,0,0,0,0,1,1,-1,1,1,38,7,1580,8,4,KIA NIRO,3,E01008455,0,1
2024052402354,2024,052402354,1,9,0,18,19,6,2,0,0,0,0,0,0,0,1,1,1,1,1,25,5,1580,8,4,KIA NIRO,1,E01006734,0,2
2024010539848,2024,010539848,2,9,9,99,99,9,9,99,99,9,9,99,9,99,9,9,6,6,3,-1,-1,-1,3,5,KIA NIRO,-1,-1,0,-1
2024010511277,2024,010511277,2,9,9,99,99,9,9,99,99,9,9,99,9,99,9,9,6,6,1,37,7,1580,8,5,KIA NIRO,-1,-1,0,-1
2024161513156,2024,161513156,1,9,0,-1,1,3,7,-1,0,8,0,0,0,0,2,1,-1,6,1,78,11,1580,8,5,KIA NIRO,7,E01013020,0,1
2024010531837,2024,010531837,2,9,0,18,19,3,7,0,0,1,0,0,0,0,1,1,1,1,1,59,9,-1,3,3,KIA NIRO,10,E01016670,0,4
2024631497259,2024,631497259,2,9,0,-1,19,6,2,-1,0,0,0,0,0,0,3,1,-1,6,2,51,8,1580,8,2,KIA NIRO,7,W01000712,0,1
2024131498596,2024,131498596,2,9,0,-1,19,3,7,-1,0,8,0,0,0,0,3,1,-1,1,1,53,8,-1,3,3,KIA NIRO,2,E01010805,0,1
2024221514274,2024,221514274,2,9,0,-1,19,8,4,-1,0,0,0,0,0,0,1,1,-1,9,1,75,10,1580,8,4,KIA NIRO,8,E01032287,0,4
2024010547088,2024,010547088,3,9,0,99,99,9,9,99,99,0,9,99,9,99,9,9,6,6,3,-1,-1,-1,3,2,KIA NIRO,-1,-1,0,-1
2024010545282,2024,010545282,1,9,0,18,19,8,4,0,0,0,1,10,0,0,1,1,6,6,1,26,6,1580,8,6,KIA NIRO,2,E01003338,0,2
2024010528542,2024,010528542,1,8,0,5,5,7,3,0,0,8,0,10,7,0,4,1,2,2,1,51,8,-1,3,4,KIA NIRO,3,E01002403,0,1
2024451441760,2024,451441760,2,8,0,-1,19,2,6,-1,0,6,0,0,0,0,1,1,-1,1,1,60,9,-1,3,2,KIA NIRO,-1,-1,0,-1
2024010537841,2024,010537841,2,9,0,18,19,3,8,0,0,8,0,0,0,0,1,1,6,6,3,-1,-1,-1,3,2,KIA NIRO,-1,-1,0,-1
2024010491820,2024,010491820,1,8,0,16,19,3,7,0,0,8,0,0,0,0,1,1,1,1,1,42,7,-1,3,2,KIA NIRO,3,E01000510,0,3
2024010547940,2024,010547940,2,9,0,9,9,1,6,0,0,6,0,0,0,0,3,1,6,6,2,53,8,1580,8,1,KIA NIRO,6,E01021187,0,4
2024122400924,2024,122400924,1,9,0,9,9,7,5,0,0,6,0,0,0,0,3,1,6,6,1,81,11,1580,8,0,KIA NIRO,10,E01013451,0,3
2024340NN3322,2024,340NN3322,2,9,0,-1,19,2,6,-1,0,0,0,0,0,0,1,1,-1,9,1,37,7,-1,3,2,KIA NIRO,8,E01027346,0,1
2024070984501,2024,070984501,1,9,0,-1,19,7,3,-1,9,6,0,0,7,11,1,1,-1,9,2,60,9,1580,8,3,KIA NIRO,9,E01018737,0,1
2024010545976,2024,010545976,1,9,0,3,3,1,5,0,0,1,0,8,0,0,3,1,1,1,1,61,9,-1,3,3,KIA NIRO,8,E01001924,0,2
2024451500045,2024,451500045,1,9,0,-1,19,7,3,-1,0,2,0,0,0,0,3,1,-1,1,1,35,6,1580,8,6,KIA NIRO,7,E01030452,0,1
2024501443254,2024,501443254,1,8,0,-1,19,8,4,-1,0,1,0,0,0,0,1,9,-1,1,3,51,8,1580,8,5,KIA NIRO,4,E01018913,0,3
2024010520721,2024,010520721,1,9,0,5,5,0,5,6,6,1,0,8,0,0,4,1,6,6,3,-1,-1,-1,3,2,KIA NIRO,-1,-1,0,-1
2024430584062,2024,430584062,2,9,0,16,19,2,5,0,0,0,0,0,1,0,1,1,6,6,2,38,7,1580,8,4,KIA NIRO,9,E01028426,0,2
202454B846424,2024,54B846424,3,9,0,18,19,3,7,0,0,0,0,0,0,0,0,1,6,6,2,62,9,1580,8,0,KIA NIRO,2,E01014610,0,4
2024520002531,2024,520002531,1,9,0,3,3,1,5,0,0,1,0,0,0,0,2,1,6,6,2,35,6,-1,3,5,KIA NIRO,10,E01014381,0,1
2024311442275,2024,311442275,1,9,0,-1,3,7,3,-1,0,1,0,0,0,0,3,1,-1,6,2,66,10,1580,8,3,KIA NIRO,5,E01028002,0,2
2024010522114,2024,010522114,2,9,9,99,99,9,9,99,99,9,9,99,9,99,9,9,6,6,3,64,9,-1,3,3,KIA NIRO,7,E01001566,0,4
2024141505018,2024,141505018,2,9,0,-1,11,-1,-1,-1,0,1,0,0,0,0,-1,9,-1,6,2,52,8,-1,3,1,KIA NIRO,9,E01019795,0,4
2024041501837,2024,041501837,1,9,0,-1,9,7,1,-1,0,0,0,0,0,0,3,1,-1,9,2,43,7,1580,8,8,KIA NIRO,3,E01012585,0,1
2024010513880,2024,010513880,3,9,0,2,2,0,0,0,0,0,0,0,0,0,2,1,6,6,3,-1,-1,-1,3,2,KIA NIRO,-1,-1,0,-1
2024010549003,2024,010549003,1,8,0,99,99,9,9,0,0,9,0,99,9,99,0,9,6,6,1,55,8,1580,8,1,KIA NIRO,2,E01002096,0,1
2024201453321,2024,201453321,1,9,0,-1,14,2,6,-1,0,0,0,4,0,0,4,9,-1,6,1,50,8,1580,8,7,KIA NIRO,-1,-1,0,-1
2024201452844,2024,201452844,1,9,0,-1,7,8,2,-1,9,6,0,0,0,0,4,1,-1,2,2,53,8,1580,8,3,KIA NIRO,10,E01010181,0,1
2024010507433,2024,010507433,1,9,0,18,19,5,1,0,0,6,0,0,0,0,4,1,6,6,2,35,6,1580,8,3,KIA NIRO,4,E01001995,0,1
2024010512306,2024,010512306,2,9,0,17,19,1,5,0,0,0,0,0,0,0,1,1,2,2,1,44,7,1580,8,1,KIA NIRO,6,E01003772,0,1
2024010528077,2024,010528077,1,9,0,18,19,3,7,0,0,2,0,0,0,0,3,1,1,1,1,-1,-1,-1,3,3,KIA NIRO,6,E01002410,0,4
2024010514517,2024,010514517,1,8,0,99,99,9,9,99,99,9,9,99,9,99,2,9,1,1,1,53,8,1580,8,3,KIA NIRO,8,E01030393,0,2
2024991482178,2024,991482178,1,9,0,-1,19,8,4,-1,0,0,1,0,0,0,3,1,-1,9,1,29,6,1580,8,1,KIA NIRO,9,-1,0,4
2024010546700,2024,010546700,1,9,0,18,19,1,5,9,9,1,0,0,1,10,4,1,1,1,1,64,9,-1,3,3,KIA NIRO,4,E01002409,0,3
2024451500057,2024,451500057,1,9,0,-1,5,5,1,-1,0,0,5,0,0,0,1,1,-1,2,1,39,7,1580,8,3,KIA NIRO,4,E01003117,0,4
2024481563924,2024,481563924,1,9,0,-1,19,3,7,-1,0,0,0,0,0,0,1,1,-1,6,1,50,8,-1,3,4,KIA NIRO,-1,-1,0,-1
2024010511474,2024,010511474,1,8,0,99,99,9,9,99,99,0,9,99,9,99,2,9,1,1,1,52,8,-1,3,2,KIA NIRO,4,E01004066,0,2
2024052401139,2024,052401139,1,8,0,5,5,3,7,0,0,8,0,0,0,0,0,1,1,1,1,30,6,1580,8,4,KIA NIRO,1,E01033747,0,1
2024010504703,2024,010504703,2,9,0,99,99,9,9,99,99,9,9,99,9,99,1,9,6,6,1,43,7,1580,8,6,KIA NIRO,4,E01000164,0,1
2024052402764,2024,052402764,1,9,0,9,9,5,3,0,0,6,0,0,0,0,1,1,1,1,1,32,6,1580,8,0,KIA NIRO,1,E01006769,0,2
2024010534138,2024,010534138,1,8,0,99,99,9,9,99,99,9,9,99,9,99,9,9,6,6,3,-1,-1,-1,3,3,KIA NIRO,3,E01004384,0,1