collision_index,collision_year,collision_ref_no,vehicle_reference,vehicle_type,towing_and_articulation,vehicle_manoeuvre_historic,vehicle_manoeuvre,vehicle_direction_from,vehicle_direction_to,vehicle_location_restricted_lane_historic,vehicle_location_restricted_lane,junction_location,skidding_and_overturning,hit_object_in_carriageway,vehicle_leaving_carriageway,hit_object_off_carriageway,first_point_of_impact,vehicle_left_hand_drive,journey_purpose_of_driver_historic,journey_purpose_of_driver,sex_of_driver,age_of_driver,age_band_of_driver,engine_capacity_cc,propulsion_code,age_of_vehicle,generic_make_model,driver_imd_decile,lsoa_of_driver,escooter_flag,driver_distance_banding
2024371414180,2024,371414180,1,9,0,-1,9,4,8,-1,0,1,0,0,0,0,1,1,-1,2,2,31,6,1580,8,6,KIA NIRO,-1,-1,0,-1
2024010530358,2024,010530358,1,9,0,9,9,5,2,0,0,1,0,0,0,0,1,1,1,1,1,24,5,1580,8,4,KIA NIRO,4,E01000164,0,2
2024421474006,2024,421474006,2,9,0,-1,19,3,7,-1,0,2,0,0,0,0,1,1,-1,2,2,34,6,1580,8,5,KIA NIRO,6,E01023317,0,4
2024010532232,2024,010532232,1,9,0,15,15,1,5,0,0,6,0,0,0,0,2,9,6,6,3,-1,-1,-1,3,3,KIA NIRO,-1,-1,0,-1
2024351432222,2024,351432222,4,9,0,-1,4,5,1,-1,0,0,0,0,0,0,2,1,-1,6,1,50,8,1580,8,8,KIA NIRO,7,E01007989,0,5
2024161518535,2024,161518535,2,9,0,-1,19,8,4,-1,0,0,1,0,0,0,1,1,-1,6,2,47,8,-1,3,0,KIA NIRO,4,E01013019,0,1
2024131502325,2024,131502325,1,9,0,-1,11,5,1,-1,0,0,0,0,1,0,1,1,-1,9,2,59,9,-1,3,2,KIA NIRO,8,E01011181,0,2
2024411560756,2024,411560756,1,8,0,-1,5,2,6,-1,0,1,0,0,0,0,4,1,-1,1,1,51,8,1580,8,3,KIA NIRO,6,E01023570,0,1
2024481569303,2024,481569303,1,8,0,-1,4,3,7,-1,0,2,0,0,0,0,4,1,-1,1,1,50,8,-1,3,0,KIA NIRO,-1,-1,0,-1
2024010546263,2024,010546263,4,9,0,2,2,0,0,0,0,0,0,0,0,0,1,1,6,6,3,-1,-1,-1,3,2,KIA NIRO,-1,-1,0,-1
2024010527600,2024,010527600,2,9,0,9,9,3,1,0,0,1,0,0,0,0,4,1,2,2,1,54,8,-1,3,2,KIA NIRO,4,E01003730,0,3
2024010521465,2024,010521465,2,8,0,99,99,9,9,99,99,0,9,99,9,99,1,9,6,6,3,-1,-1,1580,8,4,KIA NIRO,-1,-1,0,-1
2024010549149,2024,010549149,1,8,0,99,99,9,9,99,99,6,9,99,9,99,9,9,6,6,1,40,7,-1,3,3,KIA NIRO,5,E01017902,0,4
202454E288024,2024,54E288024,3,9,0,4,4,3,7,0,0,0,0,0,0,0,3,1,2,2,2,29,6,-1,3,1,KIA NIRO,8,E01033849,0,1
2024461517798,2024,461517798,1,9,0,-1,9,1,7,-1,0,1,0,0,0,0,1,9,-1,6,1,59,9,1580,8,4,KIA NIRO,2,E01016068,0,1
2024010542868,2024,010542868,1,9,0,-1,-1,5,1,0,0,2,0,4,0,0,4,1,6,6,1,52,8,1580,8,4,KIA NIRO,6,E01002374,0,1
2024010534737,2024,010534737,2,9,0,4,4,3,7,0,0,1,0,0,0,0,2,1,1,1,1,49,8,1580,8,6,KIA NIRO,2,E01003236,0,3
2024010534545,2024,010534545,1,9,0,5,5,7,3,0,0,8,0,0,3,0,1,1,3,7,1,48,8,-1,3,2,KIA NIRO,7,E01003738,0,1
2024010539265,2024,010539265,2,8,0,99,99,9,9,99,99,9,9,99,9,99,9,9,6,6,2,44,7,-1,3,1,KIA NIRO,1,E01002855,0,1
2024010519481,2024,010519481,1,8,0,18,19,3,7,0,0,2,0,0,0,0,1,1,1,1,1,51,8,-1,3,1,KIA NIRO,9,E01000686,0,1
2024141519532,2024,141519532,1,9,0,-1,19,8,4,-1,0,1,0,0,0,0,1,1,-1,9,2,64,9,1580,8,2,KIA NIRO,7,E01007834,0,1
2024221435596,2024,221435596,1,9,0,-1,9,3,8,-1,0,6,0,0,0,0,3,9,-1,6,2,40,7,-1,3,1,KIA NIRO,10,E01032135,0,1
2024010547425,2024,010547425,2,9,0,99,99,9,9,99,99,9,9,99,9,99,2,9,6,6,2,-1,-1,1580,8,3,KIA NIRO,3,E01000095,0,2
2024471426478,2024,471426478,1,9,0,-1,19,2,7,-1,0,3,0,0,0,0,4,1,-1,6,1,27,6,1580,8,4,KIA NIRO,3,E01016944,0,2
2024631483586,2024,631483586,1,9,0,-1,9,5,1,-1,0,8,0,0,0,0,3,1,-1,9,1,57,9,1580,8,2,KIA NIRO,7,W01000721,0,3
2024010527579,2024,010527579,1,9,0,18,19,5,1,0,0,2,0,0,0,0,1,1,6,6,2,35,6,1580,8,4,KIA NIRO,2,E01035694,0,1
2024461506658,2024,461506658,1,9,0,-1,9,8,5,-1,0,2,0,0,0,0,1,1,-1,9,2,70,10,1580,8,0,KIA NIRO,2,E01024315,0,1
2024010533172,2024,010533172,4,9,0,99,99,9,9,99,99,9,9,99,9,99,9,9,6,6,3,-1,-1,-1,3,3,KIA NIRO,-1,-1,0,-1
2024461468899,2024,461468899,1,9,0,-1,1,5,1,-1,0,1,0,10,0,0,4,1,-1,9,2,43,7,-1,3,2,KIA NIRO,7,E01024350,0,3
2024010512154,2024,010512154,1,9,0,18,19,1,5,0,0,6,0,0,0,0,1,1,2,2,1,57,9,1580,8,4,KIA NIRO,2,E01003087,0,2
2024010512092,2024,010512092,1,9,0,18,19,1,5,0,0,2,0,0,0,0,1,1,6,6,1,46,8,-1,3,2,KIA NIRO,6,E01002218,0,1
2024010534015,2024,010534015,2,9,0,99,99,9,9,99,99,0,9,99,9,99,9,9,6,6,3,-1,-1,-1,3,1,KIA NIRO,7,E01000764,0,3
2024531518932,2024,531518932,2,9,0,-1,4,1,5,-1,0,0,0,0,0,0,2,1,-1,2,1,40,7,-1,3,1,KIA NIRO,9,E01030477,0,5
2024041523826,2024,041523826,1,9,0,-1,7,8,2,-1,0,6,0,0,0,0,3,1,-1,1,1,30,6,1580,8,3,KIA NIRO,2,E01004922,0,4
2024461479071,2024,461479071,2,9,0,-1,3,5,1,-1,0,0,0,0,0,0,2,1,-1,9,2,52,8,1580,8,4,KIA NIRO,8,E01024011,0,1
2024231507374,2024,231507374,2,9,0,-1,19,2,6,-1,0,0,0,0,0,0,1,1,-1,9,1,47,8,1580,8,4,KIA NIRO,2,E01008944,0,4
2024010534652,2024,010534652,2,8,0,99,99,9,9,99,99,0,9,99,9,99,9,9,6,6,3,-1,-1,-1,3,3,KIA NIRO,-1,-1,0,-1
2024041418964,2024,041418964,2,9,0,-1,2,0,0,-1,0,0,0,0,0,0,2,1,-1,6,-1,-1,-1,1580,8,5,KIA NIRO,-1,-1,0,-1
2024010540363,2024,010540363,2,8,0,99,99,9,9,99,99,9,9,99,9,99,1,9,6,6,3,59,9,-1,3,2,KIA NIRO,3,E01001162,0,2
2024201502635,2024,201502635,1,8,0,-1,5,5,1,-1,0,0,0,0,0,0,0,1,-1,9,1,51,8,-1,3,2,KIA NIRO,5,E01009583,0,1
2024320431443,2024,320431443,1,9,0,-1,-1,6,2,0,0,0,0,0,7,11,1,1,6,6,2,67,10,1580,8,3,KIA NIRO,-1,-1,0,-1
2024481564463,2024,481564463,1,9,0,-1,5,5,1,-1,0,1,0,0,0,0,1,1,-1,6,1,40,7,-1,3,1,KIA NIRO,-1,-1,0,-1
2024101490339,2024,101490339,1,8,0,-1,19,7,3,-1,0,2,0,0,0,0,3,1,-1,1,1,48,8,-1,3,3,KIA NIRO,-1,-1,0,-1
2024010549119,2024,010549119,1,9,0,2,2,0,0,0,0,0,0,0,0,0,0,1,6,6,3,-1,-1,-1,3,3,KIA NIRO,-1,-1,0,-1
2024010519264,2024,010519264,1,9,0,18,19,7,3,0,0,6,0,0,0,0,1,1,6,6,1,54,8,-1,3,2,KIA NIRO,2,E01001361,0,1
2024451523966,2024,451523966,2,9,0,-1,19,7,3,-1,0,0,0,0,0,0,3,1,-1,2,1,71,10,-1,3,2,KIA NIRO,9,E01030929,0,1
2024010507191,2024,010507191,1,9,0,9,9,5,2,0,0,6,0,0,0,0,4,1,6,6,1,34,6,-1,3,3,KIA NIRO,2,E01001460,0,3
2024471476950,2024,471476950,1,9,0,-1,19,5,1,-1,0,0,0,0,0,0,1,1,-1,6,2,76,11,1580,8,8,KIA NIRO,9,E01031504,0,1
2024201488648,2024,201488648,1,9,0,-1,19,7,3,-1,0,0,0,0,0,0,1,1,-1,6,1,54,8,1580,8,7,KIA NIRO,4,E01009813,0,2
2024052402132,2024,052402132,1,8,0,9,9,2,8,0,0,6,0,0,0,0,3,1,2,2,1,36,7,1580,8,3,KIA NIRO,1,E01034401,0,1
2024010542924,2024,010542924,1,9,0,9,9,6,4,0,0,6,0,0,0,0,1,1,2,2,1,72,10,1580,8,3,KIA NIRO,8,E01000216,0,1
2024010497302,2024,010497302,1,9,0,5,5,1,5,0,0,8,0,11,0,0,1,1,1,1,1,42,7,-1,3,2,KIA NIRO,4,E01003695,0,4
2024010523931,2024,010523931,1,9,0,4,4,7,3,0,0,1,0,0,0,0,2,2,1,1,1,34,6,-1,3,3,KIA NIRO,6,E01016506,0,4
2024131484932,2024,131484932,1,9,0,-1,2,1,1,-1,0,8,0,0,0,0,0,1,-1,9,1,73,10,1580,8,7,KIA NIRO,5,E01011161,0,1
2024010523006,2024,010523006,1,8,0,99,99,9,9,99,99,9,9,99,9,99,2,9,1,1,1,33,6,-1,3,1,KIA NIRO,3,E01030745,0,2
2024471512387,2024,471512387,2,9,0,-1,19,5,1,-1,0,0,0,0,0,0,1,1,-1,9,2,64,9,-1,3,0,KIA NIRO,3,E01031752,0,3
2024052401089,2024,052401089,1,8,0,9,9,8,6,0,0,1,0,0,0,0,1,2,1,1,1,43,7,1580,8,3,KIA NIRO,1,E01006679,0,2
2024010527949,2024,010527949,1,9,0,99,99,9,9,99,99,9,9,99,9,99,9,9,6,6,2,50,8,1580,8,4,KIA NIRO,6,E01001644,0,1
2024010511884,2024,010511884,1,9,0,18,19,5,1,0,0,2,0,0,0,0,1,1,6,6,1,41,7,-1,3,1,KIA NIRO,3,E01004696,0,1
2024010507270,2024,010507270,2,8,0,99,99,9,9,99,99,1,9,99,9,99,1,9,6,6,3,41,7,-1,3,2,KIA NIRO,2,E01002852,0,1
2024010509986,2024,010509986,1,9,0,18,19,3,7,0,0,2,0,0,0,0,1,1,6,6,3,-1,-1,1580,8,5,KIA NIRO,-1,-1,0,-1
2024440443234,2024,440443234,1,9,0,18,19,8,4,0,0,0,0,0,0,0,4,1,6,6,2,33,6,1580,8,6,KIA NIRO,1,E01017154,0,1
2024131501358,2024,131501358,2,9,0,-1,19,1,5,-1,0,0,0,0,0,0,2,1,-1,9,2,51,8,1580,8,4,KIA NIRO,9,E01011983,0,5
2024010547195,2024,010547195,2,9,0,99,99,9,9,99,99,9,9,99,9,99,9,9,6,6,3,-1,-1,1580,8,0,KIA NIRO,-1,-1,0,-1
2024041486764,2024,041486764,1,9,0,-1,19,3,7,-1,9,1,0,0,0,0,1,1,-1,1,1,52,8,-1,3,3,KIA NIRO,4,E01025288,0,1
2024010541342,2024,010541342,1,9,0,3,3,7,3,0,0,0,0,0,0,0,2,1,1,1,1,54,8,-1,3,3,KIA NIRO,3,E01001287,0,2
2024610043724,2024,610043724,3,9,0,2,2,0,0,6,6,0,0,0,0,0,4,1,6,6,1,39,7,-1,3,2,KIA NIRO,5,W01001589,0,1
2024010542399,2024,010542399,2,9,0,99,99,9,9,99,99,9,9,99,9,99,1,9,6,6,3,56,9,-1,3,1,KIA NIRO,3,E01021631,0,4
2024451499333,2024,451499333,1,9,0,-1,19,3,7,-1,0,0,0,0,2,7,1,1,-1,9,1,78,11,1580,8,3,KIA NIRO,6,E01001266,0,4
2024010503661,2024,010503661,2,8,0,18,19,7,3,0,0,4,0,0,0,0,1,1,1,1,1,43,7,-1,3,3,KIA NIRO,2,E01001339,0,2
2024052402479,2024,052402479,1,8,0,5,5,6,2,0,0,1,0,0,0,0,1,1,6,6,1,47,8,1580,8,5,KIA NIRO,4,E01006617,0,2
2024010540084,2024,010540084,2,9,0,18,19,5,1,0,0,0,0,0,1,0,1,1,1,1,1,48,8,-1,3,0,KIA NIRO,4,E01031133,0,5
2024010548434,2024,010548434,1,9,0,99,99,9,9,99,99,9,9,99,9,99,1,9,2,2,2,60,9,1580,8,0,KIA NIRO,1,E01001517,0,3
2024430437665,2024,430437665,2,9,0,3,3,1,5,0,0,0,0,0,0,0,2,1,2,2,1,38,7,1580,8,0,KIA NIRO,8,E01022298,0,4
2024440269675,2024,440269675,1,9,0,18,19,6,2,0,0,7,0,0,0,0,1,1,6,6,2,30,6,-1,3,5,KIA NIRO,7,E01031539,0,4
2024430072998,2024,430072998,1,9,0,9,9,2,8,0,0,6,0,0,0,0,3,1,6,6,1,77,11,1580,8,8,KIA NIRO,6,E01016287,0,1
2024010545614,2024,010545614,1,9,0,9,9,5,3,0,0,5,0,0,0,0,1,1,1,1,2,35,6,-1,3,2,KIA NIRO,4,E01030364,0,3
202460Q078628,2024,60Q078628,1,9,0,1,1,4,8,0,0,0,0,0,0,0,1,1,6,6,1,71,10,1580,8,1,KIA NIRO,-1,-1,0,-1
2024010550810,2024,010550810,1,8,0,99,99,9,9,99,99,9,9,99,9,99,9,9,1,1,1,33,6,1580,8,6,KIA NIRO,3,E01003572,0,1
2024010517547,2024,010517547,2,9,0,18,19,1,5,0,0,1,0,0,0,0,3,1,6,6,1,29,6,1580,8,2,KIA NIRO,-1,-1,0,-1
2024010530669,2024,010530669,2,8,0,99,99,9,9,99,99,9,9,99,9,99,9,9,6,6,3,-1,-1,1580,8,5,KIA NIRO,3,E01035669,0,1
2024631489205,2024,631489205,2,9,0,-1,19,1,4,-1,0,0,0,0,0,0,3,1,-1,9,1,69,10,1580,8,2,KIA NIRO,2,W01001468,0,4
2024361529656,2024,361529656,1,9,0,-1,19,3,5,-1,0,1,0,0,0,0,1,1,-1,6,1,65,9,1580,8,0,KIA NIRO,5,E01026538,0,2
2024010499786,2024,010499786,1,8,0,5,5,0,3,0,0,0,0,0,0,0,1,1,1,1,1,58,9,-1,3,1,KIA NIRO,3,E01000107,0,3
2024440353787,2024,440353787,2,9,0,2,2,0,0,0,0,0,0,0,0,0,3,1,6,6,3,-1,-1,1580,8,5,KIA NIRO,-1,-1,0,-1
2024010523055,2024,010523055,1,9,0,18,19,1,5,0,0,2,0,0,0,0,0,1,1,1,1,40,7,1580,8,4,KIA NIRO,3,E01001362,0,3
2024010508171,2024,010508171,1,9,0,99,99,9,9,99,99,9,9,99,9,99,2,9,6,6,1,40,7,1580,8,6,KIA NIRO,3,E01001493,0,3
2024010548553,2024,010548553,2,8,0,99,99,9,9,99,99,9,9,99,9,99,1,9,6,6,2,40,7,1580,8,0,KIA NIRO,2,E01000551,0,1
2024052402465,2024,052402465,1,8,0,9,9,3,1,0,0,8,0,0,0,0,3,1,1,1,1,37,7,1580,8,0,KIA NIRO,1,E01007130,0,1
2024052401903,2024,052401903,1,9,0,18,19,5,1,0,0,2,0,0,0,0,1,1,3,7,1,-1,-1,1580,8,3,KIA NIRO,9,E01018529,0,3
2024010504999,2024,010504999,1,8,0,9,9,5,2,0,0,8,0,0,0,0,1,1,6,6,1,50,8,-1,3,2,KIA NIRO,4,E01004540,0,2
2024520500334,2024,520500334,2,9,0,18,19,5,1,0,0,0,0,0,0,0,1,1,6,6,1,56,9,1580,8,0,KIA NIRO,4,E01029038,0,1
2024481566726,2024,481566726,1,8,0,-1,6,5,5,-1,0,0,0,0,0,0,3,1,-1,1,1,60,9,-1,3,3,KIA NIRO,-1,-1,0,-1
2024010513457,2024,010513457,1,8,0,99,99,9,9,99,99,9,9,99,9,99,2,9,6,6,1,55,8,-1,3,2,KIA NIRO,6,E01000274,0,3
202460Q121104,2024,60Q121104,1,8,0,9,9,2,7,0,0,6,0,0,0,0,3,1,1,1,1,50,8,1580,8,4,KIA NIRO,-1,-1,0,-1
2024010535360,2024,010535360,2,8,0,9,9,1,6,0,0,1,0,0,0,0,1,1,1,1,1,57,9,-1,3,4,KIA NIRO,4,E01002130,0,3
2024622400886,2024,622400886,1,9,0,10,10,6,2,0,0,1,0,0,0,0,1,1,1,1,1,38,7,1580,8,3,KIA NIRO,3,W01002021,0,2
2024340NN3102,2024,340NN3102,3,9,0,-1,19,7,3,-1,0,0,0,0,0,0,2,1,-1,2,1,56,9,1580,8,5,KIA NIRO,10,E01027086,0,2
2024320750018,2024,320750018,2,9,0,3,3,4,8,0,0,0,0,0,0,0,2,1,-1,-1,1,29,6,1580,8,3,KIA NIRO,4,E01026705,0,4
2024010504338,2024,010504338,2,9,0,12,12,3,7,0,0,0,0,0,0,0,3,1,1,1,1,50,8,-1,3,3,KIA NIRO,5,E01033739,0,2
2024052400221,2024,052400221,1,8,0,5,5,5,1,0,0,0,0,0,0,0,0,1,1,1,1,-1,-1,1580,8,2,KIA NIRO,-1,-1,0,-1
2024010510437,2024,010510437,2,8,0,99,99,9,9,99,99,9,9,99,9,99,9,9,6,6,1,40,7,1580,8,4,KIA NIRO,3,E01001645,0,3
2024451474737,2024,451474737,2,9,0,-1,2,1,5,-1,9,0,1,10,0,0,3,1,-1,6,-1,-1,-1,1580,8,0,KIA NIRO,-1,-1,0,-1
2024010532809,2024,010532809,1,9,0,99,99,9,9,99,99,9,9,99,9,99,1,9,6,6,1,66,10,-1,3,2,KIA NIRO,3,E01034391,0,2
2024010549694,2024,010549694,1,9,0,99,99,9,9,99,99,9,9,99,9,99,9,9,6,6,3,-1,-1,1580,8,5,KIA NIRO,9,E01000969,0,1
2024010527692,2024,010527692,1,8,0,18,19,3,7,0,0,1,0,0,0,0,3,1,1,1,1,37,7,1580,8,4,KIA NIRO,5,E01033922,0,1
2024010502617,2024,010502617,1,9,0,9,9,7,4,9,9,1,0,0,0,0,1,1,6,6,1,52,8,1580,8,3,KIA NIRO,2,E01000064,0,3
2024010513633,2024,010513633,1,9,0,15,15,5,1,0,0,2,0,0,0,0,1,1,6,6,1,30,6,1580,8,7,KIA NIRO,4,E01004296,0,1
2024010545570,2024,010545570,2,9,0,99,99,9,9,99,99,9,9,99,9,99,1,9,6,6,3,-1,-1,-1,3,0,KIA NIRO,-1,-1,0,-1
2024070021418,2024,070021418,2,9,0,17,19,5,1,0,0,0,1,0,0,0,1,1,6,6,1,72,10,1580,8,7,KIA NIRO,10,E01018671,0,4
2024332400523,2024,332400523,2,9,0,-1,19,8,4,-1,0,0,0,0,0,0,3,1,-1,9,1,32,6,1580,8,7,KIA NIRO,5,E01034428,0,4
2024010509929,2024,010509929,2,9,0,99,99,9,9,99,99,9,9,99,9,99,9,9,6,6,3,-1,-1,-1,3,3,KIA NIRO,-1,-1,0,-1
2024471450577,2024,471450577,1,9,0,-1,19,8,4,-1,0,1,0,0,0,0,1,1,-1,6,1,69,10,1580,8,4,KIA NIRO,6,E01020950,0,3
2024010522899,2024,010522899,1,8,0,4,4,3,7,2,2,0,0,0,0,0,2,1,1,1,1,56,9,-1,3,2,KIA NIRO,4,E01000408,0,3
2024440230310,2024,440230310,1,9,0,18,19,4,8,0,0,0,0,0,5,6,1,1,6,6,1,80,11,1580,8,2,KIA NIRO,4,E01017192,0,1
2024471496951,2024,471496951,1,9,0,-1,19,8,4,-1,0,0,0,0,0,0,1,1,-1,9,2,77,11,1580,8,2,KIA NIRO,9,E01031685,0,3
2024010533938,2024,010533938,2,9,0,9,9,3,8,0,0,1,0,0,0,0,0,1,6,6,1,55,8,1580,8,6,KIA NIRO,7,E01003738,0,3
2024061508965,2024,061508965,1,9,0,-1,9,4,8,-1,0,1,0,0,0,0,3,1,-1,6,1,36,7,1580,8,4,KIA NIRO,3,E01005726,0,3
2024010541122,2024,010541122,2,9,0,99,99,9,9,99,99,9,9,99,9,99,1,9,6,6,3,-1,-1,1580,8,3,KIA NIRO,-1,-1,0,-1
2024451444769,2024,451444769,1,9,0,-1,9,3,7,-1,0,6,0,0,0,0,1,1,-1,9,2,46,8,1580,8,5,KIA NIRO,7,E01034576,0,2
2024010541381,2024,010541381,2,9,0,99,99,9,9,99,99,9,9,99,9,99,2,9,6,6,1,55,8,-1,3,0,KIA NIRO,2,E01000079,0,3
2024131444362,2024,131444362,2,9,0,-1,19,5,1,-1,0,0,0,0,1,0,1,1,-1,2,1,31,6,1580,8,3,KIA NIRO,3,E01011314,0,2
2024451456204,2024,451456204,1,9,0,-1,19,6,2,-1,0,1,0,0,1,0,3,1,-1,6,1,32,6,1580,8,6,KIA NIRO,3,E01003135,0,3
2024070539682,2024,070539682,1,9,0,14,14,4,8,0,0,1,0,0,0,0,4,1,2,2,2,53,8,1580,8,7,KIA NIRO,3,E01018710,0,2
2024522401330,2024,522401330,1,9,0,9,9,5,3,0,0,6,0,0,0,0,3,1,6,6,1,53,8,-1,3,3,KIA NIRO,4,E01015011,0,1
2024430018259,2024,430018259,1,9,0,18,19,8,4,0,0,2,0,0,0,0,3,1,6,6,1,72,10,-1,3,3,KIA NIRO,7,E01014375,0,5
2024440429081,2024,440429081,1,9,0,9,9,5,3,0,0,8,0,0,0,0,1,1,6,6,2,81,11,1580,8,2,KIA NIRO,8,E01022829,0,1
2024010535454,2024,010535454,2,9,0,18,19,1,5,0,0,4,0,0,3,0,1,1,6,6,1,26,6,1580,8,5,KIA NIRO,3,E01000108,0,1
2024451493097,2024,451493097,2,9,0,-1,19,5,1,-1,0,1,1,0,6,0,1,1,-1,6,1,65,9,1580,8,6,KIA NIRO,10,E01031690,0,2
2024461523446,2024,461523446,2,9,0,-1,7,7,3,-1,0,0,0,0,0,0,2,2,-1,9,1,41,7,2616,1,20,-1,4,E01016177,0,3
2024520500185,2024,520500185,1,9,0,17,19,3,7,0,0,0,1,0,0,0,3,1,6,6,1,19,4,3596,1,18,PORSCHE 911,4,E01029111,0,2
2024361521809,2024,361521809,1,9,0,-1,9,1,6,-1,0,8,0,0,0,0,1,1,-1,2,1,61,9,2981,1,0,PORSCHE 911,6,E01026920,0,1
2024991406067,2024,991406067,1,9,0,-1,1,3,7,-1,9,2,0,0,0,0,2,1,-1,9,1,64,9,2981,1,8,PORSCHE 911,8,-1,0,1
2024421532866,2024,421532866,1,9,0,-1,5,4,4,-1,0,0,0,0,0,0,1,1,-1,9,1,69,10,2981,1,8,PORSCHE 911,8,E01021791,0,1
2024451478454,2024,451478454,1,9,0,-1,9,5,1,-1,0,0,1,11,1,3,1,1,-1,9,1,38,7,3996,1,2,PORSCHE 911,2,E01033880,0,4
2024010522554,2024,010522554,3,9,0,18,19,5,1,0,0,0,0,0,0,0,2,1,6,6,2,43,7,2981,1,8,PORSCHE 911,-1,-1,0,-1
2024131532968,2024,131532968,1,9,0,-1,5,6,1,-1,0,3,0,0,0,0,3,1,-1,9,1,36,7,3745,1,2,PORSCHE 911,1,E01010674,0,3
2024451507693,2024,451507693,1,9,0,-1,10,1,5,-1,0,0,0,0,0,0,1,1,-1,9,2,60,9,2981,1,2,PORSCHE 911,8,E01030565,0,1
2024010555147,2024,010555147,1,9,0,2,2,0,0,99,99,9,9,99,9,99,1,9,6,6,3,-1,-1,3600,1,29,PORSCHE 911,-1,-1,0,-1
2024991430998,2024,991430998,2,9,0,-1,19,8,4,-1,0,0,0,0,0,0,3,1,-1,9,1,45,7,3596,1,20,PORSCHE 911,8,-1,0,3
2024010537120,2024,010537120,1,9,0,9,9,7,5,0,0,6,1,0,0,0,3,2,1,1,1,53,8,2981,1,0,PORSCHE 911,7,E01000228,0,1
2024631483402,2024,631483402,1,9,0,-1,19,6,2,-1,0,0,5,0,1,4,1,1,-1,9,1,53,8,2981,1,2,PORSCHE 911,8,E01014087,0,4
2024010525334,2024,010525334,1,9,0,9,9,7,5,0,0,1,0,0,0,0,2,1,6,6,1,26,6,3164,1,37,PORSCHE 911,7,E01032771,0,2
2024010511508,2024,010511508,1,9,0,99,99,9,9,99,99,9,9,99,9,99,9,9,6,6,3,-1,-1,3824,1,18,PORSCHE 911,2,E01002851,0,1
2024010537612,2024,010537612,2,9,0,18,19,9,9,99,99,9,9,99,9,99,9,9,6,6,1,36,7,3600,1,17,PORSCHE 911,7,E01001891,0,1
2024552401231,2024,552401231,1,9,0,5,5,2,6,0,0,0,0,0,0,0,1,1,6,6,1,54,8,2981,1,0,PORSCHE 911,9,E01020400,0,1
2024471458829,2024,471458829,1,9,0,-1,19,7,3,-1,0,8,0,0,0,0,1,1,-1,9,1,42,7,2981,1,6,PORSCHE 911,9,E01031772,0,1
2024122401200,2024,122401200,1,9,0,3,3,7,3,0,0,1,0,0,0,0,2,1,6,6,1,36,7,3800,1,8,PORSCHE 911,-1,-1,0,-1
2024231399178,2024,231399178,1,9,0,-1,19,6,8,-1,0,0,2,0,1,4,1,1,-1,6,1,40,7,2981,1,3,PORSCHE 911,6,E01031199,0,1
2024543395024,2024,543395024,14,9,0,18,19,4,8,0,0,0,1,0,1,0,1,1,6,6,1,46,8,2981,1,8,PORSCHE 911,10,E01014413,0,4
2024340NN1772,2024,340NN1772,2,9,0,-1,19,2,6,-1,0,1,0,0,0,0,3,1,-1,6,2,30,6,3824,1,16,PORSCHE 911,8,E01027050,0,1
2024340WN5422,2024,340WN5422,1,9,0,-1,19,5,1,-1,0,4,1,9,0,0,4,1,-1,1,1,60,9,3996,1,1,PORSCHE 911,9,E01035269,0,4
2024131523724,2024,131523724,2,9,0,-1,4,1,5,-1,0,0,0,4,0,0,1,1,-1,6,1,63,9,2981,1,2,PORSCHE 911,10,E01028395,0,5
2024351504310,2024,351504310,2,9,-1,-1,-1,-1,-1,-1,-1,-1,-1,-1,-1,0,-1,1,-1,9,1,46,8,2981,1,5,PORSCHE 911,6,E01002724,0,4
2024461495092,2024,461495092,1,9,0,-1,19,5,1,-1,0,0,0,4,3,4,1,1,-1,9,1,42,7,3745,1,0,PORSCHE 911,2,E01032799,0,1
2024041449147,2024,041449147,1,9,0,-1,19,7,3,-1,0,1,1,0,1,11,1,1,-1,9,1,23,5,2981,1,3,PORSCHE 911,7,E01012584,0,2
2024421433667,2024,421433667,1,9,0,-1,19,8,4,-1,0,0,1,0,7,0,3,1,-1,9,1,48,8,2981,1,1,PORSCHE 911,4,E01022018,0,3
2024010539657,2024,010539657,2,9,0,99,99,9,9,99,99,9,9,99,9,99,9,9,6,6,3,-1,-1,2981,1,4,PORSCHE 911,9,E01002903,0,1
2024501445687,2024,501445687,1,9,0,-1,19,8,6,-1,0,0,1,0,1,0,1,1,-1,9,2,40,7,2981,1,3,PORSCHE 911,6,E01034620,0,1
2024131470553,2024,131470553,3,9,0,-1,19,1,5,-1,0,0,0,0,0,0,1,1,-1,6,1,48,8,2981,1,1,PORSCHE 911,9,E01011935,0,1
2024991503531,2024,991503531,1,9,0,-1,19,5,1,-1,0,0,5,0,1,0,3,1,-1,6,1,49,8,3745,1,1,PORSCHE 911,-1,-1,0,-1
2024332400555,2024,332400555,1,9,0,-1,19,1,5,-1,0,0,1,0,8,0,1,1,-1,9,2,52,8,3800,1,10,PORSCHE 911,4,E01025823,0,1
2024451509113,2024,451509113,2,9,0,-1,99,1,5,-1,0,0,0,0,0,0,1,1,-1,6,2,50,8,1461,2,9,RENAULT KADJAR,8,E01024053,0,5
2024122400141,2024,122400141,1,9,0,1,1,5,6,0,0,0,0,0,0,0,2,1,6,6,1,62,9,1461,2,4,RENAULT KADJAR,6,E01027752,0,2