collision_index,collision_year,collision_ref_no,vehicle_reference,vehicle_type,towing_and_articulation,vehicle_manoeuvre_historic,vehicle_manoeuvre,vehicle_direction_from,vehicle_direction_to,vehicle_location_restricted_lane_historic,vehicle_location_restricted_lane,junction_location,skidding_and_overturning,hit_object_in_carriageway,vehicle_leaving_carriageway,hit_object_off_carriageway,first_point_of_impact,vehicle_left_hand_drive,journey_purpose_of_driver_historic,journey_purpose_of_driver,sex_of_driver,age_of_driver,age_band_of_driver,engine_capacity_cc,propulsion_code,age_of_vehicle,generic_make_model,driver_imd_decile,lsoa_of_driver,escooter_flag,driver_distance_banding
2024122401279,2024,122401279,1,9,0,18,19,9,9,0,0,2,0,0,0,0,1,1,6,6,1,64,9,1461,2,8,RENAULT KADJAR,2,E01027864,0,1
2024501414970,2024,501414970,3,9,0,-1,3,4,8,-1,0,1,0,0,0,0,2,9,-1,9,1,37,7,1332,1,4,RENAULT KADJAR,6,E01019891,0,3
2024201490913,2024,201490913,1,9,0,-1,19,2,6,-1,0,0,1,0,0,0,1,1,-1,6,1,25,5,1330,1,5,RENAULT KADJAR,1,E01009709,0,1
2024122401141,2024,122401141,2,9,0,18,19,7,3,0,0,0,0,0,0,0,3,1,6,6,1,71,10,1198,1,7,RENAULT KADJAR,5,E01030188,0,5
2024361398208,2024,361398208,1,9,0,-1,19,7,3,-1,0,0,0,0,0,0,1,1,-1,9,1,69,10,1461,2,9,RENAULT KADJAR,-1,-1,0,-1
2024201467393,2024,201467393,1,9,0,-1,5,8,2,-1,0,1,0,0,0,0,1,9,-1,2,1,35,6,1332,1,5,RENAULT KADJAR,9,E01031315,0,3
2024061518741,2024,061518741,6,9,0,-1,2,0,0,-1,0,0,0,0,0,0,1,1,-1,6,-1,-1,-1,1332,1,5,RENAULT KADJAR,-1,-1,0,-1
2024131505841,2024,131505841,2,9,0,-1,4,2,6,-1,0,3,0,0,0,0,2,1,-1,9,1,59,9,1461,2,7,RENAULT KADJAR,6,E01012933,0,5
2024351489558,2024,351489558,1,9,0,-1,5,7,1,-1,0,6,0,0,0,0,1,1,-1,6,2,45,7,1332,1,4,RENAULT KADJAR,9,E01033175,0,1
2024221523256,2024,221523256,1,9,0,-1,19,5,1,-1,0,0,0,0,0,0,1,9,-1,6,2,40,7,1461,2,8,RENAULT KADJAR,9,E01032400,0,1
2024122401164,2024,122401164,1,9,0,9,9,3,7,0,0,6,0,0,0,0,3,1,6,6,2,24,5,1598,2,7,RENAULT KADJAR,6,E01027628,0,1
2024131534127,2024,131534127,1,9,0,-1,19,6,8,-1,0,1,0,0,0,0,1,1,-1,2,2,49,8,1461,2,6,RENAULT KADJAR,5,E01010818,0,2
2024991451126,2024,991451126,1,9,0,-1,19,4,8,-1,0,1,0,0,0,0,1,1,-1,9,1,58,9,1461,2,5,RENAULT KADJAR,9,-1,0,1
2024552400303,2024,552400303,2,9,0,18,19,7,3,0,0,8,0,0,0,0,1,1,2,2,2,34,6,1461,2,6,RENAULT KADJAR,3,E01015449,0,2
2024201447955,2024,201447955,1,8,0,-1,19,6,2,-1,0,1,0,0,0,0,1,1,-1,9,1,52,8,1461,2,8,RENAULT KADJAR,7,E01009424,0,1
2024070834566,2024,070834566,1,9,0,-1,19,7,3,-1,0,0,0,0,0,0,1,1,-1,6,1,27,6,1598,2,7,RENAULT KADJAR,3,E01010411,0,4
2024061504869,2024,061504869,1,9,0,-1,19,1,5,-1,0,0,0,0,0,0,4,1,-1,6,3,-1,-1,1461,2,8,RENAULT KADJAR,-1,-1,0,-1
2024461437934,2024,461437934,2,9,0,-1,3,8,5,-1,0,1,0,0,0,0,2,1,-1,1,1,48,8,1332,1,4,RENAULT KADJAR,9,E01024386,0,3
2024070542584,2024,070542584,1,9,0,7,7,2,7,0,0,1,0,0,0,0,3,1,6,6,1,-1,-1,1461,2,6,RENAULT KADJAR,-1,-1,0,-1
2024541621224,2024,541621224,1,9,0,18,19,5,1,0,0,4,0,0,0,0,1,1,6,6,1,61,9,1332,1,5,RENAULT KADJAR,9,E01031931,0,2
2024440458703,2024,440458703,1,9,0,18,19,1,5,0,0,8,0,0,0,0,4,1,6,6,2,46,8,1461,2,8,RENAULT KADJAR,4,E01017198,0,1
2024061464009,2024,061464009,1,9,0,-1,10,5,1,-1,0,8,0,0,0,0,2,1,-1,2,2,23,5,1461,2,7,RENAULT KADJAR,2,E01005188,0,1
2024131421364,2024,131421364,2,9,0,-1,-1,-1,-1,-1,-1,0,-1,-1,-1,-1,-1,1,-1,6,2,26,6,1461,2,8,RENAULT KADJAR,9,E01010875,0,1
2024031467110,2024,031467110,1,9,0,-1,19,5,1,-1,0,1,0,0,1,0,1,2,-1,9,1,30,6,1198,1,7,RENAULT KADJAR,10,E01019261,0,4
2024421475277,2024,421475277,2,9,0,-1,19,3,7,-1,0,4,0,0,0,0,1,1,-1,9,2,49,8,1197,1,7,RENAULT KADJAR,9,E01021281,0,1
2024440141659,2024,440141659,2,9,0,2,2,0,0,0,0,0,0,0,0,0,1,1,6,6,3,-1,-1,1461,2,6,RENAULT KADJAR,-1,-1,0,-1
2024221479683,2024,221479683,2,9,0,-1,3,8,4,-1,0,8,0,0,0,0,2,1,-1,6,1,39,7,1461,2,5,RENAULT KADJAR,7,E01023171,0,5
2024340WN3402,2024,340WN3402,2,9,0,-1,4,3,7,-1,0,0,0,0,0,0,2,1,-1,6,1,40,7,1461,2,8,RENAULT KADJAR,6,E01016753,0,4
2024061501434,2024,061501434,1,9,0,-1,9,4,3,-1,1,0,0,0,0,0,1,1,-1,6,1,30,6,1461,2,9,RENAULT KADJAR,1,E01006000,0,1
2024421419811,2024,421419811,1,9,0,-1,19,6,2,-1,0,0,0,0,0,0,1,9,-1,6,2,41,7,1197,1,7,RENAULT KADJAR,8,E01021760,0,2
2024361500100,2024,361500100,1,9,0,-1,9,5,3,-1,0,1,0,0,0,0,3,1,-1,9,2,43,7,1330,1,6,RENAULT KADJAR,5,E01035531,0,4
2024401422845,2024,401422845,1,9,0,-1,19,6,2,-1,0,4,0,0,0,0,1,1,-1,6,2,34,6,1461,2,7,RENAULT KADJAR,2,E01033803,0,1
2024471421895,2024,471421895,2,9,0,-1,19,3,7,-1,0,0,0,0,0,0,2,1,-1,2,1,64,9,1461,2,6,RENAULT KADJAR,7,E01032831,0,3
2024501475311,2024,501475311,2,9,0,-1,7,3,7,-1,0,6,0,0,0,0,1,1,-1,6,1,41,7,1598,2,8,RENAULT KADJAR,3,E01018925,0,3
2024131485758,2024,131485758,2,9,0,-1,19,5,1,-1,0,8,0,0,0,0,3,1,-1,9,1,47,8,1198,1,8,RENAULT KADJAR,7,E01011642,0,1
2024351472339,2024,351472339,2,5,0,-1,9,2,4,-1,0,8,0,0,0,0,1,1,-1,6,1,35,6,648,1,1,-1,9,E01018006,0,3
2024471483563,2024,471483563,2,5,0,-1,19,3,7,-1,0,1,1,0,0,0,1,1,-1,9,1,23,5,648,1,5,-1,8,E01022935,0,2
2024631492570,2024,631492570,1,5,5,-1,12,1,4,-1,0,0,0,0,7,3,1,1,-1,6,1,50,8,535,1,9,-1,7,W01000700,0,1
2024440079996,2024,440079996,2,5,0,18,19,2,6,0,0,1,0,0,0,0,1,1,1,1,1,55,8,648,1,3,-1,9,E01023152,0,2
2024010527083,2024,010527083,2,5,0,18,19,4,8,0,0,1,1,0,0,0,1,1,6,6,1,20,4,535,1,5,-1,1,E01013947,0,5
202454B516824,2024,54B516824,1,9,0,18,19,1,5,0,0,0,5,0,7,4,1,1,2,2,2,64,9,996,1,15,SUZUKI SPLASH,10,E01031934,0,2
2024010537303,2024,010537303,2,9,0,18,19,1,5,0,0,2,0,0,0,0,1,1,6,6,2,27,6,1242,1,13,SUZUKI SPLASH,3,E01001446,0,1
2024991420439,2024,991420439,1,9,0,-1,19,7,3,-1,0,0,0,0,0,0,3,1,-1,6,1,63,9,1242,1,12,SUZUKI SPLASH,2,-1,0,3
2024371484172,2024,371484172,2,9,-1,-1,4,-1,-1,-1,0,1,0,0,0,0,2,9,-1,6,2,47,8,1242,1,15,SUZUKI SPLASH,2,E01030170,0,1
2024471404293,2024,471404293,2,9,0,-1,2,0,0,-1,0,0,0,0,0,0,3,1,-1,1,1,69,10,1242,1,11,SUZUKI SPLASH,2,E01031555,0,1
2024552400526,2024,552400526,1,9,0,18,19,3,7,9,9,6,0,0,3,4,1,1,6,6,1,88,11,1242,1,11,SUZUKI SPLASH,8,E01015453,0,1
2024010550592,2024,010550592,3,9,0,16,19,1,5,0,0,1,0,0,0,0,1,1,6,6,1,29,6,1242,1,16,SUZUKI SPLASH,-1,-1,0,-1
2024122400609,2024,122400609,1,9,0,16,19,7,3,0,0,0,0,0,0,0,1,1,6,6,1,24,5,1242,1,11,SUZUKI SPLASH,8,E01027656,0,4
2024520402598,2024,520402598,1,9,0,16,19,1,5,0,0,0,0,0,8,10,1,1,6,6,1,43,7,996,1,12,SUZUKI SPLASH,1,E01029107,0,3
2024440367586,2024,440367586,1,9,0,18,19,3,7,0,0,0,0,0,0,0,1,1,6,6,1,82,11,1242,1,11,SUZUKI SPLASH,-1,-1,0,-1
2024010541308,2024,010541308,2,9,0,10,10,7,5,0,0,1,0,0,0,0,0,1,6,6,1,28,6,1242,1,10,SUZUKI SPLASH,-1,-1,0,-1
2024440177959,2024,440177959,3,9,0,4,4,2,6,0,0,2,0,0,0,0,2,1,2,2,2,31,6,1248,2,16,SUZUKI SPLASH,-1,-1,0,-1
2024131456770,2024,131456770,1,9,0,-1,-1,-1,-1,-1,-1,-1,-1,-1,-1,-1,1,1,-1,6,3,-1,-1,1242,1,15,SUZUKI SPLASH,-1,-1,0,-1
2024340WN2252,2024,340WN2252,1,9,0,-1,19,2,6,-1,0,1,0,0,0,0,4,1,-1,9,2,25,5,996,1,14,SUZUKI SPLASH,5,E01027138,0,2
2024501427372,2024,501427372,1,9,0,-1,19,1,5,-1,0,0,0,0,0,0,1,1,-1,9,2,76,11,1242,1,11,SUZUKI SPLASH,4,E01018968,0,1
2024501489418,2024,501489418,2,9,0,-1,3,2,6,-1,0,0,0,0,0,0,2,1,-1,9,2,31,6,996,1,15,SUZUKI SPLASH,9,E01020058,0,3
2024302500213,2024,302500213,3,9,0,-1,4,8,4,-1,0,0,0,0,0,0,2,1,-1,6,3,25,5,996,1,12,SUZUKI SPLASH,7,E01019513,0,3
2024071085371,2024,071085371,1,9,0,-1,9,5,7,-1,0,8,0,0,0,0,4,1,-1,9,2,78,11,996,1,11,SUZUKI SPLASH,1,E01012444,0,2
2024320461422,2024,320461422,1,9,0,-1,-1,8,4,0,0,6,0,0,0,0,3,1,6,6,2,62,9,996,1,13,SUZUKI SPLASH,3,E01026075,0,1
2024440105893,2024,440105893,2,9,0,18,19,3,7,0,0,8,1,0,7,10,3,1,6,6,2,18,4,1242,1,16,SUZUKI SPLASH,8,E01030422,0,1
2024010530962,2024,010530962,2,9,0,99,99,9,9,99,99,9,9,99,9,99,9,9,6,6,3,-1,-1,1242,1,10,SUZUKI SPLASH,-1,-1,0,-1
2024041400200,2024,041400200,2,9,0,-1,9,1,6,-1,0,8,0,0,0,0,1,1,-1,6,2,19,4,996,1,10,SUZUKI SPLASH,7,E01025339,0,1
2024552401014,2024,552401014,2,9,0,18,19,2,6,0,0,0,0,0,0,0,3,1,2,2,2,23,5,996,1,12,SUZUKI SPLASH,7,E01015466,0,1
2024041455197,2024,041455197,1,9,0,-1,7,1,5,-1,0,1,0,0,0,0,4,1,-1,2,2,32,6,1242,1,11,SUZUKI SPLASH,5,E01025580,0,2
2024471483095,2024,471483095,1,9,0,-1,6,6,6,-1,9,6,0,10,1,2,1,1,-1,9,1,91,11,1242,1,11,SUZUKI SPLASH,7,E01021007,0,1
202417M102824,2024,17M102824,2,9,0,9,9,2,7,0,0,8,0,0,0,0,1,1,6,6,2,20,4,1242,1,16,SUZUKI SPLASH,1,E01012083,0,1
2024522403019,2024,522403019,1,9,0,18,19,5,1,0,0,0,0,4,0,0,1,1,6,6,1,20,4,996,1,11,SUZUKI SPLASH,6,E01014929,0,2
2024461543253,2024,461543253,2,9,0,-1,19,7,3,-1,0,0,0,0,0,0,1,1,-1,6,2,49,8,1242,1,16,SUZUKI SPLASH,2,E01024840,0,1
2024421488531,2024,421488531,1,9,0,-1,19,1,5,-1,0,0,0,0,0,0,1,1,-1,9,2,65,9,996,1,13,SUZUKI SPLASH,9,E01021409,0,2
2024451520495,2024,451520495,1,9,0,-1,4,4,5,-1,0,0,0,0,0,0,1,9,-1,6,3,62,9,1242,1,15,SUZUKI SPLASH,7,E01030755,0,1
2024041519461,2024,041519461,2,9,0,-1,4,1,3,-1,0,0,0,0,0,0,1,1,-1,9,2,90,11,996,1,11,SUZUKI SPLASH,9,E01006314,0,2
2024010506355,2024,010506355,2,9,0,99,99,9,9,99,99,9,9,99,9,99,2,9,6,6,3,-1,-1,996,1,10,SUZUKI SPLASH,-1,-1,0,-1
2024401489609,2024,401489609,1,9,0,-1,6,8,6,-1,0,0,1,0,7,0,3,1,-1,2,2,25,5,996,1,13,SUZUKI SPLASH,9,E01033825,0,1
2024471434977,2024,471434977,2,9,0,-1,2,0,0,-1,0,0,0,0,0,0,2,1,-1,6,-1,-1,-1,996,1,11,SUZUKI SPLASH,-1,-1,0,-1
2024302400307,2024,302400307,3,9,0,4,4,5,8,0,0,1,0,0,0,0,2,1,6,6,2,55,8,1242,1,15,SUZUKI SPLASH,-1,-1,0,-1
2024411405221,2024,411405221,3,9,0,-1,4,1,5,-1,0,0,0,0,0,0,2,1,-1,9,2,26,6,996,1,12,SUZUKI SPLASH,3,E01017539,0,4
2024211472938,2024,211472938,1,9,0,-1,9,6,4,-1,0,6,0,0,0,0,1,1,-1,6,1,38,7,1242,1,14,SUZUKI SPLASH,1,E01014273,0,1
2024461512978,2024,461512978,2,9,0,-1,19,5,1,-1,0,4,0,0,0,0,4,9,-1,6,2,19,4,1242,1,16,SUZUKI SPLASH,1,E01024597,0,1
2024440394551,2024,440394551,1,9,0,18,19,3,7,0,0,1,0,7,3,11,3,1,6,6,2,29,6,1242,1,10,SUZUKI SPLASH,3,E01017105,0,1
202454A424524,2024,54A424524,2,9,0,18,19,6,2,0,0,0,0,0,0,0,3,1,6,6,2,21,5,1242,1,15,SUZUKI SPLASH,4,E01032019,0,4
2024122401134,2024,122401134,1,9,0,18,19,6,2,0,0,1,0,0,0,0,1,1,6,6,1,56,9,1242,1,15,SUZUKI SPLASH,9,E01027714,0,3
2024545471724,2024,545471724,2,9,0,4,4,7,3,0,0,1,0,0,0,0,2,1,2,2,2,45,7,1242,1,16,SUZUKI SPLASH,10,E01015471,0,1
2024522403444,2024,522403444,1,9,0,8,8,4,8,0,0,1,0,0,0,0,2,1,6,6,2,33,6,996,1,12,SUZUKI SPLASH,6,W01001908,0,3
2024520500006,2024,520500006,1,9,0,3,3,1,2,0,0,4,0,0,0,0,2,1,6,6,2,64,9,996,1,11,SUZUKI SPLASH,9,E01029159,0,2
2024031464645,2024,031464645,1,9,0,-1,13,7,3,-1,0,0,0,0,0,0,1,1,-1,9,1,36,7,1998,2,17,VOLVO V50,1,E01019280,0,3
2024401481797,2024,401481797,2,9,0,-1,19,4,8,-1,0,0,0,0,0,0,1,1,-1,2,1,21,5,1997,2,15,VOLVO V50,10,E01033025,0,3
2024991412182,2024,991412182,1,9,0,-1,9,3,1,-1,0,5,0,0,0,0,4,1,-1,9,1,39,7,1560,2,16,VOLVO V50,4,-1,0,1
2024991424141,2024,991424141,2,9,0,-1,5,1,2,-1,0,8,0,0,0,0,1,1,-1,6,1,80,11,1997,2,14,VOLVO V50,9,-1,0,1
2024451485356,2024,451485356,1,9,0,-1,19,7,3,-1,0,0,1,4,0,0,1,1,-1,9,1,65,9,1560,2,13,VOLVO V50,9,E01030960,0,1
2024471473763,2024,471473763,3,9,0,-1,4,1,5,-1,0,0,0,0,0,0,2,9,-1,6,1,-1,-1,1998,2,17,VOLVO V50,6,E01021164,0,3
2024231468298,2024,231468298,2,9,0,-1,1,1,5,-1,0,6,0,0,7,0,1,1,-1,2,1,36,7,1560,2,15,VOLVO V50,5,E01009583,0,2
2024440514435,2024,440514435,1,9,0,18,19,2,6,0,0,1,0,0,0,0,1,1,6,6,1,44,7,1560,2,12,VOLVO V50,6,E01035450,0,4
2024501442690,2024,501442690,1,9,0,-1,19,4,8,-1,0,0,0,0,0,0,3,1,-1,9,2,18,4,1998,2,18,VOLVO V50,6,E01018821,0,1
2024547420124,2024,547420124,1,9,0,18,19,7,3,0,0,4,0,0,0,0,1,1,2,2,1,61,9,1984,2,14,VOLVO V50,8,E01032699,0,1
2024461469177,2024,461469177,1,9,0,-1,19,7,3,-1,0,0,0,0,0,0,1,9,-1,6,2,-1,-1,1560,2,12,VOLVO V50,-1,-1,0,-1
2024451462996,2024,451462996,1,9,0,-1,13,1,5,-1,0,0,1,0,0,0,3,1,-1,2,1,35,6,2435,1,17,VOLVO V50,-1,-1,0,-1
2024361526515,2024,361526515,2,9,0,-1,19,2,6,-1,0,2,0,0,0,0,4,1,-1,2,2,36,7,1998,2,18,VOLVO V50,4,E01026864,0,1
2024471454392,2024,471454392,1,9,0,-1,19,1,5,-1,0,0,0,0,0,0,1,1,-1,2,2,57,9,1560,2,13,VOLVO V50,6,E01021032,0,1
2024522402891,2024,522402891,2,9,0,9,9,2,8,0,0,5,0,0,0,0,3,1,6,6,2,43,7,1998,1,13,VOLVO V50,9,E01014899,0,1
2024440081527,2024,440081527,1,9,0,18,19,8,4,0,0,0,0,10,0,0,4,1,6,6,1,43,7,1798,1,16,VOLVO V50,4,E01017121,0,4
2024471477927,2024,471477927,2,9,0,-1,19,1,5,-1,0,8,0,0,0,0,1,1,-1,2,1,31,6,1997,2,15,VOLVO V50,2,E01017108,0,4
2024361443692,2024,361443692,1,9,0,-1,7,2,8,-1,0,0,0,0,0,0,4,1,-1,6,1,55,8,1997,2,15,VOLVO V50,5,E01034767,0,1
2024221410025,2024,221410025,2,9,0,-1,4,5,1,-1,0,1,0,0,0,0,2,1,-1,2,1,29,6,1998,2,17,VOLVO V50,2,E01014074,0,3
2024052401904,2024,052401904,1,9,0,2,2,0,0,0,0,0,0,8,0,0,3,1,6,6,1,64,9,1560,2,13,VOLVO V50,10,E01006926,0,1
2024501478451,2024,501478451,1,9,0,-1,19,8,3,-1,0,1,2,0,0,0,4,1,-1,9,1,56,9,1560,2,13,VOLVO V50,3,E01032627,0,5
2024440032626,2024,440032626,2,9,0,18,19,6,2,0,0,8,0,0,0,0,4,1,6,6,1,69,10,1798,1,16,VOLVO V50,5,E01022845,0,2
2024131404491,2024,131404491,2,9,0,-1,19,3,7,-1,0,0,0,0,0,0,2,1,-1,1,1,48,8,1998,2,18,VOLVO V50,3,E01006743,0,4
2024311508236,2024,311508236,1,9,0,-1,5,0,4,-1,0,1,0,4,7,0,1,1,-1,6,1,63,9,1997,2,15,VOLVO V50,-1,-1,0,-1
2024131482780,2024,131482780,1,9,0,-1,19,6,2,-1,0,0,0,0,0,0,1,1,-1,6,1,77,11,1998,2,15,VOLVO V50,7,E01010876,0,1
2024320693103,2024,320693103,1,9,0,-1,-1,8,4,0,0,0,0,0,0,0,4,1,-1,-1,2,32,6,1998,2,17,VOLVO V50,7,E01026333,0,1
2024361411660,2024,361411660,1,9,0,-1,19,2,6,-1,0,8,0,0,0,0,4,1,-1,9,1,55,8,1998,2,20,VOLVO V50,8,E01026835,0,1
2024221479073,2024,221479073,1,9,0,-1,19,4,8,-1,0,1,0,0,0,0,1,1,-1,6,1,24,5,1560,2,13,VOLVO V50,2,E01034333,0,1
2024401539353,2024,401539353,2,9,0,-1,-1,-1,-1,-1,-1,-1,-1,-1,-1,0,1,9,-1,9,1,61,9,1560,2,14,VOLVO V50,4,E01015755,0,1
2024501424380,2024,501424380,2,9,0,-1,19,7,2,-1,0,8,0,0,0,0,4,9,-1,9,2,42,7,2521,1,20,VOLVO V50,3,E01020264,0,1
2024311525886,2024,311525886,1,9,0,-1,1,1,5,-1,0,0,0,0,0,0,2,9,-1,6,3,-1,-1,1998,2,17,VOLVO V50,-1,-1,0,-1
2024520401747,2024,520401747,1,9,0,18,19,6,2,0,0,8,0,0,0,0,1,1,6,6,1,53,8,1560,2,15,VOLVO V50,5,E01029053,0,2
2024231419308,2024,231419308,1,9,0,-1,8,7,1,-1,0,1,0,0,0,0,2,2,-1,9,2,42,7,1798,1,17,VOLVO V50,6,E01033253,0,1
2024501476690,2024,501476690,3,9,0,-1,19,1,5,-1,0,2,1,0,0,0,1,1,-1,9,1,54,8,1560,2,14,VOLVO V50,6,E01019026,0,1
2024351504894,2024,351504894,1,9,0,-1,5,6,2,-1,-1,0,0,0,0,0,1,1,-1,9,1,28,6,1998,2,16,VOLVO V50,6,E01018156,0,1
2024991411149,2024,991411149,1,9,0,-1,19,3,7,-1,0,4,0,9,0,0,1,1,-1,9,1,27,6,1998,2,18,VOLVO V50,3,-1,0,2
2024131509675,2024,131509675,2,9,0,-1,-1,8,8,-1,-1,4,0,0,7,0,1,1,-1,6,3,-1,-1,1560,2,14,VOLVO V50,-1,-1,0,-1
2024430343173,2024,430343173,3,9,0,18,19,-1,-1,0,0,0,0,0,0,0,1,1,6,6,2,83,11,1997,2,14,VOLVO V50,10,E01028685,0,4
2024471466274,2024,471466274,2,9,0,-1,4,7,3,-1,0,0,0,0,0,0,2,1,-1,2,1,54,8,1984,2,12,VOLVO V50,7,E01031653,0,3
2024122400078,2024,122400078,1,9,0,14,14,5,1,0,0,0,0,0,0,0,3,1,6,6,1,75,10,1560,2,12,VOLVO V50,10,E01013436,0,3
2024991421985,2024,991421985,2,9,0,-1,2,1,5,-1,-1,0,0,0,1,0,1,1,-1,6,-1,-1,-1,1984,2,13,VOLVO V50,-1,-1,0,-1
2024501466586,2024,501466586,2,9,0,-1,19,6,2,-1,0,1,1,0,0,0,3,1,-1,6,1,29,6,2435,1,19,VOLVO V50,3,E01002445,0,5
2024440159150,2024,440159150,1,9,0,18,19,2,6,0,0,0,0,10,0,0,3,1,6,6,1,27,6,1998,2,16,VOLVO V50,5,E01022845,0,1
2024361503864,2024,361503864,2,9,0,-1,10,2,8,-1,0,1,0,0,0,0,2,1,-1,9,1,77,11,1560,2,15,VOLVO V50,9,E01026708,0,4
2024061467098,2024,061467098,2,9,0,-1,2,0,0,-1,0,0,1,0,1,0,2,1,-1,9,2,21,5,1997,2,15,VOLVO V50,2,E01006323,0,1
2024340NN0772,2024,340NN0772,2,9,0,-1,3,5,1,-1,0,0,0,0,0,0,2,1,-1,9,1,62,9,1560,2,16,VOLVO V50,7,E01027129,0,4
2024131527198,2024,131527198,1,9,0,-1,19,5,1,-1,0,1,0,0,0,0,1,2,-1,9,1,60,9,1998,2,17,VOLVO V50,1,E01011366,0,2
2024302400847,2024,302400847,1,9,0,1,1,5,1,0,0,2,0,0,0,0,1,1,6,6,1,30,6,1984,2,13,VOLVO V50,5,E01019475,0,1
2024501418630,2024,501418630,2,9,0,-1,2,0,0,-1,0,1,0,0,0,0,2,1,-1,6,1,44,7,2401,2,16,VOLVO V50,4,E01015147,0,1
2024351423618,2024,351423618,1,9,0,-1,7,1,7,-1,0,5,0,0,3,0,4,9,-1,6,1,-1,-1,1998,2,17,VOLVO V50,7,E01021430,0,4
2024320249462,2024,320249462,1,9,0,9,9,5,3,0,0,5,0,0,0,0,4,1,-1,-1,1,72,10,1560,2,16,VOLVO V50,3,E01026102,0,3
2024070900655,2024,070900655,1,9,0,-1,19,3,7,-1,0,9,0,0,0,0,4,1,-1,6,3,46,8,1998,2,17,VOLVO V50,-1,-1,0,-1
2024361503317,2024,361503317,2,9,0,-1,19,8,7,-1,0,1,0,0,0,0,1,1,-1,6,2,27,6,1998,2,19,VOLVO V50,6,E01026492,0,2
2024401439812,2024,401439812,2,9,0,-1,19,1,5,-1,0,8,1,4,0,0,1,1,-1,6,-1,-1,-1,2435,1,17,VOLVO V50,-1,-1,0,-1
2024302401663,2024,302401663,4,9,0,2,2,0,0,0,0,2,0,0,0,0,2,1,6,6,3,-1,-1,1560,2,15,VOLVO V50,-1,-1,0,-1
2024471403727,2024,471403727,1,9,0,-1,19,2,6,-1,0,0,0,0,0,0,1,9,-1,6,1,60,9,2435,1,18,VOLVO V50,5,E01030862,0,2
2024131464911,2024,131464911,2,9,0,-1,3,8,4,-1,0,0,0,0,0,0,2,1,-1,6,1,52,8,1998,2,17,VOLVO V50,1,E01032494,0,1
2024211531599,2024,211531599,1,9,0,-1,3,1,4,-1,0,0,0,0,0,0,1,1,-1,9,1,67,10,1998,2,18,VOLVO V50,3,E01007167,0,5
2024471420236,2024,471420236,2,9,0,-1,19,1,5,-1,0,0,0,0,0,0,4,1,-1,2,2,38,7,1984,2,13,VOLVO V50,8,E01034820,0,1
2024471517259,2024,471517259,2,9,0,-1,2,0,0,-1,0,0,0,0,0,0,1,1,-1,6,-1,-1,-1,1560,2,13,VOLVO V50,-1,-1,0,-1
2024041478811,2024,041478811,2,9,0,-1,19,1,5,-1,0,3,0,0,0,0,4,1,-1,9,1,55,8,1560,2,14,VOLVO V50,7,E01025147,0,2
2024311496898,2024,311496898,1,9,0,-1,13,3,7,-1,0,0,0,0,0,0,1,1,-1,6,1,19,4,1560,2,14,VOLVO V50,1,E01028066,0,1
2024471487351,2024,471487351,1,9,0,-1,-1,-1,-1,-1,0,0,0,0,0,0,1,1,-1,6,1,-1,-1,1998,2,16,VOLVO V50,-1,-1,0,-1
2024131534640,2024,131534640,1,9,0,-1,7,5,7,-1,0,8,0,0,0,0,2,1,-1,2,2,24,5,1560,2,13,VOLVO V50,1,E01010755,0,1
2024201450949,2024,201450949,1,9,0,-1,19,7,3,-1,0,0,0,0,0,0,1,1,-1,6,2,65,9,1998,2,19,VOLVO V50,5,E01008965,0,2
2024411449233,2024,411449233,1,9,0,-1,13,7,8,-1,0,0,0,0,0,0,4,1,-1,2,1,56,9,1560,2,12,VOLVO V50,4,E01023772,0,2
2024101512918,2024,101512918,1,9,0,-1,19,8,5,-1,0,0,0,0,0,0,3,9,-1,6,1,31,6,2400,2,15,VOLVO V50,4,E01008490,0,1
2024211549544,2024,211549544,1,9,0,-1,2,3,3,-1,0,0,0,0,0,0,1,9,-1,6,2,30,6,1560,2,12,VOLVO V50,-1,-1,0,-1
2024440275755,2024,440275755,1,9,0,9,9,3,1,0,0,6,0,0,0,0,4,1,6,6,1,63,9,1560,2,14,VOLVO V50,5,E01020083,0,5
2024351500962,2024,351500962,2,9,-1,-1,-1,-1,-1,-1,-1,0,-1,-1,-1,0,2,9,-1,6,1,21,5,1998,2,17,VOLVO V50,4,E01018060,0,3
2024311456688,2024,311456688,1,9,0,-1,19,1,2,-1,0,0,0,0,0,0,2,1,-1,6,1,24,5,2401,2,18,VOLVO V50,3,E01028166,0,1
2024501527820,2024,501527820,1,9,0,-1,19,7,3,-1,0,0,0,0,0,0,1,1,-1,6,2,58,9,1560,2,14,VOLVO V50,4,E01018894,0,1
2024010538034,2024,010538034,1,23,0,18,19,3,7,0,0,0,0,0,0,0,1,1,6,6,1,24,5,-1,3,3,-1,4,E01001137,0,1
2024430411986,2024,430411986,2,3,0,18,19,4,8,0,0,8,0,0,0,0,1,1,1,1,1,30,6,-1,3,5,-1,6,E01016297,0,3
2024010525298,2024,010525298,1,2,0,13,13,5,1,0,0,1,0,0,0,0,4,1,1,1,1,27,6,-1,3,2,-1,6,E01003386,0,2