collision_index,collision_year,collision_ref_no,vehicle_reference,vehicle_type,towing_and_articulation,vehicle_manoeuvre_historic,vehicle_manoeuvre,vehicle_direction_from,vehicle_direction_to,vehicle_location_restricted_lane_historic,vehicle_location_restricted_lane,junction_location,skidding_and_overturning,hit_object_in_carriageway,vehicle_leaving_carriageway,hit_object_off_carriageway,first_point_of_impact,vehicle_left_hand_drive,journey_purpose_of_driver_historic,journey_purpose_of_driver,sex_of_driver,age_of_driver,age_band_of_driver,engine_capacity_cc,propulsion_code,age_of_vehicle,generic_make_model,driver_imd_decile,lsoa_of_driver,escooter_flag,driver_distance_banding
2024010547091,2024,010547091,1,23,0,99,99,9,9,99,99,9,9,99,9,99,2,1,1,1,1,20,4,-1,3,2,-1,3,E01003299,0,1
2024010544803,2024,010544803,2,9,0,7,7,1,3,0,0,6,0,0,1,0,1,1,6,6,2,31,6,-1,3,2,-1,7,E01004081,0,1
2024010550563,2024,010550563,1,2,0,4,4,7,3,0,0,1,0,0,0,0,1,1,1,1,1,25,5,-1,3,4,-1,3,E01001367,0,3
2024010542390,2024,010542390,1,23,0,99,99,9,9,99,99,9,9,99,9,99,1,1,1,1,1,28,6,-1,3,2,-1,4,E01001005,0,1
2024501416444,2024,501416444,2,9,0,-1,19,7,3,-1,0,8,0,0,0,0,3,1,-1,9,1,63,9,1905,2,31,-1,6,E01018912,0,1
2024451446700,2024,451446700,2,9,0,-1,19,1,5,-1,0,8,0,0,0,0,1,1,-1,9,1,39,7,1997,2,17,-1,9,E01000656,0,3
2024031526539,2024,031526539,1,9,0,-1,6,5,5,-1,0,6,0,0,0,0,3,1,-1,9,1,35,6,1997,1,19,-1,1,E01025156,0,3
2024311530900,2024,311530900,2,9,0,-1,19,1,5,-1,0,1,0,0,0,0,1,1,-1,2,2,59,9,1997,2,17,-1,4,E01027928,0,2
2024041406588,2024,041406588,1,9,0,-1,19,5,1,-1,0,0,0,0,0,0,1,1,-1,9,1,49,8,1997,1,20,-1,8,E01025272,0,3
2024440381295,2024,440381295,1,9,0,9,9,1,7,0,0,6,0,0,0,0,3,1,6,6,2,28,6,1600,8,3,-1,9,E01017046,0,1
2024552400533,2024,552400533,1,9,0,13,13,2,6,0,0,0,0,0,0,0,1,1,6,6,2,38,7,1598,1,2,-1,6,E01035457,0,4
2024231454829,2024,231454829,2,5,0,-1,19,6,2,-1,0,8,1,0,0,0,4,1,-1,9,1,21,5,745,1,14,-1,7,E01035033,0,1
2024991439085,2024,991439085,1,5,0,-1,4,8,4,-1,0,6,0,0,0,0,1,1,-1,9,1,60,9,745,1,14,-1,-1,-1,0,-1
2024544892724,2024,544892724,1,9,0,18,19,5,1,0,0,1,0,0,0,0,4,1,6,6,1,70,10,1580,8,2,HYUNDAI KONA,10,E01031948,0,3
2024991481963,2024,991481963,1,9,0,-1,19,4,8,-1,0,0,0,0,0,0,1,1,-1,9,2,51,8,-1,3,2,HYUNDAI KONA,8,-1,0,1
2024361478952,2024,361478952,2,9,0,-1,9,5,1,-1,0,0,0,0,0,0,2,1,-1,9,2,64,9,1580,8,3,HYUNDAI KONA,5,E01026501,0,1
2024122400691,2024,122400691,2,9,0,18,19,1,5,0,0,0,0,0,0,0,3,1,6,6,2,57,9,998,1,6,HYUNDAI KONA,9,E01027631,0,3
2024991534706,2024,991534706,2,9,0,-1,19,8,5,-1,0,8,0,0,0,0,4,1,-1,9,2,33,6,-1,3,0,HYUNDAI KONA,1,-1,0,1
2024010535573,2024,010535573,2,9,0,9,9,1,6,0,0,8,0,0,0,0,2,1,6,6,3,-1,-1,-1,3,0,HYUNDAI KONA,-1,-1,0,-1
2024010531317,2024,010531317,2,9,0,99,99,9,9,99,99,9,9,99,9,99,1,9,6,6,3,-1,-1,1580,8,0,HYUNDAI KONA,6,E01004383,0,1
2024421425905,2024,421425905,1,9,0,-1,5,5,2,-1,0,2,0,0,0,0,2,1,-1,9,2,52,8,-1,3,4,HYUNDAI KONA,7,E01021657,0,1
2024991433221,2024,991433221,3,9,0,-1,2,3,3,-1,0,0,0,0,0,0,2,1,-1,1,1,45,7,-1,3,4,HYUNDAI KONA,-1,-1,0,-1
2024451448289,2024,451448289,2,9,0,-1,19,7,3,-1,0,0,0,0,0,0,2,1,-1,9,1,26,6,-1,3,1,HYUNDAI KONA,2,W01001866,0,5
2024991520467,2024,991520467,1,9,0,-1,19,7,4,-1,0,0,1,0,1,0,1,1,-1,9,1,31,6,1591,1,6,HYUNDAI KONA,-1,-1,0,-1
2024010490314,2024,010490314,2,9,0,18,19,3,7,0,0,3,0,0,0,0,3,1,6,6,1,68,10,1580,8,1,HYUNDAI KONA,7,E01000685,0,1
2024501509435,2024,501509435,1,9,0,-1,19,6,2,-1,0,0,0,0,0,0,1,1,-1,1,2,60,9,1580,8,4,HYUNDAI KONA,4,E01018918,0,1
2024421513539,2024,421513539,2,9,0,-1,10,1,7,-1,0,4,0,0,0,0,3,1,-1,9,2,27,6,1580,8,0,HYUNDAI KONA,4,E01021979,0,3
2024421474562,2024,421474562,2,9,0,-1,19,6,2,-1,0,2,0,0,0,0,3,1,-1,9,1,53,8,998,1,5,HYUNDAI KONA,3,E01029998,0,4
2024501529735,2024,501529735,1,9,0,-1,19,7,3,-1,0,1,0,0,1,0,1,1,-1,9,1,55,8,1580,8,3,HYUNDAI KONA,6,W01001184,0,5
2024010492489,2024,010492489,1,9,0,1,1,5,1,0,0,0,0,0,0,0,2,2,6,6,1,64,9,-1,3,4,HYUNDAI KONA,2,E01017181,0,5
2024131456423,2024,131456423,3,9,0,-1,19,7,3,-1,0,0,0,0,0,0,3,1,-1,9,1,43,7,-1,3,0,HYUNDAI KONA,7,E01010590,0,1
2024481569629,2024,481569629,1,8,0,-1,6,3,3,-1,0,1,0,0,0,0,3,1,-1,1,1,57,9,-1,3,2,HYUNDAI KONA,-1,-1,0,-1
2024010543278,2024,010543278,1,9,0,18,19,1,5,0,0,1,0,0,0,0,3,1,6,6,1,54,8,1580,8,1,HYUNDAI KONA,3,E01004271,0,2
2024320505784,2024,320505784,1,9,0,-1,-1,2,6,0,0,0,0,4,1,0,1,1,6,6,2,70,10,-1,3,0,HYUNDAI KONA,-1,-1,0,-1
2024461398370,2024,461398370,1,9,0,-1,1,1,5,-1,0,1,0,0,0,0,2,9,-1,6,2,35,6,-1,3,3,HYUNDAI KONA,3,E01024509,0,1
2024991477082,2024,991477082,1,9,0,-1,19,8,4,-1,0,0,0,10,1,10,1,1,-1,9,2,26,6,1580,8,3,HYUNDAI KONA,7,-1,0,1
202454B834424,2024,54B834424,1,9,0,9,9,3,8,0,0,6,0,0,0,0,3,1,6,6,1,60,9,1580,8,2,HYUNDAI KONA,9,E01032102,0,1
2024010534085,2024,010534085,1,9,0,12,12,5,1,0,0,1,0,0,0,0,1,1,6,6,1,53,8,1580,8,1,HYUNDAI KONA,3,E01000226,0,3
2024451395461,2024,451395461,2,9,0,-1,19,5,1,-1,0,0,0,0,0,0,2,1,-1,9,1,23,5,-1,3,2,HYUNDAI KONA,6,E01031614,0,3
2024101449198,2024,101449198,1,9,0,-1,4,1,5,-1,0,4,0,0,0,0,1,1,-1,1,2,-1,-1,1580,8,3,HYUNDAI KONA,-1,-1,0,-1
2024991464398,2024,991464398,2,9,0,-1,19,7,3,-1,0,1,0,0,1,11,4,1,-1,1,1,30,6,-1,3,4,HYUNDAI KONA,2,-1,0,1
2024545456224,2024,545456224,1,9,0,16,19,3,7,0,0,0,0,0,0,0,1,1,2,2,1,60,9,1580,8,0,HYUNDAI KONA,6,E01031866,0,1
2024371398891,2024,371398891,2,9,0,-1,19,7,3,-1,0,0,0,0,1,0,1,1,-1,1,2,27,6,998,1,6,HYUNDAI KONA,5,E01030106,0,2
2024141409091,2024,141409091,1,9,0,-1,19,5,1,-1,0,2,0,0,0,0,4,1,-1,9,2,75,10,1580,8,2,HYUNDAI KONA,7,E01008133,0,1
2024010538982,2024,010538982,1,9,0,18,19,3,7,0,0,0,1,0,7,0,1,1,1,1,1,45,7,-1,3,4,HYUNDAI KONA,-1,-1,0,-1
2024471403143,2024,471403143,4,9,0,-1,3,1,5,-1,0,0,0,0,0,0,2,1,-1,9,2,58,9,-1,3,1,HYUNDAI KONA,6,E01016927,0,1
2024991445286,2024,991445286,2,9,0,-1,19,6,2,-1,0,0,0,0,0,0,1,1,-1,6,2,72,10,998,8,3,HYUNDAI KONA,8,-1,0,1
2024622400724,2024,622400724,1,9,0,1,1,7,3,0,0,6,0,4,7,2,2,1,6,6,1,53,8,1580,8,1,HYUNDAI KONA,2,W01000762,0,1
2024991526283,2024,991526283,1,9,0,-1,19,8,4,-1,0,0,0,0,0,0,1,2,-1,9,2,78,11,1580,8,2,HYUNDAI KONA,8,-1,0,2
2024501493609,2024,501493609,2,9,0,-1,11,5,1,-1,0,0,0,0,0,0,2,1,-1,2,2,31,6,-1,3,3,HYUNDAI KONA,5,E01020157,0,4
2024052400346,2024,052400346,1,8,0,5,5,6,2,0,0,6,0,0,0,0,3,1,1,1,1,38,7,1580,8,2,HYUNDAI KONA,1,E01006518,0,1
202460Q116579,2024,60Q116579,2,9,0,2,2,0,0,0,0,2,0,0,0,0,2,1,6,6,1,56,9,998,8,2,HYUNDAI KONA,-1,-1,0,-1
2024141469171,2024,141469171,2,9,0,-1,19,8,4,-1,0,0,0,0,0,0,1,1,-1,9,2,65,9,1591,1,6,HYUNDAI KONA,3,E01007354,0,3
2024211491869,2024,211491869,1,9,0,-1,19,4,8,-1,0,3,0,0,0,0,1,2,-1,6,2,72,10,1580,8,2,HYUNDAI KONA,-1,-1,0,-1
2024440201160,2024,440201160,2,9,0,9,9,4,2,0,0,8,0,0,0,0,4,1,6,6,2,-1,-1,998,8,3,HYUNDAI KONA,-1,-1,0,-1
2024131472333,2024,131472333,2,9,0,-1,19,6,2,-1,0,0,0,0,0,0,2,1,-1,9,1,33,6,998,8,3,HYUNDAI KONA,2,E01011000,0,1
2024052401753,2024,052401753,1,9,0,18,19,6,2,0,0,0,0,0,0,0,1,1,6,6,2,39,7,998,1,0,HYUNDAI KONA,1,E01006702,0,1
2024131509624,2024,131509624,2,9,0,-1,19,1,5,-1,0,0,0,0,0,0,2,1,-1,1,1,44,7,-1,3,4,HYUNDAI KONA,7,E01012527,0,4
2024320719284,2024,320719284,2,9,0,-1,-1,8,4,0,0,8,0,0,0,0,1,1,-1,-1,1,51,8,1580,8,5,HYUNDAI KONA,4,E01026178,0,2
2024471407988,2024,471407988,1,9,0,-1,19,3,7,-1,0,8,0,0,0,0,4,1,-1,1,1,79,11,-1,3,3,HYUNDAI KONA,6,E01021079,0,1
2024111517736,2024,111517736,2,9,0,-1,2,0,0,-1,0,1,0,0,1,0,2,1,-1,6,-1,-1,-1,998,8,2,HYUNDAI KONA,-1,-1,0,-1
2024231495302,2024,231495302,2,9,0,-1,19,4,8,-1,0,0,0,0,0,0,2,1,-1,9,1,29,6,-1,3,2,HYUNDAI KONA,9,E01031219,0,3
2024471497237,2024,471497237,3,9,0,-1,19,1,5,-1,0,0,0,0,0,0,3,1,-1,9,1,54,8,1580,8,4,HYUNDAI KONA,4,E01031435,0,1
2024141495174,2024,141495174,1,9,0,-1,5,7,1,-1,9,0,0,0,0,0,2,9,-1,6,2,26,6,1580,8,0,HYUNDAI KONA,1,E01007794,0,1
2024201498059,2024,201498059,1,9,0,-1,19,7,2,-1,0,0,0,0,0,0,3,1,-1,6,2,25,5,998,1,1,HYUNDAI KONA,3,E01009674,0,1
2024221453796,2024,221453796,1,9,0,-1,13,3,7,-1,0,3,0,0,0,0,2,9,-1,9,1,49,8,998,1,7,HYUNDAI KONA,1,E01010404,0,4
2024010498051,2024,010498051,1,9,0,10,10,5,3,0,0,6,0,0,0,0,1,1,1,1,1,34,6,-1,3,1,HYUNDAI KONA,8,E01023541,0,3
2024010500061,2024,010500061,4,9,0,18,19,3,7,0,0,1,0,0,0,0,2,1,6,6,1,44,7,-1,3,3,HYUNDAI KONA,3,E01003544,0,1
2024332400293,2024,332400293,1,9,0,-1,9,2,7,-1,0,5,0,0,1,1,1,1,-1,1,2,53,8,1580,8,3,HYUNDAI KONA,4,E01026317,0,3
2024201426856,2024,201426856,1,9,0,-1,19,3,7,-1,0,3,0,0,0,0,1,9,-1,6,1,40,7,-1,3,1,HYUNDAI KONA,-1,-1,0,-1
2024430480853,2024,430480853,1,9,0,9,9,2,8,0,0,8,0,0,0,0,3,1,6,6,2,34,6,998,1,5,HYUNDAI KONA,5,E01016756,0,1
2024471444244,2024,471444244,3,9,0,-1,19,2,6,-1,0,0,0,0,0,0,1,1,-1,9,2,43,7,1580,8,2,HYUNDAI KONA,9,E01022717,0,4
2024411515701,2024,411515701,1,9,0,-1,9,2,8,-1,0,6,0,0,0,0,1,1,-1,6,1,52,8,1580,8,4,HYUNDAI KONA,5,E01023705,0,3
2024531491288,2024,531491288,1,9,0,-1,19,1,5,-1,0,0,1,12,0,0,1,1,-1,9,1,29,6,998,8,3,HYUNDAI KONA,5,E01029053,0,4
2024471516125,2024,471516125,2,9,0,-1,19,5,1,-1,0,0,0,0,0,0,4,1,-1,6,1,64,9,1580,8,3,HYUNDAI KONA,4,E01021177,0,1
2024351510253,2024,351510253,1,9,0,-1,12,3,7,-1,0,0,0,0,0,0,1,1,-1,1,1,49,8,-1,3,5,HYUNDAI KONA,10,E01021739,0,4
2024461460108,2024,461460108,2,9,0,-1,-1,7,3,-1,-1,0,0,0,0,0,2,1,-1,-1,1,54,8,-1,3,3,HYUNDAI KONA,10,E01024404,0,4
2024991441277,2024,991441277,2,9,0,-1,12,3,7,-1,0,0,1,0,1,2,2,1,-1,9,2,34,6,1580,8,2,HYUNDAI KONA,-1,-1,0,-1
2024622400050,2024,622400050,1,9,0,8,8,6,2,0,0,1,0,0,0,0,2,1,1,1,2,50,8,-1,3,3,HYUNDAI KONA,5,W01001007,0,3
2024010532703,2024,010532703,2,9,0,99,99,9,9,99,99,9,9,99,9,99,9,9,6,6,3,-1,-1,1591,1,5,HYUNDAI KONA,-1,-1,0,-1
2024991562345,2024,991562345,2,9,0,-1,10,1,6,-1,0,6,0,0,3,0,0,1,-1,6,1,29,6,998,1,6,HYUNDAI KONA,-1,-1,0,-1
2024221418275,2024,221418275,1,9,0,-1,14,6,2,-1,0,8,0,0,0,0,4,1,-1,6,2,40,7,998,1,5,HYUNDAI KONA,7,E01032403,0,1
2024501471571,2024,501471571,2,9,0,-1,12,5,1,-1,0,0,0,0,0,0,1,1,-1,6,2,39,7,1580,8,2,HYUNDAI KONA,6,E01015191,0,1
2024131461914,2024,131461914,1,9,0,-1,9,5,7,-1,0,2,0,0,7,11,1,1,-1,9,2,54,8,-1,3,1,HYUNDAI KONA,1,E01011661,0,1
2024122500036,2024,122500036,3,9,0,18,19,3,1,0,0,1,0,0,0,0,1,1,6,6,1,82,11,998,8,2,HYUNDAI KONA,5,E01011741,0,4
2024991427258,2024,991427258,1,9,0,-1,19,1,5,-1,0,0,0,0,0,0,1,1,-1,9,2,66,10,1580,8,2,HYUNDAI KONA,8,-1,0,3
2024201514760,2024,201514760,2,9,0,-1,19,6,2,-1,0,8,0,0,0,0,1,1,-1,6,1,36,7,-1,3,0,HYUNDAI KONA,2,E01010025,0,1
2024201479580,2024,201479580,2,9,0,-1,8,2,5,-1,0,1,0,0,0,0,2,1,-1,9,2,55,8,-1,3,1,HYUNDAI KONA,2,E01010051,0,2
2024010543998,2024,010543998,2,8,0,18,19,9,9,99,99,0,9,99,9,99,4,9,1,1,1,56,9,-1,3,3,HYUNDAI KONA,4,E01004303,0,1
2024320702123,2024,320702123,1,9,0,-1,-1,6,2,0,0,0,5,0,0,0,3,1,6,6,2,56,9,1580,8,2,HYUNDAI KONA,4,E01026366,0,2
2024010524710,2024,010524710,2,9,0,99,99,9,9,99,99,9,9,99,9,99,9,9,6,6,3,-1,-1,1580,8,4,HYUNDAI KONA,-1,-1,0,-1
2024991454933,2024,991454933,1,9,0,-1,4,5,1,-1,0,8,0,4,7,11,3,1,-1,6,2,84,11,-1,3,1,HYUNDAI KONA,8,-1,0,1
2024340WN4632,2024,340WN4632,1,9,0,-1,9,3,1,-1,0,8,0,0,0,0,4,1,-1,9,1,21,5,1580,8,3,HYUNDAI KONA,9,E01027208,0,1
2024991535273,2024,991535273,1,9,0,-1,19,3,7,-1,0,0,1,0,0,0,1,1,-1,9,1,20,4,998,1,6,HYUNDAI KONA,3,-1,0,3
2024010521408,2024,010521408,2,9,0,99,99,9,9,99,99,9,9,99,9,99,9,9,6,6,3,-1,-1,998,8,1,HYUNDAI KONA,-1,-1,0,-1
2024411422718,2024,411422718,2,9,0,-1,19,7,3,-1,0,1,0,0,0,0,1,1,-1,9,1,90,11,-1,3,4,HYUNDAI KONA,9,E01023655,0,1
2024211492962,2024,211492962,1,9,0,-1,19,1,5,-1,0,0,0,0,0,0,1,1,-1,9,1,84,11,998,1,5,HYUNDAI KONA,-1,-1,0,-1
202454E863324,2024,54E863324,2,9,0,18,19,7,3,0,0,1,0,0,0,0,1,1,6,6,1,66,10,1580,8,1,HYUNDAI KONA,7,E01016305,0,4
2024421397952,2024,421397952,1,9,0,-1,19,5,1,-1,0,2,0,0,0,0,1,1,-1,9,1,42,7,1580,8,2,HYUNDAI KONA,6,E01021258,0,2
2024320337011,2024,320337011,1,9,0,5,5,4,8,0,0,1,0,0,0,11,1,1,-1,-1,2,76,11,1580,8,2,HYUNDAI KONA,8,E01026053,0,2
2024440398087,2024,440398087,2,9,0,4,4,3,7,0,0,0,0,0,0,0,1,1,6,6,1,72,10,1580,8,0,HYUNDAI KONA,10,E01022987,0,3
2024211474845,2024,211474845,4,9,0,-1,3,5,5,-1,0,1,0,0,0,0,1,1,-1,6,2,55,8,998,1,5,HYUNDAI KONA,-1,-1,0,-1
2024451438875,2024,451438875,1,9,0,-1,9,1,7,-1,0,1,0,0,0,0,1,1,-1,7,2,50,8,1580,8,1,HYUNDAI KONA,7,E01030648,0,1
2024531519871,2024,531519871,1,9,0,-1,9,5,1,-1,0,1,0,0,0,0,4,1,-1,1,2,32,6,998,1,4,HYUNDAI KONA,8,E01022300,0,2
2024471505546,2024,471505546,1,9,0,-1,19,5,8,-1,0,1,0,0,0,0,1,1,-1,6,1,58,9,1591,1,5,HYUNDAI KONA,9,E01020939,0,1
2024201525931,2024,201525931,1,9,0,-1,9,1,7,-1,0,0,0,0,0,0,1,1,-1,1,2,31,6,998,1,6,HYUNDAI KONA,1,E01009375,0,1
2024340WN0752,2024,340WN0752,2,9,0,-1,3,7,3,-1,0,8,0,0,1,0,2,1,-1,6,1,24,5,998,8,1,HYUNDAI KONA,4,E01027252,0,1
2024031448184,2024,031448184,1,9,0,-1,19,5,8,-1,0,1,0,11,0,0,1,1,-1,9,2,23,5,998,8,3,HYUNDAI KONA,5,E01034076,0,3
2024010544222,2024,010544222,1,9,0,99,99,9,9,99,99,0,9,99,9,99,9,1,6,6,2,66,10,1580,8,4,HYUNDAI KONA,6,E01001034,0,1
2024552500108,2024,552500108,1,9,0,7,7,3,5,0,0,8,0,0,0,0,1,1,2,2,1,70,10,1580,8,2,HYUNDAI KONA,9,E01015299,0,3
2024631434923,2024,631434923,3,9,0,-1,19,2,6,-1,0,0,0,0,0,0,1,1,-1,9,1,38,7,1580,8,1,HYUNDAI KONA,6,W01000442,0,4
2024101464164,2024,101464164,1,9,0,-1,9,1,7,-1,0,8,0,0,0,0,0,1,-1,6,2,59,9,1580,8,2,HYUNDAI KONA,1,E01008189,0,3
2024211440683,2024,211440683,1,9,0,-1,19,3,7,-1,0,6,0,0,0,0,1,1,-1,1,1,68,10,1580,8,2,HYUNDAI KONA,-1,-1,0,-1
2024340WN6002,2024,340WN6002,2,9,0,-1,3,1,5,-1,0,1,0,0,0,0,2,1,-1,9,2,56,9,998,1,5,HYUNDAI KONA,10,E01023749,0,4
2024471398988,2024,471398988,1,9,0,-1,2,2,6,-1,0,2,0,0,1,4,2,1,-1,6,1,60,9,1580,8,1,HYUNDAI KONA,4,E01016882,0,1
2024010545734,2024,010545734,1,9,0,9,9,1,8,0,0,1,0,0,0,0,1,1,1,1,1,56,9,-1,3,2,HYUNDAI KONA,-1,-1,0,-1
2024991483202,2024,991483202,1,9,0,-1,19,1,5,-1,0,8,0,0,0,0,4,1,-1,9,1,30,6,1580,8,2,HYUNDAI KONA,-1,-1,0,-1
2024351424536,2024,351424536,1,9,0,-1,19,7,1,-1,0,1,0,0,0,0,1,1,-1,9,2,28,6,-1,3,3,HYUNDAI KONA,10,E01026812,0,4
2024471475321,2024,471475321,2,9,0,-1,19,2,6,-1,0,1,0,0,0,0,1,1,-1,2,1,50,8,1998,1,1,HYUNDAI KONA,10,E01031668,0,1
2024010522251,2024,010522251,1,9,0,18,19,1,5,0,0,8,0,0,0,0,1,1,6,6,2,24,5,1580,8,2,HYUNDAI KONA,4,E01000112,0,1
2024302400282,2024,302400282,1,9,0,18,19,7,2,0,0,1,0,0,0,0,1,1,6,6,3,77,11,1580,8,4,HYUNDAI KONA,7,E01019821,0,1
2024010526368,2024,010526368,2,9,0,5,5,3,7,0,0,4,0,0,2,7,3,1,6,6,2,49,8,998,8,3,HYUNDAI KONA,-1,-1,0,-1
2024041420821,2024,041420821,2,9,0,-1,10,5,7,-1,0,0,0,0,0,0,2,1,-1,6,2,69,10,1580,8,0,HYUNDAI KONA,1,E01025181,0,2
2024421452692,2024,421452692,2,9,0,-1,4,3,3,-1,0,0,0,0,0,0,2,1,-1,9,1,60,9,1580,8,2,HYUNDAI KONA,2,E01021288,0,1
2024430600080,2024,430600080,1,9,0,12,12,2,6,0,0,0,0,0,0,0,1,1,1,1,1,46,8,-1,3,3,HYUNDAI KONA,9,E01002432,0,4
2024041527535,2024,041527535,6,9,0,-1,2,0,0,-1,0,0,0,0,0,0,2,1,-1,6,-1,-1,-1,998,1,5,HYUNDAI KONA,-1,-1,0,-1
2024010512063,2024,010512063,2,9,0,18,19,7,3,0,0,1,0,0,0,0,1,1,1,1,1,58,9,-1,3,2,HYUNDAI KONA,5,E01000070,0,1
2024340WN6682,2024,340WN6682,1,9,0,-1,11,9,9,-1,0,8,0,0,0,0,1,1,-1,6,2,-1,-1,1580,8,2,HYUNDAI KONA,-1,-1,0,-1
2024041401845,2024,041401845,2,9,0,-1,9,3,7,-1,0,8,0,0,1,0,3,1,-1,6,1,72,10,-1,3,2,HYUNDAI KONA,3,E01012585,0,1
2024010546934,2024,010546934,1,9,0,99,99,9,9,99,99,9,9,99,9,99,1,9,1,1,1,39,7,-1,3,4,HYUNDAI KONA,5,E01000337,0,3
2024501478497,2024,501478497,2,9,0,-1,4,1,5,-1,0,0,0,0,0,0,2,1,-1,9,1,32,6,-1,3,4,HYUNDAI KONA,2,E01001758,0,5
2024520500243,2024,520500243,1,9,0,16,19,3,7,0,0,0,0,0,0,0,3,1,6,6,1,80,11,1580,8,2,HYUNDAI KONA,7,E01029028,0,2
2024320166153,2024,320166153,1,9,0,4,4,6,3,0,0,1,0,0,0,0,1,1,6,6,2,54,8,1580,8,2,HYUNDAI KONA,1,E01026074,0,3
2024010538792,2024,010538792,1,9,0,14,14,1,5,0,0,8,0,4,0,0,4,1,6,6,2,36,7,-1,3,1,HYUNDAI KONA,4,E01001497,0,1
2024411463787,2024,411463787,1,9,0,-1,19,5,1,-1,0,1,0,0,0,0,4,1,-1,6,2,74,10,1580,8,4,HYUNDAI KONA,7,E01001537,0,3
2024131535638,2024,131535638,1,9,0,-1,9,1,5,-1,0,5,0,0,0,0,2,1,-1,9,1,55,8,1580,8,3,HYUNDAI KONA,6,E01011012,0,1
2024471533149,2024,471533149,2,9,0,-1,9,7,5,-1,0,8,0,0,0,0,1,1,-1,1,1,34,6,1580,8,1,HYUNDAI KONA,7,E01016853,0,1
2024010502815,2024,010502815,2,9,0,9,9,7,5,0,0,8,0,0,0,0,1,1,6,6,2,61,9,1580,8,2,HYUNDAI KONA,3,E01003079,0,1
2024461530109,2024,461530109,2,8,0,-1,4,1,6,-1,0,2,0,0,0,0,2,1,-1,1,1,36,7,-1,3,0,HYUNDAI KONA,-1,-1,0,-1
2024041504982,2024,041504982,1,9,0,-1,19,5,1,-1,0,1,0,0,0,0,1,1,-1,9,1,36,7,-1,3,1,HYUNDAI KONA,1,E01025287,0,1
2024552401309,2024,552401309,1,9,0,9,9,5,3,0,0,6,0,0,0,0,1,1,6,6,1,80,11,998,1,4,HYUNDAI KONA,10,E01020355,0,1
2024361403677,2024,361403677,1,9,0,-1,19,1,5,-1,0,0,1,0,1,0,1,1,-1,9,1,62,9,998,1,5,HYUNDAI KONA,6,E01026424,0,2
2024041442870,2024,041442870,2,9,0,-1,19,5,1,-1,0,0,0,0,0,0,4,1,-1,9,2,42,7,-1,3,1,HYUNDAI KONA,10,E01024977,0,1
2024031453210,2024,031453210,2,9,0,-1,4,6,2,-1,0,0,0,0,1,0,2,1,-1,9,1,66,10,998,1,5,HYUNDAI KONA,4,E01019281,0,4
2024141491803,2024,141491803,1,9,0,-1,19,4,8,-1,0,1,0,0,0,0,1,1,-1,9,1,22,5,1591,1,6,HYUNDAI KONA,1,E01007948,0,2
2024010497951,2024,010497951,2,9,0,18,19,7,3,0,0,1,0,0,0,0,1,1,1,1,1,34,6,-1,3,3,HYUNDAI KONA,8,E01030687,0,4
2024332400748,2024,332400748,1,9,0,-1,19,6,2,-1,0,2,0,0,0,0,1,1,-1,6,1,29,6,998,1,1,HYUNDAI KONA,3,E01013777,0,4
2024451447999,2024,451447999,2,9,0,-1,9,7,5,-1,0,0,0,0,0,0,4,1,-1,9,1,65,9,1580,8,3,HYUNDAI KONA,10,E01022878,0,2
2024010528849,2024,010528849,2,9,0,18,19,6,2,0,0,1,0,0,0,0,1,1,6,6,2,86,11,1580,8,4,HYUNDAI KONA,9,E01000349,0,1
2024471408026,2024,471408026,1,9,0,-1,-1,-1,-1,-1,-1,0,-1,-1,-1,0,-1,1,-1,9,2,37,7,998,1,1,HYUNDAI KONA,6,E01031669,0,3
2024421464659,2024,421464659,2,9,0,-1,19,5,1,-1,0,0,0,0,0,0,1,1,-1,6,1,76,11,-1,3,0,HYUNDAI KONA,8,E01023549,0,4
2024010516891,2024,010516891,1,9,0,18,19,7,3,0,0,2,0,0,0,0,4,1,6,6,1,31,6,1580,8,4,HYUNDAI KONA,5,E01001581,0,1
2024461508258,2024,461508258,1,9,0,-1,19,4,2,-1,0,1,5,0,1,9,1,1,-1,9,1,22,5,998,1,0,HYUNDAI KONA,4,E01001171,0,4
2024101450184,2024,101450184,1,9,0,-1,19,5,2,-1,0,0,0,10,1,0,1,1,-1,2,1,54,8,-1,3,3,HYUNDAI KONA,-1,-1,0,-1
2024471529947,2024,471529947,2,9,0,-1,19,5,1,-1,0,0,0,0,0,0,1,1,-1,9,2,41,7,998,1,4,HYUNDAI KONA,4,E01022723,0,4
2024010546912,2024,010546912,1,9,0,3,3,1,5,0,0,1,0,0,0,0,2,1,6,6,2,34,6,1580,8,2,HYUNDAI KONA,6,E01003711,0,1
2024451492562,2024,451492562,1,9,0,-1,9,1,3,-1,0,5,1,0,0,0,3,1,-1,9,1,50,8,998,1,6,HYUNDAI KONA,4,E01030337,0,1
2024131432228,2024,131432228,3,9,0,-1,19,7,3,-1,0,1,1,0,0,0,1,1,-1,6,1,48,8,1580,8,2,HYUNDAI KONA,1,E01011662,0,2
2024302401337,2024,302401337,1,9,0,9,9,2,8,0,0,8,0,0,0,0,4,1,6,6,3,-1,-1,-1,3,0,HYUNDAI KONA,5,E01019456,0,3
2024221510455,2024,221510455,5,9,0,-1,2,0,0,-1,0,0,0,0,0,0,1,9,-1,6,2,21,5,998,1,4,HYUNDAI KONA,9,E01028837,0,1
2024351535928,2024,351535928,3,9,0,-1,19,2,5,-1,0,4,0,0,0,0,1,1,-1,6,1,58,9,-1,3,1,HYUNDAI KONA,8,E01018302,0,3