collision_index,collision_year,collision_ref_no,vehicle_reference,vehicle_type,towing_and_articulation,vehicle_manoeuvre_historic,vehicle_manoeuvre,vehicle_direction_from,vehicle_direction_to,vehicle_location_restricted_lane_historic,vehicle_location_restricted_lane,junction_location,skidding_and_overturning,hit_object_in_carriageway,vehicle_leaving_carriageway,hit_object_off_carriageway,first_point_of_impact,vehicle_left_hand_drive,journey_purpose_of_driver_historic,journey_purpose_of_driver,sex_of_driver,age_of_driver,age_band_of_driver,engine_capacity_cc,propulsion_code,age_of_vehicle,generic_make_model,driver_imd_decile,lsoa_of_driver,escooter_flag,driver_distance_banding
2024010515089,2024,010515089,1,9,0,16,19,1,5,0,0,1,0,10,1,0,1,1,6,6,1,39,7,-1,3,1,HYUNDAI KONA,3,E01000128,0,1
2024041421750,2024,041421750,1,9,0,-1,12,5,1,-1,0,0,0,0,0,0,0,1,-1,9,2,30,6,-1,3,1,HYUNDAI KONA,10,E01025007,0,2
2024311490704,2024,311490704,1,9,0,-1,9,7,3,-1,0,6,0,0,0,0,4,1,-1,6,1,56,9,1580,8,1,HYUNDAI KONA,-1,-1,0,-1
2024622400630,2024,622400630,1,9,0,18,19,1,5,0,0,0,0,0,0,0,1,1,6,6,1,82,11,1580,8,0,HYUNDAI KONA,9,W01001115,0,1
2024332400397,2024,332400397,1,9,0,-1,19,5,1,-1,0,1,0,0,7,2,1,1,-1,9,1,36,7,-1,3,2,HYUNDAI KONA,2,E01013768,0,1
2024991427528,2024,991427528,1,9,0,-1,19,2,7,-1,0,8,0,0,0,0,1,9,-1,6,3,23,5,998,1,1,HYUNDAI KONA,-1,-1,0,-1
2024411472423,2024,411472423,1,9,0,-1,9,5,3,-1,0,8,0,0,0,0,4,1,-1,2,2,40,7,1580,8,2,HYUNDAI KONA,4,E01023933,0,2
2024010542331,2024,010542331,2,9,0,99,99,9,9,99,99,9,9,99,9,99,0,9,6,6,1,43,7,-1,3,3,HYUNDAI KONA,7,E01002160,0,3
2024991527906,2024,991527906,1,9,0,-1,19,3,6,-1,0,0,1,0,7,0,1,1,-1,9,1,55,8,-1,3,0,HYUNDAI KONA,3,-1,0,1
2024131480597,2024,131480597,1,9,0,-1,9,5,1,-1,0,0,0,0,0,0,1,1,-1,9,1,65,9,-1,3,4,HYUNDAI KONA,10,E01017611,0,5
2024451536600,2024,451536600,1,9,0,-1,19,4,8,-1,0,0,0,0,1,11,1,1,-1,9,2,73,10,1580,8,2,HYUNDAI KONA,6,E01030550,0,1
2024141442878,2024,141442878,2,9,0,-1,9,7,5,-1,0,5,0,0,0,0,1,1,-1,7,2,30,6,998,1,5,HYUNDAI KONA,6,E01008152,0,1
2024010518627,2024,010518627,1,9,0,9,9,3,1,0,0,5,0,0,1,3,1,1,1,1,1,55,8,-1,3,5,HYUNDAI KONA,4,E01003534,0,1
2024411530706,2024,411530706,2,9,0,-1,-1,-1,-1,-1,-1,0,-1,-1,-1,0,-1,9,-1,2,1,35,6,-1,3,2,HYUNDAI KONA,9,E01023950,0,1
2024461480319,2024,461480319,1,9,0,-1,19,5,1,-1,0,0,0,0,0,0,1,9,-1,6,1,63,9,1598,1,0,HYUNDAI KONA,6,E01016058,0,1
2024451509019,2024,451509019,1,9,0,-1,12,1,5,-1,0,0,1,0,1,0,1,1,-1,9,2,60,9,1580,8,2,HYUNDAI KONA,7,E01030630,0,1
2024041444202,2024,041444202,2,9,0,-1,3,3,7,-1,0,0,0,0,0,0,2,1,-1,6,1,46,8,1580,8,4,HYUNDAI KONA,1,E01006569,0,3
2024201483585,2024,201483585,2,9,0,-1,6,3,2,-1,0,0,0,0,0,0,3,1,-1,9,2,33,6,998,1,5,HYUNDAI KONA,-1,-1,0,-1
2024131452228,2024,131452228,2,9,0,-1,19,7,7,-1,0,1,0,0,0,0,4,1,-1,1,1,57,9,-1,3,2,HYUNDAI KONA,1,E01010745,0,3
2024010509371,2024,010509371,1,9,0,99,99,9,9,99,99,9,9,99,9,99,2,9,6,6,2,25,5,-1,3,0,HYUNDAI KONA,10,E01003466,0,3
2024070650175,2024,070650175,2,9,0,18,19,6,2,0,0,1,0,0,0,0,1,1,6,6,2,40,7,-1,3,2,HYUNDAI KONA,1,E01012439,0,1
2024520500370,2024,520500370,1,9,0,18,19,7,3,0,0,8,0,0,0,0,1,1,6,6,1,57,9,998,1,6,HYUNDAI KONA,7,E01029162,0,1
2024991499937,2024,991499937,2,9,0,-1,2,0,0,-1,0,1,0,0,0,0,1,1,-1,6,-1,-1,-1,-1,3,3,HYUNDAI KONA,-1,-1,0,-1
2024421433923,2024,421433923,2,9,0,-1,19,5,1,-1,0,1,0,0,1,0,1,1,-1,6,2,58,9,998,8,2,HYUNDAI KONA,10,E01021600,0,1
2024471435821,2024,471435821,1,9,0,-1,5,1,5,-1,0,0,0,0,0,0,1,1,-1,1,2,47,8,998,8,2,HYUNDAI KONA,7,E01022880,0,4
2024440197323,2024,440197323,1,9,0,18,19,1,5,0,0,1,0,0,0,0,1,1,6,6,1,19,4,998,1,5,HYUNDAI KONA,8,E01032605,0,1
2024311513122,2024,311513122,2,9,0,-1,19,5,1,-1,0,0,0,0,0,0,1,1,-1,9,2,60,9,1580,8,2,HYUNDAI KONA,-1,-1,0,-1
2024010531046,2024,010531046,1,9,0,7,7,8,2,0,0,1,1,0,0,0,1,1,6,6,1,18,4,998,1,0,HYUNDAI KONA,-1,-1,0,-1
2024221400111,2024,221400111,2,9,0,-1,19,4,8,-1,0,0,0,0,0,0,1,1,-1,2,2,49,8,1580,8,2,HYUNDAI KONA,5,E01029540,0,5
2024061503490,2024,061503490,1,9,0,-1,4,7,3,-1,0,0,0,0,0,0,1,9,-1,6,2,23,5,1580,8,4,HYUNDAI KONA,5,E01004936,0,4
2024991466662,2024,991466662,1,9,0,-1,14,2,6,-1,0,0,0,4,0,0,4,1,-1,9,2,70,10,998,1,4,HYUNDAI KONA,5,-1,0,1
2024052402297,2024,052402297,1,9,0,18,19,7,3,0,0,4,0,0,0,0,3,1,1,1,1,44,7,998,8,3,HYUNDAI KONA,5,E01033761,0,2
2024552400915,2024,552400915,1,9,0,7,7,8,2,4,4,8,0,0,0,0,1,1,6,6,2,49,8,998,1,6,HYUNDAI KONA,10,E01035351,0,5
2024221411579,2024,221411579,4,9,0,-1,3,7,3,-1,0,0,0,0,0,0,2,9,-1,6,2,33,6,998,1,5,HYUNDAI KONA,9,E01028415,0,5
202454C359624,2024,54C359624,1,9,0,18,19,1,5,0,0,0,0,6,1,0,1,1,6,6,2,39,7,-1,3,3,HYUNDAI KONA,7,E01033844,0,1
2024421536386,2024,421536386,1,9,0,-1,9,2,7,-1,0,8,0,0,0,0,3,1,-1,9,2,59,9,-1,3,3,HYUNDAI KONA,2,E01000077,0,4
2024543800824,2024,543800824,2,9,0,12,12,3,7,0,0,0,0,0,1,4,3,1,6,6,1,44,7,-1,3,5,HYUNDAI KONA,7,E01014535,0,4
2024010533080,2024,010533080,1,9,0,13,13,3,7,0,0,8,1,0,0,0,4,1,6,6,1,30,6,1580,8,4,HYUNDAI KONA,9,E01001063,0,3
2024440211421,2024,440211421,1,9,0,18,19,5,1,0,0,0,0,0,0,0,4,1,1,1,2,40,7,998,8,2,HYUNDAI KONA,3,E01034066,0,1
2024332400260,2024,332400260,1,9,0,-1,19,2,6,-1,0,0,0,0,7,0,1,1,-1,6,1,18,4,-1,3,1,HYUNDAI KONA,10,E01025904,0,1
2024221476156,2024,221476156,1,9,0,-1,19,7,3,-1,0,0,0,0,0,0,3,9,-1,6,2,31,6,998,8,3,HYUNDAI KONA,9,E01029601,0,3
2024411524882,2024,411524882,2,9,0,-1,19,3,7,-1,0,0,0,0,0,0,1,1,-1,6,1,32,6,-1,3,2,HYUNDAI KONA,8,E01023311,0,2
2024340WN5002,2024,340WN5002,2,9,0,-1,19,5,1,-1,0,0,0,0,0,0,4,1,-1,9,1,26,6,-1,3,0,HYUNDAI KONA,6,E01035021,0,4
2024531524324,2024,531524324,1,9,0,-1,19,5,6,-1,0,0,0,0,0,0,1,1,-1,6,-1,-1,-1,-1,3,1,HYUNDAI KONA,-1,-1,0,-1
2024131411395,2024,131411395,1,9,0,-1,19,3,7,-1,0,8,0,0,0,0,1,1,-1,6,2,38,7,-1,3,2,HYUNDAI KONA,4,E01011839,0,4
2024461465442,2024,461465442,1,9,0,-1,19,3,7,-1,9,0,0,10,1,2,1,1,-1,1,1,61,9,1580,8,3,HYUNDAI KONA,9,E01021383,0,4
2024101502085,2024,101502085,1,9,0,-1,3,5,1,-1,0,0,0,4,0,0,2,1,-1,1,2,50,8,1580,8,4,HYUNDAI KONA,-1,-1,0,-1
2024010534955,2024,010534955,1,9,0,18,19,3,7,0,0,8,0,0,0,0,3,1,6,6,2,42,7,1580,8,3,HYUNDAI KONA,3,E01003099,0,1
2024320236709,2024,320236709,1,9,0,4,4,1,5,0,0,0,0,0,0,0,2,1,-1,-1,1,75,10,1580,8,4,HYUNDAI KONA,5,E01026407,0,1
2024440270405,2024,440270405,2,9,0,18,19,2,6,0,0,7,0,0,0,0,4,1,3,7,1,38,7,998,1,5,HYUNDAI KONA,8,E01032605,0,1
2024201480719,2024,201480719,2,9,0,-1,19,6,2,-1,0,0,0,0,0,0,2,1,-1,2,1,55,8,-1,3,5,HYUNDAI KONA,8,E01032308,0,4
2024461492508,2024,461492508,1,9,0,-1,19,7,7,-1,-1,0,0,0,1,0,4,2,-1,6,2,92,11,-1,3,0,HYUNDAI KONA,2,E01024549,0,1
2024061496761,2024,061496761,1,9,0,-1,19,7,3,-1,0,1,0,0,3,0,1,1,-1,9,1,81,11,1580,8,0,HYUNDAI KONA,3,E01006291,0,1
2024371400156,2024,371400156,2,9,0,-1,19,7,3,-1,0,0,0,0,0,0,3,1,-1,9,2,61,9,1580,8,2,HYUNDAI KONA,8,E01030167,0,3
2024070628945,2024,070628945,1,9,0,9,9,5,3,0,0,1,0,0,0,0,1,1,2,2,2,40,7,998,8,2,HYUNDAI KONA,3,E01018552,0,1
2024010523226,2024,010523226,1,9,0,7,7,7,1,0,0,6,0,0,0,0,1,1,2,2,1,46,8,-1,3,4,HYUNDAI KONA,2,E01000104,0,2
2024061404076,2024,061404076,1,9,0,-1,19,2,6,-1,0,0,0,0,0,0,1,1,-1,9,1,74,10,1580,8,3,HYUNDAI KONA,6,E01026781,0,5
2024351538656,2024,351538656,1,9,0,-1,19,6,2,-1,0,0,0,0,0,0,1,1,-1,6,1,39,7,1580,8,0,HYUNDAI KONA,4,E01018077,0,3
2024451531866,2024,451531866,2,9,9,-1,99,5,1,-1,99,8,0,99,9,0,9,9,-1,6,3,40,7,1591,1,6,HYUNDAI KONA,-1,-1,0,-1
2024520403260,2024,520403260,3,9,0,18,19,6,2,0,0,0,0,0,0,0,1,1,6,6,2,65,9,1580,8,1,HYUNDAI KONA,10,E01020463,0,4
2024421501059,2024,421501059,2,9,0,-1,19,8,4,-1,0,0,0,0,0,0,1,1,-1,9,1,49,8,-1,3,3,HYUNDAI KONA,5,E01021678,0,3
2024061441813,2024,061441813,1,8,0,-1,5,0,8,-1,0,0,1,0,1,0,1,1,-1,9,1,28,6,1580,8,2,HYUNDAI KONA,3,E01006115,0,1
2024340WN4222,2024,340WN4222,2,9,0,-1,19,6,2,-1,0,0,0,0,0,0,2,1,-1,9,1,46,8,-1,3,0,HYUNDAI KONA,6,E01003107,0,5
2024461398907,2024,461398907,1,9,0,-1,9,7,5,-1,0,8,0,0,0,0,3,9,-1,6,1,31,6,1580,8,1,HYUNDAI KONA,5,E01024181,0,4
2024631397978,2024,631397978,2,9,0,-1,9,4,2,-1,0,6,0,0,0,0,3,1,-1,9,1,51,8,-1,3,1,HYUNDAI KONA,9,W01000549,0,2
2024991449682,2024,991449682,2,9,0,-1,19,7,3,-1,0,1,0,0,0,0,2,1,-1,9,2,38,7,998,1,5,HYUNDAI KONA,-1,-1,0,-1
2024010533544,2024,010533544,1,9,0,18,19,5,1,0,0,8,0,0,0,0,1,1,6,6,2,44,7,1580,8,2,HYUNDAI KONA,5,E01017152,0,5
2024231517726,2024,231517726,1,9,0,-1,19,2,5,-1,0,0,0,0,0,0,1,1,-1,2,2,84,11,998,1,6,HYUNDAI KONA,10,E01031292,0,1
2024010506497,2024,010506497,2,9,0,1,1,3,7,0,0,2,0,0,0,0,0,1,6,6,1,32,6,1580,8,1,HYUNDAI KONA,4,E01004326,0,1
2024991451124,2024,991451124,1,9,0,-1,19,7,3,-1,0,2,0,0,0,0,2,1,-1,9,2,57,9,998,1,5,HYUNDAI KONA,-1,-1,0,-1
2024061497243,2024,061497243,2,9,0,-1,2,0,0,-1,9,0,0,0,0,0,2,1,-1,6,-1,-1,-1,1580,8,2,HYUNDAI KONA,-1,-1,0,-1
2024991493495,2024,991493495,2,9,0,-1,19,8,4,-1,0,0,0,0,0,0,3,1,-1,2,1,36,7,-1,3,4,HYUNDAI KONA,7,-1,0,3
2024451512130,2024,451512130,2,9,0,-1,5,5,1,-1,0,0,0,0,0,0,2,1,-1,1,1,42,7,-1,3,3,HYUNDAI KONA,8,E01030613,0,3
2024010537459,2024,010537459,1,9,0,9,9,7,5,0,0,8,0,0,0,0,4,1,2,2,1,64,9,-1,3,2,HYUNDAI KONA,-1,-1,0,-1
2024141484548,2024,141484548,2,9,0,-1,19,1,5,-1,0,8,0,0,0,0,1,1,-1,6,3,-1,-1,-1,3,2,HYUNDAI KONA,-1,-1,0,-1
2024201498789,2024,201498789,2,9,0,-1,9,1,6,-1,0,6,0,0,0,0,1,1,-1,9,2,40,7,-1,3,3,HYUNDAI KONA,3,E01010094,0,1
2024010517694,2024,010517694,1,8,0,99,99,9,9,99,99,0,9,99,9,99,9,9,1,1,1,32,6,-1,3,4,HYUNDAI KONA,4,E01003372,0,2
2024451402059,2024,451402059,1,9,0,-1,3,1,3,-1,0,8,0,0,1,0,0,1,-1,9,2,30,6,998,8,2,HYUNDAI KONA,6,E01030721,0,1
2024010494714,2024,010494714,1,9,0,18,19,5,1,0,0,1,0,0,0,0,1,1,1,1,1,55,8,-1,3,1,HYUNDAI KONA,3,E01034484,0,1
2024440234090,2024,440234090,3,9,0,18,19,6,2,0,0,1,0,0,0,0,1,1,6,6,1,88,11,1580,8,4,HYUNDAI KONA,6,E01017200,0,1
2024481566758,2024,481566758,1,9,0,-1,19,3,3,-1,0,0,0,0,0,0,1,1,-1,6,1,30,6,-1,3,0,HYUNDAI KONA,-1,-1,0,-1
2024010518723,2024,010518723,2,9,0,18,19,4,8,0,0,1,0,4,0,0,1,1,6,6,2,42,7,1580,8,1,HYUNDAI KONA,9,E01000659,0,1
2024311427276,2024,311427276,1,9,-1,-1,4,4,8,-1,0,0,0,0,0,0,2,9,-1,9,2,43,7,998,8,3,HYUNDAI KONA,7,E01021578,0,5
2024461465038,2024,461465038,2,9,0,-1,4,3,7,-1,0,0,0,0,2,9,1,1,-1,6,2,-1,-1,1580,8,5,HYUNDAI KONA,9,E01016081,0,1
2024031401693,2024,031401693,2,9,0,-1,19,4,7,-1,0,0,0,0,0,0,1,9,-1,9,2,65,9,998,8,2,HYUNDAI KONA,3,E01019126,0,3
2024052400720,2024,052400720,1,9,0,5,5,2,5,0,0,4,0,0,0,0,1,1,6,6,1,73,10,-1,3,2,HYUNDAI KONA,2,E01006667,0,1
2024501424836,2024,501424836,1,9,0,-1,19,8,4,-1,9,0,0,11,0,0,1,1,-1,6,2,21,5,998,1,1,HYUNDAI KONA,1,E01015145,0,1
2024522500093,2024,522500093,1,9,0,18,19,2,6,0,0,8,0,0,0,0,1,1,6,6,2,39,7,1580,8,3,HYUNDAI KONA,10,E01014737,0,1
2024522401517,2024,522401517,1,9,0,4,4,7,3,0,0,1,0,0,0,0,2,1,6,6,2,28,6,998,8,2,HYUNDAI KONA,10,E01014944,0,2
2024131444220,2024,131444220,1,9,0,-1,7,8,4,-1,0,0,0,0,0,0,4,1,-1,9,1,49,8,-1,3,1,HYUNDAI KONA,7,E01013074,0,4
2024010520544,2024,010520544,2,9,0,18,19,7,3,0,0,0,0,0,0,0,2,1,6,6,2,44,7,-1,3,3,HYUNDAI KONA,4,E01003440,0,2
2024041473057,2024,041473057,1,9,0,-1,19,8,4,-1,0,8,0,0,0,0,4,1,-1,6,2,35,6,-1,3,1,HYUNDAI KONA,4,E01012729,0,2
2024010524164,2024,010524164,1,9,0,3,3,2,6,0,0,1,0,0,0,0,2,1,1,1,1,49,8,-1,3,1,HYUNDAI KONA,4,E01000929,0,1
2024052401480,2024,052401480,1,9,0,5,5,5,1,0,0,4,0,0,0,0,1,1,6,6,1,-1,-1,-1,3,2,HYUNDAI KONA,5,E01006366,0,1
2024131460717,2024,131460717,2,9,0,-1,2,0,0,-1,0,0,0,0,0,0,2,1,-1,6,-1,-1,-1,998,8,1,HYUNDAI KONA,-1,-1,0,-1
2024332400742,2024,332400742,1,9,0,-1,7,3,5,-1,0,3,0,7,0,0,1,1,-1,2,2,46,8,-1,3,3,HYUNDAI KONA,6,E01025752,0,2
2024332400337,2024,332400337,1,9,0,-1,9,5,3,-1,0,6,0,0,0,0,2,1,-1,7,2,48,8,1580,8,4,HYUNDAI KONA,7,E01025924,0,2
2024010541164,2024,010541164,1,9,0,18,19,5,1,0,0,1,2,4,0,0,1,1,6,6,1,32,6,-1,3,0,HYUNDAI KONA,6,E01003833,0,1
2024421522765,2024,421522765,1,9,0,-1,19,1,5,-1,0,1,1,0,0,0,1,1,-1,9,1,45,7,-1,3,0,HYUNDAI KONA,9,E01021789,0,1
2024302400730,2024,302400730,1,9,0,18,19,4,8,0,0,0,0,0,0,0,3,1,6,6,1,21,5,998,1,0,HYUNDAI KONA,2,E01013569,0,1
2024302401534,2024,302401534,1,9,0,9,9,1,7,0,0,6,0,0,0,0,1,2,3,7,1,46,8,-1,3,3,HYUNDAI KONA,10,E01013544,0,1
2024061406372,2024,061406372,1,9,0,-1,7,1,3,-1,0,1,0,0,0,0,4,1,-1,6,1,28,6,1580,8,1,HYUNDAI KONA,6,E01005969,0,1
2024211515999,2024,211515999,1,9,0,-1,9,-1,-1,-1,0,5,0,0,3,0,4,9,-1,6,3,-1,-1,1580,8,1,HYUNDAI KONA,-1,-1,0,-1
2024061410486,2024,061410486,2,9,-1,-1,-1,-1,-1,-1,-1,0,-1,-1,-1,0,-1,9,-1,6,3,70,10,1580,8,2,HYUNDAI KONA,6,E01018617,0,4
2024631516951,2024,631516951,6,9,0,-1,19,5,1,-1,0,0,0,0,0,0,0,1,-1,1,2,43,7,-1,3,1,HYUNDAI KONA,3,W01001312,0,4
2024010512178,2024,010512178,1,8,0,18,19,1,5,0,0,1,0,0,0,0,1,1,1,1,1,43,7,-1,3,4,HYUNDAI KONA,9,E01003158,0,1
2024471431867,2024,471431867,2,9,0,-1,4,7,3,-1,0,0,0,0,0,0,2,1,-1,9,1,74,10,998,1,4,HYUNDAI KONA,6,E01031508,0,2
2024161457261,2024,161457261,2,3,0,-1,19,3,8,-1,4,1,1,0,0,0,3,1,-1,2,1,26,6,125,1,8,-1,2,E01012869,0,1
2024010491093,2024,010491093,3,3,0,18,19,7,3,0,0,0,0,10,1,0,1,1,1,1,1,24,5,125,1,8,-1,-1,-1,0,-1
2024010538066,2024,010538066,1,3,0,99,99,9,9,99,99,9,9,99,9,99,1,1,1,1,1,28,6,125,1,8,-1,5,E01002240,0,3
2024501438888,2024,501438888,1,3,0,-1,19,8,4,-1,0,1,0,0,1,10,4,1,-1,6,1,29,6,124,1,11,-1,3,E01019028,0,4
2024531490821,2024,531490821,2,3,0,-1,9,7,3,-1,0,3,1,0,0,0,4,1,-1,2,1,19,4,124,1,9,-1,4,E01022424,0,1
2024371517661,2024,371517661,1,9,0,-1,19,1,5,-1,0,4,0,0,0,0,3,1,-1,9,2,69,10,1950,2,8,MERCEDES E CLASS,2,E01030248,0,1
2024010511284,2024,010511284,1,9,0,18,19,5,1,9,9,2,0,0,7,10,1,1,6,6,1,29,6,1950,2,7,MERCEDES E CLASS,2,E01001971,0,1
2024010525001,2024,010525001,1,8,0,99,99,9,9,99,99,9,9,99,9,99,2,9,1,1,1,37,7,1950,2,6,MERCEDES E CLASS,2,E01035683,0,1
2024201456690,2024,201456690,2,9,0,-1,19,-1,-1,-1,0,8,0,0,0,0,4,9,-1,1,1,49,8,2143,2,9,MERCEDES E CLASS,1,E01009337,0,1
2024440017953,2024,440017953,2,9,0,2,2,0,0,0,0,0,0,4,0,0,3,1,6,6,3,-1,-1,1993,12,1,MERCEDES E CLASS,-1,-1,0,-1
2024010521067,2024,010521067,1,9,0,7,7,5,7,0,0,6,0,0,0,0,1,1,6,6,1,24,5,1950,2,7,MERCEDES E CLASS,5,E01003739,0,1
2024161422163,2024,161422163,1,9,0,-1,19,5,1,-1,0,2,0,0,0,0,4,1,-1,9,1,60,9,1950,2,5,MERCEDES E CLASS,10,E01012921,0,1
2024010550794,2024,010550794,1,9,0,99,99,9,9,99,99,0,0,99,9,99,2,1,6,6,1,23,5,1950,2,5,MERCEDES E CLASS,-1,-1,0,-1
2024041512537,2024,041512537,1,9,0,-1,19,1,5,-1,0,0,0,0,0,0,1,1,-1,6,1,39,7,1950,2,8,MERCEDES E CLASS,1,E01012656,0,1
202417M318624,2024,17M318624,4,9,0,-1,19,4,7,-1,0,8,0,0,0,0,3,1,-1,2,1,45,7,2925,2,5,MERCEDES E CLASS,8,E01012067,0,1
2024052402234,2024,052402234,1,9,0,18,19,2,6,0,0,8,0,0,7,11,1,1,6,6,1,51,8,1950,2,6,MERCEDES E CLASS,2,E01006551,0,1
2024631398383,2024,631398383,1,9,0,-1,19,1,5,-1,0,1,0,0,0,0,1,1,-1,2,1,71,10,2685,2,20,MERCEDES E CLASS,7,W01000562,0,1
2024031446071,2024,031446071,1,9,0,-1,19,2,6,-1,0,0,1,0,2,4,1,1,-1,6,2,51,8,1950,2,5,MERCEDES E CLASS,1,-1,0,5
2024010520215,2024,010520215,2,9,0,18,19,5,1,0,0,1,0,0,0,0,2,1,2,2,2,37,7,2143,2,8,MERCEDES E CLASS,2,E01001395,0,2
2024332400231,2024,332400231,2,9,0,-1,19,1,5,-1,0,0,0,0,0,0,1,1,-1,9,1,24,5,1950,2,6,MERCEDES E CLASS,5,E01032868,0,1
2024211535692,2024,211535692,1,9,0,-1,4,1,5,-1,0,0,0,0,0,0,2,1,-1,6,1,52,8,1950,2,7,MERCEDES E CLASS,3,E01015765,0,5
2024440301910,2024,440301910,1,9,0,18,19,1,5,0,0,4,0,0,0,0,2,1,6,6,2,53,8,2143,2,13,MERCEDES E CLASS,8,E01023089,0,1
2024522500268,2024,522500268,2,9,0,3,3,7,3,0,0,0,0,0,0,0,2,1,6,6,1,63,9,1950,2,7,MERCEDES E CLASS,7,E01014808,0,1
2024131441531,2024,131441531,1,9,0,-1,19,1,5,-1,0,0,0,0,0,0,1,1,-1,9,1,63,9,2143,2,9,MERCEDES E CLASS,6,E01020059,0,5
2024052400843,2024,052400843,4,9,0,2,2,0,0,0,0,0,0,0,0,0,4,1,6,6,3,-1,-1,1950,2,6,MERCEDES E CLASS,-1,-1,0,-1
2024061425743,2024,061425743,1,9,-1,-1,-1,-1,-1,-1,-1,0,-1,-1,-1,0,-1,9,-1,6,3,-1,-1,1950,2,7,MERCEDES E CLASS,-1,-1,0,-1
2024340WN2552,2024,340WN2552,1,9,0,-1,19,2,1,-1,0,0,5,0,2,10,1,1,-1,9,1,37,7,2987,2,9,MERCEDES E CLASS,8,E01027217,0,2
2024340WN2842,2024,340WN2842,2,9,0,-1,19,4,8,-1,0,1,0,0,0,0,2,1,-1,2,1,37,7,1950,2,6,MERCEDES E CLASS,7,E01017795,0,4
2024421430201,2024,421430201,1,9,0,-1,12,3,7,-1,0,0,0,0,0,0,2,9,-1,6,1,35,6,2143,2,9,MERCEDES E CLASS,2,E01015851,0,2
2024411547119,2024,411547119,2,9,0,-1,1,3,7,-1,0,0,0,0,0,0,2,1,-1,6,2,40,7,1950,2,4,MERCEDES E CLASS,10,E01023818,0,1
2024991482331,2024,991482331,1,9,0,-1,5,1,4,-1,0,8,0,0,0,0,3,1,-1,6,1,69,10,1950,12,1,MERCEDES E CLASS,8,-1,0,1
2024131441144,2024,131441144,1,9,0,-1,-1,-1,-1,-1,-1,0,-1,-1,-1,0,-1,1,-1,6,3,-1,-1,3222,2,19,MERCEDES E CLASS,-1,-1,0,-1
2024340WN1142,2024,340WN1142,2,9,0,-1,19,1,5,-1,0,0,0,0,0,0,3,1,-1,6,1,23,5,1950,2,5,MERCEDES E CLASS,1,E01027140,0,4
2024010497490,2024,010497490,2,8,0,7,7,5,7,0,0,2,0,0,0,0,1,1,1,1,1,49,8,1950,2,7,MERCEDES E CLASS,3,E01004260,0,1
2024421520147,2024,421520147,1,8,0,-1,2,-1,-1,-1,99,0,0,0,0,0,1,1,-1,6,3,-1,-1,1950,2,5,MERCEDES E CLASS,-1,-1,0,-1
2024010535712,2024,010535712,1,9,0,4,4,8,4,9,9,7,0,0,0,0,1,1,6,6,1,36,7,1950,2,7,MERCEDES E CLASS,8,E01000320,0,3
2024010526702,2024,010526702,2,9,0,18,19,3,7,0,0,1,0,0,0,0,3,1,6,6,3,-1,-1,1950,2,6,MERCEDES E CLASS,-1,-1,0,-1
2024401473683,2024,401473683,1,9,0,-1,-1,-1,-1,-1,-1,-1,-1,-1,-1,0,-1,1,-1,6,2,-1,-1,2143,2,11,MERCEDES E CLASS,-1,-1,0,-1
2024201439039,2024,201439039,1,9,0,-1,3,6,2,-1,0,0,0,0,0,0,2,1,-1,9,1,36,7,2987,2,15,MERCEDES E CLASS,2,E01034954,0,1
2024451441760,2024,451441760,1,9,0,-1,19,8,4,-1,0,8,0,0,0,0,4,1,-1,9,2,70,10,1991,8,1,MERCEDES E CLASS,8,E01002922,0,1
2024010515224,2024,010515224,1,8,0,99,99,9,9,99,99,1,9,99,9,99,9,9,1,1,1,46,8,1950,2,6,MERCEDES E CLASS,4,E01003793,0,3
2024010542564,2024,010542564,2,9,0,4,4,1,5,0,0,1,0,0,0,0,2,1,1,1,1,39,7,1950,2,7,MERCEDES E CLASS,2,E01034477,0,4
2024010541730,2024,010541730,1,9,0,2,2,0,0,0,0,2,0,0,0,0,0,1,6,6,3,-1,-1,1950,2,5,MERCEDES E CLASS,-1,-1,0,-1
2024010498558,2024,010498558,2,8,0,99,99,9,9,99,99,9,9,99,9,99,1,9,6,6,3,-1,-1,1950,2,7,MERCEDES E CLASS,4,E01004326,0,1
2024430108744,2024,430108744,1,9,0,18,19,4,8,0,0,8,0,0,0,0,1,1,6,6,1,25,5,2148,2,16,MERCEDES E CLASS,9,E01016272,0,2
2024311464663,2024,311464663,1,9,0,-1,5,1,6,-1,0,6,0,0,0,0,3,1,-1,6,1,56,9,2143,2,9,MERCEDES E CLASS,-1,-1,0,-1
2024010526656,2024,010526656,1,9,0,18,19,7,3,0,0,1,0,1,0,0,2,1,2,2,1,43,7,1950,2,5,MERCEDES E CLASS,5,E01001418,0,3
2024430085110,2024,430085110,1,9,0,9,9,8,5,0,0,8,0,0,0,0,1,1,6,6,2,45,7,1950,2,5,MERCEDES E CLASS,7,E01017832,0,1
2024411503476,2024,411503476,2,9,0,-1,10,3,3,-1,9,2,0,0,0,0,3,1,-1,7,1,38,7,1991,1,5,MERCEDES E CLASS,6,E01023556,0,2
2024430321527,2024,430321527,1,9,0,1,1,3,7,0,0,4,0,0,0,0,4,1,6,6,1,63,9,2143,2,9,MERCEDES E CLASS,10,E01016657,0,2
2024010535959,2024,010535959,2,9,0,99,99,9,9,99,99,9,9,99,9,99,1,9,6,6,1,-1,-1,2143,2,9,MERCEDES E CLASS,-1,-1,0,-1
2024231476395,2024,231476395,1,9,0,-1,19,8,4,-1,0,0,0,0,0,0,3,1,-1,6,1,36,7,1950,2,5,MERCEDES E CLASS,6,E01002541,0,5