collision_index,collision_year,collision_ref_no,vehicle_reference,vehicle_type,towing_and_articulation,vehicle_manoeuvre_historic,vehicle_manoeuvre,vehicle_direction_from,vehicle_direction_to,vehicle_location_restricted_lane_historic,vehicle_location_restricted_lane,junction_location,skidding_and_overturning,hit_object_in_carriageway,vehicle_leaving_carriageway,hit_object_off_carriageway,first_point_of_impact,vehicle_left_hand_drive,journey_purpose_of_driver_historic,journey_purpose_of_driver,sex_of_driver,age_of_driver,age_band_of_driver,engine_capacity_cc,propulsion_code,age_of_vehicle,generic_make_model,driver_imd_decile,lsoa_of_driver,escooter_flag,driver_distance_banding
2024440489349,2024,440489349,1,9,0,18,19,3,7,0,0,8,0,0,0,0,3,1,6,6,2,46,8,1950,2,5,MERCEDES E CLASS,9,E01022531,0,1
2024010544695,2024,010544695,2,9,0,99,99,9,9,99,99,9,9,99,9,99,1,9,6,6,3,-1,-1,2143,2,8,MERCEDES E CLASS,-1,-1,0,-1
2024061519922,2024,061519922,1,9,0,-1,9,3,1,-1,0,0,0,0,0,0,1,9,-1,1,1,-1,-1,1950,2,7,MERCEDES E CLASS,-1,-1,0,-1
2024041516597,2024,041516597,1,9,0,-1,9,1,7,-1,0,1,0,0,0,0,1,1,-1,2,1,38,7,2143,2,10,MERCEDES E CLASS,1,E01025227,0,1
2024340NN3682,2024,340NN3682,1,9,0,-1,19,5,1,-1,0,1,0,0,0,0,1,1,-1,2,1,55,8,2143,2,10,MERCEDES E CLASS,2,E01027105,0,1
2024211533196,2024,211533196,1,9,0,-1,-1,-1,-1,-1,-1,-1,-1,-1,-1,0,-1,1,-1,6,2,-1,-1,1950,2,7,MERCEDES E CLASS,-1,-1,0,-1
2024010499610,2024,010499610,1,9,0,13,13,3,7,0,0,3,0,4,0,0,1,1,6,6,1,24,5,1950,2,8,MERCEDES E CLASS,2,E01000153,0,1
2024531512174,2024,531512174,1,9,0,-1,19,5,1,-1,0,0,0,0,0,0,2,1,-1,2,1,34,6,2143,2,10,MERCEDES E CLASS,9,E01031184,0,4
2024461449673,2024,461449673,1,9,0,-1,13,6,5,-1,0,0,0,0,0,0,3,9,-1,9,1,54,8,2148,2,19,MERCEDES E CLASS,4,E01024372,0,4
2024401477242,2024,401477242,2,9,0,-1,19,4,8,-1,0,0,0,0,0,0,1,1,-1,9,1,73,10,1950,2,6,MERCEDES E CLASS,6,E01017547,0,3
2024421465615,2024,421465615,2,9,0,-1,3,6,2,-1,0,1,0,0,0,0,2,1,-1,9,1,57,9,2148,2,20,MERCEDES E CLASS,8,E01021582,0,4
2024122400572,2024,122400572,1,9,0,18,19,4,6,0,0,8,0,0,0,0,4,1,2,2,1,35,6,2143,2,9,MERCEDES E CLASS,3,E01013335,0,1
2024010504490,2024,010504490,1,9,0,5,5,5,1,0,0,1,0,0,0,0,1,1,6,6,1,29,6,1950,2,4,MERCEDES E CLASS,4,E01033915,0,1
2024101498622,2024,101498622,2,8,0,-1,19,2,6,-1,0,8,0,0,0,0,3,1,-1,1,1,50,8,2143,2,8,MERCEDES E CLASS,4,E01008361,0,1
2024131425938,2024,131425938,1,9,0,-1,19,7,3,-1,0,0,0,0,0,0,3,1,-1,9,1,53,8,2143,2,10,MERCEDES E CLASS,2,E01011232,0,3
2024471457404,2024,471457404,7,9,0,-1,2,0,0,-1,0,0,0,0,0,0,2,1,-1,6,-1,-1,-1,1950,2,8,MERCEDES E CLASS,-1,-1,0,-1
2024010516269,2024,010516269,2,9,0,18,19,7,3,0,0,0,0,0,0,0,1,1,6,6,3,-1,-1,1950,2,6,MERCEDES E CLASS,-1,-1,0,-1
2024440296817,2024,440296817,2,9,0,18,19,1,5,0,0,1,0,0,0,0,1,1,6,6,1,38,7,1950,2,5,MERCEDES E CLASS,8,E01017148,0,1
2024010522937,2024,010522937,4,9,0,3,3,1,5,0,0,0,0,0,0,0,4,2,6,6,1,38,7,1950,2,6,MERCEDES E CLASS,-1,-1,0,-1
2024010520536,2024,010520536,2,8,0,99,99,9,9,99,99,9,9,99,9,99,9,9,6,6,3,35,6,1950,2,7,MERCEDES E CLASS,4,E01004380,0,3
2024401492795,2024,401492795,1,9,0,-1,4,5,1,-1,0,1,0,0,0,0,2,1,-1,6,1,52,8,2143,2,10,MERCEDES E CLASS,7,E01033431,0,1
2024991433951,2024,991433951,2,9,0,-1,2,0,0,-1,0,0,0,0,0,0,2,2,-1,6,-1,-1,-1,2143,2,9,MERCEDES E CLASS,-1,-1,0,-1
2024131473439,2024,131473439,1,9,0,-1,5,1,1,-1,0,6,0,0,0,0,1,1,-1,9,2,32,6,1991,1,5,MERCEDES E CLASS,8,E01011690,0,1
2024010498825,2024,010498825,1,8,0,99,99,9,9,99,99,9,9,99,9,99,9,9,6,6,1,24,5,1950,12,5,MERCEDES E CLASS,2,E01003059,0,3
2024340NN1582,2024,340NN1582,2,9,0,-1,19,8,4,-1,0,1,0,0,0,0,1,1,-1,6,1,66,10,2143,2,9,MERCEDES E CLASS,8,E01027346,0,1
2024340WN4962,2024,340WN4962,1,9,0,-1,19,4,8,-1,0,0,1,0,0,0,2,1,-1,6,1,26,6,1950,2,8,MERCEDES E CLASS,6,E01027139,0,2
2024010530436,2024,010530436,1,9,0,9,9,5,3,0,0,2,0,0,0,0,0,1,2,2,1,25,5,1950,2,6,MERCEDES E CLASS,1,E01002037,0,1
2024052401250,2024,052401250,2,9,0,4,4,1,5,0,0,0,0,0,0,0,2,1,6,6,1,38,7,1950,2,7,MERCEDES E CLASS,5,E01006491,0,2
2024010497442,2024,010497442,2,9,0,18,19,5,1,0,0,1,0,0,0,0,3,1,6,6,1,24,5,1950,12,4,MERCEDES E CLASS,3,E01002548,0,2
2024461530195,2024,461530195,1,9,0,-1,19,8,4,-1,0,1,0,0,0,0,1,1,-1,9,1,57,9,1950,2,5,MERCEDES E CLASS,10,E01023996,0,1
2024221469076,2024,221469076,1,9,0,-1,7,3,5,-1,0,4,0,0,0,0,1,1,-1,6,1,31,6,1950,2,8,MERCEDES E CLASS,3,E01029409,0,4
2024201459330,2024,201459330,2,9,0,-1,2,0,0,-1,0,0,0,0,0,0,3,1,-1,9,2,35,6,1950,2,6,MERCEDES E CLASS,2,E01009044,0,2
2024351501633,2024,351501633,1,9,0,-1,19,1,5,-1,0,1,0,0,0,0,1,1,-1,2,1,49,8,1950,2,8,MERCEDES E CLASS,9,E01018240,0,2
2024471509135,2024,471509135,4,9,0,-1,14,5,1,-1,0,0,0,0,0,0,4,1,-1,6,1,60,9,1796,1,14,MERCEDES E CLASS,9,E01031593,0,2
2024041528460,2024,041528460,2,9,0,-1,19,1,5,-1,0,0,0,0,0,0,1,1,-1,9,1,22,5,2685,2,19,MERCEDES E CLASS,9,E01025553,0,2
2024010525170,2024,010525170,1,9,0,2,2,0,0,0,0,0,0,0,0,0,4,1,6,6,3,-1,-1,2143,2,10,MERCEDES E CLASS,-1,-1,0,-1
2024010524394,2024,010524394,1,9,0,99,99,9,9,99,99,9,9,99,9,99,1,9,6,6,1,37,7,1950,2,7,MERCEDES E CLASS,3,E01034474,0,3
2024010549674,2024,010549674,2,9,0,99,99,9,9,99,99,0,9,99,9,99,9,9,6,6,3,-1,-1,2987,2,10,MERCEDES E CLASS,1,E01001424,0,1
2024201432849,2024,201432849,2,9,0,-1,19,1,2,-1,0,3,0,0,0,0,2,1,-1,9,-1,30,6,1950,2,7,MERCEDES E CLASS,-1,-1,0,-1
2024201448643,2024,201448643,2,9,0,-1,7,1,3,-1,0,5,0,0,0,0,1,1,-1,2,1,30,6,2143,2,11,MERCEDES E CLASS,-1,-1,0,-1
2024991491097,2024,991491097,1,9,0,-1,19,1,5,-1,0,0,0,0,0,0,1,1,-1,9,1,27,6,2987,2,17,MERCEDES E CLASS,5,-1,0,4
2024351443031,2024,351443031,2,8,0,-1,4,5,1,-1,0,8,0,9,0,0,4,9,-1,1,1,44,7,1950,2,6,MERCEDES E CLASS,6,E01017997,0,3
2024161444834,2024,161444834,1,9,0,-1,5,0,6,-1,0,1,0,4,0,0,2,1,-1,6,1,46,8,2143,2,9,MERCEDES E CLASS,1,E01012790,0,1
2024440266298,2024,440266298,1,9,0,18,19,2,6,0,0,0,0,0,0,0,1,1,6,6,1,42,7,2143,2,8,MERCEDES E CLASS,6,E01017047,0,3
2024461561786,2024,461561786,2,9,0,-1,19,5,1,-1,0,0,0,0,0,0,4,9,-1,9,2,36,7,1950,2,7,MERCEDES E CLASS,6,E01021435,0,3
2024010535169,2024,010535169,2,9,0,99,99,9,9,99,99,9,9,99,9,99,1,9,6,6,1,-1,-1,1950,2,8,MERCEDES E CLASS,-1,-1,0,-1
2024430077486,2024,430077486,2,9,0,18,19,7,3,0,0,0,0,0,0,0,1,1,6,6,1,19,4,1950,2,8,MERCEDES E CLASS,10,E01030396,0,4
2024010508577,2024,010508577,1,9,0,18,19,3,7,0,0,1,0,0,0,0,1,2,6,6,1,34,6,2987,2,8,MERCEDES E CLASS,4,E01001323,0,3
2024131530398,2024,131530398,5,9,0,-1,19,7,3,-1,0,0,0,0,0,0,1,1,-1,9,1,67,10,2987,2,14,MERCEDES E CLASS,3,E01010781,0,4
2024161504978,2024,161504978,2,9,0,-1,9,7,5,-1,0,0,0,0,0,0,9,9,-1,6,1,46,8,2149,2,17,MERCEDES E CLASS,-1,-1,0,-1
2024421527102,2024,421527102,2,9,0,-1,19,7,3,-1,0,1,0,0,1,0,1,1,-1,2,1,39,7,1950,2,5,MERCEDES E CLASS,7,E01021657,0,3
2024302401096,2024,302401096,1,9,0,4,4,8,4,0,0,1,0,0,0,0,1,1,6,6,1,30,6,1950,2,7,MERCEDES E CLASS,1,E01013480,0,1
2024991486993,2024,991486993,1,9,0,-1,19,7,3,-1,0,0,0,0,0,0,1,1,-1,6,1,43,7,2143,2,14,MERCEDES E CLASS,4,-1,0,4
2024320751825,2024,320751825,1,9,0,9,9,4,2,0,0,6,0,0,0,0,1,1,-1,-1,1,64,9,2987,2,17,MERCEDES E CLASS,9,E01034695,0,1
2024010509734,2024,010509734,2,9,0,99,99,9,9,99,99,9,9,99,9,99,1,9,6,6,3,-1,-1,1950,2,5,MERCEDES E CLASS,-1,-1,0,-1
2024451400462,2024,451400462,2,9,0,-1,9,7,3,-1,0,1,0,0,0,0,1,1,-1,6,1,75,10,1950,2,4,MERCEDES E CLASS,8,E01030763,0,2
2024311450543,2024,311450543,2,9,0,-1,19,1,5,-1,0,1,1,0,0,0,4,1,-1,9,1,37,7,2143,2,12,MERCEDES E CLASS,-1,-1,0,-1
2024440025659,2024,440025659,3,9,0,3,3,8,4,0,0,0,0,0,0,0,2,1,6,6,2,36,7,2987,2,10,MERCEDES E CLASS,3,E01017347,0,2
2024010530483,2024,010530483,1,9,0,3,3,1,5,0,0,2,0,0,0,0,1,1,6,6,1,31,6,1950,2,7,MERCEDES E CLASS,-1,-1,0,-1
2024010527193,2024,010527193,1,9,0,99,99,9,9,99,99,9,9,99,9,99,9,9,6,6,1,37,7,1991,1,5,MERCEDES E CLASS,6,E01002410,0,1
2024010538429,2024,010538429,1,9,0,99,99,9,9,99,99,9,9,99,9,99,2,9,2,2,1,34,6,1950,2,8,MERCEDES E CLASS,2,E01021270,0,4
2024101489518,2024,101489518,2,9,0,-1,7,7,4,-1,0,8,0,0,0,0,4,1,-1,9,1,33,6,2143,2,9,MERCEDES E CLASS,2,E01008834,0,3
2024061458941,2024,061458941,2,9,0,-1,19,2,6,-1,0,0,1,0,7,0,1,1,-1,6,1,36,7,2143,2,10,MERCEDES E CLASS,-1,-1,0,-1
2024451426938,2024,451426938,1,9,0,-1,9,6,2,-1,0,5,0,0,0,0,3,1,-1,9,2,54,8,1950,2,6,MERCEDES E CLASS,10,E01030316,0,1
2024461479652,2024,461479652,2,9,0,-1,19,7,3,-1,0,0,0,0,0,0,2,1,-1,9,1,31,6,1950,2,8,MERCEDES E CLASS,6,E01000174,0,4
2024522401245,2024,522401245,1,8,0,18,19,2,6,0,0,0,0,0,0,0,0,1,6,6,1,43,7,1950,2,6,MERCEDES E CLASS,1,E01014654,0,1
2024231415093,2024,231415093,1,9,0,-1,19,1,5,-1,0,8,0,0,0,0,1,9,-1,6,1,41,7,2987,2,14,MERCEDES E CLASS,4,E01031050,0,1
2024041453677,2024,041453677,3,9,0,-1,2,3,3,-1,0,0,0,0,0,0,1,1,-1,6,-1,-1,-1,1950,2,4,MERCEDES E CLASS,-1,-1,0,-1
2024311435776,2024,311435776,2,9,0,-1,20,0,0,-1,0,1,0,0,0,0,4,1,-1,6,1,59,9,2143,2,10,MERCEDES E CLASS,3,E01013930,0,1
2024201498432,2024,201498432,1,9,0,-1,19,7,4,-1,0,8,0,0,0,0,1,1,-1,9,2,27,6,1950,2,7,MERCEDES E CLASS,1,E01008884,0,1
2024141441126,2024,141441126,2,9,0,-1,19,1,5,-1,0,1,0,0,0,0,1,1,-1,6,1,-1,-1,1950,2,7,MERCEDES E CLASS,-1,-1,0,-1
2024531431196,2024,531431196,4,9,0,-1,15,2,6,-1,0,1,0,0,0,0,1,9,-1,6,1,48,8,2987,2,7,MERCEDES E CLASS,8,W01001583,0,3
2024501434143,2024,501434143,1,9,0,-1,19,5,1,-1,0,1,0,0,0,0,3,1,-1,9,1,75,10,2143,2,12,MERCEDES E CLASS,9,E01020192,0,3
2024101500107,2024,101500107,2,9,0,-1,19,7,3,-1,0,0,0,0,0,0,3,1,-1,6,1,57,9,2143,2,9,MERCEDES E CLASS,6,E01027447,0,3
2024010551728,2024,010551728,1,9,0,99,99,9,9,99,99,9,9,99,9,99,9,9,6,6,1,29,6,2987,2,11,MERCEDES E CLASS,5,E01000520,0,1
2024201501176,2024,201501176,1,9,0,-1,3,6,2,-1,0,4,0,0,0,0,2,1,-1,9,1,34,6,1950,2,7,MERCEDES E CLASS,-1,-1,0,-1
2024991401670,2024,991401670,1,9,0,-1,19,1,5,-1,0,0,0,0,0,0,3,1,-1,2,2,41,7,1950,2,8,MERCEDES E CLASS,10,-1,0,1
2024631530187,2024,631530187,1,9,0,-1,19,4,8,-1,0,8,0,0,0,0,1,1,-1,9,1,40,7,2143,2,10,MERCEDES E CLASS,1,W01000606,0,4
2024430522143,2024,430522143,1,9,0,18,19,6,2,0,0,0,0,0,0,0,1,1,3,7,1,32,6,1950,2,5,MERCEDES E CLASS,9,E01035265,0,2
2024440557860,2024,440557860,1,8,0,5,5,5,1,0,0,0,0,0,0,0,1,1,1,1,1,43,7,2149,2,17,MERCEDES E CLASS,2,E01017322,0,2
2024010504953,2024,010504953,1,9,0,-1,-1,5,1,0,0,8,0,0,0,0,1,1,6,6,1,32,6,1950,2,6,MERCEDES E CLASS,2,E01004256,0,1
2024201435513,2024,201435513,2,9,0,-1,19,1,3,-1,0,3,0,0,0,0,1,9,-1,9,2,48,8,2987,2,18,MERCEDES E CLASS,1,E01009410,0,2
2024101528040,2024,101528040,2,9,0,-1,19,5,1,-1,0,0,0,0,0,0,2,1,-1,9,2,51,8,2143,2,11,MERCEDES E CLASS,5,E01008629,0,2
2024201438176,2024,201438176,1,9,0,-1,5,5,2,-1,0,6,0,0,0,0,4,1,-1,1,1,59,9,2143,2,13,MERCEDES E CLASS,3,E01009565,0,3
2024010525981,2024,010525981,1,9,0,99,99,9,9,99,99,9,9,99,9,99,1,9,2,2,1,50,8,1950,2,4,MERCEDES E CLASS,7,E01003644,0,2
2024302400525,2024,302400525,1,9,0,18,19,3,7,0,0,1,0,0,0,0,1,1,6,6,1,34,6,2987,2,18,MERCEDES E CLASS,7,E01019583,0,1
2024411395879,2024,411395879,3,9,0,-1,19,5,1,-1,0,0,0,0,0,0,3,1,-1,9,1,40,7,1950,2,8,MERCEDES E CLASS,4,E01001683,0,4
2024332400957,2024,332400957,2,9,0,-1,19,7,3,-1,0,8,0,0,0,0,1,1,-1,9,2,44,7,2143,2,9,MERCEDES E CLASS,5,E01013736,0,1
2024421536430,2024,421536430,1,9,0,-1,19,1,5,-1,0,8,0,7,0,0,4,1,-1,6,1,55,8,2143,2,14,MERCEDES E CLASS,2,E01015861,0,1
2024552400670,2024,552400670,1,9,0,9,9,1,6,0,0,6,0,0,0,0,3,1,2,2,1,40,7,2148,2,16,MERCEDES E CLASS,8,E01015453,0,1
2024010566856,2024,010566856,1,9,0,18,19,6,2,9,9,2,0,0,7,0,1,1,6,6,1,30,6,2987,2,7,MERCEDES E CLASS,3,E01021823,0,4
2024010530170,2024,010530170,2,9,0,99,99,9,9,99,99,9,9,99,9,99,9,9,6,6,3,-1,-1,2143,2,9,MERCEDES E CLASS,-1,-1,0,-1
2024991436799,2024,991436799,1,9,0,-1,19,7,3,-1,0,1,0,0,1,1,1,1,-1,2,1,36,7,2987,2,9,MERCEDES E CLASS,-1,-1,0,-1
2024461443809,2024,461443809,1,9,0,-1,9,1,7,-1,0,8,0,0,0,0,1,9,-1,9,1,86,11,6208,1,15,MERCEDES E CLASS,9,E01024483,0,2
2024351439774,2024,351439774,1,9,0,-1,19,3,7,-1,0,4,0,0,0,0,1,1,-1,9,1,28,6,1991,1,4,MERCEDES E CLASS,8,E01018021,0,1
2024451517017,2024,451517017,2,9,0,-1,2,1,5,-1,0,1,0,0,0,0,3,1,-1,1,1,44,7,2143,2,10,MERCEDES E CLASS,4,E01030981,0,3
2024061524160,2024,061524160,1,9,0,-1,19,1,6,-1,0,1,0,0,0,0,1,9,-1,6,3,-1,-1,2143,2,11,MERCEDES E CLASS,-1,-1,0,-1
2024221494803,2024,221494803,1,8,0,-1,9,6,5,-1,0,5,0,0,0,0,1,1,-1,1,1,32,6,2143,12,9,MERCEDES E CLASS,2,E01009991,0,4
2024430365651,2024,430365651,1,9,0,18,19,5,1,0,0,0,0,0,0,0,3,1,6,6,1,52,8,1991,1,8,MERCEDES E CLASS,3,E01016456,0,2
2024622400554,2024,622400554,1,8,0,1,1,4,8,0,0,2,0,0,0,0,2,1,1,1,1,51,8,1950,2,5,MERCEDES E CLASS,1,W01001762,0,1
2024010527076,2024,010527076,1,9,0,7,7,8,3,0,0,3,0,0,0,0,3,1,6,6,2,35,6,2143,2,8,MERCEDES E CLASS,9,E01002376,0,2
2024440113645,2024,440113645,3,9,0,18,19,5,1,0,0,1,0,0,0,0,1,1,6,6,1,-1,-1,2143,2,8,MERCEDES E CLASS,-1,-1,0,-1
2024340WN3862,2024,340WN3862,2,9,0,-1,19,1,5,-1,0,0,0,0,0,0,2,1,-1,2,1,38,7,1950,2,8,MERCEDES E CLASS,3,E01033397,0,4
2024231429894,2024,231429894,1,9,0,-1,19,2,6,-1,0,0,1,0,1,4,2,1,-1,9,1,39,7,1950,2,5,MERCEDES E CLASS,10,E01002390,0,5
2024451404602,2024,451404602,1,9,0,-1,19,5,1,-1,0,0,0,0,0,0,2,1,-1,1,1,48,8,1950,2,5,MERCEDES E CLASS,7,E01030927,0,3
2024401483020,2024,401483020,1,9,0,-1,-1,-1,-1,-1,-1,-1,-1,-1,-1,0,-1,9,-1,6,3,-1,-1,2143,2,11,MERCEDES E CLASS,-1,-1,0,-1
2024061457755,2024,061457755,1,9,0,-1,19,1,1,-1,0,0,0,4,0,0,1,1,-1,6,1,35,6,3222,2,20,MERCEDES E CLASS,-1,-1,0,-1
2024461444083,2024,461444083,1,8,0,-1,1,-1,-1,-1,0,8,0,0,0,0,2,9,-1,1,1,31,6,1950,2,5,MERCEDES E CLASS,7,E01024026,0,4
2024320421391,2024,320421391,2,9,0,-1,-1,6,2,0,0,1,0,0,0,0,2,1,6,6,1,71,10,2997,1,17,MERCEDES E CLASS,4,E01026253,0,2
2024501461050,2024,501461050,1,9,0,-1,19,5,1,-1,0,0,0,0,0,0,1,1,-1,9,1,38,7,2987,2,11,MERCEDES E CLASS,1,E01015088,0,1
2024201456035,2024,201456035,1,9,0,-1,19,6,2,-1,0,0,0,12,0,0,2,9,-1,1,1,30,6,1950,12,4,MERCEDES E CLASS,6,E01002531,0,5
2024311418797,2024,311418797,2,9,0,-1,9,4,2,-1,0,7,0,0,0,0,3,1,-1,6,1,67,10,1950,2,7,MERCEDES E CLASS,1,E01013868,0,1
2024010501788,2024,010501788,2,9,0,2,2,0,0,0,0,1,0,0,0,0,3,2,6,6,3,-1,-1,1950,2,7,MERCEDES E CLASS,-1,-1,0,-1
2024010543742,2024,010543742,1,9,0,99,99,9,9,99,99,9,9,99,9,99,9,9,1,1,1,41,7,1950,12,5,MERCEDES E CLASS,5,E01001037,0,3
2024311453527,2024,311453527,1,9,0,-1,2,5,1,-1,0,6,0,0,0,0,1,1,-1,9,2,84,11,2143,2,10,MERCEDES E CLASS,5,E01028012,0,1
2024010531633,2024,010531633,1,9,0,5,5,0,1,0,0,0,0,0,0,0,2,1,6,6,1,36,7,1950,2,8,MERCEDES E CLASS,7,E01002144,0,1
2024201434432,2024,201434432,1,8,0,-1,19,4,8,-1,0,1,0,0,0,0,1,1,-1,6,1,39,7,2143,2,9,MERCEDES E CLASS,1,E01010363,0,1
2024471497434,2024,471497434,2,9,0,-1,19,4,8,-1,0,0,0,0,0,0,4,1,-1,9,1,43,7,2987,2,11,MERCEDES E CLASS,10,E01031754,0,3
2024141510990,2024,141510990,1,9,0,-1,19,6,2,-1,0,1,5,0,0,0,3,1,-1,6,1,36,7,1950,2,5,MERCEDES E CLASS,3,E01019554,0,3
2024010547081,2024,010547081,2,9,0,5,5,3,7,0,0,6,0,0,0,0,1,9,6,6,1,-1,-1,1796,1,13,MERCEDES E CLASS,-1,-1,0,-1
2024991401420,2024,991401420,2,8,0,-1,19,7,3,-1,0,0,0,0,0,0,1,1,-1,1,1,42,7,1950,2,5,MERCEDES E CLASS,4,-1,0,1
2024010540313,2024,010540313,2,9,0,18,19,9,9,99,99,0,9,99,9,99,9,9,6,6,3,59,9,2143,2,9,MERCEDES E CLASS,6,E01004658,0,1
2024631439604,2024,631439604,4,9,0,-1,4,6,5,-1,0,8,0,0,0,0,2,1,-1,6,1,33,6,1950,2,4,MERCEDES E CLASS,8,W01000557,0,1
2024201502611,2024,201502611,2,9,0,-1,19,1,5,-1,0,8,0,0,0,0,1,1,-1,6,3,30,6,2685,2,20,MERCEDES E CLASS,-1,-1,0,-1
2024010532629,2024,010532629,2,9,0,99,99,9,9,99,99,9,9,99,9,99,1,9,6,6,3,42,7,1950,2,3,MERCEDES E CLASS,7,E01017561,0,4
2024061523774,2024,061523774,1,8,0,-1,19,7,3,-1,0,0,0,4,0,0,1,1,-1,1,1,36,7,1950,2,6,MERCEDES E CLASS,1,E01004979,0,3
2024531444776,2024,531444776,2,9,0,-1,19,1,5,-1,0,0,0,0,0,0,2,1,-1,6,1,41,7,1991,8,4,MERCEDES E CLASS,5,E01022321,0,1
2024010508874,2024,010508874,2,9,0,99,99,9,9,99,99,9,9,99,9,99,9,9,6,6,3,-1,-1,1950,2,5,MERCEDES E CLASS,-1,-1,0,-1
2024221431831,2024,221431831,2,9,0,-1,19,3,6,-1,0,0,0,0,1,0,3,9,-1,6,1,66,10,2987,2,18,MERCEDES E CLASS,6,E01014051,0,1
2024231471478,2024,231471478,1,9,0,-1,13,8,4,-1,0,0,0,0,0,0,2,1,-1,6,1,43,7,1950,12,3,MERCEDES E CLASS,9,E01002191,0,5
2024201478228,2024,201478228,1,9,0,-1,9,5,1,-1,0,8,0,0,0,0,4,1,-1,6,1,19,4,2143,2,12,MERCEDES E CLASS,4,E01010100,0,1
2024471443695,2024,471443695,1,9,0,-1,19,7,3,-1,0,0,0,0,0,0,4,1,-1,9,1,68,10,3498,1,14,MERCEDES E CLASS,2,E01020922,0,1
2024201494685,2024,201494685,1,8,0,-1,20,7,3,-1,0,0,0,0,0,0,1,1,-1,1,1,47,8,2143,2,8,MERCEDES E CLASS,7,E01010124,0,1
2024451467633,2024,451467633,1,9,0,-1,6,5,1,-1,0,0,0,0,0,0,3,1,-1,9,1,50,8,1950,2,5,MERCEDES E CLASS,7,E01034153,0,3
2024440510454,2024,440510454,1,9,0,18,19,1,5,0,0,0,0,11,0,0,1,1,6,6,1,61,9,2987,2,15,MERCEDES E CLASS,8,E01023274,0,2
2024430362976,2024,430362976,2,9,0,18,19,8,4,0,0,0,0,0,0,0,1,1,6,6,1,53,8,1993,12,0,MERCEDES E CLASS,-1,-1,0,-1
2024461461349,2024,461461349,2,9,0,-1,2,0,0,-1,0,0,0,0,0,0,1,1,-1,6,-1,-1,-1,1950,2,5,MERCEDES E CLASS,-1,-1,0,-1
2024201535430,2024,201535430,2,9,0,-1,7,7,1,-1,0,5,0,0,0,0,2,9,-1,6,1,23,5,1950,2,7,MERCEDES E CLASS,-1,-1,0,-1
2024471500369,2024,471500369,2,9,0,-1,19,2,6,-1,0,8,1,0,1,3,1,1,-1,9,1,44,7,2143,2,12,MERCEDES E CLASS,7,E01031398,0,3
2024371452937,2024,371452937,2,9,0,-1,9,7,5,-1,0,8,0,0,0,0,2,1,-1,9,2,42,7,2143,2,13,MERCEDES E CLASS,3,E01030161,0,3
2024421456577,2024,421456577,2,9,0,-1,19,2,6,-1,0,8,0,0,1,1,1,1,-1,2,1,34,6,2987,2,16,MERCEDES E CLASS,6,E01021595,0,3
2024010501798,2024,010501798,2,8,0,99,99,9,9,99,99,0,9,99,9,99,9,9,6,6,3,-1,-1,1950,2,6,MERCEDES E CLASS,-1,-1,0,-1
2024010538175,2024,010538175,2,8,0,99,99,9,9,99,99,9,9,99,9,99,1,9,6,6,3,-1,-1,2143,2,9,MERCEDES E CLASS,4,E01032764,0,1
2024440204078,2024,440204078,2,9,0,17,19,7,4,0,0,2,0,0,0,0,1,1,6,6,2,44,7,2143,2,10,MERCEDES E CLASS,9,E01030933,0,3
2024430277949,2024,430277949,2,9,0,5,5,2,6,0,0,0,0,0,0,0,1,1,6,6,1,-1,-1,1993,12,0,MERCEDES E CLASS,-1,-1,0,-1
2024141415993,2024,141415993,2,9,0,-1,19,5,1,-1,0,0,0,0,1,0,1,1,-1,9,1,85,11,2148,2,16,MERCEDES E CLASS,9,E01007606,0,2
2024471512064,2024,471512064,1,9,0,-1,2,0,0,-1,0,0,0,0,0,0,2,1,-1,9,2,66,10,2597,1,19,MERCEDES E CLASS,8,E01001132,0,4
2024010498855,2024,010498855,1,9,0,18,19,1,5,0,0,3,0,0,0,0,3,1,6,6,2,50,8,1950,2,8,MERCEDES E CLASS,8,E01001454,0,1
2024461445804,2024,461445804,2,9,0,-1,2,0,0,-1,0,0,0,0,0,0,2,1,-1,6,-1,-1,-1,2149,2,15,MERCEDES E CLASS,-1,-1,0,-1
2024552401133,2024,552401133,1,9,0,9,9,2,7,0,0,8,0,0,0,0,1,1,6,6,1,62,9,2997,1,17,MERCEDES E CLASS,10,E01030370,0,5
2024122401213,2024,122401213,1,9,0,9,9,8,6,0,0,6,0,0,0,0,1,1,6,6,1,80,11,1993,12,2,MERCEDES E CLASS,5,E01027778,0,1
2024451510950,2024,451510950,1,9,0,-1,19,1,5,-1,0,1,0,0,7,11,1,1,-1,9,1,20,4,1950,2,3,MERCEDES E CLASS,4,E01004037,0,4