collision_index,collision_year,collision_ref_no,vehicle_reference,vehicle_type,towing_and_articulation,vehicle_manoeuvre_historic,vehicle_manoeuvre,vehicle_direction_from,vehicle_direction_to,vehicle_location_restricted_lane_historic,vehicle_location_restricted_lane,junction_location,skidding_and_overturning,hit_object_in_carriageway,vehicle_leaving_carriageway,hit_object_off_carriageway,first_point_of_impact,vehicle_left_hand_drive,journey_purpose_of_driver_historic,journey_purpose_of_driver,sex_of_driver,age_of_driver,age_band_of_driver,engine_capacity_cc,propulsion_code,age_of_vehicle,generic_make_model,driver_imd_decile,lsoa_of_driver,escooter_flag,driver_distance_banding
2024010498631,2024,010498631,1,9,0,9,9,1,6,0,0,1,0,4,1,0,1,1,6,6,1,21,5,1950,2,6,MERCEDES E CLASS,5,E01001681,0,1
2024101479028,2024,101479028,2,9,0,-1,3,6,2,-1,0,8,0,0,0,0,2,9,-1,6,1,21,5,2148,2,16,MERCEDES E CLASS,2,E01008335,0,1
2024311521209,2024,311521209,2,9,0,-1,10,3,1,-1,0,8,0,0,0,0,1,2,-1,9,1,36,7,1950,2,8,MERCEDES E CLASS,1,E01013919,0,1
2024052400376,2024,052400376,1,9,0,18,19,6,2,0,0,0,0,0,1,4,4,1,6,6,1,61,9,3199,1,20,MERCEDES E CLASS,3,E01006906,0,1
2024131500943,2024,131500943,2,9,0,-1,19,2,6,-1,0,1,0,0,0,0,3,1,-1,6,2,37,7,1950,2,6,MERCEDES E CLASS,1,E01010943,0,1
2024221519097,2024,221519097,1,9,0,-1,9,2,8,-1,0,6,0,0,0,0,1,1,-1,9,1,64,9,2143,2,8,MERCEDES E CLASS,3,E01033246,0,3
2024430087162,2024,430087162,2,9,0,18,19,6,2,0,0,8,0,0,0,0,1,1,6,6,1,25,5,1950,2,8,MERCEDES E CLASS,9,E01016403,0,1
2024052400192,2024,052400192,1,9,0,18,19,6,2,0,0,8,0,0,0,0,4,1,6,6,2,49,8,1991,8,4,MERCEDES E CLASS,5,E01025522,0,3
2024451472049,2024,451472049,2,9,0,-1,19,1,5,-1,0,0,0,0,0,0,1,1,-1,6,1,35,6,1950,2,5,MERCEDES E CLASS,10,E01030945,0,3
2024052401966,2024,052401966,1,9,0,18,19,1,5,0,0,0,0,0,0,0,4,1,2,2,2,62,9,2143,2,9,MERCEDES E CLASS,3,E01006626,0,1
2024332400427,2024,332400427,1,8,0,-1,10,1,7,-1,0,1,0,0,0,0,2,1,-1,1,1,54,8,1950,2,6,MERCEDES E CLASS,5,E01025957,0,1
2024010504345,2024,010504345,2,9,0,99,99,9,9,99,99,9,9,99,9,99,1,9,6,6,3,-1,-1,1950,2,6,MERCEDES E CLASS,-1,-1,0,-1
2024010511960,2024,010511960,2,9,0,18,19,4,8,0,0,4,0,0,0,0,1,1,6,6,1,29,6,1950,12,3,MERCEDES E CLASS,8,E01000760,0,3
2024351421003,2024,351421003,1,9,0,-1,4,6,2,-1,0,1,0,0,0,0,4,1,-1,2,2,30,6,1950,2,7,MERCEDES E CLASS,4,E01018109,0,1
2024421481931,2024,421481931,2,9,0,-1,19,3,3,-1,0,0,0,0,0,0,2,1,-1,9,1,46,8,2143,2,11,MERCEDES E CLASS,10,E01033055,0,3
2024010527410,2024,010527410,1,9,0,18,19,1,5,0,0,2,0,0,0,0,2,1,6,6,2,38,7,1796,1,13,MERCEDES E CLASS,8,E01000314,0,1
2024451487746,2024,451487746,1,9,0,-1,5,7,1,-1,0,6,0,0,0,0,1,9,-1,6,1,37,7,2987,2,19,MERCEDES E CLASS,5,E01030656,0,1
2024010499863,2024,010499863,1,9,0,4,4,7,3,0,0,8,0,0,0,0,1,1,6,6,1,77,11,3498,1,13,MERCEDES E CLASS,9,E01001028,0,3
2024451463053,2024,451463053,1,9,0,-1,19,7,3,-1,0,0,0,0,0,0,1,1,-1,9,1,34,6,1950,2,7,MERCEDES E CLASS,4,E01030747,0,1
2024010511432,2024,010511432,1,9,0,18,19,3,7,0,0,1,0,0,0,0,1,1,6,6,1,49,8,1991,1,3,MERCEDES E CLASS,9,E01032576,0,1
2024010527921,2024,010527921,4,8,0,3,3,5,1,0,0,1,0,0,0,0,2,1,1,1,1,45,7,1950,2,5,MERCEDES E CLASS,6,E01001498,0,3
2024991461059,2024,991461059,2,9,0,-1,2,0,0,-1,0,2,0,0,0,0,1,1,-1,6,-1,-1,-1,2143,2,15,MERCEDES E CLASS,-1,-1,0,-1
2024010539090,2024,010539090,2,9,9,99,99,9,9,99,99,4,9,99,9,99,9,9,6,6,3,-1,-1,1950,2,7,MERCEDES E CLASS,-1,-1,0,-1
202454E591924,2024,54E591924,1,9,0,9,9,6,4,0,0,6,0,0,0,0,0,1,6,6,1,40,7,3222,2,21,MERCEDES E CLASS,6,E01015496,0,1
2024201429928,2024,201429928,1,9,0,-1,19,8,1,-1,0,8,0,0,0,0,4,9,-1,6,2,38,7,1950,2,5,MERCEDES E CLASS,2,E01009942,0,1
2024411428272,2024,411428272,3,9,0,-1,19,1,5,-1,0,8,0,0,0,0,1,1,-1,6,1,32,6,1950,2,4,MERCEDES E CLASS,3,E01004403,0,3
2024010525150,2024,010525150,1,9,0,1,1,3,7,0,0,1,0,11,0,0,2,1,1,1,1,49,8,1950,2,6,MERCEDES E CLASS,-1,-1,0,-1
2024421534237,2024,421534237,2,9,0,-1,10,-1,-1,-1,99,5,0,0,0,0,2,1,-1,6,1,49,8,1950,2,6,MERCEDES E CLASS,6,E01021589,0,1
2024201465244,2024,201465244,2,9,0,-1,19,1,5,-1,0,1,0,0,0,0,1,1,-1,2,3,43,7,1950,2,6,MERCEDES E CLASS,8,E01034242,0,5
2024010539513,2024,010539513,2,9,0,18,19,6,2,0,0,2,0,0,0,0,1,1,6,6,1,30,6,1950,2,5,MERCEDES E CLASS,2,E01003305,0,2
2024461466368,2024,461466368,2,9,0,-1,-1,3,7,-1,-1,0,0,0,0,0,2,1,-1,-1,1,42,7,1991,8,5,MERCEDES E CLASS,3,E01035672,0,4
2024320579366,2024,320579366,1,9,0,9,9,4,2,0,0,6,0,0,0,0,3,1,6,6,1,43,7,2143,2,8,MERCEDES E CLASS,8,E01026372,0,1
2024161440010,2024,161440010,2,9,0,-1,9,2,4,-1,0,1,0,0,0,0,4,1,-1,6,1,25,5,2143,2,12,MERCEDES E CLASS,1,-1,0,5
2024340WN1722,2024,340WN1722,1,8,0,-1,19,3,7,-1,0,4,1,0,0,0,1,1,-1,1,1,42,7,1950,2,7,MERCEDES E CLASS,-1,-1,0,-1
2024010515466,2024,010515466,1,9,0,3,3,5,1,0,0,0,0,0,0,0,1,1,1,1,1,48,8,1950,2,6,MERCEDES E CLASS,5,E01002426,0,3
2024010549326,2024,010549326,1,8,0,99,99,9,9,99,99,9,9,99,9,99,2,9,6,6,1,62,9,1999,8,0,MERCEDES E CLASS,3,E01035649,0,1
2024010527921,2024,010527921,1,8,0,3,3,5,1,0,0,1,0,0,0,0,2,1,1,1,1,53,8,1950,2,6,MERCEDES E CLASS,3,E01002370,0,4
2024461534171,2024,461534171,2,9,0,-1,19,3,7,-1,0,1,0,4,1,0,1,1,-1,6,1,58,9,2143,2,9,MERCEDES E CLASS,5,E01024156,0,1
2024041489689,2024,041489689,4,9,0,-1,4,5,1,-1,0,0,0,0,0,0,2,1,-1,6,1,39,7,2143,2,11,MERCEDES E CLASS,5,E01030252,0,5
2024010525247,2024,010525247,2,9,0,99,99,9,9,99,99,9,9,99,9,99,1,9,6,6,1,37,7,2143,2,9,MERCEDES E CLASS,3,E01001394,0,3
2024351432138,2024,351432138,2,9,0,-1,4,3,7,-1,0,8,0,0,0,0,2,1,-1,6,2,44,7,2987,2,16,MERCEDES E CLASS,9,E01018008,0,1
2024010511958,2024,010511958,1,9,0,9,9,1,6,0,0,1,0,0,1,0,1,1,6,6,1,50,8,1950,2,8,MERCEDES E CLASS,8,E01002269,0,1
2024430237493,2024,430237493,2,9,0,1,1,3,8,0,0,1,0,0,0,0,2,1,6,6,3,-1,-1,1950,2,5,MERCEDES E CLASS,-1,-1,0,-1
2024421438029,2024,421438029,2,9,0,-1,19,6,3,-1,0,1,0,0,0,0,1,1,-1,2,1,59,9,2143,2,11,MERCEDES E CLASS,10,E01021961,0,3
2024141424284,2024,141424284,1,9,0,-1,19,5,1,-1,0,0,0,0,0,0,1,1,-1,6,1,35,6,2143,2,12,MERCEDES E CLASS,4,E01007331,0,2
2024010512236,2024,010512236,1,9,0,18,19,3,7,0,0,8,0,0,0,0,1,1,6,6,1,45,7,1950,2,6,MERCEDES E CLASS,6,E01003751,0,2
2024111508856,2024,111508856,1,9,0,-1,19,7,3,-1,0,0,0,0,0,0,1,1,-1,9,1,33,6,2987,2,18,MERCEDES E CLASS,-1,-1,0,-1
2024451492253,2024,451492253,1,9,0,-1,19,7,3,-1,0,0,0,4,0,0,1,1,-1,1,1,52,8,1950,2,6,MERCEDES E CLASS,3,E01034608,0,4
2024461484397,2024,461484397,4,9,0,-1,3,7,7,-1,0,0,0,0,0,0,2,1,-1,1,1,42,7,1950,2,7,MERCEDES E CLASS,3,E01004271,0,4
2024061436529,2024,061436529,1,9,0,-1,9,1,5,-1,0,8,0,0,0,0,1,1,-1,6,1,39,7,2143,2,12,MERCEDES E CLASS,3,E01005215,0,1
2024522403107,2024,522403107,2,9,0,9,9,1,8,0,0,8,0,0,0,0,1,1,6,6,1,51,8,2143,2,10,MERCEDES E CLASS,2,E01014626,0,1
2024440377579,2024,440377579,2,9,0,12,12,6,2,0,0,0,0,0,0,0,2,1,6,6,3,-1,-1,2143,2,8,MERCEDES E CLASS,-1,-1,0,-1
2024552401024,2024,552401024,1,9,0,18,19,4,8,0,0,0,0,0,0,0,1,1,6,6,3,-1,-1,1950,2,5,MERCEDES E CLASS,-1,-1,0,-1
2024141470163,2024,141470163,1,9,0,-1,9,7,4,-1,1,6,0,0,0,0,1,1,-1,9,1,48,8,2143,2,11,MERCEDES E CLASS,4,E01008093,0,1
2024010518574,2024,010518574,1,8,0,99,99,9,9,99,99,0,9,99,9,99,9,9,1,1,1,39,7,1950,2,8,MERCEDES E CLASS,4,E01002738,0,2
2024451416883,2024,451416883,2,9,0,-1,19,1,5,-1,0,0,0,0,0,0,4,1,-1,7,1,54,8,1950,2,7,MERCEDES E CLASS,3,E01030619,0,4
2024161439828,2024,161439828,1,9,0,-1,19,4,8,-1,0,0,0,0,0,0,1,9,-1,6,1,-1,-1,2143,2,11,MERCEDES E CLASS,-1,-1,0,-1
2024010535998,2024,010535998,2,9,0,18,19,1,5,0,0,2,0,0,0,0,1,1,6,6,3,-1,-1,2143,2,8,MERCEDES E CLASS,-1,-1,0,-1
2024451471374,2024,451471374,1,9,0,-1,19,3,7,-1,0,0,1,0,3,10,1,1,-1,9,1,59,9,3222,2,20,MERCEDES E CLASS,6,E01030464,0,1
2024501432763,2024,501432763,1,9,0,-1,7,1,5,-1,0,5,0,0,0,0,4,1,-1,6,1,47,8,1950,2,6,MERCEDES E CLASS,2,E01020014,0,1
2024010551056,2024,010551056,1,9,0,1,1,9,9,0,0,0,0,99,0,0,2,9,6,6,3,-1,-1,2987,2,7,MERCEDES E CLASS,-1,-1,0,-1
2024061409206,2024,061409206,1,9,0,-1,3,-1,-1,-1,0,0,0,0,0,0,4,9,-1,6,3,-1,-1,1950,2,7,MERCEDES E CLASS,-1,-1,0,-1
2024131478037,2024,131478037,2,9,0,-1,9,3,1,-1,0,8,1,0,1,0,4,1,-1,6,1,39,7,1950,2,7,MERCEDES E CLASS,4,E01007742,0,4
2024320630988,2024,320630988,2,9,0,-1,-1,1,5,0,0,0,0,0,4,0,1,1,-1,-1,1,24,5,1950,2,7,MERCEDES E CLASS,7,E01008452,0,5
2024430297318,2024,430297318,2,9,0,18,19,1,5,0,0,0,0,0,0,0,4,1,6,6,1,44,7,2143,2,11,MERCEDES E CLASS,1,E01019808,0,5
2024010541608,2024,010541608,1,9,0,4,4,1,5,9,9,1,0,0,7,11,1,1,6,6,2,67,10,1991,1,6,MERCEDES E CLASS,10,E01000827,0,1
2024302401397,2024,302401397,2,8,0,18,19,1,5,0,0,1,0,0,0,0,3,1,1,1,1,47,8,2143,2,10,MERCEDES E CLASS,2,E01019543,0,1
2024430367551,2024,430367551,1,9,0,9,9,6,4,0,0,5,0,0,0,0,1,1,6,6,2,34,6,2987,2,11,MERCEDES E CLASS,10,E01016628,0,2
2024010513896,2024,010513896,5,9,0,2,2,0,0,0,0,0,0,0,0,0,4,1,6,6,3,-1,-1,1950,2,7,MERCEDES E CLASS,-1,-1,0,-1
2024010527290,2024,010527290,2,9,0,99,99,9,9,99,99,0,9,99,9,99,1,9,6,6,1,42,7,1991,8,4,MERCEDES E CLASS,6,E01034195,0,1
2024010505979,2024,010505979,2,9,0,3,3,1,5,0,0,8,0,0,0,0,2,1,1,1,2,54,8,2143,2,10,MERCEDES E CLASS,2,E01015754,0,4
2024010498426,2024,010498426,2,9,0,99,99,9,9,99,99,9,9,99,9,99,1,9,6,6,3,-1,-1,2143,2,10,MERCEDES E CLASS,-1,-1,0,-1
2024041433205,2024,041433205,1,9,0,-1,19,1,5,-1,0,0,0,0,0,0,1,1,-1,7,1,33,6,2987,2,13,MERCEDES E CLASS,2,E01012630,0,1
2024552400521,2024,552400521,2,9,0,18,19,6,2,0,0,3,0,0,0,0,3,1,6,6,1,57,9,2143,2,10,MERCEDES E CLASS,6,E01015337,0,1
2024461438635,2024,461438635,1,9,0,-1,5,3,7,-1,0,6,0,0,0,0,1,9,-1,6,3,-1,-1,2143,2,9,MERCEDES E CLASS,-1,-1,0,-1
2024010522574,2024,010522574,1,9,0,4,4,1,5,0,0,2,0,0,0,0,4,1,6,6,2,44,7,2143,2,9,MERCEDES E CLASS,-1,-1,0,-1
2024010526640,2024,010526640,2,9,0,99,99,9,9,99,99,9,9,99,9,99,1,9,6,6,1,-1,-1,1991,1,5,MERCEDES E CLASS,2,E01004001,0,3
2024010489048,2024,010489048,1,9,0,18,19,7,3,0,0,8,0,0,0,0,1,1,2,2,1,25,5,1950,2,5,MERCEDES E CLASS,3,E01002139,0,2
2024010500154,2024,010500154,1,8,0,4,4,1,5,0,0,0,0,0,0,0,2,1,1,1,1,30,6,1950,2,5,MERCEDES E CLASS,2,E01001765,0,1
2024451408126,2024,451408126,2,9,0,-1,9,4,2,-1,0,8,0,0,0,0,3,1,-1,9,2,34,6,1950,2,3,MERCEDES E CLASS,10,E01030366,0,1
2024010550593,2024,010550593,2,9,0,18,19,3,7,0,0,1,0,0,0,0,1,1,6,6,1,36,7,1993,12,0,MERCEDES E CLASS,-1,-1,0,-1
2024351438217,2024,351438217,1,9,0,-1,5,3,7,-1,0,6,0,0,0,0,1,1,-1,9,1,53,8,1950,2,6,MERCEDES E CLASS,7,E01035525,0,1
2024471524338,2024,471524338,1,9,0,-1,9,5,2,-1,0,8,0,0,0,0,1,9,-1,6,1,16,4,2143,2,15,MERCEDES E CLASS,10,E01035351,0,1
2024010549958,2024,010549958,2,9,9,99,99,9,9,99,99,9,9,99,9,99,9,9,6,6,3,-1,-1,1950,2,7,MERCEDES E CLASS,-1,-1,0,-1
2024440135652,2024,440135652,1,9,0,11,11,4,8,0,0,0,1,0,5,6,2,1,6,6,2,27,6,2987,2,15,MERCEDES E CLASS,6,E01034825,0,4
2024010535122,2024,010535122,1,8,0,99,99,9,9,99,99,0,9,99,9,99,9,9,1,1,1,60,9,1950,12,2,MERCEDES E CLASS,3,E01001109,0,3
2024401448957,2024,401448957,1,9,-1,-1,-1,-1,-1,-1,-1,0,-1,-1,-1,0,-1,9,-1,6,1,26,6,2987,2,13,MERCEDES E CLASS,4,E01027238,0,4
2024201514436,2024,201514436,1,9,0,-1,19,7,3,-1,0,8,0,0,0,0,1,9,-1,6,3,25,5,1999,8,0,MERCEDES E CLASS,-1,-1,0,-1
2024421529454,2024,421529454,1,9,0,-1,99,-1,-1,-1,0,9,0,99,0,0,1,1,-1,6,3,-1,-1,2143,2,8,MERCEDES E CLASS,-1,-1,0,-1
2024010535435,2024,010535435,2,8,9,11,11,7,3,0,0,1,0,99,0,0,4,9,6,6,3,47,8,1991,8,4,MERCEDES E CLASS,3,E01002133,0,3
2024421507988,2024,421507988,1,9,0,-1,1,7,3,-1,0,2,0,0,0,0,2,1,-1,6,2,-1,-1,2143,2,14,MERCEDES E CLASS,-1,-1,0,-1
2024010548316,2024,010548316,1,9,0,99,99,9,9,99,99,9,9,99,9,99,9,9,6,6,1,61,9,1950,2,7,MERCEDES E CLASS,2,E01033146,0,1
2024010504225,2024,010504225,2,9,0,17,19,1,5,0,0,1,0,0,0,0,1,1,1,1,1,30,6,1950,2,7,MERCEDES E CLASS,2,E01001528,0,2
2024332401136,2024,332401136,2,9,0,-1,19,1,5,-1,0,0,0,0,0,0,1,1,-1,6,1,33,6,2143,2,9,MERCEDES E CLASS,9,E01025979,0,1
2024501448118,2024,501448118,1,9,0,-1,19,6,2,-1,0,8,1,11,0,0,3,1,-1,6,1,61,9,2143,2,13,MERCEDES E CLASS,2,E01015073,0,1
2024631430460,2024,631430460,2,9,0,-1,4,6,2,-1,0,0,0,0,1,10,2,2,-1,9,1,30,6,2987,2,11,MERCEDES E CLASS,7,E01015352,0,5
2024451464990,2024,451464990,2,9,9,-1,9,-1,-1,-1,0,1,0,0,0,0,1,1,-1,6,1,22,5,1796,1,14,MERCEDES E CLASS,-1,-1,0,-1
2024302401446,2024,302401446,2,9,0,9,9,7,5,0,0,8,0,0,0,0,3,1,6,6,1,80,11,1950,2,5,MERCEDES E CLASS,10,E01028088,0,4
2024061424566,2024,061424566,1,9,-1,-1,19,-1,-1,-1,0,0,0,0,0,0,0,9,-1,6,3,-1,-1,1950,2,7,MERCEDES E CLASS,-1,-1,0,-1
2024471519408,2024,471519408,1,9,0,-1,9,3,1,-1,0,5,0,0,0,0,3,1,-1,9,2,85,11,2987,2,16,MERCEDES E CLASS,7,E01021061,0,1
2024010531004,2024,010531004,2,9,0,7,7,5,7,0,0,1,0,0,0,0,3,1,6,6,3,-1,-1,3199,1,20,MERCEDES E CLASS,-1,-1,0,-1
2024221529157,2024,221529157,1,9,0,-1,19,4,8,-1,0,0,1,0,0,0,1,1,-1,6,1,28,6,1950,2,3,MERCEDES E CLASS,6,E01032466,0,2
2024010529920,2024,010529920,2,9,0,4,4,7,3,0,0,8,0,0,0,0,0,1,6,6,1,48,8,2143,2,9,MERCEDES E CLASS,2,E01000078,0,1
2024010521974,2024,010521974,1,9,0,18,19,7,3,0,0,0,0,0,0,0,2,1,6,6,1,25,5,1950,2,7,MERCEDES E CLASS,6,E01002628,0,2
2024010544431,2024,010544431,1,9,0,99,99,9,9,99,99,0,9,99,9,99,2,9,6,6,1,36,7,2143,2,8,MERCEDES E CLASS,9,E01001279,0,1
2024010495131,2024,010495131,2,8,0,18,19,7,3,0,0,0,1,10,0,0,3,1,1,1,1,43,7,1950,2,5,MERCEDES E CLASS,3,E01004645,0,3
2024061398822,2024,061398822,2,9,-1,-1,-1,-1,-1,-1,-1,-1,-1,-1,-1,0,-1,9,-1,6,1,53,8,2143,2,8,MERCEDES E CLASS,6,E01005060,0,3
2024061437890,2024,061437890,2,9,0,-1,19,3,7,-1,0,1,0,0,0,0,1,1,-1,9,2,51,8,2148,2,18,MERCEDES E CLASS,9,E01005926,0,1
2024052402797,2024,052402797,3,9,0,2,2,0,0,0,0,0,0,0,0,0,3,1,6,6,3,-1,-1,1950,2,7,MERCEDES E CLASS,-1,-1,0,-1
2024201475878,2024,201475878,2,9,0,-1,19,4,8,-1,0,3,0,0,0,0,4,1,-1,6,1,50,8,2143,2,8,MERCEDES E CLASS,3,E01009950,0,2
2024401454349,2024,401454349,2,9,-1,-1,-1,-1,-1,-1,-1,0,-1,-1,-1,0,-1,9,-1,6,2,49,8,2143,-1,11,MERCEDES E CLASS,3,E01015731,0,1
2024010498581,2024,010498581,1,9,0,18,19,1,5,0,0,3,0,0,0,0,1,1,6,6,1,33,6,5461,1,12,MERCEDES E CLASS,4,E01035314,0,4
2024010489602,2024,010489602,1,9,0,99,99,9,9,99,99,9,9,99,9,99,1,9,1,1,1,34,6,1950,2,5,MERCEDES E CLASS,3,E01003625,0,3
2024010529065,2024,010529065,2,9,0,99,99,9,9,99,99,9,9,99,9,99,9,9,6,6,3,-1,-1,1950,2,5,MERCEDES E CLASS,-1,-1,0,-1
202417M207924,2024,17M207924,3,9,0,-1,19,2,6,-1,0,0,0,0,0,0,3,1,-1,9,1,74,10,2925,2,1,MERCEDES E CLASS,-1,-1,0,-1
2024440306659,2024,440306659,1,9,0,5,5,8,4,0,0,6,5,0,3,2,1,1,6,6,1,80,11,2987,2,10,MERCEDES E CLASS,10,E01022896,0,2
2024522401590,2024,522401590,2,9,0,5,5,5,1,0,0,6,0,0,0,0,1,1,6,6,3,-1,-1,1950,2,7,MERCEDES E CLASS,-1,-1,0,-1
2024371415848,2024,371415848,1,9,0,-1,19,3,7,-1,0,0,0,0,1,4,1,1,-1,6,1,64,9,2987,2,14,MERCEDES E CLASS,3,E01018090,0,4
2024332400382,2024,332400382,4,9,0,-1,19,3,7,-1,0,0,0,0,0,0,1,1,-1,6,1,36,7,2143,2,10,MERCEDES E CLASS,5,E01032862,0,3
2024010521725,2024,010521725,1,9,0,9,9,8,5,0,0,1,0,0,0,0,1,1,6,6,1,50,8,2148,2,17,MERCEDES E CLASS,7,E01000989,0,1
2024010521552,2024,010521552,1,9,0,5,5,3,7,0,0,1,0,0,0,0,1,1,6,6,1,33,6,1991,8,2,MERCEDES E CLASS,2,E01001857,0,3
2024361432702,2024,361432702,1,9,0,-1,19,5,1,-1,0,0,0,0,0,0,1,1,-1,6,1,54,8,1950,2,6,MERCEDES E CLASS,3,E01000082,0,5
2024161417474,2024,161417474,1,9,0,-1,19,3,7,-1,0,8,0,0,7,0,4,1,-1,2,1,60,9,2143,2,8,MERCEDES E CLASS,3,E01011903,0,4
2024010542626,2024,010542626,1,9,0,3,3,1,5,0,0,1,0,0,0,0,1,1,6,6,1,31,6,1950,2,7,MERCEDES E CLASS,2,E01002100,0,1
2024010526885,2024,010526885,2,9,0,5,5,5,1,0,0,2,0,0,0,0,1,1,6,6,1,28,6,1950,2,6,MERCEDES E CLASS,-1,-1,0,-1
2024401507038,2024,401507038,2,9,0,-1,19,7,3,-1,0,0,0,0,0,0,2,1,-1,6,1,33,6,2987,2,7,MERCEDES E CLASS,4,E01018179,0,1
2024010497959,2024,010497959,2,9,0,99,99,9,9,99,99,6,9,99,9,99,1,9,6,6,1,-1,-1,1950,2,5,MERCEDES E CLASS,-1,-1,0,-1
2024010546667,2024,010546667,1,8,0,99,99,9,9,99,99,9,9,99,9,99,2,9,1,1,1,40,7,1950,2,4,MERCEDES E CLASS,2,E01000012,0,3
2024010526350,2024,010526350,2,9,0,18,19,5,1,0,0,1,2,0,1,2,1,1,6,6,1,32,6,1991,8,4,MERCEDES E CLASS,5,E01000978,0,1
2024201523924,2024,201523924,2,9,0,-1,19,2,6,-1,0,0,0,0,0,0,1,1,-1,9,1,40,7,1950,2,7,MERCEDES E CLASS,2,E01009409,0,2
2024131505781,2024,131505781,1,9,0,-1,19,6,2,-1,0,1,0,0,0,0,1,1,-1,2,1,22,5,2143,2,10,MERCEDES E CLASS,1,E01010611,0,1
2024461436241,2024,461436241,3,9,0,-1,19,1,1,-1,0,1,0,0,0,0,2,1,-1,9,1,30,6,1950,2,7,MERCEDES E CLASS,3,E01016022,0,1
2024010544112,2024,010544112,1,9,0,18,19,7,3,0,0,1,0,0,0,0,1,1,3,7,2,39,7,1991,1,5,MERCEDES E CLASS,4,E01000788,0,1
2024421534143,2024,421534143,1,9,0,-1,1,1,5,-1,99,1,0,4,0,0,9,1,-1,6,1,83,11,2143,2,12,MERCEDES E CLASS,10,E01015889,0,1
2024041528760,2024,041528760,1,9,0,-1,19,7,3,-1,0,8,0,0,0,0,1,1,-1,9,1,47,8,1950,2,8,MERCEDES E CLASS,1,E01025293,0,1
2024461478251,2024,461478251,2,9,0,-1,19,4,8,-1,0,0,1,10,0,0,3,1,-1,6,1,38,7,2987,2,7,MERCEDES E CLASS,2,E01024263,0,2
2024430097651,2024,430097651,2,9,0,17,19,8,5,0,0,8,0,0,0,0,3,1,6,6,1,51,8,2143,2,11,MERCEDES E CLASS,4,E01028447,0,4
2024440253518,2024,440253518,1,9,0,13,13,2,7,0,0,0,1,0,2,4,4,1,6,6,1,19,4,2987,2,14,MERCEDES E CLASS,5,E01030677,0,4
2024010499970,2024,010499970,2,9,0,9,9,4,1,0,0,8,0,0,0,0,1,1,6,6,1,35,6,1950,2,7,MERCEDES E CLASS,4,E01000312,0,1
2024351466354,2024,351466354,2,9,0,-1,19,1,5,-1,-1,0,0,0,0,0,1,1,-1,6,2,30,6,2143,2,10,MERCEDES E CLASS,6,E01018190,0,1
2024161515061,2024,161515061,1,9,0,-1,5,5,1,-1,2,0,0,0,0,0,4,1,-1,6,1,53,8,2143,-1,10,MERCEDES E CLASS,6,E01012916,0,1
2024010551153,2024,010551153,1,9,0,18,19,1,5,0,0,1,0,0,0,0,1,2,6,6,1,35,6,1950,2,7,MERCEDES E CLASS,5,E01001524,0,1
2024061446273,2024,061446273,1,9,0,-1,19,5,1,-1,0,1,0,0,0,0,4,9,-1,6,2,-1,-1,1950,2,5,MERCEDES E CLASS,-1,-1,0,-1
2024010548428,2024,010548428,1,8,0,18,19,5,1,0,0,8,0,0,0,0,1,1,1,1,1,66,10,1950,2,5,MERCEDES E CLASS,6,E01001948,0,1
2024010548527,2024,010548527,2,9,0,3,3,1,5,0,0,1,0,99,9,99,2,1,6,6,1,47,8,2999,1,3,MERCEDES E CLASS,3,E01000130,0,1
2024302401600,2024,302401600,2,9,0,4,4,7,3,0,0,7,0,0,0,0,2,1,2,2,1,58,9,3498,1,8,MERCEDES E CLASS,2,E01028313,0,3
2024010541617,2024,010541617,2,9,0,3,3,5,1,0,0,4,0,0,0,0,3,1,1,1,1,55,8,2143,2,10,MERCEDES E CLASS,-1,-1,0,-1
2024010498292,2024,010498292,2,9,0,18,19,3,7,0,0,1,0,0,0,0,1,1,6,6,1,51,8,2143,2,8,MERCEDES E CLASS,9,E01004115,0,2
2024501495170,2024,501495170,1,9,0,-1,19,4,8,-1,0,3,0,0,3,0,2,1,-1,6,1,66,10,1950,2,7,MERCEDES E CLASS,10,E01018690,0,5
2024131486164,2024,131486164,1,9,0,-1,7,7,3,-1,0,5,1,10,0,0,1,1,-1,9,1,30,6,2925,2,1,MERCEDES E CLASS,9,E01028511,0,5
2024991490804,2024,991490804,1,9,0,-1,19,1,5,-1,0,2,5,0,1,0,1,1,-1,9,1,17,4,3222,2,21,MERCEDES E CLASS,5,-1,0,3
2024061475325,2024,061475325,1,8,0,-1,7,4,6,-1,0,6,0,0,0,0,1,1,-1,1,1,44,7,1950,2,8,MERCEDES E CLASS,1,E01005138,0,3
2024411541288,2024,411541288,1,9,0,-1,19,1,5,-1,0,0,0,0,0,0,1,1,-1,6,2,43,7,2143,2,9,MERCEDES E CLASS,9,E01023493,0,2