collision_index,collision_year,collision_ref_no,vehicle_reference,vehicle_type,towing_and_articulation,vehicle_manoeuvre_historic,vehicle_manoeuvre,vehicle_direction_from,vehicle_direction_to,vehicle_location_restricted_lane_historic,vehicle_location_restricted_lane,junction_location,skidding_and_overturning,hit_object_in_carriageway,vehicle_leaving_carriageway,hit_object_off_carriageway,first_point_of_impact,vehicle_left_hand_drive,journey_purpose_of_driver_historic,journey_purpose_of_driver,sex_of_driver,age_of_driver,age_band_of_driver,engine_capacity_cc,propulsion_code,age_of_vehicle,generic_make_model,driver_imd_decile,lsoa_of_driver,escooter_flag,driver_distance_banding
2024010495587,2024,010495587,2,9,0,99,99,9,9,99,99,9,9,99,9,99,2,9,6,6,3,32,6,2143,2,11,MERCEDES E CLASS,4,E01002643,0,3
2024430278372,2024,430278372,1,8,0,5,5,5,1,0,0,6,0,0,0,0,1,1,1,1,1,54,8,1950,2,8,MERCEDES E CLASS,6,E01028631,0,3
2024161467156,2024,161467156,1,9,0,-1,9,5,3,-1,0,1,0,0,0,0,3,1,-1,6,1,63,9,2143,2,10,MERCEDES E CLASS,7,E01013020,0,2
2024101511201,2024,101511201,1,9,0,-1,19,4,6,-1,0,4,0,0,0,0,1,1,-1,6,1,40,7,2143,2,10,MERCEDES E CLASS,-1,-1,0,-1
2024430273478,2024,430273478,1,8,0,5,5,1,5,0,0,0,0,0,0,0,4,1,1,1,1,42,7,2143,2,9,MERCEDES E CLASS,5,E01016404,0,1
2024161430256,2024,161430256,1,9,0,-1,9,7,5,-1,0,6,0,0,0,0,3,1,-1,9,2,90,11,1950,2,7,MERCEDES E CLASS,6,E01013325,0,1
2024332400391,2024,332400391,1,9,0,-1,9,1,7,-1,0,5,0,0,0,0,4,1,-1,9,1,64,9,2143,2,11,MERCEDES E CLASS,8,E01025954,0,2
2024010500779,2024,010500779,2,9,0,99,99,9,9,99,99,9,9,99,9,99,1,9,6,6,3,-1,-1,2143,2,11,MERCEDES E CLASS,-1,-1,0,-1
2024041471848,2024,041471848,2,9,0,-1,19,7,3,-1,0,1,0,0,0,0,1,1,-1,6,1,37,7,1950,2,7,MERCEDES E CLASS,3,E01012740,0,1
2024131441531,2024,131441531,3,9,0,-1,19,1,5,-1,0,0,0,0,0,0,2,1,-1,2,1,40,7,2143,2,11,MERCEDES E CLASS,3,E01006003,0,4
2024010518145,2024,010518145,1,9,0,7,7,7,1,0,0,1,0,0,0,0,1,1,1,1,1,57,9,2143,2,9,MERCEDES E CLASS,2,E01000079,0,3
2024231502524,2024,231502524,1,9,0,-1,9,4,2,-1,0,6,0,0,3,10,1,1,-1,6,2,84,11,2987,2,13,MERCEDES E CLASS,7,E01031308,0,1
2024411411520,2024,411411520,2,8,0,-1,4,-1,-1,-1,0,0,0,0,0,0,2,9,-1,9,1,51,8,1950,2,7,MERCEDES E CLASS,3,E01015765,0,4
2024010505769,2024,010505769,2,9,0,6,6,3,3,0,0,0,0,0,1,0,3,1,6,6,1,24,5,1950,12,2,MERCEDES E CLASS,-1,-1,0,-1
2024010509135,2024,010509135,1,9,0,18,19,7,3,0,0,0,0,0,0,0,3,1,1,1,1,56,9,1950,-1,4,MERCEDES E CLASS,7,E01000492,0,1
2024340NN1372,2024,340NN1372,2,9,0,-1,12,7,3,-1,0,7,0,0,0,0,2,1,-1,6,1,46,8,2143,2,10,MERCEDES E CLASS,3,E01027065,0,2
2024320622633,2024,320622633,2,9,0,-1,-1,4,8,0,0,1,0,0,0,0,2,1,-1,-1,1,75,10,2987,2,13,MERCEDES E CLASS,6,E01026210,0,2
2024010537197,2024,010537197,1,9,0,18,19,8,4,0,0,7,0,0,0,0,1,1,6,6,2,27,6,1950,2,3,MERCEDES E CLASS,8,E01017824,0,2
2024010536324,2024,010536324,1,9,0,9,9,3,1,0,0,1,0,0,0,0,1,1,1,1,1,35,6,1950,2,5,MERCEDES E CLASS,1,E01005142,0,5
2024461522956,2024,461522956,2,9,0,-1,2,6,2,-1,0,2,0,0,0,0,2,1,-1,6,1,25,5,2987,2,17,MERCEDES E CLASS,1,E01016019,0,1
2024010529035,2024,010529035,1,9,0,4,4,3,7,0,0,2,0,0,0,0,1,1,1,1,1,23,5,1991,8,3,MERCEDES E CLASS,2,E01003305,0,1
2024351452914,2024,351452914,2,9,0,-1,14,1,5,-1,0,0,0,0,0,0,2,1,-1,2,1,20,4,1950,2,7,MERCEDES E CLASS,7,E01015686,0,3
2024201474586,2024,201474586,2,9,0,-1,19,8,4,-1,0,8,0,0,0,0,4,9,-1,6,1,33,6,2143,2,14,MERCEDES E CLASS,2,E01010071,0,1
2024451398986,2024,451398986,3,9,0,-1,9,7,3,-1,0,1,0,0,0,0,1,1,-1,7,2,29,6,2143,2,11,MERCEDES E CLASS,7,E01030548,0,1
2024010550811,2024,010550811,2,9,0,18,19,3,7,0,0,0,0,0,7,11,1,1,6,6,1,71,10,1991,8,2,MERCEDES E CLASS,5,E01003766,0,1
2024201508218,2024,201508218,2,9,0,-1,13,2,6,-1,0,0,0,0,0,0,1,1,-1,9,1,47,8,1950,2,7,MERCEDES E CLASS,1,E01009483,0,1
2024070412809,2024,070412809,1,9,0,9,9,3,1,0,0,6,0,0,0,0,3,1,6,6,2,31,6,2143,2,8,MERCEDES E CLASS,9,E01023644,0,5
2024061428840,2024,061428840,3,8,0,-1,2,3,7,-1,0,0,0,0,0,0,1,1,-1,1,1,60,9,2143,2,8,MERCEDES E CLASS,-1,-1,0,-1
2024320759591,2024,320759591,1,8,0,1,1,3,7,0,0,0,0,0,0,0,2,1,6,6,1,47,8,1950,2,8,MERCEDES E CLASS,3,E01026177,0,1
2024010524738,2024,010524738,2,9,0,3,3,5,1,0,0,0,0,0,0,0,2,1,6,6,1,38,7,2143,2,9,MERCEDES E CLASS,5,E01034599,0,1
2024461517650,2024,461517650,1,9,0,-1,19,5,1,-1,0,0,1,0,0,0,3,1,-1,2,1,43,7,2143,2,13,MERCEDES E CLASS,5,E01024421,0,2
2024471531704,2024,471531704,2,9,0,-1,19,3,6,-1,0,0,0,0,0,0,2,1,-1,1,1,47,8,1950,2,5,MERCEDES E CLASS,7,E01035329,0,1
2024010532802,2024,010532802,2,9,9,99,99,9,9,99,99,9,9,99,9,99,9,9,6,6,3,-1,-1,1950,2,6,MERCEDES E CLASS,-1,-1,0,-1
2024010525303,2024,010525303,2,9,0,99,99,9,9,99,99,9,9,99,9,99,9,9,6,6,3,-1,-1,1950,2,8,MERCEDES E CLASS,-1,-1,0,-1
2024010547157,2024,010547157,1,9,0,99,99,9,9,99,99,9,9,99,9,99,1,9,6,6,3,-1,-1,1950,2,6,MERCEDES E CLASS,-1,-1,0,-1
2024010518303,2024,010518303,1,9,0,18,19,3,7,0,0,8,0,0,0,0,0,1,6,6,2,29,6,2143,2,9,MERCEDES E CLASS,6,E01001964,0,1
2024201501489,2024,201501489,2,9,0,-1,3,7,3,-1,0,1,0,0,0,0,2,9,-1,6,2,35,6,2143,2,10,MERCEDES E CLASS,3,E01008952,0,2
2024440460750,2024,440460750,1,9,0,18,19,6,2,0,0,0,2,0,1,4,1,1,6,6,1,24,5,1950,2,3,MERCEDES E CLASS,9,E01033305,0,4
2024201413589,2024,201413589,2,9,0,-1,19,8,4,-1,0,8,0,0,0,0,4,9,-1,9,2,27,6,2143,2,12,MERCEDES E CLASS,6,E01010157,0,1
2024332401175,2024,332401175,1,9,0,-1,1,6,4,-1,0,6,0,0,0,0,4,1,-1,6,2,71,10,2143,2,14,MERCEDES E CLASS,4,E01013696,0,1
2024010550822,2024,010550822,1,9,0,99,99,9,9,99,99,9,9,99,9,99,9,9,2,2,1,31,6,1950,2,6,MERCEDES E CLASS,5,E01000520,0,1
2024010518429,2024,010518429,2,9,0,99,99,9,9,99,99,0,9,99,9,99,9,9,6,6,3,-1,-1,1950,2,7,MERCEDES E CLASS,-1,-1,0,-1
2024531510975,2024,531510975,1,9,0,-1,5,5,1,-1,0,6,0,0,0,0,1,1,-1,2,1,61,9,2987,2,17,MERCEDES E CLASS,1,E01022333,0,4
2024010511619,2024,010511619,2,9,0,99,99,9,9,99,99,9,9,99,9,99,9,9,6,6,3,-1,-1,1950,2,6,MERCEDES E CLASS,-1,-1,0,-1
2024010503599,2024,010503599,2,9,0,3,3,1,5,0,0,1,0,0,0,0,1,1,2,2,1,36,7,1950,2,6,MERCEDES E CLASS,10,E01004276,0,3
2024010545843,2024,010545843,1,9,0,17,19,1,5,0,0,8,0,0,0,0,1,1,6,6,1,36,7,1950,2,7,MERCEDES E CLASS,3,E01035667,0,1
2024320690251,2024,320690251,2,9,0,-1,-1,4,8,0,0,0,0,0,0,0,1,1,-1,-1,2,34,6,2143,2,10,MERCEDES E CLASS,6,E01026266,0,3
2024010548509,2024,010548509,2,9,0,18,19,3,7,0,0,1,0,0,1,0,1,1,6,6,2,35,6,1950,2,7,MERCEDES E CLASS,9,E01000301,0,1
2024501530701,2024,501530701,1,9,0,-1,19,3,7,-1,0,2,0,0,0,0,1,1,-1,2,1,45,7,2143,2,10,MERCEDES E CLASS,3,E01015240,0,1
2024401416724,2024,401416724,1,9,0,-1,3,5,1,-1,0,0,0,0,0,0,2,9,-1,6,1,-1,-1,2987,2,9,MERCEDES E CLASS,4,E01018179,0,3
2024141506339,2024,141506339,2,9,0,-1,12,7,3,-1,0,0,0,0,0,0,2,1,-1,9,1,32,6,2987,2,10,MERCEDES E CLASS,7,E01028048,0,3
2024451419577,2024,451419577,1,9,0,-1,19,5,1,-1,0,1,0,0,1,11,1,1,-1,9,1,21,5,1950,2,8,MERCEDES E CLASS,10,E01030672,0,1
2024430346351,2024,430346351,2,9,0,18,19,7,3,0,0,0,5,0,7,9,1,1,1,1,1,39,7,1950,2,6,MERCEDES E CLASS,10,E01016571,0,3
2024041524161,2024,041524161,2,9,0,-1,19,5,1,-1,0,0,0,0,1,0,3,1,-1,9,2,57,9,2143,2,11,MERCEDES E CLASS,5,E01024954,0,1
2024361509912,2024,361509912,1,9,0,-1,5,1,7,-1,0,6,0,0,0,0,1,1,-1,6,2,49,8,2987,2,12,MERCEDES E CLASS,2,E01026717,0,2
2024061432400,2024,061432400,2,9,0,-1,9,-1,-1,-1,0,5,0,0,0,0,1,1,-1,6,1,34,6,5461,1,11,MERCEDES E CLASS,8,E01035390,0,3
2024010529494,2024,010529494,2,9,0,99,99,9,9,0,0,9,9,99,9,99,1,9,6,6,3,-1,-1,1950,-1,3,MERCEDES E CLASS,-1,-1,0,-1
2024371403365,2024,371403365,1,9,0,-1,19,7,3,-1,0,0,0,0,0,0,1,1,-1,2,1,55,8,2148,2,15,MERCEDES E CLASS,5,E01030226,0,1
2024041506286,2024,041506286,1,9,0,-1,5,7,3,-1,0,2,0,0,3,0,1,1,-1,7,2,38,7,2143,2,10,MERCEDES E CLASS,5,E01025228,0,1
2024122400292,2024,122400292,1,9,0,18,19,4,8,1,1,6,0,0,3,0,1,1,6,6,1,94,11,2143,2,11,MERCEDES E CLASS,7,E01027684,0,3
2024201513489,2024,201513489,6,9,0,-1,3,7,2,-1,0,0,0,0,0,0,3,1,-1,6,1,28,6,1991,1,5,MERCEDES E CLASS,6,E01009251,0,3
2024461426849,2024,461426849,2,9,0,-1,19,4,6,-1,0,1,0,0,7,0,1,9,-1,9,1,35,6,2143,2,13,MERCEDES E CLASS,2,E01016066,0,1
2024010502524,2024,010502524,1,9,0,18,19,5,1,0,0,8,0,0,0,0,1,1,6,6,1,21,5,1991,1,5,MERCEDES E CLASS,-1,-1,0,-1
2024430472328,2024,430472328,1,9,0,18,19,2,6,0,0,0,0,0,0,0,2,1,6,6,1,49,8,2143,2,9,MERCEDES E CLASS,3,E01016454,0,1
2024351460289,2024,351460289,1,9,0,-1,9,5,3,-1,0,6,0,0,0,0,1,1,-1,2,1,61,9,1950,2,7,MERCEDES E CLASS,3,E01027060,0,3
2024010489149,2024,010489149,4,9,0,2,2,0,0,0,0,1,0,0,0,0,1,1,6,6,3,-1,-1,2987,2,14,MERCEDES E CLASS,-1,-1,0,-1
2024041508820,2024,041508820,1,9,0,-1,9,3,1,-1,0,8,0,0,0,0,1,1,-1,6,1,86,11,1950,2,5,MERCEDES E CLASS,8,E01025105,0,1
2024211522159,2024,211522159,1,9,0,-1,19,7,3,-1,0,1,0,0,1,0,1,1,-1,6,1,26,6,2143,2,12,MERCEDES E CLASS,10,E01029747,0,1
2024451453450,2024,451453450,1,9,0,-1,19,7,3,-1,0,8,1,0,1,2,1,1,-1,6,-1,-1,-1,1950,2,7,MERCEDES E CLASS,-1,-1,0,-1
2024371462063,2024,371462063,2,9,0,-1,19,7,3,-1,0,0,0,0,0,0,1,1,-1,9,2,55,8,2143,2,11,MERCEDES E CLASS,2,E01021322,0,4
2024010550740,2024,010550740,1,9,0,4,4,7,3,0,0,1,0,0,0,0,0,1,6,6,1,28,6,1950,2,8,MERCEDES E CLASS,7,E01002338,0,1
2024311524044,2024,311524044,2,9,0,-1,5,2,4,-1,-1,0,0,0,0,0,1,1,-1,9,1,66,10,1950,2,6,MERCEDES E CLASS,10,E01028395,0,1
2024041576429,2024,041576429,2,9,0,-1,2,5,1,-1,0,0,0,0,0,0,2,1,-1,6,-1,-1,-1,1950,2,7,MERCEDES E CLASS,-1,-1,0,-1
2024421432219,2024,421432219,1,9,0,-1,9,1,7,-1,0,2,0,0,0,0,3,1,-1,6,1,75,10,2143,2,10,MERCEDES E CLASS,7,E01021801,0,2
2024430593028,2024,430593028,1,9,0,18,19,8,4,0,0,0,0,0,0,0,2,1,6,6,1,51,8,2143,12,9,MERCEDES E CLASS,7,E01001084,0,4
2024010546253,2024,010546253,2,9,9,18,19,5,1,0,0,9,9,99,9,99,9,9,6,6,3,-1,-1,1991,8,7,MERCEDES E CLASS,4,E01015374,0,5
2024201495298,2024,201495298,1,9,0,-1,14,5,1,-1,0,1,0,0,0,0,4,1,-1,6,1,-1,-1,1991,8,7,MERCEDES E CLASS,1,E01008913,0,2
2024111489880,2024,111489880,1,9,0,-1,19,1,5,-1,0,0,1,0,0,0,1,1,-1,6,1,30,6,2143,2,9,MERCEDES E CLASS,2,E01020820,0,2
2024332400170,2024,332400170,3,9,0,-1,2,0,0,-1,0,0,0,0,0,0,4,1,-1,6,3,-1,-1,2987,2,14,MERCEDES E CLASS,-1,-1,0,-1
2024451523397,2024,451523397,1,9,0,-1,19,3,7,-1,0,0,0,0,0,0,1,1,-1,2,1,67,10,1796,1,19,MERCEDES E CLASS,10,E01031738,0,2
2024041460106,2024,041460106,2,9,0,-1,19,4,8,-1,0,1,0,0,0,0,1,1,-1,9,1,73,10,2143,2,8,MERCEDES E CLASS,6,E01025384,0,1
2024010545744,2024,010545744,2,9,0,99,99,9,9,99,99,9,9,99,9,99,1,9,6,6,3,-1,-1,1950,2,5,MERCEDES E CLASS,-1,-1,0,-1
2024451414170,2024,451414170,3,9,0,-1,3,7,3,-1,0,0,0,0,0,0,2,1,-1,9,2,75,10,1997,1,29,MERCEDES E CLASS,10,E01016608,0,3
2024010542300,2024,010542300,1,9,0,5,5,0,5,0,0,2,0,0,0,0,4,1,6,6,1,55,8,2987,2,11,MERCEDES E CLASS,2,E01000902,0,1
2024522402483,2024,522402483,1,9,0,18,19,7,3,0,0,0,0,0,1,7,1,1,6,6,1,64,9,2925,2,5,MERCEDES E CLASS,7,E01014744,0,1
2024010524761,2024,010524761,2,9,0,13,13,5,1,0,0,1,0,0,0,0,0,1,6,6,1,34,6,2987,2,17,MERCEDES E CLASS,6,E01001496,0,1
2024010511988,2024,010511988,1,9,0,4,4,7,3,0,0,0,0,4,0,0,1,1,6,6,1,37,7,1950,2,5,MERCEDES E CLASS,7,E01034359,0,3
2024211518994,2024,211518994,1,9,0,-1,19,1,5,-1,0,0,0,0,0,0,1,1,-1,9,1,55,8,2143,2,11,MERCEDES E CLASS,6,E01029647,0,1
2024340WN2682,2024,340WN2682,1,9,0,-1,19,1,5,-1,0,0,0,0,0,0,1,1,-1,6,1,57,9,2143,2,11,MERCEDES E CLASS,9,E01035402,0,1
2024311513736,2024,311513736,1,9,0,-1,19,7,3,-1,0,0,0,0,0,0,2,1,-1,2,2,31,6,2143,2,14,MERCEDES E CLASS,2,E01028057,0,1
2024471503689,2024,471503689,3,9,0,-1,19,1,5,-1,0,1,1,0,0,0,2,1,-1,9,1,27,6,2143,2,8,MERCEDES E CLASS,8,E01035362,0,1
2024451399050,2024,451399050,2,9,0,-1,19,6,2,-1,0,1,0,0,0,0,1,1,-1,2,1,30,6,2143,2,10,MERCEDES E CLASS,5,E01030801,0,1
2024552400965,2024,552400965,2,9,0,18,19,2,6,0,0,0,0,0,0,0,1,1,6,6,1,77,11,2148,2,15,MERCEDES E CLASS,7,E01029243,0,3
2024320418402,2024,320418402,1,9,0,-1,-1,6,2,0,0,0,0,6,8,11,2,1,6,6,1,46,8,2148,2,15,MERCEDES E CLASS,1,E01007563,0,4
2024361416331,2024,361416331,1,9,0,-1,19,1,5,-1,0,1,0,0,0,0,1,1,-1,9,1,18,4,2143,2,11,MERCEDES E CLASS,6,E01026569,0,2
2024010509025,2024,010509025,2,9,0,18,19,1,5,0,0,8,0,0,0,0,1,1,6,6,1,35,6,2987,2,16,MERCEDES E CLASS,3,E01000055,0,1
2024010528627,2024,010528627,1,9,0,18,19,6,2,0,0,0,0,0,7,0,1,1,6,6,1,56,9,1950,2,7,MERCEDES E CLASS,4,E01001317,0,3
2024201502879,2024,201502879,2,9,0,-1,19,7,2,-1,0,8,0,0,0,0,4,9,-1,6,1,-1,-1,2143,2,10,MERCEDES E CLASS,-1,-1,0,-1
2024010526764,2024,010526764,1,9,0,9,9,8,5,0,0,8,0,0,0,0,1,1,6,6,1,20,4,1950,2,5,MERCEDES E CLASS,2,E01001976,0,1
2024451515018,2024,451515018,2,9,0,-1,19,1,5,-1,0,1,0,0,0,0,1,1,-1,1,1,30,6,1991,8,7,MERCEDES E CLASS,10,E01030435,0,3
2024991459974,2024,991459974,1,8,0,-1,5,3,6,-1,0,6,0,0,0,0,4,1,-1,6,1,41,7,2143,2,10,MERCEDES E CLASS,3,-1,0,1
2024311502452,2024,311502452,2,9,0,-1,4,6,2,-1,0,8,0,0,0,0,2,1,-1,6,1,36,7,2143,2,11,MERCEDES E CLASS,-1,-1,0,-1
2024501439792,2024,501439792,3,9,0,-1,4,7,3,-1,0,0,0,0,0,0,2,1,-1,9,1,73,10,1950,2,6,MERCEDES E CLASS,2,E01018996,0,4
2024010515658,2024,010515658,1,9,0,9,9,7,4,0,0,0,1,0,0,0,1,1,1,1,1,36,7,2987,2,7,MERCEDES E CLASS,10,E01021442,0,4
2024131431897,2024,131431897,2,9,0,-1,19,3,7,-1,0,1,0,0,0,0,3,1,-1,2,1,36,7,2143,12,9,MERCEDES E CLASS,1,E01011339,0,2
2024010517204,2024,010517204,1,9,0,2,2,0,0,0,0,0,0,0,0,0,2,1,6,6,3,-1,-1,1950,2,7,MERCEDES E CLASS,-1,-1,0,-1
2024451497474,2024,451497474,2,9,0,-1,19,7,3,-1,0,0,0,0,0,0,1,1,-1,2,1,48,8,1950,2,5,MERCEDES E CLASS,10,E01030854,0,2
2024010542564,2024,010542564,3,9,0,4,4,1,5,0,0,1,0,0,0,0,2,1,1,1,1,31,6,1991,8,5,MERCEDES E CLASS,-1,-1,0,-1
2024161535740,2024,161535740,2,9,0,-1,19,5,1,-1,0,2,0,0,0,0,1,1,-1,9,1,21,5,2143,2,12,MERCEDES E CLASS,8,E01035469,0,1
2024201421421,2024,201421421,1,9,0,-1,19,5,1,-1,0,0,0,0,0,0,1,1,-1,6,1,40,7,3199,1,21,MERCEDES E CLASS,-1,-1,0,-1
2024061532149,2024,061532149,1,9,0,-1,-1,-1,-1,-1,-1,0,-1,-1,-1,0,1,9,-1,6,1,19,4,1950,2,6,MERCEDES E CLASS,1,E01005459,0,1
2024361570039,2024,361570039,2,9,0,-1,4,3,7,-1,0,0,0,0,0,0,1,1,-1,2,1,41,7,2148,2,15,MERCEDES E CLASS,4,E01026804,0,1
2024010513795,2024,010513795,1,9,0,18,19,5,1,0,0,8,0,0,0,0,1,1,6,6,1,33,6,5461,1,11,MERCEDES E CLASS,7,E01001522,0,2
2024010548054,2024,010548054,1,8,0,3,3,9,9,99,99,9,9,99,9,99,2,9,1,1,1,38,7,1950,2,5,MERCEDES E CLASS,6,E01033582,0,2
2024070448444,2024,070448444,1,9,0,16,19,3,7,0,0,3,0,0,0,0,3,1,6,6,1,53,8,2987,2,11,MERCEDES E CLASS,9,E01033378,0,1
2024010502925,2024,010502925,1,8,0,18,19,1,5,0,0,0,0,0,0,0,1,1,6,6,1,34,6,1950,2,5,MERCEDES E CLASS,2,E01001842,0,2
2024010516417,2024,010516417,2,9,0,9,9,7,6,0,0,8,0,0,0,0,1,1,1,1,1,38,7,1950,2,5,MERCEDES E CLASS,4,E01035254,0,4
2024141492229,2024,141492229,1,9,0,-1,9,8,4,-1,0,8,0,0,0,0,1,1,-1,6,1,28,6,1950,2,7,MERCEDES E CLASS,-1,-1,0,-1
2024471500409,2024,471500409,1,9,0,-1,5,7,3,-1,0,4,0,0,0,0,1,1,-1,9,1,73,10,1796,1,12,MERCEDES E CLASS,6,E01034816,0,1
2024311433546,2024,311433546,1,9,0,-1,8,4,6,-1,0,1,0,0,0,0,3,1,-1,6,1,43,7,1950,2,4,MERCEDES E CLASS,-1,-1,0,-1
2024010545906,2024,010545906,1,9,0,10,10,8,5,0,0,8,0,0,0,0,1,1,2,2,1,35,6,2987,2,11,MERCEDES E CLASS,4,E01001156,0,1
2024401518560,2024,401518560,2,8,-1,-1,-1,-1,-1,-1,-1,0,-1,-1,-1,0,-1,9,-1,1,1,56,9,1950,2,5,MERCEDES E CLASS,2,E01015699,0,2
2024411502463,2024,411502463,1,9,0,-1,19,-1,-1,-1,0,6,0,0,0,0,3,9,-1,6,2,-1,-1,1950,2,5,MERCEDES E CLASS,-1,-1,0,-1
2024221476495,2024,221476495,2,9,0,-1,2,0,0,-1,0,0,0,0,0,0,2,1,-1,6,1,56,9,1950,2,6,MERCEDES E CLASS,5,E01032428,0,4
2024101422173,2024,101422173,1,9,0,-1,9,1,2,-1,0,8,0,0,0,0,1,1,-1,6,2,61,9,2143,2,13,MERCEDES E CLASS,4,E01008796,0,2
2024461402582,2024,461402582,1,9,0,-1,19,4,8,-1,0,0,0,0,0,0,1,1,-1,9,2,32,6,2148,2,16,MERCEDES E CLASS,1,E01024621,0,1
2024010513205,2024,010513205,1,8,0,99,99,9,9,99,99,9,9,99,9,99,9,9,1,1,1,-1,-1,2143,2,9,MERCEDES E CLASS,8,E01004168,0,4
2024131409046,2024,131409046,1,9,0,-1,7,5,1,-1,0,4,0,0,3,4,1,1,-1,9,1,39,7,1950,2,6,MERCEDES E CLASS,2,E01011298,0,1
2024052401876,2024,052401876,1,9,0,5,5,6,2,0,0,1,0,0,0,0,1,1,6,6,2,52,8,2143,2,10,MERCEDES E CLASS,6,E01007045,0,1
2024061495897,2024,061495897,1,9,0,-1,3,-1,-1,-1,0,0,0,0,0,0,2,1,-1,9,1,35,6,1950,2,6,MERCEDES E CLASS,1,E01004866,0,1
2024010507186,2024,010507186,2,9,0,18,19,5,1,0,0,0,0,0,0,0,1,1,6,6,3,-1,-1,1991,1,6,MERCEDES E CLASS,3,E01004062,0,1
2024302400274,2024,302400274,1,9,0,18,19,5,1,0,0,0,1,0,1,4,1,1,6,6,1,44,7,2143,2,12,MERCEDES E CLASS,5,E01013595,0,3
2024201434542,2024,201434542,2,9,0,-1,19,4,8,-1,0,0,0,0,0,0,1,1,-1,2,1,87,11,2987,2,17,MERCEDES E CLASS,2,E01009943,0,1
2024371474612,2024,371474612,2,9,0,-1,2,0,0,-1,0,2,0,0,0,0,3,1,-1,6,1,57,9,1950,2,6,MERCEDES E CLASS,3,E01030115,0,1
2024010531916,2024,010531916,2,9,0,6,6,1,1,0,0,0,0,0,2,10,3,1,2,2,1,50,8,1950,2,6,MERCEDES E CLASS,-1,-1,0,-1
2024302401476,2024,302401476,1,8,0,18,19,1,5,0,0,8,0,0,0,0,1,1,1,1,1,31,6,1950,2,8,MERCEDES E CLASS,9,E01034653,0,2
2024010520154,2024,010520154,3,9,0,7,7,5,7,0,0,2,0,0,0,0,1,1,6,6,1,23,5,1950,2,7,MERCEDES E CLASS,-1,-1,0,-1
2024010547961,2024,010547961,2,9,0,18,19,7,3,0,0,0,0,0,0,0,4,1,6,6,1,75,10,2143,2,11,MERCEDES E CLASS,7,E01015827,0,4
2024061422300,2024,061422300,1,9,0,-1,9,5,2,-1,0,1,0,0,0,0,1,1,-1,6,1,70,10,1950,2,8,MERCEDES E CLASS,-1,-1,0,-1
2024548920724,2024,548920724,2,9,0,4,4,3,7,0,0,0,0,0,0,0,2,1,6,6,1,36,7,1950,2,6,MERCEDES E CLASS,8,E01029032,0,2
2024421472762,2024,421472762,2,9,0,-1,9,4,1,-1,0,1,0,0,0,0,3,9,-1,9,1,31,6,2143,2,9,MERCEDES E CLASS,3,E01003634,0,4
2024041536380,2024,041536380,1,9,0,-1,19,5,1,-1,0,0,1,0,1,11,4,1,-1,9,1,31,6,1993,12,0,MERCEDES E CLASS,1,E01012675,0,1
2024440361914,2024,440361914,2,9,0,18,19,1,5,0,0,0,0,0,0,0,2,1,6,6,1,60,9,1950,2,5,MERCEDES E CLASS,7,E01022163,0,5
2024421411917,2024,421411917,1,9,-1,-1,19,4,8,-1,0,0,0,0,0,0,1,9,-1,6,1,-1,-1,1950,2,6,MERCEDES E CLASS,-1,-1,0,-1
2024421461920,2024,421461920,2,9,0,-1,19,1,5,-1,0,1,1,0,0,0,1,1,-1,6,1,40,7,1950,2,3,MERCEDES E CLASS,-1,-1,0,-1
2024320648924,2024,320648924,1,8,0,4,4,2,6,0,0,8,0,0,0,0,1,1,6,6,1,-1,-1,1950,2,5,MERCEDES E CLASS,-1,-1,0,-1
2024351414168,2024,351414168,1,9,0,-1,-1,-1,-1,-1,-1,0,-1,-1,-1,0,-1,9,-1,6,3,-1,-1,2987,2,11,MERCEDES E CLASS,-1,-1,0,-1
2024440051158,2024,440051158,1,9,0,18,19,7,3,0,0,8,0,0,0,0,1,1,6,6,1,31,6,1991,1,6,MERCEDES E CLASS,10,E01022867,0,1
2024010498533,2024,010498533,1,9,0,18,19,5,1,0,0,2,1,11,1,7,1,1,6,6,1,39,7,2925,2,4,MERCEDES E CLASS,2,E01001555,0,1
2024010547204,2024,010547204,2,8,9,99,99,9,9,99,99,1,9,12,9,99,9,9,6,6,3,44,7,1991,8,6,MERCEDES E CLASS,2,E01001574,0,3
2024461506496,2024,461506496,1,9,0,-1,5,5,5,-1,9,0,0,0,0,0,1,1,-1,9,1,84,11,2151,2,23,MERCEDES E CLASS,5,E01024319,0,1
2024610030724,2024,610030724,1,9,0,18,19,9,9,0,0,0,0,0,0,0,3,1,6,6,1,57,9,2143,2,12,MERCEDES E CLASS,10,W01001533,0,1
2024311446100,2024,311446100,2,9,0,-1,3,3,3,-1,0,0,0,0,0,0,1,9,-1,9,1,75,10,2987,2,14,MERCEDES E CLASS,9,E01020457,0,5