collision_index,collision_year,collision_ref_no,vehicle_reference,vehicle_type,towing_and_articulation,vehicle_manoeuvre_historic,vehicle_manoeuvre,vehicle_direction_from,vehicle_direction_to,vehicle_location_restricted_lane_historic,vehicle_location_restricted_lane,junction_location,skidding_and_overturning,hit_object_in_carriageway,vehicle_leaving_carriageway,hit_object_off_carriageway,first_point_of_impact,vehicle_left_hand_drive,journey_purpose_of_driver_historic,journey_purpose_of_driver,sex_of_driver,age_of_driver,age_band_of_driver,engine_capacity_cc,propulsion_code,age_of_vehicle,generic_make_model,driver_imd_decile,lsoa_of_driver,escooter_flag,driver_distance_banding
2024332400104,2024,332400104,2,9,0,-1,19,8,4,-1,0,8,0,0,0,0,1,1,-1,6,1,35,6,1950,2,6,MERCEDES E CLASS,6,E01013735,0,1
2024010541818,2024,010541818,2,9,0,18,19,7,3,0,0,2,0,0,0,0,1,1,6,6,1,33,6,1950,2,7,MERCEDES E CLASS,6,E01002497,0,1
2024201510454,2024,201510454,1,9,0,-1,19,6,2,-1,0,0,0,0,0,0,3,9,-1,6,1,-1,-1,2143,2,11,MERCEDES E CLASS,2,E01032453,0,4
2024070199625,2024,070199625,1,9,0,18,19,5,1,0,0,0,0,0,0,0,1,1,6,6,1,26,6,2685,2,20,MERCEDES E CLASS,2,E01012545,0,1
2024471452146,2024,471452146,2,9,0,-1,19,5,2,-1,0,8,0,0,0,0,1,9,-1,6,1,47,8,1950,2,5,MERCEDES E CLASS,2,E01031437,0,1
2024201498824,2024,201498824,1,9,0,-1,9,4,2,-1,0,6,0,0,0,0,3,1,-1,6,-1,-1,-1,2143,2,11,MERCEDES E CLASS,-1,-1,0,-1
2024351452961,2024,351452961,2,9,0,-1,19,5,8,-1,0,0,0,0,0,0,1,1,-1,1,1,28,6,1950,2,6,MERCEDES E CLASS,6,E01017962,0,3
2024201531082,2024,201531082,1,9,0,-1,19,5,1,-1,0,8,0,0,0,0,1,9,-1,6,3,40,7,1950,2,6,MERCEDES E CLASS,-1,-1,0,-1
2024010503601,2024,010503601,2,9,0,99,99,9,9,99,99,9,9,99,9,99,9,9,6,6,3,-1,-1,2987,2,8,MERCEDES E CLASS,-1,-1,0,-1
2024411433521,2024,411433521,2,9,0,-1,19,5,1,-1,0,0,0,0,4,0,4,1,-1,6,1,40,7,2148,2,23,MERCEDES E CLASS,3,E01002043,0,4
2024421434943,2024,421434943,1,9,0,-1,5,3,7,-1,0,4,0,0,0,0,1,9,-1,9,1,66,10,2987,2,14,MERCEDES E CLASS,3,E01021283,0,2
2024010541105,2024,010541105,1,9,9,99,99,9,9,99,99,9,9,99,9,99,9,9,6,6,1,34,6,1950,12,5,MERCEDES E CLASS,4,E01004453,0,1
2024351525297,2024,351525297,1,9,0,-1,19,1,5,-1,0,8,0,0,0,0,1,1,-1,1,1,42,7,2143,2,14,MERCEDES E CLASS,-1,-1,0,-1
2024522402823,2024,522402823,2,9,0,18,19,8,4,0,0,8,0,0,1,1,1,1,6,6,1,34,6,2143,2,10,MERCEDES E CLASS,4,E01014983,0,2
2024991462731,2024,991462731,2,9,0,-1,13,2,5,-1,0,1,0,0,0,0,4,1,-1,9,1,69,10,2143,2,13,MERCEDES E CLASS,-1,-1,0,-1
2024010535003,2024,010535003,1,9,0,4,4,1,5,0,0,1,0,0,0,0,1,1,6,6,1,35,6,2143,2,9,MERCEDES E CLASS,2,E01001193,0,3
2024430555511,2024,430555511,1,9,0,4,4,6,2,0,0,0,0,0,0,0,1,1,6,6,1,55,8,2143,2,11,MERCEDES E CLASS,-1,-1,0,-1
2024361492800,2024,361492800,1,9,0,-1,1,5,1,-1,0,2,0,0,0,0,2,1,-1,6,1,65,9,1950,2,4,MERCEDES E CLASS,5,E01026935,0,1
2024010523217,2024,010523217,1,8,0,5,5,0,6,0,0,0,0,0,0,0,3,1,6,6,3,-1,-1,1950,12,4,MERCEDES E CLASS,-1,-1,0,-1
2024010544848,2024,010544848,1,9,0,99,99,9,9,99,99,9,9,99,9,99,9,9,6,6,3,-1,-1,2143,2,7,MERCEDES E CLASS,-1,-1,0,-1
2024010499677,2024,010499677,1,9,9,99,99,9,9,99,99,9,9,99,9,99,2,1,6,6,1,35,6,1950,2,6,MERCEDES E CLASS,1,E01002071,0,2
2024010511368,2024,010511368,2,9,0,99,99,9,9,99,99,0,9,99,9,99,1,9,6,6,3,-1,-1,1950,2,6,MERCEDES E CLASS,-1,-1,0,-1
2024041537829,2024,041537829,1,9,0,-1,19,3,7,-1,0,0,2,0,1,11,1,1,-1,6,1,69,10,2143,2,10,MERCEDES E CLASS,1,E01004818,0,4
2024201488015,2024,201488015,2,9,0,-1,19,8,4,-1,0,8,0,0,0,0,1,1,-1,6,1,63,9,3222,2,21,MERCEDES E CLASS,2,E01029362,0,3
2024481564406,2024,481564406,1,8,0,-1,4,1,5,-1,0,0,0,0,0,0,4,1,-1,1,1,51,8,1950,2,5,MERCEDES E CLASS,-1,-1,0,-1
2024101397653,2024,101397653,2,9,0,-1,3,1,5,-1,0,0,0,0,0,0,2,2,-1,9,1,44,7,1950,2,7,MERCEDES E CLASS,9,E01020613,0,1
2024440394300,2024,440394300,2,9,0,18,19,2,6,0,0,0,0,0,0,0,2,1,3,7,1,49,8,1950,2,7,MERCEDES E CLASS,-1,-1,0,-1
2024010516711,2024,010516711,2,9,0,99,99,9,9,99,99,9,9,99,9,99,9,9,6,6,3,56,9,3498,1,8,MERCEDES E CLASS,10,E01003007,0,1
2024010543311,2024,010543311,1,9,0,16,19,3,7,0,0,1,0,0,0,0,2,1,6,6,1,40,7,1991,8,4,MERCEDES E CLASS,-1,-1,0,-1
2024131476498,2024,131476498,2,9,0,-1,3,1,5,-1,0,0,0,0,0,0,2,1,-1,6,2,35,6,2148,2,19,MERCEDES E CLASS,9,E01011453,0,2
2024041451014,2024,041451014,1,9,0,-1,6,8,8,-1,0,2,0,0,0,0,3,1,-1,9,1,26,6,2987,2,6,MERCEDES E CLASS,4,E01025252,0,3
2024010531859,2024,010531859,1,9,0,18,19,1,5,0,0,4,0,0,0,0,3,2,1,1,1,30,6,1950,2,5,MERCEDES E CLASS,2,E01016464,0,3
2024430336989,2024,430336989,1,9,0,18,19,2,6,0,0,0,0,0,0,0,1,1,6,6,1,-1,-1,1950,2,6,MERCEDES E CLASS,-1,-1,0,-1
2024010508231,2024,010508231,1,9,0,18,19,5,1,0,0,1,0,0,0,0,3,1,6,6,1,18,4,2143,2,9,MERCEDES E CLASS,9,E01003795,0,1
2024010547787,2024,010547787,2,9,0,2,2,0,0,9,9,0,0,4,0,0,2,1,6,6,3,-1,-1,1796,1,20,MERCEDES E CLASS,-1,-1,0,-1
2024010499293,2024,010499293,1,9,0,99,99,9,9,99,99,9,9,99,9,99,1,9,6,6,3,-1,-1,1950,2,5,MERCEDES E CLASS,-1,-1,0,-1
2024991470488,2024,991470488,2,9,0,-1,19,1,5,-1,0,0,0,0,0,0,2,1,-1,6,1,73,10,1950,2,6,MERCEDES E CLASS,7,-1,0,3
2024010529126,2024,010529126,1,9,0,6,6,3,3,0,0,2,0,0,0,0,3,1,6,6,1,39,7,2143,2,9,MERCEDES E CLASS,3,E01004237,0,1
2024221407565,2024,221407565,1,9,0,-1,19,2,6,-1,0,0,0,0,0,0,1,9,-1,1,1,60,9,2143,2,11,MERCEDES E CLASS,6,E01014084,0,1
2024471434919,2024,471434919,1,9,0,-1,19,3,7,-1,0,1,0,0,0,0,4,1,-1,9,1,51,8,1950,2,6,MERCEDES E CLASS,7,E01016859,0,1
2024131436134,2024,131436134,2,9,0,-1,9,7,5,-1,0,1,0,0,0,0,1,1,-1,9,1,61,9,1950,2,8,MERCEDES E CLASS,8,E01011716,0,1
2024010524135,2024,010524135,1,9,0,4,4,1,5,0,0,1,0,0,0,0,1,1,6,6,1,35,6,1796,1,11,MERCEDES E CLASS,2,E01002054,0,1
2024411541115,2024,411541115,2,9,0,-1,19,5,1,-1,0,0,0,0,0,0,2,1,-1,6,1,36,7,2143,2,10,MERCEDES E CLASS,10,E01035587,0,3
2024131475644,2024,131475644,1,9,0,-1,19,3,7,-1,0,0,0,0,0,0,1,1,-1,6,1,68,10,2987,2,10,MERCEDES E CLASS,7,E01010858,0,1
2024522402418,2024,522402418,2,9,4,4,4,6,2,0,0,0,0,0,0,0,2,1,6,6,1,36,7,1950,2,8,MERCEDES E CLASS,2,E01005566,0,5
2024010493852,2024,010493852,1,9,0,18,19,3,7,0,0,0,0,0,0,0,1,1,6,6,1,42,7,1950,2,5,MERCEDES E CLASS,7,E01001678,0,1
2024221467814,2024,221467814,1,9,0,-1,9,8,5,-1,0,5,0,0,0,0,1,9,-1,2,1,28,6,2143,2,7,MERCEDES E CLASS,3,E01014010,0,1
2024221473658,2024,221473658,2,9,0,-1,10,8,7,-1,0,8,0,0,0,0,2,1,-1,6,1,46,8,1991,1,6,MERCEDES E CLASS,2,E01010531,0,3
2024010499692,2024,010499692,1,9,0,13,13,7,3,0,0,1,0,10,7,0,1,1,6,6,1,18,4,2143,2,9,MERCEDES E CLASS,9,E01000773,0,3
2024340WN7252,2024,340WN7252,2,9,0,-1,4,3,7,-1,0,4,0,0,0,0,2,1,-1,9,1,50,8,2143,2,13,MERCEDES E CLASS,2,E01015612,0,4
2024501433210,2024,501433210,2,9,0,-1,19,6,2,-1,0,0,0,0,0,0,4,1,-1,6,1,35,6,2987,2,14,MERCEDES E CLASS,7,E01018827,0,1
2024101468705,2024,101468705,1,9,0,-1,7,7,1,-1,0,8,0,4,0,0,1,1,-1,6,2,54,8,1950,2,5,MERCEDES E CLASS,3,E01008219,0,1
2024010540267,2024,010540267,1,9,0,18,19,1,5,0,0,0,0,10,0,0,4,1,6,6,1,-1,-1,1950,2,5,MERCEDES E CLASS,8,E01000714,0,1
2024201525820,2024,201525820,2,8,0,-1,7,7,2,-1,0,6,0,0,0,0,2,1,-1,1,1,48,8,2143,2,9,MERCEDES E CLASS,1,E01034926,0,2
2024201518154,2024,201518154,1,9,0,-1,9,1,3,-1,0,0,0,0,0,0,1,9,-1,6,-1,-1,-1,1950,2,7,MERCEDES E CLASS,-1,-1,0,-1
2024010531463,2024,010531463,1,9,0,18,19,5,1,0,0,8,0,0,0,0,1,1,6,6,1,32,6,1950,2,7,MERCEDES E CLASS,9,E01017912,0,4
2024471474890,2024,471474890,3,9,0,-1,19,1,5,-1,0,0,0,0,0,0,3,9,-1,9,1,61,9,2143,2,14,MERCEDES E CLASS,7,E01031541,0,1
2024131495199,2024,131495199,2,9,0,-1,19,1,1,-1,0,1,0,0,0,0,4,1,-1,6,1,58,9,1950,2,2,MERCEDES E CLASS,4,E01011732,0,2
2024010545784,2024,010545784,1,9,0,-1,-1,5,1,0,0,0,0,0,0,0,1,1,6,6,1,24,5,2148,2,21,MERCEDES E CLASS,3,E01004443,0,4
2024010502457,2024,010502457,1,8,0,9,9,2,7,0,0,6,0,0,0,0,1,1,1,1,1,49,8,1991,1,6,MERCEDES E CLASS,4,E01000031,0,4
2024991503011,2024,991503011,1,9,0,-1,5,4,8,-1,0,2,1,0,2,11,1,1,-1,6,1,41,7,1950,2,7,MERCEDES E CLASS,9,-1,0,1
2024401419682,2024,401419682,2,9,0,-1,19,5,1,-1,0,0,0,0,0,0,2,1,-1,6,1,31,6,1950,2,7,MERCEDES E CLASS,4,E01002393,0,4
2024010501986,2024,010501986,1,9,0,1,1,4,2,0,0,2,0,0,0,0,2,1,6,6,3,-1,-1,1950,2,8,MERCEDES E CLASS,-1,-1,0,-1
2024010544542,2024,010544542,1,9,0,6,6,1,1,0,0,8,0,0,0,0,0,2,4,7,1,17,4,1950,2,7,MERCEDES E CLASS,3,E01004189,0,1
2024421420150,2024,421420150,1,9,0,-1,9,8,7,-1,0,0,0,0,0,0,1,1,-1,6,1,80,11,1950,2,5,MERCEDES E CLASS,-1,-1,0,-1
2024451535753,2024,451535753,1,9,0,-1,19,6,2,-1,0,0,0,4,0,0,1,1,-1,1,1,45,7,2925,2,5,MERCEDES E CLASS,4,E01034613,0,3
2024010523293,2024,010523293,1,9,0,7,7,3,5,6,6,2,0,0,1,0,4,2,1,1,1,62,9,1999,8,0,MERCEDES E CLASS,3,E01035649,0,2
2024010548888,2024,010548888,3,9,0,18,19,1,5,0,0,8,0,0,1,0,3,1,6,6,1,43,7,2143,2,9,MERCEDES E CLASS,-1,-1,0,-1
2024421431297,2024,421431297,1,9,0,-1,19,1,5,-1,0,0,0,0,0,0,3,1,-1,6,2,31,6,2143,2,13,MERCEDES E CLASS,3,E01021846,0,3
2024451493023,2024,451493023,1,9,0,-1,19,3,7,-1,0,2,0,0,0,0,2,1,-1,9,1,41,7,2143,2,10,MERCEDES E CLASS,2,E01034293,0,1
2024101500900,2024,101500900,1,9,0,-1,7,3,7,-1,0,6,0,0,0,0,1,9,-1,6,1,40,7,2143,2,12,MERCEDES E CLASS,4,E01008707,0,1
2024461419762,2024,461419762,1,9,0,-1,19,7,3,-1,9,0,1,0,1,0,1,1,-1,9,1,27,6,2685,2,19,MERCEDES E CLASS,2,E01032799,0,1
2024211439132,2024,211439132,1,9,0,-1,19,2,6,-1,0,1,0,0,0,0,1,9,-1,6,1,-1,-1,2987,2,13,MERCEDES E CLASS,5,E01014335,0,1
2024010560415,2024,010560415,2,9,0,9,9,9,9,99,99,6,9,99,9,99,1,9,6,6,1,51,8,1950,12,5,MERCEDES E CLASS,6,E01003693,0,3
2024141490968,2024,141490968,1,9,0,-1,3,7,3,-1,0,1,0,0,0,0,2,1,-1,1,1,32,6,1950,2,5,MERCEDES E CLASS,5,E01007828,0,4
2024010497779,2024,010497779,3,9,9,99,99,9,9,99,99,9,9,99,9,99,9,9,6,6,3,27,6,1950,2,6,MERCEDES E CLASS,3,E01003126,0,1
2024010510067,2024,010510067,2,9,0,2,2,0,0,0,0,0,0,0,0,0,2,1,6,6,3,-1,-1,1950,2,5,MERCEDES E CLASS,-1,-1,0,-1
2024010540236,2024,010540236,1,8,0,4,4,2,6,0,0,1,0,0,0,0,4,1,1,1,1,36,7,1950,2,7,MERCEDES E CLASS,4,E01023857,0,4
2024010529961,2024,010529961,2,9,0,14,14,5,1,0,0,2,0,0,0,0,1,1,6,6,1,24,5,1950,12,4,MERCEDES E CLASS,2,E01001057,0,2
202460Q029824,2024,60Q029824,1,9,0,18,19,5,1,0,0,0,0,0,5,6,1,1,6,6,1,38,7,2143,2,10,MERCEDES E CLASS,-1,-1,0,-1
2024201497867,2024,201497867,2,9,0,-1,19,4,8,-1,0,0,0,0,0,0,2,1,-1,6,1,29,6,2143,12,10,MERCEDES E CLASS,5,E01015700,0,5
2024010519801,2024,010519801,1,9,0,99,99,9,9,99,99,9,9,99,9,99,1,9,6,6,1,26,6,1950,2,8,MERCEDES E CLASS,4,E01004633,0,1
2024631478406,2024,631478406,2,9,0,-1,4,4,8,-1,0,0,0,0,0,0,2,1,-1,2,1,43,7,2987,2,14,MERCEDES E CLASS,4,W01000761,0,3
2024010547297,2024,010547297,2,9,0,1,1,7,3,9,9,2,1,0,0,0,4,1,6,6,1,37,7,1950,2,7,MERCEDES E CLASS,10,E01023881,0,4
2024430625524,2024,430625524,1,9,0,18,19,5,1,0,0,0,1,0,0,0,1,1,2,2,1,40,7,2925,2,2,MERCEDES E CLASS,2,E01006029,0,5
2024430069001,2024,430069001,2,9,0,18,19,8,4,0,0,8,0,0,0,0,1,1,6,6,1,-1,-1,2143,2,13,MERCEDES E CLASS,-1,-1,0,-1
2024231489642,2024,231489642,1,9,0,-1,15,2,6,-1,0,1,0,0,0,0,1,1,-1,9,1,42,7,2143,2,9,MERCEDES E CLASS,1,E01009479,0,4
2024421506939,2024,421506939,1,9,0,-1,19,6,2,-1,0,0,0,0,1,0,1,1,-1,6,1,21,5,2143,2,9,MERCEDES E CLASS,8,E01033971,0,5
2024010536769,2024,010536769,2,9,0,16,19,3,7,0,0,0,0,0,0,0,3,1,6,6,1,33,6,1993,12,0,MERCEDES E CLASS,2,E01001961,0,1
2024320142812,2024,320142812,1,9,0,9,9,6,4,0,0,8,0,0,0,0,4,1,-1,-1,1,62,9,2143,2,15,MERCEDES E CLASS,4,E01026230,0,1
2024221398608,2024,221398608,2,9,0,-1,5,1,3,-1,0,6,0,0,0,0,3,1,-1,1,1,38,7,2987,2,8,MERCEDES E CLASS,6,E01032383,0,1
2024041494630,2024,041494630,1,9,0,-1,19,5,1,-1,0,2,1,0,0,0,2,1,-1,6,-1,-1,-1,2987,2,12,MERCEDES E CLASS,-1,-1,0,-1
2024010524361,2024,010524361,1,9,0,16,19,1,5,0,0,3,0,0,0,0,9,1,6,6,1,30,6,1950,2,7,MERCEDES E CLASS,2,E01004456,0,2
2024610055724,2024,610055724,2,9,0,9,9,2,8,0,0,8,0,0,0,0,1,1,6,6,2,38,7,2925,2,5,MERCEDES E CLASS,2,W01001525,0,3
2024010518008,2024,010518008,2,9,0,99,99,9,9,99,99,9,9,99,9,99,9,9,6,6,2,31,6,1950,2,8,MERCEDES E CLASS,5,E01002640,0,1
2024010542495,2024,010542495,1,9,0,7,7,9,9,99,99,9,9,99,9,99,0,9,2,2,1,62,9,1796,1,19,MERCEDES E CLASS,6,E01034581,0,2
2024010534851,2024,010534851,1,9,0,4,4,8,4,0,0,1,0,0,0,0,1,1,1,1,1,51,8,1991,1,5,MERCEDES E CLASS,3,E01003573,0,3
2024010508063,2024,010508063,2,9,0,99,99,9,9,99,99,9,9,99,9,99,9,9,6,6,3,-1,-1,1950,2,6,MERCEDES E CLASS,-1,-1,0,-1
2024451493391,2024,451493391,1,9,0,-1,19,3,7,-1,0,0,0,0,0,0,1,9,-1,6,2,30,6,1950,2,4,MERCEDES E CLASS,-1,-1,0,-1
2024010536905,2024,010536905,1,9,0,3,3,1,5,0,0,2,0,0,0,0,2,1,6,6,1,65,9,2143,2,8,MERCEDES E CLASS,8,E01004510,0,2
2024010524419,2024,010524419,2,9,0,7,7,5,7,0,0,6,2,0,0,0,1,1,6,6,1,25,5,1950,2,8,MERCEDES E CLASS,-1,-1,0,-1
2024161474274,2024,161474274,2,9,0,-1,3,2,6,-1,0,0,0,0,0,0,1,9,-1,6,3,-1,-1,2987,2,13,MERCEDES E CLASS,-1,-1,0,-1
2024041477421,2024,041477421,1,9,0,-1,19,7,3,-1,0,0,0,0,0,0,1,1,-1,9,2,59,9,2148,2,15,MERCEDES E CLASS,8,E01019746,0,4
2024520402026,2024,520402026,1,9,0,18,19,3,7,0,0,8,0,0,0,0,1,1,6,6,1,53,8,2987,2,7,MERCEDES E CLASS,5,E01029143,0,4
2024201503163,2024,201503163,1,8,0,-1,19,5,1,-1,0,8,0,0,0,0,0,9,-1,1,3,-1,-1,1950,2,5,MERCEDES E CLASS,2,E01034952,0,1
2024311521244,2024,311521244,2,8,0,-1,19,1,5,-1,0,0,1,4,0,0,1,1,-1,6,1,36,7,1950,2,7,MERCEDES E CLASS,1,E01013567,0,4
2024545535724,2024,545535724,2,9,0,18,19,2,6,0,0,1,0,0,0,0,2,1,6,6,1,30,6,1950,2,7,MERCEDES E CLASS,6,E01032117,0,1
2024471503689,2024,471503689,2,9,0,-1,5,1,5,-1,0,2,1,0,0,0,3,1,-1,2,1,47,8,1950,2,4,MERCEDES E CLASS,10,E01024349,0,4
2024122400505,2024,122400505,2,9,0,4,4,3,7,0,0,0,0,0,0,0,2,1,1,1,1,34,6,1950,2,5,MERCEDES E CLASS,3,E01027909,0,2
2024052402103,2024,052402103,2,9,0,18,19,7,3,0,0,0,0,0,0,0,1,1,6,6,1,35,6,2143,2,10,MERCEDES E CLASS,8,E01007309,0,1
2024010532116,2024,010532116,1,9,0,99,99,9,9,99,99,9,9,99,9,99,1,9,6,6,3,-1,-1,1950,2,8,MERCEDES E CLASS,2,E01015716,0,4
2024440258411,2024,440258411,2,9,0,18,19,7,3,0,0,2,0,0,0,0,3,1,6,6,1,60,9,2987,2,8,MERCEDES E CLASS,5,E01022907,0,1
2024522401597,2024,522401597,1,9,0,10,10,6,4,0,0,8,0,0,0,0,1,1,6,6,1,63,9,1950,2,8,MERCEDES E CLASS,7,E01035218,0,1
2024010523222,2024,010523222,1,9,0,3,3,1,5,0,0,1,0,0,0,0,3,1,1,1,1,37,7,1991,8,6,MERCEDES E CLASS,-1,-1,0,-1
2024010519751,2024,010519751,2,9,9,99,99,9,9,99,99,9,9,99,9,99,9,9,6,6,3,-1,-1,2143,2,9,MERCEDES E CLASS,4,E01000472,0,1
2024010503576,2024,010503576,2,9,9,99,99,9,9,99,99,9,9,99,9,99,9,9,6,6,1,-1,-1,3199,1,21,MERCEDES E CLASS,8,E01002134,0,3
2024052402390,2024,052402390,3,9,0,3,3,3,7,0,0,1,0,0,0,0,1,1,6,6,1,64,9,2987,2,11,MERCEDES E CLASS,7,E01007071,0,1
202460Q174156,2024,60Q174156,1,9,0,18,19,7,3,0,0,1,0,0,0,0,1,1,6,6,1,44,7,2143,2,9,MERCEDES E CLASS,-1,-1,0,-1
202460Q089287,2024,60Q089287,2,9,0,17,19,4,1,0,0,0,0,0,0,0,1,1,2,2,2,33,6,2143,2,9,MERCEDES E CLASS,-1,-1,0,-1
202417S206624,2024,17S206624,1,9,0,-1,9,4,2,-1,0,8,0,0,0,0,3,1,-1,9,1,41,7,2987,2,10,MERCEDES E CLASS,3,E01012214,0,1
2024010494964,2024,010494964,1,8,0,18,19,3,7,0,0,8,1,0,1,11,1,1,2,2,1,31,6,1950,2,8,MERCEDES E CLASS,4,E01004234,0,1
2024010500868,2024,010500868,2,9,0,2,2,0,0,0,0,1,0,0,0,0,1,1,6,6,3,-1,-1,1991,1,5,MERCEDES E CLASS,-1,-1,0,-1
2024070627552,2024,070627552,2,9,0,3,3,2,6,0,0,0,0,0,0,0,2,1,6,6,1,71,10,1993,12,1,MERCEDES E CLASS,10,E01018698,0,1
2024010534489,2024,010534489,1,9,0,9,9,1,8,0,0,8,0,0,0,0,1,1,1,1,1,54,8,1950,2,6,MERCEDES E CLASS,-1,-1,0,-1
2024010501541,2024,010501541,1,9,0,13,13,1,5,0,0,1,0,0,0,0,1,1,6,6,1,24,5,2987,2,17,MERCEDES E CLASS,-1,-1,0,-1
2024461425969,2024,461425969,3,9,0,-1,19,6,2,-1,0,0,1,0,1,0,0,1,-1,9,1,32,6,2143,2,9,MERCEDES E CLASS,6,E01034988,0,3
2024010547489,2024,010547489,1,9,0,4,4,1,5,0,0,0,0,0,0,0,1,1,6,6,1,37,7,1950,2,4,MERCEDES E CLASS,-1,-1,0,-1
2024101465992,2024,101465992,1,9,0,-1,19,7,3,-1,0,0,0,4,1,0,4,1,-1,6,1,27,6,2143,2,10,MERCEDES E CLASS,6,E01008685,0,3
2024131420735,2024,131420735,1,9,0,-1,19,3,3,-1,0,8,1,0,0,0,1,1,-1,6,-1,-1,-1,2143,2,10,MERCEDES E CLASS,-1,-1,0,-1
2024340WN5152,2024,340WN5152,1,9,0,-1,19,1,5,-1,0,2,0,0,0,0,1,1,-1,6,1,19,4,2143,2,13,MERCEDES E CLASS,3,E01027196,0,1
2024461472293,2024,461472293,1,9,0,-1,10,7,5,-1,0,1,0,0,0,0,1,1,-1,9,1,54,8,1950,2,8,MERCEDES E CLASS,7,E01024245,0,1
2024010547810,2024,010547810,2,8,0,99,99,9,9,99,99,9,9,99,9,99,1,9,6,6,1,28,6,1950,-1,4,MERCEDES E CLASS,3,E01004305,0,2
2024031531261,2024,031531261,4,9,0,-1,2,0,0,-1,0,0,0,0,0,0,2,1,-1,6,1,74,10,2148,2,16,MERCEDES E CLASS,7,E01019240,0,4
2024010507961,2024,010507961,2,9,0,99,99,9,9,99,99,9,9,99,9,99,1,9,6,6,3,55,8,2987,2,11,MERCEDES E CLASS,-1,-1,0,-1
2024991521844,2024,991521844,3,9,0,-1,19,3,7,-1,0,0,0,0,1,0,1,1,-1,9,1,33,6,2148,2,18,MERCEDES E CLASS,-1,-1,0,-1
2024522400854,2024,522400854,3,9,0,18,19,3,1,0,0,8,0,0,0,0,1,1,6,6,1,34,6,2143,2,9,MERCEDES E CLASS,5,E01022148,0,4
2024141442630,2024,141442630,2,9,0,-1,9,1,5,-1,0,2,1,0,0,0,3,1,-1,6,2,60,9,1950,2,7,MERCEDES E CLASS,5,E01007558,0,1
2024430542698,2024,430542698,3,9,0,3,3,6,2,0,0,0,0,0,0,0,2,1,6,6,1,85,11,1950,2,6,MERCEDES E CLASS,8,E01016274,0,1
2024010504152,2024,010504152,1,9,0,99,99,9,9,99,99,9,9,99,9,99,2,9,6,6,1,63,9,2925,2,5,MERCEDES E CLASS,9,E01021789,0,3
2024340WN5672,2024,340WN5672,2,9,0,-1,19,1,5,-1,0,0,0,0,0,0,2,1,-1,9,1,38,7,2987,2,10,MERCEDES E CLASS,5,E01027158,0,1
2024311406611,2024,311406611,2,9,0,-1,10,7,2,-1,0,2,0,0,0,0,3,1,-1,9,1,60,9,2148,2,16,MERCEDES E CLASS,4,E01028077,0,1
2024351422821,2024,351422821,3,9,0,-1,4,5,1,-1,0,0,0,0,0,0,2,1,-1,6,1,57,9,1950,2,5,MERCEDES E CLASS,7,E01026434,0,4
2024471580922,2024,471580922,1,8,0,-1,19,1,5,-1,2,0,0,0,0,0,1,1,-1,1,1,27,6,2925,2,4,MERCEDES E CLASS,7,E01016913,0,1
2024991510098,2024,991510098,1,9,0,-1,19,2,6,-1,0,0,0,0,0,0,1,1,-1,6,1,86,11,1950,2,5,MERCEDES E CLASS,7,-1,0,4
2024010520213,2024,010520213,2,9,0,7,7,9,9,99,99,5,9,99,9,99,1,9,6,6,3,-1,-1,1950,2,4,MERCEDES E CLASS,6,E01021473,0,4
2024010519045,2024,010519045,1,9,0,5,5,1,5,0,0,1,0,0,0,0,3,1,6,6,1,40,7,1950,2,7,MERCEDES E CLASS,3,E01003286,0,1
2024440104709,2024,440104709,1,9,0,18,19,4,8,0,0,1,0,0,3,11,1,1,6,6,1,-1,-1,1950,2,4,MERCEDES E CLASS,-1,-1,0,-1
2024311476850,2024,311476850,2,9,0,-1,19,1,5,-1,0,0,0,0,0,0,1,1,-1,6,2,64,9,2143,2,10,MERCEDES E CLASS,10,E01028364,0,1
2024451527761,2024,451527761,2,9,0,-1,19,7,3,-1,0,1,0,0,0,0,3,1,-1,6,2,48,8,2143,2,10,MERCEDES E CLASS,-1,-1,0,-1
2024430084292,2024,430084292,1,9,0,7,7,4,6,0,0,5,0,0,0,0,4,1,3,7,1,41,7,2987,2,15,MERCEDES E CLASS,9,E01016626,0,2
2024231442272,2024,231442272,1,9,0,-1,19,1,5,-1,0,0,0,0,1,4,1,1,-1,2,1,50,8,2143,2,11,MERCEDES E CLASS,5,E01009617,0,4
2024351526658,2024,351526658,2,9,0,-1,9,5,1,-1,0,8,0,0,0,0,3,1,-1,2,2,19,4,2143,2,11,MERCEDES E CLASS,6,E01015651,0,1
2024421502069,2024,421502069,1,9,0,-1,10,2,7,-1,0,4,0,0,0,0,1,1,-1,2,1,74,10,2799,1,26,MERCEDES E CLASS,5,E01021982,0,3