collision_index,collision_year,collision_ref_no,vehicle_reference,vehicle_type,towing_and_articulation,vehicle_manoeuvre_historic,vehicle_manoeuvre,vehicle_direction_from,vehicle_direction_to,vehicle_location_restricted_lane_historic,vehicle_location_restricted_lane,junction_location,skidding_and_overturning,hit_object_in_carriageway,vehicle_leaving_carriageway,hit_object_off_carriageway,first_point_of_impact,vehicle_left_hand_drive,journey_purpose_of_driver_historic,journey_purpose_of_driver,sex_of_driver,age_of_driver,age_band_of_driver,engine_capacity_cc,propulsion_code,age_of_vehicle,generic_make_model,driver_imd_decile,lsoa_of_driver,escooter_flag,driver_distance_banding
2024131434175,2024,131434175,1,9,0,-1,19,7,3,-1,0,0,0,0,0,0,1,1,-1,9,1,53,8,2143,2,10,MERCEDES E CLASS,1,E01010965,0,1
202460Q171641,2024,60Q171641,1,9,0,18,19,7,3,0,0,0,0,0,0,0,1,1,2,2,1,35,6,2987,2,15,MERCEDES E CLASS,-1,-1,0,-1
2024010506927,2024,010506927,2,9,0,18,19,3,7,0,0,1,0,0,0,0,3,1,6,6,1,29,6,1950,2,5,MERCEDES E CLASS,7,E01002373,0,1
2024201525506,2024,201525506,2,9,0,-1,19,2,6,-1,0,0,0,0,0,0,1,9,-1,6,2,40,7,1999,8,0,MERCEDES E CLASS,4,E01009138,0,1
2024101475013,2024,101475013,2,9,0,-1,3,7,3,-1,0,0,0,0,0,0,2,1,-1,6,1,39,7,1950,2,4,MERCEDES E CLASS,1,E01008575,0,1
2024061506359,2024,061506359,1,9,0,-1,10,-1,-1,-1,0,2,0,0,0,0,3,9,-1,6,3,-1,-1,2143,2,8,MERCEDES E CLASS,-1,-1,0,-1
2024231418426,2024,231418426,2,9,0,-1,19,4,8,-1,0,0,0,0,0,0,3,1,-1,7,2,34,6,1950,2,7,MERCEDES E CLASS,8,E01031252,0,1
2024351497664,2024,351497664,1,9,0,-1,-1,-1,-1,-1,-1,-1,-1,-1,-1,0,1,9,-1,6,1,-1,-1,2987,2,14,MERCEDES E CLASS,-1,-1,0,-1
2024201431081,2024,201431081,3,9,0,-1,19,6,2,-1,0,0,0,0,0,0,1,9,-1,6,1,62,9,2987,2,13,MERCEDES E CLASS,1,E01008978,0,2
2024461448798,2024,461448798,1,9,0,-1,19,4,3,-1,0,0,0,4,1,0,1,9,-1,6,2,51,8,1950,2,7,MERCEDES E CLASS,9,E01032821,0,1
2024010523128,2024,010523128,1,9,0,99,99,9,9,99,99,9,9,99,9,99,1,9,6,6,1,21,5,1950,2,7,MERCEDES E CLASS,6,E01002636,0,2
2024522401777,2024,522401777,3,9,0,9,9,5,3,0,0,6,0,0,0,0,1,1,6,6,2,38,7,1950,2,7,MERCEDES E CLASS,2,E01014926,0,1
2024010520457,2024,010520457,2,9,0,99,99,9,9,99,99,0,9,99,9,99,1,9,6,6,3,-1,-1,1950,2,7,MERCEDES E CLASS,-1,-1,0,-1
2024010525412,2024,010525412,2,9,0,18,19,7,3,0,0,0,0,0,0,0,4,1,6,6,1,35,6,2143,2,9,MERCEDES E CLASS,4,E01003597,0,2
2024552401472,2024,552401472,1,9,0,9,9,6,4,0,0,5,0,0,0,0,0,1,6,6,1,21,5,2143,2,15,MERCEDES E CLASS,5,E01015372,0,1
2024201492424,2024,201492424,1,8,0,-1,19,2,6,-1,0,1,0,0,0,0,0,1,-1,9,1,50,8,1950,2,7,MERCEDES E CLASS,-1,-1,0,-1
2024552401526,2024,552401526,3,9,0,2,2,0,0,0,0,2,0,0,0,0,1,1,6,6,3,-1,-1,2143,2,14,MERCEDES E CLASS,-1,-1,0,-1
2024010528911,2024,010528911,1,9,0,99,99,9,9,99,99,9,9,99,9,99,2,9,6,6,1,30,6,1950,2,6,MERCEDES E CLASS,3,E01002637,0,3
2024361400428,2024,361400428,1,9,0,-1,19,7,3,-1,0,1,0,0,0,0,1,1,-1,6,1,38,7,1950,2,6,MERCEDES E CLASS,9,E01026714,0,1
2024340WN6562,2024,340WN6562,2,9,0,-1,3,4,1,-1,0,8,0,0,0,0,4,1,-1,9,2,58,9,1950,2,7,MERCEDES E CLASS,8,E01027186,0,1
2024010498145,2024,010498145,2,9,0,99,99,9,9,99,99,0,9,99,9,99,1,9,6,6,3,-1,-1,1991,8,3,MERCEDES E CLASS,5,E01033208,0,1
2024552401439,2024,552401439,1,9,0,5,5,6,2,0,0,0,0,0,0,0,4,1,6,6,3,-1,-1,2143,2,14,MERCEDES E CLASS,-1,-1,0,-1
2024061497243,2024,061497243,3,9,0,-1,2,0,0,-1,9,0,0,0,0,0,2,1,-1,6,-1,-1,-1,2143,2,10,MERCEDES E CLASS,-1,-1,0,-1
2024010510011,2024,010510011,1,9,0,99,99,9,9,99,99,9,9,99,9,99,2,9,6,6,2,51,8,1950,2,4,MERCEDES E CLASS,9,E01001453,0,1
2024010543604,2024,010543604,1,9,0,99,99,9,9,99,99,0,9,99,9,99,2,9,1,1,1,34,6,1950,2,6,MERCEDES E CLASS,8,E01016138,0,4
2024531409854,2024,531409854,1,9,0,-1,15,5,1,-1,9,0,0,0,7,9,1,1,-1,6,1,49,8,1950,2,6,MERCEDES E CLASS,3,E01032730,0,4
2024010547473,2024,010547473,2,8,0,6,6,1,1,0,0,0,0,0,0,0,3,1,1,1,1,42,7,1950,2,6,MERCEDES E CLASS,-1,-1,0,-1
2024221437315,2024,221437315,2,9,0,-1,9,6,4,-1,0,7,0,0,0,0,1,9,-1,6,1,49,8,1950,2,7,MERCEDES E CLASS,3,E01032267,0,1
2024010514154,2024,010514154,1,9,0,99,99,9,9,99,99,9,9,99,9,99,2,9,6,6,2,42,7,1950,2,8,MERCEDES E CLASS,7,E01001280,0,1
2024522403121,2024,522403121,2,9,0,18,19,5,1,0,0,1,0,0,0,0,1,1,6,6,1,42,7,1991,1,5,MERCEDES E CLASS,1,E01033370,0,1
2024010526529,2024,010526529,1,9,9,99,99,9,9,99,99,9,9,99,9,99,2,9,6,6,3,-1,-1,1950,2,7,MERCEDES E CLASS,-1,-1,0,-1
2024531527109,2024,531527109,1,9,0,-1,19,1,5,-1,0,2,0,0,0,0,1,1,-1,9,1,35,6,2143,2,13,MERCEDES E CLASS,2,E01022289,0,1
2024201490777,2024,201490777,2,8,0,-1,5,8,4,-1,0,6,0,0,0,0,0,9,-1,1,1,70,10,1950,2,7,MERCEDES E CLASS,1,E01009335,0,3
2024411531738,2024,411531738,1,9,0,-1,19,1,5,-1,0,8,0,0,2,0,1,1,-1,6,3,-1,-1,2143,2,11,MERCEDES E CLASS,-1,-1,0,-1
2024201462091,2024,201462091,1,9,0,-1,3,3,7,-1,0,0,0,0,0,0,1,9,-1,6,1,23,5,2143,2,10,MERCEDES E CLASS,5,E01009895,0,3
2024351469354,2024,351469354,1,8,-1,-1,-1,-1,-1,-1,-1,-1,-1,-1,-1,0,-1,1,-1,1,1,42,7,2143,2,8,MERCEDES E CLASS,10,E01018141,0,4
2024010537479,2024,010537479,2,9,0,4,4,8,4,0,0,1,0,0,0,0,2,1,6,6,1,37,7,1991,1,6,MERCEDES E CLASS,3,E01003183,0,2
2024471459622,2024,471459622,1,9,0,-1,9,2,8,-1,0,8,0,0,0,0,4,1,-1,2,1,54,8,1991,1,6,MERCEDES E CLASS,9,E01016980,0,1
2024010521642,2024,010521642,1,9,0,17,19,3,7,0,0,2,5,10,0,0,3,1,6,6,2,40,7,2143,2,8,MERCEDES E CLASS,2,E01001487,0,4
2024010490711,2024,010490711,2,9,0,18,19,7,3,0,0,0,0,0,0,0,3,1,2,2,1,40,7,1950,2,6,MERCEDES E CLASS,7,E01023632,0,4
2024520403053,2024,520403053,1,9,0,18,19,6,2,0,0,5,0,0,0,0,1,1,6,6,1,40,7,2143,2,9,MERCEDES E CLASS,6,E01029269,0,3
2024201470230,2024,201470230,1,9,0,-1,5,7,3,-1,0,2,0,0,0,0,2,1,-1,1,1,44,7,2148,2,18,MERCEDES E CLASS,6,E01010221,0,2
2024010536273,2024,010536273,1,8,0,99,99,9,9,99,99,9,9,99,9,99,2,9,1,1,1,47,8,1950,2,7,MERCEDES E CLASS,2,E01002528,0,4
2024440269613,2024,440269613,1,9,0,9,9,5,3,0,0,5,0,0,0,0,3,1,6,6,2,65,9,2987,2,16,MERCEDES E CLASS,9,E01031973,0,3
2024340WN3462,2024,340WN3462,1,9,0,-1,9,1,7,-1,0,8,0,0,0,0,3,1,-1,1,2,57,9,1950,2,7,MERCEDES E CLASS,1,E01027199,0,2
2024421517033,2024,421517033,1,8,0,-1,19,5,1,-1,0,4,0,0,0,0,1,1,-1,1,1,45,7,1950,2,7,MERCEDES E CLASS,2,E01035163,0,1
2024451472049,2024,451472049,1,9,0,-1,19,5,1,-1,0,0,0,0,7,0,1,1,-1,2,1,48,8,2987,2,14,MERCEDES E CLASS,6,E01030678,0,1
2024010524417,2024,010524417,1,9,0,2,2,0,0,0,0,0,0,0,0,0,4,1,6,6,3,-1,-1,2143,2,10,MERCEDES E CLASS,-1,-1,0,-1
2024070033124,2024,070033124,1,9,0,18,19,3,7,0,0,1,0,0,1,5,1,1,6,6,1,50,8,1950,2,5,MERCEDES E CLASS,10,E01018325,0,1
2024471465491,2024,471465491,2,9,0,-1,19,5,1,-1,0,6,0,0,0,0,1,1,-1,1,1,49,8,2143,2,8,MERCEDES E CLASS,3,E01003081,0,4
2024411432130,2024,411432130,2,9,0,-1,19,6,2,-1,0,1,0,0,0,0,1,1,-1,6,2,57,9,2143,2,10,MERCEDES E CLASS,3,E01023866,0,1
2024501508458,2024,501508458,1,9,0,-1,9,1,5,-1,0,1,0,0,0,0,1,1,-1,6,2,44,7,2143,12,10,MERCEDES E CLASS,4,E01015169,0,1
2024371464175,2024,371464175,1,9,0,-1,19,8,4,-1,0,0,1,4,0,0,1,9,-1,6,3,-1,-1,2925,2,5,MERCEDES E CLASS,-1,-1,0,-1
2024421411092,2024,421411092,1,9,0,-1,19,4,8,-1,0,0,0,0,1,0,1,1,-1,9,1,36,7,2987,2,17,MERCEDES E CLASS,6,E01021464,0,1
2024411419847,2024,411419847,1,9,0,-1,1,5,5,-1,0,1,0,0,0,0,2,1,-1,6,1,59,9,1950,2,7,MERCEDES E CLASS,7,E01001452,0,3
2024547469824,2024,547469824,1,9,0,18,19,1,5,0,0,0,0,0,0,0,1,1,2,2,1,45,7,2987,2,15,MERCEDES E CLASS,9,E01015523,0,1
2024320330349,2024,320330349,3,9,0,2,2,0,0,0,0,0,0,0,0,0,2,1,6,6,3,-1,-1,2143,2,9,MERCEDES E CLASS,-1,-1,0,-1
2024010500190,2024,010500190,1,9,0,8,8,4,7,0,0,1,0,0,0,0,3,1,6,6,1,40,7,1950,2,8,MERCEDES E CLASS,6,E01003707,0,2
2024041442359,2024,041442359,2,9,0,-1,2,0,0,-1,0,0,0,0,0,0,3,1,-1,6,1,61,9,2143,2,10,MERCEDES E CLASS,6,E01025026,0,4
2024221521735,2024,221521735,2,9,0,-1,19,8,4,-1,0,8,0,0,0,0,1,1,-1,6,1,40,7,2143,2,9,MERCEDES E CLASS,9,E01014022,0,4
2024010489142,2024,010489142,1,9,0,18,19,3,7,0,0,0,0,0,4,2,4,1,6,6,1,36,7,5461,1,9,MERCEDES E CLASS,2,E01000017,0,1
2024010536604,2024,010536604,1,9,0,9,9,1,6,0,0,2,0,0,0,0,1,1,6,6,1,44,7,1950,2,7,MERCEDES E CLASS,-1,-1,0,-1
2024631527842,2024,631527842,3,9,0,-1,2,0,0,-1,9,2,0,0,0,0,2,1,-1,6,-1,-1,-1,2987,2,8,MERCEDES E CLASS,-1,-1,0,-1
2024010517708,2024,010517708,2,9,0,99,99,9,9,99,99,9,9,99,9,99,2,9,6,6,3,-1,-1,1950,2,8,MERCEDES E CLASS,-1,-1,0,-1
2024010547628,2024,010547628,2,9,0,99,99,9,9,99,99,9,9,99,9,99,9,9,6,6,2,-1,-1,1950,2,6,MERCEDES E CLASS,-1,-1,0,-1
2024010532138,2024,010532138,1,9,0,6,6,7,7,0,0,8,0,0,0,0,4,1,6,6,1,40,7,1950,2,7,MERCEDES E CLASS,-1,-1,0,-1
2024302400405,2024,302400405,1,9,0,18,19,8,3,0,0,0,0,0,0,0,1,2,2,2,1,37,7,2143,2,10,MERCEDES E CLASS,3,E01013454,0,1
2024231480389,2024,231480389,3,9,0,-1,4,6,2,-1,0,0,0,0,0,0,2,1,-1,9,1,25,5,6209,1,16,MERCEDES E CLASS,7,E01025623,0,4
2024361435263,2024,361435263,1,9,0,-1,19,7,3,-1,0,2,0,0,0,0,3,1,-1,1,2,63,9,1991,8,2,MERCEDES E CLASS,6,E01026462,0,2
2024010497482,2024,010497482,4,9,0,2,2,0,0,0,0,0,0,0,0,0,3,1,6,6,3,-1,-1,1950,2,5,MERCEDES E CLASS,-1,-1,0,-1
2024421393680,2024,421393680,4,9,0,-1,19,5,1,-1,0,0,0,0,0,0,1,1,-1,1,1,33,6,1950,12,1,MERCEDES E CLASS,4,E01003635,0,3
2024411476057,2024,411476057,1,9,0,-1,19,3,7,-1,0,0,1,0,2,7,4,1,-1,6,1,46,8,3222,2,20,MERCEDES E CLASS,7,E01017561,0,4
2024991500063,2024,991500063,1,9,0,-1,19,8,4,-1,0,0,0,0,0,0,4,1,-1,9,1,44,7,2987,2,11,MERCEDES E CLASS,6,-1,0,5
2024411447274,2024,411447274,1,9,0,-1,11,3,7,-1,0,0,0,0,0,0,2,1,-1,6,1,42,7,5461,1,14,MERCEDES E CLASS,6,E01002475,0,2
2024011564369,2024,011564369,1,9,0,-1,15,7,3,-1,0,1,0,0,0,0,3,1,-1,9,1,24,5,1950,2,5,MERCEDES E CLASS,-1,-1,0,-1
2024010540414,2024,010540414,2,9,9,99,99,9,9,99,99,9,9,99,9,99,9,9,6,6,2,-1,-1,1991,1,5,MERCEDES E CLASS,6,E01000479,0,2
2024010516802,2024,010516802,1,9,0,4,4,3,7,0,0,0,0,0,0,0,2,1,6,6,1,49,8,1950,2,6,MERCEDES E CLASS,-1,-1,0,-1
2024340WN5392,2024,340WN5392,2,9,0,-1,15,1,5,-1,0,2,0,0,0,0,0,1,-1,1,1,30,6,3222,2,19,MERCEDES E CLASS,-1,-1,0,-1
2024231427229,2024,231427229,4,9,0,-1,19,6,2,-1,0,0,0,0,0,0,1,1,-1,6,2,28,6,2143,2,9,MERCEDES E CLASS,8,E01022123,0,4
2024411455712,2024,411455712,1,9,0,-1,13,5,1,-1,0,0,0,0,0,0,1,1,-1,6,2,56,9,2148,2,15,MERCEDES E CLASS,2,E01017707,0,4
2024401429893,2024,401429893,2,9,0,-1,19,1,5,-1,0,0,0,0,0,0,2,1,-1,9,1,23,5,2987,2,9,MERCEDES E CLASS,2,E01032815,0,5
2024340WN1702,2024,340WN1702,1,9,0,-1,9,3,8,-1,0,6,0,0,0,0,1,1,-1,9,1,39,7,2143,2,11,MERCEDES E CLASS,9,E01027284,0,1
2024471440300,2024,471440300,1,9,0,-1,1,2,6,-1,0,0,0,0,0,0,1,9,-1,6,3,-1,-1,2143,2,11,MERCEDES E CLASS,-1,-1,0,-1
2024361418324,2024,361418324,3,9,0,-1,4,1,5,-1,0,0,0,0,0,0,2,1,-1,7,1,36,7,2143,2,12,MERCEDES E CLASS,2,E01026607,0,1
2024451450903,2024,451450903,2,9,0,-1,4,5,1,-1,0,0,0,0,0,0,2,1,-1,1,1,43,7,1950,2,5,MERCEDES E CLASS,10,E01024461,0,4
2024421427678,2024,421427678,1,9,0,-1,11,7,4,-1,0,0,0,0,0,0,4,1,-1,6,1,-1,-1,2143,2,10,MERCEDES E CLASS,7,E01000981,0,4
2024010541770,2024,010541770,4,9,0,18,19,3,7,0,0,8,0,0,0,0,2,1,6,6,1,47,8,1950,2,6,MERCEDES E CLASS,10,E01024336,0,4
2024522402586,2024,522402586,2,9,0,18,19,6,2,0,0,8,0,0,0,0,1,1,6,6,1,54,8,1950,2,7,MERCEDES E CLASS,1,E01014655,0,1
2024010536585,2024,010536585,2,9,0,99,99,9,9,99,99,9,9,99,9,99,9,9,6,6,3,53,8,2143,2,9,MERCEDES E CLASS,5,E01002236,0,4
2024501434952,2024,501434952,2,9,0,-1,19,3,7,-1,0,1,0,0,0,0,1,2,-1,6,1,19,4,2143,2,11,MERCEDES E CLASS,2,E01015176,0,1
2024010541479,2024,010541479,2,9,0,18,19,7,3,0,0,1,0,0,0,0,1,1,6,6,1,28,6,2987,2,17,MERCEDES E CLASS,4,E01034469,0,4
2024520402588,2024,520402588,1,9,0,18,19,7,3,0,0,8,0,0,0,0,1,1,6,6,2,38,7,1950,2,7,MERCEDES E CLASS,6,E01029214,0,3
2024351457064,2024,351457064,2,9,0,-1,5,6,2,-1,0,0,0,0,0,0,1,1,-1,2,2,54,8,2143,2,8,MERCEDES E CLASS,5,E01015675,0,4
2024010522962,2024,010522962,2,9,0,99,99,9,9,99,99,9,9,99,9,99,1,9,6,6,3,-1,-1,2925,2,5,MERCEDES E CLASS,-1,-1,0,-1
2024991400288,2024,991400288,1,9,0,-1,19,8,4,-1,0,1,0,0,0,0,1,1,-1,6,1,77,11,2987,2,17,MERCEDES E CLASS,7,-1,0,3
2024141485583,2024,141485583,2,9,0,-1,5,6,2,-1,0,6,0,0,0,0,1,9,-1,6,-1,-1,-1,1950,2,5,MERCEDES E CLASS,-1,-1,0,-1
2024010544338,2024,010544338,2,9,0,99,99,9,9,99,99,9,9,99,9,99,1,9,6,6,3,-1,-1,1950,2,5,MERCEDES E CLASS,-1,-1,0,-1
2024201441659,2024,201441659,1,9,0,-1,5,3,7,-1,0,8,0,0,0,0,4,1,-1,6,1,23,5,1950,2,7,MERCEDES E CLASS,4,E01009625,0,1
2024351496031,2024,351496031,2,9,0,-1,19,5,1,-1,0,1,1,0,7,0,4,1,-1,9,1,70,10,2987,2,14,MERCEDES E CLASS,7,E01029955,0,1
2024141527391,2024,141527391,1,9,0,-1,19,5,1,-1,0,0,1,0,2,11,1,1,-1,9,1,23,5,1950,2,5,MERCEDES E CLASS,8,E01026185,0,4
2024010529013,2024,010529013,1,8,0,18,19,1,5,0,0,0,0,10,0,0,3,1,1,1,1,52,8,1950,12,4,MERCEDES E CLASS,3,E01002634,0,1
2024061511647,2024,061511647,1,9,0,-1,19,5,8,-1,0,1,1,0,0,0,1,1,-1,9,2,31,6,2148,2,16,MERCEDES E CLASS,2,E01025075,0,4
2024440216546,2024,440216546,2,9,0,18,19,5,1,0,0,8,0,0,0,0,1,1,6,6,1,-1,-1,2148,2,15,MERCEDES E CLASS,3,E01032751,0,1
2024471413308,2024,471413308,2,9,0,-1,19,2,7,-1,0,0,0,0,0,0,2,1,-1,6,1,-1,-1,2143,12,11,MERCEDES E CLASS,5,E01031611,0,3
2024541910124,2024,541910124,1,9,0,18,19,1,5,0,0,4,0,0,0,0,1,1,1,1,1,50,8,1950,2,5,MERCEDES E CLASS,2,E01015259,0,5
2024302400388,2024,302400388,1,9,0,17,19,4,8,0,0,8,0,0,0,0,1,1,6,6,1,86,11,1991,1,10,MERCEDES E CLASS,8,E01034254,0,2
202417S110824,2024,17S110824,1,9,0,-1,19,4,8,-1,0,1,0,0,0,0,1,1,-1,2,1,49,8,2143,2,11,MERCEDES E CLASS,7,E01012189,0,1
2024430469146,2024,430469146,1,9,0,9,9,7,5,0,0,0,0,0,0,0,3,1,6,6,1,62,9,2143,2,9,MERCEDES E CLASS,7,E01028560,0,1
2024421482142,2024,421482142,1,9,0,-1,19,1,5,-1,0,4,0,0,0,0,1,1,-1,9,1,80,11,1991,1,10,MERCEDES E CLASS,8,E01021803,0,1
2024010535497,2024,010535497,2,9,0,6,6,8,8,0,0,8,0,0,0,0,3,1,1,1,1,47,8,1991,8,7,MERCEDES E CLASS,5,E01001007,0,1
2024340WN5582,2024,340WN5582,1,9,0,-1,19,1,5,-1,0,0,0,0,0,0,1,1,-1,9,1,25,5,1950,2,7,MERCEDES E CLASS,1,E01027199,0,4
2024622400137,2024,622400137,2,9,0,5,5,6,2,0,0,1,0,0,0,0,1,1,6,6,1,30,6,1950,2,8,MERCEDES E CLASS,8,W01002038,0,3
2024010514501,2024,010514501,2,9,0,3,3,5,1,0,0,0,0,0,0,0,2,1,1,1,1,40,7,1950,2,7,MERCEDES E CLASS,5,E01015786,0,4
2024010519682,2024,010519682,1,8,0,99,99,9,9,0,0,1,0,0,0,0,1,1,6,6,1,-1,-1,1950,2,5,MERCEDES E CLASS,-1,-1,0,-1
2024010532054,2024,010532054,1,9,0,18,19,3,7,0,0,1,1,0,0,0,3,1,1,1,1,44,7,1950,12,5,MERCEDES E CLASS,3,E01003624,0,3
2024010547773,2024,010547773,2,9,0,18,19,3,7,0,0,1,0,0,0,0,4,1,6,6,3,-1,-1,1950,2,6,MERCEDES E CLASS,-1,-1,0,-1
2024440006849,2024,440006849,2,9,0,9,9,1,7,0,0,6,0,0,0,0,3,1,6,6,2,40,7,2987,2,8,MERCEDES E CLASS,5,E01020364,0,2
2024440393760,2024,440393760,2,9,0,4,4,1,5,0,0,1,0,0,0,0,1,1,6,6,3,-1,-1,2143,2,11,MERCEDES E CLASS,-1,-1,0,-1
2024010544629,2024,010544629,2,9,0,4,4,1,5,0,0,0,0,0,0,0,2,1,6,6,1,39,7,1991,1,6,MERCEDES E CLASS,6,E01024172,0,3
2024991473656,2024,991473656,1,9,0,-1,19,2,6,-1,0,0,2,0,7,4,1,1,-1,6,1,46,8,2987,2,19,MERCEDES E CLASS,-1,-1,0,-1
2024010548285,2024,010548285,1,9,0,18,19,7,3,0,0,0,0,0,0,0,1,1,6,6,1,47,8,2987,2,9,MERCEDES GL CLASS,8,E01001569,0,1
2024351396028,2024,351396028,2,9,-1,-1,-1,-1,-1,-1,-1,0,-1,-1,-1,0,-1,9,-1,6,1,33,6,2987,2,17,MERCEDES GL CLASS,3,E01009087,0,5
2024340NN2862,2024,340NN2862,1,9,0,-1,19,5,1,-1,0,1,0,0,0,0,1,1,-1,6,1,56,9,3997,2,17,MERCEDES GL CLASS,9,E01032965,0,1
2024461504253,2024,461504253,5,9,0,-1,2,0,0,-1,9,0,0,0,0,0,2,1,-1,6,-1,-1,-1,2987,2,10,MERCEDES GL CLASS,-1,-1,0,-1
2024010493654,2024,010493654,1,9,0,99,99,9,9,99,99,9,9,99,9,99,9,9,6,6,1,60,9,2987,2,11,MERCEDES GL CLASS,3,E01002403,0,1
2024010495820,2024,010495820,1,9,0,18,19,7,3,9,9,3,0,10,7,11,1,1,2,2,1,52,8,2987,2,14,MERCEDES GL CLASS,6,E01000192,0,1
2024430109212,2024,430109212,2,9,0,18,19,2,6,0,0,8,0,0,0,0,4,1,6,6,1,47,8,2987,2,15,MERCEDES GL CLASS,8,E01016298,0,1
2024201395778,2024,201395778,1,9,0,-1,19,2,4,-1,0,0,1,10,7,0,1,9,-1,6,1,50,8,2987,2,8,MERCEDES GL CLASS,5,E01009749,0,1
2024451501758,2024,451501758,1,9,0,-1,19,1,5,-1,0,0,0,0,1,0,2,1,-1,2,1,51,8,2987,2,11,MERCEDES GL CLASS,5,E01004644,0,4
2024461401096,2024,461401096,10,9,0,-1,19,5,1,-1,0,0,1,0,0,0,1,9,-1,9,1,43,7,2987,2,8,MERCEDES GL CLASS,1,E01024240,0,4
2024461411585,2024,461411585,1,9,0,-1,9,7,5,-1,0,8,0,0,0,0,3,1,-1,7,2,45,7,2987,2,9,MERCEDES GL CLASS,7,E01024158,0,1
2024471461343,2024,471461343,2,9,0,-1,19,5,1,-1,0,1,0,0,0,0,1,1,-1,6,2,32,6,2987,2,10,MERCEDES GL CLASS,4,E01016882,0,1
2024622500090,2024,622500090,1,19,0,9,9,4,2,0,0,6,0,0,0,0,0,1,6,6,1,29,6,2298,2,6,-1,7,W01001040,0,4
2024622400649,2024,622400649,2,19,0,2,2,0,0,0,0,1,0,0,0,0,2,1,6,6,3,-1,-1,2198,2,9,PEUGEOT BOXER,-1,-1,0,-1
2024131401274,2024,131401274,1,19,0,-1,5,8,6,-1,0,2,0,0,0,0,2,1,-1,6,-1,40,7,2200,2,4,PEUGEOT BOXER,-1,-1,0,-1
2024201503196,2024,201503196,2,19,0,-1,19,1,5,-1,0,0,0,0,0,0,1,1,-1,1,1,36,7,1997,2,8,PEUGEOT BOXER,-1,-1,0,-1
2024332400871,2024,332400871,1,19,0,-1,19,1,5,-1,0,0,0,0,0,0,1,1,-1,1,1,31,6,2200,2,3,PEUGEOT BOXER,3,E01009589,0,4
2024211459604,2024,211459604,2,19,0,-1,19,5,1,-1,0,4,0,0,0,0,1,1,-1,1,1,22,5,2200,2,3,PEUGEOT BOXER,7,E01029545,0,1
2024070919143,2024,070919143,1,19,0,-1,9,3,1,-1,0,8,0,0,0,0,1,1,-1,6,1,-1,-1,2198,2,8,PEUGEOT BOXER,-1,-1,0,-1
2024540148424,2024,540148424,2,19,0,2,2,0,0,0,0,0,0,0,0,0,2,1,6,6,3,-1,-1,2198,2,9,PEUGEOT BOXER,-1,-1,0,-1
2024122401018,2024,122401018,1,19,0,18,19,6,2,0,0,0,0,0,0,0,4,1,1,1,1,61,9,2200,2,3,PEUGEOT BOXER,6,E01011734,0,4
2024320045077,2024,320045077,2,19,0,-1,-1,6,2,0,0,0,0,0,0,0,1,1,-1,-1,1,68,10,1997,2,5,PEUGEOT BOXER,4,E01026389,0,4
2024522402443,2024,522402443,2,90,0,18,19,7,2,0,0,1,0,0,0,0,1,1,6,6,2,42,7,1997,2,6,PEUGEOT BOXER,6,E01032677,0,3
2024010511784,2024,010511784,2,19,0,99,99,9,9,99,99,9,9,99,9,99,1,9,6,6,3,-1,-1,1997,2,6,PEUGEOT BOXER,-1,-1,0,-1
2024010535937,2024,010535937,1,19,0,5,5,0,7,0,0,6,0,4,0,0,1,1,1,1,1,46,8,1997,2,5,PEUGEOT BOXER,10,E01004196,0,2
2024041404504,2024,041404504,3,19,0,-1,19,3,7,-1,0,1,0,0,0,0,1,9,-1,6,1,43,7,2198,2,10,PEUGEOT BOXER,-1,-1,0,-1
2024010533851,2024,010533851,2,19,0,5,5,1,5,0,0,4,0,0,0,0,2,1,6,6,1,55,8,2179,2,0,PEUGEOT BOXER,-1,-1,0,-1
2024351525948,2024,351525948,1,19,0,-1,19,3,7,-1,0,0,9,0,0,0,1,9,-1,6,1,-1,-1,2198,2,8,PEUGEOT BOXER,-1,-1,0,-1
2024320703664,2024,320703664,1,19,0,7,7,1,3,9,9,6,0,0,0,0,4,1,6,6,1,49,8,2200,2,5,PEUGEOT BOXER,7,E01026251,0,1
2024361480442,2024,361480442,1,19,0,-1,19,1,5,-1,0,0,0,4,0,0,1,1,-1,1,1,23,5,1997,2,5,PEUGEOT BOXER,4,E01026823,0,3
2024010520637,2024,010520637,1,19,0,3,3,5,1,0,0,4,0,0,0,0,2,1,1,1,1,23,5,1997,2,5,PEUGEOT BOXER,2,E01001594,0,1
2024471400534,2024,471400534,2,10,0,-1,19,6,2,-1,0,1,0,0,0,0,1,1,-1,1,1,69,10,2198,2,9,PEUGEOT BOXER,5,E01031571,0,3
2024121408413,2024,121408413,1,19,0,-1,-1,-1,-1,-1,-1,0,-1,-1,-1,0,-1,1,-1,-1,3,-1,-1,2198,2,8,PEUGEOT BOXER,-1,-1,0,-1
2024411487989,2024,411487989,1,19,0,-1,1,1,5,-1,0,1,0,99,0,0,2,9,-1,6,1,33,6,1997,2,6,PEUGEOT BOXER,5,E01023722,0,2