collision_index,collision_year,collision_ref_no,vehicle_reference,vehicle_type,towing_and_articulation,vehicle_manoeuvre_historic,vehicle_manoeuvre,vehicle_direction_from,vehicle_direction_to,vehicle_location_restricted_lane_historic,vehicle_location_restricted_lane,junction_location,skidding_and_overturning,hit_object_in_carriageway,vehicle_leaving_carriageway,hit_object_off_carriageway,first_point_of_impact,vehicle_left_hand_drive,journey_purpose_of_driver_historic,journey_purpose_of_driver,sex_of_driver,age_of_driver,age_band_of_driver,engine_capacity_cc,propulsion_code,age_of_vehicle,generic_make_model,driver_imd_decile,lsoa_of_driver,escooter_flag,driver_distance_banding
2024010551749,2024,010551749,1,19,0,2,2,0,0,0,0,2,0,0,0,0,2,1,6,6,3,-1,-1,2179,2,1,PEUGEOT BOXER,-1,-1,0,-1
2024501420817,2024,501420817,2,19,0,-1,19,7,3,-1,0,0,1,0,1,0,1,1,-1,1,1,31,6,2200,2,3,PEUGEOT BOXER,1,E01018930,0,4
2024549929524,2024,549929524,1,19,0,9,9,8,6,0,0,1,0,0,0,0,4,1,1,1,1,43,7,2200,2,3,PEUGEOT BOXER,1,E01015541,0,3
2024440213309,2024,440213309,2,10,0,9,9,3,1,0,0,5,0,0,0,0,3,1,1,1,2,52,8,-1,-1,-1,PEUGEOT BOXER,1,E01017036,0,2
2024430414992,2024,430414992,1,19,0,10,10,7,5,0,0,1,0,0,0,0,1,1,1,1,1,55,8,1997,2,6,PEUGEOT BOXER,7,E01028776,0,4
2024161424398,2024,161424398,2,19,0,-1,19,3,7,-1,0,1,0,0,0,0,1,9,-1,6,1,30,6,1997,2,7,PEUGEOT BOXER,-1,-1,0,-1
2024010500955,2024,010500955,1,19,0,5,5,1,5,0,0,1,0,0,0,0,1,1,1,1,1,62,9,1997,2,5,PEUGEOT BOXER,2,E01033879,0,1
2024031443687,2024,031443687,2,19,0,-1,6,6,2,-1,0,1,0,0,0,0,3,1,-1,1,1,58,9,2198,2,9,PEUGEOT BOXER,9,E01019358,0,4
2024010531749,2024,010531749,2,19,0,99,99,9,9,99,99,9,9,99,9,99,1,9,6,6,3,34,6,2179,2,1,PEUGEOT BOXER,5,E01004056,0,1
2024421432762,2024,421432762,2,8,0,-1,19,3,7,-1,0,1,0,0,0,0,1,1,-1,1,1,56,9,2198,2,8,PEUGEOT BOXER,6,E01021894,0,2
2024991494414,2024,991494414,2,90,0,-1,10,4,2,-1,0,1,0,0,0,0,2,1,-1,9,1,63,9,2198,2,16,PEUGEOT BOXER,8,E01020597,0,5
2024991531692,2024,991531692,1,19,0,-1,9,8,6,-1,0,6,0,0,0,0,3,1,-1,1,1,38,7,2179,2,1,PEUGEOT BOXER,1,-1,0,5
2024010509707,2024,010509707,1,19,0,3,3,1,5,0,0,2,0,0,0,0,2,1,1,1,1,56,9,1997,2,7,PEUGEOT BOXER,8,E01031776,0,4
2024401414603,2024,401414603,1,19,0,-1,4,1,5,-1,0,0,0,0,0,0,1,1,-1,1,1,47,8,2200,2,4,PEUGEOT BOXER,7,E01017420,0,3
2024010525056,2024,010525056,1,19,0,9,9,5,2,0,0,1,0,0,0,0,1,1,6,6,1,46,8,1997,2,6,PEUGEOT BOXER,-1,-1,0,-1
2024320571663,2024,320571663,3,19,0,3,3,6,2,0,0,1,0,0,0,0,1,1,-1,-1,1,49,8,2198,2,10,PEUGEOT BOXER,5,E01026286,0,4
2024471496371,2024,471496371,2,19,0,-1,9,1,5,-1,0,1,0,0,0,0,1,1,-1,1,1,28,6,2198,2,8,PEUGEOT BOXER,5,E01031373,0,4
2024440439727,2024,440439727,2,19,0,13,13,7,3,0,0,8,0,0,7,0,1,1,1,1,1,37,7,2200,2,3,PEUGEOT BOXER,5,E01023104,0,4
2024010531929,2024,010531929,1,19,0,99,99,9,9,99,99,9,9,99,9,99,9,9,6,6,3,-1,-1,1997,2,6,PEUGEOT BOXER,3,E01023310,0,4
2024440359801,2024,440359801,1,19,0,9,9,6,7,0,0,1,0,0,0,0,4,1,6,6,1,28,6,2179,2,1,PEUGEOT BOXER,9,E01016794,0,5
2024010534320,2024,010534320,1,19,0,99,99,9,9,99,99,1,9,99,9,99,1,9,6,6,1,45,7,2179,2,1,PEUGEOT BOXER,2,E01001765,0,2
2024161421151,2024,161421151,1,19,0,-1,19,1,5,-1,0,0,0,4,0,0,1,1,-1,1,1,48,8,1997,2,5,PEUGEOT BOXER,1,E01012903,0,4
2024540853624,2024,540853624,3,19,0,2,2,0,0,0,0,0,0,0,0,0,3,1,1,1,1,33,6,2200,2,3,PEUGEOT BOXER,7,E01015520,0,4
2024131575591,2024,131575591,2,10,0,-1,1,2,6,-1,0,8,0,0,0,0,1,1,-1,9,1,64,9,2198,2,7,PEUGEOT BOXER,4,E01010637,0,1
2024161405303,2024,161405303,1,19,0,-1,19,3,7,-1,0,1,5,0,1,0,1,1,-1,6,1,73,10,2200,2,4,PEUGEOT BOXER,10,E01026393,0,4
2024201482978,2024,201482978,1,19,0,-1,19,1,5,-1,0,8,0,0,0,0,4,1,-1,1,2,42,7,2179,2,0,PEUGEOT BOXER,2,E01010293,0,3
2024010509408,2024,010509408,1,19,0,18,19,3,7,0,0,0,0,0,0,0,1,1,1,1,1,30,6,1997,2,7,PEUGEOT BOXER,5,E01004345,0,1
2024010538160,2024,010538160,1,19,0,18,19,1,5,0,0,0,0,0,0,0,1,1,1,1,1,33,6,1997,2,6,PEUGEOT BOXER,-1,-1,0,-1
2024320712306,2024,320712306,1,19,0,-1,-1,8,4,0,0,0,1,0,7,4,4,1,-1,-1,1,61,9,2179,2,2,PEUGEOT BOXER,1,E01013876,0,4
2024471416027,2024,471416027,7,19,0,-1,19,7,3,-1,0,0,1,0,0,0,3,1,-1,9,1,29,6,2200,2,2,PEUGEOT BOXER,10,E01031720,0,2
2024991422998,2024,991422998,1,19,0,-1,19,7,3,-1,0,0,0,0,0,0,1,1,-1,1,1,23,5,1997,2,7,PEUGEOT BOXER,8,-1,0,5
2024440055607,2024,440055607,2,19,0,3,3,1,5,0,0,1,0,0,0,0,2,1,1,1,1,67,10,1997,2,5,PEUGEOT BOXER,8,E01023234,0,2
2024122500047,2024,122500047,1,19,0,18,19,7,2,0,0,0,0,0,0,0,4,1,6,6,3,-1,-1,2198,2,11,PEUGEOT BOXER,-1,-1,0,-1
2024070126948,2024,070126948,1,19,0,9,9,8,6,0,0,5,0,0,0,0,1,1,6,6,1,-1,-1,2200,2,4,PEUGEOT BOXER,-1,-1,0,-1
2024311473587,2024,311473587,1,20,0,-1,19,5,1,-1,0,0,0,0,0,0,1,1,-1,1,1,42,7,-1,-1,-1,PEUGEOT BOXER,1,E01007655,0,4
2024401489623,2024,401489623,1,19,0,-1,15,3,7,-1,0,0,0,0,0,0,3,1,-1,6,1,65,9,2200,2,3,PEUGEOT BOXER,3,E01028019,0,5
2024302401424,2024,302401424,2,19,0,16,19,8,3,0,0,0,0,0,0,0,1,1,1,1,1,60,9,2200,2,3,PEUGEOT BOXER,8,E01016786,0,5
2024231490472,2024,231490472,2,19,0,-1,3,2,6,-1,0,1,0,0,0,0,2,1,-1,9,1,76,11,-1,-1,-1,PEUGEOT BOXER,10,E01031214,0,1
2024071031262,2024,071031262,2,10,0,-1,19,1,5,-1,0,0,0,10,2,9,1,1,-1,1,2,51,8,-1,-1,-1,PEUGEOT BOXER,10,E01018471,0,1
2024451435707,2024,451435707,1,19,0,-1,9,5,1,-1,0,8,0,0,0,0,3,1,-1,1,1,37,7,2179,2,1,PEUGEOT BOXER,2,E01001515,0,4
2024061441319,2024,061441319,1,19,0,-1,19,1,5,-1,0,8,0,0,0,0,1,1,-1,1,1,27,6,1997,2,6,PEUGEOT BOXER,1,E01005667,0,1
2024010544697,2024,010544697,2,19,0,5,5,3,7,0,0,2,5,0,0,0,1,1,6,6,1,39,7,2200,2,4,PEUGEOT BOXER,5,E01003690,0,1
2024320571479,2024,320571479,1,19,0,-1,-1,4,8,0,0,0,0,0,0,0,3,1,1,1,1,39,7,2179,2,1,PEUGEOT BOXER,3,E01018087,0,4
2024010513953,2024,010513953,1,19,0,18,19,7,3,0,0,2,0,0,0,0,1,1,2,2,1,33,6,1997,2,5,PEUGEOT BOXER,2,E01003591,0,1
2024211400052,2024,211400052,3,19,0,-1,4,6,2,-1,0,0,0,0,0,0,2,1,-1,1,2,49,8,1997,2,6,PEUGEOT BOXER,8,E01014111,0,4
2024440335530,2024,440335530,1,90,0,2,2,3,7,0,0,0,0,0,0,0,2,1,1,1,1,45,7,-1,-1,-1,PEUGEOT BOXER,9,E01017060,0,1
2024010549616,2024,010549616,1,19,0,9,9,3,1,0,0,7,0,0,0,0,1,1,2,2,1,47,8,1997,2,6,PEUGEOT BOXER,10,E01000827,0,3
2024531425130,2024,531425130,2,19,0,-1,4,3,7,-1,0,0,0,0,0,0,2,1,-1,1,1,66,10,-1,-1,-1,PEUGEOT BOXER,4,E01022240,0,4
2024501408302,2024,501408302,1,19,0,-1,19,2,6,-1,0,0,0,0,0,0,1,1,-1,1,1,28,6,2198,2,8,PEUGEOT BOXER,7,E01031961,0,5
2024010536067,2024,010536067,2,19,0,99,99,9,9,99,99,5,9,99,9,99,9,9,6,6,1,40,7,1997,2,3,PEUGEOT BOXER,9,E01003895,0,3
2024361476958,2024,361476958,1,90,0,-1,19,1,5,-1,0,0,0,0,0,0,4,9,-1,6,1,68,10,1997,2,7,PEUGEOT BOXER,3,E01026959,0,5
2024421478081,2024,421478081,2,19,0,-1,19,3,7,-1,0,8,0,0,7,0,1,1,-1,1,1,54,8,2200,2,4,PEUGEOT BOXER,2,E01021711,0,2
2024041481732,2024,041481732,1,19,0,-1,19,3,7,-1,0,0,0,0,0,0,1,1,-1,1,1,36,7,2179,2,1,PEUGEOT BOXER,2,E01012658,0,3
2024061502898,2024,061502898,2,19,0,-1,15,1,1,-1,0,0,0,0,0,0,3,1,-1,1,1,23,5,1997,2,6,PEUGEOT BOXER,-1,-1,0,-1
2024351420156,2024,351420156,3,10,0,-1,19,4,8,-1,0,1,5,0,7,0,3,1,-1,6,1,73,10,2198,2,8,PEUGEOT BOXER,8,E01030107,0,3
2024451410431,2024,451410431,6,19,0,-1,19,4,8,-1,0,0,0,0,0,0,1,1,-1,1,1,64,9,1997,2,6,PEUGEOT BOXER,10,E01016598,0,4
2024361498476,2024,361498476,1,19,0,-1,19,8,4,-1,0,2,0,0,0,0,-1,9,-1,1,1,34,6,2198,2,9,PEUGEOT BOXER,9,E01026527,0,1
2024010498003,2024,010498003,2,19,0,18,19,4,8,0,0,8,0,0,0,0,3,1,6,6,3,-1,-1,2198,2,16,PEUGEOT BOXER,-1,-1,0,-1
2024411432550,2024,411432550,1,90,0,-1,19,1,5,-1,0,0,0,0,0,0,0,1,-1,6,1,70,10,2198,2,10,PEUGEOT BOXER,9,E01023950,0,3
2024041468552,2024,041468552,2,19,0,-1,19,3,7,-1,0,8,0,0,0,0,1,1,-1,1,1,35,6,2179,2,1,PEUGEOT BOXER,8,E01025358,0,2
2024010535606,2024,010535606,1,19,0,9,9,7,5,0,0,6,0,0,0,0,3,1,1,1,1,33,6,2200,2,2,PEUGEOT BOXER,1,E01001562,0,2
2024361472472,2024,361472472,1,19,0,-1,19,3,7,-1,0,8,0,0,0,0,1,1,-1,6,1,30,6,2179,2,0,PEUGEOT BOXER,3,E01026853,0,1
2024991480128,2024,991480128,1,19,0,-1,19,5,8,-1,0,0,0,0,0,0,3,1,-1,1,1,57,9,2200,2,5,PEUGEOT BOXER,9,-1,0,2
2024010509342,2024,010509342,2,19,0,99,99,9,9,99,99,9,9,99,9,99,1,1,6,6,3,-1,-1,2179,2,2,PEUGEOT BOXER,8,E01002483,0,1
2024371460331,2024,371460331,2,19,0,-1,19,1,5,-1,0,0,0,0,0,0,1,1,-1,1,1,47,8,2179,2,1,PEUGEOT BOXER,8,E01035150,0,4
2024201513489,2024,201513489,5,19,0,-1,3,6,2,-1,0,0,0,0,0,0,3,1,-1,1,1,23,5,2200,2,2,PEUGEOT BOXER,2,E01031092,0,4
2024010524300,2024,010524300,2,19,0,17,19,5,1,0,0,8,0,0,0,0,4,1,1,1,1,59,9,-1,-1,-1,PEUGEOT BOXER,5,E01001142,0,4
2024122400315,2024,122400315,2,19,0,4,4,4,8,0,0,2,1,0,0,0,1,1,1,1,1,41,7,2179,2,1,PEUGEOT BOXER,4,E01011447,0,4
2024052400281,2024,052400281,2,19,0,3,3,5,1,0,0,0,0,4,1,11,2,1,1,1,1,53,8,2179,2,2,PEUGEOT BOXER,1,E01007941,0,4
2024411453891,2024,411453891,1,19,0,-1,19,7,3,-1,0,0,0,0,0,0,1,1,-1,1,1,65,9,1997,2,6,PEUGEOT BOXER,4,E01021799,0,4
2024471397706,2024,471397706,1,19,0,-1,19,1,5,-1,0,0,0,0,0,0,3,1,-1,1,1,51,8,1997,2,5,PEUGEOT BOXER,3,E01021050,0,3
2024231492293,2024,231492293,2,19,4,-1,2,0,0,-1,0,0,0,0,0,0,2,9,-1,6,-1,-1,-1,2200,2,3,PEUGEOT BOXER,-1,-1,0,-1
2024351504310,2024,351504310,3,19,-1,-1,-1,-1,-1,-1,-1,-1,-1,-1,-1,0,-1,1,-1,6,1,30,6,2200,2,3,PEUGEOT BOXER,4,E01012801,0,5
2024332400773,2024,332400773,1,19,0,-1,9,3,1,-1,0,8,0,0,0,0,3,1,-1,2,1,55,8,2200,2,5,PEUGEOT BOXER,3,E01025905,0,3
202417L106924,2024,17L106924,1,19,0,-1,9,1,4,-1,0,6,0,0,0,0,1,1,-1,1,1,39,7,2200,2,3,PEUGEOT BOXER,2,E01012216,0,3
2024010500942,2024,010500942,2,19,0,18,19,3,7,0,0,1,0,0,0,0,4,1,1,1,1,47,8,2200,2,4,PEUGEOT BOXER,4,E01000428,0,3
2024461504596,2024,461504596,1,19,0,-1,19,3,8,-1,0,0,0,0,0,0,0,1,-1,1,1,50,8,2179,2,1,PEUGEOT BOXER,6,E01024736,0,1
2024101466002,2024,101466002,1,19,0,-1,4,3,7,-1,0,0,0,0,0,0,1,9,-1,6,1,-1,-1,2200,2,4,PEUGEOT BOXER,-1,-1,0,-1
2024991499464,2024,991499464,2,19,0,-1,9,3,8,-1,0,8,0,0,0,0,1,1,-1,1,1,32,6,2179,2,0,PEUGEOT BOXER,2,-1,0,1
2024010535905,2024,010535905,4,19,0,3,3,6,2,0,0,1,0,0,0,0,2,1,2,2,1,34,6,2200,2,2,PEUGEOT BOXER,3,E01001502,0,2
2024041400863,2024,041400863,2,19,0,-1,19,5,1,-1,0,1,0,0,0,0,2,1,-1,1,1,48,8,1997,2,6,PEUGEOT BOXER,10,E01004792,0,4
2024070898290,2024,070898290,1,10,0,-1,9,1,5,-1,0,5,0,0,0,0,4,1,-1,1,1,63,9,1997,2,5,PEUGEOT BOXER,2,E01018364,0,1
2024041409083,2024,041409083,2,19,0,-1,19,3,8,-1,0,0,0,0,0,0,1,1,-1,1,1,26,6,2179,2,1,PEUGEOT BOXER,2,E01025305,0,4
2024010546827,2024,010546827,1,19,0,99,99,9,9,99,99,9,9,99,9,99,9,9,2,2,1,47,8,1997,2,7,PEUGEOT BOXER,9,E01001121,0,2
2024010510630,2024,010510630,2,19,0,4,4,4,8,0,0,0,0,0,0,0,1,1,6,6,1,46,8,1997,2,6,PEUGEOT BOXER,2,E01032580,0,1
2024010544706,2024,010544706,1,19,0,99,99,9,9,99,99,9,9,99,9,99,2,9,6,6,3,-1,-1,1997,2,6,PEUGEOT BOXER,-1,-1,0,-1
2024231498279,2024,231498279,1,19,0,-1,19,4,8,-1,0,0,0,0,0,0,1,1,-1,1,3,45,7,1997,2,5,PEUGEOT BOXER,-1,-1,0,-1
2024010520856,2024,010520856,1,19,0,2,2,0,0,0,0,0,0,0,0,0,3,1,6,6,3,-1,-1,1997,2,6,PEUGEOT BOXER,-1,-1,0,-1
2024131479190,2024,131479190,1,19,0,-1,2,7,3,-1,0,0,0,0,0,0,3,1,-1,1,1,35,6,2179,2,4,PEUGEOT BOXER,1,E01033279,0,4
2024332400253,2024,332400253,2,19,0,-1,19,6,2,-1,0,0,0,0,0,0,1,1,-1,9,1,46,8,2179,2,0,PEUGEOT BOXER,5,E01025824,0,1
2024211422889,2024,211422889,3,19,0,-1,19,6,2,-1,0,0,0,0,0,0,1,1,-1,2,1,37,7,2179,2,1,PEUGEOT BOXER,7,E01029694,0,4
2024010521826,2024,010521826,1,19,0,1,1,1,5,0,0,0,0,0,0,0,2,1,6,6,3,-1,-1,2179,2,2,PEUGEOT BOXER,-1,-1,0,-1
2024122500222,2024,122500222,1,19,0,18,19,6,2,0,0,1,0,0,0,0,1,1,1,1,1,56,9,1997,2,6,PEUGEOT BOXER,2,E01007595,0,4
2024361414540,2024,361414540,2,19,0,-1,1,7,3,-1,0,1,0,0,0,0,3,1,-1,1,1,64,9,1997,2,7,PEUGEOT BOXER,3,E01026853,0,1
2024010530746,2024,010530746,1,19,0,18,19,5,1,0,0,2,0,0,0,0,1,1,6,6,1,62,9,1997,2,5,PEUGEOT BOXER,2,E01003305,0,1
2024010528140,2024,010528140,1,19,0,2,2,0,0,0,0,1,0,0,0,0,3,1,6,6,3,-1,-1,1997,2,8,PEUGEOT BOXER,-1,-1,0,-1
2024991486264,2024,991486264,1,19,0,-1,19,3,7,-1,0,1,0,0,0,0,1,1,-1,9,1,53,8,2179,2,1,PEUGEOT BOXER,-1,-1,0,-1
2024320167957,2024,320167957,2,19,0,4,4,4,8,0,0,0,0,0,0,0,2,1,6,6,2,32,6,2198,2,16,PEUGEOT BOXER,-1,-1,0,-1
2024332400781,2024,332400781,1,19,0,-1,19,8,4,-1,0,8,0,0,7,0,1,1,-1,2,1,68,10,1997,2,6,PEUGEOT BOXER,3,E01002370,0,5
2024991450387,2024,991450387,1,19,0,-1,19,7,3,-1,0,1,0,0,0,0,3,1,-1,1,1,36,7,1997,2,7,PEUGEOT BOXER,-1,-1,0,-1
2024421506324,2024,421506324,2,19,0,-1,19,1,5,-1,0,1,0,0,7,0,1,1,-1,2,1,39,7,2198,2,9,PEUGEOT BOXER,8,E01022060,0,2
2024320608676,2024,320608676,1,19,0,9,9,2,8,0,0,6,0,0,0,0,3,1,6,6,1,31,6,1997,2,6,PEUGEOT BOXER,-1,-1,0,-1
2024010544163,2024,010544163,2,19,9,99,99,9,9,99,99,9,9,99,9,99,9,9,6,6,3,-1,-1,1997,2,7,PEUGEOT BOXER,-1,-1,0,-1
2024061503422,2024,061503422,1,10,0,-1,2,5,7,-1,0,8,0,0,0,0,1,1,-1,6,1,33,6,2198,2,9,PEUGEOT BOXER,9,E01005418,0,2
2024351406777,2024,351406777,1,10,0,-1,3,5,1,-1,0,0,0,0,0,0,3,1,-1,7,1,66,10,2198,2,8,PEUGEOT BOXER,9,E01018252,0,2
2024411579029,2024,411579029,1,9,0,-1,9,7,3,-1,0,2,0,0,0,0,4,1,-1,6,1,54,8,2200,2,4,PEUGEOT BOXER,5,E01023687,0,1
2024411482321,2024,411482321,2,19,0,-1,19,4,8,-1,0,3,0,0,0,0,2,1,-1,1,1,34,6,2200,2,4,PEUGEOT BOXER,1,E01005091,0,5
2024201410281,2024,201410281,2,19,0,-1,9,7,4,-1,0,6,0,0,0,0,4,9,-1,2,1,61,9,2200,2,4,PEUGEOT BOXER,4,E01009243,0,2
2024991494218,2024,991494218,1,19,0,-1,19,2,6,-1,0,0,0,4,0,0,3,1,-1,1,1,37,7,2198,2,15,PEUGEOT BOXER,2,-1,0,1
202454E908424,2024,54E908424,2,19,0,18,19,3,7,0,0,0,0,0,5,6,2,1,1,1,1,48,8,1997,2,8,PEUGEOT BOXER,4,E01015933,0,5
2024010544596,2024,010544596,1,10,0,99,99,9,9,99,99,9,9,99,9,99,2,1,6,6,2,54,8,2179,2,0,PEUGEOT BOXER,7,E01032571,0,2
2024141413769,2024,141413769,1,19,0,-1,6,2,6,-1,0,0,0,0,0,0,3,1,-1,9,1,24,5,2179,2,1,PEUGEOT BOXER,7,E01007818,0,3
2024531524443,2024,531524443,1,19,0,-1,19,7,3,-1,0,2,0,0,0,0,1,1,-1,1,1,28,6,2179,2,1,PEUGEOT BOXER,8,E01032373,0,4
2024010531215,2024,010531215,1,19,0,9,9,7,4,0,0,6,0,0,0,0,3,1,1,1,1,36,7,2200,2,3,PEUGEOT BOXER,8,E01000236,0,2
2024211501822,2024,211501822,1,20,0,-1,19,5,1,-1,0,0,0,0,0,0,3,1,-1,1,1,44,7,-1,-1,-1,PEUGEOT BOXER,-1,-1,0,-1
2024622400080,2024,622400080,1,19,0,18,19,7,3,0,0,0,0,0,0,0,1,1,1,1,2,28,6,-1,-1,-1,PEUGEOT BOXER,4,W01000947,0,4
2024201461048,2024,201461048,2,19,0,-1,19,6,2,-1,0,8,0,0,0,0,1,1,-1,1,1,52,8,2200,2,4,PEUGEOT BOXER,-1,-1,0,-1
2024552400198,2024,552400198,1,19,0,18,19,6,2,0,0,0,0,0,0,0,4,1,1,1,1,73,10,1997,2,5,PEUGEOT BOXER,8,E01015297,0,2
2024461396165,2024,461396165,1,19,0,-1,7,6,2,-1,0,1,0,0,0,0,4,9,-1,6,1,46,8,2198,2,10,PEUGEOT BOXER,8,E01033088,0,4
2024471518734,2024,471518734,1,19,0,-1,5,7,3,-1,0,8,0,0,0,0,3,1,-1,1,1,50,8,2179,2,1,PEUGEOT BOXER,8,E01004131,0,4
2024131520855,2024,131520855,1,90,0,-1,19,7,3,-1,0,4,0,0,3,0,4,1,-1,1,1,65,9,2200,2,3,PEUGEOT BOXER,2,E01011594,0,1
2024161426153,2024,161426153,1,19,0,-1,19,7,3,-1,0,0,0,0,0,0,1,1,-1,1,1,66,10,2200,2,3,PEUGEOT BOXER,1,E01012837,0,4
2024122400415,2024,122400415,1,19,0,18,19,3,7,6,6,1,0,0,3,4,1,1,6,6,1,39,7,2200,2,4,PEUGEOT BOXER,8,E01011930,0,4
2024544543924,2024,544543924,1,19,0,18,19,3,7,0,0,0,0,0,0,0,1,1,1,1,1,64,9,2198,2,10,PEUGEOT BOXER,3,E01031896,0,2
2024991454937,2024,991454937,1,19,0,-1,19,6,2,-1,0,0,0,0,0,0,2,1,-1,1,1,61,9,2200,2,5,PEUGEOT BOXER,-1,-1,0,-1
2024141475686,2024,141475686,2,19,0,-1,19,1,5,-1,0,0,0,0,0,0,4,1,-1,6,-1,-1,-1,2179,2,0,PEUGEOT BOXER,-1,-1,0,-1
2024010546982,2024,010546982,2,19,0,99,99,9,9,99,99,9,9,99,9,99,9,9,6,6,3,61,9,1997,2,7,PEUGEOT BOXER,6,E01003311,0,1
2024122400542,2024,122400542,1,19,0,1,1,4,8,0,0,0,0,0,0,0,2,1,1,1,1,49,8,2179,2,1,PEUGEOT BOXER,2,E01007533,0,4
2024991476295,2024,991476295,2,19,0,-1,2,7,7,-1,0,0,0,4,0,0,1,1,-1,6,1,53,8,2179,2,0,PEUGEOT BOXER,3,-1,0,1
2024010529914,2024,010529914,1,19,0,7,7,5,7,0,0,5,0,0,0,0,4,1,1,1,1,38,7,2200,2,4,PEUGEOT BOXER,4,E01001737,0,1
2024501412960,2024,501412960,2,19,0,-1,19,2,6,-1,0,0,0,0,0,0,4,9,-1,6,1,21,5,2179,2,1,PEUGEOT BOXER,1,W01001659,0,5
2024471435682,2024,471435682,2,10,0,-1,19,6,2,-1,0,2,0,0,0,0,3,9,-1,6,2,37,7,2179,2,1,PEUGEOT BOXER,9,E01031722,0,2
2024421434806,2024,421434806,1,19,0,-1,1,8,4,-1,0,0,0,0,0,0,2,1,-1,1,1,50,8,1997,2,7,PEUGEOT BOXER,4,E01001420,0,3
2024461474263,2024,461474263,4,19,0,-1,19,7,3,-1,0,2,0,0,0,0,1,1,-1,1,1,44,7,2179,2,1,PEUGEOT BOXER,5,E01035273,0,4
2024430336208,2024,430336208,1,19,0,7,7,7,3,0,0,1,0,0,0,0,1,1,1,1,1,22,5,2198,2,9,PEUGEOT BOXER,9,E01035750,0,3
2024211522352,2024,211522352,2,20,0,-1,10,-1,-1,-1,0,0,0,99,0,0,1,1,-1,6,1,-1,-1,-1,-1,-1,PEUGEOT BOXER,2,E01032896,0,1
2024302401102,2024,302401102,1,19,0,18,19,8,4,0,0,1,0,0,0,0,3,1,6,6,1,35,6,2200,2,4,PEUGEOT BOXER,10,E01025790,0,4
2024991409488,2024,991409488,1,19,0,-1,19,3,7,-1,0,0,0,0,0,0,1,1,-1,1,1,35,6,2198,2,9,PEUGEOT BOXER,2,E01001428,0,5
2024201532913,2024,201532913,1,19,0,-1,19,8,4,-1,0,0,1,7,5,7,3,1,-1,9,1,56,9,2198,2,9,PEUGEOT BOXER,2,W01000182,0,5
2024122400762,2024,122400762,2,19,0,17,19,7,3,0,0,0,0,0,0,0,1,1,6,6,1,55,8,1997,2,6,PEUGEOT BOXER,4,E01027374,0,5
2024010501121,2024,010501121,1,19,0,16,19,2,6,0,0,2,0,4,0,0,1,1,1,1,1,67,10,2179,2,1,PEUGEOT BOXER,2,E01000056,0,2
2024010495110,2024,010495110,1,20,0,5,5,3,7,0,0,1,0,0,0,0,1,1,6,6,3,-1,-1,-1,-1,-1,PEUGEOT BOXER,-1,-1,0,-1
2024122400599,2024,122400599,1,19,0,18,19,3,7,0,0,0,2,0,0,0,1,1,6,6,2,43,7,2198,2,10,PEUGEOT BOXER,7,E01026329,0,5
2024430617937,2024,430617937,1,19,0,18,19,5,1,0,0,0,0,0,0,0,4,1,1,1,1,47,8,2179,2,0,PEUGEOT BOXER,-1,-1,0,-1
2024430444816,2024,430444816,1,19,0,18,19,3,7,0,0,0,0,0,0,0,1,1,1,1,1,30,6,2179,2,0,PEUGEOT BOXER,2,E01013654,0,5
2024311510957,2024,311510957,3,90,0,-1,19,1,5,-1,0,0,0,4,7,0,1,1,-1,9,1,74,10,2198,2,8,PEUGEOT BOXER,-1,-1,0,-1
2024010504172,2024,010504172,1,19,0,99,99,9,9,99,99,9,9,99,9,99,9,9,6,6,1,29,6,1997,2,5,PEUGEOT BOXER,3,E01004696,0,2
2024610032324,2024,610032324,1,19,0,18,19,2,6,0,0,0,0,0,0,0,4,1,6,6,1,69,10,-1,-1,-1,PEUGEOT BOXER,8,W01001565,0,1
2024440018621,2024,440018621,1,19,0,18,19,2,6,0,0,0,0,0,0,0,1,1,2,2,1,38,7,2179,2,2,PEUGEOT BOXER,1,E01000595,0,4
2024501439235,2024,501439235,1,20,0,-1,19,6,3,-1,0,6,0,0,0,0,3,1,-1,1,1,48,8,-1,-1,-1,PEUGEOT BOXER,5,E01020147,0,4
2024371486247,2024,371486247,3,19,0,-1,10,5,7,-1,0,1,0,0,0,0,4,1,-1,6,1,41,7,2198,2,9,PEUGEOT BOXER,6,E01029926,0,3
2024461469011,2024,461469011,1,19,0,-1,5,7,5,-1,0,4,0,4,0,0,1,1,-1,2,1,52,8,1997,2,5,PEUGEOT BOXER,5,E01035273,0,1
2024311464694,2024,311464694,1,19,0,-1,19,1,5,-1,0,0,1,0,1,0,2,1,-1,1,1,52,8,2198,2,11,PEUGEOT BOXER,1,E01028301,0,2
2024501531037,2024,501531037,1,19,0,-1,12,4,8,-1,0,0,0,0,0,0,3,1,-1,2,1,23,5,2200,2,2,PEUGEOT BOXER,3,E01018873,0,4
2024461435423,2024,461435423,2,19,0,-1,3,3,3,-1,0,0,0,0,0,0,3,9,-1,6,1,29,6,1997,2,6,PEUGEOT BOXER,6,E01035330,0,5
2024401401652,2024,401401652,1,19,0,-1,19,8,6,-1,0,1,0,0,0,0,1,9,-1,1,1,35,6,2198,2,10,PEUGEOT BOXER,2,E01015735,0,1