collision_index,collision_year,collision_ref_no,vehicle_reference,vehicle_type,towing_and_articulation,vehicle_manoeuvre_historic,vehicle_manoeuvre,vehicle_direction_from,vehicle_direction_to,vehicle_location_restricted_lane_historic,vehicle_location_restricted_lane,junction_location,skidding_and_overturning,hit_object_in_carriageway,vehicle_leaving_carriageway,hit_object_off_carriageway,first_point_of_impact,vehicle_left_hand_drive,journey_purpose_of_driver_historic,journey_purpose_of_driver,sex_of_driver,age_of_driver,age_band_of_driver,engine_capacity_cc,propulsion_code,age_of_vehicle,generic_make_model,driver_imd_decile,lsoa_of_driver,escooter_flag,driver_distance_banding
2024041497126,2024,041497126,1,19,0,-1,19,1,5,-1,0,0,0,4,0,0,4,1,-1,2,1,40,7,2200,2,3,PEUGEOT BOXER,7,E01012718,0,1
2024340WN7362,2024,340WN7362,1,19,0,-1,19,8,4,-1,0,0,0,2,0,0,4,1,-1,6,1,-1,-1,2200,2,3,PEUGEOT BOXER,-1,-1,0,-1
2024010513288,2024,010513288,1,19,0,99,99,9,9,99,99,9,9,99,9,99,2,9,6,6,3,-1,-1,1997,2,6,PEUGEOT BOXER,-1,-1,0,-1
2024520001119,2024,520001119,2,19,0,18,19,6,2,0,0,0,0,0,0,0,1,1,6,6,1,60,9,2200,2,4,PEUGEOT BOXER,7,E01014917,0,3
2024411541196,2024,411541196,1,19,0,-1,19,2,6,-1,0,0,0,0,0,0,4,1,-1,1,1,35,6,1997,2,6,PEUGEOT BOXER,9,E01017398,0,4
2024311410872,2024,311410872,1,19,0,-1,19,2,4,-1,0,8,0,0,0,0,1,1,-1,6,1,40,7,1997,2,6,PEUGEOT BOXER,8,E01026200,0,4
2024401406708,2024,401406708,1,19,0,-1,4,5,1,-1,0,0,0,0,0,0,1,1,-1,1,1,39,7,2198,2,10,PEUGEOT BOXER,4,E01015798,0,3
2024991424422,2024,991424422,1,19,0,-1,19,6,2,-1,0,0,0,0,0,0,1,1,-1,6,1,55,8,2200,2,2,PEUGEOT BOXER,10,-1,0,4
2024201508563,2024,201508563,1,19,0,-1,11,4,8,-1,0,0,0,0,0,0,1,1,-1,6,1,52,8,1997,2,8,PEUGEOT BOXER,1,E01009491,0,1
2024332400496,2024,332400496,1,19,0,-1,19,5,1,-1,0,0,0,0,0,0,0,1,-1,6,1,58,9,2198,2,16,PEUGEOT BOXER,-1,-1,0,-1
2024361504029,2024,361504029,1,19,0,-1,5,1,5,-1,0,1,0,0,0,0,1,1,-1,1,1,-1,-1,2179,2,1,PEUGEOT BOXER,6,E01026902,0,3
2024061529568,2024,061529568,3,10,0,-1,19,1,1,-1,0,0,0,0,0,0,1,2,-1,1,3,30,6,1997,2,7,PEUGEOT BOXER,-1,-1,0,-1
2024010512265,2024,010512265,3,19,0,3,3,7,3,0,0,2,0,0,0,0,3,1,1,1,1,48,8,1997,2,6,PEUGEOT BOXER,4,E01003212,0,1
2024421527102,2024,421527102,1,19,0,-1,7,1,3,-1,0,6,0,0,1,0,3,1,-1,2,1,33,6,2200,2,3,PEUGEOT BOXER,5,E01021670,0,3
2024401507120,2024,401507120,1,19,0,-1,-1,-1,-1,-1,-1,-1,-1,-1,-1,0,-1,9,-1,6,1,-1,-1,1997,2,7,PEUGEOT BOXER,-1,-1,0,-1
2024071062515,2024,071062515,1,19,0,-1,12,5,1,-1,0,0,0,0,0,0,3,1,-1,6,3,-1,-1,2179,2,1,PEUGEOT BOXER,-1,-1,0,-1
2024010524903,2024,010524903,1,19,0,18,19,1,5,0,0,0,0,4,0,0,1,1,2,2,1,24,5,1997,2,7,PEUGEOT BOXER,1,E01016904,0,4
2024201471938,2024,201471938,1,10,0,-1,9,4,3,-1,0,6,0,0,0,0,1,9,-1,1,2,52,8,1997,2,5,PEUGEOT BOXER,2,E01010535,0,1
2024131505615,2024,131505615,1,90,0,-1,19,6,2,-1,0,1,0,0,1,11,1,1,-1,9,1,74,10,1997,2,19,PEUGEOT BOXER,3,E01011033,0,3
2024471444023,2024,471444023,1,19,0,-1,19,5,1,-1,0,0,0,0,0,0,1,1,-1,1,1,32,6,2200,2,3,PEUGEOT BOXER,8,E01021029,0,1
2024010511909,2024,010511909,1,19,0,9,9,5,3,0,0,5,0,0,0,0,3,1,1,1,1,48,8,2198,2,9,PEUGEOT BOXER,4,E01004453,0,4
2024320473201,2024,320473201,1,19,0,1,1,7,3,0,0,1,0,0,0,0,2,1,1,1,1,22,5,2179,2,1,PEUGEOT BOXER,3,E01013656,0,4
2024991407908,2024,991407908,1,19,0,-1,4,6,2,-1,0,1,0,0,0,0,1,1,-1,1,1,25,5,2198,2,9,PEUGEOT BOXER,-1,-1,0,-1
2024010546025,2024,010546025,1,9,0,18,19,2,6,0,0,2,0,4,0,0,1,1,6,6,3,-1,-1,1997,2,6,PEUGEOT BOXER,-1,-1,0,-1
2024010510541,2024,010510541,2,19,0,99,99,9,9,99,99,9,9,99,9,99,9,9,6,6,3,55,8,2200,2,4,PEUGEOT BOXER,3,E01022649,0,5
2024501420053,2024,501420053,1,9,0,-1,19,5,1,-1,0,0,0,0,0,0,3,1,-1,6,1,58,9,1997,2,7,PEUGEOT BOXER,9,E01020316,0,4
2024041489689,2024,041489689,3,90,0,-1,19,5,1,-1,0,0,0,0,0,0,1,1,-1,9,1,81,11,2446,2,25,PEUGEOT BOXER,7,E01007245,0,4
2024320664191,2024,320664191,1,19,0,5,5,6,2,0,0,1,0,0,0,0,1,1,1,1,1,62,9,2200,2,5,PEUGEOT BOXER,3,E01011098,0,4
2024622400316,2024,622400316,1,20,0,1,1,8,4,0,0,1,0,0,0,0,2,1,1,1,1,53,8,-1,-1,-1,PEUGEOT BOXER,7,W01001236,0,1
2024540288824,2024,540288824,2,19,0,4,4,5,1,0,0,0,0,0,0,0,1,1,1,1,1,58,9,2179,2,1,PEUGEOT BOXER,10,E01022709,0,4
2024461520528,2024,461520528,2,20,0,-1,19,6,1,-1,0,0,0,0,2,0,4,1,-1,9,1,39,7,-1,-1,-1,PEUGEOT BOXER,3,E01024486,0,3
2024010507552,2024,010507552,1,19,0,99,99,9,9,99,99,6,9,99,9,99,9,9,1,1,1,41,7,1997,2,7,PEUGEOT BOXER,9,E01023847,0,4
2024991461109,2024,991461109,2,20,0,-1,19,6,2,-1,0,0,1,10,0,0,1,1,-1,1,1,32,6,-1,-1,-1,PEUGEOT BOXER,8,-1,0,4
2024052400698,2024,052400698,1,19,0,18,19,1,5,0,0,1,0,0,0,0,1,1,1,1,1,29,6,1997,2,6,PEUGEOT BOXER,1,E01006437,0,2
2024010512051,2024,010512051,2,19,0,5,5,5,1,0,0,2,0,0,0,0,1,2,6,6,1,35,6,2200,2,4,PEUGEOT BOXER,5,E01021822,0,4
2024531461942,2024,531461942,2,19,0,-1,2,0,0,-1,0,0,0,0,0,0,2,1,-1,6,-1,-1,-1,2179,2,1,PEUGEOT BOXER,-1,-1,0,-1
2024421518966,2024,421518966,1,19,0,-1,19,5,1,-1,0,0,0,0,0,0,1,1,-1,6,1,45,7,2179,2,1,PEUGEOT BOXER,-1,-1,0,-1
2024351484938,2024,351484938,1,19,-1,-1,-1,-1,-1,-1,-1,-1,-1,-1,-1,0,-1,9,-1,6,1,34,6,2179,2,1,PEUGEOT BOXER,5,E01018233,0,2
2024221504602,2024,221504602,1,19,0,-1,19,5,2,-1,0,0,1,0,1,4,1,1,-1,1,1,22,5,2179,2,2,PEUGEOT BOXER,6,E01032457,0,4
2024991445650,2024,991445650,1,19,0,-1,2,1,6,-1,0,0,0,0,0,0,0,1,-1,9,1,37,7,2200,2,4,PEUGEOT BOXER,7,-1,0,5
2024440378816,2024,440378816,3,19,0,18,19,2,6,0,0,1,0,0,0,0,4,1,1,1,1,22,5,2200,2,3,PEUGEOT BOXER,9,E01030781,0,3
2024141495563,2024,141495563,4,19,0,-1,19,1,5,-1,0,0,0,0,0,0,2,1,-1,1,1,44,7,2179,2,1,PEUGEOT BOXER,2,E01007627,0,3
2024451487214,2024,451487214,3,90,0,-1,19,3,7,-1,0,0,0,0,0,0,4,1,-1,9,1,58,9,1997,2,20,PEUGEOT BOXER,9,E01022307,0,5
2024010548860,2024,010548860,1,10,0,9,9,7,5,0,0,5,0,0,0,0,0,2,6,6,3,24,5,2179,2,0,PEUGEOT BOXER,3,E01029359,0,5
2024552400943,2024,552400943,1,19,4,18,19,2,6,0,0,0,0,0,7,0,1,1,6,6,1,67,10,-1,-1,-1,PEUGEOT BOXER,10,E01031927,0,4
2024131464586,2024,131464586,1,19,0,-1,19,4,8,-1,0,0,0,0,0,0,1,1,-1,1,1,69,10,2200,2,2,PEUGEOT BOXER,8,E01008025,0,4
2024622400551,2024,622400551,2,19,0,4,4,8,4,0,0,4,0,0,0,0,1,1,6,6,1,54,8,2179,2,0,PEUGEOT BOXER,10,W01001134,0,3
2024451509019,2024,451509019,2,90,0,-1,19,5,1,-1,0,0,1,0,0,0,1,1,-1,9,1,70,10,1997,2,21,PEUGEOT BOXER,10,E01030620,0,1
2024522401225,2024,522401225,1,20,0,4,4,8,4,0,0,0,0,0,0,0,2,1,6,6,1,61,9,2179,2,1,PEUGEOT BOXER,7,W01000680,0,5
2024440269645,2024,440269645,1,19,0,18,19,1,5,0,0,8,0,0,0,0,4,1,6,6,1,36,7,2198,2,14,PEUGEOT BOXER,4,E01017042,0,1
2024501485943,2024,501485943,1,19,0,-1,19,4,8,-1,0,0,0,0,0,0,1,1,-1,9,1,77,11,-1,-1,-1,PEUGEOT BOXER,2,E01020014,0,4
2024461456601,2024,461456601,1,19,0,-1,19,7,3,-1,0,1,0,0,0,0,1,9,-1,6,1,44,7,1997,2,7,PEUGEOT BOXER,8,E01016132,0,3
202454A477424,2024,54A477424,1,19,0,5,5,2,6,0,0,6,0,0,0,0,3,1,1,1,1,47,8,2179,2,0,PEUGEOT BOXER,4,E01005217,0,5
2024052400278,2024,052400278,1,19,0,18,19,8,4,0,0,1,0,0,0,0,4,1,2,2,1,27,6,2200,2,3,PEUGEOT BOXER,1,E01007122,0,1
2024201483738,2024,201483738,1,19,0,-1,9,6,4,-1,0,2,1,0,0,0,1,9,-1,1,1,49,8,2200,2,5,PEUGEOT BOXER,1,E01009651,0,1
2024052402190,2024,052402190,2,19,0,18,19,7,3,0,0,2,0,0,0,0,2,1,2,2,1,47,8,1997,2,5,PEUGEOT BOXER,4,E01024624,0,5
2024141513167,2024,141513167,2,19,0,-1,2,0,0,-1,0,2,0,0,0,0,2,1,-1,6,1,30,6,2179,2,1,PEUGEOT BOXER,1,E01007352,0,1
2024061456440,2024,061456440,1,19,0,-1,19,3,7,-1,0,1,0,0,0,0,4,1,-1,1,1,50,8,2179,2,1,PEUGEOT BOXER,6,E01025176,0,4
202417M209824,2024,17M209824,2,10,0,-1,19,6,2,-1,0,0,0,0,0,0,1,1,-1,1,1,61,9,-1,-1,-1,PEUGEOT BOXER,2,E01020773,0,4
2024991532171,2024,991532171,1,19,0,-1,19,6,2,-1,0,0,0,4,0,0,4,1,-1,1,1,55,8,2200,2,3,PEUGEOT BOXER,6,-1,0,1
2024991460640,2024,991460640,2,10,0,-1,19,2,5,-1,0,1,0,0,0,0,4,1,-1,7,1,64,9,1997,2,6,PEUGEOT BOXER,-1,-1,0,-1
2024531474324,2024,531474324,2,19,0,-1,4,5,1,-1,0,1,0,0,0,0,2,1,-1,1,1,53,8,2198,2,9,PEUGEOT BOXER,1,E01034792,0,3
2024010519945,2024,010519945,4,10,0,4,4,7,3,0,0,0,1,0,0,0,2,1,1,1,1,29,6,2200,2,4,PEUGEOT BOXER,10,E01017935,0,4
2024501503442,2024,501503442,1,19,0,-1,4,1,5,-1,0,2,0,0,0,0,1,1,-1,1,1,37,7,2198,2,8,PEUGEOT BOXER,5,E01034847,0,4
2024451526703,2024,451526703,1,19,0,-1,5,1,5,-1,9,1,0,0,0,0,1,1,-1,1,1,33,6,1997,2,7,PEUGEOT BOXER,1,E01001013,0,4
2024631474390,2024,631474390,2,90,0,-1,19,7,3,-1,0,8,0,0,0,0,1,1,-1,6,1,77,11,2446,2,23,PEUGEOT BOXER,5,W01000599,0,2
2024430577685,2024,430577685,4,19,0,18,19,5,1,0,0,0,0,0,0,0,2,1,1,1,1,44,7,2200,2,3,PEUGEOT BOXER,1,E01008086,0,5
2024991467918,2024,991467918,1,19,0,-1,19,1,5,-1,0,0,0,0,0,0,1,1,-1,1,1,44,7,1997,2,7,PEUGEOT BOXER,3,-1,0,3
2024471449088,2024,471449088,1,11,0,-1,3,7,3,-1,0,1,0,0,0,0,4,1,-1,6,1,60,9,2179,2,3,PEUGEOT BOXER,-1,-1,0,-1
2024311465506,2024,311465506,2,19,0,-1,19,7,3,-1,0,0,0,0,1,0,2,1,-1,2,1,53,8,2198,2,8,PEUGEOT BOXER,7,E01027999,0,2
2024101489969,2024,101489969,2,10,0,-1,7,3,5,-1,0,1,0,0,0,0,0,9,-1,7,2,35,6,2198,2,10,PEUGEOT BOXER,-1,-1,0,-1
2024991409841,2024,991409841,2,19,0,-1,2,0,0,-1,9,0,0,0,0,0,2,1,-1,6,-1,-1,-1,2198,2,9,PEUGEOT BOXER,-1,-1,0,-1
2024471503262,2024,471503262,1,9,0,-1,19,1,5,-1,0,0,0,11,0,0,4,1,-1,9,1,27,6,1994,1,25,-1,2,E01020998,0,4
2024131525801,2024,131525801,4,9,0,-1,2,0,0,-1,0,8,0,0,0,0,2,1,-1,6,-1,-1,-1,1994,1,17,-1,-1,-1,0,-1
2024141396526,2024,141396526,2,9,0,-1,9,6,4,-1,0,0,0,0,7,0,1,1,-1,9,1,43,7,1994,1,25,-1,-1,-1,0,-1
2024522403101,2024,522403101,1,9,0,4,4,7,3,0,0,0,0,0,0,0,2,1,6,6,1,36,7,1994,1,11,-1,9,E01014785,0,3
2024991431511,2024,991431511,1,9,0,-1,19,2,6,-1,0,0,0,0,7,0,1,1,-1,9,1,60,9,1999,1,18,-1,3,-1,0,2
2024211532641,2024,211532641,1,17,0,-1,2,4,8,-1,0,0,0,0,0,0,2,1,-1,1,1,67,10,4399,2,18,-1,7,E01029516,0,3
202460Q089761,2024,60Q089761,1,17,4,18,19,5,1,0,0,0,5,0,7,9,3,1,1,1,1,18,4,-1,2,8,-1,-1,-1,0,-1
2024440099215,2024,440099215,1,17,4,18,19,2,6,0,0,0,5,0,1,4,1,1,1,1,1,40,7,-1,2,13,-1,10,E01022606,0,2
2024221499015,2024,221499015,2,17,4,-1,19,6,8,-1,0,0,0,0,0,0,1,1,-1,1,1,57,9,7365,2,4,-1,8,E01014179,0,2
2024991500859,2024,991500859,1,17,4,-1,19,4,8,-1,0,0,0,0,1,0,3,1,-1,1,1,69,10,7365,2,7,-1,8,-1,0,1
2024122401070,2024,122401070,2,17,4,9,9,3,1,0,0,0,0,0,0,0,3,1,2,2,1,17,4,7400,2,0,-1,8,E01027693,0,2
2024201528332,2024,201528332,1,17,4,-1,11,1,5,-1,0,8,0,0,0,0,1,1,-1,6,1,30,6,4910,2,6,-1,5,E01010115,0,3
2024131458174,2024,131458174,2,4,0,-1,19,3,5,-1,0,1,0,0,0,0,1,1,-1,9,1,50,8,197,1,33,-1,8,E01010971,0,1
2024501452603,2024,501452603,1,4,0,-1,19,2,6,-1,0,0,1,0,0,0,4,1,-1,9,1,64,9,197,1,44,-1,4,E01020032,0,4
2024440252912,2024,440252912,2,3,0,18,19,7,3,0,0,1,0,0,0,0,1,1,6,6,2,52,8,125,1,44,-1,5,E01023079,0,4
2024451476028,2024,451476028,2,3,0,-1,19,3,7,-1,0,1,0,0,0,0,1,1,-1,9,1,67,10,90,1,-1,-1,6,E01030833,0,1
2024371474177,2024,371474177,2,3,0,-1,12,6,2,-1,0,1,0,0,0,0,-1,1,-1,6,2,57,9,121,1,46,-1,8,E01030237,0,1
2024320634097,2024,320634097,2,4,0,-1,-1,2,6,0,0,1,0,0,0,0,4,1,6,6,1,55,8,225,1,41,-1,7,E01026096,0,1
2024461475030,2024,461475030,2,2,0,-1,19,-1,-1,-1,0,-1,0,0,0,0,-1,1,-1,6,1,-1,-1,50,1,48,-1,8,E01024060,0,1
2024471475853,2024,471475853,2,3,0,-1,14,7,3,-1,0,1,0,0,0,0,4,1,-1,9,1,54,8,125,1,52,-1,10,E01031690,0,1
2024010532171,2024,010532171,1,9,0,99,99,9,9,99,99,9,9,99,9,99,9,9,6,6,3,-1,-1,1395,1,5,VOLKSWAGEN SHARAN,3,E01002086,0,1
2024461415591,2024,461415591,1,9,0,-1,19,6,1,-1,0,0,0,0,0,0,1,9,-1,6,2,50,8,1968,2,6,VOLKSWAGEN SHARAN,7,E01024459,0,1
2024010521245,2024,010521245,2,8,0,6,6,3,3,0,0,0,0,0,0,0,4,1,1,1,1,46,8,1968,2,5,VOLKSWAGEN SHARAN,4,E01000531,0,2
2024461468618,2024,461468618,1,9,0,-1,19,5,1,-1,0,1,0,0,0,0,1,9,-1,6,3,-1,-1,1968,2,18,VOLKSWAGEN SHARAN,-1,-1,0,-1
2024061517187,2024,061517187,2,9,0,-1,19,7,3,-1,0,1,0,0,0,0,2,1,-1,6,1,58,9,1968,2,6,VOLKSWAGEN SHARAN,1,E01019158,0,4
2024010529292,2024,010529292,2,9,0,5,5,1,5,0,0,1,0,0,0,0,1,1,1,1,1,64,9,1968,2,5,VOLKSWAGEN SHARAN,2,E01033713,0,1
2024201457430,2024,201457430,1,9,0,-1,19,2,6,-1,0,2,0,0,0,0,1,9,-1,6,3,-1,-1,1968,2,4,VOLKSWAGEN SHARAN,-1,-1,0,-1
2024010546566,2024,010546566,1,9,0,-1,-1,2,6,0,0,8,0,0,0,0,1,1,6,6,1,62,9,1968,2,5,VOLKSWAGEN SHARAN,4,E01003018,0,3
2024010534895,2024,010534895,1,9,0,-1,-1,5,1,0,0,1,0,0,0,0,1,1,1,1,1,45,7,1968,2,5,VOLKSWAGEN SHARAN,2,E01031555,0,4
2024201499899,2024,201499899,1,9,0,-1,19,3,7,-1,9,6,0,0,0,0,1,1,-1,9,2,34,6,1968,2,11,VOLKSWAGEN SHARAN,3,E01009003,0,1
2024010487311,2024,010487311,1,9,0,5,5,5,1,0,0,6,1,0,0,0,1,1,2,2,1,28,6,1395,1,3,VOLKSWAGEN SHARAN,6,E01004381,0,1
2024111532882,2024,111532882,1,9,0,-1,19,1,5,-1,0,0,1,0,0,0,1,1,-1,6,2,-1,-1,1968,2,11,VOLKSWAGEN SHARAN,-1,-1,0,-1
2024501438441,2024,501438441,1,9,0,-1,19,7,3,-1,0,0,2,0,1,0,1,1,-1,2,1,30,6,1896,2,17,VOLKSWAGEN SHARAN,4,E01020041,0,1
2024211415534,2024,211415534,1,9,0,-1,19,8,5,-1,0,0,0,0,0,0,1,9,-1,6,1,42,7,1968,2,13,VOLKSWAGEN SHARAN,1,E01014358,0,1
2024421460360,2024,421460360,2,9,0,-1,19,2,6,-1,0,1,0,0,0,0,2,9,-1,1,1,54,8,1968,2,5,VOLKSWAGEN SHARAN,2,E01032787,0,4
2024430185936,2024,430185936,2,9,0,18,19,8,4,0,0,1,0,0,0,0,1,1,6,6,1,-1,-1,1968,2,11,VOLKSWAGEN SHARAN,-1,-1,0,-1
2024131526154,2024,131526154,2,9,0,-1,19,1,1,-1,0,1,0,0,0,0,4,1,-1,1,1,65,9,1968,2,9,VOLKSWAGEN SHARAN,2,E01011448,0,1
2024061450140,2024,061450140,1,9,-1,-1,-1,-1,-1,-1,-1,0,-1,-1,-1,0,-1,9,-1,6,1,-1,-1,1968,2,4,VOLKSWAGEN SHARAN,-1,-1,0,-1
2024010529315,2024,010529315,3,9,0,2,2,0,0,0,0,1,0,0,0,0,1,1,6,6,3,-1,-1,1968,2,5,VOLKSWAGEN SHARAN,-1,-1,0,-1
2024401538489,2024,401538489,1,9,0,-1,19,1,5,-1,0,1,0,0,0,0,1,1,-1,2,2,44,7,1968,2,10,VOLKSWAGEN SHARAN,3,E01017493,0,1
2024010542348,2024,010542348,5,9,0,8,8,7,2,0,0,8,0,4,0,0,2,1,2,2,1,48,8,1968,2,4,VOLKSWAGEN SHARAN,6,E01002220,0,1
2024451416861,2024,451416861,1,9,0,-1,5,3,7,-1,0,1,0,0,0,0,3,1,-1,1,1,39,7,1896,2,15,VOLKSWAGEN SHARAN,4,E01030981,0,3
2024211535305,2024,211535305,2,9,0,-1,2,0,0,-1,9,0,0,0,1,0,1,1,-1,1,1,39,7,1968,2,9,VOLKSWAGEN SHARAN,1,E01014354,0,1
2024991461969,2024,991461969,2,9,0,-1,19,8,3,-1,0,0,0,0,0,0,1,1,-1,9,2,47,8,1968,2,8,VOLKSWAGEN SHARAN,10,-1,0,4
2024010537573,2024,010537573,1,9,0,9,9,5,3,4,4,0,0,0,0,0,4,1,1,1,1,65,9,1968,2,7,VOLKSWAGEN SHARAN,4,E01000068,0,4
2024052401099,2024,052401099,2,9,0,18,19,1,5,0,0,8,0,0,0,0,4,1,1,1,2,51,8,1896,2,15,VOLKSWAGEN SHARAN,3,E01007114,0,1
2024991453451,2024,991453451,1,8,0,-1,6,3,3,-1,0,0,0,0,0,0,3,1,-1,1,1,51,8,1968,2,5,VOLKSWAGEN SHARAN,1,-1,0,1
2024010538204,2024,010538204,1,9,9,99,99,9,9,99,99,9,9,99,9,99,3,9,6,6,2,44,7,1968,2,4,VOLKSWAGEN SHARAN,2,E01033702,0,1
2024101428829,2024,101428829,1,8,0,-1,4,2,6,-1,0,0,0,0,0,0,4,1,-1,1,1,-1,-1,1896,2,15,VOLKSWAGEN SHARAN,-1,-1,0,-1
2024991462011,2024,991462011,1,8,0,-1,19,8,4,-1,0,0,0,0,0,0,1,1,-1,1,1,37,7,1968,2,8,VOLKSWAGEN SHARAN,1,-1,0,1
2024552401290,2024,552401290,2,9,0,18,19,8,4,0,0,0,0,0,0,0,1,1,6,6,1,45,7,1395,1,6,VOLKSWAGEN SHARAN,10,E01020362,0,4
2024991458557,2024,991458557,1,8,0,-1,19,3,7,-1,0,0,0,0,0,0,1,1,-1,1,1,48,8,1968,2,6,VOLKSWAGEN SHARAN,-1,-1,0,-1
2024451477789,2024,451477789,2,9,0,-1,19,3,7,-1,0,0,0,0,0,0,2,1,-1,9,1,55,8,1968,2,9,VOLKSWAGEN SHARAN,10,E01030395,0,1
2024991512299,2024,991512299,1,9,0,-1,5,7,2,-1,0,1,0,0,0,0,4,1,-1,6,1,79,11,1968,2,4,VOLKSWAGEN SHARAN,8,-1,0,2
2024010536496,2024,010536496,2,9,0,5,5,0,5,5,5,0,0,0,0,0,3,1,6,6,2,32,6,1968,2,6,VOLKSWAGEN SHARAN,2,E01000104,0,1
2024010546274,2024,010546274,2,8,0,18,19,1,5,0,0,0,0,0,0,0,2,1,1,1,1,59,9,1968,2,7,VOLKSWAGEN SHARAN,6,E01035491,0,3
2024522402824,2024,522402824,1,9,0,3,3,6,2,0,0,1,0,0,0,0,2,1,6,6,1,52,8,1395,1,6,VOLKSWAGEN SHARAN,1,E01014654,0,1
2024451459758,2024,451459758,1,9,0,-1,7,1,5,-1,0,1,0,0,0,0,1,1,-1,1,1,22,5,1896,2,17,VOLKSWAGEN SHARAN,6,E01000150,0,4
2024332400294,2024,332400294,1,9,0,-1,1,7,1,-1,0,5,0,0,0,0,2,1,-1,6,1,-1,-1,1968,2,9,VOLKSWAGEN SHARAN,-1,-1,0,-1
2024421524585,2024,421524585,2,9,0,-1,19,3,7,-1,0,0,0,0,0,0,3,1,-1,1,1,36,7,1968,2,5,VOLKSWAGEN SHARAN,5,E01004371,0,3
2024010502131,2024,010502131,1,9,0,99,99,9,9,99,99,9,9,99,9,99,9,9,6,6,3,45,7,1968,2,6,VOLKSWAGEN SHARAN,5,E01000519,0,1
2024131404587,2024,131404587,2,9,0,-1,2,0,0,-1,0,2,0,4,0,0,2,1,-1,6,-1,-1,-1,1968,2,7,VOLKSWAGEN SHARAN,-1,-1,0,-1
2024061497176,2024,061497176,1,8,0,-1,9,5,1,-1,0,8,0,0,0,0,4,1,-1,1,1,32,6,1968,2,9,VOLKSWAGEN SHARAN,1,E01004812,0,3
2024131508997,2024,131508997,3,9,0,-1,19,2,2,-1,0,0,0,0,0,0,3,1,-1,1,1,50,8,1968,2,9,VOLKSWAGEN SHARAN,1,E01011080,0,3
2024010507685,2024,010507685,2,9,0,18,19,3,7,0,0,1,0,0,0,0,1,2,6,6,1,41,7,1968,2,5,VOLKSWAGEN SHARAN,2,E01001219,0,1
2024010489036,2024,010489036,2,8,0,18,19,7,3,0,0,8,0,0,0,0,1,1,6,6,1,64,9,1968,2,5,VOLKSWAGEN SHARAN,2,E01002067,0,1
2024430331477,2024,430331477,3,9,0,18,19,2,6,0,0,1,0,0,0,0,1,1,2,2,1,44,7,1968,2,9,VOLKSWAGEN SHARAN,3,E01016746,0,3
2024010524700,2024,010524700,1,9,0,18,19,7,3,0,0,1,0,0,0,0,1,1,1,1,1,48,8,1968,2,5,VOLKSWAGEN SHARAN,1,E01001545,0,1
2024552400989,2024,552400989,1,9,0,13,13,6,2,0,0,0,0,0,0,0,4,1,6,6,2,33,6,1968,2,11,VOLKSWAGEN SHARAN,4,E01020346,0,1
2024471513553,2024,471513553,1,9,0,-1,2,0,0,-1,0,2,0,0,0,0,2,1,-1,6,-1,-1,-1,1968,2,13,VOLKSWAGEN SHARAN,-1,-1,0,-1
2024010533544,2024,010533544,4,9,0,18,19,5,1,0,0,8,0,0,0,0,2,1,6,6,1,45,7,1968,2,6,VOLKSWAGEN SHARAN,-1,-1,0,-1
2024010529614,2024,010529614,2,9,9,99,99,9,9,99,99,9,9,99,9,99,9,9,6,6,3,-1,-1,1395,1,4,VOLKSWAGEN SHARAN,-1,-1,0,-1
2024201519644,2024,201519644,3,9,0,-1,3,1,5,-1,0,0,0,0,0,0,2,1,-1,1,1,43,7,1968,2,9,VOLKSWAGEN SHARAN,2,E01033642,0,2
2024461485821,2024,461485821,1,8,0,-1,4,5,1,-1,0,0,0,0,0,0,1,1,-1,2,1,33,6,1968,2,4,VOLKSWAGEN SHARAN,5,E01024594,0,2
2024401511151,2024,401511151,1,9,0,-1,3,4,8,-1,0,2,0,0,0,0,2,1,-1,9,1,53,8,1968,2,11,VOLKSWAGEN SHARAN,2,E01015703,0,1
2024371398646,2024,371398646,2,9,0,-1,19,3,7,-1,0,0,0,0,0,0,1,1,-1,2,2,50,8,1968,2,6,VOLKSWAGEN SHARAN,8,E01030293,0,1
2024010526635,2024,010526635,2,9,0,99,99,9,9,99,99,9,9,99,9,99,1,9,6,6,3,46,8,1968,2,7,VOLKSWAGEN SHARAN,7,E01000157,0,2
2024201536040,2024,201536040,2,9,0,-1,19,6,2,-1,0,0,0,0,1,0,2,1,-1,9,1,43,7,1968,2,12,VOLKSWAGEN SHARAN,2,E01010309,0,1
2024010551106,2024,010551106,2,9,0,9,9,7,5,0,0,5,0,0,0,0,3,1,1,1,1,48,8,1968,2,8,VOLKSWAGEN SHARAN,3,E01004322,0,1
2024522401320,2024,522401320,2,9,0,18,19,6,2,0,0,0,0,4,0,0,1,1,6,6,1,49,8,1968,2,10,VOLKSWAGEN SHARAN,3,W01001805,0,4
2024430344297,2024,430344297,1,8,0,18,19,5,1,0,0,0,0,0,0,0,1,1,1,1,1,46,8,1968,2,5,VOLKSWAGEN SHARAN,7,E01016574,0,3
2024010533664,2024,010533664,1,9,0,18,19,3,7,0,0,1,0,0,0,0,1,1,1,1,1,45,7,1968,2,8,VOLKSWAGEN SHARAN,5,E01002398,0,2
2024010506470,2024,010506470,1,9,0,2,2,5,1,6,6,2,0,0,0,0,3,1,6,6,1,52,8,1948,1,23,VOLKSWAGEN SHARAN,3,E01003988,0,3
2024311494223,2024,311494223,3,9,0,-1,4,4,8,-1,0,8,0,0,0,0,1,1,-1,9,1,46,8,1968,2,9,VOLKSWAGEN SHARAN,-1,-1,0,-1
2024471525857,2024,471525857,2,8,0,-1,19,7,3,-1,0,0,0,0,0,0,3,1,-1,1,1,55,8,1968,2,8,VOLKSWAGEN SHARAN,5,E01031604,0,1