collision_index,collision_year,collision_ref_no,vehicle_reference,vehicle_type,towing_and_articulation,vehicle_manoeuvre_historic,vehicle_manoeuvre,vehicle_direction_from,vehicle_direction_to,vehicle_location_restricted_lane_historic,vehicle_location_restricted_lane,junction_location,skidding_and_overturning,hit_object_in_carriageway,vehicle_leaving_carriageway,hit_object_off_carriageway,first_point_of_impact,vehicle_left_hand_drive,journey_purpose_of_driver_historic,journey_purpose_of_driver,sex_of_driver,age_of_driver,age_band_of_driver,engine_capacity_cc,propulsion_code,age_of_vehicle,generic_make_model,driver_imd_decile,lsoa_of_driver,escooter_flag,driver_distance_banding
2024010538202,2024,010538202,1,9,0,18,19,1,5,0,0,1,0,0,0,0,1,1,6,6,1,34,6,1968,2,5,VOLKSWAGEN SHARAN,-1,-1,0,-1
2024010494553,2024,010494553,2,8,0,18,19,3,7,0,0,8,0,0,0,0,1,1,1,1,1,54,8,1395,1,6,VOLKSWAGEN SHARAN,1,E01004042,0,1
2024070225489,2024,070225489,2,9,0,10,10,2,6,0,0,1,0,0,0,0,2,1,6,6,1,40,7,1395,1,5,VOLKSWAGEN SHARAN,1,E01006758,0,2
2024461432267,2024,461432267,2,9,0,-1,2,0,0,-1,0,0,0,0,0,0,2,1,-1,6,-1,-1,-1,1968,2,16,VOLKSWAGEN SHARAN,-1,-1,0,-1
2024201500571,2024,201500571,2,9,0,-1,4,4,8,-1,0,0,0,0,0,0,2,1,-1,6,3,-1,-1,1968,2,10,VOLKSWAGEN SHARAN,-1,-1,0,-1
2024201535472,2024,201535472,2,9,0,-1,19,5,2,-1,0,1,0,0,0,0,1,1,-1,6,1,26,6,1968,2,9,VOLKSWAGEN SHARAN,2,E01034931,0,2
2024010509421,2024,010509421,1,8,0,18,19,5,1,0,0,8,0,0,0,0,3,2,1,1,1,67,10,1395,1,3,VOLKSWAGEN SHARAN,3,E01031562,0,4
2024010534382,2024,010534382,2,9,0,18,19,1,5,0,0,0,0,0,0,0,1,1,1,1,1,61,9,1968,2,8,VOLKSWAGEN SHARAN,3,E01000195,0,1
2024010498871,2024,010498871,1,8,0,99,99,9,9,99,99,9,9,99,9,99,9,9,1,1,1,55,8,1968,2,11,VOLKSWAGEN SHARAN,2,E01000126,0,2
2024010538448,2024,010538448,1,9,0,99,99,9,9,99,99,9,9,99,9,99,1,9,6,6,3,34,6,1395,1,6,VOLKSWAGEN SHARAN,8,E01004514,0,1
2024501533109,2024,501533109,1,9,0,-1,9,1,5,-1,0,8,0,0,0,0,1,1,-1,9,1,63,9,1896,2,16,VOLKSWAGEN SHARAN,3,E01018838,0,1
2024010506609,2024,010506609,2,9,0,9,9,5,3,0,0,5,0,0,0,0,4,1,2,2,1,56,9,1968,2,6,VOLKSWAGEN SHARAN,10,E01000771,0,1
2024231517718,2024,231517718,1,9,0,-1,19,5,1,-1,0,0,0,0,0,0,1,1,-1,6,2,49,8,1968,2,10,VOLKSWAGEN SHARAN,10,E01032230,0,1
2024991527601,2024,991527601,1,9,0,-1,13,3,7,-1,0,1,1,0,0,0,1,1,-1,9,1,51,8,1395,1,7,VOLKSWAGEN SHARAN,2,-1,0,4
2024531512421,2024,531512421,1,9,0,-1,9,6,4,-1,0,1,0,0,0,0,1,1,-1,9,1,42,7,1968,2,5,VOLKSWAGEN SHARAN,10,E01022113,0,1
2024440395007,2024,440395007,3,9,0,18,19,1,5,0,0,0,0,0,0,0,1,1,6,6,2,56,9,1968,2,11,VOLKSWAGEN SHARAN,8,E01031192,0,4
2024201490777,2024,201490777,1,8,0,-1,19,2,6,-1,0,8,0,10,3,3,4,9,-1,1,1,54,8,1968,2,8,VOLKSWAGEN SHARAN,3,E01009316,0,3
2024010521479,2024,010521479,1,9,0,18,19,7,3,0,0,0,0,0,0,0,2,1,1,1,1,51,8,1968,2,8,VOLKSWAGEN SHARAN,6,E01003737,0,4
2024201436960,2024,201436960,1,9,0,-1,19,4,8,-1,0,0,0,4,0,0,1,9,-1,9,1,56,9,1968,2,7,VOLKSWAGEN SHARAN,1,E01034933,0,1
2024430466357,2024,430466357,1,9,0,3,3,2,6,0,0,1,0,0,0,0,2,1,3,7,1,53,8,1984,1,19,VOLKSWAGEN SHARAN,-1,-1,0,-1
2024451425383,2024,451425383,2,8,0,-1,19,5,1,-1,0,0,0,0,0,0,1,1,-1,6,1,40,7,1395,1,3,VOLKSWAGEN SHARAN,-1,-1,0,-1
2024991475349,2024,991475349,1,9,0,-1,19,5,1,-1,0,0,0,0,0,0,1,1,-1,6,2,49,8,1968,2,10,VOLKSWAGEN SHARAN,4,-1,0,1
2024161512149,2024,161512149,1,9,0,-1,19,4,8,-1,0,0,5,0,1,4,1,1,-1,6,2,62,9,1968,2,4,VOLKSWAGEN SHARAN,4,E01013086,0,3
2024010525099,2024,010525099,2,9,0,9,9,5,3,0,0,6,0,0,0,0,1,1,1,1,1,56,9,1968,2,5,VOLKSWAGEN SHARAN,2,E01002669,0,1
2024991495654,2024,991495654,2,9,0,-1,19,6,2,-1,0,0,0,0,0,0,2,1,-1,9,1,67,10,1968,2,4,VOLKSWAGEN SHARAN,8,-1,0,5
2024522400787,2024,522400787,1,9,0,6,6,6,6,0,0,8,0,0,0,0,3,1,6,6,1,44,7,1968,2,7,VOLKSWAGEN SHARAN,8,E01014693,0,2
2024522402921,2024,522402921,1,9,0,9,9,2,8,0,0,8,0,0,0,0,3,1,6,6,2,44,7,1968,2,9,VOLKSWAGEN SHARAN,1,E01032518,0,1
2024010505631,2024,010505631,2,9,0,5,5,3,7,0,0,1,0,0,9,0,2,1,1,1,1,49,8,1395,1,6,VOLKSWAGEN SHARAN,6,E01002200,0,2
2024421419700,2024,421419700,1,9,0,-1,9,5,3,-1,0,4,0,0,0,0,1,1,-1,6,1,64,9,1968,2,8,VOLKSWAGEN SHARAN,10,E01022075,0,1
2024101451284,2024,101451284,2,9,0,-1,19,6,2,-1,0,2,0,0,0,0,3,9,-1,6,1,40,7,1968,2,8,VOLKSWAGEN SHARAN,1,E01008218,0,3
2024430156306,2024,430156306,2,9,0,18,19,7,3,0,0,1,0,0,0,0,1,1,6,6,3,47,8,1968,2,8,VOLKSWAGEN SHARAN,4,E01016448,0,1
2024010510795,2024,010510795,1,9,0,6,6,5,5,0,0,0,0,0,0,0,3,1,6,6,2,49,8,1968,2,5,VOLKSWAGEN SHARAN,2,E01000223,0,2
2024131461094,2024,131461094,2,9,0,-1,19,5,1,-1,0,1,0,0,0,0,1,1,-1,9,1,29,6,1968,2,10,VOLKSWAGEN SHARAN,1,E01010829,0,1
2024010545872,2024,010545872,1,8,0,18,19,5,1,0,0,0,0,0,0,0,1,1,1,1,1,54,8,1968,2,6,VOLKSWAGEN SHARAN,2,E01034477,0,3
2024010506579,2024,010506579,1,8,0,99,99,9,9,99,99,9,9,99,9,99,2,9,1,1,1,38,7,1968,2,5,VOLKSWAGEN SHARAN,7,E01034153,0,1
2024371445681,2024,371445681,2,9,0,-1,19,6,2,-1,0,2,1,10,0,0,1,1,-1,9,2,52,8,1968,2,10,VOLKSWAGEN SHARAN,9,E01030145,0,2
2024010514948,2024,010514948,2,8,0,3,3,1,5,0,0,1,0,0,0,0,4,1,6,6,1,51,8,1968,2,9,VOLKSWAGEN SHARAN,6,E01004560,0,2
2024010504526,2024,010504526,1,9,0,1,1,1,5,0,0,0,0,0,0,0,2,1,1,1,1,36,7,1968,2,8,VOLKSWAGEN SHARAN,5,E01002212,0,2
2024010510889,2024,010510889,2,9,0,11,11,8,4,0,0,1,0,0,0,0,1,1,1,1,1,34,6,1395,1,3,VOLKSWAGEN SHARAN,3,E01034202,0,1
2024320590524,2024,320590524,1,9,0,9,9,4,1,0,0,6,0,0,0,0,1,1,6,6,1,25,5,1968,2,18,VOLKSWAGEN SHARAN,-1,-1,0,-1
2024440173377,2024,440173377,1,9,0,4,4,6,2,0,0,0,0,0,0,0,0,1,6,6,2,35,6,1968,2,13,VOLKSWAGEN SHARAN,6,E01035457,0,1
2024421498466,2024,421498466,2,9,0,-1,19,1,5,-1,0,3,0,0,0,0,2,9,-1,9,1,51,8,1968,2,5,VOLKSWAGEN SHARAN,1,E01015932,0,1
2024332400159,2024,332400159,2,9,0,-1,19,3,7,-1,0,1,0,0,0,0,1,1,-1,6,1,-1,-1,1968,2,11,VOLKSWAGEN SHARAN,-1,-1,0,-1
2024010524188,2024,010524188,1,9,0,18,19,5,1,0,0,1,0,0,0,0,1,1,1,1,1,61,9,1968,2,6,VOLKSWAGEN SHARAN,3,E01000128,0,4
2024440503638,2024,440503638,1,9,0,18,19,6,2,0,0,1,0,0,0,0,4,1,3,7,2,36,7,1968,2,8,VOLKSWAGEN SHARAN,10,E01023222,0,1
2024010503404,2024,010503404,2,9,0,99,99,9,9,99,99,6,9,99,9,99,1,9,6,6,3,-1,-1,1968,2,7,VOLKSWAGEN SHARAN,-1,-1,0,-1
2024991488095,2024,991488095,2,9,0,-1,19,3,7,-1,0,1,0,0,0,0,4,2,-1,6,1,46,8,1896,2,17,VOLKSWAGEN SHARAN,-1,-1,0,-1
2024010521794,2024,010521794,1,8,0,99,99,9,9,99,99,9,9,99,9,99,9,9,1,1,1,56,9,1968,2,7,VOLKSWAGEN SHARAN,6,E01034579,0,1
2024201413503,2024,201413503,3,9,0,-1,2,0,0,-1,9,2,0,0,0,0,2,9,-1,6,1,35,6,1968,2,7,VOLKSWAGEN SHARAN,2,E01009403,0,1
2024010533346,2024,010533346,1,9,0,2,2,0,0,0,0,0,0,0,0,0,2,1,6,6,3,-1,-1,1968,2,5,VOLKSWAGEN SHARAN,-1,-1,0,-1
2024010526262,2024,010526262,3,9,0,18,19,5,1,0,0,8,0,0,0,0,3,1,6,6,1,51,8,1968,2,7,VOLKSWAGEN SHARAN,7,E01002171,0,1
2024010536059,2024,010536059,2,9,0,2,2,0,0,0,0,0,0,0,0,0,3,1,6,6,3,-1,-1,1968,2,6,VOLKSWAGEN SHARAN,-1,-1,0,-1
2024061521006,2024,061521006,2,9,0,-1,2,0,0,-1,0,0,0,4,0,0,2,1,-1,6,-1,56,9,1968,2,10,VOLKSWAGEN SHARAN,9,E01004989,0,2
2024552400183,2024,552400183,1,9,0,18,19,5,1,0,0,0,0,0,0,0,1,1,6,6,2,33,6,1968,2,9,VOLKSWAGEN SHARAN,10,E01035123,0,4
2024111420307,2024,111420307,2,9,-1,-1,19,4,1,-1,0,1,0,0,0,0,-1,9,-1,6,2,65,9,1968,2,6,VOLKSWAGEN SHARAN,-1,-1,0,-1
2024461453698,2024,461453698,2,9,0,-1,3,7,3,-1,0,2,0,0,0,0,2,9,-1,6,2,30,6,1968,2,7,VOLKSWAGEN SHARAN,6,E01023988,0,2
2024010551306,2024,010551306,2,9,0,18,19,1,5,0,0,1,0,4,0,0,1,1,6,6,2,37,7,1968,2,6,VOLKSWAGEN SHARAN,6,E01003368,0,1
2024332400555,2024,332400555,2,9,0,-1,2,0,0,-1,0,0,0,0,1,11,1,1,-1,6,3,-1,-1,1968,2,12,VOLKSWAGEN SHARAN,-1,-1,0,-1
2024320542710,2024,320542710,1,9,0,-1,-1,8,4,0,0,0,0,0,0,0,1,1,-1,-1,2,30,6,1968,2,8,VOLKSWAGEN SHARAN,10,E01012339,0,5
2024010549244,2024,010549244,2,9,0,12,12,3,7,0,0,0,0,0,6,0,2,1,1,1,1,62,9,1968,2,9,VOLKSWAGEN SHARAN,6,E01001293,0,2
2024061527510,2024,061527510,1,8,0,-1,9,5,1,-1,0,0,0,10,0,0,3,1,-1,9,1,65,9,1968,2,6,VOLKSWAGEN SHARAN,1,E01005203,0,1
2024061521006,2024,061521006,3,9,0,-1,2,0,0,-1,0,0,0,4,0,0,1,1,-1,6,1,49,8,1968,2,7,VOLKSWAGEN SHARAN,1,E01005142,0,1
2024131399366,2024,131399366,2,9,0,-1,3,5,5,-1,0,1,0,0,0,0,2,1,-1,9,2,62,9,1395,1,4,VOLKSWAGEN SHARAN,1,E01010880,0,2
2024522500139,2024,522500139,2,9,0,18,19,2,6,0,0,1,0,0,0,0,1,1,6,6,1,48,8,1968,2,8,VOLKSWAGEN SHARAN,7,E01014491,0,2
2024501511506,2024,501511506,2,8,0,-1,19,7,3,-1,0,0,0,0,0,0,3,1,-1,9,1,33,6,1968,2,11,VOLKSWAGEN SHARAN,3,E01019076,0,3
2024010489055,2024,010489055,2,8,0,4,4,5,1,0,0,1,0,0,0,0,1,1,2,2,1,53,8,1968,2,7,VOLKSWAGEN SHARAN,5,E01002179,0,1
2024031434575,2024,031434575,2,9,0,-1,9,6,4,-1,0,6,0,0,0,0,1,1,-1,6,1,61,9,1395,1,3,VOLKSWAGEN SHARAN,7,E01014744,0,5
2024010527045,2024,010527045,1,9,0,99,99,9,9,99,99,9,9,99,9,99,1,9,6,6,1,51,8,1395,1,4,VOLKSWAGEN SHARAN,2,E01001460,0,2
2024531452753,2024,531452753,1,9,0,-1,5,1,3,-1,0,6,0,0,0,0,1,1,-1,1,1,38,7,1968,2,10,VOLKSWAGEN SHARAN,3,E01022286,0,1
2024052402638,2024,052402638,3,9,0,2,2,0,0,0,0,0,0,0,0,0,2,1,6,6,3,-1,-1,1968,2,9,VOLKSWAGEN SHARAN,-1,-1,0,-1
2024332401079,2024,332401079,1,9,0,-1,4,3,7,-1,0,1,0,0,0,0,2,1,-1,1,1,43,7,1968,2,6,VOLKSWAGEN SHARAN,3,E01013777,0,1
2024440135473,2024,440135473,1,8,0,18,19,4,8,0,0,8,0,0,0,0,1,1,1,1,1,61,9,1968,2,5,VOLKSWAGEN SHARAN,4,E01030793,0,2
2024522401873,2024,522401873,1,9,0,16,19,5,8,0,0,0,0,0,0,0,1,1,6,6,1,44,7,1395,1,5,VOLKSWAGEN SHARAN,8,E01014693,0,2
2024201483240,2024,201483240,3,9,0,-1,19,1,5,-1,0,0,0,0,0,0,2,1,-1,6,1,48,8,1968,2,4,VOLKSWAGEN SHARAN,7,E01008991,0,1
2024451492253,2024,451492253,2,9,0,-1,19,7,3,-1,0,0,0,0,0,0,1,1,-1,9,1,36,7,1395,1,6,VOLKSWAGEN SHARAN,-1,-1,0,-1
2024622400269,2024,622400269,1,9,0,10,10,3,8,0,0,1,0,0,0,0,2,1,3,7,2,39,7,1968,2,12,VOLKSWAGEN SHARAN,6,W01001754,0,1
2024471429974,2024,471429974,4,9,0,-1,2,0,0,-1,0,0,0,0,0,0,3,1,-1,6,-1,-1,-1,1968,2,5,VOLKSWAGEN SHARAN,-1,-1,0,-1
2024010511338,2024,010511338,2,9,9,99,99,9,9,99,99,9,9,99,9,99,9,9,6,6,3,-1,-1,1968,2,5,VOLKSWAGEN SHARAN,-1,-1,0,-1
2024451435289,2024,451435289,1,8,0,-1,19,5,1,-1,0,0,0,0,0,0,2,9,-1,1,1,51,8,1968,2,5,VOLKSWAGEN SHARAN,2,E01003735,0,4
2024221399827,2024,221399827,2,9,0,-1,19,6,1,-1,0,0,0,0,0,0,1,1,-1,6,1,35,6,1896,2,16,VOLKSWAGEN SHARAN,2,E01034331,0,3
2024440218080,2024,440218080,1,8,0,4,4,4,8,0,0,2,0,0,0,0,0,1,1,1,1,-1,-1,1968,2,12,VOLKSWAGEN SHARAN,-1,-1,0,-1
2024010517332,2024,010517332,2,8,0,99,99,9,9,99,99,9,9,99,9,99,9,9,6,6,3,47,8,1968,2,7,VOLKSWAGEN SHARAN,3,E01001175,0,1
2024010513822,2024,010513822,2,9,0,10,10,7,5,0,0,1,0,0,0,0,1,1,6,6,2,54,8,1395,1,7,VOLKSWAGEN SHARAN,2,E01003330,0,1
2024131448730,2024,131448730,1,9,0,-1,1,5,1,-1,0,8,0,0,0,0,2,1,-1,9,1,56,9,1896,2,17,VOLKSWAGEN SHARAN,5,E01011877,0,1
2024211544669,2024,211544669,2,8,0,-1,19,2,6,-1,0,1,0,0,0,0,1,1,-1,6,1,34,6,1968,2,7,VOLKSWAGEN SHARAN,1,E01034054,0,3
2024010538430,2024,010538430,1,9,0,4,4,3,7,0,0,0,0,0,0,0,2,1,1,1,1,48,8,1968,2,5,VOLKSWAGEN SHARAN,-1,-1,0,-1
2024361491403,2024,361491403,2,9,0,-1,9,5,1,-1,0,0,0,0,0,0,3,1,-1,9,1,39,7,1968,2,8,VOLKSWAGEN SHARAN,5,E01015972,0,5
2024430204593,2024,430204593,1,9,0,12,12,4,8,0,0,0,0,0,0,0,3,1,6,6,1,-1,-1,1968,2,12,VOLKSWAGEN SHARAN,-1,-1,0,-1
2024010513783,2024,010513783,1,9,0,18,19,3,7,0,0,1,0,0,0,0,1,1,2,2,1,49,8,1968,2,7,VOLKSWAGEN SHARAN,2,E01001957,0,1
2024061526365,2024,061526365,1,9,0,-1,9,5,1,-1,0,5,0,0,0,0,1,1,-1,6,2,26,6,1896,2,19,VOLKSWAGEN SHARAN,1,E01005093,0,3
2024991462024,2024,991462024,1,5,0,-1,19,1,4,-1,0,0,2,0,0,0,1,1,-1,9,1,42,7,599,1,23,YAMAHA R6,-1,-1,0,-1
2024111500025,2024,111500025,1,5,0,-1,13,5,1,-1,0,1,0,0,8,0,1,1,-1,6,1,16,4,599,1,24,YAMAHA R6,2,E01020626,0,1
2024161485073,2024,161485073,1,5,0,-1,19,5,1,-1,0,0,0,0,1,0,1,1,-1,6,1,51,8,599,1,21,YAMAHA R6,10,E01012967,0,1
2024430352720,2024,430352720,2,5,0,18,19,2,6,0,0,4,1,10,0,0,0,1,6,6,1,33,6,599,1,24,YAMAHA R6,2,E01028514,0,4
2024401479997,2024,401479997,1,5,0,-1,19,5,1,-1,0,0,0,0,1,9,1,1,-1,9,1,34,6,599,1,21,YAMAHA R6,9,E01017681,0,4
2024320189561,2024,320189561,1,5,0,13,13,2,6,0,0,8,5,0,0,0,1,1,6,6,1,24,5,599,1,24,YAMAHA R6,6,E01026306,0,1
2024421423348,2024,421423348,1,5,0,-1,19,6,2,-1,0,8,5,0,0,0,1,1,-1,6,1,24,5,599,1,24,YAMAHA R6,3,E01015856,0,1
2024411493279,2024,411493279,2,5,0,-1,9,4,2,-1,0,5,0,0,0,0,4,1,-1,6,2,-1,-1,599,1,19,YAMAHA R6,2,E01015539,0,4
2024471518956,2024,471518956,2,5,0,-1,19,6,2,-1,0,1,5,10,1,2,1,1,-1,6,1,33,6,599,1,25,YAMAHA R6,8,E01021055,0,1
2024010528748,2024,010528748,1,5,0,16,19,1,5,0,0,0,1,10,0,0,4,1,6,6,1,40,7,599,1,21,YAMAHA R6,7,E01002343,0,1
2024631473076,2024,631473076,2,5,0,-1,14,2,6,-1,0,0,1,0,0,0,3,1,-1,6,1,48,8,599,1,23,YAMAHA R6,4,W01000629,0,1
2024430212376,2024,430212376,2,5,0,18,19,6,2,0,0,1,0,0,0,0,1,1,6,6,1,-1,-1,599,1,25,YAMAHA R6,-1,-1,0,-1
2024471463954,2024,471463954,1,5,0,-1,19,5,1,-1,0,0,0,0,0,0,3,1,-1,9,1,26,6,599,1,21,YAMAHA R6,1,E01020993,0,1
2024501460874,2024,501460874,1,4,0,-1,13,5,1,-1,0,0,0,0,0,0,4,1,-1,9,1,35,6,599,1,24,YAMAHA R6,5,E01018890,0,4
2024471448542,2024,471448542,1,5,0,-1,19,5,2,-1,0,0,0,0,0,0,4,1,-1,6,1,37,7,599,1,24,YAMAHA R6,3,E01021131,0,1
2024522401397,2024,522401397,1,3,0,16,19,3,7,0,0,3,0,0,0,0,1,1,6,6,1,39,7,599,1,24,YAMAHA R6,6,E01014846,0,1
2024311417220,2024,311417220,2,5,0,-1,19,1,5,-1,0,0,1,0,0,0,1,1,-1,9,1,34,6,599,1,24,YAMAHA R6,1,E01013940,0,1
2024201550586,2024,201550586,1,5,0,-1,4,6,2,-1,0,8,0,0,0,0,1,1,-1,6,1,51,8,599,1,22,YAMAHA R6,3,E01009950,0,3
2024010526458,2024,010526458,2,5,0,99,99,9,9,99,99,9,9,99,9,99,2,1,6,6,3,-1,-1,599,1,20,YAMAHA R6,-1,-1,0,-1
2024430439669,2024,430439669,1,3,0,18,19,1,5,0,0,0,0,0,0,0,1,1,6,6,1,16,4,-1,-1,-1,YAMASAKI YM,9,E01033305,0,1
2024471426989,2024,471426989,1,2,0,-1,19,3,8,-1,0,4,0,0,0,0,1,1,-1,6,1,16,4,50,1,2,YAMASAKI YM,9,E01031395,0,1
2024010525759,2024,010525759,1,2,0,18,19,3,7,4,4,1,2,10,0,0,0,1,6,6,1,55,8,50,1,1,YAMASAKI YM,6,E01001198,0,1
2024221482886,2024,221482886,1,2,0,-1,13,5,2,-1,0,8,0,0,0,0,1,1,-1,9,1,16,4,50,1,3,YAMASAKI YM,6,E01014023,0,2
2024101424969,2024,101424969,1,2,0,-1,4,3,7,-1,0,0,1,0,0,0,1,1,-1,6,1,16,4,50,1,1,YAMASAKI YM,-1,-1,0,-1
2024340WN0822,2024,340WN0822,1,3,0,-1,13,8,4,-1,0,1,0,0,0,0,1,1,-1,6,1,16,4,49,1,4,YAMASAKI YM,7,E01027143,0,1
2024201509801,2024,201509801,2,2,0,-1,19,6,2,-1,0,0,0,0,0,0,2,1,-1,6,1,16,4,49,1,5,YAMASAKI YM,1,E01009748,0,1
2024461515617,2024,461515617,1,2,0,-1,3,6,3,-1,0,0,2,0,0,0,1,1,-1,9,1,17,4,49,1,4,YAMASAKI YM,6,E01024189,0,1
2024161411880,2024,161411880,1,2,0,-1,19,6,2,-1,0,0,0,0,0,0,0,1,-1,2,1,16,4,50,1,1,YAMASAKI YM,9,E01007606,0,3
2024070288366,2024,070288366,1,2,0,5,5,5,3,0,0,1,0,0,0,0,1,1,6,6,1,17,4,50,1,3,YAMASAKI YM,8,E01018681,0,3
2024451427606,2024,451427606,1,2,0,-1,19,5,1,-1,0,1,0,0,0,0,1,1,-1,2,1,16,4,50,1,2,YAMASAKI YM,5,E01030971,0,2
2024221463389,2024,221463389,2,2,0,-1,9,2,1,-1,0,8,0,0,0,0,4,1,-1,6,1,59,9,49,1,9,-1,6,E01032436,0,1
2024320579701,2024,320579701,2,5,0,-1,-1,2,6,0,0,0,2,0,0,0,1,1,-1,-1,1,51,8,998,1,21,-1,1,E01013208,0,4
2024531485852,2024,531485852,1,5,0,-1,4,5,1,-1,0,0,1,0,0,0,1,1,-1,6,1,51,8,998,1,21,-1,8,E01034809,0,3
2024430603489,2024,430603489,2,9,0,18,19,1,5,0,0,0,0,0,0,0,1,1,6,6,1,-1,-1,1781,1,22,AUDI TT,-1,-1,0,-1
2024361480669,2024,361480669,2,9,0,-1,13,7,3,-1,0,0,0,0,0,0,1,1,-1,9,1,35,6,1781,1,22,AUDI TT,8,E01026938,0,4
2024010543824,2024,010543824,1,9,0,15,15,1,5,0,0,0,5,0,0,0,3,1,6,6,1,28,6,1781,1,20,AUDI TT,-1,-1,0,-1
2024161471861,2024,161471861,2,9,0,-1,19,6,2,-1,0,1,0,0,0,0,1,1,-1,9,2,42,7,1968,2,15,AUDI TT,6,E01026391,0,4
2024161398661,2024,161398661,1,9,0,-1,19,1,5,-1,0,1,1,0,1,2,1,1,-1,1,1,35,6,1984,1,17,AUDI TT,1,E01012862,0,3
2024332400921,2024,332400921,2,9,0,-1,10,1,7,-1,0,8,0,0,3,0,2,1,-1,6,2,41,7,1984,1,10,AUDI TT,5,E01031088,0,3
2024131510003,2024,131510003,1,9,0,-1,19,7,3,-1,0,0,1,0,1,3,1,1,-1,9,1,71,10,1781,1,18,AUDI TT,9,E01011708,0,1
2024522401131,2024,522401131,1,9,0,18,19,6,2,0,0,0,0,0,0,0,1,1,6,6,1,51,8,1984,1,16,AUDI TT,4,E01014786,0,1
2024061440483,2024,061440483,1,9,0,-1,13,1,5,-1,0,1,1,0,7,10,3,1,-1,6,1,30,6,1984,1,16,AUDI TT,-1,-1,0,-1
2024440390523,2024,440390523,1,9,0,18,19,6,2,0,0,0,0,0,0,0,1,1,6,6,2,52,8,1781,1,19,AUDI TT,7,E01032002,0,3
2024302500173,2024,302500173,1,9,0,-1,19,1,5,-1,0,1,0,0,0,0,1,1,-1,6,2,85,11,1968,2,12,AUDI TT,6,E01013545,0,1
2024501421385,2024,501421385,2,9,0,-1,19,5,3,-1,0,1,0,0,0,0,1,1,-1,6,3,-1,-1,1968,2,15,AUDI TT,-1,-1,0,-1
2024131404366,2024,131404366,2,9,0,-1,-1,-1,-1,-1,-1,0,-1,-1,-1,-1,2,1,-1,6,2,58,9,1798,1,6,AUDI TT,5,E01011178,0,4
2024031439394,2024,031439394,1,9,0,-1,19,3,7,-1,0,0,0,0,0,0,4,1,-1,6,1,63,9,1798,1,8,AUDI TT,5,E01019149,0,2
2024461414149,2024,461414149,1,9,0,-1,9,6,5,-1,0,1,0,0,0,0,1,1,-1,6,1,44,7,1984,1,14,AUDI TT,2,E01024154,0,1
2024461506167,2024,461506167,1,9,0,-1,19,6,2,-1,0,0,0,0,0,0,1,1,-1,9,1,39,7,1781,1,21,AUDI TT,3,E01016070,0,1
2024622400819,2024,622400819,2,9,0,2,2,0,0,0,0,0,0,0,0,0,1,1,6,6,3,-1,-1,1984,1,7,AUDI TT,-1,-1,0,-1
2024351410510,2024,351410510,1,9,0,-1,19,2,8,-1,0,2,0,0,1,0,1,1,-1,6,1,28,6,1781,1,20,AUDI TT,9,E01018034,0,4
2024201481071,2024,201481071,2,9,0,-1,19,5,1,-1,0,8,0,0,0,0,4,1,-1,6,1,55,8,1968,2,9,AUDI TT,2,E01008953,0,1
2024010519675,2024,010519675,2,9,0,99,99,9,9,0,0,1,0,0,0,0,4,9,6,6,3,-1,-1,1984,1,17,AUDI TT,-1,-1,0,-1
2024451496805,2024,451496805,2,9,0,-1,2,4,8,-1,0,0,0,4,0,0,2,1,-1,9,2,58,9,1968,2,12,AUDI TT,10,E01030790,0,1
2024052402273,2024,052402273,2,9,0,18,19,5,1,0,0,0,0,0,0,0,2,1,6,6,1,28,6,1798,1,7,AUDI TT,10,E01007187,0,3
202417H100624,2024,17H100624,1,9,0,9,9,1,7,0,0,8,0,0,0,0,1,1,6,6,2,49,8,1968,2,11,AUDI TT,2,E01011954,0,1
202454C787224,2024,54C787224,2,9,0,18,19,8,4,0,0,8,0,0,0,0,4,1,6,6,1,21,5,1781,1,20,AUDI TT,2,E01034477,0,5
2024361531374,2024,361531374,2,9,0,-1,9,3,7,-1,99,0,0,0,0,0,3,1,-1,2,1,21,5,1968,2,14,AUDI TT,2,E01026601,0,1
2024430117121,2024,430117121,1,9,0,9,9,8,6,0,0,6,0,0,0,0,1,1,1,1,1,57,9,1781,1,18,AUDI TT,8,E01016703,0,1
2024061424071,2024,061424071,2,9,0,-1,19,-1,-1,-1,0,6,0,0,0,0,1,1,-1,6,2,-1,-1,1781,1,22,AUDI TT,1,E01005680,0,1
2024351508474,2024,351508474,3,9,0,-1,9,2,8,-1,0,1,0,0,0,0,2,1,-1,6,1,46,8,1781,1,18,AUDI TT,7,E01035523,0,4
2024522402787,2024,522402787,3,9,0,3,3,7,3,0,0,1,0,0,0,0,2,1,6,6,1,36,7,1968,2,7,AUDI TT,10,E01014411,0,3
2024010519532,2024,010519532,2,9,0,99,99,9,9,99,99,9,9,99,9,99,1,9,6,6,3,-1,-1,1798,1,12,AUDI TT,-1,-1,0,-1
2024211450356,2024,211450356,2,9,0,-1,19,4,8,-1,0,0,0,0,0,0,1,9,-1,6,3,44,7,1781,1,20,AUDI TT,-1,-1,0,-1
2024471465553,2024,471465553,1,9,0,-1,19,1,5,-1,0,0,0,10,7,3,1,1,-1,9,2,59,9,1984,1,11,AUDI TT,3,E01030547,0,4
2024430271703,2024,430271703,1,9,0,8,8,2,4,0,0,4,0,0,0,0,1,1,6,6,2,66,10,1968,2,9,AUDI TT,10,E01028473,0,1
2024451411164,2024,451411164,2,9,0,-1,19,7,3,-1,0,0,0,0,0,0,3,1,-1,9,1,19,4,1984,1,17,AUDI TT,10,E01031592,0,4