collision_index,collision_year,collision_ref_no,vehicle_reference,vehicle_type,towing_and_articulation,vehicle_manoeuvre_historic,vehicle_manoeuvre,vehicle_direction_from,vehicle_direction_to,vehicle_location_restricted_lane_historic,vehicle_location_restricted_lane,junction_location,skidding_and_overturning,hit_object_in_carriageway,vehicle_leaving_carriageway,hit_object_off_carriageway,first_point_of_impact,vehicle_left_hand_drive,journey_purpose_of_driver_historic,journey_purpose_of_driver,sex_of_driver,age_of_driver,age_band_of_driver,engine_capacity_cc,propulsion_code,age_of_vehicle,generic_make_model,driver_imd_decile,lsoa_of_driver,escooter_flag,driver_distance_banding
2024131418117,2024,131418117,2,9,0,-1,2,3,7,-1,0,0,0,0,0,0,3,1,-1,9,2,45,7,1984,1,9,AUDI TT,8,E01010698,0,2
2024501467521,2024,501467521,2,9,0,-1,19,4,8,-1,0,0,0,0,0,0,1,1,-1,2,1,21,5,1984,1,15,AUDI TT,4,E01018777,0,3
2024501405976,2024,501405976,4,9,0,-1,2,4,1,-1,-1,2,0,0,0,0,2,1,-1,6,-1,-1,-1,1781,1,19,AUDI TT,-1,-1,0,-1
2024421534639,2024,421534639,1,9,0,-1,19,5,1,-1,0,1,1,10,0,0,1,1,-1,6,-1,-1,-1,1781,1,19,AUDI TT,-1,-1,0,-1
2024141426164,2024,141426164,1,9,0,-1,7,1,3,-1,0,1,0,0,0,0,2,1,-1,6,2,59,9,1984,1,4,AUDI TT,3,E01007488,0,1
2024131509020,2024,131509020,1,9,0,-1,19,8,4,-1,0,8,0,0,7,10,1,1,-1,6,1,50,8,1968,2,15,AUDI TT,3,E01011229,0,1
2024332400172,2024,332400172,1,9,0,-1,19,2,6,-1,0,0,0,0,0,0,4,1,-1,2,1,39,7,1968,2,15,AUDI TT,1,E01013726,0,1
2024991412422,2024,991412422,4,9,0,-1,2,0,0,-1,0,0,0,4,0,0,2,1,-1,6,-1,-1,-1,1798,1,7,AUDI TT,-1,-1,0,-1
2024520002906,2024,520002906,1,9,0,18,19,3,7,0,0,0,1,0,0,0,1,1,6,6,1,65,9,1781,1,22,AUDI TT,6,E01014480,0,1
2024440275291,2024,440275291,1,9,0,7,7,5,7,0,0,1,0,0,0,0,1,1,6,6,1,31,6,1984,1,16,AUDI TT,6,E01000407,0,5
2024010523585,2024,010523585,2,9,0,9,9,1,7,0,0,8,0,0,0,0,4,1,6,6,2,49,8,1781,1,23,AUDI TT,2,E01000126,0,1
2024471462408,2024,471462408,2,9,0,-1,9,2,8,-1,0,6,0,0,0,0,1,1,-1,6,1,76,11,1798,1,8,AUDI TT,5,E01016857,0,1
2024451499312,2024,451499312,2,9,0,-1,19,3,7,-1,0,1,0,0,0,0,2,1,-1,2,2,58,9,1984,1,17,AUDI TT,10,E01030855,0,3
2024131440086,2024,131440086,2,9,0,-1,19,7,3,-1,0,1,1,0,0,0,1,2,-1,6,1,22,5,1984,1,16,AUDI TT,1,E01011025,0,2
2024010500553,2024,010500553,1,9,0,99,99,9,9,99,99,9,9,99,9,99,9,9,6,6,1,32,6,1984,1,10,AUDI TT,3,E01003490,0,1
2024461524113,2024,461524113,2,9,0,-1,19,1,5,-1,0,0,0,0,0,0,1,1,-1,9,2,-1,-1,1798,1,14,AUDI TT,6,E01024079,0,1
2024211438195,2024,211438195,1,9,0,-1,13,3,1,-1,0,0,0,0,0,0,1,1,-1,6,1,68,10,1984,1,17,AUDI TT,10,E01029412,0,2
2024141407389,2024,141407389,1,9,0,-1,19,4,7,-1,0,0,5,0,1,7,4,1,-1,1,1,32,6,1781,1,22,AUDI TT,8,E01034241,0,3
2024622400077,2024,622400077,3,9,0,3,3,4,8,0,0,0,0,0,0,0,3,1,6,6,1,56,9,1781,1,19,AUDI TT,2,W01000897,0,1
2024371397580,2024,371397580,1,9,0,-1,9,5,3,-1,0,0,0,0,0,0,4,1,-1,2,1,28,6,1781,1,21,AUDI TT,5,E01030165,0,3
2024311441111,2024,311441111,3,9,0,-1,19,6,1,-1,0,0,0,0,0,0,1,1,-1,6,2,24,5,1984,1,14,AUDI TT,8,E01028184,0,4
2024451459838,2024,451459838,1,9,0,-1,19,5,3,-1,0,0,0,11,1,4,1,1,-1,9,1,36,7,1798,1,13,AUDI TT,10,E01030808,0,1
2024610006324,2024,610006324,2,9,0,5,5,5,1,0,0,8,0,0,0,0,1,1,6,6,1,34,6,1968,2,10,AUDI TT,3,W01001435,0,2
2024546391224,2024,546391224,2,9,0,18,19,1,5,0,0,1,0,0,0,0,1,1,6,6,2,60,9,1798,1,11,AUDI TT,7,E01031882,0,3
2024010545821,2024,010545821,1,9,0,3,3,7,3,0,0,1,0,0,0,0,2,1,6,6,2,53,8,1984,1,2,AUDI TT,9,E01000344,0,2
2024332400552,2024,332400552,1,9,0,-1,5,2,6,-1,0,6,0,0,0,0,1,1,-1,9,2,42,7,1984,1,14,AUDI TT,10,E01032885,0,4
2024461406222,2024,461406222,1,9,0,-1,19,1,5,-1,0,0,0,0,0,0,1,9,-1,1,1,38,7,1800,1,24,AUDI TT,6,E01024790,0,1
2024041445267,2024,041445267,4,9,0,-1,4,3,7,-1,0,0,0,0,0,0,2,1,-1,2,2,47,8,1984,1,17,AUDI TT,3,E01012632,0,1
2024061521644,2024,061521644,1,9,0,-1,19,5,1,-1,0,0,0,0,0,0,1,1,-1,9,2,31,6,1984,1,16,AUDI TT,1,E01006328,0,1
2024131512428,2024,131512428,2,9,0,-1,2,0,0,-1,0,0,0,0,0,0,3,1,-1,6,-1,-1,-1,1984,1,16,AUDI TT,-1,-1,0,-1
2024461459186,2024,461459186,1,9,0,-1,19,8,3,-1,0,0,0,0,0,0,1,1,-1,9,1,18,4,1781,1,24,AUDI TT,8,E01000791,0,2
2024501519597,2024,501519597,1,9,0,-1,19,2,6,-1,0,2,0,0,7,0,1,1,-1,9,1,75,10,1984,1,16,AUDI TT,4,E01020337,0,1
2024302500173,2024,302500173,2,9,0,-1,2,0,0,-1,0,1,0,0,0,0,2,1,-1,6,3,-1,-1,1968,2,12,AUDI TT,-1,-1,0,-1
2024421401242,2024,421401242,1,9,0,-1,19,-1,-1,-1,0,1,0,0,0,0,-1,9,-1,6,3,-1,-1,1984,1,17,AUDI TT,-1,-1,0,-1
2024320645724,2024,320645724,1,9,0,9,9,6,4,0,0,8,0,0,7,0,1,1,-1,-1,1,26,6,1984,1,17,AUDI TT,5,E01026144,0,1
2024461510155,2024,461510155,1,9,0,-1,9,7,3,-1,0,8,0,0,0,0,1,1,-1,9,2,53,8,1968,2,15,AUDI TT,6,E01023977,0,3
2024552400697,2024,552400697,2,9,0,18,19,5,1,0,0,0,0,0,0,0,1,1,2,2,1,19,4,1781,1,20,AUDI TT,5,E01020454,0,1
2024161410730,2024,161410730,2,9,0,-1,19,1,5,-1,0,0,0,0,0,0,3,1,-1,6,2,32,6,1984,1,16,AUDI TT,9,E01007601,0,3
2024631507150,2024,631507150,1,9,0,-1,19,6,2,-1,0,1,0,4,0,0,1,1,-1,9,1,53,8,1984,1,17,AUDI TT,1,W01000570,0,1
2024141536068,2024,141536068,1,9,0,-1,19,6,2,-1,0,2,0,0,0,0,1,1,-1,2,1,29,6,1781,1,24,AUDI TT,6,E01007771,0,2
2024302500280,2024,302500280,3,9,0,-1,2,0,0,-1,-1,0,0,0,0,0,3,1,-1,6,3,-1,-1,1984,1,16,AUDI TT,-1,-1,0,-1
2024361452390,2024,361452390,2,9,0,-1,4,7,3,-1,0,1,0,0,0,0,2,1,-1,9,1,58,9,1968,2,13,AUDI TT,5,E01021099,0,5
2024131451379,2024,131451379,1,9,0,-1,19,1,5,-1,0,8,0,0,0,0,1,1,-1,6,1,46,8,1781,1,22,AUDI TT,2,E01010658,0,1
2024131432810,2024,131432810,1,9,0,-1,2,1,5,-1,0,0,5,0,0,0,1,1,-1,9,1,84,11,3189,1,16,AUDI TT,9,E01011168,0,1
2024201425815,2024,201425815,2,9,0,-1,3,2,6,-1,0,1,0,0,0,0,2,1,-1,2,2,46,8,1798,1,10,AUDI TT,2,E01009744,0,1
2024131490991,2024,131490991,2,9,0,-1,-1,-1,-1,-1,-1,0,-1,-1,-1,-1,2,1,-1,6,2,48,8,1781,1,19,AUDI TT,5,E01011537,0,1
2024221429263,2024,221429263,1,9,0,-1,19,1,5,-1,0,8,0,0,0,0,1,1,-1,6,1,58,9,1968,2,14,AUDI TT,5,E01032264,0,1
2024340WN2242,2024,340WN2242,1,9,0,-1,2,0,0,-1,0,1,0,0,0,0,3,1,-1,6,1,-1,-1,1968,2,16,AUDI TT,-1,-1,0,-1
2024991467283,2024,991467283,2,9,0,-1,5,5,8,-1,0,1,0,0,0,0,1,1,-1,6,3,20,4,1984,1,16,AUDI TT,-1,-1,0,-1
2024071018889,2024,071018889,2,9,0,-1,3,7,3,-1,0,1,0,0,0,0,2,1,-1,9,2,24,5,3189,1,17,AUDI TT,8,E01018493,0,1
2024010501992,2024,010501992,1,9,0,99,99,9,9,99,99,9,9,99,9,99,9,9,2,2,2,59,9,1984,1,3,AUDI TT,8,E01004502,0,1
2024430437091,2024,430437091,1,9,0,5,5,7,1,0,0,8,0,0,0,0,3,1,2,2,1,49,8,1798,1,8,AUDI TT,3,E01016738,0,1
2024471430893,2024,471430893,4,9,0,-1,19,2,6,-1,0,0,0,0,0,0,0,1,-1,6,1,60,9,1984,1,16,AUDI TT,10,E01031763,0,4
2024221476034,2024,221476034,1,9,0,-1,19,5,1,-1,0,8,0,0,0,0,1,9,-1,6,1,40,7,1781,1,22,AUDI TT,3,E01010083,0,4
2024061529300,2024,061529300,2,9,0,-1,8,-1,-1,-1,0,4,0,0,0,0,1,1,-1,6,3,-1,-1,1781,1,21,AUDI TT,-1,-1,0,-1
2024610026924,2024,610026924,1,9,0,16,19,6,1,0,0,0,0,0,0,0,4,1,6,6,2,44,7,1781,1,18,AUDI TT,4,W01002035,0,1
2024451535315,2024,451535315,1,9,0,-1,19,4,8,-1,0,5,0,0,0,0,1,1,-1,6,1,50,8,1984,1,17,AUDI TT,10,E01030377,0,1
2024440411262,2024,440411262,1,9,0,3,3,1,5,0,0,8,0,0,0,0,4,1,6,6,2,72,10,1984,1,17,AUDI TT,8,E01022951,0,1
2024440502011,2024,440502011,3,9,0,18,19,5,1,0,0,1,0,0,0,0,1,1,6,6,2,50,8,1798,1,6,AUDI TT,10,E01016284,0,3
2024010527394,2024,010527394,1,9,0,8,8,5,7,0,0,6,0,0,0,0,1,1,6,6,1,58,9,1798,1,12,AUDI TT,7,E01000668,0,1
2024010511318,2024,010511318,1,9,0,18,19,7,3,0,0,8,0,0,0,0,4,2,6,6,1,57,9,1984,1,5,AUDI TT,2,E01002831,0,2
2024522401658,2024,522401658,1,9,0,9,9,1,7,0,0,5,0,0,0,0,2,1,6,6,1,29,6,1798,1,12,AUDI TT,9,E01029024,0,3
2024052402691,2024,052402691,1,9,0,9,9,2,1,0,0,8,0,0,0,0,4,1,2,2,2,27,6,1798,1,8,AUDI TT,10,E01025475,0,3
2024061434494,2024,061434494,2,9,0,-1,2,0,0,-1,0,0,0,4,0,0,3,1,-1,6,-1,-1,-1,1781,1,20,AUDI TT,-1,-1,0,-1
2024131480512,2024,131480512,1,9,0,-1,19,1,1,-1,0,2,0,0,0,0,3,1,-1,9,2,59,9,1968,2,15,AUDI TT,9,E01011812,0,1
2024340WN5502,2024,340WN5502,1,9,0,-1,19,7,3,-1,0,0,0,0,0,0,3,1,-1,9,1,68,10,1781,1,18,AUDI TT,7,E01027219,0,3
2024440176012,2024,440176012,1,9,0,17,19,1,7,0,0,1,0,0,0,0,1,1,6,6,2,57,9,1984,1,17,AUDI TT,7,E01023257,0,1
2024101502866,2024,101502866,1,9,0,-1,9,7,5,-1,0,0,0,0,3,0,3,1,-1,9,2,26,6,1798,1,6,AUDI TT,1,E01027426,0,1
2024201514384,2024,201514384,1,9,0,-1,19,7,3,-1,0,8,0,0,0,0,3,1,-1,6,1,33,6,1984,1,13,AUDI TT,-1,-1,0,-1
2024041404229,2024,041404229,1,9,0,-1,19,3,7,-1,0,0,0,11,0,0,1,1,-1,9,1,57,9,1968,2,10,AUDI TT,7,E01027995,0,5
2024332400662,2024,332400662,2,9,0,-1,19,2,6,-1,0,8,0,0,0,0,1,1,-1,6,1,36,7,1968,2,16,AUDI TT,10,E01025648,0,1
2024052402599,2024,052402599,2,9,0,18,19,7,3,0,0,8,0,0,7,10,4,1,2,2,2,51,8,1781,1,22,AUDI TT,7,E01025507,0,1
2024070114382,2024,070114382,1,9,0,18,19,1,5,0,0,0,0,0,0,0,1,1,6,6,1,40,7,1781,1,18,AUDI TT,5,E01018627,0,2
2024991398616,2024,991398616,2,9,0,-1,19,3,7,-1,0,0,0,0,0,0,1,1,-1,9,2,48,8,1781,1,20,AUDI TT,-1,-1,0,-1
2024440145316,2024,440145316,4,9,0,2,2,0,0,0,0,0,0,0,0,0,1,1,6,6,3,-1,-1,1984,1,16,AUDI TT,-1,-1,0,-1
2024451505677,2024,451505677,1,9,0,-1,5,5,1,-1,0,0,0,0,0,0,1,1,-1,6,1,28,6,1781,1,20,AUDI TT,9,E01030696,0,1
2024010515496,2024,010515496,3,9,0,2,2,0,0,0,0,2,0,4,0,0,1,1,6,6,3,-1,-1,1798,1,12,AUDI TT,-1,-1,0,-1
2024010509440,2024,010509440,2,9,0,18,19,2,6,0,0,1,0,0,0,0,1,1,1,1,1,43,7,1984,1,12,AUDI TT,5,E01002229,0,2
2024221443121,2024,221443121,1,9,0,-1,19,8,4,-1,0,8,0,0,0,0,1,1,-1,6,2,52,8,1968,2,14,AUDI TT,7,E01018449,0,2
2024010512913,2024,010512913,1,9,0,99,99,9,9,99,99,9,9,99,9,99,9,9,2,2,2,56,9,1984,1,2,AUDI TT,7,E01004476,0,3
2024061525453,2024,061525453,2,9,0,-1,19,5,1,-1,0,0,0,0,0,0,2,1,-1,6,2,62,9,1781,1,19,AUDI TT,7,E01005819,0,1
2024461516644,2024,461516644,2,9,0,-1,3,7,3,-1,0,0,0,0,0,0,2,9,-1,2,2,34,6,1968,2,15,AUDI TT,5,E01035273,0,1
2024332400091,2024,332400091,1,9,0,-1,19,1,5,-1,0,4,0,10,3,9,1,1,-1,9,1,27,6,1984,1,15,AUDI TT,4,E01013729,0,1
2024622400207,2024,622400207,2,9,0,17,19,2,6,0,0,0,0,0,0,0,2,1,6,6,2,70,10,1781,1,24,AUDI TT,2,W01000940,0,1
2024548082624,2024,548082624,1,9,0,18,19,4,8,0,0,2,1,0,7,4,3,1,6,6,1,33,6,1984,1,16,AUDI TT,7,E01034522,0,2
2024211416953,2024,211416953,2,9,0,-1,9,6,4,-1,0,6,0,0,0,0,3,9,-1,9,1,57,9,1984,1,15,AUDI TT,7,E01029491,0,2
2024547333924,2024,547333924,2,9,0,17,19,6,2,0,0,8,0,0,0,0,3,1,6,6,2,40,7,1984,1,17,AUDI TT,8,E01033849,0,1
2024430186648,2024,430186648,1,9,0,9,9,4,2,0,0,8,0,0,0,0,1,1,2,2,1,57,9,1781,1,19,AUDI TT,10,E01028669,0,2
2024010535750,2024,010535750,2,9,0,99,99,9,9,99,99,9,9,99,9,99,9,9,6,6,3,32,6,1984,1,5,AUDI TT,8,E01000646,0,1
2024010537180,2024,010537180,2,9,0,99,99,9,9,99,99,9,9,99,9,99,9,9,6,6,3,-1,-1,1781,1,21,AUDI TT,-1,-1,0,-1
2024991505878,2024,991505878,1,9,0,-1,19,5,1,-1,0,6,0,0,1,0,1,1,-1,6,1,68,10,1984,1,1,AUDI TT,10,-1,0,4
2024320107239,2024,320107239,1,9,0,-1,-1,4,2,0,0,8,0,0,0,0,1,1,-1,-1,1,26,6,1984,1,17,AUDI TT,5,E01026052,0,4
2024421414423,2024,421414423,1,9,0,-1,19,2,6,-1,0,1,0,0,0,0,1,1,-1,6,1,-1,-1,1781,1,21,AUDI TT,-1,-1,0,-1
2024052401813,2024,052401813,1,9,0,7,7,6,8,0,0,1,0,0,0,0,4,1,6,6,3,-1,-1,1984,1,17,AUDI TT,-1,-1,0,-1
2024471426512,2024,471426512,1,9,0,-1,19,1,5,-1,0,1,0,0,0,0,1,1,-1,9,1,25,5,1984,1,16,AUDI TT,4,E01016955,0,1
2024161470880,2024,161470880,2,9,0,-1,19,1,5,-1,0,0,0,0,0,0,2,1,-1,9,2,65,9,1781,1,19,AUDI TT,5,E01013268,0,2
2024631473308,2024,631473308,2,9,0,-1,4,4,8,-1,0,1,0,0,0,0,2,1,-1,6,2,19,4,1781,1,22,AUDI TT,5,W01000602,0,3
2024451461361,2024,451461361,2,9,0,-1,19,7,3,-1,0,0,0,0,1,0,1,1,-1,9,1,53,8,1984,1,16,AUDI TT,4,E01030364,0,1
2024451401010,2024,451401010,1,9,0,-1,19,2,6,-1,0,0,0,0,0,0,1,1,-1,9,2,47,8,1781,1,23,AUDI TT,9,E01030635,0,1
2024440197004,2024,440197004,2,9,0,18,19,2,6,0,0,0,0,0,0,0,1,1,6,6,1,35,6,1984,1,16,AUDI TT,9,E01023009,0,3
2024520402360,2024,520402360,2,9,0,18,19,8,4,0,0,0,1,0,0,0,1,1,6,6,1,66,10,1968,2,13,AUDI TT,2,E01029284,0,3
2024010531168,2024,010531168,1,9,0,99,99,9,9,99,99,9,9,99,9,99,9,9,6,6,2,32,6,1984,1,14,AUDI TT,5,E01000932,0,1
2024141418595,2024,141418595,1,9,0,-1,19,2,6,-1,0,1,0,0,0,0,1,1,-1,1,1,31,6,1781,1,23,AUDI TT,2,E01008114,0,1
2024471486730,2024,471486730,2,9,0,-1,19,4,8,-1,0,0,0,0,0,0,3,1,-1,2,2,46,8,3189,1,17,AUDI TT,10,E01031672,0,2
2024131474072,2024,131474072,1,9,0,-1,19,3,7,-1,0,0,5,4,0,0,1,1,-1,9,1,47,8,1984,1,16,AUDI TT,7,E01032024,0,5
2024211494264,2024,211494264,2,9,0,-1,5,5,1,-1,0,6,0,0,0,0,3,1,-1,6,2,53,8,1984,1,16,AUDI TT,-1,-1,0,-1
2024041448496,2024,041448496,1,9,0,-1,19,6,2,-1,0,1,1,0,0,0,1,1,-1,6,2,62,9,1984,1,12,AUDI TT,6,E01025176,0,1
2024440351170,2024,440351170,2,9,0,18,19,0,0,0,0,0,0,0,0,0,4,1,6,6,1,-1,-1,1984,1,16,AUDI TT,-1,-1,0,-1
2024052400957,2024,052400957,3,9,0,2,2,0,0,0,0,1,0,4,1,0,2,1,6,6,3,-1,-1,1984,1,16,AUDI TT,-1,-1,0,-1
2024622400820,2024,622400820,2,9,5,9,9,1,5,0,0,6,0,0,0,0,1,1,6,6,2,65,9,1968,2,6,AUDI TT,10,W01001106,0,2
2024311476235,2024,311476235,2,9,0,-1,13,5,1,-1,0,0,0,0,0,0,1,1,-1,1,2,58,9,1798,1,13,AUDI TT,-1,-1,0,-1
2024451405628,2024,451405628,2,9,0,-1,2,0,0,-1,9,0,0,0,0,0,4,1,-1,6,-1,-1,-1,1984,1,16,AUDI TT,-1,-1,0,-1
2024161511038,2024,161511038,1,9,0,-1,7,1,4,-1,0,3,0,0,0,0,1,1,-1,6,2,45,7,1968,2,15,AUDI TT,9,E01033297,0,1
2024461413518,2024,461413518,1,9,0,-1,11,3,7,-1,0,0,2,0,1,6,4,1,-1,6,1,40,7,1968,2,10,AUDI TT,7,E01024553,0,4
2024522401290,2024,522401290,3,9,0,4,4,3,7,0,0,1,0,0,0,0,1,1,6,6,1,24,5,1781,1,22,AUDI TT,10,E01014775,0,2
2024201428652,2024,201428652,2,9,0,-1,3,5,1,-1,0,1,0,0,0,0,2,1,-1,1,2,23,5,1781,1,18,AUDI TT,2,E01010106,0,3
2024161452066,2024,161452066,2,9,0,-1,19,4,2,-1,0,1,0,0,0,0,3,9,-1,6,1,24,5,1968,2,9,AUDI TT,-1,-1,0,-1
2024440555233,2024,440555233,1,9,0,16,19,1,5,0,0,1,0,0,7,9,1,1,6,6,1,37,7,1781,1,25,AUDI TT,6,E01034549,0,4
2024440389618,2024,440389618,1,9,0,16,19,1,5,0,0,0,5,0,7,3,1,1,6,6,1,32,6,1781,1,21,AUDI TT,4,E01022670,0,4
2024520500080,2024,520500080,3,9,0,18,19,1,5,0,0,3,0,0,0,0,1,1,6,6,1,27,6,1984,1,15,AUDI TT,2,E01029284,0,1
2024361462928,2024,361462928,1,9,0,-1,19,3,1,-1,0,8,0,0,0,0,4,1,-1,9,1,26,6,1984,1,16,AUDI TT,6,E01026424,0,3
2024131416329,2024,131416329,2,9,0,-1,2,0,0,-1,0,1,0,0,0,0,3,1,-1,6,-1,-1,-1,1968,2,12,AUDI TT,-1,-1,0,-1
2024201411393,2024,201411393,2,9,0,-1,19,5,1,-1,0,0,0,0,0,0,0,1,-1,6,1,36,7,3189,1,20,AUDI TT,4,E01010100,0,1
2024010499997,2024,010499997,1,9,0,8,8,1,3,0,0,1,0,0,0,0,1,1,6,6,2,70,10,1984,1,7,AUDI TT,10,E01000697,0,1
2024401403734,2024,401403734,2,9,0,-1,19,7,3,-1,0,0,0,0,0,0,2,1,-1,6,1,33,6,1984,1,17,AUDI TT,9,E01017460,0,1
2024201517212,2024,201517212,1,9,0,-1,19,7,3,-1,0,4,0,0,0,0,1,1,-1,6,1,56,9,1984,1,18,AUDI TT,5,E01009719,0,1
2024131439420,2024,131439420,2,9,0,-1,19,5,6,-1,0,8,0,0,0,0,4,1,-1,6,2,50,8,1798,1,6,AUDI TT,6,E01035054,0,1
2024131479624,2024,131479624,1,9,0,-1,4,1,3,-1,0,8,0,0,0,0,1,1,-1,2,1,29,6,1984,1,12,AUDI TT,1,E01011725,0,1
2024411541312,2024,411541312,2,9,0,-1,19,2,6,-1,0,0,0,0,0,0,1,1,-1,9,1,25,5,1984,1,5,AUDI TT,4,E01000132,0,3
2024461420872,2024,461420872,5,9,0,-1,2,0,0,-1,0,0,0,0,0,0,3,1,-1,6,-1,-1,-1,1781,1,19,AUDI TT,-1,-1,0,-1
2024010491623,2024,010491623,1,9,0,2,2,0,0,9,9,3,0,0,0,0,1,1,6,6,3,-1,-1,1984,1,15,AUDI TT,-1,-1,0,-1
2024070697152,2024,070697152,1,9,0,16,19,5,1,0,0,2,0,0,0,0,1,1,6,6,1,51,8,1781,1,23,AUDI TT,8,E01018577,0,1
2024522401944,2024,522401944,1,9,0,18,19,6,2,0,0,0,0,0,0,0,4,1,6,6,1,77,11,1984,1,13,AUDI TT,5,E01014795,0,2
2024361512885,2024,361512885,1,9,0,-1,19,3,4,-1,0,0,5,4,0,0,1,9,-1,9,1,36,7,1984,1,15,AUDI TT,8,E01026542,0,1
2024320768883,2024,320768883,2,9,0,9,9,6,4,0,0,6,0,0,0,0,2,1,-1,-1,2,53,8,1798,1,7,AUDI TT,9,E01026211,0,3
2024101458118,2024,101458118,2,3,0,-1,19,1,5,-1,0,1,0,0,0,0,1,1,-1,2,1,18,4,125,1,5,BENELLI TORNADO,9,E01008200,0,3
2024552400463,2024,552400463,2,3,0,18,19,5,1,0,0,8,0,0,0,0,1,1,6,6,1,17,4,125,1,6,BENELLI TORNADO,6,E01015353,0,1
2024311453124,2024,311453124,1,3,0,-1,19,4,8,-1,0,0,0,4,0,0,3,1,-1,6,1,19,4,125,1,7,BENELLI TORNADO,2,E01027986,0,1
2024610036224,2024,610036224,1,3,0,18,19,3,7,0,0,0,0,4,0,0,1,1,6,6,1,26,6,125,1,3,BENELLI TORNADO,1,W01001422,0,1
2024041463146,2024,041463146,2,3,0,-1,19,1,5,-1,0,0,0,0,0,0,1,1,-1,9,1,19,4,125,1,4,BENELLI TORNADO,1,E01025112,0,2
2024991454354,2024,991454354,1,4,0,-1,19,6,2,-1,0,1,0,0,0,0,1,1,-1,6,1,20,4,125,1,3,BENELLI TORNADO,1,-1,0,2
2024131489517,2024,131489517,2,3,0,-1,19,7,2,-1,0,8,5,0,7,0,4,1,-1,9,1,29,6,125,1,1,BENELLI TORNADO,1,E01011357,0,1
2024501510628,2024,501510628,1,3,0,-1,15,1,6,-1,0,0,1,10,0,0,3,1,-1,2,2,22,5,125,1,6,BENELLI TORNADO,7,E01018813,0,1
2024052401732,2024,052401732,2,3,0,18,19,1,5,0,0,8,0,0,0,0,4,1,2,2,1,24,5,125,1,3,BENELLI TORNADO,5,E01007106,0,1
2024421406370,2024,421406370,2,3,0,-1,19,1,5,-1,0,0,0,0,0,0,1,1,-1,6,2,56,9,125,1,3,BENELLI TORNADO,2,E01021969,0,1
2024101534097,2024,101534097,2,3,-1,-1,19,7,3,-1,0,0,5,0,0,0,4,1,-1,6,1,20,4,125,1,2,BENELLI TORNADO,1,E01008180,0,1
2024451455098,2024,451455098,1,3,0,-1,15,1,5,-1,0,8,0,0,0,0,3,1,-1,2,2,21,5,125,1,3,BENELLI TORNADO,8,E01030884,0,1
2024332400603,2024,332400603,1,4,0,-1,19,4,8,-1,0,0,0,0,0,0,1,1,-1,9,1,20,4,125,1,5,BENELLI TORNADO,4,E01025962,0,1
2024122400389,2024,122400389,1,3,0,18,19,5,1,0,0,0,0,0,0,0,1,1,6,6,1,17,4,125,1,2,BENELLI TORNADO,5,E01027594,0,2
2024070339811,2024,070339811,2,3,0,7,7,5,3,0,0,6,1,0,0,0,0,1,6,6,1,17,4,125,1,2,BENELLI TORNADO,4,E01018396,0,1
2024061408966,2024,061408966,2,3,0,-1,9,4,2,-1,0,1,0,0,0,0,3,1,-1,9,1,27,6,125,1,3,BENELLI TORNADO,3,E01004874,0,2
2024122500055,2024,122500055,1,3,0,18,19,1,3,0,0,3,0,0,1,0,1,1,2,2,1,21,5,125,1,7,BENELLI TORNADO,7,E01027867,0,1
2024302400732,2024,302400732,2,4,0,13,13,4,8,0,0,8,0,0,0,0,1,1,6,6,2,20,4,125,1,4,BENELLI TORNADO,3,E01019690,0,2
2024471440959,2024,471440959,2,3,0,-1,12,7,3,-1,0,0,0,0,0,0,1,1,-1,1,1,17,4,125,1,3,BENELLI TORNADO,3,E01021131,0,1
2024501535215,2024,501535215,1,3,0,-1,19,5,1,-1,0,0,0,0,0,0,1,1,-1,2,2,17,4,125,1,4,BENELLI TORNADO,2,E01015259,0,1
2024010538188,2024,010538188,2,3,0,4,4,7,3,0,0,0,0,0,0,0,1,1,6,6,1,17,4,125,1,4,BENELLI TORNADO,4,E01002447,0,1
2024231509761,2024,231509761,1,2,0,-1,4,6,2,-1,0,4,1,0,0,0,0,1,-1,2,1,53,8,125,1,3,BENELLI TORNADO,6,E01031031,0,2
2024361515385,2024,361515385,2,3,0,-1,19,7,3,-1,0,8,0,0,0,0,1,1,-1,9,1,17,4,125,1,0,BENELLI TORNADO,6,E01026496,0,3
2024131428737,2024,131428737,2,3,0,-1,19,4,8,-1,0,1,2,0,1,3,1,1,-1,6,1,28,6,125,1,3,BENELLI TORNADO,1,E01011106,0,1
2024430541366,2024,430541366,2,3,0,8,8,6,8,0,0,1,0,0,0,0,2,1,2,2,1,29,6,125,1,1,BENELLI TORNADO,8,E01017802,0,1
2024471448505,2024,471448505,2,3,0,-1,19,2,6,-1,0,1,0,0,0,0,1,1,-1,9,1,17,4,125,1,2,BENELLI TORNADO,8,E01021075,0,2
2024451425097,2024,451425097,1,3,0,-1,19,6,2,-1,0,0,0,0,0,0,1,1,-1,6,1,80,11,125,1,2,BENELLI TORNADO,6,E01030826,0,1
2024111459121,2024,111459121,1,3,0,-1,13,5,1,-1,0,0,0,7,0,0,1,1,-1,6,1,51,8,125,1,3,BENELLI TORNADO,-1,-1,0,-1