collision_index,collision_year,collision_ref_no,vehicle_reference,vehicle_type,towing_and_articulation,vehicle_manoeuvre_historic,vehicle_manoeuvre,vehicle_direction_from,vehicle_direction_to,vehicle_location_restricted_lane_historic,vehicle_location_restricted_lane,junction_location,skidding_and_overturning,hit_object_in_carriageway,vehicle_leaving_carriageway,hit_object_off_carriageway,first_point_of_impact,vehicle_left_hand_drive,journey_purpose_of_driver_historic,journey_purpose_of_driver,sex_of_driver,age_of_driver,age_band_of_driver,engine_capacity_cc,propulsion_code,age_of_vehicle,generic_make_model,driver_imd_decile,lsoa_of_driver,escooter_flag,driver_distance_banding
2024531465575,2024,531465575,1,3,0,-1,19,5,1,-1,0,0,2,0,0,0,0,1,-1,6,2,18,4,125,1,5,BENELLI TORNADO,2,E01022320,0,2
2024041405714,2024,041405714,2,3,0,-1,19,4,1,-1,0,0,0,0,0,0,2,1,-1,6,2,20,4,125,1,2,BENELLI TORNADO,1,E01012639,0,1
2024101424753,2024,101424753,1,3,0,-1,19,1,5,-1,0,5,1,7,0,0,1,1,-1,6,1,41,7,125,1,3,BENELLI TORNADO,-1,-1,0,-1
2024631418003,2024,631418003,2,3,0,-1,19,8,4,-1,0,1,1,0,0,0,0,1,-1,9,1,19,4,125,1,1,BENELLI TORNADO,3,W01000714,0,2
2024461509503,2024,461509503,2,2,0,-1,19,5,1,-1,0,0,0,0,0,0,2,1,-1,6,1,33,6,125,1,0,BENELLI TORNADO,10,E01024322,0,2
2024552401280,2024,552401280,2,3,0,9,9,5,3,0,0,8,0,0,0,0,1,1,6,6,2,32,6,125,1,0,BENELLI TORNADO,7,E01020515,0,4
2024461477494,2024,461477494,2,3,0,-1,15,1,5,-1,0,1,5,0,0,0,1,1,-1,2,1,46,8,125,1,2,BENELLI TORNADO,8,E01024344,0,1
2024552400888,2024,552400888,1,3,0,16,19,5,8,6,6,0,1,0,1,4,0,1,6,6,1,16,4,125,1,3,BENELLI TORNADO,1,E01015309,0,4
2024061515228,2024,061515228,2,3,0,-1,19,4,8,-1,0,1,0,0,0,0,1,1,-1,6,1,20,4,125,1,2,BENELLI TORNADO,9,E01005019,0,1
2024522402028,2024,522402028,2,3,0,18,19,8,4,0,0,0,0,0,0,0,1,1,6,6,1,19,4,125,1,1,BENELLI TORNADO,9,E01014741,0,2
2024991451750,2024,991451750,1,3,0,-1,19,2,6,-1,0,0,1,0,2,0,4,1,-1,6,2,17,4,125,1,2,BENELLI TORNADO,7,-1,0,3
2024440075927,2024,440075927,1,3,0,18,19,5,1,0,0,1,0,10,0,0,1,1,6,6,1,23,5,125,1,2,BENELLI TORNADO,7,E01022946,0,1
2024991445833,2024,991445833,1,3,0,-1,5,6,4,-1,0,4,0,0,0,0,0,1,-1,9,1,34,6,125,1,3,BENELLI TORNADO,5,-1,0,1
2024361527903,2024,361527903,1,3,0,-1,19,4,8,-1,0,0,5,0,0,0,3,1,-1,6,1,30,6,125,1,0,BENELLI TORNADO,6,E01026452,0,1
2024010526719,2024,010526719,1,3,0,99,99,9,9,99,99,9,9,99,9,99,1,1,6,6,1,28,6,125,1,1,BENELLI TORNADO,6,E01003435,0,2
2024440208422,2024,440208422,2,3,0,18,19,5,1,0,0,1,0,0,0,0,1,1,6,6,1,18,4,125,1,1,BENELLI TORNADO,9,E01022610,0,1
2024552400765,2024,552400765,1,3,0,13,13,7,3,0,0,8,0,0,0,0,1,1,6,6,1,15,3,125,1,4,BENELLI TORNADO,3,E01015310,0,1
2024552400388,2024,552400388,1,3,0,18,19,5,1,0,0,0,0,0,0,0,1,1,6,6,1,18,4,125,1,3,BENELLI TORNADO,5,E01015377,0,1
2024461509706,2024,461509706,2,4,0,-1,19,2,6,-1,0,0,5,0,0,0,1,1,-1,2,1,27,6,125,1,2,BENELLI TORNADO,3,E01024608,0,4
2024311433847,2024,311433847,1,2,0,-1,4,1,2,-1,0,0,0,0,0,0,1,1,-1,6,1,19,4,125,1,3,BENELLI TORNADO,2,E01027958,0,1
2024531400511,2024,531400511,2,3,0,-1,19,7,3,-1,0,1,0,0,0,0,1,1,-1,9,2,18,4,125,1,5,BENELLI TORNADO,2,E01022320,0,1
2024440351028,2024,440351028,1,3,0,18,19,7,3,0,0,0,0,0,0,0,2,1,6,6,1,20,4,125,1,2,BENELLI TORNADO,9,E01034708,0,1
2024311491064,2024,311491064,2,9,0,-1,4,3,1,-1,0,0,0,0,0,0,2,9,-1,1,2,44,7,-1,3,0,BYD ATTO 3,4,E01013936,0,3
2024531525360,2024,531525360,3,9,0,-1,4,7,3,-1,0,0,0,0,0,0,2,1,-1,2,1,32,6,-1,3,0,BYD ATTO 3,6,E01015816,0,5
2024201481057,2024,201481057,1,9,0,-1,11,2,6,-1,0,0,0,0,0,0,3,1,-1,6,2,27,6,-1,3,0,BYD ATTO 3,1,E01009952,0,2
2024430616082,2024,430616082,1,9,0,9,9,4,3,0,0,3,0,0,0,0,1,1,1,1,1,60,9,-1,3,0,BYD ATTO 3,7,E01035244,0,1
2024052401902,2024,052401902,1,9,0,18,19,7,3,0,0,8,0,0,0,0,1,1,1,1,1,43,7,-1,3,0,BYD ATTO 3,2,E01006713,0,1
2024070894338,2024,070894338,1,9,0,-1,19,9,9,-1,99,1,0,0,0,0,1,1,-1,6,1,38,7,-1,3,0,BYD ATTO 3,5,E01012542,0,1
2024010546020,2024,010546020,2,9,0,99,99,9,9,99,99,9,9,99,9,99,9,9,6,6,3,-1,-1,-1,3,1,BYD ATTO 3,6,E01001951,0,1
2024070656779,2024,070656779,1,9,0,18,19,1,5,0,0,8,0,0,0,0,3,1,6,6,2,58,9,-1,3,0,BYD ATTO 3,1,E01005065,0,4
2024010506069,2024,010506069,1,9,0,99,99,9,9,99,99,9,9,99,9,99,1,9,6,6,2,26,6,-1,3,0,BYD ATTO 3,2,E01004469,0,2
2024201470179,2024,201470179,1,9,0,-1,19,6,2,-1,0,0,9,0,0,0,1,9,-1,6,1,40,7,-1,3,0,BYD ATTO 3,1,E01009952,0,2
2024052400874,2024,052400874,1,9,0,5,5,1,5,0,0,8,0,4,7,10,3,1,6,6,1,60,9,2777,2,17,-1,2,E01006842,0,1
2024201494168,2024,201494168,3,9,0,-1,2,0,0,-1,0,0,0,0,0,0,1,2,-1,6,2,35,6,2777,2,15,-1,2,E01008915,0,1
2024201484859,2024,201484859,1,9,0,-1,11,1,4,-1,0,0,1,10,7,2,1,1,-1,1,1,65,9,2777,2,16,-1,6,E01010394,0,3
2024461450294,2024,461450294,2,5,0,-1,4,1,5,-1,0,3,2,0,0,0,3,1,-1,9,1,49,8,647,1,17,-1,8,E01024761,0,3
2024221463422,2024,221463422,1,5,0,-1,19,5,8,-1,0,8,1,0,7,10,1,1,-1,6,1,23,5,650,1,22,-1,5,E01014056,0,4
2024131514461,2024,131514461,1,5,0,-1,19,1,1,-1,0,0,0,0,7,0,1,1,-1,9,1,58,9,647,1,20,-1,1,E01010926,0,2
2024302400410,2024,302400410,2,9,0,2,2,0,0,0,0,0,0,0,0,0,2,1,6,6,2,75,10,999,1,25,-1,2,E01019523,0,1
2024371510026,2024,371510026,2,98,0,-1,19,7,3,-1,0,0,0,0,0,0,1,1,-1,1,1,75,10,4751,2,26,-1,7,E01021978,0,3
2024311491116,2024,311491116,1,3,0,-1,13,6,2,-1,0,1,0,4,0,0,4,1,-1,2,1,35,6,125,1,4,KAWASAKI BX 125,6,E01028242,0,2
2024332400528,2024,332400528,2,4,0,-1,13,6,2,-1,0,8,0,0,7,0,4,1,-1,6,1,20,4,125,1,3,KAWASAKI BX 125,5,E01025749,0,2
2024440228420,2024,440228420,2,3,0,18,19,2,6,0,0,0,0,0,0,0,1,1,2,2,2,21,5,125,1,1,KAWASAKI BX 125,5,E01017137,0,3
2024552400327,2024,552400327,1,3,0,18,19,7,3,0,0,0,0,0,0,0,0,1,6,6,1,29,6,125,1,1,KAWASAKI BX 125,5,E01034377,0,4
2024430509666,2024,430509666,2,3,0,18,19,4,8,0,0,8,0,0,0,0,4,1,6,6,1,21,5,125,1,0,KAWASAKI BX 125,6,E01016287,0,1
2024311449605,2024,311449605,1,3,0,-1,19,7,3,-1,0,2,0,0,0,0,4,1,-1,9,1,18,4,125,1,3,KAWASAKI BX 125,4,E01025718,0,3
2024361463102,2024,361463102,1,3,0,-1,13,4,8,-1,0,0,0,0,0,0,1,1,-1,6,2,19,4,125,1,4,KAWASAKI BX 125,6,E01033435,0,4
2024451471967,2024,451471967,1,3,0,-1,10,7,3,-1,0,1,1,0,0,0,2,1,-1,9,1,21,5,125,1,0,KAWASAKI BX 125,10,E01016670,0,4
2024520402991,2024,520402991,2,3,0,18,19,2,6,0,0,8,0,0,0,0,3,1,6,6,1,30,6,125,1,0,KAWASAKI BX 125,2,E01029097,0,3
2024531441399,2024,531441399,1,3,0,-1,14,5,1,-1,0,0,0,0,0,0,1,1,-1,6,1,26,6,125,1,5,KAWASAKI BX 125,8,E01022452,0,2
2024501496852,2024,501496852,1,3,0,-1,19,3,7,-1,0,0,0,0,0,0,1,1,-1,2,1,17,4,125,1,0,KAWASAKI BX 125,4,E01018895,0,1
2024320636008,2024,320636008,1,3,0,13,13,4,8,0,0,8,0,0,0,0,1,1,-1,-1,1,19,4,125,1,0,KAWASAKI BX 125,2,E01035538,0,3
2024430181335,2024,430181335,2,5,0,18,19,3,7,0,0,1,0,0,0,0,1,1,6,6,1,29,6,125,1,5,KAWASAKI BX 125,7,E01028496,0,2
2024371482650,2024,371482650,2,3,0,-1,19,2,4,-1,0,8,5,0,0,0,1,1,-1,2,1,20,4,125,1,5,KAWASAKI BX 125,6,E01030221,0,1
202454B208524,2024,54B208524,2,3,0,18,19,1,5,0,0,0,0,0,0,0,1,1,6,6,1,20,4,125,1,0,KAWASAKI BX 125,4,E01022424,0,4
2024430548737,2024,430548737,2,3,0,18,19,4,8,0,0,1,0,0,0,0,1,1,6,6,1,30,6,125,1,1,KAWASAKI BX 125,10,E01016364,0,4
2024010532739,2024,010532739,2,3,0,99,99,9,9,99,99,9,9,99,9,99,1,1,6,6,1,27,6,125,1,0,KAWASAKI BX 125,7,E01000270,0,2
2024501489581,2024,501489581,3,3,0,-1,19,4,7,-1,0,1,1,0,0,0,1,1,-1,6,2,20,4,125,1,1,KAWASAKI BX 125,8,E01018859,0,4
2024041488047,2024,041488047,2,3,0,-1,19,6,6,-1,0,1,0,0,7,9,4,1,-1,6,1,20,4,125,1,0,KAWASAKI BX 125,3,E01025442,0,1
2024332400626,2024,332400626,1,3,0,-1,19,7,2,-1,0,0,1,0,0,0,1,1,-1,2,1,30,6,125,1,4,KAWASAKI BX 125,3,E01025866,0,1
2024061451813,2024,061451813,1,3,0,-1,19,7,2,-1,0,8,1,0,0,0,3,1,-1,9,1,18,4,125,1,3,KAWASAKI BX 125,3,E01006282,0,1
2024302400444,2024,302400444,1,3,0,16,19,8,4,0,0,0,0,0,0,0,1,1,6,6,1,23,5,125,1,1,KAWASAKI BX 125,6,E01014264,0,4
2024302401375,2024,302401375,2,3,0,18,19,4,8,0,0,8,0,0,0,0,1,1,6,6,2,19,4,125,1,4,KAWASAKI BX 125,-1,-1,0,-1
2024061490773,2024,061490773,2,3,0,-1,19,1,5,-1,0,8,0,0,0,0,4,1,-1,9,1,26,6,125,1,1,KAWASAKI BX 125,3,E01005332,0,3
2024411534392,2024,411534392,2,3,-1,-1,13,-1,-1,-1,0,0,5,0,0,0,4,1,-1,7,1,17,4,125,1,0,KAWASAKI BX 125,10,E01023826,0,1
2024501444191,2024,501444191,1,4,0,-1,19,7,3,-1,0,2,0,10,0,0,1,1,-1,6,1,19,4,125,1,4,KAWASAKI BX 125,3,E01015063,0,1
2024451498927,2024,451498927,2,3,0,-1,19,1,5,-1,0,1,0,0,0,0,1,1,-1,9,1,20,4,125,1,4,KAWASAKI BX 125,8,E01000669,0,4
2024440217764,2024,440217764,1,3,0,17,19,8,0,0,0,1,0,10,1,0,1,1,6,6,2,17,4,125,1,3,KAWASAKI BX 125,4,E01035447,0,3
2024061421173,2024,061421173,2,4,0,-1,19,1,5,-1,0,1,0,0,0,0,1,1,-1,1,1,38,7,125,1,3,KAWASAKI BX 125,-1,-1,0,-1
2024411550846,2024,411550846,2,3,0,-1,14,5,1,-1,0,0,0,0,0,0,4,1,-1,6,2,17,4,125,1,0,KAWASAKI BX 125,9,E01023725,0,2
2024991437635,2024,991437635,1,3,0,-1,9,3,1,-1,0,0,0,11,3,10,1,1,-1,9,1,25,5,125,1,1,KAWASAKI BX 125,2,-1,0,1
2024221451468,2024,221451468,2,4,0,-1,14,3,7,-1,0,0,0,0,0,0,1,1,-1,9,1,47,8,125,1,1,KAWASAKI BX 125,5,E01032428,0,1
2024520403360,2024,520403360,2,3,0,18,19,7,3,0,0,8,0,0,0,0,4,1,6,6,1,17,4,125,1,0,KAWASAKI BX 125,2,E01029131,0,1
2024201495295,2024,201495295,2,3,0,-1,19,5,1,-1,0,8,0,0,0,0,4,1,-1,6,1,40,7,125,1,1,KAWASAKI BX 125,3,E01009760,0,1
2024371437935,2024,371437935,1,3,0,-1,14,8,4,-1,0,1,1,0,0,0,3,1,-1,2,1,19,4,125,1,3,KAWASAKI BX 125,8,E01030015,0,1
2024440291257,2024,440291257,1,3,0,18,19,7,3,0,0,8,0,0,0,0,1,1,6,6,1,19,4,125,1,3,KAWASAKI BX 125,4,E01017162,0,1
2024440256307,2024,440256307,1,3,0,17,19,6,3,0,0,8,1,0,0,0,3,1,4,7,1,17,4,125,1,0,KAWASAKI BX 125,6,E01034818,0,4
2024332400169,2024,332400169,2,3,0,-1,7,5,1,-1,0,3,0,0,0,0,3,1,-1,6,1,30,6,125,1,5,KAWASAKI BX 125,6,E01013606,0,1
2024552400721,2024,552400721,2,3,0,9,9,2,8,0,0,3,0,0,0,0,4,1,6,6,1,21,5,125,1,0,KAWASAKI BX 125,7,E01015324,0,1
2024440382339,2024,440382339,1,3,0,17,19,8,4,0,0,2,0,0,0,0,0,1,2,2,1,21,5,125,1,1,KAWASAKI BX 125,6,E01023183,0,1
2024010540941,2024,010540941,2,3,0,18,19,1,5,0,0,8,0,0,0,0,4,1,6,6,1,20,4,125,1,1,KAWASAKI BX 125,3,E01001192,0,3
2024440362709,2024,440362709,2,3,0,18,19,7,3,0,0,1,0,0,0,0,1,1,6,6,2,30,6,125,1,4,KAWASAKI BX 125,10,E01023269,0,3
2024451431404,2024,451431404,1,3,0,-1,19,5,8,-1,0,8,1,0,0,0,4,1,-1,9,1,18,4,125,1,4,KAWASAKI BX 125,10,E01030810,0,2
2024211494039,2024,211494039,2,3,0,-1,14,7,3,-1,0,0,0,0,0,0,1,1,-1,6,1,26,6,125,1,0,KAWASAKI BX 125,3,E01014291,0,1
2024471461102,2024,471461102,1,3,0,-1,19,5,1,-1,0,0,1,0,1,0,1,1,-1,9,1,17,4,125,1,0,KAWASAKI BX 125,4,E01031426,0,3
2024451405084,2024,451405084,3,5,0,-1,19,7,3,-1,0,0,5,0,0,0,2,1,-1,2,1,45,7,1352,1,7,-1,8,E01030915,0,3
2024010525229,2024,010525229,2,5,0,18,19,5,1,0,0,2,0,0,0,0,2,1,6,6,1,55,8,1352,1,11,-1,1,E01014127,0,5
2024471492143,2024,471492143,1,5,0,-1,19,7,3,-1,0,8,0,0,7,0,1,1,-1,2,1,27,6,997,1,33,-1,8,E01031757,0,2
2024010539691,2024,010539691,1,5,0,99,99,9,9,99,99,9,9,99,9,99,1,1,2,2,1,40,7,1352,1,14,-1,8,E01000704,0,3
2024371462037,2024,371462037,1,9,0,-1,19,5,1,-1,0,0,0,0,6,9,1,1,-1,2,1,62,9,1499,1,6,MITSUBISHI ECLIPSE,4,E01026656,0,4
2024131449940,2024,131449940,2,9,0,-1,19,1,5,-1,0,0,0,0,0,0,1,1,-1,1,1,43,7,1499,1,3,MITSUBISHI ECLIPSE,2,E01031075,0,5
2024141395460,2024,141395460,1,9,0,-1,4,4,8,-1,0,2,0,0,0,0,1,1,-1,6,2,63,9,1499,1,6,MITSUBISHI ECLIPSE,8,E01007355,0,1
2024221512161,2024,221512161,1,9,0,-1,9,8,6,-1,0,5,0,0,0,0,1,9,-1,6,1,39,7,1499,1,6,MITSUBISHI ECLIPSE,3,E01029434,0,4
2024010513891,2024,010513891,2,9,0,99,99,9,9,99,99,9,9,99,9,99,1,9,6,6,3,-1,-1,1499,1,5,MITSUBISHI ECLIPSE,-1,-1,0,-1
2024141467735,2024,141467735,2,9,0,-1,5,7,6,-1,0,8,0,0,0,0,3,1,-1,6,1,54,8,1499,1,6,MITSUBISHI ECLIPSE,4,E01007382,0,2
2024101481252,2024,101481252,2,9,0,-1,19,1,5,-1,0,0,1,0,0,0,1,2,-1,9,2,63,9,1499,1,5,MITSUBISHI ECLIPSE,-1,-1,0,-1
2024231430286,2024,231430286,2,9,0,-1,19,6,2,-1,0,0,0,0,0,0,3,1,-1,6,1,30,6,1499,1,6,MITSUBISHI ECLIPSE,3,E01031176,0,3
2024552401194,2024,552401194,1,9,0,9,9,2,8,0,0,8,0,0,0,0,3,1,6,6,1,89,11,1499,1,6,MITSUBISHI ECLIPSE,9,E01015395,0,1
2024421517725,2024,421517725,1,9,0,-1,-1,-1,-1,-1,-1,0,-1,-1,-1,0,-1,9,-1,6,3,-1,-1,1499,1,5,MITSUBISHI ECLIPSE,-1,-1,0,-1
2024061395384,2024,061395384,1,9,0,-1,19,7,1,-1,0,0,0,0,4,2,2,2,-1,9,1,51,8,1499,1,5,MITSUBISHI ECLIPSE,8,E01034242,0,4
2024010534819,2024,010534819,3,9,0,18,19,3,7,0,0,1,0,0,0,0,0,1,6,6,1,36,7,1499,1,6,MITSUBISHI ECLIPSE,10,E01017755,0,3
2024411524244,2024,411524244,1,9,0,-1,19,-1,-1,-1,0,4,0,0,0,0,1,9,-1,6,2,44,7,1499,1,4,MITSUBISHI ECLIPSE,3,E01021816,0,1
2024010557443,2024,010557443,1,9,0,99,99,9,9,99,99,9,9,99,9,99,2,9,2,2,2,54,8,1499,1,6,MITSUBISHI ECLIPSE,2,E01016025,0,4
2024070346736,2024,070346736,1,9,0,12,12,3,7,0,0,2,0,0,0,0,1,1,6,6,2,47,8,1499,1,4,MITSUBISHI ECLIPSE,7,E01012560,0,1
2024552400352,2024,552400352,2,9,0,18,19,8,4,0,0,0,0,0,0,0,2,1,2,2,1,31,6,1499,1,6,MITSUBISHI ECLIPSE,6,E01034375,0,1
2024361509148,2024,361509148,2,9,0,-1,4,2,3,-1,0,0,0,0,0,0,1,1,-1,9,2,35,6,1499,1,5,MITSUBISHI ECLIPSE,10,E01026644,0,2
2024041510028,2024,041510028,1,9,0,-1,19,5,1,-1,0,4,0,0,0,0,1,1,-1,9,2,30,6,1499,1,4,MITSUBISHI ECLIPSE,2,E01012370,0,4
2024461422487,2024,461422487,2,9,0,-1,4,3,7,-1,0,1,0,0,0,0,1,1,-1,6,1,60,9,1499,1,3,MITSUBISHI ECLIPSE,2,E01024533,0,3
2024991407707,2024,991407707,2,9,0,-1,3,5,1,-1,0,2,0,0,0,0,2,1,-1,9,1,66,10,1499,1,6,MITSUBISHI ECLIPSE,6,-1,0,1
2024471486868,2024,471486868,1,9,0,-1,4,2,6,-1,0,1,0,0,0,0,2,1,-1,2,1,43,7,1499,1,6,MITSUBISHI ECLIPSE,9,E01022727,0,4
2024461442787,2024,461442787,2,9,0,-1,19,3,1,-1,0,0,0,0,0,0,3,1,-1,9,1,81,11,1834,1,25,-1,6,E01024700,0,1
2024501507431,2024,501507431,2,5,0,-1,19,8,4,-1,0,1,0,0,0,0,3,1,-1,2,1,56,9,744,1,4,-1,7,E01018983,0,2
2024211474101,2024,211474101,2,19,0,-1,3,4,8,-1,0,0,0,0,0,0,2,1,-1,1,1,42,7,1560,2,6,PEUGEOT PARTNER,4,E01010517,0,2
2024631448749,2024,631448749,1,19,0,-1,9,5,3,-1,0,6,0,0,0,0,3,1,-1,6,1,22,5,1498,2,3,PEUGEOT PARTNER,3,W01001885,0,4
2024421437886,2024,421437886,1,19,0,-1,7,3,5,-1,0,5,0,0,0,0,1,9,-1,1,1,57,9,1498,2,4,PEUGEOT PARTNER,3,E01029889,0,4
2024361505800,2024,361505800,1,9,0,-1,19,2,7,-1,0,0,0,7,0,0,1,1,-1,6,2,83,11,1560,2,10,PEUGEOT PARTNER,8,E01026560,0,1
2024440327657,2024,440327657,1,19,0,18,19,5,1,0,0,1,0,0,0,0,1,1,1,1,1,28,6,1498,2,4,PEUGEOT PARTNER,4,E01016705,0,4
2024631501306,2024,631501306,1,19,0,-1,19,1,5,-1,0,0,0,0,0,0,3,1,-1,1,1,44,7,-1,3,2,PEUGEOT PARTNER,3,W01000586,0,2
2024010529361,2024,010529361,1,19,0,4,4,7,3,0,0,1,0,11,0,0,1,1,2,2,1,42,7,1499,2,1,PEUGEOT PARTNER,8,E01004553,0,1
2024351451925,2024,351451925,1,19,0,-1,9,2,7,-1,0,8,0,0,0,0,1,1,-1,2,1,45,7,1560,2,14,PEUGEOT PARTNER,5,E01017973,0,1
2024201405887,2024,201405887,1,19,0,-1,19,6,2,-1,0,8,0,0,0,0,4,1,-1,1,1,18,4,1500,2,2,PEUGEOT PARTNER,-1,-1,0,-1
2024461531577,2024,461531577,1,19,0,-1,1,5,1,-1,0,1,0,0,0,0,2,9,-1,6,1,34,6,1560,2,10,PEUGEOT PARTNER,7,E01024602,0,3
2024010524543,2024,010524543,1,19,0,9,9,1,7,0,0,2,0,0,0,0,4,1,1,1,2,32,6,1499,2,1,PEUGEOT PARTNER,1,E01023536,0,3
2024010545611,2024,010545611,2,19,0,99,99,9,9,99,99,9,9,99,9,99,1,9,6,6,3,71,10,1560,2,7,PEUGEOT PARTNER,6,E01023314,0,1
2024302401613,2024,302401613,1,19,0,17,19,6,3,0,0,8,1,0,0,0,3,1,1,1,1,31,6,1499,2,1,PEUGEOT PARTNER,3,E01019552,0,1
2024010525736,2024,010525736,1,19,0,3,3,3,7,0,0,1,0,0,0,0,2,1,2,2,1,39,7,1560,2,6,PEUGEOT PARTNER,-1,-1,0,-1
2024101467492,2024,101467492,2,19,0,-1,10,8,4,-1,0,1,0,0,0,0,2,9,-1,6,1,41,7,1560,2,9,PEUGEOT PARTNER,4,E01008513,0,2
2024461518385,2024,461518385,1,19,0,-1,19,3,7,-1,0,0,0,0,0,0,1,1,-1,2,1,29,6,1500,2,2,PEUGEOT PARTNER,9,E01024765,0,2
2024101526314,2024,101526314,1,19,0,-1,19,5,1,-1,0,0,0,0,0,0,1,1,-1,1,1,50,8,1560,2,10,PEUGEOT PARTNER,4,E01020783,0,2
2024010550749,2024,010550749,2,19,0,18,19,1,5,0,0,1,0,0,0,0,1,1,1,1,1,44,7,1499,2,1,PEUGEOT PARTNER,6,E01035099,0,5
2024010509816,2024,010509816,1,19,0,7,7,8,2,0,0,1,0,0,0,0,4,1,1,1,1,50,8,1200,1,5,PEUGEOT PARTNER,3,E01003605,0,2
2024221430525,2024,221430525,1,19,0,-1,19,5,1,-1,0,0,5,10,1,10,3,9,-1,1,1,60,9,1560,2,10,PEUGEOT PARTNER,8,E01032455,0,1
2024501497350,2024,501497350,1,19,0,-1,19,4,1,-1,0,1,0,0,0,0,1,1,-1,6,1,25,5,1560,2,8,PEUGEOT PARTNER,4,E01015183,0,1
2024451474029,2024,451474029,1,19,0,-1,19,5,1,-1,0,0,2,0,0,0,1,1,-1,9,1,31,6,1560,2,8,PEUGEOT PARTNER,10,E01004180,0,3
2024440028857,2024,440028857,2,19,0,18,19,5,1,0,0,0,0,0,0,0,1,1,6,6,1,26,6,1498,2,4,PEUGEOT PARTNER,3,E01017133,0,1
2024010531473,2024,010531473,3,19,0,14,14,3,7,0,0,1,0,0,0,0,1,1,6,6,1,44,7,1498,2,4,PEUGEOT PARTNER,2,E01004286,0,2
2024010537940,2024,010537940,2,9,0,9,9,7,4,0,0,6,0,0,0,0,1,1,1,1,1,39,7,1560,2,7,PEUGEOT PARTNER,-1,-1,0,-1
2024440362783,2024,440362783,1,19,0,18,19,5,1,0,0,1,0,0,0,0,1,1,1,1,1,22,5,-1,3,2,PEUGEOT PARTNER,-1,-1,0,-1
2024522401141,2024,522401141,1,19,0,6,6,7,7,0,0,0,0,0,0,0,3,1,6,6,1,25,5,1560,2,8,PEUGEOT PARTNER,1,E01014593,0,1
2024440280446,2024,440280446,2,19,0,18,19,1,5,0,0,1,0,0,0,0,1,1,1,1,1,34,6,1498,2,3,PEUGEOT PARTNER,6,E01031508,0,3
2024010526955,2024,010526955,2,19,0,18,19,3,7,0,0,0,0,0,0,0,1,1,6,6,1,40,7,1560,2,7,PEUGEOT PARTNER,3,E01001186,0,1
2024471533767,2024,471533767,1,19,0,-1,1,2,6,-1,99,2,0,0,0,0,2,1,-1,6,1,50,8,1560,2,10,PEUGEOT PARTNER,4,E01020914,0,1
2024610053624,2024,610053624,2,19,0,18,19,3,7,0,0,1,0,0,0,0,1,1,6,6,1,71,10,1560,2,5,PEUGEOT PARTNER,6,W01001562,0,1
2024131533678,2024,131533678,3,19,0,-1,19,1,1,-1,0,0,0,0,0,0,1,1,-1,1,1,36,7,1560,2,5,PEUGEOT PARTNER,4,E01008994,0,5
2024430439422,2024,430439422,1,19,0,4,4,7,3,0,0,1,0,0,0,0,1,1,1,1,1,33,6,1498,2,4,PEUGEOT PARTNER,6,E01035724,0,3
2024302400236,2024,302400236,2,19,0,18,19,8,4,0,0,8,0,0,0,0,3,1,1,1,1,41,7,1498,2,3,PEUGEOT PARTNER,9,E01019624,0,1
2024991526355,2024,991526355,2,19,0,-1,19,4,7,-1,0,0,0,0,0,0,2,1,-1,1,2,34,6,1499,2,1,PEUGEOT PARTNER,6,-1,0,3
2024421439342,2024,421439342,1,19,0,-1,19,3,7,-1,0,1,0,0,0,0,1,1,-1,6,3,-1,-1,1560,2,7,PEUGEOT PARTNER,-1,-1,0,-1
2024131481512,2024,131481512,1,19,0,-1,7,8,2,-1,0,0,0,0,0,0,0,1,-1,1,1,22,5,1560,2,6,PEUGEOT PARTNER,8,E01011244,0,3
2024071033770,2024,071033770,1,19,0,-1,9,1,7,-1,0,8,0,0,0,0,4,1,-1,9,1,35,6,1560,2,5,PEUGEOT PARTNER,1,E01012439,0,1
2024991414041,2024,991414041,1,19,0,-1,1,4,8,-1,0,1,0,0,0,0,2,1,-1,1,1,53,8,1560,2,12,PEUGEOT PARTNER,9,-1,0,1
2024231492293,2024,231492293,1,19,0,-1,14,1,5,-1,0,0,0,4,0,0,1,1,-1,1,1,37,7,1560,2,6,PEUGEOT PARTNER,2,E01009954,0,4
2024311395407,2024,311395407,1,19,0,-1,5,1,5,-1,0,0,0,0,0,0,1,1,-1,1,1,39,7,1498,2,3,PEUGEOT PARTNER,5,E01019440,0,3
2024131464421,2024,131464421,1,19,0,-1,19,3,7,-1,0,0,0,7,0,0,1,1,-1,9,1,37,7,1560,2,12,PEUGEOT PARTNER,1,E01005068,0,4
2024332400967,2024,332400967,1,19,0,-1,11,8,4,-1,0,1,0,0,0,0,4,1,-1,9,1,21,5,1499,2,1,PEUGEOT PARTNER,3,E01025822,0,4
2024320548385,2024,320548385,1,19,0,-1,-1,4,8,0,0,1,0,0,0,0,1,1,1,1,1,37,7,1498,2,3,PEUGEOT PARTNER,5,E01026726,0,4