collision_index,collision_year,collision_ref_no,vehicle_reference,vehicle_type,towing_and_articulation,vehicle_manoeuvre_historic,vehicle_manoeuvre,vehicle_direction_from,vehicle_direction_to,vehicle_location_restricted_lane_historic,vehicle_location_restricted_lane,junction_location,skidding_and_overturning,hit_object_in_carriageway,vehicle_leaving_carriageway,hit_object_off_carriageway,first_point_of_impact,vehicle_left_hand_drive,journey_purpose_of_driver_historic,journey_purpose_of_driver,sex_of_driver,age_of_driver,age_band_of_driver,engine_capacity_cc,propulsion_code,age_of_vehicle,generic_make_model,driver_imd_decile,lsoa_of_driver,escooter_flag,driver_distance_banding
2024061479887,2024,061479887,3,9,0,-1,2,0,0,-1,9,2,0,0,0,0,4,1,-1,6,-1,-1,-1,1560,2,8,PEUGEOT PARTNER,-1,-1,0,-1
2024010523844,2024,010523844,1,19,0,99,99,9,9,99,99,9,9,99,9,99,1,9,6,6,3,-1,-1,1560,2,6,PEUGEOT PARTNER,-1,-1,0,-1
2024211490716,2024,211490716,2,19,0,-1,9,7,5,-1,0,8,1,0,7,0,3,1,-1,2,1,42,7,1498,2,3,PEUGEOT PARTNER,9,E01029375,0,1
2024340NN1472,2024,340NN1472,1,19,0,-1,5,1,7,-1,0,6,0,0,0,0,3,1,-1,1,2,36,7,1560,2,12,PEUGEOT PARTNER,3,E01027319,0,1
2024010520849,2024,010520849,2,19,9,18,19,9,9,99,99,0,9,99,9,99,9,9,6,6,2,-1,-1,1499,2,1,PEUGEOT PARTNER,-1,-1,0,-1
2024141493311,2024,141493311,2,19,0,-1,19,1,7,-1,0,1,0,0,0,0,1,1,-1,6,3,-1,-1,1560,2,11,PEUGEOT PARTNER,-1,-1,0,-1
2024201505805,2024,201505805,1,19,0,-1,19,2,6,-1,0,1,0,0,0,0,1,1,-1,6,1,35,6,1560,2,16,PEUGEOT PARTNER,4,E01009313,0,1
2024010507340,2024,010507340,1,19,0,18,19,1,5,0,0,2,1,10,0,0,1,1,6,6,1,35,6,1498,2,4,PEUGEOT PARTNER,7,E01003956,0,2
2024451527560,2024,451527560,2,19,0,-1,19,3,7,-1,0,0,0,0,0,0,2,1,-1,1,1,31,6,1498,2,3,PEUGEOT PARTNER,9,E01003905,0,3
202454E580024,2024,54E580024,2,19,0,18,19,7,3,0,0,1,0,0,0,0,1,1,1,1,1,33,6,1499,2,1,PEUGEOT PARTNER,5,E01002651,0,5
2024501484555,2024,501484555,2,19,0,-1,19,4,8,-1,0,0,0,0,0,0,1,9,-1,6,1,86,11,1560,2,10,PEUGEOT PARTNER,4,E01018760,0,4
2024401539307,2024,401539307,3,19,0,-1,19,3,7,-1,0,0,0,0,0,0,1,1,-1,6,1,23,5,1560,2,10,PEUGEOT PARTNER,4,E01016727,0,4
2024440430423,2024,440430423,1,19,0,18,19,4,8,0,0,0,0,0,1,0,1,1,6,6,1,32,6,1868,2,18,PEUGEOT PARTNER,9,E01035438,0,3
2024221442063,2024,221442063,2,19,0,-1,19,2,6,-1,0,0,5,0,7,4,1,1,-1,2,1,23,5,1499,2,1,PEUGEOT PARTNER,4,E01029010,0,2
2024041504176,2024,041504176,1,9,0,-1,9,1,7,-1,0,6,0,0,0,0,1,1,-1,9,2,80,11,1560,2,9,PEUGEOT PARTNER,7,E01024993,0,4
2024351411477,2024,351411477,1,19,0,-1,-1,-1,-1,-1,0,-1,0,4,0,0,4,9,-1,6,3,-1,-1,1560,2,7,PEUGEOT PARTNER,-1,-1,0,-1
2024552400806,2024,552400806,1,19,0,9,9,5,4,0,0,6,0,0,0,0,1,1,1,1,2,35,6,1560,2,10,PEUGEOT PARTNER,6,E01034374,0,2
2024131517899,2024,131517899,4,19,0,-1,3,2,6,-1,0,8,0,0,0,0,1,1,-1,6,3,-1,-1,1499,2,1,PEUGEOT PARTNER,-1,-1,0,-1
2024010549007,2024,010549007,2,19,0,5,5,8,4,0,0,8,0,0,0,0,4,1,6,6,1,29,6,1560,2,6,PEUGEOT PARTNER,5,E01015723,0,4
2024010530025,2024,010530025,2,19,0,1,1,1,5,0,0,1,0,0,0,0,2,1,1,1,1,55,8,1500,2,2,PEUGEOT PARTNER,2,E01002767,0,2
2024991461752,2024,991461752,1,19,0,-1,11,4,1,-1,0,0,0,0,0,0,1,1,-1,9,1,40,7,1560,2,8,PEUGEOT PARTNER,1,-1,0,1
2024010507835,2024,010507835,1,19,0,5,5,8,4,0,0,4,0,0,0,0,1,1,2,2,1,34,6,1498,2,3,PEUGEOT PARTNER,5,E01002059,0,3
2024101476735,2024,101476735,2,19,0,-1,8,1,3,-1,0,4,0,0,0,0,2,1,-1,2,1,41,7,1560,2,10,PEUGEOT PARTNER,3,E01020789,0,4
2024201452569,2024,201452569,3,19,0,-1,19,2,6,-1,0,0,0,0,0,0,2,9,-1,6,2,43,7,1560,2,6,PEUGEOT PARTNER,1,E01009502,0,1
2024351432222,2024,351432222,5,19,0,-1,4,5,1,-1,0,0,0,0,0,0,2,1,-1,1,1,26,6,1499,2,1,PEUGEOT PARTNER,10,E01034976,0,5
2024211438619,2024,211438619,1,19,0,-1,4,5,1,-1,0,0,0,0,0,0,2,2,-1,1,1,61,9,1498,2,4,PEUGEOT PARTNER,-1,-1,0,-1
2024101518580,2024,101518580,2,9,0,-1,19,4,8,-1,0,8,0,0,0,0,4,1,-1,6,2,72,10,1560,2,13,PEUGEOT PARTNER,6,E01027479,0,2
2024461523365,2024,461523365,1,19,0,-1,7,5,3,-1,0,2,0,0,1,0,3,1,-1,2,1,65,9,1560,2,7,PEUGEOT PARTNER,6,E01024346,0,3
2024122401058,2024,122401058,1,9,0,15,15,8,1,0,0,1,0,0,0,0,3,1,6,6,1,65,9,-1,-1,-1,PEUGEOT PARTNER,5,E01027590,0,3
2024332400580,2024,332400580,1,19,0,-1,5,4,8,-1,0,6,0,0,0,0,4,1,-1,9,2,55,8,1560,2,10,PEUGEOT PARTNER,8,E01025951,0,1
202454A033224,2024,54A033224,1,9,0,18,19,6,2,0,0,0,0,0,7,4,1,1,6,6,1,58,9,1200,1,7,PEUGEOT PARTNER,5,E01015519,0,1
2024122401106,2024,122401106,1,19,0,18,19,3,7,0,0,0,0,0,0,0,1,1,6,6,1,30,6,1560,2,11,PEUGEOT PARTNER,9,E01027794,0,1
2024201433749,2024,201433749,2,19,0,-1,19,4,2,-1,0,8,0,0,0,0,1,1,-1,1,1,38,7,1560,2,8,PEUGEOT PARTNER,5,E01010548,0,1
2024501520195,2024,501520195,1,19,0,-1,8,1,3,-1,0,1,0,0,3,0,3,1,-1,9,1,76,11,1868,2,18,PEUGEOT PARTNER,4,E01018908,0,1
2024421407757,2024,421407757,3,19,0,-1,19,6,2,-1,0,0,0,0,1,2,3,1,-1,9,1,49,8,1498,2,4,PEUGEOT PARTNER,7,E01034086,0,3
2024221454509,2024,221454509,2,19,0,-1,19,4,8,-1,0,0,0,0,1,10,1,1,-1,1,1,53,8,1560,2,7,PEUGEOT PARTNER,4,E01029010,0,3
2024010510803,2024,010510803,2,19,0,99,99,9,9,99,99,9,9,99,9,99,9,9,6,6,3,-1,-1,1500,2,2,PEUGEOT PARTNER,-1,-1,0,-1
2024111492437,2024,111492437,1,19,0,-1,19,4,8,-1,0,0,0,0,0,0,1,1,-1,6,1,75,10,1560,2,15,PEUGEOT PARTNER,4,E01020678,0,1
2024411471674,2024,411471674,4,19,0,-1,2,0,0,-1,0,0,0,4,0,0,2,1,-1,6,-1,-1,-1,1560,2,7,PEUGEOT PARTNER,-1,-1,0,-1
2024991522786,2024,991522786,2,19,0,-1,19,8,4,-1,0,0,0,0,0,0,2,1,-1,2,1,60,9,1498,2,3,PEUGEOT PARTNER,2,E01027551,0,5
2024401500594,2024,401500594,2,19,0,-1,-1,-1,-1,-1,-1,-1,-1,-1,-1,0,4,9,-1,2,1,47,8,1560,2,6,PEUGEOT PARTNER,10,E01017438,0,3
2024141435391,2024,141435391,2,9,0,-1,19,1,5,-1,0,1,5,0,0,0,4,1,-1,2,1,28,6,1560,2,13,PEUGEOT PARTNER,1,E01008011,0,1
2024461472338,2024,461472338,1,19,0,-1,5,3,7,-1,0,6,0,0,0,0,1,1,-1,1,2,61,9,1560,2,9,PEUGEOT PARTNER,1,E01024697,0,1
2024501505047,2024,501505047,1,19,0,-1,19,5,1,-1,0,0,0,0,8,9,1,1,-1,1,1,60,9,1499,2,0,PEUGEOT PARTNER,5,E01018783,0,4
2024221498010,2024,221498010,2,9,0,-1,19,1,4,-1,0,0,0,0,0,0,1,1,-1,6,1,65,9,1997,2,21,PEUGEOT PARTNER,1,E01013995,0,1
202454E989824,2024,54E989824,1,19,0,18,19,6,2,9,9,1,0,0,1,11,1,1,6,6,1,30,6,1560,2,9,PEUGEOT PARTNER,8,E01032053,0,1
2024430482613,2024,430482613,1,19,0,18,19,4,8,0,0,0,0,0,1,4,2,1,2,2,1,41,7,1500,2,5,PEUGEOT PARTNER,2,E01002786,0,4
2024461434387,2024,461434387,1,19,0,-1,19,4,3,-1,0,0,0,4,0,0,1,9,-1,1,2,27,6,1498,2,3,PEUGEOT PARTNER,8,E01016095,0,2
2024421509110,2024,421509110,1,19,0,-1,19,1,3,-1,0,4,0,0,0,0,1,1,-1,6,1,54,8,1499,2,1,PEUGEOT PARTNER,5,E01021921,0,4
2024070535785,2024,070535785,2,19,0,2,2,0,0,0,0,0,0,0,0,0,1,1,1,1,1,45,7,1560,2,9,PEUGEOT PARTNER,3,E01018446,0,4
2024501509165,2024,501509165,1,19,0,-1,19,2,6,-1,0,0,0,0,0,0,1,1,-1,6,1,70,10,1868,2,18,PEUGEOT PARTNER,8,E01020266,0,2
2024501497111,2024,501497111,2,19,9,-1,7,3,5,-1,0,6,0,0,0,0,1,1,-1,6,1,31,6,1560,2,8,PEUGEOT PARTNER,3,E01015052,0,1
2024411519457,2024,411519457,2,19,0,-1,4,1,5,-1,0,0,0,0,0,0,2,1,-1,9,1,37,7,1560,2,7,PEUGEOT PARTNER,7,E01023540,0,1
2024311529495,2024,311529495,1,19,0,-1,19,5,1,-1,0,0,0,0,0,0,4,1,-1,6,1,62,9,1560,2,6,PEUGEOT PARTNER,7,E01026344,0,4
2024010499263,2024,010499263,2,19,0,99,99,9,9,99,99,9,9,99,9,99,9,9,6,6,3,48,8,1560,2,8,PEUGEOT PARTNER,2,E01001509,0,2
2024451486873,2024,451486873,1,9,0,-1,9,5,1,-1,0,0,0,0,0,0,0,1,-1,2,1,33,6,1560,2,8,PEUGEOT PARTNER,6,E01024301,0,4
2024141405823,2024,141405823,2,19,0,-1,3,8,2,-1,0,1,0,0,0,0,2,1,-1,6,1,41,7,1560,2,8,PEUGEOT PARTNER,4,E01007382,0,2
2024371437796,2024,371437796,1,19,0,-1,19,5,1,-1,0,1,0,0,0,0,1,1,-1,6,1,54,8,1560,2,10,PEUGEOT PARTNER,9,E01030239,0,1
2024320052069,2024,320052069,1,19,0,-1,-1,8,4,0,0,0,0,0,1,4,1,1,1,1,1,32,6,1500,2,3,PEUGEOT PARTNER,1,E01013312,0,4
2024131408116,2024,131408116,2,19,0,-1,19,7,7,-1,0,0,0,0,0,0,2,1,-1,6,1,28,6,1499,2,1,PEUGEOT PARTNER,4,E01006387,0,4
2024010499489,2024,010499489,1,19,0,5,5,3,7,0,0,2,0,4,0,0,1,1,1,1,1,48,8,1560,2,7,PEUGEOT PARTNER,3,E01003263,0,2
2024052402755,2024,052402755,1,19,0,1,1,5,1,0,0,5,0,0,0,0,2,1,2,2,1,40,7,1560,2,11,PEUGEOT PARTNER,5,E01007211,0,1
2024010551017,2024,010551017,2,19,0,18,19,3,7,0,0,8,0,0,0,0,1,1,6,6,1,31,6,1498,2,4,PEUGEOT PARTNER,6,E01002601,0,1
2024010507013,2024,010507013,2,9,0,18,19,7,3,0,0,8,0,0,0,0,4,1,6,6,1,45,7,1560,2,7,PEUGEOT PARTNER,-1,-1,0,-1
2024631489539,2024,631489539,2,19,0,-1,19,5,1,-1,0,0,0,0,0,0,1,1,-1,1,2,21,5,1560,2,9,PEUGEOT PARTNER,5,W01000724,0,4
2024061485460,2024,061485460,1,19,0,-1,19,8,4,-1,0,1,0,0,0,0,4,1,-1,9,1,21,5,1560,2,9,PEUGEOT PARTNER,1,E01005380,0,1
2024471482242,2024,471482242,4,19,0,-1,19,7,3,-1,0,0,0,0,0,0,1,1,-1,6,1,31,6,1560,2,9,PEUGEOT PARTNER,1,-1,0,5
2024421523202,2024,421523202,2,19,0,-1,19,3,7,-1,0,8,0,0,0,0,2,1,-1,2,1,31,6,1498,2,4,PEUGEOT PARTNER,8,E01021924,0,3
2024221457187,2024,221457187,1,19,0,-1,19,5,8,-1,0,0,0,0,0,0,1,9,-1,1,1,27,6,1498,2,4,PEUGEOT PARTNER,8,E01033528,0,3
2024101503758,2024,101503758,1,19,0,-1,9,8,5,-1,0,5,0,0,0,0,4,9,-1,6,1,-1,-1,1499,2,1,PEUGEOT PARTNER,-1,-1,0,-1
2024451395265,2024,451395265,1,19,0,-1,19,5,1,-1,0,0,0,0,0,0,1,9,-1,6,1,35,6,1560,2,6,PEUGEOT PARTNER,9,E01030731,0,2
2024131525096,2024,131525096,1,19,0,-1,4,1,1,-1,0,0,0,0,0,0,2,1,-1,6,3,-1,-1,-1,3,0,PEUGEOT PARTNER,-1,-1,0,-1
2024552401097,2024,552401097,1,19,0,1,1,8,4,9,9,0,0,0,0,0,4,1,6,6,1,31,6,1560,2,12,PEUGEOT PARTNER,7,E01020473,0,2
2024010509737,2024,010509737,1,19,0,9,9,5,2,0,0,1,0,0,0,0,1,1,1,1,1,43,7,1560,2,8,PEUGEOT PARTNER,3,E01004679,0,1
2024031462605,2024,031462605,2,19,0,-1,19,4,8,-1,0,1,1,0,0,0,1,1,-1,1,1,50,8,1498,2,4,PEUGEOT PARTNER,1,E01005324,0,5
2024052400264,2024,052400264,1,19,0,18,19,3,7,0,0,0,0,0,0,0,3,1,1,1,1,34,6,1499,2,1,PEUGEOT PARTNER,8,E01006922,0,3
2024201470257,2024,201470257,1,19,0,-1,19,8,4,-1,0,0,0,0,0,0,1,1,-1,6,1,32,6,1560,2,9,PEUGEOT PARTNER,3,E01009221,0,1
2024320533001,2024,320533001,3,9,0,9,9,4,2,0,0,1,0,0,0,0,2,1,-1,-1,1,76,11,1560,2,16,PEUGEOT PARTNER,6,E01026100,0,1
2024471409616,2024,471409616,2,9,0,-1,19,7,3,-1,0,0,0,0,1,0,1,1,-1,9,1,72,10,1560,2,7,PEUGEOT PARTNER,10,E01023220,0,4
2024401488046,2024,401488046,1,19,0,-1,13,1,5,-1,0,0,0,0,3,0,1,1,-1,6,1,25,5,1560,2,5,PEUGEOT PARTNER,7,E01017561,0,1
2024622400695,2024,622400695,1,19,0,18,19,2,6,0,0,1,0,0,0,0,1,1,1,1,1,57,9,1498,2,3,PEUGEOT PARTNER,3,W01000746,0,1
2024451529924,2024,451529924,2,19,0,-1,4,3,7,-1,0,0,0,0,0,0,2,1,-1,1,1,41,7,1499,2,1,PEUGEOT PARTNER,9,E01030727,0,1
2024991435737,2024,991435737,1,19,0,-1,3,8,5,-1,0,4,0,0,0,0,1,1,-1,2,1,55,8,1560,2,8,PEUGEOT PARTNER,4,-1,0,4
2024010508572,2024,010508572,1,19,0,99,99,9,9,99,99,0,9,99,9,99,1,9,6,6,3,-1,-1,1498,2,3,PEUGEOT PARTNER,3,E01001011,0,1
2024201478878,2024,201478878,1,19,0,-1,4,3,1,-1,0,1,0,0,0,0,1,9,-1,6,1,29,6,1560,2,11,PEUGEOT PARTNER,4,E01032529,0,2
2024631525688,2024,631525688,1,21,0,-1,12,5,2,-1,0,0,0,0,0,0,3,1,-1,1,1,24,5,-1,-1,-1,PEUGEOT PARTNER,4,E01028945,0,4
2024430034113,2024,430034113,1,19,0,18,19,8,4,0,0,0,0,0,0,0,1,1,6,6,1,45,7,1560,2,7,PEUGEOT PARTNER,-1,-1,0,-1
2024221431648,2024,221431648,2,19,0,-1,10,6,3,-1,0,8,0,0,0,0,3,1,-1,6,1,29,6,1560,2,8,PEUGEOT PARTNER,4,E01014098,0,2
2024411519728,2024,411519728,2,19,0,-1,19,3,7,-1,0,1,0,0,0,0,1,1,-1,1,1,46,8,1498,2,3,PEUGEOT PARTNER,2,E01021700,0,4
2024201453145,2024,201453145,1,19,0,-1,1,4,8,-1,0,0,0,0,0,0,2,1,-1,6,3,25,5,1868,2,19,PEUGEOT PARTNER,-1,-1,0,-1
2024411436975,2024,411436975,2,19,0,-1,19,7,3,-1,0,1,0,0,0,0,4,1,-1,2,1,44,7,1560,2,9,PEUGEOT PARTNER,7,E01023666,0,1
2024122401140,2024,122401140,1,19,0,4,4,1,5,0,0,1,0,0,0,0,1,1,6,6,1,66,10,1560,2,13,PEUGEOT PARTNER,10,E01013339,0,1
2024010550064,2024,010550064,1,19,0,18,19,3,7,0,0,0,0,0,0,0,1,1,1,1,1,64,9,1500,2,2,PEUGEOT PARTNER,5,E01021822,0,4
2024421469002,2024,421469002,2,19,0,-1,4,1,5,-1,0,0,0,0,1,0,2,1,-1,1,1,25,5,1560,2,5,PEUGEOT PARTNER,9,E01021828,0,1
2024461416257,2024,461416257,2,8,0,-1,9,2,6,-1,0,6,0,0,0,0,1,1,-1,9,1,55,8,1560,2,7,PEUGEOT PARTNER,2,E01024685,0,1
2024451397665,2024,451397665,1,19,0,-1,19,1,5,-1,0,1,0,0,0,0,3,1,-1,1,1,63,9,1499,2,1,PEUGEOT PARTNER,3,E01024103,0,5
2024070349643,2024,070349643,1,19,0,4,4,3,7,0,0,0,1,0,0,0,1,1,2,2,1,60,9,1560,2,14,PEUGEOT PARTNER,8,E01007117,0,3
2024501461425,2024,501461425,2,19,0,-1,1,2,6,-1,0,0,0,0,0,0,2,2,-1,6,1,31,6,1560,2,5,PEUGEOT PARTNER,7,E01015211,0,1
2024421451348,2024,421451348,2,19,0,-1,13,4,8,-1,0,0,0,0,0,0,2,1,-1,2,1,46,8,1560,2,7,PEUGEOT PARTNER,5,E01016015,0,1
2024221403967,2024,221403967,2,19,0,-1,19,1,5,-1,0,8,5,0,1,9,1,9,-1,1,1,60,9,1560,2,7,PEUGEOT PARTNER,8,E01028923,0,1
2024041437121,2024,041437121,1,19,0,-1,19,5,5,-1,0,0,0,4,0,0,1,1,-1,1,1,24,5,1500,2,2,PEUGEOT PARTNER,1,E01025290,0,1
2024320476217,2024,320476217,3,8,0,-1,-1,2,6,0,0,0,0,0,0,0,1,1,1,1,2,35,6,1560,2,11,PEUGEOT PARTNER,1,E01026114,0,1
2024501510907,2024,501510907,1,19,0,-1,4,6,2,-1,0,0,0,0,0,0,1,1,-1,1,1,21,5,1560,2,11,PEUGEOT PARTNER,4,E01034641,0,1
2024552500080,2024,552500080,1,19,0,9,9,4,1,0,0,5,0,0,0,0,1,1,6,6,3,-1,-1,1560,2,12,PEUGEOT PARTNER,-1,-1,0,-1
2024451414706,2024,451414706,2,19,0,-1,9,5,3,-1,0,6,0,0,0,0,2,1,-1,2,1,46,8,1560,2,10,PEUGEOT PARTNER,8,E01030478,0,1
2024520402532,2024,520402532,2,19,9,9,9,6,4,0,0,8,0,0,0,0,1,1,6,6,3,-1,-1,1500,2,3,PEUGEOT PARTNER,-1,-1,0,-1
2024361433328,2024,361433328,2,19,0,-1,3,2,3,-1,0,0,0,0,0,0,1,1,-1,2,2,39,7,1560,2,9,PEUGEOT PARTNER,1,E01026467,0,1
2024010548320,2024,010548320,2,19,0,3,3,3,7,0,0,6,0,0,0,0,3,1,6,6,1,41,7,1560,2,12,PEUGEOT PARTNER,4,E01003529,0,2
2024010555803,2024,010555803,2,19,0,99,99,9,9,99,99,9,9,99,9,99,9,9,6,6,3,-1,-1,1560,2,7,PEUGEOT PARTNER,4,E01000634,0,1
2024451412896,2024,451412896,1,19,0,-1,10,3,7,-1,0,8,0,0,0,0,2,1,-1,1,1,35,6,1498,2,4,PEUGEOT PARTNER,10,E01030500,0,2
2024010522810,2024,010522810,3,19,0,18,19,1,5,0,0,0,0,0,0,0,1,1,6,6,1,34,6,1560,2,7,PEUGEOT PARTNER,8,E01001100,0,1
2024122500146,2024,122500146,4,19,0,3,3,3,7,0,0,1,0,0,0,0,1,1,6,6,1,21,5,1560,2,10,PEUGEOT PARTNER,3,E01011322,0,4
2024622400383,2024,622400383,1,9,0,5,5,7,4,0,0,0,0,0,0,0,1,1,6,6,1,18,4,-1,-1,-1,PEUGEOT PARTNER,3,W01001317,0,1
2024320091977,2024,320091977,2,19,0,7,7,4,7,0,0,5,0,0,1,10,2,1,1,1,1,74,10,1560,2,10,PEUGEOT PARTNER,8,E01026007,0,3
2024991534795,2024,991534795,1,19,0,-1,9,3,8,-1,0,8,1,0,1,0,1,1,-1,1,1,54,8,1560,2,12,PEUGEOT PARTNER,8,-1,0,2
2024010526999,2024,010526999,1,19,0,9,9,7,5,0,0,5,0,0,0,0,3,1,1,1,1,51,8,-1,3,2,PEUGEOT PARTNER,4,E01003410,0,1
2024430195485,2024,430195485,1,19,0,9,9,2,8,0,0,5,0,0,0,0,4,1,6,6,1,34,6,1560,2,8,PEUGEOT PARTNER,5,E01016487,0,3
2024201494998,2024,201494998,1,19,0,-1,9,6,3,-1,0,5,0,0,0,0,1,1,-1,2,2,59,9,1499,2,1,PEUGEOT PARTNER,4,E01010353,0,1
2024010535001,2024,010535001,2,19,0,18,19,7,3,0,0,1,0,0,0,0,1,1,6,6,3,-1,-1,1560,2,5,PEUGEOT PARTNER,-1,-1,0,-1
2024201431413,2024,201431413,3,19,0,-1,3,4,8,-1,0,0,0,0,0,0,2,9,-1,2,1,32,6,1498,2,3,PEUGEOT PARTNER,1,E01010076,0,4
2024141511213,2024,141511213,2,19,0,-1,9,5,3,-1,0,4,0,0,0,0,1,1,-1,1,1,22,5,1560,2,9,PEUGEOT PARTNER,5,E01007640,0,3
2024501423605,2024,501423605,1,9,0,-1,19,2,6,-1,0,4,0,0,0,0,1,9,-1,6,1,26,6,1560,2,18,PEUGEOT PARTNER,4,E01020048,0,4
2024041476539,2024,041476539,1,19,0,-1,19,3,7,-1,0,0,0,0,0,0,1,1,-1,1,2,42,7,1560,2,6,PEUGEOT PARTNER,8,E01025542,0,3
2024311415754,2024,311415754,2,19,0,-1,19,8,4,-1,0,8,0,0,0,0,4,1,-1,1,1,44,7,1560,2,9,PEUGEOT PARTNER,3,E01028014,0,1
2024522401322,2024,522401322,1,19,0,9,9,8,6,0,0,5,0,0,0,0,3,1,6,6,1,36,7,1560,2,7,PEUGEOT PARTNER,10,E01014715,0,1
2024622400454,2024,622400454,2,19,0,3,3,6,2,0,0,0,0,0,0,0,2,1,6,6,1,65,9,1560,2,7,PEUGEOT PARTNER,9,W01001947,0,1
2024211445692,2024,211445692,1,19,0,-1,19,8,6,-1,0,0,0,0,0,0,1,1,-1,9,1,35,6,1560,2,7,PEUGEOT PARTNER,7,E01029790,0,3
2024010509185,2024,010509185,2,19,0,99,99,9,9,99,99,9,9,99,9,99,2,9,6,6,3,-1,-1,1560,2,6,PEUGEOT PARTNER,-1,-1,0,-1
2024631499903,2024,631499903,2,19,0,-1,19,3,7,-1,0,0,0,0,1,2,3,1,-1,2,1,57,9,1200,1,7,PEUGEOT PARTNER,2,W01000454,0,1
2024070542234,2024,070542234,1,19,0,18,19,4,8,0,0,1,0,0,0,0,1,1,6,6,2,-1,-1,1500,2,3,PEUGEOT PARTNER,-1,-1,0,-1
2024631511460,2024,631511460,2,19,0,-1,19,5,1,-1,0,8,0,0,0,0,1,1,-1,6,1,53,8,1499,2,1,PEUGEOT PARTNER,6,W01000662,0,2
2024991403110,2024,991403110,2,19,0,-1,19,3,7,-1,0,8,0,0,0,0,1,1,-1,9,1,56,9,1560,2,6,PEUGEOT PARTNER,4,E01027376,0,2
2024161498882,2024,161498882,2,19,0,-1,19,6,2,-1,0,0,0,0,0,0,2,1,-1,6,1,33,6,1499,2,1,PEUGEOT PARTNER,1,E01012806,0,4
2024101442817,2024,101442817,1,19,0,-1,19,5,1,-1,0,8,0,0,0,0,1,9,-1,6,1,49,8,1560,2,6,PEUGEOT PARTNER,1,E01008590,0,1
202460Q186345,2024,60Q186345,2,19,0,2,2,0,0,0,0,0,0,0,0,0,1,1,6,6,1,61,9,1560,2,12,PEUGEOT PARTNER,-1,-1,0,-1
2024010524243,2024,010524243,1,19,0,2,2,0,0,0,0,1,0,0,0,0,4,1,6,6,3,-1,-1,1498,2,4,PEUGEOT PARTNER,-1,-1,0,-1
2024631455064,2024,631455064,1,19,0,-1,9,8,6,-1,0,5,0,0,0,0,4,1,-1,2,1,59,9,1560,2,10,PEUGEOT PARTNER,4,E01014033,0,1
2024440539510,2024,440539510,1,19,0,18,19,4,8,0,0,8,0,0,0,0,1,1,6,6,1,71,10,1560,2,9,PEUGEOT PARTNER,7,E01023221,0,1
2024622400100,2024,622400100,1,19,0,18,19,4,8,0,0,0,0,0,0,0,1,1,6,6,1,29,6,1560,2,13,PEUGEOT PARTNER,7,W01001989,0,3
2024622400208,2024,622400208,1,19,0,18,19,8,4,0,0,1,0,0,0,0,1,1,1,1,1,41,7,1560,2,10,PEUGEOT PARTNER,2,W01001261,0,1
2024201421735,2024,201421735,1,19,0,-1,9,6,4,-1,0,5,0,0,0,0,1,9,-1,1,1,57,9,1500,2,2,PEUGEOT PARTNER,4,E01009825,0,2
2024041486153,2024,041486153,3,20,0,-1,19,3,7,-1,0,0,0,0,0,0,2,1,-1,1,1,19,4,-1,-1,-1,PEUGEOT PARTNER,5,E01012618,0,1
2024991522363,2024,991522363,1,19,0,-1,19,7,3,-1,0,0,0,0,0,0,1,1,-1,6,1,18,4,1560,2,10,PEUGEOT PARTNER,5,E01026878,0,5
2024221496272,2024,221496272,3,19,0,-1,19,6,1,-1,0,0,0,0,0,0,2,1,-1,6,1,33,6,1499,2,1,PEUGEOT PARTNER,6,E01035061,0,3
2024111481223,2024,111481223,2,19,0,-1,9,5,1,-1,0,0,0,0,0,0,1,1,-1,6,3,30,6,1560,2,9,PEUGEOT PARTNER,-1,-1,0,-1
2024041436483,2024,041436483,2,19,0,-1,19,5,7,-1,0,5,0,0,7,0,4,1,-1,2,1,54,8,1499,2,1,PEUGEOT PARTNER,4,E01019233,0,4
2024010516759,2024,010516759,2,19,0,99,99,9,9,99,99,9,9,99,9,99,1,9,6,6,3,31,6,1560,2,11,PEUGEOT PARTNER,4,E01000976,0,2
2024302401400,2024,302401400,1,19,0,4,4,1,5,0,0,0,0,0,0,0,1,1,1,1,1,32,6,1498,2,4,PEUGEOT PARTNER,2,E01027977,0,3
202417M112624,2024,17M112624,1,19,0,-1,5,6,2,-1,0,2,0,0,0,0,3,1,-1,6,1,34,6,1560,2,12,PEUGEOT PARTNER,8,E01033480,0,2
2024041442870,2024,041442870,1,19,0,-1,6,5,1,-1,0,0,0,0,0,0,1,1,-1,1,1,28,6,1560,2,12,PEUGEOT PARTNER,3,E01024933,0,1
2024141416482,2024,141416482,1,19,0,-1,19,7,3,-1,0,0,5,0,1,11,1,1,-1,1,1,64,9,1560,2,9,PEUGEOT PARTNER,8,E01007524,0,3
2024401471212,2024,401471212,1,19,0,-1,19,8,4,-1,0,0,0,0,0,0,3,1,-1,1,1,24,5,1500,2,2,PEUGEOT PARTNER,6,E01017424,0,4
2024371472569,2024,371472569,2,19,0,-1,2,0,0,-1,0,0,0,0,0,0,2,1,-1,1,1,38,7,1560,2,11,PEUGEOT PARTNER,8,E01029952,0,1