collision_index,collision_year,collision_ref_no,vehicle_reference,vehicle_type,towing_and_articulation,vehicle_manoeuvre_historic,vehicle_manoeuvre,vehicle_direction_from,vehicle_direction_to,vehicle_location_restricted_lane_historic,vehicle_location_restricted_lane,junction_location,skidding_and_overturning,hit_object_in_carriageway,vehicle_leaving_carriageway,hit_object_off_carriageway,first_point_of_impact,vehicle_left_hand_drive,journey_purpose_of_driver_historic,journey_purpose_of_driver,sex_of_driver,age_of_driver,age_band_of_driver,engine_capacity_cc,propulsion_code,age_of_vehicle,generic_make_model,driver_imd_decile,lsoa_of_driver,escooter_flag,driver_distance_banding
2024141414350,2024,141414350,1,9,0,-1,19,4,8,-1,0,8,0,0,1,10,2,2,-1,1,1,43,7,1560,2,11,PEUGEOT PARTNER,9,E01007561,0,2
2024010524582,2024,010524582,1,19,0,9,9,3,1,0,0,8,0,0,0,0,3,1,6,6,1,33,6,1498,2,5,PEUGEOT PARTNER,5,E01035578,0,3
2024471421700,2024,471421700,2,19,-1,-1,4,8,4,-1,0,0,0,0,0,0,2,9,-1,6,3,-1,-1,1560,2,13,PEUGEOT PARTNER,-1,-1,0,-1
2024361484920,2024,361484920,1,19,0,-1,9,0,0,-1,0,1,0,0,0,0,1,1,-1,2,1,23,5,1560,2,10,PEUGEOT PARTNER,5,E01026430,0,4
2024461445648,2024,461445648,4,9,0,-1,2,0,0,-1,0,0,0,0,0,0,1,1,-1,6,-1,-1,-1,1560,2,11,PEUGEOT PARTNER,-1,-1,0,-1
2024361440042,2024,361440042,1,9,0,-1,9,7,7,-1,0,1,0,0,0,0,1,2,-1,6,1,60,9,1560,2,16,PEUGEOT PARTNER,2,E01035134,0,1
2024211532471,2024,211532471,1,19,0,-1,5,5,1,-1,0,0,0,0,3,0,2,1,-1,1,1,62,9,1560,2,6,PEUGEOT PARTNER,7,E01029772,0,2
2024101513297,2024,101513297,1,20,0,-1,11,7,3,-1,0,0,0,0,0,0,4,2,-1,6,1,26,6,-1,-1,-1,PEUGEOT PARTNER,-1,-1,0,-1
2024010535670,2024,010535670,1,19,0,9,9,1,8,0,0,1,0,0,0,0,1,1,2,2,1,22,5,1498,2,5,PEUGEOT PARTNER,5,E01000398,0,1
2024141511358,2024,141511358,2,19,0,-1,9,2,8,-1,0,6,0,0,0,0,4,1,-1,2,1,64,9,1499,2,1,PEUGEOT PARTNER,1,E01005967,0,4
2024131394867,2024,131394867,3,19,0,-1,2,0,0,-1,0,0,0,0,0,0,2,1,-1,6,-1,-1,-1,1560,2,12,PEUGEOT PARTNER,-1,-1,0,-1
2024061488167,2024,061488167,2,19,0,-1,3,8,4,-1,0,1,0,0,0,0,2,1,-1,6,1,53,8,1560,2,10,PEUGEOT PARTNER,2,E01006308,0,1
2024320423712,2024,320423712,2,19,0,-1,-1,2,6,0,0,8,0,0,0,0,1,1,1,1,1,61,9,1498,2,4,PEUGEOT PARTNER,7,E01026412,0,1
2024101422166,2024,101422166,1,19,0,-1,4,7,3,-1,0,0,0,0,0,0,0,1,-1,6,1,46,8,1560,2,12,PEUGEOT PARTNER,6,E01008314,0,2
2024111551210,2024,111551210,1,19,0,-1,7,6,1,-1,0,8,0,0,0,0,1,1,-1,2,1,65,9,1498,2,3,PEUGEOT PARTNER,1,E01020739,0,1
2024340WN0252,2024,340WN0252,1,19,0,-1,19,8,4,-1,0,0,0,0,0,0,1,1,-1,2,1,21,5,1498,2,3,PEUGEOT PARTNER,10,E01028364,0,4
2024421502541,2024,421502541,3,19,0,-1,14,1,5,-1,0,0,0,0,0,0,2,1,-1,6,1,51,8,1560,2,7,PEUGEOT PARTNER,7,E01021895,0,4
2024461530308,2024,461530308,1,19,0,-1,9,4,7,-1,0,6,0,0,0,0,4,1,-1,6,1,74,10,1498,2,4,PEUGEOT PARTNER,6,E01024367,0,1
2024010510583,2024,010510583,1,19,0,17,19,5,1,0,0,1,0,0,0,0,4,1,2,2,1,68,10,1498,2,3,PEUGEOT PARTNER,2,E01017188,0,5
2024991501844,2024,991501844,2,19,0,-1,19,5,1,-1,0,3,0,9,4,10,4,1,-1,1,1,35,6,1498,2,4,PEUGEOT PARTNER,-1,-1,0,-1
2024122500102,2024,122500102,1,19,0,5,5,3,7,0,0,4,0,0,0,0,1,1,1,1,1,36,7,1499,2,2,PEUGEOT PARTNER,6,E01027915,0,4
2024201430170,2024,201430170,1,19,0,-1,19,4,8,-1,0,0,0,0,0,0,1,1,-1,6,1,-1,-1,1560,2,7,PEUGEOT PARTNER,-1,-1,0,-1
2024421413007,2024,421413007,1,19,0,-1,5,7,4,-1,0,0,0,0,0,0,1,1,-1,6,1,36,7,1560,2,7,PEUGEOT PARTNER,-1,-1,0,-1
2024131498075,2024,131498075,1,9,0,-1,19,6,2,-1,0,0,0,0,0,0,1,2,-1,9,2,77,11,1560,2,11,PEUGEOT PARTNER,3,E01010662,0,1
2024361402802,2024,361402802,2,19,0,-1,19,5,1,-1,0,1,0,0,0,0,4,1,-1,1,1,56,9,1560,2,6,PEUGEOT PARTNER,5,E01026445,0,2
2024010520254,2024,010520254,1,19,0,18,19,3,7,0,0,1,1,7,0,0,4,1,6,6,1,28,6,1560,2,6,PEUGEOT PARTNER,3,E01003983,0,2
2024131532942,2024,131532942,1,19,0,-1,-1,-1,-1,-1,-1,1,-1,-1,-1,0,3,1,-1,6,3,-1,-1,1560,2,7,PEUGEOT PARTNER,-1,-1,0,-1
2024622400834,2024,622400834,4,19,0,18,19,8,4,0,0,0,0,0,0,0,2,1,6,6,1,24,5,1499,2,1,PEUGEOT PARTNER,9,W01001944,0,2
2024010540711,2024,010540711,2,19,0,99,99,9,9,99,99,9,9,99,9,99,9,9,6,6,3,-1,-1,1200,1,5,PEUGEOT PARTNER,3,E01000785,0,1
2024411495736,2024,411495736,1,19,-1,-1,-1,-1,-1,-1,-1,0,-1,-1,-1,0,1,9,-1,6,1,26,6,1560,2,9,PEUGEOT PARTNER,4,E01030645,0,4
2024010517938,2024,010517938,2,19,0,7,7,5,7,0,0,2,0,0,0,0,4,1,1,1,1,44,7,1498,2,5,PEUGEOT PARTNER,3,E01031360,0,4
2024340NN0292,2024,340NN0292,2,19,0,-1,19,8,4,-1,0,8,0,0,1,11,4,1,-1,1,1,49,8,1560,2,12,PEUGEOT PARTNER,7,E01027338,0,1
2024471421686,2024,471421686,1,19,0,-1,7,3,5,-1,0,8,0,0,0,0,1,1,-1,1,1,55,8,1498,2,4,PEUGEOT PARTNER,4,E01020997,0,4
2024010543397,2024,010543397,1,19,0,99,99,9,9,99,99,9,9,99,9,99,9,9,1,1,2,48,8,1500,2,5,PEUGEOT PARTNER,10,E01030475,0,4
2024010511119,2024,010511119,4,19,0,2,2,0,0,0,0,1,0,0,0,0,1,1,6,6,3,-1,-1,1498,2,3,PEUGEOT PARTNER,-1,-1,0,-1
2024010548522,2024,010548522,1,19,0,9,9,1,7,0,0,6,0,0,0,0,1,1,2,2,1,60,9,1560,2,5,PEUGEOT PARTNER,-1,-1,0,-1
2024010510348,2024,010510348,2,19,0,99,99,9,9,99,99,9,9,99,9,99,9,9,6,6,3,-1,-1,1560,2,6,PEUGEOT PARTNER,3,E01004060,0,1
2024131504793,2024,131504793,1,19,0,-1,19,5,1,-1,0,0,0,0,0,0,1,1,-1,1,1,25,5,1500,2,2,PEUGEOT PARTNER,3,E01011822,0,1
2024461470998,2024,461470998,1,19,0,-1,19,3,7,-1,0,0,0,0,0,0,1,9,-1,1,1,-1,-1,1560,2,10,PEUGEOT PARTNER,-1,-1,0,-1
2024211400164,2024,211400164,1,19,0,-1,19,6,2,-1,0,0,0,0,0,0,1,9,-1,6,1,71,10,1560,2,7,PEUGEOT PARTNER,1,E01010274,0,3
2024221513577,2024,221513577,1,19,0,-1,5,5,1,-1,0,5,0,0,0,0,1,1,-1,1,1,21,5,1498,2,3,PEUGEOT PARTNER,10,E01028388,0,4
2024461433329,2024,461433329,2,19,0,-1,19,7,3,-1,0,0,0,0,0,0,2,9,-1,1,1,62,9,1498,2,4,PEUGEOT PARTNER,9,E01024298,0,3
2024041444941,2024,041444941,2,9,0,-1,2,0,0,-1,0,0,0,0,0,0,2,1,-1,6,-1,-1,-1,-1,-1,-1,PEUGEOT PARTNER,-1,-1,0,-1
2024111462199,2024,111462199,1,19,0,-1,19,5,1,-1,0,0,0,0,0,0,1,1,-1,6,3,30,6,1560,2,16,PEUGEOT PARTNER,-1,-1,0,-1
2024061524112,2024,061524112,1,19,0,-1,19,8,4,-1,0,1,0,0,0,0,1,1,-1,9,1,27,6,1560,2,5,PEUGEOT PARTNER,2,E01005708,0,1
2024501408107,2024,501408107,2,19,0,-1,9,2,8,-1,0,8,0,0,0,0,3,1,-1,9,1,29,6,1560,2,16,PEUGEOT PARTNER,5,E01019040,0,3
2024440062843,2024,440062843,2,19,0,5,5,4,8,0,0,6,0,0,0,0,1,1,2,2,1,19,4,1868,2,19,PEUGEOT PARTNER,8,E01022990,0,1
2024041529320,2024,041529320,3,19,0,-1,19,7,3,-1,0,0,0,0,0,0,1,1,-1,9,1,51,8,1499,2,1,PEUGEOT PARTNER,2,E01025220,0,1
2024430102787,2024,430102787,1,19,0,18,19,8,4,0,0,0,0,10,0,0,3,1,2,2,1,57,9,1560,2,6,PEUGEOT PARTNER,9,E01016572,0,1
2024361425665,2024,361425665,1,19,0,-1,19,8,4,-1,0,0,5,4,0,0,1,1,-1,2,1,32,6,1560,2,13,PEUGEOT PARTNER,-1,-1,0,-1
2024302400382,2024,302400382,1,19,0,18,19,2,6,0,0,1,1,0,0,0,1,1,1,1,1,39,7,1560,2,5,PEUGEOT PARTNER,5,E01029449,0,3
2024010502468,2024,010502468,1,19,0,18,19,5,1,0,0,8,0,0,0,0,1,1,2,2,1,47,8,1499,2,1,PEUGEOT PARTNER,7,E01035304,0,4
202460Q122477,2024,60Q122477,1,19,0,18,19,2,6,0,0,0,1,0,0,0,1,1,1,1,1,40,7,1498,2,5,PEUGEOT PARTNER,-1,-1,0,-1
2024631414841,2024,631414841,1,9,0,-1,19,6,2,-1,0,2,0,0,3,2,1,1,-1,6,1,63,9,1997,2,21,PEUGEOT PARTNER,3,E01018998,0,5
2024131528964,2024,131528964,1,9,0,-1,9,2,4,-1,0,5,0,0,0,0,1,1,-1,2,1,57,9,1560,2,13,PEUGEOT PARTNER,2,E01011281,0,1
2024991519678,2024,991519678,1,19,0,-1,19,5,2,-1,0,1,0,0,0,0,1,1,-1,2,1,39,7,1560,2,7,PEUGEOT PARTNER,3,-1,0,2
2024070851336,2024,070851336,2,19,0,-1,19,6,2,-1,0,1,0,0,0,0,1,1,-1,1,1,66,10,1560,2,8,PEUGEOT PARTNER,2,E01018388,0,2
2024052400073,2024,052400073,1,19,0,18,19,1,5,0,0,0,0,0,0,0,1,1,2,2,1,34,6,1498,2,4,PEUGEOT PARTNER,2,E01012412,0,2
2024211524058,2024,211524058,1,19,0,-1,9,2,2,-1,0,0,2,7,3,1,1,1,-1,2,1,61,9,1560,2,7,PEUGEOT PARTNER,6,E01028878,0,3
2024411525303,2024,411525303,1,19,0,-1,19,3,7,-1,0,0,0,0,0,0,1,1,-1,6,1,40,7,1560,2,7,PEUGEOT PARTNER,5,E01015712,0,4
2024371500670,2024,371500670,1,19,0,-1,19,2,6,-1,0,0,0,0,0,0,1,1,-1,1,1,38,7,1499,2,1,PEUGEOT PARTNER,5,E01030210,0,3
2024991457994,2024,991457994,1,19,0,-1,5,3,7,-1,0,4,0,0,0,0,1,1,-1,1,1,50,8,1560,2,5,PEUGEOT PARTNER,1,-1,0,2
2024010508751,2024,010508751,1,9,0,99,99,9,9,99,99,9,9,99,9,99,2,1,6,6,3,46,8,1560,2,12,PEUGEOT PARTNER,8,E01021744,0,3
2024471413672,2024,471413672,1,19,0,-1,1,6,2,-1,0,0,0,0,0,0,2,1,-1,6,1,36,7,1560,2,5,PEUGEOT PARTNER,3,E01020927,0,1
2024161474755,2024,161474755,1,19,0,-1,5,1,5,-1,0,0,0,0,0,0,1,1,-1,6,1,47,8,1560,2,10,PEUGEOT PARTNER,1,E01013177,0,3
2024010525917,2024,010525917,2,19,0,5,5,5,1,0,0,0,0,0,0,0,1,1,2,2,1,22,5,1498,2,4,PEUGEOT PARTNER,-1,-1,0,-1
2024320165361,2024,320165361,1,19,0,9,9,3,2,0,0,6,0,0,0,0,3,1,-1,-1,2,31,6,1560,2,13,PEUGEOT PARTNER,4,E01026055,0,2
2024101534097,2024,101534097,1,19,-1,-1,5,3,7,-1,0,0,0,0,0,0,1,9,-1,1,2,36,7,1560,2,11,PEUGEOT PARTNER,3,E01008182,0,1
2024041476268,2024,041476268,1,9,0,-1,9,5,7,-1,0,8,5,0,0,0,3,1,-1,9,1,30,6,-1,-1,-1,PEUGEOT PARTNER,1,E01012622,0,1
2024161516202,2024,161516202,1,19,0,-1,3,4,8,-1,0,0,0,0,0,0,1,1,-1,2,2,57,9,1560,2,11,PEUGEOT PARTNER,8,E01013058,0,1
2024221535316,2024,221535316,1,19,0,-1,19,6,2,-1,0,6,5,0,7,0,4,1,-1,9,1,19,4,1498,2,3,PEUGEOT PARTNER,-1,-1,0,-1
2024161479939,2024,161479939,2,19,0,-1,3,2,6,-1,0,0,0,0,0,0,2,9,-1,6,1,-1,-1,1498,2,5,PEUGEOT PARTNER,-1,-1,0,-1
2024010501871,2024,010501871,2,19,0,18,19,1,5,0,0,1,1,0,1,9,3,1,1,1,2,54,8,-1,3,2,PEUGEOT PARTNER,9,E01003418,0,1
2024520403076,2024,520403076,2,19,0,18,19,8,4,0,0,8,0,0,0,0,1,1,6,6,2,48,8,1498,2,3,PEUGEOT PARTNER,5,E01029167,0,1
2024010535674,2024,010535674,2,19,0,11,11,9,9,99,99,5,9,99,9,99,9,9,6,6,1,36,7,1499,2,1,PEUGEOT PARTNER,10,E01017560,0,4
2024430227945,2024,430227945,1,9,0,18,19,5,7,4,4,5,0,0,0,0,4,1,6,6,1,60,9,1560,2,12,PEUGEOT PARTNER,2,E01028552,0,1
2024430160299,2024,430160299,1,19,0,18,19,1,4,0,0,1,0,0,0,0,1,1,1,1,1,51,8,1560,2,6,PEUGEOT PARTNER,4,E01028516,0,1
2024552400255,2024,552400255,2,19,0,18,19,6,2,0,0,0,0,0,0,0,1,1,1,1,2,33,6,1560,2,9,PEUGEOT PARTNER,6,E01020546,0,1
2024610027824,2024,610027824,1,19,0,3,3,5,1,0,0,1,0,0,0,0,2,1,1,1,1,22,5,1499,2,1,PEUGEOT PARTNER,6,W01001520,0,3
2024471458418,2024,471458418,1,19,0,-1,19,2,7,-1,0,0,0,0,0,0,1,1,-1,1,1,57,9,1560,2,12,PEUGEOT PARTNER,4,E01021071,0,4
2024430275324,2024,430275324,2,19,0,2,2,0,0,6,6,0,0,0,0,0,3,1,1,1,1,62,9,1560,2,5,PEUGEOT PARTNER,5,E01021769,0,4
2024440332962,2024,440332962,1,19,0,13,13,6,2,0,0,3,0,0,0,0,4,1,6,6,1,74,10,1560,2,10,PEUGEOT PARTNER,8,E01022887,0,1
2024131403133,2024,131403133,1,19,0,-1,-1,-1,-1,-1,-1,0,-1,-1,-1,0,-1,1,-1,6,1,38,7,1560,2,7,PEUGEOT PARTNER,5,E01010873,0,1
2024451459201,2024,451459201,1,19,0,-1,19,3,7,-1,0,0,0,0,1,9,1,1,-1,9,1,20,4,1560,2,9,PEUGEOT PARTNER,6,E01035330,0,3
2024010500924,2024,010500924,1,19,0,3,3,5,1,0,0,0,0,0,0,0,2,1,2,2,1,50,8,1499,2,1,PEUGEOT PARTNER,8,E01030577,0,4
2024631430678,2024,631430678,1,19,0,-1,19,5,8,-1,0,0,0,0,7,11,1,1,-1,6,1,-1,-1,1560,2,14,PEUGEOT PARTNER,5,W01000576,0,3
2024501498339,2024,501498339,2,19,0,-1,1,8,4,-1,0,0,0,0,0,0,2,1,-1,6,1,22,5,1560,2,7,PEUGEOT PARTNER,4,E01015129,0,4
2024111531244,2024,111531244,2,9,0,-1,10,6,2,-1,0,0,0,0,0,0,2,1,-1,9,2,64,9,1560,2,9,PEUGEOT PARTNER,8,E01008808,0,3
2024471435690,2024,471435690,1,19,0,-1,19,2,6,-1,0,8,0,0,0,0,2,1,-1,1,2,55,8,1560,2,12,PEUGEOT PARTNER,5,E01031477,0,1
2024622400039,2024,622400039,2,19,0,2,2,0,0,0,0,1,1,0,0,0,2,1,1,1,3,-1,-1,1560,2,9,PEUGEOT PARTNER,-1,-1,0,-1
2024041498825,2024,041498825,1,9,0,-1,19,7,3,-1,0,0,0,0,0,0,4,1,-1,6,1,57,9,1997,2,19,PEUGEOT PARTNER,7,E01025174,0,1
2024440139437,2024,440139437,1,19,0,16,19,5,8,0,0,1,0,0,0,0,1,1,6,6,1,60,9,1560,2,13,PEUGEOT PARTNER,4,E01022723,0,1
2024161421045,2024,161421045,2,19,0,-1,9,5,3,-1,0,0,0,0,0,0,1,9,-1,6,1,55,8,1560,2,6,PEUGEOT PARTNER,-1,-1,0,-1
2024520401782,2024,520401782,2,19,0,2,2,0,0,0,0,0,0,0,0,0,3,1,6,6,3,-1,-1,1498,2,3,PEUGEOT PARTNER,-1,-1,0,-1
2024440460610,2024,440460610,1,19,0,1,1,7,3,0,0,0,0,0,0,0,2,1,1,1,2,-1,-1,1498,2,3,PEUGEOT PARTNER,-1,-1,0,-1
2024221441771,2024,221441771,1,19,0,-1,13,4,8,-1,0,8,0,0,0,0,1,1,-1,6,2,29,6,1560,2,8,PEUGEOT PARTNER,3,E01032194,0,3
2024991520416,2024,991520416,1,19,0,-1,19,3,7,-1,0,0,0,0,2,0,1,1,-1,2,1,60,9,1997,2,17,PEUGEOT PARTNER,8,-1,0,2
2024351538833,2024,351538833,1,19,0,-1,19,8,4,-1,0,0,1,11,1,1,1,1,-1,1,1,20,4,1498,2,4,PEUGEOT PARTNER,4,E01023877,0,4
2024221468071,2024,221468071,2,19,0,-1,4,8,4,-1,0,0,0,0,0,0,2,1,-1,6,1,19,4,1498,2,4,PEUGEOT PARTNER,-1,-1,0,-1
2024531494346,2024,531494346,1,19,0,-1,9,3,7,-1,0,0,0,0,0,0,1,1,-1,9,1,27,6,1499,2,1,PEUGEOT PARTNER,8,E01034802,0,2
2024010501842,2024,010501842,1,19,0,18,19,1,5,0,0,1,0,0,0,0,3,1,6,6,3,26,6,1560,2,5,PEUGEOT PARTNER,8,E01032825,0,4
2024522402962,2024,522402962,1,19,0,7,7,6,8,0,0,6,0,0,0,0,1,1,6,6,1,56,9,1500,2,2,PEUGEOT PARTNER,10,E01014775,0,3
2024991493712,2024,991493712,1,19,0,-1,19,8,4,-1,0,0,0,0,0,0,1,1,-1,9,1,49,8,1560,2,6,PEUGEOT PARTNER,-1,-1,0,-1
2024010509374,2024,010509374,1,19,0,18,19,3,7,0,0,6,0,0,0,0,1,1,2,2,1,30,6,1498,2,3,PEUGEOT PARTNER,-1,-1,0,-1
2024501522950,2024,501522950,4,19,0,-1,19,3,7,-1,0,0,0,0,0,0,1,1,-1,6,1,32,6,1560,2,12,PEUGEOT PARTNER,1,E01015145,0,1
2024461458240,2024,461458240,1,19,0,-1,1,4,3,-1,0,0,0,0,0,0,2,9,-1,6,1,23,5,1560,2,11,PEUGEOT PARTNER,6,E01024346,0,2
2024991466055,2024,991466055,1,19,0,-1,19,2,6,-1,0,1,0,0,0,0,4,1,-1,1,1,40,7,1560,2,6,PEUGEOT PARTNER,9,-1,0,1
2024221445900,2024,221445900,1,19,0,-1,9,5,2,-1,0,3,0,0,0,0,1,9,-1,9,1,29,6,1560,2,13,PEUGEOT PARTNER,4,E01028920,0,2
2024451496893,2024,451496893,2,19,0,-1,2,1,5,-1,0,1,0,0,1,0,2,1,-1,6,-1,-1,-1,1560,2,9,PEUGEOT PARTNER,-1,-1,0,-1
2024311517395,2024,311517395,2,19,0,-1,5,8,4,-1,0,0,0,0,0,0,-1,1,-1,6,3,-1,-1,1498,2,3,PEUGEOT PARTNER,-1,-1,0,-1
2024131500443,2024,131500443,1,19,0,-1,10,1,3,-1,0,0,0,0,0,0,2,1,-1,2,1,61,9,1560,2,5,PEUGEOT PARTNER,2,E01011331,0,1
2024610021824,2024,610021824,2,19,0,2,2,0,0,0,0,2,0,0,0,0,2,1,6,6,3,-1,-1,1560,2,9,PEUGEOT PARTNER,-1,-1,0,-1
2024631506693,2024,631506693,1,19,0,-1,9,2,7,-1,0,5,0,0,0,0,4,1,-1,2,1,65,9,1560,2,15,PEUGEOT PARTNER,5,W01002012,0,1
2024351418055,2024,351418055,3,19,0,-1,10,2,6,-1,0,1,0,0,0,0,1,1,-1,9,1,76,11,1600,2,12,PEUGEOT PARTNER,7,E01018056,0,3
2024351421947,2024,351421947,1,19,0,-1,10,3,1,-1,0,5,0,0,0,0,1,1,-1,2,1,48,8,1560,2,7,PEUGEOT PARTNER,5,E01018214,0,1
2024061413385,2024,061413385,2,19,0,-1,9,6,4,-1,0,1,0,0,0,0,3,9,-1,6,2,19,4,1560,2,6,PEUGEOT PARTNER,2,E01033665,0,1
2024122400384,2024,122400384,1,9,0,5,5,1,5,0,0,6,0,0,0,0,3,1,1,1,1,48,8,1560,2,12,PEUGEOT PARTNER,5,E01027798,0,2
2024440099600,2024,440099600,2,19,0,18,19,3,7,0,0,1,0,0,0,0,1,1,1,1,1,60,9,1500,2,3,PEUGEOT PARTNER,-1,-1,0,-1
2024231504320,2024,231504320,1,19,0,-1,5,6,2,-1,0,8,0,0,0,0,2,1,-1,1,2,48,8,-1,3,2,PEUGEOT PARTNER,7,E01031241,0,1
2024501400074,2024,501400074,2,19,0,-1,4,7,3,-1,0,0,0,0,0,0,1,1,-1,1,1,36,7,1498,2,3,PEUGEOT PARTNER,4,E01034640,0,3
2024411402093,2024,411402093,1,19,0,-1,19,6,2,-1,0,1,0,0,0,0,1,1,-1,1,1,22,5,1997,2,19,PEUGEOT PARTNER,10,E01023502,0,4
2024061522484,2024,061522484,2,19,0,-1,10,-1,-1,-1,99,1,0,99,0,0,1,1,-1,6,1,33,6,1560,2,7,PEUGEOT PARTNER,8,E01006090,0,1
2024991447215,2024,991447215,1,19,0,-1,19,7,3,-1,0,0,0,2,0,0,1,1,-1,1,1,49,8,1498,2,4,PEUGEOT PARTNER,4,-1,0,3
2024501488990,2024,501488990,1,19,0,-1,2,1,5,-1,0,8,0,4,0,0,2,1,-1,1,1,49,8,1560,2,6,PEUGEOT PARTNER,6,E01020256,0,2
2024010533443,2024,010533443,1,19,0,7,7,1,2,0,0,4,0,0,0,0,4,1,1,1,1,53,8,1560,2,8,PEUGEOT PARTNER,5,E01002640,0,1
2024451457354,2024,451457354,3,19,0,-1,4,3,7,-1,0,0,1,0,0,0,2,1,-1,1,1,23,5,1560,2,5,PEUGEOT PARTNER,10,E01023092,0,3
2024461533094,2024,461533094,1,19,0,-1,19,4,8,-1,0,0,0,0,0,0,1,1,-1,6,1,36,7,1500,2,2,PEUGEOT PARTNER,5,E01035292,0,4
2024440469711,2024,440469711,1,19,0,18,19,4,8,0,0,1,0,0,0,0,1,1,6,6,1,31,6,1499,2,1,PEUGEOT PARTNER,-1,-1,0,-1
2024010500699,2024,010500699,2,19,0,9,9,5,3,0,0,1,0,0,0,0,3,1,2,2,1,43,7,1560,2,12,PEUGEOT PARTNER,5,E01001038,0,1
2024070218124,2024,070218124,1,19,0,18,19,5,1,0,0,0,0,2,0,0,1,1,6,6,1,40,7,1560,2,8,PEUGEOT PARTNER,10,E01012393,0,1
2024231423596,2024,231423596,1,9,0,-1,19,6,2,-1,0,0,0,0,0,0,1,1,-1,1,1,40,7,1560,2,15,PEUGEOT PARTNER,4,E01031047,0,1
2024501437437,2024,501437437,1,19,0,-1,5,1,5,-1,0,6,0,0,0,0,3,1,-1,9,1,25,5,1560,2,12,PEUGEOT PARTNER,8,E01020156,0,1
2024991426172,2024,991426172,1,9,0,-1,1,8,4,-1,0,0,0,0,0,0,2,1,-1,6,1,30,6,-1,-1,-1,PEUGEOT PARTNER,-1,-1,0,-1
2024161424961,2024,161424961,1,19,0,-1,19,3,1,-1,0,0,0,0,0,0,1,9,-1,1,2,57,9,1500,2,4,PEUGEOT PARTNER,5,E01013271,0,2
2024351516205,2024,351516205,1,19,0,-1,4,1,5,-1,0,1,1,0,1,1,1,1,-1,1,1,20,4,1560,2,6,PEUGEOT PARTNER,9,E01031100,0,4
2024461498020,2024,461498020,1,19,0,-1,19,5,1,-1,0,0,0,0,0,0,1,9,-1,6,1,42,7,1498,2,4,PEUGEOT PARTNER,3,E01024620,0,1
2024041534596,2024,041534596,1,19,0,-1,19,7,7,-1,0,0,5,0,4,0,4,1,-1,9,2,59,9,1560,2,17,PEUGEOT PARTNER,8,E01027563,0,3
2024010504097,2024,010504097,2,19,9,99,99,9,9,99,99,9,9,99,9,99,9,9,1,1,3,-1,-1,1560,2,8,PEUGEOT PARTNER,-1,-1,0,-1
2024351419217,2024,351419217,2,19,-1,-1,2,0,0,-1,0,2,1,0,0,0,2,9,-1,2,1,52,8,1560,2,14,PEUGEOT PARTNER,2,E01015660,0,1
2024461439956,2024,461439956,1,19,0,-1,9,2,7,-1,0,8,0,0,0,0,1,1,-1,1,1,57,9,1560,2,10,PEUGEOT PARTNER,1,E01035317,0,2
2024302401321,2024,302401321,2,19,0,2,2,0,0,0,0,0,0,0,1,0,3,1,1,1,1,65,9,1560,2,10,PEUGEOT PARTNER,7,E01019513,0,1
2024010505582,2024,010505582,3,19,0,18,19,7,3,0,0,8,0,0,0,0,1,1,6,6,1,23,5,1560,2,5,PEUGEOT PARTNER,5,E01021443,0,2
2024111460435,2024,111460435,2,19,0,-1,19,3,7,-1,0,1,0,0,0,0,1,1,-1,2,1,42,7,1560,2,9,PEUGEOT PARTNER,7,E01008585,0,4
2024010525714,2024,010525714,1,19,0,5,5,0,1,0,0,1,0,0,0,0,1,1,1,1,2,46,8,1499,2,0,PEUGEOT PARTNER,3,E01026992,0,4
2024631448595,2024,631448595,1,19,0,-1,19,5,8,-1,0,0,0,0,0,0,1,1,-1,1,1,25,5,1560,2,10,PEUGEOT PARTNER,7,W01001571,0,2
2024522403373,2024,522403373,1,9,0,18,19,3,7,0,0,1,0,0,0,0,1,1,6,6,1,-1,-1,1868,2,20,PEUGEOT PARTNER,2,E01014486,0,1
2024471403300,2024,471403300,1,19,0,-1,19,2,6,-1,0,1,0,0,0,0,1,9,-1,6,1,21,5,1498,2,5,PEUGEOT PARTNER,4,E01025789,0,5
2024631501674,2024,631501674,3,19,0,-1,7,8,2,-1,0,6,0,0,0,0,1,1,-1,1,1,40,7,1560,2,8,PEUGEOT PARTNER,6,W01000701,0,4
2024471513153,2024,471513153,2,19,0,-1,19,1,5,-1,0,0,0,0,1,0,1,1,-1,2,1,25,5,1560,2,10,PEUGEOT PARTNER,6,E01031663,0,2
2024070948159,2024,070948159,2,19,0,-1,19,1,5,-1,0,0,0,0,0,0,0,1,-1,2,1,35,6,1560,2,9,PEUGEOT PARTNER,8,E01012462,0,4
2024552400447,2024,552400447,1,9,0,6,6,6,6,8,6,0,0,0,0,0,3,1,6,6,1,73,10,1560,2,12,PEUGEOT PARTNER,4,E01009658,0,5
2024340NN1972,2024,340NN1972,2,19,0,-1,19,1,5,-1,0,8,5,0,7,9,4,1,-1,2,1,33,6,1560,2,9,PEUGEOT PARTNER,6,E01027032,0,2
2024471513510,2024,471513510,1,19,0,-1,5,7,2,-1,0,1,0,0,0,0,1,1,-1,6,1,43,7,1560,2,6,PEUGEOT PARTNER,6,E01031342,0,1