collision_index,collision_year,collision_ref_no,vehicle_reference,vehicle_type,towing_and_articulation,vehicle_manoeuvre_historic,vehicle_manoeuvre,vehicle_direction_from,vehicle_direction_to,vehicle_location_restricted_lane_historic,vehicle_location_restricted_lane,junction_location,skidding_and_overturning,hit_object_in_carriageway,vehicle_leaving_carriageway,hit_object_off_carriageway,first_point_of_impact,vehicle_left_hand_drive,journey_purpose_of_driver_historic,journey_purpose_of_driver,sex_of_driver,age_of_driver,age_band_of_driver,engine_capacity_cc,propulsion_code,age_of_vehicle,generic_make_model,driver_imd_decile,lsoa_of_driver,escooter_flag,driver_distance_banding
2024501485898,2024,501485898,1,19,0,-1,13,2,4,-1,0,0,1,11,7,11,1,1,-1,9,1,38,7,1560,2,14,PEUGEOT PARTNER,4,E01018961,0,4
2024010504181,2024,010504181,2,19,0,99,99,9,9,99,99,9,9,99,9,99,9,9,6,6,3,-1,-1,1560,2,7,PEUGEOT PARTNER,-1,-1,0,-1
2024461469476,2024,461469476,1,9,0,-1,19,7,6,-1,0,0,0,0,0,0,1,1,-1,6,1,33,6,1560,2,10,PEUGEOT PARTNER,1,E01024563,0,1
2024430512167,2024,430512167,1,19,0,9,9,1,8,0,0,5,0,0,0,0,1,1,6,6,1,17,4,1498,2,3,PEUGEOT PARTNER,10,E01016707,0,1
2024302401088,2024,302401088,2,19,0,3,3,2,6,0,0,0,0,0,0,0,2,1,1,1,1,22,5,1560,2,5,PEUGEOT PARTNER,5,E01025747,0,4
2024501511800,2024,501511800,1,19,0,-1,7,6,8,-1,0,6,0,0,0,0,1,1,-1,6,1,46,8,1499,2,1,PEUGEOT PARTNER,3,E01034166,0,1
2024010527939,2024,010527939,2,19,0,12,12,5,1,0,0,0,0,0,0,0,4,1,1,1,1,66,10,1560,2,5,PEUGEOT PARTNER,8,E01031439,0,4
2024101511584,2024,101511584,1,19,0,-1,2,6,2,-1,0,0,0,0,0,0,3,1,-1,1,2,64,9,1499,2,0,PEUGEOT PARTNER,5,E01008648,0,1
2024421397340,2024,421397340,1,20,0,-1,19,1,3,-1,0,0,0,0,1,0,1,1,-1,2,1,26,6,-1,-1,-1,PEUGEOT PARTNER,2,E01021286,0,1
2024361527909,2024,361527909,1,19,0,-1,19,7,3,-1,0,8,0,0,0,0,1,1,-1,1,1,49,8,1560,2,8,PEUGEOT PARTNER,1,E01018108,0,4
2024610031424,2024,610031424,2,19,0,18,19,7,3,0,0,8,0,0,0,0,1,1,6,6,1,45,7,1560,2,5,PEUGEOT PARTNER,4,W01001665,0,2
2024501413958,2024,501413958,1,9,0,-1,19,5,1,-1,0,0,0,0,0,0,1,9,-1,6,1,68,10,1997,2,21,PEUGEOT PARTNER,2,E01015171,0,1
2024421488549,2024,421488549,1,19,0,-1,7,3,7,-1,0,0,0,0,0,0,1,1,-1,9,1,62,9,1560,2,12,PEUGEOT PARTNER,5,E01021241,0,3
2024131458101,2024,131458101,1,19,0,-1,19,3,7,-1,0,6,1,11,7,3,4,1,-1,1,1,50,8,1498,2,3,PEUGEOT PARTNER,8,E01027677,0,3
2024122400063,2024,122400063,1,9,0,17,19,1,5,0,0,0,0,0,2,11,1,1,2,2,1,71,10,1560,2,17,PEUGEOT PARTNER,8,E01034974,0,1
2024010546843,2024,010546843,1,19,0,18,19,4,8,0,0,1,1,0,0,0,2,1,1,1,1,35,6,1500,2,2,PEUGEOT PARTNER,2,E01003987,0,2
2024231411909,2024,231411909,1,19,0,-1,8,2,4,-1,0,1,0,0,0,0,1,9,-1,6,1,48,8,1560,2,9,PEUGEOT PARTNER,-1,-1,0,-1
2024991421762,2024,991421762,4,19,0,-1,19,7,3,-1,0,1,0,4,0,0,2,1,-1,2,1,52,8,1498,2,4,PEUGEOT PARTNER,2,-1,0,4
2024522401199,2024,522401199,2,19,0,9,9,6,5,0,0,8,0,0,0,0,1,1,6,6,3,-1,-1,1560,2,11,PEUGEOT PARTNER,-1,-1,0,-1
2024471431211,2024,471431211,1,19,0,-1,5,6,2,-1,0,0,0,-1,-1,0,1,1,-1,6,1,24,5,1560,2,12,PEUGEOT PARTNER,3,E01031609,0,1
2024122400752,2024,122400752,1,19,0,17,19,4,2,0,0,0,0,0,1,4,1,1,6,6,1,23,5,1560,2,9,PEUGEOT PARTNER,8,E01013053,0,3
202417H105524,2024,17H105524,2,19,0,-1,9,8,6,-1,0,6,5,0,0,0,3,1,-1,1,1,28,6,1560,2,6,PEUGEOT PARTNER,3,E01012214,0,1
2024311420402,2024,311420402,1,19,0,-1,19,2,6,-1,0,0,0,0,0,0,0,9,-1,6,3,-1,-1,1560,2,11,PEUGEOT PARTNER,-1,-1,0,-1
2024070043623,2024,070043623,1,19,0,9,9,3,1,0,0,8,0,0,0,0,1,1,1,1,1,52,8,1560,2,9,PEUGEOT PARTNER,5,E01018479,0,4
2024061492738,2024,061492738,1,19,0,-1,19,1,5,-1,-1,0,-1,-1,0,0,3,1,-1,6,1,-1,-1,1560,2,10,PEUGEOT PARTNER,-1,-1,0,-1
2024531480576,2024,531480576,2,19,0,-1,19,6,2,-1,0,0,0,0,0,0,3,1,-1,1,1,63,9,1560,2,11,PEUGEOT PARTNER,8,E01035036,0,2
2024440027452,2024,440027452,2,19,0,3,3,2,6,0,0,0,0,0,0,0,2,1,2,2,2,63,9,1500,2,4,PEUGEOT PARTNER,10,E01022646,0,1
2024411405529,2024,411405529,1,19,0,-1,4,1,5,-1,0,4,0,0,7,0,1,1,-1,6,1,43,7,1560,2,9,PEUGEOT PARTNER,6,E01023769,0,1
2024631404483,2024,631404483,1,19,0,-1,19,6,3,-1,0,0,0,0,0,0,1,1,-1,6,3,-1,-1,1560,2,14,PEUGEOT PARTNER,-1,-1,0,-1
2024211503296,2024,211503296,2,19,0,-1,19,6,2,-1,0,1,0,0,0,0,1,1,-1,1,1,18,4,1499,2,0,PEUGEOT PARTNER,4,E01029681,0,3
2024371407794,2024,371407794,2,9,0,-1,19,4,6,-1,0,0,0,0,0,0,1,1,-1,9,1,68,10,-1,-1,-1,PEUGEOT PARTNER,4,E01004124,0,5
2024332400649,2024,332400649,2,19,0,-1,19,4,8,-1,0,0,0,0,7,10,1,1,-1,1,1,58,9,1498,2,4,PEUGEOT PARTNER,8,E01034007,0,3
2024031470175,2024,031470175,1,19,0,-1,13,1,5,-1,0,0,0,0,0,0,0,1,-1,2,1,42,7,1560,2,7,PEUGEOT PARTNER,1,E01019112,0,3
2024101536216,2024,101536216,1,19,0,-1,1,5,3,-1,0,0,0,0,0,0,2,1,-1,1,1,-1,-1,1499,2,0,PEUGEOT PARTNER,-1,-1,0,-1
2024991428014,2024,991428014,1,19,0,-1,19,4,8,-1,0,0,2,10,4,0,4,1,-1,6,1,35,6,1560,2,8,PEUGEOT PARTNER,6,-1,0,1
2024010548326,2024,010548326,1,19,0,6,6,5,5,0,0,0,0,0,0,0,1,1,1,1,1,21,5,1200,1,6,PEUGEOT PARTNER,1,E01001115,0,2
2024161456127,2024,161456127,3,19,0,-1,19,2,6,-1,0,0,0,0,1,0,3,1,-1,9,2,71,10,1500,2,5,PEUGEOT PARTNER,5,E01005873,0,4
2024010496382,2024,010496382,2,19,0,3,3,5,1,0,0,2,0,0,0,0,0,1,2,2,1,33,6,1499,2,1,PEUGEOT PARTNER,3,E01000154,0,4
2024131401447,2024,131401447,1,19,0,-1,19,6,2,-1,0,8,0,0,1,0,4,1,-1,1,1,20,4,1560,2,12,PEUGEOT PARTNER,2,E01011232,0,2
2024161478682,2024,161478682,1,9,0,-1,5,4,7,-1,5,2,0,0,0,0,1,1,-1,9,1,76,11,1560,2,14,PEUGEOT PARTNER,2,E01013187,0,1
2024451406892,2024,451406892,2,19,0,-1,3,5,1,-1,0,1,0,0,0,0,1,9,-1,1,1,40,7,1560,2,9,PEUGEOT PARTNER,8,E01035092,0,5
2024041521611,2024,041521611,2,19,0,-1,19,7,3,-1,0,1,0,0,0,0,1,1,-1,9,1,34,6,1560,2,12,PEUGEOT PARTNER,4,E01007030,0,2
2024010547499,2024,010547499,1,19,0,1,1,5,1,0,0,1,0,7,0,0,4,1,6,6,1,18,4,1560,2,8,PEUGEOT PARTNER,4,E01016479,0,4
2024041469615,2024,041469615,1,19,0,-1,9,5,2,-1,0,8,0,0,0,0,1,1,-1,9,1,54,8,1560,2,9,PEUGEOT PARTNER,2,E01024942,0,1
2024371488296,2024,371488296,1,19,0,-1,14,-1,-1,-1,0,0,1,0,2,0,1,1,-1,6,1,49,8,1560,2,7,PEUGEOT PARTNER,8,E01029885,0,1
2024131475863,2024,131475863,2,19,0,-1,19,1,5,-1,0,0,0,0,0,0,3,1,-1,6,-1,-1,-1,1560,2,11,PEUGEOT PARTNER,-1,-1,0,-1
2024302401291,2024,302401291,1,9,0,18,19,2,6,0,0,0,0,0,1,1,1,1,6,6,2,60,9,-1,-1,-1,PEUGEOT PARTNER,3,E01019657,0,1
2024010520664,2024,010520664,3,19,0,18,19,7,3,0,0,1,0,0,0,0,2,1,2,2,1,21,5,1560,2,8,PEUGEOT PARTNER,2,E01000084,0,2
2024201466381,2024,201466381,2,19,0,-1,9,2,8,-1,0,5,0,0,0,0,3,1,-1,1,2,62,9,1560,2,6,PEUGEOT PARTNER,-1,-1,0,-1
2024010541614,2024,010541614,1,19,0,9,9,3,8,0,0,1,0,0,0,0,3,1,6,6,1,60,9,1499,2,2,PEUGEOT PARTNER,6,E01002220,0,2
2024501477071,2024,501477071,2,19,0,-1,19,8,4,-1,0,0,0,0,0,0,1,1,-1,1,1,25,5,1560,2,10,PEUGEOT PARTNER,3,E01019076,0,4
2024101397155,2024,101397155,1,19,0,-1,5,5,1,-1,0,8,0,0,0,0,1,1,-1,1,1,51,8,1498,2,4,PEUGEOT PARTNER,1,E01034514,0,1
2024461427170,2024,461427170,2,9,0,-1,3,3,7,-1,0,4,0,0,0,0,2,1,-1,9,1,50,8,1560,2,11,PEUGEOT PARTNER,5,E01024528,0,2
2024131398513,2024,131398513,1,9,0,-1,19,7,3,-1,0,8,0,0,0,0,3,1,-1,1,1,24,5,1560,2,9,PEUGEOT PARTNER,2,E01033003,0,2
2024010510874,2024,010510874,1,19,0,5,5,5,1,0,0,8,0,0,0,0,1,2,6,6,1,43,7,1560,2,6,PEUGEOT PARTNER,4,E01001934,0,2
2024031476621,2024,031476621,2,9,0,-1,19,5,1,-1,0,0,0,0,0,0,3,1,-1,9,1,68,10,1560,2,8,PEUGEOT PARTNER,5,E01019304,0,2
2024041497866,2024,041497866,1,19,0,-1,12,1,5,-1,0,1,0,0,0,0,1,1,-1,9,1,40,7,1560,2,13,PEUGEOT PARTNER,5,E01032523,0,5
2024010532763,2024,010532763,2,19,0,18,19,7,3,0,0,0,0,0,0,0,0,1,1,1,1,30,6,1500,2,2,PEUGEOT PARTNER,2,E01003335,0,2
2024131509324,2024,131509324,1,19,0,-1,5,5,1,-1,0,2,0,0,0,0,4,1,-1,6,1,31,6,1560,2,5,PEUGEOT PARTNER,2,E01011250,0,1
2024070431678,2024,070431678,1,19,0,18,19,6,3,0,0,8,0,0,0,0,1,1,6,6,1,50,8,1560,2,13,PEUGEOT PARTNER,-1,-1,0,-1
2024122401189,2024,122401189,1,9,0,18,19,7,3,0,0,1,0,0,0,0,4,1,3,7,1,40,7,1560,2,13,PEUGEOT PARTNER,2,E01034974,0,1
2024041520405,2024,041520405,1,19,0,-1,19,2,6,-1,0,4,0,0,0,0,1,1,-1,9,1,39,7,1560,2,6,PEUGEOT PARTNER,6,E01025419,0,3
2024430550475,2024,430550475,2,9,0,9,9,3,1,0,0,6,0,0,0,0,3,1,2,2,2,44,7,1968,2,6,SKODA KAROQ,7,E01034786,0,4
2024101494932,2024,101494932,1,9,0,-1,9,8,6,-1,0,6,0,0,0,0,3,1,-1,6,1,68,10,1498,1,1,SKODA KAROQ,7,E01027440,0,1
2024061425036,2024,061425036,2,9,0,-1,19,5,1,-1,0,0,0,0,0,0,3,1,-1,6,2,31,6,1498,1,5,SKODA KAROQ,4,E01006044,0,3
2024440226631,2024,440226631,3,9,0,18,19,6,2,0,0,1,0,0,0,0,3,1,6,6,1,67,10,1498,1,4,SKODA KAROQ,10,E01022791,0,1
2024552400871,2024,552400871,1,9,0,18,19,8,4,0,0,8,0,0,0,0,1,1,6,6,2,81,11,1498,1,5,SKODA KAROQ,5,E01031990,0,4
2024501519968,2024,501519968,2,9,0,-1,4,5,1,-1,0,0,0,0,0,0,1,1,-1,7,2,36,7,1598,2,4,SKODA KAROQ,5,E01020122,0,3
2024010548892,2024,010548892,1,9,0,9,9,7,4,0,0,6,0,0,0,0,4,1,6,6,1,28,6,1498,1,0,SKODA KAROQ,2,E01000863,0,1
2024371535958,2024,371535958,1,9,0,-1,99,-1,-1,-1,99,0,0,0,0,0,3,1,-1,9,2,61,9,1498,1,6,SKODA KAROQ,4,E01029962,0,1
2024101459538,2024,101459538,1,9,0,-1,9,1,7,-1,0,0,0,0,0,0,1,1,-1,9,1,78,11,1498,1,1,SKODA KAROQ,5,E01010685,0,5
2024061435731,2024,061435731,1,9,0,-1,19,2,6,-1,0,8,0,0,0,0,1,1,-1,6,1,72,10,1968,2,5,SKODA KAROQ,3,E01004796,0,1
2024221484684,2024,221484684,1,9,0,-1,9,5,4,-1,0,6,0,0,0,0,1,1,-1,6,1,80,11,1498,1,4,SKODA KAROQ,10,E01016206,0,5
2024371410907,2024,371410907,1,9,0,-1,19,5,1,-1,0,1,0,0,0,0,4,1,-1,6,1,53,8,1498,1,3,SKODA KAROQ,4,E01030244,0,4
2024061455869,2024,061455869,1,9,0,-1,19,8,3,-1,0,1,0,0,0,0,1,1,-1,9,1,72,10,999,1,4,SKODA KAROQ,2,E01006262,0,1
2024041406530,2024,041406530,3,9,0,-1,19,3,7,-1,0,0,0,0,0,0,2,1,-1,1,1,39,7,1968,2,1,SKODA KAROQ,1,E01024877,0,1
2024361467730,2024,361467730,2,9,0,-1,4,1,5,-1,0,0,0,0,0,0,2,1,-1,9,2,69,10,1498,1,6,SKODA KAROQ,6,E01026886,0,1
2024010497324,2024,010497324,3,9,0,2,2,0,0,0,0,0,0,0,0,0,2,1,6,6,3,-1,-1,1498,1,4,SKODA KAROQ,-1,-1,0,-1
2024211447831,2024,211447831,1,9,0,-1,5,4,8,-1,0,6,0,0,0,0,1,1,-1,6,1,69,10,1498,1,0,SKODA KAROQ,7,E01029393,0,1
2024501441125,2024,501441125,1,9,0,-1,9,5,3,-1,0,6,0,0,0,0,1,1,-1,9,1,62,9,1498,1,3,SKODA KAROQ,3,E01018993,0,1
2024201518659,2024,201518659,3,9,0,-1,19,8,4,-1,0,8,0,0,0,0,1,1,-1,6,1,46,8,1498,1,2,SKODA KAROQ,2,E01010091,0,1
2024451500380,2024,451500380,1,9,0,-1,19,5,1,-1,0,0,0,0,0,0,2,1,-1,9,2,38,7,1498,1,6,SKODA KAROQ,8,E01022586,0,4
2024131460103,2024,131460103,2,9,0,-1,14,1,5,-1,0,1,0,0,0,0,1,1,-1,6,-1,28,6,1498,1,3,SKODA KAROQ,2,E01010864,0,1
2024411500556,2024,411500556,1,9,0,-1,5,1,4,-1,0,4,0,0,0,0,1,1,-1,6,1,59,9,1498,1,0,SKODA KAROQ,6,E01023600,0,1
2024010538703,2024,010538703,2,9,9,99,99,9,9,99,99,9,9,99,9,99,1,9,6,6,3,-1,-1,1498,1,0,SKODA KAROQ,1,E01000599,0,3
2024531488354,2024,531488354,2,9,0,-1,19,2,6,-1,0,1,0,0,0,0,1,1,-1,6,1,77,11,1498,1,0,SKODA KAROQ,8,E01022257,0,1
2024211443378,2024,211443378,2,9,0,-1,19,5,1,-1,0,0,0,0,0,0,2,1,-1,6,1,54,8,1498,1,1,SKODA KAROQ,1,E01014328,0,1
2024010550051,2024,010550051,1,9,0,9,9,3,1,0,0,5,0,0,0,0,1,1,6,6,1,54,8,999,1,6,SKODA KAROQ,8,E01003470,0,1
2024531404839,2024,531404839,1,9,0,-1,19,6,2,-1,0,0,0,0,0,0,1,9,-1,6,2,73,10,1498,1,1,SKODA KAROQ,5,E01022361,0,3
2024440104701,2024,440104701,1,9,0,18,19,1,5,0,0,0,0,0,0,0,1,1,6,6,1,47,8,1498,1,4,SKODA KAROQ,3,E01022739,0,1
2024411399914,2024,411399914,1,9,0,-1,19,5,1,-1,0,8,0,0,0,0,3,9,-1,6,2,68,10,1498,1,4,SKODA KAROQ,10,E01033189,0,2
2024531453689,2024,531453689,1,9,0,-1,19,2,6,-1,0,0,0,0,0,0,0,1,-1,9,2,42,7,999,1,1,SKODA KAROQ,10,E01022367,0,3
2024221401303,2024,221401303,1,9,0,-1,19,6,2,-1,0,4,1,10,7,0,3,9,-1,1,1,30,6,1968,2,1,SKODA KAROQ,7,E01014157,0,1
2024371530257,2024,371530257,2,9,0,-1,4,5,1,-1,0,0,0,0,0,0,1,1,-1,9,1,39,7,1498,1,3,SKODA KAROQ,9,E01022013,0,2
2024501451890,2024,501451890,2,9,0,-1,19,1,7,-1,0,8,0,0,0,0,2,1,-1,1,2,29,6,999,1,6,SKODA KAROQ,8,E01020051,0,1
2024070128824,2024,070128824,1,9,0,18,19,7,3,0,0,0,0,0,0,0,1,1,2,2,1,60,9,1968,2,4,SKODA KAROQ,8,E01004935,0,4
2024061467120,2024,061467120,2,9,-1,-1,99,-1,-1,-1,99,9,9,1,0,0,1,9,-1,6,3,-1,-1,1598,2,5,SKODA KAROQ,-1,-1,0,-1
2024052402640,2024,052402640,2,9,0,18,19,2,6,0,0,8,0,0,7,11,1,1,6,6,1,69,10,1498,1,4,SKODA KAROQ,9,E01007027,0,3
2024131398226,2024,131398226,1,9,0,-1,19,8,4,-1,0,2,0,0,0,0,1,1,-1,6,2,46,8,1498,1,1,SKODA KAROQ,5,E01010857,0,2
2024141497869,2024,141497869,1,9,0,-1,19,3,7,-1,0,1,0,0,0,0,1,1,-1,7,2,33,6,1498,1,4,SKODA KAROQ,4,E01007344,0,1
2024543982224,2024,543982224,1,9,0,18,19,3,7,0,0,0,0,0,0,0,1,1,6,6,2,75,10,1498,1,1,SKODA KAROQ,3,E01031896,0,4
2024201502688,2024,201502688,2,9,0,-1,19,3,7,-1,0,0,0,0,0,0,2,1,-1,1,1,47,8,1498,1,6,SKODA KAROQ,5,E01031027,0,2
2024471424182,2024,471424182,2,9,0,-1,19,3,7,-1,0,1,0,0,0,0,3,1,-1,9,1,50,8,1498,1,2,SKODA KAROQ,10,E01024752,0,4
2024111517736,2024,111517736,3,9,0,-1,2,0,0,-1,0,1,0,0,0,0,2,1,-1,6,-1,-1,-1,1984,1,0,SKODA KAROQ,-1,-1,0,-1
2024161483147,2024,161483147,1,9,0,-1,3,7,3,-1,0,0,0,0,0,0,2,1,-1,2,2,55,8,1498,1,2,SKODA KAROQ,1,E01012790,0,2
2024071035284,2024,071035284,2,9,0,-1,3,6,2,-1,0,0,0,0,0,0,2,1,-1,9,2,43,7,1498,1,0,SKODA KAROQ,5,E01018479,0,2
2024991420356,2024,991420356,2,9,0,-1,19,5,1,-1,0,8,0,0,1,0,1,1,-1,9,2,31,6,1598,2,6,SKODA KAROQ,6,-1,0,1
2024351409293,2024,351409293,2,9,0,-1,19,5,1,-1,0,0,0,0,1,10,1,1,-1,9,1,72,10,1498,1,2,SKODA KAROQ,10,E01018122,0,3
2024991413326,2024,991413326,1,9,0,-1,19,6,1,-1,0,4,0,0,0,0,1,1,-1,2,1,53,8,999,1,1,SKODA KAROQ,-1,-1,0,-1
2024031430947,2024,031430947,2,9,0,-1,3,3,7,-1,0,0,0,0,0,0,2,1,-1,9,1,74,10,1968,2,3,SKODA KAROQ,5,E01019152,0,4
2024010497333,2024,010497333,2,9,0,4,4,1,5,0,0,0,0,0,0,0,1,1,6,6,2,48,8,1498,1,6,SKODA KAROQ,6,E01021399,0,4
2024520402353,2024,520402353,1,9,0,4,4,2,6,0,0,8,0,0,0,0,2,1,6,6,1,50,8,1498,1,6,SKODA KAROQ,5,E01018839,0,5
2024622400874,2024,622400874,2,9,0,5,5,4,2,0,0,8,0,0,0,0,0,1,6,6,2,68,10,999,1,4,SKODA KAROQ,10,W01000880,0,2
2024010539551,2024,010539551,2,9,0,99,99,9,9,99,99,9,9,99,9,99,2,9,6,6,2,51,8,1498,1,0,SKODA KAROQ,10,E01030303,0,4
2024070996945,2024,070996945,2,9,0,-1,4,7,7,-1,0,0,0,0,0,0,2,1,-1,9,1,64,9,1598,2,6,SKODA KAROQ,5,E01018689,0,2
2024461503725,2024,461503725,2,9,0,-1,3,5,1,-1,0,1,0,0,0,0,2,9,-1,6,1,51,8,1498,1,0,SKODA KAROQ,2,E01016059,0,1
2024052402295,2024,052402295,2,9,0,18,19,8,4,0,0,1,0,0,0,0,1,1,6,6,1,31,6,1984,1,0,SKODA KAROQ,1,E01033768,0,1
2024061501785,2024,061501785,2,9,0,-1,19,6,4,-1,0,8,0,0,0,0,4,1,-1,7,2,36,7,1498,1,4,SKODA KAROQ,6,E01012524,0,3
2024311530146,2024,311530146,2,9,0,-1,19,1,5,-1,0,1,0,0,0,0,4,1,-1,6,1,61,9,1498,1,1,SKODA KAROQ,8,E01016805,0,5
2024010502485,2024,010502485,1,9,0,99,99,9,9,99,99,9,9,99,9,99,2,9,6,6,2,62,9,1498,1,6,SKODA KAROQ,9,E01023102,0,4
2024131475039,2024,131475039,2,9,0,-1,19,3,7,-1,0,0,0,0,0,0,2,1,-1,2,2,45,7,999,1,3,SKODA KAROQ,1,E01010960,0,4
2024520403053,2024,520403053,2,9,0,3,3,6,2,0,0,1,0,0,0,0,2,1,6,6,2,41,7,1598,2,5,SKODA KAROQ,9,E01029263,0,1
2024010487774,2024,010487774,1,9,9,99,99,9,9,99,99,9,9,99,9,99,9,9,6,6,3,34,6,1498,1,6,SKODA KAROQ,5,E01002744,0,1
2024122400270,2024,122400270,1,9,0,18,19,3,7,0,0,0,0,0,1,10,1,1,6,6,2,70,10,1498,1,1,SKODA KAROQ,5,E01027802,0,3
2024522402143,2024,522402143,2,9,0,7,7,3,5,0,0,6,0,0,0,0,1,1,6,6,3,-1,-1,1498,1,6,SKODA KAROQ,-1,-1,0,-1
2024552400851,2024,552400851,1,9,0,9,9,5,3,0,0,8,0,0,0,0,4,1,2,2,2,54,8,999,1,4,SKODA KAROQ,9,E01020385,0,1
2024010497665,2024,010497665,2,9,0,18,19,1,5,0,0,0,0,0,0,0,2,1,6,6,1,83,11,1498,1,6,SKODA KAROQ,8,E01003655,0,1
2024411400321,2024,411400321,1,9,0,-1,19,5,1,-1,0,0,0,0,0,0,3,1,-1,6,1,37,7,999,1,2,SKODA KAROQ,10,E01023703,0,2
2024501510578,2024,501510578,1,9,0,-1,19,7,3,-1,0,1,5,4,0,0,4,1,-1,9,2,62,9,1498,1,3,SKODA KAROQ,7,E01020281,0,1
2024552400589,2024,552400589,1,9,0,9,9,7,5,0,0,5,0,0,0,0,1,1,6,6,1,72,10,1598,2,5,SKODA KAROQ,5,E01020469,0,2
2024461404611,2024,461404611,2,9,0,-1,4,5,1,-1,0,0,0,0,0,0,1,9,-1,6,1,58,9,1498,1,3,SKODA KAROQ,4,E01024694,0,1
2024070192132,2024,070192132,2,9,0,18,19,1,5,0,0,1,0,0,0,0,4,1,2,2,1,70,10,1984,1,1,SKODA KAROQ,7,E01018338,0,1
2024101399665,2024,101399665,2,9,0,-1,19,7,3,-1,0,1,0,0,0,0,1,1,-1,6,2,63,9,1498,1,2,SKODA KAROQ,1,E01027451,0,1
2024451515446,2024,451515446,3,9,0,-1,19,7,3,-1,0,0,0,0,0,0,1,1,-1,9,1,84,11,1498,1,6,SKODA KAROQ,10,E01030369,0,1
2024371518160,2024,371518160,1,9,0,-1,19,-1,-1,-1,0,0,0,12,0,0,1,1,-1,9,2,39,7,999,1,4,SKODA KAROQ,5,E01030001,0,4
2024371493060,2024,371493060,1,9,-1,-1,3,0,0,-1,0,1,0,0,0,0,-1,9,-1,6,2,26,6,1498,1,3,SKODA KAROQ,7,E01030159,0,1
2024101450200,2024,101450200,1,9,0,-1,-1,-1,-1,-1,-1,0,-1,-1,-1,0,-1,1,-1,6,1,61,9,1968,2,1,SKODA KAROQ,5,E01008196,0,1
2024041512389,2024,041512389,1,9,0,-1,19,7,3,-1,0,0,0,0,0,0,4,1,-1,9,1,52,8,1968,2,3,SKODA KAROQ,7,E01025029,0,4
2024421402699,2024,421402699,3,9,0,-1,19,2,6,-1,0,7,0,0,0,0,2,1,-1,6,2,57,9,1498,1,2,SKODA KAROQ,8,E01021444,0,3
2024101427265,2024,101427265,4,9,0,-1,3,5,1,-1,0,0,0,0,0,0,2,1,-1,6,2,48,8,1498,1,5,SKODA KAROQ,-1,-1,0,-1
2024471410386,2024,471410386,1,9,0,-1,19,7,2,-1,0,0,1,0,2,0,1,1,-1,9,1,53,8,1498,1,1,SKODA KAROQ,5,E01024546,0,4
2024361514159,2024,361514159,2,9,0,-1,4,7,3,-1,0,1,0,0,0,0,2,1,-1,9,1,54,8,1498,1,6,SKODA KAROQ,6,E01030151,0,4
2024430357785,2024,430357785,1,9,0,6,6,5,5,0,0,3,0,0,0,0,2,1,6,6,1,30,6,1498,1,0,SKODA KAROQ,-1,-1,0,-1
2024991494050,2024,991494050,3,9,0,-1,19,4,8,-1,0,0,0,0,0,0,1,1,-1,1,1,20,4,1968,2,0,SKODA KAROQ,9,-1,0,4
2024311425991,2024,311425991,3,9,0,-1,19,3,7,-1,0,0,0,0,0,0,1,1,-1,2,1,58,9,1498,1,4,SKODA KAROQ,9,E01028213,0,1
2024052400570,2024,052400570,1,9,0,18,19,2,6,0,0,1,0,0,0,0,1,1,6,6,1,62,9,999,1,1,SKODA KAROQ,4,E01034405,0,1
2024631457584,2024,631457584,1,9,0,-1,19,3,7,-1,0,0,0,0,1,11,1,1,-1,9,1,52,8,1598,2,5,SKODA KAROQ,4,E01013555,0,5
2024991531308,2024,991531308,2,9,0,-1,4,4,8,-1,0,0,0,0,1,0,1,1,-1,9,1,33,6,1498,1,6,SKODA KAROQ,8,-1,0,3
2024622400549,2024,622400549,1,9,0,18,19,5,1,0,0,1,0,0,0,0,1,1,6,6,2,53,8,1498,1,1,SKODA KAROQ,10,W01000781,0,2
2024332401119,2024,332401119,2,9,0,-1,19,5,1,-1,0,0,0,0,0,0,3,1,-1,6,1,53,8,1498,1,0,SKODA KAROQ,1,E01013675,0,1
2024501486263,2024,501486263,1,9,0,-1,19,4,8,-1,0,0,0,0,0,0,3,1,-1,9,2,50,8,1498,1,0,SKODA KAROQ,2,E01015168,0,4
2024440146308,2024,440146308,1,9,0,16,19,8,3,0,0,0,1,0,2,4,1,1,6,6,2,27,6,1598,2,5,SKODA KAROQ,5,E01023068,0,1
2024201443256,2024,201443256,1,9,0,-1,19,6,2,-1,0,1,0,0,0,0,1,9,-1,6,1,36,7,1498,1,3,SKODA KAROQ,1,E01009368,0,1
2024501421789,2024,501421789,1,9,0,-1,19,8,4,-1,4,0,0,0,0,0,4,1,-1,6,1,53,8,999,1,2,SKODA KAROQ,5,E01018765,0,2
2024520001285,2024,520001285,2,9,0,18,19,7,3,0,0,0,0,0,0,0,0,1,6,6,2,50,8,1498,1,3,SKODA KAROQ,10,E01014415,0,1
2024122401204,2024,122401204,1,9,0,4,4,1,5,0,0,1,0,0,3,10,1,1,6,6,1,76,11,1498,1,3,SKODA KAROQ,9,E01027859,0,1
2024131488118,2024,131488118,2,9,0,-1,9,8,4,-1,0,8,0,0,1,0,2,1,-1,9,1,36,7,999,1,4,SKODA KAROQ,1,E01011332,0,3