collision_index,collision_year,collision_ref_no,vehicle_reference,vehicle_type,towing_and_articulation,vehicle_manoeuvre_historic,vehicle_manoeuvre,vehicle_direction_from,vehicle_direction_to,vehicle_location_restricted_lane_historic,vehicle_location_restricted_lane,junction_location,skidding_and_overturning,hit_object_in_carriageway,vehicle_leaving_carriageway,hit_object_off_carriageway,first_point_of_impact,vehicle_left_hand_drive,journey_purpose_of_driver_historic,journey_purpose_of_driver,sex_of_driver,age_of_driver,age_band_of_driver,engine_capacity_cc,propulsion_code,age_of_vehicle,generic_make_model,driver_imd_decile,lsoa_of_driver,escooter_flag,driver_distance_banding
2024131515519,2024,131515519,1,9,0,-1,-1,-1,-1,-1,-1,8,-1,-1,-1,0,-1,1,-1,6,3,-1,-1,1498,1,0,SKODA KAROQ,-1,-1,0,-1
2024531398389,2024,531398389,1,9,0,-1,5,7,3,-1,0,0,0,0,0,0,1,1,-1,2,1,51,8,999,1,4,SKODA KAROQ,6,E01032933,0,1
2024411454237,2024,411454237,2,9,-1,-1,-1,-1,-1,-1,-1,-1,-1,-1,-1,0,2,9,-1,9,1,67,10,999,1,2,SKODA KAROQ,7,E01023618,0,2
2024161513335,2024,161513335,2,9,0,-1,-1,-1,-1,-1,-1,0,-1,-1,-1,0,1,2,-1,9,2,-1,-1,1498,1,1,SKODA KAROQ,-1,-1,0,-1
2024461495769,2024,461495769,1,9,0,-1,19,2,6,-1,0,4,0,0,0,0,3,1,-1,9,1,60,9,1498,1,0,SKODA KAROQ,6,E01024692,0,1
2024231431092,2024,231431092,1,9,0,-1,4,8,4,-1,0,1,0,0,0,0,1,9,-1,6,1,69,10,1498,1,3,SKODA KAROQ,3,E01009302,0,2
2024101512431,2024,101512431,1,9,0,-1,19,5,1,-1,0,0,0,0,0,0,1,1,-1,9,2,20,4,999,1,1,SKODA KAROQ,-1,-1,0,-1
2024461534962,2024,461534962,1,9,0,-1,7,3,7,-1,0,6,0,0,1,0,1,1,-1,9,2,85,11,1498,1,4,SKODA KAROQ,7,E01016179,0,4
2024221496151,2024,221496151,2,9,0,-1,9,8,5,-1,0,4,0,0,0,0,1,9,-1,6,1,49,8,1498,1,0,SKODA KAROQ,9,E01032257,0,1
2024201450750,2024,201450750,1,9,0,-1,19,8,4,-1,0,0,0,0,0,0,1,1,-1,6,1,52,8,1498,1,1,SKODA KAROQ,1,E01010288,0,1
2024361471968,2024,361471968,2,9,0,-1,19,5,1,-1,0,8,0,0,0,0,3,1,-1,9,1,61,9,999,1,4,SKODA KAROQ,6,E01026627,0,2
2024991472039,2024,991472039,2,9,0,-1,19,8,4,-1,0,0,0,0,0,0,3,1,-1,6,1,43,7,999,1,4,SKODA KAROQ,10,-1,0,1
2024211434168,2024,211434168,3,9,0,-1,19,3,7,-1,0,0,0,0,0,0,2,1,-1,6,2,48,8,1498,1,2,SKODA KAROQ,1,E01014250,0,2
2024201533608,2024,201533608,2,9,0,-1,9,5,3,-1,0,0,0,0,0,0,3,1,-1,1,1,27,6,1968,2,0,SKODA KAROQ,9,E01029677,0,3
202454B289924,2024,54B289924,1,9,0,18,19,1,5,0,0,1,0,0,0,0,0,1,1,1,2,61,9,999,1,6,SKODA KAROQ,7,E01031857,0,1
2024201491429,2024,201491429,2,9,0,-1,15,8,4,-1,0,8,0,0,0,0,1,1,-1,9,2,45,7,1498,1,0,SKODA KAROQ,1,E01010148,0,1
2024440320758,2024,440320758,1,9,0,4,4,2,6,0,0,0,1,0,0,0,2,1,6,6,2,18,4,1598,2,6,SKODA KAROQ,6,E01016507,0,4
2024430429380,2024,430429380,2,9,0,9,9,7,5,0,0,8,0,0,0,0,3,1,6,6,1,31,6,1498,1,3,SKODA KAROQ,9,E01035264,0,4
2024052400166,2024,052400166,1,9,0,18,19,4,8,0,0,1,0,0,0,0,1,1,6,6,2,74,10,1498,1,4,SKODA KAROQ,3,E01034840,0,1
2024010512097,2024,010512097,1,9,0,18,19,7,3,9,9,3,0,0,0,0,1,1,6,6,1,82,11,1498,1,0,SKODA KAROQ,-1,-1,0,-1
2024161522984,2024,161522984,1,9,0,-1,5,7,3,-1,0,0,0,0,0,0,3,1,-1,2,1,61,9,1984,1,5,SKODA KAROQ,8,E01013257,0,3
2024991506414,2024,991506414,2,9,0,-1,2,7,3,-1,0,0,0,0,1,0,2,1,-1,6,1,61,9,1498,1,4,SKODA KAROQ,-1,-1,0,-1
2024131489279,2024,131489279,1,9,0,-1,19,3,7,-1,0,6,0,0,0,0,3,1,-1,9,1,79,11,1498,1,3,SKODA KAROQ,9,E01011168,0,2
202417H101624,2024,17H101624,2,8,0,-1,19,2,6,-1,0,3,0,0,0,0,3,1,-1,1,1,60,9,999,1,2,SKODA KAROQ,-1,-1,0,-1
2024411450326,2024,411450326,1,9,0,-1,5,6,2,-1,0,8,0,0,0,0,1,1,-1,7,2,49,8,1498,1,2,SKODA KAROQ,3,E01023573,0,2
2024070453236,2024,070453236,2,9,0,18,19,6,1,0,0,0,0,0,0,0,1,1,6,6,2,44,7,1498,1,6,SKODA KAROQ,10,E01018694,0,2
2024471506862,2024,471506862,1,9,0,-1,9,2,8,-1,0,6,0,0,0,0,3,1,-1,9,2,45,7,1498,1,3,SKODA KAROQ,6,E01021187,0,1
2024991423852,2024,991423852,2,9,0,-1,19,6,5,-1,0,0,5,0,0,0,4,1,-1,9,1,50,8,1498,1,3,SKODA KAROQ,5,-1,0,3
2024052402054,2024,052402054,2,9,0,9,9,7,5,0,0,6,0,0,0,0,3,1,6,6,1,78,11,1498,1,0,SKODA KAROQ,5,E01006840,0,1
2024201531640,2024,201531640,2,9,0,-1,19,1,5,-1,0,3,0,0,0,0,1,2,-1,6,2,48,8,999,1,5,SKODA KAROQ,3,E01009255,0,1
2024421468525,2024,421468525,2,9,0,-1,19,6,2,-1,0,0,0,0,0,0,1,1,-1,6,1,79,11,1498,1,2,SKODA KAROQ,10,E01021633,0,3
2024201491557,2024,201491557,1,9,0,-1,19,3,7,-1,0,8,0,0,0,0,1,1,-1,6,1,72,10,1498,1,0,SKODA KAROQ,3,E01029487,0,3
2024101533329,2024,101533329,2,9,0,-1,6,1,5,-1,0,0,0,0,0,0,3,1,-1,6,1,85,11,1498,1,1,SKODA KAROQ,4,E01027413,0,2
2024351539318,2024,351539318,1,9,-1,-1,-1,-1,-1,-1,-1,-1,-1,-1,-1,0,-1,9,-1,6,2,61,9,1498,1,0,SKODA KAROQ,3,E01018090,0,2
2024010534766,2024,010534766,1,9,0,18,19,5,1,0,0,2,0,0,1,2,1,1,6,6,2,81,11,1498,1,5,SKODA KAROQ,10,E01032623,0,1
2024010504234,2024,010504234,2,9,0,9,9,7,5,0,0,1,0,0,0,0,1,2,2,2,2,63,9,1498,1,4,SKODA KAROQ,2,E01000086,0,2
2024440025945,2024,440025945,1,9,0,18,19,6,2,0,0,0,0,0,0,0,1,1,2,2,2,42,7,1498,1,3,SKODA KAROQ,2,E01022901,0,1
2024101398475,2024,101398475,3,9,0,-1,4,5,5,-1,0,0,1,4,0,0,1,1,-1,2,1,28,6,1968,2,5,SKODA KAROQ,-1,-1,0,-1
2024371496525,2024,371496525,1,9,0,-1,9,2,4,-1,0,0,0,0,0,0,4,1,-1,6,1,73,10,1968,2,6,SKODA KAROQ,6,E01030212,0,1
2024311557523,2024,311557523,1,9,0,-1,5,2,7,-1,0,8,0,0,0,0,3,1,-1,9,1,59,9,1498,1,4,SKODA KAROQ,-1,-1,0,-1
2024010542521,2024,010542521,1,9,0,7,7,5,8,0,0,8,0,0,0,0,1,1,6,6,3,-1,-1,1498,1,0,SKODA KAROQ,-1,-1,0,-1
2024451491233,2024,451491233,1,9,0,-1,19,5,1,-1,0,8,0,0,1,1,1,1,-1,9,1,76,11,1498,1,3,SKODA KAROQ,5,E01030995,0,2
2024141463503,2024,141463503,2,9,0,-1,19,1,5,-1,0,1,0,0,0,0,3,1,-1,9,1,59,9,1498,1,1,SKODA KAROQ,1,E01007506,0,1
2024071050489,2024,071050489,1,9,0,-1,9,7,6,-1,0,6,0,0,0,0,1,1,-1,6,1,69,10,1498,1,6,SKODA KAROQ,9,E01018529,0,1
2024501447294,2024,501447294,1,9,0,-1,19,6,2,-1,0,0,0,0,0,0,1,1,-1,9,1,65,9,1498,1,0,SKODA KAROQ,3,E01015094,0,4
2024552400547,2024,552400547,1,9,0,18,19,8,4,0,0,0,0,0,0,0,1,1,6,6,2,63,9,999,1,6,SKODA KAROQ,7,E01020481,0,1
2024010505624,2024,010505624,2,9,0,18,19,6,2,0,0,1,0,0,0,0,1,1,6,6,1,51,8,1498,1,0,SKODA KAROQ,9,E01000761,0,3
2024211441592,2024,211441592,1,9,0,-1,1,1,5,-1,0,0,0,0,0,0,2,9,-1,6,1,72,10,1498,1,1,SKODA KAROQ,10,E01029770,0,2
2024610034324,2024,610034324,1,9,0,18,19,1,5,0,0,8,0,0,0,0,2,1,6,6,1,29,6,999,1,4,SKODA KAROQ,10,W01001636,0,3
2024451443346,2024,451443346,1,9,0,-1,19,6,2,-1,0,0,0,0,1,7,1,1,-1,9,1,80,11,1498,1,2,SKODA KAROQ,10,E01025615,0,5
2024622400187,2024,622400187,2,9,0,18,19,2,6,0,0,0,0,0,0,0,1,1,6,6,1,75,10,1498,1,4,SKODA KAROQ,9,W01001090,0,1
2024340WN4362,2024,340WN4362,1,9,0,-1,5,6,1,-1,0,4,0,0,0,0,1,1,-1,9,1,33,6,1968,2,5,SKODA KAROQ,10,E01016798,0,3
2024070033632,2024,070033632,2,9,0,4,4,4,7,0,0,2,0,0,0,0,2,1,6,6,1,43,7,1498,1,1,SKODA KAROQ,9,E01018473,0,3
2024471424182,2024,471424182,1,9,0,-1,19,1,5,-1,0,1,0,0,0,0,2,1,-1,9,2,57,9,1984,1,5,SKODA KAROQ,5,E01031611,0,4
2024141425981,2024,141425981,2,9,0,-1,7,5,7,-1,0,6,0,0,0,0,1,1,-1,6,1,24,5,999,1,3,SKODA KAROQ,6,E01007771,0,1
2024622400809,2024,622400809,2,9,0,9,9,5,2,0,0,8,0,0,0,0,1,1,6,6,2,44,7,1968,2,1,SKODA KAROQ,5,W01001121,0,2
2024041465127,2024,041465127,2,9,0,-1,19,7,1,-1,0,2,0,0,0,0,3,1,-1,9,2,52,8,1498,1,3,SKODA KAROQ,10,E01017865,0,5
2024211475515,2024,211475515,2,9,0,-1,4,2,6,-1,0,0,0,0,0,0,2,1,-1,9,2,31,6,1498,1,4,SKODA KAROQ,-1,-1,0,-1
2024101499214,2024,101499214,3,9,0,-1,5,5,2,-1,0,1,0,0,0,0,1,1,-1,9,1,63,9,1498,1,4,SKODA KAROQ,-1,-1,0,-1
2024471473944,2024,471473944,1,9,0,-1,9,3,1,-1,0,1,0,0,0,0,1,1,-1,9,1,36,7,1498,1,5,SKODA KAROQ,4,E01014603,0,5
2024141450450,2024,141450450,2,9,0,-1,19,6,2,-1,0,0,0,0,0,0,2,1,-1,9,1,38,7,1498,1,5,SKODA KAROQ,1,E01007904,0,1
2024010512253,2024,010512253,1,9,0,7,7,3,4,0,0,0,0,0,0,0,4,1,6,6,1,64,9,1498,1,0,SKODA KAROQ,9,E01003648,0,1
2024101434886,2024,101434886,2,9,0,-1,19,3,7,-1,0,4,0,0,0,0,1,1,-1,2,1,58,9,1598,2,6,SKODA KAROQ,5,E01027500,0,2
2024991534643,2024,991534643,1,9,0,-1,9,6,5,-1,0,5,0,0,0,0,1,1,-1,1,1,66,10,1498,1,6,SKODA KAROQ,2,-1,0,1
2024501466515,2024,501466515,1,9,0,-1,19,5,1,-1,0,0,1,0,0,0,1,1,-1,6,1,87,11,1498,1,2,SKODA KAROQ,4,E01018920,0,3
2024320102544,2024,320102544,1,9,0,7,7,8,2,0,0,6,0,0,0,0,1,1,-1,-1,1,37,7,1498,1,1,SKODA KAROQ,10,E01034701,0,1
2024211453076,2024,211453076,2,9,0,-1,19,7,6,-1,0,1,0,0,0,0,1,1,-1,9,1,49,8,1968,2,5,SKODA KAROQ,9,E01029767,0,4
2024501396542,2024,501396542,2,9,0,-1,19,5,8,-1,0,0,0,0,0,0,1,1,-1,9,2,33,6,999,1,3,SKODA KAROQ,4,E01018847,0,1
2024371468077,2024,371468077,1,9,0,-1,19,3,7,-1,0,6,1,0,0,0,1,1,-1,9,1,74,10,1498,1,5,SKODA KAROQ,9,E01030085,0,1
2024141433044,2024,141433044,2,9,0,-1,9,5,2,-1,0,6,0,0,0,0,1,1,-1,6,2,-1,-1,1968,2,3,SKODA KAROQ,9,E01007674,0,1
2024122401262,2024,122401262,2,9,0,18,19,7,3,0,0,0,0,0,0,0,3,1,6,6,2,66,10,1498,1,0,SKODA KAROQ,4,E01025190,0,3
2024991423381,2024,991423381,2,9,0,-1,19,1,5,-1,0,0,0,0,0,0,1,9,-1,1,1,65,9,999,1,6,SKODA KAROQ,2,-1,0,1
2024501443896,2024,501443896,1,9,0,-1,7,1,4,-1,0,8,0,0,0,0,3,1,-1,9,2,52,8,999,1,6,SKODA KAROQ,3,E01015235,0,1
2024520500135,2024,520500135,2,9,0,18,19,5,1,0,0,0,0,0,0,0,3,1,6,6,1,54,8,1498,1,6,SKODA KAROQ,8,E01029129,0,1
2024131432407,2024,131432407,2,9,0,-1,19,1,5,-1,0,1,0,0,0,0,1,1,-1,9,1,29,6,1968,2,5,SKODA KAROQ,9,E01011272,0,1
2024201453489,2024,201453489,1,9,0,-1,19,6,4,-1,0,2,0,4,0,0,1,1,-1,6,1,30,6,999,1,3,SKODA KAROQ,-1,-1,0,-1
2024471476675,2024,471476675,1,3,0,-1,19,3,7,-1,0,2,0,0,0,0,1,1,-1,2,1,18,4,124,1,25,-1,9,E01021191,0,1
2024320295928,2024,320295928,1,9,0,-1,-1,6,2,0,0,3,0,7,0,0,1,1,-1,-1,2,84,11,1328,1,19,SUZUKI WAGON R+,4,E01026082,0,2
2024061468198,2024,061468198,1,9,0,-1,19,8,4,-1,0,1,0,0,0,0,1,1,-1,6,1,56,9,1328,1,19,SUZUKI WAGON R+,1,E01006240,0,1
2024332400732,2024,332400732,1,9,0,-1,9,6,3,-1,0,5,0,0,0,0,1,1,-1,9,2,68,10,1328,1,20,SUZUKI WAGON R+,4,E01025718,0,1
2024122401100,2024,122401100,1,9,0,18,19,8,4,0,0,0,0,4,0,0,1,1,6,6,1,86,11,1328,1,20,SUZUKI WAGON R+,7,E01027727,0,1
2024622400076,2024,622400076,2,9,0,18,19,2,6,0,0,1,0,9,0,0,1,1,6,6,2,65,9,1328,1,20,SUZUKI WAGON R+,7,W01000918,0,4
2024221504607,2024,221504607,2,9,0,-1,19,3,7,-1,0,8,0,0,0,0,3,9,-1,9,2,75,10,1298,1,21,SUZUKI WAGON R+,1,E01032204,0,1
2024421395285,2024,421395285,1,9,0,-1,5,1,5,-1,0,1,0,0,0,0,1,9,-1,9,2,66,10,1328,1,20,SUZUKI WAGON R+,2,E01015820,0,1
2024471485505,2024,471485505,3,9,0,-1,2,0,0,-1,0,2,0,0,0,0,1,1,-1,6,-1,-1,-1,1298,1,21,SUZUKI WAGON R+,-1,-1,0,-1
2024501448154,2024,501448154,1,9,0,-1,19,6,2,-1,0,1,0,0,0,0,1,1,-1,6,1,85,11,1298,1,23,SUZUKI WAGON R+,3,E01019008,0,1
2024031476191,2024,031476191,1,9,0,-1,19,2,6,-1,0,0,5,0,7,0,1,1,-1,9,1,65,9,1298,1,22,SUZUKI WAGON R+,6,E01019381,0,2
2024461430623,2024,461430623,1,9,0,-1,19,7,3,-1,0,1,1,0,0,0,1,1,-1,9,1,59,9,1298,1,24,SUZUKI WAGON R+,1,E01020972,0,4
2024501414263,2024,501414263,1,9,0,-1,7,5,6,-1,-1,4,1,0,0,0,3,1,-1,9,2,68,10,1229,1,18,SUZUKI WAGON R+,8,E01020266,0,1
2024320105231,2024,320105231,2,9,0,-1,-1,8,4,0,0,8,0,0,0,0,1,1,-1,-1,2,65,9,1328,1,19,SUZUKI WAGON R+,2,E01026050,0,1
2024522401882,2024,522401882,2,9,0,2,2,0,0,0,0,2,0,4,0,0,2,1,6,6,3,-1,-1,1298,1,21,SUZUKI WAGON R+,-1,-1,0,-1
2024421430887,2024,421430887,1,9,0,-1,9,5,3,-1,0,6,0,0,0,0,1,1,-1,6,1,89,11,1229,1,17,SUZUKI WAGON R+,7,E01015837,0,1
2024471482647,2024,471482647,1,9,0,-1,19,5,1,-1,0,0,0,0,0,0,2,1,-1,9,2,30,6,1328,1,19,SUZUKI WAGON R+,10,E01030585,0,2
2024221491700,2024,221491700,1,9,0,-1,13,8,4,-1,0,0,0,0,0,0,4,1,-1,6,1,78,11,1229,1,19,SUZUKI WAGON R+,7,E01032382,0,1
2024311514163,2024,311514163,1,9,0,-1,9,1,2,-1,0,0,0,0,0,0,1,1,-1,9,1,81,11,1328,1,20,SUZUKI WAGON R+,4,E01013964,0,1
2024421534281,2024,421534281,1,9,0,-1,19,5,1,-1,0,0,0,4,0,0,1,1,-1,9,1,84,11,1229,1,19,SUZUKI WAGON R+,9,E01021735,0,1
2024010518921,2024,010518921,2,9,0,99,99,9,9,99,99,9,9,99,9,99,1,9,6,6,3,-1,-1,1328,1,19,SUZUKI WAGON R+,-1,-1,0,-1
2024311415156,2024,311415156,2,9,0,-1,7,4,6,-1,0,6,0,0,0,0,3,1,-1,9,2,85,11,1328,1,20,SUZUKI WAGON R+,6,E01028175,0,1
2024361488926,2024,361488926,2,9,0,-1,2,0,0,-1,0,1,0,0,0,0,0,1,-1,6,-1,-1,-1,1298,1,22,SUZUKI WAGON R+,-1,-1,0,-1
2024471479705,2024,471479705,2,9,0,-1,19,5,1,-1,0,1,0,0,0,0,1,1,-1,9,1,79,11,1298,1,21,SUZUKI WAGON R+,10,E01021159,0,4
2024461440789,2024,461440789,1,9,0,-1,19,2,6,-1,0,2,0,0,0,0,1,1,-1,6,1,18,4,1298,1,24,SUZUKI WAGON R+,9,E01024773,0,2
2024552401093,2024,552401093,1,9,0,18,19,6,2,0,0,0,1,0,0,0,1,1,6,6,2,20,4,1328,1,19,SUZUKI WAGON R+,1,E01015312,0,3
2024451405623,2024,451405623,2,9,0,-1,19,5,1,-1,0,0,0,0,0,0,2,1,-1,6,2,45,7,2231,2,11,TOYOTA RAV4,8,E01030720,0,1
2024031462023,2024,031462023,1,9,0,-1,19,6,2,-1,0,0,0,0,0,0,1,1,-1,6,1,33,6,2231,2,16,TOYOTA RAV4,3,-1,0,5
2024010528598,2024,010528598,2,9,0,18,19,6,2,0,0,1,0,0,0,0,1,1,6,6,1,58,9,1998,1,18,TOYOTA RAV4,3,E01003579,0,2
2024451404602,2024,451404602,2,9,0,-1,19,5,1,-1,0,0,0,0,0,0,2,1,-1,9,2,46,8,2487,8,4,TOYOTA RAV4,3,E01030901,0,3
2024131496312,2024,131496312,1,9,0,-1,19,5,1,-1,0,6,0,0,0,0,1,1,-1,9,1,47,8,2231,2,17,TOYOTA RAV4,6,E01033696,0,1
2024991401819,2024,991401819,1,9,0,-1,5,4,7,-1,0,8,0,0,0,0,1,1,-1,9,1,63,9,2487,8,5,TOYOTA RAV4,10,-1,0,2
2024041413044,2024,041413044,2,9,0,-1,19,1,5,-1,0,1,0,0,1,0,1,1,-1,9,1,30,6,2487,8,1,TOYOTA RAV4,1,E01012603,0,1
2024101442003,2024,101442003,2,9,0,-1,19,4,8,-1,0,8,0,0,0,0,3,1,-1,6,2,34,6,2487,8,2,TOYOTA RAV4,4,E01008255,0,1
2024501447260,2024,501447260,2,9,0,-1,19,7,3,-1,0,0,1,0,0,0,1,1,-1,9,1,20,4,1998,1,21,TOYOTA RAV4,8,E01015111,0,1
2024440148937,2024,440148937,1,9,0,18,19,1,5,0,0,0,5,0,0,0,3,1,6,6,1,79,11,2231,2,17,TOYOTA RAV4,7,E01022946,0,2
2024111522590,2024,111522590,2,9,0,-1,19,8,5,-1,0,3,0,0,0,0,4,1,-1,7,2,55,8,1987,1,7,TOYOTA RAV4,7,E01020659,0,2
2024351464787,2024,351464787,1,9,0,-1,9,8,6,-1,0,6,0,0,0,0,3,1,-1,9,2,56,9,2494,8,6,TOYOTA RAV4,10,E01035407,0,3
2024522401142,2024,522401142,2,9,0,2,2,0,0,0,0,1,0,0,0,0,2,1,6,6,3,-1,-1,2487,8,3,TOYOTA RAV4,-1,-1,0,-1
2024991410427,2024,991410427,1,9,0,-1,19,5,8,-1,0,1,0,0,0,0,1,1,-1,6,1,34,6,2487,8,4,TOYOTA RAV4,9,-1,0,1
2024010532262,2024,010532262,1,8,0,8,8,5,7,0,0,1,0,0,0,0,1,9,6,6,3,36,7,2487,8,4,TOYOTA RAV4,3,E01003573,0,3
2024351515015,2024,351515015,1,9,0,-1,5,1,5,-1,0,4,0,0,0,0,1,1,-1,6,1,59,9,1998,2,9,TOYOTA RAV4,4,E01018083,0,1
2024141498095,2024,141498095,1,9,0,-1,19,5,1,-1,0,0,0,0,0,0,1,1,-1,9,2,39,7,2231,2,17,TOYOTA RAV4,5,E01007894,0,1
2024421494179,2024,421494179,1,9,0,-1,9,4,7,-1,0,1,2,0,1,0,1,1,-1,6,2,30,6,1998,1,17,TOYOTA RAV4,8,E01021340,0,1
2024211506004,2024,211506004,2,9,0,-1,5,1,4,-1,0,4,0,0,0,0,3,1,-1,1,1,57,9,2487,8,2,TOYOTA RAV4,10,E01029747,0,3
2024421442875,2024,421442875,2,9,0,-1,19,3,7,-1,0,0,0,0,0,0,3,1,-1,2,2,59,9,2487,8,2,TOYOTA RAV4,7,E01021882,0,1
2024010538687,2024,010538687,2,9,9,99,99,9,9,99,99,9,9,99,9,99,9,9,6,6,3,-1,-1,2487,8,3,TOYOTA RAV4,-1,-1,0,-1
2024411414506,2024,411414506,2,9,0,-1,19,2,6,-1,0,4,0,0,0,0,1,1,-1,7,1,34,6,2487,8,5,TOYOTA RAV4,3,E01023865,0,1
2024201515980,2024,201515980,2,9,0,-1,19,5,1,-1,0,0,0,0,0,0,2,1,-1,9,1,37,7,2494,8,6,TOYOTA RAV4,3,E01032536,0,1
2024031459122,2024,031459122,2,9,0,-1,7,6,8,-1,0,5,0,0,0,0,3,9,-1,6,2,45,7,2494,8,7,TOYOTA RAV4,6,E01019308,0,2
2024010511530,2024,010511530,2,9,0,3,3,5,1,0,0,0,0,0,0,0,4,1,1,1,2,50,8,1998,1,18,TOYOTA RAV4,5,E01024366,0,4
2024411399925,2024,411399925,1,9,0,-1,5,5,1,-1,0,8,0,0,0,0,3,9,-1,6,2,54,8,2494,8,8,TOYOTA RAV4,7,E01017652,0,2
2024131512856,2024,131512856,1,9,0,-1,5,1,5,-1,0,0,0,0,1,0,2,1,-1,9,1,64,9,2487,8,1,TOYOTA RAV4,7,E01011252,0,2
2024421418561,2024,421418561,1,9,0,-1,5,5,1,-1,0,8,0,0,0,0,1,1,-1,7,2,45,7,2494,8,8,TOYOTA RAV4,5,E01015870,0,1
2024522401752,2024,522401752,1,9,0,18,19,3,7,0,0,1,0,0,1,11,1,1,6,6,2,23,5,1998,1,21,TOYOTA RAV4,9,E01014898,0,2
2024010514075,2024,010514075,1,9,0,5,5,5,1,0,0,1,0,0,0,0,1,1,6,6,2,28,6,1987,1,8,TOYOTA RAV4,7,E01030300,0,4
2024010535806,2024,010535806,3,9,0,3,3,7,3,0,0,1,0,0,0,0,2,1,6,6,1,68,10,2487,8,2,TOYOTA RAV4,8,E01028422,0,4
2024111500025,2024,111500025,2,9,0,-1,9,5,1,-1,0,1,0,0,0,0,3,1,-1,1,1,37,7,2487,8,3,TOYOTA RAV4,4,E01020651,0,2
2024401506831,2024,401506831,3,9,-1,-1,-1,-1,-1,-1,-1,0,-1,-1,-1,0,-1,9,-1,6,2,-1,-1,2487,8,5,TOYOTA RAV4,6,E01017386,0,4
2024010526118,2024,010526118,1,9,0,18,19,3,7,0,0,2,1,0,1,4,1,1,6,6,1,40,7,2487,8,5,TOYOTA RAV4,-1,-1,0,-1
2024141492618,2024,141492618,1,9,0,-1,19,1,5,-1,0,1,0,0,0,0,1,9,-1,6,1,68,10,2231,2,12,TOYOTA RAV4,7,E01007754,0,1
2024010506290,2024,010506290,1,9,0,99,99,9,9,99,99,9,9,99,9,99,9,9,6,6,1,42,7,2487,8,1,TOYOTA RAV4,9,E01001281,0,1
2024010548991,2024,010548991,1,9,0,1,1,1,5,0,0,9,0,0,0,0,2,9,6,6,2,-1,-1,2494,8,7,TOYOTA RAV4,6,E01003756,0,2
2024361417886,2024,361417886,2,9,0,-1,3,1,5,-1,0,0,0,0,0,0,2,9,-1,9,2,40,7,1998,2,10,TOYOTA RAV4,5,E01026718,0,2
2024010519108,2024,010519108,1,9,0,16,19,1,5,0,0,1,0,0,0,0,1,1,1,1,1,48,8,2494,8,7,TOYOTA RAV4,6,E01001309,0,1
2024421439103,2024,421439103,1,9,0,-1,19,3,7,-1,0,0,0,0,0,0,1,1,-1,9,2,75,10,1998,1,18,TOYOTA RAV4,-1,-1,0,-1
2024141415221,2024,141415221,1,9,0,-1,5,1,1,-1,0,1,0,0,0,0,2,1,-1,2,2,51,8,1998,1,20,TOYOTA RAV4,1,E01007566,0,1
2024101501628,2024,101501628,1,9,0,-1,19,5,1,-1,0,0,0,0,0,0,3,1,-1,1,2,44,7,2487,8,3,TOYOTA RAV4,10,E01008264,0,3
2024531458501,2024,531458501,2,9,0,-1,2,0,0,-1,0,8,0,0,0,0,3,1,-1,6,-1,-1,-1,1998,1,20,TOYOTA RAV4,-1,-1,0,-1
2024061400833,2024,061400833,2,9,0,-1,4,3,7,-1,0,0,0,0,0,0,2,1,-1,9,1,51,8,2487,8,4,TOYOTA RAV4,8,E01005880,0,3
2024122500542,2024,122500542,1,9,0,17,19,5,1,0,0,0,2,0,0,0,1,1,3,7,2,24,5,2231,2,13,TOYOTA RAV4,7,E01011849,0,1
2024302500175,2024,302500175,1,9,0,-1,19,1,5,-1,0,0,0,0,0,0,2,1,-1,6,2,68,10,2231,2,11,TOYOTA RAV4,5,E01028342,0,4
2024041465023,2024,041465023,2,9,0,-1,19,5,1,-1,0,1,0,0,0,0,3,1,-1,2,1,57,9,2487,8,4,TOYOTA RAV4,10,E01024963,0,1
2024010550189,2024,010550189,1,9,0,99,99,9,9,0,0,8,0,0,9,0,9,1,6,6,3,-1,-1,2487,8,3,TOYOTA RAV4,-1,-1,0,-1
2024010498674,2024,010498674,1,9,0,7,7,5,8,0,0,5,0,0,1,0,4,1,6,6,1,64,9,1998,1,21,TOYOTA RAV4,6,E01002745,0,1
2024471478583,2024,471478583,1,9,0,-1,5,1,3,-1,0,1,0,0,0,0,3,1,-1,9,1,26,6,1998,2,10,TOYOTA RAV4,3,E01024535,0,3
2024991434375,2024,991434375,1,9,0,-1,19,3,7,-1,0,1,0,4,0,0,1,1,-1,6,2,58,9,1998,1,16,TOYOTA RAV4,2,-1,0,1
2024501504585,2024,501504585,2,9,0,-1,12,3,7,-1,0,0,0,0,0,0,2,2,-1,6,1,46,8,2487,8,5,TOYOTA RAV4,2,E01000931,0,5
2024471481541,2024,471481541,2,9,0,-1,9,1,5,-1,0,1,0,0,0,0,2,1,-1,9,1,64,9,2231,2,10,TOYOTA RAV4,8,E01020987,0,1
2024041513220,2024,041513220,1,9,0,-1,9,7,3,-1,0,0,0,0,0,0,4,1,-1,2,1,32,6,2231,2,14,TOYOTA RAV4,2,E01024883,0,1
2024131526938,2024,131526938,1,9,0,-1,19,3,7,-1,0,8,5,0,1,7,1,1,-1,6,1,26,6,2231,2,17,TOYOTA RAV4,1,E01011721,0,1
2024201437280,2024,201437280,1,9,0,-1,19,1,5,-1,0,8,0,0,0,0,1,9,-1,6,1,51,8,2494,8,6,TOYOTA RAV4,1,E01010463,0,1
2024430375862,2024,430375862,1,9,0,18,19,6,2,0,0,0,5,0,0,0,1,1,6,6,1,62,9,2494,8,8,TOYOTA RAV4,8,E01022178,0,3