collision_index,collision_year,collision_ref_no,vehicle_reference,vehicle_type,towing_and_articulation,vehicle_manoeuvre_historic,vehicle_manoeuvre,vehicle_direction_from,vehicle_direction_to,vehicle_location_restricted_lane_historic,vehicle_location_restricted_lane,junction_location,skidding_and_overturning,hit_object_in_carriageway,vehicle_leaving_carriageway,hit_object_off_carriageway,first_point_of_impact,vehicle_left_hand_drive,journey_purpose_of_driver_historic,journey_purpose_of_driver,sex_of_driver,age_of_driver,age_band_of_driver,engine_capacity_cc,propulsion_code,age_of_vehicle,generic_make_model,driver_imd_decile,lsoa_of_driver,escooter_flag,driver_distance_banding
2024061447907,2024,061447907,1,9,0,-1,19,5,2,-1,0,8,0,0,1,11,1,1,-1,9,1,79,11,2487,8,2,TOYOTA RAV4,-1,-1,0,-1
2024010515452,2024,010515452,1,9,0,1,1,5,7,0,0,1,0,0,1,0,2,1,6,6,1,41,7,2494,8,7,TOYOTA RAV4,5,E01004631,0,1
2024010497889,2024,010497889,1,9,0,99,99,9,9,99,99,9,9,99,9,99,1,9,6,6,3,-1,-1,2487,8,3,TOYOTA RAV4,-1,-1,0,-1
2024122500197,2024,122500197,1,9,0,1,1,2,6,0,0,6,0,0,0,0,2,1,6,6,1,49,8,2487,8,0,TOYOTA RAV4,6,E01027584,0,1
2024201461737,2024,201461737,2,9,0,-1,9,5,3,-1,0,0,0,0,0,0,4,1,-1,6,1,71,10,2231,2,13,TOYOTA RAV4,8,E01031152,0,2
2024010498361,2024,010498361,2,9,0,17,19,1,5,0,0,8,2,10,0,0,3,1,6,6,1,18,4,2487,8,5,TOYOTA RAV4,6,E01002792,0,1
2024122400445,2024,122400445,2,9,0,7,7,5,3,0,0,1,0,0,7,10,1,1,3,7,2,53,8,1998,2,10,TOYOTA RAV4,8,E01034964,0,1
2024311470137,2024,311470137,2,9,0,-1,19,7,3,-1,0,0,0,0,0,0,4,1,-1,6,1,30,6,2494,8,6,TOYOTA RAV4,1,E01013959,0,1
2024401449948,2024,401449948,1,9,0,-1,19,4,8,-1,0,0,0,4,0,0,4,1,-1,6,2,75,10,1995,2,18,TOYOTA RAV4,1,E01015771,0,1
2024320355543,2024,320355543,1,9,0,-1,-1,1,5,0,0,0,0,0,1,0,1,1,-1,-1,1,86,11,2231,2,16,TOYOTA RAV4,6,E01026387,0,2
2024302400790,2024,302400790,2,9,0,17,19,4,8,0,0,8,0,0,0,0,4,1,6,6,2,34,6,2487,8,4,TOYOTA RAV4,3,E01019775,0,2
2024351429960,2024,351429960,1,9,0,-1,19,6,2,-1,0,0,0,0,0,0,4,1,-1,6,1,-1,-1,2231,2,11,TOYOTA RAV4,9,E01018241,0,1
2024311455000,2024,311455000,1,9,0,-1,4,5,1,-1,0,0,0,0,0,0,4,1,-1,6,2,80,11,1986,1,14,TOYOTA RAV4,6,E01028202,0,1
2024041481732,2024,041481732,3,9,0,-1,19,3,7,-1,0,0,0,0,0,0,2,1,-1,6,1,33,6,1998,1,19,TOYOTA RAV4,2,E01025210,0,4
2024070427081,2024,070427081,1,9,0,16,19,5,1,0,0,0,1,10,7,10,1,1,6,6,1,81,11,2487,8,2,TOYOTA RAV4,10,E01018632,0,1
202454D124924,2024,54D124924,1,9,0,18,19,8,4,0,0,0,0,4,0,0,1,1,2,2,2,28,6,2487,8,3,TOYOTA RAV4,6,E01031893,0,1
2024340NN4642,2024,340NN4642,3,9,0,-1,19,7,3,-1,2,0,0,0,0,0,1,1,-1,9,1,53,8,1987,1,7,TOYOTA RAV4,-1,-1,0,-1
2024501460931,2024,501460931,1,9,0,-1,9,4,2,-1,0,6,0,0,0,0,3,1,-1,6,1,80,11,2487,8,1,TOYOTA RAV4,5,E01020295,0,1
2024451496099,2024,451496099,1,9,0,-1,19,6,2,-1,0,0,0,0,0,0,3,1,-1,2,1,48,8,2487,8,4,TOYOTA RAV4,8,E01030823,0,1
2024070624125,2024,070624125,2,9,0,7,7,7,1,0,0,8,1,0,0,0,0,1,6,6,2,79,11,2487,8,1,TOYOTA RAV4,9,E01018571,0,1
2024351539218,2024,351539218,3,9,0,-1,5,1,5,-1,0,8,0,0,0,0,1,1,-1,6,1,59,9,2487,8,4,TOYOTA RAV4,3,E01018073,0,1
2024010512857,2024,010512857,2,9,0,99,99,9,9,99,99,9,9,99,9,99,1,9,6,6,3,-1,-1,2494,8,7,TOYOTA RAV4,-1,-1,0,-1
2024010524958,2024,010524958,2,9,0,99,99,9,9,99,99,9,9,99,9,99,1,9,6,6,3,-1,-1,2487,8,3,TOYOTA RAV4,-1,-1,0,-1
2024361483225,2024,361483225,1,9,0,-1,19,3,7,-1,0,0,0,0,0,0,1,1,-1,1,1,47,8,2487,8,4,TOYOTA RAV4,2,E01026798,0,2
2024010521974,2024,010521974,2,9,0,18,19,7,3,0,0,0,0,0,0,0,1,1,6,6,2,22,5,2231,2,12,TOYOTA RAV4,9,E01033955,0,4
2024430524045,2024,430524045,5,9,0,18,19,7,3,0,0,0,0,0,0,0,1,1,6,6,3,52,8,2487,8,1,TOYOTA RAV4,8,E01028463,0,3
2024221455672,2024,221455672,1,9,0,-1,5,3,7,-1,0,8,0,0,0,0,2,1,-1,6,2,60,9,2487,8,2,TOYOTA RAV4,7,E01014205,0,1
2024332400126,2024,332400126,1,9,0,-1,19,6,3,-1,0,0,0,0,0,0,1,1,-1,6,1,19,4,2487,8,4,TOYOTA RAV4,5,E01025747,0,1
2024411406453,2024,411406453,3,9,0,-1,19,5,1,-1,0,0,0,0,0,0,1,1,-1,6,2,70,10,2494,8,8,TOYOTA RAV4,5,E01023400,0,1
2024211400526,2024,211400526,1,9,0,-1,4,7,1,-1,0,0,0,0,0,0,2,9,-1,9,1,60,9,2487,8,3,TOYOTA RAV4,10,E01029523,0,3
2024010516547,2024,010516547,1,9,0,18,19,3,7,0,0,1,0,0,3,0,3,1,6,6,1,41,7,2487,8,4,TOYOTA RAV4,8,E01003455,0,1
2024631482452,2024,631482452,2,9,0,-1,2,0,0,-1,0,0,0,0,0,0,0,1,-1,9,2,45,7,1998,1,19,TOYOTA RAV4,5,W01000599,0,1
2024451400049,2024,451400049,1,9,0,-1,9,3,1,-1,0,0,0,0,0,0,1,1,-1,9,1,68,10,2487,8,3,TOYOTA RAV4,8,E01030865,0,2
2024411512591,2024,411512591,2,9,-1,-1,-1,-1,-1,-1,-1,0,-1,-1,-1,0,-1,9,-1,9,2,36,7,2487,8,4,TOYOTA RAV4,6,E01026361,0,5
2024991435380,2024,991435380,2,9,0,-1,4,3,2,-1,0,0,0,0,0,0,4,1,-1,9,2,27,6,2487,8,2,TOYOTA RAV4,4,-1,0,1
2024471429816,2024,471429816,1,9,0,-1,9,4,8,-1,0,8,0,0,0,0,3,1,-1,2,2,42,7,1986,1,9,TOYOTA RAV4,3,E01021090,0,2
2024010539768,2024,010539768,1,9,0,18,19,1,5,0,0,0,0,0,0,0,4,2,3,7,2,58,9,1998,1,17,TOYOTA RAV4,3,E01000737,0,2
2024061397358,2024,061397358,1,9,0,-1,19,7,3,-1,0,0,0,0,0,0,1,1,-1,2,2,56,9,2487,8,3,TOYOTA RAV4,3,E01005102,0,1
2024010536532,2024,010536532,1,9,0,99,99,9,9,99,99,9,9,99,9,99,9,9,6,6,2,30,6,2487,8,2,TOYOTA RAV4,10,E01000814,0,1
2024440148937,2024,440148937,2,9,0,18,19,5,1,0,0,0,0,0,0,0,3,1,6,6,1,63,9,1986,1,14,TOYOTA RAV4,2,E01022915,0,1
2024451472859,2024,451472859,2,9,0,-1,19,7,3,-1,0,0,0,0,0,0,1,1,-1,9,2,34,6,2487,8,4,TOYOTA RAV4,10,E01030603,0,1
2024520402276,2024,520402276,2,9,0,18,19,5,1,0,0,0,0,0,1,1,3,1,6,6,1,54,8,2487,8,3,TOYOTA RAV4,4,E01032858,0,5
2024522402466,2024,522402466,1,9,0,18,19,1,5,0,0,8,0,0,4,1,1,1,6,6,1,79,11,1998,1,22,TOYOTA RAV4,4,E01014603,0,2
2024010546206,2024,010546206,1,9,0,5,5,5,1,0,0,0,0,0,0,0,4,1,6,6,3,-1,-1,2487,8,4,TOYOTA RAV4,-1,-1,0,-1
2024311421467,2024,311421467,2,9,0,-1,5,1,4,-1,0,0,0,0,0,0,2,1,-1,2,1,37,7,1995,2,7,TOYOTA RAV4,3,E01028339,0,3
2024010519458,2024,010519458,4,9,0,18,19,5,1,0,0,0,0,0,0,0,1,1,6,6,1,22,5,2487,8,2,TOYOTA RAV4,-1,-1,0,-1
2024052400888,2024,052400888,2,9,0,9,9,1,7,0,0,8,0,0,0,0,3,1,2,2,2,40,7,2487,8,2,TOYOTA RAV4,5,E01006538,0,1
2024131405905,2024,131405905,2,9,0,-1,3,1,1,-1,0,0,0,0,0,0,2,1,-1,9,1,60,9,2487,8,3,TOYOTA RAV4,3,E01007799,0,4
2024991432261,2024,991432261,2,9,0,-1,19,2,6,-1,0,0,1,0,7,0,1,1,-1,2,1,61,9,2487,8,4,TOYOTA RAV4,7,-1,0,4
2024430428196,2024,430428196,1,9,0,18,19,4,8,0,0,2,5,0,0,0,1,1,6,6,1,25,5,1998,1,20,TOYOTA RAV4,2,E01017707,0,1
2024231509903,2024,231509903,1,9,0,-1,19,6,2,-1,0,8,0,0,1,0,3,1,-1,2,1,57,9,1998,1,20,TOYOTA RAV4,4,E01031086,0,4
2024010538183,2024,010538183,1,9,9,99,99,9,9,99,99,9,9,99,0,0,9,1,6,6,3,-1,-1,2494,8,7,TOYOTA RAV4,-1,-1,0,-1
2024471412729,2024,471412729,2,9,0,-1,19,6,3,-1,0,8,0,0,0,0,4,1,-1,7,2,20,4,2231,2,16,TOYOTA RAV4,9,E01020944,0,1
2024010508997,2024,010508997,2,9,0,2,2,0,0,0,0,2,0,4,0,0,2,1,6,6,3,-1,-1,1998,1,15,TOYOTA RAV4,-1,-1,0,-1
2024411468359,2024,411468359,2,9,0,-1,4,7,3,-1,0,0,0,0,0,0,2,1,-1,6,1,75,10,2487,8,5,TOYOTA RAV4,10,E01023724,0,1
2024010523770,2024,010523770,4,9,0,18,19,4,8,0,0,0,0,0,0,0,1,1,6,6,1,69,10,1998,1,19,TOYOTA RAV4,4,E01001903,0,1
2024461441506,2024,461441506,4,9,0,-1,2,0,0,-1,0,2,0,0,0,0,2,1,-1,9,1,46,8,2487,8,1,TOYOTA RAV4,5,E01024452,0,1
2024010528360,2024,010528360,2,9,0,99,99,9,9,99,99,9,9,99,9,99,1,9,6,6,3,44,7,2494,8,7,TOYOTA RAV4,1,E01004334,0,1
2024122400042,2024,122400042,2,9,0,10,10,3,5,0,0,1,0,0,0,0,2,1,6,6,1,63,9,1998,2,9,TOYOTA RAV4,1,E01011611,0,4
2024010499493,2024,010499493,2,9,0,99,99,9,9,99,99,9,9,99,9,99,9,9,6,6,3,-1,-1,2487,8,1,TOYOTA RAV4,4,E01003793,0,1
2024010537823,2024,010537823,1,9,0,9,9,3,1,0,0,3,0,0,0,0,1,1,6,6,2,37,7,2494,8,8,TOYOTA RAV4,2,E01000017,0,1
2024501398271,2024,501398271,1,9,0,-1,1,6,2,-1,0,0,0,0,0,0,1,1,-1,6,1,70,10,2231,2,13,TOYOTA RAV4,4,E01018876,0,4
2024411466374,2024,411466374,2,9,0,-1,19,4,8,-1,0,0,0,0,0,0,1,1,-1,6,2,35,6,2487,8,1,TOYOTA RAV4,8,E01023481,0,1
2024010489829,2024,010489829,1,9,0,7,7,5,7,0,0,8,0,0,0,0,1,1,6,6,1,55,8,2487,8,5,TOYOTA RAV4,7,E01004491,0,1
2024131511153,2024,131511153,1,9,0,-1,9,5,1,-1,0,2,0,0,0,0,3,1,-1,2,1,44,7,2231,2,14,TOYOTA RAV4,1,E01011497,0,1
2024991458825,2024,991458825,1,9,0,-1,10,2,8,-1,0,5,1,7,0,0,4,1,-1,9,1,83,11,2487,8,5,TOYOTA RAV4,7,-1,0,2
2024361479575,2024,361479575,1,9,0,-1,19,5,2,-1,0,0,0,0,0,0,1,1,-1,9,2,63,9,2487,8,1,TOYOTA RAV4,5,E01026739,0,4
2024522500533,2024,522500533,1,9,0,18,19,2,6,0,0,8,0,0,0,0,3,1,6,6,1,25,5,2487,8,4,TOYOTA RAV4,2,E01014489,0,1
2024471520181,2024,471520181,1,9,0,-1,19,7,3,-1,0,0,0,0,0,0,1,1,-1,9,2,67,10,1998,1,21,TOYOTA RAV4,6,E01021018,0,1
2024010517792,2024,010517792,1,9,0,18,19,4,8,0,0,1,0,0,0,0,1,1,6,6,1,58,9,1995,2,8,TOYOTA RAV4,8,E01002483,0,4
2024221420922,2024,221420922,2,9,0,-1,2,0,0,-1,0,2,0,0,0,0,2,2,-1,6,1,58,9,2487,8,5,TOYOTA RAV4,8,E01032388,0,1
2024351500501,2024,351500501,1,9,0,-1,19,2,6,-1,0,2,0,0,0,0,1,1,-1,2,1,49,8,2494,8,6,TOYOTA RAV4,2,E01035538,0,1
2024070734663,2024,070734663,1,9,0,-1,4,3,7,-1,0,1,0,0,0,0,1,1,-1,9,2,44,7,2231,2,11,TOYOTA RAV4,9,W01000272,0,3
2024010532690,2024,010532690,1,9,0,18,19,4,8,0,0,1,0,0,0,0,1,1,6,6,1,43,7,2487,8,4,TOYOTA RAV4,7,E01004193,0,1
2024061414553,2024,061414553,2,9,0,-1,19,8,4,-1,0,0,0,0,0,0,3,1,-1,6,1,28,6,1998,1,17,TOYOTA RAV4,8,E01005571,0,1
2024631488560,2024,631488560,1,9,0,-1,9,5,7,-1,0,6,0,0,0,0,3,2,-1,9,1,57,9,1998,1,27,TOYOTA RAV4,1,W01000863,0,4
2024461450115,2024,461450115,2,9,0,-1,3,2,4,-1,0,0,0,0,0,0,2,9,-1,2,1,57,9,2487,8,2,TOYOTA RAV4,4,E01002250,0,3
2024461532543,2024,461532543,1,9,0,-1,19,2,1,-1,0,0,1,0,0,0,1,1,-1,9,2,40,7,1998,2,9,TOYOTA RAV4,2,E01024192,0,4
2024201440184,2024,201440184,1,9,0,-1,19,5,1,-1,0,1,0,0,0,0,1,9,-1,9,1,15,3,1998,2,10,TOYOTA RAV4,2,E01009587,0,4
2024401501477,2024,401501477,1,8,0,-1,-1,-1,-1,-1,-1,-1,-1,-1,-1,0,1,9,-1,6,1,58,9,2231,2,10,TOYOTA RAV4,3,E01015702,0,1
2024461429286,2024,461429286,1,9,0,-1,9,1,7,-1,0,1,0,0,1,0,3,1,-1,9,1,42,7,2494,8,6,TOYOTA RAV4,10,E01024349,0,1
202460Q054481,2024,60Q054481,1,9,0,18,19,3,7,0,0,2,0,0,0,0,3,1,6,6,1,59,9,2487,8,0,TOYOTA RAV4,-1,-1,0,-1
2024141527934,2024,141527934,1,9,0,-1,19,2,6,-1,0,0,0,0,0,0,1,1,-1,7,1,79,11,1995,2,18,TOYOTA RAV4,5,E01007953,0,1
2024332401018,2024,332401018,2,9,0,-1,19,4,8,-1,0,3,0,0,0,0,1,1,-1,6,3,-1,-1,1995,2,21,TOYOTA RAV4,-1,-1,0,-1
2024010538206,2024,010538206,2,9,0,9,9,7,6,0,0,2,0,0,0,0,3,1,6,6,3,23,5,1998,1,24,TOYOTA RAV4,-1,-1,0,-1
2024430031296,2024,430031296,4,9,0,2,2,0,0,0,0,0,0,0,0,0,0,1,6,6,1,49,8,2494,8,6,TOYOTA RAV4,5,E01001381,0,4
2024531479770,2024,531479770,2,9,0,-1,19,5,1,-1,0,8,0,0,3,0,1,1,-1,9,2,42,7,2487,8,4,TOYOTA RAV4,9,E01022185,0,3
2024471409667,2024,471409667,1,9,0,-1,19,8,4,-1,0,2,0,0,0,0,1,1,-1,6,2,73,10,2494,8,7,TOYOTA RAV4,10,E01031729,0,1
2024401419297,2024,401419297,2,9,-1,-1,-1,-1,-1,-1,-1,-1,-1,-1,-1,0,-1,9,-1,9,1,56,9,2487,8,5,TOYOTA RAV4,2,E01015787,0,1
2024461492162,2024,461492162,1,9,0,-1,19,6,3,-1,9,0,1,0,7,5,1,1,-1,6,1,39,7,2487,8,2,TOYOTA RAV4,-1,-1,0,-1
2024061475527,2024,061475527,1,9,0,-1,3,-1,-1,-1,0,0,0,0,0,0,2,1,-1,9,1,61,9,2231,2,11,TOYOTA RAV4,6,E01005885,0,2
2024991421762,2024,991421762,3,9,0,-1,19,7,3,-1,0,1,0,0,0,0,2,1,-1,9,2,46,8,2487,8,5,TOYOTA RAV4,-1,-1,0,-1
2024010497757,2024,010497757,1,9,0,99,99,9,9,99,99,9,9,99,9,99,2,9,6,6,1,51,8,2487,8,2,TOYOTA RAV4,1,E01001410,0,1
2024501529469,2024,501529469,3,9,0,-1,19,7,3,-1,0,7,0,0,1,0,2,1,-1,9,2,42,7,2231,2,12,TOYOTA RAV4,3,E01018761,0,4
2024471413913,2024,471413913,1,9,0,-1,9,2,8,-1,0,8,0,0,0,0,1,1,-1,9,2,52,8,2487,8,1,TOYOTA RAV4,7,E01021142,0,2
2024421445593,2024,421445593,2,9,0,-1,19,3,7,-1,0,0,0,0,0,0,3,1,-1,6,1,68,10,2494,8,8,TOYOTA RAV4,7,E01021334,0,4
2024451426501,2024,451426501,1,9,0,-1,3,7,3,-1,0,0,0,0,0,0,2,1,-1,9,1,61,9,1998,1,19,TOYOTA RAV4,7,E01030643,0,1
2024070514569,2024,070514569,1,9,0,18,19,1,5,0,0,4,0,0,0,0,1,1,2,2,1,22,5,2487,8,2,TOYOTA RAV4,2,E01035365,0,2
2024451508083,2024,451508083,2,9,0,-1,5,5,3,-1,0,6,0,0,7,0,1,9,-1,6,2,40,7,2494,8,7,TOYOTA RAV4,-1,-1,0,-1
2024430092150,2024,430092150,1,9,0,8,8,3,7,0,0,1,0,0,0,0,3,1,2,2,1,50,8,2231,2,16,TOYOTA RAV4,-1,-1,0,-1
2024471479820,2024,471479820,2,9,0,-1,2,0,0,-1,0,2,0,4,0,0,2,1,-1,6,-1,-1,-1,1998,1,18,TOYOTA RAV4,-1,-1,0,-1
2024471402555,2024,471402555,1,9,0,-1,19,5,1,-1,0,1,0,0,0,0,3,1,-1,2,2,50,8,2231,2,16,TOYOTA RAV4,9,E01031623,0,1
2024010529685,2024,010529685,2,9,0,99,99,9,9,99,99,9,9,99,9,99,9,9,6,6,3,-1,-1,2494,8,8,TOYOTA RAV4,-1,-1,0,-1
2024122400194,2024,122400194,1,9,0,1,1,3,7,99,99,0,0,0,0,0,2,1,3,7,3,31,6,2494,8,7,TOYOTA RAV4,7,E01027756,0,1
2024010531319,2024,010531319,2,9,0,5,5,7,3,0,0,8,0,0,0,0,4,1,6,6,1,34,6,2487,8,3,TOYOTA RAV4,7,E01000993,0,1
2024531464447,2024,531464447,2,9,0,-1,19,3,7,-1,0,0,0,0,0,0,3,1,-1,9,2,53,8,1998,1,22,TOYOTA RAV4,6,E01016887,0,5
2024010499063,2024,010499063,2,9,9,99,99,9,9,99,99,9,9,99,9,99,9,9,6,6,3,-1,-1,1998,1,20,TOYOTA RAV4,-1,-1,0,-1
2024421498520,2024,421498520,1,9,0,-1,19,4,8,-1,0,2,1,0,0,0,1,1,-1,9,1,41,7,2231,2,15,TOYOTA RAV4,7,E01022088,0,3
2024010514679,2024,010514679,2,9,0,18,19,3,7,0,0,2,0,0,0,0,0,1,6,6,3,24,5,2487,8,5,TOYOTA RAV4,-1,-1,0,-1
2024501512151,2024,501512151,1,9,0,-1,9,5,3,-1,0,2,0,0,0,0,2,1,-1,9,1,40,7,1998,1,21,TOYOTA RAV4,4,E01015071,0,2
2024161495668,2024,161495668,1,9,0,-1,9,8,6,-1,0,6,0,0,0,0,1,9,-1,6,2,53,8,2231,2,10,TOYOTA RAV4,6,E01013253,0,1
2024471482844,2024,471482844,2,9,0,-1,19,5,1,-1,0,0,1,0,7,0,2,1,-1,6,1,28,6,1998,1,20,TOYOTA RAV4,5,E01031515,0,1
2024010551548,2024,010551548,2,9,0,18,19,7,3,1,1,8,0,0,0,0,4,1,6,6,1,60,9,1998,1,20,TOYOTA RAV4,9,E01026901,0,5
2024552400523,2024,552400523,1,9,0,7,7,2,3,9,9,5,0,0,0,0,4,1,4,7,1,62,9,2487,8,1,TOYOTA RAV4,9,E01034372,0,2
2024320051528,2024,320051528,1,9,0,9,9,4,2,0,0,6,0,0,0,0,1,1,6,6,2,41,7,2231,2,16,TOYOTA RAV4,2,E01026156,0,2
2024010536550,2024,010536550,2,9,0,18,19,4,8,0,0,8,0,0,0,0,0,1,1,1,2,35,6,2487,8,4,TOYOTA RAV4,9,E01004596,0,2
2024122401176,2024,122401176,2,9,0,18,19,1,4,0,0,0,0,0,0,0,3,1,6,6,2,33,6,2487,8,4,TOYOTA RAV4,5,E01027800,0,4
2024401526548,2024,401526548,1,9,0,-1,7,2,4,-1,0,5,0,0,0,0,1,9,-1,6,2,-1,-1,1794,1,23,TOYOTA RAV4,-1,-1,0,-1
2024031502643,2024,031502643,1,9,0,-1,19,5,8,-1,0,0,0,0,0,0,1,1,-1,9,1,63,9,2487,8,5,TOYOTA RAV4,7,E01019350,0,2
2024311535171,2024,311535171,2,9,0,-1,7,3,5,-1,-1,1,0,0,0,0,1,1,-1,2,2,63,9,2231,2,10,TOYOTA RAV4,6,E01028175,0,1
2024231481334,2024,231481334,2,9,0,-1,4,4,8,-1,0,1,0,0,0,0,2,1,-1,9,2,27,6,2487,8,4,TOYOTA RAV4,6,E01029428,0,4
2024010543966,2024,010543966,1,9,0,99,99,9,9,99,99,9,9,99,9,99,1,9,6,6,3,-1,-1,2487,8,2,TOYOTA RAV4,9,E01004133,0,1
2024141459073,2024,141459073,2,9,0,-1,19,2,6,-1,0,8,0,0,0,0,3,1,-1,6,1,54,8,1998,2,9,TOYOTA RAV4,3,E01007569,0,1
2024991528768,2024,991528768,2,9,0,-1,19,2,6,-1,0,0,0,0,0,0,1,1,-1,1,1,53,8,2487,8,3,TOYOTA RAV4,-1,-1,0,-1
202407Q002101,2024,07Q002101,1,9,0,18,19,6,2,0,0,0,0,0,0,0,3,1,2,2,1,55,8,2487,8,5,TOYOTA RAV4,-1,-1,0,-1
2024010522164,2024,010522164,1,9,0,18,19,7,3,0,0,2,0,0,0,0,2,1,6,6,1,57,9,2231,2,11,TOYOTA RAV4,7,E01002986,0,1
2024070900024,2024,070900024,2,9,0,-1,9,1,5,-1,0,8,0,0,0,0,1,1,-1,9,2,74,10,1998,2,11,TOYOTA RAV4,9,E01018365,0,1
2024991418058,2024,991418058,2,9,0,-1,4,3,7,-1,0,1,0,0,0,0,2,1,-1,2,1,52,8,1998,2,8,TOYOTA RAV4,9,-1,0,1
2024320040965,2024,320040965,2,9,0,2,2,0,0,0,0,0,0,0,0,0,4,1,6,6,1,40,7,1995,2,19,TOYOTA RAV4,6,E01026210,0,1
2024302400807,2024,302400807,2,9,0,18,19,5,1,0,0,0,0,0,0,0,3,1,6,6,2,55,8,2231,2,17,TOYOTA RAV4,6,E01019620,0,1
2024520402828,2024,520402828,1,9,0,9,9,1,7,0,0,8,0,0,0,0,3,1,6,6,1,80,11,2487,8,5,TOYOTA RAV4,3,E01029341,0,4
2024061396033,2024,061396033,2,9,0,-1,19,5,2,-1,0,8,0,0,0,0,4,1,-1,9,1,71,10,2494,8,6,TOYOTA RAV4,7,E01006089,0,3
2024141421342,2024,141421342,2,9,0,-1,19,5,1,-1,0,1,0,0,0,0,1,1,-1,9,2,62,9,2231,2,17,TOYOTA RAV4,2,E01007843,0,1
2024311519838,2024,311519838,6,9,0,-1,2,0,0,-1,0,0,0,0,0,0,3,2,-1,6,-1,-1,-1,2487,8,4,TOYOTA RAV4,-1,-1,0,-1
2024991412689,2024,991412689,2,9,0,-1,4,1,5,-1,0,1,0,0,0,0,2,1,-1,6,1,43,7,2487,8,5,TOYOTA RAV4,4,-1,0,3
2024451480459,2024,451480459,2,9,0,-1,4,1,3,-1,0,0,0,0,0,0,0,1,-1,6,2,30,6,2487,8,4,TOYOTA RAV4,-1,-1,0,-1
2024471430615,2024,471430615,1,9,0,-1,19,6,2,-1,0,1,0,0,0,0,4,1,-1,6,1,80,11,2487,8,3,TOYOTA RAV4,5,E01034300,0,1
2024302400302,2024,302400302,1,9,0,1,1,2,6,0,0,0,0,0,0,0,2,1,6,6,1,85,11,2487,8,5,TOYOTA RAV4,8,E01019725,0,1
2024010502153,2024,010502153,2,9,0,17,19,1,5,0,0,1,1,0,0,0,4,1,6,6,1,49,8,2494,8,6,TOYOTA RAV4,6,E01002919,0,1
2024061524202,2024,061524202,1,9,0,-1,3,2,5,-1,0,0,0,0,0,0,1,1,-1,1,2,34,6,2494,8,5,TOYOTA RAV4,9,E01005549,0,1
2024302400422,2024,302400422,2,9,4,18,19,4,8,0,0,0,0,0,0,0,3,1,6,6,2,31,6,2231,2,16,TOYOTA RAV4,5,E01019613,0,1
2024010527212,2024,010527212,1,9,0,18,19,7,3,0,0,0,0,0,0,0,1,1,6,6,1,44,7,2487,8,2,TOYOTA RAV4,4,E01001463,0,1
2024010510176,2024,010510176,2,9,0,99,99,9,9,99,99,9,9,99,9,99,1,9,6,6,3,-1,-1,2494,8,6,TOYOTA RAV4,-1,-1,0,-1
2024211451265,2024,211451265,1,9,0,-1,19,5,1,-1,0,0,0,0,0,0,1,1,-1,6,1,43,7,1995,2,7,TOYOTA RAV4,2,E01029842,0,2
2024622400834,2024,622400834,1,9,0,18,19,8,4,0,0,0,0,0,0,0,1,1,6,6,2,61,9,1998,1,21,TOYOTA RAV4,10,W01001727,0,2
2024010549360,2024,010549360,1,9,0,10,10,1,7,0,0,6,0,0,0,0,1,1,6,6,2,29,6,1998,1,19,TOYOTA RAV4,6,E01004021,0,3
2024471426224,2024,471426224,2,9,0,-1,19,5,1,-1,0,0,0,0,0,0,2,1,-1,9,1,68,10,2487,8,2,TOYOTA RAV4,10,E01022852,0,4
2024421437389,2024,421437389,1,9,0,-1,4,7,3,-1,0,0,0,0,0,0,1,1,-1,9,2,43,7,1998,1,20,TOYOTA RAV4,8,E01021568,0,1
2024440333398,2024,440333398,1,9,0,4,4,3,7,0,0,1,0,0,0,0,2,1,6,6,2,42,7,1998,1,18,TOYOTA RAV4,10,E01022995,0,4
2024430435257,2024,430435257,1,9,0,9,9,6,4,0,0,2,0,0,0,0,3,1,6,6,1,-1,-1,2487,8,5,TOYOTA RAV4,4,E01035254,0,1
2024061434332,2024,061434332,1,9,0,-1,5,5,1,-1,0,1,0,0,0,0,4,1,-1,6,1,52,8,2231,2,10,TOYOTA RAV4,1,E01005228,0,1
2024471402313,2024,471402313,1,9,0,-1,9,4,8,-1,0,6,0,0,0,0,3,1,-1,6,2,42,7,1998,1,18,TOYOTA RAV4,7,E01021169,0,1
2024010538406,2024,010538406,1,9,0,3,3,5,1,0,0,6,0,0,0,0,0,1,2,2,1,65,9,1998,1,17,TOYOTA RAV4,8,E01004653,0,1
2024361458009,2024,361458009,2,9,0,-1,5,4,8,-1,0,1,0,0,0,0,2,1,-1,6,2,62,9,1998,1,19,TOYOTA RAV4,4,E01026606,0,3
2024010542543,2024,010542543,1,9,0,18,19,1,5,0,0,0,1,0,0,0,1,1,6,6,1,46,8,1998,1,20,TOYOTA RAV4,2,E01001579,0,1
2024010514658,2024,010514658,2,9,0,9,9,1,7,0,0,1,0,0,0,0,3,1,6,6,1,62,9,2494,8,7,TOYOTA RAV4,4,E01001285,0,3
2024522401877,2024,522401877,1,9,0,3,3,7,3,0,0,0,0,0,0,0,2,1,6,6,1,34,6,1998,1,16,TOYOTA RAV4,-1,-1,0,-1
2024501525991,2024,501525991,2,9,0,-1,19,6,2,-1,0,0,1,0,0,0,1,1,-1,9,2,49,8,2487,8,3,TOYOTA RAV4,8,E01019961,0,1
2024361487733,2024,361487733,1,9,0,-1,9,5,3,-1,0,5,0,0,7,0,1,2,-1,6,1,47,8,2487,8,4,TOYOTA RAV4,9,E01029939,0,3