collision_index,collision_year,collision_ref_no,vehicle_reference,vehicle_type,towing_and_articulation,vehicle_manoeuvre_historic,vehicle_manoeuvre,vehicle_direction_from,vehicle_direction_to,vehicle_location_restricted_lane_historic,vehicle_location_restricted_lane,junction_location,skidding_and_overturning,hit_object_in_carriageway,vehicle_leaving_carriageway,hit_object_off_carriageway,first_point_of_impact,vehicle_left_hand_drive,journey_purpose_of_driver_historic,journey_purpose_of_driver,sex_of_driver,age_of_driver,age_band_of_driver,engine_capacity_cc,propulsion_code,age_of_vehicle,generic_make_model,driver_imd_decile,lsoa_of_driver,escooter_flag,driver_distance_banding
202417M302524,2024,17M302524,2,9,0,4,4,2,6,0,0,0,0,0,0,0,2,1,6,6,1,66,10,2487,8,5,TOYOTA RAV4,8,E01012025,0,1
2024440247153,2024,440247153,1,9,0,18,19,5,1,0,0,0,0,10,1,0,4,1,6,6,1,41,7,2231,2,9,TOYOTA RAV4,3,E01016440,0,3
2024010512360,2024,010512360,1,9,0,18,19,3,7,0,0,8,0,0,0,0,4,1,6,6,1,47,8,1995,2,8,TOYOTA RAV4,7,E01024137,0,4
2024010498808,2024,010498808,2,9,0,18,19,7,3,0,0,1,0,0,0,0,1,1,6,6,1,63,9,2487,8,4,TOYOTA RAV4,10,E01003423,0,3
2024531436335,2024,531436335,2,9,0,-1,19,6,2,-1,0,0,1,0,7,9,1,1,-1,6,1,63,9,2231,2,13,TOYOTA RAV4,9,W01001590,0,3
2024070481392,2024,070481392,1,9,0,1,1,1,3,0,0,1,0,0,0,0,2,1,6,6,2,53,8,2487,8,3,TOYOTA RAV4,9,E01012516,0,1
2024461524610,2024,461524610,1,9,0,-1,10,8,2,-1,0,0,0,0,0,0,1,1,-1,9,2,35,6,2231,2,11,TOYOTA RAV4,2,E01024398,0,1
2024451403237,2024,451403237,2,9,0,-1,9,1,5,-1,0,8,0,0,0,0,4,1,-1,9,1,20,4,2487,8,1,TOYOTA RAV4,3,E01001008,0,4
2024440078314,2024,440078314,1,9,0,18,19,6,2,0,0,0,0,0,0,0,1,1,6,6,1,62,9,2487,8,4,TOYOTA RAV4,3,E01017347,0,1
2024101432483,2024,101432483,2,9,0,-1,19,8,4,-1,0,8,0,0,0,0,2,1,-1,1,2,57,9,2487,8,3,TOYOTA RAV4,10,E01027492,0,4
2024010511644,2024,010511644,1,9,0,18,19,5,1,0,0,2,0,0,0,0,1,1,6,6,1,68,10,1998,1,16,TOYOTA RAV4,4,E01004642,0,1
2024031535309,2024,031535309,1,9,0,-1,5,1,3,-1,0,0,0,0,0,0,3,1,-1,6,2,69,10,2487,8,4,TOYOTA RAV4,-1,-1,0,-1
2024010524465,2024,010524465,2,9,0,99,99,9,9,99,99,9,9,99,9,99,1,9,6,6,3,-1,-1,1986,1,11,TOYOTA RAV4,-1,-1,0,-1
2024201484309,2024,201484309,2,9,0,-1,3,7,7,-1,0,1,0,0,0,0,2,1,-1,9,1,43,7,2487,8,1,TOYOTA RAV4,1,E01009489,0,1
2024221429191,2024,221429191,2,9,0,-1,4,1,5,-1,0,0,0,0,0,0,2,9,-1,9,1,46,8,2487,8,3,TOYOTA RAV4,5,E01014063,0,3
2024549373924,2024,549373924,1,9,0,18,19,7,3,0,0,0,0,0,0,0,4,1,1,1,1,57,9,2487,8,1,TOYOTA RAV4,7,E01015497,0,1
2024131457102,2024,131457102,2,9,0,-1,19,3,7,-1,0,1,0,0,0,0,1,1,-1,6,2,43,7,1998,1,21,TOYOTA RAV4,2,E01010778,0,1
2024430180150,2024,430180150,2,9,0,18,19,2,6,0,0,0,0,0,0,0,1,1,6,6,2,55,8,2231,2,11,TOYOTA RAV4,7,E01033962,0,1
2024201469229,2024,201469229,1,9,0,-1,14,8,4,-1,0,0,0,0,0,0,1,1,-1,9,2,48,8,2494,8,6,TOYOTA RAV4,1,E01009113,0,1
2024991473033,2024,991473033,1,9,0,-1,19,4,8,-1,0,1,0,0,0,0,1,1,-1,6,1,56,9,2487,8,5,TOYOTA RAV4,5,-1,0,4
2024430265913,2024,430265913,2,9,0,16,19,2,6,0,0,8,0,0,0,0,3,1,1,1,1,45,7,2231,2,9,TOYOTA RAV4,9,E01027290,0,3
2024361464095,2024,361464095,2,9,0,-1,9,5,3,-1,0,0,1,0,0,0,1,1,-1,9,1,77,11,2231,2,12,TOYOTA RAV4,10,E01026552,0,4
2024161502243,2024,161502243,1,9,0,-1,9,1,7,-1,0,6,0,0,0,0,1,1,-1,6,2,45,7,2487,8,3,TOYOTA RAV4,10,E01013215,0,2
2024340WN5312,2024,340WN5312,2,9,0,-1,19,1,5,-1,0,8,0,0,0,0,3,1,-1,6,2,52,8,2231,2,13,TOYOTA RAV4,3,E01027147,0,1
2024531507425,2024,531507425,2,9,0,-1,2,0,0,-1,0,0,0,0,0,0,1,1,-1,6,-1,-1,-1,1998,2,9,TOYOTA RAV4,-1,-1,0,-1
2024010526294,2024,010526294,2,9,0,99,99,9,9,99,99,9,9,99,9,99,9,9,6,6,3,-1,-1,2494,8,7,TOYOTA RAV4,-1,-1,0,-1
2024461431306,2024,461431306,1,9,0,-1,19,5,1,-1,0,0,2,0,0,0,1,9,-1,6,-1,-1,-1,2487,8,2,TOYOTA RAV4,-1,-1,0,-1
2024501514363,2024,501514363,2,9,0,-1,9,3,1,-1,0,6,0,0,0,0,1,1,-1,9,1,40,7,1998,1,21,TOYOTA RAV4,4,E01015071,0,1
2024010545141,2024,010545141,2,9,0,6,6,9,9,99,99,9,9,99,9,99,9,9,6,6,3,34,6,2494,8,8,TOYOTA RAV4,8,E01001134,0,1
2024430432169,2024,430432169,3,9,0,4,4,1,5,0,0,0,0,0,0,0,2,1,6,6,1,37,7,2487,8,2,TOYOTA RAV4,6,E01016734,0,4
2024340WN0072,2024,340WN0072,2,9,0,-1,19,8,4,-1,0,0,0,0,0,0,1,1,-1,6,1,41,7,2231,2,17,TOYOTA RAV4,4,E01001666,0,5
2024231478708,2024,231478708,1,9,0,-1,19,8,4,-1,0,0,0,0,0,0,1,1,-1,6,1,60,9,2231,2,16,TOYOTA RAV4,7,E01028432,0,4
2024131399740,2024,131399740,1,9,0,-1,19,2,6,-1,0,0,1,0,7,0,1,1,-1,9,1,56,9,2494,8,7,TOYOTA RAV4,8,E01032503,0,1
2024480543306,2024,480543306,1,9,9,99,99,9,9,99,99,9,9,99,9,99,9,9,6,6,1,39,7,1998,1,20,TOYOTA RAV4,4,E01000531,0,3
2024201467195,2024,201467195,1,9,0,-1,9,5,3,-1,0,4,0,0,0,0,3,1,-1,6,2,46,8,2494,8,6,TOYOTA RAV4,4,E01009734,0,3
2024061484621,2024,061484621,1,9,0,-1,9,6,3,-1,0,8,0,0,0,0,3,1,-1,6,1,31,6,2487,8,3,TOYOTA RAV4,9,E01006312,0,2
2024010527153,2024,010527153,2,9,0,1,1,9,9,99,99,0,9,99,9,99,2,9,6,6,1,-1,-1,2487,8,2,TOYOTA RAV4,-1,-1,0,-1
2024520402401,2024,520402401,2,9,0,18,19,1,5,0,0,0,0,0,0,0,1,1,6,6,3,-1,-1,2231,2,11,TOYOTA RAV4,-1,-1,0,-1
2024430128585,2024,430128585,1,9,0,16,19,3,7,0,0,0,2,0,7,4,1,1,6,6,1,24,5,2231,2,15,TOYOTA RAV4,7,E01028713,0,1
2024401536729,2024,401536729,1,9,0,-1,4,1,5,-1,0,0,0,0,0,0,1,1,-1,6,2,44,7,2487,8,3,TOYOTA RAV4,7,E01023632,0,4
2024201444148,2024,201444148,1,9,0,-1,5,6,2,-1,0,2,0,0,0,0,1,1,-1,6,1,67,10,2487,8,0,TOYOTA RAV4,5,E01009206,0,1
2024010498291,2024,010498291,1,9,0,18,19,4,8,0,0,8,0,0,0,0,1,1,3,7,2,44,7,2487,8,4,TOYOTA RAV4,3,E01000090,0,1
2024141400397,2024,141400397,2,9,0,-1,2,4,8,-1,0,0,0,0,0,0,2,1,-1,6,-1,-1,-1,1998,2,9,TOYOTA RAV4,-1,-1,0,-1
2024320590905,2024,320590905,2,9,0,-1,-1,8,4,0,0,8,1,0,0,0,4,1,6,6,2,48,8,2231,2,16,TOYOTA RAV4,3,E01026183,0,3
2024052401384,2024,052401384,1,9,0,18,19,4,8,0,0,1,0,0,0,0,1,1,6,6,1,66,10,2231,2,16,TOYOTA RAV4,8,E01007166,0,1
2024052401121,2024,052401121,1,9,0,13,13,1,5,0,0,1,0,4,0,0,1,1,6,6,1,35,6,2231,2,16,TOYOTA RAV4,1,E01007011,0,1
2024010518527,2024,010518527,2,9,0,18,19,2,6,9,9,1,1,10,1,10,3,1,6,6,1,37,7,2487,8,3,TOYOTA RAV4,-1,-1,0,-1
2024501441649,2024,501441649,1,9,0,-1,19,3,7,-1,0,4,0,0,0,0,1,1,-1,9,2,77,11,2231,2,15,TOYOTA RAV4,5,E01020295,0,2
2024542108424,2024,542108424,1,9,0,18,19,4,8,0,0,0,0,0,0,0,1,1,6,6,1,75,10,1998,1,19,TOYOTA RAV4,7,E01023184,0,4
2024010507330,2024,010507330,1,9,0,99,99,9,9,99,99,9,9,99,9,99,2,9,6,6,1,45,7,2494,8,7,TOYOTA RAV4,6,E01035340,0,4
2024320624814,2024,320624814,2,9,0,-1,-1,1,5,0,0,0,0,0,1,0,3,1,-1,-1,1,36,7,1995,2,8,TOYOTA RAV4,10,E01026187,0,2
2024302401013,2024,302401013,1,9,0,9,9,1,8,0,0,6,0,0,0,0,3,1,6,6,2,43,7,2231,2,14,TOYOTA RAV4,6,E01008078,0,1
2024010507419,2024,010507419,2,9,0,18,19,7,3,0,0,6,0,0,0,0,1,1,6,6,1,34,6,2487,8,4,TOYOTA RAV4,-1,-1,0,-1
2024471480861,2024,471480861,2,9,0,-1,9,5,1,-1,0,6,0,0,0,0,3,1,-1,6,2,42,7,1998,2,9,TOYOTA RAV4,9,E01031463,0,2
2024311483220,2024,311483220,2,9,0,-1,9,3,2,-1,0,8,0,0,1,0,4,1,-1,9,1,36,7,1995,2,7,TOYOTA RAV4,5,E01028244,0,1
2024131496886,2024,131496886,3,9,0,-1,2,0,0,-1,0,2,0,0,0,0,4,1,-1,6,-1,-1,-1,1998,1,17,TOYOTA RAV4,-1,-1,0,-1
2024031457222,2024,031457222,1,9,0,-1,19,1,5,-1,0,0,5,0,0,0,4,1,-1,9,2,30,6,1998,1,17,TOYOTA RAV4,8,E01019390,0,4
2024302400385,2024,302400385,2,9,0,17,19,5,2,0,0,0,1,0,0,0,3,1,6,6,1,61,9,1995,2,21,TOYOTA RAV4,6,E01019701,0,1
2024471500927,2024,471500927,1,9,0,-1,4,4,8,-1,0,0,0,0,0,0,1,1,-1,1,2,43,7,2231,2,11,TOYOTA RAV4,9,E01021132,0,3
2024371453751,2024,371453751,3,9,0,-1,5,1,3,-1,0,8,0,0,0,0,3,1,-1,9,2,70,10,2231,2,16,TOYOTA RAV4,9,E01033450,0,3
2024010502918,2024,010502918,1,9,0,18,19,3,7,0,0,1,0,0,0,0,2,1,6,6,2,44,7,2231,2,11,TOYOTA RAV4,4,E01003222,0,1
2024101441260,2024,101441260,2,9,0,-1,19,3,7,-1,0,1,0,0,0,0,3,1,-1,9,1,31,6,2487,8,3,TOYOTA RAV4,1,E01027426,0,1
2024411489559,2024,411489559,1,9,0,-1,9,7,5,-1,0,3,0,0,0,0,4,1,-1,6,1,52,8,1998,1,20,TOYOTA RAV4,6,E01023344,0,1
2024430365663,2024,430365663,2,9,0,9,9,2,8,0,0,6,0,0,0,0,9,1,6,6,2,60,9,1998,1,20,TOYOTA RAV4,-1,-1,0,-1
2024211438628,2024,211438628,1,9,0,-1,19,7,3,-1,9,0,0,0,0,0,1,1,-1,6,1,35,6,2231,2,13,TOYOTA RAV4,1,E01014367,0,1
2024211466545,2024,211466545,1,9,0,-1,4,7,3,-1,0,1,0,0,0,0,1,1,-1,1,2,40,7,2487,8,5,TOYOTA RAV4,5,E01013500,0,3
2024421440764,2024,421440764,2,9,0,-1,3,3,7,-1,0,0,0,0,0,0,2,1,-1,9,1,43,7,2494,8,7,TOYOTA RAV4,7,E01021801,0,2
2024141526778,2024,141526778,2,9,0,-1,2,0,0,-1,0,0,0,0,0,0,4,1,-1,6,-1,-1,-1,2487,8,4,TOYOTA RAV4,-1,-1,0,-1
2024430417685,2024,430417685,1,9,0,3,3,5,1,0,0,1,0,10,0,0,2,1,6,6,2,52,8,2494,8,8,TOYOTA RAV4,-1,-1,0,-1
2024010514522,2024,010514522,1,9,0,9,9,2,7,0,0,2,0,10,7,0,1,1,6,6,2,76,11,2494,8,7,TOYOTA RAV4,6,E01002331,0,1
2024421402695,2024,421402695,6,9,0,-1,4,2,6,-1,0,0,0,0,0,0,2,1,-1,6,1,32,6,2487,8,4,TOYOTA RAV4,5,E01021536,0,1
2024061470769,2024,061470769,2,9,0,-1,19,2,6,-1,0,8,0,0,0,0,1,2,-1,6,-1,-1,-1,2231,2,12,TOYOTA RAV4,-1,-1,0,-1
2024631397749,2024,631397749,2,9,0,-1,4,4,8,-1,0,1,0,0,2,10,2,1,-1,9,2,69,10,1998,1,19,TOYOTA RAV4,5,W01002002,0,4
2024010549545,2024,010549545,1,9,5,18,19,1,5,0,0,2,0,0,0,0,1,1,1,1,1,62,9,2487,8,2,TOYOTA RAV4,2,E01004570,0,2
2024122400977,2024,122400977,1,9,0,9,9,3,1,0,0,8,0,0,0,0,4,1,6,6,2,81,11,1998,2,10,TOYOTA RAV4,8,E01027682,0,2
2024552401170,2024,552401170,3,9,0,4,4,2,6,0,0,0,0,0,0,0,2,1,6,6,1,39,7,1998,2,9,TOYOTA RAV4,9,E01034378,0,4
2024371516692,2024,371516692,2,9,0,-1,2,0,0,-1,9,0,1,0,0,0,1,1,-1,6,-1,-1,-1,1998,1,18,TOYOTA RAV4,-1,-1,0,-1
2024320363376,2024,320363376,1,9,0,1,1,5,1,0,0,0,0,0,0,0,4,1,-1,-1,1,86,11,2231,2,16,TOYOTA RAV4,5,E01035532,0,4
2024041531472,2024,041531472,1,9,0,-1,19,1,5,-1,0,0,0,0,0,0,1,1,-1,9,1,73,10,1998,2,9,TOYOTA RAV4,5,E01012719,0,1
2024010501984,2024,010501984,2,9,0,99,99,9,9,99,99,9,9,99,9,99,1,9,6,6,3,-1,-1,1998,1,16,TOYOTA RAV4,3,E01001111,0,1
2024552401355,2024,552401355,1,9,0,9,9,8,5,0,0,0,0,0,0,0,4,1,6,6,1,88,11,1995,2,19,TOYOTA RAV4,9,E01020423,0,1
2024311418268,2024,311418268,2,9,0,-1,9,2,8,-1,0,1,0,0,0,0,1,1,-1,6,1,67,10,2487,8,5,TOYOTA RAV4,7,E01007685,0,4
2024411500513,2024,411500513,1,9,0,-1,-1,-1,-1,-1,-1,0,-1,-1,-1,0,1,1,-1,6,1,35,6,2487,8,5,TOYOTA RAV4,3,E01000152,0,3
2024451474419,2024,451474419,1,9,0,-1,19,6,2,-1,9,0,0,0,0,0,1,1,-1,6,2,81,11,1998,1,21,TOYOTA RAV4,10,E01030510,0,1
2024461414150,2024,461414150,1,9,0,-1,19,5,1,-1,0,0,0,0,0,0,1,9,-1,2,1,61,9,1995,2,19,TOYOTA RAV4,9,E01024431,0,1
2024430001671,2024,430001671,2,9,0,3,3,4,8,0,0,1,0,0,0,0,2,1,6,6,2,73,10,1998,2,11,TOYOTA RAV4,6,E01016837,0,1
2024302401711,2024,302401711,1,9,0,9,9,3,2,0,0,6,0,0,0,0,1,1,6,6,1,90,11,2487,8,5,TOYOTA RAV4,9,E01019772,0,1
2024461421810,2024,461421810,1,9,0,-1,19,1,5,-1,0,0,0,0,0,0,1,1,-1,9,1,48,8,2487,8,2,TOYOTA RAV4,7,E01016093,0,1
2024622400311,2024,622400311,2,9,0,18,19,3,7,0,0,8,0,0,0,0,2,1,1,1,1,-1,-1,2487,8,5,TOYOTA RAV4,3,W01001293,0,4
2024041500805,2024,041500805,2,9,0,-1,7,3,5,-1,0,0,0,0,0,0,3,1,-1,9,2,58,9,2231,2,13,TOYOTA RAV4,8,E01025272,0,1
2024010523218,2024,010523218,2,9,0,99,99,9,9,99,99,9,9,99,9,99,1,9,6,6,3,-1,-1,2231,2,17,TOYOTA RAV4,2,E01001944,0,3
2024010527616,2024,010527616,1,9,0,3,3,7,3,0,0,1,0,0,0,0,2,1,1,1,1,52,8,2487,8,0,TOYOTA RAV4,7,E01000749,0,3
2024041438315,2024,041438315,2,9,0,-1,3,5,1,-1,0,4,0,0,0,0,2,1,-1,9,2,55,8,2487,8,4,TOYOTA RAV4,7,E01025411,0,1
2024552401457,2024,552401457,1,9,0,18,19,3,7,0,0,0,0,0,0,0,1,1,6,6,1,75,10,1998,1,21,TOYOTA RAV4,8,E01020425,0,1
2024471507682,2024,471507682,2,9,0,-1,-1,-1,-1,-1,-1,0,-1,-1,-1,0,-1,9,-1,6,3,-1,-1,2231,2,15,TOYOTA RAV4,-1,-1,0,-1
2024461416602,2024,461416602,4,9,0,-1,2,0,0,-1,0,0,0,0,0,0,4,1,-1,6,-1,-1,-1,1998,1,16,TOYOTA RAV4,-1,-1,0,-1
2024010530774,2024,010530774,2,9,0,5,5,0,7,0,0,0,0,0,0,0,1,1,6,6,3,-1,-1,1998,1,20,TOYOTA RAV4,-1,-1,0,-1
2024332400857,2024,332400857,2,9,0,-1,19,1,5,-1,0,8,0,0,0,0,1,1,-1,6,3,-1,-1,1995,2,21,TOYOTA RAV4,-1,-1,0,-1
2024010549203,2024,010549203,2,9,0,99,99,9,9,99,99,9,9,99,9,99,2,9,6,6,3,-1,-1,1998,1,20,TOYOTA RAV4,-1,-1,0,-1
2024311396630,2024,311396630,1,9,0,-1,9,2,6,-1,0,1,0,0,0,0,1,1,-1,6,2,41,7,2494,8,8,TOYOTA RAV4,10,E01028218,0,1
2024552400121,2024,552400121,2,9,0,4,4,4,8,0,0,0,0,0,0,0,2,1,6,6,2,33,6,1794,1,22,TOYOTA RAV4,4,E01020346,0,1
2024461462657,2024,461462657,2,9,0,-1,5,3,7,-1,0,0,0,0,0,0,2,9,-1,9,1,67,10,2494,8,6,TOYOTA RAV4,9,E01016133,0,2
2024351415388,2024,351415388,2,9,0,-1,-1,-1,-1,-1,-1,-1,-1,-1,-1,0,-1,9,-1,9,1,53,8,2487,8,4,TOYOTA RAV4,3,E01003723,0,4
2024430046990,2024,430046990,1,9,0,9,9,8,6,0,0,8,0,0,0,0,4,1,6,6,1,67,10,1794,1,22,TOYOTA RAV4,8,E01033515,0,1
202460Q173141,2024,60Q173141,2,9,0,10,10,3,1,0,0,1,0,0,0,0,2,1,6,6,2,44,7,2231,2,14,TOYOTA RAV4,-1,-1,0,-1
2024211412215,2024,211412215,2,9,0,-1,2,0,0,-1,9,0,0,0,0,0,2,1,-1,6,1,41,7,1998,1,21,TOYOTA RAV4,9,E01029813,0,1
2024010544290,2024,010544290,1,9,0,18,19,1,5,0,0,8,0,0,0,0,1,1,6,6,1,33,6,2231,2,18,TOYOTA RAV4,5,E01021841,0,4
2024991409016,2024,991409016,1,9,0,-1,9,5,3,-1,0,8,0,0,0,0,3,1,-1,1,1,55,8,2487,8,2,TOYOTA RAV4,9,-1,0,1
2024440368947,2024,440368947,1,9,0,18,19,1,5,0,0,1,0,0,0,0,2,1,6,6,1,63,9,2231,2,9,TOYOTA RAV4,2,E01017216,0,1
2024010532639,2024,010532639,1,9,0,18,19,1,5,0,0,0,0,0,0,0,1,1,6,6,1,45,7,2494,8,8,TOYOTA RAV4,-1,-1,0,-1
2024070988350,2024,070988350,1,9,0,-1,19,3,7,-1,0,0,1,0,1,2,1,1,-1,9,1,51,8,2494,8,8,TOYOTA RAV4,1,E01006504,0,2
2024451468051,2024,451468051,1,9,0,-1,19,4,8,-1,0,0,0,0,7,0,1,1,-1,6,2,70,10,2231,2,12,TOYOTA RAV4,8,E01030471,0,1
2024411402030,2024,411402030,1,9,0,-1,1,1,5,-1,0,0,0,0,0,0,2,1,-1,6,2,54,8,2494,8,8,TOYOTA RAV4,2,E01023641,0,1
2024451421817,2024,451421817,1,9,0,-1,9,8,3,-1,0,8,0,0,0,0,1,1,-1,6,1,48,8,2487,8,0,TOYOTA RAV4,7,E01030848,0,1
2024010506806,2024,010506806,2,8,0,7,7,7,1,0,0,0,0,0,0,0,3,1,6,6,1,65,9,2494,8,6,TOYOTA RAV4,2,E01033602,0,1
2024061444724,2024,061444724,1,9,0,-1,19,2,6,-1,0,1,0,0,0,0,3,1,-1,9,2,53,8,1998,1,18,TOYOTA RAV4,8,E01033218,0,2
2024211412215,2024,211412215,3,9,0,-1,2,0,0,-1,9,0,0,0,0,0,4,1,-1,6,1,72,10,1998,1,20,TOYOTA RAV4,-1,-1,0,-1
2024122400321,2024,122400321,1,9,0,4,4,3,7,4,4,1,0,0,0,0,1,1,2,2,1,44,7,2487,8,2,TOYOTA RAV4,9,E01013362,0,1
2024211517004,2024,211517004,1,9,0,-1,19,6,2,-1,0,0,0,0,0,0,1,1,-1,9,1,82,11,2231,2,11,TOYOTA RAV4,2,E01029727,0,2
2024311525754,2024,311525754,1,9,0,-1,19,5,1,-1,0,0,2,0,1,0,1,1,-1,1,1,33,6,2487,8,2,TOYOTA RAV4,3,E01013944,0,3
2024010498163,2024,010498163,1,9,0,99,99,9,9,99,99,9,9,99,9,99,2,9,6,6,2,47,8,2231,2,13,TOYOTA RAV4,3,E01001327,0,1
2024520402592,2024,520402592,1,9,0,18,19,6,2,0,0,0,0,0,0,0,1,1,6,6,1,66,10,1998,1,19,TOYOTA RAV4,8,E01029319,0,1
2024440249033,2024,440249033,1,9,0,18,19,4,8,0,0,0,0,0,0,0,1,1,6,6,1,50,8,2487,8,5,TOYOTA RAV4,8,E01023234,0,1
2024440332302,2024,440332302,1,9,0,18,19,8,4,0,0,8,1,0,3,4,1,1,6,6,2,83,11,2494,8,6,TOYOTA RAV4,10,E01030811,0,4
2024531492807,2024,531492807,2,9,0,-1,19,1,5,-1,0,1,0,0,0,0,4,1,-1,2,2,29,6,2487,8,3,TOYOTA RAV4,7,E01034789,0,1
2024421477557,2024,421477557,1,9,0,-1,1,7,3,-1,-1,2,0,0,0,0,2,1,-1,9,1,61,9,1998,2,11,TOYOTA RAV4,7,E01021695,0,1
2024340NN1992,2024,340NN1992,2,9,0,-1,10,7,5,-1,0,1,0,0,0,0,2,1,-1,9,2,72,10,2231,2,11,TOYOTA RAV4,6,E01027039,0,1
2024552400873,2024,552400873,2,9,0,3,3,2,6,0,0,4,0,0,0,0,2,1,6,6,1,62,9,1998,1,20,TOYOTA RAV4,4,E01015303,0,1
2024201434348,2024,201434348,1,9,0,-1,19,2,6,-1,0,0,0,0,0,0,1,9,-1,6,1,30,6,1998,1,15,TOYOTA RAV4,2,E01009991,0,1
2024440297165,2024,440297165,1,9,0,15,15,3,7,0,0,0,0,0,0,0,0,1,6,6,1,65,9,1998,1,21,TOYOTA RAV4,2,E01022942,0,1
2024052400996,2024,052400996,2,9,0,3,3,1,5,0,0,1,0,0,0,0,2,1,6,6,2,58,9,2231,2,14,TOYOTA RAV4,-1,-1,0,-1
2024010508649,2024,010508649,1,9,0,18,19,8,4,0,0,1,0,10,1,1,1,1,6,6,1,29,6,2487,8,2,TOYOTA RAV4,4,E01023303,0,3
2024451401942,2024,451401942,1,9,0,-1,19,5,1,-1,0,0,0,0,0,0,2,1,-1,2,2,44,7,2487,8,1,TOYOTA RAV4,10,E01016199,0,2
2024361517689,2024,361517689,1,9,0,-1,5,6,4,-1,0,1,0,0,0,0,1,1,-1,6,1,79,11,1998,1,16,TOYOTA RAV4,1,E01026833,0,4
2024201522294,2024,201522294,1,9,0,-1,3,8,2,-1,0,1,0,0,0,0,2,1,-1,6,2,25,5,2487,8,2,TOYOTA RAV4,10,E01010216,0,1
2024451430894,2024,451430894,1,9,0,-1,19,6,2,-1,0,0,5,0,0,0,1,1,-1,9,1,77,11,1998,1,23,TOYOTA RAV4,6,E01030546,0,2
2024471495857,2024,471495857,2,9,0,-1,4,8,3,-1,0,0,0,0,0,0,2,1,-1,9,2,44,7,2487,8,2,TOYOTA RAV4,7,E01016976,0,1
2024351501714,2024,351501714,1,9,0,-1,19,5,1,-1,0,0,2,0,4,6,1,1,-1,9,2,37,7,2487,8,1,TOYOTA RAV4,3,E01015638,0,3
2024010549010,2024,010549010,1,9,0,9,9,7,4,0,0,7,0,0,0,0,1,1,6,6,2,49,8,1998,1,19,TOYOTA RAV4,6,E01002023,0,1
2024010519894,2024,010519894,1,9,0,18,19,5,1,0,0,8,0,0,0,0,1,1,6,6,1,39,7,2487,8,2,TOYOTA RAV4,6,E01002659,0,1
2024070699799,2024,070699799,1,9,0,-1,-1,3,7,0,0,0,1,0,1,4,1,1,6,6,2,49,8,2487,8,5,TOYOTA RAV4,5,E01012478,0,1
2024631478651,2024,631478651,1,9,0,-1,19,7,7,-1,0,0,0,0,1,11,3,1,-1,9,1,71,10,2231,2,11,TOYOTA RAV4,4,E01014033,0,4
2024061443868,2024,061443868,2,9,0,-1,9,1,5,-1,0,1,0,0,0,0,1,1,-1,6,1,26,6,1987,1,8,TOYOTA RAV4,1,E01033678,0,1
2024010528571,2024,010528571,2,9,0,18,19,5,1,0,0,1,0,0,0,0,2,1,6,6,2,37,7,1986,1,14,TOYOTA RAV4,7,E01000304,0,1
2024061510174,2024,061510174,1,9,0,-1,19,1,3,-1,0,2,0,0,0,0,1,1,-1,9,2,43,7,2487,8,4,TOYOTA RAV4,5,E01005743,0,1
2024010548335,2024,010548335,2,9,0,18,19,1,5,0,0,0,0,0,0,0,2,1,6,6,1,23,5,2487,8,4,TOYOTA RAV4,3,E01016937,0,4
2024991448687,2024,991448687,2,9,0,-1,19,5,8,-1,0,0,0,0,0,0,1,1,-1,9,1,59,9,2487,8,4,TOYOTA RAV4,5,-1,0,3
2024010541770,2024,010541770,3,9,0,18,19,3,7,0,0,8,0,0,0,0,2,1,6,6,1,54,8,1987,1,8,TOYOTA RAV4,4,E01003216,0,1
2024461538413,2024,461538413,1,9,0,-1,19,5,1,-1,0,2,0,0,0,0,4,9,-1,6,2,67,10,2487,8,5,TOYOTA RAV4,9,E01024299,0,1
2024231430118,2024,231430118,1,9,0,-1,19,3,8,-1,0,0,1,0,7,0,1,1,-1,2,1,48,8,1998,2,10,TOYOTA RAV4,6,E01010221,0,4
2024010531328,2024,010531328,2,9,0,99,99,9,9,99,99,9,9,99,9,99,1,9,6,6,3,-1,-1,2494,8,6,TOYOTA RAV4,-1,-1,0,-1
2024010508862,2024,010508862,2,9,0,99,99,9,9,99,99,9,9,99,9,99,1,9,6,6,1,54,8,1998,1,16,TOYOTA RAV4,3,E01000503,0,2
2024010499044,2024,010499044,2,9,9,99,99,9,9,99,99,9,9,99,9,99,9,9,6,6,3,-1,-1,1998,1,20,TOYOTA RAV4,-1,-1,0,-1
2024010511318,2024,010511318,2,9,0,18,19,1,5,0,0,8,0,0,0,0,1,1,6,6,1,39,7,2487,8,2,TOYOTA RAV4,5,E01000277,0,1
2024471506250,2024,471506250,1,9,0,-1,19,1,6,-1,0,1,0,0,1,9,1,1,-1,2,1,32,6,2487,8,2,TOYOTA RAV4,10,E01030871,0,3
2024031427348,2024,031427348,1,9,0,-1,19,2,6,-1,0,0,0,0,0,0,1,1,-1,6,1,59,9,1998,2,11,TOYOTA RAV4,2,E01019116,0,1
2024552400843,2024,552400843,1,9,0,18,19,6,2,0,0,8,0,0,0,0,4,1,6,6,1,63,9,2487,8,0,TOYOTA RAV4,7,E01022997,0,3
2024122500445,2024,122500445,1,9,0,9,9,7,3,0,0,1,0,0,0,0,1,1,6,6,2,77,11,1998,2,10,TOYOTA RAV4,8,E01027556,0,1
2024991477761,2024,991477761,2,9,0,-1,19,4,8,-1,0,0,1,0,1,0,1,1,-1,9,1,26,6,2231,2,16,TOYOTA RAV4,7,-1,0,5
2024010545616,2024,010545616,2,9,0,99,99,9,9,0,0,9,9,99,9,99,9,9,6,6,3,-1,-1,2487,8,1,TOYOTA RAV4,6,E01030482,0,4