collision_index,collision_year,collision_ref_no,vehicle_reference,vehicle_type,towing_and_articulation,vehicle_manoeuvre_historic,vehicle_manoeuvre,vehicle_direction_from,vehicle_direction_to,vehicle_location_restricted_lane_historic,vehicle_location_restricted_lane,junction_location,skidding_and_overturning,hit_object_in_carriageway,vehicle_leaving_carriageway,hit_object_off_carriageway,first_point_of_impact,vehicle_left_hand_drive,journey_purpose_of_driver_historic,journey_purpose_of_driver,sex_of_driver,age_of_driver,age_band_of_driver,engine_capacity_cc,propulsion_code,age_of_vehicle,generic_make_model,driver_imd_decile,lsoa_of_driver,escooter_flag,driver_distance_banding
2024010524797,2024,010524797,5,9,0,2,2,0,0,0,0,0,0,0,0,0,4,1,6,6,3,-1,-1,2487,8,4,TOYOTA RAV4,-1,-1,0,-1
2024440020252,2024,440020252,1,9,0,18,19,3,7,0,0,0,0,0,0,0,1,1,6,6,1,53,8,2487,8,2,TOYOTA RAV4,10,E01023114,0,1
2024451497772,2024,451497772,2,9,0,-1,9,7,3,-1,0,1,0,0,0,0,2,1,-1,1,1,29,6,2494,8,7,TOYOTA RAV4,9,E01030885,0,1
2024122401133,2024,122401133,2,9,0,18,19,1,5,0,0,0,0,0,0,0,1,1,6,6,2,29,6,1995,2,7,TOYOTA RAV4,7,E01027814,0,1
2024401435145,2024,401435145,2,9,0,-1,19,2,6,-1,0,1,2,0,3,9,3,1,-1,6,2,30,6,2494,8,6,TOYOTA RAV4,4,E01033826,0,1
2024451427873,2024,451427873,1,9,0,-1,-1,-1,-1,-1,-1,0,-1,-1,-1,0,2,1,-1,9,1,71,10,1986,1,14,TOYOTA RAV4,6,E01030524,0,2
2024411437009,2024,411437009,1,9,0,-1,9,7,5,-1,0,5,0,0,0,0,4,1,-1,2,1,55,8,1998,1,22,TOYOTA RAV4,8,E01023884,0,1
2024201495649,2024,201495649,2,9,0,-1,19,5,1,-1,0,0,0,0,0,0,2,1,-1,2,2,36,7,1968,2,16,VOLKSWAGEN EOS,5,E01009765,0,1
2024231534310,2024,231534310,2,9,0,-1,9,2,1,-1,0,5,0,0,7,11,1,1,-1,6,2,45,7,1968,2,11,VOLKSWAGEN EOS,10,E01031179,0,3
2024131440032,2024,131440032,1,9,0,-1,3,1,5,-1,0,1,0,0,0,0,4,1,-1,9,1,45,7,1984,1,16,VOLKSWAGEN EOS,7,E01011591,0,1
2024052400846,2024,052400846,2,9,0,18,19,8,4,0,0,0,0,0,0,0,3,1,6,6,2,70,10,1968,2,15,VOLKSWAGEN EOS,9,E01012516,0,3
2024122500176,2024,122500176,1,9,0,16,19,3,7,0,0,0,0,0,0,0,1,1,6,6,2,53,8,1968,2,16,VOLKSWAGEN EOS,6,E01027616,0,4
2024010539329,2024,010539329,1,9,0,18,19,5,1,0,0,1,0,0,0,0,1,1,6,6,1,26,6,1984,1,17,VOLKSWAGEN EOS,9,E01033611,0,3
2024201493125,2024,201493125,5,9,0,-1,2,0,0,-1,0,0,0,0,0,0,3,1,-1,6,1,30,6,1968,2,16,VOLKSWAGEN EOS,-1,-1,0,-1
2024221407012,2024,221407012,1,9,0,-1,19,3,7,-1,0,0,1,0,2,11,1,1,-1,6,1,20,4,1984,1,15,VOLKSWAGEN EOS,7,E01014080,0,2
2024061419578,2024,061419578,1,9,0,-1,-1,3,8,-1,0,2,2,11,1,10,1,9,-1,6,1,-1,-1,1968,2,14,VOLKSWAGEN EOS,-1,-1,0,-1
2024010523563,2024,010523563,1,9,0,99,99,9,9,99,99,9,9,99,9,99,2,9,2,2,2,56,9,1984,1,17,VOLKSWAGEN EOS,4,E01001087,0,1
2024520403354,2024,520403354,1,9,0,9,9,4,1,0,0,1,0,0,0,0,1,1,6,6,1,73,10,1984,1,17,VOLKSWAGEN EOS,5,E01029058,0,1
2024411474201,2024,411474201,2,9,0,-1,19,7,3,-1,0,8,0,0,0,0,4,1,-1,6,2,74,10,1968,2,14,VOLKSWAGEN EOS,6,E01023835,0,4
2024501533467,2024,501533467,1,9,0,-1,19,1,5,-1,0,5,0,7,7,1,1,1,-1,6,1,20,4,1968,2,9,VOLKSWAGEN EOS,5,E01018959,0,1
2024401531183,2024,401531183,2,9,0,-1,2,0,0,-1,0,2,0,0,0,0,1,1,-1,6,-1,-1,-1,1390,1,13,VOLKSWAGEN EOS,-1,-1,0,-1
2024161506630,2024,161506630,1,9,0,-1,19,7,3,-1,0,0,0,0,0,0,1,1,-1,9,1,45,7,1390,1,12,VOLKSWAGEN EOS,7,E01013322,0,4
2024010525576,2024,010525576,2,9,9,99,99,9,9,99,99,9,9,99,9,99,9,9,6,6,3,-1,-1,1984,1,16,VOLKSWAGEN EOS,-1,-1,0,-1
2024371454173,2024,371454173,3,9,0,-1,19,4,8,-1,0,0,0,0,0,0,2,1,-1,2,2,50,8,1390,1,14,VOLKSWAGEN EOS,8,E01029923,0,3
2024340WN5262,2024,340WN5262,1,9,0,-1,19,1,5,-1,0,0,1,0,0,0,1,1,-1,6,1,53,8,1984,1,16,VOLKSWAGEN EOS,8,E01027000,0,1
2024131444847,2024,131444847,1,9,0,-1,5,7,1,-1,0,1,0,0,0,0,1,1,-1,9,2,21,5,1968,2,9,VOLKSWAGEN EOS,7,E01011013,0,1
2024010537468,2024,010537468,2,9,0,18,19,1,5,0,0,8,0,0,0,0,1,1,6,6,1,53,8,1390,1,15,VOLKSWAGEN EOS,2,E01004007,0,2
2024552400921,2024,552400921,1,9,0,9,9,3,1,0,0,8,0,0,0,0,1,1,6,6,2,33,6,1984,1,17,VOLKSWAGEN EOS,7,E01015376,0,1
2024211437757,2024,211437757,1,9,0,-1,6,2,2,-1,0,0,0,0,7,11,3,1,-1,9,2,65,9,1968,2,14,VOLKSWAGEN EOS,6,E01029733,0,1
2024501525825,2024,501525825,2,9,0,-1,19,5,1,-1,0,8,0,0,0,0,1,1,-1,6,1,31,6,1968,2,16,VOLKSWAGEN EOS,4,E01015062,0,1
2024371439756,2024,371439756,1,9,0,-1,4,7,4,-1,0,0,0,0,0,0,2,1,-1,2,1,39,7,1968,2,14,VOLKSWAGEN EOS,4,E01030022,0,1
2024430110596,2024,430110596,1,9,0,7,7,4,6,0,0,6,0,0,0,0,4,1,6,6,1,-1,-1,1984,1,18,VOLKSWAGEN EOS,-1,-1,0,-1
2024320424726,2024,320424726,1,9,0,-1,-1,8,4,0,0,0,0,0,0,0,1,1,6,6,1,79,11,1968,2,16,VOLKSWAGEN EOS,-1,-1,0,-1
2024531466085,2024,531466085,1,9,0,-1,19,5,1,-1,0,0,0,0,7,4,1,1,-1,9,2,67,10,1968,2,11,VOLKSWAGEN EOS,9,E01032351,0,3
2024361402420,2024,361402420,1,9,0,-1,19,2,5,-1,0,0,1,0,0,0,3,2,-1,9,1,77,11,1984,1,18,VOLKSWAGEN EOS,6,E01023952,0,5
2024010543262,2024,010543262,2,9,0,3,3,5,1,0,0,1,0,0,0,0,2,1,6,6,1,61,9,1984,1,17,VOLKSWAGEN EOS,5,E01003034,0,2
2024401412371,2024,401412371,1,9,0,-1,9,4,2,-1,0,8,0,0,0,0,1,1,-1,2,2,57,9,1390,1,13,VOLKSWAGEN EOS,9,E01017394,0,1
2024010502449,2024,010502449,2,9,0,18,19,1,5,0,0,2,2,0,0,0,1,1,6,6,1,24,5,1984,1,16,VOLKSWAGEN EOS,-1,-1,0,-1
2024401509587,2024,401509587,1,9,0,-1,19,7,5,-1,0,1,0,0,0,0,4,9,-1,6,1,74,10,1968,2,11,VOLKSWAGEN EOS,9,E01018172,0,3
202417S306224,2024,17S306224,1,9,0,-1,19,5,1,-1,0,0,0,0,0,0,1,1,-1,9,1,84,11,1968,2,17,VOLKSWAGEN EOS,7,E01027627,0,3
2024361473483,2024,361473483,1,9,0,-1,19,1,5,-1,0,0,0,0,0,0,1,1,-1,6,2,45,7,1968,2,16,VOLKSWAGEN EOS,1,E01018107,0,2
2024440065365,2024,440065365,1,9,0,9,9,4,8,0,0,6,0,0,0,0,1,1,6,6,3,-1,-1,1968,2,17,VOLKSWAGEN EOS,-1,-1,0,-1
2024131500682,2024,131500682,1,9,0,-1,7,7,1,-1,0,5,0,0,0,0,1,1,-1,7,1,53,8,1968,2,17,VOLKSWAGEN EOS,3,E01011806,0,1
2024302401490,2024,302401490,1,9,0,18,19,5,1,0,0,1,0,0,0,0,1,1,6,6,1,38,7,1984,2,12,VOLVO V70,2,E01029452,0,3
2024302400447,2024,302400447,1,9,0,18,19,8,4,0,0,1,0,0,0,0,1,1,6,6,1,52,8,2400,2,13,VOLVO V70,-1,-1,0,-1
2024501534191,2024,501534191,2,9,0,-1,19,6,2,-1,0,0,0,1,0,0,1,1,-1,6,2,29,6,2401,2,17,VOLVO V70,4,E01034852,0,1
2024631481330,2024,631481330,1,9,0,-1,8,3,5,-1,0,8,0,0,0,0,1,1,-1,2,1,78,11,2435,1,22,VOLVO V70,5,W01000614,0,2
2024361441041,2024,361441041,1,9,0,-1,19,-1,-1,-1,0,4,0,0,0,0,1,1,-1,6,1,56,9,2400,2,14,VOLVO V70,2,E01026834,0,1
2024122400566,2024,122400566,1,9,0,5,5,6,2,0,0,1,0,0,0,0,3,1,6,6,1,64,9,2401,1,18,VOLVO V70,8,E01012225,0,4
2024501528527,2024,501528527,2,9,0,-1,3,1,5,-1,0,2,0,0,0,0,4,1,-1,9,1,80,11,1984,2,13,VOLVO V70,2,E01019074,0,1
2024041505197,2024,041505197,4,9,0,-1,5,5,1,-1,0,4,0,0,0,0,2,1,-1,9,1,67,10,1984,2,11,VOLVO V70,6,E01025515,0,1
2024631482542,2024,631482542,1,9,0,-1,19,7,3,-1,0,2,0,0,0,0,1,1,-1,6,1,-1,-1,2400,2,16,VOLVO V70,7,W01000562,0,2
2024101427024,2024,101427024,1,9,0,-1,19,1,5,-1,0,8,0,0,0,0,1,1,-1,6,1,21,5,2401,2,17,VOLVO V70,1,E01012318,0,4
2024161415564,2024,161415564,1,9,0,-1,19,8,4,-1,0,0,0,10,0,0,1,1,-1,9,1,92,11,2435,1,21,VOLVO V70,10,E01013054,0,1
2024371468158,2024,371468158,1,9,0,-1,19,5,1,-1,0,0,0,0,0,0,4,1,-1,9,1,41,7,2319,1,26,VOLVO V70,2,E01030248,0,1
2024991438032,2024,991438032,2,9,0,-1,5,4,8,-1,0,8,0,0,0,0,1,1,-1,6,2,32,6,2400,2,15,VOLVO V70,7,-1,0,4
2024010519369,2024,010519369,2,9,0,99,99,9,9,99,99,9,9,99,9,99,1,9,6,6,3,71,10,2435,1,19,VOLVO V70,3,E01001789,0,1
2024991434892,2024,991434892,1,9,0,-1,19,4,8,-1,0,0,0,0,0,0,1,1,-1,6,1,59,9,1984,2,12,VOLVO V70,2,-1,0,1
2024340NN4182,2024,340NN4182,3,9,0,-1,2,1,5,-1,0,0,0,0,0,0,2,1,-1,9,2,44,7,1560,2,12,VOLVO V70,3,E01027319,0,1
2024010549003,2024,010549003,2,9,0,99,99,9,9,0,0,9,0,0,9,99,9,9,6,6,3,-1,-1,2435,1,19,VOLVO V70,-1,-1,0,-1
2024052402827,2024,052402827,4,9,0,2,2,0,0,0,0,0,0,0,0,0,3,1,6,6,3,-1,-1,1997,2,15,VOLVO V70,-1,-1,0,-1
2024522402685,2024,522402685,1,9,0,9,9,3,1,0,0,6,0,0,0,0,1,1,6,6,1,70,10,2400,2,17,VOLVO V70,6,E01015019,0,1
2024461500559,2024,461500559,1,9,0,-1,19,-1,-1,-1,0,0,0,0,0,0,1,9,-1,6,1,67,10,3192,1,16,VOLVO V70,8,E01016132,0,1
2024351508136,2024,351508136,1,9,0,-1,19,8,4,-1,0,1,0,0,0,0,1,1,-1,9,1,57,9,2401,2,18,VOLVO V70,8,E01033429,0,1
2024631458528,2024,631458528,1,9,0,-1,19,8,5,-1,0,0,5,0,1,10,1,1,-1,9,2,72,10,2401,2,17,VOLVO V70,7,E01023602,0,5
2024122400710,2024,122400710,2,9,0,16,19,6,1,0,0,0,0,0,1,0,1,1,6,6,1,61,9,1969,2,9,VOLVO V70,8,E01027603,0,4
2024122500083,2024,122500083,2,9,0,17,19,5,1,0,0,0,0,0,0,0,3,1,2,2,1,30,6,2401,2,20,VOLVO V70,5,E01020863,0,4
2024131533696,2024,131533696,2,9,0,-1,19,1,5,-1,0,0,0,0,0,0,4,1,-1,1,1,69,10,1969,2,9,VOLVO V70,9,E01010681,0,1
2024471474098,2024,471474098,1,9,0,-1,19,8,4,-1,0,0,0,0,0,0,3,1,-1,9,1,43,7,2401,2,18,VOLVO V70,7,E01017017,0,3
2024440431218,2024,440431218,2,9,0,18,19,2,6,0,0,1,0,0,0,0,1,1,6,6,1,75,10,1997,2,15,VOLVO V70,1,E01017038,0,3
2024501416525,2024,501416525,1,9,0,-1,9,7,5,-1,0,8,0,0,0,0,1,1,-1,9,2,53,8,1997,2,16,VOLVO V70,6,E01015127,0,4
2024302401024,2024,302401024,1,9,0,4,4,1,5,0,0,3,0,0,0,0,2,1,6,6,3,-1,-1,2401,2,17,VOLVO V70,5,E01019456,0,3
2024231445163,2024,231445163,1,9,0,-1,4,3,7,-1,0,0,0,0,0,0,1,9,-1,6,1,84,11,2401,2,17,VOLVO V70,7,E01035026,0,1
2024371519447,2024,371519447,1,9,0,-1,19,7,3,-1,9,0,0,10,1,0,1,1,-1,6,1,61,9,2401,2,18,VOLVO V70,7,E01018218,0,3
2024440287291,2024,440287291,2,9,0,18,19,8,4,0,0,0,0,0,1,0,3,1,6,6,1,60,9,1984,2,13,VOLVO V70,9,E01022601,0,3
2024451466227,2024,451466227,2,9,0,-1,19,5,1,-1,0,0,0,0,0,0,1,1,-1,9,1,68,10,1969,2,8,VOLVO V70,8,E01004110,0,3
2024211528386,2024,211528386,2,9,0,-1,9,5,4,-1,0,0,0,0,0,0,1,1,-1,6,1,90,11,2400,2,12,VOLVO V70,-1,-1,0,-1
2024501534925,2024,501534925,1,9,0,-1,19,7,3,-1,0,0,0,12,0,0,1,1,-1,6,1,38,7,2401,2,20,VOLVO V70,7,E01019920,0,4
2024070337406,2024,070337406,2,9,0,18,19,2,6,0,0,1,0,0,0,0,1,1,6,6,1,39,7,2435,1,23,VOLVO V70,-1,-1,0,-1
2024141525642,2024,141525642,1,9,0,-1,19,2,7,-1,0,0,5,4,0,0,4,1,-1,9,1,67,10,1984,2,14,VOLVO V70,1,E01007901,0,1
2024461537760,2024,461537760,1,9,0,-1,19,5,1,-1,0,2,0,0,0,0,4,2,-1,9,1,69,10,2401,2,17,VOLVO V70,4,E01024582,0,4
2024451475340,2024,451475340,1,9,0,-1,15,5,1,-1,0,0,0,0,0,0,4,9,-1,6,1,55,8,2401,2,18,VOLVO V70,10,E01030808,0,2
2024471464508,2024,471464508,2,9,0,-1,19,3,2,-1,0,0,0,0,0,0,3,1,-1,6,3,22,5,2400,2,15,VOLVO V70,6,E01031632,0,3
2024351549682,2024,351549682,2,9,-1,-1,-1,-1,-1,-1,-1,0,-1,-1,-1,0,-1,9,-1,6,1,27,6,2401,2,18,VOLVO V70,9,E01033116,0,1
2024451492912,2024,451492912,2,9,-1,-1,-1,-1,-1,-1,-1,-1,-1,-1,-1,0,-1,9,-1,6,1,70,10,2435,1,25,VOLVO V70,9,E01030942,0,1
2024332400765,2024,332400765,4,9,0,-1,19,5,1,-1,0,1,0,0,0,0,2,1,-1,9,2,45,7,2400,2,17,VOLVO V70,5,E01026144,0,4
2024461444336,2024,461444336,1,9,0,-1,19,5,1,-1,0,0,2,0,7,10,1,1,-1,2,1,34,6,2400,2,15,VOLVO V70,6,E01024340,0,2
2024052401960,2024,052401960,1,9,0,9,9,8,6,0,0,8,0,0,0,0,1,1,6,6,1,37,7,2400,2,16,VOLVO V70,4,E01007229,0,1
2024041496561,2024,041496561,1,9,0,-1,19,3,7,-1,0,0,0,0,0,0,1,1,-1,6,1,58,9,2435,1,21,VOLVO V70,2,E01024902,0,1
2024461496532,2024,461496532,1,9,5,-1,19,3,7,-1,0,0,0,0,0,0,4,9,-1,6,3,-1,-1,2401,2,19,VOLVO V70,-1,-1,0,-1
2024041520256,2024,041520256,3,9,0,-1,2,0,0,-1,0,1,0,0,0,0,3,1,-1,6,-1,-1,-1,2435,1,21,VOLVO V70,-1,-1,0,-1
2024031434958,2024,031434958,2,9,0,-1,19,3,7,-1,0,0,0,0,0,0,4,1,-1,6,2,62,9,1969,2,8,VOLVO V70,5,E01019226,0,2
2024631491680,2024,631491680,1,9,0,-1,1,6,2,-1,0,8,0,0,0,0,2,1,-1,9,1,67,10,1997,2,14,VOLVO V70,8,E01028875,0,5
2024501412801,2024,501412801,1,9,0,-1,19,6,1,-1,0,1,0,0,0,0,1,9,-1,6,2,60,9,1990,1,13,VOLVO V70,9,E01031870,0,5
2024351533952,2024,351533952,1,9,0,-1,19,1,5,-1,0,8,0,0,0,0,1,1,-1,2,1,44,7,1997,2,15,VOLVO V70,4,E01018072,0,2
2024411466722,2024,411466722,2,9,0,-1,19,3,7,-1,0,1,0,0,0,0,1,1,-1,6,2,54,8,2401,2,18,VOLVO V70,10,E01023381,0,1
2024430460008,2024,430460008,1,9,0,18,19,8,4,0,0,1,0,0,0,0,1,1,6,6,1,62,9,1984,2,13,VOLVO V70,-1,-1,0,-1
2024451414368,2024,451414368,2,9,0,-1,4,1,5,-1,0,0,0,0,0,0,2,1,-1,9,1,41,7,2400,2,16,VOLVO V70,9,E01030960,0,1
2024041424979,2024,041424979,1,9,4,-1,7,6,8,-1,0,6,0,0,0,0,0,9,-1,6,1,59,9,1984,2,11,VOLVO V70,1,E01025140,0,1
2024302400990,2024,302400990,2,9,0,9,9,1,7,0,0,0,0,0,0,0,3,1,6,6,2,43,7,2435,1,23,VOLVO V70,2,E01019579,0,1
2024302400884,2024,302400884,1,9,0,14,14,3,6,0,0,1,0,0,0,0,4,1,6,6,2,36,7,2400,2,16,VOLVO V70,2,E01019567,0,1
2024101472575,2024,101472575,1,9,0,-1,-1,-1,-1,-1,-1,0,-1,-1,-1,0,1,9,-1,6,3,-1,-1,2400,2,17,VOLVO V70,-1,-1,0,-1
2024421494375,2024,421494375,1,9,0,-1,19,3,7,-1,0,0,0,0,0,0,4,1,-1,9,1,26,6,2435,1,23,VOLVO V70,8,E01028344,0,5
2024361548221,2024,361548221,3,9,0,-1,19,5,1,-1,0,0,0,0,0,0,4,1,-1,2,1,75,10,1984,1,18,VOLVO V70,7,E01026876,0,4
2024122500083,2024,122500083,1,9,0,16,19,1,5,0,0,0,0,0,0,0,3,1,6,6,1,33,6,2521,1,19,VOLVO V70,8,E01027620,0,4
2024351433401,2024,351433401,1,9,0,-1,19,8,4,-1,0,4,1,11,7,2,1,1,-1,6,1,77,11,2401,2,21,VOLVO V70,2,E01013906,0,4
2024531428789,2024,531428789,1,9,0,-1,5,1,5,-1,0,0,0,0,0,0,1,1,-1,9,1,26,6,1984,2,12,VOLVO V70,5,E01028846,0,4
2024451484344,2024,451484344,2,9,0,-1,19,4,8,-1,0,1,0,0,0,0,1,1,-1,9,2,80,11,2400,2,16,VOLVO V70,10,E01030883,0,3
2024401523168,2024,401523168,2,9,0,-1,5,6,1,-1,0,0,0,0,0,0,2,1,-1,9,2,43,7,1969,2,8,VOLVO V70,3,E01017514,0,1
2024311501989,2024,311501989,2,9,0,-1,19,6,2,-1,0,1,0,0,0,0,1,9,-1,6,1,37,7,1997,2,15,VOLVO V70,1,E01028275,0,1
2024451442360,2024,451442360,1,9,0,-1,4,1,5,-1,0,0,0,0,0,0,2,9,-1,9,2,48,8,2401,2,18,VOLVO V70,9,E01035356,0,1
2024201474174,2024,201474174,2,9,0,-1,9,2,8,-1,0,5,0,0,0,0,4,9,-1,1,1,39,7,2400,2,14,VOLVO V70,2,E01010088,0,1
2024122400434,2024,122400434,2,9,0,18,19,4,8,0,0,1,0,0,0,0,1,1,6,6,1,54,8,2400,2,14,VOLVO V70,5,E01034970,0,1
2024221419334,2024,221419334,1,9,0,-1,13,1,6,-1,0,0,0,0,0,0,1,9,-1,2,1,22,5,1997,2,14,VOLVO V70,7,W01000067,0,4
2024501456541,2024,501456541,1,9,0,-1,19,3,3,-1,0,2,0,0,0,0,2,1,-1,9,1,73,10,2435,1,20,VOLVO V70,6,E01015123,0,3
2024471458790,2024,471458790,2,9,0,-1,2,0,0,-1,0,8,0,0,0,0,1,1,-1,6,-1,-1,-1,2319,1,24,VOLVO V70,-1,-1,0,-1
2024122400452,2024,122400452,2,9,0,3,3,5,1,0,0,1,0,0,0,0,2,1,6,6,2,58,9,2400,2,11,VOLVO V70,10,E01013352,0,4
2024501459898,2024,501459898,1,9,0,-1,19,3,7,-1,0,0,0,0,0,0,1,1,-1,2,1,34,6,2401,2,19,VOLVO V70,7,E01020267,0,4
2024351430745,2024,351430745,1,9,0,-1,7,8,2,-1,0,8,0,0,0,0,4,1,-1,6,1,63,9,2401,2,17,VOLVO V70,7,E01018115,0,4
2024520403147,2024,520403147,2,9,0,7,7,5,8,0,0,8,0,0,0,0,1,1,6,6,1,76,11,1984,2,12,VOLVO V70,9,E01032651,0,1
2024501440104,2024,501440104,1,9,0,-1,5,6,2,-1,-1,0,5,0,5,0,1,1,-1,9,1,74,10,2435,1,26,VOLVO V70,2,E01019046,0,3
2024440414890,2024,440414890,1,9,0,14,14,5,2,0,0,1,0,0,0,0,4,1,6,6,1,75,10,2401,2,19,VOLVO V70,4,E01017073,0,1
2024471480246,2024,471480246,1,9,0,-1,9,3,1,-1,0,8,0,0,0,0,1,1,-1,9,2,34,6,1984,2,14,VOLVO V70,9,E01031630,0,3
2024221474031,2024,221474031,2,9,0,-1,2,0,0,-1,0,0,0,0,0,0,1,9,-1,6,1,63,9,1997,2,15,VOLVO V70,5,E01014066,0,1
2024461502450,2024,461502450,2,9,0,-1,19,2,7,-1,0,1,0,0,0,0,0,1,-1,9,1,42,7,2435,1,23,VOLVO V70,5,E01024382,0,2
2024010505865,2024,010505865,2,9,0,99,99,9,9,99,99,9,9,99,9,99,1,9,6,6,3,-1,-1,1368,1,12,ABARTH 500,-1,-1,0,-1
2024101434287,2024,101434287,1,9,0,-1,19,4,6,-1,0,8,0,0,0,0,1,1,-1,6,1,51,8,1368,1,11,ABARTH 500,5,E01008766,0,4
2024501495253,2024,501495253,1,9,0,-1,19,1,5,-1,0,1,0,0,0,0,1,1,-1,6,1,28,6,1368,1,12,ABARTH 500,7,E01018772,0,1
2024471512381,2024,471512381,1,9,0,-1,10,-1,-1,-1,0,5,1,0,0,0,2,1,-1,2,2,22,5,1368,1,9,ABARTH 500,10,E01035351,0,1
2024361520933,2024,361520933,1,9,0,-1,19,1,5,-1,0,1,2,0,0,0,1,1,-1,6,1,42,7,1368,1,12,ABARTH 500,7,E01026903,0,2
2024010524550,2024,010524550,1,9,0,5,5,1,5,0,0,4,1,0,0,0,3,1,6,6,2,55,8,1368,1,15,ABARTH 500,10,E01021246,0,3
2024622400740,2024,622400740,1,9,0,18,19,8,4,0,0,0,0,7,0,0,1,1,6,6,2,32,6,1368,1,10,ABARTH 500,1,W01000833,0,1
2024101434074,2024,101434074,2,9,0,-1,19,1,5,-1,0,0,0,0,0,0,1,1,-1,9,2,66,10,1368,1,12,ABARTH 500,-1,-1,0,-1
2024231437822,2024,231437822,2,9,0,-1,19,8,4,-1,0,4,0,0,0,0,1,9,-1,6,2,55,8,1368,1,12,ABARTH 500,5,E01031171,0,1
2024041517537,2024,041517537,2,9,0,-1,9,1,5,-1,0,1,0,0,0,0,1,1,-1,9,1,31,6,1368,1,10,ABARTH 500,1,E01024908,0,1
2024622400397,2024,622400397,1,9,0,13,13,2,6,0,0,0,0,0,0,0,4,1,6,6,1,50,8,1368,1,11,ABARTH 500,9,W01001135,0,2
2024991508087,2024,991508087,1,9,0,-1,1,7,3,-1,0,1,0,0,0,0,3,1,-1,6,1,50,8,1368,1,13,ABARTH 500,-1,-1,0,-1
2024211493724,2024,211493724,1,9,0,-1,7,5,1,-1,0,0,1,0,3,4,1,1,-1,6,1,25,5,1368,1,14,ABARTH 500,1,E01010400,0,3
2024440114326,2024,440114326,1,9,0,18,19,3,7,0,0,2,0,0,0,0,1,1,6,6,1,21,5,1368,1,14,ABARTH 500,1,E01017032,0,1
2024010548557,2024,010548557,1,9,0,-1,-1,7,3,0,0,2,0,0,0,0,1,1,2,2,2,55,8,1368,1,13,ABARTH 500,9,E01000751,0,1
2024141459148,2024,141459148,2,9,0,-1,19,4,8,-1,0,1,0,0,1,2,1,1,-1,6,2,23,5,1368,1,13,ABARTH 500,6,E01007321,0,1
2024471504560,2024,471504560,2,9,0,-1,19,5,1,-1,0,3,0,0,0,0,3,1,-1,6,1,22,5,1368,1,13,ABARTH 500,3,E01031556,0,1
2024430484340,2024,430484340,1,9,0,11,11,8,4,0,0,0,0,0,0,0,1,1,6,6,1,60,9,1368,1,15,ABARTH 500,-1,-1,0,-1
2024430522395,2024,430522395,2,9,0,18,19,1,5,0,0,0,0,0,0,0,1,1,6,6,1,66,10,5935,1,14,-1,7,E01016277,0,3
2024461406835,2024,461406835,1,9,0,-1,19,3,1,-1,0,0,0,0,0,0,1,1,-1,1,1,36,7,3199,1,19,-1,9,E01024386,0,2
2024231502415,2024,231502415,1,9,0,-1,19,5,1,-1,0,8,0,0,0,0,1,9,-1,6,1,73,10,3199,1,20,-1,10,E01031255,0,2
2024471504636,2024,471504636,2,9,0,-1,19,-1,-1,-1,0,1,0,0,0,0,-1,1,-1,6,1,60,9,3199,1,18,-1,7,E01031460,0,1
2024221400709,2024,221400709,1,3,0,-1,19,3,7,-1,0,0,1,0,0,0,3,1,-1,9,1,57,9,125,1,44,-1,8,E01013996,0,2
2024361444335,2024,361444335,2,19,0,-1,19,6,1,-1,0,0,0,0,7,0,1,1,-1,6,1,82,11,-1,-1,-1,-1,9,E01019694,0,5
2024461406639,2024,461406639,1,9,0,-1,19,7,3,-1,0,6,0,0,0,0,1,9,-1,1,2,22,5,1248,2,18,-1,5,E01024216,0,4
2024471441802,2024,471441802,1,5,0,-1,19,1,5,-1,0,1,0,0,0,0,1,1,-1,9,1,42,7,1801,1,9,-1,10,E01031684,0,4
2024610041524,2024,610041524,1,3,0,13,13,5,1,0,0,0,0,0,0,0,0,1,2,2,1,21,5,125,1,13,HONDA CBF 125,2,W01001488,0,1
2024471405872,2024,471405872,2,3,0,-1,19,4,1,-1,0,1,0,0,0,0,4,1,-1,2,1,28,6,124,1,1,HONDA CBF 125,4,E01000722,0,4
2024991477993,2024,991477993,2,3,0,-1,19,8,4,-1,0,2,0,0,0,0,3,1,-1,1,1,50,8,125,1,1,HONDA CBF 125,-1,-1,0,-1
2024543738124,2024,543738124,1,4,0,16,19,4,8,0,0,0,2,0,7,0,1,1,6,6,1,29,6,125,1,10,HONDA CBF 125,1,E01014458,0,2
2024320153462,2024,320153462,2,4,0,-1,-1,4,8,0,0,8,0,0,0,0,1,1,-1,-1,1,23,5,125,1,10,HONDA CBF 125,-1,-1,0,-1
2024430388586,2024,430388586,1,3,0,16,19,5,8,0,0,8,1,0,0,0,1,1,6,6,1,22,5,125,1,5,HONDA CBF 125,7,E01016399,0,3
2024552400389,2024,552400389,1,3,0,18,19,8,4,0,0,0,0,0,0,0,0,1,6,6,1,24,5,125,1,13,HONDA CBF 125,6,E01020516,0,1
2024010515482,2024,010515482,1,3,4,18,19,7,3,0,0,0,0,0,0,0,0,1,6,6,1,17,4,124,1,1,HONDA CBF 125,7,E01000250,0,1