collision_index,collision_year,collision_ref_no,vehicle_reference,vehicle_type,towing_and_articulation,vehicle_manoeuvre_historic,vehicle_manoeuvre,vehicle_direction_from,vehicle_direction_to,vehicle_location_restricted_lane_historic,vehicle_location_restricted_lane,junction_location,skidding_and_overturning,hit_object_in_carriageway,vehicle_leaving_carriageway,hit_object_off_carriageway,first_point_of_impact,vehicle_left_hand_drive,journey_purpose_of_driver_historic,journey_purpose_of_driver,sex_of_driver,age_of_driver,age_band_of_driver,engine_capacity_cc,propulsion_code,age_of_vehicle,generic_make_model,driver_imd_decile,lsoa_of_driver,escooter_flag,driver_distance_banding
2024542353824,2024,542353824,1,3,0,4,4,8,3,0,0,1,1,0,0,0,4,1,2,2,1,20,4,124,1,1,HONDA CBF 125,7,E01032079,0,1
2024070424107,2024,070424107,2,4,0,4,4,1,3,0,0,4,5,0,0,0,2,1,6,6,1,19,4,125,1,4,HONDA CBF 125,1,E01014328,0,4
2024141509236,2024,141509236,1,3,0,-1,19,3,7,-1,0,1,5,0,0,0,4,1,-1,2,1,21,5,125,1,6,HONDA CBF 125,8,E01028004,0,1
2024991455016,2024,991455016,1,3,0,-1,4,7,5,-1,0,1,1,0,0,0,2,1,-1,9,1,27,6,125,1,3,HONDA CBF 125,-1,-1,0,-1
2024522402979,2024,522402979,1,4,0,18,19,5,1,0,0,8,1,0,1,7,4,1,6,6,1,27,6,125,1,1,HONDA CBF 125,3,E01014807,0,1
2024430592411,2024,430592411,2,3,0,18,19,5,1,0,0,8,0,0,0,0,1,1,6,6,1,17,4,125,1,3,HONDA CBF 125,10,E01028561,0,1
2024610005424,2024,610005424,2,3,0,18,19,2,6,0,0,1,0,0,0,0,1,1,6,6,1,19,4,124,1,1,HONDA CBF 125,10,W01001670,0,2
2024520402772,2024,520402772,1,3,0,14,14,6,2,0,0,8,0,0,0,0,1,1,6,6,1,36,7,125,1,10,HONDA CBF 125,9,E01032651,0,1
2024070626299,2024,070626299,1,3,0,18,19,7,3,0,0,1,0,0,0,0,1,1,6,6,1,20,4,125,1,6,HONDA CBF 125,8,E01018440,0,2
202460Q072588,2024,60Q072588,2,4,0,18,19,6,8,0,0,7,0,0,0,0,1,1,6,6,1,18,4,125,1,1,HONDA CBF 125,-1,-1,0,-1
2024421518039,2024,421518039,2,3,0,-1,19,7,3,-1,0,0,0,0,0,0,3,1,-1,2,1,40,7,125,1,1,HONDA CBF 125,8,E01035159,0,1
2024501484001,2024,501484001,2,3,0,-1,19,5,1,-1,0,1,1,0,0,0,1,1,-1,9,2,17,4,125,1,12,HONDA CBF 125,1,E01015023,0,1
2024471442409,2024,471442409,1,3,0,-1,19,3,7,-1,0,0,0,0,0,0,4,1,-1,9,1,17,4,124,1,3,HONDA CBF 125,5,E01034817,0,3
2024161445340,2024,161445340,1,3,0,-1,19,2,6,-1,0,4,0,0,0,0,2,1,-1,6,1,22,5,125,1,11,HONDA CBF 125,2,E01013330,0,4
2024461449622,2024,461449622,1,3,0,-1,19,2,6,-1,0,0,1,0,0,0,0,1,-1,2,1,20,4,124,1,1,HONDA CBF 125,7,E01020970,0,3
2024010537113,2024,010537113,1,3,0,18,19,5,1,0,0,0,0,0,0,0,0,1,6,6,1,-1,-1,124,1,3,HONDA CBF 125,5,E01000747,0,1
2024010494817,2024,010494817,1,3,0,18,19,2,6,0,0,0,0,0,0,0,1,1,1,1,1,48,8,125,1,3,HONDA CBF 125,3,E01002185,0,3
2024501516576,2024,501516576,2,3,0,-1,19,2,6,-1,0,1,5,0,7,0,1,1,-1,2,1,60,9,125,1,11,HONDA CBF 125,5,E01020036,0,1
2024141461971,2024,141461971,2,3,0,-1,19,7,3,-1,0,1,0,0,0,0,1,1,-1,2,1,32,6,125,1,0,HONDA CBF 125,1,E01007539,0,1
2024471506572,2024,471506572,1,3,0,-1,19,5,1,-1,0,0,0,0,0,0,3,1,-1,2,1,21,5,125,1,14,HONDA CBF 125,6,E01016971,0,1
202460Q152936,2024,60Q152936,1,3,0,4,4,1,5,0,0,0,1,0,1,11,4,1,2,2,1,36,7,125,1,12,HONDA CBF 125,-1,-1,0,-1
2024361443274,2024,361443274,1,3,0,-1,19,6,3,-1,0,0,0,0,7,0,1,1,-1,2,1,32,6,125,1,14,HONDA CBF 125,1,E01026635,0,3
2024010534772,2024,010534772,2,3,0,14,14,1,5,0,0,8,0,0,0,0,4,1,6,6,1,25,5,125,1,1,HONDA CBF 125,7,E01004186,0,1
2024101513297,2024,101513297,2,4,0,-1,19,7,3,-1,0,0,5,0,0,0,3,1,-1,6,1,45,7,124,1,1,HONDA CBF 125,1,E01008541,0,2
2024421402724,2024,421402724,2,3,0,-1,19,1,5,-1,0,0,0,0,0,0,1,1,-1,9,1,28,6,125,1,14,HONDA CBF 125,-1,-1,0,-1
2024520500370,2024,520500370,2,3,0,18,19,3,7,0,0,8,0,0,0,0,1,1,6,6,2,33,6,124,1,1,HONDA CBF 125,6,E01029161,0,1
2024361460302,2024,361460302,1,3,0,-1,19,8,4,-1,0,1,2,0,7,0,1,1,-1,6,1,20,4,125,1,14,HONDA CBF 125,5,E01026435,0,1
2024010544954,2024,010544954,1,3,9,99,99,9,9,99,99,9,9,99,9,99,1,1,1,1,1,41,7,125,1,11,HONDA CBF 125,9,E01000773,0,1
2024010537322,2024,010537322,1,3,0,18,19,5,1,0,0,0,0,0,1,0,1,1,2,2,1,39,7,125,1,12,HONDA CBF 125,2,E01001110,0,2
2024371395664,2024,371395664,2,3,0,-1,19,4,8,-1,0,8,0,0,0,0,1,1,-1,6,1,28,6,125,1,5,HONDA CBF 125,1,E01033129,0,1
2024351471584,2024,351471584,2,3,0,-1,15,1,5,-1,0,1,0,0,0,0,1,1,-1,1,1,24,5,124,1,3,HONDA CBF 125,10,E01035555,0,2
2024501483824,2024,501483824,1,3,0,-1,19,8,4,-1,-1,0,1,0,0,0,4,1,-1,9,1,22,5,125,1,10,HONDA CBF 125,5,E01020030,0,1
2024430466678,2024,430466678,2,3,0,18,19,1,5,0,0,1,0,0,0,0,1,1,6,6,1,17,4,124,1,2,HONDA CBF 125,10,E01027293,0,3
2024122400519,2024,122400519,1,3,0,17,19,5,1,0,0,0,1,0,0,0,4,1,6,6,1,17,4,125,1,6,HONDA CBF 125,9,E01027900,0,1
2024061513516,2024,061513516,1,3,0,-1,19,1,5,-1,0,1,0,0,0,0,1,1,-1,2,1,20,4,124,1,3,HONDA CBF 125,8,E01006345,0,1
2024122401241,2024,122401241,1,4,0,18,19,1,3,0,0,8,1,0,0,0,0,1,6,6,2,25,5,125,1,14,HONDA CBF 125,8,E01034965,0,2
2024031520939,2024,031520939,1,3,0,-1,5,2,7,-1,0,6,0,0,0,0,1,1,-1,6,1,22,5,125,1,14,HONDA CBF 125,9,E01019244,0,1
2024122400182,2024,122400182,1,3,0,16,19,1,5,0,0,0,0,0,0,0,3,1,2,2,1,28,6,125,1,10,HONDA CBF 125,2,E01027864,0,2
2024010531139,2024,010531139,1,3,0,99,99,9,9,99,99,9,9,99,9,99,9,1,6,6,1,25,5,125,1,13,HONDA CBF 125,2,E01015897,0,4
2024141430667,2024,141430667,1,3,0,-1,19,6,2,-1,0,0,0,0,0,0,1,1,-1,6,1,22,5,124,1,3,HONDA CBF 125,1,E01008102,0,1
2024522402255,2024,522402255,1,3,0,18,19,4,8,0,0,8,0,0,0,0,9,1,6,6,2,19,4,124,1,2,HONDA CBF 125,9,E01014669,0,1
2024522402867,2024,522402867,1,3,0,17,19,8,5,0,0,0,0,0,0,0,1,1,6,6,1,19,4,125,1,9,HONDA CBF 125,5,E01014455,0,3
2024010533103,2024,010533103,2,3,0,5,5,7,3,0,0,2,0,0,0,0,0,1,6,6,1,32,6,125,1,3,HONDA CBF 125,3,E01004064,0,1
2024302400286,2024,302400286,1,3,0,18,19,8,4,0,0,2,1,0,0,0,1,1,6,6,1,25,5,125,1,14,HONDA CBF 125,6,E01019660,0,1
2024451432291,2024,451432291,1,3,0,-1,19,1,5,-1,0,0,0,0,0,0,1,1,-1,9,1,19,4,125,1,3,HONDA CBF 125,10,E01002920,0,3
2024010523835,2024,010523835,1,3,0,18,19,5,1,0,0,1,0,0,0,0,1,1,2,2,1,27,6,125,1,2,HONDA CBF 125,4,E01003608,0,1
2024361463065,2024,361463065,1,3,0,-1,13,5,1,-1,0,1,0,0,0,0,1,1,-1,9,1,20,4,125,1,10,HONDA CBF 125,4,E01026609,0,3
202417M109424,2024,17M109424,1,3,0,-1,12,6,2,-1,0,0,0,0,0,0,3,1,-1,2,1,37,7,124,1,0,HONDA CBF 125,5,E01020706,0,4
2024010508646,2024,010508646,1,3,0,18,19,3,7,0,0,2,0,10,0,0,1,1,6,6,1,29,6,124,1,2,HONDA CBF 125,-1,-1,0,-1
2024421452154,2024,421452154,1,3,0,-1,19,1,5,-1,0,0,2,0,0,0,1,1,-1,6,1,19,4,125,1,14,HONDA CBF 125,5,E01021694,0,1
2024340NN1252,2024,340NN1252,2,3,0,-1,19,6,2,-1,0,3,2,0,0,0,3,1,-1,6,1,48,8,124,1,2,HONDA CBF 125,9,E01027074,0,1
2024010511664,2024,010511664,2,3,0,18,19,1,5,0,0,0,0,0,0,0,1,1,1,1,1,21,5,125,1,4,HONDA CBF 125,5,E01001570,0,1
2024501426736,2024,501426736,1,3,0,-1,19,3,7,-1,0,8,1,0,1,10,1,1,-1,2,1,18,4,124,1,2,HONDA CBF 125,5,E01020196,0,1
2024501460976,2024,501460976,1,3,0,-1,4,8,3,-1,0,4,0,0,0,0,2,1,-1,2,1,62,9,125,1,5,HONDA CBF 125,4,E01019071,0,2
2024501509166,2024,501509166,1,3,0,-1,13,7,3,-1,0,0,0,4,0,0,1,1,-1,9,1,52,8,125,1,0,HONDA CBF 125,4,E01019916,0,1
2024461492683,2024,461492683,1,3,0,-1,19,3,7,-1,0,0,0,0,0,0,1,1,-1,9,1,32,6,125,1,13,HONDA CBF 125,1,E01024657,0,1
2024302400221,2024,302400221,1,3,0,16,19,5,7,0,0,0,0,0,1,0,1,1,2,2,1,26,6,125,1,10,HONDA CBF 125,5,E01019866,0,4
2024471468964,2024,471468964,1,3,0,-1,19,4,8,-1,0,1,0,0,0,0,1,1,-1,6,1,19,4,125,1,10,HONDA CBF 125,7,E01035321,0,1
2024052402633,2024,052402633,2,3,0,18,19,6,2,0,0,0,0,0,0,0,1,1,2,2,1,33,6,124,1,2,HONDA CBF 125,1,E01007011,0,1
2024440301644,2024,440301644,2,4,0,9,9,5,3,0,0,5,0,0,0,0,1,1,2,2,1,18,4,125,1,4,HONDA CBF 125,9,E01023130,0,2
2024991446000,2024,991446000,1,3,0,-1,11,7,4,-1,0,3,2,0,0,0,3,1,-1,6,1,18,4,125,1,13,HONDA CBF 125,4,-1,0,3
2024221399093,2024,221399093,1,4,0,-1,19,6,2,-1,0,0,1,0,0,0,1,1,-1,2,1,32,6,124,1,2,HONDA CBF 125,7,E01032253,0,1
2024411455274,2024,411455274,1,3,0,-1,19,4,8,-1,0,0,1,0,0,0,1,1,-1,6,1,32,6,125,1,2,HONDA CBF 125,4,E01023788,0,1
202460Q023651,2024,60Q023651,1,3,0,18,19,3,7,0,0,4,2,0,0,0,1,1,6,6,1,19,4,125,1,8,HONDA CBF 125,-1,-1,0,-1
2024471397633,2024,471397633,1,3,0,-1,19,2,7,-1,0,0,0,0,0,0,1,1,-1,7,1,18,4,124,1,3,HONDA CBF 125,5,E01016973,0,2
2024221500963,2024,221500963,2,3,0,-1,19,3,7,-1,0,8,5,0,0,0,1,1,-1,6,1,20,4,125,1,0,HONDA CBF 125,3,E01028965,0,2
202460Q151806,2024,60Q151806,2,3,0,18,19,4,8,0,0,0,2,0,0,0,3,1,2,2,1,37,7,125,1,9,HONDA CBF 125,-1,-1,0,-1
2024522401313,2024,522401313,2,4,0,18,19,4,8,0,0,0,0,0,0,0,1,1,6,6,1,23,5,125,1,2,HONDA CBF 125,6,E01015005,0,3
2024351399084,2024,351399084,1,3,0,-1,19,1,5,-1,0,1,0,0,0,0,1,1,-1,2,1,34,6,125,1,12,HONDA CBF 125,10,E01035558,0,1
2024122400725,2024,122400725,1,3,0,16,19,8,4,0,0,0,1,0,0,0,4,1,6,6,2,43,7,125,1,10,HONDA CBF 125,2,E01015680,0,5
2024471442337,2024,471442337,2,3,0,-1,3,2,5,-1,0,4,0,0,0,0,2,1,-1,2,1,22,5,125,1,4,HONDA CBF 125,5,E01032836,0,1
2024501515744,2024,501515744,1,3,0,-1,19,2,6,-1,0,1,5,0,0,0,1,1,-1,1,1,31,6,124,1,3,HONDA CBF 125,9,E01019911,0,3
2024622400091,2024,622400091,1,3,0,18,19,2,6,0,0,1,0,0,0,0,0,1,4,7,1,18,4,125,1,14,HONDA CBF 125,8,W01001119,0,3
2024421417180,2024,421417180,2,3,0,-1,19,-1,-1,-1,0,0,0,0,0,0,3,1,-1,6,1,29,6,124,1,1,HONDA CBF 125,6,E01015950,0,1
2024547604624,2024,547604624,2,3,0,18,19,2,6,0,0,1,5,0,0,0,1,1,6,6,1,24,5,124,1,2,HONDA CBF 125,6,E01022175,0,4
2024546753624,2024,546753624,2,4,0,18,19,7,3,0,0,8,5,0,0,0,4,1,2,2,1,33,6,125,1,10,HONDA CBF 125,9,E01031883,0,2
2024461428639,2024,461428639,1,3,0,-1,19,1,3,-1,0,2,0,0,0,0,1,1,-1,6,2,24,5,125,1,5,HONDA CBF 125,2,E01003159,0,4
2024332400695,2024,332400695,1,3,0,-1,19,7,3,-1,0,0,1,0,1,4,1,1,-1,9,1,18,4,124,1,1,HONDA CBF 125,9,E01025693,0,1
2024991461081,2024,991461081,1,3,0,-1,5,3,8,-1,0,2,0,0,0,0,4,1,-1,9,2,20,4,125,1,12,HONDA CBF 125,1,-1,0,1
2024543413324,2024,543413324,1,3,0,18,19,1,5,0,0,0,2,6,0,0,4,1,6,6,1,28,6,125,1,10,HONDA CBF 125,3,E01015488,0,4
2024522401534,2024,522401534,1,3,0,18,19,3,7,0,0,0,1,0,0,0,1,1,6,6,1,18,4,124,1,1,HONDA CBF 125,4,E01014623,0,1
2024471474366,2024,471474366,2,3,0,-1,19,7,3,-1,0,8,0,0,0,0,4,1,-1,2,1,22,5,125,1,4,HONDA CBF 125,3,E01021060,0,3
2024501424296,2024,501424296,1,4,0,-1,19,5,1,-1,0,1,1,0,0,0,0,1,-1,9,1,35,6,125,1,14,HONDA CBF 125,7,E01015117,0,2
2024131459171,2024,131459171,1,3,0,-1,19,3,7,-1,0,0,2,10,0,0,1,1,-1,6,1,25,5,125,1,12,HONDA CBF 125,1,E01010655,0,1
2024471411291,2024,471411291,2,3,0,-1,19,7,3,-1,0,1,1,0,0,0,1,1,-1,6,1,25,5,125,1,11,HONDA CBF 125,3,E01031358,0,1
2024421484266,2024,421484266,2,3,0,-1,9,7,4,-1,2,8,0,0,0,0,1,1,-1,6,1,41,7,125,1,11,HONDA CBF 125,-1,-1,0,-1
2024332401243,2024,332401243,1,3,0,-1,13,8,4,-1,0,8,1,0,0,0,4,1,-1,9,1,24,5,125,1,4,HONDA CBF 125,1,E01013919,0,4
2024991522725,2024,991522725,2,3,0,-1,19,7,3,-1,0,8,0,0,3,0,1,1,-1,9,1,18,4,124,1,1,HONDA CBF 125,9,-1,0,1
2024221417139,2024,221417139,1,3,0,-1,19,8,2,-1,0,0,0,0,1,9,1,1,-1,6,1,18,4,124,1,1,HONDA CBF 125,5,E01034326,0,2
202417S201624,2024,17S201624,2,3,0,18,19,2,6,0,0,8,0,0,0,0,1,1,6,6,1,28,6,125,1,6,HONDA CBF 125,3,E01020789,0,3
2024010526082,2024,010526082,2,3,0,18,19,1,5,0,0,2,0,0,0,0,1,1,1,1,1,53,8,124,1,3,HONDA CBF 125,7,E01004483,0,2
2024010541838,2024,010541838,2,3,0,5,5,7,3,0,0,2,5,0,0,0,1,1,2,2,1,43,7,125,1,6,HONDA CBF 125,3,E01001785,0,2
2024340NN0502,2024,340NN0502,1,4,0,-1,19,4,8,-1,0,0,0,0,0,0,1,1,-1,9,1,17,4,125,1,6,HONDA CBF 125,5,E01026973,0,2
2024361531458,2024,361531458,1,3,0,-1,19,7,3,-1,0,8,2,0,0,0,1,1,-1,9,1,18,4,124,1,2,HONDA CBF 125,2,E01026803,0,1
2024010535921,2024,010535921,1,3,0,18,19,7,3,0,0,0,0,0,0,0,4,1,2,2,1,44,7,124,1,2,HONDA CBF 125,-1,-1,0,-1
2024010527073,2024,010527073,1,3,0,17,19,5,1,0,0,2,0,0,0,0,1,1,6,6,1,32,6,125,1,6,HONDA CBF 125,2,E01002741,0,1
2024141478517,2024,141478517,1,3,0,-1,13,2,6,-1,0,0,0,0,0,0,1,1,-1,6,1,22,5,125,1,4,HONDA CBF 125,4,E01007637,0,1
2024461421107,2024,461421107,2,3,0,-1,19,3,7,-1,0,8,0,0,0,0,1,1,-1,6,1,17,4,125,1,13,HONDA CBF 125,7,E01024798,0,2
2024501444124,2024,501444124,1,3,0,-1,19,5,1,-1,0,2,0,0,7,10,1,1,-1,9,1,46,8,125,1,0,HONDA CBF 125,3,E01029325,0,3
2024991453062,2024,991453062,1,3,0,-1,19,8,5,-1,0,0,0,0,0,0,1,1,-1,6,1,23,5,125,1,6,HONDA CBF 125,-1,-1,0,-1
2024010526733,2024,010526733,1,3,0,15,15,3,7,0,0,1,0,0,1,0,4,1,6,6,1,22,5,125,1,6,HONDA CBF 125,-1,-1,0,-1
2024991493170,2024,991493170,1,3,0,-1,3,6,2,-1,0,1,0,0,0,0,2,1,-1,6,1,18,4,124,1,1,HONDA CBF 125,2,-1,0,1
2024031430224,2024,031430224,1,3,0,-1,19,7,3,-1,0,1,0,0,0,0,1,1,-1,7,1,23,5,125,1,1,HONDA CBF 125,6,E01019084,0,2
2024461534592,2024,461534592,1,3,0,-1,19,3,7,-1,0,0,0,0,1,0,4,1,-1,6,1,48,8,125,1,13,HONDA CBF 125,4,E01024372,0,1
2024421440360,2024,421440360,1,3,0,-1,19,3,7,-1,0,1,2,0,0,0,3,1,-1,6,1,19,4,124,1,2,HONDA CBF 125,6,E01021772,0,1
2024320754737,2024,320754737,1,3,0,-1,-1,8,4,0,0,1,2,0,0,0,1,1,-1,-1,2,22,5,125,1,10,HONDA CBF 125,9,E01010390,0,5
2024440101220,2024,440101220,2,3,0,18,19,4,8,0,0,1,0,0,0,0,1,1,6,6,1,18,4,125,1,10,HONDA CBF 125,3,E01017299,0,3
2024302500126,2024,302500126,2,3,0,-1,19,4,8,-1,0,8,0,0,0,0,4,1,-1,9,1,19,4,124,1,2,HONDA CBF 125,5,E01019870,0,2
2024440204462,2024,440204462,1,4,0,18,19,4,8,0,0,2,0,0,0,0,0,1,2,2,1,23,5,125,1,5,HONDA CBF 125,10,E01022505,0,1
2024031473583,2024,031473583,1,3,0,-1,19,7,7,-1,0,0,0,0,0,0,1,1,-1,9,1,22,5,124,1,1,HONDA CBF 125,-1,-1,0,-1
2024302401728,2024,302401728,2,3,0,-1,19,6,2,-1,0,8,0,0,0,0,1,1,-1,9,1,18,4,125,1,12,HONDA CBF 125,4,E01019800,0,2
2024221479043,2024,221479043,1,3,0,-1,19,3,8,-1,0,0,0,10,1,2,1,1,-1,6,1,21,5,125,1,4,HONDA CBF 125,3,E01014152,0,1
2024361441061,2024,361441061,2,3,0,-1,19,-1,-1,-1,0,0,2,0,0,0,1,1,-1,6,1,-1,-1,125,1,6,HONDA CBF 125,-1,-1,0,-1
2024070615736,2024,070615736,1,3,0,16,19,1,5,0,0,1,0,0,7,0,1,1,6,6,1,19,4,125,1,3,HONDA CBF 125,5,E01034678,0,2
2024221457577,2024,221457577,1,3,0,-1,19,8,4,-1,0,8,1,0,7,10,1,1,-1,6,1,19,4,125,1,13,HONDA CBF 125,5,E01032387,0,1
2024421429540,2024,421429540,2,3,0,-1,7,-1,-1,-1,0,0,1,0,0,0,3,1,-1,6,1,19,4,125,1,10,HONDA CBF 125,9,E01021951,0,2
2024161501897,2024,161501897,1,3,0,-1,99,5,1,-1,0,1,0,0,0,0,9,1,-1,6,1,17,4,125,1,0,HONDA CBF 125,1,E01012841,0,1
2024010490518,2024,010490518,2,3,0,16,19,5,1,0,0,8,0,0,0,0,0,1,6,6,1,34,6,124,1,3,HONDA CBF 125,7,E01030851,0,1
2024010542558,2024,010542558,1,3,0,18,19,5,1,0,0,1,0,0,0,0,3,1,2,2,1,53,8,124,1,1,HONDA CBF 125,-1,-1,0,-1
2024421431043,2024,421431043,1,4,0,-1,19,6,2,-1,0,0,0,0,7,0,1,1,-1,9,1,22,5,124,1,1,HONDA CBF 125,8,E01021621,0,1
2024141395498,2024,141395498,1,3,0,-1,19,3,7,-1,0,2,0,0,0,0,2,1,-1,9,1,34,6,124,1,2,HONDA CBF 125,1,E01011869,0,3
2024061441652,2024,061441652,1,3,0,-1,19,2,6,-1,0,0,1,7,0,0,3,1,-1,6,1,27,6,124,1,3,HONDA CBF 125,1,E01005959,0,3
2024010547000,2024,010547000,2,3,0,-1,-1,3,7,0,0,1,0,0,0,0,3,1,6,6,1,59,9,124,1,1,HONDA CBF 125,5,E01031571,0,4
2024302401497,2024,302401497,2,4,0,14,14,2,6,0,0,2,0,0,0,0,1,1,6,6,1,17,4,125,1,5,HONDA CBF 125,6,E01019815,0,1
2024371510744,2024,371510744,1,3,0,-1,19,7,4,-1,0,0,0,0,0,0,1,1,-1,6,1,23,5,125,1,0,HONDA CBF 125,6,E01030150,0,1
2024552401108,2024,552401108,2,4,0,18,19,8,4,0,0,8,0,0,0,0,1,1,6,6,1,20,4,125,1,10,HONDA CBF 125,7,E01020428,0,2
2024421508357,2024,421508357,1,3,0,-1,19,8,4,-1,0,3,0,10,0,0,4,1,-1,6,1,21,5,125,1,4,HONDA CBF 125,-1,-1,0,-1
2024501487378,2024,501487378,1,3,0,-1,19,3,7,-1,0,0,0,0,0,0,1,1,-1,9,2,23,5,124,1,1,HONDA CBF 125,6,E01018817,0,1
2024371417808,2024,371417808,2,3,0,-1,19,5,1,-1,0,0,1,0,0,0,1,1,-1,9,1,17,4,125,1,9,HONDA CBF 125,1,E01030035,0,1
2024631510657,2024,631510657,1,3,0,-1,12,5,1,-1,0,0,1,0,7,2,3,1,-1,2,1,17,4,125,1,5,HONDA CBF 125,6,W01000571,0,3
2024421418126,2024,421418126,1,3,0,-1,13,5,1,-1,0,1,2,0,7,0,1,1,-1,6,1,17,4,125,1,11,HONDA CBF 125,2,E01021273,0,2
2024010527750,2024,010527750,1,3,0,18,19,5,1,0,0,8,5,0,0,0,1,1,2,2,1,27,6,125,1,4,HONDA CBF 125,4,E01004066,0,2
2024320493101,2024,320493101,2,3,0,3,3,6,2,0,0,8,5,0,0,0,2,1,-1,-1,2,37,7,124,1,1,HONDA CBF 125,4,E01026025,0,1
2024991439279,2024,991439279,1,3,0,-1,13,5,1,-1,0,0,0,0,0,0,1,1,-1,9,1,32,6,125,1,14,HONDA CBF 125,7,-1,0,2
2024471429264,2024,471429264,2,3,0,-1,19,3,7,-1,0,1,0,0,0,0,1,1,-1,6,1,22,5,124,1,2,HONDA CBF 125,4,E01020915,0,1
2024131404457,2024,131404457,2,4,0,-1,14,1,5,-1,0,0,0,0,0,0,4,1,-1,6,1,19,4,125,1,14,HONDA CBF 125,8,E01011244,0,2
2024430332128,2024,430332128,2,3,0,18,19,2,6,0,0,0,0,0,0,0,1,1,2,2,1,21,5,124,1,2,HONDA CBF 125,10,E01028745,0,4
2024471459128,2024,471459128,1,3,0,-1,19,1,4,-1,0,1,1,0,7,0,4,1,-1,9,1,22,5,124,1,3,HONDA CBF 125,5,E01021089,0,3
2024461433086,2024,461433086,5,4,0,-1,2,0,0,-1,0,1,1,0,0,0,3,1,-1,6,-1,-1,-1,124,1,2,HONDA CBF 125,-1,-1,0,-1
2024010510217,2024,010510217,1,3,0,99,99,9,9,99,99,9,9,99,9,99,9,1,1,1,3,19,4,124,1,3,HONDA CBF 125,7,E01003762,0,2
2024501431945,2024,501431945,1,4,0,-1,7,3,5,-1,0,1,2,0,0,0,4,1,-1,6,1,32,6,125,1,13,HONDA CBF 125,2,E01015074,0,1
2024041536358,2024,041536358,2,3,0,-1,19,4,1,-1,0,8,0,0,0,0,1,1,-1,2,1,17,4,125,1,5,HONDA CBF 125,1,E01012671,0,1
2024371474673,2024,371474673,2,3,0,-1,19,5,1,-1,0,0,2,0,0,0,4,1,-1,9,1,23,5,124,1,3,HONDA CBF 125,6,E01030099,0,3
2024531416970,2024,531416970,1,3,0,-1,19,1,5,-1,0,1,0,0,0,0,1,1,-1,9,1,18,4,125,1,4,HONDA CBF 125,8,E01022123,0,1
2024010528742,2024,010528742,1,3,0,18,19,7,3,0,0,1,0,0,0,0,4,1,6,6,1,40,7,125,1,14,HONDA CBF 125,-1,-1,0,-1
2024070310102,2024,070310102,1,3,0,18,19,4,8,0,0,0,1,0,1,4,4,1,6,6,1,18,4,125,1,0,HONDA CBF 125,1,E01018476,0,1
2024101440108,2024,101440108,2,3,0,-1,19,3,7,-1,0,0,0,0,4,0,0,1,-1,9,1,19,4,124,1,2,HONDA CBF 125,4,E01020614,0,1
2024010518553,2024,010518553,2,3,0,13,13,1,5,0,0,8,0,0,0,0,1,1,6,6,1,17,4,125,1,4,HONDA CBF 125,7,E01000169,0,1
2024141492862,2024,141492862,1,3,0,-1,19,1,5,-1,0,1,5,0,0,0,4,1,-1,9,1,17,4,125,1,11,HONDA CBF 125,-1,-1,0,-1
2024501504157,2024,501504157,2,3,0,-1,19,5,1,-1,0,0,1,0,0,0,1,1,-1,2,1,38,7,125,1,13,HONDA CBF 125,7,E01015112,0,2
2024311517564,2024,311517564,1,4,0,-1,19,5,1,-1,0,2,0,0,0,0,0,1,-1,6,1,19,4,125,1,10,HONDA CBF 125,6,E01028034,0,2
2024552400691,2024,552400691,2,3,0,18,19,8,4,0,0,8,0,0,0,0,1,1,6,6,1,31,6,125,1,4,HONDA CBF 125,6,E01015373,0,1
2024361477054,2024,361477054,1,3,0,-1,13,5,1,-1,0,1,0,0,7,0,1,1,-1,9,1,18,4,125,1,6,HONDA CBF 125,4,E01026705,0,1
2024340NN1182,2024,340NN1182,2,3,0,-1,19,4,8,-1,0,4,0,0,0,0,1,1,-1,2,1,19,4,125,1,10,HONDA CBF 125,2,E01027041,0,1
2024010537758,2024,010537758,2,3,0,18,19,7,3,0,0,8,0,0,0,0,1,1,6,6,1,27,6,124,1,3,HONDA CBF 125,6,E01002523,0,1
2024010498416,2024,010498416,2,3,0,99,99,9,9,0,0,8,0,0,9,0,9,1,6,6,3,-1,-1,124,1,3,HONDA CBF 125,-1,-1,0,-1
2024010526023,2024,010526023,2,3,0,18,19,3,7,0,0,1,0,0,0,0,1,1,2,2,1,18,4,125,1,6,HONDA CBF 125,3,E01001620,0,2
2024991432001,2024,991432001,1,3,0,-1,19,6,2,-1,0,0,0,0,0,0,4,1,-1,9,1,18,4,125,1,10,HONDA CBF 125,6,-1,0,1