collision_index,collision_year,collision_ref_no,vehicle_reference,vehicle_type,towing_and_articulation,vehicle_manoeuvre_historic,vehicle_manoeuvre,vehicle_direction_from,vehicle_direction_to,vehicle_location_restricted_lane_historic,vehicle_location_restricted_lane,junction_location,skidding_and_overturning,hit_object_in_carriageway,vehicle_leaving_carriageway,hit_object_off_carriageway,first_point_of_impact,vehicle_left_hand_drive,journey_purpose_of_driver_historic,journey_purpose_of_driver,sex_of_driver,age_of_driver,age_band_of_driver,engine_capacity_cc,propulsion_code,age_of_vehicle,generic_make_model,driver_imd_decile,lsoa_of_driver,escooter_flag,driver_distance_banding
2024461410880,2024,461410880,1,3,0,-1,19,4,8,-1,0,1,0,0,0,0,1,1,-1,9,1,32,6,125,1,14,HONDA CBF 125,4,E01024698,0,2
2024471427353,2024,471427353,1,3,0,-1,19,5,1,-1,0,0,1,0,0,0,4,1,-1,9,2,19,4,125,1,2,HONDA CBF 125,6,E01021206,0,3
2024061405320,2024,061405320,2,3,0,-1,19,5,1,-1,0,8,0,0,0,0,1,1,-1,2,1,29,6,125,1,11,HONDA CBF 125,-1,-1,0,-1
2024161507469,2024,161507469,2,3,0,-1,19,5,1,-1,0,0,0,0,0,0,2,1,-1,6,1,17,4,125,1,11,HONDA CBF 125,2,E01013128,0,1
2024361511931,2024,361511931,1,3,0,-1,19,6,3,-1,0,0,0,0,0,0,1,1,-1,6,1,21,5,125,1,3,HONDA CBF 125,-1,-1,0,-1
2024610041724,2024,610041724,1,3,0,16,19,2,5,0,0,0,1,0,0,0,1,1,6,6,1,35,6,124,1,2,HONDA CBF 125,1,W01001659,0,4
2024161469149,2024,161469149,2,3,0,-1,19,5,5,-1,0,1,0,0,0,0,1,1,-1,2,1,24,5,125,1,12,HONDA CBF 125,1,E01035473,0,1
2024070614857,2024,070614857,1,3,0,9,9,5,1,0,0,0,0,0,1,0,3,1,6,6,2,21,5,125,1,6,HONDA CBF 125,5,E01019723,0,2
2024351484175,2024,351484175,1,3,0,-1,13,2,7,-1,0,6,0,0,0,0,1,1,-1,2,1,56,9,125,1,11,HONDA CBF 125,9,E01018034,0,3
2024451462996,2024,451462996,2,3,0,-1,19,5,1,-1,0,0,2,10,0,0,1,1,-1,6,1,20,4,125,1,3,HONDA CBF 125,3,E01003379,0,4
2024461518190,2024,461518190,2,3,0,-1,19,3,7,-1,0,8,0,0,0,0,4,1,-1,2,1,22,5,125,1,10,HONDA CBF 125,6,E01016057,0,2
2024131489285,2024,131489285,2,4,0,-1,19,5,1,-1,0,8,1,0,0,0,4,1,-1,1,1,34,6,124,1,2,HONDA CBF 125,4,E01011208,0,1
2024010506957,2024,010506957,2,3,0,5,5,7,3,0,0,1,0,0,0,0,4,1,6,6,1,39,7,124,1,2,HONDA CBF 125,4,E01002598,0,1
2024161411540,2024,161411540,1,3,0,-1,19,1,5,-1,0,0,1,0,0,0,0,1,-1,1,1,42,7,124,1,1,HONDA CBF 125,8,E01013037,0,1
2024010528031,2024,010528031,2,3,0,16,19,1,5,0,0,0,0,4,0,0,1,1,6,6,1,20,4,125,1,10,HONDA CBF 125,-1,-1,0,-1
2024131453045,2024,131453045,1,3,0,-1,19,7,3,-1,0,8,0,0,0,0,1,1,-1,9,1,30,6,125,1,10,HONDA CBF 125,1,E01010841,0,1
2024010517879,2024,010517879,1,3,0,13,13,3,7,0,0,8,1,0,0,0,1,1,6,6,1,22,5,125,1,2,HONDA CBF 125,3,E01034046,0,1
2024430335678,2024,430335678,1,3,0,14,14,5,1,0,0,0,0,0,0,0,4,1,2,2,1,21,5,124,1,1,HONDA CBF 125,5,E01028554,0,1
2024010509907,2024,010509907,1,3,0,18,19,1,5,0,0,0,1,0,0,0,4,1,6,6,1,18,4,124,1,1,HONDA CBF 125,-1,-1,0,-1
2024010502107,2024,010502107,2,3,0,7,7,5,7,0,0,6,0,0,0,0,2,1,6,6,1,42,7,125,1,4,HONDA CBF 125,1,E01000596,0,1
2024070282057,2024,070282057,1,3,0,18,19,3,7,0,0,0,0,0,0,0,1,1,6,6,1,51,8,125,1,13,HONDA CBF 125,-1,-1,0,-1
2024340NN2182,2024,340NN2182,1,3,0,-1,9,1,7,-1,0,3,1,0,0,0,0,1,-1,9,1,18,4,125,1,12,HONDA CBF 125,5,E01027114,0,3
2024010548544,2024,010548544,1,3,0,99,99,9,9,99,99,9,9,99,9,99,2,1,6,6,1,19,4,124,1,0,HONDA CBF 125,5,E01002214,0,1
2024430168974,2024,430168974,2,4,0,18,19,6,3,0,0,8,0,0,0,0,2,1,6,6,1,22,5,124,1,2,HONDA CBF 125,10,E01016386,0,4
2024010505246,2024,010505246,1,3,0,18,19,5,1,0,0,1,0,0,0,0,4,1,6,6,2,23,5,124,1,3,HONDA CBF 125,2,E01014293,0,5
2024461421473,2024,461421473,1,3,0,-1,15,4,8,-1,0,0,0,0,0,0,1,1,-1,6,1,25,5,125,1,12,HONDA CBF 125,9,E01016107,0,1
2024010518339,2024,010518339,1,3,0,99,99,9,9,99,99,9,9,99,9,99,9,1,6,6,1,26,6,125,1,5,HONDA CBF 125,10,E01023454,0,4
2024010508411,2024,010508411,1,3,9,99,99,9,9,99,99,9,9,99,9,99,9,1,1,1,1,55,8,124,1,2,HONDA CBF 125,5,E01002179,0,3
2024540239624,2024,540239624,1,3,0,17,19,2,6,0,0,0,1,0,0,0,3,1,6,6,1,17,4,124,1,3,HONDA CBF 125,6,E01031848,0,1
2024131396215,2024,131396215,2,3,0,-1,19,7,3,-1,0,1,0,0,0,0,1,1,-1,6,1,26,6,125,1,13,HONDA CBF 125,2,E01010929,0,1
2024451466284,2024,451466284,1,3,0,-1,19,7,3,-1,0,0,1,0,0,0,1,1,-1,9,1,43,7,125,1,14,HONDA CBF 125,5,E01024428,0,2
2024421472700,2024,421472700,2,3,0,-1,13,6,2,-1,0,8,0,0,0,0,1,1,-1,6,1,35,6,124,1,1,HONDA CBF 125,9,E01021256,0,1
2024010526527,2024,010526527,1,3,0,18,19,3,7,0,0,2,0,0,0,0,0,1,6,6,1,20,4,125,1,6,HONDA CBF 125,2,E01003535,0,2
2024451437122,2024,451437122,1,3,0,-1,19,1,5,-1,0,1,0,0,0,0,3,1,-1,6,1,20,4,124,1,1,HONDA CBF 125,4,E01030337,0,1
2024471403089,2024,471403089,1,4,0,-1,19,6,2,-1,0,2,0,0,7,0,1,1,-1,9,1,19,4,125,1,2,HONDA CBF 125,6,E01034999,0,4
2024161492160,2024,161492160,2,3,0,-1,19,7,3,-1,0,1,2,4,0,0,1,1,-1,6,1,19,4,125,1,9,HONDA CBF 125,1,E01012878,0,1
2024161515062,2024,161515062,1,3,0,-1,4,7,3,-1,0,1,1,10,0,0,1,1,-1,2,1,33,6,125,1,1,HONDA CBF 125,3,E01013254,0,2
2024361394693,2024,361394693,1,3,0,-1,19,6,2,-1,0,8,0,0,0,0,3,1,-1,6,1,18,4,124,1,1,HONDA CBF 125,2,E01026829,0,1
2024010527372,2024,010527372,1,3,0,14,14,7,3,0,0,8,0,0,0,0,1,1,6,6,1,18,4,125,1,13,HONDA CBF 125,7,E01004176,0,1
2024471534857,2024,471534857,2,3,0,-1,19,7,2,-1,0,0,1,4,0,0,1,1,-1,9,1,28,6,125,1,13,HONDA CBF 125,2,E01020922,0,1
2024010549883,2024,010549883,1,3,9,18,19,2,6,99,99,9,9,99,9,99,1,1,6,6,1,32,6,125,1,10,HONDA CBF 125,4,E01004462,0,1
2024010505512,2024,010505512,2,3,0,18,19,1,5,0,0,0,0,0,0,0,1,1,1,1,1,22,5,124,1,3,HONDA CBF 125,6,E01003368,0,1
2024421443361,2024,421443361,1,3,0,-1,13,8,4,-1,0,0,0,0,0,0,1,1,-1,9,1,20,4,125,1,12,HONDA CBF 125,4,E01015884,0,1
2024131427717,2024,131427717,2,3,0,-1,19,1,5,-1,0,0,0,0,0,0,1,1,-1,6,1,32,6,125,1,10,HONDA CBF 125,2,E01011538,0,1
2024010523158,2024,010523158,2,3,0,18,19,1,5,0,0,1,0,0,0,0,1,1,6,6,1,28,6,124,1,3,HONDA CBF 125,3,E01004413,0,1
2024031500096,2024,031500096,2,3,0,-1,19,5,1,-1,0,0,0,0,0,0,1,1,-1,9,1,23,5,125,1,2,HONDA CBF 125,5,E01019201,0,4
2024061420891,2024,061420891,2,3,0,-1,19,5,1,-1,0,1,0,0,0,0,4,1,-1,9,1,33,6,125,1,12,HONDA CBF 125,1,E01006336,0,1
2024010519983,2024,010519983,1,3,0,99,99,9,9,99,99,9,9,99,9,99,9,1,1,1,3,24,5,124,1,3,HONDA CBF 125,7,E01022679,0,4
2024340WN6292,2024,340WN6292,2,3,0,-1,19,3,7,-1,0,8,0,0,0,0,1,1,-1,9,1,18,4,125,1,6,HONDA CBF 125,8,E01027008,0,3
2024031439548,2024,031439548,1,3,0,-1,19,5,1,-1,0,8,1,0,1,0,3,1,-1,9,1,21,5,125,1,5,HONDA CBF 125,1,E01019157,0,3
2024471435690,2024,471435690,2,3,0,-1,19,2,6,-1,0,8,1,0,1,0,1,1,-1,2,2,21,5,125,1,4,HONDA CBF 125,5,E01031477,0,2
2024622400244,2024,622400244,1,3,0,17,19,6,2,0,0,0,0,0,1,7,1,1,6,6,1,21,5,125,1,14,HONDA CBF 125,4,W01001270,0,3
2024010489009,2024,010489009,1,3,0,99,99,9,9,99,99,9,9,99,9,99,9,1,2,2,1,19,4,125,1,6,HONDA CBF 125,4,E01033738,0,1
2024622400049,2024,622400049,2,4,0,18,19,7,4,0,0,8,0,0,0,0,4,1,6,6,1,44,7,125,1,1,HONDA CBF 125,8,W01000876,0,4
2024061508195,2024,061508195,2,3,0,-1,13,3,7,-1,0,1,5,0,0,0,4,1,-1,9,1,41,7,125,1,14,HONDA CBF 125,1,E01005180,0,1
2024231400907,2024,231400907,2,3,0,-1,19,4,8,-1,0,8,1,0,0,0,2,1,-1,2,1,24,5,125,1,2,HONDA CBF 125,1,E01009612,0,2
2024010525579,2024,010525579,2,3,0,18,19,3,7,4,4,1,2,10,0,0,1,1,1,1,1,40,7,124,1,1,HONDA CBF 125,3,E01001930,0,1
2024340WN6132,2024,340WN6132,2,3,0,-1,19,4,8,-1,0,8,5,0,0,0,1,1,-1,6,1,22,5,124,1,3,HONDA CBF 125,6,E01027132,0,1
2024141405659,2024,141405659,2,3,0,-1,19,2,6,-1,0,8,0,0,0,0,3,1,-1,6,1,18,4,125,1,11,HONDA CBF 125,7,E01007831,0,1
2024111511115,2024,111511115,2,3,0,-1,19,7,3,-1,0,1,0,0,0,0,1,1,-1,6,1,33,6,124,1,1,HONDA CBF 125,3,E01020667,0,3
2024070042004,2024,070042004,2,4,0,5,5,8,4,0,0,8,0,0,0,0,1,1,2,2,1,20,4,124,1,2,HONDA CBF 125,5,E01018728,0,1
2024361463640,2024,361463640,1,3,0,-1,3,3,7,-1,0,1,0,0,0,0,1,1,-1,9,1,18,4,124,1,3,HONDA CBF 125,5,E01026428,0,3
2024610003224,2024,610003224,1,3,0,18,19,7,3,0,0,0,1,0,0,0,4,1,6,6,1,24,5,124,1,1,HONDA CBF 125,2,W01001531,0,1
2024531509693,2024,531509693,2,3,0,-1,19,1,5,-1,0,0,2,0,0,0,1,1,-1,6,1,17,4,125,1,0,HONDA CBF 125,10,E01014885,0,2
2024461497407,2024,461497407,1,3,0,-1,4,5,1,-1,9,0,0,0,1,0,1,1,-1,9,1,23,5,125,1,13,HONDA CBF 125,4,E01003301,0,5
2024471412165,2024,471412165,2,3,0,-1,19,2,6,-1,0,1,0,0,0,0,1,1,-1,6,2,27,6,124,1,1,HONDA CBF 125,6,E01031574,0,1
2024471534070,2024,471534070,2,3,0,-1,13,5,1,-1,0,1,0,0,0,0,1,1,-1,6,1,28,6,125,1,6,HONDA CBF 125,6,E01031798,0,1
2024122400597,2024,122400597,1,3,0,17,19,8,5,0,0,0,1,0,1,11,4,1,6,6,2,40,7,125,1,0,HONDA CBF 125,8,E01024869,0,4
2024430451312,2024,430451312,1,3,0,14,14,3,7,0,0,8,0,0,0,0,1,1,4,7,1,17,4,125,1,5,HONDA CBF 125,-1,-1,0,-1
2024351542408,2024,351542408,1,3,0,-1,4,7,3,-1,0,0,1,0,0,0,1,1,-1,6,1,29,6,125,1,13,HONDA CBF 125,1,E01015664,0,1
2024991470643,2024,991470643,1,3,0,-1,19,5,2,-1,0,1,2,0,1,0,4,1,-1,6,2,17,4,124,1,2,HONDA CBF 125,9,-1,0,1
2024421497115,2024,421497115,1,3,0,-1,19,5,1,-1,0,0,1,0,1,0,1,1,-1,9,2,22,5,125,1,12,HONDA CBF 125,9,E01021395,0,2
2024111456865,2024,111456865,2,4,0,-1,19,4,8,-1,0,0,1,0,0,0,2,1,-1,2,1,20,4,124,1,1,HONDA CBF 125,3,E01020667,0,1
2024481437297,2024,481437297,1,3,0,-1,19,3,7,-1,0,0,0,0,0,0,3,1,-1,9,1,26,6,125,1,3,HONDA CBF 125,-1,-1,0,-1
2024221407931,2024,221407931,1,3,0,-1,19,4,8,-1,0,0,1,12,0,0,3,1,-1,1,2,35,6,124,1,2,HONDA CBF 125,5,E01022268,0,3
2024010507210,2024,010507210,1,3,0,18,19,1,5,0,0,0,1,0,0,0,3,1,6,6,1,25,5,125,1,5,HONDA CBF 125,-1,-1,0,-1
2024522500019,2024,522500019,2,3,0,14,14,5,1,0,0,8,0,0,0,0,1,1,6,6,1,39,7,124,1,2,HONDA CBF 125,10,E01014911,0,2
2024010541479,2024,010541479,1,3,0,3,3,7,3,0,0,1,0,0,0,0,2,1,2,2,1,40,7,125,1,4,HONDA CBF 125,2,E01004248,0,3
2024430072301,2024,430072301,1,3,0,4,4,1,5,0,0,0,0,0,0,0,1,1,2,2,1,35,6,125,1,14,HONDA CBF 125,10,E01028711,0,2
2024131514245,2024,131514245,2,3,0,-1,9,7,3,-1,0,4,1,0,0,0,4,1,-1,6,1,47,8,124,1,3,HONDA CBF 125,1,E01033693,0,1
2024302401212,2024,302401212,1,3,0,17,19,1,6,0,0,0,0,0,1,1,4,1,6,6,2,18,4,125,1,13,HONDA CBF 125,5,E01008034,0,4
2024430502721,2024,430502721,1,3,0,18,19,6,2,0,0,1,0,0,0,0,1,1,6,6,1,20,4,125,1,3,HONDA CBF 125,-1,-1,0,-1
2024351449285,2024,351449285,1,4,0,-1,19,5,1,-1,0,1,0,10,1,0,1,1,-1,6,1,20,4,125,1,0,HONDA CBF 125,6,E01018042,0,1
2024010518318,2024,010518318,1,3,0,99,99,9,9,99,99,0,9,99,9,99,9,1,6,6,1,49,8,124,1,2,HONDA CBF 125,3,E01034609,0,1
2024061512127,2024,061512127,1,3,0,-1,15,1,5,-1,0,0,0,0,0,0,1,1,-1,2,1,19,4,124,1,3,HONDA CBF 125,8,E01006067,0,1
2024421526402,2024,421526402,2,3,0,-1,5,7,3,-1,0,4,0,0,0,0,1,1,-1,6,1,19,4,124,1,1,HONDA CBF 125,2,E01015897,0,1
2024131405309,2024,131405309,1,3,0,-1,19,7,3,-1,0,0,0,0,0,0,1,1,-1,2,1,31,6,125,1,5,HONDA CBF 125,9,E01027920,0,3
2024522401926,2024,522401926,1,3,0,18,19,4,8,0,0,8,0,0,0,0,4,1,6,6,1,18,4,124,1,1,HONDA CBF 125,4,E01014946,0,1
2024440079595,2024,440079595,1,3,0,18,19,6,2,0,0,2,0,0,0,0,1,1,6,6,2,42,7,124,1,4,HONDA CBF 125,10,E01022895,0,1
2024010511589,2024,010511589,2,3,0,10,10,7,5,0,0,1,0,0,0,0,3,1,6,6,1,17,4,124,1,3,HONDA CBF 125,4,E01001023,0,2
2024471424897,2024,471424897,1,4,0,-1,12,3,7,-1,0,0,0,0,0,0,3,1,-1,9,1,24,5,124,1,1,HONDA CBF 125,3,E01031361,0,1
2024010541190,2024,010541190,1,3,0,18,19,9,9,99,99,9,9,99,9,99,9,1,6,6,1,33,6,125,1,2,HONDA CBF 125,5,E01021818,0,4
2024461544963,2024,461544963,2,3,0,-1,3,5,1,-1,0,2,0,0,0,0,2,1,-1,6,1,23,5,125,1,13,HONDA CBF 125,4,E01024577,0,1
2024361466536,2024,361466536,1,4,0,-1,4,1,5,-1,0,0,0,1,0,0,1,1,-1,2,1,47,8,125,1,11,HONDA CBF 125,10,E01035143,0,1
2024311463825,2024,311463825,2,3,0,-1,19,8,4,-1,0,0,0,0,0,0,1,1,-1,1,1,28,6,125,1,6,HONDA CBF 125,1,E01027974,0,1
2024421438309,2024,421438309,2,3,0,-1,4,-1,-1,-1,0,0,1,0,0,0,2,1,-1,6,1,29,6,124,1,1,HONDA CBF 125,5,E01021778,0,2
2024991521511,2024,991521511,1,3,0,-1,19,3,7,-1,0,0,0,0,0,0,1,1,-1,6,1,20,4,125,1,0,HONDA CBF 125,9,-1,0,5
2024070906574,2024,070906574,2,3,0,-1,19,5,1,-1,0,1,0,0,0,0,4,1,-1,6,1,30,6,125,1,0,HONDA CBF 125,3,E01018557,0,1
2024552400678,2024,552400678,1,3,0,18,19,6,2,0,0,6,0,0,0,0,0,1,6,6,1,23,5,124,1,3,HONDA CBF 125,10,E01015434,0,2
2024041418785,2024,041418785,2,3,0,-1,19,2,6,-1,0,8,0,0,0,0,1,1,-1,2,1,17,4,124,1,3,HONDA CBF 125,2,E01012647,0,1
2024421466606,2024,421466606,2,3,0,-1,19,1,5,-1,0,8,5,0,0,0,1,1,-1,9,1,22,5,125,1,4,HONDA CBF 125,5,E01021388,0,3
2024311394885,2024,311394885,2,4,0,-1,13,7,3,-1,0,8,0,0,0,0,1,1,-1,6,1,22,5,125,1,11,HONDA CBF 125,1,E01013850,0,1
2024430337242,2024,430337242,1,3,0,15,15,5,1,0,0,2,1,0,0,0,1,1,6,6,1,17,4,125,1,5,HONDA CBF 125,9,E01032952,0,3
2024131519415,2024,131519415,2,3,0,-1,19,5,1,-1,0,1,0,0,0,0,4,1,-1,2,1,22,5,124,1,2,HONDA CBF 125,9,E01011011,0,2
2024430326099,2024,430326099,2,3,0,18,19,6,2,0,0,5,0,0,0,0,1,1,2,2,2,19,4,125,1,3,HONDA CBF 125,5,E01028538,0,1
2024010502573,2024,010502573,1,4,0,5,5,1,5,0,0,1,1,0,0,0,1,1,6,6,1,46,8,125,1,6,HONDA CBF 125,2,E01003918,0,1
2024371441007,2024,371441007,2,3,0,-1,8,-1,-1,-1,0,1,0,0,0,0,2,1,-1,2,1,17,4,125,1,14,HONDA CBF 125,6,E01030212,0,3
2024531435634,2024,531435634,1,3,0,-1,19,1,5,-1,0,0,0,0,0,0,0,1,-1,6,2,18,4,124,1,4,HONDA CBF 125,3,E01012632,0,5
2024201461347,2024,201461347,2,3,0,-1,19,4,8,-1,0,8,2,0,0,0,4,1,-1,6,1,24,5,125,1,9,HONDA CBF 125,1,E01034935,0,1
2024401459893,2024,401459893,1,3,0,-1,19,1,5,-1,0,0,0,0,0,0,1,1,-1,6,1,19,4,125,1,6,HONDA CBF 125,6,E01017554,0,1
2024371471908,2024,371471908,1,3,0,-1,19,5,1,-1,0,1,0,0,0,0,1,1,-1,9,1,19,4,124,1,1,HONDA CBF 125,1,E01030036,0,2
2024161511553,2024,161511553,1,3,0,-1,19,4,8,-1,0,0,0,0,0,0,1,1,-1,6,1,17,4,125,1,6,HONDA CBF 125,3,E01012907,0,2
2024041422563,2024,041422563,2,3,0,-1,19,5,1,-1,0,1,0,0,0,0,1,1,-1,2,1,22,5,125,1,4,HONDA CBF 125,3,E01025577,0,2
202460Q172660,2024,60Q172660,2,4,0,18,19,8,4,0,0,0,2,10,1,0,0,1,6,6,1,18,4,125,1,1,HONDA CBF 125,-1,-1,0,-1
2024411500938,2024,411500938,2,3,0,-1,19,1,5,-1,0,1,0,0,0,0,1,1,-1,6,2,34,6,125,1,1,HONDA CBF 125,8,E01000225,0,3
2024010509142,2024,010509142,2,4,0,18,19,5,1,0,0,3,0,0,0,0,1,1,6,6,1,57,9,125,1,11,HONDA CBF 125,2,E01004541,0,1
2024451513591,2024,451513591,1,3,0,-1,13,3,7,-1,0,0,1,0,8,99,3,1,-1,2,1,20,4,124,1,1,HONDA CBF 125,10,E01030404,0,3
2024991439113,2024,991439113,1,3,0,-1,13,6,3,-1,9,0,1,0,0,0,1,1,-1,1,1,22,5,125,1,10,HONDA CBF 125,8,-1,0,1
2024546916024,2024,546916024,2,3,0,18,19,7,3,0,0,1,2,0,0,0,0,1,2,2,1,31,6,124,1,2,HONDA CBF 125,7,E01032121,0,3
2024010501246,2024,010501246,2,3,0,18,19,8,4,0,0,1,0,0,0,0,4,1,6,6,1,44,7,125,1,14,HONDA CBF 125,-1,-1,0,-1
2024549183024,2024,549183024,1,3,0,18,19,7,3,0,0,0,1,0,0,0,1,1,6,6,1,18,4,125,1,12,HONDA CBF 125,3,E01015530,0,1
2024451482520,2024,451482520,2,3,0,-1,19,5,1,-1,0,1,0,0,7,0,1,1,-1,9,1,26,6,125,1,13,HONDA CBF 125,5,E01030579,0,1
2024122400930,2024,122400930,1,3,0,18,19,4,2,0,0,8,0,0,0,0,1,1,6,6,1,17,4,125,1,12,HONDA CBF 125,10,E01034975,0,2
2024031462776,2024,031462776,2,3,0,-1,19,1,5,-1,0,1,0,0,0,0,4,1,-1,6,2,25,5,124,1,1,HONDA CBF 125,8,E01019258,0,1
2024610056024,2024,610056024,1,3,0,18,19,5,1,0,0,8,0,0,0,0,1,1,2,2,1,32,6,124,1,1,HONDA CBF 125,7,W01001499,0,2
2024430507802,2024,430507802,1,3,0,18,19,6,2,0,0,1,0,0,0,0,1,1,1,1,1,20,4,125,1,5,HONDA CBF 125,-1,-1,0,-1
2024010497570,2024,010497570,1,3,0,99,99,9,9,99,99,9,9,99,9,99,9,1,2,2,3,44,7,124,1,3,HONDA CBF 125,5,E01000615,0,3
2024421442010,2024,421442010,1,3,0,-1,13,6,2,-1,0,0,0,0,0,0,1,1,-1,2,1,18,4,125,1,5,HONDA CBF 125,3,E01021800,0,1
2024201460139,2024,201460139,1,3,0,-1,14,2,6,-1,0,8,0,0,0,0,1,1,-1,9,1,44,7,125,1,3,HONDA CBF 125,2,E01010071,0,1
2024531434181,2024,531434181,2,3,0,-1,5,6,2,-1,0,8,0,0,0,0,3,1,-1,6,1,27,6,125,1,13,HONDA CBF 125,8,E01022313,0,1
2024991502504,2024,991502504,1,4,0,-1,15,7,3,-1,0,1,0,0,0,0,1,1,-1,6,1,23,5,124,1,1,HONDA CBF 125,1,-1,0,1
2024451394044,2024,451394044,2,3,0,-1,19,1,5,-1,0,0,1,0,0,0,4,1,-1,9,1,19,4,124,1,1,HONDA CBF 125,5,E01030569,0,1
2024052402044,2024,052402044,2,3,0,18,19,7,3,0,0,8,0,0,0,0,1,1,6,6,1,22,5,125,1,13,HONDA CBF 125,3,E01007118,0,1
2024010533318,2024,010533318,1,2,0,18,19,7,3,0,0,0,0,0,0,0,1,1,2,2,1,24,5,125,1,6,HONDA CBF 125,9,E01000440,0,3
2024522401756,2024,522401756,2,3,0,18,19,1,5,0,0,0,0,0,0,0,1,1,6,6,1,20,4,125,1,12,HONDA CBF 125,2,E01014522,0,1
2024101414317,2024,101414317,1,3,0,-1,19,5,1,-1,0,4,0,0,0,0,1,1,-1,6,1,18,4,124,1,2,HONDA CBF 125,2,E01008690,0,1
2024061453925,2024,061453925,1,3,0,-1,19,8,4,-1,0,0,0,0,0,0,1,1,-1,2,1,20,4,125,1,6,HONDA CBF 125,8,E01006409,0,1
2024070977527,2024,070977527,2,2,0,-1,19,7,3,-1,0,1,0,0,0,0,1,1,-1,6,1,31,6,124,1,2,HONDA CBF 125,2,E01012413,0,1
2024501465512,2024,501465512,1,3,0,-1,19,4,8,-1,0,0,2,0,0,0,1,1,-1,6,1,26,6,125,1,6,HONDA CBF 125,6,E01020143,0,1
2024161436503,2024,161436503,1,3,0,-1,13,5,1,-1,0,5,0,10,7,0,3,1,-1,2,1,19,4,125,1,10,HONDA CBF 125,6,E01013309,0,3
2024361496925,2024,361496925,2,3,0,-1,3,-1,-1,-1,0,1,0,0,0,0,1,1,-1,2,1,19,4,124,1,3,HONDA CBF 125,5,E01026745,0,3
2024631435490,2024,631435490,1,3,0,-1,19,2,6,-1,0,0,1,12,1,10,1,1,-1,9,1,17,4,125,1,1,HONDA CBF 125,5,W01000576,0,2
2024411407937,2024,411407937,2,3,0,-1,19,8,4,-1,0,8,0,0,0,0,4,1,-1,1,1,24,5,124,1,1,HONDA CBF 125,7,E01023763,0,4
2024041507007,2024,041507007,1,3,0,-1,19,5,1,-1,0,0,0,0,0,0,1,1,-1,2,1,23,5,124,1,3,HONDA CBF 125,8,E01025602,0,1
2024361529567,2024,361529567,1,3,0,-1,19,3,7,-1,0,1,5,0,0,0,1,1,-1,2,1,23,5,125,1,5,HONDA CBF 125,8,E01034570,0,3
2024440102119,2024,440102119,2,3,0,18,19,3,7,0,0,1,0,0,0,0,1,1,1,1,1,37,7,124,1,3,HONDA CBF 125,6,E01023118,0,1
2024622400030,2024,622400030,2,3,0,18,19,8,4,0,0,1,0,0,0,0,1,1,1,1,1,18,4,124,1,1,HONDA CBF 125,4,W01001025,0,4
2024070919143,2024,070919143,2,3,0,-1,19,1,5,-1,0,1,9,0,0,0,1,1,-1,9,1,23,5,125,1,13,HONDA CBF 125,9,E01012519,0,1
2024501421952,2024,501421952,1,3,0,-1,4,1,5,-1,0,0,1,0,0,0,0,1,-1,6,1,20,4,125,1,13,HONDA CBF 125,7,E01020338,0,3
2024061411739,2024,061411739,2,3,0,-1,19,7,3,-1,0,0,0,0,0,0,1,1,-1,2,2,-1,-1,124,1,2,HONDA CBF 125,-1,-1,0,-1
2024631440255,2024,631440255,1,3,0,-1,5,3,1,-1,0,5,1,0,0,0,0,1,-1,2,2,35,6,125,1,12,HONDA CBF 125,4,W01000542,0,3
2024501504964,2024,501504964,1,3,0,-1,19,1,5,-1,0,0,1,0,0,0,1,1,-1,1,1,18,4,124,1,2,HONDA CBF 125,10,E01020163,0,1
2024010538037,2024,010538037,2,3,0,18,19,5,1,0,0,1,0,0,0,0,4,1,6,6,1,24,5,125,1,11,HONDA CBF 125,3,E01003430,0,1
2024070078120,2024,070078120,2,3,0,18,19,5,2,0,0,8,0,0,0,0,4,1,1,1,1,51,8,125,1,5,HONDA CBF 125,2,E01034669,0,2
2024010527417,2024,010527417,2,4,0,18,19,1,5,0,0,1,0,0,1,0,2,1,2,2,1,26,6,125,1,14,HONDA CBF 125,5,E01003156,0,1
2024302400892,2024,302400892,2,3,0,18,19,1,5,0,0,8,0,0,0,0,1,1,6,6,1,22,5,125,1,10,HONDA CBF 125,2,E01019664,0,1
2024010536713,2024,010536713,2,3,0,18,19,3,7,0,0,0,0,0,0,0,3,1,1,1,1,31,6,124,1,3,HONDA CBF 125,6,E01016058,0,4
2024041420370,2024,041420370,1,3,0,-1,13,4,2,-1,0,1,1,0,0,0,3,1,-1,2,1,19,4,125,1,6,HONDA CBF 125,1,E01025592,0,1