collision_index,collision_year,collision_ref_no,vehicle_reference,vehicle_type,towing_and_articulation,vehicle_manoeuvre_historic,vehicle_manoeuvre,vehicle_direction_from,vehicle_direction_to,vehicle_location_restricted_lane_historic,vehicle_location_restricted_lane,junction_location,skidding_and_overturning,hit_object_in_carriageway,vehicle_leaving_carriageway,hit_object_off_carriageway,first_point_of_impact,vehicle_left_hand_drive,journey_purpose_of_driver_historic,journey_purpose_of_driver,sex_of_driver,age_of_driver,age_band_of_driver,engine_capacity_cc,propulsion_code,age_of_vehicle,generic_make_model,driver_imd_decile,lsoa_of_driver,escooter_flag,driver_distance_banding
2024010534697,2024,010534697,1,9,0,99,99,9,9,99,99,9,9,99,9,99,2,9,6,6,1,44,7,3456,8,16,LEXUS GS 450,4,E01002309,0,3
2024471477862,2024,471477862,1,9,0,-1,19,7,3,-1,0,1,0,0,0,0,1,1,-1,6,1,61,9,3456,8,16,LEXUS GS 450,5,E01024379,0,4
2024522402003,2024,522402003,1,5,0,18,19,6,1,0,0,3,0,0,0,0,1,1,6,6,1,27,6,961,1,7,-1,10,E01015021,0,1
2024221449521,2024,221449521,1,90,0,-1,19,7,3,-1,0,0,0,0,0,0,2,1,-1,9,1,71,10,1997,2,5,-1,10,E01028949,0,2
2024221449596,2024,221449596,3,9,0,-1,3,1,5,-1,0,0,0,0,0,0,2,1,-1,1,1,29,6,1988,1,5,-1,7,E01028182,0,5
2024041527446,2024,041527446,1,9,0,-1,19,7,3,-1,0,0,1,0,5,6,3,1,-1,2,1,60,9,1988,1,6,-1,5,E01006256,0,2
2024430615813,2024,430615813,1,9,0,18,19,2,6,0,0,8,0,0,1,0,3,1,6,6,1,25,5,3995,1,1,-1,7,E01002678,0,4
2024010541397,2024,010541397,2,9,0,11,11,3,7,0,0,1,0,0,0,0,3,1,6,6,3,-1,-1,1988,1,7,-1,-1,-1,0,-1
2024010511904,2024,010511904,1,9,0,18,19,3,7,0,0,0,1,10,1,1,1,1,1,1,1,23,5,2497,1,7,-1,5,E01030725,0,2
2024440400944,2024,440400944,1,9,0,18,19,7,3,0,0,8,1,0,0,0,4,1,6,6,2,53,8,1988,1,5,-1,7,E01023277,0,2
2024421399602,2024,421399602,1,9,0,-1,19,5,1,-1,0,0,1,0,7,0,1,9,-1,9,1,52,8,3995,1,3,-1,6,E01021750,0,2
2024411524863,2024,411524863,1,9,0,-1,9,3,1,-1,0,6,0,0,0,0,1,1,-1,6,2,59,9,1988,1,5,-1,8,E01023465,0,1
2024411526554,2024,411526554,2,9,0,-1,19,5,1,-1,0,0,1,0,0,0,2,1,-1,1,1,55,8,1988,1,8,-1,2,E01015735,0,2
2024361569646,2024,361569646,2,2,0,-1,19,1,5,-1,0,0,0,0,0,0,2,1,-1,9,2,16,4,50,1,5,-1,2,E01026716,0,1
2024411527568,2024,411527568,2,9,0,-1,19,5,1,-1,0,8,0,0,0,0,1,1,-1,7,1,19,4,996,1,13,-1,2,E01023339,0,1
2024141450801,2024,141450801,1,9,0,-1,19,7,4,-1,0,2,1,0,1,0,1,1,-1,9,1,20,4,996,1,13,-1,5,E01007698,0,2
2024311453155,2024,311453155,1,5,0,-1,19,5,1,-1,9,4,1,0,7,0,3,1,-1,2,1,42,7,1299,1,19,SUZUKI GSX 1300,-1,-1,0,-1
2024221437548,2024,221437548,3,5,0,-1,14,3,7,-1,0,1,0,0,0,0,0,1,-1,9,1,47,8,1300,1,17,SUZUKI GSX 1300,3,E01009777,0,3
2024122400421,2024,122400421,2,5,0,4,4,5,1,7,6,1,0,0,0,0,2,1,6,6,3,-1,-1,1298,1,24,SUZUKI GSX 1300,-1,-1,0,-1
2024101436709,2024,101436709,1,5,0,-1,13,1,5,-1,0,0,1,0,1,0,1,1,-1,9,1,59,9,1340,1,16,SUZUKI GSX 1300,3,E01008532,0,4
2024430364180,2024,430364180,1,5,0,17,19,8,5,0,0,0,1,0,1,0,1,1,1,1,1,60,9,1340,1,13,SUZUKI GSX 1300,5,E01002682,0,4
2024311469614,2024,311469614,2,5,0,-1,14,7,3,-1,9,0,0,0,0,0,1,1,-1,2,1,61,9,1340,1,11,SUZUKI GSX 1300,-1,-1,0,-1
2024041506435,2024,041506435,1,5,0,-1,19,3,7,-1,0,0,0,0,0,0,1,1,-1,6,1,58,9,1298,1,24,SUZUKI GSX 1300,8,E01012613,0,1
2024421521459,2024,421521459,2,5,0,-1,14,7,3,-1,0,1,0,99,0,0,2,1,-1,2,1,33,6,1340,1,12,SUZUKI GSX 1300,5,E01021484,0,1
2024461432059,2024,461432059,2,5,0,-1,19,3,8,-1,0,3,1,0,0,0,4,1,-1,6,1,52,8,1340,1,2,SUZUKI GSX 1300,2,E01024585,0,4
2024061511480,2024,061511480,2,5,0,-1,19,5,5,-1,0,1,0,0,0,0,1,1,-1,9,1,46,8,1299,1,20,SUZUKI GSX 1300,1,E01005754,0,1
2024211453368,2024,211453368,2,5,0,-1,13,1,5,-1,0,0,0,0,0,0,1,1,-1,2,1,51,8,1340,1,16,SUZUKI GSX 1300,-1,-1,0,-1
2024430409737,2024,430409737,1,5,0,16,19,4,7,0,0,0,1,0,7,4,1,1,6,6,1,36,7,1340,1,1,SUZUKI GSX 1300,6,E01017674,0,3
2024231509840,2024,231509840,2,5,0,-1,19,4,1,-1,0,8,0,0,0,0,3,1,-1,6,1,64,9,1340,1,2,SUZUKI GSX 1300,8,E01031218,0,1
2024111409439,2024,111409439,2,5,0,-1,19,7,3,-1,0,1,1,0,0,0,1,1,-1,9,1,50,8,1340,1,10,SUZUKI GSX 1300,7,E01020709,0,1
2024052400892,2024,052400892,2,5,0,16,19,5,1,0,0,8,0,0,0,0,4,1,6,6,1,68,10,1340,1,8,SUZUKI GSX 1300,6,E01006596,0,3
2024610038524,2024,610038524,1,4,0,18,19,1,5,0,0,0,1,10,0,0,1,1,6,6,1,61,9,1298,1,25,SUZUKI GSX 1300,4,E01022251,0,3
2024552401030,2024,552401030,1,5,0,18,19,8,4,0,0,0,0,0,0,0,1,1,6,6,1,33,6,1340,1,11,SUZUKI GSX 1300,7,E01015462,0,1
2024320368401,2024,320368401,1,5,0,-1,-1,4,8,0,0,0,1,0,1,4,1,1,-1,-1,1,38,7,1340,1,16,SUZUKI GSX 1300,-1,-1,0,-1
2024411498684,2024,411498684,1,5,0,-1,4,4,8,-1,0,0,2,0,0,0,0,1,-1,6,2,64,9,1299,1,17,SUZUKI GSX 1300,7,E01023366,0,3
2024622400335,2024,622400335,1,5,0,9,9,3,8,0,0,7,0,0,0,0,1,1,6,6,1,59,9,1340,1,16,SUZUKI GSX 1300,5,W01001817,0,2
2024451444355,2024,451444355,1,5,0,-1,19,3,7,-1,0,0,5,10,7,10,1,1,-1,6,1,27,6,1340,1,14,SUZUKI GSX 1300,7,E01030465,0,2
2024122400844,2024,122400844,2,5,0,13,13,5,1,0,0,8,0,0,0,0,4,1,6,6,1,53,8,1299,1,17,SUZUKI GSX 1300,10,E01013411,0,2
2024991485863,2024,991485863,1,5,0,-1,19,7,3,-1,0,0,0,0,0,0,1,1,-1,6,1,57,9,1299,1,21,SUZUKI GSX 1300,2,-1,0,4
2024501478551,2024,501478551,1,5,0,-1,19,1,5,-1,0,8,0,11,0,0,1,1,-1,6,1,62,9,1340,1,8,SUZUKI GSX 1300,4,E01018954,0,2
2024010492504,2024,010492504,1,5,0,7,7,5,8,0,0,1,1,0,0,0,2,1,6,6,1,36,7,1340,1,10,SUZUKI GSX 1300,3,E01035641,0,2
2024631469961,2024,631469961,2,4,0,-1,19,2,6,-1,0,0,0,0,0,0,1,1,-1,9,1,64,9,1340,1,7,SUZUKI GSX 1300,7,W01001575,0,4
2024031512062,2024,031512062,1,5,0,-1,19,5,6,-1,0,0,5,0,8,0,2,1,-1,6,1,49,8,1299,1,19,SUZUKI GSX 1300,-1,-1,0,-1
2024211485715,2024,211485715,1,3,0,-1,19,1,5,-1,0,8,5,0,0,0,1,1,-1,9,1,24,5,124,1,11,-1,1,E01014261,0,1
2024311529045,2024,311529045,1,3,0,-1,19,6,8,-1,0,1,1,0,0,0,4,1,-1,2,1,26,6,124,1,13,-1,4,E01027996,0,1
2024501435757,2024,501435757,1,3,0,-1,19,7,3,-1,0,0,2,0,0,0,4,1,-1,9,1,73,10,124,1,14,-1,9,E01019951,0,2
2024351501146,2024,351501146,1,3,0,-1,19,6,2,-1,0,2,0,0,1,0,4,1,-1,2,1,17,4,124,1,12,-1,2,E01015680,0,2
2024122400966,2024,122400966,2,9,0,9,9,1,7,0,0,1,0,0,0,0,2,1,6,6,2,50,8,1364,1,8,VAUXHALL MOKKA,1,E01012121,0,4
2024552401389,2024,552401389,1,9,0,18,19,8,4,0,0,0,0,0,0,0,1,1,6,6,2,78,11,1598,1,10,VAUXHALL MOKKA,6,E01020566,0,1
2024520500224,2024,520500224,2,9,0,18,19,2,6,0,0,8,0,0,0,0,4,1,6,6,2,48,8,1598,2,8,VAUXHALL MOKKA,5,E01029054,0,3
2024531441751,2024,531441751,1,9,0,-1,13,5,1,-1,0,1,0,0,0,0,1,1,-1,6,2,27,6,1199,1,1,VAUXHALL MOKKA,9,E01022363,0,1
2024141557903,2024,141557903,2,9,0,-1,19,1,5,-1,0,8,0,0,0,0,3,1,-1,6,2,-1,-1,1199,1,0,VAUXHALL MOKKA,-1,-1,0,-1
2024991416343,2024,991416343,3,9,0,-1,3,8,4,-1,0,0,0,0,0,0,2,9,-1,6,2,47,8,1364,1,5,VAUXHALL MOKKA,2,-1,0,3
2024201427783,2024,201427783,2,9,0,-1,3,6,2,-1,0,0,0,0,0,0,2,9,-1,2,1,64,9,1364,1,6,VAUXHALL MOKKA,2,E01010452,0,1
2024451471854,2024,451471854,3,9,0,-1,3,1,5,-1,0,0,0,0,0,0,2,1,-1,2,2,33,6,1598,1,8,VAUXHALL MOKKA,8,E01030622,0,1
2024440540886,2024,440540886,1,9,0,9,9,7,4,0,0,8,0,0,0,0,1,1,6,6,1,61,9,1199,1,1,VAUXHALL MOKKA,7,E01023131,0,1
2024010536416,2024,010536416,2,9,0,99,99,9,9,99,99,9,9,99,9,99,1,9,6,6,2,50,8,1364,1,9,VAUXHALL MOKKA,5,E01003878,0,1
2024451484287,2024,451484287,2,9,0,-1,19,1,5,-1,0,1,0,0,0,0,1,1,-1,6,1,80,11,1364,1,9,VAUXHALL MOKKA,-1,-1,0,-1
2024101399665,2024,101399665,1,9,0,-1,19,7,3,-1,0,1,0,0,0,0,2,1,-1,1,2,44,7,1598,2,9,VAUXHALL MOKKA,3,E01027544,0,1
2024430589382,2024,430589382,2,9,0,9,9,5,3,0,0,5,0,0,0,0,1,1,6,6,1,74,10,1364,1,9,VAUXHALL MOKKA,8,E01017824,0,1
2024211452157,2024,211452157,2,9,0,-1,19,4,2,-1,0,8,5,0,0,0,4,2,-1,9,1,38,7,1199,1,1,VAUXHALL MOKKA,1,E01014336,0,1
2024461470690,2024,461470690,2,9,0,-1,9,1,7,-1,0,8,0,0,0,0,3,9,-1,6,1,60,9,1364,1,6,VAUXHALL MOKKA,2,E01024047,0,1
2024041535649,2024,041535649,1,9,0,-1,19,3,7,-1,0,1,0,4,0,0,1,1,-1,6,1,80,11,1598,2,7,VAUXHALL MOKKA,10,E01025434,0,2
2024131522894,2024,131522894,2,9,0,-1,2,3,7,-1,0,0,0,0,0,0,2,1,-1,6,-1,-1,-1,1598,1,8,VAUXHALL MOKKA,-1,-1,0,-1
2024010547799,2024,010547799,1,9,0,18,19,5,1,0,0,6,0,0,0,0,1,1,6,6,1,41,7,1598,2,8,VAUXHALL MOKKA,3,E01034392,0,2
2024440291583,2024,440291583,1,9,0,4,4,7,3,0,0,0,0,11,1,10,1,1,6,6,1,86,11,1364,1,6,VAUXHALL MOKKA,10,E01023194,0,1
2024332400536,2024,332400536,1,9,0,-1,5,6,2,-1,0,6,0,0,0,0,1,1,-1,6,2,54,8,1364,1,6,VAUXHALL MOKKA,2,E01013634,0,1
2024421490441,2024,421490441,1,9,0,-1,3,3,7,-1,0,0,0,0,0,0,4,1,-1,6,1,28,6,1598,1,11,VAUXHALL MOKKA,7,E01015866,0,1
2024041399405,2024,041399405,2,9,0,-1,19,1,5,-1,0,0,0,0,0,0,4,1,-1,2,2,33,6,1364,1,7,VAUXHALL MOKKA,3,E01025011,0,2
2024010517647,2024,010517647,1,9,0,18,19,3,7,0,0,0,0,0,0,0,1,1,6,6,2,23,5,1199,1,0,VAUXHALL MOKKA,-1,-1,0,-1
2024201497606,2024,201497606,1,9,0,-1,9,8,1,-1,0,6,0,0,0,0,1,1,-1,6,1,65,9,1598,1,9,VAUXHALL MOKKA,5,E01009473,0,3
2024111529216,2024,111529216,2,9,0,-1,4,8,5,-1,0,0,0,0,0,0,1,1,-1,9,2,59,9,1199,1,1,VAUXHALL MOKKA,3,E01034504,0,3
2024461447977,2024,461447977,1,9,0,-1,7,5,1,-1,5,0,0,0,0,0,1,1,-1,9,1,34,6,1199,1,1,VAUXHALL MOKKA,2,E01024170,0,1
2024471478468,2024,471478468,1,9,0,-1,14,5,7,-1,0,0,0,0,0,0,1,1,-1,9,1,51,8,1364,1,7,VAUXHALL MOKKA,2,E01016906,0,1
2024010535669,2024,010535669,1,9,0,4,4,1,5,0,0,1,0,0,0,0,1,1,6,6,1,37,7,1364,1,6,VAUXHALL MOKKA,5,E01004348,0,4
2024221491913,2024,221491913,2,9,0,-1,19,4,8,-1,0,8,0,0,0,0,1,1,-1,6,1,26,6,1598,2,8,VAUXHALL MOKKA,9,E01028860,0,1
2024131484026,2024,131484026,1,9,0,-1,19,7,3,-1,0,4,2,9,1,4,1,1,-1,9,1,27,6,1364,1,10,VAUXHALL MOKKA,6,E01033308,0,5
2024440214402,2024,440214402,2,9,0,3,3,2,6,0,0,1,0,0,0,0,2,1,6,6,2,49,8,1364,1,9,VAUXHALL MOKKA,5,E01022956,0,1
2024010540903,2024,010540903,1,9,0,99,99,9,9,99,99,0,9,99,9,99,4,9,2,2,2,55,8,1199,1,3,VAUXHALL MOKKA,1,E01002095,0,3
2024340WN2982,2024,340WN2982,2,9,0,-1,11,7,3,-1,0,0,0,0,0,0,2,1,-1,2,2,39,7,1364,1,5,VAUXHALL MOKKA,9,E01027167,0,1
2024440103576,2024,440103576,1,9,0,17,19,8,4,0,0,0,0,10,2,10,1,1,6,6,2,44,7,1364,1,7,VAUXHALL MOKKA,8,E01022633,0,2
2024471517242,2024,471517242,2,9,0,-1,19,3,7,-1,0,1,0,0,0,0,1,1,-1,6,1,52,8,1364,1,9,VAUXHALL MOKKA,2,E01021049,0,1
2024311435523,2024,311435523,1,9,0,-1,3,4,2,-1,-1,0,0,0,0,0,0,1,-1,7,2,44,7,-1,3,1,VAUXHALL MOKKA,2,E01028230,0,1
2024061443331,2024,061443331,1,9,0,-1,2,-1,-1,-1,9,0,0,0,0,0,3,1,-1,9,2,67,10,1686,2,11,VAUXHALL MOKKA,3,E01004777,0,1
2024440062870,2024,440062870,1,9,0,18,19,5,1,0,0,1,0,0,0,0,1,1,6,6,1,79,11,1199,1,2,VAUXHALL MOKKA,5,E01022543,0,1
2024531407806,2024,531407806,1,9,0,-1,9,1,7,-1,0,8,0,0,0,0,1,1,-1,9,2,45,7,1364,1,8,VAUXHALL MOKKA,8,E01034810,0,1
202417M204624,2024,17M204624,1,9,0,18,19,8,4,0,0,0,0,0,0,0,4,1,6,6,2,21,5,1364,1,6,VAUXHALL MOKKA,1,E01012050,0,1
2024061459147,2024,061459147,1,9,0,-1,3,-1,-1,-1,0,1,0,4,0,0,2,1,-1,9,1,73,10,1598,2,8,VAUXHALL MOKKA,9,E01005545,0,1
2024010539765,2024,010539765,2,9,3,18,19,1,5,0,0,8,0,0,0,0,1,1,6,6,2,48,8,1364,1,9,VAUXHALL MOKKA,3,E01000099,0,1
2024311431273,2024,311431273,1,9,0,-1,1,6,6,-1,0,0,0,4,0,0,4,1,-1,9,1,39,7,1364,1,9,VAUXHALL MOKKA,1,E01013940,0,2
2024201506931,2024,201506931,2,9,0,-1,3,8,4,-1,0,1,0,0,0,0,2,1,-1,6,3,-1,-1,1364,1,8,VAUXHALL MOKKA,-1,-1,0,-1
2024010525007,2024,010525007,3,9,0,7,7,3,5,0,0,1,0,0,0,0,1,1,1,1,2,54,8,1364,1,9,VAUXHALL MOKKA,8,E01023292,0,3
2024622400512,2024,622400512,2,9,0,2,2,0,0,0,0,0,0,0,0,0,1,1,6,6,2,83,11,1199,1,1,VAUXHALL MOKKA,9,W01000819,0,1
2024991546508,2024,991546508,1,9,0,-1,9,3,1,-1,0,6,0,0,0,0,1,1,-1,9,1,36,7,1364,1,6,VAUXHALL MOKKA,7,-1,0,1
2024543776924,2024,543776924,1,9,0,5,5,0,6,0,0,0,0,0,0,0,4,1,6,6,1,49,8,1598,2,9,VAUXHALL MOKKA,7,E01015552,0,1
2024421454313,2024,421454313,2,9,0,-1,19,7,3,-1,0,1,0,0,0,0,1,1,-1,6,2,53,8,1598,1,7,VAUXHALL MOKKA,6,E01021668,0,1
2024311412142,2024,311412142,1,9,0,-1,19,7,3,-1,0,1,0,0,0,0,1,1,-1,6,2,58,9,1199,1,1,VAUXHALL MOKKA,2,E01013916,0,1
2024010527520,2024,010527520,1,9,0,9,9,2,8,0,0,8,0,0,0,0,1,1,6,6,2,35,6,1364,1,9,VAUXHALL MOKKA,6,E01004049,0,2
202417M116124,2024,17M116124,1,9,0,-1,19,4,8,-1,0,0,0,0,0,0,2,1,-1,9,2,61,9,1364,1,7,VAUXHALL MOKKA,8,E01012067,0,1
2024052401492,2024,052401492,1,9,0,9,9,7,5,0,0,1,0,0,0,0,1,1,6,6,1,80,11,1199,1,2,VAUXHALL MOKKA,2,E01007276,0,1
2024320119158,2024,320119158,2,9,0,9,9,3,1,0,0,6,0,0,0,0,2,1,-1,-1,2,43,7,1364,1,6,VAUXHALL MOKKA,5,E01013132,0,2
2024041422339,2024,041422339,1,9,0,-1,19,5,1,-1,0,4,0,0,0,0,1,1,-1,9,1,59,9,1598,1,11,VAUXHALL MOKKA,4,E01025030,0,2
2024501492619,2024,501492619,2,9,0,-1,19,8,4,-1,0,2,0,0,0,0,2,1,-1,9,1,71,10,1598,1,10,VAUXHALL MOKKA,7,E01015112,0,2
2024471434520,2024,471434520,1,9,0,-1,19,8,4,-1,0,0,0,0,0,0,1,1,-1,9,2,30,6,1199,1,3,VAUXHALL MOKKA,9,E01030929,0,4
2024401432959,2024,401432959,2,9,0,-1,5,-1,-1,-1,0,0,0,0,0,0,4,9,-1,6,1,71,10,1364,1,7,VAUXHALL MOKKA,7,E01017578,0,1
2024361405969,2024,361405969,1,9,0,-1,19,5,1,-1,0,0,0,0,0,0,4,1,-1,6,2,82,11,1364,1,9,VAUXHALL MOKKA,6,E01026781,0,1
2024041436973,2024,041436973,1,9,0,-1,19,4,2,-1,1,1,0,11,0,0,1,1,-1,6,2,43,7,1364,1,7,VAUXHALL MOKKA,1,E01033672,0,4
2024101476735,2024,101476735,1,9,0,-1,19,1,3,-1,0,1,0,0,0,0,1,1,-1,6,2,27,6,1364,1,7,VAUXHALL MOKKA,9,E01008442,0,1
2024131542206,2024,131542206,1,9,0,-1,19,5,5,-1,0,1,0,0,0,0,1,1,-1,1,1,57,9,1686,2,9,VAUXHALL MOKKA,9,E01011302,0,3
2024010539661,2024,010539661,1,9,0,18,19,5,1,0,0,1,0,0,0,0,1,1,6,6,2,58,9,1199,1,3,VAUXHALL MOKKA,3,E01003922,0,3
2024548471024,2024,548471024,1,9,0,18,19,2,6,0,0,0,5,4,0,0,1,1,6,6,2,54,8,1686,2,11,VAUXHALL MOKKA,6,E01015496,0,1
2024440442833,2024,440442833,1,9,0,18,19,5,1,0,0,0,0,0,0,0,4,1,6,6,2,32,6,1686,2,10,VAUXHALL MOKKA,1,E01017245,0,1
2024161412601,2024,161412601,2,9,0,-1,2,0,0,-1,0,0,0,0,0,0,2,1,-1,6,-1,-1,-1,1364,1,7,VAUXHALL MOKKA,-1,-1,0,-1
2024421520732,2024,421520732,1,9,0,-1,5,3,7,-1,0,3,0,0,0,0,2,1,-1,6,1,38,7,-1,3,0,VAUXHALL MOKKA,2,E01002282,0,3
202460Q156747,2024,60Q156747,1,9,0,18,19,6,4,0,0,0,0,0,0,0,1,1,6,6,1,35,6,1598,1,8,VAUXHALL MOKKA,-1,-1,0,-1
2024061499582,2024,061499582,1,9,0,-1,2,6,6,-1,9,0,0,0,0,0,1,1,-1,6,2,76,11,1199,1,2,VAUXHALL MOKKA,7,E01006183,0,1
2024332400563,2024,332400563,2,9,0,-1,1,5,1,-1,0,0,0,0,0,0,2,1,-1,6,3,-1,-1,1364,1,9,VAUXHALL MOKKA,-1,-1,0,-1
2024221487094,2024,221487094,1,9,0,-1,19,2,6,-1,0,0,5,0,8,9,1,1,-1,9,2,71,10,1598,1,7,VAUXHALL MOKKA,5,E01028843,0,1
2024122400856,2024,122400856,1,9,0,4,4,7,3,0,0,1,0,0,0,0,1,1,6,6,2,77,11,1686,2,9,VAUXHALL MOKKA,8,E01028018,0,5
2024061504680,2024,061504680,1,9,0,-1,19,7,3,-1,0,0,0,0,0,0,2,1,-1,9,1,28,6,1686,2,10,VAUXHALL MOKKA,1,E01005167,0,1
2024421482355,2024,421482355,2,9,0,-1,9,1,6,-1,0,1,0,0,0,0,2,1,-1,2,2,44,7,1364,1,5,VAUXHALL MOKKA,5,E01021426,0,1
2024070995153,2024,070995153,1,9,9,-1,99,8,8,-1,99,9,9,99,9,99,9,1,-1,2,1,59,9,1364,1,7,VAUXHALL MOKKA,2,E01018714,0,2
2024302401272,2024,302401272,1,9,0,1,1,2,6,0,0,6,0,0,0,0,4,1,1,1,2,35,6,1364,1,9,VAUXHALL MOKKA,7,E01019859,0,1
2024302401095,2024,302401095,1,9,0,6,6,6,6,0,0,0,0,0,0,0,3,1,6,6,1,41,7,1199,1,1,VAUXHALL MOKKA,1,E01013535,0,1
2024201519126,2024,201519126,2,9,0,-1,19,5,1,-1,0,1,0,0,0,0,3,1,-1,7,2,43,7,1598,2,8,VAUXHALL MOKKA,1,E01008931,0,1
2024101403124,2024,101403124,2,9,0,-1,3,5,1,-1,0,4,0,0,0,0,2,1,-1,6,1,28,6,1199,1,1,VAUXHALL MOKKA,1,E01008858,0,1
2024401474786,2024,401474786,2,9,0,-1,4,7,3,-1,0,0,0,0,0,0,2,1,-1,6,2,40,7,1199,1,0,VAUXHALL MOKKA,2,E01017472,0,2
2024361466513,2024,361466513,1,9,0,-1,19,5,7,-1,0,3,5,0,3,0,1,1,-1,6,1,54,8,-1,3,1,VAUXHALL MOKKA,5,E01026466,0,4
2024461437236,2024,461437236,1,9,0,-1,19,7,3,-1,0,0,0,0,0,0,1,1,-1,6,2,65,9,1199,1,1,VAUXHALL MOKKA,7,E01024224,0,1
2024010521735,2024,010521735,1,9,0,18,19,3,7,0,0,1,0,0,0,0,1,1,6,6,2,46,8,1598,1,10,VAUXHALL MOKKA,-1,-1,0,-1
2024141499360,2024,141499360,1,9,0,-1,19,7,3,-1,0,1,0,0,0,0,1,9,-1,6,2,39,7,-1,3,3,VAUXHALL MOKKA,5,E01007996,0,1
2024340NN0482,2024,340NN0482,1,9,0,-1,20,5,1,-1,0,0,0,0,0,0,1,1,-1,9,2,82,11,1199,1,2,VAUXHALL MOKKA,8,E01027308,0,3
2024531491723,2024,531491723,3,9,0,-1,3,4,8,-1,0,6,0,0,0,0,3,1,-1,9,1,61,9,1199,1,2,VAUXHALL MOKKA,-1,-1,0,-1
2024141468946,2024,141468946,1,9,0,-1,5,4,8,-1,0,0,0,0,0,0,2,1,-1,9,1,48,8,-1,3,0,VAUXHALL MOKKA,4,E01007434,0,3
2024421489109,2024,421489109,1,9,0,-1,-1,-1,-1,-1,-1,0,-1,-1,-1,0,-1,9,-1,6,1,86,11,1364,1,5,VAUXHALL MOKKA,8,E01021532,0,1
2024131499750,2024,131499750,3,9,0,-1,2,0,0,-1,0,0,0,0,0,0,3,1,-1,6,-1,-1,-1,1686,2,11,VAUXHALL MOKKA,-1,-1,0,-1
2024311412999,2024,311412999,1,9,0,-1,19,8,4,-1,0,0,0,0,0,0,1,1,-1,6,2,80,11,-1,3,1,VAUXHALL MOKKA,10,E01028137,0,1
2024131440467,2024,131440467,1,9,0,-1,19,1,5,-1,0,0,0,0,0,0,1,1,-1,9,2,24,5,1364,1,7,VAUXHALL MOKKA,1,E01010680,0,1
2024461434446,2024,461434446,2,9,0,-1,4,5,1,-1,0,1,0,0,0,0,3,9,-1,9,2,54,8,1686,2,11,VAUXHALL MOKKA,3,E01015921,0,3
2024010525747,2024,010525747,1,9,0,18,19,4,8,0,0,1,0,0,0,0,1,1,6,6,2,45,7,1364,1,8,VAUXHALL MOKKA,9,E01030331,0,2
2024501492236,2024,501492236,1,9,0,-1,19,2,6,-1,0,6,0,0,0,0,1,1,-1,6,1,18,4,1598,1,11,VAUXHALL MOKKA,5,E01034854,0,2
2024010526429,2024,010526429,2,9,0,99,99,9,9,99,99,9,9,99,9,99,9,9,6,6,3,-1,-1,1364,1,6,VAUXHALL MOKKA,-1,-1,0,-1
2024522500326,2024,522500326,2,9,0,9,9,2,8,0,0,6,0,0,0,0,1,1,6,6,2,39,7,1364,1,9,VAUXHALL MOKKA,5,E01033339,0,1
2024101429879,2024,101429879,1,9,0,-1,5,1,5,-1,0,0,0,0,0,0,2,9,-1,6,2,28,6,1598,1,11,VAUXHALL MOKKA,10,E01008371,0,2
2024061462869,2024,061462869,1,9,0,-1,5,7,3,-1,0,0,0,0,0,0,4,1,-1,9,1,26,6,1598,1,9,VAUXHALL MOKKA,1,E01006027,0,1
2024440532131,2024,440532131,2,9,0,18,19,3,8,0,0,8,0,0,0,0,3,1,2,2,2,23,5,-1,3,0,VAUXHALL MOKKA,10,E01020415,0,4
2024552401021,2024,552401021,2,9,0,9,9,3,2,0,0,8,0,0,0,0,3,1,6,6,1,51,8,1364,1,6,VAUXHALL MOKKA,5,E01015334,0,1
2024070082093,2024,070082093,4,9,0,18,19,7,3,0,0,0,0,0,0,0,0,1,6,6,1,47,8,1598,2,9,VAUXHALL MOKKA,2,E01018739,0,2
2024111432343,2024,111432343,1,9,0,-1,19,2,2,-1,0,2,0,0,0,0,1,1,-1,2,2,28,6,1364,1,8,VAUXHALL MOKKA,-1,-1,0,-1
2024010536104,2024,010536104,1,9,0,18,19,7,3,0,0,0,0,11,0,0,4,1,6,6,1,63,9,1199,1,1,VAUXHALL MOKKA,3,E01001722,0,1
2024451531824,2024,451531824,2,9,0,-1,4,6,1,-1,0,0,0,0,0,0,1,1,-1,9,2,44,7,1598,1,10,VAUXHALL MOKKA,10,E01030374,0,1
2024010506747,2024,010506747,2,9,0,18,19,3,7,0,0,1,0,0,0,0,1,1,6,6,3,-1,-1,1199,1,1,VAUXHALL MOKKA,-1,-1,0,-1
2024221523319,2024,221523319,2,9,0,-1,6,6,6,-1,0,8,0,0,0,0,2,1,-1,9,2,53,8,1598,2,8,VAUXHALL MOKKA,6,E01032480,0,1
2024131431379,2024,131431379,1,9,0,-1,19,6,2,-1,0,0,0,0,0,0,3,1,-1,9,2,55,8,1199,1,1,VAUXHALL MOKKA,3,E01011267,0,1
2024161526762,2024,161526762,2,9,0,-1,19,1,5,-1,0,8,0,0,0,0,1,1,-1,9,2,35,6,1199,1,1,VAUXHALL MOKKA,1,E01012858,0,1
2024010528637,2024,010528637,1,9,0,18,19,5,1,0,0,2,0,0,3,11,1,1,6,6,2,56,9,1364,1,10,VAUXHALL MOKKA,3,E01003997,0,3
2024631470473,2024,631470473,1,9,0,-1,9,2,7,-1,0,5,0,0,0,0,1,1,-1,1,2,21,5,1364,1,5,VAUXHALL MOKKA,5,W01000599,0,1