collision_index,collision_year,collision_ref_no,vehicle_reference,vehicle_type,towing_and_articulation,vehicle_manoeuvre_historic,vehicle_manoeuvre,vehicle_direction_from,vehicle_direction_to,vehicle_location_restricted_lane_historic,vehicle_location_restricted_lane,junction_location,skidding_and_overturning,hit_object_in_carriageway,vehicle_leaving_carriageway,hit_object_off_carriageway,first_point_of_impact,vehicle_left_hand_drive,journey_purpose_of_driver_historic,journey_purpose_of_driver,sex_of_driver,age_of_driver,age_band_of_driver,engine_capacity_cc,propulsion_code,age_of_vehicle,generic_make_model,driver_imd_decile,lsoa_of_driver,escooter_flag,driver_distance_banding
2024141428056,2024,141428056,1,9,0,-1,19,4,8,-1,0,0,5,4,0,0,1,1,-1,6,3,-1,-1,1199,1,1,VAUXHALL MOKKA,-1,-1,0,-1
2024010551026,2024,010551026,2,9,0,2,2,0,0,0,0,0,0,0,0,0,3,1,6,6,3,-1,-1,1598,1,8,VAUXHALL MOKKA,-1,-1,0,-1
2024371539066,2024,371539066,3,9,0,-1,19,7,3,-1,0,1,0,0,0,0,2,1,-1,2,1,36,7,1364,1,9,VAUXHALL MOKKA,7,E01029875,0,1
2024141466095,2024,141466095,2,9,0,-1,-1,7,3,-1,-1,1,0,0,8,0,4,1,-1,-1,2,65,9,1199,1,1,VAUXHALL MOKKA,8,E01011200,0,2
2024211507687,2024,211507687,1,9,0,-1,19,1,5,-1,0,0,0,0,1,0,1,1,-1,6,2,56,9,1598,2,5,VAUXHALL MOKKA,6,E01029461,0,3
2024041405994,2024,041405994,2,9,0,-1,4,7,3,-1,0,1,0,0,0,0,2,1,-1,9,2,55,8,1364,1,7,VAUXHALL MOKKA,8,E01025344,0,4
2024351458306,2024,351458306,1,9,0,-1,19,1,5,-1,0,1,0,0,1,0,1,1,-1,9,1,65,9,1199,1,1,VAUXHALL MOKKA,4,E01018084,0,1
2024471532596,2024,471532596,2,9,0,-1,4,7,3,-1,0,0,0,0,0,0,2,1,-1,9,2,39,7,1364,1,7,VAUXHALL MOKKA,4,E01031569,0,1
2024522401854,2024,522401854,3,9,0,18,19,4,8,0,0,1,0,0,0,0,1,1,6,6,2,60,9,1199,1,2,VAUXHALL MOKKA,3,E01014407,0,2
2024201509131,2024,201509131,1,9,0,-1,19,4,8,-1,0,0,0,0,0,0,1,1,-1,6,1,38,7,1598,1,9,VAUXHALL MOKKA,7,E01009805,0,1
2024311434963,2024,311434963,1,9,0,-1,19,3,1,-1,9,0,0,10,1,0,1,1,-1,6,1,16,4,1199,1,2,VAUXHALL MOKKA,10,E01028377,0,2
2024111521079,2024,111521079,1,9,0,-1,19,3,7,-1,0,1,0,0,0,0,1,1,-1,6,2,51,8,1364,1,5,VAUXHALL MOKKA,5,E01020676,0,2
2024041470424,2024,041470424,1,9,0,-1,19,2,6,-1,0,1,0,0,0,0,1,1,-1,9,1,43,7,-1,3,2,VAUXHALL MOKKA,3,E01025087,0,1
2024548032724,2024,548032724,1,9,0,9,9,7,5,0,0,8,0,0,0,0,1,1,6,6,1,58,9,1199,1,0,VAUXHALL MOKKA,-1,-1,0,-1
2024231509538,2024,231509538,1,9,0,-1,9,8,5,-1,0,5,0,0,0,0,1,9,-1,6,2,29,6,-1,3,0,VAUXHALL MOKKA,9,E01031227,0,1
2024631522522,2024,631522522,2,9,0,-1,19,2,6,-1,0,0,1,0,1,10,3,1,-1,6,2,33,6,1598,2,8,VAUXHALL MOKKA,5,E01033530,0,2
2024141536311,2024,141536311,1,9,0,-1,19,6,2,-1,0,0,0,0,0,0,1,1,-1,2,1,59,9,1364,1,10,VAUXHALL MOKKA,3,E01007368,0,1
2024501436450,2024,501436450,1,9,0,-1,19,1,4,-1,0,0,0,0,0,0,1,1,-1,6,2,66,10,1686,2,11,VAUXHALL MOKKA,1,E01015058,0,1
2024622400810,2024,622400810,1,9,0,5,5,8,4,0,0,8,0,0,0,0,1,1,6,6,2,64,9,1598,2,7,VAUXHALL MOKKA,1,W01001221,0,4
2024211534373,2024,211534373,1,9,0,-1,15,5,1,-1,0,0,0,0,0,0,3,1,-1,6,1,28,6,-1,3,2,VAUXHALL MOKKA,6,E01014310,0,2
2024311532948,2024,311532948,1,9,0,-1,9,5,1,-1,0,8,0,0,0,0,2,1,-1,6,1,49,8,-1,3,0,VAUXHALL MOKKA,6,E01028078,0,1
2024991441780,2024,991441780,2,9,0,-1,2,0,0,-1,0,0,0,0,0,0,4,1,-1,6,-1,-1,-1,1199,1,1,VAUXHALL MOKKA,-1,-1,0,-1
2024421399490,2024,421399490,2,9,0,-1,19,5,1,-1,0,1,0,0,7,0,1,1,-1,6,2,33,6,1598,1,6,VAUXHALL MOKKA,7,E01023298,0,2
2024461462475,2024,461462475,2,9,0,-1,3,7,3,-1,0,0,0,0,0,0,2,9,-1,6,2,43,7,1364,1,8,VAUXHALL MOKKA,5,E01024588,0,3
2024010512052,2024,010512052,2,9,0,2,2,0,0,9,9,0,0,0,0,0,1,1,6,6,3,-1,-1,1364,1,9,VAUXHALL MOKKA,-1,-1,0,-1
2024041452633,2024,041452633,2,9,0,-1,19,7,3,-1,0,1,5,0,0,0,1,1,-1,9,2,38,7,1686,2,10,VAUXHALL MOKKA,1,E01012746,0,1
2024211528093,2024,211528093,1,9,0,-1,19,3,7,-1,0,8,0,0,0,0,3,1,-1,9,2,39,7,1199,1,1,VAUXHALL MOKKA,-1,-1,0,-1
2024052401921,2024,052401921,2,9,0,3,3,1,5,0,0,1,0,0,0,0,1,1,6,6,1,69,10,-1,3,1,VAUXHALL MOKKA,8,E01007067,0,2
2024461423153,2024,461423153,1,9,0,-1,19,1,5,-1,0,0,0,0,0,0,1,1,-1,9,2,59,9,1598,2,9,VAUXHALL MOKKA,6,E01024491,0,3
2024351516221,2024,351516221,2,9,0,-1,4,5,2,-1,0,0,0,0,0,0,2,1,-1,9,2,25,5,1199,1,1,VAUXHALL MOKKA,7,E01015590,0,3
2024010537378,2024,010537378,1,9,0,99,99,9,9,99,99,9,9,99,9,99,2,9,6,6,2,38,7,1199,1,1,VAUXHALL MOKKA,3,E01003108,0,1
2024101509625,2024,101509625,1,9,0,-1,7,7,1,-1,0,6,0,0,0,0,3,1,-1,9,1,57,9,-1,3,0,VAUXHALL MOKKA,1,E01008333,0,1
2024010522579,2024,010522579,1,9,0,4,4,7,3,0,0,8,0,0,0,0,4,1,6,6,2,41,7,1364,1,10,VAUXHALL MOKKA,4,E01003785,0,1
2024052401392,2024,052401392,1,9,0,18,19,3,7,0,0,8,0,10,7,4,1,1,6,6,1,25,5,-1,3,2,VAUXHALL MOKKA,1,E01007291,0,1
2024610023924,2024,610023924,3,9,0,16,19,8,3,0,0,1,0,0,0,0,1,1,1,1,2,30,6,1199,1,3,VAUXHALL MOKKA,2,W01001451,0,1
2024501456563,2024,501456563,2,9,0,-1,4,1,5,-1,0,0,1,0,0,0,1,1,-1,6,1,60,9,1364,1,10,VAUXHALL MOKKA,6,E01020099,0,4
2024302401060,2024,302401060,1,9,0,9,9,3,1,0,0,8,0,0,0,0,1,1,6,6,1,36,7,1364,1,8,VAUXHALL MOKKA,6,E01013476,0,1
2024461429983,2024,461429983,2,9,0,-1,3,5,1,-1,0,0,0,0,0,0,2,9,-1,9,2,39,7,1364,1,5,VAUXHALL MOKKA,8,E01024414,0,1
2024010497823,2024,010497823,2,9,0,99,99,9,9,99,99,9,9,99,9,99,9,9,6,6,3,-1,-1,1598,1,9,VAUXHALL MOKKA,-1,-1,0,-1
2024991541745,2024,991541745,2,9,0,-1,19,4,8,-1,0,8,0,0,0,0,1,1,-1,6,2,24,5,-1,3,0,VAUXHALL MOKKA,1,-1,0,1
2024461511765,2024,461511765,1,9,0,-1,19,5,1,-1,0,0,0,0,0,0,1,1,-1,6,2,54,8,1364,1,9,VAUXHALL MOKKA,7,E01024224,0,2
2024461462503,2024,461462503,3,9,0,-1,4,7,5,-1,0,0,0,0,0,0,2,1,-1,6,1,61,9,1199,1,0,VAUXHALL MOKKA,-1,-1,0,-1
2024991445929,2024,991445929,1,9,0,-1,5,7,4,-1,0,6,0,0,0,0,2,1,-1,6,2,60,9,1199,1,0,VAUXHALL MOKKA,4,-1,0,1
2024440165422,2024,440165422,1,9,0,7,7,4,6,5,5,5,0,0,0,0,4,1,6,6,1,65,9,1686,2,11,VAUXHALL MOKKA,7,E01022713,0,1
2024361492321,2024,361492321,1,9,0,-1,19,3,7,-1,0,0,0,0,0,0,4,1,-1,6,1,39,7,1199,1,0,VAUXHALL MOKKA,4,E01026656,0,4
2024440320692,2024,440320692,2,9,0,17,19,6,2,0,0,1,0,0,0,0,1,1,6,6,1,55,8,1364,1,7,VAUXHALL MOKKA,9,E01022643,0,2
2024522402154,2024,522402154,1,9,0,17,19,6,3,0,0,8,0,0,0,0,3,1,6,6,1,33,6,1364,1,5,VAUXHALL MOKKA,8,E01014394,0,3
2024221469150,2024,221469150,2,9,0,-1,19,6,2,-1,0,0,0,4,0,0,1,1,-1,6,1,80,11,1364,1,9,VAUXHALL MOKKA,5,E01032244,0,1
2024401456801,2024,401456801,1,9,0,-1,1,7,8,-1,0,0,0,0,0,0,2,1,-1,6,3,-1,-1,-1,3,1,VAUXHALL MOKKA,-1,-1,0,-1
2024131428847,2024,131428847,2,9,0,-1,19,4,8,-1,0,1,0,0,0,0,2,1,-1,6,1,39,7,1598,1,7,VAUXHALL MOKKA,7,E01011755,0,3
2024421409839,2024,421409839,1,9,0,-1,19,8,4,-1,0,0,2,0,1,4,1,1,-1,9,1,55,8,1199,1,2,VAUXHALL MOKKA,7,E01021967,0,1
2024991531958,2024,991531958,1,9,0,-1,9,6,2,-1,0,5,1,0,0,0,1,1,-1,6,2,62,9,1364,1,6,VAUXHALL MOKKA,1,-1,0,1
2024010507408,2024,010507408,1,9,0,3,3,1,5,0,0,1,0,4,0,0,1,1,6,6,1,28,6,1598,2,9,VAUXHALL MOKKA,3,E01002540,0,1
2024010536644,2024,010536644,2,9,0,99,99,9,9,99,99,9,9,99,9,99,1,9,6,6,3,-1,-1,1364,1,9,VAUXHALL MOKKA,-1,-1,0,-1
2024131450089,2024,131450089,2,9,0,-1,19,2,2,-1,0,0,0,0,0,0,3,1,-1,9,1,78,11,1199,1,2,VAUXHALL MOKKA,3,E01010987,0,1
2024991518219,2024,991518219,1,9,0,-1,5,2,7,-1,0,4,0,0,0,0,3,1,-1,9,2,69,10,1199,1,3,VAUXHALL MOKKA,5,-1,0,1
2024010511091,2024,010511091,1,9,0,18,19,3,7,0,0,1,0,0,0,0,1,1,6,6,1,25,5,1199,1,1,VAUXHALL MOKKA,5,E01004564,0,2
2024631520084,2024,631520084,1,9,0,-1,19,6,2,-1,0,5,2,0,1,10,1,1,-1,2,1,41,7,1598,2,9,VAUXHALL MOKKA,8,W01001935,0,3
2024991400816,2024,991400816,1,9,0,-1,7,8,3,-1,0,4,0,9,0,0,1,1,-1,6,1,48,8,1364,1,6,VAUXHALL MOKKA,5,-1,0,1
2024052400564,2024,052400564,2,9,0,5,5,6,2,0,0,1,0,0,0,0,2,1,6,6,2,50,8,1598,1,9,VAUXHALL MOKKA,1,E01006436,0,1
2024471520013,2024,471520013,2,9,0,-1,4,3,7,-1,0,0,0,0,0,0,2,1,-1,2,2,28,6,1364,1,7,VAUXHALL MOKKA,6,E01020950,0,3
2024522403375,2024,522403375,2,9,0,9,9,4,2,0,0,5,0,0,0,0,3,1,6,6,1,34,6,1598,2,9,VAUXHALL MOKKA,4,W01001523,0,4
2024311443006,2024,311443006,2,9,0,-1,19,3,7,-1,0,1,0,4,0,0,1,1,-1,6,1,48,8,1598,1,10,VAUXHALL MOKKA,1,E01013820,0,2
2024061475935,2024,061475935,2,9,-1,-1,-1,-1,-1,-1,-1,0,-1,-1,-1,0,-1,9,-1,6,2,53,8,1199,1,1,VAUXHALL MOKKA,2,E01005671,0,1
2024622400184,2024,622400184,1,9,0,1,1,2,6,0,0,0,0,0,0,0,2,1,6,6,1,55,8,1364,1,6,VAUXHALL MOKKA,8,W01000472,0,4
2024610057624,2024,610057624,1,9,0,18,19,5,1,0,0,0,0,0,0,0,3,1,6,6,1,65,9,1598,2,7,VAUXHALL MOKKA,2,W01001325,0,1
2024471486035,2024,471486035,2,9,0,-1,19,4,8,-1,0,0,0,0,0,0,1,1,-1,9,1,57,9,1364,1,7,VAUXHALL MOKKA,4,E01015926,0,4
2024311521514,2024,311521514,1,9,0,-1,19,1,5,-1,0,1,0,0,0,0,2,1,-1,6,2,53,8,1364,1,7,VAUXHALL MOKKA,-1,-1,0,-1
2024440121415,2024,440121415,2,9,0,18,19,3,7,0,0,8,0,0,0,0,1,1,6,6,2,60,9,-1,3,3,VAUXHALL MOKKA,10,E01022663,0,1
2024061490222,2024,061490222,2,9,0,-1,19,2,6,-1,0,1,0,0,0,0,1,1,-1,6,1,45,7,1598,1,11,VAUXHALL MOKKA,8,E01004835,0,1
2024101443986,2024,101443986,2,9,0,-1,4,3,1,-1,0,0,0,0,0,0,2,1,-1,2,2,42,7,1364,1,9,VAUXHALL MOKKA,4,E01008470,0,1
2024070312408,2024,070312408,2,9,0,2,2,3,7,0,0,1,0,0,0,0,2,1,6,6,1,52,8,1686,2,12,VAUXHALL MOKKA,5,E01012478,0,1
2024161479459,2024,161479459,1,9,0,-1,9,3,1,-1,0,0,0,0,0,0,2,1,-1,6,2,62,9,1364,1,7,VAUXHALL MOKKA,6,E01013253,0,2
2024501477845,2024,501477845,1,9,0,-1,5,2,4,-1,0,0,0,0,0,0,1,1,-1,9,2,71,10,1598,2,8,VAUXHALL MOKKA,5,E01020196,0,3
2024991483695,2024,991483695,1,9,0,-1,19,1,5,-1,0,8,0,0,0,0,3,1,-1,6,1,38,7,1598,1,10,VAUXHALL MOKKA,8,-1,0,1
2024451514095,2024,451514095,2,9,0,-1,9,1,5,-1,0,8,0,0,0,0,1,1,-1,9,2,35,6,1364,1,9,VAUXHALL MOKKA,4,E01034288,0,1
2024522402517,2024,522402517,1,9,0,3,3,2,6,0,0,0,0,0,0,0,2,1,6,6,2,64,9,1364,1,5,VAUXHALL MOKKA,8,E01014953,0,3
2024141428044,2024,141428044,2,9,0,-1,19,3,8,-1,0,3,0,0,0,0,2,9,-1,6,2,65,9,1686,2,10,VAUXHALL MOKKA,1,E01007377,0,1
2024440136204,2024,440136204,1,9,0,18,19,8,4,0,0,8,0,0,0,0,4,1,6,6,2,46,8,1686,2,11,VAUXHALL MOKKA,1,E01017237,0,2
2024440056575,2024,440056575,2,9,0,4,4,2,6,0,0,0,0,0,0,0,2,1,6,6,1,29,6,1364,1,9,VAUXHALL MOKKA,9,E01022727,0,1
2024451466432,2024,451466432,1,9,0,-1,9,6,3,-1,0,8,0,0,0,0,4,1,-1,7,2,45,7,1598,2,7,VAUXHALL MOKKA,5,E01024427,0,2
2024221452565,2024,221452565,1,9,0,-1,19,5,1,-1,0,0,0,0,0,0,1,9,-1,6,1,35,6,1598,1,12,VAUXHALL MOKKA,8,E01028848,0,2
2024201497030,2024,201497030,2,9,0,-1,19,2,6,-1,0,8,0,0,0,0,4,1,-1,6,2,61,9,1364,1,5,VAUXHALL MOKKA,4,E01009863,0,1
2024131453058,2024,131453058,1,9,0,-1,4,7,3,-1,0,0,0,0,0,0,2,1,-1,9,1,62,9,1598,1,10,VAUXHALL MOKKA,6,E01010797,0,1
2024010535794,2024,010535794,1,9,0,3,3,1,5,0,0,1,0,0,0,0,2,1,6,6,1,23,5,1199,1,0,VAUXHALL MOKKA,8,E01024475,0,2
2024302401658,2024,302401658,2,9,0,4,4,2,6,0,0,0,0,0,0,0,1,1,6,6,1,70,10,1686,2,11,VAUXHALL MOKKA,8,E01019626,0,1
2024201440975,2024,201440975,2,9,0,-1,-1,1,5,-1,-1,0,0,0,0,0,2,1,-1,-1,1,24,5,-1,3,1,VAUXHALL MOKKA,-1,-1,0,-1
2024471502609,2024,471502609,1,9,0,-1,19,1,4,-1,0,2,0,0,0,0,4,1,-1,6,1,60,9,1199,1,2,VAUXHALL MOKKA,2,E01021014,0,1
2024061398437,2024,061398437,1,9,0,-1,6,3,7,-1,0,0,0,0,0,0,4,1,-1,6,3,-1,-1,1364,1,10,VAUXHALL MOKKA,-1,-1,0,-1
2024141513711,2024,141513711,2,9,0,-1,5,1,5,-1,0,1,0,0,0,0,1,1,-1,2,1,54,8,1364,1,9,VAUXHALL MOKKA,1,E01008092,0,1
2024010504821,2024,010504821,1,9,0,99,99,9,9,0,0,0,0,0,0,0,2,9,6,6,1,45,7,-1,3,1,VAUXHALL MOKKA,10,E01021958,0,4
2024461522908,2024,461522908,2,9,0,-1,10,3,1,-1,0,1,0,0,0,0,2,1,-1,6,1,58,9,1199,1,1,VAUXHALL MOKKA,1,E01024662,0,1
2024010509124,2024,010509124,1,9,0,10,10,7,4,0,0,1,0,0,0,0,4,1,1,1,2,45,7,1364,1,7,VAUXHALL MOKKA,1,E01001429,0,1
2024070963469,2024,070963469,3,9,0,-1,19,3,7,-1,0,1,1,0,0,0,1,1,-1,9,1,62,9,1364,1,11,VAUXHALL MOKKA,6,W01000584,0,5
2024320198273,2024,320198273,2,9,0,-1,-1,4,8,9,9,1,0,0,0,0,4,1,-1,-1,1,60,9,1598,1,9,VAUXHALL MOKKA,2,E01026030,0,1
2024211506090,2024,211506090,1,9,0,-1,4,1,5,-1,0,0,0,0,0,0,1,1,-1,2,2,50,8,1598,1,11,VAUXHALL MOKKA,-1,-1,0,-1
2024320543205,2024,320543205,1,9,0,9,9,1,7,0,0,6,0,0,0,0,4,1,-1,-1,1,76,11,1598,2,9,VAUXHALL MOKKA,10,E01026324,0,4
2024302401000,2024,302401000,2,9,0,9,9,4,2,0,0,1,0,0,0,0,2,1,6,6,2,59,9,1686,2,11,VAUXHALL MOKKA,4,E01013537,0,1
2024302401560,2024,302401560,1,9,0,9,9,3,1,0,0,5,0,0,0,0,1,1,6,6,2,-1,-1,1364,1,5,VAUXHALL MOKKA,1,E01019578,0,1
2024211452157,2024,211452157,1,9,0,-1,7,8,1,-1,0,1,0,0,0,0,1,1,-1,9,2,34,6,1199,1,1,VAUXHALL MOKKA,2,E01014274,0,1
202454A916224,2024,54A916224,1,9,0,18,19,2,6,0,0,0,0,0,1,1,1,1,6,6,1,84,11,1364,1,5,VAUXHALL MOKKA,10,E01030585,0,5
2024201524460,2024,201524460,2,9,0,-1,19,2,3,-1,0,2,0,0,0,0,2,1,-1,6,2,29,6,1199,1,3,VAUXHALL MOKKA,4,E01009394,0,1
2024351450216,2024,351450216,2,9,-1,-1,-1,-1,-1,-1,-1,-1,-1,-1,-1,0,-1,9,-1,1,1,72,10,1686,2,9,VAUXHALL MOKKA,10,E01018245,0,2
2024501406814,2024,501406814,1,9,0,-1,10,7,5,-1,0,8,0,0,0,0,1,9,-1,6,2,64,9,1364,1,6,VAUXHALL MOKKA,2,E01020269,0,2
2024401531183,2024,401531183,1,9,0,-1,3,7,3,-1,0,1,5,4,0,0,1,1,-1,6,2,77,11,1199,1,0,VAUXHALL MOKKA,3,E01017515,0,1
2024401511231,2024,401511231,1,9,0,-1,15,8,4,-1,0,0,5,4,0,0,1,1,-1,9,2,18,4,1199,1,0,VAUXHALL MOKKA,9,E01023653,0,2
2024010529721,2024,010529721,2,9,0,99,99,9,9,99,99,9,9,99,9,99,1,9,6,6,3,-1,-1,1364,1,9,VAUXHALL MOKKA,3,E01003542,0,2
2024141447952,2024,141447952,2,9,0,-1,5,1,5,-1,0,0,0,0,0,0,1,1,-1,9,2,63,9,1364,1,9,VAUXHALL MOKKA,4,E01007489,0,1
2024201564112,2024,201564112,3,9,0,-1,2,0,0,-1,0,2,0,0,0,0,4,1,-1,6,3,-1,-1,1199,1,0,VAUXHALL MOKKA,-1,-1,0,-1
2024141446782,2024,141446782,1,9,0,-1,19,2,6,-1,0,0,0,0,0,0,1,1,-1,2,2,60,9,1598,2,6,VAUXHALL MOKKA,6,E01007455,0,1
2024461467829,2024,461467829,2,9,0,-1,3,4,2,-1,0,0,0,0,0,0,4,9,-1,2,2,43,7,1364,1,10,VAUXHALL MOKKA,7,E01024133,0,1
2024041533796,2024,041533796,1,9,0,-1,7,7,3,-1,0,1,5,0,1,11,1,1,-1,6,1,40,7,1199,1,0,VAUXHALL MOKKA,10,E01025327,0,1
2024351538224,2024,351538224,2,9,0,-1,19,4,8,-1,0,8,0,0,4,1,4,1,-1,6,1,56,9,-1,3,1,VAUXHALL MOKKA,9,E01017429,0,4
2024061534965,2024,061534965,2,9,0,-1,19,6,2,-1,0,1,0,0,0,0,4,1,-1,9,3,-1,-1,1199,1,1,VAUXHALL MOKKA,-1,-1,0,-1
2024461515680,2024,461515680,2,9,0,-1,9,1,5,-1,0,2,0,0,0,0,1,9,-1,6,2,33,6,-1,3,0,VAUXHALL MOKKA,2,E01024685,0,1
2024471519480,2024,471519480,1,9,0,-1,19,8,4,-1,0,0,1,0,0,0,1,1,-1,9,1,86,11,1364,1,9,VAUXHALL MOKKA,5,E01021139,0,1
2024010514920,2024,010514920,1,9,0,99,99,9,9,99,99,9,9,99,9,99,9,9,6,6,3,65,9,1364,1,8,VAUXHALL MOKKA,6,E01000892,0,1
2024361514641,2024,361514641,2,9,0,-1,19,2,6,-1,0,1,0,0,0,0,1,1,-1,6,1,78,11,1598,2,7,VAUXHALL MOKKA,6,E01026484,0,3
2024451516925,2024,451516925,1,9,0,-1,19,3,7,-1,0,0,0,0,0,0,1,1,-1,7,2,47,8,1364,1,6,VAUXHALL MOKKA,7,E01030592,0,2
2024122500042,2024,122500042,1,9,0,18,19,8,4,0,0,8,0,0,0,0,1,1,6,6,1,44,7,1598,2,6,VAUXHALL MOKKA,8,E01032308,0,5
2024131468980,2024,131468980,2,9,0,-1,19,5,1,-1,0,1,0,0,0,0,1,1,-1,9,1,36,7,1686,2,11,VAUXHALL MOKKA,4,E01007445,0,3
2024552400812,2024,552400812,1,9,0,18,19,8,4,0,0,8,0,0,0,0,1,1,6,6,1,52,8,1686,2,9,VAUXHALL MOKKA,7,E01015450,0,2
2024122500153,2024,122500153,1,9,0,7,7,1,5,0,0,0,0,0,0,0,1,1,6,6,3,-1,-1,1199,1,3,VAUXHALL MOKKA,-1,-1,0,-1
2024010548925,2024,010548925,2,9,0,99,99,9,9,99,99,2,9,99,9,99,9,9,6,6,1,47,8,1364,1,9,VAUXHALL MOKKA,5,E01001664,0,1
2024610055424,2024,610055424,2,9,0,4,4,1,5,0,0,1,0,0,0,0,1,1,2,2,2,44,7,1364,1,10,VAUXHALL MOKKA,4,W01001523,0,1
2024010548842,2024,010548842,1,9,0,99,99,9,9,99,99,9,9,99,9,99,1,9,6,6,2,70,10,1364,1,6,VAUXHALL MOKKA,7,E01002438,0,1
2024421463946,2024,421463946,2,9,0,-1,19,7,3,-1,0,0,0,0,0,0,1,1,-1,6,1,78,11,1364,1,7,VAUXHALL MOKKA,7,E01021832,0,1
2024211501822,2024,211501822,2,9,0,-1,19,1,5,-1,0,0,2,0,0,0,1,1,-1,1,2,33,6,1199,1,2,VAUXHALL MOKKA,-1,-1,0,-1
2024141476700,2024,141476700,1,9,0,-1,19,1,3,-1,0,0,0,0,2,0,1,1,-1,9,2,31,6,1199,1,0,VAUXHALL MOKKA,3,E01007702,0,1
2024411462545,2024,411462545,2,9,0,-1,3,5,3,-1,0,0,0,0,0,0,2,1,-1,9,1,69,10,1364,1,10,VAUXHALL MOKKA,9,E01023655,0,4
2024010525841,2024,010525841,2,9,0,99,99,9,9,99,99,5,9,99,9,99,1,9,6,6,3,-1,-1,1364,1,8,VAUXHALL MOKKA,-1,-1,0,-1
2024221452687,2024,221452687,1,9,0,-1,10,8,6,-1,0,8,0,0,0,0,2,1,-1,9,1,43,7,1598,1,8,VAUXHALL MOKKA,6,E01034323,0,3
2024010542477,2024,010542477,1,9,0,9,9,2,1,0,0,2,0,0,0,0,4,2,6,6,1,45,7,1364,1,8,VAUXHALL MOKKA,3,E01001970,0,2
2024421521059,2024,421521059,1,9,0,-1,19,3,7,-1,0,0,0,0,0,0,1,1,-1,9,1,67,10,1598,1,10,VAUXHALL MOKKA,8,E01021729,0,1
2024440076468,2024,440076468,1,9,0,9,9,3,1,0,0,8,0,0,0,0,3,1,6,6,2,59,9,1598,1,7,VAUXHALL MOKKA,3,E01034067,0,1
2024122401086,2024,122401086,1,9,0,18,19,7,3,0,0,6,0,0,0,0,1,1,6,6,1,32,6,1364,1,8,VAUXHALL MOKKA,6,E01027736,0,4
2024531531764,2024,531531764,1,9,0,-1,9,7,5,-1,0,6,1,10,2,0,3,1,-1,2,2,30,6,1364,1,7,VAUXHALL MOKKA,1,E01034792,0,3
2024531473751,2024,531473751,1,9,0,-1,5,1,3,-1,0,4,0,0,0,0,1,1,-1,6,2,61,9,1199,1,0,VAUXHALL MOKKA,10,E01034780,0,1
2024340NN2692,2024,340NN2692,2,9,0,-1,2,0,0,-1,0,0,0,0,0,0,2,1,-1,9,2,57,9,1598,1,8,VAUXHALL MOKKA,7,E01027321,0,1
2024161459976,2024,161459976,1,9,0,-1,19,6,2,-1,0,0,0,0,0,0,1,9,-1,6,1,41,7,1364,1,9,VAUXHALL MOKKA,8,E01013040,0,2
2024061414142,2024,061414142,2,9,-1,-1,-1,-1,-1,-1,-1,0,-1,-1,-1,0,-1,9,-1,6,1,39,7,1598,1,9,VAUXHALL MOKKA,7,E01018395,0,4
202454A531524,2024,54A531524,1,9,0,18,19,5,1,0,0,0,5,0,2,10,4,1,6,6,1,19,4,1598,1,9,VAUXHALL MOKKA,9,E01020446,0,4
2024221458662,2024,221458662,1,9,0,-1,9,5,3,-1,0,5,0,0,0,0,1,1,-1,9,1,78,11,1598,1,9,VAUXHALL MOKKA,6,E01014084,0,1
2024332400913,2024,332400913,2,9,0,-1,19,6,2,-1,0,0,0,0,0,0,1,1,-1,9,1,76,11,1199,1,1,VAUXHALL MOKKA,7,E01031013,0,2
2024010546574,2024,010546574,1,9,0,4,4,1,5,0,0,8,0,0,0,0,2,1,6,6,3,-1,-1,1199,1,0,VAUXHALL MOKKA,-1,-1,0,-1
2024141531783,2024,141531783,1,9,0,-1,9,5,3,-1,0,0,0,0,0,0,1,1,-1,2,2,60,9,1598,2,8,VAUXHALL MOKKA,1,E01007506,0,2
2024211514700,2024,211514700,2,9,0,-1,19,7,3,-1,0,1,0,0,0,0,1,1,-1,6,1,54,8,-1,3,1,VAUXHALL MOKKA,-1,-1,0,-1
2024161476180,2024,161476180,1,9,0,-1,19,3,7,-1,0,0,0,0,0,0,1,1,-1,9,2,45,7,1364,1,9,VAUXHALL MOKKA,2,E01008780,0,5
2024010508443,2024,010508443,1,9,0,99,99,9,9,99,99,9,9,99,9,99,1,9,6,6,3,24,5,-1,3,2,VAUXHALL MOKKA,3,E01001722,0,1
2024221515215,2024,221515215,2,9,0,-1,19,3,7,-1,0,6,0,0,0,0,1,9,-1,6,2,41,7,1364,1,5,VAUXHALL MOKKA,8,E01035034,0,2
2024010533926,2024,010533926,2,9,0,9,9,5,4,0,0,1,0,0,0,0,4,1,6,6,2,42,7,1364,1,8,VAUXHALL MOKKA,3,E01003528,0,1
2024010537156,2024,010537156,2,9,0,99,99,9,9,99,99,9,9,99,9,99,9,9,6,6,3,-1,-1,1199,1,2,VAUXHALL MOKKA,-1,-1,0,-1
2024440254984,2024,440254984,2,9,0,18,19,2,6,0,0,1,0,0,0,0,1,1,6,6,2,47,8,1598,1,7,VAUXHALL MOKKA,6,E01017092,0,1
2024340WN3682,2024,340WN3682,1,9,0,-1,9,4,2,-1,0,6,0,0,0,0,3,1,-1,1,2,52,8,1598,1,9,VAUXHALL MOKKA,3,E01017619,0,4
2024201421319,2024,201421319,1,9,0,-1,9,2,8,-1,0,6,0,0,0,0,1,9,-1,6,1,38,7,1686,2,10,VAUXHALL MOKKA,4,E01032534,0,1
2024010533249,2024,010533249,2,9,0,99,99,9,9,99,99,9,9,99,9,99,1,9,6,6,3,-1,-1,1199,1,1,VAUXHALL MOKKA,-1,-1,0,-1