collision_index,collision_year,collision_ref_no,vehicle_reference,vehicle_type,towing_and_articulation,vehicle_manoeuvre_historic,vehicle_manoeuvre,vehicle_direction_from,vehicle_direction_to,vehicle_location_restricted_lane_historic,vehicle_location_restricted_lane,junction_location,skidding_and_overturning,hit_object_in_carriageway,vehicle_leaving_carriageway,hit_object_off_carriageway,first_point_of_impact,vehicle_left_hand_drive,journey_purpose_of_driver_historic,journey_purpose_of_driver,sex_of_driver,age_of_driver,age_band_of_driver,engine_capacity_cc,propulsion_code,age_of_vehicle,generic_make_model,driver_imd_decile,lsoa_of_driver,escooter_flag,driver_distance_banding
2024430239119,2024,430239119,1,9,0,3,3,3,7,0,0,1,0,0,0,0,2,1,2,2,2,53,8,1364,1,9,VAUXHALL MOKKA,7,E01016408,0,1
2024010546444,2024,010546444,2,9,0,2,2,0,0,0,0,1,0,0,0,0,0,1,6,6,3,-1,-1,1364,1,10,VAUXHALL MOKKA,-1,-1,0,-1
2024052400381,2024,052400381,1,9,0,7,7,1,3,0,0,1,0,0,0,0,3,1,6,6,2,80,11,1199,1,1,VAUXHALL MOKKA,8,E01032904,0,1
2024471451465,2024,471451465,1,9,0,-1,-1,-1,-1,-1,-1,0,-1,-1,-1,0,-1,1,-1,6,2,27,6,1686,2,9,VAUXHALL MOKKA,7,E01031460,0,1
2024471465526,2024,471465526,1,9,0,-1,19,4,8,-1,0,2,0,0,0,0,4,1,-1,6,1,43,7,-1,3,1,VAUXHALL MOKKA,2,E01020911,0,1
2024111432320,2024,111432320,2,9,0,-1,19,3,7,-1,0,0,0,0,0,0,1,1,-1,1,2,51,8,1598,2,8,VAUXHALL MOKKA,9,E01033465,0,2
2024440437670,2024,440437670,1,9,0,18,19,1,5,0,0,8,0,0,0,0,4,1,6,6,2,32,6,1364,1,9,VAUXHALL MOKKA,9,E01035438,0,1
2024111402331,2024,111402331,2,9,0,-1,2,8,4,-1,0,0,0,0,0,0,2,1,-1,6,-1,-1,-1,1364,1,7,VAUXHALL MOKKA,-1,-1,0,-1
2024471435821,2024,471435821,4,9,0,-1,2,0,0,-1,-1,0,0,0,0,0,2,1,-1,6,-1,-1,-1,1364,1,6,VAUXHALL MOKKA,-1,-1,0,-1
2024061492576,2024,061492576,2,9,0,-1,19,1,5,-1,0,8,0,0,0,0,1,1,-1,9,2,80,11,1364,1,7,VAUXHALL MOKKA,-1,-1,0,-1
2024501408752,2024,501408752,3,9,0,-1,10,3,7,-1,0,0,0,0,0,0,2,9,-1,9,2,27,6,1364,1,7,VAUXHALL MOKKA,4,E01015241,0,1
2024610049024,2024,610049024,1,9,0,18,19,3,7,0,0,0,5,4,0,0,1,1,6,6,2,73,10,1199,1,1,VAUXHALL MOKKA,2,W01001525,0,1
2024201488570,2024,201488570,3,9,0,-1,3,5,1,-1,0,2,0,0,0,0,4,1,-1,6,2,51,8,1364,1,9,VAUXHALL MOKKA,-1,-1,0,-1
2024991503733,2024,991503733,1,9,0,-1,19,8,4,-1,0,1,0,11,1,3,1,1,-1,9,1,45,7,1199,1,1,VAUXHALL MOKKA,4,-1,0,1
2024351479549,2024,351479549,1,9,0,-1,19,5,1,-1,0,8,0,0,0,0,4,1,-1,6,1,75,10,1598,1,11,VAUXHALL MOKKA,9,E01018171,0,1
2024302401076,2024,302401076,1,9,0,5,5,4,2,0,0,6,0,0,0,0,3,1,6,6,1,55,8,1598,2,9,VAUXHALL MOKKA,3,E01028225,0,1
2024411507991,2024,411507991,1,9,0,-1,1,4,8,-1,0,0,9,0,0,0,2,9,-1,6,3,-1,-1,1364,1,7,VAUXHALL MOKKA,-1,-1,0,-1
2024201431426,2024,201431426,2,9,0,-1,2,0,0,-1,0,0,0,0,0,0,3,9,-1,6,1,59,9,1364,1,6,VAUXHALL MOKKA,8,E01005169,0,4
2024401503918,2024,401503918,2,9,0,-1,19,3,7,-1,0,0,0,0,1,9,2,1,-1,6,2,50,8,1598,1,9,VAUXHALL MOKKA,5,E01034420,0,2
2024122400484,2024,122400484,1,9,0,18,19,1,5,0,0,0,0,0,0,0,1,1,6,6,2,80,11,1364,1,6,VAUXHALL MOKKA,9,E01013341,0,1
2024122400357,2024,122400357,1,9,0,18,19,3,1,0,0,0,1,0,1,3,1,1,6,6,1,58,9,1598,2,7,VAUXHALL MOKKA,5,E01027594,0,4
2024991431269,2024,991431269,2,9,0,-1,19,7,3,-1,0,0,1,0,1,0,1,1,-1,1,1,54,8,1686,2,11,VAUXHALL MOKKA,8,-1,0,3
2024010536505,2024,010536505,1,9,0,99,99,9,9,99,99,9,9,99,9,99,9,9,2,2,1,30,6,1598,1,10,VAUXHALL MOKKA,6,E01000376,0,1
2024520403034,2024,520403034,1,9,0,18,19,1,5,0,0,0,0,4,0,0,4,1,6,6,2,67,10,1364,1,8,VAUXHALL MOKKA,7,E01029092,0,1
2024332400526,2024,332400526,2,9,0,-1,19,3,7,-1,0,8,0,0,0,0,1,1,-1,6,2,49,8,1598,2,7,VAUXHALL MOKKA,4,E01025943,0,2
2024010521436,2024,010521436,2,9,0,7,7,8,1,0,0,3,0,0,0,0,1,1,2,2,2,27,6,1199,1,1,VAUXHALL MOKKA,5,E01001960,0,1
2024052401810,2024,052401810,2,9,0,11,11,7,3,0,0,3,0,0,0,0,3,1,6,6,1,51,8,1598,2,9,VAUXHALL MOKKA,1,E01006495,0,1
2024991470178,2024,991470178,2,9,0,-1,3,2,8,-1,0,1,0,0,1,0,2,1,-1,1,1,59,9,1686,2,10,VAUXHALL MOKKA,7,-1,0,1
2024041488524,2024,041488524,1,9,0,-1,19,3,7,-1,0,0,0,0,0,0,1,1,-1,1,1,50,8,1598,1,8,VAUXHALL MOKKA,3,E01024952,0,1
2024201485980,2024,201485980,2,9,0,-1,19,3,7,-1,0,1,0,0,0,0,1,1,-1,6,2,-1,-1,1364,1,7,VAUXHALL MOKKA,4,E01009879,0,1
2024101482478,2024,101482478,1,9,0,-1,9,7,5,-1,0,8,2,0,0,0,1,1,-1,9,2,78,11,1686,2,9,VAUXHALL MOKKA,3,E01027544,0,4
2024131474975,2024,131474975,1,9,0,-1,19,2,1,-1,0,0,5,0,0,0,3,1,-1,6,-1,24,5,1199,1,1,VAUXHALL MOKKA,-1,-1,0,-1
2024111501226,2024,111501226,1,9,0,-1,9,4,1,-1,0,5,0,0,0,0,4,1,-1,9,1,69,10,1199,1,3,VAUXHALL MOKKA,2,E01008810,0,4
2024451430116,2024,451430116,1,9,0,-1,9,3,7,-1,0,5,0,0,0,0,1,1,-1,9,1,22,5,1598,1,11,VAUXHALL MOKKA,10,E01030462,0,1
2024131500682,2024,131500682,2,9,0,-1,8,1,3,-1,0,1,0,0,0,0,1,1,-1,9,2,26,6,1199,1,2,VAUXHALL MOKKA,8,E01011744,0,1
2024461532696,2024,461532696,2,9,0,-1,9,3,8,-1,0,0,0,0,0,0,4,9,-1,9,2,27,6,1364,1,5,VAUXHALL MOKKA,2,E01024155,0,1
202454B007424,2024,54B007424,2,9,0,9,9,8,6,0,0,8,0,0,0,0,3,1,6,6,2,30,6,1598,2,9,VAUXHALL MOKKA,4,E01029038,0,3
2024440240791,2024,440240791,2,9,0,4,4,6,2,0,0,0,0,0,0,0,2,1,6,6,3,-1,-1,-1,3,2,VAUXHALL MOKKA,-1,-1,0,-1
2024421438916,2024,421438916,1,9,0,-1,19,5,1,-1,0,0,0,0,0,0,1,1,-1,6,2,45,7,1364,1,6,VAUXHALL MOKKA,3,E01021291,0,1
2024440394091,2024,440394091,1,9,0,3,3,2,6,0,0,1,0,0,0,0,2,1,6,6,1,33,6,1199,1,1,VAUXHALL MOKKA,5,E01017055,0,1
2024320258897,2024,320258897,2,9,0,-1,-1,7,3,0,0,0,0,0,0,0,3,1,-1,-1,1,81,11,1199,1,1,VAUXHALL MOKKA,3,E01011175,0,5
2024161492951,2024,161492951,1,9,0,-1,19,7,3,-1,0,8,0,0,0,0,1,9,-1,6,1,63,9,-1,3,0,VAUXHALL MOKKA,6,E01013276,0,4
2024351514835,2024,351514835,2,9,0,-1,11,6,3,-1,0,0,0,0,7,0,2,1,-1,6,2,38,7,1364,1,6,VAUXHALL MOKKA,6,E01015659,0,2
2024010508190,2024,010508190,2,9,0,8,8,5,8,0,0,6,0,0,0,0,3,1,6,6,2,69,10,1364,1,6,VAUXHALL MOKKA,3,E01002585,0,1
2024552400656,2024,552400656,3,9,0,18,19,2,6,0,0,0,0,0,0,0,2,1,6,6,2,61,9,1364,1,7,VAUXHALL MOKKA,6,E01015361,0,1
2024010507241,2024,010507241,2,9,0,18,19,1,5,0,0,1,0,0,0,0,1,1,6,6,2,55,8,1598,1,10,VAUXHALL MOKKA,6,E01004551,0,1
2024531437342,2024,531437342,1,9,0,-1,19,5,1,-1,0,0,0,0,1,4,1,1,-1,7,2,58,9,1199,1,1,VAUXHALL MOKKA,3,E01022364,0,2
2024010526303,2024,010526303,1,9,0,18,19,3,7,0,0,0,0,10,0,0,1,1,6,6,2,26,6,1364,1,8,VAUXHALL MOKKA,9,E01002274,0,1
2024231509490,2024,231509490,1,9,0,-1,4,1,4,-1,0,1,0,0,0,0,4,9,-1,6,2,37,7,1199,1,3,VAUXHALL MOKKA,9,E01031154,0,1
2024041469370,2024,041469370,3,9,0,-1,2,0,0,-1,0,8,0,0,0,0,1,1,-1,6,-1,-1,-1,1686,2,11,VAUXHALL MOKKA,-1,-1,0,-1
202417M101224,2024,17M101224,3,9,0,3,3,1,5,0,0,0,0,0,0,0,3,1,2,2,2,34,6,-1,3,2,VAUXHALL MOKKA,9,E01012224,0,2
2024302400407,2024,302400407,3,9,0,18,19,7,3,0,0,0,0,0,0,0,2,1,6,6,2,63,9,1686,2,11,VAUXHALL MOKKA,6,E01019489,0,1
2024311474891,2024,311474891,1,9,0,-1,19,4,6,-1,0,8,0,0,0,0,1,2,-1,9,2,34,6,1199,1,1,VAUXHALL MOKKA,-1,-1,0,-1
2024351417134,2024,351417134,1,9,0,-1,19,-1,-1,-1,0,0,0,0,0,0,1,9,-1,6,1,71,10,1364,1,7,VAUXHALL MOKKA,7,E01033720,0,4
2024311402638,2024,311402638,1,9,0,-1,19,1,5,-1,0,1,0,0,0,0,1,1,-1,6,2,73,10,1364,1,8,VAUXHALL MOKKA,3,E01028185,0,1
2024010518996,2024,010518996,1,9,0,18,19,3,7,0,0,0,0,4,0,0,1,1,6,6,1,58,9,1598,1,9,VAUXHALL MOKKA,7,E01000492,0,1
2024991514796,2024,991514796,3,9,0,-1,4,6,2,-1,0,0,0,0,0,0,2,1,-1,6,1,73,10,1199,1,0,VAUXHALL MOKKA,1,-1,0,1
2024052402417,2024,052402417,1,9,0,5,5,1,5,0,0,6,0,0,3,0,3,1,1,1,3,-1,-1,1364,1,7,VAUXHALL MOKKA,-1,-1,0,-1
2024544284424,2024,544284424,1,9,0,18,19,6,2,0,0,4,0,0,0,0,1,1,1,1,1,47,8,1199,1,1,VAUXHALL MOKKA,5,E01006180,0,5
2024302500106,2024,302500106,3,9,0,-1,19,5,1,-1,0,0,0,0,0,0,0,1,-1,6,2,63,9,1199,1,2,VAUXHALL MOKKA,2,E01029468,0,2
2024461481635,2024,461481635,1,9,0,-1,7,3,7,-1,0,0,5,0,0,0,3,2,-1,9,2,52,8,1199,1,0,VAUXHALL MOKKA,3,E01003977,0,4
2024440518274,2024,440518274,1,9,0,4,4,7,3,0,0,7,0,0,0,0,1,1,6,6,1,-1,-1,1364,1,5,VAUXHALL MOKKA,10,E01022756,0,1
2024531510549,2024,531510549,2,9,0,-1,19,4,8,-1,0,1,0,0,0,0,1,1,-1,2,2,45,7,1364,1,6,VAUXHALL MOKKA,8,E01035565,0,3
2024231409682,2024,231409682,2,9,0,-1,19,5,1,-1,0,8,0,0,0,0,3,9,-1,1,1,31,6,1199,1,2,VAUXHALL MOKKA,9,E01031284,0,1
2024430259076,2024,430259076,2,9,0,14,14,2,6,0,0,0,0,0,0,0,3,1,6,6,1,-1,-1,1364,1,5,VAUXHALL MOKKA,9,E01035268,0,2
2024440192759,2024,440192759,1,9,0,18,19,1,5,0,0,0,0,0,1,4,1,1,6,6,1,82,11,1364,1,7,VAUXHALL MOKKA,10,E01022867,0,1
2024101535183,2024,101535183,2,9,0,-1,19,6,2,-1,0,4,0,0,0,0,3,1,-1,6,2,26,6,1598,1,10,VAUXHALL MOKKA,2,E01008282,0,2
2024430535656,2024,430535656,1,9,0,5,5,2,5,0,0,4,0,0,0,0,1,1,6,6,1,53,8,1199,1,1,VAUXHALL MOKKA,5,E01016226,0,1
2024131463576,2024,131463576,3,9,0,-1,9,3,1,-1,0,6,0,0,0,0,3,1,-1,6,-1,-1,-1,1364,1,6,VAUXHALL MOKKA,-1,-1,0,-1
2024622400357,2024,622400357,1,9,0,18,19,3,7,0,0,1,5,0,0,0,1,1,6,6,1,78,11,1199,1,1,VAUXHALL MOKKA,9,W01001032,0,1
202417L307124,2024,17L307124,2,9,0,-1,19,7,3,-1,0,8,0,0,0,0,1,1,-1,9,2,42,7,1199,1,1,VAUXHALL MOKKA,1,E01012114,0,2
2024440292431,2024,440292431,1,9,0,18,19,7,3,0,0,2,0,0,0,0,3,1,6,6,2,59,9,1598,1,9,VAUXHALL MOKKA,5,E01017055,0,1
2024302400248,2024,302400248,1,9,0,9,9,7,4,0,0,0,0,0,0,0,4,1,6,6,1,70,10,1364,1,9,VAUXHALL MOKKA,3,E01019468,0,1
2024302500130,2024,302500130,2,9,0,-1,19,1,5,-1,0,8,0,0,0,0,1,1,-1,2,1,59,9,1364,1,5,VAUXHALL MOKKA,6,E01007753,0,1
2024531396534,2024,531396534,2,9,0,-1,19,7,3,-1,0,0,0,0,0,0,1,1,-1,9,2,55,8,1598,2,8,VAUXHALL MOKKA,4,E01022251,0,2
2024421434976,2024,421434976,1,9,0,-1,19,6,3,-1,0,1,0,0,0,0,4,1,-1,6,2,-1,-1,1364,1,9,VAUXHALL MOKKA,7,E01021511,0,1
2024010521786,2024,010521786,2,9,0,99,99,9,9,99,99,9,9,99,9,99,1,9,6,6,3,58,9,1364,1,8,VAUXHALL MOKKA,2,E01002561,0,2
2024141465410,2024,141465410,1,9,0,-1,19,4,8,-1,0,1,0,0,0,0,3,1,-1,6,2,59,9,1598,2,9,VAUXHALL MOKKA,3,E01007528,0,1
2024201441839,2024,201441839,2,9,0,-1,9,5,3,-1,0,6,0,0,0,0,4,1,-1,6,1,51,8,1364,1,8,VAUXHALL MOKKA,1,E01009057,0,1
2024201515690,2024,201515690,3,9,0,-1,19,1,5,-1,0,8,0,0,0,0,1,9,-1,2,1,53,8,-1,3,1,VAUXHALL MOKKA,3,E01010018,0,1
2024332400885,2024,332400885,2,9,0,-1,19,6,2,-1,0,8,0,0,0,0,1,1,-1,9,2,75,10,1598,1,9,VAUXHALL MOKKA,10,E01025734,0,1
2024211517251,2024,211517251,2,9,0,-1,9,2,6,-1,0,8,0,0,1,11,3,1,-1,6,1,34,6,1686,2,9,VAUXHALL MOKKA,5,E01029449,0,1
2024010535537,2024,010535537,1,9,0,9,9,6,4,0,0,5,0,0,0,0,1,1,6,6,1,80,11,1598,1,8,VAUXHALL MOKKA,6,E01004532,0,1
2024201457978,2024,201457978,1,9,0,-1,5,3,7,-1,0,8,0,0,0,0,2,9,-1,9,1,43,7,1598,2,7,VAUXHALL MOKKA,1,E01010478,0,1
2024522403425,2024,522403425,1,9,0,16,19,7,2,0,0,2,0,0,0,0,3,1,6,6,2,49,8,1364,1,5,VAUXHALL MOKKA,2,E01014629,0,1
2024311436178,2024,311436178,3,9,0,-1,2,0,0,-1,0,5,0,0,0,0,2,1,-1,9,1,61,9,-1,3,3,VAUXHALL MOKKA,-1,-1,0,-1
2024041509176,2024,041509176,2,9,0,-1,9,7,3,-1,0,0,0,0,0,0,3,1,-1,6,1,37,7,1364,1,7,VAUXHALL MOKKA,4,E01025030,0,1
2024371437685,2024,371437685,2,9,0,-1,19,7,3,-1,0,0,0,0,0,0,3,1,-1,9,2,82,11,1364,1,8,VAUXHALL MOKKA,7,E01030101,0,1
2024371524791,2024,371524791,3,9,0,-1,19,5,1,-1,0,0,0,0,0,0,3,1,-1,6,2,34,6,1364,1,10,VAUXHALL MOKKA,1,E01026604,0,4
2024010536875,2024,010536875,1,9,0,4,4,6,2,0,0,2,0,0,0,0,2,1,6,6,1,54,8,1199,1,2,VAUXHALL MOKKA,5,E01002212,0,1
2024041418605,2024,041418605,1,9,0,-1,5,4,8,-1,0,2,0,0,0,0,1,1,-1,7,2,43,7,1686,2,10,VAUXHALL MOKKA,5,E01024954,0,1
2024991438225,2024,991438225,1,9,0,-1,19,7,3,-1,0,8,0,0,0,0,1,1,-1,6,1,41,7,1598,1,9,VAUXHALL MOKKA,1,-1,0,1
2024101444723,2024,101444723,2,9,0,-1,19,8,4,-1,0,0,1,0,0,0,4,1,-1,9,1,46,8,-1,3,2,VAUXHALL MOKKA,1,E01008388,0,4
2024421516990,2024,421516990,1,9,0,-1,9,2,7,-1,0,8,0,0,0,0,1,1,-1,9,1,25,5,-1,3,1,VAUXHALL MOKKA,3,E01021641,0,1
2024461478462,2024,461478462,2,9,0,-1,19,4,8,-1,0,0,0,0,0,0,1,1,-1,9,2,52,8,1364,1,8,VAUXHALL MOKKA,7,E01001610,0,4
2024010540856,2024,010540856,1,9,0,99,99,9,9,99,99,9,9,99,9,99,2,9,2,2,1,59,9,1364,1,7,VAUXHALL MOKKA,3,E01003977,0,1
2024010486917,2024,010486917,2,9,0,9,9,7,5,0,0,1,0,0,0,0,1,1,6,6,2,63,9,1199,1,0,VAUXHALL MOKKA,-1,-1,0,-1
2024211470703,2024,211470703,1,9,0,-1,19,3,7,-1,0,0,0,0,0,0,1,1,-1,9,1,31,6,1199,1,0,VAUXHALL MOKKA,2,E01029390,0,1
2024221428508,2024,221428508,1,9,0,-1,19,8,4,-1,0,0,0,10,1,11,1,1,-1,9,2,31,6,1199,1,2,VAUXHALL MOKKA,2,E01032161,0,1
2024421449861,2024,421449861,1,9,0,-1,19,7,3,-1,0,0,2,0,1,0,3,1,-1,6,2,37,7,1598,2,8,VAUXHALL MOKKA,4,E01021374,0,1
2024201531615,2024,201531615,1,9,0,-1,1,6,2,-1,9,6,0,0,0,0,2,1,-1,6,2,62,9,1364,1,6,VAUXHALL MOKKA,2,E01008963,0,1
2024461428639,2024,461428639,2,9,0,-1,19,5,1,-1,0,1,0,0,0,0,1,9,-1,9,2,58,9,1364,1,6,VAUXHALL MOKKA,8,E01030859,0,3
2024101477326,2024,101477326,2,9,0,-1,3,5,5,-1,0,3,0,0,0,0,2,1,-1,6,2,56,9,1598,1,10,VAUXHALL MOKKA,-1,-1,0,-1
2024451517737,2024,451517737,2,9,0,-1,10,8,7,-1,0,4,0,0,1,0,1,9,-1,6,1,30,6,-1,3,2,VAUXHALL MOKKA,-1,-1,0,-1
2024010511216,2024,010511216,1,9,0,99,99,9,9,99,99,9,9,99,9,99,2,9,6,6,2,41,7,1199,1,1,VAUXHALL MOKKA,10,E01004478,0,1
2024131431399,2024,131431399,1,9,0,-1,19,1,5,-1,0,0,1,0,0,0,1,2,-1,9,1,80,11,1199,1,3,VAUXHALL MOKKA,7,E01011714,0,1
2024010513667,2024,010513667,2,9,0,99,99,9,9,99,99,9,9,99,9,99,9,9,6,6,3,-1,-1,1598,2,9,VAUXHALL MOKKA,-1,-1,0,-1
2024311516535,2024,311516535,1,9,0,-1,4,4,8,-1,0,1,0,0,0,0,4,1,-1,7,2,37,7,-1,3,0,VAUXHALL MOKKA,-1,-1,0,-1
2024501520231,2024,501520231,1,9,0,-1,7,2,4,-1,0,8,0,0,0,0,1,1,-1,2,2,36,7,1598,1,10,VAUXHALL MOKKA,10,E01020144,0,2
2024991435369,2024,991435369,1,9,0,-1,4,7,3,-1,9,1,0,0,3,10,1,1,-1,6,2,77,11,1598,1,11,VAUXHALL MOKKA,2,-1,0,1
2024070886215,2024,070886215,1,9,0,-1,19,3,7,-1,0,0,1,0,0,0,1,1,-1,6,2,72,10,1364,1,5,VAUXHALL MOKKA,8,E01018677,0,2
2024211418799,2024,211418799,1,9,0,-1,9,1,6,-1,0,1,0,0,0,0,1,1,-1,6,2,48,8,-1,3,2,VAUXHALL MOKKA,1,E01014255,0,1
2024541493724,2024,541493724,2,9,0,4,4,1,5,0,0,4,0,0,0,0,2,1,6,6,1,56,9,1364,1,10,VAUXHALL MOKKA,7,E01033860,0,1
2024111440256,2024,111440256,2,9,0,-1,19,6,2,-1,0,2,0,0,0,0,3,1,-1,7,2,39,7,1199,1,2,VAUXHALL MOKKA,8,E01020710,0,1
2024041406017,2024,041406017,1,9,0,-1,19,7,3,-1,0,1,0,0,7,11,1,1,-1,6,-1,-1,-1,1364,1,10,VAUXHALL MOKKA,-1,-1,0,-1
2024010504836,2024,010504836,2,9,0,2,2,0,0,0,0,0,0,0,0,0,1,1,6,6,3,-1,-1,1199,1,1,VAUXHALL MOKKA,-1,-1,0,-1
2024010530387,2024,010530387,2,9,0,99,99,9,9,99,99,9,9,99,9,99,2,1,6,6,2,61,9,1364,1,6,VAUXHALL MOKKA,4,E01003537,0,1
2024461478460,2024,461478460,1,9,0,-1,19,2,6,-1,0,0,0,0,7,2,1,1,-1,9,1,60,9,-1,3,3,VAUXHALL MOKKA,7,E01024094,0,2
2024461482725,2024,461482725,2,9,0,-1,2,0,0,-1,0,0,0,0,1,0,2,1,-1,9,2,24,5,1686,2,10,VAUXHALL MOKKA,3,E01024608,0,3
2024520402756,2024,520402756,2,9,0,18,19,1,6,0,0,8,0,0,0,0,1,1,6,6,1,29,6,1199,1,0,VAUXHALL MOKKA,5,E01029143,0,1
2024010499544,2024,010499544,1,9,0,7,7,5,7,0,0,1,0,0,0,0,4,1,6,6,1,42,7,1364,1,7,VAUXHALL MOKKA,4,E01000805,0,2
2024461494474,2024,461494474,1,9,0,-1,4,7,3,-1,0,1,0,0,0,0,1,1,-1,9,2,43,7,1364,1,8,VAUXHALL MOKKA,1,E01024580,0,1
2024010545582,2024,010545582,2,9,0,-1,-1,5,1,0,0,0,0,0,0,0,2,1,6,6,2,61,9,1199,1,0,VAUXHALL MOKKA,3,E01034146,0,1
2024991512747,2024,991512747,1,9,0,-1,7,5,3,-1,0,1,0,0,0,0,1,1,-1,2,1,80,11,1364,1,6,VAUXHALL MOKKA,8,-1,0,2
2024141506225,2024,141506225,1,9,0,-1,19,8,4,-1,0,1,0,0,0,0,3,1,-1,9,2,21,5,1598,1,8,VAUXHALL MOKKA,2,E01007656,0,1
2024991423759,2024,991423759,1,9,0,-1,19,5,1,-1,0,2,0,0,0,0,4,1,-1,6,2,33,6,1598,2,8,VAUXHALL MOKKA,2,-1,0,2
2024010541810,2024,010541810,2,9,0,99,99,9,9,99,99,9,9,99,9,99,1,9,6,6,3,-1,-1,1364,1,9,VAUXHALL MOKKA,-1,-1,0,-1
2024401452981,2024,401452981,1,9,0,-1,19,6,2,-1,0,0,2,0,0,0,1,1,-1,6,2,67,10,1364,1,7,VAUXHALL MOKKA,2,E01028552,0,4
2024131491485,2024,131491485,2,9,0,-1,7,6,8,-1,0,5,0,0,0,0,3,1,-1,9,1,38,7,1364,1,8,VAUXHALL MOKKA,1,E01010606,0,1
2024010501966,2024,010501966,2,9,0,2,2,0,0,9,9,5,0,0,0,0,2,1,6,6,3,-1,-1,1199,1,3,VAUXHALL MOKKA,-1,-1,0,-1
2024041468047,2024,041468047,1,9,0,-1,19,3,6,-1,0,3,0,0,0,0,3,1,-1,9,2,66,10,1364,1,6,VAUXHALL MOKKA,4,E01025587,0,2
2024311408675,2024,311408675,2,9,0,-1,19,1,5,-1,0,1,0,0,0,0,1,1,-1,9,1,17,4,1199,1,0,VAUXHALL MOKKA,9,E01028386,0,2
2024161451629,2024,161451629,1,9,0,-1,7,2,4,-1,0,1,0,0,0,0,4,1,-1,2,2,58,9,1598,1,10,VAUXHALL MOKKA,-1,-1,0,-1
2024010537801,2024,010537801,1,9,0,9,9,1,7,0,0,8,0,0,0,0,1,1,2,2,2,61,9,1364,1,8,VAUXHALL MOKKA,7,E01000700,0,1
2024471518368,2024,471518368,2,9,0,-1,19,4,8,-1,0,0,0,0,0,0,4,1,-1,9,1,60,9,1364,1,9,VAUXHALL MOKKA,6,E01020961,0,1
2024302400817,2024,302400817,2,9,0,18,19,2,6,0,0,8,0,0,0,0,4,1,6,6,2,62,9,1199,1,2,VAUXHALL MOKKA,3,E01019404,0,1
2024531527283,2024,531527283,2,9,0,-1,19,8,4,-1,0,0,1,0,1,0,3,2,-1,9,1,47,8,1199,1,0,VAUXHALL MOKKA,9,E01022213,0,1
2024201413514,2024,201413514,1,9,0,-1,9,8,6,-1,0,5,0,7,0,0,4,9,-1,6,1,75,10,1364,1,11,VAUXHALL MOKKA,4,E01009913,0,1
2024201514942,2024,201514942,2,9,0,-1,19,3,7,-1,0,0,0,10,1,0,1,1,-1,9,2,70,10,1199,1,1,VAUXHALL MOKKA,5,E01010554,0,1
2024552400553,2024,552400553,1,9,0,9,9,6,4,0,0,6,0,0,0,0,1,1,6,6,2,38,7,1199,1,2,VAUXHALL MOKKA,2,E01015293,0,1
2024421499202,2024,421499202,2,9,0,-1,19,5,1,-1,0,1,0,0,0,0,1,1,-1,6,1,51,8,1199,1,0,VAUXHALL MOKKA,2,E01015879,0,1
2024440133578,2024,440133578,1,9,0,18,19,1,5,0,0,2,0,0,0,0,3,1,6,6,1,54,8,1598,2,8,VAUXHALL MOKKA,2,E01032878,0,1
2024430481558,2024,430481558,2,9,0,4,4,6,2,0,0,0,0,0,0,0,2,1,6,6,1,36,7,1598,1,10,VAUXHALL MOKKA,4,E01022523,0,3
2024161507550,2024,161507550,2,9,0,-1,2,0,0,-1,0,0,0,4,0,0,1,9,-1,6,-1,50,8,1598,1,8,VAUXHALL MOKKA,-1,-1,0,-1
2024461511223,2024,461511223,2,9,0,-1,3,7,3,-1,0,0,0,0,0,0,2,1,-1,6,2,46,8,1686,2,10,VAUXHALL MOKKA,6,E01024437,0,2
2024141410831,2024,141410831,2,9,0,-1,9,6,4,-1,0,2,0,0,0,0,1,1,-1,6,1,70,10,1364,1,6,VAUXHALL MOKKA,9,E01007432,0,2
2024041533317,2024,041533317,2,9,0,-1,19,7,3,-1,0,1,0,0,0,0,1,1,-1,9,2,36,7,1686,2,11,VAUXHALL MOKKA,3,E01025311,0,1
2024440031547,2024,440031547,1,9,0,10,10,8,4,0,0,1,0,0,0,0,2,1,2,2,2,43,7,-1,3,3,VAUXHALL MOKKA,10,E01022726,0,1
2024471467778,2024,471467778,2,9,0,-1,9,3,7,-1,0,8,0,0,0,0,3,1,-1,2,1,28,6,1364,1,7,VAUXHALL MOKKA,6,E01021058,0,3
2024161523760,2024,161523760,2,9,0,-1,19,6,2,-1,0,8,0,0,0,0,3,1,-1,9,1,81,11,1199,1,1,VAUXHALL MOKKA,1,E01007730,0,5
2024010509809,2024,010509809,1,9,0,9,9,7,5,0,0,6,0,0,7,0,3,1,6,6,3,-1,-1,1364,1,9,VAUXHALL MOKKA,-1,-1,0,-1
2024991424748,2024,991424748,2,9,0,-1,19,1,5,-1,0,1,0,0,1,11,1,1,-1,6,1,54,8,1364,1,6,VAUXHALL MOKKA,8,-1,0,2
2024440140180,2024,440140180,2,9,0,18,19,5,1,0,0,1,0,0,0,0,1,1,6,6,2,43,7,1598,1,8,VAUXHALL MOKKA,2,E01017107,0,1
2024010547603,2024,010547603,2,9,0,99,99,9,9,99,99,9,9,99,9,99,2,9,6,6,3,-1,-1,1199,1,0,VAUXHALL MOKKA,-1,-1,0,-1
2024991448096,2024,991448096,1,9,0,-1,19,3,7,-1,9,0,0,0,1,0,1,1,-1,9,1,70,10,1199,1,3,VAUXHALL MOKKA,10,-1,0,1
2024440140321,2024,440140321,2,9,0,18,19,3,7,0,0,1,0,0,0,0,1,1,6,6,1,34,6,1199,1,1,VAUXHALL MOKKA,-1,-1,0,-1