collision_index,collision_year,collision_ref_no,vehicle_reference,vehicle_type,towing_and_articulation,vehicle_manoeuvre_historic,vehicle_manoeuvre,vehicle_direction_from,vehicle_direction_to,vehicle_location_restricted_lane_historic,vehicle_location_restricted_lane,junction_location,skidding_and_overturning,hit_object_in_carriageway,vehicle_leaving_carriageway,hit_object_off_carriageway,first_point_of_impact,vehicle_left_hand_drive,journey_purpose_of_driver_historic,journey_purpose_of_driver,sex_of_driver,age_of_driver,age_band_of_driver,engine_capacity_cc,propulsion_code,age_of_vehicle,generic_make_model,driver_imd_decile,lsoa_of_driver,escooter_flag,driver_distance_banding
202460Q145684,2024,60Q145684,1,9,0,5,5,1,5,0,0,0,1,0,1,11,3,1,6,6,2,28,6,1686,2,10,VAUXHALL MOKKA,-1,-1,0,-1
2024440451918,2024,440451918,2,9,0,18,19,6,2,0,0,1,0,0,0,0,4,1,6,6,1,81,11,1364,1,7,VAUXHALL MOKKA,6,E01015353,0,4
2024052400889,2024,052400889,1,9,0,15,15,3,7,0,0,0,0,0,0,0,1,1,6,6,2,32,6,-1,3,1,VAUXHALL MOKKA,1,E01006754,0,1
2024201454258,2024,201454258,2,9,0,-1,3,5,6,-1,0,2,0,0,0,0,2,9,-1,6,3,43,7,1364,1,8,VAUXHALL MOKKA,2,E01009587,0,1
2024461470518,2024,461470518,1,9,0,-1,19,1,1,-1,9,0,0,0,3,0,1,1,-1,6,1,61,9,1364,1,7,VAUXHALL MOKKA,2,E01023974,0,1
2024311506087,2024,311506087,1,9,0,-1,2,0,0,-1,0,0,0,0,0,0,1,1,-1,6,3,-1,-1,1686,2,9,VAUXHALL MOKKA,-1,-1,0,-1
2024131463585,2024,131463585,1,9,0,-1,7,1,5,-1,0,2,0,0,0,0,4,1,-1,6,2,59,9,1199,1,2,VAUXHALL MOKKA,3,E01010847,0,1
2024061419620,2024,061419620,2,9,0,-1,19,3,7,-1,0,0,0,0,0,0,1,1,-1,9,2,16,4,-1,3,1,VAUXHALL MOKKA,5,E01006055,0,3
2024991444938,2024,991444938,2,9,0,-1,19,2,7,-1,0,0,0,0,0,0,3,1,-1,6,2,57,9,1364,1,8,VAUXHALL MOKKA,9,-1,0,1
2024010509559,2024,010509559,1,9,0,9,9,5,2,0,0,8,0,0,0,0,3,1,6,6,1,25,5,1199,1,1,VAUXHALL MOKKA,2,E01001461,0,1
2024991524690,2024,991524690,1,9,0,-1,19,2,7,-1,0,0,0,0,0,0,4,1,-1,2,2,41,7,1598,1,7,VAUXHALL MOKKA,2,-1,0,1
2024010539331,2024,010539331,1,9,0,5,5,3,7,0,0,1,0,0,0,0,1,2,6,6,1,64,9,1364,1,5,VAUXHALL MOKKA,3,E01001769,0,1
2024041417340,2024,041417340,2,9,0,-1,7,3,5,-1,0,6,0,0,0,0,4,1,-1,9,2,33,6,1598,1,9,VAUXHALL MOKKA,6,E01025541,0,1
2024010545438,2024,010545438,2,9,0,99,99,9,9,99,99,9,9,99,9,99,1,9,6,6,3,-1,-1,1199,1,0,VAUXHALL MOKKA,-1,-1,0,-1
2024991485183,2024,991485183,4,9,0,-1,19,4,8,-1,0,0,0,0,0,0,4,1,-1,9,1,43,7,1364,1,5,VAUXHALL MOKKA,7,-1,0,4
2024430262984,2024,430262984,1,9,0,7,7,7,2,0,0,2,0,0,0,0,4,1,6,6,1,49,8,1364,1,9,VAUXHALL MOKKA,4,E01016519,0,1
2024991453434,2024,991453434,1,9,0,-1,19,2,6,-1,0,0,0,0,0,0,1,1,-1,9,1,82,11,1364,1,5,VAUXHALL MOKKA,2,-1,0,1
2024041485598,2024,041485598,1,9,0,-1,19,5,1,-1,0,0,0,0,0,0,3,1,-1,9,2,57,9,1199,1,1,VAUXHALL MOKKA,7,E01025565,0,1
2024311456594,2024,311456594,2,9,0,-1,2,0,0,-1,0,0,0,0,0,0,2,1,-1,6,3,-1,-1,1364,1,6,VAUXHALL MOKKA,-1,-1,0,-1
2024302401698,2024,302401698,2,9,0,18,19,8,4,0,0,8,0,0,0,0,1,1,6,6,2,47,8,1199,1,1,VAUXHALL MOKKA,2,E01013499,0,1
2024010547831,2024,010547831,1,9,0,2,2,0,0,0,0,1,0,0,0,0,1,1,6,6,3,-1,-1,1199,1,1,VAUXHALL MOKKA,-1,-1,0,-1
2024010523042,2024,010523042,2,9,0,3,3,5,1,0,0,5,1,0,1,0,0,1,6,6,1,32,6,-1,3,0,VAUXHALL MOKKA,-1,-1,0,-1
2024371475056,2024,371475056,2,9,0,-1,19,4,7,-1,0,8,0,0,0,0,1,1,-1,1,2,39,7,1364,1,8,VAUXHALL MOKKA,9,E01033116,0,4
202417L210224,2024,17L210224,1,9,0,-1,9,8,6,-1,0,8,0,0,0,0,3,1,-1,9,1,66,10,1598,1,10,VAUXHALL MOKKA,1,E01012113,0,1
2024052401604,2024,052401604,1,9,0,18,19,1,5,0,0,1,0,0,0,0,1,1,6,6,1,68,10,1199,1,2,VAUXHALL MOKKA,2,E01006866,0,2
2024141489671,2024,141489671,1,9,0,-1,14,8,4,-1,0,8,0,0,0,0,1,1,-1,9,1,62,9,1199,1,2,VAUXHALL MOKKA,2,E01008010,0,1
2024991511509,2024,991511509,1,9,0,-1,19,5,1,-1,0,1,0,0,0,0,1,1,-1,9,1,63,9,1598,2,5,VAUXHALL MOKKA,10,-1,0,1
2024061507384,2024,061507384,1,9,-1,-1,-1,-1,-1,-1,-1,0,-1,-1,-1,0,-1,9,-1,6,3,-1,-1,1364,1,6,VAUXHALL MOKKA,-1,-1,0,-1
2024440439347,2024,440439347,1,9,0,18,19,1,5,0,0,8,0,0,0,0,1,1,6,6,2,56,9,1199,1,3,VAUXHALL MOKKA,5,E01022816,0,1
2024010541925,2024,010541925,1,9,0,7,7,1,4,0,0,3,0,0,0,0,1,1,6,6,2,34,6,1364,1,9,VAUXHALL MOKKA,2,E01001202,0,1
2024141527135,2024,141527135,3,9,0,-1,2,0,0,-1,0,0,0,0,0,0,0,2,-1,6,2,35,6,1199,1,0,VAUXHALL MOKKA,1,E01033277,0,1
2024401405177,2024,401405177,2,9,0,-1,19,3,7,-1,0,8,0,0,0,0,1,1,-1,9,1,73,10,1199,1,3,VAUXHALL MOKKA,4,E01015734,0,1
2024131463570,2024,131463570,1,9,0,-1,19,3,7,-1,0,0,0,0,1,0,1,1,-1,9,1,60,9,1598,1,7,VAUXHALL MOKKA,2,E01011313,0,4
2024010508575,2024,010508575,2,9,0,18,19,3,7,0,0,1,0,0,0,0,3,1,6,6,2,33,6,1364,1,11,VAUXHALL MOKKA,2,E01000033,0,2
2024501492146,2024,501492146,1,9,0,-1,19,6,2,-1,0,0,0,0,1,1,1,1,-1,9,1,63,9,1199,1,1,VAUXHALL MOKKA,4,E01019059,0,4
2024371478668,2024,371478668,2,9,0,-1,19,1,5,-1,0,1,0,0,0,0,2,1,-1,9,2,58,9,1364,1,9,VAUXHALL MOKKA,6,E01030100,0,2
2024461425924,2024,461425924,1,9,0,-1,7,1,3,-1,0,0,0,0,0,0,1,1,-1,2,1,22,5,-1,3,2,VAUXHALL MOKKA,8,E01024354,0,4
2024411438295,2024,411438295,2,9,0,-1,3,6,2,-1,0,1,0,0,0,0,2,1,-1,6,2,30,6,1199,1,2,VAUXHALL MOKKA,9,E01023511,0,3
2024201413526,2024,201413526,1,9,0,-1,9,1,6,-1,0,5,0,0,0,0,1,9,-1,6,2,62,9,1598,1,7,VAUXHALL MOKKA,4,E01009913,0,1
2024991438007,2024,991438007,1,9,0,-1,19,2,7,-1,0,4,0,0,3,4,1,1,-1,2,1,52,8,1364,1,9,VAUXHALL MOKKA,4,-1,0,1
2024052402493,2024,052402493,1,9,0,18,19,7,3,0,0,1,0,0,0,0,4,1,2,2,2,67,10,1364,1,6,VAUXHALL MOKKA,2,E01006785,0,1
2024440298941,2024,440298941,1,9,0,18,19,7,3,0,0,0,0,0,1,7,1,1,6,6,1,48,8,-1,3,0,VAUXHALL MOKKA,1,E01015789,0,5
2024010526661,2024,010526661,1,9,0,18,19,3,7,0,0,0,0,0,0,0,1,1,6,6,2,42,7,1199,1,1,VAUXHALL MOKKA,2,E01004088,0,1
2024010515247,2024,010515247,1,9,0,8,8,1,3,0,0,1,0,0,0,0,1,1,6,6,1,61,9,1364,1,5,VAUXHALL MOKKA,2,E01003066,0,1
2024461535964,2024,461535964,1,9,0,-1,9,8,5,-1,0,6,0,0,0,0,3,1,-1,9,1,51,8,1364,1,7,VAUXHALL MOKKA,2,E01016102,0,1
2024231433478,2024,231433478,2,9,0,-1,3,-1,-1,-1,0,0,0,0,0,0,2,9,-1,6,2,31,6,-1,3,1,VAUXHALL MOKKA,1,E01009605,0,1
2024991411345,2024,991411345,4,9,0,-1,10,5,3,-1,0,5,0,0,0,0,2,1,-1,9,1,27,6,1598,2,9,VAUXHALL MOKKA,-1,-1,0,-1
2024211426917,2024,211426917,4,9,0,-1,19,1,1,-1,0,0,0,0,0,0,1,9,-1,6,-1,-1,-1,1364,1,7,VAUXHALL MOKKA,-1,-1,0,-1
2024101396390,2024,101396390,1,8,0,-1,1,1,5,-1,0,8,0,0,0,0,2,1,-1,6,1,45,7,1598,2,8,VAUXHALL MOKKA,1,E01008398,0,1
2024461421660,2024,461421660,1,9,0,-1,19,7,3,-1,0,0,1,11,0,0,1,1,-1,6,1,33,6,1199,1,1,VAUXHALL MOKKA,1,E01024397,0,1
2024201428969,2024,201428969,2,9,0,-1,19,1,5,-1,0,0,0,0,0,0,2,1,-1,9,1,47,8,1364,1,7,VAUXHALL MOKKA,1,E01010456,0,2
2024302400260,2024,302400260,1,9,0,18,19,1,5,0,0,1,1,0,1,11,1,1,6,6,2,41,7,1364,1,6,VAUXHALL MOKKA,4,E01019538,0,2
2024430458892,2024,430458892,2,9,0,9,9,4,2,0,0,6,0,0,0,0,1,1,6,6,2,52,8,-1,3,2,VAUXHALL MOKKA,-1,-1,0,-1
2024071014528,2024,071014528,2,9,0,-1,7,3,1,-1,0,8,9,99,0,0,2,1,-1,-1,2,28,6,1364,1,5,VAUXHALL MOKKA,2,E01006068,0,4
2024010528034,2024,010528034,2,9,0,18,19,3,7,0,0,0,0,0,0,0,2,1,6,6,2,34,6,1199,1,0,VAUXHALL MOKKA,-1,-1,0,-1
2024052400744,2024,052400744,1,9,0,18,19,4,8,0,0,6,0,0,0,0,1,1,6,6,2,35,6,1598,1,7,VAUXHALL MOKKA,1,E01006569,0,1
2024231490563,2024,231490563,1,9,0,-1,13,8,4,-1,0,0,0,0,0,0,4,9,-1,6,1,77,11,1199,1,1,VAUXHALL MOKKA,9,E01028797,0,4
2024440325719,2024,440325719,2,9,0,18,19,2,6,0,0,4,0,0,0,0,4,1,6,6,3,-1,-1,1199,1,2,VAUXHALL MOKKA,-1,-1,0,-1
2024991530808,2024,991530808,1,9,0,-1,19,2,3,-1,0,6,0,0,0,0,1,1,-1,6,1,79,11,1364,1,6,VAUXHALL MOKKA,2,-1,0,1
2024141429709,2024,141429709,2,9,0,-1,19,8,3,-1,0,8,0,0,0,0,1,1,-1,1,1,43,7,1199,1,0,VAUXHALL MOKKA,1,E01008119,0,1
2024010502795,2024,010502795,1,9,0,16,19,7,1,0,0,1,0,0,0,0,1,1,6,6,1,49,8,1598,1,11,VAUXHALL MOKKA,3,E01016129,0,4
2024461504400,2024,461504400,2,9,0,-1,19,8,4,-1,0,0,0,0,2,0,3,1,-1,9,1,76,11,1364,1,9,VAUXHALL MOKKA,-1,-1,0,-1
2024010531959,2024,010531959,2,9,0,18,19,7,3,0,0,1,0,0,0,0,1,1,6,6,2,65,9,1199,1,1,VAUXHALL MOKKA,2,E01001978,0,1
2024501494610,2024,501494610,1,9,0,-1,19,5,1,-1,0,8,0,0,0,0,3,1,-1,9,1,66,10,1598,1,8,VAUXHALL MOKKA,5,E01020013,0,1
2024311413717,2024,311413717,1,9,0,-1,19,5,1,-1,0,2,0,0,0,0,3,2,-1,9,1,51,8,-1,3,3,VAUXHALL MOKKA,1,E01013859,0,1
2024991452064,2024,991452064,2,9,0,-1,5,4,7,-1,0,1,0,0,0,0,1,1,-1,9,2,41,7,1364,1,6,VAUXHALL MOKKA,8,-1,0,1
2024010516370,2024,010516370,1,9,0,4,4,3,7,0,0,1,0,0,0,0,1,1,6,6,1,28,6,1199,1,1,VAUXHALL MOKKA,2,E01003508,0,1
2024211481361,2024,211481361,1,9,0,-1,7,1,7,-1,0,1,0,0,0,0,1,1,-1,2,1,50,8,1686,2,11,VAUXHALL MOKKA,4,E01029462,0,1
2024461413543,2024,461413543,1,9,0,-1,19,1,5,-1,0,0,5,4,0,0,1,1,-1,1,2,47,8,-1,3,1,VAUXHALL MOKKA,1,E01024697,0,2
2024201476937,2024,201476937,2,9,0,-1,19,4,8,-1,0,1,0,0,0,0,2,9,-1,6,2,-1,-1,1364,1,6,VAUXHALL MOKKA,1,E01032888,0,1
2024010507822,2024,010507822,2,9,0,99,99,9,9,99,99,9,9,99,9,99,9,9,6,6,3,-1,-1,1364,1,5,VAUXHALL MOKKA,2,E01003051,0,1
2024440420604,2024,440420604,2,9,0,4,4,7,3,0,0,0,0,0,0,0,2,1,6,6,1,31,6,1364,1,8,VAUXHALL MOKKA,2,E01017265,0,1
2024010511323,2024,010511323,1,9,0,18,19,1,5,0,0,8,0,0,1,0,0,1,6,6,1,83,11,1364,1,8,VAUXHALL MOKKA,6,E01003672,0,1
2024461406283,2024,461406283,1,9,0,-1,19,5,4,-1,0,4,0,0,0,0,4,1,-1,2,2,42,7,1364,1,7,VAUXHALL MOKKA,10,E01024463,0,2
2024131517469,2024,131517469,2,9,0,-1,19,3,7,-1,0,8,0,0,0,0,3,1,-1,9,1,33,6,1598,1,9,VAUXHALL MOKKA,3,E01007433,0,1
2024141534928,2024,141534928,2,9,0,-1,7,5,7,-1,0,5,0,0,0,0,4,1,-1,6,1,39,7,1686,2,11,VAUXHALL MOKKA,1,E01007544,0,1
2024361426537,2024,361426537,1,9,0,-1,19,7,3,-1,0,0,5,0,2,0,4,9,-1,9,1,27,6,1199,1,1,VAUXHALL MOKKA,2,E01026488,0,4
2024101524327,2024,101524327,1,9,0,-1,19,1,5,-1,0,0,0,0,0,0,1,1,-1,9,1,76,11,1598,1,8,VAUXHALL MOKKA,9,E01012257,0,4
2024411542443,2024,411542443,2,9,0,-1,19,2,6,-1,0,1,0,0,0,0,1,1,-1,6,1,32,6,1199,1,3,VAUXHALL MOKKA,9,E01023604,0,1
2024461422091,2024,461422091,2,9,0,-1,5,7,4,-1,0,4,0,0,0,0,3,1,-1,9,2,48,8,-1,3,1,VAUXHALL MOKKA,3,E01024620,0,3
2024111456320,2024,111456320,2,9,0,-1,19,3,7,-1,0,0,0,0,0,0,1,1,-1,9,2,25,5,1199,1,1,VAUXHALL MOKKA,5,E01020864,0,3
2024320580557,2024,320580557,1,9,0,-1,-1,2,6,0,0,2,0,10,1,10,1,1,6,6,1,28,6,1686,2,9,VAUXHALL MOKKA,1,E01026112,0,1
2024991416483,2024,991416483,1,9,0,-1,19,3,7,-1,0,0,0,0,0,0,4,1,-1,9,2,37,7,1364,1,9,VAUXHALL MOKKA,8,-1,0,3
2024320382602,2024,320382602,1,9,0,18,19,2,7,0,0,2,1,0,7,1,1,1,-1,-1,2,36,7,1199,1,2,VAUXHALL MOKKA,-1,-1,0,-1
2024991468397,2024,991468397,1,9,0,-1,5,1,4,-1,-1,0,0,0,0,0,3,1,-1,9,2,45,7,1364,1,7,VAUXHALL MOKKA,1,-1,0,2
2024311461807,2024,311461807,1,9,0,-1,9,8,4,-1,0,8,0,0,0,0,1,9,-1,2,2,44,7,1199,1,0,VAUXHALL MOKKA,8,E01032622,0,3
2024340NN0622,2024,340NN0622,1,9,0,-1,19,3,7,-1,0,6,0,0,1,0,1,1,-1,9,2,24,5,1199,1,2,VAUXHALL MOKKA,9,E01027018,0,2
2024440222229,2024,440222229,2,9,0,18,19,3,7,0,0,0,0,0,0,0,1,1,6,6,2,43,7,1598,1,9,VAUXHALL MOKKA,10,E01034726,0,2
2024451444327,2024,451444327,1,9,0,-1,20,1,5,-1,0,0,0,0,0,0,3,1,-1,2,1,34,6,-1,3,2,VAUXHALL MOKKA,5,E01023140,0,3
2024440034254,2024,440034254,1,9,0,18,19,1,5,0,0,4,0,0,0,0,1,1,6,6,2,29,6,1598,2,8,VAUXHALL MOKKA,4,E01017206,0,2
2024070651810,2024,070651810,1,9,0,1,1,3,7,9,9,0,0,0,0,0,2,1,6,6,2,35,6,1364,1,7,VAUXHALL MOKKA,2,E01018714,0,1
2024440310723,2024,440310723,1,9,0,18,19,5,1,0,0,8,0,0,0,0,1,1,2,2,2,39,7,1364,1,9,VAUXHALL MOKKA,10,E01023272,0,2
2024201531719,2024,201531719,1,9,0,-1,19,1,5,-1,0,6,0,0,0,0,1,1,-1,6,2,41,7,1199,1,1,VAUXHALL MOKKA,5,E01009135,0,1
2024421518906,2024,421518906,1,9,0,-1,3,7,3,-1,0,0,0,0,0,0,2,1,-1,6,2,31,6,1364,1,5,VAUXHALL MOKKA,3,E01002303,0,3
2024131459089,2024,131459089,1,9,0,-1,9,8,4,-1,0,5,0,0,0,0,3,1,-1,9,2,53,8,1199,1,1,VAUXHALL MOKKA,4,E01011150,0,2
2024520403005,2024,520403005,2,9,0,18,19,5,1,0,0,0,0,0,0,0,1,1,6,6,1,70,10,1364,1,7,VAUXHALL MOKKA,8,E01029145,0,1
2024211438369,2024,211438369,3,9,0,-1,3,4,8,-1,0,0,1,0,1,0,1,1,-1,6,2,73,10,1364,1,5,VAUXHALL MOKKA,-1,-1,0,-1
2024141416456,2024,141416456,3,9,0,-1,12,5,1,-1,0,0,0,0,0,0,1,1,-1,9,2,21,5,1686,2,10,VAUXHALL MOKKA,1,E01028068,0,3
2024340NN4472,2024,340NN4472,2,9,0,-1,19,7,3,-1,0,8,0,0,0,0,3,1,-1,6,1,56,9,-1,3,2,VAUXHALL MOKKA,-1,-1,0,-1
2024430050247,2024,430050247,1,9,0,9,9,8,6,0,0,5,0,0,0,0,1,1,6,6,2,72,10,1364,1,8,VAUXHALL MOKKA,9,E01017939,0,1
2024332501214,2024,332501214,2,9,0,-1,5,2,8,-1,0,6,0,0,0,0,3,1,-1,9,1,63,9,1364,1,9,VAUXHALL MOKKA,3,E01031109,0,3
2024311508425,2024,311508425,1,9,0,-1,9,3,8,-1,0,1,0,0,0,0,3,1,-1,6,2,43,7,-1,3,3,VAUXHALL MOKKA,10,E01035510,0,1
2024340NN1712,2024,340NN1712,2,9,0,-1,19,1,5,-1,0,1,0,0,0,0,2,1,-1,1,2,53,8,1598,1,10,VAUXHALL MOKKA,8,E01016722,0,4
2024461412653,2024,461412653,1,9,0,-1,19,2,6,-1,0,0,0,4,0,0,1,9,-1,9,1,44,7,1199,1,2,VAUXHALL MOKKA,3,E01024264,0,1
2024991438983,2024,991438983,1,9,0,-1,10,7,4,-1,0,6,0,0,0,0,1,1,-1,9,1,48,8,1364,1,5,VAUXHALL MOKKA,9,-1,0,2
2024440492438,2024,440492438,1,9,0,18,19,3,7,0,0,0,0,0,1,4,1,1,2,2,1,49,8,1364,1,7,VAUXHALL MOKKA,-1,-1,0,-1
2024421504294,2024,421504294,2,9,0,-1,-1,-1,-1,-1,-1,0,-1,-1,-1,0,-1,9,-1,6,2,31,6,1598,1,9,VAUXHALL MOKKA,5,E01021818,0,1
2024991493220,2024,991493220,1,9,0,-1,19,3,7,-1,0,8,0,0,0,0,1,1,-1,6,2,29,6,1199,1,1,VAUXHALL MOKKA,6,-1,0,1
2024070360722,2024,070360722,2,9,0,18,19,6,2,0,0,0,0,0,7,0,2,2,6,6,2,29,6,1364,1,8,VAUXHALL MOKKA,7,E01018736,0,1
2024221422295,2024,221422295,3,9,0,-1,19,5,1,-1,0,2,0,0,0,0,1,1,-1,6,1,82,11,1364,1,10,VAUXHALL MOKKA,7,E01029669,0,2
2024991400020,2024,991400020,1,9,0,-1,19,1,5,-1,0,8,0,0,0,0,4,1,-1,9,1,76,11,1199,1,2,VAUXHALL MOKKA,5,-1,0,1
2024041468787,2024,041468787,2,9,0,-1,19,5,1,-1,0,0,0,0,0,0,1,1,-1,9,1,66,10,1364,1,5,VAUXHALL MOKKA,3,E01004875,0,4
2024201533636,2024,201533636,1,9,0,-1,19,8,4,-1,0,8,0,0,0,0,1,1,-1,6,3,-1,-1,1598,1,7,VAUXHALL MOKKA,-1,-1,0,-1
2024010541238,2024,010541238,1,9,0,99,99,9,9,99,99,9,9,99,9,99,9,9,6,6,1,75,10,1364,1,6,VAUXHALL MOKKA,5,E01000982,0,1
2024141473501,2024,141473501,1,9,0,-1,4,5,1,-1,0,8,0,0,3,2,1,1,-1,9,2,61,9,-1,3,0,VAUXHALL MOKKA,8,E01007428,0,1
2024041470317,2024,041470317,1,9,0,-1,19,7,3,-1,0,0,0,0,0,0,3,1,-1,6,2,51,8,1598,1,8,VAUXHALL MOKKA,3,E01012651,0,1
2024991524580,2024,991524580,3,9,0,-1,3,3,7,-1,0,0,0,0,0,0,2,1,-1,2,2,41,7,-1,3,0,VAUXHALL MOKKA,6,-1,0,1
2024461528842,2024,461528842,1,9,0,-1,19,3,7,-1,0,0,0,0,0,0,1,1,-1,9,2,55,8,1364,1,6,VAUXHALL MOKKA,4,E01024134,0,1
2024161508082,2024,161508082,2,9,0,-1,4,5,1,-1,0,0,0,0,0,0,1,1,-1,6,3,-1,-1,1364,1,7,VAUXHALL MOKKA,-1,-1,0,-1
2024421513441,2024,421513441,2,9,0,-1,19,7,3,-1,0,0,0,0,1,11,1,1,-1,9,1,70,10,1199,1,1,VAUXHALL MOKKA,8,E01021719,0,1
2024302401619,2024,302401619,1,9,0,9,9,6,4,0,0,8,0,0,0,0,1,1,2,2,2,57,9,1364,1,7,VAUXHALL MOKKA,10,E01019686,0,1
2024201459326,2024,201459326,1,9,0,-1,9,3,5,-1,0,6,0,0,0,0,1,1,-1,2,2,34,6,1598,2,8,VAUXHALL MOKKA,1,E01010058,0,1
2024401539781,2024,401539781,2,9,0,-1,9,8,2,-1,0,8,0,0,0,0,1,1,-1,6,2,40,7,1199,1,3,VAUXHALL MOKKA,6,E01027057,0,4
2024161461912,2024,161461912,1,9,0,-1,3,5,1,-1,0,0,0,0,0,0,2,1,-1,9,1,68,10,1364,1,10,VAUXHALL MOKKA,1,E01035468,0,1
2024010520356,2024,010520356,4,9,0,18,19,7,3,0,0,2,0,0,0,0,2,1,6,6,1,32,6,1364,1,6,VAUXHALL MOKKA,1,E01003506,0,2
2024461449469,2024,461449469,1,9,0,-1,19,8,4,-1,0,8,0,0,0,0,1,1,-1,9,2,29,6,1364,1,6,VAUXHALL MOKKA,6,E01024716,0,1
2024010527559,2024,010527559,1,9,0,18,19,7,3,0,0,5,0,0,0,0,4,1,1,1,1,43,7,1364,1,6,VAUXHALL MOKKA,-1,-1,0,-1
2024332400651,2024,332400651,1,9,0,-1,19,1,5,-1,0,0,2,0,1,1,1,1,-1,6,1,29,6,1686,2,10,VAUXHALL MOKKA,1,E01005065,0,5
2024010521497,2024,010521497,1,9,0,18,19,6,2,0,0,0,0,10,0,0,1,1,6,6,1,28,6,-1,3,2,VAUXHALL MOKKA,9,E01002107,0,1
2024010499870,2024,010499870,1,9,0,17,19,5,4,0,0,8,0,0,0,0,1,1,6,6,2,68,10,1364,1,6,VAUXHALL MOKKA,3,E01003269,0,1
2024461467912,2024,461467912,1,9,0,-1,19,7,3,-1,0,0,0,0,0,0,1,9,-1,6,2,39,7,-1,3,1,VAUXHALL MOKKA,2,E01024165,0,1
2024070899824,2024,070899824,1,9,0,-1,19,1,7,-1,0,4,0,0,0,0,4,1,-1,6,2,73,10,1686,2,10,VAUXHALL MOKKA,10,E01018503,0,2
2024311543845,2024,311543845,1,9,0,-1,9,4,2,-1,0,0,0,0,0,0,1,1,-1,9,2,31,6,1199,1,2,VAUXHALL MOKKA,6,E01033773,0,2
2024311522457,2024,311522457,1,9,0,-1,2,0,0,-1,0,0,0,0,0,0,1,1,-1,1,1,50,8,1598,1,11,VAUXHALL MOKKA,4,E01028077,0,1
2024131415527,2024,131415527,2,9,0,-1,5,3,6,-1,0,0,0,0,0,0,1,1,-1,6,3,-1,-1,1598,2,8,VAUXHALL MOKKA,-1,-1,0,-1
2024010528737,2024,010528737,2,9,9,99,99,9,9,99,99,9,9,99,9,99,9,9,6,6,3,-1,-1,1364,1,6,VAUXHALL MOKKA,-1,-1,0,-1
2024161506466,2024,161506466,2,9,9,-1,19,8,3,-1,0,0,9,99,9,0,4,9,-1,6,1,61,9,1598,1,11,VAUXHALL MOKKA,9,E01012770,0,1
2024461483574,2024,461483574,2,9,0,-1,19,8,4,-1,0,8,5,0,0,0,3,2,-1,9,2,45,7,1598,2,8,VAUXHALL MOKKA,7,E01032822,0,1
2024549871924,2024,549871924,1,9,0,5,5,1,5,0,0,0,0,0,0,0,1,1,6,6,2,37,7,1199,1,1,VAUXHALL MOKKA,3,E01034534,0,1
2024340WN6752,2024,340WN6752,1,9,0,-1,1,2,6,-1,0,0,0,0,0,0,4,1,-1,9,1,79,11,1199,1,1,VAUXHALL MOKKA,1,E01027199,0,1
2024010542113,2024,010542113,2,9,0,18,19,1,5,0,0,1,0,0,0,0,2,1,3,7,2,44,7,1364,1,6,VAUXHALL MOKKA,8,E01030697,0,3
2024320500564,2024,320500564,1,9,0,-1,-1,1,5,0,0,8,0,0,0,0,1,1,-1,-1,2,48,8,1364,1,5,VAUXHALL MOKKA,5,E01026276,0,1
2024552401405,2024,552401405,1,9,0,16,19,5,8,0,0,0,0,0,0,0,1,1,6,6,2,62,9,1364,1,7,VAUXHALL MOKKA,3,E01015359,0,1
2024070225361,2024,070225361,1,9,0,18,19,7,3,0,0,0,0,0,0,0,1,1,6,6,1,74,10,1598,1,10,VAUXHALL MOKKA,3,E01018446,0,1
2024302400263,2024,302400263,1,9,0,1,1,5,1,0,0,2,0,0,0,0,2,1,6,6,2,54,8,1199,1,2,VAUXHALL MOKKA,2,E01019688,0,2
2024131395457,2024,131395457,1,9,0,-1,8,7,3,-1,0,1,0,0,0,0,1,1,-1,6,3,-1,-1,1598,1,7,VAUXHALL MOKKA,-1,-1,0,-1
2024361450418,2024,361450418,1,9,0,-1,5,6,2,-1,0,0,0,0,0,0,1,1,-1,9,1,82,11,1364,1,5,VAUXHALL MOKKA,5,E01026761,0,1
2024201440916,2024,201440916,1,9,0,-1,19,6,2,-1,0,0,0,0,0,0,4,1,-1,9,1,20,4,1598,1,10,VAUXHALL MOKKA,4,E01010015,0,2
2024332400289,2024,332400289,1,9,0,-1,4,3,7,-1,0,0,0,0,0,0,2,1,-1,6,2,27,6,1199,1,3,VAUXHALL MOKKA,7,E01025748,0,1
2024351539320,2024,351539320,1,9,0,-1,19,2,7,-1,0,4,0,0,0,0,1,1,-1,6,1,32,6,1364,1,6,VAUXHALL MOKKA,6,E01021414,0,4
2024361436268,2024,361436268,2,9,0,-1,9,5,1,-1,0,1,0,0,0,0,4,1,-1,6,2,53,8,1686,2,10,VAUXHALL MOKKA,1,E01026704,0,1
2024622400614,2024,622400614,1,9,0,18,19,4,7,0,0,8,0,0,0,0,4,1,6,6,1,54,8,1364,1,9,VAUXHALL MOKKA,2,W01000762,0,1
2024141531503,2024,141531503,1,9,0,-1,19,3,7,-1,0,1,0,0,0,0,1,1,-1,2,1,37,7,1598,1,8,VAUXHALL MOKKA,1,E01007563,0,3
2024131423763,2024,131423763,2,9,0,-1,19,3,7,-1,0,1,0,0,0,0,4,1,-1,9,1,80,11,1364,1,6,VAUXHALL MOKKA,3,E01011322,0,1
2024201451895,2024,201451895,3,9,0,-1,2,0,0,-1,0,2,0,0,0,0,1,9,-1,6,1,52,8,1598,1,8,VAUXHALL MOKKA,2,E01009988,0,1
2024041474535,2024,041474535,2,9,0,-1,4,3,7,-1,0,0,0,0,0,0,2,1,-1,2,2,26,6,1364,1,9,VAUXHALL MOKKA,6,E01025027,0,4
2024010503541,2024,010503541,2,9,0,6,6,3,3,0,0,2,0,0,0,0,1,1,6,6,1,30,6,1199,1,1,VAUXHALL MOKKA,-1,-1,0,-1