collision_index,collision_year,collision_ref_no,vehicle_reference,vehicle_type,towing_and_articulation,vehicle_manoeuvre_historic,vehicle_manoeuvre,vehicle_direction_from,vehicle_direction_to,vehicle_location_restricted_lane_historic,vehicle_location_restricted_lane,junction_location,skidding_and_overturning,hit_object_in_carriageway,vehicle_leaving_carriageway,hit_object_off_carriageway,first_point_of_impact,vehicle_left_hand_drive,journey_purpose_of_driver_historic,journey_purpose_of_driver,sex_of_driver,age_of_driver,age_band_of_driver,engine_capacity_cc,propulsion_code,age_of_vehicle,generic_make_model,driver_imd_decile,lsoa_of_driver,escooter_flag,driver_distance_banding
2024141531484,2024,141531484,2,9,0,-1,19,7,3,-1,0,8,0,0,0,0,1,1,-1,9,2,63,9,1199,1,2,VAUXHALL MOKKA,9,E01028047,0,2
2024371474612,2024,371474612,1,9,0,-1,19,8,4,-1,0,2,5,4,0,0,4,1,-1,9,1,25,5,1199,1,2,VAUXHALL MOKKA,4,E01030113,0,1
2024610026824,2024,610026824,3,9,0,3,3,2,6,0,0,1,0,0,0,0,2,1,6,6,2,49,8,1598,2,8,VAUXHALL MOKKA,4,W01001337,0,1
2024311535761,2024,311535761,1,9,0,-1,3,1,2,-1,0,4,0,0,0,0,-1,1,-1,6,1,50,8,1686,2,9,VAUXHALL MOKKA,-1,-1,0,-1
2024501491309,2024,501491309,1,9,0,-1,4,7,3,-1,0,0,0,0,0,0,2,1,-1,6,2,38,7,1598,2,5,VAUXHALL MOKKA,4,E01015077,0,4
2024471399112,2024,471399112,1,9,0,-1,5,5,1,-1,0,2,0,0,0,0,4,1,-1,2,1,42,7,1199,1,1,VAUXHALL MOKKA,8,E01016972,0,1
202460Q192202,2024,60Q192202,1,9,0,18,19,4,8,0,0,0,0,12,0,0,1,1,6,6,1,63,9,1364,1,10,VAUXHALL MOKKA,-1,-1,0,-1
2024010542039,2024,010542039,1,9,0,9,9,1,8,0,0,1,0,0,0,0,4,1,6,6,2,31,6,1598,2,7,VAUXHALL MOKKA,3,E01004063,0,2
2024010546662,2024,010546662,4,9,0,18,19,1,5,0,0,0,0,0,0,0,1,1,6,6,2,25,5,-1,3,0,VAUXHALL MOKKA,1,E01001813,0,2
2024311414491,2024,311414491,1,9,0,-1,19,4,8,-1,0,2,0,0,0,0,1,1,-1,6,1,30,6,1364,1,9,VAUXHALL MOKKA,-1,-1,0,-1
2024061444724,2024,061444724,2,9,0,-1,19,2,6,-1,0,1,0,0,0,0,1,1,-1,9,1,62,9,-1,3,2,VAUXHALL MOKKA,9,E01006377,0,3
2024411443124,2024,411443124,1,9,0,-1,5,1,5,-1,9,4,0,0,3,2,1,1,-1,6,2,80,11,1364,1,5,VAUXHALL MOKKA,10,E01023379,0,1
2024501434007,2024,501434007,2,9,0,-1,19,1,5,-1,0,1,0,0,0,0,1,1,-1,9,2,34,6,1598,2,9,VAUXHALL MOKKA,6,E01018794,0,3
2024461465249,2024,461465249,2,9,0,-1,3,2,7,-1,0,1,0,0,0,0,2,9,-1,6,2,32,6,1364,1,7,VAUXHALL MOKKA,4,E01024197,0,1
2024221463005,2024,221463005,1,9,0,-1,9,8,5,-1,0,6,0,0,0,0,3,1,-1,6,1,41,7,1364,1,5,VAUXHALL MOKKA,8,E01032439,0,1
2024401432507,2024,401432507,1,9,0,-1,4,6,2,-1,0,0,1,4,0,0,1,1,-1,6,1,85,11,1364,1,8,VAUXHALL MOKKA,9,E01017585,0,1
2024440474611,2024,440474611,1,9,0,18,19,6,2,0,0,0,0,0,0,0,1,1,6,6,2,38,7,1598,1,10,VAUXHALL MOKKA,7,E01022812,0,2
2024371483830,2024,371483830,1,9,0,-1,19,1,5,-1,0,0,0,0,0,0,1,1,-1,6,1,19,4,1686,2,10,VAUXHALL MOKKA,10,E01033319,0,1
2024061468400,2024,061468400,2,9,0,-1,19,7,3,-1,0,1,0,0,0,0,4,1,-1,6,1,60,9,1364,1,8,VAUXHALL MOKKA,2,E01005368,0,1
2024302400309,2024,302400309,3,9,0,18,19,3,7,0,0,8,0,0,0,0,2,1,2,2,2,62,9,1598,1,8,VAUXHALL MOKKA,6,E01019421,0,2
2024010541455,2024,010541455,1,9,9,99,99,9,9,99,99,9,9,99,9,99,9,9,6,6,1,31,6,1364,1,7,VAUXHALL MOKKA,4,E01001879,0,1
2024010515320,2024,010515320,1,9,0,99,99,9,9,99,99,1,9,99,9,99,1,9,6,6,2,30,6,1364,1,7,VAUXHALL MOKKA,9,E01022099,0,4
2024440329376,2024,440329376,1,9,0,7,7,4,6,0,0,5,0,0,0,0,4,1,6,6,2,49,8,1199,1,1,VAUXHALL MOKKA,9,E01022763,0,2
2024311412999,2024,311412999,2,9,0,-1,19,8,4,-1,0,0,0,0,0,0,2,1,-1,6,1,38,7,1199,1,1,VAUXHALL MOKKA,4,E01028133,0,1
2024520401801,2024,520401801,1,9,0,18,19,5,2,0,0,0,0,0,1,11,1,1,6,6,1,80,11,1199,1,3,VAUXHALL MOKKA,6,E01032652,0,1
2024141535503,2024,141535503,1,9,0,-1,4,7,3,-1,0,1,0,0,0,0,2,2,-1,9,2,59,9,1364,1,9,VAUXHALL MOKKA,1,E01007372,0,1
2024351429573,2024,351429573,1,9,0,-1,1,5,1,-1,0,0,0,0,1,11,4,1,-1,9,2,62,9,-1,3,1,VAUXHALL MOKKA,10,E01018013,0,1
2024622400796,2024,622400796,1,8,0,17,19,2,6,0,0,0,0,10,7,11,3,1,6,6,2,47,8,1199,1,1,VAUXHALL MOKKA,3,W01001312,0,1
2024991505542,2024,991505542,1,9,0,-1,7,1,3,-1,0,0,0,0,0,0,1,1,-1,9,2,47,8,1199,1,1,VAUXHALL MOKKA,8,-1,0,4
2024041394838,2024,041394838,1,9,0,-1,19,4,8,-1,0,4,0,0,0,0,1,1,-1,6,1,54,8,1598,2,8,VAUXHALL MOKKA,9,E01025177,0,4
2024131520053,2024,131520053,1,9,0,-1,19,1,1,-1,0,0,0,0,0,0,3,1,-1,6,3,-1,-1,-1,3,2,VAUXHALL MOKKA,-1,-1,0,-1
2024440421709,2024,440421709,2,9,0,18,19,1,5,0,0,1,0,0,7,0,1,1,6,6,2,76,11,-1,3,1,VAUXHALL MOKKA,8,E01022468,0,1
2024201518758,2024,201518758,2,9,0,-1,19,3,7,-1,0,1,0,0,0,0,4,1,-1,6,1,34,6,1199,1,2,VAUXHALL MOKKA,1,E01033650,0,1
2024461511223,2024,461511223,1,9,0,-1,3,7,3,-1,0,0,0,0,0,0,1,1,-1,6,2,25,5,1364,1,11,VAUXHALL MOKKA,5,E01024421,0,1
2024211526512,2024,211526512,1,9,0,-1,5,3,7,-1,0,1,0,0,0,0,1,1,-1,7,1,79,11,1199,1,1,VAUXHALL MOKKA,10,E01009859,0,2
2024052402420,2024,052402420,1,9,0,18,19,3,7,0,0,0,0,0,0,0,1,1,6,6,2,18,4,-1,3,0,VAUXHALL MOKKA,2,E01006962,0,2
2024430053859,2024,430053859,2,9,0,18,19,3,7,0,0,8,0,0,1,11,1,1,6,6,1,70,10,1364,1,10,VAUXHALL MOKKA,9,E01028423,0,2
2024991435325,2024,991435325,1,9,0,-1,5,3,8,-1,0,6,0,0,0,0,1,1,-1,6,1,73,10,1598,2,6,VAUXHALL MOKKA,1,-1,0,2
2024010516322,2024,010516322,1,9,0,7,7,5,8,0,0,5,0,0,0,0,1,1,6,6,2,66,10,-1,3,1,VAUXHALL MOKKA,2,E01001549,0,1
2024430355199,2024,430355199,2,9,0,4,4,4,7,0,0,1,0,0,0,1,2,1,6,6,2,54,8,1364,1,6,VAUXHALL MOKKA,10,E01028815,0,3
2024231465211,2024,231465211,1,9,0,-1,9,7,5,-1,0,6,0,0,0,0,1,1,-1,9,2,19,4,-1,3,0,VAUXHALL MOKKA,10,E01031307,0,1
2024991486742,2024,991486742,1,9,0,-1,5,6,1,-1,0,4,0,0,0,0,0,1,-1,1,1,58,9,1364,1,5,VAUXHALL MOKKA,6,-1,0,1
2024471512379,2024,471512379,2,9,0,-1,5,7,3,-1,0,1,0,0,0,0,1,1,-1,7,2,28,6,1598,1,8,VAUXHALL MOKKA,6,E01035322,0,1
2024421398512,2024,421398512,1,9,0,-1,9,1,7,-1,0,1,0,0,0,0,1,9,-1,6,2,25,5,1364,1,8,VAUXHALL MOKKA,8,E01021482,0,1
2024311476717,2024,311476717,1,9,0,-1,19,2,6,-1,0,4,0,0,8,2,1,1,-1,9,1,82,11,1199,1,3,VAUXHALL MOKKA,8,E01026365,0,3
2024010517693,2024,010517693,1,9,0,3,3,1,5,0,0,0,0,0,0,0,2,1,6,6,1,20,4,1199,1,1,VAUXHALL MOKKA,2,E01001560,0,1
2024201486218,2024,201486218,1,9,0,-1,19,4,8,-1,0,8,0,0,0,0,3,9,-1,9,2,63,9,1364,1,8,VAUXHALL MOKKA,1,E01008931,0,2
2024041513208,2024,041513208,2,9,0,-1,19,3,7,-1,0,8,0,0,0,0,3,1,-1,9,2,51,8,-1,3,1,VAUXHALL MOKKA,1,E01025041,0,1
2024201448691,2024,201448691,2,9,0,-1,9,3,7,-1,0,0,0,0,0,0,3,9,-1,6,2,29,6,1199,1,1,VAUXHALL MOKKA,5,E01008975,0,1
2024010548532,2024,010548532,1,9,0,99,99,9,9,99,99,6,9,99,9,99,9,9,6,6,2,29,6,1199,1,1,VAUXHALL MOKKA,7,E01003408,0,1
2024071020806,2024,071020806,1,9,9,-1,3,9,9,-1,0,4,1,0,0,0,4,1,-1,6,1,-1,-1,1199,1,3,VAUXHALL MOKKA,-1,-1,0,-1
2024101472106,2024,101472106,2,9,0,-1,9,4,8,-1,0,8,0,0,0,0,3,1,-1,6,3,-1,-1,1598,2,8,VAUXHALL MOKKA,-1,-1,0,-1
2024122400110,2024,122400110,1,9,0,18,19,6,2,0,0,1,0,0,7,4,1,1,2,2,2,58,9,1364,1,5,VAUXHALL MOKKA,10,E01027670,0,2
2024201533598,2024,201533598,2,9,0,-1,19,1,4,-1,0,1,0,0,0,0,3,1,-1,9,2,63,9,1364,1,9,VAUXHALL MOKKA,1,E01010485,0,1
2024201492187,2024,201492187,1,9,0,-1,19,8,4,-1,0,0,0,0,0,0,1,1,-1,6,1,28,6,1199,1,1,VAUXHALL MOKKA,4,E01009767,0,1
2024340NN4302,2024,340NN4302,2,9,0,-1,7,5,7,-1,0,4,0,0,0,0,4,1,-1,9,2,30,6,1199,1,3,VAUXHALL MOKKA,10,E01035408,0,3
2024052400292,2024,052400292,2,9,0,2,2,0,0,0,0,0,0,0,0,0,1,1,6,6,2,23,5,1364,1,8,VAUXHALL MOKKA,1,E01007239,0,1
2024201410578,2024,201410578,2,9,0,-1,19,4,2,-1,0,4,0,0,0,0,0,9,-1,6,2,31,6,-1,3,1,VAUXHALL MOKKA,3,E01009777,0,1
2024371529406,2024,371529406,1,9,0,-1,19,1,4,-1,0,2,0,0,1,9,4,1,-1,9,1,77,11,1598,2,8,VAUXHALL MOKKA,5,E01026583,0,4
2024471482842,2024,471482842,2,9,0,-1,19,2,6,-1,0,0,0,0,1,0,2,1,-1,2,2,61,9,1364,1,9,VAUXHALL MOKKA,6,E01021054,0,1
2024221476521,2024,221476521,2,9,0,-1,9,8,6,-1,0,5,0,0,0,0,3,1,-1,6,1,67,10,1199,1,1,VAUXHALL MOKKA,1,E01010239,0,4
2024531480652,2024,531480652,2,9,0,-1,19,5,1,-1,0,2,0,0,0,0,4,1,-1,6,2,68,10,1364,1,8,VAUXHALL MOKKA,8,W01000610,0,5
2024320188332,2024,320188332,1,9,0,9,9,4,6,0,0,6,0,0,0,0,1,1,-1,-1,2,86,11,1364,1,7,VAUXHALL MOKKA,7,E01026252,0,3
2024440440106,2024,440440106,1,9,0,18,19,1,5,0,0,0,0,0,0,0,1,1,6,6,2,67,10,1364,1,7,VAUXHALL MOKKA,9,E01032615,0,1
2024311442557,2024,311442557,1,9,0,-1,3,2,6,-1,0,1,0,0,0,0,2,1,-1,9,1,27,6,1598,1,11,VAUXHALL MOKKA,5,E01028162,0,1
2024371432592,2024,371432592,1,9,0,-1,19,1,7,-1,0,2,0,0,0,0,0,1,-1,6,2,71,10,1364,1,7,VAUXHALL MOKKA,10,E01030166,0,1
2024211412532,2024,211412532,1,9,0,-1,9,8,7,-1,0,1,0,0,0,0,1,1,-1,6,1,41,7,1364,1,7,VAUXHALL MOKKA,3,E01029409,0,4
2024061491222,2024,061491222,2,9,0,-1,2,2,6,-1,9,0,0,0,0,0,1,1,-1,6,-1,-1,-1,1598,1,9,VAUXHALL MOKKA,-1,-1,0,-1
2024501418853,2024,501418853,1,9,0,-1,9,6,3,-1,0,5,0,0,1,0,2,1,-1,6,2,36,7,1364,1,8,VAUXHALL MOKKA,4,E01020052,0,2
2024311513639,2024,311513639,2,9,0,-1,3,8,4,-1,0,0,0,0,0,0,2,1,-1,2,2,37,7,1598,1,11,VAUXHALL MOKKA,10,E01028330,0,3
2024461401804,2024,461401804,1,9,0,-1,19,1,4,-1,0,0,0,0,0,0,3,9,-1,6,2,49,8,1199,1,1,VAUXHALL MOKKA,5,E01024520,0,2
2024440251932,2024,440251932,1,9,0,10,10,5,3,0,0,1,0,0,0,0,2,1,6,6,2,33,6,1686,2,11,VAUXHALL MOKKA,8,E01023001,0,1
2024010530210,2024,010530210,2,9,0,4,4,5,1,0,0,0,0,0,0,0,2,1,2,2,2,48,8,1364,1,7,VAUXHALL MOKKA,-1,-1,0,-1
2024101461321,2024,101461321,1,9,0,-1,19,3,7,-1,0,0,0,0,0,0,1,1,-1,6,1,72,10,1364,1,10,VAUXHALL MOKKA,4,E01027408,0,2
2024061495548,2024,061495548,1,9,0,-1,19,6,2,-1,0,0,0,0,0,0,1,1,-1,9,1,51,8,-1,3,0,VAUXHALL MOKKA,1,E01005941,0,1
2024471405700,2024,471405700,1,9,0,-1,19,3,7,-1,0,8,0,0,0,0,4,1,-1,9,2,37,7,1686,2,9,VAUXHALL MOKKA,4,E01031585,0,3
2024010510025,2024,010510025,1,9,0,4,4,3,7,0,0,8,0,0,0,0,1,1,6,6,2,41,7,1364,1,9,VAUXHALL MOKKA,2,E01034471,0,1
2024411434344,2024,411434344,2,9,-1,-1,-1,-1,-1,-1,-1,-1,-1,-1,-1,0,-1,9,-1,6,1,51,8,1598,1,8,VAUXHALL MOKKA,5,E01023705,0,1
2024311515706,2024,311515706,1,9,0,-1,19,1,3,-1,0,1,0,0,0,0,1,1,-1,6,1,80,11,1364,1,6,VAUXHALL MOKKA,-1,-1,0,-1
2024031459290,2024,031459290,1,9,0,-1,5,8,3,-1,0,8,0,0,0,0,1,9,-1,6,1,75,10,-1,3,3,VAUXHALL MOKKA,8,E01027896,0,5
2024501452304,2024,501452304,2,9,-1,-1,10,3,7,-1,0,0,0,0,0,0,3,9,-1,7,2,46,8,-1,3,1,VAUXHALL MOKKA,9,E01015113,0,1
2024010534172,2024,010534172,1,9,0,9,9,3,2,0,0,1,0,0,2,11,3,1,6,6,1,39,7,-1,3,1,VAUXHALL MOKKA,2,E01024257,0,4
2024201413522,2024,201413522,1,9,0,-1,5,2,6,-1,0,8,0,0,0,0,1,9,-1,6,1,49,8,1598,2,8,VAUXHALL MOKKA,7,E01010356,0,2
202417L109524,2024,17L109524,2,9,0,-1,19,2,6,-1,0,0,0,0,0,0,1,1,-1,9,1,32,6,1598,2,8,VAUXHALL MOKKA,1,E01012015,0,2
2024552500106,2024,552500106,3,9,0,18,19,4,8,0,0,0,0,0,0,0,0,1,6,6,2,28,6,1199,1,1,VAUXHALL MOKKA,4,E01015238,0,5
2024522402102,2024,522402102,4,9,0,10,10,4,1,0,0,1,0,0,0,0,2,1,6,6,1,35,6,1364,1,10,VAUXHALL MOKKA,2,E01032517,0,1
2024411438774,2024,411438774,1,9,0,-1,4,5,1,-1,0,0,5,0,0,0,1,1,-1,1,1,65,9,1364,1,6,VAUXHALL MOKKA,2,E01015726,0,2
2024451427941,2024,451427941,1,9,0,-1,4,3,7,-1,0,0,0,0,0,0,2,1,-1,9,2,28,6,1364,1,6,VAUXHALL MOKKA,4,E01030364,0,2
2024010512916,2024,010512916,1,9,0,99,99,9,9,99,99,9,9,99,9,99,2,9,6,6,1,60,9,1598,1,8,VAUXHALL MOKKA,5,E01004503,0,2
2024141461971,2024,141461971,1,9,0,-1,9,7,3,-1,0,5,0,0,0,0,3,1,-1,9,1,78,11,1199,1,2,VAUXHALL MOKKA,1,E01007578,0,1
2024320518332,2024,320518332,2,9,0,7,7,7,1,0,0,5,0,0,1,0,2,1,6,6,2,32,6,1364,1,6,VAUXHALL MOKKA,-1,-1,0,-1
2024991410334,2024,991410334,4,9,0,-1,19,3,7,-1,0,1,0,0,0,0,2,1,-1,9,2,33,6,1598,1,7,VAUXHALL MOKKA,8,-1,0,4
2024430380001,2024,430380001,2,9,0,3,3,7,3,0,0,1,0,0,0,0,2,1,6,6,1,64,9,1364,1,5,VAUXHALL MOKKA,8,E01017814,0,1
2024440107632,2024,440107632,1,9,0,18,19,6,2,0,0,2,0,0,0,0,3,1,6,6,2,79,11,1364,1,6,VAUXHALL MOKKA,9,E01022783,0,1
2024041467447,2024,041467447,1,9,0,-1,19,6,2,-1,0,0,5,0,7,9,1,1,-1,6,1,44,7,1199,1,2,VAUXHALL MOKKA,6,E01025562,0,2
2024161413489,2024,161413489,1,9,0,-1,2,0,0,-1,0,0,0,0,0,0,4,1,-1,6,-1,-1,-1,1598,2,8,VAUXHALL MOKKA,-1,-1,0,-1
2024440459431,2024,440459431,2,9,0,4,4,7,3,0,0,0,0,0,0,0,2,1,2,2,2,50,8,1364,1,8,VAUXHALL MOKKA,9,E01022788,0,4
2024010509277,2024,010509277,2,9,0,99,99,9,9,99,99,9,9,99,9,99,1,9,6,6,3,-1,-1,1199,1,0,VAUXHALL MOKKA,-1,-1,0,-1
2024471465115,2024,471465115,3,9,5,-1,19,3,7,-1,0,0,0,0,0,0,2,1,-1,6,2,43,7,1364,1,7,VAUXHALL MOKKA,5,E01021211,0,2
2024991437134,2024,991437134,2,9,0,-1,13,6,2,-1,0,0,0,0,0,0,1,1,-1,9,2,47,8,1364,1,7,VAUXHALL MOKKA,7,-1,0,1
2024531493453,2024,531493453,1,9,0,-1,19,5,1,-1,0,4,0,0,0,0,1,1,-1,6,1,60,9,1686,2,10,VAUXHALL MOKKA,4,E01022358,0,1
2024101500428,2024,101500428,2,9,0,-1,4,8,4,-1,0,8,0,0,0,0,1,1,-1,6,2,62,9,1598,1,10,VAUXHALL MOKKA,2,E01027551,0,1
2024440077606,2024,440077606,1,9,0,4,4,5,1,0,0,0,0,0,0,0,2,1,2,2,2,43,7,1364,1,6,VAUXHALL MOKKA,8,E01022650,0,2
2024461445278,2024,461445278,1,9,0,-1,5,7,3,-1,0,6,0,0,0,0,1,1,-1,9,1,63,9,1199,1,1,VAUXHALL MOKKA,1,E01024676,0,2
2024991435451,2024,991435451,2,9,0,-1,4,2,6,-1,0,0,0,0,0,0,2,1,-1,1,2,36,7,1199,1,3,VAUXHALL MOKKA,10,-1,0,1
2024161445689,2024,161445689,1,9,0,-1,19,2,6,-1,0,1,5,4,0,0,1,1,-1,6,1,26,6,1598,2,8,VAUXHALL MOKKA,7,E01013022,0,3
2024401475137,2024,401475137,2,9,0,-1,19,5,1,-1,99,0,0,0,0,0,4,9,-1,9,2,61,9,1364,1,6,VAUXHALL MOKKA,7,E01033818,0,1
2024010526114,2024,010526114,1,9,0,7,7,7,1,0,0,6,0,0,1,0,3,1,6,6,1,37,7,1199,1,1,VAUXHALL MOKKA,-1,-1,0,-1
2024010518670,2024,010518670,1,9,0,9,9,1,7,0,0,5,0,0,0,0,1,1,6,6,1,76,11,1364,1,5,VAUXHALL MOKKA,7,E01000288,0,1
2024201472422,2024,201472422,2,9,0,-1,19,3,7,-1,0,0,0,10,2,10,2,1,-1,9,2,45,7,1686,2,10,VAUXHALL MOKKA,3,E01025949,0,4
2024101513395,2024,101513395,1,9,0,-1,19,3,1,-1,0,2,0,0,0,0,3,1,-1,6,1,23,5,1598,1,8,VAUXHALL MOKKA,2,E01020784,0,2
2024991484044,2024,991484044,1,9,0,-1,19,3,7,-1,0,0,0,4,0,0,1,1,-1,2,1,41,7,1199,1,1,VAUXHALL MOKKA,2,-1,0,2
2024461509010,2024,461509010,1,9,0,-1,19,6,2,-1,0,2,2,0,1,0,1,1,-1,6,1,41,7,1364,1,8,VAUXHALL MOKKA,3,E01024608,0,1
2024320603858,2024,320603858,2,9,0,-1,-1,2,6,0,0,8,0,0,0,0,4,1,-1,-1,2,58,9,1364,1,8,VAUXHALL MOKKA,2,E01026116,0,1
2024211461933,2024,211461933,3,9,0,-1,19,3,8,-1,0,1,0,0,0,0,1,1,-1,6,1,76,11,1598,2,9,VAUXHALL MOKKA,8,E01009898,0,3
2024141518766,2024,141518766,2,9,0,-1,19,1,5,-1,0,0,0,0,0,0,2,1,-1,2,2,50,8,1598,2,9,VAUXHALL MOKKA,8,E01011873,0,4
2024122500350,2024,122500350,2,9,0,18,19,1,3,0,0,8,0,0,0,0,1,1,6,6,2,87,11,1364,1,5,VAUXHALL MOKKA,10,E01027598,0,4
2024991395626,2024,991395626,1,9,0,-1,19,2,5,-1,0,2,0,6,3,0,1,1,-1,9,2,32,6,1686,2,10,VAUXHALL MOKKA,5,-1,0,1
2024101461265,2024,101461265,2,9,0,-1,4,5,8,-1,0,1,0,0,0,0,3,1,-1,9,2,32,6,1598,2,9,VAUXHALL MOKKA,5,E01035630,0,2
2024061478640,2024,061478640,1,9,0,-1,19,4,1,-1,0,2,0,0,0,0,1,1,-1,6,2,56,9,1364,1,6,VAUXHALL MOKKA,7,E01005014,0,2
2024622400490,2024,622400490,2,9,0,18,19,8,4,0,0,1,0,0,0,0,3,1,6,6,1,46,8,-1,3,0,VAUXHALL MOKKA,2,W01001015,0,1
2024311472652,2024,311472652,2,9,0,-1,19,4,6,-1,0,0,0,0,0,0,1,1,-1,9,2,32,6,1598,2,9,VAUXHALL MOKKA,3,E01027987,0,2
2024440058133,2024,440058133,2,9,0,5,5,5,1,0,0,6,0,0,0,0,1,1,6,6,2,-1,-1,1598,1,9,VAUXHALL MOKKA,-1,-1,0,-1
2024041489864,2024,041489864,1,9,0,-1,7,1,8,-1,0,1,0,0,0,0,1,1,-1,2,1,37,7,1364,1,8,VAUXHALL MOKKA,7,E01005676,0,4
2024141454528,2024,141454528,1,9,0,-1,4,2,6,-1,0,6,0,0,7,0,1,1,-1,9,2,77,11,1199,1,0,VAUXHALL MOKKA,3,E01007777,0,1
2024041435833,2024,041435833,2,9,0,-1,19,1,5,-1,0,0,0,0,0,0,1,1,-1,6,1,74,10,1364,1,7,VAUXHALL MOKKA,4,E01025422,0,2
2024061434541,2024,061434541,2,9,0,-1,99,-1,-1,-1,0,4,0,0,0,0,1,1,-1,6,2,-1,-1,1199,1,2,VAUXHALL MOKKA,9,E01005645,0,2
2024461476718,2024,461476718,2,9,0,-1,19,5,1,-1,0,0,1,0,1,0,3,1,-1,9,2,68,10,1364,1,7,VAUXHALL MOKKA,7,E01024037,0,1
2024401476557,2024,401476557,1,9,0,-1,19,3,7,-1,0,2,0,0,0,0,1,1,-1,9,2,33,6,1364,1,5,VAUXHALL MOKKA,6,E01015780,0,1
2024010513340,2024,010513340,1,9,0,99,99,9,9,99,99,9,9,99,9,99,2,9,6,6,2,65,9,1199,1,1,VAUXHALL MOKKA,7,E01002577,0,1
2024421467506,2024,421467506,2,9,0,-1,19,5,1,-1,0,0,0,0,0,0,1,1,-1,9,1,30,6,1364,1,9,VAUXHALL MOKKA,2,E01015938,0,1
2024461440539,2024,461440539,2,9,0,-1,19,5,1,-1,0,2,0,0,0,0,4,9,-1,9,1,35,6,1686,2,10,VAUXHALL MOKKA,5,E01024304,0,1
2024010507489,2024,010507489,1,9,0,7,7,5,6,0,0,5,0,0,0,0,4,1,2,2,2,29,6,1364,1,10,VAUXHALL MOKKA,2,E01002099,0,2
2024061526333,2024,061526333,1,9,0,-1,19,8,3,-1,0,1,0,0,0,0,3,1,-1,9,2,49,8,1598,1,10,VAUXHALL MOKKA,2,E01006073,0,1
2024010542399,2024,010542399,1,9,0,99,99,9,9,99,99,9,9,99,9,99,2,9,6,6,1,26,6,1199,1,1,VAUXHALL MOKKA,8,E01004552,0,1
2024461508456,2024,461508456,2,9,0,-1,4,1,4,-1,0,0,0,0,0,0,2,1,-1,9,1,24,5,-1,3,2,VAUXHALL MOKKA,3,E01016171,0,2
2024010533110,2024,010533110,2,9,9,99,99,9,9,99,99,9,9,99,9,99,9,9,6,6,3,-1,-1,1199,1,3,VAUXHALL MOKKA,-1,-1,0,-1
2024131521076,2024,131521076,2,9,0,-1,19,7,3,-1,0,1,0,0,0,0,3,1,-1,9,2,61,9,1199,1,1,VAUXHALL MOKKA,2,E01010869,0,2
2024421526395,2024,421526395,1,9,0,-1,9,1,7,-1,0,8,0,0,0,0,1,1,-1,9,1,23,5,1199,1,0,VAUXHALL MOKKA,2,E01021507,0,1
2024991422469,2024,991422469,1,9,0,-1,19,5,1,-1,0,6,1,0,0,0,1,1,-1,2,1,33,6,-1,3,3,VAUXHALL MOKKA,9,-1,0,2
2024141483080,2024,141483080,2,9,0,-1,7,7,1,-1,0,8,1,0,0,0,1,1,-1,6,1,26,6,1598,2,9,VAUXHALL MOKKA,5,E01011415,0,4
2024440239676,2024,440239676,2,9,0,18,19,5,1,0,0,1,1,0,0,0,3,1,6,6,2,53,8,1199,1,0,VAUXHALL MOKKA,2,E01017115,0,1
2024451397544,2024,451397544,1,9,0,-1,19,8,4,-1,0,0,0,0,1,4,1,1,-1,9,2,17,4,1199,1,3,VAUXHALL MOKKA,10,E01030878,0,1
2024991488859,2024,991488859,1,9,0,-1,19,2,7,-1,0,1,0,0,0,0,3,1,-1,6,1,30,6,1199,1,0,VAUXHALL MOKKA,2,-1,0,1
2024421471845,2024,421471845,2,9,0,-1,19,1,7,-1,0,8,0,0,0,0,4,1,-1,9,1,55,8,1598,2,8,VAUXHALL MOKKA,5,E01033414,0,5
2024061454779,2024,061454779,1,9,0,-1,7,-1,-1,-1,0,0,1,0,1,0,3,1,-1,9,2,37,7,1686,2,10,VAUXHALL MOKKA,2,E01005526,0,2
2024471502149,2024,471502149,2,9,0,-1,19,1,5,-1,0,1,0,0,0,0,1,1,-1,9,1,20,4,1598,1,9,VAUXHALL MOKKA,7,E01031381,0,2
2024010537819,2024,010537819,1,9,0,9,9,5,3,9,9,8,0,7,7,10,1,1,6,6,2,51,8,1199,1,2,VAUXHALL MOKKA,4,E01001945,0,1
2024201494866,2024,201494866,2,9,0,-1,19,8,4,-1,0,1,0,0,0,0,3,2,-1,6,2,26,6,1199,1,1,VAUXHALL MOKKA,5,E01010539,0,1
2024161441890,2024,161441890,2,9,0,-1,10,4,2,-1,0,1,0,0,0,0,4,1,-1,9,2,37,7,-1,3,1,VAUXHALL MOKKA,1,E01012788,0,1
2024501496646,2024,501496646,1,9,0,-1,1,1,5,-1,9,1,0,0,0,0,2,1,-1,6,1,62,9,1364,1,6,VAUXHALL MOKKA,9,E01019970,0,1
2024371523731,2024,371523731,2,9,0,-1,10,1,5,-1,0,0,0,0,0,0,0,1,-1,6,2,33,6,1364,1,9,VAUXHALL MOKKA,8,E01029885,0,2
2024010520740,2024,010520740,1,9,0,18,19,5,1,0,0,8,0,0,0,0,3,1,1,1,1,34,6,1364,1,5,VAUXHALL MOKKA,6,E01004616,0,2
2024361418820,2024,361418820,2,9,0,-1,19,5,1,-1,0,2,0,0,0,0,2,1,-1,9,2,30,6,1598,1,7,VAUXHALL MOKKA,5,E01026431,0,1
2024131510238,2024,131510238,1,9,0,-1,9,4,6,-1,0,8,0,0,0,0,2,1,-1,7,2,50,8,1199,1,1,VAUXHALL MOKKA,1,E01032494,0,1