collision_index,collision_year,collision_ref_no,vehicle_reference,vehicle_type,towing_and_articulation,vehicle_manoeuvre_historic,vehicle_manoeuvre,vehicle_direction_from,vehicle_direction_to,vehicle_location_restricted_lane_historic,vehicle_location_restricted_lane,junction_location,skidding_and_overturning,hit_object_in_carriageway,vehicle_leaving_carriageway,hit_object_off_carriageway,first_point_of_impact,vehicle_left_hand_drive,journey_purpose_of_driver_historic,journey_purpose_of_driver,sex_of_driver,age_of_driver,age_band_of_driver,engine_capacity_cc,propulsion_code,age_of_vehicle,generic_make_model,driver_imd_decile,lsoa_of_driver,escooter_flag,driver_distance_banding
2024010538057,2024,010538057,1,9,0,7,7,4,6,0,0,2,0,0,0,0,4,1,2,2,1,45,7,1598,1,9,VAUXHALL MOKKA,3,E01003183,0,1
2024401474657,2024,401474657,1,9,0,-1,19,6,7,-1,0,0,2,0,0,0,1,1,-1,6,1,67,10,1364,1,9,VAUXHALL MOKKA,4,E01017522,0,1
2024340NN4412,2024,340NN4412,2,9,0,-1,19,1,5,-1,0,3,0,0,0,0,1,1,-1,2,2,59,9,1364,1,6,VAUXHALL MOKKA,2,E01026961,0,1
2024440366373,2024,440366373,1,9,0,18,19,1,5,0,0,0,0,0,0,0,1,1,6,6,2,32,6,1364,1,7,VAUXHALL MOKKA,6,E01035436,0,1
2024430110125,2024,430110125,2,9,0,7,7,6,8,0,0,6,0,0,0,0,1,1,6,6,1,-1,-1,1364,1,6,VAUXHALL MOKKA,-1,-1,0,-1
2024302401644,2024,302401644,2,9,0,2,2,0,0,0,0,0,0,0,0,0,2,1,6,6,3,-1,-1,1199,1,2,VAUXHALL MOKKA,-1,-1,0,-1
2024131419767,2024,131419767,1,9,0,-1,5,4,8,-1,0,0,0,0,0,0,1,1,-1,1,1,51,8,1598,2,9,VAUXHALL MOKKA,2,E01026175,0,5
2024211520079,2024,211520079,2,9,0,-1,19,5,1,-1,0,8,0,0,1,0,4,1,-1,6,2,58,9,1364,1,6,VAUXHALL MOKKA,2,E01014294,0,1
2024041499450,2024,041499450,2,9,0,-1,19,7,3,-1,0,4,0,0,0,0,1,1,-1,9,1,49,8,1364,1,9,VAUXHALL MOKKA,7,E01025568,0,1
2024221492867,2024,221492867,2,9,0,-1,19,5,1,-1,0,4,0,0,0,0,4,9,-1,6,1,52,8,1364,1,7,VAUXHALL MOKKA,6,E01002919,0,5
2024531523320,2024,531523320,1,9,0,-1,19,3,7,-1,0,0,0,0,0,0,1,1,-1,9,1,61,9,1598,1,9,VAUXHALL MOKKA,1,E01022323,0,1
2024010542704,2024,010542704,2,9,5,5,5,3,7,9,9,6,0,0,3,0,0,1,6,6,1,45,7,1364,1,7,VAUXHALL MOKKA,2,E01000040,0,1
2024991481755,2024,991481755,1,9,0,-1,19,3,7,-1,0,0,0,0,0,0,1,1,-1,9,2,59,9,1686,2,9,VAUXHALL MOKKA,4,-1,0,1
2024451438959,2024,451438959,1,9,0,-1,9,3,1,-1,0,1,0,0,0,0,1,9,-1,9,1,40,7,-1,3,2,VAUXHALL MOKKA,9,E01031004,0,1
2024371496628,2024,371496628,1,9,0,-1,19,5,1,-1,0,0,0,0,0,0,4,1,-1,6,1,66,10,1199,1,0,VAUXHALL MOKKA,3,E01030253,0,1
2024010501937,2024,010501937,1,9,0,18,19,1,5,0,0,0,0,0,0,0,1,1,6,6,1,53,8,1199,1,0,VAUXHALL MOKKA,5,E01000516,0,1
2024010528047,2024,010528047,1,9,0,18,19,3,7,0,0,1,0,0,0,0,3,1,6,6,2,27,6,1364,1,7,VAUXHALL MOKKA,2,W01001862,0,5
2024302400840,2024,302400840,2,9,0,18,19,7,3,0,0,8,1,0,0,0,1,1,6,6,2,31,6,1598,1,9,VAUXHALL MOKKA,6,E01013476,0,1
2024141521279,2024,141521279,2,9,0,-1,19,5,5,-1,0,0,0,0,0,0,1,1,-1,6,1,78,11,-1,3,1,VAUXHALL MOKKA,3,E01007451,0,3
2024010528305,2024,010528305,2,9,0,99,99,9,9,99,99,0,9,99,9,99,9,9,6,6,2,-1,-1,-1,3,0,VAUXHALL MOKKA,-1,-1,0,-1
2024411535962,2024,411535962,1,9,0,-1,19,5,1,-1,0,1,0,0,0,0,1,1,-1,6,1,54,8,1686,2,11,VAUXHALL MOKKA,9,E01023656,0,1
2024141537109,2024,141537109,3,9,0,-1,4,7,3,-1,0,2,0,0,0,0,1,1,-1,9,2,-1,-1,1686,2,9,VAUXHALL MOKKA,1,E01008180,0,5
2024201461433,2024,201461433,1,9,0,-1,19,2,6,-1,0,8,0,0,0,0,1,1,-1,6,1,63,9,1199,1,1,VAUXHALL MOKKA,1,E01009107,0,1
2024061473556,2024,061473556,2,9,0,-1,19,6,2,-1,0,8,0,0,0,0,4,1,-1,6,1,61,9,1199,1,2,VAUXHALL MOKKA,5,E01006258,0,1
2024010542382,2024,010542382,2,9,0,2,2,0,0,9,9,0,0,0,0,0,2,1,6,6,3,-1,-1,1364,1,9,VAUXHALL MOKKA,-1,-1,0,-1
2024340NN1192,2024,340NN1192,2,9,0,-1,19,6,2,-1,0,1,0,0,0,0,1,1,-1,2,2,44,7,1686,2,10,VAUXHALL MOKKA,9,E01027122,0,2
2024201435991,2024,201435991,1,9,0,-1,19,2,6,-1,0,0,0,10,1,5,1,9,-1,6,2,31,6,1598,2,8,VAUXHALL MOKKA,5,E01010014,0,1
2024440418538,2024,440418538,1,9,0,18,19,5,7,0,0,7,1,0,2,10,4,1,6,6,2,62,9,1199,1,1,VAUXHALL MOKKA,9,E01022535,0,3
2024141448106,2024,141448106,3,9,0,-1,2,0,0,-1,0,1,0,0,0,0,2,1,-1,6,-1,-1,-1,1364,1,8,VAUXHALL MOKKA,-1,-1,0,-1
2024430289248,2024,430289248,1,9,0,7,7,6,8,0,0,5,0,0,0,0,2,1,6,6,2,53,8,1598,2,8,VAUXHALL MOKKA,10,E01016562,0,1
2024421482355,2024,421482355,1,9,0,-1,19,1,5,-1,0,1,0,0,0,0,1,1,-1,2,1,32,6,1598,1,8,VAUXHALL MOKKA,3,E01021588,0,3
2024131453410,2024,131453410,2,9,0,-1,3,1,5,-1,0,1,0,4,0,0,2,1,-1,6,1,41,7,1199,1,1,VAUXHALL MOKKA,6,E01011861,0,1
2024622400432,2024,622400432,1,9,0,18,19,2,6,0,0,0,0,0,0,0,1,1,6,6,1,64,9,1364,1,6,VAUXHALL MOKKA,1,W01000934,0,1
2024501443401,2024,501443401,1,9,0,-1,1,5,1,-1,0,0,0,0,0,0,2,1,-1,2,2,26,6,1598,2,9,VAUXHALL MOKKA,5,E01034643,0,4
2024401471154,2024,401471154,2,9,0,-1,4,7,3,-1,0,2,0,0,0,0,2,1,-1,6,2,58,9,1598,1,9,VAUXHALL MOKKA,2,E01015726,0,1
2024311406490,2024,311406490,2,9,0,-1,7,8,2,-1,0,1,0,0,0,0,1,1,-1,9,2,30,6,1364,1,6,VAUXHALL MOKKA,7,E01025743,0,2
2024622400397,2024,622400397,4,9,0,18,19,6,2,0,0,0,0,0,0,0,3,1,6,6,1,28,6,1199,1,2,VAUXHALL MOKKA,5,W01001998,0,1
2024411526611,2024,411526611,1,9,0,-1,9,3,5,-1,0,1,0,0,0,0,1,1,-1,9,1,60,9,1598,2,9,VAUXHALL MOKKA,5,E01023791,0,1
2024461486087,2024,461486087,2,9,0,-1,3,7,2,-1,0,4,0,0,3,0,1,1,-1,6,2,31,6,1686,2,11,VAUXHALL MOKKA,8,E01024416,0,4
2024631524276,2024,631524276,1,9,0,-1,12,6,2,-1,0,0,0,0,8,10,1,1,-1,6,1,53,8,-1,3,2,VAUXHALL MOKKA,5,W01000541,0,2
2024610002824,2024,610002824,1,9,0,9,9,3,1,0,0,1,0,0,0,0,1,1,6,6,2,39,7,1598,2,8,VAUXHALL MOKKA,3,W01001610,0,1
2024991412473,2024,991412473,3,9,0,-1,4,3,7,-1,0,1,0,0,0,0,0,1,-1,6,1,28,6,1364,1,10,VAUXHALL MOKKA,-1,-1,0,-1
2024052402134,2024,052402134,1,9,0,18,19,8,4,0,0,0,0,0,0,0,1,1,6,6,2,48,8,-1,3,0,VAUXHALL MOKKA,1,E01006434,0,1
2024440461257,2024,440461257,2,9,0,18,19,1,5,0,0,1,0,0,0,0,4,1,2,2,2,39,7,1598,1,9,VAUXHALL MOKKA,6,E01023138,0,4
2024471472845,2024,471472845,2,9,0,-1,19,1,5,-1,0,8,0,0,7,0,4,1,-1,9,2,63,9,1364,1,8,VAUXHALL MOKKA,5,E01021087,0,2
2024211457754,2024,211457754,5,9,0,-1,4,5,1,-1,0,0,0,0,0,0,1,1,-1,1,1,53,8,1598,2,9,VAUXHALL MOKKA,2,E01010441,0,4
2024421469723,2024,421469723,1,9,0,-1,19,2,6,-1,0,0,0,0,0,0,1,1,-1,9,2,31,6,1199,1,2,VAUXHALL MOKKA,8,E01021389,0,1
2024401466314,2024,401466314,1,9,0,-1,19,4,8,-1,0,0,0,0,0,0,1,1,-1,9,1,77,11,1199,1,1,VAUXHALL MOKKA,9,E01017624,0,1
2024052402802,2024,052402802,2,9,0,18,19,5,1,0,0,8,0,0,0,0,4,1,6,6,2,46,8,1686,2,9,VAUXHALL MOKKA,7,E01007077,0,1
2024401406740,2024,401406740,4,9,0,-1,2,0,0,-1,0,0,0,0,0,0,4,1,-1,6,-1,-1,-1,1598,1,7,VAUXHALL MOKKA,-1,-1,0,-1
2024311497090,2024,311497090,1,9,0,-1,5,6,2,-1,0,0,0,0,0,0,4,1,-1,9,1,74,10,1199,1,0,VAUXHALL MOKKA,-1,-1,0,-1
2024041457505,2024,041457505,1,9,0,-1,19,5,1,-1,0,1,0,0,0,0,1,1,-1,6,2,41,7,1598,1,6,VAUXHALL MOKKA,4,E01025194,0,1
2024320204616,2024,320204616,1,9,0,-1,-1,4,8,0,0,1,0,0,0,0,1,1,6,6,2,67,10,1199,1,1,VAUXHALL MOKKA,2,E01026116,0,1
2024101514636,2024,101514636,2,9,0,-1,19,1,5,-1,0,8,0,0,0,0,4,2,-1,6,2,27,6,1199,1,2,VAUXHALL MOKKA,5,E01035629,0,1
2024421456622,2024,421456622,2,9,0,-1,3,7,3,-1,0,0,0,0,0,0,2,1,-1,2,2,50,8,1598,2,8,VAUXHALL MOKKA,5,E01021262,0,1
2024010532780,2024,010532780,2,9,0,99,99,9,9,99,99,9,9,99,9,99,9,9,6,6,3,-1,-1,1364,1,9,VAUXHALL MOKKA,-1,-1,0,-1
2024461482192,2024,461482192,2,9,0,-1,19,2,6,-1,0,1,0,0,0,0,4,1,-1,9,1,64,9,-1,3,3,VAUXHALL MOKKA,9,E01032821,0,1
2024421403079,2024,421403079,1,9,0,-1,19,7,4,-1,0,0,0,0,1,0,1,9,-1,6,1,30,6,1199,1,1,VAUXHALL MOKKA,7,E01021334,0,1
2024010507486,2024,010507486,2,9,0,99,99,9,9,99,99,9,9,99,9,99,9,9,6,6,3,-1,-1,1364,1,7,VAUXHALL MOKKA,-1,-1,0,-1
2024041395692,2024,041395692,1,9,0,-1,9,4,2,-1,0,6,0,0,0,0,3,1,-1,9,2,29,6,1598,1,9,VAUXHALL MOKKA,2,E01025284,0,1
2024161466615,2024,161466615,2,9,0,-1,19,5,3,-1,0,0,1,0,0,0,3,1,-1,6,2,63,9,1199,1,2,VAUXHALL MOKKA,-1,-1,0,-1
2024010548922,2024,010548922,2,9,0,99,99,9,9,99,99,9,9,99,9,99,2,9,6,6,2,54,8,1364,1,6,VAUXHALL MOKKA,8,E01030704,0,1
2024141411071,2024,141411071,2,9,0,-1,9,1,7,-1,0,1,0,0,0,0,1,9,-1,6,3,36,7,1598,2,5,VAUXHALL MOKKA,-1,-1,0,-1
2024010505217,2024,010505217,2,9,0,14,14,5,1,0,0,0,0,0,0,0,1,1,6,6,2,28,6,1199,1,2,VAUXHALL MOKKA,2,E01034148,0,1
2024070656702,2024,070656702,2,9,0,-1,-1,1,5,0,0,0,0,0,0,0,1,1,6,6,1,82,11,1199,1,1,VAUXHALL MOKKA,8,W01000404,0,4
2024311452142,2024,311452142,1,9,0,-1,3,1,5,-1,0,1,0,0,0,0,1,1,-1,6,2,40,7,1199,1,1,VAUXHALL MOKKA,-1,-1,0,-1
2024351481861,2024,351481861,1,9,0,-1,19,2,7,-1,0,1,0,0,0,0,1,1,-1,2,2,57,9,1598,2,8,VAUXHALL MOKKA,7,E01018182,0,1
2024201497478,2024,201497478,2,9,0,-1,19,1,5,-1,0,1,2,10,1,1,1,1,-1,6,3,-1,-1,1199,1,0,VAUXHALL MOKKA,-1,-1,0,-1
2024411540872,2024,411540872,1,9,0,-1,7,5,7,-1,0,8,0,0,0,0,4,1,-1,6,2,35,6,1364,1,6,VAUXHALL MOKKA,5,E01021866,0,3
2024052400132,2024,052400132,2,9,0,18,19,3,7,0,0,1,0,0,0,0,1,1,2,2,2,28,6,1364,1,6,VAUXHALL MOKKA,3,E01007177,0,1
2024430156704,2024,430156704,1,9,0,18,19,8,4,0,0,0,0,0,0,0,4,1,6,6,2,49,8,1364,1,6,VAUXHALL MOKKA,4,E01016435,0,4
2024161425133,2024,161425133,2,9,0,-1,19,5,1,-1,0,0,0,0,0,0,1,1,-1,6,2,45,7,1598,1,7,VAUXHALL MOKKA,1,E01012905,0,1
2024052402575,2024,052402575,1,9,0,7,7,4,8,0,0,1,0,0,0,0,1,1,6,6,2,-1,-1,1598,2,8,VAUXHALL MOKKA,-1,-1,0,-1
2024111457031,2024,111457031,1,9,0,-1,19,7,3,-1,0,0,0,0,0,0,1,1,-1,6,2,30,6,1199,1,2,VAUXHALL MOKKA,-1,-1,0,-1
2024111502095,2024,111502095,3,9,0,-1,2,0,0,-1,0,2,0,0,0,0,2,1,-1,6,1,57,9,1199,1,2,VAUXHALL MOKKA,5,E01020695,0,1
2024041458962,2024,041458962,2,9,0,-1,19,7,3,-1,0,1,0,0,0,0,2,1,-1,9,1,70,10,1364,1,10,VAUXHALL MOKKA,3,E01025249,0,1
2024302401726,2024,302401726,1,9,0,-1,9,9,9,-1,0,9,0,0,0,0,1,1,-1,6,1,-1,-1,1686,2,10,VAUXHALL MOKKA,1,E01007916,0,1
2024201434429,2024,201434429,2,9,0,-1,19,1,5,-1,0,0,0,0,0,0,3,9,-1,9,1,37,7,-1,3,1,VAUXHALL MOKKA,1,E01008940,0,1
2024461523751,2024,461523751,3,9,0,-1,2,0,0,-1,0,2,0,0,0,0,4,1,-1,6,1,46,8,-1,3,1,VAUXHALL MOKKA,5,E01024413,0,3
2024010498778,2024,010498778,1,9,0,8,8,1,2,0,0,1,0,0,1,0,1,1,6,6,2,24,5,1364,1,7,VAUXHALL MOKKA,3,E01034144,0,1
2024440505616,2024,440505616,1,9,0,3,3,8,4,0,0,1,0,0,0,0,2,1,6,6,2,39,7,1364,1,6,VAUXHALL MOKKA,4,E01017013,0,2
2024131408597,2024,131408597,2,9,0,-1,5,6,2,-1,9,0,0,0,0,0,1,1,-1,9,1,60,9,1199,1,0,VAUXHALL MOKKA,1,E01011510,0,1
2024552401162,2024,552401162,1,9,0,5,5,2,6,0,0,6,0,0,0,0,4,1,3,7,2,48,8,1686,2,10,VAUXHALL MOKKA,10,E01020383,0,1
2024440471155,2024,440471155,2,9,0,18,19,7,3,0,0,8,0,0,0,0,4,1,2,2,2,52,8,1364,1,6,VAUXHALL MOKKA,5,E01017084,0,1
2024101416450,2024,101416450,1,9,0,-1,19,3,7,-1,0,4,1,0,3,0,1,1,-1,2,1,55,8,1199,1,1,VAUXHALL MOKKA,-1,-1,0,-1
2024201489757,2024,201489757,2,9,0,-1,19,4,8,-1,0,8,0,0,0,0,3,1,-1,9,2,28,6,1199,1,2,VAUXHALL MOKKA,-1,-1,0,-1
2024041508527,2024,041508527,1,9,0,-1,9,8,8,-1,0,2,0,0,0,0,3,1,-1,9,1,46,8,1199,1,0,VAUXHALL MOKKA,1,E01024910,0,1
2024141421965,2024,141421965,1,9,0,-1,19,3,7,-1,0,8,0,0,0,0,1,2,-1,6,1,78,11,1364,1,8,VAUXHALL MOKKA,4,E01007382,0,1
2024311527785,2024,311527785,2,9,0,-1,2,0,0,-1,0,2,0,0,0,0,2,1,-1,6,2,31,6,1199,1,1,VAUXHALL MOKKA,-1,-1,0,-1
2024302400979,2024,302400979,1,9,0,18,19,4,8,0,0,8,0,0,3,1,1,1,3,7,1,90,11,1364,1,7,VAUXHALL MOKKA,9,E01019825,0,3
2024010504069,2024,010504069,1,9,0,18,19,4,8,0,0,8,0,0,0,0,3,2,6,6,1,47,8,1364,1,6,VAUXHALL MOKKA,2,E01001001,0,1
2024161512957,2024,161512957,2,9,0,-1,9,1,7,-1,0,8,0,0,0,0,3,9,-1,6,1,-1,-1,1364,1,6,VAUXHALL MOKKA,2,E01035463,0,1
2024311545555,2024,311545555,1,9,0,-1,19,6,6,-1,0,0,1,4,0,0,1,1,-1,9,2,63,9,1686,2,10,VAUXHALL MOKKA,1,E01027952,0,1
2024010511216,2024,010511216,2,9,0,99,99,9,9,99,99,9,9,99,9,99,1,9,6,6,3,-1,-1,1364,1,9,VAUXHALL MOKKA,5,E01022520,0,4
2024440061217,2024,440061217,1,9,0,9,9,8,6,0,0,8,0,0,0,0,1,1,6,6,1,22,5,1686,2,11,VAUXHALL MOKKA,6,E01029424,0,5
2024421452623,2024,421452623,1,9,0,-1,19,5,4,-1,0,3,0,0,0,0,1,1,-1,2,2,60,9,1364,1,10,VAUXHALL MOKKA,1,E01015880,0,2
2024041482383,2024,041482383,2,9,0,-1,4,7,3,-1,0,1,0,0,0,0,2,1,-1,9,2,49,8,1598,2,8,VAUXHALL MOKKA,8,E01025178,0,3
2024461431240,2024,461431240,1,9,0,-1,9,1,6,-1,0,0,0,0,0,0,1,1,-1,9,2,31,6,1199,1,0,VAUXHALL MOKKA,8,E01024012,0,3
2024531477943,2024,531477943,1,9,0,-1,19,2,6,-1,0,8,0,0,0,0,4,1,-1,9,1,90,11,1598,1,9,VAUXHALL MOKKA,7,E01032319,0,4
2024061506042,2024,061506042,1,9,0,-1,4,-1,-1,-1,0,1,1,0,0,0,2,1,-1,9,2,47,8,1199,1,0,VAUXHALL MOKKA,2,E01005368,0,1
2024221510227,2024,221510227,3,9,0,-1,2,0,0,-1,0,8,0,0,0,0,3,9,-1,6,2,36,7,1199,1,0,VAUXHALL MOKKA,5,E01014079,0,1
2024101478016,2024,101478016,1,9,0,-1,19,5,1,-1,0,0,0,0,0,0,1,1,-1,9,2,30,6,1598,1,9,VAUXHALL MOKKA,1,E01033076,0,1
2024041527535,2024,041527535,4,9,0,-1,2,0,0,-1,0,0,0,0,1,11,2,1,-1,6,-1,-1,-1,1364,1,10,VAUXHALL MOKKA,-1,-1,0,-1
2024101528875,2024,101528875,2,9,0,-1,19,5,1,-1,0,0,0,0,0,0,2,1,-1,6,2,78,11,1364,1,7,VAUXHALL MOKKA,1,E01027422,0,1
2024161482491,2024,161482491,3,9,0,-1,4,8,4,-1,0,0,0,0,0,0,2,1,-1,2,2,51,8,1199,1,3,VAUXHALL MOKKA,7,E01013035,0,3
2024471408186,2024,471408186,2,9,0,-1,19,1,5,-1,0,0,1,0,4,7,1,1,-1,2,2,36,7,1199,1,1,VAUXHALL MOKKA,3,E01031372,0,4
2024302500127,2024,302500127,1,9,0,-1,19,5,1,-1,0,0,0,0,0,0,1,1,-1,9,2,30,6,1364,1,8,VAUXHALL MOKKA,2,E01019498,0,2
2024141424785,2024,141424785,1,9,0,-1,9,3,1,-1,0,0,0,0,0,0,4,1,-1,9,1,53,8,1598,1,11,VAUXHALL MOKKA,2,E01007779,0,1
2024010534481,2024,010534481,1,9,0,18,19,3,7,0,0,4,0,0,0,0,1,1,2,2,1,23,5,1364,1,7,VAUXHALL MOKKA,2,E01034208,0,1
2024440077688,2024,440077688,2,9,0,18,19,3,7,0,0,6,0,0,7,11,2,1,6,6,1,39,7,1686,2,11,VAUXHALL MOKKA,3,E01022807,0,4
2024221533890,2024,221533890,2,9,0,-1,2,0,0,-1,0,1,0,0,0,0,2,1,-1,6,1,33,6,1364,1,6,VAUXHALL MOKKA,6,E01014184,0,1
2024411462660,2024,411462660,1,9,0,-1,3,4,2,-1,0,0,0,0,0,0,3,1,-1,9,2,34,6,1364,1,7,VAUXHALL MOKKA,10,E01017560,0,1
2024411407937,2024,411407937,1,9,0,-1,9,2,6,-1,0,6,0,0,0,0,1,9,-1,1,2,51,8,1364,1,6,VAUXHALL MOKKA,9,E01023439,0,1
2024430136472,2024,430136472,1,9,0,18,19,7,3,9,9,8,0,0,0,0,1,-1,6,6,1,65,9,1364,1,9,VAUXHALL MOKKA,-1,-1,0,-1
2024061425190,2024,061425190,2,9,0,-1,19,1,5,-1,0,0,0,0,0,0,1,1,-1,6,1,55,8,1199,1,0,VAUXHALL MOKKA,2,E01004929,0,1
2024061535576,2024,061535576,1,9,0,-1,2,8,4,-1,0,1,0,0,0,0,1,1,-1,9,1,75,10,-1,3,1,VAUXHALL MOKKA,-1,-1,0,-1
2024231407489,2024,231407489,1,9,0,-1,7,8,2,-1,0,5,0,0,0,0,1,1,-1,9,1,90,11,1686,2,10,VAUXHALL MOKKA,5,E01006129,0,5
2024131462742,2024,131462742,3,9,0,-1,4,8,6,-1,0,1,0,0,0,0,1,2,-1,6,1,47,8,1199,1,1,VAUXHALL MOKKA,-1,-1,0,-1
2024010498595,2024,010498595,2,9,0,99,99,9,9,99,99,9,9,99,9,99,3,9,6,6,3,-1,-1,1199,1,0,VAUXHALL MOKKA,-1,-1,0,-1
2024010530448,2024,010530448,1,9,0,99,99,9,9,99,99,9,9,99,9,99,1,9,6,6,2,50,8,-1,3,3,VAUXHALL MOKKA,3,E01003980,0,1
2024201465648,2024,201465648,2,9,0,-1,19,8,4,-1,0,0,0,0,0,0,3,1,-1,6,2,51,8,1364,1,9,VAUXHALL MOKKA,2,E01009988,0,2
2024361438186,2024,361438186,1,9,0,-1,19,8,4,-1,0,1,0,0,0,0,1,1,-1,1,1,67,10,1364,1,5,VAUXHALL MOKKA,9,E01035147,0,1
2024101532199,2024,101532199,2,9,0,-1,19,6,2,-1,0,8,0,0,0,0,1,1,-1,6,1,83,11,1364,1,6,VAUXHALL MOKKA,9,E01008475,0,2
2024061404954,2024,061404954,2,9,0,-1,19,5,1,-1,0,1,0,0,0,0,4,1,-1,9,1,44,7,1598,1,9,VAUXHALL MOKKA,1,E01004794,0,1
2024061487321,2024,061487321,1,9,0,-1,19,5,1,-1,0,8,0,0,0,0,1,1,-1,2,1,52,8,1364,1,8,VAUXHALL MOKKA,1,E01005190,0,1
2024161439101,2024,161439101,1,9,0,-1,3,5,1,-1,0,1,0,0,0,0,0,1,-1,6,1,84,11,1364,1,6,VAUXHALL MOKKA,9,E01013015,0,1
2024201470452,2024,201470452,2,9,0,-1,10,5,3,-1,0,1,0,0,0,0,2,9,-1,9,2,28,6,1199,1,2,VAUXHALL MOKKA,1,E01034748,0,1
2024221433867,2024,221433867,3,9,0,-1,4,5,1,-1,0,0,0,0,0,0,2,1,-1,6,1,58,9,-1,3,2,VAUXHALL MOKKA,9,E01029001,0,3
2024471426905,2024,471426905,2,9,0,-1,4,8,4,-1,0,0,0,0,0,0,2,1,-1,9,2,66,10,1199,1,1,VAUXHALL MOKKA,6,W01000475,0,5
2024010547583,2024,010547583,2,9,0,7,7,7,1,0,0,6,0,0,0,0,1,1,6,6,2,61,9,1199,1,2,VAUXHALL MOKKA,3,E01003431,0,1
2024401504266,2024,401504266,2,9,-1,-1,-1,-1,-1,-1,-1,-1,-1,-1,-1,0,-1,1,-1,1,1,88,11,1364,1,5,VAUXHALL MOKKA,9,E01017375,0,1
2024320348491,2024,320348491,2,9,0,9,9,6,4,0,0,5,0,0,0,0,2,1,-1,-1,2,40,7,1364,1,6,VAUXHALL MOKKA,-1,-1,0,-1
2024471406298,2024,471406298,1,9,0,-1,19,8,4,-1,0,0,0,0,0,0,1,9,-1,6,2,25,5,1598,2,8,VAUXHALL MOKKA,2,E01021037,0,1
2024141442098,2024,141442098,1,9,0,-1,9,6,3,-1,0,2,0,0,0,0,3,1,-1,9,2,35,6,1598,1,10,VAUXHALL MOKKA,3,E01008027,0,2
2024411457612,2024,411457612,1,9,0,-1,19,5,1,-1,0,0,0,0,0,0,0,1,-1,6,2,50,8,1364,1,10,VAUXHALL MOKKA,8,E01016344,0,4
2024991438446,2024,991438446,2,9,0,-1,2,0,0,-1,0,0,0,0,0,0,2,1,-1,6,-1,-1,-1,1364,1,7,VAUXHALL MOKKA,-1,-1,0,-1
2024061425073,2024,061425073,2,9,0,-1,2,0,0,-1,-1,0,0,0,0,0,4,1,-1,6,2,74,10,1364,1,5,VAUXHALL MOKKA,8,E01006285,0,1
2024052401652,2024,052401652,1,9,0,1,1,1,5,0,0,0,0,0,0,0,2,1,6,6,1,35,6,-1,3,2,VAUXHALL MOKKA,1,E01006699,0,1
2024411451492,2024,411451492,2,9,-1,-1,-1,-1,-1,-1,-1,-1,-1,-1,-1,0,-1,9,-1,9,2,47,8,1199,1,1,VAUXHALL MOKKA,-1,-1,0,-1
2024461448150,2024,461448150,2,9,0,-1,9,1,7,-1,0,0,0,0,0,0,3,1,-1,6,2,55,8,1686,2,9,VAUXHALL MOKKA,1,E01016031,0,1
2024421475235,2024,421475235,1,9,0,-1,19,3,7,-1,0,1,0,0,0,0,1,1,-1,9,2,66,10,1199,1,1,VAUXHALL MOKKA,8,E01021948,0,1
2024991469013,2024,991469013,2,9,0,-1,19,1,5,-1,0,0,0,0,1,10,1,1,-1,9,1,62,9,1199,1,1,VAUXHALL MOKKA,7,-1,0,2
2024302401516,2024,302401516,2,9,0,9,9,7,5,0,0,8,0,0,0,0,3,1,6,6,1,59,9,1598,1,9,VAUXHALL MOKKA,6,E01019701,0,2
2024201474394,2024,201474394,2,9,0,-1,3,6,2,-1,0,1,0,0,0,0,2,1,-1,6,2,35,6,1364,1,8,VAUXHALL MOKKA,3,E01009641,0,1
2024361467730,2024,361467730,1,9,0,-1,19,1,5,-1,0,0,0,0,0,0,1,1,-1,9,1,29,6,-1,3,1,VAUXHALL MOKKA,5,E01026435,0,1
2024131418138,2024,131418138,2,9,0,-1,19,3,7,-1,0,0,0,0,0,0,3,1,-1,2,2,51,8,1598,2,8,VAUXHALL MOKKA,8,E01011244,0,1
2024010543625,2024,010543625,2,3,0,4,4,5,1,0,0,1,0,0,0,0,1,1,6,6,1,31,6,-1,3,0,-1,4,E01004642,0,1
2024411456576,2024,411456576,2,9,-1,-1,19,-1,-1,-1,0,1,2,11,0,0,-1,9,-1,9,1,28,6,1995,1,5,-1,7,E01023513,0,1
2024351463264,2024,351463264,1,9,0,-1,9,3,1,-1,0,1,0,0,0,0,4,1,-1,6,2,53,8,1995,1,2,-1,7,E01017969,0,1
2024991407063,2024,991407063,1,9,0,-1,19,1,3,-1,0,8,0,0,0,0,1,1,-1,6,2,49,8,2143,2,6,-1,-1,-1,0,-1
2024010548062,2024,010548062,1,9,0,99,99,9,9,99,99,9,9,99,9,99,2,9,6,6,2,56,9,1995,1,2,-1,4,E01002576,0,1
2024461517652,2024,461517652,1,9,0,-1,19,7,3,-1,0,1,0,0,0,0,1,9,-1,6,3,-1,-1,2143,2,7,-1,-1,-1,0,-1
2024010536160,2024,010536160,1,9,0,14,14,8,4,0,0,0,0,4,0,0,3,1,6,6,1,-1,-1,1995,1,3,-1,-1,-1,0,-1
2024501491010,2024,501491010,3,9,0,-1,19,2,3,-1,0,4,0,0,0,0,3,1,-1,2,1,50,8,1995,1,0,-1,5,E01015092,0,2
2024522402511,2024,522402511,2,9,0,9,9,1,7,0,0,5,0,0,0,0,3,1,6,6,2,45,7,1995,1,3,-1,9,E01014899,0,1
2024041511503,2024,041511503,2,9,0,-1,19,1,5,-1,0,0,0,0,0,0,3,2,-1,6,1,63,9,898,1,6,-1,9,E01025319,0,1
2024131485174,2024,131485174,1,3,0,-1,19,1,5,-1,0,0,0,0,4,0,1,1,-1,6,1,18,4,124,1,0,-1,8,E01010913,0,1