collision_index,collision_year,collision_ref_no,vehicle_reference,vehicle_type,towing_and_articulation,vehicle_manoeuvre_historic,vehicle_manoeuvre,vehicle_direction_from,vehicle_direction_to,vehicle_location_restricted_lane_historic,vehicle_location_restricted_lane,junction_location,skidding_and_overturning,hit_object_in_carriageway,vehicle_leaving_carriageway,hit_object_off_carriageway,first_point_of_impact,vehicle_left_hand_drive,journey_purpose_of_driver_historic,journey_purpose_of_driver,sex_of_driver,age_of_driver,age_band_of_driver,engine_capacity_cc,propulsion_code,age_of_vehicle,generic_make_model,driver_imd_decile,lsoa_of_driver,escooter_flag,driver_distance_banding
2024520402288,2024,520402288,2,5,0,18,19,2,6,0,0,4,0,0,0,0,1,1,6,6,1,52,8,1923,1,6,-1,6,E01029316,0,4
2024991493472,2024,991493472,1,4,0,-1,19,3,7,-1,0,0,0,0,0,0,1,1,-1,9,1,56,9,1690,1,10,-1,7,-1,0,1
2024411464926,2024,411464926,1,5,0,-1,19,7,2,-1,0,8,0,0,0,0,1,1,-1,6,1,56,9,1247,1,12,-1,7,E01021510,0,4
2024451468886,2024,451468886,1,5,0,-1,19,3,7,-1,0,0,0,0,0,0,0,1,-1,2,1,41,7,1247,1,8,-1,8,E01030582,0,3
2024201467507,2024,201467507,2,9,0,-1,1,5,3,-1,0,1,0,0,0,0,1,1,-1,6,1,52,8,1592,1,-1,-1,2,E01009933,0,1
2024351521149,2024,351521149,2,3,0,-1,19,4,2,-1,0,1,0,0,7,0,1,1,-1,6,1,32,6,124,1,6,-1,2,E01018144,0,1
2024010526648,2024,010526648,3,9,0,2,2,0,0,0,0,1,0,0,0,0,0,1,6,6,3,-1,-1,1999,1,15,MAZDA 5,-1,-1,0,-1
2024010488178,2024,010488178,2,9,0,99,99,9,9,99,99,9,9,99,9,99,1,9,6,6,3,-1,-1,1798,1,18,MAZDA 5,-1,-1,0,-1
2024131462601,2024,131462601,1,9,0,-1,9,7,3,-1,0,5,0,0,0,0,1,1,-1,7,2,37,7,1560,2,11,MAZDA 5,3,E01010793,0,1
2024461524503,2024,461524503,2,9,0,-1,2,8,1,-1,-1,0,0,0,0,0,2,1,-1,6,-1,59,9,1999,1,17,MAZDA 5,2,E01024549,0,1
2024010526707,2024,010526707,2,9,0,99,99,9,9,99,99,9,9,99,9,99,1,9,6,6,3,-1,-1,1999,1,17,MAZDA 5,-1,-1,0,-1
2024440373703,2024,440373703,1,9,0,7,7,7,5,0,0,1,0,0,0,0,1,1,2,2,1,59,9,1798,1,17,MAZDA 5,2,E01017188,0,1
2024010509989,2024,010509989,1,9,0,18,19,7,3,0,0,8,0,0,0,0,1,1,6,6,2,31,6,1999,1,14,MAZDA 5,2,E01002604,0,1
2024010539991,2024,010539991,2,9,0,18,19,1,5,0,0,2,0,0,0,0,3,1,6,6,2,35,6,1999,1,14,MAZDA 5,6,E01030665,0,4
2024201456353,2024,201456353,3,9,0,-1,4,3,7,-1,0,2,0,0,0,0,3,9,-1,2,2,49,8,1998,2,15,MAZDA 5,10,E01010108,0,1
2024052401862,2024,052401862,1,9,0,18,19,1,6,0,0,8,0,0,1,10,1,1,6,6,2,34,6,1798,1,17,MAZDA 5,1,E01006642,0,1
2024552401096,2024,552401096,2,9,0,18,19,6,2,0,0,8,0,0,0,0,1,1,6,6,1,37,7,1998,2,15,MAZDA 5,6,E01020441,0,3
2024010537848,2024,010537848,1,9,0,18,19,1,5,0,0,8,0,0,0,0,4,1,6,6,1,46,8,1999,1,14,MAZDA 5,7,E01001679,0,1
2024010515496,2024,010515496,1,9,0,18,19,5,1,0,0,2,0,4,0,0,1,1,6,6,1,40,7,1798,1,15,MAZDA 5,-1,-1,0,-1
2024320474781,2024,320474781,2,9,0,-1,-1,2,6,0,0,0,0,0,0,0,3,1,6,6,1,71,10,1798,1,14,MAZDA 5,3,E01026102,0,1
2024010534846,2024,010534846,1,9,0,4,4,3,7,0,0,1,0,0,0,0,0,1,6,6,1,62,9,1999,1,17,MAZDA 5,5,E01002455,0,2
2024302400439,2024,302400439,1,9,0,18,19,5,1,0,0,2,0,0,0,0,1,1,6,6,3,-1,-1,1798,1,14,MAZDA 5,5,E01019456,0,3
2024141510118,2024,141510118,1,9,0,-1,19,5,1,-1,0,2,0,0,0,0,2,1,-1,9,1,71,10,1999,1,14,MAZDA 5,8,E01007664,0,3
2024010537319,2024,010537319,1,9,0,5,5,1,5,0,0,0,0,4,0,0,1,1,6,6,1,39,7,1798,1,18,MAZDA 5,3,E01001476,0,3
2024010540073,2024,010540073,1,9,0,5,5,3,7,0,0,1,0,0,0,0,1,1,6,6,1,24,5,1999,1,14,MAZDA 5,4,E01004259,0,1
2024010548778,2024,010548778,1,9,0,7,7,5,7,0,0,5,0,0,0,0,4,1,6,6,1,62,9,1999,1,16,MAZDA 5,2,E01000013,0,1
2024010546937,2024,010546937,1,9,0,18,19,5,1,0,0,1,0,0,0,0,1,1,6,6,3,-1,-1,1999,1,14,MAZDA 5,-1,-1,0,-1
2024010541293,2024,010541293,2,9,0,99,99,9,9,99,99,0,9,99,9,99,9,9,6,6,3,58,9,1999,1,15,MAZDA 5,4,E01003282,0,2
2024461438491,2024,461438491,1,9,0,-1,7,3,7,-1,0,5,0,11,0,0,1,1,-1,2,1,26,6,1998,2,16,MAZDA 5,2,E01016102,0,1
2024440089701,2024,440089701,1,9,0,18,19,2,6,0,0,0,0,0,0,0,1,1,6,6,1,58,9,1999,1,19,MAZDA 5,7,E01020509,0,5
2024010539556,2024,010539556,2,9,0,6,6,3,3,0,0,1,0,0,0,0,1,1,1,1,1,58,9,1999,1,17,MAZDA 5,3,E01003564,0,1
2024471457993,2024,471457993,1,9,0,-1,19,4,8,-1,0,1,0,0,0,0,4,1,-1,6,2,47,8,1798,1,17,MAZDA 5,8,E01031418,0,1
2024471424041,2024,471424041,1,9,0,-1,19,6,1,-1,0,1,0,0,0,0,1,1,-1,9,1,39,7,1999,1,17,MAZDA 5,5,E01021000,0,1
2024061526808,2024,061526808,2,9,0,-1,19,7,7,-1,0,8,1,0,0,0,1,1,-1,9,2,33,6,1560,2,9,MAZDA 5,1,E01005291,0,1
202454E797124,2024,54E797124,1,9,0,18,19,2,6,0,0,0,2,0,1,0,4,1,2,2,1,19,4,1598,1,17,MINI COOPER,8,E01022411,0,4
2024552401248,2024,552401248,1,9,0,9,9,5,2,0,0,6,0,0,0,0,1,1,6,6,2,23,5,1499,1,2,MINI COOPER,8,E01015453,0,1
2024221467555,2024,221467555,1,9,0,-1,19,1,5,-1,0,5,0,0,0,0,4,1,-1,6,2,29,6,1598,1,12,MINI COOPER,6,E01014069,0,1
2024461404574,2024,461404574,2,9,0,-1,19,3,2,-1,0,0,0,0,0,0,2,9,-1,2,1,34,6,-1,3,4,MINI COOPER,7,E01024185,0,2
2024031516916,2024,031516916,2,9,0,-1,4,1,5,-1,0,0,0,0,0,0,2,1,-1,2,2,59,9,1499,1,8,MINI COOPER,5,E01019282,0,1
2024451453220,2024,451453220,1,9,0,-1,9,8,2,-1,0,6,0,0,0,0,3,1,-1,7,2,46,8,1499,1,4,MINI COOPER,9,E01015406,0,5
2024201494678,2024,201494678,2,9,0,-1,3,2,6,-1,0,1,0,0,0,0,1,9,-1,6,2,38,7,-1,3,3,MINI COOPER,7,E01009506,0,1
2024421492927,2024,421492927,2,9,0,-1,3,4,8,-1,0,0,0,0,0,0,2,1,-1,9,2,40,7,1598,1,20,MINI COOPER,3,E01021279,0,1
2024201504754,2024,201504754,1,9,0,-1,5,7,3,-1,0,0,0,0,0,0,1,1,-1,2,2,30,6,1499,1,2,MINI COOPER,9,E01009914,0,1
2024041395238,2024,041395238,2,9,0,-1,2,1,5,-1,0,0,0,0,0,0,3,1,-1,6,-1,-1,-1,-1,3,1,MINI COOPER,-1,-1,0,-1
2024231502023,2024,231502023,2,9,0,-1,10,3,1,-1,0,1,0,0,0,0,2,9,-1,6,2,34,6,1499,1,6,MINI COOPER,7,E01035029,0,2
2024430021083,2024,430021083,2,9,0,18,19,4,8,0,0,0,0,0,1,9,1,1,6,6,2,24,5,1499,1,8,MINI COOPER,9,E01017722,0,3
2024221420166,2024,221420166,2,9,0,-1,19,5,1,-1,0,8,0,0,0,0,1,9,-1,6,1,42,7,1499,1,8,MINI COOPER,9,E01032125,0,1
2024071027892,2024,071027892,1,9,0,-1,4,7,3,-1,0,0,0,0,0,0,0,1,-1,2,2,27,6,1598,1,12,MINI COOPER,10,W01000317,0,3
2024471517308,2024,471517308,2,9,0,-1,19,6,2,-1,0,0,0,0,0,0,4,1,-1,9,2,53,8,1598,1,20,MINI COOPER,4,E01031799,0,3
2024440154682,2024,440154682,1,9,0,17,19,7,4,0,0,0,0,0,0,0,1,1,6,6,2,56,9,1499,1,5,MINI COOPER,5,E01034296,0,4
2024461519586,2024,461519586,3,9,0,-1,19,7,3,-1,0,0,0,0,0,0,1,9,-1,9,1,57,9,1998,1,3,MINI COOPER,8,E01024060,0,3
2024131499507,2024,131499507,2,9,0,-1,19,5,1,-1,0,1,0,0,0,0,3,1,-1,9,2,54,8,1499,1,2,MINI COOPER,10,E01011198,0,3
2024031494054,2024,031494054,1,9,0,-1,9,8,4,-1,0,1,0,0,0,0,4,1,-1,6,2,17,4,1598,1,20,MINI COOPER,3,E01019171,0,1
2024361503784,2024,361503784,2,9,0,-1,19,1,8,-1,0,0,0,0,0,0,1,1,-1,9,2,59,9,1499,1,4,MINI COOPER,2,E01018068,0,1
2024231408932,2024,231408932,1,9,0,-1,4,1,5,-1,0,0,0,0,0,0,0,1,-1,2,1,21,5,1496,2,8,MINI COOPER,3,E01009636,0,3
2024141463996,2024,141463996,2,9,0,-1,19,4,8,-1,0,8,0,0,0,0,4,1,-1,7,2,35,6,1499,1,4,MINI COOPER,1,E01007410,0,1
2024340WN2522,2024,340WN2522,1,9,0,-1,9,7,3,-1,0,6,0,0,0,0,3,1,-1,9,2,52,8,-1,3,3,MINI COOPER,9,E01027263,0,3
2024461409844,2024,461409844,2,9,0,-1,19,1,5,-1,0,1,0,0,0,0,3,9,-1,9,2,23,5,1499,1,7,MINI COOPER,9,E01016107,0,1
2024351537527,2024,351537527,2,9,0,-1,4,7,3,-1,0,1,0,0,0,0,2,1,-1,2,2,42,7,1499,1,6,MINI COOPER,9,E01018307,0,2
2024010502313,2024,010502313,2,9,0,9,9,1,8,0,0,8,0,0,0,0,3,1,6,6,2,43,7,1499,1,4,MINI COOPER,3,E01000558,0,1
2024622400885,2024,622400885,1,9,0,18,19,2,6,0,0,1,5,0,0,0,1,1,6,6,2,79,11,1499,1,2,MINI COOPER,4,W01001063,0,2
2024010490878,2024,010490878,1,9,0,18,19,1,5,0,0,1,0,0,0,0,1,1,6,6,3,-1,-1,1998,1,2,MINI COOPER,-1,-1,0,-1
2024501487756,2024,501487756,1,9,0,-1,11,3,7,-1,0,0,1,0,0,0,1,1,-1,6,2,36,7,1499,1,10,MINI COOPER,2,E01019074,0,4
2024231519382,2024,231519382,2,9,0,-1,3,6,2,-1,0,0,0,0,0,0,2,9,-1,6,1,55,8,1598,1,16,MINI COOPER,10,E01015547,0,4
2024010502903,2024,010502903,1,9,0,5,5,7,3,0,0,1,0,0,0,0,1,1,2,2,2,62,9,1499,1,1,MINI COOPER,7,E01033972,0,4
2024320393585,2024,320393585,2,9,0,-1,-1,8,4,0,0,8,0,0,0,0,1,-1,-1,-1,2,47,8,1496,2,9,MINI COOPER,-1,-1,0,-1
2024041439509,2024,041439509,1,9,0,-1,19,5,1,-1,0,0,5,0,1,0,2,1,-1,2,2,31,6,1598,1,17,MINI COOPER,4,E01019137,0,4
2024320418790,2024,320418790,1,9,0,-1,-1,4,8,0,0,0,0,0,0,0,1,1,-1,-1,2,54,8,1499,1,9,MINI COOPER,9,E01026022,0,4
2024440527064,2024,440527064,1,9,0,3,3,5,1,0,0,1,0,0,0,0,2,1,6,6,2,58,9,1598,2,12,MINI COOPER,6,E01017072,0,4
2024131516079,2024,131516079,3,9,0,-1,19,7,3,-1,0,0,0,0,0,0,1,1,-1,6,2,48,8,1499,1,7,MINI COOPER,6,E01010797,0,1
2024461484258,2024,461484258,2,9,0,-1,3,5,1,-1,0,0,0,0,0,0,2,1,-1,9,1,31,6,1499,1,3,MINI COOPER,6,E01035004,0,1
2024131502288,2024,131502288,1,9,0,-1,3,1,5,-1,0,0,0,0,0,0,2,1,-1,2,2,52,8,1499,1,5,MINI COOPER,7,E01011561,0,2
2024211439696,2024,211439696,1,9,0,-1,19,3,7,-1,0,1,0,0,0,0,1,1,-1,6,2,55,8,1499,1,1,MINI COOPER,-1,-1,0,-1
2024421525533,2024,421525533,1,9,0,-1,2,2,6,-1,-1,0,0,0,0,0,2,1,-1,6,2,30,6,1499,1,4,MINI COOPER,4,E01021648,0,1
2024552401192,2024,552401192,2,9,0,2,2,0,0,0,0,0,0,0,0,0,2,1,6,6,3,-1,-1,1499,1,6,MINI COOPER,-1,-1,0,-1
2024430309468,2024,430309468,1,9,0,18,19,5,1,0,0,0,0,0,0,0,4,1,6,6,1,50,8,1998,1,2,MINI COOPER,10,E01000878,0,5
2024440499990,2024,440499990,1,9,0,18,19,3,7,0,0,0,0,0,0,0,2,1,6,6,2,43,7,1499,1,10,MINI COOPER,-1,-1,0,-1
2024411508110,2024,411508110,2,9,0,-1,4,8,4,-1,0,0,0,0,0,0,1,1,-1,6,2,33,6,1496,2,7,MINI COOPER,8,E01017428,0,4
2024201425317,2024,201425317,2,9,0,-1,19,2,6,-1,0,2,0,0,0,0,4,9,-1,6,2,45,7,1998,1,6,MINI COOPER,6,E01032375,0,4
2024320424202,2024,320424202,2,9,0,-1,-1,5,1,0,0,1,1,0,1,0,1,1,-1,-1,1,59,9,1998,1,1,MINI COOPER,5,E01021008,0,5
2024211467250,2024,211467250,3,9,0,-1,2,0,0,-1,0,0,0,0,0,0,2,1,-1,6,-1,27,6,1499,1,7,MINI COOPER,-1,-1,0,-1
2024010536998,2024,010536998,2,9,9,18,19,9,9,99,99,9,9,99,9,99,9,9,6,6,3,-1,-1,1499,1,6,MINI COOPER,-1,-1,0,-1
2024201465620,2024,201465620,2,9,0,-1,4,3,7,-1,0,8,0,0,0,0,2,1,-1,1,2,40,7,1998,1,1,MINI COOPER,9,E01032886,0,3
2024302500260,2024,302500260,1,9,0,-1,19,5,1,-1,0,0,0,0,0,0,4,1,-1,6,2,83,11,1598,1,12,MINI COOPER,6,E01019674,0,1
2024461431653,2024,461431653,2,9,0,-1,3,7,3,-1,0,4,0,0,0,0,3,1,-1,9,2,67,10,1499,1,3,MINI COOPER,4,E01016097,0,1
2024141418595,2024,141418595,2,9,0,-1,5,1,5,-1,0,2,0,0,0,0,4,1,-1,6,2,52,8,1598,2,11,MINI COOPER,6,E01007985,0,1
2024061434676,2024,061434676,2,9,-1,-1,-1,-1,-1,-1,-1,-1,-1,-1,-1,0,-1,9,-1,6,2,-1,-1,1598,1,15,MINI COOPER,5,E01005942,0,2
2024622400372,2024,622400372,1,9,0,18,19,4,8,9,9,1,0,0,1,1,1,1,6,6,3,-1,-1,1598,1,20,MINI COOPER,-1,-1,0,-1
2024501414815,2024,501414815,1,9,0,-1,19,1,5,-1,0,0,2,0,1,10,1,1,-1,9,1,19,4,1600,2,13,MINI COOPER,4,E01020098,0,3
2024101425641,2024,101425641,2,9,0,-1,19,7,3,-1,0,1,0,0,0,0,4,1,-1,9,2,49,8,1499,1,1,MINI COOPER,3,E01008720,0,1
2024501413658,2024,501413658,1,9,0,-1,5,2,5,-1,0,1,0,0,0,0,1,1,-1,6,2,51,8,1998,1,2,MINI COOPER,3,E01034166,0,1
2024501457808,2024,501457808,1,9,0,-1,19,1,5,-1,0,0,2,0,2,3,1,1,-1,9,1,19,4,1598,1,21,MINI COOPER,6,E01029219,0,3
2024101437916,2024,101437916,2,9,0,-1,19,3,8,-1,0,8,0,0,0,0,4,1,-1,2,2,42,7,1598,1,16,MINI COOPER,5,E01008233,0,1
2024302400788,2024,302400788,1,9,0,18,19,6,2,0,0,8,0,0,0,0,1,1,6,6,1,44,7,1598,1,15,MINI COOPER,4,E01019822,0,4
2024461499444,2024,461499444,1,9,0,-1,19,4,8,-1,0,8,0,0,0,0,3,9,-1,9,2,22,5,1598,1,15,MINI COOPER,1,E01024663,0,1
2024461449202,2024,461449202,2,9,0,-1,19,5,1,-1,0,0,0,0,1,10,4,1,-1,6,1,35,6,1496,2,7,MINI COOPER,8,E01024454,0,1
2024041474662,2024,041474662,2,9,0,-1,2,0,0,-1,0,0,0,4,0,0,2,1,-1,6,-1,-1,-1,1998,1,9,MINI COOPER,-1,-1,0,-1
2024991512366,2024,991512366,1,9,0,-1,19,2,6,-1,0,0,1,0,0,0,4,1,-1,9,1,44,7,1598,1,17,MINI COOPER,8,-1,0,4
2024531475832,2024,531475832,2,9,0,-1,9,8,5,-1,0,5,0,0,0,0,3,1,-1,1,2,63,9,1598,1,19,MINI COOPER,6,E01022253,0,3
2024010506888,2024,010506888,2,9,9,99,99,9,9,99,99,0,9,99,9,99,9,9,6,6,3,-1,-1,1499,1,2,MINI COOPER,-1,-1,0,-1
2024010525215,2024,010525215,2,9,0,11,11,9,9,99,99,5,9,99,9,99,9,9,6,6,3,-1,-1,1598,1,18,MINI COOPER,-1,-1,0,-1
2024010508429,2024,010508429,2,9,0,18,19,5,1,0,0,8,0,0,1,0,3,1,2,2,2,29,6,1499,1,6,MINI COOPER,10,E01000874,0,1
2024211408259,2024,211408259,1,9,0,-1,19,7,5,-1,0,0,0,0,0,0,1,9,-1,6,1,18,4,1598,1,12,MINI COOPER,6,E01029801,0,3
2024430233966,2024,430233966,1,9,0,18,19,3,7,0,0,0,0,0,0,0,4,1,2,2,1,23,5,1598,1,17,MINI COOPER,5,E01004612,0,4
2024401498730,2024,401498730,1,9,0,-1,4,1,5,-1,0,0,0,0,0,0,2,1,-1,9,2,40,7,1499,1,10,MINI COOPER,10,E01018019,0,4
2024541340724,2024,541340724,1,9,0,18,19,8,4,0,0,0,2,0,7,11,1,1,6,6,1,30,6,1995,2,7,MINI COOPER,7,E01031882,0,4
2024461399607,2024,461399607,1,9,0,-1,4,4,2,-1,0,0,0,0,0,0,1,9,-1,9,1,23,5,1598,2,11,MINI COOPER,9,E01024253,0,4
2024471500369,2024,471500369,1,9,0,-1,5,1,5,-1,0,8,0,0,0,0,0,9,-1,6,2,72,10,-1,3,2,MINI COOPER,10,E01031627,0,1
2024552400305,2024,552400305,3,9,0,10,10,1,7,0,0,5,0,0,0,0,2,1,2,2,2,32,6,1598,1,11,MINI COOPER,7,E01015368,0,2
2024991456482,2024,991456482,1,9,0,-1,19,1,5,-1,0,0,0,0,1,0,3,1,-1,9,2,27,6,1598,2,11,MINI COOPER,7,-1,0,5
2024991424956,2024,991424956,1,9,0,-1,19,5,1,-1,0,0,0,0,1,10,1,1,-1,9,1,18,4,1598,1,22,MINI COOPER,5,E01011820,0,5
202417S309224,2024,17S309224,1,9,0,-1,19,7,3,-1,0,1,0,0,0,0,1,1,-1,6,2,18,4,1499,1,6,MINI COOPER,9,E01012231,0,1
2024401474213,2024,401474213,1,9,0,-1,10,5,6,-1,0,5,0,0,0,0,1,1,-1,6,2,76,11,1499,1,9,MINI COOPER,7,E01017464,0,2
2024440257326,2024,440257326,1,9,0,18,19,4,8,0,0,0,1,0,1,11,4,1,6,6,1,47,8,1499,1,3,MINI COOPER,1,-1,0,5
2024311460771,2024,311460771,1,9,0,-1,5,8,4,-1,0,0,0,0,0,0,1,9,-1,6,2,21,5,1499,1,4,MINI COOPER,9,E01006088,0,4
2024501456231,2024,501456231,1,9,0,-1,4,5,1,-1,0,0,0,0,1,10,1,1,-1,2,2,35,6,1499,1,6,MINI COOPER,5,E01020319,0,1
2024010538650,2024,010538650,1,9,0,18,19,7,3,0,0,8,0,0,0,0,1,1,6,6,1,64,9,1499,1,0,MINI COOPER,3,E01001744,0,1
2024991437542,2024,991437542,2,9,0,-1,19,4,8,-1,0,0,0,0,1,0,1,1,-1,2,2,59,9,1499,1,4,MINI COOPER,4,-1,0,3
2024311516373,2024,311516373,1,9,0,-1,19,1,5,-1,0,1,0,0,0,0,1,1,-1,9,2,-1,-1,1499,1,8,MINI COOPER,6,E01026380,0,3
2024010547634,2024,010547634,2,9,0,2,2,0,0,0,0,0,0,0,1,0,3,1,6,6,3,-1,-1,1998,1,8,MINI COOPER,-1,-1,0,-1
2024311408628,2024,311408628,1,9,0,-1,4,7,2,-1,0,0,0,0,0,0,2,1,-1,6,2,39,7,1998,1,5,MINI COOPER,7,E01028100,0,1
2024411536230,2024,411536230,2,9,-1,-1,-1,-1,-1,-1,-1,0,-1,-1,-1,0,-1,9,-1,6,1,62,9,1598,1,11,MINI COOPER,7,E01016493,0,4
2024361488408,2024,361488408,1,9,0,-1,9,7,5,-1,0,8,0,0,0,0,1,1,-1,1,1,30,6,1998,1,0,MINI COOPER,10,E01026305,0,4
2024010547212,2024,010547212,2,9,0,18,19,1,5,0,0,1,0,0,0,0,1,1,6,6,1,30,6,1598,1,20,MINI COOPER,3,E01034206,0,3
2024122400213,2024,122400213,1,9,0,13,13,2,6,0,0,1,0,0,0,0,1,1,6,6,2,64,9,1499,1,8,MINI COOPER,7,E01027646,0,1
2024430540222,2024,430540222,1,9,0,3,3,3,7,0,0,1,0,0,0,0,2,1,6,6,1,44,7,1496,2,8,MINI COOPER,7,E01033967,0,1
2024552401414,2024,552401414,1,9,0,14,14,4,8,0,0,0,0,0,0,0,1,1,3,7,1,34,6,1496,2,9,MINI COOPER,9,E01034373,0,1
2024141534165,2024,141534165,2,9,0,-1,4,5,1,-1,0,0,0,0,0,0,1,1,-1,2,1,40,7,1598,1,16,MINI COOPER,1,E01007500,0,3
2024041394931,2024,041394931,1,9,0,-1,19,1,5,-1,0,0,0,0,3,0,0,1,-1,2,1,41,7,1499,1,8,MINI COOPER,6,E01029524,0,5
2024361420492,2024,361420492,2,9,0,-1,19,7,3,-1,0,1,0,0,0,0,4,1,-1,6,2,28,6,1598,2,13,MINI COOPER,3,E01018066,0,2
2024351543024,2024,351543024,1,9,0,-1,7,3,7,-1,0,8,0,0,0,0,2,1,-1,9,2,26,6,-1,3,3,MINI COOPER,10,E01018124,0,1
2024010504744,2024,010504744,2,9,0,99,99,9,9,99,99,9,9,99,9,99,1,9,6,6,3,-1,-1,1499,1,6,MINI COOPER,-1,-1,0,-1
2024010532562,2024,010532562,2,9,0,2,2,0,0,0,0,0,0,0,1,0,1,1,6,6,3,-1,-1,1499,1,8,MINI COOPER,-1,-1,0,-1
2024501473608,2024,501473608,1,9,0,-1,19,7,3,-1,0,0,0,0,0,0,1,1,-1,9,2,44,7,1560,2,15,MINI COOPER,6,E01019888,0,4
2024461479398,2024,461479398,2,9,0,-1,9,3,7,-1,0,0,0,0,0,0,4,1,-1,6,2,42,7,1598,1,14,MINI COOPER,6,E01024692,0,1
2024451504146,2024,451504146,3,9,0,-1,19,7,3,-1,0,0,0,0,0,0,3,1,-1,2,2,57,9,1499,1,7,MINI COOPER,10,E01003472,0,3
2024320346079,2024,320346079,2,9,0,-1,-1,1,5,0,0,1,0,0,0,0,2,1,-1,-1,2,40,7,1598,1,18,MINI COOPER,5,E01026345,0,3
2024531450375,2024,531450375,2,9,0,-1,5,1,5,-1,0,4,0,0,0,0,2,1,-1,6,2,58,9,1499,1,3,MINI COOPER,6,E01022271,0,2
2024131479362,2024,131479362,1,9,0,-1,19,5,1,-1,0,0,0,0,0,0,1,1,-1,9,1,18,4,1598,1,21,MINI COOPER,2,E01007326,0,2
2024361397278,2024,361397278,2,9,0,-1,19,1,5,-1,0,0,0,0,0,0,3,1,-1,9,1,18,4,1598,1,17,MINI COOPER,5,E01026724,0,2
2024451404965,2024,451404965,3,9,0,-1,19,5,1,-1,1,1,0,0,0,0,1,1,-1,9,2,52,8,1499,1,8,MINI COOPER,9,E01030861,0,1
2024211524076,2024,211524076,2,9,0,-1,2,0,0,-1,0,0,0,4,0,0,2,1,-1,6,-1,-1,-1,1995,2,11,MINI COOPER,-1,-1,0,-1
2024122400383,2024,122400383,1,9,0,17,19,7,3,0,0,0,0,0,1,0,1,1,2,2,2,30,6,1499,1,8,MINI COOPER,10,E01034975,0,1
202454C327624,2024,54C327624,1,9,0,18,19,1,5,0,0,0,0,0,0,0,1,1,3,7,1,45,7,1998,1,1,MINI COOPER,1,E01015538,0,1
2024411406430,2024,411406430,1,9,0,-1,4,2,6,-1,0,0,0,0,1,0,2,1,-1,6,1,76,11,1598,1,20,MINI COOPER,9,E01018231,0,3
2024471479331,2024,471479331,1,9,0,-1,7,1,3,-1,99,0,0,99,0,0,1,1,-1,6,1,20,4,1598,1,19,MINI COOPER,5,E01031551,0,1
2024161450945,2024,161450945,1,9,0,-1,10,2,8,-1,0,1,0,0,0,0,1,1,-1,9,2,66,10,1598,2,13,MINI COOPER,10,E01013059,0,1
2024461498694,2024,461498694,2,9,0,-1,3,7,3,-1,0,1,0,0,1,0,4,2,-1,6,2,61,9,1598,1,18,MINI COOPER,5,E01024562,0,1
2024231524328,2024,231524328,3,9,0,-1,19,6,3,-1,0,0,0,0,0,0,3,1,-1,6,1,44,7,1598,1,17,MINI COOPER,6,E01031160,0,1
2024010535819,2024,010535819,1,9,0,18,19,3,7,0,0,1,5,4,0,0,4,1,6,6,2,44,7,1598,1,19,MINI COOPER,-1,-1,0,-1
2024161533000,2024,161533000,3,9,0,-1,19,7,3,-1,0,0,0,0,0,0,1,1,-1,9,2,57,9,1499,1,7,MINI COOPER,8,E01013046,0,1
2024451413424,2024,451413424,2,9,0,-1,9,1,7,-1,0,0,0,0,0,0,1,1,-1,7,1,44,7,1995,2,8,MINI COOPER,7,E01030968,0,1
2024421435076,2024,421435076,2,9,0,-1,8,3,5,-1,0,0,0,0,0,0,2,1,-1,6,2,56,9,1998,1,8,MINI COOPER,10,E01021379,0,3
2024411438601,2024,411438601,1,9,0,-1,19,6,2,-1,0,0,0,0,0,0,1,1,-1,9,2,66,10,-1,3,1,MINI COOPER,10,E01023355,0,1
2024010518101,2024,010518101,1,9,0,18,19,5,1,0,0,0,0,0,0,0,1,1,6,6,1,67,10,1998,1,3,MINI COOPER,10,E01030345,0,2
2024201492067,2024,201492067,2,9,0,-1,7,6,1,-1,0,4,0,0,0,0,3,1,-1,6,2,69,10,1499,1,8,MINI COOPER,9,E01010390,0,1
2024201518242,2024,201518242,2,9,0,-1,3,4,8,-1,0,8,0,0,0,0,2,1,-1,6,2,55,8,1499,1,3,MINI COOPER,7,E01009652,0,1
2024161410447,2024,161410447,1,9,0,-1,3,1,5,-1,0,4,0,0,0,0,2,1,-1,2,2,24,5,1598,1,11,MINI COOPER,9,E01034756,0,2
2024052400229,2024,052400229,1,9,0,18,19,5,1,0,0,1,0,0,0,0,1,1,6,6,1,84,11,1998,1,5,MINI COOPER,7,E01007072,0,1
2024141428304,2024,141428304,2,9,0,-1,9,6,3,-1,0,0,0,0,0,0,1,1,-1,9,2,18,4,1598,1,19,MINI COOPER,9,E01019790,0,1
2024010512563,2024,010512563,2,9,0,99,99,9,9,99,99,9,9,99,9,99,1,9,6,6,3,-1,-1,1499,1,7,MINI COOPER,-1,-1,0,-1