collision_index,collision_year,collision_ref_no,vehicle_reference,vehicle_type,towing_and_articulation,vehicle_manoeuvre_historic,vehicle_manoeuvre,vehicle_direction_from,vehicle_direction_to,vehicle_location_restricted_lane_historic,vehicle_location_restricted_lane,junction_location,skidding_and_overturning,hit_object_in_carriageway,vehicle_leaving_carriageway,hit_object_off_carriageway,first_point_of_impact,vehicle_left_hand_drive,journey_purpose_of_driver_historic,journey_purpose_of_driver,sex_of_driver,age_of_driver,age_band_of_driver,engine_capacity_cc,propulsion_code,age_of_vehicle,generic_make_model,driver_imd_decile,lsoa_of_driver,escooter_flag,driver_distance_banding
2024070798423,2024,070798423,1,9,0,-1,19,1,5,-1,0,0,0,0,0,0,1,1,-1,6,1,19,4,1499,1,9,MINI COOPER,10,E01018666,0,1
2024461493703,2024,461493703,1,9,0,-1,9,1,5,-1,-1,0,1,0,1,0,1,1,-1,9,1,48,8,1998,1,8,MINI COOPER,8,E01024451,0,1
2024010511907,2024,010511907,1,9,0,10,10,7,4,0,0,0,0,0,0,0,4,1,1,1,2,20,4,1499,1,2,MINI COOPER,3,E01000403,0,3
2024531507736,2024,531507736,1,9,0,-1,19,3,7,-1,0,1,0,0,0,0,3,1,-1,6,2,23,5,1598,1,20,MINI COOPER,9,E01022431,0,3
2024351475145,2024,351475145,1,9,0,-1,19,1,5,-1,0,0,0,0,0,0,1,1,-1,6,1,42,7,1598,1,21,MINI COOPER,5,E01018059,0,4
2024471520613,2024,471520613,1,9,0,-1,19,8,4,-1,0,0,0,0,0,0,1,1,-1,9,1,71,10,1499,1,4,MINI COOPER,3,E01020996,0,2
2024122400282,2024,122400282,1,9,0,18,19,8,4,0,0,0,0,10,7,0,1,1,6,6,2,30,6,1499,1,1,MINI COOPER,8,E01027691,0,2
2024421404968,2024,421404968,1,9,0,-1,19,7,5,-1,0,0,0,0,0,0,1,1,-1,9,1,40,7,1995,2,11,MINI COOPER,4,E01034357,0,1
2024041418358,2024,041418358,2,9,0,-1,9,1,7,-1,0,8,0,0,0,0,4,1,-1,9,1,22,5,1598,1,17,MINI COOPER,2,E01025313,0,1
2024010499820,2024,010499820,2,9,0,2,2,0,0,0,0,2,0,4,0,0,3,1,6,6,3,-1,-1,1598,1,14,MINI COOPER,-1,-1,0,-1
2024411425030,2024,411425030,2,9,-1,-1,3,-1,-1,-1,0,0,0,0,0,0,2,9,-1,6,1,23,5,1496,2,8,MINI COOPER,6,E01023593,0,1
2024451443768,2024,451443768,1,9,0,-1,10,4,6,-1,0,5,0,0,0,0,2,1,-1,6,2,54,8,1499,1,8,MINI COOPER,9,E01030761,0,1
2024161519855,2024,161519855,1,9,0,-1,2,0,0,-1,0,0,0,0,0,0,2,9,-1,6,2,44,7,1499,1,6,MINI COOPER,4,E01013314,0,1
2024461406876,2024,461406876,1,9,0,-1,19,1,5,-1,0,8,0,0,0,0,1,1,-1,9,2,19,4,1499,1,0,MINI COOPER,4,E01024541,0,1
2024010536311,2024,010536311,1,9,0,9,9,1,7,0,0,6,0,0,0,0,3,1,6,6,2,23,5,1499,1,10,MINI COOPER,2,E01003049,0,2
2024451477932,2024,451477932,2,9,0,-1,19,6,2,-1,0,0,0,0,0,0,3,1,-1,2,2,43,7,1998,1,6,MINI COOPER,10,E01030308,0,1
202454E477924,2024,54E477924,2,9,0,4,4,3,7,0,0,0,0,0,0,0,1,1,6,6,2,52,8,1499,1,3,MINI COOPER,7,E01015588,0,3
2024320104675,2024,320104675,2,9,0,2,2,0,0,0,0,0,0,0,1,0,2,1,6,6,2,26,6,1598,2,11,MINI COOPER,4,E01026285,0,3
2024221455085,2024,221455085,1,9,0,-1,19,8,4,-1,0,0,5,7,0,0,4,1,-1,6,1,25,5,1998,1,6,MINI COOPER,10,E01034328,0,3
2024451421218,2024,451421218,1,9,0,-1,9,3,7,-1,0,0,0,0,0,0,4,1,-1,9,1,46,8,1598,1,21,MINI COOPER,3,E01002603,0,1
2024501475150,2024,501475150,1,9,0,-1,1,1,5,-1,0,1,0,0,7,11,2,1,-1,9,1,90,11,1598,1,15,MINI COOPER,3,E01018766,0,3
2024061425308,2024,061425308,2,9,0,-1,19,7,3,-1,0,8,0,0,0,0,4,1,-1,2,2,60,9,1499,1,1,MINI COOPER,4,E01005534,0,1
2024440554074,2024,440554074,1,9,0,9,9,3,1,0,0,6,0,0,0,0,3,1,6,6,2,28,6,1499,1,5,MINI COOPER,10,E01022581,0,1
2024141481571,2024,141481571,2,9,0,-1,5,2,5,-1,0,6,0,0,0,0,-1,9,-1,6,3,-1,-1,1560,2,15,MINI COOPER,-1,-1,0,-1
2024010528446,2024,010528446,2,9,0,9,9,1,7,0,0,8,0,0,0,0,1,1,6,6,1,46,8,1598,1,16,MINI COOPER,3,E01001806,0,2
2024361514641,2024,361514641,1,9,0,-1,8,6,2,-1,0,1,0,0,0,0,1,1,-1,6,2,65,9,1598,1,12,MINI COOPER,4,E01018095,0,4
2024361444645,2024,361444645,1,9,0,-1,9,1,8,-1,0,6,0,0,0,0,3,1,-1,9,2,28,6,1598,1,15,MINI COOPER,2,E01026600,0,3
2024070403247,2024,070403247,1,9,0,12,12,3,7,0,0,8,0,0,0,0,1,1,6,6,2,56,9,1600,1,12,MINI COOPER,5,E01028866,0,4
2024311535640,2024,311535640,2,9,0,-1,19,1,5,-1,0,4,0,0,0,0,1,1,-1,9,2,20,4,1598,1,18,MINI COOPER,4,E01028252,0,2
2024991504711,2024,991504711,2,9,0,-1,5,1,5,-1,0,8,0,0,0,0,3,1,-1,6,2,40,7,1598,1,16,MINI COOPER,10,-1,0,1
2024010517712,2024,010517712,3,9,0,18,19,1,5,0,0,1,0,0,0,0,1,1,6,6,2,28,6,1499,1,7,MINI COOPER,3,E01001980,0,1
2024070543751,2024,070543751,2,9,0,18,19,4,8,0,0,0,0,0,0,0,0,1,6,6,2,32,6,1995,2,8,MINI COOPER,-1,-1,0,-1
2024101407968,2024,101407968,2,9,0,-1,19,5,1,-1,0,8,0,0,0,0,1,1,-1,2,2,31,6,-1,3,3,MINI COOPER,3,E01008258,0,1
2024041485660,2024,041485660,1,9,0,-1,19,8,2,-1,0,0,5,0,0,0,1,1,-1,9,2,32,6,1998,1,0,MINI COOPER,2,E01027579,0,4
2024440073019,2024,440073019,2,9,0,3,3,6,2,0,0,8,0,0,0,0,2,1,2,2,2,26,6,1499,1,5,MINI COOPER,-1,-1,0,-1
2024010501239,2024,010501239,1,9,9,99,99,9,9,99,99,0,9,99,9,99,2,9,2,2,2,26,6,1598,1,16,MINI COOPER,2,E01000075,0,2
2024991509205,2024,991509205,1,9,0,-1,19,4,8,-1,0,0,2,0,0,0,1,1,-1,9,1,31,6,1496,2,9,MINI COOPER,1,-1,0,1
2024010537107,2024,010537107,2,9,0,18,19,5,1,0,0,1,0,0,0,0,1,1,6,6,1,24,5,1598,1,21,MINI COOPER,-1,-1,0,-1
2024010547467,2024,010547467,1,9,0,18,19,3,7,0,0,0,0,0,0,0,2,1,6,6,2,25,5,1998,1,4,MINI COOPER,6,E01003437,0,2
2024991418380,2024,991418380,2,9,0,-1,3,5,1,-1,0,1,0,0,0,0,2,1,-1,9,2,49,8,1598,1,22,MINI COOPER,7,-1,0,1
2024010532079,2024,010532079,2,9,0,99,99,9,9,99,99,9,9,99,9,99,9,9,6,6,3,-1,-1,1598,1,19,MINI COOPER,4,E01003277,0,1
2024010521070,2024,010521070,2,9,0,18,19,4,8,0,0,1,0,0,0,0,2,1,2,2,1,35,6,1499,1,9,MINI COOPER,8,E01004514,0,2
2024501499138,2024,501499138,2,9,0,-1,19,1,7,-1,0,8,0,0,0,0,3,1,-1,6,1,53,8,1499,1,6,MINI COOPER,3,E01004344,0,5
2024201493631,2024,201493631,1,9,0,-1,19,2,6,-1,0,8,0,0,0,0,3,1,-1,9,2,46,8,1598,1,14,MINI COOPER,3,E01008986,0,1
2024131520272,2024,131520272,1,9,0,-1,19,3,7,-1,0,0,0,4,0,0,1,1,-1,6,1,30,6,1499,1,9,MINI COOPER,4,E01032489,0,1
2024991403110,2024,991403110,1,9,0,-1,19,1,5,-1,0,6,0,0,3,0,4,1,-1,9,1,50,8,1598,1,19,MINI COOPER,7,-1,0,3
2024041436199,2024,041436199,2,9,0,-1,4,5,1,-1,0,1,0,0,0,0,2,1,-1,9,2,26,6,1598,1,20,MINI COOPER,3,E01024952,0,1
2024010543321,2024,010543321,3,9,0,2,2,0,0,9,9,1,0,0,0,0,4,1,6,6,3,-1,-1,1499,1,6,MINI COOPER,-1,-1,0,-1
2024010515145,2024,010515145,2,9,0,18,19,5,1,0,0,8,0,0,0,0,1,1,6,6,3,-1,-1,1598,1,12,MINI COOPER,-1,-1,0,-1
2024440160829,2024,440160829,2,9,0,5,5,6,2,0,0,6,0,0,0,0,1,1,6,6,3,-1,-1,1995,2,9,MINI COOPER,-1,-1,0,-1
2024070741370,2024,070741370,1,9,0,-1,14,3,7,-1,0,0,0,0,0,0,4,1,-1,6,2,80,11,1598,1,12,MINI COOPER,10,E01018590,0,1
2024401515571,2024,401515571,1,9,0,-1,19,7,3,-1,0,8,0,0,3,7,1,1,-1,6,2,70,10,1598,1,13,MINI COOPER,3,E01017601,0,1
2024411409763,2024,411409763,2,9,0,-1,19,4,8,-1,0,0,0,0,1,0,1,1,-1,6,2,44,7,1499,1,6,MINI COOPER,7,E01023594,0,1
2024010506216,2024,010506216,1,9,0,18,19,5,1,0,0,0,0,4,0,0,1,1,6,6,1,71,10,1598,1,17,MINI COOPER,3,E01002766,0,1
2024461497500,2024,461497500,1,9,0,-1,5,1,5,-1,0,6,0,4,0,0,1,1,-1,9,2,39,7,1598,1,15,MINI COOPER,6,E01024425,0,1
2024010547290,2024,010547290,2,9,0,99,99,9,9,99,99,9,9,99,9,99,9,9,6,6,3,46,8,1998,1,6,MINI COOPER,6,E01002849,0,1
2024041485580,2024,041485580,2,9,0,-1,4,3,7,-1,0,0,0,0,0,0,2,1,-1,9,2,26,6,1499,1,6,MINI COOPER,1,E01025389,0,1
2024471447651,2024,471447651,2,9,0,-1,2,0,0,-1,0,0,0,0,0,0,3,1,-1,6,-1,-1,-1,1499,1,7,MINI COOPER,-1,-1,0,-1
2024010512226,2024,010512226,1,9,0,17,19,5,1,0,0,0,0,0,0,0,4,1,6,6,2,46,8,1598,1,14,MINI COOPER,7,E01030563,0,1
2024548705324,2024,548705324,1,9,0,18,19,8,4,0,0,0,0,0,0,0,3,1,6,6,2,24,5,1598,1,18,MINI COOPER,9,E01032695,0,1
2024340WN6932,2024,340WN6932,1,9,0,-1,19,7,3,-1,0,0,0,0,0,0,1,1,-1,6,2,44,7,1598,1,16,MINI COOPER,9,E01027263,0,1
2024552400720,2024,552400720,1,9,0,18,19,4,8,0,0,1,0,0,0,0,1,1,6,6,1,64,9,1598,1,11,MINI COOPER,3,E01015308,0,1
2024991415640,2024,991415640,1,9,0,-1,9,8,4,-1,9,2,1,0,1,6,1,2,-1,9,1,41,7,1598,1,19,MINI COOPER,-1,-1,0,-1
2024991474927,2024,991474927,1,9,0,-1,9,2,8,-1,0,8,0,0,0,0,1,1,-1,6,2,33,6,1598,1,16,MINI COOPER,1,-1,0,1
2024161531329,2024,161531329,4,9,0,-1,2,0,0,-1,0,0,0,4,0,0,1,1,-1,6,-1,-1,-1,1600,1,13,MINI COOPER,-1,-1,0,-1
2024070360783,2024,070360783,3,9,0,2,2,0,0,0,0,0,0,0,0,0,3,1,6,6,3,-1,-1,-1,3,3,MINI COOPER,-1,-1,0,-1
2024131471344,2024,131471344,1,9,0,-1,19,8,4,-1,0,3,1,10,7,2,4,1,-1,6,1,57,9,1598,1,22,MINI COOPER,1,E01011790,0,1
2024320660430,2024,320660430,1,9,0,-1,-1,8,4,0,0,0,0,0,7,0,1,1,6,6,2,72,10,1499,1,1,MINI COOPER,9,E01026118,0,3
2024991399472,2024,991399472,1,9,0,-1,20,8,2,-1,0,0,0,0,0,0,4,1,-1,9,1,61,9,1998,1,2,MINI COOPER,10,-1,0,1
2024552400574,2024,552400574,1,9,0,9,9,7,5,0,0,8,0,0,0,0,1,1,6,6,2,22,5,1598,1,17,MINI COOPER,5,E01015375,0,1
2024070043623,2024,070043623,2,9,0,18,19,1,5,0,0,1,0,0,0,0,1,1,6,6,2,25,5,1499,1,7,MINI COOPER,9,E01018349,0,1
2024131532239,2024,131532239,1,9,0,-1,12,1,5,-1,0,0,0,0,1,4,3,1,-1,9,1,26,6,1499,1,10,MINI COOPER,6,E01011042,0,1
2024010521251,2024,010521251,1,9,0,5,5,9,9,99,99,0,9,99,9,99,0,9,6,6,3,50,8,1499,1,2,MINI COOPER,6,E01003949,0,1
2024520402857,2024,520402857,4,9,0,18,19,7,3,0,0,0,0,0,0,0,4,1,6,6,1,24,5,1598,1,13,MINI COOPER,10,E01029030,0,1
2024010526391,2024,010526391,1,9,0,99,99,9,9,99,99,5,9,99,9,99,9,9,6,6,2,54,8,1598,1,14,MINI COOPER,5,E01004501,0,1
2024522401385,2024,522401385,1,9,0,13,13,4,8,0,0,0,0,0,0,0,1,1,6,6,1,46,8,1598,1,18,MINI COOPER,5,E01014753,0,1
2024440467758,2024,440467758,2,9,0,18,19,2,6,0,0,0,0,0,0,0,1,1,6,6,2,42,7,1598,1,14,MINI COOPER,10,E01022573,0,3
2024010548503,2024,010548503,1,9,0,99,99,9,9,99,99,0,9,99,9,99,9,9,2,2,1,28,6,1598,1,15,MINI COOPER,6,E01004608,0,1
2024010511339,2024,010511339,2,9,0,99,99,9,9,99,99,9,9,99,9,99,9,9,6,6,3,-1,-1,1499,1,10,MINI COOPER,-1,-1,0,-1
2024471431094,2024,471431094,1,9,0,-1,1,1,3,-1,0,0,0,0,0,0,3,1,-1,9,2,67,10,1499,1,7,MINI COOPER,10,E01021026,0,1
2024231528705,2024,231528705,2,9,0,-1,2,0,0,-1,0,0,0,0,0,0,2,1,-1,6,1,64,9,1499,1,6,MINI COOPER,7,E01031011,0,1
2024421498060,2024,421498060,1,9,0,-1,19,5,1,-1,0,1,0,0,0,0,1,1,-1,6,2,20,4,1499,1,1,MINI COOPER,5,E01015872,0,1
2024471497122,2024,471497122,2,9,0,-1,3,7,3,-1,0,2,0,0,0,0,2,2,-1,9,2,62,9,-1,3,1,MINI COOPER,8,E01031629,0,1
2024451489165,2024,451489165,2,9,0,-1,19,5,2,-1,0,8,0,0,0,0,3,1,-1,2,2,62,9,1499,1,3,MINI COOPER,10,E01030480,0,1
2024451465407,2024,451465407,2,9,0,-1,19,6,2,-1,0,0,0,0,0,0,2,1,-1,1,2,53,8,1499,1,2,MINI COOPER,7,E01017050,0,4
2024451406608,2024,451406608,3,9,0,-1,8,5,1,-1,0,1,0,0,1,0,3,1,-1,2,2,26,6,1499,1,0,MINI COOPER,9,E01030642,0,1
2024231544362,2024,231544362,2,9,0,-1,9,3,1,-1,0,6,0,0,0,0,4,1,-1,6,1,21,5,1499,1,8,MINI COOPER,8,E01031272,0,1
2024430242711,2024,430242711,1,9,0,5,5,8,3,0,0,6,0,0,0,0,1,1,2,2,2,37,7,1499,1,6,MINI COOPER,4,E01004453,0,4
2024131395386,2024,131395386,1,9,0,-1,9,1,5,-1,0,8,0,0,0,0,1,1,-1,9,2,21,5,1598,1,20,MINI COOPER,8,E01011583,0,1
2024010534635,2024,010534635,1,9,0,14,14,7,3,0,0,0,0,0,0,0,4,1,6,6,2,55,8,1598,1,11,MINI COOPER,10,E01000423,0,1
2024010519861,2024,010519861,1,9,0,18,19,5,1,0,0,8,5,0,0,0,3,1,6,6,3,-1,-1,1496,2,8,MINI COOPER,-1,-1,0,-1
2024440555597,2024,440555597,1,9,0,9,9,4,2,0,0,8,0,0,0,0,4,1,6,6,2,31,6,1499,1,6,MINI COOPER,6,E01030938,0,4
2024061404963,2024,061404963,3,9,0,-1,10,4,2,-1,0,8,0,0,0,0,2,1,-1,9,1,47,8,1499,1,2,MINI COOPER,7,E01006138,0,1
2024421481980,2024,421481980,1,9,0,-1,19,1,5,-1,0,0,0,7,7,0,1,1,-1,9,2,33,6,1998,1,5,MINI COOPER,8,E01021830,0,1
2024522402063,2024,522402063,1,9,0,18,19,5,1,0,0,0,1,0,7,9,1,1,6,6,1,22,5,1496,2,9,MINI COOPER,9,E01014784,0,2
2024631430255,2024,631430255,3,9,0,-1,10,5,3,-1,0,8,0,0,0,0,1,2,-1,9,2,62,9,1499,1,1,MINI COOPER,8,W01001542,0,5
2024351464825,2024,351464825,2,9,-1,-1,-1,-1,-1,-1,-1,0,-1,-1,-1,0,-1,9,-1,6,1,55,8,1598,1,11,MINI COOPER,8,E01018277,0,1
2024010498330,2024,010498330,2,9,0,99,99,9,9,99,99,5,9,99,9,99,9,9,6,6,3,-1,-1,1995,2,9,MINI COOPER,-1,-1,0,-1
2024461533094,2024,461533094,2,9,0,-1,2,0,0,-1,0,0,0,0,0,0,2,1,-1,9,2,52,8,1598,1,22,MINI COOPER,1,E01024649,0,1
2024302401128,2024,302401128,2,9,0,3,3,8,4,0,0,0,0,0,0,0,3,1,6,6,2,50,8,1499,1,4,MINI COOPER,8,E01016255,0,5
2024451448557,2024,451448557,1,9,0,-1,5,1,5,-1,0,1,0,10,0,0,4,1,-1,2,2,27,6,1499,1,5,MINI COOPER,-1,-1,0,-1
2024631430641,2024,631430641,1,9,0,-1,12,2,6,-1,0,0,1,0,1,10,1,1,-1,2,1,40,7,1598,1,21,MINI COOPER,5,W01000541,0,2
2024141428304,2024,141428304,1,9,0,-1,4,4,8,-1,0,0,5,0,7,0,4,1,-1,9,2,32,6,1499,1,3,MINI COOPER,3,E01008095,0,2
2024061411682,2024,061411682,2,9,0,-1,9,2,8,-1,0,8,0,0,0,0,1,1,-1,6,1,52,8,1560,2,15,MINI COOPER,4,E01004782,0,1
2024471426012,2024,471426012,1,9,0,-1,19,2,6,-1,0,2,0,0,0,0,2,1,-1,9,1,18,4,1598,1,19,MINI COOPER,6,E01031406,0,1
2024991410850,2024,991410850,1,9,0,-1,19,4,8,-1,0,1,0,0,0,0,1,1,-1,6,2,59,9,1499,1,6,MINI COOPER,2,-1,0,1
2024070650507,2024,070650507,1,9,0,9,9,1,7,0,0,8,0,0,1,0,1,1,6,6,2,61,9,1499,1,5,MINI COOPER,10,W01000250,0,4
2024302400727,2024,302400727,1,9,0,9,9,3,1,0,0,2,5,0,1,0,1,1,6,6,1,18,4,1998,1,8,MINI COOPER,3,E01019775,0,1
2024471490323,2024,471490323,1,9,0,-1,19,1,5,-1,0,4,5,9,1,1,1,1,-1,9,1,29,6,1598,1,18,MINI COOPER,10,E01031650,0,1
202454A305224,2024,54A305224,1,9,0,9,9,8,4,0,0,1,0,0,0,0,1,1,6,6,2,28,6,1499,1,10,MINI COOPER,-1,-1,0,-1
2024211432256,2024,211432256,1,9,0,-1,19,4,8,-1,0,1,0,0,0,0,1,1,-1,6,2,24,5,1998,1,3,MINI COOPER,5,E01028869,0,4
2024421430092,2024,421430092,1,9,0,-1,19,3,7,-1,0,0,0,4,0,0,4,1,-1,9,2,73,10,1598,1,16,MINI COOPER,9,E01021346,0,3
2024371482595,2024,371482595,3,9,-1,-1,3,-1,-1,-1,0,0,0,0,0,0,3,9,-1,9,2,31,6,1598,1,18,MINI COOPER,7,E01026508,0,4
2024991398616,2024,991398616,1,9,0,-1,19,7,3,-1,0,0,0,0,0,0,1,1,-1,9,1,19,4,1560,2,17,MINI COOPER,-1,-1,0,-1
2024991456523,2024,991456523,1,9,0,-1,19,8,4,-1,0,0,0,0,7,11,1,2,-1,6,2,18,4,1598,1,15,MINI COOPER,5,-1,0,2
2024070232048,2024,070232048,1,9,0,9,9,1,5,0,0,2,0,0,0,0,3,1,6,6,2,57,9,1499,1,6,MINI COOPER,9,E01012450,0,1
2024430407372,2024,430407372,1,9,0,3,3,4,8,0,0,0,0,0,0,0,2,1,6,6,1,43,7,1598,1,11,MINI COOPER,7,E01031379,0,4
2024471441005,2024,471441005,1,9,0,-1,14,4,8,-1,0,0,0,0,0,0,4,1,-1,7,2,33,6,1598,1,20,MINI COOPER,9,E01031642,0,3
2024411427439,2024,411427439,1,9,0,-1,4,4,8,-1,0,0,0,0,0,0,4,1,-1,6,1,-1,-1,-1,3,2,MINI COOPER,4,E01023925,0,1
2024471439214,2024,471439214,2,9,0,-1,5,0,3,-1,0,0,0,0,0,0,3,1,-1,6,2,21,5,1499,1,9,MINI COOPER,7,E01031777,0,1
2024401465686,2024,401465686,1,9,0,-1,19,7,1,-1,0,0,0,0,0,0,1,1,-1,1,1,28,6,1499,1,5,MINI COOPER,3,E01013830,0,5
2024052401416,2024,052401416,1,9,0,18,19,4,8,0,0,0,0,0,0,0,1,1,6,6,1,44,7,1560,2,16,MINI COOPER,1,E01006646,0,2
2024031470368,2024,031470368,2,9,0,-1,4,4,8,-1,0,0,0,0,0,0,2,1,-1,9,1,47,8,1598,1,14,MINI COOPER,6,E01019384,0,2
2024141403107,2024,141403107,1,9,0,-1,10,5,1,-1,0,0,0,0,0,0,1,1,-1,9,2,48,8,1998,1,1,MINI COOPER,2,E01007548,0,1
2024070173847,2024,070173847,2,9,0,17,19,5,1,0,0,8,0,0,0,0,1,1,6,6,2,24,5,1560,2,17,MINI COOPER,4,E01011075,0,4
2024421463928,2024,421463928,2,9,0,-1,19,4,8,-1,0,3,0,0,0,0,3,1,-1,9,2,54,8,1598,1,14,MINI COOPER,7,E01003762,0,4
2024320336689,2024,320336689,1,9,0,-1,-1,8,4,0,0,0,5,0,2,0,1,1,6,6,2,55,8,1598,1,17,MINI COOPER,2,E01026101,0,3
2024471516441,2024,471516441,3,9,0,-1,19,1,5,-1,0,1,0,0,0,0,2,9,-1,6,2,65,9,1998,1,3,MINI COOPER,10,E01031822,0,1
2024221498610,2024,221498610,1,9,0,-1,19,6,2,-1,0,0,1,0,8,4,1,9,-1,9,2,35,6,1598,1,18,MINI COOPER,3,E01032242,0,1
2024991493752,2024,991493752,2,9,0,-1,19,8,4,-1,0,8,1,0,0,0,3,1,-1,9,1,38,7,1998,1,10,MINI COOPER,3,-1,0,4
202460Q122137,2024,60Q122137,2,9,0,5,5,3,7,0,0,1,0,0,5,0,2,1,6,6,1,45,7,-1,3,2,MINI COOPER,-1,-1,0,-1
2024451467442,2024,451467442,1,9,0,-1,19,1,5,-1,0,1,0,4,0,0,1,1,-1,6,1,17,4,1598,1,16,MINI COOPER,-1,-1,0,-1
2024010544657,2024,010544657,2,9,0,99,99,9,9,99,99,9,9,99,9,99,9,9,6,6,3,-1,-1,1598,1,13,MINI COOPER,-1,-1,0,-1
2024201480265,2024,201480265,2,9,0,-1,2,0,0,-1,0,1,0,0,0,0,2,1,-1,6,1,25,5,1598,1,17,MINI COOPER,1,E01009354,0,1
2024010549180,2024,010549180,2,9,0,99,99,9,9,99,99,9,9,99,9,99,9,9,6,6,1,31,6,1598,1,12,MINI COOPER,4,E01003180,0,1
2024501452446,2024,501452446,3,9,0,-1,19,4,8,-1,0,0,0,0,0,0,2,9,-1,6,1,48,8,1598,1,19,MINI COOPER,7,E01020304,0,1
2024421415268,2024,421415268,2,9,0,-1,7,6,2,-1,0,1,0,0,0,0,3,9,-1,2,2,39,7,1499,1,9,MINI COOPER,4,E01021674,0,3
2024430586734,2024,430586734,2,9,0,18,19,3,7,0,0,0,0,0,0,0,1,1,6,6,1,72,10,1499,1,2,MINI COOPER,-1,-1,0,-1
2024070899819,2024,070899819,2,9,0,-1,19,7,3,-1,0,0,0,0,0,0,2,1,-1,2,2,23,5,1496,2,10,MINI COOPER,6,E01007194,0,4
2024451400691,2024,451400691,2,9,0,-1,19,2,6,-1,0,0,1,0,1,4,3,1,-1,2,1,37,7,1499,1,8,MINI COOPER,5,E01030974,0,1
2024010505408,2024,010505408,2,9,0,10,10,5,2,0,0,1,0,0,0,0,4,1,6,6,2,57,9,1598,1,13,MINI COOPER,3,E01001113,0,1
2024031464097,2024,031464097,1,9,0,-1,19,3,7,-1,0,0,0,0,0,0,4,9,-1,9,2,41,7,1598,1,12,MINI COOPER,8,E01019370,0,1
2024421448570,2024,421448570,1,9,0,-1,19,7,3,-1,0,0,0,0,0,0,1,1,-1,6,1,32,6,1598,1,20,MINI COOPER,4,E01021529,0,1
2024161395105,2024,161395105,1,9,0,-1,5,1,5,-1,0,1,0,0,0,0,2,9,-1,9,2,44,7,1598,1,16,MINI COOPER,6,E01012910,0,1
2024010507791,2024,010507791,2,9,0,18,19,5,1,0,0,4,0,9,0,0,2,1,2,2,1,50,8,1598,1,15,MINI COOPER,8,E01030686,0,3
2024520402628,2024,520402628,1,9,0,18,19,8,4,0,0,0,5,0,7,10,3,1,6,6,2,41,7,1598,1,16,MINI COOPER,5,E01031403,0,5
2024052402826,2024,052402826,2,9,0,4,4,7,3,0,0,0,0,0,0,0,3,1,2,2,1,28,6,1499,1,5,MINI COOPER,7,E01007203,0,1
2024401477170,2024,401477170,2,9,0,-1,3,7,3,-1,0,1,0,0,0,0,3,1,-1,2,1,39,7,1598,1,15,MINI COOPER,9,E01017375,0,2
2024440009050,2024,440009050,1,9,0,5,5,1,5,0,0,4,0,0,0,0,3,1,6,6,1,45,7,-1,3,1,MINI COOPER,7,E01023150,0,1
2024471436183,2024,471436183,2,9,0,-1,19,3,7,-1,0,1,0,0,0,0,2,1,-1,9,2,56,9,1499,1,10,MINI COOPER,7,E01031516,0,3
2024111420685,2024,111420685,2,9,-1,-1,10,8,4,-1,0,5,0,0,0,0,3,9,-1,6,2,55,8,1998,1,3,MINI COOPER,4,E01020656,0,1
2024010530786,2024,010530786,1,9,0,6,6,1,1,0,0,1,0,0,0,0,3,1,6,6,1,52,8,1598,1,18,MINI COOPER,1,E01012262,0,5
2024041463290,2024,041463290,2,9,0,-1,19,1,5,-1,0,0,0,11,0,0,1,1,-1,9,2,25,5,1499,1,10,MINI COOPER,3,E01025076,0,2
2024451412100,2024,451412100,1,9,0,-1,19,4,2,-1,0,8,0,0,0,0,4,1,-1,9,1,54,8,1598,1,15,MINI COOPER,10,E01030682,0,1
2024141492988,2024,141492988,1,9,0,-1,19,7,3,-1,0,8,0,0,0,0,1,1,-1,6,2,51,8,1998,1,0,MINI COOPER,9,E01007752,0,1
2024122400452,2024,122400452,3,9,0,10,10,5,3,0,0,1,0,0,0,0,2,1,2,2,2,39,7,1499,1,2,MINI COOPER,9,E01027904,0,1
2024320211754,2024,320211754,1,9,0,-1,-1,8,4,0,0,0,5,0,7,0,1,1,6,6,1,39,7,1598,1,21,MINI COOPER,-1,-1,0,-1
2024010489653,2024,010489653,2,9,9,99,99,9,9,99,99,6,9,99,9,99,9,9,6,6,3,-1,-1,1598,1,18,MINI COOPER,-1,-1,0,-1
2024010508215,2024,010508215,1,9,0,99,99,9,9,99,99,9,9,99,9,99,1,9,6,6,3,-1,-1,1499,1,10,MINI COOPER,-1,-1,0,-1
2024201487550,2024,201487550,2,9,0,-1,3,5,1,-1,9,8,0,0,0,0,1,2,-1,6,2,64,9,1598,1,12,MINI COOPER,10,E01029629,0,4