collision_index,collision_year,collision_ref_no,vehicle_reference,vehicle_type,towing_and_articulation,vehicle_manoeuvre_historic,vehicle_manoeuvre,vehicle_direction_from,vehicle_direction_to,vehicle_location_restricted_lane_historic,vehicle_location_restricted_lane,junction_location,skidding_and_overturning,hit_object_in_carriageway,vehicle_leaving_carriageway,hit_object_off_carriageway,first_point_of_impact,vehicle_left_hand_drive,journey_purpose_of_driver_historic,journey_purpose_of_driver,sex_of_driver,age_of_driver,age_band_of_driver,engine_capacity_cc,propulsion_code,age_of_vehicle,generic_make_model,driver_imd_decile,lsoa_of_driver,escooter_flag,driver_distance_banding
2024451504534,2024,451504534,3,9,0,-1,19,5,1,-1,0,0,0,0,0,0,1,1,-1,9,1,69,10,1598,1,13,MINI COOPER,10,E01035347,0,4
2024071046044,2024,071046044,1,9,0,-1,19,3,7,-1,0,0,1,0,2,11,4,1,-1,9,2,26,6,1499,1,6,MINI COOPER,8,E01018703,0,3
2024010519427,2024,010519427,1,9,0,9,9,6,3,0,0,1,0,0,0,0,2,1,2,2,2,20,4,1499,1,1,MINI COOPER,7,E01023335,0,3
2024101533657,2024,101533657,2,9,0,-1,9,3,1,-1,0,8,0,0,0,0,1,1,-1,6,2,22,5,1496,2,6,MINI COOPER,4,E01008866,0,3
2024361509958,2024,361509958,2,9,0,-1,19,1,5,-1,0,2,0,0,0,0,3,1,-1,6,1,70,10,1998,1,3,MINI COOPER,5,E01026725,0,2
2024991535200,2024,991535200,1,9,0,-1,19,7,3,-1,0,0,0,0,1,1,1,1,-1,6,2,22,5,1598,1,22,MINI COOPER,7,-1,0,3
2024451460160,2024,451460160,3,9,0,-1,19,7,3,-1,0,1,0,0,0,0,0,1,-1,2,1,33,6,1998,1,5,MINI COOPER,10,E01030930,0,1
2024991452178,2024,991452178,2,9,0,-1,19,5,1,-1,0,0,0,0,0,0,4,1,-1,9,2,47,8,1499,1,9,MINI COOPER,2,W01001169,0,5
2024340WN2992,2024,340WN2992,1,9,0,-1,19,6,2,-1,0,2,0,0,0,1,1,1,-1,6,1,36,7,1598,1,18,MINI COOPER,4,E01026952,0,4
2024010533033,2024,010533033,1,9,0,99,99,9,9,99,99,9,9,99,9,99,9,9,6,6,2,22,5,1598,1,16,MINI COOPER,2,E01021771,0,3
2024141426241,2024,141426241,1,9,0,-1,7,5,7,-1,0,2,0,0,1,0,1,1,-1,1,2,36,7,1598,1,19,MINI COOPER,1,E01007327,0,1
2024471417273,2024,471417273,1,9,0,-1,9,3,1,-1,0,8,0,0,0,0,4,1,-1,6,2,46,8,1499,1,10,MINI COOPER,10,E01016940,0,1
2024221534301,2024,221534301,3,9,0,-1,19,8,4,-1,0,0,0,0,0,0,1,1,-1,6,1,38,7,1499,1,4,MINI COOPER,6,E01032460,0,1
2024430609610,2024,430609610,1,9,0,9,9,3,2,0,0,6,0,0,0,0,1,1,6,6,2,72,10,1499,1,10,MINI COOPER,10,E01016386,0,1
2024041469507,2024,041469507,2,9,0,-1,5,1,3,-1,0,6,0,0,0,0,4,1,-1,9,2,52,8,1499,1,9,MINI COOPER,2,E01025220,0,3
2024010508742,2024,010508742,1,9,0,18,19,5,1,0,0,0,0,0,0,0,1,1,6,6,1,24,5,1998,1,8,MINI COOPER,-1,-1,0,-1
2024421489510,2024,421489510,2,9,0,-1,9,5,3,-1,0,6,0,0,0,0,3,1,-1,2,2,51,8,1998,1,4,MINI COOPER,6,E01021794,0,1
2024211480941,2024,211480941,1,9,0,-1,5,6,2,-1,0,2,0,0,0,0,3,2,-1,6,1,66,10,1598,1,20,MINI COOPER,4,E01029797,0,1
2024461451649,2024,461451649,2,9,0,-1,19,7,3,-1,0,1,0,0,0,0,1,1,-1,9,2,49,8,1499,1,3,MINI COOPER,9,E01032655,0,1
2024471491543,2024,471491543,1,9,0,-1,19,1,5,-1,0,0,0,0,0,0,1,1,-1,9,2,68,10,1499,1,1,MINI COOPER,6,E01021054,0,3
2024421471428,2024,421471428,1,9,0,-1,19,1,5,-1,0,1,0,0,0,0,4,1,-1,1,2,29,6,1998,1,0,MINI COOPER,8,E01021524,0,2
2024430279189,2024,430279189,1,9,0,18,19,5,1,0,0,0,0,0,0,0,1,1,6,6,1,59,9,1499,1,10,MINI COOPER,7,E01034034,0,3
2024522402899,2024,522402899,1,9,0,9,9,6,4,0,0,5,0,0,0,0,2,1,6,6,2,64,9,1499,1,4,MINI COOPER,7,E01014599,0,2
2024461397705,2024,461397705,1,9,0,-1,19,7,3,-1,0,1,1,0,3,1,1,9,-1,6,2,33,6,1499,1,6,MINI COOPER,2,E01024500,0,4
2024361469357,2024,361469357,2,9,0,-1,4,5,1,-1,0,1,0,0,0,0,2,1,-1,6,2,62,9,1499,1,2,MINI COOPER,6,E01029881,0,4
2024010498446,2024,010498446,2,9,9,5,5,9,9,99,99,1,9,99,9,99,9,9,6,6,3,-1,-1,1998,1,5,MINI COOPER,-1,-1,0,-1
2024201437843,2024,201437843,1,9,0,-1,19,2,6,-1,0,0,0,0,0,0,1,9,-1,1,1,50,8,1499,1,7,MINI COOPER,6,E01027047,0,4
2024421405404,2024,421405404,1,9,0,-1,19,3,7,-1,0,0,0,0,0,0,1,1,-1,6,2,82,11,1499,1,5,MINI COOPER,9,E01022082,0,1
2024161442320,2024,161442320,1,9,0,-1,4,6,2,-1,0,0,0,0,0,0,2,1,-1,2,2,66,10,1499,1,5,MINI COOPER,6,E01013034,0,3
2024440019717,2024,440019717,1,9,0,18,19,4,8,0,0,4,0,0,0,0,3,1,6,6,2,55,8,1499,1,1,MINI COOPER,5,E01017113,0,2
2024221401926,2024,221401926,1,9,0,-1,19,5,1,-1,0,0,0,0,1,4,1,9,-1,2,2,46,8,-1,3,1,MINI COOPER,3,W01000405,0,3
2024010527939,2024,010527939,3,9,0,2,2,0,0,0,0,0,0,0,0,0,2,1,6,6,3,-1,-1,1598,1,16,MINI COOPER,-1,-1,0,-1
2024010536385,2024,010536385,2,9,0,18,19,5,1,0,0,0,1,4,0,0,1,1,6,6,1,19,4,1600,1,11,MINI COOPER,-1,-1,0,-1
2024101534449,2024,101534449,1,9,0,-1,1,8,1,-1,0,0,0,0,0,0,2,1,-1,6,1,45,7,1499,1,1,MINI COOPER,8,E01008531,0,1
2024401429272,2024,401429272,2,9,0,-1,19,4,8,-1,0,0,0,0,0,0,1,1,-1,6,2,57,9,1499,1,3,MINI COOPER,6,E01016734,0,2
2024221524218,2024,221524218,1,9,0,-1,5,2,6,-1,0,2,0,0,0,0,1,1,-1,6,2,25,5,1499,1,6,MINI COOPER,2,E01034333,0,1
2024991477413,2024,991477413,2,9,0,-1,8,5,7,-1,0,1,0,0,0,0,2,1,-1,1,2,25,5,1499,1,4,MINI COOPER,3,-1,0,2
2024010530593,2024,010530593,2,9,0,2,2,0,0,0,0,0,0,4,0,0,2,1,6,6,3,-1,-1,1998,1,10,MINI COOPER,-1,-1,0,-1
2024501535215,2024,501535215,2,9,0,-1,9,7,5,-1,9,0,0,0,0,0,1,1,-1,9,2,19,4,1499,1,8,MINI COOPER,9,E01017825,0,5
2024501493865,2024,501493865,1,9,0,-1,19,3,7,-1,0,0,0,0,0,0,1,1,-1,6,2,80,11,1496,2,8,MINI COOPER,7,E01020251,0,4
2024520500297,2024,520500297,2,9,0,9,9,2,8,0,0,8,0,0,0,0,4,1,6,6,1,50,8,1560,2,16,MINI COOPER,6,E01029040,0,1
2024010528796,2024,010528796,2,9,0,9,9,5,2,0,0,1,0,10,0,0,1,1,6,6,1,38,7,1998,1,8,MINI COOPER,3,E01002638,0,2
2024411508110,2024,411508110,1,9,0,-1,4,8,4,-1,0,0,0,0,0,0,2,1,-1,6,2,24,5,1995,2,7,MINI COOPER,10,E01023926,0,3
2024631473308,2024,631473308,3,9,0,-1,19,4,8,-1,0,1,0,0,0,0,1,1,-1,6,2,20,4,1598,1,20,MINI COOPER,4,W01000608,0,3
2024440189238,2024,440189238,2,9,0,9,9,2,1,0,0,5,0,0,0,0,4,1,6,6,2,43,7,1598,1,20,MINI COOPER,6,E01033239,0,1
2024991416218,2024,991416218,2,9,0,-1,19,5,1,-1,0,8,0,0,0,0,3,1,-1,9,2,75,10,1998,1,2,MINI COOPER,7,-1,0,2
2024101458286,2024,101458286,1,9,0,-1,1,-1,-1,-1,0,6,1,0,1,0,-1,1,-1,9,2,67,10,1598,1,17,MINI COOPER,9,E01020702,0,3
2024010494514,2024,010494514,1,9,0,16,19,1,5,0,0,1,1,0,0,0,2,1,6,6,1,17,4,1499,1,7,MINI COOPER,3,E01003599,0,1
2024010511337,2024,010511337,2,9,0,99,99,9,9,99,99,9,9,99,9,99,9,9,6,6,3,-1,-1,1998,1,8,MINI COOPER,-1,-1,0,-1
2024231476497,2024,231476497,3,9,0,-1,19,2,6,-1,0,8,0,0,0,0,1,1,-1,9,2,21,5,1499,1,5,MINI COOPER,9,E01031154,0,2
2024070682600,2024,070682600,1,9,0,18,19,7,3,0,0,0,0,0,0,0,1,1,6,6,1,-1,-1,1598,1,14,MINI COOPER,8,E01006090,0,2
2024010501546,2024,010501546,1,9,0,99,99,9,9,99,99,0,9,99,9,99,9,9,6,6,1,43,7,1598,1,17,MINI COOPER,3,E01001446,0,1
2024461509921,2024,461509921,2,9,0,-1,19,1,5,-1,0,8,0,0,0,0,3,1,-1,9,2,39,7,1598,1,20,MINI COOPER,2,E01023975,0,1
2024221502552,2024,221502552,2,9,0,-1,4,2,7,-1,0,0,0,0,0,0,2,1,-1,6,1,36,7,1499,1,10,MINI COOPER,9,E01014094,0,2
2024041436749,2024,041436749,2,9,0,-1,3,6,4,-1,0,0,0,0,0,0,3,1,-1,1,2,44,7,1499,1,1,MINI COOPER,3,E01024952,0,2
2024010508713,2024,010508713,1,9,0,18,19,5,1,0,0,0,0,0,0,0,1,1,6,6,1,25,5,-1,3,1,MINI COOPER,8,E01000258,0,1
2024010518898,2024,010518898,1,9,0,18,19,5,1,0,0,1,0,0,0,0,1,1,6,6,2,61,9,1499,1,8,MINI COOPER,6,E01004381,0,1
2024010510949,2024,010510949,1,9,0,5,5,1,5,0,0,0,0,0,0,0,2,9,6,6,2,73,10,1499,1,2,MINI COOPER,6,E01001091,0,2
2024421461043,2024,421461043,1,9,0,-1,19,7,3,-1,0,0,2,0,7,0,3,1,-1,6,1,21,5,1598,1,19,MINI COOPER,6,E01021733,0,1
2024122400714,2024,122400714,1,9,0,17,19,8,4,0,0,0,0,0,1,10,4,1,2,2,1,56,9,1560,2,16,MINI COOPER,2,E01012136,0,3
2024010532950,2024,010532950,1,9,0,14,14,7,3,0,0,0,0,0,0,0,1,1,6,6,2,27,6,1499,1,1,MINI COOPER,6,E01000220,0,1
2024461504990,2024,461504990,2,9,0,-1,5,8,4,-1,0,3,0,0,0,0,3,1,-1,9,1,37,7,-1,3,1,MINI COOPER,3,E01000381,0,4
2024131435724,2024,131435724,1,9,0,-1,19,8,4,-1,0,8,1,0,1,0,1,1,-1,6,-1,-1,-1,1998,1,5,MINI COOPER,-1,-1,0,-1
2024411413206,2024,411413206,2,9,0,-1,2,0,0,-1,0,0,0,0,0,0,2,1,-1,6,-1,-1,-1,1598,1,17,MINI COOPER,-1,-1,0,-1
2024320465414,2024,320465414,1,9,0,9,9,2,8,0,0,6,0,0,0,0,3,1,-1,-1,2,76,11,1496,2,7,MINI COOPER,5,E01028349,0,3
2024010530562,2024,010530562,1,9,0,5,5,1,5,0,0,4,0,0,0,0,4,1,6,6,1,18,4,1598,1,22,MINI COOPER,10,E01030604,0,1
2024545398724,2024,545398724,1,9,0,7,7,3,5,0,0,4,1,7,0,0,1,1,6,6,1,19,4,1598,1,22,MINI COOPER,6,E01032117,0,1
2024302401773,2024,302401773,1,9,0,-1,19,4,8,-1,0,0,0,0,0,0,3,1,-1,6,3,-1,-1,1496,2,9,MINI COOPER,5,E01019456,0,4
2024010540579,2024,010540579,1,9,0,18,19,6,2,0,0,0,0,0,0,0,1,1,6,6,1,69,10,1598,1,14,MINI COOPER,8,E01030553,0,2
2024221528920,2024,221528920,1,9,0,-1,9,3,1,-1,0,6,0,0,0,0,1,9,-1,6,3,19,4,1598,1,14,MINI COOPER,-1,-1,0,-1
2024351435108,2024,351435108,1,9,0,-1,19,6,2,-1,0,0,0,0,0,0,1,1,-1,9,2,40,7,1998,1,4,MINI COOPER,4,E01018072,0,2
2024010539530,2024,010539530,2,9,0,13,13,3,7,0,0,2,0,0,0,0,2,1,6,6,2,23,5,1499,1,6,MINI COOPER,5,E01000799,0,1
2024010498459,2024,010498459,1,9,0,18,19,5,1,0,0,0,0,0,0,0,1,1,3,7,2,39,7,1598,1,19,MINI COOPER,10,E01002934,0,1
2024041455052,2024,041455052,1,9,0,-1,7,5,7,-1,0,3,0,0,0,0,3,1,-1,6,2,36,7,1998,1,1,MINI COOPER,10,E01025007,0,2
2024221414281,2024,221414281,2,9,0,-1,9,3,1,-1,0,5,0,0,0,0,3,9,-1,6,2,56,9,1998,1,3,MINI COOPER,8,E01032184,0,3
2024430483312,2024,430483312,2,9,0,7,7,8,3,0,0,3,0,0,0,0,4,1,6,6,1,54,8,1499,1,0,MINI COOPER,-1,-1,0,-1
2024991411412,2024,991411412,1,9,0,-1,19,7,3,-1,0,0,0,0,0,0,1,9,-1,2,2,61,9,1499,1,8,MINI COOPER,8,-1,0,2
2024440073695,2024,440073695,1,9,0,16,19,6,1,0,0,0,0,0,0,0,1,1,6,6,1,16,4,1598,1,22,MINI COOPER,1,E01017331,0,2
2024471528216,2024,471528216,2,9,0,-1,2,0,0,-1,0,0,0,0,0,0,3,1,-1,6,-1,-1,-1,1598,1,17,MINI COOPER,-1,-1,0,-1
2024371438721,2024,371438721,3,9,0,-1,5,8,4,-1,0,4,0,0,0,0,3,1,-1,9,2,24,5,1499,1,7,MINI COOPER,4,E01030225,0,1
2024010544637,2024,010544637,2,9,0,99,99,9,9,99,99,9,9,99,9,99,1,9,6,6,3,25,5,-1,3,1,MINI COOPER,6,E01004611,0,2
2024522500102,2024,522500102,1,9,0,18,19,7,3,0,0,8,0,0,0,0,1,1,6,6,2,63,9,1598,1,12,MINI COOPER,7,E01014805,0,1
2024471429320,2024,471429320,2,9,0,-1,5,1,8,-1,0,6,0,0,0,0,4,1,-1,6,2,26,6,1598,1,12,MINI COOPER,6,E01021198,0,1
2024031409571,2024,031409571,1,9,0,-1,9,5,1,-1,0,1,0,0,0,0,1,1,-1,2,2,35,6,1499,1,9,MINI COOPER,7,E01025096,0,2
2024461461947,2024,461461947,1,9,0,-1,9,8,6,-1,0,4,0,0,0,0,1,2,-1,9,2,25,5,1499,1,5,MINI COOPER,9,E01024104,0,1
2024010543414,2024,010543414,2,9,0,99,99,9,9,99,99,9,9,99,9,99,9,9,6,6,3,-1,-1,1998,1,7,MINI COOPER,-1,-1,0,-1
2024010504075,2024,010504075,2,9,0,1,1,9,9,99,99,9,9,99,9,99,0,9,6,6,3,-1,-1,1998,1,5,MINI COOPER,8,E01000233,0,2
2024401413156,2024,401413156,2,9,0,-1,4,7,1,-1,0,0,0,0,0,0,1,1,-1,6,1,63,9,1598,1,13,MINI COOPER,6,E01017457,0,1
2024451462121,2024,451462121,1,9,0,-1,19,2,6,-1,0,0,0,0,0,0,1,1,-1,7,2,33,6,1598,1,20,MINI COOPER,8,E01030867,0,1
2024131497874,2024,131497874,1,9,0,-1,8,1,3,-1,0,8,0,0,0,0,3,1,-1,2,2,58,9,1499,1,2,MINI COOPER,6,E01011651,0,1
2024461517178,2024,461517178,1,9,0,-1,19,5,1,-1,0,0,0,0,0,0,1,1,-1,9,2,33,6,1496,2,6,MINI COOPER,2,E01024524,0,2
2024351492344,2024,351492344,2,9,0,-1,19,6,2,-1,0,3,0,0,0,0,3,1,-1,6,2,30,6,1995,2,12,MINI COOPER,4,E01035545,0,1
2024131505974,2024,131505974,3,9,0,-1,2,0,0,-1,0,8,0,0,0,0,1,1,-1,6,-1,-1,-1,1598,1,19,MINI COOPER,-1,-1,0,-1
2024451404066,2024,451404066,1,9,0,-1,9,5,3,-1,0,5,0,0,0,0,3,1,-1,9,2,61,9,1499,1,7,MINI COOPER,10,E01030597,0,1
2024340WN5112,2024,340WN5112,4,9,0,-1,2,0,0,-1,0,0,0,0,0,0,3,1,-1,6,3,-1,-1,1496,2,9,MINI COOPER,-1,-1,0,-1
2024311522102,2024,311522102,2,9,0,-1,7,4,6,-1,0,1,0,0,0,0,3,9,-1,6,2,67,10,1499,1,5,MINI COOPER,10,E01028356,0,1
2024421415192,2024,421415192,1,9,0,-1,19,6,2,-1,0,0,0,4,0,0,1,1,-1,9,1,44,7,1598,1,20,MINI COOPER,7,E01021797,0,1
2024471485769,2024,471485769,1,9,0,-1,19,6,2,-1,0,0,0,0,0,0,1,1,-1,9,2,56,9,1598,1,18,MINI COOPER,1,E01020993,0,1
2024461497736,2024,461497736,2,9,0,-1,19,3,7,-1,0,8,0,0,0,0,2,9,-1,9,2,-1,-1,1499,1,9,MINI COOPER,9,E01021085,0,4
2024501519307,2024,501519307,1,9,0,-1,5,3,1,-1,0,4,9,0,0,0,3,1,-1,6,2,68,10,1499,1,8,MINI COOPER,3,E01015167,0,1
2024332400202,2024,332400202,1,9,0,-1,1,4,8,-1,0,6,0,0,0,0,4,1,-1,6,2,76,11,1499,1,3,MINI COOPER,8,E01025730,0,1
2024070231118,2024,070231118,2,9,0,17,19,7,3,0,0,8,0,0,0,0,4,1,6,6,1,41,7,1998,1,2,MINI COOPER,4,E01035378,0,3
2024141494853,2024,141494853,1,9,0,-1,19,1,4,-1,0,0,2,6,1,9,1,1,-1,2,2,22,5,1598,1,18,MINI COOPER,2,E01007701,0,1
2024061505935,2024,061505935,1,9,0,-1,-1,-1,-1,-1,-1,0,-1,-1,-1,0,-1,1,-1,6,2,64,9,1499,1,2,MINI COOPER,2,E01005593,0,1
2024351502441,2024,351502441,1,9,0,-1,19,1,6,-1,0,0,5,0,7,0,1,1,-1,6,1,18,4,1598,1,20,MINI COOPER,5,E01018157,0,1
2024122400442,2024,122400442,1,9,0,16,19,4,8,0,0,0,0,0,1,4,1,1,6,6,2,28,6,1598,1,20,MINI COOPER,2,E01034974,0,4
2024471404060,2024,471404060,1,9,0,-1,5,3,7,-1,0,1,0,0,0,0,3,1,-1,2,1,21,5,1598,1,20,MINI COOPER,5,E01021121,0,3
2024461500381,2024,461500381,1,9,0,-1,19,7,3,-1,0,0,2,0,0,0,1,1,-1,9,1,21,5,1499,1,7,MINI COOPER,1,E01024676,0,1
2024332400576,2024,332400576,2,9,0,-1,19,3,7,-1,0,8,0,0,1,0,3,1,-1,9,2,53,8,1499,1,4,MINI COOPER,7,E01025993,0,2
2024991414395,2024,991414395,1,9,0,-1,3,8,4,-1,0,1,0,0,0,0,1,1,-1,9,2,19,4,1598,1,15,MINI COOPER,9,-1,0,1
2024471424637,2024,471424637,1,9,0,-1,19,1,5,-1,0,0,0,0,0,0,4,1,-1,9,2,30,6,1998,1,1,MINI COOPER,5,E01031479,0,3
2024231490449,2024,231490449,2,9,0,-1,19,4,8,-1,0,8,0,0,0,0,1,1,-1,6,2,63,9,-1,3,1,MINI COOPER,8,E01031247,0,1
2024302400691,2024,302400691,1,9,0,18,19,6,2,0,0,1,0,0,7,11,1,1,6,6,1,15,3,1998,1,2,MINI COOPER,9,E01019683,0,1
2024401464924,2024,401464924,2,9,0,-1,19,1,5,-1,0,1,1,0,0,0,1,1,-1,6,2,43,7,1499,1,7,MINI COOPER,9,E01017372,0,1
2024010536037,2024,010536037,2,9,0,99,99,9,9,99,99,9,9,99,9,99,9,9,6,6,3,-1,-1,1499,1,4,MINI COOPER,-1,-1,0,-1
2024520403319,2024,520403319,2,9,0,18,19,4,8,0,0,4,0,0,0,0,4,1,6,6,1,79,11,1995,2,9,MINI COOPER,9,E01029022,0,1
2024201487362,2024,201487362,1,9,0,-1,19,1,1,-1,0,1,0,0,0,0,1,1,-1,6,1,30,6,1598,1,19,MINI COOPER,4,E01009907,0,1
202417M314424,2024,17M314424,2,9,0,-1,19,8,4,-1,0,1,0,0,0,0,1,1,-1,6,1,-1,-1,1499,1,10,MINI COOPER,-1,-1,0,-1
2024010506287,2024,010506287,1,9,0,5,5,7,3,0,0,8,0,0,0,0,1,1,6,6,1,26,6,1598,1,14,MINI COOPER,2,E01002508,0,1
2024531447488,2024,531447488,1,9,0,-1,19,3,7,-1,0,0,1,0,1,4,1,1,-1,6,2,42,7,1598,1,17,MINI COOPER,9,E01022372,0,2
2024991440805,2024,991440805,2,9,0,-1,19,7,4,-1,0,0,0,0,0,0,1,1,-1,6,1,59,9,1499,1,6,MINI COOPER,8,-1,0,3
2024461528662,2024,461528662,1,9,0,-1,19,7,3,-1,0,0,0,0,0,0,1,1,-1,2,2,26,6,1598,1,14,MINI COOPER,6,E01001573,0,3
202460Q146343,2024,60Q146343,1,9,0,16,19,5,1,0,0,0,0,0,0,0,1,1,2,2,2,26,6,1598,1,16,MINI COOPER,-1,-1,0,-1
2024010499526,2024,010499526,1,9,0,1,1,4,8,0,0,0,0,0,0,0,2,1,6,6,1,56,9,1998,1,9,MINI COOPER,6,E01000203,0,1
2024011486295,2024,011486295,3,9,0,-1,19,6,2,-1,0,0,0,0,0,0,3,9,-1,6,2,50,8,1598,1,21,MINI COOPER,9,E01000371,0,1
2024141498231,2024,141498231,1,9,0,-1,3,3,7,-1,0,0,0,0,0,0,2,1,-1,2,2,32,6,1499,1,8,MINI COOPER,6,E01007560,0,2
2024161404598,2024,161404598,1,9,0,-1,9,3,6,-1,0,8,0,0,0,0,4,1,-1,2,2,50,8,1499,1,4,MINI COOPER,3,E01013071,0,3
2024010534026,2024,010534026,2,9,0,2,2,0,0,0,0,0,0,0,0,0,4,1,6,6,3,-1,-1,1499,1,3,MINI COOPER,-1,-1,0,-1
2024461465637,2024,461465637,2,9,0,-1,10,5,3,-1,0,8,0,0,0,0,1,9,-1,6,2,48,8,1499,1,0,MINI COOPER,6,E01024266,0,1
2024010497790,2024,010497790,1,9,0,99,99,9,9,99,99,9,9,99,9,99,2,9,6,6,2,44,7,1998,1,7,MINI COOPER,8,E01003778,0,1
2024421422383,2024,421422383,2,9,0,-1,4,-1,-1,-1,0,0,0,0,0,0,2,9,-1,6,2,51,8,1998,1,2,MINI COOPER,2,E01021320,0,1
2024461397418,2024,461397418,1,9,0,-1,19,5,1,-1,0,0,0,0,2,7,1,1,-1,9,2,47,8,1598,1,17,MINI COOPER,9,E01021512,0,4
2024401435583,2024,401435583,1,9,0,-1,19,8,4,-1,0,0,5,0,0,0,2,1,-1,6,1,19,4,1598,1,16,MINI COOPER,9,E01016828,0,2
2024201476995,2024,201476995,1,9,0,-1,19,7,3,-1,0,8,1,0,0,0,1,9,-1,6,3,-1,-1,1598,1,16,MINI COOPER,-1,-1,0,-1
2024440016182,2024,440016182,2,9,0,7,7,8,2,0,0,8,0,0,0,0,3,1,2,2,1,27,6,1598,1,14,MINI COOPER,7,E01023252,0,1
2024340WN6082,2024,340WN6082,1,9,0,-1,19,5,1,-1,0,1,5,0,0,0,1,1,-1,6,1,56,9,1598,1,12,MINI COOPER,6,E01027051,0,4
2024451458891,2024,451458891,2,9,0,-1,19,4,8,-1,0,8,0,0,0,0,1,1,-1,9,2,25,5,1499,1,6,MINI COOPER,9,E01030933,0,3
2024411493415,2024,411493415,1,9,0,-1,9,7,5,-1,0,8,0,0,0,0,4,1,-1,7,2,39,7,1499,1,2,MINI COOPER,10,E01023813,0,1
2024411440578,2024,411440578,1,9,0,-1,19,5,1,-1,0,0,2,11,1,11,4,1,-1,6,1,20,4,1598,2,11,MINI COOPER,8,E01021793,0,2
2024471467700,2024,471467700,1,9,0,-1,19,3,7,-1,0,0,2,0,1,4,1,1,-1,9,1,23,5,1598,1,14,MINI COOPER,5,E01035578,0,4
2024131395951,2024,131395951,1,9,0,-1,9,1,3,-1,0,2,0,0,0,0,1,1,-1,2,2,24,5,1499,1,8,MINI COOPER,7,E01007356,0,3
2024010514018,2024,010514018,2,9,0,9,9,7,4,0,0,6,0,0,0,0,1,1,6,6,1,46,8,1998,1,0,MINI COOPER,3,E01003121,0,2
2024351425942,2024,351425942,3,9,0,-1,19,7,3,-1,0,0,0,0,0,0,2,1,-1,1,2,59,9,1499,1,8,MINI COOPER,6,E01030218,0,4
2024320256926,2024,320256926,2,9,0,4,4,4,8,0,0,0,0,0,0,0,2,1,6,6,2,27,6,1598,2,13,MINI COOPER,8,W01001905,0,5
2024161529356,2024,161529356,1,9,0,-1,19,7,4,-1,0,0,0,0,0,0,4,1,-1,6,1,76,11,1560,2,16,MINI COOPER,6,E01013253,0,1
2024332400053,2024,332400053,1,9,0,-1,9,5,3,-1,0,6,0,0,0,0,1,1,-1,1,2,50,8,1998,1,9,MINI COOPER,6,E01025897,0,1
2024161402096,2024,161402096,2,9,0,-1,7,5,3,-1,0,0,0,0,0,0,1,9,-1,9,1,42,7,1499,1,6,MINI COOPER,2,E01012821,0,1
2024351451987,2024,351451987,2,9,0,-1,19,2,8,-1,0,0,0,0,0,0,1,1,-1,2,2,45,7,1499,1,7,MINI COOPER,7,E01018276,0,2
2024991423885,2024,991423885,1,9,0,-1,9,4,8,-1,0,0,0,0,0,0,1,1,-1,9,1,30,6,1998,1,2,MINI COOPER,8,-1,0,1
2024531485852,2024,531485852,2,9,0,-1,19,5,1,-1,0,0,0,0,0,0,2,1,-1,9,1,61,9,1998,1,5,MINI COOPER,9,E01028793,0,4
2024340WN5842,2024,340WN5842,1,9,0,-1,19,1,5,-1,0,0,0,0,0,0,1,1,-1,6,2,-1,-1,1598,1,16,MINI COOPER,-1,-1,0,-1
2024991486590,2024,991486590,2,9,0,-1,19,3,7,-1,0,0,1,0,0,0,1,1,-1,6,2,29,6,1496,2,9,MINI COOPER,1,-1,0,1
2024549619924,2024,549619924,2,9,0,18,19,5,1,0,0,1,0,0,0,0,1,1,6,6,2,25,5,1496,2,9,MINI COOPER,8,E01015562,0,2
2024552400314,2024,552400314,2,9,0,9,9,8,6,0,0,5,0,0,0,0,3,1,6,6,2,36,7,1560,2,15,MINI COOPER,10,E01035753,0,5
2024371424641,2024,371424641,2,9,0,-1,3,-1,-1,-1,0,0,0,0,0,0,2,9,-1,2,2,45,7,1598,2,12,MINI COOPER,6,E01029983,0,1
2024141442651,2024,141442651,1,9,0,-1,19,4,8,-1,0,1,0,0,0,0,1,1,-1,1,2,24,5,1496,2,8,MINI COOPER,4,E01019792,0,3
2024302401125,2024,302401125,1,9,0,18,19,4,8,0,0,8,0,0,0,0,1,1,6,6,3,-1,-1,1560,2,16,MINI COOPER,-1,-1,0,-1
2024991400282,2024,991400282,1,9,0,-1,19,6,1,-1,0,0,2,0,7,9,1,1,-1,2,1,28,6,1496,2,9,MINI COOPER,8,-1,0,1
2024520402174,2024,520402174,1,9,0,18,19,7,3,0,0,0,0,0,0,0,1,1,6,6,1,18,4,1598,1,22,MINI COOPER,5,E01029259,0,3
2024440059843,2024,440059843,2,9,0,18,19,7,3,0,0,8,0,0,0,0,1,1,6,6,2,19,4,1598,1,14,MINI COOPER,4,E01023106,0,3