collision_index,collision_year,collision_ref_no,vehicle_reference,vehicle_type,towing_and_articulation,vehicle_manoeuvre_historic,vehicle_manoeuvre,vehicle_direction_from,vehicle_direction_to,vehicle_location_restricted_lane_historic,vehicle_location_restricted_lane,junction_location,skidding_and_overturning,hit_object_in_carriageway,vehicle_leaving_carriageway,hit_object_off_carriageway,first_point_of_impact,vehicle_left_hand_drive,journey_purpose_of_driver_historic,journey_purpose_of_driver,sex_of_driver,age_of_driver,age_band_of_driver,engine_capacity_cc,propulsion_code,age_of_vehicle,generic_make_model,driver_imd_decile,lsoa_of_driver,escooter_flag,driver_distance_banding
2024122401272,2024,122401272,1,9,0,7,7,3,5,0,0,6,0,0,0,0,1,1,6,6,1,23,5,1499,1,8,MINI COOPER,8,E01013343,0,2
2024041518923,2024,041518923,1,9,0,-1,19,1,5,-1,0,0,0,0,0,0,3,1,-1,9,2,23,5,1499,1,3,MINI COOPER,8,E01025564,0,3
2024552400377,2024,552400377,2,9,0,9,9,4,2,0,0,6,0,0,0,0,3,1,6,6,2,63,9,1499,1,3,MINI COOPER,5,E01015334,0,1
2024131400825,2024,131400825,2,9,0,-1,19,3,7,-1,0,8,0,0,0,0,3,1,-1,9,2,27,6,1998,1,8,MINI COOPER,3,E01011875,0,1
2024552400923,2024,552400923,1,9,0,16,19,8,3,0,0,0,0,0,7,11,2,1,2,2,2,19,4,1598,1,13,MINI COOPER,2,E01015304,0,1
2024201520991,2024,201520991,2,9,0,-1,9,1,7,-1,0,8,0,0,0,0,3,1,-1,1,2,19,4,1998,1,1,MINI COOPER,2,E01009741,0,1
2024221460875,2024,221460875,1,9,0,-1,9,7,4,-1,0,6,0,0,0,0,1,9,-1,6,2,72,10,1499,1,10,MINI COOPER,6,E01032480,0,1
2024010535785,2024,010535785,1,9,0,18,19,1,5,0,0,2,0,0,0,0,2,1,6,6,2,43,7,1598,1,17,MINI COOPER,7,E01023886,0,2
2024522402017,2024,522402017,1,9,0,17,19,8,6,0,0,8,0,0,0,0,3,1,6,6,2,24,5,1998,1,6,MINI COOPER,-1,-1,0,-1
2024010513769,2024,010513769,3,9,0,2,2,0,0,0,0,1,0,0,0,0,1,1,6,6,3,-1,-1,1598,1,18,MINI COOPER,-1,-1,0,-1
2024041436551,2024,041436551,1,9,0,-1,19,5,1,-1,0,1,0,0,0,0,1,1,-1,9,1,22,5,1998,1,6,MINI COOPER,9,E01025340,0,2
2024401471666,2024,401471666,2,9,0,-1,19,5,1,-1,0,0,0,0,0,0,1,1,-1,6,1,22,5,1598,1,16,MINI COOPER,6,E01025995,0,4
2024501456824,2024,501456824,1,9,0,-1,19,7,3,-1,0,0,5,0,7,0,1,1,-1,9,1,74,10,1998,1,10,MINI COOPER,9,E01019937,0,1
2024010525750,2024,010525750,1,9,0,18,19,5,1,0,0,0,0,0,0,0,1,1,6,6,1,19,4,1998,1,9,MINI COOPER,10,E01030396,0,2
2024430365377,2024,430365377,2,9,0,18,19,1,5,0,0,8,0,0,0,0,1,1,6,6,2,20,4,1598,1,14,MINI COOPER,10,E01017815,0,1
2024552401009,2024,552401009,1,9,0,9,9,4,2,0,0,5,0,0,0,0,1,1,6,6,3,-1,-1,1598,1,10,MINI COOPER,-1,-1,0,-1
2024131426467,2024,131426467,2,9,0,-1,2,0,0,-1,0,8,1,4,0,0,2,1,-1,6,-1,-1,-1,1598,1,18,MINI COOPER,-1,-1,0,-1
2024411489113,2024,411489113,2,9,0,-1,-1,-1,-1,-1,-1,1,-1,-1,-1,0,-1,1,-1,9,2,69,10,1598,1,12,MINI COOPER,9,E01023740,0,1
2024430270056,2024,430270056,1,9,0,16,19,5,8,0,0,2,0,0,1,10,1,1,6,6,1,25,5,1598,1,19,MINI COOPER,-1,-1,0,-1
2024461477985,2024,461477985,1,9,0,-1,1,4,8,-1,0,0,0,0,0,0,2,1,-1,6,1,56,9,1598,1,11,MINI COOPER,7,E01016131,0,1
2024991471722,2024,991471722,1,9,0,-1,19,6,2,-1,0,0,1,0,1,4,3,1,-1,6,1,68,10,1499,1,5,MINI COOPER,5,-1,0,3
2024991459852,2024,991459852,1,9,0,-1,19,5,1,-1,0,1,0,0,0,0,3,2,-1,6,2,23,5,1499,1,4,MINI COOPER,2,-1,0,1
2024010548907,2024,010548907,3,9,0,3,3,3,7,0,0,1,0,0,0,0,0,1,6,6,2,51,8,1998,1,4,MINI COOPER,5,E01003080,0,1
2024340NN0672,2024,340NN0672,1,9,0,-1,19,2,6,-1,0,2,0,0,0,11,1,1,-1,9,1,18,4,1598,1,18,MINI COOPER,5,E01027114,0,1
2024451504131,2024,451504131,2,9,0,-1,99,1,3,-1,0,1,0,0,0,0,1,1,-1,6,2,30,6,1499,1,8,MINI COOPER,9,E01030685,0,1
2024461507815,2024,461507815,2,9,0,-1,4,5,1,-1,0,0,1,0,0,0,2,1,-1,9,1,45,7,1598,1,11,MINI COOPER,8,E01024822,0,3
2024320395863,2024,320395863,1,9,0,9,9,4,2,0,0,5,0,0,0,0,4,1,-1,-1,1,51,8,-1,3,2,MINI COOPER,-1,-1,0,-1
2024991523031,2024,991523031,1,9,0,-1,11,4,1,-1,0,0,0,0,0,0,4,1,-1,2,1,27,6,1598,1,14,MINI COOPER,6,-1,0,2
2024451456182,2024,451456182,1,9,0,-1,19,3,7,-1,0,0,0,0,0,0,3,1,-1,2,2,27,6,1499,1,4,MINI COOPER,5,E01017856,0,4
2024451524470,2024,451524470,2,9,0,-1,4,3,7,-1,0,0,0,0,0,0,2,1,-1,1,1,22,5,1560,2,14,MINI COOPER,7,E01023031,0,4
2024430050579,2024,430050579,1,9,0,18,19,1,5,0,0,0,0,0,0,0,1,1,3,7,2,30,6,1598,1,21,MINI COOPER,6,E01032728,0,1
2024070533278,2024,070533278,1,9,0,18,19,3,7,0,0,0,0,0,0,0,1,1,6,6,2,52,8,1598,1,13,MINI COOPER,6,E01018679,0,1
2024451489006,2024,451489006,1,9,0,-1,19,5,1,-1,0,8,0,0,0,0,1,1,-1,9,2,56,9,1499,1,10,MINI COOPER,8,E01030622,0,2
2024101455722,2024,101455722,1,9,0,-1,9,1,7,-1,0,8,1,0,0,0,4,1,-1,9,2,90,11,1499,1,4,MINI COOPER,4,E01027435,0,1
2024061453207,2024,061453207,1,9,0,-1,19,4,8,-1,0,0,2,0,1,1,1,1,-1,6,1,71,10,1998,1,0,MINI COOPER,7,E01005587,0,1
2024991431958,2024,991431958,1,9,0,-1,19,7,4,-1,0,0,0,0,0,0,1,1,-1,2,1,30,6,1598,1,18,MINI COOPER,3,-1,0,1
2024061506793,2024,061506793,2,9,0,-1,19,5,1,-1,0,0,0,0,0,0,4,1,-1,6,2,25,5,1499,1,5,MINI COOPER,5,E01033987,0,1
2024010500971,2024,010500971,2,9,0,18,19,2,6,0,0,1,0,0,0,0,9,1,6,6,1,30,6,1598,1,18,MINI COOPER,4,E01001972,0,3
2024522401308,2024,522401308,2,9,0,18,19,8,4,0,0,0,0,0,0,0,1,1,6,6,2,57,9,1998,1,7,MINI COOPER,5,E01015000,0,1
2024451446758,2024,451446758,1,9,0,-1,5,5,5,-1,0,0,0,0,0,0,2,1,-1,2,2,27,6,1998,1,6,MINI COOPER,9,E01030552,0,1
2024430067727,2024,430067727,1,9,0,18,19,7,3,0,0,0,0,0,0,0,1,1,6,6,1,30,6,1499,1,4,MINI COOPER,10,E01028739,0,3
2024371484620,2024,371484620,1,9,0,-1,13,2,6,-1,0,0,0,0,0,0,3,1,-1,9,2,40,7,1598,1,21,MINI COOPER,7,E01029899,0,3
2024531500452,2024,531500452,2,9,0,-1,19,5,1,-1,0,2,0,0,0,0,1,1,-1,2,2,49,8,-1,3,2,MINI COOPER,7,E01022247,0,3
2024545344924,2024,545344924,1,9,0,9,9,6,4,0,0,1,0,0,0,0,0,1,6,6,2,59,9,1998,1,1,MINI COOPER,6,E01032051,0,1
2024332400700,2024,332400700,1,9,0,-1,19,1,5,-1,0,0,0,0,0,0,1,1,-1,6,1,20,4,1598,1,18,MINI COOPER,9,E01025945,0,1
2024451463053,2024,451463053,2,9,0,-1,19,3,7,-1,0,0,0,0,0,0,3,1,-1,2,1,45,7,-1,3,1,MINI COOPER,7,E01033571,0,3
2024451471106,2024,451471106,1,9,0,-1,5,1,5,-1,0,0,0,0,0,0,2,1,-1,9,1,59,9,1499,1,0,MINI COOPER,8,E01030537,0,2
2024471410732,2024,471410732,1,9,0,-1,1,-1,-1,-1,-1,0,0,0,0,0,2,1,-1,6,2,46,8,1598,1,19,MINI COOPER,7,E01031564,0,1
2024430283897,2024,430283897,1,9,0,18,19,2,6,0,0,0,0,0,0,0,1,1,6,6,2,30,6,1499,1,4,MINI COOPER,6,E01017878,0,1
2024531508179,2024,531508179,2,9,0,-1,19,5,1,-1,0,2,0,0,1,0,3,1,-1,9,2,45,7,-1,3,4,MINI COOPER,9,E01028650,0,4
2024471454183,2024,471454183,2,9,0,-1,19,-1,-1,-1,0,4,0,0,0,0,1,1,-1,6,2,34,6,1496,2,7,MINI COOPER,8,E01031814,0,3
2024451483593,2024,451483593,3,9,0,-1,5,7,3,-1,0,6,0,0,0,0,2,1,-1,9,2,22,5,1598,1,20,MINI COOPER,9,E01030880,0,2
2024131457772,2024,131457772,4,9,0,-1,19,1,5,-1,0,1,0,0,0,0,3,1,-1,6,2,52,8,-1,3,4,MINI COOPER,10,E01010693,0,1
2024451454516,2024,451454516,1,9,0,-1,9,6,2,-1,0,2,0,0,0,0,3,1,-1,2,2,19,4,-1,3,3,MINI COOPER,10,E01003822,0,2
2024221486417,2024,221486417,1,9,0,-1,19,4,8,-1,0,0,0,0,0,0,1,1,-1,6,1,43,7,-1,3,3,MINI COOPER,8,E01028997,0,3
2024131504037,2024,131504037,6,9,0,-1,2,0,0,-1,0,0,0,0,0,0,4,1,-1,6,-1,-1,-1,1598,1,15,MINI COOPER,-1,-1,0,-1
2024010490728,2024,010490728,2,9,0,99,99,9,9,99,99,9,9,99,9,99,1,9,6,6,1,62,9,1499,1,8,MINI COOPER,9,E01000425,0,1
2024522401394,2024,522401394,2,9,0,18,19,7,3,0,0,0,0,0,0,0,1,1,6,6,1,63,9,1598,2,12,MINI COOPER,6,E01022561,0,5
2024320036664,2024,320036664,1,9,0,-1,-1,2,6,0,0,1,0,4,0,0,3,1,6,6,2,42,7,1496,2,10,MINI COOPER,-1,-1,0,-1
2024231440272,2024,231440272,1,9,0,-1,19,3,7,-1,0,1,0,0,0,0,1,9,-1,6,1,24,5,1998,1,5,MINI COOPER,6,E01031189,0,2
2024552401022,2024,552401022,3,9,0,2,2,0,0,0,0,0,0,0,0,0,3,1,6,6,1,74,10,1499,1,10,MINI COOPER,-1,-1,0,-1
2024201471532,2024,201471532,1,9,0,-1,19,4,8,-1,0,1,0,0,0,0,1,1,-1,6,2,25,5,1499,1,0,MINI COOPER,4,E01009504,0,2
2024471449177,2024,471449177,1,9,0,-1,19,3,7,-1,0,0,1,0,5,6,1,1,-1,9,2,18,4,1598,1,20,MINI COOPER,3,E01021057,0,2
2024070638101,2024,070638101,2,9,0,4,4,2,6,0,0,1,0,0,0,0,2,1,6,6,2,66,10,1499,1,6,MINI COOPER,5,E01018418,0,2
2024320696873,2024,320696873,1,9,0,-1,-1,5,8,0,0,0,0,0,7,9,1,1,-1,-1,2,24,5,1598,1,17,MINI COOPER,5,E01026052,0,1
2024461494602,2024,461494602,1,9,0,-1,19,7,3,-1,0,0,0,0,0,0,1,1,-1,6,1,23,5,1598,1,12,MINI COOPER,5,E01032829,0,1
2024161410489,2024,161410489,2,9,0,-1,19,3,1,-1,0,8,0,0,0,0,1,9,-1,6,2,40,7,1995,2,9,MINI COOPER,3,E01013310,0,3
2024311437513,2024,311437513,2,9,0,-1,2,5,5,-1,0,0,0,0,0,0,2,1,-1,6,1,38,7,1598,1,21,MINI COOPER,1,E01013883,0,2
2024421438525,2024,421438525,1,9,0,-1,19,1,5,-1,0,0,1,0,8,0,4,1,-1,6,1,37,7,1598,1,18,MINI COOPER,-1,-1,0,-1
2024131462376,2024,131462376,3,9,0,-1,19,1,5,-1,0,0,0,0,0,0,3,1,-1,9,2,22,5,1499,1,3,MINI COOPER,6,E01010765,0,3
2024371414695,2024,371414695,1,9,0,-1,19,8,4,-1,0,0,0,0,0,0,3,1,-1,2,2,50,8,1499,1,1,MINI COOPER,10,E01033319,0,2
2024131399222,2024,131399222,2,9,0,-1,19,3,7,-1,0,8,0,0,0,0,1,1,-1,6,-1,-1,-1,1598,1,20,MINI COOPER,-1,-1,0,-1
2024131419130,2024,131419130,2,9,0,-1,-1,-1,-1,-1,0,0,-1,11,0,0,2,1,-1,9,2,35,6,1598,1,20,MINI COOPER,6,E01010957,0,1
2024411538184,2024,411538184,2,9,0,-1,2,0,0,-1,0,0,0,0,0,0,2,1,-1,6,-1,-1,-1,1598,1,21,MINI COOPER,-1,-1,0,-1
2024430230442,2024,430230442,2,9,0,3,3,2,6,0,0,1,0,0,0,0,2,1,6,6,2,22,5,1499,1,1,MINI COOPER,10,E01032984,0,3
2024131483795,2024,131483795,1,9,0,-1,19,5,1,-1,0,0,1,4,0,0,1,1,-1,9,2,47,8,1560,2,15,MINI COOPER,8,E01011886,0,1
2024631453930,2024,631453930,1,9,0,-1,4,6,2,-1,0,0,0,0,0,0,2,1,-1,6,2,38,7,1598,2,12,MINI COOPER,3,W01000705,0,1
2024440423066,2024,440423066,2,9,0,18,19,3,7,0,0,1,0,0,0,0,1,1,6,6,1,-1,-1,1600,2,12,MINI COOPER,4,E01022957,0,2
2024111477835,2024,111477835,3,9,0,-1,3,5,1,-1,0,0,0,0,0,0,2,1,-1,9,1,56,9,1499,1,6,MINI COOPER,2,E01020884,0,4
2024421407011,2024,421407011,1,9,0,-1,19,3,7,-1,0,8,0,0,0,0,1,1,-1,6,2,26,6,1499,1,7,MINI COOPER,10,E01021250,0,1
2024131404948,2024,131404948,1,9,0,-1,19,1,1,-1,0,8,0,0,0,0,2,1,-1,2,2,52,8,1499,1,1,MINI COOPER,5,E01011178,0,3
2024471491751,2024,471491751,3,9,0,-1,4,7,3,-1,0,2,0,0,0,0,2,1,-1,9,2,29,6,1598,1,10,MINI COOPER,8,E01031821,0,1
2024201506766,2024,201506766,1,9,0,-1,7,3,7,-1,0,1,0,0,0,0,0,1,-1,6,2,22,5,1598,1,20,MINI COOPER,3,E01021861,0,5
2024111502841,2024,111502841,2,9,0,-1,5,1,3,-1,9,0,0,0,0,0,1,2,-1,2,2,48,8,1600,1,13,MINI COOPER,10,E01012337,0,1
2024041402935,2024,041402935,2,9,0,-1,9,5,1,-1,0,2,0,0,0,0,2,9,-1,6,2,53,8,1499,1,6,MINI COOPER,9,E01025090,0,1
2024622400162,2024,622400162,2,9,0,2,2,0,0,0,0,1,0,4,0,0,1,1,6,6,3,-1,-1,1499,1,6,MINI COOPER,-1,-1,0,-1
2024451485576,2024,451485576,2,9,0,-1,9,5,1,-1,0,1,0,0,0,0,3,1,-1,9,2,35,6,1499,1,6,MINI COOPER,-1,-1,0,-1
2024141432494,2024,141432494,2,9,0,-1,19,6,2,-1,0,2,0,0,0,0,2,1,-1,2,2,28,6,1499,1,1,MINI COOPER,9,E01011177,0,4
2024010518958,2024,010518958,1,9,0,99,99,9,9,99,99,9,9,99,9,99,9,1,6,6,3,43,7,-1,3,1,MINI COOPER,9,E01000382,0,1
2024522403091,2024,522403091,1,9,0,3,3,6,2,0,0,8,0,0,0,0,2,1,6,6,1,47,8,1600,1,13,MINI COOPER,9,E01014779,0,2
2024461426803,2024,461426803,1,9,0,-1,19,5,1,-1,0,0,1,0,0,0,1,1,-1,6,2,29,6,1499,1,4,MINI COOPER,-1,-1,0,-1
2024061494604,2024,061494604,1,9,0,-1,19,5,1,-1,0,4,0,99,0,0,1,1,-1,6,2,-1,-1,1496,2,10,MINI COOPER,-1,-1,0,-1
2024101444166,2024,101444166,2,9,0,-1,3,1,5,-1,0,1,0,0,0,0,2,1,-1,6,2,29,6,1598,1,14,MINI COOPER,2,E01032650,0,1
2024991505542,2024,991505542,2,9,0,-1,19,7,3,-1,0,0,5,0,0,0,4,1,-1,9,2,54,8,1499,1,6,MINI COOPER,7,-1,0,1
2024231463853,2024,231463853,2,9,0,-1,19,4,1,-1,0,0,0,0,0,0,1,1,-1,9,2,17,4,1598,1,17,MINI COOPER,4,E01031045,0,1
2024520403142,2024,520403142,1,9,0,18,19,3,7,0,0,0,1,0,1,9,2,1,6,6,2,39,7,1499,1,10,MINI COOPER,4,E01029050,0,2
2024231498259,2024,231498259,1,9,0,-1,4,2,4,-1,0,1,0,0,0,0,1,1,-1,2,2,32,6,1598,1,11,MINI COOPER,8,E01031301,0,3
2024161438603,2024,161438603,2,9,0,-1,9,1,7,-1,0,0,0,0,0,0,3,9,-1,6,2,57,9,1499,1,4,MINI COOPER,4,E01012758,0,1
2024041459715,2024,041459715,2,9,0,-1,19,7,3,-1,0,1,0,0,0,0,1,1,-1,1,2,47,8,1496,2,9,MINI COOPER,5,E01025231,0,2
2024111437054,2024,111437054,2,9,0,-1,4,5,1,-1,0,0,0,0,0,0,2,1,-1,2,2,26,6,1499,1,1,MINI COOPER,2,E01020768,0,2
2024430314920,2024,430314920,2,9,0,18,19,2,6,0,0,0,0,0,0,0,3,1,6,6,1,50,8,1598,1,11,MINI COOPER,6,E01015721,0,4
2024501401062,2024,501401062,2,9,0,-1,19,4,7,-1,0,0,0,0,0,0,1,1,-1,9,2,43,7,1598,1,19,MINI COOPER,4,E01033291,0,1
2024041438308,2024,041438308,1,9,0,-1,19,5,1,-1,0,0,0,0,7,11,1,1,-1,9,1,86,11,1598,1,20,MINI COOPER,3,E01012715,0,1
2024440238769,2024,440238769,1,9,0,4,4,2,6,0,0,1,0,0,0,0,2,1,6,6,2,37,7,1560,2,17,MINI COOPER,7,E01022713,0,4
2024221402863,2024,221402863,1,9,0,-1,19,7,3,-1,0,8,0,0,0,0,1,9,-1,6,1,36,7,1499,1,8,MINI COOPER,5,E01031327,0,4
2024141465044,2024,141465044,1,9,0,-1,19,4,1,-1,0,4,1,7,0,0,1,1,-1,9,2,60,9,1496,2,8,MINI COOPER,8,E01007380,0,1
2024531509929,2024,531509929,2,9,0,-1,19,5,1,-1,0,1,0,0,0,0,1,1,-1,2,2,47,8,1499,1,5,MINI COOPER,8,E01022423,0,1
2024320389200,2024,320389200,3,9,0,-1,-1,2,6,0,0,0,1,0,1,0,1,2,6,6,1,21,5,1598,1,21,MINI COOPER,-1,-1,0,-1
2024361468692,2024,361468692,2,9,0,-1,19,-1,-1,-1,0,0,0,0,0,0,3,1,-1,9,1,75,10,1598,1,17,MINI COOPER,4,E01026765,0,1
2024440250463,2024,440250463,1,9,0,5,5,4,8,0,0,1,0,0,0,0,2,1,3,7,2,40,7,1499,1,5,MINI COOPER,9,E01022881,0,1
2024471426458,2024,471426458,2,9,0,-1,9,4,2,-1,0,1,0,0,0,0,4,1,-1,9,2,54,8,1598,2,11,MINI COOPER,9,E01031823,0,1
2024101528875,2024,101528875,1,9,0,-1,19,5,1,-1,0,0,0,0,0,0,1,1,-1,2,2,41,7,-1,3,1,MINI COOPER,-1,-1,0,-1
2024520401475,2024,520401475,1,9,0,10,10,6,4,0,0,8,0,0,0,0,2,1,6,6,1,31,6,1598,1,21,MINI COOPER,10,E01029168,0,1
2024340WN5232,2024,340WN5232,2,9,0,-1,19,1,7,-1,0,8,0,0,0,0,1,1,-1,9,2,39,7,1499,1,2,MINI COOPER,7,E01027159,0,1
2024070396682,2024,070396682,2,9,0,18,19,3,7,0,0,0,0,0,0,0,3,1,6,6,2,60,9,1499,1,7,MINI COOPER,7,E01035372,0,2
2024141455455,2024,141455455,1,9,0,-1,19,6,2,-1,0,2,0,0,0,0,1,1,-1,6,2,20,4,1499,1,4,MINI COOPER,1,E01007721,0,1
2024451497607,2024,451497607,2,9,0,-1,19,2,6,-1,0,1,0,0,0,0,4,1,-1,6,3,-1,-1,1598,1,17,MINI COOPER,-1,-1,0,-1
2024010499830,2024,010499830,2,9,0,99,99,9,9,99,99,9,9,99,9,99,1,9,6,6,3,-1,-1,1598,1,18,MINI COOPER,-1,-1,0,-1
2024351540114,2024,351540114,2,9,0,-1,3,5,1,-1,0,1,0,0,0,0,1,1,-1,2,2,59,9,1499,1,9,MINI COOPER,6,E01015620,0,2
2024361533733,2024,361533733,1,9,0,-1,19,7,3,-1,0,1,0,0,0,0,1,1,-1,2,1,58,9,1560,2,16,MINI COOPER,7,E01026547,0,3
2024440174926,2024,440174926,1,9,0,7,7,3,5,0,0,8,0,0,0,0,1,1,2,2,1,30,6,1560,2,16,MINI COOPER,7,E01023131,0,2
2024371509901,2024,371509901,2,9,0,-1,19,8,4,-1,0,0,0,0,0,0,1,1,-1,2,1,33,6,-1,3,4,MINI COOPER,6,E01030041,0,3
2024501523934,2024,501523934,1,9,0,-1,7,3,5,-1,0,2,0,0,0,0,0,1,-1,6,2,70,10,1598,1,9,MINI COOPER,8,E01019953,0,1
2024221456730,2024,221456730,2,9,0,-1,3,4,8,-1,0,1,1,0,0,0,2,9,-1,7,2,41,7,1496,2,9,MINI COOPER,2,E01013994,0,1
2024451423889,2024,451423889,1,9,0,-1,19,1,5,-1,0,0,1,0,0,0,1,1,-1,9,1,19,4,1598,1,17,MINI COOPER,10,E01030941,0,1
2024311417674,2024,311417674,2,9,0,-1,4,8,4,-1,0,0,0,0,0,0,2,1,-1,6,2,43,7,1499,1,4,MINI COOPER,6,E01010200,0,4
2024522401794,2024,522401794,1,9,0,18,19,9,9,9,9,0,0,0,0,0,1,1,6,6,3,-1,-1,1598,1,14,MINI COOPER,-1,-1,0,-1
2024311529730,2024,311529730,2,9,0,-1,19,4,8,-1,0,8,0,0,0,0,4,2,-1,2,2,20,4,1499,1,0,MINI COOPER,9,E01033775,0,1
2024451407810,2024,451407810,2,9,0,-1,3,5,1,-1,0,0,0,0,0,0,2,1,-1,9,2,18,4,1598,1,14,MINI COOPER,5,E01031687,0,4
2024991454933,2024,991454933,3,9,0,-1,2,0,0,-1,0,8,0,0,0,0,2,1,-1,6,-1,-1,-1,1499,1,2,MINI COOPER,-1,-1,0,-1
202417L501624,2024,17L501624,1,9,0,17,19,2,6,0,0,0,5,0,2,0,4,1,6,6,2,39,7,1598,1,22,MINI COOPER,1,E01012113,0,3
2024061534615,2024,061534615,1,9,0,-1,19,6,4,-1,0,0,0,0,0,0,1,1,-1,6,1,32,6,1560,2,15,MINI COOPER,5,E01005455,0,1
2024501510937,2024,501510937,1,9,0,-1,19,8,4,-1,0,0,0,0,1,10,1,1,-1,7,2,18,4,1598,1,18,MINI COOPER,8,E01034637,0,2
2024471447651,2024,471447651,3,9,0,-1,2,0,0,-1,0,0,0,0,0,0,3,1,-1,6,-1,-1,-1,1499,1,0,MINI COOPER,-1,-1,0,-1
2024610055324,2024,610055324,1,9,0,18,19,1,5,0,0,0,0,4,0,0,3,1,6,6,1,41,7,1995,2,11,MINI COOPER,6,W01001327,0,1
2024471486274,2024,471486274,1,9,0,-1,11,5,1,-1,0,0,0,0,0,0,4,1,-1,9,2,17,4,1499,1,5,MINI COOPER,6,E01021186,0,3
2024010505200,2024,010505200,2,9,0,13,13,5,1,0,0,0,0,0,0,0,1,1,6,6,2,23,5,1995,2,9,MINI COOPER,7,E01002159,0,2
2024552400649,2024,552400649,2,9,0,2,2,0,0,0,0,0,0,0,0,0,3,1,6,6,3,-1,-1,1598,2,13,MINI COOPER,-1,-1,0,-1
2024010501737,2024,010501737,2,9,9,99,99,9,9,99,99,6,9,99,9,99,9,9,6,6,3,-1,-1,1499,1,1,MINI COOPER,-1,-1,0,-1
2024401399909,2024,401399909,1,9,0,-1,19,1,5,-1,0,0,0,11,0,0,1,1,-1,9,1,22,5,1598,1,21,MINI COOPER,6,E01016837,0,4
2024991469358,2024,991469358,3,9,0,-1,8,3,5,-1,0,1,0,0,0,0,1,1,-1,6,2,48,8,-1,3,2,MINI COOPER,9,-1,0,3
2024522402140,2024,522402140,2,9,0,18,19,8,5,0,0,4,0,0,0,0,3,1,6,6,3,-1,-1,-1,3,1,MINI COOPER,-1,-1,0,-1
2024031480795,2024,031480795,2,9,0,-1,4,5,5,-1,0,0,0,0,0,0,1,1,-1,6,2,20,4,1499,1,1,MINI COOPER,-1,-1,0,-1
2024141479322,2024,141479322,2,9,0,-1,7,8,7,-1,0,8,0,0,0,0,0,1,-1,1,2,46,8,1598,2,11,MINI COOPER,1,E01011866,0,3
2024320514448,2024,320514448,1,9,0,-1,-1,4,8,0,0,1,0,0,0,0,1,1,6,6,2,39,7,1499,1,0,MINI COOPER,3,E01026042,0,3
2024201486623,2024,201486623,2,9,0,-1,3,2,6,-1,0,2,0,0,0,0,2,1,-1,9,1,61,9,-1,3,1,MINI COOPER,4,E01009813,0,2
2024371437935,2024,371437935,2,9,0,-1,5,2,6,-1,0,2,0,0,0,0,1,1,-1,2,2,30,6,1499,1,10,MINI COOPER,7,E01034573,0,4
2024010511820,2024,010511820,2,9,0,99,99,9,9,99,99,9,9,99,9,99,9,9,6,6,3,31,6,1598,1,17,MINI COOPER,10,E01017729,0,4
2024010517149,2024,010517149,2,9,0,18,19,3,7,0,0,0,0,0,0,0,2,1,2,2,1,33,6,1598,1,17,MINI COOPER,-1,-1,0,-1
2024221422135,2024,221422135,1,9,0,-1,19,4,8,-1,0,0,5,0,1,10,1,1,-1,6,1,19,4,1998,1,10,MINI COOPER,5,E01014099,0,1
2024010501959,2024,010501959,3,9,0,18,19,6,2,0,0,0,0,0,0,0,1,1,6,6,2,34,6,1598,1,15,MINI COOPER,6,E01001068,0,2
2024421475277,2024,421475277,1,9,0,-1,7,1,5,-1,0,4,0,0,0,0,1,1,-1,6,1,29,6,1998,1,2,MINI COOPER,-1,-1,0,-1
2024361539023,2024,361539023,1,9,0,-1,19,5,1,-1,0,0,0,0,0,0,1,1,-1,9,1,53,8,1998,1,3,MINI COOPER,9,E01026691,0,1
2024320199653,2024,320199653,1,9,0,-1,-1,4,8,0,0,0,1,0,1,11,1,1,6,6,1,24,5,1499,1,1,MINI COOPER,3,E01026012,0,1
2024471464194,2024,471464194,1,9,0,-1,19,4,8,-1,0,3,0,0,5,7,1,1,-1,2,2,34,6,1598,1,18,MINI COOPER,6,E01016849,0,4
2024411487572,2024,411487572,2,9,0,-1,-1,-1,-1,-1,-1,0,-1,-1,-1,0,-1,9,-1,6,2,49,8,1499,1,8,MINI COOPER,10,E01023702,0,2
2024501440564,2024,501440564,2,9,0,-1,4,5,1,-1,0,4,0,0,0,0,2,1,-1,1,2,20,4,1598,1,17,MINI COOPER,2,E01018911,0,1
2024131531725,2024,131531725,1,9,0,-1,19,3,7,-1,0,0,0,0,0,0,1,1,-1,9,1,69,10,1499,1,0,MINI COOPER,7,E01012950,0,4
2024221520873,2024,221520873,2,9,0,-1,9,2,8,-1,0,5,0,0,0,0,2,1,-1,9,1,17,4,1598,2,13,MINI COOPER,5,E01032472,0,1