collision_index,collision_year,collision_ref_no,vehicle_reference,vehicle_type,towing_and_articulation,vehicle_manoeuvre_historic,vehicle_manoeuvre,vehicle_direction_from,vehicle_direction_to,vehicle_location_restricted_lane_historic,vehicle_location_restricted_lane,junction_location,skidding_and_overturning,hit_object_in_carriageway,vehicle_leaving_carriageway,hit_object_off_carriageway,first_point_of_impact,vehicle_left_hand_drive,journey_purpose_of_driver_historic,journey_purpose_of_driver,sex_of_driver,age_of_driver,age_band_of_driver,engine_capacity_cc,propulsion_code,age_of_vehicle,generic_make_model,driver_imd_decile,lsoa_of_driver,escooter_flag,driver_distance_banding
2024010509178,2024,010509178,1,9,0,9,9,1,6,0,0,8,0,0,0,0,3,1,6,6,1,26,6,1998,1,10,MINI COOPER,4,E01021461,0,2
2024471421702,2024,471421702,1,9,0,-1,19,1,5,-1,0,0,0,0,0,0,1,1,-1,9,1,54,8,1598,1,12,MINI COOPER,7,E01021010,0,1
2024451426437,2024,451426437,1,9,0,-1,19,1,5,-1,0,0,0,0,0,0,1,1,-1,6,1,36,7,1998,1,7,MINI COOPER,9,E01003823,0,2
2024302500086,2024,302500086,1,9,0,-1,4,3,7,-1,0,0,0,0,0,0,2,1,-1,2,2,23,5,1499,1,0,MINI COOPER,3,E01029437,0,2
2024041504053,2024,041504053,1,9,0,-1,19,3,7,-1,0,2,1,4,0,0,1,1,-1,6,1,65,9,1998,1,6,MINI COOPER,6,E01025078,0,1
2024010519735,2024,010519735,1,9,0,18,19,5,1,0,0,0,0,0,0,0,1,1,4,7,1,49,8,1598,1,18,MINI COOPER,-1,-1,0,-1
2024411432313,2024,411432313,1,9,0,-1,19,7,3,-1,0,1,5,0,1,4,1,1,-1,6,1,40,7,1998,1,1,MINI COOPER,9,E01023950,0,1
2024010503458,2024,010503458,1,9,0,99,99,9,9,99,99,0,9,99,9,99,2,9,2,2,1,39,7,1598,1,19,MINI COOPER,4,E01033738,0,4
2024211513767,2024,211513767,2,9,0,-1,2,0,0,-1,0,1,0,0,0,0,1,1,-1,9,2,44,7,1499,1,2,MINI COOPER,-1,-1,0,-1
2024131464373,2024,131464373,1,9,0,-1,5,7,5,-1,0,6,0,0,0,0,1,1,-1,9,2,77,11,-1,3,3,MINI COOPER,10,E01011947,0,1
2024311445485,2024,311445485,2,9,0,-1,2,3,7,-1,0,0,0,0,0,0,2,9,-1,6,2,54,8,1499,1,5,MINI COOPER,-1,-1,0,-1
2024010521057,2024,010521057,1,9,0,18,19,7,3,0,0,1,0,0,0,0,1,1,1,1,1,27,6,1499,1,1,MINI COOPER,8,E01000297,0,3
2024041504053,2024,041504053,2,9,0,-1,2,3,7,-1,9,8,0,0,0,0,2,1,-1,6,-1,-1,-1,1499,1,1,MINI COOPER,-1,-1,0,-1
2024010511009,2024,010511009,2,9,0,99,99,9,9,99,99,9,9,99,9,99,1,9,6,6,3,22,5,1499,1,1,MINI COOPER,1,E01002040,0,1
2024430485273,2024,430485273,2,9,0,4,4,8,4,0,0,0,0,0,0,0,2,1,2,2,1,30,6,1499,1,3,MINI COOPER,-1,-1,0,-1
2024332400590,2024,332400590,1,9,0,-1,9,8,6,-1,0,5,0,0,0,0,1,1,-1,1,1,22,5,1998,1,7,MINI COOPER,6,E01035102,0,4
2024131482020,2024,131482020,1,9,0,-1,19,5,1,-1,0,0,0,0,0,0,4,1,-1,6,1,64,9,1499,1,6,MINI COOPER,4,E01010898,0,1
2024340WN3902,2024,340WN3902,1,9,0,-1,19,1,5,-1,0,8,0,0,0,0,1,1,-1,6,2,29,6,1499,1,10,MINI COOPER,8,E01027279,0,1
2024411492746,2024,411492746,3,9,0,-1,4,7,3,-1,0,1,1,0,1,0,1,1,-1,2,2,68,10,1499,1,9,MINI COOPER,10,E01017563,0,1
2024010525176,2024,010525176,2,9,0,2,2,0,0,0,0,1,0,0,0,0,4,1,6,6,3,-1,-1,1499,1,8,MINI COOPER,-1,-1,0,-1
2024401471669,2024,401471669,1,9,0,-1,19,3,1,-1,0,0,2,0,7,0,4,1,-1,6,2,26,6,1598,1,22,MINI COOPER,7,E01027055,0,2
2024631461845,2024,631461845,2,9,0,-1,4,8,4,-1,0,0,0,0,1,10,2,1,-1,9,2,20,4,1598,2,13,MINI COOPER,4,E01025393,0,5
2024440091798,2024,440091798,2,9,0,5,5,8,4,0,0,5,0,0,0,0,2,1,6,6,1,31,6,1499,1,5,MINI COOPER,-1,-1,0,-1
2024421528814,2024,421528814,1,9,0,-1,19,3,3,-1,-1,0,0,0,3,7,1,1,-1,9,1,21,5,1598,1,21,MINI COOPER,10,E01029513,0,5
2024010538567,2024,010538567,1,9,0,3,3,5,1,0,0,2,0,0,0,0,2,1,6,6,2,33,6,1998,1,7,MINI COOPER,-1,-1,0,-1
2024471470845,2024,471470845,2,9,0,-1,4,1,7,-1,0,3,0,0,0,0,2,1,-1,9,2,19,4,1598,1,17,MINI COOPER,9,E01031630,0,2
2024031483046,2024,031483046,2,9,0,-1,-1,-1,-1,-1,-1,-1,-1,-1,-1,0,-1,1,-1,9,2,81,11,1499,1,3,MINI COOPER,-1,-1,0,-1
2024141421001,2024,141421001,2,9,0,-1,11,5,1,-1,0,0,0,0,0,0,2,1,-1,1,2,52,8,1499,1,0,MINI COOPER,8,E01007599,0,2
2024421486238,2024,421486238,2,9,0,-1,19,6,2,-1,0,0,0,0,0,0,3,1,-1,2,2,48,8,-1,3,1,MINI COOPER,9,E01023493,0,2
2024010521610,2024,010521610,1,9,0,9,9,3,1,0,0,6,0,0,0,0,3,1,6,6,2,72,10,1598,1,13,MINI COOPER,8,E01029129,0,5
2024031521582,2024,031521582,1,9,0,-1,2,5,1,-1,0,0,0,4,0,0,2,1,-1,9,2,58,9,1499,1,1,MINI COOPER,10,E01019393,0,1
2024541196824,2024,541196824,1,9,0,5,5,1,3,0,0,4,0,0,0,0,1,1,6,6,2,32,6,1499,1,5,MINI COOPER,9,E01031890,0,2
2024131455006,2024,131455006,1,9,0,-1,19,1,5,-1,0,0,1,10,1,2,4,1,-1,2,2,50,8,-1,3,1,MINI COOPER,8,E01011873,0,1
2024010508402,2024,010508402,2,9,0,4,4,1,5,0,0,1,0,0,0,0,2,1,6,6,2,53,8,1499,1,4,MINI COOPER,9,E01000178,0,1
2024991494080,2024,991494080,1,9,0,-1,19,3,7,-1,0,1,0,0,0,0,1,1,-1,1,2,50,8,1598,1,18,MINI COOPER,-1,-1,0,-1
2024461492653,2024,461492653,1,9,0,-1,19,3,7,-1,0,2,0,10,1,2,1,1,-1,2,2,21,5,1598,1,16,MINI COOPER,6,E01024340,0,4
2024031442905,2024,031442905,1,9,0,-1,19,8,5,-1,0,0,2,0,0,0,4,1,-1,6,1,52,8,1598,1,18,MINI COOPER,8,E01019224,0,4
2024361517842,2024,361517842,1,9,0,-1,19,3,1,-1,0,0,0,0,0,0,1,1,-1,6,1,33,6,1496,2,8,MINI COOPER,8,E01026551,0,4
2024221464937,2024,221464937,2,9,0,-1,2,0,0,-1,0,1,0,0,0,0,0,1,-1,9,2,27,6,1598,1,11,MINI COOPER,3,E01014005,0,3
2024010548474,2024,010548474,2,9,0,5,5,1,5,0,0,1,0,0,0,0,3,1,6,6,3,-1,-1,1598,1,19,MINI COOPER,-1,-1,0,-1
2024552400959,2024,552400959,1,9,0,4,4,1,5,0,0,0,0,4,0,0,1,1,6,6,2,41,7,1499,1,6,MINI COOPER,8,E01014373,0,4
202454D045824,2024,54D045824,1,9,0,5,5,1,5,0,0,1,0,0,0,0,4,1,2,2,2,62,9,1560,2,15,MINI COOPER,7,E01032007,0,1
2024010509568,2024,010509568,1,9,0,18,19,3,7,0,0,8,0,10,0,0,1,1,6,6,2,-1,-1,1598,1,20,MINI COOPER,-1,-1,0,-1
2024302401570,2024,302401570,1,9,0,1,1,4,8,0,0,2,0,0,0,0,2,1,6,6,1,-1,-1,1560,2,15,MINI COOPER,5,E01013500,0,1
2024010551217,2024,010551217,2,9,9,99,99,9,9,99,99,9,9,99,9,99,9,9,6,6,3,-1,-1,1598,1,22,MINI COOPER,-1,-1,0,-1
2024201428850,2024,201428850,1,9,0,-1,7,8,2,-1,0,6,0,0,0,0,1,1,-1,2,2,34,6,1496,2,9,MINI COOPER,5,E01009582,0,1
2024411493458,2024,411493458,3,9,0,-1,4,7,2,-1,0,0,0,0,0,0,2,1,-1,6,1,21,5,1998,1,3,MINI COOPER,9,E01021804,0,3
2024211505393,2024,211505393,3,9,0,-1,19,5,1,-1,0,0,1,0,0,0,1,1,-1,9,1,28,6,1499,1,4,MINI COOPER,6,E01029753,0,3
2024501484496,2024,501484496,1,9,0,-1,5,5,5,-1,9,8,0,0,0,0,1,1,-1,2,2,30,6,1496,2,9,MINI COOPER,4,E01015147,0,1
2024041428457,2024,041428457,2,9,0,-1,19,6,1,-1,0,0,0,0,0,0,1,1,-1,9,1,33,6,1496,2,9,MINI COOPER,8,E01013428,0,5
2024010549667,2024,010549667,1,9,0,99,99,9,9,99,99,9,9,99,9,99,9,9,2,2,1,28,6,1998,1,1,MINI COOPER,3,E01033881,0,1
2024071060712,2024,071060712,2,9,0,-1,2,0,0,-1,0,0,0,0,0,0,2,1,-1,6,2,25,5,1598,1,11,MINI COOPER,7,E01018711,0,1
2024361499335,2024,361499335,2,9,0,-1,19,7,3,-1,0,0,0,0,0,0,2,1,-1,6,1,54,8,1998,1,4,MINI COOPER,5,E01026909,0,4
2024231449206,2024,231449206,2,9,0,-1,19,7,2,-1,0,8,0,0,0,0,1,1,-1,9,2,57,9,1499,1,5,MINI COOPER,-1,-1,0,-1
2024311398645,2024,311398645,1,9,0,-1,19,1,5,-1,0,1,0,11,0,0,4,1,-1,9,2,69,10,1499,1,5,MINI COOPER,7,E01028378,0,1
2024201527970,2024,201527970,2,9,0,-1,19,1,5,-1,0,8,1,1,0,0,1,1,-1,6,-1,-1,-1,1496,2,9,MINI COOPER,-1,-1,0,-1
2024520403292,2024,520403292,1,9,0,4,4,8,4,0,0,1,0,0,0,0,2,1,6,6,2,57,9,1598,1,18,MINI COOPER,5,E01029259,0,2
202454C246924,2024,54C246924,1,9,0,9,9,8,4,0,0,1,0,0,0,0,3,1,6,6,1,62,9,1496,2,8,MINI COOPER,9,E01031886,0,2
2024451510612,2024,451510612,2,9,0,-1,2,0,0,-1,0,0,1,0,0,0,3,1,-1,6,-1,-1,-1,1499,1,6,MINI COOPER,-1,-1,0,-1
2024501475397,2024,501475397,1,9,0,-1,19,1,5,-1,0,0,5,0,0,0,4,1,-1,9,1,20,4,1560,2,15,MINI COOPER,4,E01020290,0,2
2024231535925,2024,231535925,2,9,0,-1,19,8,4,-1,0,0,0,0,7,0,1,1,-1,9,2,31,6,1598,1,15,MINI COOPER,3,E01031165,0,1
2024231401112,2024,231401112,1,9,0,-1,9,2,3,-1,0,6,0,0,0,0,3,1,-1,6,2,20,4,1598,1,17,MINI COOPER,5,E01031016,0,1
2024361479802,2024,361479802,3,9,0,-1,10,3,1,-1,0,1,0,0,0,0,2,1,-1,9,2,61,9,1499,1,8,MINI COOPER,5,E01026737,0,2
2024221474576,2024,221474576,2,9,0,-1,19,4,8,-1,0,8,0,0,0,0,4,1,-1,6,2,61,9,1499,1,3,MINI COOPER,8,E01014203,0,3
2024041448470,2024,041448470,2,9,0,-1,2,0,0,-1,0,0,1,0,0,0,2,1,-1,6,-1,-1,-1,1598,1,18,MINI COOPER,-1,-1,0,-1
2024461481030,2024,461481030,1,9,0,-1,19,5,1,-1,0,0,5,0,0,0,4,1,-1,6,1,19,4,1598,1,14,MINI COOPER,3,E01024688,0,2
2024440429568,2024,440429568,2,9,0,9,9,7,3,0,0,1,0,0,0,0,3,1,6,6,2,45,7,1499,1,9,MINI COOPER,3,E01017104,0,1
2024010512111,2024,010512111,3,9,0,2,2,0,0,0,0,2,0,0,0,0,4,1,6,6,3,-1,-1,1598,1,15,MINI COOPER,-1,-1,0,-1
2024101464346,2024,101464346,3,9,0,-1,3,3,7,-1,0,0,0,0,0,0,4,1,-1,2,2,59,9,1499,1,2,MINI COOPER,8,E01027499,0,2
2024471501448,2024,471501448,1,9,0,-1,3,-1,-1,-1,0,0,0,0,0,0,2,1,-1,7,2,43,7,1499,1,6,MINI COOPER,4,E01031572,0,1
2024320726008,2024,320726008,1,9,0,14,14,6,2,0,0,0,0,0,0,0,1,1,-1,-1,2,17,4,1496,2,8,MINI COOPER,1,E01026069,0,1
2024991452121,2024,991452121,2,9,0,-1,19,2,6,-1,0,0,0,0,0,0,3,1,-1,2,2,19,4,1598,1,16,MINI COOPER,6,-1,0,2
2024440274113,2024,440274113,3,9,0,18,19,3,7,0,0,8,0,0,0,0,1,1,2,2,2,30,6,1496,2,8,MINI COOPER,10,E01023231,0,2
2024401396385,2024,401396385,2,9,0,-1,19,6,2,-1,0,0,0,0,0,0,1,1,-1,9,2,55,8,1499,1,5,MINI COOPER,7,E01017578,0,1
2024010531363,2024,010531363,1,9,9,99,99,9,9,99,99,9,9,99,9,99,2,9,6,6,3,-1,-1,-1,3,3,MINI COOPER,4,E01003020,0,1
2024451400527,2024,451400527,1,9,0,-1,19,1,5,-1,0,0,0,0,0,0,1,1,-1,2,1,56,9,1499,1,5,MINI COOPER,9,E01031655,0,3
2024471494483,2024,471494483,2,9,0,-1,19,4,8,-1,0,1,0,0,0,0,1,1,-1,9,2,28,6,1598,1,17,MINI COOPER,10,E01017831,0,4
2024371402166,2024,371402166,1,9,0,-1,19,7,6,-1,0,0,0,0,0,0,1,9,-1,9,1,27,6,1560,2,14,MINI COOPER,10,E01030128,0,1
202417H102324,2024,17H102324,2,9,0,-1,19,6,2,-1,0,1,0,0,0,0,1,1,-1,6,1,50,8,1998,1,1,MINI COOPER,9,E01012208,0,3
2024361459958,2024,361459958,1,9,0,-1,19,7,3,-1,0,0,0,0,0,0,1,1,-1,9,2,56,9,1496,2,9,MINI COOPER,9,E01034765,0,1
2024161403557,2024,161403557,1,9,0,-1,19,3,7,-1,0,1,0,0,0,0,3,2,-1,6,-1,-1,-1,1598,1,20,MINI COOPER,-1,-1,0,-1
2024161528982,2024,161528982,1,9,0,-1,19,3,7,-1,0,0,5,4,0,0,4,1,-1,9,1,18,4,1598,2,12,MINI COOPER,10,E01012978,0,3
2024440215835,2024,440215835,1,9,0,3,3,4,8,0,0,1,0,0,0,0,2,1,2,2,1,26,6,1998,1,7,MINI COOPER,6,E01031452,0,4
2024010531652,2024,010531652,1,9,0,18,19,2,6,0,0,1,0,0,0,0,1,1,6,6,2,49,8,1499,1,8,MINI COOPER,8,E01030564,0,2
2024201497077,2024,201497077,2,9,0,-1,2,0,0,-1,0,0,0,0,0,0,1,1,-1,6,1,23,5,1998,1,7,MINI COOPER,4,E01034744,0,3
2024221471862,2024,221471862,1,9,0,-1,19,1,4,-1,0,0,5,6,0,0,4,1,-1,6,2,38,7,1598,1,20,MINI COOPER,-1,-1,0,-1
2024421398295,2024,421398295,1,9,0,-1,19,5,2,-1,0,0,1,0,2,3,4,1,-1,9,2,19,4,1995,2,11,MINI COOPER,8,E01021347,0,1
2024010499798,2024,010499798,2,9,0,18,19,5,1,0,0,4,0,0,0,0,1,1,2,2,2,63,9,1598,1,21,MINI COOPER,9,E01000440,0,1
2024221500837,2024,221500837,1,9,0,-1,19,4,8,-1,0,3,0,10,1,0,1,1,-1,6,2,56,9,1598,1,12,MINI COOPER,5,E01032214,0,4
2024211486433,2024,211486433,2,9,0,-1,2,0,0,-1,0,0,0,0,0,0,1,1,-1,9,2,33,6,1598,1,14,MINI COOPER,6,E01029529,0,1
2024122400390,2024,122400390,1,9,0,17,19,1,5,0,0,1,0,0,1,9,1,1,6,6,2,21,5,1598,1,19,MINI COOPER,7,E01027646,0,1
2024545841824,2024,545841824,1,9,0,18,19,6,2,0,0,0,0,0,1,9,1,1,6,6,1,27,6,1998,1,9,MINI COOPER,10,E01031962,0,1
2024361413248,2024,361413248,1,9,0,-1,5,7,3,-1,0,0,0,0,0,0,1,1,-1,2,2,53,8,1499,1,7,MINI COOPER,10,E01026521,0,1
2024440326164,2024,440326164,1,9,0,9,9,6,4,0,0,8,0,0,0,0,3,1,6,6,1,18,4,1598,2,13,MINI COOPER,10,E01030935,0,2
2024122401223,2024,122401223,2,9,0,17,19,7,3,0,0,0,0,0,1,2,4,1,6,6,2,37,7,1598,1,15,MINI COOPER,3,E01013350,0,2
2024991450986,2024,991450986,2,9,0,-1,19,8,4,-1,0,1,0,0,0,0,1,1,-1,6,2,23,5,1499,1,2,MINI COOPER,2,-1,0,3
2024991436068,2024,991436068,2,9,0,-1,2,1,6,-1,0,0,1,0,0,0,2,1,-1,1,2,57,9,1560,2,16,MINI COOPER,5,-1,0,2
2024041525607,2024,041525607,1,9,0,-1,19,3,7,-1,0,2,1,7,0,0,1,1,-1,7,2,17,4,1598,1,17,MINI COOPER,6,E01024870,0,1
2024552401056,2024,552401056,2,9,0,4,4,2,6,0,0,0,0,0,0,0,3,1,2,2,2,33,6,1560,2,16,MINI COOPER,6,E01015291,0,1
2024131463171,2024,131463171,1,9,0,-1,19,3,7,-1,0,0,0,0,0,0,1,1,-1,9,2,50,8,1998,1,8,MINI COOPER,8,E01034756,0,4
2024440324676,2024,440324676,1,9,0,18,19,5,1,0,0,0,5,0,0,6,3,1,6,6,1,68,10,1598,1,21,MINI COOPER,8,E01000217,0,4
2024221488980,2024,221488980,2,9,0,-1,19,3,8,-1,0,5,0,0,0,0,1,9,-1,2,2,51,8,1995,2,11,MINI COOPER,4,E01014003,0,3
2024501480949,2024,501480949,2,9,0,-1,19,5,1,-1,0,8,0,0,0,0,1,1,-1,6,1,25,5,1598,1,21,MINI COOPER,4,E01019922,0,1
2024991467283,2024,991467283,1,9,0,-1,5,6,2,-1,0,1,0,0,0,0,2,1,-1,6,2,27,6,1998,1,6,MINI COOPER,-1,-1,0,-1
2024522403126,2024,522403126,1,9,0,4,4,3,7,0,0,1,0,0,0,0,2,1,6,6,2,45,7,-1,3,3,MINI COOPER,6,E01032677,0,1
2024041503259,2024,041503259,1,9,0,-1,19,1,3,-1,0,0,0,0,0,0,1,1,-1,6,1,27,6,1598,1,17,MINI COOPER,3,E01024879,0,3
2024221425428,2024,221425428,3,9,0,-1,19,1,5,-1,0,8,0,0,0,0,1,1,-1,6,2,19,4,1598,1,23,MINI COOPER,5,E01028888,0,3
2024411412278,2024,411412278,1,9,0,-1,19,8,4,-1,0,0,0,0,0,0,2,1,-1,6,2,31,6,1598,1,19,MINI COOPER,8,E01002474,0,2
2024010539554,2024,010539554,2,9,0,99,99,9,9,99,99,9,9,99,9,99,2,9,6,6,2,34,6,1499,1,8,MINI COOPER,8,E01003039,0,1
2024010547601,2024,010547601,1,9,0,-1,-1,5,1,0,0,8,0,0,0,0,1,1,1,1,1,51,8,1496,2,9,MINI COOPER,8,E01030216,0,4
2024211465271,2024,211465271,1,9,0,-1,3,3,7,-1,0,0,0,0,0,0,2,2,-1,2,2,49,8,1496,2,8,MINI COOPER,7,E01029798,0,1
2024501422981,2024,501422981,1,9,0,-1,19,5,1,-1,0,1,0,0,0,0,1,1,-1,9,2,21,5,1560,2,16,MINI COOPER,4,E01019013,0,2
2024471462235,2024,471462235,1,9,0,-1,4,3,7,-1,0,1,0,0,0,0,2,9,-1,6,1,33,6,1998,1,1,MINI COOPER,1,E01016947,0,1
2024440340121,2024,440340121,1,9,0,12,12,7,3,0,0,0,0,0,4,6,1,1,6,6,2,55,8,1499,1,7,MINI COOPER,1,E01017281,0,2
2024302401102,2024,302401102,2,9,0,12,12,8,4,0,0,1,0,0,4,0,4,1,6,6,2,32,6,1499,1,8,MINI COOPER,9,E01013488,0,1
2024461396982,2024,461396982,1,9,0,-1,9,7,3,-1,0,1,0,0,0,0,3,1,-1,6,2,42,7,1499,1,4,MINI COOPER,9,E01024376,0,2
2024221412045,2024,221412045,2,9,0,-1,10,3,1,-1,0,8,0,0,0,0,2,9,-1,7,2,60,9,1998,1,7,MINI COOPER,4,E01028993,0,1
2024361414671,2024,361414671,2,9,0,-1,19,1,5,-1,0,1,5,0,0,0,1,1,-1,6,2,30,6,1499,1,4,MINI COOPER,5,E01026423,0,1
2024991573735,2024,991573735,1,9,0,-1,14,1,5,-1,0,0,0,0,0,0,1,1,-1,9,1,33,6,1598,1,19,MINI COOPER,5,-1,0,3
2024411537271,2024,411537271,2,9,0,-1,4,3,7,-1,0,8,0,0,0,0,2,1,-1,6,1,25,5,1598,1,15,MINI COOPER,6,E01023927,0,3
2024041512485,2024,041512485,2,9,0,-1,2,0,0,-1,9,0,0,0,0,0,2,1,-1,6,-1,-1,-1,1499,1,5,MINI COOPER,-1,-1,0,-1
2024471477763,2024,471477763,2,9,0,-1,19,1,5,-1,0,0,0,0,0,0,4,1,-1,6,2,39,7,1598,1,20,MINI COOPER,4,E01031652,0,3
2024520402691,2024,520402691,2,9,0,10,10,1,3,0,0,1,0,0,0,0,2,1,6,6,1,32,6,1499,1,6,MINI COOPER,5,E01029268,0,3
2024131453307,2024,131453307,1,9,0,-1,19,5,1,-1,0,1,0,0,0,0,1,1,-1,6,2,31,6,1499,1,6,MINI COOPER,9,E01029626,0,5
2024430552578,2024,430552578,3,9,0,3,3,3,7,0,0,0,0,0,0,0,2,1,2,2,1,54,8,1998,1,2,MINI COOPER,10,E01028823,0,2
2024131458588,2024,131458588,1,9,0,-1,19,3,7,-1,0,0,0,0,0,0,1,1,-1,9,1,20,4,1496,2,8,MINI COOPER,5,E01011391,0,2
2024201439989,2024,201439989,1,9,0,-1,7,1,7,-1,0,4,0,0,0,0,1,1,-1,6,2,30,6,1499,1,2,MINI COOPER,10,E01032326,0,4
2024122400477,2024,122400477,2,9,0,4,4,7,3,0,0,0,0,0,0,0,2,1,1,1,2,53,8,1998,1,10,MINI COOPER,10,E01027674,0,1
2024522402699,2024,522402699,1,9,0,18,19,2,6,0,0,8,0,0,0,0,1,1,6,6,2,32,6,1499,1,6,MINI COOPER,7,E01032412,0,4
2024471410310,2024,471410310,3,9,0,-1,19,5,1,-1,0,0,0,0,0,0,2,1,-1,6,2,57,9,1998,1,9,MINI COOPER,8,E01020963,0,1
2024461393694,2024,461393694,6,9,0,-1,4,4,7,-1,0,0,0,0,0,0,4,1,-1,9,1,60,9,1998,1,5,MINI COOPER,2,E01003487,0,4
2024421523793,2024,421523793,1,9,0,-1,19,7,3,-1,0,8,0,0,0,0,1,1,-1,9,2,18,4,1598,1,22,MINI COOPER,9,E01021383,0,2
2024440500464,2024,440500464,2,9,0,18,19,3,7,0,0,8,0,0,0,0,1,1,6,6,2,34,6,1499,1,0,MINI COOPER,4,E01022567,0,1
2024522402586,2024,522402586,3,9,0,7,7,8,2,0,0,6,0,0,0,0,1,1,6,6,2,26,6,1496,2,8,MINI COOPER,6,E01014679,0,1
2024161428822,2024,161428822,1,9,0,-1,19,8,4,-1,0,8,0,0,0,0,4,1,-1,6,2,69,10,1998,1,2,MINI COOPER,2,E01013202,0,1
2024991506487,2024,991506487,1,9,0,-1,4,3,7,-1,0,0,0,0,0,0,1,1,-1,6,2,35,6,1998,1,0,MINI COOPER,6,-1,0,3
2024070572109,2024,070572109,2,9,0,18,19,2,6,0,0,4,0,0,0,0,2,1,6,6,2,54,8,1499,1,1,MINI COOPER,9,E01012556,0,4
2024471441802,2024,471441802,2,9,0,-1,19,2,6,-1,0,6,0,0,0,0,4,1,-1,9,2,87,11,-1,3,4,MINI COOPER,8,E01021115,0,2
2024471481569,2024,471481569,2,9,0,-1,5,5,1,-1,0,4,1,0,7,0,3,1,-1,2,2,51,8,1499,1,7,MINI COOPER,7,E01030530,0,3
2024010528571,2024,010528571,1,9,0,18,19,1,5,0,0,1,0,0,0,0,1,1,6,6,2,27,6,1499,1,6,MINI COOPER,8,E01000253,0,1
2024461402845,2024,461402845,2,9,0,-1,19,7,3,-1,0,1,0,0,0,0,2,9,-1,6,1,35,6,1598,1,15,MINI COOPER,8,E01024015,0,2
2024411463776,2024,411463776,3,9,0,-1,19,5,1,-1,0,8,0,0,1,0,3,1,-1,2,2,63,9,1496,2,10,MINI COOPER,5,E01021868,0,3
2024461408778,2024,461408778,2,9,0,-1,19,6,2,-1,0,1,0,0,0,0,1,9,-1,6,2,31,6,1598,1,14,MINI COOPER,4,E01000788,0,2
2024010503020,2024,010503020,1,9,0,18,19,3,7,0,0,1,1,10,1,2,1,1,6,6,1,38,7,1598,1,23,MINI COOPER,10,E01030948,0,3
2024211518819,2024,211518819,3,9,0,-1,4,6,2,-1,0,0,0,0,0,0,2,1,-1,9,1,26,6,1598,1,17,MINI COOPER,-1,-1,0,-1
2024440530475,2024,440530475,1,9,0,18,19,5,1,0,0,1,0,0,0,0,2,1,6,6,2,55,8,1598,1,15,MINI COOPER,1,E01017236,0,1
2024201532611,2024,201532611,10,9,0,-1,2,0,0,-1,0,8,0,0,0,0,3,1,-1,6,-1,-1,-1,1496,2,7,MINI COOPER,-1,-1,0,-1
2024361512670,2024,361512670,2,9,0,-1,19,3,7,-1,0,1,0,0,0,0,3,1,-1,6,2,28,6,1499,1,7,MINI COOPER,6,E01026549,0,2
2024421534211,2024,421534211,2,9,0,-1,19,-1,-1,-1,0,2,0,0,0,0,4,1,-1,6,1,24,5,1598,1,18,MINI COOPER,7,E01015968,0,1
2024010501371,2024,010501371,1,9,0,18,19,7,3,0,0,0,5,4,0,0,1,1,6,6,2,31,6,1598,1,16,MINI COOPER,9,E01002322,0,1
2024221440605,2024,221440605,1,9,0,-1,9,1,6,-1,0,7,0,0,0,0,1,9,-1,6,2,40,7,1598,1,16,MINI COOPER,6,E01010221,0,2
2024461522946,2024,461522946,1,9,0,-1,9,3,1,-1,0,5,0,0,1,0,1,1,-1,6,-1,-1,-1,1598,1,19,MINI COOPER,-1,-1,0,-1
2024421481399,2024,421481399,1,9,0,-1,19,5,1,-1,0,1,0,0,0,0,1,1,-1,9,1,72,10,1499,1,10,MINI COOPER,8,E01023517,0,4
2024552401481,2024,552401481,2,9,0,3,3,5,1,0,0,4,0,0,0,0,2,1,6,6,1,37,7,1998,1,0,MINI COOPER,8,E01022166,0,5
2024010538270,2024,010538270,1,9,0,18,19,7,3,0,0,8,0,0,0,0,1,1,6,6,1,57,9,1499,1,6,MINI COOPER,10,E01030307,0,3
2024131409511,2024,131409511,1,9,0,-1,19,1,5,-1,0,8,0,0,0,0,1,1,-1,6,2,71,10,1598,1,15,MINI COOPER,7,E01010587,0,1
2024351503337,2024,351503337,1,9,0,-1,19,1,5,-1,0,0,1,0,0,0,1,1,-1,6,1,21,5,1598,1,14,MINI COOPER,7,E01031399,0,5
2024622400767,2024,622400767,2,9,0,18,19,3,7,0,0,0,0,10,1,0,4,1,6,6,1,22,5,1598,1,20,MINI COOPER,9,W01002017,0,1
2024471452896,2024,471452896,1,9,0,-1,19,8,4,-1,0,0,5,10,1,5,1,1,-1,2,2,22,5,1598,1,15,MINI COOPER,5,E01031571,0,1
2024010533180,2024,010533180,3,9,0,2,2,0,0,0,0,0,0,4,0,0,4,1,6,6,3,-1,-1,1499,1,5,MINI COOPER,-1,-1,0,-1