collision_index,collision_year,collision_ref_no,vehicle_reference,vehicle_type,towing_and_articulation,vehicle_manoeuvre_historic,vehicle_manoeuvre,vehicle_direction_from,vehicle_direction_to,vehicle_location_restricted_lane_historic,vehicle_location_restricted_lane,junction_location,skidding_and_overturning,hit_object_in_carriageway,vehicle_leaving_carriageway,hit_object_off_carriageway,first_point_of_impact,vehicle_left_hand_drive,journey_purpose_of_driver_historic,journey_purpose_of_driver,sex_of_driver,age_of_driver,age_band_of_driver,engine_capacity_cc,propulsion_code,age_of_vehicle,generic_make_model,driver_imd_decile,lsoa_of_driver,escooter_flag,driver_distance_banding
2024522500029,2024,522500029,2,9,0,18,19,1,5,0,0,1,0,0,0,0,1,1,6,6,1,33,6,1598,1,12,MINI COOPER,9,E01033078,0,3
2024041489864,2024,041489864,2,9,0,-1,19,5,7,-1,0,4,0,0,0,0,2,1,-1,2,2,52,8,1499,1,4,MINI COOPER,3,E01005761,0,4
2024041406127,2024,041406127,2,9,0,-1,19,1,5,-1,0,0,0,0,7,11,2,1,-1,6,2,58,9,-1,3,2,MINI COOPER,9,E01025532,0,1
2024010501535,2024,010501535,1,9,0,18,19,5,1,0,0,8,0,0,0,0,3,1,6,6,2,56,9,1499,1,6,MINI COOPER,2,E01001349,0,1
2024010536988,2024,010536988,1,9,0,6,6,1,1,8,6,0,0,0,0,0,3,1,6,6,2,49,8,1499,1,8,MINI COOPER,9,E01003890,0,1
2024010533180,2024,010533180,2,9,0,2,2,0,0,0,0,0,0,0,0,0,2,1,6,6,3,-1,-1,1499,1,4,MINI COOPER,-1,-1,0,-1
2024421446201,2024,421446201,1,9,0,-1,7,6,8,-1,0,2,0,0,0,0,1,1,-1,6,1,27,6,1598,2,11,MINI COOPER,4,E01021979,0,1
2024010514864,2024,010514864,1,9,0,18,19,5,1,0,0,8,0,0,0,0,4,1,6,6,1,65,9,1998,1,9,MINI COOPER,8,E01001224,0,1
2024411414160,2024,411414160,1,9,0,-1,3,5,1,-1,0,0,0,0,0,0,1,1,-1,6,1,32,6,1499,1,1,MINI COOPER,4,E01023797,0,1
2024010500876,2024,010500876,2,9,0,18,19,1,5,0,0,1,0,0,0,0,2,1,6,6,1,37,7,1499,1,8,MINI COOPER,9,E01022063,0,4
2024111440601,2024,111440601,1,9,0,-1,9,2,6,-1,0,2,0,0,0,0,1,1,-1,2,2,41,7,1598,1,13,MINI COOPER,5,E01012205,0,2
2024010547088,2024,010547088,1,9,0,99,99,9,9,99,99,0,9,99,9,99,9,9,6,6,1,38,7,1598,1,17,MINI COOPER,4,E01000029,0,2
2024131489680,2024,131489680,2,9,0,-1,19,3,7,-1,0,8,0,0,0,0,3,1,-1,6,2,43,7,1499,1,0,MINI COOPER,7,E01011460,0,1
2024201426070,2024,201426070,2,9,0,-1,19,6,2,-1,0,1,0,0,0,0,1,9,-1,6,2,63,9,1998,1,4,MINI COOPER,6,E01033058,0,2
2024311517229,2024,311517229,1,9,0,-1,10,2,7,-1,0,1,0,0,0,0,3,1,-1,9,1,83,11,1998,1,3,MINI COOPER,-1,-1,0,-1
2024010517529,2024,010517529,2,9,0,2,2,0,0,0,0,0,1,0,0,0,2,1,6,6,3,-1,-1,1496,2,9,MINI COOPER,-1,-1,0,-1
2024010528321,2024,010528321,2,9,9,99,99,9,9,99,99,6,9,99,9,99,9,9,6,6,3,-1,-1,1499,1,1,MINI COOPER,-1,-1,0,-1
2024421503730,2024,421503730,2,9,0,-1,19,5,1,-1,0,3,0,0,0,0,2,1,-1,9,2,33,6,1499,1,8,MINI COOPER,4,E01021269,0,1
2024131523724,2024,131523724,1,9,0,-1,2,1,5,-1,0,0,0,0,0,0,2,1,-1,6,1,53,8,1499,1,6,MINI COOPER,6,E01011214,0,3
2024501456098,2024,501456098,2,9,0,-1,9,4,8,-1,0,1,0,0,0,0,2,1,-1,9,1,72,10,1598,1,14,MINI COOPER,10,E01015396,0,5
202460Q185379,2024,60Q185379,1,9,0,18,19,5,1,0,0,6,0,0,0,0,1,1,6,6,1,30,6,1499,1,6,MINI COOPER,-1,-1,0,-1
2024311527439,2024,311527439,1,9,0,-1,19,1,5,-1,0,0,0,0,0,0,1,1,-1,6,1,31,6,1598,1,20,MINI COOPER,3,E01028166,0,1
2024501439252,2024,501439252,1,9,0,-1,19,6,2,-1,0,0,2,11,1,10,4,1,-1,6,2,60,9,1499,1,5,MINI COOPER,7,E01020154,0,2
2024141400712,2024,141400712,2,9,0,-1,19,4,8,-1,0,0,0,0,0,0,1,1,-1,9,1,27,6,1499,1,6,MINI COOPER,5,E01012803,0,4
2024010497310,2024,010497310,1,9,0,99,99,9,9,99,99,9,9,99,9,99,9,9,6,6,1,46,8,1499,1,6,MINI COOPER,9,E01003837,0,1
2024320554460,2024,320554460,1,9,0,-1,-1,8,3,0,0,8,0,0,0,0,3,1,-1,-1,1,21,5,1598,1,20,MINI COOPER,3,E01026064,0,3
2024531403413,2024,531403413,1,9,0,-1,19,2,6,-1,0,0,1,0,2,11,1,1,-1,6,1,34,6,1598,1,21,MINI COOPER,9,E01016888,0,5
2024451422501,2024,451422501,1,9,0,-1,19,3,7,-1,0,0,5,0,0,0,1,1,-1,6,1,25,5,1598,1,14,MINI COOPER,2,E01020910,0,4
2024332400348,2024,332400348,2,9,0,-1,19,8,4,-1,0,0,1,10,5,4,2,1,-1,6,1,34,6,1560,2,16,MINI COOPER,7,E01013686,0,1
2024461420038,2024,461420038,2,9,0,-1,19,8,8,-1,0,0,0,0,0,0,2,9,-1,6,1,25,5,1560,2,15,MINI COOPER,4,E01001465,0,4
2024131410351,2024,131410351,1,9,0,-1,1,5,5,-1,9,1,0,0,0,0,2,1,-1,9,1,53,8,1998,1,2,MINI COOPER,10,E01011452,0,1
2024041503410,2024,041503410,2,9,0,-1,19,3,7,-1,0,0,0,0,0,0,2,1,-1,2,2,36,7,1499,1,8,MINI COOPER,2,E01025390,0,3
2024320727978,2024,320727978,4,9,0,2,2,0,0,0,0,0,0,0,0,0,2,1,6,6,1,30,6,1598,1,12,MINI COOPER,4,E01026174,0,1
2024451459613,2024,451459613,3,9,0,-1,2,0,0,-1,0,0,0,0,0,0,2,1,-1,6,-1,-1,-1,1600,1,13,MINI COOPER,-1,-1,0,-1
2024461488410,2024,461488410,2,9,0,-1,19,2,6,-1,0,0,0,0,0,0,1,1,-1,2,2,38,7,1598,1,12,MINI COOPER,2,E01024549,0,1
2024201479528,2024,201479528,1,9,0,-1,7,3,5,-1,0,6,0,0,0,0,1,1,-1,6,2,-1,-1,1496,2,8,MINI COOPER,-1,-1,0,-1
2024991451039,2024,991451039,2,9,0,-1,19,1,5,-1,0,1,0,0,0,0,1,1,-1,9,2,31,6,1499,1,6,MINI COOPER,7,-1,0,2
2024991409547,2024,991409547,2,9,0,-1,10,5,3,-1,0,8,0,0,0,0,2,1,-1,6,2,23,5,1499,1,1,MINI COOPER,9,-1,0,1
2024520401550,2024,520401550,1,9,0,9,9,3,1,0,0,6,0,0,0,0,9,1,6,6,2,60,9,1499,1,7,MINI COOPER,6,E01029275,0,1
2024451441788,2024,451441788,2,9,0,-1,19,7,3,-1,0,0,0,0,0,0,2,1,-1,9,2,18,4,1998,1,1,MINI COOPER,4,E01001609,0,4
2024421470871,2024,421470871,1,9,0,-1,19,3,7,-1,0,0,0,0,0,0,1,1,-1,2,2,38,7,1998,1,4,MINI COOPER,5,E01015949,0,1
2024221492272,2024,221492272,1,9,0,-1,4,8,4,-1,0,8,0,0,0,0,2,1,-1,2,2,67,10,1499,1,2,MINI COOPER,7,E01032382,0,1
2024421405931,2024,421405931,1,9,0,-1,19,5,1,-1,0,1,5,0,7,0,1,9,-1,6,2,52,8,1598,1,18,MINI COOPER,-1,-1,0,-1
2024471478931,2024,471478931,2,9,0,-1,2,0,0,-1,0,0,0,0,0,0,2,1,-1,6,-1,-1,-1,1499,1,10,MINI COOPER,-1,-1,0,-1
2024302401788,2024,302401788,1,9,0,18,19,6,2,0,0,2,1,0,1,11,1,1,6,6,2,18,4,1598,1,17,MINI COOPER,6,E01019741,0,1
2024061474052,2024,061474052,3,9,0,-1,19,7,3,-1,0,0,0,0,0,0,2,1,-1,6,1,30,6,1499,1,5,MINI COOPER,2,E01005504,0,3
2024311530087,2024,311530087,1,9,0,-1,5,3,8,-1,0,8,0,0,0,0,1,1,-1,6,2,22,5,1499,1,0,MINI COOPER,-1,-1,0,-1
2024501434361,2024,501434361,2,9,0,-1,19,2,6,-1,0,1,0,0,0,0,1,1,-1,9,1,66,10,1995,2,13,MINI COOPER,4,E01015268,0,1
2024010539241,2024,010539241,2,9,9,18,19,9,9,99,99,0,9,99,9,99,2,9,6,6,3,-1,-1,1598,1,17,MINI COOPER,-1,-1,0,-1
2024411459678,2024,411459678,2,9,-1,-1,3,5,1,-1,0,4,0,0,0,0,2,9,-1,1,2,51,8,1499,1,5,MINI COOPER,10,E01023694,0,3
2024010508823,2024,010508823,1,9,0,99,99,9,9,99,99,9,9,99,9,99,4,9,6,6,2,40,7,1499,1,5,MINI COOPER,5,E01000586,0,1
2024451502916,2024,451502916,2,9,0,-1,19,1,3,-1,0,0,0,0,0,0,2,9,-1,6,1,39,7,1598,1,17,MINI COOPER,7,E01002617,0,2
2024371466057,2024,371466057,2,9,0,-1,9,1,1,-1,0,6,0,0,0,0,1,1,-1,6,2,45,7,1499,1,4,MINI COOPER,7,E01029942,0,1
202454C664424,2024,54C664424,1,9,0,9,9,1,7,0,0,5,0,0,0,0,1,1,6,6,2,51,8,1998,1,0,MINI COOPER,9,E01032710,0,1
2024411527568,2024,411527568,1,9,0,-1,9,1,7,-1,0,8,0,0,0,0,4,1,-1,2,1,29,6,1998,1,5,MINI COOPER,5,E01035583,0,1
2024010538605,2024,010538605,2,9,0,2,2,0,0,0,0,1,0,0,0,0,0,1,6,6,3,-1,-1,1998,1,0,MINI COOPER,-1,-1,0,-1
2024991414314,2024,991414314,2,9,0,-1,19,8,3,-1,0,0,0,0,0,0,1,1,-1,9,2,32,6,1598,1,20,MINI COOPER,5,-1,0,1
2024520001238,2024,520001238,1,9,0,3,3,7,3,0,0,8,0,0,0,0,9,1,6,6,2,45,7,1499,1,9,MINI COOPER,5,E01014455,0,2
2024610054024,2024,610054024,2,9,0,18,19,6,2,0,0,0,0,0,0,0,1,1,6,6,2,-1,-1,1499,1,5,MINI COOPER,4,W01002034,0,1
2024631424623,2024,631424623,1,9,0,-1,19,3,7,-1,0,1,0,0,1,10,1,1,-1,1,2,43,7,1499,1,6,MINI COOPER,7,W01000704,0,4
2024501411216,2024,501411216,1,9,0,-1,19,5,1,-1,0,0,1,6,0,0,4,1,-1,2,1,30,6,1499,1,6,MINI COOPER,5,E01019994,0,2
2024501432705,2024,501432705,1,9,0,-1,19,5,1,-1,0,0,0,0,0,0,1,1,-1,9,2,66,10,1499,1,7,MINI COOPER,6,E01020172,0,2
2024440011965,2024,440011965,2,9,0,18,19,7,3,0,0,8,5,0,1,10,4,1,6,6,2,18,4,1560,2,16,MINI COOPER,9,E01022582,0,2
2024131524364,2024,131524364,1,9,0,-1,19,3,3,-1,1,2,0,0,3,0,1,1,-1,7,1,59,9,1598,1,19,MINI COOPER,1,E01011080,0,1
2024531410757,2024,531410757,1,9,0,-1,19,7,3,-1,0,8,0,0,0,0,1,1,-1,6,1,25,5,1598,1,19,MINI COOPER,5,E01022344,0,1
2024010490056,2024,010490056,2,9,0,2,2,0,0,6,6,0,0,0,0,0,2,1,6,6,3,-1,-1,1499,1,6,MINI COOPER,-1,-1,0,-1
2024010550824,2024,010550824,1,9,0,99,99,9,9,99,99,9,9,99,9,99,9,9,2,2,2,58,9,1499,1,6,MINI COOPER,3,E01001930,0,1
2024211524560,2024,211524560,1,9,0,-1,3,1,5,-1,0,4,0,0,0,0,2,1,-1,6,2,27,6,1499,1,4,MINI COOPER,10,E01029418,0,1
2024471466982,2024,471466982,1,9,0,-1,19,5,1,-1,0,1,0,0,1,4,1,1,-1,6,2,35,6,1499,1,1,MINI COOPER,5,E01031479,0,4
2024161450409,2024,161450409,2,9,0,-1,8,8,2,-1,0,0,0,0,0,0,2,1,-1,6,1,56,9,1598,1,15,MINI COOPER,2,E01013195,0,1
2024421485480,2024,421485480,1,9,0,-1,19,0,0,-1,0,0,0,0,0,0,1,1,-1,9,1,50,8,1499,1,7,MINI COOPER,10,E01002317,0,3
2024010517368,2024,010517368,2,9,0,5,5,0,7,0,0,6,0,0,0,0,1,1,3,7,2,36,7,1496,2,7,MINI COOPER,8,E01001580,0,1
2024332400847,2024,332400847,2,9,0,-1,19,2,6,-1,0,8,0,0,0,0,1,1,-1,6,2,20,4,1998,1,9,MINI COOPER,7,E01025985,0,1
2024991428565,2024,991428565,2,9,0,-1,19,8,4,-1,0,0,5,0,0,0,1,1,-1,9,2,31,6,1995,2,13,MINI COOPER,6,-1,0,2
2024547433924,2024,547433924,1,9,0,18,19,2,6,0,0,4,0,0,0,0,1,1,6,6,2,69,10,1598,1,19,MINI COOPER,8,E01015482,0,1
2024622400484,2024,622400484,1,9,0,18,19,7,3,0,0,2,5,7,0,0,1,1,6,6,2,44,7,1499,1,7,MINI COOPER,1,W01001095,0,1
2024421422089,2024,421422089,1,9,0,-1,19,1,5,-1,0,8,0,0,0,0,1,1,-1,6,2,49,8,-1,3,3,MINI COOPER,-1,-1,0,-1
2024010510576,2024,010510576,1,9,0,99,99,9,9,99,99,9,9,99,9,99,9,9,6,6,2,40,7,1998,1,3,MINI COOPER,3,E01032562,0,1
2024141423295,2024,141423295,2,9,0,-1,19,2,6,-1,0,1,0,0,0,0,3,1,-1,2,2,46,8,1499,1,7,MINI COOPER,8,E01007921,0,1
2024010550152,2024,010550152,4,9,0,2,2,0,0,0,0,0,0,0,0,0,3,1,6,6,3,-1,-1,1499,1,5,MINI COOPER,-1,-1,0,-1
2024201463638,2024,201463638,2,9,0,-1,9,3,1,-1,0,5,0,0,0,0,1,1,-1,9,2,43,7,1598,1,18,MINI COOPER,2,E01009088,0,1
2024610054624,2024,610054624,1,9,0,18,19,1,5,0,0,0,1,4,0,0,4,1,6,6,2,22,5,1598,1,14,MINI COOPER,1,W01001400,0,1
2024421500647,2024,421500647,2,9,0,-1,19,5,1,-1,0,8,0,0,0,0,1,1,-1,9,2,61,9,1598,1,15,MINI COOPER,4,E01021658,0,1
2024070739120,2024,070739120,1,9,0,-1,3,1,5,-1,0,1,0,0,0,0,1,1,-1,9,2,55,8,1998,1,5,MINI COOPER,-1,-1,0,-1
2024010534026,2024,010534026,3,9,0,2,2,0,0,0,0,0,0,0,0,0,1,1,6,6,3,-1,-1,1499,1,9,MINI COOPER,-1,-1,0,-1
2024101451676,2024,101451676,1,9,0,-1,19,7,4,-1,0,2,0,0,0,0,1,1,-1,7,1,17,4,1496,2,7,MINI COOPER,10,E01008724,0,1
2024061436110,2024,061436110,1,9,0,-1,1,8,4,-1,9,0,0,0,0,0,2,1,-1,9,2,56,9,1998,1,1,MINI COOPER,9,E01004810,0,1
2024421474958,2024,421474958,1,9,0,-1,19,3,7,-1,0,0,2,0,2,0,1,1,-1,9,1,41,7,1598,1,21,MINI COOPER,4,E01021849,0,4
2024161493624,2024,161493624,1,9,0,-1,19,2,6,-1,0,0,0,0,0,0,1,1,-1,9,2,68,10,1499,1,1,MINI COOPER,9,E01013243,0,1
2024421422403,2024,421422403,1,9,0,-1,19,1,3,-1,0,0,0,0,0,0,4,1,-1,9,2,37,7,1598,1,21,MINI COOPER,7,E01021900,0,1
2024991409783,2024,991409783,1,9,0,-1,19,2,5,-1,0,1,0,0,0,0,1,1,-1,9,2,20,4,1499,1,5,MINI COOPER,9,-1,0,3
2024131405545,2024,131405545,1,9,0,-1,19,3,7,-1,0,2,0,0,0,0,0,1,-1,9,1,65,9,1499,1,5,MINI COOPER,10,E01010697,0,1
2024991526792,2024,991526792,1,9,0,-1,19,6,2,-1,0,0,0,0,0,0,3,1,-1,9,2,78,11,1598,1,12,MINI COOPER,10,-1,0,1
2024351530705,2024,351530705,1,9,0,-1,19,1,5,-1,0,0,0,0,1,0,1,1,-1,6,2,36,7,1496,2,8,MINI COOPER,2,E01035539,0,1
2024320274882,2024,320274882,1,9,0,-1,-1,5,1,0,0,1,0,0,1,10,1,1,6,6,1,19,4,1598,1,18,MINI COOPER,2,E01026312,0,1
2024101428583,2024,101428583,2,9,0,-1,19,1,5,-1,0,0,0,0,0,0,3,9,-1,6,2,23,5,1499,1,5,MINI COOPER,8,E01008287,0,2
2024101467559,2024,101467559,1,9,0,-1,19,5,1,-1,0,2,0,0,0,0,1,1,-1,6,2,29,6,1998,1,9,MINI COOPER,9,E01027526,0,1
2024111404652,2024,111404652,3,9,0,-1,19,4,6,-1,0,0,0,0,0,0,1,1,-1,2,2,60,9,1998,1,3,MINI COOPER,5,E01020815,0,1
2024010534218,2024,010534218,1,9,0,18,19,5,1,0,0,8,0,0,0,0,0,1,6,6,1,45,7,1499,1,1,MINI COOPER,6,E01003359,0,1
2024340NN3672,2024,340NN3672,1,9,0,-1,19,7,3,-1,0,0,1,0,0,0,1,1,-1,9,2,68,10,1598,1,11,MINI COOPER,6,E01027090,0,1
2024010530228,2024,010530228,1,9,0,10,10,5,2,0,0,1,0,0,0,0,1,1,6,6,2,24,5,1499,1,9,MINI COOPER,6,E01002910,0,1
2024332400170,2024,332400170,2,9,0,-1,2,0,0,-1,0,0,0,0,0,0,3,1,-1,6,3,-1,-1,1598,2,12,MINI COOPER,-1,-1,0,-1
2024991421140,2024,991421140,1,9,0,-1,3,3,8,-1,0,4,0,0,0,0,2,1,-1,2,2,43,7,1598,1,15,MINI COOPER,8,-1,0,3
2024010490712,2024,010490712,2,9,0,7,7,1,3,0,0,1,0,0,0,0,3,1,6,6,1,23,5,1998,1,5,MINI COOPER,8,E01000253,0,3
2024010542717,2024,010542717,3,9,0,18,19,7,3,0,0,0,1,0,0,0,1,1,6,6,2,44,7,1499,1,3,MINI COOPER,5,E01004591,0,4
2024010502302,2024,010502302,1,9,0,99,99,9,9,99,99,9,9,99,9,99,1,9,6,6,1,22,5,1598,1,13,MINI COOPER,9,E01002415,0,1
2024010491493,2024,010491493,1,9,0,9,9,7,5,0,0,8,0,0,0,0,4,1,6,6,1,19,4,1499,1,1,MINI COOPER,4,E01001465,0,1
2024440488431,2024,440488431,1,9,0,10,10,8,4,0,0,1,0,0,0,0,3,1,6,6,2,58,9,1598,2,11,MINI COOPER,10,E01022729,0,1
2024430200820,2024,430200820,1,9,0,8,8,2,5,0,0,8,0,0,0,0,2,1,1,1,2,59,9,1598,1,11,MINI COOPER,10,E01034711,0,4
2024451478976,2024,451478976,2,9,0,-1,3,1,5,-1,0,0,0,0,0,0,2,9,-1,9,2,29,6,1499,1,0,MINI COOPER,8,E01030302,0,1
2024531476813,2024,531476813,1,9,0,-1,5,1,5,-1,5,6,0,0,0,0,1,1,-1,6,3,-1,-1,1499,1,10,MINI COOPER,-1,-1,0,-1
2024501461407,2024,501461407,3,9,0,-1,19,7,3,-1,0,2,1,10,0,0,4,1,-1,9,2,53,8,1560,2,15,MINI COOPER,5,E01020177,0,4
2024451429814,2024,451429814,1,9,0,-1,19,1,5,-1,0,5,0,0,0,0,4,1,-1,9,2,47,8,1499,1,4,MINI COOPER,9,E01030313,0,1
2024061511534,2024,061511534,2,9,0,-1,15,6,2,-1,0,0,0,0,0,0,0,1,-1,9,1,24,5,1998,1,5,MINI COOPER,1,E01004818,0,3
2024101530356,2024,101530356,1,9,0,-1,9,8,2,-1,0,8,0,0,0,0,3,1,-1,2,1,23,5,-1,3,1,MINI COOPER,9,E01008520,0,1
2024141449663,2024,141449663,1,9,0,-1,19,6,8,-1,9,0,0,11,0,0,1,1,-1,6,1,34,6,1598,1,20,MINI COOPER,7,E01032924,0,1
2024991444010,2024,991444010,1,9,0,-1,7,7,3,-1,0,8,0,0,0,0,4,1,-1,9,2,29,6,1560,2,14,MINI COOPER,4,-1,0,1
2024520402026,2024,520402026,2,9,0,18,19,5,1,0,0,8,0,0,0,0,3,1,6,6,2,67,10,1598,2,11,MINI COOPER,7,E01029056,0,1
2024371463745,2024,371463745,1,9,0,-1,9,2,8,-1,0,8,0,0,0,0,1,1,-1,6,2,30,6,1560,2,14,MINI COOPER,5,E01033042,0,4
2024430169516,2024,430169516,2,9,0,18,19,4,8,2,2,1,0,0,0,0,3,1,6,6,1,25,5,1499,1,8,MINI COOPER,-1,-1,0,-1
2024141403592,2024,141403592,2,9,0,-1,19,5,1,-1,0,0,0,0,0,0,1,1,-1,2,1,32,6,1496,2,9,MINI COOPER,1,E01007768,0,1
2024101487869,2024,101487869,1,9,0,-1,19,3,7,-1,0,0,0,0,0,0,1,1,-1,6,2,59,9,1499,1,5,MINI COOPER,5,E01035626,0,1
2024430537470,2024,430537470,1,9,0,3,3,4,8,0,0,0,0,0,0,0,2,1,6,6,2,32,6,1499,1,10,MINI COOPER,8,E01033191,0,4
2024052400709,2024,052400709,2,9,0,18,19,7,3,0,0,1,0,0,0,0,1,1,6,6,2,20,4,1499,1,9,MINI COOPER,7,E01007072,0,1
2024010492661,2024,010492661,2,9,9,18,19,7,3,0,0,6,9,99,0,0,9,1,1,1,1,33,6,1499,1,1,MINI COOPER,9,E01023525,0,3
2024010526745,2024,010526745,1,9,0,10,10,5,2,0,0,5,0,0,0,0,3,1,6,6,1,43,7,-1,3,2,MINI COOPER,3,E01004725,0,1
2024221451497,2024,221451497,2,9,0,-1,3,7,3,-1,0,1,0,0,0,0,2,9,-1,6,2,34,6,1499,1,3,MINI COOPER,8,E01032373,0,3
2024141420966,2024,141420966,1,9,0,-1,19,4,8,-1,9,0,0,0,1,1,1,1,-1,6,1,28,6,1598,1,20,MINI COOPER,6,E01007830,0,3
2024451489188,2024,451489188,2,9,0,-1,9,1,7,-1,0,6,0,0,0,0,1,1,-1,9,2,20,4,1598,1,21,MINI COOPER,5,E01030433,0,1
2024440233075,2024,440233075,2,9,0,18,19,3,7,0,0,2,0,0,0,0,3,1,6,6,1,29,6,1598,1,14,MINI COOPER,5,E01017113,0,1
2024031508325,2024,031508325,2,9,0,-1,19,1,5,-1,0,2,0,0,0,0,1,1,-1,6,2,55,8,1499,1,10,MINI COOPER,3,E01019126,0,1
2024010518527,2024,010518527,6,9,0,2,2,0,0,0,0,1,0,0,0,0,3,1,6,6,3,-1,-1,1998,1,3,MINI COOPER,-1,-1,0,-1
2024549826924,2024,549826924,2,9,0,18,19,2,6,0,0,0,0,0,0,0,2,1,6,6,2,19,4,1998,1,3,MINI COOPER,3,E01031963,0,2
2024010527888,2024,010527888,1,9,0,18,19,5,1,0,0,2,0,0,0,0,1,1,2,2,1,64,9,1598,1,15,MINI COOPER,5,E01017923,0,4
2024201499785,2024,201499785,3,9,0,-1,15,2,6,-1,0,1,0,0,0,0,2,1,-1,6,1,61,9,1598,1,22,MINI COOPER,1,E01009303,0,2
2024320494126,2024,320494126,3,9,0,9,9,4,8,0,0,5,0,0,0,0,2,1,-1,-1,2,59,9,1499,1,8,MINI COOPER,6,E01034687,0,2
2024201473389,2024,201473389,2,9,0,-1,9,8,2,-1,0,8,0,0,0,0,4,1,-1,9,2,19,4,1499,1,2,MINI COOPER,9,E01010227,0,3
2024111517736,2024,111517736,4,9,0,-1,2,0,0,-1,9,1,0,0,0,0,2,1,-1,6,-1,-1,-1,1499,1,3,MINI COOPER,-1,-1,0,-1
2024440511992,2024,440511992,2,9,0,18,19,1,5,0,0,0,0,0,0,0,1,1,6,6,1,18,4,1598,1,21,MINI COOPER,5,E01023063,0,1
2024070920729,2024,070920729,2,9,0,-1,4,4,8,-1,0,4,0,0,0,0,2,1,-1,2,2,51,8,-1,3,2,MINI COOPER,8,E01018703,0,1
2024411406481,2024,411406481,2,9,0,-1,19,7,3,-1,0,0,0,0,0,0,3,9,-1,9,1,20,4,1598,1,21,MINI COOPER,6,E01021894,0,4
2024070407071,2024,070407071,2,9,0,5,5,2,6,0,0,0,0,0,0,0,1,1,6,6,1,60,9,1499,1,9,MINI COOPER,3,E01018402,0,1
2024161417540,2024,161417540,1,9,0,-1,19,2,6,-1,0,6,0,0,7,4,4,1,-1,9,2,54,8,1995,2,11,MINI COOPER,4,E01013019,0,3
2024041405474,2024,041405474,1,9,0,-1,19,3,7,-1,0,0,0,0,0,0,3,1,-1,7,2,44,7,1995,2,8,MINI COOPER,7,E01012636,0,1
2024471496799,2024,471496799,1,9,0,-1,19,3,7,-1,0,2,0,0,0,0,3,1,-1,9,1,30,6,-1,3,4,MINI COOPER,9,E01020945,0,1
2024501400516,2024,501400516,1,9,0,-1,19,6,2,-1,0,0,0,0,0,0,1,1,-1,9,2,79,11,1499,1,10,MINI COOPER,9,E01019907,0,2
2024010510407,2024,010510407,2,9,9,99,99,9,9,99,99,9,9,99,9,99,9,9,6,6,3,-1,-1,1499,1,9,MINI COOPER,-1,-1,0,-1
2024440169010,2024,440169010,2,9,0,18,19,2,6,0,0,1,0,0,0,0,1,1,6,6,1,18,4,1598,1,18,MINI COOPER,8,E01022769,0,2
2024221454156,2024,221454156,1,9,0,-1,19,7,3,-1,0,0,5,4,0,0,1,9,-1,6,2,81,11,1499,1,2,MINI COOPER,7,E01032136,0,1
2024122400723,2024,122400723,1,9,0,18,19,2,6,0,0,0,0,12,0,0,1,1,6,6,2,71,10,1598,1,15,MINI COOPER,9,E01027882,0,1
2024101499069,2024,101499069,1,9,0,-1,19,1,5,-1,0,1,0,0,0,0,1,1,-1,6,2,63,9,1499,1,8,MINI COOPER,1,E01008575,0,1
2024471422982,2024,471422982,1,9,0,-1,19,7,3,-1,0,3,0,0,0,0,4,1,-1,9,1,43,7,1499,1,8,MINI COOPER,7,E01034829,0,1
2024101519114,2024,101519114,1,9,0,-1,9,3,7,-1,0,8,0,0,0,0,1,1,-1,6,1,38,7,1499,1,3,MINI COOPER,10,E01008355,0,1
2024122401272,2024,122401272,2,9,0,4,4,5,1,0,0,1,0,0,0,0,1,1,6,6,2,63,9,1998,1,6,MINI COOPER,5,E01034969,0,4
2024351452082,2024,351452082,1,9,0,-1,19,5,1,-1,0,0,0,0,1,0,4,1,-1,9,1,60,9,1998,1,6,MINI COOPER,2,E01018097,0,4
2024010521935,2024,010521935,1,9,0,18,19,3,7,0,0,0,1,11,6,1,2,1,6,6,1,20,4,1598,1,18,MINI COOPER,6,E01000407,0,1
2024010526458,2024,010526458,1,9,0,99,99,9,9,99,99,9,9,99,9,99,2,9,6,6,2,31,6,1998,1,6,MINI COOPER,6,E01003703,0,1
2024061533415,2024,061533415,2,9,0,-1,19,6,2,-1,0,0,0,0,0,0,1,1,-1,9,1,21,5,1499,1,0,MINI COOPER,1,E01005430,0,1
2024010488385,2024,010488385,1,9,0,4,4,1,5,0,0,1,0,0,0,0,1,1,6,6,1,46,8,1499,1,10,MINI COOPER,8,E01000311,0,3
2024371452989,2024,371452989,1,9,0,-1,19,5,1,-1,0,0,1,0,1,0,4,1,-1,9,1,26,6,1560,2,14,MINI COOPER,4,E01029927,0,3