collision_index,collision_year,collision_ref_no,vehicle_reference,vehicle_type,towing_and_articulation,vehicle_manoeuvre_historic,vehicle_manoeuvre,vehicle_direction_from,vehicle_direction_to,vehicle_location_restricted_lane_historic,vehicle_location_restricted_lane,junction_location,skidding_and_overturning,hit_object_in_carriageway,vehicle_leaving_carriageway,hit_object_off_carriageway,first_point_of_impact,vehicle_left_hand_drive,journey_purpose_of_driver_historic,journey_purpose_of_driver,sex_of_driver,age_of_driver,age_band_of_driver,engine_capacity_cc,propulsion_code,age_of_vehicle,generic_make_model,driver_imd_decile,lsoa_of_driver,escooter_flag,driver_distance_banding
2024131509483,2024,131509483,2,9,0,-1,19,8,4,-1,0,8,0,0,0,0,1,1,-1,6,2,24,5,1499,1,8,MINI COOPER,7,E01007356,0,4
2024010522024,2024,010522024,2,9,0,99,99,9,9,99,99,9,9,99,9,99,9,9,6,6,3,-1,-1,1598,1,12,MINI COOPER,-1,-1,0,-1
2024421523813,2024,421523813,3,9,0,-1,19,5,1,-1,0,0,0,0,0,0,3,1,-1,9,2,60,9,1998,1,5,MINI COOPER,5,E01021388,0,1
2024211429316,2024,211429316,3,9,0,-1,4,4,6,-1,0,0,0,0,0,0,0,9,-1,1,2,40,7,1499,1,8,MINI COOPER,7,E01029369,0,2
2024552400946,2024,552400946,2,9,0,9,9,4,2,0,0,5,0,0,0,0,3,1,6,6,2,77,11,1499,1,8,MINI COOPER,7,E01015418,0,1
2024332400373,2024,332400373,2,9,0,-1,19,2,6,-1,0,1,0,0,0,0,1,1,-1,6,1,-1,-1,1998,1,7,MINI COOPER,-1,-1,0,-1
2024991434990,2024,991434990,1,9,0,-1,19,2,5,-1,0,0,1,0,0,0,1,2,-1,9,1,19,4,1995,2,11,MINI COOPER,6,-1,0,1
2024010538824,2024,010538824,1,9,0,-1,-1,7,3,0,0,1,0,4,0,0,4,1,6,6,1,40,7,1598,1,22,MINI COOPER,-1,-1,0,-1
2024430228247,2024,430228247,2,9,0,18,19,3,7,0,0,0,0,0,0,0,3,1,6,6,2,46,8,1499,1,6,MINI COOPER,9,E01016263,0,1
2024471514276,2024,471514276,2,9,0,-1,6,5,5,-1,0,0,0,0,0,0,2,1,-1,9,1,27,6,1499,1,5,MINI COOPER,1,E01020992,0,1
2024061530076,2024,061530076,1,9,0,-1,19,1,5,-1,0,1,0,0,0,0,1,1,-1,6,2,57,9,1499,1,5,MINI COOPER,4,E01005971,0,1
2024440554619,2024,440554619,2,9,0,18,19,5,1,0,0,1,0,0,0,0,2,1,6,6,2,49,8,1600,1,13,MINI COOPER,7,E01022918,0,2
2024122400903,2024,122400903,2,9,0,9,9,6,8,0,0,6,0,0,0,0,1,1,6,6,2,55,8,1560,2,16,MINI COOPER,4,W01000419,0,5
2024461414050,2024,461414050,2,9,0,-1,19,7,3,-1,0,0,0,0,9,0,4,9,-1,6,1,40,7,1499,1,2,MINI COOPER,5,E01015952,0,2
2024211445465,2024,211445465,1,9,0,-1,5,4,8,-1,0,4,0,0,0,0,1,9,-1,6,1,-1,-1,1598,1,19,MINI COOPER,2,E01029429,0,1
2024471431488,2024,471431488,1,9,0,-1,15,8,4,-1,0,1,0,0,0,0,0,1,-1,9,1,53,8,1499,1,9,MINI COOPER,6,E01031817,0,4
2024552400282,2024,552400282,3,9,0,3,3,8,4,0,0,0,0,0,0,0,2,1,2,2,2,25,5,1499,1,8,MINI COOPER,7,E01020436,0,1
2024461425568,2024,461425568,1,9,0,-1,19,3,7,-1,0,0,1,7,7,0,1,1,-1,6,2,47,8,1598,1,18,MINI COOPER,6,E01000352,0,4
2024010530121,2024,010530121,2,9,0,7,7,5,8,0,0,1,0,0,0,0,1,1,6,6,1,18,4,1598,1,17,MINI COOPER,2,E01004410,0,1
2024201525820,2024,201525820,1,9,0,-1,19,6,2,-1,0,8,5,7,7,1,1,1,-1,9,1,18,4,1598,1,19,MINI COOPER,3,E01009162,0,1
2024122400883,2024,122400883,1,9,0,5,5,1,5,0,0,6,1,0,3,0,3,1,6,6,2,48,8,1499,1,4,MINI COOPER,7,E01013346,0,3
2024552400466,2024,552400466,2,9,0,18,19,2,6,0,0,0,0,0,0,0,1,1,6,6,2,50,8,1598,1,12,MINI COOPER,10,E01015399,0,1
2024302400967,2024,302400967,2,9,0,16,19,1,6,0,0,0,0,0,0,0,3,1,6,6,2,30,6,1598,1,20,MINI COOPER,6,E01030151,0,5
2024543519924,2024,543519924,1,9,0,18,19,4,8,0,0,0,2,0,4,1,1,1,6,6,1,17,4,1560,2,15,MINI COOPER,8,E01015549,0,1
2024010546197,2024,010546197,2,9,0,99,99,9,9,99,99,9,9,99,9,99,9,9,6,6,3,-1,-1,-1,3,3,MINI COOPER,-1,-1,0,-1
2024421411828,2024,421411828,2,9,0,-1,4,1,5,-1,0,4,0,0,0,0,2,1,-1,6,2,23,5,1598,1,17,MINI COOPER,8,E01021407,0,3
2024320469914,2024,320469914,1,9,0,-1,-1,6,2,0,0,0,0,0,1,4,1,1,-1,-1,1,47,8,1598,1,19,MINI COOPER,1,E01013208,0,4
2024201517045,2024,201517045,1,9,0,-1,9,7,5,-1,0,8,0,0,0,0,1,1,-1,6,2,29,6,1499,1,7,MINI COOPER,2,E01010090,0,1
2024421439286,2024,421439286,2,9,0,-1,3,1,5,-1,0,0,5,0,0,0,4,1,-1,9,1,71,10,1598,1,14,MINI COOPER,-1,-1,0,-1
2024471515931,2024,471515931,1,9,0,-1,19,3,7,-1,0,1,0,0,0,0,4,1,-1,2,2,48,8,1598,1,9,MINI COOPER,10,E01021218,0,2
2024070571894,2024,070571894,1,9,0,18,19,5,1,0,0,1,0,0,0,0,1,1,2,2,2,-1,-1,1560,2,17,MINI COOPER,2,E01029809,0,3
2024141448884,2024,141448884,2,9,0,-1,4,5,1,-1,0,0,0,0,0,0,2,1,-1,9,2,38,7,1998,1,1,MINI COOPER,1,E01007721,0,2
2024471534497,2024,471534497,1,9,0,-1,19,2,6,-1,0,0,1,0,1,0,4,1,-1,9,2,24,5,1598,1,21,MINI COOPER,3,E01031492,0,1
2024010536294,2024,010536294,1,9,0,15,15,8,4,0,0,0,0,0,0,0,1,1,2,2,1,32,6,1998,1,8,MINI COOPER,2,E01015828,0,4
2024421464165,2024,421464165,1,9,0,-1,19,3,6,-1,0,0,0,0,4,6,3,1,-1,9,1,55,8,1998,1,1,MINI COOPER,10,E01021545,0,2
2024211408715,2024,211408715,1,9,0,-1,4,3,7,-1,0,0,0,0,0,0,2,1,-1,6,1,28,6,1499,1,3,MINI COOPER,2,E01010559,0,2
2024461401164,2024,461401164,2,9,0,-1,19,7,3,-1,0,3,0,0,0,0,1,9,-1,2,2,48,8,1499,1,4,MINI COOPER,7,E01021902,0,4
2024610011424,2024,610011424,1,9,0,18,19,6,2,0,0,0,0,0,0,0,1,1,6,6,1,33,6,1998,1,0,MINI COOPER,4,W01001337,0,1
2024461442645,2024,461442645,3,9,0,-1,3,3,7,-1,0,0,0,0,0,0,1,1,-1,9,2,23,5,1598,1,13,MINI COOPER,2,E01024257,0,1
2024131470878,2024,131470878,2,9,0,-1,19,1,1,-1,0,8,0,0,0,0,2,1,-1,9,2,21,5,1499,1,8,MINI COOPER,8,E01011710,0,3
2024451493002,2024,451493002,1,9,0,-1,19,6,2,-1,0,1,1,0,1,0,1,1,-1,6,2,57,9,1598,1,10,MINI COOPER,10,E01030447,0,1
2024061470042,2024,061470042,2,9,0,-1,3,7,3,-1,0,2,0,0,0,0,3,1,-1,9,2,62,9,1998,1,4,MINI COOPER,9,E01004884,0,1
2024440210155,2024,440210155,1,9,0,16,19,1,5,0,0,0,0,0,0,0,1,1,6,6,1,19,4,1598,1,21,MINI COOPER,9,E01023281,0,1
2024302400698,2024,302400698,1,9,0,16,19,4,7,0,0,0,0,0,1,0,1,1,6,6,2,57,9,1598,1,20,MINI COOPER,4,E01028260,0,4
2024052402868,2024,052402868,1,9,0,18,19,5,1,0,0,0,0,0,0,0,3,1,6,6,1,78,11,1499,1,7,MINI COOPER,2,E01006464,0,1
2024010504503,2024,010504503,3,9,0,18,19,3,7,0,0,7,5,4,0,0,4,1,6,6,2,34,6,1598,1,17,MINI COOPER,9,E01004546,0,1
2024991406142,2024,991406142,2,9,0,-1,19,5,1,-1,0,1,0,0,0,0,1,1,-1,9,2,30,6,1998,1,9,MINI COOPER,3,-1,0,1
2024440019238,2024,440019238,1,9,0,10,10,8,4,0,0,1,0,0,0,0,2,1,6,6,1,26,6,1598,1,20,MINI COOPER,1,E01015558,0,4
2024031475561,2024,031475561,1,9,0,-1,19,1,5,-1,0,0,5,0,0,0,1,1,-1,2,2,18,4,1598,1,19,MINI COOPER,8,E01019390,0,4
2024041530524,2024,041530524,2,9,0,-1,2,0,0,-1,0,0,0,0,0,0,2,1,-1,6,2,33,6,1598,1,18,MINI COOPER,7,E01025507,0,1
2024451528762,2024,451528762,1,9,0,-1,19,3,7,-1,0,1,0,0,0,0,1,1,-1,9,2,-1,-1,1499,1,8,MINI COOPER,10,E01030480,0,1
2024440246025,2024,440246025,1,9,0,18,19,7,3,0,0,0,0,0,0,0,1,1,6,6,1,39,7,1600,1,13,MINI COOPER,10,E01022629,0,1
2024622400464,2024,622400464,2,9,0,5,5,4,2,0,0,1,0,0,0,0,1,1,2,2,2,21,5,1995,2,8,MINI COOPER,10,W01001197,0,3
2024201405504,2024,201405504,2,9,0,-1,3,4,8,-1,0,2,0,0,0,0,2,1,-1,2,2,47,8,1496,2,8,MINI COOPER,1,E01009495,0,2
2024311483084,2024,311483084,1,9,0,-1,19,5,1,-1,0,1,1,0,7,0,1,1,-1,9,1,64,9,1499,1,2,MINI COOPER,-1,-1,0,-1
2024211470158,2024,211470158,2,9,0,-1,2,0,0,-1,0,0,0,0,0,0,2,1,-1,9,2,-1,-1,1499,1,4,MINI COOPER,3,E01014364,0,2
2024547195824,2024,547195824,2,9,0,18,19,1,5,0,0,8,0,0,0,0,1,1,2,2,2,60,9,1499,1,1,MINI COOPER,10,E01031907,0,2
2024302400663,2024,302400663,1,9,0,18,19,1,5,0,0,8,0,0,0,0,1,2,6,6,2,53,8,1499,1,8,MINI COOPER,-1,-1,0,-1
2024631508252,2024,631508252,1,9,0,-1,19,4,8,-1,0,0,1,0,1,4,1,1,-1,9,1,47,8,1560,2,16,MINI COOPER,8,E01028937,0,3
2024411417166,2024,411417166,2,9,0,-1,4,5,1,-1,0,0,0,0,0,0,1,1,-1,6,2,23,5,1499,1,1,MINI COOPER,10,E01023524,0,3
2024122400727,2024,122400727,4,9,0,18,19,7,3,0,0,0,0,0,0,0,1,1,6,6,2,32,6,1998,1,5,MINI COOPER,9,E01013362,0,4
2024401452481,2024,401452481,1,9,-1,-1,-1,-1,-1,-1,-1,-1,-1,-1,-1,0,-1,9,-1,6,2,44,7,1499,1,5,MINI COOPER,9,E01017398,0,1
2024311444313,2024,311444313,1,9,0,-1,19,4,8,-1,0,0,0,7,0,0,3,2,-1,2,1,30,6,1499,1,2,MINI COOPER,-1,-1,0,-1
2024111524528,2024,111524528,4,9,0,-1,19,5,1,-1,0,0,0,0,0,0,1,1,-1,6,1,66,10,1998,1,0,MINI COOPER,8,E01008525,0,4
2024070871060,2024,070871060,2,9,0,-1,2,0,0,-1,0,0,0,0,7,0,1,1,-1,6,-1,-1,-1,1496,2,9,MINI COOPER,-1,-1,0,-1
2024351401706,2024,351401706,2,9,0,-1,2,0,0,-1,0,0,0,0,0,0,2,1,-1,2,-1,-1,-1,-1,3,1,MINI COOPER,-1,-1,0,-1
2024302401111,2024,302401111,3,9,0,18,19,5,1,0,0,0,0,7,1,0,1,1,6,6,1,24,5,1998,1,5,MINI COOPER,4,E01013460,0,1
2024520402231,2024,520402231,3,9,0,18,19,7,3,0,0,0,0,0,0,0,1,1,6,6,1,57,9,1598,1,19,MINI COOPER,8,E01028829,0,5
2024471399179,2024,471399179,1,9,0,-1,19,3,7,-1,0,1,1,0,8,11,3,1,-1,2,2,25,5,1598,1,21,MINI COOPER,7,E01031460,0,2
2024991483038,2024,991483038,1,9,0,-1,19,4,1,-1,0,0,0,0,0,0,2,9,-1,9,1,35,6,1598,1,20,MINI COOPER,5,-1,0,1
2024461411616,2024,461411616,2,9,0,-1,3,1,5,-1,0,0,0,4,0,0,2,1,-1,9,2,48,8,1499,1,9,MINI COOPER,4,E01024222,0,3
2024010539396,2024,010539396,2,9,0,10,10,6,4,0,0,2,0,0,0,0,1,1,2,2,1,62,9,1590,1,15,MINI COOPER,6,E01001073,0,1
2024371502442,2024,371502442,2,9,0,-1,10,7,4,-1,0,1,0,0,0,0,1,1,-1,6,2,64,9,1998,1,5,MINI COOPER,6,E01030057,0,1
2024340WN6542,2024,340WN6542,3,9,0,-1,2,0,0,-1,0,2,0,0,0,0,3,1,-1,6,3,-1,-1,1598,1,19,MINI COOPER,-1,-1,0,-1
2024451436295,2024,451436295,2,9,0,-1,19,1,5,-1,0,2,0,11,5,1,1,1,-1,2,2,49,8,1598,1,20,MINI COOPER,9,E01030602,0,2
2024010530802,2024,010530802,2,9,0,9,9,9,9,99,99,9,9,99,9,99,9,9,6,6,3,-1,-1,1598,1,18,MINI COOPER,-1,-1,0,-1
2024440217865,2024,440217865,2,9,0,18,19,5,1,0,0,8,0,0,0,0,4,1,1,1,2,55,8,1598,1,12,MINI COOPER,2,E01017052,0,1
2024010520870,2024,010520870,2,9,0,9,9,7,5,0,0,1,0,0,0,0,1,1,1,1,2,23,5,1499,1,1,MINI COOPER,2,E01034190,0,1
2024461518444,2024,461518444,1,9,0,-1,19,1,5,-1,0,0,1,0,7,11,1,1,-1,6,1,41,7,1998,1,5,MINI COOPER,5,E01024452,0,1
2024201433729,2024,201433729,1,9,0,-1,19,2,6,-1,0,8,0,10,1,0,1,9,-1,9,2,49,8,1598,1,20,MINI COOPER,9,E01009727,0,2
2024501530200,2024,501530200,1,9,0,-1,19,4,8,-1,0,1,0,0,2,0,4,1,-1,9,2,22,5,1598,1,17,MINI COOPER,3,E01019028,0,2
2024421470889,2024,421470889,1,9,0,-1,19,4,4,-1,0,0,0,0,0,0,1,1,-1,6,2,52,8,1499,1,7,MINI COOPER,5,E01015901,0,1
2024610008024,2024,610008024,1,9,0,5,5,5,1,0,0,4,0,4,0,0,1,1,6,6,2,51,8,1499,1,3,MINI COOPER,6,W01001382,0,1
2024520401116,2024,520401116,2,9,0,18,19,5,1,0,0,0,0,0,0,0,1,1,6,6,2,73,10,1998,1,2,MINI COOPER,4,E01029334,0,1
2024070957180,2024,070957180,1,9,0,-1,19,1,5,-1,0,0,0,0,0,0,1,1,-1,6,2,27,6,1499,1,4,MINI COOPER,9,E01018684,0,1
2024340WN5722,2024,340WN5722,1,9,0,-1,9,5,3,-1,0,8,1,0,0,0,1,1,-1,6,2,49,8,1499,1,1,MINI COOPER,8,E01032985,0,2
2024610002524,2024,610002524,1,9,0,18,19,3,7,0,0,0,5,0,2,4,1,1,6,6,1,28,6,1598,1,18,MINI COOPER,1,W01001691,0,4
2024461401317,2024,461401317,1,9,0,-1,19,5,1,-1,0,1,1,0,1,0,1,9,-1,6,2,32,6,1598,1,18,MINI COOPER,4,E01021114,0,2
2024010530126,2024,010530126,1,9,0,16,19,5,1,0,0,0,2,10,0,0,3,1,6,6,1,19,4,1598,1,19,MINI COOPER,6,E01004137,0,1
2024361418796,2024,361418796,2,9,0,-1,10,6,5,-1,0,5,0,0,1,0,4,1,-1,6,2,62,9,1598,1,11,MINI COOPER,5,E01026727,0,1
2024440561588,2024,440561588,1,9,0,3,3,7,3,0,0,0,0,0,0,0,2,1,6,6,2,69,10,1598,1,19,MINI COOPER,6,E01023046,0,3
2024070678601,2024,070678601,2,9,0,2,2,0,0,0,0,0,0,0,0,0,2,1,6,6,2,26,6,1499,1,9,MINI COOPER,10,E01018362,0,1
2024430589955,2024,430589955,1,9,0,9,9,7,5,0,0,5,0,0,0,0,4,1,3,7,1,50,8,1499,1,5,MINI COOPER,5,E01016371,0,1
2024522401499,2024,522401499,2,9,0,13,13,4,8,0,0,0,1,0,0,0,1,1,6,6,1,19,4,1598,1,20,MINI COOPER,2,E01014640,0,1
2024461461887,2024,461461887,1,9,0,-1,6,4,8,-1,0,0,0,0,0,0,0,1,-1,9,2,31,6,1496,2,9,MINI COOPER,8,E01024063,0,1
2024131515452,2024,131515452,1,9,0,-1,9,8,2,-1,0,2,0,0,0,0,1,1,-1,2,2,49,8,1598,1,19,MINI COOPER,1,E01011504,0,1
2024471518434,2024,471518434,1,9,0,-1,19,3,7,-1,0,1,0,0,0,0,1,1,-1,9,1,66,10,1499,1,9,MINI COOPER,8,E01016929,0,1
2024010533834,2024,010533834,2,9,0,3,3,5,1,0,0,0,0,0,0,0,2,1,6,6,2,67,10,1499,1,8,MINI COOPER,1,E01002907,0,1
2024010545000,2024,010545000,2,9,9,18,19,9,9,99,99,9,9,99,9,99,9,9,6,6,3,-1,-1,1499,1,2,MINI COOPER,-1,-1,0,-1
2024461447982,2024,461447982,1,9,0,-1,19,7,3,-1,0,0,0,0,0,0,4,1,-1,7,1,18,4,1598,1,18,MINI COOPER,8,E01024750,0,1
2024320732638,2024,320732638,2,9,0,4,4,6,2,0,0,0,0,0,0,0,2,1,6,6,2,22,5,1499,1,5,MINI COOPER,8,E01028327,0,4
2024411462581,2024,411462581,2,9,0,-1,19,1,5,-1,0,1,0,0,0,0,1,1,-1,6,1,40,7,1598,1,14,MINI COOPER,2,E01035571,0,1
2024421416635,2024,421416635,1,9,0,-1,19,1,1,-1,0,0,2,0,0,0,4,9,-1,2,2,36,7,1598,1,16,MINI COOPER,9,E01022080,0,2
2024010522883,2024,010522883,2,9,0,99,99,9,9,99,99,9,9,99,9,99,9,9,6,6,3,-1,-1,1499,1,8,MINI COOPER,10,E01002934,0,2
2024041531944,2024,041531944,1,9,0,-1,7,5,7,-1,0,2,0,0,1,0,1,1,-1,2,2,56,9,1499,1,7,MINI COOPER,7,E01012602,0,3
2024010530503,2024,010530503,2,9,9,3,3,3,7,0,0,1,9,99,9,99,9,9,6,6,1,68,10,1499,1,6,MINI COOPER,3,E01016975,0,4
2024211461959,2024,211461959,2,9,0,-1,19,3,7,-1,0,0,0,0,0,0,2,1,-1,9,2,56,9,1998,1,7,MINI COOPER,8,E01029370,0,3
2024111455323,2024,111455323,2,9,0,-1,3,8,4,-1,0,1,0,0,0,0,2,1,-1,6,2,24,5,1995,2,11,MINI COOPER,9,E01020666,0,3
2024122400199,2024,122400199,1,9,0,17,19,7,3,0,0,0,1,0,1,0,1,1,6,6,1,43,7,1598,1,19,MINI COOPER,8,E01027753,0,2
2024221471295,2024,221471295,2,9,0,-1,19,7,2,-1,0,0,0,0,0,0,1,1,-1,6,2,45,7,1998,1,8,MINI COOPER,8,E01032439,0,1
2024361470763,2024,361470763,1,9,0,-1,19,3,7,-1,0,0,0,0,0,0,1,1,-1,9,2,51,8,1598,1,22,MINI COOPER,2,E01026865,0,1
2024522401297,2024,522401297,1,9,0,18,19,8,4,0,0,1,0,0,7,4,1,1,6,6,1,30,6,1499,1,8,MINI COOPER,8,E01014847,0,1
2024201433901,2024,201433901,1,9,0,-1,19,5,1,-1,0,8,0,0,0,0,1,1,-1,9,1,47,8,1598,1,23,MINI COOPER,2,E01009872,0,1
2024010537259,2024,010537259,1,9,0,5,5,1,5,0,0,8,0,0,0,0,1,1,2,2,1,37,7,1598,1,18,MINI COOPER,-1,-1,0,-1
2024131403768,2024,131403768,2,9,0,-1,19,5,1,-1,0,0,0,0,0,0,4,1,-1,2,1,35,6,1499,1,5,MINI COOPER,10,E01011380,0,1
2024631477360,2024,631477360,2,9,0,-1,4,2,6,-1,0,0,0,0,0,0,2,1,-1,2,1,57,9,1499,1,3,MINI COOPER,7,W01000663,0,1
2024131534698,2024,131534698,2,9,0,-1,19,5,3,-1,0,0,0,0,0,0,2,1,-1,6,2,27,6,1496,2,9,MINI COOPER,4,E01007360,0,1
2024451501797,2024,451501797,1,9,0,-1,19,1,5,-1,9,0,0,10,0,0,1,1,-1,6,2,76,11,1499,1,9,MINI COOPER,10,E01015455,0,5
2024320052323,2024,320052323,1,9,0,-1,-1,6,2,0,0,0,0,0,1,0,1,1,6,6,2,56,9,1598,1,14,MINI COOPER,5,E01026241,0,1
2024332400943,2024,332400943,1,9,0,-1,19,1,5,-1,0,0,0,0,0,0,2,1,-1,2,2,38,7,1998,1,5,MINI COOPER,3,E01025997,0,1
2024041559504,2024,041559504,3,9,0,-1,19,5,1,-1,0,0,0,0,0,0,1,1,-1,2,2,23,5,1499,1,3,MINI COOPER,7,E01025361,0,4
2024440229657,2024,440229657,1,9,0,18,19,2,6,0,0,1,0,0,0,0,3,1,6,6,2,44,7,1995,2,12,MINI COOPER,10,E01022698,0,4
2024041400380,2024,041400380,1,9,0,-1,19,3,7,-1,0,0,0,0,0,0,1,1,-1,6,1,38,7,1598,1,18,MINI COOPER,4,E01033281,0,1
2024311505918,2024,311505918,1,9,0,-1,5,8,8,-1,0,4,0,0,0,0,2,1,-1,9,1,39,7,1499,1,7,MINI COOPER,7,E01033394,0,1
2024041436358,2024,041436358,2,9,0,-1,19,3,7,-1,0,8,0,0,0,0,3,1,-1,9,2,21,5,1496,2,6,MINI COOPER,2,E01012576,0,1
2024991481022,2024,991481022,1,9,0,-1,19,2,6,-1,0,0,1,0,1,0,4,1,-1,9,1,53,8,1598,1,18,MINI COOPER,5,-1,0,1
2024461523505,2024,461523505,1,9,0,-1,19,0,0,-1,0,0,0,10,0,0,4,1,-1,9,2,19,4,1598,1,19,MINI COOPER,5,E01024335,0,1
2024010543732,2024,010543732,1,9,0,9,9,2,7,0,0,1,0,0,0,0,1,1,3,7,2,54,8,-1,3,0,-1,7,E01003853,0,1
2024471455619,2024,471455619,1,9,0,-1,19,4,8,-1,0,8,1,0,0,0,3,1,-1,2,1,59,9,-1,3,0,-1,9,E01021223,0,3
2024421525199,2024,421525199,2,11,0,-1,19,7,1,-1,0,0,0,0,0,0,4,1,-1,1,1,63,9,6700,2,11,OPTARE VERSA,2,E01015897,0,2
2024211531531,2024,211531531,1,11,0,-1,4,3,7,-1,0,0,0,0,0,0,1,1,-1,1,1,47,8,6690,2,8,OPTARE VERSA,8,E01019867,0,1
2024451521916,2024,451521916,2,11,0,-1,19,7,3,-1,0,0,0,0,0,0,0,1,-1,1,1,43,7,4249,2,8,OPTARE VERSA,3,E01030578,0,1
2024101406085,2024,101406085,1,11,0,-1,5,5,1,-1,0,0,0,0,0,0,4,9,-1,1,1,40,7,6700,2,13,OPTARE VERSA,2,E01008698,0,1
2024451404180,2024,451404180,1,11,0,-1,19,1,5,-1,0,0,0,0,0,0,4,9,-1,1,2,54,8,6700,2,14,OPTARE VERSA,3,E01023144,0,3
2024041455074,2024,041455074,2,11,0,-1,9,7,1,-1,0,5,0,0,0,0,1,1,-1,1,1,51,8,6690,2,7,OPTARE VERSA,1,E01025215,0,2
2024101520217,2024,101520217,1,11,0,-1,5,0,3,-1,2,0,0,0,0,0,2,1,-1,1,1,32,6,6700,2,14,OPTARE VERSA,8,E01008245,0,2
2024041401489,2024,041401489,3,11,0,-1,19,3,7,-1,2,0,0,0,0,0,1,1,-1,1,1,49,8,6700,2,8,OPTARE VERSA,4,E01012633,0,1
2024622400418,2024,622400418,1,11,0,9,9,5,3,0,0,5,0,0,7,0,1,1,1,1,1,30,6,6690,2,9,OPTARE VERSA,5,W01002040,0,3
2024101418942,2024,101418942,2,11,0,-1,2,1,5,-1,2,0,0,0,0,0,0,1,-1,6,3,-1,-1,6700,2,13,OPTARE VERSA,-1,-1,0,-1
2024421525199,2024,421525199,1,11,0,-1,19,1,7,-1,0,0,0,0,0,0,3,1,-1,1,1,50,8,6700,2,11,OPTARE VERSA,2,E01015844,0,2
202460Q001326,2024,60Q001326,1,11,0,9,9,3,1,0,0,2,0,0,0,0,1,1,1,1,1,53,8,6700,2,10,OPTARE VERSA,-1,-1,0,-1
2024101457053,2024,101457053,2,11,0,-1,19,8,4,-1,0,8,0,0,0,0,0,1,-1,1,1,62,9,6700,2,13,OPTARE VERSA,4,E01008506,0,3
2024101490402,2024,101490402,1,11,0,-1,19,1,5,-1,0,0,0,0,0,0,4,2,-1,1,1,47,8,6700,2,11,OPTARE VERSA,-1,-1,0,-1
2024070879651,2024,070879651,2,11,0,-1,19,8,4,-1,0,0,0,0,0,0,1,1,-1,1,1,61,9,5130,2,7,OPTARE VERSA,-1,-1,0,-1
2024201436708,2024,201436708,4,8,0,-1,3,4,8,-1,0,1,0,0,0,0,0,1,-1,6,1,23,5,1997,2,11,PEUGEOT E7,1,E01009839,0,2
2024501494376,2024,501494376,3,8,0,-1,2,0,0,-1,0,0,0,0,0,0,3,1,-1,6,-1,-1,-1,1997,2,11,PEUGEOT E7,-1,-1,0,-1
2024201498627,2024,201498627,1,8,0,-1,10,7,4,-1,0,1,0,0,0,0,0,1,-1,6,1,42,7,1997,2,7,PEUGEOT E7,-1,-1,0,-1
2024430196833,2024,430196833,2,8,0,9,9,7,6,0,0,5,0,0,0,0,3,1,6,6,1,56,9,1997,2,8,PEUGEOT E7,8,E01017838,0,3
2024141393618,2024,141393618,1,9,0,-1,7,7,1,-1,0,8,0,0,0,0,3,1,-1,1,1,44,7,-1,-1,-1,PEUGEOT E7,2,E01007855,0,1
2024041508554,2024,041508554,1,9,0,-1,9,6,2,-1,1,5,0,0,0,0,1,1,-1,9,1,67,10,-1,-1,-1,PEUGEOT E7,2,E01012642,0,3
2024351441129,2024,351441129,2,8,0,-1,19,7,3,-1,0,0,0,0,0,0,3,1,-1,6,1,50,8,1997,2,11,PEUGEOT E7,10,E01018260,0,3
2024052402043,2024,052402043,2,8,0,18,19,3,7,0,0,1,0,0,8,2,4,1,6,6,1,51,8,1997,2,10,PEUGEOT E7,1,E01007210,0,1
2024541034724,2024,541034724,1,9,0,18,19,6,1,0,0,1,0,0,0,0,1,1,6,6,1,48,8,-1,-1,-1,PEUGEOT E7,6,E01015574,0,1
2024332400972,2024,332400972,1,9,0,-1,2,0,0,-1,0,0,0,0,0,0,1,1,-1,6,1,58,9,-1,-1,-1,PEUGEOT E7,4,E01013662,0,1
2024061483257,2024,061483257,1,8,0,-1,19,3,7,-1,0,5,5,0,0,0,3,1,-1,1,1,41,7,1997,2,12,PEUGEOT E7,6,E01006157,0,2
2024052400382,2024,052400382,4,8,0,18,19,5,1,0,0,0,0,0,0,0,2,1,1,1,1,62,9,1997,2,8,PEUGEOT E7,1,E01006672,0,3
2024991489833,2024,991489833,1,8,0,-1,9,2,8,-1,0,1,0,0,0,0,3,1,-1,6,1,60,9,1997,2,8,PEUGEOT E7,8,-1,0,2
2024610032024,2024,610032024,2,9,0,18,19,3,7,0,0,0,0,0,0,0,4,1,6,6,1,51,8,-1,-1,-1,PEUGEOT E7,1,W01001692,0,1
2024501453725,2024,501453725,1,2,0,-1,19,1,5,-1,0,0,1,0,0,0,1,1,-1,2,1,17,4,49,1,7,PEUGEOT SPEEDFIGHT,5,E01020030,0,3