collision_index,collision_year,collision_ref_no,vehicle_reference,vehicle_type,towing_and_articulation,vehicle_manoeuvre_historic,vehicle_manoeuvre,vehicle_direction_from,vehicle_direction_to,vehicle_location_restricted_lane_historic,vehicle_location_restricted_lane,junction_location,skidding_and_overturning,hit_object_in_carriageway,vehicle_leaving_carriageway,hit_object_off_carriageway,first_point_of_impact,vehicle_left_hand_drive,journey_purpose_of_driver_historic,journey_purpose_of_driver,sex_of_driver,age_of_driver,age_band_of_driver,engine_capacity_cc,propulsion_code,age_of_vehicle,generic_make_model,driver_imd_decile,lsoa_of_driver,escooter_flag,driver_distance_banding
2024131491364,2024,131491364,1,9,0,-1,-1,-1,-1,-1,-1,0,-1,-1,-1,-1,-1,1,-1,6,3,-1,-1,999,1,0,SKODA KAMIQ,-1,-1,0,-1
2024010543086,2024,010543086,1,9,0,18,19,8,4,0,0,2,0,0,3,0,1,1,6,6,1,78,11,999,1,2,SKODA KAMIQ,4,E01034185,0,1
2024311520202,2024,311520202,1,9,0,-1,19,2,6,-1,0,0,1,7,0,0,1,1,-1,9,2,25,5,999,1,4,SKODA KAMIQ,8,E01025946,0,2
2024471514302,2024,471514302,3,9,0,-1,19,5,1,-1,0,0,0,0,0,0,3,1,-1,9,2,56,9,999,1,4,SKODA KAMIQ,7,E01016987,0,4
2024201516750,2024,201516750,2,9,0,-1,19,8,4,-1,0,0,0,0,0,0,4,1,-1,9,2,61,9,999,1,3,SKODA KAMIQ,5,E01009247,0,1
2024010531290,2024,010531290,1,9,0,16,19,7,3,0,0,0,0,0,0,0,1,1,6,6,2,18,4,999,1,2,SKODA KAMIQ,2,E01003313,0,1
2024041475883,2024,041475883,5,9,0,-1,2,0,0,-1,0,1,0,0,0,0,1,1,-1,6,-1,-1,-1,1498,1,4,SKODA KAMIQ,-1,-1,0,-1
2024201492062,2024,201492062,1,9,0,-1,15,4,8,-1,0,2,0,4,0,0,3,9,-1,9,1,52,8,999,1,1,SKODA KAMIQ,1,E01009007,0,1
2024471523358,2024,471523358,2,9,0,-1,2,0,0,-1,-1,0,-1,-1,-1,0,-1,9,-1,6,3,-1,-1,999,1,4,SKODA KAMIQ,-1,-1,0,-1
2024122400300,2024,122400300,1,9,0,18,19,5,1,0,0,1,0,0,0,0,4,1,6,6,2,48,8,1498,1,2,SKODA KAMIQ,8,E01007898,0,4
2024211437780,2024,211437780,1,9,-1,-1,19,8,4,-1,-1,0,-1,-1,-1,0,-1,1,-1,6,2,30,6,1498,1,3,SKODA KAMIQ,-1,-1,0,-1
2024440513464,2024,440513464,1,9,0,18,19,3,7,0,0,2,0,0,0,0,1,1,6,6,2,26,6,999,1,1,SKODA KAMIQ,4,E01022957,0,1
2024440165358,2024,440165358,2,9,0,4,4,4,8,0,0,1,0,0,0,0,2,1,6,6,2,71,10,999,1,3,SKODA KAMIQ,10,E01022837,0,1
2024302400253,2024,302400253,2,9,0,1,1,8,6,0,0,8,0,4,0,0,3,1,6,6,2,54,8,999,1,4,SKODA KAMIQ,5,E01019763,0,1
2024361439650,2024,361439650,1,9,0,-1,5,6,2,-1,0,4,0,0,0,0,1,1,-1,6,2,46,8,999,1,4,SKODA KAMIQ,5,E01026776,0,2
2024332400953,2024,332400953,1,9,0,-1,19,3,7,-1,0,0,0,0,0,0,1,1,-1,6,1,18,4,999,1,0,SKODA KAMIQ,6,E01025670,0,1
2024061485411,2024,061485411,1,9,0,-1,9,-1,-1,-1,0,0,0,0,0,0,3,1,-1,2,2,46,8,999,1,4,SKODA KAMIQ,10,E01004901,0,2
2024991527805,2024,991527805,1,9,0,-1,9,8,6,-1,0,7,0,0,0,0,1,1,-1,6,2,72,10,1498,1,4,SKODA KAMIQ,4,-1,0,2
2024361430804,2024,361430804,2,9,0,-1,19,1,5,-1,0,8,0,0,0,0,4,1,-1,6,2,60,9,999,1,3,SKODA KAMIQ,10,E01026836,0,1
2024201438896,2024,201438896,1,9,0,-1,8,2,5,-1,0,0,0,0,0,0,2,1,-1,9,1,93,11,999,1,4,SKODA KAMIQ,1,E01009073,0,1
2024351498918,2024,351498918,1,9,0,-1,19,5,5,-1,0,4,0,0,0,0,1,1,-1,6,1,56,9,999,1,0,SKODA KAMIQ,2,E01035543,0,1
2024471466053,2024,471466053,2,9,0,-1,9,8,7,-1,0,6,0,0,0,0,3,1,-1,6,1,29,6,999,1,1,SKODA KAMIQ,7,E01031398,0,2
2024211485125,2024,211485125,2,9,0,-1,19,1,5,-1,0,0,0,0,0,0,1,1,-1,9,1,30,6,999,1,0,SKODA KAMIQ,-1,-1,0,-1
2024461434414,2024,461434414,2,9,0,-1,20,7,3,-1,0,0,0,0,0,0,3,1,-1,6,2,35,6,1498,1,1,SKODA KAMIQ,4,E01035318,0,1
2024010525419,2024,010525419,1,9,0,9,9,2,7,0,0,1,0,0,0,0,1,1,6,6,1,79,11,999,1,1,SKODA KAMIQ,4,E01004590,0,1
2024631499903,2024,631499903,1,9,0,-1,19,7,3,-1,0,0,0,0,7,0,1,1,-1,6,2,46,8,1498,1,0,SKODA KAMIQ,2,E01010500,0,4
2024440500406,2024,440500406,1,5,0,3,3,7,3,0,0,0,0,0,0,0,2,1,6,6,1,59,9,645,1,15,SUZUKI DL 650,7,E01023219,0,4
2024010531141,2024,010531141,2,5,0,18,19,5,1,0,0,8,5,0,0,0,1,1,2,2,1,65,9,645,1,4,SUZUKI DL 650,4,E01002511,0,1
2024041452182,2024,041452182,1,5,0,-1,19,3,7,-1,0,0,0,0,2,0,4,1,-1,9,1,56,9,645,1,5,SUZUKI DL 650,1,E01006305,0,4
2024311419615,2024,311419615,1,5,0,-1,3,4,8,-1,0,1,0,0,0,0,1,1,-1,1,1,78,11,645,1,1,SUZUKI DL 650,9,E01026223,0,4
2024122401275,2024,122401275,1,5,0,16,19,5,1,0,0,0,0,0,7,9,1,1,6,6,1,77,11,645,1,4,SUZUKI DL 650,6,E01027797,0,4
2024631526460,2024,631526460,1,5,0,-1,19,2,6,-1,0,8,0,0,0,0,1,1,-1,1,1,56,9,645,1,13,SUZUKI DL 650,5,W01000531,0,4
2024471395899,2024,471395899,1,5,0,-1,5,7,3,-1,0,0,0,0,0,0,2,1,-1,2,1,29,6,645,1,1,SUZUKI DL 650,1,E01016866,0,1
2024131428864,2024,131428864,2,3,0,-1,19,5,1,-1,0,1,0,0,0,0,3,1,-1,6,1,40,7,645,1,16,SUZUKI DL 650,1,E01010607,0,1
2024421483542,2024,421483542,1,5,0,-1,7,1,3,-1,0,4,1,0,0,0,4,1,-1,9,1,49,8,645,1,3,SUZUKI DL 650,1,E01002071,0,4
2024101488002,2024,101488002,2,5,0,-1,19,4,8,-1,0,0,5,0,0,0,3,1,-1,6,1,32,6,645,1,17,SUZUKI DL 650,10,E01008421,0,1
2024461509266,2024,461509266,2,5,0,-1,19,5,1,-1,0,3,0,0,0,0,4,1,-1,2,1,28,6,645,1,16,SUZUKI DL 650,2,E01024374,0,1
2024501458023,2024,501458023,2,5,0,-1,19,4,8,-1,0,3,0,0,0,0,2,1,-1,6,2,40,7,645,1,6,SUZUKI DL 650,3,E01015190,0,1
2024010543666,2024,010543666,1,5,0,18,19,1,5,0,0,0,0,0,0,0,1,1,2,2,1,51,8,645,1,12,SUZUKI DL 650,2,E01004055,0,1
2024471394912,2024,471394912,2,5,0,-1,19,5,1,-1,0,1,0,0,0,0,1,1,-1,2,1,56,9,645,1,13,SUZUKI DL 650,3,E01031795,0,1
2024010513831,2024,010513831,1,5,0,18,19,3,7,0,0,0,0,0,0,0,4,1,6,6,1,67,10,645,1,4,SUZUKI DL 650,4,E01000029,0,1
2024471416594,2024,471416594,1,5,0,-1,19,3,7,-1,0,2,0,0,0,0,1,1,-1,6,3,-1,-1,645,1,6,SUZUKI DL 650,-1,-1,0,-1
2024010503500,2024,010503500,1,5,0,99,99,9,9,99,99,9,9,99,9,99,2,1,2,2,1,57,9,645,1,15,SUZUKI DL 650,9,E01000350,0,1
2024070128824,2024,070128824,2,5,0,18,19,7,3,0,0,0,1,0,0,0,2,1,2,2,1,30,6,645,1,3,SUZUKI DL 650,5,E01012478,0,4
2024070402699,2024,070402699,3,5,0,4,4,3,7,0,0,0,0,0,1,9,3,1,6,6,1,78,11,645,1,4,SUZUKI DL 650,10,E01018506,0,4
2024010529898,2024,010529898,1,5,0,13,13,1,5,0,0,8,0,0,0,0,4,1,2,2,1,44,7,645,1,5,SUZUKI DL 650,-1,-1,0,-1
2024061420417,2024,061420417,2,5,0,-1,13,7,3,-1,0,1,0,0,0,0,4,1,-1,6,1,54,8,645,1,1,SUZUKI DL 650,-1,-1,0,-1
2024522401746,2024,522401746,2,3,0,18,19,3,7,0,0,1,0,0,7,9,1,1,6,6,1,60,9,1188,1,21,-1,1,E01014829,0,2
2024520403032,2024,520403032,1,5,0,18,19,4,8,0,0,8,0,0,0,0,1,1,6,6,1,61,9,1180,1,26,-1,6,E01032632,0,1
2024421448864,2024,421448864,1,4,0,-1,13,4,8,-1,0,0,0,0,0,0,1,1,-1,6,1,38,7,1181,1,25,-1,9,E01021619,0,4
2024520500301,2024,520500301,1,5,0,3,3,8,4,0,0,1,0,0,0,0,1,1,6,6,1,67,10,1188,1,21,-1,4,E01029044,0,1
2024401477339,2024,401477339,1,23,0,-1,6,1,5,-1,0,0,0,0,0,0,1,1,-1,6,1,74,10,-1,3,1,-1,7,E01033817,0,2
2024522402535,2024,522402535,2,5,0,18,19,6,2,0,0,0,0,0,0,0,1,1,6,6,1,45,7,999,1,10,-1,4,E01014676,0,1
2024440252439,2024,440252439,1,5,0,18,19,5,1,0,0,0,1,0,0,0,1,1,6,6,1,42,7,1077,1,5,-1,5,E01022666,0,2
2024520402675,2024,520402675,2,5,0,18,19,8,4,0,0,8,0,0,0,0,3,1,6,6,1,60,9,999,1,11,-1,9,E01029260,0,1
2024070753071,2024,070753071,1,19,4,-1,19,1,5,-1,0,0,0,0,0,0,4,1,-1,6,1,21,5,5700,1,14,-1,10,E01018650,0,1
2024010499922,2024,010499922,1,9,0,18,19,7,3,0,0,0,0,0,0,0,3,1,2,2,1,32,6,2992,8,1,-1,3,E01002776,0,1
2024221504911,2024,221504911,1,5,0,-1,19,4,1,-1,0,0,1,0,0,0,3,1,-1,2,1,45,7,582,1,21,-1,1,E01008923,0,1
2024461432682,2024,461432682,1,5,0,-1,9,4,8,-1,0,6,0,0,0,0,0,1,-1,9,1,68,10,582,1,23,-1,9,E01024849,0,4
2024451534503,2024,451534503,1,5,0,-1,19,8,4,-1,0,8,5,0,0,0,3,1,-1,9,1,60,9,582,1,21,-1,4,E01030337,0,2
2024010518921,2024,010518921,1,5,0,99,99,9,9,99,99,9,9,99,9,99,2,1,2,2,1,46,8,582,1,12,-1,8,E01000710,0,3
2024552400169,2024,552400169,1,5,0,13,13,6,2,0,0,8,0,0,0,0,1,1,6,6,1,70,10,582,1,21,-1,4,E01020488,0,2
2024520402152,2024,520402152,1,4,0,18,19,5,1,0,0,1,0,0,0,0,0,1,6,6,1,19,4,125,1,20,-1,9,E01029260,0,1
2024471526892,2024,471526892,1,3,0,-1,19,1,5,-1,2,0,0,0,0,0,1,1,-1,9,1,25,5,125,1,20,-1,2,E01016911,0,1
2024302401234,2024,302401234,2,3,0,18,19,7,3,0,0,8,0,0,0,0,1,1,2,2,1,21,5,125,1,21,-1,3,E01019484,0,1
2024430387831,2024,430387831,1,4,0,18,19,6,2,0,0,1,0,0,0,0,1,1,2,2,1,59,9,125,1,19,-1,6,E01016556,0,1
2024141450062,2024,141450062,1,3,0,-1,19,4,1,-1,0,1,1,0,0,0,3,1,-1,6,1,26,6,125,1,18,-1,2,E01007796,0,1
2024501395296,2024,501395296,1,3,0,-1,19,7,3,-1,0,8,0,0,0,0,1,1,-1,9,1,17,4,125,1,18,-1,1,E01015058,0,1
2024221454870,2024,221454870,1,17,0,-1,19,2,6,-1,0,0,0,0,0,0,1,9,-1,1,1,16,4,3990,2,21,-1,7,E01032345,0,1
2024070206335,2024,070206335,1,17,0,18,19,3,7,0,0,0,0,0,0,0,1,1,1,1,1,62,9,4400,2,6,-1,6,E01018355,0,2
2024111520918,2024,111520918,1,17,0,-1,1,5,1,-1,0,0,5,0,0,0,2,1,-1,6,1,32,6,4233,2,21,-1,2,E01020838,0,3
2024101409614,2024,101409614,2,17,0,-1,19,1,5,-1,0,0,0,0,1,0,3,1,-1,1,1,59,9,-1,2,25,-1,9,E01027507,0,1
2024522500114,2024,522500114,1,17,0,18,19,3,7,0,0,0,0,0,0,0,3,1,6,6,1,83,11,4400,2,19,-1,8,E01014766,0,1
2024201478782,2024,201478782,1,20,0,-1,19,7,7,-1,0,0,0,0,0,0,1,1,-1,1,1,54,8,-1,-1,-1,-1,2,E01010204,0,2
2024461439943,2024,461439943,1,17,5,-1,19,5,1,-1,0,0,0,0,0,0,4,9,-1,6,1,-1,-1,6702,2,15,-1,7,E01024550,0,3
2024131492090,2024,131492090,2,90,0,-1,19,3,7,-1,0,0,0,0,0,0,3,1,-1,9,1,40,7,4400,2,11,-1,6,E01010922,0,1
2024471432835,2024,471432835,1,3,0,-1,19,5,1,-1,0,4,5,0,0,0,4,1,-1,9,1,25,5,125,1,6,-1,8,E01031698,0,1
2024332400574,2024,332400574,1,3,0,-1,19,4,8,-1,0,0,1,0,0,0,1,1,-1,9,1,27,6,125,1,6,-1,2,E01019877,0,1
2024440208401,2024,440208401,1,3,0,18,19,6,2,0,0,0,0,0,0,0,0,1,6,6,1,18,4,125,1,6,-1,5,E01017203,0,1
2024622400085,2024,622400085,1,3,0,18,19,2,7,0,0,8,0,0,0,0,1,1,2,2,1,18,4,125,1,5,-1,6,W01001291,0,1
2024311434946,2024,311434946,1,4,0,-1,13,7,6,-1,0,8,2,0,0,0,0,1,-1,6,1,33,6,124,1,13,-1,3,E01028166,0,2
2024421530858,2024,421530858,1,3,0,-1,19,1,5,-1,0,8,0,0,0,0,1,1,-1,1,1,23,5,125,1,2,-1,-1,-1,0,-1
2024522403444,2024,522403444,2,4,0,18,19,4,8,0,0,1,0,0,0,0,1,1,6,6,1,37,7,125,1,4,-1,7,E01022273,0,2
2024421492420,2024,421492420,2,5,0,-1,15,7,7,-1,0,0,0,0,0,0,3,1,-1,1,1,27,6,798,1,0,-1,7,E01033720,0,2
2024201475140,2024,201475140,2,9,0,-1,9,3,1,-1,0,5,0,0,0,0,1,1,-1,6,2,26,6,1598,8,1,NISSAN JUKE,-1,-1,0,-1
2024991517838,2024,991517838,1,9,0,-1,19,5,1,-1,0,0,0,0,0,0,1,1,-1,9,1,55,8,1461,2,10,NISSAN JUKE,5,-1,0,1
2024010516771,2024,010516771,2,9,0,18,19,3,7,0,0,0,0,0,0,0,3,1,6,6,2,42,7,1197,1,8,NISSAN JUKE,2,E01001128,0,1
2024052402706,2024,052402706,1,9,0,18,19,7,3,0,0,8,0,0,0,0,4,1,6,6,3,-1,-1,1197,1,9,NISSAN JUKE,-1,-1,0,-1
2024041441825,2024,041441825,1,9,0,-1,19,1,5,-1,0,1,0,0,0,0,1,1,-1,9,1,22,5,999,1,0,NISSAN JUKE,1,E01025067,0,2
2024010549071,2024,010549071,1,9,0,99,99,9,9,99,99,9,9,99,9,99,1,9,6,6,3,68,10,1598,1,13,NISSAN JUKE,2,E01003252,0,1
2024131442236,2024,131442236,1,9,0,-1,19,5,1,-1,0,0,0,0,0,0,1,1,-1,6,2,31,6,1598,1,6,NISSAN JUKE,5,E01010948,0,1
2024622400697,2024,622400697,2,9,0,18,19,8,4,0,0,8,0,0,0,0,4,1,6,6,2,27,6,1461,2,13,NISSAN JUKE,10,W01001849,0,2
2024501468597,2024,501468597,1,9,0,-1,19,3,7,-1,0,4,0,0,0,0,3,1,-1,6,2,37,7,999,1,2,NISSAN JUKE,9,E01015105,0,1
2024010519823,2024,010519823,1,9,9,99,99,9,9,0,0,1,0,0,9,0,9,9,6,6,3,46,8,1598,1,12,NISSAN JUKE,2,E01004140,0,1
2024461401005,2024,461401005,1,9,0,-1,19,4,8,-1,0,0,0,0,0,0,4,9,-1,6,1,62,9,1598,1,5,NISSAN JUKE,10,E01024782,0,4
2024141417726,2024,141417726,2,9,0,-1,19,4,1,-1,0,4,0,0,0,0,1,1,-1,2,2,34,6,1598,1,11,NISSAN JUKE,1,E01008018,0,1
2024471455944,2024,471455944,2,9,0,-1,19,6,2,-1,0,2,0,0,0,0,1,9,-1,6,2,61,9,999,1,3,NISSAN JUKE,7,E01031379,0,4
2024440158641,2024,440158641,2,9,0,5,5,2,6,0,0,1,0,0,0,0,1,1,3,7,2,33,6,1598,1,11,NISSAN JUKE,4,E01017277,0,1
2024010532667,2024,010532667,2,9,0,99,99,9,9,99,99,9,9,99,9,99,2,9,6,6,3,-1,-1,1598,1,8,NISSAN JUKE,4,E01032764,0,2
2024010513231,2024,010513231,1,9,0,99,99,9,9,99,99,9,9,99,9,99,1,9,6,6,3,66,10,1197,1,8,NISSAN JUKE,4,E01001903,0,1
2024351462643,2024,351462643,1,9,-1,-1,-1,-1,-1,-1,-1,0,-1,-1,-1,0,-1,9,-1,6,2,30,6,999,1,4,NISSAN JUKE,10,E01035514,0,1
2024471422714,2024,471422714,2,9,0,-1,9,1,7,-1,0,6,0,0,0,0,4,1,-1,6,2,67,10,999,1,2,NISSAN JUKE,4,E01017110,0,3
2024471442947,2024,471442947,4,9,0,-1,19,7,3,-1,0,0,0,0,1,0,1,1,-1,6,2,60,9,1461,2,6,NISSAN JUKE,4,E01031443,0,2
2024131403053,2024,131403053,1,9,0,-1,19,5,1,-1,0,1,0,0,0,0,4,1,-1,6,2,69,10,999,1,2,NISSAN JUKE,2,E01032923,0,1
2024451444226,2024,451444226,4,9,0,-1,3,3,7,-1,0,1,0,0,0,0,4,1,-1,9,2,71,10,999,1,3,NISSAN JUKE,9,E01031706,0,4
2024991440995,2024,991440995,2,9,0,-1,19,3,7,-1,0,0,0,0,0,0,2,1,-1,9,2,41,7,1197,1,10,NISSAN JUKE,3,-1,0,4
2024141517558,2024,141517558,1,9,0,-1,4,2,6,-1,0,1,0,11,0,0,1,1,-1,9,1,55,8,1197,1,9,NISSAN JUKE,1,E01008118,0,1
2024161421770,2024,161421770,2,9,0,-1,19,6,2,-1,0,1,0,0,1,0,1,1,-1,2,2,43,7,1461,2,7,NISSAN JUKE,2,E01013259,0,1
2024010534539,2024,010534539,1,9,0,18,19,7,3,0,0,1,0,0,0,0,1,1,3,7,2,31,6,1598,1,6,NISSAN JUKE,2,E01001574,0,1
2024211483952,2024,211483952,1,9,-1,-1,-1,-1,-1,-1,-1,-1,-1,-1,-1,0,-1,9,-1,6,1,60,9,1461,2,7,NISSAN JUKE,-1,-1,0,-1
2024211416387,2024,211416387,1,9,0,-1,19,2,6,-1,0,0,0,0,0,0,1,1,-1,6,1,42,7,1461,2,9,NISSAN JUKE,2,E01014279,0,1
2024542263624,2024,542263624,3,9,0,18,19,2,6,0,0,0,0,0,0,0,3,1,6,6,2,31,6,1598,1,14,NISSAN JUKE,-1,-1,0,-1
2024010503160,2024,010503160,2,9,0,18,19,1,5,0,0,8,0,0,0,0,4,1,2,2,2,54,8,1598,1,6,NISSAN JUKE,3,E01003520,0,2
2024991492243,2024,991492243,1,9,0,-1,19,3,7,-1,0,0,2,0,1,11,1,1,-1,9,2,24,5,1198,1,7,NISSAN JUKE,2,-1,0,3
2024501439972,2024,501439972,1,9,0,-1,19,7,3,-1,0,0,0,0,0,0,3,1,-1,9,2,78,11,999,1,4,NISSAN JUKE,6,E01015127,0,1
2024010532983,2024,010532983,1,9,0,99,99,9,9,99,99,9,9,99,9,99,9,9,6,6,2,30,6,1598,1,11,NISSAN JUKE,9,E01000451,0,1
2024401420596,2024,401420596,2,9,0,-1,5,1,3,-1,0,3,0,0,0,0,2,1,-1,9,2,33,6,1461,2,9,NISSAN JUKE,7,E01015803,0,1
2024131504910,2024,131504910,2,9,0,-1,19,5,1,-1,0,0,0,0,0,0,1,1,-1,9,2,64,9,1461,2,7,NISSAN JUKE,6,E01011861,0,4
2024010512591,2024,010512591,2,9,0,99,99,9,9,99,99,9,9,99,9,99,9,9,6,6,3,-1,-1,999,1,1,NISSAN JUKE,4,E01004592,0,1
2024311410084,2024,311410084,2,9,0,-1,9,6,4,-1,0,1,0,0,0,0,3,1,-1,2,1,61,9,1598,8,1,NISSAN JUKE,1,E01013959,0,1
2024010516837,2024,010516837,2,9,0,2,2,0,0,0,0,1,0,10,0,0,2,1,6,6,3,-1,-1,1598,1,10,NISSAN JUKE,-1,-1,0,-1
2024010518302,2024,010518302,2,9,0,99,99,9,9,99,99,9,9,99,9,99,1,9,6,6,3,64,9,1598,1,12,NISSAN JUKE,3,E01003357,0,3
2024552400552,2024,552400552,2,9,0,18,19,1,5,0,0,3,0,0,0,0,1,1,2,2,1,34,6,1461,2,7,NISSAN JUKE,6,E01020527,0,3
2024061512839,2024,061512839,2,9,0,-1,9,1,7,-1,0,1,0,0,0,0,4,1,-1,2,1,52,8,999,1,4,NISSAN JUKE,2,E01005966,0,1
202417S203724,2024,17S203724,2,9,0,18,19,7,4,0,0,0,1,0,0,0,3,1,6,6,2,31,6,1461,2,13,NISSAN JUKE,2,E01012194,0,2
2024131516542,2024,131516542,2,9,0,-1,2,0,0,-1,9,0,0,0,0,0,4,1,-1,6,-1,-1,-1,1598,8,0,NISSAN JUKE,-1,-1,0,-1
2024501534465,2024,501534465,2,9,0,-1,19,7,4,-1,0,1,0,0,0,0,2,1,-1,9,1,42,7,1461,2,12,NISSAN JUKE,3,E01015167,0,1
2024552400882,2024,552400882,1,9,0,13,13,6,2,0,0,0,0,0,0,0,4,1,6,6,3,-1,-1,1598,1,12,NISSAN JUKE,-1,-1,0,-1
2024010523074,2024,010523074,1,9,0,18,19,3,7,0,0,1,0,4,0,0,1,1,3,7,2,27,6,1197,1,8,NISSAN JUKE,3,E01000553,0,2
2024991458390,2024,991458390,1,9,0,-1,19,7,3,-1,0,0,0,0,0,0,1,1,-1,9,1,66,10,1461,2,8,NISSAN JUKE,7,-1,0,4
2024501445193,2024,501445193,1,9,0,-1,10,7,3,-1,0,0,0,0,0,0,0,1,-1,9,1,75,10,1618,1,12,NISSAN JUKE,8,E01031301,0,5
2024440027530,2024,440027530,1,9,0,18,19,3,7,0,0,1,0,0,0,0,1,1,6,6,1,45,7,1461,2,9,NISSAN JUKE,9,E01023158,0,3
2024552401157,2024,552401157,1,9,0,18,19,6,2,0,0,0,0,0,0,0,1,1,6,6,2,36,7,1598,1,12,NISSAN JUKE,5,E01020587,0,1
2024061506361,2024,061506361,2,9,0,-1,2,6,6,-1,0,0,0,0,0,0,4,1,-1,6,3,-1,-1,1461,2,10,NISSAN JUKE,-1,-1,0,-1
2024552401118,2024,552401118,1,9,0,18,19,3,7,0,0,8,0,0,0,0,1,1,6,6,2,30,6,1461,2,10,NISSAN JUKE,4,E01015276,0,1
2024430066835,2024,430066835,2,9,0,4,4,7,3,0,0,0,0,0,0,0,1,1,6,6,2,84,11,1461,2,8,NISSAN JUKE,7,E01028773,0,3
2024010546586,2024,010546586,2,9,9,99,99,9,9,99,99,9,9,99,9,99,9,9,6,6,3,-1,-1,1598,1,11,NISSAN JUKE,-1,-1,0,-1
2024401531633,2024,401531633,2,9,0,-1,4,5,1,-1,0,0,0,0,0,0,2,1,-1,6,2,53,8,999,1,3,NISSAN JUKE,6,E01015778,0,2
2024141474705,2024,141474705,2,9,0,-1,19,5,1,-1,0,0,0,0,0,0,1,1,-1,6,1,-1,-1,1598,1,10,NISSAN JUKE,-1,-1,0,-1
2024991497888,2024,991497888,2,9,0,-1,19,8,4,-1,0,1,5,0,0,0,3,1,-1,9,2,37,7,1461,2,8,NISSAN JUKE,6,-1,0,2
202417S404624,2024,17S404624,2,9,0,-1,19,1,5,-1,0,1,0,0,0,0,1,1,-1,9,2,52,8,1197,1,9,NISSAN JUKE,9,E01012203,0,1
2024111444589,2024,111444589,1,9,0,-1,9,3,7,-1,0,3,0,0,0,0,1,1,-1,9,2,51,8,1461,2,12,NISSAN JUKE,1,E01020823,0,1
2024201498436,2024,201498436,2,9,0,-1,2,0,0,-1,0,0,0,0,0,0,1,1,-1,6,2,65,9,1197,1,6,NISSAN JUKE,4,E01008971,0,1
2024201419965,2024,201419965,2,9,0,-1,9,4,2,-1,0,6,0,0,0,0,3,1,-1,6,2,26,6,999,1,4,NISSAN JUKE,1,E01008882,0,3
2024061408456,2024,061408456,2,9,0,-1,19,3,7,-1,0,1,0,8,0,0,1,1,-1,9,2,55,8,999,1,2,NISSAN JUKE,1,E01005245,0,1
2024041473523,2024,041473523,1,9,0,-1,7,5,1,-1,0,6,0,0,0,0,3,1,-1,9,2,56,9,1461,2,7,NISSAN JUKE,4,E01012703,0,1
2024421494823,2024,421494823,1,9,0,-1,-1,-1,-1,-1,-1,0,-1,-1,-1,0,-1,9,-1,6,2,38,7,1598,8,2,NISSAN JUKE,5,E01021809,0,1
2024302401392,2024,302401392,2,9,0,10,10,3,1,0,0,0,1,0,1,10,2,1,6,6,2,35,6,1598,1,10,NISSAN JUKE,5,E01019417,0,1
2024052402234,2024,052402234,3,9,0,18,19,6,2,0,0,1,0,0,0,0,1,1,6,6,2,56,9,1598,1,5,NISSAN JUKE,2,E01006727,0,1
2024401526227,2024,401526227,2,9,0,-1,9,3,1,-1,0,6,0,0,0,0,1,1,-1,6,1,67,10,999,1,3,NISSAN JUKE,2,E01017492,0,1
2024141413378,2024,141413378,1,9,0,-1,19,6,2,-1,0,1,0,0,1,4,1,1,-1,6,2,59,9,1598,1,6,NISSAN JUKE,9,E01028059,0,4
2024340WN2212,2024,340WN2212,2,9,0,-1,2,0,0,-1,0,0,0,0,0,0,2,1,-1,6,3,-1,-1,1598,8,1,NISSAN JUKE,-1,-1,0,-1
2024501447522,2024,501447522,1,8,0,-1,19,3,8,-1,0,0,0,0,0,0,1,1,-1,6,3,-1,-1,1598,8,1,NISSAN JUKE,-1,-1,0,-1
2024131424682,2024,131424682,3,9,0,-1,19,5,1,-1,0,8,0,0,0,0,1,1,-1,2,2,27,6,1598,8,1,NISSAN JUKE,3,E01010825,0,1
2024010513702,2024,010513702,2,9,0,2,2,0,0,0,0,1,0,4,0,0,2,1,6,6,3,-1,-1,999,1,0,NISSAN JUKE,-1,-1,0,-1
2024320472399,2024,320472399,1,9,0,-1,-1,8,4,9,9,0,0,0,1,2,1,1,6,6,1,30,6,1598,1,13,NISSAN JUKE,8,E01026322,0,1
2024221471475,2024,221471475,1,9,0,-1,19,4,8,-1,0,0,0,0,0,0,1,1,-1,6,2,57,9,999,1,1,NISSAN JUKE,8,E01028875,0,1
2024101507728,2024,101507728,2,9,0,-1,19,7,3,-1,0,1,0,0,0,0,1,1,-1,9,1,56,9,1598,8,0,NISSAN JUKE,4,E01008209,0,1
2024052400754,2024,052400754,2,9,0,5,5,3,8,0,0,1,0,0,0,0,3,1,6,6,2,33,6,1598,1,10,NISSAN JUKE,4,E01006617,0,1
202417S306224,2024,17S306224,3,9,0,-1,19,1,5,-1,0,0,0,0,0,0,3,1,-1,9,1,44,7,999,1,3,NISSAN JUKE,7,E01012235,0,1
2024461446652,2024,461446652,1,9,0,-1,12,3,7,-1,0,0,1,0,3,0,1,1,-1,6,2,18,4,1197,1,10,NISSAN JUKE,7,E01024158,0,1
2024340WN2502,2024,340WN2502,1,9,0,-1,19,8,4,-1,0,0,1,0,0,0,1,1,-1,9,2,29,6,999,1,3,NISSAN JUKE,5,E01000110,0,5