collision_index,collision_year,collision_ref_no,vehicle_reference,vehicle_type,towing_and_articulation,vehicle_manoeuvre_historic,vehicle_manoeuvre,vehicle_direction_from,vehicle_direction_to,vehicle_location_restricted_lane_historic,vehicle_location_restricted_lane,junction_location,skidding_and_overturning,hit_object_in_carriageway,vehicle_leaving_carriageway,hit_object_off_carriageway,first_point_of_impact,vehicle_left_hand_drive,journey_purpose_of_driver_historic,journey_purpose_of_driver,sex_of_driver,age_of_driver,age_band_of_driver,engine_capacity_cc,propulsion_code,age_of_vehicle,generic_make_model,driver_imd_decile,lsoa_of_driver,escooter_flag,driver_distance_banding
2024991458762,2024,991458762,1,9,0,-1,19,8,4,-1,0,2,0,0,0,0,1,1,-1,6,2,35,6,1598,1,12,NISSAN JUKE,1,-1,0,1
2024201482101,2024,201482101,3,9,0,-1,3,8,4,-1,0,1,0,0,0,0,3,1,-1,6,1,54,8,1197,1,9,NISSAN JUKE,2,E01010447,0,1
2024010551603,2024,010551603,1,9,9,99,99,9,9,99,99,0,9,99,9,99,9,9,6,6,3,36,7,1197,1,9,NISSAN JUKE,4,E01015956,0,4
2024061517187,2024,061517187,1,9,0,-1,19,3,7,-1,0,1,0,0,0,0,2,1,-1,6,1,34,6,999,1,1,NISSAN JUKE,4,E01004961,0,3
2024461530800,2024,461530800,1,9,0,-1,19,6,2,-1,0,0,0,0,0,0,4,9,-1,6,2,56,9,1598,1,5,NISSAN JUKE,3,E01024713,0,2
2024061447538,2024,061447538,2,9,0,-1,19,4,8,-1,0,0,0,0,0,0,3,1,-1,2,2,39,7,1598,1,11,NISSAN JUKE,1,E01006248,0,3
2024991523528,2024,991523528,4,9,0,-1,3,5,1,-1,0,0,0,0,0,0,2,1,-1,9,1,77,11,1598,8,0,NISSAN JUKE,1,-1,0,1
2024010543816,2024,010543816,2,9,0,9,9,5,2,0,0,8,0,0,0,0,3,1,6,6,2,28,6,1598,1,11,NISSAN JUKE,1,E01001013,0,3
2024320131708,2024,320131708,1,9,0,-1,-1,8,6,0,0,1,2,0,7,9,1,1,-1,-1,1,67,10,1598,1,11,NISSAN JUKE,1,E01013174,0,4
2024010499896,2024,010499896,2,9,0,99,99,9,9,99,99,9,9,99,9,99,9,9,6,6,3,-1,-1,1598,1,10,NISSAN JUKE,-1,-1,0,-1
2024332400650,2024,332400650,2,9,0,-1,19,5,1,-1,0,0,0,0,0,0,4,1,-1,6,2,47,8,1461,2,11,NISSAN JUKE,2,E01013634,0,2
2024161444663,2024,161444663,2,9,0,-1,2,0,0,-1,0,1,0,0,0,0,1,1,-1,6,-1,-1,-1,1461,2,12,NISSAN JUKE,-1,-1,0,-1
2024231404823,2024,231404823,1,9,0,-1,9,4,2,-1,0,6,0,0,0,0,4,9,-1,2,2,39,7,1461,2,9,NISSAN JUKE,3,E01032587,0,2
2024501471400,2024,501471400,1,9,0,-1,19,7,3,-1,0,1,0,4,0,0,1,1,-1,6,2,63,9,999,1,1,NISSAN JUKE,8,E01020110,0,2
2024010514275,2024,010514275,2,9,0,99,99,9,9,99,99,9,9,99,9,99,9,9,6,6,3,-1,-1,1598,1,12,NISSAN JUKE,3,E01003088,0,1
2024010498991,2024,010498991,2,9,0,18,19,7,3,0,0,1,0,0,0,0,2,1,6,6,2,58,9,1598,1,14,NISSAN JUKE,3,E01002264,0,3
2024421506907,2024,421506907,1,9,0,-1,-1,-1,-1,-1,-1,0,-1,-1,-1,0,-1,9,-1,6,3,-1,-1,999,1,0,NISSAN JUKE,-1,-1,0,-1
2024461515520,2024,461515520,2,9,0,-1,4,6,2,-1,0,0,0,0,0,0,1,1,-1,9,2,53,8,1461,2,8,NISSAN JUKE,7,E01016162,0,1
2024501434007,2024,501434007,1,9,0,-1,9,3,5,-1,0,6,0,0,0,0,4,1,-1,9,1,78,11,999,1,1,NISSAN JUKE,4,E01015037,0,2
2024211474360,2024,211474360,2,9,0,-1,3,5,1,-1,0,1,0,0,0,0,2,1,-1,6,2,41,7,1197,1,9,NISSAN JUKE,8,E01029579,0,1
2024010502785,2024,010502785,1,9,0,99,99,9,9,99,99,9,9,99,9,99,2,9,6,6,2,59,9,1598,1,9,NISSAN JUKE,9,E01002274,0,4
2024010501919,2024,010501919,4,9,0,2,2,0,0,9,9,2,0,0,0,0,2,1,6,6,3,-1,-1,1598,1,6,NISSAN JUKE,-1,-1,0,-1
2024010546472,2024,010546472,1,9,0,6,6,7,7,0,0,0,0,0,0,0,3,1,6,6,1,35,6,1598,1,5,NISSAN JUKE,2,E01004239,0,1
2024401429063,2024,401429063,2,9,0,-1,3,-1,-1,-1,0,4,0,0,0,0,2,9,-1,2,2,56,9,1197,1,7,NISSAN JUKE,6,E01027032,0,4
2024070221245,2024,070221245,3,9,0,18,19,1,5,0,0,0,0,0,0,0,1,1,6,6,2,40,7,1197,1,9,NISSAN JUKE,4,E01009175,0,4
2024010521528,2024,010521528,3,9,0,2,2,0,0,0,0,0,0,0,0,0,1,1,6,6,3,-1,-1,1598,1,10,NISSAN JUKE,-1,-1,0,-1
2024201400447,2024,201400447,2,9,0,-1,3,2,6,-1,0,1,0,0,0,0,3,1,-1,6,2,38,7,1598,1,13,NISSAN JUKE,3,E01009508,0,1
2024010517268,2024,010517268,2,9,9,99,99,9,9,99,99,0,9,99,9,99,9,9,6,6,3,-1,-1,1197,1,8,NISSAN JUKE,-1,-1,0,-1
2024311525572,2024,311525572,1,9,0,-1,19,3,7,-1,0,5,0,4,0,0,1,1,-1,6,1,40,7,1618,1,8,NISSAN JUKE,7,E01028378,0,1
2024131534519,2024,131534519,2,9,0,-1,19,5,3,-1,0,8,1,0,0,0,4,1,-1,2,2,55,8,999,1,1,NISSAN JUKE,10,E01007600,0,4
2024631432522,2024,631432522,3,9,0,-1,19,1,5,-1,0,0,0,0,0,0,1,1,-1,6,2,51,8,1461,2,8,NISSAN JUKE,5,W01000543,0,4
2024471396148,2024,471396148,1,9,0,-1,19,1,5,-1,0,8,0,0,7,0,4,1,-1,9,2,44,7,999,1,0,NISSAN JUKE,6,E01031408,0,2
2024010519539,2024,010519539,1,9,0,7,7,7,1,0,0,1,0,0,1,0,1,1,6,6,1,26,6,1598,1,9,NISSAN JUKE,5,E01033727,0,1
2024131440892,2024,131440892,2,9,0,-1,19,7,7,-1,0,1,0,0,0,0,2,1,-1,2,2,61,9,1598,1,6,NISSAN JUKE,6,E01011071,0,1
2024010518125,2024,010518125,1,9,0,99,99,9,9,99,99,9,9,99,9,99,1,9,6,6,2,46,8,1598,1,7,NISSAN JUKE,5,E01001859,0,1
2024440261915,2024,440261915,2,9,0,9,9,5,3,0,0,6,0,0,0,0,1,1,6,6,1,49,8,1598,1,7,NISSAN JUKE,8,E01023090,0,1
2024311453313,2024,311453313,2,9,0,-1,19,8,3,-1,0,0,0,0,0,0,1,1,-1,6,2,-1,-1,1598,1,8,NISSAN JUKE,4,E01031895,0,5
2024451497418,2024,451497418,1,9,0,-1,9,3,1,-1,0,0,0,0,0,0,4,2,-1,9,2,64,9,1598,1,7,NISSAN JUKE,8,E01030988,0,1
2024320705172,2024,320705172,1,9,0,7,7,4,6,0,0,6,0,0,0,0,1,1,-1,-1,2,41,7,1197,1,9,NISSAN JUKE,7,E01026275,0,1
2024131419063,2024,131419063,1,9,0,-1,5,1,5,-1,0,6,0,0,0,0,1,2,-1,9,2,32,6,1598,1,8,NISSAN JUKE,5,E01011928,0,2
2024010507690,2024,010507690,1,9,0,5,5,1,5,0,0,1,0,0,0,0,1,1,6,6,2,53,8,1598,1,13,NISSAN JUKE,10,E01020356,0,5
2024101536342,2024,101536342,4,9,0,-1,19,5,1,-1,0,0,0,0,0,0,1,1,-1,9,2,62,9,1461,2,12,NISSAN JUKE,-1,-1,0,-1
2024131420805,2024,131420805,1,9,0,-1,9,2,6,-1,0,3,0,0,0,0,4,1,-1,6,1,81,11,999,1,3,NISSAN JUKE,3,E01011245,0,1
2024401400268,2024,401400268,2,9,-1,-1,-1,-1,-1,-1,-1,3,-1,-1,-1,0,3,9,-1,6,2,36,7,1598,1,11,NISSAN JUKE,5,E01015775,0,1
2024122400149,2024,122400149,1,9,0,18,19,3,7,0,0,1,0,0,0,0,1,1,6,6,2,60,9,1197,1,7,NISSAN JUKE,9,E01027632,0,1
2024061518318,2024,061518318,1,9,0,-1,3,-1,-1,-1,0,9,0,0,0,0,2,1,-1,9,2,55,8,1598,1,5,NISSAN JUKE,8,E01005865,0,1
2024201463327,2024,201463327,2,9,0,-1,9,2,1,-1,0,6,0,0,0,0,1,9,-1,7,2,42,7,1197,1,8,NISSAN JUKE,1,E01010275,0,1
2024471483731,2024,471483731,2,9,0,-1,19,7,3,-1,0,1,0,0,0,0,4,1,-1,9,2,31,6,1598,1,12,NISSAN JUKE,6,E01031419,0,2
2024070306937,2024,070306937,2,9,0,2,2,0,0,0,0,0,0,0,1,0,1,1,6,6,2,59,9,1461,2,9,NISSAN JUKE,-1,-1,0,-1
2024461454295,2024,461454295,1,9,0,-1,6,1,8,-1,0,0,0,0,0,0,4,1,-1,2,2,61,9,1598,1,5,NISSAN JUKE,2,E01024646,0,4
2024010538593,2024,010538593,1,9,0,9,9,7,4,0,0,5,0,0,0,0,4,1,6,6,2,36,7,1598,8,1,NISSAN JUKE,3,E01003575,0,1
2024461462590,2024,461462590,2,9,0,-1,4,4,3,-1,0,1,0,0,0,0,3,9,-1,6,2,58,9,999,1,0,NISSAN JUKE,7,E01035279,0,3
2024231518274,2024,231518274,1,9,0,-1,5,5,1,-1,0,8,0,0,0,0,1,1,-1,7,1,51,8,1461,2,12,NISSAN JUKE,5,E01031327,0,1
2024122400344,2024,122400344,1,9,0,18,19,5,1,0,0,0,0,0,0,0,1,1,6,6,1,76,11,1197,1,7,NISSAN JUKE,6,E01027881,0,3
2024320474659,2024,320474659,1,9,0,-1,-1,8,4,0,0,8,0,0,0,0,1,1,-1,-1,2,31,6,1461,2,11,NISSAN JUKE,7,E01026066,0,4
2024010526137,2024,010526137,2,9,0,2,2,0,0,0,0,1,0,0,0,0,2,1,6,6,3,-1,-1,1598,1,6,NISSAN JUKE,-1,-1,0,-1
2024131533160,2024,131533160,2,9,0,-1,19,7,3,-1,0,8,0,0,0,0,1,2,-1,6,2,55,8,1598,1,7,NISSAN JUKE,3,E01011601,0,1
2024111422293,2024,111422293,2,9,0,-1,19,8,4,-1,0,0,0,0,0,0,2,1,-1,6,2,40,7,1461,2,7,NISSAN JUKE,2,E01020670,0,1
2024010505453,2024,010505453,1,9,0,18,19,3,7,0,0,1,0,0,0,0,1,1,2,2,2,41,7,1197,1,9,NISSAN JUKE,9,E01030861,0,2
2024311453361,2024,311453361,1,9,0,-1,19,3,1,-1,0,0,0,0,0,0,4,1,-1,9,1,44,7,1598,8,0,NISSAN JUKE,3,E01028306,0,1
2024041425419,2024,041425419,1,9,0,-1,5,6,2,-1,0,4,0,0,0,0,1,1,-1,9,2,65,9,1598,1,10,NISSAN JUKE,3,E01025054,0,1
2024471522439,2024,471522439,2,9,0,-1,19,6,2,-1,0,0,1,0,0,0,3,1,-1,2,1,28,6,1461,2,9,NISSAN JUKE,1,E01022933,0,3
2024221456206,2024,221456206,4,9,0,-1,19,8,5,-1,0,1,0,4,0,0,1,1,-1,6,2,53,8,1598,1,11,NISSAN JUKE,6,E01032222,0,3
2024311395838,2024,311395838,1,9,0,-1,19,3,7,-1,0,1,0,0,0,0,1,1,-1,6,2,46,8,1461,2,12,NISSAN JUKE,1,E01013879,0,1
2024131499220,2024,131499220,2,9,0,-1,19,1,5,-1,0,4,0,0,0,0,0,1,-1,6,3,-1,-1,1197,1,9,NISSAN JUKE,-1,-1,0,-1
2024061458369,2024,061458369,1,9,0,-1,19,2,1,-1,0,1,0,0,0,0,1,1,-1,2,2,43,7,999,1,3,NISSAN JUKE,4,E01005295,0,1
2024010530565,2024,010530565,1,9,0,99,99,9,9,99,99,9,9,99,9,99,9,9,6,6,3,74,10,1598,1,6,NISSAN JUKE,2,E01001361,0,1
2024010550421,2024,010550421,1,9,0,18,19,5,1,0,0,8,1,0,0,0,4,1,6,6,2,49,8,999,1,2,NISSAN JUKE,-1,-1,0,-1
2024371501139,2024,371501139,1,9,0,-1,19,2,6,-1,0,2,0,0,0,0,1,1,-1,9,2,40,7,999,1,0,NISSAN JUKE,3,E01030169,0,4
2024061477896,2024,061477896,2,9,0,-1,9,5,1,-1,0,1,0,0,0,0,3,1,-1,6,1,51,8,1461,2,10,NISSAN JUKE,3,E01005331,0,1
2024010550205,2024,010550205,1,9,0,7,7,4,7,0,0,3,0,0,0,0,4,2,2,2,2,34,6,999,1,4,NISSAN JUKE,7,E01002365,0,1
2024111519778,2024,111519778,2,9,0,-1,19,3,7,-1,0,0,0,0,0,0,1,1,-1,9,2,69,10,999,1,3,NISSAN JUKE,9,E01012336,0,2
2024010490292,2024,010490292,2,9,0,18,19,1,5,0,0,8,0,0,0,0,1,1,6,6,3,-1,-1,1598,1,12,NISSAN JUKE,-1,-1,0,-1
2024461469183,2024,461469183,1,9,0,-1,19,1,5,-1,0,8,0,0,0,0,1,9,-1,6,1,73,10,999,1,3,NISSAN JUKE,7,E01024521,0,1
2024552400248,2024,552400248,2,9,0,18,19,6,2,0,0,8,0,0,0,0,1,1,6,6,2,67,10,1598,1,10,NISSAN JUKE,6,E01029059,0,4
2024131503033,2024,131503033,2,9,0,-1,19,1,5,-1,0,1,0,0,0,0,4,1,-1,9,2,79,11,1197,1,10,NISSAN JUKE,3,E01011245,0,1
2024401465278,2024,401465278,1,9,0,-1,9,1,7,-1,0,0,0,4,0,0,1,1,-1,9,2,41,7,999,1,1,NISSAN JUKE,3,E01017619,0,1
2024211495426,2024,211495426,2,9,0,-1,20,1,1,-1,0,1,0,0,0,0,1,1,-1,6,-1,-1,-1,1461,2,9,NISSAN JUKE,-1,-1,0,-1
2024101488370,2024,101488370,2,9,0,-1,2,0,0,-1,0,0,0,0,0,0,1,1,-1,6,3,-1,-1,999,1,1,NISSAN JUKE,-1,-1,0,-1
2024010522485,2024,010522485,1,9,0,18,19,1,5,9,9,1,0,10,0,0,1,1,6,6,1,24,5,999,1,4,NISSAN JUKE,-1,-1,0,-1
2024010524069,2024,010524069,2,9,0,99,99,9,9,99,99,9,9,99,9,99,9,9,6,6,3,62,9,1598,8,1,NISSAN JUKE,5,E01000417,0,1
2024320429606,2024,320429606,2,9,0,-1,-1,4,8,0,0,8,0,0,0,0,1,1,6,6,2,29,6,1461,2,8,NISSAN JUKE,2,E01026172,0,3
2024010509761,2024,010509761,1,9,0,9,9,5,3,0,0,8,0,0,0,0,1,1,6,6,2,35,6,1598,1,8,NISSAN JUKE,4,E01003230,0,1
2024201439175,2024,201439175,1,9,0,-1,19,8,4,-1,0,8,0,0,0,0,4,1,-1,6,1,34,6,1598,1,11,NISSAN JUKE,1,E01009323,0,1
2024101396212,2024,101396212,1,9,0,-1,4,5,1,-1,0,8,0,0,0,0,0,9,-1,6,1,-1,-1,999,1,3,NISSAN JUKE,-1,-1,0,-1
2024141530179,2024,141530179,3,9,0,-1,19,5,1,-1,0,0,0,0,0,0,3,1,-1,9,1,68,10,999,1,1,NISSAN JUKE,4,E01027012,0,5
2024010533847,2024,010533847,1,9,0,1,1,2,4,9,9,0,0,0,0,0,3,1,6,6,2,79,11,1598,1,9,NISSAN JUKE,4,E01000722,0,1
2024351533958,2024,351533958,2,9,-1,-1,4,-1,-1,-1,0,1,0,0,0,0,2,9,-1,9,1,37,7,1461,2,7,NISSAN JUKE,7,E01030069,0,4
2024451415160,2024,451415160,4,9,0,-1,2,0,0,-1,0,1,0,0,0,0,2,1,-1,6,-1,-1,-1,999,1,4,NISSAN JUKE,-1,-1,0,-1
2024010539816,2024,010539816,1,9,0,18,19,7,3,0,0,1,0,0,0,0,1,1,6,6,1,58,9,1598,1,11,NISSAN JUKE,3,E01001726,0,1
2024320026491,2024,320026491,2,9,0,-1,-1,3,7,0,0,0,0,0,0,0,3,1,-1,-1,1,36,7,999,1,2,NISSAN JUKE,9,E01026223,0,2
2024471472010,2024,471472010,1,9,0,-1,3,8,4,-1,0,1,1,0,0,0,2,1,-1,1,2,31,6,1197,1,7,NISSAN JUKE,7,E01021010,0,1
2024031488149,2024,031488149,1,9,0,-1,7,7,2,-1,0,6,0,0,0,0,3,1,-1,6,1,79,11,999,1,0,NISSAN JUKE,4,E01034075,0,1
2024991401774,2024,991401774,1,9,0,-1,19,4,8,-1,0,0,5,0,1,0,1,1,-1,2,2,51,8,1598,1,13,NISSAN JUKE,7,-1,0,1
2024010530323,2024,010530323,1,9,0,18,19,1,5,0,0,1,0,0,0,0,1,1,2,2,1,55,8,1598,1,6,NISSAN JUKE,3,E01002540,0,1
2024131501836,2024,131501836,1,9,0,-1,19,1,5,-1,0,0,1,0,0,0,1,1,-1,6,2,20,4,999,1,0,NISSAN JUKE,7,E01010997,0,1
2024531517005,2024,531517005,2,9,0,-1,3,3,7,-1,0,0,0,0,0,0,2,1,-1,2,2,43,7,1461,2,9,NISSAN JUKE,4,E01022450,0,1
2024221442520,2024,221442520,1,9,0,-1,7,7,2,-1,0,6,0,0,0,0,3,9,-1,6,1,74,10,1598,1,5,NISSAN JUKE,5,E01014063,0,4
2024520401494,2024,520401494,2,9,0,18,19,5,8,0,0,8,0,0,0,0,1,1,6,6,2,56,9,1598,1,12,NISSAN JUKE,4,E01029152,0,3
2024161410393,2024,161410393,1,9,0,-1,19,3,7,-1,0,8,0,0,1,0,1,1,-1,9,1,88,11,1598,1,6,NISSAN JUKE,10,E01013044,0,2
2024302400945,2024,302400945,2,9,0,2,2,0,0,0,0,0,0,0,0,0,3,1,6,6,3,-1,-1,999,1,0,NISSAN JUKE,-1,-1,0,-1
2024421522069,2024,421522069,2,9,0,-1,19,5,5,-1,0,1,0,0,0,0,2,1,-1,2,2,63,9,1598,1,10,NISSAN JUKE,8,E01021604,0,1
2024201413587,2024,201413587,1,9,0,-1,9,7,5,-1,0,6,0,0,0,0,1,9,-1,1,2,-1,-1,1197,1,7,NISSAN JUKE,1,E01008996,0,3
2024131422510,2024,131422510,2,9,0,-1,19,3,7,-1,0,1,0,0,0,0,1,1,-1,6,2,32,6,1598,1,11,NISSAN JUKE,3,E01011478,0,1
2024010535130,2024,010535130,1,9,9,5,5,1,5,99,99,9,9,99,9,99,9,9,6,6,2,33,6,1598,8,0,NISSAN JUKE,4,E01002706,0,1
2024311523231,2024,311523231,1,9,0,-1,2,0,0,-1,9,0,0,0,0,0,2,1,-1,6,2,56,9,1461,2,8,NISSAN JUKE,-1,-1,0,-1
2024052400903,2024,052400903,2,9,0,11,11,3,7,0,0,1,0,0,0,0,4,1,6,6,1,-1,-1,999,1,2,NISSAN JUKE,-1,-1,0,-1
2024221479681,2024,221479681,2,9,0,-1,9,6,4,-1,0,5,0,0,0,0,3,1,-1,6,1,69,10,1598,1,6,NISSAN JUKE,3,E01032251,0,1
2024340NN0772,2024,340NN0772,4,9,0,-1,3,5,1,-1,0,0,0,0,0,0,0,1,-1,9,2,33,6,1461,2,7,NISSAN JUKE,6,E01027090,0,1
202417S109924,2024,17S109924,1,9,0,-1,9,3,1,-1,0,8,0,0,0,0,4,1,-1,9,2,36,7,1197,1,10,NISSAN JUKE,-1,-1,0,-1
2024320471176,2024,320471176,1,9,0,-1,-1,4,8,0,0,8,0,0,0,0,1,1,-1,-1,2,41,7,999,1,1,NISSAN JUKE,-1,-1,0,-1
2024211428363,2024,211428363,2,9,0,-1,19,4,8,-1,0,1,0,0,0,0,1,1,-1,6,2,30,6,1598,1,6,NISSAN JUKE,9,E01029465,0,4
2024461472108,2024,461472108,2,9,0,-1,10,7,4,-1,0,1,0,0,0,0,2,1,-1,6,2,45,7,1598,1,10,NISSAN JUKE,7,E01024515,0,1
2024141455463,2024,141455463,1,9,0,-1,19,7,2,-1,0,0,0,0,0,0,1,1,-1,1,2,37,7,1598,1,5,NISSAN JUKE,3,E01007479,0,3
2024522403285,2024,522403285,2,9,0,3,3,2,6,0,0,0,0,0,0,0,2,1,6,6,1,49,8,999,1,4,NISSAN JUKE,10,W01001799,0,4
2024010546229,2024,010546229,1,9,0,18,19,5,1,0,0,2,0,0,0,0,1,1,6,6,1,44,7,1598,1,13,NISSAN JUKE,3,E01002646,0,1
2024991425138,2024,991425138,3,9,0,-1,19,4,8,-1,0,0,0,0,0,0,2,1,-1,9,2,30,6,1461,2,6,NISSAN JUKE,6,-1,0,3
2024461530353,2024,461530353,2,9,0,-1,19,1,5,-1,0,0,0,0,1,0,1,1,-1,2,2,58,9,1461,2,7,NISSAN JUKE,9,E01024526,0,3
2024010531295,2024,010531295,1,9,0,18,19,3,7,0,0,8,0,0,0,0,3,1,6,6,1,31,6,1598,1,14,NISSAN JUKE,7,E01004359,0,3
2024010536071,2024,010536071,1,9,0,3,3,7,3,0,0,1,0,0,0,0,1,1,6,6,2,25,5,1461,2,8,NISSAN JUKE,3,E01003241,0,3
2024411512547,2024,411512547,1,9,0,-1,5,2,6,-1,0,4,0,0,0,0,1,1,-1,6,2,46,8,999,1,2,NISSAN JUKE,4,E01023873,0,2
2024430410950,2024,430410950,2,9,0,5,5,4,8,0,0,2,0,0,0,0,1,1,6,6,1,19,4,999,1,1,NISSAN JUKE,8,E01028547,0,1
2024340NN1152,2024,340NN1152,1,9,0,-1,19,1,5,-1,0,0,5,0,1,0,1,1,-1,6,2,36,7,1598,1,11,NISSAN JUKE,7,E01027117,0,2
2024061441140,2024,061441140,2,9,0,-1,2,0,0,-1,0,0,0,0,0,0,2,1,-1,6,-1,-1,-1,999,1,3,NISSAN JUKE,-1,-1,0,-1
2024010499203,2024,010499203,1,9,0,9,9,2,7,0,0,8,0,0,0,0,1,1,6,6,3,-1,-1,999,1,2,NISSAN JUKE,-1,-1,0,-1
2024440021186,2024,440021186,2,9,0,4,4,8,4,0,0,0,0,0,0,0,2,1,6,6,2,61,9,1598,1,12,NISSAN JUKE,9,E01022767,0,1
2024010550339,2024,010550339,1,9,0,18,19,3,7,0,0,1,0,0,0,0,1,1,1,1,2,31,6,1598,1,11,NISSAN JUKE,2,E01000101,0,1
2024440049917,2024,440049917,2,9,0,18,19,2,6,0,0,1,0,0,0,0,1,1,6,6,2,26,6,1598,1,8,NISSAN JUKE,8,E01017057,0,1
2024461466998,2024,461466998,2,9,0,-1,7,7,1,-1,0,2,0,0,0,0,3,1,-1,9,2,53,8,1461,2,10,NISSAN JUKE,7,E01016119,0,1
2024451513695,2024,451513695,2,9,0,-1,19,2,6,-1,0,1,0,0,0,0,4,1,-1,2,1,45,7,1598,1,6,NISSAN JUKE,10,E01031502,0,4
2024061442769,2024,061442769,1,9,0,-1,9,5,7,-1,0,0,0,0,0,0,0,1,-1,6,2,46,8,1461,2,8,NISSAN JUKE,9,E01004965,0,2
2024991495504,2024,991495504,1,9,0,-1,19,3,8,-1,0,2,0,0,0,0,1,1,-1,9,1,48,8,1598,1,12,NISSAN JUKE,1,-1,0,1
2024421472157,2024,421472157,2,9,0,-1,2,0,0,-1,9,0,0,0,0,0,1,1,-1,6,-1,-1,-1,999,1,3,NISSAN JUKE,-1,-1,0,-1
2024010522757,2024,010522757,1,9,0,99,99,9,9,99,99,9,9,99,9,99,9,9,6,6,1,40,7,1598,1,11,NISSAN JUKE,6,E01003760,0,2
2024340WN3792,2024,340WN3792,2,9,0,-1,19,1,5,-1,0,1,0,0,0,0,1,1,-1,6,2,76,11,1197,1,7,NISSAN JUKE,8,E01027141,0,3
2024311436759,2024,311436759,1,9,0,-1,9,6,4,-1,0,1,0,0,0,0,1,1,-1,6,1,28,6,1461,2,11,NISSAN JUKE,5,E01013816,0,1
2024451402017,2024,451402017,2,9,0,-1,19,3,7,-1,0,0,0,0,0,0,1,1,-1,9,2,48,8,1197,1,7,NISSAN JUKE,7,E01030630,0,1
2024010541422,2024,010541422,2,9,0,99,99,9,9,99,99,9,9,99,9,99,0,9,6,6,3,-1,-1,999,1,1,NISSAN JUKE,-1,-1,0,-1
2024201503205,2024,201503205,2,9,0,-1,2,5,1,-1,9,0,0,0,0,0,2,1,-1,6,-1,-1,-1,1598,1,11,NISSAN JUKE,-1,-1,0,-1
2024201495649,2024,201495649,3,9,0,-1,19,5,1,-1,0,0,0,0,0,0,2,1,-1,2,2,39,7,1598,1,11,NISSAN JUKE,2,E01010004,0,3
2024131450358,2024,131450358,4,9,0,-1,19,3,7,-1,0,1,0,0,0,0,4,1,-1,9,1,22,5,999,1,0,NISSAN JUKE,1,E01011427,0,1
2024010532438,2024,010532438,2,9,9,99,99,9,9,99,99,9,9,99,9,99,9,9,6,6,3,-1,-1,1598,1,10,NISSAN JUKE,4,E01003102,0,1
202417M105824,2024,17M105824,1,9,0,-1,8,5,6,-1,0,1,0,0,0,0,2,1,-1,9,2,36,7,1197,1,9,NISSAN JUKE,1,E01012050,0,1
2024201470251,2024,201470251,2,9,0,-1,19,1,5,-1,0,8,0,0,0,0,4,1,-1,2,1,-1,-1,1598,1,5,NISSAN JUKE,-1,-1,0,-1
2024010544000,2024,010544000,1,9,0,3,3,8,4,0,0,1,0,4,0,0,4,1,6,6,2,44,7,1618,1,10,NISSAN JUKE,2,E01001482,0,1
2024201436378,2024,201436378,2,9,0,-1,19,2,6,-1,0,0,1,0,1,0,2,1,-1,6,2,41,7,1461,2,10,NISSAN JUKE,10,E01031300,0,3
2024161417812,2024,161417812,1,9,0,-1,19,6,2,-1,0,0,0,0,0,0,1,1,-1,9,2,57,9,1461,2,8,NISSAN JUKE,3,E01013045,0,1
2024111457178,2024,111457178,1,9,0,-1,19,7,3,-1,0,0,5,10,0,0,3,1,-1,1,2,31,6,1598,1,9,NISSAN JUKE,2,E01012350,0,2
2024010517529,2024,010517529,1,9,0,18,19,3,7,0,0,0,5,4,0,0,1,1,1,1,2,36,7,1598,1,8,NISSAN JUKE,2,E01000012,0,3
2024311431469,2024,311431469,1,9,0,-1,19,1,5,-1,0,0,0,7,0,0,4,1,-1,9,2,41,7,1461,2,10,NISSAN JUKE,1,E01013885,0,1
2024201482261,2024,201482261,2,9,0,-1,19,2,6,-1,0,0,0,0,0,0,4,9,-1,6,2,47,8,1598,1,11,NISSAN JUKE,5,E01009247,0,2
2024351455711,2024,351455711,2,9,0,-1,19,1,5,-1,0,1,0,0,0,0,3,1,-1,6,1,41,7,1598,1,14,NISSAN JUKE,2,E01033182,0,4
2024501410881,2024,501410881,2,9,0,-1,7,5,1,-1,0,0,0,0,0,0,2,1,-1,6,2,37,7,1461,2,10,NISSAN JUKE,4,E01015042,0,1
2024010507290,2024,010507290,2,9,0,18,19,5,1,0,0,6,0,0,0,0,1,1,6,6,1,21,5,1197,1,6,NISSAN JUKE,1,E01003291,0,3
2024991450467,2024,991450467,1,9,0,-1,19,7,3,-1,0,0,5,0,0,0,1,1,-1,9,1,80,11,999,1,1,NISSAN JUKE,-1,-1,0,-1
2024991467375,2024,991467375,1,9,0,-1,6,1,1,-1,0,6,0,0,0,0,1,1,-1,9,1,55,8,1598,8,1,NISSAN JUKE,-1,-1,0,-1
2024471507807,2024,471507807,1,9,0,-1,9,3,1,-1,0,1,0,0,0,0,1,1,-1,6,2,61,9,1461,2,8,NISSAN JUKE,1,E01031404,0,2
2024471410762,2024,471410762,1,9,0,-1,19,3,7,-1,0,0,0,0,0,0,1,1,-1,9,1,30,6,1598,1,14,NISSAN JUKE,2,E01020922,0,1
2024401432663,2024,401432663,1,9,0,-1,19,7,3,-1,0,0,0,0,0,0,1,1,-1,1,1,26,6,1598,1,8,NISSAN JUKE,2,E01034454,0,3
2024201451513,2024,201451513,2,9,0,-1,2,0,0,-1,0,0,0,0,0,0,2,1,-1,6,1,30,6,1618,1,11,NISSAN JUKE,3,E01010178,0,3