collision_index,collision_year,collision_ref_no,vehicle_reference,vehicle_type,towing_and_articulation,vehicle_manoeuvre_historic,vehicle_manoeuvre,vehicle_direction_from,vehicle_direction_to,vehicle_location_restricted_lane_historic,vehicle_location_restricted_lane,junction_location,skidding_and_overturning,hit_object_in_carriageway,vehicle_leaving_carriageway,hit_object_off_carriageway,first_point_of_impact,vehicle_left_hand_drive,journey_purpose_of_driver_historic,journey_purpose_of_driver,sex_of_driver,age_of_driver,age_band_of_driver,engine_capacity_cc,propulsion_code,age_of_vehicle,generic_make_model,driver_imd_decile,lsoa_of_driver,escooter_flag,driver_distance_banding
2024371491310,2024,371491310,2,9,0,-1,-1,-1,-1,-1,-1,-1,-1,-1,-1,0,1,1,-1,2,2,37,7,1461,2,9,NISSAN JUKE,3,E01030108,0,1
2024302400529,2024,302400529,1,9,0,9,9,5,3,0,0,8,0,0,0,0,3,1,1,1,2,50,8,1598,8,1,NISSAN JUKE,1,E01013591,0,1
2024010521806,2024,010521806,2,9,9,18,19,9,9,99,99,9,9,99,9,99,1,9,6,6,3,-1,-1,1598,1,7,NISSAN JUKE,-1,-1,0,-1
2024010547293,2024,010547293,2,9,0,99,99,9,9,99,99,5,9,99,9,99,1,9,6,6,3,-1,-1,1598,1,9,NISSAN JUKE,-1,-1,0,-1
2024552401035,2024,552401035,1,9,0,7,7,1,2,0,0,6,0,0,0,0,3,1,6,6,2,44,7,1598,1,5,NISSAN JUKE,2,E01015280,0,1
2024131407892,2024,131407892,1,9,0,-1,19,1,5,-1,0,8,2,0,8,9,1,1,-1,1,2,36,7,999,1,2,NISSAN JUKE,8,E01010709,0,2
2024361471029,2024,361471029,2,9,0,-1,19,6,2,-1,0,0,0,0,0,0,4,1,-1,9,2,63,9,1598,1,5,NISSAN JUKE,6,E01026605,0,1
2024031489905,2024,031489905,1,9,0,-1,19,2,6,-1,0,0,0,0,0,0,1,1,-1,6,2,63,9,1197,1,9,NISSAN JUKE,4,E01019102,0,4
2024041535649,2024,041535649,3,9,0,-1,2,0,0,-1,0,1,0,0,0,0,2,1,-1,6,-1,-1,-1,1461,2,10,NISSAN JUKE,-1,-1,0,-1
2024501505797,2024,501505797,1,9,0,-1,19,5,1,-1,0,0,5,10,1,0,4,1,-1,9,1,44,7,1197,1,8,NISSAN JUKE,-1,-1,0,-1
2024430537470,2024,430537470,2,9,0,18,19,4,8,0,0,0,0,0,0,0,1,1,6,6,2,30,6,1598,1,9,NISSAN JUKE,-1,-1,0,-1
2024010512256,2024,010512256,1,9,0,9,9,3,8,0,0,5,0,0,0,0,3,1,2,2,2,40,7,1598,8,0,NISSAN JUKE,6,E01003698,0,3
2024451500356,2024,451500356,1,9,0,-1,19,5,2,-1,0,0,5,0,1,4,2,1,-1,2,2,48,8,1461,2,13,NISSAN JUKE,3,E01001169,0,3
2024201437043,2024,201437043,2,9,0,-1,-1,2,6,-1,-1,0,0,0,0,0,3,1,-1,-1,2,40,7,999,1,3,NISSAN JUKE,2,E01010315,0,3
2024340WN3872,2024,340WN3872,3,9,0,-1,4,3,7,-1,0,8,0,0,0,0,2,1,-1,6,2,-1,-1,1461,2,7,NISSAN JUKE,-1,-1,0,-1
2024302400953,2024,302400953,1,9,0,5,5,7,3,0,0,1,0,0,0,0,1,1,6,6,1,33,6,1461,2,10,NISSAN JUKE,1,E01013573,0,1
2024302500106,2024,302500106,1,9,0,-1,13,5,1,-1,0,0,0,0,1,4,1,1,-1,6,1,29,6,1598,1,11,NISSAN JUKE,3,E01019856,0,2
2024101414702,2024,101414702,1,9,0,-1,7,1,7,-1,0,1,0,0,0,0,1,1,-1,1,1,46,8,1598,1,7,NISSAN JUKE,3,E01008350,0,2
2024201476647,2024,201476647,1,9,0,-1,19,6,2,-1,0,0,0,4,0,0,4,1,-1,9,1,52,8,1598,1,6,NISSAN JUKE,4,E01010006,0,1
2024451513676,2024,451513676,3,9,0,-1,19,1,5,-1,0,1,0,0,0,0,0,1,-1,6,2,32,6,999,1,2,NISSAN JUKE,9,E01030727,0,2
2024311415156,2024,311415156,1,9,0,-1,19,2,7,-1,0,1,0,0,0,0,1,1,-1,2,1,68,10,1598,1,7,NISSAN JUKE,9,E01028120,0,2
2024010512097,2024,010512097,2,9,0,18,19,7,3,9,9,3,0,0,0,0,2,1,6,6,1,53,8,999,1,2,NISSAN JUKE,-1,-1,0,-1
2024421508688,2024,421508688,2,9,0,-1,19,3,7,-1,0,8,0,0,0,0,1,1,-1,9,1,68,10,1598,1,8,NISSAN JUKE,8,E01021760,0,4
2024061488222,2024,061488222,1,9,0,-1,19,7,3,-1,0,0,0,0,0,0,1,1,-1,9,2,56,9,1598,1,13,NISSAN JUKE,3,E01005355,0,3
2024061536479,2024,061536479,3,9,0,-1,19,5,1,-1,0,0,0,0,0,0,0,1,-1,6,2,43,7,1598,1,10,NISSAN JUKE,-1,-1,0,-1
2024070479115,2024,070479115,1,9,0,18,19,7,3,0,0,0,0,0,0,0,2,1,6,6,1,52,8,999,1,1,NISSAN JUKE,1,E01012397,0,2
2024070618176,2024,070618176,2,9,0,18,19,1,5,0,0,0,0,0,0,0,2,1,3,7,2,47,8,1461,2,11,NISSAN JUKE,2,E01012391,0,1
2024461467032,2024,461467032,2,9,0,-1,2,0,0,-1,0,0,0,0,0,0,2,1,-1,6,-1,-1,-1,1461,2,7,NISSAN JUKE,-1,-1,0,-1
2024061457557,2024,061457557,1,9,0,-1,19,3,7,-1,0,2,0,0,0,0,1,1,-1,9,1,32,6,999,1,1,NISSAN JUKE,2,E01005003,0,1
2024471487339,2024,471487339,1,9,0,-1,3,8,4,-1,0,1,0,0,0,0,2,1,-1,9,1,33,6,1598,1,12,NISSAN JUKE,8,E01030534,0,4
2024061474621,2024,061474621,2,9,0,-1,1,-1,-1,-1,0,0,0,4,0,0,2,1,-1,6,1,-1,-1,999,1,0,NISSAN JUKE,-1,-1,0,-1
2024520500103,2024,520500103,1,9,0,9,9,1,7,0,0,8,0,0,0,0,3,1,6,6,2,56,9,1461,2,8,NISSAN JUKE,6,E01029211,0,3
2024041456250,2024,041456250,1,9,0,-1,5,7,3,-1,9,2,0,0,0,0,1,1,-1,9,1,45,7,1598,1,14,NISSAN JUKE,9,E01006377,0,4
2024161507654,2024,161507654,4,9,0,-1,19,2,6,-1,0,0,1,0,0,0,1,1,-1,9,2,48,8,1197,1,6,NISSAN JUKE,4,E01012964,0,2
2024991534761,2024,991534761,1,9,0,-1,8,1,4,-1,0,1,0,0,0,0,3,1,-1,9,1,26,6,999,1,0,NISSAN JUKE,5,E01023900,0,5
2024141466550,2024,141466550,1,9,0,-1,5,3,7,-1,0,2,0,0,0,0,1,1,-1,9,2,27,6,999,1,1,NISSAN JUKE,9,E01008023,0,2
2024461412656,2024,461412656,1,9,0,-1,19,5,1,-1,0,0,0,0,0,0,1,2,-1,6,2,29,6,1598,1,13,NISSAN JUKE,4,E01024002,0,3
2024461421114,2024,461421114,2,9,0,-1,19,7,3,-1,0,0,0,0,7,0,1,1,-1,2,2,47,8,1598,1,6,NISSAN JUKE,8,E01024175,0,1
2024131466913,2024,131466913,2,9,0,-1,5,1,7,-1,0,6,0,0,0,0,4,1,-1,9,1,39,7,1461,2,13,NISSAN JUKE,6,E01011861,0,3
2024461401804,2024,461401804,2,9,0,-1,19,4,1,-1,0,0,0,0,0,0,3,9,-1,6,1,75,10,999,1,1,NISSAN JUKE,5,E01024546,0,1
2024520402558,2024,520402558,1,9,0,18,19,5,1,0,0,8,0,0,2,10,4,1,6,6,1,73,10,1598,8,0,NISSAN JUKE,5,E01020077,0,4
2024201548688,2024,201548688,1,9,0,-1,19,3,1,-1,0,0,0,0,0,0,1,1,-1,2,1,22,5,1598,1,13,NISSAN JUKE,1,E01009141,0,1
2024531400952,2024,531400952,1,9,0,-1,9,5,3,-1,0,0,0,0,0,0,1,1,-1,9,2,42,7,1598,1,6,NISSAN JUKE,7,E01022336,0,1
2024421426594,2024,421426594,1,9,0,-1,19,7,3,-1,9,0,0,10,2,11,1,1,-1,9,2,30,6,999,1,4,NISSAN JUKE,2,E01015840,0,1
2024991437668,2024,991437668,2,9,0,-1,19,7,2,-1,0,8,0,0,0,0,1,1,-1,9,2,42,7,1598,1,12,NISSAN JUKE,3,-1,0,3
2024622400320,2024,622400320,2,9,0,9,9,2,8,0,0,2,0,0,1,0,3,1,6,6,1,23,5,1598,1,8,NISSAN JUKE,3,W01001080,0,1
2024520403046,2024,520403046,1,9,0,18,19,6,2,0,0,8,0,0,0,0,3,1,6,6,2,61,9,1598,8,1,NISSAN JUKE,5,E01014451,0,3
2024061536962,2024,061536962,1,9,0,-1,19,1,5,-1,0,0,0,0,0,0,1,1,-1,9,2,32,6,1598,1,11,NISSAN JUKE,1,E01005731,0,1
2024340WN7212,2024,340WN7212,2,9,0,-1,19,3,7,-1,0,8,0,0,0,0,3,1,-1,6,2,56,9,1197,1,7,NISSAN JUKE,1,E01027235,0,2
2024052401949,2024,052401949,1,9,0,5,5,2,5,0,0,1,0,0,0,0,3,1,6,6,2,-1,-1,1598,1,6,NISSAN JUKE,1,E01007228,0,1
2024131535722,2024,131535722,3,9,0,-1,19,5,1,-1,0,0,0,0,0,0,1,1,-1,6,1,48,8,1598,1,11,NISSAN JUKE,3,E01011037,0,4
2024101488636,2024,101488636,2,9,0,-1,8,3,1,-1,0,1,0,0,0,0,4,1,-1,6,1,49,8,1461,2,8,NISSAN JUKE,9,E01008520,0,2
2024461399256,2024,461399256,1,9,0,-1,19,4,8,-1,0,0,0,0,0,0,1,9,-1,6,1,28,6,999,1,3,NISSAN JUKE,7,E01033213,0,1
2024231513440,2024,231513440,3,9,0,-1,10,6,2,-1,0,1,0,0,0,0,2,9,-1,9,1,41,7,999,1,1,NISSAN JUKE,8,E01023299,0,5
2024371454277,2024,371454277,1,9,0,-1,9,1,3,-1,0,2,0,0,0,0,3,1,-1,9,1,25,5,1461,2,8,NISSAN JUKE,7,E01029911,0,1
2024501506089,2024,501506089,1,9,0,-1,9,2,7,-1,0,8,0,0,0,0,1,1,-1,6,1,34,6,999,1,0,NISSAN JUKE,7,E01018858,0,1
2024010497592,2024,010497592,2,9,0,4,4,1,5,0,0,0,0,0,0,0,2,1,6,6,1,64,9,999,1,3,NISSAN JUKE,3,E01034198,0,1
2024131432627,2024,131432627,1,9,0,-1,14,1,5,-1,0,1,0,0,0,0,1,1,-1,7,2,37,7,1461,2,10,NISSAN JUKE,8,E01011496,0,1
2024201485143,2024,201485143,2,9,0,-1,19,4,8,-1,0,1,0,0,0,0,1,1,-1,2,1,42,7,1598,1,10,NISSAN JUKE,1,E01033895,0,1
2024161452214,2024,161452214,3,9,0,-1,2,0,0,-1,0,0,0,0,0,0,2,1,-1,6,-1,-1,-1,1598,1,10,NISSAN JUKE,-1,-1,0,-1
2024052402639,2024,052402639,1,9,0,5,5,6,2,0,0,1,0,0,0,0,1,1,6,6,1,23,5,999,1,0,NISSAN JUKE,1,E01006493,0,2
2024131450316,2024,131450316,1,9,0,-1,19,3,7,-1,0,0,0,0,0,0,1,1,-1,6,1,46,8,1197,1,10,NISSAN JUKE,1,E01010659,0,1
2024010538410,2024,010538410,1,9,0,7,7,1,3,0,0,6,5,4,0,0,1,1,6,6,1,18,4,999,1,0,NISSAN JUKE,4,E01004760,0,1
2024461431369,2024,461431369,2,9,0,-1,19,1,5,-1,0,8,0,0,0,0,3,1,-1,6,1,64,9,1197,1,6,NISSAN JUKE,8,E01016126,0,1
2024991435761,2024,991435761,2,9,0,-1,9,6,4,-1,0,6,0,0,0,0,1,1,-1,2,2,36,7,1461,2,12,NISSAN JUKE,4,-1,0,1
2024520401546,2024,520401546,1,9,0,18,19,3,7,0,0,8,0,0,0,0,3,1,6,6,2,55,8,1598,1,13,NISSAN JUKE,7,E01035108,0,3
202417S410624,2024,17S410624,3,9,0,-1,13,2,6,-1,0,8,0,0,0,0,4,1,-1,9,1,35,6,1598,1,6,NISSAN JUKE,-1,-1,0,-1
2024010505405,2024,010505405,1,9,0,18,19,5,1,0,0,1,0,0,0,0,1,1,3,7,2,29,6,1197,1,7,NISSAN JUKE,3,E01003598,0,1
2024401475143,2024,401475143,2,9,0,-1,19,7,3,-1,0,0,0,0,0,0,1,1,-1,6,2,65,9,999,1,4,NISSAN JUKE,6,E01017571,0,1
2024010543235,2024,010543235,1,9,0,9,9,5,2,0,0,0,0,0,0,0,1,1,2,2,1,54,8,1197,1,9,NISSAN JUKE,3,E01001371,0,1
2024201518317,2024,201518317,1,9,0,-1,19,2,6,-1,0,8,0,0,7,0,1,1,-1,9,2,50,8,1598,1,12,NISSAN JUKE,1,E01008913,0,1
2024141407267,2024,141407267,1,9,0,-1,1,0,0,-1,9,0,0,0,0,0,2,1,-1,9,2,60,9,999,1,3,NISSAN JUKE,5,E01007347,0,1
2024111477662,2024,111477662,2,9,0,-1,19,5,1,-1,0,0,0,0,0,0,3,1,-1,6,2,51,8,1598,1,11,NISSAN JUKE,3,E01027749,0,4
2024070196192,2024,070196192,1,9,0,18,19,7,3,0,0,1,0,0,0,0,1,1,6,6,2,31,6,1461,2,8,NISSAN JUKE,7,E01012475,0,3
2024141400448,2024,141400448,2,9,0,-1,9,5,3,-1,0,8,0,0,0,0,4,1,-1,9,2,20,4,1461,2,12,NISSAN JUKE,2,E01007579,0,3
2024041405984,2024,041405984,1,9,0,-1,9,7,3,-1,0,2,0,0,0,0,1,1,-1,6,2,38,7,1598,1,6,NISSAN JUKE,2,E01010336,0,5
2024201457757,2024,201457757,1,9,0,-1,19,8,2,-1,0,6,0,0,0,0,1,1,-1,6,2,30,6,1598,1,13,NISSAN JUKE,3,E01009221,0,1
2024401466230,2024,401466230,1,9,0,-1,19,4,8,-1,0,0,0,0,0,0,1,1,-1,2,2,51,8,999,1,3,NISSAN JUKE,5,E01015793,0,1
2024451437168,2024,451437168,4,9,0,-1,19,1,5,-1,0,0,0,0,0,0,4,1,-1,9,2,76,11,1598,1,7,NISSAN JUKE,9,E01023849,0,4
2024351526131,2024,351526131,2,9,0,-1,19,6,1,-1,0,3,0,0,0,0,3,1,-1,9,2,41,7,1598,1,11,NISSAN JUKE,10,E01035557,0,3
2024471406182,2024,471406182,1,9,0,-1,9,3,1,-1,0,1,0,0,0,0,1,9,-1,2,2,59,9,1612,1,13,NISSAN JUKE,1,E01016900,0,2
2024471463770,2024,471463770,3,9,0,-1,-1,-1,-1,-1,-1,-1,-1,-1,-1,0,-1,1,-1,6,2,-1,-1,1461,2,8,NISSAN JUKE,7,E01031603,0,1
2024471396901,2024,471396901,1,9,0,-1,5,7,3,-1,9,0,0,0,0,0,1,1,-1,6,2,-1,-1,1598,1,8,NISSAN JUKE,-1,-1,0,-1
2024041476643,2024,041476643,2,9,0,-1,19,3,7,-1,0,1,0,0,0,0,1,1,-1,9,1,64,9,1598,1,5,NISSAN JUKE,3,E01024866,0,1
2024111519826,2024,111519826,2,9,0,-1,3,8,3,-1,0,0,0,0,0,0,2,1,-1,2,2,33,6,1197,1,8,NISSAN JUKE,7,E01011963,0,3
2024010528762,2024,010528762,2,9,0,4,4,7,3,0,0,0,0,0,0,0,1,1,6,6,2,33,6,1598,1,10,NISSAN JUKE,2,E01004247,0,2
2024461500358,2024,461500358,2,9,0,-1,19,3,7,-1,0,1,0,0,0,0,3,1,-1,6,1,46,8,1598,1,11,NISSAN JUKE,-1,-1,0,-1
2024131502251,2024,131502251,2,9,0,-1,19,3,7,-1,0,0,0,0,0,0,2,1,-1,9,1,34,6,1461,2,7,NISSAN JUKE,6,E01013039,0,4
2024161413489,2024,161413489,2,9,0,-1,2,0,0,-1,0,0,0,0,0,0,4,1,-1,6,-1,-1,-1,1598,1,11,NISSAN JUKE,-1,-1,0,-1
2024201504378,2024,201504378,1,9,0,-1,11,2,6,-1,0,1,0,0,0,0,4,1,-1,2,1,39,7,1598,1,6,NISSAN JUKE,6,E01014310,0,4
2024421433053,2024,421433053,1,9,0,-1,19,7,3,-1,0,4,0,0,0,0,1,1,-1,9,2,38,7,1598,1,10,NISSAN JUKE,-1,-1,0,-1
2024320189979,2024,320189979,2,9,0,9,9,7,4,0,0,6,0,0,0,0,3,1,-1,-1,2,20,4,1461,2,12,NISSAN JUKE,6,E01026309,0,1
2024991414205,2024,991414205,2,9,0,-1,19,7,4,-1,0,2,0,0,0,0,4,1,-1,1,1,39,7,999,1,1,NISSAN JUKE,2,-1,0,1
2024451480654,2024,451480654,2,9,0,-1,19,3,7,-1,0,1,0,0,0,0,1,1,-1,9,2,51,8,1598,1,10,NISSAN JUKE,9,E01030846,0,1
2024010525035,2024,010525035,7,9,0,3,3,6,2,0,0,0,0,0,0,0,2,2,6,6,2,44,7,1598,1,11,NISSAN JUKE,2,E01003351,0,1
2024361491672,2024,361491672,1,9,0,-1,9,7,4,-1,0,6,0,0,0,0,1,1,-1,9,1,75,10,1197,1,8,NISSAN JUKE,8,E01026895,0,3
2024311497090,2024,311497090,2,9,0,-1,19,2,6,-1,0,0,0,0,0,0,4,1,-1,9,1,70,10,1598,1,10,NISSAN JUKE,-1,-1,0,-1
2024010515087,2024,010515087,1,9,0,99,99,9,9,99,99,9,9,99,9,99,9,9,6,6,2,62,9,1598,1,5,NISSAN JUKE,2,E01033883,0,1
2024221448928,2024,221448928,1,9,0,-1,19,1,5,-1,9,1,0,0,0,0,4,9,-1,9,2,41,7,1197,1,8,NISSAN JUKE,3,E01028853,0,1
2024201448859,2024,201448859,1,9,0,-1,5,5,1,-1,0,8,0,0,0,0,1,9,-1,1,2,73,10,1598,1,7,NISSAN JUKE,4,E01009077,0,1
2024540098324,2024,540098324,1,9,0,8,8,4,8,0,0,6,0,0,0,0,1,1,1,1,2,62,9,999,1,1,NISSAN JUKE,6,E01032051,0,4
2024401465627,2024,401465627,1,9,-1,-1,-1,-1,-1,-1,-1,0,-1,-1,-1,0,-1,9,-1,6,3,-1,-1,1598,1,12,NISSAN JUKE,-1,-1,0,-1
2024010525985,2024,010525985,1,9,0,18,19,7,3,0,0,0,2,0,4,0,1,1,6,6,3,-1,-1,1598,1,9,NISSAN JUKE,-1,-1,0,-1
2024501485059,2024,501485059,2,9,0,-1,19,3,7,-1,0,0,1,0,0,0,3,1,-1,6,2,27,6,999,1,3,NISSAN JUKE,6,E01017717,0,5
2024991425574,2024,991425574,1,9,0,-1,19,4,8,-1,0,0,0,0,0,0,1,1,-1,9,2,37,7,1198,1,6,NISSAN JUKE,-1,-1,0,-1
2024231422620,2024,231422620,2,9,0,-1,19,8,4,-1,0,0,0,0,0,0,1,1,-1,2,2,48,8,1598,1,9,NISSAN JUKE,9,E01034320,0,3
2024131484766,2024,131484766,2,9,0,-1,19,7,3,-1,0,0,0,0,0,0,3,1,-1,9,2,39,7,1598,1,13,NISSAN JUKE,7,E01011383,0,3
2024411521051,2024,411521051,1,9,0,-1,19,5,1,-1,0,8,0,0,0,0,1,1,-1,6,2,39,7,1598,1,12,NISSAN JUKE,6,E01023306,0,1
2024552400933,2024,552400933,2,9,0,2,2,0,0,0,0,0,0,0,0,0,3,1,6,6,2,74,10,1197,1,10,NISSAN JUKE,5,E01020587,0,1
2024071016432,2024,071016432,3,9,0,-1,3,8,6,-1,0,1,0,0,0,0,2,1,-1,9,2,59,9,1461,2,8,NISSAN JUKE,6,W01000064,0,4
2024101477326,2024,101477326,1,9,0,-1,3,5,5,-1,0,3,0,0,0,0,1,1,-1,6,1,39,7,1461,2,9,NISSAN JUKE,-1,-1,0,-1
2024411469195,2024,411469195,1,9,0,-1,19,4,8,-1,0,0,0,0,1,0,1,1,-1,6,1,27,6,1598,1,10,NISSAN JUKE,10,E01023567,0,1
2024991472393,2024,991472393,1,9,0,-1,19,7,3,-1,0,1,0,0,0,0,1,1,-1,6,1,28,6,1461,2,7,NISSAN JUKE,5,-1,0,2
2024010505904,2024,010505904,2,9,0,99,99,9,9,99,99,9,9,99,9,99,1,9,6,6,3,32,6,1618,1,11,NISSAN JUKE,9,E01003890,0,1
2024010535579,2024,010535579,2,9,9,99,99,9,9,0,0,0,5,99,9,99,9,9,6,6,3,46,8,1598,1,14,NISSAN JUKE,2,E01003184,0,4
202460Q178272,2024,60Q178272,1,9,0,11,11,7,3,0,0,1,0,10,1,0,1,1,6,6,1,40,7,1461,2,8,NISSAN JUKE,-1,-1,0,-1
2024010537530,2024,010537530,2,9,0,18,19,3,7,0,0,1,0,0,0,0,1,1,6,6,1,31,6,999,1,1,NISSAN JUKE,1,E01002853,0,1
2024421416960,2024,421416960,2,9,0,-1,3,5,1,-1,0,1,0,0,0,0,1,1,-1,9,1,54,8,1598,1,8,NISSAN JUKE,-1,-1,0,-1
2024540263024,2024,540263024,2,9,0,2,2,0,0,0,0,0,0,0,0,0,4,1,6,6,2,25,5,1461,2,12,NISSAN JUKE,9,E01031931,0,2
2024201497920,2024,201497920,1,9,0,-1,2,0,0,-1,0,0,0,0,0,0,3,1,-1,6,2,48,8,1197,1,8,NISSAN JUKE,1,E01009512,0,3
2024161409603,2024,161409603,1,9,0,-1,12,8,4,-1,0,0,1,0,0,0,2,1,-1,9,1,85,11,1598,8,1,NISSAN JUKE,-1,-1,0,-1
2024501398007,2024,501398007,3,9,0,-1,2,0,0,-1,0,2,0,0,0,0,2,1,-1,6,-1,-1,-1,1598,1,5,NISSAN JUKE,-1,-1,0,-1
2024610007124,2024,610007124,1,9,0,18,19,5,1,0,0,8,0,0,0,0,1,1,6,6,2,62,9,999,1,3,NISSAN JUKE,8,W01001608,0,1
2024320724813,2024,320724813,2,9,0,12,12,4,8,0,0,6,0,0,0,0,2,1,-1,-1,2,82,11,1598,1,7,NISSAN JUKE,9,E01026355,0,2
2024371417810,2024,371417810,1,9,0,-1,7,5,1,-1,0,8,0,0,0,0,4,1,-1,9,2,45,7,1598,1,11,NISSAN JUKE,4,E01026752,0,4
2024221486630,2024,221486630,1,9,0,-1,19,7,3,-1,0,6,0,0,0,0,1,9,-1,6,2,26,6,1461,2,11,NISSAN JUKE,2,W01001456,0,4
2024131523743,2024,131523743,2,9,0,-1,19,7,3,-1,0,3,0,0,0,0,1,1,-1,2,2,37,7,1461,2,11,NISSAN JUKE,2,E01011809,0,1
2024991447774,2024,991447774,1,9,0,-1,19,5,1,-1,0,2,1,0,0,0,3,1,-1,2,1,20,4,1598,1,8,NISSAN JUKE,-1,-1,0,-1
2024471398694,2024,471398694,1,9,0,-1,19,5,1,-1,0,0,0,0,0,0,4,1,-1,9,2,33,6,1598,1,13,NISSAN JUKE,6,E01031568,0,1
2024991457765,2024,991457765,1,9,0,-1,19,3,7,-1,0,0,0,0,0,0,1,1,-1,6,2,85,11,999,1,0,NISSAN JUKE,3,-1,0,1
2024141435340,2024,141435340,4,9,0,-1,19,5,1,-1,0,0,0,0,0,0,3,9,-1,6,2,42,7,1598,8,2,NISSAN JUKE,5,E01007996,0,1
2024461471702,2024,461471702,2,9,0,-1,19,5,1,-1,0,0,0,0,0,0,2,9,-1,9,2,27,6,1461,2,6,NISSAN JUKE,5,E01035299,0,3
2024361438253,2024,361438253,1,9,0,-1,19,6,2,-1,0,0,0,0,0,0,1,1,-1,6,1,84,11,1598,1,7,NISSAN JUKE,7,E01026748,0,3
2024531524239,2024,531524239,2,9,0,-1,3,3,4,-1,0,4,0,0,0,0,4,1,-1,6,2,48,8,1598,1,12,NISSAN JUKE,8,E01034810,0,2
2024221425999,2024,221425999,2,9,0,-1,19,6,2,-1,0,2,0,10,1,11,1,1,-1,9,2,55,8,1461,2,10,NISSAN JUKE,8,E01014112,0,1
2024122400634,2024,122400634,1,9,0,16,19,6,1,0,0,0,0,0,1,0,3,1,6,6,1,72,10,1197,1,10,NISSAN JUKE,2,E01012658,0,4
2024010545226,2024,010545226,1,9,0,9,9,3,2,0,0,2,0,0,0,0,4,1,6,6,1,54,8,1598,1,5,NISSAN JUKE,3,E01003286,0,3
2024430378885,2024,430378885,2,9,0,18,19,8,4,0,0,6,0,0,0,0,1,1,6,6,2,-1,-1,1598,1,13,NISSAN JUKE,-1,-1,0,-1
2024461495604,2024,461495604,2,9,0,-1,4,7,3,-1,0,0,0,0,0,0,2,9,-1,6,2,31,6,1197,1,7,NISSAN JUKE,1,E01024597,0,1
2024010529128,2024,010529128,2,9,0,18,19,3,7,0,0,5,0,0,0,0,1,1,6,6,1,20,4,999,1,0,NISSAN JUKE,2,E01004382,0,3
2024010519480,2024,010519480,5,9,0,2,2,0,0,0,0,2,0,0,0,0,2,1,6,6,3,-1,-1,1598,1,12,NISSAN JUKE,-1,-1,0,-1
202454C989524,2024,54C989524,1,9,0,16,19,3,5,0,0,1,0,0,0,0,4,1,2,2,1,62,9,1197,1,10,NISSAN JUKE,6,E01015574,0,2
2024161476423,2024,161476423,1,9,0,-1,9,7,5,-1,0,8,0,0,0,0,1,9,-1,6,2,20,4,1598,1,13,NISSAN JUKE,1,E01013218,0,1
2024340WN0912,2024,340WN0912,3,9,0,-1,10,6,2,-1,0,1,0,0,0,0,2,1,-1,9,2,48,8,1598,1,7,NISSAN JUKE,4,E01027012,0,1
2024544092324,2024,544092324,1,9,0,18,19,7,3,0,0,1,5,4,0,0,1,1,6,6,1,38,7,999,1,1,NISSAN JUKE,5,E01032090,0,1
2024070512494,2024,070512494,1,9,0,9,9,1,7,0,0,1,0,0,0,0,3,1,6,6,2,35,6,1461,2,8,NISSAN JUKE,8,E01012551,0,4
2024520402460,2024,520402460,2,9,0,18,19,9,9,0,0,8,9,0,0,0,3,1,6,6,1,-1,-1,1197,1,8,NISSAN JUKE,5,E01029324,0,4
2024201480894,2024,201480894,2,9,0,-1,2,0,0,-1,0,8,0,0,0,0,2,1,-1,6,1,30,6,1598,1,13,NISSAN JUKE,1,E01010401,0,2
2024211523206,2024,211523206,1,9,0,-1,19,2,4,-1,0,1,0,0,0,0,1,1,-1,6,1,52,8,1598,1,8,NISSAN JUKE,-1,-1,0,-1
2024320051528,2024,320051528,2,9,0,-1,-1,6,2,0,0,8,0,0,0,0,3,1,6,6,2,26,6,1461,2,12,NISSAN JUKE,6,E01034644,0,4
2024010546153,2024,010546153,3,9,0,2,2,0,0,0,0,1,0,0,0,0,2,1,6,6,3,-1,-1,1598,1,9,NISSAN JUKE,-1,-1,0,-1
2024101407748,2024,101407748,1,9,0,-1,19,7,3,-1,0,1,1,0,0,0,4,1,-1,9,1,41,7,999,1,1,NISSAN JUKE,9,E01032647,0,1
2024201441086,2024,201441086,1,9,0,-1,9,3,8,-1,0,1,0,0,0,0,1,9,-1,9,2,25,5,999,1,4,NISSAN JUKE,2,E01009014,0,1
2024201430903,2024,201430903,1,9,0,-1,7,7,1,-1,0,8,0,0,0,0,1,9,-1,6,2,-1,-1,1461,2,11,NISSAN JUKE,-1,-1,0,-1
2024411549601,2024,411549601,2,9,0,-1,7,3,5,-1,0,0,0,0,0,0,1,1,-1,1,1,67,10,1598,1,13,NISSAN JUKE,9,E01023770,0,1
2024520001392,2024,520001392,2,9,0,18,19,3,7,0,0,0,0,0,0,0,1,1,3,7,2,56,9,1197,1,9,NISSAN JUKE,6,E01014939,0,1
2024622400850,2024,622400850,1,9,0,16,19,2,6,0,0,0,0,0,0,0,1,1,6,6,1,27,6,999,1,0,NISSAN JUKE,3,W01001020,0,2
2024131513613,2024,131513613,1,9,0,-1,15,5,1,-1,0,0,0,4,0,0,1,1,-1,6,1,71,10,1598,1,8,NISSAN JUKE,2,E01011136,0,1
2024201445879,2024,201445879,3,9,0,-1,3,2,6,-1,0,0,0,0,0,0,2,1,-1,7,2,48,8,1598,1,11,NISSAN JUKE,1,E01034915,0,1
2024340WN7212,2024,340WN7212,1,9,0,-1,19,1,5,-1,0,8,0,0,0,0,1,1,-1,9,1,59,9,999,1,0,NISSAN JUKE,-1,-1,0,-1