collision_index,collision_year,collision_ref_no,vehicle_reference,vehicle_type,towing_and_articulation,vehicle_manoeuvre_historic,vehicle_manoeuvre,vehicle_direction_from,vehicle_direction_to,vehicle_location_restricted_lane_historic,vehicle_location_restricted_lane,junction_location,skidding_and_overturning,hit_object_in_carriageway,vehicle_leaving_carriageway,hit_object_off_carriageway,first_point_of_impact,vehicle_left_hand_drive,journey_purpose_of_driver_historic,journey_purpose_of_driver,sex_of_driver,age_of_driver,age_band_of_driver,engine_capacity_cc,propulsion_code,age_of_vehicle,generic_make_model,driver_imd_decile,lsoa_of_driver,escooter_flag,driver_distance_banding
2024111498024,2024,111498024,1,9,0,-1,19,2,6,-1,0,0,0,0,0,0,1,1,-1,6,2,30,6,1598,1,13,NISSAN JUKE,6,E01008685,0,3
2024411429675,2024,411429675,2,9,0,-1,5,1,5,-1,0,6,0,0,0,0,3,1,-1,6,2,41,7,1598,1,11,NISSAN JUKE,5,E01023827,0,1
2024161423192,2024,161423192,2,9,0,-1,19,5,1,-1,0,0,0,0,0,0,0,1,-1,1,2,43,7,1461,2,5,NISSAN JUKE,1,E01013210,0,1
2024231414874,2024,231414874,1,9,0,-1,11,4,8,-1,0,1,0,0,0,0,3,9,-1,6,1,30,6,1461,2,8,NISSAN JUKE,4,E01031133,0,1
2024070889654,2024,070889654,1,9,0,-1,9,4,2,-1,0,8,0,0,0,0,1,1,-1,6,2,75,10,1598,1,13,NISSAN JUKE,-1,-1,0,-1
2024211415910,2024,211415910,2,9,0,-1,10,2,8,-1,0,8,0,0,0,0,2,9,-1,2,2,-1,-1,1598,1,11,NISSAN JUKE,8,E01009919,0,1
2024061518145,2024,061518145,1,9,0,-1,9,1,7,-1,0,6,0,0,0,0,1,1,-1,6,2,21,5,1598,1,10,NISSAN JUKE,5,E01006200,0,1
2024122401094,2024,122401094,2,9,0,4,4,5,1,0,0,4,0,0,0,0,2,1,6,6,1,27,6,999,1,2,NISSAN JUKE,10,E01013432,0,1
2024061522767,2024,061522767,1,9,0,-1,9,3,7,-1,0,8,0,0,0,0,1,1,-1,9,2,62,9,1461,2,8,NISSAN JUKE,3,E01005761,0,1
2024471463642,2024,471463642,1,9,0,-1,19,7,3,-1,0,0,0,0,0,0,2,1,-1,9,2,59,9,999,1,4,NISSAN JUKE,6,E01020960,0,4
2024421411873,2024,421411873,1,9,0,-1,19,1,5,-1,0,1,0,0,0,0,1,9,-1,6,1,84,11,1598,1,6,NISSAN JUKE,7,E01021520,0,1
2024351456702,2024,351456702,1,9,0,-1,19,2,6,-1,0,6,0,0,0,0,3,9,-1,9,2,29,6,1461,2,9,NISSAN JUKE,8,E01015650,0,1
2024411578266,2024,411578266,1,9,0,-1,9,8,6,-1,0,1,0,0,0,0,4,1,-1,2,2,56,9,1598,1,11,NISSAN JUKE,6,E01023606,0,1
2024141402306,2024,141402306,2,9,0,-1,5,7,3,-1,0,6,0,0,0,0,1,1,-1,6,1,28,6,999,1,1,NISSAN JUKE,6,E01019819,0,4
2024010532303,2024,010532303,2,9,0,16,19,8,4,0,0,6,0,0,0,0,1,1,6,6,2,72,10,1598,1,13,NISSAN JUKE,2,E01002087,0,1
2024302401706,2024,302401706,3,9,0,-1,10,8,4,-1,0,8,0,0,1,0,1,1,-1,9,1,66,10,1461,2,9,NISSAN JUKE,6,E01019815,0,1
2024411537271,2024,411537271,3,9,0,-1,19,3,7,-1,0,8,0,0,4,0,1,1,-1,6,1,58,9,1598,1,9,NISSAN JUKE,2,E01001505,0,3
2024010522839,2024,010522839,1,9,0,18,19,5,1,0,0,1,0,0,0,0,1,1,6,6,1,21,5,1598,1,11,NISSAN JUKE,4,E01001995,0,2
2024010548532,2024,010548532,2,9,0,99,99,9,9,99,99,1,9,99,9,99,9,9,6,6,3,37,7,1598,1,5,NISSAN JUKE,3,E01003438,0,1
2024302400920,2024,302400920,1,9,0,16,19,3,5,0,0,0,0,0,0,0,1,1,6,6,2,83,11,999,1,1,NISSAN JUKE,4,E01019824,0,1
2024501533209,2024,501533209,1,9,0,-1,19,4,7,-1,9,1,0,10,7,0,1,1,-1,9,1,87,11,1598,1,6,NISSAN JUKE,3,E01015069,0,1
2024421515235,2024,421515235,1,9,0,-1,19,2,6,-1,0,0,0,0,0,0,2,9,-1,6,2,50,8,1598,1,13,NISSAN JUKE,6,E01033719,0,1
2024122400353,2024,122400353,2,9,0,18,19,1,5,0,0,8,0,0,0,0,1,1,6,6,2,49,8,999,1,4,NISSAN JUKE,7,E01027888,0,2
2024320272710,2024,320272710,1,9,0,-1,-1,6,2,0,0,1,0,0,0,0,1,1,6,6,2,44,7,1598,1,11,NISSAN JUKE,5,E01026283,0,3
2024461415440,2024,461415440,2,9,0,-1,11,5,1,-1,0,0,0,0,8,0,4,1,-1,6,2,33,6,1598,1,5,NISSAN JUKE,4,E01000406,0,4
2024421425771,2024,421425771,1,9,0,-1,19,7,3,-1,0,0,1,7,6,0,1,1,-1,1,2,43,7,1598,1,12,NISSAN JUKE,3,E01021266,0,1
2024201503220,2024,201503220,1,9,0,-1,10,6,2,-1,0,1,0,0,0,0,4,1,-1,6,1,46,8,1598,1,10,NISSAN JUKE,1,E01009585,0,1
2024221481969,2024,221481969,1,9,0,-1,19,1,5,-1,0,0,0,0,0,0,1,1,-1,9,2,65,9,1461,2,10,NISSAN JUKE,2,E01032240,0,3
2024552500039,2024,552500039,1,9,0,7,7,3,6,0,0,6,0,0,0,0,3,1,2,2,2,65,9,1461,2,6,NISSAN JUKE,4,E01020518,0,1
2024141439284,2024,141439284,1,9,0,-1,15,3,7,-1,0,0,5,4,0,0,1,1,-1,9,1,77,11,1598,8,1,NISSAN JUKE,1,E01007629,0,1
2024122401261,2024,122401261,1,9,0,17,19,7,4,0,0,0,0,0,0,0,1,1,6,6,2,37,7,1618,1,11,NISSAN JUKE,9,E01013338,0,1
2024041496521,2024,041496521,2,9,0,-1,5,5,1,-1,0,5,0,0,0,0,1,1,-1,2,1,49,8,999,1,1,NISSAN JUKE,7,E01024978,0,3
2024201406668,2024,201406668,1,9,0,-1,5,6,2,-1,0,1,0,0,0,0,1,1,-1,6,2,20,4,1461,2,10,NISSAN JUKE,-1,-1,0,-1
2024401454278,2024,401454278,2,9,0,-1,4,8,4,-1,0,1,0,0,0,0,3,1,-1,9,2,36,7,1461,2,6,NISSAN JUKE,7,E01017577,0,1
2024451471949,2024,451471949,2,9,0,-1,19,1,5,-1,0,0,0,0,1,0,1,1,-1,6,1,24,5,1197,1,9,NISSAN JUKE,8,E01031518,0,1
2024010538104,2024,010538104,2,9,0,99,99,9,9,99,99,9,9,99,9,99,9,9,6,6,3,-1,-1,1598,1,11,NISSAN JUKE,-1,-1,0,-1
2024010497236,2024,010497236,2,9,9,18,19,3,7,99,99,9,9,99,9,99,9,9,6,6,3,-1,-1,1598,1,5,NISSAN JUKE,2,E01002090,0,1
2024010551538,2024,010551538,2,9,0,99,99,9,9,99,99,9,9,99,9,99,1,9,6,6,3,-1,-1,1598,1,8,NISSAN JUKE,-1,-1,0,-1
2024430259009,2024,430259009,3,9,0,2,2,0,0,0,0,0,0,0,0,0,2,1,6,6,3,-1,-1,1461,2,7,NISSAN JUKE,-1,-1,0,-1
2024041505989,2024,041505989,1,9,0,-1,19,1,5,-1,0,1,0,0,0,0,1,1,-1,9,1,62,9,1598,8,1,NISSAN JUKE,4,E01024989,0,1
2024401519804,2024,401519804,2,9,0,-1,19,1,5,-1,0,0,0,0,0,0,1,1,-1,9,1,81,11,1598,1,6,NISSAN JUKE,5,E01017388,0,3
2024101479231,2024,101479231,2,9,0,-1,4,5,1,-1,0,0,0,0,0,0,2,2,-1,6,2,54,8,999,1,2,NISSAN JUKE,-1,-1,0,-1
2024522401556,2024,522401556,2,9,0,3,3,5,1,0,0,0,0,0,0,0,4,1,6,6,2,26,6,1618,1,11,NISSAN JUKE,2,E01014629,0,1
2024010528556,2024,010528556,2,9,0,9,9,3,2,0,0,2,0,0,0,0,1,1,6,6,1,30,6,1598,1,13,NISSAN JUKE,7,E01000196,0,1
2024010506279,2024,010506279,2,9,0,2,2,0,0,0,0,2,0,0,0,0,3,1,6,6,3,-1,-1,1598,1,7,NISSAN JUKE,-1,-1,0,-1
2024302401491,2024,302401491,2,9,0,18,19,7,3,0,0,1,0,0,0,0,1,1,2,2,1,21,5,1197,1,8,NISSAN JUKE,4,E01019824,0,1
2024010510672,2024,010510672,2,9,0,99,99,9,9,99,99,9,9,99,9,99,1,9,6,6,2,42,7,1598,1,8,NISSAN JUKE,4,E01003353,0,1
2024111500967,2024,111500967,2,9,0,-1,8,2,5,-1,0,4,0,0,0,0,2,1,-1,6,2,45,7,1461,2,7,NISSAN JUKE,3,E01020856,0,4
2024401415118,2024,401415118,2,9,0,-1,3,7,3,-1,0,8,0,0,0,0,2,1,-1,9,2,46,8,1618,1,8,NISSAN JUKE,2,E01017492,0,1
2024041493669,2024,041493669,2,9,0,-1,9,5,3,-1,0,6,0,0,0,0,1,1,-1,9,2,59,9,1598,1,11,NISSAN JUKE,9,E01024979,0,2
2024421407790,2024,421407790,1,9,0,-1,19,3,7,-1,0,0,0,0,0,0,1,1,-1,6,1,15,3,1598,1,7,NISSAN JUKE,1,E01016007,0,1
2024061533395,2024,061533395,1,9,0,-1,19,8,4,-1,0,1,0,0,0,0,1,1,-1,2,1,41,7,1598,8,0,NISSAN JUKE,8,E01004780,0,4
2024131513151,2024,131513151,2,9,0,-1,4,1,5,-1,0,0,0,0,0,0,2,1,-1,9,2,71,10,1461,2,11,NISSAN JUKE,5,E01010585,0,1
2024471449564,2024,471449564,1,9,0,-1,15,3,7,-1,0,0,0,0,0,0,4,9,-1,6,1,51,8,1598,8,1,NISSAN JUKE,3,E01024487,0,3
2024201511362,2024,201511362,1,9,0,-1,19,6,2,-1,0,8,0,0,0,0,4,1,-1,9,1,25,5,1598,8,0,NISSAN JUKE,-1,-1,0,-1
2024201529936,2024,201529936,1,9,0,-1,2,0,0,-1,0,8,0,0,0,0,1,1,-1,2,1,27,6,1598,1,12,NISSAN JUKE,-1,-1,0,-1
2024161431519,2024,161431519,1,9,0,-1,5,6,2,-1,5,0,0,0,0,0,4,1,-1,9,2,45,7,1598,8,2,NISSAN JUKE,7,E01013008,0,1
2024421451843,2024,421451843,2,9,0,-1,9,7,5,-1,0,8,0,0,0,0,4,1,-1,6,1,29,6,1598,1,10,NISSAN JUKE,6,E01021331,0,1
2024622400253,2024,622400253,1,9,0,18,19,2,6,0,0,0,0,0,0,0,3,1,6,6,2,44,7,1598,1,10,NISSAN JUKE,1,W01001857,0,1
2024221498581,2024,221498581,2,9,0,-1,2,0,0,-1,0,0,0,0,0,0,3,1,-1,6,2,59,9,1598,1,10,NISSAN JUKE,5,E01028866,0,1
2024631478167,2024,631478167,1,9,0,-1,5,7,3,-1,0,0,0,0,0,0,4,1,-1,2,2,46,8,999,1,2,NISSAN JUKE,1,W01000835,0,3
2024111480202,2024,111480202,2,9,0,-1,19,7,3,-1,0,1,1,0,0,0,1,1,-1,9,2,24,5,1461,2,9,NISSAN JUKE,6,E01020697,0,2
2024201455406,2024,201455406,2,9,0,-1,5,6,2,-1,0,8,0,0,0,0,9,1,-1,6,2,40,7,1461,2,11,NISSAN JUKE,1,E01009380,0,1
2024211441383,2024,211441383,2,9,0,-1,19,7,7,-1,0,2,0,0,0,0,1,1,-1,2,2,37,7,1598,1,9,NISSAN JUKE,4,E01029472,0,4
2024430282959,2024,430282959,1,9,0,18,19,8,4,0,0,4,2,9,0,0,1,1,6,6,1,25,5,1461,2,9,NISSAN JUKE,5,E01017844,0,4
2024141406422,2024,141406422,1,9,0,-1,19,2,6,-1,0,0,0,0,0,0,4,1,-1,6,1,58,9,1612,1,12,NISSAN JUKE,2,E01007326,0,1
2024010501489,2024,010501489,1,9,0,5,5,0,1,0,0,8,0,0,0,0,1,1,6,6,2,53,8,999,1,1,NISSAN JUKE,-1,-1,0,-1
2024010532544,2024,010532544,2,9,0,99,99,9,9,99,99,9,9,99,9,99,1,9,6,6,3,47,8,1197,1,9,NISSAN JUKE,5,E01001418,0,1
2024351508526,2024,351508526,1,9,0,-1,19,-1,-1,-1,0,8,0,0,0,0,2,1,-1,6,1,39,7,1461,2,8,NISSAN JUKE,4,E01015591,0,1
2024501529492,2024,501529492,1,9,0,-1,9,8,6,-1,0,6,0,0,0,0,0,1,-1,1,1,42,7,999,1,0,NISSAN JUKE,4,E01015077,0,2
2024010499495,2024,010499495,2,9,0,99,99,9,9,99,99,0,9,99,9,99,9,9,6,6,3,-1,-1,999,1,4,NISSAN JUKE,-1,-1,0,-1
2024440245158,2024,440245158,2,9,0,18,19,8,4,0,0,0,0,0,0,0,1,1,6,6,2,50,8,1598,1,11,NISSAN JUKE,10,E01022856,0,1
2024231460847,2024,231460847,2,9,0,-1,5,2,6,-1,0,4,0,0,7,0,4,1,-1,9,2,35,6,1598,1,8,NISSAN JUKE,2,E01009210,0,3
2024010539666,2024,010539666,2,9,9,99,99,9,9,99,99,9,9,99,9,99,9,9,6,6,3,-1,-1,999,1,4,NISSAN JUKE,-1,-1,0,-1
2024430369158,2024,430369158,1,9,0,18,19,4,8,0,0,2,0,0,0,0,1,1,6,6,2,73,10,1598,8,1,NISSAN JUKE,5,E01017867,0,1
2024302400845,2024,302400845,1,9,0,18,19,2,6,0,0,0,0,0,0,0,2,1,6,6,3,-1,-1,1598,1,11,NISSAN JUKE,-1,-1,0,-1
2024010528453,2024,010528453,2,9,0,7,7,9,9,99,99,5,9,99,9,99,9,9,6,6,3,-1,-1,1197,1,9,NISSAN JUKE,-1,-1,0,-1
2024421483575,2024,421483575,1,9,0,-1,19,4,7,-1,0,2,0,4,0,0,1,1,-1,6,2,33,6,1598,1,10,NISSAN JUKE,10,E01022084,0,1
2024421422925,2024,421422925,1,9,0,-1,19,4,8,-1,0,0,0,0,0,0,1,1,-1,7,2,49,8,1598,1,13,NISSAN JUKE,7,E01021338,0,1
2024221397092,2024,221397092,1,9,0,-1,9,3,1,-1,0,6,0,0,0,0,1,1,-1,9,1,73,10,1197,1,9,NISSAN JUKE,10,E01032135,0,1
2024131473493,2024,131473493,1,9,0,-1,19,3,7,-1,0,0,0,0,0,0,4,1,-1,6,2,23,5,999,1,0,NISSAN JUKE,-1,-1,0,-1
2024231447634,2024,231447634,2,9,0,-1,4,2,4,-1,0,0,0,0,0,0,1,9,-1,6,1,54,8,999,1,4,NISSAN JUKE,3,E01009568,0,1
2024131472966,2024,131472966,2,9,0,-1,19,7,3,-1,0,1,0,0,0,0,4,1,-1,9,1,41,7,1461,2,9,NISSAN JUKE,6,E01027881,0,3
2024302400436,2024,302400436,2,9,0,18,19,6,2,0,0,0,0,0,0,0,1,1,6,6,1,68,10,1197,1,9,NISSAN JUKE,3,E01019459,0,3
2024211530943,2024,211530943,1,9,0,-1,4,3,7,-1,0,0,0,0,0,0,1,1,-1,6,2,73,10,1197,1,10,NISSAN JUKE,-1,-1,0,-1
2024141499360,2024,141499360,3,9,0,-1,2,0,0,-1,0,2,0,4,0,0,1,9,-1,6,-1,-1,-1,1461,2,11,NISSAN JUKE,-1,-1,0,-1
2024201434609,2024,201434609,2,9,0,-1,3,2,6,-1,0,0,0,0,0,0,1,1,-1,9,2,34,6,1598,1,10,NISSAN JUKE,1,E01010456,0,1
2024070463357,2024,070463357,3,9,0,4,4,8,4,0,0,0,1,0,0,0,1,1,2,2,1,-1,-1,1197,1,9,NISSAN JUKE,-1,-1,0,-1
2024211492959,2024,211492959,1,9,0,-1,19,4,8,-1,0,0,1,10,4,6,1,1,-1,9,1,51,8,1598,1,5,NISSAN JUKE,9,E01027116,0,5
2024211438083,2024,211438083,1,9,0,-1,19,4,6,-1,0,0,1,0,0,0,1,1,-1,6,2,44,7,1461,2,13,NISSAN JUKE,2,E01029445,0,1
2024010502588,2024,010502588,2,9,9,99,99,9,9,99,99,9,9,99,9,99,9,9,6,6,1,52,8,1598,1,10,NISSAN JUKE,2,E01003535,0,3
2024010508288,2024,010508288,2,9,0,99,99,9,9,99,99,9,9,99,0,0,9,9,6,6,3,-1,-1,1598,1,6,NISSAN JUKE,-1,-1,0,-1
2024010512230,2024,010512230,1,9,0,7,7,1,3,0,0,3,0,0,0,0,1,1,2,2,2,32,6,1598,1,5,NISSAN JUKE,2,E01001219,0,1
2024421491414,2024,421491414,1,9,0,-1,19,5,1,-1,0,0,0,0,0,0,1,1,-1,6,2,61,9,1598,8,1,NISSAN JUKE,8,E01021924,0,2
2024411529194,2024,411529194,2,9,-1,-1,-1,-1,-1,-1,-1,-1,-1,-1,-1,0,3,9,-1,9,2,40,7,1598,1,12,NISSAN JUKE,5,E01023720,0,1
2024201424681,2024,201424681,2,9,0,-1,3,4,8,-1,0,1,0,0,0,0,2,1,-1,6,2,71,10,1598,1,11,NISSAN JUKE,2,E01009684,0,1
2024991439276,2024,991439276,1,9,0,-1,19,2,7,-1,0,0,0,0,1,0,1,9,-1,9,2,25,5,1461,2,8,NISSAN JUKE,7,-1,0,2
2024201479607,2024,201479607,2,9,0,-1,3,3,7,-1,0,0,0,0,0,0,2,1,-1,6,2,50,8,1598,1,13,NISSAN JUKE,5,E01014804,0,5
2024010533518,2024,010533518,1,9,0,99,99,9,9,99,99,0,9,99,9,99,2,9,6,6,1,37,7,999,1,1,NISSAN JUKE,6,E01003751,0,3
2024010498680,2024,010498680,3,9,0,18,19,5,1,0,0,1,0,0,0,0,4,1,6,6,2,60,9,999,1,1,NISSAN JUKE,6,E01003255,0,1
2024010545633,2024,010545633,1,9,0,9,9,3,1,4,4,1,0,10,0,0,1,1,6,6,3,-1,-1,1598,1,12,NISSAN JUKE,-1,-1,0,-1
2024201432571,2024,201432571,2,9,0,-1,19,4,8,-1,0,8,0,10,7,10,4,9,-1,1,2,61,9,999,1,3,NISSAN JUKE,2,E01009082,0,1
2024201499732,2024,201499732,2,9,0,-1,19,8,4,-1,0,8,0,0,0,0,4,1,-1,9,1,37,7,1598,1,13,NISSAN JUKE,1,E01009000,0,2
2024371452937,2024,371452937,3,9,0,-1,19,3,7,-1,0,8,0,0,0,0,2,1,-1,2,2,35,6,1598,1,7,NISSAN JUKE,2,E01030168,0,3
2024010535905,2024,010535905,5,9,0,4,4,6,2,0,0,1,0,4,0,0,1,1,2,2,2,57,9,1197,1,7,NISSAN JUKE,2,E01001507,0,2
2024010517076,2024,010517076,1,9,0,99,99,9,9,99,99,9,9,99,9,99,9,9,6,6,2,27,6,999,1,3,NISSAN JUKE,5,E01023537,0,2
2024411417166,2024,411417166,1,9,0,-1,4,5,1,-1,0,0,0,0,0,0,1,1,-1,6,2,36,7,1461,2,8,NISSAN JUKE,9,E01017422,0,4
2024101513319,2024,101513319,1,9,0,-1,19,5,1,-1,0,0,0,0,0,0,4,9,-1,6,1,33,6,999,1,3,NISSAN JUKE,4,E01008172,0,1
2024010528704,2024,010528704,2,9,0,18,19,3,7,0,0,1,0,4,1,0,1,1,6,6,3,37,7,1598,1,8,NISSAN JUKE,3,E01034150,0,2
2024221409255,2024,221409255,2,9,0,-1,3,2,6,-1,0,0,0,0,0,0,2,9,-1,9,1,54,8,1598,1,5,NISSAN JUKE,8,E01032443,0,1
2024440540158,2024,440540158,1,9,0,7,7,1,3,0,0,6,0,0,0,0,4,1,6,6,2,79,11,999,1,2,NISSAN JUKE,3,E01022959,0,1
2024332400038,2024,332400038,1,9,0,-1,5,1,5,-1,0,8,0,0,3,0,4,1,-1,9,1,55,8,1461,2,12,NISSAN JUKE,4,E01026256,0,4
2024101425367,2024,101425367,2,9,0,-1,3,7,3,-1,0,1,0,0,0,0,2,1,-1,1,1,51,8,1461,2,10,NISSAN JUKE,1,E01008327,0,1
2024991485866,2024,991485866,1,9,0,-1,10,8,5,-1,0,5,0,0,0,0,2,1,-1,9,1,62,9,999,1,1,NISSAN JUKE,-1,-1,0,-1
2024061517681,2024,061517681,1,9,0,-1,1,5,3,-1,0,8,0,0,0,0,1,1,-1,1,2,23,5,1198,1,7,NISSAN JUKE,4,E01006286,0,1
2024141500606,2024,141500606,1,9,0,-1,9,6,4,-1,0,8,0,0,0,0,1,1,-1,9,2,44,7,1612,1,13,NISSAN JUKE,1,E01008100,0,2
2024061465155,2024,061465155,1,9,0,-1,7,1,5,-1,4,1,0,0,0,0,4,1,-1,6,2,70,10,1197,1,9,NISSAN JUKE,4,E01033976,0,2
2024010507001,2024,010507001,1,9,0,3,3,2,6,0,0,8,0,0,0,0,2,1,6,6,2,33,6,1461,2,8,NISSAN JUKE,10,W01000804,0,5
2024101501114,2024,101501114,2,9,0,-1,19,8,4,-1,0,0,0,0,0,0,3,1,-1,6,2,33,6,999,1,0,NISSAN JUKE,1,E01008227,0,1
2024461440137,2024,461440137,1,9,0,-1,13,1,5,-1,0,0,1,0,2,0,4,9,-1,6,1,38,7,1461,2,12,NISSAN JUKE,4,E01024841,0,2
2024070541066,2024,070541066,1,9,0,18,19,8,4,0,0,4,0,0,0,0,1,1,6,6,2,-1,-1,1197,1,7,NISSAN JUKE,-1,-1,0,-1
2024421410457,2024,421410457,2,9,0,-1,19,1,5,-1,0,8,1,0,0,0,1,1,-1,2,2,56,9,1197,1,6,NISSAN JUKE,5,E01021388,0,4
2024461474474,2024,461474474,1,9,0,-1,19,3,7,-1,0,0,1,0,0,0,1,1,-1,6,2,51,8,1598,1,12,NISSAN JUKE,5,E01024223,0,3
2024010525594,2024,010525594,2,9,0,18,19,7,3,0,0,8,0,0,0,0,1,1,6,6,2,59,9,1598,8,1,NISSAN JUKE,5,E01002344,0,2
2024201398192,2024,201398192,2,9,0,-1,19,6,3,-1,0,8,0,0,0,0,1,1,-1,6,2,25,5,1461,2,12,NISSAN JUKE,5,E01009774,0,1
2024320523548,2024,320523548,2,9,0,-1,-1,4,8,0,0,8,0,0,0,0,1,1,-1,-1,2,38,7,1461,2,11,NISSAN JUKE,1,E01026093,0,4
2024552401255,2024,552401255,1,9,0,18,19,2,6,0,0,0,1,4,4,6,4,1,2,2,1,35,6,1461,2,11,NISSAN JUKE,6,E01034282,0,1
2024010524998,2024,010524998,7,9,0,2,2,0,0,0,0,0,0,0,0,0,2,1,6,6,3,-1,-1,1598,1,11,NISSAN JUKE,-1,-1,0,-1
2024221519314,2024,221519314,1,9,0,-1,5,5,1,-1,0,4,0,0,0,0,3,1,-1,6,1,25,5,1461,2,10,NISSAN JUKE,7,E01028981,0,1
2024131417640,2024,131417640,1,9,0,-1,9,1,6,-1,0,1,0,0,0,0,1,1,-1,9,2,38,7,1598,8,1,NISSAN JUKE,1,E01010831,0,1
2024421496807,2024,421496807,2,9,0,-1,19,7,3,-1,0,0,0,0,0,0,1,1,-1,6,1,29,6,1598,1,12,NISSAN JUKE,3,E01015923,0,3
2024471501662,2024,471501662,2,9,0,-1,4,1,5,-1,0,0,0,0,0,0,2,1,-1,7,2,42,7,1598,1,11,NISSAN JUKE,6,E01031396,0,1
2024131458588,2024,131458588,2,9,0,-1,19,3,7,-1,0,0,0,0,0,0,2,1,-1,9,2,35,6,1598,1,7,NISSAN JUKE,9,E01011011,0,4
2024351536888,2024,351536888,2,9,0,-1,2,0,0,-1,0,0,0,0,0,0,4,1,-1,6,-1,-1,-1,999,1,3,NISSAN JUKE,-1,-1,0,-1
2024201435670,2024,201435670,2,9,0,-1,19,7,3,-1,0,8,0,0,0,0,3,1,-1,9,2,67,10,1461,2,5,NISSAN JUKE,5,E01010460,0,1
2024131513997,2024,131513997,2,9,0,-1,19,3,7,-1,0,8,0,4,0,0,4,1,-1,6,2,54,8,1598,8,0,NISSAN JUKE,2,E01011737,0,1
2024161512715,2024,161512715,1,9,0,-1,19,2,6,-1,0,0,0,0,0,0,4,9,-1,6,2,49,8,1598,1,12,NISSAN JUKE,9,E01027885,0,2
2024430624213,2024,430624213,1,9,0,18,19,2,6,0,0,4,1,9,1,4,1,1,2,2,2,68,10,1598,1,9,NISSAN JUKE,-1,-1,0,-1
2024430015220,2024,430015220,3,9,0,18,19,2,6,0,0,0,0,0,0,0,2,1,2,2,2,45,7,1598,1,9,NISSAN JUKE,5,E01035736,0,2
2024141425613,2024,141425613,2,9,0,-1,19,5,1,-1,0,0,0,0,0,0,3,1,-1,9,2,49,8,999,1,1,NISSAN JUKE,8,E01007422,0,3
2024501468989,2024,501468989,2,9,0,-1,19,3,7,-1,0,0,0,0,0,0,1,1,-1,9,2,37,7,999,1,4,NISSAN JUKE,3,E01018927,0,1
2024520401876,2024,520401876,1,9,0,18,19,2,6,0,0,0,0,0,0,0,4,1,6,6,2,31,6,1598,1,13,NISSAN JUKE,4,E01032094,0,3
2024122400950,2024,122400950,1,9,0,5,5,6,2,0,0,6,0,0,0,0,4,1,6,6,2,63,9,999,1,2,NISSAN JUKE,6,E01027616,0,1
2024421531443,2024,421531443,1,9,0,-1,5,-1,-1,-1,4,0,0,99,1,0,9,1,-1,6,1,-1,-1,1618,1,9,NISSAN JUKE,-1,-1,0,-1
2024430123399,2024,430123399,2,9,0,7,7,5,7,0,0,1,0,0,0,0,4,1,6,6,1,79,11,1598,1,8,NISSAN JUKE,9,E01028747,0,4
2024430487345,2024,430487345,1,9,0,18,19,2,8,0,0,0,0,0,0,0,1,1,3,7,2,39,7,999,1,3,NISSAN JUKE,10,E01017675,0,1
2024991416334,2024,991416334,3,9,0,-1,19,4,8,-1,0,0,0,0,0,0,3,1,-1,9,2,40,7,1461,2,10,NISSAN JUKE,1,-1,0,1
2024010540360,2024,010540360,2,9,9,99,99,9,9,99,99,9,9,99,9,99,9,2,6,6,3,-1,-1,999,1,1,NISSAN JUKE,-1,-1,0,-1
2024010499827,2024,010499827,1,9,0,99,99,9,9,99,99,9,9,99,9,99,1,9,6,6,2,27,6,1598,1,10,NISSAN JUKE,9,E01004191,0,1
2024440548593,2024,440548593,3,9,0,3,3,5,1,0,0,0,0,0,0,0,2,1,6,6,2,31,6,1461,2,9,NISSAN JUKE,10,E01022588,0,3
2024141441372,2024,141441372,1,9,0,-1,1,3,7,-1,9,0,0,0,0,0,2,9,-1,1,1,74,10,1598,1,11,NISSAN JUKE,1,E01007440,0,1
2024501531311,2024,501531311,1,9,0,-1,19,1,5,-1,0,0,0,0,1,4,1,1,-1,9,1,75,10,1197,1,9,NISSAN JUKE,5,E01020117,0,4
2024401540112,2024,401540112,2,9,0,-1,5,3,8,-1,0,1,0,0,0,0,1,1,-1,6,2,53,8,1598,1,9,NISSAN JUKE,4,E01015785,0,1
2024311455814,2024,311455814,2,9,0,-1,5,5,1,-1,0,6,0,0,0,0,3,1,-1,9,1,82,11,1598,1,7,NISSAN JUKE,-1,-1,0,-1
2024061465727,2024,061465727,2,9,0,-1,3,7,3,-1,0,0,0,0,0,0,2,9,-1,6,2,67,10,999,1,3,NISSAN JUKE,3,E01005059,0,1
2024401444016,2024,401444016,2,9,0,-1,19,3,7,-1,0,2,0,0,0,0,1,1,-1,6,2,33,6,1461,2,9,NISSAN JUKE,9,E01017556,0,1
2024440362665,2024,440362665,2,9,0,18,19,4,8,0,0,0,0,0,0,0,4,1,6,6,2,67,10,1618,1,8,NISSAN JUKE,7,E01022648,0,2
2024471517308,2024,471517308,1,9,0,-1,12,6,2,-1,0,0,0,0,0,0,3,1,-1,6,2,22,5,1598,1,12,NISSAN JUKE,5,E01016986,0,1
2024522402343,2024,522402343,1,9,0,5,5,7,3,0,0,4,0,0,0,0,4,1,6,6,1,80,11,1598,1,12,NISSAN JUKE,10,E01014913,0,1
2024221430726,2024,221430726,1,9,0,-1,19,7,2,-1,0,1,0,0,0,0,1,9,-1,6,1,55,8,1461,2,11,NISSAN JUKE,1,E01009107,0,1