collision_index,collision_year,collision_ref_no,vehicle_reference,vehicle_type,towing_and_articulation,vehicle_manoeuvre_historic,vehicle_manoeuvre,vehicle_direction_from,vehicle_direction_to,vehicle_location_restricted_lane_historic,vehicle_location_restricted_lane,junction_location,skidding_and_overturning,hit_object_in_carriageway,vehicle_leaving_carriageway,hit_object_off_carriageway,first_point_of_impact,vehicle_left_hand_drive,journey_purpose_of_driver_historic,journey_purpose_of_driver,sex_of_driver,age_of_driver,age_band_of_driver,engine_capacity_cc,propulsion_code,age_of_vehicle,generic_make_model,driver_imd_decile,lsoa_of_driver,escooter_flag,driver_distance_banding
2024131470233,2024,131470233,5,9,0,-1,2,0,0,-1,0,8,0,0,0,0,2,1,-1,6,-1,-1,-1,1197,1,6,NISSAN JUKE,-1,-1,0,-1
2024311412366,2024,311412366,1,9,0,-1,19,1,5,-1,0,1,0,0,1,1,4,1,-1,9,2,69,10,1598,1,7,NISSAN JUKE,9,E01028047,0,4
2024531438414,2024,531438414,2,9,0,-1,19,7,3,-1,0,8,0,0,0,0,4,1,-1,6,2,35,6,1612,1,13,NISSAN JUKE,3,E01022254,0,4
2024010511355,2024,010511355,2,9,0,99,99,9,9,99,99,9,9,99,9,99,1,9,6,6,3,31,6,1598,1,12,NISSAN JUKE,3,E01004226,0,3
2024421479412,2024,421479412,2,9,0,-1,19,3,7,-1,0,0,0,0,1,0,1,1,-1,6,2,66,10,1598,1,8,NISSAN JUKE,-1,-1,0,-1
2024421505204,2024,421505204,2,9,0,-1,19,7,3,-1,0,0,1,0,1,0,1,1,-1,6,2,30,6,1197,1,7,NISSAN JUKE,9,E01021899,0,1
2024010543494,2024,010543494,2,9,9,2,2,0,0,0,0,9,9,99,9,99,9,9,6,6,3,-1,-1,999,1,1,NISSAN JUKE,-1,-1,0,-1
2024221417576,2024,221417576,2,9,0,-1,4,1,4,-1,0,0,1,0,1,0,1,9,-1,2,2,27,6,1461,2,8,NISSAN JUKE,4,E01009866,0,3
2024161399822,2024,161399822,2,9,0,-1,4,2,1,-1,0,4,0,0,0,0,1,9,-1,6,2,45,7,1461,2,7,NISSAN JUKE,1,E01013080,0,1
2024361421446,2024,361421446,2,9,0,-1,4,5,4,-1,0,1,0,0,0,0,2,1,-1,6,2,54,8,1197,1,8,NISSAN JUKE,6,E01026757,0,2
2024010502896,2024,010502896,2,9,0,99,99,9,9,99,99,9,9,99,9,99,1,9,6,6,3,-1,-1,1598,1,8,NISSAN JUKE,-1,-1,0,-1
2024041496561,2024,041496561,3,9,0,-1,4,3,7,-1,0,0,0,0,0,0,2,1,-1,6,2,54,8,1197,1,7,NISSAN JUKE,8,E01025358,0,3
2024131415435,2024,131415435,2,9,0,-1,2,0,0,-1,0,0,0,0,0,0,1,1,-1,1,2,51,8,999,1,3,NISSAN JUKE,1,E01010814,0,1
2024451423813,2024,451423813,1,9,0,-1,19,6,2,-1,0,0,0,0,0,0,1,1,-1,9,2,22,5,1598,1,9,NISSAN JUKE,9,E01001028,0,2
2024031406994,2024,031406994,1,9,0,-1,19,5,1,-1,0,0,2,0,2,0,4,1,-1,2,2,42,7,1598,1,5,NISSAN JUKE,5,E01019363,0,1
2024061426157,2024,061426157,1,9,0,-1,99,-1,-1,-1,99,5,0,0,0,0,3,1,-1,9,2,33,6,1461,2,11,NISSAN JUKE,2,E01005949,0,1
2024010492505,2024,010492505,1,9,0,18,19,2,6,0,0,1,0,0,0,0,3,1,6,6,2,31,6,1598,1,13,NISSAN JUKE,3,E01003185,0,1
2024010534225,2024,010534225,2,9,0,1,1,1,5,0,0,8,0,0,0,0,2,1,6,6,3,-1,-1,1197,1,7,NISSAN JUKE,-1,-1,0,-1
2024061429361,2024,061429361,2,9,0,-1,19,3,7,-1,0,8,0,0,0,0,1,1,-1,2,1,22,5,999,1,4,NISSAN JUKE,1,E01005202,0,2
2024141481366,2024,141481366,1,9,0,-1,19,7,3,-1,0,4,0,0,0,0,1,9,-1,6,2,17,4,1461,2,10,NISSAN JUKE,7,E01034249,0,2
2024361520910,2024,361520910,2,9,0,-1,19,3,7,-1,0,0,0,0,0,0,2,1,-1,9,2,38,7,1197,1,10,NISSAN JUKE,7,E01028432,0,5
2024010505985,2024,010505985,2,9,9,99,99,9,9,99,99,6,9,99,9,99,1,9,6,6,3,-1,-1,1598,1,5,NISSAN JUKE,-1,-1,0,-1
2024522500019,2024,522500019,1,9,0,10,10,5,2,0,0,5,0,0,0,0,3,1,6,6,2,30,6,1598,8,0,NISSAN JUKE,6,E01014846,0,4
2024010523770,2024,010523770,3,9,0,18,19,8,4,0,0,0,0,0,0,0,1,1,6,6,1,48,8,1598,8,1,NISSAN JUKE,4,E01004643,0,1
2024501444849,2024,501444849,1,9,0,-1,19,2,6,-1,0,1,0,0,1,11,1,1,-1,9,2,31,6,1598,1,13,NISSAN JUKE,1,E01015078,0,1
2024451497941,2024,451497941,1,9,0,-1,5,7,3,-1,0,0,0,0,0,0,0,1,-1,6,2,45,7,1598,1,6,NISSAN JUKE,8,E01030373,0,1
2024320377792,2024,320377792,2,9,0,2,2,0,0,0,0,0,0,0,0,0,3,1,-1,-1,1,63,9,1598,8,0,NISSAN JUKE,10,E01011948,0,4
2024461480410,2024,461480410,1,9,0,-1,19,1,5,-1,0,0,0,0,0,0,4,9,-1,6,2,47,8,1618,1,11,NISSAN JUKE,6,E01016166,0,1
2024052500021,2024,052500021,1,9,0,9,9,7,3,0,0,6,0,0,0,0,1,1,1,1,1,49,8,1598,1,7,NISSAN JUKE,2,E01006452,0,2
2024010528872,2024,010528872,2,9,0,99,99,9,9,99,99,9,9,99,9,99,1,9,6,6,2,48,8,1598,1,8,NISSAN JUKE,3,E01003352,0,1
2024451515249,2024,451515249,1,9,0,-1,19,1,5,-1,9,2,0,0,1,2,1,1,-1,9,2,17,4,1598,1,9,NISSAN JUKE,5,E01030600,0,1
2024211453342,2024,211453342,1,9,0,-1,7,6,8,-1,9,0,1,10,7,0,1,1,-1,6,1,18,4,1598,1,5,NISSAN JUKE,-1,-1,0,-1
2024010531777,2024,010531777,2,9,0,99,99,9,9,99,99,9,9,99,9,99,9,9,6,6,3,-1,-1,1598,8,1,NISSAN JUKE,-1,-1,0,-1
2024161410040,2024,161410040,1,9,0,-1,19,4,1,-1,0,0,0,0,7,4,1,1,-1,1,1,62,9,1598,1,6,NISSAN JUKE,1,E01012918,0,4
2024351401706,2024,351401706,1,9,0,-1,19,2,6,-1,0,0,1,4,7,0,1,1,-1,2,2,59,9,1197,1,10,NISSAN JUKE,2,E01018068,0,1
2024440000768,2024,440000768,2,9,0,3,3,1,5,0,0,1,0,0,0,0,2,1,6,6,2,51,8,999,1,4,NISSAN JUKE,9,E01022531,0,4
2024501515441,2024,501515441,1,9,0,-1,5,1,5,-1,0,4,0,0,0,0,1,1,-1,9,2,67,10,1461,2,10,NISSAN JUKE,5,E01020331,0,1
2024211519417,2024,211519417,1,9,0,-1,9,3,7,-1,0,1,0,0,0,0,3,1,-1,6,2,36,7,1598,1,9,NISSAN JUKE,3,E01029538,0,1
2024991468161,2024,991468161,2,9,0,-1,19,1,5,-1,0,0,0,0,0,0,1,1,-1,9,1,74,10,1598,1,12,NISSAN JUKE,2,-1,0,4
2024201487861,2024,201487861,1,9,0,-1,9,6,4,-1,0,5,0,0,0,0,4,1,-1,6,1,-1,-1,999,1,1,NISSAN JUKE,-1,-1,0,-1
2024211526836,2024,211526836,1,9,0,-1,6,6,2,-1,0,0,0,0,-1,0,3,9,-1,6,2,67,10,1598,1,8,NISSAN JUKE,4,E01032897,0,1
2024430380001,2024,430380001,3,9,0,3,3,7,3,0,0,1,0,0,0,0,2,1,6,6,1,38,7,1461,2,9,NISSAN JUKE,8,E01016549,0,2
2024622400580,2024,622400580,2,9,0,18,19,1,6,0,0,8,0,0,0,0,3,1,6,6,2,47,8,1197,1,7,NISSAN JUKE,7,W01001889,0,1
2024440436578,2024,440436578,1,9,0,9,9,8,6,0,0,8,0,0,0,0,1,1,6,6,2,27,6,1598,1,14,NISSAN JUKE,4,E01017067,0,1
2024531418633,2024,531418633,2,9,0,-1,19,1,5,-1,0,1,0,0,0,0,1,1,-1,9,1,39,7,1598,1,9,NISSAN JUKE,7,E01022194,0,1
2024430221031,2024,430221031,2,9,0,17,19,4,1,0,0,0,5,0,1,0,3,1,6,6,1,43,7,999,1,2,NISSAN JUKE,9,E01035267,0,1
2024471480258,2024,471480258,1,9,0,-1,19,2,6,-1,0,1,0,0,0,0,1,1,-1,9,2,67,10,999,1,3,NISSAN JUKE,-1,-1,0,-1
2024411530706,2024,411530706,1,9,0,-1,-1,-1,-1,-1,-1,0,-1,-1,-1,0,-1,9,-1,6,1,87,11,1598,1,11,NISSAN JUKE,7,E01023495,0,2
2024201433467,2024,201433467,1,9,0,-1,1,2,6,-1,9,6,0,0,0,0,2,1,-1,6,3,-1,-1,999,1,4,NISSAN JUKE,-1,-1,0,-1
2024010548880,2024,010548880,1,9,0,5,5,0,5,0,0,4,0,0,0,0,3,2,2,2,1,65,9,1598,1,8,NISSAN JUKE,-1,-1,0,-1
2024461426899,2024,461426899,2,9,0,-1,4,8,2,-1,0,1,0,0,0,0,2,1,-1,6,1,48,8,1598,1,14,NISSAN JUKE,3,E01016030,0,2
2024010527804,2024,010527804,2,9,0,99,99,9,9,99,99,0,9,99,9,99,9,9,6,6,3,-1,-1,1197,1,8,NISSAN JUKE,-1,-1,0,-1
2024430482726,2024,430482726,2,9,0,1,1,2,6,0,0,0,0,0,0,0,2,1,6,6,2,-1,-1,1612,1,12,NISSAN JUKE,-1,-1,0,-1
2024010545649,2024,010545649,2,9,0,18,19,3,7,0,0,2,0,0,0,0,3,1,6,6,2,50,8,1598,8,0,NISSAN JUKE,-1,-1,0,-1
2024041418937,2024,041418937,3,9,0,-1,19,1,5,-1,0,0,0,0,0,0,2,1,-1,9,2,53,8,1598,1,10,NISSAN JUKE,8,E01007250,0,4
2024440367722,2024,440367722,2,9,0,5,5,7,3,0,0,4,0,0,0,0,3,1,2,2,2,62,9,999,1,4,NISSAN JUKE,2,E01034060,0,1
2024041447841,2024,041447841,2,9,0,-1,19,7,3,-1,0,8,0,0,0,0,4,1,-1,9,2,42,7,1461,2,6,NISSAN JUKE,2,E01025284,0,1
2024430068102,2024,430068102,2,9,0,18,19,4,7,0,0,0,0,0,0,0,2,1,3,7,2,16,4,1197,1,7,NISSAN JUKE,7,E01016821,0,1
2024161467114,2024,161467114,1,9,0,-1,9,6,4,-1,0,5,1,0,0,0,2,1,-1,2,2,44,7,1461,2,8,NISSAN JUKE,8,E01013018,0,1
2024430040251,2024,430040251,1,9,0,18,19,7,3,0,0,1,0,0,0,0,1,1,6,6,2,44,7,1598,1,5,NISSAN JUKE,-1,-1,0,-1
2024010508190,2024,010508190,3,9,0,18,19,5,1,0,0,1,0,0,0,0,1,1,6,6,1,29,6,1598,1,11,NISSAN JUKE,3,E01001298,0,1
2024122400235,2024,122400235,2,9,0,18,19,7,3,0,0,0,0,0,0,0,3,1,2,2,2,43,7,999,1,2,NISSAN JUKE,9,E01010589,0,4
2024061502920,2024,061502920,2,9,0,-1,7,1,1,-1,0,8,0,0,0,0,1,1,-1,6,1,30,6,999,1,0,NISSAN JUKE,-1,-1,0,-1
2024991480508,2024,991480508,1,9,0,-1,19,2,6,-1,0,0,0,0,0,0,1,1,-1,6,2,68,10,1197,1,7,NISSAN JUKE,8,-1,0,1
2024010519785,2024,010519785,1,9,0,18,19,1,5,0,0,4,0,0,0,0,4,1,6,6,2,56,9,999,1,2,NISSAN JUKE,3,E01002375,0,1
2024201454344,2024,201454344,3,9,0,-1,19,6,2,-1,0,0,0,0,0,0,1,9,-1,9,2,37,7,1598,1,10,NISSAN JUKE,1,E01009202,0,3
2024010537212,2024,010537212,3,9,0,18,19,5,1,0,0,1,0,0,0,0,1,1,6,6,1,39,7,1461,1,13,NISSAN JUKE,2,E01001461,0,1
2024471470845,2024,471470845,3,9,0,-1,4,1,7,-1,0,3,0,0,0,0,2,1,-1,9,2,44,7,1598,1,5,NISSAN JUKE,4,E01031386,0,2
2024010529369,2024,010529369,2,9,0,99,99,9,9,99,99,9,9,99,9,99,9,9,6,6,3,59,9,1598,1,13,NISSAN JUKE,2,E01003066,0,1
2024320680854,2024,320680854,1,9,0,9,9,6,2,0,0,6,0,0,0,0,1,1,-1,-1,1,36,7,999,1,3,NISSAN JUKE,10,E01013804,0,2
2024010544809,2024,010544809,1,9,0,1,1,3,7,0,0,1,0,0,0,0,2,1,6,6,2,47,8,1598,1,12,NISSAN JUKE,4,E01002016,0,1
2024430145074,2024,430145074,1,9,0,18,19,2,6,0,0,0,5,0,0,0,1,1,2,2,2,36,7,1461,2,8,NISSAN JUKE,8,E01030622,0,5
2024461404962,2024,461404962,2,9,0,-1,4,5,8,-1,0,0,0,0,0,0,2,1,-1,9,2,55,8,1598,1,8,NISSAN JUKE,1,E01016062,0,1
2024010518054,2024,010518054,2,9,0,99,99,9,9,99,99,9,9,99,9,99,1,9,6,6,3,-1,-1,999,1,3,NISSAN JUKE,-1,-1,0,-1
2024131477549,2024,131477549,2,9,0,-1,19,5,1,-1,0,1,0,0,0,0,1,1,-1,9,1,47,8,999,1,1,NISSAN JUKE,2,E01010930,0,1
2024320622633,2024,320622633,1,9,0,-1,-1,4,8,0,0,1,0,0,0,0,1,1,-1,-1,1,84,11,1461,2,8,NISSAN JUKE,4,E01026082,0,3
2024161415054,2024,161415054,2,9,0,-1,19,2,6,-1,0,0,0,0,0,0,3,1,-1,1,2,27,6,1598,1,5,NISSAN JUKE,-1,-1,0,-1
2024451404965,2024,451404965,2,9,0,-1,19,5,1,-1,0,1,0,0,0,0,4,1,-1,6,2,72,10,1598,1,5,NISSAN JUKE,10,E01030831,0,1
2024320533206,2024,320533206,2,9,0,4,4,8,4,0,0,2,0,0,0,0,2,1,6,6,1,54,8,1197,1,8,NISSAN JUKE,4,E01026250,0,4
2024991520633,2024,991520633,1,9,0,-1,19,3,7,-1,0,0,1,0,0,0,1,1,-1,9,2,36,7,999,1,0,NISSAN JUKE,8,-1,0,4
2024440076451,2024,440076451,2,9,0,18,19,3,7,0,0,0,1,0,0,0,3,1,6,6,2,27,6,999,1,4,NISSAN JUKE,8,E01032709,0,4
2024451489776,2024,451489776,2,9,0,-1,4,1,5,-1,0,0,0,0,0,0,1,1,-1,9,1,28,6,1598,1,11,NISSAN JUKE,6,W01000459,0,5
2024501424311,2024,501424311,1,9,0,-1,12,3,7,-1,0,0,0,0,0,0,4,1,-1,9,2,27,6,1461,2,12,NISSAN JUKE,4,E01020284,0,4
2024131430185,2024,131430185,1,9,0,-1,19,8,4,-1,0,0,0,0,0,0,2,1,-1,9,1,64,9,1598,1,10,NISSAN JUKE,1,E01005466,0,4
2024411428272,2024,411428272,2,9,0,-1,3,1,5,-1,0,8,0,0,0,0,1,1,-1,6,2,60,9,1598,1,6,NISSAN JUKE,2,E01034471,0,3
2024332400807,2024,332400807,2,9,0,-1,19,5,1,-1,0,0,0,0,1,0,1,1,-1,6,2,43,7,999,1,3,NISSAN JUKE,-1,-1,0,-1
2024161524049,2024,161524049,2,9,0,-1,9,1,5,-1,0,1,0,0,0,0,2,1,-1,6,1,51,8,1598,1,5,NISSAN JUKE,8,E01013186,0,4
2024311400184,2024,311400184,1,9,0,-1,19,3,8,-1,0,1,1,0,0,0,1,1,-1,6,2,57,9,1598,1,6,NISSAN JUKE,8,E01007520,0,4
2024552401011,2024,552401011,1,9,0,6,6,5,5,0,0,0,0,0,0,0,3,1,2,2,2,23,5,1598,8,1,NISSAN JUKE,10,E01020395,0,1
2024010502214,2024,010502214,2,9,0,99,99,9,9,99,99,9,9,99,9,99,1,9,6,6,3,-1,-1,1197,1,9,NISSAN JUKE,-1,-1,0,-1
2024161403658,2024,161403658,2,9,0,-1,10,5,3,-1,0,1,0,0,0,0,1,9,-1,9,2,49,8,999,1,3,NISSAN JUKE,8,E01013005,0,1
2024070983171,2024,070983171,2,9,0,-1,19,7,3,-1,0,0,0,0,0,0,1,1,-1,6,2,59,9,1598,8,1,NISSAN JUKE,8,E01019713,0,3
2024471451708,2024,471451708,2,9,0,-1,19,5,1,-1,0,1,0,0,0,0,1,1,-1,6,2,52,8,1598,1,12,NISSAN JUKE,6,E01021125,0,1
2024991490978,2024,991490978,1,9,0,-1,19,2,7,-1,0,0,0,0,0,0,1,2,-1,9,2,73,10,999,1,0,NISSAN JUKE,-1,-1,0,-1
2024010541238,2024,010541238,2,9,0,99,99,9,9,99,99,9,9,99,9,99,2,9,6,6,2,51,8,999,1,0,NISSAN JUKE,1,E01013812,0,5
2024010525460,2024,010525460,2,9,0,18,19,3,7,1,1,1,0,0,0,0,1,1,6,6,2,47,8,999,1,4,NISSAN JUKE,3,E01034205,0,1
2024440373576,2024,440373576,1,9,0,18,19,7,3,0,0,8,0,0,0,0,4,1,6,6,1,30,6,999,1,2,NISSAN JUKE,9,E01030893,0,3
2024421474688,2024,421474688,1,9,0,-1,19,7,3,-1,0,0,1,0,7,0,1,1,-1,9,2,53,8,1197,1,7,NISSAN JUKE,4,E01021601,0,1
2024041423225,2024,041423225,2,9,0,-1,19,3,7,-1,0,1,0,0,0,0,3,1,-1,9,2,57,9,1197,1,7,NISSAN JUKE,9,E01025511,0,2
2024070878128,2024,070878128,1,9,0,-1,5,3,7,-1,0,4,0,0,0,0,3,1,-1,2,2,27,6,999,1,3,NISSAN JUKE,10,E01035386,0,1
2024610045924,2024,610045924,2,9,0,9,9,1,8,0,0,2,0,0,0,0,3,1,6,6,2,31,6,999,1,0,NISSAN JUKE,3,W01001524,0,1
2024531523472,2024,531523472,3,9,0,-1,4,3,7,-1,0,1,0,0,0,0,2,9,-1,6,1,34,6,999,1,4,NISSAN JUKE,8,E01034809,0,2
2024061501510,2024,061501510,2,9,0,-1,2,0,0,-1,0,1,0,0,0,0,3,1,-1,6,2,42,7,1461,2,13,NISSAN JUKE,-1,-1,0,-1
2024201457680,2024,201457680,2,9,0,-1,2,0,0,-1,0,0,0,0,0,0,1,1,-1,9,2,27,6,1598,1,12,NISSAN JUKE,2,E01008886,0,1
2024161532712,2024,161532712,2,9,0,-1,1,0,0,-1,0,2,0,0,0,0,2,9,-1,6,1,-1,-1,1461,2,10,NISSAN JUKE,-1,-1,0,-1
2024211459632,2024,211459632,1,9,0,-1,19,7,4,-1,0,0,0,0,1,11,1,1,-1,9,2,49,8,1598,8,1,NISSAN JUKE,9,E01029677,0,1
2024201458841,2024,201458841,2,9,0,-1,4,1,5,-1,0,0,0,0,0,0,2,9,-1,2,2,35,6,1598,1,10,NISSAN JUKE,4,E01010468,0,3
2024201427050,2024,201427050,1,9,0,-1,5,5,1,-1,0,3,0,0,0,0,4,9,-1,6,3,43,7,999,1,0,NISSAN JUKE,2,E01009754,0,1
2024991448584,2024,991448584,3,9,0,-1,19,5,8,-1,0,0,0,0,0,0,1,1,-1,9,2,62,9,1598,1,10,NISSAN JUKE,9,-1,0,4
2024161427041,2024,161427041,1,9,0,-1,19,1,7,-1,0,0,0,0,0,0,3,9,-1,9,2,26,6,1197,1,9,NISSAN JUKE,1,E01012808,0,1
2024351523181,2024,351523181,2,9,0,-1,19,4,8,-1,0,0,0,0,1,0,1,1,-1,6,1,52,8,1598,8,0,NISSAN JUKE,5,E01033180,0,1
2024991460793,2024,991460793,1,9,0,-1,1,7,1,-1,9,6,0,0,0,0,2,1,-1,6,2,30,6,1461,2,13,NISSAN JUKE,2,-1,0,1
2024552400652,2024,552400652,1,9,0,14,14,7,3,0,0,8,0,0,0,0,1,1,6,6,1,57,9,1598,1,13,NISSAN JUKE,6,E01015460,0,1
2024161507929,2024,161507929,1,9,0,-1,14,3,7,-1,0,0,1,0,0,0,1,1,-1,6,1,27,6,1598,1,13,NISSAN JUKE,4,E01013308,0,3
2024622400536,2024,622400536,1,9,0,18,19,8,4,0,0,1,0,0,0,0,1,1,2,2,1,31,6,1598,1,6,NISSAN JUKE,10,W01001728,0,2
2024010527139,2024,010527139,2,9,0,99,99,9,9,99,99,9,9,99,9,99,9,9,6,6,3,-1,-1,1598,1,11,NISSAN JUKE,-1,-1,0,-1
2024010552609,2024,010552609,2,9,9,99,99,9,9,99,99,1,9,99,9,99,9,9,6,6,2,47,8,1598,8,1,NISSAN JUKE,-1,-1,0,-1
2024471434750,2024,471434750,1,9,0,-1,5,1,5,-1,0,2,0,0,0,0,1,9,-1,2,2,38,7,1598,1,12,NISSAN JUKE,9,E01021208,0,1
2024201398653,2024,201398653,2,9,0,-1,2,0,0,-1,9,0,0,0,0,0,2,9,-1,6,-1,-1,-1,1598,1,11,NISSAN JUKE,-1,-1,0,-1
2024041395411,2024,041395411,1,9,0,-1,14,1,5,-1,0,0,0,0,0,0,3,1,-1,9,2,62,9,1598,1,7,NISSAN JUKE,6,E01025541,0,1
2024041527216,2024,041527216,2,9,0,-1,19,4,8,-1,9,8,0,10,0,0,4,1,-1,9,2,63,9,1461,2,6,NISSAN JUKE,5,E01025231,0,1
2024201517231,2024,201517231,1,9,0,-1,19,2,6,-1,0,0,0,0,0,0,1,1,-1,6,1,76,11,1598,1,12,NISSAN JUKE,-1,-1,0,-1
2024131449526,2024,131449526,1,9,0,-1,19,3,7,-1,0,0,0,0,0,0,1,1,-1,9,2,30,6,1598,1,11,NISSAN JUKE,1,E01011661,0,1
2024471493878,2024,471493878,1,9,0,-1,19,2,6,-1,0,0,0,0,0,0,1,1,-1,9,1,21,5,1197,1,6,NISSAN JUKE,9,E01030580,0,2
2024010520032,2024,010520032,1,9,0,99,99,9,9,99,99,9,9,99,9,99,2,9,6,6,2,36,7,1598,1,7,NISSAN JUKE,2,E01003190,0,2
2024221453815,2024,221453815,1,9,0,-1,13,8,4,-1,0,0,1,0,0,0,1,1,-1,6,2,32,6,999,1,4,NISSAN JUKE,1,E01033895,0,4
2024010543891,2024,010543891,2,9,0,99,99,9,9,99,99,0,9,99,9,99,1,9,6,6,3,-1,-1,999,1,1,NISSAN JUKE,-1,-1,0,-1
2024010513629,2024,010513629,1,9,0,9,9,6,3,0,0,1,0,0,0,0,4,1,6,6,1,18,4,999,1,0,NISSAN JUKE,2,E01001660,0,4
2024461420625,2024,461420625,4,9,0,-1,2,0,0,-1,0,2,0,0,0,0,2,1,-1,6,-1,-1,-1,1598,1,5,NISSAN JUKE,-1,-1,0,-1
2024101520934,2024,101520934,3,9,0,-1,19,5,8,-1,0,1,0,0,0,0,1,1,-1,2,2,36,7,1461,2,8,NISSAN JUKE,1,E01008291,0,1
2024161441859,2024,161441859,1,9,0,-1,19,1,5,-1,0,2,0,0,0,0,1,1,-1,9,1,80,11,999,1,3,NISSAN JUKE,7,E01013301,0,1
2024052402056,2024,052402056,2,9,0,18,19,4,1,0,0,3,0,0,0,0,4,1,6,6,1,69,10,1598,8,1,NISSAN JUKE,1,E01006585,0,1
2024141441578,2024,141441578,1,9,0,-1,5,7,5,-1,0,6,0,0,0,0,3,1,-1,9,1,56,9,1598,1,9,NISSAN JUKE,1,E01007794,0,1
2024041504781,2024,041504781,2,9,0,-1,19,3,7,-1,0,8,0,0,0,0,3,1,-1,9,2,26,6,999,1,0,NISSAN JUKE,1,E01025041,0,1
2024010534891,2024,010534891,2,9,0,9,9,1,7,0,0,8,0,0,0,0,3,1,2,2,2,59,9,999,1,2,NISSAN JUKE,3,E01034199,0,1
2024131516906,2024,131516906,2,9,0,-1,19,3,7,-1,0,0,0,0,0,0,2,1,-1,9,1,74,10,999,1,0,NISSAN JUKE,5,E01008224,0,5
2024031479599,2024,031479599,1,9,0,-1,5,7,3,-1,0,0,0,0,0,0,1,1,-1,9,2,69,10,1598,1,5,NISSAN JUKE,2,E01019172,0,1
2024201504745,2024,201504745,1,9,0,-1,19,5,1,-1,0,8,0,0,0,0,1,1,-1,6,2,49,8,1598,1,11,NISSAN JUKE,8,E01010398,0,1
2024010517566,2024,010517566,1,9,0,5,5,0,1,9,9,1,0,11,0,0,1,1,6,6,2,39,7,1598,1,11,NISSAN JUKE,5,E01002232,0,1
2024471399458,2024,471399458,3,9,0,-1,19,5,1,-1,0,0,0,0,0,0,1,1,-1,2,2,52,8,999,1,4,NISSAN JUKE,10,E01031715,0,1
2024101400857,2024,101400857,1,9,0,-1,9,1,7,-1,0,0,0,0,0,0,4,1,-1,9,2,67,10,1598,1,5,NISSAN JUKE,10,E01008546,0,2
2024520403289,2024,520403289,1,9,0,18,19,6,2,0,0,8,0,0,0,0,1,1,6,6,1,58,9,1598,1,7,NISSAN JUKE,2,E01018751,0,5
2024010545804,2024,010545804,3,9,0,18,19,3,7,0,0,0,0,0,0,0,1,1,6,6,2,30,6,1197,1,8,NISSAN JUKE,8,E01034285,0,3
2024010551105,2024,010551105,1,9,0,9,9,6,3,0,0,1,0,0,0,0,3,1,6,6,1,63,9,999,1,2,NISSAN JUKE,3,E01034203,0,1
2024131485639,2024,131485639,1,9,0,-1,19,1,5,-1,0,8,0,0,0,0,1,1,-1,9,2,39,7,1598,8,1,NISSAN JUKE,3,E01013863,0,4
2024351403923,2024,351403923,2,9,0,-1,19,7,2,-1,0,8,0,0,0,0,1,1,-1,6,2,40,7,1598,1,7,NISSAN JUKE,6,E01035554,0,1
2024010515338,2024,010515338,2,9,9,99,99,9,9,99,99,0,9,99,9,99,9,9,6,6,3,-1,-1,1461,2,12,NISSAN JUKE,-1,-1,0,-1
2024361488408,2024,361488408,2,9,0,-1,19,1,5,-1,0,8,2,0,0,0,3,1,-1,9,1,61,9,1598,1,8,NISSAN JUKE,5,E01025879,0,4
2024991518702,2024,991518702,1,9,0,-1,9,7,1,-1,0,1,0,0,0,0,3,1,-1,6,2,62,9,1598,1,6,NISSAN JUKE,1,-1,0,1
2024221405260,2024,221405260,1,9,0,-1,19,1,5,-1,0,0,0,0,0,0,1,9,-1,6,1,65,9,999,1,4,NISSAN JUKE,-1,-1,0,-1
2024471454939,2024,471454939,1,9,0,-1,1,7,1,-1,5,6,0,0,0,0,2,9,-1,9,1,36,7,1461,2,12,NISSAN JUKE,2,E01016906,0,1
2024052402153,2024,052402153,1,9,0,4,4,8,4,0,0,0,0,0,0,0,4,1,6,6,2,58,9,999,1,4,NISSAN JUKE,4,E01007053,0,1
2024010509440,2024,010509440,1,9,5,18,19,6,2,0,0,1,0,0,0,0,1,1,6,6,1,43,7,1598,1,12,NISSAN JUKE,-1,-1,0,-1
2024061521587,2024,061521587,1,9,0,-1,3,-1,-1,-1,0,0,0,0,0,0,2,1,-1,2,2,33,6,1461,2,7,NISSAN JUKE,5,E01006006,0,1
2024451503558,2024,451503558,3,9,0,-1,19,2,6,-1,0,0,0,0,0,0,2,1,-1,9,1,61,9,999,1,4,NISSAN JUKE,8,E01001022,0,4
2024411495405,2024,411495405,1,9,0,-1,7,2,6,-1,9,3,0,10,1,1,3,1,-1,6,2,82,11,1598,1,12,NISSAN JUKE,9,E01002225,0,3
2024991533799,2024,991533799,3,9,0,-1,19,7,3,-1,0,0,0,0,0,0,1,1,-1,6,1,59,9,999,1,0,NISSAN JUKE,8,-1,0,4
2024421489810,2024,421489810,3,9,0,-1,2,0,0,-1,9,2,0,0,0,0,1,1,-1,6,-1,-1,-1,1197,1,7,NISSAN JUKE,-1,-1,0,-1
2024552401422,2024,552401422,1,9,0,5,5,8,4,0,0,0,0,0,0,0,1,1,6,6,1,44,7,1461,2,11,NISSAN JUKE,2,E01015304,0,1
2024471470541,2024,471470541,1,9,0,-1,9,7,3,-1,0,8,0,0,0,0,1,1,-1,9,2,52,8,1618,1,11,NISSAN JUKE,3,E01031360,0,1