collision_index,collision_year,collision_ref_no,vehicle_reference,vehicle_type,towing_and_articulation,vehicle_manoeuvre_historic,vehicle_manoeuvre,vehicle_direction_from,vehicle_direction_to,vehicle_location_restricted_lane_historic,vehicle_location_restricted_lane,junction_location,skidding_and_overturning,hit_object_in_carriageway,vehicle_leaving_carriageway,hit_object_off_carriageway,first_point_of_impact,vehicle_left_hand_drive,journey_purpose_of_driver_historic,journey_purpose_of_driver,sex_of_driver,age_of_driver,age_band_of_driver,engine_capacity_cc,propulsion_code,age_of_vehicle,generic_make_model,driver_imd_decile,lsoa_of_driver,escooter_flag,driver_distance_banding
2024010508365,2024,010508365,1,9,0,3,3,1,5,99,99,9,9,99,0,0,2,1,6,6,2,45,7,1598,1,7,NISSAN JUKE,5,E01033787,0,1
2024552400937,2024,552400937,1,9,0,18,19,4,8,0,0,0,0,0,0,0,1,1,2,2,2,27,6,1598,1,7,NISSAN JUKE,1,E01015288,0,1
2024010538980,2024,010538980,2,19,0,-1,-1,5,1,0,0,0,1,0,0,0,1,1,6,6,1,51,8,1598,1,11,NISSAN JUKE,3,E01000499,0,1
2024010505691,2024,010505691,2,9,0,18,19,3,7,0,0,8,0,0,0,0,3,1,6,6,1,61,9,999,1,4,NISSAN JUKE,8,E01003421,0,1
2024031439268,2024,031439268,2,9,0,-1,19,1,5,-1,0,0,0,0,0,0,1,9,-1,9,2,83,11,1598,8,1,NISSAN JUKE,1,E01019164,0,1
2024401459941,2024,401459941,1,9,0,-1,19,2,6,-1,0,1,0,0,0,0,1,1,-1,9,1,48,8,1461,2,11,NISSAN JUKE,1,E01015736,0,1
2024010542811,2024,010542811,1,9,0,99,99,9,9,99,99,9,9,99,9,99,9,9,6,6,1,44,7,1598,1,13,NISSAN JUKE,4,E01002313,0,3
2024010500679,2024,010500679,2,9,0,2,2,0,0,0,0,0,0,0,0,0,4,1,6,6,3,-1,-1,1598,1,7,NISSAN JUKE,-1,-1,0,-1
2024991486254,2024,991486254,1,9,0,-1,19,2,6,-1,0,0,5,4,0,0,4,1,-1,6,2,33,6,1197,1,6,NISSAN JUKE,7,-1,0,1
2024141514319,2024,141514319,1,9,0,-1,19,1,5,-1,0,1,5,4,0,0,4,1,-1,9,2,32,6,1598,8,0,NISSAN JUKE,1,E01008065,0,1
2024010524598,2024,010524598,1,9,0,4,4,1,5,0,0,1,0,0,0,0,2,1,6,6,2,32,6,1598,1,10,NISSAN JUKE,7,E01002428,0,2
2024201424917,2024,201424917,1,9,0,-1,7,1,3,-1,0,6,0,7,0,0,1,9,-1,6,1,39,7,1461,2,12,NISSAN JUKE,2,E01033642,0,1
2024010536772,2024,010536772,1,9,0,9,9,7,5,0,0,8,0,0,0,0,1,1,6,6,1,30,6,1598,1,7,NISSAN JUKE,9,E01004133,0,1
2024552400205,2024,552400205,3,9,0,2,2,0,0,6,6,2,0,0,0,0,2,1,6,6,3,-1,-1,1197,1,8,NISSAN JUKE,-1,-1,0,-1
2024211432553,2024,211432553,2,9,0,-1,4,5,1,-1,0,0,0,0,0,0,2,1,-1,9,2,43,7,1598,1,11,NISSAN JUKE,-1,-1,0,-1
2024161421917,2024,161421917,2,9,0,-1,4,8,4,-1,0,0,0,0,0,0,2,1,-1,9,1,39,7,999,1,1,NISSAN JUKE,10,E01013108,0,1
2024991461884,2024,991461884,1,9,0,-1,19,5,1,-1,0,1,0,0,0,0,1,1,-1,9,1,69,10,999,1,3,NISSAN JUKE,7,-1,0,3
2024010528813,2024,010528813,1,9,0,18,19,5,1,0,0,4,0,0,0,0,1,1,6,6,2,54,8,1618,1,9,NISSAN JUKE,-1,-1,0,-1
2024010519265,2024,010519265,2,9,0,7,7,7,1,0,0,2,0,0,0,0,2,2,6,6,2,39,7,1598,1,8,NISSAN JUKE,5,E01003198,0,1
2024201492093,2024,201492093,1,9,0,-1,19,6,2,-1,0,0,0,0,0,0,1,1,-1,6,-1,-1,-1,999,1,3,NISSAN JUKE,-1,-1,0,-1
2024041518443,2024,041518443,1,9,0,-1,19,3,7,-1,0,0,5,0,0,0,1,1,-1,9,1,50,8,1461,2,8,NISSAN JUKE,1,E01025570,0,2
2024451511788,2024,451511788,1,9,0,-1,19,1,1,-1,0,0,0,0,0,0,1,1,-1,6,3,30,6,999,1,5,NISSAN JUKE,-1,-1,0,-1
2024201474237,2024,201474237,2,9,0,-1,19,1,5,-1,0,8,0,0,0,0,1,1,-1,6,2,39,7,999,1,4,NISSAN JUKE,2,E01034312,0,1
2024552400614,2024,552400614,1,9,0,18,19,1,5,0,0,3,0,0,0,0,1,1,6,6,3,-1,-1,1598,8,1,NISSAN JUKE,-1,-1,0,-1
2024501485511,2024,501485511,3,9,0,-1,4,1,5,-1,0,0,0,0,0,0,1,1,-1,9,2,42,7,1461,2,11,NISSAN JUKE,2,E01034944,0,5
2024061522767,2024,061522767,2,9,0,-1,19,7,3,-1,0,1,0,0,0,0,1,1,-1,9,1,45,7,1461,2,8,NISSAN JUKE,4,E01005214,0,2
2024010528824,2024,010528824,2,9,0,99,99,9,9,99,99,9,9,99,9,99,1,9,2,2,2,48,8,1598,1,10,NISSAN JUKE,4,E01004028,0,2
2024501491832,2024,501491832,1,9,0,-1,19,2,1,-1,0,0,0,0,7,0,1,1,-1,9,1,41,7,1461,2,8,NISSAN JUKE,-1,-1,0,-1
2024471523240,2024,471523240,1,9,0,-1,19,7,3,-1,0,0,1,0,0,0,1,1,-1,6,-1,-1,-1,999,1,1,NISSAN JUKE,-1,-1,0,-1
2024501428461,2024,501428461,2,9,0,-1,2,0,0,-1,0,0,0,0,0,0,4,1,-1,6,2,36,7,1598,1,10,NISSAN JUKE,4,E01019013,0,1
2024010509734,2024,010509734,1,9,0,99,99,9,9,99,99,9,9,99,9,99,2,9,6,6,2,32,6,1598,1,10,NISSAN JUKE,9,E01004079,0,1
2024010550367,2024,010550367,2,9,0,99,99,9,9,99,99,6,9,99,9,99,1,9,6,6,3,-1,-1,1598,1,13,NISSAN JUKE,6,E01004474,0,1
2024010503998,2024,010503998,3,9,0,2,2,0,0,0,0,0,0,0,0,0,4,1,6,6,3,-1,-1,1461,2,8,NISSAN JUKE,-1,-1,0,-1
2024211481613,2024,211481613,3,9,0,-1,19,7,3,-1,0,1,0,0,0,0,3,1,-1,2,2,58,9,1461,2,8,NISSAN JUKE,-1,-1,0,-1
2024471508665,2024,471508665,1,9,0,-1,19,1,5,-1,0,1,0,0,0,0,1,1,-1,6,1,54,8,1598,8,1,NISSAN JUKE,1,E01021136,0,1
2024552400754,2024,552400754,1,9,0,7,7,5,7,0,0,6,0,0,0,0,3,1,2,2,2,35,6,1461,2,12,NISSAN JUKE,3,E01015415,0,1
2024440153198,2024,440153198,2,9,0,2,2,0,0,0,0,0,0,0,0,0,1,1,6,6,1,31,6,1461,2,9,NISSAN JUKE,-1,-1,0,-1
2024141494313,2024,141494313,1,9,0,-1,19,8,4,-1,0,6,0,0,0,0,1,1,-1,9,2,30,6,1598,1,14,NISSAN JUKE,1,E01008081,0,2
2024010523079,2024,010523079,1,9,0,18,19,7,3,0,0,1,0,0,0,0,1,1,6,6,2,31,6,1598,1,8,NISSAN JUKE,2,E01004090,0,1
2024201417527,2024,201417527,2,9,0,-1,19,4,8,-1,0,0,0,0,0,0,1,9,-1,9,2,57,9,1197,1,10,NISSAN JUKE,5,E01010135,0,2
2024501412434,2024,501412434,1,9,0,-1,19,3,7,-1,0,8,0,0,0,0,1,9,-1,6,2,58,9,1598,1,12,NISSAN JUKE,5,E01020177,0,3
2024320269503,2024,320269503,3,9,0,2,2,0,0,0,0,0,0,0,0,0,2,1,6,6,3,-1,-1,999,1,4,NISSAN JUKE,-1,-1,0,-1
2024471541323,2024,471541323,1,9,0,-1,7,5,7,-1,0,1,0,0,0,0,2,1,-1,6,1,43,7,1598,1,11,NISSAN JUKE,4,E01031572,0,2
2024552400939,2024,552400939,2,9,0,4,4,3,7,0,0,0,0,0,0,0,2,1,6,6,1,73,10,999,1,4,NISSAN JUKE,8,E01016180,0,5
2024010551214,2024,010551214,1,9,0,18,19,2,6,0,0,0,0,0,0,0,4,1,2,2,2,52,8,1598,1,11,NISSAN JUKE,2,E01001051,0,1
2024501463850,2024,501463850,1,9,0,-1,9,4,2,-1,0,6,0,0,0,0,1,1,-1,6,1,81,11,1618,1,10,NISSAN JUKE,5,E01018845,0,1
2024101398992,2024,101398992,2,9,0,-1,19,5,1,-1,0,1,0,0,0,0,1,1,-1,9,2,42,7,1461,2,11,NISSAN JUKE,2,E01027414,0,1
2024010495559,2024,010495559,1,9,0,18,19,1,5,0,0,2,0,0,0,0,1,1,3,7,2,40,7,1598,1,13,NISSAN JUKE,2,E01000721,0,1
2024461402624,2024,461402624,2,9,0,-1,13,1,5,-1,0,0,1,0,0,0,4,1,-1,9,2,24,5,1598,1,10,NISSAN JUKE,10,E01024325,0,4
2024161495974,2024,161495974,1,9,0,-1,9,6,4,-1,0,8,0,0,0,0,1,1,-1,6,1,66,10,999,1,2,NISSAN JUKE,8,E01035472,0,2
2024201506711,2024,201506711,1,9,0,-1,9,2,8,-1,0,5,0,10,1,11,1,1,-1,6,2,22,5,1598,1,5,NISSAN JUKE,-1,-1,0,-1
2024010550555,2024,010550555,1,9,0,5,5,1,5,0,0,2,0,0,0,0,3,1,6,6,2,56,9,1598,1,8,NISSAN JUKE,3,E01001466,0,1
2024531510272,2024,531510272,2,9,0,-1,2,0,0,-1,0,0,0,0,0,0,1,1,-1,7,2,58,9,1598,1,11,NISSAN JUKE,8,E01022456,0,2
2024010520764,2024,010520764,1,9,0,6,6,1,1,0,0,0,0,0,0,0,1,1,6,6,2,56,9,999,1,1,NISSAN JUKE,4,E01001739,0,1
2024440298118,2024,440298118,1,9,0,7,7,3,5,0,0,5,0,0,1,1,1,1,6,6,2,32,6,999,1,0,NISSAN JUKE,-1,-1,0,-1
2024131459925,2024,131459925,2,9,0,-1,19,5,1,-1,0,1,0,0,0,0,0,1,-1,9,2,35,6,1461,2,8,NISSAN JUKE,5,E01010945,0,3
2024010523132,2024,010523132,1,9,9,3,3,9,9,99,99,9,9,99,9,99,9,9,6,6,2,36,7,1598,1,5,NISSAN JUKE,4,E01002805,0,2
2024461448798,2024,461448798,2,9,0,-1,19,4,3,-1,0,0,0,4,0,0,2,9,-1,6,1,40,7,1197,1,8,NISSAN JUKE,9,E01032821,0,1
2024332400090,2024,332400090,1,9,0,-1,5,3,7,-1,0,0,0,0,1,11,1,1,-1,9,2,81,11,999,1,1,NISSAN JUKE,10,E01013803,0,1
2024052402812,2024,052402812,1,9,0,18,19,6,2,0,0,0,0,0,0,0,1,1,6,6,2,80,11,1598,1,10,NISSAN JUKE,1,E01006630,0,2
2024522401926,2024,522401926,2,9,0,7,7,6,8,0,0,6,0,0,0,0,1,1,6,6,2,61,9,1618,1,10,NISSAN JUKE,6,E01014984,0,1
2024010548888,2024,010548888,2,9,0,18,19,1,5,0,0,2,0,0,0,0,3,1,6,6,2,46,8,999,1,4,NISSAN JUKE,2,E01003239,0,1
2024471454037,2024,471454037,2,9,0,-1,19,1,5,-1,0,1,0,0,0,0,2,1,-1,2,2,27,6,1598,1,5,NISSAN JUKE,5,E01034819,0,1
2024501395665,2024,501395665,1,9,0,-1,19,2,5,-1,0,1,0,0,0,0,3,9,-1,9,1,83,11,1197,1,6,NISSAN JUKE,5,E01020088,0,2
2024401409256,2024,401409256,1,9,0,-1,19,5,1,-1,0,0,0,0,0,0,1,1,-1,9,2,35,6,1461,2,7,NISSAN JUKE,5,E01027179,0,4
2024131454999,2024,131454999,1,9,0,-1,6,6,1,-1,0,2,0,0,0,0,3,1,-1,2,1,26,6,1461,2,10,NISSAN JUKE,2,E01011913,0,1
2024052401235,2024,052401235,2,9,0,7,7,5,1,0,0,8,0,0,1,0,1,1,6,6,3,-1,-1,1598,1,13,NISSAN JUKE,-1,-1,0,-1
2024041498813,2024,041498813,3,9,0,-1,5,5,1,-1,0,1,0,0,0,0,1,1,-1,9,2,30,6,1197,1,10,NISSAN JUKE,7,E01025159,0,1
2024161398001,2024,161398001,1,9,0,-1,3,2,6,-1,0,1,0,0,0,0,1,1,-1,9,1,73,10,1197,1,10,NISSAN JUKE,1,E01013000,0,1
2024231404691,2024,231404691,1,9,0,-1,19,8,4,-1,0,0,0,0,0,0,1,9,-1,6,1,48,8,1598,1,5,NISSAN JUKE,3,E01009537,0,2
2024421523747,2024,421523747,3,9,0,-1,3,5,1,-1,0,1,0,0,0,0,2,1,-1,9,2,72,10,1598,1,7,NISSAN JUKE,7,E01015878,0,3
2024991491628,2024,991491628,1,9,0,-1,9,4,1,-1,0,1,1,0,0,0,4,1,-1,9,1,69,10,999,1,0,NISSAN JUKE,-1,-1,0,-1
2024351437768,2024,351437768,2,9,0,-1,19,7,3,-1,0,1,0,0,0,0,1,1,-1,6,2,55,8,1612,1,13,NISSAN JUKE,4,E01029950,0,2
2024332400141,2024,332400141,1,9,0,-1,9,2,8,-1,0,6,0,0,0,0,4,1,-1,1,1,52,8,1598,1,12,NISSAN JUKE,3,E01013626,0,1
2024061395675,2024,061395675,1,9,0,-1,10,5,2,-1,0,8,0,0,0,0,1,1,-1,6,1,50,8,1461,2,10,NISSAN JUKE,2,E01029564,0,4
2024421473199,2024,421473199,1,9,0,-1,19,3,7,-1,0,0,0,0,0,0,3,1,-1,9,2,50,8,1461,2,12,NISSAN JUKE,2,E01021288,0,1
2024622400393,2024,622400393,1,9,0,12,12,6,2,0,0,7,0,4,0,0,1,1,3,7,2,31,6,1598,1,10,NISSAN JUKE,1,W01001807,0,1
2024201401366,2024,201401366,1,9,0,-1,19,2,6,-1,0,0,0,0,0,0,1,9,-1,2,2,25,5,1598,1,5,NISSAN JUKE,-1,-1,0,-1
2024610004824,2024,610004824,2,9,0,18,19,4,8,0,0,8,0,0,0,0,4,1,6,6,2,29,6,1598,1,12,NISSAN JUKE,8,W01001495,0,1
2024461523751,2024,461523751,4,9,0,-1,2,0,0,-1,0,1,0,0,0,0,1,1,-1,6,2,65,9,1197,1,9,NISSAN JUKE,8,E01024183,0,1
2024201464639,2024,201464639,3,9,0,-1,2,0,0,-1,0,1,0,0,0,0,1,1,-1,6,-1,-1,-1,1598,1,10,NISSAN JUKE,-1,-1,0,-1
2024061499142,2024,061499142,2,9,0,-1,19,-1,-1,-1,0,4,0,0,0,0,3,1,-1,6,1,-1,-1,999,1,0,NISSAN JUKE,6,E01006157,0,1
2024161439740,2024,161439740,1,9,0,-1,19,5,1,-1,0,0,0,0,0,0,3,9,-1,6,2,26,6,1461,2,14,NISSAN JUKE,4,E01013227,0,1
2024010512361,2024,010512361,1,9,0,5,5,1,5,0,0,8,0,0,0,0,4,1,6,6,1,49,8,1461,2,8,NISSAN JUKE,9,E01002450,0,1
2024041508897,2024,041508897,2,9,0,-1,19,6,8,-1,0,0,0,0,0,0,1,1,-1,9,1,64,9,1618,1,9,NISSAN JUKE,7,E01012592,0,2
2024131490868,2024,131490868,1,9,0,-1,19,5,7,-1,0,2,0,0,0,0,4,1,-1,9,2,32,6,1461,2,11,NISSAN JUKE,1,E01011373,0,1
2024010548766,2024,010548766,2,9,0,16,19,7,3,0,0,3,0,0,0,0,4,1,6,6,2,55,8,1598,1,8,NISSAN JUKE,2,E01002054,0,1
2024221394800,2024,221394800,2,9,0,-1,19,3,7,-1,0,8,0,0,0,0,4,9,-1,6,2,48,8,1197,1,7,NISSAN JUKE,2,E01032474,0,1
2024131456073,2024,131456073,2,9,0,-1,3,5,1,-1,0,0,0,0,0,0,2,1,-1,1,2,55,8,999,1,1,NISSAN JUKE,2,E01008435,0,5
2024010493528,2024,010493528,1,9,0,3,3,7,3,0,0,8,0,0,1,10,1,1,2,2,1,50,8,1598,1,7,NISSAN JUKE,8,E01003673,0,1
2024332401036,2024,332401036,1,9,0,-1,4,5,1,-1,0,0,0,0,0,0,2,1,-1,2,2,41,7,999,1,2,NISSAN JUKE,1,E01013726,0,1
2024052401293,2024,052401293,1,9,0,4,4,0,5,0,0,0,0,11,0,0,2,1,6,6,2,53,8,1197,1,8,NISSAN JUKE,9,E01006594,0,1
2024320761002,2024,320761002,1,9,0,-1,-1,4,8,0,0,0,1,0,1,4,1,1,-1,-1,1,64,9,999,1,2,NISSAN JUKE,7,E01026208,0,4
2024101486912,2024,101486912,2,9,0,-1,19,1,5,-1,0,1,0,0,0,0,1,1,-1,6,2,48,8,1461,2,8,NISSAN JUKE,8,E01008612,0,4
2024041475917,2024,041475917,1,9,0,-1,19,3,7,-1,0,0,5,4,0,0,4,1,-1,9,2,36,7,999,1,1,NISSAN JUKE,2,E01025578,0,1
2024461529904,2024,461529904,1,9,0,-1,19,2,4,-1,0,8,0,0,0,0,1,1,-1,6,1,24,5,999,1,4,NISSAN JUKE,6,E01016124,0,1
2024141527515,2024,141527515,1,9,0,-1,7,5,8,-1,0,2,0,0,0,0,1,1,-1,6,1,20,4,1461,2,13,NISSAN JUKE,2,E01007784,0,1
2024041430196,2024,041430196,3,9,0,-1,3,1,5,-1,0,2,0,0,0,0,2,1,-1,9,2,20,4,1461,2,8,NISSAN JUKE,9,E01025461,0,1
2024552401131,2024,552401131,1,9,0,18,19,4,8,0,0,8,0,0,0,0,3,1,6,6,3,-1,-1,999,1,1,NISSAN JUKE,-1,-1,0,-1
2024991526287,2024,991526287,1,9,0,-1,19,1,5,-1,0,0,0,0,0,0,4,1,-1,6,2,42,7,1598,1,11,NISSAN JUKE,4,-1,0,1
2024311455460,2024,311455460,3,9,0,-1,19,7,3,-1,0,0,0,0,0,0,1,1,-1,6,1,57,9,1461,2,12,NISSAN JUKE,4,E01027982,0,2
2024010534280,2024,010534280,2,9,0,18,19,3,7,0,0,1,0,0,0,0,2,1,2,2,2,53,8,1618,1,10,NISSAN JUKE,2,E01003252,0,1
2024501471641,2024,501471641,2,9,0,-1,4,5,1,-1,0,1,0,0,0,0,2,1,-1,9,2,49,8,1598,1,13,NISSAN JUKE,3,E01018993,0,3
2024070319107,2024,070319107,1,9,0,18,19,3,7,0,0,0,1,0,7,6,1,1,6,6,1,32,6,1598,1,12,NISSAN JUKE,2,E01018478,0,4
2024101510251,2024,101510251,1,9,0,-1,9,7,5,-1,0,0,0,0,0,0,1,1,-1,6,2,58,9,999,1,4,NISSAN JUKE,9,E01008526,0,1
2024141519397,2024,141519397,2,9,0,-1,19,8,4,-1,0,1,0,0,0,0,1,1,-1,6,1,38,7,1197,1,8,NISSAN JUKE,1,E01008103,0,1
2024052401932,2024,052401932,2,9,0,4,4,2,6,0,0,1,0,0,0,0,2,1,6,6,2,40,7,1598,1,11,NISSAN JUKE,1,E01006761,0,1
2024201523652,2024,201523652,2,9,0,-1,8,8,4,-1,0,1,0,0,0,0,2,1,-1,6,2,57,9,999,1,1,NISSAN JUKE,1,E01034913,0,1
2024010549167,2024,010549167,1,9,0,-1,-1,1,5,0,0,6,0,0,0,0,1,1,1,1,1,39,7,1598,1,8,NISSAN JUKE,-1,-1,0,-1
2024411510964,2024,411510964,1,9,0,-1,4,7,3,-1,0,0,0,0,0,0,3,1,-1,9,2,36,7,1598,1,14,NISSAN JUKE,7,E01016825,0,4
2024010510102,2024,010510102,2,9,0,99,99,9,9,99,99,9,9,99,9,99,9,9,6,6,3,-1,-1,1598,1,6,NISSAN JUKE,-1,-1,0,-1
2024010546823,2024,010546823,1,9,0,7,7,7,2,0,0,1,1,7,1,1,1,1,6,6,3,24,5,1598,1,7,NISSAN JUKE,-1,-1,0,-1
2024010543506,2024,010543506,2,9,0,99,99,9,9,99,99,9,9,99,9,99,1,9,6,6,3,-1,-1,1197,1,9,NISSAN JUKE,-1,-1,0,-1
2024401402101,2024,401402101,1,9,0,-1,9,-1,-1,-1,0,0,0,0,0,0,1,9,-1,6,1,-1,-1,1598,8,2,NISSAN JUKE,-1,-1,0,-1
2024991470248,2024,991470248,1,9,0,-1,19,7,3,-1,0,0,0,0,0,0,1,1,-1,6,2,54,8,1598,1,12,NISSAN JUKE,6,-1,0,2
2024610043924,2024,610043924,2,9,0,18,19,1,5,0,0,3,0,0,0,0,1,1,6,6,1,40,7,1461,2,10,NISSAN JUKE,8,E01034006,0,5
2024311400367,2024,311400367,2,9,0,-1,3,8,4,-1,0,3,0,0,0,0,2,9,-1,1,1,38,7,1461,2,13,NISSAN JUKE,-1,-1,0,-1
2024471452725,2024,471452725,1,9,0,-1,9,8,6,-1,0,5,0,0,0,0,2,1,-1,9,2,54,8,1461,2,8,NISSAN JUKE,5,E01031501,0,1
2024041457695,2024,041457695,1,9,0,-1,19,7,3,-1,0,3,0,0,0,0,3,1,-1,1,2,59,9,1461,2,10,NISSAN JUKE,1,E01025171,0,1
2024361437736,2024,361437736,2,9,0,-1,4,7,3,-1,0,1,0,0,0,0,0,1,-1,2,2,48,8,1598,1,7,NISSAN JUKE,5,E01026529,0,3
2024010502453,2024,010502453,1,9,0,18,19,7,3,0,0,0,0,4,0,0,1,1,6,6,2,50,8,1598,1,10,NISSAN JUKE,2,E01003535,0,1
2024010547894,2024,010547894,1,9,0,18,19,1,5,0,0,8,0,0,0,0,4,1,6,6,2,49,8,1598,1,11,NISSAN JUKE,-1,-1,0,-1
2024141460921,2024,141460921,2,9,0,-1,14,7,3,-1,0,0,0,0,0,0,1,1,-1,6,1,-1,-1,1461,2,6,NISSAN JUKE,5,E01007342,0,1
2024430106696,2024,430106696,1,9,0,18,19,7,3,0,0,4,0,0,0,0,1,1,6,6,1,31,6,999,1,3,NISSAN JUKE,7,E01016307,0,3
2024201488570,2024,201488570,2,9,4,-1,19,5,1,-1,0,1,0,0,0,0,2,1,-1,6,2,45,7,1598,1,14,NISSAN JUKE,-1,-1,0,-1
2024041453117,2024,041453117,2,9,0,-1,19,1,5,-1,0,1,1,0,7,0,1,1,-1,9,2,24,5,1197,1,8,NISSAN JUKE,9,E01025303,0,1
2024122400881,2024,122400881,1,9,0,7,7,5,7,0,0,4,0,0,0,0,3,1,6,6,2,62,9,1598,1,13,NISSAN JUKE,7,E01027684,0,2
2024041513611,2024,041513611,2,9,0,-1,19,6,3,-1,0,0,0,0,0,0,2,1,-1,9,2,23,5,999,1,2,NISSAN JUKE,5,E01025013,0,1
2024451434236,2024,451434236,2,9,0,-1,6,4,7,-1,0,0,1,0,0,0,4,1,-1,9,2,30,6,1598,1,7,NISSAN JUKE,10,E01030323,0,2
2024101467062,2024,101467062,2,9,0,-1,19,1,5,-1,0,8,0,0,0,0,1,1,-1,9,2,55,8,1598,1,5,NISSAN JUKE,2,E01012795,0,5
2024010540179,2024,010540179,2,9,0,18,19,1,5,0,0,1,0,0,0,0,1,1,6,6,1,48,8,999,1,4,NISSAN JUKE,7,E01002747,0,3
2024461487860,2024,461487860,1,9,0,-1,19,1,5,-1,0,0,0,0,0,0,1,9,-1,6,2,-1,-1,1461,2,12,NISSAN JUKE,-1,-1,0,-1
2024471489333,2024,471489333,2,9,0,-1,19,4,8,-1,0,0,0,0,0,0,3,1,-1,9,2,70,10,1598,8,1,NISSAN JUKE,1,E01016880,0,1
2024451493539,2024,451493539,1,9,0,-1,11,5,7,-1,0,8,0,0,0,0,4,1,-1,9,1,73,10,999,1,4,NISSAN JUKE,7,E01030423,0,3
202417S109524,2024,17S109524,1,9,0,-1,19,7,3,-1,0,4,0,9,0,0,1,1,-1,2,2,25,5,1461,2,9,NISSAN JUKE,-1,-1,0,-1
2024211515447,2024,211515447,1,9,0,-1,7,7,3,-1,0,8,0,4,6,0,3,1,-1,6,2,36,7,1197,1,9,NISSAN JUKE,-1,-1,0,-1
2024161493209,2024,161493209,2,9,0,-1,19,8,4,-1,0,8,0,0,0,0,1,1,-1,9,2,31,6,1461,2,8,NISSAN JUKE,10,E01033495,0,1
2024231488971,2024,231488971,2,9,0,-1,4,1,5,-1,0,0,0,0,0,0,2,9,-1,6,1,22,5,1612,1,11,NISSAN JUKE,1,E01009122,0,3
2024411563296,2024,411563296,3,9,0,-1,19,8,4,-1,0,0,0,0,7,0,1,1,-1,7,1,29,6,1461,2,7,NISSAN JUKE,9,E01023376,0,3
2024411459655,2024,411459655,2,9,0,-1,5,4,8,-1,0,8,0,0,0,0,2,1,-1,1,2,55,8,1461,2,12,NISSAN JUKE,4,E01023864,0,1
2024421441862,2024,421441862,2,9,0,-1,19,4,8,-1,0,8,0,0,0,0,1,9,-1,9,1,34,6,1197,1,10,NISSAN JUKE,6,E01023305,0,3
2024010497919,2024,010497919,1,9,0,4,4,1,5,0,0,1,0,0,0,0,2,2,6,6,1,47,8,1197,1,9,NISSAN JUKE,4,E01033322,0,1
2024991461501,2024,991461501,2,9,0,-1,19,3,7,-1,0,6,0,0,0,0,1,1,-1,6,2,64,9,1461,2,7,NISSAN JUKE,7,-1,0,1
2024302400887,2024,302400887,2,9,0,18,19,1,5,0,0,1,0,0,0,0,1,1,6,6,2,45,7,1598,1,9,NISSAN JUKE,1,E01013496,0,2
2024010532655,2024,010532655,2,9,0,18,19,7,3,0,0,0,0,0,0,0,2,1,6,6,2,36,7,1598,1,11,NISSAN JUKE,5,E01002546,0,2
2024351442232,2024,351442232,1,9,0,-1,19,1,4,-1,0,6,0,0,0,0,1,1,-1,7,2,50,8,1461,2,5,NISSAN JUKE,10,E01018301,0,1
2024461461664,2024,461461664,2,9,0,-1,19,6,2,-1,0,0,0,0,0,0,3,1,-1,6,1,52,8,999,1,4,NISSAN JUKE,5,E01000110,0,3
2024332400471,2024,332400471,1,9,0,-1,7,5,7,-1,0,5,0,0,1,11,1,1,-1,6,2,84,11,1598,8,1,NISSAN JUKE,4,E01013665,0,1
2024161515636,2024,161515636,2,9,0,-1,19,5,1,-1,0,2,0,0,0,0,1,1,-1,2,2,22,5,1197,1,8,NISSAN JUKE,9,E01035478,0,1
202454E698524,2024,54E698524,1,9,0,18,19,3,7,0,0,1,0,0,0,0,4,1,6,6,2,59,9,999,1,1,NISSAN JUKE,9,E01032012,0,1
2024010549000,2024,010549000,1,9,0,4,4,7,3,0,0,1,0,0,0,0,1,1,6,6,2,53,8,1598,8,0,NISSAN JUKE,3,E01000041,0,1
2024010523844,2024,010523844,2,9,0,99,99,9,9,99,99,9,9,99,9,99,2,9,6,6,2,29,6,1598,1,12,NISSAN JUKE,4,E01000068,0,1
2024131430254,2024,131430254,1,9,0,-1,19,4,8,-1,0,0,0,0,1,4,1,1,-1,9,2,34,6,999,1,1,NISSAN JUKE,1,E01011378,0,1
2024991469679,2024,991469679,1,9,0,-1,19,8,4,-1,0,0,0,0,2,4,1,1,-1,9,1,55,8,1612,1,11,NISSAN JUKE,2,E01005280,0,5
2024010519121,2024,010519121,1,9,0,6,6,1,1,0,0,0,0,0,1,11,1,1,6,6,2,33,6,999,1,2,NISSAN JUKE,6,E01004049,0,1
2024010512164,2024,010512164,1,9,0,18,19,1,5,0,0,0,0,0,0,0,1,1,6,6,2,38,7,999,1,0,NISSAN JUKE,4,E01003133,0,1
2024052400352,2024,052400352,2,9,0,18,19,8,4,0,0,0,0,0,0,0,2,1,6,6,1,59,9,1598,8,1,NISSAN JUKE,1,E01006541,0,1
2024311426276,2024,311426276,3,9,0,-1,2,0,0,-1,0,0,0,0,0,0,2,9,-1,9,2,51,8,1461,2,10,NISSAN JUKE,7,E01028293,0,4
2024010530768,2024,010530768,1,9,0,18,19,3,7,0,0,8,0,0,0,0,1,1,6,6,1,25,5,1598,1,8,NISSAN JUKE,6,E01000921,0,1
2024041511972,2024,041511972,1,9,0,-1,19,3,7,-1,0,0,0,0,0,0,1,1,-1,1,1,52,8,999,1,2,NISSAN JUKE,3,E01012691,0,1