collision_index,collision_year,collision_ref_no,vehicle_reference,vehicle_type,towing_and_articulation,vehicle_manoeuvre_historic,vehicle_manoeuvre,vehicle_direction_from,vehicle_direction_to,vehicle_location_restricted_lane_historic,vehicle_location_restricted_lane,junction_location,skidding_and_overturning,hit_object_in_carriageway,vehicle_leaving_carriageway,hit_object_off_carriageway,first_point_of_impact,vehicle_left_hand_drive,journey_purpose_of_driver_historic,journey_purpose_of_driver,sex_of_driver,age_of_driver,age_band_of_driver,engine_capacity_cc,propulsion_code,age_of_vehicle,generic_make_model,driver_imd_decile,lsoa_of_driver,escooter_flag,driver_distance_banding
2024061394476,2024,061394476,2,9,0,-1,6,3,7,-1,0,0,0,0,0,0,4,1,-1,6,2,32,6,1197,1,8,NISSAN JUKE,1,E01005180,0,1
2024141455961,2024,141455961,2,9,0,-1,19,1,5,-1,0,0,0,0,0,0,1,1,-1,9,2,56,9,999,1,1,NISSAN JUKE,1,E01007542,0,2
2024041480086,2024,041480086,2,9,0,-1,9,5,1,-1,0,1,0,0,0,0,4,1,-1,6,2,67,10,1461,2,9,NISSAN JUKE,7,E01025081,0,2
2024052400567,2024,052400567,3,9,0,3,3,6,2,0,0,1,0,0,0,0,1,1,6,6,1,66,10,1461,2,7,NISSAN JUKE,3,E01006799,0,1
2024010509339,2024,010509339,2,9,0,99,99,9,9,99,99,0,9,99,9,99,9,9,6,6,3,-1,-1,1598,1,10,NISSAN JUKE,-1,-1,0,-1
2024010518042,2024,010518042,2,9,0,9,9,5,4,0,0,8,0,0,0,0,0,1,6,6,2,27,6,1197,1,10,NISSAN JUKE,2,E01002368,0,3
2024211508515,2024,211508515,2,9,0,-1,4,4,7,-1,0,1,0,0,0,0,2,9,-1,6,2,32,6,1197,1,7,NISSAN JUKE,4,E01014268,0,1
2024552400075,2024,552400075,1,9,0,3,3,7,3,0,0,1,0,0,0,0,1,1,1,1,2,67,10,1197,1,8,NISSAN JUKE,7,E01020465,0,3
2024010545020,2024,010545020,1,9,0,18,19,3,7,0,0,8,0,7,0,0,1,1,3,7,1,33,6,1598,1,10,NISSAN JUKE,4,E01000634,0,4
2024070426818,2024,070426818,2,9,0,3,3,1,5,0,0,4,0,0,0,0,2,1,6,6,2,46,8,1197,1,9,NISSAN JUKE,2,E01034669,0,3
2024041453386,2024,041453386,2,9,0,-1,19,3,7,-1,0,1,0,0,0,0,3,1,-1,9,2,42,7,1461,2,11,NISSAN JUKE,3,E01025221,0,1
2024201500258,2024,201500258,2,9,0,-1,7,3,5,-1,0,6,0,0,0,0,4,1,-1,6,1,35,6,1598,1,12,NISSAN JUKE,-1,-1,0,-1
2024461492397,2024,461492397,1,9,0,-1,9,3,2,-1,0,8,0,11,0,0,1,1,-1,9,1,39,7,1598,1,12,NISSAN JUKE,9,E01024300,0,3
2024991529896,2024,991529896,2,9,0,-1,19,2,7,-1,0,8,0,0,0,0,4,1,-1,9,2,42,7,999,1,1,NISSAN JUKE,6,E01007725,0,5
2024991440140,2024,991440140,1,9,0,-1,19,8,3,-1,0,0,0,0,0,0,4,1,-1,6,2,50,8,1598,1,5,NISSAN JUKE,-1,-1,0,-1
2024041443104,2024,041443104,2,9,0,-1,19,1,5,-1,0,1,0,0,0,0,3,1,-1,1,2,43,7,1197,1,6,NISSAN JUKE,3,E01025071,0,1
2024361531784,2024,361531784,2,9,0,-1,19,4,8,-1,0,1,0,0,0,0,1,1,-1,6,1,62,9,1598,1,10,NISSAN JUKE,3,E01026782,0,2
2024991399198,2024,991399198,1,9,0,-1,19,3,7,-1,0,1,0,0,0,0,1,1,-1,6,1,74,10,1461,2,8,NISSAN JUKE,1,-1,0,1
2024461519856,2024,461519856,3,9,0,-1,4,5,1,-1,0,0,0,0,0,0,2,1,-1,9,2,28,6,999,1,3,NISSAN JUKE,8,E01032825,0,4
2024471499714,2024,471499714,1,9,0,-1,19,7,3,-1,0,0,2,4,0,0,4,1,-1,9,1,35,6,999,1,1,NISSAN JUKE,-1,-1,0,-1
2024340WN0592,2024,340WN0592,2,9,0,-1,9,4,2,-1,0,5,0,0,0,0,3,1,-1,7,2,31,6,1461,2,12,NISSAN JUKE,1,E01027168,0,1
2024461474599,2024,461474599,2,9,0,-1,19,7,3,-1,0,0,0,0,0,0,2,1,-1,9,2,45,7,1598,1,11,NISSAN JUKE,3,E01024248,0,1
2024061489277,2024,061489277,1,9,0,-1,19,3,7,-1,0,0,0,0,7,0,1,1,-1,6,1,-1,-1,999,1,1,NISSAN JUKE,-1,-1,0,-1
2024421460566,2024,421460566,2,8,0,-1,9,2,8,-1,0,8,0,0,0,0,3,1,-1,6,2,50,8,1461,2,8,NISSAN JUKE,7,E01021578,0,1
2024501513921,2024,501513921,2,9,0,-1,12,8,4,-1,0,0,0,0,0,0,3,1,-1,6,2,34,6,999,1,1,NISSAN JUKE,1,E01015043,0,1
2024610027324,2024,610027324,1,9,0,1,1,2,6,0,0,1,0,0,0,0,2,1,6,6,1,68,10,1598,8,0,NISSAN JUKE,5,W01000846,0,4
2024101417169,2024,101417169,1,9,0,-1,19,1,5,-1,0,2,0,0,0,0,1,1,-1,2,2,53,8,1598,1,8,NISSAN JUKE,-1,-1,0,-1
2024351490101,2024,351490101,2,9,0,-1,2,0,0,-1,9,0,0,0,0,0,2,1,-1,6,-1,-1,-1,1197,1,10,NISSAN JUKE,-1,-1,0,-1
2024010546550,2024,010546550,2,9,0,99,99,9,9,99,99,9,9,99,9,99,2,9,6,6,1,37,7,1197,1,7,NISSAN JUKE,2,E01001118,0,1
2024201508823,2024,201508823,1,9,0,-1,9,8,6,-1,0,6,0,0,0,0,1,1,-1,6,2,49,8,1461,2,8,NISSAN JUKE,1,E01009840,0,1
2024101464228,2024,101464228,2,9,0,-1,3,1,5,-1,0,8,0,0,0,0,2,1,-1,9,1,62,9,999,1,0,NISSAN JUKE,4,E01008513,0,1
2024311531935,2024,311531935,1,9,0,-1,7,4,1,-1,0,2,0,0,0,0,1,1,-1,9,1,25,5,1461,2,11,NISSAN JUKE,3,E01028310,0,1
2024041470527,2024,041470527,3,9,0,-1,3,5,1,-1,0,1,0,0,0,0,2,1,-1,9,1,33,6,1598,1,11,NISSAN JUKE,8,E01034347,0,1
2024451485088,2024,451485088,2,9,0,-1,19,7,3,-1,0,0,1,4,0,0,3,1,-1,2,1,36,7,1598,1,6,NISSAN JUKE,5,E01030663,0,3
2024131483691,2024,131483691,4,9,0,-1,2,0,0,-1,0,0,0,0,0,0,2,1,-1,6,-1,-1,-1,1461,2,11,NISSAN JUKE,-1,-1,0,-1
2024471491421,2024,471491421,2,9,0,-1,4,7,3,-1,1,1,0,0,0,0,2,1,-1,9,1,54,8,1461,2,9,NISSAN JUKE,3,E01016921,0,2
2024531466164,2024,531466164,1,9,0,-1,9,8,4,-1,0,0,0,0,8,0,4,1,-1,9,2,58,9,999,1,0,NISSAN JUKE,-1,-1,0,-1
2024622400251,2024,622400251,1,9,0,18,19,4,8,0,0,0,0,0,0,0,4,1,6,6,2,25,5,1598,1,13,NISSAN JUKE,2,W01000844,0,1
2024622400782,2024,622400782,1,9,0,5,5,8,4,0,0,1,0,0,0,0,1,1,6,6,2,63,9,999,1,0,NISSAN JUKE,9,W01001104,0,1
2024430606320,2024,430606320,1,9,0,18,19,5,1,0,0,0,0,0,0,0,1,1,6,6,2,58,9,1461,2,9,NISSAN JUKE,9,E01011939,0,5
2024201399116,2024,201399116,2,9,0,-1,19,5,1,-1,0,8,0,0,0,0,3,1,-1,6,2,50,8,999,1,3,NISSAN JUKE,2,E01009786,0,1
2024421477502,2024,421477502,1,9,0,-1,9,7,8,-1,0,6,0,0,0,0,3,1,-1,9,1,77,11,999,1,1,NISSAN JUKE,6,E01007196,0,5
2024991436397,2024,991436397,2,9,0,-1,19,3,8,-1,0,1,0,1,0,0,3,1,-1,9,2,60,9,1598,8,1,NISSAN JUKE,4,-1,0,1
2024991440717,2024,991440717,1,9,0,-1,5,5,3,-1,0,8,0,0,0,0,1,1,-1,6,1,69,10,1461,2,10,NISSAN JUKE,7,-1,0,1
2024430001817,2024,430001817,1,9,0,9,9,2,8,0,0,5,0,0,7,7,4,1,6,6,2,55,8,1197,1,9,NISSAN JUKE,7,E01016275,0,1
2024201467648,2024,201467648,1,9,0,-1,15,4,8,-1,0,8,0,0,0,0,2,9,-1,1,2,24,5,999,1,3,NISSAN JUKE,1,E01009361,0,1
2024131528473,2024,131528473,2,9,0,-1,4,1,5,-1,0,0,0,0,0,0,0,1,-1,6,2,37,7,1461,2,9,NISSAN JUKE,1,E01011838,0,1
2024161479518,2024,161479518,1,9,0,-1,9,5,2,-1,0,6,0,0,0,0,1,1,-1,6,2,64,9,999,1,1,NISSAN JUKE,8,E01012983,0,1
2024430480292,2024,430480292,1,9,0,18,19,1,5,0,0,4,0,0,0,0,3,1,6,6,2,30,6,999,1,3,NISSAN JUKE,10,E01016187,0,1
2024010536334,2024,010536334,1,9,0,9,9,7,5,0,0,8,0,0,0,0,1,1,6,6,2,54,8,1598,1,11,NISSAN JUKE,3,E01001436,0,1
2024211436497,2024,211436497,1,9,0,-1,19,2,6,-1,0,1,0,0,0,0,1,1,-1,6,2,31,6,1598,1,10,NISSAN JUKE,1,E01014302,0,1
2024061536838,2024,061536838,2,9,0,-1,10,-1,-1,-1,0,1,0,99,0,0,1,1,-1,6,2,-1,-1,1461,2,10,NISSAN JUKE,9,E01005052,0,1
2024211499648,2024,211499648,1,9,0,-1,19,2,6,-1,0,0,0,0,0,0,1,1,-1,9,2,49,8,1598,1,13,NISSAN JUKE,-1,-1,0,-1
202460Q007702,2024,60Q007702,1,9,0,7,7,5,7,0,0,8,0,0,0,0,1,1,3,7,2,33,6,1598,1,14,NISSAN JUKE,-1,-1,0,-1
2024010515936,2024,010515936,2,9,0,99,99,9,9,99,99,9,9,99,9,99,1,9,6,6,3,-1,-1,1598,1,11,NISSAN JUKE,-1,-1,0,-1
2024131472435,2024,131472435,1,9,0,-1,19,3,7,-1,0,0,0,0,6,0,1,1,-1,1,1,55,8,1461,2,10,NISSAN JUKE,3,E01011097,0,1
2024552400822,2024,552400822,1,9,0,4,4,7,3,0,0,0,0,0,0,0,1,1,6,6,2,62,9,999,1,1,NISSAN JUKE,6,E01015460,0,4
2024221440721,2024,221440721,1,9,0,-1,3,8,3,-1,0,1,0,0,0,0,2,9,-1,9,2,42,7,999,1,0,NISSAN JUKE,5,E01032244,0,1
2024401396385,2024,401396385,3,9,0,-1,19,2,6,-1,0,0,0,0,0,0,3,9,-1,9,1,67,10,1461,2,8,NISSAN JUKE,1,E01015789,0,2
2024361422667,2024,361422667,2,9,0,-1,10,7,3,-1,0,0,0,0,0,0,2,1,-1,9,2,38,7,1461,2,9,NISSAN JUKE,6,E01026773,0,1
2024111531303,2024,111531303,2,9,0,-1,19,8,4,-1,0,1,5,0,7,11,1,1,-1,9,1,20,4,999,1,1,NISSAN JUKE,3,E01020677,0,2
2024052402879,2024,052402879,2,9,0,18,19,1,5,0,0,8,0,10,1,1,1,1,6,6,2,36,7,1598,1,7,NISSAN JUKE,8,E01007308,0,1
2024010538527,2024,010538527,1,9,0,9,9,5,3,0,0,5,0,0,0,0,1,1,6,6,1,67,10,1598,1,8,NISSAN JUKE,3,E01002235,0,1
2024351429541,2024,351429541,3,9,0,-1,4,3,7,-1,0,0,0,0,0,0,2,1,-1,9,1,58,9,1598,8,1,NISSAN JUKE,9,E01034425,0,4
2024421451632,2024,421451632,2,9,0,-1,2,5,6,-1,0,8,0,0,3,0,3,1,-1,6,-1,-1,-1,1598,1,7,NISSAN JUKE,-1,-1,0,-1
2024471442009,2024,471442009,1,9,0,-1,9,7,5,-1,0,1,0,0,0,0,2,1,-1,6,3,40,7,1197,1,7,NISSAN JUKE,2,E01021091,0,2
2024201487550,2024,201487550,1,9,0,-1,1,1,5,-1,0,6,0,0,0,0,2,1,-1,6,1,40,7,1197,1,9,NISSAN JUKE,-1,-1,0,-1
2024010542828,2024,010542828,1,9,0,99,99,9,9,99,99,9,9,99,9,99,9,9,6,6,3,-1,-1,1612,1,13,NISSAN JUKE,-1,-1,0,-1
2024631472651,2024,631472651,2,9,0,-1,9,4,2,-1,0,7,0,0,3,1,3,1,-1,9,2,63,9,1461,2,13,NISSAN JUKE,9,W01000665,0,1
2024052402457,2024,052402457,1,9,0,9,9,1,7,0,0,1,0,0,0,0,1,1,6,6,1,56,9,1598,8,0,NISSAN JUKE,1,E01007304,0,1
2024451498658,2024,451498658,4,9,0,-1,19,5,1,-1,0,0,0,0,0,0,2,1,-1,9,1,61,9,999,1,4,NISSAN JUKE,5,E01004580,0,4
202454C056524,2024,54C056524,1,9,0,5,5,1,5,0,0,4,0,0,0,0,1,1,6,6,1,69,10,1598,1,8,NISSAN JUKE,6,E01020476,0,4
2024622400684,2024,622400684,2,9,0,4,4,4,8,0,0,3,0,0,0,0,1,1,6,6,2,49,8,999,1,3,NISSAN JUKE,10,W01001894,0,1
2024371532798,2024,371532798,1,9,0,-1,9,5,2,-1,0,8,0,0,0,0,1,1,-1,2,2,50,8,1598,1,10,NISSAN JUKE,9,E01030147,0,1
2024522403261,2024,522403261,3,9,0,4,4,3,7,0,0,0,0,0,0,0,2,1,6,6,1,54,8,1598,1,12,NISSAN JUKE,10,E01014944,0,2
2024461525430,2024,461525430,2,9,0,-1,19,5,1,-1,0,0,0,0,0,0,1,1,-1,9,2,38,7,1197,1,9,NISSAN JUKE,7,E01024569,0,2
2024061505606,2024,061505606,3,9,0,-1,2,0,0,-1,0,0,0,0,0,0,4,1,-1,6,-1,-1,-1,1461,2,11,NISSAN JUKE,-1,-1,0,-1
2024622400424,2024,622400424,1,9,0,5,5,8,4,0,0,6,0,0,0,0,1,1,6,6,2,24,5,999,1,3,NISSAN JUKE,1,W01001179,0,1
2024201488843,2024,201488843,1,9,0,-1,9,6,4,-1,0,5,0,0,0,0,1,1,-1,6,1,37,7,1598,1,13,NISSAN JUKE,1,E01009000,0,1
2024501402256,2024,501402256,1,9,0,-1,3,8,3,-1,0,4,0,0,0,0,1,9,-1,6,2,32,6,1461,2,10,NISSAN JUKE,4,E01019927,0,1
2024421526804,2024,421526804,2,9,0,-1,4,1,1,-1,0,0,0,0,0,0,2,1,-1,9,2,37,7,1598,1,10,NISSAN JUKE,8,E01021830,0,1
2024061401331,2024,061401331,2,9,0,-1,19,-1,-1,-1,0,0,0,0,0,0,-1,9,-1,6,2,-1,-1,1598,1,12,NISSAN JUKE,1,E01005698,0,2
2024421461134,2024,421461134,3,9,0,-1,3,7,3,-1,0,0,0,0,0,0,2,1,-1,9,2,39,7,1197,1,9,NISSAN JUKE,-1,-1,0,-1
2024052401034,2024,052401034,2,9,0,5,5,7,3,0,0,4,0,0,0,0,2,1,6,6,2,69,10,1598,1,6,NISSAN JUKE,9,E01006807,0,1
2024061494178,2024,061494178,1,9,0,-1,3,-1,-1,-1,0,1,9,0,0,0,2,1,-1,2,2,28,6,1598,1,13,NISSAN JUKE,2,E01004966,0,3
2024451527676,2024,451527676,4,9,0,-1,4,1,5,-1,0,0,0,0,0,0,1,1,-1,9,2,19,4,1197,1,10,NISSAN JUKE,4,E01023121,0,4
2024010501280,2024,010501280,1,9,0,99,99,9,9,99,99,9,9,99,9,99,9,9,6,6,2,47,8,1197,1,8,NISSAN JUKE,3,E01001192,0,2
2024461482192,2024,461482192,1,9,0,-1,19,6,2,-1,0,2,0,0,7,10,1,1,-1,9,1,80,11,999,1,4,NISSAN JUKE,5,E01023978,0,3
2024361394897,2024,361394897,2,9,0,-1,8,3,7,-1,0,0,0,0,0,0,2,1,-1,6,2,43,7,1461,2,8,NISSAN JUKE,3,E01026685,0,3
2024501427724,2024,501427724,2,9,0,-1,19,8,4,-1,0,0,0,0,0,0,3,1,-1,6,1,68,10,1598,8,1,NISSAN JUKE,7,E01029192,0,5
2024010500911,2024,010500911,2,9,0,99,99,9,9,99,99,9,9,99,9,99,9,9,6,6,1,61,9,1598,1,11,NISSAN JUKE,5,E01001164,0,2
2024421402360,2024,421402360,1,9,0,-1,19,2,6,-1,0,1,0,9,7,11,1,1,-1,2,1,69,10,1598,1,10,NISSAN JUKE,4,E01015906,0,4
2024302400823,2024,302400823,2,9,0,4,4,2,5,0,0,3,0,0,0,0,2,1,1,1,2,34,6,1197,1,7,NISSAN JUKE,1,E01019646,0,1
2024302401233,2024,302401233,1,9,0,12,12,5,1,0,0,0,0,0,0,0,3,1,6,6,1,56,9,1598,8,1,NISSAN JUKE,7,E01007399,0,4
2024332400966,2024,332400966,2,9,0,-1,1,7,3,-1,0,6,0,0,0,0,2,1,-1,6,1,-1,-1,1461,2,9,NISSAN JUKE,-1,-1,0,-1
2024461535558,2024,461535558,3,9,0,-1,19,7,3,-1,0,0,0,0,0,0,2,1,-1,9,1,43,7,1598,1,11,NISSAN JUKE,2,E01000015,0,3
2024201556319,2024,201556319,1,9,0,-1,5,7,3,-1,0,0,0,0,0,0,1,9,-1,6,2,31,6,1197,1,8,NISSAN JUKE,1,E01009080,0,1
2024211525774,2024,211525774,1,9,0,-1,19,4,8,-1,0,1,0,0,0,0,1,1,-1,9,1,60,9,1598,1,5,NISSAN JUKE,9,E01029744,0,3
2024211535537,2024,211535537,1,9,0,-1,4,3,7,-1,0,0,0,0,0,0,2,1,-1,6,1,42,7,999,1,3,NISSAN JUKE,-1,-1,0,-1
2024201403815,2024,201403815,4,9,0,-1,19,4,8,-1,0,0,1,0,0,0,2,9,-1,1,1,73,10,1461,2,7,NISSAN JUKE,1,E01033627,0,1
2024221539504,2024,221539504,3,9,0,-1,10,2,8,-1,0,1,0,0,0,0,1,1,-1,2,2,48,8,1461,2,10,NISSAN JUKE,6,E01028970,0,1
2024010519844,2024,010519844,1,9,0,18,19,3,7,0,0,0,0,0,0,0,2,1,6,6,2,55,8,1612,1,14,NISSAN JUKE,7,E01004134,0,1
2024131469069,2024,131469069,2,9,0,-1,19,3,7,-1,0,8,0,0,0,0,1,1,-1,9,1,85,11,1598,1,13,NISSAN JUKE,3,E01011722,0,1
2024371510803,2024,371510803,1,9,0,-1,20,5,1,-1,0,0,0,0,0,0,1,1,-1,1,1,41,7,1598,1,10,NISSAN JUKE,3,E01029912,0,4
2024501395037,2024,501395037,2,9,0,-1,19,1,5,-1,0,0,1,0,0,0,1,1,-1,9,1,20,4,1461,2,10,NISSAN JUKE,9,E01020023,0,3
2024010525292,2024,010525292,1,9,0,18,19,1,5,0,0,1,0,0,0,0,1,1,6,6,2,57,9,999,1,3,NISSAN JUKE,2,E01001660,0,1
2024320686160,2024,320686160,1,9,0,12,12,8,4,0,0,0,0,0,0,0,2,1,6,6,1,80,11,1598,1,10,NISSAN JUKE,6,E01025912,0,3
2024010525307,2024,010525307,1,9,0,99,99,9,9,99,99,9,9,99,9,99,3,9,6,6,2,42,7,1598,1,9,NISSAN JUKE,3,E01034152,0,1
2024231505503,2024,231505503,1,9,0,-1,19,2,6,-1,0,0,0,12,1,4,1,9,-1,6,2,50,8,1598,1,13,NISSAN JUKE,1,E01009579,0,1
2024010506910,2024,010506910,1,9,0,7,7,3,5,0,0,3,0,0,0,0,1,1,6,6,2,46,8,1598,1,5,NISSAN JUKE,5,E01024561,0,4
2024631445800,2024,631445800,1,9,0,-1,19,8,4,-1,0,0,0,4,0,0,3,1,-1,6,1,81,11,999,1,1,NISSAN JUKE,5,W01000505,0,1
2024161516749,2024,161516749,2,9,0,-1,5,7,3,-1,0,4,0,0,0,0,3,1,-1,6,2,-1,-1,1598,1,13,NISSAN JUKE,5,E01012829,0,1
2024320437899,2024,320437899,1,9,0,-1,-1,6,2,0,0,1,0,0,1,0,1,1,-1,-1,1,50,8,1461,2,9,NISSAN JUKE,8,E01026065,0,1
2024440548580,2024,440548580,1,9,0,18,19,6,1,0,0,8,0,0,0,0,1,1,6,6,2,50,8,1197,1,8,NISSAN JUKE,6,E01035454,0,1
2024201435568,2024,201435568,2,9,0,-1,7,2,5,-1,0,4,0,0,0,0,3,1,-1,6,2,64,9,999,1,0,NISSAN JUKE,2,E01034312,0,1
2024070866214,2024,070866214,1,9,0,-1,19,3,7,-1,0,0,0,0,0,0,1,1,-1,6,1,16,4,1461,2,8,NISSAN JUKE,1,E01012381,0,1
2024131510045,2024,131510045,2,9,0,-1,19,7,3,-1,0,1,0,0,0,0,1,1,-1,9,2,39,7,1598,1,11,NISSAN JUKE,1,E01010736,0,1
2024461400197,2024,461400197,2,9,0,-1,19,7,3,-1,0,2,0,0,0,0,3,9,-1,6,2,27,6,999,1,1,NISSAN JUKE,1,E01024649,0,1
2024371442764,2024,371442764,1,9,0,-1,19,7,3,-1,0,0,0,4,0,0,1,1,-1,6,2,32,6,1618,1,8,NISSAN JUKE,8,E01029890,0,1
2024010496699,2024,010496699,1,9,0,7,7,7,2,9,9,5,0,0,1,11,1,1,6,6,1,19,4,1598,1,11,NISSAN JUKE,2,E01001250,0,2
2024010551435,2024,010551435,2,9,0,18,19,1,5,0,0,8,0,0,1,1,4,1,6,6,1,66,10,1598,8,0,NISSAN JUKE,3,E01001188,0,1
2024302401317,2024,302401317,1,9,0,99,99,5,4,0,0,0,0,0,0,0,0,1,6,6,1,57,9,1197,1,7,NISSAN JUKE,4,E01019851,0,1
2024041472614,2024,041472614,2,9,0,-1,19,5,1,-1,0,0,0,0,0,0,2,1,-1,2,1,50,8,1598,8,1,NISSAN JUKE,1,E01025570,0,3
2024010506582,2024,010506582,1,9,0,9,9,4,1,0,0,1,0,0,0,0,4,1,6,6,1,56,9,999,1,2,NISSAN JUKE,2,E01034177,0,1
2024070479446,2024,070479446,1,9,0,17,19,6,2,0,0,3,0,0,0,0,4,1,6,6,2,40,7,1197,1,9,NISSAN JUKE,9,E01012493,0,1
2024141428057,2024,141428057,1,9,0,-1,19,7,3,-1,0,0,5,4,0,0,1,1,-1,2,2,24,5,1197,1,6,NISSAN JUKE,1,E01007883,0,1
2024991483245,2024,991483245,1,9,0,-1,19,7,3,-1,0,7,0,11,1,1,1,1,-1,6,1,27,6,1598,8,1,NISSAN JUKE,8,-1,0,1
2024141465075,2024,141465075,4,9,0,-1,2,0,0,-1,9,0,1,4,0,0,2,1,-1,9,2,33,6,1461,2,12,NISSAN JUKE,4,E01007637,0,1
2024201463568,2024,201463568,2,9,0,-1,5,1,5,-1,0,3,0,0,0,0,2,1,-1,9,2,40,7,1598,1,11,NISSAN JUKE,1,E01009019,0,2
2024010512263,2024,010512263,1,9,0,18,19,1,5,0,0,1,0,0,0,0,4,1,6,6,2,76,11,1598,1,6,NISSAN JUKE,2,E01004272,0,1
2024010529894,2024,010529894,1,9,0,5,5,7,3,0,0,0,0,0,0,0,1,1,1,1,1,55,8,1197,1,9,NISSAN JUKE,4,E01000402,0,3
2024052400258,2024,052400258,2,9,0,18,19,2,6,0,0,8,0,0,0,0,1,1,2,2,2,28,6,999,1,3,NISSAN JUKE,7,E01007035,0,3
2024101464327,2024,101464327,2,9,0,-1,19,8,4,-1,0,4,0,0,0,0,1,1,-1,9,1,77,11,1461,2,10,NISSAN JUKE,2,E01008217,0,3
2024010523537,2024,010523537,2,9,0,10,10,3,2,0,0,6,0,0,0,0,1,1,6,6,1,54,8,999,1,1,NISSAN JUKE,2,E01001978,0,1
2024361501780,2024,361501780,1,9,0,-1,8,1,7,-1,0,0,0,0,0,0,1,1,-1,2,2,57,9,1461,2,8,NISSAN JUKE,9,E01026708,0,1
2024010536082,2024,010536082,2,9,0,99,99,9,9,99,99,0,9,99,9,99,9,9,6,6,3,-1,-1,1598,1,11,NISSAN JUKE,-1,-1,0,-1
2024122400546,2024,122400546,2,9,0,18,19,5,1,0,0,1,0,0,0,0,1,1,6,6,1,37,7,1197,1,10,NISSAN JUKE,4,E01011705,0,4
2024010537959,2024,010537959,1,9,0,14,14,7,3,0,0,1,5,10,3,10,1,1,6,6,1,45,7,999,1,3,NISSAN JUKE,3,E01034202,0,1
2024201465492,2024,201465492,1,9,0,-1,19,4,5,-1,0,6,0,0,0,0,1,1,-1,6,2,36,7,999,1,3,NISSAN JUKE,9,E01008990,0,1
2024061504658,2024,061504658,1,9,0,-1,4,3,8,-1,0,0,0,0,0,0,2,1,-1,6,2,41,7,1197,1,7,NISSAN JUKE,7,E01005023,0,4
2024332400548,2024,332400548,2,9,0,-1,19,7,3,-1,0,6,0,0,0,0,4,1,-1,9,2,58,9,1598,1,11,NISSAN JUKE,4,E01025666,0,1
2024440495366,2024,440495366,2,9,0,18,19,7,3,0,0,8,0,0,0,0,1,1,6,6,2,27,6,1461,2,10,NISSAN JUKE,9,E01033380,0,1
2024461406100,2024,461406100,1,9,0,-1,19,2,7,-1,0,0,1,0,1,4,0,1,-1,1,2,43,7,1461,2,9,NISSAN JUKE,6,E01024361,0,2
2024340WN4722,2024,340WN4722,1,9,0,-1,19,4,8,-1,0,1,0,0,0,0,1,1,-1,1,2,69,10,1598,1,11,NISSAN JUKE,7,E01027172,0,1
2024311412476,2024,311412476,1,9,0,-1,3,6,6,-1,0,0,0,0,0,0,2,1,-1,2,2,56,9,1598,1,14,NISSAN JUKE,10,E01026203,0,4
2024010499691,2024,010499691,2,9,0,99,99,9,9,99,99,9,9,99,9,99,9,9,6,6,3,-1,-1,1598,1,7,NISSAN JUKE,-1,-1,0,-1
2024991532847,2024,991532847,2,9,0,-1,19,6,2,-1,0,0,0,0,0,0,3,1,-1,9,2,35,6,999,1,3,NISSAN JUKE,4,-1,0,4
2024461428105,2024,461428105,2,9,0,-1,9,4,3,-1,0,0,0,0,0,0,4,1,-1,6,2,24,5,1598,1,13,NISSAN JUKE,6,E01024700,0,2
2024111404854,2024,111404854,1,9,0,-1,19,4,8,-1,0,1,0,0,1,0,1,1,-1,6,2,24,5,1598,1,5,NISSAN JUKE,1,E01020724,0,1
2024041453272,2024,041453272,2,9,0,-1,19,4,6,-1,0,1,0,0,0,0,1,1,-1,9,1,79,11,1461,2,12,NISSAN JUKE,4,E01025427,0,1
2024010529315,2024,010529315,1,9,0,7,7,1,3,0,0,1,0,0,0,0,1,1,6,6,1,65,9,999,1,1,NISSAN JUKE,2,E01002151,0,1
2024041493199,2024,041493199,3,9,0,-1,19,1,5,-1,0,0,0,0,0,0,2,1,-1,9,2,64,9,1598,8,0,NISSAN JUKE,9,E01006250,0,4
202417M115524,2024,17M115524,1,9,0,-1,19,2,6,-1,0,8,0,0,0,0,1,1,-1,9,2,66,10,1461,2,11,NISSAN JUKE,3,E01012057,0,1
2024332400755,2024,332400755,3,9,0,-1,19,6,2,-1,0,0,0,0,0,0,1,1,-1,6,1,52,8,1598,1,6,NISSAN JUKE,1,E01032597,0,3
2024010532081,2024,010532081,2,9,0,18,19,5,1,0,0,0,0,0,0,0,1,1,6,6,2,55,8,999,1,1,NISSAN JUKE,7,E01017423,0,4
2024461439095,2024,461439095,2,9,0,-1,2,1,1,-1,0,0,0,0,0,0,3,1,-1,9,2,41,7,999,1,4,NISSAN JUKE,8,E01027204,0,5
2024010511619,2024,010511619,1,9,0,99,99,9,9,99,99,9,9,99,9,99,9,9,6,6,2,41,7,1197,1,9,NISSAN JUKE,3,E01002400,0,1
2024010545520,2024,010545520,1,9,0,9,9,3,1,0,0,1,0,0,0,0,4,1,6,6,1,55,8,1612,1,13,NISSAN JUKE,3,E01003086,0,2
2024991419604,2024,991419604,2,9,0,-1,19,3,7,-1,0,8,0,0,0,0,1,1,-1,9,1,59,9,999,1,3,NISSAN JUKE,5,-1,0,3
2024451433173,2024,451433173,2,9,0,-1,12,6,2,-1,0,0,1,0,0,0,4,1,-1,6,1,40,7,1598,1,11,NISSAN JUKE,-1,-1,0,-1