collision_index,collision_year,collision_ref_no,vehicle_reference,vehicle_type,towing_and_articulation,vehicle_manoeuvre_historic,vehicle_manoeuvre,vehicle_direction_from,vehicle_direction_to,vehicle_location_restricted_lane_historic,vehicle_location_restricted_lane,junction_location,skidding_and_overturning,hit_object_in_carriageway,vehicle_leaving_carriageway,hit_object_off_carriageway,first_point_of_impact,vehicle_left_hand_drive,journey_purpose_of_driver_historic,journey_purpose_of_driver,sex_of_driver,age_of_driver,age_band_of_driver,engine_capacity_cc,propulsion_code,age_of_vehicle,generic_make_model,driver_imd_decile,lsoa_of_driver,escooter_flag,driver_distance_banding
2024041432042,2024,041432042,2,9,0,-1,19,5,1,-1,0,0,0,0,0,0,2,1,-1,9,2,28,6,1461,2,12,NISSAN JUKE,2,E01019177,0,4
2024010516808,2024,010516808,1,9,0,9,9,1,7,0,0,1,0,0,0,0,3,1,2,2,1,43,7,999,1,1,NISSAN JUKE,9,E01030757,0,4
2024461518478,2024,461518478,2,9,0,-1,19,1,5,-1,0,0,0,0,0,0,-1,9,-1,6,3,-1,-1,999,1,1,NISSAN JUKE,-1,-1,0,-1
2024421433543,2024,421433543,4,9,0,-1,19,6,2,-1,0,0,0,0,0,0,1,1,-1,6,2,27,6,1598,8,2,NISSAN JUKE,1,E01021290,0,4
2024131432906,2024,131432906,2,9,0,-1,4,5,1,-1,0,1,0,0,0,0,2,1,-1,6,2,25,5,1461,2,12,NISSAN JUKE,6,E01011738,0,3
2024351445446,2024,351445446,1,9,0,-1,7,5,7,-1,0,6,0,0,0,0,1,1,-1,7,2,51,8,1461,2,12,NISSAN JUKE,1,E01015642,0,1
2024010508564,2024,010508564,2,9,0,2,2,0,0,6,6,1,0,4,0,0,1,1,6,6,3,-1,-1,1598,1,8,NISSAN JUKE,-1,-1,0,-1
2024041490788,2024,041490788,2,9,0,-1,19,3,1,-1,0,0,0,0,0,0,2,1,-1,2,1,30,6,1461,2,7,NISSAN JUKE,2,E01025581,0,2
2024211409093,2024,211409093,1,9,0,-1,4,4,7,-1,0,1,0,0,0,0,1,9,-1,9,2,44,7,1197,1,7,NISSAN JUKE,9,E01029686,0,1
2024411482601,2024,411482601,1,9,0,-1,19,1,5,-1,0,0,0,0,0,0,4,1,-1,6,2,39,7,1598,1,12,NISSAN JUKE,2,E01023339,0,1
2024010516372,2024,010516372,2,9,0,18,19,5,1,0,0,1,0,0,0,0,1,1,6,6,3,-1,-1,1197,1,7,NISSAN JUKE,-1,-1,0,-1
2024461400442,2024,461400442,2,9,0,-1,19,3,7,-1,0,0,2,0,2,0,1,9,-1,6,1,68,10,999,1,3,NISSAN JUKE,7,E01024417,0,1
2024111403641,2024,111403641,2,9,0,-1,7,5,3,-1,0,2,0,0,0,0,2,1,-1,9,1,34,6,999,1,1,NISSAN JUKE,5,E01034492,0,1
2024451518904,2024,451518904,2,9,0,-1,19,5,1,-1,0,0,0,10,3,0,3,1,-1,9,2,40,7,1197,1,6,NISSAN JUKE,10,E01030756,0,1
2024552400407,2024,552400407,1,9,0,18,19,1,5,0,0,8,0,0,0,0,3,1,6,6,2,52,8,1197,1,7,NISSAN JUKE,8,E01015351,0,1
2024421428798,2024,421428798,2,9,0,-1,19,6,2,-1,0,0,0,0,0,0,2,1,-1,9,1,57,9,1618,1,9,NISSAN JUKE,2,E01033122,0,3
2024010526929,2024,010526929,1,9,0,18,19,1,5,0,0,1,0,0,0,0,2,9,6,6,2,50,8,1461,2,8,NISSAN JUKE,9,E01030856,0,3
2024421481556,2024,421481556,1,9,0,-1,19,4,8,-1,0,6,0,0,0,0,1,1,-1,9,1,77,11,999,1,4,NISSAN JUKE,6,E01021597,0,2
2024501492150,2024,501492150,1,9,0,-1,5,2,7,-1,0,0,0,0,0,0,1,1,-1,9,2,27,6,1598,1,7,NISSAN JUKE,6,E01020082,0,3
2024141415214,2024,141415214,2,9,0,-1,19,7,3,-1,0,4,0,0,0,0,3,1,-1,9,2,65,9,1461,2,10,NISSAN JUKE,-1,-1,0,-1
2024421495443,2024,421495443,2,9,0,-1,19,1,5,-1,0,0,0,0,0,0,1,9,-1,6,2,78,11,1598,1,8,NISSAN JUKE,10,E01021253,0,1
2024010528929,2024,010528929,1,9,0,18,19,1,5,0,0,1,0,0,0,0,4,1,2,2,1,55,8,1598,1,10,NISSAN JUKE,-1,-1,0,-1
2024010511903,2024,010511903,2,9,0,3,3,5,1,0,0,0,0,0,0,0,2,1,6,6,2,73,10,1598,1,10,NISSAN JUKE,2,E01002227,0,2
2024010523740,2024,010523740,2,9,0,18,19,7,3,0,0,2,0,0,0,0,1,2,6,6,2,46,8,1598,1,8,NISSAN JUKE,5,E01003204,0,1
2024991528684,2024,991528684,2,9,0,-1,19,1,3,-1,0,0,0,0,0,0,2,1,-1,9,1,37,7,999,1,1,NISSAN JUKE,10,E01027125,0,5
2024610029224,2024,610029224,1,9,0,3,3,8,4,0,0,4,0,0,0,0,1,1,6,6,1,50,8,999,1,1,NISSAN JUKE,4,W01001632,0,1
2024340WN7012,2024,340WN7012,1,9,0,-1,19,5,1,-1,0,0,0,0,0,5,0,1,-1,9,2,63,9,1598,1,9,NISSAN JUKE,7,E01027149,0,1
2024361503668,2024,361503668,2,9,0,-1,2,0,0,-1,0,0,5,4,1,0,1,1,-1,6,2,19,4,1461,2,11,NISSAN JUKE,9,E01026582,0,2
2024520003164,2024,520003164,2,9,0,18,19,1,5,0,0,0,0,0,0,0,1,1,6,6,3,-1,-1,1197,1,9,NISSAN JUKE,-1,-1,0,-1
2024991441251,2024,991441251,1,9,0,-1,9,5,4,-1,0,6,0,0,0,0,1,1,-1,6,1,40,7,999,1,1,NISSAN JUKE,1,-1,0,1
2024461423477,2024,461423477,3,9,0,-1,19,1,5,-1,0,0,0,0,0,0,2,1,-1,9,1,48,8,1598,1,13,NISSAN JUKE,7,E01024602,0,2
2024361441357,2024,361441357,2,9,0,-1,2,0,0,-1,0,2,0,0,0,0,3,1,-1,6,-1,-1,-1,999,1,1,NISSAN JUKE,-1,-1,0,-1
2024361495094,2024,361495094,1,9,0,-1,7,3,1,-1,0,8,0,0,0,0,1,1,-1,9,1,40,7,1461,2,13,NISSAN JUKE,3,E01033038,0,4
2024501461083,2024,501461083,1,9,0,-1,19,2,6,-1,0,4,0,0,0,0,1,1,-1,2,1,42,7,1461,2,13,NISSAN JUKE,3,E01034864,0,3
2024010490726,2024,010490726,1,9,0,-1,-1,5,1,0,0,0,0,0,0,0,4,1,3,7,1,35,6,1598,1,7,NISSAN JUKE,5,E01035292,0,4
2024101445565,2024,101445565,1,9,0,-1,19,7,3,-1,0,0,0,0,0,0,4,1,-1,6,1,54,8,1598,1,7,NISSAN JUKE,3,E01020722,0,4
2024501470700,2024,501470700,1,9,0,-1,19,3,7,-1,0,0,1,0,7,0,1,1,-1,7,2,44,7,1461,2,9,NISSAN JUKE,4,E01020073,0,1
2024201425123,2024,201425123,1,9,0,-1,9,8,6,-1,0,5,0,0,0,0,1,1,-1,2,2,28,6,999,1,1,NISSAN JUKE,8,E01032439,0,3
2024231528081,2024,231528081,2,9,0,-1,19,1,5,-1,0,8,0,0,0,0,1,1,-1,6,1,43,7,1197,1,7,NISSAN JUKE,-1,-1,0,-1
2024041416910,2024,041416910,1,9,0,-1,19,8,4,-1,0,0,0,0,0,0,3,1,-1,9,2,37,7,1461,2,7,NISSAN JUKE,3,E01025076,0,3
2024221427022,2024,221427022,1,9,0,-1,19,2,6,-1,0,8,0,0,0,0,1,1,-1,6,2,32,6,1461,2,9,NISSAN JUKE,9,E01032337,0,1
2024221498900,2024,221498900,2,9,0,-1,19,4,1,-1,0,0,0,0,0,0,3,1,-1,6,1,76,11,999,1,0,NISSAN JUKE,-1,-1,0,-1
2024311511409,2024,311511409,2,9,0,-1,19,6,2,-1,5,0,0,0,0,0,1,1,-1,2,2,41,7,1461,2,13,NISSAN JUKE,1,E01013959,0,1
2024461520943,2024,461520943,1,9,0,-1,19,1,5,-1,0,0,0,0,0,0,1,9,-1,6,1,72,10,1197,1,9,NISSAN JUKE,6,E01016124,0,1
2024501484083,2024,501484083,2,9,0,-1,19,8,4,-1,0,8,0,0,8,0,4,1,-1,1,2,55,8,1598,1,8,NISSAN JUKE,6,E01018821,0,2
2024052400341,2024,052400341,2,9,0,18,19,3,7,0,0,8,0,0,1,11,1,1,6,6,2,56,9,1598,1,7,NISSAN JUKE,1,E01006870,0,1
2024471403089,2024,471403089,2,9,0,-1,19,2,6,-1,0,1,0,0,0,0,1,1,-1,9,2,23,5,1598,1,12,NISSAN JUKE,1,E01024615,0,4
2024421529901,2024,421529901,2,9,0,-1,5,1,5,-1,0,1,0,0,0,0,2,1,-1,6,2,36,7,1197,1,9,NISSAN JUKE,2,E01015898,0,1
2024061466116,2024,061466116,2,9,0,-1,19,5,1,-1,0,1,0,0,0,0,1,1,-1,6,2,31,6,1598,1,9,NISSAN JUKE,3,E01005541,0,1
2024122400478,2024,122400478,2,9,0,17,19,4,1,0,0,0,0,0,0,0,1,1,6,6,2,61,9,1612,1,13,NISSAN JUKE,3,E01012137,0,3
2024361530832,2024,361530832,1,9,0,-1,19,5,1,-1,0,1,0,0,0,0,1,1,-1,9,1,38,7,1461,2,14,NISSAN JUKE,1,E01026603,0,1
2024201456020,2024,201456020,2,9,0,-1,19,3,7,-1,0,1,0,0,0,0,3,9,-1,6,2,30,6,1598,1,10,NISSAN JUKE,4,E01010304,0,1
2024131444895,2024,131444895,2,9,0,-1,19,1,5,-1,0,1,0,0,0,0,1,1,-1,2,2,32,6,1461,2,10,NISSAN JUKE,6,E01011142,0,2
2024471428875,2024,471428875,2,9,0,-1,5,7,4,-1,0,4,0,0,0,0,1,1,-1,9,2,66,10,1598,1,11,NISSAN JUKE,6,E01031673,0,2
2024010527528,2024,010527528,1,9,0,18,19,3,7,0,0,8,0,0,0,0,2,1,6,6,1,47,8,1598,1,5,NISSAN JUKE,-1,-1,0,-1
2024201477151,2024,201477151,1,9,0,-1,19,1,5,-1,0,2,0,0,0,0,3,2,-1,9,2,30,6,1461,2,7,NISSAN JUKE,3,E01009770,0,1
2024451430894,2024,451430894,3,9,0,-1,2,0,0,-1,0,0,0,0,0,0,1,1,-1,6,-1,-1,-1,1197,1,6,NISSAN JUKE,-1,-1,0,-1
2024302401108,2024,302401108,2,9,0,9,9,5,3,0,0,8,0,0,0,0,1,1,2,2,2,58,9,1598,8,0,NISSAN JUKE,2,E01013521,0,1
2024041428232,2024,041428232,1,9,0,-1,19,1,5,-1,0,2,0,0,0,0,1,1,-1,1,1,64,9,1598,1,12,NISSAN JUKE,2,E01012734,0,1
2024131413622,2024,131413622,2,9,0,-1,19,3,7,-1,0,0,0,0,0,0,1,1,-1,6,2,25,5,1461,2,11,NISSAN JUKE,1,E01011337,0,1
2024421408699,2024,421408699,2,9,0,-1,19,7,3,-1,0,0,0,7,1,2,1,1,-1,2,1,35,6,1461,2,12,NISSAN JUKE,2,E01035161,0,4
2024411442653,2024,411442653,1,9,-1,-1,-1,-1,-1,-1,-1,0,-1,-1,-1,0,-1,9,-1,6,2,46,8,999,1,4,NISSAN JUKE,5,E01023939,0,1
202460Q053604,2024,60Q053604,3,9,0,18,19,7,3,0,0,1,0,0,0,0,1,1,6,6,1,39,7,1197,1,9,NISSAN JUKE,-1,-1,0,-1
2024631399706,2024,631399706,2,9,0,-1,12,2,6,-1,0,0,0,0,0,0,1,1,-1,7,2,61,9,999,1,4,NISSAN JUKE,1,W01000504,0,1
2024421448534,2024,421448534,1,9,0,-1,4,7,3,-1,0,0,0,0,0,0,1,1,-1,9,2,27,6,1461,2,11,NISSAN JUKE,7,E01021531,0,1
2024991476706,2024,991476706,1,9,0,-1,4,0,1,-1,0,0,0,0,0,0,2,1,-1,9,1,26,6,1461,2,9,NISSAN JUKE,-1,-1,0,-1
2024361399808,2024,361399808,2,9,0,-1,4,4,8,-1,0,0,0,0,0,0,2,1,-1,2,2,52,8,999,1,2,NISSAN JUKE,3,E01034088,0,5
2024010509188,2024,010509188,2,9,0,99,99,9,9,99,99,9,9,99,9,99,9,9,6,6,3,48,8,999,1,2,NISSAN JUKE,6,E01024152,0,1
2024041419622,2024,041419622,4,9,0,-1,2,0,0,-1,2,0,0,0,0,0,0,1,-1,6,3,-1,-1,1461,2,10,NISSAN JUKE,-1,-1,0,-1
2024471507477,2024,471507477,2,9,0,-1,2,0,0,-1,9,0,0,0,0,0,3,1,-1,6,-1,-1,-1,1598,1,6,NISSAN JUKE,-1,-1,0,-1
2024411521051,2024,411521051,2,9,0,-1,3,5,1,-1,0,8,0,0,0,0,2,1,-1,6,2,39,7,1598,1,6,NISSAN JUKE,3,E01023310,0,1
2024131514900,2024,131514900,2,9,0,-1,19,2,5,-1,0,0,0,0,0,0,3,1,-1,9,2,51,8,1461,2,12,NISSAN JUKE,1,E01011094,0,2
2024061393759,2024,061393759,1,9,0,-1,19,2,6,-1,0,8,0,0,0,0,1,1,-1,6,-1,30,6,999,1,0,NISSAN JUKE,-1,-1,0,-1
2024010525104,2024,010525104,2,9,0,18,19,7,3,0,0,0,0,0,0,0,1,1,6,6,1,57,9,1598,1,7,NISSAN JUKE,4,E01001699,0,1
2024332400749,2024,332400749,2,9,0,-1,3,5,1,-1,0,0,0,0,0,0,3,1,-1,9,2,40,7,1598,1,13,NISSAN JUKE,3,E01025829,0,3
2024371454359,2024,371454359,2,9,0,-1,4,7,3,-1,0,1,0,0,0,0,2,1,-1,2,2,43,7,1598,1,6,NISSAN JUKE,5,E01029884,0,4
2024131438862,2024,131438862,1,9,0,-1,19,7,3,-1,0,8,0,0,0,0,1,1,-1,6,2,67,10,1461,2,9,NISSAN JUKE,9,E01010769,0,4
2024622400386,2024,622400386,1,9,0,18,19,4,8,0,0,0,0,0,4,6,1,1,6,6,1,74,10,1461,2,10,NISSAN JUKE,1,W01001219,0,3
2024010535046,2024,010535046,1,9,9,99,99,9,9,99,99,9,9,99,9,99,9,9,6,6,3,-1,-1,1598,1,9,NISSAN JUKE,-1,-1,0,-1
2024522401260,2024,522401260,1,9,0,18,19,5,1,0,0,0,0,0,0,0,1,1,6,6,2,24,5,1197,1,9,NISSAN JUKE,7,E01014882,0,1
2024010495218,2024,010495218,2,9,0,18,19,7,3,0,0,8,0,0,1,1,1,1,6,6,3,23,5,999,1,1,NISSAN JUKE,9,E01000175,0,2
2024010536685,2024,010536685,1,9,3,5,5,5,1,0,0,8,0,0,2,4,0,1,6,6,2,40,7,1598,1,11,NISSAN JUKE,3,E01033744,0,1
2024320635739,2024,320635739,2,9,0,-1,-1,5,1,0,0,1,0,0,5,6,4,1,1,1,1,54,8,1598,1,6,NISSAN JUKE,5,E01008354,0,5
2024451530095,2024,451530095,1,9,0,-1,19,1,5,-1,0,0,0,0,0,0,1,1,-1,1,1,52,8,1598,1,11,NISSAN JUKE,2,E01001081,0,1
2024101466809,2024,101466809,2,9,-1,-1,-1,4,2,-1,-1,-1,-1,-1,-1,0,-1,9,-1,6,1,24,5,1461,2,8,NISSAN JUKE,10,E01008522,0,1
2024421530016,2024,421530016,1,9,0,-1,19,7,3,-1,0,1,2,0,1,4,1,1,-1,9,1,19,4,999,1,0,NISSAN JUKE,8,E01021528,0,1
2024141426957,2024,141426957,1,9,0,-1,9,1,7,-1,0,8,0,0,0,0,1,1,-1,6,1,32,6,1598,1,8,NISSAN JUKE,1,E01007328,0,2
2024101403199,2024,101403199,1,9,0,-1,9,3,7,-1,0,4,0,0,0,0,1,9,-1,6,1,41,7,1461,2,11,NISSAN JUKE,4,E01027515,0,1
2024320478285,2024,320478285,2,9,0,-1,-1,2,6,0,0,3,0,0,0,0,3,1,-1,-1,2,57,9,1598,1,12,NISSAN JUKE,3,E01026024,0,3
2024010526227,2024,010526227,2,9,0,17,19,3,7,0,0,2,0,0,0,0,1,1,2,2,2,49,8,1598,1,9,NISSAN JUKE,7,E01003416,0,2
2024010551642,2024,010551642,2,9,0,99,99,9,9,0,0,1,0,0,0,0,9,1,6,6,1,54,8,1598,1,11,NISSAN JUKE,-1,-1,0,-1
2024010540208,2024,010540208,1,9,0,9,9,3,1,0,0,6,0,0,0,0,3,1,6,6,2,31,6,1598,1,5,NISSAN JUKE,6,E01001253,0,1
2024340WN0602,2024,340WN0602,2,9,0,-1,8,1,5,-1,0,1,0,0,0,0,2,1,-1,7,1,54,8,1461,2,11,NISSAN JUKE,9,E01027256,0,1
2024311467169,2024,311467169,1,9,0,-1,19,1,5,-1,0,0,5,4,0,0,1,1,-1,6,1,44,7,999,1,2,NISSAN JUKE,7,E01028156,0,1
2024221425547,2024,221425547,1,9,0,-1,19,1,5,-1,0,0,5,4,0,0,1,1,-1,9,1,41,7,999,1,0,NISSAN JUKE,-1,-1,0,-1
2024622400112,2024,622400112,1,9,0,18,19,8,4,0,0,4,0,0,1,0,1,1,6,6,2,76,11,999,1,1,NISSAN JUKE,6,W01001814,0,1
2024041394508,2024,041394508,1,9,0,-1,19,1,5,-1,1,0,0,0,1,2,1,1,-1,9,1,83,11,1197,1,7,NISSAN JUKE,7,E01024921,0,1
2024061493148,2024,061493148,1,9,0,-1,9,3,1,-1,0,0,0,0,0,0,1,1,-1,9,2,51,8,999,1,1,NISSAN JUKE,8,E01006100,0,1
2024010508943,2024,010508943,1,9,0,99,99,9,9,99,99,9,9,99,9,99,9,9,2,2,2,36,7,1598,1,6,NISSAN JUKE,1,E01021317,0,4
2024061469494,2024,061469494,3,9,0,-1,3,6,2,-1,0,0,0,0,0,0,2,1,-1,2,1,54,8,1461,2,11,NISSAN JUKE,8,E01006243,0,1
2024131457444,2024,131457444,1,9,0,-1,4,5,1,-1,0,1,0,0,0,0,1,1,-1,7,2,43,7,1461,2,7,NISSAN JUKE,4,E01011876,0,1
2024070981488,2024,070981488,1,9,0,-1,19,1,5,-1,0,0,1,0,0,0,1,1,-1,1,1,38,7,999,1,0,NISSAN JUKE,-1,-1,0,-1
2024461474263,2024,461474263,5,9,0,-1,19,7,3,-1,0,2,0,0,0,0,1,1,-1,6,2,44,7,999,1,2,NISSAN JUKE,9,E01024745,0,3
2024122400474,2024,122400474,1,9,0,18,19,7,3,0,0,0,0,0,0,0,1,1,6,6,2,79,11,999,1,3,NISSAN JUKE,8,E01034958,0,1
2024311469441,2024,311469441,2,9,0,-1,19,3,7,-1,0,1,0,0,0,0,1,1,-1,2,2,50,8,1197,1,7,NISSAN JUKE,9,E01028178,0,1
2024430499565,2024,430499565,1,9,0,3,3,8,4,0,0,1,0,0,0,0,2,1,2,2,2,41,7,1598,1,11,NISSAN JUKE,2,E01016438,0,1
2024320065886,2024,320065886,1,9,0,-1,-1,2,6,0,0,0,0,0,0,0,3,1,6,6,2,42,7,1598,1,5,NISSAN JUKE,9,E01034695,0,4
2024371476770,2024,371476770,2,9,0,-1,19,5,1,-1,0,8,0,0,0,0,1,1,-1,9,2,75,10,1461,2,11,NISSAN JUKE,4,E01030236,0,1
2024101417312,2024,101417312,1,9,0,-1,19,8,4,-1,0,0,0,0,0,0,1,1,-1,2,2,40,7,999,1,4,NISSAN JUKE,9,E01008275,0,1
2024052402061,2024,052402061,1,9,0,7,7,8,2,0,0,6,0,0,0,0,3,1,6,6,1,70,10,1598,1,13,NISSAN JUKE,2,E01006969,0,1
2024471480114,2024,471480114,2,9,0,-1,3,7,3,-1,0,0,0,0,0,0,1,1,-1,2,2,52,8,1598,1,14,NISSAN JUKE,2,E01031808,0,1
2024041473421,2024,041473421,2,9,0,-1,3,1,4,-1,0,6,0,0,0,0,2,1,-1,9,2,55,8,1461,2,12,NISSAN JUKE,1,E01012640,0,1
2024461502351,2024,461502351,1,9,0,-1,19,5,1,-1,0,8,0,0,0,0,1,9,-1,1,1,47,8,1197,1,9,NISSAN JUKE,1,E01024504,0,1
2024131468539,2024,131468539,1,9,0,-1,19,2,6,-1,0,0,0,0,0,0,4,1,-1,1,2,59,9,1197,1,10,NISSAN JUKE,1,E01010631,0,1
2024131404340,2024,131404340,3,9,0,-1,2,3,3,-1,0,0,0,0,0,0,1,1,-1,6,-1,-1,-1,1461,2,10,NISSAN JUKE,-1,-1,0,-1
2024010522718,2024,010522718,1,9,0,18,19,5,1,0,0,6,0,0,0,0,1,1,6,6,2,46,8,999,1,3,NISSAN JUKE,5,E01004065,0,1
2024471397524,2024,471397524,2,9,0,-1,4,5,1,-1,0,1,0,0,0,0,1,9,-1,1,2,31,6,1598,1,9,NISSAN JUKE,1,E01020929,0,1
2024131413565,2024,131413565,2,9,0,-1,19,3,7,-1,0,8,0,0,7,0,4,1,-1,6,2,58,9,1598,1,5,NISSAN JUKE,9,E01011296,0,3
2024010504066,2024,010504066,2,9,0,3,3,9,9,99,99,0,9,99,9,99,9,9,6,6,2,58,9,1598,1,6,NISSAN JUKE,2,E01003918,0,1
2024010525468,2024,010525468,1,9,0,18,19,1,5,0,0,1,5,4,0,0,1,1,6,6,2,31,6,1612,1,13,NISSAN JUKE,7,E01004134,0,1
2024320083242,2024,320083242,2,9,0,2,2,0,0,0,0,0,0,0,0,0,2,1,1,1,2,67,10,1598,1,7,NISSAN JUKE,4,E01026190,0,1
2024451466155,2024,451466155,2,9,0,-1,4,2,8,-1,0,1,0,0,0,0,1,1,-1,9,1,61,9,1197,1,8,NISSAN JUKE,7,E01030943,0,2
2024010492690,2024,010492690,1,9,0,18,19,3,7,0,0,2,0,0,0,0,4,2,6,6,1,42,7,1598,1,6,NISSAN JUKE,5,E01002507,0,1
2024461427167,2024,461427167,2,9,0,-1,19,8,4,-1,0,0,0,0,0,0,1,1,-1,2,1,43,7,1461,2,10,NISSAN JUKE,1,E01035301,0,2
2024231499514,2024,231499514,1,9,0,-1,19,1,5,-1,0,8,0,0,0,0,1,1,-1,6,2,19,4,1461,2,12,NISSAN JUKE,9,E01031200,0,2
2024010515655,2024,010515655,2,9,0,14,14,4,8,0,0,0,0,0,0,0,3,1,2,2,1,29,6,1197,1,8,NISSAN JUKE,1,E01015736,0,4
2024471512040,2024,471512040,1,9,0,-1,19,6,2,-1,0,2,0,0,0,0,4,1,-1,9,1,50,8,999,1,4,NISSAN JUKE,3,E01021102,0,2
2024201397626,2024,201397626,2,9,0,-1,9,5,2,-1,0,6,0,0,0,0,1,9,-1,6,1,60,9,1598,1,13,NISSAN JUKE,3,E01006115,0,5
2024010537261,2024,010537261,2,9,0,18,19,7,3,0,0,1,0,0,0,0,1,1,2,2,2,47,8,1197,1,7,NISSAN JUKE,8,E01000784,0,1
2024340WN3672,2024,340WN3672,2,9,0,-1,19,5,1,-1,0,1,1,0,3,0,3,1,-1,9,2,59,9,999,1,3,NISSAN JUKE,9,E01027006,0,2
2024010540411,2024,010540411,1,9,0,99,99,9,9,99,99,9,9,99,9,99,2,9,6,6,2,53,8,999,1,1,NISSAN JUKE,2,E01003245,0,1
2024421489386,2024,421489386,1,9,0,-1,19,5,2,-1,0,0,0,0,0,0,3,1,-1,6,1,42,7,1598,1,8,NISSAN JUKE,6,E01021688,0,2
2024351474185,2024,351474185,1,9,0,-1,7,1,7,-1,0,1,0,0,0,0,1,1,-1,6,2,21,5,1197,1,9,NISSAN JUKE,7,E01026275,0,4
2024421402643,2024,421402643,2,9,0,-1,19,3,1,-1,0,1,0,0,0,0,3,1,-1,6,2,46,8,1197,1,6,NISSAN JUKE,3,E01015987,0,1
2024041485580,2024,041485580,1,9,0,-1,13,7,3,-1,0,0,5,0,0,0,1,1,-1,9,2,48,8,1461,2,10,NISSAN JUKE,2,E01025388,0,1
2024610023224,2024,610023224,2,9,0,18,19,7,3,0,0,8,2,0,0,0,3,1,6,6,1,32,6,1461,2,9,NISSAN JUKE,3,W01001461,0,3
2024010518524,2024,010518524,1,9,0,99,99,9,9,99,99,9,9,99,9,99,2,9,6,6,2,35,6,1598,1,12,NISSAN JUKE,8,E01001470,0,1
2024111487892,2024,111487892,2,9,0,-1,3,2,6,-1,0,1,0,0,0,0,4,1,-1,6,2,30,6,1461,2,5,NISSAN JUKE,9,E01020837,0,2
2024991453896,2024,991453896,1,9,0,-1,15,7,3,-1,0,0,5,0,1,0,4,1,-1,6,2,55,8,999,1,1,NISSAN JUKE,7,-1,0,1
2024010528354,2024,010528354,3,9,0,2,2,0,0,9,9,1,0,0,0,0,4,1,6,6,3,-1,-1,1598,1,10,NISSAN JUKE,-1,-1,0,-1
2024421454691,2024,421454691,1,9,0,-1,7,6,1,-1,0,2,0,0,0,0,1,9,-1,6,2,45,7,999,1,3,NISSAN JUKE,5,E01033787,0,4
2024430627290,2024,430627290,1,9,0,9,9,2,7,0,0,5,0,0,0,0,4,1,6,6,2,47,8,1598,1,8,NISSAN JUKE,4,E01017661,0,1
2024010513864,2024,010513864,2,9,0,3,3,8,4,0,0,0,1,0,0,0,2,1,6,6,2,47,8,1598,1,11,NISSAN JUKE,4,E01002279,0,1
2024010518609,2024,010518609,2,9,0,2,2,0,0,0,0,2,0,0,0,0,1,1,6,6,3,-1,-1,1197,1,7,NISSAN JUKE,-1,-1,0,-1
2024010530107,2024,010530107,1,9,0,6,6,5,5,0,0,2,0,0,0,0,1,1,6,6,2,41,7,1598,1,6,NISSAN JUKE,2,E01000374,0,1
2024991472793,2024,991472793,1,9,0,-1,4,4,8,-1,0,0,0,0,0,0,1,1,-1,9,1,54,8,999,1,3,NISSAN JUKE,2,-1,0,2
2024010530337,2024,010530337,2,9,0,18,19,3,7,0,0,0,1,0,0,0,0,1,2,2,2,32,6,1461,2,7,NISSAN JUKE,2,E01000020,0,1
2024221403742,2024,221403742,2,9,0,-1,9,1,7,-1,0,6,0,0,0,0,3,9,-1,2,2,56,9,1461,2,11,NISSAN JUKE,4,E01028909,0,1
2024010525523,2024,010525523,2,9,9,99,99,9,9,99,99,9,9,99,9,99,9,9,6,6,3,-1,-1,1598,1,8,NISSAN JUKE,-1,-1,0,-1
2024320402243,2024,320402243,1,9,0,-1,-1,6,2,0,0,0,0,0,1,0,1,1,6,6,1,76,11,1197,1,7,NISSAN JUKE,4,E01016271,0,5
2024421474824,2024,421474824,1,9,0,-1,19,5,1,-1,0,1,0,0,0,0,1,1,-1,6,1,34,6,1197,1,9,NISSAN JUKE,3,E01021300,0,1
2024421426654,2024,421426654,3,9,0,-1,3,7,3,-1,0,1,0,0,0,0,2,1,-1,6,2,47,8,1598,8,1,NISSAN JUKE,3,E01021508,0,1
2024010536567,2024,010536567,2,3,0,15,15,7,3,0,0,8,0,0,0,0,3,1,6,6,2,31,6,124,1,8,PIAGGIO VESPA,8,E01035714,0,1
2024501471479,2024,501471479,1,3,0,-1,19,1,5,-1,0,8,1,7,0,0,1,1,-1,6,1,54,8,124,1,27,PIAGGIO VESPA,3,E01029175,0,3
2024010540791,2024,010540791,1,3,0,4,4,1,5,0,0,1,0,0,0,0,1,1,1,1,1,40,7,124,1,15,PIAGGIO VESPA,5,E01000745,0,1
2024010536565,2024,010536565,1,4,0,9,9,5,3,0,0,1,1,0,0,0,1,1,6,6,1,56,9,-1,-1,-1,PIAGGIO VESPA,4,E01004446,0,2
2024122401255,2024,122401255,1,3,0,18,19,1,5,0,0,8,0,0,0,0,1,1,6,6,1,67,10,125,1,8,PIAGGIO VESPA,8,E01027815,0,3
2024010500083,2024,010500083,2,2,0,18,19,5,1,0,0,8,5,0,0,0,3,1,6,6,1,45,7,49,1,18,PIAGGIO VESPA,6,E01003316,0,1
2024311444591,2024,311444591,1,3,0,-1,19,3,3,-1,0,0,0,0,0,0,3,1,-1,6,1,59,9,125,1,7,PIAGGIO VESPA,2,E01028230,0,1
2024010523182,2024,010523182,1,3,0,18,19,3,7,2,2,1,0,0,0,0,1,1,6,6,1,20,4,124,1,2,PIAGGIO VESPA,8,E01003202,0,2