collision_index,collision_year,collision_ref_no,vehicle_reference,vehicle_type,towing_and_articulation,vehicle_manoeuvre_historic,vehicle_manoeuvre,vehicle_direction_from,vehicle_direction_to,vehicle_location_restricted_lane_historic,vehicle_location_restricted_lane,junction_location,skidding_and_overturning,hit_object_in_carriageway,vehicle_leaving_carriageway,hit_object_off_carriageway,first_point_of_impact,vehicle_left_hand_drive,journey_purpose_of_driver_historic,journey_purpose_of_driver,sex_of_driver,age_of_driver,age_band_of_driver,engine_capacity_cc,propulsion_code,age_of_vehicle,generic_make_model,driver_imd_decile,lsoa_of_driver,escooter_flag,driver_distance_banding
2024010537165,2024,010537165,1,3,0,7,7,5,7,0,0,1,0,0,0,0,4,1,6,6,1,36,7,124,1,10,PIAGGIO VESPA,10,E01000813,0,2
2024501415158,2024,501415158,1,3,0,-1,19,2,6,-1,0,8,1,0,0,0,1,1,-1,2,1,50,8,278,1,10,PIAGGIO VESPA,6,E01015066,0,2
2024131501169,2024,131501169,2,3,0,-1,19,1,4,-1,0,8,0,0,0,0,1,1,-1,6,2,50,8,124,1,15,PIAGGIO VESPA,6,E01010592,0,2
2024440445802,2024,440445802,2,3,0,18,19,7,3,0,0,0,1,0,0,0,2,1,6,6,1,28,6,124,1,11,PIAGGIO VESPA,6,E01017176,0,1
2024010531606,2024,010531606,1,4,0,9,9,5,3,0,0,5,0,0,0,0,1,1,6,6,1,26,6,124,1,20,PIAGGIO VESPA,2,E01003168,0,3
2024010519798,2024,010519798,1,3,0,15,15,3,7,0,0,1,0,0,0,0,1,1,2,2,1,30,6,124,1,1,PIAGGIO VESPA,8,E01001904,0,1
2024451398586,2024,451398586,1,3,0,-1,19,7,3,-1,0,0,0,0,1,0,4,1,-1,2,1,19,4,124,1,5,PIAGGIO VESPA,9,E01030305,0,1
2024440263342,2024,440263342,2,3,0,4,4,1,5,0,0,1,0,0,0,0,2,1,6,6,1,54,8,125,1,1,PIAGGIO VESPA,10,E01022559,0,2
2024010528481,2024,010528481,1,3,0,5,5,7,3,0,0,8,0,0,0,0,1,1,2,2,1,44,7,124,1,9,PIAGGIO VESPA,2,E01000868,0,1
2024311483668,2024,311483668,1,3,0,-1,19,5,1,-1,0,0,0,0,1,0,0,1,-1,9,1,77,11,124,1,0,PIAGGIO VESPA,-1,-1,0,-1
2024411511208,2024,411511208,1,3,0,-1,19,5,1,-1,0,0,1,0,0,0,1,1,-1,6,2,26,6,125,1,1,PIAGGIO VESPA,10,E01023444,0,2
2024010514053,2024,010514053,1,4,0,99,99,9,9,99,99,9,9,99,9,99,9,1,1,1,3,20,4,278,1,6,PIAGGIO VESPA,3,E01001548,0,1
2024540730924,2024,540730924,2,2,0,18,19,1,5,0,0,0,2,0,0,0,0,1,6,6,1,16,4,50,1,5,PIAGGIO VESPA,9,E01031883,0,1
2024010513278,2024,010513278,1,3,0,99,99,9,9,99,99,9,9,99,9,99,1,1,6,6,1,35,6,124,1,16,PIAGGIO VESPA,3,E01001981,0,1
2024010490081,2024,010490081,2,3,0,13,13,7,3,0,0,1,2,0,7,0,1,1,2,2,1,39,7,124,1,11,PIAGGIO VESPA,5,E01000037,0,1
2024522402283,2024,522402283,1,4,0,18,19,1,5,0,0,0,0,0,0,0,1,1,6,6,1,53,8,278,1,1,PIAGGIO VESPA,2,E01014578,0,2
2024010519724,2024,010519724,1,4,0,18,19,1,5,0,0,8,0,0,0,0,4,1,6,6,2,40,7,124,1,11,PIAGGIO VESPA,6,E01004646,0,1
2024010535332,2024,010535332,1,3,9,99,99,9,9,99,99,1,9,99,9,99,9,1,2,2,1,18,4,124,1,18,PIAGGIO VESPA,2,E01001191,0,2
2024010495577,2024,010495577,2,2,0,18,19,1,5,0,0,8,0,0,0,0,1,1,6,6,1,17,4,48,1,11,PIAGGIO VESPA,4,E01001995,0,1
2024010511976,2024,010511976,1,2,0,18,19,7,3,0,0,0,0,0,0,0,1,1,6,6,1,18,4,50,1,5,PIAGGIO VESPA,3,E01001930,0,1
2024010511548,2024,010511548,1,3,0,14,14,7,3,0,0,0,2,0,0,0,3,1,2,2,1,54,8,123,1,11,PIAGGIO VESPA,7,E01003903,0,1
2024552401348,2024,552401348,1,4,0,18,19,2,6,0,0,0,0,0,0,0,0,1,6,6,1,54,8,278,1,15,PIAGGIO VESPA,9,E01020558,0,2
2024451464915,2024,451464915,1,3,0,-1,19,1,5,-1,0,1,1,0,0,0,3,1,-1,9,1,51,8,124,1,20,PIAGGIO VESPA,9,E01030654,0,2
2024010524574,2024,010524574,1,3,0,17,19,7,5,0,0,3,0,0,0,0,4,1,2,2,2,25,5,124,1,21,PIAGGIO VESPA,8,E01001046,0,1
2024010496227,2024,010496227,2,3,0,-1,-1,4,8,0,0,8,0,0,0,0,1,1,6,6,1,26,6,278,1,2,PIAGGIO VESPA,2,E01001877,0,2
2024010527195,2024,010527195,2,4,3,18,19,8,4,0,0,4,1,0,1,0,1,1,6,6,1,49,8,278,1,4,PIAGGIO VESPA,2,E01002877,0,1
2024010522921,2024,010522921,1,4,0,13,13,7,3,0,0,1,0,0,0,0,1,1,6,6,1,18,4,125,1,7,PIAGGIO VESPA,3,E01001287,0,1
2024010512221,2024,010512221,1,2,0,18,19,7,3,0,0,8,0,0,0,0,1,1,6,6,1,51,8,124,1,14,PIAGGIO VESPA,2,E01004722,0,2
2024361441327,2024,361441327,2,2,0,-1,19,2,6,-1,0,1,0,0,0,0,1,1,-1,2,1,16,4,48,1,14,PIAGGIO VESPA,7,E01026545,0,1
2024542198124,2024,542198124,1,2,0,18,19,4,8,0,0,2,0,4,0,0,1,1,6,6,2,19,4,49,1,20,PIAGGIO VESPA,2,E01015543,0,2
2024991439678,2024,991439678,1,4,0,-1,19,2,6,-1,0,0,0,0,7,0,2,1,-1,9,1,54,8,278,1,12,PIAGGIO VESPA,7,-1,0,4
2024041459450,2024,041459450,1,3,0,-1,19,3,7,-1,0,0,0,0,1,10,1,1,-1,6,1,59,9,124,1,12,PIAGGIO VESPA,6,E01025014,0,3
2024451503224,2024,451503224,1,4,0,-1,14,1,5,-1,0,1,5,0,0,0,1,1,-1,9,1,20,4,278,1,13,PIAGGIO VESPA,4,E01030664,0,3
2024010535886,2024,010535886,1,3,0,18,19,5,1,0,0,1,0,0,0,0,1,1,6,6,1,42,7,124,1,9,PIAGGIO VESPA,4,E01003102,0,1
2024010548941,2024,010548941,1,3,0,18,19,3,7,0,0,8,1,0,0,0,1,1,6,6,1,22,5,124,1,18,PIAGGIO VESPA,2,E01001815,0,2
2024451485463,2024,451485463,2,4,0,-1,19,1,5,-1,0,1,0,0,0,0,1,1,-1,9,1,64,9,278,1,9,PIAGGIO VESPA,9,E01001017,0,2
2024010542854,2024,010542854,1,3,0,13,13,2,6,0,0,8,1,0,0,0,4,1,6,6,1,51,8,124,1,9,PIAGGIO VESPA,3,E01000992,0,1
2024070680869,2024,070680869,1,3,0,18,19,6,2,0,0,0,0,10,6,0,3,1,6,6,2,52,8,124,1,11,PIAGGIO VESPA,7,E01018338,0,2
2024991463514,2024,991463514,1,4,0,-1,7,8,4,-1,0,0,2,0,7,0,1,1,-1,9,1,54,8,278,1,6,PIAGGIO VESPA,7,-1,0,1
2024010536547,2024,010536547,1,4,0,14,14,3,7,0,0,1,0,0,0,0,4,1,6,6,2,44,7,278,1,2,PIAGGIO VESPA,5,E01003259,0,1
2024010493776,2024,010493776,1,2,0,99,99,9,9,99,99,9,9,99,9,99,9,1,2,2,1,48,8,48,1,10,PIAGGIO VESPA,3,E01003125,0,2
2024122401299,2024,122401299,1,3,0,7,7,5,7,0,0,1,1,0,0,0,4,1,6,6,2,40,7,124,1,12,PIAGGIO VESPA,5,E01034970,0,1
2024451436225,2024,451436225,2,2,0,-1,5,6,2,-1,0,1,0,0,0,0,2,1,-1,9,1,16,4,49,1,15,PIAGGIO VESPA,8,E01030859,0,1
2024010542188,2024,010542188,1,4,0,99,99,9,9,99,99,9,9,99,9,99,2,1,2,2,2,46,8,124,1,6,PIAGGIO VESPA,3,E01002084,0,2
2024010504119,2024,010504119,1,2,0,99,99,9,9,99,99,9,9,99,9,99,9,1,2,2,2,45,7,49,1,10,PIAGGIO VESPA,4,E01003603,0,1
2024201453624,2024,201453624,1,2,0,-1,3,4,2,-1,0,4,0,0,0,0,2,1,-1,2,1,55,8,125,1,19,PIAGGIO VESPA,1,E01009134,0,2
2024481563912,2024,481563912,2,4,0,-1,3,0,0,-1,0,0,0,0,0,0,1,1,-1,2,1,63,9,278,1,5,PIAGGIO VESPA,-1,-1,0,-1
2024421485226,2024,421485226,1,2,0,-1,19,7,3,-1,0,1,0,0,0,0,1,1,-1,6,1,49,8,124,1,27,PIAGGIO VESPA,9,E01015913,0,1
2024302400704,2024,302400704,1,3,0,18,19,1,5,0,0,8,0,0,0,0,1,1,6,6,1,52,8,278,1,11,PIAGGIO VESPA,3,E01019661,0,2
2024430074479,2024,430074479,1,2,0,18,19,5,1,0,0,8,0,0,0,0,3,1,6,6,2,16,4,48,1,17,PIAGGIO VESPA,9,E01016547,0,1
2024010540407,2024,010540407,1,4,0,18,19,5,1,0,0,7,0,0,0,0,3,1,6,6,2,30,6,278,1,5,PIAGGIO VESPA,4,E01004416,0,3
2024010502408,2024,010502408,1,3,0,16,19,1,5,0,0,0,5,0,0,0,1,1,6,6,1,32,6,124,1,13,PIAGGIO VESPA,2,E01000959,0,1
2024141562540,2024,141562540,2,4,0,-1,19,5,1,-1,0,2,0,0,0,0,1,1,-1,9,1,55,8,278,1,3,PIAGGIO VESPA,3,E01007458,0,1
2024010499263,2024,010499263,1,3,0,99,99,9,9,99,99,9,9,99,9,99,9,1,2,2,1,48,8,125,1,6,PIAGGIO VESPA,4,E01004342,0,1
2024010500842,2024,010500842,2,4,0,18,19,7,3,0,0,1,0,0,0,0,1,1,2,2,1,59,9,278,1,8,PIAGGIO VESPA,2,E01004674,0,1
2024430255648,2024,430255648,1,3,0,5,5,8,8,0,0,2,0,0,0,0,3,1,6,6,1,21,5,124,1,21,PIAGGIO VESPA,7,E01030708,0,1
2024010549805,2024,010549805,2,3,3,-1,-1,3,7,0,0,8,0,0,0,0,1,1,6,6,1,30,6,124,1,3,PIAGGIO VESPA,5,E01003272,0,1
2024451467442,2024,451467442,2,3,0,-1,2,0,0,-1,0,1,0,0,0,0,2,1,-1,6,-1,-1,-1,124,1,13,PIAGGIO VESPA,-1,-1,0,-1
2024010502906,2024,010502906,1,3,0,4,4,7,3,0,0,1,0,0,0,0,4,1,6,6,2,30,6,278,1,5,PIAGGIO VESPA,2,E01002856,0,2
2024421436143,2024,421436143,2,3,0,-1,14,3,7,-1,0,1,0,0,0,0,1,1,-1,2,1,17,4,124,1,19,PIAGGIO VESPA,2,E01021270,0,4
2024010498849,2024,010498849,1,3,0,5,5,7,3,0,0,0,0,0,0,0,1,1,1,1,1,20,4,124,1,15,PIAGGIO VESPA,4,E01034156,0,1
2024991409995,2024,991409995,2,2,0,-1,5,3,7,-1,0,1,0,0,0,0,4,1,-1,2,2,18,4,49,1,18,PIAGGIO VESPA,2,-1,0,1
2024010490110,2024,010490110,2,4,0,18,19,3,7,0,0,1,0,0,0,0,3,1,1,1,1,22,5,124,1,17,PIAGGIO VESPA,2,E01003168,0,1
2024991450815,2024,991450815,2,4,0,-1,19,7,3,-1,0,0,2,0,0,0,1,1,-1,9,1,68,10,278,1,0,PIAGGIO VESPA,-1,-1,0,-1
2024430466823,2024,430466823,1,3,0,18,19,6,2,0,0,0,1,0,0,0,1,1,1,1,1,19,4,-1,-1,-1,PIAGGIO VESPA,7,E01016332,0,1
2024440439070,2024,440439070,2,4,0,18,19,7,3,0,0,1,0,0,0,0,1,1,6,6,1,59,9,278,1,3,PIAGGIO VESPA,10,E01022629,0,3
2024549088624,2024,549088624,1,4,0,18,19,7,3,0,0,0,0,0,0,0,3,1,6,6,1,58,9,278,1,1,PIAGGIO VESPA,3,E01032118,0,4
2024302400678,2024,302400678,2,3,0,18,19,7,3,0,0,0,0,0,0,0,1,1,6,6,1,73,10,123,1,13,PIAGGIO VESPA,-1,-1,0,-1
2024361463120,2024,361463120,1,2,0,-1,19,3,6,-1,0,0,2,0,0,0,0,1,-1,1,1,28,6,49,1,15,PIAGGIO VESPA,7,E01026420,0,1
2024010524984,2024,010524984,1,3,0,18,19,5,1,0,0,0,1,0,0,0,1,1,6,6,1,35,6,124,1,17,PIAGGIO VESPA,6,E01002662,0,1
2024421486649,2024,421486649,2,4,0,-1,9,5,2,-1,0,4,0,0,0,0,1,1,-1,9,1,56,9,278,1,7,PIAGGIO VESPA,5,E01022078,0,1
2024421445770,2024,421445770,1,3,0,-1,19,7,3,-1,0,1,1,0,0,0,1,1,-1,6,1,27,6,124,1,22,PIAGGIO VESPA,1,E01021290,0,1
2024471430303,2024,471430303,1,90,0,-1,19,5,1,-1,0,0,1,0,1,0,3,1,-1,2,1,49,8,278,1,4,PIAGGIO VESPA,10,E01031649,0,1
2024010506590,2024,010506590,1,3,0,18,19,5,1,0,0,2,0,0,0,0,4,1,2,2,1,42,7,124,1,11,PIAGGIO VESPA,7,E01030848,0,2
2024351516793,2024,351516793,2,3,-1,-1,-1,-1,-1,-1,-1,0,-1,-1,-1,0,-1,1,-1,9,2,73,10,124,1,12,PIAGGIO VESPA,8,E01017992,0,1
2024311531740,2024,311531740,2,3,0,-1,2,5,1,-1,0,1,5,0,0,0,1,1,-1,6,1,39,7,124,2,14,PIAGGIO VESPA,-1,-1,0,-1
2024010516020,2024,010516020,1,3,0,99,99,9,9,99,99,9,9,99,9,99,9,1,2,2,1,41,7,124,1,16,PIAGGIO VESPA,4,E01001768,0,1
2024430270773,2024,430270773,2,4,0,9,9,4,1,0,0,5,0,0,0,0,1,1,1,1,1,31,6,124,1,18,PIAGGIO VESPA,-1,-1,0,-1
2024010517922,2024,010517922,3,3,0,4,4,1,5,0,0,1,2,4,0,0,1,1,6,6,1,21,5,124,1,10,PIAGGIO VESPA,7,E01001866,0,3
2024010514492,2024,010514492,1,3,0,5,5,2,6,0,0,1,0,0,1,0,3,1,6,6,2,36,7,124,1,6,PIAGGIO VESPA,8,E01035713,0,1
2024010523881,2024,010523881,2,3,0,9,9,2,8,0,0,1,0,0,0,0,4,1,6,6,1,34,6,124,1,8,PIAGGIO VESPA,1,E01001410,0,2
2024501395254,2024,501395254,1,3,0,-1,19,7,3,-1,0,0,2,0,0,0,3,1,-1,9,1,27,6,124,1,19,PIAGGIO VESPA,3,E01020118,0,3
2024010498730,2024,010498730,2,3,0,18,19,7,3,0,0,0,0,0,0,0,1,1,6,6,2,25,5,124,1,21,PIAGGIO VESPA,8,E01002658,0,2
2024501466742,2024,501466742,1,4,0,-1,19,4,8,-1,0,8,5,0,0,0,1,1,-1,9,1,76,11,278,1,8,PIAGGIO VESPA,9,E01020092,0,1
2024991450815,2024,991450815,1,4,0,-1,19,7,3,-1,0,0,2,11,0,0,1,1,-1,9,1,56,9,278,1,1,PIAGGIO VESPA,-1,-1,0,-1
2024010515892,2024,010515892,1,3,0,18,19,3,7,0,0,8,0,0,0,0,1,1,6,6,1,20,4,124,1,8,PIAGGIO VESPA,8,E01003009,0,2
2024461502450,2024,461502450,3,3,0,-1,19,2,7,-1,0,1,0,0,0,0,0,1,-1,9,2,20,4,124,1,11,PIAGGIO VESPA,4,E01024358,0,1
2024010528930,2024,010528930,2,2,0,11,11,1,5,0,0,8,0,0,0,0,4,1,6,6,1,46,8,49,1,9,PIAGGIO VESPA,-1,-1,0,-1
2024461446643,2024,461446643,1,3,0,-1,19,8,3,-1,0,1,0,0,0,0,1,1,-1,6,1,36,7,124,1,12,PIAGGIO VESPA,2,E01024083,0,4
2024221479262,2024,221479262,1,4,0,-1,19,3,7,-1,0,5,1,0,0,0,3,1,-1,9,1,56,9,278,1,1,PIAGGIO VESPA,6,E01028971,0,1
2024101464164,2024,101464164,2,3,0,-1,19,8,4,-1,0,8,5,0,1,0,0,1,-1,6,1,62,9,123,1,11,PIAGGIO VESPA,8,E01008444,0,1
2024351468674,2024,351468674,1,3,0,-1,4,1,5,-1,0,0,0,0,0,0,2,1,-1,6,1,48,8,-1,-1,-1,PIAGGIO VESPA,3,E01017971,0,1
2024010524410,2024,010524410,1,2,0,18,19,5,1,0,0,1,0,0,0,0,1,1,6,6,3,-1,-1,278,1,10,PIAGGIO VESPA,-1,-1,0,-1
2024010539305,2024,010539305,1,3,0,16,19,7,3,0,0,5,5,10,0,0,1,1,6,6,1,21,5,124,1,10,PIAGGIO VESPA,6,E01001343,0,4
2024010538405,2024,010538405,1,2,0,18,19,3,7,0,0,1,0,0,0,0,1,1,6,6,2,24,5,124,1,0,PIAGGIO VESPA,4,E01033942,0,1
2024501498533,2024,501498533,1,3,0,-1,13,3,7,-1,0,0,1,0,0,0,2,1,-1,9,1,18,4,124,1,27,PIAGGIO VESPA,7,E01018830,0,1
2024010521066,2024,010521066,2,3,0,18,19,1,5,0,0,1,0,0,0,0,4,1,6,6,1,38,7,124,1,9,PIAGGIO VESPA,8,E01033487,0,1
2024010531261,2024,010531261,1,3,0,18,19,7,3,0,0,8,2,0,0,0,4,1,6,6,1,20,4,124,1,12,PIAGGIO VESPA,3,E01001801,0,1
2024010531746,2024,010531746,1,3,0,18,19,1,5,0,0,1,0,0,0,0,1,1,2,2,1,42,7,278,1,8,PIAGGIO VESPA,5,E01000494,0,1
2024010493387,2024,010493387,1,3,0,99,99,9,9,0,0,1,0,0,0,0,9,1,2,2,2,38,7,124,1,3,PIAGGIO VESPA,2,E01032575,0,1
2024010507692,2024,010507692,1,3,0,13,13,5,1,0,0,0,0,0,0,0,4,1,6,6,1,41,7,124,1,10,PIAGGIO VESPA,6,E01004181,0,1
2024010494849,2024,010494849,2,3,0,18,19,1,5,0,0,1,0,0,0,0,1,1,6,6,1,62,9,124,1,12,PIAGGIO VESPA,4,E01001886,0,2
2024010498735,2024,010498735,1,3,3,13,13,3,7,0,0,1,2,0,0,0,4,1,6,6,1,20,4,124,1,16,PIAGGIO VESPA,10,E01003745,0,3
2024010523319,2024,010523319,4,3,0,18,19,3,7,0,0,4,0,4,0,0,1,1,6,6,1,55,8,124,1,14,PIAGGIO VESPA,4,E01004429,0,1
2024010510583,2024,010510583,2,3,0,18,19,5,1,0,0,1,0,0,0,0,3,1,1,1,1,46,8,124,1,7,PIAGGIO VESPA,7,E01035000,0,4
2024010514848,2024,010514848,2,3,0,18,19,3,7,0,0,0,5,0,0,0,1,1,1,1,1,54,8,-1,-1,-1,PIAGGIO VESPA,6,E01004174,0,3
2024010537940,2024,010537940,1,3,0,18,19,5,1,0,0,1,0,0,0,0,4,1,6,6,1,37,7,124,1,6,PIAGGIO VESPA,-1,-1,0,-1
2024041417936,2024,041417936,2,3,0,-1,19,3,7,-1,0,1,0,0,0,0,0,1,-1,9,1,59,9,124,1,22,PIAGGIO VESPA,1,E01012738,0,1
2024631462338,2024,631462338,2,3,0,-1,19,4,8,-1,0,8,0,0,0,0,0,1,-1,6,1,32,6,124,1,23,PIAGGIO VESPA,2,W01000729,0,2
2024010557631,2024,010557631,1,4,0,99,99,9,9,99,99,9,9,99,9,99,9,1,2,2,1,51,8,278,1,7,PIAGGIO VESPA,4,E01004019,0,1
2024461395380,2024,461395380,1,4,0,-1,5,6,2,-1,0,6,0,0,0,0,1,1,-1,9,1,69,10,278,1,2,PIAGGIO VESPA,7,E01024245,0,1
2024010540776,2024,010540776,1,2,0,18,19,1,5,0,0,1,0,7,0,0,1,1,6,6,2,16,4,48,1,14,PIAGGIO VESPA,2,E01001912,0,1
2024010525946,2024,010525946,1,3,0,9,9,5,3,0,0,2,1,0,0,0,1,1,6,6,1,60,9,124,1,8,PIAGGIO VESPA,5,E01021790,0,4
2024481503722,2024,481503722,1,2,0,-1,19,1,5,-1,0,1,0,0,0,0,0,1,-1,6,2,40,7,49,1,18,PIAGGIO VESPA,-1,-1,0,-1
2024471449844,2024,471449844,2,2,0,-1,19,3,7,-1,0,1,5,0,0,0,3,1,-1,2,1,50,8,49,1,17,PIAGGIO VESPA,7,E01031374,0,2
2024010535686,2024,010535686,1,4,0,18,19,3,7,0,0,8,0,0,0,0,3,1,1,1,1,32,6,150,1,8,PIAGGIO VESPA,5,E01001139,0,3
2024010532768,2024,010532768,2,2,0,18,19,5,1,0,0,2,0,0,0,0,1,1,6,6,1,29,6,49,1,16,PIAGGIO VESPA,10,E01003874,0,1
2024451437071,2024,451437071,2,4,0,-1,19,8,4,-1,0,1,0,0,0,0,4,1,-1,1,1,52,8,278,1,6,PIAGGIO VESPA,6,E01004109,0,2
2024991421747,2024,991421747,2,4,0,-1,19,1,5,-1,0,1,2,0,0,0,3,1,-1,2,1,57,9,278,1,1,PIAGGIO VESPA,4,-1,0,1
2024991480985,2024,991480985,1,3,0,-1,4,5,1,-1,0,0,1,0,0,0,0,1,-1,9,1,57,9,123,1,12,PIAGGIO VESPA,6,-1,0,1
2024010500338,2024,010500338,1,3,0,99,99,9,9,99,99,0,9,99,9,99,1,1,2,2,1,45,7,124,1,22,PIAGGIO VESPA,6,E01000430,0,1
2024141422665,2024,141422665,1,3,0,-1,8,8,1,-1,0,1,0,0,0,0,3,1,-1,9,1,73,10,125,1,5,PIAGGIO VESPA,5,E01007558,0,1
2024010521591,2024,010521591,1,3,0,13,13,1,5,0,0,0,0,0,0,0,1,1,6,6,1,28,6,125,1,1,PIAGGIO VESPA,3,E01001744,0,1
2024311425949,2024,311425949,2,3,0,-1,19,3,7,-1,0,0,5,0,0,0,1,1,-1,2,1,18,4,124,1,2,PIAGGIO VESPA,-1,-1,0,-1
2024421397337,2024,421397337,2,2,0,-1,19,7,3,-1,0,1,0,0,0,0,1,1,-1,6,1,18,4,48,1,13,PIAGGIO VESPA,3,E01022050,0,1
2024421510241,2024,421510241,1,3,0,-1,19,4,8,-1,0,1,0,0,0,0,0,1,-1,6,1,-1,-1,124,1,18,PIAGGIO VESPA,-1,-1,0,-1
2024010523537,2024,010523537,1,3,0,18,19,5,1,0,0,1,0,0,0,0,1,1,6,6,1,20,4,124,1,8,PIAGGIO VESPA,2,E01002033,0,1
2024010545804,2024,010545804,2,3,0,18,19,3,7,0,0,0,0,0,0,0,2,1,6,6,1,48,8,124,1,11,PIAGGIO VESPA,7,E01034576,0,2
2024010493731,2024,010493731,1,3,0,3,3,5,1,0,0,2,0,0,0,0,2,1,2,2,1,47,8,125,1,3,PIAGGIO VESPA,6,E01000322,0,3
2024010549607,2024,010549607,1,2,0,18,19,3,7,0,0,1,0,0,0,0,1,1,2,2,2,26,6,48,1,11,PIAGGIO VESPA,4,E01002663,0,4
2024430198864,2024,430198864,1,4,0,16,19,5,8,0,0,1,0,0,0,0,1,1,1,1,1,58,9,124,1,14,PIAGGIO VESPA,7,E01028677,0,2
2024010515960,2024,010515960,1,3,0,99,99,9,9,99,99,9,9,99,9,99,2,1,2,2,1,62,9,125,1,2,PIAGGIO VESPA,7,E01003434,0,1
2024010546452,2024,010546452,1,3,0,99,99,9,9,99,99,1,9,99,9,99,1,1,3,7,1,53,8,125,1,5,PIAGGIO VESPA,6,E01000892,0,1
2024361487057,2024,361487057,1,9,0,-1,9,2,6,-1,0,6,0,0,0,0,1,1,-1,9,1,83,11,1986,1,31,-1,-1,-1,0,-1
2024201458598,2024,201458598,1,9,0,-1,14,1,5,-1,0,0,0,10,1,2,1,1,-1,9,1,36,7,2316,1,29,-1,3,E01009857,0,1
2024471523277,2024,471523277,1,9,0,-1,19,5,1,-1,0,0,0,0,0,0,1,1,-1,6,1,46,8,2316,1,29,-1,6,E01021149,0,2
2024440273671,2024,440273671,2,9,4,2,2,0,0,0,0,0,0,0,0,0,2,1,6,6,3,-1,-1,1986,1,31,-1,-1,-1,0,-1
2024041480180,2024,041480180,2,9,0,-1,19,5,1,-1,0,1,0,0,0,0,2,1,-1,6,1,36,7,2300,1,27,-1,1,E01012680,0,1
2024451531688,2024,451531688,1,9,0,-1,19,3,1,-1,9,0,0,11,1,1,1,9,-1,9,2,70,10,1986,1,33,-1,10,E01030407,0,2
2024010549192,2024,010549192,1,9,0,9,9,1,6,0,0,1,0,0,0,0,1,1,2,2,1,30,6,1986,1,31,-1,-1,-1,0,-1
2024340WN6462,2024,340WN6462,2,10,0,-1,3,5,1,-1,0,1,0,0,0,0,3,1,-1,1,2,57,9,-1,-1,-1,-1,7,E01033817,0,4
2024340WN0932,2024,340WN0932,3,11,0,-1,19,2,6,-1,0,1,0,0,0,0,1,1,-1,1,1,50,8,6700,2,8,-1,5,E01017913,0,4
2024010523837,2024,010523837,1,11,0,99,99,9,9,99,99,9,9,99,9,99,9,9,6,6,1,55,8,6700,2,2,-1,1,E01005382,0,5
2024311425597,2024,311425597,2,9,0,-1,19,3,8,-1,0,2,0,0,0,0,4,1,-1,9,1,38,7,2979,1,9,BMW M4,1,E01013959,0,3
2024211440841,2024,211440841,2,9,0,-1,19,5,1,-1,0,0,1,0,6,0,4,1,-1,9,1,32,6,2979,1,9,BMW M4,2,E01014241,0,1
2024010503114,2024,010503114,2,9,0,18,19,7,3,0,0,1,0,0,0,0,1,1,6,6,1,27,6,2979,1,6,BMW M4,6,E01003664,0,1
2024461456247,2024,461456247,1,9,0,-1,19,6,2,-1,0,8,1,10,1,1,1,1,-1,9,1,39,7,2979,1,10,BMW M4,6,E01024719,0,1
2024522402791,2024,522402791,1,9,0,3,3,5,1,0,0,2,0,0,0,0,2,1,6,6,1,39,7,2998,8,3,BMW M4,5,E01014994,0,2
2024421415282,2024,421415282,1,9,-1,-1,7,1,3,-1,0,1,0,0,0,0,1,1,-1,6,1,36,7,2979,1,5,BMW M4,1,E01017250,0,5
2024010535377,2024,010535377,1,9,0,3,3,9,9,0,0,9,0,99,9,99,9,9,6,6,1,37,7,2979,1,7,BMW M4,5,E01003739,0,1
2024010526805,2024,010526805,1,9,0,2,2,0,0,0,0,0,0,0,0,0,1,1,6,6,3,-1,-1,2993,1,3,BMW M4,-1,-1,0,-1
2024010544514,2024,010544514,1,9,0,99,99,9,9,99,99,9,9,99,9,99,1,9,6,6,2,-1,-1,2979,1,6,BMW M4,5,E01000543,0,1
2024010535086,2024,010535086,3,9,0,99,99,9,9,0,0,9,9,99,9,99,2,9,6,6,1,33,6,2979,1,4,BMW M4,10,E01023697,0,4
2024010529930,2024,010529930,1,9,0,99,99,9,9,99,99,9,9,99,9,99,9,9,6,6,1,41,7,2979,1,10,BMW M4,3,E01000082,0,4
2024031439834,2024,031439834,1,9,0,-1,19,4,8,-1,0,0,1,0,7,9,1,1,-1,9,1,55,8,2979,1,7,BMW M4,6,E01019315,0,1
2024461495985,2024,461495985,1,9,0,-1,19,6,6,-1,0,0,2,0,1,0,1,1,-1,9,1,26,6,2979,1,8,BMW M4,8,E01024343,0,3
2024161533018,2024,161533018,3,9,0,-1,2,0,0,-1,0,0,0,0,0,0,1,1,-1,6,-1,-1,-1,2979,1,9,BMW M4,-1,-1,0,-1
2024340NN4772,2024,340NN4772,1,9,0,-1,1,6,2,-1,9,1,0,0,0,0,4,1,-1,6,1,45,7,2998,8,4,BMW M4,-1,-1,0,-1
2024549088624,2024,549088624,2,9,0,18,19,3,7,0,0,0,0,0,0,0,3,1,2,2,1,-1,-1,2979,1,9,BMW M4,4,E01031851,0,3
2024010512311,2024,010512311,2,9,0,9,9,5,3,0,0,8,0,0,0,0,1,1,6,6,1,21,5,2979,1,5,BMW M4,3,E01033935,0,1