collision_index,collision_year,collision_ref_no,vehicle_reference,vehicle_type,towing_and_articulation,vehicle_manoeuvre_historic,vehicle_manoeuvre,vehicle_direction_from,vehicle_direction_to,vehicle_location_restricted_lane_historic,vehicle_location_restricted_lane,junction_location,skidding_and_overturning,hit_object_in_carriageway,vehicle_leaving_carriageway,hit_object_off_carriageway,first_point_of_impact,vehicle_left_hand_drive,journey_purpose_of_driver_historic,journey_purpose_of_driver,sex_of_driver,age_of_driver,age_band_of_driver,engine_capacity_cc,propulsion_code,age_of_vehicle,generic_make_model,driver_imd_decile,lsoa_of_driver,escooter_flag,driver_distance_banding
2024041477915,2024,041477915,1,9,0,-1,13,1,5,-1,0,0,1,0,7,0,4,1,-1,2,1,27,6,2979,1,9,BMW M4,6,E01025027,0,1
2024201521351,2024,201521351,1,9,0,-1,19,7,3,-1,0,0,1,10,2,11,3,1,-1,6,-1,-1,-1,2979,1,7,BMW M4,-1,-1,0,-1
2024451408276,2024,451408276,1,9,0,-1,19,8,2,-1,0,0,5,0,1,2,1,1,-1,9,1,26,6,2979,1,9,BMW M4,5,E01030787,0,4
2024010510018,2024,010510018,2,9,0,18,19,7,3,0,0,2,0,4,0,0,1,1,6,6,2,65,9,2979,1,5,BMW M4,-1,-1,0,-1
2024302400516,2024,302400516,1,9,0,18,19,2,6,0,0,0,0,0,0,0,3,1,6,6,1,57,9,2979,1,8,BMW M4,7,E01019681,0,1
2024010512327,2024,010512327,3,9,0,18,19,3,7,0,0,0,0,0,0,0,1,1,6,6,3,-1,-1,2979,1,6,BMW M4,-1,-1,0,-1
2024010521735,2024,010521735,2,9,0,3,3,3,7,0,0,1,0,0,0,0,2,1,6,6,1,36,7,2979,1,9,BMW M4,-1,-1,0,-1
2024010539489,2024,010539489,1,9,0,9,9,8,6,0,0,8,0,0,0,0,1,1,6,6,1,-1,-1,2993,1,1,BMW M4,-1,-1,0,-1
2024141448384,2024,141448384,1,9,0,-1,19,6,2,-1,0,0,1,10,2,1,1,1,-1,6,1,38,7,2993,1,2,BMW M4,9,E01007690,0,1
2024471509136,2024,471509136,3,9,0,-1,4,4,8,-1,0,0,0,0,0,0,2,1,-1,9,1,22,5,2979,1,9,BMW M4,3,E01020941,0,4
2024010549288,2024,010549288,1,9,0,18,19,7,3,0,0,8,1,10,6,0,3,1,6,6,1,19,4,2979,1,7,BMW M4,7,E01003820,0,2
2024552400633,2024,552400633,1,9,0,2,2,0,0,0,0,0,0,0,0,0,3,1,6,6,2,46,8,2998,8,2,BMW M4,5,E01031991,0,1
2024451400706,2024,451400706,1,9,0,-1,19,6,2,-1,0,0,0,0,0,0,4,1,-1,9,1,36,7,2979,1,4,BMW M4,8,E01030991,0,1
2024122401220,2024,122401220,2,9,0,16,19,1,5,0,0,0,0,0,0,0,0,1,6,6,1,61,9,2998,8,3,BMW M4,7,E01027667,0,4
2024201502747,2024,201502747,1,9,0,-1,19,2,6,-1,0,0,1,0,0,0,1,1,-1,6,1,22,5,2979,1,9,BMW M4,3,E01009950,0,1
2024451515032,2024,451515032,1,9,0,-1,19,1,5,-1,0,0,2,0,0,0,4,1,-1,9,1,36,7,2979,1,8,BMW M4,9,E01030488,0,1
2024201517792,2024,201517792,1,9,0,-1,19,1,5,-1,0,0,1,0,0,0,3,1,-1,9,1,24,5,2993,1,1,BMW M4,2,E01009883,0,2
2024010520943,2024,010520943,1,9,0,9,9,5,3,0,0,6,0,0,0,0,1,1,2,2,1,32,6,2979,1,6,BMW M4,2,E01002091,0,1
2024531494902,2024,531494902,1,9,0,-1,19,5,1,-1,0,0,0,0,0,0,1,1,-1,9,1,42,7,2993,1,2,BMW M4,9,E01029672,0,4
2024041401786,2024,041401786,2,9,0,-1,19,1,3,-1,0,0,0,0,0,0,2,1,-1,9,1,26,6,2979,1,7,BMW M4,3,E01025138,0,4
2024451408713,2024,451408713,1,9,0,-1,19,3,7,-1,0,0,0,0,0,0,1,1,-1,6,1,39,7,2979,1,5,BMW M4,4,E01002681,0,4
2024010550637,2024,010550637,1,9,0,-1,-1,3,7,9,9,2,0,0,1,11,1,1,6,6,1,27,6,2979,1,9,BMW M4,7,E01000160,0,1
2024411446331,2024,411446331,1,9,0,-1,13,2,6,-1,0,0,0,0,0,0,3,1,-1,6,2,63,9,2998,8,1,BMW M4,9,E01023493,0,3
2024302400271,2024,302400271,2,9,0,2,2,0,0,0,0,0,0,0,0,0,1,1,6,6,3,-1,-1,2998,8,3,BMW M4,-1,-1,0,-1
2024340NN2662,2024,340NN2662,3,9,0,-1,2,0,0,-1,0,0,0,0,0,0,3,1,-1,6,3,-1,-1,2979,1,6,BMW M4,-1,-1,0,-1
2024991470125,2024,991470125,3,9,0,-1,19,7,2,-1,0,0,0,0,0,0,1,1,-1,9,1,46,8,2993,1,3,BMW M4,7,-1,0,4
2024320231555,2024,320231555,1,9,0,-1,-1,7,3,0,0,1,0,7,0,1,1,1,-1,-1,1,40,7,2979,1,9,BMW M4,4,E01026174,0,1
2024010547834,2024,010547834,2,9,0,2,2,0,0,0,0,5,0,4,0,0,3,1,6,6,3,-1,-1,2979,1,5,BMW M4,-1,-1,0,-1
2024010501661,2024,010501661,1,9,0,7,7,1,2,0,0,0,0,0,0,0,2,1,1,1,1,36,7,2979,1,9,BMW M4,2,E01001056,0,2
2024461476718,2024,461476718,1,9,0,-1,13,1,5,-1,0,0,1,0,0,0,3,1,-1,9,1,38,7,2979,1,5,BMW M4,7,E01024037,0,1
2024010528526,2024,010528526,1,9,0,13,13,2,6,0,0,1,0,10,7,2,1,1,6,6,1,36,7,2998,8,2,BMW M4,-1,-1,0,-1
2024451409154,2024,451409154,1,9,0,-1,9,7,5,-1,0,1,0,0,0,0,1,1,-1,9,1,64,9,2979,1,4,BMW M4,10,E01030780,0,4
2024421440910,2024,421440910,3,9,0,-1,19,4,8,-1,0,0,0,0,0,0,2,9,-1,6,1,63,9,2993,1,3,BMW M4,6,E01022052,0,2
2024501501000,2024,501501000,1,9,0,-1,7,5,1,-1,0,0,1,0,1,10,1,1,-1,6,1,53,8,2998,8,2,BMW M4,-1,-1,0,-1
2024351516755,2024,351516755,1,9,0,-1,19,5,1,-1,0,0,0,9,0,0,3,1,-1,6,1,18,4,2979,1,6,BMW M4,4,E01015665,0,1
2024010528268,2024,010528268,1,9,0,18,19,3,7,0,0,0,0,0,1,11,1,1,6,6,1,23,5,2979,1,9,BMW M4,3,E01004235,0,2
2024421421911,2024,421421911,1,9,0,-1,13,7,3,-1,0,0,0,0,0,0,3,1,-1,2,2,49,8,2998,8,1,BMW M4,9,E01021240,0,1
2024302400988,2024,302400988,1,9,0,1,1,5,1,0,0,0,0,0,0,0,2,1,6,6,3,-1,-1,2979,1,5,BMW M4,5,E01019456,0,2
2024302400262,2024,302400262,1,9,0,18,19,6,2,0,0,0,0,0,2,4,1,1,6,6,2,24,5,2979,1,7,BMW M4,9,E01009416,0,4
2024010532902,2024,010532902,1,9,0,99,99,9,9,99,99,9,9,99,9,99,2,9,6,6,3,-1,-1,2993,1,3,BMW M4,-1,-1,0,-1
2024361404243,2024,361404243,2,9,0,-1,19,5,1,-1,0,0,0,0,0,0,2,1,-1,9,1,65,9,2979,1,8,BMW M4,6,E01026613,0,2
2024201511580,2024,201511580,2,9,0,-1,19,5,1,-1,0,8,0,0,0,0,3,1,-1,6,1,60,9,2998,8,0,BMW M4,8,E01032532,0,1
2024061505187,2024,061505187,2,9,0,-1,3,-1,-1,-1,0,0,0,0,0,0,3,1,-1,6,3,-1,-1,2979,1,6,BMW M4,-1,-1,0,-1
2024421497368,2024,421497368,2,5,0,-1,19,8,4,-1,0,1,0,0,0,0,1,1,-1,9,1,60,9,652,1,0,-1,4,E01022034,0,3
2024411486622,2024,411486622,2,5,0,-1,19,2,4,-1,0,0,5,0,1,9,1,1,-1,6,1,68,10,652,1,0,-1,8,E01021867,0,1
2024320369775,2024,320369775,1,4,0,13,13,8,4,0,0,1,0,0,0,6,1,1,6,6,1,73,10,652,1,0,-1,-1,-1,0,-1
2024302500207,2024,302500207,3,9,0,-1,2,0,0,-1,-1,0,0,0,0,0,3,1,-1,6,3,-1,-1,4565,1,26,-1,-1,-1,0,-1
2024061519231,2024,061519231,1,9,0,-1,19,4,8,-1,9,0,0,0,1,2,1,1,-1,9,2,43,7,1998,2,13,CHEVROLET ORLANDO,-1,-1,0,-1
2024471512456,2024,471512456,1,9,0,-1,19,3,7,-1,0,1,0,0,0,0,1,1,-1,7,2,35,6,1998,2,13,CHEVROLET ORLANDO,6,E01031567,0,1
2024231499532,2024,231499532,1,9,0,-1,19,5,1,-1,0,0,0,0,0,0,1,1,-1,2,2,35,6,1796,1,12,CHEVROLET ORLANDO,4,E01031060,0,2
2024461411397,2024,461411397,2,9,0,-1,19,7,3,-1,0,3,0,0,0,0,4,9,-1,6,1,39,7,1796,1,12,CHEVROLET ORLANDO,5,E01035271,0,1
2024471517789,2024,471517789,1,9,0,-1,9,3,1,-1,0,8,0,0,7,0,3,1,-1,6,2,28,6,1998,2,11,CHEVROLET ORLANDO,3,E01031459,0,1
2024010525873,2024,010525873,1,9,0,3,3,3,7,0,0,1,0,0,0,0,3,1,6,6,1,63,9,1796,1,11,CHEVROLET ORLANDO,2,E01000021,0,1
2024010504110,2024,010504110,3,9,0,4,4,6,2,0,0,1,0,0,0,0,2,1,6,6,2,51,8,1796,1,13,CHEVROLET ORLANDO,7,E01000275,0,2
2024061423076,2024,061423076,1,9,0,-1,-1,-1,-1,-1,-1,-1,-1,-1,-1,0,-1,1,-1,6,3,-1,-1,1998,2,13,CHEVROLET ORLANDO,-1,-1,0,-1
2024471425151,2024,471425151,1,9,0,-1,4,5,1,-1,0,1,0,0,0,0,1,1,-1,6,1,32,6,1796,1,12,CHEVROLET ORLANDO,8,E01023001,0,5
2024061497521,2024,061497521,1,9,0,-1,19,5,1,-1,0,0,0,11,0,0,1,1,-1,6,2,47,8,1998,2,12,CHEVROLET ORLANDO,1,E01005164,0,1
2024221412438,2024,221412438,1,9,0,-1,4,1,5,-1,0,1,0,0,0,0,2,1,-1,6,2,34,6,1998,2,13,CHEVROLET ORLANDO,2,E01014196,0,1
2024461465126,2024,461465126,1,9,0,-1,19,5,1,-1,0,0,0,0,0,0,4,9,-1,6,2,42,7,1998,2,12,CHEVROLET ORLANDO,6,E01016057,0,1
2024411408911,2024,411408911,4,9,0,-1,19,2,4,-1,0,0,0,0,0,0,1,1,-1,2,2,43,7,1998,2,12,CHEVROLET ORLANDO,6,E01023394,0,3
2024221437262,2024,221437262,2,9,0,-1,4,8,4,-1,0,1,0,0,0,0,2,9,-1,9,2,32,6,1998,2,12,CHEVROLET ORLANDO,4,E01028904,0,2
2024522401350,2024,522401350,2,9,0,2,2,0,0,0,0,0,0,0,0,0,1,1,6,6,3,-1,-1,1796,1,12,CHEVROLET ORLANDO,-1,-1,0,-1
2024451460604,2024,451460604,1,9,0,-1,9,8,4,-1,0,6,0,0,0,0,2,1,-1,9,1,60,9,1796,1,13,CHEVROLET ORLANDO,2,E01003940,0,4
2024461440033,2024,461440033,1,9,0,-1,19,4,8,-1,0,8,0,0,0,0,1,1,-1,6,1,31,6,1998,2,12,CHEVROLET ORLANDO,-1,-1,0,-1
2024351409856,2024,351409856,2,9,0,-1,3,-1,-1,-1,0,1,0,0,0,0,2,9,-1,9,2,47,8,1998,2,12,CHEVROLET ORLANDO,2,E01015605,0,1
2024201520612,2024,201520612,1,9,0,-1,19,5,1,-1,0,0,0,10,2,4,1,1,-1,9,2,72,10,1998,2,12,CHEVROLET ORLANDO,8,E01010333,0,1
2024991481060,2024,991481060,1,5,0,-1,19,5,7,-1,0,0,0,0,8,7,3,1,-1,9,1,59,9,749,1,4,-1,3,E01034513,0,4
2024010502899,2024,010502899,1,5,0,3,3,3,7,0,0,1,0,0,0,0,1,1,6,6,1,27,6,749,1,9,-1,2,E01001877,0,1
2024421435935,2024,421435935,1,5,0,-1,19,1,5,-1,0,1,0,0,0,0,1,1,-1,6,2,58,9,1585,1,10,-1,8,E01021532,0,1
2024991492660,2024,991492660,2,5,0,-1,19,1,6,-1,0,1,2,0,7,0,3,1,-1,9,1,56,9,749,1,8,-1,4,-1,0,4
2024471427336,2024,471427336,1,5,0,-1,19,1,5,-1,0,0,0,0,0,0,3,1,-1,6,1,22,5,749,1,7,-1,8,E01016132,0,4
2024991447299,2024,991447299,1,5,0,-1,19,8,3,-1,0,0,1,0,0,0,4,1,-1,9,1,52,8,1868,1,1,-1,7,-1,0,1
2024131394910,2024,131394910,2,5,0,-1,19,6,8,-1,0,8,0,0,0,0,4,1,-1,6,1,34,6,1050,1,8,-1,1,E01011354,0,1
2024311397209,2024,311397209,1,3,0,-1,19,2,6,-1,0,1,1,0,0,0,4,1,-1,6,1,20,4,125,1,4,LEXMOTO ENIGMA,1,E01028173,0,1
2024161468521,2024,161468521,1,3,0,-1,19,3,7,-1,9,0,0,0,7,2,1,1,-1,6,1,46,8,125,1,4,LEXMOTO ENIGMA,1,E01013312,0,1
2024010514294,2024,010514294,2,3,0,3,3,3,7,0,0,0,0,0,0,0,0,1,1,1,1,29,6,125,1,4,LEXMOTO ENIGMA,5,E01001914,0,1
2024501522873,2024,501522873,1,3,0,-1,3,8,4,-1,0,0,5,0,0,0,1,1,-1,6,1,34,6,125,1,5,LEXMOTO ENIGMA,1,E01015146,0,1
2024061481888,2024,061481888,1,2,0,-1,19,1,5,-1,0,2,0,0,0,0,1,1,-1,6,1,29,6,125,1,4,LEXMOTO ENIGMA,-1,-1,0,-1
2024161504122,2024,161504122,2,3,0,-1,19,8,4,-1,0,1,0,0,7,0,4,1,-1,6,1,31,6,125,1,5,LEXMOTO ENIGMA,1,E01013080,0,1
2024430439752,2024,430439752,2,2,0,18,19,5,1,0,0,6,0,0,0,0,4,1,6,6,1,29,6,125,1,4,LEXMOTO ENIGMA,4,E01016498,0,1
2024440026609,2024,440026609,1,3,0,18,19,7,3,0,0,0,1,0,0,0,3,1,6,6,1,20,4,125,1,4,LEXMOTO ENIGMA,10,E01022729,0,1
2024221534968,2024,221534968,2,3,0,-1,19,6,2,-1,0,8,0,0,0,0,1,1,-1,6,1,48,8,125,1,4,LEXMOTO ENIGMA,10,E01028952,0,1
2024161451714,2024,161451714,1,3,0,-1,19,6,2,-1,9,0,1,0,0,0,4,1,-1,6,1,21,5,125,1,5,LEXMOTO ENIGMA,1,E01012806,0,1
2024010510063,2024,010510063,2,4,0,18,19,4,8,0,0,0,5,0,0,0,1,1,6,6,1,55,8,151,1,8,-1,7,E01002981,0,2
2024131450830,2024,131450830,1,3,0,-1,9,5,7,-1,0,3,0,0,1,0,4,1,-1,9,1,67,10,125,1,14,-1,1,E01011345,0,1
2024070351033,2024,070351033,2,5,0,16,19,8,4,0,0,1,0,0,0,0,4,1,6,6,1,48,8,-1,-1,-1,-1,8,E01018636,0,1
2024131483725,2024,131483725,2,3,0,-1,19,4,8,-1,0,8,0,0,0,0,1,1,-1,9,1,36,7,125,1,8,-1,5,E01011757,0,1
2024361444401,2024,361444401,2,3,0,-1,7,5,3,-1,0,1,0,0,0,0,1,1,-1,6,1,20,4,125,1,13,-1,2,E01026600,0,1
202454D168724,2024,54D168724,2,3,0,13,13,8,4,0,0,1,0,0,0,0,1,1,6,6,1,53,8,125,1,16,-1,9,E01032102,0,1
2024131457717,2024,131457717,2,3,0,-1,19,7,3,-1,0,1,0,0,0,0,1,1,-1,6,2,51,8,125,1,10,-1,5,E01033010,0,1
2024548871324,2024,548871324,1,17,0,5,5,7,3,0,0,1,0,0,0,0,1,1,1,1,1,70,10,4000,2,19,-1,7,E01023177,0,1
2024211401570,2024,211401570,2,2,0,-1,19,2,8,-1,0,3,5,0,0,0,2,1,-1,6,1,16,4,49,1,24,-1,4,E01014353,0,1
2024461464061,2024,461464061,1,2,0,-1,19,1,5,-1,0,2,0,0,0,0,1,1,-1,9,1,16,4,49,1,7,-1,3,E01016173,0,1
2024211529651,2024,211529651,1,2,0,-1,19,7,3,-1,0,1,1,0,0,0,1,1,-1,6,1,16,4,49,1,0,-1,-1,-1,0,-1
2024010549471,2024,010549471,4,9,0,8,8,3,6,9,9,1,0,0,0,0,0,1,6,6,2,53,8,1587,1,19,-1,-1,-1,0,-1
2024361409002,2024,361409002,1,9,0,-1,19,7,3,-1,0,4,0,0,0,0,3,1,-1,9,1,67,10,1587,1,19,-1,4,E01026884,0,2
2024501444747,2024,501444747,1,9,0,-1,9,1,7,-1,0,6,0,0,0,0,3,1,-1,6,2,41,7,1587,1,17,-1,5,E01034854,0,1
2024061420574,2024,061420574,1,9,0,-1,5,7,4,-1,0,-1,0,0,0,0,1,9,-1,6,3,-1,-1,1587,1,18,-1,-1,-1,0,-1
2024622400483,2024,622400483,2,9,0,4,4,8,4,0,0,0,0,0,0,0,2,1,6,6,1,65,9,1360,1,18,-1,2,W01001073,0,1
2024311434546,2024,311434546,1,9,0,-1,19,1,5,-1,0,0,1,0,7,4,4,1,-1,6,1,18,4,1124,1,23,-1,3,E01028340,0,1
2024302401592,2024,302401592,1,9,0,16,19,6,1,0,0,0,5,0,0,0,1,1,6,6,1,19,4,1124,1,23,-1,4,E01019529,0,4
2024501413880,2024,501413880,1,9,0,-1,19,1,5,-1,0,0,0,0,0,0,1,9,-1,6,1,20,4,1124,1,26,-1,2,E01018865,0,3
2024991479273,2024,991479273,1,9,0,-1,19,8,4,-1,0,8,0,0,0,0,1,1,-1,6,1,17,4,1124,1,26,-1,4,-1,0,4
2024471520268,2024,471520268,2,9,0,-1,19,8,4,-1,0,0,0,0,0,0,4,1,-1,2,1,35,6,1124,1,33,-1,6,E01017012,0,1
2024471416595,2024,471416595,3,9,0,-1,19,2,5,-1,0,0,0,0,0,0,0,1,-1,6,1,18,4,1124,1,22,-1,5,E01021084,0,2
2024320147887,2024,320147887,1,9,0,12,12,6,2,0,0,2,0,0,0,0,3,1,6,6,1,22,5,1124,1,22,-1,6,E01034688,0,1
2024471487291,2024,471487291,2,9,0,-1,4,4,8,-1,0,0,0,0,1,9,2,1,-1,9,1,24,5,1124,1,24,-1,7,E01021046,0,1
2024552400088,2024,552400088,2,9,0,18,19,4,8,0,0,8,0,0,0,0,1,1,2,2,1,33,6,1124,1,23,-1,5,E01020466,0,1
2024010544940,2024,010544940,1,9,0,18,19,7,3,0,0,2,0,0,0,0,1,1,6,6,1,46,8,6750,1,33,-1,2,E01003483,0,3
2024430446081,2024,430446081,1,9,0,18,19,3,7,0,0,1,0,0,0,0,1,1,6,6,1,65,9,3528,1,-1,-1,-1,-1,0,-1
2024411492990,2024,411492990,1,9,0,-1,3,5,1,-1,0,0,0,0,0,0,1,1,-1,6,2,28,6,-1,3,0,-1,3,E01023323,0,2
2024421511792,2024,421511792,2,9,0,-1,4,5,8,-1,0,0,0,0,0,0,1,1,-1,9,1,26,6,-1,3,1,-1,6,E01022053,0,1
2024430198881,2024,430198881,1,9,0,18,19,1,6,0,0,2,0,0,0,0,1,1,6,6,2,57,9,-1,3,0,-1,10,E01017885,0,3
2024430403744,2024,430403744,1,9,0,18,19,4,8,0,0,0,0,0,0,0,3,1,6,6,2,70,10,-1,3,0,-1,6,E01016477,0,1
2024501432327,2024,501432327,1,19,0,-1,19,1,5,-1,0,1,0,0,0,0,1,1,-1,1,1,35,6,2982,2,16,-1,6,E01020221,0,1
2024231519951,2024,231519951,2,19,0,-1,19,4,1,-1,0,0,0,0,0,0,1,1,-1,1,1,54,8,2982,2,17,-1,7,E01031241,0,1
2024501444744,2024,501444744,2,19,0,-1,4,7,3,-1,0,0,0,0,0,0,2,1,-1,9,1,76,11,2982,2,13,-1,4,E01020135,0,2
2024421406858,2024,421406858,1,19,0,-1,19,2,6,-1,0,2,0,0,0,0,1,1,-1,6,1,20,4,2982,2,13,-1,6,E01021404,0,4
2024231457066,2024,231457066,1,20,0,-1,15,1,3,-1,0,0,0,99,0,0,4,9,-1,6,1,30,6,2982,2,11,-1,1,E01031015,0,2
2024010510939,2024,010510939,1,19,0,7,7,2,5,0,0,8,0,0,0,0,4,2,2,2,1,30,6,2982,2,12,-1,10,E01030638,0,3
2024991467696,2024,991467696,3,5,0,-1,2,6,6,-1,0,1,0,0,0,0,2,1,-1,6,1,63,9,599,1,23,-1,-1,-1,0,-1
2024631444911,2024,631444911,1,5,0,-1,19,5,1,-1,0,0,0,0,0,0,0,1,-1,9,1,36,7,599,1,22,-1,1,W01000733,0,1
2024311455027,2024,311455027,1,5,0,-1,19,6,2,-1,0,0,2,0,0,0,4,1,-1,9,1,41,7,599,1,23,-1,1,E01027951,0,2
2024552401224,2024,552401224,1,3,0,18,19,2,6,0,0,0,1,0,0,0,0,1,6,6,2,70,10,124,1,2,AJS MODENA 125,1,E01020555,0,2
2024371500529,2024,371500529,2,3,0,-1,19,8,5,-1,0,1,0,0,0,0,0,1,-1,2,2,33,6,125,1,8,AJS MODENA 125,6,E01026533,0,4
2024552400957,2024,552400957,1,3,0,6,6,1,1,0,0,8,0,0,0,0,0,1,6,6,1,66,10,124,1,1,AJS MODENA 125,7,E01034381,0,1
2024440281630,2024,440281630,1,3,0,18,19,8,4,0,0,0,1,0,0,0,4,1,6,6,2,57,9,125,1,4,AJS MODENA 125,9,E01022826,0,1
2024440207060,2024,440207060,2,3,0,13,13,2,6,0,0,0,0,0,0,0,4,1,6,6,1,40,7,125,1,9,AJS MODENA 125,4,E01017151,0,1
2024430082455,2024,430082455,1,3,0,14,14,2,6,0,0,0,0,0,0,0,1,1,2,2,2,23,5,125,1,6,AJS MODENA 125,10,E01028465,0,1
2024440392735,2024,440392735,1,3,0,18,19,1,5,0,0,8,0,0,0,0,4,1,6,6,2,23,5,125,1,6,AJS MODENA 125,2,E01022901,0,2
2024122400668,2024,122400668,1,3,0,18,19,1,3,0,0,1,0,0,0,0,0,1,6,6,1,54,8,125,1,8,AJS MODENA 125,9,E01027782,0,2
2024552400408,2024,552400408,2,3,0,18,19,1,5,2,2,8,0,0,0,0,1,1,6,6,2,24,5,124,1,1,AJS MODENA 125,1,E01020554,0,1
2024471480802,2024,471480802,2,3,0,-1,4,2,6,-1,0,0,0,0,0,0,1,1,-1,6,1,22,5,125,1,6,AJS MODENA 125,9,E01031719,0,2
2024501486244,2024,501486244,1,2,0,-1,7,3,6,-1,0,3,1,0,0,0,3,1,-1,6,2,33,6,125,1,2,AJS MODENA 125,3,E01015218,0,1
2024552401421,2024,552401421,1,3,0,18,19,2,6,0,0,0,1,0,0,0,0,1,6,6,2,21,5,125,1,3,AJS MODENA 125,10,E01020560,0,2
2024440501670,2024,440501670,1,2,0,18,19,3,7,0,0,0,0,0,3,4,1,1,6,6,1,59,9,125,1,7,AJS MODENA 125,2,E01017019,0,2
2024211394394,2024,211394394,1,3,0,-1,19,8,4,-1,0,1,1,0,0,0,0,1,-1,2,2,40,7,124,1,2,AJS MODENA 125,6,E01034657,0,2
2024451451739,2024,451451739,1,3,0,-1,4,1,5,-1,0,0,2,0,0,0,3,1,-1,2,1,22,5,125,1,6,AJS MODENA 125,9,E01031719,0,3
2024010540756,2024,010540756,2,9,0,18,19,3,7,0,0,2,0,0,1,11,3,1,6,6,1,52,8,2967,2,5,AUDI Q8,6,E01000779,0,1
2024430422343,2024,430422343,1,9,0,18,19,6,2,0,0,0,0,0,7,0,1,1,6,6,1,50,8,-1,3,1,AUDI Q8,-1,-1,0,-1
2024010546366,2024,010546366,1,9,0,2,2,0,0,0,0,0,0,0,0,0,3,1,6,6,3,-1,-1,2995,1,4,AUDI Q8,-1,-1,0,-1
2024351486748,2024,351486748,2,9,0,-1,19,5,1,-1,0,0,0,0,0,0,3,1,-1,6,2,53,8,-1,3,0,AUDI Q8,8,E01035511,0,2
2024010502354,2024,010502354,1,9,0,4,4,7,3,0,0,1,0,0,0,0,2,1,6,6,2,52,8,-1,3,1,AUDI Q8,5,E01035584,0,3
2024201445989,2024,201445989,1,9,0,-1,7,3,6,-1,0,6,0,0,0,0,4,1,-1,2,1,46,8,-1,3,1,AUDI Q8,9,E01029672,0,1
2024010542946,2024,010542946,4,9,0,3,3,4,8,0,0,0,0,0,0,0,2,1,2,2,2,47,8,-1,3,0,AUDI Q8,10,E01000645,0,1
2024010510486,2024,010510486,2,9,0,2,2,0,0,9,9,0,0,0,0,0,4,1,6,6,3,-1,-1,2967,2,4,AUDI Q8,-1,-1,0,-1
2024471427071,2024,471427071,1,9,0,-1,9,3,1,-1,0,8,0,0,0,0,1,1,-1,6,1,52,8,2995,1,2,AUDI Q8,9,E01031625,0,2
2024131413461,2024,131413461,2,9,0,-1,19,1,3,-1,0,1,0,0,0,0,1,1,-1,6,1,25,5,-1,3,1,AUDI Q8,1,E01011140,0,1
2024991513394,2024,991513394,2,9,0,-1,3,8,4,-1,0,0,0,0,0,0,2,1,-1,9,1,50,8,2967,2,0,AUDI Q8,-1,-1,0,-1
2024010518927,2024,010518927,2,9,0,99,99,9,9,99,99,9,9,99,9,99,2,9,6,6,3,44,7,2967,2,3,AUDI Q8,2,E01032941,0,5
2024131394104,2024,131394104,2,9,0,-1,19,1,5,-1,0,1,0,0,0,0,3,1,-1,6,1,47,8,2967,2,4,AUDI Q8,1,E01010944,0,2
2024010521048,2024,010521048,3,9,0,16,19,1,5,0,0,0,0,0,0,0,1,1,6,6,2,46,8,2967,2,5,AUDI Q8,6,E01002586,0,1
2024010525223,2024,010525223,2,9,9,99,99,9,9,99,99,9,9,99,9,99,9,9,6,6,3,-1,-1,2967,2,6,AUDI Q8,-1,-1,0,-1
2024461399649,2024,461399649,2,9,0,-1,19,7,3,-1,0,0,0,0,0,0,1,9,-1,2,1,60,9,-1,3,1,AUDI Q8,8,E01024629,0,1
2024540098324,2024,540098324,2,9,0,18,19,2,6,0,0,8,0,0,0,0,1,1,6,6,1,45,7,2967,2,1,AUDI Q8,3,E01015580,0,2
2024010531504,2024,010531504,1,9,0,99,99,9,9,99,99,9,9,99,9,99,9,1,6,6,1,37,7,2967,2,4,AUDI Q8,3,E01003990,0,3
202417L304124,2024,17L304124,2,9,0,-1,9,7,5,-1,0,8,0,0,0,0,3,1,-1,9,1,65,9,2967,2,5,AUDI Q8,-1,-1,0,-1
2024101471488,2024,101471488,1,9,0,-1,1,8,4,-1,-1,5,0,0,0,0,2,1,-1,9,2,34,6,2967,2,5,AUDI Q8,-1,-1,0,-1
2024320406328,2024,320406328,2,9,0,7,7,6,8,0,0,1,0,0,0,0,2,1,-1,-1,1,30,6,2967,2,5,AUDI Q8,-1,-1,0,-1
2024451434974,2024,451434974,1,9,0,-1,4,7,3,-1,0,1,0,0,0,0,2,1,-1,6,2,32,6,2995,1,3,AUDI Q8,4,E01030746,0,1
2024122400074,2024,122400074,3,9,0,2,2,0,0,0,0,2,0,0,1,0,3,1,6,6,2,57,9,2967,2,2,AUDI Q8,10,E01027595,0,1
2024430480332,2024,430480332,1,9,0,18,19,8,2,0,0,4,0,0,0,0,1,1,1,1,1,19,4,2995,1,2,AUDI Q8,2,E01034021,0,4
2024010497751,2024,010497751,2,9,0,14,14,5,1,0,0,1,0,0,0,0,4,1,6,6,1,31,6,2967,2,3,AUDI Q8,5,E01000593,0,1
2024010550659,2024,010550659,1,9,0,18,19,1,5,0,0,1,0,0,0,0,1,1,6,6,1,50,8,2967,2,4,AUDI Q8,3,E01035660,0,2
2024622400706,2024,622400706,1,9,0,18,19,6,2,0,0,0,0,0,0,0,1,1,1,1,1,38,7,-1,3,0,AUDI Q8,6,W01001186,0,4
2024231406834,2024,231406834,1,9,0,-1,13,5,1,-1,0,8,1,0,0,0,4,9,-1,2,2,43,7,-1,3,1,AUDI Q8,9,E01031220,0,1