collision_index,collision_year,collision_ref_no,vehicle_reference,vehicle_type,towing_and_articulation,vehicle_manoeuvre_historic,vehicle_manoeuvre,vehicle_direction_from,vehicle_direction_to,vehicle_location_restricted_lane_historic,vehicle_location_restricted_lane,junction_location,skidding_and_overturning,hit_object_in_carriageway,vehicle_leaving_carriageway,hit_object_off_carriageway,first_point_of_impact,vehicle_left_hand_drive,journey_purpose_of_driver_historic,journey_purpose_of_driver,sex_of_driver,age_of_driver,age_band_of_driver,engine_capacity_cc,propulsion_code,age_of_vehicle,generic_make_model,driver_imd_decile,lsoa_of_driver,escooter_flag,driver_distance_banding
2024010548356,2024,010548356,2,9,5,9,9,3,1,0,0,8,0,0,0,0,3,1,1,1,1,46,8,2967,2,5,AUDI Q8,10,E01031724,0,4
2024471430368,2024,471430368,1,9,0,-1,19,5,1,-1,0,1,0,0,0,0,1,1,-1,6,2,36,7,-1,3,1,AUDI Q8,5,E01031565,0,1
2024010516020,2024,010516020,2,9,0,99,99,9,9,99,99,9,9,99,9,99,9,9,6,6,3,-1,-1,2967,2,6,AUDI Q8,-1,-1,0,-1
2024231519736,2024,231519736,3,9,0,-1,19,4,8,-1,0,0,0,0,0,0,1,1,-1,2,1,53,8,-1,3,0,AUDI Q8,9,E01016540,0,5
2024010495811,2024,010495811,2,9,0,99,99,9,9,99,99,9,9,99,9,99,2,9,6,6,3,-1,-1,-1,3,0,AUDI Q8,7,E01001269,0,1
2024061464268,2024,061464268,1,9,0,-1,19,2,6,-1,0,0,0,0,0,0,2,9,-1,9,1,37,7,-1,3,1,AUDI Q8,7,E01012582,0,4
2024010542081,2024,010542081,1,9,0,14,14,5,1,0,0,1,0,0,0,0,1,1,1,1,1,54,8,-1,3,0,AUDI Q8,6,E01000623,0,2
2024010547157,2024,010547157,2,9,0,99,99,9,9,99,99,9,9,99,9,99,2,9,6,6,1,69,10,2967,2,4,AUDI Q8,3,E01000137,0,1
202460Q189143,2024,60Q189143,1,9,0,9,9,2,6,0,0,1,0,0,0,0,1,1,6,6,2,40,7,-1,3,0,AUDI Q8,-1,-1,0,-1
2024010547295,2024,010547295,1,9,0,99,99,9,9,99,99,9,9,99,9,99,9,9,6,6,1,30,6,2894,1,2,AUDI RS5,6,E01000268,0,2
2024221519168,2024,221519168,1,9,0,-1,19,1,5,-1,0,6,0,0,0,0,1,9,-1,6,2,50,8,2894,1,5,AUDI RS5,-1,-1,0,-1
2024430472021,2024,430472021,2,9,0,4,4,5,1,0,0,0,0,0,0,0,2,1,6,6,2,55,8,4163,1,10,AUDI RS5,7,E01028507,0,3
2024010521475,2024,010521475,2,9,5,9,9,3,1,0,0,8,0,0,3,0,1,1,6,6,1,25,5,2894,1,5,AUDI RS5,3,E01001368,0,1
2024631484235,2024,631484235,1,9,0,-1,1,7,3,-1,0,0,0,0,0,0,2,1,-1,6,1,54,8,4163,1,9,AUDI RS5,8,W01001903,0,1
2024302400921,2024,302400921,1,9,0,14,14,6,2,0,0,1,0,0,0,0,1,1,6,6,1,44,7,4163,1,10,AUDI RS5,10,E01019833,0,1
2024122400497,2024,122400497,1,9,0,4,4,7,3,0,0,0,0,0,0,0,2,1,6,6,2,59,9,4163,1,11,AUDI RS5,9,E01027765,0,2
2024231463912,2024,231463912,2,9,0,-1,19,2,6,-1,0,0,0,0,1,0,1,1,-1,6,1,29,6,2894,1,5,AUDI RS5,6,E01032237,0,2
2024201553460,2024,201553460,1,9,0,-1,19,8,4,-1,0,0,0,10,1,0,3,9,-1,6,1,27,6,2894,1,4,AUDI RS5,3,E01009089,0,1
2024201523405,2024,201523405,2,9,0,-1,19,1,6,-1,0,1,0,0,0,0,1,1,-1,6,-1,-1,-1,2894,1,3,AUDI RS5,-1,-1,0,-1
2024010544557,2024,010544557,1,9,0,18,19,7,3,0,0,0,0,0,0,0,1,1,6,6,3,21,5,2894,1,5,AUDI RS5,-1,-1,0,-1
2024461427337,2024,461427337,2,9,0,-1,19,6,2,-1,0,1,0,0,0,0,1,1,-1,9,2,47,8,1984,1,3,-1,8,E01024779,0,1
2024501408224,2024,501408224,1,9,0,-1,9,2,8,-1,0,6,0,0,0,0,1,1,-1,6,2,52,8,1984,1,5,-1,2,E01018751,0,1
2024552401158,2024,552401158,1,20,0,4,4,7,3,0,0,0,0,0,0,0,1,1,1,1,1,58,9,-1,1,-1,-1,6,E01020398,0,2
2024361493393,2024,361493393,1,90,0,-1,19,7,3,-1,0,1,0,0,0,0,1,1,-1,6,1,88,11,-1,1,-1,-1,10,E01026562,0,1
2024131478412,2024,131478412,1,20,0,-1,19,1,7,-1,0,0,0,0,0,0,4,1,-1,9,1,65,9,3288,1,80,-1,8,E01010707,0,3
2024401434613,2024,401434613,2,9,0,-1,2,0,0,-1,0,2,0,0,0,0,2,1,-1,6,-1,-1,-1,5654,1,18,-1,-1,-1,0,-1
2024010522401,2024,010522401,2,5,0,99,99,9,9,99,99,9,9,99,9,99,9,1,6,6,1,30,6,955,1,8,-1,2,E01035677,0,2
2024061473920,2024,061473920,1,5,0,-1,10,5,1,-1,0,5,0,0,0,0,1,1,-1,9,1,39,7,898,1,10,-1,4,E01006026,0,2
2024070552886,2024,070552886,2,5,0,18,19,8,4,0,0,1,0,10,7,2,1,1,6,6,1,31,6,898,1,11,-1,3,W01000328,0,2
2024991444088,2024,991444088,1,5,0,-1,19,3,8,-1,0,0,5,0,1,9,3,1,-1,6,1,51,8,955,1,5,-1,8,-1,0,5
2024991452910,2024,991452910,1,5,0,-1,19,6,2,-1,0,1,0,0,0,0,3,1,-1,9,1,39,7,955,1,8,-1,8,-1,0,2
2024010524736,2024,010524736,1,5,0,14,14,3,7,0,0,2,0,0,0,0,0,1,6,6,1,30,6,955,1,8,-1,2,E01035677,0,1
2024211428749,2024,211428749,2,5,0,-1,9,5,3,-1,0,4,2,0,0,0,2,1,-1,6,1,24,5,898,1,10,-1,-1,-1,0,-1
2024531427109,2024,531427109,1,9,0,-1,19,1,5,-1,0,0,0,0,1,0,1,1,-1,2,2,33,6,-1,-1,-1,FIAT FIORINO,10,E01022203,0,2
2024631491185,2024,631491185,1,19,0,-1,13,2,6,-1,0,0,0,0,0,0,4,1,-1,2,1,46,8,1248,2,3,FIAT FIORINO,9,W01000441,0,3
2024451396912,2024,451396912,1,9,0,-1,5,7,3,-1,0,8,0,0,0,0,3,1,-1,1,1,70,10,-1,-1,-1,FIAT FIORINO,7,E01030630,0,1
2024211419902,2024,211419902,3,19,0,-1,20,0,0,-1,0,0,0,0,0,0,0,9,-1,1,1,56,9,1248,2,9,FIAT FIORINO,6,E01010557,0,3
2024991531788,2024,991531788,2,19,0,-1,19,8,4,-1,0,0,0,0,1,0,1,1,-1,1,1,51,8,1248,2,11,FIAT FIORINO,4,-1,0,1
2024522402696,2024,522402696,1,19,0,9,9,7,5,0,0,5,0,0,0,0,3,1,6,6,1,59,9,1248,2,2,FIAT FIORINO,8,E01014974,0,1
2024461410880,2024,461410880,2,9,0,-1,19,2,6,-1,0,4,0,0,0,0,4,1,-1,9,1,38,7,-1,-1,-1,FIAT FIORINO,5,E01024674,0,1
2024141401514,2024,141401514,1,9,0,-1,19,8,4,-1,0,0,0,0,0,0,1,1,-1,2,1,60,9,1248,2,12,FIAT FIORINO,1,E01007791,0,1
2024010522344,2024,010522344,1,19,0,18,19,4,8,9,9,6,0,0,0,0,1,1,6,6,3,-1,-1,1248,2,11,FIAT FIORINO,-1,-1,0,-1
2024471505546,2024,471505546,2,19,0,-1,11,3,8,-1,0,1,0,0,0,0,2,1,-1,6,1,24,5,1248,2,5,FIAT FIORINO,8,E01021028,0,3
2024311473566,2024,311473566,1,9,0,-1,2,0,0,-1,0,5,0,0,0,0,1,1,-1,1,1,47,8,-1,-1,-1,FIAT FIORINO,1,E01013960,0,1
2024991524510,2024,991524510,1,19,0,-1,19,7,3,-1,0,0,0,0,0,0,1,1,-1,1,1,64,9,1248,2,12,FIAT FIORINO,10,-1,0,2
2024531405490,2024,531405490,1,19,0,-1,19,1,5,-1,0,0,0,0,0,0,1,1,-1,1,1,18,4,1248,2,2,FIAT FIORINO,4,E01022399,0,1
2024010486874,2024,010486874,1,19,0,5,5,6,2,0,0,2,0,0,0,0,1,1,6,6,1,60,9,1248,2,1,FIAT FIORINO,8,E01001568,0,1
2024461431349,2024,461431349,1,19,0,-1,5,1,5,-1,0,0,0,0,0,0,1,2,-1,9,1,35,6,1248,2,16,FIAT FIORINO,-1,-1,0,-1
2024131497437,2024,131497437,1,19,0,-1,19,1,5,-1,0,0,0,0,0,0,1,1,-1,6,1,18,4,1248,2,10,FIAT FIORINO,8,E01011767,0,2
2024361507093,2024,361507093,2,19,0,-1,19,3,7,-1,0,0,0,0,0,0,1,1,-1,2,1,36,7,1248,2,0,FIAT FIORINO,3,E01018081,0,4
2024461478647,2024,461478647,1,9,0,-1,19,5,3,-1,0,0,0,0,0,0,3,9,-1,2,1,30,6,-1,-1,-1,FIAT FIORINO,4,E01024767,0,3
2024010550968,2024,010550968,1,19,0,99,99,9,9,99,99,9,9,99,9,99,2,9,6,6,2,56,9,1248,2,3,FIAT FIORINO,2,E01024249,0,4
2024411512510,2024,411512510,1,19,0,-1,19,1,5,-1,0,1,0,0,0,0,1,1,-1,2,1,37,7,1248,2,9,FIAT FIORINO,5,E01023827,0,2
2024440480857,2024,440480857,2,9,0,2,2,0,0,0,0,0,0,0,0,0,1,1,6,6,3,-1,-1,-1,-1,-1,FIAT FIORINO,-1,-1,0,-1
2024010492055,2024,010492055,1,9,0,9,9,1,7,0,0,7,0,0,0,0,1,1,1,1,1,37,7,-1,-1,-1,FIAT FIORINO,3,E01001175,0,4
2024430612290,2024,430612290,2,21,0,9,9,4,2,0,0,6,0,0,0,0,1,1,6,6,1,-1,-1,-1,-1,-1,FIAT FIORINO,6,E01016502,0,1
2024451436516,2024,451436516,1,19,0,-1,19,7,3,-1,0,1,0,0,0,0,1,1,-1,6,3,30,6,1248,2,12,FIAT FIORINO,-1,-1,0,-1
2024411443997,2024,411443997,1,3,0,-1,19,7,5,-1,0,4,0,0,0,0,1,1,-1,6,1,21,5,125,1,8,HONDA GLR 125,3,E01017562,0,2
2024411425673,2024,411425673,2,3,-1,-1,-1,-1,-1,-1,-1,-1,-1,-1,-1,0,-1,1,-1,2,1,19,4,125,1,4,HONDA GLR 125,5,E01023900,0,1
2024430613923,2024,430613923,2,3,0,10,10,5,2,0,0,1,0,0,0,0,1,1,1,1,1,32,6,125,1,7,HONDA GLR 125,7,E01034785,0,3
2024552400222,2024,552400222,2,3,0,18,19,4,8,0,0,8,0,0,0,0,1,1,2,2,1,18,4,125,1,4,HONDA GLR 125,8,E01015389,0,1
2024302500071,2024,302500071,2,3,0,-1,19,6,2,-1,0,0,0,0,0,0,4,1,-1,6,1,44,7,125,1,-1,HONDA GLR 125,9,E01013580,0,1
2024010512288,2024,010512288,1,3,0,5,5,5,1,9,9,0,2,0,1,11,1,1,6,6,2,32,6,125,1,5,HONDA GLR 125,2,E01001848,0,2
2024421427678,2024,421427678,2,3,0,-1,19,7,4,-1,0,0,5,0,1,0,3,1,-1,2,1,19,4,125,1,5,HONDA GLR 125,1,E01015886,0,1
2024010539432,2024,010539432,1,3,0,99,99,9,9,99,99,9,9,99,9,99,1,1,6,6,1,23,5,125,1,9,HONDA GLR 125,1,E01000521,0,1
2024461534906,2024,461534906,1,3,0,-1,19,5,1,-1,0,0,0,4,0,0,1,1,-1,9,1,28,6,125,1,4,HONDA GLR 125,8,E01024451,0,4
2024302401147,2024,302401147,2,3,0,18,19,6,2,0,0,8,0,0,0,0,1,1,6,6,2,22,5,125,1,4,HONDA GLR 125,6,E01005830,0,2
2024320356730,2024,320356730,1,3,0,4,4,4,8,0,0,0,5,0,0,0,4,1,-1,-1,2,18,4,125,1,5,HONDA GLR 125,2,E01026156,0,2
2024211418467,2024,211418467,2,3,0,-1,19,5,1,-1,0,0,0,0,0,0,1,1,-1,2,1,21,5,125,1,6,HONDA GLR 125,5,E01029345,0,2
2024991454442,2024,991454442,2,3,0,-1,13,6,2,-1,0,8,5,0,0,0,1,1,-1,6,2,23,5,125,1,5,HONDA GLR 125,8,-1,0,1
2024501422566,2024,501422566,1,3,0,-1,19,4,8,-1,5,0,1,10,1,2,1,1,-1,6,1,19,4,125,1,6,HONDA GLR 125,4,E01015183,0,2
2024010510460,2024,010510460,2,3,0,15,15,5,1,0,0,0,0,0,0,0,3,1,1,1,1,43,7,125,1,7,HONDA GLR 125,2,E01002069,0,1
2024010524978,2024,010524978,1,3,0,9,9,7,5,0,0,1,0,0,0,0,4,1,1,1,1,27,6,125,1,5,HONDA GLR 125,3,E01001981,0,1
2024010520812,2024,010520812,2,3,0,99,99,9,9,99,99,9,9,99,9,99,9,1,6,6,3,-1,-1,125,1,4,HONDA GLR 125,-1,-1,0,-1
2024451529924,2024,451529924,1,3,0,-1,19,1,5,-1,0,0,0,0,0,0,1,1,-1,2,1,37,7,125,1,8,HONDA GLR 125,6,E01030737,0,1
2024991404091,2024,991404091,2,3,0,-1,19,8,4,-1,0,1,0,0,0,0,1,1,-1,6,1,19,4,125,1,8,HONDA GLR 125,1,-1,0,2
2024411432982,2024,411432982,2,3,0,-1,19,3,7,-1,0,1,0,0,0,0,4,1,-1,2,1,27,6,125,1,4,HONDA GLR 125,7,E01001411,0,2
2024430130934,2024,430130934,2,4,0,18,19,2,6,0,0,1,0,0,0,0,1,1,2,2,1,20,4,125,1,9,HONDA GLR 125,10,E01017780,0,1
2024141482664,2024,141482664,1,3,0,-1,19,7,3,-1,0,0,5,0,1,0,3,1,-1,9,1,22,5,125,1,7,HONDA GLR 125,3,E01007817,0,3
2024501413759,2024,501413759,2,3,0,-1,5,8,4,-1,0,8,0,0,0,0,1,1,-1,1,1,26,6,125,1,8,HONDA GLR 125,8,E01020061,0,3
2024041404562,2024,041404562,2,3,0,-1,19,2,6,-1,0,1,0,0,0,0,4,1,-1,2,1,29,6,125,1,4,HONDA GLR 125,4,E01025030,0,3
2024010523827,2024,010523827,1,3,0,18,19,1,5,2,2,8,0,0,0,0,4,1,2,2,1,39,7,125,1,8,HONDA GLR 125,5,E01001975,0,1
2024421478921,2024,421478921,1,3,0,-1,13,7,3,-1,0,1,0,0,0,0,1,1,-1,9,1,22,5,125,1,7,HONDA GLR 125,7,E01021372,0,1
2024351424935,2024,351424935,2,2,-1,-1,-1,-1,-1,-1,-1,-1,-1,-1,-1,0,-1,1,-1,6,1,33,6,125,1,4,HONDA GLR 125,1,E01015593,0,2
2024311451721,2024,311451721,1,4,0,-1,19,5,1,-1,0,1,0,0,0,0,1,1,-1,2,1,21,5,125,1,7,HONDA GLR 125,-1,-1,0,-1
2024010502079,2024,010502079,1,3,0,13,13,1,5,0,0,8,0,0,0,0,4,1,6,6,1,19,4,125,1,9,HONDA GLR 125,3,E01034484,0,1
2024361512681,2024,361512681,3,3,0,-1,19,4,8,-1,0,0,5,0,0,0,1,1,-1,6,1,-1,-1,125,1,9,HONDA GLR 125,2,E01026828,0,1
2024010489132,2024,010489132,2,3,0,16,19,6,1,0,0,8,1,0,0,0,1,1,6,6,1,53,8,125,1,6,HONDA GLR 125,3,E01004405,0,2
2024010534570,2024,010534570,1,3,0,99,99,9,9,99,99,9,9,99,9,99,9,1,2,2,1,33,6,125,1,9,HONDA GLR 125,2,E01001716,0,1
2024010530007,2024,010530007,2,3,0,18,19,5,1,0,0,8,0,4,0,0,1,1,2,2,1,45,7,125,1,4,HONDA GLR 125,2,E01004456,0,4
2024440329647,2024,440329647,1,3,0,18,19,2,6,0,0,0,0,0,0,0,1,1,6,6,1,19,4,125,1,6,HONDA GLR 125,5,E01017221,0,1
2024010504515,2024,010504515,1,3,0,4,4,7,3,0,0,2,0,10,1,0,1,1,1,1,1,31,6,125,1,8,HONDA GLR 125,2,E01030599,0,3
2024411479489,2024,411479489,2,3,0,-1,19,-1,-1,-1,0,1,0,0,0,0,9,1,-1,2,1,37,7,125,1,5,HONDA GLR 125,2,E01023404,0,1
2024302401397,2024,302401397,1,4,0,18,19,7,3,0,0,8,0,0,0,0,1,1,2,2,2,22,5,125,1,6,HONDA GLR 125,1,E01019561,0,1
2024451519272,2024,451519272,1,3,0,-1,5,3,7,-1,0,0,0,4,0,0,1,1,-1,2,1,27,6,125,1,5,HONDA GLR 125,10,E01002951,0,2
202460Q110460,2024,60Q110460,2,3,0,18,19,2,6,0,0,1,5,0,7,0,3,1,6,6,1,22,5,125,1,5,HONDA GLR 125,-1,-1,0,-1
2024440345082,2024,440345082,2,3,0,18,19,6,2,0,0,8,0,0,0,0,1,1,6,6,1,24,5,125,1,6,HONDA GLR 125,3,E01022487,0,2
202460Q099644,2024,60Q099644,2,2,0,18,19,6,8,0,0,8,0,0,0,0,1,1,2,2,1,24,5,125,1,8,HONDA GLR 125,-1,-1,0,-1
2024411519803,2024,411519803,1,3,0,-1,19,3,7,-1,0,4,0,0,0,0,1,1,-1,6,2,32,6,125,1,8,HONDA GLR 125,4,E01023797,0,2
2024041494701,2024,041494701,2,3,0,-1,19,1,5,-1,0,1,1,0,0,0,1,1,-1,6,1,38,7,125,1,9,HONDA GLR 125,2,E01012608,0,3
2024122401125,2024,122401125,1,3,0,18,19,3,6,0,0,1,0,0,0,0,1,1,2,2,1,44,7,125,1,5,HONDA GLR 125,3,E01025172,0,4
2024010498005,2024,010498005,2,3,0,18,19,3,7,0,0,1,0,0,0,0,1,1,2,2,1,58,9,125,1,7,HONDA GLR 125,9,E01003794,0,2
2024401523143,2024,401523143,1,3,0,-1,9,1,5,-1,0,0,1,0,1,0,1,1,-1,2,1,19,4,125,1,9,HONDA GLR 125,5,E01034427,0,2
2024501508937,2024,501508937,1,3,0,-1,19,4,8,-1,0,1,0,0,0,0,1,1,-1,9,1,17,4,125,1,8,HONDA GLR 125,4,E01018887,0,1
2024471426924,2024,471426924,2,3,0,-1,13,2,6,-1,0,1,0,0,0,0,1,1,-1,6,1,19,4,125,1,7,HONDA GLR 125,3,E01021090,0,3
2024361490936,2024,361490936,1,3,0,-1,19,7,3,-1,0,0,0,0,0,0,1,1,-1,9,1,18,4,125,1,7,HONDA GLR 125,6,E01026886,0,1
2024461495005,2024,461495005,1,3,0,-1,19,3,7,-1,0,0,0,0,0,0,1,1,-1,6,1,22,5,125,1,8,HONDA GLR 125,7,E01024094,0,1
2024371540305,2024,371540305,2,3,0,-1,19,6,2,-1,0,0,2,0,1,0,0,1,-1,9,1,20,4,125,1,7,HONDA GLR 125,7,E01030065,0,3
2024111402685,2024,111402685,1,3,0,-1,19,7,3,-1,0,4,1,10,3,0,1,1,-1,1,1,23,5,125,1,8,HONDA GLR 125,1,E01012341,0,2
2024010502585,2024,010502585,1,3,0,18,19,3,7,0,0,2,0,0,0,0,1,1,6,6,1,39,7,125,1,7,HONDA GLR 125,2,E01000527,0,1
2024461457073,2024,461457073,1,3,0,-1,13,5,1,-1,0,8,1,0,0,0,0,1,-1,2,1,21,5,125,1,5,HONDA GLR 125,8,E01024237,0,1
2024010520043,2024,010520043,1,3,0,5,5,3,7,0,0,8,0,10,0,0,3,1,2,2,1,27,6,125,1,7,HONDA GLR 125,3,E01001620,0,1
2024501437165,2024,501437165,1,3,0,-1,19,2,6,-1,0,8,1,0,0,0,1,1,-1,6,1,62,9,125,1,8,HONDA GLR 125,4,E01015059,0,1
2024010546032,2024,010546032,1,3,0,18,19,5,1,0,0,1,0,0,0,0,4,1,6,6,1,27,6,125,1,4,HONDA GLR 125,-1,-1,0,-1
2024351530691,2024,351530691,1,3,0,-1,19,6,2,-1,0,0,0,0,0,0,4,1,-1,9,1,19,4,125,1,7,HONDA GLR 125,3,E01029938,0,3
2024201504961,2024,201504961,2,4,0,-1,19,1,5,-1,2,1,0,0,0,0,1,1,-1,9,1,22,5,125,1,5,HONDA GLR 125,1,E01009323,0,2
2024010551523,2024,010551523,1,3,0,18,19,1,5,0,0,0,5,0,0,0,1,1,6,6,1,29,6,125,1,9,HONDA GLR 125,6,E01035699,0,1
2024010497696,2024,010497696,1,3,9,99,99,9,9,99,99,9,9,99,9,99,9,1,6,6,1,31,6,125,1,4,HONDA GLR 125,3,E01000510,0,1
2024010547468,2024,010547468,1,3,0,14,14,1,5,0,0,8,0,0,0,0,1,1,6,6,2,20,4,125,1,8,HONDA GLR 125,4,E01004034,0,1
2024101480044,2024,101480044,1,3,0,-1,19,5,1,-1,0,0,1,0,7,0,1,1,-1,2,1,24,5,125,1,6,HONDA GLR 125,5,E01027368,0,3
2024451485547,2024,451485547,1,3,0,-1,3,1,5,-1,0,0,0,0,7,0,2,1,-1,9,2,62,9,125,1,7,HONDA GLR 125,6,E01021205,0,4
2024501500028,2024,501500028,1,3,0,-1,19,3,7,-1,0,0,1,0,0,0,3,1,-1,6,1,17,4,125,1,7,HONDA GLR 125,3,E01020155,0,3
2024471400783,2024,471400783,2,3,0,-1,19,1,5,-1,0,8,0,0,0,0,4,1,-1,2,1,25,5,125,1,8,HONDA GLR 125,7,E01031398,0,1
2024041396569,2024,041396569,1,3,0,-1,13,6,2,-1,0,0,0,0,0,0,1,1,-1,6,1,18,4,125,1,9,HONDA GLR 125,2,E01025305,0,1
2024552400867,2024,552400867,2,4,0,18,19,8,4,0,0,8,0,0,0,0,3,1,6,6,1,20,4,125,1,8,HONDA GLR 125,1,E01015288,0,1
2024540085424,2024,540085424,1,3,0,18,19,4,1,0,0,1,0,0,0,0,1,1,2,2,1,18,4,125,1,5,HONDA GLR 125,9,E01032102,0,1
2024161460418,2024,161460418,2,3,0,-1,13,4,8,-1,0,3,1,0,0,0,4,1,-1,9,1,25,5,125,1,5,HONDA GLR 125,1,E01013203,0,1
2024461496344,2024,461496344,2,4,0,-1,5,7,3,-1,0,8,0,0,0,0,3,1,-1,1,1,35,6,125,1,5,HONDA GLR 125,3,E01016044,0,1
2024010499303,2024,010499303,2,4,0,10,10,3,8,0,0,1,0,0,0,0,1,1,6,6,2,25,5,125,1,7,HONDA GLR 125,3,E01004575,0,1
2024311439304,2024,311439304,1,3,0,-1,2,8,4,-1,0,0,5,0,0,0,1,1,-1,6,1,36,7,125,1,9,HONDA GLR 125,1,E01013919,0,1
2024061532810,2024,061532810,2,3,0,-1,19,1,5,-1,0,2,0,0,0,0,1,1,-1,6,1,31,6,125,1,7,HONDA GLR 125,4,E01032684,0,1
2024111427277,2024,111427277,1,3,0,-1,19,3,7,-1,0,1,0,0,0,0,1,1,-1,6,1,17,4,125,1,4,HONDA GLR 125,2,E01020648,0,1
2024311425922,2024,311425922,1,3,0,-1,19,5,1,-1,0,1,0,0,0,0,1,1,-1,7,1,17,4,125,1,7,HONDA GLR 125,-1,-1,0,-1
2024351444985,2024,351444985,1,3,0,-1,19,7,1,-1,0,2,1,7,1,0,4,1,-1,6,2,21,5,125,1,4,HONDA GLR 125,4,E01018044,0,1
2024451480348,2024,451480348,1,3,0,-1,4,1,5,-1,0,0,0,10,0,0,0,1,-1,6,1,49,8,125,1,4,HONDA GLR 125,5,E01030980,0,3
2024430196833,2024,430196833,1,3,0,14,14,7,3,0,0,1,0,0,0,0,1,1,6,6,1,21,5,125,1,5,HONDA GLR 125,10,E01017765,0,1
2024141473602,2024,141473602,1,3,0,-1,19,1,4,-1,0,0,0,0,0,0,3,1,-1,9,1,59,9,125,1,7,HONDA GLR 125,6,E01008087,0,1
2024430224146,2024,430224146,1,3,0,14,14,0,0,0,0,8,0,0,0,0,1,1,1,1,1,23,5,125,1,9,HONDA GLR 125,4,E01016485,0,1
2024101495326,2024,101495326,1,3,0,-1,19,1,6,-1,0,0,0,0,1,2,1,1,-1,2,2,17,4,125,1,7,HONDA GLR 125,8,E01008446,0,1
2024010507535,2024,010507535,1,3,0,99,99,9,9,99,99,1,9,99,9,99,9,1,2,2,1,44,7,125,1,7,HONDA GLR 125,3,E01000510,0,1
2024302400362,2024,302400362,1,3,0,18,19,5,1,0,0,0,1,0,1,0,1,1,6,6,1,23,5,125,1,6,HONDA GLR 125,4,E01006049,0,2
2024451524073,2024,451524073,2,3,0,-1,4,5,1,-1,0,0,2,0,0,0,2,1,-1,2,1,35,6,125,1,7,HONDA GLR 125,9,E01030685,0,1
2024401457613,2024,401457613,1,3,0,-1,19,3,1,-1,0,8,0,0,0,0,4,1,-1,6,1,18,4,125,1,8,HONDA GLR 125,6,E01017571,0,2
2024010546928,2024,010546928,1,3,0,99,99,9,9,99,99,1,9,99,9,99,9,1,1,1,3,31,6,125,1,4,HONDA GLR 125,2,E01001978,0,3
2024211512088,2024,211512088,2,3,0,-1,19,4,8,-1,0,1,5,0,0,0,1,1,-1,6,1,18,4,125,1,7,HONDA GLR 125,9,E01029601,0,2
2024131501347,2024,131501347,2,3,0,-1,19,3,7,-1,0,8,0,0,0,0,4,1,-1,1,2,20,4,125,1,4,HONDA GLR 125,9,E01011180,0,3
2024501425608,2024,501425608,1,3,0,-1,19,5,1,-1,0,0,0,0,0,0,3,1,-1,2,1,19,4,125,1,5,HONDA GLR 125,7,E01020205,0,3
2024421396182,2024,421396182,2,3,0,-1,19,1,5,-1,0,0,0,0,0,0,3,1,-1,6,1,49,8,125,1,8,HONDA GLR 125,1,E01002040,0,4
2024141496580,2024,141496580,2,3,0,-1,19,8,4,-1,0,1,0,0,3,0,1,1,-1,2,1,42,7,125,1,5,HONDA GLR 125,8,E01008130,0,1
2024421485588,2024,421485588,2,3,0,-1,19,3,8,-1,0,8,0,0,0,0,4,1,-1,2,1,21,5,125,1,6,HONDA GLR 125,6,E01021917,0,2
2024010497995,2024,010497995,1,3,0,17,19,5,1,0,0,0,0,10,1,2,4,1,6,6,1,21,5,125,1,9,HONDA GLR 125,4,E01001261,0,1
2024552400635,2024,552400635,1,3,0,18,19,5,1,0,0,1,0,0,0,0,1,1,2,2,1,24,5,125,1,6,HONDA GLR 125,1,E01015288,0,1
2024471426260,2024,471426260,1,3,0,-1,7,7,3,-1,0,1,2,0,0,0,3,1,-1,9,1,17,4,125,1,8,HONDA GLR 125,5,E01031818,0,1
2024430310805,2024,430310805,1,3,0,16,19,7,1,0,0,0,1,0,0,0,3,1,6,6,2,19,4,125,1,8,HONDA GLR 125,7,E01032390,0,4
2024461517039,2024,461517039,1,3,0,-1,11,5,1,-1,0,0,0,0,0,0,1,1,-1,6,1,30,6,125,1,8,HONDA GLR 125,5,E01033091,0,4
2024161422517,2024,161422517,2,3,0,-1,19,6,2,-1,0,1,0,0,0,0,3,1,-1,2,1,17,4,125,1,8,HONDA GLR 125,1,E01013140,0,1
2024522401514,2024,522401514,2,3,0,14,14,8,4,0,0,0,0,0,0,0,4,1,6,6,1,20,4,125,1,6,HONDA GLR 125,7,E01014945,0,1
2024010548361,2024,010548361,2,3,0,13,13,7,3,0,0,8,5,0,0,0,4,1,2,2,1,46,8,125,1,4,HONDA GLR 125,6,E01002680,0,2
2024041464027,2024,041464027,1,3,0,-1,4,6,2,-1,0,1,0,0,0,0,1,1,-1,6,1,24,5,125,1,5,HONDA GLR 125,8,E01025542,0,1
2024010527147,2024,010527147,1,3,9,3,3,9,9,99,99,1,9,99,9,99,9,1,6,6,1,35,6,125,1,8,HONDA GLR 125,6,E01002335,0,1