collision_index,collision_year,collision_ref_no,vehicle_reference,vehicle_type,towing_and_articulation,vehicle_manoeuvre_historic,vehicle_manoeuvre,vehicle_direction_from,vehicle_direction_to,vehicle_location_restricted_lane_historic,vehicle_location_restricted_lane,junction_location,skidding_and_overturning,hit_object_in_carriageway,vehicle_leaving_carriageway,hit_object_off_carriageway,first_point_of_impact,vehicle_left_hand_drive,journey_purpose_of_driver_historic,journey_purpose_of_driver,sex_of_driver,age_of_driver,age_band_of_driver,engine_capacity_cc,propulsion_code,age_of_vehicle,generic_make_model,driver_imd_decile,lsoa_of_driver,escooter_flag,driver_distance_banding
2024332400714,2024,332400714,1,3,0,-1,19,4,8,-1,0,8,1,0,0,0,4,1,-1,2,1,33,6,125,1,9,HONDA GLR 125,-1,-1,0,-1
2024361450245,2024,361450245,1,3,0,-1,19,6,2,-1,0,0,0,0,0,0,4,1,-1,6,1,31,6,125,1,7,HONDA GLR 125,2,E01026607,0,4
2024010529627,2024,010529627,1,3,0,18,19,7,3,0,0,1,0,0,0,0,4,1,6,6,1,24,5,125,1,8,HONDA GLR 125,4,E01003376,0,1
2024161394298,2024,161394298,1,3,-1,-1,13,5,1,-1,0,2,0,10,0,0,1,1,-1,9,1,-1,-1,125,1,6,HONDA GLR 125,-1,-1,0,-1
2024522403431,2024,522403431,2,3,0,17,19,2,7,0,0,8,0,0,0,0,1,1,6,6,1,32,6,125,1,4,HONDA GLR 125,1,E01014608,0,1
2024010518638,2024,010518638,1,3,0,99,99,9,9,99,99,0,9,99,9,99,9,1,2,2,1,32,6,125,1,8,HONDA GLR 125,4,E01003730,0,2
2024131502606,2024,131502606,2,4,0,-1,9,7,5,-1,0,8,0,0,0,0,4,1,-1,2,1,31,6,125,1,5,HONDA GLR 125,1,E01011045,0,1
2024991455016,2024,991455016,5,4,0,-1,19,7,2,-1,0,1,0,0,0,0,0,1,-1,9,1,31,6,125,1,4,HONDA GLR 125,-1,-1,0,-1
2024421467421,2024,421467421,2,3,0,-1,19,3,7,-1,0,8,0,0,0,0,1,1,-1,9,1,30,6,125,1,4,HONDA GLR 125,6,E01003703,0,1
2024461506425,2024,461506425,1,3,0,-1,19,2,6,-1,0,1,0,0,0,0,1,1,-1,6,1,-1,-1,125,1,8,HONDA GLR 125,-1,-1,0,-1
2024430449831,2024,430449831,2,3,0,18,19,2,6,0,0,1,2,0,0,0,1,1,6,6,1,18,4,125,1,4,HONDA GLR 125,-1,-1,0,-1
2024361428796,2024,361428796,1,3,0,-1,19,3,7,-1,0,0,5,0,0,0,1,1,-1,2,1,20,4,125,1,7,HONDA GLR 125,5,E01026940,0,2
2024010525752,2024,010525752,1,3,0,16,19,3,5,0,0,2,0,0,1,0,1,1,6,6,1,49,8,125,1,7,HONDA GLR 125,-1,-1,0,-1
2024531461942,2024,531461942,1,3,0,-1,19,2,6,-1,0,0,0,4,0,0,1,1,-1,9,1,23,5,125,1,7,HONDA GLR 125,9,W01001578,0,2
2024010541078,2024,010541078,3,3,0,4,4,7,3,0,0,1,0,0,0,0,2,1,6,6,1,28,6,125,1,5,HONDA GLR 125,4,E01002098,0,4
2024371522579,2024,371522579,2,3,0,-1,14,1,5,-1,0,1,0,0,0,0,4,1,-1,9,1,20,4,125,1,5,HONDA GLR 125,8,E01033429,0,2
2024371487023,2024,371487023,2,3,0,-1,19,8,4,-1,0,1,0,0,1,0,3,1,-1,2,1,20,4,125,1,7,HONDA GLR 125,7,E01029896,0,3
2024010503912,2024,010503912,1,3,0,99,99,9,9,99,99,9,9,99,9,99,9,1,1,1,3,34,6,125,1,4,HONDA GLR 125,5,E01030814,0,4
2024070059603,2024,070059603,2,3,0,5,5,4,2,0,0,8,0,0,0,0,1,1,6,6,1,38,7,125,1,9,HONDA GLR 125,1,E01005230,0,4
2024010538401,2024,010538401,1,3,0,13,13,5,1,0,0,1,2,0,0,0,2,1,4,7,1,19,4,125,1,8,HONDA GLR 125,3,E01034140,0,1
2024010548674,2024,010548674,2,3,0,18,19,8,4,0,0,1,0,0,0,0,4,1,4,7,1,24,5,125,1,5,HONDA GLR 125,8,E01021444,0,3
2024361514114,2024,361514114,1,3,0,-1,19,1,5,-1,0,1,0,0,0,0,1,1,-1,9,1,23,5,125,1,7,HONDA GLR 125,-1,-1,0,-1
2024010506421,2024,010506421,1,3,0,18,19,1,5,0,0,0,0,10,1,0,2,1,6,6,1,24,5,125,1,8,HONDA GLR 125,5,E01001677,0,2
2024622400341,2024,622400341,2,2,0,18,19,8,4,0,0,8,0,0,0,0,4,1,6,6,1,18,4,125,1,7,HONDA GLR 125,9,W01000828,0,3
202454C363624,2024,54C363624,1,3,0,13,13,3,7,0,0,1,0,0,7,0,1,1,6,6,1,17,4,125,1,3,HONDA GLR 125,8,E01031940,0,1
2024461563775,2024,461563775,1,3,0,-1,19,5,1,-1,0,6,0,0,0,0,1,1,-1,1,2,31,6,125,1,8,HONDA GLR 125,2,E01024391,0,1
2024351534361,2024,351534361,1,3,0,-1,13,5,1,-1,0,8,0,0,0,0,4,1,-1,6,2,21,5,125,1,5,HONDA GLR 125,10,E01018301,0,1
2024201425249,2024,201425249,2,4,0,-1,7,6,8,-1,0,6,0,0,0,0,4,1,-1,6,1,36,7,125,1,8,HONDA GLR 125,3,E01008933,0,1
2024320352120,2024,320352120,1,3,0,9,9,2,7,0,0,6,0,0,1,0,3,1,-1,-1,1,18,4,125,1,4,HONDA GLR 125,8,E01026314,0,4
2024221491919,2024,221491919,1,2,0,-1,19,8,3,-1,0,0,1,0,0,0,1,1,-1,6,1,16,4,50,1,12,-1,5,E01014079,0,1
2024501399717,2024,501399717,1,9,0,-1,19,5,1,-1,0,8,0,0,0,0,1,9,-1,2,1,47,8,1332,1,13,MITSUBISHI COLT,6,E01020283,0,4
2024461425226,2024,461425226,1,9,0,-1,7,-1,-1,-1,-1,0,-1,-1,-1,0,-1,9,-1,6,2,79,11,1332,1,16,MITSUBISHI COLT,8,E01024076,0,1
2024041470958,2024,041470958,1,9,0,-1,19,1,5,-1,0,0,0,4,0,0,1,1,-1,9,1,83,11,1332,1,14,MITSUBISHI COLT,9,E01025328,0,1
2024010501167,2024,010501167,1,9,0,18,19,3,7,0,0,8,0,0,0,0,1,1,2,2,1,52,8,1124,1,19,MITSUBISHI COLT,2,E01001181,0,2
2024421505681,2024,421505681,1,9,0,-1,19,7,3,-1,0,0,0,10,0,0,1,1,-1,6,1,54,8,1499,1,16,MITSUBISHI COLT,4,E01022018,0,1
2024991444695,2024,991444695,1,9,0,-1,19,6,2,-1,0,0,2,0,7,4,3,1,-1,9,2,55,8,1332,1,19,MITSUBISHI COLT,6,-1,0,3
2024211534044,2024,211534044,1,9,0,-1,19,5,1,-1,9,1,0,0,7,0,2,1,-1,6,1,24,5,1124,1,15,MITSUBISHI COLT,-1,-1,0,-1
2024520403209,2024,520403209,2,9,0,4,4,2,6,0,0,1,0,0,0,0,1,1,6,6,2,53,8,1332,1,11,MITSUBISHI COLT,6,E01029080,0,2
2024421397636,2024,421397636,1,9,0,-1,19,7,3,-1,0,6,0,0,0,0,1,1,-1,1,2,44,7,1332,1,14,MITSUBISHI COLT,2,E01021576,0,1
2024332400345,2024,332400345,2,9,0,-1,3,7,3,-1,0,1,0,0,2,1,2,1,-1,9,1,22,5,1460,1,15,MITSUBISHI COLT,-1,-1,0,-1
2024451426826,2024,451426826,3,9,0,-1,19,5,1,-1,0,0,0,0,0,0,2,1,-1,9,2,70,10,1332,1,15,MITSUBISHI COLT,7,E01030466,0,2
2024421518722,2024,421518722,1,9,0,-1,19,1,5,-1,0,1,0,0,0,0,1,9,-1,6,1,-1,-1,1124,1,16,MITSUBISHI COLT,-1,-1,0,-1
2024991490250,2024,991490250,1,9,0,-1,7,7,4,-1,0,2,0,0,1,1,1,1,-1,9,2,21,5,1332,1,15,MITSUBISHI COLT,10,-1,0,1
2024522403113,2024,522403113,1,9,0,17,19,4,1,0,0,8,0,0,0,0,1,1,6,6,1,21,5,1124,1,18,MITSUBISHI COLT,4,E01014961,0,2
2024311414452,2024,311414452,1,9,0,-1,5,5,1,-1,0,6,0,0,0,0,1,9,-1,6,2,34,6,1332,1,15,MITSUBISHI COLT,2,E01028304,0,1
2024440387693,2024,440387693,2,9,0,18,19,1,4,0,0,0,0,0,0,0,1,1,2,2,1,44,7,1332,1,15,MITSUBISHI COLT,3,E01017341,0,2
2024161493608,2024,161493608,1,9,0,-1,19,5,1,-1,0,1,0,0,0,0,1,1,-1,2,1,47,8,1332,1,13,MITSUBISHI COLT,10,E01012926,0,2
2024320558864,2024,320558864,1,9,0,-1,-1,4,8,0,0,8,1,0,0,0,3,1,-1,-1,1,38,7,1124,1,17,MITSUBISHI COLT,4,E01026067,0,3
2024201440741,2024,201440741,1,9,0,-1,1,6,2,-1,0,0,0,4,0,0,2,1,-1,6,1,35,6,1124,1,17,MITSUBISHI COLT,-1,-1,0,-1
2024010532401,2024,010532401,1,9,0,18,19,7,3,0,0,9,0,0,0,0,3,9,6,6,2,47,8,1332,1,11,MITSUBISHI COLT,8,E01004053,0,2
2024141460342,2024,141460342,1,9,0,-1,19,8,4,-1,0,1,0,0,0,0,1,9,-1,6,1,43,7,1332,1,15,MITSUBISHI COLT,1,E01008122,0,1
2024311560322,2024,311560322,1,9,0,-1,19,5,1,-1,0,0,0,0,0,0,2,1,-1,6,1,38,7,1124,1,17,MITSUBISHI COLT,1,E01013960,0,2
2024991468976,2024,991468976,1,9,0,-1,19,7,3,-1,0,0,0,0,0,0,1,1,-1,6,1,82,11,1124,1,14,MITSUBISHI COLT,1,-1,0,1
2024451425885,2024,451425885,2,9,0,-1,4,1,1,-1,0,0,0,0,0,0,1,1,-1,2,1,62,9,1332,1,16,MITSUBISHI COLT,5,E01021000,0,4
2024471442289,2024,471442289,2,9,0,-1,5,1,5,-1,0,1,0,0,0,0,2,1,-1,9,2,52,8,1332,1,13,MITSUBISHI COLT,4,E01021004,0,1
2024520402021,2024,520402021,1,9,0,18,19,5,1,0,0,8,0,9,1,2,4,1,6,6,2,20,4,1332,1,17,MITSUBISHI COLT,9,E01032058,0,3
2024501507647,2024,501507647,1,9,0,-1,9,7,5,-1,0,1,0,0,0,0,1,1,-1,2,2,42,7,1332,1,14,MITSUBISHI COLT,2,E01019990,0,1
2024061424710,2024,061424710,2,9,0,-1,7,-1,-1,-1,0,6,0,0,0,0,1,1,-1,6,1,-1,-1,1332,1,13,MITSUBISHI COLT,-1,-1,0,-1
2024201469334,2024,201469334,1,9,0,-1,19,4,8,-1,0,0,0,10,3,10,1,9,-1,6,1,21,5,1124,1,17,MITSUBISHI COLT,1,E01033890,0,1
202417S305224,2024,17S305224,1,9,0,-1,3,3,7,-1,0,1,0,0,0,0,2,1,-1,9,2,18,4,1124,1,16,MITSUBISHI COLT,7,E01012344,0,2
2024302400344,2024,302400344,2,9,0,9,9,5,3,0,0,8,1,0,0,0,3,1,6,6,2,47,8,1332,1,13,MITSUBISHI COLT,2,E01013588,0,1
2024010528415,2024,010528415,1,9,0,4,4,1,5,0,0,1,0,0,0,0,2,1,2,2,2,57,9,1332,1,14,MITSUBISHI COLT,9,E01002415,0,2
2024221430412,2024,221430412,1,9,0,-1,19,8,4,-1,0,0,2,0,7,1,1,9,-1,6,1,18,4,1124,1,17,MITSUBISHI COLT,7,W01000470,0,1
2024010502830,2024,010502830,1,9,0,18,19,5,1,0,0,4,0,0,0,0,1,1,6,6,3,-1,-1,1124,1,13,MITSUBISHI COLT,-1,-1,0,-1
2024010542629,2024,010542629,2,9,0,5,5,1,5,0,0,1,0,0,0,0,4,1,6,6,1,51,8,1332,1,11,MITSUBISHI COLT,8,E01001521,0,1
2024340WN0012,2024,340WN0012,2,9,0,-1,19,7,3,-1,0,4,0,0,0,0,1,1,-1,6,1,56,9,1124,1,17,MITSUBISHI COLT,2,E01027241,0,2
2024461411725,2024,461411725,1,9,0,-1,19,7,3,-1,0,2,5,4,0,0,1,1,-1,9,1,28,6,1332,1,18,MITSUBISHI COLT,2,E01024214,0,1
2024361405352,2024,361405352,1,9,0,-1,8,8,4,-1,0,1,0,0,0,0,3,9,-1,6,2,36,7,1499,1,16,MITSUBISHI COLT,1,E01030247,0,4
2024311526988,2024,311526988,1,9,0,-1,19,4,8,-1,0,0,0,11,1,0,1,1,-1,6,3,35,6,1332,1,14,MITSUBISHI COLT,2,E01028318,0,1
2024161457261,2024,161457261,1,9,0,-1,7,3,6,-1,0,5,0,0,0,0,4,1,-1,2,1,24,5,1124,1,17,MITSUBISHI COLT,3,E01013272,0,4
2024541250824,2024,541250824,1,9,0,4,4,5,1,0,0,1,0,0,0,0,1,1,6,6,2,42,7,1493,2,17,MITSUBISHI COLT,5,E01015519,0,1
2024010523884,2024,010523884,2,9,0,99,99,9,9,99,99,9,9,99,9,99,9,9,6,6,3,-1,-1,1124,1,17,MITSUBISHI COLT,-1,-1,0,-1
2024131430573,2024,131430573,1,9,0,-1,5,1,8,-1,0,1,0,0,0,0,0,1,-1,6,2,67,10,1332,1,14,MITSUBISHI COLT,7,E01011072,0,1
2024141486421,2024,141486421,1,9,0,-1,19,4,8,-1,0,1,1,11,1,5,1,1,-1,6,1,25,5,1468,1,19,MITSUBISHI COLT,1,E01007708,0,1
2024010492213,2024,010492213,1,9,0,1,1,1,3,0,0,1,0,0,0,0,1,1,6,6,1,53,8,1124,1,16,MITSUBISHI COLT,4,E01003688,0,2
2024471507376,2024,471507376,1,9,0,-1,19,8,4,-1,0,1,0,0,0,0,2,1,-1,1,1,30,6,1332,1,17,MITSUBISHI COLT,10,E01016983,0,1
2024201501484,2024,201501484,1,9,0,-1,11,5,8,-1,0,0,0,0,0,0,4,9,-1,9,2,38,7,1124,1,19,MITSUBISHI COLT,5,E01010399,0,3
2024430572566,2024,430572566,2,9,0,18,19,5,1,0,0,1,0,0,0,0,1,1,1,1,1,30,6,1332,1,15,MITSUBISHI COLT,-1,-1,0,-1
2024010531420,2024,010531420,2,9,0,4,4,1,5,0,0,0,0,0,0,0,1,1,6,6,1,31,6,1124,1,17,MITSUBISHI COLT,9,E01000230,0,1
2024501404753,2024,501404753,1,9,0,-1,19,2,6,-1,0,0,1,0,7,11,4,9,-1,2,2,34,6,1332,1,16,MITSUBISHI COLT,3,E01015056,0,3
2024552400612,2024,552400612,1,9,0,9,9,4,2,0,0,6,0,0,0,0,3,1,2,2,2,19,4,1124,1,18,MITSUBISHI COLT,7,E01029192,0,3
2024351479605,2024,351479605,1,9,0,-1,19,1,6,-1,0,0,0,0,8,9,1,1,-1,9,1,23,5,1493,2,17,MITSUBISHI COLT,10,E01018124,0,2
2024540641324,2024,540641324,1,9,0,18,19,8,4,0,0,0,1,0,7,11,3,1,1,1,2,22,5,1124,1,17,MITSUBISHI COLT,8,E01022313,0,4
2024070505441,2024,070505441,1,9,0,7,7,6,8,0,0,1,0,0,0,0,4,1,6,6,2,33,6,1124,1,18,MITSUBISHI COLT,2,E01018486,0,1
2024622400160,2024,622400160,1,9,0,18,19,8,4,0,0,2,0,0,0,0,1,1,2,2,2,54,8,1332,1,16,MITSUBISHI COLT,3,W01001080,0,3
2024430109212,2024,430109212,1,9,0,9,9,4,2,0,0,6,0,0,0,0,1,1,6,6,2,69,10,1332,1,16,MITSUBISHI COLT,8,E01016303,0,2
2024622400419,2024,622400419,2,9,0,2,2,0,0,0,0,0,0,0,0,0,2,1,6,6,3,-1,-1,1332,1,15,MITSUBISHI COLT,-1,-1,0,-1
2024520500323,2024,520500323,2,9,0,18,19,9,9,0,0,4,0,0,0,0,1,1,6,6,1,67,10,1124,1,17,MITSUBISHI COLT,3,E01029280,0,1
2024411445626,2024,411445626,3,9,0,-1,9,5,2,-1,0,1,0,0,0,0,1,1,-1,2,2,49,8,1332,1,17,MITSUBISHI COLT,3,E01003539,0,4
2024010510556,2024,010510556,2,9,0,18,19,5,1,0,0,4,0,0,0,0,1,1,1,1,1,48,8,1124,1,16,MITSUBISHI COLT,7,E01002323,0,1
2024311504909,2024,311504909,1,9,0,-1,19,1,5,-1,0,6,0,0,0,0,1,1,-1,9,1,74,10,1332,1,13,MITSUBISHI COLT,8,E01028170,0,1
2024991398286,2024,991398286,1,9,0,-1,19,1,5,-1,0,0,2,0,1,0,1,1,-1,6,2,33,6,1332,1,15,MITSUBISHI COLT,5,-1,0,3
2024440195395,2024,440195395,2,9,0,4,4,2,6,0,0,0,0,0,0,0,2,1,2,2,1,31,6,1493,2,18,MITSUBISHI COLT,7,E01023282,0,1
2024451448766,2024,451448766,1,9,0,-1,19,8,8,-1,0,8,0,0,1,3,3,1,-1,9,1,23,5,1332,1,15,MITSUBISHI COLT,5,E01030995,0,1
2024061429793,2024,061429793,1,9,0,-1,19,-1,-1,-1,0,8,1,0,0,0,2,1,-1,9,1,45,7,1124,1,14,MITSUBISHI COLT,2,E01005308,0,1
2024161481110,2024,161481110,1,9,0,-1,19,6,2,-1,0,8,0,0,0,0,1,1,-1,6,1,39,7,1124,1,19,MITSUBISHI COLT,2,E01012872,0,1
2024401485305,2024,401485305,2,9,0,-1,7,-1,-1,-1,0,3,1,0,0,0,2,1,-1,9,1,38,7,1124,1,18,MITSUBISHI COLT,6,E01017962,0,4
2024991449710,2024,991449710,1,9,0,-1,2,2,5,-1,-1,0,0,0,0,0,3,1,-1,9,1,35,6,1332,1,14,MITSUBISHI COLT,8,-1,0,1
2024461520170,2024,461520170,1,9,0,-1,19,3,7,-1,0,0,2,0,0,0,3,1,-1,2,1,27,6,1332,1,15,MITSUBISHI COLT,2,E01024257,0,2
2024411493459,2024,411493459,1,9,0,-1,5,4,7,-1,0,6,0,0,0,0,1,1,-1,2,2,36,7,1493,2,17,MITSUBISHI COLT,5,E01017579,0,3
2024522402189,2024,522402189,1,9,0,18,19,3,6,0,0,0,5,0,7,10,1,1,6,6,1,17,4,1124,1,18,MITSUBISHI COLT,8,E01014918,0,2
2024231418426,2024,231418426,1,9,0,-1,19,8,4,-1,0,0,2,0,7,0,1,1,-1,9,1,29,6,1468,1,14,MITSUBISHI COLT,9,E01031227,0,1
2024522402305,2024,522402305,1,9,0,3,3,4,8,0,0,1,0,0,0,0,2,1,6,6,2,37,7,1124,1,18,MITSUBISHI COLT,7,E01015524,0,4
2024522402831,2024,522402831,1,9,0,3,3,4,8,0,0,0,0,0,0,0,2,1,6,6,2,44,7,1124,1,16,MITSUBISHI COLT,5,E01028633,0,4
2024991421762,2024,991421762,1,9,0,-1,12,7,3,-1,0,7,0,11,5,6,2,1,-1,9,1,18,4,1124,1,17,MITSUBISHI COLT,1,-1,0,3
2024440235739,2024,440235739,1,9,0,7,7,8,2,0,0,5,0,0,0,0,1,1,2,2,1,27,6,1124,1,17,MITSUBISHI COLT,5,E01015767,0,4
2024161429744,2024,161429744,2,9,0,-1,19,8,4,-1,0,0,0,0,0,0,1,1,-1,9,1,34,6,1499,1,16,MITSUBISHI COLT,1,E01012761,0,1
2024440132299,2024,440132299,1,9,0,18,19,2,6,0,0,0,0,0,1,9,4,1,6,6,2,60,9,1124,1,17,MITSUBISHI COLT,3,E01026177,0,5
2024440506299,2024,440506299,2,19,0,18,19,3,5,0,0,1,0,0,0,0,4,1,6,6,1,57,9,1333,1,1,-1,9,E01022950,0,2
2024522402150,2024,522402150,2,19,0,9,9,2,6,0,0,0,0,0,0,0,3,1,6,6,1,-1,-1,-1,3,1,-1,9,E01014752,0,2
2024411504511,2024,411504511,1,19,0,-1,5,1,5,-1,0,4,0,0,0,0,1,1,-1,1,1,32,6,1333,1,0,-1,4,E01021840,0,3
2024622400075,2024,622400075,1,19,0,18,19,8,4,0,0,1,0,0,0,0,1,1,1,1,1,23,5,-1,3,1,-1,6,W01001726,0,2
2024010510516,2024,010510516,1,19,0,9,9,1,7,0,0,5,0,0,0,0,1,1,1,1,1,50,8,-1,3,1,-1,3,E01003538,0,2
2024010527504,2024,010527504,1,19,0,18,19,7,3,0,0,0,0,0,0,0,4,1,1,1,1,41,7,1333,1,0,-1,7,E01001235,0,2
2024991496520,2024,991496520,1,9,0,-1,19,5,1,-1,0,1,0,0,2,0,1,1,-1,2,1,50,8,1248,2,14,-1,-1,-1,0,-1
2024461432626,2024,461432626,1,9,5,-1,19,5,1,-1,0,0,5,4,0,0,4,2,-1,9,2,82,11,989,1,14,-1,8,E01024511,0,1
2024552400285,2024,552400285,1,2,0,18,19,4,8,0,0,0,0,0,0,0,0,1,6,6,1,16,4,49,1,3,-1,7,E01015352,0,2
2024371442316,2024,371442316,1,2,0,-1,9,0,0,-1,-1,8,0,0,0,0,4,1,-1,9,1,18,4,49,1,3,-1,7,E01029995,0,1
2024991439323,2024,991439323,2,90,0,-1,19,1,5,-1,0,1,0,0,0,0,1,1,-1,9,1,62,9,1585,1,15,-1,9,-1,0,2
2024122500059,2024,122500059,1,9,0,18,19,6,2,0,0,0,0,0,1,9,4,1,6,6,1,73,10,1396,1,22,-1,1,E01011953,0,4
2024461399140,2024,461399140,1,9,0,-1,19,5,1,-1,0,0,1,0,0,0,1,9,-1,2,1,27,6,1796,1,23,-1,5,E01024562,0,4
2024061512549,2024,061512549,2,9,0,-1,19,7,3,-1,0,4,0,0,0,0,1,1,-1,6,1,30,6,1994,2,20,-1,2,E01004772,0,1
2024010511719,2024,010511719,1,9,0,18,19,1,5,0,0,0,0,0,0,0,4,1,6,6,1,60,9,1725,1,58,-1,8,E01002859,0,1
2024440015723,2024,440015723,2,5,0,18,19,2,6,0,0,1,1,0,0,0,0,1,6,6,1,31,6,1157,1,21,SUZUKI GSF 1200,2,E01017109,0,1
2024131458754,2024,131458754,1,5,0,-1,12,3,7,-1,0,0,5,0,0,0,1,1,-1,9,1,63,9,1157,1,25,SUZUKI GSF 1200,5,E01011058,0,1
2024320772784,2024,320772784,2,5,0,-1,-1,8,4,0,0,0,0,0,0,0,1,1,6,6,1,55,8,1157,1,21,SUZUKI GSF 1200,2,E01026108,0,3
2024421456235,2024,421456235,2,3,0,-1,19,3,7,-1,0,4,1,9,1,0,2,1,-1,2,1,64,9,1157,1,20,SUZUKI GSF 1200,3,E01021321,0,1
2024111424223,2024,111424223,2,5,0,-1,19,5,6,-1,0,0,0,0,1,0,3,1,-1,9,1,65,9,1157,1,26,SUZUKI GSF 1200,8,E01008799,0,4
2024471426458,2024,471426458,1,5,0,-1,13,4,8,-1,0,1,0,0,0,0,3,1,-1,6,1,32,6,1157,1,18,SUZUKI GSF 1200,3,E01031811,0,1
2024131491369,2024,131491369,2,5,0,-1,19,1,1,-1,0,8,0,0,0,0,4,1,-1,9,1,62,9,1157,1,26,SUZUKI GSF 1200,4,E01010866,0,4
2024061436578,2024,061436578,1,5,0,-1,19,4,8,-1,0,8,0,0,0,0,1,1,-1,2,1,29,6,1157,1,24,SUZUKI GSF 1200,2,E01005829,0,2
2024501445764,2024,501445764,1,5,0,-1,19,4,6,-1,0,0,0,0,0,0,4,1,-1,9,1,72,10,1157,1,22,SUZUKI GSF 1200,5,E01015092,0,3
2024461492999,2024,461492999,2,5,0,-1,19,7,3,-1,0,1,1,0,0,0,1,1,-1,9,1,58,9,1157,1,18,SUZUKI GSF 1200,1,E01024496,0,2
2024122400385,2024,122400385,1,5,0,18,19,4,8,0,0,4,0,9,0,0,1,1,6,6,1,65,9,1157,1,19,SUZUKI GSF 1200,5,E01027793,0,4
2024421412186,2024,421412186,1,5,0,-1,13,7,3,-1,0,8,0,0,0,0,1,1,-1,2,1,62,9,1157,1,20,SUZUKI GSF 1200,5,E01022021,0,3
2024101459343,2024,101459343,2,5,0,-1,19,6,2,-1,0,8,5,0,0,0,1,1,-1,6,1,56,9,1157,1,19,SUZUKI GSF 1200,7,E01008585,0,1
2024520402644,2024,520402644,2,5,0,18,19,3,7,0,0,1,1,0,0,0,4,1,6,6,1,68,10,1157,1,25,SUZUKI GSF 1200,10,E01017528,0,5
2024451464581,2024,451464581,1,5,0,-1,19,5,1,-1,9,0,1,0,7,0,3,1,-1,9,1,50,8,1157,1,22,SUZUKI GSF 1200,5,E01031519,0,3
2024031470175,2024,031470175,2,5,0,-1,13,1,5,-1,0,0,0,0,0,0,0,1,-1,2,1,53,8,1157,1,22,SUZUKI GSF 1200,1,E01019122,0,3
2024440055135,2024,440055135,1,5,0,18,19,2,6,0,0,0,1,0,0,0,4,1,6,6,1,29,6,1157,1,21,SUZUKI GSF 1200,4,E01022804,0,4
2024991443680,2024,991443680,1,5,0,-1,5,5,3,-1,0,1,0,0,1,10,1,1,-1,9,1,41,7,1157,1,20,SUZUKI GSF 1200,2,-1,0,2
2024031441582,2024,031441582,1,5,0,-1,19,3,7,-1,0,0,1,0,0,0,0,1,-1,9,1,59,9,1157,1,20,SUZUKI GSF 1200,7,E01019350,0,2
2024471421357,2024,471421357,2,5,0,-1,19,7,3,-1,0,0,0,0,0,0,3,1,-1,6,1,52,8,1157,1,21,SUZUKI GSF 1200,8,E01032835,0,1
2024430369592,2024,430369592,1,5,0,17,19,6,3,0,0,0,0,0,1,0,1,1,6,6,1,55,8,1157,1,27,SUZUKI GSF 1200,10,E01030961,0,4
2024201519135,2024,201519135,2,5,0,-1,19,4,8,-1,0,8,5,0,0,0,1,1,-1,2,1,63,9,1200,1,26,SUZUKI GSF 1200,-1,-1,0,-1
2024451442961,2024,451442961,3,5,0,-1,19,1,5,-1,0,1,2,0,0,0,1,1,-1,9,1,64,9,1157,1,23,SUZUKI GSF 1200,6,E01030524,0,2
2024332400850,2024,332400850,1,3,0,-1,4,5,1,-1,0,1,0,0,0,0,2,1,-1,9,1,43,7,1157,1,24,SUZUKI GSF 1200,8,E01025613,0,1
2024131424682,2024,131424682,2,5,0,-1,19,5,1,-1,0,8,0,0,0,0,1,1,-1,2,1,32,6,645,1,15,SUZUKI SFV 650,3,E01010597,0,1
2024010491889,2024,010491889,1,5,0,18,19,1,5,0,0,1,0,0,3,0,1,1,6,6,1,47,8,645,1,15,SUZUKI SFV 650,6,E01000302,0,3
2024440366489,2024,440366489,1,5,0,13,13,8,4,0,0,1,0,0,0,0,1,1,6,6,1,32,6,645,1,9,SUZUKI SFV 650,5,E01034733,0,3
2024131439347,2024,131439347,1,5,0,-1,19,5,1,-1,0,0,1,0,0,0,4,1,-1,9,2,34,6,645,1,9,SUZUKI SFV 650,3,E01010919,0,2
2024471491510,2024,471491510,2,5,0,-1,19,3,7,-1,0,2,1,0,1,0,1,1,-1,6,1,58,9,645,1,15,SUZUKI SFV 650,9,E01021153,0,3
2024501418271,2024,501418271,2,5,0,-1,19,2,6,-1,0,8,1,0,0,0,3,1,-1,9,1,53,8,645,1,9,SUZUKI SFV 650,4,E01018877,0,2
2024101415705,2024,101415705,2,5,0,-1,19,5,1,-1,0,8,0,0,0,0,0,1,-1,9,2,30,6,645,1,15,SUZUKI SFV 650,4,E01033467,0,4
2024010520402,2024,010520402,2,5,0,18,19,7,3,0,0,8,2,0,7,0,1,1,6,6,1,23,5,645,1,15,SUZUKI SFV 650,8,E01003417,0,1
2024361422494,2024,361422494,1,5,0,-1,19,7,4,-1,0,0,0,0,1,0,1,1,-1,9,1,37,7,645,1,10,SUZUKI SFV 650,2,E01035133,0,3
2024440303429,2024,440303429,1,5,0,18,19,1,5,0,0,0,0,4,0,0,1,1,6,6,1,24,5,645,1,15,SUZUKI SFV 650,10,E01022742,0,1