collision_index,collision_year,collision_ref_no,vehicle_reference,vehicle_type,towing_and_articulation,vehicle_manoeuvre_historic,vehicle_manoeuvre,vehicle_direction_from,vehicle_direction_to,vehicle_location_restricted_lane_historic,vehicle_location_restricted_lane,junction_location,skidding_and_overturning,hit_object_in_carriageway,vehicle_leaving_carriageway,hit_object_off_carriageway,first_point_of_impact,vehicle_left_hand_drive,journey_purpose_of_driver_historic,journey_purpose_of_driver,sex_of_driver,age_of_driver,age_band_of_driver,engine_capacity_cc,propulsion_code,age_of_vehicle,generic_make_model,driver_imd_decile,lsoa_of_driver,escooter_flag,driver_distance_banding
2024440330888,2024,440330888,1,9,0,5,5,1,5,0,0,1,0,0,1,1,1,1,6,6,1,33,6,3982,1,5,-1,-1,-1,0,-1
2024311455814,2024,311455814,1,9,0,-1,19,3,7,-1,0,1,0,0,0,0,1,1,-1,9,2,62,9,3982,1,2,-1,-1,-1,0,-1
2024461419329,2024,461419329,1,9,0,-1,19,3,7,-1,0,0,2,0,1,0,2,1,-1,9,1,48,8,3982,1,1,-1,-1,-1,0,-1
2024141418166,2024,141418166,1,9,0,-1,19,1,5,-1,0,0,1,0,7,4,1,1,-1,1,1,72,10,3982,1,1,-1,3,E01007490,0,1
2024421452660,2024,421452660,1,9,0,-1,19,7,2,-1,0,0,1,0,0,0,1,1,-1,9,1,55,8,3982,1,2,-1,10,E01021545,0,3
2024061581408,2024,061581408,2,9,0,-1,7,7,5,-1,0,1,0,0,0,0,2,1,-1,1,-1,-1,-1,1968,2,16,-1,-1,-1,0,-1
2024101403838,2024,101403838,2,9,0,-1,19,1,5,-1,0,1,0,0,0,0,1,1,-1,2,1,29,6,2480,1,8,AUDI RS3,4,E01008835,0,1
202417S113524,2024,17S113524,1,9,0,-1,19,3,7,-1,0,8,5,9,3,10,1,1,-1,9,1,31,6,2480,1,9,AUDI RS3,-1,-1,0,-1
2024131488263,2024,131488263,1,9,0,-1,9,3,7,-1,0,1,0,0,0,0,2,1,-1,9,1,20,4,2480,1,6,AUDI RS3,7,E01011252,0,1
2024122401205,2024,122401205,1,9,0,9,9,5,1,0,0,8,0,0,0,0,3,1,6,6,1,77,11,2480,1,8,AUDI RS3,10,E01010646,0,3
2024131455927,2024,131455927,1,9,0,-1,19,1,1,-1,9,1,0,0,7,0,1,1,-1,6,1,28,6,2480,1,6,AUDI RS3,1,E01011030,0,1
2024201474955,2024,201474955,1,9,0,-1,13,7,3,-1,0,0,1,10,1,0,4,1,-1,6,-1,16,4,2480,1,2,AUDI RS3,-1,-1,0,-1
2024131478158,2024,131478158,1,9,0,-1,19,5,1,-1,0,8,1,0,7,0,1,1,-1,9,1,24,5,2480,1,2,AUDI RS3,1,E01010813,0,1
2024010539937,2024,010539937,1,9,0,7,7,3,5,9,9,2,0,0,3,2,1,1,6,6,1,21,5,2480,1,5,AUDI RS3,6,E01003107,0,2
2024131430951,2024,131430951,1,9,0,-1,19,1,5,-1,0,8,0,0,7,11,1,1,-1,6,1,21,5,2480,1,9,AUDI RS3,1,E01010719,0,3
2024131453058,2024,131453058,2,9,0,-1,19,7,3,-1,0,0,0,0,0,0,1,1,-1,6,3,-1,-1,2480,1,9,AUDI RS3,-1,-1,0,-1
2024461404699,2024,461404699,2,9,0,-1,19,2,6,-1,0,8,0,0,0,0,4,9,-1,6,2,33,6,2480,1,6,AUDI RS3,4,E01024284,0,1
2024991484133,2024,991484133,1,9,0,-1,19,6,3,-1,0,0,1,0,1,2,1,1,-1,9,1,31,6,2480,1,9,AUDI RS3,-1,-1,0,-1
2024010501405,2024,010501405,1,9,0,9,9,5,3,0,0,1,0,0,0,0,1,1,6,6,1,25,5,2480,1,2,AUDI RS3,5,E01003715,0,1
202417M116024,2024,17M116024,2,9,0,-1,12,8,4,-1,0,2,0,0,0,0,1,1,-1,9,1,25,5,2480,1,6,AUDI RS3,-1,-1,0,-1
2024010503409,2024,010503409,2,9,0,1,1,9,9,99,99,9,9,99,9,99,2,9,6,6,3,-1,-1,2480,1,6,AUDI RS3,-1,-1,0,-1
2024461480470,2024,461480470,1,9,0,-1,7,4,2,-1,0,0,0,0,0,0,4,1,-1,1,1,40,7,2480,1,1,AUDI RS3,5,E01000375,0,4
2024131401018,2024,131401018,2,9,0,-1,2,0,0,-1,0,8,0,0,0,0,2,1,-1,6,-1,-1,-1,2480,1,4,AUDI RS3,-1,-1,0,-1
2024471487813,2024,471487813,2,9,0,-1,2,0,0,-1,0,0,0,0,1,0,2,1,-1,6,-1,-1,-1,2480,1,9,AUDI RS3,-1,-1,0,-1
2024411463776,2024,411463776,1,9,0,-1,-1,-1,-1,-1,0,1,0,0,0,0,-1,9,-1,6,3,-1,-1,2480,1,7,AUDI RS3,-1,-1,0,-1
2024010534695,2024,010534695,3,9,0,18,19,1,5,0,0,0,0,0,0,0,1,1,6,6,2,24,5,2480,1,5,AUDI RS3,8,E01021766,0,3
2024010500092,2024,010500092,2,9,0,7,7,5,7,0,0,1,0,0,0,0,2,1,6,6,1,34,6,2480,1,9,AUDI RS3,-1,-1,0,-1
2024471480655,2024,471480655,1,9,0,-1,19,7,3,-1,0,1,0,0,0,0,1,1,-1,9,1,27,6,2480,1,6,AUDI RS3,3,E01000404,0,4
2024101557483,2024,101557483,1,9,0,-1,11,7,3,-1,9,0,1,0,1,0,1,1,-1,9,1,36,7,2480,1,7,AUDI RS3,-1,-1,0,-1
2024010534247,2024,010534247,2,9,0,18,19,7,3,0,0,0,0,0,0,0,0,1,6,6,1,46,8,2480,1,1,AUDI RS3,7,E01033463,0,2
2024401487626,2024,401487626,1,9,0,-1,19,2,6,-1,0,1,0,0,0,0,1,1,-1,6,1,27,6,2480,1,8,AUDI RS3,4,E01017538,0,1
2024131492001,2024,131492001,2,9,0,-1,5,1,5,-1,0,7,0,4,0,0,1,1,-1,9,2,34,6,2480,1,4,AUDI RS3,6,E01011548,0,1
2024131429754,2024,131429754,1,9,0,-1,19,7,3,-1,0,1,0,0,0,0,1,1,-1,6,1,32,6,2480,1,4,AUDI RS3,1,E01011471,0,2
2024201458646,2024,201458646,2,9,0,-1,19,6,2,-1,0,0,0,0,0,0,2,9,-1,6,3,-1,-1,2480,1,2,AUDI RS3,-1,-1,0,-1
2024010552569,2024,010552569,2,9,0,99,99,9,9,99,99,9,9,99,9,99,9,9,6,6,1,57,9,2480,1,5,AUDI RS3,-1,-1,0,-1
2024131411308,2024,131411308,2,9,0,-1,9,7,5,-1,0,6,0,0,0,0,1,1,-1,6,1,36,7,2480,1,2,AUDI RS3,1,E01033691,0,1
2024221510367,2024,221510367,2,9,0,-1,13,3,7,-1,0,0,1,0,1,1,1,1,-1,6,1,28,6,2480,1,5,AUDI RS3,9,E01029630,0,1
2024201517709,2024,201517709,1,9,0,-1,19,1,5,-1,0,8,0,0,0,0,4,9,-1,9,2,32,6,2480,1,1,AUDI RS3,1,E01009445,0,3
2024201458482,2024,201458482,1,9,0,-1,1,7,3,-1,0,0,0,0,0,0,2,1,-1,6,1,25,5,2480,1,7,AUDI RS3,-1,-1,0,-1
2024401458395,2024,401458395,5,9,0,-1,19,6,2,-1,0,0,0,0,0,0,2,1,-1,9,1,26,6,2480,1,6,AUDI RS3,5,E01015786,0,1
2024101451675,2024,101451675,1,9,0,-1,19,1,5,-1,0,2,1,4,0,0,4,1,-1,9,1,21,5,2480,1,6,AUDI RS3,3,E01008833,0,2
2024461492653,2024,461492653,2,9,0,-1,19,7,3,-1,0,1,0,0,0,0,1,1,-1,9,1,39,7,2979,1,5,BMW M2,5,E01024746,0,2
2024451411763,2024,451411763,2,9,0,-1,9,1,5,-1,0,1,0,0,0,0,1,1,-1,6,-1,55,8,2998,1,6,BMW M2,-1,-1,0,-1
2024545456724,2024,545456724,2,9,0,18,19,3,7,0,0,0,0,0,0,0,1,1,6,6,1,22,5,2998,1,5,BMW M2,10,E01031972,0,1
2024991431376,2024,991431376,1,9,0,-1,9,3,8,-1,0,0,0,0,0,0,2,1,-1,9,2,27,6,1998,1,1,BMW M2,7,-1,0,1
2024631435778,2024,631435778,1,9,0,-1,19,2,7,-1,0,0,1,0,7,4,1,1,-1,9,1,30,6,2998,1,5,BMW M2,2,W01000844,0,2
2024451510410,2024,451510410,1,9,0,-1,13,1,5,-1,0,0,0,0,1,4,1,1,-1,2,1,25,5,2979,1,6,BMW M2,6,E01030826,0,1
2024451445734,2024,451445734,2,9,0,-1,99,1,1,-1,99,0,0,0,0,0,3,2,-1,6,1,35,6,2998,1,7,BMW M2,6,E01016504,0,2
2024461521782,2024,461521782,1,9,0,-1,5,6,2,-1,0,1,0,0,0,0,1,1,-1,6,1,59,9,1998,1,1,BMW M2,4,E01024577,0,1
2024451448117,2024,451448117,1,9,0,-1,19,5,1,-1,0,0,0,0,0,0,1,1,-1,9,1,55,8,1998,1,4,BMW M2,6,E01030765,0,1
2024531510272,2024,531510272,1,9,0,-1,5,3,7,-1,0,0,0,0,0,0,1,1,-1,6,2,67,10,2998,1,1,BMW M2,8,E01022437,0,1
2024052400794,2024,052400794,1,9,0,1,1,4,8,0,0,0,0,0,0,0,2,1,2,2,1,27,6,1998,1,3,BMW M2,1,E01006603,0,1
2024451443421,2024,451443421,1,9,0,-1,9,6,4,-1,0,0,0,0,0,0,1,1,-1,9,2,53,8,2998,1,6,BMW M2,4,E01030609,0,1
2024991409551,2024,991409551,2,9,0,-1,19,7,3,-1,0,8,0,0,0,0,1,1,-1,9,1,27,6,1998,1,4,BMW M2,3,-1,0,1
2024461541640,2024,461541640,2,9,0,-1,4,5,1,-1,0,0,0,0,0,0,1,1,-1,6,-1,22,5,2979,1,8,BMW M2,-1,-1,0,-1
2024010502713,2024,010502713,2,9,0,18,19,1,5,0,0,4,0,0,1,11,3,1,6,6,1,30,6,2998,1,7,BMW M2,6,E01003223,0,1
2024010521478,2024,010521478,1,9,0,17,19,3,7,0,0,2,0,0,0,0,4,1,6,6,1,25,5,2998,1,7,BMW M2,3,E01001819,0,2
2024622400362,2024,622400362,2,9,0,3,3,2,6,0,0,0,0,0,0,0,2,1,6,6,1,37,7,2979,1,4,BMW M2,4,W01001155,0,2
2024201420935,2024,201420935,1,9,0,-1,19,6,2,-1,0,0,0,0,0,0,4,1,-1,6,1,22,5,1998,1,4,BMW M2,4,E01009085,0,1
2024010522713,2024,010522713,1,9,0,13,13,1,5,9,9,1,1,0,1,10,1,1,6,6,1,31,6,1998,1,4,BMW M2,-1,-1,0,-1
2024201499743,2024,201499743,1,9,0,-1,19,2,6,-1,0,0,0,4,0,0,4,1,-1,9,1,23,5,1998,1,0,BMW M2,1,E01009096,0,2
2024010546693,2024,010546693,2,9,0,14,14,3,7,0,0,1,0,0,0,0,1,1,6,6,1,-1,-1,2998,1,2,BMW M2,8,E01000987,0,2
2024201398861,2024,201398861,1,9,0,-1,19,5,1,-1,0,1,0,0,0,0,1,9,-1,6,3,-1,-1,2998,1,8,BMW M2,-1,-1,0,-1
2024010549141,2024,010549141,1,9,0,7,7,1,2,0,0,3,0,0,0,0,3,1,6,6,1,40,7,2979,1,4,BMW M2,3,E01002185,0,1
2024052401946,2024,052401946,1,9,0,7,7,7,1,0,0,8,0,0,0,0,4,1,6,6,1,36,7,1998,1,4,BMW M2,3,E01006568,0,1
2024471511501,2024,471511501,2,9,0,-1,19,2,5,-1,0,0,0,0,0,0,4,1,-1,9,1,26,6,2979,1,9,BMW M2,5,E01030531,0,3
2024201482652,2024,201482652,1,9,0,-1,7,2,5,-1,0,6,0,0,0,0,3,9,-1,6,3,-1,-1,2998,1,6,BMW M2,-1,-1,0,-1
2024010506023,2024,010506023,2,9,0,2,2,0,0,9,9,0,0,4,0,0,4,1,6,6,3,-1,-1,2979,1,6,BMW M2,-1,-1,0,-1
2024052402084,2024,052402084,1,9,0,18,19,7,3,0,0,0,0,0,0,0,1,1,6,6,1,27,6,1998,1,3,BMW M2,3,E01006960,0,1
2024041424082,2024,041424082,1,9,0,-1,19,6,2,-1,0,0,1,0,4,0,1,1,-1,9,1,28,6,2998,1,6,BMW M2,1,E01012656,0,1
2024631525327,2024,631525327,1,9,0,-1,19,7,3,-1,9,0,1,6,2,11,1,1,-1,9,1,33,6,2979,1,9,BMW M2,6,W01000433,0,4
2024010498183,2024,010498183,1,9,0,9,9,3,1,0,0,1,0,10,0,0,3,1,1,1,1,26,6,1998,1,4,BMW M2,2,E01001719,0,1
2024520403005,2024,520403005,1,9,0,4,4,5,1,0,0,0,0,0,0,0,2,1,6,6,1,46,8,2979,1,5,BMW M2,9,E01020023,0,4
2024440294773,2024,440294773,1,9,0,18,19,2,6,0,0,0,0,10,0,0,1,1,2,2,2,39,7,2979,1,8,BMW M2,9,E01022577,0,2
2024451536056,2024,451536056,1,9,0,-1,19,5,1,-1,0,1,0,0,0,0,1,1,-1,9,1,58,9,2993,1,0,BMW M2,4,E01025789,0,5
2024421482752,2024,421482752,3,9,0,-1,19,7,3,-1,0,2,0,0,0,0,2,1,-1,9,1,52,8,2979,1,7,BMW M2,8,E01015826,0,1
2024471506120,2024,471506120,1,9,0,-1,19,4,8,-1,0,0,1,11,7,11,4,1,-1,9,1,23,5,2979,1,9,BMW M2,3,E01031409,0,1
2024061426762,2024,061426762,1,9,0,-1,19,1,5,-1,0,1,0,10,3,2,1,1,-1,9,1,26,6,2979,1,5,BMW M2,2,E01005262,0,1
2024131405317,2024,131405317,1,9,0,-1,19,1,5,-1,0,8,0,0,0,0,1,1,-1,6,3,-1,-1,2979,1,10,BMW M2,-1,-1,0,-1
2024430095311,2024,430095311,1,9,0,10,10,8,4,0,0,1,0,0,0,0,2,1,6,6,2,43,7,2998,1,8,BMW M2,7,E01028507,0,2
2024231460022,2024,231460022,1,9,0,-1,19,4,8,-1,0,0,1,0,7,4,1,1,-1,6,1,33,6,2993,1,1,BMW M2,9,E01031222,0,3
2024991496862,2024,991496862,1,9,0,-1,19,1,5,-1,0,0,0,0,0,0,1,1,-1,9,1,20,4,2998,1,6,BMW M2,8,-1,0,2
2024201506336,2024,201506336,2,9,0,-1,19,4,8,-1,0,0,0,0,0,0,2,1,-1,9,1,19,4,2979,1,9,BMW M2,9,W01001588,0,5
2024351395914,2024,351395914,2,9,0,-1,5,-1,-1,-1,0,0,0,0,0,0,1,9,-1,9,2,34,6,1998,1,4,BMW M2,1,E01015600,0,1
2024211484021,2024,211484021,2,9,0,-1,19,1,5,-1,0,0,0,0,0,0,1,1,-1,6,2,28,6,1998,1,3,BMW M2,-1,-1,0,-1
2024201403993,2024,201403993,2,9,0,-1,2,0,0,-1,0,0,0,0,0,0,2,1,-1,9,1,39,7,2998,1,5,BMW M2,-1,-1,0,-1
2024201470558,2024,201470558,2,9,0,-1,19,6,2,-1,0,1,0,0,0,0,3,1,-1,9,1,26,6,2979,1,6,BMW M2,-1,-1,0,-1
2024451409051,2024,451409051,1,9,0,-1,1,1,5,-1,99,0,0,0,1,0,3,1,-1,9,1,20,4,2998,1,4,BMW M2,6,E01002659,0,4
2024052401129,2024,052401129,1,9,0,7,7,6,2,0,0,3,0,0,0,0,0,1,6,6,1,39,7,2979,1,4,BMW M2,9,E01007284,0,1
2024501470905,2024,501470905,1,9,0,-1,19,3,7,-1,0,0,1,0,1,4,1,1,-1,9,1,26,6,2979,1,6,BMW M2,7,E01019058,0,3
2024451488173,2024,451488173,1,9,0,-1,19,1,5,-1,0,0,1,0,0,0,1,1,-1,2,1,34,6,1998,1,3,BMW M2,7,E01030548,0,1
2024061419307,2024,061419307,1,9,-1,-1,4,-1,-1,-1,0,-1,0,0,0,0,1,9,-1,6,1,32,6,1998,1,3,BMW M2,10,E01006136,0,2
2024041519773,2024,041519773,2,9,0,-1,19,6,2,-1,0,1,0,0,2,0,1,1,-1,6,1,43,7,1998,1,2,BMW M2,6,E01024957,0,1
2024041447264,2024,041447264,2,9,0,-1,19,1,5,-1,0,1,0,0,0,0,1,1,-1,6,1,43,7,2979,1,10,BMW M2,4,E01025190,0,1
2024302401419,2024,302401419,1,9,0,17,19,2,8,0,0,8,0,0,0,0,1,1,6,6,3,-1,-1,2998,1,1,BMW M2,5,E01019456,0,3
2024548522924,2024,548522924,1,9,0,18,19,8,4,0,0,0,2,0,1,9,1,1,1,1,1,32,6,1998,1,2,BMW M2,4,E01031895,0,3
2024320755443,2024,320755443,3,9,0,2,2,0,0,9,9,0,0,0,0,0,1,1,6,6,3,-1,-1,2998,1,0,BMW M2,-1,-1,0,-1
2024010546979,2024,010546979,1,9,0,4,4,7,3,0,0,8,0,0,0,0,0,1,6,6,1,40,7,1998,1,2,BMW M2,8,E01000117,0,1
2024221436100,2024,221436100,2,9,0,-1,9,7,5,-1,0,5,0,0,0,0,4,1,-1,6,1,51,8,1998,1,2,BMW M2,5,E01028890,0,3
2024010533157,2024,010533157,1,9,0,9,9,1,6,0,0,1,0,0,0,0,4,1,6,6,1,33,6,2998,1,6,BMW M2,8,E01002272,0,2
2024201482091,2024,201482091,2,9,0,-1,19,7,3,-1,0,3,1,0,0,0,3,9,-1,6,2,44,7,1998,1,3,BMW M2,1,E01010455,0,1
2024501505743,2024,501505743,1,2,0,-1,19,5,2,-1,0,8,1,0,0,0,1,1,-1,6,1,18,4,49,1,5,-1,4,E01019059,0,1
2024010529094,2024,010529094,1,9,0,5,5,5,1,0,0,6,0,0,0,0,0,1,6,6,1,40,7,6162,1,5,-1,-1,-1,0,-1
2024010543038,2024,010543038,1,11,0,99,99,9,9,99,99,9,9,99,9,99,9,9,6,6,1,29,6,-1,3,4,CAETANO CITY,4,E01004038,0,1
2024010550563,2024,010550563,2,11,0,7,7,1,3,0,0,1,0,0,0,0,1,1,1,1,1,46,8,-1,3,4,CAETANO CITY,1,E01033879,0,1
2024010540014,2024,010540014,1,11,0,9,9,7,5,0,0,2,0,0,0,0,1,1,1,1,1,43,7,-1,3,4,CAETANO CITY,3,E01003286,0,2
2024010512222,2024,010512222,3,11,0,9,9,1,7,0,0,2,0,0,0,0,0,1,1,1,1,32,6,-1,3,4,CAETANO CITY,5,E01003638,0,3
2024010548712,2024,010548712,1,11,0,18,19,5,1,3,2,3,0,0,0,0,2,1,1,1,1,60,9,-1,3,1,CAETANO CITY,9,E01000761,0,2
2024010518979,2024,010518979,2,11,0,9,9,5,3,0,0,5,0,0,0,0,1,1,1,1,1,47,8,-1,3,4,CAETANO CITY,3,E01003248,0,1
2024010504277,2024,010504277,1,11,0,4,4,5,1,2,2,1,0,0,0,0,0,1,1,1,1,39,7,-1,3,4,CAETANO CITY,2,E01003188,0,1
2024010536611,2024,010536611,1,11,0,9,9,7,5,0,0,2,0,0,0,0,3,1,6,6,2,48,8,-1,3,4,CAETANO CITY,4,E01003969,0,1
2024010555395,2024,010555395,1,11,0,5,5,5,1,0,0,1,0,0,0,0,0,1,1,1,1,58,9,-1,3,1,CAETANO CITY,2,E01001052,0,1
2024010510045,2024,010510045,1,11,0,18,19,7,3,2,2,5,0,0,0,0,0,1,1,1,1,27,6,-1,3,4,CAETANO CITY,3,E01004271,0,2
2024520402655,2024,520402655,1,5,0,18,19,5,1,0,0,8,0,0,0,0,1,1,6,6,1,47,8,1868,1,6,-1,8,E01020505,0,4
2024991459093,2024,991459093,2,5,0,-1,19,4,8,-1,0,0,0,0,0,0,1,1,-1,9,1,63,9,1868,1,7,-1,-1,-1,0,-1
2024501405987,2024,501405987,1,2,0,-1,9,2,7,-1,0,3,1,0,0,0,0,1,-1,1,1,18,4,-1,3,2,-1,7,E01020338,0,3
2024010514377,2024,010514377,1,9,0,8,8,3,5,0,0,6,0,0,0,0,1,1,2,2,2,67,10,1987,8,4,LEXUS UX 250,4,E01021812,0,3
2024010509819,2024,010509819,1,9,0,4,4,5,1,0,0,8,0,0,0,0,1,1,6,6,2,25,5,1987,8,4,LEXUS UX 250,9,E01021767,0,2
2024351430070,2024,351430070,1,9,0,-1,19,1,5,-1,0,0,0,0,0,0,2,1,-1,9,1,42,7,1987,8,1,LEXUS UX 250,2,E01015610,0,1
2024010523958,2024,010523958,1,9,0,3,3,1,5,0,0,8,0,0,0,0,2,1,6,6,2,61,9,1987,8,5,LEXUS UX 250,3,E01001717,0,1
2024010513872,2024,010513872,2,9,0,99,99,9,9,99,99,9,9,99,9,99,9,9,6,6,3,-1,-1,1987,8,4,LEXUS UX 250,4,E01000689,0,3
2024421430887,2024,421430887,2,9,0,-1,19,7,3,-1,0,1,0,0,1,11,4,1,-1,6,1,84,11,1987,8,0,LEXUS UX 250,10,E01021918,0,1
2024371462766,2024,371462766,3,9,0,-1,19,1,5,-1,0,0,0,0,1,0,3,1,-1,9,2,68,10,1987,8,1,LEXUS UX 250,4,E01030162,0,4
2024010525275,2024,010525275,2,9,0,18,19,7,3,0,0,8,0,0,0,0,1,1,1,1,2,45,7,1987,8,4,LEXUS UX 250,2,E01001145,0,2
2024010509278,2024,010509278,1,9,0,99,99,9,9,99,99,9,9,99,9,99,9,9,6,6,1,38,7,1987,8,1,LEXUS UX 250,2,E01002767,0,1
2024010516144,2024,010516144,2,9,0,99,99,9,9,99,99,9,9,99,9,99,9,9,6,6,1,26,6,1987,8,4,LEXUS UX 250,2,E01001958,0,1
2024010525789,2024,010525789,1,9,0,18,19,3,7,0,0,8,0,0,0,0,1,1,6,6,3,-1,-1,1987,8,5,LEXUS UX 250,-1,-1,0,-1
2024010546778,2024,010546778,1,9,0,-1,-1,3,7,0,0,1,0,0,0,0,1,1,6,6,1,23,5,1987,8,2,LEXUS UX 250,4,E01000507,0,3
2024141524634,2024,141524634,2,9,0,-1,2,0,0,-1,9,0,0,0,0,0,2,1,-1,6,1,66,10,1987,8,3,LEXUS UX 250,-1,-1,0,-1
2024340NN4402,2024,340NN4402,2,9,0,-1,19,3,6,-1,0,8,0,0,8,1,4,1,-1,2,1,32,6,1987,8,2,LEXUS UX 250,7,E01025636,0,4
2024351455688,2024,351455688,2,9,0,-1,-1,-1,-1,-1,-1,0,-1,-1,-1,0,-1,9,-1,9,2,32,6,1987,8,2,LEXUS UX 250,7,E01018000,0,1
2024010501977,2024,010501977,1,9,0,5,5,5,1,0,0,1,0,10,0,0,0,1,6,6,2,31,6,1987,8,1,LEXUS UX 250,4,E01033942,0,1
2024522500204,2024,522500204,1,9,0,4,4,6,2,0,0,8,0,0,0,0,2,1,6,6,2,28,6,1987,8,4,LEXUS UX 250,10,E01014618,0,1
2024052401369,2024,052401369,1,9,0,5,5,7,1,0,0,6,0,0,0,0,1,1,6,6,1,85,11,1987,8,4,LEXUS UX 250,5,E01007099,0,1
2024010514492,2024,010514492,2,9,0,5,5,8,4,0,0,1,0,0,0,0,1,1,6,6,2,52,8,1987,8,1,LEXUS UX 250,-1,-1,0,-1
2024320022470,2024,320022470,3,9,0,-1,-1,4,8,0,0,0,0,0,0,0,2,1,-1,-1,2,50,8,1987,8,2,LEXUS UX 250,8,E01011590,0,5
2024031477759,2024,031477759,2,9,0,-1,15,7,1,-1,0,1,0,0,0,0,3,1,-1,6,2,58,9,1987,8,2,LEXUS UX 250,7,E01019117,0,4
2024010521106,2024,010521106,1,9,0,99,99,9,9,99,99,9,9,99,9,99,9,9,2,2,2,52,8,1987,8,1,LEXUS UX 250,2,E01002778,0,3
2024221522748,2024,221522748,2,9,0,-1,19,5,8,-1,0,0,0,0,1,0,1,9,-1,2,2,35,6,1987,8,2,LEXUS UX 250,4,E01003530,0,5
2024522401743,2024,522401743,1,9,0,5,5,5,2,0,0,8,0,0,0,0,3,1,6,6,2,42,7,1987,8,4,LEXUS UX 250,8,E01029122,0,4
2024320018087,2024,320018087,1,9,0,14,14,8,4,0,0,0,0,0,0,0,4,1,6,6,1,89,11,1987,8,2,LEXUS UX 250,10,E01026393,0,1
2024010546391,2024,010546391,1,9,0,5,5,5,1,0,0,8,0,0,0,0,3,1,6,6,1,28,6,1987,8,1,LEXUS UX 250,3,E01000024,0,1
2024991490787,2024,991490787,2,9,0,-1,19,4,8,-1,0,0,0,0,0,0,1,1,-1,9,1,33,6,1987,8,0,LEXUS UX 250,-1,-1,0,-1
2024471529371,2024,471529371,1,9,0,-1,9,2,8,-1,0,6,0,0,0,0,1,2,-1,9,2,70,10,1987,8,4,LEXUS UX 250,7,E01021170,0,1
2024041531897,2024,041531897,1,9,0,-1,9,7,3,-1,0,2,0,0,0,0,1,1,-1,6,1,54,8,1987,8,5,LEXUS UX 250,10,E01025355,0,1
2024461491502,2024,461491502,1,9,0,-1,19,1,5,-1,0,6,0,0,0,0,1,1,-1,9,2,69,10,1987,8,5,LEXUS UX 250,2,E01024775,0,3
2024010522018,2024,010522018,1,9,0,99,99,9,9,99,99,9,9,99,9,99,9,9,6,6,2,40,7,1987,8,1,LEXUS UX 250,4,E01004228,0,1
2024010532896,2024,010532896,1,9,0,10,10,1,8,0,0,6,0,0,0,0,1,1,1,1,2,28,6,1987,8,1,LEXUS UX 250,4,E01003376,0,2
2024010532734,2024,010532734,1,9,0,9,9,6,3,0,0,5,0,0,0,0,1,1,6,6,1,40,7,1987,8,4,LEXUS UX 250,4,E01000644,0,1
2024010536712,2024,010536712,3,9,0,18,19,5,1,0,0,0,0,0,0,0,0,1,6,6,1,17,4,1987,8,4,LEXUS UX 250,4,E01003716,0,4
2024401539804,2024,401539804,1,9,0,-1,19,5,1,-1,0,1,0,11,7,10,1,1,-1,6,1,28,6,1987,8,5,LEXUS UX 250,3,E01023957,0,4
2024552401532,2024,552401532,1,9,0,4,4,2,6,0,0,0,0,0,0,0,1,1,6,6,2,59,9,1987,8,4,LEXUS UX 250,7,E01015457,0,1
2024320553958,2024,320553958,1,9,0,-1,-1,5,1,0,0,6,0,0,0,0,4,1,-1,-1,1,68,10,1987,8,2,LEXUS UX 250,4,E01023925,0,5
2024010503633,2024,010503633,2,9,0,99,99,9,9,99,99,9,9,99,9,99,1,9,6,6,3,-1,-1,1987,8,3,LEXUS UX 250,-1,-1,0,-1
2024061449508,2024,061449508,2,9,0,-1,4,4,8,-1,0,0,0,0,0,0,2,1,-1,9,1,45,7,1987,8,1,LEXUS UX 250,1,E01033687,0,2
2024010503784,2024,010503784,2,9,0,99,99,9,9,99,99,9,9,99,9,99,9,9,6,6,3,-1,-1,1987,8,1,LEXUS UX 250,-1,-1,0,-1
2024401400296,2024,401400296,2,9,0,-1,5,-1,-1,-1,0,0,0,0,0,0,2,9,-1,9,2,-1,-1,1987,8,5,LEXUS UX 250,10,E01017415,0,1
2024471517023,2024,471517023,1,9,0,-1,9,5,1,-1,0,0,0,0,0,0,4,1,-1,9,1,49,8,1987,8,0,LEXUS UX 250,7,E01030618,0,4
2024540443724,2024,540443724,2,9,0,18,19,6,3,0,0,8,0,0,0,0,1,1,6,6,1,25,5,1987,8,4,LEXUS UX 250,6,E01031989,0,3
2024440562617,2024,440562617,1,9,0,18,19,6,3,0,0,8,0,0,0,0,4,1,6,6,1,44,7,1987,8,2,LEXUS UX 250,9,E01035265,0,3
2024010519146,2024,010519146,2,9,9,18,19,9,9,99,99,1,9,99,9,99,9,9,6,6,1,25,5,1987,8,1,LEXUS UX 250,2,E01033604,0,1
2024552401423,2024,552401423,1,9,0,7,7,4,5,9,9,5,0,0,0,0,3,1,6,6,1,58,9,1987,8,1,LEXUS UX 250,3,E01015381,0,1
2024451418913,2024,451418913,2,9,0,-1,7,2,6,-1,0,8,0,0,0,0,4,1,-1,9,1,27,6,1987,8,1,LEXUS UX 250,4,E01001165,0,4
2024101414708,2024,101414708,1,9,0,-1,19,3,7,-1,0,0,0,0,0,0,3,1,-1,2,1,53,8,1987,8,2,LEXUS UX 250,9,E01008448,0,2