collision_index,collision_year,collision_ref_no,vehicle_reference,vehicle_type,towing_and_articulation,vehicle_manoeuvre_historic,vehicle_manoeuvre,vehicle_direction_from,vehicle_direction_to,vehicle_location_restricted_lane_historic,vehicle_location_restricted_lane,junction_location,skidding_and_overturning,hit_object_in_carriageway,vehicle_leaving_carriageway,hit_object_off_carriageway,first_point_of_impact,vehicle_left_hand_drive,journey_purpose_of_driver_historic,journey_purpose_of_driver,sex_of_driver,age_of_driver,age_band_of_driver,engine_capacity_cc,propulsion_code,age_of_vehicle,generic_make_model,driver_imd_decile,lsoa_of_driver,escooter_flag,driver_distance_banding
2024522402175,2024,522402175,1,9,0,11,11,5,1,0,0,0,0,0,0,0,4,1,6,6,2,39,7,1987,8,1,LEXUS UX 250,4,E01014650,0,1
2024010521815,2024,010521815,2,9,0,99,99,9,9,99,99,9,9,99,9,99,9,9,6,6,1,32,6,1987,8,1,LEXUS UX 250,9,E01022702,0,5
2024071014002,2024,071014002,2,9,0,-1,4,1,5,-1,0,0,0,0,0,0,2,1,-1,9,1,33,6,1987,8,5,LEXUS UX 250,8,E01030409,0,5
2024421424780,2024,421424780,1,9,0,-1,19,1,5,-1,0,0,0,0,0,0,4,9,-1,6,1,40,7,1987,8,1,LEXUS UX 250,-1,-1,0,-1
2024201518948,2024,201518948,1,9,0,-1,5,3,3,-1,0,2,0,10,0,0,2,1,-1,6,1,30,6,1987,8,4,LEXUS UX 250,2,E01034954,0,1
2024010532774,2024,010532774,2,9,0,99,99,9,9,99,99,9,9,99,9,99,1,9,6,6,3,-1,-1,1987,8,5,LEXUS UX 250,-1,-1,0,-1
2024010504618,2024,010504618,2,9,0,14,14,7,3,0,0,2,0,4,0,0,4,1,6,6,1,18,4,1987,8,5,LEXUS UX 250,3,E01000577,0,1
2024461407845,2024,461407845,1,9,0,-1,19,0,0,-1,0,4,0,0,0,0,1,1,-1,6,1,53,8,1987,8,3,LEXUS UX 250,8,E01024637,0,1
2024010529113,2024,010529113,2,9,0,99,99,9,9,99,99,9,9,99,9,99,9,9,6,6,3,-1,-1,1987,8,1,LEXUS UX 250,4,E01001514,0,1
2024010535401,2024,010535401,2,9,0,99,99,9,9,99,99,9,9,99,9,99,1,9,6,6,3,-1,-1,1987,8,2,LEXUS UX 250,-1,-1,0,-1
2024010529100,2024,010529100,1,9,0,18,19,3,7,0,0,6,5,11,0,0,3,1,6,6,1,18,4,1987,8,4,LEXUS UX 250,3,E01021289,0,3
2024401509349,2024,401509349,2,9,0,-1,19,6,2,-1,0,3,0,0,0,0,1,1,-1,6,2,31,6,1987,8,4,LEXUS UX 250,2,E01015772,0,1
2024010541338,2024,010541338,2,9,0,2,2,0,0,0,0,8,0,0,0,0,3,2,6,6,3,-1,-1,1987,8,1,LEXUS UX 250,-1,-1,0,-1
2024010516450,2024,010516450,2,9,0,7,7,5,8,0,0,8,0,0,0,0,1,1,6,6,1,49,8,1987,8,0,LEXUS UX 250,4,E01001090,0,1
2024451424394,2024,451424394,1,9,0,-1,19,6,2,-1,0,0,0,0,0,0,1,1,-1,6,1,25,5,3994,1,2,-1,10,E01021452,0,4
2024552400272,2024,552400272,1,4,0,18,19,2,6,0,0,0,1,0,0,0,0,1,2,2,1,22,5,125,1,2,-1,1,E01020555,0,1
2024471472669,2024,471472669,2,9,0,-1,2,1,5,-1,0,0,0,4,0,0,1,1,-1,9,2,40,7,1199,1,6,PEUGEOT 208,9,E01031389,0,2
2024211510627,2024,211510627,1,9,0,-1,19,6,2,-1,0,0,0,0,0,0,1,1,-1,6,2,44,7,1200,1,8,PEUGEOT 208,2,E01029448,0,1
2024101520829,2024,101520829,1,9,0,-1,19,1,5,-1,0,1,0,0,0,0,2,1,-1,9,1,24,5,1499,2,2,PEUGEOT 208,-1,-1,0,-1
2024411407645,2024,411407645,2,9,0,-1,19,6,2,-1,0,1,0,0,0,0,1,1,-1,6,1,54,8,1199,1,6,PEUGEOT 208,7,E01035591,0,2
2024320734089,2024,320734089,1,9,0,9,9,2,8,0,0,0,0,0,0,0,0,1,-1,-1,2,27,6,1397,1,12,PEUGEOT 208,9,E01026273,0,1
2024340NN1312,2024,340NN1312,2,9,0,-1,19,2,6,-1,0,1,0,0,0,0,4,1,-1,6,1,44,7,1200,1,9,PEUGEOT 208,4,E01027245,0,2
2024430394043,2024,430394043,1,9,0,4,4,7,3,0,0,0,0,0,0,0,1,1,6,6,1,29,6,1200,1,11,PEUGEOT 208,9,E01028738,0,1
2024041458566,2024,041458566,2,9,0,-1,19,4,8,-1,0,1,0,0,0,0,1,1,-1,9,1,54,8,-1,3,3,PEUGEOT 208,6,E01025121,0,1
2024052400133,2024,052400133,2,9,0,2,2,0,0,0,0,0,0,0,0,0,3,2,6,6,3,-1,-1,1398,2,11,PEUGEOT 208,-1,-1,0,-1
2024010540239,2024,010540239,1,9,0,18,19,3,7,9,9,1,0,0,0,0,1,1,2,2,2,51,8,1199,1,1,PEUGEOT 208,3,E01001589,0,1
2024311487932,2024,311487932,2,9,0,-1,19,6,3,-1,0,8,0,0,0,0,3,9,-1,6,2,37,7,1199,1,0,PEUGEOT 208,2,E01028267,0,1
2024421476489,2024,421476489,1,9,0,-1,9,3,1,-1,0,6,0,0,0,0,4,1,-1,9,1,81,11,1199,1,6,PEUGEOT 208,10,E01021591,0,1
2024302401080,2024,302401080,2,9,0,18,19,5,1,0,0,8,0,0,0,0,4,1,6,6,2,30,6,1200,1,10,PEUGEOT 208,7,E01029755,0,4
2024991413708,2024,991413708,2,9,0,-1,19,7,3,-1,0,1,0,0,0,0,1,1,-1,9,2,19,4,1000,1,9,PEUGEOT 208,9,-1,0,1
2024471426707,2024,471426707,2,9,0,-1,3,1,5,-1,0,1,0,0,0,0,2,1,-1,6,2,54,8,1200,1,12,PEUGEOT 208,7,E01031665,0,1
2024451439547,2024,451439547,1,9,0,-1,15,1,5,-1,0,0,0,0,4,6,1,2,-1,9,1,21,5,1397,1,12,PEUGEOT 208,6,E01030502,0,1
2024041516979,2024,041516979,1,9,0,-1,19,3,1,-1,0,0,1,0,0,0,4,1,-1,7,1,17,4,1199,1,0,PEUGEOT 208,5,E01025179,0,4
2024131458220,2024,131458220,2,9,0,-1,19,3,7,-1,0,0,0,0,0,0,3,1,-1,9,1,42,7,1200,1,10,PEUGEOT 208,8,E01013391,0,4
2024141404034,2024,141404034,1,9,0,-1,19,4,1,-1,0,2,0,0,0,0,1,1,-1,2,1,36,7,1199,1,6,PEUGEOT 208,7,E01008154,0,1
2024131400368,2024,131400368,5,9,0,-1,19,1,5,-1,0,0,0,0,0,0,1,1,-1,9,1,49,8,1499,2,1,PEUGEOT 208,6,E01004999,0,4
2024070360247,2024,070360247,2,9,0,3,3,3,7,0,0,0,0,0,0,0,2,1,6,6,2,30,6,1200,1,5,PEUGEOT 208,5,E01018689,0,2
202454F212624,2024,54F212624,3,9,0,18,19,5,1,0,0,0,0,0,0,0,1,1,6,6,2,28,6,1598,1,10,PEUGEOT 208,4,E01031862,0,1
2024471532596,2024,471532596,1,9,0,-1,4,7,3,-1,0,0,0,0,1,0,1,1,-1,9,1,29,6,1200,1,9,PEUGEOT 208,6,E01031568,0,1
2024302400662,2024,302400662,5,9,0,12,12,8,4,0,0,0,0,0,0,0,1,1,6,6,2,27,6,1560,2,10,PEUGEOT 208,-1,-1,0,-1
2024332400890,2024,332400890,1,9,0,-1,19,3,7,-1,0,4,5,0,7,0,1,1,-1,6,1,19,4,1398,2,11,PEUGEOT 208,7,E01025960,0,3
2024371523550,2024,371523550,1,9,0,-1,19,6,2,-1,0,0,0,0,0,0,1,1,-1,9,1,88,11,1200,1,7,PEUGEOT 208,9,E01030145,0,1
2024052401605,2024,052401605,1,9,0,18,19,6,1,0,0,0,0,0,0,0,3,1,6,6,3,-1,-1,1200,1,6,PEUGEOT 208,-1,-1,0,-1
2024041426576,2024,041426576,2,9,0,-1,19,2,6,-1,0,0,0,0,0,0,1,1,-1,9,1,33,6,1200,1,4,PEUGEOT 208,4,E01033281,0,1
2024201484174,2024,201484174,1,9,0,-1,19,8,4,-1,0,0,0,0,0,0,1,9,-1,9,2,25,5,1200,1,4,PEUGEOT 208,6,E01009556,0,1
2024161535752,2024,161535752,2,9,0,-1,19,3,7,-1,0,1,0,0,1,10,1,1,-1,9,2,56,9,1200,1,11,PEUGEOT 208,9,E01012813,0,3
2024451440488,2024,451440488,1,9,0,-1,19,7,7,-1,0,0,0,0,7,11,1,1,-1,9,2,76,11,1199,8,0,PEUGEOT 208,7,E01030466,0,1
2024231397864,2024,231397864,1,9,0,-1,5,1,5,-1,0,0,0,0,0,0,1,1,-1,2,2,19,4,1200,1,6,PEUGEOT 208,7,E01031181,0,1
2024231426364,2024,231426364,2,9,0,-1,19,3,6,-1,0,4,0,0,0,0,3,9,-1,2,2,24,5,1200,1,10,PEUGEOT 208,6,E01031085,0,1
2024440487162,2024,440487162,1,9,0,12,12,5,1,0,0,3,0,0,0,0,3,1,6,6,2,26,6,1200,1,3,PEUGEOT 208,3,E01022487,0,4
2024549671624,2024,549671624,2,9,0,1,1,8,4,0,0,1,0,0,0,0,3,1,6,6,1,28,6,1398,2,10,PEUGEOT 208,8,E01032694,0,2
2024061432258,2024,061432258,1,9,0,-1,99,-1,-1,-1,0,9,9,0,0,0,4,1,-1,9,2,23,5,1398,2,11,PEUGEOT 208,1,E01005959,0,1
2024451512709,2024,451512709,2,9,0,-1,19,5,1,-1,0,0,0,0,0,0,2,1,-1,1,1,37,7,1498,2,5,PEUGEOT 208,6,E01031807,0,4
2024461397440,2024,461397440,2,9,0,-1,19,7,3,-1,0,1,0,0,0,0,1,1,-1,9,2,37,7,1199,1,1,PEUGEOT 208,-1,-1,0,-1
2024411418109,2024,411418109,2,9,0,-1,19,5,1,-1,0,1,0,0,0,0,1,1,-1,6,1,37,7,1560,2,9,PEUGEOT 208,2,E01015735,0,2
2024122400726,2024,122400726,2,9,0,18,19,3,7,0,0,8,0,0,0,0,1,1,6,6,1,25,5,1560,2,9,PEUGEOT 208,1,E01027804,0,1
2024531441399,2024,531441399,2,9,0,-1,9,5,3,-1,0,0,0,0,0,0,2,1,-1,6,1,72,10,1560,2,10,PEUGEOT 208,5,E01022441,0,1
2024461462045,2024,461462045,2,9,0,-1,7,7,3,-1,0,0,0,0,0,0,3,9,-1,6,2,21,5,1200,1,4,PEUGEOT 208,4,E01024339,0,2
2024141418980,2024,141418980,1,9,0,-1,9,5,3,-1,0,8,1,0,0,0,3,1,-1,6,2,51,8,1200,1,3,PEUGEOT 208,3,E01033268,0,1
2024351491976,2024,351491976,2,9,0,-1,9,3,1,-1,0,8,0,0,0,0,3,1,-1,1,1,18,4,1200,1,10,PEUGEOT 208,10,E01018118,0,1
2024461446687,2024,461446687,1,9,0,-1,19,7,3,-1,0,1,0,7,0,0,1,1,-1,2,1,42,7,1560,2,10,PEUGEOT 208,9,E01024365,0,3
2024111440701,2024,111440701,1,9,0,-1,5,1,5,-1,0,4,0,0,0,0,1,9,-1,6,3,30,6,1560,2,10,PEUGEOT 208,-1,-1,0,-1
2024421523747,2024,421523747,1,9,0,-1,19,5,1,-1,0,1,0,0,0,0,1,1,-1,9,1,25,5,1200,1,9,PEUGEOT 208,9,E01015894,0,3
2024531511799,2024,531511799,1,9,0,-1,19,1,1,-1,0,0,5,0,0,0,1,1,-1,1,1,30,6,1398,2,10,PEUGEOT 208,3,E01009650,0,5
2024411492510,2024,411492510,1,9,0,-1,19,8,4,-1,0,0,0,0,0,0,1,1,-1,6,2,33,6,1560,2,9,PEUGEOT 208,3,E01023650,0,1
2024111404582,2024,111404582,1,9,0,-1,19,7,3,-1,0,0,0,0,0,0,1,1,-1,6,2,20,4,1598,1,10,PEUGEOT 208,6,E01008745,0,2
2024201425826,2024,201425826,1,9,0,-1,19,4,2,-1,0,0,0,0,0,0,1,9,-1,6,1,50,8,1200,1,9,PEUGEOT 208,-1,-1,0,-1
2024010490746,2024,010490746,3,9,0,18,19,7,3,0,0,1,0,0,0,0,1,1,6,6,1,34,6,1199,1,1,PEUGEOT 208,3,E01035680,0,1
2024061465344,2024,061465344,1,9,0,-1,19,1,1,-1,0,0,0,0,0,0,0,1,-1,6,-1,55,8,1000,1,8,PEUGEOT 208,-1,-1,0,-1
2024122400600,2024,122400600,1,9,0,3,3,1,5,0,0,0,0,0,0,0,2,1,1,1,1,50,8,1199,1,6,PEUGEOT 208,5,E01027590,0,1
2024052401002,2024,052401002,2,9,0,9,9,5,3,0,0,1,0,0,0,0,3,1,6,6,1,39,7,1200,1,11,PEUGEOT 208,1,E01006881,0,2
2024430376377,2024,430376377,2,9,0,18,19,1,5,0,0,1,0,0,7,4,4,1,6,6,2,47,8,1560,2,7,PEUGEOT 208,8,E01035762,0,1
2024340WN0512,2024,340WN0512,1,9,0,-1,9,6,4,-1,0,6,0,0,0,0,3,1,-1,6,2,40,7,1200,1,6,PEUGEOT 208,6,E01027139,0,1
2024371523731,2024,371523731,1,9,0,-1,4,1,5,-1,0,0,0,0,0,0,0,1,-1,6,1,34,6,1598,1,11,PEUGEOT 208,8,E01029917,0,2
2024461536896,2024,461536896,1,9,0,-1,19,8,4,-1,0,0,0,0,0,0,1,1,-1,9,1,21,5,1200,1,9,PEUGEOT 208,3,E01035312,0,3
2024201446424,2024,201446424,1,9,0,-1,19,5,2,-1,0,3,0,0,0,0,1,1,-1,6,2,30,6,1000,1,11,PEUGEOT 208,1,E01009101,0,1
2024461538979,2024,461538979,2,9,0,-1,19,5,1,-1,0,1,0,0,0,0,4,9,-1,9,2,23,5,1200,1,7,PEUGEOT 208,8,E01016144,0,1
2024501514954,2024,501514954,1,9,0,-1,19,2,6,-1,0,1,0,0,0,0,1,1,-1,9,1,70,10,1199,8,0,PEUGEOT 208,2,E01018865,0,1
2024501456762,2024,501456762,2,9,0,-1,9,5,1,-1,0,8,1,0,0,0,1,1,-1,9,1,63,9,1199,1,0,PEUGEOT 208,5,E01020050,0,1
2024991443645,2024,991443645,3,9,0,-1,19,4,8,-1,0,0,0,0,0,0,2,1,-1,9,2,53,8,1199,1,6,PEUGEOT 208,7,-1,0,3
2024991503922,2024,991503922,1,9,0,-1,19,3,7,-1,0,6,0,0,0,0,1,2,-1,2,2,26,6,1200,1,6,PEUGEOT 208,5,-1,0,1
2024631469885,2024,631469885,1,9,0,-1,5,6,2,-1,0,6,0,0,3,0,4,1,-1,6,2,75,10,1560,2,9,PEUGEOT 208,5,W01000919,0,4
2024501541892,2024,501541892,1,9,0,-1,19,5,1,-1,0,1,0,0,0,0,1,9,-1,6,2,42,7,-1,3,3,PEUGEOT 208,5,E01018812,0,1
2024161454079,2024,161454079,1,9,0,-1,19,7,3,-1,0,0,0,0,0,0,0,1,-1,6,3,-1,-1,1200,1,11,PEUGEOT 208,-1,-1,0,-1
2024010549960,2024,010549960,2,9,0,9,9,3,2,0,0,8,0,0,0,0,1,1,3,7,2,22,5,1200,1,8,PEUGEOT 208,-1,-1,0,-1
2024552400766,2024,552400766,2,9,0,9,9,4,1,0,0,5,0,0,0,0,3,1,6,6,2,28,6,1560,2,11,PEUGEOT 208,6,E01034374,0,1
2024351475979,2024,351475979,1,9,0,-1,5,7,3,-1,0,3,1,0,0,0,1,1,-1,9,2,29,6,1200,1,7,PEUGEOT 208,6,E01013710,0,4
2024201421720,2024,201421720,2,9,0,-1,19,6,4,-1,0,8,0,0,0,0,3,1,-1,9,2,23,5,1200,1,8,PEUGEOT 208,9,E01009692,0,2
2024201434706,2024,201434706,1,9,0,-1,19,4,8,-1,0,1,5,10,7,0,1,9,-1,9,1,24,5,1560,2,7,PEUGEOT 208,1,E01009325,0,2
2024351513033,2024,351513033,1,9,0,-1,19,7,3,-1,0,0,0,0,0,0,1,1,-1,6,2,36,7,1560,2,8,PEUGEOT 208,6,E01034443,0,2
2024461424179,2024,461424179,3,9,0,-1,19,5,1,-1,0,0,0,0,0,0,3,1,-1,9,2,38,7,1200,1,2,PEUGEOT 208,3,E01024641,0,3
2024451409598,2024,451409598,1,9,0,-1,9,6,8,-1,0,8,0,0,0,0,1,1,-1,9,2,22,5,1200,1,12,PEUGEOT 208,4,E01030962,0,2
2024320317657,2024,320317657,1,9,0,-1,-1,5,1,0,0,1,0,0,0,0,1,2,6,6,1,81,11,1199,1,5,PEUGEOT 208,10,E01013804,0,1
2024010511301,2024,010511301,2,9,0,9,9,1,7,0,0,1,0,0,0,0,4,1,6,6,1,43,7,1598,1,10,PEUGEOT 208,6,E01003705,0,1
2024320379246,2024,320379246,1,9,0,7,7,2,4,0,0,5,0,0,0,0,1,1,6,6,2,25,5,1398,2,11,PEUGEOT 208,7,E01026348,0,1
2024010536711,2024,010536711,1,9,0,18,19,1,5,0,0,0,0,0,0,0,1,1,2,2,1,34,6,1200,1,8,PEUGEOT 208,4,E01034033,0,3
2024631494459,2024,631494459,1,9,0,-1,19,5,1,-1,0,0,0,0,0,0,4,1,-1,6,1,85,11,1199,1,2,PEUGEOT 208,7,W01000595,0,2
2024031409571,2024,031409571,2,9,0,-1,13,5,1,-1,0,8,0,0,0,0,1,1,-1,6,2,62,9,1598,1,7,PEUGEOT 208,5,E01025168,0,2
2024201432120,2024,201432120,2,9,0,-1,7,4,6,-1,0,6,0,0,0,0,3,9,-1,6,1,68,10,1200,1,8,PEUGEOT 208,8,E01009465,0,2
2024361411120,2024,361411120,1,9,0,-1,19,1,5,-1,0,0,0,4,0,0,1,1,-1,6,1,30,6,1200,1,3,PEUGEOT 208,9,E01026901,0,1
202417S215224,2024,17S215224,1,9,0,-1,19,4,8,-1,0,0,0,0,0,0,3,1,-1,9,1,29,6,1200,1,7,PEUGEOT 208,-1,-1,0,-1
2024041421791,2024,041421791,1,9,0,-1,19,7,3,-1,0,0,2,0,2,6,1,1,-1,6,1,44,7,1200,1,8,PEUGEOT 208,8,E01012628,0,3
2024010551746,2024,010551746,1,9,0,11,11,3,7,9,9,0,1,10,1,7,1,1,2,2,2,23,5,1200,1,8,PEUGEOT 208,6,E01003703,0,2
2024302500032,2024,302500032,2,9,0,-1,19,4,2,-1,0,8,0,0,0,0,1,1,-1,6,2,18,4,1200,1,7,PEUGEOT 208,9,E01029848,0,4
2024461418130,2024,461418130,2,9,0,-1,19,6,2,-1,0,0,0,0,0,0,2,9,-1,9,2,27,6,1200,1,10,PEUGEOT 208,7,E01024185,0,1
2024522403250,2024,522403250,2,9,0,1,1,4,8,9,9,6,0,0,0,0,2,1,6,6,3,-1,-1,1000,1,10,PEUGEOT 208,-1,-1,0,-1
2024461420702,2024,461420702,3,9,0,-1,4,6,2,-1,0,0,0,0,0,0,2,1,-1,6,1,17,4,1200,1,11,PEUGEOT 208,6,E01034993,0,3
2024131416046,2024,131416046,2,9,0,-1,19,1,5,-1,0,0,0,0,0,0,1,1,-1,6,-1,-1,-1,1200,1,10,PEUGEOT 208,-1,-1,0,-1
2024010538920,2024,010538920,1,9,0,99,99,9,9,99,99,9,9,99,9,99,9,9,6,6,2,43,7,1200,1,2,PEUGEOT 208,2,E01000956,0,1
2024061483614,2024,061483614,3,9,0,-1,3,5,5,-1,0,1,1,0,0,0,2,1,-1,9,1,31,6,1200,1,8,PEUGEOT 208,5,E01012645,0,3
2024371480640,2024,371480640,1,9,0,-1,19,4,1,-1,0,0,5,4,0,0,1,1,-1,9,1,38,7,1000,1,9,PEUGEOT 208,2,E01033122,0,1
2024141464344,2024,141464344,1,9,0,-1,7,5,7,-1,0,6,0,0,0,0,3,1,-1,6,1,87,11,1200,1,8,PEUGEOT 208,1,E01007809,0,2
2024010513227,2024,010513227,1,9,0,99,99,9,9,99,99,9,9,99,9,99,3,9,6,6,2,27,6,1200,1,8,PEUGEOT 208,4,E01003448,0,1
2024340WN4502,2024,340WN4502,2,9,0,-1,19,3,7,-1,0,0,0,0,1,2,3,1,-1,2,2,22,5,1200,1,7,PEUGEOT 208,9,E01027053,0,4
2024991413253,2024,991413253,1,9,0,-1,19,2,6,-1,0,0,0,4,0,0,1,1,-1,9,2,73,10,1560,2,9,PEUGEOT 208,5,-1,0,1
2024351477752,2024,351477752,2,9,0,-1,19,5,1,-1,0,0,0,0,0,0,2,1,-1,6,1,60,9,-1,3,4,PEUGEOT 208,7,E01023504,0,4
2024010539138,2024,010539138,1,9,0,12,12,7,3,0,0,0,0,0,0,0,0,1,6,6,1,40,7,1199,1,0,PEUGEOT 208,3,E01004675,0,4
2024231490948,2024,231490948,1,9,0,-1,19,2,6,-1,0,0,0,0,0,0,1,9,-1,6,3,38,7,1200,1,6,PEUGEOT 208,-1,-1,0,-1
2024461459369,2024,461459369,2,9,0,-1,19,3,7,-1,0,8,0,0,0,0,4,9,-1,9,1,24,5,1200,1,8,PEUGEOT 208,10,E01024832,0,1
2024440106433,2024,440106433,4,9,0,18,19,6,2,0,0,0,0,0,0,0,1,1,6,6,2,48,8,1200,1,9,PEUGEOT 208,10,E01034726,0,2
2024440338372,2024,440338372,1,9,0,18,19,3,7,0,0,8,0,0,0,0,1,1,6,6,2,23,5,1200,1,4,PEUGEOT 208,9,E01017046,0,1
2024991424035,2024,991424035,1,9,0,-1,9,4,2,-1,0,8,0,0,6,0,1,1,-1,9,1,19,4,1200,1,7,PEUGEOT 208,2,-1,0,1
2024231526153,2024,231526153,1,9,0,-1,5,1,5,-1,0,6,0,0,0,0,1,9,-1,6,2,87,11,1200,1,10,PEUGEOT 208,7,E01031181,0,1
2024061482443,2024,061482443,2,9,0,-1,19,-1,-1,-1,0,8,0,0,0,0,4,1,-1,9,1,33,6,1000,1,10,PEUGEOT 208,1,E01005766,0,2
2024201406119,2024,201406119,2,9,0,-1,12,3,7,-1,0,0,0,0,0,0,3,1,-1,6,2,80,11,1200,1,5,PEUGEOT 208,5,E01009561,0,1
2024430197959,2024,430197959,2,9,0,18,19,6,2,0,0,8,0,0,0,0,1,1,1,1,1,56,9,1200,1,4,PEUGEOT 208,9,E01033833,0,2
2024221398508,2024,221398508,1,9,0,-1,19,7,5,-1,0,0,1,0,0,0,1,1,-1,6,2,32,6,1000,1,9,PEUGEOT 208,10,E01032361,0,2
2024201508620,2024,201508620,1,9,0,-1,19,4,8,-1,0,0,0,0,0,0,1,1,-1,6,1,46,8,1200,1,11,PEUGEOT 208,2,E01022332,0,4
2024201438851,2024,201438851,2,9,0,-1,19,4,8,-1,0,8,0,0,0,0,1,9,-1,6,2,43,7,1200,1,8,PEUGEOT 208,3,E01010144,0,1
2024070479115,2024,070479115,2,9,0,18,19,7,3,0,0,0,0,0,0,0,1,1,6,6,1,17,4,1200,1,11,PEUGEOT 208,3,E01017078,0,5
2024991425434,2024,991425434,1,9,0,-1,19,3,7,-1,0,1,0,0,0,0,4,1,-1,9,2,18,4,1200,1,9,PEUGEOT 208,6,-1,0,1
2024221408555,2024,221408555,2,9,0,-1,19,1,6,-1,0,0,0,0,1,0,1,1,-1,9,1,43,7,1199,1,1,PEUGEOT 208,8,W01001563,0,3
2024201434280,2024,201434280,2,9,0,-1,7,5,1,-1,0,3,0,0,0,0,4,1,-1,9,1,74,10,1199,1,1,PEUGEOT 208,7,E01009693,0,1
2024430008229,2024,430008229,1,9,0,18,19,5,1,0,0,2,5,4,0,0,1,1,6,6,2,86,11,1200,1,4,PEUGEOT 208,7,E01035739,0,1
2024302400869,2024,302400869,1,9,0,9,9,3,1,0,0,8,0,0,0,0,3,1,6,6,1,46,8,1200,1,8,PEUGEOT 208,1,E01013566,0,1
2024991484364,2024,991484364,1,9,0,-1,9,8,4,-1,0,6,0,0,0,0,4,1,-1,6,2,42,7,1200,1,3,PEUGEOT 208,9,-1,0,3
2024451461516,2024,451461516,2,9,0,-1,19,7,3,-1,0,1,0,0,0,0,0,1,-1,1,2,45,7,-1,3,2,PEUGEOT 208,9,E01004191,0,3
2024501457795,2024,501457795,3,9,0,-1,19,1,5,-1,0,8,0,0,0,0,4,1,-1,6,1,28,6,1598,1,11,PEUGEOT 208,1,E01015263,0,1
2024320704838,2024,320704838,2,9,0,4,4,4,8,0,0,1,0,0,0,0,2,1,-1,-1,2,28,6,1199,1,5,PEUGEOT 208,10,E01034701,0,2
2024052402514,2024,052402514,1,9,9,1,1,2,6,0,0,1,9,0,0,0,2,9,6,6,1,-1,-1,1000,1,8,PEUGEOT 208,-1,-1,0,-1
2024991530046,2024,991530046,1,9,0,-1,9,8,6,-1,0,2,0,0,0,0,1,1,-1,9,2,25,5,1560,2,10,PEUGEOT 208,6,-1,0,3
2024991492633,2024,991492633,1,9,0,-1,19,4,7,-1,0,4,0,0,0,0,4,1,-1,2,1,21,5,1199,1,1,PEUGEOT 208,5,-1,0,1
2024070684855,2024,070684855,2,9,0,18,19,8,4,0,0,0,0,0,7,0,1,1,6,6,2,54,8,1200,1,10,PEUGEOT 208,9,E01005786,0,2
202460Q046721,2024,60Q046721,1,9,0,18,19,7,3,0,0,0,0,0,0,0,4,1,6,6,2,27,6,1200,1,5,PEUGEOT 208,-1,-1,0,-1
2024070851696,2024,070851696,2,9,0,-1,19,4,4,-1,0,1,0,0,0,0,1,1,-1,9,1,82,11,1200,1,11,PEUGEOT 208,10,E01018503,0,2
2024332400463,2024,332400463,1,9,0,-1,19,9,9,-1,0,2,0,0,0,0,1,1,-1,6,3,-1,-1,1398,2,12,PEUGEOT 208,-1,-1,0,-1
2024421458939,2024,421458939,2,9,0,-1,19,4,7,-1,0,8,0,0,0,0,1,1,-1,9,2,26,6,1200,1,7,PEUGEOT 208,10,E01021929,0,2
2024302401679,2024,302401679,1,9,0,18,19,3,7,0,0,0,0,0,0,0,1,1,2,2,2,23,5,1398,2,12,PEUGEOT 208,6,E01027994,0,1
2024991498323,2024,991498323,1,9,0,-1,5,5,2,-1,-1,0,0,0,1,0,3,2,-1,9,1,34,6,1560,2,11,PEUGEOT 208,3,-1,0,1
2024052402625,2024,052402625,2,9,0,18,19,3,7,0,0,0,0,0,0,0,1,1,6,6,3,75,10,1200,1,10,PEUGEOT 208,8,E01007311,0,1
2024631474390,2024,631474390,3,9,0,-1,2,0,0,-1,9,2,0,0,0,0,2,1,-1,6,-1,-1,-1,1199,1,1,PEUGEOT 208,-1,-1,0,-1
2024471396553,2024,471396553,1,9,0,-1,19,2,8,-1,0,0,0,11,0,0,1,1,-1,9,1,52,8,1598,1,10,PEUGEOT 208,6,E01031396,0,1
2024131524496,2024,131524496,1,9,0,-1,9,8,5,-1,0,8,0,0,0,0,3,1,-1,6,2,21,5,1398,2,11,PEUGEOT 208,1,E01010809,0,3
2024411531252,2024,411531252,1,9,0,-1,19,3,7,-1,0,8,0,0,0,0,1,1,-1,1,2,63,9,1397,1,12,PEUGEOT 208,8,E01035602,0,2
2024122400467,2024,122400467,2,9,0,9,9,6,4,0,0,1,0,0,0,0,1,1,2,2,2,18,4,1560,2,11,PEUGEOT 208,7,E01025199,0,1
2024501451777,2024,501451777,2,9,0,-1,19,8,4,-1,0,0,0,0,0,0,2,1,-1,6,1,35,6,1200,1,11,PEUGEOT 208,4,E01018887,0,3
2024122400976,2024,122400976,1,9,0,9,9,4,2,0,0,6,0,0,0,0,3,1,2,2,2,37,7,1200,1,9,PEUGEOT 208,3,E01011314,0,4
2024610009924,2024,610009924,1,9,0,5,5,3,7,0,0,8,0,0,0,0,1,1,6,6,1,76,11,1560,2,8,PEUGEOT 208,3,W01001362,0,1
2024031472848,2024,031472848,1,9,0,-1,19,8,3,-1,0,2,0,0,0,0,1,1,-1,6,2,64,9,1598,1,11,PEUGEOT 208,5,E01019338,0,1
2024320019152,2024,320019152,1,9,0,18,19,6,2,0,0,0,0,0,0,0,1,1,-1,-1,2,38,7,1398,2,11,PEUGEOT 208,3,E01034679,0,1