collision_index,collision_year,collision_ref_no,vehicle_reference,vehicle_type,towing_and_articulation,vehicle_manoeuvre_historic,vehicle_manoeuvre,vehicle_direction_from,vehicle_direction_to,vehicle_location_restricted_lane_historic,vehicle_location_restricted_lane,junction_location,skidding_and_overturning,hit_object_in_carriageway,vehicle_leaving_carriageway,hit_object_off_carriageway,first_point_of_impact,vehicle_left_hand_drive,journey_purpose_of_driver_historic,journey_purpose_of_driver,sex_of_driver,age_of_driver,age_band_of_driver,engine_capacity_cc,propulsion_code,age_of_vehicle,generic_make_model,driver_imd_decile,lsoa_of_driver,escooter_flag,driver_distance_banding
2024991471307,2024,991471307,1,9,0,-1,19,1,5,-1,0,0,0,0,0,0,1,1,-1,9,2,36,7,1200,1,6,PEUGEOT 208,-1,-1,0,-1
2024991521853,2024,991521853,1,9,0,-1,7,6,8,-1,0,1,0,0,0,0,4,1,-1,9,2,26,6,1199,8,0,PEUGEOT 208,2,-1,0,1
2024501494997,2024,501494997,1,9,0,-1,19,1,5,-1,9,2,1,0,7,10,1,1,-1,9,1,80,11,1199,1,1,PEUGEOT 208,6,E01018915,0,1
2024622400533,2024,622400533,1,9,0,6,6,2,2,0,0,1,0,0,0,0,3,1,1,1,1,27,6,1199,1,1,PEUGEOT 208,2,W01001750,0,1
2024351510870,2024,351510870,1,9,-1,-1,19,-1,-1,-1,0,1,0,0,0,0,3,1,-1,2,2,22,5,1560,2,7,PEUGEOT 208,5,E01018207,0,2
2024161494679,2024,161494679,2,9,0,-1,4,5,1,-1,0,0,0,0,0,0,4,1,-1,9,1,32,6,1200,1,3,PEUGEOT 208,8,E01013305,0,1
2024991450986,2024,991450986,1,9,0,-1,9,1,8,-1,0,6,0,0,0,0,3,1,-1,6,1,26,6,1200,1,2,PEUGEOT 208,10,-1,0,1
2024161427007,2024,161427007,1,9,0,-1,19,7,3,-1,0,0,0,0,0,0,2,1,-1,6,1,37,7,1200,1,4,PEUGEOT 208,4,E01012799,0,3
2024430087372,2024,430087372,2,9,0,3,3,8,4,0,0,1,0,0,0,0,2,1,6,6,2,49,8,1560,2,8,PEUGEOT 208,5,E01033522,0,1
2024440219417,2024,440219417,3,9,0,8,8,5,7,0,0,1,0,0,0,0,1,1,6,6,1,45,7,-1,3,3,PEUGEOT 208,3,E01017335,0,1
2024122400801,2024,122400801,1,9,0,5,5,3,7,0,0,3,0,0,0,0,0,1,2,2,1,28,6,1598,1,9,PEUGEOT 208,6,E01013441,0,1
2024461517368,2024,461517368,2,9,0,-1,19,5,3,-1,0,0,0,0,0,0,1,1,-1,6,1,75,10,-1,3,1,PEUGEOT 208,3,E01024059,0,2
2024501513480,2024,501513480,1,9,0,-1,5,5,1,-1,0,8,0,0,0,0,3,1,-1,6,2,88,11,1200,1,7,PEUGEOT 208,4,E01018965,0,1
2024361399556,2024,361399556,2,9,0,-1,19,1,5,-1,0,0,0,0,0,0,2,1,-1,6,2,70,10,1397,1,12,PEUGEOT 208,6,E01026533,0,3
2024440450340,2024,440450340,2,9,0,18,19,5,1,0,0,1,0,0,0,0,1,1,6,6,1,36,7,1560,2,7,PEUGEOT 208,9,E01022565,0,3
2024041508763,2024,041508763,1,9,0,-1,9,1,5,-1,0,1,0,7,0,0,1,1,-1,9,1,18,4,1200,1,10,PEUGEOT 208,2,E01007849,0,4
2024451432753,2024,451432753,4,9,0,-1,2,0,0,-1,0,0,0,0,0,0,3,1,-1,6,-1,-1,-1,-1,3,2,PEUGEOT 208,-1,-1,0,-1
2024361532782,2024,361532782,1,9,0,-1,19,3,4,-1,0,0,0,0,0,0,1,1,-1,6,3,-1,-1,1200,1,6,PEUGEOT 208,-1,-1,0,-1
2024430341913,2024,430341913,1,9,0,9,9,2,7,0,0,4,0,0,0,0,3,1,6,6,2,28,6,1199,1,5,PEUGEOT 208,3,E01033421,0,1
2024161501894,2024,161501894,4,9,0,-1,2,0,0,-1,0,1,0,0,0,0,2,9,-1,6,-1,-1,-1,1200,1,10,PEUGEOT 208,-1,-1,0,-1
2024451428520,2024,451428520,1,9,0,-1,19,1,5,-1,0,0,0,0,0,0,1,1,-1,9,2,56,9,1000,1,9,PEUGEOT 208,9,E01031674,0,3
2024351492039,2024,351492039,1,9,0,-1,9,6,3,-1,0,8,0,0,1,11,4,1,-1,2,2,41,7,1200,1,11,PEUGEOT 208,8,E01017992,0,1
2024501440756,2024,501440756,1,9,0,-1,19,3,7,-1,0,0,0,0,0,0,1,1,-1,9,2,30,6,1199,1,6,PEUGEOT 208,7,E01020318,0,3
2024141507147,2024,141507147,1,9,0,-1,14,1,1,-1,0,0,0,0,0,0,1,1,-1,9,1,39,7,1200,1,8,PEUGEOT 208,3,E01007550,0,1
2024430032857,2024,430032857,1,9,0,18,19,7,3,0,0,8,0,0,0,0,1,1,6,6,1,26,6,1498,2,6,PEUGEOT 208,9,E01016292,0,1
2024522402166,2024,522402166,3,9,0,2,2,0,0,0,0,1,0,0,0,0,4,1,6,6,3,-1,-1,1200,1,3,PEUGEOT 208,-1,-1,0,-1
2024440362419,2024,440362419,3,9,0,4,4,2,6,0,0,0,0,0,0,0,2,1,6,6,2,63,9,1000,1,8,PEUGEOT 208,8,E01032843,0,2
2024041442358,2024,041442358,1,9,0,-1,-1,1,5,-1,-1,4,0,0,0,0,3,1,-1,-1,2,93,11,1200,1,9,PEUGEOT 208,7,E01005014,0,1
2024461475215,2024,461475215,2,9,0,-1,2,0,0,-1,0,0,0,0,0,0,4,1,-1,6,2,18,4,-1,3,4,PEUGEOT 208,8,E01016144,0,1
2024451453960,2024,451453960,1,9,0,-1,7,5,1,-1,0,0,0,0,0,0,2,1,-1,1,1,59,9,1000,1,9,PEUGEOT 208,-1,-1,0,-1
2024430336064,2024,430336064,1,9,0,9,9,5,3,0,0,2,0,7,1,0,3,1,3,7,2,25,5,1200,1,10,PEUGEOT 208,7,E01028488,0,3
2024991428023,2024,991428023,2,9,0,-1,19,4,8,-1,0,0,0,0,0,0,1,1,-1,9,2,39,7,1500,2,2,PEUGEOT 208,8,-1,0,2
2024471487981,2024,471487981,2,9,0,-1,19,1,5,-1,0,1,0,0,0,0,4,1,-1,2,2,20,4,1200,1,9,PEUGEOT 208,6,E01021205,0,4
2024302400811,2024,302400811,1,9,0,5,5,2,5,0,0,4,0,0,0,0,2,1,6,6,2,64,9,1200,1,5,PEUGEOT 208,7,E01019429,0,1
2024440292960,2024,440292960,1,9,0,18,19,3,7,0,0,0,0,0,0,0,1,1,6,6,3,-1,-1,1200,1,3,PEUGEOT 208,-1,-1,0,-1
2024131401426,2024,131401426,2,9,0,-1,2,0,0,-1,0,0,0,0,0,0,3,1,-1,6,-1,-1,-1,1560,2,12,PEUGEOT 208,-1,-1,0,-1
2024411490832,2024,411490832,3,9,0,-1,10,1,5,-1,0,0,0,0,0,0,2,1,-1,1,1,-1,-1,1200,1,10,PEUGEOT 208,10,E01017883,0,4
2024111451918,2024,111451918,1,9,0,-1,19,1,5,-1,0,4,0,0,0,0,1,1,-1,9,2,38,7,1199,1,7,PEUGEOT 208,7,E01020796,0,2
2024061495734,2024,061495734,1,9,0,-1,19,3,7,-1,0,0,0,0,0,0,1,1,-1,9,2,76,11,1200,1,9,PEUGEOT 208,10,E01006193,0,2
2024451456018,2024,451456018,2,9,0,-1,19,4,8,-1,0,0,0,0,0,0,2,1,-1,9,1,47,8,1199,1,1,PEUGEOT 208,7,E01030548,0,1
2024131399950,2024,131399950,1,9,0,-1,-1,-1,-1,-1,-1,0,-1,-1,-1,-1,-1,1,-1,6,3,-1,-1,1000,1,10,PEUGEOT 208,-1,-1,0,-1
2024991472424,2024,991472424,1,9,0,-1,9,3,1,-1,0,1,0,0,0,0,1,1,-1,2,2,31,6,1200,1,3,PEUGEOT 208,1,-1,0,1
2024451507142,2024,451507142,1,9,0,-1,19,8,4,-1,4,0,0,0,0,0,1,1,-1,7,1,38,7,1200,1,6,PEUGEOT 208,3,E01030385,0,1
2024201403917,2024,201403917,2,9,0,-1,9,3,1,-1,0,6,0,0,0,0,3,1,-1,6,3,30,6,1200,1,10,PEUGEOT 208,-1,-1,0,-1
2024471433443,2024,471433443,1,9,0,-1,9,5,1,-1,0,8,0,0,1,0,3,1,-1,2,2,20,4,1200,1,10,PEUGEOT 208,10,E01031803,0,1
2024041411348,2024,041411348,3,9,0,-1,12,8,4,-1,-1,0,0,0,1,6,3,1,-1,9,2,29,6,1398,2,11,PEUGEOT 208,4,E01019389,0,4
2024501484479,2024,501484479,1,9,0,-1,19,3,7,-1,0,0,0,0,0,0,1,9,-1,6,2,64,9,1560,2,9,PEUGEOT 208,5,E01018845,0,1
2024311493251,2024,311493251,3,9,0,-1,10,2,6,-1,0,0,0,0,0,0,3,1,-1,6,2,55,8,1199,1,0,PEUGEOT 208,3,E01028254,0,3
2024548602524,2024,548602524,1,9,0,18,19,4,8,0,0,4,0,0,0,0,1,1,6,6,1,65,9,1200,1,9,PEUGEOT 208,9,E01033847,0,1
2024991431543,2024,991431543,1,9,0,-1,19,3,7,-1,0,0,5,0,2,0,1,1,-1,6,2,19,4,1200,1,4,PEUGEOT 208,5,-1,0,3
2024161433276,2024,161433276,1,9,0,-1,19,1,5,-1,0,1,0,0,0,0,1,1,-1,6,1,18,4,1200,1,3,PEUGEOT 208,7,E01012950,0,1
2024161435665,2024,161435665,1,9,0,-1,5,1,2,-1,0,1,0,0,0,0,1,1,-1,2,2,50,8,1200,1,7,PEUGEOT 208,8,E01012983,0,1
2024411445411,2024,411445411,1,9,0,-1,19,6,2,-1,0,1,0,0,0,0,1,1,-1,6,2,56,9,1200,1,6,PEUGEOT 208,5,E01035575,0,1
2024061442057,2024,061442057,2,19,0,-1,19,1,5,-1,0,0,0,0,0,0,2,1,-1,1,2,59,9,1200,1,4,PEUGEOT 208,-1,-1,0,-1
2024221510367,2024,221510367,1,9,0,-1,19,3,7,-1,0,0,5,0,1,0,2,1,-1,6,2,47,8,1200,1,10,PEUGEOT 208,2,E01014199,0,3
2024031488769,2024,031488769,1,9,0,-1,19,1,5,-1,0,0,5,0,1,1,1,1,-1,9,1,26,6,1397,1,12,PEUGEOT 208,3,E01009078,0,5
2024991416200,2024,991416200,2,9,0,-1,19,5,1,-1,0,0,0,0,0,0,2,1,-1,9,1,26,6,1200,1,8,PEUGEOT 208,7,-1,0,4
2024440486012,2024,440486012,2,9,0,9,9,6,4,0,0,8,0,0,0,0,1,1,6,6,3,-1,-1,1199,1,6,PEUGEOT 208,-1,-1,0,-1
2024131458940,2024,131458940,1,9,0,-1,19,4,8,-1,0,2,0,0,1,7,1,1,-1,9,1,22,5,1200,1,10,PEUGEOT 208,1,E01010966,0,1
2024361553069,2024,361553069,1,9,0,-1,9,1,7,-1,0,8,0,0,0,0,4,1,-1,1,2,21,5,1200,1,10,PEUGEOT 208,4,E01026823,0,1
2024332400836,2024,332400836,1,9,0,-1,19,5,1,-1,0,2,1,0,0,0,1,1,-1,2,1,46,8,1398,2,9,PEUGEOT 208,1,E01013601,0,1
2024231514715,2024,231514715,1,9,0,-1,5,8,1,-1,0,4,0,0,0,0,2,1,-1,9,2,33,6,-1,3,2,PEUGEOT 208,6,E01031322,0,1
2024302400354,2024,302400354,1,9,0,9,9,2,8,0,0,1,0,0,0,0,1,1,6,6,2,31,6,1200,1,9,PEUGEOT 208,5,E01019438,0,1
2024501460683,2024,501460683,1,9,0,-1,19,8,4,-1,0,0,5,7,0,0,1,1,-1,2,2,48,8,1398,2,11,PEUGEOT 208,9,E01034633,0,1
2024332400477,2024,332400477,1,9,0,-1,19,2,6,-1,0,1,5,0,0,0,1,1,-1,9,1,25,5,1598,1,11,PEUGEOT 208,4,E01025823,0,1
2024131485469,2024,131485469,2,9,0,-1,19,1,5,-1,0,0,0,0,0,0,1,1,-1,6,2,20,4,1398,2,11,PEUGEOT 208,1,E01011342,0,1
2024531439061,2024,531439061,2,9,0,-1,19,1,5,-1,0,0,0,0,0,0,2,1,-1,9,1,55,8,1398,2,10,PEUGEOT 208,10,E01022382,0,1
2024011513158,2024,011513158,4,9,0,-1,4,2,6,-1,0,4,0,0,0,0,1,1,-1,6,1,24,5,1200,1,4,PEUGEOT 208,3,E01021283,0,2
2024430432169,2024,430432169,2,9,0,4,4,1,5,0,0,0,0,0,0,0,2,1,6,6,1,63,9,-1,3,4,PEUGEOT 208,8,E01002949,0,4
2024631510973,2024,631510973,2,9,0,-1,19,2,6,-1,0,0,0,0,1,10,4,1,-1,1,1,32,6,1200,1,9,PEUGEOT 208,6,W01000674,0,4
2024010543677,2024,010543677,1,9,0,18,19,2,6,0,0,8,0,0,0,0,3,1,6,6,2,49,8,1598,1,11,PEUGEOT 208,6,E01001184,0,1
2024061527549,2024,061527549,2,9,0,-1,19,4,8,-1,0,1,0,0,0,0,4,1,-1,6,2,28,6,1199,1,2,PEUGEOT 208,5,E01018648,0,3
2024231451958,2024,231451958,6,9,0,-1,2,0,0,-1,0,0,0,0,0,0,3,9,-1,6,1,38,7,1200,1,7,PEUGEOT 208,6,E01031061,0,1
2024010510839,2024,010510839,1,9,0,18,19,3,7,0,0,0,0,0,0,0,1,1,6,6,2,86,11,1200,1,5,PEUGEOT 208,7,E01000572,0,1
2024010549059,2024,010549059,1,9,0,99,99,9,9,99,99,9,9,99,9,99,2,9,6,6,2,28,6,1200,1,3,PEUGEOT 208,8,E01030697,0,3
2024351401974,2024,351401974,2,9,0,-1,19,7,3,-1,0,8,0,0,0,0,1,1,-1,2,2,18,4,1200,1,12,PEUGEOT 208,10,E01018267,0,1
2024552401353,2024,552401353,2,9,0,4,4,5,1,0,0,0,0,0,0,0,2,1,6,6,1,34,6,1199,1,1,PEUGEOT 208,4,E01020571,0,1
2024451410579,2024,451410579,1,9,0,-1,4,1,1,-1,0,0,0,99,0,0,2,1,-1,2,2,22,5,-1,3,4,PEUGEOT 208,9,E01022582,0,4
2024061412509,2024,061412509,1,9,0,-1,9,8,5,-1,0,2,0,0,0,0,1,1,-1,9,2,22,5,1200,1,11,PEUGEOT 208,2,E01005368,0,1
2024311509448,2024,311509448,1,9,0,-1,19,1,5,-1,0,5,0,0,0,0,1,1,-1,6,1,86,11,1200,1,9,PEUGEOT 208,6,E01028290,0,1
2024546258624,2024,546258624,6,9,0,2,2,0,0,0,0,2,0,0,0,0,1,1,6,6,3,-1,-1,1200,1,7,PEUGEOT 208,-1,-1,0,-1
2024061480890,2024,061480890,1,9,0,-1,19,7,3,-1,0,4,0,0,0,0,1,1,-1,9,1,35,6,1199,1,5,PEUGEOT 208,-1,-1,0,-1
2024010523291,2024,010523291,1,9,0,99,99,9,9,99,99,9,9,99,9,99,2,9,2,2,2,30,6,1200,1,5,PEUGEOT 208,5,E01023869,0,3
2024302401631,2024,302401631,3,9,0,18,19,8,4,0,0,0,1,4,0,0,1,1,1,1,1,23,5,1200,1,7,PEUGEOT 208,10,E01025916,0,2
2024131460225,2024,131460225,1,9,0,-1,5,3,7,-1,0,0,0,0,0,0,2,1,-1,9,1,30,6,1200,1,4,PEUGEOT 208,1,E01034264,0,1
2024131408344,2024,131408344,1,9,0,-1,9,3,1,-1,0,8,0,0,0,0,3,1,-1,6,1,67,10,1199,1,5,PEUGEOT 208,4,E01010756,0,1
2024440410374,2024,440410374,1,9,0,7,7,2,6,0,0,6,0,0,0,0,1,1,6,6,2,61,9,1199,1,8,PEUGEOT 208,5,E01023151,0,1
2024361450299,2024,361450299,2,9,0,-1,10,3,7,-1,0,0,0,0,0,0,3,1,-1,1,2,49,8,1200,1,11,PEUGEOT 208,10,E01026303,0,4
2024522403015,2024,522403015,1,9,0,18,19,3,8,0,0,1,0,0,1,10,1,1,6,6,1,26,6,1397,1,12,PEUGEOT 208,7,E01014858,0,2
2024471492362,2024,471492362,1,9,0,-1,19,8,4,-1,0,3,0,0,1,2,1,1,-1,6,2,60,9,1199,1,1,PEUGEOT 208,4,E01031443,0,1
2024531490511,2024,531490511,3,9,0,-1,19,3,7,-1,0,1,0,0,0,0,1,9,-1,6,2,43,7,1199,1,5,PEUGEOT 208,6,E01014414,0,4
2024141406197,2024,141406197,1,9,0,-1,19,1,5,-1,0,0,0,0,0,0,3,1,-1,9,2,34,6,1560,2,8,PEUGEOT 208,2,E01007789,0,1
2024061490195,2024,061490195,1,9,0,-1,4,1,5,-1,0,2,0,0,0,0,1,1,-1,9,2,42,7,1200,1,9,PEUGEOT 208,3,E01005440,0,1
2024031450497,2024,031450497,1,9,0,-1,19,7,3,-1,0,0,0,0,0,0,1,1,-1,2,2,18,4,1200,1,10,PEUGEOT 208,4,E01019318,0,3
2024161478586,2024,161478586,1,9,0,-1,19,8,4,-1,0,8,0,0,7,0,1,1,-1,6,1,22,5,1200,1,8,PEUGEOT 208,8,E01029440,0,5
2024991426646,2024,991426646,1,9,0,-1,19,3,7,-1,0,8,0,0,0,0,4,1,-1,9,2,23,5,1200,1,9,PEUGEOT 208,10,-1,0,1
2024221444114,2024,221444114,2,9,0,-1,5,6,2,-1,0,8,0,0,0,0,2,9,-1,6,2,45,7,1000,1,9,PEUGEOT 208,8,E01028861,0,1
2024010523104,2024,010523104,2,9,0,9,9,5,3,0,0,8,0,0,0,0,0,1,6,6,2,18,4,1200,1,4,PEUGEOT 208,7,E01035000,0,2
2024991520586,2024,991520586,1,9,0,-1,6,3,7,-1,0,8,0,0,0,0,1,1,-1,9,1,22,5,1200,1,12,PEUGEOT 208,7,-1,0,1
2024161439397,2024,161439397,1,9,0,-1,5,5,3,-1,0,6,0,0,7,0,3,1,-1,9,2,68,10,1398,2,12,PEUGEOT 208,4,E01012825,0,1
2024161424067,2024,161424067,2,9,0,-1,19,5,1,-1,0,1,0,0,0,0,1,1,-1,9,1,23,5,1200,1,7,PEUGEOT 208,1,E01013296,0,1
2024522402311,2024,522402311,2,9,0,18,19,6,2,0,0,2,0,0,0,0,3,1,6,6,2,66,10,1199,1,2,PEUGEOT 208,8,E01014972,0,1
2024052400855,2024,052400855,1,9,0,9,9,3,1,0,0,6,0,0,0,0,1,1,2,2,1,40,7,1398,2,11,PEUGEOT 208,7,E01006856,0,2
2024311513561,2024,311513561,1,9,0,-1,5,2,4,-1,0,6,0,0,0,0,1,1,-1,6,2,-1,-1,1200,1,3,PEUGEOT 208,-1,-1,0,-1
2024041404572,2024,041404572,2,9,0,-1,19,6,8,-1,0,1,0,0,0,0,3,1,-1,6,2,28,6,1199,1,2,PEUGEOT 208,1,E01025084,0,3
2024421486039,2024,421486039,2,9,0,-1,4,3,7,-1,0,0,0,0,0,0,2,1,-1,9,2,36,7,1200,1,7,PEUGEOT 208,10,E01021958,0,1
2024010535937,2024,010535937,2,9,0,5,5,5,1,0,0,1,0,4,0,0,3,1,6,6,2,80,11,-1,3,4,PEUGEOT 208,5,E01003863,0,1
2024631420023,2024,631420023,1,9,0,-1,19,1,6,-1,0,8,0,0,0,0,3,1,-1,9,1,55,8,1200,1,11,PEUGEOT 208,7,W01000562,0,3
2024340WN3032,2024,340WN3032,1,9,0,-1,1,8,4,-1,0,1,0,0,0,0,2,1,-1,6,1,17,4,1200,1,10,PEUGEOT 208,-1,-1,0,-1
2024311501810,2024,311501810,2,9,0,-1,9,5,2,-1,0,4,0,0,0,0,4,1,-1,1,2,22,5,1200,1,7,PEUGEOT 208,7,E01028287,0,1
2024041419574,2024,041419574,2,9,0,-1,2,0,0,-1,0,0,0,0,0,0,3,1,-1,6,-1,-1,-1,1598,1,8,PEUGEOT 208,-1,-1,0,-1
2024201462707,2024,201462707,1,9,0,-1,19,5,1,-1,0,0,0,0,0,0,1,9,-1,6,2,59,9,1199,1,5,PEUGEOT 208,1,E01009570,0,1
2024201422162,2024,201422162,1,9,0,-1,5,1,5,-1,2,0,0,0,0,0,1,1,-1,6,3,-1,-1,1200,1,8,PEUGEOT 208,-1,-1,0,-1
2024340WN2402,2024,340WN2402,2,9,0,-1,19,7,3,-1,0,0,0,0,0,0,2,1,-1,2,2,32,6,1560,2,10,PEUGEOT 208,6,E01027079,0,4
2024302500061,2024,302500061,1,9,0,-1,9,1,7,-1,0,8,0,0,0,0,1,1,-1,6,2,53,8,-1,3,1,PEUGEOT 208,3,E01019404,0,3
2024320010167,2024,320010167,2,9,0,-1,-1,8,4,0,0,1,0,0,0,0,2,1,6,6,2,60,9,-1,3,2,PEUGEOT 208,10,E01028328,0,4
2024101401105,2024,101401105,3,9,5,-1,7,7,3,-1,-1,0,0,0,1,0,1,1,-1,2,1,43,7,1200,1,10,PEUGEOT 208,5,E01008879,0,1
2024010526459,2024,010526459,2,9,0,2,2,0,0,0,0,0,0,0,0,0,1,1,6,6,3,-1,-1,1200,1,8,PEUGEOT 208,-1,-1,0,-1
2024201488878,2024,201488878,2,9,0,-1,19,8,4,-1,0,0,0,0,0,0,1,9,-1,9,2,39,7,1199,8,0,PEUGEOT 208,6,E01009034,0,1
2024141495961,2024,141495961,1,9,0,-1,9,5,3,-1,0,5,0,0,0,0,1,1,-1,9,1,24,5,1200,1,11,PEUGEOT 208,9,E01028104,0,4
2024471487133,2024,471487133,1,9,0,-1,7,4,2,-1,0,3,0,0,0,0,4,1,-1,9,1,36,7,1199,1,1,PEUGEOT 208,2,E01016945,0,4
2024302401136,2024,302401136,2,9,0,16,19,3,6,0,0,8,0,0,0,0,3,1,6,6,2,56,9,1398,2,12,PEUGEOT 208,1,E01033167,0,3
2024010534594,2024,010534594,2,9,0,99,99,9,9,99,99,9,9,99,9,99,1,9,6,6,3,-1,-1,1200,1,11,PEUGEOT 208,3,E01003723,0,1
2024531523239,2024,531523239,2,9,0,-1,19,5,1,-1,0,8,0,0,0,0,3,9,-1,6,2,89,11,1200,1,9,PEUGEOT 208,10,E01022208,0,1
2024501483649,2024,501483649,2,9,0,-1,3,3,7,-1,0,0,0,0,0,0,2,1,-1,9,1,35,6,1398,2,11,PEUGEOT 208,6,E01019942,0,3
2024311495703,2024,311495703,1,9,0,-1,19,4,8,-1,0,0,0,0,0,0,1,9,-1,6,2,42,7,1398,2,11,PEUGEOT 208,-1,-1,0,-1
2024430211363,2024,430211363,1,9,0,18,19,4,8,0,0,4,0,0,0,0,1,1,2,2,1,45,7,1200,1,9,PEUGEOT 208,7,E01016328,0,2
2024471406581,2024,471406581,2,9,0,-1,19,1,5,-1,0,0,0,0,0,0,1,1,-1,9,1,21,5,1200,1,10,PEUGEOT 208,5,E01031481,0,1
2024991398046,2024,991398046,2,9,0,-1,5,1,5,-1,0,3,0,0,0,0,2,1,-1,6,2,22,5,1199,1,2,PEUGEOT 208,-1,-1,0,-1
2024010532196,2024,010532196,1,9,0,99,99,9,9,99,99,9,9,99,9,99,4,9,6,6,2,33,6,1200,1,9,PEUGEOT 208,4,E01004329,0,1
2024522402517,2024,522402517,4,9,0,4,4,2,6,0,0,0,0,0,0,0,2,1,6,6,1,68,10,1199,1,0,PEUGEOT 208,9,E01014933,0,2
2024231396766,2024,231396766,2,9,0,-1,19,2,6,-1,0,8,0,0,0,0,1,9,-1,9,2,70,10,1398,2,10,PEUGEOT 208,10,E01032895,0,1
2024622400331,2024,622400331,2,9,0,10,10,2,7,0,0,0,0,0,0,0,2,1,6,6,2,52,8,-1,3,1,PEUGEOT 208,8,W01000771,0,1
2024010521020,2024,010521020,2,9,0,99,99,9,9,99,99,9,9,99,9,99,1,9,6,6,3,-1,-1,1199,1,0,PEUGEOT 208,-1,-1,0,-1
2024622400285,2024,622400285,1,9,0,18,19,2,6,0,0,0,0,0,0,0,1,1,1,1,1,47,8,1398,2,11,PEUGEOT 208,1,W01001740,0,2
2024320508882,2024,320508882,1,9,0,-1,-1,6,2,0,0,3,0,0,0,0,1,1,-1,-1,1,20,4,1199,1,2,PEUGEOT 208,9,E01026229,0,1
2024451486548,2024,451486548,1,9,0,-1,19,6,8,-1,0,0,0,0,1,0,4,1,-1,9,1,61,9,1199,1,0,PEUGEOT 208,5,E01031481,0,4
2024141512825,2024,141512825,1,9,0,-1,12,5,1,-1,0,0,0,10,5,6,3,1,-1,9,2,27,6,1398,2,11,PEUGEOT 208,1,E01033547,0,5
2024501493190,2024,501493190,1,9,0,-1,13,5,1,-1,0,0,0,0,0,0,1,1,-1,2,2,38,7,1398,2,12,PEUGEOT 208,4,E01018782,0,1
2024522403112,2024,522403112,1,9,0,18,19,3,7,0,0,1,0,0,0,0,1,1,6,6,2,29,6,1200,1,8,PEUGEOT 208,3,E01015510,0,4
2024141469970,2024,141469970,2,9,0,-1,-1,1,5,-1,-1,0,0,0,0,0,1,1,-1,-1,1,30,6,1200,1,6,PEUGEOT 208,4,E01008162,0,5
2024501514537,2024,501514537,2,9,0,-1,19,1,5,-1,0,0,0,0,0,0,1,1,-1,9,1,26,6,1200,1,3,PEUGEOT 208,3,E01018761,0,1
2024622400599,2024,622400599,1,9,0,6,6,2,2,0,0,0,0,0,0,0,2,1,2,2,2,33,6,1560,2,6,PEUGEOT 208,5,W01001318,0,3
2024201424846,2024,201424846,2,9,0,-1,19,4,8,-1,0,8,0,0,0,0,3,1,-1,9,2,28,6,1200,1,3,PEUGEOT 208,3,E01003574,0,5
2024131484889,2024,131484889,1,9,0,-1,19,1,1,-1,0,0,0,0,0,0,2,1,-1,6,-1,-1,-1,1560,2,8,PEUGEOT 208,-1,-1,0,-1
2024471502394,2024,471502394,2,9,0,-1,2,0,0,-1,0,0,0,0,0,0,4,1,-1,6,-1,-1,-1,1199,1,0,PEUGEOT 208,-1,-1,0,-1
2024332400591,2024,332400591,2,9,0,-1,19,5,1,-1,0,0,0,0,0,0,2,1,-1,6,2,38,7,1199,1,0,PEUGEOT 208,10,E01025624,0,2
2024010535601,2024,010535601,2,9,0,99,99,9,9,99,99,9,9,99,9,99,9,9,6,6,3,-1,-1,1200,1,12,PEUGEOT 208,-1,-1,0,-1
202417H101924,2024,17H101924,1,9,0,-1,4,2,6,-1,0,0,0,0,0,0,2,1,-1,2,2,54,8,1560,2,7,PEUGEOT 208,5,E01011967,0,1
2024471448439,2024,471448439,3,9,0,-1,19,4,6,-1,0,0,0,0,0,0,4,1,-1,9,1,48,8,1200,1,3,PEUGEOT 208,4,E01031572,0,4
2024010528159,2024,010528159,2,9,0,99,99,9,9,99,99,9,9,99,9,99,1,9,6,6,3,35,6,1200,1,9,PEUGEOT 208,4,E01002250,0,1
2024231462232,2024,231462232,2,9,0,-1,7,5,7,-1,0,6,0,0,1,0,1,1,-1,6,2,17,4,1199,1,5,PEUGEOT 208,7,E01031166,0,3
2024522401713,2024,522401713,2,9,0,18,19,3,7,0,0,0,0,0,0,0,1,1,6,6,2,78,11,1200,1,7,PEUGEOT 208,8,E01014938,0,2
2024201423869,2024,201423869,2,9,0,-1,2,0,0,-1,9,6,0,4,0,0,2,1,-1,6,1,33,6,1499,2,1,PEUGEOT 208,5,E01018158,0,5
2024131502061,2024,131502061,2,9,0,-1,19,8,4,-1,0,1,0,0,0,0,0,1,-1,6,1,26,6,1199,1,1,PEUGEOT 208,1,E01011656,0,2
2024041449539,2024,041449539,1,9,0,-1,19,3,7,-1,1,0,0,0,0,0,1,1,-1,9,1,36,7,1200,1,5,PEUGEOT 208,1,E01025575,0,1
2024401537533,2024,401537533,2,9,0,-1,19,3,7,-1,0,0,1,0,0,0,4,1,-1,9,1,49,8,1200,1,10,PEUGEOT 208,3,E01015765,0,1
2024991524448,2024,991524448,2,9,0,-1,3,1,5,-1,0,1,0,0,0,0,2,1,-1,6,2,20,4,1200,1,7,PEUGEOT 208,-1,-1,0,-1
2024141463104,2024,141463104,1,9,0,-1,19,6,1,-1,0,0,0,0,0,0,3,9,-1,6,1,18,4,1199,1,1,PEUGEOT 208,1,E01008015,0,1
2024421443880,2024,421443880,2,9,0,-1,3,1,5,-1,0,0,0,0,0,0,2,1,-1,6,2,50,8,1200,1,3,PEUGEOT 208,8,E01033052,0,4