collision_index,collision_year,collision_ref_no,vehicle_reference,vehicle_type,towing_and_articulation,vehicle_manoeuvre_historic,vehicle_manoeuvre,vehicle_direction_from,vehicle_direction_to,vehicle_location_restricted_lane_historic,vehicle_location_restricted_lane,junction_location,skidding_and_overturning,hit_object_in_carriageway,vehicle_leaving_carriageway,hit_object_off_carriageway,first_point_of_impact,vehicle_left_hand_drive,journey_purpose_of_driver_historic,journey_purpose_of_driver,sex_of_driver,age_of_driver,age_band_of_driver,engine_capacity_cc,propulsion_code,age_of_vehicle,generic_make_model,driver_imd_decile,lsoa_of_driver,escooter_flag,driver_distance_banding
2024332400328,2024,332400328,1,9,0,-1,6,1,1,-1,0,8,0,0,1,11,1,1,-1,6,3,-1,-1,1598,1,11,PEUGEOT 208,-1,-1,0,-1
2024131399210,2024,131399210,1,9,0,-1,5,1,5,-1,2,8,0,0,0,0,1,1,-1,2,1,42,7,-1,3,1,PEUGEOT 208,2,E01007414,0,3
2024501527238,2024,501527238,2,9,0,-1,19,6,2,-1,0,0,0,0,1,0,1,1,-1,9,1,19,4,1398,2,10,PEUGEOT 208,9,E01018822,0,2
2024522401258,2024,522401258,1,9,0,4,4,8,4,0,0,1,0,0,0,0,2,1,6,6,2,46,8,1200,1,9,PEUGEOT 208,4,E01014576,0,1
2024101509358,2024,101509358,1,9,0,-1,19,5,1,-1,0,0,0,0,0,0,1,1,-1,6,1,58,9,1398,2,9,PEUGEOT 208,1,E01008223,0,1
2024501487304,2024,501487304,1,9,0,-1,19,8,4,-1,0,0,0,0,0,0,1,1,-1,2,1,19,4,1200,1,3,PEUGEOT 208,2,E01019074,0,1
2024061401136,2024,061401136,1,9,0,-1,12,3,7,-1,0,1,0,0,0,0,3,9,-1,6,3,-1,-1,1199,1,1,PEUGEOT 208,-1,-1,0,-1
2024111460417,2024,111460417,2,9,0,-1,8,3,6,-1,0,1,0,0,0,0,2,1,-1,9,1,18,4,1199,1,2,PEUGEOT 208,7,E01033481,0,2
2024501531586,2024,501531586,2,9,0,-1,19,3,7,-1,0,0,0,0,0,0,2,1,-1,6,2,19,4,1200,1,12,PEUGEOT 208,2,E01034159,0,1
2024461432993,2024,461432993,2,9,0,-1,19,3,7,-1,0,0,0,0,0,0,2,9,-1,1,2,52,8,1199,1,2,PEUGEOT 208,5,E01024283,0,4
2024061423743,2024,061423743,1,9,0,-1,9,4,1,-1,0,8,0,0,0,0,1,1,-1,7,1,73,10,1199,1,6,PEUGEOT 208,10,E01006173,0,1
2024221465328,2024,221465328,1,9,0,-1,9,6,2,-1,0,5,0,0,0,0,1,1,-1,6,2,22,5,1200,1,9,PEUGEOT 208,9,E01010154,0,2
2024471455789,2024,471455789,1,9,0,-1,19,6,2,-1,0,0,0,0,0,0,4,1,-1,6,1,40,7,1199,1,0,PEUGEOT 208,4,E01031572,0,1
2024461411347,2024,461411347,1,9,0,-1,19,2,6,-1,0,0,0,0,0,0,1,1,-1,9,2,19,4,1200,1,7,PEUGEOT 208,5,E01024033,0,1
2024340NN0422,2024,340NN0422,2,9,0,-1,19,5,1,-1,0,1,1,0,7,9,1,1,-1,6,1,25,5,1560,2,8,PEUGEOT 208,8,E01032972,0,2
2024440437725,2024,440437725,1,9,0,9,9,1,7,0,0,2,0,0,0,0,1,1,6,6,1,19,4,1200,1,4,PEUGEOT 208,9,E01022830,0,2
2024031416991,2024,031416991,2,9,0,-1,3,2,6,-1,0,1,0,0,0,0,3,2,-1,9,2,39,7,1199,1,0,PEUGEOT 208,-1,-1,0,-1
2024010540695,2024,010540695,1,9,0,3,3,3,7,0,0,6,0,0,0,0,2,1,6,6,2,26,6,1199,1,1,PEUGEOT 208,4,E01000257,0,1
2024411449456,2024,411449456,2,9,0,-1,19,8,4,-1,0,8,1,0,0,0,4,1,-1,9,2,44,7,1200,1,10,PEUGEOT 208,5,E01023386,0,1
2024401422455,2024,401422455,2,9,0,-1,-1,-1,-1,-1,-1,-1,-1,-1,-1,0,4,9,-1,9,1,53,8,-1,3,0,PEUGEOT 208,2,E01017500,0,1
2024311402728,2024,311402728,1,9,0,-1,19,3,7,-1,0,0,1,0,1,9,1,1,-1,6,1,25,5,1598,1,11,PEUGEOT 208,3,E01027941,0,1
2024302400687,2024,302400687,3,9,0,17,19,1,6,0,0,0,0,0,0,0,4,1,6,6,1,18,4,1200,1,10,PEUGEOT 208,5,E01019613,0,2
2024061444713,2024,061444713,1,9,0,-1,9,-1,-1,-1,0,5,0,0,0,0,3,1,-1,9,2,50,8,1200,1,4,PEUGEOT 208,5,E01005420,0,1
2024070156017,2024,070156017,2,9,0,9,9,7,3,0,0,8,0,0,0,0,4,1,2,2,2,31,6,1398,2,11,PEUGEOT 208,7,E01018499,0,3
2024411450251,2024,411450251,2,9,-1,-1,3,7,1,-1,0,4,0,0,0,0,2,9,-1,2,2,19,4,1200,1,10,PEUGEOT 208,4,E01023106,0,4
2024161480412,2024,161480412,1,9,0,-1,19,1,5,-1,0,0,0,0,0,0,0,9,-1,6,2,44,7,1398,2,10,PEUGEOT 208,-1,-1,0,-1
2024991394794,2024,991394794,2,9,0,-1,19,4,8,-1,0,8,0,0,1,0,1,1,-1,6,2,49,8,1200,1,6,PEUGEOT 208,1,-1,0,1
2024451420343,2024,451420343,1,9,0,-1,19,1,3,-1,0,4,0,0,0,0,3,1,-1,9,1,18,4,1199,1,2,PEUGEOT 208,6,E01030399,0,1
2024201463046,2024,201463046,1,9,0,-1,19,4,2,-1,0,6,0,0,0,0,0,1,-1,6,3,-1,-1,1200,1,10,PEUGEOT 208,-1,-1,0,-1
2024631480264,2024,631480264,2,9,0,-1,4,6,1,-1,0,0,1,0,0,0,1,1,-1,6,1,38,7,1560,2,9,PEUGEOT 208,3,W01000730,0,1
2024201494965,2024,201494965,1,9,0,-1,5,6,2,-1,0,0,0,0,0,0,4,9,-1,6,3,-1,-1,1199,1,0,PEUGEOT 208,-1,-1,0,-1
2024141460921,2024,141460921,1,9,0,-1,19,3,7,-1,0,0,0,0,0,0,3,1,-1,9,2,17,4,1000,1,10,PEUGEOT 208,5,E01007438,0,1
2024070364047,2024,070364047,1,9,0,18,19,5,1,0,0,0,0,0,0,0,1,1,6,6,1,25,5,1398,2,11,PEUGEOT 208,1,E01012739,0,4
2024991407865,2024,991407865,2,9,0,-1,19,5,1,-1,0,0,0,0,0,0,1,1,-1,6,1,59,9,1200,1,2,PEUGEOT 208,7,-1,0,1
2024531481692,2024,531481692,2,9,0,-1,9,3,7,-1,0,1,0,0,0,0,2,1,-1,9,1,32,6,1200,1,11,PEUGEOT 208,6,E01022444,0,1
2024061496212,2024,061496212,1,9,0,-1,19,3,7,-1,0,2,0,0,0,0,1,1,-1,2,1,44,7,1199,1,1,PEUGEOT 208,8,E01024944,0,3
2024501477587,2024,501477587,2,9,0,-1,19,2,6,-1,0,0,0,0,0,0,3,1,-1,6,1,78,11,1200,1,8,PEUGEOT 208,5,E01020183,0,1
2024371508330,2024,371508330,2,9,0,-1,3,1,5,-1,0,1,0,0,0,0,2,1,-1,2,1,22,5,1200,1,9,PEUGEOT 208,9,E01030181,0,1
202454F212624,2024,54F212624,2,9,0,18,19,5,1,0,0,0,0,0,0,0,1,1,6,6,2,18,4,1200,1,9,PEUGEOT 208,5,E01031869,0,2
2024041484450,2024,041484450,2,9,0,-1,19,2,6,-1,0,0,0,0,0,0,1,1,-1,9,2,45,7,1200,1,5,PEUGEOT 208,2,-1,0,5
2024101472978,2024,101472978,1,9,0,-1,4,6,4,-1,0,2,0,0,0,0,1,9,-1,6,2,21,5,1200,1,10,PEUGEOT 208,-1,-1,0,-1
2024122401050,2024,122401050,1,9,0,3,3,1,5,0,0,1,0,0,0,0,2,1,2,2,2,27,6,1200,1,11,PEUGEOT 208,6,E01013023,0,3
2024131464911,2024,131464911,3,9,0,-1,3,8,4,-1,0,0,0,0,0,0,2,1,-1,6,1,58,9,1199,1,2,PEUGEOT 208,5,E01011384,0,2
2024430498379,2024,430498379,1,9,0,18,19,3,7,0,0,1,0,0,0,0,1,2,6,6,1,24,5,1200,1,12,PEUGEOT 208,-1,-1,0,-1
2024991532012,2024,991532012,1,9,0,-1,19,5,8,-1,0,8,0,0,0,0,4,1,-1,9,1,41,7,1398,2,11,PEUGEOT 208,1,-1,0,1
202417M209824,2024,17M209824,1,9,0,-1,19,2,6,-1,0,0,0,0,1,4,1,1,-1,9,1,45,7,1200,1,11,PEUGEOT 208,10,E01012183,0,2
2024201451587,2024,201451587,1,9,0,-1,11,8,4,-1,0,0,0,0,0,0,4,9,-1,2,2,62,9,1560,2,9,PEUGEOT 208,9,E01009787,0,1
2024201472292,2024,201472292,2,9,0,-1,8,2,4,-1,0,1,0,0,0,0,2,9,-1,2,2,18,4,1200,1,10,PEUGEOT 208,6,E01010078,0,1
2024361523090,2024,361523090,1,9,0,-1,5,4,6,-1,0,0,0,0,0,0,1,1,-1,2,2,31,6,1398,2,11,PEUGEOT 208,-1,-1,0,-1
2024010543798,2024,010543798,3,9,0,4,4,1,5,0,0,1,0,0,0,0,1,1,6,6,1,45,7,1200,1,11,PEUGEOT 208,7,E01002265,0,1
2024461393694,2024,461393694,4,9,0,-1,4,4,8,-1,0,0,0,0,0,0,3,1,-1,9,1,48,8,1200,1,5,PEUGEOT 208,3,E01024166,0,2
2024552400405,2024,552400405,1,9,0,9,9,7,5,0,0,8,0,0,0,0,1,1,6,6,1,77,11,1200,1,10,PEUGEOT 208,4,E01032645,0,3
2024211471232,2024,211471232,1,9,0,-1,5,6,6,-1,0,0,0,0,0,0,2,1,-1,9,2,18,4,1000,1,10,PEUGEOT 208,8,E01028875,0,1
2024061492432,2024,061492432,1,9,0,-1,6,2,6,-1,0,8,0,0,0,0,1,1,-1,9,1,60,9,1200,1,3,PEUGEOT 208,1,E01005755,0,1
202417L406024,2024,17L406024,1,9,0,-1,9,3,1,-1,0,8,0,0,0,0,1,1,-1,9,1,76,11,1200,1,3,PEUGEOT 208,3,E01012155,0,1
2024461478590,2024,461478590,2,9,0,-1,19,3,7,-1,0,1,0,0,0,0,1,1,-1,6,1,21,5,1200,1,3,PEUGEOT 208,10,E01024325,0,1
2024201475942,2024,201475942,2,9,0,-1,19,6,2,-1,0,1,0,0,0,0,1,1,-1,6,2,46,8,1498,2,6,PEUGEOT 208,6,E01009869,0,2
2024141458058,2024,141458058,2,9,0,-1,9,2,7,-1,0,1,0,0,0,0,4,1,-1,9,2,45,7,1200,1,5,PEUGEOT 208,7,E01011299,0,4
2024010551869,2024,010551869,1,9,0,99,99,9,9,99,99,9,9,99,9,99,1,9,6,6,3,-1,-1,1200,1,11,PEUGEOT 208,-1,-1,0,-1
202460Q094324,2024,60Q094324,2,9,0,16,19,2,4,0,0,0,0,0,1,0,1,1,6,6,2,24,5,1200,1,4,PEUGEOT 208,-1,-1,0,-1
2024221455794,2024,221455794,2,9,0,-1,19,3,7,-1,0,8,0,0,0,0,1,1,-1,6,2,27,6,1200,1,6,PEUGEOT 208,6,E01028921,0,1
2024371559420,2024,371559420,1,9,0,-1,9,1,7,-1,0,8,0,0,0,0,3,1,-1,9,2,25,5,1200,1,10,PEUGEOT 208,2,E01030264,0,1
2024991472579,2024,991472579,2,9,0,-1,19,7,7,-1,0,0,0,0,0,0,2,1,-1,9,1,30,6,1199,1,1,PEUGEOT 208,2,-1,0,3
2024430079743,2024,430079743,1,9,0,9,9,6,4,0,0,6,0,0,0,0,1,1,6,6,1,35,6,1199,1,1,PEUGEOT 208,6,E01032385,0,4
2024201461665,2024,201461665,2,9,0,-1,19,7,3,-1,0,0,0,7,6,0,2,9,-1,1,1,74,10,1200,1,5,PEUGEOT 208,5,E01010418,0,1
2024440542584,2024,440542584,2,9,0,3,3,7,3,0,0,1,0,0,0,0,1,1,6,6,1,21,5,1200,1,9,PEUGEOT 208,4,E01023204,0,3
2024041413718,2024,041413718,1,9,0,-1,19,3,7,-1,0,1,0,0,0,0,1,1,-1,6,2,20,4,1200,1,9,PEUGEOT 208,10,E01025377,0,1
2024201482294,2024,201482294,1,9,0,-1,19,1,5,-1,0,0,0,0,0,0,1,9,-1,6,2,52,8,1398,2,11,PEUGEOT 208,1,E01008935,0,2
2024010498005,2024,010498005,1,9,0,9,9,7,5,0,0,1,0,0,0,0,1,1,6,6,1,34,6,1200,1,2,PEUGEOT 208,3,E01001796,0,1
2024041533658,2024,041533658,2,9,0,-1,4,7,3,-1,0,1,0,0,0,0,2,1,-1,9,1,32,6,1398,2,12,PEUGEOT 208,2,E01012694,0,1
2024010526989,2024,010526989,2,9,9,99,99,9,9,99,99,9,9,99,9,99,9,9,6,6,3,-1,-1,1199,1,1,PEUGEOT 208,-1,-1,0,-1
2024010549471,2024,010549471,1,9,0,8,8,1,4,0,0,1,0,0,0,0,2,1,2,2,2,39,7,1200,1,8,PEUGEOT 208,6,E01021258,0,3
2024471461097,2024,471461097,1,9,0,-1,19,1,5,-1,0,0,5,0,1,1,1,1,-1,9,1,90,11,1200,1,9,PEUGEOT 208,6,E01022592,0,3
2024061473552,2024,061473552,1,9,0,-1,19,7,8,-1,0,0,0,0,0,0,1,1,-1,6,2,34,6,1199,1,5,PEUGEOT 208,2,E01005538,0,2
2024010511274,2024,010511274,2,9,0,2,2,0,0,0,0,1,0,0,7,0,2,1,6,6,3,-1,-1,1200,1,10,PEUGEOT 208,-1,-1,0,-1
2024041519648,2024,041519648,2,9,0,-1,4,3,7,-1,0,8,0,0,0,0,2,1,-1,9,2,28,6,1199,1,2,PEUGEOT 208,1,E01007127,0,4
2024421441644,2024,421441644,2,9,0,-1,5,2,1,-1,0,0,0,0,0,0,2,1,-1,2,2,61,9,1199,1,1,PEUGEOT 208,9,E01015999,0,1
2024548032724,2024,548032724,2,9,0,18,19,3,7,0,0,8,0,0,0,0,1,1,6,6,2,43,7,1200,1,4,PEUGEOT 208,6,E01031846,0,1
2024211502113,2024,211502113,1,9,0,-1,2,0,0,-1,0,0,0,0,0,0,1,1,-1,9,2,63,9,1000,1,9,PEUGEOT 208,6,E01014299,0,1
2024430216634,2024,430216634,2,9,0,18,19,8,4,0,0,4,0,0,0,0,1,1,6,6,2,-1,-1,1560,2,12,PEUGEOT 208,-1,-1,0,-1
2024221538182,2024,221538182,1,9,0,-1,19,5,2,-1,0,0,0,0,0,0,3,1,-1,7,1,44,7,1200,1,7,PEUGEOT 208,6,E01022263,0,4
2024311457793,2024,311457793,1,9,0,-1,19,3,2,-1,0,5,0,0,0,0,1,1,-1,6,1,46,8,1199,1,0,PEUGEOT 208,2,E01028318,0,3
2024543940824,2024,543940824,1,9,0,18,19,3,7,0,0,0,0,0,0,0,1,1,6,6,2,32,6,1200,1,11,PEUGEOT 208,4,E01032745,0,4
2024052401640,2024,052401640,1,9,0,18,19,2,6,0,0,8,0,0,0,0,1,1,6,6,1,33,6,1200,1,7,PEUGEOT 208,4,E01007229,0,1
2024411493415,2024,411493415,2,9,0,-1,5,1,5,-1,0,6,0,0,0,0,1,1,-1,7,2,42,7,1200,1,10,PEUGEOT 208,8,E01023897,0,2
2024131436252,2024,131436252,2,9,0,-1,19,8,4,-1,0,0,0,0,0,0,3,1,-1,6,1,50,8,1560,2,8,PEUGEOT 208,3,E01011260,0,2
2024440259168,2024,440259168,1,9,0,5,5,8,4,0,0,6,0,0,0,0,3,1,2,2,2,23,5,1200,1,9,PEUGEOT 208,5,E01023288,0,1
2024010516411,2024,010516411,1,9,0,99,99,9,9,99,99,9,9,99,9,99,1,9,6,6,3,-1,-1,1200,1,5,PEUGEOT 208,-1,-1,0,-1
2024141498636,2024,141498636,2,9,0,-1,19,7,3,-1,0,0,0,0,0,0,1,1,-1,6,3,-1,-1,1560,2,10,PEUGEOT 208,-1,-1,0,-1
2024411532243,2024,411532243,2,9,0,-1,7,3,5,-1,0,4,0,0,0,0,1,1,-1,6,2,26,6,1200,1,8,PEUGEOT 208,4,E01023301,0,2
2024201509703,2024,201509703,1,9,0,-1,19,3,7,-1,0,0,0,0,0,0,3,1,-1,6,1,55,8,1199,1,0,PEUGEOT 208,-1,-1,0,-1
2024430296877,2024,430296877,1,8,0,2,2,0,0,5,5,0,0,0,0,0,4,1,1,1,1,32,6,1398,2,11,PEUGEOT 208,-1,-1,0,-1
2024361466536,2024,361466536,2,9,0,-1,4,1,5,-1,0,0,0,1,0,0,1,1,-1,2,1,33,6,1560,2,11,PEUGEOT 208,7,E01026928,0,1
2024501493098,2024,501493098,1,9,0,-1,19,6,1,-1,0,8,0,0,0,0,1,1,-1,6,2,21,5,1000,1,8,PEUGEOT 208,3,E01015172,0,1
2024231462693,2024,231462693,1,9,0,-1,19,8,4,-1,0,6,5,0,7,4,3,9,-1,6,2,23,5,1200,1,3,PEUGEOT 208,2,E01027246,0,4
2024041434578,2024,041434578,1,9,0,-1,19,1,5,-1,0,0,1,0,5,0,3,1,-1,1,1,49,8,1200,1,6,PEUGEOT 208,4,E01005035,0,4
2024440033891,2024,440033891,1,9,0,8,8,8,4,0,0,1,0,0,0,0,2,1,2,2,2,54,8,1199,1,1,PEUGEOT 208,9,E01023227,0,1
2024340WN5662,2024,340WN5662,3,9,0,-1,19,3,7,-1,0,1,1,0,0,0,1,1,-1,9,2,54,8,1560,2,10,PEUGEOT 208,4,E01018184,0,4
2024010551092,2024,010551092,2,9,0,8,8,5,7,0,0,1,0,0,0,0,1,1,6,6,2,56,9,1200,1,3,PEUGEOT 208,4,E01001704,0,1
2024311481566,2024,311481566,4,9,0,-1,19,1,5,-1,0,0,0,0,0,0,1,1,-1,2,1,39,7,1598,1,7,PEUGEOT 208,8,E01028417,0,2
2024010527718,2024,010527718,3,9,0,2,2,0,0,0,0,1,0,0,0,0,0,1,6,6,3,-1,-1,1200,1,5,PEUGEOT 208,-1,-1,0,-1
2024411493557,2024,411493557,1,9,0,-1,19,3,6,-1,0,0,0,0,0,0,3,1,-1,6,1,18,4,1000,1,8,PEUGEOT 208,10,E01023721,0,1
2024471521379,2024,471521379,1,9,0,-1,5,7,3,-1,0,0,0,0,0,0,1,1,-1,9,1,70,10,1200,1,4,PEUGEOT 208,10,E01031804,0,2
2024211426527,2024,211426527,2,9,0,-1,19,4,8,-1,0,1,0,0,0,0,1,1,-1,6,1,53,8,1398,2,11,PEUGEOT 208,8,E01018391,0,3
2024010528112,2024,010528112,2,9,9,99,99,9,9,99,99,0,9,99,9,99,9,9,6,6,3,-1,-1,1200,1,7,PEUGEOT 208,-1,-1,0,-1
2024332400917,2024,332400917,1,9,0,-1,19,7,3,-1,0,8,0,0,0,0,1,1,-1,9,1,20,4,1200,1,7,PEUGEOT 208,3,E01025950,0,3
2024131506243,2024,131506243,1,9,0,-1,19,3,7,-1,0,0,0,0,0,0,1,1,-1,6,1,18,4,1200,1,11,PEUGEOT 208,7,E01010905,0,2
2024052400577,2024,052400577,2,9,0,4,4,5,1,0,0,0,0,0,0,0,2,1,1,1,2,20,4,1200,1,11,PEUGEOT 208,6,E01025500,0,2
202460Q114182,2024,60Q114182,3,9,0,18,19,3,7,0,0,0,0,0,0,0,2,1,6,6,1,61,9,1200,1,2,PEUGEOT 208,-1,-1,0,-1
2024991485243,2024,991485243,2,9,0,-1,19,3,7,-1,1,0,0,0,1,0,1,1,-1,2,2,63,9,1199,1,0,PEUGEOT 208,4,-1,0,1
2024131463922,2024,131463922,1,9,0,-1,9,5,7,-1,0,8,0,0,0,0,4,1,-1,1,2,34,6,1200,1,9,PEUGEOT 208,1,E01011746,0,2
2024131415783,2024,131415783,3,9,0,-1,2,0,0,-1,0,1,0,0,0,0,3,1,-1,6,-1,-1,-1,1200,1,11,PEUGEOT 208,-1,-1,0,-1
2024010542701,2024,010542701,1,9,0,18,19,5,1,0,0,0,0,4,0,0,1,1,6,6,1,52,8,1200,1,3,PEUGEOT 208,8,E01032577,0,1
2024440275942,2024,440275942,1,9,0,3,3,7,3,0,0,1,0,0,0,0,2,1,6,6,2,38,7,1560,2,9,PEUGEOT 208,1,E01017331,0,1
2024631454244,2024,631454244,2,9,0,-1,4,6,2,-1,0,2,0,0,0,0,2,1,-1,9,2,27,6,1200,1,11,PEUGEOT 208,9,W01000609,0,3
2024231409758,2024,231409758,1,9,0,-1,19,6,2,-1,0,4,0,0,0,0,1,9,-1,9,2,40,7,1200,1,7,PEUGEOT 208,9,E01031104,0,1
2024311459103,2024,311459103,2,9,0,-1,19,5,1,-1,0,4,0,0,0,0,2,1,-1,9,2,31,6,1200,1,7,PEUGEOT 208,4,E01028335,0,1
2024010499204,2024,010499204,2,9,0,99,99,9,9,99,99,9,9,99,9,99,1,9,6,6,2,-1,-1,1199,1,1,PEUGEOT 208,1,E01001885,0,2
2024991426370,2024,991426370,1,9,0,-1,19,6,2,-1,0,0,0,0,0,0,1,1,-1,1,2,50,8,1200,1,2,PEUGEOT 208,1,-1,0,1
2024991496961,2024,991496961,1,9,0,-1,3,4,8,-1,0,0,0,0,0,0,2,1,-1,1,1,40,7,1498,2,6,PEUGEOT 208,2,-1,0,2
2024622400046,2024,622400046,1,9,0,18,19,2,6,0,0,1,0,0,0,0,1,1,6,6,2,29,6,1200,1,7,PEUGEOT 208,8,W01001392,0,4
2024340NN2212,2024,340NN2212,2,9,0,-1,19,5,1,-1,0,1,0,0,0,0,2,1,-1,2,1,44,7,1560,2,11,PEUGEOT 208,2,E01027341,0,1
2024041485933,2024,041485933,2,9,0,-1,19,1,5,-1,0,0,0,0,0,0,2,2,-1,9,1,27,6,1200,1,7,PEUGEOT 208,1,E01012748,0,4
2024211480012,2024,211480012,2,9,0,-1,3,4,8,-1,0,0,0,4,0,0,2,1,-1,1,1,57,9,1199,1,1,PEUGEOT 208,8,E01029383,0,3
2024430571398,2024,430571398,1,9,0,7,7,5,7,0,0,6,0,0,0,0,3,1,6,6,2,69,10,1199,1,1,PEUGEOT 208,-1,-1,0,-1
2024201488625,2024,201488625,1,9,0,-1,5,3,7,-1,0,2,0,0,0,0,3,9,-1,6,1,25,5,1200,1,11,PEUGEOT 208,-1,-1,0,-1
2024501519322,2024,501519322,1,9,0,-1,19,2,6,-1,0,8,0,0,0,0,1,1,-1,2,2,53,8,1199,1,1,PEUGEOT 208,4,E01018815,0,2
2024201466699,2024,201466699,2,9,0,-1,19,1,4,-1,0,8,1,0,0,0,4,2,-1,6,2,25,5,1200,1,6,PEUGEOT 208,1,E01034942,0,3
2024201499399,2024,201499399,1,9,0,-1,19,7,3,-1,0,0,0,0,0,0,1,1,-1,6,2,25,5,1200,1,5,PEUGEOT 208,1,E01009488,0,1
2024501484789,2024,501484789,2,9,0,-1,19,6,2,-1,0,1,0,0,0,0,1,1,-1,6,1,77,11,1200,1,5,PEUGEOT 208,3,E01015166,0,2
2024101449089,2024,101449089,1,9,0,-1,4,7,3,-1,0,0,0,0,0,0,3,1,-1,9,1,84,11,1398,2,12,PEUGEOT 208,4,E01008578,0,2
2024131476310,2024,131476310,1,9,0,-1,19,7,3,-1,0,1,0,0,0,0,1,1,-1,9,2,33,6,1598,1,9,PEUGEOT 208,9,E01011847,0,1
2024461487918,2024,461487918,2,9,0,-1,4,5,1,-1,0,8,0,0,0,0,2,9,-1,6,2,27,6,1199,1,2,PEUGEOT 208,8,E01024100,0,2
2024522403001,2024,522403001,1,9,0,3,3,3,7,0,0,1,0,0,0,0,2,1,6,6,2,58,9,1200,1,3,PEUGEOT 208,10,E01014964,0,1
2024361495605,2024,361495605,2,9,0,-1,7,1,3,-1,0,8,0,0,0,0,4,1,-1,9,1,56,9,1199,1,1,PEUGEOT 208,1,E01033437,0,1
202460Q045121,2024,60Q045121,2,9,0,18,19,7,3,0,0,0,0,0,0,0,4,1,6,6,2,52,8,1560,2,6,PEUGEOT 208,-1,-1,0,-1
2024041431558,2024,041431558,6,9,0,-1,2,7,3,-1,0,2,0,0,0,0,4,1,-1,6,-1,-1,-1,1200,1,3,PEUGEOT 208,-1,-1,0,-1
2024010510177,2024,010510177,1,9,0,99,99,9,9,99,99,9,9,99,9,99,9,9,6,6,1,61,9,1199,1,1,PEUGEOT 208,4,E01002016,0,2
2024991448681,2024,991448681,2,9,0,-1,19,6,2,-1,0,0,0,0,7,4,4,1,-1,6,2,19,4,1000,1,10,PEUGEOT 208,3,-1,0,1
2024361493393,2024,361493393,2,9,0,-1,10,7,5,-1,0,1,0,0,0,0,2,1,-1,6,2,29,6,1200,1,11,PEUGEOT 208,7,E01026524,0,2
2024302401424,2024,302401424,1,9,0,17,19,3,8,0,0,0,0,0,7,10,1,1,2,2,2,42,7,1200,1,4,PEUGEOT 208,9,E01028047,0,4
2024991438329,2024,991438329,2,9,0,-1,4,5,1,-1,0,6,0,0,0,0,2,1,-1,2,2,35,6,1199,1,5,PEUGEOT 208,2,-1,0,1
2024631479427,2024,631479427,1,9,0,-1,19,7,3,-1,0,0,5,0,0,0,1,1,-1,1,1,17,4,1200,1,9,PEUGEOT 208,6,W01001016,0,4
2024461399147,2024,461399147,3,9,0,-1,19,3,7,-1,0,0,0,1,0,0,1,9,-1,2,1,37,7,1199,1,6,PEUGEOT 208,1,E01024563,0,2
2024161447130,2024,161447130,1,9,0,-1,8,6,2,-1,0,1,0,0,0,0,2,9,-1,6,2,27,6,1199,1,1,PEUGEOT 208,6,E01012912,0,1
2024131511089,2024,131511089,1,9,0,-1,9,6,3,-1,0,2,0,0,0,0,1,1,-1,9,2,17,4,1398,2,11,PEUGEOT 208,5,E01011228,0,1
2024201456042,2024,201456042,2,9,0,-1,9,-1,-1,-1,0,8,0,0,7,0,4,9,-1,6,1,17,4,1200,1,8,PEUGEOT 208,2,E01009487,0,1
2024631530578,2024,631530578,1,9,0,-1,19,3,7,-1,0,0,0,0,1,3,1,1,-1,9,2,73,10,1200,1,9,PEUGEOT 208,7,W01000460,0,2
2024531455096,2024,531455096,2,9,0,-1,10,5,1,-1,0,5,0,0,0,0,3,1,-1,1,2,52,8,1200,1,9,PEUGEOT 208,7,E01022449,0,1
2024041474057,2024,041474057,2,9,0,-1,9,7,5,-1,0,6,0,0,0,0,1,1,-1,6,2,56,9,1560,2,11,PEUGEOT 208,9,E01025133,0,2
2024131488601,2024,131488601,2,9,0,-1,19,2,6,-1,0,1,0,0,0,0,4,1,-1,9,1,52,8,1199,1,2,PEUGEOT 208,8,E01034269,0,1
2024411465166,2024,411465166,2,9,0,-1,19,1,3,-1,0,0,0,0,0,0,4,9,-1,2,1,23,5,-1,3,2,PEUGEOT 208,8,E01015799,0,3
2024311523537,2024,311523537,2,9,0,-1,5,1,1,-1,0,0,0,0,0,0,1,1,-1,6,3,-1,-1,1200,1,5,PEUGEOT 208,-1,-1,0,-1
2024610011724,2024,610011724,1,9,0,16,19,5,8,0,0,0,1,0,0,0,1,1,6,6,2,18,4,1200,1,11,PEUGEOT 208,1,W01001469,0,4
2024991489267,2024,991489267,1,9,0,-1,19,6,3,-1,0,0,0,0,0,0,1,1,-1,9,2,43,7,1199,1,1,PEUGEOT 208,2,-1,0,1
2024461527411,2024,461527411,1,9,0,-1,19,1,6,-1,0,3,0,0,7,7,1,1,-1,9,1,53,8,1199,1,0,PEUGEOT 208,1,E01024609,0,2
2024010544780,2024,010544780,2,9,9,99,99,9,9,99,99,9,9,99,9,99,9,9,6,6,3,-1,-1,1199,1,1,PEUGEOT 208,-1,-1,0,-1
2024340WN6892,2024,340WN6892,1,9,0,-1,19,6,2,-1,0,0,0,11,0,0,1,1,-1,9,2,45,7,1200,1,5,PEUGEOT 208,2,E01032978,0,2
2024451450388,2024,451450388,1,9,0,-1,19,1,5,-1,0,0,0,0,0,0,1,1,-1,1,1,33,6,-1,3,2,PEUGEOT 208,9,E01031582,0,3
2024201410479,2024,201410479,2,9,0,-1,19,1,4,-1,0,3,0,0,0,0,3,9,-1,6,2,25,5,1200,1,11,PEUGEOT 208,-1,-1,0,-1