collision_index,collision_year,collision_ref_no,vehicle_reference,vehicle_type,towing_and_articulation,vehicle_manoeuvre_historic,vehicle_manoeuvre,vehicle_direction_from,vehicle_direction_to,vehicle_location_restricted_lane_historic,vehicle_location_restricted_lane,junction_location,skidding_and_overturning,hit_object_in_carriageway,vehicle_leaving_carriageway,hit_object_off_carriageway,first_point_of_impact,vehicle_left_hand_drive,journey_purpose_of_driver_historic,journey_purpose_of_driver,sex_of_driver,age_of_driver,age_band_of_driver,engine_capacity_cc,propulsion_code,age_of_vehicle,generic_make_model,driver_imd_decile,lsoa_of_driver,escooter_flag,driver_distance_banding
2024131436382,2024,131436382,1,9,0,-1,12,7,3,-1,0,0,1,0,0,0,3,1,-1,6,2,28,6,1199,1,6,PEUGEOT 208,4,E01005877,0,4
2024332401102,2024,332401102,2,9,0,-1,19,3,7,-1,0,1,5,0,0,0,1,1,-1,9,2,18,4,1398,2,11,PEUGEOT 208,8,E01025861,0,3
2024440468745,2024,440468745,1,9,0,3,3,5,1,0,0,0,0,0,0,0,2,1,6,6,2,33,6,1199,1,1,PEUGEOT 208,5,E01017097,0,1
2024451472859,2024,451472859,3,9,0,-1,19,7,3,-1,0,0,0,0,0,0,1,1,-1,6,1,38,7,1200,1,9,PEUGEOT 208,9,E01001135,0,3
2024201532185,2024,201532185,1,9,0,-1,19,5,1,-1,0,0,0,0,0,0,1,1,-1,6,2,30,6,1199,1,0,PEUGEOT 208,-1,-1,0,-1
2024010498654,2024,010498654,2,9,0,99,99,9,9,99,99,9,9,99,9,99,9,9,6,6,3,53,8,1199,1,1,PEUGEOT 208,2,E01002709,0,2
2024161401507,2024,161401507,1,9,0,-1,19,1,5,-1,0,0,0,0,0,0,1,9,-1,9,2,18,4,1000,1,11,PEUGEOT 208,8,E01012983,0,1
2024461427689,2024,461427689,1,9,0,-1,19,2,5,-1,0,8,0,0,0,0,1,1,-1,9,1,26,6,1200,1,11,PEUGEOT 208,6,E01003281,0,4
2024131419200,2024,131419200,1,9,0,-1,19,5,1,-1,0,1,0,0,0,0,4,2,-1,2,2,41,7,1199,1,1,PEUGEOT 208,4,E01010603,0,1
2024461431306,2024,461431306,2,9,0,-1,7,7,1,-1,0,0,0,0,0,0,2,9,-1,6,2,24,5,1200,1,8,PEUGEOT 208,4,E01024771,0,1
202417S308924,2024,17S308924,2,9,0,-1,1,4,8,-1,0,1,0,0,0,2,1,1,-1,9,1,-1,-1,1200,1,10,PEUGEOT 208,3,E01012239,0,1
2024991528277,2024,991528277,2,9,0,-1,2,5,1,-1,0,0,0,4,0,0,2,1,-1,6,-1,-1,-1,1199,1,0,PEUGEOT 208,-1,-1,0,-1
2024440269627,2024,440269627,1,9,0,10,10,2,8,0,0,1,0,0,0,0,2,1,6,6,2,41,7,1200,1,11,PEUGEOT 208,8,E01022760,0,3
2024201495295,2024,201495295,1,9,0,-1,7,7,1,-1,0,6,0,0,0,0,1,1,-1,6,1,38,7,1398,2,10,PEUGEOT 208,1,E01010455,0,1
2024010510963,2024,010510963,2,9,0,99,99,9,9,99,99,9,9,99,9,99,1,9,6,6,2,53,8,1200,1,8,PEUGEOT 208,8,E01030859,0,1
2024361428681,2024,361428681,1,9,0,-1,9,4,8,-1,0,5,0,0,0,0,4,1,-1,9,2,22,5,1200,1,4,PEUGEOT 208,9,E01026581,0,1
2024991420480,2024,991420480,1,9,0,-1,19,2,6,-1,0,1,0,0,0,0,1,1,-1,2,2,23,5,1200,1,7,PEUGEOT 208,5,-1,0,4
2024131464341,2024,131464341,1,9,0,-1,19,3,7,-1,0,8,0,0,1,9,3,1,-1,9,2,31,6,1200,1,6,PEUGEOT 208,7,E01011569,0,3
2024041442945,2024,041442945,2,9,0,-1,19,3,7,-1,0,3,0,0,0,0,1,1,-1,6,1,36,7,1200,1,3,PEUGEOT 208,5,E01012730,0,1
2024302500274,2024,302500274,1,9,0,-1,19,7,2,-1,0,0,0,0,1,4,1,2,-1,9,1,18,4,1200,1,11,PEUGEOT 208,6,E01019585,0,4
2024302401462,2024,302401462,1,9,0,7,7,2,6,0,0,8,0,0,0,0,1,1,2,2,2,33,6,1200,1,6,PEUGEOT 208,9,E01019589,0,2
2024451425175,2024,451425175,2,9,0,-1,19,7,3,-1,0,0,0,0,0,0,1,1,-1,2,1,42,7,-1,3,4,PEUGEOT 208,9,E01035440,0,4
2024010508727,2024,010508727,1,9,9,99,99,9,9,99,99,9,9,99,9,0,9,9,6,6,1,42,7,-1,3,3,PEUGEOT 208,6,E01002062,0,2
2024221484939,2024,221484939,1,9,0,-1,7,3,6,-1,0,7,0,0,7,2,1,1,-1,6,2,19,4,1200,1,6,PEUGEOT 208,3,E01014145,0,4
2024320022789,2024,320022789,2,9,0,3,3,8,4,0,0,7,0,0,0,0,2,1,-1,-1,2,33,6,1398,2,11,PEUGEOT 208,10,E01034701,0,2
202460Q194732,2024,60Q194732,1,9,0,18,19,8,4,0,0,0,5,0,7,0,1,1,6,6,2,23,5,1199,1,5,PEUGEOT 208,-1,-1,0,-1
2024131483082,2024,131483082,2,9,0,-1,8,3,5,-1,0,8,0,0,0,0,2,1,-1,6,1,34,6,1200,1,6,PEUGEOT 208,8,E01011509,0,2
2024041456384,2024,041456384,1,9,0,-1,13,7,3,-1,0,8,0,0,0,0,4,9,-1,6,1,76,11,1200,1,2,PEUGEOT 208,1,E01012575,0,1
2024201460357,2024,201460357,1,9,0,-1,5,8,4,-1,0,4,0,0,0,0,1,9,-1,2,2,22,5,1200,1,9,PEUGEOT 208,9,E01010180,0,1
2024471396572,2024,471396572,1,9,0,-1,19,1,5,-1,0,0,0,0,0,0,1,1,-1,2,2,49,8,1200,1,3,PEUGEOT 208,10,E01031638,0,1
2024070512324,2024,070512324,1,9,0,18,19,6,2,0,0,0,0,0,0,0,1,1,6,6,2,58,9,1560,2,9,PEUGEOT 208,10,E01018334,0,1
2024461401126,2024,461401126,2,9,0,-1,19,7,3,-1,0,8,0,0,0,0,4,9,-1,9,2,74,10,1200,1,9,PEUGEOT 208,9,E01016133,0,1
2024201532611,2024,201532611,3,9,0,-1,2,0,0,-1,0,8,0,0,0,0,3,1,-1,6,-1,-1,-1,1200,1,9,PEUGEOT 208,-1,-1,0,-1
2024010537473,2024,010537473,1,9,9,99,99,9,9,99,99,9,9,99,9,99,9,9,6,6,2,30,6,1200,1,3,PEUGEOT 208,2,E01002029,0,1
2024471415249,2024,471415249,1,9,0,-1,19,3,7,-1,0,1,0,0,3,4,1,1,-1,9,1,19,4,1200,1,7,PEUGEOT 208,2,E01022904,0,3
2024991536405,2024,991536405,2,9,0,-1,2,0,0,-1,0,0,0,0,0,0,3,1,-1,6,-1,-1,-1,-1,3,3,PEUGEOT 208,-1,-1,0,-1
2024131405030,2024,131405030,2,9,0,-1,19,3,7,-1,0,0,0,0,0,0,2,1,-1,6,2,35,6,1000,1,9,PEUGEOT 208,2,E01011781,0,2
2024061534437,2024,061534437,1,9,0,-1,9,8,5,-1,0,5,0,0,0,0,1,1,-1,9,1,38,7,1200,1,7,PEUGEOT 208,4,E01033281,0,3
2024111475993,2024,111475993,2,9,0,-1,19,2,6,-1,0,0,0,0,0,0,1,1,-1,6,2,43,7,1200,1,11,PEUGEOT 208,3,E01020791,0,1
2024131461436,2024,131461436,2,9,0,-1,19,7,3,-1,0,0,0,0,0,0,3,1,-1,6,2,42,7,1398,2,11,PEUGEOT 208,1,E01011029,0,2
202454E843024,2024,54E843024,1,9,0,17,19,6,2,0,0,1,0,0,0,0,1,1,6,6,2,70,10,1200,1,3,PEUGEOT 208,8,E01032057,0,3
2024622400806,2024,622400806,2,9,0,4,4,6,2,0,0,0,0,0,0,0,1,1,6,6,2,23,5,1398,2,11,PEUGEOT 208,2,W01000788,0,1
2024451502639,2024,451502639,1,9,0,-1,4,2,6,-1,0,0,0,0,0,0,2,1,-1,7,2,19,4,1200,1,2,PEUGEOT 208,9,E01023134,0,3
2024451420208,2024,451420208,1,9,0,-1,19,7,3,-1,0,4,0,0,0,0,3,1,-1,9,2,50,8,1200,1,8,PEUGEOT 208,8,E01030991,0,2
2024531485582,2024,531485582,2,9,0,-1,19,7,5,-1,0,8,0,0,0,0,1,1,-1,9,2,20,4,1397,1,11,PEUGEOT 208,9,E01022100,0,1
2024101497004,2024,101497004,1,9,0,-1,19,5,1,-1,0,1,0,0,0,0,1,1,-1,9,2,59,9,1200,1,11,PEUGEOT 208,5,E01029425,0,5
2024501426728,2024,501426728,2,9,0,-1,19,4,8,-1,0,0,0,0,0,0,1,1,-1,1,2,46,8,1200,1,2,PEUGEOT 208,5,E01018812,0,1
2024161480770,2024,161480770,1,9,0,-1,5,7,3,-1,0,0,0,0,0,0,1,1,-1,9,2,57,9,1199,1,5,PEUGEOT 208,-1,-1,0,-1
2024340NN2852,2024,340NN2852,2,9,0,-1,19,7,3,-1,0,8,0,0,0,0,1,1,-1,2,2,27,6,1199,1,5,PEUGEOT 208,3,E01027038,0,2
2024010502317,2024,010502317,1,9,0,16,19,5,1,0,0,4,0,0,0,0,1,1,2,2,1,66,10,1200,1,8,PEUGEOT 208,3,E01001089,0,1
2024221519227,2024,221519227,2,9,0,-1,3,8,4,-1,0,1,0,0,0,0,2,9,-1,9,1,29,6,1200,1,7,PEUGEOT 208,10,E01032408,0,2
2024201517857,2024,201517857,2,9,0,-1,19,4,8,-1,0,1,0,0,0,0,2,1,-1,6,3,-1,-1,1199,8,0,PEUGEOT 208,-1,-1,0,-1
2024991461524,2024,991461524,1,9,0,-1,19,8,4,-1,0,2,0,0,0,0,4,1,-1,6,2,19,4,1199,1,1,PEUGEOT 208,3,-1,0,1
2024041448195,2024,041448195,2,9,0,-1,4,3,7,-1,0,0,0,0,0,0,2,1,-1,9,1,32,6,1560,2,7,PEUGEOT 208,1,E01024895,0,1
2024231508487,2024,231508487,1,9,0,-1,19,8,4,-1,0,0,1,0,1,0,3,1,-1,9,1,21,5,1598,1,10,PEUGEOT 208,7,E01031204,0,2
2024201530903,2024,201530903,1,9,0,-1,7,5,8,-1,0,5,0,0,0,0,1,1,-1,6,2,58,9,1398,2,11,PEUGEOT 208,2,E01010503,0,1
2024501493189,2024,501493189,1,9,0,-1,19,7,3,-1,0,0,0,0,0,0,1,1,-1,9,2,34,6,1199,1,2,PEUGEOT 208,3,E01018869,0,1
2024351406777,2024,351406777,2,9,0,-1,19,1,5,-1,0,0,0,0,0,0,3,1,-1,6,1,28,6,1598,1,9,PEUGEOT 208,9,E01018259,0,1
2024010516239,2024,010516239,2,9,0,99,99,9,9,99,99,9,9,99,9,99,1,9,6,6,3,-1,-1,1200,1,8,PEUGEOT 208,-1,-1,0,-1
2024161449642,2024,161449642,2,9,0,-1,19,1,5,-1,0,8,0,0,0,0,3,1,-1,2,2,20,4,1200,1,12,PEUGEOT 208,5,E01013313,0,1
2024340WN6542,2024,340WN6542,2,9,0,-1,19,3,7,-1,0,2,0,0,0,0,1,1,-1,6,1,78,11,1200,1,12,PEUGEOT 208,7,E01027299,0,1
2024430375281,2024,430375281,2,9,0,18,19,2,6,0,0,8,0,0,0,0,1,1,6,6,2,30,6,1199,1,1,PEUGEOT 208,-1,-1,0,-1
2024201433557,2024,201433557,1,9,0,-1,5,1,6,-1,0,1,0,0,0,0,3,9,-1,6,2,-1,-1,1199,1,1,PEUGEOT 208,-1,-1,0,-1
2024141532006,2024,141532006,1,9,0,-1,19,8,4,-1,0,2,0,0,0,0,1,1,-1,2,1,21,5,1200,1,10,PEUGEOT 208,8,E01007431,0,1
2024471448981,2024,471448981,3,9,0,-1,19,4,8,-1,0,0,0,0,0,0,3,1,-1,2,1,41,7,1200,1,11,PEUGEOT 208,8,E01021196,0,3
2024122400328,2024,122400328,1,9,0,3,3,4,8,0,0,0,0,0,0,0,2,1,6,6,2,22,5,1200,1,9,PEUGEOT 208,3,E01033067,0,1
2024201514384,2024,201514384,2,9,0,-1,19,1,5,-1,0,8,0,0,0,0,1,1,-1,1,2,26,6,1498,2,3,PEUGEOT 208,2,E01010564,0,1
2024211458143,2024,211458143,2,9,0,-1,19,5,1,-1,0,1,0,0,0,0,2,1,-1,6,2,32,6,1200,1,7,PEUGEOT 208,6,E01029524,0,1
2024332400291,2024,332400291,4,9,0,-1,19,6,2,-1,0,0,0,0,0,0,1,1,-1,6,2,60,9,1200,1,9,PEUGEOT 208,7,E01025765,0,1
2024501507721,2024,501507721,2,9,0,-1,9,1,7,-1,0,8,0,0,0,0,3,2,-1,6,2,64,9,1199,1,1,PEUGEOT 208,6,E01018481,0,5
2024501521173,2024,501521173,1,9,0,-1,19,1,5,-1,0,0,0,0,0,0,1,1,-1,6,2,63,9,1200,1,11,PEUGEOT 208,5,E01020088,0,2
2024461402183,2024,461402183,1,9,0,-1,19,1,2,-1,0,0,1,0,1,6,1,9,-1,9,1,22,5,1200,1,10,PEUGEOT 208,7,E01024230,0,2
2024501448573,2024,501448573,1,9,0,-1,19,5,1,-1,0,8,1,9,7,1,3,1,-1,9,2,69,10,1200,1,12,PEUGEOT 208,2,E01018860,0,2
2024501506772,2024,501506772,1,9,0,-1,19,1,5,-1,0,0,0,0,2,11,1,1,-1,6,1,81,11,1200,1,5,PEUGEOT 208,2,E01020113,0,3
2024010505450,2024,010505450,2,9,0,99,99,9,9,99,99,9,9,99,9,99,1,9,6,6,3,-1,-1,1200,1,9,PEUGEOT 208,2,E01004574,0,1
2024010536649,2024,010536649,1,9,0,18,19,1,5,0,0,1,0,0,0,0,1,1,6,6,2,29,6,1200,1,4,PEUGEOT 208,4,E01004454,0,1
2024010545356,2024,010545356,2,9,0,3,3,1,5,0,0,0,0,0,0,0,2,1,6,6,1,30,6,1199,1,1,PEUGEOT 208,4,E01004336,0,1
2024531415546,2024,531415546,1,9,0,-1,19,6,1,-1,0,0,0,6,0,0,1,1,-1,9,2,27,6,1199,1,1,PEUGEOT 208,4,E01022358,0,2
2024010540759,2024,010540759,1,9,0,6,6,5,5,0,0,0,0,0,0,0,2,1,6,6,2,43,7,1200,1,12,PEUGEOT 208,9,E01003837,0,1
2024161400242,2024,161400242,2,9,0,-1,19,6,2,-1,0,0,0,0,0,0,1,1,-1,9,1,20,4,1200,1,11,PEUGEOT 208,3,E01012817,0,1
2024010550152,2024,010550152,1,9,0,9,9,5,2,0,0,0,0,0,0,0,3,1,1,1,2,23,5,1200,1,6,PEUGEOT 208,4,E01002491,0,3
2024052400341,2024,052400341,1,9,0,9,9,7,5,0,0,8,0,0,0,0,4,1,6,6,1,31,6,1000,1,10,PEUGEOT 208,4,E01006853,0,1
2024211514984,2024,211514984,2,9,0,-1,19,4,8,-1,0,4,0,0,0,0,4,1,-1,2,2,20,4,1199,1,1,PEUGEOT 208,9,E01029466,0,1
2024421516565,2024,421516565,2,9,0,-1,19,6,2,-1,0,8,0,0,0,0,1,1,-1,6,1,23,5,1199,1,2,PEUGEOT 208,5,E01021497,0,3
2024010498824,2024,010498824,1,9,9,99,99,9,9,99,99,9,9,99,9,99,9,1,6,6,1,64,9,1200,1,12,PEUGEOT 208,2,E01002767,0,1
2024622400638,2024,622400638,1,9,0,18,19,4,8,0,0,1,0,10,0,0,1,1,6,6,1,55,8,1200,1,5,PEUGEOT 208,2,W01001261,0,1
2024552500050,2024,552500050,1,9,0,18,19,8,4,0,0,8,0,0,0,0,1,1,6,6,2,33,6,1200,1,8,PEUGEOT 208,9,E01029207,0,1
2024421400799,2024,421400799,2,9,0,-1,19,2,5,-1,0,0,0,0,0,0,1,1,-1,9,2,50,8,1199,1,1,PEUGEOT 208,5,E01021388,0,1
2024131410330,2024,131410330,1,9,0,-1,2,0,0,-1,0,0,0,4,0,0,4,1,-1,6,-1,-1,-1,1560,2,11,PEUGEOT 208,-1,-1,0,-1
2024010507673,2024,010507673,6,9,0,2,2,0,0,0,0,8,0,0,0,0,1,2,6,6,3,-1,-1,1200,1,3,PEUGEOT 208,-1,-1,0,-1
2024461495667,2024,461495667,2,9,-1,-1,19,7,3,-1,0,0,0,0,0,0,2,9,-1,6,1,63,9,1200,1,9,PEUGEOT 208,3,E01024399,0,4
2024231447659,2024,231447659,3,9,0,-1,19,3,7,-1,0,8,5,0,1,0,0,9,-1,6,2,42,7,1560,2,8,PEUGEOT 208,1,E01029828,0,2
2024552400898,2024,552400898,2,9,0,18,19,8,4,0,0,0,0,0,0,0,1,1,6,6,1,89,11,1199,1,1,PEUGEOT 208,7,E01020538,0,1
2024010522620,2024,010522620,2,9,0,99,99,9,9,99,99,9,9,99,9,99,2,9,6,6,1,21,5,1199,1,1,PEUGEOT 208,4,E01001234,0,1
2024031522864,2024,031522864,1,9,0,-1,19,5,1,-1,0,0,0,0,0,0,1,1,-1,1,1,23,5,1199,1,0,PEUGEOT 208,-1,-1,0,-1
2024421471357,2024,421471357,2,9,0,-1,7,6,1,-1,0,8,0,0,0,0,1,1,-1,6,2,28,6,1560,2,8,PEUGEOT 208,2,E01021391,0,1
2024351515270,2024,351515270,2,9,0,-1,19,8,4,-1,0,2,0,0,0,0,1,1,-1,6,1,72,10,1199,1,1,PEUGEOT 208,6,E01034438,0,1
2024221500479,2024,221500479,2,9,0,-1,3,8,4,-1,0,1,0,0,0,0,2,1,-1,6,2,31,6,1199,1,1,PEUGEOT 208,4,E01014128,0,1
2024440196122,2024,440196122,2,9,0,18,19,6,2,0,0,0,0,0,0,0,1,1,6,6,1,51,8,1200,1,2,PEUGEOT 208,9,E01022754,0,4
2024622400075,2024,622400075,2,9,0,18,19,5,2,0,0,8,0,0,0,0,4,1,2,2,2,20,4,1200,1,11,PEUGEOT 208,6,W01001366,0,3
2024451497210,2024,451497210,2,9,0,-1,19,7,3,-1,0,1,0,0,0,0,1,1,-1,9,2,31,6,1200,1,6,PEUGEOT 208,10,E01002924,0,2
2024161410898,2024,161410898,1,9,0,-1,9,1,7,-1,5,3,1,0,1,11,1,1,-1,6,1,18,4,1000,1,10,PEUGEOT 208,8,E01027924,0,3
2024552400503,2024,552400503,2,9,0,18,19,5,1,0,0,8,0,0,0,0,1,1,6,6,1,52,8,1560,2,10,PEUGEOT 208,5,E01015444,0,2
2024451460175,2024,451460175,1,9,0,-1,5,1,3,-1,99,1,0,0,0,0,3,1,-1,7,2,19,4,1200,1,10,PEUGEOT 208,9,E01030893,0,3
2024041518360,2024,041518360,2,9,0,-1,19,3,7,-1,0,4,0,0,0,0,1,1,-1,9,1,27,6,1200,1,6,PEUGEOT 208,1,E01025582,0,2
2024522401401,2024,522401401,1,9,0,3,3,2,6,0,0,1,0,0,0,0,2,1,6,6,1,65,9,1200,1,11,PEUGEOT 208,3,E01014502,0,1
2024340WN0822,2024,340WN0822,2,9,0,-1,9,8,6,-1,0,5,0,0,0,0,3,1,-1,6,1,34,6,1200,1,8,PEUGEOT 208,2,E01027230,0,1
2024501469599,2024,501469599,1,9,0,-1,19,3,6,-1,0,0,0,0,0,0,1,9,-1,6,1,66,10,1200,1,3,PEUGEOT 208,5,E01020050,0,4
2024552400804,2024,552400804,1,9,0,16,19,4,7,0,0,0,0,4,0,0,1,1,6,6,1,35,6,1560,2,12,PEUGEOT 208,5,E01015296,0,1
2024010516436,2024,010516436,2,9,0,18,19,1,5,0,0,1,0,0,0,0,1,1,6,6,1,30,6,1200,1,5,PEUGEOT 208,2,E01002075,0,2
2024101478135,2024,101478135,1,9,0,-1,19,7,3,-1,0,1,0,0,0,0,1,1,-1,9,2,18,4,1200,1,10,PEUGEOT 208,7,E01027505,0,2
2024401463114,2024,401463114,2,9,0,-1,3,6,1,-1,0,1,0,0,0,0,1,1,-1,2,2,39,7,1200,1,9,PEUGEOT 208,3,E01017568,0,1
2024122400477,2024,122400477,1,9,0,18,19,7,3,0,0,0,0,0,0,0,1,1,6,6,1,32,6,1598,1,9,PEUGEOT 208,7,E01027658,0,2
2024361429262,2024,361429262,1,9,0,-1,19,1,5,-1,0,0,0,0,0,0,1,1,-1,9,2,34,6,1200,1,11,PEUGEOT 208,6,E01026424,0,1
2024201479568,2024,201479568,2,9,0,-1,19,4,8,-1,0,0,0,0,0,0,1,9,-1,6,2,32,6,1199,1,1,PEUGEOT 208,3,E01009199,0,1
2024201482407,2024,201482407,1,9,0,-1,6,3,1,-1,0,0,0,0,0,0,2,9,-1,6,2,30,6,1200,1,4,PEUGEOT 208,4,E01009228,0,2
2024041491275,2024,041491275,1,9,0,-1,19,1,5,-1,0,0,0,0,0,0,1,2,-1,9,1,29,6,1199,8,0,PEUGEOT 208,1,E01034336,0,1
2024041491133,2024,041491133,1,9,0,-1,19,1,5,-1,0,0,0,0,0,0,1,1,-1,6,2,37,7,1200,1,10,PEUGEOT 208,1,E01024906,0,1
2024131478598,2024,131478598,1,9,0,-1,7,5,1,-1,0,3,0,0,4,1,1,1,-1,6,1,49,8,1560,2,10,PEUGEOT 208,2,E01011815,0,1
2024991476561,2024,991476561,1,9,0,-1,4,3,7,-1,0,0,0,0,0,0,2,1,-1,9,2,49,8,1199,1,1,PEUGEOT 208,-1,-1,0,-1
2024302400914,2024,302400914,1,9,0,16,19,1,4,0,0,3,0,0,0,0,1,1,6,6,1,38,7,1200,1,9,PEUGEOT 208,6,E01013507,0,1
2024311414452,2024,311414452,2,9,0,-1,19,3,7,-1,0,8,0,0,0,0,4,1,-1,9,1,40,7,-1,3,2,PEUGEOT 208,5,E01028305,0,1
202417L304824,2024,17L304824,1,9,0,-1,3,2,6,-1,0,1,0,0,0,0,2,1,-1,9,1,37,7,1199,1,2,PEUGEOT 208,1,E01012286,0,3
2024010551126,2024,010551126,1,9,9,99,99,9,9,0,0,0,9,99,9,99,9,9,6,6,2,47,8,1199,1,1,PEUGEOT 208,4,E01023560,0,4
2024991410816,2024,991410816,1,9,0,-1,19,1,5,-1,0,0,2,4,7,0,1,1,-1,6,2,30,6,1200,1,11,PEUGEOT 208,5,-1,0,2
2024052402174,2024,052402174,2,9,0,18,19,2,6,0,0,8,0,0,0,0,1,1,6,6,1,67,10,1200,1,8,PEUGEOT 208,3,E01028891,0,4
2024141494360,2024,141494360,2,9,0,-1,19,7,3,-1,0,0,0,0,0,0,1,1,-1,6,1,-1,-1,1398,2,11,PEUGEOT 208,-1,-1,0,-1
2024471477127,2024,471477127,1,9,0,-1,1,2,6,-1,9,2,0,0,0,0,4,1,-1,9,2,56,9,-1,3,0,PEUGEOT 208,9,E01024802,0,4
2024161512814,2024,161512814,1,9,0,-1,19,3,7,-1,0,8,0,0,0,0,1,1,-1,2,1,24,5,1200,1,4,PEUGEOT 208,5,E01012769,0,2
2024552500122,2024,552500122,2,9,0,9,9,8,7,0,0,0,0,0,0,0,3,1,6,6,1,64,9,1199,1,1,PEUGEOT 208,7,E01020515,0,2
2024201411986,2024,201411986,10,9,0,-1,2,0,0,-1,0,0,0,0,0,0,2,1,-1,6,1,-1,-1,1200,1,10,PEUGEOT 208,-1,-1,0,-1
2024991531974,2024,991531974,2,9,0,-1,19,8,3,-1,0,0,0,0,0,0,1,1,-1,2,2,49,8,1200,1,3,PEUGEOT 208,6,-1,0,1
2024501496350,2024,501496350,1,9,0,-1,19,1,5,-1,0,1,0,0,0,0,1,1,-1,2,2,20,4,1200,1,3,PEUGEOT 208,5,E01018948,0,1
2024351522581,2024,351522581,2,9,-1,-1,-1,-1,-1,-1,-1,-1,-1,-1,-1,0,2,9,-1,9,2,31,6,1200,1,2,PEUGEOT 208,1,E01015663,0,1
2024501530928,2024,501530928,1,9,0,-1,19,5,1,-1,0,1,5,0,0,0,1,1,-1,9,1,79,11,1199,1,1,PEUGEOT 208,9,E01019925,0,1
2024201486843,2024,201486843,1,9,0,-1,7,2,6,-1,0,2,0,0,0,0,4,1,-1,6,1,29,6,1199,1,1,PEUGEOT 208,-1,-1,0,-1
2024351521546,2024,351521546,1,9,0,-1,19,3,8,-1,0,0,0,0,0,0,4,1,-1,6,1,79,11,1199,1,1,PEUGEOT 208,10,E01018193,0,1
2024131493860,2024,131493860,1,9,0,-1,4,5,1,-1,0,0,0,0,0,0,2,1,-1,1,1,46,8,1499,2,1,PEUGEOT 208,1,E01011747,0,3
2024421450998,2024,421450998,1,9,0,-1,9,1,7,-1,0,8,0,0,0,0,1,1,-1,9,2,55,8,-1,3,1,PEUGEOT 208,6,E01021298,0,1
2024010538983,2024,010538983,2,9,0,18,19,6,2,0,0,0,0,0,0,0,2,1,6,6,2,23,5,1200,1,3,PEUGEOT 208,6,E01001619,0,3
2024461451649,2024,461451649,1,9,0,-1,5,1,5,-1,0,2,0,0,0,0,1,1,-1,9,1,35,6,1199,1,1,PEUGEOT 208,1,E01024590,0,1
2024122400876,2024,122400876,1,9,0,16,19,4,7,0,0,0,1,0,0,0,1,1,6,6,1,22,5,1598,1,9,PEUGEOT 208,1,E01010724,0,3
2024522402435,2024,522402435,1,9,0,2,2,0,0,0,0,0,0,0,0,0,2,1,6,6,2,19,4,1200,1,8,PEUGEOT 208,4,E01014946,0,2
2024061427371,2024,061427371,1,9,0,-1,19,3,7,-1,0,0,0,0,0,0,1,1,-1,6,1,-1,-1,1560,2,11,PEUGEOT 208,-1,-1,0,-1
2024471516905,2024,471516905,2,9,0,-1,-1,-1,-1,-1,0,5,0,0,0,0,4,1,-1,6,2,21,5,1500,2,3,PEUGEOT 208,6,E01031407,0,1
2024361409493,2024,361409493,2,9,0,-1,19,3,7,-1,0,0,0,0,0,0,2,9,-1,9,2,24,5,1200,1,8,PEUGEOT 208,1,E01008884,0,5
2024430435816,2024,430435816,2,9,0,18,19,8,4,0,0,8,0,0,0,0,1,1,6,6,2,24,5,1200,1,11,PEUGEOT 208,1,E01016420,0,2
2024041406513,2024,041406513,1,9,0,-1,19,3,1,-1,0,8,0,0,0,0,1,1,-1,1,1,51,8,1398,2,11,PEUGEOT 208,3,E01007488,0,4
2024411459254,2024,411459254,1,9,-1,-1,-1,-1,-1,-1,-1,-1,-1,-1,-1,0,-1,9,-1,6,1,-1,-1,-1,3,1,PEUGEOT 208,-1,-1,0,-1
2024411462058,2024,411462058,1,9,0,-1,19,6,2,-1,0,1,0,0,0,0,1,1,-1,1,2,28,6,1199,1,2,PEUGEOT 208,4,E01023772,0,1
2024052401489,2024,052401489,2,9,0,18,19,6,2,0,0,8,0,0,0,0,3,1,1,1,2,40,7,1560,2,9,PEUGEOT 208,1,E01007009,0,1
2024211436762,2024,211436762,1,9,0,-1,11,8,4,-1,0,0,0,0,1,4,1,1,-1,9,1,46,8,1560,2,10,PEUGEOT 208,2,E01013781,0,4
2024631440935,2024,631440935,2,9,0,-1,19,8,4,-1,0,0,0,0,0,0,3,1,-1,6,1,54,8,1199,1,1,PEUGEOT 208,7,W01000595,0,2
2024991447247,2024,991447247,2,9,0,-1,10,3,1,-1,0,0,0,0,0,0,2,1,-1,1,2,35,6,1598,1,11,PEUGEOT 208,3,-1,0,1
2024010537119,2024,010537119,2,3,0,15,15,1,5,0,0,1,0,0,1,0,1,1,6,6,1,34,6,-1,3,1,PEUGEOT 208,4,E01002589,0,1
2024320746842,2024,320746842,2,9,0,-1,-1,6,2,0,0,0,0,0,0,0,1,1,-1,-1,1,30,6,1199,1,1,PEUGEOT 208,4,E01026070,0,3
2024542458724,2024,542458724,2,9,0,18,19,1,5,0,0,3,0,0,0,0,1,1,1,1,2,52,8,1200,1,9,PEUGEOT 208,9,E01020450,0,3
2024010545207,2024,010545207,2,9,0,18,19,1,5,0,0,8,0,0,0,0,1,1,6,6,2,46,8,-1,3,0,PEUGEOT 208,9,E01000762,0,2
2024430517306,2024,430517306,1,9,0,3,3,8,4,0,0,2,0,0,0,0,2,1,2,2,2,37,7,1199,1,5,PEUGEOT 208,4,E01017708,0,1
2024991488241,2024,991488241,1,9,0,-1,12,7,3,-1,0,0,1,0,2,6,1,1,-1,9,1,21,5,1398,2,12,PEUGEOT 208,2,-1,0,2