collision_index,collision_year,collision_ref_no,vehicle_reference,vehicle_type,towing_and_articulation,vehicle_manoeuvre_historic,vehicle_manoeuvre,vehicle_direction_from,vehicle_direction_to,vehicle_location_restricted_lane_historic,vehicle_location_restricted_lane,junction_location,skidding_and_overturning,hit_object_in_carriageway,vehicle_leaving_carriageway,hit_object_off_carriageway,first_point_of_impact,vehicle_left_hand_drive,journey_purpose_of_driver_historic,journey_purpose_of_driver,sex_of_driver,age_of_driver,age_band_of_driver,engine_capacity_cc,propulsion_code,age_of_vehicle,generic_make_model,driver_imd_decile,lsoa_of_driver,escooter_flag,driver_distance_banding
2024131519649,2024,131519649,2,9,0,-1,2,1,1,-1,9,0,0,0,0,0,2,1,-1,6,-1,-1,-1,1560,2,9,PEUGEOT 208,-1,-1,0,-1
2024031503431,2024,031503431,1,9,0,-1,19,5,1,-1,0,0,0,0,0,0,4,1,-1,6,2,52,8,1199,1,2,PEUGEOT 208,9,-1,0,5
2024010510614,2024,010510614,1,9,0,4,4,1,5,0,0,1,0,0,0,0,1,1,6,6,1,52,8,1200,1,7,PEUGEOT 208,1,E01002082,0,1
2024052401070,2024,052401070,1,9,0,1,1,3,7,0,0,1,0,0,0,0,2,1,6,6,1,67,10,1200,1,2,PEUGEOT 208,1,E01007125,0,1
2024010535198,2024,010535198,4,9,0,2,2,0,0,0,0,0,0,0,0,0,2,1,6,6,3,-1,-1,1000,1,8,PEUGEOT 208,-1,-1,0,-1
2024061452870,2024,061452870,1,9,0,-1,9,-1,-1,-1,0,8,0,0,0,0,4,1,-1,6,3,-1,-1,1200,1,11,PEUGEOT 208,-1,-1,0,-1
2024131417018,2024,131417018,1,9,0,-1,19,2,2,-1,0,0,1,11,0,0,1,1,-1,2,1,18,4,1200,1,8,PEUGEOT 208,9,E01011419,0,1
2024371493277,2024,371493277,1,9,0,-1,19,3,7,-1,0,0,5,0,0,0,1,1,-1,9,1,18,4,1200,1,12,PEUGEOT 208,1,E01033131,0,4
2024052402126,2024,052402126,2,9,0,3,3,1,5,0,0,1,0,0,0,0,2,1,6,6,2,23,5,1200,1,3,PEUGEOT 208,6,E01007116,0,1
2024010518205,2024,010518205,2,9,0,99,99,9,9,99,99,9,9,99,9,99,1,9,6,6,3,-1,-1,1000,1,11,PEUGEOT 208,-1,-1,0,-1
2024440305007,2024,440305007,1,9,0,4,4,4,8,0,0,1,0,0,0,0,2,1,6,6,2,46,8,1200,1,8,PEUGEOT 208,-1,-1,0,-1
2024010507099,2024,010507099,1,9,0,4,4,7,3,0,0,1,0,0,0,0,1,2,2,2,2,34,6,1200,1,7,PEUGEOT 208,4,E01003169,0,1
2024421414561,2024,421414561,1,9,0,-1,19,-1,-1,-1,0,0,0,0,0,0,4,1,-1,6,2,25,5,1200,1,3,PEUGEOT 208,1,E01021500,0,1
2024622400562,2024,622400562,1,9,0,17,19,5,1,0,0,0,0,0,1,11,1,1,6,6,1,33,6,1199,1,0,PEUGEOT 208,1,W01000962,0,1
2024061440468,2024,061440468,1,9,0,-1,5,3,7,-1,0,0,0,0,0,0,1,1,-1,2,1,31,6,1560,2,10,PEUGEOT 208,2,E01004855,0,1
2024411515660,2024,411515660,2,9,0,-1,9,8,6,-1,0,8,0,0,0,0,4,1,-1,7,2,52,8,1199,1,0,PEUGEOT 208,5,E01023939,0,1
2024201467054,2024,201467054,1,9,0,-1,19,4,8,-1,0,0,0,0,0,0,1,1,-1,6,2,41,7,-1,3,0,PEUGEOT 208,3,E01010050,0,2
2024332400728,2024,332400728,2,9,0,-1,19,7,3,-1,0,0,0,0,0,0,3,1,-1,9,2,62,9,1200,1,4,PEUGEOT 208,7,E01025812,0,2
2024211520889,2024,211520889,1,9,0,-1,5,1,5,-1,0,4,5,0,0,0,1,1,-1,6,2,63,9,1199,1,0,PEUGEOT 208,-1,-1,0,-1
2024440054687,2024,440054687,1,9,0,18,19,2,6,0,0,0,1,10,2,2,4,1,2,2,1,29,6,1000,1,9,PEUGEOT 208,5,E01017097,0,1
2024111507351,2024,111507351,2,9,0,-1,19,3,7,-1,0,1,0,0,0,0,4,1,-1,6,2,44,7,1200,1,11,PEUGEOT 208,1,E01012312,0,1
2024010519191,2024,010519191,4,9,0,2,2,0,0,0,0,0,0,0,0,0,2,1,6,6,3,-1,-1,1200,1,11,PEUGEOT 208,-1,-1,0,-1
2024101516715,2024,101516715,1,9,-1,-1,19,1,5,-1,0,0,0,0,0,0,1,9,-1,6,2,42,7,1200,1,8,PEUGEOT 208,4,E01027529,0,1
2024010527364,2024,010527364,2,9,0,99,99,9,9,99,99,9,9,99,9,99,9,9,6,6,3,-1,-1,1200,1,6,PEUGEOT 208,-1,-1,0,-1
2024061450881,2024,061450881,2,9,0,-1,19,3,7,-1,0,0,0,0,0,0,1,1,-1,6,1,40,7,1598,1,9,PEUGEOT 208,9,E01005572,0,4
2024351407099,2024,351407099,2,9,0,-1,8,1,2,-1,0,1,0,0,0,0,2,1,-1,2,2,45,7,1199,1,1,PEUGEOT 208,6,E01015691,0,2
2024211397763,2024,211397763,1,9,0,-1,9,3,8,-1,0,5,0,0,0,0,4,1,-1,6,2,22,5,-1,3,3,PEUGEOT 208,9,E01029601,0,4
2024010540060,2024,010540060,2,9,0,18,19,1,5,6,6,1,0,0,0,0,1,1,6,6,1,21,5,1200,1,12,PEUGEOT 208,5,E01002549,0,1
2024531438944,2024,531438944,1,9,0,-1,5,7,3,-1,0,6,0,0,0,0,1,1,-1,9,2,40,7,1398,2,10,PEUGEOT 208,5,E01022250,0,1
2024071074082,2024,071074082,2,9,0,-1,19,6,6,-1,0,4,0,0,0,0,1,1,-1,1,2,53,8,1498,2,4,PEUGEOT 208,3,E01018552,0,1
2024543275424,2024,543275424,2,9,0,2,2,0,0,0,0,1,0,0,0,0,3,1,6,6,3,-1,-1,1000,1,11,PEUGEOT 208,-1,-1,0,-1
2024041533072,2024,041533072,1,9,0,-1,9,3,1,-1,0,8,0,0,0,0,3,1,-1,9,2,75,10,1199,1,5,PEUGEOT 208,6,E01025315,0,2
2024201490724,2024,201490724,2,9,0,-1,9,7,6,-1,0,3,0,0,0,0,4,1,-1,9,2,17,4,1000,1,10,PEUGEOT 208,-1,-1,0,-1
2024201436708,2024,201436708,1,9,0,-1,4,4,8,-1,0,1,0,0,0,0,1,1,-1,7,2,59,9,1200,1,8,PEUGEOT 208,2,E01010265,0,1
2024131535502,2024,131535502,2,9,0,-1,19,3,7,-1,0,0,1,0,0,0,2,1,-1,6,2,19,4,1200,1,12,PEUGEOT 208,6,E01011083,0,3
2024631463219,2024,631463219,1,9,0,-1,4,6,2,-1,0,0,0,0,0,0,2,1,-1,1,2,35,6,1199,1,1,PEUGEOT 208,4,W01000591,0,4
2024552400848,2024,552400848,2,9,0,18,19,2,6,0,0,0,0,0,0,0,1,1,6,6,2,18,4,1200,1,8,PEUGEOT 208,7,E01020514,0,1
2024401417150,2024,401417150,1,9,0,-1,9,1,5,-1,0,8,0,0,0,0,1,1,-1,1,1,25,5,1199,1,1,PEUGEOT 208,5,E01015750,0,1
2024221453737,2024,221453737,2,9,-1,-1,9,3,1,-1,0,0,0,0,0,0,3,9,-1,6,2,22,5,1200,1,4,PEUGEOT 208,8,E01032160,0,3
2024471482242,2024,471482242,3,9,0,-1,8,7,3,-1,0,0,0,0,0,0,0,1,-1,6,2,35,6,1200,1,9,PEUGEOT 208,4,E01031344,0,1
2024520402129,2024,520402129,1,9,0,4,4,2,6,0,0,8,0,0,0,0,4,1,6,6,1,18,4,1200,1,10,PEUGEOT 208,6,E01029118,0,3
2024622400165,2024,622400165,1,9,0,18,19,6,2,0,0,3,0,7,0,0,1,1,3,7,2,52,8,1200,1,10,PEUGEOT 208,3,W01000907,0,1
2024421467231,2024,421467231,2,9,0,-1,5,1,5,-1,0,4,0,0,0,0,3,1,-1,9,2,51,8,1199,8,0,PEUGEOT 208,6,E01021535,0,1
2024201474158,2024,201474158,1,9,0,-1,19,5,3,-1,0,4,0,0,0,0,2,1,-1,2,1,44,7,1200,1,4,PEUGEOT 208,1,E01010415,0,2
2024991459142,2024,991459142,2,9,0,-1,3,1,5,-1,0,4,0,0,0,0,2,1,-1,9,1,44,7,1200,1,9,PEUGEOT 208,9,-1,0,1
2024421481182,2024,421481182,2,9,0,-1,19,3,7,-1,0,0,0,0,0,0,1,1,-1,6,2,51,8,1398,2,10,PEUGEOT 208,4,E01021992,0,1
2024430349915,2024,430349915,1,9,0,18,19,7,3,0,0,2,0,0,0,0,4,1,6,6,3,-1,-1,1398,2,9,PEUGEOT 208,-1,-1,0,-1
2024552401345,2024,552401345,1,9,0,7,7,3,6,0,0,8,0,0,1,0,1,1,6,6,1,89,11,1200,1,11,PEUGEOT 208,6,E01034281,0,1
2024520402698,2024,520402698,1,9,0,18,19,8,4,0,0,0,5,0,7,10,1,1,6,6,2,26,6,1397,1,12,PEUGEOT 208,4,W01001063,0,4
2024061445752,2024,061445752,2,9,0,-1,7,-1,-1,-1,4,8,0,0,0,0,2,1,-1,6,2,-1,-1,1398,2,11,PEUGEOT 208,4,E01006188,0,1
2024320641107,2024,320641107,2,9,0,-1,-1,8,4,0,0,0,0,0,0,0,1,1,6,6,2,58,9,1560,2,8,PEUGEOT 208,6,E01026100,0,1
2024501460586,2024,501460586,2,9,0,-1,4,7,3,-1,0,2,0,99,0,0,4,1,-1,6,1,42,7,1200,1,10,PEUGEOT 208,6,E01018824,0,1
2024991469841,2024,991469841,1,9,0,-1,19,2,6,-1,0,0,0,0,0,0,3,1,-1,6,2,33,6,1200,1,4,PEUGEOT 208,-1,-1,0,-1
2024201490757,2024,201490757,1,9,0,-1,19,2,8,-1,0,0,0,0,0,0,4,1,-1,6,2,23,5,1200,1,3,PEUGEOT 208,8,E01009850,0,3
2024141462633,2024,141462633,2,9,0,-1,19,-1,-1,-1,0,6,0,0,0,0,-1,9,-1,6,3,-1,-1,1200,1,11,PEUGEOT 208,-1,-1,0,-1
2024070405227,2024,070405227,3,9,0,2,2,0,0,0,0,0,0,0,0,0,3,1,6,6,3,-1,-1,1200,1,3,PEUGEOT 208,10,E01018690,0,3
2024531416958,2024,531416958,1,9,0,-1,19,1,5,-1,0,0,0,0,0,0,3,1,-1,7,2,48,8,-1,3,2,PEUGEOT 208,10,E01022367,0,1
2024101488108,2024,101488108,1,9,0,-1,4,5,1,-1,0,0,0,0,0,0,1,1,-1,6,2,39,7,1200,1,9,PEUGEOT 208,3,E01008468,0,1
2024201451096,2024,201451096,4,9,0,-1,2,0,0,-1,9,0,0,0,0,0,2,1,-1,6,-1,-1,-1,1200,1,10,PEUGEOT 208,-1,-1,0,-1
2024311454578,2024,311454578,1,9,0,-1,19,6,2,-1,0,0,0,0,7,0,1,1,-1,9,2,40,7,1200,1,6,PEUGEOT 208,-1,-1,0,-1
2024332400681,2024,332400681,2,9,0,-1,19,9,9,-1,0,0,0,0,0,0,1,1,-1,6,3,-1,-1,1200,1,9,PEUGEOT 208,-1,-1,0,-1
2024340WN7182,2024,340WN7182,1,9,0,-1,5,7,1,-1,0,6,0,0,0,0,1,1,-1,9,1,27,6,1200,1,8,PEUGEOT 208,5,E01027136,0,1
2024122400704,2024,122400704,1,9,0,17,19,3,7,0,0,0,0,0,1,9,4,1,1,1,2,23,5,1398,2,11,PEUGEOT 208,10,E01013352,0,1
2024520402966,2024,520402966,2,9,0,4,4,5,1,0,0,4,0,0,0,0,2,1,6,6,2,85,11,1200,1,7,PEUGEOT 208,8,E01029145,0,1
2024471492174,2024,471492174,2,9,0,-1,2,0,0,-1,0,0,0,0,1,0,1,1,-1,9,2,70,10,1200,1,3,PEUGEOT 208,8,E01020931,0,1
2024991520275,2024,991520275,1,9,0,-1,9,5,3,-1,0,1,0,0,0,0,0,1,-1,6,2,39,7,1000,1,11,PEUGEOT 208,2,-1,0,1
2024010525888,2024,010525888,2,9,0,99,99,9,9,99,99,9,9,99,9,99,9,9,6,6,3,-1,-1,1200,1,7,PEUGEOT 208,-1,-1,0,-1
2024461502347,2024,461502347,1,9,0,-1,9,3,7,-1,0,0,0,0,0,0,1,9,-1,6,2,27,6,1200,1,9,PEUGEOT 208,6,E01024016,0,1
2024141473805,2024,141473805,1,9,0,-1,4,3,7,-1,0,0,0,0,0,0,2,1,-1,2,2,46,8,-1,3,4,PEUGEOT 208,-1,-1,0,-1
2024010540277,2024,010540277,1,9,0,16,19,1,5,0,0,4,1,9,8,1,1,1,6,6,1,29,6,1000,1,11,PEUGEOT 208,4,E01003518,0,3
2024520402807,2024,520402807,1,9,0,7,7,1,3,0,0,6,0,0,0,0,1,1,6,6,2,-1,-1,1398,2,10,PEUGEOT 208,7,E01014808,0,3
2024010535074,2024,010535074,1,9,0,4,4,1,5,0,0,0,0,0,0,0,1,1,6,6,1,19,4,1000,1,11,PEUGEOT 208,5,E01000975,0,1
2024061450140,2024,061450140,2,9,-1,-1,-1,-1,-1,-1,-1,0,-1,-1,-1,0,-1,9,-1,2,2,46,8,1200,1,10,PEUGEOT 208,9,E01005408,0,2
2024451398899,2024,451398899,2,9,0,-1,5,5,1,-1,0,8,0,0,0,0,4,1,-1,9,2,74,10,1199,1,1,PEUGEOT 208,10,E01030395,0,1
2024131452190,2024,131452190,2,9,0,-1,19,7,3,-1,0,0,0,0,0,0,2,1,-1,2,2,40,7,1200,1,6,PEUGEOT 208,2,E01011918,0,1
2024010530391,2024,010530391,2,9,9,99,99,9,9,99,99,9,9,99,9,99,9,9,6,6,3,-1,-1,1598,1,11,PEUGEOT 208,-1,-1,0,-1
2024471418637,2024,471418637,1,9,0,-1,19,7,3,-1,0,8,0,0,0,0,4,1,-1,1,2,30,6,1200,1,8,PEUGEOT 208,2,E01031808,0,1
2024531479815,2024,531479815,1,9,0,-1,19,3,7,-1,0,8,0,9,0,0,1,1,-1,9,2,84,11,1200,1,11,PEUGEOT 208,6,E01022162,0,2
2024131520140,2024,131520140,2,9,0,-1,9,1,3,-1,0,2,0,0,0,0,3,1,-1,9,1,30,6,1200,1,11,PEUGEOT 208,1,E01011422,0,1
202417L307024,2024,17L307024,1,9,0,-1,19,1,5,-1,0,1,0,0,0,0,1,1,-1,9,1,-1,-1,1200,1,10,PEUGEOT 208,-1,-1,0,-1
2024201508993,2024,201508993,5,9,0,-1,2,0,0,-1,0,1,0,0,0,0,1,1,-1,6,-1,-1,-1,1199,1,5,PEUGEOT 208,-1,-1,0,-1
2024610031224,2024,610031224,1,9,0,5,5,0,1,0,0,0,0,4,0,0,1,1,2,2,2,25,5,1200,1,9,PEUGEOT 208,2,W01001385,0,1
2024031456436,2024,031456436,2,9,0,-1,5,3,7,-1,0,1,0,0,0,0,1,2,-1,9,2,28,6,1397,1,12,PEUGEOT 208,-1,-1,0,-1
2024010540198,2024,010540198,1,9,0,99,99,9,9,99,99,0,9,99,9,99,2,9,6,6,2,28,6,1199,1,1,PEUGEOT 208,5,E01021954,0,4
2024070172926,2024,070172926,1,9,0,17,19,7,4,0,0,1,1,0,1,9,4,1,2,2,1,53,8,1200,1,9,PEUGEOT 208,3,W01000292,0,3
2024031445311,2024,031445311,1,9,0,-1,19,7,3,-1,0,0,5,0,0,0,1,1,-1,9,1,79,11,1200,1,8,PEUGEOT 208,5,E01019306,0,1
2024501535184,2024,501535184,2,9,0,-1,19,7,3,-1,0,2,0,0,0,0,1,1,-1,6,2,26,6,1200,1,4,PEUGEOT 208,4,E01003136,0,5
2024131439597,2024,131439597,1,9,0,-1,19,7,3,-1,0,1,0,0,0,0,1,1,-1,9,2,60,9,1200,1,5,PEUGEOT 208,7,E01011828,0,1
2024201491649,2024,201491649,1,9,0,-1,19,2,6,-1,0,0,0,0,0,0,1,1,-1,6,1,41,7,1199,1,1,PEUGEOT 208,2,E01009210,0,1
2024430622684,2024,430622684,2,9,0,9,9,5,3,0,0,8,0,0,0,0,4,1,6,6,2,48,8,1200,1,7,PEUGEOT 208,10,E01028755,0,1
2024311404782,2024,311404782,1,9,0,-1,19,3,4,-1,0,0,0,0,0,0,1,1,-1,1,2,27,6,1199,1,2,PEUGEOT 208,3,E01028229,0,2
2024011486295,2024,011486295,2,9,0,-1,19,6,2,-1,0,0,0,0,0,0,3,9,-1,6,1,58,9,1200,1,3,PEUGEOT 208,9,E01000349,0,1
2024520402657,2024,520402657,1,9,0,18,19,3,7,0,0,0,0,0,0,0,3,1,6,6,1,77,11,1199,1,2,PEUGEOT 208,9,E01003798,0,5
2024302401596,2024,302401596,2,9,0,11,11,3,7,0,0,1,0,0,0,0,1,1,6,6,2,51,8,1200,1,10,PEUGEOT 208,4,E01019560,0,1
2024141515896,2024,141515896,3,9,0,-1,19,6,2,-1,0,0,0,0,0,0,2,1,-1,9,2,26,6,1398,2,11,PEUGEOT 208,1,E01007769,0,1
2024371410735,2024,371410735,1,9,0,-1,5,7,2,-1,0,2,0,0,0,0,3,1,-1,9,2,21,5,1200,1,9,PEUGEOT 208,5,E01030290,0,1
2024351543925,2024,351543925,6,9,0,-1,19,6,2,-1,0,0,0,11,0,0,1,1,-1,6,2,38,7,1200,1,10,PEUGEOT 208,2,E01033112,0,1
2024141429936,2024,141429936,1,9,0,-1,19,1,6,-1,9,1,0,0,0,0,1,9,-1,6,1,-1,-1,1398,2,12,PEUGEOT 208,7,E01007999,0,1
2024320385340,2024,320385340,2,9,0,14,14,1,5,0,0,2,0,0,0,0,4,1,-1,-1,2,39,7,1199,8,0,PEUGEOT 208,7,E01026275,0,1
2024010539122,2024,010539122,2,9,0,99,99,9,9,99,99,9,9,99,9,99,9,9,6,6,3,-1,-1,1000,1,11,PEUGEOT 208,-1,-1,0,-1
2024311456307,2024,311456307,1,9,0,-1,5,5,1,-1,9,0,0,0,0,0,1,1,-1,6,1,35,6,1199,1,1,PEUGEOT 208,-1,-1,0,-1
2024430050855,2024,430050855,1,9,0,9,9,3,1,0,0,5,0,0,0,0,1,1,6,6,2,-1,-1,1200,1,10,PEUGEOT 208,-1,-1,0,-1
2024201509065,2024,201509065,1,9,0,-1,5,8,6,-1,0,6,0,0,0,0,1,1,-1,2,2,26,6,1560,2,8,PEUGEOT 208,2,E01009022,0,1
2024010499112,2024,010499112,1,9,0,99,99,9,9,99,99,9,9,99,9,99,1,9,6,6,1,32,6,1200,1,12,PEUGEOT 208,1,E01032569,0,1
2024221402635,2024,221402635,2,9,0,-1,19,3,1,-1,0,0,0,0,0,0,1,1,-1,6,1,27,6,1199,1,1,PEUGEOT 208,2,E01032465,0,4
2024631517254,2024,631517254,2,9,0,-1,4,6,2,-1,0,0,0,0,0,0,3,1,-1,9,2,60,9,1398,2,9,PEUGEOT 208,6,W01000575,0,1
2024520401837,2024,520401837,2,9,0,18,19,5,1,0,0,0,0,0,0,0,3,1,6,6,2,39,7,1200,1,8,PEUGEOT 208,8,E01034637,0,4
2024010517901,2024,010517901,2,4,0,4,4,3,7,0,0,1,0,0,0,0,2,1,6,6,1,36,7,330,1,8,-1,-1,-1,0,-1
2024010535462,2024,010535462,2,9,0,99,99,9,9,99,99,9,9,99,9,99,9,9,6,6,3,-1,-1,1997,1,14,RENAULT GRAND SCENIC,-1,-1,0,-1
2024411432558,2024,411432558,2,9,0,-1,3,8,4,-1,0,1,0,0,0,0,2,1,-1,9,1,30,6,1995,2,15,RENAULT GRAND SCENIC,6,E01023927,0,3
2024010497675,2024,010497675,2,9,0,18,19,1,5,0,0,1,0,0,0,0,1,1,6,6,2,47,8,1998,1,19,RENAULT GRAND SCENIC,8,E01003421,0,1
2024161473297,2024,161473297,1,9,0,-1,7,7,1,-1,0,8,0,0,0,0,2,9,-1,6,1,36,7,1461,2,13,RENAULT GRAND SCENIC,1,E01012892,0,1
2024141413794,2024,141413794,2,9,0,-1,2,0,0,-1,9,2,5,4,1,0,2,1,-1,6,-1,-1,-1,1461,2,14,RENAULT GRAND SCENIC,-1,-1,0,-1
2024631450523,2024,631450523,1,9,0,-1,19,2,6,-1,0,0,1,6,2,10,4,1,-1,9,1,25,5,1461,2,13,RENAULT GRAND SCENIC,3,E01034022,0,5
2024131481139,2024,131481139,2,9,0,-1,19,7,3,-1,0,8,0,0,0,0,2,1,-1,9,1,52,8,1461,2,11,RENAULT GRAND SCENIC,3,E01011322,0,1
2024211432543,2024,211432543,1,9,0,-1,19,5,1,-1,0,0,0,0,0,0,3,1,-1,6,1,57,9,1461,2,8,RENAULT GRAND SCENIC,1,E01014256,0,3
2024061509287,2024,061509287,1,9,0,-1,19,1,5,-1,0,0,0,0,0,0,3,1,-1,2,1,57,9,1598,1,17,RENAULT GRAND SCENIC,1,E01005320,0,1
2024531417952,2024,531417952,1,9,0,-1,5,3,7,-1,0,1,0,0,0,0,3,1,-1,9,2,38,7,1598,1,14,RENAULT GRAND SCENIC,4,E01022358,0,3
2024061529458,2024,061529458,2,9,0,-1,19,-1,-1,-1,0,4,0,0,0,0,1,1,-1,6,1,-1,-1,1461,2,13,RENAULT GRAND SCENIC,2,E01033982,0,2
2024070344591,2024,070344591,1,9,0,16,19,7,3,0,0,0,5,0,0,0,1,1,2,2,1,38,7,1461,2,14,RENAULT GRAND SCENIC,1,E01006847,0,4
2024201417232,2024,201417232,2,9,0,-1,19,7,2,-1,0,8,0,10,1,0,4,1,-1,6,2,43,7,1461,2,16,RENAULT GRAND SCENIC,5,E01009582,0,1
2024302401573,2024,302401573,2,9,0,4,4,7,3,0,0,1,0,0,0,0,2,1,6,6,2,49,8,1461,2,12,RENAULT GRAND SCENIC,4,E01019824,0,1
2024610004424,2024,610004424,1,9,0,18,19,8,3,0,0,6,0,0,0,0,1,1,6,6,1,51,8,1461,2,13,RENAULT GRAND SCENIC,-1,-1,0,-1
2024991557949,2024,991557949,2,9,0,-1,4,8,4,-1,0,4,0,0,0,0,2,2,-1,9,2,29,6,1461,2,12,RENAULT GRAND SCENIC,5,-1,0,1
2024545280224,2024,545280224,1,9,0,13,13,6,2,0,0,0,0,0,0,0,4,1,6,6,2,36,7,1330,1,5,RENAULT GRAND SCENIC,7,E01015560,0,4
2024201492218,2024,201492218,1,9,0,-1,19,2,6,-1,0,8,0,0,0,0,1,1,-1,6,2,33,6,1461,2,17,RENAULT GRAND SCENIC,-1,-1,0,-1
2024361511516,2024,361511516,3,9,0,-1,2,0,0,-1,0,1,0,0,0,0,2,1,-1,6,-1,-1,-1,1870,2,13,RENAULT GRAND SCENIC,-1,-1,0,-1
2024041440522,2024,041440522,1,9,0,-1,5,1,5,-1,0,6,0,0,0,0,2,1,-1,6,1,45,7,1598,2,11,RENAULT GRAND SCENIC,3,E01025311,0,2
2024351540102,2024,351540102,2,9,0,-1,19,7,3,-1,0,0,0,0,0,0,2,1,-1,9,1,23,5,1461,2,12,RENAULT GRAND SCENIC,4,E01035430,0,4
2024421503719,2024,421503719,2,9,0,-1,2,0,0,-1,9,0,0,0,0,0,4,1,-1,6,-1,-1,-1,1598,2,7,RENAULT GRAND SCENIC,-1,-1,0,-1
2024531436335,2024,531436335,1,9,0,-1,19,2,6,-1,0,0,1,0,0,0,1,1,-1,6,2,34,6,1995,2,14,RENAULT GRAND SCENIC,5,E01022272,0,3
2024361403702,2024,361403702,2,9,0,-1,4,7,3,-1,0,0,0,0,0,0,2,1,-1,6,2,36,7,1461,2,12,RENAULT GRAND SCENIC,1,E01026869,0,4
2024552401062,2024,552401062,1,9,0,18,19,4,8,0,0,0,0,0,0,0,4,1,6,6,1,41,7,1598,1,15,RENAULT GRAND SCENIC,2,E01015304,0,2
2024010507982,2024,010507982,2,9,0,99,99,9,9,99,99,9,9,99,9,99,9,9,6,6,3,34,6,1461,2,7,RENAULT GRAND SCENIC,-1,-1,0,-1
202460Q176840,2024,60Q176840,1,9,0,13,13,3,7,0,0,0,2,0,1,6,1,1,6,6,1,30,6,1870,2,14,RENAULT GRAND SCENIC,-1,-1,0,-1
2024061435629,2024,061435629,1,9,0,-1,19,-1,-1,-1,-1,-1,-1,-1,-1,0,2,1,-1,6,2,53,8,1461,2,14,RENAULT GRAND SCENIC,9,E01005849,0,1
2024501510669,2024,501510669,2,9,0,-1,9,7,5,-1,0,8,0,0,0,0,4,1,-1,9,2,37,7,1461,2,8,RENAULT GRAND SCENIC,4,E01015129,0,1
2024302400808,2024,302400808,2,9,0,17,19,8,6,0,0,2,0,0,0,0,2,1,6,6,1,68,10,1461,2,13,RENAULT GRAND SCENIC,5,E01009447,0,4
2024440461374,2024,440461374,1,9,0,9,9,4,3,0,0,1,0,0,0,0,4,1,6,6,2,29,6,1461,2,12,RENAULT GRAND SCENIC,-1,-1,0,-1
2024471499222,2024,471499222,1,9,0,-1,19,4,8,-1,0,1,0,0,0,0,3,1,-1,7,2,37,7,1461,2,12,RENAULT GRAND SCENIC,6,E01016877,0,1
2024430385389,2024,430385389,1,9,0,18,19,6,3,0,0,1,0,0,0,0,1,1,2,2,1,32,6,1870,2,14,RENAULT GRAND SCENIC,8,E01028808,0,1
2024141531503,2024,141531503,3,9,0,-1,8,1,3,-1,0,6,0,0,0,0,3,1,-1,2,1,35,6,1461,2,12,RENAULT GRAND SCENIC,1,E01007492,0,1
2024520402260,2024,520402260,2,9,0,18,19,1,6,0,0,8,0,0,0,0,3,1,6,6,2,36,7,1461,2,16,RENAULT GRAND SCENIC,8,E01029176,0,1
2024010502396,2024,010502396,1,9,0,99,99,9,9,99,99,9,9,99,9,99,2,9,6,6,1,56,9,1461,2,8,RENAULT GRAND SCENIC,2,E01000527,0,1
2024631495976,2024,631495976,2,9,0,-1,19,1,5,-1,0,0,0,0,1,9,1,1,-1,2,2,51,8,1461,2,14,RENAULT GRAND SCENIC,7,W01000497,0,1
2024430387497,2024,430387497,2,9,0,3,3,1,5,0,0,0,0,0,0,0,2,1,6,6,2,58,9,1461,2,10,RENAULT GRAND SCENIC,10,E01035428,0,3
2024141538525,2024,141538525,1,9,0,-1,19,7,3,-1,0,1,0,0,0,0,4,1,-1,6,2,31,6,1461,2,8,RENAULT GRAND SCENIC,1,E01007573,0,1
2024231420344,2024,231420344,2,9,0,-1,3,8,2,-1,0,1,0,0,0,0,4,9,-1,9,2,28,6,1461,2,10,RENAULT GRAND SCENIC,8,E01031161,0,4
2024201448551,2024,201448551,2,9,0,-1,19,6,2,-1,0,6,0,0,0,0,1,1,-1,6,2,40,7,1461,2,14,RENAULT GRAND SCENIC,5,E01008974,0,1
2024161510467,2024,161510467,1,9,0,-1,19,7,3,-1,0,1,0,4,0,0,1,1,-1,9,1,68,10,1870,2,17,RENAULT GRAND SCENIC,4,E01026028,0,4
2024440086398,2024,440086398,1,9,0,18,19,8,4,0,0,1,0,0,4,1,1,1,2,2,1,36,7,1461,2,9,RENAULT GRAND SCENIC,1,E01017281,0,1
2024161497184,2024,161497184,2,9,0,-1,19,3,7,-1,0,8,0,0,0,0,1,1,-1,2,1,59,9,1461,2,8,RENAULT GRAND SCENIC,1,E01012888,0,1
2024421487667,2024,421487667,2,9,0,-1,19,1,5,-1,0,0,0,0,0,0,1,1,-1,6,2,38,7,1461,2,14,RENAULT GRAND SCENIC,3,E01021318,0,1
2024340NN1712,2024,340NN1712,1,8,0,-1,19,1,5,-1,0,1,0,0,1,9,1,1,-1,1,1,30,6,1461,2,15,RENAULT GRAND SCENIC,3,E01027137,0,2
2024340WN5932,2024,340WN5932,2,9,0,-1,10,6,3,-1,0,5,0,0,0,0,2,1,-1,9,1,42,7,1870,2,14,RENAULT GRAND SCENIC,9,E01017649,0,2
2024201455910,2024,201455910,1,9,0,-1,7,6,7,-1,0,3,0,10,1,0,1,1,-1,6,2,38,7,1461,2,13,RENAULT GRAND SCENIC,1,E01009354,0,1