collision_index,collision_year,collision_ref_no,vehicle_reference,vehicle_type,towing_and_articulation,vehicle_manoeuvre_historic,vehicle_manoeuvre,vehicle_direction_from,vehicle_direction_to,vehicle_location_restricted_lane_historic,vehicle_location_restricted_lane,junction_location,skidding_and_overturning,hit_object_in_carriageway,vehicle_leaving_carriageway,hit_object_off_carriageway,first_point_of_impact,vehicle_left_hand_drive,journey_purpose_of_driver_historic,journey_purpose_of_driver,sex_of_driver,age_of_driver,age_band_of_driver,engine_capacity_cc,propulsion_code,age_of_vehicle,generic_make_model,driver_imd_decile,lsoa_of_driver,escooter_flag,driver_distance_banding
2024061498198,2024,061498198,2,9,0,-1,19,1,4,-1,0,1,0,0,0,0,1,1,-1,9,2,42,7,1461,2,13,RENAULT GRAND SCENIC,1,E01005953,0,1
2024101457518,2024,101457518,2,9,0,-1,19,1,5,-1,0,1,0,0,0,0,1,1,-1,1,2,38,7,1461,2,9,RENAULT GRAND SCENIC,9,E01033717,0,2
2024501499639,2024,501499639,2,9,0,-1,19,3,7,-1,0,0,0,0,0,0,3,1,-1,6,1,64,9,1461,2,13,RENAULT GRAND SCENIC,4,E01018782,0,1
2024010521790,2024,010521790,1,9,0,99,99,9,9,99,99,9,9,99,9,99,9,9,6,6,2,45,7,1870,2,13,RENAULT GRAND SCENIC,10,E01031639,0,4
2024411496626,2024,411496626,1,9,0,-1,2,7,3,-1,0,0,0,0,0,0,2,1,-1,6,2,45,7,1461,2,10,RENAULT GRAND SCENIC,10,E01023667,0,2
2024991482951,2024,991482951,2,9,0,-1,19,5,1,-1,0,1,0,0,0,0,4,1,-1,6,2,25,5,1998,1,16,RENAULT GRAND SCENIC,1,-1,0,1
2024421532214,2024,421532214,1,9,0,-1,19,5,1,-1,0,2,0,0,0,0,1,1,-1,9,2,45,7,1461,2,12,RENAULT GRAND SCENIC,2,E01021327,0,2
2024141397436,2024,141397436,2,9,0,-1,11,1,1,-1,0,4,0,0,2,0,4,1,-1,6,2,29,6,1461,2,12,RENAULT GRAND SCENIC,3,E01007337,0,2
2024421532572,2024,421532572,2,9,0,-1,7,7,1,-1,0,0,0,0,0,0,3,1,-1,6,2,53,8,1461,2,14,RENAULT GRAND SCENIC,6,E01029870,0,2
2024631478628,2024,631478628,3,9,0,-1,2,0,0,-1,0,0,0,0,0,0,1,1,-1,6,-1,-1,-1,1461,2,12,RENAULT GRAND SCENIC,-1,-1,0,-1
2024122400406,2024,122400406,1,9,0,18,19,7,3,0,0,1,0,7,1,4,1,1,2,2,1,51,8,1461,2,11,RENAULT GRAND SCENIC,9,-1,0,5
2024421518425,2024,421518425,3,9,0,-1,2,0,0,-1,0,0,0,4,0,0,1,1,-1,6,-1,-1,-1,1598,1,14,RENAULT GRAND SCENIC,-1,-1,0,-1
2024440372625,2024,440372625,1,9,0,9,9,5,3,0,0,6,0,0,0,0,3,1,6,6,2,92,11,1998,1,19,RENAULT GRAND SCENIC,10,E01023044,0,1
202454A729724,2024,54A729724,1,9,0,18,19,6,2,0,0,0,5,0,0,0,1,1,6,6,2,31,6,1461,2,12,RENAULT GRAND SCENIC,9,E01032026,0,3
2024031471063,2024,031471063,2,9,0,-1,3,7,2,-1,0,1,0,0,0,0,2,1,-1,6,2,39,7,1461,2,15,RENAULT GRAND SCENIC,5,E01019392,0,2
2024041461448,2024,041461448,3,9,0,-1,19,3,7,-1,0,0,1,11,0,0,1,1,-1,9,1,53,8,1998,1,16,RENAULT GRAND SCENIC,1,E01012720,0,3
2024991476991,2024,991476991,2,9,0,-1,19,3,8,-1,0,0,0,0,1,0,3,1,-1,9,1,36,7,1461,2,10,RENAULT GRAND SCENIC,6,-1,0,4
2024211406178,2024,211406178,1,9,0,-1,19,5,5,-1,0,0,0,0,0,0,1,1,-1,6,2,40,7,1870,2,16,RENAULT GRAND SCENIC,4,E01029541,0,1
2024371412533,2024,371412533,2,9,0,-1,1,7,4,-1,0,0,0,0,0,0,4,1,-1,1,1,65,9,1461,2,7,RENAULT GRAND SCENIC,5,E01030252,0,1
2024231462336,2024,231462336,2,9,0,-1,19,5,1,-1,0,8,0,0,0,0,1,1,-1,6,1,74,10,1461,2,12,RENAULT GRAND SCENIC,9,E01008616,0,5
2024010528190,2024,010528190,1,9,0,9,9,7,5,0,0,6,0,0,0,0,2,1,6,6,2,42,7,1461,2,7,RENAULT GRAND SCENIC,5,E01004418,0,2
2024101533657,2024,101533657,1,9,0,-1,9,3,1,-1,0,8,0,0,0,0,4,1,-1,6,2,-1,-1,1461,2,11,RENAULT GRAND SCENIC,-1,-1,0,-1
2024340NN4342,2024,340NN4342,2,9,0,-1,3,1,5,-1,0,0,0,0,0,0,2,1,-1,7,1,68,10,1598,1,13,RENAULT GRAND SCENIC,3,E01027081,0,1
2024440522516,2024,440522516,1,9,0,18,19,5,1,0,0,1,0,0,0,0,1,1,6,6,1,-1,-1,1461,2,15,RENAULT GRAND SCENIC,-1,-1,0,-1
2024141493330,2024,141493330,1,9,0,-1,4,1,5,-1,0,0,0,0,0,0,2,1,-1,2,2,39,7,1598,2,10,RENAULT GRAND SCENIC,1,E01008097,0,3
2024201513958,2024,201513958,1,9,0,-1,9,5,2,-1,0,3,0,0,0,0,4,1,-1,6,3,30,6,1598,2,9,RENAULT GRAND SCENIC,-1,-1,0,-1
2024201436845,2024,201436845,2,9,0,-1,3,7,3,-1,0,0,0,0,0,0,2,1,-1,6,2,38,7,1461,2,13,RENAULT GRAND SCENIC,1,E01009354,0,1
2024401411603,2024,401411603,1,9,0,-1,5,-1,-1,-1,0,4,0,0,0,0,1,9,-1,6,1,-1,-1,1461,2,14,RENAULT GRAND SCENIC,2,E01017500,0,1
2024302401209,2024,302401209,1,9,0,18,19,8,4,0,0,0,0,0,0,0,1,1,6,6,1,57,9,1461,2,14,RENAULT GRAND SCENIC,4,E01025931,0,4
2024421517436,2024,421517436,3,9,0,-1,19,2,6,-1,0,8,0,0,0,0,2,1,-1,9,1,51,8,1397,1,15,RENAULT GRAND SCENIC,7,E01021691,0,3
2024201417527,2024,201417527,3,9,0,-1,19,4,8,-1,0,0,0,0,0,0,1,9,-1,6,1,-1,-1,1461,2,13,RENAULT GRAND SCENIC,2,E01013753,0,4
2024052400893,2024,052400893,1,4,0,18,19,2,6,0,0,0,0,0,0,0,4,1,6,6,1,33,6,411,1,2,-1,8,E01032904,0,3
2024041494536,2024,041494536,1,4,0,-1,19,7,3,-1,0,1,2,0,0,0,3,1,-1,9,1,48,8,411,1,1,-1,4,E01004913,0,4
2024361454415,2024,361454415,2,4,0,-1,19,5,1,-1,0,8,0,0,0,0,4,1,-1,2,1,33,6,996,1,18,SUZUKI SV 1000,6,E01026452,0,3
2024221452977,2024,221452977,1,5,0,-1,19,8,4,-1,0,1,1,0,1,0,2,1,-1,6,1,32,6,996,1,21,SUZUKI SV 1000,7,E01014204,0,1
2024111410723,2024,111410723,1,5,0,-1,13,3,3,-1,0,0,0,0,0,0,1,1,-1,6,1,28,6,996,1,21,SUZUKI SV 1000,1,E01020716,0,1
2024421426122,2024,421426122,1,5,0,-1,19,8,4,-1,0,0,0,0,0,0,2,1,-1,6,1,55,8,996,1,19,SUZUKI SV 1000,-1,-1,0,-1
2024332400304,2024,332400304,1,5,0,-1,13,1,5,-1,0,8,1,0,7,0,1,1,-1,6,1,34,6,996,1,21,SUZUKI SV 1000,2,E01013610,0,1
2024361486403,2024,361486403,1,5,0,-1,19,5,1,-1,0,0,2,4,0,0,1,1,-1,2,1,34,6,996,1,18,SUZUKI SV 1000,8,E01026938,0,2
2024622400470,2024,622400470,1,5,0,17,19,6,2,0,0,0,0,0,1,10,1,1,2,2,1,53,8,996,1,16,SUZUKI SV 1000,2,W01001261,0,1
2024311437413,2024,311437413,1,5,0,-1,19,3,8,-1,0,0,0,0,1,0,1,1,-1,6,1,45,7,996,1,21,SUZUKI SV 1000,-1,-1,0,-1
2024302400459,2024,302400459,1,5,0,16,19,8,2,0,0,0,0,0,0,0,1,1,6,6,1,31,6,996,1,19,SUZUKI SV 1000,7,E01032963,0,5
2024471451725,2024,471451725,1,5,0,-1,7,5,7,-1,0,1,1,0,0,0,1,1,-1,2,1,45,7,996,1,18,SUZUKI SV 1000,6,E01031817,0,3
2024471462679,2024,471462679,1,5,0,-1,19,5,1,-1,0,0,1,0,1,4,1,1,-1,9,1,41,7,996,1,21,SUZUKI SV 1000,5,E01022835,0,4
2024332401061,2024,332401061,2,2,0,-1,19,1,5,-1,0,1,0,0,0,0,1,1,-1,6,2,-1,-1,50,1,3,-1,2,E01034008,0,1
2024471428939,2024,471428939,1,2,0,-1,19,5,1,-1,0,1,1,0,7,10,3,1,-1,9,1,17,4,50,1,3,-1,8,E01031677,0,1
2024070527773,2024,070527773,1,5,0,16,19,8,3,0,0,2,0,4,0,0,1,1,6,6,1,63,9,980,1,46,BMW MODEL MISSING,5,E01018532,0,1
2024451453271,2024,451453271,1,9,0,-1,19,5,1,-1,9,0,0,0,1,11,1,1,-1,6,1,69,10,1598,1,22,BMW MODEL MISSING,8,E01030785,0,1
2024010551860,2024,010551860,2,9,0,99,99,9,9,99,99,9,9,99,9,99,2,9,6,6,3,-1,-1,1590,1,12,BMW MODEL MISSING,-1,-1,0,-1
2024010499329,2024,010499329,1,9,0,99,99,9,9,99,99,9,9,99,9,99,2,9,6,6,1,24,5,1999,1,11,BMW MODEL MISSING,6,E01034580,0,3
2024201509120,2024,201509120,1,5,0,-1,12,8,4,-1,0,0,0,0,0,0,3,1,-1,9,1,59,9,998,1,34,BMW MODEL MISSING,10,E01029759,0,4
2024010528347,2024,010528347,1,9,0,9,9,1,7,0,0,8,0,0,0,0,1,1,6,6,2,25,5,1590,1,10,BMW MODEL MISSING,3,E01023326,0,1
2024010516277,2024,010516277,1,9,0,18,19,3,7,0,0,8,1,0,0,0,1,1,6,6,1,22,5,2494,1,22,BMW MODEL MISSING,-1,-1,0,-1
2024430425951,2024,430425951,1,9,0,7,7,6,8,0,0,5,0,0,0,0,1,1,6,6,1,26,6,1995,2,16,BMW MODEL MISSING,3,E01016505,0,1
2024211433630,2024,211433630,1,9,0,-1,19,3,7,-1,0,0,0,0,0,0,1,1,-1,6,2,-1,-1,1995,2,18,BMW MODEL MISSING,-1,-1,0,-1
2024440097207,2024,440097207,1,9,0,4,4,8,4,0,0,0,0,0,0,0,2,1,6,6,1,61,9,2970,1,13,BMW MODEL MISSING,6,E01031866,0,3
2024070972202,2024,070972202,2,5,0,-1,19,5,1,-1,0,1,0,0,0,0,1,1,-1,9,1,73,10,800,1,45,BMW MODEL MISSING,9,E01012556,0,3
2024332401016,2024,332401016,3,9,0,-1,2,0,0,-1,9,8,0,0,0,0,2,1,-1,6,3,-1,-1,1998,1,14,BMW MODEL MISSING,-1,-1,0,-1
2024010536265,2024,010536265,1,9,0,18,19,3,7,0,0,1,0,0,0,0,3,1,6,6,1,32,6,2990,1,13,BMW MODEL MISSING,3,E01004723,0,1
2024010520694,2024,010520694,2,9,0,18,19,3,7,0,0,2,0,0,0,0,1,1,6,6,1,22,5,2494,1,22,BMW MODEL MISSING,-1,-1,0,-1
2024010525444,2024,010525444,2,9,0,9,9,1,8,0,0,1,0,0,3,0,0,1,6,6,1,50,8,2926,2,21,BMW MODEL MISSING,4,E01001243,0,1
2024501502970,2024,501502970,2,4,0,-1,19,3,7,-1,0,1,0,0,0,0,1,1,-1,6,1,65,9,800,1,46,BMW MODEL MISSING,6,E01018755,0,3
2024371416058,2024,371416058,1,9,0,-1,19,1,3,-1,0,0,1,10,7,11,3,1,-1,6,3,40,7,1995,2,20,BMW MODEL MISSING,-1,-1,0,-1
2024052402613,2024,052402613,2,4,0,18,19,1,5,0,0,1,0,0,0,0,3,1,6,6,1,76,11,750,1,32,BMW MODEL MISSING,7,E01007267,0,1
2024371435541,2024,371435541,2,5,0,-1,19,1,5,-1,0,1,0,0,0,0,1,1,-1,9,1,62,9,1085,1,30,BMW MODEL MISSING,4,E01030219,0,1
2024451497428,2024,451497428,1,4,0,-1,19,5,1,-1,0,0,1,0,0,0,1,1,-1,9,1,61,9,475,1,43,BMW MODEL MISSING,8,E01030817,0,2
2024010526535,2024,010526535,1,9,0,18,19,3,7,0,0,0,0,4,0,0,1,1,6,6,1,31,6,2970,1,13,BMW MODEL MISSING,5,E01004338,0,1
2024421502719,2024,421502719,2,9,0,-1,19,3,7,-1,0,0,0,0,0,0,1,1,-1,6,2,40,7,1599,1,19,-1,2,E01022056,0,1
2024211488067,2024,211488067,2,9,-1,-1,-1,-1,-1,-1,-1,-1,-1,-1,-1,0,-1,9,-1,2,2,50,8,1599,1,20,-1,5,E01029750,0,1
2024520003164,2024,520003164,1,9,0,4,4,1,5,0,0,0,0,0,0,0,2,1,6,6,1,49,8,1599,1,20,-1,6,E01014447,0,1
2024552400364,2024,552400364,1,9,0,9,9,8,5,0,0,5,0,0,0,0,1,1,6,6,2,81,11,1599,1,21,-1,8,E01015320,0,1
2024010503827,2024,010503827,1,9,0,99,99,9,9,99,99,9,9,99,9,99,3,9,2,2,1,36,7,1599,1,21,-1,2,E01001786,0,3
2024201507743,2024,201507743,1,9,0,-1,3,4,8,-1,0,0,0,0,0,0,2,1,-1,9,1,59,9,493,1,10,-1,4,E01009522,0,1
2024471447809,2024,471447809,1,3,0,-1,4,2,6,-1,0,0,1,0,0,0,3,1,-1,9,2,17,4,125,1,4,-1,5,E01021024,0,1
2024161418878,2024,161418878,1,3,0,-1,19,8,4,-1,0,2,2,0,1,0,1,1,-1,9,1,25,5,125,1,6,-1,8,E01013256,0,3
2024440361914,2024,440361914,5,5,0,18,19,1,5,0,0,0,0,0,0,0,2,1,6,6,1,52,8,1450,1,22,-1,4,E01022723,0,4
2024221453993,2024,221453993,2,5,0,-1,19,2,6,-1,0,0,0,0,0,0,2,1,-1,9,1,65,9,1690,1,7,-1,8,E01024045,0,5
2024122400587,2024,122400587,1,5,0,4,4,4,8,0,0,0,1,0,0,0,3,1,6,6,1,69,10,1550,1,19,-1,10,E01012477,0,5
2024351481828,2024,351481828,1,5,0,-1,19,1,5,-1,0,0,0,0,0,0,1,1,-1,6,1,48,8,1923,1,2,-1,5,E01029949,0,1
2024302400533,2024,302400533,1,5,0,18,19,5,1,0,0,8,0,0,0,0,4,1,6,6,1,50,8,1690,1,9,-1,3,E01019531,0,4
2024351471214,2024,351471214,2,5,0,-1,13,1,5,-1,0,8,0,0,0,0,1,1,-1,9,1,58,9,1868,1,4,-1,8,E01018270,0,2
2024010547779,2024,010547779,1,4,0,99,99,9,9,99,99,9,9,99,9,99,9,1,6,6,1,47,8,471,1,1,-1,7,E01002187,0,1
2024430216354,2024,430216354,1,4,0,13,13,4,7,0,0,8,0,0,0,0,4,1,6,6,1,23,5,471,1,1,-1,5,E01028587,0,1
2024302400895,2024,302400895,1,2,0,4,4,8,4,0,0,2,0,0,1,10,4,1,6,6,2,48,8,50,1,16,-1,4,E01013503,0,1
2024531505142,2024,531505142,2,9,0,-1,19,7,3,-1,0,1,0,0,0,0,1,1,-1,9,1,28,6,1998,1,20,-1,6,E01001207,0,5
2024010513681,2024,010513681,2,9,0,99,99,9,9,99,99,9,9,99,9,99,1,9,6,6,1,40,7,1998,1,23,-1,6,E01003741,0,1
2024501412434,2024,501412434,2,9,0,-1,19,1,7,-1,0,4,0,0,0,0,4,9,-1,9,1,45,7,1998,1,22,-1,5,E01020183,0,1
2024031534716,2024,031534716,2,3,0,-1,19,5,1,-1,0,0,1,0,0,0,1,1,-1,9,1,61,9,124,1,3,HONDA Z 125,6,E01019315,0,4
2024041452221,2024,041452221,1,3,0,-1,13,1,5,-1,0,6,1,0,0,0,4,1,-1,2,1,34,6,125,1,4,HONDA Z 125,5,E01012719,0,1
2024440453988,2024,440453988,2,3,0,18,19,7,3,0,0,8,0,0,0,0,4,1,6,6,2,59,9,124,1,0,HONDA Z 125,10,E01022869,0,2
2024471441299,2024,471441299,1,3,0,-1,19,5,1,-1,0,0,1,0,0,0,4,1,-1,9,1,17,4,125,1,4,HONDA Z 125,10,E01031644,0,2
2024010524716,2024,010524716,2,3,0,14,14,7,3,0,0,1,0,0,0,0,1,1,6,6,1,38,7,125,1,4,HONDA Z 125,3,E01001351,0,1
2024471465024,2024,471465024,2,3,0,-1,14,3,7,-1,0,0,0,0,0,0,4,1,-1,2,1,61,9,125,1,5,HONDA Z 125,8,E01031726,0,1
2024221426744,2024,221426744,1,3,0,-1,10,1,7,-1,0,8,0,0,0,0,3,1,-1,9,1,61,9,125,1,4,HONDA Z 125,4,E01032409,0,3
2024451497418,2024,451497418,2,3,0,-1,19,7,3,-1,0,0,0,0,0,0,1,1,-1,9,1,32,6,125,1,6,HONDA Z 125,7,E01034294,0,1
2024421444086,2024,421444086,2,3,0,-1,14,3,7,-1,0,1,0,0,0,0,1,1,-1,9,1,39,7,125,1,4,HONDA Z 125,5,E01021550,0,1
2024440405168,2024,440405168,2,4,0,13,13,3,7,0,0,0,0,0,0,0,4,1,6,6,1,34,6,125,1,4,HONDA Z 125,5,E01023262,0,1
202454A369524,2024,54A369524,2,4,0,9,9,5,1,0,0,8,0,0,0,0,4,1,6,6,2,52,8,1133,1,0,-1,7,E01032078,0,1
2024501464618,2024,501464618,2,5,0,-1,2,2,6,-1,0,6,0,4,0,0,2,1,-1,6,2,52,8,1133,1,1,-1,7,E01018823,0,4
2024991495655,2024,991495655,2,5,0,-1,5,2,6,-1,0,8,0,0,0,0,1,1,-1,6,1,46,8,1133,1,4,-1,5,-1,0,1
2024351492913,2024,351492913,1,5,0,-1,19,7,3,-1,0,0,1,0,7,7,3,1,-1,6,1,51,8,1133,1,7,-1,7,E01024232,0,5
2024221471458,2024,221471458,1,5,0,-1,13,7,3,-1,0,0,0,0,0,0,4,1,-1,6,1,37,7,1133,1,1,-1,7,E01032425,0,1
2024070134625,2024,070134625,1,5,0,18,19,5,1,0,0,1,0,0,0,0,1,1,2,2,1,28,6,1133,1,3,-1,1,E01012526,0,1
2024430168974,2024,430168974,1,4,0,7,7,7,1,0,0,3,0,0,0,0,1,1,6,6,1,70,10,1133,1,8,-1,9,E01022782,0,4
2024302400675,2024,302400675,1,5,0,13,13,5,1,0,0,0,0,0,0,0,3,1,6,6,1,62,9,1133,1,4,-1,8,E01019872,0,1
2024010498447,2024,010498447,1,9,0,1,1,5,1,7,6,2,0,0,0,0,2,1,6,6,1,43,7,6276,1,-1,-1,10,E01017701,0,4
2024320725534,2024,320725534,1,5,0,4,4,1,5,0,0,5,2,0,0,0,1,1,-1,-1,1,60,9,738,1,36,-1,2,E01013908,0,4
2024371462572,2024,371462572,2,5,0,-1,19,2,6,-1,0,1,0,0,0,0,1,1,-1,6,1,67,10,738,1,34,-1,1,E01030247,0,1
2024501474051,2024,501474051,1,5,0,-1,19,3,7,-1,0,8,1,11,0,0,1,1,-1,9,1,71,10,998,1,41,-1,3,E01018907,0,2
2024010517958,2024,010517958,1,9,0,18,19,7,3,0,0,1,0,0,0,0,1,1,1,1,2,25,5,1248,1,4,-1,4,E01001323,0,3
2024231510046,2024,231510046,1,9,0,-1,13,8,4,-1,0,0,0,0,0,0,2,9,-1,6,1,45,7,1396,2,11,-1,8,E01035034,0,1
202460Q010452,2024,60Q010452,2,8,0,4,4,7,3,0,0,0,0,0,0,0,2,1,6,6,2,63,9,1582,2,7,-1,-1,-1,0,-1
2024440167038,2024,440167038,1,9,0,18,19,2,6,0,0,0,0,0,1,4,1,1,6,6,1,28,6,1582,2,12,-1,3,W01000730,0,5
2024211525676,2024,211525676,2,9,0,-1,19,5,1,-1,0,1,0,0,0,0,1,1,-1,6,2,-1,-1,2400,1,9,-1,-1,-1,0,-1
2024451508240,2024,451508240,2,9,0,-1,4,7,3,-1,0,1,0,0,0,0,1,1,-1,9,1,61,9,1582,2,12,-1,4,E01022542,0,4
2024440266274,2024,440266274,1,4,0,18,19,7,3,0,0,1,0,0,0,0,1,1,6,6,1,82,11,125,1,5,-1,2,E01022819,0,1
2024211420345,2024,211420345,1,4,0,-1,19,2,6,-1,0,0,2,4,1,0,1,1,-1,1,1,28,6,450,1,12,-1,6,E01029539,0,1
2024552400452,2024,552400452,2,3,0,3,3,6,2,0,0,6,0,0,0,0,2,1,6,6,1,23,5,124,1,6,-1,4,E01034283,0,1
2024501477957,2024,501477957,1,3,0,-1,13,8,4,-1,0,1,0,0,0,0,4,1,-1,9,1,25,5,124,1,4,-1,5,E01019065,0,1
2024451525206,2024,451525206,2,3,0,-1,19,3,7,-1,0,8,5,0,0,0,1,1,-1,9,1,20,4,124,1,5,-1,10,E01030344,0,1
2024371532858,2024,371532858,2,3,0,-1,19,5,1,-1,0,0,5,0,0,0,2,1,-1,1,2,33,6,124,1,4,-1,4,E01030267,0,2
2024010537839,2024,010537839,1,3,0,18,19,2,6,0,0,1,0,0,0,0,4,1,2,2,1,46,8,124,1,6,-1,7,E01030660,0,3
2024010532089,2024,010532089,1,3,0,18,19,5,1,0,0,8,0,0,0,0,1,1,2,2,1,27,6,124,1,6,-1,5,E01021819,0,4
2024161422007,2024,161422007,2,20,0,-1,19,7,3,-1,0,1,0,0,0,0,4,9,-1,6,3,-1,-1,-1,-1,-1,MAN MODEL MISSING,-1,-1,0,-1
2024010538380,2024,010538380,4,21,0,18,19,7,3,0,0,1,0,0,0,0,2,1,1,1,1,43,7,12419,2,8,MAN MODEL MISSING,2,E01000483,0,3
2024548951424,2024,548951424,1,21,0,18,19,5,1,0,0,1,0,0,0,0,1,1,1,1,1,22,5,10518,2,13,MAN MODEL MISSING,7,E01032098,0,4
2024451479326,2024,451479326,1,21,0,-1,19,3,7,-1,0,0,0,0,0,0,1,1,-1,1,1,36,7,12419,2,7,MAN MODEL MISSING,2,E01014199,0,5
2024401480381,2024,401480381,5,21,1,-1,4,8,4,-1,0,0,0,0,0,0,1,1,-1,1,1,57,9,12419,2,0,MAN MODEL MISSING,8,E01019609,0,5
2024471535094,2024,471535094,2,20,0,-1,5,6,4,-1,0,8,0,0,0,0,3,1,-1,1,1,67,10,6871,2,10,MAN MODEL MISSING,7,E01031382,0,1
2024520402080,2024,520402080,1,21,1,18,19,6,2,0,0,0,0,0,1,10,1,1,1,1,1,67,10,12419,2,4,MAN MODEL MISSING,2,E01022324,0,4
2024201461080,2024,201461080,1,21,1,-1,19,5,1,-1,0,0,0,0,0,0,1,1,-1,1,1,61,9,12419,2,6,MAN MODEL MISSING,5,E01034847,0,5
2024991422397,2024,991422397,1,21,0,-1,7,8,3,-1,0,5,0,0,0,0,1,1,-1,1,1,61,9,12419,2,5,MAN MODEL MISSING,9,-1,0,4
2024522402022,2024,522402022,2,21,0,18,19,6,2,0,0,8,0,0,0,0,1,1,6,6,1,52,8,12419,2,1,MAN MODEL MISSING,8,E01031910,0,3
2024061431154,2024,061431154,3,21,1,-1,19,3,7,-1,0,0,0,0,0,0,1,1,-1,1,1,46,8,12419,2,2,MAN MODEL MISSING,3,E01005710,0,4
2024991490779,2024,991490779,2,21,0,-1,7,5,7,-1,0,8,0,0,0,0,3,1,-1,1,1,58,9,10518,2,7,MAN MODEL MISSING,3,-1,0,1
2024320762135,2024,320762135,2,20,0,2,2,0,0,0,0,0,0,0,0,0,2,1,1,1,1,58,9,6871,2,2,MAN MODEL MISSING,10,E01026395,0,4
2024411491956,2024,411491956,1,19,0,-1,-1,-1,-1,-1,-1,0,-1,-1,-1,0,-1,1,-1,1,1,63,9,4600,2,3,MAN MODEL MISSING,8,E01023385,0,3
2024430473221,2024,430473221,1,21,0,5,5,8,4,0,0,1,0,0,0,0,3,1,6,6,1,69,10,12419,2,0,MAN MODEL MISSING,10,E01032271,0,4
2024440361914,2024,440361914,1,21,1,18,19,1,5,0,0,0,0,0,0,0,1,1,1,1,1,43,7,12419,2,9,MAN MODEL MISSING,3,E01010491,0,5
2024471496470,2024,471496470,2,21,0,-1,19,3,7,-1,0,1,0,0,0,0,1,1,-1,1,1,66,10,12419,2,6,MAN MODEL MISSING,5,E01020528,0,5
2024231469986,2024,231469986,2,21,1,-1,7,5,2,-1,0,0,0,0,0,0,3,1,-1,1,1,58,9,12419,2,0,MAN MODEL MISSING,2,E01006977,0,5
2024631496329,2024,631496329,2,21,4,-1,19,1,5,-1,0,0,0,0,0,0,0,1,-1,1,1,33,6,12419,2,0,MAN MODEL MISSING,6,W01001195,0,4
2024311472216,2024,311472216,1,21,1,-1,5,5,1,-1,0,0,0,0,0,0,2,1,-1,1,1,32,6,12419,2,3,MAN MODEL MISSING,-1,-1,0,-1
2024421437814,2024,421437814,2,21,0,-1,19,3,7,-1,0,0,0,0,0,0,1,1,-1,1,1,33,6,6871,2,9,MAN MODEL MISSING,4,E01034369,0,4
2024371466281,2024,371466281,2,21,0,-1,19,5,1,-1,0,1,0,0,0,0,1,1,-1,1,1,60,9,4580,2,5,MAN MODEL MISSING,6,E01026533,0,4
2024211523388,2024,211523388,2,21,1,-1,19,8,4,-1,0,0,0,0,0,0,2,1,-1,1,1,48,8,12419,2,7,MAN MODEL MISSING,4,E01015785,0,5
2024302401068,2024,302401068,1,21,0,18,19,8,4,0,0,0,0,4,0,0,1,1,1,1,1,63,9,4580,2,3,MAN MODEL MISSING,7,E01026242,0,4
2024430180941,2024,430180941,2,21,1,7,7,4,6,0,0,3,0,0,0,0,4,1,2,2,1,46,8,12419,2,2,MAN MODEL MISSING,8,E01032951,0,3
2024991531453,2024,991531453,2,21,0,-1,19,6,2,-1,0,0,0,0,0,0,1,1,-1,1,1,60,9,12419,2,1,MAN MODEL MISSING,-1,-1,0,-1
2024471514977,2024,471514977,1,98,0,-1,5,1,5,-1,0,1,0,0,0,0,4,1,-1,1,1,63,9,4600,2,4,MAN MODEL MISSING,4,E01021006,0,3
2024440201386,2024,440201386,2,21,0,11,11,2,6,0,0,0,0,0,0,0,1,1,6,6,3,-1,-1,12419,2,5,MAN MODEL MISSING,-1,-1,0,-1
2024010522426,2024,010522426,1,21,1,17,19,2,6,0,0,8,0,0,0,0,1,1,1,1,1,58,9,6871,2,2,MAN MODEL MISSING,3,E01003137,0,1
2024548049524,2024,548049524,2,21,0,18,19,1,5,0,0,8,0,0,0,0,4,1,1,1,1,41,7,12419,2,6,MAN MODEL MISSING,2,E01002314,0,5
2024010511891,2024,010511891,1,21,0,18,19,1,5,0,0,1,0,0,0,0,3,1,1,1,1,45,7,6871,2,5,MAN MODEL MISSING,4,E01016784,0,4
2024461444742,2024,461444742,2,21,0,-1,5,3,3,-1,0,4,0,0,0,0,4,1,-1,1,1,51,8,12419,2,5,MAN MODEL MISSING,3,E01003235,0,4
2024622400759,2024,622400759,1,21,0,18,19,3,7,0,0,0,5,7,0,0,4,2,1,1,2,60,9,4580,2,3,MAN MODEL MISSING,6,E01009869,0,5
2024546319624,2024,546319624,2,21,0,18,19,6,2,0,0,0,0,0,0,0,2,1,1,1,1,57,9,12419,2,2,MAN MODEL MISSING,4,W01001992,0,5