collision_index,collision_year,collision_ref_no,vehicle_reference,vehicle_type,towing_and_articulation,vehicle_manoeuvre_historic,vehicle_manoeuvre,vehicle_direction_from,vehicle_direction_to,vehicle_location_restricted_lane_historic,vehicle_location_restricted_lane,junction_location,skidding_and_overturning,hit_object_in_carriageway,vehicle_leaving_carriageway,hit_object_off_carriageway,first_point_of_impact,vehicle_left_hand_drive,journey_purpose_of_driver_historic,journey_purpose_of_driver,sex_of_driver,age_of_driver,age_band_of_driver,engine_capacity_cc,propulsion_code,age_of_vehicle,generic_make_model,driver_imd_decile,lsoa_of_driver,escooter_flag,driver_distance_banding
2024471399694,2024,471399694,1,21,0,-1,19,-1,-1,-1,0,0,0,0,0,0,-1,1,-1,6,1,68,10,4580,2,7,MAN MODEL MISSING,10,E01023172,0,4
2024991474517,2024,991474517,1,21,4,-1,19,6,3,-1,0,8,0,0,0,0,1,1,-1,1,1,50,8,12419,2,2,MAN MODEL MISSING,6,-1,0,3
2024052401053,2024,052401053,2,11,0,18,19,2,6,0,0,0,0,0,0,0,1,1,1,1,1,34,6,6871,2,15,MAN MODEL MISSING,6,E01006423,0,2
2024010496767,2024,010496767,1,21,0,5,5,1,5,0,0,1,0,0,0,0,4,1,1,1,1,43,7,4580,2,8,MAN MODEL MISSING,3,E01002278,0,4
2024332401154,2024,332401154,2,20,0,-1,19,5,1,-1,0,0,0,0,0,0,4,1,-1,6,3,-1,-1,-1,-1,-1,MAN MODEL MISSING,-1,-1,0,-1
2024010517223,2024,010517223,1,20,0,18,19,1,5,0,0,1,0,0,0,0,9,1,6,6,3,-1,-1,12419,2,2,MAN MODEL MISSING,-1,-1,0,-1
2024201463008,2024,201463008,1,21,0,-1,11,6,2,-1,0,0,0,0,0,0,3,9,-1,1,1,45,7,12419,2,2,MAN MODEL MISSING,-1,-1,0,-1
2024070082093,2024,070082093,3,21,1,18,19,7,3,0,0,0,0,0,0,0,3,1,1,1,1,63,9,12419,2,4,MAN MODEL MISSING,3,E01014285,0,4
2024311473587,2024,311473587,2,21,1,-1,4,5,1,-1,0,0,0,0,0,0,2,1,-1,1,1,61,9,6871,2,5,MAN MODEL MISSING,2,E01015643,0,4
2024991509664,2024,991509664,4,90,0,-1,19,1,5,-1,-1,0,0,0,0,0,3,1,-1,1,1,55,8,6871,2,0,MAN MODEL MISSING,4,-1,0,4
2024010539562,2024,010539562,3,21,1,4,4,3,7,0,0,1,0,0,0,0,0,1,1,1,1,43,7,12419,2,5,MAN MODEL MISSING,10,E01031134,0,5
2024131456014,2024,131456014,1,21,0,-1,19,1,5,-1,0,0,0,0,0,0,1,1,-1,1,1,45,7,6871,2,6,MAN MODEL MISSING,3,E01012997,0,4
2024552400563,2024,552400563,1,21,0,4,4,2,6,0,0,0,0,0,0,0,1,1,1,1,1,35,6,12419,2,10,MAN MODEL MISSING,2,E01015362,0,4
2024421505222,2024,421505222,2,21,1,-1,19,3,7,-1,0,0,0,0,0,0,2,1,-1,1,1,42,7,12419,2,2,MAN MODEL MISSING,5,E01021393,0,4
2024070794993,2024,070794993,1,21,0,-1,19,4,8,-1,0,1,0,4,0,0,1,1,-1,1,1,-1,-1,12419,2,2,MAN MODEL MISSING,-1,-1,0,-1
2024010505317,2024,010505317,2,21,0,11,11,7,3,0,0,0,0,0,0,0,1,1,1,1,1,29,6,12419,2,2,MAN MODEL MISSING,9,-1,0,5
2024501520465,2024,501520465,1,11,0,-1,19,1,5,-1,0,8,0,0,0,0,4,1,-1,1,1,56,9,6871,2,15,MAN MODEL MISSING,4,E01020041,0,3
2024520402465,2024,520402465,2,19,0,9,9,5,3,0,0,6,0,0,0,0,3,1,6,6,1,38,7,10518,2,9,MAN MODEL MISSING,7,E01027713,0,5
2024991520735,2024,991520735,1,21,5,-1,19,3,7,-1,0,4,0,0,0,0,3,1,-1,1,1,32,6,12419,2,4,MAN MODEL MISSING,-1,-1,0,-1
2024371408962,2024,371408962,1,21,1,-1,19,8,4,-1,0,0,1,0,0,0,1,1,-1,1,1,62,9,12419,2,7,MAN MODEL MISSING,6,E01017437,0,4
2024361452882,2024,361452882,2,21,0,-1,19,8,4,-1,0,8,0,0,0,0,1,1,-1,1,1,52,8,6871,2,7,MAN MODEL MISSING,8,E01026480,0,4
2024010509784,2024,010509784,1,21,0,18,19,5,1,0,0,2,1,0,0,0,1,1,1,1,1,59,9,6871,2,4,MAN MODEL MISSING,7,E01023935,0,4
2024411500617,2024,411500617,1,21,0,-1,19,7,3,-1,-1,0,0,0,1,0,1,1,-1,1,1,53,8,6871,2,1,MAN MODEL MISSING,9,E01012199,0,5
2024101463016,2024,101463016,1,98,-1,-1,12,1,7,-1,0,0,0,0,0,0,3,9,-1,1,1,54,8,4580,2,3,MAN MODEL MISSING,-1,-1,0,-1
2024311422058,2024,311422058,2,21,0,-1,5,6,2,-1,0,3,0,0,0,0,2,9,-1,1,1,44,7,6871,2,12,MAN MODEL MISSING,-1,-1,0,-1
2024552401104,2024,552401104,2,21,0,18,19,7,3,0,0,0,0,0,0,0,1,1,1,1,1,56,9,6871,2,11,MAN MODEL MISSING,9,E01029207,0,3
2024131514900,2024,131514900,1,21,0,-1,11,1,5,-1,0,0,0,0,0,0,4,1,-1,1,1,66,10,12419,2,1,MAN MODEL MISSING,10,E01018251,0,5
2024351521819,2024,351521819,3,21,1,-1,19,7,3,-1,0,1,0,0,0,0,1,1,-1,1,1,53,8,12419,2,10,MAN MODEL MISSING,2,E01007535,0,5
2024501500982,2024,501500982,2,11,0,-1,9,4,1,-1,0,4,0,0,0,0,1,1,-1,1,1,62,9,12816,5,12,MAN MODEL MISSING,2,E01015156,0,1
202417S100424,2024,17S100424,1,11,0,18,19,3,7,0,0,8,0,0,0,0,0,1,1,1,1,55,8,6871,2,15,MAN MODEL MISSING,-1,-1,0,-1
2024622400056,2024,622400056,1,21,0,5,5,6,2,0,0,4,0,0,0,0,1,1,1,1,1,36,7,12419,2,3,MAN MODEL MISSING,4,W01000987,0,2
2024451526703,2024,451526703,3,21,0,-1,2,1,1,-1,4,1,0,0,0,0,0,2,-1,6,-1,-1,-1,6871,2,5,MAN MODEL MISSING,-1,-1,0,-1
2024440429445,2024,440429445,1,20,0,5,5,4,8,0,0,0,0,0,0,0,1,1,1,1,1,67,10,-1,-1,-1,MAN MODEL MISSING,9,E01002451,0,5
2024520003069,2024,520003069,2,19,0,2,2,0,0,2,2,2,0,0,0,0,0,1,6,6,1,52,8,4580,2,3,MAN MODEL MISSING,3,E01014976,0,3
2024421507919,2024,421507919,1,21,-1,-1,19,1,5,-1,0,4,0,0,0,0,1,9,-1,6,3,-1,-1,6871,2,5,MAN MODEL MISSING,-1,-1,0,-1
2024161517474,2024,161517474,1,11,0,-1,19,3,7,-1,0,0,0,0,0,0,1,1,-1,1,1,41,7,6871,2,14,MAN MODEL MISSING,6,E01012910,0,1
2024430053209,2024,430053209,1,21,0,18,19,2,6,0,0,0,0,0,0,0,1,1,1,1,1,-1,-1,12419,2,2,MAN MODEL MISSING,-1,-1,0,-1
2024221534771,2024,221534771,1,21,1,-1,11,2,6,-1,0,0,0,0,0,0,1,1,-1,1,1,41,7,12419,2,2,MAN MODEL MISSING,2,E01011121,0,5
2024070172516,2024,070172516,3,21,4,4,4,4,8,0,0,0,1,0,0,0,2,1,1,1,1,37,7,12419,2,6,MAN MODEL MISSING,5,E01005305,0,4
2024070155287,2024,070155287,3,21,1,18,19,5,1,0,0,0,0,0,0,0,2,1,1,1,1,57,9,12419,2,2,MAN MODEL MISSING,7,E01006814,0,4
2024991426100,2024,991426100,1,21,0,-1,19,5,1,-1,0,0,0,5,0,0,1,1,-1,1,1,53,8,6870,2,12,MAN MODEL MISSING,3,-1,0,1
2024991404829,2024,991404829,1,21,0,-1,11,1,5,-1,0,0,0,0,0,0,1,1,-1,1,1,27,6,6871,2,8,MAN MODEL MISSING,5,-1,0,4
2024501491283,2024,501491283,1,21,0,-1,3,5,1,-1,0,0,0,0,0,0,2,1,-1,1,1,59,9,6871,2,7,MAN MODEL MISSING,4,E01018920,0,2
2024010499597,2024,010499597,2,21,9,99,99,9,9,99,99,9,9,99,9,99,9,9,6,6,3,-1,-1,12419,2,2,MAN MODEL MISSING,-1,-1,0,-1
2024320378862,2024,320378862,1,21,0,-1,-1,2,6,0,0,0,0,0,0,0,1,1,1,1,1,39,7,12419,2,2,MAN MODEL MISSING,6,E01018098,0,4
2024421512315,2024,421512315,3,20,0,-1,19,2,5,-1,0,3,0,0,0,0,1,1,-1,1,1,45,7,12419,2,1,MAN MODEL MISSING,7,E01021343,0,4
2024131466268,2024,131466268,2,21,0,-1,19,5,1,-1,0,0,0,0,0,0,1,1,-1,1,1,50,8,9037,2,1,MAN MODEL MISSING,1,E01011667,0,1
2024340WN6332,2024,340WN6332,2,21,0,-1,19,1,5,-1,0,0,0,0,0,0,4,1,-1,1,1,46,8,12419,2,8,MAN MODEL MISSING,3,E01009656,0,4
2024131468170,2024,131468170,2,21,4,-1,19,7,3,-1,0,8,0,0,0,0,1,1,-1,1,1,35,6,6871,2,4,MAN MODEL MISSING,2,E01007322,0,3
2024101428567,2024,101428567,1,20,0,-1,19,1,5,-1,0,0,0,11,0,0,3,1,-1,1,1,62,9,4580,2,12,MAN MODEL MISSING,-1,-1,0,-1
2024451431679,2024,451431679,1,21,0,-1,-1,-1,-1,-1,-1,0,-1,-1,-1,0,-1,9,-1,6,3,-1,-1,12419,2,2,MAN MODEL MISSING,-1,-1,0,-1
2024201401998,2024,201401998,2,21,1,-1,3,7,3,-1,0,0,0,0,0,0,2,9,-1,1,1,48,8,12419,2,1,MAN MODEL MISSING,2,E01009941,0,3
2024440057779,2024,440057779,1,21,1,18,19,4,8,0,0,0,0,0,0,0,1,1,1,1,1,40,7,12419,2,4,MAN MODEL MISSING,9,E01017046,0,1
2024340WN4502,2024,340WN4502,1,21,0,-1,11,3,7,-1,0,0,0,0,1,1,4,1,-1,1,1,42,7,6871,2,11,MAN MODEL MISSING,2,E01028450,0,4
2024351532127,2024,351532127,1,21,1,-1,19,7,3,-1,0,0,0,0,0,0,4,1,-1,1,1,74,10,6871,2,6,MAN MODEL MISSING,4,E01027328,0,3
2024031434551,2024,031434551,1,21,1,-1,7,7,2,-1,0,0,2,0,0,0,3,1,-1,1,1,35,6,12419,2,7,MAN MODEL MISSING,1,E01008220,0,4
2024010535075,2024,010535075,1,19,0,7,7,7,1,0,0,5,0,0,0,0,1,1,1,1,1,48,8,6871,2,4,MAN MODEL MISSING,4,E01023337,0,1
2024131442823,2024,131442823,1,21,0,-1,19,1,5,-1,0,0,0,0,0,0,1,1,-1,1,1,62,9,12419,2,6,MAN MODEL MISSING,9,E01027538,0,5
2024451397631,2024,451397631,2,21,0,-1,11,5,1,-1,0,0,0,0,0,0,4,9,-1,1,1,36,7,12419,2,8,MAN MODEL MISSING,7,W01000484,0,5
2024320160274,2024,320160274,1,21,0,-1,-1,5,1,0,0,1,0,0,4,0,1,1,1,1,1,40,7,12419,2,3,MAN MODEL MISSING,1,E01007946,0,4
2024430011641,2024,430011641,2,21,1,18,19,6,2,0,0,0,0,0,0,0,1,1,1,1,1,71,10,9037,2,3,MAN MODEL MISSING,8,E01031904,0,4
2024552400444,2024,552400444,2,21,1,18,19,3,7,0,0,8,0,0,0,0,1,1,1,1,1,72,10,6870,2,18,MAN MODEL MISSING,4,E01029230,0,4
2024010538283,2024,010538283,1,21,0,11,11,1,5,0,0,1,0,0,0,0,4,1,1,1,1,29,6,6871,2,8,MAN MODEL MISSING,9,E01030712,0,4
2024161462564,2024,161462564,1,11,0,-1,19,8,4,-1,0,1,0,0,0,0,0,9,-1,1,1,-1,-1,6871,2,15,MAN MODEL MISSING,-1,-1,0,-1
2024332400427,2024,332400427,2,21,0,-1,19,1,5,-1,0,1,0,0,0,0,3,1,-1,6,1,-1,-1,12419,2,3,MAN MODEL MISSING,5,E01011678,0,5
2024061468137,2024,061468137,2,21,1,-1,19,7,3,-1,0,0,0,0,0,0,1,1,-1,1,1,30,6,12419,2,5,MAN MODEL MISSING,5,E01026409,0,5
2024070561310,2024,070561310,1,21,1,11,11,8,4,0,0,0,0,0,0,0,4,1,1,1,1,31,6,15256,2,7,MAN MODEL MISSING,4,E01006846,0,3
2024361542332,2024,361542332,2,21,4,-1,19,7,3,-1,0,0,0,0,0,0,1,1,-1,1,1,56,9,12419,2,3,MAN MODEL MISSING,9,E01028793,0,5
2024451406412,2024,451406412,2,21,0,-1,19,1,5,-1,0,0,0,0,0,0,3,1,-1,1,1,44,7,12419,2,9,MAN MODEL MISSING,6,E01015005,0,5
2024471468514,2024,471468514,2,21,0,-1,4,3,6,-1,0,4,0,0,0,0,1,1,-1,1,1,42,7,12419,2,2,MAN MODEL MISSING,2,E01017253,0,4
2024111449868,2024,111449868,2,20,0,-1,19,7,3,-1,0,1,1,0,0,0,1,1,-1,1,1,29,6,6871,2,0,MAN MODEL MISSING,5,E01034511,0,2
2024552401202,2024,552401202,1,21,1,18,19,7,3,0,0,0,0,0,0,0,1,1,1,1,1,55,8,12419,2,1,MAN MODEL MISSING,7,E01023150,0,5
2024101489627,2024,101489627,2,20,1,-1,19,1,5,-1,0,0,0,0,0,0,3,1,-1,1,1,62,9,-1,-1,-1,MAN MODEL MISSING,-1,-1,0,-1
2024221398784,2024,221398784,1,20,5,-1,2,0,0,-1,0,8,0,0,0,0,0,9,-1,1,1,56,9,4580,2,20,MAN MODEL MISSING,9,W01000444,0,4
2024501528548,2024,501528548,1,21,4,-1,19,6,2,-1,0,0,0,0,0,0,3,1,-1,1,1,34,6,12419,2,1,MAN MODEL MISSING,5,E01018903,0,4
2024231508484,2024,231508484,2,21,1,-1,19,8,4,-1,0,8,0,0,0,0,1,1,-1,1,1,60,9,6871,2,0,MAN MODEL MISSING,2,E01010302,0,4
2024340WN1142,2024,340WN1142,1,21,0,-1,11,1,5,-1,0,0,0,0,0,0,4,1,-1,1,1,44,7,12419,2,2,MAN MODEL MISSING,9,E01027020,0,4
202417M117624,2024,17M117624,1,11,0,-1,4,5,1,-1,0,0,0,0,0,0,0,1,-1,1,1,-1,-1,6871,2,15,MAN MODEL MISSING,-1,-1,0,-1
2024351460354,2024,351460354,3,20,1,-1,19,4,8,-1,0,0,0,0,0,0,1,1,-1,1,1,49,8,6871,2,5,MAN MODEL MISSING,5,E01028024,0,5
2024101522578,2024,101522578,2,21,1,-1,3,7,3,-1,0,0,0,0,0,0,2,1,-1,1,1,57,9,12419,2,1,MAN MODEL MISSING,4,E01007623,0,5
2024302401241,2024,302401241,2,21,0,18,19,1,5,0,0,0,0,0,0,0,2,1,1,1,1,63,9,12419,2,0,MAN MODEL MISSING,10,E01027400,0,5
2024531454990,2024,531454990,2,21,0,-1,19,7,3,-1,0,2,0,0,0,0,1,1,-1,1,1,32,6,6870,2,12,MAN MODEL MISSING,4,E01023088,0,5
2024010522425,2024,010522425,1,21,1,4,4,3,7,0,0,1,0,0,0,0,2,1,1,1,1,48,8,12419,2,9,MAN MODEL MISSING,10,E01000793,0,3
2024221534164,2024,221534164,2,21,0,-1,19,3,7,-1,0,8,0,0,0,0,1,1,-1,1,1,43,7,4600,2,5,MAN MODEL MISSING,8,E01032442,0,4
2024520403048,2024,520403048,2,21,1,18,19,6,2,0,0,0,0,0,0,0,2,1,1,1,1,60,9,6871,2,7,MAN MODEL MISSING,7,E01015136,0,5
2024131451323,2024,131451323,3,21,0,-1,19,3,7,-1,0,0,0,0,0,0,1,1,-1,1,1,49,8,12419,2,3,MAN MODEL MISSING,1,E01018519,0,4
2024501428976,2024,501428976,1,11,0,-1,19,1,5,-1,0,8,0,0,0,0,4,1,-1,1,1,59,9,6871,2,15,MAN MODEL MISSING,5,E01019992,0,1
2024340WN5632,2024,340WN5632,1,20,0,-1,19,4,8,-1,0,0,0,0,0,0,2,1,-1,1,1,52,8,-1,-1,-1,MAN MODEL MISSING,2,E01027241,0,1
2024541332324,2024,541332324,2,21,1,18,19,6,2,0,0,8,0,0,0,0,1,1,1,1,1,61,9,12419,2,1,MAN MODEL MISSING,3,E01026270,0,5
2024101513819,2024,101513819,1,21,-1,-1,5,5,1,-1,0,0,0,0,0,0,1,1,-1,1,1,48,8,6871,2,1,MAN MODEL MISSING,1,E01020747,0,2
2024061458550,2024,061458550,1,20,0,-1,11,7,7,-1,0,0,0,0,0,0,4,1,-1,1,1,62,9,-1,-1,-1,MAN MODEL MISSING,2,E01005250,0,3
2024371420650,2024,371420650,1,21,1,-1,19,7,3,-1,0,0,5,4,0,0,1,1,-1,1,1,56,9,12419,2,1,MAN MODEL MISSING,10,E01030078,0,1
202417M113624,2024,17M113624,1,11,0,-1,4,4,6,-1,0,0,0,0,0,0,0,1,-1,1,1,-1,-1,6871,2,15,MAN MODEL MISSING,-1,-1,0,-1
2024440164639,2024,440164639,3,20,0,18,19,3,7,0,0,0,0,0,0,0,0,1,1,1,1,36,7,6871,2,5,MAN MODEL MISSING,8,E01034546,0,3
2024101443504,2024,101443504,2,11,0,-1,2,3,7,-1,0,0,0,0,0,0,1,1,-1,1,1,21,5,6871,2,15,MAN MODEL MISSING,10,E01027456,0,4
202460Q187247,2024,60Q187247,2,20,5,2,2,0,0,0,0,0,0,0,0,0,2,1,1,1,1,45,7,4580,2,8,MAN MODEL MISSING,-1,-1,0,-1
2024201432141,2024,201432141,2,11,0,-1,19,1,5,-1,0,8,0,0,0,0,1,9,-1,1,1,50,8,-1,3,16,MAN MODEL MISSING,3,E01010005,0,2
2024421508161,2024,421508161,1,21,1,-1,19,7,4,-1,0,0,0,0,4,0,1,1,-1,1,1,50,8,12419,2,2,MAN MODEL MISSING,4,E01001323,0,4
2024010526908,2024,010526908,1,19,0,7,7,7,1,0,0,2,0,0,0,0,4,1,1,1,1,54,8,6871,2,2,MAN MODEL MISSING,5,E01032844,0,4
2024311508690,2024,311508690,2,20,0,-1,19,8,4,-1,0,1,0,0,0,0,1,1,-1,1,1,30,6,4580,2,2,MAN MODEL MISSING,7,E01025956,0,4
2024401526448,2024,401526448,1,21,1,-1,7,1,3,-1,0,4,0,0,0,0,4,1,-1,1,1,55,8,12419,2,9,MAN MODEL MISSING,1,E01017477,0,4
2024311415986,2024,311415986,1,98,0,-1,19,1,1,-1,0,0,0,4,1,3,4,1,-1,1,1,60,9,4580,2,11,MAN MODEL MISSING,-1,-1,0,-1
2024302400244,2024,302400244,1,11,0,4,4,2,6,0,0,2,0,0,0,0,0,1,1,1,2,60,9,6871,2,16,MAN MODEL MISSING,2,E01019547,0,2
2024991472756,2024,991472756,2,21,5,-1,19,5,1,-1,0,0,1,0,0,0,1,1,-1,1,1,61,9,12419,2,4,MAN MODEL MISSING,1,E01008664,0,5
2024991517987,2024,991517987,1,21,1,-1,19,8,4,-1,0,0,0,0,0,0,1,1,-1,1,1,47,8,6871,2,0,MAN MODEL MISSING,7,-1,0,5
2024061443325,2024,061443325,1,21,1,-1,4,1,5,-1,0,1,0,0,0,0,1,2,-1,1,1,43,7,12419,2,8,MAN MODEL MISSING,-1,-1,0,-1
2024991494730,2024,991494730,1,19,0,-1,19,6,2,-1,0,0,5,12,0,0,1,1,-1,1,1,59,9,1968,2,1,MAN MODEL MISSING,5,-1,0,4
202417M313424,2024,17M313424,2,21,0,-1,11,5,1,-1,0,0,0,0,0,0,0,1,-1,1,1,58,9,12419,2,3,MAN MODEL MISSING,2,E01011954,0,4
2024052402335,2024,052402335,1,21,0,18,19,4,8,0,0,0,0,0,0,0,3,1,6,6,1,50,8,12419,2,5,MAN MODEL MISSING,3,E01009589,0,5
2024061507022,2024,061507022,2,20,1,-1,2,0,0,-1,-1,0,0,0,0,0,2,1,-1,1,1,43,7,-1,-1,-1,MAN MODEL MISSING,1,E01025045,0,4
2024122400347,2024,122400347,1,20,0,18,19,3,7,0,0,2,0,0,0,0,1,1,1,1,1,55,8,4580,2,1,MAN MODEL MISSING,7,E01010572,0,4
2024211433537,2024,211433537,1,21,4,-1,19,8,2,-1,0,3,0,0,0,0,3,1,-1,1,1,65,9,12419,2,1,MAN MODEL MISSING,7,E01018429,0,2
2024320298886,2024,320298886,1,11,0,-1,-1,3,7,0,0,0,1,0,0,4,1,1,1,1,1,38,7,6871,2,11,MAN MODEL MISSING,4,E01026019,0,2
2024131484766,2024,131484766,1,21,4,-1,11,7,3,-1,0,0,0,0,0,0,1,1,-1,1,2,36,7,12419,2,2,MAN MODEL MISSING,3,-1,0,5
2024991407216,2024,991407216,2,21,1,-1,2,5,1,-1,0,0,0,0,0,0,4,1,-1,1,1,53,8,12419,2,2,MAN MODEL MISSING,6,-1,0,5
2024430015794,2024,430015794,1,21,0,18,19,1,5,0,0,0,0,10,1,9,1,1,1,1,2,34,6,6870,2,17,MAN MODEL MISSING,1,E01012444,0,5
2024542867924,2024,542867924,4,98,0,4,4,4,8,0,0,0,0,0,0,0,2,1,6,6,1,-1,-1,4580,2,2,MAN MODEL MISSING,-1,-1,0,-1
2024411462205,2024,411462205,2,19,5,-1,19,3,7,-1,0,1,1,0,5,0,3,1,-1,1,1,28,6,-1,-1,-1,MAN MODEL MISSING,9,E01023466,0,3
2024501432823,2024,501432823,1,21,0,-1,5,3,7,-1,0,8,0,0,0,0,4,1,-1,1,1,54,8,12419,2,5,MAN MODEL MISSING,4,E01018815,0,3
2024531510547,2024,531510547,2,19,0,-1,19,1,5,-1,0,8,0,0,0,0,1,1,-1,1,1,55,8,4600,2,5,MAN MODEL MISSING,7,E01029653,0,4
2024531501629,2024,531501629,2,90,0,-1,19,3,7,-1,0,8,0,0,0,0,4,9,-1,1,1,49,8,6871,2,18,MAN MODEL MISSING,8,E01022144,0,3
2024201518352,2024,201518352,1,90,0,-1,1,2,4,-1,0,0,0,0,1,0,2,1,-1,6,-1,-1,-1,6871,2,7,MAN MODEL MISSING,-1,-1,0,-1
2024052402531,2024,052402531,2,21,0,18,19,1,5,0,0,0,0,0,0,0,1,1,1,1,1,51,8,6871,2,8,MAN MODEL MISSING,3,E01006854,0,1
2024311418434,2024,311418434,1,21,0,-1,12,2,3,-1,0,0,0,0,0,0,1,9,-1,1,1,-1,-1,6871,2,14,MAN MODEL MISSING,8,E01029616,0,4
2024101411331,2024,101411331,1,21,1,-1,9,5,1,-1,0,5,0,0,0,0,4,1,-1,1,1,24,5,6871,2,5,MAN MODEL MISSING,5,E01008181,0,3
2024010497217,2024,010497217,1,90,0,18,19,1,5,0,0,1,0,0,0,0,2,1,1,1,1,48,8,4580,2,-1,MAN MODEL MISSING,5,E01023384,0,4
2024430592712,2024,430592712,1,21,1,18,19,2,6,0,0,8,5,0,0,0,3,1,1,1,1,67,10,12419,2,0,MAN MODEL MISSING,6,E01015740,0,4
2024411492454,2024,411492454,3,21,0,-1,3,2,6,-1,0,0,0,0,0,0,4,1,-1,1,1,42,7,6870,2,11,MAN MODEL MISSING,7,E01021540,0,4
2024451526149,2024,451526149,2,90,0,-1,11,1,5,-1,0,0,0,0,0,0,1,1,-1,1,1,36,7,-1,-1,-1,MAN MODEL MISSING,7,E01002172,0,3
2024622400574,2024,622400574,2,20,0,17,19,6,2,0,0,0,1,0,0,0,1,1,1,1,1,37,7,6871,2,10,MAN MODEL MISSING,-1,-1,0,-1
2024340NN2462,2024,340NN2462,3,21,0,-1,19,3,7,-1,0,0,0,0,0,0,1,1,-1,1,1,31,6,12419,2,5,MAN MODEL MISSING,8,E01021389,0,5
2024221507017,2024,221507017,2,21,1,-1,19,6,2,-1,0,0,0,0,0,0,1,1,-1,2,1,35,6,12419,2,3,MAN MODEL MISSING,3,E01014005,0,4
2024991515451,2024,991515451,1,21,0,-1,5,5,6,-1,9,0,0,0,0,0,1,1,-1,1,1,33,6,6871,2,4,MAN MODEL MISSING,-1,-1,0,-1
2024201435568,2024,201435568,1,21,1,-1,7,2,5,-1,0,4,0,0,0,0,4,1,-1,1,1,66,10,12419,2,1,MAN MODEL MISSING,8,W01001554,0,4
2024991399482,2024,991399482,3,21,1,-1,2,0,0,-1,-1,0,0,0,0,0,3,1,-1,1,1,58,9,12419,2,11,MAN MODEL MISSING,9,-1,0,5
2024131484705,2024,131484705,2,21,0,-1,19,4,8,-1,0,0,0,0,0,0,1,1,-1,1,1,27,6,12419,2,1,MAN MODEL MISSING,5,E01011534,0,2
2024430510868,2024,430510868,2,20,0,18,19,-1,-1,99,99,0,0,0,0,0,9,1,6,6,1,71,10,-1,-1,-1,MAN MODEL MISSING,8,E01024761,0,5
2024991438437,2024,991438437,2,90,0,-1,19,5,1,-1,0,0,0,0,0,0,2,1,-1,1,1,62,9,-1,-1,-1,MAN MODEL MISSING,5,-1,0,2
2024211404173,2024,211404173,1,21,0,-1,5,3,5,-1,0,8,0,0,0,0,1,9,-1,1,1,58,9,6871,2,2,MAN MODEL MISSING,1,E01032621,0,4
2024010547791,2024,010547791,2,20,1,99,99,9,9,99,99,9,9,99,9,99,9,9,6,6,3,-1,-1,6871,2,3,MAN MODEL MISSING,-1,-1,0,-1
2024122500089,2024,122500089,1,21,0,16,19,8,3,0,0,0,0,0,7,0,1,1,1,1,1,45,7,10518,2,9,MAN MODEL MISSING,5,E01027711,0,1
2024221430712,2024,221430712,1,21,0,-1,19,2,6,-1,0,8,5,0,1,7,1,9,-1,1,1,30,6,12419,2,3,MAN MODEL MISSING,5,E01009888,0,3
2024361503353,2024,361503353,2,19,0,-1,19,6,1,-1,0,0,0,0,0,0,3,1,-1,1,1,67,10,1968,2,5,MAN MODEL MISSING,5,E01026435,0,1
2024231525271,2024,231525271,2,21,1,-1,12,2,7,-1,0,0,0,0,0,0,3,1,-1,1,1,60,9,12419,2,0,MAN MODEL MISSING,3,E01015085,0,5
2024010511843,2024,010511843,1,21,0,7,7,5,8,2,2,5,0,0,1,0,4,1,1,1,1,64,9,4600,2,4,MAN MODEL MISSING,2,E01002843,0,2
2024231494852,2024,231494852,2,21,1,-1,19,2,6,-1,0,0,0,0,0,0,2,1,-1,1,1,60,9,12419,2,2,MAN MODEL MISSING,7,E01013288,0,5
2024361417718,2024,361417718,1,21,1,-1,19,1,5,-1,0,0,0,0,0,0,1,1,-1,1,1,31,6,12419,2,1,MAN MODEL MISSING,1,E01026819,0,4
2024430540813,2024,430540813,2,21,0,11,11,7,3,0,0,0,0,0,0,0,4,1,6,6,1,-1,-1,12419,2,0,MAN MODEL MISSING,-1,-1,0,-1
2024421495052,2024,421495052,1,21,1,-1,9,7,3,-1,0,3,5,0,1,0,4,1,-1,1,1,45,7,12419,2,2,MAN MODEL MISSING,5,E01003685,0,4
2024332400728,2024,332400728,1,21,0,-1,11,7,3,-1,0,0,0,0,0,0,4,1,-1,1,1,43,7,12419,2,8,MAN MODEL MISSING,1,E01015663,0,4
2024411452365,2024,411452365,2,21,1,-1,13,5,1,-1,0,0,0,0,0,0,4,1,-1,1,1,48,8,12419,2,5,MAN MODEL MISSING,8,E01023875,0,3