collision_index,collision_year,collision_ref_no,vehicle_reference,vehicle_type,towing_and_articulation,vehicle_manoeuvre_historic,vehicle_manoeuvre,vehicle_direction_from,vehicle_direction_to,vehicle_location_restricted_lane_historic,vehicle_location_restricted_lane,junction_location,skidding_and_overturning,hit_object_in_carriageway,vehicle_leaving_carriageway,hit_object_off_carriageway,first_point_of_impact,vehicle_left_hand_drive,journey_purpose_of_driver_historic,journey_purpose_of_driver,sex_of_driver,age_of_driver,age_band_of_driver,engine_capacity_cc,propulsion_code,age_of_vehicle,generic_make_model,driver_imd_decile,lsoa_of_driver,escooter_flag,driver_distance_banding
2024520401469,2024,520401469,3,90,0,18,19,4,8,0,0,0,0,0,0,0,0,1,1,1,3,-1,-1,6870,2,17,MAN MODEL MISSING,-1,-1,0,-1
2024991463969,2024,991463969,2,20,0,-1,19,3,7,-1,0,1,0,0,0,0,4,1,-1,1,1,55,8,4600,2,5,MAN MODEL MISSING,3,-1,0,3
2024201495820,2024,201495820,1,21,0,-1,19,1,5,-1,0,8,0,0,0,0,1,9,-1,6,1,47,8,4580,2,19,MAN MODEL MISSING,1,E01009886,0,1
2024552400258,2024,552400258,3,21,0,18,19,4,8,0,0,0,0,0,0,0,0,1,1,1,1,62,9,10518,2,10,MAN MODEL MISSING,3,E01020556,0,4
2024131523413,2024,131523413,1,21,0,-1,11,7,3,-1,0,8,0,0,0,0,1,1,-1,1,1,56,9,12419,2,3,MAN MODEL MISSING,5,E01005734,0,4
2024211488261,2024,211488261,2,20,0,-1,12,2,6,-1,0,0,0,0,0,0,2,1,-1,1,1,28,6,4580,2,0,MAN MODEL MISSING,4,E01009229,0,3
2024430031296,2024,430031296,2,21,1,18,19,8,4,0,0,0,0,0,0,0,1,1,1,1,1,60,9,12419,2,3,MAN MODEL MISSING,2,E01001977,0,4
2024520401827,2024,520401827,3,21,1,18,19,5,1,0,0,2,0,0,0,0,3,1,6,6,1,54,8,12419,2,2,MAN MODEL MISSING,8,E01014443,0,3
2024041450786,2024,041450786,2,90,1,-1,3,3,7,-1,0,0,0,0,0,0,2,1,-1,1,1,29,6,-1,-1,-1,MAN MODEL MISSING,9,-1,0,5
2024131510473,2024,131510473,1,21,0,-1,19,6,2,-1,0,0,0,0,0,0,4,1,-1,6,3,-1,-1,12419,2,2,MAN MODEL MISSING,-1,-1,0,-1
2024052401720,2024,052401720,2,21,1,18,19,7,3,0,0,1,0,0,0,0,2,1,1,1,1,41,7,12419,2,5,MAN MODEL MISSING,10,E01017483,0,5
202460Q061295,2024,60Q061295,1,21,1,7,7,2,6,0,0,8,0,0,0,0,3,1,1,1,1,64,9,12419,2,1,MAN MODEL MISSING,-1,-1,0,-1
2024302400094,2024,302400094,2,21,1,14,14,6,2,0,0,1,0,0,0,0,1,1,1,1,1,25,5,12419,2,2,MAN MODEL MISSING,8,E01029417,0,3
2024542787624,2024,542787624,1,21,1,18,19,8,4,0,0,0,3,0,7,4,1,1,1,1,1,50,8,12419,2,2,MAN MODEL MISSING,6,E01015579,0,3
2024101533637,2024,101533637,1,11,0,-1,19,3,7,-1,0,8,0,0,0,0,4,1,-1,1,1,-1,-1,6871,2,15,MAN MODEL MISSING,-1,-1,0,-1
2024440525788,2024,440525788,2,21,1,18,19,3,7,0,0,0,0,0,0,0,1,1,1,1,1,67,10,12419,2,5,MAN MODEL MISSING,6,E01017303,0,3
2024161471303,2024,161471303,2,21,0,-1,19,1,5,-1,0,0,0,0,1,0,1,1,-1,1,1,59,9,12419,2,9,MAN MODEL MISSING,6,E01012982,0,4
2024031506517,2024,031506517,2,21,4,-1,4,2,6,-1,0,0,1,0,0,0,2,1,-1,1,1,58,9,12419,2,5,MAN MODEL MISSING,2,E01008697,0,4
2024131491730,2024,131491730,1,21,0,-1,11,8,4,-1,0,0,0,0,0,0,4,1,-1,1,1,32,6,12419,2,0,MAN MODEL MISSING,5,E01007518,0,4
2024440367423,2024,440367423,1,20,0,18,19,3,7,0,0,0,0,0,0,0,2,1,1,1,1,62,9,10518,2,8,MAN MODEL MISSING,8,E01023246,0,3
2024122500057,2024,122500057,1,19,0,18,19,3,7,0,0,0,0,0,7,0,1,1,1,1,1,24,5,6871,2,0,MAN MODEL MISSING,2,E01011853,0,4
2024411479967,2024,411479967,3,21,1,-1,19,5,1,-1,0,0,0,0,0,0,2,1,-1,1,1,54,8,12419,2,5,MAN MODEL MISSING,5,E01029774,0,5
2024451465407,2024,451465407,1,21,0,-1,19,6,2,-1,0,0,0,0,0,0,1,1,-1,1,1,65,9,12419,2,1,MAN MODEL MISSING,1,W01001299,0,5
2024010505698,2024,010505698,1,21,0,17,19,7,3,0,0,2,0,0,0,0,4,1,6,6,1,33,6,9037,2,1,MAN MODEL MISSING,3,E01005302,0,5
2024211482459,2024,211482459,1,21,0,-1,2,0,0,-1,0,0,0,0,0,0,2,1,-1,6,1,67,10,12419,2,3,MAN MODEL MISSING,10,E01014132,0,4
2024061428459,2024,061428459,2,21,0,-1,11,-1,-1,-1,0,0,0,0,0,0,4,1,-1,6,1,-1,-1,12419,2,2,MAN MODEL MISSING,-1,-1,0,-1
2024161412521,2024,161412521,1,11,0,-1,19,7,3,-1,0,8,0,0,0,0,0,9,-1,1,1,58,9,6871,2,14,MAN MODEL MISSING,3,E01012784,0,2
2024340WN0632,2024,340WN0632,1,21,0,-1,19,6,1,-1,0,4,1,10,3,0,1,1,-1,1,1,60,9,12419,2,4,MAN MODEL MISSING,8,E01023170,0,5
202460Q061251,2024,60Q061251,1,21,1,18,19,3,7,0,0,0,1,0,1,0,1,1,1,1,1,58,9,12419,2,7,MAN MODEL MISSING,-1,-1,0,-1
2024111405868,2024,111405868,1,98,0,-1,19,2,7,-1,0,8,0,0,0,0,1,1,-1,1,1,52,8,4580,2,2,MAN MODEL MISSING,4,E01012043,0,4
2024991423724,2024,991423724,1,21,0,-1,19,6,2,-1,0,0,0,0,0,0,1,1,-1,1,1,21,5,6870,2,12,MAN MODEL MISSING,6,-1,0,4
2024010519737,2024,010519737,1,19,0,99,99,9,9,99,99,9,9,99,9,99,2,9,1,1,1,63,9,4600,2,4,MAN MODEL MISSING,9,E01002333,0,2
2024141490620,2024,141490620,1,90,0,-1,5,6,1,-1,0,8,0,0,0,0,3,1,-1,1,1,52,8,-1,-1,-1,MAN MODEL MISSING,3,E01007793,0,2
2024421508185,2024,421508185,2,21,1,-1,19,5,1,-1,0,0,0,0,0,0,4,1,-1,1,1,61,9,6871,2,0,MAN MODEL MISSING,10,E01028774,0,5
2024101432579,2024,101432579,1,11,0,-1,4,3,7,-1,0,1,0,0,0,0,0,1,-1,1,1,58,9,6871,2,15,MAN MODEL MISSING,6,E01008577,0,2
2024991461045,2024,991461045,1,21,1,-1,19,5,1,-1,0,2,0,0,0,0,1,1,-1,1,1,51,8,12419,2,4,MAN MODEL MISSING,8,-1,0,4
2024070870467,2024,070870467,2,21,1,-1,19,5,1,-1,0,0,0,0,0,0,1,1,-1,1,1,53,8,12419,2,0,MAN MODEL MISSING,1,E01005729,0,4
2024522401416,2024,522401416,1,21,0,13,13,7,3,0,0,2,0,0,0,0,2,1,1,1,1,24,5,6871,2,10,MAN MODEL MISSING,7,E01029086,0,2
2024052402559,2024,052402559,1,11,0,18,19,4,8,0,0,6,0,0,8,10,1,1,6,6,1,41,7,6871,2,15,MAN MODEL MISSING,1,E01006965,0,1
2024991459391,2024,991459391,1,21,0,-1,19,6,2,-1,0,0,0,0,0,0,1,1,-1,1,1,54,8,12419,2,3,MAN MODEL MISSING,-1,-1,0,-1
2024440141631,2024,440141631,2,21,0,18,19,6,2,0,0,1,0,0,0,0,1,1,1,1,1,-1,-1,4580,2,8,MAN MODEL MISSING,-1,-1,0,-1
2024351479603,2024,351479603,2,21,1,-1,19,4,8,-1,0,0,0,0,0,0,1,1,-1,1,1,60,9,12419,2,1,MAN MODEL MISSING,4,E01026256,0,4
2024071016432,2024,071016432,1,21,1,-1,3,8,6,-1,0,1,0,0,0,0,1,1,-1,1,1,29,6,12419,2,4,MAN MODEL MISSING,9,E01028865,0,4
2024351501123,2024,351501123,1,21,1,-1,4,7,1,-1,0,0,0,0,0,0,1,1,-1,6,1,-1,-1,10518,2,9,MAN MODEL MISSING,-1,-1,0,-1
2024141417405,2024,141417405,1,21,0,-1,5,2,6,-1,0,2,0,0,0,0,1,1,-1,1,1,54,8,12419,2,2,MAN MODEL MISSING,9,E01026582,0,5
2024010548822,2024,010548822,3,19,0,3,3,1,5,0,0,2,0,0,0,0,0,1,1,1,1,38,7,6871,2,3,MAN MODEL MISSING,4,E01021847,0,4
2024401509474,2024,401509474,2,21,0,-1,4,7,3,-1,0,0,0,0,0,0,2,1,-1,1,1,58,9,12419,2,2,MAN MODEL MISSING,1,E01003506,0,4
2024141493699,2024,141493699,3,21,0,-1,19,1,4,-1,0,0,0,0,0,0,4,1,-1,1,1,64,9,12419,2,4,MAN MODEL MISSING,7,E01013175,0,5
2024161462692,2024,161462692,2,11,0,-1,19,2,6,-1,0,1,0,0,0,0,1,1,-1,6,1,61,9,4580,2,3,MAN MODEL MISSING,1,E01011791,0,4
2024401535954,2024,401535954,2,21,5,-1,4,3,7,-1,0,0,1,0,0,0,1,1,-1,6,1,47,8,6871,2,0,MAN MODEL MISSING,2,E01027351,0,4
2024221415639,2024,221415639,1,21,1,-1,19,2,6,-1,0,0,0,4,1,10,1,1,-1,1,1,37,7,12419,2,1,MAN MODEL MISSING,8,E01010540,0,4
2024302400826,2024,302400826,2,21,0,18,19,3,7,0,0,8,0,0,0,0,1,1,1,1,1,48,8,12419,2,1,MAN MODEL MISSING,3,E01019667,0,3
2024440181919,2024,440181919,3,19,0,2,2,0,0,0,0,1,0,0,0,0,2,1,1,1,1,49,8,6871,2,5,MAN MODEL MISSING,-1,-1,0,-1
2024161490836,2024,161490836,1,21,0,-1,19,4,8,-1,-1,0,0,0,7,4,1,1,-1,1,1,55,8,12419,2,0,MAN MODEL MISSING,1,E01028055,0,4
2024010531506,2024,010531506,1,21,1,7,7,7,2,0,0,1,0,0,0,0,4,1,1,1,1,45,7,12419,2,2,MAN MODEL MISSING,6,E01017827,0,3
2024401516374,2024,401516374,1,21,-1,-1,-1,-1,-1,-1,-1,0,-1,-1,-1,0,-1,9,-1,6,3,-1,-1,12419,2,5,MAN MODEL MISSING,-1,-1,0,-1
2024501425583,2024,501425583,2,21,1,-1,2,0,0,-1,-1,0,0,0,0,0,2,1,-1,1,1,55,8,12419,2,8,MAN MODEL MISSING,3,E01034259,0,5
2024101470348,2024,101470348,2,11,0,-1,4,5,1,-1,0,8,0,0,0,0,1,1,-1,1,1,45,7,6800,2,15,MAN MODEL MISSING,6,E01008802,0,2
2024231403425,2024,231403425,1,21,1,-1,5,2,6,-1,0,1,0,0,0,0,1,9,-1,6,3,58,9,6871,2,3,MAN MODEL MISSING,-1,-1,0,-1
2024122400308,2024,122400308,1,20,0,18,19,7,3,0,0,0,0,0,0,0,2,1,1,1,1,54,8,4600,2,5,MAN MODEL MISSING,-1,-1,0,-1
2024401456645,2024,401456645,1,21,-1,-1,-1,-1,-1,-1,-1,0,-1,-1,-1,0,-1,9,-1,6,1,32,6,12419,2,9,MAN MODEL MISSING,-1,-1,0,-1
2024501412819,2024,501412819,2,20,5,-1,4,3,7,-1,0,0,0,0,0,0,1,9,-1,1,1,50,8,6871,2,2,MAN MODEL MISSING,4,E01020321,0,4
2024041508369,2024,041508369,1,90,0,-1,19,6,2,-1,0,0,5,10,1,3,1,1,-1,1,1,53,8,-1,-1,-1,MAN MODEL MISSING,9,E01006857,0,4
2024351457865,2024,351457865,1,21,0,-1,4,8,4,-1,0,0,1,0,7,0,1,1,-1,1,1,26,6,12419,2,9,MAN MODEL MISSING,5,E01017475,0,4
2024201460343,2024,201460343,1,21,1,-1,19,8,4,-1,0,0,0,0,0,0,4,1,-1,6,1,38,7,12419,2,2,MAN MODEL MISSING,6,E01029609,0,4
2024221440934,2024,221440934,2,20,1,-1,19,6,2,-1,0,8,0,0,0,0,3,1,-1,1,1,60,9,-1,-1,-1,MAN MODEL MISSING,2,E01004140,0,5
2024010542269,2024,010542269,1,19,0,18,19,5,1,0,0,4,9,0,0,0,1,1,1,1,1,38,7,6871,2,7,MAN MODEL MISSING,4,E01024162,0,3
2024161487720,2024,161487720,2,11,0,-1,19,2,6,-1,2,1,0,0,0,0,1,1,-1,1,1,33,6,6871,2,14,MAN MODEL MISSING,2,E01012884,0,2
2024501525870,2024,501525870,3,20,0,-1,19,8,4,-1,0,0,0,0,0,0,0,1,-1,1,1,45,7,4580,2,3,MAN MODEL MISSING,4,E01018945,0,2
2024411489551,2024,411489551,1,21,0,-1,-1,-1,-1,-1,-1,-1,-1,-1,-1,0,-1,9,-1,6,1,31,6,12419,2,6,MAN MODEL MISSING,8,E01032491,0,5
2024010518119,2024,010518119,2,21,0,99,99,9,9,99,99,9,9,99,9,99,4,9,6,6,3,-1,-1,12419,2,9,MAN MODEL MISSING,-1,-1,0,-1
2024401480381,2024,401480381,2,21,1,-1,4,8,4,-1,0,0,0,0,0,0,1,1,-1,1,1,33,6,12419,2,6,MAN MODEL MISSING,6,E01007609,0,5
2024231413599,2024,231413599,3,21,1,-1,19,7,3,-1,0,0,0,0,0,0,1,9,-1,1,1,45,7,12419,2,4,MAN MODEL MISSING,4,E01031050,0,2
2024211523388,2024,211523388,3,21,1,-1,12,8,4,-1,0,0,0,0,0,0,3,1,-1,1,1,65,9,12419,2,1,MAN MODEL MISSING,-1,-1,0,-1
2024340WN6862,2024,340WN6862,2,21,0,-1,19,2,6,-1,0,0,0,0,0,0,4,1,-1,6,1,-1,-1,12419,2,0,MAN MODEL MISSING,-1,-1,0,-1
2024061554715,2024,061554715,2,21,1,-1,4,1,5,-1,0,0,0,0,0,0,1,1,-1,1,1,53,8,12419,2,7,MAN MODEL MISSING,4,E01005491,0,4
2024320010167,2024,320010167,1,21,0,-1,-1,8,4,0,0,1,0,0,0,0,1,1,1,1,1,48,8,12419,2,2,MAN MODEL MISSING,6,E01030076,0,5
2024101400615,2024,101400615,1,21,1,-1,19,2,5,-1,0,0,0,0,0,0,1,9,-1,1,3,-1,-1,12419,2,1,MAN MODEL MISSING,-1,-1,0,-1
2024201436866,2024,201436866,1,9,0,-1,4,8,4,-1,0,1,0,0,0,0,1,9,-1,6,1,-1,-1,1461,2,7,MERCEDES B CLASS,3,E01010512,0,1
202460Q078453,2024,60Q078453,2,9,0,2,2,0,0,0,0,1,1,0,0,0,4,1,6,6,1,79,11,1991,2,13,MERCEDES B CLASS,-1,-1,0,-1
2024471460925,2024,471460925,1,9,0,-1,9,1,7,-1,4,1,0,0,0,0,1,1,-1,9,1,19,4,1699,1,16,MERCEDES B CLASS,7,E01016878,0,1
2024552400979,2024,552400979,2,9,0,18,19,2,8,0,0,0,0,0,0,0,3,1,6,6,2,75,10,2143,2,11,MERCEDES B CLASS,10,E01022987,0,3
2024061409304,2024,061409304,2,9,0,-1,-1,-1,-1,-1,-1,-1,-1,-1,-1,0,-1,1,-1,6,2,32,6,1796,2,12,MERCEDES B CLASS,2,E01005308,0,1
2024141451243,2024,141451243,1,9,0,-1,4,2,5,-1,0,4,0,0,0,0,2,1,-1,6,2,38,7,2143,2,7,MERCEDES B CLASS,2,E01007405,0,1
2024131461770,2024,131461770,1,9,0,-1,19,1,5,-1,0,1,0,0,0,0,1,1,-1,6,1,35,6,2143,2,8,MERCEDES B CLASS,6,E01011941,0,1
2024430060823,2024,430060823,1,9,0,7,7,5,7,0,0,4,0,0,0,0,1,1,6,6,1,44,7,1796,2,11,MERCEDES B CLASS,10,E01028709,0,1
2024010528815,2024,010528815,1,9,0,18,19,1,5,0,0,0,0,0,0,0,1,1,2,2,1,48,8,1595,1,6,MERCEDES B CLASS,-1,-1,0,-1
2024010532302,2024,010532302,2,8,0,99,99,9,9,99,99,9,9,99,9,99,1,9,6,6,3,-1,-1,1991,1,10,MERCEDES B CLASS,-1,-1,0,-1
2024052401405,2024,052401405,1,9,0,1,1,7,3,0,0,0,0,0,0,0,3,1,6,6,2,75,10,1461,2,10,MERCEDES B CLASS,6,E01007196,0,1
2024552400993,2024,552400993,1,9,0,18,19,2,6,0,0,1,0,0,1,4,2,1,6,6,2,61,9,1332,1,2,MERCEDES B CLASS,5,E01015358,0,1
2024991504118,2024,991504118,2,9,0,-1,19,3,7,-1,0,0,0,0,1,0,1,1,-1,9,1,63,9,2143,2,10,MERCEDES B CLASS,7,E01004619,0,5
2024531430608,2024,531430608,2,9,0,-1,19,5,1,-1,0,0,0,0,1,4,1,1,-1,9,1,77,11,1461,2,7,MERCEDES B CLASS,7,E01022248,0,4
2024411463890,2024,411463890,1,9,0,-1,19,7,3,-1,0,0,1,2,0,0,1,1,-1,6,1,69,10,1332,8,1,MERCEDES B CLASS,5,E01033795,0,5
2024430230444,2024,430230444,1,9,0,18,19,2,6,0,0,0,0,0,0,0,1,1,6,6,2,35,6,1498,1,17,MERCEDES B CLASS,4,E01017850,0,3
2024010548568,2024,010548568,2,9,0,99,99,9,9,99,99,9,9,99,9,99,1,9,6,6,3,-1,-1,1461,2,9,MERCEDES B CLASS,-1,-1,0,-1
2024010543347,2024,010543347,2,9,9,99,99,9,9,99,99,9,9,99,9,99,9,9,6,6,3,-1,-1,2143,2,9,MERCEDES B CLASS,-1,-1,0,-1
2024010534589,2024,010534589,1,9,9,99,99,9,9,99,99,9,9,99,9,99,9,9,6,6,3,-1,-1,1498,1,15,MERCEDES B CLASS,-1,-1,0,-1
2024302500042,2024,302500042,1,9,0,-1,9,4,2,-1,0,0,0,0,0,0,1,1,-1,6,1,74,10,1796,2,12,MERCEDES B CLASS,10,E01013544,0,1
2024061525770,2024,061525770,1,9,0,-1,9,7,3,-1,0,8,0,0,4,0,4,1,-1,9,2,44,7,1991,2,13,MERCEDES B CLASS,-1,-1,0,-1
2024010550518,2024,010550518,1,9,0,18,19,3,7,0,0,0,0,0,0,0,1,1,6,6,1,59,9,1461,2,7,MERCEDES B CLASS,6,E01004357,0,3
2024531437547,2024,531437547,2,9,0,-1,9,3,8,-1,0,5,0,0,0,0,2,1,-1,9,2,65,9,1461,2,10,MERCEDES B CLASS,6,E01022216,0,1
2024010533357,2024,010533357,2,9,0,4,4,5,1,0,0,1,0,0,0,0,2,1,6,6,1,30,6,1498,1,14,MERCEDES B CLASS,7,E01002166,0,1
2024061410305,2024,061410305,1,9,0,-1,3,3,7,-1,0,0,0,0,0,0,1,1,-1,9,1,39,7,2143,2,9,MERCEDES B CLASS,8,E01006130,0,1
2024421479411,2024,421479411,1,9,0,-1,19,7,3,-1,0,0,0,0,0,0,1,1,-1,6,2,74,10,1332,1,5,MERCEDES B CLASS,5,E01021410,0,2
2024440036320,2024,440036320,1,9,0,18,19,6,2,0,0,0,0,0,0,0,4,1,6,6,2,-1,-1,1796,2,12,MERCEDES B CLASS,-1,-1,0,-1
202417M107024,2024,17M107024,1,9,0,-1,7,2,4,-1,0,8,0,0,0,0,4,1,-1,9,1,55,8,1991,2,14,MERCEDES B CLASS,1,E01012041,0,1
2024421425874,2024,421425874,3,9,0,-1,19,1,5,-1,0,0,0,0,0,0,1,1,-1,6,1,79,11,1796,2,10,MERCEDES B CLASS,4,E01021799,0,2
2024161473468,2024,161473468,1,9,0,-1,9,5,1,-1,0,2,0,0,0,0,3,1,-1,9,1,80,11,1595,1,10,MERCEDES B CLASS,10,E01013067,0,1
2024010543664,2024,010543664,2,9,0,9,9,1,7,0,0,8,0,0,0,0,4,1,6,6,2,47,8,1461,2,8,MERCEDES B CLASS,5,E01001859,0,1
2024552400826,2024,552400826,1,9,0,18,19,2,6,9,9,0,0,0,7,10,1,1,6,6,1,96,11,1332,1,4,MERCEDES B CLASS,9,E01020557,0,1
2024010512262,2024,010512262,1,9,0,15,15,7,3,0,0,1,0,0,0,0,1,1,6,6,2,66,10,1461,2,8,MERCEDES B CLASS,8,E01000791,0,3
2024010542691,2024,010542691,1,9,0,99,99,9,9,99,99,9,9,99,9,99,9,9,6,6,2,40,7,1595,1,8,MERCEDES B CLASS,3,E01002131,0,1
2024461521869,2024,461521869,3,9,0,-1,19,7,3,-1,0,0,0,0,0,0,2,1,-1,9,2,49,8,1991,2,14,MERCEDES B CLASS,2,E01024646,0,3
2024421463688,2024,421463688,1,9,0,-1,19,3,7,-1,0,4,0,0,0,0,1,1,-1,9,2,49,8,2143,2,7,MERCEDES B CLASS,3,E01034355,0,1
2024522401835,2024,522401835,2,9,0,7,7,5,7,0,0,5,0,0,0,0,4,1,6,6,2,41,7,1595,1,11,MERCEDES B CLASS,8,E01014510,0,1
2024010519848,2024,010519848,1,9,0,9,9,5,3,0,0,5,0,0,0,0,1,1,1,1,1,50,8,1461,2,8,MERCEDES B CLASS,3,E01000059,0,2
2024991398700,2024,991398700,3,9,0,-1,19,5,1,-1,0,0,0,0,0,0,1,1,-1,9,1,23,5,1991,2,16,MERCEDES B CLASS,3,-1,0,4
2024010517512,2024,010517512,1,9,0,8,8,1,3,0,0,6,0,0,0,0,2,1,6,6,2,53,8,1595,1,12,MERCEDES B CLASS,5,E01001571,0,1
2024010513827,2024,010513827,1,9,0,18,19,3,7,0,0,0,0,0,0,0,1,1,6,6,1,44,7,1332,1,4,MERCEDES B CLASS,8,E01002106,0,1
2024010530593,2024,010530593,1,9,0,4,4,7,3,0,0,0,0,4,7,4,1,1,6,6,2,83,11,1595,1,8,MERCEDES B CLASS,5,E01000242,0,1
2024211505209,2024,211505209,3,9,0,-1,19,5,1,-1,0,8,0,0,0,0,3,1,-1,6,1,51,8,1461,2,8,MERCEDES B CLASS,7,E01029574,0,2
2024161529999,2024,161529999,2,9,0,-1,19,5,8,-1,0,0,0,0,0,0,1,1,-1,6,1,84,11,-1,3,7,MERCEDES B CLASS,1,E01012843,0,2
2024010519827,2024,010519827,1,9,0,6,6,5,5,0,0,8,0,0,0,0,1,1,6,6,1,60,9,1498,1,18,MERCEDES B CLASS,8,E01001400,0,2
2024411404728,2024,411404728,1,9,0,-1,19,-1,-1,-1,0,0,1,0,0,0,1,9,-1,6,1,-1,-1,1498,1,15,MERCEDES B CLASS,-1,-1,0,-1
2024332400634,2024,332400634,2,9,0,-1,9,8,6,-1,0,5,0,0,1,10,1,1,-1,6,2,67,10,1950,2,1,MERCEDES B CLASS,9,E01025961,0,1
2024440312005,2024,440312005,2,9,0,18,19,3,5,0,0,0,0,0,0,0,1,1,6,6,2,42,7,1991,2,16,MERCEDES B CLASS,10,E01032857,0,1
2024520001415,2024,520001415,1,9,0,18,19,6,2,0,0,2,0,0,0,0,1,1,6,6,2,79,11,1332,1,4,MERCEDES B CLASS,10,E01014411,0,1
2024401482931,2024,401482931,1,9,0,-1,-1,-1,-1,-1,-1,0,-1,-1,-1,0,-1,9,-1,6,3,-1,-1,1796,2,11,MERCEDES B CLASS,-1,-1,0,-1
2024131507479,2024,131507479,1,9,0,-1,5,6,6,-1,0,4,0,0,0,0,2,1,-1,1,2,51,8,1796,2,11,MERCEDES B CLASS,1,E01011789,0,3
2024332400194,2024,332400194,1,9,0,-1,19,5,1,-1,0,2,0,0,0,0,4,1,-1,6,2,43,7,1796,2,11,MERCEDES B CLASS,3,E01025705,0,1
2024131499866,2024,131499866,1,9,0,-1,9,5,7,-1,0,2,0,0,0,0,1,1,-1,6,3,-1,-1,1498,1,13,MERCEDES B CLASS,-1,-1,0,-1
2024161417786,2024,161417786,1,9,0,-1,19,8,4,-1,0,0,0,0,0,0,3,1,-1,2,2,52,8,1461,2,6,MERCEDES B CLASS,8,E01013186,0,1
2024010513934,2024,010513934,2,9,0,9,9,7,6,0,0,1,0,0,0,0,1,1,6,6,1,32,6,1699,1,19,MERCEDES B CLASS,1,E01004334,0,2
2024052401955,2024,052401955,1,9,0,18,19,8,4,0,0,0,0,0,0,0,1,1,2,2,2,43,7,1461,2,9,MERCEDES B CLASS,9,E01007027,0,1
2024010528240,2024,010528240,2,9,0,18,19,3,7,0,0,4,0,0,0,0,1,1,1,1,1,34,6,1498,1,13,MERCEDES B CLASS,3,E01002401,0,1
2024010546397,2024,010546397,1,9,0,18,19,3,7,2,2,0,0,0,0,0,1,1,6,6,2,47,8,1699,1,19,MERCEDES B CLASS,2,E01000040,0,1
2024010520380,2024,010520380,1,9,0,10,10,8,6,0,0,1,0,0,0,0,1,1,6,6,2,44,7,1461,2,6,MERCEDES B CLASS,5,E01001344,0,1
2024010521298,2024,010521298,1,9,0,18,19,7,3,0,0,8,0,0,0,0,1,1,6,6,2,52,8,1332,1,5,MERCEDES B CLASS,4,E01004453,0,1
2024010497247,2024,010497247,1,9,0,9,9,3,1,0,0,6,0,0,0,0,1,1,6,6,1,52,8,2143,2,9,MERCEDES B CLASS,8,E01000241,0,3
2024010515563,2024,010515563,2,9,0,18,19,7,3,0,0,0,0,0,0,0,1,1,6,6,1,43,7,1498,1,14,MERCEDES B CLASS,4,E01003348,0,1
2024401531276,2024,401531276,1,9,0,-1,13,4,8,-1,0,0,5,0,7,0,1,1,-1,6,1,40,7,1992,2,17,MERCEDES B CLASS,2,E01016806,0,3
2024211428372,2024,211428372,1,9,0,-1,19,8,4,-1,0,0,0,0,0,0,1,9,-1,6,2,70,10,1950,2,4,MERCEDES B CLASS,8,E01029788,0,2
2024122401262,2024,122401262,1,9,0,13,13,7,3,0,0,0,0,0,0,0,4,1,6,6,1,40,7,1796,2,11,MERCEDES B CLASS,4,E01010603,0,4
2024061505606,2024,061505606,4,9,0,-1,2,0,0,-1,0,0,0,0,0,0,2,1,-1,2,1,57,9,1461,2,9,MERCEDES B CLASS,6,E01005060,0,2
2024531423320,2024,531423320,2,9,0,-1,19,7,3,-1,0,0,0,0,0,0,4,1,-1,2,1,33,6,1461,2,10,MERCEDES B CLASS,4,E01022325,0,1
2024101508394,2024,101508394,1,9,0,-1,19,1,5,-1,0,0,0,0,0,0,1,1,-1,9,2,35,6,1796,2,11,MERCEDES B CLASS,1,E01008609,0,1
2024201461691,2024,201461691,1,9,0,-1,19,4,8,-1,0,4,0,0,0,0,1,1,-1,6,1,69,10,1461,2,10,MERCEDES B CLASS,6,E01010232,0,2
2024161440324,2024,161440324,1,9,9,-1,19,5,1,-1,0,2,9,99,0,0,1,9,-1,6,2,-1,-1,1796,2,12,MERCEDES B CLASS,1,E01012865,0,1
2024010498990,2024,010498990,5,9,0,18,19,5,1,0,0,0,0,0,0,0,2,1,6,6,1,67,10,1332,1,4,MERCEDES B CLASS,4,E01033320,0,2
2024010539113,2024,010539113,2,9,9,99,99,9,9,99,99,9,9,99,9,99,9,9,6,6,3,-1,-1,1461,2,8,MERCEDES B CLASS,-1,-1,0,-1
2024010547839,2024,010547839,2,9,0,18,19,7,3,0,0,0,0,0,0,0,1,1,6,6,1,23,5,1992,2,17,MERCEDES B CLASS,-1,-1,0,-1