collision_index,collision_year,collision_ref_no,vehicle_reference,vehicle_type,towing_and_articulation,vehicle_manoeuvre_historic,vehicle_manoeuvre,vehicle_direction_from,vehicle_direction_to,vehicle_location_restricted_lane_historic,vehicle_location_restricted_lane,junction_location,skidding_and_overturning,hit_object_in_carriageway,vehicle_leaving_carriageway,hit_object_off_carriageway,first_point_of_impact,vehicle_left_hand_drive,journey_purpose_of_driver_historic,journey_purpose_of_driver,sex_of_driver,age_of_driver,age_band_of_driver,engine_capacity_cc,propulsion_code,age_of_vehicle,generic_make_model,driver_imd_decile,lsoa_of_driver,escooter_flag,driver_distance_banding
2024520403056,2024,520403056,1,9,0,18,19,5,1,0,0,6,5,0,3,0,3,1,6,6,2,22,5,1991,2,16,MERCEDES B CLASS,5,E01020534,0,4
2024010544702,2024,010544702,1,9,0,7,7,1,3,0,0,2,0,0,0,0,1,1,3,7,2,54,8,1332,1,4,MERCEDES B CLASS,-1,-1,0,-1
2024471400332,2024,471400332,1,9,0,-1,14,6,2,-1,0,1,0,0,0,0,1,1,-1,7,2,31,6,1796,2,11,MERCEDES B CLASS,1,E01020994,0,1
2024052402154,2024,052402154,2,9,0,4,4,8,4,0,0,1,0,0,0,0,2,1,6,6,1,35,6,1950,2,5,MERCEDES B CLASS,1,E01006672,0,1
2024631425521,2024,631425521,1,9,0,-1,12,5,2,-1,0,0,1,0,2,10,1,1,-1,9,1,29,6,1332,1,4,MERCEDES B CLASS,9,W01001936,0,4
2024010543307,2024,010543307,1,9,0,10,10,3,1,0,0,1,0,0,0,0,1,1,6,6,1,61,9,2143,2,8,MERCEDES B CLASS,2,E01001460,0,1
2024430374195,2024,430374195,2,9,0,18,19,2,6,0,0,1,0,0,0,0,3,1,2,2,1,23,5,1796,2,12,MERCEDES B CLASS,5,E01016500,0,1
2024361467799,2024,361467799,1,9,0,-1,19,7,3,-1,0,0,0,0,0,0,1,1,-1,6,1,45,7,1991,2,15,MERCEDES B CLASS,3,E01026621,0,3
2024041470551,2024,041470551,1,9,0,-1,19,5,1,-1,0,0,0,4,0,0,1,1,-1,6,1,51,8,1498,1,16,MERCEDES B CLASS,1,E01025295,0,1
2024041523987,2024,041523987,1,9,0,-1,19,6,2,-1,0,1,0,0,0,0,-1,9,-1,6,3,-1,-1,1461,2,8,MERCEDES B CLASS,-1,-1,0,-1
202460Q082478,2024,60Q082478,2,9,0,18,19,7,3,0,0,1,0,0,0,0,4,1,6,6,1,77,11,1992,2,16,MERCEDES B CLASS,-1,-1,0,-1
2024411442763,2024,411442763,2,9,0,-1,19,8,4,-1,0,3,0,0,0,0,3,1,-1,2,2,56,9,1498,1,13,MERCEDES B CLASS,8,E01023917,0,3
2024440132825,2024,440132825,1,9,0,18,19,4,8,0,0,1,0,0,0,0,4,1,6,6,2,74,10,1595,1,12,MERCEDES B CLASS,9,E01022773,0,4
2024471482623,2024,471482623,2,9,0,-1,1,5,1,-1,0,0,0,4,0,0,2,1,-1,6,1,81,11,1332,1,4,MERCEDES B CLASS,3,E01031657,0,1
2024052402797,2024,052402797,1,9,0,18,19,8,4,0,0,0,0,4,0,0,4,1,6,6,2,35,6,1461,2,10,MERCEDES B CLASS,1,E01033228,0,1
2024430175040,2024,430175040,2,9,0,18,19,3,7,0,0,0,0,0,0,0,1,1,6,6,1,53,8,2143,2,8,MERCEDES B CLASS,8,E01016758,0,4
2024221518740,2024,221518740,2,9,0,-1,19,4,8,-1,0,0,5,0,1,7,1,9,-1,6,1,69,10,1595,1,6,MERCEDES B CLASS,7,E01014006,0,4
2024991467694,2024,991467694,2,9,0,-1,2,5,1,-1,0,1,0,0,0,0,3,1,-1,6,1,58,9,1461,2,7,MERCEDES B CLASS,-1,-1,0,-1
2024522402653,2024,522402653,2,9,0,18,19,3,7,0,0,8,0,0,0,0,1,1,6,6,2,53,8,1992,2,18,MERCEDES B CLASS,3,E01031482,0,5
2024201514435,2024,201514435,1,9,0,-1,19,1,1,-1,0,6,0,0,0,0,1,1,-1,6,2,30,6,1498,1,15,MERCEDES B CLASS,-1,-1,0,-1
2024131463528,2024,131463528,2,9,0,-1,3,6,2,-1,0,0,0,0,0,0,1,1,-1,2,1,25,5,1992,2,17,MERCEDES B CLASS,3,E01011529,0,2
2024201516391,2024,201516391,2,9,0,-1,3,2,6,-1,0,0,0,0,0,0,2,1,-1,9,1,59,9,1498,1,17,MERCEDES B CLASS,1,E01009361,0,1
2024010507752,2024,010507752,1,9,0,99,99,9,9,99,99,0,9,99,9,99,1,9,6,6,2,35,6,1699,1,16,MERCEDES B CLASS,10,E01002196,0,3
2024451462593,2024,451462593,1,9,0,-1,19,5,1,-1,0,0,0,0,0,0,2,9,-1,9,2,48,8,1595,1,10,MERCEDES B CLASS,6,E01030678,0,3
2024010511982,2024,010511982,1,9,0,18,19,3,7,0,0,1,0,0,0,0,4,1,6,6,2,76,11,1796,2,11,MERCEDES B CLASS,7,E01027724,0,5
2024111431389,2024,111431389,2,9,0,-1,9,1,5,-1,0,1,0,0,1,0,3,1,-1,9,1,66,10,1461,2,7,MERCEDES B CLASS,3,E01020827,0,1
2024211493164,2024,211493164,2,9,0,-1,19,5,1,-1,0,1,0,0,0,0,1,1,-1,6,1,77,11,1796,2,11,MERCEDES B CLASS,9,E01029368,0,2
2024401497648,2024,401497648,1,9,0,-1,13,4,8,-1,0,1,0,0,0,0,3,1,-1,6,2,26,6,1991,2,14,MERCEDES B CLASS,2,E01015698,0,1
2024231420216,2024,231420216,1,9,0,-1,9,1,7,-1,0,5,0,0,0,0,4,9,-1,7,2,45,7,2143,2,9,MERCEDES B CLASS,9,E01031184,0,1
2024201504577,2024,201504577,1,9,0,-1,9,1,6,-1,0,0,0,0,0,0,1,1,-1,6,1,40,7,1991,2,16,MERCEDES B CLASS,5,E01031018,0,3
2024332400281,2024,332400281,1,9,0,-1,19,5,1,-1,0,0,0,0,0,0,1,1,-1,2,1,64,9,1992,2,17,MERCEDES B CLASS,10,E01034004,0,1
2024061451174,2024,061451174,1,9,0,-1,19,1,5,-1,0,0,0,0,0,0,3,1,-1,6,2,34,6,1461,2,9,MERCEDES B CLASS,1,E01005067,0,1
2024340NN0592,2024,340NN0592,1,9,0,-1,9,6,2,-1,0,6,0,0,0,0,1,1,-1,9,2,47,8,2143,2,9,MERCEDES B CLASS,6,E01027062,0,1
2024501478300,2024,501478300,2,9,0,-1,2,0,0,-1,0,0,0,0,0,0,1,1,-1,6,-1,-1,-1,1992,2,19,MERCEDES B CLASS,-1,-1,0,-1
2024131512476,2024,131512476,2,9,0,-1,19,3,7,-1,0,8,0,0,0,0,1,1,-1,9,1,33,6,1992,2,16,MERCEDES B CLASS,5,E01011443,0,3
2024010516555,2024,010516555,1,9,0,18,19,7,3,0,0,0,0,0,0,0,2,1,1,1,2,73,10,1498,1,14,MERCEDES B CLASS,3,E01001423,0,1
2024211511192,2024,211511192,1,9,0,-1,19,4,8,-1,0,0,1,10,4,0,3,1,-1,2,2,54,8,1950,2,5,MERCEDES B CLASS,9,E01018386,0,3
202417L211524,2024,17L211524,1,9,0,-1,19,8,4,-1,0,0,0,0,0,0,1,1,-1,9,2,69,10,1796,2,12,MERCEDES B CLASS,1,E01012175,0,1
2024411525917,2024,411525917,3,9,0,-1,3,1,6,-1,0,0,0,0,0,0,2,1,-1,9,2,67,10,1950,2,5,MERCEDES B CLASS,10,E01023909,0,1
2024522402831,2024,522402831,2,9,0,3,3,4,8,0,0,0,0,0,0,0,2,1,6,6,1,29,6,1461,2,9,MERCEDES B CLASS,3,E01003531,0,5
2024221532987,2024,221532987,1,9,0,-1,7,7,1,-1,0,5,0,0,0,0,4,1,-1,6,2,42,7,1461,2,10,MERCEDES B CLASS,6,E01026760,0,5
2024010490722,2024,010490722,2,9,9,99,99,9,9,99,99,9,9,99,9,99,9,9,6,6,3,-1,-1,1699,1,15,MERCEDES B CLASS,-1,-1,0,-1
2024010502313,2024,010502313,3,9,0,2,2,0,0,0,0,2,0,0,0,0,2,1,6,6,3,-1,-1,1461,2,6,MERCEDES B CLASS,-1,-1,0,-1
202454E288024,2024,54E288024,2,9,0,4,4,3,7,0,0,0,0,0,0,0,2,1,6,6,2,47,8,1332,1,4,MERCEDES B CLASS,4,E01023260,0,4
2024101514229,2024,101514229,1,9,0,-1,2,0,0,-1,0,0,0,0,0,0,4,1,-1,6,3,-1,-1,1991,2,15,MERCEDES B CLASS,-1,-1,0,-1
2024141464993,2024,141464993,2,9,0,-1,19,1,5,-1,0,0,0,0,0,0,3,1,-1,6,1,25,5,1595,1,12,MERCEDES B CLASS,4,E01008161,0,2
2024311509825,2024,311509825,1,9,0,-1,9,2,6,-1,0,5,0,0,0,0,2,1,-1,6,1,21,5,1991,2,14,MERCEDES B CLASS,10,E01013985,0,1
2024991465634,2024,991465634,2,9,0,-1,19,7,3,-1,0,0,0,0,0,0,2,1,-1,6,1,45,7,1991,2,13,MERCEDES B CLASS,3,-1,0,4
2024010500357,2024,010500357,2,9,0,99,99,9,9,99,99,5,9,99,9,99,9,9,6,6,3,-1,-1,1595,1,8,MERCEDES B CLASS,-1,-1,0,-1
2024522401716,2024,522401716,1,9,0,3,3,1,5,0,0,1,0,0,0,0,2,1,6,6,2,78,11,2143,2,9,MERCEDES B CLASS,7,E01014805,0,1
2024501461039,2024,501461039,1,9,0,-1,19,8,5,-1,0,0,0,0,0,0,1,1,-1,6,2,41,7,1796,2,10,MERCEDES B CLASS,8,E01033232,0,1
2024440174788,2024,440174788,1,9,0,18,19,2,6,0,0,8,0,0,0,0,4,1,6,6,2,56,9,1332,1,5,MERCEDES B CLASS,7,E01017050,0,1
2024522403220,2024,522403220,1,9,0,9,9,7,5,0,0,6,0,0,0,0,1,1,6,6,2,34,6,1498,1,16,MERCEDES B CLASS,7,E01014528,0,1
2024010504798,2024,010504798,1,9,0,3,3,1,5,0,0,3,0,0,0,0,1,1,6,6,1,46,8,1461,2,7,MERCEDES B CLASS,8,E01030405,0,2
2024471461723,2024,471461723,1,9,0,-1,19,8,3,-1,0,0,0,0,0,0,1,1,-1,9,1,26,6,1461,2,10,MERCEDES B CLASS,3,E01020913,0,2
2024061535238,2024,061535238,1,9,0,-1,5,-1,-1,-1,0,2,0,0,0,0,3,1,-1,6,1,81,11,1332,8,3,MERCEDES B CLASS,7,E01005783,0,1
2024010542896,2024,010542896,1,9,0,99,99,9,9,99,99,9,9,99,9,99,2,9,6,6,2,33,6,1461,2,7,MERCEDES B CLASS,4,E01000307,0,1
2024548726524,2024,548726524,1,9,0,18,19,8,4,0,0,1,0,0,1,1,1,1,6,6,2,79,11,1595,1,6,MERCEDES B CLASS,10,E01022196,0,3
2024010547275,2024,010547275,1,9,0,1,1,1,5,0,0,0,0,0,0,0,2,1,6,6,1,19,4,1498,1,13,MERCEDES B CLASS,3,E01001489,0,1
2024010512817,2024,010512817,1,9,0,99,99,9,9,99,99,9,9,99,9,99,9,9,2,2,2,59,9,1461,2,7,MERCEDES B CLASS,3,E01003479,0,3
2024010523755,2024,010523755,1,9,0,99,99,9,9,99,99,9,9,99,9,99,2,9,6,6,2,38,7,1595,1,6,MERCEDES B CLASS,3,E01000032,0,1
2024010539688,2024,010539688,2,9,0,99,99,9,9,99,99,0,9,99,9,99,9,9,6,6,3,-1,-1,2143,2,9,MERCEDES B CLASS,-1,-1,0,-1
2024440182342,2024,440182342,1,9,0,18,19,5,1,0,0,8,0,0,0,0,4,1,6,6,2,48,8,1950,2,4,MERCEDES B CLASS,4,E01017251,0,3
2024371453872,2024,371453872,1,9,0,-1,19,1,5,-1,0,0,0,0,1,0,1,1,-1,9,2,60,9,1595,1,7,MERCEDES B CLASS,9,E01003660,0,4
2024010550235,2024,010550235,1,9,0,3,3,5,1,0,0,1,0,0,0,0,1,1,2,2,1,59,9,1498,1,17,MERCEDES B CLASS,6,E01003711,0,4
2024010517597,2024,010517597,2,9,0,9,9,5,3,1,1,5,0,0,0,0,4,1,6,6,2,75,10,1498,1,17,MERCEDES B CLASS,9,E01003864,0,1
2024471496889,2024,471496889,2,9,0,-1,19,3,7,-1,0,8,0,0,0,0,1,1,-1,1,2,33,6,1950,2,4,MERCEDES B CLASS,9,E01035352,0,2
2024061486644,2024,061486644,1,9,0,-1,19,6,2,-1,0,1,0,0,0,0,1,1,-1,6,3,-1,-1,1699,1,16,MERCEDES B CLASS,-1,-1,0,-1
2024461437530,2024,461437530,1,9,0,-1,15,3,1,-1,0,1,0,0,0,0,1,1,-1,6,3,65,9,1950,2,2,MERCEDES B CLASS,-1,-1,0,-1
2024501535519,2024,501535519,1,9,0,-1,19,3,7,-1,0,1,0,0,0,0,1,1,-1,9,2,32,6,1498,1,14,MERCEDES B CLASS,1,E01015144,0,1
2024411525987,2024,411525987,1,9,0,-1,19,1,3,-1,0,0,0,0,0,0,1,1,-1,1,2,40,7,1991,2,13,MERCEDES B CLASS,4,E01023906,0,1
2024070471041,2024,070471041,1,9,0,5,5,5,1,0,0,1,0,0,0,0,1,1,6,6,2,45,7,1461,2,10,MERCEDES B CLASS,-1,-1,0,-1
2024311435776,2024,311435776,1,9,0,-1,19,7,7,-1,0,1,0,0,0,0,1,1,-1,9,1,55,8,1992,2,17,MERCEDES B CLASS,3,E01013944,0,1
2024311492969,2024,311492969,1,9,0,-1,19,1,5,-1,0,1,0,0,0,0,1,1,-1,2,2,48,8,1461,2,10,MERCEDES B CLASS,3,E01028056,0,1
2024471503595,2024,471503595,2,9,0,-1,2,0,0,-1,0,2,0,0,0,0,3,1,-1,6,-1,-1,-1,-1,3,7,MERCEDES B CLASS,-1,-1,0,-1
2024010500307,2024,010500307,2,9,0,18,19,7,3,0,0,4,0,0,0,0,1,1,6,6,3,-1,-1,1796,2,12,MERCEDES B CLASS,-1,-1,0,-1
2024552401013,2024,552401013,2,9,0,4,4,4,8,0,0,0,0,0,0,0,2,1,6,6,2,49,8,1461,2,9,MERCEDES B CLASS,8,E01013558,0,5
2024010540199,2024,010540199,2,9,0,99,99,9,9,99,99,9,9,99,9,99,9,9,6,6,3,39,7,2143,2,8,MERCEDES B CLASS,4,E01003322,0,1
2024231454598,2024,231454598,1,9,0,-1,12,5,1,-1,0,0,0,0,0,0,3,1,-1,6,2,77,11,1461,2,10,MERCEDES B CLASS,10,E01019425,0,4
2024201518419,2024,201518419,1,9,0,-1,19,8,4,-1,0,0,0,0,0,0,2,1,-1,6,2,27,6,1498,1,17,MERCEDES B CLASS,3,E01009553,0,2
2024411487931,2024,411487931,2,9,0,-1,3,7,3,-1,0,2,0,0,0,0,2,1,-1,6,2,44,7,1498,1,14,MERCEDES B CLASS,3,E01023876,0,1
2024351532708,2024,351532708,2,9,-1,-1,-1,-1,-1,-1,-1,-1,-1,-1,-1,0,2,9,-1,2,2,59,9,1461,2,11,MERCEDES B CLASS,2,E01015594,0,1
2024361550869,2024,361550869,1,9,0,-1,9,3,1,-1,0,2,1,0,0,0,0,1,-1,6,1,36,7,1991,2,15,MERCEDES B CLASS,1,E01026824,0,1
2024201476995,2024,201476995,2,9,0,-1,19,3,7,-1,0,8,0,0,0,0,4,1,-1,1,1,45,7,2143,2,7,MERCEDES B CLASS,4,E01009030,0,2
2024411396615,2024,411396615,1,9,-1,-1,-1,-1,-1,-1,-1,0,-1,-1,-1,0,-1,9,-1,6,1,59,9,1461,2,8,MERCEDES B CLASS,5,E01023542,0,1
2024451430178,2024,451430178,1,9,0,-1,7,1,5,-1,0,0,0,0,0,0,3,1,-1,9,1,79,11,1699,1,14,MERCEDES B CLASS,7,E01030455,0,1
2024421467010,2024,421467010,2,9,0,-1,19,3,7,-1,0,0,0,0,0,0,1,2,-1,6,2,41,7,1461,2,8,MERCEDES B CLASS,1,E01016006,0,1
2024010527298,2024,010527298,1,9,0,99,99,9,9,99,99,9,9,99,9,99,9,9,2,2,2,52,8,1498,1,18,MERCEDES B CLASS,4,E01002596,0,1
2024401410258,2024,401410258,2,9,0,-1,19,2,6,-1,0,5,0,0,0,0,3,1,-1,6,1,40,7,1461,2,10,MERCEDES B CLASS,7,E01017481,0,1
2024421410009,2024,421410009,1,9,0,-1,5,1,5,-1,9,0,0,0,0,0,1,1,-1,9,1,57,9,2143,2,8,MERCEDES B CLASS,7,E01021510,0,1
2024010542041,2024,010542041,2,9,0,17,19,6,2,0,0,0,0,0,0,0,1,1,6,6,1,60,9,1595,1,6,MERCEDES B CLASS,6,E01033784,0,1
2024552401092,2024,552401092,2,9,0,4,4,4,8,0,0,0,0,0,0,0,2,1,6,6,2,40,7,1992,2,16,MERCEDES B CLASS,4,E01034277,0,1
2024101460068,2024,101460068,1,9,0,-1,4,1,5,-1,0,0,0,0,0,0,1,1,-1,9,1,75,10,1498,1,14,MERCEDES B CLASS,5,E01008787,0,1
2024451522164,2024,451522164,2,9,0,-1,19,7,3,-1,0,1,0,0,0,0,1,1,-1,9,2,48,8,2143,2,8,MERCEDES B CLASS,9,E01031001,0,1
2024440379534,2024,440379534,1,9,0,12,12,6,8,0,0,6,0,0,0,0,3,1,6,6,1,83,11,1699,1,14,MERCEDES B CLASS,9,E01022658,0,1
2024461473458,2024,461473458,2,9,0,-1,19,3,7,-1,0,1,0,0,0,0,1,1,-1,9,1,76,11,1332,1,4,MERCEDES B CLASS,9,E01006974,0,5
2024201468676,2024,201468676,1,9,0,-1,19,5,1,-1,0,0,0,0,0,0,1,1,-1,9,2,39,7,1991,2,14,MERCEDES B CLASS,10,E01009436,0,1
2024991516520,2024,991516520,2,9,0,-1,19,2,6,-1,0,0,0,0,0,0,2,1,-1,9,2,73,10,1595,1,12,MERCEDES B CLASS,9,-1,0,4
2024052400251,2024,052400251,1,9,0,9,9,3,1,0,0,1,0,0,0,0,1,1,6,6,1,43,7,1796,2,11,MERCEDES B CLASS,1,E01034401,0,1
2024211471909,2024,211471909,2,9,0,-1,19,1,5,-1,0,1,0,0,0,0,1,1,-1,6,1,-1,-1,1595,1,8,MERCEDES B CLASS,-1,-1,0,-1
2024421526278,2024,421526278,1,9,0,-1,19,7,3,-1,0,1,0,0,0,0,1,1,-1,9,2,38,7,1796,2,11,MERCEDES B CLASS,9,E01021280,0,1
2024061491381,2024,061491381,2,9,0,-1,19,2,7,-1,0,1,0,0,0,0,1,1,-1,2,2,43,7,-1,3,8,MERCEDES B CLASS,1,E01034120,0,1
2024411545684,2024,411545684,2,9,0,-1,19,6,1,-1,0,4,0,0,0,0,1,1,-1,2,2,41,7,1498,1,16,MERCEDES B CLASS,7,E01023736,0,2
2024010505385,2024,010505385,1,9,0,9,9,1,7,0,0,2,0,0,0,0,1,1,6,6,1,79,11,1498,1,15,MERCEDES B CLASS,6,E01000321,0,1
2024451447281,2024,451447281,2,9,0,-1,2,3,1,-1,0,0,0,0,0,0,3,1,-1,6,1,55,8,1699,1,18,MERCEDES B CLASS,9,E01030731,0,1
2024141397799,2024,141397799,1,9,0,-1,19,1,5,-1,9,1,0,0,7,11,1,1,-1,9,1,17,4,1461,2,7,MERCEDES B CLASS,5,E01007953,0,1
2024302500063,2024,302500063,1,9,0,-1,10,4,1,-1,0,8,0,0,0,0,1,1,-1,6,2,38,7,1461,2,11,MERCEDES B CLASS,3,E01013531,0,1
2024440156122,2024,440156122,2,9,0,18,19,8,4,0,0,0,0,0,0,0,1,1,6,6,1,57,9,1796,2,11,MERCEDES B CLASS,5,E01017353,0,1
2024540675024,2024,540675024,1,9,0,18,19,6,1,0,0,1,1,0,0,0,3,1,6,6,2,44,7,1498,1,14,MERCEDES B CLASS,10,E01031915,0,1
2024010499989,2024,010499989,1,9,0,18,19,1,5,0,0,0,0,0,0,0,1,2,6,6,1,60,9,1699,1,14,MERCEDES B CLASS,3,E01001504,0,1
2024052401845,2024,052401845,2,9,0,2,2,0,0,0,0,0,0,0,0,0,2,1,6,6,3,-1,-1,1796,2,12,MERCEDES B CLASS,-1,-1,0,-1
2024320636641,2024,320636641,2,9,0,4,4,3,7,0,0,1,0,0,0,0,2,1,-1,-1,2,55,8,1991,2,14,MERCEDES B CLASS,10,E01026324,0,1
2024440106638,2024,440106638,2,9,0,4,4,4,8,0,0,0,0,0,0,0,2,1,6,6,2,46,8,1332,1,5,MERCEDES B CLASS,1,E01022967,0,1
2024610005224,2024,610005224,2,9,0,18,19,5,1,0,0,0,0,0,0,0,1,1,6,6,1,41,7,1796,2,10,MERCEDES B CLASS,1,W01001652,0,1
2024501471852,2024,501471852,1,9,0,-1,19,2,7,-1,0,1,0,11,1,11,1,1,-1,9,1,76,11,1461,2,9,MERCEDES B CLASS,8,E01015114,0,2
2024010492872,2024,010492872,1,9,0,3,3,7,3,0,0,6,0,0,0,0,1,1,6,6,3,-1,-1,2143,2,7,MERCEDES B CLASS,-1,-1,0,-1
2024552400648,2024,552400648,1,9,0,18,19,6,2,0,0,0,0,0,0,0,4,1,6,6,2,36,7,1461,2,10,MERCEDES B CLASS,5,E01015296,0,1
2024010530140,2024,010530140,2,9,0,99,99,9,9,99,99,9,9,99,9,99,0,9,6,6,3,-1,-1,1992,2,17,MERCEDES B CLASS,-1,-1,0,-1
2024201501360,2024,201501360,1,9,0,-1,7,6,8,-1,2,5,0,0,0,0,1,1,-1,7,2,40,7,2143,2,9,MERCEDES B CLASS,9,E01032143,0,2
2024351539772,2024,351539772,2,9,-1,-1,1,3,7,-1,0,8,0,0,0,0,3,9,-1,2,2,55,8,1461,2,10,MERCEDES B CLASS,4,E01015591,0,1
2024231516217,2024,231516217,1,9,0,-1,19,3,7,-1,0,0,0,0,7,9,1,1,-1,9,1,87,11,2143,2,10,MERCEDES B CLASS,8,E01031195,0,1
2024522402106,2024,522402106,2,9,0,9,9,5,3,0,0,6,0,0,0,0,3,1,6,6,1,18,4,1498,1,16,MERCEDES B CLASS,4,E01014570,0,3
2024440309744,2024,440309744,1,9,0,4,4,2,6,0,0,0,0,0,0,0,2,1,6,6,2,33,6,1595,1,12,MERCEDES B CLASS,-1,-1,0,-1
2024440212560,2024,440212560,2,9,0,18,19,8,4,0,0,1,0,0,0,0,1,1,6,6,1,75,10,2664,2,26,-1,5,E01031611,0,4
2024471478970,2024,471478970,1,9,0,-1,5,1,3,-1,0,8,0,0,0,0,1,1,-1,2,1,43,7,989,1,15,-1,2,E01017011,0,2
2024332400546,2024,332400546,1,9,0,-1,19,6,2,-1,0,0,0,0,0,0,3,1,-1,2,1,61,9,1796,1,27,-1,2,E01013933,0,4
2024440441528,2024,440441528,2,2,0,18,19,7,2,0,0,8,0,0,0,0,1,1,6,6,1,16,4,49,1,0,-1,8,E01032605,0,3
2024552400341,2024,552400341,1,2,0,18,19,4,8,0,0,0,1,0,0,0,0,1,6,6,1,16,4,49,1,14,-1,5,E01015456,0,1
2024010532503,2024,010532503,1,11,0,4,4,7,3,0,0,2,0,0,0,0,0,1,1,1,1,40,7,5132,2,7,VOLVO MODEL MISSING,6,E01001254,0,2
2024010512191,2024,010512191,1,11,0,18,19,4,8,0,0,1,0,0,0,0,0,1,1,1,1,28,6,9360,2,14,VOLVO MODEL MISSING,8,E01001039,0,4
2024411521689,2024,411521689,1,20,1,-1,19,7,1,-1,0,0,0,10,3,0,1,1,-1,1,1,55,8,-1,-1,-1,VOLVO MODEL MISSING,4,E01023387,0,2
2024522401240,2024,522401240,2,20,0,18,19,6,2,0,0,0,0,0,0,0,1,1,6,6,1,55,8,-1,-1,-1,VOLVO MODEL MISSING,1,W01000091,0,5
2024461428383,2024,461428383,1,21,4,-1,5,5,4,-1,0,0,0,0,0,0,0,1,-1,1,1,59,9,12777,2,5,VOLVO MODEL MISSING,2,E01035431,0,5
2024010518201,2024,010518201,2,20,0,18,19,3,7,0,0,0,0,0,0,0,0,1,1,1,1,38,7,12777,2,2,VOLVO MODEL MISSING,2,E01003500,0,2
2024161450228,2024,161450228,1,11,0,-1,19,7,3,-1,0,0,0,0,0,0,0,1,-1,1,1,29,6,9360,2,15,VOLVO MODEL MISSING,9,E01012770,0,1
2024010497432,2024,010497432,1,11,0,18,19,7,3,0,0,2,0,0,0,0,0,1,1,1,1,57,9,5132,2,7,VOLVO MODEL MISSING,2,E01000013,0,3
2024332400940,2024,332400940,2,21,0,-1,2,0,0,-1,-1,0,0,0,0,0,2,1,-1,1,1,39,7,12777,2,7,VOLVO MODEL MISSING,7,E01014907,0,5
2024010544631,2024,010544631,1,11,0,18,19,7,3,0,0,0,0,0,0,0,0,1,1,1,1,51,8,5132,2,7,VOLVO MODEL MISSING,3,E01004575,0,2
2024430079819,2024,430079819,1,11,0,5,5,8,4,0,0,1,0,0,0,0,1,1,1,1,1,58,9,9360,2,14,VOLVO MODEL MISSING,1,E01022147,0,4
2024211410826,2024,211410826,1,21,1,-1,12,7,3,-1,0,0,0,0,0,0,3,1,-1,1,1,49,8,12777,2,3,VOLVO MODEL MISSING,1,E01013603,0,4
2024201528719,2024,201528719,2,11,0,-1,19,5,6,-1,0,0,0,0,0,0,4,1,-1,1,1,69,10,7300,2,12,VOLVO MODEL MISSING,3,E01009624,0,1
2024351463344,2024,351463344,1,21,1,-1,7,5,7,-1,0,5,0,0,0,0,4,1,-1,1,1,53,8,12777,2,2,VOLVO MODEL MISSING,5,E01018069,0,4
2024010541836,2024,010541836,1,11,0,18,19,5,1,0,0,3,0,0,0,0,1,1,6,6,1,43,7,5132,2,9,VOLVO MODEL MISSING,6,E01004381,0,2
2024010535849,2024,010535849,1,11,0,4,4,3,7,2,2,1,0,0,0,0,0,2,1,1,1,53,8,5132,2,7,VOLVO MODEL MISSING,3,E01000577,0,2
2024991447801,2024,991447801,2,11,0,-1,2,3,7,-1,0,0,0,0,0,0,2,1,-1,1,1,36,7,7300,2,13,VOLVO MODEL MISSING,8,-1,0,2
2024010508252,2024,010508252,1,11,0,5,5,0,1,0,0,1,0,0,0,0,0,1,1,1,1,59,9,5132,2,9,VOLVO MODEL MISSING,5,E01003115,0,3
2024991480128,2024,991480128,2,11,0,-1,11,5,1,-1,0,0,0,0,0,0,3,1,-1,1,1,63,9,5132,2,8,VOLVO MODEL MISSING,3,-1,0,1
2024010536498,2024,010536498,1,11,0,18,19,7,3,0,0,6,0,0,0,0,4,1,1,1,1,63,9,5132,2,6,VOLVO MODEL MISSING,5,E01002660,0,1
2024010514549,2024,010514549,1,11,0,9,9,2,8,0,0,1,0,0,0,0,0,1,1,1,1,26,6,5132,2,8,VOLVO MODEL MISSING,3,E01003983,0,2
2024351402480,2024,351402480,1,11,0,-1,19,3,1,-1,0,0,0,0,0,0,1,9,-1,1,1,65,9,7698,2,9,VOLVO MODEL MISSING,7,E01018223,0,2
2024122400549,2024,122400549,1,21,1,18,19,1,5,0,0,0,0,6,4,6,1,1,1,1,1,31,6,12777,2,4,VOLVO MODEL MISSING,7,E01013074,0,4
2024010513897,2024,010513897,1,11,0,3,3,1,5,0,0,1,0,0,1,0,0,1,1,1,1,36,7,5132,2,9,VOLVO MODEL MISSING,7,E01002538,0,3