collision_index,collision_year,collision_ref_no,vehicle_reference,vehicle_type,towing_and_articulation,vehicle_manoeuvre_historic,vehicle_manoeuvre,vehicle_direction_from,vehicle_direction_to,vehicle_location_restricted_lane_historic,vehicle_location_restricted_lane,junction_location,skidding_and_overturning,hit_object_in_carriageway,vehicle_leaving_carriageway,hit_object_off_carriageway,first_point_of_impact,vehicle_left_hand_drive,journey_purpose_of_driver_historic,journey_purpose_of_driver,sex_of_driver,age_of_driver,age_band_of_driver,engine_capacity_cc,propulsion_code,age_of_vehicle,generic_make_model,driver_imd_decile,lsoa_of_driver,escooter_flag,driver_distance_banding
2024991426743,2024,991426743,2,11,0,-1,19,3,7,-1,0,0,0,0,0,0,4,1,-1,1,1,42,7,5132,2,6,VOLVO MODEL MISSING,-1,-1,0,-1
2024010551474,2024,010551474,2,11,0,5,5,3,7,3,2,1,0,0,0,0,1,1,1,1,1,46,8,4760,2,13,VOLVO MODEL MISSING,-1,-1,0,-1
2024101518243,2024,101518243,1,21,0,-1,19,5,1,-1,0,0,0,0,0,0,1,1,-1,1,1,58,9,12777,2,5,VOLVO MODEL MISSING,9,E01008620,0,2
2024471439535,2024,471439535,2,11,0,-1,7,7,1,-1,0,6,0,0,0,0,1,1,-1,1,1,50,8,9600,2,23,VOLVO MODEL MISSING,5,E01031472,0,2
2024010517732,2024,010517732,1,11,0,18,19,5,1,0,0,6,0,0,0,0,1,1,1,1,1,46,8,4760,2,12,VOLVO MODEL MISSING,6,E01004521,0,1
2024161482604,2024,161482604,1,11,0,-1,19,5,1,-1,0,1,0,0,0,0,1,9,-1,1,3,-1,-1,7300,2,14,VOLVO MODEL MISSING,1,E01012855,0,1
2024302400270,2024,302400270,3,11,0,18,19,3,7,0,0,0,0,0,0,0,3,1,1,1,3,-1,-1,7300,2,16,VOLVO MODEL MISSING,5,E01019456,0,3
2024991453444,2024,991453444,2,11,0,-1,19,8,4,-1,0,1,0,0,0,0,2,1,-1,1,1,49,8,5132,2,7,VOLVO MODEL MISSING,8,-1,0,3
2024211455414,2024,211455414,2,21,1,-1,19,5,1,-1,0,0,1,0,0,0,3,1,-1,6,1,52,8,12777,2,3,VOLVO MODEL MISSING,1,E01014330,0,4
2024052402652,2024,052402652,1,11,0,18,19,3,7,0,0,6,0,0,0,0,1,1,1,1,1,26,6,5132,2,7,VOLVO MODEL MISSING,5,E01018689,0,3
2024471494206,2024,471494206,1,11,0,-1,4,6,2,-1,0,1,0,0,0,0,1,1,-1,1,1,58,9,9360,2,12,VOLVO MODEL MISSING,6,E01021236,0,4
2024522401512,2024,522401512,1,11,0,18,19,3,7,0,0,1,0,0,0,0,2,1,1,1,2,47,8,9360,2,16,VOLVO MODEL MISSING,6,E01014813,0,1
2024411465166,2024,411465166,1,21,1,-1,19,1,5,-1,0,0,0,0,0,0,-1,9,-1,9,1,44,7,12777,2,3,VOLVO MODEL MISSING,7,E01035396,0,4
2024010512153,2024,010512153,1,11,0,5,5,3,7,2,2,1,0,0,0,0,0,1,6,6,1,54,8,5132,2,10,VOLVO MODEL MISSING,3,E01002756,0,2
2024010498879,2024,010498879,1,11,0,18,19,7,3,0,0,0,0,0,0,0,1,1,1,1,1,59,9,5132,2,8,VOLVO MODEL MISSING,4,E01000634,0,2
2024061525659,2024,061525659,1,21,1,-1,19,7,3,-1,0,0,0,0,0,0,1,1,-1,1,1,63,9,12777,5,1,VOLVO MODEL MISSING,3,E01006217,0,3
2024010512213,2024,010512213,1,11,0,18,19,1,5,0,0,1,0,0,0,0,1,1,1,1,1,58,9,5132,2,7,VOLVO MODEL MISSING,1,E01002732,0,1
2024991517169,2024,991517169,2,21,1,-1,19,3,7,-1,0,0,0,0,1,4,1,1,-1,1,1,35,6,7698,2,0,VOLVO MODEL MISSING,4,-1,0,2
2024991500996,2024,991500996,1,11,0,-1,5,7,3,-1,0,0,0,0,0,0,0,1,-1,1,1,33,6,5132,2,6,VOLVO MODEL MISSING,6,-1,0,2
2024461394505,2024,461394505,1,11,0,-1,9,2,1,-1,0,2,0,0,0,0,4,9,-1,9,1,55,8,9360,2,12,VOLVO MODEL MISSING,2,E01024585,0,1
2024421478919,2024,421478919,1,11,0,-1,19,2,6,-1,0,0,0,0,0,0,1,1,-1,1,1,67,10,9360,2,15,VOLVO MODEL MISSING,9,E01021390,0,1
2024010516864,2024,010516864,1,11,0,5,5,3,7,0,0,0,0,0,0,0,9,1,1,1,3,-1,-1,9360,2,15,VOLVO MODEL MISSING,-1,-1,0,-1
2024010531391,2024,010531391,2,11,0,3,3,8,4,2,2,0,0,0,0,0,2,1,1,1,1,44,7,5132,2,8,VOLVO MODEL MISSING,-1,-1,0,-1
2024131430984,2024,131430984,1,11,0,-1,4,7,3,-1,2,0,0,0,0,0,1,1,-1,1,1,40,7,9360,2,15,VOLVO MODEL MISSING,1,E01011483,0,1
2024302401565,2024,302401565,2,11,0,18,19,2,6,0,0,0,0,0,0,0,0,1,1,1,1,35,6,-1,2,16,VOLVO MODEL MISSING,2,E01013910,0,4
2024141466890,2024,141466890,1,11,0,-1,2,0,0,-1,2,0,0,0,0,0,2,1,-1,1,1,35,6,7300,2,13,VOLVO MODEL MISSING,3,E01007788,0,3
2024361495259,2024,361495259,2,21,1,-1,19,2,6,-1,0,0,0,0,0,0,2,1,-1,1,1,32,6,12777,2,7,VOLVO MODEL MISSING,1,E01033436,0,4
2024221435950,2024,221435950,1,11,0,-1,9,7,4,-1,0,5,0,0,0,0,3,9,-1,1,1,69,10,7300,2,21,VOLVO MODEL MISSING,1,E01009074,0,2
2024010532064,2024,010532064,1,11,0,5,5,5,1,0,0,6,0,0,0,0,0,1,6,6,1,63,9,5132,2,7,VOLVO MODEL MISSING,5,E01000609,0,2
2024450190878,2024,450190878,1,21,1,18,19,1,5,0,0,1,0,0,2,7,4,1,1,1,1,30,6,12777,2,4,VOLVO MODEL MISSING,5,E01020137,0,5
2024041439013,2024,041439013,1,11,0,-1,19,1,5,-1,0,8,0,0,0,0,1,1,-1,9,1,60,9,7300,2,21,VOLVO MODEL MISSING,6,E01034351,0,3
2024010541676,2024,010541676,1,11,0,18,19,5,1,2,2,8,0,0,0,0,0,1,1,1,1,44,7,5132,2,9,VOLVO MODEL MISSING,3,E01002403,0,3
2024010521010,2024,010521010,2,19,0,3,3,1,5,0,0,1,0,0,0,0,2,1,1,1,1,66,10,7698,2,2,VOLVO MODEL MISSING,7,E01017427,0,4
2024520402081,2024,520402081,1,9,0,4,4,1,5,0,0,1,0,0,0,0,1,1,6,6,2,46,8,2400,2,16,VOLVO MODEL MISSING,4,E01029230,0,1
2024010550885,2024,010550885,1,11,0,4,4,6,2,2,2,1,0,0,0,0,4,1,1,1,1,48,8,5132,2,7,VOLVO MODEL MISSING,5,E01002183,0,2
2024161502444,2024,161502444,1,11,0,-1,19,2,6,-1,0,0,0,0,0,0,0,9,-1,1,1,36,7,9360,2,15,VOLVO MODEL MISSING,1,E01012834,0,1
2024991463605,2024,991463605,1,11,0,-1,4,7,3,-1,0,1,0,0,0,0,0,1,-1,1,1,65,9,9360,2,14,VOLVO MODEL MISSING,8,-1,0,2
2024231431441,2024,231431441,2,21,1,-1,19,1,5,-1,0,0,0,0,0,0,2,1,-1,1,1,26,6,12777,5,2,VOLVO MODEL MISSING,2,E01009315,0,4
2024010505214,2024,010505214,1,11,0,4,4,1,5,0,0,1,0,0,0,0,0,1,1,1,1,46,8,5132,2,8,VOLVO MODEL MISSING,3,E01033944,0,1
2024501400411,2024,501400411,2,21,1,-1,5,5,1,-1,0,4,0,0,0,0,1,1,-1,1,1,53,8,12777,2,1,VOLVO MODEL MISSING,8,E01015114,0,4
2024361397453,2024,361397453,2,21,4,-1,7,5,1,-1,0,0,0,0,0,0,3,1,-1,1,1,63,9,12777,2,5,VOLVO MODEL MISSING,6,E01026452,0,4
2024010510830,2024,010510830,1,11,0,10,10,5,3,0,0,2,0,0,0,0,0,1,1,1,1,46,8,5132,2,7,VOLVO MODEL MISSING,4,E01034033,0,1
2024471501193,2024,471501193,2,11,0,-1,19,3,7,-1,0,0,0,0,0,0,1,1,-1,1,1,55,8,7698,2,7,VOLVO MODEL MISSING,4,E01031599,0,4
2024320334340,2024,320334340,2,10,0,4,4,6,2,0,0,1,0,0,0,0,0,1,1,1,1,35,6,-1,-1,-1,VOLVO MODEL MISSING,3,E01026043,0,3
2024141405622,2024,141405622,1,21,1,-1,4,1,5,-1,0,0,0,0,0,0,1,1,-1,1,1,29,6,12777,2,11,VOLVO MODEL MISSING,9,E01013016,0,4
2024010510838,2024,010510838,2,11,0,18,19,5,1,0,0,1,0,0,0,0,0,1,6,6,1,65,9,5132,2,6,VOLVO MODEL MISSING,4,E01001323,0,2
2024031467181,2024,031467181,2,21,1,-1,19,3,7,-1,0,0,0,0,0,0,3,1,-1,1,1,30,6,12777,2,0,VOLVO MODEL MISSING,5,E01011996,0,4
2024421474816,2024,421474816,2,21,1,-1,19,5,1,-1,0,0,0,0,0,0,1,1,-1,1,1,42,7,12777,2,5,VOLVO MODEL MISSING,9,E01000350,0,4
2024010514306,2024,010514306,4,11,0,18,19,8,4,0,0,1,0,0,0,0,3,1,1,1,3,-1,-1,5132,2,8,VOLVO MODEL MISSING,-1,-1,0,-1
2024401407562,2024,401407562,1,11,0,-1,19,7,3,-1,2,0,0,0,0,0,1,1,-1,1,1,51,8,7698,2,3,VOLVO MODEL MISSING,4,E01015751,0,1
2024161474548,2024,161474548,2,20,0,-1,2,0,0,-1,-1,0,0,0,0,0,0,1,-1,1,1,49,8,16123,2,8,VOLVO MODEL MISSING,5,E01027835,0,4
2024631504504,2024,631504504,1,21,4,-1,19,1,5,-1,0,0,5,0,7,9,3,1,-1,1,1,62,9,10837,2,6,VOLVO MODEL MISSING,1,W01001339,0,4
2024061495484,2024,061495484,2,21,0,-1,3,7,3,-1,0,0,0,0,0,0,2,1,-1,1,1,55,8,12777,2,3,VOLVO MODEL MISSING,10,E01018676,0,4
2024332401162,2024,332401162,3,21,0,-1,12,3,1,-1,0,8,0,0,0,0,1,1,-1,1,1,65,9,12777,2,2,VOLVO MODEL MISSING,5,E01022640,0,5
2024010504175,2024,010504175,1,11,0,11,11,3,7,0,0,0,0,0,0,0,0,1,1,1,1,54,8,5132,2,7,VOLVO MODEL MISSING,4,E01000488,0,2
2024141432348,2024,141432348,1,11,0,-1,19,7,3,-1,0,0,0,0,0,0,1,1,-1,1,1,54,8,9360,2,17,VOLVO MODEL MISSING,1,E01008018,0,1
2024101491990,2024,101491990,2,9,0,-1,19,6,3,-1,0,4,0,0,0,0,1,2,-1,6,1,71,10,1800,1,25,VOLVO MODEL MISSING,3,E01033205,0,1
2024131478758,2024,131478758,2,21,0,-1,5,1,5,-1,0,4,0,0,0,0,2,1,-1,1,1,34,6,12777,2,10,VOLVO MODEL MISSING,4,E01011808,0,3
2024501408302,2024,501408302,2,21,0,-1,19,2,6,-1,0,0,0,0,0,0,2,1,-1,1,1,57,9,12777,2,5,VOLVO MODEL MISSING,4,E01020307,0,4
2024141466890,2024,141466890,2,11,0,-1,5,1,5,-1,2,0,0,0,0,0,1,1,-1,1,1,59,9,9360,2,16,VOLVO MODEL MISSING,1,E01008084,0,2
202454A918824,2024,54A918824,2,21,0,5,5,7,3,0,0,6,0,0,0,0,1,1,1,1,1,32,6,12777,2,3,VOLVO MODEL MISSING,6,E01029199,0,4
2024131464857,2024,131464857,1,11,0,-1,19,6,2,-1,2,0,0,0,0,0,4,1,-1,1,2,45,7,7300,2,15,VOLVO MODEL MISSING,1,E01010632,0,1
2024131509373,2024,131509373,1,90,0,-1,19,4,8,-1,0,8,0,0,0,0,1,1,-1,1,1,54,8,-1,-1,-1,VOLVO MODEL MISSING,1,E01010744,0,1
2024991444286,2024,991444286,2,11,0,-1,19,3,7,-1,0,0,0,0,0,0,4,1,-1,1,1,56,9,7698,2,2,VOLVO MODEL MISSING,1,-1,0,4
2024070995842,2024,070995842,1,21,4,-1,13,1,5,-1,0,0,0,0,0,0,3,1,-1,1,3,50,8,12777,2,2,VOLVO MODEL MISSING,7,-1,0,4
2024991535709,2024,991535709,2,11,0,-1,19,1,5,-1,0,1,0,0,0,0,1,1,-1,1,2,37,7,5132,2,3,VOLVO MODEL MISSING,5,-1,0,4
2024361473797,2024,361473797,1,21,1,-1,19,1,5,-1,0,0,0,0,0,0,4,1,-1,1,1,55,8,12777,2,5,VOLVO MODEL MISSING,-1,-1,0,-1
2024010528209,2024,010528209,1,11,0,18,19,3,7,2,2,2,0,0,0,0,4,1,1,1,1,60,9,5132,2,7,VOLVO MODEL MISSING,6,E01023858,0,3
2024061513536,2024,061513536,1,21,1,-1,11,7,3,-1,0,0,0,0,0,0,4,1,-1,1,1,62,9,12777,2,3,VOLVO MODEL MISSING,6,E01006245,0,2
2024010537047,2024,010537047,1,11,0,4,4,4,8,0,0,2,0,0,0,0,1,1,1,1,2,60,9,5132,2,8,VOLVO MODEL MISSING,9,E01003467,0,2
2024161452130,2024,161452130,1,21,0,-1,19,1,5,-1,0,0,2,0,7,0,4,1,-1,2,1,53,8,12777,2,5,VOLVO MODEL MISSING,4,E01007329,0,4
2024041477755,2024,041477755,1,21,0,-1,19,5,3,-1,0,0,0,0,0,0,3,1,-1,1,1,31,6,7698,2,9,VOLVO MODEL MISSING,2,E01007385,0,4
2024010510190,2024,010510190,1,11,0,18,19,1,5,0,0,1,0,0,0,0,0,1,1,1,1,42,7,4760,2,11,VOLVO MODEL MISSING,1,E01000605,0,1
2024010499689,2024,010499689,1,11,0,3,3,3,7,0,0,0,0,0,0,0,2,1,1,1,1,46,8,5132,2,7,VOLVO MODEL MISSING,-1,-1,0,-1
2024010503637,2024,010503637,1,11,0,4,4,5,1,0,0,2,0,0,0,0,0,1,1,1,1,43,7,4760,2,12,VOLVO MODEL MISSING,2,E01015774,0,4
2024471488627,2024,471488627,1,11,0,-1,2,1,5,-1,0,0,0,0,0,0,2,1,-1,1,2,27,6,9360,2,13,VOLVO MODEL MISSING,7,E01016912,0,4
2024010503683,2024,010503683,1,11,0,18,19,5,1,0,0,8,0,0,0,0,1,1,1,1,1,61,9,4760,2,12,VOLVO MODEL MISSING,6,E01001086,0,1
2024010542373,2024,010542373,1,11,0,18,19,5,1,0,0,0,0,0,0,0,1,1,1,1,2,50,8,5132,2,10,VOLVO MODEL MISSING,4,E01001481,0,2
2024010550793,2024,010550793,2,21,4,99,99,9,9,99,99,9,9,99,9,99,1,9,6,6,3,-1,-1,12777,2,2,VOLVO MODEL MISSING,-1,-1,0,-1
2024041527081,2024,041527081,1,11,0,-1,13,4,8,-1,0,1,0,0,0,0,4,1,-1,6,3,-1,-1,7300,2,15,VOLVO MODEL MISSING,-1,-1,0,-1
2024201469493,2024,201469493,1,11,0,-1,5,8,4,-1,0,1,0,0,0,0,4,1,-1,1,1,50,8,7300,2,11,VOLVO MODEL MISSING,2,E01034955,0,1
2024010548006,2024,010548006,1,11,0,9,9,3,1,0,0,6,0,0,0,0,1,1,1,1,1,53,8,5132,2,7,VOLVO MODEL MISSING,7,E01000778,0,3
2024991463238,2024,991463238,2,11,0,-1,19,8,4,-1,0,0,0,0,0,0,3,1,-1,1,1,34,6,7698,2,5,VOLVO MODEL MISSING,8,-1,0,1
2024221419258,2024,221419258,1,21,0,-1,19,6,4,-1,0,0,5,0,7,4,1,9,-1,1,1,26,6,10837,2,8,VOLVO MODEL MISSING,1,E01009993,0,4
2024010511280,2024,010511280,1,11,0,3,3,3,7,0,0,1,0,0,0,0,0,1,1,1,1,55,8,5132,2,8,VOLVO MODEL MISSING,4,E01002643,0,2
2024010551182,2024,010551182,2,11,0,99,99,9,9,99,99,9,9,99,9,99,9,9,6,6,3,-1,-1,5132,2,7,VOLVO MODEL MISSING,-1,-1,0,-1
2024010533851,2024,010533851,1,21,1,5,5,5,1,0,0,4,0,0,0,0,1,1,1,1,1,67,10,12777,2,8,VOLVO MODEL MISSING,-1,-1,0,-1
2024070032984,2024,070032984,2,21,1,4,4,8,4,0,0,1,0,0,0,0,2,1,1,1,1,37,7,12777,2,2,VOLVO MODEL MISSING,-1,-1,0,-1
2024061507358,2024,061507358,1,11,0,-1,19,4,8,-1,0,2,0,0,0,0,3,9,-1,1,3,-1,-1,7698,2,0,VOLVO MODEL MISSING,-1,-1,0,-1
2024010494036,2024,010494036,1,11,0,17,19,3,7,0,0,4,0,0,0,0,0,1,6,6,1,23,5,5132,2,9,VOLVO MODEL MISSING,6,E01002161,0,1
2024471400534,2024,471400534,3,21,0,-1,19,6,2,-1,0,1,0,0,0,0,1,1,-1,1,1,46,8,10837,2,3,VOLVO MODEL MISSING,9,E01031353,0,3
2024141516119,2024,141516119,5,21,0,-1,19,1,5,-1,0,0,0,0,0,0,1,1,-1,1,1,68,10,10837,2,1,VOLVO MODEL MISSING,1,E01011917,0,4
2024101460043,2024,101460043,1,11,0,-1,19,7,3,-1,0,0,0,0,0,0,1,9,-1,1,1,58,9,9360,2,10,VOLVO MODEL MISSING,1,E01008743,0,3
2024421517772,2024,421517772,3,21,0,-1,19,3,7,-1,0,0,0,0,0,0,1,1,-1,1,2,37,7,7698,2,6,VOLVO MODEL MISSING,8,E01000655,0,4
2024340WN0882,2024,340WN0882,1,21,0,-1,19,4,8,-1,0,0,5,0,7,0,4,1,-1,1,1,60,9,12777,2,5,VOLVO MODEL MISSING,9,E01027222,0,4
2024070140117,2024,070140117,2,21,1,2,2,0,0,6,6,0,0,0,0,0,2,1,2,2,1,44,7,12777,2,2,VOLVO MODEL MISSING,2,E01010128,0,4
2024430502721,2024,430502721,2,19,0,9,9,2,8,0,0,5,0,0,0,0,4,1,1,1,1,29,6,5132,2,0,VOLVO MODEL MISSING,-1,-1,0,-1
2024010511586,2024,010511586,1,11,0,4,4,3,7,2,2,0,0,0,0,0,0,1,1,1,1,56,9,5132,2,8,VOLVO MODEL MISSING,6,E01003359,0,3
2024031513657,2024,031513657,1,21,1,-1,19,5,1,-1,0,0,0,0,0,0,1,1,-1,1,1,48,8,12777,5,1,VOLVO MODEL MISSING,3,E01006217,0,4
2024991431299,2024,991431299,1,11,0,-1,4,4,8,-1,0,1,0,0,0,0,0,1,-1,1,1,40,7,5132,2,10,VOLVO MODEL MISSING,4,-1,0,2
2024101507655,2024,101507655,1,21,1,-1,19,2,6,-1,0,0,0,0,0,0,1,1,-1,1,1,62,9,12777,2,3,VOLVO MODEL MISSING,5,-1,0,5
2024010511906,2024,010511906,1,11,0,5,5,3,7,0,0,2,0,0,0,0,0,1,1,1,1,21,5,5132,2,9,VOLVO MODEL MISSING,2,E01003324,0,2
202417S208124,2024,17S208124,1,21,1,-1,19,8,4,-1,0,0,0,0,0,0,1,1,-1,1,1,37,7,7698,2,1,VOLVO MODEL MISSING,-1,-1,0,-1
2024451422858,2024,451422858,1,21,0,-1,19,7,3,-1,0,0,0,0,0,0,1,1,-1,1,1,33,6,7698,2,1,VOLVO MODEL MISSING,2,E01024398,0,4
2024061414142,2024,061414142,1,21,-1,-1,-1,-1,-1,-1,-1,0,-1,-1,-1,0,-1,9,-1,6,3,-1,-1,10837,2,5,VOLVO MODEL MISSING,-1,-1,0,-1
2024421492261,2024,421492261,1,21,0,-1,5,3,7,-1,0,0,0,0,0,0,4,1,-1,6,1,-1,-1,12777,2,1,VOLVO MODEL MISSING,-1,-1,0,-1
2024010543778,2024,010543778,1,11,0,3,3,1,5,0,0,0,0,0,0,0,1,1,1,1,1,54,8,9360,2,12,VOLVO MODEL MISSING,3,E01000640,0,2
2024411454386,2024,411454386,1,21,1,-1,11,6,2,-1,0,0,0,0,0,0,4,1,-1,6,1,24,5,12777,2,5,VOLVO MODEL MISSING,9,W01000444,0,5
2024991426828,2024,991426828,1,11,0,-1,9,6,2,-1,0,3,0,0,0,0,0,1,-1,1,1,35,6,7698,2,5,VOLVO MODEL MISSING,10,-1,0,2
2024010518801,2024,010518801,1,11,0,5,5,1,5,2,2,8,0,0,0,0,0,1,1,1,1,41,7,5132,2,7,VOLVO MODEL MISSING,4,E01000257,0,2
2024071027892,2024,071027892,4,21,0,-1,4,7,3,-1,0,0,0,0,0,0,1,1,-1,1,1,61,9,10837,2,5,VOLVO MODEL MISSING,9,W01000294,0,3
2024010498823,2024,010498823,1,11,0,9,9,5,3,0,0,1,0,0,7,0,1,1,1,1,1,49,8,5132,2,8,VOLVO MODEL MISSING,2,E01003558,0,2
2024131576084,2024,131576084,1,11,0,-1,4,7,3,-1,0,1,1,11,1,2,3,1,-1,1,1,34,6,7300,2,12,VOLVO MODEL MISSING,1,E01010967,0,1
2024311453855,2024,311453855,1,11,0,-1,19,1,2,-1,2,0,0,0,0,0,0,1,-1,1,2,40,7,-1,2,16,VOLVO MODEL MISSING,1,E01013820,0,2
2024010532511,2024,010532511,1,21,0,3,3,5,1,9,9,0,0,0,0,0,0,1,6,6,1,29,6,7698,2,5,VOLVO MODEL MISSING,4,E01001323,0,1
2024010492193,2024,010492193,2,11,0,2,2,0,0,0,0,1,0,0,0,0,0,1,6,6,3,-1,-1,9360,2,14,VOLVO MODEL MISSING,-1,-1,0,-1
2024991478452,2024,991478452,2,11,0,-1,19,2,6,-1,0,1,0,0,0,0,1,1,-1,1,1,45,7,5132,2,3,VOLVO MODEL MISSING,10,-1,0,2
2024161444187,2024,161444187,1,21,0,-1,19,8,4,-1,0,8,0,0,0,0,1,1,-1,1,2,32,6,12777,2,2,VOLVO MODEL MISSING,5,E01026390,0,4
2024010507609,2024,010507609,1,11,0,5,5,0,1,0,0,1,0,0,0,0,0,1,1,1,1,57,9,9360,2,13,VOLVO MODEL MISSING,3,E01000291,0,2
2024440290302,2024,440290302,2,21,0,18,19,6,2,0,0,1,0,0,1,0,3,1,1,1,1,29,6,12777,2,2,VOLVO MODEL MISSING,6,E01030759,0,4
2024010488470,2024,010488470,1,11,0,5,5,1,5,0,0,8,0,0,0,0,1,1,1,1,2,-1,-1,5132,2,7,VOLVO MODEL MISSING,-1,-1,0,-1
2024332401254,2024,332401254,2,11,0,-1,3,8,4,-1,0,0,0,0,0,0,2,1,-1,1,1,58,9,9360,2,16,VOLVO MODEL MISSING,10,E01028389,0,2
2024052402380,2024,052402380,1,21,1,16,19,1,3,0,0,7,0,0,0,0,1,1,1,1,1,36,7,12777,2,1,VOLVO MODEL MISSING,3,-1,0,4
2024311425536,2024,311425536,1,11,0,-1,4,3,7,-1,0,0,0,0,0,0,0,1,-1,1,1,33,6,7300,2,16,VOLVO MODEL MISSING,-1,-1,0,-1
2024522401105,2024,522401105,1,11,0,18,19,7,3,0,0,8,0,0,0,0,4,1,6,6,1,54,8,9360,2,15,VOLVO MODEL MISSING,3,E01014646,0,1
2024010505481,2024,010505481,1,21,0,4,4,1,5,0,0,8,0,0,0,0,0,1,1,1,1,40,7,12777,2,5,VOLVO MODEL MISSING,3,E01002028,0,2
2024631458071,2024,631458071,2,11,0,-1,4,8,4,-1,0,0,1,0,0,0,2,1,-1,7,1,68,10,12000,2,19,VOLVO MODEL MISSING,8,W01000481,0,1
2024010506027,2024,010506027,1,11,0,4,4,2,6,0,0,0,0,0,0,0,1,1,1,1,1,71,10,9360,2,10,VOLVO MODEL MISSING,9,E01003882,0,3
2024010549599,2024,010549599,1,11,0,5,5,1,5,2,2,0,0,0,0,0,1,1,6,6,3,-1,-1,5132,2,8,VOLVO MODEL MISSING,-1,-1,0,-1
2024010549583,2024,010549583,1,11,0,18,19,7,3,0,0,0,0,0,0,0,0,1,1,1,2,54,8,5132,2,9,VOLVO MODEL MISSING,4,E01003091,0,2
2024991528656,2024,991528656,2,11,0,-1,3,2,6,-1,0,0,0,0,0,0,0,1,-1,1,2,47,8,5132,2,3,VOLVO MODEL MISSING,-1,-1,0,-1
2024122400925,2024,122400925,3,11,0,2,2,0,0,0,0,0,0,0,0,0,3,1,6,6,3,-1,-1,9600,2,24,VOLVO MODEL MISSING,-1,-1,0,-1
2024161395183,2024,161395183,2,20,1,-1,11,3,1,-1,0,8,0,0,0,0,4,9,-1,1,1,47,8,12777,2,9,VOLVO MODEL MISSING,7,E01026392,0,4
2024351510976,2024,351510976,1,11,0,-1,10,5,2,-1,0,8,0,0,0,0,3,1,-1,1,1,59,9,9600,2,27,VOLVO MODEL MISSING,2,E01017977,0,1
2024520403339,2024,520403339,2,21,0,3,3,4,8,0,0,0,0,0,0,0,4,1,1,1,1,53,8,7698,2,0,VOLVO MODEL MISSING,1,E01029100,0,4
2024161437997,2024,161437997,2,20,0,-1,19,8,4,-1,0,1,1,0,0,0,1,1,-1,1,1,60,9,10837,2,4,VOLVO MODEL MISSING,7,E01012815,0,4
2024211490545,2024,211490545,1,21,1,-1,4,1,5,-1,0,0,0,0,0,0,1,1,-1,1,1,40,7,12777,2,9,VOLVO MODEL MISSING,-1,-1,0,-1
2024161405369,2024,161405369,1,21,1,-1,19,1,5,-1,0,1,0,0,0,0,1,1,-1,1,1,60,9,12777,2,2,VOLVO MODEL MISSING,7,E01013150,0,4
2024122400782,2024,122400782,2,11,0,18,19,4,8,2,2,1,0,0,0,0,3,1,1,1,1,36,7,9360,2,9,VOLVO MODEL MISSING,2,E01027812,0,1
2024201485678,2024,201485678,1,21,0,-1,7,3,1,-1,0,1,0,0,0,0,4,1,-1,1,1,28,6,12777,2,8,VOLVO MODEL MISSING,1,E01009097,0,3
2024501477226,2024,501477226,2,21,1,-1,19,1,5,-1,0,0,0,0,0,0,1,1,-1,1,1,69,10,12777,2,3,VOLVO MODEL MISSING,6,E01018763,0,3
2024361404415,2024,361404415,3,21,1,-1,19,4,8,-1,0,2,0,0,0,0,3,1,-1,1,1,60,9,12777,2,9,VOLVO MODEL MISSING,4,E01030295,0,4
2024471497798,2024,471497798,2,90,0,-1,2,0,0,-1,-1,0,0,0,0,0,3,1,-1,6,-1,-1,-1,-1,-1,-1,VOLVO MODEL MISSING,-1,-1,0,-1
2024351476508,2024,351476508,1,11,0,-1,19,7,3,-1,0,0,0,0,0,0,3,1,-1,1,1,50,8,7300,2,22,VOLVO MODEL MISSING,3,E01030108,0,1
2024351486725,2024,351486725,1,21,4,-1,19,7,3,-1,0,0,1,0,0,0,1,1,-1,1,1,63,9,12777,2,3,VOLVO MODEL MISSING,5,E01030165,0,4
2024010547101,2024,010547101,2,21,1,99,99,9,9,99,99,9,9,99,9,99,1,9,6,6,3,-1,-1,12777,2,0,VOLVO MODEL MISSING,3,E01002527,0,1
2024010540827,2024,010540827,1,11,0,13,13,1,5,0,0,2,0,0,0,0,1,1,1,1,1,60,9,5132,2,7,VOLVO MODEL MISSING,3,E01001436,0,2
2024131438512,2024,131438512,1,11,0,-1,19,5,1,-1,2,0,5,0,0,0,4,1,-1,1,1,53,8,7300,2,15,VOLVO MODEL MISSING,3,E01010662,0,1
2024351443938,2024,351443938,1,21,0,-1,19,5,1,-1,0,0,0,0,0,0,1,1,-1,1,1,29,6,12777,2,2,VOLVO MODEL MISSING,5,E01027145,0,4