collision_index,collision_year,collision_ref_no,vehicle_reference,vehicle_type,towing_and_articulation,vehicle_manoeuvre_historic,vehicle_manoeuvre,vehicle_direction_from,vehicle_direction_to,vehicle_location_restricted_lane_historic,vehicle_location_restricted_lane,junction_location,skidding_and_overturning,hit_object_in_carriageway,vehicle_leaving_carriageway,hit_object_off_carriageway,first_point_of_impact,vehicle_left_hand_drive,journey_purpose_of_driver_historic,journey_purpose_of_driver,sex_of_driver,age_of_driver,age_band_of_driver,engine_capacity_cc,propulsion_code,age_of_vehicle,generic_make_model,driver_imd_decile,lsoa_of_driver,escooter_flag,driver_distance_banding
2024010510037,2024,010510037,2,11,0,4,4,5,1,0,0,1,0,0,0,0,1,1,6,6,3,-1,-1,5132,2,7,VOLVO MODEL MISSING,-1,-1,0,-1
2024371453872,2024,371453872,2,21,0,-1,19,5,1,-1,0,0,0,0,0,0,3,1,-1,1,1,61,9,12777,2,16,VOLVO MODEL MISSING,7,E01030083,0,1
2024430071312,2024,430071312,1,21,0,11,11,2,6,0,0,0,0,0,0,0,1,1,1,1,1,74,10,12777,2,5,VOLVO MODEL MISSING,-1,-1,0,-1
2024401509474,2024,401509474,3,21,0,-1,19,3,7,-1,0,0,0,0,0,0,1,1,-1,1,1,63,9,10837,2,5,VOLVO MODEL MISSING,8,E01034242,0,5
2024411508149,2024,411508149,2,11,0,-1,19,3,7,-1,0,1,0,0,0,0,3,1,-1,1,1,36,7,7300,2,13,VOLVO MODEL MISSING,3,E01023357,0,4
2024010531359,2024,010531359,1,11,0,9,9,5,3,0,0,3,0,0,0,0,0,1,1,1,1,44,7,5132,2,6,VOLVO MODEL MISSING,6,E01001159,0,1
2024451427866,2024,451427866,2,21,0,-1,19,4,8,-1,0,0,0,0,0,0,1,1,-1,1,1,54,8,12777,2,2,VOLVO MODEL MISSING,3,E01014830,0,5
2024520402966,2024,520402966,1,21,0,18,19,5,1,0,0,4,0,0,0,0,1,1,6,6,1,53,8,12777,2,10,VOLVO MODEL MISSING,8,E01020169,0,5
2024340WN6312,2024,340WN6312,1,21,0,-1,19,1,5,-1,0,0,0,0,0,0,1,1,-1,1,1,65,9,12777,2,7,VOLVO MODEL MISSING,5,E01021297,0,5
2024161488832,2024,161488832,1,21,0,-1,19,6,8,-1,0,0,0,0,0,0,1,1,-1,1,1,41,7,12777,2,10,VOLVO MODEL MISSING,1,E01012876,0,4
2024311489634,2024,311489634,2,21,1,-1,19,5,1,-1,0,1,0,0,0,0,1,1,-1,1,1,64,9,7698,2,5,VOLVO MODEL MISSING,5,E01027948,0,4
2024052401304,2024,052401304,1,21,1,18,19,2,6,0,0,1,0,0,0,0,1,1,1,1,3,-1,-1,12777,2,2,VOLVO MODEL MISSING,-1,-1,0,-1
2024471513153,2024,471513153,4,21,0,-1,19,5,1,-1,0,0,0,0,0,0,4,1,-1,1,1,65,9,12777,2,6,VOLVO MODEL MISSING,6,E01031406,0,3
2024552400502,2024,552400502,1,11,0,18,19,6,2,0,0,0,0,0,0,0,3,1,1,1,1,60,9,7300,2,12,VOLVO MODEL MISSING,5,E01020472,0,1
2024991399670,2024,991399670,1,11,0,-1,19,7,3,-1,0,0,0,0,0,0,1,1,-1,1,1,46,8,5132,2,10,VOLVO MODEL MISSING,6,-1,0,4
2024520402242,2024,520402242,2,21,0,18,19,1,5,0,0,0,0,0,0,0,1,1,6,6,1,62,9,12777,2,4,VOLVO MODEL MISSING,5,E01029067,0,3
2024061432308,2024,061432308,1,21,1,-1,7,3,1,-1,0,6,0,0,0,0,4,1,-1,1,1,47,8,12777,2,7,VOLVO MODEL MISSING,7,E01019726,0,4
2024440434921,2024,440434921,2,21,0,18,19,7,3,0,0,1,0,0,0,0,0,1,1,1,1,23,5,10837,2,7,VOLVO MODEL MISSING,6,E01023081,0,4
2024010511306,2024,010511306,1,11,0,4,4,1,5,2,2,1,0,0,0,0,0,1,1,1,1,69,10,5132,2,8,VOLVO MODEL MISSING,4,E01003043,0,1
2024010522522,2024,010522522,1,11,0,18,19,5,1,0,0,0,0,0,0,0,1,1,1,1,1,23,5,9360,2,13,VOLVO MODEL MISSING,-1,-1,0,-1
2024991497894,2024,991497894,1,11,0,-1,19,3,6,-1,0,0,0,0,0,0,0,1,-1,1,1,22,5,7698,2,3,VOLVO MODEL MISSING,-1,-1,0,-1
2024010506328,2024,010506328,1,21,0,7,7,2,3,0,0,1,0,0,0,0,3,1,1,1,1,35,6,7698,2,9,VOLVO MODEL MISSING,5,E01023755,0,4
2024131428368,2024,131428368,1,11,0,-1,4,5,3,-1,0,1,0,0,0,0,4,1,-1,1,1,52,8,9360,2,15,VOLVO MODEL MISSING,4,E01011613,0,3
2024010549589,2024,010549589,1,11,0,18,19,5,1,2,2,1,0,0,0,0,1,1,1,1,1,23,5,9360,2,14,VOLVO MODEL MISSING,2,E01001428,0,1
2024041449499,2024,041449499,3,90,0,-1,2,1,5,-1,0,0,0,0,0,0,0,1,-1,6,-1,-1,-1,-1,-1,-1,VOLVO MODEL MISSING,-1,-1,0,-1
2024440164043,2024,440164043,2,19,0,18,19,5,1,0,0,1,0,0,0,0,1,1,6,6,1,33,6,12777,2,10,VOLVO MODEL MISSING,-1,-1,0,-1
2024991454609,2024,991454609,2,11,0,-1,19,8,4,-1,0,0,0,8,0,0,1,1,-1,1,1,64,9,7698,2,5,VOLVO MODEL MISSING,4,-1,0,4
2024010497034,2024,010497034,1,90,0,18,19,1,5,0,0,1,0,0,0,0,3,1,1,1,1,52,8,12777,2,2,VOLVO MODEL MISSING,6,E01023518,0,4
2024010533803,2024,010533803,1,11,0,4,4,3,7,0,0,1,0,0,0,0,0,1,1,1,1,60,9,5132,2,7,VOLVO MODEL MISSING,3,E01035678,0,1
2024361504681,2024,361504681,2,21,1,-1,19,5,1,-1,0,0,0,0,0,0,1,1,-1,1,1,34,6,12777,2,1,VOLVO MODEL MISSING,5,E01026728,0,2
2024010549239,2024,010549239,2,11,9,99,99,9,9,99,99,9,9,99,9,99,9,1,6,6,3,-1,-1,4760,2,11,VOLVO MODEL MISSING,-1,-1,0,-1
2024010517943,2024,010517943,1,11,0,18,19,1,5,0,0,0,0,0,0,0,0,1,1,1,1,33,6,5132,2,9,VOLVO MODEL MISSING,2,E01034476,0,1
2024541837524,2024,541837524,2,21,0,18,19,8,4,0,0,0,0,0,0,0,1,1,1,1,1,37,7,12777,2,5,VOLVO MODEL MISSING,2,E01015528,0,2
2024101516498,2024,101516498,1,11,0,-1,19,2,4,-1,0,0,0,0,0,0,1,1,-1,1,2,24,5,7300,2,18,VOLVO MODEL MISSING,-1,-1,0,-1
2024991413721,2024,991413721,1,11,0,-1,19,1,5,-1,0,0,0,0,0,0,0,1,-1,1,1,25,5,5132,2,8,VOLVO MODEL MISSING,1,-1,0,2
2024010535062,2024,010535062,1,11,0,18,19,5,1,0,0,1,0,0,0,0,1,1,1,1,1,38,7,5132,2,10,VOLVO MODEL MISSING,4,E01033941,0,2
2024991496913,2024,991496913,1,11,0,-1,4,2,6,-1,0,1,0,0,0,0,0,1,-1,1,1,39,7,5132,2,3,VOLVO MODEL MISSING,-1,-1,0,-1
2024061400196,2024,061400196,2,21,0,-1,19,5,1,-1,0,0,0,0,0,0,3,1,-1,1,1,63,9,10837,2,3,VOLVO MODEL MISSING,8,E01006315,0,4
2024141440154,2024,141440154,2,21,0,-1,19,3,7,-1,0,4,0,0,0,0,1,1,-1,1,1,59,9,12777,2,7,VOLVO MODEL MISSING,4,E01013076,0,4
2024211453193,2024,211453193,1,11,0,-1,2,2,6,-1,0,0,0,0,0,0,0,1,-1,1,2,61,9,7300,2,16,VOLVO MODEL MISSING,5,E01019434,0,4
2024010524105,2024,010524105,1,11,0,18,19,3,7,0,0,2,0,0,0,0,0,1,1,1,1,57,9,9360,2,13,VOLVO MODEL MISSING,9,E01000410,0,1
2024440043912,2024,440043912,1,21,1,11,11,6,2,0,0,0,0,0,0,0,4,1,1,1,1,64,9,12777,2,5,VOLVO MODEL MISSING,5,E01018959,0,5
2024991508758,2024,991508758,4,11,0,-1,5,1,6,-1,0,6,0,0,0,0,3,1,-1,1,1,56,9,7300,2,12,VOLVO MODEL MISSING,5,-1,0,4
2024010497931,2024,010497931,1,11,0,18,19,8,4,0,0,1,0,0,0,0,0,1,1,1,1,37,7,5132,2,7,VOLVO MODEL MISSING,4,E01000473,0,1
2024101456140,2024,101456140,2,11,0,-1,4,3,7,-1,0,1,0,0,0,0,1,1,-1,1,1,35,6,9360,2,11,VOLVO MODEL MISSING,2,E01008185,0,2
2024991514157,2024,991514157,2,11,0,-1,19,7,2,-1,0,1,0,0,0,0,4,1,-1,1,1,34,6,4760,2,10,VOLVO MODEL MISSING,6,-1,0,4
2024231434756,2024,231434756,2,21,1,-1,-1,8,4,-1,-1,0,0,0,0,0,4,9,-1,-1,1,61,9,12777,2,1,VOLVO MODEL MISSING,8,E01005000,0,5
2024340WN1942,2024,340WN1942,1,21,0,-1,19,7,3,-1,0,0,1,0,0,0,1,1,-1,1,1,57,9,12777,2,9,VOLVO MODEL MISSING,9,E01029882,0,5
2024302400991,2024,302400991,1,11,0,5,5,7,3,0,0,0,0,0,0,0,0,1,1,1,1,-1,-1,7300,2,16,VOLVO MODEL MISSING,-1,-1,0,-1
2024471443185,2024,471443185,1,21,0,-1,9,7,5,-1,0,6,0,0,0,0,1,1,-1,6,1,43,7,12777,2,6,VOLVO MODEL MISSING,6,E01035333,0,2
2024010519412,2024,010519412,1,11,1,4,4,4,8,0,0,0,0,0,0,0,4,1,1,1,1,50,8,9360,2,12,VOLVO MODEL MISSING,9,E01000451,0,2
2024041507166,2024,041507166,1,90,0,-1,19,1,5,-1,0,0,5,0,5,6,3,1,-1,1,1,64,9,-1,-1,-1,VOLVO MODEL MISSING,2,E01011538,0,4
2024302400822,2024,302400822,1,19,0,7,7,1,3,0,0,6,0,0,0,0,1,1,1,1,3,-1,-1,-1,-1,-1,VOLVO MODEL MISSING,5,E01019456,0,4
2024221415751,2024,221415751,2,21,1,-1,2,0,0,-1,0,0,0,12,0,0,2,1,-1,1,1,32,6,10837,2,8,VOLVO MODEL MISSING,2,E01034008,0,5
2024010537845,2024,010537845,2,11,0,9,9,4,1,0,0,1,0,0,0,0,1,1,1,1,2,51,8,5132,2,7,VOLVO MODEL MISSING,2,E01032744,0,1
2024131582083,2024,131582083,2,21,0,-1,19,5,1,-1,0,8,0,0,0,0,3,1,-1,1,1,58,9,-1,-1,-1,VOLVO MODEL MISSING,8,E01032503,0,2
2024161481233,2024,161481233,1,11,0,-1,19,7,3,-1,0,0,0,0,0,0,0,9,-1,1,1,52,8,5132,2,7,VOLVO MODEL MISSING,7,E01012950,0,3
2024361515053,2024,361515053,3,21,0,-1,4,1,3,-1,0,0,0,0,0,0,0,1,-1,2,1,32,6,10837,2,1,VOLVO MODEL MISSING,5,E01026445,0,4
2024421426654,2024,421426654,1,11,0,-1,19,7,3,-1,0,1,0,0,0,0,1,1,-1,1,1,46,8,9360,2,12,VOLVO MODEL MISSING,1,E01015841,0,2
2024991534042,2024,991534042,1,11,0,-1,5,3,7,-1,0,8,0,0,0,0,1,1,-1,1,1,47,8,5132,2,3,VOLVO MODEL MISSING,-1,-1,0,-1
2024520402499,2024,520402499,1,20,1,18,19,5,1,0,0,8,4,0,0,0,3,1,6,6,1,42,7,-1,-1,-1,VOLVO MODEL MISSING,4,E01014946,0,4
2024991499770,2024,991499770,2,21,1,-1,2,3,6,-1,0,0,0,0,0,0,2,1,-1,1,1,43,7,12777,2,5,VOLVO MODEL MISSING,6,-1,0,4
2024461401325,2024,461401325,1,20,0,-1,7,2,5,-1,0,0,0,0,0,0,3,9,-1,6,1,50,8,10837,2,9,VOLVO MODEL MISSING,3,E01035668,0,4
2024010530032,2024,010530032,2,90,0,18,19,1,5,0,0,1,0,0,0,0,2,1,1,1,1,36,7,-1,-1,-1,VOLVO MODEL MISSING,5,E01000615,0,3
2024302401343,2024,302401343,2,9,0,18,19,6,2,0,0,2,0,0,0,0,1,1,6,6,1,43,7,1984,2,11,VOLVO MODEL MISSING,2,E01019817,0,1
2024071027892,2024,071027892,3,21,0,-1,4,7,3,-1,0,0,0,0,0,0,1,1,-1,1,1,32,6,10837,2,5,VOLVO MODEL MISSING,4,E01018549,0,2
2024061463970,2024,061463970,3,21,0,-1,19,8,3,-1,0,1,0,0,0,0,3,1,-1,1,1,52,8,7698,2,2,VOLVO MODEL MISSING,1,E01005106,0,1
2024302400724,2024,302400724,2,21,1,18,19,6,2,0,0,0,0,0,0,0,1,1,1,1,1,42,7,12777,2,4,VOLVO MODEL MISSING,9,E01026396,0,4
2024061419396,2024,061419396,1,21,1,-1,9,3,1,-1,0,1,0,0,0,0,1,1,-1,1,1,31,6,12777,2,8,VOLVO MODEL MISSING,-1,-1,0,-1
2024010531444,2024,010531444,1,11,0,5,5,1,5,2,2,1,0,0,0,0,0,1,1,1,1,30,6,5132,2,8,VOLVO MODEL MISSING,4,E01001322,0,2
2024302401156,2024,302401156,1,21,0,16,19,8,4,0,0,0,5,0,1,0,1,1,1,1,1,48,8,12777,2,8,VOLVO MODEL MISSING,8,E01013540,0,3
2024010522608,2024,010522608,1,21,1,9,9,7,4,0,0,1,0,0,0,0,1,1,1,1,1,53,8,12777,2,7,VOLVO MODEL MISSING,3,E01016505,0,4
2024070887170,2024,070887170,1,21,2,-1,19,1,1,-1,0,0,0,0,0,0,2,1,-1,1,1,33,6,12777,2,0,VOLVO MODEL MISSING,7,E01006046,0,4
2024361474295,2024,361474295,2,11,0,-1,19,8,3,-1,0,2,0,0,0,0,4,1,-1,1,1,52,8,9360,2,16,VOLVO MODEL MISSING,1,E01026598,0,1
2024211519156,2024,211519156,1,21,1,-1,12,3,7,-1,0,0,0,0,0,0,3,9,-1,1,1,51,8,12777,2,9,VOLVO MODEL MISSING,-1,-1,0,-1
2024991471431,2024,991471431,1,11,0,-1,19,7,3,-1,0,0,0,0,0,0,0,1,-1,1,1,41,7,7698,2,7,VOLVO MODEL MISSING,9,-1,0,3
2024311458722,2024,311458722,1,11,0,-1,19,2,6,-1,0,1,0,0,0,0,0,9,-1,1,3,-1,-1,7300,2,16,VOLVO MODEL MISSING,-1,-1,0,-1
2024161474348,2024,161474348,1,11,0,-1,19,1,5,-1,0,1,0,0,0,0,0,9,-1,1,1,62,9,7300,2,15,VOLVO MODEL MISSING,8,E01013154,0,1
2024991499697,2024,991499697,1,90,1,-1,19,5,1,-1,0,0,0,0,0,0,1,1,-1,1,1,28,6,-1,-1,-1,VOLVO MODEL MISSING,2,-1,0,4
2024461463339,2024,461463339,2,21,0,-1,19,5,1,-1,0,0,0,0,0,0,1,1,-1,1,1,32,6,12777,2,6,VOLVO MODEL MISSING,6,E01024301,0,2
2024041513375,2024,041513375,1,21,1,-1,19,5,1,-1,0,0,5,0,6,0,1,1,-1,1,1,56,9,12777,2,7,VOLVO MODEL MISSING,2,-1,0,5
2024320497536,2024,320497536,2,21,1,-1,-1,8,4,0,0,0,0,0,0,0,1,1,1,1,1,60,9,12777,2,0,VOLVO MODEL MISSING,7,E01020796,0,5
2024010491792,2024,010491792,1,11,0,18,19,5,1,0,0,8,0,0,7,10,1,1,1,1,1,61,9,5132,2,10,VOLVO MODEL MISSING,1,E01000524,0,2
202454B125124,2024,54B125124,3,21,0,4,4,3,7,0,0,0,0,0,0,0,1,1,1,1,1,30,6,10837,2,7,VOLVO MODEL MISSING,-1,-1,0,-1
2024010518436,2024,010518436,1,21,0,18,19,5,1,0,0,0,0,0,0,0,0,1,6,6,1,45,7,12777,2,2,VOLVO MODEL MISSING,3,E01028025,0,5
2024010551744,2024,010551744,2,21,0,99,99,9,9,99,99,9,9,99,9,99,4,9,6,6,1,29,6,-1,-1,-1,VOLVO MODEL MISSING,4,E01024279,0,4
2024070403528,2024,070403528,2,21,0,-1,-1,8,4,0,0,0,0,0,0,0,3,1,1,1,1,35,6,12777,2,7,VOLVO MODEL MISSING,7,E01018357,0,1
2024451487214,2024,451487214,4,90,0,-1,19,3,7,-1,0,0,0,0,0,0,1,2,-1,1,1,64,9,10837,2,11,VOLVO MODEL MISSING,5,E01030001,0,5
2024991433674,2024,991433674,1,11,0,-1,4,8,4,-1,0,2,0,0,0,0,0,1,-1,1,1,58,9,5132,2,3,VOLVO MODEL MISSING,2,-1,0,4
2024010510343,2024,010510343,1,11,0,18,19,7,3,0,0,2,0,0,0,0,0,1,1,1,1,51,8,5132,2,6,VOLVO MODEL MISSING,4,E01000490,0,1
2024411507839,2024,411507839,4,21,1,-1,5,5,1,-1,0,0,0,0,0,0,2,1,-1,6,1,29,6,12777,2,4,VOLVO MODEL MISSING,5,E01026201,0,5
2024101492953,2024,101492953,2,11,-1,-1,2,7,1,-1,2,0,0,0,0,0,2,9,-1,1,2,64,9,9360,2,14,VOLVO MODEL MISSING,7,E01008465,0,1
2024061514823,2024,061514823,1,21,1,-1,9,5,3,-1,0,0,0,4,0,0,3,1,-1,1,1,44,7,12130,2,19,VOLVO MODEL MISSING,4,E01006026,0,3
2024010506586,2024,010506586,1,11,0,17,19,3,7,0,0,0,0,0,0,0,1,1,1,1,1,47,8,5132,2,8,VOLVO MODEL MISSING,4,E01023346,0,4
2024451454560,2024,451454560,2,11,0,-1,19,5,1,-1,0,0,0,0,0,0,2,1,-1,1,1,39,7,9380,2,11,VOLVO MODEL MISSING,10,E01016553,0,3
2024010538967,2024,010538967,1,11,0,18,19,3,7,0,0,1,0,0,0,0,1,1,1,1,1,45,7,5132,2,8,VOLVO MODEL MISSING,7,E01002570,0,1
2024010516365,2024,010516365,1,11,0,4,4,3,7,0,0,2,0,0,0,0,0,1,1,1,1,21,5,5132,2,7,VOLVO MODEL MISSING,2,E01002090,0,2
2024010492290,2024,010492290,2,11,0,18,19,6,2,2,2,1,0,0,0,0,0,1,6,6,1,54,8,5132,2,7,VOLVO MODEL MISSING,1,E01002736,0,1
2024010506812,2024,010506812,1,11,0,18,19,1,5,2,2,1,0,0,0,0,0,1,1,1,1,45,7,5132,2,6,VOLVO MODEL MISSING,8,E01001918,0,2
2024221484132,2024,221484132,2,21,1,-1,19,6,2,-1,0,0,0,0,1,4,1,1,-1,1,1,34,6,12777,2,2,VOLVO MODEL MISSING,8,W01001935,0,4
2024361503741,2024,361503741,2,21,1,-1,2,0,0,-1,0,0,0,0,0,0,1,1,-1,1,1,34,6,12777,2,1,VOLVO MODEL MISSING,7,E01026934,0,4
2024991399728,2024,991399728,1,11,0,-1,5,3,7,-1,0,0,0,0,0,0,0,1,-1,1,1,44,7,5132,2,8,VOLVO MODEL MISSING,10,-1,0,2
2024010534738,2024,010534738,1,21,0,99,99,9,9,99,99,0,9,99,9,99,1,9,1,1,1,55,8,12777,2,5,VOLVO MODEL MISSING,3,E01001591,0,2
2024010502039,2024,010502039,1,11,0,3,3,1,5,0,0,1,0,0,0,0,0,1,1,1,1,54,8,4760,2,11,VOLVO MODEL MISSING,7,E01000309,0,2
2024010508738,2024,010508738,1,11,0,4,4,6,2,0,0,2,0,0,1,0,3,1,1,1,1,60,9,5132,2,7,VOLVO MODEL MISSING,2,E01001395,0,2
2024010510115,2024,010510115,2,21,1,18,19,5,1,0,0,0,0,0,0,0,4,1,1,1,1,56,9,12777,2,5,VOLVO MODEL MISSING,6,E01029983,0,4
2024010524986,2024,010524986,1,11,0,15,15,5,1,0,0,8,0,0,0,0,4,1,1,1,1,56,9,5132,2,10,VOLVO MODEL MISSING,7,E01000197,0,2
2024010525812,2024,010525812,2,11,0,9,9,7,4,0,0,1,0,0,0,0,2,1,6,6,3,-1,-1,10837,2,4,VOLVO MODEL MISSING,-1,-1,0,-1
2024010516923,2024,010516923,2,11,0,3,3,1,5,2,2,3,0,0,0,0,0,1,1,1,1,45,7,5132,2,6,VOLVO MODEL MISSING,3,E01000506,0,2
2024010505125,2024,010505125,1,11,0,18,19,1,5,0,0,8,0,0,0,0,1,1,1,1,1,46,8,4760,2,12,VOLVO MODEL MISSING,2,E01016018,0,4
2024401456579,2024,401456579,1,11,0,-1,5,3,7,-1,0,6,0,0,0,0,1,1,-1,1,1,62,9,7698,2,3,VOLVO MODEL MISSING,9,E01023432,0,2
2024991395318,2024,991395318,1,11,0,-1,5,2,6,-1,0,1,0,0,0,0,4,1,-1,1,1,30,6,5132,2,3,VOLVO MODEL MISSING,7,-1,0,4
2024320348468,2024,320348468,1,11,0,-1,-1,6,8,0,0,0,0,0,0,0,0,1,6,6,3,-1,-1,7300,2,19,VOLVO MODEL MISSING,-1,-1,0,-1
2024991527601,2024,991527601,3,90,0,-1,19,3,7,-1,0,1,0,0,0,0,0,1,-1,6,1,53,8,-1,-1,-1,VOLVO MODEL MISSING,10,-1,0,4
2024201480539,2024,201480539,2,90,0,-1,5,4,8,-1,0,0,0,0,0,0,3,1,-1,1,1,59,9,-1,-1,-1,VOLVO MODEL MISSING,-1,-1,0,-1
2024061511407,2024,061511407,2,11,0,-1,2,7,3,-1,0,0,0,0,0,0,0,1,-1,1,-1,35,6,9360,2,13,VOLVO MODEL MISSING,4,E01005397,0,2
2024461440396,2024,461440396,2,21,0,-1,9,5,8,-1,0,0,0,0,0,0,2,1,-1,1,1,29,6,12777,2,7,VOLVO MODEL MISSING,9,E01021227,0,4
2024010514089,2024,010514089,1,11,0,5,5,0,5,0,0,0,0,0,0,0,0,1,1,1,1,76,11,9360,2,14,VOLVO MODEL MISSING,5,E01002626,0,2
2024461402309,2024,461402309,1,21,0,-1,11,4,8,-1,0,0,0,0,0,0,1,1,-1,1,1,45,7,12777,2,4,VOLVO MODEL MISSING,6,E01015672,0,5
2024010504210,2024,010504210,1,11,0,3,3,5,1,0,0,0,0,0,0,0,0,1,1,1,1,25,5,4760,2,11,VOLVO MODEL MISSING,4,E01002098,0,1
2024991508821,2024,991508821,1,11,0,-1,19,1,4,-1,0,2,0,0,0,0,0,1,-1,1,1,40,7,5132,2,7,VOLVO MODEL MISSING,3,-1,0,4
2024421479411,2024,421479411,2,21,1,-1,19,3,7,-1,0,0,0,0,0,0,1,1,-1,1,1,65,9,12777,2,0,VOLVO MODEL MISSING,4,E01021840,0,4
2024070614883,2024,070614883,3,11,0,18,19,0,0,0,0,0,0,0,0,0,3,1,1,1,1,31,6,9360,2,17,VOLVO MODEL MISSING,3,E01018378,0,1
2024451460662,2024,451460662,1,21,0,-1,11,1,5,-1,0,0,0,0,0,0,4,1,-1,1,1,23,5,10837,2,7,VOLVO MODEL MISSING,6,E01016478,0,4
2024010531224,2024,010531224,1,11,0,18,19,3,7,0,0,1,0,0,0,0,0,1,1,1,1,41,7,5132,2,7,VOLVO MODEL MISSING,6,E01000584,0,2
2024471457048,2024,471457048,1,21,0,-1,19,8,5,-1,0,0,2,0,1,4,1,1,-1,1,1,63,9,12777,2,5,VOLVO MODEL MISSING,5,E01020932,0,4
2024211461959,2024,211461959,1,21,1,-1,19,3,7,-1,0,0,0,0,0,0,1,1,-1,1,1,50,8,12777,2,11,VOLVO MODEL MISSING,-1,-1,0,-1
2024010506841,2024,010506841,1,20,0,18,19,7,3,0,0,0,0,0,0,0,0,1,1,1,1,57,9,12777,2,3,VOLVO MODEL MISSING,9,E01016281,0,4
2024522402742,2024,522402742,3,21,0,3,3,1,5,0,0,0,0,0,0,0,2,1,6,6,1,57,9,12777,2,6,VOLVO MODEL MISSING,2,E01019053,0,5
2024131557261,2024,131557261,3,11,0,-1,19,2,6,-1,0,8,0,0,0,0,0,1,-1,1,2,59,9,7300,2,22,VOLVO MODEL MISSING,2,E01011355,0,1
2024552400429,2024,552400429,1,21,1,6,6,3,3,0,0,8,0,0,0,0,2,1,1,1,1,60,9,12777,2,3,VOLVO MODEL MISSING,5,E01018128,0,5
2024461446505,2024,461446505,2,11,0,-1,19,5,1,-1,0,0,0,0,0,0,4,1,-1,1,1,61,9,7300,2,19,VOLVO MODEL MISSING,2,E01024306,0,2
2024211403991,2024,211403991,2,21,1,-1,19,6,2,-1,0,0,1,0,0,0,1,1,-1,1,1,53,8,12777,2,6,VOLVO MODEL MISSING,7,E01017431,0,5
2024461530972,2024,461530972,1,21,0,-1,19,3,3,-1,0,0,1,0,0,0,1,2,-1,1,1,58,9,12130,2,19,VOLVO MODEL MISSING,1,E01024563,0,3
2024211435780,2024,211435780,1,21,1,-1,19,6,6,-1,0,8,0,0,0,0,1,1,-1,1,1,62,9,10837,2,5,VOLVO MODEL MISSING,6,E01019732,0,4
2024010505630,2024,010505630,1,11,0,18,19,7,3,0,0,0,0,0,0,0,3,1,1,1,1,56,9,5132,2,6,VOLVO MODEL MISSING,5,E01000471,0,3
2024991452670,2024,991452670,1,11,0,-1,5,7,3,-1,0,2,0,0,0,0,1,1,-1,1,1,66,10,7698,2,5,VOLVO MODEL MISSING,8,-1,0,3
2024451461431,2024,451461431,1,21,1,-1,19,7,3,-1,0,0,0,0,0,0,1,1,-1,1,1,59,9,12777,2,5,VOLVO MODEL MISSING,6,E01029214,0,5
2024340WN1092,2024,340WN1092,2,21,0,-1,4,6,2,-1,0,0,0,0,0,0,2,1,-1,1,1,58,9,12777,2,6,VOLVO MODEL MISSING,1,E01018748,0,5
2024010544282,2024,010544282,1,11,0,4,4,3,7,2,2,0,0,0,0,0,0,1,1,1,1,56,9,5132,2,7,VOLVO MODEL MISSING,2,E01000525,0,2
2024010531132,2024,010531132,1,11,0,5,5,3,7,0,0,1,0,0,0,0,0,1,1,1,1,57,9,5132,2,9,VOLVO MODEL MISSING,7,E01000340,0,2
2024131525759,2024,131525759,2,11,0,-1,19,8,4,-1,0,1,0,0,0,0,1,1,-1,1,1,55,8,7300,2,15,VOLVO MODEL MISSING,3,E01010657,0,1
2024131422109,2024,131422109,1,11,0,-1,19,1,5,-1,0,8,0,0,0,0,4,1,-1,1,1,52,8,5132,2,7,VOLVO MODEL MISSING,2,E01011485,0,2
2024010503740,2024,010503740,1,11,0,2,2,0,0,2,2,2,0,0,0,0,2,1,6,6,3,-1,-1,5132,2,7,VOLVO MODEL MISSING,-1,-1,0,-1
2024010538844,2024,010538844,1,11,0,99,99,9,9,99,99,9,9,99,9,99,9,9,6,6,3,-1,-1,5132,2,9,VOLVO MODEL MISSING,-1,-1,0,-1
2024122400461,2024,122400461,1,21,1,9,9,7,5,0,0,5,0,0,0,0,1,1,1,1,1,58,9,12777,2,6,VOLVO MODEL MISSING,6,E01013072,0,3
2024041517097,2024,041517097,1,21,0,-1,19,7,3,-1,0,0,0,0,0,0,1,1,-1,1,1,52,8,12777,2,3,VOLVO MODEL MISSING,9,E01006319,0,4
2024141405838,2024,141405838,2,21,0,-1,19,7,3,-1,0,0,0,0,0,0,1,1,-1,1,1,27,6,12777,2,3,VOLVO MODEL MISSING,2,E01007525,0,1