collision_index,collision_year,collision_ref_no,vehicle_reference,vehicle_type,towing_and_articulation,vehicle_manoeuvre_historic,vehicle_manoeuvre,vehicle_direction_from,vehicle_direction_to,vehicle_location_restricted_lane_historic,vehicle_location_restricted_lane,junction_location,skidding_and_overturning,hit_object_in_carriageway,vehicle_leaving_carriageway,hit_object_off_carriageway,first_point_of_impact,vehicle_left_hand_drive,journey_purpose_of_driver_historic,journey_purpose_of_driver,sex_of_driver,age_of_driver,age_band_of_driver,engine_capacity_cc,propulsion_code,age_of_vehicle,generic_make_model,driver_imd_decile,lsoa_of_driver,escooter_flag,driver_distance_banding
2024010528292,2024,010528292,2,11,0,4,4,1,5,0,0,1,0,0,0,0,1,1,1,1,2,39,7,5132,2,7,VOLVO MODEL MISSING,6,E01003359,0,3
2024311461988,2024,311461988,3,21,1,-1,19,4,8,-1,0,0,0,0,0,0,3,1,-1,1,1,44,7,12777,2,0,VOLVO MODEL MISSING,4,E01013320,0,4
2024010501622,2024,010501622,1,21,1,17,19,5,1,0,0,0,0,0,0,0,1,1,1,1,1,36,7,12777,2,2,VOLVO MODEL MISSING,3,E01013983,0,5
2024010536600,2024,010536600,1,21,0,7,7,5,7,0,0,2,0,0,0,0,4,1,1,1,1,53,8,12777,2,3,VOLVO MODEL MISSING,1,E01029100,0,5
2024201476209,2024,201476209,3,11,0,-1,4,7,3,-1,0,0,0,0,0,0,2,1,-1,9,1,53,8,7300,2,20,VOLVO MODEL MISSING,-1,-1,0,-1
2024461477939,2024,461477939,2,21,1,-1,19,1,5,-1,0,0,0,0,0,0,1,1,-1,1,1,64,9,10837,2,12,VOLVO MODEL MISSING,2,E01020917,0,4
2024622400708,2024,622400708,1,21,0,18,19,4,7,0,0,0,0,0,1,4,1,1,1,1,1,60,9,10837,2,8,VOLVO MODEL MISSING,3,W01001900,0,4
2024010541129,2024,010541129,1,11,1,4,4,5,1,0,0,4,0,0,0,0,0,1,1,1,2,51,8,9360,2,12,VOLVO MODEL MISSING,10,E01030509,0,2
2024320268698,2024,320268698,2,21,0,2,2,0,0,0,0,0,0,0,0,0,3,1,-1,-1,1,54,8,12777,2,5,VOLVO MODEL MISSING,3,E01011125,0,5
2024201465322,2024,201465322,2,21,1,-1,19,4,8,-1,0,0,0,0,0,0,2,1,-1,1,1,35,6,12777,2,8,VOLVO MODEL MISSING,1,E01029980,0,5
2024161484973,2024,161484973,1,11,0,-1,19,7,3,-1,0,1,0,0,0,0,0,9,-1,1,1,38,7,7300,2,15,VOLVO MODEL MISSING,1,E01012865,0,1
2024631454076,2024,631454076,1,11,0,-1,1,8,4,-1,0,0,0,0,0,0,2,1,-1,6,1,45,7,7698,2,1,VOLVO MODEL MISSING,9,W01000441,0,3
2024547214424,2024,547214424,2,21,0,18,19,3,7,0,0,0,0,0,0,0,3,1,1,1,1,52,8,7698,2,1,VOLVO MODEL MISSING,8,E01022257,0,4
2024101490019,2024,101490019,1,21,1,-1,4,1,5,-1,-1,0,0,4,0,0,1,9,-1,1,1,-1,-1,12777,2,5,VOLVO MODEL MISSING,-1,-1,0,-1
2024010545762,2024,010545762,1,11,0,4,4,1,5,0,0,1,0,0,0,0,0,1,1,1,1,41,7,5400,2,12,VOLVO MODEL MISSING,5,E01001038,0,2
2024010540670,2024,010540670,3,11,0,99,99,9,9,99,99,9,9,99,9,99,9,9,6,6,3,-1,-1,9360,2,14,VOLVO MODEL MISSING,-1,-1,0,-1
2024010515324,2024,010515324,1,11,0,4,4,7,3,0,0,0,0,0,0,0,0,1,1,1,1,48,8,4764,2,12,VOLVO MODEL MISSING,4,E01001934,0,2
2024231417722,2024,231417722,1,21,1,-1,4,5,1,-1,0,0,1,0,0,0,0,1,-1,1,1,61,9,12777,2,1,VOLVO MODEL MISSING,1,E01012944,0,5
2024131493603,2024,131493603,1,11,0,-1,5,7,3,-1,0,0,0,0,0,0,2,1,-1,1,1,-1,-1,7300,2,14,VOLVO MODEL MISSING,6,E01010927,0,1
2024010507791,2024,010507791,1,11,0,18,19,7,3,0,0,4,0,0,0,0,3,1,1,1,1,56,9,5132,2,8,VOLVO MODEL MISSING,6,E01002555,0,3
2024101401090,2024,101401090,2,11,0,-1,19,1,5,-1,0,8,0,0,0,0,1,1,-1,1,1,45,7,9360,2,15,VOLVO MODEL MISSING,4,E01008597,0,3
2024111454656,2024,111454656,1,11,0,-1,2,2,6,-1,0,0,0,0,0,0,0,1,-1,1,1,52,8,9360,2,12,VOLVO MODEL MISSING,3,E01020652,0,1
2024010511824,2024,010511824,1,11,0,99,99,9,9,99,99,9,9,99,9,99,9,9,1,1,1,45,7,9360,2,12,VOLVO MODEL MISSING,2,E01002564,0,2
2024052401772,2024,052401772,1,11,0,9,9,6,4,0,0,8,0,0,1,1,2,1,6,6,1,59,9,10383,2,5,VOLVO MODEL MISSING,2,E01007324,0,5
2024131450089,2024,131450089,1,11,0,-1,19,6,6,-1,0,0,0,0,0,0,3,1,-1,1,1,45,7,9360,2,15,VOLVO MODEL MISSING,1,E01005581,0,3
2024141411614,2024,141411614,2,21,0,-1,19,1,5,-1,0,0,0,0,0,0,2,1,-1,1,1,39,7,12777,2,2,VOLVO MODEL MISSING,1,E01011148,0,4
2024031400973,2024,031400973,2,11,0,-1,19,7,3,-1,0,0,0,0,1,0,1,1,-1,1,1,53,8,9360,2,13,VOLVO MODEL MISSING,2,E01009885,0,5
2024010505109,2024,010505109,1,11,0,16,19,5,1,0,0,3,0,0,0,0,0,1,1,1,1,53,8,9360,2,12,VOLVO MODEL MISSING,3,E01034146,0,4
2024010525519,2024,010525519,1,11,0,5,5,3,7,2,2,6,0,0,0,0,0,1,1,1,1,56,9,5132,2,8,VOLVO MODEL MISSING,3,E01034484,0,1
2024061405342,2024,061405342,1,21,0,-1,5,7,3,-1,0,1,0,0,0,0,1,1,-1,1,1,32,6,10837,2,6,VOLVO MODEL MISSING,2,E01024902,0,4
2024010527108,2024,010527108,1,11,0,3,3,7,3,2,2,2,0,0,0,0,2,1,6,6,1,56,9,5132,2,6,VOLVO MODEL MISSING,5,E01002733,0,1
2024211415277,2024,211415277,1,21,4,-1,4,7,3,-1,9,0,0,0,7,4,1,1,-1,1,1,36,7,12777,2,0,VOLVO MODEL MISSING,-1,-1,0,-1
2024010518813,2024,010518813,1,20,1,11,11,1,5,0,0,0,0,0,0,0,1,1,1,1,1,65,9,10837,2,9,VOLVO MODEL MISSING,9,E01021533,0,4
2024201434242,2024,201434242,1,11,0,-1,19,2,6,-1,0,1,0,10,0,0,1,9,-1,1,1,65,9,7300,2,21,VOLVO MODEL MISSING,2,E01010059,0,1
2024010551552,2024,010551552,1,11,0,4,4,1,5,2,2,1,0,0,0,0,0,1,1,1,2,23,5,5132,2,7,VOLVO MODEL MISSING,1,E01025396,0,5
2024501485289,2024,501485289,1,21,0,-1,11,6,3,-1,0,0,0,0,0,0,4,1,-1,1,1,58,9,7698,2,6,VOLVO MODEL MISSING,4,E01019071,0,2
2024231442153,2024,231442153,2,21,1,-1,4,4,8,-1,0,0,0,0,0,0,2,9,-1,1,1,41,7,12777,2,1,VOLVO MODEL MISSING,3,E01013873,0,4
2024010505482,2024,010505482,1,11,0,4,4,1,5,0,0,2,0,0,0,0,0,1,1,1,1,63,9,5132,2,7,VOLVO MODEL MISSING,3,E01001504,0,2
2024010551348,2024,010551348,1,11,0,5,5,0,5,2,2,0,0,0,0,0,0,1,1,1,1,54,8,5132,2,7,VOLVO MODEL MISSING,8,E01001227,0,2
2024221411579,2024,221411579,2,21,1,-1,3,7,3,-1,0,0,0,0,0,0,2,9,-1,1,1,55,8,10837,2,7,VOLVO MODEL MISSING,6,E01029556,0,4
2024141489535,2024,141489535,1,11,0,-1,19,4,8,-1,0,0,0,0,0,0,4,1,-1,1,1,28,6,9360,2,12,VOLVO MODEL MISSING,6,E01019816,0,2
2024010535739,2024,010535739,1,11,0,9,9,5,3,0,0,8,0,0,0,0,1,1,1,1,1,40,7,5132,2,6,VOLVO MODEL MISSING,1,E01002713,0,1
2024010521375,2024,010521375,1,11,0,5,5,3,7,0,0,8,0,0,0,0,0,1,1,1,1,55,8,9360,2,14,VOLVO MODEL MISSING,10,E01030509,0,3
2024471467188,2024,471467188,2,11,0,-1,4,7,3,-1,0,0,0,0,0,0,1,1,-1,1,1,47,8,9360,2,13,VOLVO MODEL MISSING,5,E01016855,0,1
2024041409742,2024,041409742,2,90,0,-1,19,7,5,-1,0,0,0,0,0,0,1,1,-1,1,1,65,9,-1,-1,-1,VOLVO MODEL MISSING,3,-1,0,4
2024302401174,2024,302401174,1,21,0,4,4,8,2,0,0,1,0,0,0,0,1,1,6,6,2,21,5,10837,2,6,VOLVO MODEL MISSING,10,E01019614,0,4
2024340WN0112,2024,340WN0112,1,21,0,-1,19,7,3,-1,0,0,0,0,2,4,1,1,-1,1,1,63,9,12777,2,2,VOLVO MODEL MISSING,9,E01027053,0,4
2024131516397,2024,131516397,1,21,0,-1,19,2,6,-1,0,8,0,0,0,0,-1,1,-1,6,3,-1,-1,10837,2,9,VOLVO MODEL MISSING,-1,-1,0,-1
2024010511361,2024,010511361,1,11,0,14,14,1,5,0,0,0,0,0,0,0,4,1,1,1,2,37,7,5132,2,7,VOLVO MODEL MISSING,2,E01001729,0,1
2024010521010,2024,010521010,1,19,0,5,5,1,5,0,0,1,0,0,0,0,1,1,1,1,1,35,6,10837,2,9,VOLVO MODEL MISSING,3,E01031347,0,4
2024010526267,2024,010526267,3,11,0,18,19,1,5,9,9,0,0,10,1,2,4,1,1,1,1,36,7,5132,2,8,VOLVO MODEL MISSING,2,E01001787,0,3
2024161501946,2024,161501946,1,11,-1,-1,19,4,8,-1,0,0,0,99,0,0,0,9,-1,1,3,22,5,5132,2,7,VOLVO MODEL MISSING,1,E01012948,0,1
2024401443106,2024,401443106,1,90,0,-1,19,5,1,-1,0,0,5,0,0,0,4,1,-1,1,1,59,9,-1,-1,-1,VOLVO MODEL MISSING,10,E01017415,0,3
2024552400858,2024,552400858,2,21,0,18,19,6,2,0,0,0,0,0,0,0,1,1,1,1,1,35,6,12777,2,18,VOLVO MODEL MISSING,9,E01033156,0,1
2024361438396,2024,361438396,1,20,1,-1,7,3,7,-1,0,0,0,0,0,0,1,1,-1,1,1,52,8,-1,-1,-1,VOLVO MODEL MISSING,5,E01026739,0,4
2024211465271,2024,211465271,3,21,4,-1,3,3,7,-1,0,0,0,0,0,0,1,2,-1,1,1,59,9,12777,2,4,VOLVO MODEL MISSING,-1,-1,0,-1
2024161430605,2024,161430605,1,21,0,-1,7,5,7,-1,0,6,0,0,0,0,4,1,-1,1,1,56,9,12777,2,4,VOLVO MODEL MISSING,3,E01007354,0,4
2024471433480,2024,471433480,1,11,0,-1,5,4,8,-1,0,1,0,0,0,0,0,1,-1,1,1,62,9,9360,2,11,VOLVO MODEL MISSING,8,E01021027,0,3
2024451525055,2024,451525055,1,21,0,-1,19,7,1,-1,0,3,0,0,0,0,2,1,-1,2,1,43,7,12777,2,5,VOLVO MODEL MISSING,4,E01021835,0,4
2024991512081,2024,991512081,2,90,0,-1,19,7,3,-1,0,0,0,0,0,0,3,1,-1,1,1,33,6,-1,-1,-1,VOLVO MODEL MISSING,3,-1,0,4
2024371472485,2024,371472485,3,21,1,-1,2,1,8,-1,0,0,0,0,0,0,2,1,-1,1,2,43,7,12777,2,6,VOLVO MODEL MISSING,7,E01026421,0,4
2024320310645,2024,320310645,2,21,0,-1,-1,4,8,0,0,0,1,0,7,9,1,1,1,1,1,35,6,12777,2,16,VOLVO MODEL MISSING,5,E01026243,0,3
2024010545219,2024,010545219,1,11,0,9,9,7,5,0,0,8,0,0,0,0,1,1,1,1,1,58,9,10837,2,2,VOLVO MODEL MISSING,2,-1,0,5
2024010520907,2024,010520907,1,11,0,5,5,0,1,2,2,0,0,0,0,0,0,1,1,1,1,34,6,5132,2,8,VOLVO MODEL MISSING,4,E01002397,0,1
2024522403138,2024,522403138,2,21,1,18,19,6,2,0,0,0,0,0,0,0,1,1,1,1,1,29,6,7698,2,7,VOLVO MODEL MISSING,1,E01014801,0,4
2024501528819,2024,501528819,1,10,0,-1,2,0,0,-1,0,1,0,0,0,0,0,1,-1,1,1,67,10,-1,-1,-1,VOLVO MODEL MISSING,4,E01015221,0,1
2024540835224,2024,540835224,1,21,0,18,19,3,7,0,0,0,0,0,1,0,1,1,6,6,1,71,10,10837,2,11,VOLVO MODEL MISSING,10,E01022888,0,4
2024010522061,2024,010522061,1,11,0,17,19,8,4,0,0,1,0,0,1,2,1,1,1,1,2,37,7,4760,2,11,VOLVO MODEL MISSING,4,E01033941,0,2
2024991420470,2024,991420470,1,11,0,-1,19,3,7,-1,2,0,0,0,0,0,4,2,-1,9,1,34,6,7698,2,5,VOLVO MODEL MISSING,7,-1,0,3
2024010510620,2024,010510620,1,11,0,18,19,1,5,2,2,0,0,0,0,0,1,1,6,6,1,66,10,5132,2,7,VOLVO MODEL MISSING,4,E01000532,0,1
2024131403037,2024,131403037,1,11,0,-1,19,1,5,-1,0,8,0,0,0,0,3,1,-1,1,1,32,6,9360,2,17,VOLVO MODEL MISSING,1,E01011235,0,1
2024061532832,2024,061532832,1,21,0,-1,19,7,3,-1,0,0,5,0,1,2,4,1,-1,1,1,47,8,10837,2,5,VOLVO MODEL MISSING,4,E01006058,0,3
2024010511896,2024,010511896,1,11,0,18,19,5,1,0,0,1,0,0,0,0,0,1,1,1,1,40,7,5132,2,9,VOLVO MODEL MISSING,1,E01005681,0,5
2024010510608,2024,010510608,2,11,0,3,3,5,1,0,0,2,0,0,0,0,1,1,6,6,1,20,4,5132,2,9,VOLVO MODEL MISSING,9,E01003812,0,2
2024430209964,2024,430209964,2,21,0,2,2,0,0,0,0,0,0,0,0,0,2,1,1,1,1,-1,-1,7698,2,6,VOLVO MODEL MISSING,3,E01027060,0,4
2024010516925,2024,010516925,1,11,0,18,19,5,1,0,0,0,0,0,0,0,1,1,1,1,1,54,8,5132,2,9,VOLVO MODEL MISSING,-1,-1,0,-1
2024010520256,2024,010520256,2,21,0,4,4,1,5,0,0,3,0,0,0,0,1,1,1,1,1,42,7,10837,2,5,VOLVO MODEL MISSING,10,E01002253,0,2
2024161493584,2024,161493584,1,21,0,-1,2,0,0,-1,0,2,0,0,0,0,2,1,-1,1,1,37,7,7698,2,6,VOLVO MODEL MISSING,1,E01012854,0,4
2024991487289,2024,991487289,2,11,0,-1,5,3,6,-1,2,1,0,0,0,0,0,1,-1,9,1,63,9,5132,2,3,VOLVO MODEL MISSING,4,-1,0,4
2024991432490,2024,991432490,1,11,0,-1,4,4,8,-1,0,0,0,0,0,0,0,1,-1,1,1,51,8,9360,2,17,VOLVO MODEL MISSING,10,-1,0,2
2024631408253,2024,631408253,3,21,0,-1,4,7,4,-1,0,0,0,0,0,0,3,1,-1,2,1,51,8,12777,2,1,VOLVO MODEL MISSING,2,E01005343,0,5
2024010515691,2024,010515691,2,11,0,4,4,5,1,0,0,1,0,0,0,0,3,1,6,6,3,44,7,5132,2,8,VOLVO MODEL MISSING,2,E01000917,0,2
2024131470105,2024,131470105,1,21,0,-1,19,7,3,-1,0,0,0,0,0,0,4,1,-1,1,2,57,9,12777,2,2,VOLVO MODEL MISSING,6,W01000398,0,5
2024991530478,2024,991530478,1,11,0,-1,4,3,6,-1,0,0,0,0,0,0,0,1,-1,6,1,40,7,4760,2,10,VOLVO MODEL MISSING,10,-1,0,1
2024131448239,2024,131448239,1,11,0,-1,19,1,5,-1,0,0,0,0,0,0,4,1,-1,1,1,36,7,7300,2,16,VOLVO MODEL MISSING,8,E01027566,0,2
2024430244281,2024,430244281,1,21,0,18,19,3,7,0,0,0,0,0,1,4,1,1,1,1,1,59,9,10837,2,1,VOLVO MODEL MISSING,10,E01031855,0,4
2024371495621,2024,371495621,2,21,0,-1,19,1,5,-1,0,8,0,0,0,0,1,1,-1,1,1,38,7,10837,2,1,VOLVO MODEL MISSING,5,E01035531,0,4
2024101480045,2024,101480045,2,11,0,-1,19,3,6,-1,0,0,0,0,0,0,0,1,-1,1,1,58,9,9360,2,10,VOLVO MODEL MISSING,2,E01008512,0,1
2024010505630,2024,010505630,2,11,0,18,19,7,3,1,1,0,0,0,0,0,3,1,1,1,1,61,9,5132,2,10,VOLVO MODEL MISSING,3,E01002131,0,3
2024991496855,2024,991496855,1,11,0,-1,4,3,7,-1,0,0,0,0,0,0,0,1,-1,1,1,33,6,5132,2,10,VOLVO MODEL MISSING,4,-1,0,3
2024070172516,2024,070172516,1,21,0,18,19,4,8,0,0,0,1,0,0,0,1,1,1,1,1,52,8,10837,2,7,VOLVO MODEL MISSING,1,E01005198,0,4
2024401419682,2024,401419682,4,21,1,-1,19,5,1,-1,0,0,0,0,0,0,1,1,-1,6,2,31,6,10837,2,0,VOLVO MODEL MISSING,2,E01009630,0,4
2024161421094,2024,161421094,1,11,0,-1,19,3,7,-1,0,2,0,0,0,0,1,9,-1,1,1,28,6,9360,2,17,VOLVO MODEL MISSING,8,E01012909,0,1
2024061494615,2024,061494615,2,90,0,-1,5,5,6,-1,0,1,0,0,0,0,0,1,-1,1,1,45,7,7698,2,6,VOLVO MODEL MISSING,-1,-1,0,-1
2024131476789,2024,131476789,1,21,0,-1,9,3,1,-1,0,8,0,0,0,0,3,1,-1,1,1,58,9,12777,2,3,VOLVO MODEL MISSING,5,E01018069,0,5
2024010538453,2024,010538453,2,11,0,3,3,3,7,0,0,0,0,0,0,0,2,1,6,6,1,61,9,9360,2,12,VOLVO MODEL MISSING,5,E01000330,0,3
2024010533122,2024,010533122,1,11,0,18,19,5,1,2,2,1,0,0,0,0,3,1,1,1,1,39,7,9360,2,12,VOLVO MODEL MISSING,4,E01002446,0,3
2024991497136,2024,991497136,1,11,0,-1,19,4,1,-1,0,0,0,0,0,0,4,1,-1,1,1,64,9,5132,2,3,VOLVO MODEL MISSING,-1,-1,0,-1
2024991479640,2024,991479640,1,11,0,-1,19,3,7,-1,0,4,0,0,0,0,1,1,-1,1,1,31,6,12778,2,11,VOLVO MODEL MISSING,8,-1,0,3
2024451477455,2024,451477455,1,11,0,-1,-1,-1,-1,-1,-1,0,-1,-1,-1,0,-1,9,-1,6,3,-1,-1,10838,2,8,VOLVO MODEL MISSING,-1,-1,0,-1
202417L408324,2024,17L408324,1,21,0,-1,2,0,0,-1,9,1,0,0,7,11,3,1,-1,1,1,56,9,10837,2,5,VOLVO MODEL MISSING,1,E01035187,0,4
2024552401546,2024,552401546,1,11,0,18,19,8,4,0,0,1,0,0,0,0,2,1,1,1,3,-1,-1,7300,2,12,VOLVO MODEL MISSING,-1,-1,0,-1
2024371476373,2024,371476373,4,11,0,-1,19,1,5,-1,0,1,0,0,0,0,1,1,-1,9,2,31,6,12000,2,21,VOLVO MODEL MISSING,9,E01027053,0,4
2024991492666,2024,991492666,1,11,0,-1,9,6,8,-1,0,2,0,0,0,0,1,1,-1,9,1,37,7,5132,2,9,VOLVO MODEL MISSING,7,-1,0,2
2024991439617,2024,991439617,2,11,0,-1,19,8,4,-1,0,1,0,0,0,0,1,1,-1,1,1,57,9,5132,2,7,VOLVO MODEL MISSING,8,-1,0,2
2024161441620,2024,161441620,1,11,0,-1,2,0,0,-1,2,0,0,0,0,0,1,1,-1,2,1,27,6,9360,2,15,VOLVO MODEL MISSING,2,E01012863,0,1
202454B837524,2024,54B837524,2,20,0,18,19,8,4,0,0,0,0,0,0,0,1,1,6,6,1,60,9,-1,-1,-1,VOLVO MODEL MISSING,6,E01014494,0,4
2024010547446,2024,010547446,1,11,0,4,4,7,3,0,0,1,0,0,0,0,0,1,1,1,1,43,7,5132,2,8,VOLVO MODEL MISSING,4,E01002645,0,1
2024340WN3442,2024,340WN3442,1,21,0,-1,7,5,7,-1,0,7,5,0,0,0,3,1,-1,1,1,54,8,-1,-1,-1,VOLVO MODEL MISSING,7,E01033213,0,5
2024052401013,2024,052401013,1,11,0,18,19,5,1,0,0,0,0,0,0,0,1,1,1,1,1,50,8,4760,2,11,VOLVO MODEL MISSING,1,E01007239,0,2
2024542577724,2024,542577724,2,11,0,18,19,1,5,0,0,1,0,0,0,0,4,1,6,6,1,66,10,9360,2,15,VOLVO MODEL MISSING,9,E01031906,0,2
2024010519950,2024,010519950,1,11,0,18,19,7,3,0,0,1,0,0,0,0,0,1,1,1,1,60,9,5132,2,7,VOLVO MODEL MISSING,2,E01001461,0,1
2024010542800,2024,010542800,1,11,0,5,5,5,1,0,0,2,0,0,0,0,0,1,1,1,1,58,9,9360,2,13,VOLVO MODEL MISSING,2,E01003432,0,1
2024010531764,2024,010531764,1,11,0,16,19,2,6,0,0,1,0,0,0,0,1,1,1,1,1,50,8,4760,2,11,VOLVO MODEL MISSING,4,E01001354,0,1
2024010533377,2024,010533377,1,11,0,18,19,1,5,0,0,1,0,0,0,0,0,1,1,1,1,57,9,5132,2,7,VOLVO MODEL MISSING,5,E01000471,0,2
2024991521858,2024,991521858,1,11,0,-1,19,5,1,-1,0,2,0,0,0,0,0,1,-1,1,1,41,7,5132,2,7,VOLVO MODEL MISSING,6,-1,0,1
2024131458082,2024,131458082,1,21,0,-1,-1,-1,-1,-1,-1,-1,-1,-1,-1,-1,4,1,-1,6,3,-1,-1,12777,2,7,VOLVO MODEL MISSING,-1,-1,0,-1
2024991481978,2024,991481978,1,11,0,-1,7,7,1,-1,0,8,0,0,0,0,4,1,-1,1,1,42,7,9360,2,16,VOLVO MODEL MISSING,1,-1,0,1
2024010498468,2024,010498468,2,11,0,18,19,7,3,0,0,1,0,0,0,0,1,1,1,1,1,49,8,9360,2,12,VOLVO MODEL MISSING,3,E01000405,0,1
2024010533703,2024,010533703,2,11,0,18,19,1,5,0,0,2,0,0,0,0,0,1,1,1,2,51,8,5132,2,8,VOLVO MODEL MISSING,4,E01001836,0,1
2024201451772,2024,201451772,1,21,4,-1,7,7,2,-1,0,0,0,0,0,0,1,9,-1,6,3,-1,-1,12777,2,7,VOLVO MODEL MISSING,-1,-1,0,-1
2024531423672,2024,531423672,1,90,0,-1,5,6,2,-1,0,8,0,0,0,0,4,1,-1,1,1,24,5,-1,-1,-1,VOLVO MODEL MISSING,1,E01010102,0,4
2024010517003,2024,010517003,1,11,0,4,4,2,6,0,0,6,0,0,0,0,0,1,1,1,1,51,8,5132,2,8,VOLVO MODEL MISSING,2,E01003196,0,1
2024122500061,2024,122500061,1,21,0,18,19,2,7,0,0,1,0,0,0,0,4,1,1,1,2,46,8,12777,2,8,VOLVO MODEL MISSING,6,E01034244,0,4
2024070349847,2024,070349847,2,21,0,-1,-1,6,2,0,0,0,0,0,0,0,0,1,1,1,1,50,8,12777,2,6,VOLVO MODEL MISSING,4,E01026045,0,5
2024070871481,2024,070871481,2,21,1,-1,19,8,4,-1,0,8,0,0,7,10,1,1,-1,1,1,66,10,12777,2,0,VOLVO MODEL MISSING,3,E01004955,0,4
2024430057203,2024,430057203,3,21,0,18,19,1,5,0,0,0,0,0,0,0,3,1,1,1,1,40,7,12777,2,3,VOLVO MODEL MISSING,9,E01020664,0,5
2024131464022,2024,131464022,1,21,0,-1,11,5,1,-1,0,0,0,0,0,0,4,1,-1,1,1,46,8,12777,2,7,VOLVO MODEL MISSING,1,E01010814,0,1
2024010526098,2024,010526098,2,11,0,4,4,5,1,0,0,1,0,0,0,0,3,1,1,1,1,46,8,5132,2,9,VOLVO MODEL MISSING,5,E01002626,0,1
2024201461354,2024,201461354,2,21,1,-1,4,5,8,-1,0,1,0,0,0,0,4,9,-1,6,1,60,9,12777,2,1,VOLVO MODEL MISSING,3,E01009119,0,3
2024010501531,2024,010501531,2,11,0,9,9,3,1,0,0,2,0,0,0,0,1,1,1,1,1,62,9,4760,2,11,VOLVO MODEL MISSING,7,E01001226,0,1
2024010542455,2024,010542455,1,11,0,18,19,7,3,2,2,1,0,0,0,0,4,1,1,1,1,61,9,5132,2,7,VOLVO MODEL MISSING,9,E01002468,0,2
2024451428070,2024,451428070,3,11,0,-1,2,1,5,-1,0,0,0,0,0,0,2,1,-1,6,3,30,6,5132,2,6,VOLVO MODEL MISSING,-1,-1,0,-1
2024010524678,2024,010524678,1,11,0,5,5,5,1,0,0,1,0,0,0,0,0,1,1,1,1,57,9,5132,2,9,VOLVO MODEL MISSING,2,E01000289,0,1
2024161491921,2024,161491921,1,11,0,-1,3,8,4,-1,0,0,0,0,0,0,0,9,-1,1,1,62,9,9360,2,17,VOLVO MODEL MISSING,1,E01012951,0,1
2024411475025,2024,411475025,2,11,0,-1,19,1,5,-1,0,0,0,0,0,0,3,1,-1,1,1,62,9,7698,2,7,VOLVO MODEL MISSING,9,E01000116,0,3
2024010544247,2024,010544247,1,11,0,18,19,3,7,2,2,0,0,0,0,0,0,1,6,6,1,44,7,5132,2,5,VOLVO MODEL MISSING,3,E01002542,0,1
2024430136671,2024,430136671,2,90,0,16,19,3,5,0,0,0,0,0,0,0,1,1,1,1,1,39,7,7698,2,6,VOLVO MODEL MISSING,10,E01016259,0,4
2024991466123,2024,991466123,2,90,1,-1,19,5,8,-1,0,0,3,0,7,0,3,1,-1,1,1,58,9,-1,-1,-1,VOLVO MODEL MISSING,5,-1,0,4
2024010531716,2024,010531716,1,11,0,4,4,5,1,0,0,1,0,0,0,0,0,1,1,1,1,60,9,4820,2,9,VOLVO MODEL MISSING,6,E01003359,0,4
2024461485083,2024,461485083,2,11,0,-1,19,3,7,-1,0,0,0,0,0,0,2,1,-1,1,1,55,8,9360,2,16,VOLVO MODEL MISSING,8,E01024845,0,1
2024010502441,2024,010502441,1,11,0,4,4,3,7,0,0,1,0,0,0,0,1,1,1,1,1,51,8,5132,2,8,VOLVO MODEL MISSING,4,E01004538,0,1
2024161448109,2024,161448109,2,11,0,-1,2,0,0,-1,0,1,0,0,0,0,3,1,-1,1,1,49,8,7300,2,15,VOLVO MODEL MISSING,7,E01013035,0,3
2024430609515,2024,430609515,1,21,0,18,19,1,5,0,0,8,0,0,0,0,1,1,1,1,1,55,8,12777,2,5,VOLVO MODEL MISSING,4,E01023387,0,4
2024131468170,2024,131468170,3,21,4,-1,19,3,7,-1,0,1,0,0,0,0,1,1,-1,1,1,42,7,12777,2,1,VOLVO MODEL MISSING,1,E01006207,0,4
2024010531089,2024,010531089,1,11,0,4,4,5,1,0,0,1,0,0,0,0,0,1,1,1,1,48,8,5132,2,8,VOLVO MODEL MISSING,4,E01004452,0,2
2024211438533,2024,211438533,1,11,0,-1,9,8,3,-1,0,8,0,0,0,0,1,1,-1,1,1,45,7,7698,2,1,VOLVO MODEL MISSING,-1,-1,0,-1
2024991527073,2024,991527073,3,21,0,-1,4,6,2,-1,0,0,0,0,0,0,2,1,-1,1,1,55,8,12777,2,0,VOLVO MODEL MISSING,-1,-1,0,-1