collision_index,collision_year,collision_ref_no,vehicle_reference,vehicle_type,towing_and_articulation,vehicle_manoeuvre_historic,vehicle_manoeuvre,vehicle_direction_from,vehicle_direction_to,vehicle_location_restricted_lane_historic,vehicle_location_restricted_lane,junction_location,skidding_and_overturning,hit_object_in_carriageway,vehicle_leaving_carriageway,hit_object_off_carriageway,first_point_of_impact,vehicle_left_hand_drive,journey_purpose_of_driver_historic,journey_purpose_of_driver,sex_of_driver,age_of_driver,age_band_of_driver,engine_capacity_cc,propulsion_code,age_of_vehicle,generic_make_model,driver_imd_decile,lsoa_of_driver,escooter_flag,driver_distance_banding
2024010549312,2024,010549312,1,11,9,99,99,9,9,99,99,9,9,99,9,99,4,1,6,6,1,54,8,9360,2,13,VOLVO MODEL MISSING,7,E01023492,0,4
2024131526390,2024,131526390,1,11,0,-1,19,1,5,-1,0,1,0,0,0,0,1,1,-1,1,1,59,9,7300,2,11,VOLVO MODEL MISSING,1,E01010608,0,1
2024161495752,2024,161495752,2,11,0,-1,3,8,2,-1,0,1,0,0,0,0,3,1,-1,1,1,65,9,7300,2,15,VOLVO MODEL MISSING,1,E01013199,0,1
2024311502385,2024,311502385,1,11,0,-1,19,1,5,-1,0,0,0,0,0,0,1,1,-1,1,1,25,5,7300,2,15,VOLVO MODEL MISSING,2,E01013834,0,2
2024991501221,2024,991501221,1,11,0,-1,19,6,2,-1,0,5,0,0,0,0,1,1,-1,1,1,30,6,10838,2,9,VOLVO MODEL MISSING,4,-1,0,4
2024010527972,2024,010527972,4,11,0,1,1,3,7,2,2,2,0,4,0,0,2,1,1,1,1,57,9,5132,2,7,VOLVO MODEL MISSING,3,E01000054,0,3
2024141413486,2024,141413486,1,11,0,-1,19,7,3,-1,0,0,0,0,0,0,1,1,-1,1,1,70,10,9360,2,12,VOLVO MODEL MISSING,1,E01008096,0,1
2024991496384,2024,991496384,1,11,0,-1,5,1,5,-1,0,0,0,0,0,0,0,9,-1,1,1,58,9,5132,2,3,VOLVO MODEL MISSING,4,-1,0,3
2024010504107,2024,010504107,1,11,0,4,4,5,1,2,2,1,0,0,0,0,1,1,1,1,1,52,8,5132,2,9,VOLVO MODEL MISSING,5,E01003375,0,1
2024010529862,2024,010529862,3,11,0,18,19,7,3,0,0,0,0,0,0,0,3,1,1,1,1,51,8,5132,2,7,VOLVO MODEL MISSING,4,E01000497,0,2
2024010515448,2024,010515448,1,11,0,5,5,0,5,0,0,0,0,0,0,0,0,1,1,1,1,56,9,9360,2,13,VOLVO MODEL MISSING,2,E01033926,0,1
2024010511726,2024,010511726,1,11,0,5,5,3,7,0,0,1,0,0,0,0,0,1,6,6,1,66,10,5132,2,7,VOLVO MODEL MISSING,6,E01001288,0,2
2024131404177,2024,131404177,2,11,0,-1,11,1,5,-1,0,0,0,0,0,0,4,1,-1,1,1,54,8,4760,2,11,VOLVO MODEL MISSING,5,E01011774,0,3
2024461449202,2024,461449202,1,21,0,-1,19,8,4,-1,0,0,0,0,0,0,1,9,-1,1,1,37,7,10837,2,9,VOLVO MODEL MISSING,8,E01024440,0,1
2024991410887,2024,991410887,1,11,0,-1,19,4,8,-1,0,2,0,0,0,0,1,1,-1,1,1,49,8,5132,2,2,VOLVO MODEL MISSING,10,-1,0,2
2024991520859,2024,991520859,2,21,1,-1,19,6,2,-1,0,0,0,0,1,0,1,1,-1,1,1,67,10,12777,2,8,VOLVO MODEL MISSING,5,-1,0,4
2024471505524,2024,471505524,1,11,0,-1,5,1,5,-1,0,2,0,0,0,0,2,1,-1,1,1,53,8,9360,2,13,VOLVO MODEL MISSING,3,E01020928,0,4
2024461472226,2024,461472226,2,21,0,-1,19,8,4,-1,0,0,0,0,0,0,2,1,-1,1,1,60,9,12777,2,0,VOLVO MODEL MISSING,8,E01029616,0,5
2024122400655,2024,122400655,2,11,0,18,19,7,3,0,0,0,0,0,0,0,1,1,1,1,1,56,9,9360,2,16,VOLVO MODEL MISSING,5,E01027884,0,4
2024161400942,2024,161400942,3,11,0,-1,19,2,6,-1,0,8,0,0,0,0,2,1,-1,1,1,34,6,7300,2,16,VOLVO MODEL MISSING,1,E01012855,0,3
2024131527407,2024,131527407,1,21,0,-1,5,7,3,-1,0,2,0,0,0,0,1,1,-1,1,1,63,9,10837,2,5,VOLVO MODEL MISSING,8,E01013256,0,4
2024131444309,2024,131444309,2,11,0,-1,19,7,3,-1,0,8,0,0,0,0,1,1,-1,1,2,55,8,9360,2,15,VOLVO MODEL MISSING,3,E01010919,0,1
2024010512180,2024,010512180,1,11,0,7,7,1,3,0,0,2,0,0,0,0,0,1,1,1,1,67,10,5132,2,7,VOLVO MODEL MISSING,7,E01000296,0,2
2024351529303,2024,351529303,2,21,1,-1,19,3,7,-1,0,0,0,0,0,0,1,1,-1,1,1,46,8,12777,2,3,VOLVO MODEL MISSING,8,E01025191,0,5
2024221442488,2024,221442488,2,11,0,-1,19,2,5,-1,0,0,0,0,0,0,1,1,-1,7,1,24,5,12000,2,14,VOLVO MODEL MISSING,5,E01028872,0,3
2024221428010,2024,221428010,1,21,0,-1,19,4,8,-1,0,0,5,0,1,9,4,1,-1,1,1,55,8,12777,2,6,VOLVO MODEL MISSING,1,E01009571,0,4
2024010515194,2024,010515194,1,11,0,18,19,7,3,2,2,2,0,0,0,0,0,1,1,1,1,45,7,5132,2,7,VOLVO MODEL MISSING,4,E01000497,0,2
2024221442488,2024,221442488,1,11,0,-1,4,2,5,-1,0,0,0,0,0,0,2,1,-1,7,1,47,8,9360,2,11,VOLVO MODEL MISSING,6,W01000341,0,4
2024010523333,2024,010523333,1,11,0,4,4,1,5,0,0,2,0,11,0,0,0,1,1,1,1,22,5,5132,2,6,VOLVO MODEL MISSING,-1,-1,0,-1
2024201425015,2024,201425015,2,21,0,-1,19,8,4,-1,0,1,0,0,0,0,1,1,-1,1,1,48,8,12777,2,2,VOLVO MODEL MISSING,3,E01002370,0,5
2024052400539,2024,052400539,1,20,0,1,1,5,7,0,0,0,0,0,0,0,2,1,1,1,1,50,8,-1,-1,-1,VOLVO MODEL MISSING,9,W01000323,0,4
2024361415355,2024,361415355,2,21,0,-1,10,2,7,-1,0,1,0,0,0,0,2,1,-1,1,1,57,9,12777,2,6,VOLVO MODEL MISSING,4,E01026759,0,2
2024231465999,2024,231465999,1,21,1,-1,19,1,5,-1,0,0,0,0,0,0,3,9,-1,1,1,45,7,12777,2,2,VOLVO MODEL MISSING,-1,-1,0,-1
2024161450595,2024,161450595,1,9,0,-1,19,3,7,-1,0,0,0,0,0,0,1,1,-1,6,2,30,6,2520,1,21,VOLVO MODEL MISSING,2,E01013237,0,1
2024991527464,2024,991527464,1,11,0,-1,19,4,1,-1,0,4,0,0,1,7,1,1,-1,1,1,45,7,9360,2,13,VOLVO MODEL MISSING,10,-1,0,1
2024401496513,2024,401496513,1,11,0,-1,19,-1,-1,-1,2,0,0,0,0,0,1,9,-1,6,2,48,8,9360,2,16,VOLVO MODEL MISSING,2,E01017594,0,2
2024991428015,2024,991428015,1,21,1,-1,19,2,7,-1,0,0,5,0,0,0,4,1,-1,1,1,33,6,12777,2,9,VOLVO MODEL MISSING,1,E01035198,0,5
2024010540226,2024,010540226,2,11,0,18,19,5,1,0,0,2,0,0,0,0,1,1,1,1,1,54,8,7698,2,4,VOLVO MODEL MISSING,4,E01001286,0,3
2024010511617,2024,010511617,1,11,0,5,5,7,3,2,2,1,0,0,0,0,0,1,1,1,1,62,9,5132,2,6,VOLVO MODEL MISSING,3,E01000481,0,2
2024332400987,2024,332400987,1,11,0,-1,19,7,3,-1,0,2,0,0,0,0,1,1,-1,1,1,59,9,7698,2,1,VOLVO MODEL MISSING,1,E01013691,0,1
2024122400669,2024,122400669,1,11,0,4,4,4,7,0,0,0,0,0,0,0,0,1,1,1,1,55,8,12000,2,18,VOLVO MODEL MISSING,8,E01034958,0,4
2024010542803,2024,010542803,1,11,0,18,19,1,5,0,0,1,0,0,0,0,0,1,1,1,1,54,8,5132,2,6,VOLVO MODEL MISSING,4,E01000497,0,2
2024991535141,2024,991535141,1,11,0,-1,19,8,4,-1,0,0,0,0,0,0,0,1,-1,1,1,43,7,5132,2,7,VOLVO MODEL MISSING,4,-1,0,2
2024010529528,2024,010529528,2,11,0,99,99,9,9,99,99,9,9,99,9,99,9,9,6,6,1,48,8,5132,2,8,VOLVO MODEL MISSING,7,E01002160,0,1
2024010522447,2024,010522447,1,11,0,18,19,5,1,0,0,1,0,0,0,0,4,1,1,1,1,62,9,9360,2,10,VOLVO MODEL MISSING,-1,-1,0,-1
2024520402146,2024,520402146,1,11,0,18,19,1,5,0,0,8,0,0,0,0,1,1,6,6,1,30,6,7698,2,7,VOLVO MODEL MISSING,5,W01000693,0,5
2024340WN0132,2024,340WN0132,1,11,0,-1,4,6,2,-1,0,0,0,0,0,0,1,1,-1,1,1,53,8,10838,2,9,VOLVO MODEL MISSING,9,E01027074,0,4
2024010541077,2024,010541077,1,11,0,99,99,9,9,99,99,9,9,99,9,99,0,9,1,1,1,64,9,5132,2,9,VOLVO MODEL MISSING,6,E01016078,0,4
2024161465698,2024,161465698,2,11,0,-1,19,8,4,-1,0,0,0,0,0,0,0,9,-1,1,-1,-1,-1,7698,2,9,VOLVO MODEL MISSING,-1,-1,0,-1
2024041430199,2024,041430199,1,21,0,-1,11,1,5,-1,0,0,0,0,0,0,4,1,-1,1,1,29,6,5480,2,21,VOLVO MODEL MISSING,7,E01025417,0,1
2024340NN1122,2024,340NN1122,2,21,0,-1,4,6,2,-1,0,0,0,0,0,0,2,1,-1,1,1,27,6,10837,2,1,VOLVO MODEL MISSING,3,E01035552,0,4
2024371489229,2024,371489229,2,21,0,-1,19,3,7,-1,0,1,0,0,0,0,3,1,-1,1,1,51,8,7698,2,4,VOLVO MODEL MISSING,6,E01029992,0,2
2024421430258,2024,421430258,2,11,0,-1,19,5,1,-1,0,0,0,0,0,0,1,1,-1,1,1,31,6,7300,2,15,VOLVO MODEL MISSING,4,E01021425,0,3
2024010548547,2024,010548547,2,11,0,16,19,5,1,0,0,0,0,0,0,0,0,1,1,1,1,45,7,5132,2,7,VOLVO MODEL MISSING,5,E01034599,0,3
2024010503011,2024,010503011,1,11,0,5,5,2,6,0,0,1,0,0,0,0,1,1,1,1,1,68,10,5132,2,7,VOLVO MODEL MISSING,-1,-1,0,-1
2024991399628,2024,991399628,2,11,0,-1,19,7,3,-1,2,1,0,0,0,0,1,1,-1,1,1,41,7,5132,2,7,VOLVO MODEL MISSING,3,-1,0,3
2024401414430,2024,401414430,1,11,0,-1,19,4,8,-1,2,0,0,0,0,0,1,1,-1,1,1,55,8,7300,2,12,VOLVO MODEL MISSING,9,E01017655,0,4
2024332400396,2024,332400396,1,21,0,-1,19,7,3,-1,0,0,0,0,0,0,1,1,-1,1,1,32,6,10837,2,8,VOLVO MODEL MISSING,3,E01013698,0,3
2024211397940,2024,211397940,1,11,-1,-1,19,4,7,-1,0,0,0,0,0,0,0,1,-1,9,1,38,7,7300,2,16,VOLVO MODEL MISSING,8,E01019874,0,3
2024010517793,2024,010517793,1,11,0,18,19,1,5,0,0,1,0,0,0,0,0,1,1,1,2,32,6,5132,2,9,VOLVO MODEL MISSING,2,E01034149,0,3
2024471496750,2024,471496750,1,9,0,-1,19,3,7,-1,0,0,0,0,0,0,1,1,-1,2,1,44,7,2401,2,19,VOLVO MODEL MISSING,5,E01021116,0,1
2024201407586,2024,201407586,1,21,0,-1,5,4,7,-1,0,1,0,0,0,0,1,1,-1,1,1,49,8,12777,2,8,VOLVO MODEL MISSING,3,E01009763,0,2
2024361484143,2024,361484143,4,19,0,-1,8,1,3,-1,0,1,0,0,0,0,1,1,-1,1,1,28,6,-1,-1,-1,VOLVO MODEL MISSING,2,E01026798,0,3
2024451406233,2024,451406233,1,21,0,-1,19,2,6,-1,0,0,0,0,0,0,2,1,-1,6,-1,-1,-1,12777,2,6,VOLVO MODEL MISSING,-1,-1,0,-1
2024101509972,2024,101509972,2,11,0,-1,19,6,2,-1,0,8,0,0,0,0,4,1,-1,1,1,51,8,9360,2,10,VOLVO MODEL MISSING,3,E01020729,0,3
2024010502765,2024,010502765,2,11,0,99,99,9,9,99,99,9,9,99,9,99,1,9,6,6,3,61,9,5132,2,9,VOLVO MODEL MISSING,3,E01003727,0,2
2024131397611,2024,131397611,2,21,0,-1,19,2,6,-1,0,0,0,0,0,0,2,1,-1,1,1,44,7,12777,2,1,VOLVO MODEL MISSING,1,E01005086,0,4
2024320021432,2024,320021432,1,19,0,18,19,7,3,0,0,0,5,0,7,9,3,1,1,1,1,64,9,10837,2,8,VOLVO MODEL MISSING,4,E01026278,0,4
2024991476545,2024,991476545,1,11,0,-1,4,5,1,-1,2,0,0,0,0,0,1,1,-1,1,1,56,9,9360,2,13,VOLVO MODEL MISSING,4,-1,0,3
2024991483138,2024,991483138,1,11,0,-1,9,3,8,-1,0,8,0,0,0,0,3,1,-1,1,1,29,6,7698,2,6,VOLVO MODEL MISSING,10,-1,0,3
2024041470789,2024,041470789,2,20,0,-1,19,1,5,-1,0,0,0,0,0,0,1,1,-1,1,1,50,8,12777,2,3,VOLVO MODEL MISSING,1,E01012754,0,4
2024311519361,2024,311519361,2,21,1,-1,19,1,5,-1,0,1,0,0,7,0,1,1,-1,1,1,44,7,12777,2,3,VOLVO MODEL MISSING,-1,-1,0,-1
2024991424714,2024,991424714,1,11,0,-1,19,3,7,-1,0,0,0,0,0,0,1,1,-1,1,1,51,8,7698,2,5,VOLVO MODEL MISSING,10,-1,0,1
2024010499318,2024,010499318,1,11,0,18,19,3,7,0,0,2,0,0,0,0,1,1,1,1,1,53,8,5132,2,5,VOLVO MODEL MISSING,6,E01001289,0,1
2024302400729,2024,302400729,1,21,1,18,19,4,8,0,0,2,0,0,0,0,1,1,1,1,1,69,10,12777,2,9,VOLVO MODEL MISSING,2,E01029429,0,4
2024501533033,2024,501533033,1,21,0,-1,19,1,5,-1,0,0,0,0,0,0,1,1,-1,1,1,27,6,12777,2,13,VOLVO MODEL MISSING,6,E01020204,0,3
2024101528247,2024,101528247,2,11,0,-1,19,7,3,-1,0,1,0,0,0,0,1,1,-1,1,1,57,9,9360,2,11,VOLVO MODEL MISSING,6,E01027488,0,4
2024010518170,2024,010518170,1,11,0,18,19,1,5,0,0,1,0,0,0,0,0,1,1,1,2,44,7,5132,2,7,VOLVO MODEL MISSING,2,E01002686,0,2
2024010536171,2024,010536171,1,11,0,17,19,3,7,0,0,1,0,0,0,0,1,1,1,1,1,44,7,4760,2,11,VOLVO MODEL MISSING,5,E01023331,0,4
2024421397396,2024,421397396,1,11,0,-1,19,3,4,-1,0,8,0,0,0,0,1,9,-1,1,1,62,9,4760,2,12,VOLVO MODEL MISSING,4,E01034369,0,1
2024451433499,2024,451433499,2,11,0,-1,19,1,5,-1,0,0,0,0,0,0,0,1,-1,1,1,59,9,9360,2,11,VOLVO MODEL MISSING,9,E01004085,0,2
2024131394819,2024,131394819,1,21,0,-1,7,1,5,-1,9,0,0,0,0,0,0,1,-1,6,3,-1,-1,12777,2,6,VOLVO MODEL MISSING,-1,-1,0,-1
2024991431072,2024,991431072,1,11,0,-1,19,7,3,-1,0,0,0,0,0,0,0,1,-1,1,1,58,9,5132,2,10,VOLVO MODEL MISSING,3,-1,0,3
2024010517959,2024,010517959,1,11,0,18,19,3,7,0,0,1,0,0,0,0,3,1,6,6,3,-1,-1,5132,2,6,VOLVO MODEL MISSING,-1,-1,0,-1
2024010542875,2024,010542875,1,11,0,4,4,1,5,0,0,0,0,0,0,0,0,1,1,1,1,60,9,9360,2,12,VOLVO MODEL MISSING,1,E01007547,0,5
2024010514509,2024,010514509,1,11,0,18,19,1,5,0,0,1,0,0,0,0,0,1,1,1,1,57,9,5132,2,5,VOLVO MODEL MISSING,7,E01001204,0,2
2024371414486,2024,371414486,2,21,1,-1,9,1,5,-1,0,6,0,0,0,0,3,1,-1,1,1,48,8,12777,2,1,VOLVO MODEL MISSING,6,E01026886,0,4
2024471485163,2024,471485163,1,11,0,-1,19,6,2,-1,2,0,0,0,0,0,1,1,-1,1,1,38,7,7698,2,7,VOLVO MODEL MISSING,1,E01031558,0,1
2024991417114,2024,991417114,1,11,0,-1,4,7,3,-1,0,0,0,0,0,0,0,1,-1,1,1,53,8,7698,2,5,VOLVO MODEL MISSING,7,-1,0,2
2024010530745,2024,010530745,1,11,0,18,19,7,3,0,0,1,0,0,0,0,0,1,1,1,1,52,8,4760,2,11,VOLVO MODEL MISSING,8,E01023528,0,3
2024010514327,2024,010514327,1,11,0,4,4,8,4,6,6,0,0,0,0,0,0,1,6,6,2,45,7,5132,2,8,VOLVO MODEL MISSING,3,E01003299,0,1
2024991469571,2024,991469571,2,11,0,-1,5,4,7,-1,0,1,0,0,0,0,3,1,-1,1,2,61,9,5132,2,3,VOLVO MODEL MISSING,9,-1,0,3
2024010507449,2024,010507449,1,11,0,5,5,0,1,2,2,2,0,0,0,0,0,1,1,1,1,38,7,5132,2,9,VOLVO MODEL MISSING,2,E01000060,0,3
2024501484391,2024,501484391,1,21,1,-1,19,5,1,-1,0,0,5,0,0,0,3,1,-1,1,1,53,8,12777,2,6,VOLVO MODEL MISSING,4,E01018856,0,5
2024010543231,2024,010543231,1,21,1,7,7,5,8,0,0,4,0,0,0,0,4,1,1,1,1,36,7,12777,2,5,VOLVO MODEL MISSING,5,E01013107,0,5
2024421412513,2024,421412513,3,11,0,-1,5,4,7,-1,0,1,0,0,0,0,3,1,-1,1,1,51,8,9360,2,17,VOLVO MODEL MISSING,7,E01021702,0,1
2024010527926,2024,010527926,2,11,0,2,2,0,0,0,0,0,0,0,0,0,2,1,6,6,3,-1,-1,5132,2,9,VOLVO MODEL MISSING,-1,-1,0,-1
2024101440108,2024,101440108,1,21,1,-1,12,3,7,-1,0,0,0,0,0,0,0,1,-1,1,1,54,8,12777,2,4,VOLVO MODEL MISSING,1,E01008285,0,1
2024010525699,2024,010525699,1,11,0,7,7,1,3,2,2,7,0,0,1,0,1,1,1,1,1,26,6,5132,2,9,VOLVO MODEL MISSING,2,E01034476,0,1
2024991403109,2024,991403109,1,11,0,-1,5,3,7,-1,0,2,0,0,0,0,4,1,-1,1,1,54,8,9360,2,14,VOLVO MODEL MISSING,3,-1,0,1
2024451415533,2024,451415533,1,21,1,-1,19,6,2,-1,0,0,0,0,0,0,2,1,-1,1,1,49,8,12777,2,2,VOLVO MODEL MISSING,4,E01030743,0,3
2024010514755,2024,010514755,1,90,0,18,19,1,5,0,0,2,0,0,0,0,1,1,1,1,1,53,8,-1,-1,-1,VOLVO MODEL MISSING,5,E01002613,0,3
2024311460446,2024,311460446,1,11,0,-1,5,1,2,-1,0,0,0,0,1,0,0,1,-1,1,1,50,8,1080,2,9,VOLVO MODEL MISSING,9,E01025945,0,3
2024111414489,2024,111414489,1,11,0,-1,5,5,1,-1,0,1,0,0,0,0,3,1,-1,1,1,20,4,9360,2,13,VOLVO MODEL MISSING,1,E01008607,0,3
2024101413551,2024,101413551,1,21,1,-1,19,2,6,-1,0,1,0,0,0,0,1,1,-1,1,1,42,7,12777,2,8,VOLVO MODEL MISSING,2,E01008456,0,2
2024991507136,2024,991507136,1,21,0,-1,7,8,3,-1,0,8,0,0,0,0,4,1,-1,1,1,51,8,12777,2,4,VOLVO MODEL MISSING,3,-1,0,3
2024302401291,2024,302401291,4,21,1,2,2,0,0,6,6,0,0,0,0,0,2,1,1,1,1,54,8,12777,2,2,VOLVO MODEL MISSING,4,E01019431,0,2
2024320422298,2024,320422298,2,21,0,-1,-1,7,3,0,0,0,0,0,1,9,3,1,1,1,1,47,8,12777,2,17,VOLVO MODEL MISSING,5,E01026201,0,2
2024421460222,2024,421460222,2,21,1,-1,4,7,3,-1,0,0,0,0,0,0,2,1,-1,1,1,48,8,10837,2,5,VOLVO MODEL MISSING,9,E01002471,0,4
2024061432882,2024,061432882,3,21,1,-1,19,2,7,-1,0,0,0,0,0,0,4,1,-1,1,1,34,6,12777,2,5,VOLVO MODEL MISSING,4,E01005540,0,1
2024520000221,2024,520000221,2,21,0,4,4,8,4,0,0,0,0,0,0,0,2,1,6,6,1,68,10,12777,2,6,VOLVO MODEL MISSING,7,E01014756,0,4
2024131521694,2024,131521694,2,11,0,-1,2,0,0,-1,0,0,0,0,0,0,2,1,-1,1,1,42,7,7300,2,15,VOLVO MODEL MISSING,1,E01010829,0,1
2024622400077,2024,622400077,1,21,0,18,19,4,8,0,0,0,0,0,0,0,1,1,1,1,1,48,8,12777,2,9,VOLVO MODEL MISSING,7,W01001230,0,4
2024010500175,2024,010500175,1,11,0,5,5,1,5,2,2,1,0,0,0,0,1,1,1,1,2,29,6,4760,2,11,VOLVO MODEL MISSING,1,E01004334,0,2
2024461431513,2024,461431513,1,21,1,-1,12,3,7,-1,0,0,0,0,0,0,0,1,-1,1,1,42,7,12777,2,3,VOLVO MODEL MISSING,-1,-1,0,-1
2024231401967,2024,231401967,2,21,1,-1,19,6,2,-1,0,0,0,0,0,0,0,9,-1,1,1,53,8,12777,2,4,VOLVO MODEL MISSING,5,E01031056,0,3
2024010495593,2024,010495593,1,11,0,18,19,5,1,0,0,1,0,0,0,0,3,1,1,1,1,54,8,5132,2,9,VOLVO MODEL MISSING,4,E01033745,0,2
2024201455270,2024,201455270,2,11,0,-1,19,6,8,-1,0,2,0,0,0,0,4,1,-1,1,1,37,7,4760,2,13,VOLVO MODEL MISSING,1,E01009366,0,1
2024201440997,2024,201440997,1,11,0,-1,19,8,4,-1,0,8,1,0,0,0,1,1,-1,1,1,59,9,7300,2,11,VOLVO MODEL MISSING,7,E01010138,0,2
2024332401163,2024,332401163,1,21,2,-1,19,1,5,-1,0,0,0,0,0,0,3,1,-1,1,1,46,8,12130,2,19,VOLVO MODEL MISSING,4,E01006242,0,5
2024131458202,2024,131458202,2,21,1,-1,19,1,5,-1,0,0,0,0,0,0,3,1,-1,1,1,21,5,12777,2,2,VOLVO MODEL MISSING,3,E01013471,0,4
2024010503317,2024,010503317,1,11,0,4,4,3,7,0,0,1,0,0,0,0,0,1,6,6,1,36,7,5132,2,8,VOLVO MODEL MISSING,6,E01023396,0,4
2024991451407,2024,991451407,1,11,0,-1,3,1,5,-1,0,1,0,0,0,0,0,1,-1,1,1,53,8,7698,2,3,VOLVO MODEL MISSING,-1,-1,0,-1
2024010546954,2024,010546954,1,11,0,5,5,1,5,2,2,1,0,0,0,0,1,1,6,6,1,59,9,4760,2,10,VOLVO MODEL MISSING,2,E01003174,0,1
2024010503151,2024,010503151,1,11,0,5,5,5,1,0,0,1,0,0,0,0,0,1,1,1,1,30,6,5132,2,9,VOLVO MODEL MISSING,6,E01004521,0,2
2024991472897,2024,991472897,1,11,0,-1,19,3,7,-1,0,0,0,0,0,0,1,1,-1,1,1,46,8,5132,2,10,VOLVO MODEL MISSING,4,-1,0,3
2024201506172,2024,201506172,1,11,0,-1,5,5,3,-1,0,0,0,0,0,0,1,1,-1,1,1,50,8,7300,2,11,VOLVO MODEL MISSING,2,E01034955,0,1
2024010532115,2024,010532115,1,11,0,18,19,7,3,0,0,1,0,0,0,0,0,1,1,1,2,49,8,9360,2,12,VOLVO MODEL MISSING,2,E01027341,0,4
2024010524692,2024,010524692,1,11,0,4,4,3,7,0,0,1,0,0,0,0,0,1,1,1,1,53,8,5132,2,9,VOLVO MODEL MISSING,2,E01002075,0,3
2024332401053,2024,332401053,2,11,0,-1,19,2,6,-1,0,0,0,0,0,0,1,1,-1,1,1,62,9,7698,2,3,VOLVO MODEL MISSING,6,E01026266,0,4
2024201466437,2024,201466437,1,21,0,-1,10,1,4,-1,0,1,0,0,0,0,2,1,-1,1,1,59,9,10837,2,8,VOLVO MODEL MISSING,5,E01025656,0,4
2024010516745,2024,010516745,1,11,0,5,5,0,5,0,0,0,0,0,0,0,0,1,1,1,1,59,9,5312,2,5,VOLVO MODEL MISSING,3,E01004183,0,2
2024010505826,2024,010505826,1,11,0,17,19,4,8,2,2,1,0,0,0,0,3,1,1,1,1,50,8,9360,2,14,VOLVO MODEL MISSING,7,E01001871,0,1
2024531403458,2024,531403458,1,21,1,-1,19,5,1,-1,0,0,0,0,0,0,1,1,-1,1,1,62,9,12777,2,4,VOLVO MODEL MISSING,5,E01026213,0,5
2024041497396,2024,041497396,1,21,0,-1,1,5,1,-1,-1,0,0,4,0,0,2,1,-1,1,1,20,4,12777,2,1,VOLVO MODEL MISSING,2,E01012525,0,4
2024010537847,2024,010537847,3,11,0,3,3,7,3,0,0,0,0,0,0,0,3,1,1,1,1,47,8,5132,2,8,VOLVO MODEL MISSING,4,E01002487,0,3
2024211407660,2024,211407660,1,21,1,-1,19,8,4,-1,0,0,1,0,1,4,3,9,-1,1,1,56,9,12777,2,3,VOLVO MODEL MISSING,1,E01006275,0,4
2024421406019,2024,421406019,2,21,1,-1,19,2,6,-1,0,0,0,0,0,0,3,1,-1,1,1,28,6,16123,2,7,VOLVO MODEL MISSING,4,E01021915,0,2
2024991527490,2024,991527490,2,11,0,-1,2,0,0,-1,0,0,0,0,0,0,2,1,-1,1,1,28,6,10837,2,10,VOLVO MODEL MISSING,2,-1,0,4
2024451476553,2024,451476553,1,90,0,-1,19,-1,-1,-1,0,0,0,0,0,0,4,9,-1,6,1,38,7,-1,-1,-1,VOLVO MODEL MISSING,3,E01031657,0,4
2024211466633,2024,211466633,2,21,1,-1,19,3,7,-1,0,0,0,0,0,0,4,1,-1,1,2,40,7,12777,2,1,VOLVO MODEL MISSING,-1,-1,0,-1
2024221413483,2024,221413483,3,21,1,-1,9,5,2,-1,0,4,0,0,0,0,1,1,-1,1,1,63,9,12777,2,5,VOLVO MODEL MISSING,2,E01010448,0,4
2024430283055,2024,430283055,2,21,1,14,14,2,6,0,0,0,0,0,0,0,3,1,6,6,1,60,9,12777,2,4,VOLVO MODEL MISSING,-1,-1,0,-1
2024461532074,2024,461532074,2,21,4,-1,19,8,4,-1,0,0,0,0,0,0,1,1,-1,1,1,38,7,12777,2,0,VOLVO MODEL MISSING,7,E01018353,0,5
2024131450065,2024,131450065,2,11,0,-1,19,7,3,-1,0,1,0,0,0,0,3,1,-1,1,1,23,5,7300,2,11,VOLVO MODEL MISSING,2,E01010930,0,1
2024031407428,2024,031407428,2,21,1,-1,19,5,8,-1,0,1,0,0,0,0,1,1,-1,1,1,41,7,12777,2,1,VOLVO MODEL MISSING,4,-1,0,5
2024211505209,2024,211505209,2,21,1,-1,19,5,1,-1,0,8,0,0,0,0,4,1,-1,1,1,64,9,12777,2,8,VOLVO MODEL MISSING,7,E01018417,0,3
2024141441651,2024,141441651,2,21,0,-1,3,5,1,-1,0,2,0,0,0,0,4,1,-1,1,1,53,8,7698,2,0,VOLVO MODEL MISSING,2,E01007322,0,3
2024231462164,2024,231462164,2,21,1,-1,19,3,7,-1,0,0,1,0,0,0,1,1,-1,1,1,29,6,12777,2,1,VOLVO MODEL MISSING,1,E01034836,0,5