collision_index,collision_year,collision_ref_no,vehicle_reference,vehicle_type,towing_and_articulation,vehicle_manoeuvre_historic,vehicle_manoeuvre,vehicle_direction_from,vehicle_direction_to,vehicle_location_restricted_lane_historic,vehicle_location_restricted_lane,junction_location,skidding_and_overturning,hit_object_in_carriageway,vehicle_leaving_carriageway,hit_object_off_carriageway,first_point_of_impact,vehicle_left_hand_drive,journey_purpose_of_driver_historic,journey_purpose_of_driver,sex_of_driver,age_of_driver,age_band_of_driver,engine_capacity_cc,propulsion_code,age_of_vehicle,generic_make_model,driver_imd_decile,lsoa_of_driver,escooter_flag,driver_distance_banding
2024211512735,2024,211512735,2,21,1,-1,11,1,5,-1,0,0,0,0,0,0,4,1,-1,1,1,68,10,12777,2,7,VOLVO MODEL MISSING,10,E01018413,0,4
2024010512241,2024,010512241,1,11,0,4,4,1,5,0,0,1,0,0,0,0,4,1,6,6,2,24,5,5132,2,8,VOLVO MODEL MISSING,3,E01003298,0,1
2024991521397,2024,991521397,2,21,1,-1,19,3,7,-1,0,0,0,0,0,0,2,1,-1,1,1,59,9,10837,2,3,VOLVO MODEL MISSING,7,-1,0,1
2024522403143,2024,522403143,2,21,1,2,2,0,0,6,6,0,0,0,0,0,2,1,6,6,3,-1,-1,12777,2,12,VOLVO MODEL MISSING,-1,-1,0,-1
2024111468450,2024,111468450,2,21,1,-1,19,3,7,-1,0,0,0,0,0,0,1,1,-1,1,1,44,7,12777,2,5,VOLVO MODEL MISSING,1,E01020907,0,3
2024991407255,2024,991407255,1,21,0,-1,19,3,6,-1,0,0,0,0,0,0,3,1,-1,1,1,32,6,7698,2,4,VOLVO MODEL MISSING,-1,-1,0,-1
2024010534043,2024,010534043,1,11,0,18,19,7,3,0,0,1,0,0,0,0,1,1,1,1,1,59,9,5132,2,7,VOLVO MODEL MISSING,4,E01002620,0,1
2024991478873,2024,991478873,1,11,0,-1,19,2,6,-1,0,0,0,0,0,0,1,1,-1,1,2,57,9,7698,2,5,VOLVO MODEL MISSING,1,-1,0,4
2024451455651,2024,451455651,2,21,0,-1,19,5,1,-1,0,0,0,0,0,0,1,1,-1,1,1,42,7,10837,2,4,VOLVO MODEL MISSING,8,E01028630,0,4
2024010543174,2024,010543174,1,11,0,18,19,1,5,2,2,1,0,0,0,0,0,1,6,6,2,23,5,5132,2,8,VOLVO MODEL MISSING,2,E01002054,0,1
2024010529095,2024,010529095,1,11,0,5,5,3,7,0,0,2,0,0,0,0,3,1,1,1,1,50,8,4760,2,11,VOLVO MODEL MISSING,3,E01000622,0,2
2024221473222,2024,221473222,1,21,0,-1,19,4,8,-1,0,4,5,0,0,0,4,9,-1,1,1,40,7,10837,2,10,VOLVO MODEL MISSING,8,E01009917,0,3
2024141474754,2024,141474754,1,21,0,-1,15,1,5,-1,0,2,0,0,0,0,4,9,-1,1,1,62,9,12777,2,0,VOLVO MODEL MISSING,9,E01012609,0,4
2024131535218,2024,131535218,2,11,0,-1,19,2,2,-1,0,1,0,0,0,0,1,1,-1,1,1,50,8,5132,2,8,VOLVO MODEL MISSING,10,E01027721,0,3
2024320755474,2024,320755474,1,11,0,9,9,1,3,0,0,6,0,0,0,0,4,1,1,1,1,54,8,9360,2,16,VOLVO MODEL MISSING,9,E01026273,0,4
2024070573642,2024,070573642,1,21,1,12,12,7,3,0,0,0,0,0,0,0,2,1,1,1,1,-1,-1,7698,2,9,VOLVO MODEL MISSING,-1,-1,0,-1
202454B775224,2024,54B775224,1,20,0,5,5,7,3,0,0,0,0,0,0,0,3,1,6,6,1,65,9,-1,-1,-1,VOLVO MODEL MISSING,7,E01025825,0,5
2024471509135,2024,471509135,3,21,0,-1,2,0,0,-1,0,0,0,0,0,0,2,1,-1,1,1,36,7,7698,2,6,VOLVO MODEL MISSING,5,E01021329,0,4
2024010518278,2024,010518278,2,11,0,2,2,0,0,0,0,0,0,0,0,0,2,1,1,1,1,54,8,5132,2,7,VOLVO MODEL MISSING,-1,-1,0,-1
2024991512402,2024,991512402,1,11,0,-1,4,6,2,-1,0,0,0,0,0,0,0,2,-1,1,1,46,8,4760,2,11,VOLVO MODEL MISSING,-1,-1,0,-1
2024122400775,2024,122400775,2,21,0,18,19,5,1,0,0,0,0,0,0,0,2,1,1,1,1,51,8,7698,2,1,VOLVO MODEL MISSING,2,E01008477,0,5
2024371559382,2024,371559382,2,21,1,-1,4,7,3,-1,0,0,0,0,0,0,0,1,-1,1,2,28,6,12777,2,1,VOLVO MODEL MISSING,2,E01035161,0,4
2024361461181,2024,361461181,2,21,0,-1,19,2,6,-1,0,0,0,0,7,10,1,1,-1,2,1,52,8,7146,2,17,VOLVO MODEL MISSING,5,E01033042,0,3
2024131403039,2024,131403039,1,11,0,-1,9,7,5,-1,0,2,0,0,0,0,1,1,-1,9,1,59,9,7300,2,19,VOLVO MODEL MISSING,1,E01010745,0,3
2024451492902,2024,451492902,2,20,1,-1,-1,-1,-1,-1,-1,-1,-1,-1,-1,0,-1,9,-1,6,3,-1,-1,-1,-1,-1,VOLVO MODEL MISSING,-1,-1,0,-1
2024531529442,2024,531529442,1,21,4,-1,5,1,5,-1,0,6,0,0,0,0,3,1,-1,1,1,56,9,12777,2,6,VOLVO MODEL MISSING,2,W01000961,0,4
2024010518423,2024,010518423,1,11,0,5,5,1,5,0,0,1,0,0,1,0,0,1,1,1,2,58,9,9360,2,14,VOLVO MODEL MISSING,2,E01003516,0,1
2024320708907,2024,320708907,1,21,0,-1,-1,8,4,0,0,8,0,0,0,0,1,1,1,1,1,62,9,12777,2,0,VOLVO MODEL MISSING,8,E01026237,0,4
2024010531765,2024,010531765,1,11,0,18,19,1,5,0,0,2,0,0,0,0,0,1,1,1,1,59,9,5132,2,7,VOLVO MODEL MISSING,9,E01030829,0,3
2024552400384,2024,552400384,2,21,1,3,3,4,8,0,0,0,0,0,0,0,2,1,1,1,1,53,8,12777,2,13,VOLVO MODEL MISSING,6,E01029214,0,4
2024361424690,2024,361424690,2,21,1,-1,19,1,5,-1,0,0,0,0,0,0,2,9,-1,1,1,24,5,7698,2,7,VOLVO MODEL MISSING,4,E01026609,0,4
2024430625337,2024,430625337,2,21,0,12,12,5,8,0,0,6,0,0,0,0,2,1,1,1,1,49,8,12777,2,0,VOLVO MODEL MISSING,7,E01014950,0,5
2024031501655,2024,031501655,1,21,4,-1,7,2,1,-1,0,0,0,0,0,0,3,1,-1,1,1,61,9,12777,2,1,VOLVO MODEL MISSING,6,-1,0,4
2024430601435,2024,430601435,1,21,1,18,19,2,6,0,0,0,0,0,0,0,4,1,1,1,1,60,9,12777,2,6,VOLVO MODEL MISSING,4,E01015374,0,5
2024451427327,2024,451427327,4,21,0,-1,4,1,5,-1,0,0,0,0,0,0,1,1,-1,1,1,44,7,7698,2,6,VOLVO MODEL MISSING,6,E01001040,0,3
2024010519339,2024,010519339,2,20,9,18,19,1,5,99,99,9,9,99,9,99,9,9,6,6,1,-1,-1,7698,2,7,VOLVO MODEL MISSING,-1,-1,0,-1
2024991448754,2024,991448754,1,90,0,-1,19,5,1,-1,0,0,2,0,7,0,4,1,-1,1,2,50,8,7146,2,8,VOLVO MODEL MISSING,5,-1,0,4
2024991398079,2024,991398079,1,11,0,-1,7,2,5,-1,0,1,0,0,1,1,4,1,-1,1,1,29,6,9360,2,15,VOLVO MODEL MISSING,6,-1,0,1
2024010524082,2024,010524082,2,11,0,4,4,1,5,0,0,1,0,0,0,0,1,1,1,1,1,62,9,5132,2,8,VOLVO MODEL MISSING,3,E01003616,0,3
2024320762237,2024,320762237,1,21,1,-1,-1,5,1,0,0,0,4,0,7,4,1,1,1,1,1,51,8,9365,2,15,VOLVO MODEL MISSING,2,E01007394,0,4
2024471417374,2024,471417374,2,20,0,-1,19,4,8,-1,0,0,0,0,0,0,1,1,-1,1,1,56,9,-1,-1,-1,VOLVO MODEL MISSING,4,E01024002,0,4
2024231479468,2024,231479468,1,21,1,-1,11,6,2,-1,0,0,0,0,0,0,4,9,-1,1,2,31,6,12777,2,10,VOLVO MODEL MISSING,1,E01012891,0,5
2024371480095,2024,371480095,1,21,1,-1,7,4,2,-1,0,8,0,0,0,0,0,1,-1,1,1,29,6,12777,2,7,VOLVO MODEL MISSING,9,E01035136,0,3
2024522403366,2024,522403366,1,11,0,5,5,2,6,0,0,0,0,0,0,0,4,1,1,1,1,33,6,9360,2,15,VOLVO MODEL MISSING,5,E01014500,0,1
2024991492476,2024,991492476,3,21,4,-1,19,2,6,-1,0,0,0,0,0,0,3,1,-1,1,1,36,7,12777,2,4,VOLVO MODEL MISSING,3,-1,0,4
2024010548525,2024,010548525,3,11,0,99,99,9,9,99,99,9,9,99,9,99,9,9,6,6,3,54,8,5132,2,8,VOLVO MODEL MISSING,10,E01000833,0,3
2024010531243,2024,010531243,1,11,0,4,4,7,3,0,0,1,0,11,0,0,4,1,1,1,1,21,5,5132,2,9,VOLVO MODEL MISSING,3,E01004435,0,2
2024991522508,2024,991522508,1,11,0,-1,19,7,3,-1,0,2,0,0,0,0,0,1,-1,1,1,45,7,5132,2,10,VOLVO MODEL MISSING,8,-1,0,3
2024010517740,2024,010517740,1,11,0,5,5,5,1,2,2,1,0,0,0,0,0,1,1,1,1,54,8,5132,2,7,VOLVO MODEL MISSING,3,E01001983,0,1
2024010535913,2024,010535913,2,21,0,15,15,1,5,0,0,8,0,0,0,0,3,1,6,6,1,34,6,7698,2,8,VOLVO MODEL MISSING,-1,-1,0,-1
2024031438832,2024,031438832,1,11,0,-1,5,4,2,-1,2,6,0,0,0,0,1,1,-1,7,1,73,10,9600,2,24,VOLVO MODEL MISSING,6,E01019235,0,1
2024361468041,2024,361468041,2,21,1,-1,19,2,4,-1,0,0,0,0,0,0,3,1,-1,1,1,73,10,12777,2,9,VOLVO MODEL MISSING,8,E01026938,0,3
2024302400816,2024,302400816,1,20,0,17,19,7,3,0,0,8,0,0,0,0,3,1,6,6,3,-1,-1,7698,2,9,VOLVO MODEL MISSING,5,E01019456,0,4
2024141423796,2024,141423796,2,21,0,-1,19,5,1,-1,0,0,0,0,0,0,1,1,-1,1,1,64,9,12777,2,5,VOLVO MODEL MISSING,9,E01007670,0,1
2024010504761,2024,010504761,1,11,0,18,19,3,7,0,0,1,0,0,0,0,0,1,2,2,1,53,8,9360,2,11,VOLVO MODEL MISSING,8,E01003796,0,4
2024131503208,2024,131503208,2,11,0,-1,19,5,1,-1,0,8,0,0,0,0,4,1,-1,2,2,58,9,9360,2,15,VOLVO MODEL MISSING,1,E01011660,0,1
2024471423242,2024,471423242,2,11,0,-1,4,7,3,-1,0,0,0,0,0,0,2,1,-1,1,1,-1,-1,9360,2,11,VOLVO MODEL MISSING,7,E01016912,0,2
2024010539394,2024,010539394,1,11,0,5,5,7,3,0,0,1,0,0,0,0,0,1,1,1,1,52,8,5132,2,8,VOLVO MODEL MISSING,2,E01004014,0,1
2024371519744,2024,371519744,1,21,4,-1,19,8,4,-1,0,1,0,0,0,0,4,1,-1,1,1,29,6,10837,2,0,VOLVO MODEL MISSING,10,E01030050,0,4
2024010515595,2024,010515595,1,11,0,5,5,3,7,0,0,1,0,0,0,0,0,1,6,6,1,67,10,5132,2,7,VOLVO MODEL MISSING,4,E01030743,0,1
2024010542348,2024,010542348,1,11,0,18,19,7,3,0,0,1,0,0,0,0,1,1,1,1,1,59,9,5132,2,9,VOLVO MODEL MISSING,7,E01002226,0,3
2024320079640,2024,320079640,1,21,1,-1,-1,7,3,0,0,0,5,0,7,9,1,1,1,1,1,34,6,7146,2,10,VOLVO MODEL MISSING,4,E01026323,0,3
2024031526970,2024,031526970,1,21,4,-1,19,3,7,-1,0,0,0,11,0,0,1,1,-1,1,1,57,9,12777,2,2,VOLVO MODEL MISSING,-1,-1,0,-1
2024070637903,2024,070637903,3,21,1,4,4,3,7,0,0,0,0,0,0,0,2,1,1,1,1,52,8,12777,2,2,VOLVO MODEL MISSING,6,E01013034,0,5
2024161469718,2024,161469718,2,11,0,-1,11,2,6,-1,0,0,0,0,0,0,3,9,-1,6,3,-1,-1,7698,2,8,VOLVO MODEL MISSING,-1,-1,0,-1
2024141415214,2024,141415214,1,11,0,-1,19,3,1,-1,0,8,0,0,0,0,1,1,-1,1,2,63,9,7300,2,13,VOLVO MODEL MISSING,-1,-1,0,-1
2024302400052,2024,302400052,3,21,0,12,12,8,4,0,0,0,0,0,0,0,3,1,1,1,1,53,8,12777,2,2,VOLVO MODEL MISSING,3,E01005567,0,4
2024041517252,2024,041517252,2,21,0,-1,19,7,3,-1,0,1,0,0,0,0,1,1,-1,6,1,45,7,12777,2,1,VOLVO MODEL MISSING,2,E01006969,0,4
2024010549330,2024,010549330,1,11,0,16,19,5,1,0,0,0,0,0,0,0,0,1,1,1,1,53,8,5132,2,7,VOLVO MODEL MISSING,5,E01003067,0,2
2024545085724,2024,545085724,1,21,0,18,19,2,6,0,0,0,1,0,7,9,1,1,1,1,1,32,6,12777,2,4,VOLVO MODEL MISSING,5,E01012667,0,5
2024071007071,2024,071007071,2,21,1,-1,4,3,3,-1,0,0,0,0,0,0,2,1,-1,1,1,63,9,12777,2,2,VOLVO MODEL MISSING,9,E01025378,0,4
2024010519092,2024,010519092,1,11,0,5,5,5,1,0,0,1,0,0,0,0,0,1,1,1,2,57,9,5132,2,8,VOLVO MODEL MISSING,5,E01000512,0,2
202460Q120924,2024,60Q120924,2,21,0,18,19,4,8,0,0,0,0,0,1,4,1,1,1,1,1,42,7,12777,2,3,VOLVO MODEL MISSING,-1,-1,0,-1
2024010543622,2024,010543622,1,11,0,18,19,1,5,0,0,2,0,0,0,0,0,1,1,1,1,53,8,5132,2,9,VOLVO MODEL MISSING,3,E01003162,0,3
2024461519123,2024,461519123,1,21,1,-1,19,6,2,-1,0,0,0,0,0,0,1,1,-1,1,1,34,6,12777,2,13,VOLVO MODEL MISSING,3,E01024535,0,3
2024101535351,2024,101535351,1,11,-1,-1,-1,8,6,-1,0,1,0,0,0,0,-1,9,-1,1,1,65,9,9360,2,10,VOLVO MODEL MISSING,2,E01008512,0,1
2024010498144,2024,010498144,1,11,0,4,4,7,3,2,2,1,0,0,1,0,0,1,1,1,1,45,7,5132,2,9,VOLVO MODEL MISSING,1,E01002758,0,2
2024351543094,2024,351543094,1,21,1,-1,4,7,3,-1,0,4,0,0,0,0,1,1,-1,1,1,30,6,12777,2,7,VOLVO MODEL MISSING,10,E01018260,0,3
2024211486632,2024,211486632,1,90,0,-1,19,8,3,-1,0,0,0,0,0,0,4,1,-1,1,1,34,6,7698,2,4,VOLVO MODEL MISSING,-1,-1,0,-1
2024010496873,2024,010496873,1,11,0,18,19,5,1,2,2,0,0,0,0,0,0,1,1,1,1,42,7,9360,2,14,VOLVO MODEL MISSING,6,E01003843,0,2
2024991469358,2024,991469358,1,21,0,-1,9,5,1,-1,0,1,0,0,0,0,1,1,-1,1,2,18,4,12777,2,7,VOLVO MODEL MISSING,6,-1,0,4
2024010503149,2024,010503149,1,11,0,18,19,1,5,0,0,1,0,0,0,0,1,1,1,1,1,26,6,5132,2,7,VOLVO MODEL MISSING,4,E01002647,0,2
2024010526198,2024,010526198,1,11,0,16,19,7,3,0,0,0,0,0,0,0,0,2,1,1,2,24,5,5132,2,7,VOLVO MODEL MISSING,8,E01000297,0,2
2024010545343,2024,010545343,2,11,0,18,19,5,1,0,0,1,0,0,0,0,3,1,1,1,1,46,8,7698,2,2,VOLVO MODEL MISSING,2,E01002877,0,3
2024991509664,2024,991509664,1,21,0,-1,19,8,4,-1,-1,0,1,0,0,0,1,1,-1,1,1,30,6,12777,2,8,VOLVO MODEL MISSING,1,-1,0,4
2024991490004,2024,991490004,2,21,1,-1,19,7,3,-1,0,0,0,0,0,0,2,1,-1,1,1,76,11,10837,2,5,VOLVO MODEL MISSING,2,-1,0,4
2024411506872,2024,411506872,1,21,1,-1,11,5,1,-1,0,0,0,0,0,0,1,1,-1,1,1,52,8,12777,2,7,VOLVO MODEL MISSING,2,E01015073,0,5
2024991439006,2024,991439006,2,21,1,-1,19,6,2,-1,0,0,0,0,0,0,2,1,-1,1,1,60,9,12777,2,5,VOLVO MODEL MISSING,6,-1,0,5
2024041531172,2024,041531172,3,90,0,-1,2,1,5,-1,0,8,0,0,0,0,2,1,-1,2,1,41,7,7698,2,8,VOLVO MODEL MISSING,1,E01005657,0,4
2024061518871,2024,061518871,1,21,1,-1,19,2,6,-1,0,0,0,0,0,0,1,1,-1,1,1,38,7,12777,2,3,VOLVO MODEL MISSING,-1,-1,0,-1
2024010512301,2024,010512301,2,21,1,18,19,3,7,0,0,1,0,0,0,0,2,1,1,1,1,61,9,7698,2,8,VOLVO MODEL MISSING,4,E01015996,0,4
2024421421098,2024,421421098,3,11,0,-1,9,7,5,-1,0,1,0,0,0,0,1,1,-1,1,1,53,8,7300,2,19,VOLVO MODEL MISSING,2,E01022006,0,4
2024320297483,2024,320297483,1,21,0,9,9,6,5,0,0,5,0,0,0,0,1,1,1,1,1,36,7,12777,2,0,VOLVO MODEL MISSING,6,E01016478,0,5
2024010529074,2024,010529074,1,11,0,5,5,5,1,0,0,6,0,0,0,0,0,1,1,1,1,50,8,5132,2,8,VOLVO MODEL MISSING,4,E01004066,0,2
2024991486346,2024,991486346,1,21,4,-1,19,8,4,-1,0,0,0,0,0,0,0,9,-1,1,3,32,6,16123,2,6,VOLVO MODEL MISSING,4,E01019730,0,5
2024070225489,2024,070225489,1,21,0,10,10,2,6,0,0,1,0,0,0,0,1,1,6,6,1,-1,-1,12777,2,1,VOLVO MODEL MISSING,6,E01006157,0,4
2024552400381,2024,552400381,1,21,1,18,19,4,8,0,0,0,0,0,1,3,1,1,1,1,1,60,9,12777,2,8,VOLVO MODEL MISSING,2,W01001711,0,5
2024041459005,2024,041459005,1,11,0,-1,19,1,5,-1,0,0,0,0,0,0,1,1,-1,1,1,62,9,7698,2,1,VOLVO MODEL MISSING,2,E01025091,0,1
2024010525586,2024,010525586,1,11,0,18,19,5,1,0,0,1,0,0,0,0,0,1,1,1,1,59,9,5132,2,8,VOLVO MODEL MISSING,2,E01001447,0,3
2024010500426,2024,010500426,1,11,0,5,5,7,3,0,0,0,0,0,0,0,1,1,1,1,1,45,7,5132,2,7,VOLVO MODEL MISSING,3,E01002572,0,2
2024201424515,2024,201424515,1,11,0,-1,5,2,6,-1,0,2,0,0,0,0,1,9,-1,1,1,65,9,7300,2,11,VOLVO MODEL MISSING,2,E01009029,0,1
2024052400528,2024,052400528,1,21,0,18,19,8,4,0,0,0,0,0,0,0,1,1,6,6,1,-1,-1,12777,2,11,VOLVO MODEL MISSING,-1,-1,0,-1
2024430457734,2024,430457734,1,21,0,3,3,3,7,0,0,1,0,0,0,0,4,1,1,1,2,32,6,12777,2,1,VOLVO MODEL MISSING,-1,-1,0,-1
2024161430328,2024,161430328,2,17,0,-1,19,6,2,-1,0,0,0,0,0,0,1,9,-1,1,1,62,9,-1,-1,-1,VOLVO MODEL MISSING,4,E01013225,0,1
2024471517201,2024,471517201,2,11,0,-1,3,2,6,-1,2,0,0,0,0,0,4,1,-1,1,1,63,9,9360,2,12,VOLVO MODEL MISSING,5,E01016988,0,3
2024461405022,2024,461405022,3,21,1,-1,19,6,2,-1,0,0,0,0,0,0,4,1,-1,1,1,54,8,12777,2,8,VOLVO MODEL MISSING,-1,-1,0,-1
202454F261124,2024,54F261124,2,11,0,18,19,2,7,0,0,4,0,0,0,0,1,2,6,6,1,59,9,18146,2,13,VOLVO MODEL MISSING,9,E01031920,0,2
2024991419742,2024,991419742,1,21,0,-1,19,5,1,-1,0,0,0,2,0,0,1,1,-1,1,-1,34,6,10837,2,11,VOLVO MODEL MISSING,-1,-1,0,-1
2024991530222,2024,991530222,1,11,0,-1,19,3,7,-1,0,2,0,0,0,0,1,1,-1,1,1,56,9,9360,2,17,VOLVO MODEL MISSING,2,-1,0,2
2024141541903,2024,141541903,2,21,0,-1,11,3,7,-1,0,0,0,0,0,0,4,1,-1,6,3,-1,-1,12777,2,8,VOLVO MODEL MISSING,-1,-1,0,-1
2024061429523,2024,061429523,1,21,-1,-1,13,-1,-1,-1,0,0,0,0,0,0,3,9,-1,6,3,-1,-1,12777,2,3,VOLVO MODEL MISSING,-1,-1,0,-1
2024010525045,2024,010525045,1,21,1,18,19,1,5,0,0,8,5,0,1,2,4,1,1,1,1,58,9,12777,2,0,VOLVO MODEL MISSING,2,E01001257,0,1
2024361406249,2024,361406249,1,21,1,-1,19,7,3,-1,0,0,2,0,1,1,4,1,-1,1,1,61,9,12777,2,1,VOLVO MODEL MISSING,3,E01026447,0,4
2024010536739,2024,010536739,1,11,0,99,99,9,9,99,99,9,9,99,9,99,9,9,6,6,3,-1,-1,5132,2,7,VOLVO MODEL MISSING,-1,-1,0,-1
2024552400245,2024,552400245,2,11,0,18,19,7,3,0,0,0,0,0,0,0,3,1,1,1,1,55,8,12000,2,18,VOLVO MODEL MISSING,10,E01029254,0,1
2024010536180,2024,010536180,2,11,0,18,19,5,1,0,0,6,0,0,0,0,3,1,1,1,1,65,9,5132,2,7,VOLVO MODEL MISSING,4,E01000185,0,2
2024221455949,2024,221455949,2,21,5,-1,19,6,2,-1,0,0,2,0,0,0,4,1,-1,1,1,27,6,12777,2,7,VOLVO MODEL MISSING,9,E01029779,0,4
2024471402240,2024,471402240,1,11,0,-1,4,7,3,-1,0,0,0,0,0,0,0,1,-1,1,2,50,8,9360,2,12,VOLVO MODEL MISSING,9,E01021056,0,3
2024201424127,2024,201424127,1,11,0,-1,4,6,2,-1,0,0,1,0,0,0,1,1,-1,1,2,23,5,9600,2,28,VOLVO MODEL MISSING,3,E01008930,0,3
2024010539058,2024,010539058,1,11,9,99,99,9,9,99,99,9,9,99,9,99,9,1,6,6,3,-1,-1,4760,2,11,VOLVO MODEL MISSING,-1,-1,0,-1
2024010548619,2024,010548619,1,11,0,5,5,7,3,0,0,2,0,0,0,0,0,1,1,1,1,63,9,9360,2,12,VOLVO MODEL MISSING,5,E01001348,0,2
2024991535347,2024,991535347,1,11,0,-1,19,3,7,-1,0,1,0,0,0,0,0,1,-1,1,1,51,8,7698,2,5,VOLVO MODEL MISSING,9,-1,0,1
2024010522819,2024,010522819,1,11,0,5,5,0,3,0,0,2,0,0,0,0,0,1,1,1,1,50,8,5132,2,6,VOLVO MODEL MISSING,2,E01000508,0,1
2024991402253,2024,991402253,2,21,1,-1,11,3,7,-1,0,5,0,0,0,0,3,1,-1,1,1,52,8,12777,2,1,VOLVO MODEL MISSING,4,-1,0,4
2024010541269,2024,010541269,1,11,0,5,5,7,3,0,0,0,0,0,0,0,0,1,1,1,1,60,9,5132,2,8,VOLVO MODEL MISSING,4,E01003343,0,1
2024101414932,2024,101414932,1,21,0,-1,19,3,7,-1,0,0,1,0,0,0,1,1,-1,1,1,45,7,10837,2,7,VOLVO MODEL MISSING,8,-1,0,5
2024010514508,2024,010514508,1,11,0,5,5,7,3,0,0,1,0,0,0,0,0,1,1,1,2,56,9,4760,2,11,VOLVO MODEL MISSING,2,E01000527,0,1
2024411538148,2024,411538148,1,11,0,-1,9,3,1,-1,0,2,0,0,0,0,1,1,-1,1,2,44,7,7300,2,13,VOLVO MODEL MISSING,4,E01021850,0,3
2024101511288,2024,101511288,2,11,0,-1,19,8,4,-1,0,1,0,0,0,0,0,1,-1,1,1,40,7,9360,2,10,VOLVO MODEL MISSING,-1,-1,0,-1
2024111437911,2024,111437911,3,21,1,-1,2,0,0,-1,0,0,0,0,0,0,0,1,-1,6,-1,-1,-1,12777,2,9,VOLVO MODEL MISSING,-1,-1,0,-1
2024991433511,2024,991433511,1,11,0,-1,14,8,4,-1,0,2,0,0,0,0,0,1,-1,1,1,40,7,9360,2,14,VOLVO MODEL MISSING,4,-1,0,1
2024340WN1552,2024,340WN1552,3,20,0,-1,19,6,2,-1,0,2,0,0,0,0,1,1,-1,1,1,55,8,12777,2,8,VOLVO MODEL MISSING,2,E01027214,0,2
2024371425465,2024,371425465,1,20,1,-1,19,8,4,-1,0,1,1,0,0,0,1,1,-1,1,1,53,8,-1,-1,-1,VOLVO MODEL MISSING,1,E01030279,0,4
2024221491200,2024,221491200,1,11,0,-1,4,4,8,-1,0,8,0,0,0,0,0,9,-1,1,1,43,7,7300,2,16,VOLVO MODEL MISSING,1,E01034928,0,4
2024131505025,2024,131505025,1,21,0,-1,19,5,1,-1,0,8,0,0,0,0,1,1,-1,1,1,59,9,12777,2,11,VOLVO MODEL MISSING,5,E01011147,0,3
2024991443681,2024,991443681,1,11,0,-1,3,8,4,-1,0,0,0,0,0,0,0,1,-1,1,-1,44,7,7698,2,5,VOLVO MODEL MISSING,-1,-1,0,-1
2024010495571,2024,010495571,2,11,0,5,5,9,9,99,99,0,9,99,9,99,9,9,6,6,3,-1,-1,5132,2,6,VOLVO MODEL MISSING,3,E01001311,0,3
2024131456073,2024,131456073,3,21,0,-1,3,5,1,-1,0,0,0,0,0,0,2,1,-1,6,3,-1,-1,12777,2,1,VOLVO MODEL MISSING,-1,-1,0,-1
2024052400582,2024,052400582,3,11,0,2,2,0,0,0,0,0,0,0,0,0,0,1,1,1,3,-1,-1,5132,2,7,VOLVO MODEL MISSING,-1,-1,0,-1
2024201515982,2024,201515982,2,11,0,-1,4,7,7,-1,0,0,5,0,0,0,4,1,-1,1,1,58,9,7300,2,11,VOLVO MODEL MISSING,10,E01031123,0,3
2024221439904,2024,221439904,1,21,0,-1,19,2,6,-1,0,0,1,0,0,0,1,1,-1,9,1,48,8,12777,2,4,VOLVO MODEL MISSING,3,E01032132,0,4
2024201483704,2024,201483704,1,11,0,-1,4,7,3,-1,0,0,0,0,0,0,4,1,-1,1,1,39,7,7300,2,12,VOLVO MODEL MISSING,-1,-1,0,-1
2024991448708,2024,991448708,2,11,0,-1,19,3,7,-1,0,0,0,0,0,0,1,1,-1,1,1,59,9,7698,2,5,VOLVO MODEL MISSING,4,-1,0,3
2024131452042,2024,131452042,1,11,0,-1,5,5,1,-1,0,0,0,0,0,0,0,1,-1,1,2,48,8,7300,2,11,VOLVO MODEL MISSING,1,E01010967,0,1
2024010500459,2024,010500459,1,11,0,17,19,5,1,9,9,2,0,0,0,0,1,1,1,1,1,52,8,5132,2,9,VOLVO MODEL MISSING,4,E01001694,0,1
2024010500507,2024,010500507,1,11,0,4,4,1,5,0,0,0,0,0,0,0,0,1,1,1,1,48,8,4760,2,10,VOLVO MODEL MISSING,4,E01003114,0,1
2024991513263,2024,991513263,1,11,0,-1,4,2,6,-1,0,1,0,0,0,0,0,1,-1,1,1,34,6,5132,2,3,VOLVO MODEL MISSING,-1,-1,0,-1
2024351443031,2024,351443031,1,21,1,-1,19,3,7,-1,0,8,0,99,0,0,3,9,-1,6,1,31,6,12777,2,10,VOLVO MODEL MISSING,4,E01026648,0,4