collision_index,collision_year,collision_ref_no,vehicle_reference,vehicle_type,towing_and_articulation,vehicle_manoeuvre_historic,vehicle_manoeuvre,vehicle_direction_from,vehicle_direction_to,vehicle_location_restricted_lane_historic,vehicle_location_restricted_lane,junction_location,skidding_and_overturning,hit_object_in_carriageway,vehicle_leaving_carriageway,hit_object_off_carriageway,first_point_of_impact,vehicle_left_hand_drive,journey_purpose_of_driver_historic,journey_purpose_of_driver,sex_of_driver,age_of_driver,age_band_of_driver,engine_capacity_cc,propulsion_code,age_of_vehicle,generic_make_model,driver_imd_decile,lsoa_of_driver,escooter_flag,driver_distance_banding
2024010514202,2024,010514202,1,11,0,4,4,1,5,0,0,8,0,0,0,0,2,1,1,1,1,58,9,5132,2,7,VOLVO MODEL MISSING,3,E01001894,0,1
2024522402793,2024,522402793,1,21,1,3,3,5,1,0,0,0,0,0,0,0,3,1,1,1,1,38,7,12777,2,1,VOLVO MODEL MISSING,6,E01031846,0,4
2024991512115,2024,991512115,2,90,0,-1,19,7,3,-1,0,0,1,0,1,0,3,1,-1,1,1,53,8,-1,-1,-1,VOLVO MODEL MISSING,2,E01019115,0,4
2024010500782,2024,010500782,2,11,0,9,9,7,6,0,0,1,0,0,0,0,0,1,1,1,1,53,8,5132,2,7,VOLVO MODEL MISSING,-1,-1,0,-1
2024131496752,2024,131496752,1,11,0,-1,19,7,3,-1,2,0,0,0,0,0,1,2,-1,1,2,54,8,9360,2,15,VOLVO MODEL MISSING,2,E01011552,0,2
2024010518552,2024,010518552,1,11,0,18,19,6,2,2,2,1,0,0,0,0,0,1,1,1,1,55,8,5132,2,5,VOLVO MODEL MISSING,3,E01001436,0,3
2024471517523,2024,471517523,1,11,0,-1,19,2,6,-1,0,8,0,0,0,0,3,1,-1,1,1,31,6,9360,2,12,VOLVO MODEL MISSING,2,E01016918,0,2
2024161456310,2024,161456310,1,11,0,-1,19,1,5,-1,0,1,0,0,0,0,0,1,-1,1,1,55,8,7300,2,15,VOLVO MODEL MISSING,5,E01013027,0,3
2024031497919,2024,031497919,1,11,0,-1,19,1,5,-1,0,0,0,0,0,0,1,1,-1,1,1,56,9,5132,2,7,VOLVO MODEL MISSING,7,E01034077,0,2
2024991484301,2024,991484301,1,11,0,-1,4,2,6,-1,0,8,0,0,0,0,1,1,-1,1,1,64,9,7698,2,1,VOLVO MODEL MISSING,2,-1,0,4
2024501440497,2024,501440497,1,21,0,-1,19,6,2,-1,0,1,0,0,0,0,1,1,-1,1,1,64,9,12777,2,6,VOLVO MODEL MISSING,5,E01020049,0,3
2024052400281,2024,052400281,1,21,1,18,19,5,1,0,0,0,0,4,0,0,1,1,1,1,1,55,8,12777,2,10,VOLVO MODEL MISSING,7,E01011051,0,4
2024361457192,2024,361457192,1,21,1,-1,5,7,3,-1,0,1,0,0,0,0,1,1,-1,2,1,51,8,12777,2,1,VOLVO MODEL MISSING,5,E01027678,0,5
2024010514856,2024,010514856,1,11,0,4,4,7,3,0,0,1,0,4,0,0,1,1,1,1,1,48,8,7698,2,2,VOLVO MODEL MISSING,4,E01002446,0,1
2024010547684,2024,010547684,1,21,0,18,19,3,7,0,0,2,0,0,0,0,1,1,1,1,1,28,6,7698,2,10,VOLVO MODEL MISSING,7,E01002203,0,3
2024201516236,2024,201516236,1,21,1,-1,11,4,8,-1,0,0,1,0,0,0,1,1,-1,1,1,49,8,12777,2,2,VOLVO MODEL MISSING,2,E01009630,0,4
2024101518125,2024,101518125,1,20,1,-1,19,3,7,-1,0,0,0,0,0,0,1,1,-1,1,1,64,9,-1,-1,-1,VOLVO MODEL MISSING,4,E01008554,0,2
2024991501719,2024,991501719,1,11,0,-1,5,2,6,-1,2,0,0,0,0,0,0,1,-1,1,1,51,8,5132,2,9,VOLVO MODEL MISSING,8,-1,0,4
2024010549007,2024,010549007,1,11,0,5,5,8,4,0,0,8,0,0,0,0,3,1,1,1,1,60,9,5132,2,7,VOLVO MODEL MISSING,3,E01000502,0,2
2024411510850,2024,411510850,1,11,0,-1,5,4,7,-1,0,6,0,0,7,11,1,1,-1,1,2,51,8,5132,2,10,VOLVO MODEL MISSING,1,E01001517,0,1
2024471427504,2024,471427504,1,21,0,-1,19,8,4,-1,0,1,0,0,0,0,0,1,-1,1,1,57,9,7698,2,7,VOLVO MODEL MISSING,2,E01021137,0,4
2024461530572,2024,461530572,1,20,0,-1,19,2,6,-1,0,0,0,0,0,0,1,9,-1,6,1,-1,-1,12777,2,1,VOLVO MODEL MISSING,2,E01024717,0,3
2024430459043,2024,430459043,1,11,0,18,19,8,4,0,0,0,0,0,0,0,1,1,1,1,1,53,8,7300,2,23,VOLVO MODEL MISSING,4,E01017512,0,4
2024010512177,2024,010512177,1,11,0,18,19,3,7,0,0,1,0,0,0,0,4,1,6,6,1,68,10,5132,2,7,VOLVO MODEL MISSING,6,E01001498,0,1
2024010507086,2024,010507086,1,11,0,5,5,5,1,0,0,8,0,0,0,0,0,1,1,1,1,62,9,5132,2,9,VOLVO MODEL MISSING,2,E01001219,0,1
2024122400437,2024,122400437,3,11,0,17,19,5,2,0,0,0,0,0,0,0,0,1,1,1,1,66,10,9600,2,25,VOLVO MODEL MISSING,1,E01027820,0,4
2024010509023,2024,010509023,1,90,5,18,19,7,3,0,0,0,0,0,0,0,2,1,1,1,1,61,9,-1,-1,-1,VOLVO MODEL MISSING,4,E01023296,0,4
2024010489943,2024,010489943,2,11,0,18,19,1,5,0,0,1,0,0,0,0,1,1,6,6,1,34,6,9360,2,9,VOLVO MODEL MISSING,6,E01003314,0,2
2024010546064,2024,010546064,1,11,0,9,9,7,4,0,0,8,0,0,0,0,0,1,6,6,1,22,5,5132,2,9,VOLVO MODEL MISSING,8,E01001123,0,2
2024070497357,2024,070497357,3,21,1,4,4,5,1,0,0,0,1,0,0,0,2,1,1,1,1,-1,-1,12777,2,6,VOLVO MODEL MISSING,-1,-1,0,-1
2024501493615,2024,501493615,2,19,0,-1,19,4,1,-1,0,0,0,0,0,0,1,1,-1,1,1,58,9,7146,2,16,VOLVO MODEL MISSING,5,E01020330,0,4
2024201479674,2024,201479674,2,11,0,-1,4,7,3,-1,0,0,0,0,0,0,3,1,-1,1,1,30,6,7300,2,11,VOLVO MODEL MISSING,1,E01009384,0,2
2024131408181,2024,131408181,1,21,0,-1,19,1,1,-1,0,0,0,0,0,0,1,1,-1,1,1,41,7,12777,2,2,VOLVO MODEL MISSING,1,E01007138,0,5
2024991450480,2024,991450480,1,11,0,-1,12,7,3,-1,0,0,0,0,0,0,2,1,-1,1,1,35,6,9360,2,16,VOLVO MODEL MISSING,-1,-1,0,-1
2024010490230,2024,010490230,2,11,0,3,3,3,7,2,2,1,0,0,0,0,2,1,1,1,1,64,9,5132,2,8,VOLVO MODEL MISSING,3,E01003310,0,1
2024052402317,2024,052402317,2,11,0,18,19,8,4,0,0,8,0,0,0,0,1,1,1,1,1,52,8,5132,2,7,VOLVO MODEL MISSING,1,E01006961,0,1
2024401467800,2024,401467800,2,11,0,-1,7,7,3,-1,2,1,0,0,0,0,1,1,-1,1,1,56,9,9360,2,17,VOLVO MODEL MISSING,10,E01017407,0,3
2024421519366,2024,421519366,1,11,0,-1,19,8,4,-1,2,0,0,0,0,0,0,1,-1,7,1,51,8,4760,2,13,VOLVO MODEL MISSING,2,E01000049,0,3
2024340WN4192,2024,340WN4192,2,21,0,-1,19,7,3,-1,0,8,0,0,0,0,1,1,-1,1,1,55,8,12777,2,1,VOLVO MODEL MISSING,7,E01028474,0,3
2024010500953,2024,010500953,1,11,0,99,99,9,9,99,99,9,9,99,9,99,0,9,1,1,1,38,7,4760,2,12,VOLVO MODEL MISSING,6,E01000244,0,2
2024010499397,2024,010499397,1,11,0,5,5,4,8,0,0,8,0,0,0,0,0,1,1,1,1,68,10,5132,2,9,VOLVO MODEL MISSING,5,E01033740,0,2
2024010524554,2024,010524554,1,11,0,18,19,5,1,0,0,2,0,0,0,0,1,1,1,1,1,32,6,5132,2,7,VOLVO MODEL MISSING,3,E01004471,0,2
2024991528484,2024,991528484,1,11,0,-1,4,7,3,-1,0,0,0,0,0,0,0,1,-1,1,1,43,7,5132,2,7,VOLVO MODEL MISSING,3,-1,0,1
2024010519617,2024,010519617,1,11,0,5,5,1,5,0,0,1,0,0,0,0,4,1,1,1,2,30,6,5132,2,7,VOLVO MODEL MISSING,4,E01003529,0,2
2024061504288,2024,061504288,1,11,0,-1,9,-1,-1,-1,0,5,0,0,0,0,3,1,-1,6,3,-1,-1,9360,2,15,VOLVO MODEL MISSING,3,E01005012,0,1
2024991410334,2024,991410334,2,90,1,-1,19,3,7,-1,0,1,1,4,0,0,1,1,-1,1,1,44,7,-1,-1,-1,VOLVO MODEL MISSING,10,E01011932,0,5
2024010551851,2024,010551851,2,11,0,18,19,5,1,0,0,8,0,0,0,0,1,1,6,6,1,53,8,5132,2,8,VOLVO MODEL MISSING,-1,-1,0,-1
2024010540958,2024,010540958,1,11,0,4,4,3,7,0,0,2,0,0,0,0,1,1,1,1,1,55,8,5132,2,7,VOLVO MODEL MISSING,3,E01002823,0,1
2024161412506,2024,161412506,1,11,0,-1,2,0,0,-1,0,0,0,0,0,0,0,9,-1,1,1,48,8,7300,2,16,VOLVO MODEL MISSING,10,E01013117,0,1
2024061525130,2024,061525130,2,11,0,-1,5,1,4,-1,0,0,0,0,0,0,4,1,-1,1,1,39,7,9360,2,16,VOLVO MODEL MISSING,-1,-1,0,-1
2024010504652,2024,010504652,1,11,0,4,4,5,1,0,0,0,0,0,0,0,0,1,1,1,1,54,8,5132,2,5,VOLVO MODEL MISSING,2,E01001878,0,2
2024991534892,2024,991534892,1,11,0,-1,3,5,2,-1,0,1,0,0,0,0,0,1,-1,1,1,34,6,7698,2,5,VOLVO MODEL MISSING,4,-1,0,1
2024010504534,2024,010504534,1,11,0,5,5,3,7,0,0,1,0,0,0,0,1,1,1,1,1,29,6,5132,2,6,VOLVO MODEL MISSING,2,E01033938,0,2
2024010533730,2024,010533730,1,11,0,7,7,7,2,0,0,2,0,0,0,0,0,1,1,1,1,69,10,5132,2,5,VOLVO MODEL MISSING,6,E01000937,0,1
2024010532497,2024,010532497,1,11,1,13,13,3,7,0,0,0,0,0,0,0,3,1,1,1,1,59,9,5132,2,6,VOLVO MODEL MISSING,2,E01002588,0,1
2024052401775,2024,052401775,1,21,1,18,19,3,7,0,0,0,1,0,4,4,1,1,1,1,1,61,9,12777,2,3,VOLVO MODEL MISSING,5,E01006929,0,4
2024010551364,2024,010551364,1,11,0,5,5,5,1,2,2,6,0,0,0,0,0,1,1,1,1,65,9,5132,2,9,VOLVO MODEL MISSING,2,E01004185,0,1
2024531475469,2024,531475469,2,21,0,-1,19,1,5,-1,0,0,0,0,7,4,3,1,-1,1,1,30,6,10837,2,5,VOLVO MODEL MISSING,4,E01026090,0,5
2024010519510,2024,010519510,1,11,0,4,4,5,1,0,0,8,0,0,0,0,0,1,6,6,1,57,9,5132,2,9,VOLVO MODEL MISSING,7,E01001204,0,2
2024340WN9102,2024,340WN9102,2,21,0,-1,19,1,5,-1,0,0,0,0,0,0,1,1,-1,1,1,58,9,12777,2,3,VOLVO MODEL MISSING,1,E01013640,0,4
2024991548555,2024,991548555,1,11,0,-1,19,3,8,-1,0,0,0,0,0,0,0,1,-1,1,1,45,7,10838,2,9,VOLVO MODEL MISSING,1,-1,0,4
2024010527487,2024,010527487,1,11,0,5,5,1,5,0,0,0,0,0,0,0,0,1,1,1,1,50,8,5132,2,7,VOLVO MODEL MISSING,2,E01000085,0,3
2024201411781,2024,201411781,3,21,1,-1,19,5,1,-1,0,0,0,0,0,0,4,1,-1,1,1,62,9,12777,2,2,VOLVO MODEL MISSING,3,-1,0,5
2024010504924,2024,010504924,1,11,0,9,9,6,3,0,0,5,0,0,0,0,0,1,1,1,1,37,7,4760,2,11,VOLVO MODEL MISSING,6,E01004347,0,2
2024010508865,2024,010508865,1,11,0,18,19,5,1,0,0,8,0,0,0,0,0,1,1,1,1,51,8,5132,2,5,VOLVO MODEL MISSING,3,E01001262,0,2
2024010507057,2024,010507057,1,11,0,4,4,5,1,0,0,0,0,0,0,0,1,1,6,6,2,31,6,5132,2,7,VOLVO MODEL MISSING,9,E01023525,0,3
2024471491497,2024,471491497,1,11,0,-1,5,7,3,-1,0,1,9,0,0,0,0,1,-1,1,1,65,9,9360,2,13,VOLVO MODEL MISSING,4,E01016902,0,1
2024010518134,2024,010518134,1,11,0,4,4,7,3,0,0,0,0,0,0,0,0,1,6,6,2,42,7,4760,2,10,VOLVO MODEL MISSING,7,E01003152,0,1
2024451450058,2024,451450058,1,21,0,-1,19,5,1,-1,0,0,5,0,7,4,4,1,-1,1,1,55,8,12777,2,7,VOLVO MODEL MISSING,5,E01000401,0,4
2024520401747,2024,520401747,2,21,0,18,19,4,8,0,0,8,0,0,0,0,4,1,6,6,1,26,6,12777,2,1,VOLVO MODEL MISSING,3,E01014811,0,4
2024211532641,2024,211532641,3,21,1,-1,19,8,4,-1,0,0,0,0,0,0,1,1,-1,1,1,61,9,12777,2,4,VOLVO MODEL MISSING,4,E01026988,0,4
2024010528723,2024,010528723,1,11,0,7,7,1,3,0,0,8,0,0,0,0,3,1,1,1,1,42,7,5132,2,9,VOLVO MODEL MISSING,6,E01004370,0,3
2024320102717,2024,320102717,2,21,0,9,9,6,4,0,0,5,0,0,0,0,3,1,1,1,1,49,8,12777,2,4,VOLVO MODEL MISSING,-1,-1,0,-1
202454E508524,2024,54E508524,1,11,0,17,19,5,2,0,0,0,0,0,0,0,0,1,3,7,1,68,10,12000,2,17,VOLVO MODEL MISSING,8,E01031940,0,2
2024010502547,2024,010502547,1,11,0,5,5,3,7,0,0,0,0,0,0,0,4,1,1,1,1,44,7,5132,2,9,VOLVO MODEL MISSING,3,E01001466,0,2
2024361483144,2024,361483144,1,11,0,-1,4,5,1,-1,0,0,0,0,0,0,0,1,-1,1,2,43,7,9360,2,16,VOLVO MODEL MISSING,1,E01026595,0,1
2024010507096,2024,010507096,1,11,0,18,19,1,5,0,0,6,0,0,0,0,0,1,1,1,1,57,9,4760,2,14,VOLVO MODEL MISSING,8,E01004102,0,2
2024991439212,2024,991439212,2,11,0,-1,19,3,7,-1,0,1,0,0,0,0,1,1,-1,1,1,24,5,12000,2,17,VOLVO MODEL MISSING,-1,-1,0,-1
2024010509208,2024,010509208,1,11,0,3,3,7,3,0,0,1,0,0,0,0,0,1,6,6,1,40,7,5132,2,5,VOLVO MODEL MISSING,4,E01001243,0,2
2024430567167,2024,430567167,1,11,0,18,19,4,8,0,0,0,0,11,0,0,1,1,1,1,1,-1,-1,9360,2,14,VOLVO MODEL MISSING,-1,-1,0,-1
2024010538956,2024,010538956,2,11,0,99,99,9,9,99,99,0,9,99,9,99,9,9,6,6,3,56,9,9360,2,11,VOLVO MODEL MISSING,5,E01000619,0,2
2024991516319,2024,991516319,1,11,0,-1,9,7,4,-1,0,8,0,0,0,0,0,1,-1,1,1,65,9,9360,2,13,VOLVO MODEL MISSING,7,-1,0,2
2024010498752,2024,010498752,2,11,0,4,4,3,7,0,0,0,0,0,0,0,1,1,6,6,1,42,7,5132,2,9,VOLVO MODEL MISSING,2,E01004335,0,3
2024010527345,2024,010527345,1,19,5,4,4,1,5,9,9,1,0,0,0,0,1,1,6,6,1,40,7,-1,-1,-1,VOLVO MODEL MISSING,3,E01001267,0,3
2024411500538,2024,411500538,1,21,-1,-1,-1,-1,-1,-1,-1,0,-1,-1,-1,0,-1,9,-1,6,3,-1,-1,-1,-1,-1,VOLVO MODEL MISSING,-1,-1,0,-1
2024141480560,2024,141480560,2,21,1,-1,19,7,3,-1,0,0,0,0,0,0,1,1,-1,1,1,56,9,12777,2,2,VOLVO MODEL MISSING,3,E01020799,0,5
2024131450647,2024,131450647,1,11,0,-1,19,1,5,-1,2,2,0,0,0,0,1,1,-1,1,1,60,9,9360,2,16,VOLVO MODEL MISSING,1,E01011349,0,1
2024991397507,2024,991397507,3,11,0,-1,9,2,8,-1,0,1,0,0,0,0,1,1,-1,1,1,31,6,9360,2,13,VOLVO MODEL MISSING,7,-1,0,4
2024461497717,2024,461497717,1,21,0,-1,19,3,7,-1,0,0,0,0,0,0,1,9,-1,9,1,-1,-1,12777,2,9,VOLVO MODEL MISSING,1,E01016007,0,4
2024991435727,2024,991435727,1,11,0,-1,4,5,1,-1,0,2,0,0,0,0,0,1,-1,1,1,40,7,9360,2,13,VOLVO MODEL MISSING,6,-1,0,3
2024141475375,2024,141475375,1,21,0,-1,3,1,5,-1,0,0,0,0,0,0,2,1,-1,1,1,43,7,12777,5,2,VOLVO MODEL MISSING,8,E01007756,0,3
2024371416950,2024,371416950,2,21,1,-1,19,6,5,-1,0,0,0,0,0,0,2,1,-1,1,1,31,6,12777,2,6,VOLVO MODEL MISSING,6,E01033784,0,4
2024010522839,2024,010522839,2,11,0,3,3,5,1,0,0,1,0,0,0,0,2,1,1,1,1,51,8,5132,2,6,VOLVO MODEL MISSING,4,E01000497,0,2
2024991458150,2024,991458150,1,11,0,-1,5,5,1,-1,0,8,0,0,0,0,1,1,-1,1,1,45,7,7698,2,5,VOLVO MODEL MISSING,-1,-1,0,-1
2024131410282,2024,131410282,1,11,0,-1,4,5,1,-1,0,1,0,0,0,0,0,1,-1,1,1,65,9,7300,2,19,VOLVO MODEL MISSING,1,E01010814,0,3
2024041513375,2024,041513375,4,21,1,-1,19,1,5,-1,0,0,0,0,0,0,1,1,-1,1,1,62,9,12777,2,10,VOLVO MODEL MISSING,1,E01025171,0,3
2024231406867,2024,231406867,2,21,1,-1,1,5,3,-1,0,5,0,0,0,0,1,1,-1,1,1,26,6,16123,2,17,VOLVO MODEL MISSING,-1,-1,0,-1
2024991447215,2024,991447215,2,90,0,-1,2,0,0,-1,0,0,0,0,0,0,1,1,-1,6,-1,-1,-1,5700,2,7,VOLVO MODEL MISSING,-1,-1,0,-1
2024122400742,2024,122400742,1,21,1,13,13,3,8,0,0,1,0,0,0,0,1,1,1,1,1,37,7,12777,2,1,VOLVO MODEL MISSING,9,E01027589,0,2
2024351539715,2024,351539715,1,11,0,-1,19,6,2,-1,0,0,5,0,1,9,0,9,-1,7,2,65,9,7300,2,21,VOLVO MODEL MISSING,2,E01026277,0,3
2024010533491,2024,010533491,1,11,0,4,4,7,3,0,0,0,0,0,0,0,0,1,6,6,2,61,9,5132,2,7,VOLVO MODEL MISSING,3,E01001229,0,1
2024010510715,2024,010510715,1,11,0,18,19,3,7,0,0,0,0,0,0,0,0,1,1,1,1,64,9,4760,2,12,VOLVO MODEL MISSING,1,E01002038,0,2
2024010531613,2024,010531613,1,11,0,5,5,0,1,2,2,0,0,0,0,0,0,1,1,1,1,51,8,5132,2,5,VOLVO MODEL MISSING,6,E01000892,0,1
2024430330721,2024,430330721,2,21,1,3,3,8,4,0,0,1,0,0,0,0,2,1,1,1,1,31,6,12777,2,2,VOLVO MODEL MISSING,2,E01007656,0,5
2024991426206,2024,991426206,1,11,0,-1,19,3,7,-1,0,1,0,0,0,0,1,1,-1,1,1,59,9,5132,2,7,VOLVO MODEL MISSING,4,-1,0,3
2024010514639,2024,010514639,1,11,0,16,19,1,5,0,0,2,0,0,0,0,0,1,1,1,1,48,8,5132,2,5,VOLVO MODEL MISSING,2,E01000891,0,1
2024430430429,2024,430430429,1,11,0,18,19,1,5,2,2,1,0,0,0,0,1,1,1,1,1,53,8,7300,2,15,VOLVO MODEL MISSING,2,E01002530,0,3
2024201497902,2024,201497902,2,21,0,-1,19,4,8,-1,0,8,0,0,0,0,2,1,-1,6,1,43,7,7698,2,1,VOLVO MODEL MISSING,3,E01007963,0,5
2024332400396,2024,332400396,2,21,0,-1,4,7,3,-1,0,0,0,0,0,0,2,1,-1,1,1,50,8,12777,2,8,VOLVO MODEL MISSING,3,E01031012,0,4
2024101468466,2024,101468466,2,11,0,-1,5,3,5,-1,0,3,0,0,1,1,4,1,-1,1,1,19,4,9360,2,10,VOLVO MODEL MISSING,-1,-1,0,-1
2024010550577,2024,010550577,1,11,0,18,19,7,3,0,0,1,0,0,0,0,1,2,1,1,1,57,9,4760,2,11,VOLVO MODEL MISSING,3,E01002056,0,1
2024401518609,2024,401518609,1,11,0,-1,19,7,3,-1,2,0,0,0,0,0,1,1,-1,1,1,34,6,7300,2,12,VOLVO MODEL MISSING,8,E01015806,0,1
2024010500646,2024,010500646,2,11,0,18,19,7,3,0,0,1,0,0,0,0,1,1,1,1,1,48,8,5132,2,6,VOLVO MODEL MISSING,2,E01001750,0,1
2024061497532,2024,061497532,1,90,0,-1,7,7,2,-1,0,1,0,0,0,0,1,1,-1,8,1,29,6,7146,2,13,VOLVO MODEL MISSING,2,E01005980,0,4
2024522401866,2024,522401866,2,21,1,18,19,7,3,0,0,8,0,0,0,0,1,1,6,6,1,43,7,7698,2,7,VOLVO MODEL MISSING,8,E01022335,0,4
2024111415552,2024,111415552,2,21,1,-1,19,1,5,-1,0,0,0,0,0,0,1,1,-1,1,1,37,7,12777,2,4,VOLVO MODEL MISSING,2,E01020679,0,2
2024401496158,2024,401496158,1,21,1,-1,-1,-1,-1,-1,-1,0,-1,-1,-1,0,-1,9,-1,1,1,-1,-1,12777,2,4,VOLVO MODEL MISSING,-1,-1,0,-1
2024061404812,2024,061404812,1,21,1,-1,12,1,5,-1,0,0,0,0,0,0,2,1,-1,1,1,42,7,12777,2,0,VOLVO MODEL MISSING,3,E01012460,0,3
2024131403898,2024,131403898,2,11,0,-1,5,1,5,-1,0,8,0,0,0,0,1,1,-1,1,1,56,9,4760,2,11,VOLVO MODEL MISSING,2,E01011912,0,2
2024010524615,2024,010524615,1,11,0,14,14,7,3,0,0,1,0,0,0,0,1,1,1,1,1,28,6,5132,2,5,VOLVO MODEL MISSING,-1,-1,0,-1
2024010509131,2024,010509131,1,11,0,18,19,1,5,0,0,0,0,0,0,0,1,1,1,1,2,45,7,5132,2,7,VOLVO MODEL MISSING,3,E01001814,0,1
2024991462412,2024,991462412,1,11,0,-1,19,2,6,-1,2,1,0,0,0,0,1,2,-1,1,1,66,10,7698,2,5,VOLVO MODEL MISSING,-1,-1,0,-1
2024421519528,2024,421519528,5,21,1,-1,19,1,5,-1,0,0,0,0,0,0,1,1,-1,1,1,58,9,12777,2,0,VOLVO MODEL MISSING,3,E01013254,0,5
2024991497529,2024,991497529,1,11,0,-1,5,3,7,-1,0,0,0,0,0,0,2,1,-1,1,1,48,8,7698,2,3,VOLVO MODEL MISSING,5,-1,0,2
2024010546940,2024,010546940,2,21,9,99,99,9,9,99,99,0,9,99,9,99,1,1,6,6,3,-1,-1,12777,2,7,VOLVO MODEL MISSING,-1,-1,0,-1
2024010526930,2024,010526930,1,11,0,5,5,0,7,0,0,6,0,0,0,0,1,1,1,1,1,54,8,5132,2,9,VOLVO MODEL MISSING,2,E01001172,0,2
2024522401083,2024,522401083,1,11,0,18,19,5,1,0,0,1,0,0,0,0,1,1,1,1,1,40,7,9360,2,16,VOLVO MODEL MISSING,1,E01014729,0,1
2024471448356,2024,471448356,2,11,0,-1,19,1,5,-1,2,8,0,0,0,0,1,1,-1,1,1,64,9,7300,2,10,VOLVO MODEL MISSING,6,E01031601,0,1
2024440069075,2024,440069075,4,21,0,18,19,5,1,0,0,0,0,0,0,0,3,1,6,6,1,57,9,12777,2,7,VOLVO MODEL MISSING,1,E01017240,0,4
202460Q125791,2024,60Q125791,1,21,1,18,19,1,5,0,0,1,0,0,0,0,1,1,6,6,3,-1,-1,12777,2,10,VOLVO MODEL MISSING,-1,-1,0,-1
2024061457014,2024,061457014,1,21,4,-1,9,6,2,-1,0,1,0,0,0,0,1,1,-1,1,1,27,6,12777,2,11,VOLVO MODEL MISSING,8,W01000481,0,5
2024430198522,2024,430198522,1,21,1,18,19,4,8,0,0,0,0,0,5,6,1,1,1,1,1,53,8,12777,2,5,VOLVO MODEL MISSING,10,E01032893,0,4
2024401476511,2024,401476511,2,11,0,-1,19,1,5,-1,0,8,0,0,0,0,3,1,-1,1,1,37,7,7698,2,3,VOLVO MODEL MISSING,4,E01033834,0,1
2024421504785,2024,421504785,3,21,1,-1,3,3,7,-1,0,0,0,0,0,0,2,1,-1,1,1,36,7,12777,2,6,VOLVO MODEL MISSING,5,E01015952,0,1
2024010536076,2024,010536076,2,90,9,99,99,9,9,99,99,9,9,99,9,99,9,9,6,6,1,59,9,-1,-1,-1,VOLVO MODEL MISSING,3,E01023555,0,4
2024010538347,2024,010538347,1,11,0,3,3,1,5,0,0,1,0,0,0,0,1,1,1,1,1,54,8,5132,2,7,VOLVO MODEL MISSING,7,E01002675,0,2
2024010534588,2024,010534588,1,11,0,4,4,7,3,2,2,1,0,0,0,0,0,1,1,1,1,55,8,5132,2,6,VOLVO MODEL MISSING,3,E01001205,0,2
2024131509996,2024,131509996,1,21,0,-1,19,7,3,-1,0,0,0,0,0,0,1,1,-1,6,3,-1,-1,12777,2,1,VOLVO MODEL MISSING,-1,-1,0,-1
2024141530179,2024,141530179,2,21,1,-1,19,5,1,-1,0,0,0,0,0,0,2,1,-1,1,1,48,8,12777,2,3,VOLVO MODEL MISSING,1,E01011740,0,4
2024131508215,2024,131508215,1,11,0,-1,5,1,5,-1,0,0,0,0,0,0,4,1,-1,1,1,71,10,7300,2,23,VOLVO MODEL MISSING,2,E01010715,0,2
2024010533299,2024,010533299,1,11,0,14,14,5,1,0,0,1,0,0,0,0,0,1,1,1,1,38,7,4760,2,11,VOLVO MODEL MISSING,3,E01001351,0,2
2024311471378,2024,311471378,3,20,0,-1,3,3,7,-1,0,2,0,0,0,0,2,2,-1,1,1,58,9,-1,-1,-1,VOLVO MODEL MISSING,1,E01013203,0,4
2024010534262,2024,010534262,1,11,0,3,3,7,3,0,0,0,0,0,0,0,0,1,1,1,1,55,8,5132,2,6,VOLVO MODEL MISSING,2,E01000551,0,2
2024371443092,2024,371443092,1,11,0,-1,7,6,2,-1,0,1,0,0,0,0,4,1,-1,1,1,33,6,9300,2,19,VOLVO MODEL MISSING,5,E01016013,0,4
2024201473471,2024,201473471,2,11,0,-1,19,1,6,-1,0,0,1,0,0,0,3,1,-1,1,1,60,9,7300,2,12,VOLVO MODEL MISSING,7,E01010493,0,3
2024010525311,2024,010525311,1,11,0,4,4,5,1,0,0,1,0,0,0,0,1,1,1,1,2,53,8,9360,2,12,VOLVO MODEL MISSING,4,E01023387,0,4
2024070734118,2024,070734118,1,11,0,-1,9,1,2,-1,0,1,0,0,0,0,3,1,-1,1,1,50,8,12000,2,15,VOLVO MODEL MISSING,4,E01031185,0,5
2024010495251,2024,010495251,1,9,0,6,6,7,7,0,0,0,0,10,0,0,4,1,6,6,1,27,6,2995,1,6,AUDI SQ5,2,E01001719,0,1
2024031447548,2024,031447548,2,9,0,-1,19,7,3,-1,0,1,0,0,0,0,1,1,-1,9,1,57,9,2967,2,7,AUDI SQ5,-1,-1,0,-1