collision_index,collision_year,collision_ref_no,vehicle_reference,vehicle_type,towing_and_articulation,vehicle_manoeuvre_historic,vehicle_manoeuvre,vehicle_direction_from,vehicle_direction_to,vehicle_location_restricted_lane_historic,vehicle_location_restricted_lane,junction_location,skidding_and_overturning,hit_object_in_carriageway,vehicle_leaving_carriageway,hit_object_off_carriageway,first_point_of_impact,vehicle_left_hand_drive,journey_purpose_of_driver_historic,journey_purpose_of_driver,sex_of_driver,age_of_driver,age_band_of_driver,engine_capacity_cc,propulsion_code,age_of_vehicle,generic_make_model,driver_imd_decile,lsoa_of_driver,escooter_flag,driver_distance_banding
2024471496589,2024,471496589,1,9,0,-1,19,6,2,-1,0,1,0,0,0,0,1,1,-1,2,1,30,6,2995,1,7,AUDI SQ5,1,E01021135,0,2
2024201471807,2024,201471807,2,9,0,-1,2,0,0,-1,9,2,0,0,0,0,1,9,-1,6,-1,-1,-1,2995,1,6,AUDI SQ5,-1,-1,0,-1
2024061445269,2024,061445269,1,9,0,-1,9,5,5,-1,0,8,0,0,0,0,1,1,-1,9,2,27,6,2995,1,7,AUDI SQ5,3,E01025356,0,4
2024221510308,2024,221510308,2,9,0,-1,19,8,3,-1,0,8,0,0,0,0,1,9,-1,6,2,57,9,2967,2,8,AUDI SQ5,5,E01028832,0,4
2024101418057,2024,101418057,2,9,0,-1,4,2,5,-1,0,8,0,0,0,0,3,1,-1,2,1,52,8,2967,2,9,AUDI SQ5,1,E01008847,0,2
2024201456023,2024,201456023,1,9,0,-1,19,4,8,-1,0,8,0,0,0,0,1,9,-1,6,1,31,6,2995,1,6,AUDI SQ5,1,E01010062,0,1
2024411496626,2024,411496626,2,9,0,-1,4,7,3,-1,0,0,0,0,0,0,1,1,-1,6,1,35,6,2967,2,8,AUDI SQ5,10,E01023887,0,1
2024991478260,2024,991478260,2,9,0,-1,19,4,7,-1,0,0,0,0,0,0,3,1,-1,9,1,61,9,2995,1,6,AUDI SQ5,7,-1,0,1
2024201452705,2024,201452705,1,9,0,-1,4,2,6,-1,0,0,0,10,3,0,1,1,-1,9,2,28,6,2967,2,9,AUDI SQ5,1,E01010490,0,1
2024041432389,2024,041432389,2,9,0,-1,19,5,1,-1,0,1,0,0,0,0,1,1,-1,9,1,28,6,2995,1,6,AUDI SQ5,1,E01012709,0,1
2024101500360,2024,101500360,1,9,0,-1,19,7,3,-1,0,0,0,0,7,0,3,1,-1,9,1,58,9,2967,2,1,AUDI SQ5,6,E01027472,0,1
2024311532903,2024,311532903,1,9,0,-1,19,5,7,-1,0,0,0,0,0,0,2,1,-1,6,1,49,8,2967,2,9,AUDI SQ5,-1,-1,0,-1
2024451464680,2024,451464680,1,9,0,-1,19,2,6,-1,0,0,0,10,2,4,1,1,-1,6,1,24,5,2967,2,3,AUDI SQ5,5,E01030984,0,1
2024061513677,2024,061513677,1,9,0,-1,13,-1,-1,-1,0,0,9,0,7,99,3,1,-1,9,2,48,8,2967,2,9,AUDI SQ5,2,E01006029,0,1
2024340WN1712,2024,340WN1712,1,9,0,-1,19,6,2,-1,0,1,0,0,1,9,1,1,-1,9,1,62,9,2967,2,4,AUDI SQ5,10,E01027205,0,3
2024131458770,2024,131458770,2,9,0,-1,19,3,7,-1,0,0,0,0,0,0,3,1,-1,9,2,34,6,2967,2,10,AUDI SQ5,3,E01010601,0,2
2024201468600,2024,201468600,2,9,0,-1,5,8,4,-1,0,8,0,0,0,0,1,9,-1,9,2,24,5,2967,2,5,AUDI SQ5,-1,-1,0,-1
2024131535502,2024,131535502,1,9,0,-1,13,3,7,-1,0,0,1,0,0,0,1,1,-1,6,1,29,6,2967,2,8,AUDI SQ5,1,E01010625,0,3
2024010512692,2024,010512692,1,9,0,99,99,9,9,99,99,0,9,99,9,99,2,9,6,6,2,38,7,2995,1,6,AUDI SQ5,3,E01004125,0,1
2024531434000,2024,531434000,1,9,0,-1,19,1,5,-1,0,2,0,0,0,0,1,1,-1,9,1,37,7,2995,1,6,AUDI SQ5,6,E01022341,0,1
2024101411385,2024,101411385,1,9,0,-1,5,3,7,-1,0,1,0,0,0,0,3,1,-1,6,-1,-1,-1,2967,2,11,AUDI SQ5,-1,-1,0,-1
2024161530941,2024,161530941,1,9,0,-1,5,7,3,-1,0,0,0,0,0,0,2,1,-1,9,1,56,9,-1,3,1,-1,4,E01013076,0,3
2024991518463,2024,991518463,2,9,0,-1,19,3,8,-1,0,0,0,0,0,0,1,1,-1,9,2,25,5,1984,1,3,CUPRA LEON,1,-1,0,1
2024401404845,2024,401404845,2,9,0,-1,19,1,5,-1,0,0,0,0,0,0,2,9,-1,9,1,45,7,1395,8,3,CUPRA LEON,10,E01017611,0,3
2024010545427,2024,010545427,2,9,0,18,19,7,3,0,0,0,1,4,1,4,0,1,6,6,2,45,7,1395,8,0,CUPRA LEON,8,E01003679,0,4
2024552401364,2024,552401364,1,9,0,7,7,4,6,0,0,6,0,0,0,0,1,1,6,6,1,30,6,1498,8,0,CUPRA LEON,1,E01015279,0,2
2024010545378,2024,010545378,1,9,0,99,99,9,9,99,99,9,9,99,9,99,1,1,6,6,1,22,5,1984,1,2,CUPRA LEON,5,E01002183,0,1
2024991511465,2024,991511465,2,9,0,-1,19,4,1,-1,0,0,0,0,0,0,1,1,-1,6,1,20,4,1498,8,0,CUPRA LEON,4,-1,0,4
2024010549366,2024,010549366,2,9,0,18,19,5,1,0,0,0,0,4,0,0,1,1,6,6,2,76,11,1498,8,0,CUPRA LEON,9,E01003828,0,1
2024520500301,2024,520500301,2,9,0,3,3,8,4,0,0,1,0,0,0,0,2,1,6,6,1,27,6,1498,1,0,CUPRA LEON,3,E01002923,0,5
2024522401607,2024,522401607,2,9,0,9,9,5,2,0,0,6,0,0,0,0,4,1,6,6,3,-1,-1,1498,8,1,CUPRA LEON,-1,-1,0,-1
2024010508538,2024,010508538,2,9,0,18,19,3,7,0,0,0,0,0,0,0,1,1,6,6,1,29,6,1984,1,1,CUPRA LEON,5,E01001512,0,1
2024141405055,2024,141405055,1,9,0,-1,19,3,8,-1,0,0,1,0,0,0,1,1,-1,9,2,20,4,1498,8,1,CUPRA LEON,10,E01007938,0,1
2024141509407,2024,141509407,2,9,0,-1,9,3,7,-1,0,2,0,0,0,0,1,1,-1,9,1,38,7,1395,8,3,CUPRA LEON,7,E01034248,0,1
2024622400487,2024,622400487,2,9,0,18,19,8,4,0,0,0,0,0,0,0,2,1,1,1,1,-1,-1,1984,1,1,CUPRA LEON,9,W01001820,0,4
2024131490737,2024,131490737,2,9,0,-1,5,1,1,-1,0,2,0,0,0,0,1,1,-1,6,1,34,6,1395,8,0,CUPRA LEON,5,E01011788,0,1
2024010512913,2024,010512913,2,9,0,99,99,9,9,99,99,9,9,99,9,99,2,9,6,6,3,-1,-1,1984,1,1,CUPRA LEON,-1,-1,0,-1
2024320473201,2024,320473201,2,9,0,3,3,3,7,0,0,1,0,0,0,0,1,1,-1,-1,1,44,7,1395,8,3,CUPRA LEON,9,E01034695,0,1
2024332400654,2024,332400654,1,9,0,-1,19,5,1,-1,0,4,0,0,0,0,1,1,-1,9,2,24,5,1395,8,1,CUPRA LEON,7,E01028287,0,4
2024991412422,2024,991412422,2,9,0,-1,2,0,0,-1,0,0,0,0,0,0,2,1,-1,6,-1,-1,-1,1395,8,0,CUPRA LEON,-1,-1,0,-1
2024991434569,2024,991434569,5,9,0,-1,2,7,3,-1,0,0,0,0,0,0,2,1,-1,6,1,57,9,1395,8,2,CUPRA LEON,9,-1,0,2
2024031522540,2024,031522540,1,9,0,-1,19,3,7,-1,0,0,0,0,0,0,1,1,-1,2,1,24,5,1395,8,1,CUPRA LEON,8,E01034078,0,4
2024401524387,2024,401524387,1,9,0,-1,19,3,7,-1,0,0,0,0,0,0,2,1,-1,2,1,27,6,1498,8,0,CUPRA LEON,3,E01017493,0,1
2024052401668,2024,052401668,3,9,0,3,3,1,5,0,0,0,0,0,0,0,2,1,1,1,1,51,8,1498,8,0,CUPRA LEON,4,E01006851,0,1
2024991479670,2024,991479670,1,9,0,-1,19,5,1,-1,0,0,0,0,0,0,1,1,-1,9,1,58,9,1498,8,0,CUPRA LEON,-1,-1,0,-1
2024522403309,2024,522403309,1,19,0,7,7,6,8,0,0,5,0,0,0,0,2,1,6,6,1,57,9,1996,2,3,FORD RANGER,1,E01032514,0,1
2024440285118,2024,440285118,1,19,0,18,19,5,1,0,0,2,5,0,4,6,3,1,6,6,1,57,9,1996,2,4,FORD RANGER,6,E01022486,0,3
2024231471516,2024,231471516,1,19,0,-1,19,8,4,-1,0,1,1,0,1,10,1,9,-1,6,1,60,9,1996,2,2,FORD RANGER,7,E01031233,0,2
2024111401699,2024,111401699,2,19,0,-1,19,7,3,-1,0,0,0,0,0,0,3,1,-1,2,1,41,7,2198,2,6,FORD RANGER,3,E01020893,0,3
2024010517795,2024,010517795,1,19,0,18,19,2,6,0,0,0,0,4,1,0,1,1,6,6,1,19,4,1996,2,1,FORD RANGER,6,E01000407,0,1
2024421401979,2024,421401979,3,19,0,-1,4,5,1,-1,0,0,0,0,0,0,2,1,-1,1,1,34,6,1996,2,2,FORD RANGER,10,E01021559,0,1
2024991488321,2024,991488321,3,19,0,-1,19,1,5,-1,0,0,0,0,0,0,3,1,-1,1,1,34,6,1996,2,3,FORD RANGER,2,-1,0,1
2024131453134,2024,131453134,2,19,0,-1,14,1,3,-1,0,4,1,11,0,0,1,1,-1,6,1,-1,-1,2198,2,9,FORD RANGER,7,E01034268,0,2
2024311501794,2024,311501794,1,19,0,-1,19,7,3,-1,0,1,0,0,0,0,1,1,-1,9,1,73,10,1996,2,0,FORD RANGER,7,E01028378,0,1
2024501532955,2024,501532955,2,19,0,-1,19,3,7,-1,0,8,0,0,1,0,3,1,-1,1,1,43,7,1996,2,2,FORD RANGER,7,E01035217,0,5
2024461505358,2024,461505358,1,19,0,-1,3,5,1,-1,0,0,0,0,0,0,1,9,-1,6,1,-1,-1,2198,2,7,FORD RANGER,2,E01001056,0,3
2024061402399,2024,061402399,1,19,0,-1,19,5,3,-1,0,8,0,0,0,0,1,1,-1,1,1,35,6,1996,2,4,FORD RANGER,-1,-1,0,-1
2024440454096,2024,440454096,2,19,0,16,19,8,3,0,0,0,0,0,0,0,1,1,6,6,1,63,9,1996,2,3,FORD RANGER,5,E01017369,0,2
2024522402287,2024,522402287,1,19,0,18,19,2,6,0,0,0,0,0,0,0,1,1,6,6,1,44,7,1996,2,0,FORD RANGER,8,E01034317,0,5
2024361459250,2024,361459250,2,19,0,-1,19,4,8,-1,0,0,5,0,1,0,1,1,-1,1,1,60,9,2500,2,17,FORD RANGER,5,E01026466,0,4
2024451483078,2024,451483078,2,19,0,-1,19,3,7,-1,0,1,0,0,0,0,2,9,-1,1,1,61,9,2198,2,5,FORD RANGER,10,E01030419,0,1
2024031454650,2024,031454650,1,19,0,-1,5,6,2,-1,9,0,0,0,7,4,1,9,-1,1,1,60,9,3198,2,6,FORD RANGER,2,E01026312,0,5
2024010501146,2024,010501146,1,9,0,4,4,1,5,9,9,0,0,0,7,5,1,1,1,1,1,37,7,1995,2,3,FORD RANGER,-1,-1,0,-1
2024501445210,2024,501445210,2,19,3,-1,19,6,2,-1,0,2,0,0,0,0,4,1,-1,9,1,61,9,1996,2,1,FORD RANGER,6,E01020441,0,5
2024201505785,2024,201505785,2,19,0,-1,3,8,4,-1,0,0,0,0,0,0,2,9,-1,1,1,55,8,2198,2,6,FORD RANGER,3,E01010144,0,1
2024622400670,2024,622400670,1,19,0,5,5,6,2,0,0,8,0,0,0,0,1,1,1,1,1,28,6,3198,2,6,FORD RANGER,7,W01001889,0,2
2024070507024,2024,070507024,1,19,0,18,19,8,4,0,0,0,0,0,0,0,0,1,1,1,1,59,9,1996,2,0,FORD RANGER,8,E01018515,0,1
2024440451362,2024,440451362,1,19,0,1,1,7,3,0,0,1,0,0,0,0,2,1,6,6,1,-1,-1,1996,2,1,FORD RANGER,-1,-1,0,-1
2024991508647,2024,991508647,1,19,0,-1,12,1,7,-1,0,1,0,0,0,0,2,1,-1,2,1,45,7,1996,2,1,FORD RANGER,8,-1,0,4
2024351402048,2024,351402048,2,19,0,-1,7,2,5,-1,0,6,0,0,0,0,3,9,-1,6,1,60,9,3198,2,4,FORD RANGER,5,E01018069,0,1
2024430292407,2024,430292407,1,19,0,16,19,6,1,0,0,0,0,0,0,0,1,1,6,6,1,26,6,1996,2,0,FORD RANGER,7,E01017818,0,1
2024201452573,2024,201452573,1,19,0,-1,7,3,5,-1,0,8,2,10,8,0,4,1,-1,9,1,49,8,3198,2,9,FORD RANGER,8,E01009472,0,1
2024501395296,2024,501395296,3,19,0,-1,2,0,0,-1,0,1,0,0,0,0,3,9,-1,6,-1,29,6,1996,2,1,FORD RANGER,-1,-1,0,-1
2024430361362,2024,430361362,3,19,0,3,3,1,5,0,0,0,0,0,0,0,2,1,1,1,1,34,6,2198,2,9,FORD RANGER,4,E01016435,0,2
2024544949824,2024,544949824,3,19,0,16,19,4,8,0,0,8,0,0,0,0,1,1,6,6,1,33,6,1996,2,0,FORD RANGER,6,E01031902,0,2
2024411449991,2024,411449991,3,19,0,-1,4,4,8,-1,0,0,1,0,0,0,2,1,-1,2,1,32,6,1996,2,1,FORD RANGER,7,E01021341,0,4
2024430460226,2024,430460226,2,19,0,4,4,3,7,0,0,0,0,0,0,0,2,1,1,1,1,49,8,1996,2,1,FORD RANGER,6,E01017592,0,4
2024401468249,2024,401468249,1,19,0,-1,4,3,1,-1,0,6,0,0,0,0,1,1,-1,1,1,54,8,2198,2,6,FORD RANGER,5,E01034429,0,4
2024622400607,2024,622400607,2,19,0,18,19,4,8,0,0,0,0,0,0,0,2,1,6,6,1,35,6,1996,2,0,FORD RANGER,6,W01000803,0,1
2024552400343,2024,552400343,1,19,0,7,7,1,3,0,0,5,0,0,0,0,4,1,6,6,1,62,9,1996,2,1,FORD RANGER,7,E01020579,0,1
2024231471503,2024,231471503,1,19,0,-1,19,8,4,-1,0,0,0,0,0,0,1,9,-1,6,1,60,9,1996,2,2,FORD RANGER,7,E01031233,0,2
2024451420235,2024,451420235,1,19,0,-1,19,7,3,-1,0,8,0,0,0,0,3,1,-1,1,1,67,10,1996,2,3,FORD RANGER,7,E01030994,0,2
2024430596536,2024,430596536,1,19,0,9,9,8,4,0,0,8,0,0,0,0,3,1,1,1,1,43,7,1996,2,3,FORD RANGER,10,E01017749,0,4
2024320218343,2024,320218343,1,19,0,-1,-1,2,6,0,0,0,1,0,0,0,1,1,-1,-1,2,35,6,3198,2,8,FORD RANGER,2,E01026113,0,2
2024411441069,2024,411441069,2,20,0,-1,5,6,4,-1,0,6,0,0,0,0,1,1,-1,2,1,31,6,-1,-1,-1,FORD RANGER,7,E01000304,0,4
2024131453134,2024,131453134,1,19,0,-1,8,1,3,-1,0,4,0,0,0,0,3,1,-1,9,1,50,8,3198,2,7,FORD RANGER,9,E01022282,0,5
2024501533079,2024,501533079,1,19,0,-1,19,1,5,-1,0,2,0,0,3,0,1,1,-1,1,1,33,6,3198,2,8,FORD RANGER,7,E01018789,0,1
2024631481200,2024,631481200,2,5,0,-1,19,1,5,-1,0,0,1,0,0,0,1,1,-1,9,1,49,8,1977,1,0,-1,4,W01001314,0,3
2024320095175,2024,320095175,2,5,0,13,13,8,4,0,0,0,1,0,0,0,0,1,-1,-1,1,52,8,1690,1,11,-1,7,E01026275,0,2
2024311458973,2024,311458973,1,5,0,-1,9,8,4,-1,0,0,1,0,1,9,4,1,-1,9,1,52,8,1868,1,5,HARLEY-DAVIDSON FXFBS,9,E01026293,0,4
2024451491401,2024,451491401,2,5,0,-1,13,7,3,-1,9,8,1,0,0,0,1,1,-1,9,1,34,6,1868,1,6,HARLEY-DAVIDSON FXFBS,8,E01030529,0,3
2024302401169,2024,302401169,2,4,0,18,19,4,8,0,0,1,0,0,0,0,2,1,6,6,1,38,7,1868,1,6,HARLEY-DAVIDSON FXFBS,2,E01019664,0,3
2024991440903,2024,991440903,1,5,0,-1,13,2,6,-1,0,1,1,0,7,7,3,1,-1,9,1,77,11,1868,1,5,HARLEY-DAVIDSON FXFBS,7,-1,0,4
2024141486026,2024,141486026,1,5,0,-1,19,4,8,-1,0,0,0,0,0,0,4,1,-1,6,1,31,6,1868,1,7,HARLEY-DAVIDSON FXFBS,1,E01008090,0,4
2024631438690,2024,631438690,1,5,0,-1,19,4,8,-1,0,0,1,0,1,10,1,1,-1,6,1,69,10,1868,1,5,HARLEY-DAVIDSON FXFBS,5,W01000531,0,1
2024351471915,2024,351471915,3,4,0,-1,5,4,1,-1,0,8,0,0,0,0,2,1,-1,6,1,48,8,1868,1,4,HARLEY-DAVIDSON FXFBS,10,E01018149,0,1
2024991424211,2024,991424211,1,5,0,-1,9,1,5,-1,0,0,1,0,1,0,4,1,-1,6,1,64,9,1868,1,5,HARLEY-DAVIDSON FXFBS,5,-1,0,4
2024221512161,2024,221512161,2,5,0,-1,19,4,8,-1,0,8,0,0,0,0,1,1,-1,6,1,37,7,1868,1,5,HARLEY-DAVIDSON FXFBS,2,E01014125,0,1
2024231446235,2024,231446235,1,5,0,-1,19,2,5,-1,0,4,1,0,0,0,1,1,-1,6,1,40,7,1868,1,6,HARLEY-DAVIDSON FXFBS,10,E01010199,0,3
2024631422033,2024,631422033,2,9,0,-1,19,2,6,-1,0,8,0,0,7,10,1,1,-1,6,1,30,6,1300,1,25,-1,8,W01000610,0,3
2024430186915,2024,430186915,1,9,0,9,9,6,4,0,0,1,0,0,0,0,3,1,6,6,1,31,6,2488,2,15,NISSAN PATHFINDER,7,E01016309,0,1
2024471396550,2024,471396550,1,9,0,-1,5,0,0,-1,0,0,0,0,1,0,2,1,-1,9,1,59,9,2488,2,18,NISSAN PATHFINDER,4,E01021101,0,1
2024430587329,2024,430587329,2,9,0,4,4,4,8,0,0,0,0,0,0,0,2,1,6,6,1,52,8,2488,2,17,NISSAN PATHFINDER,1,E01031015,0,4
2024471435621,2024,471435621,2,9,0,-1,3,7,3,-1,0,8,0,0,0,0,2,1,-1,9,2,41,7,2488,2,12,NISSAN PATHFINDER,7,E01031566,0,1
2024231427101,2024,231427101,1,9,0,-1,19,7,3,-1,0,0,0,0,0,0,1,1,-1,6,1,39,7,2488,2,17,NISSAN PATHFINDER,4,E01009011,0,3
2024041529003,2024,041529003,2,9,0,-1,19,3,7,-1,0,2,0,0,0,0,3,1,-1,9,1,39,7,2488,2,14,NISSAN PATHFINDER,1,E01025389,0,1
2024041401444,2024,041401444,1,9,4,-1,19,1,5,-1,0,8,0,0,0,0,0,1,-1,9,1,47,8,2488,2,16,NISSAN PATHFINDER,9,E01006229,0,2
2024430569770,2024,430569770,2,9,0,18,19,2,6,0,0,8,0,0,0,0,4,1,6,6,1,-1,-1,2488,2,17,NISSAN PATHFINDER,6,E01016212,0,1
2024302400985,2024,302400985,1,9,0,18,19,6,2,0,0,0,0,0,7,9,1,1,6,6,1,58,9,2488,2,10,NISSAN PATHFINDER,9,E01019747,0,1
2024520000183,2024,520000183,1,9,0,5,5,5,1,0,0,0,0,0,0,0,4,1,6,6,1,62,9,2488,2,19,NISSAN PATHFINDER,4,E01014448,0,1
2024461408700,2024,461408700,1,9,0,-1,9,5,2,-1,0,8,0,0,0,0,1,1,-1,9,1,34,6,2488,2,17,NISSAN PATHFINDER,2,E01024517,0,1
2024031489269,2024,031489269,2,9,0,-1,19,1,5,-1,0,8,0,0,0,0,3,1,-1,2,1,26,6,2488,2,13,NISSAN PATHFINDER,3,E01019222,0,1
2024302400189,2024,302400189,1,9,0,18,19,8,4,0,0,0,0,0,0,0,1,1,6,6,1,81,11,2488,2,17,NISSAN PATHFINDER,8,E01019630,0,1
2024010526628,2024,010526628,2,9,0,10,10,1,7,0,0,5,0,0,0,0,1,1,6,6,1,39,7,2488,2,16,NISSAN PATHFINDER,7,E01004143,0,1
2024010512359,2024,010512359,1,9,0,1,1,4,8,0,0,6,0,0,0,0,0,1,6,6,1,40,7,2488,2,19,NISSAN PATHFINDER,5,E01000467,0,1
2024161502243,2024,161502243,3,9,0,-1,4,3,7,-1,0,1,0,0,0,0,0,1,-1,6,2,71,10,2488,2,19,NISSAN PATHFINDER,1,E01013204,0,1
2024552400935,2024,552400935,1,9,0,18,19,7,3,0,0,8,0,0,0,0,1,1,6,6,1,79,11,2200,1,81,-1,10,E01015434,0,1
2024548159124,2024,548159124,1,9,0,18,19,4,8,0,0,0,0,0,0,0,3,1,6,6,1,46,8,2179,2,14,-1,6,E01031989,0,2
2024351515741,2024,351515741,1,9,0,-1,10,1,7,-1,0,0,0,0,0,0,4,1,-1,6,1,58,9,2179,2,16,-1,2,E01035539,0,1
2024010516825,2024,010516825,1,2,0,99,99,9,9,99,99,1,9,99,9,99,9,1,2,2,2,42,7,-1,3,2,-1,9,E01004171,0,2
2024141545199,2024,141545199,1,9,0,-1,3,7,5,-1,0,8,0,0,0,0,2,1,-1,9,2,42,7,1598,8,0,-1,3,E01007368,0,1
2024201536434,2024,201536434,1,9,0,-1,2,0,0,-1,9,5,1,7,1,0,1,1,-1,6,1,23,5,1598,8,0,-1,1,E01009021,0,3
2024010547940,2024,010547940,1,9,0,-1,-1,5,1,0,0,8,0,0,0,0,3,1,6,6,1,24,5,1598,8,0,-1,8,E01004130,0,1
2024371531184,2024,371531184,1,9,0,-1,19,3,7,-1,0,1,0,0,0,0,1,1,-1,6,1,19,4,1149,1,15,RENAULT TWINGO,7,E01030101,0,3
2024201433729,2024,201433729,2,9,0,-1,19,8,4,-1,0,6,0,0,0,0,1,9,-1,9,2,24,5,1149,1,13,RENAULT TWINGO,3,E01010382,0,2
2024010551131,2024,010551131,2,9,0,13,13,1,5,0,0,1,0,0,0,0,2,1,6,6,1,19,4,898,1,8,RENAULT TWINGO,7,E01004108,0,1
2024522401604,2024,522401604,1,9,0,18,19,5,1,0,0,0,0,0,0,0,4,1,6,6,1,28,6,1149,1,16,RENAULT TWINGO,6,E01014447,0,1
2024471432955,2024,471432955,1,9,0,-1,19,3,7,-1,0,1,0,0,0,0,1,1,-1,1,2,38,7,898,1,8,RENAULT TWINGO,4,E01021096,0,1
2024101451284,2024,101451284,1,9,0,-1,19,2,6,-1,0,1,0,0,0,0,1,9,-1,6,1,24,5,1149,1,16,RENAULT TWINGO,3,E01008805,0,1
2024501487708,2024,501487708,1,9,0,-1,9,1,6,-1,9,0,0,10,1,11,1,1,-1,2,2,60,9,1149,1,13,RENAULT TWINGO,7,E01019912,0,1
2024461443867,2024,461443867,1,9,0,-1,19,7,3,-1,0,0,0,4,0,0,1,1,-1,9,2,22,5,1149,1,16,RENAULT TWINGO,3,E01024392,0,2
2024520403359,2024,520403359,2,9,0,18,19,2,6,0,0,8,1,0,0,0,1,1,6,6,1,17,4,1149,1,14,RENAULT TWINGO,3,E01032627,0,1
2024010534910,2024,010534910,2,9,0,18,19,3,7,0,0,1,0,0,1,0,1,1,6,6,1,19,4,1149,1,14,RENAULT TWINGO,4,E01012604,0,5
2024991413708,2024,991413708,4,9,0,-1,2,0,0,-1,0,1,0,0,0,0,4,1,-1,6,-1,-1,-1,999,1,9,RENAULT TWINGO,-1,-1,0,-1
2024440520903,2024,440520903,2,9,0,4,4,5,1,0,0,0,0,0,1,0,0,1,6,6,2,-1,-1,999,1,8,RENAULT TWINGO,3,E01017179,0,3
2024101526314,2024,101526314,4,9,0,-1,19,5,1,-1,0,0,0,0,0,0,1,1,-1,2,2,56,9,1149,1,14,RENAULT TWINGO,8,E01008801,0,1
2024041463673,2024,041463673,1,9,0,-1,19,5,1,-1,0,0,1,0,7,0,4,1,-1,6,1,17,4,1149,1,13,RENAULT TWINGO,10,E01025350,0,4
2024471517517,2024,471517517,1,9,0,-1,19,4,8,-1,0,0,0,0,0,0,1,1,-1,9,2,17,4,999,1,8,RENAULT TWINGO,5,E01021133,0,2
2024211489289,2024,211489289,1,9,0,-1,19,1,5,-1,0,4,0,0,0,0,1,1,-1,6,1,-1,-1,898,1,9,RENAULT TWINGO,9,E01029536,0,1
2024311514479,2024,311514479,2,9,0,-1,4,3,7,-1,0,0,0,0,0,0,2,1,-1,6,2,49,8,999,1,8,RENAULT TWINGO,6,E01027947,0,1
2024991457298,2024,991457298,2,9,0,-1,9,1,6,-1,0,0,0,0,0,0,2,1,-1,2,1,34,6,1598,1,14,RENAULT TWINGO,7,-1,0,2
2024430265721,2024,430265721,1,9,0,2,2,0,0,0,0,0,0,0,0,0,2,1,6,6,2,43,7,898,1,9,RENAULT TWINGO,10,E01023377,0,4
2024061522350,2024,061522350,1,9,0,-1,19,5,1,-1,0,0,0,0,0,0,4,9,-1,2,2,60,9,1149,1,16,RENAULT TWINGO,9,E01006373,0,1
2024302400106,2024,302400106,1,9,0,5,5,5,4,0,0,2,0,0,0,0,1,1,6,6,2,63,9,999,1,7,RENAULT TWINGO,4,E01019544,0,1
2024332400794,2024,332400794,2,9,0,-1,19,4,8,-1,0,8,0,0,1,1,3,1,-1,9,1,17,4,1149,1,12,RENAULT TWINGO,9,E01031036,0,1
2024211530052,2024,211530052,2,9,0,-1,10,7,5,-1,0,0,0,0,0,0,1,1,-1,6,2,80,11,999,1,9,RENAULT TWINGO,8,E01029414,0,1
2024991516579,2024,991516579,1,9,0,-1,19,8,4,-1,0,2,0,0,0,0,1,1,-1,6,1,24,5,1149,1,12,RENAULT TWINGO,-1,-1,0,-1
2024122400665,2024,122400665,2,9,0,3,3,4,8,0,0,2,0,0,0,0,2,1,1,1,1,45,7,1149,1,16,RENAULT TWINGO,4,E01027795,0,1
2024622400501,2024,622400501,1,9,0,18,19,4,8,0,0,0,2,10,0,0,1,1,6,6,2,18,4,1149,1,10,RENAULT TWINGO,2,W01001192,0,1
2024010511093,2024,010511093,1,9,0,18,19,3,7,1,1,0,0,0,0,0,4,1,1,1,1,22,5,898,1,8,RENAULT TWINGO,-1,-1,0,-1
2024122400836,2024,122400836,1,9,0,7,7,5,1,0,0,2,0,0,1,11,1,1,6,6,2,19,4,1149,1,16,RENAULT TWINGO,10,E01027899,0,1
2024991445283,2024,991445283,2,9,0,-1,19,1,5,-1,0,1,0,0,0,0,3,1,-1,6,1,47,8,1149,1,14,RENAULT TWINGO,-1,-1,0,-1
2024052401892,2024,052401892,1,9,0,18,19,6,2,0,0,8,0,0,0,0,4,1,1,1,2,53,8,1149,1,11,RENAULT TWINGO,1,E01006678,0,1
2024201514158,2024,201514158,2,9,0,-1,8,3,7,-1,0,2,0,0,0,0,2,1,-1,6,1,34,6,999,1,7,RENAULT TWINGO,6,E01010233,0,2
2024622400781,2024,622400781,4,9,0,18,19,2,6,0,0,0,0,0,0,0,1,1,1,1,2,24,5,999,1,7,RENAULT TWINGO,9,W01001921,0,1
2024622400150,2024,622400150,1,9,0,18,19,7,3,0,0,0,0,4,0,0,1,1,2,2,2,18,4,1149,1,13,RENAULT TWINGO,1,W01001221,0,1
2024440497745,2024,440497745,1,9,0,10,10,8,6,0,0,1,0,0,0,0,2,1,6,6,1,44,7,1149,1,16,RENAULT TWINGO,-1,-1,0,-1
2024991535505,2024,991535505,1,9,0,-1,19,7,2,-1,0,0,5,0,1,0,1,1,-1,9,2,50,8,1149,1,12,RENAULT TWINGO,9,-1,0,1
2024430363976,2024,430363976,1,9,0,7,7,4,6,0,0,6,0,0,0,0,3,1,2,2,2,53,8,898,1,9,RENAULT TWINGO,5,E01016371,0,2