collision_index,collision_year,collision_ref_no,vehicle_reference,vehicle_type,towing_and_articulation,vehicle_manoeuvre_historic,vehicle_manoeuvre,vehicle_direction_from,vehicle_direction_to,vehicle_location_restricted_lane_historic,vehicle_location_restricted_lane,junction_location,skidding_and_overturning,hit_object_in_carriageway,vehicle_leaving_carriageway,hit_object_off_carriageway,first_point_of_impact,vehicle_left_hand_drive,journey_purpose_of_driver_historic,journey_purpose_of_driver,sex_of_driver,age_of_driver,age_band_of_driver,engine_capacity_cc,propulsion_code,age_of_vehicle,generic_make_model,driver_imd_decile,lsoa_of_driver,escooter_flag,driver_distance_banding
2024010510204,2024,010510204,1,9,0,18,19,3,7,0,0,2,5,4,1,0,1,1,6,6,1,56,9,999,1,3,AUDI A1,-1,-1,0,-1
2024421526438,2024,421526438,2,9,0,-1,19,4,8,-1,0,1,0,0,0,0,4,1,-1,2,2,22,5,999,1,5,AUDI A1,6,E01021419,0,1
2024461460316,2024,461460316,2,9,0,-1,99,1,5,-1,0,4,0,0,0,0,1,9,-1,6,1,-1,-1,999,1,0,AUDI A1,4,E01024087,0,4
2024231460340,2024,231460340,2,9,0,-1,19,7,2,-1,0,8,0,0,7,2,1,1,-1,9,2,25,5,999,1,4,AUDI A1,9,E01031304,0,1
2024010544695,2024,010544695,1,9,0,99,99,9,9,99,99,9,9,99,9,99,4,9,6,6,1,34,6,999,1,4,AUDI A1,7,E01030591,0,2
2024451534548,2024,451534548,2,9,0,-1,19,7,3,-1,0,0,0,0,0,0,1,1,-1,6,1,25,5,999,1,6,AUDI A1,9,E01004103,0,4
2024061411691,2024,061411691,1,9,0,-1,19,6,2,-1,0,1,0,0,0,0,1,1,-1,2,1,26,6,1598,2,12,AUDI A1,1,E01005681,0,3
2024471483914,2024,471483914,2,9,0,-1,19,7,3,-1,0,0,0,0,0,0,2,1,-1,9,2,24,5,999,1,4,AUDI A1,6,E01031390,0,1
2024421420191,2024,421420191,1,9,0,-1,19,1,7,-1,0,8,0,0,1,2,3,1,-1,9,1,64,9,1395,1,10,AUDI A1,5,E01021822,0,1
2024461479441,2024,461479441,1,9,0,-1,7,3,5,-1,0,1,0,0,1,0,1,1,-1,9,2,34,6,999,1,2,AUDI A1,10,E01024144,0,4
2024131503209,2024,131503209,1,9,0,-1,19,3,7,-1,0,0,0,0,0,0,1,1,-1,9,1,60,9,999,1,5,AUDI A1,2,E01011222,0,1
2024501484391,2024,501484391,2,9,0,-1,2,0,0,-1,0,0,0,0,0,0,3,1,-1,6,2,18,4,1598,2,10,AUDI A1,6,E01020241,0,1
2024041438507,2024,041438507,1,9,0,-1,19,4,2,-1,0,0,0,0,0,0,1,1,-1,9,2,33,6,1395,1,6,AUDI A1,3,E01025054,0,1
2024161481600,2024,161481600,1,9,0,-1,2,0,0,-1,9,0,0,0,0,0,1,1,-1,6,-1,-1,-1,1390,1,10,AUDI A1,-1,-1,0,-1
2024211468757,2024,211468757,1,9,0,-1,19,2,6,-1,0,0,0,2,1,7,1,1,-1,6,1,25,5,1598,2,8,AUDI A1,8,E01029416,0,2
2024201417960,2024,201417960,2,9,0,-1,2,0,0,-1,0,0,0,0,0,0,2,1,-1,9,2,28,6,1598,2,11,AUDI A1,2,E01010503,0,1
2024010541104,2024,010541104,1,9,0,12,12,3,7,0,0,1,0,0,0,0,3,1,6,6,1,21,5,999,1,3,AUDI A1,5,E01002455,0,3
2024010550281,2024,010550281,1,9,0,9,9,3,8,0,0,1,0,0,0,0,4,1,6,6,1,19,4,1395,1,8,AUDI A1,9,E01001606,0,2
2024461494330,2024,461494330,1,9,0,-1,19,1,5,-1,0,0,0,0,3,0,1,9,-1,6,2,20,4,1390,1,12,AUDI A1,-1,-1,0,-1
2024531509167,2024,531509167,1,9,0,-1,19,3,7,-1,9,0,0,0,1,0,1,1,-1,2,1,31,6,1390,1,11,AUDI A1,2,E01022292,0,1
2024320188300,2024,320188300,2,9,0,-1,-1,6,2,0,0,0,0,0,0,0,1,1,-1,-1,1,24,5,1498,1,5,AUDI A1,9,E01026273,0,1
2024311519838,2024,311519838,2,9,0,-1,19,5,1,-1,0,0,0,0,0,0,3,1,-1,6,2,38,7,999,1,0,AUDI A1,2,E01013870,0,1
2024991529001,2024,991529001,1,9,0,-1,19,7,3,-1,0,0,2,4,0,0,1,1,-1,9,2,22,5,1498,1,5,AUDI A1,-1,-1,0,-1
202460Q031437,2024,60Q031437,1,9,0,18,19,3,7,0,0,0,0,0,0,0,4,1,6,6,2,63,9,1498,1,5,AUDI A1,-1,-1,0,-1
2024440309689,2024,440309689,2,9,0,15,15,3,7,0,0,1,0,0,0,0,1,1,6,6,2,81,11,999,1,2,AUDI A1,8,E01022221,0,5
2024991440390,2024,991440390,1,9,0,-1,19,7,3,-1,0,0,0,0,0,0,1,1,-1,9,1,19,4,999,1,0,AUDI A1,4,-1,0,1
2024311529760,2024,311529760,1,9,0,-1,7,7,3,-1,0,8,0,0,7,0,1,1,-1,9,2,22,5,1598,2,12,AUDI A1,-1,-1,0,-1
2024991526793,2024,991526793,1,9,0,-1,19,2,6,-1,0,0,0,0,0,0,1,1,-1,9,2,22,5,999,1,5,AUDI A1,3,-1,0,1
2024501483393,2024,501483393,4,9,0,-1,2,0,0,-1,1,0,0,0,0,0,2,1,-1,6,-1,-1,-1,1395,1,6,AUDI A1,-1,-1,0,-1
2024101501583,2024,101501583,4,9,0,-1,10,7,5,-1,0,1,0,0,0,0,2,1,-1,9,2,44,7,1395,1,9,AUDI A1,10,E01027513,0,3
2024351482973,2024,351482973,1,9,0,-1,3,5,1,-1,0,1,0,0,0,0,2,1,-1,1,1,42,7,1984,1,5,AUDI A1,6,E01034443,0,1
2024440459324,2024,440459324,2,9,0,18,19,1,5,0,0,0,0,0,0,0,2,1,2,2,2,30,6,1598,2,9,AUDI A1,9,E01023136,0,1
2024501513232,2024,501513232,2,9,0,-1,11,3,7,-1,0,0,0,0,0,0,2,1,-1,9,2,19,4,1390,1,13,AUDI A1,3,E01015167,0,1
2024610049824,2024,610049824,2,9,0,18,19,6,2,0,0,0,0,0,0,0,1,1,6,6,2,-1,-1,999,1,3,AUDI A1,1,W01001689,0,2
2024010550394,2024,010550394,2,9,0,6,6,1,1,0,0,0,0,0,0,0,4,1,6,6,2,29,6,1395,1,6,AUDI A1,2,E01000223,0,1
2024421506510,2024,421506510,2,9,0,-1,-1,-1,-1,-1,-1,-1,-1,-1,-1,0,-1,9,-1,6,2,43,7,999,1,6,AUDI A1,8,E01021920,0,1
2024061497994,2024,061497994,1,9,0,-1,19,7,3,-1,0,0,0,0,0,0,1,1,-1,6,1,70,10,1395,1,7,AUDI A1,2,E01005233,0,3
2024010507789,2024,010507789,2,9,0,5,5,9,9,99,99,9,9,99,9,99,9,9,6,6,3,-1,-1,1395,1,9,AUDI A1,-1,-1,0,-1
2024010505662,2024,010505662,1,9,0,9,9,3,1,0,0,7,0,0,0,0,4,1,2,2,1,33,6,999,1,1,AUDI A1,8,E01033487,0,1
2024201519229,2024,201519229,2,9,0,-1,19,5,7,-1,0,6,0,0,0,0,1,9,-1,6,1,20,4,999,1,4,AUDI A1,1,E01033648,0,2
2024031524224,2024,031524224,3,9,0,-1,2,0,0,-1,9,2,0,0,0,0,2,1,-1,6,2,20,4,999,1,2,AUDI A1,9,E01019347,0,2
2024122401059,2024,122401059,3,9,0,18,19,5,1,0,0,1,0,0,0,0,2,1,6,6,2,24,5,1598,2,10,AUDI A1,1,E01012352,0,4
2024631497232,2024,631497232,1,9,0,-1,19,7,3,-1,9,0,1,0,1,11,1,1,-1,6,1,25,5,999,1,5,AUDI A1,1,W01001459,0,4
2024111489445,2024,111489445,1,9,0,-1,19,3,7,-1,0,0,0,0,0,0,1,1,-1,6,1,30,6,1197,1,10,AUDI A1,1,E01012318,0,1
2024471494910,2024,471494910,2,9,0,-1,19,7,4,-1,0,1,0,0,0,0,1,1,-1,9,2,36,7,1197,1,13,AUDI A1,4,E01021011,0,4
2024361420249,2024,361420249,2,9,0,-1,19,1,4,-1,0,0,0,0,0,0,3,9,-1,2,1,39,7,1598,2,13,AUDI A1,6,E01026767,0,1
2024041435119,2024,041435119,2,9,0,-1,4,3,7,-1,0,0,0,0,0,0,2,1,-1,1,2,36,7,1598,2,8,AUDI A1,3,E01011758,0,4
2024211493076,2024,211493076,1,9,0,-1,15,1,5,-1,0,0,0,0,0,0,1,1,-1,6,1,88,11,1395,1,6,AUDI A1,-1,-1,0,-1
2024411501624,2024,411501624,2,9,-1,-1,-1,-1,-1,-1,-1,0,-1,-1,-1,0,-1,9,-1,6,3,-1,-1,999,1,1,AUDI A1,-1,-1,0,-1
2024131419063,2024,131419063,2,9,0,-1,19,3,7,-1,0,1,0,0,0,0,1,1,-1,2,1,55,8,1598,2,13,AUDI A1,4,E01011008,0,3
2024070439143,2024,070439143,1,9,0,18,19,1,5,0,0,0,0,0,0,11,3,1,2,2,2,20,4,1598,2,13,AUDI A1,9,E01018585,0,1
2024622400844,2024,622400844,3,9,0,18,19,8,4,0,0,0,0,0,1,0,2,1,2,2,2,26,6,1390,1,10,AUDI A1,6,W01001861,0,4
2024010516527,2024,010516527,2,9,0,2,2,0,0,0,0,1,0,0,0,0,3,1,6,6,3,-1,-1,999,1,0,AUDI A1,-1,-1,0,-1
2024552500108,2024,552500108,2,9,0,18,19,7,3,0,0,8,0,0,0,0,3,1,2,2,2,26,6,1395,1,9,AUDI A1,7,E01015428,0,2
2024501469205,2024,501469205,1,9,0,-1,14,-1,-1,-1,0,0,0,0,0,0,3,1,-1,7,2,32,6,999,1,4,AUDI A1,9,E01015110,0,1
2024061489479,2024,061489479,1,9,0,-1,9,-1,-1,-1,99,8,0,99,0,0,3,1,-1,6,1,-1,-1,1598,2,11,AUDI A1,-1,-1,0,-1
2024501461787,2024,501461787,1,9,0,-1,19,6,2,-1,9,0,1,10,1,11,1,1,-1,6,2,47,8,1598,2,11,AUDI A1,3,E01019914,0,1
2024320254496,2024,320254496,1,9,0,-1,-1,6,2,0,0,0,0,0,0,0,1,1,-1,-1,2,26,6,999,1,2,AUDI A1,8,E01026106,0,4
2024302401441,2024,302401441,3,9,0,4,4,8,4,0,0,0,0,0,0,0,2,1,6,6,2,52,8,1395,1,7,AUDI A1,8,E01034254,0,2
2024010535084,2024,010535084,1,9,0,99,99,9,9,99,99,1,9,99,9,99,9,9,6,6,2,24,5,999,1,5,AUDI A1,3,E01001298,0,1
2024501426161,2024,501426161,2,9,0,-1,19,1,5,-1,0,0,0,0,3,0,2,1,-1,1,1,32,6,1598,2,12,AUDI A1,7,E01020145,0,1
2024411408995,2024,411408995,1,9,-1,-1,-1,-1,-1,-1,-1,-1,-1,-1,-1,0,-1,9,-1,6,2,27,6,999,1,1,AUDI A1,3,E01023538,0,1
2024421402255,2024,421402255,2,9,0,-1,3,5,1,-1,0,0,0,0,0,0,2,1,-1,9,2,51,8,1197,1,10,AUDI A1,6,E01021362,0,1
2024991535567,2024,991535567,2,9,0,-1,19,1,4,-1,0,7,0,0,0,0,4,1,-1,6,2,26,6,999,1,1,AUDI A1,5,-1,0,2
2024622400466,2024,622400466,1,9,0,16,19,6,2,0,0,4,0,0,0,0,1,1,1,1,2,20,4,999,1,1,AUDI A1,6,W01001129,0,3
2024010527316,2024,010527316,1,9,0,2,2,0,0,0,0,0,0,4,0,0,1,2,6,6,3,-1,-1,999,1,5,AUDI A1,-1,-1,0,-1
2024010517760,2024,010517760,2,9,0,18,19,3,7,0,0,1,0,0,0,0,4,1,6,6,2,27,6,1395,1,7,AUDI A1,9,E01001020,0,3
2024221481253,2024,221481253,1,9,0,-1,14,6,1,-1,0,0,0,0,0,0,3,9,-1,9,1,25,5,1395,1,8,AUDI A1,1,E01009332,0,3
2024546186724,2024,546186724,1,9,0,18,19,8,4,0,0,0,5,0,1,2,1,1,6,6,1,80,11,1395,1,8,AUDI A1,8,E01032074,0,1
2024461401096,2024,461401096,8,9,0,-1,19,5,1,-1,0,0,1,0,0,0,1,9,-1,9,1,22,5,1395,1,8,AUDI A1,9,E01024265,0,2
2024501516370,2024,501516370,2,9,0,-1,3,3,7,-1,0,4,0,0,0,0,2,9,-1,6,2,32,6,1395,1,8,AUDI A1,7,E01020080,0,3
2024332400593,2024,332400593,1,9,0,-1,13,1,5,-1,0,0,5,0,7,0,4,1,-1,6,1,26,6,1395,1,8,AUDI A1,5,E01025689,0,3
2024401455250,2024,401455250,2,9,0,-1,19,2,6,-1,0,0,0,0,0,0,1,1,-1,9,2,53,8,1395,1,10,AUDI A1,10,E01017553,0,2
2024131473622,2024,131473622,1,9,0,-1,19,1,2,-1,0,8,0,0,3,11,2,1,-1,9,2,17,4,999,1,1,AUDI A1,8,E01032503,0,1
2024111448799,2024,111448799,3,9,0,-1,2,0,0,-1,0,0,0,0,0,0,3,1,-1,6,1,30,6,1395,1,6,AUDI A1,3,E01012340,0,1
2024131457775,2024,131457775,1,9,0,-1,19,7,3,-1,0,8,0,0,0,0,1,1,-1,9,2,35,6,1395,1,10,AUDI A1,5,E01011733,0,1
2024221502565,2024,221502565,1,9,0,-1,4,7,3,-1,0,0,0,0,5,6,2,1,-1,1,2,20,4,999,1,1,AUDI A1,10,E01014102,0,3
2024061492814,2024,061492814,3,9,0,-1,19,1,1,-1,0,0,0,0,0,0,2,1,-1,6,2,27,6,1395,1,7,AUDI A1,3,E01003237,0,5
2024451452270,2024,451452270,2,9,0,-1,2,0,0,-1,0,1,0,0,0,0,2,1,-1,6,-1,-1,-1,999,1,8,AUDI A1,-1,-1,0,-1
202460Q070293,2024,60Q070293,2,9,0,18,19,3,7,0,0,1,0,0,0,0,3,1,6,6,2,51,8,999,1,1,AUDI A1,-1,-1,0,-1
2024101518471,2024,101518471,2,9,0,-1,19,8,4,-1,0,8,0,0,0,0,4,1,-1,6,2,59,9,1598,2,11,AUDI A1,3,E01033198,0,2
2024302401435,2024,302401435,2,9,0,9,9,1,8,0,0,8,0,0,0,0,1,1,6,6,2,29,6,1598,2,11,AUDI A1,3,E01019484,0,1
2024111405397,2024,111405397,1,9,0,-1,19,1,5,-1,0,2,1,0,3,1,1,1,-1,6,2,26,6,999,1,3,AUDI A1,7,E01012345,0,2
2024010531059,2024,010531059,1,9,0,18,19,7,3,0,0,8,0,0,0,0,1,1,6,6,2,24,5,999,1,0,AUDI A1,3,E01001983,0,1
2024052401269,2024,052401269,1,9,0,18,19,6,2,0,0,1,0,0,0,0,1,1,6,6,3,-1,-1,1598,2,11,AUDI A1,-1,-1,0,-1
2024010511777,2024,010511777,1,9,0,9,9,3,1,0,0,1,0,0,0,0,1,1,2,2,1,22,5,1390,1,10,AUDI A1,1,E01001714,0,1
2024010524220,2024,010524220,1,9,0,10,10,8,5,0,0,0,0,0,0,0,1,1,6,6,2,26,6,999,1,4,AUDI A1,2,E01001257,0,4
2024101425061,2024,101425061,1,9,0,-1,19,1,5,-1,0,1,1,10,1,0,4,1,-1,2,2,36,7,1598,2,12,AUDI A1,9,E01032647,0,2
2024361484370,2024,361484370,2,9,0,-1,4,2,6,-1,0,0,0,0,0,0,2,1,-1,2,2,23,5,999,1,9,AUDI A1,9,E01035146,0,3
2024332400283,2024,332400283,1,9,0,-1,9,3,1,-1,0,6,0,0,0,0,1,1,-1,9,1,68,10,999,1,1,AUDI A1,4,E01013705,0,1
2024201478257,2024,201478257,3,9,0,-1,2,0,0,-1,0,8,0,0,0,0,1,9,-1,1,3,-1,-1,1598,2,10,AUDI A1,-1,-1,0,-1
2024122400275,2024,122400275,1,9,0,18,19,7,3,0,0,8,0,0,1,7,1,1,6,6,1,83,11,999,1,1,AUDI A1,8,E01034959,0,2
2024211415946,2024,211415946,2,9,0,-1,7,7,3,-1,0,1,0,0,0,0,1,9,-1,1,2,30,6,1395,1,6,AUDI A1,1,E01014302,0,1
2024430485124,2024,430485124,1,9,0,7,7,6,1,0,0,2,0,0,0,0,3,1,6,6,2,30,6,999,1,0,AUDI A1,-1,-1,0,-1
2024991458813,2024,991458813,1,9,0,-1,19,4,7,-1,0,0,0,0,0,0,4,1,-1,9,2,24,5,1395,1,7,AUDI A1,3,-1,0,1
2024991415891,2024,991415891,1,9,0,-1,9,4,8,-1,0,1,0,0,0,0,1,1,-1,6,2,23,5,999,1,2,AUDI A1,6,-1,0,1
2024421519000,2024,421519000,2,9,0,-1,3,3,7,-1,0,0,0,0,0,0,4,1,-1,2,2,33,6,999,1,6,AUDI A1,4,E01015930,0,1
2024332400312,2024,332400312,2,9,0,-1,13,5,1,-1,0,4,0,0,0,0,1,1,-1,6,1,17,4,999,1,2,AUDI A1,9,E01025876,0,3
2024010551303,2024,010551303,1,9,0,9,9,1,7,0,0,4,0,0,0,0,1,1,6,6,1,-1,-1,1395,1,7,AUDI A1,1,E01003486,0,3
2024522500346,2024,522500346,1,9,0,18,19,7,3,0,0,4,0,0,0,0,1,1,1,1,1,-1,-1,1390,1,12,AUDI A1,9,E01014862,0,2
2024311455595,2024,311455595,3,9,0,-1,-1,-1,-1,-1,-1,-1,-1,-1,-1,0,-1,9,-1,6,2,28,6,999,1,4,AUDI A1,6,E01028003,0,1
2024111528581,2024,111528581,2,9,0,-1,19,5,1,-1,0,3,1,0,0,0,4,1,-1,6,2,20,4,999,1,5,AUDI A1,4,E01020735,0,1
2024401455187,2024,401455187,1,9,0,-1,19,-1,-1,-1,0,0,0,0,0,0,4,9,-1,6,2,19,4,1498,1,2,AUDI A1,5,E01015700,0,1
2024421411264,2024,421411264,2,9,0,-1,19,1,6,-1,0,0,0,0,0,0,2,1,-1,9,2,26,6,1390,1,12,AUDI A1,9,E01033503,0,4
2024010523236,2024,010523236,1,9,0,18,19,1,5,0,0,0,0,0,0,0,1,1,2,2,2,27,6,1197,1,11,AUDI A1,7,E01030548,0,3
2024451494547,2024,451494547,1,9,0,-1,19,4,7,-1,0,0,0,0,0,0,3,1,-1,9,1,31,6,1395,1,7,AUDI A1,9,E01030421,0,2
2024231437428,2024,231437428,1,9,0,-1,7,6,1,-1,0,6,1,0,3,4,1,1,-1,9,1,19,4,1395,1,8,AUDI A1,9,E01025968,0,4
2024332400863,2024,332400863,2,9,0,-1,19,2,6,-1,0,8,0,7,8,1,1,1,-1,9,1,57,9,1598,2,11,AUDI A1,4,E01009633,0,3
202460Q003330,2024,60Q003330,1,9,0,3,3,3,7,0,0,0,0,0,0,0,1,1,6,6,2,22,5,1197,1,10,AUDI A1,-1,-1,0,-1
2024061482963,2024,061482963,1,9,0,-1,15,-1,-1,-1,0,0,1,0,5,7,1,1,-1,2,1,29,6,1395,1,9,AUDI A1,10,E01033998,0,2
2024231415439,2024,231415439,2,9,0,-1,4,4,8,-1,0,0,0,0,0,0,2,9,-1,9,2,27,6,999,1,6,AUDI A1,1,E01035017,0,3
2024131405367,2024,131405367,2,9,0,-1,5,3,5,-1,0,0,0,0,0,0,1,1,-1,9,2,22,5,1390,1,11,AUDI A1,7,E01011383,0,1
2024431439966,2024,431439966,3,9,0,-1,2,0,0,-1,0,0,0,0,0,0,2,1,-1,6,-1,-1,-1,1197,1,11,AUDI A1,-1,-1,0,-1
2024461456168,2024,461456168,1,9,0,-1,9,8,6,-1,0,5,0,0,0,0,3,1,-1,6,2,19,4,1197,1,12,AUDI A1,8,E01024451,0,1
2024070446749,2024,070446749,3,9,0,18,19,5,1,0,0,1,0,0,0,0,2,1,6,6,2,30,6,999,1,2,AUDI A1,-1,-1,0,-1
2024101530423,2024,101530423,2,9,0,-1,13,7,4,-1,0,0,0,0,0,0,4,1,-1,2,2,20,4,999,1,7,AUDI A1,7,E01034518,0,2
2024411439955,2024,411439955,1,9,0,-1,19,1,5,-1,0,0,0,0,0,0,1,1,-1,6,2,20,4,1598,2,10,AUDI A1,7,E01023776,0,1
2024131432399,2024,131432399,2,9,0,-1,19,5,1,-1,0,0,0,0,0,0,1,1,-1,9,2,34,6,1395,1,7,AUDI A1,3,E01011153,0,2
2024471473620,2024,471473620,1,9,0,-1,19,1,5,-1,0,0,0,0,0,0,1,1,-1,6,1,56,9,999,1,2,AUDI A1,3,E01031598,0,4
202417S104324,2024,17S104324,1,9,0,18,19,3,7,0,0,0,0,0,0,0,1,1,6,6,1,19,4,1598,2,12,AUDI A1,1,E01032542,0,1
2024010548252,2024,010548252,2,9,0,3,3,1,5,0,0,4,0,0,0,0,1,1,6,6,2,26,6,999,1,8,AUDI A1,6,E01003675,0,1
2024101500900,2024,101500900,2,9,0,-1,19,3,7,-1,0,1,0,0,0,0,4,9,-1,2,2,24,5,999,1,3,AUDI A1,-1,-1,0,-1
2024991443815,2024,991443815,1,9,0,-1,19,7,3,-1,0,0,5,0,1,4,1,1,-1,9,2,17,4,999,1,0,AUDI A1,7,-1,0,1
2024351409237,2024,351409237,1,9,0,-1,19,6,6,-1,0,0,0,0,0,0,1,1,-1,9,2,21,5,1395,1,9,AUDI A1,7,E01015678,0,2
2024010526693,2024,010526693,1,9,0,18,19,5,1,0,0,1,0,0,0,0,1,2,6,6,2,25,5,999,1,6,AUDI A1,3,E01001970,0,1
2024430209517,2024,430209517,1,9,0,3,3,7,4,0,0,1,0,0,0,0,2,1,6,6,2,28,6,999,1,5,AUDI A1,10,E01017874,0,2
2024430089964,2024,430089964,1,9,0,18,19,8,4,0,0,0,0,0,0,0,1,1,2,2,2,23,5,999,1,7,AUDI A1,-1,-1,0,-1
2024471500499,2024,471500499,2,9,0,-1,-1,-1,-1,-1,-1,0,-1,-1,-1,0,-1,9,-1,6,2,19,4,1390,1,13,AUDI A1,6,E01035326,0,1
2024351538656,2024,351538656,3,9,0,-1,19,2,6,-1,0,0,0,0,1,0,1,1,-1,6,2,26,6,999,1,3,AUDI A1,6,E01018076,0,3
2024302400670,2024,302400670,1,9,0,9,9,7,5,0,0,6,0,0,0,0,3,1,2,2,2,27,6,999,1,3,AUDI A1,2,E01029426,0,3
2024451529917,2024,451529917,5,9,0,-1,4,5,1,-1,0,0,0,0,0,0,1,1,-1,9,2,22,5,1395,1,6,AUDI A1,4,E01002447,0,3
2024552400761,2024,552400761,1,9,0,5,5,3,7,8,6,0,0,0,0,0,3,1,6,6,2,82,11,1498,1,3,AUDI A1,5,E01015296,0,1
2024061435045,2024,061435045,2,9,0,-1,3,-1,-1,-1,0,0,0,0,0,0,3,1,-1,6,2,-1,-1,1395,1,8,AUDI A1,2,E01005999,0,3
2024131459696,2024,131459696,1,9,0,-1,9,5,7,-1,0,8,0,0,0,0,1,1,-1,2,2,23,5,1390,1,11,AUDI A1,5,E01011648,0,1
2024041405026,2024,041405026,1,9,0,-1,5,7,3,-1,0,0,0,0,0,0,1,1,-1,2,2,46,8,1395,1,6,AUDI A1,2,E01005262,0,4
2024522500104,2024,522500104,3,9,0,18,19,7,3,0,0,0,0,0,0,0,2,1,6,6,2,60,9,1395,1,7,AUDI A1,10,E01015001,0,1
2024451402514,2024,451402514,2,9,0,-1,9,1,3,-1,0,1,1,0,0,0,1,1,-1,1,2,49,8,999,1,3,AUDI A1,3,E01031657,0,4
2024991531473,2024,991531473,2,9,0,-1,19,5,1,-1,0,0,0,0,0,0,1,1,-1,2,2,19,4,1395,1,9,AUDI A1,8,-1,0,1
2024010544268,2024,010544268,2,9,0,4,4,7,3,0,0,0,0,0,0,0,2,1,2,2,2,25,5,999,1,0,AUDI A1,8,E01021513,0,4
2024461473647,2024,461473647,3,9,0,-1,2,0,0,-1,0,0,0,0,0,0,3,1,-1,6,-1,-1,-1,1390,1,10,AUDI A1,-1,-1,0,-1
2024421530679,2024,421530679,1,9,0,-1,3,3,7,-1,0,1,0,0,0,0,1,1,-1,6,2,33,6,999,1,2,AUDI A1,7,E01015866,0,1
2024361451436,2024,361451436,1,9,0,-1,19,4,8,-1,0,0,0,0,0,0,1,1,-1,9,2,20,4,1598,2,12,AUDI A1,4,E01030225,0,1
2024211453330,2024,211453330,1,9,0,-1,19,7,3,-1,0,1,0,0,0,0,3,1,-1,9,2,79,11,1395,1,10,AUDI A1,6,E01019629,0,3
2024070109779,2024,070109779,2,9,0,17,19,6,2,0,0,0,0,0,0,0,1,1,6,6,2,33,6,1390,1,12,AUDI A1,5,E01004809,0,4
2024311454046,2024,311454046,3,9,0,-1,19,4,8,-1,0,0,0,0,0,0,1,1,-1,6,1,27,6,1395,1,6,AUDI A1,2,E01027977,0,1
2024111471034,2024,111471034,1,9,0,-1,9,3,8,-1,0,6,0,0,0,0,3,1,-1,6,2,17,4,999,1,2,AUDI A1,3,E01020827,0,1
2024201442376,2024,201442376,1,9,0,-1,5,8,2,-1,0,6,0,0,0,0,3,2,-1,6,2,30,6,1598,2,9,AUDI A1,4,E01009628,0,1
2024471434190,2024,471434190,3,9,0,-1,19,7,3,-1,0,0,0,0,0,0,2,1,-1,9,1,28,6,1598,2,7,AUDI A1,1,E01020994,0,3
2024631489002,2024,631489002,2,9,0,-1,10,1,1,-1,0,0,0,0,1,9,2,1,-1,9,2,25,5,1598,2,11,AUDI A1,7,W01000488,0,2
2024421414647,2024,421414647,2,9,0,-1,19,7,3,-1,0,2,0,0,0,0,1,1,-1,9,2,48,8,1395,1,8,AUDI A1,8,E01021760,0,2
2024451398233,2024,451398233,1,9,0,-1,3,1,5,-1,0,0,0,0,0,0,2,9,-1,9,2,24,5,1498,1,1,AUDI A1,7,E01030455,0,2
2024201517047,2024,201517047,2,9,0,-1,19,1,2,-1,0,0,0,0,0,0,1,1,-1,2,2,49,8,1395,1,7,AUDI A1,5,E01010014,0,1
2024622400258,2024,622400258,1,9,0,18,19,4,8,0,0,1,0,0,0,0,1,1,6,6,1,32,6,1598,2,11,AUDI A1,3,W01001265,0,1
2024010513625,2024,010513625,1,9,0,18,19,7,3,2,2,8,0,0,0,0,1,1,2,2,1,18,4,1390,1,10,AUDI A1,6,E01003737,0,1
2024201516276,2024,201516276,1,9,0,-1,19,5,6,-1,0,0,0,0,0,0,1,9,-1,6,1,37,7,1395,1,7,AUDI A1,1,E01034307,0,1
2024471442403,2024,471442403,2,9,0,-1,4,4,8,-1,0,1,0,0,0,0,1,1,-1,6,2,27,6,999,1,4,AUDI A1,4,E01031575,0,4
2024221459288,2024,221459288,1,9,0,-1,19,5,1,-1,0,0,5,0,0,0,1,1,-1,6,2,18,4,1390,1,11,AUDI A1,2,E01032202,0,1
2024421398125,2024,421398125,1,9,0,-1,4,1,5,-1,0,8,0,0,0,0,1,1,-1,6,2,59,9,1395,1,8,AUDI A1,5,E01033140,0,1
202417M202924,2024,17M202924,2,9,0,7,7,4,6,0,0,1,0,0,0,0,1,1,6,6,2,20,4,1598,2,13,AUDI A1,-1,-1,0,-1
2024541420724,2024,541420724,1,9,0,5,5,7,2,0,0,6,0,0,0,0,1,1,1,1,2,55,8,1390,1,13,AUDI A1,4,W01000587,0,5
2024531519564,2024,531519564,3,9,0,-1,2,0,0,-1,0,0,0,0,0,0,1,1,-1,6,-1,-1,-1,1395,1,8,AUDI A1,-1,-1,0,-1
2024320002324,2024,320002324,2,9,0,-1,-1,4,8,0,0,0,0,0,0,0,2,1,1,1,1,32,6,1390,1,11,AUDI A1,4,E01026224,0,1
2024010536787,2024,010536787,2,9,0,4,4,1,5,0,0,3,0,0,0,0,3,1,1,1,2,41,7,1390,1,13,AUDI A1,2,E01003346,0,3
2024351489822,2024,351489822,1,9,0,-1,4,1,5,-1,0,0,0,0,0,0,2,1,-1,6,1,19,4,1395,1,8,AUDI A1,10,E01026362,0,3
2024010511374,2024,010511374,1,9,0,99,99,9,9,99,99,1,9,99,9,99,9,9,6,6,3,-1,-1,999,1,5,AUDI A1,-1,-1,0,-1
2024010516740,2024,010516740,2,9,0,99,99,9,9,99,99,9,9,99,9,99,1,9,6,6,3,52,8,1395,1,6,AUDI A1,1,E01004670,0,2