collision_index,collision_year,collision_ref_no,vehicle_reference,vehicle_type,towing_and_articulation,vehicle_manoeuvre_historic,vehicle_manoeuvre,vehicle_direction_from,vehicle_direction_to,vehicle_location_restricted_lane_historic,vehicle_location_restricted_lane,junction_location,skidding_and_overturning,hit_object_in_carriageway,vehicle_leaving_carriageway,hit_object_off_carriageway,first_point_of_impact,vehicle_left_hand_drive,journey_purpose_of_driver_historic,journey_purpose_of_driver,sex_of_driver,age_of_driver,age_band_of_driver,engine_capacity_cc,propulsion_code,age_of_vehicle,generic_make_model,driver_imd_decile,lsoa_of_driver,escooter_flag,driver_distance_banding
2024211498905,2024,211498905,1,9,0,-1,19,5,1,-1,0,0,0,0,0,0,2,1,-1,1,2,26,6,1395,1,7,AUDI A1,-1,-1,0,-1
2024622400435,2024,622400435,2,9,0,18,19,4,8,0,0,8,0,0,0,0,1,1,6,6,2,42,7,1598,2,10,AUDI A1,1,W01000939,0,3
2024010548590,2024,010548590,2,9,0,3,3,5,1,0,0,3,0,0,0,0,2,1,6,6,1,80,11,999,1,1,AUDI A1,2,E01002227,0,1
2024201474245,2024,201474245,2,9,0,-1,2,0,0,-1,9,0,0,0,0,0,1,1,-1,6,-1,18,4,999,1,0,AUDI A1,-1,-1,0,-1
2024010548919,2024,010548919,1,9,0,99,99,9,9,99,99,9,9,99,9,99,9,9,6,6,1,21,5,1390,1,9,AUDI A1,5,E01002454,0,1
2024302401056,2024,302401056,1,9,0,16,19,1,4,0,0,0,0,11,1,11,1,1,6,6,1,17,4,1390,1,10,AUDI A1,9,E01012998,0,4
2024010497908,2024,010497908,1,9,0,18,19,5,1,0,0,7,2,4,0,0,1,1,1,1,2,22,5,999,1,2,AUDI A1,6,E01001163,0,1
2024340NN0982,2024,340NN0982,2,9,0,-1,19,1,5,-1,0,0,0,0,0,0,1,1,-1,6,2,41,7,1390,1,12,AUDI A1,10,E01026357,0,3
2024052401035,2024,052401035,1,9,0,18,19,1,5,0,0,8,0,0,0,0,1,1,6,6,2,22,5,999,1,8,AUDI A1,7,E01007066,0,1
2024461520774,2024,461520774,1,9,0,-1,5,5,2,-1,0,1,0,0,0,0,3,1,-1,9,2,24,5,999,1,1,AUDI A1,6,E01024361,0,1
2024440256691,2024,440256691,1,9,0,4,4,3,7,0,0,0,0,0,0,0,2,1,6,6,2,23,5,999,1,2,AUDI A1,10,E01023005,0,3
2024332400846,2024,332400846,1,9,0,-1,5,6,6,-1,0,0,0,0,7,0,3,1,-1,9,2,23,5,1598,2,12,AUDI A1,10,E01025838,0,1
2024411451292,2024,411451292,1,9,0,-1,19,3,4,-1,0,1,0,0,0,0,1,1,-1,6,2,22,5,999,1,9,AUDI A1,10,E01023802,0,1
2024052400991,2024,052400991,1,9,0,18,19,5,1,0,0,1,1,4,0,0,1,1,6,6,1,37,7,1390,1,10,AUDI A1,1,E01006556,0,1
2024430215069,2024,430215069,1,9,0,9,9,2,8,0,0,6,0,0,0,0,4,1,6,6,1,56,9,1598,2,13,AUDI A1,-1,-1,0,-1
2024451440439,2024,451440439,1,9,0,-1,19,5,1,-1,0,0,0,0,0,0,1,1,-1,9,2,36,7,999,1,2,AUDI A1,7,E01023098,0,2
2024622400827,2024,622400827,2,9,0,18,19,8,4,0,0,0,0,0,0,0,2,1,6,6,2,27,6,1598,2,12,AUDI A1,9,W01001729,0,3
2024440432897,2024,440432897,1,9,0,18,19,3,7,0,0,8,0,0,0,0,1,1,6,6,2,62,9,1390,1,13,AUDI A1,6,E01023046,0,2
2024041437139,2024,041437139,1,9,0,-1,19,3,7,-1,0,0,1,0,7,0,1,1,-1,6,1,28,6,1498,1,3,AUDI A1,9,E01029672,0,5
2024201476270,2024,201476270,1,9,0,-1,4,8,4,-1,0,0,0,0,0,0,3,1,-1,6,1,23,5,1197,1,11,AUDI A1,2,E01009795,0,1
2024131461774,2024,131461774,3,9,0,-1,19,4,8,-1,0,0,0,0,0,0,1,1,-1,9,1,22,5,1598,2,12,AUDI A1,3,E01011257,0,1
2024340WN6232,2024,340WN6232,1,9,0,-1,19,1,5,-1,0,1,0,0,0,0,1,1,-1,9,2,22,5,999,1,5,AUDI A1,7,E01027277,0,2
2024461412951,2024,461412951,2,9,0,-1,19,2,6,-1,0,2,0,0,0,0,1,1,-1,2,2,26,6,1598,2,7,AUDI A1,1,E01024597,0,2
2024201448023,2024,201448023,3,9,0,-1,19,6,2,-1,0,0,0,0,0,0,4,9,-1,6,3,-1,-1,1390,1,10,AUDI A1,-1,-1,0,-1
2024411412491,2024,411412491,1,9,0,-1,19,7,3,-1,0,0,0,0,0,0,1,1,-1,1,2,22,5,1598,2,10,AUDI A1,6,E01023940,0,3
2024451450417,2024,451450417,1,9,0,-1,19,4,4,-1,0,0,1,0,0,0,2,9,-1,6,2,54,8,1197,1,10,AUDI A1,10,E01030581,0,4
2024201443220,2024,201443220,1,9,0,-1,19,7,3,-1,0,0,0,0,0,0,1,9,-1,2,2,25,5,999,1,5,AUDI A1,1,E01009567,0,4
2024221472232,2024,221472232,2,9,0,-1,19,8,5,-1,0,8,0,0,0,0,4,1,-1,6,1,23,5,999,1,5,AUDI A1,3,E01032321,0,1
2024161520384,2024,161520384,1,9,0,-1,19,3,7,-1,0,4,0,0,0,0,2,1,-1,9,2,19,4,999,1,3,AUDI A1,9,E01035478,0,4
2024052400342,2024,052400342,2,9,0,18,19,4,8,0,0,3,0,0,0,0,3,1,2,2,2,23,5,1598,2,10,AUDI A1,6,E01007248,0,1
2024101432979,2024,101432979,1,9,0,-1,9,1,5,-1,0,6,0,0,0,0,1,1,-1,2,2,20,4,999,1,4,AUDI A1,8,E01035628,0,1
2024041504107,2024,041504107,3,9,0,-1,19,3,7,-1,0,1,0,0,0,0,2,1,-1,6,2,58,9,1395,1,6,AUDI A1,2,E01025059,0,2
2024211477577,2024,211477577,2,9,0,-1,9,0,0,-1,0,0,0,0,0,0,3,1,-1,6,1,24,5,999,1,8,AUDI A1,1,E01014250,0,4
2024010508771,2024,010508771,1,9,0,9,9,5,3,0,0,6,0,0,0,0,3,1,6,6,2,24,5,1395,1,7,AUDI A1,1,E01001838,0,3
2024552400511,2024,552400511,1,9,0,12,12,2,7,0,0,8,0,0,0,0,3,1,2,2,2,47,8,1395,1,6,AUDI A1,8,E01015297,0,1
2024461451047,2024,461451047,2,9,0,-1,19,6,2,-1,0,1,0,0,0,0,1,1,-1,9,2,19,4,1390,1,12,AUDI A1,7,E01024689,0,1
2024201473803,2024,201473803,1,9,0,-1,5,6,2,-1,0,1,0,0,0,0,1,9,-1,6,2,60,9,999,1,7,AUDI A1,-1,-1,0,-1
2024010508433,2024,010508433,1,9,0,99,99,9,9,99,99,9,9,99,9,99,2,9,6,6,2,35,6,999,1,1,AUDI A1,9,E01028802,0,4
2024141400334,2024,141400334,1,9,0,-1,19,8,4,-1,0,0,0,0,0,0,1,1,-1,9,2,27,6,999,1,4,AUDI A1,5,E01007887,0,2
2024111493449,2024,111493449,2,9,0,-1,19,8,4,-1,0,1,0,0,0,0,1,1,-1,1,2,57,9,1598,2,12,AUDI A1,4,E01020630,0,2
2024320344896,2024,320344896,1,9,0,1,1,6,2,9,9,6,0,0,0,0,2,1,-1,-1,2,49,8,1598,2,9,AUDI A1,9,E01029784,0,5
2024520002433,2024,520002433,1,9,0,1,1,4,8,0,0,0,0,0,0,0,2,1,6,6,1,44,7,999,1,1,AUDI A1,5,E01014466,0,1
2024320449284,2024,320449284,2,9,0,9,9,4,2,0,0,5,0,0,0,0,3,1,6,6,1,71,10,1390,1,10,AUDI A1,8,E01026212,0,2
2024991519179,2024,991519179,1,9,0,-1,13,2,6,-1,0,0,5,7,7,0,1,1,-1,2,1,41,7,999,1,1,AUDI A1,4,-1,0,4
2024361428063,2024,361428063,2,9,0,-1,4,3,7,-1,0,1,0,0,0,0,2,1,-1,9,1,32,6,1598,2,9,AUDI A1,1,E01006019,0,5
2024320004247,2024,320004247,1,9,0,13,13,8,4,0,0,1,0,0,0,0,1,1,-1,-1,1,25,5,1498,1,5,AUDI A1,5,E01028144,0,4
2024451434006,2024,451434006,1,9,0,-1,19,5,1,-1,0,1,1,0,1,0,1,1,-1,6,2,18,4,1498,1,4,AUDI A1,10,E01031675,0,4
2024070562983,2024,070562983,1,9,0,4,4,3,6,0,0,0,1,0,0,0,1,1,6,6,2,-1,-1,1395,1,8,AUDI A1,8,W01000310,0,3
2024401507519,2024,401507519,2,9,0,-1,4,7,3,-1,0,0,0,0,0,0,2,1,-1,2,2,32,6,1395,1,6,AUDI A1,5,E01017557,0,3
2024440135473,2024,440135473,2,9,0,9,9,6,4,0,0,6,1,10,1,0,3,1,6,6,1,18,4,999,1,5,AUDI A1,10,E01032853,0,1
2024311417211,2024,311417211,2,9,0,-1,19,8,4,-1,0,1,0,0,0,0,1,1,-1,2,2,23,5,1395,1,6,AUDI A1,3,E01028297,0,3
2024010526544,2024,010526544,2,9,0,2,2,0,0,0,0,1,0,0,0,0,3,1,6,6,3,-1,-1,999,1,8,AUDI A1,-1,-1,0,-1
2024010536537,2024,010536537,1,9,0,9,9,2,7,0,0,5,0,0,0,0,1,1,3,7,1,19,4,1390,1,12,AUDI A1,8,E01003676,0,1
2024552400983,2024,552400983,1,9,0,18,19,6,2,0,0,0,0,0,0,0,1,1,6,6,1,25,5,1395,1,8,AUDI A1,8,E01020375,0,2
2024371417653,2024,371417653,2,9,0,-1,19,7,3,-1,0,0,0,0,0,0,3,1,-1,6,2,18,4,1395,1,8,AUDI A1,5,E01030066,0,2
2024991419095,2024,991419095,1,9,0,-1,19,8,4,-1,0,2,0,4,0,0,1,1,-1,6,2,30,6,1390,1,11,AUDI A1,3,-1,0,2
2024101473930,2024,101473930,2,9,0,-1,3,2,6,-1,0,8,0,0,0,0,3,1,-1,6,2,44,7,1968,2,10,AUDI A1,9,E01008376,0,1
2024332400101,2024,332400101,2,9,0,-1,19,3,7,-1,0,0,0,0,1,0,3,1,-1,6,1,25,5,1598,2,7,AUDI A1,9,E01025901,0,3
2024131495987,2024,131495987,1,9,0,-1,19,3,7,-1,0,0,0,4,1,0,1,1,-1,6,2,24,5,999,1,8,AUDI A1,1,E01011483,0,1
2024101440431,2024,101440431,1,9,0,-1,4,3,2,-1,0,0,0,0,0,0,2,1,-1,9,2,46,8,999,1,1,AUDI A1,-1,-1,0,-1
2024041459047,2024,041459047,2,9,0,-1,19,8,4,-1,0,1,0,0,1,10,3,1,-1,9,2,83,11,1598,2,9,AUDI A1,10,E01025414,0,1
2024451432874,2024,451432874,2,9,0,-1,19,1,5,-1,0,0,0,0,0,0,2,1,-1,2,2,47,8,999,1,2,AUDI A1,6,E01030524,0,4
2024430214289,2024,430214289,1,9,0,18,19,5,1,0,0,8,0,0,0,0,1,1,6,6,2,28,6,1598,2,10,AUDI A1,8,E01016690,0,2
2024070753061,2024,070753061,1,9,0,-1,4,1,5,-1,0,3,0,4,2,2,1,1,-1,9,2,81,11,1598,2,10,AUDI A1,8,E01018391,0,2
2024231468607,2024,231468607,2,9,0,-1,19,3,7,-1,0,8,0,0,0,0,4,1,-1,9,2,22,5,999,1,7,AUDI A1,4,E01007359,0,5
2024211475782,2024,211475782,1,9,0,-1,19,2,6,-1,0,1,0,0,0,0,1,9,-1,6,2,-1,-1,1598,2,8,AUDI A1,-1,-1,0,-1
2024221492272,2024,221492272,3,9,0,-1,4,8,4,-1,0,8,0,0,0,0,2,1,-1,1,2,31,6,999,1,5,AUDI A1,4,E01032409,0,2
202417L103324,2024,17L103324,2,9,0,-1,19,2,6,-1,0,1,0,0,0,0,1,1,-1,9,2,-1,-1,1395,1,6,AUDI A1,-1,-1,0,-1
2024221468529,2024,221468529,1,9,0,-1,19,7,2,-1,0,0,2,0,7,11,1,1,-1,9,2,25,5,1598,2,12,AUDI A1,5,E01014009,0,2
2024320654396,2024,320654396,1,9,0,7,7,5,7,0,0,6,0,0,0,0,3,1,-1,-1,2,25,5,1395,1,6,AUDI A1,-1,-1,0,-1
2024221495379,2024,221495379,3,9,0,-1,4,7,3,-1,0,2,0,0,0,0,0,1,-1,6,1,27,6,1598,2,13,AUDI A1,3,E01022245,0,4
2024010510981,2024,010510981,2,9,9,99,99,9,9,99,99,0,9,99,9,99,9,9,6,6,3,-1,-1,1197,1,11,AUDI A1,-1,-1,0,-1
2024201516458,2024,201516458,2,9,0,-1,19,1,5,-1,0,8,1,0,0,0,3,1,-1,9,1,43,7,999,1,1,AUDI A1,1,E01009073,0,1
2024320733874,2024,320733874,2,9,0,-1,-1,4,8,0,0,8,5,0,1,9,3,1,6,6,2,27,6,1395,1,8,AUDI A1,8,E01026138,0,2
2024451436295,2024,451436295,1,9,0,-1,19,3,7,-1,0,8,1,0,0,0,3,1,-1,2,2,57,9,1498,1,4,AUDI A1,8,E01030817,0,1
2024161413818,2024,161413818,1,9,0,-1,9,3,1,-1,0,6,0,0,0,0,1,1,-1,2,2,47,8,1395,1,7,AUDI A1,7,E01013013,0,1
2024411479509,2024,411479509,1,9,-1,-1,-1,-1,-1,-1,-1,0,-1,-1,-1,0,4,9,-1,6,2,-1,-1,1395,1,9,AUDI A1,7,E01023961,0,1
2024041492323,2024,041492323,1,9,0,-1,19,5,1,-1,0,0,0,0,0,0,1,1,-1,1,2,23,5,999,1,0,AUDI A1,1,E01025248,0,2
2024340NN3202,2024,340NN3202,1,9,0,-1,19,7,3,-1,0,0,0,0,1,2,1,1,-1,2,2,20,4,1390,1,13,AUDI A1,7,E01027321,0,2
202460Q093025,2024,60Q093025,1,9,0,9,9,2,6,0,0,1,0,0,0,0,1,1,6,6,2,41,7,1598,2,11,AUDI A1,-1,-1,0,-1
2024471468939,2024,471468939,4,9,0,-1,2,0,0,-1,0,1,0,0,0,0,3,1,-1,6,-1,-1,-1,999,1,4,AUDI A1,-1,-1,0,-1
2024010517147,2024,010517147,2,9,0,18,19,5,1,0,0,1,0,0,0,0,1,1,6,6,2,21,5,999,1,1,AUDI A1,9,E01004115,0,1
2024010509953,2024,010509953,1,9,0,99,99,9,9,99,99,9,9,99,9,99,2,9,6,6,2,55,8,1390,1,13,AUDI A1,3,E01001491,0,1
2024211481479,2024,211481479,1,9,0,-1,3,6,2,-1,0,0,0,0,0,0,1,1,-1,9,2,21,5,1390,1,10,AUDI A1,9,E01029631,0,2
2024451470600,2024,451470600,1,9,0,-1,4,-1,-1,-1,0,0,0,0,0,0,2,1,-1,9,2,26,6,1197,1,13,AUDI A1,9,E01030317,0,3
2024131413758,2024,131413758,1,9,0,-1,19,8,4,-1,0,0,0,0,0,0,1,1,-1,6,2,24,5,1598,2,12,AUDI A1,8,E01011174,0,2
2024122500222,2024,122500222,4,9,0,2,2,0,0,0,0,8,0,0,0,0,0,1,6,6,2,34,6,999,1,7,AUDI A1,6,E01027636,0,2
2024010512118,2024,010512118,2,9,0,7,7,7,2,0,0,0,0,0,0,0,1,1,6,6,1,19,4,999,1,5,AUDI A1,3,E01024591,0,4
2024061474991,2024,061474991,1,9,-1,-1,-1,-1,-1,-1,-1,0,-1,-1,-1,0,-1,9,-1,6,1,33,6,999,1,4,AUDI A1,2,E01005308,0,1
2024622400500,2024,622400500,2,9,0,2,2,0,0,0,0,0,0,0,0,0,0,1,6,6,3,-1,-1,999,1,5,AUDI A1,-1,-1,0,-1
2024991498468,2024,991498468,2,9,0,-1,4,2,6,-1,0,4,0,0,0,0,2,1,-1,2,2,23,5,999,1,3,AUDI A1,7,-1,0,1
2024131439320,2024,131439320,1,9,0,-1,9,4,8,-1,0,1,0,0,0,0,1,1,-1,9,2,34,6,1390,1,13,AUDI A1,1,E01011003,0,3
2024010498138,2024,010498138,1,9,0,18,19,5,1,0,0,1,0,0,0,0,4,1,6,6,2,52,8,999,1,7,AUDI A1,7,E01004626,0,1
2024471510618,2024,471510618,2,9,0,-1,19,2,6,-1,0,8,0,0,0,0,4,1,-1,9,2,19,4,1390,1,12,AUDI A1,5,E01035598,0,4
2024010487303,2024,010487303,2,9,0,2,2,0,0,0,0,2,0,4,0,0,2,1,6,6,3,-1,-1,1395,1,9,AUDI A1,-1,-1,0,-1
2024131463270,2024,131463270,2,9,0,-1,19,8,4,-1,0,8,1,0,1,1,1,1,-1,9,2,20,4,1395,1,9,AUDI A1,6,E01010588,0,1
2024320550839,2024,320550839,1,9,0,-1,-1,8,4,0,0,0,5,0,1,9,1,1,6,6,1,20,4,999,1,0,AUDI A1,-1,-1,0,-1
2024010541070,2024,010541070,2,9,0,99,99,9,9,99,99,9,9,99,9,99,9,9,6,6,3,-1,-1,1390,1,10,AUDI A1,3,E01002084,0,1
2024361475275,2024,361475275,1,9,0,-1,5,2,8,-1,0,0,0,0,0,0,1,1,-1,6,2,20,4,999,1,1,AUDI A1,4,E01035137,0,1
2024010523283,2024,010523283,2,9,0,99,99,9,9,0,0,1,0,99,9,99,9,9,6,6,3,-1,-1,1390,1,12,AUDI A1,-1,-1,0,-1
2024421536887,2024,421536887,1,9,0,-1,19,4,8,-1,0,0,0,0,0,0,1,1,-1,6,1,24,5,999,1,4,AUDI A1,6,E01021722,0,2
2024501399671,2024,501399671,1,9,0,-1,15,7,3,-1,0,0,0,4,0,0,4,9,-1,2,2,36,7,1598,2,10,AUDI A1,7,E01018789,0,2
2024131420424,2024,131420424,1,9,0,-1,19,5,5,-1,0,1,0,0,0,0,1,1,-1,9,1,21,5,1968,2,10,AUDI A1,4,E01011044,0,1
2024052402424,2024,052402424,2,9,0,18,19,5,8,0,0,1,0,0,0,0,3,1,6,6,2,36,7,999,1,1,AUDI A1,1,E01006663,0,1
2024622400108,2024,622400108,3,9,0,2,2,0,0,0,0,1,0,0,0,0,2,1,6,6,3,-1,-1,1395,1,8,AUDI A1,-1,-1,0,-1
2024991522485,2024,991522485,2,9,0,-1,5,8,4,-1,0,1,0,0,0,0,1,1,-1,2,2,22,5,999,1,3,AUDI A1,3,-1,0,1
2024010511830,2024,010511830,1,9,0,99,99,9,9,99,99,9,9,99,9,99,2,9,6,6,2,29,6,999,1,8,AUDI A1,5,E01023332,0,1
2024411492399,2024,411492399,2,9,0,-1,-1,-1,-1,-1,-1,-1,-1,-1,-1,0,2,1,-1,9,2,42,7,999,1,2,AUDI A1,10,E01033024,0,1
2024471439455,2024,471439455,1,9,0,-1,9,1,5,-1,0,0,0,0,0,0,1,1,-1,9,2,20,4,999,1,6,AUDI A1,9,E01035352,0,3
2024211525675,2024,211525675,1,9,0,-1,19,3,5,-1,0,0,1,0,0,0,3,1,-1,6,2,80,11,1395,1,6,AUDI A1,7,E01029683,0,1
2024430597561,2024,430597561,3,9,0,4,4,5,1,0,0,0,0,0,0,0,2,1,6,6,2,19,4,1390,1,12,AUDI A1,9,E01028495,0,2
2024010496423,2024,010496423,1,9,0,99,99,9,9,99,99,9,9,99,9,99,2,9,2,2,2,26,6,999,1,7,AUDI A1,5,E01016566,0,4
2024501400861,2024,501400861,1,9,0,-1,19,7,7,-1,0,0,0,11,0,0,1,9,-1,6,1,19,4,1197,1,13,AUDI A1,2,E01034162,0,1
2024061505330,2024,061505330,2,9,0,-1,3,7,3,-1,0,0,0,0,0,0,2,9,-1,6,1,43,7,1395,1,9,AUDI A1,9,E01005334,0,3
2024010507060,2024,010507060,2,9,9,99,99,9,9,99,99,4,9,99,9,99,9,9,6,6,3,-1,-1,1390,1,11,AUDI A1,-1,-1,0,-1
2024131509996,2024,131509996,2,9,0,-1,19,7,3,-1,0,0,0,0,0,0,2,1,-1,6,1,56,9,1395,1,8,AUDI A1,8,E01032491,0,1
2024061524581,2024,061524581,1,9,0,-1,19,6,2,-1,0,8,0,0,0,0,1,1,-1,6,1,19,4,999,1,0,AUDI A1,4,E01006110,0,1
2024061436791,2024,061436791,1,9,0,-1,4,3,7,-1,0,8,0,0,0,0,4,1,-1,9,2,29,6,999,1,2,AUDI A1,7,E01005510,0,1
2024061528565,2024,061528565,1,9,0,-1,3,4,8,-1,0,1,0,0,0,0,2,1,-1,9,2,30,6,999,1,0,AUDI A1,1,E01005101,0,2
2024411479077,2024,411479077,1,9,0,-1,19,3,7,-1,0,1,1,0,7,4,1,1,-1,9,1,20,4,1390,1,12,AUDI A1,3,E01034038,0,4
2024552401318,2024,552401318,1,9,0,18,19,8,4,0,0,0,0,0,0,0,1,1,6,6,1,27,6,999,1,7,AUDI A1,2,E01015362,0,1
2024141475867,2024,141475867,1,9,0,-1,19,2,6,-1,0,0,0,4,0,0,1,1,-1,6,2,18,4,999,1,4,AUDI A1,5,E01007924,0,1
2024332400434,2024,332400434,1,9,0,-1,13,1,5,-1,0,8,0,0,0,0,4,1,-1,6,1,73,10,1390,1,12,AUDI A1,6,E01013710,0,1
2024131472592,2024,131472592,1,9,0,-1,19,7,3,-1,0,8,0,0,1,0,1,1,-1,2,2,26,6,999,1,6,AUDI A1,5,E01010651,0,1
2024311513233,2024,311513233,4,9,0,-1,19,2,5,-1,0,1,0,0,0,0,1,1,-1,2,2,23,5,999,1,7,AUDI A1,5,E01013913,0,2
2024111451852,2024,111451852,1,9,0,-1,9,3,1,-1,0,0,0,0,0,0,1,1,-1,6,1,17,4,999,1,0,AUDI A1,2,E01012307,0,1
2024201518093,2024,201518093,2,9,0,-1,3,4,8,-1,0,0,0,0,0,0,2,1,-1,6,2,24,5,999,1,7,AUDI A1,9,E01029659,0,4
2024010522996,2024,010522996,2,9,0,99,99,9,9,99,99,9,9,99,9,99,1,9,6,6,3,-1,-1,1390,1,12,AUDI A1,-1,-1,0,-1
2024161398465,2024,161398465,1,9,0,-1,19,3,7,-1,0,0,0,0,0,0,1,1,-1,2,2,29,6,1395,1,8,AUDI A1,6,E01012912,0,1
2024401492795,2024,401492795,2,9,0,-1,19,5,1,-1,0,1,0,0,0,0,1,1,-1,2,2,20,4,1390,1,13,AUDI A1,2,E01017523,0,1
2024131454995,2024,131454995,2,9,0,-1,19,3,7,-1,0,0,0,0,0,0,1,1,-1,6,2,20,4,999,1,1,AUDI A1,5,E01010991,0,2
2024201523995,2024,201523995,2,9,0,-1,19,6,2,-1,0,1,0,0,0,0,2,1,-1,6,1,32,6,1390,1,13,AUDI A1,1,E01009125,0,1
2024501469906,2024,501469906,2,9,0,-1,19,8,4,-1,0,1,0,0,0,0,1,1,-1,2,2,26,6,1197,1,13,AUDI A1,4,E01015236,0,1
2024131509751,2024,131509751,1,9,0,-1,19,5,1,-1,0,3,0,0,0,0,1,1,-1,2,1,54,8,1395,1,6,AUDI A1,1,E01010654,0,3
2024461399250,2024,461399250,1,9,0,-1,3,2,4,-1,0,3,0,0,1,0,4,9,-1,6,2,25,5,1197,1,13,AUDI A1,10,E01024115,0,1
2024461435441,2024,461435441,2,9,0,-1,4,3,7,-1,0,0,0,0,0,0,2,9,-1,2,2,36,7,1390,1,11,AUDI A1,5,E01024164,0,1
2024070278043,2024,070278043,1,9,0,9,9,5,3,0,0,6,0,0,0,0,1,1,6,6,2,27,6,999,1,6,AUDI A1,8,E01019746,0,2
2024361527187,2024,361527187,1,9,0,-1,19,6,2,-1,0,0,0,0,0,0,1,1,-1,6,2,26,6,1390,1,13,AUDI A1,5,E01026745,0,2
2024141524590,2024,141524590,2,9,0,-1,7,5,7,-1,0,1,0,0,0,0,3,1,-1,6,2,27,6,1390,1,11,AUDI A1,1,E01007403,0,1
2024461486245,2024,461486245,4,9,-1,-1,-1,-1,-1,-1,-1,0,-1,-1,-1,0,-1,9,-1,6,3,-1,-1,1395,1,7,AUDI A1,-1,-1,0,-1
2024421482439,2024,421482439,1,9,0,-1,19,7,8,-1,0,1,5,4,0,0,1,1,-1,9,2,21,5,999,1,1,AUDI A1,4,E01002311,0,3
2024010550715,2024,010550715,2,9,0,99,99,9,9,99,99,9,9,99,9,99,2,9,6,6,3,-1,-1,1390,1,11,AUDI A1,-1,-1,0,-1
2024231412391,2024,231412391,1,9,0,-1,19,5,1,-1,0,1,1,0,0,0,1,1,-1,2,2,29,6,1598,2,12,AUDI A1,2,E01031044,0,1
2024201467101,2024,201467101,1,9,0,-1,9,7,4,-1,0,6,0,0,0,0,1,9,-1,6,2,21,5,999,1,2,AUDI A1,9,E01009422,0,1
2024440070030,2024,440070030,1,9,0,18,19,8,4,0,0,0,0,0,0,0,1,1,6,6,2,59,9,1395,1,7,AUDI A1,10,E01022588,0,2
2024501433939,2024,501433939,4,9,0,-1,3,3,7,-1,0,1,0,0,0,0,2,2,-1,6,2,76,11,1395,1,8,AUDI A1,9,E01020171,0,2
2024520403044,2024,520403044,1,9,0,18,19,5,1,0,0,0,0,0,0,0,2,1,6,6,2,24,5,999,1,4,AUDI A1,2,E01010381,0,5
2024451532067,2024,451532067,2,9,0,-1,19,8,4,-1,0,0,0,0,0,0,2,1,-1,2,2,20,4,1598,2,7,AUDI A1,7,E01022946,0,4
2024501508286,2024,501508286,1,9,0,-1,19,2,6,-1,0,0,0,0,0,0,1,1,-1,6,2,84,11,1395,1,7,AUDI A1,6,E01020082,0,3
2024052401957,2024,052401957,2,9,0,18,19,6,2,0,0,1,0,0,0,0,3,1,2,2,2,27,6,999,1,7,AUDI A1,5,E01006462,0,1
202417M318624,2024,17M318624,3,9,0,-1,19,4,7,-1,0,8,0,0,0,0,3,1,-1,2,2,55,8,999,1,4,AUDI A1,1,E01012250,0,2
2024010542904,2024,010542904,1,9,9,99,99,9,9,99,99,9,9,99,9,99,1,9,6,6,2,23,5,999,1,5,AUDI A1,2,E01033146,0,1
2024161423847,2024,161423847,2,9,0,-1,9,5,3,-1,0,8,0,0,0,0,1,1,-1,1,2,24,5,999,1,5,AUDI A1,10,E01033495,0,4
2024361472474,2024,361472474,2,9,0,-1,19,7,3,-1,0,8,0,0,0,0,4,1,-1,2,2,40,7,1390,1,11,AUDI A1,3,E01026639,0,1
2024421480302,2024,421480302,2,9,0,-1,4,5,1,-1,0,0,0,0,0,0,2,1,-1,2,2,33,6,1395,1,7,AUDI A1,5,E01021422,0,3
2024361513922,2024,361513922,2,9,0,-1,9,8,1,-1,0,2,0,0,0,0,1,1,-1,6,1,70,10,1598,2,14,AUDI A1,5,E01030066,0,2
2024061511833,2024,061511833,1,9,0,-1,5,0,0,-1,0,0,0,0,0,0,1,1,-1,6,1,41,7,999,1,6,AUDI A1,5,E01005956,0,1
2024451478309,2024,451478309,1,9,0,-1,19,1,5,-1,0,0,5,0,8,2,1,1,-1,9,2,83,11,1498,1,2,AUDI A1,9,E01030644,0,1
2024302400338,2024,302400338,1,9,0,4,4,1,5,0,0,8,0,0,0,0,1,1,6,6,2,25,5,999,1,4,AUDI A1,10,E01013468,0,4
2024101505190,2024,101505190,2,9,0,-1,19,5,1,-1,0,8,0,0,0,0,1,1,-1,2,2,20,4,999,1,0,AUDI A1,4,E01027498,0,1
2024101485965,2024,101485965,1,9,0,-1,13,3,7,-1,0,0,0,0,0,0,1,1,-1,9,1,19,4,1598,2,13,AUDI A1,7,E01008197,0,1
2024622400431,2024,622400431,1,9,0,18,19,7,3,0,0,2,0,0,0,0,1,1,6,6,2,17,4,999,1,7,AUDI A1,10,W01001916,0,1
2024451525546,2024,451525546,1,9,0,-1,7,2,4,-1,0,5,1,0,0,0,1,1,-1,9,1,22,5,999,1,0,AUDI A1,6,E01030842,0,1
2024161405927,2024,161405927,2,9,0,-1,9,5,4,-1,0,1,0,0,1,1,4,1,-1,9,1,77,11,1395,1,6,AUDI A1,4,E01013183,0,1
2024531431916,2024,531431916,3,9,0,-1,19,1,5,-1,0,8,0,0,0,0,3,1,-1,9,2,20,4,1390,1,11,AUDI A1,5,E01022440,0,1