collision_index,collision_year,collision_ref_no,vehicle_reference,vehicle_type,towing_and_articulation,vehicle_manoeuvre_historic,vehicle_manoeuvre,vehicle_direction_from,vehicle_direction_to,vehicle_location_restricted_lane_historic,vehicle_location_restricted_lane,junction_location,skidding_and_overturning,hit_object_in_carriageway,vehicle_leaving_carriageway,hit_object_off_carriageway,first_point_of_impact,vehicle_left_hand_drive,journey_purpose_of_driver_historic,journey_purpose_of_driver,sex_of_driver,age_of_driver,age_band_of_driver,engine_capacity_cc,propulsion_code,age_of_vehicle,generic_make_model,driver_imd_decile,lsoa_of_driver,escooter_flag,driver_distance_banding
2024131478183,2024,131478183,2,9,0,-1,7,1,1,-1,0,3,0,0,0,0,4,1,-1,9,1,24,5,999,1,0,AUDI A1,3,E01011325,0,2
2024010494395,2024,010494395,1,9,0,7,7,4,6,0,0,1,0,0,0,0,2,1,6,6,2,55,8,1395,1,8,AUDI A1,5,E01002619,0,1
2024991437883,2024,991437883,2,9,0,-1,8,3,5,-1,0,1,0,0,0,0,4,1,-1,9,2,23,5,999,1,4,AUDI A1,7,-1,0,1
2024522402642,2024,522402642,2,9,0,18,19,4,8,0,0,0,1,0,1,0,3,1,6,6,1,54,8,999,1,5,AUDI A1,5,E01015000,0,3
2024141425941,2024,141425941,1,9,0,-1,19,2,6,-1,0,8,0,0,3,1,1,1,-1,9,2,25,5,1395,1,6,AUDI A1,10,E01007619,0,3
2024361485330,2024,361485330,1,9,0,-1,19,3,7,-1,0,0,0,0,0,0,1,1,-1,9,2,48,8,1390,1,9,AUDI A1,10,E01026572,0,1
2024461516815,2024,461516815,2,9,0,-1,2,0,0,-1,0,0,0,0,0,0,2,1,-1,6,-1,-1,-1,999,1,1,AUDI A1,-1,-1,0,-1
2024131506023,2024,131506023,1,9,0,-1,19,5,1,-1,0,0,5,0,1,9,1,1,-1,9,2,30,6,1390,1,11,AUDI A1,1,E01011721,0,1
2024320685254,2024,320685254,1,9,0,-1,-1,6,7,0,0,0,0,0,7,9,1,1,-1,-1,2,20,4,1598,2,8,AUDI A1,2,E01026277,0,2
2024061517879,2024,061517879,1,9,0,-1,5,-1,-1,-1,0,1,9,99,7,99,3,1,-1,9,2,28,6,999,1,5,AUDI A1,1,E01006240,0,1
2024311525957,2024,311525957,1,9,0,-1,7,3,3,-1,0,0,0,0,0,0,4,1,-1,2,2,21,5,1395,1,8,AUDI A1,5,E01019649,0,1
2024440393759,2024,440393759,1,9,0,18,19,1,5,0,0,0,0,4,0,0,1,1,6,6,1,82,11,1390,1,13,AUDI A1,9,E01023102,0,1
2024201520320,2024,201520320,2,9,0,-1,19,6,4,-1,0,1,0,0,0,0,3,1,-1,6,1,25,5,999,1,2,AUDI A1,-1,-1,0,-1
2024361451170,2024,361451170,2,9,0,-1,19,8,4,-1,0,8,0,0,0,0,3,1,-1,9,1,58,9,999,1,3,AUDI A1,10,E01026811,0,1
2024211438968,2024,211438968,1,9,0,-1,19,7,3,-1,0,0,0,9,3,10,4,1,-1,9,2,21,5,1598,2,13,AUDI A1,3,E01009834,0,4
2024201466621,2024,201466621,1,9,0,-1,7,8,2,-1,0,6,0,0,0,0,3,1,-1,9,2,35,6,999,1,4,AUDI A1,1,E01009483,0,1
2024061406807,2024,061406807,2,9,0,-1,19,7,3,-1,0,0,0,0,0,0,3,1,-1,6,2,23,5,1598,2,12,AUDI A1,10,E01012486,0,4
2024010531510,2024,010531510,1,9,0,18,19,5,1,0,0,1,0,0,0,0,1,1,6,6,2,27,6,1395,1,6,AUDI A1,3,E01002503,0,1
2024010540055,2024,010540055,1,9,0,18,19,3,7,0,0,1,0,0,0,0,1,1,6,6,3,24,5,1395,1,9,AUDI A1,-1,-1,0,-1
2024201416422,2024,201416422,4,9,0,-1,-1,4,8,-1,-1,0,0,0,0,0,1,1,-1,-1,1,25,5,999,1,3,AUDI A1,-1,-1,0,-1
2024991521535,2024,991521535,1,9,0,-1,7,3,7,-1,0,2,0,4,0,0,4,1,-1,2,2,25,5,1390,1,13,AUDI A1,4,-1,0,1
2024371402680,2024,371402680,1,9,-1,-1,-1,-1,-1,-1,-1,0,-1,-1,-1,0,-1,1,-1,6,1,22,5,999,1,1,AUDI A1,3,E01029984,0,1
2024430205465,2024,430205465,1,9,0,18,19,4,8,0,0,1,0,0,0,0,1,1,6,6,1,21,5,1390,1,12,AUDI A1,2,E01028576,0,1
2024061432815,2024,061432815,1,9,0,-1,5,5,3,-1,0,1,0,0,0,0,4,1,-1,6,2,27,6,1498,1,4,AUDI A1,7,E01012584,0,3
2024471528977,2024,471528977,3,9,0,-1,4,7,3,-1,0,0,0,0,0,0,2,1,-1,2,2,21,5,1197,1,12,AUDI A1,8,E01031617,0,1
2024131514406,2024,131514406,1,9,0,-1,4,5,5,-1,0,0,0,0,0,0,2,1,-1,9,2,33,6,1598,2,11,AUDI A1,2,E01010804,0,1
2024010510238,2024,010510238,3,9,0,99,99,9,9,99,99,9,9,99,9,99,9,9,6,6,3,-1,-1,999,1,1,AUDI A1,-1,-1,0,-1
2024332400754,2024,332400754,2,9,0,-1,19,5,1,-1,0,8,0,0,0,0,1,1,-1,6,2,23,5,1498,1,4,AUDI A1,10,E01025973,0,1
2024311422581,2024,311422581,2,9,0,-1,19,2,7,-1,0,8,0,0,0,0,1,1,-1,6,2,23,5,1390,1,11,AUDI A1,6,E01028273,0,2
2024622400694,2024,622400694,1,9,0,9,9,4,2,0,0,8,0,0,0,0,1,1,6,6,2,17,4,999,1,5,AUDI A1,7,W01001943,0,1
2024320688853,2024,320688853,1,9,0,-1,-1,6,4,0,0,4,0,0,0,0,1,1,6,6,1,36,7,1395,1,6,AUDI A1,6,E01015688,0,3
2024411445997,2024,411445997,1,9,-1,-1,-1,-1,-1,-1,-1,0,-1,-1,-1,0,-1,9,-1,6,1,-1,-1,999,1,3,AUDI A1,-1,-1,0,-1
2024010532326,2024,010532326,2,9,0,99,99,9,9,99,99,9,9,99,9,99,1,9,6,6,3,37,7,1395,1,8,AUDI A1,2,E01001842,0,1
2024461489486,2024,461489486,1,9,0,-1,19,1,5,-1,0,0,0,0,0,0,3,9,-1,9,2,22,5,999,1,1,AUDI A1,9,E01035290,0,3
2024122500062,2024,122500062,1,9,0,5,5,7,5,0,0,1,0,0,0,0,1,1,1,1,2,20,4,1395,1,8,AUDI A1,2,E01027825,0,1
2024131463597,2024,131463597,3,9,0,-1,2,0,0,-1,9,2,0,0,0,0,2,1,-1,9,1,57,9,999,1,1,AUDI A1,2,E01010942,0,1
2024320495272,2024,320495272,1,9,0,4,4,8,4,0,0,1,0,0,0,0,2,1,-1,-1,2,44,7,1598,2,10,AUDI A1,1,E01026069,0,1
2024320210679,2024,320210679,2,9,0,9,9,7,5,0,0,0,0,0,0,0,2,2,6,6,2,25,5,1598,2,9,AUDI A1,5,E01026407,0,1
2024311519838,2024,311519838,4,9,0,-1,2,0,0,-1,0,0,0,0,0,0,3,1,-1,6,-1,-1,-1,1598,2,12,AUDI A1,-1,-1,0,-1
2024052401273,2024,052401273,2,9,0,4,4,4,8,0,0,0,0,0,0,0,2,1,3,7,1,76,11,1395,1,7,AUDI A1,9,E01007027,0,1
2024122401247,2024,122401247,1,9,0,17,19,8,5,0,0,0,2,0,1,0,1,1,2,2,2,33,6,999,1,3,AUDI A1,10,E01027639,0,2
2024010523623,2024,010523623,2,9,0,99,99,9,9,99,99,4,9,99,9,99,1,9,6,6,3,-1,-1,999,1,4,AUDI A1,-1,-1,0,-1
2024471467971,2024,471467971,2,9,0,-1,19,3,7,-1,0,0,0,0,0,0,1,1,-1,9,2,43,7,1598,2,12,AUDI A1,6,E01035331,0,1
2024201466595,2024,201466595,1,9,0,-1,9,2,7,-1,0,5,0,0,0,0,1,1,-1,6,1,60,9,1395,1,9,AUDI A1,4,E01009224,0,1
2024461526546,2024,461526546,2,9,0,-1,4,3,6,-1,0,0,0,0,0,0,3,9,-1,9,2,23,5,999,1,4,AUDI A1,5,E01024413,0,1
2024221415915,2024,221415915,2,9,0,-1,19,2,7,-1,0,8,0,0,0,0,1,9,-1,6,2,28,6,1968,2,11,AUDI A1,7,E01032319,0,3
2024471445463,2024,471445463,2,9,0,-1,19,1,5,-1,0,3,0,0,1,0,1,1,-1,9,2,18,4,999,1,2,AUDI A1,10,E01031828,0,1
2024101464173,2024,101464173,1,9,0,-1,5,1,5,-1,0,3,0,11,1,0,1,1,-1,9,2,22,5,999,1,3,AUDI A1,4,E01008779,0,3
2024430454487,2024,430454487,1,9,0,17,19,1,3,0,0,6,2,10,1,9,1,1,2,2,2,31,6,999,1,1,AUDI A1,4,E01015578,0,4
2024622400514,2024,622400514,1,9,0,5,5,3,1,0,0,8,0,0,0,0,1,1,2,2,2,24,5,999,1,4,AUDI A1,4,W01001270,0,1
2024010513382,2024,010513382,1,9,0,99,99,9,9,99,99,9,9,99,9,99,4,9,6,6,3,22,5,999,1,4,AUDI A1,3,E01002603,0,1
2024131441206,2024,131441206,2,9,0,-1,4,1,1,-1,0,8,0,0,0,0,2,1,-1,6,2,37,7,1395,1,9,AUDI A1,7,E01010860,0,1
2024231458367,2024,231458367,1,9,0,-1,4,6,2,-1,0,1,0,0,0,0,2,9,-1,6,2,45,7,999,1,3,AUDI A1,3,E01009661,0,2
2024211420952,2024,211420952,2,9,0,-1,13,2,6,-1,0,6,0,0,0,0,4,9,-1,6,2,25,5,999,1,2,AUDI A1,7,E01014303,0,3
2024991484945,2024,991484945,1,9,0,-1,19,8,4,-1,0,0,1,0,7,4,1,1,-1,9,2,65,9,999,1,1,AUDI A1,-1,-1,0,-1
2024010553990,2024,010553990,2,9,0,99,99,9,9,99,99,9,9,99,9,99,1,9,6,6,3,-1,-1,1395,1,9,AUDI A1,2,E01004394,0,1
2024451457658,2024,451457658,2,9,0,-1,1,8,4,-1,0,1,0,0,0,0,2,1,-1,6,1,-1,-1,999,1,5,AUDI A1,-1,-1,0,-1
2024141469874,2024,141469874,2,9,0,-1,3,3,7,-1,0,0,0,0,0,0,2,1,-1,6,1,59,9,1390,1,13,AUDI A1,9,E01007674,0,1
2024461525873,2024,461525873,2,9,0,-1,3,-1,-1,-1,0,0,0,0,1,0,2,9,-1,6,2,25,5,999,1,1,AUDI A1,3,E01024395,0,1
2024421506458,2024,421506458,1,9,0,-1,9,6,3,-1,0,6,0,0,0,0,3,1,-1,2,2,30,6,1395,1,7,AUDI A1,7,E01035167,0,1
2024010507365,2024,010507365,1,9,0,18,19,3,7,0,0,1,0,0,0,0,2,1,6,6,2,37,7,1390,1,13,AUDI A1,7,E01021338,0,4
2024461403147,2024,461403147,1,9,0,-1,9,1,7,-1,0,1,0,0,0,0,4,1,-1,9,1,17,4,999,1,0,AUDI A1,7,E01024375,0,3
2024371532858,2024,371532858,1,9,0,-1,19,5,1,-1,0,0,0,0,0,0,1,1,-1,2,1,32,6,1390,1,12,AUDI A1,9,E01030238,0,2
2024101533933,2024,101533933,2,9,-1,-1,19,2,7,-1,0,2,0,0,0,0,-1,9,-1,6,2,37,7,1390,1,10,AUDI A1,4,E01008445,0,1
2024421428274,2024,421428274,2,9,0,-1,19,4,1,-1,0,0,0,0,0,0,4,1,-1,6,1,71,10,1498,1,2,AUDI A1,6,E01021355,0,1
2024052401753,2024,052401753,2,9,0,2,2,0,0,0,0,0,0,0,0,0,2,1,1,1,2,31,6,999,1,1,AUDI A1,1,E01006787,0,1
2024131427661,2024,131427661,3,9,0,-1,2,5,5,-1,0,8,0,0,0,0,4,1,-1,6,-1,-1,-1,999,1,5,AUDI A1,-1,-1,0,-1
2024031426799,2024,031426799,1,9,0,-1,19,7,3,-1,0,0,1,0,2,11,1,9,-1,9,1,17,4,1598,2,9,AUDI A1,2,E01020596,0,4
2024101521551,2024,101521551,2,9,0,-1,19,5,8,-1,0,8,0,0,0,0,3,1,-1,6,2,76,11,1598,2,11,AUDI A1,4,E01008277,0,1
2024041454055,2024,041454055,1,9,0,-1,9,7,5,-1,0,4,0,0,0,0,3,1,-1,6,2,30,6,1395,1,6,AUDI A1,4,E01012607,0,1
2024010514734,2024,010514734,1,9,0,13,13,7,3,0,0,8,0,7,0,0,1,1,6,6,1,23,5,999,1,0,AUDI A1,2,E01001012,0,1
2024440106433,2024,440106433,2,9,0,4,4,6,2,0,0,0,0,0,0,0,2,1,6,6,1,45,7,1395,1,8,AUDI A1,10,E01023092,0,1
2024131530271,2024,131530271,1,9,0,-1,19,5,1,-1,0,2,0,0,0,0,1,1,-1,6,1,24,5,1968,2,12,AUDI A1,8,E01034269,0,1
2024131446370,2024,131446370,2,9,0,-1,19,3,7,-1,0,8,0,0,0,0,1,1,-1,9,2,26,6,1197,1,10,AUDI A1,5,E01011902,0,1
2024451455942,2024,451455942,2,9,0,-1,19,5,2,-1,0,8,0,0,0,0,1,1,-1,1,2,24,5,999,1,2,AUDI A1,10,E01030394,0,2
2024111462216,2024,111462216,2,9,0,-1,11,2,1,-1,0,3,1,10,0,0,4,1,-1,9,2,37,7,1395,1,9,AUDI A1,2,E01020599,0,1
2024421484802,2024,421484802,2,9,0,-1,19,7,3,-1,0,0,0,0,0,0,2,1,-1,9,2,28,6,999,1,5,AUDI A1,4,E01015959,0,1
2024061533411,2024,061533411,2,9,0,-1,3,3,7,-1,0,1,0,0,0,0,2,1,-1,9,2,23,5,1390,1,12,AUDI A1,1,E01005088,0,1
2024461445459,2024,461445459,1,9,0,-1,19,5,1,-1,0,1,0,0,0,0,1,9,-1,9,2,30,6,999,1,3,AUDI A1,2,E01024295,0,1
2024010508311,2024,010508311,1,9,0,9,9,3,1,0,0,8,0,0,0,0,3,1,1,1,1,32,6,1598,2,7,AUDI A1,8,E01035714,0,1
2024041458581,2024,041458581,1,9,0,-1,19,5,1,-1,0,4,0,0,0,0,3,1,-1,6,2,18,4,1197,1,12,AUDI A1,8,E01034350,0,1
2024221480553,2024,221480553,1,9,0,-1,9,4,1,-1,0,5,0,0,0,0,4,1,-1,9,2,22,5,1390,1,9,AUDI A1,5,E01013986,0,2
2024411521013,2024,411521013,1,9,0,-1,19,5,1,-1,0,0,0,0,0,0,1,1,-1,2,2,21,5,999,1,0,AUDI A1,10,E01023966,0,1
2024041481611,2024,041481611,1,9,0,-1,19,1,5,-1,0,0,0,4,0,0,1,1,-1,9,1,21,5,1598,2,13,AUDI A1,7,E01025557,0,1
2024231525394,2024,231525394,1,9,0,-1,9,3,1,-1,0,6,0,0,7,4,3,1,-1,6,2,27,6,1390,1,11,AUDI A1,8,E01031195,0,1
2024052400627,2024,052400627,1,9,0,5,5,1,5,0,0,1,0,0,0,0,3,1,6,6,2,20,4,999,1,1,AUDI A1,5,E01006490,0,1
2024631454076,2024,631454076,2,9,0,-1,4,4,8,-1,0,0,0,0,0,0,1,1,-1,6,2,26,6,1598,2,7,AUDI A1,7,W01000447,0,2
2024451523691,2024,451523691,2,9,0,-1,19,6,2,-1,0,0,0,0,0,0,2,1,-1,9,2,30,6,1498,1,0,AUDI A1,6,E01019936,0,5
2024531420228,2024,531420228,1,9,0,-1,19,3,7,-1,0,0,1,0,1,0,1,1,-1,9,2,22,5,1598,2,10,AUDI A1,8,E01025425,0,5
2024552401200,2024,552401200,2,9,0,8,8,3,1,0,0,6,0,0,0,0,2,1,2,2,1,73,10,1395,1,7,AUDI A1,10,E01020382,0,1
2024371434991,2024,371434991,2,9,0,-1,19,7,3,-1,0,0,0,0,0,0,1,1,-1,6,1,23,5,999,1,5,AUDI A1,5,E01029941,0,1
2024552400640,2024,552400640,1,9,0,18,19,6,2,0,0,1,0,0,0,0,1,1,6,6,2,29,6,1598,2,11,AUDI A1,4,E01020394,0,2
2024010509292,2024,010509292,3,9,0,18,19,1,5,0,0,1,0,0,0,0,4,1,6,6,2,23,5,1390,1,13,AUDI A1,2,E01000017,0,2
2024201509726,2024,201509726,1,9,0,-1,19,1,5,-1,0,8,0,0,0,0,1,1,-1,6,1,25,5,1390,1,13,AUDI A1,1,E01009410,0,2
2024351458400,2024,351458400,1,9,0,-1,19,5,1,-1,0,0,0,0,1,0,1,1,-1,2,2,64,9,999,1,3,AUDI A1,10,E01018019,0,2
2024401395803,2024,401395803,2,9,0,-1,3,4,8,-1,0,0,0,0,0,0,2,9,-1,9,2,31,6,999,1,7,AUDI A1,10,E01017393,0,3
2024421498102,2024,421498102,2,9,0,-1,3,1,7,-1,0,1,0,0,0,0,3,1,-1,9,2,67,10,1395,1,7,AUDI A1,4,E01021495,0,3
2024421517314,2024,421517314,4,9,0,-1,19,5,1,-1,0,0,0,0,0,0,2,1,-1,9,1,24,5,999,1,1,AUDI A1,3,E01035658,0,4
2024201437452,2024,201437452,1,9,0,-1,5,4,8,-1,0,6,0,0,0,0,1,9,-1,6,2,31,6,1395,1,9,AUDI A1,-1,-1,0,-1
2024010504991,2024,010504991,2,9,0,5,5,9,9,99,99,0,9,99,9,99,1,9,6,6,3,-1,-1,999,1,3,AUDI A1,7,E01000668,0,1
2024371439917,2024,371439917,1,9,0,-1,5,7,3,-1,0,6,0,0,0,0,1,1,-1,2,2,56,9,1395,1,9,AUDI A1,4,E01030270,0,1
2024131504270,2024,131504270,1,9,0,-1,4,3,7,-1,0,2,0,0,0,0,2,1,-1,2,2,20,4,999,1,2,AUDI A1,6,E01027669,0,3
2024010524275,2024,010524275,2,9,0,9,9,5,3,0,0,8,0,0,0,0,3,1,6,6,3,-1,-1,1395,1,6,AUDI A1,-1,-1,0,-1
2024622400276,2024,622400276,3,9,0,4,4,7,4,0,0,0,0,0,0,0,2,1,6,6,1,81,11,999,1,0,AUDI A1,5,W01001917,0,1
2024471494546,2024,471494546,2,9,0,-1,9,8,6,-1,0,5,0,0,0,0,1,1,-1,9,1,39,7,1390,1,12,AUDI A1,4,E01031594,0,1
2024061453625,2024,061453625,1,9,0,-1,9,7,3,-1,0,6,0,0,0,0,4,9,-1,9,2,26,6,1598,2,11,AUDI A1,3,E01005535,0,1
2024520402920,2024,520402920,4,9,0,4,4,2,6,0,0,0,0,0,0,0,2,1,6,6,1,19,4,1197,1,12,AUDI A1,3,E01029280,0,1
2024201494172,2024,201494172,2,9,0,-1,19,8,2,-1,0,8,0,0,0,0,3,1,-1,6,2,44,7,1390,1,11,AUDI A1,10,E01010385,0,2
2024991516028,2024,991516028,1,9,0,-1,9,1,7,-1,0,2,0,0,1,0,1,1,-1,9,2,20,4,999,1,1,AUDI A1,-1,-1,0,-1
2024122400515,2024,122400515,2,9,0,18,19,3,7,0,0,1,0,0,0,0,1,1,2,2,2,23,5,1598,2,8,AUDI A1,1,E01012090,0,4
2024131533645,2024,131533645,1,9,0,-1,9,6,2,-1,0,0,0,0,0,0,-1,1,-1,6,3,-1,-1,1390,1,11,AUDI A1,-1,-1,0,-1
2024041452204,2024,041452204,2,9,0,-1,10,7,5,-1,0,8,0,0,0,0,2,1,-1,9,2,28,6,1395,1,7,AUDI A1,7,E01012597,0,1
2024991533832,2024,991533832,2,9,0,-1,9,6,5,-1,0,8,0,0,0,0,4,1,-1,9,2,31,6,999,1,4,AUDI A1,9,-1,0,3
2024461476277,2024,461476277,1,9,0,-1,7,5,1,-1,9,0,0,0,1,0,1,1,-1,6,1,19,4,999,1,0,AUDI A1,5,E01024179,0,1
2024122400199,2024,122400199,2,9,0,16,19,3,7,0,0,0,1,0,7,0,1,1,6,6,1,52,8,1598,2,9,AUDI A1,6,E01027763,0,3
2024061415660,2024,061415660,1,9,-1,-1,-1,-1,-1,-1,0,0,0,0,0,0,1,9,-1,6,1,29,6,1395,1,7,AUDI A1,8,E01004791,0,1
2024070698590,2024,070698590,1,9,0,7,7,3,6,0,0,2,1,0,7,10,1,1,2,2,1,19,4,999,1,2,AUDI A1,-1,-1,0,-1
2024332400553,2024,332400553,1,9,0,-1,3,2,6,-1,0,1,0,0,0,0,2,1,-1,6,2,37,7,999,1,2,AUDI A1,10,E01026359,0,1
2024161502684,2024,161502684,1,9,0,-1,19,1,5,-1,0,8,0,0,0,0,1,1,-1,9,2,20,4,999,1,1,AUDI A1,10,E01013112,0,2
2024010551331,2024,010551331,2,9,0,99,99,9,9,99,99,9,9,99,9,99,9,9,6,6,3,-1,-1,1395,1,6,AUDI A1,10,E01023471,0,4
2024302401725,2024,302401725,1,9,0,-1,5,6,8,-1,0,8,0,0,0,0,1,1,-1,6,1,22,5,1395,1,8,AUDI A1,2,E01013581,0,1
2024411469569,2024,411469569,2,9,-1,-1,-1,-1,-1,-1,-1,0,-1,-1,-1,0,-1,9,-1,6,2,32,6,1390,1,13,AUDI A1,4,E01023873,0,1
2024552400248,2024,552400248,1,9,0,9,9,8,6,0,0,6,0,0,0,0,3,1,6,6,2,19,4,999,1,5,AUDI A1,5,E01020466,0,2
2024332400668,2024,332400668,1,9,0,-1,19,7,3,-1,0,4,5,0,0,0,1,1,-1,9,2,23,5,999,1,2,AUDI A1,5,E01025927,0,1
2024991497073,2024,991497073,1,9,0,-1,19,7,4,-1,0,2,1,0,1,11,1,1,-1,2,2,18,4,1390,1,11,AUDI A1,5,-1,0,1
2024041529282,2024,041529282,2,9,0,-1,3,3,7,-1,0,1,0,0,0,0,1,1,-1,2,2,32,6,1598,2,10,AUDI A1,3,E01012585,0,1
2024201527630,2024,201527630,2,9,0,-1,19,3,7,-1,0,6,1,0,0,0,3,1,-1,9,2,22,5,1390,1,11,AUDI A1,4,E01030645,0,5
2024501483943,2024,501483943,1,9,0,-1,19,6,2,-1,0,0,0,0,0,0,1,1,-1,6,2,29,6,1390,1,11,AUDI A1,7,E01033967,0,5
2024421523711,2024,421523711,2,9,0,-1,4,4,8,-1,0,1,0,0,0,0,0,1,-1,9,2,28,6,999,1,5,AUDI A1,2,E01021697,0,1
2024201425742,2024,201425742,2,9,0,-1,19,7,3,-1,0,8,0,0,0,0,4,9,-1,6,1,21,5,999,1,1,AUDI A1,1,E01009310,0,1
2024451459561,2024,451459561,2,9,0,-1,4,3,7,-1,0,1,0,0,0,0,3,1,-1,6,3,30,6,1395,1,8,AUDI A1,-1,-1,0,-1
2024411427558,2024,411427558,2,9,0,-1,3,-1,-1,-1,0,1,0,0,0,0,2,9,-1,2,1,27,6,999,1,6,AUDI A1,4,E01023785,0,1
2024010522443,2024,010522443,1,9,0,15,15,7,3,0,0,1,0,0,1,0,2,1,6,6,2,63,9,1390,1,10,AUDI A1,6,E01002374,0,2
2024991422813,2024,991422813,1,9,0,-1,19,5,1,-1,0,1,0,0,0,0,1,1,-1,9,2,17,4,999,1,0,AUDI A1,8,-1,0,3
2024302401452,2024,302401452,1,9,0,18,19,1,5,0,0,0,0,0,0,0,1,1,6,6,2,38,7,1395,1,7,AUDI A1,10,E01034650,0,1
2024070499976,2024,070499976,2,9,0,16,19,7,3,0,0,8,0,0,0,0,4,1,2,2,2,18,4,999,1,0,AUDI A1,10,E01018667,0,2
2024131503204,2024,131503204,2,9,0,-1,4,1,5,-1,0,8,0,0,0,0,2,1,-1,1,2,22,5,1395,1,7,AUDI A1,10,E01011580,0,1
2024010517789,2024,010517789,2,9,0,5,5,3,7,0,0,3,0,0,0,0,3,1,6,6,2,20,4,1390,1,12,AUDI A1,5,E01004172,0,1
2024471416027,2024,471416027,18,9,0,-1,19,7,3,-1,0,0,1,0,0,0,1,1,-1,6,2,18,4,999,1,5,AUDI A1,9,E01031823,0,4
2024010546954,2024,010546954,2,9,0,7,7,1,4,0,0,1,0,0,3,0,4,1,2,2,1,61,9,999,1,2,AUDI A1,-1,-1,0,-1
2024301522902,2024,301522902,2,9,0,-1,-1,8,4,-1,-1,0,9,99,1,99,1,1,-1,-1,1,85,11,1395,1,6,AUDI A1,-1,-1,0,-1
2024430087162,2024,430087162,1,9,0,9,9,8,6,0,0,6,0,0,0,0,3,1,6,6,2,19,4,1598,2,8,AUDI A1,-1,-1,0,-1
2024302400055,2024,302400055,1,9,0,18,19,2,6,0,0,2,0,0,0,0,1,1,6,6,3,-1,-1,1598,2,9,AUDI A1,5,E01019456,0,4
2024010512297,2024,010512297,2,9,0,18,19,1,5,0,0,3,0,0,0,0,1,1,6,6,2,48,8,1395,1,9,AUDI A1,2,E01003048,0,1
2024991535706,2024,991535706,1,9,0,-1,7,4,7,-1,0,0,0,0,0,0,1,1,-1,2,2,30,6,1390,1,12,AUDI A1,1,-1,0,1
2024161490767,2024,161490767,2,9,0,-1,19,4,8,-1,0,6,0,0,0,0,1,1,-1,6,2,25,5,1598,2,8,AUDI A1,1,E01013221,0,1
2024471527242,2024,471527242,2,9,0,-1,19,1,4,-1,0,0,0,0,0,0,3,1,-1,9,2,19,4,999,1,1,AUDI A1,9,E01031582,0,1
2024061398926,2024,061398926,2,9,0,-1,3,6,2,-1,0,0,0,0,0,0,2,1,-1,9,2,24,5,999,1,1,AUDI A1,9,E01005906,0,2
2024010516807,2024,010516807,2,9,0,7,7,5,6,0,0,1,0,0,0,0,4,1,3,7,2,28,6,999,1,5,AUDI A1,4,E01003224,0,2
2024302401302,2024,302401302,1,9,0,18,19,1,5,0,0,0,0,0,0,0,1,1,6,6,2,29,6,1598,2,10,AUDI A1,2,E01019842,0,3
2024320598581,2024,320598581,2,9,0,3,3,6,2,0,0,1,0,0,0,0,2,1,-1,-1,2,51,8,1395,1,8,AUDI A1,4,E01026323,0,1
2024010551761,2024,010551761,4,9,0,18,19,7,3,0,0,2,0,0,0,0,0,1,6,6,2,24,5,1395,1,8,AUDI A1,4,E01034184,0,3
2024070186543,2024,070186543,1,9,0,18,19,1,5,0,0,4,0,9,0,0,1,1,6,6,2,76,11,1390,1,10,AUDI A1,-1,-1,0,-1
2024111455323,2024,111455323,1,9,0,-1,19,8,4,-1,0,1,0,0,0,0,1,1,-1,6,3,30,6,1395,1,8,AUDI A1,-1,-1,0,-1
2024141557912,2024,141557912,1,9,0,-1,5,1,5,-1,0,4,0,0,0,0,2,1,-1,6,2,22,5,999,1,3,AUDI A1,8,E01008131,0,2
2024231493801,2024,231493801,1,9,0,-1,7,8,2,-1,0,5,0,0,7,4,1,1,-1,1,2,20,4,999,1,8,AUDI A1,2,E01001152,0,5
2024461445526,2024,461445526,2,9,0,-1,19,1,5,-1,0,8,0,0,0,0,4,1,-1,6,1,31,6,1598,2,7,AUDI A1,4,E01024296,0,1
2024461480499,2024,461480499,2,9,0,-1,19,7,3,-1,0,2,0,0,0,0,4,1,-1,9,2,57,9,1390,1,13,AUDI A1,8,E01024828,0,4
2024052400692,2024,052400692,1,9,0,18,19,5,1,0,0,0,0,0,0,0,1,1,2,2,2,21,5,1598,2,11,AUDI A1,7,E01007071,0,1
2024471498754,2024,471498754,2,9,0,-1,19,8,4,-1,0,0,0,0,0,0,3,1,-1,2,2,21,5,1598,2,10,AUDI A1,9,E01031685,0,3
2024411434674,2024,411434674,2,9,0,-1,9,7,4,-1,0,8,0,0,0,0,1,1,-1,2,1,23,5,1390,1,10,AUDI A1,10,E01000120,0,3
2024070446749,2024,070446749,1,9,0,10,10,5,3,0,0,5,0,0,0,0,1,1,6,6,2,30,6,1598,2,10,AUDI A1,-1,-1,0,-1
2024401540800,2024,401540800,3,9,0,-1,4,1,5,-1,0,0,0,0,0,0,2,1,-1,6,1,23,5,999,1,6,AUDI A1,3,E01033933,0,4
2024010511136,2024,010511136,2,9,0,18,19,5,1,0,0,7,0,0,0,0,1,1,6,6,1,39,7,1498,1,0,AUDI A1,9,E01003464,0,2
2024010502354,2024,010502354,3,9,0,18,19,7,3,0,0,1,0,0,0,0,1,1,6,6,1,32,6,999,1,2,AUDI A1,3,E01004271,0,2
2024010504239,2024,010504239,1,9,0,18,19,5,1,9,9,6,0,4,0,0,1,1,1,1,2,29,6,999,1,1,AUDI A1,6,E01003840,0,1