collision_index,collision_year,collision_ref_no,vehicle_reference,vehicle_type,towing_and_articulation,vehicle_manoeuvre_historic,vehicle_manoeuvre,vehicle_direction_from,vehicle_direction_to,vehicle_location_restricted_lane_historic,vehicle_location_restricted_lane,junction_location,skidding_and_overturning,hit_object_in_carriageway,vehicle_leaving_carriageway,hit_object_off_carriageway,first_point_of_impact,vehicle_left_hand_drive,journey_purpose_of_driver_historic,journey_purpose_of_driver,sex_of_driver,age_of_driver,age_band_of_driver,engine_capacity_cc,propulsion_code,age_of_vehicle,generic_make_model,driver_imd_decile,lsoa_of_driver,escooter_flag,driver_distance_banding
2024451437790,2024,451437790,2,9,0,-1,9,1,6,-1,0,8,0,0,0,0,4,1,-1,2,2,25,5,1498,1,4,AUDI A1,9,E01030566,0,2
2024361522843,2024,361522843,2,9,0,-1,9,-1,-1,-1,0,2,0,0,3,0,3,1,-1,2,2,20,4,1390,1,12,AUDI A1,7,E01026434,0,1
2024010531992,2024,010531992,1,9,0,6,6,4,4,0,0,0,0,0,0,0,1,1,6,6,2,66,10,999,1,8,AUDI A1,4,E01003117,0,1
2024010501138,2024,010501138,1,9,0,4,4,6,2,0,0,1,0,0,0,0,1,1,6,6,1,34,6,1395,1,6,AUDI A1,9,E01001422,0,2
2024302400943,2024,302400943,2,9,0,4,4,3,7,0,0,1,0,0,0,0,2,2,6,6,2,25,5,999,1,2,AUDI A1,7,E01029798,0,4
2024031405907,2024,031405907,1,9,0,-1,19,4,1,-1,0,2,0,0,1,0,3,9,-1,6,2,18,4,1598,2,9,AUDI A1,-1,-1,0,-1
2024010550566,2024,010550566,2,9,0,99,99,9,9,99,99,9,9,99,9,99,2,9,6,6,2,35,6,1390,1,12,AUDI A1,3,E01004004,0,1
2024221501037,2024,221501037,1,9,0,-1,13,5,1,-1,0,8,5,0,0,0,1,1,-1,6,1,26,6,999,1,0,AUDI A1,8,E01022300,0,4
2024522500207,2024,522500207,2,9,0,4,4,6,2,0,0,8,0,0,0,0,2,1,6,6,2,23,5,1598,2,10,AUDI A1,7,E01031868,0,4
2024201512928,2024,201512928,1,9,0,-1,11,3,7,-1,0,1,2,10,1,2,2,1,-1,9,2,20,4,999,1,4,AUDI A1,3,E01009508,0,1
2024041464673,2024,041464673,2,9,0,-1,9,1,3,-1,0,8,0,0,0,0,3,1,-1,9,2,24,5,999,1,1,AUDI A1,8,E01025242,0,1
2024351491867,2024,351491867,1,9,0,-1,19,4,8,-1,0,6,0,0,0,0,4,1,-1,6,2,74,10,1498,1,0,AUDI A1,9,E01018177,0,3
2024010526619,2024,010526619,2,9,9,12,12,9,9,99,99,5,9,99,9,99,9,9,6,6,3,-1,-1,1395,1,8,AUDI A1,-1,-1,0,-1
2024471489221,2024,471489221,2,9,0,-1,4,7,3,-1,0,1,0,0,0,0,1,1,-1,2,2,29,6,1395,1,7,AUDI A1,4,E01021207,0,2
2024552401216,2024,552401216,2,9,0,18,19,2,6,0,0,8,0,0,0,0,4,1,2,2,2,57,9,999,1,6,AUDI A1,5,E01020454,0,1
2024161491276,2024,161491276,1,9,0,-1,19,3,7,-1,0,0,0,0,0,0,1,1,-1,9,1,18,4,1395,1,8,AUDI A1,-1,-1,0,-1
2024131461313,2024,131461313,1,9,0,-1,19,5,1,-1,0,8,0,0,0,0,1,1,-1,9,2,69,10,999,1,5,AUDI A1,8,E01011773,0,1
2024061521104,2024,061521104,1,9,0,-1,9,6,4,-1,0,8,0,0,0,0,1,9,-1,6,3,-1,-1,1390,1,10,AUDI A1,-1,-1,0,-1
2024332401153,2024,332401153,1,9,0,-1,9,1,7,-1,0,5,0,0,0,0,1,1,-1,9,2,60,9,1598,2,11,AUDI A1,9,E01025675,0,1
2024010502408,2024,010502408,2,9,0,17,19,5,1,0,0,0,0,0,0,0,1,1,6,6,1,21,5,1390,1,11,AUDI A1,4,E01017901,0,4
2024010548931,2024,010548931,3,9,0,2,2,0,0,0,0,1,0,0,0,0,1,1,6,6,3,-1,-1,1390,1,14,AUDI A1,-1,-1,0,-1
2024440245905,2024,440245905,1,9,0,18,19,5,1,0,0,0,0,0,7,4,1,1,6,6,2,20,4,1598,2,12,AUDI A1,4,E01017222,0,1
2024540967124,2024,540967124,1,9,0,7,7,2,6,0,0,4,0,0,0,0,1,1,6,6,2,41,7,1598,2,10,AUDI A1,7,E01034552,0,1
2024332400803,2024,332400803,2,9,0,-1,19,5,1,-1,0,8,0,0,0,0,1,1,-1,6,1,55,8,1984,1,5,AUDI A1,4,E01025894,0,1
2024201444841,2024,201444841,2,9,0,-1,5,1,5,-1,0,0,1,0,0,0,2,9,-1,6,2,27,6,1598,2,9,AUDI A1,2,E01032538,0,1
2024461537746,2024,461537746,2,9,0,-1,19,3,6,-1,0,0,0,0,0,0,3,1,-1,6,2,27,6,1197,1,11,AUDI A1,5,E01024531,0,3
2024010529017,2024,010529017,1,9,0,99,99,9,9,99,99,9,9,99,9,99,9,9,6,6,2,26,6,999,1,0,AUDI A1,-1,-1,0,-1
2024451414038,2024,451414038,6,9,0,-1,4,1,5,-1,0,0,0,0,0,0,2,1,-1,9,2,38,7,1598,2,6,AUDI A1,9,E01030757,0,3
2024010499619,2024,010499619,1,9,0,99,99,9,9,99,99,9,9,99,9,99,3,9,6,6,1,24,5,999,1,0,AUDI A1,2,E01001458,0,1
2024131457671,2024,131457671,2,9,0,-1,3,2,6,-1,0,0,0,0,0,0,2,1,-1,6,2,31,6,1390,1,10,AUDI A1,3,E01011670,0,1
2024141462463,2024,141462463,1,9,0,-1,19,2,6,-1,0,0,0,0,0,0,1,1,-1,6,2,23,5,1395,1,10,AUDI A1,5,E01007644,0,1
2024522403385,2024,522403385,1,9,0,12,12,2,6,0,0,8,0,0,0,0,1,1,6,6,2,19,4,999,1,5,AUDI A1,2,E01014629,0,2
2024010522328,2024,010522328,2,9,0,10,10,7,4,0,0,6,0,0,0,0,3,1,6,6,2,18,4,999,1,2,AUDI A1,9,E01002270,0,2
2024311444698,2024,311444698,1,9,0,-1,9,3,1,-1,0,8,0,0,0,0,3,1,-1,2,2,25,5,1598,2,8,AUDI A1,10,E01025678,0,4
2024401505004,2024,401505004,2,9,0,-1,7,7,3,-1,0,0,0,0,1,2,4,1,-1,9,2,66,10,1598,2,12,AUDI A1,7,E01020480,0,5
2024010548115,2024,010548115,1,9,0,4,4,5,1,0,0,1,0,0,0,0,2,1,6,6,3,31,6,1390,1,10,AUDI A1,5,E01023110,0,4
2024544085924,2024,544085924,2,9,0,18,19,8,4,0,0,0,0,0,0,0,2,1,6,6,2,20,4,1498,1,4,AUDI A1,8,E01032704,0,1
2024010516927,2024,010516927,1,9,0,18,19,1,5,0,0,1,0,0,0,0,1,1,6,6,1,36,7,1395,1,9,AUDI A1,-1,-1,0,-1
2024451437790,2024,451437790,1,9,0,-1,19,8,4,-1,0,1,0,0,0,0,1,1,-1,6,2,30,6,999,1,8,AUDI A1,10,E01030511,0,3
2024461456601,2024,461456601,2,9,0,-1,19,7,3,-1,0,1,0,0,0,0,2,9,-1,6,2,44,7,999,1,5,AUDI A1,7,E01035590,0,4
2024371494812,2024,371494812,7,9,0,-1,19,3,7,-1,0,0,0,0,0,0,1,1,-1,2,2,27,6,1395,1,8,AUDI A1,9,E01030089,0,1
2024411433113,2024,411433113,2,9,0,-1,19,3,8,-1,0,0,0,0,0,0,1,1,-1,9,1,29,6,999,1,2,AUDI A1,9,E01023375,0,2
2024332400657,2024,332400657,1,9,0,-1,19,1,5,-1,0,1,0,0,0,0,1,1,-1,2,1,55,8,1390,1,11,AUDI A1,1,E01013676,0,2
2024201434248,2024,201434248,2,9,0,-1,4,2,6,-1,0,1,0,0,0,0,2,1,-1,1,2,42,7,1395,1,6,AUDI A1,2,E01010405,0,1
2024101480285,2024,101480285,1,9,0,-1,19,3,7,-1,0,2,0,0,0,0,1,1,-1,9,2,23,5,1598,2,11,AUDI A1,5,E01020772,0,4
2024401479673,2024,401479673,2,9,0,-1,3,8,4,-1,0,1,0,0,0,0,2,1,-1,6,2,36,7,1598,2,9,AUDI A1,4,E01015785,0,1
2024141506163,2024,141506163,1,9,0,-1,19,5,1,-1,0,1,0,0,0,0,3,1,-1,6,2,52,8,999,1,0,AUDI A1,1,E01007943,0,1
2024010528667,2024,010528667,1,9,0,99,99,9,9,99,99,9,9,99,9,99,2,9,6,6,2,22,5,999,1,1,AUDI A1,1,E01003971,0,1
2024421466287,2024,421466287,2,9,0,-1,3,4,8,-1,0,1,0,0,0,0,2,1,-1,6,1,36,7,1390,1,13,AUDI A1,9,E01021478,0,1
2024131498773,2024,131498773,2,9,0,-1,19,1,5,-1,0,0,0,0,0,0,3,1,-1,6,1,54,8,1598,2,12,AUDI A1,1,E01010808,0,1
2024991434123,2024,991434123,2,9,0,-1,19,1,4,-1,0,0,0,0,0,0,1,1,-1,9,2,21,5,999,1,1,AUDI A1,1,-1,0,1
2024131498433,2024,131498433,1,9,0,-1,14,2,6,-1,0,0,0,0,0,0,4,1,-1,9,2,17,4,999,1,8,AUDI A1,8,E01011884,0,2
2024211461797,2024,211461797,1,9,0,-1,19,2,7,-1,0,0,1,10,0,0,1,1,-1,2,2,22,5,1395,1,6,AUDI A1,6,E01029389,0,3
2024131468576,2024,131468576,1,9,0,-1,1,7,5,-1,0,8,0,0,0,0,3,1,-1,6,2,22,5,1390,1,11,AUDI A1,1,E01010616,0,1
2024041518885,2024,041518885,1,9,0,-1,19,1,5,-1,0,0,5,0,0,0,4,1,-1,9,2,85,11,1395,1,6,AUDI A1,6,E01025585,0,1
2024531527283,2024,531527283,1,9,0,-1,19,4,8,-1,0,0,1,0,7,0,3,1,-1,9,2,22,5,1390,1,10,AUDI A1,6,E01022216,0,2
2024221438940,2024,221438940,1,9,0,-1,19,6,8,-1,0,0,0,0,0,0,1,1,-1,6,1,24,5,1390,1,13,AUDI A1,5,E01014041,0,2
2024101490019,2024,101490019,2,9,0,-1,3,1,5,-1,0,0,0,0,0,0,2,1,-1,6,2,22,5,999,1,1,AUDI A1,-1,-1,0,-1
2024070013810,2024,070013810,2,9,0,2,2,4,4,0,0,0,0,0,0,0,0,1,6,6,2,67,10,1598,2,8,AUDI A1,1,E01012526,0,1
2024302401564,2024,302401564,1,9,0,4,4,5,1,0,0,1,0,0,0,0,1,1,6,6,3,33,6,999,1,7,AUDI A1,-1,-1,0,-1
2024010498812,2024,010498812,1,9,0,14,14,1,5,0,0,2,0,0,0,0,1,1,2,2,2,34,6,1395,1,6,AUDI A1,5,E01002899,0,1
2024010528753,2024,010528753,1,9,0,3,3,7,3,0,0,0,0,0,0,0,2,1,6,6,1,44,7,1395,1,8,AUDI A1,5,E01002307,0,2
2024531526224,2024,531526224,1,9,0,-1,19,7,3,-1,0,0,0,0,0,0,1,1,-1,6,2,38,7,1390,1,13,AUDI A1,5,E01032312,0,4
2024311483429,2024,311483429,1,9,0,-1,9,3,1,-1,0,8,0,0,0,0,2,1,-1,6,2,22,5,1390,1,12,AUDI A1,3,E01013944,0,1
2024010548690,2024,010548690,1,9,0,9,9,1,8,0,0,2,0,0,0,0,1,1,6,6,2,35,6,1390,1,10,AUDI A1,2,E01004722,0,2
2024371532401,2024,371532401,1,9,0,-1,19,1,5,-1,0,8,0,0,0,0,4,1,-1,6,1,58,9,1598,2,11,AUDI A1,6,E01029877,0,1
2024461516712,2024,461516712,2,9,0,-1,19,1,5,-1,0,0,0,0,0,0,2,9,-1,9,2,32,6,1598,2,12,AUDI A1,9,E01024044,0,3
2024161429466,2024,161429466,1,9,0,-1,19,1,5,-1,0,1,0,0,0,0,1,9,-1,9,2,41,7,999,1,2,AUDI A1,9,E01035478,0,1
2024122401300,2024,122401300,1,9,0,18,19,5,1,0,0,8,0,0,0,0,1,1,6,6,2,55,8,999,1,3,AUDI A1,7,E01027646,0,1
2024421466033,2024,421466033,2,9,0,-1,19,3,7,-1,0,4,0,0,0,0,4,1,-1,6,1,25,5,1395,1,6,AUDI A1,7,E01021330,0,3
2024201467284,2024,201467284,1,9,0,-1,13,4,8,-1,0,8,0,0,0,0,4,9,-1,6,1,-1,-1,999,1,5,AUDI A1,-1,-1,0,-1
2024371493257,2024,371493257,2,9,0,-1,2,0,0,-1,0,0,0,0,0,0,1,1,-1,6,-1,-1,-1,1498,1,3,AUDI A1,-1,-1,0,-1
2024201484813,2024,201484813,1,9,0,-1,9,3,1,-1,0,6,0,0,0,0,1,1,-1,6,1,20,4,999,1,1,AUDI A1,1,E01034926,0,1
2024471472635,2024,471472635,1,9,0,-1,9,7,5,-1,0,8,0,0,0,0,4,1,-1,2,2,18,4,999,1,1,AUDI A1,2,E01034826,0,1
2024991441711,2024,991441711,3,9,0,-1,19,2,6,-1,0,1,0,0,0,0,1,1,-1,9,1,66,10,1390,1,13,AUDI A1,8,-1,0,1
2024010499617,2024,010499617,1,9,0,18,19,5,1,0,0,1,0,0,0,0,1,1,6,6,2,27,6,1197,1,12,AUDI A1,2,E01003087,0,2
2024991470157,2024,991470157,2,9,0,-1,19,1,5,-1,0,4,0,0,0,0,4,1,-1,6,2,26,6,999,1,8,AUDI A1,-1,-1,0,-1
2024548522924,2024,548522924,2,9,0,18,19,8,4,0,0,0,0,0,0,0,2,1,6,6,1,55,8,1395,1,8,AUDI A1,8,E01014554,0,4
2024430462971,2024,430462971,1,9,0,1,1,6,2,0,0,0,0,0,0,0,4,1,6,6,2,-1,-1,1390,1,12,AUDI A1,-1,-1,0,-1
2024411449837,2024,411449837,2,9,0,-1,19,7,3,-1,0,0,0,0,0,0,3,1,-1,2,1,26,6,999,1,4,AUDI A1,2,E01033801,0,2
2024520403087,2024,520403087,2,9,0,4,4,5,1,0,0,1,0,0,0,0,2,1,6,6,2,35,6,999,1,5,AUDI A1,7,E01034551,0,3
2024010515147,2024,010515147,1,9,0,5,5,5,1,0,0,1,0,0,1,11,1,1,6,6,1,91,11,1395,1,8,AUDI A1,5,E01001658,0,1
2024041459024,2024,041459024,1,9,0,-1,19,7,3,-1,0,0,0,0,0,0,1,1,-1,6,2,18,4,999,1,3,AUDI A1,10,E01024977,0,1
2024461399755,2024,461399755,1,9,0,-1,7,7,1,-1,0,1,0,0,0,0,3,9,-1,6,2,-1,-1,1598,2,12,AUDI A1,-1,-1,0,-1
2024010496459,2024,010496459,1,9,0,5,5,0,1,2,2,0,0,0,1,0,1,1,6,6,2,25,5,1395,1,8,AUDI A1,4,E01001087,0,1
2024201488864,2024,201488864,1,9,0,-1,19,6,2,-1,0,8,0,0,0,0,1,1,-1,6,1,27,6,1984,1,5,AUDI A1,4,E01009240,0,2
2024141415258,2024,141415258,1,9,0,-1,19,8,4,-1,0,0,0,0,1,0,1,9,-1,6,3,-1,-1,999,1,5,AUDI A1,-1,-1,0,-1
2024131394900,2024,131394900,1,9,0,-1,19,7,3,-1,0,0,0,0,0,0,1,1,-1,6,3,-1,-1,1395,1,8,AUDI A1,-1,-1,0,-1
2024041500988,2024,041500988,1,9,0,-1,19,1,5,-1,0,0,0,0,0,0,4,1,-1,9,2,21,5,999,1,0,AUDI A1,7,E01019091,0,4
2024201470613,2024,201470613,1,9,0,-1,19,6,2,-1,0,3,0,0,0,0,1,1,-1,6,1,-1,-1,999,1,1,AUDI A1,-1,-1,0,-1
2024371530257,2024,371530257,1,9,0,-1,19,1,5,-1,0,0,0,0,0,0,1,1,-1,9,2,18,4,999,1,2,AUDI A1,9,E01034559,0,3
2024201479834,2024,201479834,2,9,0,-1,11,5,1,-1,0,0,0,0,0,0,4,1,-1,9,2,21,5,999,1,5,AUDI A1,4,E01010015,0,1
2024231522535,2024,231522535,2,9,0,-1,19,8,4,-1,0,0,0,0,0,0,2,1,-1,2,2,31,6,1598,2,8,AUDI A1,5,E01031159,0,1
2024131530281,2024,131530281,1,9,0,-1,19,1,5,-1,0,0,0,0,0,0,1,1,-1,6,2,22,5,1390,1,13,AUDI A1,3,E01011936,0,1
2024991404044,2024,991404044,2,9,0,-1,19,5,1,-1,0,1,0,0,0,0,1,1,-1,2,2,64,9,1598,2,8,AUDI A1,-1,-1,0,-1
2024141512841,2024,141512841,1,9,0,-1,19,4,8,-1,0,0,0,0,1,11,1,1,-1,9,1,19,4,999,1,1,AUDI A1,1,E01028001,0,2
2024501447534,2024,501447534,1,9,0,-1,19,4,8,-1,0,0,1,0,1,0,1,1,-1,9,2,21,5,1598,2,10,AUDI A1,4,E01018895,0,4
2024501428682,2024,501428682,2,9,0,-1,4,3,7,-1,0,1,0,0,0,0,2,1,-1,9,2,53,8,999,1,1,AUDI A1,9,E01019951,0,4
2024311453398,2024,311453398,1,9,0,-1,9,2,7,-1,9,6,0,0,0,0,1,1,-1,2,2,31,6,1598,2,9,AUDI A1,7,E01028182,0,1
2024320750018,2024,320750018,3,9,0,3,3,4,8,0,0,0,0,0,0,0,2,1,-1,-1,2,31,6,1598,2,13,AUDI A1,10,E01026357,0,1
2024141499974,2024,141499974,3,9,0,-1,19,7,3,-1,0,2,0,0,0,0,2,2,-1,9,1,45,7,1390,1,11,AUDI A1,1,E01007378,0,1
2024430552423,2024,430552423,1,9,0,18,19,2,6,0,0,1,0,0,0,0,1,1,6,6,1,-1,-1,1984,1,5,AUDI A1,-1,-1,0,-1
2024361414262,2024,361414262,1,9,0,-1,9,1,3,-1,0,0,0,0,3,0,3,1,-1,9,2,55,8,999,1,1,AUDI A1,6,E01026494,0,1
2024010550045,2024,010550045,1,9,0,3,3,7,3,1,1,1,0,0,0,0,2,1,6,6,2,19,4,1395,1,8,AUDI A1,-1,-1,0,-1
2024471404016,2024,471404016,2,9,0,-1,7,1,2,-1,0,8,9,0,0,0,1,1,-1,6,2,20,4,1395,1,7,AUDI A1,6,E01035331,0,1
2024461431749,2024,461431749,1,9,0,-1,9,2,8,-1,0,6,0,0,0,0,1,1,-1,2,2,24,5,1395,1,9,AUDI A1,6,E01024804,0,1
2024471534369,2024,471534369,1,9,0,-1,19,3,7,-1,0,0,1,0,0,0,4,1,-1,6,2,21,5,999,1,0,AUDI A1,9,E01021161,0,4
2024332400631,2024,332400631,2,9,0,-1,19,4,8,-1,0,0,0,0,0,0,1,1,-1,9,1,44,7,1390,1,12,AUDI A1,4,E01003635,0,5
2024622400406,2024,622400406,2,9,0,18,19,2,6,0,0,8,0,0,0,0,3,1,6,6,2,20,4,1598,2,12,AUDI A1,10,W01001100,0,3
2024552400048,2024,552400048,2,9,0,12,12,2,6,0,0,8,0,0,1,6,3,1,6,6,2,80,11,1395,1,10,AUDI A1,9,E01015419,0,2
2024131536604,2024,131536604,1,9,0,-1,6,1,5,-1,0,0,0,0,0,0,1,1,-1,6,3,-1,-1,1598,2,8,AUDI A1,-1,-1,0,-1
2024010527440,2024,010527440,2,9,0,18,19,7,3,0,0,1,0,4,0,0,1,1,6,6,1,26,6,999,1,5,AUDI A1,3,E01033593,0,1
2024991465437,2024,991465437,1,9,0,-1,19,7,3,-1,0,0,1,0,0,0,1,1,-1,6,2,58,9,999,1,1,AUDI A1,9,-1,0,3
2024461465025,2024,461465025,1,9,0,-1,19,4,8,-1,0,8,0,0,0,0,1,1,-1,9,2,36,7,1395,1,6,AUDI A1,7,E01024350,0,1
2024552400300,2024,552400300,1,9,0,12,12,6,2,0,0,0,0,0,0,0,3,1,2,2,2,54,8,1395,1,8,AUDI A1,8,E01020376,0,1
2024622400481,2024,622400481,3,9,0,4,4,4,8,0,0,0,0,0,0,0,2,1,6,6,2,23,5,999,1,1,AUDI A1,3,W01000818,0,1
2024991490779,2024,991490779,1,9,0,-1,13,7,3,-1,0,1,0,0,0,0,1,1,-1,9,2,17,4,1390,1,12,AUDI A1,5,-1,0,2
2024991497288,2024,991497288,2,9,0,-1,19,3,7,-1,0,1,0,0,0,0,1,1,-1,9,2,39,7,1598,2,11,AUDI A1,-1,-1,0,-1
2024041436420,2024,041436420,1,9,0,-1,1,1,5,-1,0,0,0,0,0,0,2,1,-1,9,2,81,11,1390,1,11,AUDI A1,10,E01025327,0,1
2024302401135,2024,302401135,1,9,0,17,19,1,5,0,0,1,0,0,0,0,1,1,6,6,1,20,4,999,1,0,AUDI A1,2,E01019666,0,1
2024501492632,2024,501492632,2,9,0,-1,19,5,1,-1,0,1,0,0,0,0,4,1,-1,2,2,20,4,1395,1,6,AUDI A1,5,E01020077,0,3
202417S400524,2024,17S400524,1,9,0,4,4,5,1,0,0,0,0,0,0,0,2,1,2,2,2,22,5,999,1,2,AUDI A1,4,E01035202,0,2
2024201417449,2024,201417449,4,9,0,-1,2,0,0,-1,0,0,0,0,0,0,1,9,-1,6,1,62,9,1598,2,10,AUDI A1,3,E01010144,0,1
2024131508614,2024,131508614,1,9,0,-1,-1,-1,-1,-1,-1,-1,-1,-1,-1,-1,-1,1,-1,2,2,26,6,1598,2,11,AUDI A1,5,E01011164,0,1
2024141532290,2024,141532290,2,9,0,-1,19,7,2,-1,0,0,0,0,0,0,1,1,-1,6,3,-1,-1,999,1,0,AUDI A1,-1,-1,0,-1
2024010510843,2024,010510843,1,9,0,18,19,1,5,0,0,0,0,0,0,0,1,1,6,6,2,75,10,1197,1,11,AUDI A1,8,E01002942,0,1
2024201531339,2024,201531339,1,9,0,-1,10,1,2,-1,0,7,0,0,0,0,1,2,-1,2,2,28,6,1498,1,0,AUDI A1,10,E01032325,0,4
2024141411246,2024,141411246,2,9,0,-1,4,6,2,-1,0,2,0,0,0,0,2,1,-1,9,2,25,5,1598,2,13,AUDI A1,1,E01007913,0,1
2024031455938,2024,031455938,1,9,0,-1,19,5,1,-1,0,0,0,0,0,0,1,1,-1,2,2,31,6,999,1,5,AUDI A1,-1,-1,0,-1
2024461504584,2024,461504584,3,9,0,-1,6,7,3,-1,0,2,0,0,0,0,0,1,-1,9,2,20,4,999,1,3,AUDI A1,-1,-1,0,-1
2024131534944,2024,131534944,1,9,0,-1,19,3,7,-1,0,1,0,0,0,0,1,1,-1,6,1,19,4,1390,1,12,AUDI A1,1,E01009328,0,5
2024440401742,2024,440401742,1,9,0,17,19,4,1,0,0,0,5,0,1,9,4,1,6,6,1,29,6,1390,1,13,AUDI A1,9,E01023136,0,1
2024051430709,2024,051430709,2,9,0,-1,19,8,4,-1,0,0,0,0,0,0,2,1,-1,6,1,67,10,1598,2,8,AUDI A1,5,E01010640,0,4
2024010548529,2024,010548529,3,9,0,9,9,7,5,0,0,6,0,0,0,0,4,1,6,6,2,25,5,999,1,0,AUDI A1,2,E01002751,0,1
2024131504477,2024,131504477,2,9,0,-1,19,3,1,-1,0,0,1,0,0,0,1,1,-1,6,2,44,7,1598,2,8,AUDI A1,7,E01010892,0,1
2024070974755,2024,070974755,2,9,0,-1,13,3,7,-1,0,2,1,0,0,0,1,1,-1,9,2,22,5,1390,1,11,AUDI A1,5,W01000201,0,4
2024522402409,2024,522402409,1,9,0,18,19,6,2,0,0,1,0,0,7,0,1,1,6,6,1,21,5,1395,1,6,AUDI A1,1,E01014800,0,1
2024111404907,2024,111404907,1,9,0,-1,19,1,5,-1,0,8,0,7,3,0,3,1,-1,6,2,26,6,1395,1,8,AUDI A1,9,E01020692,0,4
2024361444727,2024,361444727,2,9,0,-1,19,7,3,-1,0,1,0,0,0,0,4,1,-1,1,2,30,6,999,1,1,AUDI A1,9,E01026497,0,2
2024010547855,2024,010547855,1,9,0,18,19,5,1,0,0,1,0,7,0,0,1,1,6,6,2,24,5,1197,1,11,AUDI A1,1,E01002904,0,3
2024201497853,2024,201497853,1,9,0,-1,9,7,5,-1,0,6,0,0,0,0,4,9,-1,6,3,30,6,1395,1,10,AUDI A1,-1,-1,0,-1
2024610040824,2024,610040824,3,9,0,2,2,0,0,0,0,0,0,0,0,0,1,1,6,6,3,-1,-1,1395,1,9,AUDI A1,-1,-1,0,-1
2024302400728,2024,302400728,2,9,0,4,4,5,1,0,0,0,0,0,0,0,2,1,6,6,2,22,5,1598,2,12,AUDI A1,7,E01013294,0,4
2024111454269,2024,111454269,1,9,0,-1,5,8,2,-1,0,0,0,0,0,0,1,1,-1,6,2,37,7,999,1,1,AUDI A1,5,E01020848,0,1
2024010495042,2024,010495042,1,9,0,18,19,5,1,0,0,0,0,0,0,0,1,1,6,6,1,80,11,1598,2,6,AUDI A1,5,E01000591,0,1
2024451395698,2024,451395698,1,9,0,-1,19,1,5,-1,0,2,0,0,0,0,3,1,-1,2,2,64,9,999,1,3,AUDI A1,7,E01004193,0,3
2024201516410,2024,201516410,3,9,0,-1,19,1,5,-1,0,0,0,0,0,0,2,9,-1,6,2,44,7,999,1,5,AUDI A1,1,E01009491,0,1
2024421400940,2024,421400940,1,9,0,-1,19,1,5,-1,0,0,0,0,0,0,1,1,-1,2,1,25,5,1395,1,9,AUDI A1,-1,-1,0,-1
2024461485442,2024,461485442,2,9,0,-1,19,7,3,-1,0,0,5,0,0,0,1,1,-1,9,1,17,4,999,1,2,AUDI A1,9,E01024213,0,1
2024010532814,2024,010532814,1,9,0,99,99,9,9,99,99,0,9,99,9,99,2,9,6,6,1,65,9,1395,1,9,AUDI A1,6,E01003737,0,1
2024231473868,2024,231473868,1,9,9,-1,1,1,5,-1,0,0,0,0,0,0,9,9,-1,6,1,39,7,1498,1,3,AUDI A1,5,E01031262,0,1
2024201516622,2024,201516622,1,9,0,-1,13,5,1,-1,0,2,1,0,0,0,1,9,-1,9,2,25,5,1598,2,9,AUDI A1,3,E01032536,0,1
2024461449235,2024,461449235,2,9,0,-1,19,2,6,-1,0,0,0,0,0,0,3,1,-1,1,2,19,4,999,1,3,AUDI A1,6,E01024812,0,1
2024332400001,2024,332400001,2,9,0,-1,19,8,4,-1,0,8,0,0,0,0,1,1,-1,6,2,28,6,1390,1,10,AUDI A1,7,E01035396,0,4
2024501455184,2024,501455184,2,9,0,-1,5,1,5,-1,0,0,0,0,0,0,3,9,-1,6,2,27,6,1598,2,6,AUDI A1,3,E01015166,0,3
2024010540313,2024,010540313,3,9,0,99,99,9,9,99,99,0,9,99,9,99,9,9,6,6,3,47,8,999,1,0,AUDI A1,2,E01032512,0,1
2024631477168,2024,631477168,1,9,0,-1,4,7,3,-1,0,0,0,0,0,0,3,1,-1,6,2,20,4,1390,1,11,AUDI A1,4,E01014085,0,4
2024351488055,2024,351488055,1,9,0,-1,19,5,1,-1,0,3,0,0,0,0,1,1,-1,6,2,63,9,1598,2,10,AUDI A1,10,E01018282,0,1
2024361456047,2024,361456047,4,9,0,-1,19,7,4,-1,0,1,0,0,0,0,3,1,-1,6,2,64,9,1395,1,8,AUDI A1,9,E01030089,0,4
2024101405077,2024,101405077,1,9,0,-1,19,5,1,-1,0,8,0,0,3,0,3,1,-1,6,2,25,5,1598,2,9,AUDI A1,2,E01008744,0,1
2024332401242,2024,332401242,2,9,0,-1,2,0,0,-1,0,0,0,0,0,0,1,1,-1,6,3,-1,-1,999,1,6,AUDI A1,-1,-1,0,-1
2024131473966,2024,131473966,1,9,0,-1,2,0,0,-1,0,0,0,0,0,0,3,1,-1,9,2,30,6,1598,2,8,AUDI A1,1,E01011838,0,1
2024311450540,2024,311450540,2,9,0,-1,19,1,5,-1,0,2,0,0,0,0,1,1,-1,9,2,20,4,1598,2,11,AUDI A1,6,E01028003,0,2
2024461468618,2024,461468618,2,9,0,-1,4,5,1,-1,0,1,0,0,0,0,2,9,-1,9,1,36,7,1197,1,10,AUDI A1,9,E01000712,0,4
2024461513572,2024,461513572,2,9,0,-1,19,4,4,-1,0,0,0,0,0,0,1,1,-1,2,2,17,4,999,1,0,AUDI A1,4,E01024132,0,1
2024010544041,2024,010544041,1,9,0,3,3,9,9,99,99,0,9,99,9,99,2,9,6,6,1,-1,-1,1498,1,3,AUDI A1,3,E01024176,0,3