collision_index,collision_year,collision_ref_no,vehicle_reference,vehicle_type,towing_and_articulation,vehicle_manoeuvre_historic,vehicle_manoeuvre,vehicle_direction_from,vehicle_direction_to,vehicle_location_restricted_lane_historic,vehicle_location_restricted_lane,junction_location,skidding_and_overturning,hit_object_in_carriageway,vehicle_leaving_carriageway,hit_object_off_carriageway,first_point_of_impact,vehicle_left_hand_drive,journey_purpose_of_driver_historic,journey_purpose_of_driver,sex_of_driver,age_of_driver,age_band_of_driver,engine_capacity_cc,propulsion_code,age_of_vehicle,generic_make_model,driver_imd_decile,lsoa_of_driver,escooter_flag,driver_distance_banding
2024010542341,2024,010542341,1,9,0,99,99,9,9,99,99,9,9,99,9,99,9,9,6,6,1,24,5,999,1,0,AUDI A1,5,E01002344,0,2
2024052400903,2024,052400903,1,9,0,18,19,3,7,0,0,1,0,0,0,0,3,1,6,6,2,21,5,999,1,4,AUDI A1,1,E01006607,0,1
2024010523398,2024,010523398,1,9,0,18,19,5,1,0,0,1,0,0,0,0,1,1,6,6,2,18,4,999,1,0,AUDI A1,2,E01000040,0,1
2024471428882,2024,471428882,2,9,0,-1,19,8,4,-1,0,8,0,0,0,0,1,9,-1,6,2,22,5,999,1,2,AUDI A1,7,E01030850,0,4
2024461502758,2024,461502758,1,9,0,-1,11,3,7,-1,0,0,0,0,0,0,1,1,-1,6,2,24,5,999,1,5,AUDI A1,8,E01003676,0,4
2024041482729,2024,041482729,2,9,0,-1,19,1,5,-1,0,1,0,0,0,0,1,1,-1,2,2,21,5,1390,1,12,AUDI A1,3,E01012741,0,2
2024010507712,2024,010507712,1,9,9,18,19,5,1,8,6,1,0,11,1,99,1,9,6,6,3,26,6,1390,1,13,AUDI A1,-1,-1,0,-1
2024201509192,2024,201509192,1,9,0,-1,19,7,3,-1,0,0,1,0,0,0,1,1,-1,9,2,21,5,1390,1,13,AUDI A1,3,E01010528,0,3
2024010510115,2024,010510115,1,9,0,18,19,5,1,0,0,0,0,0,4,6,3,1,1,1,1,21,5,1498,1,5,AUDI A1,8,E01034089,0,4
2024421421879,2024,421421879,2,9,0,-1,2,0,0,-1,0,0,0,0,0,0,1,9,-1,6,3,-1,-1,999,1,6,AUDI A1,-1,-1,0,-1
2024461519798,2024,461519798,2,9,0,-1,3,7,3,-1,0,0,0,0,0,0,3,9,-1,9,2,20,4,999,1,4,AUDI A1,4,E01016137,0,3
2024361425707,2024,361425707,2,9,0,-1,2,0,0,-1,0,1,0,0,1,4,1,1,-1,9,2,30,6,1390,1,12,AUDI A1,1,E01033131,0,4
2024501404086,2024,501404086,1,9,0,-1,19,1,5,-1,0,0,0,0,0,0,1,1,-1,9,2,20,4,1598,2,13,AUDI A1,4,E01018861,0,2
2024061492615,2024,061492615,1,9,0,-1,9,7,3,-1,0,5,0,0,0,0,1,1,-1,9,2,45,7,999,1,5,AUDI A1,-1,-1,0,-1
2024070796383,2024,070796383,2,9,0,-1,19,8,4,-1,0,1,0,0,0,0,1,1,-1,2,1,25,5,1197,1,12,AUDI A1,5,E01019082,0,5
2024061419157,2024,061419157,1,9,0,-1,8,2,4,-1,0,6,1,0,0,0,1,1,-1,6,2,21,5,1197,1,11,AUDI A1,1,E01005081,0,1
2024991559765,2024,991559765,1,9,0,-1,5,7,3,-1,0,0,0,4,1,0,1,1,-1,6,1,22,5,999,1,0,AUDI A1,2,-1,0,1
2024302400662,2024,302400662,3,9,0,4,4,8,4,0,0,0,0,0,0,0,2,1,6,6,1,17,4,999,1,1,AUDI A1,8,E01019834,0,3
2024421408021,2024,421408021,2,9,0,-1,7,7,8,-1,0,8,0,0,0,0,1,1,-1,1,2,36,7,999,1,2,AUDI A1,7,E01021372,0,2
2024302401750,2024,302401750,1,9,0,-1,19,6,2,-1,0,0,0,0,0,0,1,1,-1,6,1,85,11,1395,1,6,AUDI A1,10,E01005929,0,4
2024201440019,2024,201440019,2,9,0,-1,3,6,2,-1,0,0,0,0,0,0,1,9,-1,6,2,27,6,1395,1,8,AUDI A1,-1,-1,0,-1
2024411512934,2024,411512934,2,9,0,-1,3,-1,-1,-1,0,4,0,0,0,0,2,9,-1,9,2,47,8,1390,1,13,AUDI A1,5,E01023542,0,1
2024440024981,2024,440024981,1,9,0,9,9,4,8,0,0,6,0,0,0,0,3,1,2,2,2,28,6,1598,2,11,AUDI A1,3,E01032847,0,3
2024451475649,2024,451475649,1,9,0,-1,19,7,3,-1,0,2,0,0,0,0,1,1,-1,9,2,19,4,1197,1,11,AUDI A1,9,E01000804,0,3
2024545512324,2024,545512324,2,9,0,18,19,5,1,0,0,1,0,0,0,0,1,1,6,6,1,63,9,999,1,7,AUDI A1,7,E01015585,0,2
2024302400109,2024,302400109,1,9,0,9,9,1,7,0,0,5,0,0,0,0,1,1,3,7,2,29,6,1968,2,10,AUDI A1,10,E01019462,0,1
2024440019444,2024,440019444,1,9,0,18,19,6,2,0,0,0,0,0,0,0,1,1,6,6,1,77,11,1390,1,13,AUDI A1,6,E01022737,0,3
2024070058539,2024,070058539,1,9,0,18,19,3,7,0,0,0,0,0,0,0,4,1,6,6,2,29,6,1390,1,9,AUDI A1,10,E01035385,0,2
2024010509763,2024,010509763,1,9,0,99,99,9,9,99,99,9,9,99,9,99,9,9,6,6,2,28,6,1395,1,11,AUDI A1,7,E01000324,0,2
2024141398230,2024,141398230,2,9,0,-1,19,5,1,-1,0,1,0,0,0,0,2,1,-1,6,2,21,5,1395,1,9,AUDI A1,8,E01007383,0,1
2024411500554,2024,411500554,1,9,0,-1,19,1,5,-1,0,8,0,0,0,0,1,1,-1,2,1,26,6,1395,1,6,AUDI A1,7,E01023666,0,1
2024440389472,2024,440389472,1,9,0,18,19,3,7,0,0,8,0,0,0,0,1,1,6,6,1,25,5,1598,2,14,AUDI A1,10,E01030774,0,1
2024010506277,2024,010506277,2,9,0,18,19,4,8,0,0,0,0,0,0,0,1,1,6,6,2,30,6,999,1,3,AUDI A1,8,E01024475,0,3
2024411496255,2024,411496255,1,9,0,-1,19,7,3,-1,0,0,0,0,0,0,1,1,-1,6,2,17,4,999,1,8,AUDI A1,6,E01023663,0,2
2024471442418,2024,471442418,1,9,0,-1,9,7,5,-1,0,8,0,0,0,0,1,1,-1,9,1,33,6,1197,1,12,AUDI A1,7,E01021043,0,4
2024010524142,2024,010524142,2,9,0,18,19,7,3,0,0,0,0,0,0,0,0,1,6,6,2,22,5,999,1,3,AUDI A1,9,E01002976,0,2
2024451470531,2024,451470531,1,9,0,-1,19,2,6,-1,0,0,0,0,0,0,1,1,-1,9,2,24,5,1390,1,12,AUDI A1,9,E01030992,0,1
2024010544046,2024,010544046,3,9,0,3,3,3,7,0,0,1,0,0,0,0,2,1,6,6,2,28,6,999,1,7,AUDI A1,4,E01003348,0,2
2024991483583,2024,991483583,1,9,0,-1,19,2,5,-1,0,0,1,0,7,11,1,1,-1,2,2,20,4,999,1,6,AUDI A1,10,-1,0,1
2024131532538,2024,131532538,1,9,0,-1,9,7,1,-1,0,5,0,0,0,0,1,1,-1,9,2,21,5,1197,1,11,AUDI A1,6,E01010909,0,1
2024131481512,2024,131481512,2,9,0,-1,11,8,4,-1,0,0,0,0,0,0,2,1,-1,2,2,23,5,999,1,5,AUDI A1,1,E01007341,0,4
2024061482410,2024,061482410,2,9,0,-1,2,0,0,-1,0,0,0,0,0,0,2,1,-1,6,-1,-1,-1,1598,2,10,AUDI A1,-1,-1,0,-1
2024340WN5222,2024,340WN5222,2,9,0,-1,19,5,1,-1,0,0,0,0,0,0,4,1,-1,6,1,21,5,1598,2,13,AUDI A1,2,E01027241,0,1
2024320589080,2024,320589080,3,9,0,2,2,0,0,0,0,2,0,0,0,0,2,1,6,6,3,-1,-1,1598,2,8,AUDI A1,-1,-1,0,-1
2024451513331,2024,451513331,1,9,0,-1,5,3,7,-1,0,0,1,0,3,0,0,9,-1,2,2,25,5,1395,1,9,AUDI A1,8,E01017814,0,3
2024610001324,2024,610001324,1,9,0,18,19,5,1,0,0,0,0,0,0,0,1,1,1,1,1,29,6,1598,2,10,AUDI A1,8,W01001554,0,1
2024141472127,2024,141472127,1,9,0,-1,2,0,0,-1,5,0,0,0,0,0,3,1,-1,9,1,22,5,999,1,1,AUDI A1,1,E01008096,0,1
2024522500104,2024,522500104,2,9,0,18,19,7,3,0,0,0,0,0,0,0,2,1,6,6,2,25,5,1390,1,10,AUDI A1,10,E01015014,0,2
2024131482068,2024,131482068,2,9,0,-1,2,0,0,-1,0,8,0,4,0,0,1,1,-1,6,-1,-1,-1,999,1,2,AUDI A1,-1,-1,0,-1
2024010550751,2024,010550751,2,9,0,8,8,5,6,0,0,1,0,0,0,0,1,1,6,6,1,24,5,999,1,0,AUDI A1,2,E01001012,0,1
2024471441412,2024,471441412,2,9,0,-1,20,3,7,-1,0,0,0,0,0,0,4,1,-1,9,2,32,6,1395,1,6,AUDI A1,5,E01021008,0,1
2024421405273,2024,421405273,1,9,0,-1,12,3,7,-1,0,0,0,0,0,0,3,1,-1,6,2,65,9,1395,1,9,AUDI A1,5,E01021809,0,1
2024440373515,2024,440373515,1,9,0,17,19,1,5,0,0,0,0,0,0,11,4,1,6,6,1,19,4,999,1,1,AUDI A1,6,E01031926,0,4
2024221451501,2024,221451501,2,9,0,-1,4,1,6,-1,0,8,0,0,0,0,2,9,-1,6,2,22,5,999,1,0,AUDI A1,8,E01032458,0,3
2024010498292,2024,010498292,1,9,0,9,9,5,3,0,0,6,0,0,0,0,1,1,6,6,2,28,6,1390,1,10,AUDI A1,5,E01003378,0,1
2024010507640,2024,010507640,2,9,0,99,99,9,9,99,99,9,9,99,9,99,1,9,6,6,3,-1,-1,1197,1,12,AUDI A1,-1,-1,0,-1
2024070214879,2024,070214879,1,9,0,5,5,5,1,0,0,6,0,10,0,0,3,1,6,6,1,79,11,999,1,4,AUDI A1,8,E01018458,0,3
2024041514956,2024,041514956,2,9,0,-1,6,4,8,-1,0,0,0,0,0,0,3,1,-1,6,2,23,5,1197,1,13,AUDI A1,1,E01025286,0,1
2024451513882,2024,451513882,1,9,0,-1,5,5,1,-1,0,0,1,0,0,0,3,1,-1,7,1,48,8,999,1,1,AUDI A1,7,E01030440,0,1
202417M212224,2024,17M212224,1,9,0,-1,3,7,3,-1,0,0,0,0,0,0,2,1,-1,9,2,23,5,999,1,2,AUDI A1,7,E01012007,0,1
2024471508242,2024,471508242,2,9,0,-1,19,8,4,-1,0,1,0,0,0,0,1,9,-1,6,1,25,5,1598,2,9,AUDI A1,5,E01020916,0,3
2024010534397,2024,010534397,1,9,0,99,99,9,9,99,99,9,9,99,9,99,2,9,6,6,2,24,5,1395,1,8,AUDI A1,2,E01001257,0,2
2024131509437,2024,131509437,3,9,0,-1,2,0,0,-1,0,2,0,0,0,0,3,1,-1,6,-1,-1,-1,1598,2,12,AUDI A1,-1,-1,0,-1
2024070319916,2024,070319916,1,9,0,5,5,6,2,0,0,4,0,0,0,0,1,1,2,2,2,27,6,1395,1,7,AUDI A1,8,E01012473,0,1
2024061489419,2024,061489419,2,9,0,-1,19,1,5,-1,0,0,0,0,0,0,2,1,-1,2,2,54,8,1598,2,9,AUDI A1,5,E01006021,0,1
2024010514158,2024,010514158,1,9,0,99,99,9,9,99,99,9,9,99,9,99,2,9,6,6,2,26,6,1390,1,11,AUDI A1,1,E01000596,0,2
2024522401773,2024,522401773,1,9,0,18,19,1,5,0,0,3,0,0,0,0,4,1,6,6,1,17,4,999,1,5,AUDI A1,9,E01014755,0,2
2024131459160,2024,131459160,1,9,0,-1,19,2,6,-1,9,2,1,0,1,0,3,1,-1,9,1,37,7,999,1,5,AUDI A1,8,E01010709,0,1
2024131521811,2024,131521811,2,9,0,-1,2,1,5,-1,0,1,0,0,0,0,2,1,-1,9,2,25,5,1395,1,6,AUDI A1,8,E01011200,0,1
202460Q158554,2024,60Q158554,2,9,0,4,4,6,2,0,0,1,1,0,0,0,2,1,6,6,1,60,9,1984,1,4,AUDI A1,-1,-1,0,-1
2024430154944,2024,430154944,2,9,0,3,3,3,7,0,0,0,0,0,0,0,2,1,2,2,1,23,5,1390,1,12,AUDI A1,8,E01028515,0,2
2024501427266,2024,501427266,1,9,0,-1,19,3,1,-1,0,0,0,0,0,0,1,1,-1,6,2,23,5,1395,1,9,AUDI A1,2,E01014499,0,4
2024010488300,2024,010488300,1,9,0,99,99,9,9,99,99,5,9,99,9,99,2,9,2,2,2,30,6,1390,1,12,AUDI A1,2,E01022332,0,5
2024141507819,2024,141507819,2,9,0,-1,2,0,0,-1,0,0,0,0,0,0,2,1,-1,9,2,46,8,999,1,1,AUDI A1,6,E01007409,0,1
2024061522997,2024,061522997,1,9,0,-1,2,0,0,-1,0,8,0,0,0,0,1,1,-1,6,-1,-1,-1,999,1,3,AUDI A1,-1,-1,0,-1
2024461506697,2024,461506697,2,9,0,-1,10,3,1,-1,0,0,0,0,0,0,2,1,-1,6,2,27,6,1395,1,8,AUDI A1,10,E01024329,0,1
2024052402232,2024,052402232,3,9,0,4,4,3,7,0,0,0,0,0,0,0,1,1,6,6,1,28,6,999,1,1,AUDI A1,1,E01007131,0,1
202417S110524,2024,17S110524,1,9,0,-1,3,5,1,-1,0,1,0,0,0,0,2,1,-1,9,2,26,6,999,1,1,AUDI A1,-1,-1,0,-1
2024211433776,2024,211433776,2,9,0,-1,19,5,1,-1,0,0,0,0,0,0,3,1,-1,6,2,61,9,999,1,4,AUDI A1,9,E01029785,0,3
2024461401325,2024,461401325,3,9,0,-1,3,2,5,-1,0,0,0,0,0,0,2,9,-1,6,2,21,5,999,1,3,AUDI A1,7,E01024576,0,4
2024461538878,2024,461538878,1,9,0,-1,19,2,6,-1,0,2,0,0,0,0,1,9,-1,6,2,-1,-1,1395,1,9,AUDI A1,3,E01016164,0,1
2024231460489,2024,231460489,1,9,0,-1,4,7,3,-1,0,0,0,0,1,6,2,9,-1,1,2,51,8,1598,2,8,AUDI A1,7,E01020176,0,5
2024622400192,2024,622400192,2,9,0,18,19,6,2,0,0,0,0,0,0,0,1,1,6,6,2,32,6,1197,1,9,AUDI A1,9,E01026136,0,5
2024010553934,2024,010553934,2,9,0,99,99,9,9,99,99,9,9,99,9,99,2,9,6,6,3,-1,-1,999,1,0,AUDI A1,-1,-1,0,-1
2024010499552,2024,010499552,2,9,0,99,99,9,9,99,99,9,9,99,9,99,1,9,6,6,3,-1,-1,1395,1,7,AUDI A1,-1,-1,0,-1
202417M212224,2024,17M212224,2,9,0,-1,19,7,3,-1,0,0,0,0,0,0,1,1,-1,9,2,-1,-1,999,1,5,AUDI A1,-1,-1,0,-1
2024461497717,2024,461497717,2,9,0,-1,4,3,7,-1,0,0,0,0,0,0,2,9,-1,9,2,-1,-1,999,1,5,AUDI A1,7,E01024794,0,3
2024201480219,2024,201480219,1,9,0,-1,9,3,1,-1,0,6,1,0,0,0,3,1,-1,6,1,23,5,1598,2,11,AUDI A1,2,E01009833,0,1
2024440261944,2024,440261944,1,9,0,18,19,6,2,0,0,0,0,0,0,0,3,1,6,6,2,22,5,1197,1,10,AUDI A1,5,E01035459,0,2
2024010551058,2024,010551058,1,9,0,14,14,5,1,0,0,1,0,4,0,0,4,1,6,6,1,26,6,999,1,0,AUDI A1,5,E01001648,0,2
2024311491922,2024,311491922,2,9,0,-1,19,4,8,-1,0,8,0,0,0,0,4,1,-1,9,2,19,4,999,1,5,AUDI A1,10,E01028389,0,3
2024991455483,2024,991455483,1,9,0,-1,19,7,3,-1,0,0,0,0,0,0,1,1,-1,9,2,19,4,999,1,7,AUDI A1,9,-1,0,1
2024161473030,2024,161473030,1,9,0,-1,4,6,2,-1,0,0,0,0,0,0,2,1,-1,9,2,50,8,1395,1,7,AUDI A1,9,E01013157,0,1
2024411454852,2024,411454852,2,9,0,-1,4,6,2,-1,0,0,0,0,0,0,2,1,-1,9,1,43,7,1598,2,8,AUDI A1,5,E01023936,0,1
2024010535414,2024,010535414,1,9,0,99,99,9,9,99,99,9,9,99,9,99,2,9,2,2,2,23,5,999,1,2,AUDI A1,3,E01002049,0,1
2024421462521,2024,421462521,1,9,0,-1,1,3,7,-1,0,0,0,0,0,0,2,1,-1,6,1,41,7,999,1,5,AUDI A1,3,E01021267,0,1
2024451508864,2024,451508864,1,9,0,-1,2,0,0,-1,99,0,0,0,0,0,2,9,-1,9,2,26,6,999,1,5,AUDI A1,4,E01030743,0,2
2024351518630,2024,351518630,2,9,0,-1,4,2,6,-1,0,0,1,0,0,0,2,1,-1,6,2,25,5,999,1,3,AUDI A1,9,E01023656,0,2
2024231524759,2024,231524759,1,9,0,-1,19,4,8,-1,0,0,0,0,0,0,4,1,-1,9,1,22,5,1390,1,12,AUDI A1,9,E01031219,0,3
2024010544949,2024,010544949,2,9,0,99,99,9,9,99,99,9,9,99,9,99,1,9,6,6,3,34,6,1390,1,12,AUDI A1,-1,-1,0,-1
2024332400340,2024,332400340,1,9,0,-1,3,6,2,-1,0,1,0,0,0,0,2,1,-1,6,1,19,4,999,1,3,AUDI A1,2,E01013694,0,2
2024421501391,2024,421501391,1,9,0,-1,9,4,1,-1,0,8,0,0,0,0,1,1,-1,2,1,18,4,1395,1,6,AUDI A1,10,E01021747,0,1
2024211534373,2024,211534373,2,9,0,-1,19,5,1,-1,0,0,0,0,0,0,4,1,-1,6,1,61,9,999,1,1,AUDI A1,5,E01014308,0,2
2024201501342,2024,201501342,2,9,0,-1,19,5,1,-1,0,1,0,0,0,0,1,1,-1,6,1,20,4,999,1,1,AUDI A1,1,E01009129,0,1
2024122400353,2024,122400353,1,9,0,9,9,3,5,0,0,8,0,0,0,0,4,1,6,6,2,27,6,1390,1,10,AUDI A1,1,E01010605,0,4
2024131461476,2024,131461476,1,9,0,-1,19,8,4,-1,0,0,0,11,0,0,1,1,-1,9,2,35,6,1395,1,7,AUDI A1,8,E01011514,0,2
2024131440348,2024,131440348,1,9,0,-1,19,7,3,-1,0,8,0,0,0,0,4,1,-1,9,2,23,5,1395,1,10,AUDI A1,1,E01010624,0,1
2024122500230,2024,122500230,1,9,0,16,19,2,4,0,0,8,5,0,8,10,1,1,6,6,2,47,8,999,1,7,AUDI A1,5,E01027777,0,1
2024010532029,2024,010532029,2,9,0,2,2,0,0,0,0,2,0,0,0,0,2,1,6,6,3,-1,-1,999,1,0,AUDI A1,-1,-1,0,-1
2024421403189,2024,421403189,2,9,0,-1,4,1,5,-1,0,1,0,0,0,0,2,1,-1,9,2,26,6,999,1,2,AUDI A1,5,E01021815,0,2
2024201478257,2024,201478257,1,9,0,-1,5,6,2,-1,0,6,1,10,1,0,1,9,-1,6,1,23,5,1598,2,12,AUDI A1,2,E01009982,0,1
2024010535526,2024,010535526,2,21,9,99,99,9,9,99,99,0,9,99,9,99,2,1,6,6,1,51,8,10837,2,5,DAF TRUCKS MODEL MISSING,7,E01024689,0,5
2024411479556,2024,411479556,1,21,-1,-1,19,7,3,-1,0,0,0,0,0,0,-1,9,-1,6,1,62,9,12902,2,1,DAF TRUCKS MODEL MISSING,7,E01023329,0,2
2024010504158,2024,010504158,2,21,1,18,19,3,7,0,0,0,0,0,0,0,1,1,1,1,1,41,7,6700,2,2,DAF TRUCKS MODEL MISSING,7,E01016820,0,4
2024520401811,2024,520401811,1,20,9,18,19,6,2,0,0,0,0,0,0,0,4,1,6,6,3,-1,-1,4500,2,5,DAF TRUCKS MODEL MISSING,-1,-1,0,-1
2024461525950,2024,461525950,1,20,0,-1,19,3,7,-1,0,0,0,0,0,0,4,9,-1,6,1,66,10,6700,2,8,DAF TRUCKS MODEL MISSING,5,E01032653,0,4
2024440037113,2024,440037113,1,21,0,9,9,2,8,0,0,6,0,0,0,0,3,1,1,1,1,42,7,12902,2,7,DAF TRUCKS MODEL MISSING,7,E01022825,0,1
2024221487588,2024,221487588,1,21,1,-1,19,2,6,-1,0,0,0,0,1,0,1,1,-1,1,2,43,7,10837,2,2,DAF TRUCKS MODEL MISSING,6,E01005620,0,5
2024201467516,2024,201467516,1,21,0,-1,2,0,0,-1,0,0,0,0,0,0,0,1,-1,6,1,52,8,10837,2,1,DAF TRUCKS MODEL MISSING,4,E01010556,0,2
2024010505219,2024,010505219,2,90,9,99,99,9,9,99,99,9,9,99,9,99,9,9,6,6,3,-1,-1,-1,-1,-1,DAF TRUCKS MODEL MISSING,-1,-1,0,-1
2024361460412,2024,361460412,2,21,1,-1,19,1,5,-1,0,0,1,0,0,0,1,1,-1,1,1,29,6,12902,2,5,DAF TRUCKS MODEL MISSING,8,E01035152,0,2
2024320095175,2024,320095175,1,21,4,-1,-1,8,4,0,0,0,0,0,0,0,0,1,-1,-1,1,51,8,10837,2,2,DAF TRUCKS MODEL MISSING,7,E01026242,0,2
2024440089722,2024,440089722,2,21,0,9,9,7,5,0,0,8,0,0,0,0,1,1,1,1,1,-1,-1,6700,2,1,DAF TRUCKS MODEL MISSING,-1,-1,0,-1
2024991450635,2024,991450635,2,21,0,-1,19,8,4,-1,0,4,0,0,0,0,3,1,-1,6,3,40,7,10837,2,5,DAF TRUCKS MODEL MISSING,-1,-1,0,-1
2024340NN1562,2024,340NN1562,1,21,0,-1,19,1,5,-1,0,1,0,0,0,0,1,1,-1,1,1,58,9,4500,2,8,DAF TRUCKS MODEL MISSING,5,E01019669,0,4
2024501518899,2024,501518899,3,21,0,-1,19,7,3,-1,0,0,0,0,0,0,2,1,-1,1,1,27,6,4500,2,6,DAF TRUCKS MODEL MISSING,2,E01019053,0,4
2024361496104,2024,361496104,2,21,1,-1,3,5,1,-1,0,1,0,0,0,0,2,1,-1,1,1,40,7,12900,2,8,DAF TRUCKS MODEL MISSING,7,E01026251,0,4
2024340WN6342,2024,340WN6342,1,20,0,-1,4,1,5,-1,0,1,0,0,0,0,1,1,-1,1,1,51,8,6700,2,10,DAF TRUCKS MODEL MISSING,6,E01031033,0,4
2024451496488,2024,451496488,1,90,0,-1,2,0,0,-1,0,0,0,0,0,0,0,1,-1,1,1,44,7,6700,2,6,DAF TRUCKS MODEL MISSING,8,E01030491,0,3
2024201535317,2024,201535317,1,21,5,-1,19,5,1,-1,0,0,0,0,0,0,3,1,-1,1,1,46,8,10837,2,7,DAF TRUCKS MODEL MISSING,3,E01009221,0,2
2024471409078,2024,471409078,2,20,0,-1,19,6,2,-1,0,1,0,0,0,0,1,1,-1,1,1,37,7,-1,-1,-1,DAF TRUCKS MODEL MISSING,1,E01016083,0,4
202454B387124,2024,54B387124,2,20,0,17,19,2,4,0,0,1,0,0,0,0,1,1,1,1,1,30,6,6700,2,2,DAF TRUCKS MODEL MISSING,9,E01032102,0,4
2024451523471,2024,451523471,2,21,0,-1,5,5,1,-1,0,0,0,0,0,0,3,1,-1,6,3,40,7,4500,2,9,DAF TRUCKS MODEL MISSING,8,E01024440,0,3
2024411526554,2024,411526554,1,21,0,-1,9,5,1,-1,0,0,0,0,0,0,1,1,-1,1,1,55,8,-1,-1,-1,DAF TRUCKS MODEL MISSING,2,E01015735,0,2
2024531419770,2024,531419770,1,21,0,-1,5,8,2,-1,0,0,0,0,0,0,3,1,-1,1,1,41,7,10837,2,1,DAF TRUCKS MODEL MISSING,5,E01022383,0,3
2024031503431,2024,031503431,3,21,1,-1,19,5,1,-1,0,0,0,0,0,0,3,1,-1,1,1,63,9,10837,2,4,DAF TRUCKS MODEL MISSING,9,E01012998,0,5
2024991465550,2024,991465550,1,90,0,-1,19,6,2,-1,0,0,5,0,7,0,3,1,-1,1,1,49,8,10837,2,7,DAF TRUCKS MODEL MISSING,4,-1,0,4
2024010524431,2024,010524431,3,21,1,18,19,5,1,0,0,0,0,0,0,0,1,1,1,1,1,56,9,12902,2,6,DAF TRUCKS MODEL MISSING,6,E01021394,0,4
2024440035343,2024,440035343,2,21,1,18,19,6,2,0,0,1,0,0,0,0,3,1,1,1,1,31,6,12902,2,2,DAF TRUCKS MODEL MISSING,10,W01001591,0,5
2024070764616,2024,070764616,1,20,0,-1,4,3,7,-1,-1,1,0,0,0,0,1,1,-1,6,1,37,7,4500,2,2,DAF TRUCKS MODEL MISSING,8,E01018361,0,3
2024231502129,2024,231502129,2,21,1,-1,19,8,4,-1,0,1,0,0,0,0,1,1,-1,1,1,57,9,12902,2,0,DAF TRUCKS MODEL MISSING,4,E01018060,0,4
2024141398971,2024,141398971,3,90,1,-1,19,5,1,-1,0,0,0,0,0,0,2,1,-1,1,1,42,7,6700,2,1,DAF TRUCKS MODEL MISSING,8,E01007846,0,4
2024131491364,2024,131491364,3,21,0,-1,19,7,3,-1,0,0,0,0,0,0,1,1,-1,1,1,59,9,12902,2,4,DAF TRUCKS MODEL MISSING,5,E01013287,0,4
2024052400273,2024,052400273,1,21,1,11,11,3,7,0,0,0,0,0,0,0,1,1,1,1,1,30,6,12902,2,11,DAF TRUCKS MODEL MISSING,8,E01012543,0,3
2024471417003,2024,471417003,1,20,0,-1,2,0,0,-1,0,1,0,0,0,0,0,1,-1,6,-1,-1,-1,4500,2,10,DAF TRUCKS MODEL MISSING,-1,-1,0,-1
2024471425958,2024,471425958,1,21,0,-1,19,7,3,-1,0,0,0,0,0,0,1,1,-1,1,1,66,10,12902,2,6,DAF TRUCKS MODEL MISSING,7,E01022823,0,4
2024501502134,2024,501502134,3,21,0,-1,19,4,8,-1,0,0,0,0,0,0,0,1,-1,1,1,68,10,12902,2,1,DAF TRUCKS MODEL MISSING,1,W01001307,0,5
2024991482866,2024,991482866,3,21,0,-1,19,2,6,-1,0,0,0,0,0,0,3,1,-1,1,1,26,6,12902,2,3,DAF TRUCKS MODEL MISSING,5,E01019226,0,5
2024211419090,2024,211419090,2,21,0,-1,11,6,2,-1,0,0,0,0,0,0,1,9,-1,6,1,66,10,-1,2,5,DAF TRUCKS MODEL MISSING,-1,-1,0,-1
2024101405241,2024,101405241,3,21,1,-1,19,1,5,-1,0,0,0,0,0,0,1,2,-1,1,1,57,9,12902,2,3,DAF TRUCKS MODEL MISSING,2,E01027331,0,5
202460Q181593,2024,60Q181593,1,21,0,18,19,8,4,0,0,0,0,4,0,0,1,1,1,1,1,56,9,6692,2,12,DAF TRUCKS MODEL MISSING,-1,-1,0,-1
2024361408169,2024,361408169,1,21,1,-1,19,8,4,-1,0,0,5,0,1,0,0,9,-1,1,1,66,10,12902,2,2,DAF TRUCKS MODEL MISSING,5,E01026679,0,4
2024131516463,2024,131516463,3,21,0,-1,19,3,2,-1,0,0,0,0,0,0,1,1,-1,6,3,-1,-1,6700,2,4,DAF TRUCKS MODEL MISSING,-1,-1,0,-1
2024211437941,2024,211437941,1,21,1,-1,5,7,1,-1,0,0,0,0,0,0,-1,1,-1,1,1,40,7,12902,2,4,DAF TRUCKS MODEL MISSING,-1,-1,0,-1
2024411510043,2024,411510043,2,21,1,-1,19,7,3,-1,0,0,0,0,0,0,4,1,-1,1,1,66,10,12902,2,2,DAF TRUCKS MODEL MISSING,9,E01032231,0,5
2024231529542,2024,231529542,1,21,1,-1,4,2,4,-1,0,8,0,0,0,0,4,9,-1,6,1,50,8,12902,2,7,DAF TRUCKS MODEL MISSING,-1,-1,0,-1
2024311515842,2024,311515842,1,98,0,-1,5,1,5,-1,1,1,0,0,0,0,3,1,-1,9,1,65,9,4461,2,16,DAF TRUCKS MODEL MISSING,7,E01028075,0,1
2024421447603,2024,421447603,2,21,0,-1,19,2,6,-1,0,0,0,0,0,0,3,1,-1,1,1,45,7,12902,2,5,DAF TRUCKS MODEL MISSING,-1,-1,0,-1