collision_index,collision_year,collision_ref_no,vehicle_reference,vehicle_type,towing_and_articulation,vehicle_manoeuvre_historic,vehicle_manoeuvre,vehicle_direction_from,vehicle_direction_to,vehicle_location_restricted_lane_historic,vehicle_location_restricted_lane,junction_location,skidding_and_overturning,hit_object_in_carriageway,vehicle_leaving_carriageway,hit_object_off_carriageway,first_point_of_impact,vehicle_left_hand_drive,journey_purpose_of_driver_historic,journey_purpose_of_driver,sex_of_driver,age_of_driver,age_band_of_driver,engine_capacity_cc,propulsion_code,age_of_vehicle,generic_make_model,driver_imd_decile,lsoa_of_driver,escooter_flag,driver_distance_banding
2024461538064,2024,461538064,1,21,0,-1,19,5,1,-1,0,1,0,0,0,0,0,9,-1,6,1,31,6,-1,-1,-1,DAF TRUCKS MODEL MISSING,5,E01024229,0,1
2024010517313,2024,010517313,2,21,1,3,3,3,7,0,0,4,0,0,0,0,4,1,1,1,1,57,9,10837,2,2,DAF TRUCKS MODEL MISSING,8,E01023753,0,4
2024122401142,2024,122401142,2,19,0,13,13,1,2,0,0,0,0,0,0,0,0,1,1,1,3,-1,-1,-1,-1,-1,DAF TRUCKS MODEL MISSING,-1,-1,0,-1
2024501508582,2024,501508582,1,21,0,-1,11,1,5,-1,0,0,0,0,0,0,4,1,-1,1,1,41,7,10800,2,3,DAF TRUCKS MODEL MISSING,5,E01020072,0,4
2024461399060,2024,461399060,2,20,0,-1,19,5,1,-1,0,0,0,0,0,0,3,9,-1,6,1,42,7,6700,2,1,DAF TRUCKS MODEL MISSING,6,E01024371,0,4
2024421452341,2024,421452341,1,21,0,-1,19,7,3,-1,0,0,5,5,0,0,1,1,-1,1,1,55,8,5900,2,17,DAF TRUCKS MODEL MISSING,5,E01021489,0,2
2024451415533,2024,451415533,2,21,0,-1,19,4,8,-1,0,0,0,0,0,0,2,1,-1,1,1,29,6,12902,2,4,DAF TRUCKS MODEL MISSING,1,E01024610,0,4
2024010536685,2024,010536685,2,90,1,18,19,3,7,0,0,8,0,0,0,0,3,1,1,1,1,48,8,10837,2,7,DAF TRUCKS MODEL MISSING,4,E01003537,0,1
2024221503827,2024,221503827,2,21,0,-1,13,4,8,-1,0,0,0,0,0,0,1,1,-1,1,1,52,8,12902,2,1,DAF TRUCKS MODEL MISSING,3,E01014010,0,3
2024052401059,2024,052401059,1,21,1,4,4,6,2,0,0,1,0,0,0,0,2,1,1,1,1,51,8,10837,2,3,DAF TRUCKS MODEL MISSING,1,E01006980,0,2
2024302401172,2024,302401172,2,20,0,18,19,1,5,0,0,0,0,0,0,0,2,1,1,1,1,54,8,-1,-1,-1,DAF TRUCKS MODEL MISSING,8,E01006037,0,4
2024501520762,2024,501520762,1,21,1,-1,19,3,7,-1,0,0,0,4,0,0,1,1,-1,1,1,51,8,12902,2,2,DAF TRUCKS MODEL MISSING,4,E01019007,0,4
2024010511930,2024,010511930,3,20,0,3,3,7,3,0,0,1,0,0,0,0,1,1,1,1,1,48,8,-1,-1,-1,DAF TRUCKS MODEL MISSING,3,E01021307,0,4
2024131508128,2024,131508128,1,21,0,-1,3,7,3,-1,0,0,0,0,0,0,1,1,-1,1,1,34,6,6690,2,1,DAF TRUCKS MODEL MISSING,2,E01026975,0,5
2024010509611,2024,010509611,2,19,9,99,99,9,9,99,99,0,9,99,9,99,1,9,6,6,3,-1,-1,6700,2,1,DAF TRUCKS MODEL MISSING,4,E01000974,0,1
2024421409817,2024,421409817,2,21,0,-1,19,2,5,-1,0,0,0,0,0,0,3,1,-1,1,1,38,7,6700,2,4,DAF TRUCKS MODEL MISSING,7,E01002336,0,4
2024991442327,2024,991442327,2,21,0,-1,19,4,8,-1,0,8,0,0,1,0,1,1,-1,1,1,62,9,6700,2,4,DAF TRUCKS MODEL MISSING,4,E01024494,0,5
2024501515281,2024,501515281,1,90,0,-1,10,6,2,-1,0,0,0,0,0,0,2,1,-1,1,1,28,6,6690,2,0,DAF TRUCKS MODEL MISSING,6,E01018935,0,3
2024141496581,2024,141496581,2,21,0,-1,19,6,2,-1,0,1,0,0,0,0,2,1,-1,1,1,53,8,6700,2,3,DAF TRUCKS MODEL MISSING,7,E01027995,0,4
2024122400715,2024,122400715,2,21,0,2,2,0,0,0,0,0,0,0,0,0,3,1,1,1,3,-1,-1,6700,2,3,DAF TRUCKS MODEL MISSING,-1,-1,0,-1
2024320603271,2024,320603271,2,21,0,4,4,6,2,0,0,0,0,0,0,0,2,1,1,1,1,66,10,10837,2,2,DAF TRUCKS MODEL MISSING,-1,-1,0,-1
2024041399474,2024,041399474,2,21,0,-1,2,5,1,-1,0,0,0,0,0,0,2,1,-1,1,1,66,10,4500,2,7,DAF TRUCKS MODEL MISSING,7,E01025131,0,2
2024430374498,2024,430374498,1,20,4,18,19,7,3,0,0,0,4,0,0,0,3,1,6,6,2,53,8,4461,2,13,DAF TRUCKS MODEL MISSING,5,E01019605,0,5
2024430355199,2024,430355199,1,21,2,18,19,4,8,0,0,1,1,0,0,0,1,1,2,2,1,36,7,10800,2,10,DAF TRUCKS MODEL MISSING,-1,-1,0,-1
2024451418440,2024,451418440,1,21,0,-1,19,3,7,-1,0,0,0,0,0,0,2,1,-1,1,1,44,7,12902,2,8,DAF TRUCKS MODEL MISSING,1,E01009844,0,5
2024010519945,2024,010519945,1,21,0,4,4,7,3,0,0,0,0,0,0,0,1,1,1,1,1,28,6,6700,2,3,DAF TRUCKS MODEL MISSING,2,E01017707,0,4
2024010517091,2024,010517091,1,21,4,5,5,5,1,0,0,0,0,0,0,0,4,1,1,1,1,65,9,10837,2,8,DAF TRUCKS MODEL MISSING,8,E01000679,0,3
2024361436804,2024,361436804,1,20,4,-1,-1,-1,-1,-1,-1,-1,-1,-1,-1,0,-1,9,-1,6,1,46,8,6700,2,8,DAF TRUCKS MODEL MISSING,6,E01030135,0,3
2024522403428,2024,522403428,2,20,0,13,13,1,4,0,0,5,0,0,0,0,4,1,1,1,1,-1,-1,6700,2,3,DAF TRUCKS MODEL MISSING,-1,-1,0,-1
2024340NN4442,2024,340NN4442,1,21,0,-1,19,3,7,-1,0,0,0,7,0,6,1,1,-1,1,1,52,8,12902,2,2,DAF TRUCKS MODEL MISSING,4,E01015734,0,4
2024440400917,2024,440400917,2,21,0,9,9,1,7,0,0,1,0,0,0,0,2,1,1,1,1,51,8,4460,2,0,DAF TRUCKS MODEL MISSING,6,E01023237,0,3
2024401477294,2024,401477294,1,21,9,-1,19,1,5,-1,0,0,0,0,0,0,1,9,-1,1,1,29,6,12902,2,7,DAF TRUCKS MODEL MISSING,7,E01023901,0,4
2024631484283,2024,631484283,1,21,4,-1,19,1,6,-1,0,0,0,0,1,9,1,1,-1,1,1,29,6,-1,-1,-1,DAF TRUCKS MODEL MISSING,7,W01000612,0,3
2024461469891,2024,461469891,2,21,1,-1,19,7,3,-1,0,0,0,0,0,0,2,1,-1,1,1,56,9,12902,2,2,DAF TRUCKS MODEL MISSING,3,E01021102,0,4
2024010520378,2024,010520378,2,19,4,7,7,7,1,0,0,8,0,4,0,0,3,1,1,1,1,53,8,6700,2,2,DAF TRUCKS MODEL MISSING,8,E01033514,0,4
2024061482388,2024,061482388,1,21,1,-1,5,5,1,-1,0,2,0,0,0,0,1,1,-1,1,1,50,8,12902,2,4,DAF TRUCKS MODEL MISSING,3,E01004939,0,4
2024031450716,2024,031450716,1,21,1,-1,19,1,5,-1,0,0,0,0,0,0,1,1,-1,1,1,59,9,12900,2,13,DAF TRUCKS MODEL MISSING,1,E01019113,0,2
2024131531854,2024,131531854,1,21,1,-1,4,3,7,-1,0,0,0,0,0,0,2,1,-1,1,1,57,9,12902,2,7,DAF TRUCKS MODEL MISSING,3,E01005726,0,4
2024461471695,2024,461471695,3,21,0,-1,19,3,7,-1,0,0,0,0,0,0,3,1,-1,1,1,26,6,6700,2,7,DAF TRUCKS MODEL MISSING,5,E01032829,0,1
2024131412474,2024,131412474,3,21,0,-1,4,6,6,-1,0,1,0,0,0,0,1,1,-1,1,1,57,9,12902,2,1,DAF TRUCKS MODEL MISSING,1,E01005667,0,4
2024201508563,2024,201508563,2,21,0,-1,19,4,8,-1,0,0,0,0,0,0,2,1,-1,6,1,53,8,12902,2,2,DAF TRUCKS MODEL MISSING,3,E01029357,0,4
2024320334472,2024,320334472,2,21,0,-1,-1,1,5,0,0,8,1,0,0,0,1,1,1,1,1,45,7,10837,2,5,DAF TRUCKS MODEL MISSING,5,E01028316,0,4
2024201519614,2024,201519614,2,21,0,-1,19,4,8,-1,0,0,0,0,0,0,1,1,-1,6,1,46,8,10837,2,9,DAF TRUCKS MODEL MISSING,-1,-1,0,-1
2024631462432,2024,631462432,1,21,1,-1,19,2,6,-1,0,1,5,0,1,10,4,1,-1,1,1,38,7,12902,2,5,DAF TRUCKS MODEL MISSING,8,W01000573,0,4
2024010546948,2024,010546948,2,20,9,99,99,9,9,99,99,9,9,99,9,99,9,9,6,6,3,-1,-1,6700,2,0,DAF TRUCKS MODEL MISSING,1,E01004861,0,5
2024010541893,2024,010541893,1,21,0,18,19,3,7,0,0,8,0,0,0,0,1,1,1,1,1,48,8,6700,2,5,DAF TRUCKS MODEL MISSING,3,E01019484,0,5
2024070175542,2024,070175542,4,20,0,3,3,3,7,0,0,0,0,0,0,0,2,1,1,1,1,61,9,4500,2,8,DAF TRUCKS MODEL MISSING,2,E01004860,0,4
2024451457698,2024,451457698,2,90,0,-1,19,6,2,-1,0,1,0,0,0,0,1,1,-1,1,1,42,7,-1,-1,-1,DAF TRUCKS MODEL MISSING,8,E01031620,0,4
2024010530344,2024,010530344,1,20,0,7,7,3,5,0,0,1,0,0,0,0,3,1,1,1,1,50,8,6700,2,1,DAF TRUCKS MODEL MISSING,8,E01028821,0,5
2024211505393,2024,211505393,1,21,1,-1,12,5,1,-1,0,0,0,0,1,0,4,1,-1,1,1,50,8,12902,2,5,DAF TRUCKS MODEL MISSING,8,E01028116,0,4
2024531438811,2024,531438811,1,21,0,-1,5,4,8,-1,0,8,0,0,0,0,1,1,-1,6,3,-1,-1,-1,-1,-1,DAF TRUCKS MODEL MISSING,-1,-1,0,-1
202417S208424,2024,17S208424,2,21,1,-1,19,6,2,-1,0,0,0,0,0,0,4,1,-1,1,1,53,8,12902,2,1,DAF TRUCKS MODEL MISSING,-1,-1,0,-1
2024031401028,2024,031401028,1,21,1,-1,19,8,5,-1,0,0,1,0,1,4,1,9,-1,1,1,60,9,12902,2,1,DAF TRUCKS MODEL MISSING,-1,-1,0,-1
2024351539677,2024,351539677,1,21,1,-1,19,1,5,-1,0,0,5,0,0,0,4,1,-1,1,2,38,7,12902,2,8,DAF TRUCKS MODEL MISSING,5,E01005777,0,5
2024622400827,2024,622400827,1,20,0,18,19,8,4,0,0,0,0,0,0,0,1,1,1,1,1,63,9,9186,2,11,DAF TRUCKS MODEL MISSING,4,W01001991,0,4
2024421504988,2024,421504988,1,21,0,-1,-1,-1,-1,-1,-1,-1,-1,-1,-1,0,-1,9,-1,6,1,60,9,4460,2,1,DAF TRUCKS MODEL MISSING,10,E01023802,0,4
2024311454264,2024,311454264,6,21,1,-1,19,6,2,-1,0,0,0,0,0,0,2,1,-1,1,1,39,7,10837,2,5,DAF TRUCKS MODEL MISSING,-1,-1,0,-1
2024161515892,2024,161515892,2,21,1,-1,4,1,5,-1,0,0,0,0,0,0,2,1,-1,1,1,62,9,12902,2,8,DAF TRUCKS MODEL MISSING,5,E01027798,0,4
2024061440440,2024,061440440,1,19,0,-1,19,1,5,-1,0,5,0,0,0,0,1,1,-1,1,1,53,8,4500,2,3,DAF TRUCKS MODEL MISSING,1,E01006207,0,2
2024010498533,2024,010498533,2,21,1,18,19,1,5,0,0,2,1,0,0,0,2,1,1,1,1,27,6,10837,2,3,DAF TRUCKS MODEL MISSING,-1,-1,0,-1
2024991412926,2024,991412926,2,21,1,-1,2,0,0,-1,0,0,0,0,0,0,1,1,-1,1,1,54,8,10837,2,8,DAF TRUCKS MODEL MISSING,9,-1,0,3
2024061412980,2024,061412980,2,19,0,-1,19,3,7,-1,0,1,0,0,0,0,1,1,-1,1,1,51,8,-1,-1,-1,DAF TRUCKS MODEL MISSING,1,E01005340,0,1
2024421468132,2024,421468132,2,21,1,-1,19,1,5,-1,0,0,0,0,0,0,2,1,-1,1,1,41,7,12902,2,5,DAF TRUCKS MODEL MISSING,3,E01005718,0,5
2024991489334,2024,991489334,1,21,1,-1,11,2,6,-1,0,0,0,0,0,0,4,1,-1,1,1,59,9,12902,2,7,DAF TRUCKS MODEL MISSING,-1,-1,0,-1
2024010531253,2024,010531253,2,21,0,4,4,3,7,0,0,2,0,0,0,0,1,1,1,1,1,47,8,10837,2,9,DAF TRUCKS MODEL MISSING,4,E01002444,0,4
2024411471536,2024,411471536,2,21,4,-1,19,6,8,-1,0,8,1,0,0,0,2,1,-1,1,1,53,8,4500,2,7,DAF TRUCKS MODEL MISSING,4,E01030746,0,4
2024111437911,2024,111437911,2,21,0,-1,14,5,1,-1,0,0,0,0,0,0,2,1,-1,1,1,32,6,6700,2,9,DAF TRUCKS MODEL MISSING,9,E01020613,0,1
2024010529402,2024,010529402,2,21,0,5,5,7,3,0,0,4,0,0,0,0,1,1,1,1,1,37,7,4500,2,2,DAF TRUCKS MODEL MISSING,10,E01035123,0,5
2024531518294,2024,531518294,2,21,0,-1,3,5,1,-1,0,0,0,0,0,0,1,1,-1,6,-1,-1,-1,10837,2,8,DAF TRUCKS MODEL MISSING,-1,-1,0,-1
2024340NN1752,2024,340NN1752,2,21,0,-1,7,1,5,-1,0,5,0,0,0,0,2,1,-1,1,1,39,7,12900,2,16,DAF TRUCKS MODEL MISSING,3,E01027058,0,3
2024010550220,2024,010550220,2,20,0,5,5,5,1,0,0,2,0,0,0,0,4,1,1,1,1,43,7,10837,2,10,DAF TRUCKS MODEL MISSING,2,E01035586,0,3
2024351463459,2024,351463459,1,90,-1,-1,-1,-1,-1,-1,-1,0,-1,-1,-1,0,1,9,-1,1,1,57,9,-1,-1,-1,DAF TRUCKS MODEL MISSING,5,E01029956,0,4
2024401495883,2024,401495883,1,21,-1,-1,4,7,3,-1,0,0,0,0,0,0,1,1,-1,6,1,53,8,6700,2,3,DAF TRUCKS MODEL MISSING,2,E01010016,0,5
2024221420201,2024,221420201,1,20,0,-1,19,8,4,-1,0,0,0,0,0,0,4,9,-1,1,1,55,8,4500,2,7,DAF TRUCKS MODEL MISSING,2,E01013897,0,4
2024501420632,2024,501420632,2,21,0,-1,2,0,0,-1,0,1,0,0,0,0,1,1,-1,1,1,38,7,6690,2,1,DAF TRUCKS MODEL MISSING,4,E01014786,0,4
2024411427869,2024,411427869,1,19,1,-1,19,8,4,-1,0,1,0,0,0,0,1,1,-1,1,1,53,8,4500,2,7,DAF TRUCKS MODEL MISSING,3,E01000578,0,4
2024461409593,2024,461409593,1,20,0,-1,7,3,5,-1,0,1,0,0,0,0,4,1,-1,1,1,50,8,4500,2,8,DAF TRUCKS MODEL MISSING,4,E01016157,0,4
2024520402174,2024,520402174,3,21,0,18,19,7,3,0,0,0,0,0,0,0,1,1,6,6,1,43,7,4500,2,1,DAF TRUCKS MODEL MISSING,1,W01001609,0,4
2024031495797,2024,031495797,2,21,1,-1,19,2,6,-1,0,0,0,0,7,0,1,1,-1,1,1,57,9,12902,2,1,DAF TRUCKS MODEL MISSING,6,E01019316,0,4
2024071046142,2024,071046142,2,21,-1,-1,19,1,5,-1,0,3,0,0,0,0,4,1,-1,1,1,54,8,12902,2,6,DAF TRUCKS MODEL MISSING,5,E01024528,0,5
2024010551599,2024,010551599,1,21,0,18,19,3,7,0,0,4,0,0,0,0,1,1,1,1,1,56,9,4500,2,5,DAF TRUCKS MODEL MISSING,2,E01004248,0,3
2024231405502,2024,231405502,2,21,1,-1,19,6,2,-1,0,0,0,0,0,0,4,9,-1,1,1,36,7,6700,2,9,DAF TRUCKS MODEL MISSING,5,E01013784,0,4
2024440514318,2024,440514318,2,20,0,18,19,6,2,0,0,0,0,0,0,0,3,1,1,1,1,37,7,4500,2,2,DAF TRUCKS MODEL MISSING,8,E01022492,0,1
2024481442502,2024,481442502,1,19,0,-1,7,5,7,-1,0,8,0,0,0,0,1,1,-1,1,1,27,6,6700,2,3,DAF TRUCKS MODEL MISSING,-1,-1,0,-1
2024421504472,2024,421504472,3,21,1,-1,2,6,6,-1,-1,0,0,0,0,0,0,1,-1,1,1,39,7,4500,2,8,DAF TRUCKS MODEL MISSING,3,E01021289,0,3
2024622400844,2024,622400844,1,20,0,18,19,8,4,0,0,0,0,0,0,0,1,1,2,2,1,65,9,10837,2,5,DAF TRUCKS MODEL MISSING,4,E01014746,0,4
2024231492055,2024,231492055,2,21,1,-1,19,8,4,-1,0,8,1,0,0,0,1,1,-1,1,1,27,6,10837,2,5,DAF TRUCKS MODEL MISSING,6,E01032462,0,4
2024531466813,2024,531466813,3,21,1,-1,4,5,1,-1,0,0,0,0,0,0,0,1,-1,1,1,43,7,10837,2,8,DAF TRUCKS MODEL MISSING,5,W01000496,0,5
2024010506422,2024,010506422,1,21,0,6,6,7,7,0,0,0,0,0,0,0,0,1,1,1,1,53,8,-1,-1,-1,DAF TRUCKS MODEL MISSING,1,E01001429,0,3
2024010497853,2024,010497853,2,98,9,99,99,9,9,99,99,9,9,99,9,99,9,9,6,6,1,53,8,4500,2,9,DAF TRUCKS MODEL MISSING,10,E01030430,0,4
2024411449233,2024,411449233,2,21,0,-1,11,7,8,-1,0,0,0,0,0,0,3,1,-1,1,1,55,8,6700,2,9,DAF TRUCKS MODEL MISSING,5,E01019439,0,5
2024231531721,2024,231531721,3,21,1,-1,4,2,6,-1,0,0,0,0,0,0,2,1,-1,1,1,61,9,12902,2,1,DAF TRUCKS MODEL MISSING,4,E01029820,0,3
2024010501121,2024,010501121,3,19,4,3,3,6,2,0,0,1,0,0,0,0,1,1,1,1,1,32,6,6700,2,10,DAF TRUCKS MODEL MISSING,3,E01016011,0,3
2024311475024,2024,311475024,1,19,0,-1,19,1,5,-1,0,0,0,11,1,4,1,1,-1,9,1,47,8,4462,2,11,DAF TRUCKS MODEL MISSING,2,E01013893,0,3
2024531514399,2024,531514399,2,19,0,-1,19,1,5,-1,0,1,0,0,6,4,1,1,-1,1,1,45,7,4500,2,5,DAF TRUCKS MODEL MISSING,6,E01015553,0,4
2024010511508,2024,010511508,2,21,0,99,99,9,9,99,99,9,9,99,9,99,9,9,6,6,1,55,8,6700,2,1,DAF TRUCKS MODEL MISSING,3,E01001113,0,3
2024141425613,2024,141425613,1,21,4,-1,11,5,1,-1,0,0,0,0,0,0,1,1,-1,1,1,52,8,12902,2,2,DAF TRUCKS MODEL MISSING,5,E01019573,0,4
2024070396682,2024,070396682,1,21,1,11,11,3,6,0,0,0,0,0,0,0,4,1,1,1,1,-1,-1,12902,2,4,DAF TRUCKS MODEL MISSING,-1,-1,0,-1
2024070184355,2024,070184355,1,21,4,18,19,5,1,0,0,0,0,0,0,0,1,1,1,1,1,55,8,12902,2,1,DAF TRUCKS MODEL MISSING,-1,-1,0,-1
2024421506456,2024,421506456,1,21,0,-1,-1,-1,-1,-1,-1,0,-1,-1,-1,0,-1,9,-1,1,1,37,7,10837,2,3,DAF TRUCKS MODEL MISSING,7,E01002301,0,4
2024320218403,2024,320218403,1,21,1,-1,-1,8,4,0,0,0,5,0,1,0,4,1,6,6,1,57,9,10837,2,6,DAF TRUCKS MODEL MISSING,5,E01011108,0,5
2024061531965,2024,061531965,3,21,0,-1,2,0,0,-1,0,0,0,0,0,0,0,1,-1,6,-1,-1,-1,12900,2,13,DAF TRUCKS MODEL MISSING,-1,-1,0,-1
2024371493567,2024,371493567,1,21,1,-1,19,8,4,-1,0,8,0,0,0,0,1,1,-1,1,1,58,9,10837,2,5,DAF TRUCKS MODEL MISSING,2,E01030017,0,4
2024041420737,2024,041420737,2,21,0,-1,19,8,4,-1,0,1,0,0,1,1,1,1,-1,1,1,41,7,4500,2,3,DAF TRUCKS MODEL MISSING,6,E01012747,0,2
2024451409532,2024,451409532,2,21,0,-1,99,1,6,-1,0,3,0,0,0,0,9,1,-1,6,1,44,7,6700,2,4,DAF TRUCKS MODEL MISSING,4,E01001501,0,4
2024440271291,2024,440271291,1,21,0,18,19,4,8,0,0,1,0,0,0,0,1,1,1,1,1,59,9,6692,2,14,DAF TRUCKS MODEL MISSING,7,E01022979,0,2
2024991475509,2024,991475509,1,21,0,-1,19,8,4,-1,0,0,0,0,0,0,1,1,-1,1,1,60,9,10837,2,4,DAF TRUCKS MODEL MISSING,3,-1,0,3
2024101507714,2024,101507714,2,21,1,-1,2,0,0,-1,-1,0,0,0,0,0,3,1,-1,1,1,61,9,12902,2,7,DAF TRUCKS MODEL MISSING,-1,-1,0,-1
2024161401833,2024,161401833,1,20,0,-1,19,1,5,-1,0,0,5,0,7,0,3,1,-1,1,1,60,9,-1,-1,-1,DAF TRUCKS MODEL MISSING,4,E01012830,0,4
2024131501169,2024,131501169,1,21,0,-1,9,3,2,-1,0,6,0,0,0,0,3,1,-1,1,1,67,10,4500,2,3,DAF TRUCKS MODEL MISSING,1,E01010618,0,2
2024122400401,2024,122400401,1,21,1,13,13,4,8,0,0,0,0,0,7,0,0,1,1,1,1,51,8,12902,2,8,DAF TRUCKS MODEL MISSING,5,E01034971,0,3
2024371447040,2024,371447040,1,21,0,-1,4,-1,-1,-1,0,4,0,0,0,0,1,1,-1,6,1,-1,-1,-1,-1,-1,DAF TRUCKS MODEL MISSING,-1,-1,0,-1
2024302400266,2024,302400266,2,21,0,17,19,4,8,0,0,0,0,0,0,0,3,1,1,1,1,51,8,10837,2,7,DAF TRUCKS MODEL MISSING,1,E01005981,0,4
2024221486378,2024,221486378,1,21,4,-1,1,4,8,-1,0,5,0,0,0,0,3,1,-1,1,1,60,9,6690,2,0,DAF TRUCKS MODEL MISSING,3,E01009867,0,4
2024201421319,2024,201421319,2,19,0,-1,19,8,4,-1,0,8,0,0,0,0,1,9,-1,6,1,40,7,-1,-1,-1,DAF TRUCKS MODEL MISSING,-1,-1,0,-1
2024052400456,2024,052400456,1,21,1,11,11,7,3,0,0,0,0,0,0,0,4,1,1,1,1,46,8,12902,2,3,DAF TRUCKS MODEL MISSING,1,W01000810,0,5
2024991398700,2024,991398700,2,21,0,-1,2,0,0,-1,0,0,0,0,0,0,2,1,-1,1,1,48,8,4500,2,5,DAF TRUCKS MODEL MISSING,3,-1,0,3
2024991516543,2024,991516543,1,21,0,-1,19,5,1,-1,0,0,0,0,0,0,1,1,-1,1,1,61,9,10837,2,1,DAF TRUCKS MODEL MISSING,-1,-1,0,-1
2024991487123,2024,991487123,1,21,0,-1,4,1,3,-1,0,1,0,0,0,0,1,1,-1,1,1,35,6,10837,2,9,DAF TRUCKS MODEL MISSING,7,-1,0,1
2024010535830,2024,010535830,1,19,0,17,19,1,5,0,0,0,0,0,0,0,3,1,6,6,1,55,8,6700,2,1,DAF TRUCKS MODEL MISSING,3,E01001113,0,2
2024201438335,2024,201438335,2,20,0,-1,1,7,6,-1,0,5,0,0,0,0,2,9,-1,6,1,44,7,10837,2,4,DAF TRUCKS MODEL MISSING,8,E01027064,0,4
2024520403055,2024,520403055,1,21,0,18,19,4,1,0,0,4,0,0,0,0,1,1,6,6,2,28,6,6700,2,2,DAF TRUCKS MODEL MISSING,2,E01029239,0,2
2024991474311,2024,991474311,2,20,0,-1,19,8,4,-1,0,8,0,0,0,0,3,1,-1,1,1,50,8,4500,2,6,DAF TRUCKS MODEL MISSING,-1,-1,0,-1
2024471526231,2024,471526231,4,21,0,-1,3,8,4,-1,0,8,0,0,0,0,1,1,-1,6,1,38,7,6700,2,3,DAF TRUCKS MODEL MISSING,10,E01031737,0,4
2024991503506,2024,991503506,1,21,0,-1,11,4,8,-1,0,0,0,0,0,0,2,1,-1,1,1,23,5,6700,2,3,DAF TRUCKS MODEL MISSING,1,-1,0,2
2024461519586,2024,461519586,2,21,1,-1,19,7,3,-1,0,0,0,0,0,0,1,9,-1,1,1,31,6,10837,2,1,DAF TRUCKS MODEL MISSING,7,E01016089,0,3
2024231485267,2024,231485267,2,21,1,-1,19,2,6,-1,0,0,0,0,0,0,3,1,-1,1,1,31,6,12902,2,6,DAF TRUCKS MODEL MISSING,9,E01019632,0,4
2024211428577,2024,211428577,2,19,0,-1,19,4,8,-1,0,1,0,0,0,0,1,9,-1,6,1,41,7,-1,-1,-1,DAF TRUCKS MODEL MISSING,1,E01009307,0,3
2024340WN1502,2024,340WN1502,2,21,0,-1,5,5,1,-1,0,4,0,0,0,0,4,1,-1,1,1,54,8,12902,2,6,DAF TRUCKS MODEL MISSING,7,E01025029,0,5
2024411457461,2024,411457461,2,21,0,-1,19,7,3,-1,0,0,0,0,0,0,1,1,-1,1,1,45,7,6700,2,9,DAF TRUCKS MODEL MISSING,9,E01023470,0,2
2024122400591,2024,122400591,1,21,0,18,19,8,4,0,0,8,0,0,0,0,4,1,1,1,1,61,9,12902,2,7,DAF TRUCKS MODEL MISSING,2,E01026328,0,5
2024471505158,2024,471505158,1,90,0,-1,9,1,7,-1,0,8,0,0,0,0,1,2,-1,1,1,24,5,6690,2,0,DAF TRUCKS MODEL MISSING,5,E01034299,0,3
2024010501402,2024,010501402,1,19,4,18,19,6,2,0,0,1,0,0,0,0,1,1,1,1,1,32,6,6700,2,1,DAF TRUCKS MODEL MISSING,7,E01003476,0,4
2024991472943,2024,991472943,1,21,0,-1,19,5,1,-1,0,0,2,0,7,4,1,1,-1,1,1,64,9,10837,2,3,DAF TRUCKS MODEL MISSING,1,-1,0,4
2024461475431,2024,461475431,1,20,0,-1,1,3,7,-1,9,0,0,0,0,0,1,1,-1,1,1,35,6,6700,2,2,DAF TRUCKS MODEL MISSING,3,E01024535,0,4
2024461532379,2024,461532379,2,20,0,-1,19,5,1,-1,0,8,0,0,0,0,1,1,-1,1,1,60,9,4500,2,6,DAF TRUCKS MODEL MISSING,7,E01024734,0,4
2024302401260,2024,302401260,2,20,1,11,11,2,1,0,0,8,0,0,0,0,1,1,6,6,3,-1,-1,-1,-1,-1,DAF TRUCKS MODEL MISSING,5,E01019456,0,3
2024520403006,2024,520403006,1,90,4,18,19,6,2,0,0,0,0,0,1,11,1,1,6,6,1,60,9,-1,-1,-1,DAF TRUCKS MODEL MISSING,2,E01029307,0,4
2024141479094,2024,141479094,1,98,0,-1,9,4,8,-1,0,0,0,0,0,0,1,1,-1,1,1,62,9,4460,2,1,DAF TRUCKS MODEL MISSING,6,E01007609,0,3
2024302400056,2024,302400056,2,21,1,3,3,1,5,0,0,0,0,0,0,0,2,1,1,1,1,65,9,12902,2,6,DAF TRUCKS MODEL MISSING,3,E01007676,0,4
2024351452552,2024,351452552,2,21,1,-1,2,0,0,-1,-1,0,0,0,0,0,2,1,-1,6,1,32,6,12902,2,1,DAF TRUCKS MODEL MISSING,4,E01026743,0,4
2024320081001,2024,320081001,2,21,1,-1,-1,7,3,0,0,0,0,0,0,0,3,1,1,1,1,43,7,12902,2,3,DAF TRUCKS MODEL MISSING,9,E01034698,0,1