collision_index,collision_year,collision_ref_no,vehicle_reference,vehicle_type,towing_and_articulation,vehicle_manoeuvre_historic,vehicle_manoeuvre,vehicle_direction_from,vehicle_direction_to,vehicle_location_restricted_lane_historic,vehicle_location_restricted_lane,junction_location,skidding_and_overturning,hit_object_in_carriageway,vehicle_leaving_carriageway,hit_object_off_carriageway,first_point_of_impact,vehicle_left_hand_drive,journey_purpose_of_driver_historic,journey_purpose_of_driver,sex_of_driver,age_of_driver,age_band_of_driver,engine_capacity_cc,propulsion_code,age_of_vehicle,generic_make_model,driver_imd_decile,lsoa_of_driver,escooter_flag,driver_distance_banding
2024061469542,2024,061469542,1,21,1,-1,10,2,6,-1,0,2,0,0,0,0,1,1,-1,1,1,56,9,12902,2,6,DAF TRUCKS MODEL MISSING,2,E01012573,0,4
2024041487549,2024,041487549,1,21,0,-1,19,2,6,-1,0,0,0,0,0,0,1,1,-1,1,1,59,9,6700,2,9,DAF TRUCKS MODEL MISSING,1,E01012649,0,2
2024041397250,2024,041397250,2,19,0,-1,1,1,3,-1,0,0,0,0,0,0,1,1,-1,1,1,51,8,-1,-1,-1,DAF TRUCKS MODEL MISSING,7,E01024984,0,3
2024340NN2502,2024,340NN2502,1,20,0,-1,9,5,4,-1,0,6,0,0,1,0,3,1,-1,1,1,51,8,10837,2,4,DAF TRUCKS MODEL MISSING,8,E01018152,0,4
2024411404876,2024,411404876,2,19,0,-1,19,4,8,-1,0,0,0,0,0,0,1,9,-1,1,2,51,8,4500,2,8,DAF TRUCKS MODEL MISSING,7,E01017435,0,4
2024501532387,2024,501532387,1,21,0,-1,1,4,1,-1,0,0,0,0,0,0,2,1,-1,1,1,39,7,6700,2,6,DAF TRUCKS MODEL MISSING,5,E01020195,0,4
2024461438974,2024,461438974,3,90,0,-1,19,6,2,-1,0,0,1,10,1,9,3,2,-1,1,1,51,8,6700,2,2,DAF TRUCKS MODEL MISSING,10,E01024233,0,4
2024031466391,2024,031466391,1,21,0,-1,19,7,3,-1,0,8,0,0,0,0,1,1,-1,1,1,68,10,4462,2,11,DAF TRUCKS MODEL MISSING,8,E01027644,0,4
2024522402120,2024,522402120,2,21,9,18,19,6,2,0,0,8,0,0,0,0,1,1,1,1,3,-1,-1,12902,2,6,DAF TRUCKS MODEL MISSING,-1,-1,0,-1
2024221502571,2024,221502571,2,21,0,-1,19,8,4,-1,0,8,1,0,7,0,4,1,-1,1,1,47,8,6700,2,1,DAF TRUCKS MODEL MISSING,2,E01009890,0,4
2024221415807,2024,221415807,1,20,0,-1,19,2,6,-1,0,0,0,0,0,0,1,9,-1,1,1,61,9,4461,2,12,DAF TRUCKS MODEL MISSING,7,E01028884,0,1
2024221452561,2024,221452561,2,20,0,-1,19,1,5,-1,0,0,0,0,0,0,4,1,-1,1,1,55,8,4500,2,4,DAF TRUCKS MODEL MISSING,5,E01029367,0,4
2024320716931,2024,320716931,2,21,0,-1,-1,8,4,0,0,0,1,0,7,0,1,1,1,1,2,51,8,12902,2,0,DAF TRUCKS MODEL MISSING,4,E01026278,0,4
2024361403677,2024,361403677,2,21,1,-1,19,5,1,-1,0,0,0,0,1,0,1,1,-1,1,1,39,7,12902,2,3,DAF TRUCKS MODEL MISSING,1,E01015658,0,4
2024451430413,2024,451430413,2,21,1,-1,5,7,3,-1,0,0,0,0,0,0,1,1,-1,1,1,40,7,10837,2,7,DAF TRUCKS MODEL MISSING,-1,-1,0,-1
2024302401247,2024,302401247,1,21,0,17,19,1,5,0,0,0,5,0,0,0,3,1,2,2,1,30,6,12902,2,6,DAF TRUCKS MODEL MISSING,1,E01009360,0,4
2024231464840,2024,231464840,2,21,1,-1,19,4,8,-1,0,0,0,1,0,0,1,1,-1,1,1,66,10,12902,2,2,DAF TRUCKS MODEL MISSING,2,E01006175,0,5
2024131416487,2024,131416487,1,21,0,-1,-1,-1,-1,-1,-1,0,-1,-1,-1,-1,-1,1,-1,6,3,-1,-1,6700,2,2,DAF TRUCKS MODEL MISSING,-1,-1,0,-1
2024041415095,2024,041415095,1,21,0,-1,19,1,5,-1,0,0,0,0,0,0,1,1,-1,1,1,40,7,12902,2,5,DAF TRUCKS MODEL MISSING,3,E01007346,0,4
2024031487436,2024,031487436,2,21,0,-1,3,1,5,-1,0,0,0,0,0,0,2,1,-1,1,1,32,6,12902,2,11,DAF TRUCKS MODEL MISSING,-1,-1,0,-1
2024340WN9112,2024,340WN9112,1,90,0,-1,19,3,7,-1,0,0,0,0,0,0,4,1,-1,1,1,46,8,10837,2,3,DAF TRUCKS MODEL MISSING,5,E01025653,0,4
2024031511072,2024,031511072,2,21,0,-1,19,3,7,-1,0,0,0,0,0,0,1,1,-1,1,1,50,8,12902,2,3,DAF TRUCKS MODEL MISSING,1,E01019097,0,4
2024141474285,2024,141474285,2,21,0,-1,13,5,1,-1,0,0,0,0,0,0,1,9,-1,6,1,-1,-1,12902,2,6,DAF TRUCKS MODEL MISSING,1,E01007338,0,2
2024141512659,2024,141512659,2,90,0,-1,19,1,6,-1,0,0,0,0,0,0,4,9,-1,2,1,40,7,6700,2,2,DAF TRUCKS MODEL MISSING,1,E01008017,0,1
2024631415914,2024,631415914,3,21,4,-1,19,6,2,-1,0,1,1,0,0,0,1,1,-1,1,1,23,5,6692,2,13,DAF TRUCKS MODEL MISSING,2,W01001480,0,4
2024010510949,2024,010510949,2,21,9,18,19,1,5,0,0,0,9,0,0,0,1,9,6,6,3,-1,-1,4460,2,0,DAF TRUCKS MODEL MISSING,2,E01016018,0,4
2024361402420,2024,361402420,3,21,1,-1,19,5,2,-1,0,0,0,0,0,0,0,2,-1,1,1,50,8,12902,2,1,DAF TRUCKS MODEL MISSING,4,E01030133,0,4
2024221442063,2024,221442063,3,21,1,-1,19,6,2,-1,0,0,1,0,0,0,3,1,-1,1,1,48,8,12902,2,6,DAF TRUCKS MODEL MISSING,7,W01001432,0,4
2024070343970,2024,070343970,2,21,0,18,19,3,4,0,0,3,0,0,0,0,4,1,1,1,1,46,8,10837,2,5,DAF TRUCKS MODEL MISSING,-1,-1,0,-1
2024221478659,2024,221478659,2,21,1,-1,19,4,8,-1,0,8,0,0,0,0,1,1,-1,1,1,61,9,12902,2,3,DAF TRUCKS MODEL MISSING,7,E01028862,0,4
2024430387497,2024,430387497,3,20,0,3,3,1,5,0,0,0,0,0,0,0,2,1,1,1,1,42,7,10837,2,4,DAF TRUCKS MODEL MISSING,9,E01028481,0,2
2024070435389,2024,070435389,1,21,1,17,19,3,1,0,0,0,2,0,1,10,1,1,1,1,1,60,9,10837,2,5,DAF TRUCKS MODEL MISSING,3,E01005618,0,4
2024552400969,2024,552400969,2,21,0,3,3,6,2,0,0,4,0,0,0,0,1,1,1,1,1,39,7,10837,2,5,DAF TRUCKS MODEL MISSING,4,E01015179,0,5
2024141405677,2024,141405677,1,21,1,-1,19,1,5,-1,0,0,0,0,0,0,1,1,-1,1,1,45,7,10837,2,1,DAF TRUCKS MODEL MISSING,8,E01013073,0,4
2024361442956,2024,361442956,1,21,0,-1,20,0,0,-1,0,1,0,0,0,0,1,2,-1,1,1,55,8,4460,2,0,DAF TRUCKS MODEL MISSING,8,E01026531,0,1
2024622400393,2024,622400393,2,21,4,2,2,0,0,0,0,7,0,0,0,0,2,1,1,1,1,70,10,12902,2,7,DAF TRUCKS MODEL MISSING,7,W01000813,0,4
2024061394898,2024,061394898,1,21,1,-1,7,2,6,-1,0,0,0,0,0,0,1,1,-1,1,1,38,7,12902,2,2,DAF TRUCKS MODEL MISSING,8,W01000395,0,4
2024231531127,2024,231531127,2,21,1,-1,3,6,2,-1,0,1,0,0,0,0,1,1,-1,1,1,67,10,12902,2,7,DAF TRUCKS MODEL MISSING,3,E01031059,0,4
2024211481639,2024,211481639,2,21,0,-1,7,3,6,-1,0,1,0,0,1,0,4,1,-1,1,1,50,8,10837,2,2,DAF TRUCKS MODEL MISSING,-1,-1,0,-1
2024231496214,2024,231496214,1,20,0,-1,11,5,1,-1,0,8,0,0,0,0,1,1,-1,6,1,46,8,10837,2,0,DAF TRUCKS MODEL MISSING,2,E01026957,0,4
2024010541347,2024,010541347,1,21,0,18,19,1,5,0,0,8,0,0,0,0,1,1,1,1,1,49,8,12902,2,3,DAF TRUCKS MODEL MISSING,7,E01035029,0,5
2024332400710,2024,332400710,1,21,0,-1,11,4,8,-1,0,1,0,0,0,0,1,1,-1,1,1,45,7,10837,2,7,DAF TRUCKS MODEL MISSING,3,E01027082,0,4
2024320642767,2024,320642767,1,21,0,1,1,1,5,0,0,5,0,0,0,0,3,1,1,1,1,40,7,10837,2,3,DAF TRUCKS MODEL MISSING,-1,-1,0,-1
2024631507688,2024,631507688,1,21,4,-1,1,6,4,-1,0,8,0,0,0,0,0,1,-1,9,1,61,9,6700,2,6,DAF TRUCKS MODEL MISSING,9,W01000441,0,4
2024351533944,2024,351533944,1,98,0,-1,99,6,2,-1,0,0,0,0,0,0,1,1,-1,1,1,64,9,4500,2,2,DAF TRUCKS MODEL MISSING,8,E01029925,0,3
2024320662195,2024,320662195,1,21,0,1,1,4,8,0,0,0,0,0,0,0,2,1,6,6,1,24,5,6700,2,6,DAF TRUCKS MODEL MISSING,-1,-1,0,-1
2024631495540,2024,631495540,2,21,1,-1,2,0,0,-1,0,0,0,0,1,10,0,1,-1,6,-1,-1,-1,12902,2,9,DAF TRUCKS MODEL MISSING,-1,-1,0,-1
2024211530553,2024,211530553,2,21,0,-1,5,1,5,-1,0,8,0,0,0,0,4,1,-1,1,1,22,5,-1,-1,-1,DAF TRUCKS MODEL MISSING,2,E01014230,0,1
2024631432474,2024,631432474,1,21,0,-1,19,8,4,-1,0,1,1,0,0,0,1,1,-1,1,1,52,8,4462,2,11,DAF TRUCKS MODEL MISSING,4,W01000947,0,4
2024361397722,2024,361397722,1,21,1,-1,19,7,3,-1,0,0,0,11,0,0,4,1,-1,6,1,63,9,10837,2,5,DAF TRUCKS MODEL MISSING,9,E01027052,0,5
2024231441135,2024,231441135,2,21,1,-1,19,4,8,-1,0,0,0,0,0,0,2,1,-1,1,1,41,7,12902,2,1,DAF TRUCKS MODEL MISSING,2,E01018463,0,5
2024122400461,2024,122400461,2,21,1,18,19,5,1,0,0,1,5,0,0,0,4,1,1,1,1,61,9,12902,2,1,DAF TRUCKS MODEL MISSING,3,E01007480,0,3
2024501522529,2024,501522529,2,20,0,-1,5,4,8,-1,0,0,0,0,0,0,2,1,-1,1,1,33,6,4500,2,7,DAF TRUCKS MODEL MISSING,6,E01020204,0,3
2024461395192,2024,461395192,4,21,0,-1,19,6,2,-1,0,0,0,0,0,0,3,1,-1,6,1,50,8,10837,2,7,DAF TRUCKS MODEL MISSING,-1,-1,0,-1
2024052402272,2024,052402272,1,21,0,3,3,3,7,0,0,2,0,0,0,0,1,1,1,1,1,60,9,12900,2,10,DAF TRUCKS MODEL MISSING,7,E01007065,0,2
2024231532701,2024,231532701,2,19,0,-1,2,0,0,-1,0,0,0,0,0,0,2,1,-1,1,1,63,9,-1,-1,-1,DAF TRUCKS MODEL MISSING,9,E01031329,0,3
2024211497006,2024,211497006,1,21,1,-1,19,1,5,-1,0,0,0,0,0,0,1,1,-1,1,1,27,6,10837,2,2,DAF TRUCKS MODEL MISSING,4,E01032473,0,3
2024340WN1092,2024,340WN1092,3,21,0,-1,19,6,2,-1,0,0,0,0,0,0,1,1,-1,1,1,53,8,12902,2,1,DAF TRUCKS MODEL MISSING,4,E01018179,0,4
2024201434641,2024,201434641,1,21,1,-1,19,7,3,-1,0,1,0,0,0,0,1,9,-1,1,2,40,7,12902,2,2,DAF TRUCKS MODEL MISSING,-1,-1,0,-1
2024010527861,2024,010527861,2,20,0,99,99,9,9,0,0,0,9,99,9,99,2,9,6,6,1,29,6,6700,2,2,DAF TRUCKS MODEL MISSING,9,E01028459,0,4
2024501470899,2024,501470899,1,21,0,-1,19,6,2,-1,0,0,0,0,0,0,3,1,-1,1,1,60,9,4462,2,11,DAF TRUCKS MODEL MISSING,7,E01019077,0,1
2024201467232,2024,201467232,1,20,0,-1,19,6,2,-1,0,6,0,0,0,0,1,1,-1,6,1,34,6,6700,2,1,DAF TRUCKS MODEL MISSING,2,E01010077,0,2
2024161484815,2024,161484815,2,21,0,-1,19,5,1,-1,0,0,1,0,0,0,1,1,-1,1,1,25,5,12902,2,1,DAF TRUCKS MODEL MISSING,-1,-1,0,-1
2024010546330,2024,010546330,2,21,9,18,19,5,1,0,0,1,0,0,0,0,9,1,6,6,3,-1,-1,6700,2,5,DAF TRUCKS MODEL MISSING,-1,-1,0,-1
2024031446071,2024,031446071,2,21,1,-1,19,2,6,-1,0,0,0,0,0,0,2,1,-1,1,1,-1,-1,10800,2,0,DAF TRUCKS MODEL MISSING,-1,-1,0,-1
2024221506957,2024,221506957,2,20,0,-1,19,4,1,-1,0,0,0,0,0,0,1,1,-1,1,1,36,7,4500,2,3,DAF TRUCKS MODEL MISSING,6,E01032372,0,4
2024070919419,2024,070919419,2,21,1,-1,19,8,4,-1,0,0,0,0,1,9,1,1,-1,1,1,57,9,10800,2,2,DAF TRUCKS MODEL MISSING,3,E01025398,0,4
2024522402815,2024,522402815,2,20,0,9,9,8,7,0,0,8,0,0,0,0,3,1,6,6,1,51,8,4500,2,2,DAF TRUCKS MODEL MISSING,5,E01014537,0,1
2024131474432,2024,131474432,1,19,0,-1,19,5,1,-1,0,0,0,0,0,0,2,2,-1,1,1,40,7,9186,2,10,DAF TRUCKS MODEL MISSING,1,E01010625,0,4
2024371485228,2024,371485228,1,21,1,-1,5,1,5,-1,0,0,0,0,0,0,3,1,-1,1,1,49,8,12902,2,6,DAF TRUCKS MODEL MISSING,7,E01010537,0,5
2024010511956,2024,010511956,1,21,0,11,11,3,7,0,0,3,0,0,0,0,4,1,1,1,1,36,7,10800,2,5,DAF TRUCKS MODEL MISSING,5,E01002119,0,4
2024010541325,2024,010541325,2,90,0,18,19,1,5,0,0,1,0,0,0,0,4,2,1,1,1,47,8,4500,2,4,DAF TRUCKS MODEL MISSING,7,E01000252,0,3
2024371436127,2024,371436127,2,21,1,-1,2,1,3,-1,0,0,0,0,0,0,2,1,-1,1,1,48,8,12902,2,5,DAF TRUCKS MODEL MISSING,5,E01024562,0,4
2024320438649,2024,320438649,2,20,0,-1,-1,1,5,0,0,1,0,0,0,0,1,1,1,1,1,54,8,9186,2,11,DAF TRUCKS MODEL MISSING,2,E01013823,0,4
2024401400257,2024,401400257,1,21,-1,-1,13,1,5,-1,0,0,0,0,0,0,4,9,-1,1,1,-1,-1,10837,2,9,DAF TRUCKS MODEL MISSING,-1,-1,0,-1
2024501485077,2024,501485077,1,21,0,-1,19,5,1,-1,0,1,0,11,0,0,1,1,-1,1,1,52,8,4500,2,2,DAF TRUCKS MODEL MISSING,8,E01034863,0,3
2024311537712,2024,311537712,1,21,1,-1,2,4,8,-1,0,0,0,0,0,0,0,1,-1,6,1,42,7,12902,2,2,DAF TRUCKS MODEL MISSING,3,W01000292,0,5
2024031503431,2024,031503431,2,21,1,-1,19,5,1,-1,0,0,0,0,0,0,1,1,-1,1,1,32,6,12902,2,5,DAF TRUCKS MODEL MISSING,3,-1,0,5
2024631499620,2024,631499620,1,21,4,-1,2,0,0,-1,0,0,0,0,0,0,1,1,-1,1,1,34,6,6692,2,14,DAF TRUCKS MODEL MISSING,8,E01028861,0,3
2024061456440,2024,061456440,2,21,0,-1,2,3,7,-1,0,1,0,0,0,0,0,1,-1,1,1,51,8,4500,2,4,DAF TRUCKS MODEL MISSING,3,E01005998,0,1
2024411460794,2024,411460794,2,21,0,-1,19,5,1,-1,0,0,0,0,0,0,2,1,-1,1,1,45,7,-1,-1,-1,DAF TRUCKS MODEL MISSING,4,E01023924,0,3
2024991400039,2024,991400039,2,19,0,-1,19,4,8,-1,0,0,0,0,1,0,1,1,-1,1,1,49,8,6700,2,4,DAF TRUCKS MODEL MISSING,6,-1,0,4
2024010534738,2024,010534738,2,20,0,99,99,9,9,99,99,0,9,99,9,99,9,9,6,6,3,-1,-1,6700,2,8,DAF TRUCKS MODEL MISSING,-1,-1,0,-1
2024070448444,2024,070448444,2,21,0,16,19,3,7,0,0,3,0,0,0,0,0,1,6,6,1,53,8,12902,2,2,DAF TRUCKS MODEL MISSING,6,E01011521,0,4
2024991431621,2024,991431621,2,21,0,-1,19,8,4,-1,0,0,0,0,0,0,4,1,-1,1,1,47,8,10837,2,8,DAF TRUCKS MODEL MISSING,3,-1,0,4
2024610039624,2024,610039624,2,21,1,9,9,4,2,0,0,3,0,0,0,0,2,1,6,6,1,46,8,10837,2,2,DAF TRUCKS MODEL MISSING,2,E01014828,0,4
2024501426403,2024,501426403,1,21,0,-1,19,7,1,-1,0,1,0,0,0,0,1,1,-1,1,1,59,9,12902,2,5,DAF TRUCKS MODEL MISSING,2,E01014636,0,5
2024061440513,2024,061440513,2,21,1,-1,9,3,8,-1,0,5,0,0,0,0,4,1,-1,1,1,45,7,12902,2,11,DAF TRUCKS MODEL MISSING,1,E01005731,0,3
2024351445042,2024,351445042,2,19,0,-1,9,8,6,-1,0,1,0,0,0,0,3,1,-1,1,1,59,9,4500,2,8,DAF TRUCKS MODEL MISSING,4,E01018077,0,3
2024010512009,2024,010512009,1,21,0,9,9,3,8,0,0,1,0,0,0,0,1,1,2,2,1,47,8,4460,2,0,DAF TRUCKS MODEL MISSING,6,E01023327,0,4
2024221477804,2024,221477804,1,21,1,-1,19,5,1,-1,0,0,0,0,0,0,1,1,-1,1,1,54,8,12902,2,6,DAF TRUCKS MODEL MISSING,10,W01001120,0,5
2024161435613,2024,161435613,2,21,1,-1,19,3,7,-1,0,0,0,0,0,0,3,1,-1,6,1,68,10,12902,2,3,DAF TRUCKS MODEL MISSING,1,W01001174,0,5
2024411465677,2024,411465677,3,21,0,-1,2,0,0,-1,0,0,0,0,0,0,0,1,-1,1,1,50,8,6700,2,2,DAF TRUCKS MODEL MISSING,8,E01023658,0,4
2024991432566,2024,991432566,1,21,0,-1,7,7,1,-1,0,8,0,0,0,0,4,1,-1,1,1,44,7,6700,2,3,DAF TRUCKS MODEL MISSING,2,-1,0,4
2024440272207,2024,440272207,2,21,0,3,3,8,4,0,0,0,0,0,0,0,2,1,1,1,1,52,8,10800,2,6,DAF TRUCKS MODEL MISSING,5,E01017353,0,3
2024471472960,2024,471472960,3,21,0,-1,2,0,0,-1,-1,0,0,0,0,0,2,1,-1,6,-1,-1,-1,12902,2,5,DAF TRUCKS MODEL MISSING,-1,-1,0,-1
2024221443347,2024,221443347,1,20,0,-1,1,3,7,-1,0,0,0,0,0,0,2,1,-1,1,1,51,8,6692,2,12,DAF TRUCKS MODEL MISSING,5,E01009888,0,2
2024552400457,2024,552400457,1,21,1,9,9,7,5,0,0,8,0,0,0,0,2,1,1,1,1,62,9,12902,2,1,DAF TRUCKS MODEL MISSING,5,-1,0,5
2024471461412,2024,471461412,2,20,0,-1,7,1,3,-1,0,5,0,0,1,0,4,2,-1,1,1,61,9,6700,2,2,DAF TRUCKS MODEL MISSING,10,E01030873,0,4
2024991399268,2024,991399268,2,21,1,-1,19,1,6,-1,0,0,0,0,0,0,3,1,-1,1,1,47,8,12902,2,3,DAF TRUCKS MODEL MISSING,2,E01014355,0,5
2024991396377,2024,991396377,1,21,1,-1,11,4,8,-1,0,0,0,0,0,0,4,1,-1,1,1,45,7,12902,2,2,DAF TRUCKS MODEL MISSING,4,E01011909,0,5
2024010518974,2024,010518974,1,20,0,7,7,3,6,0,0,6,0,0,0,0,0,1,2,2,1,39,7,6700,2,4,DAF TRUCKS MODEL MISSING,6,E01022700,0,5
2024522401679,2024,522401679,2,21,0,18,19,3,7,7,6,0,0,0,1,11,1,1,6,6,1,42,7,10837,2,10,DAF TRUCKS MODEL MISSING,1,W01001664,0,4
2024122401118,2024,122401118,1,21,0,3,3,3,7,0,0,1,0,0,0,0,1,1,6,6,3,-1,-1,12902,2,5,DAF TRUCKS MODEL MISSING,-1,-1,0,-1
2024320146281,2024,320146281,1,21,0,-1,-1,1,5,0,0,0,5,0,1,0,0,1,1,1,1,49,8,12902,2,1,DAF TRUCKS MODEL MISSING,2,E01009786,0,5
2024991493641,2024,991493641,2,21,1,-1,19,1,5,-1,0,1,0,0,0,0,1,1,-1,1,1,59,9,12902,2,2,DAF TRUCKS MODEL MISSING,6,-1,0,4
2024501402625,2024,501402625,1,21,0,-1,11,8,4,-1,0,0,0,0,0,0,4,9,-1,1,1,36,7,9186,2,11,DAF TRUCKS MODEL MISSING,3,E01015159,0,2
2024010550648,2024,010550648,2,21,9,99,99,9,9,0,0,9,9,99,9,99,9,9,6,6,3,-1,-1,12902,2,3,DAF TRUCKS MODEL MISSING,-1,-1,0,-1
2024211576036,2024,211576036,5,21,1,-1,19,3,7,-1,0,0,3,0,0,0,1,1,-1,1,1,36,7,12902,2,2,DAF TRUCKS MODEL MISSING,-1,-1,0,-1
2024131436787,2024,131436787,2,21,0,-1,2,0,0,-1,0,1,0,0,0,0,2,1,-1,6,-1,-1,-1,4500,2,4,DAF TRUCKS MODEL MISSING,-1,-1,0,-1
2024141509236,2024,141509236,3,21,0,-1,19,7,3,-1,0,2,0,0,0,0,3,1,-1,1,1,28,6,6700,2,1,DAF TRUCKS MODEL MISSING,5,E01011766,0,4
2024371417189,2024,371417189,1,21,0,-1,3,1,4,-1,0,8,0,0,0,0,1,1,-1,6,1,69,10,12900,2,1,DAF TRUCKS MODEL MISSING,8,E01018268,0,4
2024161423579,2024,161423579,2,21,0,-1,19,8,4,-1,0,0,0,0,0,0,1,9,-1,1,1,61,9,-1,-1,-1,DAF TRUCKS MODEL MISSING,-1,-1,0,-1
2024371471933,2024,371471933,1,21,0,-1,19,1,5,-1,0,1,0,0,0,0,1,1,-1,1,1,30,6,12902,2,5,DAF TRUCKS MODEL MISSING,4,E01021427,0,4
2024010502865,2024,010502865,1,20,0,9,9,4,1,0,0,8,0,0,0,0,4,1,1,1,1,52,8,-1,-1,-1,DAF TRUCKS MODEL MISSING,2,E01034176,0,1
2024430476618,2024,430476618,1,21,1,5,5,1,5,8,6,0,0,0,0,0,2,1,1,1,2,49,8,12902,2,7,DAF TRUCKS MODEL MISSING,-1,-1,0,-1
2024161462364,2024,161462364,2,21,0,-1,19,3,7,-1,0,1,0,0,0,0,3,1,-1,1,1,53,8,10837,2,2,DAF TRUCKS MODEL MISSING,6,E01012979,0,3
2024440393655,2024,440393655,1,21,0,18,19,8,2,0,0,2,0,0,0,0,3,1,1,1,1,38,7,10837,2,2,DAF TRUCKS MODEL MISSING,3,E01016454,0,4
2024991498284,2024,991498284,2,21,0,-1,19,7,3,-1,0,0,0,0,1,0,1,1,-1,1,1,28,6,10837,2,8,DAF TRUCKS MODEL MISSING,3,E01019236,0,3
2024221492269,2024,221492269,1,21,1,-1,5,4,8,-1,0,0,0,0,0,0,1,1,-1,1,1,32,6,10837,2,7,DAF TRUCKS MODEL MISSING,8,W01000481,0,4
2024302401709,2024,302401709,2,19,0,5,5,1,6,0,0,8,0,0,0,0,3,1,1,1,1,59,9,-1,-1,-1,DAF TRUCKS MODEL MISSING,9,E01029767,0,4
2024221397226,2024,221397226,2,21,1,-1,19,4,8,-1,0,0,0,0,0,0,3,1,-1,1,1,62,9,4500,2,4,DAF TRUCKS MODEL MISSING,5,E01014753,0,4
2024461519586,2024,461519586,5,21,1,-1,19,7,3,-1,0,0,0,0,0,0,1,9,-1,1,1,33,6,10837,2,4,DAF TRUCKS MODEL MISSING,7,E01035306,0,3
2024471410972,2024,471410972,2,21,0,-1,2,6,2,-1,0,2,0,0,0,0,2,9,-1,6,-1,-1,-1,6690,2,0,DAF TRUCKS MODEL MISSING,-1,-1,0,-1
2024141480160,2024,141480160,1,90,0,-1,4,3,7,-1,0,4,1,4,0,0,1,1,-1,1,1,36,7,-1,-1,-1,DAF TRUCKS MODEL MISSING,3,-1,0,5
2024141401762,2024,141401762,1,21,1,-1,19,8,4,-1,0,8,5,10,0,0,0,1,-1,1,1,52,8,10837,2,4,DAF TRUCKS MODEL MISSING,1,E01007729,0,4
2024302401229,2024,302401229,1,20,0,5,5,3,7,0,0,0,0,0,0,0,1,1,1,1,1,-1,-1,10837,2,6,DAF TRUCKS MODEL MISSING,-1,-1,0,-1
2024531463813,2024,531463813,1,19,0,-1,5,3,7,-1,0,1,0,0,0,0,1,1,-1,1,1,61,9,6700,2,10,DAF TRUCKS MODEL MISSING,9,E01022443,0,3
2024461411616,2024,461411616,3,21,1,-1,3,1,5,-1,0,0,0,0,0,0,2,1,-1,9,1,38,7,12902,2,7,DAF TRUCKS MODEL MISSING,2,E01024247,0,2
2024552400298,2024,552400298,3,21,0,18,19,4,8,0,0,0,0,0,0,0,3,1,1,1,1,48,8,6700,2,6,DAF TRUCKS MODEL MISSING,2,E01015305,0,1
2024141417864,2024,141417864,1,90,0,-1,11,5,1,-1,0,0,0,0,0,0,4,1,-1,1,1,46,8,-1,-1,-1,DAF TRUCKS MODEL MISSING,3,E01019818,0,4
2024361496732,2024,361496732,3,21,1,-1,19,3,7,-1,0,0,0,0,0,0,2,1,-1,1,1,38,7,6690,2,1,DAF TRUCKS MODEL MISSING,6,E01000332,0,5
2024461472242,2024,461472242,1,90,0,-1,19,8,4,-1,0,8,0,5,0,0,1,1,-1,9,1,58,9,-1,-1,-1,DAF TRUCKS MODEL MISSING,5,E01024198,0,3
2024520402161,2024,520402161,2,21,0,5,5,5,1,0,0,0,0,0,0,0,1,1,6,6,1,26,6,10837,2,1,DAF TRUCKS MODEL MISSING,5,E01029108,0,3
2024340NN9032,2024,340NN9032,2,21,0,-1,19,1,5,-1,0,0,0,0,0,0,1,1,-1,1,1,40,7,12902,2,2,DAF TRUCKS MODEL MISSING,9,E01033808,0,4
2024351484175,2024,351484175,2,21,0,-1,19,2,7,-1,0,6,0,0,0,0,2,1,-1,1,1,63,9,10837,2,3,DAF TRUCKS MODEL MISSING,8,E01018296,0,1
2024010512229,2024,010512229,2,21,0,18,19,1,5,0,0,8,0,0,0,0,1,1,1,1,1,47,8,6700,2,6,DAF TRUCKS MODEL MISSING,4,E01001373,0,2
2024351439750,2024,351439750,1,21,1,-1,12,3,7,-1,0,0,1,4,1,6,1,1,-1,1,1,35,6,10837,2,6,DAF TRUCKS MODEL MISSING,3,E01008947,0,5
2024361471673,2024,361471673,1,21,0,-1,9,6,2,-1,0,8,0,0,0,0,1,1,-1,1,1,62,9,12902,2,1,DAF TRUCKS MODEL MISSING,7,E01026013,0,4
2024041456458,2024,041456458,1,90,0,-1,7,3,7,-1,0,0,2,0,7,7,3,1,-1,1,1,50,8,6692,2,13,DAF TRUCKS MODEL MISSING,10,E01025355,0,2
2024041455072,2024,041455072,2,21,0,-1,19,5,1,-1,0,0,0,0,0,0,1,1,-1,1,1,50,8,12902,2,4,DAF TRUCKS MODEL MISSING,7,E01024905,0,4
2024631475261,2024,631475261,2,21,4,-1,19,1,5,-1,0,0,0,0,0,0,1,1,-1,1,1,65,9,-1,-1,-1,DAF TRUCKS MODEL MISSING,7,W01000473,0,4