collision_index,collision_year,collision_ref_no,vehicle_reference,vehicle_type,towing_and_articulation,vehicle_manoeuvre_historic,vehicle_manoeuvre,vehicle_direction_from,vehicle_direction_to,vehicle_location_restricted_lane_historic,vehicle_location_restricted_lane,junction_location,skidding_and_overturning,hit_object_in_carriageway,vehicle_leaving_carriageway,hit_object_off_carriageway,first_point_of_impact,vehicle_left_hand_drive,journey_purpose_of_driver_historic,journey_purpose_of_driver,sex_of_driver,age_of_driver,age_band_of_driver,engine_capacity_cc,propulsion_code,age_of_vehicle,generic_make_model,driver_imd_decile,lsoa_of_driver,escooter_flag,driver_distance_banding
2024141428327,2024,141428327,1,21,0,-1,19,3,7,-1,0,0,0,0,0,0,1,1,-1,1,1,35,6,6692,2,15,DAF TRUCKS MODEL MISSING,3,E01007528,0,2
2024371507657,2024,371507657,1,98,0,-1,7,5,1,-1,0,0,5,0,1,4,2,1,-1,1,1,53,8,4461,2,16,DAF TRUCKS MODEL MISSING,5,E01021666,0,3
2024302400301,2024,302400301,1,21,0,18,19,5,1,0,0,1,0,0,0,0,4,1,1,1,1,62,9,12902,2,2,DAF TRUCKS MODEL MISSING,3,E01028310,0,4
2024451441435,2024,451441435,3,21,1,-1,19,5,1,-1,0,2,1,0,1,9,1,1,-1,1,1,54,8,10837,2,6,DAF TRUCKS MODEL MISSING,9,E01030727,0,3
2024061485265,2024,061485265,2,21,0,-1,7,1,7,-1,-1,3,0,0,2,0,4,1,-1,1,1,39,7,12902,2,9,DAF TRUCKS MODEL MISSING,1,E01005141,0,3
2024320741742,2024,320741742,1,20,0,-1,-1,6,2,0,0,0,0,0,1,9,1,1,1,1,1,55,8,4461,2,12,DAF TRUCKS MODEL MISSING,9,E01007808,0,5
2024311430625,2024,311430625,2,21,0,-1,19,5,1,-1,0,1,0,0,0,0,1,1,-1,1,1,54,8,10837,2,9,DAF TRUCKS MODEL MISSING,-1,-1,0,-1
2024371405446,2024,371405446,1,21,4,-1,19,1,5,-1,0,0,0,0,0,0,0,1,-1,1,1,57,9,12902,2,5,DAF TRUCKS MODEL MISSING,8,E01015920,0,4
2024461520430,2024,461520430,1,21,0,-1,19,7,7,-1,0,0,0,0,0,0,4,1,-1,1,1,43,7,4500,2,7,DAF TRUCKS MODEL MISSING,2,E01001767,0,4
2024031534010,2024,031534010,2,90,1,-1,19,7,3,-1,0,0,0,0,0,0,1,1,-1,1,1,-1,-1,-1,-1,-1,DAF TRUCKS MODEL MISSING,8,E01019352,0,2
2024231504989,2024,231504989,1,21,1,-1,19,3,7,-1,0,0,0,0,0,0,1,1,-1,1,1,61,9,-1,-1,-1,DAF TRUCKS MODEL MISSING,1,E01010299,0,4
2024461458541,2024,461458541,2,21,4,-1,19,3,7,-1,0,0,0,0,0,0,2,1,-1,1,1,63,9,12902,2,5,DAF TRUCKS MODEL MISSING,4,E01035077,0,5
2024070497357,2024,070497357,2,21,1,4,4,5,1,0,0,0,1,0,0,0,2,1,1,1,1,-1,-1,10837,2,8,DAF TRUCKS MODEL MISSING,-1,-1,0,-1
2024041428668,2024,041428668,2,21,0,-1,19,5,1,-1,0,0,0,0,0,0,1,1,-1,1,1,62,9,10837,2,2,DAF TRUCKS MODEL MISSING,2,E01007333,0,4
2024461504296,2024,461504296,2,21,1,-1,2,8,1,-1,0,0,0,0,0,0,2,1,-1,1,2,50,8,12902,2,1,DAF TRUCKS MODEL MISSING,-1,-1,0,-1
2024520401913,2024,520401913,2,19,0,18,19,5,1,0,0,0,0,0,0,0,1,1,6,6,1,33,6,4462,2,11,DAF TRUCKS MODEL MISSING,4,E01035115,0,3
2024501488070,2024,501488070,1,20,0,-1,5,7,3,-1,0,0,0,0,0,0,1,1,-1,1,1,46,8,4460,2,1,DAF TRUCKS MODEL MISSING,2,E01020113,0,4
2024320373203,2024,320373203,2,20,0,4,4,8,4,0,0,0,0,0,0,0,2,1,1,1,1,41,7,6700,2,1,DAF TRUCKS MODEL MISSING,2,E01008953,0,5
2024201521507,2024,201521507,2,20,0,-1,2,0,0,-1,0,0,0,0,0,0,2,1,-1,6,-1,-1,-1,4461,2,12,DAF TRUCKS MODEL MISSING,-1,-1,0,-1
2024101529551,2024,101529551,1,21,0,-1,1,1,5,-1,0,1,0,0,0,0,2,1,-1,1,1,54,8,6700,2,9,DAF TRUCKS MODEL MISSING,1,E01008575,0,4
2024361481585,2024,361481585,2,21,1,-1,19,3,7,-1,0,0,0,0,0,0,3,1,-1,1,1,27,6,12902,2,4,DAF TRUCKS MODEL MISSING,9,E01026231,0,4
2024461451148,2024,461451148,2,90,0,-1,4,1,1,-1,0,0,1,0,0,0,1,9,-1,1,1,53,8,6700,2,7,DAF TRUCKS MODEL MISSING,8,E01024762,0,4
2024311514607,2024,311514607,2,21,1,-1,19,5,1,-1,0,0,0,0,0,0,3,9,-1,1,1,33,6,10837,2,1,DAF TRUCKS MODEL MISSING,3,E01009763,0,4
2024361430462,2024,361430462,1,21,0,-1,19,1,5,-1,0,0,0,0,0,0,3,1,-1,1,1,53,8,4500,2,2,DAF TRUCKS MODEL MISSING,5,E01030030,0,4
2024131490670,2024,131490670,2,90,0,-1,19,5,3,-1,0,1,0,0,0,0,1,1,-1,1,1,59,9,6700,2,8,DAF TRUCKS MODEL MISSING,10,E01011270,0,3
2024010529573,2024,010529573,2,21,9,99,99,9,9,99,99,9,9,99,9,99,2,9,6,6,3,-1,-1,6700,2,5,DAF TRUCKS MODEL MISSING,-1,-1,0,-1
2024991423382,2024,991423382,1,21,0,-1,19,8,6,-1,0,0,5,0,0,0,4,1,-1,6,3,-1,-1,6692,2,12,DAF TRUCKS MODEL MISSING,-1,-1,0,-1
2024320016550,2024,320016550,3,19,0,2,2,7,3,0,0,2,0,0,0,0,2,1,6,6,3,-1,-1,-1,-1,-1,DAF TRUCKS MODEL MISSING,-1,-1,0,-1
2024302401369,2024,302401369,1,21,0,16,19,7,2,0,0,8,0,0,0,0,4,1,6,6,1,74,10,6700,2,5,DAF TRUCKS MODEL MISSING,4,E01019574,0,1
2024471489086,2024,471489086,2,21,1,-1,19,5,1,-1,0,0,4,0,7,0,1,1,-1,1,1,52,8,12902,2,1,DAF TRUCKS MODEL MISSING,3,E01031444,0,3
2024340WN1942,2024,340WN1942,2,21,0,-1,4,7,3,-1,0,0,1,0,0,0,2,1,-1,1,1,52,8,10800,2,1,DAF TRUCKS MODEL MISSING,8,E01023541,0,5
2024421413984,2024,421413984,1,21,1,-1,19,5,1,-1,0,0,5,0,1,7,1,1,-1,1,1,24,5,10837,2,3,DAF TRUCKS MODEL MISSING,8,E01034700,0,5
2024061463666,2024,061463666,2,21,9,-1,11,7,1,-1,0,1,9,0,0,0,9,1,-1,6,3,-1,-1,12902,2,5,DAF TRUCKS MODEL MISSING,-1,-1,0,-1
2024451405212,2024,451405212,3,21,0,-1,19,1,5,-1,0,0,0,0,0,0,3,1,-1,1,1,43,7,10837,2,9,DAF TRUCKS MODEL MISSING,5,E01002525,0,2
2024631396055,2024,631396055,1,21,0,-1,13,5,1,-1,0,0,0,0,0,0,4,1,-1,6,1,56,9,10800,2,6,DAF TRUCKS MODEL MISSING,4,W01000617,0,3
2024320700952,2024,320700952,1,21,0,-1,-1,2,6,0,0,0,0,0,1,0,4,1,1,1,1,34,6,-1,-1,-1,DAF TRUCKS MODEL MISSING,5,E01034691,0,1
2024041436152,2024,041436152,3,21,0,-1,19,1,5,-1,0,0,0,0,0,0,1,1,-1,1,1,28,6,6700,2,7,DAF TRUCKS MODEL MISSING,6,E01025020,0,1
2024010514387,2024,010514387,2,19,0,18,19,3,7,0,0,0,0,0,0,0,1,1,1,1,1,46,8,4500,2,5,DAF TRUCKS MODEL MISSING,6,E01023518,0,3
2024451460637,2024,451460637,1,21,0,-1,19,2,6,-1,0,0,0,0,0,0,1,1,-1,1,1,50,8,6700,2,10,DAF TRUCKS MODEL MISSING,9,E01022947,0,4
2024122400114,2024,122400114,2,21,0,18,19,1,5,0,0,1,1,0,0,0,3,1,1,1,1,33,6,6700,2,6,DAF TRUCKS MODEL MISSING,1,E01005377,0,4
2024302400744,2024,302400744,1,21,0,11,11,7,3,0,0,0,0,0,0,0,1,1,1,1,1,36,7,12902,2,2,DAF TRUCKS MODEL MISSING,1,E01026126,0,4
2024041478811,2024,041478811,1,98,0,-1,9,3,7,-1,0,6,0,0,0,0,1,1,-1,1,1,43,7,4462,2,11,DAF TRUCKS MODEL MISSING,2,E01006948,0,4
2024522402951,2024,522402951,1,21,0,1,1,6,1,0,0,5,0,0,0,0,4,1,1,1,1,46,8,6700,2,6,DAF TRUCKS MODEL MISSING,2,E01014515,0,2
2024371508537,2024,371508537,2,21,0,-1,19,7,3,-1,0,1,0,0,0,0,3,1,-1,1,1,43,7,10837,2,1,DAF TRUCKS MODEL MISSING,2,E01030248,0,3
2024361418022,2024,361418022,1,21,1,-1,9,6,4,-1,0,6,0,0,0,0,3,1,-1,1,1,56,9,10837,2,10,DAF TRUCKS MODEL MISSING,5,E01026892,0,3
2024231462322,2024,231462322,3,20,0,-1,3,5,1,-1,0,0,0,0,1,0,3,1,-1,2,1,25,5,-1,-1,-1,DAF TRUCKS MODEL MISSING,10,E01025661,0,3
2024122400630,2024,122400630,2,21,0,3,3,1,5,0,0,0,0,0,0,0,3,1,1,1,2,48,8,12902,2,1,DAF TRUCKS MODEL MISSING,9,E01011844,0,3
2024610002624,2024,610002624,1,20,0,18,19,1,5,0,0,1,0,0,1,4,1,1,1,1,1,40,7,6690,2,1,DAF TRUCKS MODEL MISSING,5,W01001038,0,4
2024141502306,2024,141502306,2,21,0,-1,19,5,1,-1,0,0,0,0,0,0,2,1,-1,1,1,48,8,12902,2,9,DAF TRUCKS MODEL MISSING,1,E01032898,0,4
2024991474111,2024,991474111,1,21,0,-1,19,1,5,-1,0,1,0,0,0,0,1,1,-1,1,1,61,9,6700,2,7,DAF TRUCKS MODEL MISSING,-1,-1,0,-1
2024010535641,2024,010535641,1,19,0,9,9,2,8,0,0,5,0,0,1,0,0,1,1,1,1,57,9,4460,2,1,DAF TRUCKS MODEL MISSING,7,E01000250,0,3
2024221456761,2024,221456761,1,20,0,-1,11,5,1,-1,0,0,0,0,0,0,4,9,-1,1,1,62,9,-1,-1,-1,DAF TRUCKS MODEL MISSING,6,E01018422,0,5
2024440540640,2024,440540640,2,21,0,18,19,3,7,0,0,4,0,0,0,0,1,1,6,6,1,-1,-1,6700,2,4,DAF TRUCKS MODEL MISSING,6,E01023022,0,3
2024041402405,2024,041402405,2,21,0,-1,19,1,5,-1,0,0,0,0,0,0,4,1,-1,1,1,53,8,12902,2,6,DAF TRUCKS MODEL MISSING,4,E01019232,0,4
2024031511549,2024,031511549,1,21,4,-1,19,3,7,-1,0,0,5,0,1,7,4,1,-1,1,1,33,6,10837,2,4,DAF TRUCKS MODEL MISSING,1,E01025236,0,4
2024161491581,2024,161491581,1,21,0,-1,19,1,5,-1,0,0,0,0,0,0,1,1,-1,1,1,62,9,12902,2,1,DAF TRUCKS MODEL MISSING,3,E01007793,0,4
2024052400655,2024,052400655,1,19,0,18,19,7,3,0,0,6,0,0,0,0,3,1,1,1,1,58,9,4500,2,4,DAF TRUCKS MODEL MISSING,1,E01005639,0,3
2024991522323,2024,991522323,3,90,0,-1,3,3,7,-1,0,0,0,0,0,0,2,2,-1,1,1,64,9,6700,2,1,DAF TRUCKS MODEL MISSING,-1,-1,0,-1
2024991524163,2024,991524163,2,90,0,-1,3,6,2,-1,0,0,0,0,0,0,2,1,-1,1,1,40,7,-1,-1,-1,DAF TRUCKS MODEL MISSING,8,-1,0,4
2024061460558,2024,061460558,2,21,0,-1,19,2,7,-1,0,0,0,0,0,0,2,1,-1,1,1,61,9,4500,2,7,DAF TRUCKS MODEL MISSING,4,E01005728,0,4
2024430459990,2024,430459990,1,21,0,18,19,6,2,0,0,1,0,0,0,0,1,1,6,6,1,37,7,10837,2,1,DAF TRUCKS MODEL MISSING,2,E01016443,0,1
2024461485441,2024,461485441,1,20,0,-1,19,7,3,-1,0,0,1,0,0,0,1,1,-1,1,1,27,6,6700,2,1,DAF TRUCKS MODEL MISSING,3,E01021860,0,4
2024332401069,2024,332401069,1,21,0,-1,19,5,1,-1,0,8,0,0,0,0,1,1,-1,1,1,49,8,12900,2,13,DAF TRUCKS MODEL MISSING,2,W01000865,0,5
2024430476443,2024,430476443,2,21,0,18,19,8,4,0,0,0,0,0,0,0,1,1,1,1,1,47,8,6700,2,2,DAF TRUCKS MODEL MISSING,-1,-1,0,-1
2024545097124,2024,545097124,2,21,0,16,19,7,3,0,0,0,0,0,0,0,1,1,1,1,1,44,7,10837,2,2,DAF TRUCKS MODEL MISSING,6,-1,0,5
2024461415583,2024,461415583,2,21,1,-1,19,1,5,-1,0,1,0,0,0,0,3,1,-1,1,1,53,8,10837,2,4,DAF TRUCKS MODEL MISSING,3,E01024713,0,4
2024010502124,2024,010502124,1,21,0,99,99,9,9,99,99,9,9,99,9,99,9,9,6,6,1,28,6,4500,2,6,DAF TRUCKS MODEL MISSING,5,E01021492,0,4
2024071007071,2024,071007071,3,21,1,-1,4,3,3,-1,0,0,0,0,0,0,1,1,-1,1,1,36,7,6700,2,3,DAF TRUCKS MODEL MISSING,7,E01007084,0,4
2024501414830,2024,501414830,10,20,0,-1,3,8,7,-1,0,0,0,0,0,0,0,1,-1,1,1,62,9,4500,2,6,DAF TRUCKS MODEL MISSING,5,E01020319,0,4
2024211528525,2024,211528525,1,21,1,-1,19,4,8,-1,0,0,0,0,0,0,3,1,-1,6,1,-1,-1,12902,2,8,DAF TRUCKS MODEL MISSING,-1,-1,0,-1
2024351401686,2024,351401686,2,19,0,-1,19,3,7,-1,0,0,1,0,1,0,1,1,-1,1,1,31,6,4500,2,3,DAF TRUCKS MODEL MISSING,7,E01024380,0,5
2024411399577,2024,411399577,2,20,1,-1,19,0,0,-1,-1,0,0,0,1,0,2,1,-1,6,1,-1,-1,-1,-1,-1,DAF TRUCKS MODEL MISSING,4,E01023930,0,3
2024052402614,2024,052402614,2,21,0,18,19,4,8,0,0,0,0,0,0,0,4,1,6,6,1,60,9,10837,2,4,DAF TRUCKS MODEL MISSING,6,E01006202,0,4
2024041511943,2024,041511943,2,21,0,-1,19,5,1,-1,0,0,0,0,0,0,3,1,-1,1,1,57,9,10837,2,5,DAF TRUCKS MODEL MISSING,10,-1,0,5
2024332400126,2024,332400126,2,21,0,-1,2,0,0,-1,0,0,0,0,0,0,2,1,-1,1,1,36,7,12902,2,5,DAF TRUCKS MODEL MISSING,5,E01007390,0,4
2024451427327,2024,451427327,2,21,0,-1,5,3,7,-1,0,0,0,0,0,0,1,1,-1,1,2,41,7,6700,2,2,DAF TRUCKS MODEL MISSING,2,E01001760,0,4
202460Q189620,2024,60Q189620,1,20,0,18,19,7,3,0,0,7,0,0,0,0,1,1,1,1,1,56,9,10837,2,5,DAF TRUCKS MODEL MISSING,-1,-1,0,-1
2024340WN9142,2024,340WN9142,2,21,1,-1,19,5,1,-1,0,0,0,0,0,0,1,1,-1,1,1,39,7,12902,2,1,DAF TRUCKS MODEL MISSING,5,E01009126,0,4
2024131413261,2024,131413261,2,21,0,-1,19,6,2,-1,0,0,0,0,0,0,-1,1,-1,6,3,-1,-1,12902,2,5,DAF TRUCKS MODEL MISSING,-1,-1,0,-1
2024461411425,2024,461411425,1,21,5,-1,19,3,7,-1,0,3,0,0,0,0,4,1,-1,1,1,62,9,6690,2,1,DAF TRUCKS MODEL MISSING,-1,-1,0,-1
2024010499677,2024,010499677,2,20,9,99,99,9,9,99,99,9,9,99,9,99,9,1,6,6,3,-1,-1,6700,2,7,DAF TRUCKS MODEL MISSING,-1,-1,0,-1
2024131518111,2024,131518111,2,21,0,-1,19,7,3,-1,0,1,0,0,0,0,1,1,-1,1,1,36,7,12902,2,2,DAF TRUCKS MODEL MISSING,7,E01010590,0,4
2024361524228,2024,361524228,1,21,1,-1,19,7,3,-1,0,0,0,0,0,0,1,9,-1,6,1,61,9,12902,2,7,DAF TRUCKS MODEL MISSING,-1,-1,0,-1
2024221519232,2024,221519232,1,21,0,-1,9,4,2,-1,0,6,0,0,0,0,1,1,-1,1,1,36,7,12902,2,7,DAF TRUCKS MODEL MISSING,-1,-1,0,-1
2024522401079,2024,522401079,1,20,1,12,12,4,2,0,0,8,0,0,0,0,3,1,1,1,1,46,8,-1,-1,-1,DAF TRUCKS MODEL MISSING,7,E01027143,0,5
2024071054965,2024,071054965,2,21,0,-1,19,6,2,-1,0,8,0,0,7,9,1,1,-1,1,1,53,8,12902,2,9,DAF TRUCKS MODEL MISSING,6,E01018749,0,3
2024991503352,2024,991503352,2,21,0,-1,19,3,6,-1,0,0,0,0,1,2,1,1,-1,1,1,36,7,6700,2,6,DAF TRUCKS MODEL MISSING,4,-1,0,1
2024545530624,2024,545530624,2,21,0,2,2,0,0,0,0,0,0,0,0,0,0,1,6,6,1,43,7,10837,2,6,DAF TRUCKS MODEL MISSING,5,E01032066,0,2
2024311441111,2024,311441111,2,21,0,-1,19,1,6,-1,0,0,0,0,2,0,1,1,-1,1,2,65,9,6700,2,2,DAF TRUCKS MODEL MISSING,6,E01026332,0,4
2024311480623,2024,311480623,2,21,0,-1,19,7,3,-1,0,1,0,0,0,0,-1,9,-1,6,3,-1,-1,6692,2,13,DAF TRUCKS MODEL MISSING,-1,-1,0,-1
2024320475890,2024,320475890,2,21,0,-1,-1,4,8,0,0,8,1,0,7,0,1,1,1,1,1,56,9,12902,2,5,DAF TRUCKS MODEL MISSING,4,E01026780,0,4
2024371503743,2024,371503743,1,21,1,-1,19,5,7,-1,0,0,5,10,0,0,3,1,-1,1,1,22,5,12902,2,5,DAF TRUCKS MODEL MISSING,3,E01002404,0,5
2024041492545,2024,041492545,2,90,0,-1,2,7,3,-1,9,0,0,0,0,0,2,1,-1,9,1,63,9,-1,-1,-1,DAF TRUCKS MODEL MISSING,4,E01028130,0,5
2024231444024,2024,231444024,1,20,0,-1,19,1,5,-1,0,8,0,0,0,0,4,9,-1,6,3,45,7,4461,2,12,DAF TRUCKS MODEL MISSING,-1,-1,0,-1
2024471502218,2024,471502218,2,21,0,-1,19,1,5,-1,0,0,0,0,0,0,2,1,-1,1,1,-1,-1,12900,2,1,DAF TRUCKS MODEL MISSING,3,E01030362,0,4
2024302400473,2024,302400473,2,21,0,18,19,2,6,0,0,8,0,0,0,0,1,1,1,1,1,51,8,6700,2,3,DAF TRUCKS MODEL MISSING,2,E01019662,0,2
2024501399199,2024,501399199,2,21,0,-1,11,6,2,-1,0,0,0,0,0,0,4,9,-1,1,1,48,8,10837,2,8,DAF TRUCKS MODEL MISSING,10,E01031214,0,5
2024302401394,2024,302401394,1,21,0,11,11,1,5,0,0,0,0,0,0,0,4,1,1,1,1,33,6,12902,2,2,DAF TRUCKS MODEL MISSING,5,E01011537,0,4
2024211468982,2024,211468982,1,19,-1,-1,19,7,3,-1,0,8,0,0,0,0,4,9,-1,1,1,40,7,4500,2,2,DAF TRUCKS MODEL MISSING,-1,-1,0,-1
2024211515905,2024,211515905,1,21,0,-1,11,1,5,-1,0,0,0,0,0,0,4,1,-1,6,1,65,9,10837,2,6,DAF TRUCKS MODEL MISSING,10,E01029710,0,4
2024451408185,2024,451408185,1,21,0,-1,19,7,3,-1,0,0,0,0,0,0,1,1,-1,1,1,53,8,12900,2,10,DAF TRUCKS MODEL MISSING,5,E01030787,0,1
2024451457122,2024,451457122,2,21,1,-1,99,7,3,-1,0,0,1,99,0,0,9,1,-1,6,1,-1,-1,12902,2,3,DAF TRUCKS MODEL MISSING,-1,-1,0,-1
2024211445684,2024,211445684,2,20,0,-1,19,1,5,-1,0,0,0,0,0,0,1,1,-1,1,1,68,10,4461,2,13,DAF TRUCKS MODEL MISSING,1,E01019646,0,4
2024552401127,2024,552401127,1,21,0,9,9,5,3,0,0,8,0,0,0,0,1,1,1,1,1,30,6,6700,2,2,DAF TRUCKS MODEL MISSING,8,E01022787,0,4
2024411409736,2024,411409736,2,21,0,-1,11,8,4,-1,0,0,0,0,0,0,1,1,-1,1,1,59,9,12902,2,7,DAF TRUCKS MODEL MISSING,6,E01016297,0,5
2024010494853,2024,010494853,1,19,0,7,7,7,1,0,0,1,0,0,0,0,3,1,1,1,1,37,7,-1,-1,-1,DAF TRUCKS MODEL MISSING,5,E01001895,0,2
2024010520286,2024,010520286,2,21,1,18,19,3,7,0,0,2,0,0,0,0,0,1,1,1,1,45,7,12902,2,7,DAF TRUCKS MODEL MISSING,4,E01015956,0,3
2024010512001,2024,010512001,2,21,0,18,19,5,1,0,0,1,0,0,0,0,3,1,1,1,1,41,7,6700,2,3,DAF TRUCKS MODEL MISSING,2,E01000101,0,4
2024332400619,2024,332400619,2,21,0,-1,19,6,2,-1,0,8,0,0,0,0,1,1,-1,1,1,32,6,12902,2,1,DAF TRUCKS MODEL MISSING,8,E01025890,0,2
2024361434388,2024,361434388,1,21,0,-1,11,1,5,-1,0,8,0,0,0,0,1,1,-1,1,1,36,7,10837,2,3,DAF TRUCKS MODEL MISSING,6,E01018061,0,4
2024440378402,2024,440378402,1,19,0,7,7,3,5,0,0,6,0,0,0,0,3,1,2,2,1,44,7,4500,2,7,DAF TRUCKS MODEL MISSING,10,E01032616,0,1
2024411505433,2024,411505433,1,21,0,-1,-1,-1,-1,-1,-1,0,-1,-1,-1,0,-1,9,-1,6,1,61,9,12902,2,5,DAF TRUCKS MODEL MISSING,4,W01001450,0,5
2024541928224,2024,541928224,2,21,1,18,19,3,8,0,0,8,0,0,0,0,4,1,1,1,1,29,6,12902,2,2,DAF TRUCKS MODEL MISSING,2,W01001525,0,4
2024010487806,2024,010487806,1,90,0,2,2,0,0,0,0,0,0,0,0,0,1,1,6,6,3,-1,-1,6700,2,9,DAF TRUCKS MODEL MISSING,-1,-1,0,-1
2024041505208,2024,041505208,1,21,0,-1,19,1,5,-1,0,0,0,0,0,0,1,1,-1,1,1,64,9,12902,2,3,DAF TRUCKS MODEL MISSING,4,-1,0,5
2024010500015,2024,010500015,1,21,1,11,11,3,7,0,0,2,0,0,0,0,3,1,1,1,1,50,8,10837,2,9,DAF TRUCKS MODEL MISSING,4,E01004411,0,3
2024131458027,2024,131458027,1,90,0,-1,19,3,7,-1,0,0,5,0,1,2,4,1,-1,1,1,49,8,-1,-1,-1,DAF TRUCKS MODEL MISSING,2,E01034261,0,2
2024010524994,2024,010524994,1,21,1,18,19,7,3,0,0,1,0,0,0,0,1,1,1,1,1,41,7,10837,2,5,DAF TRUCKS MODEL MISSING,4,E01023395,0,4
2024061399837,2024,061399837,2,21,1,-1,19,6,2,-1,0,1,0,4,0,0,1,1,-1,1,1,51,8,12902,2,9,DAF TRUCKS MODEL MISSING,2,E01000074,0,5
2024522402742,2024,522402742,1,21,0,18,19,1,5,0,0,0,1,0,0,0,1,1,6,6,1,34,6,10837,2,9,DAF TRUCKS MODEL MISSING,8,E01014957,0,3
2024421523064,2024,421523064,1,21,1,-1,11,7,3,-1,0,0,0,0,0,0,1,1,-1,1,1,46,8,12902,2,4,DAF TRUCKS MODEL MISSING,4,E01004633,0,4
2024991455228,2024,991455228,2,21,1,-1,19,5,1,-1,0,0,0,0,0,0,2,1,-1,1,1,53,8,10837,2,1,DAF TRUCKS MODEL MISSING,3,-1,0,4
2024440110564,2024,440110564,1,21,4,1,1,6,3,0,0,8,0,0,0,0,2,1,1,1,1,60,9,12902,2,7,DAF TRUCKS MODEL MISSING,-1,-1,0,-1
2024520402752,2024,520402752,1,21,1,18,19,7,3,0,0,0,5,0,1,4,4,1,1,1,1,43,7,12902,2,4,DAF TRUCKS MODEL MISSING,7,E01034552,0,4
2024320125834,2024,320125834,1,20,0,12,12,4,8,0,0,0,0,0,0,0,3,1,1,1,1,64,9,4500,2,8,DAF TRUCKS MODEL MISSING,3,E01010595,0,5
2024351535013,2024,351535013,2,21,0,-1,19,4,8,-1,0,0,0,0,0,0,2,1,-1,1,1,49,8,-1,-1,-1,DAF TRUCKS MODEL MISSING,7,E01023329,0,4
2024010516451,2024,010516451,2,11,0,4,4,3,7,0,0,0,0,0,0,0,1,1,1,1,1,32,6,-1,2,23,DAF TRUCKS MODEL MISSING,3,E01034039,0,3
2024371438592,2024,371438592,2,21,0,-1,3,3,7,-1,0,0,0,0,0,0,2,1,-1,1,1,37,7,6690,2,0,DAF TRUCKS MODEL MISSING,7,E01026469,0,4
2024211510545,2024,211510545,3,21,1,-1,19,3,7,-1,0,0,0,0,0,0,1,1,-1,6,1,50,8,6700,2,4,DAF TRUCKS MODEL MISSING,2,E01007405,0,4
2024991407870,2024,991407870,3,21,0,-1,19,5,1,-1,0,1,0,0,0,0,3,1,-1,1,1,55,8,12902,2,9,DAF TRUCKS MODEL MISSING,6,-1,0,3
2024070294153,2024,070294153,1,21,1,11,11,5,1,0,0,0,0,0,0,0,4,1,1,1,1,45,7,12902,2,3,DAF TRUCKS MODEL MISSING,9,E01035177,0,5
2024340WN5242,2024,340WN5242,2,21,1,-1,19,5,1,-1,0,0,4,0,0,0,3,1,-1,1,1,44,7,6700,2,8,DAF TRUCKS MODEL MISSING,5,E01033837,0,4
2024070499320,2024,070499320,1,21,0,18,19,6,2,0,0,0,0,0,0,0,1,1,1,1,1,38,7,4500,2,5,DAF TRUCKS MODEL MISSING,4,E01007160,0,4
2024041414836,2024,041414836,2,21,0,-1,19,5,1,-1,0,0,0,0,0,0,3,1,-1,1,1,48,8,12902,2,6,DAF TRUCKS MODEL MISSING,6,E01002170,0,5
2024311547842,2024,311547842,1,21,0,-1,5,1,4,-1,0,0,0,0,0,0,1,1,-1,1,1,30,6,10837,2,2,DAF TRUCKS MODEL MISSING,-1,-1,0,-1
2024041457645,2024,041457645,1,21,0,-1,19,5,1,-1,0,0,0,0,0,0,1,1,-1,1,1,53,8,6693,2,10,DAF TRUCKS MODEL MISSING,9,E01025346,0,3
2024061403870,2024,061403870,1,21,0,-1,7,6,8,-1,0,2,0,0,0,0,1,9,-1,6,3,-1,-1,6700,2,3,DAF TRUCKS MODEL MISSING,-1,-1,0,-1
2024421479336,2024,421479336,2,21,4,-1,2,4,8,-1,-1,0,0,0,0,0,2,1,-1,1,1,52,8,10837,2,3,DAF TRUCKS MODEL MISSING,4,E01029327,0,5
2024461506934,2024,461506934,2,90,0,-1,19,1,5,-1,0,0,0,0,0,0,3,1,-1,1,1,39,7,6700,2,3,DAF TRUCKS MODEL MISSING,3,E01024552,0,3
2024141516119,2024,141516119,4,21,0,-1,3,1,5,-1,0,0,0,0,0,0,2,1,-1,1,1,30,6,12902,2,1,DAF TRUCKS MODEL MISSING,8,-1,0,5
2024201524750,2024,201524750,3,21,0,-1,19,8,4,-1,0,0,0,0,0,0,4,1,-1,1,1,60,9,12902,2,4,DAF TRUCKS MODEL MISSING,-1,-1,0,-1
2024010527488,2024,010527488,2,21,1,4,4,3,7,0,0,0,0,0,0,0,0,1,1,1,1,56,9,10837,2,9,DAF TRUCKS MODEL MISSING,5,E01002395,0,2