collision_index,collision_year,collision_ref_no,vehicle_reference,vehicle_type,towing_and_articulation,vehicle_manoeuvre_historic,vehicle_manoeuvre,vehicle_direction_from,vehicle_direction_to,vehicle_location_restricted_lane_historic,vehicle_location_restricted_lane,junction_location,skidding_and_overturning,hit_object_in_carriageway,vehicle_leaving_carriageway,hit_object_off_carriageway,first_point_of_impact,vehicle_left_hand_drive,journey_purpose_of_driver_historic,journey_purpose_of_driver,sex_of_driver,age_of_driver,age_band_of_driver,engine_capacity_cc,propulsion_code,age_of_vehicle,generic_make_model,driver_imd_decile,lsoa_of_driver,escooter_flag,driver_distance_banding
2024101428583,2024,101428583,1,21,0,-1,19,1,5,-1,0,0,0,0,0,0,4,9,-1,2,1,-1,-1,10837,2,6,DAF TRUCKS MODEL MISSING,7,E01027510,0,4
2024031501353,2024,031501353,1,21,4,-1,6,8,7,-1,0,0,1,0,0,0,2,1,-1,1,1,62,9,12902,2,2,DAF TRUCKS MODEL MISSING,9,E01019085,0,4
2024522402196,2024,522402196,2,21,0,18,19,7,3,0,0,0,0,0,0,0,1,1,6,6,3,-1,-1,6700,2,3,DAF TRUCKS MODEL MISSING,-1,-1,0,-1
2024221502106,2024,221502106,1,21,0,-1,2,0,0,-1,0,8,0,0,0,0,2,1,-1,1,1,48,8,10837,2,5,DAF TRUCKS MODEL MISSING,9,W01000828,0,5
2024461503573,2024,461503573,2,20,0,-1,19,4,7,-1,0,0,0,0,0,0,1,1,-1,1,1,65,9,4500,2,2,DAF TRUCKS MODEL MISSING,3,E01003237,0,4
2024231469576,2024,231469576,1,21,1,-1,11,6,2,-1,0,8,0,0,0,0,1,1,-1,1,1,33,6,12902,2,8,DAF TRUCKS MODEL MISSING,1,E01007531,0,5
2024231406891,2024,231406891,1,21,1,-1,5,2,6,-1,0,6,1,0,0,0,1,1,-1,1,1,54,8,4500,2,6,DAF TRUCKS MODEL MISSING,4,E01009660,0,4
2024070283720,2024,070283720,2,21,1,18,19,7,3,0,0,0,0,0,0,0,3,1,1,1,1,63,9,12902,2,4,DAF TRUCKS MODEL MISSING,2,E01020797,0,5
2024201528742,2024,201528742,1,21,0,-1,19,6,2,-1,0,0,0,0,0,0,4,1,-1,6,3,50,8,10837,2,3,DAF TRUCKS MODEL MISSING,-1,-1,0,-1
2024401434715,2024,401434715,1,21,0,-1,4,7,3,-1,0,0,0,0,0,0,1,1,-1,1,1,54,8,10837,2,8,DAF TRUCKS MODEL MISSING,8,E01027279,0,4
2024161525562,2024,161525562,2,21,0,-1,19,5,1,-1,0,8,0,0,0,0,1,1,-1,1,1,51,8,6700,2,4,DAF TRUCKS MODEL MISSING,8,E01026106,0,4
2024421512820,2024,421512820,1,21,5,-1,19,5,1,-1,0,0,0,0,0,0,1,1,-1,1,1,65,9,12900,2,4,DAF TRUCKS MODEL MISSING,3,E01016746,0,4
2024052402260,2024,052402260,1,20,0,18,19,5,1,0,0,5,0,11,0,0,1,1,1,1,1,53,8,4460,2,0,DAF TRUCKS MODEL MISSING,1,E01012367,0,3
2024351448949,2024,351448949,3,98,-1,-1,-1,-1,-1,-1,-1,-1,-1,-1,-1,0,1,9,-1,1,1,59,9,4500,2,4,DAF TRUCKS MODEL MISSING,10,E01027048,0,4
2024351475145,2024,351475145,2,21,1,-1,2,0,0,-1,0,0,0,0,0,0,3,1,-1,1,1,44,7,12902,2,10,DAF TRUCKS MODEL MISSING,4,E01000416,0,4
2024131510011,2024,131510011,1,21,0,-1,7,1,3,-1,0,0,0,0,0,0,4,1,-1,6,3,-1,-1,6690,2,1,DAF TRUCKS MODEL MISSING,-1,-1,0,-1
2024111427397,2024,111427397,2,21,1,-1,19,7,4,-1,0,1,0,0,0,0,4,9,-1,1,1,36,7,12900,2,3,DAF TRUCKS MODEL MISSING,8,E01012421,0,5
2024340NN2602,2024,340NN2602,3,21,0,-1,19,7,3,-1,0,0,0,0,0,0,2,2,-1,1,1,41,7,12902,2,1,DAF TRUCKS MODEL MISSING,2,E01026277,0,4
2024221515202,2024,221515202,1,21,1,-1,19,4,8,-1,0,0,5,0,1,9,4,9,-1,1,1,40,7,12902,2,2,DAF TRUCKS MODEL MISSING,1,W01001617,0,5
2024991475327,2024,991475327,2,21,1,-1,19,3,7,-1,0,0,0,0,0,0,3,1,-1,1,1,50,8,12902,2,3,DAF TRUCKS MODEL MISSING,4,-1,0,4
202460Q174005,2024,60Q174005,1,21,1,18,19,5,1,0,0,1,0,0,0,0,1,1,6,6,1,30,6,12902,2,2,DAF TRUCKS MODEL MISSING,-1,-1,0,-1
2024371505408,2024,371505408,2,21,1,-1,19,3,7,-1,0,0,0,0,0,0,3,1,-1,1,1,33,6,10837,2,4,DAF TRUCKS MODEL MISSING,9,E01030033,0,3
2024311443832,2024,311443832,2,21,0,-1,19,5,1,-1,0,8,1,0,8,11,1,1,-1,1,1,56,9,10837,2,7,DAF TRUCKS MODEL MISSING,-1,-1,0,-1
2024461450182,2024,461450182,1,21,2,-1,11,3,7,-1,0,0,0,0,0,0,4,9,-1,1,1,38,7,12902,2,2,DAF TRUCKS MODEL MISSING,3,E01024090,0,4
2024052400770,2024,052400770,1,21,0,18,19,5,1,0,0,0,0,0,0,0,1,1,1,1,1,44,7,12902,2,4,DAF TRUCKS MODEL MISSING,6,E01031902,0,5
2024031403289,2024,031403289,2,21,0,-1,19,7,7,-1,0,8,0,0,0,0,1,9,-1,1,1,54,8,4461,2,12,DAF TRUCKS MODEL MISSING,6,E01019084,0,1
2024461477357,2024,461477357,2,21,1,-1,19,8,4,-1,0,0,0,0,0,0,4,1,-1,1,1,30,6,12902,2,10,DAF TRUCKS MODEL MISSING,4,E01031163,0,5
2024010504296,2024,010504296,1,21,4,18,19,1,5,0,0,0,0,0,0,0,1,1,1,1,1,30,6,10837,2,5,DAF TRUCKS MODEL MISSING,2,E01015760,0,4
2024401523255,2024,401523255,2,21,1,-1,19,5,1,-1,0,0,0,0,0,0,2,1,-1,1,1,27,6,12902,2,2,DAF TRUCKS MODEL MISSING,3,E01027228,0,4
2024332400354,2024,332400354,2,21,0,-1,4,7,3,-1,0,1,0,0,0,0,2,1,-1,1,1,33,6,6700,2,5,DAF TRUCKS MODEL MISSING,4,E01013782,0,1
2024501533811,2024,501533811,1,21,0,-1,2,2,6,-1,0,0,0,0,0,0,1,1,-1,1,1,62,9,12902,2,6,DAF TRUCKS MODEL MISSING,5,E01034848,0,2
2024471528613,2024,471528613,1,21,0,-1,5,1,4,-1,0,1,0,0,0,0,4,1,-1,1,1,53,8,6700,2,2,DAF TRUCKS MODEL MISSING,3,E01021062,0,3
2024421405273,2024,421405273,2,21,1,-1,19,3,7,-1,0,0,0,0,0,0,4,1,-1,1,1,47,8,10837,2,5,DAF TRUCKS MODEL MISSING,-1,-1,0,-1
2024201395058,2024,201395058,1,21,0,-1,5,2,6,-1,0,2,0,0,0,0,1,1,-1,1,1,30,6,10837,2,1,DAF TRUCKS MODEL MISSING,5,-1,0,5
2024544635324,2024,544635324,1,21,0,18,19,4,8,0,0,0,0,0,0,0,1,1,1,1,1,24,5,6700,2,10,DAF TRUCKS MODEL MISSING,6,E01029040,0,3
2024122400392,2024,122400392,1,20,0,18,19,7,3,0,0,0,1,0,0,0,1,1,1,1,1,55,8,4500,2,8,DAF TRUCKS MODEL MISSING,1,E01010967,0,4
2024052401135,2024,052401135,1,21,0,18,19,7,3,0,0,0,0,0,0,0,1,1,1,1,1,56,9,12902,2,4,DAF TRUCKS MODEL MISSING,8,-1,0,4
2024211468171,2024,211468171,1,21,0,-1,19,2,6,-1,0,0,0,0,0,0,4,1,-1,1,1,55,8,10837,2,5,DAF TRUCKS MODEL MISSING,1,E01014242,0,2
2024122401232,2024,122401232,1,21,0,18,19,3,7,0,0,0,0,0,0,0,1,1,1,1,1,74,10,12902,2,1,DAF TRUCKS MODEL MISSING,3,E01019198,0,5
2024010500786,2024,010500786,1,21,4,99,99,9,9,99,99,9,9,99,9,99,2,9,6,6,3,-1,-1,6700,2,5,DAF TRUCKS MODEL MISSING,-1,-1,0,-1
2024371410474,2024,371410474,2,21,1,-1,19,1,5,-1,0,0,0,0,0,0,4,9,-1,1,1,53,8,12902,2,4,DAF TRUCKS MODEL MISSING,3,E01031008,0,5
2024351481828,2024,351481828,2,21,1,-1,19,5,1,-1,0,0,0,0,0,0,3,1,-1,1,1,59,9,12902,2,4,DAF TRUCKS MODEL MISSING,1,E01026690,0,4
2024991500475,2024,991500475,2,21,0,-1,9,5,4,-1,0,2,0,0,0,0,2,1,-1,1,1,33,6,10837,2,3,DAF TRUCKS MODEL MISSING,-1,-1,0,-1
2024131455338,2024,131455338,2,21,0,-1,19,7,7,-1,-1,0,0,11,0,0,3,1,-1,1,1,43,7,6700,2,1,DAF TRUCKS MODEL MISSING,7,E01033750,0,4
2024320103963,2024,320103963,1,21,0,-1,-1,2,6,0,0,4,0,0,0,0,1,1,1,1,3,-1,-1,12902,2,5,DAF TRUCKS MODEL MISSING,-1,-1,0,-1
2024451518406,2024,451518406,2,21,0,-1,11,7,3,-1,0,0,0,0,0,0,3,1,-1,1,1,39,7,10837,2,2,DAF TRUCKS MODEL MISSING,6,E01027269,0,5
2024070627650,2024,070627650,2,20,0,18,19,8,4,0,0,0,0,0,0,0,1,1,1,1,2,61,9,6700,2,9,DAF TRUCKS MODEL MISSING,1,E01012483,0,4
2024302400709,2024,302400709,2,21,5,5,5,3,6,0,0,0,0,0,0,0,4,1,1,1,1,48,8,12902,2,5,DAF TRUCKS MODEL MISSING,3,E01012369,0,4
2024320660430,2024,320660430,2,21,0,-1,-1,4,8,0,0,0,0,0,1,0,1,1,1,1,1,37,7,12902,2,1,DAF TRUCKS MODEL MISSING,7,E01013234,0,4
2024991415117,2024,991415117,2,21,0,-1,19,4,8,-1,0,0,0,0,0,0,1,1,-1,1,1,58,9,6700,2,1,DAF TRUCKS MODEL MISSING,4,-1,0,3
2024041485389,2024,041485389,3,21,0,-1,1,7,3,-1,0,0,0,0,0,0,2,1,-1,1,1,24,5,6700,2,8,DAF TRUCKS MODEL MISSING,7,E01025079,0,2
2024161440145,2024,161440145,2,21,0,-1,19,5,1,-1,0,0,0,0,0,0,3,1,-1,1,1,48,8,12902,2,6,DAF TRUCKS MODEL MISSING,9,E01013121,0,1
2024302401678,2024,302401678,1,21,0,-1,3,1,5,-1,0,8,0,0,0,0,1,1,-1,1,1,46,8,12902,2,5,DAF TRUCKS MODEL MISSING,1,E01019561,0,4
2024461462092,2024,461462092,1,20,0,-1,11,6,2,-1,0,0,0,0,0,0,2,9,-1,6,1,42,7,-1,-1,-1,DAF TRUCKS MODEL MISSING,2,E01031981,0,5
2024010501992,2024,010501992,2,21,9,99,99,9,9,99,99,9,9,99,9,99,9,9,6,6,3,-1,-1,10837,2,5,DAF TRUCKS MODEL MISSING,9,E01022061,0,4
2024991510269,2024,991510269,2,21,1,-1,19,1,5,-1,0,0,0,0,0,0,1,1,-1,1,1,65,9,12902,2,4,DAF TRUCKS MODEL MISSING,10,-1,0,5
2024141488235,2024,141488235,1,21,0,-1,19,4,8,-1,0,0,0,0,0,0,1,1,-1,1,1,77,11,12902,2,3,DAF TRUCKS MODEL MISSING,8,E01008799,0,5
2024010526220,2024,010526220,1,19,0,99,99,9,9,99,99,0,9,99,9,99,9,9,1,1,1,48,8,6700,2,1,DAF TRUCKS MODEL MISSING,8,E01035595,0,4
2024421436003,2024,421436003,1,21,0,-1,7,5,1,-1,0,0,5,0,0,0,3,1,-1,1,1,57,9,12902,2,6,DAF TRUCKS MODEL MISSING,9,E01022076,0,4
2024161458492,2024,161458492,2,19,0,-1,19,3,7,-1,0,4,0,0,0,0,1,1,-1,1,1,60,9,12900,2,12,DAF TRUCKS MODEL MISSING,6,E01021406,0,5
2024501430110,2024,501430110,1,21,0,-1,2,0,0,-1,0,0,0,0,0,0,1,1,-1,6,1,54,8,-1,-1,-1,DAF TRUCKS MODEL MISSING,2,E01015162,0,4
2024070461431,2024,070461431,2,21,0,18,19,2,6,0,0,0,0,0,0,0,1,1,1,1,1,36,7,10837,2,7,DAF TRUCKS MODEL MISSING,1,E01012396,0,3
2024041501878,2024,041501878,2,21,0,-1,19,3,7,-1,0,0,0,0,0,0,3,1,-1,1,1,59,9,10837,2,9,DAF TRUCKS MODEL MISSING,5,E01025025,0,4
2024010533206,2024,010533206,1,20,0,4,4,5,1,0,0,0,0,0,0,0,4,1,1,1,1,46,8,4500,2,3,DAF TRUCKS MODEL MISSING,3,E01021852,0,4
2024421423660,2024,421423660,2,21,0,-1,19,3,7,-1,0,0,0,0,0,0,2,1,-1,1,2,31,6,6700,2,1,DAF TRUCKS MODEL MISSING,6,E01018297,0,4
2024421452819,2024,421452819,2,90,0,-1,4,2,6,-1,0,0,0,0,0,0,2,1,-1,1,1,52,8,6700,2,6,DAF TRUCKS MODEL MISSING,9,E01015833,0,2
2024302401244,2024,302401244,2,21,1,17,19,2,7,0,0,1,0,0,0,0,1,1,1,1,1,66,10,10837,2,1,DAF TRUCKS MODEL MISSING,8,E01026578,0,5
2024041497766,2024,041497766,2,21,1,-1,-1,6,2,-1,-1,0,0,0,0,0,1,1,-1,-1,1,64,9,12902,2,8,DAF TRUCKS MODEL MISSING,2,E01025173,0,4
2024991449847,2024,991449847,2,19,0,-1,19,7,3,-1,0,0,0,0,0,0,3,1,-1,1,1,36,7,6700,2,3,DAF TRUCKS MODEL MISSING,7,-1,0,1
2024340WN4952,2024,340WN4952,1,21,1,-1,19,7,3,-1,0,0,3,0,0,0,1,1,-1,1,1,32,6,12902,2,2,DAF TRUCKS MODEL MISSING,2,E01001144,0,5
2024052401045,2024,052401045,1,21,0,11,11,1,5,0,0,0,0,0,0,0,4,1,1,1,1,54,8,12902,2,1,DAF TRUCKS MODEL MISSING,5,E01004936,0,3
2024052401700,2024,052401700,1,21,0,5,5,3,7,0,0,8,0,0,0,0,3,1,1,1,1,39,7,6700,2,6,DAF TRUCKS MODEL MISSING,2,E01007026,0,3
2024421498602,2024,421498602,2,21,1,-1,19,2,7,-1,0,0,0,0,0,0,3,1,-1,1,1,41,7,12902,2,2,DAF TRUCKS MODEL MISSING,1,E01033129,0,4
2024320498318,2024,320498318,1,19,0,-1,-1,2,6,0,0,8,0,0,0,0,4,1,6,6,3,-1,-1,4500,2,4,DAF TRUCKS MODEL MISSING,-1,-1,0,-1
2024340WN1512,2024,340WN1512,1,21,0,-1,9,2,8,-1,0,6,0,0,0,0,0,1,-1,1,1,47,8,10837,2,1,DAF TRUCKS MODEL MISSING,9,E01026347,0,4
2024522402935,2024,522402935,2,21,0,11,11,3,7,0,0,8,0,0,0,0,4,1,1,1,3,-1,-1,10837,2,3,DAF TRUCKS MODEL MISSING,-1,-1,0,-1
2024361466289,2024,361466289,1,21,0,-1,4,5,1,-1,0,0,0,0,0,0,1,1,-1,1,1,46,8,10837,2,3,DAF TRUCKS MODEL MISSING,6,E01026451,0,3
202460Q078115,2024,60Q078115,1,98,0,4,4,8,4,0,0,1,0,0,0,0,1,1,1,1,1,63,9,4462,2,11,DAF TRUCKS MODEL MISSING,-1,-1,0,-1
2024461450490,2024,461450490,2,21,1,-1,2,0,0,-1,-1,0,0,0,0,0,2,1,-1,2,1,32,6,12902,2,10,DAF TRUCKS MODEL MISSING,-1,-1,0,-1
2024340WN2502,2024,340WN2502,2,21,0,-1,19,8,4,-1,0,0,0,0,0,0,2,1,-1,1,1,56,9,12902,2,3,DAF TRUCKS MODEL MISSING,9,E01027286,0,1
2024461451783,2024,461451783,2,21,0,-1,19,1,1,-1,0,1,0,0,0,0,1,2,-1,1,1,52,8,4462,2,11,DAF TRUCKS MODEL MISSING,5,E01024206,0,3
2024311530986,2024,311530986,1,21,1,-1,19,1,5,-1,0,0,2,0,7,0,3,1,-1,1,1,40,7,6700,2,5,DAF TRUCKS MODEL MISSING,6,E01007570,0,4
2024471478678,2024,471478678,1,20,0,-1,9,3,1,-1,0,8,0,0,0,0,3,1,-1,6,2,53,8,4461,2,15,DAF TRUCKS MODEL MISSING,7,E01035321,0,2
2024371559382,2024,371559382,1,21,1,-1,19,7,3,-1,0,0,0,0,0,0,1,1,-1,1,1,58,9,10837,2,3,DAF TRUCKS MODEL MISSING,9,E01030148,0,3
2024531450675,2024,531450675,2,21,0,-1,19,5,1,-1,0,0,0,0,0,0,2,1,-1,1,1,25,5,4500,2,5,DAF TRUCKS MODEL MISSING,9,E01014796,0,4
202460Q064383,2024,60Q064383,2,21,0,18,19,1,5,0,0,0,0,0,0,0,1,1,6,6,1,55,8,-1,-1,-1,DAF TRUCKS MODEL MISSING,-1,-1,0,-1
2024070146826,2024,070146826,1,20,0,18,19,7,3,0,0,0,0,0,0,0,3,1,1,1,1,60,9,-1,-1,-1,DAF TRUCKS MODEL MISSING,5,E01014180,0,4
2024041416034,2024,041416034,2,98,0,-1,19,3,7,-1,0,0,0,0,0,0,2,1,-1,1,1,61,9,4500,2,5,DAF TRUCKS MODEL MISSING,1,E01024885,0,3
2024141516119,2024,141516119,3,21,0,-1,3,1,5,-1,0,0,0,0,0,0,2,1,-1,1,1,47,8,12902,2,1,DAF TRUCKS MODEL MISSING,8,E01027783,0,4
2024041394048,2024,041394048,3,90,0,-1,13,1,5,-1,0,0,0,0,7,0,1,1,-1,9,1,25,5,6692,2,10,DAF TRUCKS MODEL MISSING,8,E01025497,0,2
2024461449201,2024,461449201,3,90,0,-1,19,5,1,-1,0,8,0,0,0,0,0,9,-1,1,1,-1,-1,6700,2,5,DAF TRUCKS MODEL MISSING,3,E01035294,0,2
2024631422247,2024,631422247,2,21,4,-1,2,0,0,-1,0,0,0,0,0,0,0,1,-1,1,1,50,8,6700,2,9,DAF TRUCKS MODEL MISSING,1,W01001386,0,4
2024411422629,2024,411422629,2,21,-1,-1,-1,0,0,-1,-1,-1,-1,-1,-1,0,-1,1,-1,1,1,32,6,6700,2,1,DAF TRUCKS MODEL MISSING,-1,-1,0,-1
2024122401231,2024,122401231,1,21,1,18,19,7,5,0,0,0,2,0,7,11,1,1,1,1,1,44,7,12902,2,3,DAF TRUCKS MODEL MISSING,-1,-1,0,-1
2024610030524,2024,610030524,1,21,1,17,19,5,2,0,0,0,0,0,0,0,1,1,1,1,1,29,6,12902,2,1,DAF TRUCKS MODEL MISSING,3,E01006282,0,5
2024010519719,2024,010519719,1,19,0,5,5,3,7,0,0,2,0,0,0,0,1,1,1,1,1,44,7,3800,2,5,DAF TRUCKS MODEL MISSING,5,E01004127,0,2
2024320108744,2024,320108744,2,21,1,-1,-1,4,8,0,0,0,0,0,8,4,1,1,1,1,1,58,9,12902,2,1,DAF TRUCKS MODEL MISSING,1,E01013209,0,3
2024440075362,2024,440075362,2,21,0,18,19,1,5,0,0,4,0,0,0,0,3,1,1,1,1,64,9,4462,2,11,DAF TRUCKS MODEL MISSING,9,E01022699,0,4
2024141428930,2024,141428930,2,21,0,-1,19,5,1,-1,0,0,0,0,0,0,1,1,-1,1,1,32,6,10837,2,4,DAF TRUCKS MODEL MISSING,7,E01011828,0,4
2024201463476,2024,201463476,2,90,0,-1,9,7,5,-1,0,6,0,0,0,0,3,9,-1,1,1,46,8,6700,2,2,DAF TRUCKS MODEL MISSING,1,E01010274,0,2
2024421479154,2024,421479154,1,20,0,-1,9,4,8,-1,0,1,0,0,7,0,3,1,-1,1,1,52,8,4500,2,2,DAF TRUCKS MODEL MISSING,2,E01000509,0,4
2024351473725,2024,351473725,2,21,1,-1,19,1,5,-1,0,0,0,0,0,0,3,1,-1,6,1,56,9,10837,2,3,DAF TRUCKS MODEL MISSING,10,E01013215,0,5
2024201458705,2024,201458705,2,21,1,-1,11,7,3,-1,0,0,0,0,0,0,1,9,-1,1,1,26,6,10837,2,5,DAF TRUCKS MODEL MISSING,6,E01032462,0,4
2024311423682,2024,311423682,1,21,5,-1,19,3,7,-1,0,0,0,0,0,0,1,1,-1,1,-1,-1,-1,6700,2,2,DAF TRUCKS MODEL MISSING,-1,-1,0,-1
2024371405446,2024,371405446,3,21,1,-1,19,7,3,-1,0,0,0,0,0,0,2,1,-1,1,1,51,8,10837,2,2,DAF TRUCKS MODEL MISSING,4,E01022012,0,4
2024211430875,2024,211430875,1,98,0,-1,19,4,8,-1,0,0,5,0,0,0,4,9,-1,1,1,-1,-1,4461,2,13,DAF TRUCKS MODEL MISSING,1,E01034838,0,5
2024131455637,2024,131455637,1,20,0,-1,2,0,0,-1,0,8,0,0,0,0,0,1,-1,1,1,37,7,4500,2,5,DAF TRUCKS MODEL MISSING,2,E01011785,0,1
2024211468757,2024,211468757,3,21,0,-1,2,2,6,-1,0,0,0,0,0,0,2,1,-1,1,1,41,7,-1,-1,-1,DAF TRUCKS MODEL MISSING,5,E01028895,0,4
2024631485783,2024,631485783,1,20,0,-1,19,4,8,-1,0,0,0,0,0,0,2,1,-1,1,1,63,9,4461,2,12,DAF TRUCKS MODEL MISSING,6,W01000459,0,3
2024461482192,2024,461482192,3,21,4,-1,19,6,2,-1,0,2,0,0,0,0,3,1,-1,1,1,55,8,10837,2,4,DAF TRUCKS MODEL MISSING,4,E01035314,0,4
2024471498068,2024,471498068,1,21,0,-1,19,3,7,-1,0,1,5,0,0,0,1,1,-1,2,1,57,9,6700,2,6,DAF TRUCKS MODEL MISSING,5,E01034301,0,3
2024361462937,2024,361462937,1,98,4,-1,19,5,1,-1,0,0,0,0,0,0,1,1,-1,1,1,33,6,4461,2,12,DAF TRUCKS MODEL MISSING,9,E01026581,0,4
2024991488176,2024,991488176,2,21,0,-1,19,5,1,-1,0,0,1,0,0,0,1,1,-1,1,1,57,9,10837,2,6,DAF TRUCKS MODEL MISSING,2,-1,0,4
2024991412689,2024,991412689,3,21,1,-1,9,2,1,-1,0,8,0,0,0,0,0,1,-1,1,1,63,9,12902,2,8,DAF TRUCKS MODEL MISSING,6,-1,0,4
2024430324259,2024,430324259,1,21,0,18,19,2,6,0,0,3,0,0,0,0,1,1,1,1,1,60,9,12900,2,16,DAF TRUCKS MODEL MISSING,8,E01027325,0,4
2024440325868,2024,440325868,2,21,0,5,5,2,6,8,6,0,0,0,0,0,2,1,1,1,2,45,7,10837,2,2,DAF TRUCKS MODEL MISSING,4,E01015382,0,4
2024231540887,2024,231540887,3,20,0,-1,19,6,2,-1,0,0,0,0,0,0,1,1,-1,6,1,48,8,-1,-1,-1,DAF TRUCKS MODEL MISSING,8,E01034451,0,4
2024351403835,2024,351403835,2,21,1,-1,19,5,1,-1,0,1,0,0,0,0,1,9,-1,1,1,52,8,12902,2,8,DAF TRUCKS MODEL MISSING,5,E01021429,0,4
2024471472960,2024,471472960,2,21,0,-1,2,0,0,-1,-1,0,0,0,0,0,2,1,-1,6,-1,-1,-1,12902,2,6,DAF TRUCKS MODEL MISSING,-1,-1,0,-1
2024430617387,2024,430617387,2,21,1,18,19,4,8,0,0,0,0,0,0,0,4,1,1,1,1,63,9,12902,2,2,DAF TRUCKS MODEL MISSING,1,E01010485,0,5
2024320259537,2024,320259537,2,21,0,-1,-1,4,8,0,0,0,1,0,1,0,1,1,6,6,1,38,7,12902,2,2,DAF TRUCKS MODEL MISSING,4,E01027130,0,4
2024622400273,2024,622400273,3,19,0,17,19,8,4,0,0,0,0,0,0,0,2,1,1,1,1,39,7,10837,2,9,DAF TRUCKS MODEL MISSING,5,W01002022,0,1
2024161420408,2024,161420408,1,21,0,-1,19,1,5,-1,0,1,0,0,0,0,1,1,-1,1,1,42,7,10837,2,2,DAF TRUCKS MODEL MISSING,9,E01013121,0,3
2024311532394,2024,311532394,2,98,0,-1,2,5,6,-1,0,0,0,0,0,0,2,1,-1,1,1,49,8,4500,2,7,DAF TRUCKS MODEL MISSING,1,E01027939,0,1
2024010547084,2024,010547084,3,19,0,3,3,7,3,0,0,0,0,0,0,0,2,1,1,1,1,57,9,4500,2,7,DAF TRUCKS MODEL MISSING,8,E01000784,0,2
2024131521076,2024,131521076,1,21,0,-1,11,7,3,-1,0,1,0,0,0,0,4,1,-1,1,1,63,9,12902,2,4,DAF TRUCKS MODEL MISSING,9,E01012335,0,4
2024311425603,2024,311425603,1,21,0,-1,19,1,5,-1,0,0,0,0,0,0,1,1,-1,1,1,33,6,6700,2,2,DAF TRUCKS MODEL MISSING,6,E01013476,0,3
2024211425943,2024,211425943,2,20,0,-1,19,7,3,-1,0,0,0,0,0,0,1,9,-1,1,1,51,8,4461,2,12,DAF TRUCKS MODEL MISSING,8,E01028411,0,4
2024221518977,2024,221518977,1,21,1,-1,19,5,1,-1,0,0,0,0,0,0,3,1,-1,1,1,45,7,10837,2,1,DAF TRUCKS MODEL MISSING,2,E01014497,0,4
2024320705262,2024,320705262,1,21,4,-1,-1,6,2,0,0,8,5,0,0,0,4,1,1,1,1,33,6,12902,2,6,DAF TRUCKS MODEL MISSING,9,E01026269,0,3
2024440519839,2024,440519839,1,21,0,4,4,4,5,0,0,1,0,0,0,0,1,1,1,1,1,43,7,10837,2,1,DAF TRUCKS MODEL MISSING,3,E01017170,0,4
2024231524840,2024,231524840,1,21,1,-1,12,4,8,-1,0,0,0,0,0,0,4,9,-1,2,1,34,6,10837,2,3,DAF TRUCKS MODEL MISSING,3,E01025866,0,4
2024461516265,2024,461516265,1,21,0,-1,19,1,5,-1,0,1,0,0,0,0,4,9,-1,6,1,30,6,6700,2,9,DAF TRUCKS MODEL MISSING,3,E01016067,0,3
2024041511486,2024,041511486,4,21,0,-1,19,5,1,-1,0,0,0,0,0,0,3,1,-1,9,1,39,7,6700,2,1,DAF TRUCKS MODEL MISSING,1,E01005551,0,4
2024131515717,2024,131515717,1,21,0,-1,12,5,1,-1,0,0,0,0,0,0,3,1,-1,6,3,-1,-1,12902,2,8,DAF TRUCKS MODEL MISSING,-1,-1,0,-1
2024161486813,2024,161486813,2,21,0,-1,19,2,6,-1,0,0,0,0,0,0,4,1,-1,6,1,-1,-1,10837,2,5,DAF TRUCKS MODEL MISSING,-1,-1,0,-1
2024131431894,2024,131431894,2,21,0,-1,5,7,3,-1,0,1,0,0,0,0,4,1,-1,1,1,51,8,10837,2,1,DAF TRUCKS MODEL MISSING,6,E01035049,0,3
2024010532643,2024,010532643,1,21,0,5,5,7,3,0,0,6,0,0,0,0,4,1,1,1,1,62,9,4500,2,2,DAF TRUCKS MODEL MISSING,4,E01034357,0,4
2024311447991,2024,311447991,1,21,4,-1,19,6,2,-1,0,0,0,0,0,0,1,1,-1,1,1,27,6,12902,2,11,DAF TRUCKS MODEL MISSING,-1,-1,0,-1
2024430258151,2024,430258151,2,21,4,18,19,8,4,0,0,8,0,0,0,2,1,1,1,1,1,48,8,6700,2,1,DAF TRUCKS MODEL MISSING,6,E01022169,0,4
2024221424967,2024,221424967,2,21,1,-1,19,4,8,-1,0,1,0,0,0,0,3,9,-1,1,1,48,8,12902,2,5,DAF TRUCKS MODEL MISSING,7,W01000225,0,4