collision_index,collision_year,collision_ref_no,vehicle_reference,vehicle_type,towing_and_articulation,vehicle_manoeuvre_historic,vehicle_manoeuvre,vehicle_direction_from,vehicle_direction_to,vehicle_location_restricted_lane_historic,vehicle_location_restricted_lane,junction_location,skidding_and_overturning,hit_object_in_carriageway,vehicle_leaving_carriageway,hit_object_off_carriageway,first_point_of_impact,vehicle_left_hand_drive,journey_purpose_of_driver_historic,journey_purpose_of_driver,sex_of_driver,age_of_driver,age_band_of_driver,engine_capacity_cc,propulsion_code,age_of_vehicle,generic_make_model,driver_imd_decile,lsoa_of_driver,escooter_flag,driver_distance_banding
2024361490268,2024,361490268,2,98,0,-1,2,0,0,-1,0,0,0,10,1,0,2,1,-1,6,-1,-1,-1,4461,2,15,DAF TRUCKS MODEL MISSING,-1,-1,0,-1
2024010507980,2024,010507980,1,20,0,3,3,3,7,0,0,1,0,0,0,0,1,1,1,1,1,46,8,-1,-1,-1,DAF TRUCKS MODEL MISSING,1,E01002842,0,1
2024361479299,2024,361479299,2,21,1,-1,4,5,1,-1,0,1,0,0,0,0,2,1,-1,1,1,-1,-1,4500,2,7,DAF TRUCKS MODEL MISSING,2,E01004824,0,5
2024361456613,2024,361456613,2,21,1,-1,19,7,1,-1,0,0,0,0,0,0,1,1,-1,1,1,38,7,12902,2,2,DAF TRUCKS MODEL MISSING,5,E01026726,0,3
2024070809446,2024,070809446,3,21,0,-1,19,8,4,-1,0,1,0,0,0,0,1,1,-1,1,1,59,9,-1,2,3,DAF TRUCKS MODEL MISSING,9,E01018386,0,4
2024071016485,2024,071016485,1,21,1,-1,19,5,1,-1,0,0,0,0,0,0,4,1,-1,1,1,57,9,12902,2,2,DAF TRUCKS MODEL MISSING,5,E01025320,0,4
2024531398240,2024,531398240,1,21,0,-1,19,5,1,-1,0,0,5,0,7,0,3,1,-1,1,1,74,10,12900,2,13,DAF TRUCKS MODEL MISSING,5,E01029941,0,5
2024340WN1932,2024,340WN1932,2,21,0,-1,11,6,2,-1,0,0,0,0,0,0,2,1,-1,1,1,57,9,10837,2,1,DAF TRUCKS MODEL MISSING,6,E01027029,0,4
2024430432675,2024,430432675,3,21,0,18,19,1,5,0,0,0,0,0,0,0,3,1,1,1,1,19,4,6700,2,3,DAF TRUCKS MODEL MISSING,10,E01017936,0,2
2024070909388,2024,070909388,2,21,4,-1,19,7,7,-1,0,0,0,0,0,0,1,1,-1,1,1,57,9,12902,2,3,DAF TRUCKS MODEL MISSING,5,E01005777,0,3
2024311532073,2024,311532073,1,21,0,-1,7,1,2,-1,0,3,2,0,0,0,3,1,-1,1,1,61,9,12902,2,0,DAF TRUCKS MODEL MISSING,-1,-1,0,-1
2024041398544,2024,041398544,1,21,0,-1,19,5,1,-1,0,1,1,0,0,0,1,1,-1,1,1,56,9,4500,2,4,DAF TRUCKS MODEL MISSING,1,E01012600,0,1
2024340WN0642,2024,340WN0642,2,21,0,-1,3,1,5,-1,0,2,0,0,0,0,2,1,-1,1,1,38,7,12902,2,3,DAF TRUCKS MODEL MISSING,1,E01026960,0,4
2024361483105,2024,361483105,2,21,0,-1,19,2,6,-1,0,0,0,0,0,0,3,2,-1,1,1,51,8,10837,2,8,DAF TRUCKS MODEL MISSING,2,E01035134,0,4
2024501438003,2024,501438003,1,21,0,-1,19,3,7,-1,0,0,0,0,0,0,1,1,-1,1,1,55,8,4500,2,10,DAF TRUCKS MODEL MISSING,8,E01015104,0,1
2024340WN4642,2024,340WN4642,1,20,0,-1,7,7,1,-1,0,5,5,0,0,0,3,1,-1,1,1,52,8,4500,2,5,DAF TRUCKS MODEL MISSING,7,E01027335,0,4
2024501458119,2024,501458119,1,21,0,-1,19,6,2,-1,0,0,0,0,0,0,0,2,-1,1,1,65,9,6693,2,11,DAF TRUCKS MODEL MISSING,4,E01019071,0,4
2024010506852,2024,010506852,1,21,0,5,5,0,5,0,0,1,0,0,0,0,1,1,1,1,1,55,8,10837,2,3,DAF TRUCKS MODEL MISSING,4,E01023738,0,4
2024311440381,2024,311440381,3,21,1,-1,19,1,5,-1,0,0,0,0,0,0,1,1,-1,1,1,57,9,12902,2,5,DAF TRUCKS MODEL MISSING,-1,-1,0,-1
2024231452860,2024,231452860,1,21,1,-1,11,8,4,-1,0,3,0,0,0,0,3,1,-1,1,1,50,8,10837,2,7,DAF TRUCKS MODEL MISSING,9,E01031143,0,4
2024501410012,2024,501410012,1,21,1,-1,19,7,3,-1,0,0,5,0,2,0,4,9,-1,1,1,60,9,12902,2,1,DAF TRUCKS MODEL MISSING,2,E01029291,0,5
2024231531127,2024,231531127,1,21,1,-1,3,6,2,-1,0,1,0,0,0,0,1,1,-1,1,1,63,9,6700,2,6,DAF TRUCKS MODEL MISSING,-1,-1,0,-1
2024361512312,2024,361512312,1,21,-1,-1,1,1,1,-1,0,1,0,0,0,0,2,9,-1,1,1,-1,-1,6700,2,7,DAF TRUCKS MODEL MISSING,-1,-1,0,-1
2024070786598,2024,070786598,1,21,1,-1,9,1,6,-1,0,6,0,0,0,0,1,1,-1,1,1,50,8,12902,2,5,DAF TRUCKS MODEL MISSING,3,E01027330,0,5
2024010513559,2024,010513559,2,90,0,18,19,7,3,0,0,1,0,0,0,0,4,1,6,6,3,24,5,-1,-1,-1,DAF TRUCKS MODEL MISSING,-1,-1,0,-1
2024351405098,2024,351405098,1,21,0,-1,-1,-1,-1,-1,-1,0,-1,-1,-1,0,-1,9,-1,6,1,-1,-1,10837,2,1,DAF TRUCKS MODEL MISSING,-1,-1,0,-1
2024501456220,2024,501456220,1,20,0,-1,19,8,4,-1,0,0,0,0,0,0,3,1,-1,1,1,65,9,4500,2,6,DAF TRUCKS MODEL MISSING,9,E01020058,0,4
2024031479727,2024,031479727,2,20,0,-1,19,3,7,-1,0,8,0,0,7,0,1,1,-1,1,1,49,8,6700,2,9,DAF TRUCKS MODEL MISSING,6,E01019235,0,4
2024221515641,2024,221515641,2,21,1,-1,19,7,3,-1,0,1,0,0,0,0,1,1,-1,1,1,65,9,10837,2,5,DAF TRUCKS MODEL MISSING,-1,-1,0,-1
2024122400779,2024,122400779,2,21,0,18,19,5,1,0,0,8,0,0,0,0,4,1,1,1,1,53,8,10837,2,10,DAF TRUCKS MODEL MISSING,2,E01027852,0,4
2024332401240,2024,332401240,1,21,0,-1,19,1,5,-1,0,0,0,0,0,0,2,1,-1,1,1,58,9,4460,2,0,DAF TRUCKS MODEL MISSING,3,E01011212,0,5
2024631488155,2024,631488155,3,21,0,-1,19,5,1,-1,0,0,1,0,0,0,2,1,-1,6,-1,-1,-1,6700,2,5,DAF TRUCKS MODEL MISSING,-1,-1,0,-1
2024991466562,2024,991466562,3,21,1,-1,19,2,6,-1,0,0,1,0,0,0,2,9,-1,1,1,44,7,12902,2,2,DAF TRUCKS MODEL MISSING,9,E01025533,0,5
2024440481636,2024,440481636,1,21,0,18,19,1,5,0,0,0,0,5,0,0,2,1,1,1,1,65,9,6700,2,9,DAF TRUCKS MODEL MISSING,-1,-1,0,-1
2024131494120,2024,131494120,1,21,0,-1,19,3,7,-1,0,0,1,0,0,0,3,1,-1,1,1,47,8,12902,2,2,DAF TRUCKS MODEL MISSING,1,E01007547,0,4
2024332400249,2024,332400249,2,21,4,-1,13,8,4,-1,0,0,3,0,0,0,1,1,-1,1,1,61,9,12902,2,9,DAF TRUCKS MODEL MISSING,2,E01010064,0,4
2024201459996,2024,201459996,1,98,0,-1,2,0,0,-1,0,0,0,0,0,0,1,1,-1,6,1,62,9,4500,2,9,DAF TRUCKS MODEL MISSING,1,E01010058,0,2
2024221441968,2024,221441968,1,21,1,-1,13,1,5,-1,0,0,0,0,0,0,4,1,-1,1,1,48,8,10837,2,3,DAF TRUCKS MODEL MISSING,6,E01027109,0,4
2024411522032,2024,411522032,2,21,0,-1,19,1,5,-1,0,0,0,0,0,0,2,1,-1,6,1,53,8,6700,2,5,DAF TRUCKS MODEL MISSING,4,E01030133,0,4
2024421517772,2024,421517772,4,21,0,-1,19,7,3,-1,0,0,0,0,0,0,1,1,-1,1,1,44,7,4460,2,0,DAF TRUCKS MODEL MISSING,4,E01021277,0,4
2024411476797,2024,411476797,1,21,1,-1,19,6,2,-1,0,0,0,0,0,0,3,1,-1,1,1,35,6,12902,2,1,DAF TRUCKS MODEL MISSING,10,E01016652,0,4
2024351499754,2024,351499754,2,21,1,-1,15,5,1,-1,0,0,1,4,1,7,1,1,-1,1,1,39,7,12902,2,2,DAF TRUCKS MODEL MISSING,1,E01013443,0,5
2024201428391,2024,201428391,2,21,1,-1,11,1,5,-1,0,0,0,0,0,0,4,1,-1,1,1,58,9,12900,2,10,DAF TRUCKS MODEL MISSING,1,E01034927,0,2
2024311424655,2024,311424655,1,21,1,-1,10,1,5,-1,0,1,0,0,0,0,1,1,-1,9,1,47,8,12902,2,2,DAF TRUCKS MODEL MISSING,2,E01007593,0,4
2024320139875,2024,320139875,2,21,0,13,13,1,5,0,0,0,1,0,1,0,3,1,1,1,1,57,9,4460,2,1,DAF TRUCKS MODEL MISSING,4,E01026705,0,4
2024010530502,2024,010530502,2,19,0,18,19,3,7,0,0,1,0,0,0,0,1,1,1,1,1,59,9,-1,-1,-1,DAF TRUCKS MODEL MISSING,9,E01000659,0,3
2024421460253,2024,421460253,1,21,1,-1,11,5,1,-1,0,0,0,0,0,0,4,1,-1,1,1,69,10,12902,2,3,DAF TRUCKS MODEL MISSING,4,E01016157,0,3
2024991459391,2024,991459391,2,90,1,-1,19,6,2,-1,0,0,0,0,0,0,3,1,-1,1,1,63,9,-1,-1,-1,DAF TRUCKS MODEL MISSING,9,-1,0,4
202417S205024,2024,17S205024,2,21,0,-1,19,5,1,-1,0,0,0,0,0,0,1,1,-1,1,1,58,9,6700,2,1,DAF TRUCKS MODEL MISSING,6,E01012279,0,1
2024320611507,2024,320611507,2,20,0,-1,-1,4,8,0,0,8,0,0,0,0,1,1,1,1,1,60,9,4462,2,10,DAF TRUCKS MODEL MISSING,4,E01013019,0,4
2024111509829,2024,111509829,1,21,0,-1,9,8,6,-1,0,0,0,0,0,0,3,9,-1,6,1,30,6,-1,-1,-1,DAF TRUCKS MODEL MISSING,9,E01012346,0,3
2024361454409,2024,361454409,1,21,1,-1,7,1,3,-1,0,1,5,0,1,0,1,1,-1,1,1,42,7,12902,2,4,DAF TRUCKS MODEL MISSING,5,E01026728,0,4
2024221402901,2024,221402901,2,21,1,-1,19,1,6,-1,0,8,0,0,0,0,4,1,-1,1,1,51,8,6700,2,2,DAF TRUCKS MODEL MISSING,9,E01029659,0,4
2024010550740,2024,010550740,2,21,1,4,4,7,3,0,0,1,0,0,0,0,0,1,1,1,1,39,7,12902,2,0,DAF TRUCKS MODEL MISSING,7,E01013686,0,5
2024451479647,2024,451479647,2,21,0,-1,19,3,7,-1,0,0,9,99,0,0,9,1,-1,6,1,39,7,12902,2,3,DAF TRUCKS MODEL MISSING,-1,-1,0,-1
2024010550657,2024,010550657,2,21,1,9,9,5,3,0,0,8,0,0,0,0,1,1,6,6,1,25,5,10837,2,7,DAF TRUCKS MODEL MISSING,7,E01024317,0,4
2024552400599,2024,552400599,3,21,1,18,19,2,6,0,0,0,0,0,0,0,2,1,1,1,3,-1,-1,12902,2,5,DAF TRUCKS MODEL MISSING,-1,-1,0,-1
2024211400322,2024,211400322,5,21,1,-1,19,1,5,-1,0,0,0,0,0,0,1,9,-1,1,1,48,8,12902,2,4,DAF TRUCKS MODEL MISSING,1,W01000962,0,5
2024320080415,2024,320080415,2,20,0,-1,-1,1,5,0,0,8,0,0,1,0,1,1,1,1,1,57,9,10837,2,8,DAF TRUCKS MODEL MISSING,6,E01026247,0,3
2024461438974,2024,461438974,2,21,1,-1,19,6,2,-1,0,0,0,0,0,0,3,1,-1,1,1,66,10,10837,2,2,DAF TRUCKS MODEL MISSING,9,E01034358,0,4
2024031512205,2024,031512205,2,21,1,-1,19,7,3,-1,0,1,0,0,0,0,1,1,-1,1,1,38,7,12900,2,5,DAF TRUCKS MODEL MISSING,9,E01025328,0,4
2024610034124,2024,610034124,2,21,1,18,19,1,5,0,0,1,1,0,0,0,1,1,1,1,1,56,9,6700,2,2,DAF TRUCKS MODEL MISSING,2,W01001973,0,3
2024371498546,2024,371498546,1,21,1,-1,4,-1,-1,-1,0,4,0,0,0,0,1,1,-1,6,1,61,9,12902,2,2,DAF TRUCKS MODEL MISSING,6,E01021972,0,4
2024201512974,2024,201512974,1,90,0,-1,9,6,4,-1,0,5,0,0,0,0,3,1,-1,1,1,42,7,12900,2,13,DAF TRUCKS MODEL MISSING,-1,-1,0,-1
2024011448306,2024,011448306,1,21,0,-1,11,1,5,-1,0,0,0,0,0,0,1,1,-1,1,1,73,10,12902,2,9,DAF TRUCKS MODEL MISSING,2,E01021185,0,4
2024461474921,2024,461474921,2,21,4,-1,4,7,3,-1,-1,0,0,0,1,0,1,1,-1,6,1,57,9,12902,2,3,DAF TRUCKS MODEL MISSING,2,E01024214,0,4
2024201499826,2024,201499826,1,21,1,-1,5,5,7,-1,0,0,0,0,0,0,1,2,-1,1,1,24,5,10837,2,8,DAF TRUCKS MODEL MISSING,-1,-1,0,-1
2024351526063,2024,351526063,4,21,1,-1,2,0,0,-1,-1,0,0,0,0,0,2,1,-1,1,1,54,8,12902,2,7,DAF TRUCKS MODEL MISSING,9,E01026581,0,5
2024231459227,2024,231459227,1,21,1,-1,19,4,8,-1,0,8,0,0,0,0,4,1,-1,1,1,44,7,12902,2,8,DAF TRUCKS MODEL MISSING,2,E01010564,0,4
2024302400402,2024,302400402,1,21,1,11,11,6,2,0,0,0,0,0,0,0,4,2,6,6,3,-1,-1,12902,2,3,DAF TRUCKS MODEL MISSING,5,E01019456,0,3
2024991430448,2024,991430448,2,21,1,-1,1,2,5,-1,0,0,0,0,0,0,3,1,-1,1,2,27,6,12902,2,8,DAF TRUCKS MODEL MISSING,6,-1,0,2
2024061498244,2024,061498244,2,21,0,-1,19,3,6,-1,0,1,0,0,0,0,1,1,-1,1,1,44,7,6700,2,6,DAF TRUCKS MODEL MISSING,4,E01005943,0,4
2024211415910,2024,211415910,1,19,0,-1,19,2,6,-1,0,1,0,0,0,0,1,9,-1,1,1,-1,-1,4500,2,9,DAF TRUCKS MODEL MISSING,-1,-1,0,-1
2024010519870,2024,010519870,1,21,0,18,19,6,2,0,0,9,0,0,0,0,9,9,6,6,1,52,8,6700,2,2,DAF TRUCKS MODEL MISSING,9,E01004593,0,1
2024371569010,2024,371569010,1,21,4,-1,19,3,7,-1,0,0,0,0,0,0,3,1,-1,1,1,28,6,12902,2,4,DAF TRUCKS MODEL MISSING,10,E01030166,0,1
2024430417191,2024,430417191,2,21,0,18,19,4,8,0,0,0,0,0,0,0,2,1,1,1,1,33,6,4500,2,6,DAF TRUCKS MODEL MISSING,5,E01009796,0,4
2024131420704,2024,131420704,1,21,4,-1,5,5,1,-1,0,2,0,0,0,0,0,1,-1,1,1,21,5,6700,2,7,DAF TRUCKS MODEL MISSING,9,E01011946,0,1
2024010511485,2024,010511485,1,19,0,9,9,7,4,0,0,1,0,0,0,0,3,1,1,1,1,45,7,4500,2,2,DAF TRUCKS MODEL MISSING,3,E01001516,0,4
2024311429173,2024,311429173,2,21,1,-1,19,2,6,-1,0,8,0,0,0,0,1,1,-1,6,1,45,7,12902,2,3,DAF TRUCKS MODEL MISSING,-1,-1,0,-1
2024471496250,2024,471496250,2,20,0,-1,19,2,6,-1,0,0,0,0,0,0,1,1,-1,1,1,50,8,10837,2,6,DAF TRUCKS MODEL MISSING,10,E01031650,0,4
2024201455496,2024,201455496,1,21,1,-1,19,5,1,-1,0,0,0,0,0,0,4,1,-1,1,1,62,9,12902,2,3,DAF TRUCKS MODEL MISSING,-1,-1,0,-1
2024991461079,2024,991461079,2,21,0,-1,19,7,3,-1,0,0,0,0,0,0,1,1,-1,1,1,22,5,9200,2,14,DAF TRUCKS MODEL MISSING,-1,-1,0,-1
2024061459547,2024,061459547,1,21,0,-1,9,-1,-1,-1,99,0,0,0,0,0,1,1,-1,9,1,56,9,-1,2,4,DAF TRUCKS MODEL MISSING,7,E01005891,0,2
2024010537184,2024,010537184,1,21,0,5,5,7,3,0,0,0,0,0,0,0,4,1,1,1,1,61,9,4500,2,4,DAF TRUCKS MODEL MISSING,3,E01004123,0,2
2024010498765,2024,010498765,2,21,0,18,19,7,3,0,0,1,0,0,0,0,1,1,6,6,2,23,5,4500,2,5,DAF TRUCKS MODEL MISSING,-1,-1,0,-1
2024411495421,2024,411495421,1,21,0,-1,4,6,2,-1,0,0,0,0,0,0,3,1,-1,1,1,59,9,10837,2,5,DAF TRUCKS MODEL MISSING,10,E01023617,0,4
2024231536852,2024,231536852,2,21,1,-1,2,0,0,-1,0,0,0,0,0,0,0,1,-1,6,-1,-1,-1,6692,2,12,DAF TRUCKS MODEL MISSING,-1,-1,0,-1
2024302401362,2024,302401362,3,21,1,4,4,5,1,0,0,0,0,0,0,0,2,1,1,1,1,68,10,6700,2,4,DAF TRUCKS MODEL MISSING,4,E01010746,0,4
2024451435289,2024,451435289,3,21,0,-1,19,5,1,-1,0,0,1,0,0,0,1,9,-1,1,1,48,8,12902,2,10,DAF TRUCKS MODEL MISSING,4,E01034369,0,4
2024351412301,2024,351412301,1,21,4,-1,5,3,6,-1,-1,0,0,0,0,0,3,1,-1,1,1,63,9,12902,2,10,DAF TRUCKS MODEL MISSING,2,E01007464,0,5
2024471478865,2024,471478865,2,21,0,-1,19,3,7,-1,0,0,0,0,0,0,1,1,-1,1,1,49,8,10837,2,4,DAF TRUCKS MODEL MISSING,2,E01024548,0,2
2024010530459,2024,010530459,1,20,0,5,5,5,1,0,0,8,0,0,0,0,1,1,1,1,1,64,9,4500,2,2,DAF TRUCKS MODEL MISSING,4,E01030400,0,3
2024340WN3312,2024,340WN3312,1,21,0,-1,11,1,5,-1,0,6,0,0,0,0,1,1,-1,1,1,36,7,6700,2,7,DAF TRUCKS MODEL MISSING,5,E01031144,0,4
2024430331780,2024,430331780,2,21,0,12,12,4,8,0,0,0,0,0,0,0,3,1,6,6,1,-1,-1,10837,2,8,DAF TRUCKS MODEL MISSING,-1,-1,0,-1
2024070403247,2024,070403247,2,21,1,18,19,3,7,0,0,8,0,0,0,0,2,1,1,1,1,59,9,12902,2,1,DAF TRUCKS MODEL MISSING,8,-1,0,5
2024302401477,2024,302401477,2,21,1,7,7,3,7,0,0,3,0,0,0,0,3,1,2,2,1,59,9,12902,2,9,DAF TRUCKS MODEL MISSING,1,E01028957,0,5
2024991522999,2024,991522999,2,21,1,-1,19,3,7,-1,0,0,0,0,1,0,1,1,-1,1,1,42,7,12902,2,1,DAF TRUCKS MODEL MISSING,6,-1,0,4
2024041531625,2024,041531625,2,21,0,-1,19,1,5,-1,0,0,0,0,0,0,1,1,-1,1,1,48,8,12902,2,2,DAF TRUCKS MODEL MISSING,1,E01006849,0,2
2024520403283,2024,520403283,2,90,0,3,3,6,2,0,0,1,0,0,0,0,2,1,1,1,1,35,6,4500,2,4,DAF TRUCKS MODEL MISSING,7,E01029018,0,3
2024421431919,2024,421431919,1,21,1,-1,11,3,7,-1,0,0,0,0,0,0,1,1,-1,6,3,-1,-1,12902,2,5,DAF TRUCKS MODEL MISSING,-1,-1,0,-1
2024430407204,2024,430407204,2,21,1,18,19,8,4,0,0,0,0,0,1,0,1,1,1,1,1,-1,-1,12902,2,1,DAF TRUCKS MODEL MISSING,-1,-1,0,-1
2024131409952,2024,131409952,2,20,0,-1,19,7,3,-1,0,0,0,0,0,0,1,1,-1,1,1,42,7,4500,2,8,DAF TRUCKS MODEL MISSING,9,E01011572,0,2
2024131527125,2024,131527125,2,20,0,-1,19,5,1,-1,0,8,0,0,0,0,1,1,-1,1,1,64,9,4500,2,4,DAF TRUCKS MODEL MISSING,8,E01007485,0,4
2024302400308,2024,302400308,2,21,0,18,19,6,2,0,0,2,0,0,0,0,1,1,1,1,1,62,9,12902,2,5,DAF TRUCKS MODEL MISSING,6,E01005523,0,4
2024522402171,2024,522402171,3,20,0,18,19,4,8,0,0,0,0,0,0,0,1,1,6,6,1,28,6,6690,2,1,DAF TRUCKS MODEL MISSING,8,E01035111,0,4
2024010499585,2024,010499585,1,20,9,2,2,0,0,99,99,0,9,99,9,99,9,9,6,6,3,-1,-1,6700,2,4,DAF TRUCKS MODEL MISSING,-1,-1,0,-1
2024991432282,2024,991432282,1,90,0,-1,11,7,3,-1,0,0,0,0,0,0,4,1,-1,1,1,63,9,10800,2,5,DAF TRUCKS MODEL MISSING,5,-1,0,3
2024061486532,2024,061486532,2,21,0,-1,-1,-1,-1,-1,-1,-1,-1,-1,-1,0,3,9,-1,1,3,-1,-1,10837,2,5,DAF TRUCKS MODEL MISSING,-1,-1,0,-1
2024421414085,2024,421414085,1,21,0,-1,19,7,3,-1,0,0,0,0,0,0,1,1,-1,1,1,37,7,4500,2,8,DAF TRUCKS MODEL MISSING,2,E01021507,0,3
2024122400791,2024,122400791,2,21,0,13,13,7,3,0,0,0,0,0,0,0,1,1,1,1,1,64,9,10837,2,8,DAF TRUCKS MODEL MISSING,1,E01011745,0,4
2024061494670,2024,061494670,1,21,5,-1,9,-1,-1,-1,9,-1,0,0,1,0,0,9,-1,1,1,-1,-1,6700,2,6,DAF TRUCKS MODEL MISSING,6,E01005885,0,2
2024401465278,2024,401465278,2,21,0,-1,2,0,0,-1,0,0,0,0,0,0,2,1,-1,9,1,34,6,-1,-1,-1,DAF TRUCKS MODEL MISSING,6,E01016827,0,3
2024320626168,2024,320626168,1,21,0,-1,-1,4,8,0,0,0,0,0,0,0,1,1,1,1,1,60,9,10837,2,7,DAF TRUCKS MODEL MISSING,6,E01026339,0,2
2024010530973,2024,010530973,3,21,1,18,19,1,5,0,0,0,0,0,0,0,1,1,1,1,1,36,7,10837,2,6,DAF TRUCKS MODEL MISSING,3,E01024399,0,4
2024501432375,2024,501432375,2,21,0,-1,19,6,2,-1,0,1,0,0,0,0,1,1,-1,1,1,37,7,10837,2,1,DAF TRUCKS MODEL MISSING,5,E01031869,0,5
2024041468418,2024,041468418,1,21,0,-1,19,1,1,-1,0,0,0,0,0,0,4,1,-1,1,1,25,5,6690,2,1,DAF TRUCKS MODEL MISSING,4,E01033281,0,4
2024010497810,2024,010497810,2,19,0,18,19,7,3,0,0,0,0,0,0,0,4,1,1,1,1,39,7,6700,2,2,DAF TRUCKS MODEL MISSING,10,E01028465,0,4
2024991438498,2024,991438498,2,20,0,-1,19,7,3,-1,0,1,0,0,0,0,3,1,-1,1,1,47,8,4460,2,1,DAF TRUCKS MODEL MISSING,4,-1,0,3
2024440180604,2024,440180604,1,20,0,18,19,8,4,0,0,1,0,0,0,0,4,1,6,6,3,-1,-1,6700,2,3,DAF TRUCKS MODEL MISSING,-1,-1,0,-1
2024340WN4752,2024,340WN4752,2,20,0,-1,19,8,4,-1,0,0,0,0,0,0,3,1,-1,1,1,57,9,6700,2,6,DAF TRUCKS MODEL MISSING,1,E01009577,0,4
2024131461323,2024,131461323,2,21,0,-1,19,5,1,-1,0,0,0,0,0,0,2,1,-1,1,1,63,9,12902,2,1,DAF TRUCKS MODEL MISSING,2,E01026037,0,5
2024461476874,2024,461476874,2,20,0,-1,19,7,3,-1,0,0,0,0,0,0,1,1,-1,6,1,58,9,-1,-1,-1,DAF TRUCKS MODEL MISSING,3,E01035289,0,3
2024052401931,2024,052401931,1,20,0,18,19,7,3,0,0,8,0,0,0,0,1,1,1,1,1,59,9,6700,2,6,DAF TRUCKS MODEL MISSING,1,E01006493,0,2
2024010524632,2024,010524632,2,20,9,99,99,9,9,99,99,9,9,99,9,99,1,9,6,6,3,-1,-1,4460,2,1,DAF TRUCKS MODEL MISSING,-1,-1,0,-1
2024332400564,2024,332400564,1,21,0,-1,19,3,7,-1,0,0,0,0,0,0,3,1,-1,1,1,55,8,4500,2,5,DAF TRUCKS MODEL MISSING,4,E01013717,0,4
2024302400210,2024,302400210,2,21,0,17,19,6,3,0,0,8,0,0,0,0,4,1,6,6,1,59,9,10837,2,2,DAF TRUCKS MODEL MISSING,-1,-1,0,-1
2024480515069,2024,480515069,1,19,4,5,5,0,1,0,0,1,0,11,0,0,1,1,1,1,1,53,8,4500,2,5,DAF TRUCKS MODEL MISSING,6,E01003261,0,2
2024461469413,2024,461469413,1,21,1,-1,19,6,2,-1,0,0,0,0,0,0,-1,9,-1,1,1,74,10,12902,2,5,DAF TRUCKS MODEL MISSING,1,-1,0,5
202417L203824,2024,17L203824,2,19,0,-1,19,5,1,-1,0,0,0,0,0,0,1,1,-1,1,1,-1,-1,6700,2,8,DAF TRUCKS MODEL MISSING,-1,-1,0,-1
2024351488861,2024,351488861,1,21,1,-1,19,3,7,-1,0,0,0,0,0,0,4,1,-1,1,1,57,9,12902,2,5,DAF TRUCKS MODEL MISSING,5,E01026766,0,5
2024070082093,2024,070082093,2,21,0,18,19,3,7,0,0,0,0,0,0,0,1,1,1,1,1,21,5,6700,2,5,DAF TRUCKS MODEL MISSING,9,E01018491,0,3
2024421434458,2024,421434458,3,21,0,-1,2,0,0,-1,0,0,0,0,0,0,1,1,-1,6,-1,-1,-1,4500,2,7,DAF TRUCKS MODEL MISSING,-1,-1,0,-1
2024302500038,2024,302500038,2,21,1,-1,13,5,1,-1,0,0,0,0,0,0,4,1,-1,1,1,39,7,12902,2,2,DAF TRUCKS MODEL MISSING,1,E01011493,0,4
2024010515766,2024,010515766,1,21,0,2,2,0,0,0,0,1,0,0,0,0,2,1,6,6,3,-1,-1,6700,2,4,DAF TRUCKS MODEL MISSING,-1,-1,0,-1
2024552400533,2024,552400533,3,21,4,18,19,6,2,0,0,0,0,0,1,0,1,1,1,1,1,53,8,12902,2,3,DAF TRUCKS MODEL MISSING,6,E01020539,0,4
2024010544473,2024,010544473,2,20,4,99,99,9,9,99,99,9,9,99,9,99,2,9,6,6,3,-1,-1,4500,2,10,DAF TRUCKS MODEL MISSING,4,E01030816,0,4
2024440194339,2024,440194339,2,21,1,18,19,2,6,0,0,0,0,0,0,0,1,1,6,6,1,31,6,12902,2,4,DAF TRUCKS MODEL MISSING,3,E01031975,0,4
2024991451706,2024,991451706,1,21,1,-1,19,3,6,-1,0,8,1,0,7,0,1,1,-1,1,1,30,6,12902,2,2,DAF TRUCKS MODEL MISSING,6,-1,0,4
2024471419303,2024,471419303,2,21,0,-1,19,2,6,-1,0,0,0,0,0,0,4,9,-1,6,1,61,9,10837,2,4,DAF TRUCKS MODEL MISSING,9,E01031685,0,2
2024461517638,2024,461517638,2,21,0,-1,10,5,1,-1,0,0,0,0,0,0,3,9,-1,6,1,-1,-1,6700,2,5,DAF TRUCKS MODEL MISSING,-1,-1,0,-1
2024461498694,2024,461498694,1,21,0,-1,5,1,5,-1,0,1,0,0,1,0,4,2,-1,1,1,55,8,12902,2,2,DAF TRUCKS MODEL MISSING,2,E01007745,0,5
2024401477171,2024,401477171,1,21,1,-1,19,2,5,-1,0,3,0,0,0,0,1,1,-1,1,1,-1,-1,12902,2,1,DAF TRUCKS MODEL MISSING,-1,-1,0,-1