collision_index,collision_year,collision_ref_no,vehicle_reference,vehicle_type,towing_and_articulation,vehicle_manoeuvre_historic,vehicle_manoeuvre,vehicle_direction_from,vehicle_direction_to,vehicle_location_restricted_lane_historic,vehicle_location_restricted_lane,junction_location,skidding_and_overturning,hit_object_in_carriageway,vehicle_leaving_carriageway,hit_object_off_carriageway,first_point_of_impact,vehicle_left_hand_drive,journey_purpose_of_driver_historic,journey_purpose_of_driver,sex_of_driver,age_of_driver,age_band_of_driver,engine_capacity_cc,propulsion_code,age_of_vehicle,generic_make_model,driver_imd_decile,lsoa_of_driver,escooter_flag,driver_distance_banding
2024430133778,2024,430133778,1,20,0,5,5,6,2,0,0,0,0,0,0,0,1,1,1,1,1,47,8,4500,2,2,DAF TRUCKS MODEL MISSING,-1,-1,0,-1
2024231519736,2024,231519736,4,21,1,-1,19,4,8,-1,0,0,0,0,0,0,1,1,-1,1,1,29,6,6700,2,3,DAF TRUCKS MODEL MISSING,10,E01025872,0,4
2024141459488,2024,141459488,2,90,0,-1,19,2,6,-1,0,4,0,0,0,0,1,1,-1,1,1,39,7,10837,2,7,DAF TRUCKS MODEL MISSING,3,E01007667,0,2
2024031401872,2024,031401872,1,21,4,-1,19,7,5,-1,0,0,5,0,1,0,0,1,-1,1,1,24,5,10837,2,1,DAF TRUCKS MODEL MISSING,1,E01005612,0,5
2024122500020,2024,122500020,2,21,0,18,19,3,7,0,0,0,0,0,0,0,3,1,1,1,3,61,9,6700,2,1,DAF TRUCKS MODEL MISSING,1,E01010925,0,5
2024991442398,2024,991442398,3,21,4,-1,19,2,5,-1,0,1,1,2,1,1,1,1,-1,1,1,51,8,12902,2,2,DAF TRUCKS MODEL MISSING,7,-1,0,2
2024552400367,2024,552400367,2,21,5,2,2,0,0,0,0,0,0,0,0,0,2,1,1,1,1,33,6,6700,2,6,DAF TRUCKS MODEL MISSING,10,E01022646,0,4
2024010551723,2024,010551723,1,21,9,99,99,9,9,99,99,9,9,99,9,99,9,9,6,6,1,-1,-1,12902,2,3,DAF TRUCKS MODEL MISSING,9,E01026269,0,5
2024141506146,2024,141506146,2,21,0,-1,19,5,1,-1,0,1,0,0,0,0,1,1,-1,1,1,55,8,-1,-1,-1,DAF TRUCKS MODEL MISSING,3,E01007429,0,2
2024991395008,2024,991395008,1,21,1,-1,19,2,6,-1,0,1,0,11,0,0,1,1,-1,1,1,55,8,10837,2,2,DAF TRUCKS MODEL MISSING,-1,-1,0,-1
2024421445078,2024,421445078,2,21,1,-1,19,1,4,-1,0,0,0,0,0,0,3,1,-1,1,1,56,9,10837,2,0,DAF TRUCKS MODEL MISSING,5,E01029941,0,4
2024031474572,2024,031474572,2,21,0,-1,19,3,7,-1,0,0,0,0,0,0,1,1,-1,1,1,58,9,10837,2,0,DAF TRUCKS MODEL MISSING,4,E01020620,0,4
2024411476057,2024,411476057,3,21,1,-1,19,3,7,-1,0,0,0,0,0,0,3,1,-1,1,1,68,10,12902,2,9,DAF TRUCKS MODEL MISSING,10,E01033025,0,4
2024302400590,2024,302400590,1,20,0,18,19,8,4,0,0,0,0,0,0,0,1,1,1,1,1,54,8,4500,2,2,DAF TRUCKS MODEL MISSING,10,E01018663,0,4
2024302400623,2024,302400623,1,21,1,11,11,5,1,0,0,0,0,0,0,0,4,1,1,1,3,-1,-1,12902,2,2,DAF TRUCKS MODEL MISSING,5,E01014239,0,4
2024302401579,2024,302401579,3,21,1,18,19,8,4,0,0,0,0,0,0,0,3,1,1,1,1,59,9,12902,2,8,DAF TRUCKS MODEL MISSING,5,E01019861,0,4
2024141506381,2024,141506381,1,21,0,-1,19,7,3,-1,0,0,0,0,0,0,1,1,-1,1,1,36,7,12902,2,4,DAF TRUCKS MODEL MISSING,-1,-1,0,-1
2024070561758,2024,070561758,1,20,0,9,9,4,6,0,0,3,0,0,0,0,3,1,1,1,1,36,7,4500,2,6,DAF TRUCKS MODEL MISSING,1,E01034234,0,4
2024221457120,2024,221457120,1,4,0,-1,19,5,1,-1,0,0,1,12,1,10,1,1,-1,9,1,58,9,250,1,11,HONDA CRF 250,5,E01035071,0,1
2024411507117,2024,411507117,2,4,0,-1,9,3,1,-1,0,8,2,0,0,0,4,1,-1,2,1,28,6,250,1,5,HONDA CRF 250,6,E01023545,0,1
2024111478009,2024,111478009,1,4,0,-1,19,3,7,-1,0,4,0,0,0,0,1,1,-1,9,1,19,4,250,1,6,HONDA CRF 250,6,E01035184,0,1
2024501446219,2024,501446219,2,4,0,-1,4,8,2,-1,0,4,0,0,0,0,2,1,-1,6,1,52,8,250,1,10,HONDA CRF 250,7,E01018800,0,3
2024070662484,2024,070662484,2,4,0,18,19,3,7,0,0,8,0,0,0,0,1,1,6,6,1,31,6,250,1,9,HONDA CRF 250,1,E01018738,0,2
2024531462554,2024,531462554,1,4,0,-1,19,1,5,-1,0,0,0,0,0,0,2,1,-1,6,1,28,6,250,1,8,HONDA CRF 250,5,E01022344,0,1
2024131508020,2024,131508020,2,4,0,-1,4,6,2,-1,0,0,0,0,0,0,1,1,-1,2,1,27,6,250,1,6,HONDA CRF 250,2,E01011253,0,1
2024131514135,2024,131514135,2,4,0,-1,19,2,6,-1,0,8,0,0,0,0,4,1,-1,2,1,42,7,250,1,6,HONDA CRF 250,6,E01027735,0,4
2024122400701,2024,122400701,1,4,0,18,19,6,8,0,0,0,1,12,7,0,4,1,6,6,1,47,8,250,1,8,HONDA CRF 250,4,E01013179,0,4
2024161447856,2024,161447856,2,4,0,-1,7,6,2,-1,0,5,0,0,0,0,2,1,-1,6,1,23,5,250,1,11,HONDA CRF 250,8,E01026106,0,4
2024430050247,2024,430050247,2,4,0,18,19,4,8,0,0,8,0,0,0,0,1,1,6,6,1,25,5,250,1,4,HONDA CRF 250,5,E01017867,0,1
2024411419796,2024,411419796,1,3,0,-1,19,5,1,-1,0,0,0,0,0,0,1,1,-1,6,1,35,6,125,1,2,HUSQVARNA SVARTPILEN,9,E01000210,0,3
2024351528057,2024,351528057,2,3,0,-1,19,3,7,-1,0,0,0,0,0,0,1,1,-1,6,1,40,7,125,1,0,HUSQVARNA SVARTPILEN,5,E01018079,0,2
2024361448640,2024,361448640,2,4,0,-1,19,3,7,-1,0,1,0,0,0,0,1,1,-1,9,1,53,8,373,1,5,HUSQVARNA SVARTPILEN,4,E01026499,0,3
2024520002307,2024,520002307,1,3,0,18,19,2,7,0,0,0,0,0,0,0,9,1,6,6,1,30,6,125,1,1,HUSQVARNA SVARTPILEN,10,E01014434,0,1
2024211492759,2024,211492759,1,3,0,-1,19,5,1,-1,9,0,0,0,1,0,1,1,-1,6,3,-1,-1,125,1,3,HUSQVARNA SVARTPILEN,-1,-1,0,-1
2024010502685,2024,010502685,1,3,0,9,9,5,3,0,0,6,0,0,0,0,1,1,6,6,1,29,6,125,1,2,HUSQVARNA SVARTPILEN,4,E01035005,0,4
2024501511419,2024,501511419,2,3,0,-1,19,1,5,-1,0,8,2,0,0,0,2,1,-1,9,1,17,4,125,1,2,HUSQVARNA SVARTPILEN,7,E01015165,0,1
2024010524434,2024,010524434,2,3,0,4,4,7,3,0,0,0,5,0,0,0,1,1,2,2,1,45,7,125,1,2,HUSQVARNA SVARTPILEN,4,E01002591,0,1
2024531416927,2024,531416927,2,3,0,-1,19,5,1,-1,0,0,0,0,0,0,1,1,-1,1,1,33,6,125,1,3,HUSQVARNA SVARTPILEN,8,E01022139,0,1
2024010520563,2024,010520563,1,4,0,17,19,3,7,0,0,8,2,0,0,0,3,1,2,2,1,36,7,373,1,5,HUSQVARNA SVARTPILEN,9,E01001606,0,3
2024471455982,2024,471455982,2,3,0,-1,19,8,4,-1,0,0,2,0,7,9,4,1,-1,2,1,25,5,125,1,3,HUSQVARNA SVARTPILEN,9,E01031380,0,1
2024351462279,2024,351462279,2,3,0,-1,19,3,1,-1,0,8,5,0,0,0,1,1,-1,9,1,19,4,125,1,0,HUSQVARNA SVARTPILEN,10,E01018211,0,1
2024340WN1932,2024,340WN1932,1,4,0,-1,12,6,2,-1,0,0,0,0,0,0,1,1,-1,9,1,23,5,373,1,6,HUSQVARNA SVARTPILEN,5,E01026973,0,4
2024522401655,2024,522401655,2,4,0,18,19,8,4,0,0,3,0,0,0,0,1,1,6,6,1,35,6,373,1,1,HUSQVARNA SVARTPILEN,3,E01014571,0,1
2024371425104,2024,371425104,2,4,0,-1,19,5,5,-1,0,1,0,0,7,0,1,1,-1,9,1,18,4,125,1,1,HUSQVARNA SVARTPILEN,2,E01029982,0,1
2024461471483,2024,461471483,1,4,0,-1,13,3,7,-1,0,1,5,0,0,0,1,1,-1,6,1,28,6,373,1,2,HUSQVARNA SVARTPILEN,6,E01024536,0,4
2024340NN1542,2024,340NN1542,1,17,0,-1,7,6,8,-1,0,0,0,0,0,0,1,1,-1,1,1,44,7,4400,2,6,-1,3,E01027060,0,4
2024031414654,2024,031414654,2,90,0,-1,19,7,2,-1,0,3,0,0,0,0,4,1,-1,6,1,66,10,854,2,6,-1,7,E01019395,0,1
2024430393938,2024,430393938,1,3,0,18,19,4,8,0,0,8,0,0,0,0,4,1,2,2,1,26,6,125,1,0,KEEWAY RKV 125,9,E01034709,0,2
2024440205770,2024,440205770,1,4,0,14,14,5,1,0,0,0,0,0,0,0,4,1,4,7,1,18,4,125,1,1,KEEWAY RKV 125,4,E01017258,0,2
2024201521888,2024,201521888,2,3,0,-1,19,1,5,-1,0,0,0,0,0,0,1,1,-1,2,1,27,6,125,1,0,KEEWAY RKV 125,7,E01029651,0,1
2024501408854,2024,501408854,2,3,0,-1,7,1,4,-1,0,0,5,0,0,0,1,1,-1,6,1,30,6,124,1,10,KEEWAY RKV 125,1,E01015256,0,1
2024061488986,2024,061488986,1,3,9,-1,19,-1,-1,-1,0,8,0,0,0,0,9,1,-1,9,1,18,4,124,1,8,KEEWAY RKV 125,1,E01005190,0,1
2024991453451,2024,991453451,2,4,0,-1,19,3,7,-1,0,0,5,0,0,0,3,1,-1,9,1,22,5,125,1,0,KEEWAY RKV 125,5,-1,0,1
2024351514799,2024,351514799,1,3,0,-1,15,3,7,-1,0,8,0,0,0,0,3,1,-1,6,1,17,4,125,1,1,KEEWAY RKV 125,4,E01017535,0,4
2024131477023,2024,131477023,2,4,0,-1,19,3,7,-1,0,1,0,0,0,0,0,1,-1,9,1,56,9,125,1,1,KEEWAY RKV 125,1,E01011130,0,1
2024461533399,2024,461533399,2,3,0,-1,7,5,7,-1,0,5,0,0,0,0,1,1,-1,9,1,19,4,124,1,9,KEEWAY RKV 125,3,E01000465,0,3
2024610022324,2024,610022324,2,3,0,18,19,5,1,0,0,8,0,0,0,0,3,1,6,6,1,39,7,125,1,1,KEEWAY RKV 125,9,W01001604,0,1
2024302400448,2024,302400448,1,3,0,17,19,4,1,0,0,8,0,10,0,0,1,1,6,6,1,23,5,124,1,9,KEEWAY RKV 125,6,E01019815,0,3
2024311476043,2024,311476043,2,3,0,-1,8,3,1,-1,0,1,0,0,0,0,0,1,-1,2,1,40,7,125,1,1,KEEWAY RKV 125,9,E01033776,0,1
202417M318624,2024,17M318624,1,19,0,-1,19,3,7,-1,0,8,0,0,0,0,1,1,-1,2,1,47,8,2157,2,0,-1,9,E01033474,0,1
2024351469598,2024,351469598,1,9,0,-1,19,3,7,-1,0,8,0,0,0,0,1,1,-1,6,2,45,7,2148,2,15,MERCEDES CLC CLASS,3,E01015618,0,1
2024531450675,2024,531450675,1,9,0,-1,19,1,5,-1,0,0,0,0,1,4,1,1,-1,9,1,76,11,2148,2,15,MERCEDES CLC CLASS,10,E01022418,0,2
2024430465554,2024,430465554,1,9,0,18,19,2,6,0,0,1,0,0,0,0,1,1,3,7,1,-1,-1,2148,2,15,MERCEDES CLC CLASS,-1,-1,0,-1
2024010534934,2024,010534934,1,9,0,18,19,7,3,0,0,6,0,0,0,0,4,1,6,6,2,72,10,1796,1,16,MERCEDES CLC CLASS,-1,-1,0,-1
2024461411844,2024,461411844,1,9,0,-1,19,3,7,-1,0,0,0,0,0,0,1,9,-1,6,2,26,6,1796,1,15,MERCEDES CLC CLASS,2,E01024155,0,1
2024010501113,2024,010501113,2,9,0,18,19,5,1,0,0,8,0,0,0,0,1,1,6,6,1,50,8,1796,1,14,MERCEDES CLC CLASS,5,E01001393,0,1
2024440167426,2024,440167426,1,9,0,18,19,5,1,0,0,1,0,0,0,0,1,1,6,6,1,35,6,2148,2,16,MERCEDES CLC CLASS,5,E01017171,0,1
2024161478225,2024,161478225,1,9,0,-1,19,3,7,-1,0,1,0,0,0,0,1,1,-1,9,1,42,7,1796,1,16,MERCEDES CLC CLASS,5,E01013180,0,1
2024061519206,2024,061519206,4,9,-1,-1,19,8,4,-1,0,0,0,0,0,0,2,9,-1,6,2,-1,-1,1796,1,16,MERCEDES CLC CLASS,-1,-1,0,-1
2024451490683,2024,451490683,2,9,0,-1,12,1,1,-1,0,0,0,0,1,0,2,1,-1,6,2,70,10,1796,1,13,MERCEDES CLC CLASS,9,E01022785,0,4
2024161429744,2024,161429744,1,9,0,-1,19,4,8,-1,0,0,1,0,0,0,1,1,-1,9,1,29,6,2148,2,15,MERCEDES CLC CLASS,1,E01012781,0,1
2024101479220,2024,101479220,1,9,0,-1,13,1,5,-1,0,0,1,11,0,0,1,1,-1,6,1,28,6,1796,1,14,MERCEDES CLC CLASS,2,E01027398,0,1
2024010506370,2024,010506370,2,9,0,6,6,9,9,99,99,9,9,99,9,99,9,9,6,6,3,-1,-1,1597,1,14,MERCEDES CLC CLASS,-1,-1,0,-1
2024041508820,2024,041508820,2,9,0,-1,9,1,3,-1,0,8,0,0,0,0,3,1,-1,9,1,35,6,1796,1,15,MERCEDES CLC CLASS,9,E01025437,0,4
2024010540762,2024,010540762,2,9,0,9,9,7,4,0,0,1,0,0,0,0,4,1,6,6,1,23,5,1796,1,14,MERCEDES CLC CLASS,-1,-1,0,-1
2024471469521,2024,471469521,1,9,0,-1,13,7,3,-1,0,1,0,0,0,0,1,9,-1,6,1,24,5,1796,1,16,MERCEDES CLC CLASS,8,E01020954,0,1
2024161441420,2024,161441420,1,9,0,-1,19,5,1,-1,0,0,0,0,1,9,1,1,-1,2,1,38,7,1796,1,16,MERCEDES CLC CLASS,1,E01035466,0,3
2024401417250,2024,401417250,1,9,0,-1,7,1,7,-1,0,8,0,0,0,0,4,9,-1,9,2,34,6,1796,1,14,MERCEDES CLC CLASS,3,E01017580,0,1
2024421431876,2024,421431876,1,9,0,-1,19,2,6,-1,0,6,0,0,0,0,1,1,-1,9,2,34,6,2148,2,15,MERCEDES CLC CLASS,1,E01022043,0,1
2024201536040,2024,201536040,3,9,0,-1,19,2,6,-1,0,0,0,0,0,0,3,1,-1,9,1,42,7,2148,2,16,MERCEDES CLC CLASS,2,E01010088,0,1
202460Q144305,2024,60Q144305,1,9,0,18,19,7,3,0,0,8,0,0,0,0,3,1,6,6,1,33,6,1796,1,14,MERCEDES CLC CLASS,-1,-1,0,-1
2024520500348,2024,520500348,1,9,0,18,19,4,8,0,0,0,0,0,0,0,1,1,6,6,1,48,8,1796,1,15,MERCEDES CLC CLASS,5,E01029324,0,4
2024552400624,2024,552400624,2,9,0,4,4,5,1,0,0,0,0,0,0,0,2,1,6,6,1,24,5,1796,1,15,MERCEDES CLC CLASS,9,E01015463,0,2
2024471452268,2024,471452268,2,9,0,-1,5,1,5,-1,0,0,0,0,0,0,1,1,-1,9,1,83,11,2148,2,14,MERCEDES CLC CLASS,5,E01031835,0,1
2024421410462,2024,421410462,3,9,0,-1,19,3,7,-1,0,7,0,0,0,0,1,1,-1,6,1,39,7,2148,2,14,MERCEDES CLC CLASS,5,E01021494,0,4
2024440319587,2024,440319587,2,9,0,18,19,3,7,0,0,1,0,0,0,0,1,1,6,6,1,31,6,1796,1,16,MERCEDES CLC CLASS,6,E01017303,0,3
2024010546195,2024,010546195,1,9,0,9,9,1,6,0,0,8,0,0,0,0,1,1,6,6,1,62,9,1796,1,16,MERCEDES CLC CLASS,9,E01002451,0,1
2024010519213,2024,010519213,1,9,9,99,99,9,9,99,99,9,9,99,9,99,9,9,6,6,3,42,7,1796,1,14,MERCEDES CLC CLASS,9,E01030829,0,2
2024440199252,2024,440199252,1,9,0,18,19,4,8,0,0,1,0,0,0,0,1,1,6,6,2,92,11,1796,1,13,MERCEDES CLC CLASS,10,E01030797,0,2
2024010536304,2024,010536304,1,9,0,99,99,9,9,99,99,9,9,99,9,99,3,9,6,6,1,25,5,1796,1,13,MERCEDES CLC CLASS,9,E01021786,0,2
2024501428095,2024,501428095,1,9,0,-1,19,3,7,-1,0,0,1,0,1,10,1,1,-1,9,1,53,8,1796,1,15,MERCEDES CLC CLASS,3,E01019009,0,4
2024010498769,2024,010498769,1,9,0,4,4,1,5,0,0,8,0,0,0,0,0,1,6,6,2,36,7,1597,1,14,MERCEDES CLC CLASS,9,E01002285,0,1
2024161402513,2024,161402513,2,9,0,-1,19,2,6,-1,0,0,0,8,0,0,1,9,-1,6,1,32,6,2148,2,15,MERCEDES CLC CLASS,1,E01012891,0,1
2024010498749,2024,010498749,1,9,0,9,9,8,5,0,0,5,0,4,0,0,1,1,6,6,2,55,8,1796,1,15,MERCEDES CLC CLASS,5,E01001194,0,1
2024421407585,2024,421407585,1,9,0,-1,19,-1,-1,-1,0,0,-1,-1,0,0,1,9,-1,6,3,-1,-1,1796,1,15,MERCEDES CLC CLASS,-1,-1,0,-1
2024311477519,2024,311477519,1,9,0,-1,19,7,3,-1,0,1,1,0,0,0,1,2,-1,6,2,46,8,2148,2,16,MERCEDES CLC CLASS,1,E01013818,0,1
2024991408404,2024,991408404,2,9,0,-1,19,4,8,-1,0,0,1,10,1,10,1,1,-1,6,2,60,9,2148,2,14,MERCEDES CLC CLASS,3,-1,0,1
2024061479366,2024,061479366,1,9,0,-1,9,3,1,-1,0,1,0,0,0,0,1,1,-1,6,3,-1,-1,2148,2,15,MERCEDES CLC CLASS,-1,-1,0,-1
2024201461640,2024,201461640,1,9,0,-1,9,1,7,-1,0,6,0,0,0,0,2,9,-1,6,2,48,8,2148,2,14,MERCEDES CLC CLASS,3,E01009641,0,1
2024451518904,2024,451518904,1,9,0,-1,9,5,1,-1,0,0,0,0,7,0,4,1,-1,9,1,46,8,1796,1,15,MERCEDES CLC CLASS,10,E01030753,0,1
2024010550749,2024,010550749,3,9,0,18,19,1,5,0,0,2,0,0,0,0,1,1,6,6,1,36,7,1796,1,13,MERCEDES CLC CLASS,3,E01001436,0,2
2024010533582,2024,010533582,1,9,0,5,5,7,3,0,0,8,0,0,0,0,1,1,6,6,1,38,7,1796,1,15,MERCEDES CLC CLASS,-1,-1,0,-1
2024520002927,2024,520002927,1,9,0,18,19,1,5,0,0,8,0,0,0,0,4,1,6,6,1,71,10,2148,2,15,MERCEDES CLC CLASS,9,E01014387,0,1
2024131529658,2024,131529658,1,9,0,-1,19,1,3,-1,0,0,1,0,7,4,1,1,-1,6,2,85,11,1597,1,15,MERCEDES CLC CLASS,10,E01010772,0,2
2024010540470,2024,010540470,2,9,0,9,9,7,5,0,0,8,0,0,0,0,3,1,6,6,3,-1,-1,1796,1,16,MERCEDES CLC CLASS,-1,-1,0,-1
2024010507738,2024,010507738,3,9,0,18,19,5,1,0,0,1,0,0,0,0,4,1,6,6,3,-1,-1,1796,1,15,MERCEDES CLC CLASS,-1,-1,0,-1
2024211453501,2024,211453501,2,9,0,-1,6,1,1,-1,0,3,0,0,0,0,1,1,-1,9,2,34,6,2148,2,16,MERCEDES CLC CLASS,1,E01029828,0,1
2024010549294,2024,010549294,1,9,0,5,5,1,5,0,0,0,0,0,0,0,1,1,6,6,1,27,6,1796,1,14,MERCEDES CLC CLASS,3,E01000133,0,3
2024451402315,2024,451402315,2,9,0,-1,3,2,6,-1,0,0,0,4,0,0,1,1,-1,2,2,30,6,1796,1,16,MERCEDES CLC CLASS,5,E01030677,0,1
2024010498906,2024,010498906,2,9,0,7,7,2,4,0,0,6,0,0,0,0,2,1,6,6,1,31,6,1796,1,16,MERCEDES CLC CLASS,5,E01000928,0,1
2024320579756,2024,320579756,2,9,0,9,9,3,2,0,0,6,0,0,0,0,1,1,6,6,2,40,7,1796,1,14,MERCEDES CLC CLASS,6,E01026040,0,1
2024010540036,2024,010540036,2,21,9,99,99,9,9,99,99,9,9,99,9,99,9,1,6,6,3,-1,-1,12809,2,2,MERCEDES MODEL MISSING,-1,-1,0,-1
2024421520174,2024,421520174,2,21,4,-1,19,5,8,-1,0,4,0,0,0,0,1,1,-1,1,1,52,8,7698,2,1,MERCEDES MODEL MISSING,1,E01015932,0,1
2024070611646,2024,070611646,2,21,1,18,19,5,1,0,0,0,0,0,0,0,2,1,1,1,1,63,9,10677,2,3,MERCEDES MODEL MISSING,1,E01007293,0,4
2024522402171,2024,522402171,1,20,0,4,4,4,8,0,0,0,0,0,0,0,2,1,6,6,1,62,9,6374,2,10,MERCEDES MODEL MISSING,3,E01014976,0,1
2024531446268,2024,531446268,1,20,0,-1,19,7,4,-1,0,0,2,0,4,1,1,1,-1,1,1,50,8,5132,2,8,MERCEDES MODEL MISSING,4,E01014085,0,4
2024340NN1062,2024,340NN1062,2,21,0,-1,19,5,1,-1,0,0,0,0,0,0,3,1,-1,1,1,56,9,10677,2,5,MERCEDES MODEL MISSING,2,E01026949,0,3
2024031462605,2024,031462605,1,21,0,-1,9,3,8,-1,0,2,0,0,0,0,4,1,-1,1,1,55,8,12809,2,1,MERCEDES MODEL MISSING,1,E01010702,0,4
2024371462492,2024,371462492,1,21,1,-1,19,5,1,-1,0,0,0,0,0,0,1,1,-1,1,1,30,6,12809,2,8,MERCEDES MODEL MISSING,1,E01015596,0,5
2024430165187,2024,430165187,2,21,0,4,4,0,0,0,0,0,0,0,0,0,3,1,1,1,2,25,5,-1,-1,-1,MERCEDES MODEL MISSING,-1,-1,0,-1
2024101415049,2024,101415049,2,90,0,-1,19,5,1,-1,0,0,0,0,0,0,1,2,-1,1,1,67,10,7698,2,3,MERCEDES MODEL MISSING,-1,-1,0,-1
2024010520851,2024,010520851,3,19,0,3,3,2,6,0,0,0,0,0,0,0,1,1,1,1,1,42,7,5132,2,5,MERCEDES MODEL MISSING,2,E01001961,0,3
202417L307324,2024,17L307324,1,21,0,-1,19,6,2,-1,0,8,5,0,0,0,4,1,-1,1,1,63,9,10677,2,3,MERCEDES MODEL MISSING,9,E01012237,0,3
2024552400227,2024,552400227,2,19,0,18,19,2,6,0,0,0,0,0,0,0,1,1,6,6,2,70,10,-1,-1,-1,MERCEDES MODEL MISSING,10,E01016627,0,5
2024440389142,2024,440389142,1,19,0,9,9,2,8,0,0,8,0,0,0,0,4,1,1,1,1,64,9,2148,2,16,MERCEDES MODEL MISSING,4,E01017090,0,1
2024451432024,2024,451432024,2,21,0,-1,19,3,7,-1,0,0,0,0,0,0,2,1,-1,1,1,39,7,12809,2,7,MERCEDES MODEL MISSING,3,E01024392,0,4
2024211441728,2024,211441728,1,21,1,-1,12,3,7,-1,0,0,0,0,0,0,4,1,-1,1,1,37,7,10677,2,3,MERCEDES MODEL MISSING,10,E01035388,0,4
2024401457523,2024,401457523,1,21,1,-1,11,1,5,-1,0,0,0,0,0,0,4,1,-1,1,1,40,7,12809,2,6,MERCEDES MODEL MISSING,1,E01013590,0,5
2024201483228,2024,201483228,3,21,1,-1,19,2,6,-1,0,1,0,0,0,0,1,1,-1,1,1,63,9,12809,2,4,MERCEDES MODEL MISSING,-1,-1,0,-1
2024320683641,2024,320683641,1,21,0,9,9,4,4,0,0,6,0,0,0,0,1,1,1,1,1,70,10,7698,2,1,MERCEDES MODEL MISSING,5,E01028369,0,4
2024010517113,2024,010517113,2,21,0,5,5,5,1,0,0,2,0,0,0,0,3,1,1,1,1,27,6,7698,2,6,MERCEDES MODEL MISSING,7,E01017589,0,4
2024201529900,2024,201529900,2,21,1,-1,4,2,6,-1,0,1,0,0,0,0,1,1,-1,1,1,56,9,12809,2,7,MERCEDES MODEL MISSING,2,E01010428,0,4
2024471419448,2024,471419448,2,21,0,-1,3,8,5,-1,0,1,0,0,0,0,2,1,-1,1,1,40,7,5132,2,4,MERCEDES MODEL MISSING,2,E01021179,0,1
2024071027892,2024,071027892,2,21,0,-1,4,7,3,-1,0,0,0,0,0,0,2,1,-1,1,1,63,9,7698,2,6,MERCEDES MODEL MISSING,2,E01028245,0,5
2024371508519,2024,371508519,1,21,1,-1,19,2,6,-1,0,0,0,0,0,0,1,1,-1,2,1,-1,-1,12809,2,4,MERCEDES MODEL MISSING,-1,-1,0,-1
2024340NN0162,2024,340NN0162,1,21,0,-1,19,8,4,-1,0,1,0,0,1,4,1,1,-1,1,1,65,9,12809,2,8,MERCEDES MODEL MISSING,6,E01027039,0,4
2024041444202,2024,041444202,1,21,0,-1,19,3,7,-1,0,0,1,0,0,0,1,1,-1,1,1,42,7,12809,2,6,MERCEDES MODEL MISSING,1,E01007011,0,3
2024451533043,2024,451533043,1,21,0,-1,19,7,3,-1,0,0,0,0,0,0,1,1,-1,1,1,55,8,10677,2,0,MERCEDES MODEL MISSING,1,E01021135,0,4
2024501451692,2024,501451692,1,21,0,-1,4,7,3,-1,0,1,0,0,0,0,1,1,-1,1,1,51,8,-1,-1,-1,MERCEDES MODEL MISSING,2,E01018774,0,3
2024141508094,2024,141508094,2,21,0,-1,19,8,4,-1,0,0,0,0,0,0,1,9,-1,6,3,-1,-1,7201,2,12,MERCEDES MODEL MISSING,-1,-1,0,-1
2024430013337,2024,430013337,2,21,0,2,2,0,0,0,0,0,0,0,0,0,2,1,6,6,1,-1,-1,7698,2,9,MERCEDES MODEL MISSING,-1,-1,0,-1
2024010523059,2024,010523059,2,19,0,99,99,9,9,99,99,9,0,0,0,0,1,9,6,6,3,-1,-1,7698,2,9,MERCEDES MODEL MISSING,6,E01016812,0,4
2024031466192,2024,031466192,2,21,0,-1,19,4,8,-1,0,0,0,0,0,0,2,1,-1,1,1,43,7,12809,2,0,MERCEDES MODEL MISSING,-1,-1,0,-1
2024351521843,2024,351521843,2,21,0,-1,19,1,5,-1,0,0,0,0,0,0,1,1,-1,1,1,63,9,7698,2,6,MERCEDES MODEL MISSING,5,E01026201,0,4
2024010504576,2024,010504576,1,21,0,9,9,3,1,0,0,6,0,0,0,0,1,1,1,1,1,35,6,7698,2,5,MERCEDES MODEL MISSING,8,E01002414,0,3
2024461448091,2024,461448091,2,21,1,-1,2,0,0,-1,-1,0,0,0,0,0,2,1,-1,6,1,34,6,12809,2,1,MERCEDES MODEL MISSING,2,W01001024,0,5
202454C177324,2024,54C177324,1,21,0,1,1,5,1,0,0,1,0,0,0,0,2,1,1,1,3,-1,-1,-1,-1,-1,MERCEDES MODEL MISSING,-1,-1,0,-1
2024010545010,2024,010545010,3,90,1,18,19,7,3,0,0,2,0,0,0,0,1,1,6,6,1,25,5,-1,-1,-1,MERCEDES MODEL MISSING,5,E01016015,0,4
2024471442579,2024,471442579,1,90,0,-1,9,2,7,-1,0,2,0,0,0,0,1,1,-1,1,1,57,9,7698,2,1,MERCEDES MODEL MISSING,6,E01021058,0,3