collision_index,collision_year,collision_ref_no,vehicle_reference,vehicle_type,towing_and_articulation,vehicle_manoeuvre_historic,vehicle_manoeuvre,vehicle_direction_from,vehicle_direction_to,vehicle_location_restricted_lane_historic,vehicle_location_restricted_lane,junction_location,skidding_and_overturning,hit_object_in_carriageway,vehicle_leaving_carriageway,hit_object_off_carriageway,first_point_of_impact,vehicle_left_hand_drive,journey_purpose_of_driver_historic,journey_purpose_of_driver,sex_of_driver,age_of_driver,age_band_of_driver,engine_capacity_cc,propulsion_code,age_of_vehicle,generic_make_model,driver_imd_decile,lsoa_of_driver,escooter_flag,driver_distance_banding
2024141425629,2024,141425629,4,19,0,-1,19,5,1,-1,0,0,0,0,0,0,4,1,-1,1,1,63,9,1950,2,2,MERCEDES MODEL MISSING,8,E01019811,0,3
2024371400156,2024,371400156,6,21,1,-1,19,7,4,-1,0,0,0,0,0,0,3,1,-1,1,1,34,6,10677,2,5,MERCEDES MODEL MISSING,2,E01030025,0,1
2024061452215,2024,061452215,2,21,1,-1,11,-1,-1,-1,0,0,0,0,0,0,4,1,-1,6,1,-1,-1,12809,2,5,MERCEDES MODEL MISSING,-1,-1,0,-1
2024631471750,2024,631471750,1,21,4,-1,4,6,2,-1,0,0,0,0,0,0,0,1,-1,1,1,21,5,10677,2,9,MERCEDES MODEL MISSING,6,W01000798,0,4
2024010547412,2024,010547412,1,9,0,18,19,5,1,0,0,0,0,0,0,0,3,1,6,6,1,44,7,1590,1,10,MERCEDES MODEL MISSING,10,E01022896,0,4
2024141425629,2024,141425629,2,90,0,-1,19,5,1,-1,0,0,0,0,0,0,1,1,-1,1,1,39,7,-1,-1,-1,MERCEDES MODEL MISSING,6,E01032051,0,5
2024501529843,2024,501529843,2,21,0,-1,4,3,6,-1,0,0,1,0,0,0,1,1,-1,1,1,20,4,12809,2,3,MERCEDES MODEL MISSING,4,E01018762,0,3
2024451394044,2024,451394044,3,21,0,-1,19,5,1,-1,0,0,0,0,0,0,3,9,-1,1,1,50,8,12809,2,5,MERCEDES MODEL MISSING,-1,-1,0,-1
2024052400874,2024,052400874,2,19,0,2,2,0,0,0,0,8,0,0,0,0,4,1,6,6,3,-1,-1,4250,2,17,MERCEDES MODEL MISSING,-1,-1,0,-1
2024010505093,2024,010505093,1,11,0,99,99,9,9,99,99,9,9,99,9,99,9,9,6,6,1,61,9,6370,2,9,MERCEDES MODEL MISSING,3,E01020974,0,4
2024311533077,2024,311533077,1,21,1,-1,19,5,1,-1,0,0,3,4,1,0,1,1,-1,1,1,62,9,12809,2,1,MERCEDES MODEL MISSING,3,E01011915,0,4
2024320178664,2024,320178664,1,21,1,5,5,8,4,0,0,0,0,0,0,0,3,1,1,1,1,58,9,7698,2,2,MERCEDES MODEL MISSING,5,E01026018,0,3
2024201434195,2024,201434195,1,21,0,-1,14,8,4,-1,0,0,0,0,0,0,4,1,-1,1,1,26,6,-1,-1,-1,MERCEDES MODEL MISSING,1,E01010126,0,1
2024031528300,2024,031528300,2,90,0,-1,19,3,7,-1,0,1,0,0,0,0,1,1,-1,9,1,52,8,2143,2,10,MERCEDES MODEL MISSING,7,-1,0,4
2024991467598,2024,991467598,1,21,0,-1,9,4,1,-1,0,0,0,0,0,0,1,1,-1,1,1,55,8,12809,2,2,MERCEDES MODEL MISSING,4,-1,0,5
2024991511640,2024,991511640,2,90,0,-1,5,7,2,-1,0,1,0,0,0,0,1,1,-1,6,1,56,9,2987,2,16,MERCEDES MODEL MISSING,8,-1,0,1
2024010493240,2024,010493240,1,21,4,18,19,5,1,5,5,2,0,0,1,1,1,2,1,1,1,35,6,7698,2,7,MERCEDES MODEL MISSING,2,E01016150,0,4
2024991531745,2024,991531745,1,21,1,-1,19,8,4,-1,0,0,0,0,3,7,1,1,-1,1,1,43,7,12809,2,8,MERCEDES MODEL MISSING,2,E01006405,0,5
2024311453015,2024,311453015,2,21,0,-1,10,5,3,-1,0,0,0,0,0,0,1,1,-1,1,1,64,9,12809,2,6,MERCEDES MODEL MISSING,7,E01007778,0,4
2024302401078,2024,302401078,1,21,1,18,19,5,1,0,0,8,0,0,0,0,4,1,1,1,1,54,8,12809,2,2,MERCEDES MODEL MISSING,2,E01007627,0,4
2024201527030,2024,201527030,1,21,0,-1,11,7,3,-1,0,0,0,0,0,0,1,1,-1,6,1,-1,-1,12809,2,8,MERCEDES MODEL MISSING,-1,-1,0,-1
2024461493716,2024,461493716,1,21,1,-1,11,3,7,-1,0,0,0,0,0,0,1,1,-1,1,1,41,7,12809,2,3,MERCEDES MODEL MISSING,2,E01029450,0,5
2024141489216,2024,141489216,1,20,0,-1,19,2,6,-1,0,0,0,0,0,0,4,9,-1,6,1,55,8,4249,2,12,MERCEDES MODEL MISSING,2,E01007651,0,3
2024041395411,2024,041395411,2,21,0,-1,2,1,5,-1,0,0,0,0,0,0,2,1,-1,1,1,52,8,12809,2,5,MERCEDES MODEL MISSING,6,E01006227,0,4
2024201442081,2024,201442081,3,20,0,-1,19,6,2,-1,0,8,0,0,0,0,1,9,-1,1,1,60,9,4249,2,11,MERCEDES MODEL MISSING,4,E01010459,0,3
2024311497166,2024,311497166,1,21,1,-1,19,5,1,-1,0,3,0,0,0,0,2,1,-1,1,1,62,9,12809,2,3,MERCEDES MODEL MISSING,8,E01001996,0,5
2024461492464,2024,461492464,2,21,0,-1,19,7,3,-1,0,0,0,0,0,0,1,9,-1,1,1,-1,-1,4500,2,9,MERCEDES MODEL MISSING,4,E01003141,0,4
2024461447122,2024,461447122,2,20,0,-1,4,4,8,-1,0,0,0,0,0,0,2,1,-1,1,1,36,7,7698,2,5,MERCEDES MODEL MISSING,4,E01035315,0,4
2024010521675,2024,010521675,2,21,9,99,99,9,9,99,99,9,9,99,9,99,9,9,6,6,3,-1,-1,12809,2,2,MERCEDES MODEL MISSING,-1,-1,0,-1
2024631434956,2024,631434956,2,90,4,-1,19,6,2,-1,0,0,0,0,1,10,1,1,-1,1,1,39,7,-1,-1,-1,MERCEDES MODEL MISSING,8,E01026258,0,5
2024411419855,2024,411419855,1,19,0,-1,1,1,5,-1,0,8,0,0,0,0,0,1,-1,6,1,46,8,7698,2,9,MERCEDES MODEL MISSING,2,E01027246,0,4
2024361441061,2024,361441061,1,21,0,-1,5,-1,-1,-1,0,0,0,0,0,0,2,1,-1,6,1,46,8,7698,2,5,MERCEDES MODEL MISSING,8,E01030280,0,3
2024141465074,2024,141465074,3,21,0,-1,19,2,6,-1,0,0,0,0,0,0,2,1,-1,1,1,55,8,12809,2,3,MERCEDES MODEL MISSING,3,E01008375,0,5
2024440279428,2024,440279428,2,17,4,13,13,6,2,0,0,0,0,0,0,0,4,1,1,1,1,29,6,-1,2,6,MERCEDES MODEL MISSING,7,E01022514,0,4
2024411472423,2024,411472423,2,11,0,-1,7,1,3,-1,0,1,0,0,0,0,1,1,-1,1,1,56,9,6370,2,15,MERCEDES MODEL MISSING,6,E01023927,0,2
2024320753028,2024,320753028,2,21,0,-1,-1,2,8,0,0,8,0,0,0,0,1,1,1,1,1,44,7,11967,2,11,MERCEDES MODEL MISSING,-1,-1,0,-1
2024061409166,2024,061409166,2,21,0,-1,3,3,3,-1,0,0,0,4,0,0,1,1,-1,1,1,34,6,12809,2,2,MERCEDES MODEL MISSING,7,E01010760,0,4
2024440323188,2024,440323188,2,21,0,18,19,1,5,0,0,7,0,0,0,0,2,1,1,1,1,22,5,10677,2,6,MERCEDES MODEL MISSING,5,E01004439,0,5
2024010545888,2024,010545888,1,21,0,9,9,5,4,0,0,2,0,0,0,0,1,1,1,1,1,35,6,7698,2,6,MERCEDES MODEL MISSING,2,E01003189,0,2
2024361484568,2024,361484568,1,20,1,-1,19,7,3,-1,0,0,0,0,0,0,2,1,-1,1,1,49,8,5132,2,5,MERCEDES MODEL MISSING,1,E01006392,0,5
2024332400758,2024,332400758,1,21,0,-1,9,8,2,-1,0,5,0,0,0,0,3,1,-1,1,1,31,6,10677,2,4,MERCEDES MODEL MISSING,4,E01031030,0,3
2024010532241,2024,010532241,2,11,5,18,19,1,5,0,0,1,1,0,0,0,1,1,6,6,1,40,7,6370,2,15,MERCEDES MODEL MISSING,6,E01017851,0,4
2024302400511,2024,302400511,1,20,1,11,11,1,5,0,0,0,0,0,0,0,4,1,6,6,1,-1,-1,-1,-1,-1,MERCEDES MODEL MISSING,7,E01022445,0,5
2024340WN4552,2024,340WN4552,1,21,0,-1,19,5,1,-1,0,0,0,0,0,0,1,1,-1,1,1,65,9,12809,2,9,MERCEDES MODEL MISSING,7,E01011243,0,5
2024201520095,2024,201520095,1,10,0,-1,19,1,6,-1,0,0,0,0,0,0,1,1,-1,6,3,35,6,-1,-1,-1,MERCEDES MODEL MISSING,-1,-1,0,-1
2024061496809,2024,061496809,2,19,0,-1,19,4,8,-1,0,8,0,0,0,0,4,1,-1,1,1,73,10,-1,-1,-1,MERCEDES MODEL MISSING,3,E01004766,0,2
2024440076451,2024,440076451,3,21,0,18,19,3,7,0,0,0,1,0,1,10,2,1,1,1,1,36,7,5132,2,6,MERCEDES MODEL MISSING,-1,-1,0,-1
2024201501710,2024,201501710,2,19,0,-1,19,6,2,-1,0,0,0,0,0,0,2,1,-1,6,-1,-1,-1,5132,2,10,MERCEDES MODEL MISSING,-1,-1,0,-1
2024061473062,2024,061473062,1,21,0,-1,5,4,7,-1,0,0,0,0,0,0,2,1,-1,1,1,60,9,7698,2,4,MERCEDES MODEL MISSING,6,E01006176,0,3
2024451413079,2024,451413079,1,21,0,-1,5,3,7,-1,0,6,0,0,0,0,4,1,-1,1,1,59,9,10677,2,1,MERCEDES MODEL MISSING,7,E01016236,0,3
2024361476480,2024,361476480,2,21,1,-1,19,6,2,-1,0,0,0,0,0,0,3,1,-1,1,1,67,10,11967,2,13,MERCEDES MODEL MISSING,10,E01035149,0,3
2024622400255,2024,622400255,2,21,0,17,19,5,2,0,0,0,0,0,0,0,3,1,1,1,1,53,8,12809,2,7,MERCEDES MODEL MISSING,5,W01001139,0,3
2024440303074,2024,440303074,2,20,0,18,19,5,1,0,0,1,0,0,0,0,1,1,1,1,1,48,8,-1,-1,-1,MERCEDES MODEL MISSING,7,E01022815,0,3
2024231535090,2024,231535090,2,21,1,-1,2,0,0,-1,0,0,0,0,0,0,2,1,-1,9,1,70,10,12809,2,4,MERCEDES MODEL MISSING,1,E01010680,0,5
2024471393889,2024,471393889,1,21,0,-1,19,8,4,-1,0,0,1,0,2,0,3,1,-1,1,1,47,8,7698,2,5,MERCEDES MODEL MISSING,7,E01002349,0,4
2024010501639,2024,010501639,1,21,0,18,19,1,5,0,0,2,0,0,0,0,3,1,1,1,1,51,8,7698,2,6,MERCEDES MODEL MISSING,6,E01001641,0,3
2024161525259,2024,161525259,1,21,0,-1,19,7,3,-1,0,0,0,0,1,0,1,1,-1,1,1,32,6,12809,2,4,MERCEDES MODEL MISSING,1,E01012891,0,4
2024141398060,2024,141398060,2,21,0,-1,19,5,3,-1,0,1,0,0,0,0,1,1,-1,1,1,43,7,7698,2,2,MERCEDES MODEL MISSING,3,E01034259,0,2
2024361503714,2024,361503714,2,21,4,-1,19,1,5,-1,0,0,0,0,1,0,1,1,-1,1,1,39,7,12809,2,2,MERCEDES MODEL MISSING,4,E01003719,0,5
2024461412561,2024,461412561,1,21,1,-1,5,2,2,-1,0,3,0,0,0,0,3,1,-1,1,1,47,8,10677,2,1,MERCEDES MODEL MISSING,-1,-1,0,-1
2024440402792,2024,440402792,1,21,0,18,19,7,3,0,0,0,0,0,0,0,2,1,1,1,1,51,8,5132,2,1,MERCEDES MODEL MISSING,3,E01017257,0,4
2024010514518,2024,010514518,1,21,4,7,7,5,8,0,0,4,5,0,0,0,3,1,1,1,1,51,8,12809,2,6,MERCEDES MODEL MISSING,2,E01002528,0,3
2024010531473,2024,010531473,2,20,0,4,4,3,7,0,0,1,0,0,0,0,2,1,1,1,1,55,8,7698,2,1,MERCEDES MODEL MISSING,3,E01003193,0,2
2024351528038,2024,351528038,2,21,1,-1,19,3,7,-1,0,0,0,0,0,0,2,1,-1,1,1,32,6,12809,2,11,MERCEDES MODEL MISSING,6,E01015644,0,1
2024320373203,2024,320373203,1,19,0,4,4,8,4,0,0,0,0,0,0,0,1,1,1,1,1,20,4,10677,2,1,MERCEDES MODEL MISSING,6,E01026199,0,2
2024311442755,2024,311442755,2,21,0,-1,19,4,1,-1,0,1,1,4,0,0,3,1,-1,1,1,31,6,5132,2,2,MERCEDES MODEL MISSING,4,E01019470,0,4
2024201483976,2024,201483976,1,21,0,-1,1,5,1,-1,0,2,0,0,0,0,2,9,-1,6,3,-1,-1,11946,2,16,MERCEDES MODEL MISSING,-1,-1,0,-1
2024351475100,2024,351475100,2,21,1,-1,9,3,1,-1,0,0,0,0,0,0,3,1,-1,1,1,41,7,12809,2,2,MERCEDES MODEL MISSING,4,E01015622,0,1
2024061437205,2024,061437205,1,21,5,-1,19,7,3,-1,0,0,0,0,0,0,1,1,-1,1,1,39,7,10677,2,7,MERCEDES MODEL MISSING,3,E01007550,0,4
2024041421791,2024,041421791,2,19,0,-1,19,7,3,-1,0,0,0,0,0,0,1,1,-1,1,1,40,7,6374,2,11,MERCEDES MODEL MISSING,7,E01012602,0,2
2024061533738,2024,061533738,1,21,1,-1,19,3,7,-1,0,0,0,0,0,0,1,1,-1,1,1,32,6,12809,2,6,MERCEDES MODEL MISSING,3,E01004939,0,3
2024430085228,2024,430085228,1,19,0,18,19,6,2,0,0,1,0,0,0,0,4,1,6,6,1,31,6,2143,2,8,MERCEDES MODEL MISSING,4,E01016481,0,1
2024052401751,2024,052401751,2,21,0,2,2,0,0,0,0,0,0,0,0,0,2,1,6,6,3,-1,-1,10677,2,5,MERCEDES MODEL MISSING,-1,-1,0,-1
2024451493230,2024,451493230,1,21,0,-1,19,3,7,-1,0,0,0,0,0,0,2,1,-1,1,1,55,8,12809,2,2,MERCEDES MODEL MISSING,3,E01024591,0,4
2024010512506,2024,010512506,2,90,9,99,99,9,9,99,99,9,9,99,9,99,1,9,6,6,3,-1,-1,-1,-1,-1,MERCEDES MODEL MISSING,-1,-1,0,-1
2024010535014,2024,010535014,1,9,0,9,9,7,5,0,0,6,0,0,0,0,1,1,6,6,1,46,8,3498,1,11,MERCEDES MODEL MISSING,6,E01031567,0,4
2024440290784,2024,440290784,1,21,1,16,19,4,7,0,0,0,1,0,0,0,3,1,1,1,1,36,7,12809,2,2,MERCEDES MODEL MISSING,2,E01009348,0,5
2024010496176,2024,010496176,1,21,0,5,5,5,1,0,0,1,0,0,0,0,4,2,1,1,1,61,9,-1,-1,-1,MERCEDES MODEL MISSING,6,E01003002,0,3
2024421472005,2024,421472005,1,21,1,-1,19,3,7,-1,0,0,0,0,0,0,1,1,-1,1,1,49,8,12809,2,2,MERCEDES MODEL MISSING,5,E01035626,0,5
2024461397033,2024,461397033,1,21,1,-1,11,3,6,-1,0,0,0,0,0,0,4,9,-1,1,1,39,7,12809,2,9,MERCEDES MODEL MISSING,3,E01000335,0,2
2024141479807,2024,141479807,2,21,0,-1,19,5,1,-1,0,0,0,0,0,0,3,1,-1,6,-1,-1,-1,12809,2,9,MERCEDES MODEL MISSING,-1,-1,0,-1
2024351515661,2024,351515661,1,90,0,-1,15,3,7,-1,0,0,0,0,0,0,4,1,-1,6,1,49,8,-1,-1,-1,MERCEDES MODEL MISSING,3,E01026426,0,4
2024332400051,2024,332400051,2,21,0,-1,19,2,6,-1,0,0,0,0,4,6,4,1,-1,1,1,38,7,12809,2,3,MERCEDES MODEL MISSING,8,E01035015,0,4
2024371431605,2024,371431605,1,21,1,-1,19,4,8,-1,0,0,0,0,0,0,1,1,-1,1,1,45,7,10677,2,6,MERCEDES MODEL MISSING,2,E01030170,0,4
2024461413281,2024,461413281,1,21,0,-1,9,7,3,-1,0,0,0,0,0,0,3,9,-1,6,1,-1,-1,7698,2,6,MERCEDES MODEL MISSING,2,E01000730,0,3
2024010534517,2024,010534517,1,21,1,18,19,5,1,0,0,1,0,0,0,0,1,1,1,1,1,49,8,10677,2,3,MERCEDES MODEL MISSING,2,E01003336,0,3
2024351455248,2024,351455248,1,21,1,-1,11,3,7,-1,0,0,0,0,0,0,3,9,-1,1,1,42,7,15569,2,5,MERCEDES MODEL MISSING,7,E01025618,0,4
2024101462066,2024,101462066,2,21,4,-1,7,3,7,-1,0,0,0,0,0,0,2,1,-1,1,1,58,9,12809,2,1,MERCEDES MODEL MISSING,3,E01027462,0,4
2024052401007,2024,052401007,1,90,0,9,9,7,5,0,0,1,0,0,0,0,3,1,1,1,1,40,7,7698,2,2,MERCEDES MODEL MISSING,1,E01006708,0,2
2024061471155,2024,061471155,1,11,0,-1,19,7,3,-1,0,1,0,0,0,0,0,1,-1,1,3,-1,-1,6370,2,14,MERCEDES MODEL MISSING,-1,-1,0,-1
2024421535852,2024,421535852,1,20,1,-1,12,5,1,-1,0,0,0,0,0,0,1,1,-1,1,1,67,10,5132,2,1,MERCEDES MODEL MISSING,6,E01023871,0,4
2024411460386,2024,411460386,2,19,0,-1,19,5,1,-1,0,0,0,0,0,0,2,1,-1,1,1,62,9,4250,2,13,MERCEDES MODEL MISSING,7,E01021801,0,3
2024440445272,2024,440445272,1,21,1,7,7,1,3,0,0,3,5,0,0,0,3,1,1,1,1,24,5,10677,2,0,MERCEDES MODEL MISSING,4,E01017222,0,2
2024421450697,2024,421450697,2,9,0,-1,5,4,8,-1,0,4,0,0,0,0,1,1,-1,6,3,50,8,3199,1,21,MERCEDES MODEL MISSING,-1,-1,0,-1
2024320297483,2024,320297483,2,21,0,-1,-1,2,6,0,0,8,0,0,0,0,1,1,1,1,1,28,6,12809,2,3,MERCEDES MODEL MISSING,9,E01029816,0,5
2024010548283,2024,010548283,1,19,0,9,9,1,7,0,0,1,0,0,0,0,3,2,1,1,1,26,6,7698,2,6,MERCEDES MODEL MISSING,4,E01002650,0,2
2024421472861,2024,421472861,1,20,0,-1,19,3,7,-1,0,0,0,0,0,0,1,1,-1,1,1,38,7,7698,2,10,MERCEDES MODEL MISSING,-1,-1,0,-1
2024361492771,2024,361492771,1,21,1,-1,2,0,0,-1,0,0,0,0,0,0,1,1,-1,1,1,61,9,12809,2,3,MERCEDES MODEL MISSING,8,E01026921,0,4
2024401433071,2024,401433071,2,21,1,-1,3,5,1,-1,0,0,0,0,0,0,2,1,-1,1,1,55,8,12809,2,11,MERCEDES MODEL MISSING,7,E01016728,0,4
2024340WN9082,2024,340WN9082,1,21,0,-1,12,4,8,-1,0,0,1,0,0,0,1,1,-1,1,1,41,7,12809,2,1,MERCEDES MODEL MISSING,9,E01026263,0,4
2024440091960,2024,440091960,1,21,0,5,5,2,6,0,0,0,0,0,0,0,1,1,1,1,1,44,7,10677,2,5,MERCEDES MODEL MISSING,5,E01017171,0,4
2024332400937,2024,332400937,2,21,0,-1,19,1,5,-1,0,0,0,0,0,0,1,1,-1,1,1,62,9,10677,2,2,MERCEDES MODEL MISSING,5,E01007438,0,5
2024141523089,2024,141523089,1,20,0,-1,4,5,1,-1,0,0,0,0,0,0,1,1,-1,6,-1,-1,-1,5132,2,9,MERCEDES MODEL MISSING,-1,-1,0,-1
2024622400284,2024,622400284,1,11,0,18,19,3,7,0,0,1,0,0,0,0,1,1,1,1,1,49,8,7698,2,7,MERCEDES MODEL MISSING,2,W01001765,0,1
2024320230415,2024,320230415,1,21,1,-1,-1,8,4,0,0,0,0,0,0,0,1,1,1,1,1,30,6,7698,2,1,MERCEDES MODEL MISSING,9,E01015629,0,4
2024010521187,2024,010521187,4,9,0,2,2,0,0,0,0,1,0,0,0,0,2,1,6,6,3,-1,-1,2295,1,23,MERCEDES MODEL MISSING,-1,-1,0,-1
2024461435706,2024,461435706,2,21,1,-1,19,2,5,-1,0,0,0,0,0,0,2,9,-1,1,1,55,8,12809,2,2,MERCEDES MODEL MISSING,2,E01007593,0,5
2024411439857,2024,411439857,2,21,1,-1,19,7,3,-1,0,0,0,0,0,0,2,1,-1,1,1,45,7,12809,2,8,MERCEDES MODEL MISSING,8,E01015991,0,4
2024010539529,2024,010539529,2,90,9,99,99,9,9,99,99,9,9,99,9,99,9,1,6,6,3,-1,-1,7698,2,7,MERCEDES MODEL MISSING,-1,-1,0,-1
2024010516193,2024,010516193,1,21,0,99,99,9,9,99,99,0,9,99,9,99,9,9,1,1,1,23,5,7698,2,5,MERCEDES MODEL MISSING,3,E01000046,0,1
2024010515910,2024,010515910,2,19,0,18,19,5,1,0,0,1,0,0,0,0,1,1,6,6,1,58,9,7698,2,10,MERCEDES MODEL MISSING,3,E01002345,0,2
2024501449792,2024,501449792,1,20,0,-1,19,5,1,-1,0,0,0,0,0,0,1,1,-1,9,1,43,7,10677,2,7,MERCEDES MODEL MISSING,4,E01018872,0,3
2024440554053,2024,440554053,1,21,0,17,19,4,2,0,0,0,5,0,0,0,4,1,1,1,1,46,8,12809,2,3,MERCEDES MODEL MISSING,2,E01003087,0,4
2024522403275,2024,522403275,1,90,0,7,7,3,5,0,0,4,0,0,0,0,1,1,1,1,1,40,7,7698,2,0,MERCEDES MODEL MISSING,3,E01014601,0,1
2024070906508,2024,070906508,1,21,1,-1,11,1,5,-1,0,0,0,0,0,0,4,1,-1,1,1,43,7,12809,2,1,MERCEDES MODEL MISSING,2,E01018538,0,4
2024991435236,2024,991435236,2,21,1,-1,19,1,5,-1,0,1,1,0,0,0,1,1,-1,1,1,36,7,12809,2,1,MERCEDES MODEL MISSING,7,E01034573,0,5
2024010504046,2024,010504046,2,20,1,10,10,5,3,0,0,1,0,0,0,0,0,1,1,1,1,56,9,-1,-1,-1,MERCEDES MODEL MISSING,6,E01000847,0,1
2024201515246,2024,201515246,1,21,1,-1,9,4,1,-1,0,5,0,0,0,0,4,9,-1,1,1,59,9,10677,2,8,MERCEDES MODEL MISSING,3,E01010018,0,1
2024552400956,2024,552400956,1,21,0,7,7,2,4,0,0,5,0,0,0,0,4,1,1,1,1,57,9,10677,2,4,MERCEDES MODEL MISSING,6,E01020467,0,3
2024010523662,2024,010523662,1,21,0,4,4,7,3,0,0,2,0,0,0,0,2,1,1,1,1,50,8,10677,2,9,MERCEDES MODEL MISSING,2,E01000097,0,3
2024421404063,2024,421404063,1,21,0,-1,4,4,8,-1,0,8,1,0,0,0,1,1,-1,1,1,62,9,6374,2,11,MERCEDES MODEL MISSING,1,E01021323,0,2
2024221528338,2024,221528338,1,21,1,-1,19,8,4,-1,0,8,5,10,1,2,4,9,-1,1,1,43,7,10677,2,9,MERCEDES MODEL MISSING,1,E01015658,0,5
2024522402104,2024,522402104,2,21,0,18,19,6,2,0,0,8,0,0,0,0,1,1,6,6,1,34,6,10677,2,3,MERCEDES MODEL MISSING,4,W01001415,0,4
2024461432442,2024,461432442,1,21,2,-1,19,7,3,-1,0,0,0,0,1,0,4,1,-1,1,2,40,7,10677,2,4,MERCEDES MODEL MISSING,6,E01022096,0,4
2024991493517,2024,991493517,1,11,0,-1,19,3,7,-1,2,0,0,11,0,0,4,1,-1,1,2,64,9,7698,2,5,MERCEDES MODEL MISSING,6,-1,0,4
2024122500222,2024,122500222,2,21,0,3,3,6,2,0,0,1,0,0,0,0,2,1,1,1,1,33,6,10677,2,3,MERCEDES MODEL MISSING,7,E01013406,0,4
2024010529030,2024,010529030,1,21,0,7,7,6,8,0,0,1,0,0,0,0,4,1,1,1,1,54,8,7698,2,6,MERCEDES MODEL MISSING,3,E01002243,0,4
2024010488905,2024,010488905,1,90,0,4,4,5,1,0,0,1,1,4,0,0,1,1,1,1,1,33,6,10677,2,8,MERCEDES MODEL MISSING,3,E01001004,0,3
2024302401187,2024,302401187,1,21,1,12,12,5,1,0,0,0,0,0,0,0,3,1,6,6,3,-1,-1,12809,2,8,MERCEDES MODEL MISSING,5,E01019456,0,4
2024332400268,2024,332400268,2,21,0,-1,19,5,1,-1,0,1,0,0,0,0,1,1,-1,1,1,37,7,12809,2,5,MERCEDES MODEL MISSING,2,E01010529,0,4
2024010533349,2024,010533349,1,11,0,7,7,3,4,0,0,3,0,0,0,0,4,1,1,1,1,51,8,6370,2,15,MERCEDES MODEL MISSING,2,E01003591,0,2
2024991445821,2024,991445821,1,90,0,-1,19,3,7,-1,0,0,0,0,0,0,1,1,-1,1,1,38,7,7698,2,3,MERCEDES MODEL MISSING,1,-1,0,2
2024041406312,2024,041406312,2,21,0,-1,19,1,5,-1,0,0,0,0,0,0,2,1,-1,1,1,33,6,12809,2,7,MERCEDES MODEL MISSING,5,E01033799,0,2
2024411482613,2024,411482613,3,21,1,-1,8,5,1,-1,0,0,0,0,0,0,0,1,-1,1,1,53,8,10677,2,6,MERCEDES MODEL MISSING,6,E01023746,0,3
2024010540652,2024,010540652,2,10,9,2,2,0,0,99,99,0,9,99,9,99,9,1,6,6,3,-1,-1,-1,3,2,MERCEDES MODEL MISSING,-1,-1,0,-1
2024131532457,2024,131532457,2,20,0,-1,19,6,2,-1,0,0,0,0,0,0,1,1,-1,1,1,43,7,5132,2,5,MERCEDES MODEL MISSING,3,E01011048,0,3
2024311447991,2024,311447991,2,21,4,-1,19,4,8,-1,0,0,0,0,0,0,2,1,-1,1,1,51,8,10677,2,6,MERCEDES MODEL MISSING,-1,-1,0,-1
2024302400888,2024,302400888,1,21,0,18,19,1,5,0,0,8,1,0,0,0,3,1,1,1,1,34,6,-1,-1,-1,MERCEDES MODEL MISSING,4,E01007842,0,4
2024010523339,2024,010523339,1,21,0,5,5,3,7,0,0,1,0,0,0,0,2,1,6,6,2,40,7,5132,2,10,MERCEDES MODEL MISSING,-1,-1,0,-1
2024552400927,2024,552400927,1,20,0,7,7,6,1,0,0,8,0,0,0,0,4,1,2,2,2,59,9,10677,2,4,MERCEDES MODEL MISSING,5,E01015435,0,2
2024991404750,2024,991404750,1,21,0,-1,19,6,3,-1,0,1,0,0,0,0,1,9,-1,1,1,33,6,-1,-1,-1,MERCEDES MODEL MISSING,6,-1,0,3
2024071040709,2024,071040709,1,21,0,-1,19,1,5,-1,0,0,0,0,0,0,1,1,-1,1,1,29,6,7698,2,9,MERCEDES MODEL MISSING,1,E01034403,0,4
2024010535662,2024,010535662,2,9,0,18,19,1,5,0,0,8,0,0,0,0,3,1,6,6,1,21,5,5461,1,10,MERCEDES MODEL MISSING,4,E01016521,0,2
2024361510858,2024,361510858,1,90,0,-1,19,6,3,-1,0,0,2,0,1,1,4,2,-1,1,1,54,8,10677,2,7,MERCEDES MODEL MISSING,4,E01021862,0,5