collision_index,collision_year,collision_ref_no,vehicle_reference,vehicle_type,towing_and_articulation,vehicle_manoeuvre_historic,vehicle_manoeuvre,vehicle_direction_from,vehicle_direction_to,vehicle_location_restricted_lane_historic,vehicle_location_restricted_lane,junction_location,skidding_and_overturning,hit_object_in_carriageway,vehicle_leaving_carriageway,hit_object_off_carriageway,first_point_of_impact,vehicle_left_hand_drive,journey_purpose_of_driver_historic,journey_purpose_of_driver,sex_of_driver,age_of_driver,age_band_of_driver,engine_capacity_cc,propulsion_code,age_of_vehicle,generic_make_model,driver_imd_decile,lsoa_of_driver,escooter_flag,driver_distance_banding
2024440270338,2024,440270338,2,21,0,18,19,5,1,0,0,0,0,0,0,0,3,1,1,1,1,58,9,7698,2,1,MERCEDES MODEL MISSING,3,E01017098,0,3
2024070847449,2024,070847449,2,21,1,-1,19,5,5,-1,0,1,0,0,0,0,2,1,-1,1,1,40,7,12809,2,4,MERCEDES MODEL MISSING,1,E01005613,0,4
2024471483670,2024,471483670,1,90,1,-1,2,3,7,-1,0,0,0,0,0,0,2,1,-1,1,1,24,5,-1,-1,-1,MERCEDES MODEL MISSING,8,E01022765,0,4
2024320061929,2024,320061929,1,21,0,-1,-1,3,7,0,0,2,1,10,0,1,1,1,1,1,1,33,6,10677,2,4,MERCEDES MODEL MISSING,4,E01013663,0,4
2024451522451,2024,451522451,2,21,4,-1,10,3,1,-1,0,4,0,0,0,0,1,1,-1,6,1,-1,-1,12809,2,2,MERCEDES MODEL MISSING,-1,-1,0,-1
2024010536324,2024,010536324,2,21,1,3,3,1,5,0,0,8,0,0,0,0,2,1,1,1,1,44,7,10677,2,2,MERCEDES MODEL MISSING,8,E01034365,0,4
2024010546415,2024,010546415,2,21,0,18,19,3,7,0,0,8,0,0,0,0,3,1,1,1,1,47,8,7698,2,6,MERCEDES MODEL MISSING,6,E01002659,0,2
2024320340183,2024,320340183,1,21,0,-1,-1,8,4,0,0,1,0,0,0,0,1,1,1,1,1,44,7,11967,2,10,MERCEDES MODEL MISSING,2,E01003516,0,5
2024401484614,2024,401484614,1,21,1,-1,5,3,7,-1,0,3,0,0,1,0,4,1,-1,1,1,21,5,10677,2,6,MERCEDES MODEL MISSING,4,E01006486,0,5
2024211448275,2024,211448275,3,21,1,-1,19,1,5,-1,0,0,0,0,0,0,3,1,-1,1,1,62,9,10677,2,1,MERCEDES MODEL MISSING,1,E01010294,0,4
2024010503664,2024,010503664,2,90,0,18,19,5,1,0,0,1,0,0,0,0,3,1,6,6,1,34,6,7698,2,4,MERCEDES MODEL MISSING,8,E01002914,0,1
2024631405673,2024,631405673,2,20,4,-1,12,8,4,-1,0,0,0,0,0,0,0,1,-1,1,1,50,8,4249,2,11,MERCEDES MODEL MISSING,8,W01001563,0,3
2024451437168,2024,451437168,3,21,0,-1,19,1,5,-1,0,0,0,0,0,0,2,1,-1,1,1,52,8,12809,2,2,MERCEDES MODEL MISSING,5,E01023705,0,4
2024543356724,2024,543356724,2,20,1,18,19,1,5,0,0,0,0,0,0,0,1,1,6,6,1,72,10,-1,-1,-1,MERCEDES MODEL MISSING,7,E01016348,0,4
2024201454723,2024,201454723,2,19,0,-1,19,5,1,-1,0,0,0,0,0,0,4,1,-1,1,1,38,7,-1,-1,-1,MERCEDES MODEL MISSING,1,E01009489,0,1
2024010500536,2024,010500536,1,21,1,11,11,1,5,0,0,0,0,0,0,0,1,1,1,1,1,51,8,12809,2,2,MERCEDES MODEL MISSING,3,E01004189,0,4
2024471470541,2024,471470541,2,20,0,-1,19,5,1,-1,0,8,0,0,0,0,4,1,-1,1,1,61,9,-1,-1,-1,MERCEDES MODEL MISSING,4,E01022817,0,4
2024541147724,2024,541147724,1,21,0,18,19,4,8,0,0,3,0,0,0,0,1,1,6,6,1,-1,-1,12809,2,1,MERCEDES MODEL MISSING,-1,-1,0,-1
2024471499571,2024,471499571,1,20,0,-1,5,3,1,-1,0,2,0,0,0,0,3,1,-1,1,1,57,9,4250,2,18,MERCEDES MODEL MISSING,4,E01024831,0,3
2024061471210,2024,061471210,2,20,0,-1,19,5,1,-1,0,0,0,0,0,0,2,1,-1,1,1,45,7,-1,-1,-1,MERCEDES MODEL MISSING,9,E01010954,0,4
2024231516280,2024,231516280,1,21,1,-1,19,3,7,-1,0,4,0,0,0,0,4,9,-1,1,1,70,10,7698,2,10,MERCEDES MODEL MISSING,7,E01009562,0,3
2024401464919,2024,401464919,2,21,1,-1,19,5,1,-1,0,0,1,0,0,0,1,1,-1,1,1,56,9,12809,2,7,MERCEDES MODEL MISSING,1,E01013000,0,5
2024421506888,2024,421506888,2,19,0,-1,-1,-1,-1,-1,-1,0,-1,-1,-1,0,-1,9,-1,6,1,34,6,-1,-1,-1,MERCEDES MODEL MISSING,4,E01015622,0,5
2024361451131,2024,361451131,2,20,0,-1,19,4,8,-1,0,1,0,0,0,0,1,1,-1,1,1,65,9,10677,2,6,MERCEDES MODEL MISSING,8,E01026473,0,4
202417M301124,2024,17M301124,2,21,1,18,19,5,1,0,0,8,0,0,0,0,1,1,1,1,1,54,8,12809,2,2,MERCEDES MODEL MISSING,1,E01008730,0,4
2024010511937,2024,010511937,1,21,1,18,19,1,5,0,0,0,0,0,0,0,1,1,1,1,1,52,8,12809,2,1,MERCEDES MODEL MISSING,3,W01001137,0,5
2024991421305,2024,991421305,1,19,0,-1,19,1,5,-1,0,0,0,0,0,0,0,1,-1,1,1,26,6,2148,2,18,MERCEDES MODEL MISSING,2,-1,0,1
2024421454391,2024,421454391,2,21,0,-1,2,0,0,-1,0,0,0,4,0,0,2,1,-1,6,-1,-1,-1,-1,-1,-1,MERCEDES MODEL MISSING,-1,-1,0,-1
2024622400442,2024,622400442,1,11,0,18,19,4,8,0,0,0,0,0,0,0,4,1,1,1,1,59,9,6374,2,13,MERCEDES MODEL MISSING,7,W01001240,0,3
2024471485155,2024,471485155,2,21,0,-1,19,7,2,-1,0,0,0,0,0,0,1,1,-1,1,1,66,10,12809,2,10,MERCEDES MODEL MISSING,6,E01031345,0,4
2024070821933,2024,070821933,2,21,4,-1,19,7,3,-1,0,1,0,0,0,0,1,1,-1,1,1,55,8,12809,2,4,MERCEDES MODEL MISSING,1,E01024925,0,4
2024440235851,2024,440235851,2,21,1,3,3,7,3,0,0,0,0,0,0,0,2,1,1,1,1,51,8,15569,2,5,MERCEDES MODEL MISSING,2,E01021700,0,5
2024411462716,2024,411462716,2,21,1,-1,19,1,5,-1,0,0,0,0,0,0,2,1,-1,1,1,42,7,12809,2,9,MERCEDES MODEL MISSING,7,W01001943,0,5
2024041495566,2024,041495566,1,21,0,-1,19,7,3,-1,0,0,0,0,0,0,1,1,-1,1,1,61,9,10677,2,8,MERCEDES MODEL MISSING,5,E01007995,0,4
2024201459581,2024,201459581,2,11,0,-1,2,0,0,-1,0,0,0,0,0,0,0,1,-1,1,1,54,8,11967,2,14,MERCEDES MODEL MISSING,4,E01010325,0,4
2024141398971,2024,141398971,2,90,0,-1,19,5,1,-1,0,0,0,0,0,0,2,1,-1,1,1,48,8,-1,-1,-1,MERCEDES MODEL MISSING,7,E01007755,0,2
2024311502999,2024,311502999,1,21,1,-1,19,1,5,-1,0,0,0,11,0,0,1,1,-1,1,1,29,6,10677,2,2,MERCEDES MODEL MISSING,7,E01030548,0,5
2024071007071,2024,071007071,1,21,1,-1,19,3,3,-1,0,0,0,0,0,0,2,1,-1,1,1,59,9,10677,2,1,MERCEDES MODEL MISSING,-1,-1,0,-1
2024010507133,2024,010507133,1,19,0,9,9,1,6,0,0,2,0,0,0,0,1,1,1,1,1,52,8,-1,3,16,MERCEDES MODEL MISSING,-1,-1,0,-1
2024991511753,2024,991511753,1,11,0,-1,5,7,3,-1,0,2,0,0,0,0,4,1,-1,1,1,29,6,7700,2,9,MERCEDES MODEL MISSING,3,-1,0,2
2024122401278,2024,122401278,2,21,1,18,19,1,5,0,0,0,0,0,0,0,1,1,1,1,1,27,6,12809,2,7,MERCEDES MODEL MISSING,3,E01007528,0,4
2024371510930,2024,371510930,2,21,1,-1,2,0,0,-1,0,1,0,4,0,0,2,1,-1,1,1,37,7,12809,2,8,MERCEDES MODEL MISSING,6,E01015688,0,4
2024122400128,2024,122400128,1,11,1,18,19,8,4,0,0,8,1,0,0,0,4,1,1,1,1,59,9,11967,2,15,MERCEDES MODEL MISSING,7,E01013345,0,1
2024061498134,2024,061498134,1,19,0,-1,4,7,3,-1,0,0,0,0,0,0,1,1,-1,1,1,34,6,-1,-1,-1,MERCEDES MODEL MISSING,8,E01005155,0,4
2024010520360,2024,010520360,1,21,1,18,19,7,3,0,0,3,0,0,0,0,2,1,1,1,1,47,8,7698,2,1,MERCEDES MODEL MISSING,6,E01023554,0,4
2024332400274,2024,332400274,2,21,0,-1,2,0,0,-1,-1,0,0,0,0,0,2,1,-1,6,1,39,7,12809,2,1,MERCEDES MODEL MISSING,-1,-1,0,-1
2024111471138,2024,111471138,1,21,0,-1,19,1,5,-1,0,0,0,0,0,0,0,1,-1,6,1,45,7,12809,2,5,MERCEDES MODEL MISSING,3,-1,0,5
2024471432684,2024,471432684,2,21,0,-1,3,6,2,-1,0,0,0,0,0,0,2,1,-1,1,1,59,9,10677,2,5,MERCEDES MODEL MISSING,1,E01031558,0,4
2024031399036,2024,031399036,1,90,0,-1,19,2,6,-1,0,0,2,0,0,0,3,1,-1,1,1,23,5,7200,2,12,MERCEDES MODEL MISSING,-1,-1,0,-1
2024041459214,2024,041459214,2,21,0,-1,2,0,0,-1,0,1,0,0,0,0,0,1,-1,1,1,36,7,5132,2,10,MERCEDES MODEL MISSING,10,E01025255,0,4
2024991453659,2024,991453659,2,21,1,-1,2,0,0,-1,-1,0,0,0,0,0,2,1,-1,1,1,41,7,12809,2,2,MERCEDES MODEL MISSING,5,E01034492,0,5
2024351422784,2024,351422784,2,21,1,-1,19,1,5,-1,0,0,0,0,0,0,2,1,-1,1,1,35,6,7698,2,5,MERCEDES MODEL MISSING,4,E01018060,0,4
2024361426915,2024,361426915,2,21,1,-1,2,2,6,-1,-1,0,0,0,0,0,2,1,-1,1,1,35,6,12809,2,2,MERCEDES MODEL MISSING,-1,-1,0,-1
2024522403149,2024,522403149,2,21,0,1,1,5,1,0,0,0,0,0,0,0,1,1,1,1,3,-1,-1,7698,2,2,MERCEDES MODEL MISSING,-1,-1,0,-1
2024041444202,2024,041444202,3,21,0,-1,3,3,7,-1,0,0,0,0,0,0,2,1,-1,1,1,54,8,12809,2,2,MERCEDES MODEL MISSING,4,E01025517,0,2
202417H100224,2024,17H100224,1,10,0,9,9,7,5,0,0,8,0,0,0,0,1,1,1,1,1,64,9,-1,-1,-1,MERCEDES MODEL MISSING,2,E01032541,0,1
2024221484203,2024,221484203,2,21,1,-1,19,3,7,-1,0,0,0,0,0,0,2,1,-1,1,1,37,7,12809,2,2,MERCEDES MODEL MISSING,7,E01029516,0,4
2024430445286,2024,430445286,1,21,1,18,19,1,5,0,0,0,5,0,6,0,3,1,1,1,1,56,9,12809,2,3,MERCEDES MODEL MISSING,-1,-1,0,-1
2024371492455,2024,371492455,3,21,1,-1,19,3,7,-1,0,0,0,0,0,0,3,1,-1,1,1,49,8,12809,2,4,MERCEDES MODEL MISSING,2,E01029988,0,4
2024101562308,2024,101562308,2,11,0,-1,19,8,4,-1,0,0,0,0,0,0,4,1,-1,1,1,32,6,6370,2,11,MERCEDES MODEL MISSING,9,E01011982,0,4
2024010533992,2024,010533992,1,21,0,99,99,9,9,99,99,9,9,99,9,99,1,1,1,1,1,53,8,7698,2,6,MERCEDES MODEL MISSING,4,E01022523,0,4
2024332400584,2024,332400584,1,20,0,-1,7,2,4,-1,0,5,0,0,0,0,4,1,-1,1,1,51,8,-1,-1,-1,MERCEDES MODEL MISSING,7,E01019513,0,4
2024041457579,2024,041457579,3,20,0,-1,19,5,1,-1,0,0,0,0,0,0,0,1,-1,6,1,32,6,4250,2,10,MERCEDES MODEL MISSING,4,E01025431,0,1
2024991528647,2024,991528647,3,21,1,-1,2,8,4,-1,0,0,0,0,0,0,2,2,-1,1,1,54,8,-1,-1,-1,MERCEDES MODEL MISSING,10,-1,0,2
2024501465058,2024,501465058,2,21,1,-1,19,1,5,-1,0,1,0,0,0,0,1,1,-1,1,1,39,7,12809,2,10,MERCEDES MODEL MISSING,6,E01020326,0,4
2024131513088,2024,131513088,1,21,0,-1,9,7,5,-1,0,8,0,4,0,0,2,1,-1,1,1,31,6,10677,2,9,MERCEDES MODEL MISSING,6,E01012401,0,4
2024041466104,2024,041466104,2,21,0,-1,4,1,5,-1,0,0,0,0,0,0,2,1,-1,1,1,37,7,4250,2,15,MERCEDES MODEL MISSING,7,W01000645,0,5
2024401460363,2024,401460363,2,21,0,-1,19,7,3,-1,0,0,0,0,0,0,3,1,-1,2,1,30,6,10677,2,0,MERCEDES MODEL MISSING,9,E01017734,0,3
2024041484295,2024,041484295,1,90,0,-1,19,5,1,-1,0,0,0,0,0,0,1,1,-1,1,1,54,8,6374,2,11,MERCEDES MODEL MISSING,10,E01004950,0,3
2024610027024,2024,610027024,2,21,1,17,19,2,7,0,0,0,0,0,0,0,3,1,1,1,1,59,9,12809,2,2,MERCEDES MODEL MISSING,5,W01002027,0,1
2024501420359,2024,501420359,1,11,0,-1,19,5,1,-1,0,0,1,0,7,4,1,1,-1,1,1,83,11,3972,2,14,MERCEDES MODEL MISSING,5,E01020117,0,1
2024010504212,2024,010504212,1,20,5,5,5,3,7,0,0,1,0,0,0,0,1,1,1,1,1,28,6,10677,2,1,MERCEDES MODEL MISSING,9,E01021795,0,4
2024991456943,2024,991456943,1,21,1,-1,19,6,2,-1,0,4,0,9,8,1,1,1,-1,1,1,50,8,12809,2,3,MERCEDES MODEL MISSING,8,-1,0,5
2024361466289,2024,361466289,2,21,0,-1,4,1,5,-1,0,0,0,0,0,0,1,1,-1,1,1,64,9,5132,2,4,MERCEDES MODEL MISSING,1,E01026869,0,4
2024101406950,2024,101406950,1,11,0,-1,5,6,2,-1,0,8,0,0,0,0,0,1,-1,1,1,52,8,6370,2,11,MERCEDES MODEL MISSING,1,E01008867,0,1
2024461510167,2024,461510167,1,21,0,-1,11,3,7,-1,0,0,0,0,0,0,4,1,-1,1,1,34,6,10677,2,7,MERCEDES MODEL MISSING,6,E01023913,0,4
2024010517215,2024,010517215,2,90,0,2,2,0,0,0,0,1,0,0,0,0,2,1,6,6,3,-1,-1,7698,2,7,MERCEDES MODEL MISSING,-1,-1,0,-1
2024010510380,2024,010510380,2,21,9,99,99,9,9,99,99,0,9,99,9,99,9,9,6,6,3,74,10,10677,2,9,MERCEDES MODEL MISSING,7,E01027129,0,5
2024320516013,2024,320516013,2,21,1,-1,-1,8,4,0,0,8,0,0,0,0,1,1,1,1,1,34,6,12809,2,5,MERCEDES MODEL MISSING,4,E01026025,0,4
2024010502894,2024,010502894,2,21,0,18,19,1,5,0,0,0,0,0,0,0,1,1,1,1,1,66,10,10677,2,9,MERCEDES MODEL MISSING,3,E01016454,0,4
202454B220224,2024,54B220224,2,21,0,18,19,1,5,0,0,1,0,0,0,0,1,1,1,1,1,68,10,7698,2,6,MERCEDES MODEL MISSING,7,E01014702,0,4
2024461435423,2024,461435423,3,20,0,-1,5,5,7,-1,0,0,0,0,0,0,3,9,-1,1,1,57,9,-1,-1,-1,MERCEDES MODEL MISSING,2,E01024633,0,4
2024401507564,2024,401507564,1,11,0,-1,7,5,8,-1,0,4,0,0,0,0,1,1,-1,1,1,54,8,6370,2,16,MERCEDES MODEL MISSING,10,E01023953,0,3
2024010514847,2024,010514847,2,19,0,99,99,9,9,99,99,9,9,99,9,99,0,9,6,6,3,-1,-1,7698,2,6,MERCEDES MODEL MISSING,-1,-1,0,-1
2024070837688,2024,070837688,1,21,1,-1,19,5,1,-1,0,0,4,0,4,9,3,1,-1,1,1,56,9,12809,2,11,MERCEDES MODEL MISSING,2,E01014252,0,4
2024211528653,2024,211528653,1,21,0,-1,19,7,3,-1,0,0,0,4,0,0,1,1,-1,1,1,35,6,10677,2,1,MERCEDES MODEL MISSING,1,E01014317,0,1
2024010537784,2024,010537784,1,21,1,5,5,1,5,0,0,1,0,0,0,0,4,1,6,6,1,23,5,10677,2,7,MERCEDES MODEL MISSING,3,E01029538,0,5
2024111491128,2024,111491128,4,21,0,-1,19,1,5,-1,0,0,0,0,0,0,1,1,-1,1,1,38,7,7698,2,9,MERCEDES MODEL MISSING,2,E01020894,0,4
2024522401186,2024,522401186,2,21,0,18,19,8,4,0,0,4,0,0,0,0,4,1,6,6,1,43,7,10677,2,5,MERCEDES MODEL MISSING,1,E01014367,0,5
2024301530258,2024,301530258,1,21,1,-1,19,4,8,-1,0,0,0,4,0,0,1,9,-1,1,2,43,7,12809,2,9,MERCEDES MODEL MISSING,-1,-1,0,-1
2024430271600,2024,430271600,2,21,0,3,3,6,2,0,0,1,0,0,0,0,2,1,1,1,1,33,6,10677,2,6,MERCEDES MODEL MISSING,3,E01016452,0,1
2024461412751,2024,461412751,2,21,4,-1,4,2,2,-1,0,0,0,0,0,0,2,9,-1,1,1,33,6,12809,2,2,MERCEDES MODEL MISSING,5,E01016158,0,3
2024311459523,2024,311459523,2,21,1,-1,19,5,1,-1,0,0,3,0,1,0,3,1,-1,1,1,47,8,12809,2,10,MERCEDES MODEL MISSING,9,E01028415,0,3
2024371490005,2024,371490005,3,21,1,-1,19,5,1,-1,0,0,0,0,0,0,1,1,-1,1,1,40,7,12809,2,4,MERCEDES MODEL MISSING,10,E01029908,0,1
2024471408452,2024,471408452,1,21,0,-1,19,7,3,-1,0,0,0,0,1,4,4,1,-1,1,1,60,9,10677,2,1,MERCEDES MODEL MISSING,1,E01020982,0,4
2024010522564,2024,010522564,1,21,0,18,19,3,7,0,0,1,0,0,0,0,0,1,1,1,1,32,6,5132,2,4,MERCEDES MODEL MISSING,5,E01004439,0,3
2024061458230,2024,061458230,1,21,1,-1,19,3,7,-1,-1,1,0,0,0,0,1,1,-1,1,1,43,7,12809,2,7,MERCEDES MODEL MISSING,3,E01005469,0,1
2024211522055,2024,211522055,2,20,0,-1,2,0,0,-1,0,0,0,0,0,0,2,1,-1,6,-1,-1,-1,4250,2,17,MERCEDES MODEL MISSING,-1,-1,0,-1
2024302401172,2024,302401172,1,21,1,18,19,1,5,0,0,0,0,0,0,0,1,1,1,1,1,62,9,11967,2,12,MERCEDES MODEL MISSING,8,E01011066,0,4
2024991507739,2024,991507739,2,90,0,-1,19,8,4,-1,0,0,0,0,0,0,3,1,-1,1,1,43,7,7698,2,9,MERCEDES MODEL MISSING,7,-1,0,3
2024622400823,2024,622400823,4,21,0,18,19,2,6,0,0,0,0,0,0,0,2,1,2,2,1,46,8,7698,2,1,MERCEDES MODEL MISSING,5,W01001831,0,4
2024302400891,2024,302400891,1,20,0,7,7,5,3,0,0,8,0,0,0,0,4,1,1,1,1,57,9,4250,2,14,MERCEDES MODEL MISSING,1,E01013496,0,3
2024351508065,2024,351508065,2,21,0,-1,19,5,1,-1,0,0,0,0,0,0,3,1,-1,1,1,66,10,10677,2,7,MERCEDES MODEL MISSING,3,E01018087,0,2
2024131463739,2024,131463739,1,21,0,-1,19,1,1,-1,-1,0,0,0,0,0,1,1,-1,1,1,49,8,12809,2,2,MERCEDES MODEL MISSING,3,E01011822,0,4
2024141396321,2024,141396321,1,90,0,-1,19,2,6,-1,0,0,0,7,0,0,4,1,-1,1,1,28,6,-1,-1,-1,MERCEDES MODEL MISSING,1,E01007369,0,3
2024052400816,2024,052400816,1,19,0,18,19,4,8,0,0,0,0,0,0,0,1,1,6,6,1,-1,-1,5132,2,10,MERCEDES MODEL MISSING,-1,-1,0,-1
2024421488441,2024,421488441,1,21,0,-1,9,6,3,-1,0,8,2,0,1,7,4,1,-1,1,1,30,6,-1,-1,-1,MERCEDES MODEL MISSING,1,E01021324,0,1
2024010530979,2024,010530979,1,21,0,2,2,0,0,0,0,0,0,0,0,0,2,1,6,6,3,-1,-1,10677,2,1,MERCEDES MODEL MISSING,-1,-1,0,-1
2024411438206,2024,411438206,1,21,2,-1,19,1,5,-1,0,0,0,0,1,1,1,1,-1,1,1,57,9,10677,2,4,MERCEDES MODEL MISSING,6,E01010078,0,5
2024401433071,2024,401433071,1,21,1,-1,4,5,1,-1,0,0,0,0,0,0,1,1,-1,1,1,23,5,12809,2,10,MERCEDES MODEL MISSING,3,E01002506,0,4
2024371511251,2024,371511251,3,19,0,-1,3,3,7,-1,0,0,0,0,0,0,0,1,-1,6,1,72,10,2151,2,20,MERCEDES MODEL MISSING,1,E01030247,0,4
2024302400783,2024,302400783,1,21,0,3,3,6,8,0,0,1,0,0,0,0,1,1,6,6,3,-1,-1,7698,2,0,MERCEDES MODEL MISSING,5,E01019456,0,3
2024010503506,2024,010503506,2,9,0,18,19,3,7,0,0,7,0,0,0,0,1,1,6,6,3,-1,-1,3200,1,24,MERCEDES MODEL MISSING,-1,-1,0,-1
2024010498454,2024,010498454,2,90,0,3,3,2,6,0,0,5,0,0,0,0,0,1,1,1,1,36,7,7698,2,5,MERCEDES MODEL MISSING,4,E01015930,0,3
2024010521142,2024,010521142,1,21,0,18,19,1,5,0,0,0,0,0,0,0,1,1,1,1,1,31,6,6374,2,10,MERCEDES MODEL MISSING,7,E01000427,0,2
2024010524880,2024,010524880,1,21,0,4,4,7,3,0,0,0,0,0,0,0,2,1,1,1,1,36,7,7698,2,6,MERCEDES MODEL MISSING,5,E01018080,0,4
2024471456649,2024,471456649,1,19,0,-1,19,8,4,-1,0,0,0,0,0,0,1,1,-1,1,1,47,8,5132,2,1,MERCEDES MODEL MISSING,3,E01020928,0,4
2024520402339,2024,520402339,1,90,0,18,19,7,4,0,0,0,5,0,0,0,1,1,6,6,1,51,8,2874,2,26,MERCEDES MODEL MISSING,10,E01035419,0,5
2024340NN4612,2024,340NN4612,2,20,0,-1,2,0,0,-1,0,2,0,0,0,0,2,1,-1,6,3,-1,-1,5132,2,2,MERCEDES MODEL MISSING,-1,-1,0,-1
2024221516929,2024,221516929,2,21,1,-1,19,5,1,-1,0,8,0,0,0,0,1,1,-1,1,1,39,7,12809,2,7,MERCEDES MODEL MISSING,8,E01014824,0,5
2024161526458,2024,161526458,1,11,0,-1,19,8,4,-1,0,8,0,0,0,0,3,1,-1,1,1,44,7,5132,2,9,MERCEDES MODEL MISSING,2,E01005193,0,4
2024430033935,2024,430033935,1,21,1,9,9,4,8,0,0,3,2,0,0,0,4,1,1,1,1,38,7,12809,2,7,MERCEDES MODEL MISSING,1,E01009326,0,4
2024010538270,2024,010538270,2,90,0,9,9,1,7,0,0,8,0,0,0,0,3,1,1,1,2,34,6,7698,2,5,MERCEDES MODEL MISSING,3,E01017665,0,4
2024371470195,2024,371470195,1,11,0,-1,19,8,4,-1,0,0,0,0,0,0,4,9,-1,1,1,64,9,5100,2,8,MERCEDES MODEL MISSING,7,E01034572,0,4
2024010516856,2024,010516856,1,11,0,18,19,1,5,0,0,1,0,0,0,0,0,1,6,6,1,59,9,6370,2,15,MERCEDES MODEL MISSING,3,E01001980,0,3
2024440030596,2024,440030596,1,20,0,15,15,4,8,0,0,0,0,0,0,0,1,1,1,1,1,32,6,7698,2,8,MERCEDES MODEL MISSING,3,E01020104,0,5
2024544584924,2024,544584924,3,21,0,18,19,7,3,0,0,1,0,0,0,0,3,1,1,1,1,44,7,7698,2,0,MERCEDES MODEL MISSING,6,E01032692,0,4
2024451457667,2024,451457667,1,21,0,-1,19,7,3,-1,0,0,0,0,0,0,1,1,-1,1,1,45,7,7698,2,5,MERCEDES MODEL MISSING,5,E01001179,0,4
2024332401003,2024,332401003,2,21,0,-1,19,5,1,-1,0,0,1,0,1,4,1,1,-1,1,1,44,7,12809,2,8,MERCEDES MODEL MISSING,4,E01034025,0,2
202454E396724,2024,54E396724,1,21,1,11,11,3,7,0,0,0,0,0,0,0,4,1,1,1,1,52,8,7698,2,5,MERCEDES MODEL MISSING,8,E01023182,0,4
2024451406497,2024,451406497,1,11,0,-1,5,3,7,-1,0,0,0,0,0,0,0,1,-1,1,1,57,9,7700,2,8,MERCEDES MODEL MISSING,3,E01001326,0,3
2024371525874,2024,371525874,1,21,1,-1,19,1,5,-1,0,2,0,0,0,0,1,1,-1,6,3,-1,-1,12809,2,6,MERCEDES MODEL MISSING,-1,-1,0,-1
2024302400415,2024,302400415,1,20,0,4,4,1,4,0,0,8,0,0,0,0,1,1,1,1,1,38,7,-1,-1,-1,MERCEDES MODEL MISSING,7,E01013672,0,4
2024552400527,2024,552400527,1,21,1,15,15,7,3,0,0,0,0,0,1,10,1,1,6,6,1,58,9,12809,2,9,MERCEDES MODEL MISSING,9,E01020369,0,4
2024131458475,2024,131458475,1,21,0,-1,4,3,7,-1,0,0,0,0,0,0,2,1,-1,1,1,48,8,12809,2,2,MERCEDES MODEL MISSING,2,E01010714,0,4
2024010490898,2024,010490898,1,20,0,7,7,8,2,0,0,5,0,0,0,0,4,1,1,1,1,60,9,-1,-1,-1,MERCEDES MODEL MISSING,4,E01015776,0,4
2024131452138,2024,131452138,1,21,0,-1,11,3,7,-1,0,0,0,0,0,0,2,1,-1,1,1,58,9,12809,2,2,MERCEDES MODEL MISSING,4,E01016593,0,5
2024122400785,2024,122400785,2,21,1,18,19,6,2,0,0,1,0,0,0,0,4,1,1,1,1,51,8,12809,2,0,MERCEDES MODEL MISSING,10,E01013337,0,3
2024411578127,2024,411578127,5,21,0,-1,4,7,3,-1,0,0,1,0,0,0,2,1,-1,6,1,-1,-1,10677,2,0,MERCEDES MODEL MISSING,5,E01023936,0,2
2024070797262,2024,070797262,2,21,0,-1,19,7,7,-1,0,1,0,0,0,0,1,1,-1,1,1,65,9,-1,-1,-1,MERCEDES MODEL MISSING,1,E01018522,0,1
2024501449335,2024,501449335,2,21,0,-1,19,5,1,-1,0,0,0,0,0,0,0,9,-1,1,1,56,9,10677,2,2,MERCEDES MODEL MISSING,7,E01019058,0,4
2024101419911,2024,101419911,3,19,0,-1,4,5,1,-1,0,0,0,0,0,0,1,1,-1,1,1,26,6,-1,-1,-1,MERCEDES MODEL MISSING,2,E01020895,0,4
2024340WN4552,2024,340WN4552,4,21,0,-1,19,5,1,-1,0,0,0,0,0,0,1,1,-1,1,1,57,9,12809,2,1,MERCEDES MODEL MISSING,9,E01027286,0,3
2024411510043,2024,411510043,1,21,1,-1,19,7,3,-1,0,0,0,0,0,0,4,1,-1,1,1,50,8,12809,2,10,MERCEDES MODEL MISSING,2,E01001777,0,4