collision_index,collision_year,collision_ref_no,vehicle_reference,vehicle_type,towing_and_articulation,vehicle_manoeuvre_historic,vehicle_manoeuvre,vehicle_direction_from,vehicle_direction_to,vehicle_location_restricted_lane_historic,vehicle_location_restricted_lane,junction_location,skidding_and_overturning,hit_object_in_carriageway,vehicle_leaving_carriageway,hit_object_off_carriageway,first_point_of_impact,vehicle_left_hand_drive,journey_purpose_of_driver_historic,journey_purpose_of_driver,sex_of_driver,age_of_driver,age_band_of_driver,engine_capacity_cc,propulsion_code,age_of_vehicle,generic_make_model,driver_imd_decile,lsoa_of_driver,escooter_flag,driver_distance_banding
2024361412466,2024,361412466,2,21,1,-1,4,1,5,-1,0,0,0,0,0,0,2,1,-1,1,1,50,8,12809,2,5,MERCEDES MODEL MISSING,4,E01033827,0,5
2024061485258,2024,061485258,1,20,1,-1,19,1,5,-1,0,1,0,0,0,0,1,9,-1,1,1,56,9,5132,2,6,MERCEDES MODEL MISSING,7,E01010356,0,5
2024991402064,2024,991402064,1,9,0,-1,7,1,5,-1,0,0,1,0,1,1,1,1,-1,9,2,32,6,2295,1,25,MERCEDES MODEL MISSING,1,E01005874,0,5
2024451513557,2024,451513557,2,21,0,-1,3,1,5,-1,0,0,0,0,0,0,2,1,-1,6,3,40,7,12809,2,4,MERCEDES MODEL MISSING,-1,-1,0,-1
2024545085724,2024,545085724,2,21,0,18,19,6,2,0,0,0,0,0,0,0,2,1,1,1,1,35,6,10677,2,3,MERCEDES MODEL MISSING,9,E01016543,0,4
2024991439662,2024,991439662,1,9,0,-1,4,3,7,-1,0,4,0,0,0,0,4,1,-1,9,1,67,10,2290,1,26,MERCEDES MODEL MISSING,-1,-1,0,-1
2024010534396,2024,010534396,1,21,1,18,19,5,1,0,0,2,0,0,0,0,2,1,1,1,1,47,8,12809,2,5,MERCEDES MODEL MISSING,9,E01021692,0,4
202454C610324,2024,54C610324,2,9,0,10,10,5,1,0,0,1,0,0,0,0,1,1,6,6,1,27,6,2295,1,22,MERCEDES MODEL MISSING,7,E01031979,0,1
2024010502576,2024,010502576,1,11,0,16,19,3,5,2,2,1,0,0,0,0,1,1,1,1,1,54,8,7700,2,8,MERCEDES MODEL MISSING,6,E01001289,0,2
2024421430598,2024,421430598,2,21,0,-1,19,4,8,-1,0,0,0,0,0,0,1,1,-1,9,2,54,8,4250,2,20,MERCEDES MODEL MISSING,6,E01021414,0,4
2024061469588,2024,061469588,1,21,1,-1,12,3,7,-1,0,0,0,0,0,0,3,1,-1,1,1,41,7,12809,2,1,MERCEDES MODEL MISSING,1,E01007275,0,4
2024010510801,2024,010510801,1,20,0,2,2,0,0,0,0,0,0,0,0,0,2,1,6,6,3,-1,-1,7698,2,3,MERCEDES MODEL MISSING,-1,-1,0,-1
2024421467750,2024,421467750,1,21,0,-1,19,8,4,-1,0,0,0,0,0,0,1,1,-1,1,1,31,6,10677,2,9,MERCEDES MODEL MISSING,2,E01034367,0,1
2024991437689,2024,991437689,2,20,0,-1,19,3,7,-1,0,1,0,0,0,0,3,1,-1,1,1,69,10,5132,2,5,MERCEDES MODEL MISSING,2,-1,0,4
2024070073955,2024,070073955,2,21,0,9,9,8,4,0,0,1,0,0,0,0,0,1,1,1,1,39,7,10677,2,4,MERCEDES MODEL MISSING,2,E01006783,0,4
2024340WN1562,2024,340WN1562,1,21,0,-1,9,8,5,-1,0,5,0,0,3,0,1,1,-1,1,1,29,6,5132,2,1,MERCEDES MODEL MISSING,9,E01027108,0,4
2024552401279,2024,552401279,2,21,0,18,19,2,6,0,0,0,0,0,1,9,3,1,1,1,1,42,7,-1,-1,-1,MERCEDES MODEL MISSING,2,E01015430,0,1
2024010533494,2024,010533494,2,21,0,18,19,3,7,0,0,0,0,0,0,0,1,1,1,1,1,47,8,12809,2,2,MERCEDES MODEL MISSING,4,E01033745,0,4
2024361516429,2024,361516429,2,20,0,-1,4,3,7,-1,0,0,0,0,0,0,3,1,-1,1,1,49,8,7698,2,1,MERCEDES MODEL MISSING,1,E01014218,0,5
2024010545253,2024,010545253,2,21,1,18,19,7,3,0,0,0,0,0,0,0,1,1,1,1,1,50,8,7698,2,2,MERCEDES MODEL MISSING,9,E01003828,0,2
2024361503317,2024,361503317,1,21,1,-1,19,8,4,-1,0,1,0,0,0,0,1,1,-1,6,1,31,6,10677,2,0,MERCEDES MODEL MISSING,9,E01032683,0,5
2024031452175,2024,031452175,2,21,1,-1,19,8,4,-1,0,0,0,0,0,0,2,9,-1,1,1,63,9,10677,2,7,MERCEDES MODEL MISSING,5,E01019314,0,3
2024010544302,2024,010544302,1,21,1,18,19,4,8,0,0,0,0,0,0,0,1,1,6,6,1,43,7,7698,2,7,MERCEDES MODEL MISSING,2,E01015820,0,4
2024461505488,2024,461505488,2,21,4,-1,19,5,3,-1,0,4,0,0,0,0,2,1,-1,1,2,52,8,12809,2,1,MERCEDES MODEL MISSING,9,E01021153,0,4
2024451506271,2024,451506271,1,21,0,-1,19,3,7,-1,0,0,2,0,0,0,1,1,-1,1,1,45,7,12809,2,4,MERCEDES MODEL MISSING,2,E01024717,0,4
2024052402056,2024,052402056,1,21,0,5,5,7,3,0,0,4,0,0,0,0,1,1,1,1,1,64,9,12809,2,8,MERCEDES MODEL MISSING,6,E01005830,0,4
2024340WN4552,2024,340WN4552,3,21,0,-1,4,5,1,-1,0,0,0,0,0,0,2,1,-1,1,1,39,7,12809,2,4,MERCEDES MODEL MISSING,6,E01023751,0,4
2024430233900,2024,430233900,2,21,1,18,19,5,1,0,0,0,0,0,0,0,2,1,6,6,1,34,6,12809,2,6,MERCEDES MODEL MISSING,7,E01025654,0,4
2024311434601,2024,311434601,2,21,1,-1,19,8,4,-1,0,0,1,4,1,0,1,1,-1,1,1,25,5,12809,2,6,MERCEDES MODEL MISSING,1,E01028066,0,2
2024131496223,2024,131496223,1,19,0,-1,9,3,7,-1,0,8,0,0,0,0,3,1,-1,1,1,49,8,4249,2,10,MERCEDES MODEL MISSING,3,E01010959,0,3
2024221429123,2024,221429123,2,19,0,-1,19,5,1,-1,0,0,0,0,0,0,1,9,-1,1,1,59,9,5132,2,9,MERCEDES MODEL MISSING,9,E01014094,0,3
2024520402528,2024,520402528,1,19,0,18,19,6,2,0,0,8,0,0,0,0,3,1,6,6,1,53,8,7201,2,12,MERCEDES MODEL MISSING,9,E01029031,0,4
2024010523202,2024,010523202,1,9,0,18,19,5,1,0,0,8,0,0,0,0,1,1,6,6,3,-1,-1,1590,1,12,MERCEDES MODEL MISSING,-1,-1,0,-1
2024010494395,2024,010494395,2,19,0,18,19,4,8,0,0,1,0,0,0,0,1,1,6,6,1,37,7,2143,2,11,MERCEDES MODEL MISSING,6,E01002586,0,1
2024211475326,2024,211475326,2,21,0,-1,15,1,5,-1,0,0,0,0,0,0,3,1,-1,1,1,25,5,-1,-1,-1,MERCEDES MODEL MISSING,3,E01029357,0,3
2024451453960,2024,451453960,2,90,0,-1,19,5,1,-1,0,0,0,0,0,0,1,1,-1,1,1,49,8,-1,-1,-1,MERCEDES MODEL MISSING,7,E01031516,0,4
2024991460613,2024,991460613,2,21,0,-1,19,5,1,-1,0,0,0,0,0,0,1,1,-1,1,1,47,8,7698,2,9,MERCEDES MODEL MISSING,3,-1,0,4
2024361491736,2024,361491736,3,21,1,-1,19,5,1,-1,0,1,1,0,0,0,1,1,-1,1,1,54,8,12809,2,10,MERCEDES MODEL MISSING,5,E01030165,0,4
2024622400696,2024,622400696,2,21,1,18,19,8,4,0,0,0,0,0,0,0,3,1,1,1,1,57,9,12809,2,2,MERCEDES MODEL MISSING,9,W01001502,0,3
202454C856424,2024,54C856424,2,21,0,2,2,0,0,0,0,0,0,0,0,0,2,1,1,1,1,60,9,-1,-1,-1,MERCEDES MODEL MISSING,9,E01031922,0,3
2024231412268,2024,231412268,1,21,1,-1,19,7,3,-1,0,0,0,0,0,0,1,1,-1,1,1,43,7,7698,2,8,MERCEDES MODEL MISSING,3,W01000411,0,5
2024010530401,2024,010530401,1,90,0,7,7,7,1,0,0,2,0,0,0,0,4,1,1,1,1,29,6,7698,2,5,MERCEDES MODEL MISSING,2,E01003047,0,1
2024141403794,2024,141403794,3,21,0,-1,19,5,1,-1,0,0,0,0,0,0,1,1,-1,1,1,28,6,7698,2,2,MERCEDES MODEL MISSING,1,E01007763,0,1
2024010521106,2024,010521106,2,21,9,99,99,9,9,99,99,9,9,99,9,99,1,9,6,6,3,48,8,12809,2,5,MERCEDES MODEL MISSING,4,E01015825,0,4
2024010489119,2024,010489119,2,90,0,18,19,7,3,0,0,2,0,0,0,0,1,1,1,1,1,42,7,7698,2,5,MERCEDES MODEL MISSING,6,E01002496,0,3
2024471409616,2024,471409616,1,9,0,-1,19,7,3,-1,0,0,0,0,4,6,1,1,-1,9,1,38,7,6208,1,14,MERCEDES MODEL MISSING,5,E01031818,0,2
2024361434259,2024,361434259,1,21,1,-1,9,6,4,-1,0,1,0,0,0,0,4,9,-1,6,1,26,6,12809,2,6,MERCEDES MODEL MISSING,9,E01033188,0,5
2024010536787,2024,010536787,1,19,0,12,12,1,5,0,0,3,0,0,0,0,1,1,1,1,1,47,8,7698,2,3,MERCEDES MODEL MISSING,-1,-1,0,-1
2024471449540,2024,471449540,2,90,0,-1,2,0,0,-1,0,0,0,0,0,0,2,1,-1,1,1,58,9,7698,2,7,MERCEDES MODEL MISSING,5,E01031631,0,3
2024501404659,2024,501404659,2,21,1,-1,19,7,3,-1,0,0,0,0,0,0,3,1,-1,1,1,67,10,12809,2,4,MERCEDES MODEL MISSING,7,E01018934,0,2
2024411442763,2024,411442763,1,21,1,-1,11,8,4,-1,0,3,0,0,0,0,1,1,-1,1,1,60,9,10677,2,6,MERCEDES MODEL MISSING,4,E01017020,0,5
2024631405324,2024,631405324,1,11,0,-1,5,6,2,-1,0,0,0,0,0,0,3,1,-1,1,1,67,10,4250,2,14,MERCEDES MODEL MISSING,5,W01000528,0,2
2024531406971,2024,531406971,1,21,0,-1,19,1,5,-1,0,0,5,0,6,6,1,1,-1,1,1,66,10,10677,2,3,MERCEDES MODEL MISSING,2,E01018949,0,5
2024351475190,2024,351475190,1,21,1,-1,12,8,4,-1,0,0,0,0,0,0,1,1,-1,1,1,40,7,12809,2,5,MERCEDES MODEL MISSING,2,E01015604,0,4
2024311500105,2024,311500105,1,2,0,-1,9,1,5,-1,0,1,1,0,0,0,3,1,-1,2,1,41,7,49,1,4,-1,-1,-1,0,-1
2024320363831,2024,320363831,1,5,0,-1,-1,3,7,0,0,6,5,0,0,0,0,1,-1,-1,1,57,9,1402,1,21,SUZUKI GSX 1400,7,E01026179,0,1
2024302401278,2024,302401278,1,5,0,16,19,1,5,0,0,0,1,0,7,10,1,1,6,6,1,67,10,1402,1,22,SUZUKI GSX 1400,5,E01019724,0,2
2024461481244,2024,461481244,2,3,0,-1,3,5,3,-1,0,0,0,0,0,0,1,1,-1,9,1,61,9,1402,1,22,SUZUKI GSX 1400,5,E01024110,0,1
2024131470404,2024,131470404,2,5,0,-1,9,3,1,-1,0,3,5,0,0,0,1,1,-1,6,1,66,10,1402,1,18,SUZUKI GSX 1400,3,E01011322,0,2
2024141441287,2024,141441287,2,5,0,-1,11,7,3,-1,0,3,0,0,1,0,4,1,-1,2,1,62,9,1402,1,19,SUZUKI GSX 1400,3,E01007538,0,2
2024122400279,2024,122400279,1,5,0,4,4,3,7,0,0,0,0,0,0,0,2,1,6,6,1,56,9,1402,1,16,SUZUKI GSX 1400,2,E01019505,0,4
2024122401169,2024,122401169,2,5,0,15,15,1,5,0,0,0,0,0,0,0,1,1,6,6,1,67,10,1402,1,18,SUZUKI GSX 1400,6,E01007554,0,4
2024041439816,2024,041439816,2,5,0,-1,19,7,3,-1,0,0,0,0,0,0,4,1,-1,9,1,62,9,1402,1,19,SUZUKI GSX 1400,10,E01025015,0,1
2024161479518,2024,161479518,2,5,0,-1,19,2,4,-1,0,1,0,0,0,0,4,1,-1,6,1,61,9,1402,1,20,SUZUKI GSX 1400,5,E01028144,0,5
2024520402974,2024,520402974,1,5,0,18,19,3,7,0,0,0,0,0,0,0,3,1,6,6,1,67,10,1402,1,17,SUZUKI GSX 1400,7,E01032680,0,4
2024552400846,2024,552400846,1,9,0,18,19,8,4,0,0,0,0,4,0,0,1,1,6,6,1,77,11,2494,2,15,TOYOTA HILUX,3,E01020543,0,2
2024010504150,2024,010504150,1,9,0,1,1,7,3,0,0,0,0,0,0,0,2,1,6,6,3,-1,-1,2393,2,0,TOYOTA HILUX,-1,-1,0,-1
2024552401392,2024,552401392,1,9,0,18,19,4,8,0,0,0,1,0,7,4,1,1,6,6,1,68,10,2494,2,20,TOYOTA HILUX,6,E01020442,0,1
2024501495180,2024,501495180,1,9,0,-1,9,6,2,-1,0,5,0,0,0,0,3,1,-1,2,2,40,7,2982,2,16,TOYOTA HILUX,8,E01018805,0,2
2024302400589,2024,302400589,2,9,0,2,2,0,0,0,0,0,0,0,0,0,2,1,1,1,1,-1,-1,2393,2,5,TOYOTA HILUX,5,E01019456,0,4
2024451509169,2024,451509169,2,9,0,-1,4,3,7,-1,0,0,0,0,0,0,2,1,-1,6,3,60,9,3000,2,26,TOYOTA HILUX,7,E01030527,0,1
2024141491696,2024,141491696,1,9,0,-1,19,1,5,-1,0,8,0,0,0,0,1,1,-1,9,1,59,9,2494,2,14,TOYOTA HILUX,3,E01007488,0,1
2024311420694,2024,311420694,1,9,0,-1,19,2,6,-1,0,0,0,0,0,0,1,1,-1,6,1,36,7,2494,2,17,TOYOTA HILUX,3,E01028224,0,1
2024440210786,2024,440210786,1,9,0,7,7,8,2,0,0,6,0,0,0,0,3,1,6,6,1,65,9,2982,2,15,TOYOTA HILUX,10,E01022989,0,1
2024201493903,2024,201493903,2,9,0,-1,9,4,1,-1,0,5,0,0,0,0,1,1,-1,6,1,33,6,2393,2,3,TOYOTA HILUX,7,E01032170,0,3
2024361407465,2024,361407465,1,9,0,-1,9,4,2,-1,0,8,0,0,0,0,1,1,-1,2,1,57,9,2393,2,4,TOYOTA HILUX,5,E01026970,0,5
2024131519225,2024,131519225,2,9,0,-1,2,0,0,-1,0,0,0,0,0,0,0,1,-1,6,-1,-1,-1,2982,2,15,TOYOTA HILUX,-1,-1,0,-1
2024991455086,2024,991455086,2,9,0,-1,19,8,4,-1,0,0,0,0,0,0,1,1,-1,6,1,51,8,2494,2,12,TOYOTA HILUX,8,-1,0,5
2024122400623,2024,122400623,1,9,0,9,9,5,3,0,0,8,0,0,0,0,1,1,6,6,2,74,10,2982,2,8,TOYOTA HILUX,9,E01033185,0,1
2024031406848,2024,031406848,1,9,0,-1,19,1,5,-1,0,0,0,0,0,0,1,1,-1,6,1,38,7,2982,2,14,TOYOTA HILUX,6,E01019319,0,2
2024471466400,2024,471466400,2,9,0,-1,19,2,6,-1,0,0,0,0,1,3,3,1,-1,1,1,21,5,2393,2,7,TOYOTA HILUX,7,E01031626,0,3
2024631471750,2024,631471750,3,9,0,-1,19,6,2,-1,0,0,0,0,0,0,1,1,-1,1,1,20,4,2494,2,15,TOYOTA HILUX,6,W01001961,0,4
2024471420329,2024,471420329,1,9,0,-1,1,8,4,-1,0,1,0,0,0,0,2,1,-1,1,1,56,9,2393,2,5,TOYOTA HILUX,10,E01031735,0,4
2024991451008,2024,991451008,2,9,4,-1,19,5,1,-1,0,0,0,0,0,0,0,1,-1,1,1,67,10,2393,2,7,TOYOTA HILUX,6,-1,0,1
2024131422856,2024,131422856,3,9,0,-1,15,7,3,-1,0,1,0,0,0,0,0,1,-1,6,3,-1,-1,2755,2,3,TOYOTA HILUX,-1,-1,0,-1
2024351490955,2024,351490955,2,9,0,-1,19,7,3,-1,0,0,0,0,0,0,0,1,-1,9,1,44,7,2393,2,0,TOYOTA HILUX,7,E01034671,0,5
2024552400606,2024,552400606,1,9,0,18,19,3,7,7,6,5,2,4,1,0,4,1,6,6,2,51,8,2446,2,23,TOYOTA HILUX,6,E01020549,0,3
202460Q096599,2024,60Q096599,1,9,0,16,19,6,2,0,0,0,1,0,0,0,1,1,2,2,1,29,6,2494,2,13,TOYOTA HILUX,-1,-1,0,-1
2024052402660,2024,052402660,2,9,0,7,7,1,5,0,0,8,0,0,0,0,4,1,1,1,1,52,8,2393,2,2,TOYOTA HILUX,8,E01019765,0,4
2024411412308,2024,411412308,2,9,-1,-1,-1,-1,-1,-1,-1,-1,-1,-1,-1,0,-1,9,-1,6,1,54,8,2755,2,3,TOYOTA HILUX,10,E01023889,0,2
2024231519698,2024,231519698,1,9,0,-1,1,2,6,-1,0,0,0,0,0,0,2,1,-1,1,1,18,4,2393,2,4,TOYOTA HILUX,5,E01010256,0,4
2024501451547,2024,501451547,1,9,0,-1,4,3,7,-1,0,1,0,0,0,0,1,9,-1,6,1,27,6,2982,2,11,TOYOTA HILUX,4,E01020309,0,4
2024461512399,2024,461512399,1,9,4,-1,9,7,3,-1,0,0,0,0,0,0,3,1,-1,1,2,58,9,2393,2,4,TOYOTA HILUX,8,E01021230,0,3
2024991419429,2024,991419429,1,9,0,-1,5,5,2,-1,0,2,0,0,1,0,3,1,-1,1,1,62,9,2393,2,1,TOYOTA HILUX,8,-1,0,4
2024501502310,2024,501502310,1,9,0,-1,19,5,1,-1,0,0,0,0,0,0,1,1,-1,2,1,48,8,2393,2,5,TOYOTA HILUX,8,E01033480,0,5
2024320343605,2024,320343605,1,9,0,-1,-1,6,2,0,0,8,0,0,0,0,1,1,6,6,1,33,6,2393,2,7,TOYOTA HILUX,6,E01026326,0,2
2024221414547,2024,221414547,1,9,0,-1,7,5,7,-1,0,4,0,0,0,0,2,9,-1,6,1,76,11,2393,2,4,TOYOTA HILUX,-1,-1,0,-1
2024461477854,2024,461477854,1,9,0,-1,19,8,3,-1,0,0,5,0,0,0,1,1,-1,6,2,20,4,2494,2,15,TOYOTA HILUX,7,E01024803,0,1
2024031499045,2024,031499045,1,9,0,-1,19,3,7,-1,0,0,0,0,1,0,1,1,-1,9,1,58,9,2982,2,15,TOYOTA HILUX,6,E01019381,0,1
2024461426330,2024,461426330,1,9,0,-1,19,1,5,-1,0,2,0,0,0,0,4,1,-1,1,1,24,5,2982,2,11,TOYOTA HILUX,10,E01016085,0,2
2024440487162,2024,440487162,2,9,0,18,19,5,1,0,0,3,0,0,0,0,4,1,6,6,1,24,5,2494,2,11,TOYOTA HILUX,-1,-1,0,-1
2024440499830,2024,440499830,2,9,0,17,19,2,6,0,0,0,0,0,0,0,1,1,2,2,1,42,7,2982,2,13,TOYOTA HILUX,10,E01023222,0,1
2024010517562,2024,010517562,2,90,9,99,99,9,9,0,0,0,9,99,9,99,4,9,6,6,3,-1,-1,-1,-1,-1,TOYOTA HILUX,-1,-1,0,-1
2024461492462,2024,461492462,1,9,0,-1,9,1,8,-1,0,5,0,0,0,0,1,1,-1,7,2,63,9,2755,2,2,TOYOTA HILUX,1,E01024496,0,1
2024501463665,2024,501463665,1,9,0,-1,19,4,7,-1,0,0,0,0,1,10,1,1,-1,1,2,30,6,2494,2,10,TOYOTA HILUX,4,E01020098,0,1
2024531499026,2024,531499026,1,9,0,-1,9,8,6,-1,0,5,0,0,0,0,1,9,-1,6,1,69,10,2393,2,4,TOYOTA HILUX,5,E01032294,0,4
2024010503902,2024,010503902,1,19,0,99,99,9,9,99,99,9,9,99,9,99,1,9,6,6,1,57,9,3500,1,36,TOYOTA HILUX,9,E01003854,0,1
2024991492185,2024,991492185,1,9,0,-1,13,3,7,-1,0,8,0,0,0,0,4,1,-1,9,1,64,9,2494,2,9,TOYOTA HILUX,7,-1,0,5
2024111495121,2024,111495121,1,9,0,-1,9,7,5,-1,0,8,0,0,0,0,1,1,-1,6,1,55,8,2393,2,6,TOYOTA HILUX,7,E01011959,0,1
2024320218411,2024,320218411,1,9,0,-1,-1,7,3,0,0,0,0,0,0,0,4,1,-1,-1,1,32,6,2755,2,2,TOYOTA HILUX,5,E01026298,0,1
2024302401375,2024,302401375,1,9,0,9,9,6,4,0,0,6,0,0,0,0,3,1,6,6,2,44,7,2393,2,6,TOYOTA HILUX,5,E01013509,0,1
2024070164698,2024,070164698,1,9,4,18,19,4,8,0,0,1,0,0,0,0,1,1,1,1,2,22,5,2755,2,3,TOYOTA HILUX,8,E01018586,0,4
2024471411709,2024,471411709,1,9,0,-1,9,2,8,-1,0,6,0,0,0,0,1,1,-1,1,1,54,8,2393,2,2,TOYOTA HILUX,6,E01021188,0,3
2024010524780,2024,010524780,2,9,0,99,99,9,9,99,99,5,9,99,9,99,9,9,6,6,3,-1,-1,2393,2,1,TOYOTA HILUX,-1,-1,0,-1
2024361473483,2024,361473483,2,9,0,-1,2,0,0,-1,0,0,0,0,1,0,2,1,-1,6,-1,-1,-1,2755,2,3,TOYOTA HILUX,-1,-1,0,-1
2024991430791,2024,991430791,1,9,0,-1,19,2,6,-1,0,0,2,0,7,0,4,1,-1,9,1,25,5,2393,2,5,TOYOTA HILUX,6,-1,0,2
2024991437542,2024,991437542,1,9,0,-1,12,8,4,-1,0,0,0,0,0,0,1,1,-1,2,1,39,7,2393,2,2,TOYOTA HILUX,4,-1,0,3
2024610031724,2024,610031724,1,9,0,18,19,7,3,0,0,4,1,0,0,0,1,1,6,6,1,21,5,2755,2,2,TOYOTA HILUX,8,W01001565,0,3
2024991475707,2024,991475707,1,9,0,-1,13,8,4,-1,0,0,0,0,0,0,3,1,-1,6,1,52,8,2755,2,1,TOYOTA HILUX,2,-1,0,4
2024522500078,2024,522500078,2,9,0,18,19,7,3,0,0,8,0,0,0,0,4,1,6,6,2,33,6,2393,2,3,TOYOTA HILUX,7,E01029089,0,2
2024991463681,2024,991463681,2,9,0,-1,19,2,6,-1,0,0,0,0,0,0,1,1,-1,6,1,58,9,2755,2,1,TOYOTA HILUX,7,-1,0,1
2024631489247,2024,631489247,1,9,5,-1,13,3,7,-1,0,0,0,0,0,0,0,1,-1,9,1,66,10,2982,2,13,TOYOTA HILUX,5,W01000541,0,2
2024320424202,2024,320424202,1,9,4,10,10,3,1,0,0,8,0,0,0,0,2,1,1,1,1,36,7,2755,2,1,TOYOTA HILUX,-1,-1,0,-1
2024421523406,2024,421523406,1,9,0,-1,19,7,3,-1,0,0,0,0,0,0,1,1,-1,9,1,64,9,2982,2,10,TOYOTA HILUX,-1,-1,0,-1
2024440276074,2024,440276074,2,9,0,18,19,7,3,0,0,8,0,0,0,0,1,1,6,6,1,-1,-1,2982,2,17,TOYOTA HILUX,-1,-1,0,-1
2024531480317,2024,531480317,1,9,0,-1,19,5,1,-1,0,0,5,0,1,0,4,1,-1,9,1,59,9,2982,2,9,TOYOTA HILUX,6,E01022201,0,1
2024430239270,2024,430239270,2,9,0,17,19,4,1,0,0,0,0,0,0,0,3,1,1,1,1,30,6,2393,2,7,TOYOTA HILUX,2,E01023397,0,4
2024371431554,2024,371431554,2,9,0,-1,2,0,0,-1,0,0,0,4,0,0,3,1,-1,6,-1,-1,-1,2982,2,15,TOYOTA HILUX,-1,-1,0,-1
2024320198612,2024,320198612,2,9,4,2,2,0,0,0,0,0,0,0,0,0,2,1,-1,-1,1,65,9,2982,2,12,TOYOTA HILUX,2,E01026050,0,4
2024122400987,2024,122400987,1,9,0,9,9,3,1,0,0,6,0,0,0,0,3,1,6,6,1,34,6,2755,2,0,TOYOTA HILUX,8,E01004586,0,5
2024221498216,2024,221498216,2,9,0,-1,19,5,2,-1,0,8,0,0,0,0,1,1,-1,6,1,55,8,2494,2,19,TOYOTA HILUX,6,E01014032,0,1
2024501424720,2024,501424720,2,9,0,-1,19,3,7,-1,0,0,5,4,2,9,1,1,-1,1,1,26,6,2494,2,9,TOYOTA HILUX,4,E01018968,0,2
2024302401287,2024,302401287,1,9,0,6,6,5,5,0,0,0,0,0,0,0,2,1,1,1,1,35,6,2755,2,3,TOYOTA HILUX,10,E01013465,0,1
2024531510654,2024,531510654,1,9,0,-1,19,7,3,-1,0,0,2,0,7,11,1,1,-1,9,1,21,5,2982,2,16,TOYOTA HILUX,7,E01022179,0,4
2024440287858,2024,440287858,2,9,0,18,19,1,5,0,0,1,0,0,0,0,1,1,6,6,1,-1,-1,2494,2,20,TOYOTA HILUX,-1,-1,0,-1
2024411448924,2024,411448924,1,9,0,-1,19,5,1,-1,0,0,5,0,0,0,3,1,-1,6,1,29,6,2393,2,5,TOYOTA HILUX,2,E01015754,0,4
2024501492080,2024,501492080,2,9,0,-1,4,3,7,-1,0,0,0,0,1,0,2,1,-1,9,1,49,8,2755,2,0,TOYOTA HILUX,4,E01020320,0,4
2024421503458,2024,421503458,1,9,0,-1,19,3,7,-1,0,0,2,0,1,9,1,1,-1,6,1,41,7,2494,2,12,TOYOTA HILUX,4,E01022048,0,3
2024122400952,2024,122400952,1,9,4,18,19,5,1,0,0,0,0,0,0,0,2,1,6,6,1,59,9,2755,2,2,TOYOTA HILUX,6,E01027562,0,2
2024471453548,2024,471453548,2,9,0,-1,19,2,6,-1,0,8,0,0,0,0,1,1,-1,6,1,41,7,2755,2,3,TOYOTA HILUX,7,E01020988,0,2
2024991417378,2024,991417378,1,9,0,-1,19,1,5,-1,0,0,0,0,0,0,1,1,-1,1,1,18,4,2393,2,7,TOYOTA HILUX,10,-1,0,5
2024010501855,2024,010501855,2,9,9,99,99,9,9,99,99,9,9,99,9,99,9,9,6,6,1,37,7,2393,2,1,TOYOTA HILUX,3,E01001759,0,1
2024471533771,2024,471533771,1,9,0,-1,19,7,2,-1,0,0,0,0,0,0,1,1,-1,6,1,69,10,2494,2,16,TOYOTA HILUX,5,E01031392,0,1
2024010544538,2024,010544538,1,9,0,4,4,5,1,0,0,0,0,0,0,0,2,1,6,6,1,58,9,2755,2,3,TOYOTA HILUX,3,E01002672,0,3
2024221513366,2024,221513366,3,9,0,-1,10,4,1,-1,0,8,0,0,0,0,2,1,-1,1,1,47,8,2755,2,1,TOYOTA HILUX,4,E01014024,0,4
2024631439278,2024,631439278,1,9,0,-1,19,7,4,-1,0,0,0,0,1,4,1,1,-1,6,1,38,7,2982,2,9,TOYOTA HILUX,7,W01000464,0,3
2024411404803,2024,411404803,1,9,-1,-1,19,3,7,-1,0,1,0,0,0,0,1,1,-1,6,1,54,8,2393,2,4,TOYOTA HILUX,9,E01015811,0,3
2024531394913,2024,531394913,1,9,0,-1,19,5,1,-1,0,0,0,0,0,0,1,9,-1,9,1,34,6,2982,2,10,TOYOTA HILUX,6,E01022442,0,1
2024361538952,2024,361538952,1,9,4,-1,5,7,3,-1,0,4,0,0,0,0,1,1,-1,1,1,23,5,2393,2,6,TOYOTA HILUX,7,E01026514,0,3
2024440324496,2024,440324496,1,9,0,17,19,1,6,0,0,0,0,0,0,0,3,1,1,1,1,26,6,2393,2,3,TOYOTA HILUX,8,E01023232,0,2
2024302401044,2024,302401044,1,9,0,9,9,6,4,0,0,0,0,0,0,0,3,1,6,6,2,51,8,2494,2,8,TOYOTA HILUX,5,E01025927,0,3
2024440191012,2024,440191012,1,9,0,18,19,5,1,0,0,2,0,0,0,0,1,1,1,1,1,32,6,2494,2,11,TOYOTA HILUX,4,E01017309,0,2
2024631527842,2024,631527842,4,9,0,-1,2,0,0,-1,9,2,0,0,0,0,2,1,-1,6,-1,-1,-1,2393,2,7,TOYOTA HILUX,-1,-1,0,-1