collision_index,collision_year,collision_ref_no,vehicle_reference,vehicle_type,towing_and_articulation,vehicle_manoeuvre_historic,vehicle_manoeuvre,vehicle_direction_from,vehicle_direction_to,vehicle_location_restricted_lane_historic,vehicle_location_restricted_lane,junction_location,skidding_and_overturning,hit_object_in_carriageway,vehicle_leaving_carriageway,hit_object_off_carriageway,first_point_of_impact,vehicle_left_hand_drive,journey_purpose_of_driver_historic,journey_purpose_of_driver,sex_of_driver,age_of_driver,age_band_of_driver,engine_capacity_cc,propulsion_code,age_of_vehicle,generic_make_model,driver_imd_decile,lsoa_of_driver,escooter_flag,driver_distance_banding
202460Q122953,2024,60Q122953,1,9,0,18,19,4,8,0,0,1,0,0,0,0,1,1,2,2,1,55,8,2982,2,9,TOYOTA HILUX,-1,-1,0,-1
2024161455970,2024,161455970,2,9,0,-1,19,2,8,-1,0,1,0,0,0,0,3,1,-1,9,1,67,10,2755,2,3,TOYOTA HILUX,7,E01013020,0,4
2024631468883,2024,631468883,2,9,0,-1,4,6,2,-1,0,0,0,0,0,0,2,1,-1,9,1,61,9,2982,2,16,TOYOTA HILUX,9,E01013592,0,5
2024552400769,2024,552400769,1,9,0,17,19,4,2,0,0,0,0,0,0,0,1,1,6,6,3,-1,-1,2393,2,5,TOYOTA HILUX,-1,-1,0,-1
2024211487103,2024,211487103,3,9,4,-1,19,3,1,-1,0,1,0,0,0,0,1,1,-1,1,1,22,5,2393,2,3,TOYOTA HILUX,1,E01013484,0,4
2024411421102,2024,411421102,2,9,0,-1,19,7,3,-1,0,2,0,0,0,0,1,1,-1,2,1,32,6,2393,2,6,TOYOTA HILUX,5,E01015748,0,3
2024101466184,2024,101466184,1,9,0,-1,19,3,7,-1,0,0,2,10,0,0,1,1,-1,6,2,26,6,2755,2,0,TOYOTA HILUX,6,E01027484,0,2
2024991448260,2024,991448260,2,9,0,-1,19,1,5,-1,0,8,0,0,0,0,1,1,-1,9,1,51,8,2393,2,5,TOYOTA HILUX,5,-1,0,1
2024991516559,2024,991516559,1,9,0,-1,4,4,7,-1,0,2,0,0,0,0,1,1,-1,6,1,40,7,2755,2,2,TOYOTA HILUX,-1,-1,0,-1
2024141447120,2024,141447120,1,9,0,-1,19,3,7,-1,0,1,0,0,0,0,1,1,-1,1,1,43,7,2755,2,2,TOYOTA HILUX,10,E01007896,0,2
2024010522264,2024,010522264,1,9,0,18,19,1,5,0,0,2,0,0,0,0,0,1,2,2,1,42,7,2755,2,0,TOYOTA HILUX,3,E01000405,0,3
2024991442712,2024,991442712,2,9,4,-1,19,1,5,-1,0,1,0,0,0,0,1,1,-1,1,1,67,10,2393,2,0,TOYOTA HILUX,5,-1,0,4
2024531496644,2024,531496644,1,9,0,-1,9,1,1,-1,0,8,0,0,0,0,1,1,-1,9,1,66,10,2494,2,14,TOYOTA HILUX,6,E01022175,0,2
2024501456231,2024,501456231,2,9,0,-1,19,1,5,-1,0,0,1,0,0,0,1,1,-1,6,2,28,6,2446,2,24,TOYOTA HILUX,7,E01020258,0,2
2024141521961,2024,141521961,2,9,0,-1,19,1,5,-1,0,1,0,0,0,0,1,1,-1,2,1,35,6,2393,2,6,TOYOTA HILUX,1,E01007791,0,3
2024320720049,2024,320720049,1,9,0,-1,-1,3,7,0,0,1,0,0,0,0,1,1,1,1,1,37,7,2755,2,2,TOYOTA HILUX,9,E01026022,0,3
2024520002245,2024,520002245,1,9,0,17,19,-1,-1,0,0,0,0,0,0,0,2,1,6,6,1,32,6,2393,2,4,TOYOTA HILUX,6,E01029057,0,1
2024421506888,2024,421506888,1,9,0,-1,-1,-1,-1,-1,-1,0,-1,-1,-1,0,-1,9,-1,6,3,-1,-1,2393,2,5,TOYOTA HILUX,-1,-1,0,-1
2024440280497,2024,440280497,2,9,0,18,19,2,6,0,0,1,0,0,0,0,1,1,6,6,1,28,6,2393,2,3,TOYOTA HILUX,1,E01017245,0,2
2024461530638,2024,461530638,1,9,0,-1,9,5,4,-1,0,0,0,0,0,0,4,1,-1,6,1,67,10,2982,2,13,TOYOTA HILUX,3,E01024591,0,1
2024421442864,2024,421442864,2,9,0,-1,19,5,1,-1,0,1,0,0,0,0,3,1,-1,2,1,43,7,2980,2,28,TOYOTA HILUX,4,E01021842,0,1
2024461429362,2024,461429362,2,9,0,-1,19,1,5,-1,0,1,5,0,7,0,4,2,-1,2,1,66,10,2982,2,9,TOYOTA HILUX,5,E01024038,0,1
2024461462918,2024,461462918,1,9,0,-1,3,1,5,-1,5,1,0,0,0,0,1,9,-1,6,1,32,6,2494,2,16,TOYOTA HILUX,5,E01024198,0,1
2024211507873,2024,211507873,1,9,0,-1,19,8,4,-1,0,0,0,0,0,0,1,1,-1,9,1,69,10,2494,2,22,TOYOTA HILUX,10,E01033168,0,4
2024421515572,2024,421515572,1,9,4,-1,19,4,7,-1,0,0,1,0,0,0,4,1,-1,6,1,33,6,2393,2,8,TOYOTA HILUX,3,E01022054,0,3
2024421498861,2024,421498861,1,9,0,-1,19,1,5,-1,0,0,0,0,1,0,1,2,-1,6,-1,-1,-1,2755,2,1,TOYOTA HILUX,-1,-1,0,-1
2024451504815,2024,451504815,1,9,0,-1,19,5,1,-1,0,0,0,0,0,0,1,1,-1,1,1,27,6,2982,2,10,TOYOTA HILUX,10,E01030923,0,1
2024371432827,2024,371432827,1,9,0,-1,4,3,7,-1,0,0,0,0,0,0,1,1,-1,2,1,56,9,2393,2,5,TOYOTA HILUX,5,E01030016,0,1
2024520002434,2024,520002434,2,9,0,18,19,7,3,0,0,0,0,0,0,0,1,1,6,6,3,-1,-1,2494,2,19,TOYOTA HILUX,-1,-1,0,-1
2024531476773,2024,531476773,1,9,0,-1,19,6,2,-1,9,0,0,0,0,0,4,9,-1,6,2,31,6,2494,2,9,TOYOTA HILUX,10,E01022197,0,3
2024302400203,2024,302400203,2,9,0,18,19,8,4,0,0,8,0,0,0,0,1,1,2,2,1,21,5,2755,2,3,TOYOTA HILUX,1,E01012284,0,5
2024361494017,2024,361494017,3,9,0,-1,3,7,3,-1,0,1,0,0,0,0,1,1,-1,9,1,36,7,2494,2,19,TOYOTA HILUX,1,E01030277,0,4
2024141400056,2024,141400056,1,9,0,-1,19,2,1,-1,0,0,1,0,1,9,1,1,-1,1,1,18,4,2494,2,10,TOYOTA HILUX,8,E01007618,0,1
2024302400495,2024,302400495,2,9,0,9,9,7,5,0,0,0,0,0,0,0,1,1,6,6,1,71,10,2982,2,11,TOYOTA HILUX,9,E01019731,0,1
2024991493173,2024,991493173,3,9,4,-1,19,6,2,-1,0,0,0,0,0,0,2,1,-1,6,1,61,9,2393,2,2,TOYOTA HILUX,6,-1,0,5
2024991516625,2024,991516625,2,9,0,-1,19,8,4,-1,0,0,0,0,0,0,2,1,-1,9,1,37,7,2982,2,13,TOYOTA HILUX,5,-1,0,4
2024010507588,2024,010507588,2,9,9,99,99,9,9,99,99,9,9,99,9,99,9,9,6,6,3,-1,-1,2393,2,5,TOYOTA HILUX,-1,-1,0,-1
2024501514866,2024,501514866,1,9,0,-1,19,1,5,-1,0,0,1,0,2,10,3,2,-1,1,1,29,6,2494,2,14,TOYOTA HILUX,8,E01020156,0,1
2024451524470,2024,451524470,3,9,0,-1,2,3,7,-1,0,0,0,0,0,0,2,1,-1,2,1,59,9,2393,2,0,TOYOTA HILUX,5,E01023095,0,2
2024131482069,2024,131482069,1,9,0,-1,9,1,5,-1,0,2,1,0,0,0,4,1,-1,9,1,25,5,2494,2,9,TOYOTA HILUX,1,E01011917,0,1
2024461404057,2024,461404057,2,9,0,-1,19,5,1,-1,0,1,0,0,0,0,1,9,-1,9,1,48,8,2755,2,1,TOYOTA HILUX,4,E01016055,0,1
2024061518752,2024,061518752,1,9,0,-1,4,2,6,-1,0,0,0,0,0,0,3,9,-1,6,1,-1,-1,2393,2,7,TOYOTA HILUX,3,E01006272,0,1
2024451476658,2024,451476658,1,9,0,-1,19,1,5,-1,0,0,0,0,0,0,0,9,-1,6,1,35,6,2982,2,10,TOYOTA HILUX,10,E01030392,0,1
2024131521741,2024,131521741,1,9,0,-1,9,8,2,-1,0,6,-1,0,0,0,1,1,-1,6,3,-1,-1,2494,2,22,TOYOTA HILUX,-1,-1,0,-1
2024991473299,2024,991473299,1,9,0,-1,9,4,2,-1,0,5,0,0,1,0,3,1,-1,2,1,42,7,2393,2,4,TOYOTA HILUX,6,-1,0,1
2024991449979,2024,991449979,1,9,0,-1,19,2,6,-1,0,4,0,0,0,0,1,1,-1,1,1,24,5,2755,2,0,TOYOTA HILUX,7,-1,0,1
2024041442682,2024,041442682,1,9,0,-1,1,5,1,-1,0,0,0,0,0,0,2,1,-1,9,1,45,7,2393,2,7,TOYOTA HILUX,5,E01007669,0,4
2024141411041,2024,141411041,1,9,0,-1,19,1,5,-1,0,2,0,0,0,0,2,1,-1,9,1,35,6,2982,2,10,TOYOTA HILUX,1,E01007764,0,1
2024631468861,2024,631468861,1,9,0,-1,19,8,4,-1,0,0,5,0,1,9,1,1,-1,6,1,53,8,2494,2,19,TOYOTA HILUX,5,W01000543,0,1
2024351439769,2024,351439769,3,9,-1,-1,-1,-1,-1,-1,-1,0,-1,-1,-1,0,-1,9,-1,6,1,57,9,2393,2,0,TOYOTA HILUX,3,E01030115,0,3
2024991479273,2024,991479273,2,9,0,-1,9,2,8,-1,0,5,0,0,0,0,3,1,-1,2,1,31,6,2393,2,5,TOYOTA HILUX,6,-1,0,1
2024131463171,2024,131463171,2,9,0,-1,19,3,7,-1,0,0,0,0,0,0,2,1,-1,1,1,33,6,2393,2,5,TOYOTA HILUX,10,E01007617,0,4
2024101506037,2024,101506037,1,9,0,-1,9,7,5,-1,0,5,0,0,0,0,1,9,-1,6,1,-1,-1,2982,2,12,TOYOTA HILUX,9,E01027449,0,2
2024231407489,2024,231407489,3,9,0,-1,4,8,4,-1,0,1,0,0,0,0,1,1,-1,9,2,54,8,2494,2,11,TOYOTA HILUX,6,E01031031,0,1
2024010503837,2024,010503837,2,9,0,99,99,9,9,99,99,9,9,99,9,99,9,9,6,6,3,-1,-1,2982,2,9,TOYOTA HILUX,1,E01015932,0,4
2024411545255,2024,411545255,1,9,0,-1,19,5,1,-1,0,0,0,4,0,0,1,1,-1,6,1,63,9,2755,2,2,TOYOTA HILUX,4,E01023393,0,3
2024991541203,2024,991541203,2,9,0,-1,19,7,3,-1,0,0,0,0,0,0,1,1,-1,1,1,61,9,2393,2,1,TOYOTA HILUX,4,-1,0,4
2024351536888,2024,351536888,1,9,0,-1,19,8,5,-1,0,0,1,0,1,11,1,1,-1,6,1,33,6,2393,2,6,TOYOTA HILUX,8,E01018268,0,1
2024991490978,2024,991490978,2,9,0,-1,19,7,3,-1,0,0,0,0,0,0,4,1,-1,6,1,54,8,2755,2,1,TOYOTA HILUX,6,-1,0,3
2024211523839,2024,211523839,1,9,4,-1,19,7,3,-1,0,0,2,0,8,0,1,1,-1,6,-1,20,4,2982,2,12,TOYOTA HILUX,-1,-1,0,-1
202460Q144407,2024,60Q144407,1,9,0,18,19,7,3,9,9,0,0,0,0,0,4,1,6,6,1,-1,-1,2393,2,5,TOYOTA HILUX,-1,-1,0,-1
2024991406016,2024,991406016,1,9,0,-1,19,8,4,-1,0,0,0,0,0,0,1,1,-1,9,1,57,9,2393,2,8,TOYOTA HILUX,-1,-1,0,-1
2024401506831,2024,401506831,2,9,-1,-1,-1,-1,-1,-1,-1,0,-1,-1,-1,0,-1,9,-1,6,1,18,4,2494,2,16,TOYOTA HILUX,4,E01023584,0,4
2024552401101,2024,552401101,2,9,0,18,19,2,6,0,0,0,0,0,1,10,3,1,6,6,2,61,9,2982,2,11,TOYOTA HILUX,5,E01020529,0,2
2024991511411,2024,991511411,1,9,0,-1,19,1,5,-1,0,0,5,0,1,1,1,1,-1,1,1,57,9,2393,2,1,TOYOTA HILUX,4,-1,0,4
2024361507827,2024,361507827,2,9,0,-1,19,3,7,-1,0,0,0,0,0,0,1,1,-1,9,1,30,6,2982,2,14,TOYOTA HILUX,4,E01026643,0,4
2024501416345,2024,501416345,2,9,0,-1,19,2,3,-1,0,1,0,0,0,0,1,9,-1,9,1,59,9,2755,2,1,TOYOTA HILUX,4,E01020303,0,3
2024010518110,2024,010518110,2,9,0,99,99,9,9,99,99,9,9,99,9,99,1,9,6,6,3,-1,-1,2755,2,0,TOYOTA HILUX,-1,-1,0,-1
2024351445042,2024,351445042,1,9,0,-1,19,7,2,-1,0,1,0,0,0,0,1,1,-1,1,1,32,6,2982,2,17,TOYOTA HILUX,3,E01018090,0,1
2024991428537,2024,991428537,1,9,0,-1,19,3,7,-1,0,0,0,0,7,4,1,1,-1,6,1,47,8,2393,2,7,TOYOTA HILUX,-1,-1,0,-1
2024201516410,2024,201516410,1,9,0,-1,19,1,5,-1,0,0,0,0,0,0,1,1,-1,6,1,52,8,2494,2,10,TOYOTA HILUX,3,E01009178,0,2
2024061540734,2024,061540734,1,9,0,-1,9,3,1,-1,0,8,0,0,0,0,1,9,-1,6,3,-1,-1,2393,2,8,TOYOTA HILUX,-1,-1,0,-1
2024991406615,2024,991406615,1,9,0,-1,19,3,7,-1,0,0,0,0,0,0,1,1,-1,9,1,49,8,2393,2,3,TOYOTA HILUX,2,-1,0,3
2024501467521,2024,501467521,1,9,0,-1,19,8,4,-1,0,0,0,0,0,0,1,1,-1,2,1,26,6,2982,2,13,TOYOTA HILUX,3,E01018784,0,3
2024161407576,2024,161407576,2,9,0,-1,7,3,7,-1,0,1,0,0,0,0,4,1,-1,6,1,-1,-1,2393,2,4,TOYOTA HILUX,-1,-1,0,-1
2024361521281,2024,361521281,1,9,0,-1,7,5,8,-1,9,0,0,0,0,0,1,2,-1,1,1,60,9,2494,2,9,TOYOTA HILUX,2,E01018068,0,3
2024231516217,2024,231516217,2,9,0,-1,19,7,3,-1,0,0,0,0,0,0,1,1,-1,1,1,22,5,2494,2,11,TOYOTA HILUX,9,E01033251,0,2
2024501502265,2024,501502265,1,9,4,-1,19,7,3,-1,0,0,1,0,0,0,1,1,-1,1,2,58,9,2494,2,10,TOYOTA HILUX,6,E01020056,0,3
2024520401890,2024,520401890,2,9,0,18,19,6,2,0,0,0,0,0,0,0,3,1,6,6,1,31,6,2393,2,1,TOYOTA HILUX,10,E01029308,0,1
2024501510970,2024,501510970,1,9,0,-1,19,7,3,-1,0,1,1,0,7,10,1,1,-1,2,1,44,7,2755,2,2,TOYOTA HILUX,1,E01018767,0,2
2024631527460,2024,631527460,1,9,0,-1,19,6,2,-1,0,0,0,0,0,0,1,1,-1,6,1,22,5,2393,2,8,TOYOTA HILUX,7,W01000704,0,1
2024131447791,2024,131447791,1,9,0,-1,19,5,1,-1,0,2,0,0,0,0,1,1,-1,1,1,52,8,2393,2,8,TOYOTA HILUX,10,E01021757,0,5
2024070724685,2024,070724685,2,9,0,-1,19,2,4,-1,0,1,0,0,0,0,4,1,-1,9,1,77,11,2755,2,1,TOYOTA HILUX,6,E01018722,0,1
2024421460144,2024,421460144,3,9,0,-1,19,8,4,-1,0,0,0,0,1,0,3,1,-1,1,1,53,8,2393,2,6,TOYOTA HILUX,5,E01021796,0,2
2024131520053,2024,131520053,2,9,0,-1,5,1,1,-1,0,0,0,0,0,0,4,1,-1,6,1,44,7,2982,2,13,TOYOTA HILUX,6,E01027915,0,3
2024201455018,2024,201455018,1,9,0,-1,19,6,2,-1,0,1,0,0,0,0,4,9,-1,6,1,41,7,2755,2,2,TOYOTA HILUX,4,E01009879,0,2
2024471459180,2024,471459180,1,9,0,-1,19,2,6,-1,0,1,0,0,0,0,4,1,-1,9,1,68,10,2393,2,8,TOYOTA HILUX,4,E01016955,0,1
2024991477031,2024,991477031,2,9,0,-1,19,5,1,-1,0,1,0,0,0,0,1,1,-1,9,1,39,7,2393,2,2,TOYOTA HILUX,6,-1,0,3
2024421479751,2024,421479751,1,9,0,-1,5,3,7,-1,0,0,0,0,0,0,3,1,-1,2,1,52,8,2494,2,9,TOYOTA HILUX,4,E01017543,0,4
202460Q020747,2024,60Q020747,1,9,0,3,3,1,6,0,0,4,0,0,0,0,1,1,6,6,1,29,6,2755,2,1,TOYOTA HILUX,-1,-1,0,-1
2024631477878,2024,631477878,1,9,0,-1,19,1,4,-1,0,0,0,0,2,10,1,1,-1,1,1,45,7,2494,2,22,TOYOTA HILUX,8,W01000440,0,1
2024991473150,2024,991473150,1,9,0,-1,19,8,4,-1,0,0,0,0,1,9,1,1,-1,6,1,67,10,2393,2,6,TOYOTA HILUX,6,-1,0,4
2024231452516,2024,231452516,2,9,0,-1,19,6,2,-1,0,3,0,0,0,0,4,1,-1,6,1,26,6,2755,2,1,TOYOTA HILUX,5,E01031190,0,1
2024070420097,2024,070420097,2,9,0,18,19,1,5,0,0,0,5,0,0,0,1,1,2,2,1,42,7,2755,2,1,TOYOTA HILUX,-1,-1,0,-1
2024440472626,2024,440472626,1,9,0,18,19,1,5,0,0,0,0,0,0,0,1,1,2,2,1,59,9,2393,2,0,TOYOTA HILUX,5,E01023095,0,1
2024471462878,2024,471462878,1,9,0,-1,9,3,1,-1,0,2,0,0,0,0,3,1,-1,1,1,69,10,2494,2,21,TOYOTA HILUX,3,E01016921,0,1
2024461414000,2024,461414000,1,9,0,-1,19,6,2,-1,0,0,5,0,1,0,1,1,-1,9,1,17,4,2494,2,9,TOYOTA HILUX,7,E01035328,0,4
2024421516196,2024,421516196,1,9,0,-1,14,4,8,-1,0,0,0,0,0,0,1,1,-1,9,1,39,7,2982,2,11,TOYOTA HILUX,9,E01021643,0,1
2024461421851,2024,461421851,1,9,0,-1,19,3,7,-1,0,0,0,0,0,0,1,9,-1,6,3,-1,-1,2982,2,12,TOYOTA HILUX,-1,-1,0,-1
2024031441363,2024,031441363,3,9,0,-1,19,5,1,-1,0,0,0,0,0,0,3,1,-1,9,1,63,9,2982,2,11,TOYOTA HILUX,7,E01019350,0,1
2024131507945,2024,131507945,2,9,0,-1,7,1,5,-1,0,3,5,0,0,0,4,1,-1,1,1,48,8,2755,2,1,TOYOTA HILUX,1,E01012648,0,4
2024471440986,2024,471440986,2,9,0,-1,19,5,1,-1,0,2,0,0,0,0,1,1,-1,9,1,49,8,2494,2,14,TOYOTA HILUX,2,E01031437,0,1
2024131403978,2024,131403978,2,9,0,-1,2,0,0,-1,0,0,0,0,0,0,2,1,-1,1,1,52,8,2494,2,11,TOYOTA HILUX,4,E01011876,0,1
2024461523375,2024,461523375,1,9,0,-1,9,2,8,-1,9,1,0,11,1,1,1,1,-1,9,1,56,9,2494,2,10,TOYOTA HILUX,8,E01024053,0,1
2024231509493,2024,231509493,2,9,0,-1,19,1,5,-1,0,8,0,0,0,0,1,1,-1,6,1,23,5,2982,2,14,TOYOTA HILUX,5,E01024628,0,5
2024141524020,2024,141524020,1,9,0,-1,19,3,7,-1,0,0,1,0,0,0,1,1,-1,9,1,17,4,2755,2,2,TOYOTA HILUX,5,E01025662,0,5
2024131423164,2024,131423164,1,9,0,-1,-1,-1,-1,-1,-1,-1,-1,-1,-1,-1,-1,1,-1,6,3,-1,-1,2393,2,2,TOYOTA HILUX,-1,-1,0,-1
2024351506444,2024,351506444,1,9,0,-1,1,-1,-1,-1,0,0,0,0,0,0,2,9,-1,6,3,-1,-1,2393,2,1,TOYOTA HILUX,-1,-1,0,-1
2024141452926,2024,141452926,1,9,0,-1,19,4,8,-1,0,0,0,0,0,0,1,1,-1,6,3,-1,-1,2982,2,16,TOYOTA HILUX,-1,-1,0,-1
2024411406467,2024,411406467,2,9,4,-1,9,5,1,-1,0,0,0,0,0,0,2,1,-1,1,1,57,9,2393,2,7,TOYOTA HILUX,8,E01023590,0,1
2024471524606,2024,471524606,1,9,0,-1,19,7,3,-1,0,0,0,0,1,11,1,1,-1,6,1,60,9,2982,2,16,TOYOTA HILUX,6,E01035322,0,1
2024131415179,2024,131415179,1,9,0,-1,19,5,1,-1,0,1,0,0,0,0,3,1,-1,2,1,20,4,2755,2,4,TOYOTA HILUX,1,E01010611,0,1
2024552500138,2024,552500138,1,9,0,9,9,2,8,9,9,1,0,0,0,0,1,1,6,6,1,44,7,2393,2,0,TOYOTA HILUX,7,E01015311,0,1
2024991425926,2024,991425926,1,9,0,-1,19,7,3,-1,0,6,0,0,0,0,3,1,-1,9,2,57,9,2494,2,9,TOYOTA HILUX,6,-1,0,5
2024430448741,2024,430448741,1,9,0,16,19,6,2,0,0,0,1,0,1,1,1,1,1,1,1,37,7,2393,2,1,TOYOTA HILUX,6,E01009040,0,4
2024041477755,2024,041477755,2,9,0,-1,19,5,1,-1,0,0,5,0,0,0,4,1,-1,2,1,32,6,2755,2,1,TOYOTA HILUX,7,E01025487,0,2
2024340WN2112,2024,340WN2112,1,9,0,-1,9,3,7,-1,0,0,0,0,0,0,3,1,-1,1,1,37,7,2494,2,22,TOYOTA HILUX,9,E01017649,0,3
2024401492102,2024,401492102,1,9,4,-1,19,8,4,-1,0,0,1,0,0,0,1,1,-1,2,1,53,8,2755,2,1,TOYOTA HILUX,9,E01017590,0,1
2024161464653,2024,161464653,1,5,0,-1,19,4,8,-1,0,0,1,0,0,0,1,1,-1,6,1,42,7,955,1,26,-1,5,E01012941,0,2
2024440359801,2024,440359801,2,5,0,18,19,6,2,0,0,1,0,0,0,0,1,1,6,6,1,63,9,955,1,27,-1,7,E01022641,0,1
2024141495171,2024,141495171,1,5,0,-1,14,6,2,-1,0,1,0,0,0,0,4,1,-1,6,1,60,9,955,1,26,-1,10,E01019599,0,4
2024631456426,2024,631456426,1,5,0,-1,19,5,1,-1,0,8,0,7,3,10,3,1,-1,6,1,32,6,955,1,27,-1,4,W01000636,0,1
2024010526783,2024,010526783,2,9,0,99,99,9,9,99,99,9,9,99,9,99,9,9,6,6,3,-1,-1,1598,1,36,-1,-1,-1,0,-1
2024471453935,2024,471453935,2,2,0,-1,19,2,7,-1,0,0,0,0,0,0,0,1,-1,2,1,16,4,49,1,1,WK BIKES SCRAMBLER,5,E01021100,0,3
2024430264227,2024,430264227,1,2,0,18,19,6,2,0,0,1,0,0,0,0,1,1,4,7,1,17,4,49,1,1,WK BIKES SCRAMBLER,10,E01028476,0,1
2024471404321,2024,471404321,2,3,0,-1,7,7,1,-1,0,1,0,0,0,0,3,1,-1,6,1,43,7,125,1,3,WK BIKES SCRAMBLER,2,E01034826,0,1
2024371444437,2024,371444437,2,2,-1,-1,-1,-1,-1,-1,-1,0,-1,-1,-1,0,0,1,-1,6,1,16,4,49,1,1,WK BIKES SCRAMBLER,9,E01030190,0,1
2024610023824,2024,610023824,1,3,0,4,4,1,5,0,0,2,1,0,0,0,0,1,6,6,1,39,7,125,1,1,WK BIKES SCRAMBLER,-1,-1,0,-1
2024552400333,2024,552400333,1,3,0,18,19,4,8,9,9,0,0,10,1,0,0,1,6,6,1,22,5,125,1,2,WK BIKES SCRAMBLER,3,E01015439,0,1
2024421532418,2024,421532418,2,3,0,-1,4,2,6,-1,0,0,0,0,0,0,2,1,-1,9,1,53,8,125,1,3,WK BIKES SCRAMBLER,9,E01022013,0,2
2024052402303,2024,052402303,2,23,0,17,19,1,5,0,0,8,0,0,0,0,1,1,6,6,1,16,4,49,1,1,WK BIKES SCRAMBLER,1,E01007204,0,1
2024211508225,2024,211508225,1,3,0,-1,9,1,5,-1,0,8,0,0,0,0,1,1,-1,2,1,17,4,49,1,1,WK BIKES SCRAMBLER,-1,-1,0,-1
2024320444477,2024,320444477,1,3,0,4,4,2,6,0,0,1,1,11,0,0,1,1,6,6,1,17,4,125,1,3,WK BIKES SCRAMBLER,5,E01026414,0,3
2024161477492,2024,161477492,1,3,0,-1,19,7,3,-1,0,0,1,0,0,0,0,1,-1,2,1,47,8,125,1,3,WK BIKES SCRAMBLER,2,E01026161,0,4
2024332401149,2024,332401149,1,3,0,-1,19,5,1,-1,0,3,0,0,0,0,4,1,-1,9,1,32,6,125,1,1,WK BIKES SCRAMBLER,4,E01025943,0,1
2024141531973,2024,141531973,2,3,0,-1,19,5,3,-1,0,1,2,0,0,0,1,1,-1,9,1,20,4,125,1,0,WK BIKES SCRAMBLER,3,E01007541,0,2
2024501517148,2024,501517148,1,2,0,-1,19,3,7,-1,0,1,0,0,1,0,3,1,-1,9,1,16,4,49,1,1,WK BIKES SCRAMBLER,1,E01015151,0,1
2024421463747,2024,421463747,1,4,0,-1,19,5,1,-1,0,0,1,0,0,0,1,1,-1,2,1,27,6,125,1,2,WK BIKES SCRAMBLER,-1,-1,0,-1
2024101512983,2024,101512983,1,4,0,-1,19,1,6,-1,0,4,1,0,0,0,1,1,-1,6,1,18,4,125,1,3,WK BIKES SCRAMBLER,4,E01008555,0,1
2024552400850,2024,552400850,2,3,0,14,14,3,7,0,0,8,0,0,0,0,1,1,2,2,1,22,5,125,1,2,WK BIKES SCRAMBLER,5,E01020410,0,1
2024052402114,2024,052402114,1,2,0,18,19,1,5,0,0,1,0,0,0,0,0,1,6,6,1,16,4,49,1,1,WK BIKES SCRAMBLER,1,E01007204,0,1
2024101461348,2024,101461348,1,5,0,-1,13,7,3,-1,0,1,2,0,0,0,1,1,-1,6,1,21,5,650,1,26,-1,-1,-1,0,-1
2024991465562,2024,991465562,1,5,0,-1,19,5,1,-1,0,0,2,0,7,0,1,1,-1,2,1,55,8,650,1,29,-1,6,-1,0,2
2024401522582,2024,401522582,2,5,0,-1,19,7,3,-1,0,4,1,0,0,0,0,1,-1,6,1,29,6,650,1,25,-1,5,E01023687,0,2
202454A775324,2024,54A775324,1,5,0,18,19,8,3,0,0,1,0,0,7,11,1,1,6,6,1,58,9,650,1,23,-1,5,E01031937,0,3
2024010509789,2024,010509789,2,9,0,99,99,9,9,99,99,0,9,99,9,99,1,9,6,6,1,22,5,6162,1,1,-1,9,E01001031,0,4
2024430584047,2024,430584047,2,5,0,18,19,2,6,0,0,1,0,0,0,0,1,1,6,6,1,42,7,1043,1,0,KAWASAKI KLZ1000,10,E01017932,0,1
2024531469728,2024,531469728,2,5,0,-1,19,1,5,-1,0,0,0,0,7,4,3,1,-1,6,1,65,9,1043,1,1,KAWASAKI KLZ1000,7,E01026999,0,4
2024471533275,2024,471533275,2,5,0,-1,19,3,7,-1,0,2,0,0,0,0,0,1,-1,6,1,62,9,1043,1,2,KAWASAKI KLZ1000,6,E01017009,0,1
2024010543725,2024,010543725,1,5,0,18,19,5,1,0,0,0,0,10,0,0,3,1,6,6,1,42,7,1043,1,1,KAWASAKI KLZ1000,8,E01003845,0,3
2024231418074,2024,231418074,2,5,0,-1,19,5,1,-1,0,8,1,0,0,0,1,1,-1,9,1,36,7,1043,1,3,KAWASAKI KLZ1000,8,E01031323,0,1
2024501488202,2024,501488202,2,5,0,-1,14,5,1,-1,0,0,0,0,0,0,1,1,-1,6,1,60,9,1043,1,2,KAWASAKI KLZ1000,8,E01015038,0,1
202454A236724,2024,54A236724,1,5,0,16,19,5,1,0,0,0,0,0,0,0,1,1,1,1,1,56,9,1043,1,5,KAWASAKI KLZ1000,7,E01032696,0,4
2024302400819,2024,302400819,2,5,0,13,13,3,7,0,0,6,0,0,0,0,1,1,6,6,1,36,7,1043,1,3,KAWASAKI KLZ1000,3,E01009701,0,4
2024031439886,2024,031439886,2,5,0,-1,6,7,3,-1,0,0,0,0,0,0,3,1,-1,6,1,57,9,1043,1,3,KAWASAKI KLZ1000,6,E01019084,0,1
2024010534755,2024,010534755,2,5,0,18,19,5,1,0,0,8,1,0,0,0,4,1,6,6,1,52,8,1043,1,0,KAWASAKI KLZ1000,-1,-1,0,-1
2024340NN1172,2024,340NN1172,2,3,0,-1,19,3,7,-1,0,3,0,0,0,0,1,1,-1,1,1,25,5,125,1,13,-1,1,E01035413,0,1
2024010517714,2024,010517714,2,9,0,18,19,3,7,0,0,0,0,0,0,0,1,1,2,2,1,33,6,2494,8,9,LEXUS IS 300,3,E01003631,0,2