collision_index,collision_year,collision_ref_no,vehicle_reference,vehicle_type,towing_and_articulation,vehicle_manoeuvre_historic,vehicle_manoeuvre,vehicle_direction_from,vehicle_direction_to,vehicle_location_restricted_lane_historic,vehicle_location_restricted_lane,junction_location,skidding_and_overturning,hit_object_in_carriageway,vehicle_leaving_carriageway,hit_object_off_carriageway,first_point_of_impact,vehicle_left_hand_drive,journey_purpose_of_driver_historic,journey_purpose_of_driver,sex_of_driver,age_of_driver,age_band_of_driver,engine_capacity_cc,propulsion_code,age_of_vehicle,generic_make_model,driver_imd_decile,lsoa_of_driver,escooter_flag,driver_distance_banding
2024991415802,2024,991415802,1,8,0,-1,10,2,8,-1,0,1,0,0,0,0,1,1,-1,1,1,40,7,2494,8,5,LEXUS IS 300,1,-1,0,2
2024430289887,2024,430289887,1,9,0,9,9,8,6,0,0,8,0,0,0,0,4,1,6,6,1,33,6,2494,8,9,LEXUS IS 300,4,E01016710,0,2
2024122400202,2024,122400202,1,9,0,5,5,3,8,0,0,6,0,0,0,0,1,1,2,2,1,30,6,2494,8,4,LEXUS IS 300,8,E01027875,0,2
2024010548786,2024,010548786,1,9,0,99,99,9,9,99,99,6,9,99,9,99,9,9,6,6,3,-1,-1,2493,8,11,LEXUS IS 300,-1,-1,0,-1
2024010548887,2024,010548887,2,9,0,16,19,5,7,0,0,6,0,0,1,0,1,1,2,2,2,32,6,2494,8,10,LEXUS IS 300,8,E01002366,0,3
2024401527609,2024,401527609,1,9,0,-1,4,5,1,-1,0,0,0,0,0,0,1,1,-1,6,1,66,10,2494,8,9,LEXUS IS 300,8,E01000233,0,4
2024101456480,2024,101456480,1,9,0,-1,9,6,5,-1,0,5,0,0,0,0,1,1,-1,2,1,35,6,2494,8,9,LEXUS IS 300,3,E01008561,0,1
2024131510816,2024,131510816,2,9,0,-1,19,8,4,-1,0,1,0,0,0,0,1,1,-1,9,1,43,7,2494,8,4,LEXUS IS 300,2,E01010673,0,4
2024631456154,2024,631456154,2,9,0,-1,19,2,6,-1,0,0,0,0,1,10,3,1,-1,6,1,25,5,2494,8,7,LEXUS IS 300,6,W01000571,0,1
2024061535601,2024,061535601,1,9,0,-1,19,3,1,-1,0,0,0,0,0,0,1,1,-1,9,2,54,8,2499,8,7,LEXUS IS 300,2,E01005237,0,1
2024440209765,2024,440209765,1,9,0,18,19,1,5,0,0,0,0,0,0,0,1,1,6,6,1,84,11,2494,8,8,LEXUS IS 300,10,E01023228,0,1
2024552400278,2024,552400278,2,9,0,2,2,0,0,0,0,8,0,0,0,0,4,1,6,6,3,-1,-1,2997,1,22,LEXUS IS 300,-1,-1,0,-1
2024461534466,2024,461534466,3,9,0,-1,5,1,5,-1,0,0,0,0,0,0,2,1,-1,2,1,68,10,2494,8,7,LEXUS IS 300,9,E01000761,0,3
2024010514115,2024,010514115,1,9,0,99,99,9,9,99,99,9,9,99,9,99,9,9,6,6,1,39,7,2494,8,9,LEXUS IS 300,4,E01033789,0,3
2024231439779,2024,231439779,2,9,0,-1,4,1,5,-1,0,1,0,0,0,0,2,1,-1,1,1,27,6,2494,8,8,LEXUS IS 300,2,E01009627,0,3
2024131535216,2024,131535216,2,9,0,-1,19,7,3,-1,0,0,0,0,0,0,3,1,-1,6,1,77,11,2493,8,11,LEXUS IS 300,9,E01011271,0,2
2024010507052,2024,010507052,1,9,0,3,3,1,5,0,0,0,0,0,0,0,2,2,1,1,1,45,7,2493,8,10,LEXUS IS 300,-1,-1,0,-1
2024010551314,2024,010551314,4,9,0,3,3,1,5,0,0,0,0,0,0,0,2,1,6,6,1,44,7,2494,8,4,LEXUS IS 300,2,E01032787,0,1
2024461434099,2024,461434099,2,9,0,-1,3,7,3,-1,0,0,0,0,0,0,2,1,-1,9,1,24,5,2494,8,6,LEXUS IS 300,5,E01016029,0,3
2024201554279,2024,201554279,1,8,0,-1,9,6,3,-1,0,5,0,0,0,0,1,1,-1,9,1,63,9,2494,8,10,LEXUS IS 300,1,E01009331,0,1
2024141518199,2024,141518199,1,9,0,-1,19,7,3,-1,0,0,0,0,1,2,1,1,-1,9,1,28,6,2493,8,10,LEXUS IS 300,3,E01033594,0,5
2024471466982,2024,471466982,2,9,0,-1,19,3,7,-1,0,1,0,0,0,0,1,1,-1,6,2,49,8,2493,8,11,LEXUS IS 300,6,E01031508,0,2
2024010520027,2024,010520027,2,9,0,99,99,9,9,99,99,9,9,99,9,99,1,9,6,6,3,-1,-1,2494,8,8,LEXUS IS 300,8,E01002239,0,1
2024451420183,2024,451420183,3,9,0,-1,19,8,4,-1,0,1,0,0,0,0,2,1,-1,2,1,33,6,2494,8,10,LEXUS IS 300,10,E01016200,0,2
2024451467303,2024,451467303,2,9,0,-1,5,5,3,-1,0,6,0,0,0,0,3,1,-1,9,1,40,7,2494,8,8,LEXUS IS 300,9,E01002935,0,3
2024440559071,2024,440559071,2,8,0,18,19,3,7,0,0,0,0,0,0,0,1,1,1,1,1,23,5,2493,8,10,LEXUS IS 300,4,E01017192,0,1
2024010517788,2024,010517788,1,9,0,5,5,1,5,0,0,1,0,0,0,0,3,1,1,1,1,36,7,2493,8,11,LEXUS IS 300,3,E01001449,0,4
2024131513099,2024,131513099,2,9,0,-1,3,6,2,-1,0,1,0,0,0,0,1,1,-1,9,1,40,7,2494,8,8,LEXUS IS 300,2,E01011230,0,1
2024010545919,2024,010545919,2,8,0,99,99,9,9,99,99,0,9,99,9,99,1,9,6,6,3,-1,-1,2494,8,8,LEXUS IS 300,3,E01004305,0,1
2024010508219,2024,010508219,2,9,0,18,19,8,4,0,0,1,0,0,0,0,1,1,6,6,1,29,6,2493,8,11,LEXUS IS 300,-1,-1,0,-1
2024471419605,2024,471419605,2,9,0,-1,19,5,1,-1,0,0,0,0,0,0,4,1,-1,9,2,60,9,2494,8,9,LEXUS IS 300,10,E01031649,0,2
2024131483852,2024,131483852,1,9,0,-1,4,1,5,-1,0,0,0,0,0,0,0,1,-1,1,1,58,9,2493,8,10,LEXUS IS 300,4,E01010756,0,1
2024201447765,2024,201447765,2,9,0,-1,9,6,4,-1,0,6,0,0,0,0,4,1,-1,9,2,37,7,2494,8,9,LEXUS IS 300,4,E01009046,0,1
2024010514598,2024,010514598,2,9,0,99,99,9,9,99,99,9,9,99,9,99,9,9,6,6,2,48,8,2494,8,9,LEXUS IS 300,3,E01027175,0,4
2024201465057,2024,201465057,1,8,0,-1,19,1,5,-1,0,1,0,0,0,0,3,1,-1,1,1,41,7,2494,8,8,LEXUS IS 300,1,E01008901,0,2
2024061506691,2024,061506691,1,9,0,-1,19,-1,-1,-1,0,0,0,0,0,0,1,1,-1,9,1,25,5,2494,8,6,LEXUS IS 300,1,E01005948,0,1
2024440524825,2024,440524825,1,9,0,4,4,3,7,0,0,1,0,0,0,0,2,1,6,6,2,57,9,2494,8,8,LEXUS IS 300,10,E01032006,0,4
2024371417074,2024,371417074,1,9,0,-1,19,5,1,-1,0,1,0,0,0,0,3,1,-1,9,1,35,6,2494,8,8,LEXUS IS 300,2,E01030024,0,1
2024201527129,2024,201527129,2,9,0,-1,19,8,4,-1,0,0,0,0,0,0,3,1,-1,9,1,52,8,2997,1,21,LEXUS IS 300,1,E01009093,0,1
2024421507149,2024,421507149,1,9,0,-1,3,5,1,-1,0,4,0,0,0,0,1,1,-1,6,1,41,7,2494,8,9,LEXUS IS 300,4,E01015956,0,1
2024010537173,2024,010537173,1,9,0,99,99,9,9,99,99,9,9,99,9,99,2,9,6,6,2,47,8,2494,8,9,LEXUS IS 300,2,E01034476,0,1
2024461423259,2024,461423259,2,9,0,-1,2,0,0,-1,0,0,0,0,0,0,2,1,-1,9,1,54,8,2494,8,9,LEXUS IS 300,2,E01024585,0,1
2024201520321,2024,201520321,1,8,-1,-1,-1,-1,-1,-1,-1,-1,-1,-1,-1,0,-1,9,-1,6,1,35,6,2494,8,5,LEXUS IS 300,-1,-1,0,-1
2024010504375,2024,010504375,3,9,0,99,99,9,9,99,99,0,9,99,9,99,0,9,6,6,3,-1,-1,2493,8,11,LEXUS IS 300,-1,-1,0,-1
2024131404643,2024,131404643,2,9,0,-1,19,7,3,-1,0,0,0,0,0,0,1,1,-1,1,1,48,8,2494,8,9,LEXUS IS 300,8,E01011047,0,3
2024221488907,2024,221488907,1,17,4,-1,11,6,4,-1,0,8,0,0,0,0,4,9,-1,1,1,32,6,4397,2,0,-1,7,W01000451,0,4
2024052401856,2024,052401856,1,9,0,18,19,1,5,0,0,0,0,0,0,0,1,1,6,6,3,-1,-1,2987,2,17,-1,-1,-1,0,-1
2024430067651,2024,430067651,2,8,0,9,9,4,2,0,0,5,0,0,0,0,3,1,1,1,1,60,9,2987,2,11,-1,2,E01016397,0,1
2024440540640,2024,440540640,1,8,0,18,19,3,7,0,0,4,0,0,0,0,2,1,3,7,1,36,7,2143,2,11,-1,2,E01015277,0,4
2024311396859,2024,311396859,2,8,0,-1,19,1,5,-1,0,0,0,0,0,0,1,1,-1,1,1,58,9,2143,2,11,-1,7,E01013250,0,3
2024041472116,2024,041472116,2,10,0,-1,19,5,1,-1,0,0,0,0,0,0,4,1,-1,9,1,37,7,-1,-1,-1,-1,1,E01025295,0,1
2024041478543,2024,041478543,3,9,0,-1,2,0,0,-1,0,1,0,0,0,0,1,1,-1,6,-1,-1,-1,2987,2,14,-1,-1,-1,0,-1
2024546693424,2024,546693424,1,9,0,18,19,8,4,0,0,1,0,0,0,0,1,1,6,6,2,46,8,2987,2,16,-1,5,E01031845,0,4
2024430165915,2024,430165915,1,9,0,7,7,2,5,0,0,6,0,0,0,0,4,1,6,6,1,59,9,2148,2,14,-1,4,E01017661,0,1
2024010497581,2024,010497581,1,8,0,5,5,3,7,0,0,1,0,0,0,0,1,1,6,6,1,63,9,-1,3,1,MG 5,3,E01000640,0,2
2024440318796,2024,440318796,2,9,0,18,19,4,8,0,0,0,0,0,4,6,4,1,6,6,2,56,9,-1,3,3,MG 5,3,E01017242,0,3
2024061461248,2024,061461248,1,9,0,-1,19,-1,-1,-1,0,0,0,0,0,0,3,1,-1,2,1,41,7,-1,3,2,MG 5,7,E01005791,0,1
2024010512840,2024,010512840,2,8,0,99,99,9,9,99,99,9,9,99,9,99,1,9,6,6,3,-1,-1,-1,3,3,MG 5,4,E01004633,0,3
2024471492945,2024,471492945,1,9,0,-1,1,6,2,-1,0,0,0,0,0,0,2,9,-1,1,1,52,8,-1,3,2,MG 5,6,E01021205,0,3
2024010503063,2024,010503063,2,9,0,18,19,1,5,4,4,0,0,4,0,0,1,1,6,6,1,58,9,-1,3,2,MG 5,3,E01001669,0,2
2024332400676,2024,332400676,1,9,0,-1,19,7,3,-1,0,3,0,0,0,0,1,1,-1,9,1,71,10,-1,3,2,MG 5,6,E01025629,0,1
2024547525624,2024,547525624,1,9,0,18,19,2,6,0,0,1,0,0,0,0,4,1,6,6,1,80,11,-1,3,3,MG 5,5,E01031898,0,1
2024010530626,2024,010530626,1,8,0,99,99,9,9,99,99,9,9,99,9,99,1,9,6,6,3,-1,-1,-1,3,2,MG 5,-1,-1,0,-1
2024411407580,2024,411407580,1,9,0,-1,1,8,4,-1,0,2,0,4,8,0,2,1,-1,6,2,70,10,-1,3,2,MG 5,8,E01023486,0,1
202454B065124,2024,54B065124,1,9,0,18,19,8,4,0,0,1,0,0,0,0,1,1,6,6,2,26,6,-1,3,3,MG 5,3,E01031914,0,1
2024481564350,2024,481564350,1,8,0,-1,6,3,3,-1,0,0,0,0,0,0,3,1,-1,1,1,53,8,-1,3,2,MG 5,-1,-1,0,-1
2024010504144,2024,010504144,2,9,0,6,6,3,3,0,0,1,0,0,0,0,3,1,6,6,1,56,9,-1,3,3,MG 5,3,E01001862,0,1
2024461404795,2024,461404795,1,9,0,-1,19,3,7,-1,0,4,0,0,0,0,1,9,-1,6,2,50,8,-1,3,3,MG 5,7,E01024124,0,1
2024010525298,2024,010525298,2,9,0,6,6,1,1,0,0,1,0,0,0,0,3,1,1,1,1,42,7,-1,3,2,MG 5,7,E01003157,0,1
2024991488086,2024,991488086,1,9,0,-1,19,4,8,-1,0,0,5,0,1,0,1,1,-1,9,1,83,11,-1,3,0,MG 5,6,-1,0,1
2024010500016,2024,010500016,1,9,0,9,9,1,7,0,0,1,0,0,0,0,1,1,1,1,1,44,7,-1,3,2,MG 5,-1,-1,0,-1
2024010532017,2024,010532017,1,9,0,18,19,1,5,0,0,8,0,0,0,0,1,1,1,1,1,52,8,-1,3,2,MG 5,5,E01004631,0,2
2024010518541,2024,010518541,1,9,0,9,9,5,3,0,0,1,0,0,0,0,4,1,1,1,1,60,9,-1,3,2,MG 5,3,E01003992,0,1
2024070987701,2024,070987701,2,9,0,-1,19,1,5,-1,0,0,1,0,0,0,0,1,-1,6,2,56,9,-1,3,3,MG 5,8,E01018668,0,1
2024991472312,2024,991472312,1,9,0,-1,6,8,8,-1,0,0,0,0,0,0,4,1,-1,6,1,65,9,-1,3,2,MG 5,1,-1,0,3
2024440216727,2024,440216727,1,9,0,13,13,8,4,0,0,0,0,0,0,0,4,1,2,2,1,62,9,-1,3,2,MG 5,8,E01022935,0,3
2024401432972,2024,401432972,2,9,0,-1,2,0,0,-1,0,0,0,0,0,0,4,1,-1,6,-1,-1,-1,-1,3,3,MG 5,-1,-1,0,-1
2024991531461,2024,991531461,1,8,0,-1,9,7,1,-1,0,6,0,0,0,0,3,1,-1,9,1,55,8,-1,3,2,MG 5,7,-1,0,1
2024010509234,2024,010509234,2,9,0,99,99,9,9,99,99,9,9,99,9,99,1,9,6,6,1,51,8,-1,3,2,MG 5,3,E01004226,0,1
2024010501125,2024,010501125,2,9,0,99,99,9,9,99,99,0,9,99,9,99,9,9,6,6,3,-1,-1,-1,3,3,MG 5,-1,-1,0,-1
2024010532049,2024,010532049,1,9,0,2,2,0,0,0,0,0,0,0,0,0,3,1,6,6,3,-1,-1,-1,3,3,MG 5,-1,-1,0,-1
2024401499147,2024,401499147,1,9,0,-1,19,7,3,-1,0,4,0,0,0,0,1,1,-1,6,1,46,8,-1,3,3,MG 5,2,E01015787,0,3
2024052400899,2024,052400899,2,9,0,4,4,7,3,0,0,0,0,0,0,0,2,1,6,6,1,37,7,-1,3,2,MG 5,1,E01006757,0,1
2024010527726,2024,010527726,1,9,0,99,99,9,9,99,99,9,9,99,9,99,9,9,1,1,1,31,6,-1,3,2,MG 5,3,E01001591,0,2
2024010493731,2024,010493731,3,9,0,15,15,5,1,0,0,2,0,0,0,0,1,1,1,1,1,33,6,-1,3,3,MG 5,2,E01000626,0,1
2024010532713,2024,010532713,1,9,0,18,19,3,7,0,0,1,0,0,0,0,1,1,1,1,1,55,8,-1,3,2,MG 5,5,E01004610,0,2
2024131400368,2024,131400368,3,9,0,-1,19,1,5,-1,0,0,0,0,0,0,2,1,-1,6,1,45,7,-1,3,3,MG 5,7,E01010901,0,3
2024421527923,2024,421527923,1,9,0,-1,19,1,5,-1,0,0,0,0,0,0,4,1,-1,6,3,-1,-1,-1,3,2,MG 5,-1,-1,0,-1
2024041470982,2024,041470982,1,9,0,-1,9,1,3,-1,-1,0,0,0,0,0,3,1,-1,1,1,53,8,-1,3,3,MG 5,4,E01007046,0,3
2024010509420,2024,010509420,1,9,0,5,5,5,1,0,0,1,0,0,0,0,0,1,1,1,1,32,6,-1,3,3,MG 5,8,E01000426,0,2
2024010502308,2024,010502308,1,9,0,16,19,7,3,0,0,0,0,4,0,0,1,1,6,6,1,44,7,-1,3,2,MG 5,3,E01034198,0,2
2024991431580,2024,991431580,1,8,0,-1,19,2,6,-1,0,0,0,0,0,0,1,1,-1,1,1,39,7,-1,3,2,MG 5,1,-1,0,1
2024010522936,2024,010522936,1,9,9,18,19,1,5,99,99,9,9,99,9,99,9,9,6,6,3,-1,-1,-1,3,1,MG 5,-1,-1,0,-1
2024010509003,2024,010509003,3,9,0,18,19,2,6,0,0,1,0,0,0,0,1,1,1,1,1,58,9,-1,3,3,MG 5,3,E01004630,0,2
2024340WN0242,2024,340WN0242,1,9,0,-1,19,4,8,-1,0,0,1,0,1,4,1,1,-1,9,1,24,5,-1,3,2,MG 5,2,E01013510,0,4
2024111488511,2024,111488511,2,9,0,-1,19,7,3,-1,0,1,0,0,0,0,4,1,-1,9,1,71,10,-1,3,2,MG 5,5,E01034508,0,1
2024401404335,2024,401404335,1,9,0,-1,4,3,7,-1,0,0,0,0,0,0,1,9,-1,6,1,58,9,-1,3,2,MG 5,8,E01015799,0,1
2024010524340,2024,010524340,2,9,0,18,19,1,5,0,0,1,0,0,0,0,3,2,6,6,1,-1,-1,-1,3,3,MG 5,-1,-1,0,-1
2024010563901,2024,010563901,1,8,0,99,99,9,9,99,99,9,9,99,9,99,2,9,1,1,1,28,6,-1,3,2,MG 5,2,E01002588,0,4
2024010536641,2024,010536641,1,9,0,18,19,3,7,0,0,1,0,0,0,0,4,1,6,6,2,28,6,-1,3,2,MG 5,2,E01001340,0,3
2024010535507,2024,010535507,2,9,0,3,3,1,5,0,0,1,0,0,0,0,1,1,1,1,1,51,8,-1,3,3,MG 5,2,E01004007,0,2
2024010536823,2024,010536823,1,9,0,99,99,9,9,99,99,9,9,99,9,99,9,9,2,2,1,40,7,-1,3,4,MG 5,2,E01003045,0,2
2024010531709,2024,010531709,1,9,0,6,6,7,7,0,0,0,0,0,0,0,4,1,1,1,1,60,9,-1,3,2,MG 5,3,E01034142,0,2
2024451515862,2024,451515862,1,9,0,-1,9,1,7,-1,0,1,0,0,0,0,1,1,-1,1,1,42,7,-1,3,2,MG 5,9,E01030453,0,1
2024010518374,2024,010518374,2,9,0,9,9,5,3,0,0,8,0,0,0,0,1,1,2,2,1,50,8,-1,3,3,MG 5,2,E01003546,0,2
2024010504179,2024,010504179,1,9,0,12,12,5,1,0,0,8,0,0,0,0,4,1,1,1,1,56,9,-1,3,3,MG 5,7,E01001891,0,2
2024010496775,2024,010496775,1,9,0,9,9,7,6,0,0,1,0,4,3,10,1,1,6,6,1,48,8,-1,3,2,MG 5,2,E01003995,0,1
2024201444603,2024,201444603,1,8,0,-1,19,6,2,-1,0,0,0,0,0,0,1,1,-1,1,3,-1,-1,-1,3,2,MG 5,-1,-1,0,-1
2024552401124,2024,552401124,2,9,0,18,19,1,5,0,0,5,0,0,0,0,3,1,3,7,1,37,7,-1,3,1,MG 5,10,E01020559,0,1
2024430433103,2024,430433103,1,8,0,18,19,5,1,0,0,1,0,0,0,0,3,1,1,1,1,37,7,-1,3,3,MG 5,6,E01002630,0,3
2024481507920,2024,481507920,1,9,0,-1,9,3,5,-1,0,8,0,0,0,0,4,1,-1,1,1,37,7,-1,3,2,MG 5,-1,-1,0,-1
2024451533533,2024,451533533,1,9,0,-1,19,1,5,-1,0,0,0,0,0,0,1,1,-1,9,1,37,7,-1,3,1,MG 5,10,E01030807,0,2
2024010532228,2024,010532228,1,8,0,99,99,9,9,99,99,9,9,99,9,99,9,9,6,6,1,60,9,-1,3,2,MG 5,5,E01003247,0,1
2024501438670,2024,501438670,2,9,0,-1,7,3,5,-1,0,6,0,0,0,0,3,9,-1,1,1,52,8,-1,3,2,MG 5,3,E01015095,0,2
2024010526730,2024,010526730,2,9,0,99,99,9,9,99,99,9,9,99,9,99,2,9,6,6,3,-1,-1,-1,3,4,MG 5,4,E01004326,0,2
2024471492668,2024,471492668,1,9,0,-1,11,2,6,-1,0,0,0,0,0,0,1,9,-1,6,3,-1,-1,-1,3,3,MG 5,-1,-1,0,-1
2024461400530,2024,461400530,2,9,0,-1,3,4,8,-1,0,0,0,0,5,6,2,1,-1,9,1,26,6,-1,3,3,MG 5,-1,-1,0,-1
2024010532199,2024,010532199,1,9,0,99,99,9,9,0,0,1,0,0,9,0,1,9,6,6,3,-1,-1,-1,3,2,MG 5,-1,-1,0,-1
2024010511562,2024,010511562,3,9,0,4,4,5,1,0,0,8,0,0,1,0,1,1,2,2,1,51,8,-1,3,2,MG 5,3,E01001162,0,2
2024010547796,2024,010547796,1,8,0,99,99,9,9,99,99,9,9,99,9,99,9,9,1,1,1,44,7,-1,3,3,MG 5,8,E01001120,0,1
2024411445997,2024,411445997,2,9,-1,-1,-1,-1,-1,-1,-1,0,-1,-1,-1,0,-1,9,-1,7,1,48,8,-1,3,2,MG 5,4,E01023933,0,2
2024991424749,2024,991424749,1,9,0,-1,14,7,3,-1,0,0,0,0,0,0,1,1,-1,9,2,31,6,-1,3,2,MG 5,8,-1,0,3
2024010548352,2024,010548352,1,9,0,18,19,5,1,0,0,8,0,0,0,0,1,1,6,6,1,53,8,-1,3,2,MG 5,10,E01000841,0,1
2024052400288,2024,052400288,2,9,0,18,19,3,7,0,0,0,0,0,0,0,1,1,1,1,1,53,8,-1,3,3,MG 5,1,E01018524,0,3
2024010520912,2024,010520912,2,9,0,8,8,4,5,0,0,4,0,0,3,0,2,1,6,6,1,37,7,-1,3,2,MG 5,6,E01034596,0,1
2024010503629,2024,010503629,2,9,0,99,99,9,9,99,99,0,9,99,9,99,9,9,6,6,3,-1,-1,-1,3,2,MG 5,-1,-1,0,-1
2024421515209,2024,421515209,2,8,0,-1,19,7,3,-1,0,3,0,0,0,0,1,1,-1,1,1,34,6,-1,3,1,MG 5,-1,-1,0,-1
2024010531195,2024,010531195,1,9,0,4,4,3,7,0,0,1,0,0,0,0,3,1,6,6,1,62,9,-1,3,2,MG 5,3,E01004402,0,1
2024011472425,2024,011472425,2,9,0,-1,19,7,3,-1,0,0,0,0,0,0,1,1,-1,9,1,65,9,-1,3,3,MG 5,-1,-1,0,-1
2024010501783,2024,010501783,2,9,0,99,99,9,9,99,99,9,9,99,9,99,1,9,6,6,3,-1,-1,-1,3,3,MG 5,-1,-1,0,-1
2024411466393,2024,411466393,1,8,0,-1,5,0,6,-1,0,0,0,0,0,0,0,9,-1,1,1,50,8,-1,3,1,MG 5,4,E01015784,0,4
2024361430876,2024,361430876,2,9,-1,-1,-1,-1,-1,-1,-1,-1,-1,-1,-1,0,-1,9,-1,2,2,36,7,-1,3,3,MG 5,7,E01026939,0,1
2024010548068,2024,010548068,2,9,0,9,9,5,2,0,0,5,9,0,0,0,4,1,1,1,1,50,8,-1,3,1,MG 5,6,E01000159,0,3
2024311443672,2024,311443672,1,19,0,-1,19,7,3,-1,0,1,0,0,0,0,1,9,-1,6,3,-1,-1,1461,2,16,-1,-1,-1,0,-1
2024552400200,2024,552400200,1,19,0,18,19,5,1,0,0,0,0,0,0,0,4,1,1,1,1,57,9,1461,2,16,-1,7,E01015450,0,1
2024061483656,2024,061483656,1,19,0,-1,9,6,2,-1,9,0,1,0,1,0,3,1,-1,1,1,39,7,1461,2,20,-1,2,E01006073,0,1
2024610005824,2024,610005824,2,3,0,18,19,6,2,0,0,8,0,0,0,0,1,1,6,6,1,17,4,124,1,4,-1,2,W01001532,0,1
2024231481922,2024,231481922,2,9,0,-1,19,6,2,-1,0,8,0,0,0,0,4,1,-1,9,1,58,9,1995,2,12,-1,9,E01009695,0,4
2024211486070,2024,211486070,1,9,0,-1,19,6,2,-1,0,0,0,0,0,0,1,1,-1,6,1,55,8,1995,2,12,-1,8,E01010329,0,4
2024471398254,2024,471398254,3,9,0,-1,19,7,3,-1,0,0,0,0,0,0,2,1,-1,6,1,29,6,1968,2,12,AUDI A4,2,E01017019,0,3
2024302400123,2024,302400123,1,9,0,5,5,4,6,0,0,4,0,0,0,0,1,1,6,6,1,35,6,1968,2,8,AUDI A4,1,E01013591,0,1
2024070286958,2024,070286958,3,9,0,2,2,0,0,0,0,1,0,0,0,0,2,1,6,6,1,55,8,1984,1,13,AUDI A4,3,E01018631,0,1
2024421491132,2024,421491132,1,9,0,-1,9,3,1,-1,0,5,0,0,0,0,3,2,-1,9,1,34,6,1984,1,18,AUDI A4,10,E01021458,0,4
2024522500330,2024,522500330,1,9,0,1,1,1,5,0,0,8,0,0,0,0,3,1,6,6,1,19,4,1986,2,17,AUDI A4,9,E01014748,0,3
2024010540893,2024,010540893,1,9,0,99,99,9,9,99,99,9,9,99,9,99,2,9,6,6,1,29,6,1984,1,2,AUDI A4,8,E01001044,0,1
2024421438419,2024,421438419,5,9,0,-1,3,8,4,-1,0,0,0,0,0,0,2,1,-1,6,2,29,6,1395,1,7,AUDI A4,7,E01021967,0,1
2024052400563,2024,052400563,2,9,0,3,3,1,5,0,0,1,0,0,0,0,2,1,6,6,1,27,6,1968,2,8,AUDI A4,1,E01006696,0,1
2024501507431,2024,501507431,1,9,0,-1,9,4,2,-1,0,5,0,0,0,0,4,1,-1,1,1,37,7,1986,2,19,AUDI A4,4,E01018979,0,1
2024552400757,2024,552400757,1,9,0,18,19,3,7,0,0,0,0,0,0,0,1,1,2,2,1,41,7,1968,2,7,AUDI A4,-1,-1,0,-1
2024061461251,2024,061461251,2,9,-1,-1,-1,-1,-1,-1,-1,0,-1,-1,-1,0,-1,9,-1,6,3,-1,-1,1968,2,7,AUDI A4,-1,-1,0,-1
2024311526887,2024,311526887,2,9,0,-1,3,7,3,-1,0,1,0,0,0,0,2,1,-1,9,1,62,9,1984,1,4,AUDI A4,4,E01028260,0,2
2024361394693,2024,361394693,2,9,0,-1,9,2,8,-1,0,8,0,0,0,0,4,1,-1,6,1,53,8,1968,2,12,AUDI A4,9,E01031589,0,5
2024061396353,2024,061396353,2,9,0,-1,3,3,7,-1,0,0,0,0,0,0,2,1,-1,6,1,28,6,1984,1,1,AUDI A4,7,E01006303,0,1
2024552400683,2024,552400683,2,9,0,18,19,5,1,0,0,8,0,0,0,0,3,1,6,6,1,25,5,1986,2,19,AUDI A4,1,E01020552,0,1
2024351443117,2024,351443117,3,9,0,-1,-1,-1,-1,-1,-1,0,-1,-1,-1,0,-1,9,-1,6,3,-1,-1,1984,1,8,AUDI A4,-1,-1,0,-1
2024552401014,2024,552401014,1,9,0,12,12,2,6,0,0,0,0,0,0,0,4,1,6,6,1,33,6,1968,2,8,AUDI A4,3,E01032751,0,4
2024411420543,2024,411420543,2,9,0,-1,19,7,3,-1,0,0,0,0,0,0,1,9,-1,6,3,-1,-1,1986,2,18,AUDI A4,-1,-1,0,-1
2024411492408,2024,411492408,1,9,0,-1,19,-1,-1,-1,0,1,0,0,0,0,4,9,-1,2,2,23,5,1986,2,17,AUDI A4,7,E01023618,0,1
2024351543925,2024,351543925,1,9,0,-1,13,6,2,-1,0,0,1,0,0,0,1,1,-1,6,1,30,6,1984,1,2,AUDI A4,3,E01018070,0,1
2024201534959,2024,201534959,2,9,0,-1,19,5,1,-1,0,0,0,0,0,0,2,1,-1,9,1,33,6,1984,1,0,AUDI A4,-1,-1,0,-1
2024471411147,2024,471411147,1,9,0,-1,19,7,3,-1,0,1,1,0,7,11,1,1,-1,9,1,60,9,1984,1,4,AUDI A4,2,E01034827,0,1
2024411477689,2024,411477689,2,9,0,-1,9,2,8,-1,0,1,0,0,0,0,3,1,-1,2,1,44,7,2976,1,21,AUDI A4,4,E01023870,0,1
2024401518560,2024,401518560,1,9,-1,-1,-1,-1,-1,-1,-1,0,-1,-1,-1,0,-1,9,-1,6,3,-1,-1,1896,2,20,AUDI A4,-1,-1,0,-1
2024302400772,2024,302400772,1,9,0,1,1,8,6,0,0,5,0,0,0,0,3,1,2,2,2,22,5,1968,2,12,AUDI A4,5,E01019813,0,1
2024311514620,2024,311514620,3,9,0,-1,19,4,8,-1,0,8,0,0,0,0,0,9,-1,9,1,27,6,1968,2,4,AUDI A4,-1,-1,0,-1
2024421434598,2024,421434598,2,9,0,-1,19,4,6,-1,0,0,0,0,0,0,1,1,-1,9,1,29,6,1896,2,20,AUDI A4,2,E01016009,0,4
2024201492431,2024,201492431,1,9,0,-1,9,8,5,-1,0,2,0,0,0,0,1,1,-1,6,1,22,5,1968,2,10,AUDI A4,3,E01010178,0,1
2024440352736,2024,440352736,1,9,0,18,19,1,5,0,0,6,0,0,0,0,1,1,6,6,1,45,7,1986,2,18,AUDI A4,9,E01023134,0,1