collision_index,collision_year,collision_ref_no,vehicle_reference,vehicle_type,towing_and_articulation,vehicle_manoeuvre_historic,vehicle_manoeuvre,vehicle_direction_from,vehicle_direction_to,vehicle_location_restricted_lane_historic,vehicle_location_restricted_lane,junction_location,skidding_and_overturning,hit_object_in_carriageway,vehicle_leaving_carriageway,hit_object_off_carriageway,first_point_of_impact,vehicle_left_hand_drive,journey_purpose_of_driver_historic,journey_purpose_of_driver,sex_of_driver,age_of_driver,age_band_of_driver,engine_capacity_cc,propulsion_code,age_of_vehicle,generic_make_model,driver_imd_decile,lsoa_of_driver,escooter_flag,driver_distance_banding
2024501474811,2024,501474811,2,9,0,-1,19,5,1,-1,0,8,0,0,0,0,1,1,-1,6,1,69,10,1968,2,12,AUDI A4,4,E01018969,0,2
2024361447782,2024,361447782,2,9,0,-1,2,5,6,-1,0,0,0,0,0,0,0,1,-1,6,1,45,7,1968,2,15,AUDI A4,5,E01026845,0,1
2024221466386,2024,221466386,1,9,0,-1,9,8,6,-1,9,6,0,0,0,0,1,1,-1,6,1,26,6,1968,2,15,AUDI A4,5,E01035073,0,1
2024471463285,2024,471463285,3,9,0,-1,2,0,0,-1,0,1,0,0,0,0,3,1,-1,6,-1,-1,-1,1968,2,11,AUDI A4,-1,-1,0,-1
2024440133574,2024,440133574,4,9,0,3,3,1,5,0,0,1,0,0,0,0,3,1,6,6,1,58,9,1986,2,17,AUDI A4,7,E01028559,0,4
2024211448784,2024,211448784,2,9,0,-1,19,1,5,-1,0,1,0,0,0,0,1,1,-1,6,1,-1,-1,1968,2,14,AUDI A4,-1,-1,0,-1
2024201475625,2024,201475625,3,9,0,-1,19,6,2,-1,0,1,0,0,0,0,3,9,-1,6,1,-1,-1,2967,2,1,AUDI A4,-1,-1,0,-1
2024520500202,2024,520500202,1,9,0,10,10,3,7,0,0,8,0,0,0,0,1,1,6,6,1,23,5,1968,2,12,AUDI A4,7,E01029151,0,3
2024311529540,2024,311529540,1,9,0,-1,-1,-1,-1,-1,-1,-1,-1,-1,-1,0,-1,9,-1,6,1,39,7,1781,1,20,AUDI A4,-1,-1,0,-1
2024221536290,2024,221536290,1,9,0,-1,19,2,5,-1,0,0,0,0,1,10,1,9,-1,9,2,38,7,1896,2,20,AUDI A4,6,W01001437,0,4
2024131459456,2024,131459456,2,9,0,-1,19,1,5,-1,0,8,0,0,0,0,4,1,-1,9,1,54,8,1968,2,13,AUDI A4,3,E01010584,0,1
2024991493180,2024,991493180,1,9,0,-1,9,5,2,-1,0,1,0,0,0,0,1,1,-1,6,1,51,8,1968,2,14,AUDI A4,8,-1,0,1
2024221506924,2024,221506924,1,9,0,-1,19,6,2,-1,0,0,0,0,5,6,1,1,-1,6,1,36,7,1986,2,19,AUDI A4,4,E01014946,0,4
2024440212553,2024,440212553,1,9,0,13,13,8,4,0,0,8,0,0,0,0,1,1,6,6,1,46,8,1968,2,8,AUDI A4,10,E01023231,0,1
2024201506919,2024,201506919,2,9,0,-1,19,1,6,-1,0,0,0,0,0,0,1,1,-1,6,1,40,7,1968,2,15,AUDI A4,-1,-1,0,-1
2024421485635,2024,421485635,1,9,0,-1,19,5,1,-1,0,8,0,0,0,0,1,1,-1,9,1,40,7,1896,2,17,AUDI A4,5,E01035166,0,1
2024211408286,2024,211408286,2,9,0,-1,19,2,6,-1,0,1,0,0,0,0,1,1,-1,9,1,33,6,1968,2,8,AUDI A4,3,E01029568,0,3
2024421508161,2024,421508161,2,9,0,-1,2,0,0,-1,0,0,1,0,1,0,2,1,-1,2,1,17,4,1968,2,15,AUDI A4,3,E01003729,0,3
2024361480671,2024,361480671,2,9,0,-1,2,1,5,-1,0,0,0,0,0,0,1,1,-1,6,1,42,7,1781,1,20,AUDI A4,5,E01026877,0,1
2024461402769,2024,461402769,3,9,0,-1,4,3,7,-1,0,1,0,0,0,0,1,9,-1,9,1,26,6,1968,2,15,AUDI A4,2,E01016061,0,1
2024201504467,2024,201504467,1,9,0,-1,19,6,2,-1,99,0,0,0,9,0,1,9,-1,6,1,54,8,1968,2,9,AUDI A4,4,E01008955,0,1
2024131506677,2024,131506677,2,9,0,-1,2,0,0,-1,1,8,0,0,0,0,3,1,-1,6,-1,-1,-1,1968,2,11,AUDI A4,-1,-1,0,-1
2024411411955,2024,411411955,1,9,0,-1,19,2,6,-1,0,0,0,0,0,0,1,1,-1,2,1,47,8,1968,2,9,AUDI A4,4,E01023487,0,2
2024061442952,2024,061442952,2,9,0,-1,19,1,5,-1,0,1,0,0,0,0,1,1,-1,1,1,37,7,2967,2,3,AUDI A4,1,E01034113,0,2
2024991414372,2024,991414372,3,9,0,-1,19,8,3,-1,0,0,0,2,0,0,2,1,-1,9,1,62,9,1395,1,7,AUDI A4,1,-1,0,2
2024421462862,2024,421462862,2,9,0,-1,19,7,3,-1,0,1,0,0,0,0,1,1,-1,9,2,31,6,1798,1,10,AUDI A4,10,E01015885,0,1
2024010539311,2024,010539311,1,9,0,5,5,1,5,0,0,0,0,4,0,0,0,1,6,6,1,56,9,1798,1,13,AUDI A4,5,E01002128,0,2
2024221527736,2024,221527736,1,9,0,-1,19,4,8,-1,0,0,0,11,0,0,1,9,-1,9,1,74,10,1395,1,8,AUDI A4,7,E01028833,0,2
2024471417361,2024,471417361,2,9,0,-1,4,2,6,-1,0,0,0,0,0,0,2,1,-1,2,2,38,7,1968,2,14,AUDI A4,4,E01021177,0,1
2024520500437,2024,520500437,2,9,0,13,13,4,8,0,0,0,0,0,7,10,4,1,6,6,1,53,8,1395,1,7,AUDI A4,8,E01014425,0,2
2024461420625,2024,461420625,3,9,0,-1,2,8,4,-1,0,2,0,0,0,0,1,1,-1,6,1,21,5,1984,1,7,AUDI A4,-1,-1,0,-1
2024101402227,2024,101402227,1,9,0,-1,4,5,1,-1,0,0,0,0,0,0,1,9,-1,6,1,24,5,1984,1,5,AUDI A4,1,E01008389,0,1
2024141426928,2024,141426928,2,9,0,-1,19,1,5,-1,0,1,0,0,0,0,4,1,-1,9,1,21,5,1968,2,15,AUDI A4,2,E01019299,0,5
2024421492038,2024,421492038,2,9,0,-1,19,4,8,-1,0,0,0,0,0,0,1,1,-1,6,1,52,8,1968,2,3,AUDI A4,6,E01015919,0,4
2024010502758,2024,010502758,2,9,0,9,9,1,6,0,0,1,0,0,0,0,3,2,1,1,2,60,9,1968,2,12,AUDI A4,3,E01034354,0,4
2024549132524,2024,549132524,1,9,0,5,5,6,2,0,0,4,0,0,0,0,1,1,2,2,1,35,6,1798,1,15,AUDI A4,9,E01028747,0,3
2024101504760,2024,101504760,2,9,-1,-1,-1,-1,-1,-1,-1,0,-1,-1,-1,0,3,9,-1,6,1,45,7,1968,2,6,AUDI A4,-1,-1,0,-1
2024440286257,2024,440286257,1,9,0,18,19,7,3,0,0,6,1,0,0,0,1,1,2,2,1,35,6,2967,2,17,AUDI A4,6,E01023075,0,1
2024411463890,2024,411463890,2,9,0,-1,19,7,3,-1,0,0,5,0,5,0,4,1,-1,6,1,34,6,1984,1,15,AUDI A4,3,E01004226,0,4
2024101457401,2024,101457401,2,9,0,-1,19,2,6,-1,0,8,1,0,1,4,3,1,-1,6,1,60,9,1968,2,6,AUDI A4,9,E01027465,0,1
2024221525576,2024,221525576,2,9,0,-1,19,6,2,-1,0,8,0,0,0,0,1,9,-1,6,1,20,4,1968,2,16,AUDI A4,7,E01014082,0,2
2024061429394,2024,061429394,1,9,0,-1,19,7,2,-1,0,2,0,0,0,0,1,1,-1,6,1,39,7,1968,2,14,AUDI A4,2,E01005237,0,1
2024061518741,2024,061518741,5,9,0,-1,19,1,1,-1,0,0,0,0,0,0,2,1,-1,2,1,64,9,1968,2,9,AUDI A4,9,E01005038,0,3
2024311483220,2024,311483220,1,9,0,-1,19,7,3,-1,0,8,0,0,7,0,1,1,-1,9,1,19,4,1896,2,16,AUDI A4,4,E01027982,0,1
2024201436186,2024,201436186,1,9,0,-1,9,8,5,-1,0,0,0,0,0,0,1,1,-1,6,1,29,6,1968,2,15,AUDI A4,2,E01010047,0,1
2024122400420,2024,122400420,1,9,0,2,2,0,0,0,0,1,0,0,0,0,0,1,6,6,1,29,6,1968,2,10,AUDI A4,10,E01013378,0,1
2024061500758,2024,061500758,2,9,0,-1,9,1,7,-1,0,2,0,0,0,0,3,1,-1,6,1,32,6,1984,1,8,AUDI A4,8,E01004918,0,1
2024411407580,2024,411407580,2,9,0,-1,2,0,0,-1,0,2,0,0,0,0,3,1,-1,6,-1,-1,-1,1968,2,14,AUDI A4,-1,-1,0,-1
2024371419219,2024,371419219,2,9,0,-1,19,5,7,-1,0,0,0,0,0,0,1,9,-1,7,2,43,7,1968,2,9,AUDI A4,3,E01029984,0,2
2024531500458,2024,531500458,2,9,0,-1,9,3,1,-1,0,8,0,0,0,0,1,1,-1,9,1,26,6,1984,1,22,AUDI A4,6,E01034798,0,1
2024332400698,2024,332400698,2,9,0,-1,19,1,5,-1,0,4,0,0,1,10,1,1,-1,2,1,33,6,2967,2,19,AUDI A4,2,E01007815,0,4
202417H103724,2024,17H103724,1,9,0,-1,19,4,2,-1,0,0,1,0,6,4,1,1,-1,9,1,17,4,1968,2,15,AUDI A4,1,E01011953,0,2
2024461480959,2024,461480959,1,9,0,-1,19,6,1,-1,0,0,0,7,3,1,1,1,-1,9,1,35,6,1984,1,7,AUDI A4,9,E01003847,0,4
2024211535271,2024,211535271,1,9,0,-1,19,7,3,-1,0,0,0,10,7,11,1,1,-1,9,1,39,7,1968,2,8,AUDI A4,6,E01014178,0,3
2024411471231,2024,411471231,2,9,0,-1,3,7,3,-1,0,8,0,0,0,0,2,1,-1,6,1,41,7,1984,1,5,AUDI A4,6,E01023340,0,2
2024101499052,2024,101499052,2,9,0,-1,2,3,7,-1,0,0,0,0,0,0,4,1,-1,6,3,-1,-1,1968,2,11,AUDI A4,-1,-1,0,-1
2024451418905,2024,451418905,1,9,0,-1,19,3,7,-1,0,0,0,0,7,4,1,1,-1,6,1,18,4,1781,1,21,AUDI A4,5,E01018233,0,5
2024351439774,2024,351439774,2,9,0,-1,9,1,7,-1,0,3,0,0,0,0,2,1,-1,9,1,36,7,1968,2,7,AUDI A4,6,E01034437,0,4
2024201517586,2024,201517586,1,9,0,-1,19,5,1,-1,0,0,0,0,0,0,1,1,-1,6,1,52,8,1968,2,11,AUDI A4,2,E01009623,0,1
2024201455272,2024,201455272,4,9,0,-1,5,1,1,-1,0,0,0,0,0,0,4,9,-1,9,1,-1,-1,1968,2,14,AUDI A4,6,E01009972,0,1
2024010537575,2024,010537575,2,9,9,99,99,9,9,99,99,9,9,99,9,99,9,9,6,6,1,-1,-1,1968,2,10,AUDI A4,-1,-1,0,-1
2024461520663,2024,461520663,2,9,0,-1,19,5,1,-1,0,0,0,0,0,0,1,1,-1,6,1,54,8,1968,2,3,AUDI A4,6,E01024513,0,3
2024131498358,2024,131498358,3,9,0,-1,19,1,5,-1,0,0,0,0,0,0,2,1,-1,6,1,26,6,1968,2,9,AUDI A4,1,E01010719,0,1
2024440138642,2024,440138642,2,9,0,18,19,8,4,0,0,0,0,0,0,0,1,1,6,6,1,72,10,1968,2,8,AUDI A4,7,E01022628,0,1
2024101479268,2024,101479268,1,9,0,-1,19,7,3,-1,9,0,0,0,7,0,1,1,-1,9,1,37,7,1968,2,5,AUDI A4,4,E01033077,0,1
2024010509007,2024,010509007,1,9,0,99,99,9,9,99,99,9,9,99,9,99,2,9,6,6,2,41,7,1968,2,3,AUDI A4,7,E01001411,0,2
2024430567263,2024,430567263,1,9,0,18,19,6,2,0,0,0,0,0,0,0,2,1,6,6,1,44,7,1968,2,12,AUDI A4,6,E01017860,0,1
2024311418848,2024,311418848,1,9,0,-1,4,4,8,-1,0,3,0,0,0,0,2,1,-1,9,1,27,6,1968,2,12,AUDI A4,1,E01013844,0,1
2024991400255,2024,991400255,1,9,0,-1,19,3,7,-1,0,0,1,10,2,0,1,1,-1,2,1,58,9,1968,2,8,AUDI A4,-1,-1,0,-1
2024421445332,2024,421445332,1,9,0,-1,19,1,6,-1,0,0,1,0,2,0,1,1,-1,6,1,33,6,1984,1,18,AUDI A4,8,E01021690,0,1
2024461427436,2024,461427436,1,9,0,-1,10,3,7,-1,0,6,0,0,0,0,3,9,-1,6,1,-1,-1,1968,2,9,AUDI A4,5,E01024021,0,4
2024411447107,2024,411447107,1,9,0,-1,3,1,5,-1,0,1,9,99,0,0,1,9,-1,6,2,56,9,1984,1,4,AUDI A4,2,E01003196,0,4
2024351417994,2024,351417994,1,9,0,-1,19,7,7,-1,0,0,0,0,0,0,1,9,-1,9,1,32,6,1968,2,11,AUDI A4,9,E01035559,0,1
2024221424997,2024,221424997,1,9,0,-1,19,2,6,-1,0,0,0,0,0,0,1,9,-1,6,2,44,7,1984,1,2,AUDI A4,9,E01034322,0,1
2024471437191,2024,471437191,1,9,0,-1,19,1,5,-1,0,0,0,0,0,0,1,1,-1,2,1,50,8,1984,1,16,AUDI A4,4,E01020924,0,1
2024010532209,2024,010532209,1,9,0,5,5,3,7,0,0,1,0,0,0,0,4,1,6,6,3,-1,-1,1984,1,1,AUDI A4,-1,-1,0,-1
2024010501107,2024,010501107,1,9,9,99,99,9,9,99,99,9,0,99,9,99,9,9,6,6,3,-1,-1,1798,1,12,AUDI A4,-1,-1,0,-1
2024340NN4662,2024,340NN4662,1,9,0,-1,5,3,1,-1,0,0,1,0,0,0,1,1,-1,2,1,49,8,1968,2,10,AUDI A4,7,E01032967,0,1
2024141451633,2024,141451633,1,9,0,-1,9,3,5,-1,0,1,0,0,0,0,3,1,-1,2,1,51,8,1968,2,14,AUDI A4,5,E01028024,0,2
2024461452293,2024,461452293,3,9,0,-1,19,2,4,-1,0,0,0,0,0,0,1,1,-1,1,2,46,8,1984,1,13,AUDI A4,4,E01024747,0,2
2024311526802,2024,311526802,2,9,0,-1,19,7,3,-1,0,0,0,0,0,0,1,1,-1,9,1,55,8,1968,2,9,AUDI A4,-1,-1,0,-1
2024421483685,2024,421483685,1,9,0,-1,5,3,7,-1,0,3,0,0,0,0,1,1,-1,9,1,54,8,1798,1,15,AUDI A4,4,E01015873,0,1
2024544947124,2024,544947124,1,9,0,18,19,7,3,0,0,0,0,0,0,0,1,1,6,6,1,87,11,1968,2,8,AUDI A4,8,E01031865,0,4
2024041488269,2024,041488269,1,9,0,-1,9,3,5,-1,0,8,0,0,0,0,1,1,-1,6,2,40,7,1968,2,15,AUDI A4,7,E01025568,0,1
2024421523963,2024,421523963,1,9,0,-1,19,7,3,-1,0,0,9,0,0,0,1,1,-1,6,1,-1,-1,2976,1,20,AUDI A4,-1,-1,0,-1
2024010520909,2024,010520909,1,9,0,7,7,5,8,0,0,0,1,0,0,0,1,1,6,6,1,44,7,3123,1,17,AUDI A4,-1,-1,0,-1
2024010534230,2024,010534230,3,9,0,14,14,7,3,0,0,2,0,0,0,0,1,1,6,6,3,-1,-1,1968,2,12,AUDI A4,-1,-1,0,-1
2024070485935,2024,070485935,3,9,0,18,19,5,7,0,0,0,0,0,0,0,1,1,1,1,1,-1,-1,1968,2,7,AUDI A4,-1,-1,0,-1
2024501415657,2024,501415657,1,9,0,-1,19,7,3,-1,0,0,0,0,7,11,1,1,-1,6,1,34,6,1986,2,18,AUDI A4,4,E01018982,0,1
2024320634097,2024,320634097,1,9,0,9,9,2,8,0,0,5,0,0,0,0,3,1,6,6,1,26,6,1986,2,17,AUDI A4,2,E01026097,0,1
2024201472886,2024,201472886,3,9,0,-1,19,4,1,-1,0,2,0,0,0,0,1,9,-1,2,2,-1,-1,2967,2,1,AUDI A4,4,E01009234,0,2
2024991496879,2024,991496879,1,9,0,-1,5,3,6,-1,0,0,0,0,1,0,1,2,-1,6,1,33,6,1968,2,12,AUDI A4,5,-1,0,1
2024131506883,2024,131506883,2,9,0,-1,19,1,5,-1,0,8,0,0,0,0,4,1,-1,9,2,29,6,2698,2,13,AUDI A4,2,E01011813,0,1
2024461512367,2024,461512367,1,9,0,-1,4,5,3,-1,0,0,0,0,0,0,2,1,-1,7,1,33,6,1968,2,14,AUDI A4,4,E01024623,0,1
2024122500170,2024,122500170,2,9,0,9,9,7,5,0,0,2,0,0,0,0,3,1,6,6,2,42,7,1984,1,4,AUDI A4,10,E01027697,0,1
2024131501660,2024,131501660,2,9,0,-1,2,0,0,-1,0,8,0,0,0,0,4,1,-1,6,3,-1,-1,1968,2,11,AUDI A4,-1,-1,0,-1
2024221396230,2024,221396230,2,9,0,-1,4,1,5,-1,0,0,0,0,0,0,2,9,-1,6,1,33,6,1986,2,16,AUDI A4,6,E01032407,0,2
2024131535645,2024,131535645,2,9,0,-1,13,7,1,-1,0,1,0,0,0,0,1,1,-1,9,1,18,4,1968,2,10,AUDI A4,1,E01010679,0,1
2024010503902,2024,010503902,2,9,0,99,99,9,9,0,0,9,0,0,0,0,9,9,6,6,3,-1,-1,1984,1,4,AUDI A4,-1,-1,0,-1
2024070255155,2024,070255155,2,9,0,10,10,1,5,0,0,0,0,0,0,0,4,1,6,6,1,52,8,1984,1,10,AUDI A4,1,E01012455,0,1
2024221435446,2024,221435446,2,9,0,-1,2,0,0,-1,0,0,0,0,0,0,1,9,-1,6,1,58,9,1968,2,4,AUDI A4,5,E01032174,0,1
2024501458804,2024,501458804,3,9,0,-1,19,1,5,-1,0,0,0,0,0,0,1,1,-1,9,1,55,8,1986,2,16,AUDI A4,6,E01020223,0,4
2024451532458,2024,451532458,2,9,0,-1,19,1,5,-1,0,0,0,0,0,0,1,1,-1,2,1,49,8,1781,1,20,AUDI A4,5,E01030531,0,2
2024070700728,2024,070700728,1,9,0,-1,-1,7,3,0,0,8,0,9,3,1,1,1,2,2,1,45,7,1968,2,17,AUDI A4,2,E01013550,0,4
2024440430423,2024,440430423,2,9,0,13,13,8,4,0,0,0,0,0,0,0,1,1,6,6,1,55,8,1968,2,12,AUDI A4,2,E01023029,0,1
2024052400049,2024,052400049,1,9,0,4,4,7,3,0,0,0,0,0,0,0,2,1,6,6,1,25,5,1968,2,8,AUDI A4,1,E01012409,0,3
2024622400124,2024,622400124,1,9,0,18,19,4,8,0,0,0,0,0,1,0,1,1,2,2,1,58,9,1896,2,28,AUDI A4,3,W01001235,0,2
2024991483695,2024,991483695,2,9,0,-1,19,7,3,-1,0,8,0,0,0,0,1,1,-1,6,2,53,8,1968,2,10,AUDI A4,7,-1,0,3
2024052401537,2024,052401537,2,9,0,4,4,8,4,0,0,0,0,0,0,0,1,1,6,6,1,39,7,2976,1,21,AUDI A4,8,E01006922,0,4
2024461504458,2024,461504458,2,9,0,-1,3,1,5,-1,0,0,0,0,0,0,1,9,-1,6,2,32,6,1986,2,17,AUDI A4,10,E01031638,0,4
202417M110724,2024,17M110724,4,9,0,-1,19,5,1,-1,0,0,1,0,0,0,1,1,-1,9,1,60,9,1781,1,17,AUDI A4,-1,-1,0,-1
2024211478862,2024,211478862,2,9,0,-1,19,4,8,-1,0,0,0,0,0,0,2,1,-1,9,1,39,7,1968,2,14,AUDI A4,8,E01029713,0,2
2024231471147,2024,231471147,1,9,0,-1,19,8,4,-1,0,0,0,0,7,9,3,9,-1,2,1,23,5,1986,2,18,AUDI A4,3,E01031174,0,2
2024361485286,2024,361485286,1,9,0,-1,19,6,2,-1,0,0,0,0,0,0,3,1,-1,9,1,63,9,1968,2,12,AUDI A4,10,E01026506,0,3
2024631473360,2024,631473360,3,9,0,-1,4,4,8,-1,0,8,0,0,0,0,2,1,-1,6,2,40,7,1968,2,7,AUDI A4,6,W01000574,0,1
2024201477882,2024,201477882,1,9,0,-1,19,3,7,-1,0,2,0,0,0,0,4,9,-1,6,3,30,6,1781,1,21,AUDI A4,-1,-1,0,-1
2024061505826,2024,061505826,1,9,0,-1,19,3,6,-1,0,8,0,0,0,0,1,1,-1,9,1,81,11,1968,2,7,AUDI A4,1,E01006040,0,3
2024221527792,2024,221527792,1,9,0,-1,19,7,2,-1,0,0,0,0,0,0,1,9,-1,6,1,29,6,2967,2,16,AUDI A4,1,E01014142,0,3
2024531500447,2024,531500447,1,9,0,-1,9,6,4,-1,0,8,0,0,0,0,4,1,-1,9,1,80,11,1968,2,11,AUDI A4,6,E01022176,0,1
2024141482095,2024,141482095,1,9,0,-1,19,4,1,-1,0,0,0,0,0,0,1,1,-1,6,2,26,6,1968,2,8,AUDI A4,5,E01019782,0,2
2024010519756,2024,010519756,2,9,0,9,9,3,1,0,0,6,0,0,0,0,1,1,6,6,1,55,8,1984,1,0,AUDI A4,3,E01001503,0,4
2024131496487,2024,131496487,2,9,0,-1,6,4,8,-1,0,8,0,0,0,0,4,1,-1,9,1,50,8,1968,2,8,AUDI A4,1,E01010701,0,2
2024101459110,2024,101459110,1,9,0,-1,19,4,8,-1,0,1,0,0,0,0,1,1,-1,9,1,22,5,1968,2,6,AUDI A4,1,E01008439,0,3
2024320378212,2024,320378212,1,9,0,4,4,6,2,0,0,0,0,0,0,0,1,1,-1,-1,1,59,9,2967,2,16,AUDI A4,4,E01026389,0,3
2024031431009,2024,031431009,2,9,0,-1,9,1,6,-1,0,6,0,0,0,0,3,9,-1,6,2,39,7,1968,2,6,AUDI A4,6,E01019320,0,4
2024122400721,2024,122400721,1,9,0,18,19,1,5,0,0,0,0,0,0,0,2,1,6,6,1,43,7,1968,2,7,AUDI A4,4,E01034982,0,1
2024010527464,2024,010527464,1,9,0,18,19,1,5,0,0,0,0,0,0,0,1,1,6,6,1,25,5,1968,2,8,AUDI A4,7,E01034594,0,2
2024622400675,2024,622400675,1,9,0,16,19,2,6,0,0,0,0,0,7,3,1,1,6,6,1,82,11,1984,1,8,AUDI A4,10,W01001776,0,1
2024440230165,2024,440230165,1,9,0,6,6,4,4,0,0,6,0,0,0,0,1,1,6,6,1,83,11,1968,2,10,AUDI A4,10,E01016796,0,5
2024991395379,2024,991395379,1,9,0,-1,19,6,2,-1,0,0,2,0,7,4,3,1,-1,9,2,42,7,1968,2,15,AUDI A4,4,-1,0,4
2024522402907,2024,522402907,1,9,0,18,19,6,2,0,0,0,0,0,0,0,1,1,6,6,2,45,7,1968,2,9,AUDI A4,2,E01014565,0,1
2024010529406,2024,010529406,2,9,0,4,4,4,8,6,6,0,0,0,0,0,2,1,6,6,1,70,10,1984,1,8,AUDI A4,8,E01002209,0,1
2024131427717,2024,131427717,1,9,0,-1,9,3,7,-1,0,0,0,0,0,0,3,1,-1,1,1,23,5,1968,2,15,AUDI A4,1,E01011316,0,1
2024501409602,2024,501409602,1,9,0,-1,19,5,8,-1,0,0,0,0,0,0,1,1,-1,2,1,43,7,1968,2,9,AUDI A4,5,E01019938,0,4
2024010521521,2024,010521521,1,9,0,9,9,1,7,0,0,1,0,0,0,0,1,1,6,6,2,37,7,1798,1,16,AUDI A4,7,E01003848,0,1
2024991484494,2024,991484494,2,9,0,-1,19,6,2,-1,0,0,0,0,0,0,0,1,-1,9,1,65,9,1968,2,12,AUDI A4,-1,-1,0,-1
2024010533364,2024,010533364,1,9,0,18,19,5,1,0,0,1,0,0,0,0,3,1,6,6,1,74,10,1395,1,6,AUDI A4,-1,-1,0,-1
202460Q010452,2024,60Q010452,1,9,0,18,19,7,3,0,0,0,0,0,0,0,1,1,2,2,1,36,7,1968,2,13,AUDI A4,-1,-1,0,-1
2024351490662,2024,351490662,1,9,0,-1,2,0,0,-1,0,0,0,0,0,0,3,1,-1,6,1,43,7,1968,2,13,AUDI A4,6,E01010394,0,5
202460Q186873,2024,60Q186873,1,9,0,18,19,1,5,0,0,0,0,0,0,0,1,1,6,6,1,93,11,2967,2,7,AUDI A4,-1,-1,0,-1
2024631531995,2024,631531995,1,9,0,-1,19,6,2,-1,0,0,1,0,2,11,4,1,-1,9,1,64,9,1968,2,7,AUDI A4,7,W01000552,0,2
2024522401879,2024,522401879,2,8,0,5,5,3,7,0,0,4,0,0,0,0,1,1,6,6,1,44,7,1968,2,5,AUDI A4,3,E01014684,0,1
2024131426541,2024,131426541,2,9,0,-1,19,1,1,-1,0,8,0,0,0,0,1,1,-1,9,1,37,7,1968,2,12,AUDI A4,9,E01011278,0,2
2024440106433,2024,440106433,1,9,0,4,4,6,2,0,0,0,0,0,0,0,2,1,6,6,1,28,6,1968,2,11,AUDI A4,7,E01023141,0,2
2024201439349,2024,201439349,3,9,0,-1,19,8,4,-1,0,1,0,0,0,0,0,1,-1,1,1,31,6,2967,2,1,AUDI A4,-1,-1,0,-1
2024430391903,2024,430391903,2,9,0,18,19,5,1,0,0,0,0,0,0,0,1,1,6,6,2,55,8,2967,2,8,AUDI A4,-1,-1,0,-1
2024421533182,2024,421533182,2,9,0,-1,19,8,4,-1,0,1,0,0,0,0,1,1,-1,6,1,37,7,1395,1,6,AUDI A4,6,E01021714,0,1
2024111499308,2024,111499308,1,9,0,-1,13,7,4,-1,0,0,0,0,0,0,1,1,-1,9,2,26,6,1986,2,18,AUDI A4,1,E01012093,0,4
2024231506828,2024,231506828,2,9,0,-1,19,7,3,-1,0,0,1,0,1,0,1,9,-1,6,2,54,8,1984,1,2,AUDI A4,10,E01016201,0,5
2024501436898,2024,501436898,2,9,0,-1,3,1,7,-1,0,1,0,0,0,0,3,1,-1,6,2,33,6,1968,2,14,AUDI A4,5,E01034643,0,1
2024201421388,2024,201421388,1,9,0,-1,19,8,4,-1,0,1,0,0,0,0,1,1,-1,6,3,20,4,1968,2,16,AUDI A4,-1,-1,0,-1
2024052400128,2024,052400128,2,9,0,18,19,7,3,0,0,0,0,0,0,0,4,1,6,6,1,47,8,2698,2,14,AUDI A4,3,E01006568,0,2
2024010508601,2024,010508601,2,9,0,2,2,0,0,0,0,1,0,0,0,0,2,1,6,6,3,-1,-1,1984,1,1,AUDI A4,-1,-1,0,-1
2024991523059,2024,991523059,2,9,0,-1,2,0,0,-1,0,0,0,0,0,0,3,1,-1,6,-1,-1,-1,1968,2,10,AUDI A4,-1,-1,0,-1
2024201455272,2024,201455272,2,9,0,-1,5,1,5,-1,0,0,0,0,0,0,4,9,-1,9,1,44,7,1968,2,14,AUDI A4,4,E01009236,0,1
2024471460274,2024,471460274,2,9,0,-1,4,3,7,-1,0,8,0,0,0,0,1,1,-1,9,1,38,7,2698,2,15,AUDI A4,3,E01021090,0,1
2024401396207,2024,401396207,3,9,-1,-1,19,-1,-1,-1,-1,8,0,0,0,0,-1,9,-1,6,2,49,8,1781,1,19,AUDI A4,8,E01015805,0,1
2024440255369,2024,440255369,2,9,0,18,19,8,4,0,0,0,0,0,0,0,1,1,6,6,1,24,5,1986,2,18,AUDI A4,10,E01022772,0,1
2024991450671,2024,991450671,1,9,0,-1,9,7,3,-1,0,6,0,0,0,0,1,1,-1,6,1,47,8,1896,2,17,AUDI A4,4,-1,0,1
2024320370368,2024,320370368,1,9,0,-1,-1,6,2,0,0,8,0,11,0,0,1,1,6,6,1,47,8,1968,2,11,AUDI A4,1,E01026173,0,1
2024201508705,2024,201508705,1,9,0,-1,19,6,2,-1,0,1,0,10,0,0,1,9,-1,6,3,-1,-1,1968,2,15,AUDI A4,-1,-1,0,-1
2024141471391,2024,141471391,3,9,0,-1,19,7,2,-1,0,0,0,0,0,0,2,1,-1,2,2,42,7,1968,2,10,AUDI A4,9,E01007602,0,3
2024451424394,2024,451424394,2,9,0,-1,6,2,6,-1,0,0,0,0,0,0,4,1,-1,9,1,30,6,1984,1,2,AUDI A4,7,E01002514,0,3
2024440090791,2024,440090791,1,9,0,4,4,8,4,0,0,0,0,0,0,0,2,1,2,2,1,40,7,1984,1,2,AUDI A4,2,E01022906,0,3
2024461526542,2024,461526542,1,9,0,-1,19,5,1,-1,0,1,0,0,0,0,1,9,-1,6,2,26,6,1968,2,12,AUDI A4,5,E01024379,0,2
2024111463977,2024,111463977,2,9,0,-1,4,5,1,-1,0,0,0,0,0,0,1,1,-1,2,1,29,6,1986,2,17,AUDI A4,4,E01020735,0,3