collision_index,collision_year,collision_ref_no,vehicle_reference,vehicle_type,towing_and_articulation,vehicle_manoeuvre_historic,vehicle_manoeuvre,vehicle_direction_from,vehicle_direction_to,vehicle_location_restricted_lane_historic,vehicle_location_restricted_lane,junction_location,skidding_and_overturning,hit_object_in_carriageway,vehicle_leaving_carriageway,hit_object_off_carriageway,first_point_of_impact,vehicle_left_hand_drive,journey_purpose_of_driver_historic,journey_purpose_of_driver,sex_of_driver,age_of_driver,age_band_of_driver,engine_capacity_cc,propulsion_code,age_of_vehicle,generic_make_model,driver_imd_decile,lsoa_of_driver,escooter_flag,driver_distance_banding
2024201431494,2024,201431494,1,9,0,-1,19,2,6,-1,0,0,0,0,0,0,1,1,-1,6,1,33,6,1781,1,17,AUDI A4,2,E01009487,0,1
2024131512329,2024,131512329,2,9,0,-1,19,5,5,-1,0,2,0,0,0,0,2,1,-1,6,1,41,7,1968,2,14,AUDI A4,3,E01033002,0,1
2024461478251,2024,461478251,1,9,0,-1,19,4,8,-1,0,0,1,7,1,0,4,1,-1,9,1,24,5,1984,1,7,AUDI A4,2,E01016068,0,2
2024010509861,2024,010509861,1,9,0,14,14,3,7,0,0,0,0,4,0,0,1,1,6,6,1,30,6,1781,1,18,AUDI A4,4,E01003716,0,1
2024131506066,2024,131506066,2,9,0,-1,8,0,0,-1,0,6,0,0,0,0,2,1,-1,6,1,34,6,1968,2,14,AUDI A4,3,E01011307,0,2
2024991487020,2024,991487020,2,9,0,-1,19,2,7,-1,0,0,0,0,0,0,1,1,-1,9,2,47,8,1968,2,8,AUDI A4,2,-1,0,1
2024201511986,2024,201511986,2,9,0,-1,2,0,0,-1,0,0,0,0,0,0,3,1,-1,6,-1,-1,-1,1968,2,4,AUDI A4,-1,-1,0,-1
2024061407921,2024,061407921,1,9,-1,-1,11,3,7,-1,0,8,0,0,0,0,4,9,-1,6,1,-1,-1,1968,2,14,AUDI A4,7,E01004836,0,1
2024631535214,2024,631535214,3,9,0,-1,19,6,2,-1,0,0,0,0,0,0,1,1,-1,1,1,60,9,1984,1,6,AUDI A4,8,W01000573,0,1
2024461416230,2024,461416230,3,9,0,-1,3,5,5,-1,0,0,0,0,0,0,2,1,-1,9,2,39,7,1968,2,7,AUDI A4,10,E01000809,0,3
2024421507073,2024,421507073,2,9,0,-1,2,0,0,-1,0,0,0,0,0,0,3,1,-1,6,3,-1,-1,1984,1,4,AUDI A4,-1,-1,0,-1
2024622400211,2024,622400211,1,9,0,18,19,4,8,0,0,0,0,0,0,0,1,1,6,6,3,-1,-1,1896,2,23,AUDI A4,-1,-1,0,-1
2024010509742,2024,010509742,4,9,0,2,2,0,0,0,0,0,0,0,0,0,3,1,6,6,3,-1,-1,1984,1,15,AUDI A4,-1,-1,0,-1
2024141415947,2024,141415947,2,9,0,-1,19,5,1,-1,0,0,0,0,0,0,4,1,-1,9,1,77,11,1984,1,20,AUDI A4,7,E01007741,0,1
2024340NN3212,2024,340NN3212,2,9,0,-1,19,3,7,-1,0,1,0,0,0,0,1,1,-1,2,2,52,8,1968,2,11,AUDI A4,1,E01027083,0,1
2024141401644,2024,141401644,2,9,0,-1,19,8,3,-1,0,0,1,0,8,11,1,9,-1,6,1,27,6,1968,2,13,AUDI A4,1,E01014254,0,4
2024010508538,2024,010508538,1,9,0,15,15,3,7,0,0,0,0,10,2,4,3,1,6,6,3,-1,-1,1968,2,3,AUDI A4,-1,-1,0,-1
2024311522305,2024,311522305,1,9,0,-1,19,7,3,-1,0,1,0,0,0,0,1,1,-1,6,2,30,6,1984,1,22,AUDI A4,-1,-1,0,-1
2024061423793,2024,061423793,3,9,0,-1,2,0,0,-1,0,2,0,0,0,0,2,1,-1,9,1,32,6,1968,2,15,AUDI A4,1,E01006267,0,2
2024340NN3802,2024,340NN3802,1,9,0,-1,19,5,1,-1,0,8,0,0,0,0,3,1,-1,6,3,-1,-1,1968,2,12,AUDI A4,-1,-1,0,-1
2024061463218,2024,061463218,3,9,0,-1,2,0,0,-1,0,0,0,0,0,0,3,1,-1,6,1,29,6,1968,2,6,AUDI A4,4,E01004831,0,1
2024631456115,2024,631456115,1,9,4,-1,19,6,2,-1,0,0,0,0,0,0,0,1,-1,9,2,68,10,1968,2,12,AUDI A4,10,E01025441,0,5
2024440250463,2024,440250463,2,9,0,5,5,4,8,0,0,1,0,0,0,0,1,1,6,6,3,-1,-1,1968,2,15,AUDI A4,-1,-1,0,-1
2024031524224,2024,031524224,4,9,0,-1,2,0,0,-1,9,2,0,0,0,0,2,1,-1,6,2,49,8,1968,2,8,AUDI A4,7,E01019382,0,1
2024461495932,2024,461495932,1,9,0,-1,19,6,2,-1,0,0,0,0,0,0,1,1,-1,6,2,-1,-1,1984,1,15,AUDI A4,7,E01024403,0,1
2024161532102,2024,161532102,2,9,0,-1,19,6,2,-1,0,0,0,0,0,0,3,1,-1,6,1,24,5,1968,2,3,AUDI A4,10,E01028408,0,5
2024440128880,2024,440128880,1,9,0,18,19,1,5,0,0,1,5,0,2,4,1,1,6,6,1,44,7,1968,2,10,AUDI A4,8,E01017352,0,2
2024041431385,2024,041431385,1,9,0,-1,19,2,5,-1,0,0,0,0,0,0,1,1,-1,9,1,79,11,1968,2,4,AUDI A4,10,E01027623,0,4
2024631454565,2024,631454565,1,9,0,-1,19,5,1,-1,0,8,0,0,3,10,3,1,-1,9,1,44,7,1986,2,19,AUDI A4,3,W01000730,0,3
2024041451399,2024,041451399,1,9,0,-1,19,2,6,-1,0,1,1,0,0,0,1,1,-1,1,1,39,7,1968,2,8,AUDI A4,3,E01025225,0,2
2024461452303,2024,461452303,1,9,0,-1,19,6,4,-1,0,1,0,0,0,0,1,9,-1,6,1,30,6,1984,1,13,AUDI A4,1,E01000595,0,4
2024201470640,2024,201470640,1,9,0,-1,1,1,5,-1,0,0,0,0,0,0,1,1,-1,6,1,40,7,1968,2,12,AUDI A4,-1,-1,0,-1
2024061416577,2024,061416577,1,9,0,-1,7,6,1,-1,0,4,0,0,0,0,1,1,-1,9,2,36,7,2496,2,18,AUDI A4,6,E01005961,0,1
2024161480910,2024,161480910,1,9,0,-1,7,6,8,-1,0,5,0,0,0,0,4,1,-1,6,-1,30,6,1968,2,14,AUDI A4,-1,-1,0,-1
2024131419991,2024,131419991,8,9,0,-1,19,7,3,-1,0,1,0,0,0,0,3,1,-1,6,1,45,7,1986,2,17,AUDI A4,2,E01010621,0,1
2024131478715,2024,131478715,2,9,0,-1,19,1,5,-1,0,0,0,0,0,0,3,1,-1,6,2,56,9,2967,2,15,AUDI A4,2,E01007465,0,3
2024041530920,2024,041530920,1,9,0,-1,19,3,7,-1,0,1,0,0,0,0,1,1,-1,1,1,24,5,1968,2,5,AUDI A4,3,E01012587,0,4
2024010489551,2024,010489551,2,9,0,99,99,9,9,99,99,9,9,99,9,99,1,9,6,6,1,52,8,1984,1,1,AUDI A4,10,E01016188,0,4
2024141438957,2024,141438957,1,9,0,-1,19,6,2,-1,0,0,5,0,1,2,3,1,-1,9,1,35,6,1986,2,17,AUDI A4,2,E01007975,0,2
2024101443609,2024,101443609,2,9,0,-1,2,6,2,-1,0,8,0,0,0,0,4,1,-1,6,3,-1,-1,1968,2,15,AUDI A4,-1,-1,0,-1
2024622400556,2024,622400556,1,9,0,18,19,6,1,0,0,0,1,0,0,0,3,1,6,6,1,41,7,1984,1,19,AUDI A4,1,W01001260,0,2
2024221442666,2024,221442666,2,9,0,-1,19,6,4,-1,0,0,0,0,0,0,1,1,-1,6,2,29,6,1968,2,13,AUDI A4,7,E01032401,0,1
2024440278626,2024,440278626,1,9,0,14,14,7,3,0,0,1,0,0,0,0,4,1,3,7,1,33,6,2967,2,10,AUDI A4,2,E01022934,0,1
2024520002340,2024,520002340,2,9,0,18,19,7,3,0,0,0,0,0,0,0,1,1,6,6,3,-1,-1,1968,2,15,AUDI A4,-1,-1,0,-1
2024421495572,2024,421495572,2,9,0,-1,9,7,3,-1,0,0,0,10,0,0,2,1,-1,9,1,47,8,1984,1,17,AUDI A4,10,E01021345,0,1
2024131562687,2024,131562687,1,9,0,-1,4,1,5,-1,0,8,1,0,0,0,1,1,-1,6,-1,-1,-1,1968,2,14,AUDI A4,-1,-1,0,-1
2024302401145,2024,302401145,1,9,0,14,14,1,5,0,0,8,0,0,0,0,1,1,6,6,3,-1,-1,1968,2,16,AUDI A4,5,E01019456,0,3
2024141444339,2024,141444339,3,9,0,-1,19,3,7,-1,0,1,0,0,0,0,0,1,-1,1,1,44,7,2967,2,3,AUDI A4,1,E01007902,0,1
2024401400040,2024,401400040,1,9,0,-1,19,1,5,-1,0,0,0,0,0,0,3,9,-1,9,1,32,6,1896,2,16,AUDI A4,2,E01001395,0,4
2024371446376,2024,371446376,1,9,0,-1,5,5,1,-1,0,1,0,0,0,0,3,1,-1,9,1,22,5,1984,1,1,AUDI A4,6,E01034564,0,1
2024361478842,2024,361478842,2,9,0,-1,9,1,3,-1,0,8,0,0,0,0,1,1,-1,1,1,35,6,1968,2,14,AUDI A4,5,E01026433,0,1
2024010525752,2024,010525752,2,9,0,4,4,1,5,0,0,1,0,0,0,0,3,1,6,6,2,43,7,1968,2,8,AUDI A4,4,E01004342,0,1
2024332400212,2024,332400212,1,9,0,-1,9,8,6,-1,0,6,0,0,0,0,1,1,-1,6,1,37,7,1896,2,20,AUDI A4,1,E01013730,0,1
2024451515018,2024,451515018,1,9,0,-1,19,7,3,-1,0,1,0,0,8,0,4,1,-1,6,1,21,5,1986,2,20,AUDI A4,2,E01015735,0,4
2024991432809,2024,991432809,2,9,0,-1,19,1,6,-1,0,1,0,0,0,0,1,1,-1,9,1,33,6,1968,2,14,AUDI A4,1,-1,0,1
2024052400425,2024,052400425,1,9,0,18,19,8,3,0,0,0,0,0,0,0,1,1,6,6,1,35,6,1984,1,17,AUDI A4,6,E01025500,0,3
2024010503152,2024,010503152,1,9,0,99,99,9,9,99,99,9,9,99,9,99,2,9,6,6,2,38,7,1984,1,15,AUDI A4,3,E01004405,0,1
2024010524398,2024,010524398,2,9,0,18,19,5,1,9,9,1,0,0,1,2,3,1,6,6,1,29,6,1395,1,7,AUDI A4,-1,-1,0,-1
2024131490244,2024,131490244,1,9,0,-1,2,5,1,-1,0,1,0,0,0,0,1,1,-1,9,1,33,6,1986,2,18,AUDI A4,2,E01032608,0,1
2024131526742,2024,131526742,2,9,0,-1,9,3,5,-1,0,2,0,0,0,0,4,1,-1,6,1,45,7,1968,2,11,AUDI A4,1,E01011059,0,3
2024520001271,2024,520001271,2,9,0,1,1,5,1,0,0,0,0,0,0,0,3,1,6,6,1,24,5,1968,2,12,AUDI A4,9,E01014391,0,1
2024622400492,2024,622400492,1,9,0,18,19,8,4,0,0,1,0,0,0,0,1,1,6,6,2,43,7,1968,2,16,AUDI A4,9,W01001947,0,2
2024361460412,2024,361460412,1,9,0,-1,19,1,5,-1,0,0,0,0,0,0,2,1,-1,9,1,86,11,1984,1,17,AUDI A4,10,E01026567,0,2
2024531453483,2024,531453483,1,9,0,-1,5,1,5,-1,0,4,0,0,0,0,3,1,-1,2,1,25,5,1781,1,18,AUDI A4,5,E01022327,0,2
2024361541347,2024,361541347,1,9,-1,-1,-1,-1,-1,-1,-1,-1,-1,-1,-1,0,-1,9,-1,6,1,42,7,1986,2,18,AUDI A4,8,E01033434,0,1
2024351452552,2024,351452552,1,9,0,-1,19,7,3,-1,-1,0,0,4,0,0,1,1,-1,9,1,29,6,1968,2,16,AUDI A4,1,E01018078,0,3
2024010538812,2024,010538812,4,9,0,12,12,7,3,0,0,0,1,0,4,0,4,1,6,6,1,31,6,1984,1,16,AUDI A4,2,E01034477,0,1
2024141400246,2024,141400246,1,9,0,-1,19,6,2,-1,0,1,0,0,0,0,1,9,-1,6,3,-1,-1,1968,2,8,AUDI A4,-1,-1,0,-1
2024061533415,2024,061533415,1,9,0,-1,19,2,6,-1,0,0,0,0,6,0,1,1,-1,9,2,41,7,1986,2,15,AUDI A4,1,E01005662,0,4
2024451439492,2024,451439492,2,9,0,-1,5,3,5,-1,0,6,0,0,1,0,1,1,-1,9,1,40,7,1968,2,14,AUDI A4,9,E01022846,0,2
2024231431402,2024,231431402,4,9,0,-1,2,0,0,-1,9,0,0,0,0,0,2,9,-1,6,1,71,10,1968,2,6,AUDI A4,10,E01031111,0,1
2024131439264,2024,131439264,2,9,0,-1,10,5,3,-1,0,0,0,0,0,0,1,1,-1,9,2,28,6,1968,2,10,AUDI A4,1,E01012656,0,4
2024010516817,2024,010516817,3,9,0,3,3,8,4,0,0,8,0,0,0,0,2,1,2,2,1,41,7,1798,1,16,AUDI A4,7,E01002173,0,4
2024010520533,2024,010520533,1,9,0,18,19,7,3,0,0,8,0,0,0,0,1,1,6,6,1,20,4,1968,2,2,AUDI A4,1,E01002713,0,2
2024122401174,2024,122401174,1,9,0,1,1,1,5,9,9,0,0,0,0,0,2,1,6,6,1,-1,-1,1986,2,18,AUDI A4,2,E01013399,0,1
2024471397191,2024,471397191,2,9,0,-1,4,3,7,-1,0,0,0,12,0,0,2,1,-1,2,1,36,7,1896,2,20,AUDI A4,3,E01031752,0,3
2024111410818,2024,111410818,2,9,0,-1,19,5,1,-1,0,0,0,0,0,0,1,1,-1,9,1,43,7,1968,2,10,AUDI A4,1,E01012250,0,3
2024552400693,2024,552400693,2,8,0,18,19,4,8,0,0,0,0,0,0,0,1,1,6,6,1,60,9,1968,2,12,AUDI A4,5,E01029154,0,1
2024010518761,2024,010518761,2,9,9,99,99,9,9,99,99,9,9,99,9,99,9,9,6,6,3,-1,-1,2976,1,21,AUDI A4,3,E01003334,0,1
2024131401431,2024,131401431,1,9,0,-1,7,1,2,-1,0,0,0,0,0,0,1,1,-1,9,1,20,4,1798,1,9,AUDI A4,5,E01027892,0,1
2024311438798,2024,311438798,1,9,0,-1,19,7,3,-1,0,8,0,0,1,11,1,1,-1,1,1,45,7,1968,2,7,AUDI A4,3,E01019511,0,1
2024010540018,2024,010540018,2,9,0,99,99,9,9,99,99,9,9,99,9,99,9,9,6,6,3,-1,-1,1798,1,11,AUDI A4,9,E01017888,0,4
2024552400632,2024,552400632,2,9,0,18,19,4,8,0,0,8,5,0,1,11,2,1,6,6,2,66,10,1896,2,20,AUDI A4,6,E01020508,0,1
2024440356136,2024,440356136,1,9,0,9,9,3,7,0,0,5,0,0,0,0,4,1,6,6,1,65,9,2967,2,7,AUDI A4,7,E01022513,0,1
2024520401211,2024,520401211,2,9,0,2,2,0,0,0,0,0,0,0,0,0,2,1,6,6,3,-1,-1,1986,2,19,AUDI A4,-1,-1,0,-1
2024061419120,2024,061419120,2,9,0,-1,19,8,8,-1,0,0,0,0,0,0,0,1,-1,1,1,30,6,2967,2,1,AUDI A4,-1,-1,0,-1
2024201460186,2024,201460186,6,9,0,-1,3,6,2,-1,0,0,0,0,0,0,0,1,-1,8,2,35,6,2967,2,1,AUDI A4,-1,-1,0,-1
2024111431389,2024,111431389,1,9,0,-1,13,1,5,-1,0,1,1,0,0,0,1,1,-1,9,1,43,7,1986,2,18,AUDI A4,3,E01020811,0,1
2024411457651,2024,411457651,2,9,0,-1,19,5,1,-1,0,0,0,0,0,0,3,1,-1,2,1,53,8,1395,1,8,AUDI A4,2,E01000951,0,4
2024101553548,2024,101553548,1,9,0,-1,19,1,5,-1,0,0,0,0,0,0,1,1,-1,9,2,56,9,1968,2,5,AUDI A4,7,E01027364,0,4
2024320114711,2024,320114711,2,9,0,3,3,6,2,0,0,0,0,0,0,0,2,1,-1,-1,1,40,7,1395,1,6,AUDI A4,2,E01001577,0,5
2024421422560,2024,421422560,1,9,0,-1,19,1,5,-1,0,0,0,0,0,0,1,1,-1,6,3,-1,-1,1968,2,7,AUDI A4,-1,-1,0,-1
2024201513017,2024,201513017,2,9,0,-1,2,0,0,-1,0,0,0,0,0,0,3,9,-1,9,1,32,6,1968,2,15,AUDI A4,3,E01009294,0,1
2024061453371,2024,061453371,2,9,0,-1,19,8,2,-1,0,1,0,0,0,0,0,1,-1,8,1,36,7,2967,2,1,AUDI A4,4,E01005730,0,4
2024052401320,2024,052401320,2,9,0,18,19,7,3,0,0,4,0,0,0,0,2,1,6,6,1,26,6,1984,1,7,AUDI A4,4,E01030710,0,5
2024371420096,2024,371420096,2,9,0,-1,4,5,1,-1,0,0,0,0,0,0,2,1,-1,2,2,31,6,1968,2,9,AUDI A4,6,E01029983,0,2
2024411464874,2024,411464874,2,9,0,-1,2,0,0,-1,0,1,0,0,0,0,2,1,-1,6,1,60,9,1968,2,14,AUDI A4,8,E01023649,0,1
2024401452386,2024,401452386,1,9,0,-1,7,5,3,-1,0,1,0,0,0,0,3,1,-1,6,2,58,9,1984,1,0,AUDI A4,10,E01017408,0,3
2024010525007,2024,010525007,2,9,0,4,4,5,1,0,0,1,0,0,0,0,1,1,1,1,1,64,9,1984,1,8,AUDI A4,-1,-1,0,-1
2024161415911,2024,161415911,1,9,0,-1,7,3,7,-1,0,6,0,0,0,0,2,1,-1,9,2,75,10,1984,1,17,AUDI A4,10,E01012927,0,1
2024122400548,2024,122400548,2,9,0,18,19,7,3,0,0,0,0,0,0,0,2,1,6,6,3,-1,-1,1986,2,18,AUDI A4,-1,-1,0,-1
2024440298113,2024,440298113,2,9,0,18,19,7,3,0,0,1,0,0,0,0,1,1,6,6,1,28,6,1968,2,16,AUDI A4,2,E01017202,0,1
2024430290344,2024,430290344,1,9,0,18,19,4,8,0,0,8,0,0,0,0,1,1,6,6,1,57,9,1968,2,15,AUDI A4,7,E01016613,0,3
2024201397151,2024,201397151,1,9,0,-1,9,8,4,-1,0,6,0,0,0,0,1,1,-1,6,2,40,7,1968,2,7,AUDI A4,-1,-1,0,-1
2024340NN1772,2024,340NN1772,1,9,0,-1,19,6,2,-1,0,3,0,0,0,0,1,1,-1,9,1,77,11,1896,2,26,AUDI A4,10,E01026357,0,3
2024522500207,2024,522500207,3,9,0,18,19,6,2,0,0,8,0,0,0,0,1,1,6,6,3,-1,-1,1968,2,8,AUDI A4,-1,-1,0,-1
2024010509721,2024,010509721,2,9,0,99,99,9,9,99,99,6,9,99,9,99,1,9,6,6,3,-1,-1,1395,1,6,AUDI A4,-1,-1,0,-1
2024201468490,2024,201468490,1,9,0,-1,19,6,2,-1,0,0,0,0,0,0,1,1,-1,6,1,38,7,1986,2,17,AUDI A4,2,E01010146,0,1
2024471406866,2024,471406866,1,9,0,-1,19,7,3,-1,0,4,0,0,0,0,1,1,-1,1,1,72,10,1968,2,9,AUDI A4,6,E01020956,0,2
2024111503846,2024,111503846,2,9,0,-1,3,2,4,-1,0,0,0,0,0,0,2,1,-1,2,1,54,8,1968,2,6,AUDI A4,4,E01020656,0,4
2024311434398,2024,311434398,1,9,0,-1,1,4,7,-1,0,0,0,0,0,0,2,1,-1,6,1,27,6,1395,1,7,AUDI A4,1,E01033411,0,1
2024991534791,2024,991534791,1,9,0,-1,19,8,4,-1,0,0,1,0,1,1,4,1,-1,9,2,19,4,1968,2,7,AUDI A4,4,-1,0,3
2024131415990,2024,131415990,1,9,0,-1,19,8,4,-1,0,0,0,0,0,0,1,1,-1,9,1,38,7,2967,2,19,AUDI A4,1,E01011430,0,1
2024010548168,2024,010548168,2,9,0,12,12,5,1,0,0,0,1,0,0,0,4,1,6,6,1,37,7,1984,1,5,AUDI A4,9,E01004277,0,3
2024622400781,2024,622400781,1,9,0,18,19,2,6,0,0,0,0,0,0,0,2,1,2,2,2,36,7,1984,1,9,AUDI A4,3,W01001050,0,1
2024031440463,2024,031440463,2,9,0,-1,9,5,1,-1,0,8,0,0,0,0,3,1,-1,9,1,50,8,1984,1,5,AUDI A4,2,E01025069,0,4
2024131412660,2024,131412660,2,9,0,-1,7,4,2,-1,0,8,0,0,0,0,3,1,-1,9,1,22,5,1968,2,8,AUDI A4,8,E01011595,0,2
2024041501816,2024,041501816,2,9,0,-1,19,7,3,-1,0,0,0,0,0,0,3,1,-1,9,1,57,9,1968,2,9,AUDI A4,2,E01024902,0,1
2024361399632,2024,361399632,1,9,0,-1,19,2,6,-1,0,0,0,0,0,0,1,1,-1,2,1,39,7,1968,2,11,AUDI A4,6,E01026837,0,1
2024320337172,2024,320337172,2,9,0,-1,-1,2,6,0,0,8,5,0,1,0,3,1,6,6,1,26,6,1968,2,13,AUDI A4,3,E01026064,0,3
2024522401846,2024,522401846,2,9,0,3,3,4,8,0,0,0,0,0,0,0,0,1,6,6,1,45,7,1968,2,5,AUDI A4,8,E01014953,0,2
2024411482571,2024,411482571,2,9,0,-1,19,4,8,-1,0,0,0,0,0,0,1,1,-1,6,1,33,6,1984,1,16,AUDI A4,8,E01023486,0,1
2024552401507,2024,552401507,2,9,0,1,1,2,6,6,6,0,0,0,0,0,2,1,6,6,3,-1,-1,1968,2,0,AUDI A4,-1,-1,0,-1
2024401434334,2024,401434334,1,9,0,-1,9,7,1,-1,0,8,0,0,0,0,1,1,-1,6,1,59,9,1984,1,1,AUDI A4,3,E01017618,0,1
2024471464285,2024,471464285,1,9,0,-1,19,1,5,-1,0,1,0,0,0,0,1,1,-1,6,1,27,6,2967,2,10,AUDI A4,7,E01031527,0,3
2024401439964,2024,401439964,1,9,-1,-1,-1,-1,-1,-1,-1,-1,-1,-1,-1,0,-1,9,-1,6,3,-1,-1,1896,2,20,AUDI A4,-1,-1,0,-1
2024552400380,2024,552400380,2,9,0,18,19,1,5,0,0,8,0,1,0,0,3,1,6,6,3,-1,-1,1968,2,7,AUDI A4,-1,-1,0,-1
2024471526236,2024,471526236,2,9,0,-1,19,7,3,-1,0,4,0,0,0,0,4,1,-1,6,2,36,7,1968,2,13,AUDI A4,8,E01031634,0,3
2024501449328,2024,501449328,1,9,0,-1,19,3,7,-1,0,0,0,0,0,0,1,9,-1,6,1,55,8,1896,2,22,AUDI A4,7,E01020064,0,3
2024401403903,2024,401403903,2,9,0,-1,19,-1,-1,-1,0,0,1,0,8,7,3,9,-1,2,1,51,8,1968,2,3,AUDI A4,9,E01018178,0,4
2024010550667,2024,010550667,3,9,0,18,19,7,3,0,0,0,0,0,0,0,2,1,6,6,1,34,6,1968,2,5,AUDI A4,10,E01030854,0,2
2024631488791,2024,631488791,2,9,0,-1,19,3,7,-1,0,1,0,0,1,7,1,1,-1,9,1,60,9,1896,2,27,AUDI A4,4,W01000646,0,3
2024351424470,2024,351424470,1,9,0,-1,3,6,2,-1,0,1,0,0,3,0,2,1,-1,6,1,25,5,1968,2,10,AUDI A4,8,E01018221,0,2
2024221412613,2024,221412613,2,9,0,-1,2,0,0,-1,0,0,0,0,0,0,1,1,-1,6,1,32,6,1968,2,16,AUDI A4,2,E01010052,0,4
2024440496331,2024,440496331,2,9,0,18,19,5,1,0,0,8,0,0,0,0,1,1,6,6,2,27,6,1798,1,9,AUDI A4,4,E01017083,0,1
2024421509133,2024,421509133,1,9,0,-1,9,1,7,-1,0,8,0,0,0,0,1,1,-1,9,1,28,6,1896,2,22,AUDI A4,4,E01022018,0,2
2024221468381,2024,221468381,1,9,0,-1,19,8,3,-1,0,0,1,0,0,0,3,9,-1,6,1,34,6,2967,2,17,AUDI A4,7,E01034318,0,1
2024141471961,2024,141471961,2,9,0,-1,19,1,4,-1,0,0,0,0,0,0,1,9,-1,6,1,24,5,1968,2,8,AUDI A4,1,E01007370,0,1
2024061459535,2024,061459535,3,9,0,-1,19,5,1,-1,0,1,0,0,0,0,0,1,-1,8,1,37,7,2967,2,3,AUDI A4,1,E01034113,0,2
2024221409283,2024,221409283,1,9,0,-1,9,4,2,-1,0,6,0,0,0,0,1,9,-1,9,2,27,6,1968,2,12,AUDI A4,5,E01014076,0,1
2024141499979,2024,141499979,1,9,0,-1,19,8,4,-1,0,0,0,0,0,0,1,1,-1,9,1,38,7,1968,2,16,AUDI A4,1,E01007338,0,1
2024531526558,2024,531526558,1,9,0,-1,1,6,2,-1,0,8,0,0,0,0,2,1,-1,6,1,28,6,1968,2,11,AUDI A4,9,E01022125,0,1
2024061471333,2024,061471333,1,9,0,-1,19,3,7,-1,0,6,0,4,0,0,1,1,-1,9,1,85,11,1896,2,17,AUDI A4,-1,-1,0,-1
2024010508171,2024,010508171,2,9,9,18,19,3,7,99,99,9,9,99,9,99,9,9,6,6,3,-1,-1,1984,1,1,AUDI A4,-1,-1,0,-1
202454A581324,2024,54A581324,1,9,0,18,19,3,7,0,0,1,0,0,0,0,1,1,2,2,1,23,5,1986,2,18,AUDI A4,8,E01032041,0,3
2024371460826,2024,371460826,1,9,-1,-1,-1,-1,-1,-1,-1,0,-1,-1,-1,0,-1,9,-1,6,2,40,7,1968,2,13,AUDI A4,-1,-1,0,-1
2024401451156,2024,401451156,2,9,0,-1,-1,-1,-1,-1,-1,0,-1,-1,-1,0,-1,9,-1,6,1,-1,-1,1896,2,19,AUDI A4,-1,-1,0,-1
2024461431855,2024,461431855,1,9,0,-1,19,3,7,-1,0,0,0,0,0,0,1,1,-1,9,1,74,10,1968,2,8,AUDI A4,8,E01024385,0,1
2024131456501,2024,131456501,1,9,0,-1,9,1,1,-1,0,8,0,0,0,0,1,1,-1,6,1,26,6,1984,1,0,AUDI A4,9,E01035734,0,5
2024471398919,2024,471398919,1,9,0,-1,19,8,4,-1,0,0,0,0,0,0,1,9,-1,6,3,27,6,1984,1,19,AUDI A4,3,E01031553,0,1
2024201447561,2024,201447561,3,9,0,-1,9,5,3,-1,0,6,0,0,0,0,2,1,-1,8,1,31,6,1984,1,2,AUDI A4,4,E01009234,0,2
2024631442863,2024,631442863,1,9,0,-1,19,4,8,-1,0,1,0,0,7,10,1,1,-1,6,1,78,11,1986,2,16,AUDI A4,5,W01000455,0,3
2024531405297,2024,531405297,3,9,0,-1,10,5,1,-1,0,0,0,0,0,0,2,1,-1,9,1,45,7,1896,2,21,AUDI A4,7,E01022247,0,1
2024430462671,2024,430462671,1,9,0,4,4,5,1,0,0,8,0,0,0,0,1,1,2,2,1,48,8,1968,2,9,AUDI A4,9,E01017914,0,3
2024552401282,2024,552401282,5,9,0,3,3,6,2,0,0,0,0,0,0,0,2,1,6,6,2,37,7,1968,2,12,AUDI A4,9,E01029252,0,4
2024501419039,2024,501419039,2,9,0,-1,4,2,6,-1,0,0,0,0,0,0,2,1,-1,9,1,52,8,1968,2,2,AUDI A4,5,E01015092,0,4
2024221510486,2024,221510486,1,9,0,-1,7,5,8,-1,0,3,0,0,0,0,1,1,-1,6,2,31,6,1968,2,12,AUDI A4,2,E01009865,0,4
2024070540073,2024,070540073,2,9,0,9,9,5,2,0,0,4,0,9,0,0,1,1,6,6,1,-1,-1,1968,2,8,AUDI A4,7,E01035371,0,4
2024131394506,2024,131394506,1,9,0,-1,12,1,5,-1,0,8,0,0,0,0,3,1,-1,6,1,72,10,1986,2,17,AUDI A4,3,E01010597,0,1
2024010543657,2024,010543657,2,9,0,99,99,9,9,99,99,9,9,99,9,99,9,9,6,6,3,-1,-1,1968,2,7,AUDI A4,2,E01004444,0,1
2024010528681,2024,010528681,1,9,0,18,19,3,7,0,0,0,0,0,0,0,1,1,6,6,1,39,7,1984,1,4,AUDI A4,3,E01003240,0,3
2024010499733,2024,010499733,1,9,0,9,9,1,6,9,9,5,0,0,1,0,1,1,6,6,1,77,11,1968,2,13,AUDI A4,-1,-1,0,-1
2024131427661,2024,131427661,1,9,0,-1,19,5,1,-1,0,8,0,0,0,0,1,1,-1,6,1,35,6,1968,2,14,AUDI A4,1,E01011729,0,1
2024010536318,2024,010536318,1,9,0,10,10,8,5,0,0,1,0,0,0,0,1,1,2,2,1,53,8,1984,1,7,AUDI A4,5,E01003186,0,2
2024320228634,2024,320228634,1,9,0,2,2,0,0,0,0,2,0,0,0,0,3,1,-1,-1,2,39,7,1986,2,17,AUDI A4,4,E01026032,0,1