collision_index,collision_year,collision_ref_no,vehicle_reference,vehicle_type,towing_and_articulation,vehicle_manoeuvre_historic,vehicle_manoeuvre,vehicle_direction_from,vehicle_direction_to,vehicle_location_restricted_lane_historic,vehicle_location_restricted_lane,junction_location,skidding_and_overturning,hit_object_in_carriageway,vehicle_leaving_carriageway,hit_object_off_carriageway,first_point_of_impact,vehicle_left_hand_drive,journey_purpose_of_driver_historic,journey_purpose_of_driver,sex_of_driver,age_of_driver,age_band_of_driver,engine_capacity_cc,propulsion_code,age_of_vehicle,generic_make_model,driver_imd_decile,lsoa_of_driver,escooter_flag,driver_distance_banding
2024070727400,2024,070727400,1,9,0,-1,19,5,1,-1,0,0,0,0,0,0,1,1,-1,6,1,55,8,1984,1,3,AUDI A4,7,E01012372,0,2
2024131506368,2024,131506368,1,9,0,-1,19,3,7,-1,0,8,0,0,0,0,1,1,-1,7,1,48,8,1984,1,19,AUDI A4,1,E01010964,0,1
2024522403152,2024,522403152,2,9,0,9,9,5,3,0,0,6,0,0,0,0,1,1,6,6,1,-1,-1,2967,2,14,AUDI A4,-1,-1,0,-1
2024010532277,2024,010532277,2,9,0,18,19,5,1,0,0,0,0,0,0,0,2,1,6,6,1,19,4,1798,1,13,AUDI A4,-1,-1,0,-1
2024302400396,2024,302400396,1,9,0,12,12,8,3,0,0,8,0,0,0,0,2,1,6,6,1,42,7,1798,1,10,AUDI A4,1,E01013850,0,4
2024471473194,2024,471473194,1,9,0,-1,19,3,7,-1,0,1,0,0,0,0,1,1,-1,9,1,40,7,1984,1,10,AUDI A4,6,E01031376,0,1
2024010497480,2024,010497480,1,9,0,18,19,1,5,0,0,1,0,0,1,2,4,1,6,6,1,28,6,1968,2,14,AUDI A4,4,E01003767,0,2
2024991486546,2024,991486546,1,9,0,-1,13,7,3,-1,0,1,0,0,0,0,1,1,-1,9,1,18,4,1986,2,19,AUDI A4,8,-1,0,2
2024451465755,2024,451465755,2,9,0,-1,13,3,1,-1,0,0,5,0,0,0,4,1,-1,6,1,37,7,1968,2,8,AUDI A4,9,E01030636,0,1
2024320406328,2024,320406328,1,9,0,-1,-1,6,2,0,0,1,0,0,0,0,1,1,-1,-1,2,23,5,1896,2,20,AUDI A4,4,E01026067,0,4
2024340NN2872,2024,340NN2872,2,9,0,-1,19,5,1,-1,0,1,0,0,0,0,1,1,-1,6,2,40,7,1968,2,7,AUDI A4,7,E01027043,0,2
2024440183374,2024,440183374,1,9,0,18,19,8,4,0,0,1,0,0,0,0,1,1,6,6,1,38,7,1896,2,19,AUDI A4,3,E01017105,0,2
2024010497757,2024,010497757,2,9,0,99,99,9,9,0,0,2,0,99,9,99,2,9,6,6,3,-1,-1,1984,1,4,AUDI A4,-1,-1,0,-1
2024991455277,2024,991455277,2,9,0,-1,19,5,8,-1,0,1,0,0,0,0,1,1,-1,9,1,29,6,1968,2,11,AUDI A4,5,-1,0,3
2024332400951,2024,332400951,3,9,0,-1,5,1,5,-1,0,4,0,0,0,0,3,1,-1,6,1,39,7,1968,2,6,AUDI A4,9,E01025669,0,1
2024401412002,2024,401412002,1,9,0,-1,5,7,1,-1,0,0,0,0,0,0,1,9,-1,6,1,58,9,1395,1,7,AUDI A4,6,E01001525,0,4
2024201475770,2024,201475770,1,9,0,-1,19,2,6,-1,0,0,0,0,0,0,1,1,-1,6,2,38,7,1986,2,17,AUDI A4,1,E01009033,0,1
2024010525179,2024,010525179,2,9,0,18,19,4,8,0,0,1,0,0,0,0,1,1,6,6,3,-1,-1,1984,1,2,AUDI A4,-1,-1,0,-1
2024501482495,2024,501482495,1,9,0,-1,19,1,5,-1,0,0,0,4,0,0,3,2,-1,6,1,33,6,2393,1,19,AUDI A4,7,E01029653,0,5
2024201523775,2024,201523775,1,9,0,-1,9,7,8,-1,0,8,0,0,0,0,3,1,-1,9,1,28,6,1968,2,15,AUDI A4,1,E01007714,0,5
2024201533636,2024,201533636,2,9,0,-1,19,7,3,-1,0,8,0,10,3,1,3,1,-1,2,1,61,9,1984,1,15,AUDI A4,1,E01009347,0,1
2024451403074,2024,451403074,1,9,0,-1,19,5,1,-1,0,8,0,0,0,0,1,1,-1,7,1,55,8,1984,1,1,AUDI A4,7,E01030466,0,2
2024221495999,2024,221495999,1,9,0,-1,9,6,4,-1,0,6,0,0,0,0,1,1,-1,6,1,53,8,1968,2,8,AUDI A4,8,E01009959,0,4
2024201435131,2024,201435131,3,9,0,-1,2,0,0,-1,9,0,0,0,0,0,2,9,-1,6,1,48,8,1984,1,23,AUDI A4,1,E01009147,0,1
2024141509126,2024,141509126,2,9,0,-1,5,1,5,-1,0,6,0,0,0,0,1,1,-1,9,1,38,7,1968,2,14,AUDI A4,1,E01008103,0,1
2024070214879,2024,070214879,2,9,0,16,19,3,7,0,0,1,0,0,0,0,1,1,6,6,1,51,8,1968,2,12,AUDI A4,7,E01018736,0,2
2024211490251,2024,211490251,1,9,0,-1,3,2,7,-1,0,1,0,0,0,0,1,1,-1,6,1,48,8,1798,1,14,AUDI A4,-1,-1,0,-1
2024340WN1372,2024,340WN1372,1,9,0,-1,19,5,1,-1,0,1,0,0,1,10,1,1,-1,1,1,29,6,1395,1,8,AUDI A4,4,E01027012,0,1
2024061451479,2024,061451479,5,9,0,-1,2,3,7,-1,0,2,0,0,0,0,3,1,-1,6,-1,-1,-1,1968,2,7,AUDI A4,-1,-1,0,-1
2024421482159,2024,421482159,2,9,0,-1,4,4,8,-1,0,1,0,0,0,0,2,1,-1,9,2,46,8,1968,2,7,AUDI A4,7,E01015966,0,1
2024061399688,2024,061399688,2,9,0,-1,19,1,5,-1,0,8,0,0,0,0,3,1,-1,9,1,43,7,1896,2,20,AUDI A4,1,E01006369,0,1
2024041451313,2024,041451313,1,9,0,-1,9,1,7,-1,0,0,0,0,0,0,4,1,-1,9,1,26,6,1968,2,8,AUDI A4,3,E01025294,0,1
2024421419781,2024,421419781,1,9,0,-1,19,3,7,-1,0,1,0,0,0,0,1,9,-1,6,3,-1,-1,1984,1,17,AUDI A4,-1,-1,0,-1
2024522401980,2024,522401980,2,9,0,2,2,0,0,0,0,0,0,0,0,0,1,1,6,6,3,-1,-1,1984,1,3,AUDI A4,-1,-1,0,-1
2024991400324,2024,991400324,1,9,0,-1,19,2,7,-1,9,2,1,0,3,0,1,1,-1,9,2,41,7,1968,2,9,AUDI A4,2,-1,0,1
2024231476484,2024,231476484,1,9,0,-1,19,3,6,-1,0,8,0,0,0,0,1,1,-1,2,1,28,6,1968,2,7,AUDI A4,2,E01032389,0,2
2024131400788,2024,131400788,2,9,0,-1,19,2,1,-1,0,8,0,0,0,0,1,1,-1,6,1,32,6,1986,2,17,AUDI A4,8,E01011553,0,1
2024010492314,2024,010492314,1,9,0,18,19,5,1,9,9,2,0,0,1,2,1,1,6,6,1,33,6,1984,1,19,AUDI A4,3,E01002312,0,1
2024201462655,2024,201462655,1,9,0,-1,19,7,2,-1,0,0,0,0,0,0,1,1,-1,6,1,35,6,1968,2,10,AUDI A4,1,E01010532,0,2
2024631508571,2024,631508571,2,9,0,-1,19,6,2,-1,0,8,0,0,0,0,1,1,-1,6,2,66,10,1968,2,6,AUDI A4,9,W01000476,0,1
2024421497629,2024,421497629,1,9,0,-1,-1,-1,-1,-1,-1,-1,-1,-1,-1,0,-1,9,-1,6,3,-1,-1,1798,1,10,AUDI A4,-1,-1,0,-1
2024010500051,2024,010500051,1,9,0,18,19,5,1,0,0,1,0,0,0,0,1,1,6,6,1,34,6,1984,1,19,AUDI A4,2,E01003489,0,1
2024041490761,2024,041490761,1,9,0,-1,19,3,7,-1,0,0,0,4,0,0,1,1,-1,2,1,28,6,1968,2,15,AUDI A4,3,E01012663,0,3
2024610044924,2024,610044924,1,9,0,18,19,1,5,0,0,3,0,2,0,0,3,1,6,6,1,29,6,1968,2,11,AUDI A4,8,W01001356,0,3
2024010524472,2024,010524472,1,9,0,4,4,7,3,0,0,2,0,0,0,0,2,1,6,6,2,46,8,1968,2,7,AUDI A4,3,E01033945,0,2
2024302400449,2024,302400449,1,9,0,9,9,2,8,0,0,8,0,0,0,0,3,1,6,6,1,45,7,1986,2,17,AUDI A4,5,E01019465,0,3
2024010533217,2024,010533217,1,9,0,99,99,9,9,99,99,0,9,99,9,99,2,9,6,6,1,59,9,1798,1,9,AUDI A4,5,E01001038,0,1
2024070885851,2024,070885851,3,9,0,-1,3,7,3,-1,0,0,0,0,0,0,0,1,-1,2,1,34,6,1984,1,0,AUDI A4,1,E01006706,0,3
2024501396118,2024,501396118,1,9,0,-1,6,3,5,-1,0,0,0,0,0,0,3,9,-1,9,2,33,6,1986,2,17,AUDI A4,1,E01015146,0,1
2024622400846,2024,622400846,1,9,0,18,19,4,8,0,0,0,0,0,0,0,1,1,6,6,1,47,8,1968,2,15,AUDI A4,2,W01000790,0,1
2024131456537,2024,131456537,1,9,0,-1,5,3,7,-1,0,8,0,0,0,0,3,1,-1,6,1,28,6,1968,2,16,AUDI A4,3,E01010629,0,1
2024161448702,2024,161448702,2,9,0,-1,19,4,8,-1,0,0,0,0,7,4,1,1,-1,6,1,22,5,1986,2,18,AUDI A4,8,E01013005,0,3
2024401449444,2024,401449444,1,9,0,-1,8,3,1,-1,0,0,0,0,0,0,2,1,-1,9,2,62,9,1968,2,8,AUDI A4,10,E01017862,0,4
2024501472481,2024,501472481,1,9,0,-1,19,4,1,-1,0,0,1,0,0,0,1,1,-1,1,1,25,5,1781,1,20,AUDI A4,5,E01001677,0,5
2024371437796,2024,371437796,3,9,0,-1,19,5,1,-1,0,1,0,0,0,0,2,1,-1,7,2,44,7,1968,2,14,AUDI A4,2,E01030289,0,1
2024211426438,2024,211426438,1,9,0,-1,19,4,8,-1,0,0,0,0,7,0,1,1,-1,6,1,23,5,2976,1,20,AUDI A4,2,E01014281,0,1
2024010507480,2024,010507480,1,9,0,17,19,5,1,0,0,0,0,4,0,0,1,1,6,6,1,35,6,1968,2,7,AUDI A4,-1,-1,0,-1
2024421403799,2024,421403799,1,9,0,-1,9,5,3,-1,0,3,0,0,0,0,1,9,-1,6,3,-1,-1,1968,2,14,AUDI A4,-1,-1,0,-1
2024061412668,2024,061412668,2,9,0,-1,19,6,2,-1,0,0,0,0,0,0,3,9,-1,6,1,26,6,1968,2,13,AUDI A4,3,E01005437,0,3
2024201492860,2024,201492860,2,9,0,-1,3,4,1,-1,0,0,0,0,0,0,2,1,-1,9,1,36,7,1896,2,18,AUDI A4,5,E01009615,0,1
2024131455822,2024,131455822,1,9,0,-1,4,4,8,-1,0,0,0,0,0,0,-1,1,-1,6,3,-1,-1,1968,2,14,AUDI A4,-1,-1,0,-1
2024010549241,2024,010549241,1,9,0,99,99,9,9,99,99,9,9,99,9,99,1,1,6,6,3,-1,-1,1984,1,5,AUDI A4,-1,-1,0,-1
2024461419081,2024,461419081,2,9,0,-1,2,0,0,-1,-1,0,0,0,0,0,2,1,-1,9,1,61,9,2967,2,15,AUDI A4,10,E01030756,0,4
2024302401322,2024,302401322,2,9,0,9,9,3,5,0,0,6,0,0,0,0,3,1,6,6,1,24,5,1984,1,4,AUDI A4,6,E01019871,0,1
2024010510285,2024,010510285,1,9,0,4,4,3,7,0,0,2,0,0,0,0,2,1,1,1,1,33,6,1968,2,7,AUDI A4,7,E01017818,0,3
2024451425388,2024,451425388,1,9,0,-1,3,1,5,-1,0,8,0,0,0,0,2,9,-1,6,1,53,8,2967,2,15,AUDI A4,10,E01030959,0,1
2024471473209,2024,471473209,1,9,0,-1,19,7,2,-1,0,2,1,0,8,0,1,2,-1,9,1,20,4,1984,1,13,AUDI A4,7,E01031365,0,4
2024201533807,2024,201533807,1,9,0,-1,19,5,1,-1,0,8,0,0,0,0,1,1,-1,6,1,32,6,1984,1,19,AUDI A4,2,E01008977,0,1
2024991457344,2024,991457344,2,9,0,-1,4,3,7,-1,0,1,0,0,0,0,2,1,-1,2,1,45,7,1984,1,5,AUDI A4,-1,-1,0,-1
2024302400698,2024,302400698,2,9,0,17,19,7,4,0,0,0,0,0,1,0,1,1,2,2,1,41,7,1984,1,7,AUDI A4,1,E01013590,0,2
2024161528207,2024,161528207,2,9,0,-1,19,1,5,-1,0,1,0,0,0,0,3,1,-1,6,1,40,7,1968,2,12,AUDI A4,1,E01013311,0,1
2024631399598,2024,631399598,1,9,0,-1,19,4,7,-1,0,1,0,0,0,0,1,1,-1,6,3,-1,-1,1968,2,15,AUDI A4,-1,-1,0,-1
2024061400199,2024,061400199,2,9,0,-1,19,7,2,-1,0,8,0,0,0,0,4,1,-1,2,1,34,6,1968,2,8,AUDI A4,2,E01004849,0,1
2024010510986,2024,010510986,2,9,0,99,99,9,9,99,99,9,9,99,9,99,1,9,6,6,3,-1,-1,1984,1,1,AUDI A4,-1,-1,0,-1
2024010518731,2024,010518731,1,9,0,99,99,9,9,99,99,9,9,99,9,99,2,9,2,2,1,36,7,1984,1,0,AUDI A4,5,E01002479,0,3
2024211476383,2024,211476383,2,9,0,-1,4,4,8,-1,0,0,0,0,0,0,1,1,-1,6,1,44,7,1968,2,13,AUDI A4,4,E01010402,0,4
2024991400936,2024,991400936,1,9,0,-1,9,8,3,-1,0,4,0,0,7,0,1,1,-1,9,2,49,8,1968,2,15,AUDI A4,-1,-1,0,-1
2024552400802,2024,552400802,1,9,0,18,19,5,1,0,0,8,0,0,3,11,1,1,6,6,1,52,8,1986,2,17,AUDI A4,5,E01020410,0,1
2024010517350,2024,010517350,2,9,0,18,19,5,1,9,9,1,0,0,0,0,2,1,6,6,1,65,9,1984,1,6,AUDI A4,3,E01002908,0,1
2024471406997,2024,471406997,3,9,0,-1,19,3,7,-1,0,0,0,0,0,0,2,1,-1,6,1,42,7,1968,2,9,AUDI A4,3,E01032738,0,4
2024471440109,2024,471440109,3,9,0,-1,19,8,4,-1,0,0,0,0,0,0,0,1,-1,6,1,30,6,1896,2,17,AUDI A4,1,E01031404,0,1
2024010513986,2024,010513986,1,9,0,99,99,9,9,99,99,9,9,99,9,99,9,9,6,6,3,-1,-1,1984,1,3,AUDI A4,-1,-1,0,-1
2024991455988,2024,991455988,1,9,0,-1,19,7,3,-1,0,3,2,9,1,2,1,1,-1,9,1,32,6,1968,2,13,AUDI A4,6,-1,0,2
2024201532611,2024,201532611,12,9,0,-1,2,0,0,-1,0,8,0,0,0,0,4,1,-1,6,-1,-1,-1,1968,2,9,AUDI A4,-1,-1,0,-1
2024371464175,2024,371464175,2,9,0,-1,4,8,4,-1,0,0,0,4,0,0,2,1,-1,6,1,43,7,1986,2,17,AUDI A4,3,E01029968,0,2
2024010537274,2024,010537274,2,9,0,99,99,9,9,99,99,9,9,99,9,99,9,9,6,6,3,-1,-1,1984,1,5,AUDI A4,-1,-1,0,-1
2024421419294,2024,421419294,1,9,0,-1,5,-1,-1,-1,0,4,0,0,0,0,1,1,-1,6,2,43,7,3197,1,16,AUDI A4,7,E01021807,0,1
2024522401999,2024,522401999,2,9,0,1,1,8,4,0,0,0,0,0,0,0,2,1,6,6,3,-1,-1,1984,1,5,AUDI A4,-1,-1,0,-1
2024520403447,2024,520403447,1,9,0,4,4,4,8,0,0,0,0,0,0,0,2,1,6,6,1,41,7,1798,1,11,AUDI A4,4,E01035115,0,1
2024061535661,2024,061535661,3,9,0,-1,19,7,3,-1,0,1,0,11,1,0,0,1,-1,9,1,27,6,1968,2,7,AUDI A4,-1,-1,0,-1
2024010533401,2024,010533401,4,9,0,18,19,1,5,0,0,1,0,4,0,0,1,1,6,6,1,33,6,1798,1,14,AUDI A4,2,E01003337,0,1
2024520403039,2024,520403039,2,9,0,18,19,5,1,0,0,1,0,0,0,0,1,1,6,6,1,26,6,1968,2,10,AUDI A4,4,E01029249,0,1
2024351481708,2024,351481708,2,9,-1,-1,-1,-1,-1,-1,-1,-1,-1,-1,-1,0,-1,9,-1,6,1,46,8,1968,2,11,AUDI A4,4,E01017505,0,4
2024211493724,2024,211493724,2,9,0,-1,19,5,1,-1,0,0,0,0,0,0,0,1,-1,8,1,33,6,2967,2,1,AUDI A4,-1,-1,0,-1
2024610044224,2024,610044224,1,9,0,16,19,3,6,0,0,0,2,0,1,0,4,1,6,6,1,45,7,1896,2,18,AUDI A4,5,W01001373,0,1
2024622400573,2024,622400573,2,9,0,18,19,8,4,0,0,8,0,0,0,0,1,1,6,6,1,53,8,1968,2,11,AUDI A4,6,W01001961,0,2
2024221425687,2024,221425687,1,9,0,-1,13,4,8,-1,0,8,0,0,0,0,1,9,-1,6,1,44,7,1968,2,19,AUDI A4,1,E01009158,0,1
2024061438499,2024,061438499,1,9,0,-1,-1,-1,-1,-1,-1,-1,-1,-1,-1,0,-1,1,-1,6,3,-1,-1,1968,2,6,AUDI A4,-1,-1,0,-1
2024061399320,2024,061399320,7,9,0,-1,19,3,7,-1,0,0,0,0,0,0,1,1,-1,2,1,54,8,1968,2,10,AUDI A4,2,E01011024,0,4
2024631438148,2024,631438148,1,9,0,-1,13,7,3,-1,0,0,0,0,7,10,1,1,-1,1,2,54,8,1968,2,9,AUDI A4,7,W01000595,0,3
2024101501583,2024,101501583,2,9,0,-1,19,7,3,-1,0,1,0,0,0,0,1,1,-1,9,1,58,9,1968,2,8,AUDI A4,3,E01008353,0,1
2024361496267,2024,361496267,1,9,0,-1,9,1,7,-1,0,8,0,0,0,0,4,1,-1,9,1,40,7,1968,2,14,AUDI A4,4,E01026866,0,1
2024010542532,2024,010542532,2,9,0,5,5,5,1,0,0,0,0,4,0,0,1,1,6,6,1,40,7,1984,1,7,AUDI A4,10,E01004276,0,1
2024161402513,2024,161402513,1,9,0,-1,2,0,0,-1,0,0,0,0,0,0,3,9,-1,6,1,40,7,1968,2,11,AUDI A4,2,E01012763,0,1
2024231522661,2024,231522661,2,9,0,-1,19,6,2,-1,0,0,0,0,0,0,3,1,-1,6,1,45,7,1968,2,9,AUDI A4,10,E01031139,0,1
2024320606212,2024,320606212,2,9,0,-1,-1,4,8,0,0,8,0,0,0,0,3,1,-1,-1,1,22,5,1984,1,4,AUDI A4,7,E01024550,0,5
2024221470644,2024,221470644,1,9,0,-1,13,3,7,-1,0,0,0,0,0,0,4,9,-1,6,1,29,6,1896,2,23,AUDI A4,-1,-1,0,-1
2024440196163,2024,440196163,4,9,0,2,2,0,0,0,0,0,0,0,0,0,1,1,6,6,2,40,7,1968,2,13,AUDI A4,-1,-1,0,-1
2024070167115,2024,070167115,1,9,0,18,19,1,5,0,0,0,0,4,0,0,1,1,6,6,1,69,10,1984,1,4,AUDI A4,9,E01012376,0,1
2024010540826,2024,010540826,2,9,0,99,99,9,9,99,99,9,9,99,9,99,2,9,6,6,3,-1,-1,1395,1,7,AUDI A4,-1,-1,0,-1
2024211418974,2024,211418974,2,9,0,-1,19,5,1,-1,0,8,0,0,1,0,3,9,-1,9,1,52,8,1968,2,0,AUDI A4,9,E01029818,0,3
2024440537259,2024,440537259,1,9,0,18,19,5,1,0,0,0,0,0,0,0,1,1,6,6,1,41,7,1968,2,12,AUDI A4,7,E01022997,0,1
2024010504635,2024,010504635,1,9,0,99,99,9,9,99,99,9,9,99,9,99,9,9,6,6,2,36,7,1781,1,20,AUDI A4,3,E01002646,0,2
2024131459617,2024,131459617,1,9,0,-1,9,3,1,-1,0,8,0,0,0,0,4,1,-1,9,2,48,8,1984,1,0,AUDI A4,7,E01011277,0,1
2024101426430,2024,101426430,1,9,0,-1,19,1,1,-1,0,0,0,0,0,0,2,2,-1,9,1,37,7,1968,2,10,AUDI A4,-1,-1,0,-1
2024531460807,2024,531460807,2,9,0,-1,5,5,1,-1,0,0,0,0,0,0,4,1,-1,6,1,30,6,1986,2,17,AUDI A4,4,E01022331,0,1
2024411429131,2024,411429131,2,9,0,-1,19,8,4,-1,0,0,0,0,0,0,1,1,-1,6,2,37,7,1984,1,2,AUDI A4,9,E01023674,0,1
2024161426371,2024,161426371,1,9,0,-1,7,4,1,-1,0,4,0,0,0,0,1,1,-1,9,1,35,6,1968,2,11,AUDI A4,9,E01012974,0,2
2024201452443,2024,201452443,2,9,0,-1,7,3,7,-1,0,5,0,0,0,0,4,9,-1,6,2,44,7,1968,2,15,AUDI A4,-1,-1,0,-1
2024161488334,2024,161488334,2,9,0,-1,19,6,2,-1,0,0,0,0,0,0,2,1,-1,6,1,56,9,1968,2,9,AUDI A4,10,E01034757,0,3
2024531404533,2024,531404533,2,9,0,-1,10,5,1,-1,0,0,0,0,0,0,2,1,-1,9,1,48,8,1986,2,17,AUDI A4,1,E01034793,0,2
2024461412223,2024,461412223,3,9,0,-1,10,1,7,-1,0,1,0,0,0,0,2,1,-1,2,1,55,8,1968,2,11,AUDI A4,5,E01024054,0,1
2024041428707,2024,041428707,1,9,0,-1,19,1,5,-1,0,0,0,0,0,0,1,1,-1,9,1,31,6,1968,2,9,AUDI A4,6,E01025066,0,3
2024041403048,2024,041403048,2,9,0,-1,2,0,0,-1,0,1,1,0,0,0,1,1,-1,6,-1,-1,-1,1968,2,10,AUDI A4,-1,-1,0,-1
2024010502333,2024,010502333,1,9,0,99,99,9,9,99,99,9,9,99,9,99,9,9,2,2,1,48,8,1395,1,6,AUDI A4,3,E01002403,0,1
2024451415236,2024,451415236,1,9,0,-1,5,2,6,-1,0,0,0,0,0,0,3,1,-1,9,1,65,9,1984,1,6,AUDI A4,10,E01030769,0,3
2024201418813,2024,201418813,1,9,0,-1,7,2,5,-1,0,4,0,0,0,0,3,9,-1,9,1,35,6,1968,2,13,AUDI A4,-1,-1,0,-1
2024552400562,2024,552400562,1,9,0,9,9,5,2,0,0,3,1,10,7,6,1,1,6,6,2,41,7,1968,2,8,AUDI A4,4,E01015371,0,1
2024070910947,2024,070910947,1,9,0,-1,9,4,8,-1,0,8,1,0,0,0,0,1,-1,9,1,75,10,1984,1,0,AUDI A4,3,E01018464,0,3
2024010546774,2024,010546774,2,9,0,18,19,9,9,99,99,9,9,99,9,99,0,9,6,6,2,34,6,1984,1,4,AUDI A4,5,E01001910,0,1
2024332400326,2024,332400326,1,9,0,-1,19,5,2,-1,0,2,0,0,0,0,1,1,-1,9,1,24,5,1968,2,16,AUDI A4,9,E01019850,0,1
2024340WN5142,2024,340WN5142,1,9,0,-1,12,1,5,-1,0,1,0,0,0,0,3,1,-1,9,2,49,8,1986,2,17,AUDI A4,5,E01023411,0,4
2024311397939,2024,311397939,1,9,0,-1,19,2,6,-1,0,4,0,0,0,0,1,1,-1,6,1,38,7,1968,2,8,AUDI A4,1,E01013879,0,1
2024351415743,2024,351415743,2,9,0,-1,19,6,3,-1,0,7,0,0,0,0,2,1,-1,6,1,44,7,1968,2,13,AUDI A4,6,E01035548,0,1
2024471478931,2024,471478931,3,9,0,-1,2,0,0,-1,0,0,0,0,0,0,2,1,-1,6,-1,-1,-1,1984,1,16,AUDI A4,-1,-1,0,-1
2024501433242,2024,501433242,2,9,0,-1,19,1,5,-1,0,8,0,0,0,0,1,1,-1,6,1,72,10,1986,2,18,AUDI A4,8,E01020027,0,1
2024332400024,2024,332400024,1,9,0,-1,19,8,4,-1,0,0,0,0,0,0,1,1,-1,2,1,32,6,1896,2,18,AUDI A4,4,E01035429,0,4
2024991476124,2024,991476124,1,9,0,-1,19,7,3,-1,0,1,0,0,0,0,1,1,-1,9,1,25,5,1798,1,15,AUDI A4,4,-1,0,1
2024451408389,2024,451408389,2,9,0,-1,4,7,3,-1,0,2,0,0,0,0,1,1,-1,2,1,42,7,1896,2,23,AUDI A4,5,E01034297,0,1
2024211522687,2024,211522687,1,9,0,-1,19,1,5,-1,0,0,0,0,0,0,3,1,-1,6,1,60,9,1968,2,7,AUDI A4,9,W01001104,0,5
2024430170359,2024,430170359,1,9,0,18,19,5,1,0,0,0,0,0,0,0,2,1,2,2,2,54,8,1968,2,9,AUDI A4,10,E01016343,0,1
2024201435962,2024,201435962,1,9,0,-1,7,8,2,-1,0,6,0,0,0,0,1,9,-1,6,3,-1,-1,1968,2,14,AUDI A4,-1,-1,0,-1
2024991396430,2024,991396430,2,8,0,-1,19,8,3,-1,0,4,0,0,0,0,3,1,-1,1,1,37,7,1395,1,8,AUDI A4,2,-1,0,1
2024311498077,2024,311498077,2,9,0,-1,19,1,5,-1,0,0,0,0,0,0,3,1,-1,9,1,29,6,1968,2,15,AUDI A4,3,E01028166,0,3
2024101398470,2024,101398470,1,9,0,-1,9,6,2,-1,0,8,0,0,0,0,1,1,-1,1,1,22,5,1968,2,8,AUDI A4,2,E01008334,0,1
2024201411986,2024,201411986,1,9,0,-1,19,4,8,-1,0,0,0,0,0,0,1,1,-1,6,1,25,5,1968,2,4,AUDI A4,1,E01009057,0,1
2024041500760,2024,041500760,1,9,0,-1,19,7,3,-1,0,0,0,0,7,4,1,1,-1,6,1,78,11,1984,1,4,AUDI A4,7,E01025496,0,3
2024131403892,2024,131403892,1,9,0,-1,9,5,6,-1,0,2,0,0,0,0,3,1,-1,9,1,36,7,1986,2,16,AUDI A4,10,E01010580,0,1
2024622400094,2024,622400094,1,9,0,18,19,2,7,0,0,0,0,0,0,0,1,1,6,6,1,80,11,1984,1,2,AUDI A4,10,W01001082,0,2
2024052400650,2024,052400650,2,9,0,2,2,0,0,0,0,0,0,0,0,0,3,1,6,6,1,32,6,1968,2,13,AUDI A4,1,E01007270,0,1
2024440229894,2024,440229894,1,9,0,18,19,8,4,0,0,8,0,0,0,0,1,1,6,6,2,61,9,1395,1,8,AUDI A4,7,E01030943,0,4
2024552500036,2024,552500036,2,9,0,3,3,8,4,0,0,4,0,0,0,0,2,1,6,6,1,48,8,1968,2,11,AUDI A4,3,E01020564,0,3
2024531485651,2024,531485651,1,9,0,-1,9,7,5,-1,0,8,0,0,0,0,4,1,-1,9,1,21,5,1781,1,20,AUDI A4,5,E01022266,0,2
2024131402673,2024,131402673,1,9,0,-1,19,5,1,-1,0,2,0,0,0,0,1,1,-1,2,1,28,6,1968,2,3,AUDI A4,9,E01011118,0,2
2024451497474,2024,451497474,1,9,0,-1,19,7,3,-1,0,0,0,0,0,0,2,1,-1,2,1,20,4,1968,2,15,AUDI A4,4,E01024586,0,4
2024141413254,2024,141413254,1,9,0,-1,19,6,2,-1,0,8,0,0,0,0,1,1,-1,2,1,25,5,1968,2,9,AUDI A4,7,E01007658,0,4
2024451524553,2024,451524553,1,9,0,-1,19,5,1,-1,0,0,0,0,4,0,1,1,-1,2,1,41,7,1984,1,10,AUDI A4,8,E01030704,0,3
2024131514594,2024,131514594,2,9,0,-1,2,0,0,-1,0,8,0,0,0,0,2,1,-1,6,-1,-1,-1,1968,2,8,AUDI A4,-1,-1,0,-1
2024010501428,2024,010501428,2,9,0,18,19,7,3,0,0,0,0,0,0,0,1,1,6,6,1,28,6,1984,1,5,AUDI A4,2,E01000433,0,2
2024361400617,2024,361400617,1,9,0,-1,11,-1,-1,-1,0,3,0,0,0,0,4,9,-1,6,1,-1,-1,1986,2,19,AUDI A4,2,E01033112,0,4
2024531470555,2024,531470555,1,9,0,-1,9,3,7,-1,0,0,1,0,0,0,1,1,-1,6,1,21,5,1968,2,14,AUDI A4,7,E01022179,0,3
2024471405440,2024,471405440,2,9,0,-1,19,5,1,-1,0,1,0,0,0,0,0,9,-1,6,3,-1,-1,1984,1,18,AUDI A4,-1,-1,0,-1
2024351424378,2024,351424378,3,9,-1,-1,-1,-1,-1,-1,-1,0,-1,-1,-1,0,-1,9,-1,6,1,31,6,1968,2,10,AUDI A4,2,E01015592,0,1
2024340WN7172,2024,340WN7172,1,9,0,-1,4,5,1,-1,0,0,0,0,0,0,1,1,-1,9,1,36,7,1968,2,14,AUDI A4,1,E01027231,0,1
2024991534714,2024,991534714,2,9,0,-1,19,5,1,-1,0,1,1,0,0,0,4,1,-1,9,1,55,8,1968,2,9,AUDI A4,1,-1,0,1