collision_index,collision_year,collision_ref_no,vehicle_reference,vehicle_type,towing_and_articulation,vehicle_manoeuvre_historic,vehicle_manoeuvre,vehicle_direction_from,vehicle_direction_to,vehicle_location_restricted_lane_historic,vehicle_location_restricted_lane,junction_location,skidding_and_overturning,hit_object_in_carriageway,vehicle_leaving_carriageway,hit_object_off_carriageway,first_point_of_impact,vehicle_left_hand_drive,journey_purpose_of_driver_historic,journey_purpose_of_driver,sex_of_driver,age_of_driver,age_band_of_driver,engine_capacity_cc,propulsion_code,age_of_vehicle,generic_make_model,driver_imd_decile,lsoa_of_driver,escooter_flag,driver_distance_banding
2024010521576,2024,010521576,1,9,0,2,2,0,0,0,0,2,0,0,0,0,3,1,6,6,3,-1,-1,1984,1,1,AUDI A4,-1,-1,0,-1
2024302400792,2024,302400792,2,9,0,18,19,8,4,0,0,2,0,0,0,0,1,1,2,2,1,63,9,1968,2,3,AUDI A4,1,E01007916,0,3
2024201465081,2024,201465081,1,9,0,-1,19,6,2,-1,0,8,0,0,0,0,4,1,-1,6,1,26,6,1984,1,4,AUDI A4,4,E01009188,0,1
2024061494066,2024,061494066,1,9,0,-1,99,3,7,-1,99,0,9,99,0,0,4,1,-1,6,1,-1,-1,1968,2,5,AUDI A4,-1,-1,0,-1
202454B741324,2024,54B741324,2,9,0,18,19,4,8,0,0,0,0,0,0,0,2,1,6,6,1,35,6,1781,1,20,AUDI A4,2,E01015540,0,1
2024070154612,2024,070154612,1,9,0,18,19,8,4,0,0,0,0,0,0,0,1,1,6,6,2,26,6,1968,2,5,AUDI A4,7,E01018742,0,1
2024131515717,2024,131515717,2,9,0,-1,19,5,1,-1,0,0,0,0,0,0,4,1,-1,1,1,24,5,1984,1,0,AUDI A4,4,E01017073,0,5
2024302400779,2024,302400779,1,9,0,18,19,4,8,0,0,0,0,4,7,3,1,1,6,6,1,38,7,2393,1,20,AUDI A4,2,E01019699,0,1
2024061422080,2024,061422080,1,9,0,-1,19,7,3,-1,0,0,0,0,0,0,1,1,-1,6,3,-1,-1,2967,2,8,AUDI A4,-1,-1,0,-1
2024631527512,2024,631527512,1,9,0,-1,12,6,2,-1,0,0,1,6,1,11,1,1,-1,6,1,73,10,1986,2,17,AUDI A4,7,W01000497,0,1
2024070924370,2024,070924370,1,9,0,-1,7,6,7,-1,0,8,0,0,0,0,4,1,-1,2,1,28,6,1968,2,8,AUDI A4,6,W01000393,0,3
2024221452259,2024,221452259,1,9,0,-1,19,8,4,-1,0,0,2,0,1,10,1,1,-1,9,1,27,6,1968,2,13,AUDI A4,5,E01014018,0,2
2024471401844,2024,471401844,1,9,0,-1,19,1,5,-1,0,8,1,10,3,1,3,1,-1,9,2,35,6,2967,2,15,AUDI A4,3,E01021090,0,1
2024141398493,2024,141398493,1,9,0,-1,19,5,1,-1,0,1,0,0,0,0,1,1,-1,2,1,36,7,1986,2,16,AUDI A4,1,E01033277,0,1
2024010504161,2024,010504161,3,9,0,2,2,0,0,0,0,2,0,0,0,0,2,1,6,6,3,-1,-1,1395,1,6,AUDI A4,-1,-1,0,-1
2024311500804,2024,311500804,1,9,0,-1,9,5,3,-1,0,8,0,0,0,0,4,1,-1,6,1,31,6,1968,2,12,AUDI A4,10,E01025973,0,4
2024440522257,2024,440522257,2,9,0,5,5,4,8,9,9,6,0,0,0,0,4,1,6,6,1,34,6,1968,2,15,AUDI A4,8,E01022710,0,1
2024010545814,2024,010545814,1,9,0,99,99,9,9,0,0,1,0,0,1,0,1,1,6,6,3,-1,-1,1984,1,15,AUDI A4,-1,-1,0,-1
2024041514428,2024,041514428,1,9,0,-1,19,5,1,-1,0,0,1,0,5,6,4,1,-1,9,1,21,5,1968,2,14,AUDI A4,1,E01005353,0,4
2024201528769,2024,201528769,1,8,0,-1,19,8,3,-1,0,0,0,0,0,0,1,1,-1,6,1,36,7,1968,2,9,AUDI A4,2,E01009833,0,2
2024041514681,2024,041514681,2,9,0,-1,8,5,1,-1,0,0,0,0,0,0,2,1,-1,2,2,38,7,1798,1,16,AUDI A4,2,E01025480,0,1
2024010499206,2024,010499206,1,9,0,18,19,1,5,0,0,0,0,0,0,0,3,1,6,6,1,73,10,1984,1,3,AUDI A4,6,E01003072,0,1
2024411538176,2024,411538176,1,9,0,-1,19,5,1,-1,0,0,0,0,0,0,2,1,-1,6,2,41,7,1395,1,6,AUDI A4,8,E01017992,0,4
2024421439584,2024,421439584,1,9,0,-1,19,1,5,-1,0,2,0,0,0,0,1,1,-1,9,2,43,7,1986,2,17,AUDI A4,8,E01022059,0,3
2024440400112,2024,440400112,1,9,0,18,19,6,2,0,0,0,0,0,0,0,1,1,6,6,1,45,7,1968,2,11,AUDI A4,10,E01023035,0,1
2024111402792,2024,111402792,2,9,0,-1,19,2,6,-1,0,0,0,0,0,0,2,1,-1,7,1,39,7,1968,2,9,AUDI A4,2,E01020645,0,1
2024340NN1792,2024,340NN1792,1,9,0,-1,19,6,2,-1,0,1,0,7,0,0,1,1,-1,6,1,58,9,1984,1,14,AUDI A4,8,E01027076,0,1
2024411468636,2024,411468636,1,9,9,-1,99,-1,-1,-1,99,0,9,99,9,99,9,1,-1,9,1,69,10,1968,2,7,AUDI A4,10,E01023363,0,2
2024010532653,2024,010532653,2,9,0,9,9,8,6,0,0,8,0,0,0,0,1,1,6,6,1,43,7,1984,1,6,AUDI A4,3,E01001557,0,1
2024221487588,2024,221487588,2,9,0,-1,2,0,0,-1,-1,0,0,0,0,0,0,1,-1,6,1,49,8,1896,2,21,AUDI A4,4,W01001013,0,4
2024471437090,2024,471437090,1,9,0,-1,19,7,3,-1,0,1,0,0,0,0,2,1,-1,6,2,27,6,1395,1,7,AUDI A4,6,E01031408,0,1
2024221400036,2024,221400036,1,9,0,-1,19,4,7,-1,0,0,0,0,0,0,1,9,-1,6,3,28,6,1968,2,8,AUDI A4,3,E01014104,0,1
2024302401505,2024,302401505,1,9,0,18,19,1,5,0,0,0,0,0,0,0,1,1,6,6,1,32,6,1968,2,12,AUDI A4,6,E01007908,0,4
2024201441714,2024,201441714,2,9,0,-1,19,6,2,-1,0,8,0,0,0,0,1,1,-1,6,1,28,6,1395,1,6,AUDI A4,7,E01009793,0,1
2024201419810,2024,201419810,1,9,0,-1,13,5,1,-1,0,1,0,0,0,0,1,9,-1,6,1,32,6,2698,2,14,AUDI A4,8,E01031020,0,1
2024332400351,2024,332400351,1,9,0,-1,19,1,5,-1,0,6,0,0,0,0,1,1,-1,6,1,-1,-1,1968,2,10,AUDI A4,-1,-1,0,-1
2024371494752,2024,371494752,2,9,0,-1,19,7,3,-1,0,8,0,0,0,0,4,1,-1,9,1,32,6,1781,1,20,AUDI A4,9,E01034559,0,2
2024471478304,2024,471478304,1,9,0,-1,5,8,4,-1,0,8,0,0,0,0,1,1,-1,9,1,46,8,1968,2,8,AUDI A4,9,E01020939,0,1
2024231454103,2024,231454103,1,9,0,-1,-1,3,7,-1,-1,0,0,0,0,0,4,1,-1,-1,1,29,6,2967,2,9,AUDI A4,1,E01010030,0,4
202460Q083471,2024,60Q083471,1,9,0,5,5,3,7,0,0,0,0,0,0,0,1,1,6,6,1,35,6,1896,2,21,AUDI A4,-1,-1,0,-1
2024471462019,2024,471462019,2,9,0,-1,19,5,1,-1,0,2,0,0,0,0,3,1,-1,9,1,33,6,1984,1,1,AUDI A4,6,E01003327,0,4
2024201466385,2024,201466385,1,9,0,-1,9,1,4,-1,0,8,0,0,0,0,1,1,-1,6,2,29,6,1968,2,9,AUDI A4,7,E01009915,0,1
2024201455954,2024,201455954,1,9,0,-1,19,2,2,-1,0,2,0,0,0,0,4,9,-1,6,1,38,7,1968,2,8,AUDI A4,4,E01010377,0,2
2024351401748,2024,351401748,1,9,0,-1,19,1,5,-1,0,2,0,0,1,7,4,9,-1,6,2,43,7,1968,2,13,AUDI A4,7,E01018064,0,1
2024231517779,2024,231517779,1,9,0,-1,19,2,6,-1,0,8,1,0,7,2,1,1,-1,9,1,35,6,1968,2,14,AUDI A4,10,E01031134,0,1
2024010549797,2024,010549797,1,9,0,99,99,9,9,99,99,9,9,99,9,99,9,9,6,6,3,25,5,1984,1,2,AUDI A4,9,E01001305,0,1
2024311502993,2024,311502993,1,9,0,-1,19,2,5,-1,0,0,0,0,0,0,1,1,-1,6,1,44,7,1968,2,14,AUDI A4,2,E01013905,0,1
2024371441107,2024,371441107,1,9,0,-1,1,4,3,-1,0,1,0,0,0,0,2,1,-1,9,1,34,6,1968,2,13,AUDI A4,8,E01034566,0,1
2024010549288,2024,010549288,2,9,0,18,19,3,7,0,0,1,0,0,0,0,1,1,6,6,2,25,5,1395,1,6,AUDI A4,5,E01002632,0,1
2024061428497,2024,061428497,1,9,0,-1,19,5,5,-1,0,1,0,0,0,0,4,1,-1,6,1,37,7,1986,2,16,AUDI A4,-1,-1,0,-1
2024221439775,2024,221439775,1,9,0,-1,19,6,2,-1,0,0,0,0,0,0,1,9,-1,6,1,22,5,1984,1,19,AUDI A4,7,E01035320,0,5
2024131406180,2024,131406180,1,9,0,-1,-1,-1,-1,-1,-1,0,-1,-1,-1,0,-1,1,-1,6,3,-1,-1,1968,2,12,AUDI A4,-1,-1,0,-1
2024161533050,2024,161533050,2,9,0,-1,19,5,1,-1,0,2,0,0,0,0,1,1,-1,9,1,25,5,1968,2,13,AUDI A4,1,E01013312,0,1
2024991499299,2024,991499299,1,9,0,-1,13,3,7,-1,0,0,0,0,0,0,4,1,-1,6,1,32,6,2967,2,10,AUDI A4,5,-1,0,4
2024471456377,2024,471456377,2,9,0,-1,19,2,6,-1,0,0,0,0,0,0,4,1,-1,9,1,56,9,1968,2,14,AUDI A4,3,E01026992,0,5
2024122500254,2024,122500254,1,9,0,17,19,3,7,0,0,0,0,0,0,0,3,1,1,1,1,50,8,1968,2,0,AUDI A4,7,E01027713,0,4
2024010535731,2024,010535731,2,9,0,6,6,3,3,0,0,1,0,0,0,0,3,1,6,6,1,58,9,1984,1,11,AUDI A4,-1,-1,0,-1
2024231454371,2024,231454371,2,9,0,-1,20,-1,-1,-1,0,0,0,0,0,0,2,9,-1,6,2,38,7,1984,1,3,AUDI A4,8,E01031306,0,1
2024421503834,2024,421503834,1,9,0,-1,5,6,2,-1,0,0,0,0,0,0,1,1,-1,6,1,32,6,1968,2,12,AUDI A4,9,E01021593,0,1
2024201422139,2024,201422139,1,9,0,-1,9,6,4,-1,0,5,0,0,0,0,2,1,-1,6,1,23,5,1798,1,14,AUDI A4,8,E01010520,0,1
2024010537830,2024,010537830,4,9,0,18,19,6,2,0,0,0,0,0,0,0,1,1,6,6,3,-1,-1,1984,1,15,AUDI A4,-1,-1,0,-1
2024421437358,2024,421437358,1,9,0,-1,19,2,6,-1,0,0,0,0,0,0,1,1,-1,9,1,80,11,1986,2,18,AUDI A4,10,E01022062,0,2
2024631405277,2024,631405277,1,9,0,-1,19,1,6,-1,0,1,0,0,1,4,1,1,-1,6,1,56,9,1395,1,8,AUDI A4,7,W01000488,0,2
2024302400937,2024,302400937,1,9,0,18,19,6,2,0,0,0,0,0,0,0,4,1,6,6,2,27,6,1968,2,11,AUDI A4,2,E01019505,0,1
2024141421419,2024,141421419,2,9,0,-1,5,4,8,-1,0,6,0,0,0,0,1,9,-1,6,3,-1,-1,1968,2,8,AUDI A4,-1,-1,0,-1
2024311429725,2024,311429725,2,9,0,-1,2,7,7,-1,0,0,0,0,0,0,1,1,-1,6,1,35,6,1968,2,15,AUDI A4,10,E01028097,0,2
2024440268700,2024,440268700,1,9,0,3,3,7,3,0,0,1,0,0,0,0,2,1,6,6,2,44,7,1968,2,9,AUDI A4,7,E01017329,0,1
2024041478657,2024,041478657,1,9,0,-1,19,5,1,-1,0,0,0,0,0,0,1,1,-1,6,2,34,6,1968,2,14,AUDI A4,1,E01012639,0,4
2024010513920,2024,010513920,2,9,0,2,2,0,0,6,6,0,0,0,0,0,2,1,6,6,3,-1,-1,1984,1,13,AUDI A4,-1,-1,0,-1
2024010549168,2024,010549168,1,9,0,99,99,9,9,99,99,9,9,99,9,99,1,9,6,6,2,32,6,1984,1,5,AUDI A4,3,E01033946,0,1
2024401411544,2024,401411544,1,9,0,-1,19,6,2,-1,0,8,0,0,3,0,1,1,-1,6,1,53,8,1986,2,18,AUDI A4,5,E01015748,0,1
2024101407748,2024,101407748,2,9,0,-1,9,1,5,-1,0,2,0,0,0,0,1,1,-1,9,1,62,9,1968,2,13,AUDI A4,1,E01008429,0,1
2024010534095,2024,010534095,1,9,0,18,19,3,7,0,0,4,0,0,0,0,1,1,6,6,1,22,5,1984,1,16,AUDI A4,4,E01016516,0,4
2024522401938,2024,522401938,1,9,0,9,9,5,3,0,0,6,0,0,0,0,1,1,6,6,2,57,9,1984,1,2,AUDI A4,-1,-1,0,-1
2024371531598,2024,371531598,1,9,0,-1,9,7,5,-1,0,8,0,0,0,0,1,1,-1,6,2,49,8,1968,2,7,AUDI A4,6,E01030186,0,2
2024461399023,2024,461399023,1,9,0,-1,6,3,7,-1,0,0,0,0,0,0,1,9,-1,6,1,54,8,1984,1,17,AUDI A4,3,E01024384,0,1
2024430134874,2024,430134874,1,9,0,18,19,4,8,0,0,1,0,0,0,0,1,1,6,6,1,23,5,1984,1,18,AUDI A4,9,E01028426,0,1
2024211467328,2024,211467328,1,9,0,-1,7,2,4,-1,0,8,0,0,0,0,3,1,-1,2,1,25,5,1986,2,17,AUDI A4,-1,-1,0,-1
2024991535720,2024,991535720,1,9,0,-1,19,3,7,-1,0,0,0,0,7,4,1,1,-1,6,1,36,7,1968,2,15,AUDI A4,5,-1,0,1
2024471412612,2024,471412612,2,9,0,-1,2,0,0,-1,0,0,0,0,0,0,4,1,-1,6,-1,-1,-1,1896,2,20,AUDI A4,-1,-1,0,-1
2024991492626,2024,991492626,1,9,0,-1,19,7,3,-1,0,1,0,0,0,0,1,1,-1,9,1,54,8,2967,2,6,AUDI A4,2,-1,0,4
2024010528742,2024,010528742,2,9,0,7,7,7,1,0,0,5,0,0,1,0,3,1,6,6,1,33,6,1395,1,6,AUDI A4,6,E01035451,0,5
2024131458202,2024,131458202,1,9,0,-1,11,1,5,-1,0,0,0,0,0,0,3,1,-1,9,1,28,6,1968,2,14,AUDI A4,10,E01017862,0,5
2024070985788,2024,070985788,1,9,0,-1,13,1,5,-1,0,0,1,0,5,6,2,1,-1,1,1,27,6,1968,2,6,AUDI A4,9,W01001826,0,5
2024010517674,2024,010517674,1,9,0,18,19,3,7,0,0,8,0,0,0,0,1,1,6,6,1,26,6,1984,1,11,AUDI A4,4,E01001167,0,1
2024332400049,2024,332400049,1,9,0,-1,19,7,3,-1,0,2,0,7,7,10,1,1,-1,2,1,43,7,1968,2,12,AUDI A4,2,E01025700,0,1
2024131484385,2024,131484385,2,9,0,-1,19,5,1,-1,0,0,1,0,7,0,4,2,-1,2,1,24,5,1968,2,11,AUDI A4,1,E01008743,0,5
2024131432929,2024,131432929,3,9,0,-1,19,3,7,-1,0,0,0,0,0,0,2,1,-1,7,1,42,7,1968,2,1,AUDI A4,2,E01011341,0,2
2024332400891,2024,332400891,1,9,0,-1,9,4,2,-1,0,5,0,10,8,0,4,1,-1,2,1,44,7,1968,2,9,AUDI A4,2,E01015654,0,4
2024471524693,2024,471524693,1,9,0,-1,7,7,1,-1,0,5,0,0,0,0,1,1,-1,6,1,44,7,1984,1,4,AUDI A4,2,E01016910,0,1
2024471434496,2024,471434496,1,9,0,-1,19,6,2,-1,0,8,0,0,0,0,1,1,-1,6,1,-1,-1,1984,1,17,AUDI A4,-1,-1,0,-1
2024302400374,2024,302400374,2,9,0,18,19,4,8,0,0,8,0,0,0,0,1,1,6,6,1,23,5,2698,2,15,AUDI A4,-1,-1,0,-1
2024440187985,2024,440187985,2,9,0,18,19,3,7,0,0,1,0,0,0,0,1,1,6,6,2,81,11,1986,2,16,AUDI A4,6,E01023179,0,1
2024411503781,2024,411503781,5,9,0,-1,19,2,6,-1,0,0,0,0,0,0,3,1,-1,6,1,-1,-1,1395,1,8,AUDI A4,9,E01033824,0,3
2024501455921,2024,501455921,1,9,0,-1,9,3,1,-1,0,8,0,0,0,0,1,1,-1,6,3,-1,-1,1968,2,13,AUDI A4,-1,-1,0,-1
2024451429329,2024,451429329,1,9,0,-1,19,4,5,-1,0,0,0,0,0,0,0,9,-1,9,1,28,6,1984,1,7,AUDI A4,5,E01023411,0,4
2024522401992,2024,522401992,2,9,0,18,19,6,2,0,0,1,0,0,0,0,1,1,6,6,3,-1,-1,1986,2,18,AUDI A4,-1,-1,0,-1
2024010510335,2024,010510335,1,9,0,18,19,1,5,0,0,0,0,0,0,0,4,1,6,6,1,67,10,1968,2,5,AUDI A4,5,E01002162,0,3
2024231437019,2024,231437019,1,9,0,-1,13,8,4,-1,0,1,0,0,0,0,1,9,-1,9,1,22,5,1968,2,15,AUDI A4,4,E01031005,0,2
2024440356866,2024,440356866,1,9,0,17,19,8,5,0,0,0,1,0,1,3,1,1,6,6,1,22,5,1986,2,18,AUDI A4,10,E01023180,0,2
2024221496272,2024,221496272,2,9,0,-1,13,6,1,-1,0,0,0,0,0,0,4,1,-1,6,2,19,4,1984,1,16,AUDI A4,7,E01028862,0,1
2024501416203,2024,501416203,2,9,-1,-1,19,1,5,-1,0,1,0,0,0,0,2,1,-1,9,2,38,7,1968,2,16,AUDI A4,5,E01020060,0,3
2024010548173,2024,010548173,2,9,0,99,99,9,9,99,99,9,9,99,9,99,9,9,6,6,3,-1,-1,1984,1,2,AUDI A4,-1,-1,0,-1
2024010502705,2024,010502705,4,9,0,18,19,2,6,0,0,0,0,0,0,0,1,1,6,6,3,-1,-1,1984,1,5,AUDI A4,-1,-1,0,-1
2024430311568,2024,430311568,1,9,0,18,19,5,1,0,0,1,0,10,1,1,1,2,6,6,1,26,6,1968,2,9,AUDI A4,6,E01028558,0,1
2024041441474,2024,041441474,2,9,0,-1,19,1,5,-1,0,0,0,0,0,0,4,1,-1,1,1,27,6,1968,2,11,AUDI A4,10,E01034764,0,1
2024111454157,2024,111454157,3,9,0,-1,9,5,3,-1,0,1,0,0,0,0,2,1,-1,6,1,33,6,2967,2,7,AUDI A4,9,E01027751,0,2
2024501431933,2024,501431933,1,9,0,-1,4,8,4,-1,0,0,0,0,0,0,2,1,-1,9,1,44,7,1968,2,16,AUDI A4,2,W01001697,0,5
2024332400955,2024,332400955,1,9,0,-1,13,5,1,-1,0,8,0,0,0,0,1,1,-1,6,1,43,7,1984,1,0,AUDI A4,6,E01025995,0,3
2024340WN2772,2024,340WN2772,3,9,0,-1,2,0,0,-1,0,2,0,0,0,0,2,1,-1,6,3,-1,-1,1984,1,5,AUDI A4,-1,-1,0,-1
2024340NN0732,2024,340NN0732,2,9,0,-1,2,0,0,-1,0,0,0,0,0,0,4,1,-1,6,1,37,7,1968,2,11,AUDI A4,10,E01027046,0,3
2024161472246,2024,161472246,2,9,0,-1,4,1,5,-1,0,1,0,0,0,0,1,1,-1,2,1,35,6,1395,1,7,AUDI A4,7,E01013014,0,2
2024010496357,2024,010496357,2,9,0,7,7,1,3,0,0,5,0,0,0,0,1,1,6,6,1,27,6,1984,1,5,AUDI A4,1,E01033879,0,2
2024061526389,2024,061526389,1,9,0,-1,99,-1,-1,-1,9,0,0,0,0,0,3,1,-1,6,1,34,6,1986,2,18,AUDI A4,5,E01005876,0,1
2024430169421,2024,430169421,1,9,0,16,19,1,5,0,0,8,0,0,0,0,1,1,6,6,1,45,7,1968,2,10,AUDI A4,-1,-1,0,-1
2024201431079,2024,201431079,2,9,0,-1,3,4,8,-1,0,0,0,0,0,0,2,1,-1,9,2,44,7,1968,2,12,AUDI A4,1,E01009951,0,2
2024131469875,2024,131469875,1,9,0,-1,19,7,3,-1,0,0,0,0,1,1,1,1,-1,6,2,28,6,1968,2,7,AUDI A4,1,E01011742,0,1
2024201460105,2024,201460105,1,9,0,-1,19,5,1,-1,0,2,0,0,0,0,1,1,-1,6,1,56,9,1968,2,13,AUDI A4,1,E01009016,0,2
2024451435767,2024,451435767,1,9,0,-1,19,5,1,-1,0,4,0,0,0,0,1,2,-1,9,2,44,7,1896,2,17,AUDI A4,8,E01030859,0,3
2024010550152,2024,010550152,3,9,0,2,2,0,0,0,0,0,0,4,0,0,2,1,6,6,3,-1,-1,1968,2,4,AUDI A4,-1,-1,0,-1
2024101462733,2024,101462733,2,9,0,-1,5,1,1,-1,0,0,0,0,0,0,2,1,-1,9,2,-1,-1,1984,1,8,AUDI A4,6,E01020220,0,5
2024401406740,2024,401406740,3,9,0,-1,2,0,0,-1,0,0,0,0,0,0,3,1,-1,6,-1,-1,-1,1968,2,11,AUDI A4,-1,-1,0,-1
2024471458403,2024,471458403,2,9,0,-1,5,1,3,-1,0,4,0,0,0,0,2,1,-1,9,1,46,8,2393,1,21,AUDI A4,6,E01035327,0,1
2024131398606,2024,131398606,2,9,0,-1,19,3,7,-1,0,0,0,0,0,0,3,1,-1,9,2,56,9,1968,2,11,AUDI A4,3,E01011784,0,1
2024061498134,2024,061498134,2,9,0,-1,4,7,3,-1,0,0,0,0,0,0,2,1,-1,2,1,49,8,1968,2,5,AUDI A4,2,E01006404,0,2
2024520401937,2024,520401937,2,9,0,14,14,2,6,0,0,0,0,0,0,0,4,1,6,6,1,30,6,1986,2,18,AUDI A4,5,E01029081,0,4
2024440454138,2024,440454138,1,9,0,5,5,7,3,0,0,1,0,0,0,0,1,1,2,2,1,44,7,1968,2,14,AUDI A4,5,E01022907,0,1
2024471411072,2024,471411072,2,9,0,-1,19,1,4,-1,0,0,1,0,0,0,2,1,-1,9,2,19,4,1968,2,14,AUDI A4,2,E01021137,0,3
2024201492900,2024,201492900,1,9,0,-1,19,7,3,-1,0,4,1,9,7,0,1,1,-1,6,3,-1,-1,2967,2,8,AUDI A4,-1,-1,0,-1
2024401457625,2024,401457625,1,9,0,-1,19,3,7,-1,0,0,0,0,0,0,1,1,-1,6,1,25,5,1968,2,9,AUDI A4,4,E01015769,0,2
2024201443094,2024,201443094,2,9,0,-1,19,3,7,-1,0,8,0,0,0,0,4,1,-1,6,2,55,8,1984,1,5,AUDI A4,10,E01010108,0,1
2024351498240,2024,351498240,1,9,0,-1,-1,-1,-1,-1,-1,0,-1,-1,-1,0,-1,9,-1,6,1,30,6,1968,2,16,AUDI A4,7,E01015683,0,4
2024141529925,2024,141529925,3,9,0,-1,19,3,7,-1,0,1,0,0,0,0,0,1,-1,1,1,57,9,2967,2,0,AUDI A4,1,E01007902,0,3
2024141541841,2024,141541841,2,9,0,-1,19,1,5,-1,0,0,0,0,0,0,1,9,-1,6,3,-1,-1,1986,2,17,AUDI A4,-1,-1,0,-1
2024141464416,2024,141464416,1,9,0,-1,7,6,1,-1,0,8,0,0,0,0,1,1,-1,6,1,27,6,1968,2,9,AUDI A4,8,E01011170,0,4
2024041475883,2024,041475883,3,9,0,-1,2,1,5,-1,0,1,0,0,0,0,1,1,-1,9,1,42,7,1968,2,7,AUDI A4,1,E01005070,0,4
2024471513435,2024,471513435,2,9,0,-1,19,3,7,-1,0,1,0,0,0,0,3,1,-1,9,1,58,9,1986,2,18,AUDI A4,6,E01031376,0,2
2024501434567,2024,501434567,1,9,0,-1,19,5,1,-1,0,0,5,0,2,0,1,1,-1,9,1,19,4,1968,2,17,AUDI A4,1,E01018878,0,4
2024991461452,2024,991461452,2,9,0,-1,4,6,2,-1,0,0,0,0,0,0,2,1,-1,9,2,44,7,1984,1,1,AUDI A4,4,-1,0,4
2024131452190,2024,131452190,1,9,0,-1,19,7,3,-1,0,0,0,0,0,0,1,1,-1,2,2,33,6,1986,2,18,AUDI A4,3,E01011940,0,2
2024991416002,2024,991416002,2,9,0,-1,19,1,6,-1,0,2,0,0,0,0,3,1,-1,6,1,40,7,1968,2,13,AUDI A4,1,-1,0,1
2024351503337,2024,351503337,4,9,0,-1,4,5,1,-1,0,0,0,0,0,0,2,1,-1,6,1,39,7,1968,2,7,AUDI A4,9,E01026955,0,4
2024010514782,2024,010514782,2,9,0,99,99,9,9,99,99,9,9,99,9,99,1,9,6,6,3,52,8,1395,1,6,AUDI A4,3,E01003088,0,1
2024543613924,2024,543613924,1,9,0,18,19,1,5,0,0,0,0,0,0,0,1,1,6,6,1,38,7,1968,2,12,AUDI A4,9,E01034543,0,4
2024320316710,2024,320316710,1,9,0,-1,-1,4,8,0,0,8,0,0,7,9,1,1,-1,-1,1,20,4,1968,2,15,AUDI A4,1,E01026010,0,2
2024522402016,2024,522402016,2,9,0,18,19,7,3,0,0,4,0,0,0,0,1,1,6,6,3,-1,-1,1798,1,10,AUDI A4,-1,-1,0,-1
2024010548194,2024,010548194,2,9,0,2,2,0,0,0,0,0,0,0,0,0,2,1,6,6,3,-1,-1,1798,1,12,AUDI A4,-1,-1,0,-1
2024071019765,2024,071019765,1,9,0,-1,9,7,3,-1,0,4,0,0,0,0,3,1,-1,2,2,51,8,1395,1,8,AUDI A4,9,E01018669,0,1
2024010496382,2024,010496382,1,9,0,13,13,5,1,0,0,2,0,7,0,0,4,1,6,6,1,23,5,1968,2,15,AUDI A4,-1,-1,0,-1
2024421405980,2024,421405980,2,9,0,-1,3,3,7,-1,0,0,0,0,0,0,1,1,-1,9,1,35,6,2698,2,16,AUDI A4,8,E01021566,0,3
2024041519095,2024,041519095,2,9,0,-1,19,7,3,-1,0,1,1,0,7,10,1,1,-1,6,-1,-1,-1,1968,2,9,AUDI A4,-1,-1,0,-1
2024061475779,2024,061475779,5,9,0,-1,6,8,8,-1,0,1,0,0,0,0,0,1,-1,1,1,29,6,2967,2,2,AUDI A4,2,E01005950,0,1
2024131429585,2024,131429585,1,9,0,-1,19,1,5,-1,0,1,0,0,0,0,1,1,-1,9,1,24,5,2496,2,19,AUDI A4,2,E01010942,0,1
2024010521692,2024,010521692,3,9,0,18,19,7,3,0,0,1,0,0,0,0,1,1,6,6,1,19,4,1595,1,18,AUDI A4,4,E01000805,0,1
2024471455554,2024,471455554,2,9,0,-1,19,6,2,-1,0,0,0,0,0,0,1,1,-1,1,1,44,7,1984,1,18,AUDI A4,2,E01016906,0,4
2024622400584,2024,622400584,1,9,0,14,14,4,8,0,0,0,0,4,0,0,1,1,6,6,1,27,6,1968,2,7,AUDI A4,3,W01001946,0,2
2024520402054,2024,520402054,2,9,0,18,19,8,5,0,0,2,0,0,0,0,2,1,6,6,1,28,6,1896,2,21,AUDI A4,3,E01029341,0,2
2024131445749,2024,131445749,2,9,0,-1,19,6,2,-1,0,8,0,0,0,0,1,1,-1,6,2,32,6,1968,2,7,AUDI A4,7,E01011299,0,1
2024451441544,2024,451441544,3,9,0,-1,19,2,6,-1,0,0,0,0,0,0,3,2,-1,9,2,61,9,1968,2,8,AUDI A4,8,E01030298,0,1
2024421467163,2024,421467163,1,9,0,-1,9,7,5,-1,0,3,0,0,0,0,4,1,-1,6,1,32,6,1968,2,9,AUDI A4,-1,-1,0,-1
2024141497451,2024,141497451,1,9,0,-1,13,6,2,-1,0,1,5,0,7,0,1,1,-1,6,1,18,4,1781,1,18,AUDI A4,1,E01007668,0,1
2024471495049,2024,471495049,3,9,0,-1,2,0,0,-1,0,1,0,0,0,0,2,9,-1,6,-1,-1,-1,1986,2,16,AUDI A4,-1,-1,0,-1
2024141420005,2024,141420005,2,9,0,-1,9,7,4,-1,0,1,0,0,0,0,0,1,-1,1,1,37,7,2967,2,3,AUDI A4,4,E01007607,0,4
2024041498150,2024,041498150,2,9,0,-1,19,1,5,-1,0,8,0,0,0,0,2,1,-1,9,1,41,7,1968,2,6,AUDI A4,1,E01006599,0,3
2024501531506,2024,501531506,1,9,0,-1,19,3,7,-1,0,1,0,0,0,0,1,1,-1,6,1,32,6,2976,1,22,AUDI A4,1,E01015047,0,1