collision_index,collision_year,collision_ref_no,vehicle_reference,vehicle_type,towing_and_articulation,vehicle_manoeuvre_historic,vehicle_manoeuvre,vehicle_direction_from,vehicle_direction_to,vehicle_location_restricted_lane_historic,vehicle_location_restricted_lane,junction_location,skidding_and_overturning,hit_object_in_carriageway,vehicle_leaving_carriageway,hit_object_off_carriageway,first_point_of_impact,vehicle_left_hand_drive,journey_purpose_of_driver_historic,journey_purpose_of_driver,sex_of_driver,age_of_driver,age_band_of_driver,engine_capacity_cc,propulsion_code,age_of_vehicle,generic_make_model,driver_imd_decile,lsoa_of_driver,escooter_flag,driver_distance_banding
2024451488276,2024,451488276,1,9,0,-1,19,1,7,-1,0,4,0,0,1,1,1,1,-1,6,1,22,5,1968,2,15,AUDI A4,8,E01000540,0,4
2024201512495,2024,201512495,2,9,0,-1,19,7,3,-1,0,0,0,0,0,0,4,1,-1,2,2,55,8,1968,2,4,AUDI A4,8,E01010119,0,1
2024122400254,2024,122400254,2,9,0,9,9,3,7,0,0,8,0,0,0,0,3,1,6,6,1,32,6,1968,2,14,AUDI A4,3,E01027810,0,1
2024010518324,2024,010518324,1,9,0,7,7,5,6,0,0,8,0,0,0,0,1,1,6,6,3,-1,-1,1781,1,21,AUDI A4,-1,-1,0,-1
2024520402784,2024,520402784,2,9,0,5,5,2,4,0,0,4,0,0,0,0,1,1,6,6,1,57,9,1896,2,21,AUDI A4,4,E01029029,0,1
2024101462400,2024,101462400,1,9,0,-1,19,8,4,-1,0,0,5,0,8,0,1,1,-1,9,1,25,5,1968,2,18,AUDI A4,2,E01027493,0,4
2024161424554,2024,161424554,2,9,0,-1,19,1,3,-1,0,4,0,0,0,0,3,9,-1,6,3,-1,-1,1986,2,18,AUDI A4,-1,-1,0,-1
2024041532008,2024,041532008,2,9,0,-1,2,7,3,-1,0,0,0,0,0,0,4,1,-1,6,-1,-1,-1,1968,2,14,AUDI A4,-1,-1,0,-1
2024201475625,2024,201475625,1,9,0,-1,13,6,2,-1,0,8,0,10,7,11,1,9,-1,6,3,30,6,1984,1,4,AUDI A4,6,E01009318,0,1
2024631469885,2024,631469885,3,9,0,-1,3,2,6,-1,0,8,0,0,0,0,4,1,-1,9,1,25,5,1395,1,8,AUDI A4,6,W01000643,0,3
2024010504205,2024,010504205,1,9,0,18,19,3,7,0,0,5,0,0,0,0,1,2,6,6,1,55,8,1984,1,7,AUDI A4,7,E01002013,0,1
2024231397659,2024,231397659,1,9,0,-1,19,6,2,-1,0,0,0,0,1,7,1,1,-1,2,1,26,6,1968,2,2,AUDI A4,6,E01001870,0,5
2024451413997,2024,451413997,1,9,0,-1,19,1,5,-1,0,1,0,0,0,0,1,1,-1,6,1,20,4,1984,1,6,AUDI A4,6,E01030610,0,2
2024552401258,2024,552401258,1,9,0,18,19,1,5,0,0,4,0,0,0,0,1,1,6,6,2,43,7,1984,1,13,AUDI A4,7,E01015407,0,1
2024401445519,2024,401445519,1,9,0,-1,19,5,1,-1,0,8,0,0,0,0,1,1,-1,9,1,23,5,1968,2,15,AUDI A4,6,E01017571,0,2
2024201508968,2024,201508968,1,9,0,-1,9,6,1,-1,0,8,0,0,0,0,1,1,-1,6,1,23,5,1968,2,7,AUDI A4,1,E01009367,0,1
202454A061224,2024,54A061224,1,9,0,18,19,7,3,0,0,0,0,0,1,0,0,1,6,6,1,63,9,1968,2,10,AUDI A4,9,E01030885,0,4
2024010501331,2024,010501331,1,9,0,18,19,7,3,0,0,6,0,0,0,0,1,1,6,6,1,51,8,1984,1,4,AUDI A4,8,E01001994,0,1
2024041469928,2024,041469928,1,9,0,-1,19,3,7,-1,0,0,1,0,1,7,4,1,-1,2,1,48,8,1968,2,7,AUDI A4,1,E01034339,0,2
2024340WN0062,2024,340WN0062,2,9,0,-1,19,6,2,-1,0,0,0,0,0,0,1,1,-1,2,1,41,7,1968,2,15,AUDI A4,10,E01035428,0,1
2024552401464,2024,552401464,1,9,0,9,9,3,1,0,0,6,0,0,0,0,1,1,2,2,1,27,6,1968,2,15,AUDI A4,4,E01020438,0,4
2024131456703,2024,131456703,1,9,0,-1,19,1,5,-1,0,8,0,0,0,0,1,1,-1,6,1,38,7,1968,2,13,AUDI A4,2,E01011104,0,1
2024451441912,2024,451441912,2,9,0,-1,19,5,2,-1,0,0,0,0,0,0,3,1,-1,9,1,60,9,1986,2,15,AUDI A4,2,E01013129,0,5
2024332400261,2024,332400261,2,9,0,-1,5,5,1,-1,9,6,0,0,0,0,1,1,-1,6,1,-1,-1,1968,2,8,AUDI A4,-1,-1,0,-1
2024201475365,2024,201475365,1,9,0,-1,10,4,2,-1,0,1,0,0,0,0,3,1,-1,8,2,34,6,2967,2,1,AUDI A4,-1,-1,0,-1
2024332400399,2024,332400399,3,9,0,-1,19,5,1,-1,0,1,0,0,0,0,1,1,-1,9,2,56,9,1968,2,10,AUDI A4,8,E01025777,0,1
2024471413010,2024,471413010,2,9,0,-1,10,5,2,-1,0,1,0,0,0,0,2,1,-1,2,1,40,7,1968,2,16,AUDI A4,8,E01031698,0,3
2024610053524,2024,610053524,1,9,0,2,2,6,2,0,0,0,0,0,0,0,2,1,6,6,1,51,8,1984,1,17,AUDI A4,2,W01001498,0,2
2024010542716,2024,010542716,1,9,0,9,9,3,1,0,0,6,0,0,0,0,1,1,6,6,1,28,6,2967,2,9,AUDI A4,3,E01000007,0,1
2024430349865,2024,430349865,1,9,0,18,19,4,8,0,0,0,1,0,1,0,1,1,6,6,2,35,6,1968,2,15,AUDI A4,2,E01015787,0,3
2024311403662,2024,311403662,2,9,0,-1,3,7,3,-1,0,0,0,0,0,0,2,1,-1,2,1,34,6,1395,1,6,AUDI A4,7,E01019429,0,3
2024141439100,2024,141439100,1,9,0,-1,7,5,7,-1,0,2,0,0,0,0,3,9,-1,6,2,26,6,1968,2,14,AUDI A4,2,E01007654,0,1
2024332400720,2024,332400720,2,9,0,-1,19,8,4,-1,0,0,0,0,0,0,1,1,-1,6,3,-1,-1,1968,2,12,AUDI A4,-1,-1,0,-1
2024302401311,2024,302401311,2,9,0,18,19,2,6,0,0,1,0,0,0,0,2,1,6,6,1,56,9,1968,2,9,AUDI A4,4,E01019501,0,1
2024201454597,2024,201454597,2,9,0,-1,3,8,4,-1,0,0,0,0,0,0,2,1,-1,6,2,42,7,1968,2,16,AUDI A4,2,E01008897,0,1
2024010538864,2024,010538864,1,9,0,18,19,3,7,0,0,5,0,0,0,0,1,1,6,6,1,81,11,1984,1,18,AUDI A4,10,E01023948,0,3
2024061483614,2024,061483614,2,9,0,-1,3,5,1,-1,0,1,0,0,0,0,0,1,-1,1,1,32,6,2967,2,2,AUDI A4,-1,-1,0,-1
2024471468246,2024,471468246,1,9,0,-1,20,1,5,-1,0,0,0,0,0,0,1,1,-1,7,2,28,6,1968,2,15,AUDI A4,4,E01021045,0,1
2024141424672,2024,141424672,3,9,0,-1,19,1,5,-1,0,1,0,0,0,0,1,1,-1,9,1,31,6,1968,2,14,AUDI A4,3,E01007963,0,1
2024052401754,2024,052401754,2,9,0,18,19,3,7,0,0,3,0,0,0,0,4,1,6,6,1,43,7,1984,1,5,AUDI A4,2,E01006788,0,1
2024610054424,2024,610054424,1,9,0,18,19,2,6,0,0,0,0,0,0,0,1,1,6,6,1,34,6,1968,2,6,AUDI A4,2,W01000836,0,4
2024131478207,2024,131478207,3,9,0,-1,2,0,0,-1,-1,0,0,0,0,0,2,1,-1,9,2,62,9,1968,2,9,AUDI A4,6,E01027636,0,4
2024610007324,2024,610007324,2,9,0,18,19,7,3,0,0,0,0,0,0,0,1,1,6,6,2,34,6,1968,2,4,AUDI A4,3,W01001460,0,3
2024010525936,2024,010525936,2,9,0,3,3,3,7,0,0,0,0,0,0,0,2,1,6,6,1,29,6,1984,1,16,AUDI A4,3,E01034393,0,1
2024522402209,2024,522402209,3,9,0,18,19,5,1,0,0,8,0,0,0,0,1,1,6,6,1,23,5,1984,1,5,AUDI A4,7,E01014805,0,1
2024010513922,2024,010513922,3,9,0,18,19,5,1,0,0,0,0,0,0,0,1,1,6,6,3,-1,-1,1984,1,4,AUDI A4,-1,-1,0,-1
2024622400463,2024,622400463,1,9,0,5,5,6,2,0,0,1,0,0,0,0,1,1,6,6,1,64,9,1968,2,13,AUDI A4,1,W01001266,0,1
2024231506454,2024,231506454,2,9,0,-1,19,4,8,-1,0,8,0,0,0,0,2,9,-1,2,2,47,8,1968,2,11,AUDI A4,9,E01031220,0,4
2024461453698,2024,461453698,1,9,0,-1,19,7,3,-1,0,5,1,0,0,0,1,9,-1,6,1,-1,-1,1986,2,18,AUDI A4,-1,-1,0,-1
2024320121456,2024,320121456,1,9,0,9,9,8,4,0,0,6,0,0,0,0,1,1,-1,-1,2,36,7,1968,2,12,AUDI A4,5,E01026276,0,1
2024201451388,2024,201451388,3,9,0,-1,19,8,4,-1,0,0,0,0,0,0,3,1,-1,6,1,22,5,1798,1,14,AUDI A4,3,E01009256,0,2
2024991523272,2024,991523272,2,9,0,-1,9,6,4,-1,0,5,0,0,1,10,3,1,-1,6,2,41,7,1968,2,7,AUDI A4,-1,-1,0,-1
2024622400632,2024,622400632,2,9,0,3,3,7,4,0,0,1,0,0,0,0,2,1,6,6,1,72,10,2967,2,11,AUDI A4,10,W01001730,0,1
2024451475563,2024,451475563,1,9,0,-1,19,3,7,-1,0,0,0,0,0,0,1,1,-1,9,1,58,9,1968,2,9,AUDI A4,3,E01000088,0,4
2024052400180,2024,052400180,1,9,0,17,19,8,4,0,0,0,0,0,0,0,3,1,6,6,1,46,8,1968,2,11,AUDI A4,2,E01006956,0,2
2024421405043,2024,421405043,1,9,0,-1,11,7,3,-1,0,0,0,0,0,0,1,1,-1,9,1,51,8,2698,2,15,AUDI A4,6,E01003713,0,3
2024471499717,2024,471499717,1,9,0,-1,9,5,3,-1,0,5,0,0,0,0,3,1,-1,2,2,46,8,1395,1,8,AUDI A4,9,E01017003,0,1
2024451414812,2024,451414812,3,9,0,-1,19,1,5,-1,0,0,0,0,0,0,1,1,-1,2,1,61,9,1781,1,17,AUDI A4,8,E01030478,0,1
2024461462475,2024,461462475,1,9,0,-1,19,7,3,-1,0,0,1,0,0,0,1,9,-1,6,1,-1,-1,1984,1,7,AUDI A4,5,E01016149,0,3
2024101465747,2024,101465747,1,9,0,-1,19,1,5,-1,0,0,1,0,0,0,1,1,-1,6,1,-1,-1,1968,2,15,AUDI A4,1,E01008867,0,1
2024201421462,2024,201421462,2,9,0,-1,19,5,1,-1,0,1,0,0,0,0,1,1,-1,6,1,74,10,1986,2,18,AUDI A4,8,E01029633,0,2
2024461451047,2024,461451047,1,9,0,-1,9,8,4,-1,0,6,0,0,0,0,3,1,-1,1,2,38,7,1968,2,12,AUDI A4,1,E01024682,0,1
2024010494535,2024,010494535,1,9,0,18,19,1,5,0,0,0,0,0,0,0,1,1,6,6,2,74,10,1984,1,19,AUDI A4,3,E01034614,0,1
2024471453469,2024,471453469,2,9,0,-1,5,2,8,-1,0,6,0,0,0,0,3,2,-1,6,1,40,7,2967,2,18,AUDI A4,10,E01031675,0,3
2024061484146,2024,061484146,1,9,0,-1,19,6,2,-1,0,1,0,0,0,0,1,1,-1,6,3,-1,-1,1968,2,12,AUDI A4,-1,-1,0,-1
2024010543096,2024,010543096,1,9,0,9,9,6,5,0,0,8,0,0,0,0,1,1,6,6,1,25,5,1968,2,8,AUDI A4,6,E01027902,0,5
2024991395704,2024,991395704,3,9,0,-1,3,4,8,-1,0,1,0,0,0,0,3,9,-1,9,1,26,6,1984,1,16,AUDI A4,3,-1,0,1
2024010497277,2024,010497277,2,9,0,9,9,3,8,0,0,3,0,0,0,0,1,1,6,6,1,36,7,1781,1,18,AUDI A4,4,E01021669,0,4
2024010530142,2024,010530142,1,9,9,99,99,9,9,0,0,9,9,0,0,0,4,9,2,2,2,47,8,1968,2,7,AUDI A4,6,E01001525,0,1
2024010502979,2024,010502979,1,9,0,10,10,1,6,0,0,1,0,0,0,0,1,1,6,6,3,-1,-1,1781,1,17,AUDI A4,-1,-1,0,-1
2024141405272,2024,141405272,2,9,0,-1,12,5,5,-1,0,0,0,0,0,0,4,2,-1,6,-1,-1,-1,1968,2,9,AUDI A4,-1,-1,0,-1
2024622400619,2024,622400619,1,9,0,5,5,8,4,0,0,0,0,0,0,0,0,1,1,1,1,58,9,1968,2,10,AUDI A4,3,W01001870,0,1
2024141428303,2024,141428303,1,9,0,-1,19,4,8,-1,0,0,0,0,0,0,1,1,-1,1,2,50,8,2967,2,2,AUDI A4,1,E01007902,0,2
2024440381314,2024,440381314,3,9,0,4,4,1,5,0,0,8,0,0,0,0,2,1,6,6,3,-1,-1,1968,2,13,AUDI A4,-1,-1,0,-1
2024371406341,2024,371406341,1,9,0,-1,9,6,2,-1,0,1,0,0,0,0,1,1,-1,6,1,40,7,3123,1,17,AUDI A4,4,E01001463,0,4
2024141430181,2024,141430181,1,9,0,-1,19,8,4,-1,0,2,0,0,0,0,1,1,-1,9,1,54,8,1968,2,4,AUDI A4,7,E01007712,0,1
2024552400197,2024,552400197,2,9,0,1,1,6,2,0,0,0,0,0,0,0,0,1,6,6,1,37,7,1968,2,15,AUDI A4,7,E01015324,0,2
2024501403345,2024,501403345,1,9,0,-1,9,8,4,-1,0,0,0,0,0,0,1,1,-1,9,1,19,4,1986,2,18,AUDI A4,6,E01034635,0,1
202417M300724,2024,17M300724,4,9,0,3,3,3,7,0,0,0,0,0,0,0,2,1,2,2,2,39,7,1395,1,7,AUDI A4,10,E01012301,0,2
2024411526047,2024,411526047,2,9,0,-1,3,2,4,-1,0,0,0,0,0,0,2,1,-1,6,2,34,6,1395,1,7,AUDI A4,7,E01023961,0,1
2024052400752,2024,052400752,3,9,0,10,10,3,1,0,0,1,0,0,0,0,0,1,6,6,2,44,7,1968,2,4,AUDI A4,3,E01033758,0,2
2024361463901,2024,361463901,2,9,0,-1,3,-1,-1,-1,0,0,0,0,0,0,2,1,-1,9,2,62,9,1781,1,20,AUDI A4,6,E01026484,0,4
2024161468065,2024,161468065,1,9,0,-1,19,8,4,-1,0,0,0,0,7,0,1,1,-1,2,1,58,9,1984,1,4,AUDI A4,9,E01012954,0,2
2024010528666,2024,010528666,1,9,0,18,19,7,3,0,0,6,0,0,0,0,1,1,6,6,1,27,6,2967,2,9,AUDI A4,3,E01000007,0,1
2024010518994,2024,010518994,1,9,0,2,2,0,0,0,0,2,0,0,0,0,1,1,6,6,3,-1,-1,1968,2,7,AUDI A4,-1,-1,0,-1
2024440557950,2024,440557950,1,9,0,18,19,3,7,0,0,0,0,0,1,0,1,1,6,6,1,20,4,1968,2,14,AUDI A4,9,E01022773,0,3
2024201467538,2024,201467538,1,9,0,-1,19,5,1,-1,0,4,0,0,0,0,1,9,-1,6,1,39,7,1968,2,13,AUDI A4,-1,-1,0,-1
2024421479840,2024,421479840,1,9,0,-1,19,4,1,-1,0,0,0,4,1,0,4,1,-1,9,1,35,6,1984,1,0,AUDI A4,6,E01021879,0,3
2024401405484,2024,401405484,3,9,0,-1,4,7,3,-1,0,0,0,0,1,0,2,1,-1,6,2,50,8,1395,1,6,AUDI A4,8,E01034416,0,1
2024111412563,2024,111412563,2,9,0,-1,19,7,3,-1,0,0,0,0,0,0,1,1,-1,6,2,45,7,1968,2,11,AUDI A4,7,E01020853,0,1
2024111531224,2024,111531224,1,9,0,-1,19,2,6,-1,0,0,0,0,0,0,1,1,-1,6,1,36,7,1968,2,9,AUDI A4,4,E01035194,0,3
2024471399573,2024,471399573,3,9,0,-1,4,2,6,-1,0,0,0,0,0,0,2,1,-1,9,2,38,7,1896,2,19,AUDI A4,3,E01031430,0,1
2024061438771,2024,061438771,1,9,0,-1,19,4,8,-1,9,2,0,0,7,3,1,1,-1,6,1,24,5,1968,2,10,AUDI A4,6,E01028555,0,5
2024451493852,2024,451493852,1,9,0,-1,3,3,7,-1,0,0,0,0,0,0,2,1,-1,9,1,41,7,1968,2,10,AUDI A4,7,E01030943,0,3
2024010533787,2024,010533787,1,9,0,99,99,9,9,99,99,9,9,99,9,99,9,9,6,6,1,23,5,1395,1,6,AUDI A4,7,E01003752,0,2
2024340WN1842,2024,340WN1842,1,9,0,-1,5,7,3,-1,0,4,0,0,0,0,3,1,-1,6,1,43,7,1968,2,16,AUDI A4,5,E01027247,0,1
2024061521349,2024,061521349,1,9,0,-1,19,3,7,-1,0,0,1,4,0,0,1,1,-1,6,-1,-1,-1,1896,2,17,AUDI A4,-1,-1,0,-1
2024340WN4602,2024,340WN4602,1,9,0,-1,19,7,1,-1,0,0,0,0,1,0,1,1,-1,6,1,46,8,1984,1,15,AUDI A4,10,E01027272,0,2
2024552500091,2024,552500091,2,9,0,18,19,6,2,0,0,8,0,0,0,0,4,1,6,6,1,51,8,1984,1,18,AUDI A4,10,E01015396,0,1
2024131424023,2024,131424023,1,9,0,-1,19,7,3,-1,0,1,0,0,0,0,1,1,-1,6,1,34,6,1896,2,20,AUDI A4,3,E01010762,0,1
202417S103024,2024,17S103024,1,9,0,4,4,5,1,0,0,1,0,0,0,0,2,1,6,6,1,24,5,1984,1,2,AUDI A4,3,E01012197,0,2
2024141486026,2024,141486026,2,9,0,-1,19,4,8,-1,0,0,0,0,0,0,1,1,-1,1,1,36,7,2967,2,3,AUDI A4,1,E01007902,0,3
2024010507020,2024,010507020,2,9,0,4,4,5,1,0,0,1,0,0,0,0,2,1,2,2,2,42,7,1984,1,3,AUDI A4,1,E01004042,0,1
2024221501904,2024,221501904,1,9,0,-1,19,6,1,-1,0,8,5,10,1,0,1,1,-1,9,1,29,6,1984,1,5,AUDI A4,9,E01032125,0,1
2024010545667,2024,010545667,2,9,0,99,99,9,9,99,99,9,9,99,9,99,2,9,6,6,3,-1,-1,1984,1,16,AUDI A4,2,E01016024,0,4
2024320621596,2024,320621596,1,9,0,-1,-1,7,3,0,0,0,0,0,7,9,1,1,6,6,1,23,5,1968,2,15,AUDI A4,1,E01026112,0,2
2024010512171,2024,010512171,1,9,0,18,19,5,1,0,0,8,0,0,0,0,1,1,6,6,1,25,5,1395,1,6,AUDI A4,5,E01003547,0,1
2024231512899,2024,231512899,1,9,0,-1,19,1,4,-1,0,4,1,10,0,0,1,1,-1,6,1,53,8,1986,2,17,AUDI A4,8,E01031023,0,1
2024131530271,2024,131530271,2,9,0,-1,19,1,5,-1,0,1,0,0,0,0,3,1,-1,9,1,26,6,1968,2,12,AUDI A4,1,E01011866,0,2
2024461441902,2024,461441902,1,9,0,-1,7,4,1,-1,0,1,0,0,0,0,1,1,-1,6,2,47,8,1968,2,5,AUDI A4,5,E01035299,0,1
2024010533177,2024,010533177,1,9,0,99,99,9,9,99,99,9,9,99,9,99,9,9,6,6,1,21,5,1395,1,6,AUDI A4,9,E01004277,0,1
2024061424686,2024,061424686,1,9,0,-1,19,3,7,-1,0,8,0,0,0,0,1,1,-1,6,1,32,6,1986,2,18,AUDI A4,3,E01005870,0,1
2024461518051,2024,461518051,2,9,0,-1,4,2,6,-1,0,0,0,0,0,0,2,9,-1,6,1,54,8,1968,2,11,AUDI A4,4,E01024494,0,2
2024201512640,2024,201512640,1,9,0,-1,19,8,4,-1,0,8,0,0,0,0,1,9,-1,9,1,-1,-1,1968,2,12,AUDI A4,5,E01009615,0,1
2024371514675,2024,371514675,1,9,0,-1,19,7,3,-1,0,1,0,0,0,0,1,1,-1,9,1,45,7,1781,1,22,AUDI A4,2,E01029969,0,1
2024340WN4652,2024,340WN4652,2,9,0,-1,9,7,5,-1,0,8,0,0,0,0,2,1,-1,9,1,32,6,1984,1,3,AUDI A4,2,E01001433,0,4
2024221496439,2024,221496439,1,9,0,-1,19,1,5,-1,0,0,1,0,1,4,1,1,-1,9,1,21,5,1395,1,7,AUDI A4,2,E01032239,0,2
2024522500259,2024,522500259,1,9,0,3,3,4,8,0,0,1,0,0,0,0,2,1,6,6,1,68,10,1986,2,16,AUDI A4,4,E01014746,0,4
2024430626547,2024,430626547,1,9,0,18,19,3,7,0,0,0,0,0,0,0,1,1,6,6,1,21,5,1984,1,0,AUDI A4,2,E01001332,0,2
2024211495471,2024,211495471,1,9,0,-1,19,1,1,-1,0,1,0,0,0,0,4,1,-1,2,1,44,7,2496,2,20,AUDI A4,3,E01029553,0,1
2024461515306,2024,461515306,1,9,0,-1,20,3,7,-1,0,0,0,0,0,0,1,9,-1,6,1,45,7,1395,1,8,AUDI A4,3,E01016044,0,1
2024201522450,2024,201522450,1,9,0,-1,2,0,0,-1,0,1,0,0,0,0,1,1,-1,6,1,28,6,1968,2,8,AUDI A4,-1,-1,0,-1
2024141420018,2024,141420018,1,9,0,-1,9,4,3,-1,0,5,0,0,0,0,3,1,-1,9,1,24,5,1968,2,14,AUDI A4,1,E01007883,0,2
2024421449210,2024,421449210,1,9,0,-1,1,5,1,-1,0,0,0,0,0,0,2,1,-1,6,3,-1,-1,1984,1,5,AUDI A4,-1,-1,0,-1
2024101405971,2024,101405971,2,9,0,-1,19,1,5,-1,0,0,5,0,0,0,4,1,-1,6,1,22,5,1968,2,12,AUDI A4,6,E01035635,0,1
2024430401380,2024,430401380,1,9,0,18,19,8,4,0,0,1,0,0,0,0,1,1,6,6,3,-1,-1,1968,2,9,AUDI A4,-1,-1,0,-1
2024221461954,2024,221461954,1,9,0,-1,19,6,2,-1,0,0,0,0,7,9,1,1,-1,6,1,26,6,1896,2,19,AUDI A4,1,E01009109,0,4
2024231418002,2024,231418002,1,9,0,-1,5,3,7,-1,0,4,0,0,0,0,3,1,-1,2,1,53,8,1968,2,8,AUDI A4,4,E01031170,0,2
2024141444339,2024,141444339,1,9,0,-1,19,3,7,-1,0,8,0,0,1,0,1,1,-1,9,1,17,4,1984,1,0,AUDI A4,3,E01008004,0,1
2024201438343,2024,201438343,1,8,0,-1,19,2,6,-1,0,0,0,0,0,0,4,1,-1,1,1,61,9,1968,2,9,AUDI A4,1,E01009412,0,1
2024421494874,2024,421494874,1,9,0,-1,19,5,1,-1,0,8,1,0,7,0,1,1,-1,6,1,73,10,1986,2,18,AUDI A4,3,E01021598,0,1
2024041513236,2024,041513236,2,9,0,-1,19,5,1,-1,0,0,0,0,0,0,3,1,-1,2,1,36,7,1968,2,5,AUDI A4,3,E01024879,0,1
2024991481558,2024,991481558,1,9,0,-1,19,1,5,-1,0,8,0,0,0,0,1,1,-1,2,2,40,7,1968,2,7,AUDI A4,8,-1,0,1
2024010515491,2024,010515491,1,9,0,18,19,3,7,0,0,1,0,0,0,0,1,1,6,6,1,21,5,1984,1,4,AUDI A4,3,E01035661,0,1
2024471483467,2024,471483467,1,9,0,-1,19,6,2,-1,0,0,0,0,0,0,1,1,-1,1,2,61,9,1968,2,12,AUDI A4,3,E01021092,0,2
2024461515010,2024,461515010,1,9,0,-1,19,6,2,-1,0,0,0,0,0,0,1,1,-1,6,1,43,7,2967,2,8,AUDI A4,4,E01001704,0,3
2024361394873,2024,361394873,1,9,0,-1,19,6,3,-1,0,1,0,0,7,0,3,1,-1,2,1,30,6,1968,2,15,AUDI A4,5,E01026739,0,3
2024071062515,2024,071062515,2,9,0,-1,19,5,1,-1,0,0,0,0,0,0,4,1,-1,9,2,28,6,1984,1,4,AUDI A4,1,E01010416,0,4
2024010518725,2024,010518725,2,9,0,9,9,7,6,0,0,1,0,0,0,0,0,1,6,6,2,43,7,1984,1,2,AUDI A4,6,E01035278,0,3
2024991524384,2024,991524384,2,9,0,-1,19,7,3,-1,0,8,0,0,0,0,1,1,-1,1,1,58,9,2598,1,28,AUDI A4,-1,-1,0,-1
2024430222243,2024,430222243,2,9,0,3,3,8,4,0,0,1,0,0,0,0,2,1,6,6,1,50,8,1968,2,5,AUDI A4,10,E01028668,0,2
2024520401526,2024,520401526,1,9,0,18,19,2,6,0,0,0,0,0,0,0,4,1,6,6,1,42,7,1968,2,15,AUDI A4,8,E01029256,0,1
2024991518375,2024,991518375,1,9,0,-1,19,1,6,-1,0,0,2,0,1,11,1,1,-1,6,1,25,5,1395,1,7,AUDI A4,4,-1,0,4
2024211475214,2024,211475214,2,9,0,-1,19,7,3,-1,0,0,1,0,0,0,1,1,-1,2,1,33,6,1986,2,18,AUDI A4,3,E01018401,0,2
2024401457146,2024,401457146,1,9,0,-1,4,6,2,-1,0,1,0,0,0,0,4,1,-1,9,1,37,7,1968,2,7,AUDI A4,4,E01001420,0,4
2024540197724,2024,540197724,1,9,0,18,19,7,3,0,0,0,0,0,0,0,0,1,6,6,3,-1,-1,1968,2,10,AUDI A4,-1,-1,0,-1
2024061492051,2024,061492051,3,9,0,-1,2,0,0,-1,0,0,0,0,0,0,2,1,-1,6,-1,-1,-1,1968,2,12,AUDI A4,-1,-1,0,-1
2024631448712,2024,631448712,1,9,0,-1,9,1,7,-1,0,6,0,0,0,0,1,1,-1,6,1,30,6,1968,2,14,AUDI A4,1,W01000733,0,1
2024211435068,2024,211435068,3,9,0,-1,19,3,7,-1,0,0,0,0,0,0,1,1,-1,2,1,31,6,1986,2,18,AUDI A4,-1,-1,0,-1
2024320004247,2024,320004247,2,9,0,13,13,8,4,0,0,1,0,0,0,0,2,1,-1,-1,2,45,7,1968,2,14,AUDI A4,3,E01026134,0,4
2024061409004,2024,061409004,1,9,0,-1,11,7,3,-1,0,0,0,0,0,0,3,9,-1,6,3,-1,-1,1968,2,9,AUDI A4,-1,-1,0,-1
2024041450764,2024,041450764,1,9,0,-1,19,3,7,-1,0,0,0,0,0,0,1,1,-1,9,1,54,8,2496,2,19,AUDI A4,2,E01029835,0,5
2024311418348,2024,311418348,2,9,0,-1,9,3,4,-1,0,8,0,0,0,0,1,1,-1,6,3,-1,-1,1986,2,17,AUDI A4,-1,-1,0,-1
2024481564159,2024,481564159,1,9,0,-1,9,3,1,-1,0,1,0,0,0,0,4,1,-1,2,1,27,6,1984,1,5,AUDI A4,-1,-1,0,-1
2024031434575,2024,031434575,1,9,0,-1,19,4,8,-1,0,1,1,0,0,0,1,1,-1,9,1,19,4,1968,2,7,AUDI A4,8,E01019242,0,1
2024041481908,2024,041481908,2,9,0,-1,19,5,1,-1,0,0,0,0,0,0,2,1,-1,2,2,51,8,1896,2,20,AUDI A4,5,E01002640,0,5
2024031455929,2024,031455929,1,9,0,-1,11,5,1,-1,0,0,0,4,0,0,1,1,-1,6,1,30,6,1968,2,16,AUDI A4,10,E01019368,0,1
2024522402061,2024,522402061,1,9,0,4,4,8,4,0,0,3,0,0,0,0,2,1,6,6,1,54,8,1968,2,13,AUDI A4,9,E01014872,0,1
2024131518345,2024,131518345,2,9,0,-1,4,5,1,-1,0,2,0,0,0,0,1,1,-1,6,1,52,8,1968,2,8,AUDI A4,2,E01010738,0,1
2024131482048,2024,131482048,1,9,0,-1,19,1,5,-1,0,8,0,0,0,0,1,1,-1,6,2,43,7,1968,2,16,AUDI A4,2,E01011043,0,3
2024141529925,2024,141529925,4,9,0,-1,19,3,7,-1,0,1,0,0,0,0,0,1,-1,1,1,32,6,2967,2,0,AUDI A4,1,E01007902,0,3
2024010510796,2024,010510796,1,9,0,18,19,5,1,0,0,2,1,0,0,0,1,1,1,1,1,50,8,1968,2,15,AUDI A4,7,E01032831,0,4
2024461400433,2024,461400433,1,9,0,-1,19,4,8,-1,0,0,0,0,1,1,4,9,-1,6,1,33,6,1968,2,11,AUDI A4,1,E01016019,0,3
2024631448299,2024,631448299,1,9,0,-1,19,2,6,-1,0,0,0,0,0,0,4,1,-1,6,1,48,8,1395,1,6,AUDI A4,7,W01000552,0,2
2024131507669,2024,131507669,1,9,0,-1,-1,-1,-1,-1,-1,-1,-1,-1,-1,0,-1,1,-1,6,3,-1,-1,1968,2,12,AUDI A4,-1,-1,0,-1