collision_index,collision_year,collision_ref_no,vehicle_reference,vehicle_type,towing_and_articulation,vehicle_manoeuvre_historic,vehicle_manoeuvre,vehicle_direction_from,vehicle_direction_to,vehicle_location_restricted_lane_historic,vehicle_location_restricted_lane,junction_location,skidding_and_overturning,hit_object_in_carriageway,vehicle_leaving_carriageway,hit_object_off_carriageway,first_point_of_impact,vehicle_left_hand_drive,journey_purpose_of_driver_historic,journey_purpose_of_driver,sex_of_driver,age_of_driver,age_band_of_driver,engine_capacity_cc,propulsion_code,age_of_vehicle,generic_make_model,driver_imd_decile,lsoa_of_driver,escooter_flag,driver_distance_banding
2024371423045,2024,371423045,1,9,0,-1,4,5,3,-1,0,1,0,7,0,0,1,1,-1,1,1,30,6,1986,2,18,AUDI A4,8,E01030000,0,1
2024201461923,2024,201461923,2,9,0,-1,15,8,8,-1,0,8,0,0,0,0,1,1,-1,6,1,32,6,1968,2,8,AUDI A4,1,E01033891,0,1
2024141514347,2024,141514347,1,9,0,-1,19,7,3,-1,0,0,0,0,0,0,3,1,-1,1,1,44,7,1968,2,15,AUDI A4,1,E01007549,0,2
2024461452272,2024,461452272,3,9,0,-1,19,1,5,-1,0,0,0,0,0,0,2,2,-1,6,2,42,7,1395,1,8,AUDI A4,-1,-1,0,-1
2024141466065,2024,141466065,2,9,0,-1,19,2,6,-1,0,1,0,0,0,0,1,1,-1,1,1,39,7,1968,2,7,AUDI A4,2,E01007417,0,4
2024010520292,2024,010520292,2,9,0,99,99,9,9,99,99,9,9,99,9,99,9,9,6,6,3,-1,-1,4395,1,3,-1,5,E01001921,0,1
2024320030065,2024,320030065,1,9,0,13,13,8,4,0,0,0,0,0,0,0,1,1,-1,-1,1,47,8,4395,1,2,-1,6,E01013840,0,4
2024141466009,2024,141466009,4,9,0,-1,19,3,7,-1,0,0,0,0,0,0,3,1,-1,1,2,33,6,1991,2,15,-1,1,E01007716,0,1
2024421510675,2024,421510675,1,20,0,-1,19,6,3,-1,0,4,0,0,0,0,3,1,-1,1,1,63,9,-1,-1,-1,FORD TRANSIT COURIER,9,E01021352,0,4
2024131479319,2024,131479319,2,19,0,-1,3,1,3,-1,0,1,0,0,0,0,2,1,-1,1,1,35,6,1499,2,7,FORD TRANSIT COURIER,3,E01011304,0,2
2024302401021,2024,302401021,1,19,0,7,7,4,7,0,0,6,0,0,0,0,1,1,6,6,1,40,7,1499,2,2,FORD TRANSIT COURIER,3,E01013532,0,1
2024340WN1962,2024,340WN1962,1,19,0,-1,6,1,1,-1,0,0,0,0,0,0,3,1,-1,2,1,28,6,1499,2,4,FORD TRANSIT COURIER,10,E01035385,0,5
2024010505815,2024,010505815,2,19,0,99,99,9,9,99,99,9,9,99,9,99,2,9,6,6,3,-1,-1,1499,2,5,FORD TRANSIT COURIER,-1,-1,0,-1
2024010503350,2024,010503350,1,19,0,3,3,5,1,0,0,1,0,0,0,0,1,1,6,6,3,-1,-1,1499,2,7,FORD TRANSIT COURIER,-1,-1,0,-1
2024010542207,2024,010542207,1,19,0,18,19,1,5,0,0,2,0,0,0,0,1,1,6,6,1,58,9,1499,2,1,FORD TRANSIT COURIER,7,E01004108,0,2
2024401498545,2024,401498545,1,19,0,-1,5,5,1,-1,0,6,0,0,0,0,1,1,-1,6,1,49,8,1499,2,3,FORD TRANSIT COURIER,9,E01017695,0,2
2024361556311,2024,361556311,2,19,0,-1,9,8,3,-1,0,0,0,0,0,0,3,1,-1,1,1,33,6,1499,2,2,FORD TRANSIT COURIER,4,E01026780,0,1
2024522402172,2024,522402172,2,19,0,3,3,8,4,0,0,0,0,0,0,0,2,1,6,6,1,51,8,998,1,4,FORD TRANSIT COURIER,4,E01032087,0,4
2024421522070,2024,421522070,1,19,0,-1,19,3,7,-1,0,2,0,0,0,0,1,1,-1,2,1,65,9,1499,2,8,FORD TRANSIT COURIER,3,E01021999,0,1
2024010516175,2024,010516175,1,19,0,4,4,7,3,0,0,0,0,0,0,0,2,1,1,1,1,24,5,998,1,2,FORD TRANSIT COURIER,5,E01030080,0,4
2024041403231,2024,041403231,1,19,0,-1,5,7,1,-1,0,8,0,0,0,0,1,1,-1,1,1,59,9,1499,2,1,FORD TRANSIT COURIER,5,E01025231,0,1
2024211505675,2024,211505675,1,19,0,-1,19,2,1,-1,0,1,1,0,0,0,1,1,-1,2,1,63,9,1499,2,5,FORD TRANSIT COURIER,6,E01029461,0,3
2024451425682,2024,451425682,2,19,0,-1,4,7,3,-1,0,8,0,0,0,0,2,1,-1,2,1,51,8,1499,2,9,FORD TRANSIT COURIER,1,E01016441,0,4
2024430482345,2024,430482345,2,19,0,18,19,6,2,0,0,6,0,0,0,0,1,1,6,6,2,-1,-1,1499,2,10,FORD TRANSIT COURIER,-1,-1,0,-1
2024041533817,2024,041533817,1,19,0,-1,19,5,1,-1,0,0,0,0,0,0,1,1,-1,2,1,25,5,1499,2,5,FORD TRANSIT COURIER,6,E01034341,0,4
2024520403093,2024,520403093,2,19,0,9,9,2,6,0,0,8,0,0,0,0,4,1,6,6,1,71,10,998,1,5,FORD TRANSIT COURIER,2,E01029110,0,3
2024221520302,2024,221520302,4,19,0,-1,19,8,5,-1,0,0,0,0,0,0,1,1,-1,2,1,29,6,1499,2,9,FORD TRANSIT COURIER,6,E01022261,0,3
2024131486883,2024,131486883,2,19,0,-1,19,7,3,-1,0,0,0,0,0,0,1,1,-1,1,1,23,5,998,1,2,FORD TRANSIT COURIER,1,E01011036,0,1
2024451501695,2024,451501695,1,19,0,-1,19,7,3,-1,0,1,0,0,0,0,4,1,-1,1,1,21,5,1499,2,6,FORD TRANSIT COURIER,6,E01031607,0,2
2024471468939,2024,471468939,1,19,0,-1,9,4,2,-1,0,1,0,0,0,0,3,1,-1,2,1,63,9,1499,2,0,FORD TRANSIT COURIER,7,E01030628,0,3
2024471487615,2024,471487615,2,19,0,-1,19,2,6,-1,0,0,0,0,0,0,3,1,-1,1,1,55,8,1499,2,9,FORD TRANSIT COURIER,2,E01020930,0,4
2024440221635,2024,440221635,1,19,0,16,19,8,3,0,0,1,0,0,1,4,1,1,6,6,1,35,6,998,1,3,FORD TRANSIT COURIER,-1,-1,0,-1
2024411404728,2024,411404728,2,19,0,-1,3,-1,-1,-1,0,0,0,0,0,0,2,9,-1,2,1,36,7,1499,2,4,FORD TRANSIT COURIER,4,E01023955,0,4
2024552400808,2024,552400808,2,19,0,18,19,2,6,0,0,2,0,10,3,10,3,1,2,2,1,33,6,-1,-1,-1,FORD TRANSIT COURIER,7,E01034382,0,1
2024461457760,2024,461457760,3,19,0,-1,19,5,1,-1,0,1,0,0,0,0,4,1,-1,1,1,35,6,1560,2,9,FORD TRANSIT COURIER,3,E01024384,0,3
2024201452569,2024,201452569,2,19,0,-1,2,0,0,-1,0,0,0,0,0,0,2,9,-1,6,1,50,8,1499,2,3,FORD TRANSIT COURIER,1,E01032278,0,3
2024351422734,2024,351422734,1,19,0,-1,19,6,2,-1,0,0,0,0,0,0,1,1,-1,1,1,23,5,1499,2,1,FORD TRANSIT COURIER,6,E01035546,0,1
2024631441508,2024,631441508,2,19,0,-1,4,5,1,-1,0,0,0,0,0,0,2,2,-1,9,1,24,5,1499,2,6,FORD TRANSIT COURIER,5,W01000550,0,1
2024031485630,2024,031485630,1,19,0,-1,19,1,5,-1,0,0,0,0,0,0,1,1,-1,1,1,29,6,1560,2,9,FORD TRANSIT COURIER,-1,-1,0,-1
202460Q045022,2024,60Q045022,1,19,0,18,19,3,7,0,0,1,0,0,0,0,1,1,6,6,1,45,7,1499,2,2,FORD TRANSIT COURIER,-1,-1,0,-1
2024122500144,2024,122500144,1,19,0,14,14,7,3,0,0,8,0,0,0,0,1,1,2,2,1,57,9,1499,2,6,FORD TRANSIT COURIER,10,E01013452,0,3
2024411469743,2024,411469743,1,19,0,-1,9,3,8,-1,0,8,0,0,0,0,1,1,-1,6,1,44,7,1499,2,6,FORD TRANSIT COURIER,6,E01035580,0,1
2024131394970,2024,131394970,1,19,0,-1,19,3,2,-1,0,4,0,0,1,1,1,1,-1,1,1,35,6,998,1,4,FORD TRANSIT COURIER,6,E01011883,0,3
2024430411999,2024,430411999,2,20,0,4,4,4,8,0,0,1,0,0,0,0,2,1,1,1,1,44,7,-1,-1,-1,FORD TRANSIT COURIER,4,E01001359,0,3
2024471463918,2024,471463918,1,19,0,-1,2,-1,-1,-1,0,0,0,0,0,0,2,1,-1,2,1,38,7,1499,2,2,FORD TRANSIT COURIER,7,E01016851,0,1
2024141557277,2024,141557277,1,19,0,-1,19,1,6,-1,0,0,0,0,0,0,1,1,-1,1,2,23,5,1499,2,3,FORD TRANSIT COURIER,5,E01007644,0,3
2024041396903,2024,041396903,1,19,0,-1,19,5,1,-1,0,8,0,0,1,11,1,1,-1,9,1,36,7,1499,2,9,FORD TRANSIT COURIER,9,E01024966,0,4
2024451467003,2024,451467003,1,19,0,-1,19,3,7,-1,0,0,0,0,0,0,1,1,-1,1,2,56,9,1499,2,2,FORD TRANSIT COURIER,4,E01002589,0,3
2024052402220,2024,052402220,3,19,0,2,2,0,0,0,0,0,0,0,0,0,3,1,6,6,3,-1,-1,1499,2,4,FORD TRANSIT COURIER,-1,-1,0,-1
2024010532606,2024,010532606,1,19,0,1,1,5,1,9,9,1,0,0,0,0,2,1,1,1,1,63,9,998,1,4,FORD TRANSIT COURIER,4,E01002631,0,1
2024221494742,2024,221494742,1,19,0,-1,19,6,2,-1,0,0,0,0,0,0,1,1,-1,1,1,20,4,998,1,1,FORD TRANSIT COURIER,6,E01032480,0,2
2024631519697,2024,631519697,2,19,0,-1,4,8,4,-1,0,1,0,0,0,0,2,1,-1,1,1,43,7,1499,2,1,FORD TRANSIT COURIER,3,W01000499,0,4
2024311440681,2024,311440681,1,19,0,-1,19,8,5,-1,0,1,0,0,0,0,4,1,-1,6,1,43,7,1499,2,6,FORD TRANSIT COURIER,1,E01013833,0,1
2024461479652,2024,461479652,1,19,0,-1,19,7,3,-1,0,0,0,0,0,0,1,1,-1,1,1,37,7,1499,2,0,FORD TRANSIT COURIER,5,E01016065,0,3
2024411578127,2024,411578127,1,19,0,-1,4,7,3,-1,0,0,1,0,0,0,2,1,-1,1,1,63,9,1499,2,4,FORD TRANSIT COURIER,5,E01035568,0,4
2024010508690,2024,010508690,1,19,0,18,19,1,5,0,0,0,0,0,0,0,1,1,6,6,3,-1,-1,1499,2,6,FORD TRANSIT COURIER,-1,-1,0,-1
2024991426482,2024,991426482,1,19,0,-1,19,5,1,-1,0,0,0,4,0,0,1,1,-1,9,1,38,7,1499,2,10,FORD TRANSIT COURIER,2,-1,0,1
2024451405549,2024,451405549,2,19,0,-1,19,4,8,-1,0,1,0,0,0,0,1,9,-1,6,1,63,9,1499,2,3,FORD TRANSIT COURIER,6,E01030332,0,1
2024010541818,2024,010541818,3,19,0,18,19,7,3,0,0,2,0,0,0,0,1,1,1,1,1,22,5,1499,2,3,FORD TRANSIT COURIER,3,E01000622,0,2
2024421401191,2024,421401191,2,19,0,-1,19,7,3,-1,0,0,0,0,0,0,2,1,-1,1,1,30,6,998,1,2,FORD TRANSIT COURIER,5,E01033174,0,4
2024010540835,2024,010540835,2,19,0,4,4,5,1,0,0,8,0,0,0,0,2,1,1,1,2,22,5,998,1,4,FORD TRANSIT COURIER,2,E01003087,0,1
2024361505496,2024,361505496,1,19,0,-1,9,3,8,-1,0,0,0,0,0,0,2,1,-1,6,1,49,8,1499,2,6,FORD TRANSIT COURIER,2,E01012654,0,5
2024161444061,2024,161444061,1,19,0,-1,9,1,3,-1,0,8,0,7,0,0,1,1,-1,2,1,43,7,1499,2,3,FORD TRANSIT COURIER,1,E01012786,0,2
2024201417559,2024,201417559,1,19,0,-1,19,8,4,-1,0,8,0,0,0,0,1,9,-1,1,1,28,6,1499,2,3,FORD TRANSIT COURIER,2,E01010019,0,1
2024141429841,2024,141429841,1,19,0,-1,19,5,1,-1,0,1,0,0,7,0,1,1,-1,2,1,25,5,1499,2,1,FORD TRANSIT COURIER,10,E01027992,0,4
2024161529898,2024,161529898,1,19,0,-1,19,1,5,-1,0,1,0,0,0,0,1,1,-1,2,1,64,9,998,1,2,FORD TRANSIT COURIER,5,E01026107,0,3
2024430034106,2024,430034106,4,19,0,18,19,2,5,0,0,1,0,0,0,0,0,1,1,1,1,50,8,1499,2,4,FORD TRANSIT COURIER,6,E01027946,0,5
2024122401136,2024,122401136,2,19,0,18,19,1,5,0,0,0,0,0,0,0,2,1,1,1,1,30,6,1499,2,6,FORD TRANSIT COURIER,8,E01034964,0,1
2024451418449,2024,451418449,2,19,0,-1,9,5,1,-1,0,1,0,0,0,0,1,1,-1,1,1,34,6,1499,2,5,FORD TRANSIT COURIER,7,E01023137,0,3
2024371464175,2024,371464175,5,19,0,-1,2,0,0,-1,0,0,0,0,0,0,2,1,-1,6,1,30,6,1499,2,8,FORD TRANSIT COURIER,6,E01030044,0,1
2024461497736,2024,461497736,1,19,0,-1,19,3,7,-1,0,8,0,0,0,0,1,9,-1,6,1,-1,-1,1499,2,5,FORD TRANSIT COURIER,7,E01024362,0,3
2024010509665,2024,010509665,1,19,0,99,99,9,9,99,99,9,9,99,9,99,9,9,1,1,1,41,7,1499,2,2,FORD TRANSIT COURIER,4,E01001518,0,3
2024430310931,2024,430310931,1,19,0,18,19,4,8,0,0,6,0,0,0,0,3,1,6,6,1,56,9,1499,2,5,FORD TRANSIT COURIER,-1,-1,0,-1
2024010524667,2024,010524667,2,19,0,7,7,5,6,0,0,0,0,0,0,0,1,1,1,1,1,51,8,1499,2,1,FORD TRANSIT COURIER,9,E01035750,0,4
2024131501985,2024,131501985,1,19,0,-1,-1,-1,-1,-1,-1,0,-1,-1,-1,0,-1,1,-1,6,3,-1,-1,1560,2,8,FORD TRANSIT COURIER,-1,-1,0,-1
2024010549791,2024,010549791,1,19,0,9,9,3,1,0,0,1,0,0,0,0,1,1,1,1,1,60,9,1499,2,6,FORD TRANSIT COURIER,4,E01000819,0,1
2024221451910,2024,221451910,2,19,0,-1,5,5,1,-1,0,0,0,0,0,0,3,9,-1,6,1,44,7,1499,2,1,FORD TRANSIT COURIER,2,E01032260,0,1
2024991480326,2024,991480326,1,19,0,-1,7,1,3,-1,0,1,0,0,0,0,1,1,-1,1,1,25,5,1499,2,5,FORD TRANSIT COURIER,2,-1,0,1
2024041447552,2024,041447552,1,19,0,-1,19,5,1,-1,0,1,0,0,0,0,1,1,-1,6,1,22,5,998,1,3,FORD TRANSIT COURIER,8,E01005411,0,3
2024010526764,2024,010526764,2,19,0,18,19,5,1,0,0,8,0,0,0,0,1,1,2,2,1,56,9,1499,2,4,FORD TRANSIT COURIER,2,E01001554,0,1
2024201533977,2024,201533977,1,19,0,-1,12,1,5,-1,0,7,0,0,0,0,3,1,-1,6,1,-1,-1,1499,2,1,FORD TRANSIT COURIER,-1,-1,0,-1
2024122401151,2024,122401151,2,19,0,4,4,2,6,0,0,0,0,0,0,0,1,1,1,1,1,66,10,1499,2,3,FORD TRANSIT COURIER,6,E01027902,0,3
2024991486858,2024,991486858,2,19,0,-1,19,7,3,-1,0,0,0,0,0,0,1,9,-1,1,2,47,8,1499,2,6,FORD TRANSIT COURIER,6,-1,0,1
2024430103584,2024,430103584,1,19,0,5,5,1,5,0,0,4,2,9,7,0,3,1,6,6,1,66,10,998,1,4,FORD TRANSIT COURIER,10,E01028695,0,3
2024311522017,2024,311522017,1,19,0,-1,19,1,5,-1,0,0,0,12,0,0,1,1,-1,2,1,56,9,1499,2,3,FORD TRANSIT COURIER,-1,-1,0,-1
2024041462438,2024,041462438,2,19,0,-1,9,7,3,-1,0,8,0,0,0,0,3,1,-1,1,1,62,9,1499,2,2,FORD TRANSIT COURIER,3,E01025271,0,1
2024010536798,2024,010536798,1,19,0,99,99,9,9,99,99,9,9,99,9,99,2,9,1,1,1,58,9,998,1,5,FORD TRANSIT COURIER,4,E01001636,0,4
2024221514662,2024,221514662,2,19,0,-1,19,4,8,-1,0,0,0,0,0,0,1,1,-1,1,1,32,6,1499,2,2,FORD TRANSIT COURIER,3,E01028297,0,5
2024440114262,2024,440114262,1,19,0,18,19,1,5,0,0,1,0,0,3,0,1,1,6,6,1,30,6,1499,2,7,FORD TRANSIT COURIER,5,E01022616,0,3
2024161436503,2024,161436503,2,19,0,-1,9,5,3,-1,0,5,0,0,0,0,3,1,-1,1,1,37,7,1499,2,1,FORD TRANSIT COURIER,10,E01034758,0,3
2024061420516,2024,061420516,2,19,0,-1,19,2,6,-1,0,0,0,0,0,0,3,9,-1,1,1,21,5,1499,2,1,FORD TRANSIT COURIER,3,E01005469,0,2
2024122500056,2024,122500056,1,19,0,5,5,5,1,9,9,6,0,0,0,0,0,1,1,1,1,46,8,998,1,1,FORD TRANSIT COURIER,3,E01027461,0,5
2024991513201,2024,991513201,2,19,0,-1,2,3,5,-1,0,2,0,0,0,0,2,1,-1,1,1,58,9,1499,2,5,FORD TRANSIT COURIER,2,-1,0,4
2024041423806,2024,041423806,4,19,0,-1,19,5,1,-1,0,0,0,0,0,0,1,1,-1,9,1,54,8,998,1,4,FORD TRANSIT COURIER,5,E01031274,0,5
2024361401993,2024,361401993,1,19,0,-1,19,2,4,-1,0,8,0,0,7,4,1,1,-1,6,1,19,4,1499,2,7,FORD TRANSIT COURIER,7,E01026928,0,1
2024161534900,2024,161534900,1,19,0,-1,9,5,3,-1,0,1,0,0,0,0,4,1,-1,9,1,41,7,1499,2,3,FORD TRANSIT COURIER,8,E01013033,0,3
2024010515675,2024,010515675,2,19,0,12,12,1,5,0,0,2,0,0,0,0,0,1,6,6,3,-1,-1,1499,2,5,FORD TRANSIT COURIER,-1,-1,0,-1
2024411427168,2024,411427168,1,19,0,-1,19,8,1,-1,0,4,0,0,0,0,3,1,-1,6,1,52,8,1499,2,4,FORD TRANSIT COURIER,7,E01023480,0,1
2024010537194,2024,010537194,1,5,0,4,4,1,5,0,0,1,0,0,0,0,2,1,6,6,1,47,8,1252,1,2,-1,6,E01000479,0,2
2024430395464,2024,430395464,2,5,0,18,19,7,3,0,0,4,0,0,0,0,3,1,6,6,1,45,7,-1,-1,-1,-1,9,E01016266,0,3
2024052401670,2024,052401670,1,5,0,18,19,4,8,0,0,0,0,0,0,0,1,1,6,6,1,34,6,1252,1,2,-1,1,E01007253,0,2
202460Q002146,2024,60Q002146,1,4,0,4,4,1,5,0,0,1,1,0,0,0,1,1,6,6,1,30,6,123,1,10,-1,-1,-1,0,-1
2024440503085,2024,440503085,1,3,0,18,19,7,3,0,0,3,0,0,0,0,4,1,6,6,1,20,4,124,1,1,-1,2,E01017265,0,1
2024141491782,2024,141491782,1,9,0,-1,9,7,5,-1,0,8,0,0,0,0,4,1,-1,2,2,57,9,2494,8,8,-1,7,E01034252,0,2
2024411532183,2024,411532183,2,9,0,-1,19,7,3,-1,0,0,0,0,0,0,1,1,-1,2,1,53,8,2494,8,8,-1,6,E01023918,0,3
2024010501623,2024,010501623,2,9,0,5,5,3,7,0,0,6,0,0,0,0,3,1,6,6,1,34,6,2494,8,6,-1,7,E01000324,0,1
2024471425958,2024,471425958,3,9,0,-1,4,7,3,-1,0,0,1,0,0,0,2,1,-1,9,1,55,8,4691,1,11,-1,6,E01035326,0,3
2024622400640,2024,622400640,2,9,0,18,19,8,4,0,0,1,0,0,0,0,1,1,3,7,2,45,7,1998,1,5,MAZDA CX-5,3,W01000838,0,1
2024401474213,2024,401474213,2,9,0,-1,19,1,3,-1,0,1,0,0,0,0,3,1,-1,6,1,82,11,2191,2,11,MAZDA CX-5,6,E01017547,0,1
2024471527085,2024,471527085,1,9,0,-1,19,5,1,-1,0,0,0,0,1,4,1,1,-1,9,1,52,8,2191,2,5,MAZDA CX-5,7,E01021112,0,1
2024101464468,2024,101464468,2,9,0,-1,5,4,8,-1,0,1,0,0,0,0,1,1,-1,6,2,27,6,1998,1,2,MAZDA CX-5,8,E01027549,0,3
2024531535561,2024,531535561,2,9,0,-1,19,1,5,-1,0,0,0,0,0,0,2,1,-1,6,1,34,6,1998,1,6,MAZDA CX-5,7,E01014856,0,4
2024131427661,2024,131427661,2,9,0,-1,19,1,5,-1,0,8,0,0,1,11,1,1,-1,6,2,39,7,1998,1,5,MAZDA CX-5,2,E01011726,0,1
2024451458890,2024,451458890,2,9,0,-1,19,1,5,-1,0,1,0,0,0,0,3,1,-1,9,1,66,10,1998,1,10,MAZDA CX-5,9,E01030942,0,1
2024311513233,2024,311513233,2,9,0,-1,19,2,5,-1,0,1,0,0,0,0,1,1,-1,2,1,60,9,2191,2,11,MAZDA CX-5,1,E01013885,0,1
2024991415877,2024,991415877,2,9,0,-1,5,2,6,-1,0,6,0,0,0,0,4,9,-1,7,1,36,7,1998,1,9,MAZDA CX-5,-1,-1,0,-1
2024991436851,2024,991436851,1,9,0,-1,9,7,5,-1,0,8,0,0,0,0,1,1,-1,9,1,76,11,1998,1,6,MAZDA CX-5,7,-1,0,4
2024070916130,2024,070916130,2,9,0,-1,4,3,7,-1,0,1,0,0,0,0,1,1,-1,9,2,33,6,2191,2,7,MAZDA CX-5,6,E01018679,0,1
2024401404798,2024,401404798,1,9,0,-1,19,1,5,-1,0,4,0,4,0,0,1,9,-1,6,1,31,6,2191,2,6,MAZDA CX-5,2,E01015705,0,1
2024201507204,2024,201507204,2,9,0,-1,2,0,0,-1,0,0,0,0,0,0,3,1,-1,6,-1,-1,-1,2191,2,9,MAZDA CX-5,-1,-1,0,-1
2024231429953,2024,231429953,1,9,0,-1,12,4,2,-1,0,8,0,0,0,0,9,9,-1,6,2,50,8,2191,2,6,MAZDA CX-5,4,E01032976,0,4
2024320711528,2024,320711528,2,9,0,-1,-1,1,5,0,0,0,0,0,0,0,1,1,1,1,1,47,8,1998,1,2,MAZDA CX-5,8,E01026400,0,3
2024041489222,2024,041489222,1,9,0,-1,7,5,7,-1,0,6,0,0,0,0,1,1,-1,2,2,52,8,1998,1,5,MAZDA CX-5,10,E01007079,0,3
2024010531037,2024,010531037,2,9,0,5,5,4,8,0,0,1,0,0,0,0,1,1,6,6,1,73,10,2191,2,9,MAZDA CX-5,3,E01003097,0,1
2024461485198,2024,461485198,1,9,0,-1,19,7,3,-1,0,0,0,0,0,0,1,1,-1,2,2,33,6,2191,2,9,MAZDA CX-5,7,E01035010,0,4
2024430610064,2024,430610064,2,9,0,18,19,1,5,0,0,0,0,0,0,0,1,1,1,1,1,26,6,1998,1,1,MAZDA CX-5,5,E01035423,0,4
2024332400729,2024,332400729,1,9,0,-1,14,3,7,-1,0,0,0,0,0,0,1,1,-1,2,1,32,6,2191,2,10,MAZDA CX-5,3,E01025997,0,1
2024411519803,2024,411519803,2,9,0,-1,4,3,7,-1,0,4,0,0,0,0,2,1,-1,6,2,32,6,1998,1,3,MAZDA CX-5,6,E01023801,0,2
2024052401401,2024,052401401,2,9,0,18,19,1,5,0,0,0,0,0,0,0,1,1,6,6,1,34,6,1998,1,2,MAZDA CX-5,4,E01007160,0,1
2024430528700,2024,430528700,1,9,0,18,19,2,6,0,0,0,0,0,0,0,4,1,6,6,1,35,6,2191,2,7,MAZDA CX-5,10,E01016539,0,2
2024010533713,2024,010533713,2,9,0,5,5,7,3,0,0,1,0,0,0,0,1,1,6,6,2,39,7,2191,2,9,MAZDA CX-5,-1,-1,0,-1
2024141492330,2024,141492330,1,9,0,-1,19,6,2,-1,0,1,0,0,0,0,4,1,-1,6,1,48,8,2191,2,1,MAZDA CX-5,4,E01008144,0,2
2024010548653,2024,010548653,2,9,0,2,2,0,0,0,0,8,0,0,0,0,0,1,6,6,3,-1,-1,2191,2,9,MAZDA CX-5,-1,-1,0,-1
2024522402168,2024,522402168,1,9,0,18,19,3,7,0,0,0,0,0,0,0,3,1,6,6,2,44,7,1998,1,3,MAZDA CX-5,7,E01035219,0,1
2024501474434,2024,501474434,1,9,0,-1,19,4,8,-1,0,0,0,0,0,0,4,1,-1,9,1,74,10,2191,2,0,MAZDA CX-5,10,E01020242,0,1
2024501479414,2024,501479414,2,9,0,-1,19,7,3,-1,0,8,0,0,0,0,3,1,-1,9,2,61,9,1998,1,3,MAZDA CX-5,6,E01020335,0,3
2024543851224,2024,543851224,2,9,0,18,19,2,6,0,0,8,0,0,0,0,1,1,6,6,1,24,5,2191,2,7,MAZDA CX-5,9,E01034531,0,1
2024201403712,2024,201403712,1,9,0,-1,19,4,8,-1,0,4,0,0,0,0,1,1,-1,6,1,74,10,1998,1,0,MAZDA CX-5,1,E01010037,0,1
2024471461802,2024,471461802,1,9,0,-1,13,5,1,-1,0,0,0,0,7,10,1,1,-1,9,1,27,6,2191,2,9,MAZDA CX-5,9,E01031517,0,2
2024471409973,2024,471409973,2,9,0,-1,19,6,2,-1,0,0,0,0,0,0,2,1,-1,2,1,46,8,2191,2,9,MAZDA CX-5,6,E01031574,0,4
2024471521544,2024,471521544,1,9,0,-1,9,5,2,-1,0,6,0,0,0,0,1,9,-1,6,1,44,7,2191,2,8,MAZDA CX-5,10,E01031639,0,1
2024010526772,2024,010526772,2,9,0,18,19,3,7,0,0,1,0,0,0,0,2,1,6,6,1,39,7,2191,2,9,MAZDA CX-5,-1,-1,0,-1
2024052400932,2024,052400932,1,9,0,18,19,8,4,0,0,0,0,0,0,0,1,1,6,6,2,72,10,1998,1,2,MAZDA CX-5,4,E01007161,0,1
2024371507451,2024,371507451,1,9,0,-1,19,2,6,-1,0,1,0,0,0,0,3,1,-1,1,2,57,9,1998,1,12,MAZDA CX-5,9,E01029999,0,1
2024631400075,2024,631400075,2,9,0,-1,9,4,2,-1,0,6,0,0,0,0,3,1,-1,6,1,71,10,1998,1,6,MAZDA CX-5,8,W01000699,0,2
2024302401189,2024,302401189,2,9,0,11,11,5,1,0,0,8,0,0,0,0,1,1,2,2,3,49,8,2191,2,11,MAZDA CX-5,1,E01013496,0,1
2024401517790,2024,401517790,1,9,0,-1,19,3,7,-1,0,1,0,0,0,0,1,1,-1,6,1,25,5,2191,2,8,MAZDA CX-5,6,E01017386,0,1
2024991485164,2024,991485164,2,9,0,-1,19,3,7,-1,0,0,0,0,1,0,1,1,-1,9,1,74,10,2488,1,0,MAZDA CX-5,7,-1,0,2
2024991434681,2024,991434681,2,9,0,-1,3,1,5,-1,0,0,0,0,0,0,2,2,-1,2,1,37,7,2191,2,7,MAZDA CX-5,3,-1,0,2
2024991510249,2024,991510249,1,9,0,-1,19,2,6,-1,0,0,0,0,0,0,1,1,-1,6,1,44,7,1998,1,0,MAZDA CX-5,4,-1,0,1
2024552401143,2024,552401143,2,9,0,18,19,8,4,0,0,8,0,0,0,0,1,1,6,6,2,51,8,2191,2,8,MAZDA CX-5,3,E01015813,0,5
2024411538190,2024,411538190,2,9,-1,-1,-1,-1,-1,-1,-1,0,-1,-1,-1,0,-1,9,-1,2,1,50,8,1998,1,4,MAZDA CX-5,6,E01023396,0,1
2024991503420,2024,991503420,2,9,0,-1,19,1,5,-1,0,2,0,0,0,0,3,1,-1,6,1,60,9,1998,1,2,MAZDA CX-5,8,-1,0,2
2024101423189,2024,101423189,2,9,0,-1,4,5,1,-1,0,0,0,0,0,0,2,1,-1,2,1,35,6,1998,1,2,MAZDA CX-5,6,E01035614,0,1