collision_index,collision_year,collision_ref_no,vehicle_reference,vehicle_type,towing_and_articulation,vehicle_manoeuvre_historic,vehicle_manoeuvre,vehicle_direction_from,vehicle_direction_to,vehicle_location_restricted_lane_historic,vehicle_location_restricted_lane,junction_location,skidding_and_overturning,hit_object_in_carriageway,vehicle_leaving_carriageway,hit_object_off_carriageway,first_point_of_impact,vehicle_left_hand_drive,journey_purpose_of_driver_historic,journey_purpose_of_driver,sex_of_driver,age_of_driver,age_band_of_driver,engine_capacity_cc,propulsion_code,age_of_vehicle,generic_make_model,driver_imd_decile,lsoa_of_driver,escooter_flag,driver_distance_banding
2024211431260,2024,211431260,2,9,0,-1,19,4,7,-1,0,0,0,0,0,0,1,9,-1,9,2,46,8,1998,1,5,MAZDA CX-5,9,E01029368,0,3
2024320271050,2024,320271050,4,9,0,-1,-1,2,6,0,0,1,0,0,1,9,4,1,-1,-1,2,33,6,2191,2,5,MAZDA CX-5,8,E01026222,0,4
2024631434200,2024,631434200,3,9,0,-1,19,6,2,-1,0,0,0,0,0,0,3,1,-1,9,1,58,9,2191,2,4,MAZDA CX-5,7,W01000585,0,5
2024010523557,2024,010523557,1,9,0,3,3,7,3,0,0,4,0,0,0,0,1,1,2,2,1,55,8,1998,1,2,MAZDA CX-5,10,E01030370,0,1
2024991438001,2024,991438001,2,9,0,-1,19,5,1,-1,0,5,0,0,0,0,1,1,-1,9,2,44,7,2191,2,9,MAZDA CX-5,2,-1,0,2
2024302401190,2024,302401190,1,9,0,9,9,4,8,0,0,0,0,0,0,0,1,1,6,6,1,59,9,1998,1,6,MAZDA CX-5,5,E01019752,0,1
2024471424904,2024,471424904,1,9,0,-1,19,7,3,-1,0,8,0,0,0,0,3,1,-1,9,2,45,7,1998,1,2,MAZDA CX-5,6,E01031352,0,1
2024631412060,2024,631412060,2,9,0,-1,19,4,8,-1,0,0,0,0,0,0,1,1,-1,6,3,-1,-1,2191,2,9,MAZDA CX-5,-1,-1,0,-1
2024010527233,2024,010527233,1,9,0,13,13,1,5,0,0,8,0,0,0,0,1,1,6,6,1,38,7,2191,2,10,MAZDA CX-5,7,E01021338,0,4
2024440508167,2024,440508167,2,9,0,4,4,3,7,0,0,0,0,0,0,0,2,1,2,2,1,40,7,2191,2,11,MAZDA CX-5,8,E01017226,0,1
2024010522414,2024,010522414,2,9,9,99,99,9,9,99,99,9,9,99,9,99,9,9,6,6,3,-1,-1,1998,1,2,MAZDA CX-5,7,E01003865,0,1
2024440255693,2024,440255693,1,9,0,5,5,3,7,0,0,8,0,0,0,0,1,1,6,6,1,82,11,1998,1,1,MAZDA CX-5,3,E01017263,0,1
2024552400626,2024,552400626,2,9,0,2,2,0,0,0,0,0,0,0,0,0,1,1,6,6,3,-1,-1,2191,2,10,MAZDA CX-5,-1,-1,0,-1
2024501460800,2024,501460800,2,9,0,-1,19,3,7,-1,0,8,0,0,0,0,1,9,-1,6,1,52,8,1998,1,2,MAZDA CX-5,-1,-1,0,-1
202460Q092488,2024,60Q092488,1,9,3,18,19,3,7,0,0,3,5,9,0,0,1,1,6,6,1,79,11,1998,1,5,MAZDA CX-5,-1,-1,0,-1
2024010528338,2024,010528338,1,9,0,3,3,9,9,99,99,9,9,99,9,99,2,9,6,6,1,25,5,1998,1,0,MAZDA CX-5,3,E01032788,0,1
2024010500291,2024,010500291,1,9,0,99,99,9,9,99,99,9,9,99,9,99,9,9,6,6,2,37,7,1998,1,2,MAZDA CX-5,4,E01000532,0,1
2024440249033,2024,440249033,2,9,0,4,4,4,8,0,0,0,0,0,0,0,2,1,6,6,1,49,8,2191,2,6,MAZDA CX-5,8,E01022622,0,3
2024421527178,2024,421527178,1,9,0,-1,19,3,7,-1,0,0,0,0,0,0,1,1,-1,9,3,51,8,1998,1,6,MAZDA CX-5,4,E01015990,0,1
2024471497784,2024,471497784,1,9,0,-1,11,7,1,-1,0,3,0,0,0,0,0,1,-1,6,2,56,9,2191,2,6,MAZDA CX-5,6,E01021198,0,2
2024340NN0852,2024,340NN0852,1,9,0,-1,19,2,6,-1,0,0,1,0,7,3,1,1,-1,9,1,39,7,1998,1,3,MAZDA CX-5,7,E01035394,0,3
2024122401163,2024,122401163,2,9,0,2,2,0,0,0,0,2,0,0,0,0,2,1,6,6,3,-1,-1,1998,1,2,MAZDA CX-5,-1,-1,0,-1
2024552400455,2024,552400455,1,9,0,5,5,3,7,0,0,0,0,0,0,0,1,1,3,7,1,38,7,2191,2,5,MAZDA CX-5,5,E01015329,0,1
2024461438766,2024,461438766,2,9,0,-1,9,2,6,-1,0,8,0,0,0,0,3,9,-1,6,1,44,7,1998,1,2,MAZDA CX-5,-1,-1,0,-1
2024010498028,2024,010498028,2,9,0,4,4,5,1,0,0,1,0,0,0,0,2,1,6,6,2,40,7,1998,1,3,MAZDA CX-5,5,E01001741,0,1
2024411434390,2024,411434390,1,9,0,-1,9,6,4,-1,0,1,0,0,0,0,1,1,-1,6,2,38,7,1998,1,4,MAZDA CX-5,6,E01035563,0,2
2024991409151,2024,991409151,1,9,0,-1,19,2,6,-1,0,4,0,9,3,0,1,1,-1,9,1,40,7,1998,1,5,MAZDA CX-5,10,-1,0,1
2024231462654,2024,231462654,2,9,0,-1,9,8,4,-1,0,5,0,0,0,0,1,1,-1,6,1,30,6,1998,1,10,MAZDA CX-5,9,E01031200,0,1
2024430386339,2024,430386339,1,9,0,18,19,3,7,0,0,6,0,0,0,0,1,1,6,6,1,59,9,2191,2,3,MAZDA CX-5,9,E01017714,0,1
2024451451362,2024,451451362,1,9,0,-1,19,5,1,-1,0,0,0,0,7,10,1,1,-1,2,2,66,10,2191,2,6,MAZDA CX-5,10,E01030382,0,1
2024610002024,2024,610002024,1,9,0,18,19,1,5,0,0,0,0,0,0,0,4,1,6,6,1,59,9,1998,1,1,MAZDA CX-5,1,W01001400,0,1
2024131509941,2024,131509941,1,9,0,-1,19,3,7,-1,0,8,0,0,0,0,1,1,-1,6,1,33,6,1998,1,1,MAZDA CX-5,1,E01011354,0,1
2024471492311,2024,471492311,3,9,0,-1,2,0,0,-1,0,0,0,0,0,0,2,1,-1,6,-1,-1,-1,2191,2,9,MAZDA CX-5,-1,-1,0,-1
2024451418833,2024,451418833,2,9,0,-1,19,3,7,-1,0,0,0,0,0,0,1,1,-1,9,1,45,7,1998,1,2,MAZDA CX-5,7,E01030968,0,1
2024531436142,2024,531436142,2,9,0,-1,19,7,3,-1,0,0,0,0,1,0,3,1,-1,1,1,43,7,2191,2,8,MAZDA CX-5,4,E01022450,0,1
2024041528587,2024,041528587,1,9,0,-1,9,5,1,-1,4,0,0,0,0,0,1,1,-1,1,2,55,8,2191,2,5,MAZDA CX-5,9,E01025552,0,4
2024010497427,2024,010497427,3,9,0,3,3,3,7,0,0,8,0,0,0,0,2,1,6,6,2,44,7,2191,2,9,MAZDA CX-5,7,E01001865,0,1
2024552401271,2024,552401271,2,9,0,17,19,8,7,0,0,8,0,0,0,0,1,1,6,6,1,44,7,2191,2,8,MAZDA CX-5,6,E01015363,0,1
2024070513224,2024,070513224,2,9,0,18,19,1,5,0,0,1,0,0,0,0,3,1,6,6,1,73,10,2191,2,8,MAZDA CX-5,7,E01034673,0,3
2024545092024,2024,545092024,2,9,0,9,9,5,0,0,0,5,0,0,0,0,3,1,2,2,1,27,6,2191,2,11,MAZDA CX-5,7,E01032016,0,1
2024041398124,2024,041398124,2,9,0,-1,9,5,1,-1,0,8,0,0,0,0,1,1,-1,9,2,25,5,2191,2,9,MAZDA CX-5,8,E01025596,0,3
2024332401044,2024,332401044,3,9,0,-1,19,7,3,-1,0,1,0,0,0,0,1,1,-1,6,1,63,9,1998,1,2,MAZDA CX-5,10,E01025813,0,1
2024522401933,2024,522401933,1,9,0,18,19,4,8,0,0,0,5,0,0,0,1,1,6,6,1,72,10,2191,2,7,MAZDA CX-5,10,E01014381,0,4
2024421454828,2024,421454828,1,9,0,-1,11,4,8,-1,0,3,0,0,0,0,4,1,-1,6,1,61,9,1998,1,10,MAZDA CX-5,3,E01021852,0,4
202454D175224,2024,54D175224,1,9,0,5,5,2,6,0,0,4,0,0,0,0,3,1,6,6,1,37,7,2191,2,9,MAZDA CX-5,10,E01015547,0,1
2024010511455,2024,010511455,1,9,0,18,19,3,7,0,0,1,0,0,0,0,1,1,3,7,2,47,8,1998,1,5,MAZDA CX-5,9,E01000425,0,1
2024131395235,2024,131395235,1,9,0,-1,14,7,3,-1,0,1,0,0,0,0,1,1,-1,2,1,49,8,1998,1,6,MAZDA CX-5,3,E01011105,0,2
2024131405323,2024,131405323,2,9,0,-1,19,1,1,-1,0,0,0,0,0,0,2,1,-1,1,1,48,8,2191,2,6,MAZDA CX-5,9,E01011177,0,4
2024552401523,2024,552401523,1,9,0,18,19,5,1,0,0,0,0,4,0,0,1,1,6,6,1,78,11,1998,1,9,MAZDA CX-5,10,E01020374,0,2
2024440085219,2024,440085219,1,9,0,5,5,2,6,0,0,6,0,0,0,0,1,1,6,6,2,67,10,1998,1,0,MAZDA CX-5,8,E01023034,0,1
2024010543990,2024,010543990,2,9,0,18,19,5,1,0,0,2,0,0,0,0,1,1,6,6,3,-1,-1,2191,2,6,MAZDA CX-5,-1,-1,0,-1
2024351537273,2024,351537273,1,9,0,-1,19,8,6,-1,0,0,0,11,0,0,1,1,-1,6,1,38,7,2191,2,8,MAZDA CX-5,7,E01018023,0,2
2024471427692,2024,471427692,1,9,0,-1,9,1,7,-1,0,1,0,0,0,0,1,1,-1,9,2,42,7,2191,2,11,MAZDA CX-5,1,E01020983,0,1
2024041428811,2024,041428811,2,9,0,-1,19,5,7,-1,0,0,0,0,0,0,1,1,-1,6,2,51,8,2191,2,9,MAZDA CX-5,6,E01025144,0,1
2024311400061,2024,311400061,1,9,0,-1,19,2,6,-1,0,1,0,10,0,0,2,1,-1,6,3,-1,-1,2191,2,9,MAZDA CX-5,-1,-1,0,-1
2024430451563,2024,430451563,1,9,0,9,9,5,3,0,0,6,0,0,0,0,3,1,3,7,2,33,6,1998,1,3,MAZDA CX-5,5,E01016434,0,1
2024340NN9072,2024,340NN9072,2,9,0,-1,19,5,1,-1,0,0,0,0,0,0,1,1,-1,6,1,73,10,1998,1,0,MAZDA CX-5,2,E01015633,0,4
2024991449979,2024,991449979,2,9,0,-1,19,2,6,-1,0,4,0,0,0,0,2,1,-1,9,2,41,7,2191,2,6,MAZDA CX-5,6,-1,0,4
2024010550175,2024,010550175,2,9,0,99,99,9,9,99,99,9,9,99,9,99,3,9,6,6,3,-1,-1,1998,1,7,MAZDA CX-5,5,E01021410,0,4
2024471429002,2024,471429002,2,9,0,-1,2,0,0,-1,0,0,5,0,0,0,3,1,-1,6,-1,-1,-1,1998,1,3,MAZDA CX-5,-1,-1,0,-1
2024320694458,2024,320694458,2,9,0,-1,-1,6,2,0,0,8,0,0,1,0,1,1,-1,-1,1,75,10,2191,2,8,MAZDA CX-5,6,E01034443,0,5
2024010549976,2024,010549976,2,9,0,99,99,9,9,99,99,6,9,99,9,99,1,9,6,6,2,60,9,1998,1,1,MAZDA CX-5,9,E01004596,0,1
2024430592506,2024,430592506,1,9,0,18,19,5,1,0,0,0,0,11,0,4,1,1,6,6,1,60,9,1998,1,5,MAZDA CX-5,7,E01028486,0,2
2024471417015,2024,471417015,3,9,0,-1,19,2,4,-1,0,0,0,0,0,0,4,9,-1,6,1,64,9,1998,1,4,MAZDA CX-5,9,E01021124,0,2
2024991476287,2024,991476287,2,9,0,-1,2,0,0,-1,0,0,0,0,0,0,1,1,-1,6,-1,-1,-1,1998,1,3,MAZDA CX-5,-1,-1,0,-1
2024320476377,2024,320476377,2,9,0,-1,-1,7,3,0,0,8,0,0,7,10,1,1,-1,-1,1,54,8,1998,1,1,MAZDA CX-5,7,E01026299,0,3
2024991482178,2024,991482178,2,9,0,-1,19,4,8,-1,0,0,0,0,0,0,3,1,-1,9,1,51,8,2191,2,10,MAZDA CX-5,5,E01005859,0,5
2024061449393,2024,061449393,2,9,0,-1,2,0,0,-1,0,1,0,0,0,0,1,1,-1,6,3,-1,-1,2191,2,11,MAZDA CX-5,-1,-1,0,-1
2024131504436,2024,131504436,1,9,0,-1,-1,-1,-1,-1,-1,8,-1,-1,-1,0,-1,1,-1,6,3,-1,-1,2191,2,6,MAZDA CX-5,-1,-1,0,-1
2024552400172,2024,552400172,1,9,0,12,12,5,1,0,0,0,0,0,0,0,1,1,6,6,1,25,5,2191,2,9,MAZDA CX-5,8,E01015411,0,1
2024010521597,2024,010521597,2,9,0,2,2,0,0,0,0,1,0,0,0,0,0,1,6,6,3,-1,-1,2191,2,8,MAZDA CX-5,-1,-1,0,-1
2024311454110,2024,311454110,1,9,0,-1,4,7,3,-1,0,0,0,0,0,0,3,1,-1,1,2,56,9,1998,1,1,MAZDA CX-5,3,E01028187,0,2
2024041482320,2024,041482320,2,9,0,-1,19,1,5,-1,0,4,0,0,0,0,3,1,-1,9,2,59,9,2191,2,9,MAZDA CX-5,7,E01025576,0,1
2024211469995,2024,211469995,2,9,0,-1,3,2,6,-1,0,0,0,0,0,0,2,1,-1,6,2,50,8,2191,2,6,MAZDA CX-5,-1,-1,0,-1
2024461528662,2024,461528662,2,9,0,-1,19,7,3,-1,0,0,0,0,0,0,2,1,-1,2,1,47,8,1998,1,3,MAZDA CX-5,7,E01016094,0,4
2024122500035,2024,122500035,2,9,0,4,4,8,4,0,0,0,0,0,0,0,2,1,6,6,2,50,8,2488,1,0,MAZDA CX-5,6,E01027636,0,4
2024031446401,2024,031446401,1,9,0,-1,19,5,2,-1,0,0,0,0,1,0,3,1,-1,6,1,56,9,1998,1,2,MAZDA CX-5,9,-1,0,5
2024501518899,2024,501518899,2,9,0,-1,19,7,3,-1,0,0,1,0,0,0,2,1,-1,2,1,47,8,1998,1,0,MAZDA CX-5,-1,-1,0,-1
2024471465767,2024,471465767,1,9,0,-1,19,8,5,-1,0,0,0,0,0,0,1,1,-1,6,1,78,11,1998,1,3,MAZDA CX-5,6,E01020950,0,1
2024070687280,2024,070687280,2,9,0,18,19,4,1,0,0,8,0,0,0,0,1,1,6,6,1,88,11,2191,2,3,MAZDA CX-5,10,E01029589,0,3
2024010539754,2024,010539754,1,9,0,18,19,5,1,0,0,1,0,0,0,0,1,1,6,6,1,60,9,1998,1,2,MAZDA CX-5,-1,-1,0,-1
2024991414348,2024,991414348,2,9,0,-1,19,7,3,-1,0,1,0,0,0,0,1,1,-1,6,2,48,8,1998,1,1,MAZDA CX-5,9,-1,0,1
2024010510576,2024,010510576,2,9,0,99,99,9,9,99,99,9,9,99,9,99,9,9,6,6,3,-1,-1,1998,1,2,MAZDA CX-5,-1,-1,0,-1
2024010524905,2024,010524905,1,9,0,18,19,3,7,0,0,4,0,0,0,0,1,1,6,6,1,31,6,1998,1,1,MAZDA CX-5,2,E01000501,0,1
2024531442477,2024,531442477,2,9,0,-1,19,7,3,-1,0,1,0,0,0,0,2,1,-1,9,1,65,9,2191,2,6,MAZDA CX-5,5,W01000537,0,5
2024340NN4132,2024,340NN4132,2,9,0,-1,19,5,1,-1,0,1,0,0,0,0,1,1,-1,2,1,48,8,1998,1,6,MAZDA CX-5,8,E01035397,0,1
2024131522894,2024,131522894,1,9,0,-1,19,3,7,-1,0,0,0,4,0,0,1,1,-1,9,1,65,9,2191,2,10,MAZDA CX-5,6,E01011883,0,1
2024311480333,2024,311480333,3,9,0,-1,19,8,4,-1,0,0,1,0,0,0,1,2,-1,2,2,41,7,1998,1,8,MAZDA CX-5,-1,-1,0,-1
2024010537449,2024,010537449,1,9,0,9,9,5,3,0,0,8,0,0,0,0,4,1,6,6,1,55,8,2191,2,7,MAZDA CX-5,8,E01002178,0,3
2024991470125,2024,991470125,4,9,0,-1,19,7,2,-1,0,0,0,0,0,0,1,1,-1,9,1,40,7,1998,1,4,MAZDA CX-5,10,-1,0,4
2024361394873,2024,361394873,2,9,0,-1,19,4,1,-1,0,1,0,0,0,0,1,1,-1,9,1,65,9,1998,1,8,MAZDA CX-5,6,E01026764,0,3
2024440514811,2024,440514811,1,9,0,9,9,1,7,0,0,8,0,0,0,0,4,1,6,6,2,22,5,2191,2,9,MAZDA CX-5,-1,-1,0,-1
2024451435409,2024,451435409,2,9,0,-1,19,4,8,-1,0,0,0,4,1,0,1,1,-1,9,1,30,6,1998,1,6,MAZDA CX-5,10,E01030919,0,3
2024520403181,2024,520403181,1,9,0,18,19,8,4,0,0,0,5,0,1,9,3,1,6,6,1,40,7,2191,2,11,MAZDA CX-5,4,E01029241,0,3
2024010518223,2024,010518223,5,9,0,3,3,1,5,0,0,1,0,0,0,0,2,1,6,6,2,53,8,1998,1,1,MAZDA CX-5,8,E01001132,0,3
2024131405313,2024,131405313,1,9,0,-1,19,1,5,-1,0,2,0,0,0,0,3,1,-1,6,1,67,10,2191,2,8,MAZDA CX-5,10,E01011593,0,1
2024302401093,2024,302401093,1,9,0,16,19,2,5,0,0,8,1,0,0,0,1,1,1,1,1,28,6,1998,1,0,MAZDA CX-5,1,E01013568,0,3
2024311510542,2024,311510542,1,9,0,-1,19,8,4,-1,0,0,0,0,0,0,3,1,-1,6,1,37,7,2191,2,8,MAZDA CX-5,-1,-1,0,-1
2024010504110,2024,010504110,4,9,0,2,2,0,0,0,0,1,0,0,0,0,3,1,6,6,3,-1,-1,1998,1,2,MAZDA CX-5,-1,-1,0,-1
2024010504828,2024,010504828,2,9,0,99,99,9,9,99,99,9,9,99,9,99,1,9,6,6,3,50,8,2191,2,9,MAZDA CX-5,10,E01030382,0,3
2024041526926,2024,041526926,2,9,0,-1,19,5,1,-1,0,1,0,0,0,0,1,1,-1,6,2,50,8,1998,1,10,MAZDA CX-5,6,E01025585,0,2
2024010543292,2024,010543292,1,9,0,18,19,4,8,0,0,8,0,0,0,0,1,1,6,6,1,25,5,2191,2,9,MAZDA CX-5,5,E01001187,0,1
2024041417774,2024,041417774,2,9,0,-1,9,3,5,-1,0,2,0,0,0,0,3,1,-1,9,1,60,9,1998,1,2,MAZDA CX-5,7,E01012614,0,1
2024320143083,2024,320143083,1,9,0,-1,-1,4,8,0,0,0,5,0,1,4,1,1,6,6,2,30,6,1998,1,5,MAZDA CX-5,-1,-1,0,-1
2024010547803,2024,010547803,1,9,0,6,6,5,5,0,0,1,0,0,0,0,1,1,6,6,3,-1,-1,1998,1,5,MAZDA CX-5,-1,-1,0,-1
2024010500107,2024,010500107,1,9,0,99,99,9,9,99,99,9,9,99,9,99,2,9,6,6,2,48,8,1998,1,1,MAZDA CX-5,4,E01001463,0,1
2024471452363,2024,471452363,3,9,0,-1,10,5,3,-1,0,1,0,0,0,0,4,1,-1,6,1,39,7,2191,2,7,MAZDA CX-5,8,E01031812,0,1
2024371437458,2024,371437458,2,9,0,-1,19,5,1,-1,0,2,0,0,0,0,1,1,-1,6,2,53,8,2191,2,8,MAZDA CX-5,6,E01029881,0,1
2024211456260,2024,211456260,2,9,0,-1,19,8,4,-1,0,8,0,0,7,0,1,1,-1,9,2,42,7,1998,1,10,MAZDA CX-5,5,E01029852,0,2
2024451536223,2024,451536223,1,9,0,-1,19,7,3,-1,0,0,0,0,4,6,2,1,-1,2,1,52,8,2191,2,3,MAZDA CX-5,10,E01030780,0,4
2024010511649,2024,010511649,3,9,0,18,19,3,7,1,1,0,5,0,0,0,2,1,6,6,1,38,7,1998,1,1,MAZDA CX-5,1,E01009379,0,5
2024010499262,2024,010499262,2,9,0,99,99,9,9,99,99,9,9,99,9,99,9,9,6,6,3,-1,-1,1998,1,2,MAZDA CX-5,-1,-1,0,-1
202460Q094459,2024,60Q094459,1,9,0,17,19,4,8,0,0,0,0,0,1,0,1,1,6,6,1,45,7,1998,1,1,MAZDA CX-5,-1,-1,0,-1
2024010523569,2024,010523569,1,9,0,18,19,6,2,0,0,0,0,0,0,0,2,1,6,6,2,41,7,1998,1,1,MAZDA CX-5,8,E01003470,0,1
2024547932124,2024,547932124,2,9,0,4,4,2,6,0,0,4,0,0,0,0,2,1,6,6,2,36,7,1998,1,9,MAZDA CX-5,8,E01032042,0,2
2024411515320,2024,411515320,1,9,-1,-1,-1,-1,-1,-1,-1,0,-1,-1,-1,0,-1,9,-1,9,1,56,9,1998,1,1,MAZDA CX-5,4,E01013938,0,5
2024451474473,2024,451474473,1,9,0,-1,19,8,4,-1,0,0,0,0,0,0,1,1,-1,6,2,43,7,1998,1,8,MAZDA CX-5,10,E01030596,0,1
2024501490796,2024,501490796,2,9,0,-1,8,1,3,-1,0,6,0,0,0,0,4,1,-1,6,2,44,7,2191,2,6,MAZDA CX-5,1,E01015155,0,1
2024131425088,2024,131425088,2,9,0,-1,19,7,3,-1,0,0,0,0,0,0,4,1,-1,9,1,56,9,1998,1,4,MAZDA CX-5,6,E01010816,0,2
2024041472475,2024,041472475,2,9,0,-1,2,0,0,-1,0,0,0,0,7,0,1,1,-1,6,-1,-1,-1,2191,2,5,MAZDA CX-5,-1,-1,0,-1
2024010541004,2024,010541004,1,9,0,99,99,9,9,99,99,9,9,99,9,99,2,9,1,1,2,23,5,1998,1,1,MAZDA CX-5,3,E01001705,0,2
2024451399166,2024,451399166,1,9,0,-1,8,5,1,-1,0,1,0,0,0,0,2,1,-1,9,2,57,9,1998,1,4,MAZDA CX-5,4,E01030588,0,1
2024070259569,2024,070259569,2,9,0,18,19,5,5,0,0,3,0,0,7,1,4,1,6,6,1,31,6,1998,1,7,MAZDA CX-5,9,W01000376,0,3
2024010534695,2024,010534695,2,9,0,18,19,1,5,0,0,0,1,0,0,0,1,1,6,6,1,68,10,1998,1,5,MAZDA CX-5,4,E01015930,0,4
2024501444993,2024,501444993,1,9,0,-1,19,5,1,-1,0,0,0,0,0,0,1,9,-1,9,2,60,9,1998,1,1,MAZDA CX-5,3,E01018761,0,1
2024471434571,2024,471434571,2,9,0,-1,9,5,1,-1,0,1,0,0,0,0,2,1,-1,6,2,36,7,1998,1,1,MAZDA CX-5,3,E01023145,0,4
2024161544696,2024,161544696,1,9,0,-1,6,3,3,-1,0,0,0,0,0,0,1,9,-1,6,2,37,7,2191,2,9,MAZDA CX-5,4,E01012896,0,1
202460Q002146,2024,60Q002146,2,9,0,4,4,1,5,0,0,1,0,0,0,0,2,1,6,6,1,55,8,2191,2,7,MAZDA CX-5,-1,-1,0,-1
2024430508319,2024,430508319,2,9,0,18,19,3,7,0,0,1,0,0,0,0,1,1,6,6,2,-1,-1,2191,2,11,MAZDA CX-5,10,E01028624,0,2
2024531481601,2024,531481601,2,9,0,-1,19,2,6,-1,0,8,0,0,0,0,1,2,-1,2,1,47,8,2786,1,60,-1,6,E01022186,0,3
2024010540537,2024,010540537,1,9,0,18,19,5,1,0,0,8,0,10,0,0,3,1,6,6,1,60,9,-1,3,10,RENAULT ZOE,3,E01023573,0,2
2024401423240,2024,401423240,1,9,0,-1,19,1,5,-1,0,8,0,0,0,0,1,1,-1,1,1,23,5,-1,3,2,RENAULT ZOE,4,E01015804,0,1
2024161544696,2024,161544696,2,9,0,-1,19,7,3,-1,0,0,0,0,0,0,3,9,-1,2,2,48,8,-1,3,1,RENAULT ZOE,1,E01012881,0,1
2024041458039,2024,041458039,1,9,0,-1,19,3,7,-1,0,1,0,0,0,0,4,1,-1,6,1,63,9,-1,3,3,RENAULT ZOE,1,E01012649,0,1
2024221449197,2024,221449197,1,9,0,-1,5,1,5,-1,0,8,0,0,0,0,3,9,-1,6,2,25,5,-1,3,4,RENAULT ZOE,1,E01034935,0,4
2024501518371,2024,501518371,2,9,0,-1,19,6,2,-1,0,8,0,0,0,0,1,1,-1,6,2,38,7,-1,3,3,RENAULT ZOE,8,E01034862,0,1
2024131502214,2024,131502214,1,9,0,-1,19,7,3,-1,0,1,0,0,0,0,3,1,-1,1,1,65,9,-1,3,3,RENAULT ZOE,8,E01010645,0,3
2024411460335,2024,411460335,1,9,-1,-1,-1,-1,-1,-1,-1,-1,-1,-1,-1,0,-1,9,-1,2,1,38,7,-1,3,9,RENAULT ZOE,5,E01023827,0,1
2024010536275,2024,010536275,2,9,0,9,9,7,5,0,0,8,0,0,0,0,1,1,6,6,1,46,8,-1,3,4,RENAULT ZOE,3,E01034219,0,1
2024141463649,2024,141463649,1,9,0,-1,11,1,5,-1,0,1,0,0,1,11,1,1,-1,7,2,35,6,-1,3,3,RENAULT ZOE,2,E01011868,0,2
2024010500321,2024,010500321,1,9,0,18,19,6,2,0,0,0,0,0,0,0,1,1,3,7,1,58,9,-1,3,3,RENAULT ZOE,9,E01004650,0,1
2024010523252,2024,010523252,2,9,0,99,99,9,9,99,99,9,9,99,9,99,3,9,6,6,1,34,6,-1,3,2,RENAULT ZOE,4,E01001182,0,1
2024070151336,2024,070151336,2,9,0,18,19,4,8,0,0,1,0,0,0,0,1,1,6,6,1,44,7,-1,3,5,RENAULT ZOE,6,E01012552,0,1
2024461499910,2024,461499910,2,9,0,-1,19,2,7,-1,0,8,0,0,0,0,4,1,-1,9,1,36,7,-1,3,7,RENAULT ZOE,5,E01024086,0,3
2024221457829,2024,221457829,1,9,-1,-1,-1,-1,-1,-1,-1,0,-1,-1,-1,0,-1,9,-1,6,2,35,6,-1,3,5,RENAULT ZOE,2,E01014071,0,1
2024010505165,2024,010505165,2,9,0,99,99,9,9,99,99,9,9,99,9,99,9,9,6,6,3,-1,-1,-1,3,5,RENAULT ZOE,-1,-1,0,-1
2024451419804,2024,451419804,1,9,0,-1,19,1,5,-1,0,0,0,0,0,0,3,1,-1,2,2,34,6,-1,3,6,RENAULT ZOE,10,E01003380,0,4
2024340WN6142,2024,340WN6142,1,9,0,-1,19,2,6,-1,0,0,5,0,7,9,4,1,-1,9,1,51,8,-1,3,3,RENAULT ZOE,8,E01027304,0,2
2024411422024,2024,411422024,1,9,-1,-1,-1,-1,-1,-1,-1,-1,-1,-1,-1,0,-1,9,-1,6,1,38,7,-1,3,4,RENAULT ZOE,3,E01023669,0,1
2024401530694,2024,401530694,2,9,0,-1,19,1,5,-1,0,0,0,0,0,0,1,1,-1,6,1,24,5,-1,3,2,RENAULT ZOE,2,E01015738,0,2
2024302401587,2024,302401587,1,9,0,13,13,5,1,0,0,0,2,0,2,11,4,1,6,6,1,17,4,-1,3,3,RENAULT ZOE,9,E01019590,0,1
2024320741776,2024,320741776,1,9,0,-1,-1,8,4,0,0,0,0,4,0,0,1,1,-1,-1,2,35,6,-1,3,3,RENAULT ZOE,3,E01026207,0,1
2024471480428,2024,471480428,1,9,0,-1,5,0,6,-1,-1,0,0,0,0,0,1,1,-1,1,1,55,8,-1,-1,-1,RENAULT ZOE,9,E01031389,0,2
2024520402345,2024,520402345,3,9,0,9,9,5,3,0,0,8,0,0,0,0,2,1,6,6,2,46,8,-1,3,2,RENAULT ZOE,10,E01020242,0,4
2024231489628,2024,231489628,2,9,0,-1,19,2,7,-1,0,8,0,0,0,0,1,1,-1,6,2,46,8,-1,3,6,RENAULT ZOE,10,E01031201,0,1
2024421490560,2024,421490560,1,9,0,-1,9,3,8,-1,0,8,0,0,0,0,2,1,-1,2,1,23,5,-1,3,1,RENAULT ZOE,2,E01022023,0,1
2024991545192,2024,991545192,1,9,0,-1,19,1,5,-1,0,2,0,0,0,0,1,1,-1,2,2,46,8,-1,3,4,RENAULT ZOE,1,-1,0,1
2024501499842,2024,501499842,2,9,0,-1,5,7,4,-1,0,8,0,99,0,0,3,1,-1,6,1,76,11,-1,3,2,RENAULT ZOE,4,E01020302,0,1
2024522401242,2024,522401242,2,9,0,18,19,6,2,0,0,1,0,0,0,0,1,1,6,6,3,-1,-1,-1,3,5,RENAULT ZOE,-1,-1,0,-1
2024501474850,2024,501474850,1,9,0,-1,19,5,1,-1,0,0,0,0,0,0,4,1,-1,9,2,53,8,-1,3,2,RENAULT ZOE,3,E01020018,0,1
2024440308476,2024,440308476,1,9,0,4,4,6,2,0,0,8,0,0,0,0,1,1,6,6,1,53,8,-1,3,4,RENAULT ZOE,3,E01017225,0,1
2024161489697,2024,161489697,2,9,0,-1,19,1,5,-1,0,0,0,0,1,0,1,1,-1,9,2,74,10,-1,3,4,RENAULT ZOE,10,E01013054,0,2