collision_index,collision_year,collision_ref_no,vehicle_reference,vehicle_type,towing_and_articulation,vehicle_manoeuvre_historic,vehicle_manoeuvre,vehicle_direction_from,vehicle_direction_to,vehicle_location_restricted_lane_historic,vehicle_location_restricted_lane,junction_location,skidding_and_overturning,hit_object_in_carriageway,vehicle_leaving_carriageway,hit_object_off_carriageway,first_point_of_impact,vehicle_left_hand_drive,journey_purpose_of_driver_historic,journey_purpose_of_driver,sex_of_driver,age_of_driver,age_band_of_driver,engine_capacity_cc,propulsion_code,age_of_vehicle,generic_make_model,driver_imd_decile,lsoa_of_driver,escooter_flag,driver_distance_banding
2024531462370,2024,531462370,2,9,0,-1,2,0,0,-1,0,0,0,0,0,0,1,1,-1,6,-1,-1,-1,-1,3,9,RENAULT ZOE,-1,-1,0,-1
2024451405592,2024,451405592,1,9,0,-1,9,7,4,-1,0,8,0,0,0,0,1,1,-1,2,2,53,8,-1,3,4,RENAULT ZOE,4,E01030601,0,2
2024421400133,2024,421400133,2,9,0,-1,19,5,1,-1,0,1,0,0,0,0,1,9,-1,9,2,44,7,-1,3,5,RENAULT ZOE,6,E01021414,0,4
2024421487777,2024,421487777,2,9,0,-1,19,6,2,-1,0,0,0,0,0,0,2,1,-1,6,1,50,8,-1,3,3,RENAULT ZOE,8,E01021717,0,2
2024401445519,2024,401445519,2,9,0,-1,9,3,1,-1,0,6,0,0,1,1,2,1,-1,1,1,32,6,-1,3,3,RENAULT ZOE,4,E01015784,0,2
2024221445360,2024,221445360,1,9,0,-1,6,2,2,-1,0,8,0,0,0,0,3,9,-1,6,1,26,6,-1,3,2,RENAULT ZOE,1,E01004827,0,4
2024010520492,2024,010520492,1,9,0,5,5,1,5,0,0,2,0,0,0,0,1,1,6,6,1,54,8,-1,3,2,RENAULT ZOE,4,E01001909,0,1
2024549761424,2024,549761424,1,9,0,5,5,4,8,0,0,1,0,0,0,0,2,1,6,6,1,89,11,-1,3,3,RENAULT ZOE,8,E01031852,0,2
2024471408151,2024,471408151,1,9,0,-1,19,2,6,-1,0,0,0,0,0,0,3,1,-1,9,2,44,7,-1,3,4,RENAULT ZOE,8,E01031397,0,3
2024340NN2832,2024,340NN2832,1,9,0,-1,19,7,3,-1,0,3,0,0,3,1,1,1,-1,1,2,38,7,-1,3,1,RENAULT ZOE,1,E01026960,0,3
2024451444198,2024,451444198,1,9,0,-1,19,5,1,-1,0,2,0,0,1,11,1,1,-1,9,2,43,7,-1,3,4,RENAULT ZOE,10,E01030967,0,1
2024522403063,2024,522403063,1,9,0,4,4,2,6,0,0,1,0,0,0,0,4,1,6,6,2,50,8,-1,3,4,RENAULT ZOE,10,E01014873,0,1
202454E900124,2024,54E900124,1,9,0,13,13,5,8,0,0,0,0,0,7,10,1,1,6,6,1,28,6,-1,3,9,RENAULT ZOE,5,E01020452,0,4
2024320267701,2024,320267701,2,9,0,9,9,4,2,0,0,8,0,0,0,0,3,1,1,1,2,27,6,-1,3,4,RENAULT ZOE,9,E01026139,0,4
2024471424374,2024,471424374,2,9,0,-1,19,6,2,-1,0,2,0,0,0,0,2,1,-1,2,2,43,7,-1,3,8,RENAULT ZOE,10,E01016982,0,1
2024052401133,2024,052401133,1,9,0,18,19,5,1,0,0,0,0,10,0,0,4,1,6,6,2,69,10,-1,3,1,RENAULT ZOE,6,E01007265,0,1
2024070685212,2024,070685212,2,9,0,3,3,6,1,0,0,1,0,0,0,0,4,1,6,6,2,20,4,-1,3,9,RENAULT ZOE,8,E01012499,0,1
2024010497324,2024,010497324,4,9,0,2,2,0,0,0,0,0,0,0,0,0,2,1,6,6,3,-1,-1,-1,3,11,RENAULT ZOE,-1,-1,0,-1
2024010503911,2024,010503911,2,9,0,99,99,9,9,99,99,9,9,99,9,99,9,9,6,6,2,52,8,-1,3,4,RENAULT ZOE,9,E01000182,0,1
2024520500219,2024,520500219,1,9,0,9,9,3,8,0,0,8,0,0,0,0,1,1,6,6,2,75,10,-1,3,3,RENAULT ZOE,6,E01029270,0,1
2024131522216,2024,131522216,1,9,0,-1,9,3,1,-1,0,1,0,0,7,0,1,1,-1,6,2,61,9,-1,3,6,RENAULT ZOE,6,E01011042,0,1
2024201536127,2024,201536127,2,9,0,-1,19,3,7,-1,0,1,0,0,0,0,3,1,-1,1,1,36,7,-1,3,2,RENAULT ZOE,4,E01010427,0,3
2024430169267,2024,430169267,1,9,0,18,19,2,6,0,0,0,0,0,0,0,3,1,6,6,1,56,9,-1,3,3,RENAULT ZOE,5,E01023216,0,4
2024221476137,2024,221476137,2,9,0,-1,19,7,4,-1,0,0,0,0,0,0,3,9,-1,9,2,35,6,-1,3,4,RENAULT ZOE,7,E01035055,0,4
2024010500562,2024,010500562,2,9,0,99,99,9,9,99,99,0,9,99,9,99,2,9,6,6,3,-1,-1,-1,3,2,RENAULT ZOE,10,E01000681,0,1
2024010522339,2024,010522339,2,9,0,99,99,9,9,99,99,9,9,99,9,99,2,9,6,6,3,-1,-1,-1,3,8,RENAULT ZOE,-1,-1,0,-1
2024401464867,2024,401464867,2,9,0,-1,19,1,5,-1,0,1,0,0,0,0,1,1,-1,6,2,56,9,-1,3,3,RENAULT ZOE,8,E01017434,0,2
2024440541208,2024,440541208,2,9,0,18,19,5,1,0,0,8,0,0,0,0,1,1,6,6,3,-1,-1,-1,3,3,RENAULT ZOE,-1,-1,0,-1
2024131454986,2024,131454986,2,9,0,-1,19,2,6,-1,0,8,0,0,0,0,1,1,-1,9,2,32,6,-1,3,10,RENAULT ZOE,2,E01011250,0,1
2024430480256,2024,430480256,1,9,0,1,1,4,8,0,0,0,0,0,0,0,2,1,6,6,1,34,6,-1,3,4,RENAULT ZOE,3,E01017857,0,2
2024101437086,2024,101437086,1,9,0,-1,19,3,7,-1,0,8,0,0,0,0,3,1,-1,6,2,60,9,-1,3,5,RENAULT ZOE,4,E01008174,0,1
202417H103424,2024,17H103424,2,9,0,-1,19,3,7,-1,0,1,0,0,0,0,1,1,-1,9,2,54,8,-1,3,1,RENAULT ZOE,5,E01011996,0,1
2024552400987,2024,552400987,2,9,0,8,8,8,4,0,0,1,0,0,0,0,2,1,6,6,1,50,8,-1,3,4,RENAULT ZOE,3,E01015308,0,2
2024421425215,2024,421425215,1,9,0,-1,9,6,2,-1,0,1,0,0,0,0,1,9,-1,6,3,-1,-1,-1,3,3,RENAULT ZOE,-1,-1,0,-1
2024520403180,2024,520403180,2,9,0,18,19,4,1,0,0,1,0,0,0,0,4,1,6,6,1,57,9,-1,3,1,RENAULT ZOE,9,E01022859,0,5
2024440355780,2024,440355780,1,9,0,18,19,1,5,0,0,0,0,0,2,3,1,1,6,6,1,30,6,-1,3,10,RENAULT ZOE,5,E01017158,0,4
2024302401234,2024,302401234,1,9,0,9,9,1,7,0,0,8,0,0,0,0,3,1,6,6,1,40,7,-1,3,11,RENAULT ZOE,8,E01008025,0,2
2024010553770,2024,010553770,1,9,0,99,99,9,9,99,99,9,9,99,9,99,1,9,6,6,3,-1,-1,-1,3,5,RENAULT ZOE,2,E01032512,0,3
2024010500004,2024,010500004,1,9,0,9,9,1,7,0,0,8,0,0,0,0,1,1,6,6,1,46,8,-1,3,5,RENAULT ZOE,4,E01002103,0,1
2024311520353,2024,311520353,1,9,0,-1,10,7,4,-1,0,5,0,0,0,0,1,1,-1,1,1,59,9,-1,3,6,RENAULT ZOE,2,E01013854,0,1
2024052400374,2024,052400374,1,9,0,18,19,5,1,0,0,2,0,0,4,1,1,2,6,6,2,26,6,-1,3,1,RENAULT ZOE,1,E01006675,0,1
2024332400392,2024,332400392,1,9,0,-1,9,7,5,-1,0,5,0,10,1,10,1,1,-1,6,1,69,10,-1,3,2,RENAULT ZOE,9,E01025901,0,1
2024552400623,2024,552400623,2,9,0,4,4,6,2,0,0,0,0,0,0,0,2,1,6,6,1,39,7,-1,3,6,RENAULT ZOE,-1,-1,0,-1
2024471483218,2024,471483218,1,9,0,-1,9,7,5,-1,0,0,0,0,0,0,1,1,-1,9,2,20,4,-1,3,8,RENAULT ZOE,4,E01031583,0,1
2024440267037,2024,440267037,2,9,0,18,19,8,4,0,0,0,0,0,0,0,1,1,1,1,1,29,6,-1,3,9,RENAULT ZOE,5,E01022539,0,2
2024131457772,2024,131457772,2,9,0,-1,9,3,1,-1,0,1,0,0,0,0,1,1,-1,9,1,71,10,-1,3,4,RENAULT ZOE,10,E01010696,0,1
2024010495874,2024,010495874,2,9,0,99,99,9,9,99,99,9,9,99,9,99,1,1,6,6,3,36,7,-1,3,5,RENAULT ZOE,2,E01003052,0,1
2024231429035,2024,231429035,1,9,0,-1,9,4,2,-1,0,5,0,0,3,11,1,1,-1,2,2,57,9,-1,3,3,RENAULT ZOE,10,E01031155,0,1
2024101487169,2024,101487169,1,9,0,-1,9,6,4,-1,0,8,0,0,0,0,3,1,-1,1,2,50,8,-1,3,2,RENAULT ZOE,7,E01008273,0,3
2024522403370,2024,522403370,1,9,0,18,19,5,1,0,0,8,0,0,0,0,1,1,1,1,2,57,9,-1,3,3,RENAULT ZOE,10,E01014869,0,3
2024421499472,2024,421499472,2,9,0,-1,19,3,7,-1,0,8,0,0,0,0,2,1,-1,6,2,51,8,-1,3,9,RENAULT ZOE,6,E01021676,0,4
2024471433952,2024,471433952,2,9,0,-1,19,2,1,-1,0,2,0,0,0,0,1,1,-1,1,1,56,9,-1,3,2,RENAULT ZOE,1,E01016915,0,1
2024440364723,2024,440364723,1,3,0,18,19,6,2,0,0,0,0,0,0,0,1,1,6,6,1,59,9,125,1,6,-1,7,E01015588,0,5
2024201439905,2024,201439905,1,3,0,-1,19,6,7,-1,0,8,0,0,0,0,1,1,-1,9,1,74,10,125,1,5,-1,9,E01032886,0,2
2024201453141,2024,201453141,2,4,0,-1,19,6,2,-1,0,8,0,8,0,0,1,1,-1,9,1,62,9,125,1,3,-1,6,E01010079,0,1
2024010526578,2024,010526578,2,3,0,18,19,5,1,0,0,1,0,0,0,0,2,1,6,6,1,39,7,125,1,1,-1,3,E01001970,0,1
2024351479645,2024,351479645,1,3,0,-1,19,7,3,-1,0,1,0,0,0,0,1,1,-1,6,1,62,9,125,1,3,-1,5,E01017947,0,1
2024546543524,2024,546543524,3,9,0,4,4,2,6,0,0,1,0,0,0,0,2,1,6,6,1,33,6,1598,2,11,SEAT TOLEDO,-1,-1,0,-1
2024421494121,2024,421494121,2,9,0,-1,3,2,6,-1,0,0,0,0,0,0,0,1,-1,6,1,50,8,1390,1,11,SEAT TOLEDO,10,E01021467,0,1
2024991466105,2024,991466105,2,8,0,-1,10,5,2,-1,0,1,0,0,0,0,2,1,-1,1,1,33,6,1598,2,9,SEAT TOLEDO,1,-1,0,1
2024311488318,2024,311488318,3,9,0,-1,2,0,0,-1,0,1,0,0,7,0,1,1,-1,1,1,40,7,1598,2,10,SEAT TOLEDO,-1,-1,0,-1
2024201448486,2024,201448486,1,9,0,-1,7,8,2,-1,0,8,0,0,0,0,2,1,-1,6,1,23,5,1598,2,9,SEAT TOLEDO,7,E01009643,0,1
2024991430603,2024,991430603,2,8,0,-1,9,7,3,-1,0,0,0,0,0,0,4,1,-1,9,1,66,10,1598,2,6,SEAT TOLEDO,6,-1,0,1
2024061548583,2024,061548583,2,9,0,-1,19,1,1,-1,0,8,1,7,0,0,3,1,-1,9,1,53,8,1598,2,9,SEAT TOLEDO,-1,-1,0,-1
2024522402954,2024,522402954,2,9,0,18,19,2,6,0,0,8,0,0,0,0,1,1,6,6,1,46,8,1197,1,9,SEAT TOLEDO,8,E01014956,0,1
2024501492679,2024,501492679,5,9,0,-1,19,6,2,-1,0,0,1,0,0,0,2,1,-1,1,1,38,7,999,1,5,SEAT TOLEDO,3,E01018978,0,1
2024221523841,2024,221523841,1,9,0,-1,2,3,7,-1,0,0,0,0,2,7,1,1,-1,6,1,20,4,2324,1,21,SEAT TOLEDO,5,E01014099,0,4
2024201444753,2024,201444753,1,9,0,-1,1,2,6,-1,0,0,0,0,0,0,1,1,-1,6,1,41,7,1598,2,11,SEAT TOLEDO,1,E01009502,0,1
2024101461851,2024,101461851,3,9,0,-1,19,8,4,-1,0,0,0,0,0,0,1,1,-1,9,1,40,7,1197,1,9,SEAT TOLEDO,-1,-1,0,-1
2024201442195,2024,201442195,2,9,0,-1,19,8,4,-1,0,8,0,0,0,0,1,9,-1,2,2,43,7,1598,2,10,SEAT TOLEDO,3,E01009140,0,1
2024440236999,2024,440236999,3,8,0,18,19,6,2,0,0,1,0,0,0,0,1,1,1,1,1,69,10,1598,2,11,SEAT TOLEDO,8,E01023014,0,3
2024471441563,2024,471441563,1,9,0,-1,4,6,2,-1,0,0,0,0,0,0,0,9,-1,6,2,41,7,1598,2,9,SEAT TOLEDO,4,E01021004,0,2
202417S103924,2024,17S103924,1,8,0,9,9,1,5,0,0,1,0,0,0,0,0,1,6,6,1,37,7,1598,2,8,SEAT TOLEDO,3,E01012289,0,1
2024501483089,2024,501483089,3,9,0,-1,4,8,4,-1,0,0,0,0,0,0,2,9,-1,6,1,33,6,1197,1,10,SEAT TOLEDO,7,E01013419,0,5
2024031529383,2024,031529383,2,9,0,-1,19,2,6,-1,0,0,0,0,0,0,0,1,-1,9,2,51,8,1598,2,7,SEAT TOLEDO,6,E01034075,0,2
2024131460058,2024,131460058,2,9,0,-1,9,8,5,-1,0,6,0,0,0,0,1,1,-1,9,2,29,6,1598,2,9,SEAT TOLEDO,6,E01011607,0,1
2024131467697,2024,131467697,2,9,0,-1,19,6,2,-1,0,0,0,0,0,0,1,1,-1,9,1,60,9,1197,1,9,SEAT TOLEDO,5,E01011877,0,2
2024221456963,2024,221456963,2,9,0,-1,19,7,3,-1,0,0,0,0,0,0,2,9,-1,2,1,28,6,999,1,7,SEAT TOLEDO,8,E01028877,0,1
2024201493204,2024,201493204,1,9,0,-1,19,8,4,-1,0,6,0,0,0,0,3,1,-1,9,1,42,7,1422,2,8,SEAT TOLEDO,2,E01010056,0,2
2024141412216,2024,141412216,2,9,0,-1,19,1,4,-1,0,0,0,0,0,0,1,1,-1,2,1,50,8,1896,2,18,SEAT TOLEDO,2,E01008063,0,1
2024041539738,2024,041539738,2,9,0,-1,3,2,6,-1,0,1,0,0,0,0,2,1,-1,1,1,42,7,1598,2,9,SEAT TOLEDO,-1,-1,0,-1
2024430170827,2024,430170827,1,3,0,16,19,1,5,0,0,0,0,10,1,0,1,1,6,6,1,17,4,124,1,22,YAMAHA DT,8,E01028765,0,1
2024101420985,2024,101420985,2,3,0,-1,2,3,7,-1,0,0,0,0,0,0,3,1,-1,9,1,26,6,124,1,36,YAMAHA DT,6,E01027532,0,1
2024440098144,2024,440098144,2,3,0,18,19,5,1,0,0,0,0,0,0,0,1,1,6,6,1,19,4,124,1,24,YAMAHA DT,6,E01022961,0,1
2024221465138,2024,221465138,1,3,0,-1,19,7,2,-1,0,0,0,0,1,0,1,1,-1,9,1,19,4,125,1,34,YAMAHA DT,1,E01032469,0,1
2024552400840,2024,552400840,2,3,0,18,19,7,3,0,0,8,0,0,0,0,1,1,6,6,1,24,5,124,1,23,YAMAHA DT,1,E01020582,0,1
2024061425190,2024,061425190,1,3,0,-1,19,5,1,-1,0,0,0,0,0,0,1,1,-1,6,1,53,8,124,1,23,YAMAHA DT,3,E01004916,0,1
2024161474093,2024,161474093,2,3,0,-1,19,4,8,-1,0,1,0,0,0,0,1,1,-1,6,1,53,8,124,1,33,YAMAHA DT,1,E01013203,0,1
2024311427668,2024,311427668,1,4,0,-1,12,1,4,-1,0,0,0,0,0,0,4,1,-1,6,1,33,6,124,1,19,YAMAHA DT,2,E01013910,0,1
2024061484269,2024,061484269,1,2,0,-1,19,1,5,-1,0,1,1,0,0,0,1,1,-1,9,1,36,7,49,1,19,YAMAHA DT,3,E01005013,0,1
2024461400066,2024,461400066,2,3,0,-1,15,1,5,-1,0,6,0,0,0,0,3,1,-1,6,1,50,8,123,1,34,YAMAHA DT,10,E01024631,0,1
2024320608371,2024,320608371,2,3,0,-1,-1,6,2,0,0,0,0,0,1,0,1,1,6,6,1,34,6,124,1,23,YAMAHA DT,4,E01026224,0,1
2024520000020,2024,520000020,1,3,0,18,19,6,2,0,0,8,0,0,0,0,1,1,6,6,1,32,6,124,1,23,YAMAHA DT,2,E01014464,0,1
2024061458187,2024,061458187,1,5,0,-1,19,1,5,-1,0,8,0,0,1,0,0,1,-1,9,1,27,6,998,1,16,YAMAHA FZ,5,E01005507,0,2
2024501457475,2024,501457475,1,5,0,-1,4,1,5,-1,0,1,0,0,0,0,3,1,-1,9,1,53,8,600,1,19,YAMAHA FZ,6,E01034625,0,1
2024440486031,2024,440486031,1,5,0,12,12,5,1,0,0,2,0,0,0,0,1,1,6,6,1,34,6,599,1,20,YAMAHA FZ,5,E01035462,0,4
2024010540602,2024,010540602,1,5,0,18,19,5,1,0,0,2,0,0,0,0,1,1,6,6,1,33,6,600,1,18,YAMAHA FZ,-1,-1,0,-1
2024451515856,2024,451515856,2,5,0,-1,19,3,3,-1,0,0,1,0,0,0,1,1,-1,9,1,44,7,998,1,16,YAMAHA FZ,6,E01001029,0,3
2024411542017,2024,411542017,1,5,0,-1,19,5,1,-1,0,8,0,0,0,0,1,1,-1,9,1,27,6,998,1,16,YAMAHA FZ,9,E01035573,0,1
2024221408865,2024,221408865,2,5,0,-1,19,2,6,-1,0,8,0,0,0,0,1,1,-1,6,1,36,7,599,1,20,YAMAHA FZ,4,E01014098,0,2
2024501481854,2024,501481854,1,5,0,-1,19,2,6,-1,0,8,0,0,0,0,1,1,-1,2,1,36,7,599,1,15,YAMAHA FZ,4,E01018778,0,4
2024010529161,2024,010529161,1,5,0,99,99,9,9,99,99,9,9,99,9,99,2,1,6,6,1,32,6,599,1,15,YAMAHA FZ,3,E01001548,0,1
2024461448776,2024,461448776,1,5,0,-1,19,5,2,-1,0,0,1,0,0,0,4,1,-1,9,1,32,6,998,1,14,YAMAHA FZ,8,E01002946,0,4
2024991465579,2024,991465579,2,5,0,-1,19,4,8,-1,0,1,5,0,0,0,1,1,-1,6,1,19,4,599,1,20,YAMAHA FZ,8,-1,0,1
2024471394826,2024,471394826,2,5,0,-1,4,2,5,-1,0,0,0,0,0,0,4,1,-1,9,1,48,8,998,1,16,YAMAHA FZ,2,E01020990,0,1
2024471469808,2024,471469808,1,5,0,-1,19,7,3,-1,0,2,0,0,0,0,4,1,-1,9,1,81,11,599,1,19,YAMAHA FZ,8,E01016027,0,4
2024552401196,2024,552401196,1,5,0,18,19,4,8,0,0,0,0,0,1,1,1,1,6,6,1,29,6,599,1,16,YAMAHA FZ,-1,-1,0,-1
2024052401260,2024,052401260,1,4,0,9,9,5,2,0,0,5,1,10,0,0,4,1,6,6,1,23,5,599,1,20,YAMAHA FZ,1,E01007270,0,1
2024522401316,2024,522401316,1,4,0,18,19,1,5,0,0,0,0,0,0,0,3,1,6,6,1,31,6,998,1,16,YAMAHA FZ,2,E01014683,0,1
2024440100554,2024,440100554,1,5,0,18,19,8,4,0,0,1,0,0,0,0,0,1,6,6,1,55,8,599,1,19,YAMAHA FZ,3,E01022801,0,1
2024111438413,2024,111438413,1,5,0,-1,19,3,7,-1,0,0,1,0,1,0,1,1,-1,9,1,34,6,599,1,14,YAMAHA FZ,5,E01008869,0,4
2024010533274,2024,010533274,1,5,0,99,99,9,9,99,99,0,9,99,9,99,1,1,2,2,1,38,7,599,1,17,YAMAHA FZ,2,E01034479,0,1
2024421464883,2024,421464883,1,5,0,-1,19,3,8,-1,0,0,0,0,1,0,1,1,-1,9,1,41,7,599,1,18,YAMAHA FZ,9,E01023438,0,2
2024221511069,2024,221511069,1,4,0,-1,13,2,5,-1,0,0,0,10,7,11,1,1,-1,9,1,34,6,599,1,18,YAMAHA FZ,-1,-1,0,-1
2024411419155,2024,411419155,2,5,0,-1,19,7,3,-1,0,0,0,0,0,0,0,1,-1,2,1,23,5,998,1,9,YAMAHA FZ,7,E01023435,0,2
2024010520052,2024,010520052,2,5,0,18,19,3,7,0,0,0,0,0,0,0,2,1,2,2,1,52,8,599,1,16,YAMAHA FZ,4,E01000904,0,2
2024010531058,2024,010531058,1,4,0,4,4,4,8,0,0,0,1,0,0,0,0,1,6,6,1,48,8,599,1,16,YAMAHA FZ,-1,-1,0,-1
2024221521445,2024,221521445,1,5,0,-1,19,2,6,-1,0,0,1,0,0,0,3,1,-1,9,1,47,8,998,1,17,YAMAHA FZ,3,W01000373,0,4
2024401486864,2024,401486864,2,5,0,-1,19,3,8,-1,0,3,0,0,0,0,1,1,-1,6,1,20,4,599,1,16,YAMAHA FZ,7,E01034423,0,1
2024631495481,2024,631495481,1,5,0,-1,19,1,6,-1,0,0,1,0,1,10,2,1,-1,9,1,38,7,599,1,17,YAMAHA FZ,5,W01000599,0,3
2024471441554,2024,471441554,1,5,0,-1,7,1,5,-1,0,0,1,10,0,0,1,1,-1,6,1,22,5,599,1,15,YAMAHA FZ,4,E01001233,0,4
2024320692631,2024,320692631,2,3,0,-1,-1,4,8,9,9,0,0,0,0,0,1,1,1,1,1,57,9,998,1,18,YAMAHA FZ,10,E01032993,0,1
2024221521445,2024,221521445,2,5,0,-1,19,2,6,-1,0,0,1,0,0,0,3,1,-1,9,1,47,8,998,1,17,YAMAHA FZ,10,W01000343,0,4
2024471407420,2024,471407420,1,5,0,-1,19,5,1,-1,0,0,2,0,1,0,3,1,-1,6,1,20,4,599,1,20,YAMAHA FZ,5,E01031827,0,2
2024371495700,2024,371495700,2,5,0,-1,19,4,8,-1,0,8,0,0,0,0,4,1,-1,2,1,27,6,599,1,18,YAMAHA FZ,3,E01029996,0,1
2024041508663,2024,041508663,1,5,0,-1,19,1,5,-1,0,0,0,0,0,0,4,1,-1,9,1,48,8,998,1,15,YAMAHA FZ,8,E01025142,0,1
2024501414234,2024,501414234,1,4,0,-1,19,2,6,-1,0,0,1,11,0,0,1,1,-1,6,1,21,5,600,1,19,YAMAHA FZ,6,E01019891,0,1
2024411510387,2024,411510387,2,5,0,-1,19,2,3,-1,0,8,0,0,0,0,4,1,-1,6,1,61,9,599,1,16,YAMAHA FZ,3,E01001311,0,2
2024231445388,2024,231445388,1,5,0,-1,19,6,3,-1,0,8,0,0,1,4,1,1,-1,2,1,36,7,599,1,18,YAMAHA FZ,9,E01031302,0,1
2024610008824,2024,610008824,2,5,0,18,19,5,1,0,0,8,0,0,0,0,1,1,6,6,1,37,7,599,1,16,YAMAHA FZ,2,W01001676,0,1
2024610028824,2024,610028824,1,4,0,18,19,4,1,0,0,8,0,0,0,0,1,1,6,6,1,34,6,998,1,18,YAMAHA FZ,2,W01001676,0,1
2024991472294,2024,991472294,1,5,0,-1,15,1,5,-1,0,1,0,0,0,0,1,1,-1,6,1,42,7,599,1,20,YAMAHA FZ,8,-1,0,4
2024461507380,2024,461507380,2,5,0,-1,19,3,7,-1,0,8,1,0,0,0,4,1,-1,1,1,35,6,600,1,19,YAMAHA FZ,1,E01016161,0,3
2024371519700,2024,371519700,1,5,0,-1,19,2,6,-1,0,0,5,0,1,0,1,1,-1,6,1,52,8,599,1,19,YAMAHA FZ,4,E01030244,0,1
2024302401308,2024,302401308,1,5,0,18,19,8,4,0,0,1,1,0,0,0,1,1,6,6,1,27,6,779,1,14,YAMAHA FZ,5,E01019417,0,2
2024101475558,2024,101475558,1,5,0,-1,19,7,3,-1,0,1,2,0,3,11,1,1,-1,6,1,25,5,998,1,15,YAMAHA FZ,-1,-1,0,-1
2024340NN1662,2024,340NN1662,1,5,0,-1,14,3,7,-1,0,1,1,0,0,0,1,1,-1,9,1,39,7,599,1,16,YAMAHA FZ,5,E01026973,0,1
2024010535281,2024,010535281,1,3,0,99,99,9,9,99,99,9,9,99,9,99,9,1,1,1,1,22,5,124,1,0,YAMAHA X,3,E01001645,0,1
2024471492695,2024,471492695,2,3,0,-1,19,3,7,-1,0,1,2,0,0,0,1,1,-1,9,1,17,4,124,1,4,YAMAHA X,8,E01021233,0,4
2024010538495,2024,010538495,1,3,0,99,99,9,9,99,99,9,9,99,9,99,9,1,1,1,1,35,6,124,1,1,YAMAHA X,6,E01002022,0,2
2024471481189,2024,471481189,2,3,0,-1,19,7,3,-1,0,8,0,0,0,0,4,1,-1,9,1,37,7,124,1,4,YAMAHA X,7,E01021063,0,2
2024010539116,2024,010539116,1,3,0,99,99,9,9,99,99,9,9,99,9,99,9,1,1,1,1,42,7,124,1,6,YAMAHA X,3,E01004645,0,2
2024421463668,2024,421463668,1,3,0,-1,20,7,3,-1,0,0,1,10,0,0,1,1,-1,6,1,34,6,124,1,2,YAMAHA X,4,E01021437,0,1
2024010516344,2024,010516344,1,4,0,14,14,4,8,0,0,1,0,0,0,0,1,1,6,6,1,24,5,292,1,6,YAMAHA X,3,E01004725,0,1
2024010544378,2024,010544378,2,3,0,18,19,1,5,0,0,0,0,0,0,0,2,1,6,6,1,33,6,124,1,2,YAMAHA X,3,E01000499,0,1
2024010547464,2024,010547464,1,3,0,99,99,9,9,99,99,9,9,99,9,99,1,1,6,6,3,21,5,124,1,1,YAMAHA X,4,E01001467,0,1
2024010551605,2024,010551605,1,3,0,99,99,9,9,99,99,9,9,99,9,99,9,1,1,1,1,28,6,292,1,1,YAMAHA X,2,E01001911,0,3
2024010535481,2024,010535481,2,3,0,4,4,7,3,0,0,0,0,0,0,0,3,1,6,6,1,45,7,292,1,2,YAMAHA X,4,E01004452,0,1
2024471423865,2024,471423865,1,3,0,-1,19,5,1,-1,0,1,0,0,0,0,4,1,-1,9,1,18,4,124,1,6,YAMAHA X,1,E01020983,0,1
2024010510429,2024,010510429,1,3,0,99,99,9,9,99,99,9,9,99,9,99,9,1,2,2,1,35,6,124,1,2,YAMAHA X,4,E01023560,0,3
2024010506420,2024,010506420,1,3,0,18,19,6,2,0,0,2,0,0,0,0,1,1,2,2,1,46,8,124,1,0,YAMAHA X,5,E01003714,0,3
2024010521773,2024,010521773,1,3,0,99,99,9,9,99,99,1,9,99,9,99,9,1,6,6,3,21,5,124,1,3,YAMAHA X,3,E01035666,0,2
2024451428119,2024,451428119,2,3,0,-1,12,1,5,-1,0,2,0,0,0,0,3,1,-1,2,1,32,6,124,1,1,YAMAHA X,5,E01030980,0,1
2024440378421,2024,440378421,1,3,0,18,19,2,6,0,0,8,0,0,1,2,1,1,1,1,1,37,7,124,1,2,YAMAHA X,4,E01022540,0,1
2024010526644,2024,010526644,1,3,0,15,15,2,6,0,0,8,0,0,0,0,1,1,1,1,1,42,7,124,1,3,YAMAHA X,3,E01002031,0,2
2024451400726,2024,451400726,1,4,0,-1,19,6,3,-1,0,1,0,0,0,0,1,1,-1,1,1,49,8,292,1,3,YAMAHA X,10,E01030672,0,2
2024010534358,2024,010534358,1,4,0,99,99,9,9,99,99,1,9,99,9,99,9,1,6,6,3,31,6,292,1,3,YAMAHA X,2,E01033709,0,1
2024010511752,2024,010511752,1,3,0,99,99,9,9,99,99,9,9,99,9,99,9,1,1,1,1,40,7,124,1,2,YAMAHA X,2,E01003986,0,1
2024010531049,2024,010531049,1,4,0,18,19,3,7,0,0,0,0,0,0,0,4,1,1,1,1,27,6,292,1,3,YAMAHA X,3,E01011541,0,5
2024010489819,2024,010489819,1,4,0,5,5,3,7,0,0,1,0,0,0,0,1,1,6,6,1,20,4,292,1,2,YAMAHA X,3,E01003990,0,1
2024010510755,2024,010510755,2,3,0,99,99,9,9,99,99,9,9,99,9,99,9,1,1,1,1,38,7,292,1,2,YAMAHA X,3,E01001448,0,3
2024010553255,2024,010553255,2,3,0,99,99,9,9,2,2,1,9,99,9,99,1,1,2,2,1,31,6,124,1,2,YAMAHA X,2,E01024294,0,4
2024371509464,2024,371509464,2,3,0,-1,19,3,7,-1,0,1,2,0,0,0,3,1,-1,9,1,32,6,124,1,1,YAMAHA X,9,E01030045,0,1