collision_index,collision_year,collision_ref_no,vehicle_reference,vehicle_type,towing_and_articulation,vehicle_manoeuvre_historic,vehicle_manoeuvre,vehicle_direction_from,vehicle_direction_to,vehicle_location_restricted_lane_historic,vehicle_location_restricted_lane,junction_location,skidding_and_overturning,hit_object_in_carriageway,vehicle_leaving_carriageway,hit_object_off_carriageway,first_point_of_impact,vehicle_left_hand_drive,journey_purpose_of_driver_historic,journey_purpose_of_driver,sex_of_driver,age_of_driver,age_band_of_driver,engine_capacity_cc,propulsion_code,age_of_vehicle,generic_make_model,driver_imd_decile,lsoa_of_driver,escooter_flag,driver_distance_banding
2024010514598,2024,010514598,1,3,0,99,99,9,9,99,99,9,9,99,9,99,9,1,6,6,3,30,6,124,1,0,YAMAHA X,3,E01001448,0,1
2024010498895,2024,010498895,1,3,0,7,7,7,1,0,0,7,0,0,0,0,3,1,1,1,1,35,6,124,1,4,YAMAHA X,-1,-1,0,-1
2024010500997,2024,010500997,1,3,0,99,99,9,9,99,99,9,9,99,9,99,9,1,1,1,1,30,6,124,1,1,YAMAHA X,5,E01000995,0,2
2024010548030,2024,010548030,1,3,0,99,99,9,9,99,99,1,9,99,9,99,9,1,1,1,3,23,5,124,1,3,YAMAHA X,2,E01000533,0,1
2024010498026,2024,010498026,1,3,0,99,99,9,9,99,99,9,9,99,9,99,9,1,1,1,3,33,6,124,1,1,YAMAHA X,4,E01034155,0,1
2024010509197,2024,010509197,1,4,0,99,99,9,9,99,99,9,9,99,9,99,1,1,1,1,1,27,6,292,1,1,YAMAHA X,2,E01001559,0,2
2024010528981,2024,010528981,1,3,9,99,99,9,9,99,99,9,9,99,9,99,9,1,2,2,1,46,8,124,1,2,YAMAHA X,3,E01003379,0,3
2024010499073,2024,010499073,1,3,0,99,99,9,9,99,99,9,9,99,9,99,9,1,2,2,3,31,6,124,1,1,YAMAHA X,7,E01002298,0,4
2024010546524,2024,010546524,1,3,0,18,19,3,7,0,0,1,5,0,0,0,1,1,6,6,1,24,5,124,1,2,YAMAHA X,3,E01032786,0,1
2024010502136,2024,010502136,1,3,0,13,13,9,9,99,99,9,9,99,9,99,1,1,2,2,1,30,6,124,1,1,YAMAHA X,3,E01004397,0,2
2024010503047,2024,010503047,1,3,0,99,99,9,9,99,99,9,9,99,9,99,9,1,1,1,3,23,5,124,1,1,YAMAHA X,3,E01001244,0,1
2024010498215,2024,010498215,1,3,0,99,99,9,9,99,99,9,9,99,9,99,1,1,2,2,1,58,9,124,1,6,YAMAHA X,2,E01001487,0,1
2024010527482,2024,010527482,1,3,0,13,13,3,7,0,0,4,0,0,0,0,4,1,6,6,1,19,4,124,1,6,YAMAHA X,-1,-1,0,-1
2024010498589,2024,010498589,1,3,0,99,99,9,9,99,99,9,9,99,9,99,1,1,2,2,1,30,6,124,1,2,YAMAHA X,7,E01003397,0,1
2024461530195,2024,461530195,2,4,0,-1,19,6,3,-1,0,1,0,0,0,0,3,1,-1,2,1,65,9,292,1,5,YAMAHA X,6,E01024530,0,3
2024010529463,2024,010529463,2,3,0,13,13,8,4,0,0,2,5,0,0,0,4,1,6,6,1,60,9,124,1,1,YAMAHA X,4,E01002757,0,1
2024010517332,2024,010517332,1,3,0,99,99,9,9,99,99,9,9,99,9,99,9,1,2,2,2,35,6,124,1,2,YAMAHA X,4,E01001087,0,1
2024320546384,2024,320546384,1,3,0,4,4,7,3,0,0,0,0,0,1,0,2,1,1,1,1,37,7,124,1,1,YAMAHA X,4,E01026121,0,2
2024010547473,2024,010547473,1,3,0,13,13,1,5,0,0,0,0,0,0,0,4,1,6,6,1,30,6,124,1,1,YAMAHA X,8,E01004712,0,1
2024411515628,2024,411515628,2,3,0,-1,19,2,4,-1,0,1,2,0,0,0,1,1,-1,2,1,26,6,124,1,2,YAMAHA X,3,E01023538,0,1
2024552401320,2024,552401320,1,3,0,13,13,8,4,0,0,8,0,0,0,0,1,1,6,6,1,58,9,124,1,2,YAMAHA X,4,E01020346,0,1
2024411420070,2024,411420070,2,2,0,-1,19,7,3,-1,0,0,0,0,0,0,0,1,-1,6,1,26,6,124,1,1,YAMAHA X,5,E01002128,0,4
2024010504317,2024,010504317,2,3,0,13,13,7,3,0,0,0,0,0,0,0,1,1,6,6,1,15,3,124,1,2,YAMAHA X,4,E01004331,0,1
2024010497507,2024,010497507,1,4,0,99,99,9,9,99,99,1,9,99,9,99,1,1,2,2,1,42,7,292,1,7,YAMAHA X,3,E01001440,0,1
2024010548856,2024,010548856,1,3,0,99,99,9,9,99,99,0,9,99,9,99,9,1,6,6,1,33,6,124,1,2,YAMAHA X,6,E01004343,0,1
2024010500460,2024,010500460,2,4,0,18,19,8,4,0,0,1,0,0,0,0,1,1,2,2,1,41,7,292,1,4,YAMAHA X,5,E01004522,0,1
2024010543978,2024,010543978,1,3,0,5,5,1,5,0,0,8,5,0,0,0,1,1,2,2,1,40,7,124,1,1,YAMAHA X,6,E01001498,0,1
2024010518688,2024,010518688,1,3,0,99,99,9,9,99,99,9,9,99,9,99,9,1,1,1,3,22,5,124,1,2,YAMAHA X,4,E01001087,0,3
2024010547378,2024,010547378,1,3,0,99,99,9,9,99,99,9,9,99,9,99,1,1,1,1,1,38,7,124,1,7,YAMAHA X,4,E01004760,0,1
2024010515073,2024,010515073,1,3,0,4,4,1,5,0,0,1,0,0,0,0,2,1,6,6,1,22,5,124,1,6,YAMAHA X,4,E01004495,0,1
2024010529010,2024,010529010,1,3,0,99,99,9,9,99,99,9,9,99,9,99,9,1,6,6,3,37,7,124,1,4,YAMAHA X,6,E01001997,0,1
2024010500539,2024,010500539,1,3,0,99,99,9,9,99,99,0,9,99,9,99,9,1,1,1,1,33,6,292,1,5,YAMAHA X,5,E01003366,0,1
2024010541071,2024,010541071,1,4,0,18,19,8,4,2,2,1,0,0,0,0,1,1,1,1,1,28,6,292,1,3,YAMAHA X,-1,-1,0,-1
2024010541376,2024,010541376,2,2,0,4,4,7,3,0,0,1,0,0,0,0,0,1,6,6,1,35,6,124,1,7,YAMAHA X,4,E01004006,0,1
2024440545092,2024,440545092,1,3,0,18,19,6,2,0,0,1,0,0,0,0,4,1,1,1,1,28,6,292,1,1,YAMAHA X,3,E01017193,0,1
2024451469582,2024,451469582,1,3,9,-1,19,5,1,-1,0,1,0,0,0,0,4,1,-1,1,1,26,6,292,1,2,YAMAHA X,5,E01017158,0,4
2024010515915,2024,010515915,1,4,0,18,19,5,1,0,0,0,0,0,0,0,1,1,6,6,2,22,5,292,1,2,YAMAHA X,7,E01004483,0,1
2024010510373,2024,010510373,1,3,0,99,99,9,9,99,99,0,9,99,9,99,9,1,1,1,3,20,4,124,1,2,YAMAHA X,7,E01034187,0,3
2024010528301,2024,010528301,1,3,0,99,99,9,9,99,99,9,9,99,9,99,9,1,1,1,1,26,6,124,1,0,YAMAHA X,8,E01000241,0,1
2024010536082,2024,010536082,1,3,0,99,99,9,9,99,99,0,9,99,9,99,9,1,6,6,1,32,6,124,1,3,YAMAHA X,3,E01002646,0,1
2024010525035,2024,010525035,6,5,0,4,4,6,2,0,0,0,5,0,0,0,1,1,6,6,1,43,7,124,1,5,YAMAHA X,5,E01000994,0,2
2024010519594,2024,010519594,2,3,0,18,19,5,1,0,0,1,0,0,0,0,4,1,1,1,1,33,6,124,1,2,YAMAHA X,4,E01001005,0,3
2024451467026,2024,451467026,2,3,0,-1,19,1,5,-1,0,1,0,0,0,0,1,1,-1,9,1,22,5,124,1,5,YAMAHA X,4,E01002598,0,3
2024010531442,2024,010531442,1,3,0,3,3,1,5,0,0,1,0,0,0,0,4,1,6,6,1,49,8,124,1,2,YAMAHA X,5,E01003147,0,1
2024010499502,2024,010499502,1,3,0,99,99,9,9,99,99,9,9,99,9,99,9,1,1,1,1,29,6,124,1,3,YAMAHA X,3,E01004062,0,3
2024010547659,2024,010547659,1,3,0,99,99,9,9,99,99,0,9,99,9,99,9,1,1,1,3,27,6,124,1,2,YAMAHA X,5,E01001859,0,2
2024010505204,2024,010505204,2,3,0,99,99,9,9,99,99,9,9,99,9,99,2,1,1,1,1,29,6,124,1,5,YAMAHA X,4,E01002101,0,2
2024010498385,2024,010498385,1,3,0,15,15,9,9,99,99,5,9,99,9,99,9,1,1,1,3,-1,-1,124,1,3,YAMAHA X,6,E01001872,0,1
2024010504254,2024,010504254,2,3,0,7,7,7,1,0,0,2,0,0,0,0,1,1,6,6,1,19,4,124,1,6,YAMAHA X,8,E01000233,0,1
2024471424193,2024,471424193,2,3,0,-1,3,4,8,-1,0,8,5,0,0,0,2,1,-1,9,2,56,9,124,1,1,YAMAHA X,3,E01031409,0,1
2024010531552,2024,010531552,1,3,0,99,99,9,9,99,99,9,9,99,9,99,9,1,1,1,3,44,7,124,1,2,YAMAHA X,5,E01000338,0,3
2024010550065,2024,010550065,1,3,0,18,19,5,1,9,9,6,0,0,0,0,3,1,6,6,1,25,5,124,1,3,YAMAHA X,3,E01004240,0,1
2024010505333,2024,010505333,1,3,0,99,99,9,9,99,99,9,9,99,9,99,9,1,1,1,1,43,7,124,1,1,YAMAHA X,6,E01002023,0,2
2024471475819,2024,471475819,2,90,0,-1,4,5,1,-1,0,0,5,0,7,0,3,1,-1,6,1,43,7,292,1,6,YAMAHA X,4,E01016894,0,1
2024010510126,2024,010510126,1,3,0,99,99,9,9,99,99,9,9,99,9,99,9,1,6,6,1,20,4,124,1,4,YAMAHA X,5,E01001381,0,2
2024010498676,2024,010498676,1,3,0,18,19,5,1,0,0,8,0,0,0,0,1,1,6,6,1,19,4,124,1,2,YAMAHA X,4,E01004425,0,1
2024010509821,2024,010509821,2,3,0,99,99,9,9,99,99,9,9,99,9,99,1,1,6,6,3,-1,-1,124,1,1,YAMAHA X,-1,-1,0,-1
2024522402217,2024,522402217,1,4,0,3,3,3,7,0,0,2,0,0,0,0,2,1,6,6,1,22,5,292,1,0,YAMAHA X,4,E01014622,0,1
2024010526635,2024,010526635,1,3,0,99,99,9,9,99,99,9,9,99,9,99,1,1,6,6,1,31,6,124,1,2,YAMAHA X,3,E01003286,0,3
2024010532546,2024,010532546,1,3,0,18,19,7,3,0,0,0,0,0,0,0,0,1,1,1,1,43,7,124,1,2,YAMAHA X,-1,-1,0,-1
2024471411219,2024,471411219,1,3,0,-1,19,6,2,-1,0,8,5,0,0,0,3,1,-1,1,1,29,6,124,1,4,YAMAHA X,2,E01016945,0,1
2024010499908,2024,010499908,1,4,0,18,19,5,1,0,0,1,0,0,0,0,1,1,6,6,1,22,5,292,1,3,YAMAHA X,9,E01030568,0,1
2024471403438,2024,471403438,1,3,0,-1,19,-1,-1,-1,0,8,0,0,0,0,4,1,-1,2,2,24,5,124,1,1,YAMAHA X,8,E01017006,0,1
2024010524012,2024,010524012,1,4,0,99,99,9,9,99,99,9,9,99,9,99,1,1,6,6,1,35,6,292,1,4,YAMAHA X,4,E01023857,0,3
2024010535096,2024,010535096,2,4,0,18,19,5,1,0,0,3,0,0,0,0,4,1,1,1,1,36,7,292,1,7,YAMAHA X,3,E01002627,0,1
2024010539409,2024,010539409,1,3,0,99,99,9,9,99,99,9,9,99,9,99,9,1,1,1,3,34,6,292,1,2,YAMAHA X,3,E01000184,0,1
2024440232246,2024,440232246,1,3,0,3,3,7,3,0,0,1,0,0,0,0,1,1,2,2,1,37,7,124,1,2,YAMAHA X,4,E01022540,0,1
2024010518682,2024,010518682,1,4,0,99,99,9,9,99,99,9,9,99,9,99,1,1,6,6,1,30,6,292,1,7,YAMAHA X,3,E01000622,0,2
2024010536523,2024,010536523,1,3,0,18,19,6,2,0,0,1,0,0,0,0,0,1,6,6,1,36,7,124,1,1,YAMAHA X,4,E01004038,0,1
2024401524964,2024,401524964,2,3,-1,-1,-1,-1,-1,-1,-1,0,-1,-1,-1,0,-1,1,-1,6,1,32,6,124,1,3,YAMAHA X,5,E01015793,0,1
2024411515258,2024,411515258,2,3,-1,-1,-1,-1,-1,-1,-1,-1,-1,-1,-1,0,1,1,-1,2,1,25,5,124,1,0,YAMAHA X,10,E01021459,0,4
2024010513431,2024,010513431,1,3,0,18,19,9,9,99,99,9,9,99,9,99,9,1,2,2,1,21,5,124,1,4,YAMAHA X,2,E01001959,0,1
2024451518733,2024,451518733,1,3,0,-1,19,3,7,-1,0,2,1,0,0,0,4,1,-1,2,2,65,9,124,1,3,YAMAHA X,-1,-1,0,-1
2024010539113,2024,010539113,1,3,9,99,99,9,9,99,99,9,9,99,9,99,1,1,1,1,1,25,5,124,1,2,YAMAHA X,4,E01002057,0,1
2024010529065,2024,010529065,1,3,0,99,99,9,9,99,99,9,9,99,9,99,9,1,1,1,2,24,5,124,1,3,YAMAHA X,2,E01033455,0,1
2024010514144,2024,010514144,1,3,9,99,99,9,9,99,99,9,9,99,9,99,9,1,1,1,3,23,5,124,1,3,YAMAHA X,3,E01003431,0,2
2024010500809,2024,010500809,1,3,0,99,99,9,9,99,99,1,9,99,9,99,9,1,1,1,1,24,5,124,1,4,YAMAHA X,3,E01004405,0,2
2024010528112,2024,010528112,1,3,0,99,99,9,9,99,99,0,9,99,9,99,1,1,1,1,1,49,8,124,1,1,YAMAHA X,6,E01003392,0,1
2024461526645,2024,461526645,2,4,0,-1,9,3,7,-1,0,1,0,0,0,0,2,1,-1,9,1,80,11,292,1,4,YAMAHA X,8,E01024652,0,1
2024010507774,2024,010507774,1,3,0,99,99,9,9,99,99,9,9,99,9,99,9,1,1,1,3,39,7,124,1,4,YAMAHA X,5,E01001686,0,2
2024430495419,2024,430495419,1,3,0,18,19,8,4,0,0,8,0,0,0,0,2,1,2,2,1,27,6,124,1,4,YAMAHA X,4,E01032733,0,3
2024010549794,2024,010549794,1,3,0,18,19,7,3,0,0,8,0,0,0,0,1,1,1,1,1,48,8,124,1,2,YAMAHA X,6,E01003843,0,1
2024010494735,2024,010494735,2,4,0,13,13,7,3,0,0,1,0,0,0,0,0,1,6,6,1,18,4,124,1,2,YAMAHA X,2,E01003044,0,1
2024010504579,2024,010504579,1,3,0,99,99,9,9,99,99,9,9,99,9,99,9,1,6,6,1,18,4,124,1,2,YAMAHA X,4,E01001241,0,1
2024451437345,2024,451437345,1,3,0,-1,19,4,8,-1,0,1,0,0,0,0,1,1,-1,1,1,23,5,124,1,1,YAMAHA X,9,E01030977,0,2
2024010520986,2024,010520986,2,3,0,99,99,9,9,99,99,9,9,99,9,99,9,1,6,6,1,27,6,124,1,2,YAMAHA X,4,E01002738,0,2
2024010502919,2024,010502919,1,3,0,18,19,9,9,99,99,9,9,99,9,99,1,1,6,6,1,26,6,124,1,1,YAMAHA X,7,E01003852,0,2
2024010500318,2024,010500318,1,3,0,99,99,9,9,99,99,9,9,99,9,99,9,1,1,1,1,22,5,124,1,5,YAMAHA X,2,E01001978,0,2
2024010503215,2024,010503215,1,3,0,99,99,9,9,99,99,9,9,99,9,99,9,1,1,1,1,38,7,124,1,5,YAMAHA X,2,E01001505,0,1
2024010500054,2024,010500054,2,3,0,5,5,3,7,0,0,8,0,0,0,0,1,1,1,1,1,36,7,124,1,2,YAMAHA X,4,E01003141,0,1
2024451423161,2024,451423161,1,3,0,-1,5,5,1,-1,0,0,0,0,0,0,3,1,-1,1,1,41,7,124,1,4,YAMAHA X,10,E01016575,0,1
2024461526888,2024,461526888,1,3,0,-1,4,4,8,-1,0,1,1,0,0,0,1,1,-1,6,1,36,7,292,1,6,YAMAHA X,2,E01024047,0,1
2024340WN7272,2024,340WN7272,2,3,0,-1,9,5,3,-1,0,1,0,0,0,0,2,1,-1,1,1,29,6,292,1,5,YAMAHA X,1,E01027239,0,1
2024010521914,2024,010521914,2,3,0,15,15,4,8,0,0,5,0,0,0,0,1,1,6,6,1,40,7,124,1,4,YAMAHA X,8,E01004502,0,1
2024010520959,2024,010520959,1,3,0,99,99,9,9,99,99,9,9,99,9,99,1,1,2,2,1,30,6,124,1,0,YAMAHA X,3,E01000998,0,3
2024010504999,2024,010504999,2,4,0,18,19,7,3,0,0,8,0,0,0,0,1,1,2,2,1,27,6,124,1,2,YAMAHA X,3,E01034206,0,3
2024010517731,2024,010517731,2,4,0,18,19,7,3,0,0,0,0,0,0,0,1,1,6,6,3,-1,-1,124,1,2,YAMAHA X,-1,-1,0,-1
2024430237493,2024,430237493,1,3,0,3,3,7,3,0,0,1,0,0,0,0,1,1,2,2,1,49,8,124,1,6,YAMAHA X,10,E01016575,0,1
2024010506526,2024,010506526,1,3,9,99,99,9,9,99,99,0,9,99,9,99,9,1,6,6,3,41,7,124,1,2,YAMAHA X,5,E01032782,0,1
2024010533030,2024,010533030,2,3,0,18,19,3,7,0,0,1,0,0,0,0,1,1,6,6,1,29,6,124,1,5,YAMAHA X,2,E01002069,0,1
2024351481690,2024,351481690,2,3,0,-1,11,5,1,-1,0,0,1,0,0,0,2,1,-1,1,1,35,6,124,1,1,YAMAHA X,6,E01033179,0,1
2024010535847,2024,010535847,1,3,0,99,99,9,9,99,99,1,9,99,9,99,9,1,6,6,3,25,5,292,1,0,YAMAHA X,9,E01034360,0,4
2024010499495,2024,010499495,1,3,0,99,99,9,9,99,99,0,9,99,9,99,9,1,1,1,1,39,7,124,1,1,YAMAHA X,8,E01003361,0,1
2024010531259,2024,010531259,2,3,0,13,13,1,5,0,0,1,0,0,0,0,1,1,1,1,1,48,8,124,1,0,YAMAHA X,3,E01001011,0,2
2024010511499,2024,010511499,1,3,0,99,99,9,9,99,99,9,9,99,9,99,9,1,1,1,3,37,7,124,1,1,YAMAHA X,6,E01001573,0,2
2024010524641,2024,010524641,1,3,9,99,99,9,9,99,99,9,9,99,9,99,1,1,1,1,1,32,6,124,1,0,YAMAHA X,4,E01023584,0,4
2024471435621,2024,471435621,1,3,0,-1,19,7,3,-1,0,1,0,0,0,0,1,1,-1,6,1,25,5,124,1,4,YAMAHA X,4,E01031599,0,1
2024010517697,2024,010517697,1,3,0,99,99,9,9,99,99,9,9,99,9,99,1,1,2,2,1,29,6,124,1,2,YAMAHA X,6,E01003949,0,3
2024471394324,2024,471394324,1,3,0,-1,7,3,5,-1,0,2,0,0,0,0,2,1,-1,1,1,29,6,124,1,1,YAMAHA X,2,E01016945,0,1
2024010519645,2024,010519645,1,3,0,18,19,5,1,0,0,8,2,0,0,0,4,1,1,1,1,26,6,124,1,2,YAMAHA X,-1,-1,0,-1
2024010535859,2024,010535859,1,2,9,99,99,9,9,99,99,0,9,99,9,99,9,1,1,1,1,22,5,124,1,2,YAMAHA X,3,E01003082,0,1
2024010505591,2024,010505591,1,3,0,99,99,9,9,99,99,9,9,99,9,99,9,1,2,2,1,21,5,292,1,2,YAMAHA X,5,E01000591,0,3
2024010544663,2024,010544663,1,3,0,99,99,9,9,99,99,1,9,99,9,99,0,1,2,2,1,29,6,124,1,1,YAMAHA X,4,E01004411,0,3
2024010542965,2024,010542965,1,3,0,99,99,9,9,99,99,1,9,99,9,99,9,1,1,1,3,33,6,124,1,2,YAMAHA X,6,E01001258,0,2
2024311431280,2024,311431280,2,3,0,-1,5,2,1,-1,0,1,0,0,0,0,4,1,-1,1,1,34,6,124,1,5,YAMAHA X,1,E01013948,0,1
2024411517832,2024,411517832,1,3,0,-1,3,5,8,-1,0,0,0,0,0,0,2,1,-1,2,1,38,7,124,1,2,YAMAHA X,7,E01033023,0,1
2024411543001,2024,411543001,2,3,0,-1,14,3,7,-1,0,8,0,0,0,0,4,1,-1,6,2,27,6,124,1,2,YAMAHA X,9,E01023674,0,1
2024440021802,2024,440021802,2,3,0,18,19,8,4,0,0,0,1,0,0,0,1,1,2,2,1,32,6,124,1,6,YAMAHA X,8,E01023286,0,2
2024010539439,2024,010539439,2,3,3,18,19,1,5,0,0,6,0,0,0,0,1,1,6,6,1,35,6,124,1,2,YAMAHA X,6,E01003781,0,3
2024010497445,2024,010497445,1,3,0,14,14,5,1,0,0,0,0,0,0,0,1,1,6,6,1,22,5,124,1,2,YAMAHA X,8,E01004168,0,1
2024010516679,2024,010516679,1,4,0,99,99,9,9,99,99,9,9,99,9,99,1,1,6,6,1,39,7,292,1,2,YAMAHA X,2,E01000509,0,1
2024010519987,2024,010519987,1,3,0,3,3,8,4,0,0,0,0,0,0,0,1,1,6,6,1,31,6,292,1,7,YAMAHA X,9,E01004625,0,1
2024411489598,2024,411489598,2,3,0,-1,3,5,1,-1,0,1,0,0,0,0,1,1,-1,1,1,36,7,124,1,0,YAMAHA X,4,E01023337,0,1
202454C063624,2024,54C063624,1,3,0,18,19,2,6,0,0,1,0,0,0,0,1,1,6,6,1,43,7,124,1,1,YAMAHA X,-1,-1,0,-1
2024010513697,2024,010513697,1,3,0,99,99,9,9,99,99,9,9,99,9,99,9,1,2,2,1,44,7,124,1,1,YAMAHA X,9,E01004694,0,2
2024010527297,2024,010527297,1,3,0,99,99,9,9,99,99,1,9,99,9,99,9,1,1,1,3,39,7,124,1,5,YAMAHA X,3,E01004060,0,1
2024010499667,2024,010499667,1,3,0,99,99,9,9,99,99,9,9,99,9,99,1,1,6,6,1,22,5,124,1,2,YAMAHA X,4,E01031605,0,4
2024010518509,2024,010518509,1,4,0,14,14,1,5,0,0,8,0,0,0,0,1,1,6,6,1,48,8,292,1,3,YAMAHA X,4,E01030503,0,4
2024010513080,2024,010513080,1,3,0,99,99,9,9,99,99,9,9,99,9,99,9,1,2,2,1,46,8,124,1,3,YAMAHA X,3,E01003377,0,1
2024010523745,2024,010523745,2,3,0,18,19,3,7,0,0,8,0,10,0,0,3,1,6,6,1,41,7,124,1,5,YAMAHA X,3,E01004060,0,1
2024010545547,2024,010545547,2,3,0,99,99,9,9,99,99,9,9,8,9,99,9,1,1,1,1,27,6,124,1,0,YAMAHA X,3,E01003923,0,1
2024010518725,2024,010518725,1,4,0,18,19,1,5,0,0,1,0,0,0,0,1,1,1,1,1,39,7,250,1,6,YAMAHA X,5,E01003666,0,2
2024010498438,2024,010498438,2,3,0,13,13,5,1,0,0,2,0,0,0,0,1,1,1,1,1,36,7,124,1,5,YAMAHA X,5,E01003067,0,2
2024010530746,2024,010530746,2,3,0,13,13,5,1,0,0,2,1,0,0,0,2,1,6,6,1,39,7,124,1,2,YAMAHA X,2,E01033882,0,1
2024010544705,2024,010544705,1,3,0,18,19,7,3,0,0,8,0,0,0,0,1,1,1,1,1,31,6,124,1,4,YAMAHA X,9,E01000712,0,1
2024010504555,2024,010504555,1,3,0,99,99,9,9,99,99,9,9,99,9,99,9,1,2,2,1,48,8,124,1,2,YAMAHA X,3,E01004023,0,3
2024471516596,2024,471516596,2,3,0,-1,3,7,3,-1,0,1,0,0,0,0,3,1,-1,6,1,20,4,124,1,4,YAMAHA X,4,E01016852,0,1
2024440156966,2024,440156966,1,4,0,18,19,1,5,0,0,0,0,0,0,0,4,1,2,2,1,27,6,292,1,1,YAMAHA X,3,E01017193,0,2
2024010500172,2024,010500172,1,3,0,99,99,9,9,99,99,1,9,99,9,99,9,1,6,6,1,19,4,124,1,6,YAMAHA X,4,E01004425,0,2
2024010542747,2024,010542747,1,3,0,99,99,9,9,99,99,9,9,99,9,99,9,1,1,1,1,29,6,124,1,5,YAMAHA X,4,E01034027,0,3
2024010523866,2024,010523866,1,3,0,2,2,9,9,99,99,9,9,99,9,99,9,1,6,6,1,53,8,124,1,3,YAMAHA X,6,E01001277,0,1
2024010496801,2024,010496801,2,4,0,99,99,9,9,99,99,9,9,99,9,99,2,1,6,6,3,-1,-1,124,1,2,YAMAHA X,-1,-1,0,-1
2024010504747,2024,010504747,1,3,0,99,99,9,9,99,99,9,9,99,9,99,1,1,1,1,1,32,6,124,1,6,YAMAHA X,2,E01001673,0,1
2024320222400,2024,320222400,1,4,0,-1,-1,6,2,0,0,0,5,12,1,0,1,1,6,6,1,71,10,292,1,3,YAMAHA X,9,E01026229,0,1
2024010506071,2024,010506071,2,4,0,18,19,1,5,0,0,1,0,0,0,0,1,1,6,6,1,26,6,292,1,6,YAMAHA X,6,E01001040,0,1
2024010505624,2024,010505624,1,2,0,18,19,2,6,0,0,1,0,0,0,0,1,1,6,6,1,20,4,124,1,6,YAMAHA X,3,E01004445,0,3
2024421447916,2024,421447916,2,2,0,-1,19,6,3,-1,0,1,0,0,0,0,1,1,-1,9,1,46,8,124,1,6,YAMAHA X,8,E01021538,0,2
2024010547769,2024,010547769,1,3,0,99,99,9,9,99,99,9,9,99,9,99,1,1,6,6,3,-1,-1,124,1,6,YAMAHA X,4,E01000164,0,2
2024430574563,2024,430574563,2,3,0,2,2,0,0,0,0,0,0,0,0,0,1,1,1,1,1,38,7,124,1,1,YAMAHA X,6,E01028558,0,1
2024010527899,2024,010527899,1,3,0,13,13,7,3,0,0,8,0,0,0,0,1,1,6,6,1,33,6,124,1,2,YAMAHA X,2,E01003338,0,1
2024010538023,2024,010538023,2,3,0,18,19,3,7,0,0,1,0,0,0,0,4,1,1,1,1,29,6,124,1,2,YAMAHA X,2,E01033737,0,1
2024010538653,2024,010538653,1,4,0,99,99,9,9,99,99,9,9,99,9,99,2,1,6,6,1,21,5,292,1,4,YAMAHA X,5,E01002682,0,2
2024010516096,2024,010516096,1,3,0,99,99,9,9,99,99,1,9,99,9,99,9,1,6,6,1,40,7,124,1,2,YAMAHA X,3,E01003979,0,1
2024010519246,2024,010519246,2,4,0,15,15,3,7,0,0,3,0,0,0,0,2,1,6,6,1,31,6,300,1,7,YAMAHA X,2,E01033882,0,1
2024201521477,2024,201521477,1,3,0,-1,5,2,6,-1,0,0,0,4,0,0,4,1,-1,6,1,19,4,124,1,3,YAMAHA X,1,E01033648,0,1
2024010515668,2024,010515668,2,3,0,5,5,7,3,0,0,8,2,10,2,10,4,1,6,6,1,20,4,124,1,4,YAMAHA X,5,E01001381,0,1
2024430581573,2024,430581573,1,3,0,4,4,5,1,0,0,1,0,0,0,0,1,1,6,6,1,29,6,124,1,4,YAMAHA X,6,E01028530,0,1
2024010517292,2024,010517292,3,4,0,18,19,5,1,0,0,2,0,0,0,0,2,1,1,1,1,36,7,292,1,1,YAMAHA X,4,E01000489,0,1
2024201470319,2024,201470319,2,3,0,-1,19,6,2,-1,0,0,0,0,0,0,4,1,-1,9,1,30,6,124,1,7,YAMAHA X,1,E01009020,0,1
2024010545921,2024,010545921,1,4,0,18,19,9,9,99,99,9,9,99,9,99,1,1,1,1,1,25,5,292,1,1,YAMAHA X,2,E01003940,0,1
2024010502746,2024,010502746,1,3,0,99,99,9,9,99,99,9,9,99,9,99,9,1,6,6,3,36,7,124,1,1,YAMAHA X,5,E01030980,0,4
2024440496188,2024,440496188,1,3,0,18,19,5,1,0,0,8,0,0,0,0,3,1,2,2,1,28,6,124,1,1,YAMAHA X,5,E01017158,0,1
2024471453308,2024,471453308,1,3,0,-1,19,7,3,-1,0,8,0,0,0,0,1,1,-1,1,1,33,6,124,1,3,YAMAHA X,2,E01016978,0,1
2024010498846,2024,010498846,2,3,0,18,19,5,1,0,0,8,0,0,0,0,3,1,2,2,1,26,6,124,1,1,YAMAHA X,3,E01003560,0,1