collision_index,collision_year,collision_ref_no,vehicle_reference,vehicle_type,towing_and_articulation,vehicle_manoeuvre_historic,vehicle_manoeuvre,vehicle_direction_from,vehicle_direction_to,vehicle_location_restricted_lane_historic,vehicle_location_restricted_lane,junction_location,skidding_and_overturning,hit_object_in_carriageway,vehicle_leaving_carriageway,hit_object_off_carriageway,first_point_of_impact,vehicle_left_hand_drive,journey_purpose_of_driver_historic,journey_purpose_of_driver,sex_of_driver,age_of_driver,age_band_of_driver,engine_capacity_cc,propulsion_code,age_of_vehicle,generic_make_model,driver_imd_decile,lsoa_of_driver,escooter_flag,driver_distance_banding
2024440301542,2024,440301542,1,3,0,18,19,5,1,0,0,2,0,0,0,0,1,1,2,2,1,38,7,124,1,1,YAMAHA X,9,E01035438,0,3
2024461515771,2024,461515771,2,3,0,-1,19,3,7,-1,0,8,0,0,0,0,3,1,-1,2,1,27,6,124,1,0,YAMAHA X,6,E01024180,0,1
2024010531567,2024,010531567,1,3,9,99,99,9,9,99,99,9,9,99,9,99,9,1,1,1,1,38,7,292,1,1,YAMAHA X,2,E01003511,0,2
2024010524666,2024,010524666,1,3,0,99,99,9,9,99,99,9,9,99,9,99,9,1,1,1,3,32,6,124,1,0,YAMAHA X,5,E01003632,0,3
2024010523967,2024,010523967,1,3,0,18,19,8,4,2,2,1,0,0,0,0,1,1,2,2,1,47,8,124,1,0,YAMAHA X,4,E01004228,0,1
2024010549499,2024,010549499,2,3,0,-1,-1,3,7,0,0,1,0,0,0,0,1,1,6,6,1,17,4,124,1,0,YAMAHA X,2,E01003252,0,2
2024010490163,2024,010490163,2,3,0,18,19,1,5,0,0,8,0,0,0,0,3,1,1,1,1,28,6,124,1,3,YAMAHA X,-1,-1,0,-1
2024010530509,2024,010530509,1,4,0,18,19,3,7,0,0,0,1,4,0,0,1,1,6,6,1,77,11,292,1,0,YAMAHA X,6,E01034580,0,1
2024010515356,2024,010515356,1,3,0,99,99,9,9,99,99,9,9,99,9,99,1,1,1,1,1,29,6,124,1,4,YAMAHA X,4,E01004342,0,2
2024010542118,2024,010542118,2,4,0,14,14,5,1,0,0,1,0,0,0,0,0,1,1,1,1,24,5,124,1,6,YAMAHA X,5,E01004172,0,1
2024010517596,2024,010517596,2,2,0,18,19,3,7,0,0,1,0,0,0,0,1,1,1,1,1,49,8,292,1,4,YAMAHA X,4,E01002055,0,1
2024421475680,2024,421475680,2,3,0,-1,19,5,1,-1,0,1,0,0,0,0,1,1,-1,1,1,29,6,124,1,1,YAMAHA X,2,E01015896,0,1
2024010530510,2024,010530510,1,3,9,99,99,9,9,99,99,9,9,99,9,99,9,1,1,1,1,23,5,292,1,5,YAMAHA X,7,E01002927,0,1
2024010532916,2024,010532916,2,4,0,18,19,7,3,0,0,6,1,0,0,0,3,1,1,1,2,45,7,292,1,0,YAMAHA X,7,E01004372,0,3
2024010505400,2024,010505400,1,3,0,18,19,5,1,0,0,1,0,0,0,0,3,1,1,1,1,35,6,292,1,2,YAMAHA X,3,E01004403,0,3
2024052401051,2024,052401051,2,3,0,14,14,3,7,0,0,0,0,0,0,0,1,1,2,2,1,39,7,124,1,2,YAMAHA X,2,E01032510,0,1
2024421506974,2024,421506974,2,3,0,-1,-1,-1,-1,-1,-1,0,-1,-1,-1,0,-1,1,-1,6,1,40,7,124,1,0,YAMAHA X,3,E01000099,0,3
2024622400788,2024,622400788,2,3,0,18,19,4,8,0,0,1,0,0,0,0,2,1,6,6,1,21,5,124,1,0,YAMAHA X,1,W01001292,0,1
2024010519330,2024,010519330,1,3,0,3,3,9,9,99,99,9,9,99,9,99,1,1,1,1,1,32,6,292,1,5,YAMAHA X,5,E01001859,0,2
2024010539091,2024,010539091,2,3,0,18,19,1,5,0,0,4,0,0,0,0,4,1,6,6,1,47,8,124,1,3,YAMAHA X,5,E01001607,0,2
2024451535140,2024,451535140,2,3,0,-1,13,6,2,-1,0,1,0,0,0,0,1,1,-1,2,1,32,6,124,1,5,YAMAHA X,3,E01002768,0,4
2024471467778,2024,471467778,1,3,0,-1,13,3,7,-1,0,8,5,0,7,0,1,1,-1,1,1,21,5,124,1,0,YAMAHA X,3,E01016909,0,1
2024201498703,2024,201498703,2,4,0,-1,19,6,2,-1,0,8,0,0,0,0,1,1,-1,6,1,45,7,292,1,0,YAMAHA X,7,E01034099,0,4
2024010521725,2024,010521725,2,3,0,13,13,1,5,0,0,1,0,0,0,0,1,1,1,1,1,42,7,292,1,2,YAMAHA X,2,E01032564,0,1
2024010543967,2024,010543967,1,4,0,3,3,5,1,0,0,0,0,0,0,0,2,1,6,6,1,41,7,292,1,4,YAMAHA X,5,E01015953,0,2
2024010497561,2024,010497561,1,3,0,18,19,7,3,9,9,1,1,10,1,11,1,1,6,6,1,32,6,124,1,1,YAMAHA X,2,E01000798,0,3
2024010502873,2024,010502873,1,3,0,99,99,9,9,99,99,9,9,99,9,99,9,1,1,1,3,43,7,124,1,1,YAMAHA X,5,E01000996,0,1
2024010514569,2024,010514569,1,4,0,99,99,9,9,99,99,9,9,99,9,99,2,1,2,2,2,44,7,292,1,2,YAMAHA X,7,E01004372,0,3
2024430265512,2024,430265512,1,3,0,16,19,7,2,0,0,1,5,0,0,0,1,1,1,1,1,61,9,124,1,2,YAMAHA X,4,E01028516,0,1
2024010503144,2024,010503144,2,3,0,99,99,9,9,99,99,0,9,99,9,99,1,1,6,6,3,17,4,124,1,6,YAMAHA X,2,E01001753,0,1
2024430137262,2024,430137262,1,3,0,13,13,7,3,0,0,1,0,0,7,0,4,1,6,6,1,32,6,292,1,2,YAMAHA X,-1,-1,0,-1
2024010499913,2024,010499913,1,3,9,99,99,9,9,99,99,9,9,99,9,99,1,1,1,1,1,26,6,124,1,2,YAMAHA X,2,E01001485,0,2
2024010501124,2024,010501124,2,3,0,10,10,1,7,0,0,1,0,0,0,0,4,1,6,6,2,26,6,124,1,1,YAMAHA X,4,E01002044,0,1
2024010505985,2024,010505985,1,4,0,99,99,9,9,99,99,1,9,99,9,99,9,1,6,6,1,25,5,292,1,3,YAMAHA X,3,E01003993,0,2
2024010513818,2024,010513818,1,3,0,99,99,9,9,99,99,0,9,99,9,99,9,1,6,6,3,39,7,124,1,2,YAMAHA X,1,E01001442,0,1
2024552401450,2024,552401450,2,3,0,9,9,3,1,0,0,6,0,0,0,0,3,1,2,2,1,42,7,124,1,2,YAMAHA X,6,E01015286,0,1
2024010513677,2024,010513677,1,3,0,99,99,9,9,99,99,9,9,99,9,99,2,1,6,6,1,35,6,124,1,2,YAMAHA X,2,E01002087,0,2
2024421489620,2024,421489620,2,3,0,-1,9,3,1,-1,0,1,0,0,0,0,1,1,-1,6,1,32,6,292,1,2,YAMAHA X,3,E01017267,0,5
2024010539162,2024,010539162,1,3,0,15,15,1,5,0,0,0,0,0,0,0,2,1,1,1,1,59,9,124,1,0,YAMAHA X,3,E01004630,0,1
2024122400717,2024,122400717,1,4,0,18,19,8,4,0,0,0,0,0,7,11,1,1,6,6,1,62,9,292,1,1,YAMAHA X,2,E01012711,0,4
2024010515388,2024,010515388,1,3,0,99,99,9,9,99,99,9,9,99,9,99,1,1,6,6,1,41,7,124,1,1,YAMAHA X,5,E01002202,0,2
2024010513913,2024,010513913,1,23,0,18,19,5,1,0,0,1,0,0,0,0,1,1,6,6,1,32,6,124,1,2,YAMAHA X,8,E01004639,0,1
2024471470917,2024,471470917,1,4,0,-1,19,7,3,-1,0,0,0,0,0,0,4,1,-1,9,1,21,5,292,1,2,YAMAHA X,5,E01000454,0,4
2024552401366,2024,552401366,1,3,0,9,9,8,6,0,0,8,0,0,0,0,3,1,6,6,1,40,7,292,1,1,YAMAHA X,4,E01015327,0,1
2024010523208,2024,010523208,1,3,0,18,19,7,3,9,9,0,0,0,0,0,1,1,6,6,1,23,5,124,1,6,YAMAHA X,-1,-1,0,-1
2024010506496,2024,010506496,1,3,9,99,99,9,9,99,99,9,9,99,9,99,9,1,1,1,1,30,6,395,1,4,YAMAHA X,6,E01001496,0,2
2024451489773,2024,451489773,2,5,0,-1,15,3,7,-1,0,1,1,0,7,0,4,1,-1,9,1,37,7,998,1,16,-1,5,E01021492,0,4
2024010549775,2024,010549775,1,9,0,99,99,9,9,99,99,9,9,99,9,99,2,9,2,2,2,25,5,1380,1,12,AUDI MODEL MISSING,9,E01023428,0,4
2024411425669,2024,411425669,2,9,0,-1,4,2,6,-1,0,0,0,0,0,0,2,1,-1,6,1,34,6,1781,1,21,AUDI MODEL MISSING,6,E01017925,0,4
2024131475906,2024,131475906,2,9,0,-1,-1,-1,-1,-1,-1,8,-1,-1,-1,0,-1,1,-1,9,1,32,6,1995,1,10,AUDI MODEL MISSING,4,E01011924,0,4
2024231519951,2024,231519951,1,9,0,-1,19,1,4,-1,0,0,1,0,0,0,1,1,-1,6,2,32,6,1984,1,9,AUDI MODEL MISSING,7,E01032253,0,1
2024471460673,2024,471460673,1,9,0,-1,19,5,1,-1,0,1,0,0,0,0,1,1,-1,6,1,23,5,3189,1,19,AUDI MODEL MISSING,6,E01031406,0,1
2024501514349,2024,501514349,1,9,0,-1,19,8,4,-1,0,4,0,0,0,0,1,1,-1,9,1,44,7,1781,1,24,AUDI MODEL MISSING,1,E01015044,0,1
2024451414170,2024,451414170,4,9,0,-1,3,7,3,-1,0,0,0,0,0,0,2,1,-1,9,1,59,9,3000,1,14,AUDI MODEL MISSING,10,E01031383,0,4
2024440291217,2024,440291217,2,9,0,9,9,6,2,0,0,5,0,0,0,0,4,1,6,6,1,31,6,1968,2,10,AUDI MODEL MISSING,1,E01017332,0,2
2024340NN1432,2024,340NN1432,1,9,0,-1,9,6,4,-1,0,6,0,0,0,0,3,1,-1,9,2,29,6,1968,2,10,AUDI MODEL MISSING,1,E01026968,0,1
2024010522726,2024,010522726,1,9,0,18,19,3,7,0,0,0,0,0,0,0,1,1,6,6,1,26,6,1380,1,11,AUDI MODEL MISSING,8,E01033612,0,4
2024201514655,2024,201514655,2,9,0,-1,19,4,8,-1,0,6,0,0,0,0,1,9,-1,9,1,51,8,1422,2,23,AUDI MODEL MISSING,2,E01009944,0,1
2024430234498,2024,430234498,3,9,0,18,19,6,2,0,0,0,0,0,0,0,1,1,6,6,2,62,9,3120,1,16,AUDI MODEL MISSING,-1,-1,0,-1
2024010531566,2024,010531566,1,9,0,99,99,9,9,99,99,9,9,99,9,99,1,9,6,6,3,-1,-1,3990,1,11,AUDI MODEL MISSING,-1,-1,0,-1
2024010518994,2024,010518994,2,9,0,18,19,7,3,0,0,2,0,4,0,0,1,1,6,6,3,-1,-1,1380,1,11,AUDI MODEL MISSING,-1,-1,0,-1
2024471407765,2024,471407765,2,19,0,-1,19,3,8,-1,0,1,0,0,0,0,1,1,-1,6,1,54,8,1360,1,14,CITROEN NEMO,2,E01016911,0,1
2024471423140,2024,471423140,1,9,0,-1,19,3,7,-1,0,0,5,0,7,10,1,1,-1,2,1,61,9,1399,2,15,CITROEN NEMO,1,E01021015,0,3
2024010541346,2024,010541346,2,19,0,18,19,5,1,0,0,3,0,9,3,7,1,1,2,2,1,36,7,1248,2,8,CITROEN NEMO,6,E01002614,0,2
2024010543552,2024,010543552,1,19,0,14,14,7,3,0,0,1,0,0,0,0,1,1,1,1,1,56,9,1248,2,8,CITROEN NEMO,5,E01002913,0,3
2024201515212,2024,201515212,2,9,0,-1,19,4,8,-1,0,8,0,0,0,0,1,1,-1,6,1,63,9,1399,2,14,CITROEN NEMO,-1,-1,0,-1
2024201408119,2024,201408119,2,19,0,-1,10,8,6,-1,0,1,0,0,0,0,2,1,-1,1,2,54,8,1248,2,10,CITROEN NEMO,4,E01009249,0,1
2024471420733,2024,471420733,1,19,0,-1,4,5,1,-1,0,8,0,0,0,0,2,1,-1,1,1,43,7,1248,2,11,CITROEN NEMO,6,E01031342,0,3
2024332400505,2024,332400505,1,19,0,-1,19,8,4,-1,0,0,1,0,7,0,4,1,-1,6,1,34,6,1248,2,14,CITROEN NEMO,3,E01034022,0,2
2024010546750,2024,010546750,2,19,0,99,99,9,9,99,99,9,9,99,9,99,9,1,6,6,3,-1,-1,1360,1,15,CITROEN NEMO,4,E01002486,0,3
2024010551014,2024,010551014,1,19,0,99,99,9,9,99,99,9,9,99,9,99,9,9,2,2,1,39,7,1360,1,15,CITROEN NEMO,3,E01000128,0,1
2024010514736,2024,010514736,1,19,0,99,99,9,9,99,99,9,9,99,9,99,1,9,6,6,1,37,7,1360,1,15,CITROEN NEMO,3,E01001941,0,3
2024461398328,2024,461398328,1,19,0,-1,-1,-1,-1,-1,-1,0,-1,-1,-1,0,-1,9,-1,6,3,-1,-1,1248,2,9,CITROEN NEMO,-1,-1,0,-1
2024010521430,2024,010521430,2,19,0,99,99,9,9,99,99,9,9,99,9,99,9,9,6,6,3,-1,-1,1360,1,12,CITROEN NEMO,-1,-1,0,-1
2024201464762,2024,201464762,1,19,0,-1,19,6,2,-1,0,0,0,0,0,0,1,1,-1,6,1,20,4,1248,2,13,CITROEN NEMO,-1,-1,0,-1
2024440266283,2024,440266283,1,9,0,9,9,8,6,0,0,5,0,0,0,0,2,1,6,6,1,49,8,1399,2,15,CITROEN NEMO,6,E01033239,0,1
2024520403056,2024,520403056,2,9,0,18,19,3,7,0,0,8,0,0,0,0,1,1,6,6,2,35,6,1399,2,14,CITROEN NEMO,6,E01029084,0,1
2024052400382,2024,052400382,2,19,0,18,19,5,1,0,0,0,0,0,0,0,2,1,1,1,1,31,6,1248,2,8,CITROEN NEMO,4,E01012394,0,1
2024440502099,2024,440502099,2,19,0,18,19,8,4,0,0,1,0,0,0,0,1,1,6,6,2,51,8,1248,2,8,CITROEN NEMO,10,E01023200,0,2
2024991526378,2024,991526378,2,19,0,-1,19,6,2,-1,0,0,0,0,0,0,3,1,-1,1,1,22,5,1248,2,11,CITROEN NEMO,1,-1,0,4
2024520402533,2024,520402533,2,19,0,18,19,2,5,0,0,1,0,0,0,0,2,1,6,6,1,34,6,1248,2,11,CITROEN NEMO,6,E01029321,0,3
2024401435007,2024,401435007,2,20,0,-1,4,4,8,-1,0,0,0,0,0,0,2,1,-1,2,1,40,7,-1,-1,-1,CITROEN NEMO,9,E01016833,0,4
2024461439431,2024,461439431,2,19,0,-1,7,6,2,-1,0,6,0,0,1,0,2,9,-1,6,1,27,6,1248,2,10,CITROEN NEMO,4,E01024387,0,1
2024471423260,2024,471423260,1,19,0,-1,9,7,5,-1,0,2,0,0,0,0,1,1,-1,1,1,60,9,1248,2,9,CITROEN NEMO,7,E01021182,0,2
2024440201227,2024,440201227,1,19,0,18,19,4,8,0,0,0,0,0,0,0,2,1,6,6,1,35,6,1399,2,15,CITROEN NEMO,6,E01017049,0,1
2024161454417,2024,161454417,3,19,0,-1,4,1,5,-1,0,0,0,0,0,0,2,9,-1,1,2,48,8,1248,2,8,CITROEN NEMO,8,E01035471,0,2
2024061414508,2024,061414508,1,9,0,-1,1,4,8,-1,0,2,0,0,0,0,2,1,-1,6,3,-1,-1,1360,1,14,CITROEN NEMO,-1,-1,0,-1
2024520402461,2024,520402461,1,9,0,3,3,9,9,0,0,1,0,0,0,0,2,1,6,6,1,67,10,1399,2,14,CITROEN NEMO,9,E01029260,0,1
2024522401908,2024,522401908,2,19,0,18,19,2,6,0,0,0,0,0,0,0,1,1,6,6,2,59,9,-1,-1,-1,-1,7,W01001889,0,4
2024451491163,2024,451491163,1,9,0,-1,19,1,5,-1,0,6,0,0,0,0,1,9,-1,6,2,82,11,1596,1,9,FORD B-MAX,10,E01030439,0,2
2024421507320,2024,421507320,2,9,-1,-1,19,-1,-1,-1,0,0,0,0,0,0,4,9,-1,6,2,-1,-1,998,1,9,FORD B-MAX,8,E01021337,0,3
2024161501913,2024,161501913,2,9,0,-1,7,1,5,-1,0,7,0,0,0,0,1,9,-1,6,2,-1,-1,998,1,9,FORD B-MAX,-1,-1,0,-1
2024411512536,2024,411512536,1,9,0,-1,19,7,3,-1,0,0,0,0,0,0,1,1,-1,6,2,80,11,998,1,9,FORD B-MAX,9,E01022369,0,5
2024501453749,2024,501453749,1,9,0,-1,19,3,1,-1,0,2,0,0,0,0,4,9,-1,9,2,65,9,998,1,10,FORD B-MAX,4,E01015175,0,1
2024421425126,2024,421425126,1,9,0,-1,19,7,3,-1,0,1,1,0,0,0,1,1,-1,9,2,47,8,1499,2,10,FORD B-MAX,10,E01021379,0,2
2024461450254,2024,461450254,1,9,0,-1,19,2,6,-1,0,0,0,0,0,0,4,9,-1,6,2,77,11,1596,1,9,FORD B-MAX,7,E01024448,0,1
2024061515599,2024,061515599,2,9,-1,-1,-1,-1,-1,-1,-1,0,-1,-1,-1,0,-1,9,-1,6,3,42,7,998,1,9,FORD B-MAX,5,E01005229,0,1
2024552400088,2024,552400088,1,9,0,7,7,6,8,0,0,6,0,0,0,0,3,1,6,6,1,89,11,998,1,9,FORD B-MAX,7,E01020468,0,2
2024351526131,2024,351526131,1,9,0,-1,13,5,1,-1,0,3,0,10,0,0,4,1,-1,6,2,47,8,1388,1,11,FORD B-MAX,8,E01033052,0,4
2024161458828,2024,161458828,1,9,0,-1,19,2,6,-1,0,0,2,0,0,0,1,1,-1,6,1,87,11,1596,1,7,FORD B-MAX,6,E01013153,0,3
2024201472668,2024,201472668,3,9,0,-1,2,0,0,-1,0,1,0,0,0,0,3,9,-1,6,2,-1,-1,998,1,10,FORD B-MAX,2,E01009906,0,1
2024440368992,2024,440368992,1,9,0,9,9,8,4,0,0,5,0,0,0,0,1,1,6,6,2,71,10,998,1,10,FORD B-MAX,4,E01022567,0,1
2024031426686,2024,031426686,1,9,0,-1,19,5,1,-1,0,0,0,0,0,0,4,1,-1,9,2,83,11,998,1,8,FORD B-MAX,-1,-1,0,-1
2024421467286,2024,421467286,2,9,0,-1,19,6,2,-1,0,0,0,0,0,0,2,9,-1,9,2,48,8,1596,1,11,FORD B-MAX,9,E01033721,0,1
2024411412259,2024,411412259,1,9,0,-1,9,8,2,-1,0,1,0,0,0,0,1,1,-1,6,1,84,11,1596,1,10,FORD B-MAX,9,E01023500,0,2
2024471496846,2024,471496846,2,9,0,-1,2,0,0,-1,0,8,0,0,1,0,4,1,-1,6,-1,-1,-1,1596,1,12,FORD B-MAX,-1,-1,0,-1
2024471470707,2024,471470707,2,9,0,-1,19,1,5,-1,0,0,0,0,0,0,4,1,-1,6,1,-1,-1,1388,1,10,FORD B-MAX,2,E01031783,0,1
2024010497666,2024,010497666,2,9,0,17,19,7,3,0,0,0,1,0,0,0,1,1,6,6,3,-1,-1,1388,1,11,FORD B-MAX,-1,-1,0,-1
2024461525500,2024,461525500,1,9,0,-1,19,6,2,-1,0,8,1,0,0,0,3,1,-1,1,2,40,7,1596,1,11,FORD B-MAX,5,E01024711,0,1
2024041468345,2024,041468345,1,9,0,-1,19,3,7,-1,0,0,0,0,0,0,1,1,-1,1,2,24,5,1560,2,11,FORD B-MAX,10,E01025259,0,4
2024991497497,2024,991497497,1,9,0,-1,19,5,2,-1,0,1,0,0,8,10,4,1,-1,9,1,61,9,1596,1,10,FORD B-MAX,6,-1,0,1
2024320189979,2024,320189979,1,9,0,18,19,4,8,0,0,8,0,0,0,0,1,1,-1,-1,2,46,8,1388,1,11,FORD B-MAX,10,E01026324,0,1
2024111453763,2024,111453763,2,9,0,-1,7,5,7,-1,0,1,0,0,0,0,4,1,-1,9,2,38,7,1499,2,9,FORD B-MAX,2,E01020618,0,1
2024440073513,2024,440073513,2,9,0,18,19,4,8,0,0,1,0,0,0,0,1,1,6,6,2,32,6,1596,1,7,FORD B-MAX,8,E01022955,0,1
2024351464712,2024,351464712,1,9,0,-1,19,1,5,-1,0,0,0,0,0,0,1,1,-1,1,1,33,6,1388,1,11,FORD B-MAX,9,E01015631,0,1
2024201517680,2024,201517680,2,9,0,-1,3,1,5,-1,0,0,0,0,0,0,2,1,-1,9,2,41,7,1388,1,11,FORD B-MAX,3,E01010144,0,1
2024010537998,2024,010537998,2,9,0,18,19,5,1,0,0,0,0,0,0,0,1,1,1,1,1,58,9,1388,1,11,FORD B-MAX,-1,-1,0,-1
2024501495076,2024,501495076,1,9,0,-1,19,3,7,-1,0,0,0,0,2,10,4,1,-1,6,2,28,6,1499,2,11,FORD B-MAX,1,E01015046,0,3
2024010515517,2024,010515517,1,9,0,1,1,5,1,0,0,1,0,0,0,0,2,1,6,6,2,56,9,998,1,11,FORD B-MAX,8,E01002421,0,1
2024221410037,2024,221410037,2,9,0,-1,13,7,3,-1,0,8,0,0,0,0,1,1,-1,1,1,63,9,1596,1,11,FORD B-MAX,2,E01009795,0,4
2024451453621,2024,451453621,1,9,0,-1,19,3,7,-1,0,0,1,0,0,0,4,9,-1,9,2,61,9,1388,1,10,FORD B-MAX,4,E01002425,0,4
2024451394601,2024,451394601,3,9,0,-1,19,1,5,-1,0,0,0,0,0,0,1,9,-1,6,2,45,7,998,1,10,FORD B-MAX,-1,-1,0,-1
2024451405264,2024,451405264,1,9,0,-1,19,1,5,-1,0,0,0,0,1,1,1,1,-1,9,1,82,11,1596,1,7,FORD B-MAX,10,E01030969,0,1
2024101432893,2024,101432893,2,9,0,-1,5,3,5,-1,0,0,0,0,0,0,2,9,-1,9,1,63,9,998,1,8,FORD B-MAX,7,E01008552,0,1
2024440133394,2024,440133394,1,9,0,4,4,8,4,0,0,0,0,0,0,0,2,1,6,6,2,67,10,998,1,7,FORD B-MAX,9,E01016788,0,5
2024070100596,2024,070100596,1,9,0,18,19,2,5,0,0,0,0,0,0,0,1,1,2,2,1,26,6,1499,2,9,FORD B-MAX,-1,-1,0,-1
2024440562744,2024,440562744,1,9,0,18,19,7,3,0,0,0,0,0,1,0,1,1,6,6,1,78,11,998,1,11,FORD B-MAX,4,E01017093,0,1
2024332400155,2024,332400155,1,9,0,-1,13,3,7,-1,0,0,0,0,7,2,1,1,-1,6,2,36,7,998,1,10,FORD B-MAX,4,E01013717,0,1
2024421524769,2024,421524769,2,9,0,-1,19,2,6,-1,0,0,0,0,0,0,1,1,-1,9,2,61,9,1596,1,11,FORD B-MAX,10,E01021591,0,3
2024211509658,2024,211509658,2,9,0,-1,4,0,0,-1,0,0,0,4,0,0,2,1,-1,6,1,34,6,1499,2,10,FORD B-MAX,1,E01009099,0,3
2024302400318,2024,302400318,2,9,0,18,19,4,8,0,0,8,0,0,0,0,3,1,6,6,2,41,7,998,1,11,FORD B-MAX,8,E01019764,0,2
2024471480655,2024,471480655,2,9,0,-1,5,1,5,-1,0,6,0,0,0,0,3,1,-1,9,2,77,11,1388,1,9,FORD B-MAX,4,E01021138,0,2
2024052400049,2024,052400049,5,9,0,18,19,3,7,0,0,0,0,0,0,0,3,1,6,6,2,37,7,1596,1,10,FORD B-MAX,10,E01035388,0,3
2024461419299,2024,461419299,2,9,0,-1,2,0,0,-1,9,0,0,0,0,0,3,1,-1,6,-1,-1,-1,1596,1,9,FORD B-MAX,-1,-1,0,-1
2024440013910,2024,440013910,1,9,0,9,9,8,6,0,0,6,0,0,0,0,3,1,6,6,2,85,11,1596,1,8,FORD B-MAX,7,E01023071,0,2
2024461490689,2024,461490689,2,9,0,-1,2,3,7,-1,0,0,0,0,0,0,0,1,-1,9,2,54,8,1596,1,10,FORD B-MAX,3,E01024103,0,3
2024430603133,2024,430603133,2,9,0,10,10,6,3,0,0,5,0,0,0,0,2,1,6,6,2,52,8,1596,1,12,FORD B-MAX,9,E01028482,0,2
2024320358471,2024,320358471,1,9,0,13,13,4,8,0,0,0,1,0,0,0,1,1,6,6,1,84,11,1596,1,11,FORD B-MAX,3,E01034686,0,3
2024201399340,2024,201399340,4,9,0,-1,4,8,4,-1,0,0,0,0,0,0,2,1,-1,2,2,74,10,1388,1,10,FORD B-MAX,5,E01031021,0,2
2024501432974,2024,501432974,1,9,0,-1,4,1,3,-1,0,0,0,0,8,11,3,9,-1,9,1,83,11,998,1,11,FORD B-MAX,4,E01018926,0,1
2024052401965,2024,052401965,1,9,0,12,12,2,6,0,0,3,0,0,0,0,3,1,6,6,1,-1,-1,998,1,11,FORD B-MAX,-1,-1,0,-1
2024401517774,2024,401517774,1,9,0,-1,10,7,5,-1,0,0,0,0,0,0,4,1,-1,9,2,27,6,1596,1,9,FORD B-MAX,10,E01017392,0,2
2024302400867,2024,302400867,1,9,0,18,19,1,5,0,0,1,0,0,0,0,1,1,2,2,2,76,11,998,1,12,FORD B-MAX,10,E01019762,0,1
2024010504082,2024,010504082,2,9,0,99,99,9,9,99,99,9,9,99,9,99,9,9,6,6,3,-1,-1,998,1,6,FORD B-MAX,-1,-1,0,-1
2024131513972,2024,131513972,1,9,0,-1,19,2,6,-1,0,1,0,0,0,0,1,1,-1,6,2,59,9,1596,1,9,FORD B-MAX,4,E01011794,0,1
2024211518882,2024,211518882,1,9,0,-1,1,3,7,-1,0,0,0,0,0,0,0,9,-1,9,2,80,11,1388,1,9,FORD B-MAX,-1,-1,0,-1
2024371471409,2024,371471409,2,9,0,-1,19,6,3,-1,0,0,0,0,1,0,1,1,-1,2,2,36,7,1499,2,10,FORD B-MAX,2,E01026477,0,3
2024631466649,2024,631466649,2,9,0,-1,4,5,1,-1,0,0,0,0,0,0,3,1,-1,9,2,66,10,998,1,10,FORD B-MAX,6,W01000471,0,1
2024471491152,2024,471491152,1,9,0,-1,19,2,6,-1,0,8,0,0,0,0,1,1,-1,9,1,85,11,1388,1,7,FORD B-MAX,4,E01031499,0,2
2024371434899,2024,371434899,1,9,0,-1,4,1,5,-1,0,0,0,0,0,0,1,1,-1,6,1,62,9,1596,1,9,FORD B-MAX,4,E01030113,0,1
2024471404894,2024,471404894,2,9,0,-1,1,8,4,-1,0,0,0,0,0,0,2,9,-1,6,1,37,7,1596,1,9,FORD B-MAX,6,E01034825,0,1
2024010487637,2024,010487637,1,9,0,5,5,5,1,0,0,8,0,0,0,0,1,1,6,6,1,54,8,1596,1,9,FORD B-MAX,9,E01003794,0,1
2024549352124,2024,549352124,1,9,0,18,19,4,8,0,0,0,0,0,0,0,1,1,6,6,1,30,6,998,1,12,FORD B-MAX,-1,-1,0,-1
2024201449362,2024,201449362,2,9,0,-1,19,2,6,-1,0,8,0,0,0,0,3,9,-1,6,2,63,9,1388,1,10,FORD B-MAX,4,E01009226,0,1
2024501459307,2024,501459307,1,9,0,-1,19,1,5,-1,0,1,0,0,0,0,1,1,-1,6,2,51,8,1499,2,10,FORD B-MAX,4,E01020048,0,2
2024061517014,2024,061517014,1,9,0,-1,19,6,2,-1,0,0,0,0,0,0,4,1,-1,9,1,72,10,998,1,10,FORD B-MAX,5,E01006021,0,1
2024201433797,2024,201433797,1,9,0,-1,19,2,6,-1,0,1,0,0,0,0,1,1,-1,6,1,44,7,1499,2,12,FORD B-MAX,-1,-1,0,-1
2024111426388,2024,111426388,1,9,0,-1,9,1,7,-1,0,6,0,0,0,0,3,9,-1,9,2,60,9,1388,1,9,FORD B-MAX,5,E01027773,0,3
2024471399458,2024,471399458,2,9,0,-1,19,5,1,-1,0,0,0,0,0,0,4,1,-1,6,2,40,7,1560,2,11,FORD B-MAX,3,E01031752,0,2
2024430162304,2024,430162304,1,9,0,9,9,8,6,0,0,8,0,0,0,0,3,1,6,6,1,69,10,1596,1,9,FORD B-MAX,4,E01016727,0,1