collision_index,collision_year,collision_ref_no,vehicle_reference,vehicle_type,towing_and_articulation,vehicle_manoeuvre_historic,vehicle_manoeuvre,vehicle_direction_from,vehicle_direction_to,vehicle_location_restricted_lane_historic,vehicle_location_restricted_lane,junction_location,skidding_and_overturning,hit_object_in_carriageway,vehicle_leaving_carriageway,hit_object_off_carriageway,first_point_of_impact,vehicle_left_hand_drive,journey_purpose_of_driver_historic,journey_purpose_of_driver,sex_of_driver,age_of_driver,age_band_of_driver,engine_capacity_cc,propulsion_code,age_of_vehicle,generic_make_model,driver_imd_decile,lsoa_of_driver,escooter_flag,driver_distance_banding
2024311492749,2024,311492749,2,9,0,-1,3,1,5,-1,0,2,0,4,0,0,1,1,-1,6,1,68,10,1596,1,10,FORD B-MAX,-1,-1,0,-1
2024010499209,2024,010499209,2,9,0,4,4,5,1,0,0,4,0,0,0,0,1,1,2,2,1,43,7,1596,1,9,FORD B-MAX,5,E01002305,0,2
2024141472382,2024,141472382,1,9,0,-1,4,8,4,-1,0,0,0,0,0,0,2,1,-1,9,2,75,10,1596,1,11,FORD B-MAX,9,E01007601,0,2
2024141419707,2024,141419707,1,9,0,-1,9,7,5,-1,0,8,0,0,0,0,1,9,-1,6,2,32,6,1596,1,11,FORD B-MAX,7,E01007827,0,1
2024440249538,2024,440249538,2,9,0,7,7,1,3,0,0,8,0,0,0,0,3,1,6,6,1,56,9,1596,1,11,FORD B-MAX,9,E01023275,0,3
2024451496429,2024,451496429,1,9,0,-1,99,1,5,-1,0,1,0,0,0,0,3,1,-1,9,2,35,6,1596,1,10,FORD B-MAX,8,E01030720,0,1
2024111406755,2024,111406755,2,9,0,-1,3,5,1,-1,0,0,0,0,0,0,2,1,-1,6,1,60,9,1560,2,11,FORD B-MAX,2,E01020639,0,1
2024421407240,2024,421407240,1,9,0,-1,19,6,1,-1,0,0,0,0,0,0,4,1,-1,9,2,55,8,1596,1,8,FORD B-MAX,3,E01001980,0,3
2024161461912,2024,161461912,2,9,0,-1,19,5,1,-1,0,0,0,0,0,0,1,1,-1,9,2,55,8,1499,2,11,FORD B-MAX,1,E01035468,0,1
2024320230046,2024,320230046,1,9,0,-1,-1,4,8,0,0,1,0,0,0,0,1,1,6,6,1,-1,-1,998,1,11,FORD B-MAX,-1,-1,0,-1
202417L110624,2024,17L110624,1,9,0,-1,4,8,4,-1,0,0,0,0,0,0,2,1,-1,9,2,46,8,1560,2,11,FORD B-MAX,7,E01012270,0,4
2024141445747,2024,141445747,1,9,0,-1,9,2,6,-1,0,8,0,0,0,0,4,1,-1,9,1,47,8,1596,1,11,FORD B-MAX,7,E01007997,0,1
2024201439309,2024,201439309,1,9,0,-1,19,5,1,-1,0,8,0,0,0,0,1,1,-1,6,1,45,7,998,1,11,FORD B-MAX,2,E01009981,0,1
2024471520335,2024,471520335,2,9,0,-1,19,8,4,-1,0,0,0,0,0,0,2,1,-1,6,1,43,7,1560,2,11,FORD B-MAX,4,E01031791,0,2
2024061491639,2024,061491639,2,9,0,-1,10,6,2,-1,0,2,0,0,0,0,3,1,-1,9,2,46,8,998,1,10,FORD B-MAX,1,E01005270,0,1
2024545471724,2024,545471724,1,9,0,18,19,7,3,0,0,1,0,0,0,0,1,1,6,6,3,-1,-1,1560,2,9,FORD B-MAX,-1,-1,0,-1
2024141439478,2024,141439478,1,9,0,-1,19,5,1,-1,0,8,0,0,0,0,1,1,-1,9,2,78,11,998,1,6,FORD B-MAX,6,E01007554,0,2
2024340NN3332,2024,340NN3332,2,9,0,-1,19,3,7,-1,0,1,0,0,0,0,1,1,-1,9,2,29,6,1560,2,12,FORD B-MAX,9,E01027120,0,1
2024371421016,2024,371421016,1,9,0,-1,19,2,6,-1,0,0,0,0,0,0,1,9,-1,6,2,58,9,1499,2,9,FORD B-MAX,7,E01030159,0,3
2024421402356,2024,421402356,1,9,0,-1,1,1,5,-1,0,1,0,0,0,0,2,9,-1,6,1,81,11,1596,1,10,FORD B-MAX,7,E01015943,0,1
2024361476915,2024,361476915,1,9,0,-1,19,4,8,-1,0,2,0,0,1,0,1,1,-1,6,2,39,7,998,1,11,FORD B-MAX,4,E01026648,0,2
2024991415849,2024,991415849,1,9,0,-1,10,3,1,-1,0,6,0,0,0,0,1,1,-1,9,1,91,11,1596,1,10,FORD B-MAX,7,-1,0,1
2024231533912,2024,231533912,1,9,0,-1,5,5,1,-1,0,6,0,0,0,0,0,1,-1,9,2,62,9,1596,1,9,FORD B-MAX,5,E01031078,0,1
2024221523411,2024,221523411,1,9,0,-1,5,4,8,-1,0,0,0,0,0,0,1,1,-1,6,2,44,7,998,1,10,FORD B-MAX,7,E01028981,0,1
2024471395495,2024,471395495,1,9,0,-1,19,5,1,-1,0,0,0,0,2,0,4,1,-1,9,2,72,10,1596,1,10,FORD B-MAX,4,E01031573,0,2
2024430199374,2024,430199374,2,9,0,3,3,1,5,0,0,4,0,0,0,0,2,1,3,7,2,51,8,1596,1,12,FORD B-MAX,9,E01028482,0,3
2024131398211,2024,131398211,2,9,0,-1,10,3,7,-1,0,4,0,0,0,0,2,1,-1,9,1,66,10,1560,2,10,FORD B-MAX,2,E01024890,0,4
2024131431931,2024,131431931,3,9,0,-1,19,3,7,-1,0,0,0,0,0,0,1,1,-1,9,2,60,9,998,1,8,FORD B-MAX,5,E01007396,0,4
2024991490855,2024,991490855,1,9,0,-1,7,3,7,-1,0,0,0,0,0,0,4,1,-1,2,2,46,8,1388,1,9,FORD B-MAX,-1,-1,0,-1
2024991467041,2024,991467041,2,9,0,-1,19,5,1,-1,0,0,0,0,0,0,2,1,-1,9,1,54,8,1499,2,9,FORD B-MAX,1,-1,0,4
2024340WN4332,2024,340WN4332,5,9,0,-1,19,3,7,-1,0,0,0,0,0,0,0,1,-1,9,1,55,8,1596,1,8,FORD B-MAX,2,E01002314,0,5
2024451443614,2024,451443614,2,9,0,-1,19,5,1,-1,0,3,0,0,0,0,2,1,-1,2,2,36,7,1388,1,10,FORD B-MAX,9,E01030661,0,1
2024010512356,2024,010512356,1,9,0,18,19,7,3,0,0,1,0,0,0,0,4,1,1,1,2,40,7,1596,1,10,FORD B-MAX,2,E01001655,0,1
2024440387961,2024,440387961,1,9,0,3,3,4,8,0,0,1,0,0,0,0,2,1,6,6,1,31,6,1596,1,11,FORD B-MAX,3,E01017054,0,2
2024421468583,2024,421468583,1,9,0,-1,9,2,8,-1,0,1,0,0,0,0,0,9,-1,6,2,27,6,1388,1,10,FORD B-MAX,2,E01015938,0,1
2024010514828,2024,010514828,1,9,0,7,7,7,1,0,0,8,0,0,0,0,4,1,2,2,2,39,7,1596,1,10,FORD B-MAX,1,E01000595,0,2
2024031396131,2024,031396131,1,9,0,-1,19,3,6,-1,0,0,1,0,7,0,1,1,-1,9,1,89,11,998,1,10,FORD B-MAX,-1,-1,0,-1
2024131515910,2024,131515910,1,9,0,-1,9,8,6,-1,0,8,0,0,0,0,1,1,-1,9,2,87,11,998,1,8,FORD B-MAX,8,E01011589,0,1
2024461430262,2024,461430262,2,9,0,-1,19,7,3,-1,0,1,0,0,0,0,1,2,-1,2,2,23,5,998,1,11,FORD B-MAX,5,E01024038,0,2
2024501451635,2024,501451635,2,9,0,-1,19,2,8,-1,0,1,0,0,1,0,3,1,-1,6,1,89,11,998,1,8,FORD B-MAX,7,E01019899,0,2
2024991473957,2024,991473957,1,9,0,-1,9,3,8,-1,0,8,0,0,4,0,4,1,-1,9,2,71,10,1388,1,10,FORD B-MAX,4,E01006976,0,5
2024461513146,2024,461513146,2,9,0,-1,2,3,7,-1,0,0,0,0,0,0,2,1,-1,6,2,25,5,1596,1,10,FORD B-MAX,7,E01024758,0,1
2024440418660,2024,440418660,1,9,0,14,14,5,1,0,0,2,0,0,0,0,1,1,6,6,1,84,11,1596,1,11,FORD B-MAX,9,E01017293,0,1
2024991504711,2024,991504711,1,9,0,-1,19,7,3,-1,0,8,0,0,7,11,1,1,-1,6,2,51,8,1596,1,7,FORD B-MAX,2,-1,0,2
2024430611375,2024,430611375,2,9,0,3,3,7,3,0,0,0,0,0,0,0,2,1,6,6,1,72,10,1560,2,10,FORD B-MAX,3,E01028452,0,4
2024131489631,2024,131489631,2,9,0,-1,19,7,7,-1,0,8,0,2,0,0,4,1,-1,9,1,70,10,998,1,11,FORD B-MAX,4,E01011477,0,1
2024161461983,2024,161461983,1,9,0,-1,19,4,6,-1,0,1,0,0,0,0,1,1,-1,6,2,82,11,998,1,7,FORD B-MAX,10,E01011458,0,4
2024161462219,2024,161462219,2,9,0,-1,9,4,2,-1,0,1,0,0,0,0,0,9,-1,6,2,76,11,1388,1,11,FORD B-MAX,3,E01012936,0,1
2024070355960,2024,070355960,1,9,0,9,9,2,8,0,0,6,0,0,0,0,1,1,6,6,2,68,10,1596,1,8,FORD B-MAX,9,E01018526,0,1
2024461536452,2024,461536452,2,9,0,-1,19,1,5,-1,0,8,0,0,0,0,1,2,-1,9,2,34,6,1596,1,10,FORD B-MAX,6,E01024807,0,2
2024010536903,2024,010536903,3,9,0,2,2,0,0,0,0,0,0,0,1,0,3,1,6,6,3,-1,-1,1596,1,9,FORD B-MAX,-1,-1,0,-1
2024201454302,2024,201454302,1,9,0,-1,19,5,1,-1,0,0,0,4,0,0,1,9,-1,9,1,43,7,1596,1,12,FORD B-MAX,1,E01033638,0,1
202460Q052439,2024,60Q052439,1,9,0,4,4,3,7,0,0,8,0,0,0,0,1,1,6,6,2,36,7,1596,1,9,FORD B-MAX,-1,-1,0,-1
2024052402717,2024,052402717,1,9,0,18,19,1,5,0,0,0,0,0,0,0,1,1,6,6,2,71,10,1499,2,9,FORD B-MAX,7,E01007301,0,1
2024010515022,2024,010515022,1,9,0,4,4,7,3,0,0,0,0,0,0,0,2,1,2,2,2,63,9,1596,1,8,FORD B-MAX,-1,-1,0,-1
2024041480541,2024,041480541,1,9,0,-1,19,1,1,-1,0,0,0,0,0,0,1,1,-1,9,2,75,10,998,1,10,FORD B-MAX,6,E01025176,0,1
2024320504337,2024,320504337,2,9,0,-1,-1,2,6,0,0,8,1,4,1,1,1,1,-1,-1,2,29,6,1499,2,11,FORD B-MAX,5,E01026243,0,3
2024201524550,2024,201524550,2,9,0,-1,19,5,1,-1,0,1,0,0,0,0,1,9,-1,6,3,-1,-1,1388,1,9,FORD B-MAX,-1,-1,0,-1
2024471406240,2024,471406240,2,9,0,-1,19,4,1,-1,0,0,0,0,0,0,1,1,-1,9,1,75,10,998,1,7,FORD B-MAX,8,E01021163,0,1
2024421429711,2024,421429711,2,9,0,-1,19,1,2,-1,0,1,0,0,0,0,1,1,-1,9,2,80,11,1388,1,8,FORD B-MAX,4,E01021293,0,2
2024141557947,2024,141557947,1,9,0,-1,19,1,5,-1,0,3,0,0,0,0,1,1,-1,6,2,-1,-1,1388,1,10,FORD B-MAX,7,E01026388,0,4
2024161457168,2024,161457168,1,9,0,-1,19,8,2,-1,0,0,0,0,0,0,1,1,-1,9,1,75,10,1596,1,11,FORD B-MAX,1,E01012875,0,1
2024351447726,2024,351447726,1,9,0,-1,7,1,7,-1,0,5,0,0,1,1,1,1,-1,6,2,49,8,1596,1,11,FORD B-MAX,10,E01033114,0,3
2024471496464,2024,471496464,1,9,0,-1,5,7,3,-1,0,0,0,0,0,0,3,1,-1,2,2,60,9,998,1,8,FORD B-MAX,5,E01031806,0,2
2024010519632,2024,010519632,2,9,0,4,4,3,7,0,0,1,0,0,0,0,2,1,6,6,2,23,5,1596,1,10,FORD B-MAX,8,E01017941,0,4
2024302401372,2024,302401372,1,9,0,18,19,5,1,0,0,8,0,0,0,0,3,1,6,6,2,51,8,1560,2,9,FORD B-MAX,2,E01013598,0,1
2024161458605,2024,161458605,3,9,0,-1,2,0,0,-1,0,0,0,0,0,0,4,1,-1,6,-1,-1,-1,1499,2,11,FORD B-MAX,-1,-1,0,-1
2024010529231,2024,010529231,1,9,0,99,99,9,9,99,99,9,9,99,9,99,2,9,6,6,2,35,6,1596,1,8,FORD B-MAX,4,E01000639,0,1
2024421484852,2024,421484852,2,9,0,-1,2,5,4,-1,0,0,5,0,7,0,4,1,-1,6,-1,-1,-1,1560,2,11,FORD B-MAX,-1,-1,0,-1
2024010530238,2024,010530238,1,9,9,1,1,9,9,99,99,9,9,99,9,99,9,9,6,6,3,-1,-1,998,1,11,FORD B-MAX,3,E01004322,0,4
2024052400925,2024,052400925,2,9,0,18,19,3,7,0,0,8,0,0,0,0,1,1,6,6,1,58,9,1388,1,12,FORD B-MAX,2,E01006718,0,2
2024231449512,2024,231449512,1,5,0,-1,19,4,8,-1,0,0,0,0,1,0,0,1,-1,9,1,72,10,1745,1,6,-1,2,E01031065,0,1
2024031442256,2024,031442256,2,5,0,-1,19,7,3,-1,0,8,0,0,0,0,4,1,-1,9,1,61,9,1084,1,1,HONDA CRF 1100,10,E01019078,0,1
2024010532861,2024,010532861,2,5,0,13,13,1,5,0,0,1,5,0,0,0,1,1,6,6,1,26,6,1084,1,0,HONDA CRF 1100,-1,-1,0,-1
2024010502294,2024,010502294,1,5,0,18,19,1,5,0,0,8,5,0,0,0,1,1,6,6,1,56,9,1084,1,1,HONDA CRF 1100,10,E01016260,0,4
2024010534622,2024,010534622,1,5,0,99,99,9,9,99,99,9,9,99,9,99,1,1,6,6,1,31,6,1084,1,4,HONDA CRF 1100,6,E01001342,0,3
2024451421083,2024,451421083,2,5,0,-1,19,7,3,-1,0,8,0,0,0,0,4,1,-1,9,1,40,7,1084,1,1,HONDA CRF 1100,8,E01030723,0,1
2024461428609,2024,461428609,1,5,0,-1,19,5,7,-1,0,1,2,0,0,0,1,1,-1,9,1,43,7,1084,1,5,HONDA CRF 1100,10,E01030902,0,5
2024501512731,2024,501512731,1,5,0,-1,13,3,7,-1,0,1,5,0,0,0,4,1,-1,2,1,47,8,1084,1,1,HONDA CRF 1100,4,E01019980,0,1
2024122400552,2024,122400552,1,4,0,7,7,3,7,0,0,0,1,0,1,0,1,1,6,6,1,51,8,1084,1,2,HONDA CRF 1100,2,E01012357,0,3
2024471525305,2024,471525305,2,5,0,-1,19,1,5,-1,0,8,0,0,0,0,1,1,-1,2,1,50,8,1084,1,0,HONDA CRF 1100,8,E01021040,0,3
2024010539752,2024,010539752,1,5,0,18,19,7,3,0,0,0,0,0,0,0,4,1,2,2,1,56,9,1084,1,2,HONDA CRF 1100,9,E01015999,0,3
2024481437277,2024,481437277,1,5,0,-1,19,3,7,-1,0,0,0,0,0,0,1,1,-1,2,1,30,6,1084,1,4,HONDA CRF 1100,-1,-1,0,-1
2024361511507,2024,361511507,2,5,0,-1,19,5,1,-1,0,1,5,0,0,0,1,1,-1,9,1,36,7,1084,1,1,HONDA CRF 1100,9,E01026942,0,1
2024501504590,2024,501504590,1,4,0,-1,9,1,6,-1,0,2,5,0,0,0,4,1,-1,9,1,51,8,1084,1,2,HONDA CRF 1100,6,E01020274,0,1
2024440391389,2024,440391389,2,5,0,18,19,1,5,0,0,8,0,0,0,0,1,1,6,6,1,63,9,1084,1,3,HONDA CRF 1100,10,E01022898,0,1
2024371427045,2024,371427045,1,5,0,-1,19,5,1,-1,0,1,0,0,0,0,1,1,-1,6,1,60,9,1084,1,2,HONDA CRF 1100,6,E01030260,0,4
2024631462172,2024,631462172,1,5,0,-1,19,8,4,-1,0,8,0,0,0,0,1,1,-1,6,1,59,9,1084,1,4,HONDA CRF 1100,7,W01000712,0,4
2024531500461,2024,531500461,2,5,0,-1,19,7,3,-1,0,8,5,0,0,0,4,1,-1,9,1,33,6,1084,1,3,HONDA CRF 1100,9,E01023717,0,5
2024351452116,2024,351452116,1,5,0,-1,13,5,2,-1,0,0,0,0,0,0,3,1,-1,6,1,46,8,1084,1,3,HONDA CRF 1100,2,E01017490,0,4
2024351403952,2024,351403952,1,3,0,-1,4,7,3,-1,0,0,0,0,0,0,2,1,-1,2,1,29,6,1084,1,3,HONDA CRF 1100,7,E01018286,0,1
2024122400384,2024,122400384,2,5,0,18,19,7,3,0,0,1,0,0,0,0,1,1,6,6,1,57,9,1084,1,3,HONDA CRF 1100,1,E01012945,0,3
2024010505205,2024,010505205,2,8,0,5,5,3,7,0,0,4,0,0,0,0,1,1,1,1,1,52,8,1580,8,6,HYUNDAI IONIQ,3,E01003525,0,2
2024101509972,2024,101509972,1,8,0,-1,5,1,5,-1,0,8,0,0,0,0,1,9,-1,1,1,60,9,1580,8,6,HYUNDAI IONIQ,1,E01008399,0,3
2024311421677,2024,311421677,2,8,0,-1,19,6,6,-1,0,0,0,0,0,0,1,1,-1,2,1,44,7,1580,8,7,HYUNDAI IONIQ,2,E01013905,0,1
2024141413794,2024,141413794,1,9,0,-1,19,5,1,-1,0,2,0,0,0,0,1,1,-1,6,1,19,4,1580,8,5,HYUNDAI IONIQ,1,E01007949,0,1
2024131528258,2024,131528258,1,9,0,-1,19,3,7,-1,0,4,0,0,1,11,1,1,-1,1,1,51,8,1580,8,4,HYUNDAI IONIQ,1,E01011434,0,2
2024548463624,2024,548463624,1,9,0,18,19,3,7,0,0,1,0,0,0,0,1,1,6,6,1,-1,-1,1580,8,5,HYUNDAI IONIQ,-1,-1,0,-1
2024411434299,2024,411434299,1,9,0,-1,19,1,5,-1,0,1,0,0,0,0,3,1,-1,6,2,45,7,-1,3,2,HYUNDAI IONIQ,10,E01023959,0,1
2024101451764,2024,101451764,3,9,0,-1,19,5,1,-1,0,1,0,0,1,0,1,1,-1,1,2,58,9,1580,8,5,HYUNDAI IONIQ,3,E01008222,0,4
2024622400427,2024,622400427,1,9,0,18,19,4,8,0,0,0,0,0,1,0,1,1,6,6,2,34,6,-1,3,0,HYUNDAI IONIQ,4,E01033929,0,5
2024131397617,2024,131397617,2,9,0,-1,7,1,5,-1,0,2,0,0,0,0,1,1,-1,1,1,46,8,1580,8,7,HYUNDAI IONIQ,2,E01010621,0,1
2024010550596,2024,010550596,1,9,0,9,9,8,5,0,0,6,0,0,0,0,1,1,1,1,1,58,9,1580,8,6,HYUNDAI IONIQ,-1,-1,0,-1
2024010529988,2024,010529988,2,9,0,17,19,7,3,0,0,1,0,0,0,0,4,1,6,6,1,59,9,1580,8,2,HYUNDAI IONIQ,3,E01001445,0,1
2024461401150,2024,461401150,1,9,0,-1,19,3,7,-1,0,0,0,0,0,0,4,9,-1,1,1,-1,-1,1580,8,5,HYUNDAI IONIQ,-1,-1,0,-1
2024501486766,2024,501486766,2,9,0,-1,19,4,2,-1,0,8,0,0,0,0,1,9,-1,1,1,43,7,1580,8,6,HYUNDAI IONIQ,7,E01020219,0,4
2024440073133,2024,440073133,1,9,0,18,19,8,4,0,0,1,0,0,0,0,1,1,6,6,1,23,5,1580,8,3,HYUNDAI IONIQ,3,E01017195,0,1
2024131455517,2024,131455517,1,9,0,-1,19,2,8,-1,0,0,0,0,0,0,3,1,-1,9,1,37,7,1580,8,5,HYUNDAI IONIQ,-1,-1,0,-1
2024061485265,2024,061485265,1,8,0,-1,7,1,7,-1,-1,1,0,0,1,0,3,1,-1,1,1,47,8,1580,8,3,HYUNDAI IONIQ,-1,-1,0,-1
2024131458432,2024,131458432,2,9,0,-1,19,5,1,-1,0,0,0,0,0,0,1,1,-1,9,1,43,7,1580,8,6,HYUNDAI IONIQ,1,E01010620,0,4
2024010507428,2024,010507428,3,9,0,2,2,0,0,0,0,8,0,0,0,0,2,1,6,6,3,-1,-1,1580,8,5,HYUNDAI IONIQ,-1,-1,0,-1
2024010507106,2024,010507106,2,9,0,6,6,4,4,0,0,6,0,0,0,0,3,1,6,6,1,37,7,1580,8,4,HYUNDAI IONIQ,5,E01004743,0,1
2024131401770,2024,131401770,3,8,0,-1,3,2,6,-1,0,1,0,0,0,0,4,1,-1,1,1,51,8,1580,8,5,HYUNDAI IONIQ,1,E01011427,0,1
2024531524342,2024,531524342,2,9,0,-1,4,5,1,-1,0,0,0,0,0,0,2,1,-1,9,1,36,7,1580,8,5,HYUNDAI IONIQ,1,E01033366,0,4
2024522402930,2024,522402930,1,8,0,1,1,5,1,9,9,2,0,0,0,0,4,1,1,1,3,-1,-1,1580,8,4,HYUNDAI IONIQ,-1,-1,0,-1
2024010518773,2024,010518773,1,9,0,99,99,9,9,99,99,9,9,99,9,99,2,9,1,1,1,40,7,-1,3,3,HYUNDAI IONIQ,2,E01003508,0,1
2024010503797,2024,010503797,1,9,0,1,1,7,3,0,0,6,0,0,0,0,0,1,6,6,3,58,9,-1,3,1,HYUNDAI IONIQ,3,E01003979,0,3
2024010495404,2024,010495404,2,9,0,4,4,2,6,0,0,1,0,0,0,0,1,1,6,6,1,19,4,1580,8,7,HYUNDAI IONIQ,4,E01004540,0,3
2024546242724,2024,546242724,2,9,0,13,13,3,7,0,0,0,0,0,4,6,4,1,6,6,1,57,9,1580,8,6,HYUNDAI IONIQ,1,E01033370,0,4
2024461415999,2024,461415999,2,9,0,-1,19,4,8,-1,0,0,2,7,0,0,1,1,-1,6,1,49,8,-1,3,1,HYUNDAI IONIQ,8,E01024511,0,4
2024332400570,2024,332400570,1,8,0,-1,19,1,5,-1,2,8,0,0,0,0,1,1,-1,9,1,42,7,1580,8,7,HYUNDAI IONIQ,1,E01013748,0,1
2024052401645,2024,052401645,1,9,0,18,19,2,6,0,0,1,0,0,0,0,3,1,6,6,1,60,9,1580,8,3,HYUNDAI IONIQ,7,E01007036,0,1
2024010516513,2024,010516513,1,9,0,99,99,9,9,99,99,9,9,99,9,99,2,9,2,2,2,39,7,1580,8,7,HYUNDAI IONIQ,3,E01000641,0,1
2024010504130,2024,010504130,1,8,0,18,19,3,7,0,0,8,0,0,0,0,4,1,1,1,1,51,8,1580,8,6,HYUNDAI IONIQ,2,E01002709,0,1
2024302401164,2024,302401164,1,9,0,5,5,3,7,0,0,8,0,0,0,0,0,1,1,1,1,34,6,1580,8,6,HYUNDAI IONIQ,4,E01013459,0,3
2024552401517,2024,552401517,2,8,0,9,9,4,2,0,0,5,0,0,0,0,3,1,6,6,1,29,6,1580,8,3,HYUNDAI IONIQ,4,E01034273,0,1
2024501510181,2024,501510181,1,8,0,-1,19,7,3,-1,0,0,0,0,0,0,1,1,-1,1,1,44,7,1580,8,6,HYUNDAI IONIQ,7,E01020219,0,4
2024131445749,2024,131445749,1,9,0,-1,5,1,6,-1,0,8,0,0,0,0,3,1,-1,6,2,34,6,-1,3,2,HYUNDAI IONIQ,1,E01011917,0,3
2024991436513,2024,991436513,1,8,0,-1,6,5,4,-1,0,1,0,0,0,0,3,1,-1,1,1,57,9,1580,8,4,HYUNDAI IONIQ,1,-1,0,1
2024991459093,2024,991459093,1,9,0,-1,19,8,4,-1,0,0,0,0,0,0,1,1,-1,9,2,50,8,1580,8,2,HYUNDAI IONIQ,-1,-1,0,-1
2024471508846,2024,471508846,1,9,0,-1,19,5,4,-1,0,8,0,0,0,0,3,1,-1,1,1,65,9,1580,8,7,HYUNDAI IONIQ,1,E01016866,0,1
2024010508704,2024,010508704,1,9,0,9,9,2,8,0,0,2,0,0,0,0,1,1,6,6,1,38,7,-1,3,4,HYUNDAI IONIQ,5,E01000277,0,1
2024061469873,2024,061469873,1,8,0,-1,19,3,7,-1,0,0,0,0,0,0,0,1,-1,1,1,-1,-1,1580,8,3,HYUNDAI IONIQ,-1,-1,0,-1
2024061448511,2024,061448511,1,9,0,-1,19,2,8,-1,0,8,0,0,0,0,1,1,-1,1,1,37,7,1580,8,6,HYUNDAI IONIQ,2,E01005193,0,1
2024421512762,2024,421512762,1,8,0,-1,19,5,1,-1,0,0,0,0,0,0,4,1,-1,1,1,29,6,1580,8,3,HYUNDAI IONIQ,4,E01004313,0,4
2024991505562,2024,991505562,2,9,0,-1,19,6,2,-1,0,0,0,0,0,0,2,1,-1,9,1,53,8,-1,3,1,HYUNDAI IONIQ,10,-1,0,1
2024430630819,2024,430630819,2,8,0,18,19,3,7,0,0,0,0,0,0,0,3,1,6,6,1,-1,-1,1580,8,4,HYUNDAI IONIQ,-1,-1,0,-1
2024010544402,2024,010544402,1,9,0,99,99,9,9,99,99,9,9,99,9,99,1,9,1,1,1,43,7,1580,8,5,HYUNDAI IONIQ,2,E01033581,0,2
2024101461350,2024,101461350,2,9,0,-1,2,1,5,-1,0,0,0,0,0,0,0,1,-1,6,3,-1,-1,1580,8,6,HYUNDAI IONIQ,-1,-1,0,-1
2024451460595,2024,451460595,1,9,0,-1,5,-1,-1,-1,99,0,0,0,0,0,3,1,-1,9,2,43,7,-1,3,1,HYUNDAI IONIQ,8,E01000256,0,4
2024131532601,2024,131532601,1,9,0,-1,19,7,3,-1,0,0,5,4,0,0,4,1,-1,1,1,48,8,1580,8,3,HYUNDAI IONIQ,2,E01011558,0,1
2024010550259,2024,010550259,3,8,0,99,99,9,9,99,99,9,9,99,9,99,9,9,6,6,3,-1,-1,1580,8,7,HYUNDAI IONIQ,3,E01003720,0,3
2024052400527,2024,052400527,1,8,0,7,7,5,3,0,0,1,0,0,0,0,1,1,6,6,3,-1,-1,1580,8,6,HYUNDAI IONIQ,-1,-1,0,-1
2024471433997,2024,471433997,1,9,0,-1,9,2,5,-1,0,2,0,0,0,0,1,1,-1,1,1,55,8,1580,8,4,HYUNDAI IONIQ,7,E01016933,0,1
2024361434426,2024,361434426,1,9,0,-1,19,3,7,-1,0,3,0,0,0,0,4,1,-1,2,1,36,7,-1,3,3,HYUNDAI IONIQ,8,E01026918,0,1
2024131448249,2024,131448249,1,9,0,-1,19,1,5,-1,0,2,0,0,0,0,1,1,-1,1,1,46,8,1580,8,6,HYUNDAI IONIQ,1,E01010676,0,3
2024320658330,2024,320658330,1,9,0,-1,-1,6,2,0,0,8,0,0,0,0,3,1,-1,-1,2,76,11,1580,8,4,HYUNDAI IONIQ,5,E01018158,0,4
2024991507036,2024,991507036,1,9,0,-1,19,1,5,-1,0,8,0,0,0,0,1,1,-1,1,1,36,7,1580,8,5,HYUNDAI IONIQ,7,-1,0,1
2024010518637,2024,010518637,3,9,0,2,2,0,0,0,0,2,0,0,0,0,2,1,6,6,3,-1,-1,1580,8,7,HYUNDAI IONIQ,-1,-1,0,-1
2024311456615,2024,311456615,1,9,0,-1,3,6,2,-1,0,0,0,0,0,0,2,1,-1,2,2,42,7,-1,3,0,HYUNDAI IONIQ,3,E01013915,0,2
2024010541526,2024,010541526,1,9,0,18,19,5,1,0,0,0,0,11,0,0,1,1,2,2,1,65,9,-1,3,3,HYUNDAI IONIQ,5,E01000586,0,1
2024010511972,2024,010511972,1,9,0,3,3,4,8,0,0,2,0,0,0,0,4,1,1,1,1,23,5,1580,8,6,HYUNDAI IONIQ,4,E01000915,0,1
2024451466155,2024,451466155,1,9,0,-1,4,8,2,-1,0,1,1,0,0,0,1,1,-1,9,1,52,8,-1,3,6,HYUNDAI IONIQ,10,E01016627,0,4
2024131484705,2024,131484705,3,8,0,-1,19,4,8,-1,0,0,0,0,0,0,1,1,-1,1,1,49,8,1580,8,5,HYUNDAI IONIQ,1,E01010616,0,3
2024061464908,2024,061464908,2,9,0,-1,6,-1,-1,-1,0,0,0,0,0,0,3,1,-1,6,3,-1,-1,1580,8,5,HYUNDAI IONIQ,-1,-1,0,-1
2024361470704,2024,361470704,1,9,0,-1,5,6,4,-1,0,8,0,0,0,0,4,1,-1,9,1,48,8,1580,8,6,HYUNDAI IONIQ,2,E01026818,0,3
2024070795804,2024,070795804,1,8,0,-1,5,1,5,-1,0,0,0,0,0,0,3,1,-1,1,1,44,7,1580,8,3,HYUNDAI IONIQ,1,E01034232,0,4
2024010518223,2024,010518223,4,9,0,3,3,1,5,0,0,1,0,0,0,0,2,1,1,1,1,33,6,1580,8,4,HYUNDAI IONIQ,3,E01003143,0,3
2024520402345,2024,520402345,2,9,0,4,4,5,1,0,0,1,0,0,0,0,2,1,6,6,1,23,5,1580,8,7,HYUNDAI IONIQ,2,E01015259,0,4