collision_index,collision_year,collision_ref_no,vehicle_reference,vehicle_type,towing_and_articulation,vehicle_manoeuvre_historic,vehicle_manoeuvre,vehicle_direction_from,vehicle_direction_to,vehicle_location_restricted_lane_historic,vehicle_location_restricted_lane,junction_location,skidding_and_overturning,hit_object_in_carriageway,vehicle_leaving_carriageway,hit_object_off_carriageway,first_point_of_impact,vehicle_left_hand_drive,journey_purpose_of_driver_historic,journey_purpose_of_driver,sex_of_driver,age_of_driver,age_band_of_driver,engine_capacity_cc,propulsion_code,age_of_vehicle,generic_make_model,driver_imd_decile,lsoa_of_driver,escooter_flag,driver_distance_banding
2024311482416,2024,311482416,1,9,0,-1,19,2,8,-1,0,0,0,0,0,0,1,1,-1,9,1,27,6,-1,3,2,HYUNDAI IONIQ,2,E01013917,0,1
2024010517313,2024,010517313,1,9,0,7,7,3,5,0,0,4,0,0,0,0,0,1,6,6,1,65,9,1580,8,3,HYUNDAI IONIQ,2,E01033939,0,1
2024131521433,2024,131521433,1,9,0,-1,9,7,3,-1,0,1,0,0,0,0,4,1,-1,1,1,28,6,1580,8,5,HYUNDAI IONIQ,6,E01011646,0,1
2024311443300,2024,311443300,2,9,0,-1,7,6,1,-1,0,1,0,0,0,0,0,1,-1,6,3,-1,-1,1580,8,6,HYUNDAI IONIQ,-1,-1,0,-1
2024010512661,2024,010512661,2,9,0,99,99,9,9,99,99,9,9,99,9,99,9,9,6,6,3,-1,-1,1580,8,6,HYUNDAI IONIQ,4,E01034610,0,1
2024411510768,2024,411510768,3,9,0,-1,10,5,3,-1,0,8,0,0,0,0,1,1,-1,2,2,29,6,-1,3,2,HYUNDAI IONIQ,7,E01001537,0,2
2024010510535,2024,010510535,1,8,0,5,5,1,5,0,0,1,0,0,0,0,1,1,1,1,1,43,7,1580,8,7,HYUNDAI IONIQ,6,E01001207,0,1
2024991399977,2024,991399977,1,8,0,-1,19,8,4,-1,0,0,0,0,0,0,1,1,-1,9,1,30,6,1580,8,3,HYUNDAI IONIQ,6,-1,0,3
2024552400777,2024,552400777,2,9,0,18,19,2,6,0,0,0,0,0,0,0,1,1,6,6,1,48,8,-1,3,1,HYUNDAI IONIQ,9,E01000209,0,5
202417S103524,2024,17S103524,1,9,0,1,1,4,8,0,0,2,0,0,0,0,0,1,6,6,3,-1,-1,1580,8,7,HYUNDAI IONIQ,-1,-1,0,-1
2024031467410,2024,031467410,2,9,0,-1,19,2,6,-1,0,8,0,0,0,0,1,1,-1,9,1,43,7,1580,8,5,HYUNDAI IONIQ,1,E01019280,0,1
2024010510638,2024,010510638,1,9,0,15,15,1,5,0,0,1,0,0,0,0,1,1,6,6,2,75,10,1580,8,6,HYUNDAI IONIQ,10,E01003804,0,1
2024131487784,2024,131487784,2,9,0,-1,19,1,3,-1,0,8,0,0,0,0,3,1,-1,9,1,49,8,-1,3,0,HYUNDAI IONIQ,1,E01011468,0,1
2024010544252,2024,010544252,1,8,0,18,19,3,7,0,0,1,0,0,0,0,1,1,6,6,1,44,7,1580,8,7,HYUNDAI IONIQ,2,E01002545,0,3
2024141535517,2024,141535517,1,9,0,-1,19,1,5,-1,0,0,0,0,0,0,1,1,-1,1,1,48,8,1580,8,6,HYUNDAI IONIQ,3,E01007903,0,1
2024320275803,2024,320275803,2,9,0,9,9,6,4,0,0,5,0,0,0,0,2,1,-1,-1,2,52,8,-1,3,1,HYUNDAI IONIQ,-1,-1,0,-1
2024311509256,2024,311509256,3,8,0,-1,19,7,2,-1,0,0,0,0,0,0,1,1,-1,1,1,32,6,1580,8,3,HYUNDAI IONIQ,1,E01013566,0,3
202460Q117212,2024,60Q117212,2,9,0,18,19,7,3,0,0,0,0,0,0,0,2,1,6,6,2,32,6,1580,8,2,HYUNDAI IONIQ,-1,-1,0,-1
2024430197801,2024,430197801,1,8,0,18,19,2,6,0,0,1,0,0,1,1,1,1,1,1,1,-1,-1,-1,3,3,HYUNDAI IONIQ,-1,-1,0,-1
2024501402672,2024,501402672,2,9,0,-1,3,3,7,-1,0,0,0,0,0,0,2,1,-1,6,2,44,7,1580,8,2,HYUNDAI IONIQ,7,E01034623,0,2
2024010517159,2024,010517159,1,9,0,18,19,1,5,0,0,2,0,10,0,0,1,1,6,6,1,40,7,-1,3,0,HYUNDAI IONIQ,6,E01003072,0,1
2024010548397,2024,010548397,2,9,0,99,99,9,9,99,99,9,9,99,9,99,9,9,6,6,3,-1,-1,-1,3,3,HYUNDAI IONIQ,-1,-1,0,-1
2024430255681,2024,430255681,1,9,0,4,4,8,4,0,0,0,0,0,0,0,0,1,6,6,2,39,7,1580,8,6,HYUNDAI IONIQ,10,E01010185,0,4
2024501522433,2024,501522433,2,8,0,-1,2,0,0,-1,-1,0,0,0,0,0,0,1,-1,1,1,60,9,1580,8,2,HYUNDAI IONIQ,3,E01019975,0,1
2024440106805,2024,440106805,1,9,0,18,19,6,2,0,0,0,0,0,0,0,1,1,6,6,1,84,11,1580,8,2,HYUNDAI IONIQ,9,E01022991,0,1
2024061510541,2024,061510541,1,8,0,-1,-1,-1,-1,-1,-1,0,-1,-1,-1,0,-1,1,-1,1,1,-1,-1,1580,8,3,HYUNDAI IONIQ,-1,-1,0,-1
2024131410439,2024,131410439,1,9,0,-1,9,1,2,-1,0,8,0,0,0,0,4,1,-1,6,2,36,7,1580,8,3,HYUNDAI IONIQ,1,E01011427,0,1
2024010535488,2024,010535488,1,9,0,5,5,5,1,0,0,8,0,0,0,0,1,1,1,1,1,49,8,1580,8,4,HYUNDAI IONIQ,3,E01002493,0,2
2024010518524,2024,010518524,2,9,0,99,99,9,9,99,99,9,9,99,9,99,9,9,6,6,3,-1,-1,1580,8,6,HYUNDAI IONIQ,-1,-1,0,-1
2024221534897,2024,221534897,1,9,0,-1,19,3,8,-1,0,8,0,0,0,0,4,1,-1,9,2,52,8,1580,8,3,HYUNDAI IONIQ,4,E01008969,0,2
2024010522432,2024,010522432,1,9,5,18,19,7,3,0,0,1,0,10,1,1,1,1,6,6,1,40,7,1580,8,6,HYUNDAI IONIQ,3,E01001690,0,1
2024471433078,2024,471433078,1,9,0,-1,19,1,5,-1,0,0,0,0,0,0,1,1,-1,9,2,69,10,1580,8,7,HYUNDAI IONIQ,9,E01021191,0,3
2024010531342,2024,010531342,1,9,0,5,5,0,5,0,0,6,0,0,0,0,3,1,1,1,1,54,8,1580,8,5,HYUNDAI IONIQ,4,E01000532,0,2
2024211490545,2024,211490545,3,8,0,-1,4,1,5,-1,0,0,0,0,0,0,2,1,-1,1,1,47,8,1580,8,3,HYUNDAI IONIQ,-1,-1,0,-1
2024201440245,2024,201440245,1,8,0,-1,5,4,8,-1,0,0,0,0,0,0,1,1,-1,1,1,44,7,1580,8,6,HYUNDAI IONIQ,6,E01009525,0,3
2024471411219,2024,471411219,2,9,0,-1,9,2,7,-1,0,8,0,0,0,0,1,1,-1,1,1,52,8,1580,8,3,HYUNDAI IONIQ,7,E01016878,0,1
2024061422623,2024,061422623,2,9,0,-1,19,1,1,-1,0,1,0,0,0,0,1,2,-1,2,1,28,6,1580,8,3,HYUNDAI IONIQ,1,E01005429,0,3
2024351526673,2024,351526673,3,9,0,-1,19,2,6,-1,0,1,0,0,0,0,1,1,-1,1,1,36,7,1580,8,5,HYUNDAI IONIQ,2,E01015608,0,1
2024052402537,2024,052402537,2,9,0,18,19,5,1,0,0,8,1,0,0,0,1,1,6,6,1,41,7,1580,8,3,HYUNDAI IONIQ,4,E01007074,0,1
2024041510534,2024,041510534,1,9,0,-1,9,1,7,-1,0,8,0,0,0,0,1,1,-1,1,1,52,8,1580,8,5,HYUNDAI IONIQ,4,E01012690,0,2
2024201445092,2024,201445092,1,9,0,-1,19,2,8,-1,0,0,0,0,0,0,4,9,-1,7,2,35,6,1580,8,6,HYUNDAI IONIQ,2,E01009981,0,1
2024061536502,2024,061536502,1,8,0,-1,5,3,1,-1,0,1,0,0,0,0,0,1,-1,1,1,53,8,1580,8,2,HYUNDAI IONIQ,2,E01005182,0,1
2024131448208,2024,131448208,1,9,0,-1,9,5,3,-1,0,8,0,0,0,0,1,1,-1,1,1,44,7,1580,8,6,HYUNDAI IONIQ,2,E01010805,0,3
2024320346079,2024,320346079,1,9,0,-1,-1,1,5,0,0,1,0,0,0,0,1,1,-1,-1,1,30,6,1580,8,7,HYUNDAI IONIQ,4,E01026323,0,3
2024010525066,2024,010525066,1,8,9,99,99,9,9,99,99,9,9,99,9,99,9,9,6,6,3,-1,-1,1580,8,4,HYUNDAI IONIQ,3,E01001239,0,2
2024010501875,2024,010501875,2,9,0,9,9,1,6,0,0,0,0,0,0,0,3,1,6,6,1,24,5,1580,8,6,HYUNDAI IONIQ,3,E01033933,0,1
2024122500037,2024,122500037,1,8,0,18,19,7,2,0,0,8,0,0,0,0,3,1,6,6,1,50,8,1580,8,5,HYUNDAI IONIQ,2,E01010630,0,4
2024302400956,2024,302400956,1,8,0,16,19,8,4,0,0,5,0,0,0,0,1,1,1,1,1,25,5,1580,8,7,HYUNDAI IONIQ,4,E01013459,0,2
2024991522314,2024,991522314,1,9,0,-1,6,3,3,-1,0,0,0,0,0,0,3,1,-1,1,1,42,7,1580,8,4,HYUNDAI IONIQ,2,-1,0,1
2024522403246,2024,522403246,1,9,0,5,5,1,5,0,0,0,0,0,0,0,4,1,1,1,1,35,6,1580,8,3,HYUNDAI IONIQ,2,E01014574,0,1
2024201435160,2024,201435160,1,9,0,-1,19,2,6,-1,0,6,0,0,0,0,1,1,-1,9,1,45,7,-1,3,3,HYUNDAI IONIQ,2,E01009940,0,1
2024010537531,2024,010537531,2,8,0,99,99,9,9,99,99,9,9,99,9,99,9,9,6,6,3,-1,-1,1580,8,6,HYUNDAI IONIQ,4,E01003098,0,2
2024451448212,2024,451448212,2,9,0,-1,19,5,1,-1,0,0,0,0,0,0,1,1,-1,1,1,55,8,1580,8,6,HYUNDAI IONIQ,6,E01002628,0,3
2024401485024,2024,401485024,1,9,0,-1,19,6,2,-1,0,0,0,11,1,1,1,1,-1,2,1,42,7,1580,8,4,HYUNDAI IONIQ,7,E01017481,0,1
2024052400662,2024,052400662,2,8,0,1,1,4,8,0,0,1,0,0,0,0,2,1,1,1,2,41,7,1580,8,2,HYUNDAI IONIQ,4,E01006640,0,2
2024351515130,2024,351515130,2,9,-1,-1,-1,-1,-1,-1,-1,-1,-1,-1,-1,0,-1,9,-1,1,1,33,6,-1,3,2,HYUNDAI IONIQ,2,E01018097,0,4
2024622400228,2024,622400228,1,9,0,18,19,4,8,0,0,0,0,0,0,0,1,1,6,6,1,87,11,1580,8,5,HYUNDAI IONIQ,10,W01001798,0,1
2024010509941,2024,010509941,1,9,0,18,19,5,1,0,0,4,0,4,1,2,1,1,6,6,1,20,4,1580,8,4,HYUNDAI IONIQ,6,E01035702,0,1
2024451499234,2024,451499234,1,9,0,-1,19,1,5,-1,0,4,0,0,0,0,1,1,-1,9,1,56,9,-1,3,4,HYUNDAI IONIQ,8,E01034606,0,3
2024451436392,2024,451436392,2,9,0,-1,19,2,4,-1,0,8,0,0,0,0,4,1,-1,6,3,30,6,1580,8,4,HYUNDAI IONIQ,-1,-1,0,-1
2024351410097,2024,351410097,2,8,-1,-1,-1,-1,-1,-1,-1,-1,-1,-1,-1,0,-1,9,-1,1,1,37,7,1580,8,5,HYUNDAI IONIQ,6,E01035547,0,2
2024302400667,2024,302400667,1,8,0,18,19,4,8,0,0,8,0,0,1,2,1,1,6,6,1,29,6,1580,8,7,HYUNDAI IONIQ,2,E01013571,0,1
2024010515862,2024,010515862,2,9,0,99,99,9,9,99,99,9,9,99,9,99,9,9,6,6,3,60,9,-1,3,3,HYUNDAI IONIQ,5,E01003029,0,1
2024052400413,2024,052400413,2,8,0,2,2,0,0,0,0,1,0,0,0,0,2,1,1,1,1,35,6,1580,8,6,HYUNDAI IONIQ,5,E01006999,0,1
2024340NN4102,2024,340NN4102,2,8,0,-1,19,2,6,-1,0,0,0,0,0,0,1,1,-1,1,1,49,8,1580,8,6,HYUNDAI IONIQ,2,E01027246,0,2
2024440051400,2024,440051400,1,9,0,18,19,2,6,0,0,0,0,0,0,0,2,1,6,6,1,28,6,1580,8,5,HYUNDAI IONIQ,8,E01017226,0,1
2024131465988,2024,131465988,1,9,0,-1,9,5,1,-1,0,5,0,0,0,0,1,1,-1,1,1,52,8,1580,8,2,HYUNDAI IONIQ,1,E01011510,0,1
2024201495502,2024,201495502,1,8,0,-1,5,7,3,-1,0,8,0,0,0,0,1,1,-1,1,1,41,7,1580,8,5,HYUNDAI IONIQ,2,E01010264,0,3
2024010530761,2024,010530761,2,9,0,18,19,5,1,0,0,8,0,0,0,0,1,1,6,6,1,44,7,1580,8,5,HYUNDAI IONIQ,1,E01022319,0,5
2024991493495,2024,991493495,1,9,0,-1,19,4,8,-1,0,0,0,0,1,0,3,1,-1,2,2,21,5,-1,3,2,HYUNDAI IONIQ,-1,-1,0,-1
2024440076468,2024,440076468,2,9,0,18,19,1,5,0,0,8,0,0,0,0,1,1,6,6,1,66,10,-1,3,1,HYUNDAI IONIQ,10,E01022629,0,2
2024441415824,2024,441415824,1,9,0,-1,19,3,7,-1,0,6,0,0,0,0,1,1,-1,2,2,42,7,1580,8,4,HYUNDAI IONIQ,9,E01031496,0,4
2024061445705,2024,061445705,1,8,0,-1,19,-1,-1,-1,99,0,0,0,0,0,1,1,-1,6,1,-1,-1,1580,8,3,HYUNDAI IONIQ,-1,-1,0,-1
2024201531082,2024,201531082,2,9,0,-1,10,5,3,-1,0,8,1,0,0,0,2,1,-1,6,2,41,7,-1,3,2,HYUNDAI IONIQ,9,E01009457,0,1
2024052402645,2024,052402645,1,8,0,9,9,6,4,0,0,1,0,0,0,0,1,1,1,1,1,40,7,1580,8,6,HYUNDAI IONIQ,3,E01033757,0,1
2024141398051,2024,141398051,1,9,0,-1,19,3,7,-1,0,1,0,0,0,0,1,9,-1,6,1,32,6,1580,8,2,HYUNDAI IONIQ,1,E01008096,0,1
2024061532837,2024,061532837,2,8,0,-1,19,-1,-1,-1,0,0,0,0,0,0,2,1,-1,2,1,38,7,1580,8,4,HYUNDAI IONIQ,2,E01004969,0,1
2024010506836,2024,010506836,2,8,0,18,19,3,7,0,0,8,0,0,0,0,3,1,1,1,2,43,7,-1,3,2,HYUNDAI IONIQ,3,E01004533,0,3
2024351471520,2024,351471520,1,8,0,-1,5,5,1,-1,0,0,0,0,0,0,1,1,-1,1,1,26,6,1580,8,3,HYUNDAI IONIQ,2,E01015604,0,1
2024061471334,2024,061471334,2,9,0,-1,19,5,1,-1,0,0,0,0,0,0,1,1,-1,1,1,32,6,1580,8,5,HYUNDAI IONIQ,1,E01005429,0,2
2024131441130,2024,131441130,1,9,0,-1,9,1,7,-1,0,0,0,0,0,0,3,1,-1,1,1,36,7,1580,8,2,HYUNDAI IONIQ,1,E01010623,0,3
2024010541770,2024,010541770,2,9,0,18,19,3,7,0,0,8,0,0,0,0,2,1,2,2,1,64,9,1580,8,7,HYUNDAI IONIQ,9,E01000829,0,2
2024061427062,2024,061427062,2,9,0,-1,9,1,5,-1,0,6,0,0,0,0,1,1,-1,1,1,31,6,1580,8,6,HYUNDAI IONIQ,1,E01005320,0,1
2024052402077,2024,052402077,1,9,0,18,19,3,7,0,0,0,0,0,0,0,3,1,6,6,2,39,7,1580,8,3,HYUNDAI IONIQ,1,E01007055,0,4
2024101406595,2024,101406595,1,9,0,-1,9,7,3,-1,0,5,0,0,0,0,4,1,-1,9,1,31,6,1580,8,7,HYUNDAI IONIQ,-1,-1,0,-1
2024010545140,2024,010545140,1,9,0,5,5,3,7,0,0,8,0,0,0,0,1,1,1,1,1,34,6,1580,8,5,HYUNDAI IONIQ,2,E01004249,0,1
2024340NN0382,2024,340NN0382,2,9,0,-1,19,8,4,-1,0,8,0,7,2,1,1,1,-1,1,1,36,7,-1,3,7,HYUNDAI IONIQ,5,E01027061,0,3
2024141525985,2024,141525985,1,9,0,-1,4,1,5,-1,0,0,0,0,0,0,1,1,-1,1,1,40,7,1580,8,5,HYUNDAI IONIQ,1,E01007857,0,1
2024052401039,2024,052401039,1,8,0,5,5,7,3,0,0,0,0,0,0,0,4,1,1,1,1,53,8,1580,8,5,HYUNDAI IONIQ,1,E01005613,0,4
2024520002195,2024,520002195,2,9,0,15,15,3,7,0,0,8,0,0,0,0,3,1,6,6,3,-1,-1,1580,8,3,HYUNDAI IONIQ,-1,-1,0,-1
2024991433061,2024,991433061,3,9,0,-1,19,2,6,-1,0,0,0,0,0,0,2,1,-1,2,1,32,6,1580,8,5,HYUNDAI IONIQ,3,-1,0,4
2024421525953,2024,421525953,2,9,-1,-1,3,-1,-1,-1,0,0,0,0,0,0,2,9,-1,6,1,28,6,1580,8,5,HYUNDAI IONIQ,7,E01035167,0,1
2024211448669,2024,211448669,1,9,0,-1,1,1,5,-1,0,1,0,0,0,0,2,1,-1,6,1,25,5,1580,8,4,HYUNDAI IONIQ,1,E01014330,0,1
2024101433520,2024,101433520,3,8,0,-1,9,4,2,-1,0,5,0,0,0,0,3,1,-1,6,1,34,6,1580,8,5,HYUNDAI IONIQ,-1,-1,0,-1
2024471465563,2024,471465563,1,9,0,-1,9,2,8,-1,0,8,0,0,0,0,1,1,-1,9,1,46,8,1580,8,3,HYUNDAI IONIQ,9,E01016980,0,1
2024010501567,2024,010501567,1,8,0,99,99,9,9,99,99,0,9,99,9,99,9,9,6,6,1,31,6,1580,8,4,HYUNDAI IONIQ,2,E01035677,0,2
2024131500291,2024,131500291,1,9,0,-1,-1,-1,-1,-1,-1,8,-1,-1,-1,0,1,1,-1,6,3,-1,-1,1580,8,7,HYUNDAI IONIQ,-1,-1,0,-1
2024010518561,2024,010518561,1,9,0,3,3,1,5,0,0,1,0,8,0,0,4,1,1,1,1,37,7,1580,8,7,HYUNDAI IONIQ,2,E01002051,0,1
2024010509065,2024,010509065,1,8,0,99,99,9,9,99,99,9,9,99,9,99,9,9,1,1,1,45,7,1580,8,4,HYUNDAI IONIQ,3,E01034199,0,1
2024052401681,2024,052401681,1,8,0,18,19,6,2,0,0,0,0,0,0,0,1,1,1,1,1,50,8,1580,8,1,HYUNDAI IONIQ,8,E01006824,0,2
2024010506300,2024,010506300,2,9,0,18,19,5,1,0,0,0,0,0,0,0,2,1,6,6,1,31,6,1580,8,7,HYUNDAI IONIQ,5,E01004624,0,1
2024010499443,2024,010499443,1,8,0,1,1,1,5,0,0,0,0,0,0,0,2,1,6,6,1,47,8,1580,8,5,HYUNDAI IONIQ,2,E01003188,0,1
2024991450463,2024,991450463,1,8,0,-1,19,5,1,-1,0,0,0,0,0,0,1,1,-1,1,1,38,7,1580,8,5,HYUNDAI IONIQ,-1,-1,0,-1
2024401429587,2024,401429587,1,9,0,-1,19,1,5,-1,0,1,0,0,0,0,1,1,-1,1,1,40,7,1580,8,6,HYUNDAI IONIQ,2,E01015725,0,1
2024201472776,2024,201472776,1,9,0,-1,6,6,6,-1,0,0,0,0,0,0,1,1,-1,6,1,54,8,1580,8,6,HYUNDAI IONIQ,1,E01034914,0,2
2024302401112,2024,302401112,1,9,0,4,4,4,8,0,0,1,0,0,0,0,2,1,2,2,1,35,6,-1,3,4,HYUNDAI IONIQ,8,E01019603,0,1
2024302401513,2024,302401513,1,9,0,5,5,6,2,0,0,1,0,0,0,0,3,1,6,6,1,50,8,1580,8,3,HYUNDAI IONIQ,2,E01013497,0,1
2024201394744,2024,201394744,2,9,0,-1,9,2,8,-1,0,6,0,0,0,0,1,1,-1,6,1,53,8,1580,8,3,HYUNDAI IONIQ,3,E01009922,0,1
2024052402427,2024,052402427,2,9,0,4,4,2,6,0,0,0,0,0,0,0,2,1,6,6,1,33,6,1580,8,7,HYUNDAI IONIQ,1,E01006560,0,1
2024010535972,2024,010535972,1,9,0,18,19,1,5,0,0,2,0,0,0,0,1,1,1,1,1,58,9,-1,3,2,HYUNDAI IONIQ,3,E01003915,0,1
2024010535467,2024,010535467,1,9,0,5,5,0,1,0,0,8,0,0,0,0,1,1,6,6,1,27,6,1580,8,8,HYUNDAI IONIQ,2,E01033586,0,1
2024440027247,2024,440027247,1,8,0,18,19,1,5,0,0,1,0,0,0,0,4,1,1,1,1,43,7,1580,8,5,HYUNDAI IONIQ,2,E01017139,0,1
2024430161938,2024,430161938,2,8,0,18,19,4,8,0,0,4,0,0,0,0,3,1,6,6,1,-1,-1,1580,8,6,HYUNDAI IONIQ,-1,-1,0,-1
2024010547741,2024,010547741,1,9,4,99,99,9,9,99,99,9,9,99,9,99,2,9,1,1,1,47,8,1580,8,8,HYUNDAI IONIQ,3,E01003726,0,3
2024061513814,2024,061513814,1,9,-1,-1,19,5,1,-1,0,8,0,0,0,0,1,9,-1,6,1,-1,-1,1580,8,3,HYUNDAI IONIQ,-1,-1,0,-1
2024010499867,2024,010499867,2,9,0,18,19,1,5,0,0,8,0,0,2,7,4,1,6,6,1,22,5,1580,8,7,HYUNDAI IONIQ,2,E01003546,0,1
2024461415944,2024,461415944,1,9,0,-1,19,1,5,-1,0,0,0,0,0,0,1,1,-1,9,1,33,6,-1,3,3,HYUNDAI IONIQ,10,E01024835,0,1
2024131448758,2024,131448758,1,9,0,-1,19,5,1,-1,0,8,0,0,0,0,1,1,-1,6,1,36,7,1580,8,6,HYUNDAI IONIQ,1,E01011025,0,3
2024141553345,2024,141553345,1,9,0,-1,4,1,5,-1,0,0,0,0,0,0,2,1,-1,1,1,33,6,1580,8,5,HYUNDAI IONIQ,7,E01007711,0,3
2024471463185,2024,471463185,2,9,0,-1,3,7,3,-1,0,0,0,0,0,0,2,2,-1,9,1,53,8,1580,8,2,HYUNDAI IONIQ,3,E01031348,0,4
2024131518057,2024,131518057,2,9,0,-1,3,3,7,-1,0,1,0,0,0,0,2,1,-1,1,1,42,7,-1,3,2,HYUNDAI IONIQ,2,E01010619,0,3
2024461450703,2024,461450703,1,8,0,-1,14,3,7,-1,0,1,0,0,0,0,1,9,-1,1,1,61,9,1580,8,6,HYUNDAI IONIQ,2,E01016035,0,1
2024061447803,2024,061447803,1,9,0,-1,9,7,5,-1,0,6,0,0,0,0,1,1,-1,6,1,35,6,1580,8,6,HYUNDAI IONIQ,1,E01005164,0,1
2024401442152,2024,401442152,2,9,-1,-1,-1,-1,-1,-1,-1,0,-1,-1,-1,0,-1,9,-1,6,3,-1,-1,1580,8,5,HYUNDAI IONIQ,-1,-1,0,-1
2024411425285,2024,411425285,2,9,0,-1,19,5,1,-1,0,0,0,0,1,2,2,1,-1,1,2,34,6,1580,8,6,HYUNDAI IONIQ,5,E01035569,0,3
2024010550959,2024,010550959,1,8,0,99,99,9,9,99,99,9,9,99,9,99,1,9,6,6,3,-1,-1,1580,8,6,HYUNDAI IONIQ,-1,-1,0,-1
2024101498236,2024,101498236,1,9,0,-1,19,7,3,-1,0,0,0,0,0,0,1,1,-1,6,1,46,8,-1,3,2,HYUNDAI IONIQ,1,E01008437,0,1
2024451503558,2024,451503558,4,9,0,-1,19,2,6,-1,0,0,0,0,0,0,1,1,-1,9,1,58,9,-1,3,2,HYUNDAI IONIQ,8,E01016250,0,3
2024501442420,2024,501442420,2,8,0,-1,19,2,6,-1,0,1,0,0,0,0,4,1,-1,9,1,34,6,1580,8,3,HYUNDAI IONIQ,1,E01015155,0,1
2024131444414,2024,131444414,1,8,0,-1,12,1,5,-1,0,0,0,0,0,0,3,1,-1,6,3,-1,-1,1580,8,6,HYUNDAI IONIQ,-1,-1,0,-1
2024991432419,2024,991432419,1,8,0,-1,19,3,7,-1,0,1,0,0,0,0,1,1,-1,1,1,38,7,1580,8,6,HYUNDAI IONIQ,1,-1,0,1
2024520500058,2024,520500058,2,9,0,18,19,1,5,0,0,0,0,0,0,0,1,1,6,6,1,65,9,-1,3,1,HYUNDAI IONIQ,7,E01019014,0,5
2024991475506,2024,991475506,2,9,0,-1,19,4,8,-1,0,1,0,0,0,0,4,1,-1,9,1,46,8,-1,3,3,HYUNDAI IONIQ,8,-1,0,1
2024451526894,2024,451526894,2,9,0,-1,19,3,1,-1,0,8,0,0,0,0,1,1,-1,9,1,47,8,1580,8,5,HYUNDAI IONIQ,5,E01030862,0,1
2024010510465,2024,010510465,2,9,0,18,19,7,3,0,0,1,0,0,0,0,1,1,1,1,1,37,7,1580,8,7,HYUNDAI IONIQ,2,E01004247,0,2
2024010510980,2024,010510980,1,8,0,99,99,9,9,99,99,9,9,99,9,99,9,1,6,6,1,37,7,-1,3,2,HYUNDAI IONIQ,4,E01004376,0,1
2024401482931,2024,401482931,2,9,0,-1,-1,-1,-1,-1,-1,0,-1,-1,-1,0,-1,9,-1,1,1,39,7,1580,8,3,HYUNDAI IONIQ,7,E01017481,0,1
2024141442266,2024,141442266,1,9,0,-1,4,4,8,-1,0,0,0,0,0,0,3,1,-1,2,2,72,10,-1,3,5,HYUNDAI IONIQ,4,E01007350,0,1
2024451471879,2024,451471879,2,9,0,-1,3,1,5,-1,0,0,0,0,0,0,2,1,-1,2,1,40,7,-1,3,1,HYUNDAI IONIQ,9,E01022862,0,4
2024010518796,2024,010518796,2,8,0,9,9,5,2,0,0,1,0,0,0,0,3,1,1,1,1,44,7,1580,8,4,HYUNDAI IONIQ,2,E01004732,0,1
2024531520664,2024,531520664,1,9,0,-1,19,6,2,-1,0,1,0,0,0,0,1,1,-1,1,1,39,7,1580,8,5,HYUNDAI IONIQ,2,E01033348,0,4
2024061534700,2024,061534700,2,9,0,-1,5,-1,-1,-1,9,1,0,99,1,0,3,1,-1,6,3,-1,-1,1580,8,5,HYUNDAI IONIQ,-1,-1,0,-1
2024010534891,2024,010534891,1,9,0,18,19,5,1,0,0,1,0,0,0,0,1,1,6,6,1,35,6,1580,8,4,HYUNDAI IONIQ,3,E01034200,0,1
2024471463192,2024,471463192,1,9,0,-1,9,2,6,-1,0,2,0,0,0,0,1,1,-1,1,2,30,6,1580,8,5,HYUNDAI IONIQ,4,E01020915,0,2
2024131449077,2024,131449077,2,9,0,-1,19,1,5,-1,0,1,0,0,0,0,1,1,-1,1,1,32,6,1580,8,2,HYUNDAI IONIQ,1,E01011339,0,1
2024010533082,2024,010533082,2,9,0,9,9,1,7,0,0,1,0,0,0,0,1,1,6,6,1,77,11,1580,8,4,HYUNDAI IONIQ,-1,-1,0,-1
2024421447011,2024,421447011,2,9,0,-1,3,5,1,-1,0,1,0,0,0,0,1,1,-1,1,1,53,8,1580,8,5,HYUNDAI IONIQ,5,E01015904,0,1
2024010525391,2024,010525391,1,9,0,99,99,9,9,99,99,9,9,99,9,99,9,9,6,6,1,65,9,1580,8,5,HYUNDAI IONIQ,9,E01002107,0,1
2024061487419,2024,061487419,2,9,0,-1,2,0,0,-1,0,0,0,0,0,0,3,1,-1,6,-1,-1,-1,1580,8,5,HYUNDAI IONIQ,-1,-1,0,-1
2024522402967,2024,522402967,1,9,0,9,9,3,1,0,0,6,0,0,0,0,4,1,6,6,1,68,10,-1,3,0,HYUNDAI IONIQ,10,E01014776,0,1
2024010502572,2024,010502572,2,9,0,18,19,1,5,0,0,0,0,0,0,0,1,1,1,1,1,28,6,1580,8,6,HYUNDAI IONIQ,2,E01001147,0,1
2024052402626,2024,052402626,1,8,0,6,6,7,7,0,0,8,0,0,0,0,3,1,2,2,1,45,7,-1,3,3,HYUNDAI IONIQ,4,E01032507,0,1
2024552400204,2024,552400204,1,8,0,18,19,5,1,9,9,0,0,0,0,0,3,1,1,1,1,41,7,1580,8,8,HYUNDAI IONIQ,6,E01015286,0,1
2024991467400,2024,991467400,1,8,0,-1,19,3,7,-1,0,6,0,0,0,0,0,1,-1,1,1,43,7,1580,8,7,HYUNDAI IONIQ,2,-1,0,2
2024061440227,2024,061440227,2,8,0,-1,19,7,2,-1,0,0,0,0,0,0,2,9,-1,1,1,35,6,1580,8,6,HYUNDAI IONIQ,3,E01005498,0,1
2024010501307,2024,010501307,1,9,0,4,4,7,3,0,0,1,0,0,0,0,2,1,1,1,1,38,7,1580,8,6,HYUNDAI IONIQ,5,E01002833,0,1
2024111528063,2024,111528063,1,9,0,-1,9,1,7,-1,0,2,0,0,0,0,1,1,-1,6,1,39,7,-1,3,1,HYUNDAI IONIQ,2,E01020877,0,1
2024010513576,2024,010513576,1,8,0,18,19,3,7,0,0,8,0,0,0,0,1,1,2,2,1,44,7,1580,8,7,HYUNDAI IONIQ,4,E01003734,0,1