collision_index,collision_year,collision_ref_no,vehicle_reference,vehicle_type,towing_and_articulation,vehicle_manoeuvre_historic,vehicle_manoeuvre,vehicle_direction_from,vehicle_direction_to,vehicle_location_restricted_lane_historic,vehicle_location_restricted_lane,junction_location,skidding_and_overturning,hit_object_in_carriageway,vehicle_leaving_carriageway,hit_object_off_carriageway,first_point_of_impact,vehicle_left_hand_drive,journey_purpose_of_driver_historic,journey_purpose_of_driver,sex_of_driver,age_of_driver,age_band_of_driver,engine_capacity_cc,propulsion_code,age_of_vehicle,generic_make_model,driver_imd_decile,lsoa_of_driver,escooter_flag,driver_distance_banding
2024522402139,2024,522402139,1,9,0,16,19,7,1,0,0,8,0,0,0,0,1,1,6,6,1,39,7,1580,8,2,HYUNDAI IONIQ,10,E01015014,0,3
2024041526930,2024,041526930,1,9,0,-1,19,7,3,-1,0,1,0,0,0,0,1,1,-1,1,1,56,9,1580,8,4,HYUNDAI IONIQ,1,E01024876,0,1
2024061495141,2024,061495141,1,9,0,-1,9,1,6,-1,0,2,0,0,0,0,4,1,-1,6,1,31,6,1580,8,5,HYUNDAI IONIQ,2,E01005950,0,1
2024451471656,2024,451471656,2,9,0,-1,19,3,7,-1,0,0,0,0,0,0,3,1,-1,9,2,37,7,-1,3,3,HYUNDAI IONIQ,10,E01030596,0,3
2024070190434,2024,070190434,1,9,0,5,5,5,3,9,9,0,0,0,0,0,1,1,6,6,1,56,9,-1,3,2,HYUNDAI IONIQ,5,E01018496,0,3
2024041394984,2024,041394984,2,9,0,-1,19,1,5,-1,0,0,0,0,0,0,4,1,-1,9,1,82,11,1580,8,4,HYUNDAI IONIQ,8,E01025056,0,1
2024010544678,2024,010544678,2,8,0,99,99,9,9,99,99,9,9,99,9,99,9,9,6,6,3,-1,-1,1580,8,6,HYUNDAI IONIQ,-1,-1,0,-1
2024131500038,2024,131500038,2,9,0,-1,19,1,3,-1,0,0,0,0,0,0,3,1,-1,1,1,44,7,1580,8,3,HYUNDAI IONIQ,3,E01011314,0,1
2024320449877,2024,320449877,2,9,0,9,9,6,4,0,0,6,0,0,0,0,1,1,6,6,2,35,6,-1,3,3,HYUNDAI IONIQ,9,E01019706,0,4
2024041488368,2024,041488368,1,9,0,-1,5,5,1,-1,0,8,0,0,0,0,3,1,-1,1,1,68,10,1580,8,6,HYUNDAI IONIQ,1,E01024876,0,1
2024010542316,2024,010542316,2,9,0,18,19,1,5,0,0,1,0,0,0,0,4,1,1,1,1,27,6,-1,3,4,HYUNDAI IONIQ,4,E01004329,0,1
2024010547016,2024,010547016,1,9,0,9,9,3,1,0,0,8,0,0,0,0,1,1,1,1,1,54,8,1580,8,7,HYUNDAI IONIQ,3,E01001548,0,4
2024991400255,2024,991400255,3,9,0,-1,19,3,7,-1,0,0,0,0,0,0,2,1,-1,2,1,40,7,1580,8,5,HYUNDAI IONIQ,-1,-1,0,-1
2024122401221,2024,122401221,2,9,0,5,5,7,3,0,0,8,0,0,7,1,1,1,2,2,1,26,6,1580,8,3,HYUNDAI IONIQ,5,E01010729,0,4
2024041423346,2024,041423346,1,9,0,-1,19,1,1,-1,0,0,0,0,0,0,1,1,-1,1,1,58,9,1580,8,7,HYUNDAI IONIQ,1,E01024876,0,1
2024010500907,2024,010500907,2,8,0,99,99,9,9,99,99,9,9,99,9,99,1,9,6,6,1,29,6,1580,8,5,HYUNDAI IONIQ,2,E01034475,0,3
2024201504685,2024,201504685,1,9,0,-1,9,4,2,-1,0,5,0,0,0,0,1,1,-1,6,1,31,6,1580,8,7,HYUNDAI IONIQ,1,E01009124,0,1
2024141498122,2024,141498122,1,9,0,-1,3,5,1,-1,0,0,0,0,0,0,2,1,-1,1,1,35,6,1580,8,6,HYUNDAI IONIQ,2,E01033270,0,1
2024061440946,2024,061440946,1,8,0,-1,5,1,5,-1,0,2,0,0,0,0,1,1,-1,1,1,69,10,1580,8,5,HYUNDAI IONIQ,-1,-1,0,-1
2024010509720,2024,010509720,2,9,0,3,3,1,5,0,0,1,0,0,0,0,1,1,6,6,1,46,8,-1,3,4,HYUNDAI IONIQ,5,E01004661,0,1
2024010511464,2024,010511464,1,9,0,99,99,9,9,99,99,9,9,99,9,99,1,9,6,6,3,-1,-1,1580,8,7,HYUNDAI IONIQ,-1,-1,0,-1
2024411497793,2024,411497793,1,9,0,-1,3,7,1,-1,0,0,0,0,0,0,0,1,-1,1,1,63,9,-1,3,4,HYUNDAI IONIQ,5,E01035584,0,1
2024161495012,2024,161495012,1,9,0,-1,9,4,2,-1,0,5,0,0,0,0,4,1,-1,1,1,45,7,1580,8,5,HYUNDAI IONIQ,2,E01010889,0,4
2024440480779,2024,440480779,1,9,0,6,6,7,7,0,0,8,0,10,0,0,3,1,6,6,1,81,11,-1,3,2,HYUNDAI IONIQ,9,E01017301,0,2
2024010518987,2024,010518987,1,9,0,18,19,2,6,0,0,0,0,0,0,0,1,1,1,1,1,60,9,1580,8,6,HYUNDAI IONIQ,2,E01004214,0,1
2024010522967,2024,010522967,1,9,0,99,99,9,9,99,99,0,9,99,9,99,9,9,6,6,1,43,7,-1,3,3,HYUNDAI IONIQ,3,E01003573,0,1
2024361486787,2024,361486787,1,9,0,-1,19,7,3,-1,0,0,0,0,0,0,4,9,-1,6,1,78,11,1580,8,3,HYUNDAI IONIQ,6,E01026629,0,1
2024481437320,2024,481437320,2,9,0,-1,9,1,7,-1,0,8,0,0,0,0,1,1,-1,1,1,43,7,1580,8,6,HYUNDAI IONIQ,-1,-1,0,-1
2024340WN3942,2024,340WN3942,1,9,0,-1,9,3,1,-1,0,0,0,0,0,0,1,1,-1,6,1,-1,-1,1580,8,5,HYUNDAI IONIQ,-1,-1,0,-1
2024361525196,2024,361525196,3,9,0,-1,19,7,3,-1,0,1,0,0,0,0,2,1,-1,6,1,51,8,-1,3,3,HYUNDAI IONIQ,5,E01026529,0,2
2024991445229,2024,991445229,1,8,0,-1,5,3,8,-1,0,8,0,0,0,0,1,1,-1,9,1,27,6,1580,8,4,HYUNDAI IONIQ,3,-1,0,1
2024131523009,2024,131523009,2,9,0,-1,19,7,3,-1,0,8,0,0,0,0,1,1,-1,1,1,47,8,1580,8,5,HYUNDAI IONIQ,1,E01010966,0,3
2024010489698,2024,010489698,1,9,0,18,19,3,7,0,0,1,0,0,0,0,1,1,6,6,2,44,7,1580,8,7,HYUNDAI IONIQ,5,E01002456,0,1
2024481561724,2024,481561724,1,9,0,-1,19,7,3,-1,0,0,0,0,0,0,4,1,-1,1,1,40,7,1580,8,5,HYUNDAI IONIQ,-1,-1,0,-1
2024421484503,2024,421484503,2,9,0,-1,3,1,5,-1,0,0,0,0,0,0,1,1,-1,2,2,58,9,-1,3,7,HYUNDAI IONIQ,3,E01015900,0,4
2024131431133,2024,131431133,2,9,0,-1,4,1,1,-1,0,8,0,0,0,0,2,1,-1,6,1,47,8,1580,8,4,HYUNDAI IONIQ,3,E01010669,0,3
2024131469069,2024,131469069,1,9,0,-1,19,5,1,-1,0,8,0,0,0,0,3,1,-1,1,1,58,9,1580,8,7,HYUNDAI IONIQ,3,E01033002,0,2
2024332400262,2024,332400262,1,9,0,-1,3,1,5,-1,0,0,0,0,0,0,4,1,-1,2,1,40,7,1580,8,6,HYUNDAI IONIQ,4,E01034011,0,1
2024622400319,2024,622400319,2,9,0,18,19,4,8,0,0,0,0,0,0,0,2,1,1,1,1,27,6,1580,8,4,HYUNDAI IONIQ,1,E01033370,0,4
2024010519866,2024,010519866,1,9,0,18,19,4,8,0,0,1,0,0,0,0,3,1,6,6,1,20,4,1580,8,7,HYUNDAI IONIQ,2,E01004205,0,2
2024010526759,2024,010526759,1,9,0,5,5,3,7,0,0,1,0,4,0,0,1,1,1,1,1,46,8,1580,8,3,HYUNDAI IONIQ,3,E01004434,0,1
2024421526776,2024,421526776,1,9,0,-1,19,5,1,-1,0,0,0,0,0,0,1,1,-1,9,1,62,9,-1,3,2,HYUNDAI IONIQ,7,E01033137,0,1
2024010510186,2024,010510186,2,8,0,99,99,9,9,99,99,9,9,99,9,99,1,9,6,6,3,-1,-1,-1,3,1,HYUNDAI IONIQ,-1,-1,0,-1
2024411520033,2024,411520033,2,9,0,-1,9,4,1,-1,0,5,0,0,0,0,4,1,-1,2,1,70,10,1580,8,4,HYUNDAI IONIQ,10,E01023449,0,1
2024461515608,2024,461515608,2,8,0,-1,4,4,8,-1,0,1,0,0,0,0,2,9,-1,1,1,48,8,1580,8,7,HYUNDAI IONIQ,4,E01000029,0,3
2024543627824,2024,543627824,1,8,0,5,5,6,2,0,0,0,0,0,0,0,1,1,1,1,1,33,6,1580,8,5,HYUNDAI IONIQ,3,E01015530,0,1
2024430464964,2024,430464964,1,8,0,3,3,7,3,0,0,0,0,0,0,0,1,1,1,1,1,38,7,1580,8,3,HYUNDAI IONIQ,-1,-1,0,-1
2024010549676,2024,010549676,2,8,9,2,2,0,0,99,99,9,9,99,9,99,3,9,6,6,3,-1,-1,1580,8,5,HYUNDAI IONIQ,-1,-1,0,-1
2024041519773,2024,041519773,1,9,0,-1,9,2,7,-1,0,8,0,0,0,0,1,1,-1,6,1,41,7,1580,8,5,HYUNDAI IONIQ,6,E01034341,0,1
2024332400766,2024,332400766,1,8,0,-1,5,2,6,-1,0,0,0,0,0,0,3,1,-1,1,1,47,8,1580,8,5,HYUNDAI IONIQ,7,E01025978,0,2
2024031491526,2024,031491526,1,9,0,-1,19,5,1,-1,0,0,0,11,0,0,1,1,-1,9,1,20,4,1580,8,6,HYUNDAI IONIQ,1,E01009013,0,5
2024010533045,2024,010533045,1,9,0,18,19,7,3,0,0,1,0,0,0,0,1,1,6,6,1,49,8,1580,8,4,HYUNDAI IONIQ,2,E01004206,0,1
2024010513178,2024,010513178,2,9,0,99,99,9,9,99,99,9,9,99,9,99,9,9,6,6,3,44,7,-1,3,2,HYUNDAI IONIQ,5,E01002866,0,2
2024471449159,2024,471449159,1,9,0,-1,9,5,3,-1,0,8,0,0,0,0,4,1,-1,6,1,21,5,1580,8,5,HYUNDAI IONIQ,8,E01021107,0,1
2024101455722,2024,101455722,3,9,0,-1,10,7,4,-1,0,1,0,0,0,0,3,1,-1,9,2,79,11,1580,8,4,HYUNDAI IONIQ,-1,-1,0,-1
2024010498680,2024,010498680,2,9,0,18,19,5,1,0,0,1,0,0,0,0,3,1,6,6,1,29,6,-1,3,3,HYUNDAI IONIQ,4,E01003074,0,1
2024461514074,2024,461514074,1,9,0,-1,7,2,6,-1,0,0,0,0,0,0,1,1,-1,1,1,36,7,1580,8,4,HYUNDAI IONIQ,4,E01024182,0,1
2024010511368,2024,010511368,1,9,0,99,99,9,9,99,99,0,9,99,9,99,2,9,1,1,1,33,6,1580,8,8,HYUNDAI IONIQ,8,E01000447,0,1
2024010488174,2024,010488174,1,8,0,18,19,1,5,0,0,0,0,0,0,0,2,1,1,1,1,58,9,-1,3,2,HYUNDAI IONIQ,5,E01000038,0,2
2024070750971,2024,070750971,1,9,0,-1,5,7,3,-1,0,4,0,0,0,0,1,1,-1,9,1,44,7,-1,3,3,HYUNDAI IONIQ,10,E01012517,0,4
2024201506909,2024,201506909,1,9,0,-1,3,6,2,-1,0,0,0,0,0,0,1,1,-1,6,1,40,7,1580,8,6,HYUNDAI IONIQ,3,E01009089,0,1
2024440015417,2024,440015417,1,9,0,18,19,6,2,0,0,0,0,0,1,7,1,1,6,6,1,46,8,-1,3,1,HYUNDAI IONIQ,10,E01016329,0,3
2024231531772,2024,231531772,1,9,0,-1,9,1,6,-1,0,5,0,0,0,0,1,1,-1,6,2,77,11,-1,3,1,HYUNDAI IONIQ,10,E01009672,0,1
2024131452544,2024,131452544,1,8,0,-1,4,0,0,-1,9,8,0,0,0,0,0,1,-1,1,1,67,10,1580,8,7,HYUNDAI IONIQ,3,E01011647,0,1
2024991522829,2024,991522829,2,8,0,-1,19,4,7,-1,0,3,0,0,0,0,4,1,-1,1,1,40,7,1580,8,6,HYUNDAI IONIQ,4,-1,0,1
2024010517413,2024,010517413,1,9,0,2,2,0,0,0,0,0,0,0,0,0,2,1,6,6,3,-1,-1,1580,8,7,HYUNDAI IONIQ,-1,-1,0,-1
2024010525941,2024,010525941,1,9,0,18,19,5,1,0,0,4,0,0,0,0,1,1,6,6,1,27,6,-1,3,2,HYUNDAI IONIQ,2,E01004223,0,1
2024010514342,2024,010514342,2,9,0,18,19,1,5,0,0,1,0,0,0,0,1,1,1,1,2,50,8,1580,8,6,HYUNDAI IONIQ,-1,-1,0,-1
2024010550659,2024,010550659,2,9,0,4,4,1,5,0,0,5,0,0,0,0,0,1,6,6,1,55,8,-1,3,1,HYUNDAI IONIQ,2,E01000743,0,2
2024201524788,2024,201524788,1,9,0,-1,5,1,4,-1,0,0,0,0,0,0,1,9,-1,6,3,65,9,-1,3,1,HYUNDAI IONIQ,8,E01009785,0,2
2024041485149,2024,041485149,2,9,0,-1,4,1,5,-1,0,0,0,0,0,0,1,1,-1,1,1,37,7,1580,8,6,HYUNDAI IONIQ,3,E01025011,0,1
2024010540408,2024,010540408,1,9,0,4,4,1,5,0,0,0,0,0,0,0,1,1,6,6,2,60,9,-1,3,3,HYUNDAI IONIQ,9,E01000695,0,1
2024101397339,2024,101397339,2,9,0,-1,3,7,3,-1,0,0,0,0,0,0,2,1,-1,6,1,49,8,-1,3,3,HYUNDAI IONIQ,3,E01008510,0,1
2024122500072,2024,122500072,1,9,0,18,19,5,1,0,0,0,0,0,0,0,1,1,1,1,1,30,6,1580,8,4,HYUNDAI IONIQ,1,E01011349,0,4
2024010501660,2024,010501660,1,9,0,4,4,4,8,0,0,1,0,0,0,0,3,1,6,6,1,55,8,1580,8,6,HYUNDAI IONIQ,4,E01003731,0,1
2024161522392,2024,161522392,2,9,0,-1,19,3,7,-1,0,0,0,0,8,10,4,1,-1,9,2,33,6,-1,3,1,HYUNDAI IONIQ,7,E01013182,0,1
2024010535542,2024,010535542,1,9,0,9,9,5,3,0,0,6,0,0,0,0,3,1,6,6,1,52,8,1580,8,3,HYUNDAI IONIQ,4,E01000805,0,1
2024041402443,2024,041402443,1,9,0,-1,19,1,5,-1,0,2,0,0,0,0,4,1,-1,9,1,63,9,1580,8,7,HYUNDAI IONIQ,7,E01025004,0,1
2024041435661,2024,041435661,2,9,0,-1,9,3,7,-1,0,1,0,0,8,10,2,2,-1,1,1,68,10,1580,8,6,HYUNDAI IONIQ,1,E01024876,0,3
2024010497513,2024,010497513,1,8,0,99,99,9,9,99,99,9,9,99,9,99,2,9,1,1,1,44,7,-1,3,3,HYUNDAI IONIQ,5,E01034212,0,1
2024010506414,2024,010506414,2,8,0,18,19,6,2,0,0,2,0,0,0,0,3,1,6,6,1,45,7,-1,3,2,HYUNDAI IONIQ,1,E01003318,0,1
2024440058133,2024,440058133,1,9,0,18,19,2,6,0,0,8,0,0,0,0,4,1,6,6,1,42,7,-1,3,2,HYUNDAI IONIQ,3,E01017242,0,1
2024131450761,2024,131450761,2,9,0,-1,19,5,1,-1,0,0,0,0,0,0,2,1,-1,1,1,43,7,1580,8,6,HYUNDAI IONIQ,5,E01010668,0,2
2024010550882,2024,010550882,2,9,0,18,19,5,1,0,0,1,0,0,0,0,1,1,6,6,1,74,10,-1,3,0,HYUNDAI IONIQ,3,E01000130,0,1
2024221521993,2024,221521993,1,9,0,-1,9,6,4,-1,0,6,0,0,0,0,1,1,-1,9,1,88,11,1580,8,6,HYUNDAI IONIQ,10,E01032324,0,1
2024010506395,2024,010506395,2,8,0,5,5,2,6,0,0,2,0,0,0,0,1,1,6,6,3,24,5,1580,8,5,HYUNDAI IONIQ,-1,-1,0,-1
2024010532049,2024,010532049,4,9,0,18,19,3,7,0,0,0,0,0,0,0,1,1,1,1,1,55,8,1580,8,6,HYUNDAI IONIQ,4,E01021845,0,4
2024010538529,2024,010538529,2,8,0,99,99,9,9,99,99,9,9,99,9,99,9,9,6,6,3,-1,-1,1580,8,6,HYUNDAI IONIQ,-1,-1,0,-1
2024501490744,2024,501490744,1,9,0,-1,19,6,2,-1,0,0,0,0,7,0,1,1,-1,9,1,74,10,1580,8,4,HYUNDAI IONIQ,9,E01029260,0,4
2024061528264,2024,061528264,1,8,0,-1,4,4,8,-1,4,8,0,0,0,0,4,9,-1,1,2,39,7,1580,8,5,HYUNDAI IONIQ,1,E01034124,0,1
2024430035883,2024,430035883,1,9,0,9,9,1,7,0,0,5,0,0,0,0,1,1,2,2,2,37,7,1580,8,7,HYUNDAI IONIQ,8,E01016319,0,1
2024440192621,2024,440192621,1,9,0,18,19,2,6,0,0,4,0,0,0,0,1,1,6,6,2,69,10,-1,3,2,HYUNDAI IONIQ,6,E01033239,0,4
2024302400563,2024,302400563,1,8,0,9,9,4,2,0,0,6,0,0,0,0,1,1,1,1,1,25,5,1580,8,7,HYUNDAI IONIQ,4,E01013459,0,1
2024010527036,2024,010527036,2,9,0,18,19,1,5,0,0,1,0,0,0,0,1,1,2,2,1,37,7,1580,8,3,HYUNDAI IONIQ,3,E01003524,0,2
2024010522189,2024,010522189,1,9,9,99,99,9,9,99,99,9,9,99,9,99,2,2,6,6,3,-1,-1,1580,8,5,HYUNDAI IONIQ,-1,-1,0,-1
2024501532955,2024,501532955,3,9,0,-1,19,3,7,-1,0,6,0,0,1,0,1,1,-1,6,1,51,8,-1,3,0,HYUNDAI IONIQ,1,E01015043,0,1
2024052400363,2024,052400363,1,8,0,9,9,2,8,0,0,1,0,0,0,0,4,1,1,1,1,48,8,1580,8,4,HYUNDAI IONIQ,1,E01006547,0,1
2024010499840,2024,010499840,1,9,0,18,19,5,1,0,0,0,1,6,8,11,3,1,6,6,1,17,4,1580,8,7,HYUNDAI IONIQ,-1,-1,0,-1
2024010522035,2024,010522035,2,9,0,99,99,9,9,99,99,9,9,99,9,99,9,9,6,6,1,66,10,1580,8,6,HYUNDAI IONIQ,4,E01003480,0,3
2024010524020,2024,010524020,3,9,0,2,2,0,0,0,0,1,0,0,0,0,3,1,6,6,3,-1,-1,1580,8,5,HYUNDAI IONIQ,-1,-1,0,-1
2024131410718,2024,131410718,2,9,0,-1,19,3,7,-1,0,0,1,0,0,0,1,1,-1,1,1,55,8,1580,8,4,HYUNDAI IONIQ,1,E01033021,0,1
2024421526599,2024,421526599,2,9,0,-1,19,5,1,-1,0,0,0,0,0,0,1,1,-1,1,1,43,7,-1,3,2,HYUNDAI IONIQ,4,E01021437,0,4
2024522500308,2024,522500308,1,8,0,18,19,2,6,2,2,0,0,0,0,0,1,1,1,1,1,40,7,1580,8,3,HYUNDAI IONIQ,1,E01014654,0,1
2024010530606,2024,010530606,1,9,0,4,4,7,3,0,0,1,0,0,0,0,2,1,6,6,1,50,8,-1,3,2,HYUNDAI IONIQ,5,E01002059,0,2
2024320447183,2024,320447183,1,9,0,-1,-1,7,3,0,0,1,0,0,0,0,1,1,6,6,1,30,6,1580,8,6,HYUNDAI IONIQ,3,E01034013,0,4
2024010514954,2024,010514954,1,8,0,99,99,9,9,99,99,9,9,99,9,99,9,9,1,1,3,-1,-1,1580,8,6,HYUNDAI IONIQ,4,E01016518,0,4
2024061506848,2024,061506848,2,9,-1,-1,19,-1,-1,-1,0,0,0,0,0,0,3,9,-1,1,1,40,7,1580,8,6,HYUNDAI IONIQ,1,E01005143,0,3
2024041456899,2024,041456899,2,9,0,-1,5,5,1,-1,0,2,0,0,0,0,2,1,-1,9,1,32,6,1580,8,4,HYUNDAI IONIQ,1,E01024875,0,1
2024052400160,2024,052400160,2,9,0,2,2,0,0,0,0,1,1,0,0,0,3,1,1,1,1,39,7,1580,8,5,HYUNDAI IONIQ,3,E01006836,0,2
2024041411657,2024,041411657,3,9,0,-1,2,1,5,-1,0,0,0,0,0,0,2,1,-1,6,3,-1,-1,-1,3,2,HYUNDAI IONIQ,-1,-1,0,-1
2024131534200,2024,131534200,2,9,0,-1,19,6,2,-1,0,1,0,0,0,0,1,1,-1,1,1,49,8,-1,3,6,HYUNDAI IONIQ,1,E01010667,0,1
2024010527890,2024,010527890,2,9,9,18,19,9,9,99,99,1,9,99,9,99,9,9,6,6,3,61,9,1580,8,7,HYUNDAI IONIQ,2,E01004140,0,3
2024061537151,2024,061537151,2,8,0,-1,19,1,5,-1,0,8,0,0,0,0,4,9,-1,1,1,37,7,1580,8,3,HYUNDAI IONIQ,1,E01005682,0,3
2024461497102,2024,461497102,2,9,0,-1,3,7,3,-1,0,1,0,0,0,0,2,1,-1,6,1,58,9,1580,8,1,HYUNDAI IONIQ,5,E01035299,0,2
2024010526280,2024,010526280,2,9,0,4,4,7,3,0,0,0,0,0,0,0,2,1,1,1,1,32,6,1580,8,4,HYUNDAI IONIQ,2,E01003507,0,2
2024010547720,2024,010547720,2,9,0,99,99,9,9,99,99,9,9,99,9,99,2,9,6,6,3,-1,-1,1580,8,4,HYUNDAI IONIQ,-1,-1,0,-1
2024421489398,2024,421489398,2,9,0,-1,-1,-1,-1,-1,-1,0,-1,-1,-1,0,-1,9,-1,6,1,42,7,-1,3,3,HYUNDAI IONIQ,3,E01021319,0,1
2024401486704,2024,401486704,2,9,0,-1,19,5,1,-1,0,0,0,0,0,0,2,1,-1,6,1,40,7,1580,8,5,HYUNDAI IONIQ,2,E01015699,0,3
2024622400058,2024,622400058,1,9,0,18,19,8,4,0,0,4,0,0,0,0,3,1,1,1,1,29,6,1580,8,4,HYUNDAI IONIQ,2,W01001035,0,1
2024141482641,2024,141482641,2,9,0,-1,6,6,6,-1,0,0,0,0,0,0,3,1,-1,6,1,-1,-1,1580,8,5,HYUNDAI IONIQ,-1,-1,0,-1
2024131527255,2024,131527255,1,9,0,-1,9,1,7,-1,0,8,0,0,0,0,3,1,-1,1,1,40,7,1580,8,6,HYUNDAI IONIQ,2,E01011355,0,1
2024010517204,2024,010517204,2,9,0,18,19,7,3,0,0,0,0,0,0,0,1,1,6,6,1,32,6,1580,8,6,HYUNDAI IONIQ,7,E01001026,0,4
2024010515845,2024,010515845,2,9,0,16,19,7,3,0,0,1,0,0,0,0,3,1,6,6,1,25,5,1580,8,6,HYUNDAI IONIQ,3,E01004397,0,2
2024131411049,2024,131411049,2,9,0,-1,-1,-1,-1,-1,-1,-1,-1,-1,-1,-1,3,1,-1,6,1,60,9,-1,3,2,HYUNDAI IONIQ,6,E01011053,0,1
2024010498884,2024,010498884,1,8,0,18,19,5,1,0,0,8,0,0,1,0,3,1,1,1,1,36,7,1580,8,7,HYUNDAI IONIQ,5,E01003718,0,1
2024141512807,2024,141512807,1,9,0,-1,2,0,0,-1,9,1,0,0,0,0,4,1,-1,9,1,40,7,1580,8,3,HYUNDAI IONIQ,2,E01007906,0,1
2024471496951,2024,471496951,2,9,0,-1,19,2,6,-1,0,0,1,0,1,0,1,1,-1,2,2,40,7,1580,8,6,HYUNDAI IONIQ,5,E01031477,0,3
2024451494293,2024,451494293,1,9,0,-1,19,5,1,-1,0,0,1,0,0,0,3,1,-1,9,2,36,7,-1,3,1,HYUNDAI IONIQ,6,E01022486,0,4
2024991442717,2024,991442717,1,9,0,-1,7,5,7,-1,0,0,0,0,0,0,1,1,-1,6,2,66,10,1580,8,2,HYUNDAI IONIQ,1,-1,0,2
2024010522067,2024,010522067,1,9,0,9,9,5,3,0,0,6,0,0,0,0,1,1,1,1,1,24,5,1580,8,3,HYUNDAI IONIQ,5,E01035697,0,1
2024131534946,2024,131534946,1,9,0,-1,19,1,1,-1,0,2,5,10,0,0,0,1,-1,1,1,46,8,1580,8,6,HYUNDAI IONIQ,3,E01010669,0,1
2024061403429,2024,061403429,1,8,0,-1,19,8,4,-1,0,8,0,0,0,0,1,1,-1,1,1,50,8,1580,8,6,HYUNDAI IONIQ,1,E01005142,0,1
2024421497629,2024,421497629,2,9,0,-1,-1,-1,-1,-1,-1,-1,-1,-1,-1,0,-1,9,-1,6,2,55,8,-1,3,0,HYUNDAI IONIQ,2,E01021270,0,1
2024052401538,2024,052401538,1,8,0,18,19,6,2,0,0,1,0,0,0,0,4,1,1,1,1,31,6,1580,8,6,HYUNDAI IONIQ,1,E01034401,0,1
2024211487013,2024,211487013,2,9,0,-1,19,4,3,-1,0,4,1,4,3,0,1,1,-1,9,1,33,6,1580,8,4,HYUNDAI IONIQ,1,E01013481,0,4
2024131460873,2024,131460873,1,9,0,-1,1,4,8,-1,0,0,0,0,0,0,2,1,-1,6,3,-1,-1,1580,8,7,HYUNDAI IONIQ,-1,-1,0,-1
2024231500524,2024,231500524,2,9,0,-1,19,5,1,-1,0,0,0,0,0,0,2,9,-1,6,1,47,8,-1,3,1,HYUNDAI IONIQ,8,E01009671,0,1
2024010531837,2024,010531837,1,9,0,18,19,7,3,0,0,8,0,0,0,0,1,1,1,1,1,38,7,1580,8,5,HYUNDAI IONIQ,2,E01004249,0,1
2024010509639,2024,010509639,1,9,0,9,9,5,3,0,0,6,0,0,0,0,1,1,6,6,1,67,10,1580,8,2,HYUNDAI IONIQ,3,E01002572,0,1
2024471450434,2024,471450434,1,9,0,-1,19,1,5,-1,0,2,0,0,0,0,3,1,-1,1,1,59,9,1580,8,5,HYUNDAI IONIQ,6,E01034305,0,2
2024010526321,2024,010526321,1,8,0,99,99,9,9,99,99,9,9,99,9,99,9,9,6,6,1,32,6,1580,8,4,HYUNDAI IONIQ,6,E01002138,0,1
2024430193192,2024,430193192,1,9,0,18,19,1,5,0,0,2,0,0,0,0,1,1,6,6,2,32,6,-1,3,2,HYUNDAI IONIQ,-1,-1,0,-1
2024991528480,2024,991528480,1,8,0,-1,19,5,1,-1,0,8,0,0,0,0,3,1,-1,9,1,53,8,1580,8,3,HYUNDAI IONIQ,10,-1,0,2
2024231501478,2024,231501478,1,9,0,-1,5,6,2,-1,0,8,0,0,0,0,1,9,-1,6,2,53,8,-1,3,0,HYUNDAI IONIQ,7,E01035026,0,2
2024520402829,2024,520402829,2,9,0,17,19,7,2,0,0,0,0,0,0,0,3,1,6,6,2,44,7,1580,8,5,HYUNDAI IONIQ,2,E01014568,0,4
2024131533039,2024,131533039,1,9,0,-1,9,7,1,-1,0,5,0,0,7,0,2,1,-1,1,1,59,9,1580,8,5,HYUNDAI IONIQ,3,E01010629,0,4
2024010519317,2024,010519317,1,9,0,9,9,7,5,0,0,6,0,0,0,0,1,1,6,6,1,39,7,1580,8,6,HYUNDAI IONIQ,7,E01002373,0,3
2024061533331,2024,061533331,1,8,0,-1,19,-1,-1,-1,0,0,0,0,0,0,3,1,-1,1,1,46,8,1580,8,5,HYUNDAI IONIQ,3,E01004932,0,2
2024461415265,2024,461415265,1,9,0,-1,19,7,3,-1,0,0,1,0,0,0,1,1,-1,6,1,51,8,1580,8,6,HYUNDAI IONIQ,5,E01033791,0,2
2024010497779,2024,010497779,2,8,9,99,99,9,9,99,99,9,9,99,9,99,9,9,1,1,1,39,7,1580,8,3,HYUNDAI IONIQ,2,E01003075,0,1
2024010547880,2024,010547880,1,9,0,99,99,9,9,99,99,9,9,99,9,99,2,9,6,6,1,38,7,1580,8,6,HYUNDAI IONIQ,2,E01001427,0,1
2024451496885,2024,451496885,1,9,0,-1,19,2,6,-1,0,0,0,0,1,3,1,1,-1,9,1,57,9,-1,3,1,HYUNDAI IONIQ,3,E01003993,0,4
2024010509995,2024,010509995,2,9,0,99,99,9,9,99,99,9,9,99,9,99,1,9,6,6,1,33,6,-1,3,3,HYUNDAI IONIQ,7,E01001083,0,3
2024010541300,2024,010541300,1,9,0,6,6,1,1,0,0,2,0,0,0,0,3,1,2,2,1,37,7,-1,3,3,HYUNDAI IONIQ,3,E01001557,0,1
2024131529404,2024,131529404,1,9,0,-1,6,1,5,-1,0,0,0,0,0,0,1,1,-1,6,1,45,7,1580,8,3,HYUNDAI IONIQ,1,E01010613,0,2
2024131417490,2024,131417490,2,9,0,-1,9,1,5,-1,0,0,0,0,0,0,0,1,-1,6,1,43,7,1580,8,5,HYUNDAI IONIQ,2,E01011137,0,1
2024131485469,2024,131485469,1,9,0,-1,19,1,3,-1,0,0,0,0,0,0,1,1,-1,1,1,43,7,1580,8,7,HYUNDAI IONIQ,1,E01011340,0,1
2024010548491,2024,010548491,1,8,0,99,99,9,9,99,99,9,9,99,9,99,1,9,6,6,3,-1,-1,1580,8,7,HYUNDAI IONIQ,-1,-1,0,-1