collision_index,collision_year,collision_ref_no,vehicle_reference,vehicle_type,towing_and_articulation,vehicle_manoeuvre_historic,vehicle_manoeuvre,vehicle_direction_from,vehicle_direction_to,vehicle_location_restricted_lane_historic,vehicle_location_restricted_lane,junction_location,skidding_and_overturning,hit_object_in_carriageway,vehicle_leaving_carriageway,hit_object_off_carriageway,first_point_of_impact,vehicle_left_hand_drive,journey_purpose_of_driver_historic,journey_purpose_of_driver,sex_of_driver,age_of_driver,age_band_of_driver,engine_capacity_cc,propulsion_code,age_of_vehicle,generic_make_model,driver_imd_decile,lsoa_of_driver,escooter_flag,driver_distance_banding
2024411403890,2024,411403890,2,9,0,-1,19,1,4,-1,0,4,0,0,0,0,2,9,-1,9,1,33,6,1580,8,3,HYUNDAI IONIQ,4,E01023797,0,1
2024131470376,2024,131470376,2,9,0,-1,5,8,6,-1,0,2,0,0,0,0,1,1,-1,1,1,37,7,1580,8,3,HYUNDAI IONIQ,1,E01011910,0,1
2024440434306,2024,440434306,3,8,0,18,19,7,3,0,0,2,0,0,0,0,1,1,1,1,2,26,6,1580,8,6,HYUNDAI IONIQ,4,E01017071,0,4
2024010534172,2024,010534172,2,9,3,14,14,7,3,0,0,1,0,0,0,0,1,1,1,1,1,28,6,1580,8,6,HYUNDAI IONIQ,4,E01004259,0,1
2024991456880,2024,991456880,1,9,0,-1,19,5,8,-1,0,0,0,0,0,0,1,1,-1,1,1,46,8,1580,8,6,HYUNDAI IONIQ,2,-1,0,1
2024010532053,2024,010532053,1,9,0,18,19,5,1,0,0,4,0,0,0,0,2,1,6,6,1,48,8,-1,3,3,HYUNDAI IONIQ,4,E01001934,0,1
2024010500864,2024,010500864,1,8,0,16,19,7,3,8,6,4,0,9,1,7,1,1,6,6,1,36,7,1580,8,6,HYUNDAI IONIQ,6,E01015766,0,4
2024421471066,2024,421471066,2,9,-1,-1,3,4,7,-1,0,4,0,0,0,0,2,1,-1,1,1,54,8,1580,8,6,HYUNDAI IONIQ,4,E01004747,0,4
2024010509065,2024,010509065,2,8,0,99,99,9,9,99,99,9,9,99,9,99,1,9,6,6,1,52,8,1580,8,5,HYUNDAI IONIQ,5,E01003628,0,1
2024201523405,2024,201523405,3,9,0,-1,19,2,6,-1,0,1,0,0,0,0,1,1,-1,6,1,43,7,1580,8,5,HYUNDAI IONIQ,-1,-1,0,-1
2024070512324,2024,070512324,2,8,0,18,19,2,6,0,0,0,1,0,0,0,1,1,6,6,1,42,7,1580,8,7,HYUNDAI IONIQ,8,E01018361,0,2
2024010544369,2024,010544369,1,9,0,99,99,9,9,99,99,9,9,99,9,99,1,9,6,6,3,-1,-1,1580,8,7,HYUNDAI IONIQ,-1,-1,0,-1
2024201521719,2024,201521719,2,8,0,-1,19,5,7,-1,0,0,0,0,0,0,2,1,-1,6,1,55,8,1580,8,5,HYUNDAI IONIQ,-1,-1,0,-1
2024061461756,2024,061461756,1,9,0,-1,3,-1,-1,-1,99,3,0,0,0,0,2,1,-1,9,1,30,6,1580,8,5,HYUNDAI IONIQ,4,E01033281,0,4
2024141429501,2024,141429501,1,9,0,-1,9,4,2,-1,0,1,0,0,0,0,1,1,-1,2,1,39,7,-1,3,2,HYUNDAI IONIQ,4,E01007478,0,1
2024061483512,2024,061483512,2,8,0,-1,10,-1,-1,-1,0,0,0,0,0,0,1,1,-1,6,1,-1,-1,1580,8,6,HYUNDAI IONIQ,-1,-1,0,-1
2024052400937,2024,052400937,1,8,0,5,5,2,4,0,0,0,0,0,0,0,4,1,1,1,1,44,7,1580,8,3,HYUNDAI IONIQ,5,E01007255,0,2
2024010499425,2024,010499425,1,9,0,99,99,9,9,99,99,9,9,99,9,99,9,9,2,2,1,21,5,-1,3,2,HYUNDAI IONIQ,2,E01004324,0,1
2024131485705,2024,131485705,1,9,0,-1,-1,-1,-1,-1,-1,-1,-1,-1,-1,-1,-1,1,-1,6,3,-1,-1,1580,8,3,HYUNDAI IONIQ,-1,-1,0,-1
2024340WN9142,2024,340WN9142,1,9,0,-1,19,1,5,-1,0,0,1,0,1,0,1,1,-1,6,1,50,8,1580,8,1,HYUNDAI IONIQ,9,E01025816,0,4
2024451529913,2024,451529913,1,9,0,-1,4,1,5,-1,0,3,0,0,0,0,2,1,-1,1,1,49,8,1580,8,4,HYUNDAI IONIQ,6,E01016478,0,4
2024991411188,2024,991411188,2,8,0,-1,9,3,8,-1,0,8,1,0,0,0,2,2,-1,1,1,64,9,1580,8,5,HYUNDAI IONIQ,6,-1,0,2
2024010550259,2024,010550259,2,8,0,99,99,9,9,99,99,9,9,99,9,99,9,9,6,6,3,-1,-1,1580,8,5,HYUNDAI IONIQ,-1,-1,0,-1
2024461495769,2024,461495769,2,9,0,-1,19,8,4,-1,0,8,0,0,0,0,1,1,-1,1,1,48,8,1580,8,6,HYUNDAI IONIQ,7,E01024691,0,1
2024010523416,2024,010523416,1,9,0,11,11,7,3,0,0,1,0,0,0,0,4,1,6,6,3,-1,-1,1580,8,7,HYUNDAI IONIQ,-1,-1,0,-1
2024101424157,2024,101424157,2,9,0,-1,1,1,4,-1,0,8,0,0,0,0,4,1,-1,2,2,37,7,-1,3,2,HYUNDAI IONIQ,3,E01008639,0,2
2024991426407,2024,991426407,1,8,0,-1,19,7,3,-1,0,0,0,0,0,0,1,1,-1,1,1,61,9,1580,8,4,HYUNDAI IONIQ,4,-1,0,2
2024010536121,2024,010536121,1,9,0,18,19,5,1,0,0,0,0,0,0,0,1,1,1,1,2,52,8,1580,8,6,HYUNDAI IONIQ,7,E01002177,0,2
2024311411785,2024,311411785,1,8,0,-1,6,5,1,-1,0,8,0,0,0,0,1,1,-1,9,1,47,8,1580,8,7,HYUNDAI IONIQ,-1,-1,0,-1
2024061465082,2024,061465082,2,8,0,-1,19,7,3,-1,0,0,0,0,0,0,2,1,-1,1,1,35,6,1580,8,5,HYUNDAI IONIQ,5,E01006004,0,2
2024010526319,2024,010526319,1,9,0,99,99,9,9,99,99,9,9,99,9,99,2,9,6,6,1,30,6,1580,8,5,HYUNDAI IONIQ,5,E01033579,0,2
2024131501201,2024,131501201,1,9,0,-1,19,2,6,-1,9,0,-1,-1,-1,-1,-1,1,-1,6,3,-1,-1,1580,8,3,HYUNDAI IONIQ,-1,-1,0,-1
2024131505397,2024,131505397,1,9,0,-1,4,1,5,-1,0,0,0,0,0,0,2,1,-1,1,1,44,7,1580,8,6,HYUNDAI IONIQ,1,E01011625,0,1
2024421487435,2024,421487435,1,9,-1,-1,-1,-1,-1,-1,-1,-1,-1,-1,-1,0,-1,9,-1,6,3,-1,-1,1580,8,5,HYUNDAI IONIQ,-1,-1,0,-1
2024351436079,2024,351436079,1,9,0,-1,13,5,1,-1,0,1,0,0,0,0,4,1,-1,6,2,61,9,1580,8,6,HYUNDAI IONIQ,9,E01018204,0,1
2024471445494,2024,471445494,2,9,0,-1,9,3,5,-1,0,3,0,0,0,0,3,1,-1,2,2,49,8,-1,3,1,HYUNDAI IONIQ,9,E01035354,0,1
2024430517646,2024,430517646,3,9,0,4,4,6,2,0,0,0,0,0,0,0,0,1,2,2,1,50,8,-1,3,0,HYUNDAI IONIQ,9,E01033188,0,4
2024211410936,2024,211410936,1,9,0,-1,3,6,2,-1,0,1,0,0,0,0,2,9,-1,1,1,-1,-1,1580,8,5,HYUNDAI IONIQ,-1,-1,0,-1
2024061511647,2024,061511647,3,9,0,-1,12,5,8,-1,0,1,0,0,0,0,2,1,-1,9,1,27,6,-1,3,4,HYUNDAI IONIQ,3,E01006282,0,3
2024010503009,2024,010503009,3,8,0,3,3,1,5,0,0,1,0,0,0,0,2,1,1,1,1,64,9,1580,8,3,HYUNDAI IONIQ,6,E01003664,0,2
2024111487215,2024,111487215,2,9,0,-1,19,5,1,-1,0,0,1,0,1,0,4,1,-1,2,2,52,8,2199,2,5,HYUNDAI SANTA FE,5,E01020740,0,1
2024311450681,2024,311450681,1,9,3,-1,19,7,3,-1,0,0,0,0,0,0,4,9,-1,9,2,47,8,2199,2,13,HYUNDAI SANTA FE,6,E01007452,0,4
2024302401464,2024,302401464,1,9,0,18,19,7,3,0,0,0,0,0,0,0,4,1,3,7,3,35,6,2199,2,12,HYUNDAI SANTA FE,8,E01019518,0,1
2024522403387,2024,522403387,1,9,0,18,19,7,3,0,0,0,0,0,0,0,3,1,6,6,1,57,9,1598,8,1,HYUNDAI SANTA FE,8,E01022944,0,5
2024340NN2602,2024,340NN2602,1,9,0,-1,19,7,3,-1,0,0,0,0,0,0,1,1,-1,2,1,62,9,2199,2,6,HYUNDAI SANTA FE,10,E01026305,0,4
2024211529366,2024,211529366,1,9,0,-1,4,5,1,-1,0,0,0,0,0,0,1,1,-1,2,2,33,6,2199,2,9,HYUNDAI SANTA FE,7,E01029480,0,3
2024430251965,2024,430251965,4,9,0,10,10,4,2,0,0,1,0,0,0,0,0,1,2,2,1,54,8,2199,2,9,HYUNDAI SANTA FE,8,E01023419,0,3
2024101415840,2024,101415840,1,9,0,-1,19,6,2,-1,0,8,0,0,0,0,4,9,-1,6,1,-1,-1,2188,2,17,HYUNDAI SANTA FE,-1,-1,0,-1
2024010516771,2024,010516771,3,9,0,18,19,3,7,0,0,0,0,0,0,0,3,1,6,6,1,37,7,1598,8,2,HYUNDAI SANTA FE,4,E01001050,0,1
2024010538778,2024,010538778,4,9,0,4,4,7,3,0,0,0,0,0,0,0,2,1,1,1,1,35,6,1598,8,1,HYUNDAI SANTA FE,2,E01003323,0,1
2024552400353,2024,552400353,1,9,0,9,9,8,6,0,0,6,0,0,0,0,3,1,6,6,1,40,7,2199,2,12,HYUNDAI SANTA FE,4,E01015382,0,1
2024201493746,2024,201493746,1,9,0,-1,15,5,1,-1,0,0,0,0,0,0,1,9,-1,6,1,40,7,1598,8,1,HYUNDAI SANTA FE,4,E01009037,0,1
2024010516269,2024,010516269,1,9,0,18,19,7,3,0,0,0,0,0,0,0,2,1,6,6,1,52,8,2656,1,18,HYUNDAI SANTA FE,5,E01003913,0,1
2024440327888,2024,440327888,3,9,0,18,19,6,2,0,0,1,0,0,0,0,1,1,6,6,1,26,6,2188,2,18,HYUNDAI SANTA FE,3,E01017189,0,1
2024411439897,2024,411439897,1,9,-1,-1,-1,-1,-1,-1,-1,-1,-1,-1,-1,0,-1,9,-1,6,2,-1,-1,2199,2,12,HYUNDAI SANTA FE,-1,-1,0,-1
2024161531416,2024,161531416,2,9,0,-1,19,8,4,-1,0,1,0,0,0,0,4,1,-1,9,1,61,9,2199,2,4,HYUNDAI SANTA FE,5,E01026107,0,1
2024451422501,2024,451422501,2,9,0,-1,12,3,7,-1,0,0,0,0,0,0,3,1,-1,9,2,47,8,2199,2,8,HYUNDAI SANTA FE,9,E01024041,0,4
2024440523255,2024,440523255,2,9,0,4,4,5,1,0,0,0,0,0,0,0,1,1,6,6,3,-1,-1,2199,2,9,HYUNDAI SANTA FE,-1,-1,0,-1
2024221531863,2024,221531863,1,9,0,-1,9,3,8,-1,0,5,0,0,0,0,3,1,-1,6,2,39,7,2199,2,6,HYUNDAI SANTA FE,7,E01032210,0,1
2024471436703,2024,471436703,2,9,0,-1,19,2,6,-1,0,2,0,0,0,0,4,1,-1,9,2,51,8,2199,2,13,HYUNDAI SANTA FE,9,E01017000,0,1
2024546866424,2024,546866424,1,9,0,4,4,3,7,0,0,3,0,0,0,0,2,1,6,6,1,59,9,1598,8,0,HYUNDAI SANTA FE,10,E01014869,0,3
2024010532871,2024,010532871,2,9,9,99,99,9,9,99,99,9,9,99,9,99,9,9,6,6,3,-1,-1,2199,2,8,HYUNDAI SANTA FE,6,E01000400,0,1
2024010513770,2024,010513770,2,9,0,16,19,3,7,0,0,0,0,0,0,0,1,1,6,6,2,39,7,2199,2,8,HYUNDAI SANTA FE,-1,-1,0,-1
2024010546910,2024,010546910,2,9,0,99,99,9,9,99,99,9,9,99,9,99,1,9,6,6,3,39,7,1598,8,3,HYUNDAI SANTA FE,7,E01002159,0,1
2024471407365,2024,471407365,1,9,0,-1,5,5,1,-1,0,0,0,0,0,0,4,9,-1,9,1,26,6,2199,2,8,HYUNDAI SANTA FE,3,E01021044,0,1
2024010519038,2024,010519038,1,9,0,1,1,3,7,0,0,5,0,0,0,0,2,1,6,6,3,-1,-1,2656,1,16,HYUNDAI SANTA FE,-1,-1,0,-1
2024440553293,2024,440553293,2,9,0,18,19,8,4,0,0,0,0,0,0,0,1,1,6,6,1,51,8,2188,2,16,HYUNDAI SANTA FE,5,E01023079,0,1
2024522401295,2024,522401295,2,9,0,3,3,6,1,0,0,0,0,0,0,0,2,1,6,6,1,55,8,2199,2,13,HYUNDAI SANTA FE,6,E01020533,0,4
2024010545761,2024,010545761,3,9,0,4,4,3,7,0,0,0,0,0,0,0,2,1,6,6,1,33,6,1598,8,1,HYUNDAI SANTA FE,3,E01001082,0,1
2024052401585,2024,052401585,2,9,0,18,19,6,2,0,0,0,0,0,0,0,1,1,6,6,1,52,8,2199,2,13,HYUNDAI SANTA FE,6,E01007183,0,2
2024010537838,2024,010537838,1,8,0,99,99,9,9,99,99,9,9,99,9,99,2,9,6,6,3,-1,-1,1598,8,2,HYUNDAI SANTA FE,-1,-1,0,-1
2024311435407,2024,311435407,1,9,0,-1,2,0,0,-1,0,0,0,0,1,0,2,1,-1,6,-1,-1,-1,1991,2,19,HYUNDAI SANTA FE,-1,-1,0,-1
2024201474020,2024,201474020,1,9,0,-1,19,6,2,-1,0,8,0,0,0,0,1,1,-1,6,2,49,8,1991,2,19,HYUNDAI SANTA FE,3,E01009838,0,1
2024010505454,2024,010505454,2,9,0,99,99,9,9,99,99,9,9,99,9,99,1,9,6,6,3,-1,-1,2199,2,7,HYUNDAI SANTA FE,-1,-1,0,-1
2024440313612,2024,440313612,1,9,0,9,9,2,8,0,0,6,0,0,0,0,3,1,6,6,2,42,7,2199,2,13,HYUNDAI SANTA FE,4,E01031859,0,2
2024231475244,2024,231475244,2,9,0,-1,19,3,7,-1,0,0,1,0,0,0,1,9,-1,6,1,49,8,1598,8,1,HYUNDAI SANTA FE,6,E01034466,0,4
2024061493378,2024,061493378,2,9,0,-1,19,1,3,-1,0,8,0,0,0,0,1,1,-1,6,2,37,7,2199,2,11,HYUNDAI SANTA FE,-1,-1,0,-1
2024451486925,2024,451486925,2,9,0,-1,19,7,3,-1,0,0,0,0,0,0,4,1,-1,7,1,57,9,2199,2,12,HYUNDAI SANTA FE,8,E01030567,0,1
2024161396644,2024,161396644,2,9,0,-1,19,7,3,-1,0,8,0,0,0,0,4,9,-1,6,2,57,9,2199,2,13,HYUNDAI SANTA FE,8,E01035471,0,1
2024201405305,2024,201405305,1,9,0,-1,4,6,8,-1,0,0,0,0,0,0,2,9,-1,6,1,80,11,2199,2,6,HYUNDAI SANTA FE,6,E01009676,0,1
2024010516527,2024,010516527,1,9,0,18,19,7,3,0,0,1,0,4,0,0,1,1,6,6,1,56,9,1598,8,1,HYUNDAI SANTA FE,4,E01004038,0,3
2024010489738,2024,010489738,1,9,0,18,19,3,7,0,0,2,0,0,0,0,4,1,6,6,3,-1,-1,2199,2,14,HYUNDAI SANTA FE,-1,-1,0,-1
2024201475694,2024,201475694,2,9,0,-1,19,7,4,-1,0,0,0,0,0,0,2,1,-1,9,1,45,7,2199,2,4,HYUNDAI SANTA FE,9,E01031004,0,5
2024161478011,2024,161478011,1,9,0,-1,19,2,6,-1,0,0,2,0,1,2,4,1,-1,9,1,19,4,2351,1,19,HYUNDAI SANTA FE,1,E01035473,0,4
2024010501955,2024,010501955,2,9,0,99,99,9,9,99,99,9,9,99,9,99,1,9,6,6,3,-1,-1,1598,8,1,HYUNDAI SANTA FE,-1,-1,0,-1
2024421430284,2024,421430284,2,9,0,-1,19,-1,-1,-1,0,0,0,0,0,0,4,1,-1,9,2,32,6,2199,2,14,HYUNDAI SANTA FE,8,E01021924,0,1
2024371393666,2024,371393666,1,9,0,-1,19,3,8,-1,0,2,0,0,2,0,1,9,-1,9,1,77,11,2199,2,5,HYUNDAI SANTA FE,4,E01032526,0,1
2024161434416,2024,161434416,2,9,0,-1,10,5,3,-1,0,1,0,0,0,0,1,1,-1,9,2,26,6,2199,2,11,HYUNDAI SANTA FE,3,E01013004,0,3
2024302400213,2024,302400213,1,9,0,4,4,4,8,0,0,0,0,0,1,0,2,1,6,6,1,57,9,1991,2,19,HYUNDAI SANTA FE,8,E01019722,0,3
2024501434137,2024,501434137,2,9,0,-1,19,5,1,-1,0,0,0,0,0,0,1,1,-1,9,2,52,8,2199,2,8,HYUNDAI SANTA FE,5,E01020097,0,1
2024340NN3932,2024,340NN3932,1,9,0,-1,19,5,1,-1,0,1,0,10,0,0,3,1,-1,9,2,39,7,2199,2,7,HYUNDAI SANTA FE,3,E01026958,0,1
2024231522661,2024,231522661,3,9,0,-1,19,2,6,-1,0,0,0,0,0,0,1,1,-1,6,2,39,7,2199,2,8,HYUNDAI SANTA FE,8,E01031162,0,1
2024320041511,2024,320041511,2,9,0,2,2,0,0,0,0,0,0,0,0,0,3,1,6,6,3,-1,-1,2199,2,13,HYUNDAI SANTA FE,-1,-1,0,-1
2024052402281,2024,052402281,1,9,0,11,11,3,7,0,0,0,0,0,0,0,4,1,6,6,2,-1,-1,2199,2,8,HYUNDAI SANTA FE,-1,-1,0,-1
2024361456047,2024,361456047,3,9,0,-1,3,4,7,-1,0,1,0,0,0,0,3,1,-1,6,2,63,9,2199,2,7,HYUNDAI SANTA FE,5,E01026491,0,2
2024311470754,2024,311470754,1,9,0,-1,9,1,6,-1,0,8,0,0,0,0,1,1,-1,6,1,80,11,1991,2,21,HYUNDAI SANTA FE,7,E01027984,0,1
2024471408627,2024,471408627,1,9,0,-1,7,7,2,-1,0,1,0,0,3,0,1,1,-1,9,2,32,6,2199,2,8,HYUNDAI SANTA FE,5,E01030572,0,3
2024520401766,2024,520401766,3,9,0,18,19,5,1,0,0,0,0,0,0,0,1,1,6,6,2,66,10,2199,2,7,HYUNDAI SANTA FE,5,E01018785,0,5
2024221490544,2024,221490544,1,9,0,-1,5,6,2,-1,0,6,0,0,0,0,3,1,-1,6,1,30,6,1991,2,20,HYUNDAI SANTA FE,8,E01014130,0,3
2024302400558,2024,302400558,1,9,0,2,2,0,0,0,0,1,0,0,0,0,0,1,6,6,3,-1,-1,2199,2,12,HYUNDAI SANTA FE,-1,-1,0,-1
2024421512463,2024,421512463,1,9,0,-1,19,2,6,-1,0,0,0,0,0,0,1,1,-1,6,3,-1,-1,2199,2,14,HYUNDAI SANTA FE,-1,-1,0,-1
2024361491067,2024,361491067,2,9,0,-1,3,7,3,-1,0,1,0,0,0,0,2,1,-1,6,1,81,11,2199,2,7,HYUNDAI SANTA FE,9,E01030238,0,3
2024010526061,2024,010526061,2,9,0,99,99,9,9,99,99,9,9,99,9,99,1,9,6,6,3,-1,-1,2199,2,8,HYUNDAI SANTA FE,-1,-1,0,-1
2024440014821,2024,440014821,1,9,0,5,5,6,2,0,0,1,0,0,0,0,1,1,2,2,2,59,9,2199,2,13,HYUNDAI SANTA FE,9,E01022947,0,1
2024070424107,2024,070424107,1,9,0,4,4,1,3,0,0,4,0,0,0,0,1,1,6,6,1,90,11,2199,2,14,HYUNDAI SANTA FE,5,E01018418,0,3
2024302400754,2024,302400754,1,9,0,18,19,6,2,0,0,0,0,0,1,7,4,1,2,2,1,34,6,2199,2,14,HYUNDAI SANTA FE,4,E01013555,0,1
2024101510561,2024,101510561,2,9,0,-1,19,1,5,-1,0,1,0,0,0,0,1,1,-1,2,1,40,7,2199,2,10,HYUNDAI SANTA FE,-1,-1,0,-1
2024052400549,2024,052400549,2,9,0,18,19,3,7,0,0,0,0,0,0,0,1,1,6,6,2,61,9,2199,2,11,HYUNDAI SANTA FE,4,E01006897,0,1
2024161459355,2024,161459355,2,9,0,-1,19,6,2,-1,0,0,0,0,0,0,1,1,-1,6,1,-1,-1,2199,2,9,HYUNDAI SANTA FE,-1,-1,0,-1
2024031501227,2024,031501227,2,9,0,-1,2,5,1,-1,0,0,0,0,0,0,3,1,-1,9,2,40,7,2199,2,8,HYUNDAI SANTA FE,3,E01019171,0,1
2024311414293,2024,311414293,1,9,0,-1,19,8,4,-1,0,0,0,0,0,0,4,1,-1,2,1,40,7,2199,2,13,HYUNDAI SANTA FE,4,E01013941,0,1
2024131471375,2024,131471375,2,9,0,-1,5,3,3,-1,0,0,0,0,0,0,1,1,-1,6,1,58,9,2199,2,3,HYUNDAI SANTA FE,9,E01010687,0,1
2024622400717,2024,622400717,1,9,0,18,19,8,4,0,0,4,0,0,0,0,1,1,6,6,2,46,8,1598,8,1,HYUNDAI SANTA FE,2,W01001761,0,1
2024461521107,2024,461521107,1,9,0,-1,19,3,7,-1,0,4,0,0,0,0,1,1,-1,9,2,41,7,2199,2,7,HYUNDAI SANTA FE,8,E01024076,0,2
2024211488289,2024,211488289,1,9,0,-1,19,3,7,-1,0,0,0,0,0,0,1,1,-1,6,2,39,7,2199,2,9,HYUNDAI SANTA FE,5,E01029802,0,2
2024052400368,2024,052400368,1,9,0,18,19,5,2,0,0,0,0,0,0,0,1,1,6,6,1,52,8,2199,2,12,HYUNDAI SANTA FE,1,E01006679,0,1
2024461479240,2024,461479240,1,9,0,-1,19,7,3,-1,0,1,0,0,0,0,1,1,-1,6,1,77,11,2199,2,12,HYUNDAI SANTA FE,6,E01024700,0,1
2024631508995,2024,631508995,2,9,0,-1,19,6,2,-1,0,0,0,0,0,0,0,1,-1,6,2,72,10,2199,2,7,HYUNDAI SANTA FE,7,W01000450,0,4
2024371477209,2024,371477209,2,9,0,-1,3,1,5,-1,0,1,0,0,0,0,2,1,-1,9,2,40,7,2199,2,10,HYUNDAI SANTA FE,3,E01030287,0,1
2024440336460,2024,440336460,1,9,0,18,19,3,7,0,0,1,0,0,0,0,1,1,2,2,1,68,10,2199,2,10,HYUNDAI SANTA FE,4,E01023085,0,2
2024061554715,2024,061554715,1,9,0,-1,4,1,5,-1,0,0,0,0,0,0,2,1,-1,6,1,62,9,1598,8,0,HYUNDAI SANTA FE,7,E01018409,0,4
2024501473181,2024,501473181,3,9,3,-1,19,7,3,-1,0,0,0,0,0,0,4,1,-1,9,1,51,8,2199,2,13,HYUNDAI SANTA FE,10,E01009807,0,5
2024010512028,2024,010512028,1,9,0,9,9,3,1,5,5,5,0,0,0,0,2,1,6,6,1,50,8,2199,2,6,HYUNDAI SANTA FE,10,E01000263,0,1
2024201414954,2024,201414954,2,9,0,-1,3,2,6,-1,0,0,0,0,0,0,2,1,-1,9,1,51,8,1598,8,2,HYUNDAI SANTA FE,1,E01009512,0,2
2024311431273,2024,311431273,2,9,0,-1,2,0,0,-1,0,0,0,0,0,0,1,1,-1,6,-1,-1,-1,2199,2,9,HYUNDAI SANTA FE,-1,-1,0,-1
2024052401684,2024,052401684,2,9,0,2,2,0,0,0,0,0,0,0,0,0,1,1,6,6,3,-1,-1,2188,2,17,HYUNDAI SANTA FE,-1,-1,0,-1
2024041417340,2024,041417340,1,9,0,-1,9,3,1,-1,0,6,0,0,0,0,1,1,-1,9,2,65,9,2967,1,19,JAGUAR S TYPE,4,E01025544,0,1
2024371480331,2024,371480331,1,9,0,-1,19,7,5,-1,0,0,0,0,0,0,3,9,-1,6,1,65,9,2720,2,17,JAGUAR S TYPE,8,E01033452,0,1
202417L102724,2024,17L102724,1,9,0,18,19,3,7,0,0,0,0,0,0,0,0,1,6,6,1,72,10,4196,1,21,JAGUAR S TYPE,9,E01027845,0,4
2024201538860,2024,201538860,1,9,0,-1,19,4,8,-1,0,0,0,0,0,0,1,9,-1,6,3,-1,-1,2967,1,18,JAGUAR S TYPE,-1,-1,0,-1
2024311512961,2024,311512961,1,9,0,-1,5,8,3,-1,0,1,0,0,0,0,1,1,-1,6,1,57,9,2967,1,24,JAGUAR S TYPE,6,E01019774,0,4
2024520001366,2024,520001366,1,9,0,6,6,5,5,0,0,0,0,0,0,0,3,1,6,6,1,61,9,4196,1,20,JAGUAR S TYPE,9,E01014416,0,1
2024010546596,2024,010546596,2,9,0,99,99,9,9,99,99,9,9,99,9,99,9,9,6,6,1,65,9,2496,1,22,JAGUAR S TYPE,3,E01004630,0,1
2024351541271,2024,351541271,1,9,0,-1,19,3,7,-1,0,0,0,0,0,0,1,1,-1,9,1,87,11,2967,1,22,JAGUAR S TYPE,10,E01018258,0,1
2024351538125,2024,351538125,1,9,0,-1,-1,-1,-1,-1,-1,-1,-1,-1,-1,0,3,9,-1,6,1,81,11,2967,1,22,JAGUAR S TYPE,8,E01017983,0,1
2024122400201,2024,122400201,2,9,0,9,9,3,7,0,0,8,0,0,0,0,2,1,6,6,1,71,10,2720,2,19,JAGUAR S TYPE,6,E01027790,0,2
2024070971270,2024,070971270,1,9,0,-1,7,1,8,-1,0,5,0,0,0,0,1,1,-1,1,1,56,9,2496,1,20,JAGUAR S TYPE,4,E01012468,0,1
2024421404422,2024,421404422,2,9,0,-1,5,3,7,-1,0,0,0,0,0,0,3,1,-1,2,2,22,5,2967,1,21,JAGUAR S TYPE,9,E01021731,0,3
2024501465071,2024,501465071,1,9,0,-1,2,3,7,-1,0,0,5,0,0,0,4,1,-1,9,1,78,11,2967,1,17,JAGUAR S TYPE,4,E01018926,0,1
2024061425962,2024,061425962,1,9,0,-1,19,8,4,-1,0,8,1,0,3,11,1,1,-1,6,1,42,7,3996,1,25,JAGUAR S TYPE,2,E01006284,0,1
2024010548772,2024,010548772,1,9,0,18,19,1,5,0,0,0,0,0,1,11,1,1,6,6,1,86,11,2967,1,23,JAGUAR S TYPE,7,E01003414,0,1
2024311403662,2024,311403662,3,9,0,-1,19,7,3,-1,0,0,0,0,0,0,1,1,-1,6,-1,30,6,2720,2,18,JAGUAR S TYPE,-1,-1,0,-1
2024061406236,2024,061406236,2,9,0,-1,19,5,1,-1,0,8,0,0,0,0,1,1,-1,6,1,91,11,2496,1,20,JAGUAR S TYPE,8,E01005770,0,1
2024302400535,2024,302400535,1,9,0,18,19,7,3,0,0,0,0,0,0,0,1,1,6,6,1,69,10,2720,2,17,JAGUAR S TYPE,5,E01029464,0,1
2024371480570,2024,371480570,2,9,0,-1,19,1,5,-1,0,1,0,0,0,0,2,1,-1,6,1,60,9,2720,2,19,JAGUAR S TYPE,10,E01030050,0,4
2024501451218,2024,501451218,1,9,0,-1,19,5,1,-1,0,0,0,0,0,0,4,9,-1,6,3,-1,-1,2496,1,21,JAGUAR S TYPE,-1,-1,0,-1
2024010509872,2024,010509872,1,9,0,99,99,9,9,99,99,0,9,99,9,99,1,1,6,6,1,83,11,2720,2,17,JAGUAR S TYPE,5,E01002626,0,1
2024552400208,2024,552400208,2,9,0,18,19,6,2,0,0,0,0,0,0,0,1,1,6,6,1,59,9,1796,1,13,-1,6,E01020539,0,3
2024991505902,2024,991505902,1,9,0,-1,19,3,7,-1,0,0,5,0,1,2,4,1,-1,2,1,34,6,1560,2,17,PEUGEOT 207,-1,-1,0,-1
2024052400574,2024,052400574,2,9,0,18,19,5,1,0,0,1,0,0,0,0,2,1,6,6,1,30,6,1598,1,13,PEUGEOT 207,1,E01007273,0,3
2024141418989,2024,141418989,2,9,0,-1,19,3,7,-1,0,0,0,0,0,0,1,9,-1,6,3,-1,-1,1397,1,16,PEUGEOT 207,-1,-1,0,-1
2024501488378,2024,501488378,2,9,0,-1,19,4,8,-1,0,0,1,0,0,0,1,1,-1,2,1,21,5,1397,1,15,PEUGEOT 207,7,E01019920,0,2
2024351427780,2024,351427780,2,9,0,-1,19,1,5,-1,0,1,0,0,0,0,1,1,-1,6,1,23,5,1397,1,14,PEUGEOT 207,4,E01018146,0,2
2024201443494,2024,201443494,1,9,0,-1,13,8,4,-1,0,0,0,0,0,0,1,1,-1,6,2,30,6,1360,1,17,PEUGEOT 207,-1,-1,0,-1
2024543172124,2024,543172124,2,9,0,17,19,1,6,0,0,1,0,0,0,0,3,1,6,6,2,51,8,1397,1,16,PEUGEOT 207,4,E01032036,0,2