collision_index,collision_year,collision_ref_no,vehicle_reference,vehicle_type,towing_and_articulation,vehicle_manoeuvre_historic,vehicle_manoeuvre,vehicle_direction_from,vehicle_direction_to,vehicle_location_restricted_lane_historic,vehicle_location_restricted_lane,junction_location,skidding_and_overturning,hit_object_in_carriageway,vehicle_leaving_carriageway,hit_object_off_carriageway,first_point_of_impact,vehicle_left_hand_drive,journey_purpose_of_driver_historic,journey_purpose_of_driver,sex_of_driver,age_of_driver,age_band_of_driver,engine_capacity_cc,propulsion_code,age_of_vehicle,generic_make_model,driver_imd_decile,lsoa_of_driver,escooter_flag,driver_distance_banding
2024552401398,2024,552401398,1,9,0,15,15,8,4,0,0,0,1,0,1,10,3,1,2,2,1,44,7,1398,2,12,PEUGEOT 207,5,E01035122,0,2
2024211499892,2024,211499892,4,9,0,-1,19,7,3,-1,0,0,0,0,0,0,1,1,-1,9,1,42,7,1598,1,17,PEUGEOT 207,1,E01014164,0,4
2024522401170,2024,522401170,1,9,0,3,3,2,6,0,0,1,0,0,0,0,2,1,6,6,2,18,4,1360,1,14,PEUGEOT 207,10,E01015001,0,1
2024991523262,2024,991523262,2,9,0,-1,19,8,3,-1,0,2,0,0,0,0,1,1,-1,6,1,33,6,1560,2,14,PEUGEOT 207,8,-1,0,1
2024320641107,2024,320641107,1,9,0,-1,-1,4,8,0,0,0,0,0,0,0,1,1,6,6,1,46,8,1397,1,13,PEUGEOT 207,3,E01026059,0,1
2024101461348,2024,101461348,2,9,0,-1,9,7,3,-1,0,1,0,0,0,0,2,1,-1,6,2,47,8,1560,2,12,PEUGEOT 207,-1,-1,0,-1
202417S214024,2024,17S214024,2,9,0,-1,19,2,6,-1,0,0,0,0,0,0,1,1,-1,9,1,63,9,1360,1,12,PEUGEOT 207,3,E01012214,0,1
2024361419823,2024,361419823,1,9,0,-1,19,3,7,-1,0,0,0,12,1,4,1,1,-1,2,1,37,7,1397,1,13,PEUGEOT 207,3,E01026740,0,3
2024231482312,2024,231482312,2,9,0,-1,8,5,1,-1,0,1,0,0,0,0,2,9,-1,2,1,35,6,1560,2,17,PEUGEOT 207,3,E01014194,0,4
2024501519670,2024,501519670,1,9,0,-1,19,8,4,-1,0,1,1,0,0,0,4,1,-1,6,1,39,7,1598,1,15,PEUGEOT 207,5,E01018831,0,1
2024311406620,2024,311406620,1,9,0,-1,19,1,5,-1,0,0,5,0,0,0,0,1,-1,6,1,18,4,1397,1,13,PEUGEOT 207,10,E01028222,0,3
2024411440637,2024,411440637,1,9,0,-1,19,1,7,-1,0,0,0,0,1,0,1,1,-1,6,1,89,11,1397,1,15,PEUGEOT 207,4,E01021863,0,1
2024501531001,2024,501531001,1,9,0,-1,5,7,3,-1,0,2,0,0,7,10,1,1,-1,2,1,31,6,998,1,12,PEUGEOT 207,4,E01020292,0,1
2024471483218,2024,471483218,2,9,0,-1,19,5,1,-1,0,0,0,0,0,0,1,1,-1,9,2,48,8,1360,1,14,PEUGEOT 207,9,E01030580,0,1
2024071062619,2024,071062619,1,9,0,-1,9,1,2,-1,0,5,0,0,0,0,0,1,-1,6,2,48,8,1598,1,16,PEUGEOT 207,4,E01012454,0,4
2024351422835,2024,351422835,2,9,0,-1,4,7,3,-1,0,0,0,0,0,0,1,1,-1,2,1,42,7,1398,2,13,PEUGEOT 207,9,E01035559,0,3
2024141557295,2024,141557295,2,9,0,-1,5,1,5,-1,0,0,0,0,0,0,1,1,-1,6,3,-1,-1,1560,2,12,PEUGEOT 207,-1,-1,0,-1
2024052402241,2024,052402241,1,9,0,15,15,5,1,0,0,1,0,0,0,0,4,1,6,6,2,49,8,1560,2,13,PEUGEOT 207,3,E01007022,0,1
2024371521132,2024,371521132,1,9,0,-1,99,-1,-1,-1,0,1,0,0,0,0,1,1,-1,6,1,-1,-1,1560,2,15,PEUGEOT 207,3,E01029978,0,1
2024421499699,2024,421499699,2,9,0,-1,3,5,1,-1,0,0,0,0,0,0,2,1,-1,6,1,42,7,1398,2,14,PEUGEOT 207,8,E01029890,0,3
2024161536381,2024,161536381,2,9,0,-1,19,7,3,-1,0,1,0,0,0,0,1,1,-1,9,1,78,11,1397,1,16,PEUGEOT 207,4,E01013213,0,1
2024991468767,2024,991468767,1,9,0,-1,19,1,6,-1,0,0,5,0,0,0,1,1,-1,9,1,66,10,1360,1,14,PEUGEOT 207,2,-1,0,4
2024010522589,2024,010522589,2,9,9,99,99,9,9,99,99,9,9,99,9,99,9,9,6,6,3,-1,-1,1397,1,13,PEUGEOT 207,-1,-1,0,-1
2024101416524,2024,101416524,2,9,0,-1,19,1,5,-1,0,0,0,0,0,0,3,1,-1,6,1,30,6,1360,1,17,PEUGEOT 207,2,E01008860,0,1
2024010539908,2024,010539908,1,9,0,6,6,7,7,0,0,1,0,0,7,0,1,1,6,6,1,79,11,1397,1,16,PEUGEOT 207,7,E01000324,0,1
2024332400432,2024,332400432,1,9,0,-1,13,8,4,-1,0,8,0,0,0,0,1,1,-1,6,1,36,7,1397,1,16,PEUGEOT 207,7,E01031241,0,4
2024101491643,2024,101491643,1,9,-1,-1,19,1,5,-1,0,2,0,0,0,0,1,9,-1,6,1,38,7,1360,1,15,PEUGEOT 207,8,E01008843,0,1
2024471421201,2024,471421201,1,9,0,-1,4,7,3,-1,0,1,0,0,0,0,1,1,-1,6,2,50,8,1398,2,17,PEUGEOT 207,2,E01016993,0,1
2024461409982,2024,461409982,2,9,0,-1,9,7,3,-1,0,1,0,0,0,0,3,9,-1,9,2,66,10,1360,1,14,PEUGEOT 207,8,E01024344,0,1
2024501493938,2024,501493938,2,9,0,-1,3,3,7,-1,0,1,0,0,0,0,2,1,-1,9,2,44,7,1360,1,14,PEUGEOT 207,6,E01019945,0,1
2024361405021,2024,361405021,1,9,0,-1,7,1,3,-1,0,6,1,0,0,0,3,1,-1,6,1,23,5,1360,1,16,PEUGEOT 207,4,E01026864,0,3
2024010564717,2024,010564717,1,9,0,9,9,1,7,99,99,9,9,99,9,99,3,9,6,6,2,48,8,1360,1,14,PEUGEOT 207,2,E01001482,0,1
2024010531087,2024,010531087,2,9,0,99,99,9,9,99,99,9,9,99,9,99,1,9,6,6,3,-1,-1,1598,1,16,PEUGEOT 207,-1,-1,0,-1
2024622400684,2024,622400684,1,9,0,18,19,8,4,0,0,4,0,0,0,0,1,1,6,6,1,39,7,1598,1,16,PEUGEOT 207,9,W01001006,0,4
2024332400162,2024,332400162,2,9,0,-1,19,5,1,-1,0,1,0,0,0,0,1,1,-1,6,3,-1,-1,1397,1,14,PEUGEOT 207,-1,-1,0,-1
2024531519475,2024,531519475,1,9,0,-1,5,1,7,-1,0,6,0,0,0,0,4,1,-1,6,2,54,8,1560,2,15,PEUGEOT 207,8,E01031940,0,4
2024451506198,2024,451506198,1,9,0,-1,5,8,4,-1,0,4,0,0,0,0,1,1,-1,2,1,29,6,1398,2,17,PEUGEOT 207,4,E01030981,0,2
2024430474152,2024,430474152,1,9,0,7,7,4,8,0,0,5,0,0,0,0,4,1,6,6,3,-1,-1,1598,1,16,PEUGEOT 207,-1,-1,0,-1
2024201407047,2024,201407047,2,9,0,-1,5,-1,-1,-1,0,1,0,0,1,0,1,9,-1,9,1,20,4,1397,1,13,PEUGEOT 207,10,E01009807,0,1
2024552400379,2024,552400379,1,9,0,18,19,8,4,0,0,0,2,0,7,11,0,1,2,2,1,36,7,1598,1,14,PEUGEOT 207,3,E01020502,0,3
2024122400602,2024,122400602,1,9,0,17,19,5,1,0,0,0,0,0,0,0,1,1,6,6,1,23,5,1398,2,15,PEUGEOT 207,6,E01012098,0,3
2024421415595,2024,421415595,2,9,0,-1,2,0,0,-1,9,0,0,0,0,0,2,1,-1,6,-1,-1,-1,1360,1,14,PEUGEOT 207,-1,-1,0,-1
2024111435398,2024,111435398,1,9,0,-1,19,5,1,-1,0,0,0,0,0,0,1,1,-1,9,2,26,6,1397,1,12,PEUGEOT 207,3,E01020881,0,1
2024141483206,2024,141483206,2,9,0,-1,9,4,1,-1,0,2,0,0,0,0,1,9,-1,6,1,28,6,1360,1,18,PEUGEOT 207,3,E01007807,0,2
2024501532542,2024,501532542,3,9,0,-1,19,4,8,-1,0,0,0,0,0,0,1,1,-1,9,2,55,8,1360,1,15,PEUGEOT 207,7,E01020318,0,2
2024010504216,2024,010504216,2,9,9,99,99,9,9,99,99,9,9,99,9,99,9,9,6,6,3,-1,-1,1598,1,13,PEUGEOT 207,-1,-1,0,-1
2024471424233,2024,471424233,1,9,0,-1,7,7,1,-1,0,3,0,0,0,0,3,1,-1,6,2,65,9,1398,2,13,PEUGEOT 207,3,E01020996,0,1
2024401519879,2024,401519879,1,9,0,-1,3,5,1,-1,0,1,0,0,0,0,1,9,-1,6,1,20,4,1360,1,14,PEUGEOT 207,4,E01035507,0,5
2024311411386,2024,311411386,3,9,0,-1,2,0,0,-1,0,0,0,0,0,0,1,1,-1,6,-1,-1,-1,1360,1,18,PEUGEOT 207,-1,-1,0,-1
2024552500144,2024,552500144,1,9,0,13,13,8,4,0,0,0,0,0,0,0,0,1,6,6,1,18,4,1397,1,14,PEUGEOT 207,8,E01020458,0,2
2024302400065,2024,302400065,1,9,0,7,7,7,1,0,0,8,0,0,0,0,3,1,6,6,2,40,7,1360,1,17,PEUGEOT 207,9,E01019879,0,1
2024371432721,2024,371432721,1,9,0,-1,19,3,7,-1,0,8,0,0,1,1,1,1,-1,9,1,67,10,1560,2,16,PEUGEOT 207,1,E01022026,0,4
2024201474832,2024,201474832,2,9,0,-1,19,7,3,-1,0,0,0,0,0,0,1,9,-1,6,1,30,6,1360,1,15,PEUGEOT 207,-1,-1,0,-1
2024361517204,2024,361517204,2,9,0,-1,19,8,5,-1,0,0,0,0,0,0,1,1,-1,9,1,88,11,1360,1,17,PEUGEOT 207,6,E01026533,0,2
2024311409014,2024,311409014,1,9,0,-1,19,6,3,-1,0,0,0,0,0,0,1,1,-1,1,2,58,9,1598,1,14,PEUGEOT 207,6,E01028242,0,3
2024430294925,2024,430294925,2,9,0,2,2,0,0,0,0,0,0,0,0,0,2,1,6,6,3,-1,-1,1360,1,15,PEUGEOT 207,-1,-1,0,-1
2024131415885,2024,131415885,1,9,0,-1,5,5,1,-1,0,1,0,0,0,0,4,1,-1,6,2,62,9,1598,1,12,PEUGEOT 207,1,E01011901,0,1
2024610026124,2024,610026124,1,9,0,18,19,2,6,0,0,8,0,0,0,0,3,1,6,6,1,45,7,1360,1,15,PEUGEOT 207,6,W01001613,0,1
2024041462410,2024,041462410,1,9,0,-1,7,7,3,-1,0,5,0,0,0,0,1,1,-1,6,1,64,9,1360,1,15,PEUGEOT 207,1,E01007269,0,4
2024552401189,2024,552401189,2,9,0,18,19,2,6,0,0,8,0,0,0,0,1,1,6,6,2,33,6,1398,2,13,PEUGEOT 207,4,E01015275,0,1
2024161419062,2024,161419062,1,9,0,-1,9,3,1,-1,0,8,0,0,1,0,2,1,-1,9,1,29,6,1360,1,15,PEUGEOT 207,2,E01013187,0,1
2024991437627,2024,991437627,1,9,0,-1,19,3,7,-1,0,0,0,0,0,0,1,1,-1,6,1,35,6,1560,2,16,PEUGEOT 207,1,-1,0,1
2024070861582,2024,070861582,2,9,0,-1,2,0,0,-1,0,0,0,0,0,0,3,1,-1,6,1,48,8,1397,1,14,PEUGEOT 207,-1,-1,0,-1
2024141493699,2024,141493699,1,9,0,-1,19,4,1,-1,0,0,0,0,0,0,1,1,-1,9,1,22,5,1398,2,13,PEUGEOT 207,9,E01008021,0,4
2024141411050,2024,141411050,2,9,0,-1,19,7,5,-1,0,0,0,0,0,0,1,1,-1,9,1,28,6,1360,1,15,PEUGEOT 207,3,E01007576,0,2
2024421521088,2024,421521088,2,9,0,-1,3,1,5,-1,0,1,0,0,0,0,2,1,-1,2,1,26,6,1398,2,18,PEUGEOT 207,4,E01021495,0,2
2024440299521,2024,440299521,2,9,0,6,6,8,4,0,0,1,0,0,0,0,3,1,6,6,1,58,9,1397,1,13,PEUGEOT 207,2,E01017219,0,1
2024501473473,2024,501473473,1,9,0,-1,19,1,5,-1,0,0,0,0,0,0,4,1,-1,9,2,49,8,1360,1,17,PEUGEOT 207,3,E01020037,0,1
2024610004224,2024,610004224,1,9,0,11,11,8,1,0,0,8,0,0,0,0,2,1,6,6,2,19,4,1398,2,14,PEUGEOT 207,4,W01001558,0,4
2024131463592,2024,131463592,1,9,0,-1,19,7,3,-1,0,0,0,0,7,3,1,1,-1,9,2,64,9,1360,1,14,PEUGEOT 207,5,E01011415,0,2
2024461512042,2024,461512042,1,9,0,-1,19,4,2,-1,9,0,1,0,1,0,1,1,-1,6,1,23,5,1397,1,14,PEUGEOT 207,7,E01024285,0,4
2024471453283,2024,471453283,1,9,0,-1,4,3,1,-1,0,1,0,0,0,0,1,1,-1,9,1,18,4,1397,1,14,PEUGEOT 207,9,E01031723,0,1
2024131472909,2024,131472909,1,9,0,-1,9,7,3,-1,0,8,0,0,0,0,1,1,-1,9,1,20,4,1397,1,13,PEUGEOT 207,6,E01027736,0,4
2024201471006,2024,201471006,2,9,0,-1,3,8,4,-1,0,1,0,0,0,0,2,1,-1,6,2,54,8,1360,1,14,PEUGEOT 207,1,E01009371,0,2
2024552500088,2024,552500088,1,9,0,18,19,4,8,0,0,0,0,0,0,0,2,1,6,6,3,-1,-1,1598,1,16,PEUGEOT 207,-1,-1,0,-1
2024361407912,2024,361407912,1,9,0,-1,2,0,0,-1,9,1,0,0,0,0,0,1,-1,6,1,37,7,1560,2,17,PEUGEOT 207,5,E01026745,0,3
2024471521001,2024,471521001,1,9,0,-1,19,5,1,-1,0,0,5,10,0,0,1,1,-1,1,1,59,9,1560,2,12,PEUGEOT 207,9,E01021161,0,3
2024351463822,2024,351463822,1,9,0,-1,5,8,3,-1,0,3,0,0,0,0,3,1,-1,6,1,44,7,1360,1,15,PEUGEOT 207,4,E01015676,0,1
2024231437704,2024,231437704,1,9,0,-1,5,8,4,-1,9,6,0,0,0,0,1,9,-1,6,3,75,10,1397,1,15,PEUGEOT 207,-1,-1,0,-1
2024461410426,2024,461410426,1,9,0,-1,19,8,6,-1,0,4,0,0,0,0,1,9,-1,6,1,75,10,1360,1,13,PEUGEOT 207,4,E01024481,0,1
2024440541210,2024,440541210,1,9,0,4,4,3,7,0,0,0,0,0,0,0,2,1,6,6,1,39,7,1560,2,12,PEUGEOT 207,3,E01022801,0,2
2024161472842,2024,161472842,1,9,0,-1,2,0,0,-1,0,0,0,0,0,0,3,1,-1,6,1,57,9,1560,2,15,PEUGEOT 207,3,E01034752,0,1
2024522402945,2024,522402945,2,9,0,18,19,2,8,0,0,8,0,0,0,0,4,1,6,6,1,30,6,1598,1,14,PEUGEOT 207,1,E01014829,0,1
2024161481248,2024,161481248,1,9,0,-1,19,5,1,-1,0,1,0,0,0,0,1,9,-1,6,1,51,8,1360,1,14,PEUGEOT 207,1,E01012894,0,1
2024141497922,2024,141497922,2,9,0,-1,19,5,1,-1,0,0,1,0,0,0,2,1,-1,9,1,39,7,1397,1,15,PEUGEOT 207,2,E01007494,0,3
2024501410930,2024,501410930,2,9,0,-1,19,7,3,-1,0,0,0,0,0,0,1,9,-1,6,1,18,4,1360,1,18,PEUGEOT 207,6,E01015200,0,1
2024421435948,2024,421435948,2,9,0,-1,19,5,1,-1,0,0,0,0,0,0,2,1,-1,9,2,21,5,1360,1,13,PEUGEOT 207,2,E01021322,0,4
2024161519855,2024,161519855,2,9,0,-1,19,7,3,-1,0,0,0,4,0,0,1,9,-1,6,1,-1,-1,1398,2,13,PEUGEOT 207,2,E01013330,0,1
2024520500098,2024,520500098,1,9,0,18,19,1,3,0,0,0,0,0,1,2,1,1,6,6,1,62,9,1398,2,15,PEUGEOT 207,4,E01032633,0,2
2024302400632,2024,302400632,3,9,0,2,2,0,0,0,0,0,0,0,0,0,3,1,6,6,3,-1,-1,1560,2,17,PEUGEOT 207,-1,-1,0,-1
2024440317038,2024,440317038,1,9,0,18,19,4,8,0,0,0,0,0,0,4,2,1,6,6,1,20,4,1598,1,16,PEUGEOT 207,2,E01022904,0,2
2024131424781,2024,131424781,1,9,0,-1,19,6,2,-1,9,0,1,11,7,2,1,1,-1,9,1,22,5,1398,2,14,PEUGEOT 207,3,E01010848,0,2
2024622400364,2024,622400364,1,9,0,16,19,8,3,0,0,3,0,0,0,0,2,1,1,1,1,30,6,1360,1,13,PEUGEOT 207,6,W01001838,0,2
2024451400771,2024,451400771,1,9,0,-1,19,2,6,-1,0,0,0,0,0,0,4,1,-1,1,1,57,9,1398,2,15,PEUGEOT 207,6,E01030332,0,1
2024302400952,2024,302400952,3,9,0,2,2,0,0,0,0,1,0,0,0,0,3,1,6,6,3,-1,-1,1598,1,16,PEUGEOT 207,-1,-1,0,-1
2024010518787,2024,010518787,1,9,0,99,99,9,9,99,99,9,9,99,9,99,2,9,6,6,1,30,6,1598,1,14,PEUGEOT 207,4,E01000980,0,1
2024340WN4772,2024,340WN4772,3,9,0,-1,3,7,3,-1,0,0,0,0,0,0,2,1,-1,9,1,47,8,1360,1,17,PEUGEOT 207,8,E01027260,0,1
2024221489594,2024,221489594,2,9,0,-1,9,5,3,-1,0,6,0,0,0,0,3,1,-1,6,1,84,11,1560,2,15,PEUGEOT 207,5,E01014079,0,1
2024471433104,2024,471433104,1,9,0,-1,19,1,5,-1,0,0,0,0,0,0,1,1,-1,6,1,-1,-1,1398,2,12,PEUGEOT 207,10,E01031654,0,4
2024311532574,2024,311532574,2,9,0,-1,19,3,7,-1,0,1,1,0,7,11,4,1,-1,9,2,65,9,1560,2,14,PEUGEOT 207,1,E01028001,0,2
2024131472170,2024,131472170,3,9,0,-1,4,7,3,-1,0,0,1,0,0,0,2,1,-1,9,1,36,7,1397,1,16,PEUGEOT 207,9,E01011812,0,3
2024041454233,2024,041454233,1,9,0,-1,19,7,3,-1,0,0,0,4,0,0,1,1,-1,1,2,77,11,1360,1,12,PEUGEOT 207,10,E01025259,0,1
2024010532032,2024,010532032,2,9,0,99,99,9,9,99,99,0,9,99,9,99,1,9,6,6,3,-1,-1,1560,2,15,PEUGEOT 207,-1,-1,0,-1
2024010525323,2024,010525323,1,9,0,18,19,5,1,9,9,0,5,10,0,0,1,1,6,6,1,20,4,1360,1,15,PEUGEOT 207,4,E01000788,0,1
2024311463026,2024,311463026,1,9,0,-1,4,4,4,-1,0,8,0,0,0,0,2,1,-1,6,2,52,8,1360,1,13,PEUGEOT 207,2,E01013834,0,1
2024031470236,2024,031470236,1,9,0,-1,19,5,1,-1,0,0,0,0,0,0,1,1,-1,6,2,41,7,1560,2,17,PEUGEOT 207,2,E01019108,0,2
2024991398738,2024,991398738,1,9,0,-1,19,5,2,-1,0,0,2,0,1,4,4,1,-1,2,1,66,10,1560,2,12,PEUGEOT 207,5,-1,0,4
2024010541750,2024,010541750,2,9,0,99,99,9,9,99,99,9,9,99,9,99,9,9,6,6,3,-1,-1,1397,1,17,PEUGEOT 207,-1,-1,0,-1
2024010537956,2024,010537956,1,9,0,99,99,9,9,99,99,6,9,99,9,99,1,9,6,6,1,59,9,1397,1,14,PEUGEOT 207,4,E01003146,0,1
2024501478485,2024,501478485,1,9,0,-1,14,8,4,-1,0,0,0,4,0,0,4,1,-1,9,2,83,11,1598,1,12,PEUGEOT 207,5,E01020117,0,1
2024501411394,2024,501411394,1,9,0,-1,19,3,2,-1,0,1,0,0,0,0,1,9,-1,6,1,18,4,1397,1,13,PEUGEOT 207,7,E01015165,0,4
2024161452892,2024,161452892,1,9,0,-1,19,6,2,-1,0,0,0,4,0,0,1,1,-1,6,2,84,11,1398,2,17,PEUGEOT 207,10,E01013108,0,1
2024340WN1402,2024,340WN1402,2,9,0,-1,19,5,1,-1,0,8,0,0,7,0,1,1,-1,9,1,49,8,1560,2,12,PEUGEOT 207,6,E01027030,0,2
2024501447853,2024,501447853,1,9,0,-1,5,1,6,-1,0,1,0,0,0,0,1,1,-1,9,2,84,11,1397,1,14,PEUGEOT 207,6,E01019044,0,1
2024552401391,2024,552401391,1,9,0,18,19,8,2,0,0,0,5,0,1,11,4,1,6,6,1,19,4,1398,2,12,PEUGEOT 207,8,E01029206,0,3
2024161483932,2024,161483932,3,9,0,-1,2,0,0,-1,0,1,0,0,0,0,2,1,-1,6,-1,-1,-1,1360,1,17,PEUGEOT 207,-1,-1,0,-1
2024471453420,2024,471453420,2,9,0,-1,5,6,2,-1,0,8,0,0,0,0,1,1,-1,9,2,18,4,1360,1,16,PEUGEOT 207,7,E01031516,0,4
2024122400161,2024,122400161,1,9,0,13,13,3,7,0,0,2,0,0,7,0,1,1,2,2,1,44,7,1360,1,18,PEUGEOT 207,3,E01027810,0,3
2024440132707,2024,440132707,2,9,0,18,19,1,5,0,0,8,0,0,0,0,3,1,2,2,2,26,6,1360,1,15,PEUGEOT 207,10,E01023228,0,3
2024141449134,2024,141449134,2,9,0,-1,5,4,7,-1,0,6,0,0,0,0,3,1,-1,9,1,83,11,1360,1,13,PEUGEOT 207,-1,-1,0,-1
2024471437643,2024,471437643,1,9,0,-1,9,3,7,-1,0,0,0,0,7,10,1,1,-1,9,1,92,11,1598,1,14,PEUGEOT 207,7,E01031708,0,1
2024461459360,2024,461459360,2,9,0,-1,19,3,7,-1,0,0,0,0,0,0,1,1,-1,9,1,63,9,1397,1,15,PEUGEOT 207,4,E01024031,0,4
2024351492005,2024,351492005,2,9,0,-1,19,4,8,-1,0,1,0,0,0,0,1,1,-1,9,2,41,7,1560,2,13,PEUGEOT 207,8,E01030117,0,2
2024131411395,2024,131411395,2,9,0,-1,19,5,1,-1,0,8,0,0,0,0,1,1,-1,9,2,51,8,1560,2,16,PEUGEOT 207,5,E01011415,0,1
2024411503781,2024,411503781,6,9,0,-1,19,2,6,-1,0,0,0,0,0,0,3,1,-1,6,2,-1,-1,1360,1,12,PEUGEOT 207,6,E01023601,0,1
2024451506615,2024,451506615,1,9,0,-1,-1,-1,-1,-1,-1,-1,-1,-1,-1,0,-1,1,-1,6,1,30,6,1598,1,14,PEUGEOT 207,6,E01030586,0,1
2024302400873,2024,302400873,1,9,0,18,19,1,5,0,0,1,0,0,0,0,1,1,6,6,3,-1,-1,1560,2,14,PEUGEOT 207,-1,-1,0,-1
2024201418111,2024,201418111,3,9,0,-1,1,4,8,-1,0,0,0,0,0,0,1,9,-1,6,-1,-1,-1,1398,2,15,PEUGEOT 207,-1,-1,0,-1
2024010521302,2024,010521302,1,9,0,4,4,3,7,0,0,1,0,0,0,0,1,1,6,6,2,31,6,1598,1,13,PEUGEOT 207,7,E01004159,0,1
2024211516466,2024,211516466,1,9,-1,-1,-1,-1,-1,-1,-1,0,-1,-1,-1,0,-1,9,-1,9,1,39,7,1560,2,16,PEUGEOT 207,1,E01029840,0,1
2024101460043,2024,101460043,2,9,0,-1,19,5,1,-1,0,0,0,0,0,0,4,9,-1,6,1,42,7,1360,1,17,PEUGEOT 207,4,E01008880,0,1
2024440116913,2024,440116913,1,9,0,18,19,7,3,9,9,2,0,0,1,0,1,1,6,6,2,28,6,1360,1,14,PEUGEOT 207,2,E01017345,0,1
2024211481942,2024,211481942,2,9,0,-1,19,1,5,-1,0,0,0,1,0,0,1,1,-1,9,1,55,8,1560,2,17,PEUGEOT 207,1,E01012445,0,4
2024430029341,2024,430029341,1,9,0,16,19,6,1,0,0,0,1,0,0,0,4,1,6,6,1,17,4,1560,2,17,PEUGEOT 207,-1,-1,0,-1
2024421414409,2024,421414409,1,9,0,-1,19,3,7,-1,0,0,0,0,0,0,1,1,-1,6,1,17,4,1360,1,15,PEUGEOT 207,8,E01021914,0,2
2024430202238,2024,430202238,1,9,0,4,4,7,3,0,0,1,0,0,0,0,2,1,6,6,2,48,8,1598,1,13,PEUGEOT 207,3,E01016452,0,1
2024231405437,2024,231405437,1,9,0,-1,19,8,4,-1,0,0,0,0,0,0,1,1,-1,9,2,86,11,1398,2,12,PEUGEOT 207,9,E01031154,0,1
2024610052424,2024,610052424,1,9,0,18,19,4,8,0,0,0,0,0,0,0,1,1,6,6,1,34,6,1360,1,16,PEUGEOT 207,2,W01001538,0,2
2024111446118,2024,111446118,1,9,0,-1,19,5,1,-1,0,0,1,0,0,0,1,1,-1,6,2,34,6,1360,1,14,PEUGEOT 207,1,E01008600,0,3
2024401466767,2024,401466767,1,9,0,-1,19,5,1,-1,0,0,0,0,0,0,1,1,-1,6,1,59,9,1560,2,16,PEUGEOT 207,10,E01023607,0,3
2024231499065,2024,231499065,2,9,0,-1,19,6,1,-1,0,0,0,0,0,0,1,1,-1,2,1,54,8,1598,1,13,PEUGEOT 207,5,E01031171,0,1
2024430526679,2024,430526679,1,9,0,9,9,5,3,0,0,3,0,0,0,0,1,1,6,6,2,49,8,1598,1,10,PEUGEOT 207,7,E01017789,0,1
202460Q084072,2024,60Q084072,3,9,0,3,3,4,1,0,0,8,0,0,0,0,2,1,6,6,1,48,8,1560,2,14,PEUGEOT 207,-1,-1,0,-1
2024201475482,2024,201475482,2,9,0,-1,3,1,6,-1,0,0,0,0,0,0,2,1,-1,6,1,57,9,1560,2,14,PEUGEOT 207,-1,-1,0,-1
2024411412374,2024,411412374,2,9,0,-1,19,6,2,-1,0,0,0,0,0,0,1,1,-1,9,2,23,5,1360,1,17,PEUGEOT 207,7,E01015764,0,2
2024320191573,2024,320191573,2,9,0,4,4,6,2,0,0,0,0,0,0,0,2,1,-1,-1,2,31,6,1398,2,14,PEUGEOT 207,-1,-1,0,-1
2024351471578,2024,351471578,1,9,0,-1,19,3,7,-1,0,0,0,0,1,9,3,1,-1,2,1,35,6,1560,2,15,PEUGEOT 207,4,E01018184,0,1
2024471528770,2024,471528770,1,9,0,-1,9,3,1,-1,0,1,0,0,1,0,1,1,-1,2,2,32,6,1360,1,14,PEUGEOT 207,9,E01016985,0,1
2024141498395,2024,141498395,1,9,0,-1,19,3,7,-1,0,0,1,10,0,0,1,1,-1,9,2,30,6,1560,2,15,PEUGEOT 207,6,E01011633,0,4
2024221501079,2024,221501079,1,9,0,-1,19,8,4,-1,0,0,0,0,0,0,1,1,-1,6,2,39,7,1360,1,14,PEUGEOT 207,3,E01034330,0,2
2024320414761,2024,320414761,1,9,0,-1,-1,4,8,0,0,0,2,10,1,4,3,1,-1,-1,2,19,4,1560,2,14,PEUGEOT 207,5,E01026414,0,1
2024141532288,2024,141532288,2,9,0,-1,4,7,1,-1,0,1,0,0,0,0,1,1,-1,9,1,57,9,1560,2,17,PEUGEOT 207,1,E01008057,0,1
2024461399637,2024,461399637,2,9,0,-1,19,8,5,-1,0,8,0,0,7,11,4,1,-1,6,2,55,8,1397,1,14,PEUGEOT 207,4,E01024372,0,1
2024631523626,2024,631523626,2,9,0,-1,4,4,2,-1,0,8,0,0,3,10,2,1,-1,9,2,68,10,1560,2,15,PEUGEOT 207,6,W01000433,0,1
2024052401539,2024,052401539,1,9,0,18,19,7,3,0,0,0,1,0,0,0,1,1,6,6,2,40,7,1397,1,13,PEUGEOT 207,7,E01007267,0,1
2024010523719,2024,010523719,2,9,0,18,19,1,5,0,0,8,0,0,0,0,1,1,6,6,1,66,10,1360,1,15,PEUGEOT 207,2,E01003305,0,1
2024991502720,2024,991502720,1,9,0,-1,19,6,2,-1,0,0,0,12,0,0,1,1,-1,2,1,20,4,1397,1,15,PEUGEOT 207,7,-1,0,2
2024501413400,2024,501413400,2,9,0,-1,2,4,8,-1,0,0,0,0,0,0,1,9,-1,6,2,23,5,1397,1,12,PEUGEOT 207,3,E01020293,0,1