collision_index,collision_year,collision_ref_no,vehicle_reference,vehicle_type,towing_and_articulation,vehicle_manoeuvre_historic,vehicle_manoeuvre,vehicle_direction_from,vehicle_direction_to,vehicle_location_restricted_lane_historic,vehicle_location_restricted_lane,junction_location,skidding_and_overturning,hit_object_in_carriageway,vehicle_leaving_carriageway,hit_object_off_carriageway,first_point_of_impact,vehicle_left_hand_drive,journey_purpose_of_driver_historic,journey_purpose_of_driver,sex_of_driver,age_of_driver,age_band_of_driver,engine_capacity_cc,propulsion_code,age_of_vehicle,generic_make_model,driver_imd_decile,lsoa_of_driver,escooter_flag,driver_distance_banding
2024547433924,2024,547433924,2,9,0,9,9,6,4,0,0,3,0,0,0,0,4,1,6,6,1,21,5,1397,1,12,PEUGEOT 207,8,E01015482,0,1
2024991437200,2024,991437200,1,9,0,-1,1,6,2,-1,0,2,0,0,0,0,2,1,-1,1,1,67,10,1560,2,17,PEUGEOT 207,1,-1,0,1
2024440418660,2024,440418660,2,9,0,18,19,1,5,0,0,2,0,0,0,0,1,1,6,6,1,38,7,1360,1,14,PEUGEOT 207,3,E01017325,0,1
2024131550816,2024,131550816,1,9,0,-1,5,3,7,-1,0,0,0,0,0,0,1,1,-1,6,1,47,8,1397,1,15,PEUGEOT 207,1,E01034264,0,1
2024471434750,2024,471434750,4,9,0,-1,2,0,0,-1,0,2,0,0,0,0,2,1,-1,6,-1,-1,-1,1360,1,12,PEUGEOT 207,-1,-1,0,-1
2024522402449,2024,522402449,1,9,0,18,19,5,1,0,0,0,0,0,0,0,2,1,6,6,2,26,6,1598,1,13,PEUGEOT 207,9,E01014905,0,2
2024201437950,2024,201437950,2,9,0,-1,2,0,0,-1,0,2,0,0,0,0,2,1,-1,6,1,49,8,1397,1,16,PEUGEOT 207,5,-1,0,5
2024101526678,2024,101526678,1,9,0,-1,9,1,7,-1,0,8,0,0,0,0,3,9,-1,6,2,68,10,1560,2,15,PEUGEOT 207,1,E01008669,0,1
2024461440840,2024,461440840,1,9,0,-1,19,7,3,-1,0,3,0,0,0,0,0,9,-1,6,2,32,6,1360,1,18,PEUGEOT 207,5,E01023980,0,1
2024461476895,2024,461476895,2,9,0,-1,2,5,1,-1,0,1,0,0,0,0,2,1,-1,6,2,40,7,1397,1,14,PEUGEOT 207,8,E01024024,0,3
2024131431155,2024,131431155,2,9,0,-1,19,7,3,-1,0,2,0,0,3,0,1,1,-1,1,1,31,6,1360,1,14,PEUGEOT 207,5,E01011678,0,1
2024421530390,2024,421530390,2,9,0,-1,19,2,4,-1,0,1,1,0,0,0,1,1,-1,9,1,24,5,1598,1,14,PEUGEOT 207,10,E01021590,0,1
2024010546330,2024,010546330,1,9,0,99,99,9,9,99,99,9,9,99,9,99,2,9,6,6,3,-1,-1,1598,1,11,PEUGEOT 207,-1,-1,0,-1
2024231481300,2024,231481300,1,9,0,-1,19,1,5,-1,0,0,1,0,7,11,1,1,-1,6,1,32,6,1360,1,18,PEUGEOT 207,4,E01031086,0,1
2024161417721,2024,161417721,1,9,0,-1,19,3,7,-1,0,0,0,0,0,0,1,1,-1,7,2,36,7,1360,1,17,PEUGEOT 207,1,E01012843,0,1
2024531500461,2024,531500461,1,9,0,-1,12,7,3,-1,0,8,1,7,7,7,3,1,-1,9,2,45,7,1397,1,12,PEUGEOT 207,9,E01022316,0,2
2024211494436,2024,211494436,1,9,0,-1,3,8,4,-1,0,1,0,0,0,0,1,1,-1,6,2,58,9,1397,1,15,PEUGEOT 207,-1,-1,0,-1
2024131475420,2024,131475420,2,9,0,-1,2,0,0,-1,0,0,0,0,0,0,3,1,-1,6,-1,-1,-1,1397,1,15,PEUGEOT 207,-1,-1,0,-1
2024211472093,2024,211472093,1,9,0,-1,19,3,7,-1,0,1,5,0,0,0,1,1,-1,6,1,24,5,1360,1,14,PEUGEOT 207,-1,-1,0,-1
2024332400638,2024,332400638,1,9,0,-1,7,6,7,-1,0,4,5,0,3,10,1,1,-1,9,1,21,5,1560,2,17,PEUGEOT 207,8,E01034006,0,1
2024041428668,2024,041428668,1,9,0,-1,13,5,3,-1,0,0,0,7,0,0,3,1,-1,2,2,52,8,1360,1,17,PEUGEOT 207,7,E01024905,0,1
2024421413136,2024,421413136,1,9,0,-1,19,2,6,-1,0,0,0,0,0,0,1,1,-1,6,1,33,6,1397,1,15,PEUGEOT 207,-1,-1,0,-1
2024440095474,2024,440095474,1,9,0,14,14,6,2,0,0,0,0,0,0,0,4,1,2,2,2,34,6,1360,1,18,PEUGEOT 207,5,E01017203,0,1
2024131458478,2024,131458478,1,9,0,-1,3,1,3,-1,0,8,0,0,0,0,1,1,-1,6,1,77,11,1360,1,15,PEUGEOT 207,3,E01011260,0,1
2024471472866,2024,471472866,2,9,0,-1,19,5,1,-1,0,0,0,0,0,0,1,1,-1,6,1,33,6,1398,2,14,PEUGEOT 207,5,E01031788,0,1
2024070357437,2024,070357437,1,9,0,2,2,0,0,0,0,0,0,0,0,0,1,1,6,6,1,-1,-1,1360,1,15,PEUGEOT 207,-1,-1,0,-1
2024622400600,2024,622400600,1,9,0,13,13,8,4,0,0,2,5,10,2,2,4,1,2,2,2,22,5,1560,2,15,PEUGEOT 207,6,W01001016,0,1
2024522402950,2024,522402950,1,9,0,18,19,3,7,0,0,4,0,0,0,0,1,1,6,6,3,-1,-1,1560,2,14,PEUGEOT 207,-1,-1,0,-1
2024010537710,2024,010537710,2,9,0,5,5,5,1,0,0,6,0,0,0,0,1,2,6,6,2,39,7,1598,1,15,PEUGEOT 207,6,E01004521,0,1
2024501504773,2024,501504773,2,9,0,-1,19,6,2,-1,0,1,0,0,0,0,1,1,-1,1,1,52,8,1560,2,13,PEUGEOT 207,8,E01015227,0,1
202460Q003330,2024,60Q003330,2,9,0,3,3,3,7,0,0,0,0,0,0,0,2,1,6,6,2,59,9,1598,1,17,PEUGEOT 207,-1,-1,0,-1
2024320742215,2024,320742215,1,9,0,-1,-1,5,2,0,0,0,0,11,0,0,1,1,-1,-1,2,21,5,1398,2,12,PEUGEOT 207,2,E01026049,0,1
2024010547984,2024,010547984,1,9,0,18,19,5,1,9,9,1,0,7,1,10,1,1,6,6,1,43,7,1360,1,15,PEUGEOT 207,2,E01004067,0,1
2024141400926,2024,141400926,1,9,0,-1,4,1,5,-1,0,4,0,0,0,0,2,1,-1,6,2,34,6,1360,1,16,PEUGEOT 207,2,E01028029,0,3
2024430260790,2024,430260790,2,9,0,11,11,1,4,0,0,1,0,0,0,0,1,1,6,6,2,40,7,1360,1,17,PEUGEOT 207,7,E01016191,0,1
2024201446227,2024,201446227,2,9,0,-1,19,5,3,-1,0,0,0,0,0,0,2,1,-1,6,2,47,8,1398,2,16,PEUGEOT 207,2,E01010535,0,1
2024991440067,2024,991440067,1,9,0,-1,19,8,4,-1,0,0,5,0,2,11,1,1,-1,2,1,67,10,1560,2,11,PEUGEOT 207,3,-1,0,3
2024111531741,2024,111531741,1,9,0,-1,13,1,5,-1,0,0,0,0,0,0,1,1,-1,6,1,30,6,1560,2,15,PEUGEOT 207,2,E01020788,0,1
2024451434560,2024,451434560,1,9,0,-1,19,7,3,-1,0,0,0,0,4,0,1,1,-1,9,1,20,4,1397,1,12,PEUGEOT 207,9,E01030538,0,1
2024471485119,2024,471485119,2,9,0,-1,19,1,5,-1,0,8,0,0,0,0,1,1,-1,9,2,64,9,1560,2,13,PEUGEOT 207,5,E01020999,0,1
2024231395745,2024,231395745,1,9,0,-1,1,7,3,-1,9,1,0,0,0,0,1,9,-1,1,1,66,10,1560,2,17,PEUGEOT 207,2,E01031119,0,1
2024991439345,2024,991439345,1,9,0,-1,19,1,6,-1,0,0,1,0,7,0,1,1,-1,1,2,43,7,1397,1,12,PEUGEOT 207,-1,-1,0,-1
2024311406196,2024,311406196,1,9,0,-1,19,5,1,-1,0,0,0,0,0,0,3,1,-1,2,2,29,6,1560,2,13,PEUGEOT 207,8,E01025692,0,2
2024546211524,2024,546211524,1,9,0,18,19,8,4,0,0,0,1,0,1,3,1,1,2,2,1,19,4,1360,1,18,PEUGEOT 207,5,E01032070,0,3
2024552400998,2024,552400998,1,9,0,9,9,7,4,0,0,8,0,0,0,0,3,1,6,6,2,72,10,1560,2,14,PEUGEOT 207,7,E01020495,0,1
2024010510556,2024,010510556,1,9,0,9,9,1,7,0,0,4,0,0,0,0,1,1,6,6,2,37,7,1598,1,15,PEUGEOT 207,2,E01034475,0,1
2024221491913,2024,221491913,1,9,0,-1,9,7,4,-1,0,6,0,0,0,0,1,1,-1,6,2,46,8,1360,1,16,PEUGEOT 207,3,E01014139,0,4
2024351522711,2024,351522711,1,9,0,-1,-1,-1,-1,-1,-1,0,-1,-1,-1,0,-1,1,-1,6,2,32,6,1560,2,15,PEUGEOT 207,6,E01017994,0,1
2024320106880,2024,320106880,1,9,0,7,7,2,4,0,0,6,0,0,0,0,2,1,6,6,1,31,6,1360,1,16,PEUGEOT 207,7,E01026062,0,2
2024101408248,2024,101408248,1,9,0,-1,19,3,7,-1,0,0,1,6,2,0,4,1,-1,9,1,28,6,1360,1,13,PEUGEOT 207,2,E01008280,0,3
2024520001958,2024,520001958,2,9,0,18,19,3,7,0,0,0,0,0,0,0,1,1,6,6,3,-1,-1,1398,2,16,PEUGEOT 207,-1,-1,0,-1
2024461507535,2024,461507535,1,9,0,-1,9,3,1,-1,0,1,0,0,0,0,1,1,-1,6,2,43,7,1598,1,14,PEUGEOT 207,3,E01002243,0,4
2024361404622,2024,361404622,1,9,0,-1,19,1,5,-1,0,6,0,0,3,0,4,9,-1,6,1,30,6,1598,1,14,PEUGEOT 207,1,E01026819,0,3
2024501517226,2024,501517226,1,9,0,-1,12,5,1,-1,0,1,0,0,0,0,1,1,-1,9,1,60,9,1560,2,13,PEUGEOT 207,3,E01015095,0,1
2024111493449,2024,111493449,1,9,0,-1,10,5,1,-1,0,1,0,0,1,0,1,1,-1,9,2,32,6,1360,1,17,PEUGEOT 207,5,E01008246,0,3
2024101492736,2024,101492736,1,9,0,-1,19,8,4,-1,0,0,5,0,2,11,1,1,-1,9,1,17,4,1560,2,15,PEUGEOT 207,6,E01027488,0,3
2024161534323,2024,161534323,1,9,0,-1,9,7,5,-1,0,1,0,0,0,0,-1,9,-1,6,2,41,7,1360,1,15,PEUGEOT 207,1,E01012788,0,1
2024010491916,2024,010491916,1,9,0,-1,-1,1,5,0,0,0,0,0,0,0,3,1,6,6,1,20,4,1397,1,16,PEUGEOT 207,-1,-1,0,-1
2024320640777,2024,320640777,1,9,0,-1,-1,3,7,0,0,0,0,4,0,0,1,1,-1,-1,2,31,6,1360,1,13,PEUGEOT 207,9,E01026194,0,1
2024411495448,2024,411495448,1,9,0,-1,11,-1,-1,-1,0,0,0,0,0,0,1,1,-1,6,2,-1,-1,1598,1,17,PEUGEOT 207,2,E01023920,0,2
2024161501654,2024,161501654,1,9,0,-1,19,7,3,-1,0,0,2,0,7,0,1,9,-1,2,2,35,6,1360,1,16,PEUGEOT 207,3,E01013272,0,3
2024010540205,2024,010540205,3,9,0,2,2,0,0,0,0,0,0,0,0,0,4,1,6,6,3,-1,-1,1598,1,17,PEUGEOT 207,-1,-1,0,-1
2024440353581,2024,440353581,1,9,0,18,19,7,3,0,0,1,0,0,0,0,1,1,6,6,1,36,7,1397,1,17,PEUGEOT 207,4,E01017348,0,2
2024131485701,2024,131485701,3,9,0,-1,2,0,0,-1,0,0,0,0,0,0,2,1,-1,6,-1,-1,-1,1360,1,17,PEUGEOT 207,-1,-1,0,-1
2024440023492,2024,440023492,2,9,0,16,19,6,1,0,0,1,0,0,0,0,1,1,6,6,2,71,10,1360,1,18,PEUGEOT 207,4,E01017254,0,1
2024520402796,2024,520402796,2,9,0,18,19,2,1,0,0,8,0,0,0,0,3,1,6,6,2,52,8,1398,2,14,PEUGEOT 207,4,E01029196,0,2
2024010492504,2024,010492504,2,9,0,18,19,5,1,0,0,1,0,0,0,0,1,1,6,6,1,24,5,1598,1,17,PEUGEOT 207,4,E01004368,0,1
2024401408769,2024,401408769,2,9,0,-1,19,6,2,-1,0,1,1,0,7,4,1,9,-1,7,2,48,8,1560,2,15,PEUGEOT 207,8,E01033819,0,1
2024221479630,2024,221479630,1,9,0,-1,19,1,5,-1,0,1,0,0,0,0,1,1,-1,6,2,52,8,1560,2,13,PEUGEOT 207,2,E01014042,0,1
2024311514223,2024,311514223,1,9,0,-1,19,2,6,-1,0,0,0,0,0,0,2,1,-1,6,1,37,7,1397,1,16,PEUGEOT 207,-1,-1,0,-1
2024440049751,2024,440049751,1,9,0,18,19,3,7,0,0,0,2,10,1,11,4,1,6,6,2,20,4,1598,1,14,PEUGEOT 207,4,E01017338,0,4
202454D176024,2024,54D176024,1,9,0,18,19,6,2,0,0,1,1,0,1,9,1,1,2,2,1,32,6,1560,2,14,PEUGEOT 207,6,E01031967,0,1
2024010544567,2024,010544567,1,9,0,6,6,5,5,0,0,0,0,0,0,0,0,1,1,1,2,49,8,1397,1,13,PEUGEOT 207,5,E01004414,0,1
202460Q175614,2024,60Q175614,1,9,0,18,19,8,4,0,0,0,0,0,0,0,1,1,6,6,1,50,8,1360,1,16,PEUGEOT 207,-1,-1,0,-1
2024010514392,2024,010514392,1,19,0,17,19,7,3,0,0,0,0,0,0,0,1,1,3,7,1,63,9,1398,2,15,PEUGEOT 207,4,E01033871,0,1
2024471503421,2024,471503421,1,9,0,-1,12,7,3,-1,0,8,0,0,0,0,3,1,-1,6,2,61,9,1360,1,16,PEUGEOT 207,8,E01031776,0,1
2024401425265,2024,401425265,2,9,-1,-1,-1,-1,-1,-1,-1,-1,-1,-1,-1,0,-1,9,-1,9,2,53,8,1398,2,13,PEUGEOT 207,3,E01017433,0,2
2024552400492,2024,552400492,1,9,0,9,9,8,6,0,0,6,0,0,0,0,1,1,6,6,2,75,10,1598,1,10,PEUGEOT 207,6,E01015440,0,1
2024520001109,2024,520001109,1,9,0,18,19,6,2,0,0,0,0,0,0,0,2,1,6,6,2,20,4,1360,1,15,PEUGEOT 207,6,E01015002,0,1
2024061530208,2024,061530208,1,9,0,-1,19,2,6,-1,0,0,0,0,0,0,2,1,-1,6,2,33,6,1598,1,16,PEUGEOT 207,2,E01005663,0,2
2024201512143,2024,201512143,2,9,0,-1,10,3,7,-1,0,6,0,0,0,0,2,1,-1,6,1,65,9,1360,1,17,PEUGEOT 207,1,E01009349,0,1
2024311494862,2024,311494862,2,9,0,-1,19,3,7,-1,0,3,0,0,0,0,4,1,-1,6,2,31,6,1560,2,17,PEUGEOT 207,2,E01013842,0,1
2024371420875,2024,371420875,1,9,0,-1,19,7,3,-1,0,8,0,0,0,0,1,1,-1,2,1,55,8,1560,2,14,PEUGEOT 207,5,E01030105,0,1
2024471436224,2024,471436224,1,9,0,-1,7,3,5,-1,0,5,0,0,0,0,3,1,-1,6,2,21,5,1598,1,14,PEUGEOT 207,4,E01001183,0,4
2024471488172,2024,471488172,2,9,0,-1,2,0,0,-1,0,0,0,0,0,0,2,1,-1,6,-1,-1,-1,1397,1,13,PEUGEOT 207,-1,-1,0,-1
2024211525676,2024,211525676,1,9,0,-1,19,3,7,-1,0,2,0,0,0,0,1,1,-1,6,2,44,7,1360,1,12,PEUGEOT 207,-1,-1,0,-1
2024311555233,2024,311555233,1,9,0,-1,7,3,8,-1,0,0,0,7,0,0,1,1,-1,2,1,61,9,1560,2,12,PEUGEOT 207,2,E01028238,0,1
2024061399898,2024,061399898,2,9,-1,-1,-1,-1,-1,-1,-1,-1,-1,-1,-1,0,-1,9,-1,6,2,-1,-1,1360,1,15,PEUGEOT 207,3,E01004917,0,1
2024320402522,2024,320402522,1,9,0,-1,-1,8,4,0,0,0,0,0,1,4,1,1,-1,-1,2,30,6,1598,1,13,PEUGEOT 207,5,E01026148,0,3
2024361488926,2024,361488926,3,9,0,-1,2,0,0,-1,0,1,0,0,0,0,0,1,-1,6,-1,-1,-1,1360,1,17,PEUGEOT 207,-1,-1,0,-1
2024311471041,2024,311471041,1,9,0,-1,9,4,8,-1,0,4,0,0,0,0,1,2,-1,6,1,68,10,1598,1,17,PEUGEOT 207,2,E01028269,0,1
2024201480740,2024,201480740,3,9,0,-1,2,0,0,-1,9,0,0,0,1,0,2,1,-1,2,1,24,5,1560,2,14,PEUGEOT 207,1,E01010017,0,1
2024161394468,2024,161394468,2,9,0,-1,2,0,0,-1,0,0,0,0,0,0,2,1,-1,6,-1,-1,-1,1360,1,12,PEUGEOT 207,-1,-1,0,-1
2024461398944,2024,461398944,1,9,0,-1,19,1,5,-1,0,0,0,0,1,0,1,1,-1,9,1,92,11,1560,2,13,PEUGEOT 207,7,E01024655,0,1
2024320658330,2024,320658330,2,9,0,-1,-1,3,7,0,0,8,0,0,0,0,4,1,-1,-1,2,49,8,1360,1,14,PEUGEOT 207,7,E01026338,0,1
2024471405624,2024,471405624,2,9,0,-1,19,4,8,-1,0,1,1,0,0,0,4,1,-1,9,1,76,11,1360,1,14,PEUGEOT 207,7,E01031500,0,4
2024501406280,2024,501406280,1,9,0,-1,19,7,3,-1,0,1,0,0,0,0,1,9,-1,6,2,52,8,1360,1,12,PEUGEOT 207,9,E01020171,0,2
2024211463229,2024,211463229,1,9,0,-1,19,6,4,-1,0,0,0,0,0,0,4,1,-1,6,1,45,7,1598,1,16,PEUGEOT 207,3,E01029410,0,1
2024351438378,2024,351438378,2,9,0,-1,3,3,6,-1,0,0,0,0,0,0,2,1,-1,2,1,18,4,1560,2,18,PEUGEOT 207,2,E01015608,0,2
2024061468621,2024,061468621,1,9,0,-1,19,1,3,-1,0,1,0,0,0,0,1,1,-1,6,2,42,7,1560,2,16,PEUGEOT 207,3,E01006293,0,1
2024401435292,2024,401435292,2,9,0,-1,-1,-1,-1,-1,-1,0,-1,-1,-1,0,-1,1,-1,6,3,-1,-1,1360,1,13,PEUGEOT 207,-1,-1,0,-1
2024421475129,2024,421475129,1,9,0,-1,19,1,5,-1,0,2,5,0,2,10,1,1,-1,9,2,23,5,1360,1,17,PEUGEOT 207,8,E01021613,0,1
2024061521587,2024,061521587,2,9,0,-1,3,-1,-1,-1,0,0,0,0,0,0,1,1,-1,6,3,-1,-1,1398,2,12,PEUGEOT 207,-1,-1,0,-1
2024302400598,2024,302400598,2,9,0,3,3,2,8,0,0,4,0,0,0,0,1,1,6,6,2,86,11,1397,1,17,PEUGEOT 207,9,E01019706,0,1
2024340WN6372,2024,340WN6372,2,9,0,-1,2,7,3,-1,0,0,0,0,0,0,2,1,-1,2,2,52,8,1398,2,12,PEUGEOT 207,5,E01027017,0,2
2024141426816,2024,141426816,4,9,0,-1,2,5,5,-1,0,1,0,0,0,0,0,9,-1,9,1,23,5,1398,2,15,PEUGEOT 207,8,E01007383,0,1
2024041470915,2024,041470915,1,9,0,-1,9,3,7,-1,0,0,0,0,0,0,3,1,-1,9,2,35,6,1560,2,16,PEUGEOT 207,9,E01035474,0,5
2024201474472,2024,201474472,1,9,0,-1,7,6,2,-1,0,4,1,10,3,1,3,1,-1,1,1,32,6,1360,1,13,PEUGEOT 207,4,E01026850,0,5
2024471512381,2024,471512381,2,9,0,-1,19,-1,-1,-1,0,9,0,0,0,0,1,1,-1,6,2,22,5,1360,1,15,PEUGEOT 207,4,E01020965,0,4
2024440342952,2024,440342952,2,9,0,9,9,4,2,0,0,5,0,0,0,0,4,1,2,2,1,23,5,1360,1,15,PEUGEOT 207,3,E01032738,0,1
2024520401680,2024,520401680,2,9,0,11,11,6,8,0,0,3,0,0,0,0,4,1,6,6,1,65,9,1398,2,13,PEUGEOT 207,2,E01029304,0,3
2024131431742,2024,131431742,2,9,0,-1,2,0,0,-1,0,0,0,4,0,0,3,1,-1,6,-1,-1,-1,1397,1,16,PEUGEOT 207,-1,-1,0,-1
2024010509325,2024,010509325,1,9,0,-1,-1,5,1,0,0,0,0,10,0,0,4,1,6,6,2,85,11,1360,1,15,PEUGEOT 207,-1,-1,0,-1
2024221445541,2024,221445541,1,9,0,-1,19,4,8,-1,0,0,5,0,1,3,1,1,-1,6,1,73,10,1398,2,15,PEUGEOT 207,9,E01032346,0,1
2024052402278,2024,052402278,1,9,0,9,9,5,3,0,0,5,0,0,0,0,4,1,6,6,1,34,6,1398,2,14,PEUGEOT 207,1,E01006417,0,1
2024041440918,2024,041440918,1,9,0,-1,9,5,1,-1,0,0,0,0,0,0,3,1,-1,9,1,52,8,1560,2,17,PEUGEOT 207,3,E01025442,0,2
2024221519097,2024,221519097,2,9,0,-1,19,8,4,-1,0,8,0,0,7,0,4,1,-1,6,2,40,7,1360,1,14,PEUGEOT 207,9,E01032349,0,3
2024411465213,2024,411465213,1,9,0,-1,5,3,7,-1,0,1,0,0,0,0,-1,1,-1,6,1,31,6,1360,1,14,PEUGEOT 207,10,E01023361,0,1
2024041458068,2024,041458068,1,9,0,-1,3,7,2,-1,0,1,0,0,0,0,1,1,-1,2,2,25,5,1397,1,16,PEUGEOT 207,1,E01025151,0,1
2024461431170,2024,461431170,1,9,0,-1,19,3,7,-1,0,0,0,0,1,0,1,1,-1,9,2,36,7,1560,2,14,PEUGEOT 207,-1,-1,0,-1
2024440225692,2024,440225692,2,9,0,18,19,6,2,0,0,1,0,0,0,0,4,1,6,6,1,39,7,1598,1,11,PEUGEOT 207,2,E01034730,0,2
2024320447201,2024,320447201,1,9,0,-1,-1,6,2,0,0,8,0,0,0,0,1,1,6,6,1,36,7,1398,2,15,PEUGEOT 207,7,E01034683,0,2
2024501476275,2024,501476275,1,9,0,-1,5,2,6,-1,0,8,0,0,0,0,1,1,-1,9,2,40,7,1560,2,14,PEUGEOT 207,3,E01018989,0,4
2024332401120,2024,332401120,2,9,0,-1,2,0,0,-1,0,0,0,0,1,0,2,1,-1,6,3,-1,-1,1560,2,13,PEUGEOT 207,-1,-1,0,-1
2024631416217,2024,631416217,1,9,0,-1,19,3,8,-1,0,8,5,0,1,2,1,1,-1,6,2,72,10,1598,1,15,PEUGEOT 207,3,W01000944,0,1
2024052401875,2024,052401875,1,9,0,18,19,7,3,0,0,0,0,0,0,0,1,1,6,6,1,18,4,1360,1,13,PEUGEOT 207,1,E01006448,0,2
2024041502956,2024,041502956,1,9,0,-1,19,5,7,-1,0,0,2,0,0,0,0,1,-1,9,1,34,6,1360,1,17,PEUGEOT 207,3,E01025267,0,2
2024052400825,2024,052400825,1,9,0,18,19,8,4,0,0,1,0,0,0,0,1,1,6,6,1,-1,-1,1560,2,14,PEUGEOT 207,-1,-1,0,-1
2024991425220,2024,991425220,2,9,0,-1,19,8,5,-1,0,8,0,0,0,0,1,1,-1,2,1,35,6,1397,1,15,PEUGEOT 207,7,-1,0,1
2024131446217,2024,131446217,2,9,0,-1,9,1,6,-1,0,8,-1,-1,-1,0,0,1,-1,9,1,70,10,1360,1,18,PEUGEOT 207,7,E01011707,0,3
2024440374835,2024,440374835,1,9,0,17,19,2,7,0,0,0,5,0,1,11,1,1,2,2,2,18,4,1360,1,14,PEUGEOT 207,3,E01017350,0,1
2024201534257,2024,201534257,1,9,0,-1,19,3,5,-1,0,8,0,0,0,0,3,1,-1,6,1,35,6,1360,1,14,PEUGEOT 207,2,E01008897,0,2
2024161486834,2024,161486834,2,9,0,-1,19,7,3,-1,0,0,0,0,0,0,4,1,-1,6,2,40,7,1360,1,12,PEUGEOT 207,2,E01013349,0,4
2024401486345,2024,401486345,1,9,0,-1,2,7,3,-1,0,1,0,0,0,0,2,1,-1,2,1,25,5,1398,2,16,PEUGEOT 207,5,E01015750,0,4
2024440376739,2024,440376739,2,9,0,18,19,7,3,0,0,1,5,0,0,0,1,1,6,6,1,19,4,1360,1,15,PEUGEOT 207,10,E01022772,0,2
2024501451093,2024,501451093,2,9,0,-1,4,7,3,-1,0,0,0,0,0,0,2,1,-1,6,2,39,7,1360,1,15,PEUGEOT 207,4,E01018982,0,2
2024332400225,2024,332400225,1,9,0,-1,19,4,8,-1,0,1,0,0,0,0,1,1,-1,9,2,72,10,1360,1,14,PEUGEOT 207,10,E01025783,0,2
2024041400163,2024,041400163,1,9,0,-1,2,5,1,-1,0,1,0,0,0,0,0,1,-1,2,1,33,6,1360,1,16,PEUGEOT 207,10,E01025434,0,3
2024522401697,2024,522401697,1,9,0,18,19,5,1,0,0,0,0,0,0,0,2,1,6,6,1,77,11,1560,2,14,PEUGEOT 207,10,E01014874,0,4
2024201417232,2024,201417232,1,9,0,-1,19,6,2,-1,0,8,0,0,0,0,1,9,-1,6,3,30,6,1398,2,13,PEUGEOT 207,-1,-1,0,-1
2024552400695,2024,552400695,1,9,0,1,1,6,2,0,0,8,0,0,0,0,2,1,6,6,1,42,7,1397,1,16,PEUGEOT 207,7,E01015330,0,3
2024231417684,2024,231417684,1,9,0,-1,12,5,1,-1,0,8,0,0,0,0,3,9,-1,6,1,42,7,1360,1,18,PEUGEOT 207,3,E01031265,0,1
2024471407725,2024,471407725,1,9,0,-1,19,2,6,-1,0,1,5,0,0,0,3,1,-1,6,1,32,6,1360,1,16,PEUGEOT 207,9,E01021175,0,3
2024430098001,2024,430098001,1,9,0,9,9,5,3,0,0,6,0,0,0,0,1,1,6,6,2,23,5,1360,1,15,PEUGEOT 207,-1,-1,0,-1
2024461443261,2024,461443261,2,9,0,-1,3,1,5,-1,0,1,0,0,0,0,2,1,-1,2,2,25,5,1560,2,16,PEUGEOT 207,7,E01024794,0,2
2024221484412,2024,221484412,2,9,0,-1,10,1,7,-1,0,8,1,0,1,0,2,1,-1,2,2,28,6,1360,1,15,PEUGEOT 207,3,E01032254,0,4
2024141511950,2024,141511950,2,9,0,-1,5,4,8,-1,0,0,0,0,0,0,2,1,-1,9,2,40,7,1560,2,17,PEUGEOT 207,6,E01034253,0,2
2024501529430,2024,501529430,2,9,0,-1,19,5,1,-1,0,4,0,0,0,0,3,1,-1,7,1,44,7,1360,1,14,PEUGEOT 207,1,E01015145,0,1
2024010524376,2024,010524376,1,9,0,9,9,3,1,0,0,8,0,0,0,0,3,1,6,6,2,45,7,1598,1,13,PEUGEOT 207,-1,-1,0,-1
2024010540663,2024,010540663,1,9,0,99,99,9,9,99,99,5,9,99,9,99,1,1,6,6,3,47,8,1360,1,17,PEUGEOT 207,7,E01000711,0,1
2024461431513,2024,461431513,2,9,0,-1,19,7,3,-1,0,0,0,0,2,0,4,1,-1,9,2,33,6,1598,1,12,PEUGEOT 207,3,E01003625,0,3
2024332400901,2024,332400901,1,9,0,-1,5,5,3,-1,0,8,0,0,0,0,1,1,-1,2,1,47,8,1360,1,17,PEUGEOT 207,7,E01013686,0,1
2024052400356,2024,052400356,1,9,0,18,19,1,5,0,0,6,0,0,0,0,1,1,6,6,2,63,9,1397,1,15,PEUGEOT 207,2,E01006969,0,4
2024501513872,2024,501513872,1,9,0,-1,8,8,3,-1,0,1,0,0,0,0,2,1,-1,9,2,54,8,1360,1,13,PEUGEOT 207,8,E01019961,0,2
2024520500307,2024,520500307,2,9,0,18,19,7,3,0,0,0,0,0,0,0,1,1,6,6,2,74,10,1598,1,17,PEUGEOT 207,5,E01029221,0,1
2024552500106,2024,552500106,4,9,0,18,19,4,8,0,0,0,0,0,0,0,4,1,6,6,2,27,6,1560,2,14,PEUGEOT 207,7,E01020475,0,1
2024101478753,2024,101478753,1,9,-1,-1,19,6,3,-1,0,8,0,0,0,0,-1,9,-1,6,1,-1,-1,1360,1,18,PEUGEOT 207,-1,-1,0,-1
2024122401159,2024,122401159,2,9,0,2,2,0,0,0,0,1,0,0,0,0,4,1,6,6,3,-1,-1,1360,1,17,PEUGEOT 207,-1,-1,0,-1
2024010536836,2024,010536836,2,9,0,99,99,9,9,99,99,9,9,99,9,99,1,9,6,6,3,-1,-1,1360,1,14,PEUGEOT 207,-1,-1,0,-1