collision_index,collision_year,collision_ref_no,vehicle_reference,vehicle_type,towing_and_articulation,vehicle_manoeuvre_historic,vehicle_manoeuvre,vehicle_direction_from,vehicle_direction_to,vehicle_location_restricted_lane_historic,vehicle_location_restricted_lane,junction_location,skidding_and_overturning,hit_object_in_carriageway,vehicle_leaving_carriageway,hit_object_off_carriageway,first_point_of_impact,vehicle_left_hand_drive,journey_purpose_of_driver_historic,journey_purpose_of_driver,sex_of_driver,age_of_driver,age_band_of_driver,engine_capacity_cc,propulsion_code,age_of_vehicle,generic_make_model,driver_imd_decile,lsoa_of_driver,escooter_flag,driver_distance_banding
2024440384474,2024,440384474,2,9,0,5,5,5,1,0,0,1,0,0,0,0,3,1,6,6,3,-1,-1,1360,1,17,PEUGEOT 207,-1,-1,0,-1
2024440556933,2024,440556933,1,9,0,18,19,3,7,0,0,4,0,0,0,0,1,1,1,1,1,34,6,1360,1,17,PEUGEOT 207,9,E01022587,0,3
2024461408767,2024,461408767,1,9,0,-1,19,3,7,-1,0,1,0,0,0,0,4,9,-1,6,2,57,9,1397,1,14,PEUGEOT 207,2,E01028334,0,5
2024131486568,2024,131486568,1,9,0,-1,10,5,1,-1,0,8,1,0,0,0,3,1,-1,6,1,20,4,1398,2,17,PEUGEOT 207,3,E01010825,0,1
2024122400758,2024,122400758,1,9,0,13,13,1,5,0,0,0,1,0,0,0,4,1,6,6,2,27,6,1360,1,12,PEUGEOT 207,-1,-1,0,-1
2024622400426,2024,622400426,1,9,0,5,5,2,6,0,0,7,0,0,0,0,1,1,6,6,2,53,8,1360,1,14,PEUGEOT 207,9,W01001417,0,3
2024361438918,2024,361438918,1,9,0,-1,7,5,4,-1,0,0,0,0,0,0,2,1,-1,9,1,22,5,1560,2,17,PEUGEOT 207,3,E01026631,0,1
2024041454928,2024,041454928,1,9,0,-1,9,7,5,-1,0,6,0,0,0,0,1,1,-1,1,2,39,7,1560,2,16,PEUGEOT 207,7,E01025081,0,2
2024440279115,2024,440279115,2,9,0,4,4,2,6,0,0,0,0,0,0,0,1,1,6,6,2,78,11,1560,2,18,PEUGEOT 207,10,E01022714,0,1
2024401405458,2024,401405458,1,9,0,-1,9,3,1,-1,0,6,0,0,0,0,1,1,-1,1,2,26,6,1360,1,15,PEUGEOT 207,2,E01017472,0,1
2024440089988,2024,440089988,1,9,0,9,9,6,4,0,0,6,0,0,0,0,3,1,6,6,2,82,11,1360,1,12,PEUGEOT 207,6,E01022961,0,1
2024501497593,2024,501497593,1,9,0,-1,19,5,2,-1,0,0,0,0,1,10,1,1,-1,1,2,22,5,1397,1,13,PEUGEOT 207,4,E01019057,0,1
2024122400879,2024,122400879,2,9,0,6,6,4,4,0,0,0,0,0,0,0,3,1,6,6,1,61,9,1560,2,11,PEUGEOT 207,7,E01027593,0,2
2024061406775,2024,061406775,1,9,0,-1,9,2,4,-1,0,6,0,0,0,0,3,1,-1,6,1,29,6,1560,2,16,PEUGEOT 207,-1,-1,0,-1
2024010509781,2024,010509781,1,9,0,18,19,3,7,0,0,1,0,0,0,0,1,1,6,6,2,23,5,1397,1,13,PEUGEOT 207,5,E01002186,0,3
2024501517426,2024,501517426,2,9,0,-1,9,4,1,-1,0,8,0,0,0,0,1,1,-1,9,2,18,4,1560,2,14,PEUGEOT 207,2,E01020269,0,1
2024010516712,2024,010516712,2,9,0,18,19,1,5,0,0,0,0,0,0,0,9,1,6,6,2,52,8,1598,1,13,PEUGEOT 207,-1,-1,0,-1
2024520403343,2024,520403343,1,9,0,18,19,6,2,0,0,8,0,0,0,0,1,1,6,6,1,67,10,1598,1,14,PEUGEOT 207,4,E01032036,0,3
2024543395024,2024,543395024,6,9,0,18,19,4,8,0,0,0,1,0,1,10,1,1,6,6,1,43,7,1397,1,13,PEUGEOT 207,6,E01016704,0,4
2024421513086,2024,421513086,1,9,0,-1,19,3,7,-1,0,4,0,0,0,0,1,1,-1,9,1,53,8,1560,2,15,PEUGEOT 207,4,E01021706,0,1
2024141514846,2024,141514846,1,9,0,-1,12,8,6,-1,0,1,0,0,0,0,1,1,-1,2,2,55,8,1398,2,13,PEUGEOT 207,3,E01007971,0,1
2024440358042,2024,440358042,1,9,0,9,9,1,5,0,0,1,0,0,0,0,2,1,6,6,2,37,7,1598,1,17,PEUGEOT 207,7,E01030652,0,3
2024161504311,2024,161504311,2,9,0,-1,19,3,7,-1,0,8,0,0,0,0,1,1,-1,7,1,22,5,1360,1,15,PEUGEOT 207,1,E01013142,0,1
2024471476623,2024,471476623,2,9,0,-1,12,6,5,-1,0,1,0,0,0,0,4,1,-1,9,2,62,9,1360,1,14,PEUGEOT 207,1,E01021020,0,1
2024211434945,2024,211434945,1,9,0,-1,14,1,5,-1,0,1,0,0,0,0,3,1,-1,6,1,21,5,1560,2,15,PEUGEOT 207,-1,-1,0,-1
2024010551295,2024,010551295,1,9,0,9,9,1,7,0,0,8,0,0,0,0,1,1,6,6,1,29,6,1598,1,16,PEUGEOT 207,4,E01000719,0,1
2024361528746,2024,361528746,2,9,0,-1,19,5,1,-1,0,0,0,0,0,0,2,1,-1,1,1,25,5,1587,1,17,PEUGEOT 207,8,E01026913,0,3
2024421437784,2024,421437784,1,9,0,-1,19,5,1,-1,0,1,0,0,0,0,1,1,-1,6,1,42,7,1398,2,14,PEUGEOT 207,7,E01021967,0,3
2024471534287,2024,471534287,4,9,0,-1,2,0,0,-1,0,0,0,0,0,0,4,1,-1,6,-1,-1,-1,1560,2,14,PEUGEOT 207,-1,-1,0,-1
2024332401234,2024,332401234,2,9,0,-1,19,5,1,-1,0,8,0,0,0,0,1,1,-1,9,1,43,7,1360,1,14,PEUGEOT 207,5,E01013700,0,1
2024421421742,2024,421421742,1,9,0,-1,19,1,5,-1,0,8,0,0,0,0,1,1,-1,9,1,31,6,1560,2,16,PEUGEOT 207,-1,-1,0,-1
2024161513681,2024,161513681,1,9,0,-1,19,5,1,-1,0,0,0,0,0,0,3,1,-1,9,1,41,7,1560,2,16,PEUGEOT 207,7,E01013307,0,2
2024421471337,2024,421471337,1,9,0,-1,12,1,5,-1,0,0,1,0,0,0,2,1,-1,9,1,37,7,1360,1,15,PEUGEOT 207,9,W01000131,0,5
202454D062424,2024,54D062424,3,9,0,18,19,5,1,0,0,8,0,0,0,0,2,1,6,6,1,46,8,1360,1,17,PEUGEOT 207,10,E01031966,0,1
202454D866224,2024,54D866224,2,9,0,3,3,2,6,0,0,1,0,0,0,0,2,1,6,6,1,34,6,1360,1,15,PEUGEOT 207,2,E01023029,0,4
2024522402771,2024,522402771,1,9,0,4,4,5,1,0,0,1,0,0,0,0,0,1,6,6,1,30,6,1360,1,17,PEUGEOT 207,7,E01022373,0,2
202460Q069859,2024,60Q069859,1,9,0,17,19,3,7,0,0,0,5,0,7,9,4,1,2,2,1,50,8,1560,2,12,PEUGEOT 207,-1,-1,0,-1
2024440298644,2024,440298644,2,9,0,18,19,1,5,0,0,0,0,0,0,0,3,1,6,6,1,53,8,1598,1,15,PEUGEOT 207,10,E01020406,0,4
2024501474557,2024,501474557,2,9,0,-1,19,3,7,-1,0,1,0,0,0,0,2,1,-1,9,2,44,7,1560,2,15,PEUGEOT 207,1,E01018875,0,1
2024552400338,2024,552400338,1,9,0,18,19,5,1,0,0,0,0,0,0,0,3,1,2,2,1,59,9,1360,1,17,PEUGEOT 207,3,E01017179,0,4
2024161419173,2024,161419173,2,9,0,-1,1,8,4,-1,0,8,0,0,0,0,2,9,-1,6,1,-1,-1,1397,1,16,PEUGEOT 207,4,E01020572,0,5
2024552400162,2024,552400162,1,9,0,5,5,7,3,0,0,6,0,0,0,0,1,1,2,2,2,34,6,1397,1,17,PEUGEOT 207,7,E01015414,0,1
2024141464647,2024,141464647,1,9,0,-1,19,7,3,-1,0,0,0,0,0,0,1,1,-1,9,2,22,5,1560,2,16,PEUGEOT 207,1,E01007626,0,1
2024520402402,2024,520402402,1,9,0,18,19,8,4,0,0,8,0,0,7,4,1,1,6,6,2,17,4,1360,1,12,PEUGEOT 207,6,E01029224,0,4
2024302400549,2024,302400549,1,9,0,7,7,4,7,0,0,6,0,0,0,0,0,1,6,6,2,62,9,1360,1,15,PEUGEOT 207,7,E01019700,0,2
2024991406604,2024,991406604,1,9,0,-1,19,1,5,-1,0,0,0,0,0,0,1,1,-1,6,2,54,8,1360,1,15,PEUGEOT 207,5,-1,0,1
2024311425227,2024,311425227,2,9,0,-1,9,5,2,-1,0,1,0,0,0,0,4,1,-1,9,1,38,7,1560,2,17,PEUGEOT 207,6,E01028242,0,2
2024371501694,2024,371501694,2,9,0,-1,19,5,1,-1,0,1,0,0,0,0,1,1,-1,9,1,22,5,1360,1,14,PEUGEOT 207,6,E01030091,0,1
2024211415016,2024,211415016,2,9,0,-1,13,1,5,-1,0,1,0,0,0,0,2,1,-1,6,1,26,6,1560,2,14,PEUGEOT 207,1,E01014250,0,3
2024552400123,2024,552400123,1,9,0,5,5,6,2,0,0,1,0,0,0,0,1,1,6,6,2,49,8,1397,1,16,PEUGEOT 207,5,E01015331,0,1
2024421441304,2024,421441304,1,9,0,-1,19,1,5,-1,0,0,0,0,0,0,1,1,-1,2,2,36,7,1398,2,14,PEUGEOT 207,2,E01021322,0,1
2024430267234,2024,430267234,2,9,0,18,19,7,3,0,0,1,0,0,0,0,1,1,6,6,1,-1,-1,1598,1,13,PEUGEOT 207,-1,-1,0,-1
2024440253397,2024,440253397,2,9,0,18,19,2,6,0,0,0,0,0,0,0,2,1,6,6,2,64,9,1598,1,11,PEUGEOT 207,3,E01020393,0,4
2024631500037,2024,631500037,1,9,0,-1,19,2,7,-1,0,0,2,0,8,11,1,1,-1,9,1,19,4,1560,2,16,PEUGEOT 207,6,W01000524,0,4
2024552400758,2024,552400758,1,9,0,18,19,2,6,0,0,0,0,0,0,0,1,1,6,6,2,38,7,1398,2,16,PEUGEOT 207,8,E01015411,0,2
2024991471445,2024,991471445,1,9,0,-1,19,3,7,-1,0,1,0,0,0,0,1,1,-1,9,2,73,10,1397,1,13,PEUGEOT 207,10,-1,0,1
2024031486935,2024,031486935,1,9,0,-1,10,3,8,-1,0,1,0,0,0,0,1,1,-1,2,2,53,8,1360,1,14,PEUGEOT 207,1,E01019121,0,1
2024501420722,2024,501420722,1,9,0,-1,19,8,4,-1,0,1,0,0,0,0,1,1,-1,6,2,37,7,1360,1,17,PEUGEOT 207,1,E01018878,0,1
2024010531317,2024,010531317,3,9,0,99,99,9,9,99,99,9,9,99,9,99,1,9,6,6,3,-1,-1,1360,1,13,PEUGEOT 207,3,E01004413,0,1
2024501462220,2024,501462220,2,9,0,-1,19,8,4,-1,0,0,0,0,0,0,3,9,-1,6,2,52,8,1398,2,16,PEUGEOT 207,3,E01019076,0,1
2024041400933,2024,041400933,1,9,0,-1,19,5,1,-1,0,0,0,0,1,7,1,1,-1,9,1,34,6,1398,2,14,PEUGEOT 207,1,E01005219,0,4
2024221399385,2024,221399385,1,9,0,-1,9,7,5,-1,0,6,0,0,0,0,1,1,-1,6,1,17,4,1360,1,14,PEUGEOT 207,6,W01000431,0,4
2024520002303,2024,520002303,2,9,0,18,19,4,8,0,0,8,0,0,0,0,1,1,6,6,3,-1,-1,1360,1,17,PEUGEOT 207,-1,-1,0,-1
2024010534884,2024,010534884,1,9,0,12,12,5,1,0,0,8,0,0,0,0,3,1,6,6,1,21,5,1360,1,14,PEUGEOT 207,5,E01016492,0,2
2024131430088,2024,131430088,2,9,0,-1,19,5,1,-1,0,8,0,0,0,0,1,1,-1,9,1,32,6,1398,2,13,PEUGEOT 207,1,E01010680,0,1
2024141443761,2024,141443761,1,9,0,-1,8,7,1,-1,0,2,0,0,0,0,1,1,-1,2,2,21,5,1360,1,15,PEUGEOT 207,9,E01007624,0,1
2024351471192,2024,351471192,1,9,0,-1,9,7,5,-1,0,7,0,0,0,0,1,1,-1,2,2,48,8,1560,2,12,PEUGEOT 207,2,E01017948,0,1
2024161488728,2024,161488728,1,9,0,-1,19,4,8,-1,0,0,0,0,0,0,1,1,-1,9,2,18,4,1560,2,18,PEUGEOT 207,1,E01012790,0,1
2024061525423,2024,061525423,2,9,0,-1,19,1,5,-1,0,0,0,0,1,0,4,1,-1,2,2,37,7,1598,1,13,PEUGEOT 207,1,E01005342,0,3
2024461466998,2024,461466998,1,9,0,-1,19,5,1,-1,0,4,0,0,0,0,1,1,-1,9,2,59,9,1598,1,15,PEUGEOT 207,5,E01024207,0,4
2024052400160,2024,052400160,1,9,0,18,19,7,3,0,0,1,1,0,0,0,3,1,2,2,2,55,8,1360,1,16,PEUGEOT 207,7,E01006829,0,1
2024471532755,2024,471532755,1,9,0,-1,19,3,7,-1,0,0,0,4,0,0,1,1,-1,9,2,73,10,1598,1,14,PEUGEOT 207,5,E01031600,0,1
2024141522153,2024,141522153,1,9,0,-1,19,7,3,-1,0,0,0,0,0,0,2,1,-1,2,2,35,6,1560,2,16,PEUGEOT 207,7,E01008052,0,1
2024122400277,2024,122400277,1,9,0,18,19,6,2,0,0,0,0,0,0,0,1,1,6,6,1,40,7,1560,2,15,PEUGEOT 207,6,E01013398,0,1
2024122400224,2024,122400224,2,9,0,18,19,1,5,0,0,1,0,0,0,0,1,1,6,6,2,53,8,1360,1,14,PEUGEOT 207,4,E01034983,0,1
2024061425804,2024,061425804,2,9,0,-1,-1,-1,-1,-1,-1,0,0,0,0,0,2,1,-1,6,2,51,8,1598,1,14,PEUGEOT 207,1,E01005265,0,1
2024311462520,2024,311462520,1,9,0,-1,4,5,1,-1,0,0,0,0,0,0,1,1,-1,6,2,29,6,1397,1,16,PEUGEOT 207,4,E01028130,0,1
2024421502567,2024,421502567,1,9,0,-1,7,5,8,-1,9,2,0,0,7,0,1,1,-1,9,2,87,11,1360,1,13,PEUGEOT 207,7,E01018220,0,2
2024141475835,2024,141475835,1,9,0,-1,9,5,3,-1,0,5,0,0,0,0,1,1,-1,1,2,20,4,1360,1,16,PEUGEOT 207,6,E01007404,0,1
2024451456120,2024,451456120,2,9,0,-1,2,0,0,-1,0,0,0,0,0,0,2,1,-1,6,-1,-1,-1,1598,1,13,PEUGEOT 207,-1,-1,0,-1
2024471416775,2024,471416775,1,9,0,-1,3,2,6,-1,0,0,0,0,0,0,4,9,-1,6,1,83,11,1398,2,15,PEUGEOT 207,2,E01021179,0,1
2024340NN3792,2024,340NN3792,1,9,0,-1,13,7,3,-1,0,0,0,0,0,0,4,1,-1,6,2,-1,-1,1560,2,15,PEUGEOT 207,-1,-1,0,-1
2024061464628,2024,061464628,1,9,0,-1,19,1,5,-1,0,0,0,11,0,0,2,1,-1,9,1,29,6,1397,1,14,PEUGEOT 207,6,E01004925,0,1
2024052400718,2024,052400718,2,9,0,18,19,2,6,0,0,1,0,0,0,0,3,1,6,6,1,55,8,1560,2,16,PEUGEOT 207,1,E01034839,0,1
2024471437565,2024,471437565,1,9,0,-1,19,8,4,-1,0,0,0,0,0,0,1,1,-1,6,2,80,11,1397,1,13,PEUGEOT 207,3,E01020928,0,1
2024211516940,2024,211516940,1,9,0,-1,13,1,5,-1,0,0,0,0,1,0,4,1,-1,6,2,71,10,1598,1,14,PEUGEOT 207,9,E01010589,0,4
2024340WN2972,2024,340WN2972,1,9,0,-1,19,1,5,-1,0,1,0,0,0,0,1,1,-1,6,1,60,9,1598,1,15,PEUGEOT 207,8,E01027273,0,1
2024201457739,2024,201457739,7,9,0,-1,19,4,8,-1,0,2,0,0,0,0,2,1,-1,6,1,25,5,1560,2,16,PEUGEOT 207,1,E01010277,0,1
2024201460380,2024,201460380,3,9,0,-1,4,2,6,-1,0,1,0,0,0,0,4,9,-1,9,1,44,7,1360,1,15,PEUGEOT 207,1,E01009495,0,2
2024520401965,2024,520401965,2,9,0,18,19,1,5,0,0,8,0,0,0,0,1,1,6,6,1,79,11,1360,1,15,PEUGEOT 207,6,E01029057,0,2
2024501456778,2024,501456778,2,9,0,-1,3,3,7,-1,0,1,0,4,0,0,2,1,-1,7,2,55,8,1360,1,14,PEUGEOT 207,6,E01019903,0,1
2024031433711,2024,031433711,1,9,0,-1,9,6,7,-1,0,0,0,0,0,0,1,1,-1,6,2,58,9,1360,1,13,PEUGEOT 207,-1,-1,0,-1
2024991531788,2024,991531788,1,9,0,-1,19,4,8,-1,0,0,0,0,0,0,1,1,-1,2,1,27,6,1560,2,17,PEUGEOT 207,5,-1,0,3
2024201484735,2024,201484735,2,9,0,-1,2,0,0,-1,0,0,0,0,0,0,1,1,-1,6,1,45,7,1560,2,13,PEUGEOT 207,2,E01010073,0,3
2024010540995,2024,010540995,1,9,0,18,19,3,7,0,0,1,0,0,0,0,1,1,6,6,1,23,5,1360,1,18,PEUGEOT 207,-1,-1,0,-1
2024221518889,2024,221518889,2,9,0,-1,3,2,5,-1,0,0,0,0,0,0,2,1,-1,1,1,37,7,1560,2,18,PEUGEOT 207,7,E01028976,0,1
2024471483425,2024,471483425,1,9,0,-1,19,5,7,-1,0,0,1,0,4,6,2,1,-1,9,1,51,8,1560,2,15,PEUGEOT 207,6,E01031586,0,1
2024141488164,2024,141488164,1,9,0,-1,19,1,5,-1,0,0,0,0,0,0,4,1,-1,6,1,46,8,1398,2,14,PEUGEOT 207,1,E01007318,0,1
2024501459928,2024,501459928,1,9,0,-1,19,5,3,-1,0,2,0,0,0,0,4,1,-1,1,2,32,6,1360,1,18,PEUGEOT 207,7,E01019920,0,1
2024070605598,2024,070605598,1,9,0,-1,-1,3,7,0,0,0,0,0,0,0,1,1,6,6,2,86,11,1360,1,15,PEUGEOT 207,4,E01018452,0,1
2024010508227,2024,010508227,1,9,0,99,99,9,9,99,99,9,9,99,9,99,2,9,6,6,2,45,7,1397,1,16,PEUGEOT 207,4,E01033790,0,2
2024440031547,2024,440031547,2,9,0,18,19,8,4,0,0,1,0,0,0,0,1,1,2,2,1,18,4,1360,1,13,PEUGEOT 207,8,E01022733,0,1
2024010508411,2024,010508411,2,9,9,99,99,9,9,99,99,9,9,99,9,99,9,9,6,6,3,-1,-1,1360,1,14,PEUGEOT 207,-1,-1,0,-1
2024010507622,2024,010507622,3,9,0,2,2,0,0,0,0,1,0,0,0,0,2,1,6,6,3,-1,-1,1598,1,16,PEUGEOT 207,-1,-1,0,-1
202417H104824,2024,17H104824,1,9,0,-1,19,9,9,-1,0,0,0,0,0,0,0,1,-1,6,2,39,7,1598,1,16,PEUGEOT 207,5,E01011968,0,1
2024552401532,2024,552401532,2,9,0,3,3,2,6,0,0,0,0,0,0,0,2,1,6,6,2,45,7,1398,2,16,PEUGEOT 207,7,E01015466,0,1
2024041501240,2024,041501240,1,9,0,-1,19,4,1,-1,0,8,0,0,0,0,1,1,-1,9,2,59,9,1560,2,16,PEUGEOT 207,1,E01012637,0,1
2024520402499,2024,520402499,2,9,0,18,19,4,8,0,0,6,0,0,0,0,1,1,6,6,1,19,4,1398,2,15,PEUGEOT 207,7,E01035108,0,2
2024340WN6242,2024,340WN6242,1,9,0,-1,15,1,5,-1,0,0,0,0,1,0,1,1,-1,2,1,27,6,1560,2,17,PEUGEOT 207,3,E01027196,0,1
2024421464560,2024,421464560,1,9,0,-1,19,8,4,-1,0,0,0,0,0,0,1,1,-1,9,2,64,9,1560,2,15,PEUGEOT 207,3,E01021889,0,1
2024131452548,2024,131452548,1,9,0,-1,-1,-1,-1,-1,-1,0,-1,-1,-1,-1,-1,1,-1,6,3,-1,-1,1360,1,13,PEUGEOT 207,-1,-1,0,-1
2024440235174,2024,440235174,2,9,0,9,9,7,4,0,0,6,0,0,0,0,3,1,2,2,1,48,8,1398,2,17,PEUGEOT 207,9,E01022547,0,1
2024622400528,2024,622400528,1,9,0,18,19,2,6,0,0,2,0,0,7,11,1,1,6,6,1,18,4,1397,1,13,PEUGEOT 207,10,W01001918,0,2
2024131431877,2024,131431877,1,9,0,-1,19,1,1,-1,0,1,0,0,0,0,4,1,-1,9,2,23,5,1360,1,17,PEUGEOT 207,2,E01010983,0,1
2024471406000,2024,471406000,1,9,0,-1,19,6,2,-1,0,0,0,4,0,0,1,1,-1,6,1,26,6,1560,2,16,PEUGEOT 207,4,E01016861,0,1
2024471441893,2024,471441893,1,9,0,-1,4,8,4,-1,0,0,0,0,0,0,2,1,-1,9,1,18,4,1397,1,14,PEUGEOT 207,8,E01031667,0,2
2024311396940,2024,311396940,1,9,0,-1,9,2,7,-1,0,5,0,0,0,0,1,1,-1,9,2,55,8,1398,2,14,PEUGEOT 207,6,E01033772,0,2
2024351415408,2024,351415408,1,9,0,-1,19,1,5,-1,0,0,0,0,0,0,1,1,-1,6,1,37,7,1598,1,13,PEUGEOT 207,6,E01023663,0,3
2024201473936,2024,201473936,1,9,0,-1,19,6,2,-1,0,0,0,4,0,0,4,1,-1,6,1,86,11,1397,1,14,PEUGEOT 207,5,E01010267,0,1
2024201497867,2024,201497867,1,9,0,-1,19,4,8,-1,0,0,0,0,0,0,1,1,-1,6,-1,-1,-1,1397,1,15,PEUGEOT 207,-1,-1,0,-1
2024010541544,2024,010541544,1,9,0,9,9,5,2,0,0,6,0,0,1,0,1,1,6,6,1,33,6,1397,1,14,PEUGEOT 207,-1,-1,0,-1
2024010521296,2024,010521296,1,9,0,9,9,1,7,0,0,8,0,0,0,0,4,1,6,6,1,67,10,1360,1,15,PEUGEOT 207,7,E01001986,0,1
2024052400133,2024,052400133,1,9,0,18,19,4,8,0,0,0,5,4,1,11,1,1,6,6,1,59,9,1560,2,17,PEUGEOT 207,1,E01006675,0,1
2024201489541,2024,201489541,1,9,0,-1,19,3,7,-1,0,8,0,0,0,0,4,9,-1,6,2,21,5,1360,1,13,PEUGEOT 207,9,E01031143,0,3
2024052402202,2024,052402202,1,9,0,18,19,5,1,0,0,1,0,0,0,0,1,1,2,2,1,46,8,1360,1,16,PEUGEOT 207,1,E01012433,0,4
2024552401419,2024,552401419,1,9,0,1,1,4,8,9,9,8,0,0,7,11,2,1,6,6,1,40,7,1598,1,17,PEUGEOT 207,3,E01023058,0,2
2024131523479,2024,131523479,2,9,0,-1,19,5,1,-1,0,2,0,0,1,0,3,1,-1,6,2,50,8,1360,1,14,PEUGEOT 207,3,E01010998,0,1
2024440431396,2024,440431396,1,9,0,18,19,7,3,0,0,1,0,0,0,0,1,1,2,2,1,28,6,2946,1,26,-1,7,E01023219,0,1
2024471480747,2024,471480747,1,9,0,-1,19,7,3,-1,0,0,0,0,0,0,3,1,-1,9,1,37,7,2179,2,22,-1,6,E01031449,0,1
2024451515917,2024,451515917,1,9,0,-1,9,5,4,-1,0,5,0,0,0,0,3,1,-1,9,1,69,10,2946,1,23,-1,9,E01030589,0,1
2024542622724,2024,542622724,2,9,0,18,19,1,5,0,0,1,0,0,1,0,1,1,6,6,1,43,7,1997,2,22,-1,6,E01014870,0,3
2024041395516,2024,041395516,1,9,0,-1,9,5,3,-1,0,6,0,0,0,0,3,9,-1,6,3,-1,-1,2179,2,15,-1,-1,-1,0,-1
2024311441311,2024,311441311,1,9,0,-1,4,7,3,-1,0,1,0,0,1,0,2,9,-1,9,1,39,7,1997,2,18,-1,10,E01028412,0,1
2024622400163,2024,622400163,2,9,0,4,4,3,7,0,0,0,0,0,0,0,2,1,6,6,1,37,7,1997,2,12,PEUGEOT RCZ,5,W01000971,0,2
2024461490128,2024,461490128,3,9,0,-1,19,7,3,-1,0,0,0,0,0,0,3,1,-1,9,2,77,11,1598,1,11,PEUGEOT RCZ,9,E01024526,0,1
2024361439330,2024,361439330,5,9,4,-1,3,1,5,-1,0,1,0,0,0,0,2,1,-1,9,1,70,10,1598,1,12,PEUGEOT RCZ,6,E01030097,0,3
2024622400860,2024,622400860,1,9,0,18,19,3,6,0,0,3,0,0,0,0,1,1,6,6,1,61,9,1997,2,12,PEUGEOT RCZ,7,W01001236,0,1
2024471431899,2024,471431899,2,9,0,-1,19,3,7,-1,0,1,0,0,0,0,3,1,-1,2,1,50,8,1598,1,11,PEUGEOT RCZ,10,E01031615,0,1
2024211434945,2024,211434945,2,9,0,-1,19,1,5,-1,0,1,0,0,0,0,3,1,-1,6,1,40,7,1997,2,12,PEUGEOT RCZ,-1,-1,0,-1
2024010530186,2024,010530186,2,9,0,4,4,5,1,0,0,4,0,0,0,0,2,1,6,6,2,23,5,1598,1,14,PEUGEOT RCZ,3,E01001621,0,3
2024421447116,2024,421447116,2,9,0,-1,3,6,2,-1,0,0,0,0,0,0,2,9,-1,9,2,35,6,1997,2,11,PEUGEOT RCZ,2,E01021268,0,1
2024332401093,2024,332401093,2,9,0,-1,20,0,0,-1,0,0,0,0,0,0,2,1,-1,6,1,43,7,1997,2,12,PEUGEOT RCZ,3,E01013635,0,1
2024440054884,2024,440054884,2,9,0,18,19,1,5,0,0,7,0,0,0,0,2,1,2,2,2,64,9,1598,1,12,PEUGEOT RCZ,10,E01022476,0,1
2024501494138,2024,501494138,1,9,0,-1,19,6,2,-1,0,6,0,0,0,0,4,9,-1,6,2,77,11,1997,2,12,PEUGEOT RCZ,5,E01007562,0,5
2024311510542,2024,311510542,4,9,0,-1,19,8,4,-1,0,0,0,0,0,0,1,1,-1,6,2,45,7,1598,1,9,PEUGEOT RCZ,-1,-1,0,-1
2024401476496,2024,401476496,5,9,0,-1,2,0,0,-1,0,0,0,4,0,0,2,1,-1,6,-1,-1,-1,1598,1,10,PEUGEOT RCZ,-1,-1,0,-1
2024421450971,2024,421450971,2,9,0,-1,19,2,6,-1,0,8,0,0,0,0,4,1,-1,9,1,32,6,1997,2,14,PEUGEOT RCZ,3,E01021888,0,2
2024311502271,2024,311502271,1,9,0,-1,9,1,7,-1,0,5,0,0,0,0,1,1,-1,6,1,22,5,1598,1,14,PEUGEOT RCZ,9,E01033775,0,1
2024211481050,2024,211481050,1,9,0,-1,8,5,3,-1,9,0,0,0,0,0,1,1,-1,6,2,39,7,1598,1,9,PEUGEOT RCZ,-1,-1,0,-1
2024531520791,2024,531520791,1,9,0,-1,19,1,5,-1,0,0,0,0,0,0,1,1,-1,6,1,60,9,1598,1,14,PEUGEOT RCZ,-1,-1,0,-1
2024010521455,2024,010521455,2,9,0,3,3,8,4,0,0,2,0,0,0,0,2,1,6,6,1,29,6,1598,1,10,PEUGEOT RCZ,5,E01001189,0,1
2024430139724,2024,430139724,1,9,0,9,9,5,3,0,0,1,0,0,0,0,4,1,6,6,1,23,5,1598,1,14,PEUGEOT RCZ,6,E01022210,0,3
2024041426010,2024,041426010,1,9,0,-1,19,3,7,-1,0,0,0,4,0,0,1,1,-1,9,2,54,8,1997,2,13,PEUGEOT RCZ,9,E01024964,0,1
2024471459525,2024,471459525,1,9,0,-1,10,3,1,-1,0,1,0,0,0,0,3,1,-1,6,2,38,7,1598,1,10,PEUGEOT RCZ,2,E01031808,0,1
2024471528028,2024,471528028,2,9,0,-1,2,0,0,-1,0,0,0,0,0,0,2,1,-1,6,-1,-1,-1,1598,1,12,PEUGEOT RCZ,-1,-1,0,-1
2024332400371,2024,332400371,3,9,0,-1,19,3,7,-1,0,0,0,0,0,0,1,1,-1,1,1,46,8,1995,2,16,RENAULT LAGUNA,6,E01013738,0,1
2024010534784,2024,010534784,1,9,0,12,12,5,1,0,0,0,2,2,0,0,2,1,6,6,1,66,10,1995,2,15,RENAULT LAGUNA,5,E01033446,0,4
2024531502280,2024,531502280,1,9,0,-1,19,1,5,-1,0,0,5,0,1,0,3,1,-1,6,1,46,8,2188,2,17,RENAULT LAGUNA,5,E01022188,0,4
2024041404747,2024,041404747,1,9,0,-1,19,2,4,-1,0,2,0,10,8,3,1,1,-1,9,1,34,6,1995,2,16,RENAULT LAGUNA,1,E01025136,0,1