collision_index,collision_year,collision_ref_no,vehicle_reference,vehicle_type,towing_and_articulation,vehicle_manoeuvre_historic,vehicle_manoeuvre,vehicle_direction_from,vehicle_direction_to,vehicle_location_restricted_lane_historic,vehicle_location_restricted_lane,junction_location,skidding_and_overturning,hit_object_in_carriageway,vehicle_leaving_carriageway,hit_object_off_carriageway,first_point_of_impact,vehicle_left_hand_drive,journey_purpose_of_driver_historic,journey_purpose_of_driver,sex_of_driver,age_of_driver,age_band_of_driver,engine_capacity_cc,propulsion_code,age_of_vehicle,generic_make_model,driver_imd_decile,lsoa_of_driver,escooter_flag,driver_distance_banding
2024371488337,2024,371488337,1,9,0,-1,-1,-1,-1,-1,0,6,-1,-1,-1,0,-1,9,-1,6,1,87,11,2993,2,14,RENAULT LAGUNA,9,E01030193,0,4
2024501533370,2024,501533370,1,9,0,-1,19,5,1,-1,0,1,1,0,0,0,3,1,-1,6,1,26,6,1461,2,17,RENAULT LAGUNA,1,E01015217,0,1
2024131463597,2024,131463597,1,9,0,-1,9,6,4,-1,0,3,0,0,0,0,4,1,-1,6,1,74,10,1995,2,16,RENAULT LAGUNA,1,E01010924,0,1
2024221495379,2024,221495379,2,9,0,-1,3,1,5,-1,0,8,0,0,0,0,1,1,-1,2,1,67,10,1995,2,15,RENAULT LAGUNA,5,E01014079,0,2
2024991400170,2024,991400170,2,9,0,-1,19,6,2,-1,0,0,0,0,0,0,1,1,-1,6,1,54,8,1995,2,15,RENAULT LAGUNA,4,-1,0,2
2024231495642,2024,231495642,1,9,0,-1,19,6,2,-1,0,0,1,0,2,4,1,1,-1,6,1,23,5,1995,2,16,RENAULT LAGUNA,3,E01009950,0,4
2024531441242,2024,531441242,1,9,0,-1,4,2,6,-1,0,0,0,0,0,0,1,1,-1,9,1,84,11,1995,2,13,RENAULT LAGUNA,10,E01022106,0,2
2024231432300,2024,231432300,2,9,0,-1,19,8,4,-1,0,8,0,0,0,0,2,9,-1,6,1,28,6,1995,2,14,RENAULT LAGUNA,9,E01031180,0,1
2024340NN1052,2024,340NN1052,2,9,0,-1,8,8,4,-1,0,0,0,0,0,0,2,1,-1,9,2,37,7,1995,2,14,RENAULT LAGUNA,2,E01035431,0,1
2024522500204,2024,522500204,2,9,0,18,19,6,2,0,0,8,0,0,0,0,1,1,6,6,1,42,7,1461,2,16,RENAULT LAGUNA,8,E01014561,0,1
202417H103024,2024,17H103024,1,9,0,-1,19,1,5,-1,0,1,0,0,0,0,1,1,-1,9,1,53,8,1995,2,16,RENAULT LAGUNA,1,E01011994,0,1
2024010488911,2024,010488911,1,9,0,16,19,5,1,0,0,2,0,10,1,0,1,1,6,6,2,39,7,1998,1,16,RENAULT LAGUNA,2,E01003238,0,1
2024201404387,2024,201404387,2,9,0,-1,19,5,8,-1,0,8,1,0,0,0,4,1,-1,6,1,52,8,1461,2,12,RENAULT LAGUNA,2,E01010481,0,3
2024061427687,2024,061427687,1,9,-1,-1,15,8,8,-1,0,1,1,10,0,0,1,9,-1,6,3,-1,-1,1995,2,16,RENAULT LAGUNA,-1,-1,0,-1
2024131429585,2024,131429585,2,9,0,-1,9,1,5,-1,0,8,0,0,0,0,2,1,-1,9,2,28,6,1998,1,18,RENAULT LAGUNA,3,E01010595,0,1
2024991504736,2024,991504736,2,9,0,-1,19,3,6,-1,0,8,1,0,7,0,1,1,-1,1,1,49,8,1995,2,15,RENAULT LAGUNA,6,-1,0,4
2024351410542,2024,351410542,1,9,0,-1,9,6,2,-1,0,1,0,0,0,0,1,1,-1,6,1,44,7,1995,2,14,RENAULT LAGUNA,5,E01023661,0,1
2024101425061,2024,101425061,2,9,0,-1,7,2,5,-1,0,1,0,0,0,0,1,1,-1,1,2,35,6,1783,1,21,RENAULT LAGUNA,6,E01008411,0,1
2024411474230,2024,411474230,1,9,0,-1,11,5,1,-1,0,0,0,0,0,0,1,1,-1,9,1,35,6,1997,1,16,RENAULT LAGUNA,6,E01002601,0,4
2024430152594,2024,430152594,1,9,0,10,10,7,6,0,0,1,0,0,0,0,2,1,1,1,2,18,4,1995,2,15,RENAULT LAGUNA,9,E01022560,0,1
2024501448137,2024,501448137,1,9,0,-1,19,1,5,-1,9,0,1,0,1,0,1,1,-1,6,1,24,5,1995,2,15,RENAULT LAGUNA,-1,-1,0,-1
2024101506107,2024,101506107,1,9,0,-1,19,7,3,-1,0,5,1,0,7,11,1,1,-1,2,2,39,7,1995,2,16,RENAULT LAGUNA,3,E01034738,0,5
2024411468710,2024,411468710,1,9,0,-1,1,8,4,-1,0,0,0,11,0,0,2,1,-1,9,1,88,11,1995,2,15,RENAULT LAGUNA,5,E01023369,0,1
2024461465609,2024,461465609,1,9,0,-1,7,1,3,-1,0,1,0,0,0,0,1,9,-1,6,1,-1,-1,1995,2,16,RENAULT LAGUNA,8,E01024105,0,1
2024031416502,2024,031416502,1,9,0,-1,-1,-1,-1,-1,-1,0,-1,-1,-1,0,-1,1,-1,9,1,51,8,1995,2,14,RENAULT LAGUNA,-1,-1,0,-1
2024010512698,2024,010512698,2,9,0,99,99,9,9,99,99,0,9,99,9,99,9,9,6,6,1,35,6,1997,1,16,RENAULT LAGUNA,6,E01002601,0,1
2024340NN1312,2024,340NN1312,1,9,0,-1,19,4,8,-1,0,6,0,0,0,0,1,1,-1,6,1,28,6,1995,2,15,RENAULT LAGUNA,2,E01027128,0,3
2024501515526,2024,501515526,2,4,0,-1,19,1,5,-1,0,0,0,0,0,0,1,1,-1,6,1,-1,-1,349,1,3,ROYAL ENFIELD METEOR,-1,-1,0,-1
2024631467578,2024,631467578,1,4,0,-1,12,5,8,-1,0,0,0,0,7,10,3,1,-1,9,2,62,9,349,1,2,ROYAL ENFIELD METEOR,6,E01013369,0,5
2024221439635,2024,221439635,2,4,0,-1,19,8,4,-1,0,0,0,0,0,0,1,1,-1,6,1,59,9,349,1,1,ROYAL ENFIELD METEOR,10,E01014190,0,2
2024211488422,2024,211488422,1,4,0,-1,19,6,2,-1,0,0,0,0,0,0,1,1,-1,6,1,-1,-1,349,1,0,ROYAL ENFIELD METEOR,-1,-1,0,-1
2024421486074,2024,421486074,1,4,0,-1,4,3,8,-1,0,2,1,10,2,10,1,1,-1,9,1,72,10,349,1,3,ROYAL ENFIELD METEOR,7,E01022087,0,2
2024311422627,2024,311422627,1,4,0,-1,3,4,7,-1,0,1,0,0,0,0,2,1,-1,1,1,49,8,349,1,3,ROYAL ENFIELD METEOR,-1,-1,0,-1
2024471457718,2024,471457718,1,5,0,-1,5,5,1,-1,0,0,5,0,0,0,2,1,-1,9,1,60,9,648,1,1,ROYAL ENFIELD METEOR,5,E01031480,0,2
2024010499564,2024,010499564,2,4,0,13,13,1,5,0,0,8,0,0,0,0,1,1,2,2,1,57,9,349,1,2,ROYAL ENFIELD METEOR,2,E01004129,0,1
2024991424351,2024,991424351,1,4,0,-1,4,6,2,-1,0,4,2,0,0,0,0,1,-1,2,2,29,6,349,1,3,ROYAL ENFIELD METEOR,7,-1,0,4
2024451472904,2024,451472904,1,5,0,-1,9,7,3,-1,0,0,0,0,0,0,1,1,-1,9,1,21,5,648,1,0,ROYAL ENFIELD METEOR,9,E01004115,0,3
2024351512685,2024,351512685,2,5,0,-1,-1,-1,-1,-1,-1,0,-1,-1,-1,0,1,1,-1,9,1,28,6,648,1,1,ROYAL ENFIELD METEOR,7,E01033181,0,1
2024451456510,2024,451456510,1,4,0,-1,19,1,5,-1,0,1,0,0,0,0,1,1,-1,9,1,20,4,349,1,2,ROYAL ENFIELD METEOR,9,E01030639,0,1
2024131410822,2024,131410822,2,5,0,-1,10,6,4,-1,0,1,0,0,0,0,3,1,-1,6,1,31,6,648,1,1,ROYAL ENFIELD METEOR,1,E01011163,0,1
202454D045824,2024,54D045824,2,4,0,5,5,1,5,0,0,1,0,0,0,0,2,1,2,2,1,35,6,349,1,0,ROYAL ENFIELD METEOR,10,E01031984,0,1
2024010545734,2024,010545734,2,5,0,14,14,5,1,0,0,1,0,0,0,0,3,1,6,6,1,59,9,648,1,1,ROYAL ENFIELD METEOR,2,E01002800,0,2
2024430136688,2024,430136688,1,4,0,4,4,5,1,0,0,1,0,0,0,0,1,1,6,6,1,77,11,349,1,3,ROYAL ENFIELD METEOR,9,E01035728,0,1
2024991426732,2024,991426732,1,23,0,-1,19,5,8,-1,0,2,0,0,0,0,1,1,-1,9,1,75,10,-1,3,1,-1,10,-1,0,2
2024531485249,2024,531485249,2,9,0,-1,19,3,7,-1,0,1,0,0,0,0,3,1,-1,9,1,72,10,999,1,6,SKODA RAPID,9,E01023983,0,5
2024311513598,2024,311513598,1,9,-1,-1,10,5,3,-1,0,2,0,0,0,0,4,9,-1,6,1,26,6,1598,2,10,SKODA RAPID,3,E01013930,0,1
2024101441469,2024,101441469,2,8,0,-1,19,7,3,-1,0,1,0,0,0,0,1,1,-1,6,2,34,6,1197,1,7,SKODA RAPID,1,E01008709,0,1
2024061505313,2024,061505313,2,9,0,-1,7,1,3,-1,0,2,0,0,7,0,1,1,-1,6,3,-1,-1,1422,2,8,SKODA RAPID,-1,-1,0,-1
2024231422652,2024,231422652,1,9,0,-1,19,4,8,-1,0,0,0,0,0,0,1,1,-1,6,1,17,4,1197,1,10,SKODA RAPID,8,E01031162,0,1
2024101405627,2024,101405627,2,8,0,-1,19,5,1,-1,0,0,0,0,0,0,1,1,-1,1,1,27,6,1197,1,8,SKODA RAPID,1,E01008457,0,2
2024201441805,2024,201441805,2,9,0,-1,3,2,6,-1,0,1,0,0,0,0,2,1,-1,6,1,56,9,1598,2,9,SKODA RAPID,1,E01009488,0,1
2024010530657,2024,010530657,1,9,0,9,9,3,1,0,0,1,0,0,0,0,4,1,6,6,1,59,9,1197,1,10,SKODA RAPID,-1,-1,0,-1
2024010497058,2024,010497058,1,9,0,18,19,7,3,0,0,3,0,0,0,0,0,1,6,6,3,34,6,1390,1,10,SKODA RAPID,3,E01000100,0,1
2024501502185,2024,501502185,1,9,0,-1,19,7,3,-1,0,0,0,0,0,0,1,9,-1,6,1,69,10,1598,2,12,SKODA RAPID,4,E01018863,0,4
2024131452003,2024,131452003,1,9,0,-1,19,3,7,-1,0,0,0,0,0,0,4,1,-1,6,2,71,10,1197,1,9,SKODA RAPID,6,E01011802,0,2
2024052400773,2024,052400773,1,9,0,18,19,5,1,0,0,1,0,0,0,0,1,2,6,6,2,38,7,1197,1,10,SKODA RAPID,1,E01006791,0,1
2024471430981,2024,471430981,1,9,0,-1,19,7,3,-1,0,1,0,0,0,0,1,1,-1,2,1,19,4,1197,1,10,SKODA RAPID,5,E01023980,0,4
2024111489445,2024,111489445,2,8,0,-1,3,3,7,-1,0,0,0,0,0,0,2,1,-1,1,1,30,6,1598,2,9,SKODA RAPID,-1,-1,0,-1
2024131401426,2024,131401426,4,9,0,-1,-1,-1,-1,-1,-1,0,-1,-1,-1,-1,-1,1,-1,6,3,-1,-1,1422,2,7,SKODA RAPID,-1,-1,0,-1
2024302400487,2024,302400487,1,9,0,14,14,6,2,0,0,1,0,4,1,10,1,1,6,6,2,70,10,1395,1,7,SKODA RAPID,10,E01013556,0,1
2024440390499,2024,440390499,1,9,0,2,2,0,0,0,0,2,0,0,0,0,3,1,1,1,1,42,7,1598,2,7,SKODA RAPID,1,E01017037,0,1
2024361450871,2024,361450871,2,9,0,-1,10,5,8,-1,0,1,0,0,0,0,1,1,-1,9,1,81,11,1197,1,10,SKODA RAPID,5,E01026529,0,1
2024211538443,2024,211538443,1,9,0,-1,5,7,3,-1,0,0,0,0,0,0,2,9,-1,6,2,-1,-1,1197,1,7,SKODA RAPID,-1,-1,0,-1
2024991397558,2024,991397558,2,9,0,-1,19,3,7,-1,0,8,0,0,0,0,3,1,-1,9,2,18,4,999,1,7,SKODA RAPID,4,-1,0,1
2024421437988,2024,421437988,2,9,0,-1,19,3,7,-1,0,0,2,0,1,5,1,1,-1,1,1,60,9,1598,2,8,SKODA RAPID,1,E01016006,0,2
2024221539518,2024,221539518,1,9,0,-1,19,1,5,-1,0,0,0,0,1,10,1,9,-1,9,2,79,11,1598,2,8,SKODA RAPID,4,E01028828,0,1
2024361463349,2024,361463349,1,9,0,-1,19,7,3,-1,0,0,0,0,1,4,1,1,-1,9,1,27,6,1197,1,7,SKODA RAPID,5,E01009712,0,5
2024501524573,2024,501524573,1,9,0,-1,19,3,7,-1,0,1,0,0,1,4,1,1,-1,6,1,18,4,1197,1,7,SKODA RAPID,10,E01003889,0,5
2024631423648,2024,631423648,2,9,0,-1,9,4,2,-1,0,5,0,0,0,0,4,1,-1,9,1,40,7,1197,1,8,SKODA RAPID,1,W01000631,0,1
2024201447285,2024,201447285,2,9,0,-1,2,0,0,-1,0,0,0,4,0,0,3,1,-1,6,-1,-1,-1,1422,2,8,SKODA RAPID,-1,-1,0,-1
2024430433105,2024,430433105,1,9,0,9,9,5,3,0,0,5,0,0,0,0,1,1,2,2,1,43,7,999,1,5,SKODA RAPID,5,E01022520,0,2
2024371434459,2024,371434459,1,9,0,-1,5,5,3,-1,0,8,0,0,0,0,3,1,-1,9,2,86,11,1197,1,7,SKODA RAPID,6,E01026494,0,2
202417L109724,2024,17L109724,1,9,0,-1,19,8,4,-1,0,0,5,0,0,0,4,1,-1,9,1,49,8,1598,2,10,SKODA RAPID,1,E01012096,0,1
2024041443840,2024,041443840,2,9,0,-1,19,5,1,-1,0,0,0,0,0,0,2,1,-1,9,1,57,9,1422,2,8,SKODA RAPID,4,E01024891,0,3
2024501448403,2024,501448403,1,9,0,-1,9,6,5,-1,0,1,0,0,0,0,2,1,-1,6,1,66,10,1598,2,10,SKODA RAPID,4,E01018861,0,1
2024221517844,2024,221517844,2,9,0,-1,19,8,4,-1,0,8,0,0,0,0,1,1,-1,6,1,72,10,1598,2,10,SKODA RAPID,6,E01028874,0,3
2024440036484,2024,440036484,1,9,0,18,19,7,3,0,0,0,0,0,0,0,1,1,6,6,1,50,8,999,1,5,SKODA RAPID,5,E01030484,0,4
2024070202856,2024,070202856,3,9,0,7,7,3,7,0,0,1,0,0,0,0,3,1,6,6,1,78,11,1197,1,10,SKODA RAPID,9,E01012518,0,1
2024201412586,2024,201412586,1,9,0,-1,19,2,8,-1,0,5,0,0,0,0,1,1,-1,9,1,27,6,999,1,7,SKODA RAPID,4,E01010393,0,1
2024201531065,2024,201531065,2,9,0,-1,5,1,1,-1,0,5,0,0,0,0,1,9,-1,9,1,36,7,1598,2,10,SKODA RAPID,1,E01010054,0,1
2024622400037,2024,622400037,1,9,0,9,9,7,4,0,0,5,0,0,0,0,1,1,6,6,2,35,6,1598,2,10,SKODA RAPID,2,W01000849,0,1
2024549637024,2024,549637024,2,9,0,4,4,3,7,0,0,0,0,0,0,0,2,1,6,6,1,67,10,1598,2,11,SKODA RAPID,6,E01032075,0,4
2024440186827,2024,440186827,1,9,0,18,19,6,2,0,0,0,0,0,0,0,3,1,1,1,1,26,6,1598,2,7,SKODA RAPID,1,E01017103,0,1
2024010498825,2024,010498825,2,9,0,99,99,9,9,99,99,9,9,99,9,99,1,9,6,6,3,81,11,1197,1,9,SKODA RAPID,9,E01012233,0,5
2024061422974,2024,061422974,1,9,0,-1,13,7,2,-1,0,1,0,0,0,0,1,1,-1,6,1,21,5,1598,2,11,SKODA RAPID,1,E01005613,0,1
2024070306805,2024,070306805,2,9,0,9,9,3,1,0,0,3,0,0,0,0,3,1,6,6,2,26,6,1598,2,9,SKODA RAPID,-1,-1,0,-1
2024440246148,2024,440246148,1,9,0,9,9,2,8,0,0,5,0,0,0,0,4,1,1,1,1,37,7,1598,2,6,SKODA RAPID,3,E01017099,0,1
2024440261915,2024,440261915,1,9,0,18,19,3,7,0,0,8,0,0,0,0,4,1,6,6,2,73,10,1197,1,8,SKODA RAPID,7,E01022979,0,1
2024991534352,2024,991534352,2,9,0,-1,19,3,7,-1,0,8,0,0,7,4,1,1,-1,9,1,77,11,1197,1,8,SKODA RAPID,10,-1,0,1
2024201527256,2024,201527256,1,9,0,-1,4,2,6,-1,0,0,0,0,0,0,1,1,-1,6,1,26,6,1422,2,7,SKODA RAPID,1,E01008913,0,1
2024440283971,2024,440283971,1,8,0,3,3,2,6,0,0,1,0,0,0,0,2,1,1,1,1,43,7,1598,2,6,SKODA RAPID,2,E01022969,0,2
2024340NN4032,2024,340NN4032,2,9,0,-1,13,4,6,-1,0,8,0,0,0,0,1,1,-1,2,1,54,8,1197,1,9,SKODA RAPID,7,E01027354,0,3
2024101397144,2024,101397144,1,9,0,-1,19,1,5,-1,0,1,0,7,0,0,4,1,-1,9,1,28,6,1197,1,10,SKODA RAPID,1,E01027545,0,1
2024320230354,2024,320230354,1,9,0,9,9,1,8,0,0,8,0,0,0,0,3,1,-1,-1,2,36,7,1197,1,8,SKODA RAPID,5,E01026232,0,1
2024061429913,2024,061429913,2,9,-1,-1,19,-1,-1,-1,0,8,1,-1,-1,0,-1,9,-1,6,1,32,6,1598,2,8,SKODA RAPID,1,E01005320,0,3
2024010537173,2024,010537173,2,9,0,99,99,9,9,99,99,9,9,99,9,99,1,9,6,6,3,35,6,1197,1,8,SKODA RAPID,6,E01000069,0,1
2024131408081,2024,131408081,3,9,0,-1,19,1,-1,-1,0,1,0,0,0,0,2,1,-1,6,2,65,9,1197,1,8,SKODA RAPID,3,E01010761,0,2
2024131410317,2024,131410317,1,9,0,-1,19,1,5,-1,0,0,0,0,0,0,4,1,-1,9,1,43,7,1598,2,10,SKODA RAPID,7,E01011054,0,1
2024010498016,2024,010498016,1,9,0,18,19,1,5,0,0,8,0,0,0,0,2,1,6,6,2,45,7,1390,1,10,SKODA RAPID,9,E01023580,0,3
2024061449148,2024,061449148,1,9,0,-1,19,7,3,-1,0,1,0,0,0,0,1,1,-1,9,1,22,5,1598,2,8,SKODA RAPID,2,E01005950,0,1
2024141405823,2024,141405823,1,9,0,-1,3,8,2,-1,0,1,0,0,0,0,2,1,-1,6,2,25,5,1197,1,10,SKODA RAPID,1,E01007413,0,1
2024201433819,2024,201433819,1,9,0,-1,9,6,4,-1,0,5,0,0,0,0,1,9,-1,6,-1,-1,-1,1197,1,9,SKODA RAPID,-1,-1,0,-1
2024430535843,2024,430535843,1,9,0,18,19,6,2,0,0,4,0,0,0,0,3,1,6,6,1,72,10,1390,1,10,SKODA RAPID,6,E01016306,0,3
2024141441287,2024,141441287,1,9,0,-1,12,5,3,-1,0,3,0,0,0,0,1,1,-1,9,1,38,7,1598,2,11,SKODA RAPID,2,E01011862,0,3
2024991438442,2024,991438442,2,9,0,-1,7,5,7,-1,0,1,5,0,0,0,4,1,-1,9,1,87,11,1197,1,11,SKODA RAPID,3,-1,0,2
2024061477632,2024,061477632,1,8,0,-1,2,0,0,-1,0,1,0,0,0,0,3,9,-1,6,3,-1,-1,1598,2,9,SKODA RAPID,-1,-1,0,-1
2024101450820,2024,101450820,1,8,0,-1,19,6,2,-1,0,1,0,0,0,0,1,9,-1,1,1,-1,-1,1422,2,7,SKODA RAPID,3,E01008349,0,2
2024991420874,2024,991420874,2,8,0,-1,2,7,3,-1,0,1,0,0,0,0,2,1,-1,1,1,27,6,1422,2,8,SKODA RAPID,6,-1,0,1
2024101459297,2024,101459297,2,9,0,-1,3,3,7,-1,0,0,0,0,0,0,2,1,-1,6,2,32,6,1422,2,8,SKODA RAPID,7,E01008197,0,1
2024430458916,2024,430458916,2,9,0,3,3,7,3,0,0,4,0,0,0,0,2,1,2,2,2,49,8,1197,1,11,SKODA RAPID,9,E01027264,0,3
2024131444847,2024,131444847,2,9,0,-1,19,1,5,-1,0,1,0,0,0,0,1,1,-1,1,1,57,9,1598,2,10,SKODA RAPID,2,E01011139,0,1
2024320710171,2024,320710171,2,9,0,-1,-1,2,6,0,0,1,0,0,0,0,1,1,6,6,1,35,6,1422,2,9,SKODA RAPID,-1,-1,0,-1
2024991448631,2024,991448631,1,9,0,-1,19,7,4,-1,0,1,0,0,0,0,1,1,-1,6,2,27,6,1598,2,10,SKODA RAPID,2,-1,0,1
2024471419605,2024,471419605,3,9,0,-1,19,5,1,-1,0,0,0,0,0,0,3,1,-1,6,2,69,10,1197,1,7,SKODA RAPID,7,E01031688,0,3
2024991476134,2024,991476134,1,9,0,-1,19,7,3,-1,0,8,0,0,0,0,1,1,-1,6,1,76,11,1197,1,8,SKODA RAPID,9,-1,0,1
2024440109466,2024,440109466,1,9,0,17,19,6,3,0,0,1,0,0,1,0,1,1,6,6,2,71,10,1197,1,8,SKODA RAPID,8,E01017286,0,1
2024991521393,2024,991521393,1,9,0,-1,12,4,8,-1,0,0,0,0,0,0,4,1,-1,9,1,65,9,999,1,6,SKODA RAPID,6,-1,0,1
2024010539681,2024,010539681,1,9,0,7,7,7,2,0,0,1,0,0,0,0,2,1,1,1,2,44,7,1390,1,10,SKODA RAPID,10,E01023553,0,1
2024421480230,2024,421480230,1,9,0,-1,19,1,5,-1,0,0,0,0,0,0,1,1,-1,2,1,48,8,1197,1,8,SKODA RAPID,10,E01021585,0,1
2024311480604,2024,311480604,2,9,0,-1,19,7,3,-1,0,1,0,0,0,0,1,1,-1,9,1,87,11,1197,1,8,SKODA RAPID,4,E01028252,0,1
2024361483497,2024,361483497,1,9,0,-1,19,8,8,-1,0,0,2,0,7,3,1,1,-1,6,1,24,5,1598,2,9,SKODA RAPID,1,E01030261,0,2
2024440021044,2024,440021044,1,8,0,1,1,5,1,0,0,0,0,0,0,0,2,1,1,1,2,-1,-1,1598,2,7,SKODA RAPID,-1,-1,0,-1
2024340WN0712,2024,340WN0712,2,9,0,-1,19,2,6,-1,0,8,0,0,0,0,4,1,-1,2,2,39,7,1422,2,9,SKODA RAPID,2,E01027246,0,1
2024501422208,2024,501422208,2,17,0,-1,19,1,5,-1,0,0,0,0,0,0,3,1,-1,1,1,47,8,7400,2,1,-1,8,E01019889,0,1
2024440553001,2024,440553001,1,9,0,18,19,3,7,0,0,0,0,0,0,0,1,1,6,6,1,30,6,1598,2,18,VOLKSWAGEN JETTA,4,E01015326,0,4
2024302400673,2024,302400673,1,9,0,4,4,5,1,0,0,0,0,0,0,0,2,-1,-1,-1,1,37,7,1968,2,14,VOLKSWAGEN JETTA,2,E01007878,0,3
2024041455956,2024,041455956,2,9,0,-1,19,4,8,-1,0,0,0,0,0,0,1,1,-1,9,1,71,10,1968,2,14,VOLKSWAGEN JETTA,1,E01025082,0,1
2024101401471,2024,101401471,2,9,0,-1,19,1,5,-1,0,0,0,11,0,0,1,1,-1,2,1,33,6,1968,2,9,VOLKSWAGEN JETTA,3,E01027531,0,2
2024430189251,2024,430189251,1,9,0,18,19,4,8,0,0,0,0,0,0,0,1,1,6,6,1,-1,-1,1968,2,18,VOLKSWAGEN JETTA,-1,-1,0,-1
2024610055924,2024,610055924,2,9,0,2,2,0,0,0,0,2,0,0,0,0,1,1,6,6,1,33,6,1896,2,16,VOLKSWAGEN JETTA,9,W01001913,0,2
2024421495781,2024,421495781,2,9,0,-1,5,-1,-1,-1,0,8,0,0,0,0,4,1,-1,2,1,25,5,1390,1,15,VOLKSWAGEN JETTA,2,E01023920,0,4
2024070714901,2024,070714901,3,9,0,-1,19,5,5,-1,0,0,0,0,0,0,0,1,-1,6,1,32,6,1968,2,16,VOLKSWAGEN JETTA,9,E01018427,0,1
2024101511730,2024,101511730,3,9,0,-1,2,0,0,-1,-1,2,0,0,0,0,3,1,-1,6,-1,-1,-1,1968,2,9,VOLKSWAGEN JETTA,-1,-1,0,-1
2024201410369,2024,201410369,2,9,0,-1,10,5,3,-1,0,5,0,0,0,0,3,1,-1,2,1,42,7,1968,2,17,VOLKSWAGEN JETTA,1,E01010374,0,1
2024371500863,2024,371500863,1,9,0,-1,19,1,5,-1,0,5,1,0,7,0,1,1,-1,2,1,29,6,1968,2,17,VOLKSWAGEN JETTA,3,E01011175,0,5
2024201428586,2024,201428586,1,9,0,-1,7,8,2,-1,0,6,0,0,0,0,1,9,-1,6,1,20,4,1598,2,13,VOLKSWAGEN JETTA,-1,-1,0,-1
2024041482811,2024,041482811,2,9,0,-1,19,5,1,-1,0,1,0,0,0,0,1,1,-1,9,1,52,8,1968,2,17,VOLKSWAGEN JETTA,1,E01012577,0,1
2024332400840,2024,332400840,2,9,0,-1,19,2,6,-1,0,0,0,0,1,11,1,1,-1,6,1,22,5,1968,2,16,VOLKSWAGEN JETTA,5,E01035094,0,3
2024311542144,2024,311542144,1,9,0,-1,19,1,1,-1,0,0,0,0,0,0,1,1,-1,6,1,50,8,1896,2,16,VOLKSWAGEN JETTA,-1,-1,0,-1
2024201490108,2024,201490108,1,9,0,-1,5,3,6,-1,0,4,0,0,0,0,1,1,-1,6,1,-1,-1,1968,2,12,VOLKSWAGEN JETTA,2,E01009317,0,1
2024131428171,2024,131428171,2,9,0,-1,5,1,5,-1,0,2,0,0,0,0,1,1,-1,9,2,41,7,1896,2,18,VOLKSWAGEN JETTA,3,E01010789,0,1
2024440445426,2024,440445426,1,9,0,18,19,1,5,0,0,0,2,0,1,0,3,1,6,6,1,30,6,1968,2,17,VOLKSWAGEN JETTA,5,E01035458,0,3
2024340WN2432,2024,340WN2432,1,9,0,-1,9,6,2,-1,0,6,0,0,1,0,3,1,-1,6,2,71,10,1598,1,16,VOLKSWAGEN JETTA,9,E01027284,0,1
2024111462060,2024,111462060,3,9,0,-1,9,6,2,-1,0,4,0,0,0,0,0,1,-1,6,3,30,6,1968,2,7,VOLKSWAGEN JETTA,-1,-1,0,-1
2024991425393,2024,991425393,2,9,0,-1,2,0,0,-1,0,2,0,0,0,0,2,1,-1,6,-1,-1,-1,1968,2,8,VOLKSWAGEN JETTA,-1,-1,0,-1
2024131406946,2024,131406946,2,9,0,-1,13,3,7,-1,0,0,0,0,7,2,3,1,-1,9,1,23,5,1598,2,13,VOLKSWAGEN JETTA,2,E01010804,0,1
2024991459955,2024,991459955,2,9,0,-1,5,2,8,-1,0,6,0,0,0,0,3,1,-1,6,1,82,11,1598,2,12,VOLKSWAGEN JETTA,2,-1,0,1
2024440356212,2024,440356212,1,9,0,9,9,7,5,0,0,8,0,0,0,0,3,1,6,6,1,88,11,1598,2,11,VOLKSWAGEN JETTA,9,E01032852,0,1
2024302401248,2024,302401248,2,9,0,9,9,6,4,0,0,8,0,0,0,0,3,1,6,6,1,26,6,1896,2,17,VOLKSWAGEN JETTA,9,E01013580,0,2
2024061463692,2024,061463692,1,9,-1,-1,-1,-1,-1,-1,-1,0,-1,-1,-1,0,-1,9,-1,6,3,-1,-1,1598,2,11,VOLKSWAGEN JETTA,-1,-1,0,-1
2024131433604,2024,131433604,1,9,0,-1,-1,-1,-1,-1,-1,0,-1,-1,-1,0,-1,1,-1,6,1,88,11,1968,2,8,VOLKSWAGEN JETTA,-1,-1,0,-1
2024991451286,2024,991451286,2,9,0,-1,19,6,2,-1,0,1,0,0,0,0,1,1,-1,9,1,81,11,1395,1,8,VOLKSWAGEN JETTA,7,-1,0,4
2024010505590,2024,010505590,1,9,0,99,99,9,9,99,99,9,9,99,9,99,2,9,6,6,2,34,6,1390,1,13,VOLKSWAGEN JETTA,6,E01002586,0,1
2024141462824,2024,141462824,1,9,0,-1,13,6,2,-1,9,8,0,0,7,2,1,1,-1,6,1,21,5,1896,2,15,VOLKSWAGEN JETTA,1,E01033269,0,1
2024311480547,2024,311480547,4,9,0,-1,2,1,5,-1,0,0,0,4,0,0,2,1,-1,6,1,30,6,1968,2,16,VOLKSWAGEN JETTA,1,E01028247,0,1
2024430231721,2024,430231721,2,9,0,18,19,7,3,0,0,0,0,0,0,0,2,1,6,6,1,55,8,1896,2,17,VOLKSWAGEN JETTA,9,E01016313,0,2