collision_index,collision_year,collision_ref_no,vehicle_reference,vehicle_type,towing_and_articulation,vehicle_manoeuvre_historic,vehicle_manoeuvre,vehicle_direction_from,vehicle_direction_to,vehicle_location_restricted_lane_historic,vehicle_location_restricted_lane,junction_location,skidding_and_overturning,hit_object_in_carriageway,vehicle_leaving_carriageway,hit_object_off_carriageway,first_point_of_impact,vehicle_left_hand_drive,journey_purpose_of_driver_historic,journey_purpose_of_driver,sex_of_driver,age_of_driver,age_band_of_driver,engine_capacity_cc,propulsion_code,age_of_vehicle,generic_make_model,driver_imd_decile,lsoa_of_driver,escooter_flag,driver_distance_banding
2024320193024,2024,320193024,1,9,0,-1,-1,4,1,0,0,0,0,0,0,0,4,1,-1,-1,1,65,9,1598,2,13,VOLKSWAGEN JETTA,8,E01032996,0,1
2024520400574,2024,520400574,1,9,0,18,19,9,9,0,0,0,0,0,0,0,1,1,6,6,2,43,7,1984,1,17,VOLKSWAGEN JETTA,10,E01029303,0,1
2024061532476,2024,061532476,5,9,0,-1,2,0,0,-1,0,0,0,0,0,0,3,1,-1,6,1,50,8,1395,1,9,VOLKSWAGEN JETTA,4,E01006058,0,4
2024131448728,2024,131448728,2,9,0,-1,7,7,1,-1,0,6,0,0,0,0,1,1,-1,6,1,20,4,1968,2,17,VOLKSWAGEN JETTA,-1,-1,0,-1
2024440385983,2024,440385983,1,9,0,9,9,8,6,0,0,4,0,0,0,0,3,1,6,6,1,39,7,1896,2,18,VOLKSWAGEN JETTA,7,E01023098,0,1
2024201471907,2024,201471907,1,9,0,-1,9,1,7,-1,0,2,0,0,0,0,1,9,-1,6,1,27,6,1598,2,17,VOLKSWAGEN JETTA,6,E01009446,0,1
2024131396065,2024,131396065,1,9,0,-1,9,5,1,-1,0,8,0,0,0,0,1,1,-1,9,1,83,11,1598,2,12,VOLKSWAGEN JETTA,8,E01007384,0,2
2024141456001,2024,141456001,1,9,0,-1,19,1,5,-1,0,0,0,10,1,11,1,1,-1,9,1,38,7,1968,2,17,VOLKSWAGEN JETTA,4,E01007704,0,1
2024991435502,2024,991435502,2,9,0,-1,19,3,7,-1,0,8,0,0,0,0,1,1,-1,9,1,85,11,1598,2,12,VOLKSWAGEN JETTA,3,-1,0,1
2024131489622,2024,131489622,2,9,0,-1,19,5,1,-1,0,1,0,0,0,0,1,1,-1,2,2,64,9,1968,2,7,VOLKSWAGEN JETTA,4,E01010798,0,1
2024131484732,2024,131484732,2,9,0,-1,19,7,7,-1,0,2,0,0,0,0,3,1,-1,9,1,67,10,1968,2,9,VOLKSWAGEN JETTA,5,E01011765,0,2
2024991525510,2024,991525510,2,9,0,-1,19,3,7,-1,0,0,0,0,0,0,4,1,-1,2,1,46,8,1968,2,9,VOLKSWAGEN JETTA,8,-1,0,2
2024361434727,2024,361434727,1,9,0,-1,19,5,1,-1,0,1,0,0,0,0,1,1,-1,9,1,46,8,1984,1,18,VOLKSWAGEN JETTA,5,E01026751,0,2
2024101499505,2024,101499505,2,9,0,-1,9,3,1,-1,0,8,0,0,0,0,4,1,-1,1,1,45,7,1968,2,16,VOLKSWAGEN JETTA,2,E01008537,0,1
2024201525636,2024,201525636,1,9,0,-1,5,1,3,-1,0,0,1,4,0,0,1,9,-1,6,1,20,4,1968,2,17,VOLKSWAGEN JETTA,1,E01010486,0,1
2024221485595,2024,221485595,1,9,0,-1,19,4,8,-1,0,0,0,0,0,0,1,1,-1,9,1,26,6,1968,2,14,VOLKSWAGEN JETTA,2,E01010080,0,4
2024371472893,2024,371472893,1,9,0,-1,7,3,5,-1,0,0,1,0,7,0,1,1,-1,9,1,17,4,1984,1,19,VOLKSWAGEN JETTA,10,E01030050,0,3
2024411519740,2024,411519740,2,9,0,-1,-1,-1,-1,-1,-1,2,-1,-1,-1,0,1,1,-1,2,1,-1,-1,1968,2,9,VOLKSWAGEN JETTA,-1,-1,0,-1
2024201479142,2024,201479142,1,9,0,-1,19,3,5,-1,0,0,0,0,0,0,1,1,-1,6,1,-1,-1,1968,2,17,VOLKSWAGEN JETTA,1,E01009490,0,1
2024631466507,2024,631466507,1,9,0,-1,5,5,7,-1,0,8,0,0,0,0,3,1,-1,9,1,69,10,1968,2,15,VOLKSWAGEN JETTA,8,W01000611,0,1
2024430384582,2024,430384582,1,9,0,1,1,7,3,0,0,0,0,0,0,0,2,1,6,6,2,47,8,1968,2,17,VOLKSWAGEN JETTA,-1,-1,0,-1
2024522500223,2024,522500223,2,9,0,16,19,1,4,0,0,8,0,0,0,0,1,1,6,6,2,31,6,1595,1,16,VOLKSWAGEN JETTA,4,E01014426,0,3
2024991441059,2024,991441059,2,9,0,-1,2,3,3,-1,0,0,1,0,0,0,2,1,-1,6,1,45,7,1390,1,10,VOLKSWAGEN JETTA,9,-1,0,2
2024451421537,2024,451421537,1,9,0,-1,19,7,2,-1,0,4,0,0,0,0,1,1,-1,9,1,38,7,1896,2,18,VOLKSWAGEN JETTA,7,E01023098,0,2
2024501409770,2024,501409770,2,9,0,-1,19,3,7,-1,0,8,0,0,0,0,9,9,-1,9,1,38,7,1968,2,16,VOLKSWAGEN JETTA,4,E01034271,0,5
2024320493835,2024,320493835,2,9,0,9,9,8,6,0,0,5,0,0,0,0,3,1,-1,-1,1,44,7,1968,2,9,VOLKSWAGEN JETTA,2,E01008014,0,4
2024041441896,2024,041441896,1,9,0,-1,19,-1,-1,-1,0,1,0,0,0,0,-1,9,-1,6,1,49,8,1598,2,10,VOLKSWAGEN JETTA,1,E01025185,0,1
2024320586075,2024,320586075,1,9,0,-1,-1,4,7,0,0,0,0,0,0,0,3,1,-1,-1,2,36,7,1598,2,14,VOLKSWAGEN JETTA,5,E01026201,0,2
2024440286257,2024,440286257,2,9,0,18,19,3,7,0,0,1,0,0,0,0,1,1,6,6,1,63,9,1968,2,16,VOLKSWAGEN JETTA,10,E01023073,0,1
2024141449870,2024,141449870,1,9,0,-1,19,7,3,-1,0,0,0,0,0,0,0,1,-1,6,1,32,6,1968,2,8,VOLKSWAGEN JETTA,2,E01007336,0,1
2024531509693,2024,531509693,1,9,0,-1,9,5,3,-1,0,0,0,0,0,0,4,1,-1,9,1,30,6,1896,2,17,VOLKSWAGEN JETTA,7,E01022373,0,1
2024201440501,2024,201440501,2,9,0,-1,19,2,5,-1,0,8,1,10,1,4,4,1,-1,1,1,48,8,1598,2,12,VOLKSWAGEN JETTA,7,E01009252,0,1
2024421438520,2024,421438520,2,9,0,-1,19,1,4,-1,0,0,0,0,0,0,2,1,-1,6,1,41,7,1968,2,12,VOLKSWAGEN JETTA,5,E01021518,0,1
2024471476236,2024,471476236,3,9,0,-1,19,8,4,-1,0,0,0,0,1,0,2,1,-1,9,2,39,7,1598,2,11,VOLKSWAGEN JETTA,6,E01021145,0,4
2024131477968,2024,131477968,2,9,0,-1,2,1,5,-1,0,8,0,0,0,0,3,1,-1,1,1,44,7,1968,2,8,VOLKSWAGEN JETTA,2,E01011000,0,1
2024122500248,2024,122500248,1,9,0,18,19,1,3,0,0,0,0,0,0,0,1,1,6,6,1,57,9,2401,2,17,VOLVO XC70,10,E01013360,0,1
2024501504507,2024,501504507,1,9,0,-1,19,7,3,-1,0,1,1,0,0,0,1,1,-1,9,1,45,7,2400,2,13,VOLVO XC70,5,E01020070,0,3
2024101424981,2024,101424981,2,9,0,-1,19,8,2,-1,0,0,1,10,1,0,3,1,-1,6,2,65,9,2401,2,18,VOLVO XC70,6,E01027479,0,4
2024501447522,2024,501447522,2,9,0,-1,2,0,0,-1,0,0,0,0,0,0,1,1,-1,6,-1,-1,-1,2400,2,11,VOLVO XC70,-1,-1,0,-1
2024101518235,2024,101518235,1,9,0,-1,7,5,7,-1,0,5,0,0,0,0,1,1,-1,9,1,26,6,2400,2,12,VOLVO XC70,1,E01008218,0,1
2024631488529,2024,631488529,2,9,0,-1,4,7,3,-1,0,0,0,0,0,0,2,1,-1,9,1,51,8,2401,2,20,VOLVO XC70,5,E01034970,0,5
2024471442036,2024,471442036,1,9,0,-1,8,3,6,-1,0,4,0,0,0,0,2,1,-1,9,1,57,9,2400,2,11,VOLVO XC70,7,E01021007,0,4
2024161428236,2024,161428236,2,9,0,-1,9,5,1,-1,0,1,0,0,0,0,2,1,-1,1,2,45,7,1969,2,8,VOLVO XC70,-1,-1,0,-1
2024101473196,2024,101473196,2,9,0,-1,19,1,5,-1,0,1,0,0,0,0,1,1,-1,6,1,71,10,2400,2,15,VOLVO XC70,6,E01027384,0,1
2024371458366,2024,371458366,1,9,0,-1,19,2,5,-1,0,4,0,0,0,0,1,1,-1,9,2,59,9,2401,2,17,VOLVO XC70,7,E01029937,0,2
2024430061024,2024,430061024,2,9,0,18,19,4,8,0,0,8,1,0,0,0,1,1,6,6,2,-1,-1,2400,2,12,VOLVO XC70,10,E01028685,0,1
2024430036140,2024,430036140,2,9,0,18,19,6,2,0,0,0,0,0,0,0,2,1,6,6,1,67,10,2400,2,15,VOLVO XC70,6,E01031877,0,1
2024501506802,2024,501506802,1,9,0,-1,19,2,6,-1,0,0,0,0,0,0,1,1,-1,6,1,80,11,3192,1,16,VOLVO XC70,6,E01015244,0,1
2024471436119,2024,471436119,1,9,0,-1,19,1,6,-1,0,2,5,0,1,4,1,1,-1,9,2,71,10,2400,2,16,VOLVO XC70,9,E01030492,0,4
2024440119585,2024,440119585,2,9,0,5,5,5,1,0,0,4,0,0,0,0,3,1,6,6,2,77,11,2400,2,11,VOLVO XC70,9,E01023265,0,1
2024471402538,2024,471402538,1,9,0,-1,19,1,5,-1,0,0,0,0,7,0,1,1,-1,1,1,70,10,2400,2,9,VOLVO XC70,10,E01021217,0,1
2024461424179,2024,461424179,2,9,4,-1,2,1,1,-1,0,0,0,0,0,0,2,1,-1,9,1,57,9,2401,2,18,VOLVO XC70,4,E01024204,0,2
2024440286083,2024,440286083,1,9,0,18,19,1,5,0,0,0,1,0,0,0,3,1,6,6,2,74,10,2400,2,8,VOLVO XC70,10,E01022888,0,1
2024361440172,2024,361440172,1,9,0,-1,5,3,1,-1,0,6,0,0,0,0,1,1,-1,9,1,60,9,2400,2,11,VOLVO XC70,7,E01026642,0,3
2024522402292,2024,522402292,2,9,0,18,19,9,9,0,0,1,0,0,0,0,1,1,6,6,2,79,11,2400,2,10,VOLVO XC70,6,E01035214,0,1
2024221518172,2024,221518172,1,9,0,-1,-1,7,3,-1,-1,8,0,0,0,0,1,1,-1,-1,1,40,7,2401,2,21,VOLVO XC70,6,W01000434,0,1
2024122400607,2024,122400607,2,9,0,17,19,5,3,0,0,8,0,0,0,0,3,1,6,6,1,53,8,2400,2,10,VOLVO XC70,7,E01013020,0,4
2024631515159,2024,631515159,1,9,0,-1,5,3,7,-1,0,6,0,0,3,11,3,1,-1,1,2,47,8,2401,2,17,VOLVO XC70,4,W01000760,0,4
2024451441292,2024,451441292,2,9,0,-1,8,3,7,-1,0,8,0,6,0,0,1,1,-1,9,2,68,10,2400,2,9,VOLVO XC70,10,E01030804,0,1
2024231449313,2024,231449313,1,9,0,-1,1,6,2,-1,9,6,0,0,0,0,2,1,-1,6,1,77,11,2401,2,18,VOLVO XC70,9,E01031143,0,1
2024501423294,2024,501423294,1,9,0,-1,19,8,3,-1,0,0,2,0,0,0,3,9,-1,2,1,49,8,2400,2,8,VOLVO XC70,7,E01018795,0,1
2024440217358,2024,440217358,2,9,0,2,2,0,0,0,0,1,0,0,0,0,4,1,6,6,3,-1,-1,2400,2,12,VOLVO XC70,-1,-1,0,-1
2024320480059,2024,320480059,2,9,3,-1,-1,7,3,0,0,1,1,0,0,0,2,1,-1,-1,1,79,11,2400,2,13,VOLVO XC70,5,E01023722,0,5
2024201521888,2024,201521888,1,8,0,-1,6,1,5,-1,0,0,0,0,0,0,3,1,-1,1,1,60,9,1969,2,8,VOLVO XC70,1,E01009746,0,1
2024340NN4042,2024,340NN4042,1,2,0,-1,19,7,3,-1,0,0,0,4,0,0,1,1,-1,1,1,16,4,49,1,2,-1,8,E01027071,0,2
2024522403171,2024,522403171,1,2,0,3,3,4,8,0,0,1,0,0,0,0,2,1,6,6,1,20,4,49,1,1,-1,2,E01014493,0,2
2024451489294,2024,451489294,1,2,0,-1,19,7,3,-1,0,0,0,0,0,0,0,1,-1,9,1,16,4,49,1,1,-1,8,E01030697,0,2
2024451496866,2024,451496866,1,2,0,-1,9,1,7,-1,0,0,5,0,7,0,1,1,-1,9,1,16,4,49,1,3,-1,10,E01030778,0,1
2024501498533,2024,501498533,2,2,0,-1,19,3,7,-1,0,0,1,0,0,0,2,1,-1,9,1,16,4,49,1,0,-1,7,E01018889,0,2
2024332400693,2024,332400693,1,9,0,-1,19,8,4,-1,0,1,5,0,7,3,1,1,-1,1,1,29,6,2993,2,8,BMW 6 SERIES,3,E01013690,0,4
2024461450777,2024,461450777,1,9,0,-1,13,6,4,-1,0,1,1,0,0,0,1,1,-1,6,1,40,7,4799,1,16,BMW 6 SERIES,2,E01024078,0,1
2024461448515,2024,461448515,1,9,0,-1,13,5,1,-1,0,0,1,0,7,0,1,1,-1,6,1,24,5,2993,2,10,BMW 6 SERIES,3,E01024090,0,3
2024991442957,2024,991442957,1,9,0,-1,19,3,8,-1,0,0,0,2,0,0,1,1,-1,6,1,43,7,2993,2,9,BMW 6 SERIES,6,-1,0,4
2024221443312,2024,221443312,1,9,0,-1,12,1,7,-1,0,8,1,0,0,0,3,9,-1,6,1,46,8,2993,2,16,BMW 6 SERIES,-1,-1,0,-1
2024201510492,2024,201510492,1,9,0,-1,2,0,0,-1,0,0,0,0,0,0,3,1,-1,6,3,-1,-1,2996,1,16,BMW 6 SERIES,-1,-1,0,-1
2024010553041,2024,010553041,2,9,0,99,99,9,9,0,0,1,0,0,0,0,2,1,6,6,1,-1,-1,2993,2,8,BMW 6 SERIES,-1,-1,0,-1
2024461464021,2024,461464021,1,9,0,-1,9,7,1,-1,0,1,0,0,0,0,1,1,-1,9,1,36,7,2996,1,18,BMW 6 SERIES,5,E01035292,0,1
2024332400965,2024,332400965,2,9,0,-1,19,7,3,-1,0,0,0,0,1,0,1,1,-1,9,1,40,7,2993,2,11,BMW 6 SERIES,2,E01034018,0,3
2024010521984,2024,010521984,1,9,0,18,19,1,5,0,0,0,1,0,0,0,1,1,6,6,1,40,7,1998,1,5,BMW 6 SERIES,6,E01004637,0,1
2024461426807,2024,461426807,2,9,0,-1,19,1,5,-1,0,0,1,0,0,0,1,1,-1,9,1,43,7,2993,2,12,BMW 6 SERIES,5,E01011089,0,5
2024340NN4222,2024,340NN4222,1,9,0,-1,19,1,5,-1,0,1,0,0,0,0,4,1,-1,9,2,34,6,2993,2,6,BMW 6 SERIES,8,E01035415,0,1
2024010500029,2024,010500029,1,9,0,18,19,1,5,0,0,0,0,0,0,0,0,1,6,6,1,61,9,2993,2,8,BMW 6 SERIES,3,E01004266,0,3
2024451458331,2024,451458331,1,9,0,-1,19,5,1,-1,0,1,0,0,0,0,1,1,-1,2,1,44,7,4398,1,20,BMW 6 SERIES,5,E01021117,0,4
2024010519396,2024,010519396,1,9,0,6,6,7,7,0,0,1,0,0,0,0,3,1,6,6,1,35,6,2993,2,9,BMW 6 SERIES,2,E01001324,0,2
2024010541459,2024,010541459,2,9,0,17,19,7,3,0,0,4,0,0,0,0,3,1,6,6,1,66,10,4395,1,8,BMW 6 SERIES,6,E01001998,0,1
2024201419365,2024,201419365,2,9,0,-1,3,4,8,-1,0,1,0,0,0,0,1,1,-1,6,1,24,5,2993,2,17,BMW 6 SERIES,-1,-1,0,-1
2024141532759,2024,141532759,3,9,0,-1,19,6,2,-1,0,0,0,4,0,0,1,1,-1,6,3,-1,-1,2993,2,11,BMW 6 SERIES,-1,-1,0,-1
2024201522450,2024,201522450,2,9,0,-1,2,0,0,-1,0,1,0,0,0,0,2,1,-1,6,1,31,6,2979,1,13,BMW 6 SERIES,1,E01010478,0,4
2024052402440,2024,052402440,1,9,0,18,19,8,4,0,0,0,0,0,0,0,1,1,1,1,1,36,7,2993,2,9,BMW 6 SERIES,6,E01032734,0,5
2024451531121,2024,451531121,1,9,0,-1,5,7,1,-1,0,1,0,0,0,0,1,1,-1,9,1,34,6,2993,2,7,BMW 6 SERIES,4,E01002346,0,4
2024141475640,2024,141475640,1,9,0,-1,19,2,6,-1,-1,4,0,0,7,10,1,1,-1,6,1,40,7,2996,1,18,BMW 6 SERIES,2,E01007333,0,2
2024631530187,2024,631530187,2,9,0,-1,5,2,6,-1,0,6,0,0,0,0,1,1,-1,7,2,41,7,2993,2,12,BMW 6 SERIES,1,E01010464,0,5
2024411470746,2024,411470746,2,9,0,-1,4,8,4,-1,0,0,0,0,0,0,2,1,-1,2,1,48,8,2993,2,6,BMW 6 SERIES,9,E01023823,0,1
2024010541809,2024,010541809,1,9,0,12,12,7,3,0,0,0,0,0,0,0,2,1,6,6,1,22,5,2996,1,18,BMW 6 SERIES,2,E01004444,0,3
2024451433643,2024,451433643,1,9,0,-1,9,7,2,-1,0,0,0,0,0,0,0,9,-1,6,1,52,8,2993,2,12,BMW 6 SERIES,3,E01000111,0,4
2024010531000,2024,010531000,1,9,0,18,19,7,3,0,0,1,0,0,1,0,1,1,6,6,2,46,8,2993,2,7,BMW 6 SERIES,8,E01003677,0,1
2024061505251,2024,061505251,1,9,0,-1,19,1,1,-1,0,0,0,0,0,0,1,2,-1,6,3,30,6,2993,2,12,BMW 6 SERIES,-1,-1,0,-1
2024161422194,2024,161422194,1,9,0,-1,19,5,1,-1,0,0,0,0,0,0,1,1,-1,6,2,30,6,2993,2,10,BMW 6 SERIES,-1,-1,0,-1
2024010549575,2024,010549575,3,9,0,-1,-1,1,5,0,0,2,0,0,1,0,1,1,6,6,1,53,8,1998,1,6,BMW 6 SERIES,2,E01003092,0,1
2024052402800,2024,052402800,1,9,0,9,9,3,7,0,0,8,0,0,0,0,1,1,2,2,1,43,7,2993,2,11,BMW 6 SERIES,6,E01007183,0,3
2024401472397,2024,401472397,2,9,0,-1,2,0,0,-1,0,2,0,0,0,0,2,1,-1,6,1,40,7,1995,2,5,BMW 6 SERIES,-1,-1,0,-1
2024041518389,2024,041518389,1,9,0,-1,9,1,7,-1,0,6,0,0,0,0,1,1,-1,9,1,48,8,2993,2,10,BMW 6 SERIES,3,E01012715,0,1
2024052402224,2024,052402224,1,9,0,18,19,8,5,0,0,1,0,0,3,11,1,1,6,6,3,-1,-1,2993,2,11,BMW 6 SERIES,-1,-1,0,-1
2024010544514,2024,010544514,2,9,0,99,99,9,9,99,99,9,9,99,9,99,2,9,6,6,1,33,6,2993,2,7,BMW 6 SERIES,8,E01000227,0,1
2024471466570,2024,471466570,2,9,0,-1,2,2,6,-1,0,0,0,0,0,0,3,9,-1,6,3,-1,-1,4398,1,20,BMW 6 SERIES,-1,-1,0,-1
2024211508595,2024,211508595,1,9,0,-1,19,7,3,-1,0,0,0,0,1,0,1,1,-1,9,1,54,8,2993,2,16,BMW 6 SERIES,4,E01029857,0,1
2024010488842,2024,010488842,1,9,0,18,19,1,5,0,0,1,0,0,0,0,1,1,6,6,1,54,8,2996,1,19,BMW 6 SERIES,5,E01000242,0,3
2024430185471,2024,430185471,2,9,0,10,10,2,8,0,0,1,0,0,0,0,2,1,2,2,1,63,9,2993,2,8,BMW 6 SERIES,3,E01016511,0,1
2024201508534,2024,201508534,1,9,0,-1,19,8,4,-1,2,0,0,0,0,0,1,1,-1,6,1,21,5,2993,2,9,BMW 6 SERIES,-1,-1,0,-1
2024061473644,2024,061473644,1,9,0,-1,19,7,3,-1,0,0,0,10,0,0,1,1,-1,6,2,51,8,2993,2,5,BMW 6 SERIES,7,E01005330,0,1
2024010535006,2024,010535006,2,9,0,99,99,9,9,99,99,6,9,99,9,99,1,9,6,6,1,-1,-1,1998,1,5,BMW 6 SERIES,-1,-1,0,-1
2024052402271,2024,052402271,1,9,0,18,19,7,3,0,0,6,0,0,0,0,1,1,2,2,1,38,7,2993,2,10,BMW 6 SERIES,1,E01034400,0,2
2024010493764,2024,010493764,2,9,0,99,99,9,9,99,99,9,9,99,9,99,2,9,6,6,1,41,7,2996,1,14,BMW 6 SERIES,4,E01001225,0,4
2024201528962,2024,201528962,2,9,0,-1,19,7,3,-1,0,8,0,0,0,0,1,1,-1,6,1,41,7,2993,2,8,BMW 6 SERIES,-1,-1,0,-1
2024031529233,2024,031529233,1,9,0,-1,9,5,5,-1,0,2,0,0,0,0,1,1,-1,9,1,38,7,2993,2,8,BMW 6 SERIES,9,E01019396,0,1
2024401441103,2024,401441103,1,9,0,-1,7,7,1,-1,0,1,0,0,3,2,1,1,-1,6,1,35,6,2993,2,6,BMW 6 SERIES,8,E01015747,0,1
2024421526139,2024,421526139,1,9,0,-1,9,1,7,-1,0,8,0,0,0,0,3,1,-1,6,1,31,6,2996,1,18,BMW 6 SERIES,2,E01001553,0,4
2024421440955,2024,421440955,1,9,0,-1,19,4,8,-1,0,0,0,0,0,0,1,1,-1,9,1,52,8,2979,1,13,BMW 6 SERIES,2,E01021286,0,1
2024471508405,2024,471508405,2,9,0,-1,19,4,8,-1,0,1,0,0,0,0,1,1,-1,6,1,-1,-1,3000,2,15,BMW 6 SERIES,-1,-1,0,-1
2024991497507,2024,991497507,1,9,0,-1,5,1,6,-1,0,4,0,0,0,0,1,1,-1,6,1,73,10,2993,2,12,BMW 6 SERIES,-1,-1,0,-1
2024501414358,2024,501414358,2,9,0,-1,6,1,4,-1,0,8,0,0,0,0,3,9,-1,9,1,46,8,3430,1,40,BMW 6 SERIES,9,E01019937,0,1
2024010543210,2024,010543210,1,9,0,18,19,5,1,0,0,0,0,0,0,0,1,1,3,7,1,47,8,2993,2,9,BMW 6 SERIES,6,E01002246,0,1
2024131460528,2024,131460528,1,9,0,-1,4,1,5,-1,0,0,0,0,0,0,2,1,-1,1,2,23,5,2993,2,11,BMW 6 SERIES,9,E01010681,0,3
2024070049933,2024,070049933,4,5,0,18,19,4,8,0,0,0,0,0,0,0,1,1,6,6,1,70,10,1078,1,17,-1,3,E01006626,0,3
2024631479205,2024,631479205,1,9,0,-1,4,5,1,-1,0,0,0,0,0,0,2,1,-1,9,1,74,10,1910,2,17,-1,5,W01000541,0,4
2024552400154,2024,552400154,1,9,0,9,9,1,7,0,0,8,0,0,0,0,3,1,6,6,3,-1,-1,1910,2,18,-1,-1,-1,0,-1
2024501456867,2024,501456867,1,9,0,-1,19,6,2,-1,0,0,5,0,2,10,1,2,-1,2,1,52,8,1910,2,17,-1,5,E01034642,0,1
2024141539337,2024,141539337,2,9,0,-1,19,7,1,-1,0,0,0,0,0,0,1,9,-1,6,3,-1,-1,1586,1,17,-1,-1,-1,0,-1
2024522401101,2024,522401101,2,2,0,18,19,4,8,0,0,1,0,0,0,0,1,1,6,6,1,16,4,49,1,20,-1,5,E01014927,0,1
2024421416998,2024,421416998,1,5,0,-1,-1,6,2,-1,-1,0,0,0,0,0,1,1,-1,-1,1,40,7,748,1,27,-1,1,E01021323,0,3
202460Q104907,2024,60Q104907,1,4,0,13,13,1,5,0,0,1,0,0,0,0,1,1,6,6,1,42,7,249,1,8,-1,-1,-1,0,-1
2024320379953,2024,320379953,2,17,4,9,9,3,1,0,0,6,0,0,0,0,0,1,1,1,1,26,6,4400,2,6,-1,5,E01026407,0,2
2024351437036,2024,351437036,2,17,0,-1,19,1,5,-1,0,0,0,0,0,0,2,1,-1,1,1,62,9,48000,2,2,-1,8,E01018054,0,3
2024231524251,2024,231524251,2,9,0,-1,10,4,2,-1,0,0,0,0,0,0,2,9,-1,6,2,38,7,1956,2,6,JEEP COMPASS,6,E01031240,0,1
2024622500002,2024,622500002,2,9,0,2,2,0,0,0,0,0,0,0,0,0,1,1,6,6,3,-1,-1,1598,2,5,JEEP COMPASS,-1,-1,0,-1
2024010549097,2024,010549097,1,9,0,5,5,1,5,0,0,4,0,0,0,0,1,1,6,6,1,76,11,1332,8,1,JEEP COMPASS,7,E01002982,0,1
2024401522015,2024,401522015,1,9,0,-1,6,1,5,-1,0,0,0,0,4,0,1,1,-1,1,2,53,8,1368,1,4,JEEP COMPASS,7,E01017623,0,1
2024201517437,2024,201517437,2,9,0,-1,3,5,1,-1,0,0,0,0,0,0,2,1,-1,9,1,59,9,1368,1,3,JEEP COMPASS,4,E01014206,0,4
2024411429666,2024,411429666,1,9,0,-1,19,5,1,-1,0,2,2,0,7,0,3,1,-1,2,1,23,5,1332,8,1,JEEP COMPASS,4,E01034744,0,5
2024010541454,2024,010541454,2,9,0,11,11,7,3,0,0,3,0,0,0,0,4,1,6,6,1,61,9,2359,1,10,JEEP COMPASS,-1,-1,0,-1
2024411471110,2024,411471110,2,9,0,-1,3,3,7,-1,0,2,0,0,0,0,1,1,-1,6,2,45,7,1368,1,3,JEEP COMPASS,2,E01023920,0,1
2024041482880,2024,041482880,1,9,0,-1,11,3,7,-1,0,0,0,0,0,0,1,1,-1,6,1,33,6,1332,8,1,JEEP COMPASS,6,E01025078,0,1
2024411515598,2024,411515598,1,9,-1,-1,-1,-1,-1,-1,-1,0,-1,-1,-1,0,-1,9,-1,6,1,47,8,1368,1,6,JEEP COMPASS,3,E01001970,0,4
2024010549567,2024,010549567,2,9,0,99,99,9,9,99,99,9,9,99,9,99,9,9,6,6,3,-1,-1,1332,1,2,JEEP COMPASS,-1,-1,0,-1
2024411503304,2024,411503304,2,9,0,-1,4,3,7,-1,0,1,0,0,0,0,2,1,-1,6,2,56,9,1368,1,3,JEEP COMPASS,5,E01023535,0,1
2024211452183,2024,211452183,1,9,0,-1,19,7,3,-1,0,0,0,0,0,0,1,1,-1,6,2,42,7,1368,1,3,JEEP COMPASS,6,E01029645,0,1
2024430430769,2024,430430769,2,9,0,4,4,6,2,0,0,1,0,0,0,0,2,1,6,6,1,40,7,1956,2,6,JEEP COMPASS,8,E01028784,0,3
2024041414711,2024,041414711,1,9,0,-1,9,2,8,-1,0,1,0,0,0,0,1,1,-1,9,2,39,7,1368,1,5,JEEP COMPASS,4,E01024894,0,2
2024401419297,2024,401419297,1,9,0,-1,-1,-1,-1,-1,-1,-1,0,-1,-1,0,-1,9,-1,6,2,-1,-1,1368,1,6,JEEP COMPASS,9,E01021787,0,4
2024520402806,2024,520402806,1,9,0,18,19,8,4,0,0,0,0,0,1,11,1,1,6,6,1,59,9,1368,1,5,JEEP COMPASS,5,E01015587,0,5
2024010539866,2024,010539866,1,9,0,18,19,8,4,0,0,0,0,0,0,0,1,1,2,2,2,22,5,1368,1,4,JEEP COMPASS,8,E01004703,0,1
2024421526781,2024,421526781,2,9,0,-1,19,3,7,-1,0,0,0,0,0,0,4,1,-1,6,2,26,6,1332,8,1,JEEP COMPASS,1,E01022025,0,4
2024332400625,2024,332400625,1,9,0,-1,2,0,0,-1,0,0,0,0,0,0,0,1,-1,9,1,40,7,1332,8,1,JEEP COMPASS,7,E01025765,0,1
2024501468411,2024,501468411,1,9,0,-1,19,7,1,-1,0,1,0,0,1,4,1,1,-1,9,2,78,11,1332,8,2,JEEP COMPASS,8,E01019915,0,1
2024411460386,2024,411460386,3,9,0,-1,13,5,1,-1,0,0,0,0,0,0,0,1,-1,6,1,31,6,1469,1,0,JEEP COMPASS,5,E01023331,0,2
2024061487042,2024,061487042,2,9,0,-1,19,5,1,-1,0,0,1,0,1,0,3,1,-1,9,2,23,5,1598,2,6,JEEP COMPASS,2,E01006030,0,3
2024430278606,2024,430278606,1,9,0,5,5,3,7,0,0,1,0,0,0,0,1,1,6,6,2,31,6,1332,8,0,JEEP COMPASS,8,E01016255,0,2
2024052402300,2024,052402300,1,9,0,2,2,0,0,0,0,0,0,0,0,0,3,1,6,6,3,-1,-1,1368,1,6,JEEP COMPASS,-1,-1,0,-1
2024131414297,2024,131414297,2,9,0,-1,19,7,3,-1,0,8,0,0,0,0,2,1,-1,6,2,27,6,1368,1,3,JEEP COMPASS,2,E01013448,0,4