collision_index,collision_year,collision_ref_no,vehicle_reference,vehicle_type,towing_and_articulation,vehicle_manoeuvre_historic,vehicle_manoeuvre,vehicle_direction_from,vehicle_direction_to,vehicle_location_restricted_lane_historic,vehicle_location_restricted_lane,junction_location,skidding_and_overturning,hit_object_in_carriageway,vehicle_leaving_carriageway,hit_object_off_carriageway,first_point_of_impact,vehicle_left_hand_drive,journey_purpose_of_driver_historic,journey_purpose_of_driver,sex_of_driver,age_of_driver,age_band_of_driver,engine_capacity_cc,propulsion_code,age_of_vehicle,generic_make_model,driver_imd_decile,lsoa_of_driver,escooter_flag,driver_distance_banding
2024461482873,2024,461482873,2,9,0,-1,4,3,7,-1,0,0,0,0,0,0,2,9,-1,6,2,22,5,1332,8,2,JEEP COMPASS,9,E01024139,0,1
2024361475743,2024,361475743,2,9,0,-1,3,7,3,-1,0,0,0,0,0,0,2,1,-1,9,1,26,6,1598,2,6,JEEP COMPASS,1,E01018103,0,3
2024010489917,2024,010489917,1,9,0,9,9,1,8,0,0,6,0,0,1,0,1,1,2,2,1,24,5,1598,2,5,JEEP COMPASS,3,E01003069,0,1
2024501505939,2024,501505939,2,9,0,-1,2,0,0,-1,0,0,0,4,0,0,3,1,-1,6,-1,-1,-1,1368,1,3,JEEP COMPASS,-1,-1,0,-1
2024552401303,2024,552401303,1,9,0,18,19,2,6,0,0,8,0,0,0,0,3,1,6,6,1,26,6,2359,1,12,JEEP COMPASS,7,E01029070,0,4
2024052401797,2024,052401797,1,9,0,18,19,1,5,0,0,0,0,0,2,3,1,1,6,6,1,39,7,1469,8,1,JEEP COMPASS,8,E01006519,0,1
2024141483486,2024,141483486,1,9,0,-1,19,1,1,-1,0,0,0,11,1,4,1,1,-1,6,1,41,7,1368,1,6,JEEP COMPASS,2,E01028269,0,4
2024471500754,2024,471500754,2,9,0,-1,19,4,8,-1,0,0,0,0,0,0,1,1,-1,9,2,59,9,1332,1,2,JEEP COMPASS,7,E01024803,0,3
2024451400110,2024,451400110,1,9,0,-1,19,3,1,-1,0,0,0,0,0,0,1,9,-1,6,1,65,9,1368,1,6,JEEP COMPASS,4,E01030551,0,1
2024211436498,2024,211436498,1,9,0,-1,19,1,5,-1,0,0,1,7,0,0,1,1,-1,9,1,28,6,1332,8,1,JEEP COMPASS,1,E01004879,0,5
2024161477469,2024,161477469,1,9,0,-1,19,7,3,-1,0,1,0,0,0,0,1,9,-1,2,2,56,9,1368,1,5,JEEP COMPASS,6,E01012810,0,1
2024471499915,2024,471499915,1,9,0,-1,9,1,8,-1,0,5,0,0,0,0,3,1,-1,9,2,46,8,2359,1,15,JEEP COMPASS,6,E01031705,0,1
2024631490666,2024,631490666,2,9,0,-1,19,1,5,-1,0,0,0,0,0,0,4,1,-1,9,1,34,6,1368,1,4,JEEP COMPASS,4,W01001286,0,4
2024371397290,2024,371397290,2,9,0,-1,19,4,8,-1,0,8,0,0,0,0,4,1,-1,2,2,48,8,1368,1,3,JEEP COMPASS,3,E01030109,0,1
2024991486167,2024,991486167,1,9,0,-1,19,5,1,-1,0,0,0,0,0,0,3,1,-1,9,1,30,6,1332,8,1,JEEP COMPASS,8,-1,0,1
2024010515513,2024,010515513,2,9,0,99,99,9,9,99,99,9,9,99,9,99,9,9,6,6,2,30,6,1998,1,10,JEEP COMPASS,4,E01014138,0,5
2024070685941,2024,070685941,1,9,0,4,4,3,7,0,0,1,0,0,0,0,0,1,1,1,2,47,8,1332,8,1,JEEP COMPASS,6,E01007287,0,4
2024471424712,2024,471424712,2,9,0,-1,10,1,5,-1,0,5,0,0,0,0,3,1,-1,2,1,53,8,1968,2,17,JEEP COMPASS,7,E01028521,0,5
2024471441389,2024,471441389,1,9,0,-1,9,3,1,-1,0,5,0,0,0,0,1,1,-1,9,2,56,9,1368,1,6,JEEP COMPASS,3,E01031459,0,1
2024401578226,2024,401578226,1,9,0,-1,19,2,6,-1,0,0,0,0,0,0,1,1,-1,6,1,-1,-1,1469,8,1,JEEP COMPASS,10,E01017563,0,1
2024440010020,2024,440010020,1,9,0,3,3,1,5,0,0,0,0,0,0,0,2,1,6,6,1,59,9,1368,1,6,JEEP COMPASS,6,E01000352,0,5
2024451512337,2024,451512337,2,9,0,-1,9,2,6,-1,0,5,0,0,0,0,1,1,-1,9,2,58,9,1368,1,5,JEEP COMPASS,9,E01003418,0,1
2024430298271,2024,430298271,2,9,0,18,19,5,2,0,0,7,0,0,0,0,2,1,6,6,2,25,5,1368,1,6,JEEP COMPASS,-1,-1,0,-1
2024010525665,2024,010525665,4,9,0,2,2,0,0,0,0,0,0,0,0,0,1,1,6,6,3,-1,-1,1368,1,3,JEEP COMPASS,-1,-1,0,-1
2024351421912,2024,351421912,2,9,0,-1,4,1,7,-1,0,2,0,0,0,0,2,1,-1,9,1,63,9,1332,8,1,JEEP COMPASS,6,E01035547,0,1
2024131441851,2024,131441851,1,9,0,-1,4,5,1,-1,0,1,0,0,0,0,4,1,-1,6,1,42,7,1332,8,2,JEEP COMPASS,4,E01011395,0,4
2024041534483,2024,041534483,2,9,0,-1,19,1,5,-1,0,0,0,0,0,0,3,1,-1,6,1,55,8,1598,2,5,JEEP COMPASS,5,E01025053,0,1
2024451482455,2024,451482455,2,9,0,-1,2,0,0,-1,9,0,1,4,0,0,2,1,-1,6,-1,-1,-1,1332,8,2,JEEP COMPASS,-1,-1,0,-1
2024161539374,2024,161539374,2,3,0,-1,3,7,4,-1,0,1,5,0,0,0,2,1,-1,1,1,25,5,124,1,20,-1,1,E01013080,0,3
2024010534912,2024,010534912,1,9,0,18,19,3,7,0,0,1,0,0,0,0,1,1,6,6,1,37,7,6498,1,7,-1,8,E01004762,0,2
2024201407205,2024,201407205,2,9,0,-1,2,0,0,-1,0,0,0,0,0,0,1,9,-1,9,1,71,10,2143,2,7,MERCEDES C CLASS,2,E01010019,0,1
2024501398774,2024,501398774,1,9,0,-1,9,2,6,-1,0,1,0,0,0,0,1,9,-1,6,1,70,10,1998,1,22,MERCEDES C CLASS,4,E01020290,0,2
2024461492728,2024,461492728,1,9,0,-1,5,7,3,-1,0,0,0,0,0,0,4,1,-1,1,1,65,9,1796,1,15,MERCEDES C CLASS,3,E01003298,0,4
2024522403089,2024,522403089,1,9,0,18,19,6,2,0,0,8,0,0,0,0,1,1,6,6,1,-1,-1,2148,2,18,MERCEDES C CLASS,-1,-1,0,-1
2024131428463,2024,131428463,1,9,0,-1,19,1,5,-1,0,0,0,0,7,7,1,1,-1,9,1,39,7,2143,2,9,MERCEDES C CLASS,1,E01011312,0,1
2024451527926,2024,451527926,1,9,0,-1,19,7,3,-1,1,0,0,0,1,0,2,1,-1,9,1,53,8,2143,2,9,MERCEDES C CLASS,10,E01034725,0,2
2024471454017,2024,471454017,1,9,0,-1,13,6,2,-1,0,2,0,0,0,0,1,1,-1,6,2,27,6,1796,1,17,MERCEDES C CLASS,3,E01031492,0,1
2024411399831,2024,411399831,2,9,0,-1,19,7,3,-1,0,0,0,0,0,0,1,1,-1,6,1,51,8,2143,2,10,MERCEDES C CLASS,8,E01023917,0,3
2024141459929,2024,141459929,1,9,0,-1,19,5,1,-1,0,0,0,0,0,0,2,1,-1,6,2,33,6,2143,2,9,MERCEDES C CLASS,7,E01007811,0,2
2024010492970,2024,010492970,1,9,0,9,9,5,2,0,0,8,0,0,0,0,1,1,6,6,2,40,7,2143,2,14,MERCEDES C CLASS,5,E01003739,0,1
2024122500088,2024,122500088,2,9,0,18,19,3,7,0,0,0,0,0,0,0,1,1,2,2,2,22,5,1497,8,4,MERCEDES C CLASS,7,E01027680,0,3
2024061505705,2024,061505705,1,9,0,-1,19,3,7,-1,0,0,1,0,0,0,3,1,-1,9,1,20,4,2148,2,16,MERCEDES C CLASS,9,E01019734,0,3
2024471478594,2024,471478594,1,9,0,-1,19,1,5,-1,0,0,0,0,0,0,1,9,-1,6,2,28,6,1796,1,17,MERCEDES C CLASS,3,E01031492,0,1
2024340WN3092,2024,340WN3092,2,9,0,-1,19,3,7,-1,0,0,0,0,0,0,1,1,-1,2,1,33,6,2143,2,11,MERCEDES C CLASS,4,E01027245,0,1
2024010504581,2024,010504581,1,9,0,3,3,6,2,0,0,0,0,0,0,0,2,1,6,6,2,54,8,1796,1,21,MERCEDES C CLASS,6,E01002653,0,1
2024332400153,2024,332400153,2,9,0,-1,19,2,6,-1,0,2,5,0,0,0,1,1,-1,6,2,48,8,1991,1,9,MERCEDES C CLASS,1,E01013755,0,1
2024141467050,2024,141467050,1,9,0,-1,5,7,5,-1,0,6,0,0,0,0,1,1,-1,9,1,27,6,2143,2,7,MERCEDES C CLASS,1,E01007947,0,2
2024010529614,2024,010529614,1,9,0,99,99,9,9,99,99,9,9,99,9,99,9,9,6,6,1,26,6,1497,8,5,MERCEDES C CLASS,3,E01003911,0,1
2024010528918,2024,010528918,2,9,0,99,99,9,9,99,99,9,9,99,9,99,9,9,6,6,3,-1,-1,2143,2,7,MERCEDES C CLASS,-1,-1,0,-1
2024542273124,2024,542273124,1,9,0,18,19,6,2,0,0,0,0,0,0,0,1,1,6,6,1,78,11,2148,2,19,MERCEDES C CLASS,9,E01031946,0,1
2024061501302,2024,061501302,2,9,0,-1,2,-1,-1,-1,0,5,0,0,0,0,4,1,-1,6,3,-1,-1,2143,2,11,MERCEDES C CLASS,-1,-1,0,-1
2024461490412,2024,461490412,2,9,-1,-1,19,-1,-1,-1,0,0,0,0,0,0,2,9,-1,6,1,40,7,2143,2,10,MERCEDES C CLASS,3,E01024239,0,4
2024631499092,2024,631499092,1,9,0,-1,5,7,6,-1,0,6,1,0,1,10,3,1,-1,6,1,72,10,2143,2,13,MERCEDES C CLASS,6,W01000519,0,1
2024440104071,2024,440104071,1,9,0,5,5,7,3,0,0,1,0,0,0,0,1,1,6,6,1,70,10,1796,1,17,MERCEDES C CLASS,3,E01022680,0,1
2024010509202,2024,010509202,1,9,0,12,12,1,5,0,0,8,0,0,0,0,1,1,2,2,1,66,10,1796,1,18,MERCEDES C CLASS,8,E01004726,0,1
2024161520154,2024,161520154,1,9,0,-1,19,1,5,-1,0,1,0,0,0,0,1,1,-1,2,1,39,7,2143,2,9,MERCEDES C CLASS,1,E01012856,0,1
2024411470787,2024,411470787,2,9,0,-1,5,3,7,-1,0,4,0,0,0,0,1,1,-1,6,2,30,6,2143,2,10,MERCEDES C CLASS,9,E01023507,0,2
2024501486468,2024,501486468,1,9,0,-1,19,3,7,-1,0,0,0,0,0,0,1,1,-1,9,2,51,8,2143,2,9,MERCEDES C CLASS,10,E01019895,0,1
2024010538643,2024,010538643,1,9,0,18,19,6,2,0,0,1,0,0,0,0,4,1,6,6,1,34,6,2143,2,8,MERCEDES C CLASS,1,E01016842,0,4
2024010500489,2024,010500489,1,9,0,9,9,5,3,0,0,8,0,0,0,0,0,1,6,6,1,63,9,1991,1,7,MERCEDES C CLASS,3,E01001136,0,1
2024010509922,2024,010509922,1,9,0,13,13,5,1,9,9,0,1,4,1,0,1,1,6,6,1,25,5,2143,2,10,MERCEDES C CLASS,3,E01004231,0,1
2024061458324,2024,061458324,2,9,-1,-1,19,2,6,-1,0,1,0,0,0,0,3,9,-1,6,1,21,5,2143,2,10,MERCEDES C CLASS,1,E01004879,0,3
2024311481897,2024,311481897,1,9,0,-1,9,1,5,-1,0,1,0,0,0,0,1,1,-1,9,1,73,10,2143,2,12,MERCEDES C CLASS,10,E01028216,0,1
2024361538389,2024,361538389,2,9,0,-1,19,7,3,-1,0,1,0,0,0,0,2,1,-1,6,1,69,10,2143,2,6,MERCEDES C CLASS,3,E01026740,0,4
2024501394829,2024,501394829,1,9,0,-1,19,2,7,-1,0,0,1,0,1,0,1,1,-1,6,1,49,8,1999,8,1,MERCEDES C CLASS,1,E01015267,0,1
2024332400176,2024,332400176,1,9,0,-1,3,7,3,-1,0,1,0,0,0,0,2,1,-1,9,1,38,7,1796,1,13,MERCEDES C CLASS,3,E01031059,0,4
2024201525335,2024,201525335,1,9,0,-1,19,5,1,-1,0,0,0,0,0,0,1,1,-1,2,1,57,9,2143,2,9,MERCEDES C CLASS,1,E01008899,0,1
2024010497640,2024,010497640,1,9,0,18,19,1,5,0,0,2,0,0,0,0,1,1,6,6,2,40,7,2143,2,7,MERCEDES C CLASS,10,E01030350,0,1
2024541844624,2024,541844624,1,9,0,18,19,1,5,2,2,0,0,0,1,10,1,1,2,2,1,21,5,1796,1,17,MERCEDES C CLASS,10,E01015512,0,1
2024311471395,2024,311471395,2,9,0,-1,19,5,1,-1,0,1,0,0,0,0,1,1,-1,9,1,66,10,1595,1,9,MERCEDES C CLASS,4,E01028045,0,2
2024141463427,2024,141463427,1,9,0,-1,3,7,3,-1,0,1,0,0,0,0,2,1,-1,9,1,29,6,2143,2,10,MERCEDES C CLASS,1,E01007378,0,1
2024371408644,2024,371408644,2,9,0,-1,10,7,3,-1,0,1,0,0,0,0,2,1,-1,6,1,53,8,2143,2,10,MERCEDES C CLASS,9,E01030122,0,1
2024440069132,2024,440069132,2,9,0,18,19,1,5,0,0,1,0,0,0,0,3,1,6,6,2,31,6,2143,2,10,MERCEDES C CLASS,8,E01017178,0,1
2024031450917,2024,031450917,1,9,0,-1,19,8,4,-1,0,1,1,0,6,0,4,1,-1,9,2,28,6,2987,2,14,MERCEDES C CLASS,6,E01019308,0,3
2024010510728,2024,010510728,2,9,0,10,10,5,3,0,0,1,0,0,0,0,3,1,2,2,1,37,7,1991,8,8,MERCEDES C CLASS,2,E01016450,0,3
2024010516811,2024,010516811,1,9,0,99,99,9,9,99,99,9,9,99,9,99,9,9,6,6,3,81,11,1796,1,14,MERCEDES C CLASS,8,E01001307,0,1
2024401408907,2024,401408907,3,9,0,-1,4,-1,-1,-1,0,0,0,0,0,0,-1,9,-1,6,2,55,8,1497,1,5,MERCEDES C CLASS,2,E01003932,0,4
2024010538410,2024,010538410,3,9,0,2,2,0,0,8,6,2,0,10,8,10,3,1,6,6,3,-1,-1,1991,8,9,MERCEDES C CLASS,-1,-1,0,-1
2024461444945,2024,461444945,1,9,0,-1,19,4,5,-1,0,0,1,0,0,0,1,9,-1,6,1,-1,-1,2148,2,17,MERCEDES C CLASS,7,E01016139,0,1
2024010544626,2024,010544626,2,9,0,99,99,9,9,99,99,9,9,99,9,99,1,9,6,6,3,-1,-1,2496,1,17,MERCEDES C CLASS,-1,-1,0,-1
2024461526896,2024,461526896,1,9,0,-1,19,7,3,-1,0,0,0,4,0,0,1,1,-1,6,1,37,7,2143,2,7,MERCEDES C CLASS,5,E01024427,0,1
2024332400744,2024,332400744,1,9,0,-1,6,4,4,-1,0,0,0,0,0,0,1,1,-1,6,1,-1,-1,2143,2,9,MERCEDES C CLASS,-1,-1,0,-1
2024061532658,2024,061532658,2,9,0,-1,12,-1,-1,-1,-1,0,0,0,0,0,-1,9,-1,6,3,27,6,1950,2,4,MERCEDES C CLASS,1,E01005197,0,1
2024010488826,2024,010488826,2,9,0,99,99,9,9,99,99,9,9,99,9,99,9,9,6,6,3,-1,-1,1796,1,21,MERCEDES C CLASS,10,E01000813,0,1
2024351399803,2024,351399803,2,9,0,-1,4,-1,-1,-1,0,1,0,0,0,0,2,9,-1,9,1,38,7,2143,2,13,MERCEDES C CLASS,2,E01035542,0,1
2024010517911,2024,010517911,1,9,0,99,99,9,9,99,99,0,9,99,9,99,9,9,6,6,2,23,5,1496,8,2,MERCEDES C CLASS,3,E01004436,0,1
2024471406952,2024,471406952,2,9,0,-1,3,6,2,-1,0,0,0,0,0,0,2,1,-1,2,1,54,8,2143,2,6,MERCEDES C CLASS,6,E01021199,0,2
2024010499805,2024,010499805,1,9,0,5,5,7,3,0,0,4,0,0,0,0,1,1,6,6,2,54,8,1991,1,9,MERCEDES C CLASS,3,E01003829,0,2
2024461489159,2024,461489159,2,9,0,-1,4,6,2,-1,0,0,0,0,0,0,2,1,-1,9,2,44,7,1991,1,9,MERCEDES C CLASS,5,E01024005,0,4
2024501405926,2024,501405926,1,9,0,-1,19,6,8,-1,0,8,0,0,0,0,4,1,-1,2,1,22,5,1991,1,7,MERCEDES C CLASS,8,E01015128,0,1
2024141400448,2024,141400448,1,9,0,-1,19,7,3,-1,0,8,0,0,0,0,1,1,-1,9,2,32,6,1950,2,4,MERCEDES C CLASS,2,E01007636,0,3
2024471456456,2024,471456456,2,9,0,-1,4,2,6,-1,0,0,0,0,0,0,2,1,-1,9,2,43,7,2143,2,11,MERCEDES C CLASS,5,E01031771,0,3
2024471525880,2024,471525880,1,9,0,-1,3,1,5,-1,0,1,0,0,0,0,2,1,-1,2,2,40,7,1598,2,7,MERCEDES C CLASS,4,E01031547,0,1
2024010544396,2024,010544396,1,9,0,99,99,9,9,99,99,9,9,99,9,99,1,9,6,6,3,29,6,1991,1,9,MERCEDES C CLASS,2,E01003187,0,1
2024471530139,2024,471530139,1,9,0,-1,19,2,6,-1,0,0,0,0,0,0,1,1,-1,9,1,77,11,1950,2,5,MERCEDES C CLASS,7,E01031471,0,4
2024320042038,2024,320042038,1,9,0,-1,-1,8,4,0,0,2,0,0,0,0,1,1,6,6,1,45,7,2148,2,16,MERCEDES C CLASS,10,E01026198,0,3
2024010539647,2024,010539647,3,9,0,18,19,8,4,0,0,0,0,4,0,0,1,1,2,2,1,24,5,1950,2,5,MERCEDES C CLASS,5,E01000354,0,1
2024371472389,2024,371472389,1,9,0,-1,13,5,1,-1,0,0,0,0,0,0,3,1,-1,9,1,75,10,2143,2,13,MERCEDES C CLASS,10,E01030195,0,4
2024010520627,2024,010520627,1,9,0,18,19,7,3,0,0,0,0,0,0,0,1,1,6,6,1,65,9,1991,1,8,MERCEDES C CLASS,8,E01004149,0,1
2024010550372,2024,010550372,1,9,0,9,9,7,6,0,0,8,0,0,0,0,3,1,6,6,2,51,8,2143,2,8,MERCEDES C CLASS,-1,-1,0,-1
2024302401670,2024,302401670,2,9,0,-1,2,0,0,-1,0,0,0,0,0,0,2,1,-1,9,1,44,7,2143,2,6,MERCEDES C CLASS,10,E01034650,0,1
2024131536010,2024,131536010,2,9,0,-1,19,3,7,-1,0,1,0,0,0,0,1,1,-1,6,-1,18,4,2143,-1,9,MERCEDES C CLASS,-1,-1,0,-1
2024351413351,2024,351413351,1,9,0,-1,19,3,7,-1,0,0,1,0,1,0,1,1,-1,6,1,32,6,1950,2,5,MERCEDES C CLASS,9,E01018191,0,3
2024041393663,2024,041393663,1,9,0,-1,19,5,1,-1,0,0,0,0,0,0,1,1,-1,9,1,19,4,2143,2,9,MERCEDES C CLASS,3,E01010652,0,4
2024231459949,2024,231459949,1,9,0,-1,19,3,7,-1,0,0,1,0,1,4,1,1,-1,9,1,22,5,2143,2,12,MERCEDES C CLASS,4,E01009683,0,2
2024041446634,2024,041446634,1,9,0,-1,19,7,3,-1,0,0,0,0,1,4,1,1,-1,9,1,29,6,1796,1,14,MERCEDES C CLASS,3,E01006994,0,4
2024231503283,2024,231503283,2,9,0,-1,5,4,8,-1,0,0,0,0,0,0,2,1,-1,9,2,45,7,1796,1,13,MERCEDES C CLASS,9,E01028708,0,4
2024430015794,2024,430015794,2,9,0,2,2,0,0,6,6,0,0,0,1,9,2,1,6,6,1,55,8,2143,2,10,MERCEDES C CLASS,7,E01016305,0,4
2024332401015,2024,332401015,1,9,0,-1,19,5,1,-1,0,2,0,0,0,0,1,1,-1,9,1,29,6,2143,2,8,MERCEDES C CLASS,1,E01013651,0,1
2024131461129,2024,131461129,3,9,0,-1,19,3,7,-1,0,0,0,0,0,0,3,1,-1,6,2,46,8,2143,2,8,MERCEDES C CLASS,3,E01011718,0,2
2024545691724,2024,545691724,2,9,0,18,19,6,2,0,0,0,0,0,0,0,1,1,6,6,1,44,7,2148,2,18,MERCEDES C CLASS,-1,-1,0,-1
2024131516079,2024,131516079,2,9,0,-1,19,7,3,-1,0,0,1,0,0,0,1,1,-1,6,1,38,7,2148,2,15,MERCEDES C CLASS,7,E01010672,0,1
2024471509083,2024,471509083,1,9,0,-1,19,6,2,-1,0,0,0,0,0,0,1,1,-1,6,3,-1,-1,2148,2,15,MERCEDES C CLASS,-1,-1,0,-1
2024101529941,2024,101529941,1,9,0,-1,19,7,3,-1,0,0,0,0,7,0,1,1,-1,9,1,34,6,2143,2,11,MERCEDES C CLASS,2,E01008280,0,1
2024141499048,2024,141499048,2,9,0,-1,19,7,3,-1,0,0,0,0,1,1,1,1,-1,9,1,61,9,2143,2,10,MERCEDES C CLASS,1,E01008012,0,2
2024461451270,2024,461451270,1,9,0,-1,19,3,7,-1,0,1,0,0,0,0,1,9,-1,6,2,-1,-1,2143,2,9,MERCEDES C CLASS,5,E01024039,0,1
2024010530569,2024,010530569,1,9,3,18,19,3,7,0,0,1,0,0,0,0,3,1,6,6,1,44,7,1950,2,5,MERCEDES C CLASS,8,E01016122,0,4
2024010522125,2024,010522125,1,9,0,99,99,9,9,99,99,9,9,99,9,99,1,9,6,6,3,59,9,1991,1,6,MERCEDES C CLASS,8,E01000963,0,1
2024161452663,2024,161452663,1,9,0,-1,5,6,2,-1,0,6,0,0,0,0,1,1,-1,9,1,81,11,1496,8,1,MERCEDES C CLASS,10,E01013114,0,2
2024010508910,2024,010508910,2,9,0,5,5,5,1,0,0,0,0,0,0,0,1,1,6,6,1,54,8,1796,1,21,MERCEDES C CLASS,3,E01004402,0,1
2024201400394,2024,201400394,1,9,0,-1,5,8,4,-1,0,6,0,0,0,0,3,1,-1,6,1,62,9,2143,2,7,MERCEDES C CLASS,4,E01009276,0,1
2024311438963,2024,311438963,2,9,3,-1,2,5,5,-1,0,0,0,0,0,0,2,1,-1,6,1,32,6,2143,2,8,MERCEDES C CLASS,-1,-1,0,-1
2024440010197,2024,440010197,1,9,0,18,19,2,6,0,0,0,0,6,7,10,1,1,6,6,1,45,7,1796,1,20,MERCEDES C CLASS,8,E01022615,0,2
2024411440647,2024,411440647,3,9,0,-1,19,5,1,-1,0,0,0,0,0,0,1,1,-1,9,1,32,6,1796,1,18,MERCEDES C CLASS,6,E01032734,0,4
2024552400287,2024,552400287,1,9,0,9,9,7,4,0,0,6,0,0,0,0,3,1,2,2,1,29,6,2143,2,9,MERCEDES C CLASS,6,E01020510,0,1
2024501415586,2024,501415586,2,9,0,-1,9,4,2,-1,0,1,0,0,0,0,3,9,-1,6,1,23,5,2143,2,9,MERCEDES C CLASS,8,E01020008,0,1
2024010548165,2024,010548165,2,9,0,99,99,9,9,99,99,9,9,99,9,99,1,9,6,6,3,-1,-1,1991,8,8,MERCEDES C CLASS,-1,-1,0,-1
2024401427547,2024,401427547,3,9,0,-1,3,0,0,-1,0,1,0,0,0,0,4,1,-1,6,1,55,8,2143,2,12,MERCEDES C CLASS,5,E01015739,0,1
2024361415036,2024,361415036,2,9,0,-1,19,3,7,-1,0,1,0,0,7,11,1,1,-1,6,1,59,9,2148,2,19,MERCEDES C CLASS,5,E01026442,0,3
2024052402079,2024,052402079,1,8,0,18,19,7,3,0,0,8,0,0,0,0,1,1,1,1,3,-1,-1,1991,8,7,MERCEDES C CLASS,-1,-1,0,-1
2024471473079,2024,471473079,2,9,0,-1,2,0,0,-1,0,0,0,0,0,0,1,1,-1,6,-1,-1,-1,1497,8,4,MERCEDES C CLASS,-1,-1,0,-1
2024201502621,2024,201502621,2,9,0,-1,3,6,2,-1,0,0,0,0,0,0,2,1,-1,1,1,55,8,2143,2,11,MERCEDES C CLASS,1,E01009963,0,1
2024320159743,2024,320159743,1,9,0,-1,-1,6,2,0,0,1,0,0,0,0,1,1,6,6,2,37,7,2148,2,17,MERCEDES C CLASS,-1,-1,0,-1
2024361486099,2024,361486099,1,9,0,-1,19,8,6,-1,0,0,0,0,0,0,1,1,-1,6,1,72,10,1991,1,9,MERCEDES C CLASS,10,E01026568,0,1
2024522401919,2024,522401919,1,9,0,18,19,2,6,0,0,8,0,0,0,0,3,1,6,6,1,39,7,2148,2,15,MERCEDES C CLASS,9,E01014955,0,1
2024010502287,2024,010502287,1,9,0,3,3,7,3,0,0,8,0,0,0,0,1,1,6,6,1,29,6,1950,2,5,MERCEDES C CLASS,2,E01027340,0,4
2024451518622,2024,451518622,1,9,0,-1,19,8,4,-1,0,8,0,0,0,0,1,1,-1,9,2,38,7,2143,2,12,MERCEDES C CLASS,10,E01030961,0,1
2024141456076,2024,141456076,1,9,0,-1,19,8,4,-1,0,0,0,0,0,0,1,1,-1,9,2,24,5,2148,2,15,MERCEDES C CLASS,6,E01007689,0,1
2024141512406,2024,141512406,1,9,0,-1,9,1,7,-1,0,1,0,0,0,0,3,1,-1,9,1,23,5,1991,1,7,MERCEDES C CLASS,4,E01007434,0,1
2024010506863,2024,010506863,1,9,0,9,9,6,4,0,0,8,0,0,7,0,1,1,2,2,1,25,5,2143,2,10,MERCEDES C CLASS,4,E01003031,0,1
2024010550661,2024,010550661,2,9,0,18,19,7,3,0,0,1,0,0,0,0,1,1,6,6,1,34,6,1497,1,5,MERCEDES C CLASS,9,E01002575,0,1
2024061491158,2024,061491158,1,9,0,-1,9,6,4,-1,0,6,0,0,0,0,1,1,-1,2,1,41,7,1950,2,6,MERCEDES C CLASS,6,E01019524,0,4
2024010524140,2024,010524140,2,9,0,7,7,5,7,0,0,3,0,0,0,0,2,1,6,6,1,56,9,1991,8,9,MERCEDES C CLASS,6,E01004002,0,3
2024411499447,2024,411499447,1,9,0,-1,5,8,4,-1,0,1,0,0,0,0,1,1,-1,6,1,61,9,2143,2,7,MERCEDES C CLASS,4,E01023788,0,1
2024421444707,2024,421444707,1,9,0,-1,19,3,7,-1,0,0,0,0,8,0,3,1,-1,6,1,27,6,2148,2,16,MERCEDES C CLASS,2,E01004394,0,3
2024471521133,2024,471521133,2,9,0,-1,3,4,8,-1,0,4,0,0,0,0,2,1,-1,6,1,47,8,1950,2,6,MERCEDES C CLASS,10,E01021159,0,3
2024411510925,2024,411510925,2,9,0,-1,-1,-1,-1,-1,-1,-1,-1,-1,-1,0,1,9,-1,6,1,35,6,2143,2,8,MERCEDES C CLASS,5,E01023827,0,1
2024430015794,2024,430015794,3,9,0,2,2,0,0,6,6,0,0,0,1,9,2,1,6,6,3,-1,-1,2143,2,11,MERCEDES C CLASS,-1,-1,0,-1
2024010523890,2024,010523890,1,9,0,99,99,9,9,0,0,3,0,0,0,0,4,9,6,6,3,40,7,1991,1,6,MERCEDES C CLASS,2,E01001066,0,1
2024411521663,2024,411521663,1,9,0,-1,4,1,5,-1,0,1,0,0,0,0,1,1,-1,6,1,75,10,2143,2,6,MERCEDES C CLASS,9,E01023577,0,1
2024010529849,2024,010529849,1,8,0,4,4,6,2,0,0,8,0,0,0,0,4,2,1,1,1,63,9,1598,2,6,MERCEDES C CLASS,-1,-1,0,-1
2024440340353,2024,440340353,2,9,0,4,4,5,1,0,0,0,0,0,0,0,2,1,6,6,1,51,8,1595,1,11,MERCEDES C CLASS,6,E01017041,0,1
2024221462585,2024,221462585,1,9,0,-1,1,5,1,-1,0,0,0,0,0,0,2,1,-1,6,1,70,10,1796,1,13,MERCEDES C CLASS,5,E01032428,0,1