collision_index,collision_year,collision_ref_no,vehicle_reference,vehicle_type,towing_and_articulation,vehicle_manoeuvre_historic,vehicle_manoeuvre,vehicle_direction_from,vehicle_direction_to,vehicle_location_restricted_lane_historic,vehicle_location_restricted_lane,junction_location,skidding_and_overturning,hit_object_in_carriageway,vehicle_leaving_carriageway,hit_object_off_carriageway,first_point_of_impact,vehicle_left_hand_drive,journey_purpose_of_driver_historic,journey_purpose_of_driver,sex_of_driver,age_of_driver,age_band_of_driver,engine_capacity_cc,propulsion_code,age_of_vehicle,generic_make_model,driver_imd_decile,lsoa_of_driver,escooter_flag,driver_distance_banding
2024622400550,2024,622400550,2,9,0,4,4,8,4,0,0,0,0,0,0,0,2,1,6,6,2,33,6,1991,1,9,MERCEDES C CLASS,4,W01001218,0,1
2024471531850,2024,471531850,3,9,0,-1,19,5,1,-1,0,0,0,0,0,0,3,1,-1,9,1,74,10,2143,2,13,MERCEDES C CLASS,7,E01031438,0,2
2024101536532,2024,101536532,2,9,0,-1,2,0,0,-1,0,0,0,0,0,0,4,9,-1,9,1,24,5,1597,1,15,MERCEDES C CLASS,1,E01008398,0,1
2024552401072,2024,552401072,1,9,0,12,12,4,8,0,0,0,0,0,0,0,3,1,2,2,1,50,8,2143,2,8,MERCEDES C CLASS,9,E01029264,0,4
2024340NN3712,2024,340NN3712,2,9,0,-1,19,1,5,-1,0,8,0,0,0,0,1,1,-1,6,1,59,9,2143,2,13,MERCEDES C CLASS,3,E01027082,0,1
2024010541336,2024,010541336,1,9,0,18,19,1,5,0,0,1,0,0,0,0,1,1,6,6,1,40,7,2143,2,8,MERCEDES C CLASS,2,E01004674,0,1
2024010551417,2024,010551417,1,9,0,18,19,1,5,0,0,0,0,0,0,0,1,1,6,6,1,76,11,1796,1,21,MERCEDES C CLASS,8,E01000314,0,1
2024501474887,2024,501474887,2,9,0,-1,19,5,1,-1,0,1,0,0,1,11,3,1,-1,9,2,61,9,2148,2,18,MERCEDES C CLASS,7,E01018816,0,2
2024440175859,2024,440175859,3,9,0,2,2,0,0,0,0,0,0,0,0,0,3,1,6,6,1,44,7,2143,2,10,MERCEDES C CLASS,-1,-1,0,-1
2024520002897,2024,520002897,2,9,0,9,9,1,7,0,0,0,0,0,0,0,2,1,6,6,1,52,8,6208,1,11,MERCEDES C CLASS,7,E01014385,0,1
2024010514231,2024,010514231,2,9,0,7,7,7,1,0,0,1,0,0,0,0,1,2,6,6,2,23,5,2143,2,6,MERCEDES C CLASS,7,E01024712,0,4
2024010504429,2024,010504429,1,9,0,99,99,9,9,99,99,9,9,99,9,99,2,9,2,2,1,56,9,1991,1,8,MERCEDES C CLASS,6,E01001343,0,1
2024201520884,2024,201520884,3,9,0,-1,2,0,0,-1,0,0,1,0,0,0,4,1,-1,6,2,29,6,1950,2,5,MERCEDES C CLASS,2,E01009790,0,2
2024430234036,2024,430234036,2,9,0,18,19,3,7,0,0,0,0,0,0,0,1,1,1,1,2,39,7,1595,1,10,MERCEDES C CLASS,-1,-1,0,-1
2024411472414,2024,411472414,1,9,0,-1,5,4,8,-1,0,2,0,0,0,0,1,1,-1,6,1,81,11,1991,1,9,MERCEDES C CLASS,9,E01000191,0,1
2024111536746,2024,111536746,2,9,0,-1,3,1,5,-1,0,4,0,0,0,0,2,1,-1,9,1,23,5,2143,2,11,MERCEDES C CLASS,3,E01020638,0,4
2024545051624,2024,545051624,2,9,0,4,4,5,1,0,0,1,0,0,0,0,2,1,6,6,1,66,10,2148,2,18,MERCEDES C CLASS,10,E01031907,0,1
2024622400537,2024,622400537,1,9,0,9,9,8,6,0,0,1,0,0,0,0,2,1,6,6,1,30,6,6208,1,11,MERCEDES C CLASS,1,W01001707,0,4
2024010508626,2024,010508626,2,9,0,18,19,3,7,0,0,8,0,0,0,0,1,1,6,6,1,24,5,1497,1,6,MERCEDES C CLASS,8,E01033245,0,5
2024010544767,2024,010544767,2,9,0,99,99,9,9,99,99,9,9,99,9,99,9,9,6,6,3,-1,-1,1796,1,14,MERCEDES C CLASS,-1,-1,0,-1
2024122500202,2024,122500202,1,9,0,18,19,8,4,0,0,2,0,7,0,0,1,1,2,2,1,38,7,2143,2,13,MERCEDES C CLASS,3,E01012355,0,4
2024430167760,2024,430167760,1,9,0,18,19,8,4,0,0,1,0,0,0,0,1,1,6,6,1,29,6,2143,2,7,MERCEDES C CLASS,10,E01016528,0,1
2024010528512,2024,010528512,2,9,0,18,19,5,1,0,0,1,0,0,0,0,1,1,6,6,1,54,8,2143,12,7,MERCEDES C CLASS,1,-1,0,5
202460Q124765,2024,60Q124765,1,9,0,18,19,1,5,0,0,0,0,0,0,0,1,1,6,6,1,34,6,2143,2,6,MERCEDES C CLASS,-1,-1,0,-1
2024471422049,2024,471422049,1,9,0,-1,10,3,7,-1,0,1,0,0,0,0,1,1,-1,6,2,52,8,1991,1,7,MERCEDES C CLASS,5,E01031442,0,1
2024201510738,2024,201510738,1,9,0,-1,3,7,3,-1,0,4,0,0,0,0,1,1,-1,6,2,37,7,2143,2,9,MERCEDES C CLASS,5,E01031093,0,3
2024010527917,2024,010527917,1,9,0,99,99,9,9,99,99,9,9,99,9,99,9,9,6,6,2,26,6,2143,2,7,MERCEDES C CLASS,1,E01001410,0,4
2024010536313,2024,010536313,1,9,0,17,19,1,6,0,0,0,0,10,1,0,1,1,6,6,1,55,8,1991,1,7,MERCEDES C CLASS,9,E01002383,0,2
2024201501847,2024,201501847,1,9,0,-1,19,4,7,-1,0,1,1,10,8,3,1,1,-1,6,1,30,6,1999,8,2,MERCEDES C CLASS,2,E01010417,0,3
2024411471674,2024,411471674,6,9,0,-1,19,2,6,-1,0,0,0,0,0,0,0,1,-1,6,-1,-1,-1,1595,1,12,MERCEDES C CLASS,-1,-1,0,-1
2024010493142,2024,010493142,1,9,0,17,19,3,7,0,0,1,0,0,0,0,1,1,6,6,1,31,6,1597,1,15,MERCEDES C CLASS,6,E01003742,0,3
2024122400645,2024,122400645,1,9,0,13,13,7,3,0,0,1,0,0,7,0,1,1,2,2,3,46,8,2149,2,17,MERCEDES C CLASS,7,E01027867,0,4
2024010539468,2024,010539468,2,9,0,99,99,9,9,99,99,9,9,99,9,99,9,9,6,6,3,-1,-1,2143,2,7,MERCEDES C CLASS,-1,-1,0,-1
2024061471222,2024,061471222,2,9,-1,-1,4,7,3,-1,0,1,0,0,0,0,1,9,-1,6,2,69,10,2143,12,8,MERCEDES C CLASS,7,E01006396,0,1
2024421442483,2024,421442483,1,9,0,-1,3,1,5,-1,0,8,0,0,0,0,1,1,-1,6,3,-1,-1,6208,1,11,MERCEDES C CLASS,-1,-1,0,-1
2024010487534,2024,010487534,2,9,0,7,7,9,9,99,99,6,9,99,9,99,9,9,6,6,1,37,7,1993,12,2,MERCEDES C CLASS,3,E01003523,0,2
2024440005303,2024,440005303,1,9,0,9,9,6,4,0,0,6,0,0,0,0,3,1,6,6,1,83,11,1796,1,16,MERCEDES C CLASS,8,E01017352,0,1
2024451479832,2024,451479832,2,9,0,-1,19,7,3,-1,0,0,0,0,0,0,0,1,-1,6,1,80,11,2143,2,9,MERCEDES C CLASS,6,E01030464,0,1
2024201462228,2024,201462228,2,9,0,-1,19,4,8,-1,0,0,0,10,7,0,2,9,-1,2,1,28,6,2143,2,12,MERCEDES C CLASS,1,E01009192,0,1
2024010528354,2024,010528354,2,9,0,3,3,2,6,0,0,1,0,0,1,0,3,1,6,6,2,20,4,2143,12,7,MERCEDES C CLASS,5,E01000006,0,1
2024531500445,2024,531500445,2,9,0,-1,4,2,6,-1,0,8,0,0,0,0,2,1,-1,2,1,38,7,1991,1,6,MERCEDES C CLASS,2,E01022120,0,1
2024010514767,2024,010514767,2,9,0,18,19,7,3,0,0,8,0,0,0,0,1,1,6,6,3,-1,-1,1496,8,0,MERCEDES C CLASS,-1,-1,0,-1
2024010520483,2024,010520483,1,9,0,9,9,3,1,0,0,1,0,0,0,0,1,2,3,7,1,48,8,1497,1,5,MERCEDES C CLASS,4,E01003597,0,1
2024052400166,2024,052400166,2,9,0,18,19,2,6,0,0,8,0,0,0,0,4,1,6,6,1,68,10,1950,2,4,MERCEDES C CLASS,9,E01006986,0,4
2024161395105,2024,161395105,2,9,0,-1,19,1,5,-1,0,1,0,0,0,0,1,9,-1,6,2,-1,-1,2143,2,14,MERCEDES C CLASS,-1,-1,0,-1
2024010502976,2024,010502976,1,9,0,9,9,3,1,0,0,2,0,0,0,0,1,1,6,6,1,54,8,2143,2,8,MERCEDES C CLASS,9,E01030589,0,4
2024031464645,2024,031464645,2,9,0,-1,19,7,3,-1,0,0,5,0,0,0,2,1,-1,9,1,62,9,1796,1,20,MERCEDES C CLASS,8,E01019092,0,4
2024201542363,2024,201542363,1,9,0,-1,19,4,8,-1,0,8,0,0,0,0,1,9,-1,6,3,-1,-1,2143,2,11,MERCEDES C CLASS,-1,-1,0,-1
2024041395208,2024,041395208,2,9,0,-1,19,1,5,-1,0,8,0,0,0,0,3,1,-1,9,1,54,8,1796,1,12,MERCEDES C CLASS,3,E01025262,0,1
2024520401580,2024,520401580,1,9,0,18,19,5,1,0,0,0,5,0,1,10,1,1,6,6,2,23,5,2987,2,14,MERCEDES C CLASS,7,E01029147,0,1
2024520403296,2024,520403296,1,9,0,9,9,6,4,0,0,8,0,0,0,0,1,1,6,6,2,58,9,2143,2,7,MERCEDES C CLASS,6,E01020541,0,1
2024010513087,2024,010513087,1,8,0,99,99,9,9,99,99,9,9,99,9,99,1,9,1,1,1,33,6,1950,12,4,MERCEDES C CLASS,6,E01000318,0,1
2024421502709,2024,421502709,1,9,0,-1,19,3,7,-1,0,0,5,0,2,4,1,1,-1,6,1,48,8,1999,8,1,MERCEDES C CLASS,6,E01021414,0,1
2024221523459,2024,221523459,2,9,0,-1,3,7,3,-1,0,0,0,0,0,0,2,1,-1,9,2,46,8,1595,1,12,MERCEDES C CLASS,4,E01029867,0,4
2024010524574,2024,010524574,2,9,0,5,5,7,3,0,0,4,0,0,0,0,1,1,6,6,2,41,7,1991,8,8,MERCEDES C CLASS,-1,-1,0,-1
2024201520463,2024,201520463,1,9,0,-1,19,1,5,-1,0,0,0,0,0,0,1,1,-1,6,1,18,4,2143,2,11,MERCEDES C CLASS,3,E01010501,0,1
2024522500139,2024,522500139,1,9,0,3,3,2,6,0,0,1,0,0,0,0,2,1,6,6,1,30,6,2143,2,9,MERCEDES C CLASS,4,E01014401,0,3
2024201532132,2024,201532132,1,9,0,-1,15,3,7,-1,0,0,0,0,0,0,1,2,-1,6,3,40,7,1497,8,4,MERCEDES C CLASS,-1,-1,0,-1
2024430352317,2024,430352317,2,9,0,13,13,7,3,0,0,0,0,0,0,0,0,1,6,6,1,40,7,1991,1,8,MERCEDES C CLASS,10,E01023454,0,4
2024440287192,2024,440287192,1,9,0,18,19,1,5,0,0,0,1,0,1,0,1,1,6,6,1,37,7,2143,2,10,MERCEDES C CLASS,1,E01017250,0,1
2024231447100,2024,231447100,2,9,0,-1,4,2,1,-1,0,0,0,0,0,0,2,1,-1,6,1,63,9,2143,2,10,MERCEDES C CLASS,6,E01029473,0,4
2024320272710,2024,320272710,2,9,0,3,3,6,2,0,0,1,0,0,0,0,2,1,6,6,2,46,8,2143,2,14,MERCEDES C CLASS,-1,-1,0,-1
2024311461968,2024,311461968,1,9,0,-1,19,5,1,-1,0,1,0,0,0,0,1,1,-1,9,2,55,8,1999,8,1,MERCEDES C CLASS,7,E01026333,0,4
2024061467553,2024,061467553,2,9,0,-1,4,-1,-1,-1,0,1,0,0,0,0,3,1,-1,6,3,-1,-1,2143,2,10,MERCEDES C CLASS,-1,-1,0,-1
2024522403198,2024,522403198,2,9,0,18,19,8,4,0,0,0,0,0,0,0,1,1,6,6,3,-1,-1,2143,2,10,MERCEDES C CLASS,-1,-1,0,-1
2024010550050,2024,010550050,1,9,0,5,5,5,1,0,0,0,0,0,0,0,1,1,1,1,2,31,6,1497,8,5,MERCEDES C CLASS,5,E01002344,0,1
2024430531856,2024,430531856,1,9,0,3,3,8,4,0,0,0,0,0,0,0,2,1,6,6,1,77,11,2143,2,7,MERCEDES C CLASS,5,E01015746,0,4
2024131534921,2024,131534921,1,9,0,-1,7,1,1,-1,0,6,0,0,0,0,1,1,-1,9,1,32,6,2148,2,15,MERCEDES C CLASS,4,E01011044,0,2
2024010511240,2024,010511240,1,9,0,99,99,9,9,99,99,9,9,99,9,99,1,9,6,6,2,30,6,1796,1,14,MERCEDES C CLASS,6,E01034580,0,1
2024340WN4772,2024,340WN4772,1,9,0,-1,19,7,2,-1,0,0,0,0,0,0,1,1,-1,9,1,43,7,2148,2,22,MERCEDES C CLASS,3,E01027173,0,1
2024622400625,2024,622400625,2,9,0,2,2,0,0,0,0,1,0,0,0,0,1,1,6,6,3,-1,-1,2148,2,20,MERCEDES C CLASS,-1,-1,0,-1
2024010502718,2024,010502718,2,9,0,9,9,5,2,0,0,1,1,0,0,0,1,1,6,6,2,56,9,1796,1,16,MERCEDES C CLASS,10,E01023440,0,4
2024201447555,2024,201447555,1,9,0,-1,19,7,4,-1,0,8,0,10,3,2,1,1,-1,2,1,33,6,2143,2,10,MERCEDES C CLASS,6,E01010358,0,2
2024010544246,2024,010544246,1,9,0,7,7,3,5,0,0,8,0,0,0,0,1,1,6,6,3,-1,-1,1991,1,7,MERCEDES C CLASS,-1,-1,0,-1
2024201508791,2024,201508791,1,9,0,-1,19,5,1,-1,0,0,0,10,1,0,1,9,-1,6,2,35,6,2143,2,11,MERCEDES C CLASS,2,E01010146,0,1
2024010518787,2024,010518787,2,9,9,18,19,1,5,99,99,9,9,4,9,99,1,1,6,6,3,-1,-1,2143,2,12,MERCEDES C CLASS,-1,-1,0,-1
2024201447758,2024,201447758,1,9,0,-1,19,6,2,-1,0,1,0,0,0,0,1,1,-1,9,1,30,6,2148,2,16,MERCEDES C CLASS,1,E01010311,0,1
2024010545761,2024,010545761,1,9,0,4,4,3,7,0,0,0,1,0,0,0,1,1,6,6,1,46,8,1595,1,12,MERCEDES C CLASS,2,E01001066,0,1
2024471515846,2024,471515846,2,9,0,-1,19,7,3,-1,0,0,0,0,0,0,2,1,-1,9,2,38,7,2143,2,9,MERCEDES C CLASS,9,E01016888,0,3
2024010539079,2024,010539079,1,9,0,5,5,1,5,0,0,1,0,0,0,0,1,1,6,6,1,60,9,2143,2,10,MERCEDES C CLASS,3,E01001602,0,1
2024041436075,2024,041436075,2,9,0,-1,3,5,1,-1,0,8,0,0,0,0,2,1,-1,6,2,61,9,2149,2,17,MERCEDES C CLASS,5,E01025580,0,2
2024010529601,2024,010529601,1,9,0,4,4,5,1,0,0,1,0,0,0,0,2,1,6,6,2,57,9,1991,1,8,MERCEDES C CLASS,10,E01003857,0,1
2024421515443,2024,421515443,1,9,0,-1,19,2,5,-1,0,0,1,0,0,0,1,1,-1,9,1,29,6,2143,2,8,MERCEDES C CLASS,2,E01021711,0,2
2024471503264,2024,471503264,2,9,0,-1,19,7,3,-1,0,0,0,0,0,0,2,1,-1,2,1,54,8,2143,2,8,MERCEDES C CLASS,6,E01034305,0,2
2024440508261,2024,440508261,2,9,0,2,2,0,0,0,0,0,0,0,0,0,1,1,6,6,3,-1,-1,1796,1,12,MERCEDES C CLASS,-1,-1,0,-1
2024101474638,2024,101474638,2,9,0,-1,9,6,3,-1,0,8,0,0,0,0,4,1,-1,2,1,23,5,2143,2,8,MERCEDES C CLASS,2,E01027395,0,4
2024052402753,2024,052402753,2,9,0,18,19,2,6,0,0,8,0,0,0,0,3,1,2,2,1,47,8,2143,2,9,MERCEDES C CLASS,1,E01034401,0,1
2024320387691,2024,320387691,2,9,0,-1,-1,8,4,0,0,0,0,0,0,0,3,1,6,6,2,52,8,2143,2,8,MERCEDES C CLASS,2,E01026097,0,4
2024010549239,2024,010549239,1,9,9,99,99,9,9,99,99,9,9,99,9,99,9,9,6,6,3,-1,-1,2143,2,8,MERCEDES C CLASS,-1,-1,0,-1
2024430617387,2024,430617387,1,9,0,2,2,0,0,6,6,0,0,0,0,0,3,1,6,6,1,68,10,1796,1,13,MERCEDES C CLASS,8,E01009794,0,5
2024351460261,2024,351460261,1,9,-1,-1,-1,-1,-1,-1,-1,0,-1,-1,-1,0,-1,9,-1,6,1,-1,-1,2143,12,7,MERCEDES C CLASS,2,E01033864,0,4
2024440537934,2024,440537934,1,9,0,9,9,3,1,0,0,6,0,0,0,0,3,1,6,6,2,54,8,2143,2,6,MERCEDES C CLASS,10,E01022885,0,1
2024131478950,2024,131478950,1,9,0,-1,19,3,7,-1,0,1,0,0,0,0,1,1,-1,9,2,27,6,1598,2,6,MERCEDES C CLASS,4,W01000218,0,5
2024201439434,2024,201439434,1,9,0,-1,19,5,4,-1,0,0,0,0,0,0,1,1,-1,2,1,25,5,2143,2,6,MERCEDES C CLASS,4,E01008969,0,3
2024161461422,2024,161461422,1,9,0,-1,5,3,7,-1,0,1,0,0,1,0,3,1,-1,9,1,40,7,2143,2,8,MERCEDES C CLASS,8,E01013262,0,1
2024411507932,2024,411507932,1,9,0,-1,6,7,3,-1,0,0,0,0,0,0,3,1,-1,2,1,44,7,2143,2,11,MERCEDES C CLASS,10,E01023551,0,2
2024010514497,2024,010514497,1,9,0,3,3,3,7,0,0,1,1,0,0,0,1,1,6,6,1,29,6,1497,1,5,MERCEDES C CLASS,3,E01003570,0,2
2024010511620,2024,010511620,1,9,0,18,19,5,1,0,0,5,0,0,7,0,2,1,6,6,1,-1,-1,1497,1,5,MERCEDES C CLASS,2,E01000939,0,3
2024010512825,2024,010512825,2,9,0,99,99,9,9,99,99,0,9,99,9,99,1,9,6,6,3,-1,-1,1597,1,15,MERCEDES C CLASS,-1,-1,0,-1
2024302400280,2024,302400280,1,9,0,5,5,1,2,0,0,8,0,0,0,0,1,1,6,6,2,33,6,2143,2,14,MERCEDES C CLASS,7,E01011193,0,4
2024211463626,2024,211463626,2,9,0,-1,19,5,2,-1,0,1,0,0,0,0,1,1,-1,9,1,62,9,2149,2,17,MERCEDES C CLASS,3,E01029408,0,2
2024451504534,2024,451504534,2,9,0,-1,19,5,1,-1,0,0,0,0,0,0,2,1,-1,9,1,47,8,2143,2,9,MERCEDES C CLASS,3,E01001011,0,3
2024622400508,2024,622400508,1,9,0,7,7,5,7,0,0,6,0,0,0,0,1,1,6,6,1,77,11,1998,1,22,MERCEDES C CLASS,7,W01001076,0,2
2024010517792,2024,010517792,2,9,0,18,19,8,4,0,0,1,0,0,0,0,1,1,6,6,2,38,7,2143,12,8,MERCEDES C CLASS,-1,-1,0,-1
2024010520348,2024,010520348,2,9,0,18,19,3,7,1,1,1,0,0,0,0,1,1,6,6,3,-1,-1,1796,1,12,MERCEDES C CLASS,-1,-1,0,-1
2024501425862,2024,501425862,1,9,0,-1,19,6,2,-1,0,1,0,0,0,0,1,1,-1,9,1,61,9,2143,2,12,MERCEDES C CLASS,9,E01029711,0,5
2024451533458,2024,451533458,1,9,0,-1,1,7,3,-1,0,0,0,0,0,0,2,1,-1,9,1,62,9,1991,8,9,MERCEDES C CLASS,9,E01030885,0,1
2024010534275,2024,010534275,1,9,0,99,99,9,9,99,99,9,9,99,9,99,9,9,6,6,3,-1,-1,1497,8,5,MERCEDES C CLASS,-1,-1,0,-1
2024131533420,2024,131533420,3,9,0,-1,19,5,1,-1,0,8,0,0,0,0,3,1,-1,9,1,36,7,2143,2,7,MERCEDES C CLASS,2,E01011040,0,1
2024201432571,2024,201432571,1,9,0,-1,9,6,4,-1,0,6,0,0,0,0,1,9,-1,1,1,47,8,1999,8,1,MERCEDES C CLASS,3,E01009084,0,1
2024440290910,2024,440290910,1,9,0,2,2,8,4,0,0,0,0,0,1,0,2,1,6,6,2,49,8,1796,1,14,MERCEDES C CLASS,3,E01004573,0,5
2024501525761,2024,501525761,1,9,0,-1,19,6,2,-1,0,0,0,0,0,0,1,1,-1,6,3,-1,-1,1796,1,16,MERCEDES C CLASS,-1,-1,0,-1
2024461509818,2024,461509818,3,9,0,-1,19,7,3,-1,0,0,0,0,0,0,2,1,-1,6,2,42,7,1991,1,7,MERCEDES C CLASS,9,E01034990,0,4
2024141514284,2024,141514284,1,9,0,-1,19,7,3,-1,0,1,0,0,1,11,1,1,-1,6,1,76,11,2143,2,11,MERCEDES C CLASS,1,E01007763,0,2
2024010512872,2024,010512872,1,9,0,99,99,9,9,99,99,0,9,99,9,99,2,9,6,6,2,49,8,2143,2,9,MERCEDES C CLASS,7,E01024839,0,4
2024440071858,2024,440071858,2,9,0,18,19,2,6,0,0,1,0,0,0,0,1,1,6,6,1,30,6,2143,2,13,MERCEDES C CLASS,8,E01030803,0,1
2024991508930,2024,991508930,2,9,0,-1,19,3,6,-1,0,1,0,0,0,0,1,1,-1,1,1,37,7,1991,8,6,MERCEDES C CLASS,3,-1,0,1
2024010548734,2024,010548734,1,9,0,7,7,5,7,0,0,1,0,0,0,0,1,1,6,6,1,18,4,1796,1,20,MERCEDES C CLASS,7,E01015966,0,4
2024071014002,2024,071014002,1,9,0,-1,11,1,5,-1,0,0,0,0,0,0,1,1,-1,9,2,44,7,2143,2,6,MERCEDES C CLASS,8,E01028726,0,5
2024061471624,2024,061471624,2,9,0,-1,10,7,3,-1,0,1,0,7,0,0,2,1,-1,9,2,42,7,1796,1,14,MERCEDES C CLASS,1,E01004830,0,1
2024010531644,2024,010531644,1,9,0,99,99,9,9,99,99,9,9,99,9,99,9,9,6,6,1,33,6,2143,2,8,MERCEDES C CLASS,2,E01024047,0,4
2024010530434,2024,010530434,1,9,0,18,19,1,5,0,0,1,0,0,0,0,3,1,6,6,1,22,5,1991,1,7,MERCEDES C CLASS,-1,-1,0,-1
2024371494800,2024,371494800,1,9,0,-1,19,3,7,-1,0,8,0,0,0,0,1,1,-1,9,1,41,7,2142,2,6,MERCEDES C CLASS,3,E01029886,0,1
2024010510334,2024,010510334,2,9,0,99,99,9,9,99,99,9,9,99,9,99,9,9,6,6,3,-1,-1,1796,1,20,MERCEDES C CLASS,-1,-1,0,-1
2024401432621,2024,401432621,1,9,0,-1,19,6,1,-1,0,0,0,0,0,0,1,2,-1,6,2,28,6,1796,1,12,MERCEDES C CLASS,3,E01015781,0,1
2024010530556,2024,010530556,1,9,0,9,9,5,3,0,0,2,0,0,0,0,1,1,6,6,1,72,10,1796,1,12,MERCEDES C CLASS,-1,-1,0,-1
2024371408962,2024,371408962,2,9,0,-1,19,8,4,-1,0,0,1,0,0,0,4,1,-1,9,2,44,7,2143,2,7,MERCEDES C CLASS,6,E01021917,0,4
2024061511181,2024,061511181,2,9,-1,-1,-1,-1,-1,-1,-1,0,-1,-1,-1,0,-1,9,-1,6,1,36,7,2143,2,8,MERCEDES C CLASS,2,E01005950,0,1
2024131417490,2024,131417490,4,9,0,-1,2,0,0,-1,0,0,0,4,0,0,2,1,-1,6,-1,-1,-1,2143,2,8,MERCEDES C CLASS,-1,-1,0,-1
2024010536304,2024,010536304,2,9,0,99,99,9,9,99,99,9,9,99,9,99,1,9,6,6,3,-1,-1,1950,2,4,MERCEDES C CLASS,-1,-1,0,-1
2024340WN6102,2024,340WN6102,1,9,0,-1,9,3,1,-1,0,6,0,0,0,0,3,1,-1,9,2,20,4,2143,2,15,MERCEDES C CLASS,8,E01027146,0,3
2024010524299,2024,010524299,1,9,0,5,5,7,3,0,0,8,0,0,0,0,1,1,6,6,1,-1,-1,1496,8,2,MERCEDES C CLASS,6,E01002200,0,1
2024461415598,2024,461415598,1,9,0,-1,9,1,1,-1,0,0,0,0,0,0,1,1,-1,6,1,67,10,1950,2,4,MERCEDES C CLASS,7,E01024805,0,2
2024471467130,2024,471467130,2,9,0,-1,19,5,1,-1,0,0,0,0,0,0,3,1,-1,9,1,75,10,1796,1,17,MERCEDES C CLASS,9,E01021124,0,2
2024131412430,2024,131412430,1,9,0,-1,19,8,6,-1,0,0,0,0,1,0,1,1,-1,7,1,34,6,2143,2,7,MERCEDES C CLASS,5,E01011648,0,1
2024010497275,2024,010497275,1,9,0,5,5,0,1,0,0,1,0,0,0,0,1,1,6,6,2,53,8,1991,1,9,MERCEDES C CLASS,3,E01001920,0,2
2024461432706,2024,461432706,1,9,0,-1,14,1,5,-1,0,5,0,11,0,0,1,1,-1,6,1,45,7,2143,2,6,MERCEDES C CLASS,-1,-1,0,-1
2024010521171,2024,010521171,1,9,9,18,19,2,6,0,0,9,9,11,1,99,9,9,6,6,2,43,7,1595,1,11,MERCEDES C CLASS,8,E01004648,0,1
2024451443753,2024,451443753,2,9,0,-1,19,1,5,-1,0,0,0,0,0,0,1,1,-1,9,1,24,5,1597,1,15,MERCEDES C CLASS,1,E01012038,0,5
2024141444201,2024,141444201,1,9,0,-1,19,3,7,-1,0,1,0,0,0,0,2,1,-1,9,1,30,6,1991,1,10,MERCEDES C CLASS,1,E01007764,0,2
2024070765532,2024,070765532,1,9,0,-1,9,6,2,-1,0,8,0,0,0,0,1,1,-1,6,1,77,11,2143,2,7,MERCEDES C CLASS,6,E01034675,0,1
2024131454995,2024,131454995,1,9,0,-1,4,3,7,-1,0,0,0,0,0,0,2,1,-1,1,1,48,8,1991,8,3,MERCEDES C CLASS,2,E01010929,0,3
2024010497768,2024,010497768,4,9,0,2,2,0,0,0,0,0,0,0,0,0,4,1,6,6,3,-1,-1,1796,1,13,MERCEDES C CLASS,-1,-1,0,-1
2024010499520,2024,010499520,1,9,0,5,5,6,2,0,0,1,0,0,0,0,1,1,6,6,1,31,6,1991,1,9,MERCEDES C CLASS,4,E01000066,0,1
2024061495737,2024,061495737,1,9,0,-1,-1,-1,-1,-1,-1,-1,-1,-1,-1,0,-1,9,-1,6,3,-1,-1,2143,2,9,MERCEDES C CLASS,-1,-1,0,-1
2024061519539,2024,061519539,2,9,-1,-1,-1,-1,-1,-1,-1,-1,-1,-1,-1,0,-1,9,-1,6,3,-1,-1,2148,2,16,MERCEDES C CLASS,-1,-1,0,-1
2024101509067,2024,101509067,1,9,-1,-1,19,6,2,-1,0,0,0,0,0,0,1,9,-1,6,1,38,7,2987,2,13,MERCEDES C CLASS,4,E01008732,0,1
2024010533624,2024,010533624,1,9,9,99,99,9,9,99,99,9,9,99,9,99,9,1,6,6,1,27,6,1991,1,9,MERCEDES C CLASS,4,E01004378,0,2
2024101478403,2024,101478403,2,9,0,-1,3,2,5,-1,0,8,0,0,0,0,2,9,-1,6,1,43,7,2143,2,10,MERCEDES C CLASS,3,E01008636,0,1
2024421400327,2024,421400327,1,9,0,-1,4,6,6,-1,0,3,0,0,0,0,1,1,-1,1,2,26,6,2143,2,9,MERCEDES C CLASS,5,E01021241,0,2
2024411427867,2024,411427867,1,9,0,-1,9,5,3,-1,0,1,0,0,0,0,4,1,-1,6,1,60,9,1950,2,4,MERCEDES C CLASS,10,E01023691,0,1
2024211510627,2024,211510627,2,9,0,-1,19,7,2,-1,0,0,0,0,0,0,1,1,-1,6,2,38,7,2143,2,11,MERCEDES C CLASS,10,E01029443,0,1
2024430471554,2024,430471554,1,9,0,18,19,1,5,0,0,1,0,0,0,0,1,1,2,2,1,23,5,2143,2,11,MERCEDES C CLASS,5,E01028441,0,2