collision_index,collision_year,collision_ref_no,vehicle_reference,vehicle_type,towing_and_articulation,vehicle_manoeuvre_historic,vehicle_manoeuvre,vehicle_direction_from,vehicle_direction_to,vehicle_location_restricted_lane_historic,vehicle_location_restricted_lane,junction_location,skidding_and_overturning,hit_object_in_carriageway,vehicle_leaving_carriageway,hit_object_off_carriageway,first_point_of_impact,vehicle_left_hand_drive,journey_purpose_of_driver_historic,journey_purpose_of_driver,sex_of_driver,age_of_driver,age_band_of_driver,engine_capacity_cc,propulsion_code,age_of_vehicle,generic_make_model,driver_imd_decile,lsoa_of_driver,escooter_flag,driver_distance_banding
2024071009155,2024,071009155,1,9,0,-1,7,5,6,-1,0,8,0,0,0,0,1,1,-1,6,2,-1,-1,2143,2,12,MERCEDES C CLASS,-1,-1,0,-1
2024010516400,2024,010516400,2,9,0,18,19,7,3,99,99,9,9,99,9,99,1,1,6,6,3,-1,-1,2143,2,9,MERCEDES C CLASS,-1,-1,0,-1
2024302400551,2024,302400551,1,9,0,9,9,3,1,0,0,8,0,0,0,0,4,1,6,6,2,24,5,2143,2,7,MERCEDES C CLASS,5,E01028129,0,2
2024010528684,2024,010528684,2,9,0,18,19,1,5,0,0,1,0,0,0,0,3,1,1,1,1,44,7,1595,1,11,MERCEDES C CLASS,2,E01033882,0,1
2024131452591,2024,131452591,1,9,0,-1,19,5,1,-1,0,1,0,0,2,0,1,1,-1,9,2,38,7,2143,2,11,MERCEDES C CLASS,2,E01015938,0,5
2024010516475,2024,010516475,1,9,0,18,19,4,8,0,0,0,1,11,2,7,1,1,6,6,1,58,9,2143,2,13,MERCEDES C CLASS,-1,-1,0,-1
2024010522147,2024,010522147,2,9,0,9,9,1,7,0,0,5,0,0,0,0,3,1,6,6,1,44,7,2143,2,12,MERCEDES C CLASS,4,E01002405,0,1
2024440207761,2024,440207761,1,9,0,16,19,4,7,0,0,1,1,0,0,0,1,1,6,6,1,35,6,1595,1,9,MERCEDES C CLASS,10,E01022850,0,1
2024010520872,2024,010520872,2,9,0,18,19,1,5,0,0,1,0,0,0,0,1,1,6,6,1,26,6,1597,1,15,MERCEDES C CLASS,2,E01002793,0,1
2024340WN3892,2024,340WN3892,1,9,0,-1,19,5,1,-1,0,0,0,0,0,0,4,1,-1,6,1,-1,-1,2148,2,18,MERCEDES C CLASS,-1,-1,0,-1
2024061475193,2024,061475193,3,9,0,-1,8,3,4,-1,0,6,0,0,0,0,3,2,-1,9,2,48,8,1598,2,8,MERCEDES C CLASS,2,E01006032,0,1
2024421405556,2024,421405556,2,9,0,-1,19,6,2,-1,0,0,0,0,0,0,1,1,-1,9,1,78,11,2143,2,8,MERCEDES C CLASS,5,E01021732,0,2
2024430309646,2024,430309646,1,9,0,18,19,2,6,0,0,0,0,0,0,0,1,1,6,6,2,32,6,2148,2,16,MERCEDES C CLASS,6,E01016268,0,1
2024440037210,2024,440037210,1,9,0,18,19,2,6,0,0,8,0,0,0,0,3,1,6,6,2,74,10,1595,1,10,MERCEDES C CLASS,8,E01023034,0,1
2024070134787,2024,070134787,1,9,0,4,4,1,5,0,0,3,0,0,0,0,1,1,2,2,1,-1,-1,2143,2,6,MERCEDES C CLASS,-1,-1,0,-1
2024010515134,2024,010515134,3,9,0,2,2,0,0,0,0,0,0,0,0,0,4,1,6,6,3,-1,-1,1796,1,13,MERCEDES C CLASS,-1,-1,0,-1
2024201504833,2024,201504833,2,9,0,-1,19,4,8,-1,0,6,0,0,0,0,1,1,-1,2,2,32,6,1796,1,13,MERCEDES C CLASS,2,E01010412,0,1
2024401408907,2024,401408907,1,9,0,-1,19,4,8,-1,0,0,0,0,0,0,1,9,-1,6,1,42,7,2148,2,18,MERCEDES C CLASS,3,E01027224,0,4
2024411480352,2024,411480352,1,9,0,-1,8,7,1,-1,0,3,0,0,3,2,1,1,-1,2,2,51,8,2143,2,7,MERCEDES C CLASS,10,E01023408,0,1
2024221440721,2024,221440721,2,9,0,-1,19,8,3,-1,0,4,0,0,0,0,1,9,-1,6,1,45,7,1796,1,17,MERCEDES C CLASS,2,E01032262,0,1
2024010542115,2024,010542115,2,9,0,3,3,5,1,0,0,1,0,8,0,0,1,1,6,6,3,-1,-1,1950,2,5,MERCEDES C CLASS,-1,-1,0,-1
2024010515607,2024,010515607,1,9,0,18,19,3,7,0,0,0,0,0,0,0,1,1,6,6,3,-1,-1,2143,2,7,MERCEDES C CLASS,-1,-1,0,-1
2024010506450,2024,010506450,2,9,9,99,99,9,9,99,99,9,9,99,9,99,2,9,6,6,3,-1,-1,1796,1,22,MERCEDES C CLASS,-1,-1,0,-1
2024010542257,2024,010542257,2,9,0,99,99,9,9,99,99,9,9,99,9,99,1,9,6,6,3,-1,-1,2143,2,9,MERCEDES C CLASS,6,E01004357,0,3
2024421444165,2024,421444165,1,9,0,-1,19,4,8,-1,0,0,1,0,2,10,1,1,-1,1,1,45,7,2143,2,7,MERCEDES C CLASS,3,E01021342,0,2
2024041514286,2024,041514286,1,9,0,-1,19,7,3,-1,0,8,0,0,0,0,4,1,-1,6,1,42,7,2143,2,10,MERCEDES C CLASS,9,E01012609,0,1
2024481567023,2024,481567023,1,9,0,-1,19,3,7,-1,0,1,0,0,0,0,1,1,-1,6,1,30,6,1991,8,8,MERCEDES C CLASS,-1,-1,0,-1
2024010515141,2024,010515141,2,9,0,18,19,7,3,0,0,0,1,0,0,0,3,1,6,6,1,41,7,1796,1,12,MERCEDES C CLASS,7,E01000340,0,2
2024010526398,2024,010526398,1,9,0,4,4,5,1,0,0,3,0,0,0,0,2,1,6,6,1,62,9,1796,1,13,MERCEDES C CLASS,-1,-1,0,-1
2024471520739,2024,471520739,1,9,0,-1,19,8,4,-1,0,0,0,0,0,0,1,1,-1,9,1,29,6,2148,2,15,MERCEDES C CLASS,7,E01016961,0,2
2024991450604,2024,991450604,1,9,0,-1,19,6,8,-1,0,0,0,0,0,0,1,1,-1,6,1,63,9,1998,1,24,MERCEDES C CLASS,7,-1,0,1
2024010511199,2024,010511199,1,9,0,9,9,3,1,0,0,2,0,4,0,0,3,1,6,6,1,35,6,1598,2,7,MERCEDES C CLASS,6,E01002329,0,1
2024332401111,2024,332401111,2,9,0,-1,19,4,8,-1,0,6,0,0,0,0,4,1,-1,9,1,42,7,2987,2,15,MERCEDES C CLASS,5,E01015746,0,5
2024401435635,2024,401435635,1,9,0,-1,5,5,1,-1,0,0,0,0,0,0,1,1,-1,6,2,41,7,1796,1,18,MERCEDES C CLASS,2,E01017492,0,1
2024101458167,2024,101458167,1,9,0,-1,9,1,3,-1,0,7,0,0,0,0,1,1,-1,6,1,70,10,1950,2,5,MERCEDES C CLASS,4,E01020818,0,4
2024010535910,2024,010535910,2,9,0,99,99,9,9,99,99,9,9,99,9,99,9,9,6,6,1,57,9,1991,8,7,MERCEDES C CLASS,2,E01033882,0,1
2024010494599,2024,010494599,2,9,0,2,2,0,0,9,9,0,0,0,0,0,1,1,6,6,3,-1,-1,1497,1,5,MERCEDES C CLASS,-1,-1,0,-1
2024471400948,2024,471400948,1,9,0,-1,9,3,1,-1,0,6,0,0,0,0,4,1,-1,9,1,21,5,1796,1,17,MERCEDES C CLASS,10,E01031741,0,1
2024061479008,2024,061479008,2,9,0,-1,19,5,1,-1,0,8,0,0,0,0,1,1,-1,6,1,28,6,2143,2,13,MERCEDES C CLASS,2,E01005238,0,1
2024052400190,2024,052400190,1,9,0,9,9,5,2,0,0,6,0,0,0,0,1,1,6,6,1,27,6,2148,2,16,MERCEDES C CLASS,1,E01006950,0,1
2024061518981,2024,061518981,2,9,0,-1,19,-1,-1,-1,0,5,0,0,0,0,4,1,-1,6,1,-1,-1,1595,1,5,MERCEDES C CLASS,-1,-1,0,-1
2024010508452,2024,010508452,2,9,0,9,9,5,3,0,0,8,0,0,0,0,1,1,6,6,1,32,6,1796,1,14,MERCEDES C CLASS,8,E01004195,0,1
2024161458440,2024,161458440,1,9,0,-1,19,1,5,-1,0,0,0,0,0,0,1,9,-1,6,1,-1,-1,2143,2,9,MERCEDES C CLASS,2,W01001810,0,5
2024302400859,2024,302400859,1,9,0,2,2,0,0,0,0,0,0,0,0,0,4,1,1,1,1,43,7,1796,1,18,MERCEDES C CLASS,9,E01019624,0,1
2024131429027,2024,131429027,1,9,0,-1,19,3,7,-1,0,0,1,0,7,10,1,1,-1,6,1,43,7,2987,2,17,MERCEDES C CLASS,1,E01012862,0,5
2024010512834,2024,010512834,2,9,9,18,19,9,9,99,99,8,9,99,0,0,9,2,6,6,3,18,4,1497,8,4,MERCEDES C CLASS,8,E01023297,0,4
2024010527270,2024,010527270,1,9,0,99,99,9,9,99,99,9,9,99,9,99,9,9,6,6,1,39,7,1796,1,19,MERCEDES C CLASS,4,E01002250,0,2
2024371484172,2024,371484172,1,9,-1,-1,19,-1,-1,-1,0,1,0,0,0,0,1,9,-1,6,2,37,7,1796,1,16,MERCEDES C CLASS,7,E01030171,0,1
2024991511665,2024,991511665,1,9,0,-1,19,2,6,-1,0,0,0,0,0,0,1,1,-1,6,1,45,7,1950,2,4,MERCEDES C CLASS,1,-1,0,4
2024052401207,2024,052401207,3,9,0,2,2,0,0,0,0,1,0,0,0,0,2,1,6,6,2,53,8,1991,1,9,MERCEDES C CLASS,6,E01006935,0,1
2024522401510,2024,522401510,4,9,0,2,2,0,0,0,0,0,0,0,0,0,3,1,6,6,3,-1,-1,1496,8,1,MERCEDES C CLASS,-1,-1,0,-1
2024622400417,2024,622400417,2,9,0,18,19,4,8,0,0,8,0,0,0,0,1,1,1,1,2,25,5,2143,2,9,MERCEDES C CLASS,2,W01001964,0,3
2024461538979,2024,461538979,1,9,0,-1,9,7,3,-1,0,1,0,0,0,0,1,9,-1,6,1,46,8,1950,2,5,MERCEDES C CLASS,6,E01016134,0,1
2024201523281,2024,201523281,2,9,0,-1,3,7,3,-1,0,0,0,0,0,0,2,1,-1,6,1,38,7,1991,8,9,MERCEDES C CLASS,-1,-1,0,-1
2024010527716,2024,010527716,1,9,0,16,19,5,1,0,0,4,0,0,0,0,1,1,6,6,1,37,7,1796,1,18,MERCEDES C CLASS,2,E01001702,0,3
2024520001310,2024,520001310,1,9,0,5,5,1,5,0,0,0,0,0,0,0,4,1,6,6,2,31,6,1598,2,9,MERCEDES C CLASS,8,E01016303,0,4
2024461521469,2024,461521469,2,9,0,-1,3,5,1,-1,0,0,0,0,0,0,2,1,-1,6,1,52,8,2143,2,12,MERCEDES C CLASS,7,E01024362,0,4
2024061529373,2024,061529373,1,9,0,-1,99,-1,-1,-1,0,0,9,0,0,0,9,1,-1,6,1,-1,-1,2143,2,11,MERCEDES C CLASS,9,E01005809,0,2
2024041421500,2024,041421500,1,9,0,-1,19,2,3,-1,0,2,0,0,0,0,1,1,-1,9,2,18,4,2143,2,7,MERCEDES C CLASS,1,E01024857,0,1
2024010518623,2024,010518623,2,9,0,99,99,9,9,99,99,9,9,99,9,99,1,9,6,6,3,-1,-1,2143,2,7,MERCEDES C CLASS,-1,-1,0,-1
2024411427521,2024,411427521,1,9,0,-1,6,8,8,-1,0,0,0,0,0,0,2,1,-1,6,2,33,6,2143,2,8,MERCEDES C CLASS,2,E01015787,0,3
2024430418343,2024,430418343,1,9,0,18,19,7,3,0,0,6,0,0,0,0,4,1,1,1,1,61,9,2143,2,12,MERCEDES C CLASS,9,E01028487,0,4
2024010526663,2024,010526663,2,9,0,18,19,7,3,0,0,1,1,0,0,0,3,1,6,6,2,30,6,1796,1,17,MERCEDES C CLASS,5,E01002567,0,1
2024471456457,2024,471456457,3,9,0,-1,4,7,3,-1,0,0,0,0,0,0,2,1,-1,9,1,57,9,2143,2,9,MERCEDES C CLASS,8,E01031393,0,4
2024440455008,2024,440455008,1,9,0,8,8,7,3,0,0,1,0,0,0,0,2,1,2,2,1,47,8,1991,8,7,MERCEDES C CLASS,1,E01017103,0,1
2024440457942,2024,440457942,2,9,0,9,9,5,3,0,0,8,0,0,0,0,4,1,6,6,2,-1,-1,1496,8,2,MERCEDES C CLASS,-1,-1,0,-1
2024440178865,2024,440178865,1,9,0,18,19,2,6,0,0,8,0,0,0,0,1,1,6,6,1,52,8,1991,1,9,MERCEDES C CLASS,10,E01023209,0,3
2024520401236,2024,520401236,2,9,0,18,19,5,1,0,0,8,0,0,1,0,1,1,6,6,1,50,8,2143,2,12,MERCEDES C CLASS,5,E01029053,0,1
2024522401741,2024,522401741,1,9,0,18,19,2,7,0,0,0,0,0,0,0,3,1,6,6,2,41,7,2143,2,9,MERCEDES C CLASS,8,E01014852,0,1
2024421470242,2024,421470242,2,9,0,-1,19,8,4,-1,0,8,0,0,7,4,4,1,-1,9,1,34,6,1796,1,18,MERCEDES C CLASS,6,E01003703,0,3
2024411410606,2024,411410606,1,9,0,-1,3,2,7,-1,0,1,0,0,0,0,2,1,-1,6,1,53,8,2148,2,19,MERCEDES C CLASS,4,E01023937,0,2
2024622400886,2024,622400886,2,9,0,7,7,2,6,0,0,1,0,0,0,0,0,1,6,6,1,32,6,2143,2,13,MERCEDES C CLASS,2,W01001804,0,3
2024421473415,2024,421473415,1,9,0,-1,7,7,3,-1,0,0,0,0,0,0,1,1,-1,9,1,46,8,1999,8,2,MERCEDES C CLASS,-1,-1,0,-1
2024411407680,2024,411407680,1,9,0,-1,4,5,1,-1,0,0,0,0,0,0,1,1,-1,6,3,-1,-1,1796,1,20,MERCEDES C CLASS,-1,-1,0,-1
2024010518473,2024,010518473,4,9,0,99,99,9,9,99,99,9,9,99,9,99,1,9,6,6,3,-1,-1,2143,2,10,MERCEDES C CLASS,2,E01033805,0,4
2024421471845,2024,421471845,1,9,0,-1,5,4,7,-1,0,1,0,0,0,0,1,1,-1,9,1,59,9,2143,2,10,MERCEDES C CLASS,2,E01021989,0,4
2024010548165,2024,010548165,1,9,0,99,99,9,9,99,99,9,9,99,9,99,2,9,6,6,1,41,7,2143,2,9,MERCEDES C CLASS,4,E01001481,0,1
2024461455392,2024,461455392,1,9,0,-1,19,5,3,-1,0,1,0,0,0,0,4,9,-1,6,1,61,9,1950,2,5,MERCEDES C CLASS,5,E01024383,0,1
2024010535827,2024,010535827,1,9,0,18,19,3,7,0,0,0,0,0,0,0,1,1,6,6,3,-1,-1,1796,1,12,MERCEDES C CLASS,-1,-1,0,-1
2024010512001,2024,010512001,3,9,0,18,19,1,5,0,0,1,1,0,0,0,4,1,2,2,2,31,6,2143,2,10,MERCEDES C CLASS,5,E01000251,0,1
2024010501847,2024,010501847,1,9,0,99,99,9,9,99,99,9,9,99,9,99,1,9,6,6,1,32,6,1595,1,10,MERCEDES C CLASS,5,E01034480,0,1
2024991530330,2024,991530330,1,9,0,-1,2,3,7,-1,0,0,1,0,0,0,2,1,-1,2,1,52,8,1796,1,19,MERCEDES C CLASS,8,-1,0,2
2024440078496,2024,440078496,1,9,0,18,19,1,5,0,0,1,0,0,0,0,3,1,1,1,2,45,7,2148,2,18,MERCEDES C CLASS,7,E01035448,0,2
2024010509781,2024,010509781,2,9,0,18,19,3,7,0,0,1,0,0,0,0,2,1,6,6,1,28,6,1950,2,6,MERCEDES C CLASS,3,E01000630,0,2
2024531393710,2024,531393710,1,9,0,-1,19,6,2,-1,0,8,0,0,0,0,1,1,-1,9,2,53,8,1796,1,20,MERCEDES C CLASS,7,E01022165,0,1
2024010546209,2024,010546209,2,9,0,18,19,1,5,0,0,5,0,0,0,0,1,1,6,6,1,-1,-1,2143,2,10,MERCEDES C CLASS,-1,-1,0,-1
2024311483084,2024,311483084,2,9,0,-1,5,7,3,-1,0,1,0,0,0,0,1,1,-1,9,1,79,11,1796,1,19,MERCEDES C CLASS,-1,-1,0,-1
2024340WN4082,2024,340WN4082,1,9,0,-1,19,1,5,-1,0,8,0,0,7,3,1,1,-1,9,1,23,5,2143,2,12,MERCEDES C CLASS,-1,-1,0,-1
2024010530006,2024,010530006,2,9,0,18,19,7,3,0,0,1,0,0,0,0,0,1,6,6,2,63,9,1796,1,17,MERCEDES C CLASS,7,E01004070,0,1
2024010516382,2024,010516382,2,9,9,99,99,9,9,99,99,9,9,99,9,99,9,1,6,6,3,-1,-1,2143,2,8,MERCEDES C CLASS,-1,-1,0,-1
2024622500008,2024,622500008,1,9,0,3,3,6,2,0,0,0,0,0,0,0,2,1,6,6,1,50,8,1950,2,3,MERCEDES C CLASS,9,E01029784,0,5
2024471485671,2024,471485671,1,9,0,-1,19,7,3,-1,0,0,0,0,0,0,1,1,-1,1,1,30,6,1950,2,3,MERCEDES C CLASS,4,E01033871,0,4
2024141532018,2024,141532018,2,9,0,-1,19,5,1,-1,0,2,1,4,0,0,1,9,-1,6,1,32,6,2143,2,11,MERCEDES C CLASS,1,E01007440,0,2
2024421531446,2024,421531446,1,9,0,-1,3,-1,-1,-1,0,0,0,0,0,0,3,1,-1,6,2,53,8,2143,2,7,MERCEDES C CLASS,9,E01023442,0,1
2024041451801,2024,041451801,1,9,0,-1,9,7,5,-1,0,8,0,0,7,0,3,1,-1,9,1,41,7,1950,2,5,MERCEDES C CLASS,2,E01006945,0,3
2024010541348,2024,010541348,2,9,0,12,12,5,1,0,0,0,0,0,0,0,4,1,6,6,1,26,6,1991,1,7,MERCEDES C CLASS,6,E01002676,0,2
2024440286353,2024,440286353,3,9,0,2,2,0,0,-1,-1,2,0,0,0,0,1,1,6,6,3,-1,-1,2143,2,9,MERCEDES C CLASS,-1,-1,0,-1
2024101494968,2024,101494968,1,9,0,-1,19,1,5,-1,9,0,0,0,1,0,1,1,-1,9,2,60,9,2143,2,8,MERCEDES C CLASS,7,-1,0,3
2024131510979,2024,131510979,2,9,0,-1,19,3,7,-1,0,0,0,0,0,0,2,1,-1,6,1,59,9,2148,2,15,MERCEDES C CLASS,1,E01010800,0,1
2024501484035,2024,501484035,2,9,0,-1,19,5,1,-1,0,8,0,0,0,0,1,1,-1,9,1,51,8,1595,1,5,MERCEDES C CLASS,4,E01018892,0,1
2024552400463,2024,552400463,1,9,0,9,9,7,5,0,0,6,0,0,0,0,3,1,6,6,1,22,5,1796,1,17,MERCEDES C CLASS,4,E01015374,0,1
2024010490746,2024,010490746,1,9,0,3,3,7,3,0,0,1,0,0,0,0,2,1,2,2,2,41,7,1497,1,5,MERCEDES C CLASS,5,E01016135,0,4
2024631511687,2024,631511687,1,9,0,-1,19,2,6,-1,0,0,0,0,0,0,1,2,-1,9,1,39,7,1497,8,3,MERCEDES C CLASS,2,E01032474,0,4
2024991421558,2024,991421558,2,9,0,-1,9,7,5,-1,0,8,0,0,0,0,1,1,-1,6,2,25,5,2143,2,8,MERCEDES C CLASS,8,-1,0,1
2024131461017,2024,131461017,1,9,0,-1,19,1,1,-1,0,0,0,0,0,0,1,1,-1,9,1,57,9,1597,1,15,MERCEDES C CLASS,1,E01011427,0,1
2024991481429,2024,991481429,1,9,0,-1,5,1,6,-1,0,8,1,7,0,0,1,1,-1,6,1,39,7,2143,2,7,MERCEDES C CLASS,2,-1,0,1
2024010534243,2024,010534243,1,9,0,99,99,9,9,99,99,9,9,99,9,99,1,9,2,2,1,26,6,1496,8,2,MERCEDES C CLASS,3,E01003106,0,1
2024461401298,2024,461401298,1,9,0,-1,15,5,1,-1,0,0,0,4,0,0,4,9,-1,6,2,50,8,1950,2,5,MERCEDES C CLASS,5,E01035270,0,1
2024201433585,2024,201433585,2,9,0,-1,3,6,1,-1,0,0,0,0,0,0,2,1,-1,6,1,49,8,2143,2,14,MERCEDES C CLASS,7,E01010379,0,1
2024010499720,2024,010499720,2,9,0,99,99,9,9,99,99,9,9,99,9,99,9,9,6,6,3,-1,-1,1991,1,8,MERCEDES C CLASS,10,E01022876,0,4
2024010500767,2024,010500767,1,9,0,99,99,9,9,99,99,9,9,99,9,99,2,9,6,6,1,25,5,2143,2,9,MERCEDES C CLASS,7,E01000871,0,1
2024010496189,2024,010496189,1,9,0,9,9,6,4,0,0,6,0,0,0,0,1,1,6,6,1,49,8,1796,1,14,MERCEDES C CLASS,2,E01001579,0,1
2024010501252,2024,010501252,2,9,0,18,19,5,1,0,0,8,0,0,0,0,3,1,2,2,1,53,8,1598,2,9,MERCEDES C CLASS,3,E01002542,0,2
2024061491381,2024,061491381,1,9,0,-1,5,8,5,-1,0,6,0,0,0,0,4,1,-1,9,2,48,8,2143,2,6,MERCEDES C CLASS,1,E01005232,0,1
2024010509343,2024,010509343,1,9,0,4,4,3,7,0,0,2,0,0,0,0,1,1,6,6,2,56,9,1991,8,6,MERCEDES C CLASS,4,E01023574,0,2
2024311504145,2024,311504145,1,9,0,-1,19,7,3,-1,0,0,1,0,7,0,1,1,-1,6,1,48,8,2987,2,13,MERCEDES C CLASS,-1,-1,0,-1
2024101492693,2024,101492693,1,8,0,-1,19,5,1,-1,0,0,0,0,3,1,1,1,-1,1,2,47,8,2143,2,6,MERCEDES C CLASS,1,E01008305,0,1
2024161478586,2024,161478586,2,9,0,-1,19,7,3,-1,0,8,0,0,1,0,1,1,-1,6,1,21,5,1991,1,6,MERCEDES C CLASS,6,E01027923,0,4
2024421541698,2024,421541698,1,9,-1,-1,19,-1,-1,-1,0,0,-1,-1,-1,0,-1,9,-1,6,1,-1,-1,1991,1,7,MERCEDES C CLASS,-1,-1,0,-1
202454D639224,2024,54D639224,2,9,0,18,19,3,7,0,0,3,0,0,0,0,4,1,6,6,1,22,5,1597,1,15,MERCEDES C CLASS,8,E01015565,0,1
2024010534836,2024,010534836,1,9,0,7,7,1,3,0,0,1,0,0,0,0,0,1,6,6,1,29,6,1950,2,5,MERCEDES C CLASS,4,E01035484,0,1
2024131500775,2024,131500775,3,9,0,-1,5,5,1,-1,0,8,0,0,0,0,4,1,-1,9,1,24,5,6208,1,12,MERCEDES C CLASS,7,E01011642,0,1
2024320540757,2024,320540757,1,9,0,-1,-1,4,8,0,0,2,0,0,0,0,4,1,6,6,1,63,9,2143,2,8,MERCEDES C CLASS,4,E01026044,0,3
2024201431740,2024,201431740,2,9,0,-1,2,0,0,-1,0,2,0,0,0,0,1,1,-1,9,3,-1,-1,2143,2,11,MERCEDES C CLASS,-1,-1,0,-1
2024461428760,2024,461428760,2,9,0,-1,9,6,4,-1,0,8,0,0,0,0,3,1,-1,2,1,55,8,2143,2,13,MERCEDES C CLASS,7,E01024252,0,1
2024041520073,2024,041520073,1,9,0,-1,5,3,7,-1,0,0,0,0,0,0,1,1,-1,9,1,33,6,2143,2,9,MERCEDES C CLASS,1,E01012625,0,1
2024421404682,2024,421404682,1,9,0,-1,19,5,1,-1,0,0,1,0,7,0,4,1,-1,2,1,27,6,2143,2,6,MERCEDES C CLASS,6,E01021387,0,3
2024010549758,2024,010549758,1,9,0,8,8,1,4,0,0,1,0,0,0,0,1,1,6,6,1,67,10,2143,2,8,MERCEDES C CLASS,4,E01001727,0,1
2024131414047,2024,131414047,1,9,0,-1,9,1,5,-1,0,6,0,0,0,0,1,1,-1,2,-1,55,8,2143,2,8,MERCEDES C CLASS,3,E01011049,0,1
2024332401140,2024,332401140,3,9,0,-1,4,4,8,-1,0,0,0,0,0,0,2,1,-1,6,2,22,5,1595,1,11,MERCEDES C CLASS,9,E01025981,0,2
2024311510957,2024,311510957,1,9,0,-1,19,1,5,-1,0,0,1,4,7,0,1,1,-1,9,1,45,7,2143,2,12,MERCEDES C CLASS,-1,-1,0,-1
2024010536017,2024,010536017,2,9,0,18,19,3,7,0,0,8,0,0,0,0,1,1,6,6,1,23,5,1991,1,6,MERCEDES C CLASS,6,E01001527,0,1
2024221442666,2024,221442666,1,9,0,-1,19,4,6,-1,0,0,0,0,0,0,1,1,-1,6,2,38,7,1991,1,6,MERCEDES C CLASS,-1,-1,0,-1
2024552401226,2024,552401226,2,9,0,2,2,0,0,0,0,0,0,0,0,0,4,1,3,7,2,45,7,1991,1,8,MERCEDES C CLASS,10,E01015459,0,1
2024440484058,2024,440484058,1,9,0,5,5,8,4,0,0,2,0,0,0,0,1,1,6,6,1,71,10,1796,1,21,MERCEDES C CLASS,4,E01017192,0,1
2024440387209,2024,440387209,1,9,0,18,19,2,6,0,0,1,0,0,0,0,1,1,6,6,1,39,7,2143,2,9,MERCEDES C CLASS,7,E01023164,0,1
2024461422672,2024,461422672,2,9,0,-1,19,6,2,-1,0,0,0,0,0,0,2,9,-1,9,2,47,8,1950,2,6,MERCEDES C CLASS,10,E01014710,0,5
2024141524315,2024,141524315,1,9,0,-1,19,3,7,-1,0,0,1,0,7,4,1,1,-1,9,1,34,6,2987,2,12,MERCEDES C CLASS,1,E01007809,0,2
2024041527231,2024,041527231,1,9,0,-1,9,3,7,-1,0,5,0,0,0,0,1,1,-1,9,1,44,7,1496,8,2,MERCEDES C CLASS,3,E01012731,0,1
2024131467926,2024,131467926,1,9,0,-1,-1,-1,-1,-1,-1,0,-1,-1,-1,-1,4,1,-1,6,3,-1,-1,2148,2,17,MERCEDES C CLASS,-1,-1,0,-1
2024052401896,2024,052401896,2,9,0,4,4,3,7,0,0,0,0,0,0,0,2,1,6,6,1,51,8,2143,2,12,MERCEDES C CLASS,1,E01006504,0,1
2024052401593,2024,052401593,2,9,0,18,19,4,8,0,0,0,0,0,0,0,3,1,6,6,1,58,9,2143,2,12,MERCEDES C CLASS,8,E01006680,0,1
2024061515986,2024,061515986,2,9,0,-1,19,4,8,-1,0,1,0,0,0,0,1,9,-1,9,1,35,6,1597,2,4,MERCEDES C CLASS,10,E01005739,0,2
2024161422235,2024,161422235,1,9,0,-1,9,8,6,-1,0,1,0,0,0,0,0,1,-1,9,1,86,11,1796,1,12,MERCEDES C CLASS,3,E01013133,0,1
2024131487895,2024,131487895,1,9,0,-1,4,5,1,-1,0,8,0,0,0,0,2,1,-1,6,2,28,6,2143,2,9,MERCEDES C CLASS,4,E01010708,0,1
2024351510989,2024,351510989,2,9,0,-1,6,2,6,-1,0,0,0,0,0,0,3,1,-1,2,1,56,9,2987,2,14,MERCEDES C CLASS,5,E01018062,0,2
2024131444186,2024,131444186,4,9,0,-1,19,5,1,-1,0,0,0,0,0,0,1,1,-1,9,1,48,8,1991,8,8,MERCEDES C CLASS,2,E01011926,0,3
2024101448040,2024,101448040,1,9,0,-1,19,2,6,-1,0,1,0,0,0,0,1,1,-1,6,1,-1,-1,1991,1,6,MERCEDES C CLASS,-1,-1,0,-1
2024211477721,2024,211477721,1,9,0,-1,19,5,1,-1,0,1,0,0,0,0,4,1,-1,6,1,35,6,2143,2,14,MERCEDES C CLASS,10,E01029758,0,1
2024041508611,2024,041508611,1,9,0,-1,7,3,1,-1,0,6,0,0,0,0,1,1,-1,9,1,34,6,2143,2,10,MERCEDES C CLASS,8,E01034349,0,4
2024010510598,2024,010510598,2,9,0,18,19,7,3,0,0,0,0,0,0,0,2,1,6,6,1,55,8,2143,2,7,MERCEDES C CLASS,6,E01032656,0,4
2024101477820,2024,101477820,1,9,0,-1,19,6,2,-1,0,0,0,0,0,0,0,9,-1,6,1,55,8,2143,2,12,MERCEDES C CLASS,2,E01020877,0,4
2024010536988,2024,010536988,2,9,0,2,2,0,0,0,0,0,0,0,0,0,2,1,6,6,3,-1,-1,2497,1,17,MERCEDES C CLASS,-1,-1,0,-1