collision_index,collision_year,collision_ref_no,vehicle_reference,vehicle_type,towing_and_articulation,vehicle_manoeuvre_historic,vehicle_manoeuvre,vehicle_direction_from,vehicle_direction_to,vehicle_location_restricted_lane_historic,vehicle_location_restricted_lane,junction_location,skidding_and_overturning,hit_object_in_carriageway,vehicle_leaving_carriageway,hit_object_off_carriageway,first_point_of_impact,vehicle_left_hand_drive,journey_purpose_of_driver_historic,journey_purpose_of_driver,sex_of_driver,age_of_driver,age_band_of_driver,engine_capacity_cc,propulsion_code,age_of_vehicle,generic_make_model,driver_imd_decile,lsoa_of_driver,escooter_flag,driver_distance_banding
2024411437503,2024,411437503,3,9,0,-1,3,4,8,-1,0,0,0,0,0,0,2,1,-1,6,1,41,7,1595,1,11,MERCEDES C CLASS,3,E01000510,0,3
2024371466194,2024,371466194,1,9,0,-1,4,6,2,-1,0,4,0,0,0,0,1,1,-1,1,1,59,9,2148,2,21,MERCEDES C CLASS,6,E01030093,0,1
2024010536480,2024,010536480,2,9,0,99,99,9,9,99,99,9,9,99,9,99,9,9,6,6,1,25,5,1497,1,5,MERCEDES C CLASS,3,E01003332,0,1
2024201441573,2024,201441573,1,9,0,-1,19,8,4,-1,0,8,0,0,0,0,4,9,-1,6,3,-1,-1,2148,2,15,MERCEDES C CLASS,-1,-1,0,-1
2024547869324,2024,547869324,2,9,0,18,19,6,2,0,0,1,0,0,7,0,1,1,6,6,1,44,7,2143,2,6,MERCEDES C CLASS,10,E01015533,0,2
2024411541153,2024,411541153,2,9,0,-1,3,4,8,-1,0,0,0,0,0,0,2,1,-1,2,1,38,7,2143,12,9,MERCEDES C CLASS,2,E01023860,0,2
2024010509557,2024,010509557,4,9,0,2,2,0,0,0,0,0,0,0,0,0,2,1,6,6,3,-1,-1,2143,2,9,MERCEDES C CLASS,-1,-1,0,-1
2024071011993,2024,071011993,1,9,0,-1,19,1,6,-1,0,1,0,10,0,7,1,1,-1,6,2,42,7,1497,8,5,MERCEDES C CLASS,-1,-1,0,-1
2024010514921,2024,010514921,1,9,0,18,19,2,6,0,0,0,0,0,7,1,1,1,6,6,2,73,10,1598,2,9,MERCEDES C CLASS,-1,-1,0,-1
2024201491667,2024,201491667,1,9,0,-1,19,3,7,-1,0,8,0,0,0,0,1,1,-1,6,-1,-1,-1,2149,2,17,MERCEDES C CLASS,-1,-1,0,-1
2024010499366,2024,010499366,2,9,9,99,99,9,9,99,99,9,9,99,9,99,9,9,6,6,1,-1,-1,2143,2,9,MERCEDES C CLASS,2,E01001558,0,3
2024010499699,2024,010499699,1,9,0,7,7,7,2,0,0,2,0,0,0,0,3,1,2,2,1,30,6,1595,1,12,MERCEDES C CLASS,7,E01004476,0,2
2024041509026,2024,041509026,1,9,0,-1,7,3,7,-1,0,0,0,0,0,0,1,1,-1,6,1,51,8,2143,2,10,MERCEDES C CLASS,2,E01012654,0,1
2024201452181,2024,201452181,2,9,0,-1,3,6,2,-1,0,0,0,0,0,0,2,1,-1,6,2,40,7,2143,-1,9,MERCEDES C CLASS,3,E01011249,0,5
2024231532078,2024,231532078,1,9,0,-1,-1,7,3,-1,-1,0,1,10,1,2,4,1,-1,-1,1,34,6,1991,8,7,MERCEDES C CLASS,2,E01009627,0,2
2024221451456,2024,221451456,2,9,0,-1,3,6,1,-1,0,8,0,0,0,0,2,9,-1,6,1,63,9,1991,1,8,MERCEDES C CLASS,4,E01020321,0,5
2024031441881,2024,031441881,1,9,0,-1,19,1,5,-1,0,0,1,7,0,0,1,1,-1,6,1,58,9,2143,2,12,MERCEDES C CLASS,-1,-1,0,-1
2024010544166,2024,010544166,1,9,0,99,99,9,9,99,99,9,9,99,9,99,2,9,6,6,1,23,5,2143,2,7,MERCEDES C CLASS,5,E01002970,0,3
2024201436997,2024,201436997,2,9,0,-1,19,2,6,-1,0,8,0,0,0,0,3,9,-1,6,1,39,7,2143,2,7,MERCEDES C CLASS,1,E01009153,0,2
2024411482321,2024,411482321,1,9,0,-1,19,4,8,-1,0,4,0,0,0,0,1,1,-1,6,1,60,9,1796,1,21,MERCEDES C CLASS,6,E01023396,0,1
2024371427534,2024,371427534,2,9,0,-1,4,1,5,-1,0,1,0,0,0,0,2,1,-1,6,2,33,6,2143,2,10,MERCEDES C CLASS,9,E01030033,0,1
2024122400900,2024,122400900,2,9,0,4,4,4,8,0,0,0,0,0,0,0,2,1,6,6,1,28,6,2143,2,11,MERCEDES C CLASS,4,E01034130,0,4
2024131458982,2024,131458982,1,9,0,-1,19,5,1,-1,0,0,0,0,0,0,1,1,-1,6,1,33,6,2143,2,10,MERCEDES C CLASS,2,E01010792,0,1
2024332400393,2024,332400393,1,9,0,-1,19,0,0,-1,0,8,0,0,0,0,1,1,-1,9,2,25,5,1497,1,6,MERCEDES C CLASS,9,E01025975,0,1
2024070201176,2024,070201176,1,9,0,5,5,8,4,0,0,4,0,0,0,0,1,1,6,6,1,57,9,1950,2,3,MERCEDES C CLASS,10,E01018641,0,1
2024361501222,2024,361501222,1,9,0,-1,19,5,1,-1,0,8,0,0,3,0,1,1,-1,2,1,42,7,2148,2,18,MERCEDES C CLASS,8,E01026518,0,2
2024421504812,2024,421504812,1,8,0,-1,19,5,1,-1,0,1,0,0,0,0,1,1,-1,1,1,-1,-1,1991,8,8,MERCEDES C CLASS,-1,-1,0,-1
2024520401981,2024,520401981,1,9,0,18,19,1,6,0,0,0,0,0,0,0,1,1,6,6,1,23,5,1999,8,2,MERCEDES C CLASS,9,E01014383,0,2
2024201445120,2024,201445120,1,9,0,-1,19,6,2,-1,0,8,0,0,0,0,1,1,-1,6,3,30,6,2148,2,20,MERCEDES C CLASS,-1,-1,0,-1
2024131494254,2024,131494254,1,9,0,-1,1,3,7,-1,0,6,0,0,1,0,0,1,-1,1,1,58,9,1991,8,9,MERCEDES C CLASS,3,E01010675,0,3
2024302400610,2024,302400610,2,9,0,4,4,6,2,0,0,0,0,0,0,0,2,1,2,2,2,57,9,1991,1,5,MERCEDES C CLASS,9,E01019449,0,1
2024010542988,2024,010542988,3,9,0,3,3,7,3,0,0,1,0,1,0,0,0,1,6,6,1,43,7,2143,2,9,MERCEDES C CLASS,7,E01002173,0,1
2024231431380,2024,231431380,2,9,0,-1,19,2,6,-1,0,8,1,0,7,10,1,1,-1,2,1,59,9,2143,2,10,MERCEDES C CLASS,4,E01031133,0,3
2024361458038,2024,361458038,1,9,0,-1,19,8,4,-1,0,0,5,4,0,0,1,1,-1,9,1,64,9,2143,2,11,MERCEDES C CLASS,4,E01026713,0,1
2024522402166,2024,522402166,1,9,0,9,9,1,7,0,0,8,0,0,0,0,1,1,6,6,2,36,7,2143,2,9,MERCEDES C CLASS,3,E01014811,0,1
2024440082943,2024,440082943,1,9,0,13,13,8,4,0,0,0,1,0,0,0,1,1,6,6,1,31,6,2143,2,14,MERCEDES C CLASS,5,E01017159,0,4
2024351460001,2024,351460001,3,9,0,-1,2,0,0,-1,0,1,1,0,1,10,3,1,-1,6,1,36,7,1497,8,5,MERCEDES C CLASS,2,E01035540,0,1
2024421480932,2024,421480932,3,9,0,-1,2,0,0,-1,0,0,0,0,0,0,4,1,-1,6,-1,-1,-1,2148,2,15,MERCEDES C CLASS,-1,-1,0,-1
2024010532695,2024,010532695,2,9,0,2,2,0,0,0,0,2,0,0,0,0,4,2,6,6,3,-1,-1,1991,1,5,MERCEDES C CLASS,-1,-1,0,-1
2024010546604,2024,010546604,2,9,9,99,99,9,9,9,9,9,9,99,9,99,9,9,6,6,1,-1,-1,1796,1,17,MERCEDES C CLASS,3,E01024384,0,4
2024211468487,2024,211468487,1,9,0,-1,9,7,3,-1,0,1,1,0,0,0,2,1,-1,6,2,27,6,2143,2,14,MERCEDES C CLASS,9,E01029854,0,1
2024010550672,2024,010550672,1,9,0,-1,-1,7,3,0,0,8,0,0,0,0,1,1,6,6,2,62,9,1998,1,23,MERCEDES C CLASS,6,E01002170,0,1
2024010502516,2024,010502516,1,9,0,18,19,4,8,0,0,8,0,0,0,0,4,1,6,6,1,29,6,2148,2,16,MERCEDES C CLASS,5,E01001973,0,1
2024161524636,2024,161524636,1,9,0,-1,10,3,8,-1,0,4,0,0,0,0,2,1,-1,2,1,57,9,2143,12,9,MERCEDES C CLASS,8,E01012909,0,1
2024451494260,2024,451494260,1,9,0,-1,19,3,1,-1,0,1,0,0,7,2,1,1,-1,9,2,85,11,1796,1,13,MERCEDES C CLASS,9,E01031004,0,1
2024131490774,2024,131490774,1,9,0,-1,19,5,1,-1,0,8,0,0,0,0,1,1,-1,6,1,44,7,2143,2,9,MERCEDES C CLASS,1,E01010830,0,1
2024071032026,2024,071032026,1,9,0,-1,19,1,5,-1,0,1,5,0,7,2,1,1,-1,9,1,33,6,2987,2,14,MERCEDES C CLASS,1,E01005477,0,4
2024471408526,2024,471408526,2,9,0,-1,1,5,3,-1,0,1,0,0,0,0,2,1,-1,9,1,49,8,1991,8,7,MERCEDES C CLASS,6,E01031607,0,1
2024430337140,2024,430337140,1,9,0,14,14,8,4,0,0,0,0,0,0,0,1,1,6,6,1,46,8,2143,2,9,MERCEDES C CLASS,-1,-1,0,-1
2024302400741,2024,302400741,2,9,0,18,19,7,4,0,0,8,0,0,0,0,4,1,6,6,1,48,8,2143,12,9,MERCEDES C CLASS,5,E01013894,0,4
2024010508883,2024,010508883,2,9,0,2,2,0,0,0,0,2,0,0,0,0,2,1,6,6,3,-1,-1,1991,1,7,MERCEDES C CLASS,-1,-1,0,-1
2024311529597,2024,311529597,1,9,0,-1,19,3,7,-1,0,1,0,0,0,0,1,1,-1,6,2,70,10,2143,2,14,MERCEDES C CLASS,5,E01013894,0,1
2024421452350,2024,421452350,1,9,0,-1,19,4,8,-1,0,0,0,0,0,0,1,9,-1,6,3,-1,-1,2148,2,22,MERCEDES C CLASS,-1,-1,0,-1
2024010534739,2024,010534739,2,9,0,99,99,9,9,99,99,6,9,99,9,99,9,9,6,6,3,-1,-1,2143,2,9,MERCEDES C CLASS,-1,-1,0,-1
2024351491978,2024,351491978,1,9,0,-1,19,5,1,-1,0,1,0,0,0,0,1,1,-1,6,1,34,6,2143,2,10,MERCEDES C CLASS,7,E01018271,0,2
2024471410001,2024,471410001,1,9,0,-1,1,8,4,-1,0,0,0,0,0,0,2,1,-1,6,1,48,8,2987,2,17,MERCEDES C CLASS,4,E01031435,0,1
2024010512135,2024,010512135,2,9,0,2,2,0,0,0,0,1,0,0,0,0,2,1,6,6,3,-1,-1,2143,2,8,MERCEDES C CLASS,-1,-1,0,-1
2024010539718,2024,010539718,2,9,0,6,6,3,3,0,0,0,0,0,0,0,4,1,1,1,1,31,6,2143,12,8,MERCEDES C CLASS,10,E01023515,0,4
2024440242497,2024,440242497,1,9,0,18,19,2,6,0,0,2,0,0,0,0,1,1,2,2,1,59,9,2987,2,17,MERCEDES C CLASS,6,E01033239,0,1
2024552400894,2024,552400894,2,9,0,13,13,4,8,0,0,0,1,0,7,4,4,1,6,6,1,56,9,1497,1,5,MERCEDES C CLASS,7,E01020475,0,4
2024421408669,2024,421408669,1,9,0,-1,11,7,3,-1,0,0,0,0,1,0,1,1,-1,6,2,49,8,2143,2,13,MERCEDES C CLASS,10,E01015889,0,3
2024440124065,2024,440124065,2,9,0,18,19,4,8,0,0,1,0,0,0,0,1,1,6,6,1,44,7,2148,2,19,MERCEDES C CLASS,6,E01022584,0,1
2024411432099,2024,411432099,3,9,-1,-1,-1,-1,-1,-1,0,0,-1,-1,-1,0,1,9,-1,9,1,48,8,2143,2,8,MERCEDES C CLASS,9,E01030964,0,4
2024430380001,2024,430380001,1,9,0,18,19,7,3,0,0,1,1,0,0,0,1,1,6,6,1,53,8,2148,2,15,MERCEDES C CLASS,7,E01016495,0,1
2024061407198,2024,061407198,1,9,0,-1,19,1,5,-1,0,8,0,0,0,0,1,1,-1,9,1,64,9,2143,2,10,MERCEDES C CLASS,3,E01006340,0,1
2024991434812,2024,991434812,2,9,0,-1,19,4,8,-1,0,2,0,0,0,0,1,1,-1,2,1,42,7,2143,2,15,MERCEDES C CLASS,1,-1,0,1
2024061495003,2024,061495003,2,9,0,-1,19,6,2,-1,0,2,0,0,7,0,1,1,-1,2,1,28,6,2143,2,10,MERCEDES C CLASS,3,E01010867,0,4
2024430119931,2024,430119931,1,9,0,18,19,6,2,0,0,8,0,0,0,0,3,1,6,6,1,34,6,2143,2,13,MERCEDES C CLASS,7,E01016209,0,1
2024122401294,2024,122401294,2,9,0,18,19,5,1,0,0,0,0,0,1,0,2,1,6,6,1,41,7,1796,1,18,MERCEDES C CLASS,1,E01012059,0,4
2024010554779,2024,010554779,2,9,0,99,99,9,9,99,99,9,9,99,9,99,2,9,6,6,3,-1,-1,1796,1,13,MERCEDES C CLASS,-1,-1,0,-1
2024131468042,2024,131468042,1,9,0,-1,19,1,5,-1,0,0,0,0,0,0,2,1,-1,2,1,57,9,2143,2,8,MERCEDES C CLASS,1,E01007291,0,5
2024010514775,2024,010514775,2,9,9,99,99,9,9,99,99,0,9,99,9,99,9,9,6,6,3,-1,-1,2143,2,9,MERCEDES C CLASS,-1,-1,0,-1
2024991478645,2024,991478645,2,9,0,-1,19,7,4,-1,0,0,0,0,0,0,4,1,-1,9,1,48,8,2143,2,8,MERCEDES C CLASS,2,-1,0,1
2024461460053,2024,461460053,1,9,0,-1,12,7,3,-1,0,0,0,0,0,0,3,1,-1,6,1,63,9,1595,1,10,MERCEDES C CLASS,5,E01033791,0,1
2024070031842,2024,070031842,2,9,0,16,19,5,8,0,0,4,1,0,0,0,2,1,6,6,1,26,6,2143,2,12,MERCEDES C CLASS,1,E01014287,0,3
2024371419846,2024,371419846,2,9,0,-1,10,5,1,-1,0,1,0,0,0,0,0,1,-1,9,1,61,9,2148,2,19,MERCEDES C CLASS,8,E01030042,0,1
2024061528500,2024,061528500,1,9,0,-1,19,5,1,-1,0,1,0,4,1,0,1,9,-1,6,1,26,6,1496,8,0,MERCEDES C CLASS,-1,-1,0,-1
2024010543778,2024,010543778,2,9,0,18,19,5,1,0,0,0,0,4,0,0,1,1,6,6,2,72,10,1597,1,15,MERCEDES C CLASS,8,E01001985,0,1
2024302400190,2024,302400190,1,9,0,9,9,8,6,0,0,0,0,0,0,0,1,1,6,6,3,-1,-1,2143,2,12,MERCEDES C CLASS,8,E01029688,0,4
2024010506526,2024,010506526,2,9,9,99,99,9,9,99,99,0,9,99,9,99,9,9,6,6,3,-1,-1,2143,2,8,MERCEDES C CLASS,-1,-1,0,-1
2024631434867,2024,631434867,1,9,0,-1,19,2,6,-1,0,8,0,0,1,10,1,1,-1,6,2,53,8,2143,2,5,MERCEDES C CLASS,7,W01000612,0,1
2024131568003,2024,131568003,2,9,0,-1,-1,-1,-1,-1,-1,8,-1,-1,-1,0,-1,1,-1,6,1,20,4,1796,1,19,MERCEDES C CLASS,2,E01010852,0,1
2024010511244,2024,010511244,2,9,0,2,2,0,0,9,9,0,0,0,0,0,4,1,6,6,3,-1,-1,2143,2,9,MERCEDES C CLASS,-1,-1,0,-1
2024131469213,2024,131469213,1,9,0,-1,19,3,7,-1,0,0,0,0,0,0,4,1,-1,6,1,33,6,1497,1,4,MERCEDES C CLASS,5,E01005040,0,4
2024421460253,2024,421460253,2,9,0,-1,19,5,1,-1,0,0,0,7,0,0,2,1,-1,9,2,48,8,1497,1,6,MERCEDES C CLASS,4,E01035006,0,4
2024461523633,2024,461523633,4,9,0,-1,4,7,2,-1,0,0,0,0,0,0,2,1,-1,9,1,31,6,1796,1,16,MERCEDES C CLASS,6,E01024764,0,4
2024371433755,2024,371433755,2,9,0,-1,19,2,6,-1,0,0,0,0,0,0,2,1,-1,9,1,70,10,2143,2,11,MERCEDES C CLASS,5,E01030058,0,3
2024010529675,2024,010529675,3,9,0,4,4,3,7,0,0,8,0,0,0,0,2,1,2,2,1,41,7,1991,8,7,MERCEDES C CLASS,2,E01004288,0,1
2024010549526,2024,010549526,2,9,0,9,9,7,6,0,0,5,0,0,0,0,1,1,6,6,2,76,11,1991,1,7,MERCEDES C CLASS,10,E01002194,0,1
2024991438739,2024,991438739,1,9,0,-1,19,3,7,-1,0,0,0,0,0,0,1,1,-1,6,2,37,7,2143,2,10,MERCEDES C CLASS,8,-1,0,4
2024610046024,2024,610046024,3,9,0,2,2,0,0,0,0,2,0,0,0,0,3,1,6,6,3,-1,-1,2987,2,18,MERCEDES C CLASS,-1,-1,0,-1
2024041441906,2024,041441906,1,9,0,-1,19,5,1,-1,0,0,1,0,5,6,1,1,-1,2,1,41,7,2143,2,6,MERCEDES C CLASS,2,E01025274,0,2
2024522402546,2024,522402546,2,9,0,18,19,1,3,0,0,1,0,0,0,0,1,1,6,6,1,34,6,2143,2,13,MERCEDES C CLASS,5,E01014843,0,1
2024131423394,2024,131423394,2,9,0,-1,11,7,3,-1,0,0,0,0,0,0,1,1,-1,6,1,24,5,2987,2,14,MERCEDES C CLASS,1,E01010735,0,2
2024461456321,2024,461456321,2,9,0,-1,4,6,2,-1,0,0,0,0,0,0,4,1,-1,6,2,55,8,1950,2,5,MERCEDES C CLASS,10,E01032827,0,3
2024211413470,2024,211413470,1,9,0,-1,19,4,6,-1,9,3,1,0,3,0,1,1,-1,2,1,23,5,2149,2,17,MERCEDES C CLASS,1,E01033888,0,3
2024451410920,2024,451410920,2,9,0,-1,19,5,1,-1,0,0,0,0,0,0,1,1,-1,6,1,42,7,2143,2,8,MERCEDES C CLASS,7,E01034594,0,4
202460Q119651,2024,60Q119651,1,9,0,13,13,1,5,0,0,0,0,0,0,0,2,1,6,6,1,32,6,2143,2,9,MERCEDES C CLASS,-1,-1,0,-1
2024411484963,2024,411484963,1,9,0,-1,19,5,1,-1,0,8,0,0,0,0,1,1,-1,6,2,67,10,1796,1,20,MERCEDES C CLASS,2,E01001447,0,2
2024131430086,2024,131430086,1,9,0,-1,19,3,3,-1,0,8,0,0,0,0,4,1,-1,6,1,37,7,2143,2,15,MERCEDES C CLASS,1,E01010839,0,1
2024101510036,2024,101510036,1,9,0,-1,6,5,1,-1,0,0,0,0,0,0,1,1,-1,6,1,39,7,1597,2,5,MERCEDES C CLASS,-1,-1,0,-1
2024340WN6212,2024,340WN6212,2,9,0,-1,19,7,3,-1,0,0,0,0,0,0,2,1,-1,1,2,54,8,2143,2,12,MERCEDES C CLASS,4,E01035429,0,3
2024010500173,2024,010500173,1,8,0,18,19,1,5,0,0,0,0,0,0,0,3,1,1,1,1,34,6,1991,8,8,MERCEDES C CLASS,3,E01003352,0,2
2024461431778,2024,461431778,2,9,0,-1,5,5,8,-1,0,4,0,0,0,0,2,1,-1,6,2,42,7,2143,2,6,MERCEDES C CLASS,7,E01035279,0,1
2024010536414,2024,010536414,2,9,0,99,99,9,9,99,99,9,9,99,9,99,9,9,6,6,3,-1,-1,1598,2,9,MERCEDES C CLASS,-1,-1,0,-1
2024451443768,2024,451443768,2,9,0,-1,19,5,6,-1,0,1,0,0,0,0,1,1,-1,6,1,50,8,2148,2,16,MERCEDES C CLASS,-1,-1,0,-1
2024991425138,2024,991425138,1,9,0,-1,19,4,8,-1,0,0,0,0,0,0,1,1,-1,9,1,30,6,2143,2,8,MERCEDES C CLASS,1,-1,0,1
2024070624125,2024,070624125,3,9,0,4,4,5,1,0,0,2,0,0,0,0,2,1,2,2,1,35,6,1998,1,22,MERCEDES C CLASS,9,E01018529,0,1
2024440038049,2024,440038049,1,9,0,18,19,4,8,0,0,0,0,0,0,0,4,1,6,6,1,27,6,2148,2,16,MERCEDES C CLASS,7,E01035448,0,1
2024371526440,2024,371526440,2,9,0,-1,19,1,6,-1,0,0,0,0,0,0,2,1,-1,2,1,53,8,2148,2,19,MERCEDES C CLASS,7,E01030019,0,3
2024131461153,2024,131461153,2,9,0,-1,13,7,3,-1,0,0,0,0,2,4,4,1,-1,2,1,38,7,2987,2,12,MERCEDES C CLASS,2,E01032923,0,2
2024010519825,2024,010519825,1,9,0,5,5,5,1,0,0,2,0,0,0,0,1,1,6,6,1,57,9,1999,8,0,MERCEDES C CLASS,7,E01000298,0,3
2024471416027,2024,471416027,10,9,0,-1,19,7,3,-1,0,0,1,0,0,0,1,1,-1,6,1,24,5,1595,1,12,MERCEDES C CLASS,7,E01030864,0,4
2024302401136,2024,302401136,1,9,0,17,19,6,3,0,0,8,0,0,0,0,3,1,6,6,1,29,6,2143,2,10,MERCEDES C CLASS,9,E01034653,0,3
2024332400175,2024,332400175,1,9,0,-1,9,7,5,-1,0,5,0,0,0,0,3,1,-1,6,1,67,10,2143,2,9,MERCEDES C CLASS,6,E01025723,0,1
202454A420224,2024,54A420224,1,9,0,18,19,1,5,0,0,0,0,0,0,0,1,1,6,6,2,31,6,2143,2,13,MERCEDES C CLASS,8,E01032053,0,2
2024010515318,2024,010515318,2,9,0,18,19,1,5,0,0,0,0,0,0,0,1,1,6,6,1,-1,-1,1950,2,4,MERCEDES C CLASS,-1,-1,0,-1
2024010536287,2024,010536287,1,9,0,5,5,0,5,0,0,0,0,0,0,0,1,1,6,6,3,-1,-1,1796,1,16,MERCEDES C CLASS,-1,-1,0,-1
2024451412172,2024,451412172,3,9,0,-1,2,0,0,-1,0,2,0,0,0,0,0,1,-1,6,-1,-1,-1,1796,1,16,MERCEDES C CLASS,-1,-1,0,-1
2024351580648,2024,351580648,2,9,0,-1,19,1,5,-1,0,0,0,0,0,0,3,1,-1,6,2,32,6,2143,2,10,MERCEDES C CLASS,10,E01018055,0,2
2024440557684,2024,440557684,1,9,0,4,4,8,4,0,0,8,0,0,0,0,1,1,6,6,1,22,5,2143,2,12,MERCEDES C CLASS,2,E01022655,0,1
2024471416027,2024,471416027,12,9,0,-1,19,7,3,-1,0,0,1,0,0,0,1,1,-1,6,2,46,8,2143,2,15,MERCEDES C CLASS,10,E01000757,0,4
2024371521882,2024,371521882,1,9,0,-1,7,8,3,-1,0,6,0,0,0,0,0,1,-1,6,2,34,6,2143,2,11,MERCEDES C CLASS,5,E01030141,0,3
2024010537520,2024,010537520,1,9,0,99,99,9,9,99,99,9,9,99,9,99,2,9,6,6,2,54,8,1796,1,13,MERCEDES C CLASS,6,E01023570,0,2
2024041497131,2024,041497131,2,9,0,-1,2,0,0,-1,0,1,0,0,0,0,4,1,-1,6,-1,-1,-1,2143,2,9,MERCEDES C CLASS,-1,-1,0,-1
2024131408223,2024,131408223,1,9,0,-1,9,3,4,-1,0,8,0,0,0,0,1,1,-1,6,2,67,10,1796,1,12,MERCEDES C CLASS,1,E01011626,0,1
2024010507256,2024,010507256,2,9,0,18,19,1,5,0,0,1,0,0,0,0,4,1,6,6,1,49,8,1991,1,10,MERCEDES C CLASS,-1,-1,0,-1
2024430277867,2024,430277867,2,9,0,3,3,8,4,0,0,1,0,0,0,0,2,1,6,6,1,49,8,2143,2,9,MERCEDES C CLASS,6,E01016824,0,2
2024501431520,2024,501431520,1,9,0,-1,19,3,8,-1,0,0,0,4,0,0,3,1,-1,9,1,40,7,2148,2,17,MERCEDES C CLASS,4,E01015164,0,2
2024201438776,2024,201438776,2,9,0,-1,19,3,7,-1,0,2,0,0,0,0,1,1,-1,6,1,39,7,2143,12,8,MERCEDES C CLASS,3,E01009216,0,2
2024052402841,2024,052402841,1,9,0,18,19,5,1,0,0,1,0,0,0,0,1,1,6,6,2,44,7,2143,2,12,MERCEDES C CLASS,1,E01007272,0,1
2024552401279,2024,552401279,3,9,0,18,19,6,2,0,0,0,0,0,0,0,3,1,6,6,1,55,8,2148,2,15,MERCEDES C CLASS,8,E01020478,0,3
2024010491891,2024,010491891,1,9,0,99,99,9,9,99,99,0,9,99,9,99,9,9,6,6,2,56,9,1991,1,8,MERCEDES C CLASS,9,E01002432,0,2
2024401451576,2024,401451576,1,9,0,-1,19,1,5,-1,0,0,0,0,0,0,1,1,-1,6,1,25,5,2143,2,6,MERCEDES C CLASS,10,E01033190,0,3
2024101461851,2024,101461851,2,9,0,-1,4,8,4,-1,0,0,0,0,0,0,2,1,-1,9,2,30,6,2143,2,7,MERCEDES C CLASS,5,E01020590,0,2
2024010549809,2024,010549809,1,9,0,7,7,8,3,0,0,0,0,0,0,0,4,1,6,6,1,46,8,1796,1,12,MERCEDES C CLASS,3,E01001858,0,1
2024061494597,2024,061494597,1,9,0,-1,19,4,1,-1,0,0,1,7,1,10,1,1,-1,9,1,31,6,2143,2,8,MERCEDES C CLASS,2,E01001219,0,5
2024201435257,2024,201435257,2,9,0,-1,19,5,1,-1,0,5,0,0,0,0,3,9,-1,9,1,31,6,2143,2,12,MERCEDES C CLASS,1,E01008896,0,1
2024340WN6092,2024,340WN6092,1,9,0,-1,5,3,7,-1,0,8,0,0,0,0,3,1,-1,2,1,39,7,1991,1,10,MERCEDES C CLASS,8,E01027260,0,1
2024131511153,2024,131511153,2,9,0,-1,19,5,1,-1,0,1,0,0,0,0,3,1,-1,1,1,30,6,2143,2,8,MERCEDES C CLASS,1,E01022311,0,5
2024010539139,2024,010539139,1,9,0,18,19,5,1,0,0,0,0,0,0,0,1,1,6,6,2,21,5,2143,12,7,MERCEDES C CLASS,3,E01001546,0,3
2024101436013,2024,101436013,2,9,0,-1,10,1,7,-1,0,0,0,0,0,0,2,1,-1,2,2,45,7,1991,1,9,MERCEDES C CLASS,5,E01008758,0,1
2024141521279,2024,141521279,1,9,0,-1,19,5,5,-1,0,0,0,0,0,0,2,1,-1,2,1,44,7,2143,2,8,MERCEDES C CLASS,1,E01007737,0,3
2024221486794,2024,221486794,3,9,0,-1,2,0,0,-1,0,0,0,0,0,0,3,1,-1,6,2,24,5,2143,2,9,MERCEDES C CLASS,1,E01014120,0,1
2024461409982,2024,461409982,1,9,0,-1,19,3,7,-1,0,1,0,0,0,0,1,9,-1,9,2,70,10,1991,1,8,MERCEDES C CLASS,4,E01024364,0,3
2024010540737,2024,010540737,1,9,0,99,99,9,9,99,99,9,9,99,9,99,2,1,6,6,3,-1,-1,1497,8,4,MERCEDES C CLASS,-1,-1,0,-1
2024010522760,2024,010522760,2,9,0,99,99,9,9,99,99,9,9,99,9,99,2,9,6,6,3,-1,-1,1796,1,19,MERCEDES C CLASS,-1,-1,0,-1
2024991515297,2024,991515297,1,9,0,-1,19,7,3,-1,0,1,0,0,1,0,1,1,-1,9,2,27,6,2148,2,19,MERCEDES C CLASS,8,-1,0,4
2024991434552,2024,991434552,2,9,0,-1,2,7,3,-1,0,0,0,0,0,0,1,1,-1,6,-1,-1,-1,2143,2,8,MERCEDES C CLASS,-1,-1,0,-1
2024101427177,2024,101427177,2,9,0,-1,9,1,3,-1,0,0,0,0,0,0,2,1,-1,9,1,42,7,1796,1,14,MERCEDES C CLASS,5,E01008352,0,4
2024411451492,2024,411451492,1,9,-1,-1,-1,-1,-1,-1,-1,-1,-1,-1,-1,0,-1,9,-1,6,1,-1,-1,1796,1,14,MERCEDES C CLASS,2,E01002099,0,4
2024010523179,2024,010523179,1,9,0,18,19,1,5,0,0,1,0,0,0,0,3,1,6,6,2,41,7,2143,2,14,MERCEDES C CLASS,3,E01000100,0,1
2024411518468,2024,411518468,1,9,0,-1,4,3,7,-1,0,0,2,10,1,0,1,1,-1,1,1,40,7,2148,2,15,MERCEDES C CLASS,4,E01023788,0,4