collision_index,collision_year,collision_ref_no,vehicle_reference,vehicle_type,towing_and_articulation,vehicle_manoeuvre_historic,vehicle_manoeuvre,vehicle_direction_from,vehicle_direction_to,vehicle_location_restricted_lane_historic,vehicle_location_restricted_lane,junction_location,skidding_and_overturning,hit_object_in_carriageway,vehicle_leaving_carriageway,hit_object_off_carriageway,first_point_of_impact,vehicle_left_hand_drive,journey_purpose_of_driver_historic,journey_purpose_of_driver,sex_of_driver,age_of_driver,age_band_of_driver,engine_capacity_cc,propulsion_code,age_of_vehicle,generic_make_model,driver_imd_decile,lsoa_of_driver,escooter_flag,driver_distance_banding
2024010512293,2024,010512293,1,9,0,18,19,5,1,0,0,0,0,0,0,0,1,1,1,1,1,30,6,2143,12,9,MERCEDES C CLASS,5,E01001556,0,1
2024010515884,2024,010515884,1,9,0,18,19,5,1,0,0,0,0,0,7,4,1,1,6,6,1,30,6,1595,1,12,MERCEDES C CLASS,5,E01033916,0,2
2024041421213,2024,041421213,3,9,0,-1,19,3,3,-1,0,0,0,0,0,0,4,1,-1,6,1,38,7,1796,1,17,MERCEDES C CLASS,3,E01025138,0,1
2024010519823,2024,010519823,2,9,9,18,19,3,7,0,0,1,0,0,0,0,9,9,6,6,1,-1,-1,2148,2,18,MERCEDES C CLASS,-1,-1,0,-1
2024471442242,2024,471442242,1,9,0,-1,9,1,3,-1,0,1,0,0,1,0,1,1,-1,9,1,42,7,2143,2,10,MERCEDES C CLASS,8,E01031707,0,3
2024421478533,2024,421478533,1,9,0,-1,19,5,1,-1,0,0,0,4,0,0,3,1,-1,9,2,34,6,2143,2,11,MERCEDES C CLASS,6,E01015863,0,1
2024421528165,2024,421528165,1,9,0,-1,-1,-1,-1,-1,-1,0,-1,-1,-1,0,-1,9,-1,6,3,-1,-1,2987,2,13,MERCEDES C CLASS,-1,-1,0,-1
2024010498572,2024,010498572,2,9,0,99,99,9,9,99,99,9,9,99,9,99,9,9,6,6,3,-1,-1,1991,8,8,MERCEDES C CLASS,-1,-1,0,-1
2024010507547,2024,010507547,1,9,0,99,99,9,9,99,99,9,9,99,9,99,9,9,6,6,2,27,6,1497,1,5,MERCEDES C CLASS,3,E01034387,0,1
2024010524247,2024,010524247,1,9,0,99,99,9,9,0,0,9,0,0,0,0,3,9,6,6,2,44,7,1991,1,6,MERCEDES C CLASS,7,E01035717,0,1
2024211522651,2024,211522651,1,8,0,-1,19,1,5,-1,0,0,0,0,0,0,1,1,-1,1,1,28,6,2143,2,7,MERCEDES C CLASS,-1,-1,0,-1
2024221532831,2024,221532831,1,9,0,-1,7,4,6,-1,0,4,0,0,0,0,1,9,-1,6,1,-1,-1,2149,2,16,MERCEDES C CLASS,1,E01032471,0,1
2024010505241,2024,010505241,1,9,0,99,99,9,9,99,99,9,9,99,9,99,1,9,2,2,1,27,6,2143,2,9,MERCEDES C CLASS,3,E01001476,0,1
2024010533099,2024,010533099,2,9,0,99,99,9,9,99,99,9,9,99,9,99,1,9,6,6,3,47,8,1497,1,6,MERCEDES C CLASS,4,E01002559,0,1
2024451445787,2024,451445787,1,9,0,-1,19,7,3,-1,0,0,0,0,1,0,1,1,-1,9,1,77,11,2143,2,15,MERCEDES C CLASS,10,E01030998,0,1
2024332401066,2024,332401066,1,9,0,-1,5,1,5,-1,0,3,0,0,0,0,4,1,-1,9,1,50,8,2143,2,13,MERCEDES C CLASS,10,E01025708,0,1
2024201433416,2024,201433416,2,9,0,-1,19,3,7,-1,0,6,0,0,0,0,4,1,-1,6,1,25,5,1796,1,13,MERCEDES C CLASS,4,E01009658,0,1
2024421521405,2024,421521405,2,9,0,-1,9,4,1,-1,0,3,0,0,0,0,4,1,-1,9,1,36,7,2987,2,11,MERCEDES C CLASS,4,E01021461,0,1
2024421499954,2024,421499954,1,9,0,-1,13,4,8,-1,0,1,0,0,7,10,1,1,-1,2,1,34,6,2143,2,7,MERCEDES C CLASS,2,E01001433,0,4
2024010501494,2024,010501494,1,9,0,17,19,1,5,0,0,8,0,0,0,0,3,1,6,6,1,22,5,2143,2,7,MERCEDES C CLASS,9,E01000453,0,3
2024141513691,2024,141513691,2,9,0,-1,19,5,1,-1,0,0,0,0,0,0,2,1,-1,9,1,54,8,1991,1,8,MERCEDES C CLASS,7,E01007582,0,2
2024332400102,2024,332400102,1,9,0,-1,3,6,2,-1,0,0,0,0,0,0,2,1,-1,6,2,35,6,2143,2,14,MERCEDES C CLASS,4,E01013663,0,1
2024340NN4432,2024,340NN4432,2,9,0,-1,19,5,1,-1,0,1,0,0,0,0,1,1,-1,2,2,23,5,2143,2,13,MERCEDES C CLASS,3,E01027330,0,1
2024311408628,2024,311408628,2,9,0,-1,4,7,2,-1,0,0,0,0,0,0,1,1,-1,6,1,29,6,2143,2,7,MERCEDES C CLASS,1,E01013947,0,1
2024401538933,2024,401538933,1,9,0,-1,5,1,5,-1,0,3,0,0,0,0,1,1,-1,6,1,29,6,1950,2,5,MERCEDES C CLASS,-1,-1,0,-1
2024052402431,2024,052402431,1,9,0,18,19,6,2,0,0,1,0,0,0,0,4,1,3,7,2,71,10,2143,2,6,MERCEDES C CLASS,9,E01012376,0,3
2024010540548,2024,010540548,1,9,0,9,9,1,7,0,0,6,0,0,0,0,1,1,6,6,2,25,5,2143,2,7,MERCEDES C CLASS,3,E01034140,0,1
2024122400444,2024,122400444,1,9,0,18,19,1,5,0,0,0,0,7,4,6,3,1,6,6,1,65,9,1597,1,15,MERCEDES C CLASS,4,E01028992,0,5
2024461446990,2024,461446990,2,9,0,-1,19,-1,-1,-1,0,8,0,0,0,0,1,9,-1,6,2,66,10,2148,2,16,MERCEDES C CLASS,2,E01024263,0,1
2024371437968,2024,371437968,2,9,0,-1,19,2,5,-1,0,1,0,0,1,0,1,1,-1,9,2,53,8,1497,8,5,MERCEDES C CLASS,7,E01030083,0,2
2024131451990,2024,131451990,1,9,0,-1,9,2,1,-1,0,5,0,0,0,0,1,1,-1,6,3,-1,-1,1991,1,5,MERCEDES C CLASS,-1,-1,0,-1
2024221417270,2024,221417270,2,9,0,-1,2,0,0,-1,0,2,0,0,0,0,2,9,-1,9,1,43,7,2143,2,12,MERCEDES C CLASS,1,E01009160,0,1
2024101491915,2024,101491915,2,9,0,-1,3,3,7,-1,0,0,0,0,0,0,2,2,-1,6,2,40,7,2143,2,9,MERCEDES C CLASS,1,E01033547,0,1
2024461452873,2024,461452873,1,9,0,-1,19,7,3,-1,0,0,1,0,2,0,2,9,-1,2,1,63,9,1497,8,5,MERCEDES C CLASS,8,E01033088,0,2
2024471517540,2024,471517540,1,9,0,-1,3,1,5,-1,0,1,0,0,0,0,2,1,-1,9,1,69,10,2143,2,7,MERCEDES C CLASS,6,E01031514,0,2
2024010489172,2024,010489172,1,9,0,4,4,7,3,9,9,0,0,0,0,0,1,1,6,6,1,22,5,2143,2,9,MERCEDES C CLASS,4,E01003719,0,1
2024111485448,2024,111485448,3,9,0,-1,19,4,8,-1,0,1,0,0,0,0,1,1,-1,6,1,34,6,2143,2,12,MERCEDES C CLASS,8,E01027549,0,4
2024542673224,2024,542673224,1,9,0,18,19,1,5,0,0,1,0,0,0,0,1,1,6,6,1,41,7,2143,2,13,MERCEDES C CLASS,9,E01031879,0,4
2024201418579,2024,201418579,2,9,0,-1,19,8,4,-1,0,8,1,0,0,0,1,1,-1,9,1,47,8,2143,2,12,MERCEDES C CLASS,2,E01029835,0,4
2024010559564,2024,010559564,2,9,0,99,99,9,9,99,99,9,9,99,9,99,2,9,6,6,2,31,6,1597,1,15,MERCEDES C CLASS,2,E01001786,0,1
2024430588377,2024,430588377,2,9,0,18,19,8,4,0,0,1,0,0,0,0,1,1,6,6,2,35,6,1796,1,20,MERCEDES C CLASS,2,E01016806,0,1
2024201519605,2024,201519605,1,9,0,-1,19,5,1,-1,0,0,0,0,0,0,4,1,-1,6,-1,-1,-1,2143,2,9,MERCEDES C CLASS,-1,-1,0,-1
2024471435824,2024,471435824,1,9,0,-1,19,5,1,-1,0,0,5,0,0,0,1,1,-1,2,2,69,10,2143,2,6,MERCEDES C CLASS,3,E01030547,0,3
2024010521723,2024,010521723,1,9,0,18,19,3,7,0,0,2,5,4,0,0,4,1,6,6,1,34,6,1796,1,20,MERCEDES C CLASS,3,E01000184,0,1
2024010540421,2024,010540421,1,8,0,99,99,9,9,99,99,0,9,99,9,99,9,9,1,1,1,65,9,1991,1,9,MERCEDES C CLASS,3,E01003179,0,1
2024141414532,2024,141414532,2,9,0,-1,7,3,5,-1,0,6,0,0,0,0,1,1,-1,6,3,-1,-1,2143,2,15,MERCEDES C CLASS,-1,-1,0,-1
2024010516358,2024,010516358,1,9,0,9,9,1,7,0,0,5,0,0,1,0,1,1,6,6,2,51,8,1497,8,5,MERCEDES C CLASS,5,E01001194,0,1
2024411417166,2024,411417166,3,9,0,-1,4,5,1,-1,0,0,0,0,0,0,2,1,-1,6,1,34,6,1796,1,17,MERCEDES C CLASS,4,E01000171,0,3
2024451436569,2024,451436569,1,9,0,-1,-1,-1,-1,-1,-1,1,-1,-1,-1,0,1,1,-1,6,3,-1,-1,2148,2,15,MERCEDES C CLASS,5,E01030974,0,1
2024461431749,2024,461431749,3,9,0,-1,19,8,4,-1,0,1,0,0,0,0,1,1,-1,2,1,51,8,2143,2,10,MERCEDES C CLASS,4,E01021777,0,4
2024522401750,2024,522401750,1,9,0,17,19,2,1,0,0,8,0,0,0,0,1,1,6,6,1,32,6,1991,8,8,MERCEDES C CLASS,9,E01014796,0,3
2024401499207,2024,401499207,1,8,0,-1,-1,-1,-1,-1,-1,0,-1,-1,-1,0,4,1,-1,6,1,26,6,1991,8,7,MERCEDES C CLASS,4,E01001087,0,4
2024141533152,2024,141533152,1,9,0,-1,19,2,6,-1,0,0,0,0,0,0,1,1,-1,9,1,31,6,2143,2,9,MERCEDES C CLASS,9,E01007749,0,2
2024010518070,2024,010518070,2,9,0,18,19,7,3,0,0,0,0,0,0,0,3,1,6,6,3,-1,-1,2143,2,6,MERCEDES C CLASS,-1,-1,0,-1
2024351452364,2024,351452364,2,9,0,-1,9,7,5,-1,0,6,0,0,0,0,4,1,-1,9,2,46,8,1999,8,0,MERCEDES C CLASS,10,E01018176,0,3
2024201449422,2024,201449422,2,9,0,-1,3,6,2,-1,0,0,0,0,0,0,2,9,-1,1,1,31,6,2143,2,10,MERCEDES C CLASS,3,E01009568,0,1
2024052400608,2024,052400608,1,9,0,18,19,6,2,0,0,0,0,0,0,0,1,1,2,2,1,63,9,2143,2,11,MERCEDES C CLASS,1,E01006672,0,1
2024552400619,2024,552400619,1,9,0,4,4,8,4,0,0,0,0,0,0,0,2,1,6,6,2,34,6,2143,2,12,MERCEDES C CLASS,6,E01020439,0,3
2024010525579,2024,010525579,1,9,0,9,9,7,5,0,0,1,0,0,0,0,1,1,6,6,2,30,6,1991,8,6,MERCEDES C CLASS,2,E01016438,0,4
2024010514090,2024,010514090,1,9,0,9,9,8,6,0,0,1,0,0,1,11,3,1,6,6,2,46,8,2143,2,9,MERCEDES C CLASS,5,E01000747,0,2
2024052401183,2024,052401183,1,9,0,18,19,1,5,0,0,1,0,0,0,0,1,1,6,6,1,44,7,2143,2,12,MERCEDES C CLASS,2,E01006784,0,2
2024201452509,2024,201452509,2,9,0,-1,19,6,2,-1,0,0,0,0,0,0,2,1,-1,6,-1,-1,-1,1950,2,5,MERCEDES C CLASS,-1,-1,0,-1
2024010546211,2024,010546211,1,9,0,2,2,0,0,0,0,2,0,0,0,0,0,1,6,6,3,-1,-1,1598,2,7,MERCEDES C CLASS,-1,-1,0,-1
2024421454107,2024,421454107,1,9,0,-1,9,5,3,-1,0,6,0,0,0,0,1,1,-1,9,1,35,6,2143,2,12,MERCEDES C CLASS,3,E01003708,0,4
2024101456140,2024,101456140,1,9,0,-1,9,5,3,-1,0,1,0,0,0,0,3,1,-1,6,2,26,6,1991,1,5,MERCEDES C CLASS,4,E01006332,0,5
2024302400324,2024,302400324,1,9,0,5,5,6,2,0,0,0,0,0,0,0,1,1,6,6,1,35,6,2148,2,16,MERCEDES C CLASS,1,E01019799,0,1
2024451452967,2024,451452967,1,9,0,-1,20,3,7,-1,0,0,0,4,0,0,1,1,-1,9,2,41,7,1796,1,13,MERCEDES C CLASS,6,E01002616,0,1
2024201494464,2024,201494464,2,9,0,-1,3,8,4,-1,0,8,0,0,0,0,1,1,-1,6,1,51,8,1595,1,12,MERCEDES C CLASS,1,E01009153,0,4
2024201455912,2024,201455912,2,9,0,-1,19,7,3,-1,0,8,0,10,7,0,4,9,-1,6,1,25,5,2148,2,15,MERCEDES C CLASS,2,E01010559,0,1
2024010513697,2024,010513697,2,9,9,99,99,9,9,99,99,9,9,99,9,99,9,9,6,6,3,-1,-1,2143,2,13,MERCEDES C CLASS,-1,-1,0,-1
2024631439604,2024,631439604,2,9,0,-1,4,6,2,-1,0,1,0,0,0,0,2,1,-1,6,1,57,9,2143,12,7,MERCEDES C CLASS,8,W01000557,0,1
2024131463920,2024,131463920,2,9,0,-1,19,8,4,-1,0,8,0,0,0,0,3,1,-1,9,1,33,6,1950,2,4,MERCEDES C CLASS,2,E01011232,0,1
2024010530942,2024,010530942,1,9,0,18,19,7,3,0,0,0,0,0,0,0,1,1,6,6,3,-1,-1,1796,1,18,MERCEDES C CLASS,-1,-1,0,-1
2024010545554,2024,010545554,2,9,0,99,99,9,9,99,99,9,9,99,9,99,9,9,6,6,3,63,9,1796,1,14,MERCEDES C CLASS,3,E01004575,0,1
2024141460491,2024,141460491,3,9,0,-1,19,5,1,-1,0,1,0,0,0,0,1,1,-1,9,1,26,6,3199,1,20,MERCEDES C CLASS,2,E01007470,0,1
2024371566652,2024,371566652,3,9,0,-1,19,3,7,-1,0,0,0,0,0,0,2,1,-1,2,1,36,7,2143,2,8,MERCEDES C CLASS,2,E01030024,0,1
2024010528678,2024,010528678,2,9,0,14,14,3,7,0,0,1,0,0,0,0,1,1,6,6,3,-1,-1,2148,2,15,MERCEDES C CLASS,-1,-1,0,-1
2024010506224,2024,010506224,3,9,0,2,2,0,0,0,0,0,0,0,0,0,0,1,6,6,3,-1,-1,2143,12,8,MERCEDES C CLASS,-1,-1,0,-1
2024061514385,2024,061514385,1,9,0,-1,19,8,4,-1,0,0,0,0,0,0,1,1,-1,6,1,38,7,2143,2,13,MERCEDES C CLASS,-1,-1,0,-1
2024451394130,2024,451394130,1,9,0,-1,19,3,7,-1,0,0,5,0,1,9,3,1,-1,1,1,29,6,2143,2,9,MERCEDES C CLASS,2,E01001710,0,4
2024631483972,2024,631483972,1,9,0,-1,19,1,5,-1,0,0,0,0,0,0,1,1,-1,9,2,33,6,2148,2,16,MERCEDES C CLASS,5,W01000455,0,1
2024501421880,2024,501421880,2,9,0,-1,19,1,5,-1,0,2,0,0,0,0,1,1,-1,2,1,41,7,2987,2,12,MERCEDES C CLASS,3,E01020018,0,1
2024201458229,2024,201458229,1,9,0,-1,19,3,7,-1,0,8,0,0,0,0,1,9,-1,6,1,34,6,2143,2,9,MERCEDES C CLASS,2,E01010052,0,1
2024501423349,2024,501423349,1,9,0,-1,19,5,1,-1,0,0,0,0,0,0,1,1,-1,9,1,60,9,2143,2,8,MERCEDES C CLASS,6,E01020172,0,1
2024440327832,2024,440327832,1,9,0,18,19,5,1,0,0,0,1,0,0,0,1,1,6,6,2,35,6,2143,2,10,MERCEDES C CLASS,6,E01035452,0,4
2024411500901,2024,411500901,1,9,0,-1,19,7,3,-1,0,2,0,0,0,0,1,1,-1,9,2,57,9,2143,2,9,MERCEDES C CLASS,10,E01023443,0,2
2024211473782,2024,211473782,2,9,0,-1,19,1,5,-1,0,0,0,0,0,0,2,1,-1,6,1,23,5,1497,1,6,MERCEDES C CLASS,1,E01014249,0,1
2024311462999,2024,311462999,2,9,0,-1,19,1,5,-1,0,1,0,0,0,0,1,1,-1,2,1,55,8,1497,1,6,MERCEDES C CLASS,10,E01007600,0,4
2024061393769,2024,061393769,1,9,0,-1,19,1,5,-1,0,0,1,0,0,0,1,1,-1,2,2,21,5,2143,2,6,MERCEDES C CLASS,2,E01004871,0,2
2024201468199,2024,201468199,1,9,0,-1,5,6,1,-1,0,8,0,0,0,0,1,1,-1,6,-1,16,4,2143,2,11,MERCEDES C CLASS,-1,-1,0,-1
2024631464444,2024,631464444,1,9,0,-1,5,6,2,-1,0,8,0,0,0,0,1,1,-1,6,1,58,9,2143,2,9,MERCEDES C CLASS,3,W01002010,0,1
2024131448561,2024,131448561,2,9,0,-1,5,5,2,-1,-1,0,0,0,0,0,3,1,-1,6,1,32,6,2143,2,7,MERCEDES C CLASS,1,E01011659,0,1
2024201436415,2024,201436415,1,9,0,-1,7,8,2,-1,0,6,0,0,0,0,4,1,-1,9,1,29,6,2148,2,15,MERCEDES C CLASS,2,E01009747,0,1
2024411458411,2024,411458411,1,9,0,-1,15,6,2,-1,0,0,0,0,0,0,4,1,-1,6,2,28,6,2143,2,6,MERCEDES C CLASS,9,E01033310,0,1
2024141483827,2024,141483827,1,9,0,-1,19,6,2,-1,0,2,5,0,1,0,1,1,-1,6,1,27,6,2143,2,11,MERCEDES C CLASS,2,E01007349,0,1
2024522402293,2024,522402293,2,9,0,9,9,1,7,0,0,6,0,0,0,0,1,1,6,6,1,54,8,1950,2,6,MERCEDES C CLASS,2,E01014579,0,1
2024340WN5052,2024,340WN5052,1,8,0,-1,5,3,7,-1,0,0,0,0,0,0,2,1,-1,1,1,-1,-1,2143,2,6,MERCEDES C CLASS,-1,-1,0,-1
2024451398105,2024,451398105,3,9,0,-1,2,0,0,-1,0,0,0,4,0,0,1,1,-1,6,-1,-1,-1,1796,1,18,MERCEDES C CLASS,-1,-1,0,-1
2024320729521,2024,320729521,1,9,0,-1,-1,8,4,0,0,0,1,0,1,9,1,1,-1,-1,2,33,6,2143,2,9,MERCEDES C CLASS,-1,-1,0,-1
2024010510654,2024,010510654,2,9,0,18,19,3,7,0,0,1,0,0,0,0,1,1,6,6,1,33,6,1796,1,13,MERCEDES C CLASS,7,E01001292,0,1
2024201413510,2024,201413510,1,9,0,-1,9,1,6,-1,0,6,0,0,0,0,1,9,-1,6,1,44,7,1991,8,8,MERCEDES C CLASS,4,E01010252,0,1
2024010527762,2024,010527762,1,9,0,99,99,9,9,99,99,9,9,99,9,99,9,9,6,6,1,55,8,1991,1,6,MERCEDES C CLASS,4,E01002313,0,2
2024010526421,2024,010526421,3,9,0,15,15,5,1,0,0,0,0,0,0,0,0,1,6,6,1,39,7,1991,1,9,MERCEDES C CLASS,7,E01017623,0,4
2024010520582,2024,010520582,2,9,0,99,99,9,9,99,99,9,9,99,9,99,9,9,6,6,2,37,7,1950,12,3,MERCEDES C CLASS,10,E01003858,0,1
2024061395210,2024,061395210,1,9,0,-1,19,5,1,-1,0,0,1,0,0,0,1,2,-1,6,1,45,7,2143,2,10,MERCEDES C CLASS,-1,-1,0,-1
2024201524314,2024,201524314,2,9,0,-1,19,1,5,-1,0,4,0,0,0,0,2,1,-1,6,3,-1,-1,2143,2,12,MERCEDES C CLASS,-1,-1,0,-1
2024131474606,2024,131474606,1,9,0,-1,19,7,3,-1,0,0,0,0,0,0,1,1,-1,9,1,26,6,1496,8,0,MERCEDES C CLASS,3,E01011037,0,3
202454A729724,2024,54A729724,2,9,0,2,2,0,0,0,0,0,0,0,0,0,4,1,6,6,3,-1,-1,1796,1,17,MERCEDES C CLASS,-1,-1,0,-1
2024041395361,2024,041395361,1,9,0,-1,19,3,7,-1,0,0,2,0,1,11,1,1,-1,2,2,30,6,1796,1,18,MERCEDES C CLASS,1,E01005321,0,4
2024451437122,2024,451437122,2,9,0,-1,9,2,6,-1,0,5,0,0,0,0,1,1,-1,9,1,33,6,2148,2,15,MERCEDES C CLASS,3,E01000041,0,4
2024010527569,2024,010527569,2,9,0,18,19,5,1,0,0,4,0,0,0,0,1,1,6,6,2,46,8,1991,8,8,MERCEDES C CLASS,5,E01023828,0,2
2024010506743,2024,010506743,1,9,9,99,99,9,9,99,99,9,9,99,9,99,9,9,6,6,2,23,5,2143,2,9,MERCEDES C CLASS,2,E01004300,0,1
2024010508248,2024,010508248,2,9,0,99,99,9,9,99,99,9,9,99,9,99,9,9,6,6,3,44,7,2143,2,8,MERCEDES C CLASS,2,E01033939,0,2
2024010526733,2024,010526733,2,9,0,18,19,5,1,0,0,1,0,0,0,0,3,1,6,6,2,44,7,1991,8,8,MERCEDES C CLASS,-1,-1,0,-1
2024010530103,2024,010530103,1,9,0,18,19,3,7,0,0,1,0,0,0,0,1,1,1,1,1,44,7,2143,2,6,MERCEDES C CLASS,2,E01001054,0,1
2024461517979,2024,461517979,1,9,0,-1,19,3,7,-1,0,0,1,0,0,0,1,1,-1,2,1,22,5,1796,1,14,MERCEDES C CLASS,8,E01024652,0,1
2024471526236,2024,471526236,1,9,0,-1,19,1,5,-1,0,4,0,0,0,0,1,1,-1,6,1,-1,-1,2143,2,9,MERCEDES C CLASS,-1,-1,0,-1
2024111429070,2024,111429070,1,9,0,-1,19,8,4,-1,0,1,0,1,8,0,4,1,-1,6,1,30,6,2148,2,16,MERCEDES C CLASS,3,E01012355,0,1
2024430419014,2024,430419014,2,9,0,9,9,8,5,0,0,5,0,0,0,0,3,1,2,2,1,45,7,1950,2,3,MERCEDES C CLASS,-1,-1,0,-1
2024010512207,2024,010512207,1,9,0,4,4,7,3,0,0,0,0,0,0,0,2,2,6,6,1,27,6,2143,2,7,MERCEDES C CLASS,-1,-1,0,-1
2024991472615,2024,991472615,2,9,0,-1,19,7,3,-1,0,0,0,0,6,0,3,1,-1,6,1,23,5,1991,1,8,MERCEDES C CLASS,5,-1,0,1
2024501451314,2024,501451314,1,9,0,-1,19,5,1,-1,0,1,5,0,7,0,1,1,-1,9,1,83,11,2148,2,16,MERCEDES C CLASS,3,E01034166,0,1
2024131415783,2024,131415783,1,9,0,-1,19,1,1,-1,0,1,0,0,1,0,4,1,-1,6,2,27,6,2143,2,7,MERCEDES C CLASS,1,E01011134,0,1
2024201398878,2024,201398878,1,9,0,-1,19,5,1,-1,0,0,0,0,0,0,1,9,-1,6,3,-1,-1,1598,2,8,MERCEDES C CLASS,-1,-1,0,-1
2024340NN0272,2024,340NN0272,1,9,0,-1,14,1,4,-1,0,1,0,0,0,0,1,1,-1,6,1,51,8,2143,2,10,MERCEDES C CLASS,3,E01027330,0,1
2024522500286,2024,522500286,1,9,0,17,19,8,5,0,0,8,0,0,0,0,1,1,6,6,2,35,6,2143,2,8,MERCEDES C CLASS,5,E01014861,0,2
2024401428231,2024,401428231,2,9,0,-1,1,4,3,-1,0,6,0,0,0,0,2,1,-1,6,1,27,6,2143,2,10,MERCEDES C CLASS,8,E01015747,0,1
2024461405717,2024,461405717,1,9,0,-1,7,3,5,-1,0,1,0,0,0,0,1,9,-1,6,3,-1,-1,2148,2,15,MERCEDES C CLASS,-1,-1,0,-1
2024010533519,2024,010533519,1,9,0,18,19,1,5,0,0,0,1,0,0,0,1,1,6,6,1,36,7,2143,12,8,MERCEDES C CLASS,-1,-1,0,-1
2024010521864,2024,010521864,3,9,0,18,19,5,1,0,0,1,0,0,0,0,3,1,6,6,1,29,6,2143,2,9,MERCEDES C CLASS,4,E01001156,0,3
2024501477870,2024,501477870,2,9,0,-1,19,1,5,-1,0,0,0,0,0,0,3,1,-1,9,2,66,10,2143,2,14,MERCEDES C CLASS,5,E01020339,0,4
2024461417931,2024,461417931,1,9,0,-1,19,3,8,-1,0,0,0,0,0,0,1,9,-1,6,1,66,10,2143,2,12,MERCEDES C CLASS,6,E01035311,0,1
2024131426809,2024,131426809,1,9,0,-1,19,3,7,-1,0,0,1,0,5,6,4,1,-1,9,1,24,5,2143,2,13,MERCEDES C CLASS,1,E01010635,0,3
2024131523715,2024,131523715,1,9,0,-1,9,7,5,-1,0,8,0,0,0,0,3,1,-1,6,3,18,4,1950,2,4,MERCEDES C CLASS,-1,-1,0,-1
2024451484722,2024,451484722,1,9,0,-1,-1,-1,-1,-1,-1,0,-1,-1,-1,0,-1,9,-1,6,3,-1,-1,1796,1,16,MERCEDES C CLASS,-1,-1,0,-1
2024221412836,2024,221412836,1,9,0,-1,19,5,8,-1,0,1,0,0,0,0,3,9,-1,6,2,64,9,1991,1,7,MERCEDES C CLASS,9,E01028839,0,1
2024131525246,2024,131525246,2,9,0,-1,9,5,1,-1,0,1,0,0,0,0,4,1,-1,9,1,35,6,2143,2,7,MERCEDES C CLASS,2,E01010630,0,1
2024010541037,2024,010541037,1,9,0,99,99,9,9,99,99,9,9,99,9,99,2,9,1,1,1,26,6,2143,2,9,MERCEDES C CLASS,2,E01002709,0,1
2024451459773,2024,451459773,1,9,0,-1,9,1,5,-1,0,8,0,0,0,0,1,1,-1,7,2,39,7,2143,2,11,MERCEDES C CLASS,9,E01030421,0,3
2024131419014,2024,131419014,1,9,0,-1,19,4,8,-1,0,8,0,0,0,0,1,1,-1,9,1,79,11,2148,2,18,MERCEDES C CLASS,7,E01010641,0,1
2024231520946,2024,231520946,2,9,0,-1,9,1,7,-1,0,5,0,0,0,0,4,1,-1,6,2,47,8,2148,2,18,MERCEDES C CLASS,6,E01031187,0,3
2024340WN2612,2024,340WN2612,1,9,0,-1,9,4,2,-1,0,5,0,0,0,0,1,1,-1,6,2,32,6,2143,2,10,MERCEDES C CLASS,2,E01027151,0,1
2024421432537,2024,421432537,1,9,0,-1,13,8,3,-1,0,3,0,7,0,0,2,9,-1,9,1,70,10,2143,2,13,MERCEDES C CLASS,3,E01021508,0,4
2024201443291,2024,201443291,1,9,0,-1,13,5,1,-1,0,8,0,0,0,0,1,1,-1,6,2,-1,-1,1991,8,8,MERCEDES C CLASS,-1,-1,0,-1
2024070463357,2024,070463357,4,9,0,4,4,8,4,0,0,0,1,0,0,0,2,1,2,2,1,-1,-1,2143,2,7,MERCEDES C CLASS,-1,-1,0,-1
2024471523034,2024,471523034,3,9,0,-1,2,0,0,-1,0,2,0,0,0,0,1,1,-1,6,-1,-1,-1,1998,1,22,MERCEDES C CLASS,-1,-1,0,-1
2024010542532,2024,010542532,1,9,0,18,19,5,1,0,0,0,0,0,0,0,2,1,6,6,1,54,8,1796,1,16,MERCEDES C CLASS,6,E01003072,0,1
2024122401311,2024,122401311,1,9,0,7,7,3,4,0,0,4,0,10,0,0,1,1,6,6,2,30,6,1598,2,8,MERCEDES C CLASS,9,E01013422,0,1
2024351457074,2024,351457074,1,9,0,-1,19,7,3,-1,0,0,0,0,1,8,1,1,-1,9,1,35,6,2143,2,9,MERCEDES C CLASS,7,E01034440,0,4
2024010545720,2024,010545720,2,9,9,99,99,9,9,99,99,0,9,99,9,99,9,9,6,6,3,-1,-1,1796,1,20,MERCEDES C CLASS,-1,-1,0,-1
2024401463809,2024,401463809,1,9,0,-1,9,7,5,-1,0,6,0,0,0,0,1,1,-1,6,1,63,9,2143,2,11,MERCEDES C CLASS,2,E01015802,0,3
2024231450287,2024,231450287,1,9,0,-1,19,2,6,-1,0,1,0,0,0,0,1,9,-1,6,3,45,7,2987,2,14,MERCEDES C CLASS,-1,-1,0,-1