collision_index,collision_year,collision_ref_no,vehicle_reference,vehicle_type,towing_and_articulation,vehicle_manoeuvre_historic,vehicle_manoeuvre,vehicle_direction_from,vehicle_direction_to,vehicle_location_restricted_lane_historic,vehicle_location_restricted_lane,junction_location,skidding_and_overturning,hit_object_in_carriageway,vehicle_leaving_carriageway,hit_object_off_carriageway,first_point_of_impact,vehicle_left_hand_drive,journey_purpose_of_driver_historic,journey_purpose_of_driver,sex_of_driver,age_of_driver,age_band_of_driver,engine_capacity_cc,propulsion_code,age_of_vehicle,generic_make_model,driver_imd_decile,lsoa_of_driver,escooter_flag,driver_distance_banding
2024332401150,2024,332401150,2,9,0,-1,19,5,1,-1,0,3,0,0,0,0,1,1,-1,6,2,-1,-1,1595,1,11,MERCEDES C CLASS,-1,-1,0,-1
2024101481252,2024,101481252,1,9,0,-1,4,1,3,-1,0,0,1,0,0,0,1,2,-1,2,1,31,6,2143,2,11,MERCEDES C CLASS,7,E01008458,0,3
2024440175859,2024,440175859,1,9,0,18,19,6,2,0,0,0,0,0,0,0,1,1,6,6,1,49,8,2143,2,12,MERCEDES C CLASS,1,E01017210,0,1
2024010502164,2024,010502164,2,9,0,2,2,0,0,0,0,0,0,0,0,0,1,1,6,6,3,-1,-1,2143,2,6,MERCEDES C CLASS,-1,-1,0,-1
2024471454626,2024,471454626,1,9,0,-1,19,6,2,-1,9,0,0,0,1,0,4,1,-1,6,3,-1,-1,1796,1,14,MERCEDES C CLASS,-1,-1,0,-1
2024010527383,2024,010527383,3,9,0,18,19,1,5,0,0,8,1,0,0,0,1,1,6,6,1,60,9,1796,1,17,MERCEDES C CLASS,2,E01000050,0,1
2024451399726,2024,451399726,1,9,0,-1,19,5,3,-1,0,5,0,0,0,0,3,1,-1,1,2,41,7,1796,1,17,MERCEDES C CLASS,10,E01030415,0,3
2024461398682,2024,461398682,1,9,0,-1,5,5,7,-1,0,4,0,0,0,0,1,1,-1,9,1,25,5,2143,2,14,MERCEDES C CLASS,6,E01024578,0,2
2024010507174,2024,010507174,1,9,0,9,9,6,3,0,0,6,0,0,0,0,3,1,6,6,1,51,8,2143,2,8,MERCEDES C CLASS,2,E01001318,0,3
2024401402794,2024,401402794,1,9,0,-1,9,1,5,-1,0,0,0,0,0,0,1,1,-1,6,2,31,6,2143,2,9,MERCEDES C CLASS,8,E01033815,0,3
2024061488183,2024,061488183,1,9,0,-1,19,2,7,-1,0,0,0,0,0,0,1,9,-1,6,1,-1,-1,1598,2,8,MERCEDES C CLASS,-1,-1,0,-1
2024122400188,2024,122400188,1,9,0,4,4,1,5,0,0,1,0,0,0,0,1,1,6,6,1,29,6,2148,2,17,MERCEDES C CLASS,6,E01013384,0,1
2024461492168,2024,461492168,1,9,0,-1,13,7,3,-1,0,0,5,0,0,0,1,9,-1,6,1,22,5,1598,2,7,MERCEDES C CLASS,3,E01024559,0,2
2024010548852,2024,010548852,3,9,0,18,19,5,1,0,0,0,0,0,0,0,1,1,6,6,1,31,6,1950,2,4,MERCEDES C CLASS,9,E01021280,0,3
2024101490558,2024,101490558,1,9,0,-1,19,5,1,-1,4,1,1,0,0,0,1,1,-1,6,1,57,9,2148,2,15,MERCEDES C CLASS,1,E01008572,0,1
2024552401290,2024,552401290,1,9,0,18,19,4,8,0,0,0,0,0,0,0,1,1,6,6,1,63,9,2597,1,23,MERCEDES C CLASS,2,E01033348,0,4
2024010525214,2024,010525214,2,9,0,99,99,9,9,99,99,5,9,99,9,99,1,9,6,6,3,-1,-1,2143,2,15,MERCEDES C CLASS,4,E01004037,0,1
2024010538046,2024,010538046,1,9,0,99,99,9,9,99,99,9,9,99,9,99,9,9,6,6,1,47,8,2143,2,7,MERCEDES C CLASS,3,E01016014,0,4
2024440391472,2024,440391472,1,9,0,9,9,8,3,0,0,2,0,0,0,0,1,1,6,6,2,51,8,1595,1,11,MERCEDES C CLASS,2,E01017218,0,1
2024010528951,2024,010528951,1,9,0,18,19,4,8,0,0,2,0,10,0,0,1,1,1,1,1,57,9,1950,2,3,MERCEDES C CLASS,8,E01000837,0,2
2024052401657,2024,052401657,1,9,0,18,19,5,1,0,0,0,0,0,0,0,1,1,6,6,1,33,6,2987,2,12,MERCEDES C CLASS,9,W01000261,0,4
2024421433543,2024,421433543,5,9,0,-1,19,6,2,-1,0,0,0,0,0,0,3,1,-1,6,1,76,11,2143,2,15,MERCEDES C CLASS,2,E01022046,0,4
2024991409684,2024,991409684,1,9,0,-1,19,7,4,-1,-1,0,1,0,1,11,1,1,-1,2,1,30,6,2143,2,9,MERCEDES C CLASS,5,-1,0,1
2024471489767,2024,471489767,1,9,0,-1,19,7,3,-1,0,0,0,0,0,0,1,1,-1,2,1,41,7,2143,2,10,MERCEDES C CLASS,3,E01031358,0,4
2024010540735,2024,010540735,2,9,0,18,19,5,1,0,0,0,0,0,0,0,3,1,1,1,1,49,8,2143,2,14,MERCEDES C CLASS,5,E01023546,0,3
2024231487455,2024,231487455,1,9,0,-1,19,4,8,-1,0,0,0,0,0,0,1,1,-1,9,1,29,6,2143,12,7,MERCEDES C CLASS,8,E01014167,0,4
2024201494859,2024,201494859,1,9,0,-1,19,6,2,-1,0,1,0,0,0,0,1,1,-1,6,1,-1,-1,1991,8,6,MERCEDES C CLASS,-1,-1,0,-1
2024501424704,2024,501424704,1,9,0,-1,19,6,2,-1,0,0,0,0,0,0,1,1,-1,9,1,31,6,2143,2,8,MERCEDES C CLASS,3,E01015159,0,1
2024010514464,2024,010514464,2,9,0,99,99,9,9,99,99,9,9,99,9,99,1,9,6,6,3,25,5,2143,2,6,MERCEDES C CLASS,2,E01003933,0,1
2024501471538,2024,501471538,2,9,0,-1,19,1,5,-1,0,8,0,0,0,0,3,9,-1,9,2,36,7,1796,1,12,MERCEDES C CLASS,3,E01015209,0,1
2024010547602,2024,010547602,1,9,0,18,19,8,4,0,0,0,0,0,0,0,4,1,6,6,2,69,10,1796,1,21,MERCEDES C CLASS,6,E01003946,0,1
2024101496324,2024,101496324,1,9,0,-1,19,5,1,-1,0,0,0,0,0,0,3,1,-1,9,1,30,6,2143,2,11,MERCEDES C CLASS,3,E01008595,0,2
2024010509106,2024,010509106,1,9,0,5,5,1,5,0,0,0,0,0,0,0,1,1,2,2,1,64,9,1796,1,13,MERCEDES C CLASS,8,E01030302,0,4
2024411545255,2024,411545255,2,9,0,-1,2,5,1,-1,0,0,0,0,0,0,2,1,-1,6,1,40,7,1796,1,17,MERCEDES C CLASS,6,E01017437,0,4
2024440298131,2024,440298131,1,9,0,18,19,7,3,0,0,1,0,0,0,0,1,1,6,6,1,90,11,1991,1,10,MERCEDES C CLASS,10,E01030460,0,4
2024131461394,2024,131461394,2,9,0,-1,19,2,6,-1,0,8,0,0,0,0,3,1,-1,6,2,34,6,2143,2,9,MERCEDES C CLASS,2,E01011737,0,1
2024141514465,2024,141514465,1,9,0,-1,19,2,6,-1,0,0,0,0,0,0,1,1,-1,6,1,38,7,2143,2,6,MERCEDES C CLASS,1,E01007506,0,1
2024430446037,2024,430446037,2,9,0,18,19,8,4,0,0,0,0,0,0,0,1,1,6,6,1,34,6,2148,2,15,MERCEDES C CLASS,-1,-1,0,-1
2024010526328,2024,010526328,1,9,0,18,19,1,5,0,0,2,0,0,0,0,4,1,6,6,1,27,6,1497,1,5,MERCEDES C CLASS,9,E01015941,0,4
2024010550716,2024,010550716,1,9,0,99,99,9,9,99,99,9,9,99,9,99,1,9,6,6,1,50,8,2143,2,6,MERCEDES C CLASS,4,E01004628,0,3
2024010504813,2024,010504813,1,9,0,12,12,7,3,0,0,7,0,0,0,0,0,1,6,6,1,72,10,1595,1,11,MERCEDES C CLASS,5,E01000662,0,3
2024471468246,2024,471468246,2,9,0,-1,19,7,3,-1,0,0,0,10,1,0,3,1,-1,6,1,49,8,2143,2,15,MERCEDES C CLASS,3,E01021044,0,1
2024052402711,2024,052402711,1,9,0,18,19,1,5,0,0,8,0,0,0,0,4,1,6,6,3,-1,-1,1497,8,2,MERCEDES C CLASS,-1,-1,0,-1
2024430596427,2024,430596427,1,9,0,9,9,1,8,0,0,5,0,0,0,0,1,1,6,6,1,53,8,1497,1,5,MERCEDES C CLASS,7,E01017743,0,1
2024201521507,2024,201521507,1,9,0,-1,2,0,0,-1,0,0,0,0,0,0,1,1,-1,6,1,21,5,1598,2,7,MERCEDES C CLASS,4,E01010558,0,1
2024010543351,2024,010543351,1,9,0,3,3,1,5,0,0,0,0,0,0,0,2,1,6,6,1,32,6,2143,2,9,MERCEDES C CLASS,3,E01017080,0,5
2024010513975,2024,010513975,1,9,0,18,19,5,1,0,0,1,0,0,0,0,1,1,6,6,1,23,5,1497,8,5,MERCEDES C CLASS,4,E01024624,0,4
2024211507737,2024,211507737,2,9,0,-1,9,1,7,-1,0,1,0,0,0,0,3,1,-1,9,1,73,10,2148,2,15,MERCEDES C CLASS,8,E01029430,0,3
2024320020152,2024,320020152,1,9,0,-1,-1,2,6,0,0,0,0,0,0,0,4,1,6,6,1,-1,-1,2143,2,9,MERCEDES C CLASS,-1,-1,0,-1
2024332400745,2024,332400745,1,9,0,-1,19,4,8,-1,0,4,0,0,0,0,1,1,-1,1,1,40,7,1597,2,4,MERCEDES C CLASS,1,E01013730,0,3
2024340WN2772,2024,340WN2772,1,9,0,-1,19,2,6,-1,0,1,0,0,0,0,4,1,-1,6,1,74,10,2685,2,23,MERCEDES C CLASS,8,E01027070,0,3
2024131488520,2024,131488520,2,9,0,-1,5,5,5,-1,9,8,0,0,0,0,1,1,-1,2,1,30,6,1950,2,5,MERCEDES C CLASS,2,E01011139,0,1
2024522401279,2024,522401279,1,9,0,9,9,8,7,0,0,5,0,0,0,0,1,1,6,6,1,35,6,1598,2,7,MERCEDES C CLASS,1,E01014583,0,1
2024201455897,2024,201455897,2,9,0,-1,19,8,4,-1,0,0,0,0,0,0,2,1,-1,9,1,30,6,2143,2,7,MERCEDES C CLASS,4,E01032473,0,4
2024131427632,2024,131427632,1,9,0,-1,9,7,3,-1,0,8,0,0,0,0,1,1,-1,6,2,76,11,1796,1,12,MERCEDES C CLASS,8,E01011200,0,1
2024161475391,2024,161475391,1,9,0,-1,19,1,5,-1,0,1,0,0,0,0,1,1,-1,9,1,41,7,2143,2,11,MERCEDES C CLASS,1,E01012862,0,3
2024430207369,2024,430207369,3,9,0,13,13,8,4,0,0,0,0,0,0,0,0,1,6,6,1,35,6,1796,1,14,MERCEDES C CLASS,-1,-1,0,-1
2024411427520,2024,411427520,1,9,-1,-1,-1,-1,-1,-1,-1,1,-1,-1,-1,0,-1,9,-1,6,2,29,6,1796,1,17,MERCEDES C CLASS,7,E01023902,0,1
2024161519128,2024,161519128,2,9,0,-1,4,8,3,-1,0,0,0,0,0,0,2,1,-1,6,2,52,8,2143,2,12,MERCEDES C CLASS,1,E01012834,0,2
2024302401157,2024,302401157,1,9,0,7,7,5,1,0,0,8,0,0,0,0,1,1,6,6,1,52,8,2143,2,12,MERCEDES C CLASS,1,E01013567,0,2
2024302401338,2024,302401338,1,9,0,18,19,5,1,0,0,8,0,0,0,0,1,1,6,6,1,37,7,2143,2,9,MERCEDES C CLASS,1,E01013481,0,1
2024010520328,2024,010520328,2,9,0,99,99,9,9,99,99,0,9,99,9,99,2,9,6,6,3,-1,-1,1998,1,23,MERCEDES C CLASS,-1,-1,0,-1
2024041463685,2024,041463685,2,9,0,-1,19,1,5,-1,0,1,0,0,0,0,3,1,-1,9,2,51,8,1598,2,6,MERCEDES C CLASS,8,E01025542,0,1
2024041498314,2024,041498314,1,9,0,-1,9,5,7,-1,0,6,0,0,0,0,1,1,-1,6,2,27,6,2143,2,8,MERCEDES C CLASS,4,E01025212,0,1
2024201500031,2024,201500031,2,9,0,-1,19,3,7,-1,0,0,0,4,0,0,1,1,-1,6,-1,20,4,2148,2,15,MERCEDES C CLASS,-1,-1,0,-1
2024010513630,2024,010513630,2,9,0,5,5,3,7,0,0,1,0,0,3,0,1,1,6,6,1,36,7,2143,2,10,MERCEDES C CLASS,5,E01001344,0,1
2024221506406,2024,221506406,2,9,0,-1,9,3,1,-1,0,8,0,0,0,0,1,1,-1,6,1,55,8,2143,2,14,MERCEDES C CLASS,5,E01032475,0,1
2024061409362,2024,061409362,2,9,0,-1,5,8,6,-1,0,8,0,0,0,0,1,1,-1,9,2,56,9,2143,2,6,MERCEDES C CLASS,4,E01004943,0,1
2024201503119,2024,201503119,1,9,0,-1,9,1,7,-1,0,5,0,0,0,0,1,1,-1,9,2,35,6,2143,2,7,MERCEDES C CLASS,3,E01010105,0,2
2024440165358,2024,440165358,1,9,0,18,19,4,8,0,0,1,0,0,0,0,1,1,6,6,1,40,7,1950,2,4,MERCEDES C CLASS,4,E01017083,0,2
2024461523104,2024,461523104,1,9,0,-1,9,5,6,-1,0,8,0,0,0,0,4,1,-1,7,1,46,8,1950,-1,4,MERCEDES C CLASS,10,E01024474,0,1
2024461508460,2024,461508460,2,9,0,-1,19,1,5,-1,0,7,1,0,0,0,3,9,-1,9,1,52,8,2143,2,13,MERCEDES C CLASS,4,E01016115,0,1
2024501476563,2024,501476563,1,9,0,-1,19,8,4,-1,0,0,0,0,0,0,1,9,-1,2,2,41,7,2143,2,8,MERCEDES C CLASS,3,E01034166,0,1
2024520500329,2024,520500329,2,9,0,18,19,1,5,0,0,8,0,4,0,0,1,1,6,6,2,66,10,2143,2,11,MERCEDES C CLASS,8,E01029210,0,3
2024010536388,2024,010536388,2,9,9,99,99,9,9,99,99,9,9,99,9,99,9,9,6,6,3,-1,-1,1796,1,18,MERCEDES C CLASS,-1,-1,0,-1
2024361538850,2024,361538850,2,9,0,-1,4,4,8,-1,0,1,0,0,0,0,2,1,-1,9,1,52,8,1950,2,3,MERCEDES C CLASS,8,E01026564,0,2
2024471395595,2024,471395595,2,9,0,-1,19,5,1,-1,0,1,0,0,0,0,1,1,-1,9,1,41,7,2143,2,11,MERCEDES C CLASS,5,E01016988,0,2
2024161451193,2024,161451193,2,9,0,-1,19,1,7,-1,0,3,0,0,0,0,1,1,-1,6,1,43,7,2143,2,11,MERCEDES C CLASS,1,E01012838,0,1
2024131464265,2024,131464265,1,9,0,-1,19,7,3,-1,0,1,0,0,0,0,4,1,-1,9,1,42,7,2143,2,11,MERCEDES C CLASS,5,E01011757,0,2
2024010522636,2024,010522636,2,9,0,5,5,5,1,0,0,1,0,4,0,0,1,1,6,6,1,32,6,1991,8,8,MERCEDES C CLASS,4,E01004763,0,1
2024010526696,2024,010526696,2,9,9,99,99,9,9,99,99,9,9,99,9,99,9,9,6,6,3,-1,-1,1796,1,17,MERCEDES C CLASS,-1,-1,0,-1
2024061420266,2024,061420266,2,9,0,-1,4,6,4,-1,0,0,0,0,0,0,2,9,-1,6,1,64,9,2143,2,11,MERCEDES C CLASS,8,E01005713,0,3
2024311415900,2024,311415900,1,9,0,-1,19,6,2,-1,0,0,0,0,7,0,1,1,-1,1,1,69,10,2143,2,8,MERCEDES C CLASS,10,E01028345,0,2
2024361432529,2024,361432529,1,9,0,-1,19,1,5,-1,0,1,0,0,0,0,1,1,-1,6,2,45,7,2143,2,7,MERCEDES C CLASS,6,E01026520,0,1
2024411508097,2024,411508097,2,9,0,-1,3,6,2,-1,0,0,0,0,0,0,2,1,-1,2,1,54,8,1991,1,10,MERCEDES C CLASS,9,E01017439,0,4
2024311516564,2024,311516564,1,9,0,-1,19,5,2,-1,0,0,5,0,7,0,1,1,-1,2,1,33,6,1595,1,12,MERCEDES C CLASS,2,E01007497,0,4
2024522401770,2024,522401770,1,9,0,18,19,8,4,0,0,8,0,0,0,0,1,1,6,6,3,-1,-1,2496,1,19,MERCEDES C CLASS,-1,-1,0,-1
2024361520910,2024,361520910,3,9,0,-1,19,3,7,-1,0,0,0,0,1,0,2,1,-1,9,2,26,6,2143,2,10,MERCEDES C CLASS,3,E01028452,0,5
2024010545497,2024,010545497,1,9,0,99,99,9,9,99,99,9,9,99,9,99,9,9,6,6,2,29,6,1991,1,6,MERCEDES C CLASS,2,E01002843,0,1
2024401427547,2024,401427547,4,9,0,-1,2,0,0,-1,9,1,0,0,0,0,3,1,-1,6,2,-1,-1,1950,2,5,MERCEDES C CLASS,2,E01033801,0,1
2024010527801,2024,010527801,2,9,0,4,4,5,1,0,0,0,0,0,0,0,1,1,6,6,2,24,5,1595,1,11,MERCEDES C CLASS,1,E01015771,0,4
2024461487039,2024,461487039,3,9,0,-1,2,7,3,-1,0,0,0,0,1,0,3,1,-1,6,1,25,5,1796,1,13,MERCEDES C CLASS,4,E01024694,0,3
2024440445428,2024,440445428,2,9,0,18,19,7,3,0,0,0,-1,0,0,0,1,1,6,6,1,61,9,1796,1,21,MERCEDES C CLASS,6,E01017303,0,2
2024430507014,2024,430507014,1,9,0,7,7,7,3,0,0,7,0,0,0,0,2,1,3,7,1,48,8,1993,12,2,MERCEDES C CLASS,9,E01033501,0,1
2024010530910,2024,010530910,2,9,0,5,5,5,1,0,0,1,0,0,0,0,1,1,6,6,1,33,6,1796,1,17,MERCEDES C CLASS,4,E01001946,0,3
2024010486959,2024,010486959,2,9,0,7,7,1,3,0,0,8,0,0,0,0,1,1,6,6,1,59,9,1497,1,4,MERCEDES C CLASS,4,E01003354,0,1
2024430502631,2024,430502631,2,9,0,9,9,8,6,0,0,6,0,0,0,0,1,1,6,6,1,75,10,2148,2,22,MERCEDES C CLASS,5,E01017844,0,1
2024421401538,2024,421401538,2,9,0,-1,19,8,4,-1,0,1,0,0,0,0,4,9,-1,9,2,41,7,2148,2,16,MERCEDES C CLASS,1,E01021323,0,1
2024421450266,2024,421450266,1,9,0,-1,19,3,7,-1,0,1,0,0,0,0,1,1,-1,9,2,32,6,1991,1,6,MERCEDES C CLASS,10,E01021893,0,4
2024522500269,2024,522500269,2,8,0,18,19,1,5,0,0,8,0,0,0,0,1,1,1,1,1,35,6,2143,2,6,MERCEDES C CLASS,2,E01035215,0,1
2024991447981,2024,991447981,2,9,0,-1,4,4,8,-1,0,0,0,0,0,0,2,1,-1,9,2,62,9,1497,8,5,MERCEDES C CLASS,10,-1,0,4
2024501501482,2024,501501482,1,9,0,-1,7,2,4,-1,0,1,0,0,0,0,4,1,-1,2,1,47,8,2143,12,8,MERCEDES C CLASS,1,E01029100,0,4
2024501485856,2024,501485856,2,9,0,-1,2,0,0,-1,0,2,0,4,0,0,2,1,-1,6,-1,-1,-1,2987,2,11,MERCEDES C CLASS,-1,-1,0,-1
2024010543677,2024,010543677,2,9,0,18,19,5,1,0,0,8,0,0,0,0,1,1,6,6,1,92,11,1998,1,22,MERCEDES C CLASS,5,E01003116,0,2
2024451492509,2024,451492509,3,9,0,-1,19,1,1,-1,0,1,0,0,0,0,1,1,-1,9,1,35,6,1796,1,19,MERCEDES C CLASS,9,E01016193,0,3
2024461445804,2024,461445804,1,9,0,-1,19,1,6,-1,0,0,0,0,0,0,1,1,-1,6,1,31,6,2143,2,9,MERCEDES C CLASS,2,E01033212,0,1
2024471476579,2024,471476579,1,9,0,-1,5,3,7,-1,-1,6,0,0,0,0,1,1,-1,6,2,-1,-1,2143,2,10,MERCEDES C CLASS,-1,-1,0,-1
2024010511985,2024,010511985,1,9,0,9,9,1,7,0,0,2,0,0,0,0,1,1,6,6,1,34,6,1497,1,5,MERCEDES C CLASS,7,E01002228,0,1
2024010516923,2024,010516923,1,9,0,18,19,1,5,2,2,1,0,4,0,0,3,1,6,6,1,39,7,1999,8,0,MERCEDES C CLASS,-1,-1,0,-1
2024010488308,2024,010488308,1,9,0,18,19,7,3,0,0,1,0,0,0,0,1,1,6,6,1,71,10,1991,1,7,MERCEDES C CLASS,6,E01000555,0,1
2024421436429,2024,421436429,1,9,0,-1,19,5,1,-1,0,0,1,0,7,0,1,1,-1,9,1,22,5,2143,2,13,MERCEDES C CLASS,3,E01002243,0,4
2024010520177,2024,010520177,1,9,0,9,9,3,1,0,0,1,0,0,0,0,4,1,6,6,2,26,6,1991,1,6,MERCEDES C CLASS,3,E01035499,0,1
2024010544206,2024,010544206,2,9,0,99,99,9,9,99,99,9,9,99,9,99,1,9,6,6,3,30,6,2143,2,8,MERCEDES C CLASS,5,E01001686,0,1
2024010518396,2024,010518396,1,9,0,99,99,9,9,99,99,9,9,99,9,99,9,9,2,2,2,56,9,1796,1,21,MERCEDES C CLASS,2,E01002811,0,1
2024302401608,2024,302401608,1,9,0,18,19,5,1,0,0,8,0,0,0,0,1,1,6,6,1,27,6,2143,2,15,MERCEDES C CLASS,9,E01005926,0,3
2024471430091,2024,471430091,2,9,0,-1,19,1,5,-1,0,1,0,0,0,0,1,1,-1,1,1,52,8,2143,2,12,MERCEDES C CLASS,10,E01015908,0,4
2024461414303,2024,461414303,1,9,0,-1,19,7,3,-1,0,1,0,0,0,0,1,2,-1,9,1,52,8,1950,12,3,MERCEDES C CLASS,5,E01032829,0,2
2024221536804,2024,221536804,1,9,0,-1,19,7,3,-1,0,0,0,4,0,0,1,9,-1,6,1,65,9,2143,2,14,MERCEDES C CLASS,5,E01019402,0,4
2024440303841,2024,440303841,1,9,0,18,19,1,5,0,0,3,0,10,1,2,1,1,6,6,1,59,9,2148,2,16,MERCEDES C CLASS,2,E01023156,0,1
2024421489810,2024,421489810,1,9,0,-1,19,7,2,-1,9,6,0,0,7,0,1,1,-1,6,1,21,5,2143,2,11,MERCEDES C CLASS,9,E01015982,0,1
2024351412369,2024,351412369,2,9,0,-1,2,0,0,-1,0,0,0,0,0,0,1,1,-1,9,1,27,6,2148,2,16,MERCEDES C CLASS,4,E01018086,0,1
2024991432261,2024,991432261,1,9,0,-1,19,6,2,-1,0,0,1,0,1,0,1,1,-1,9,1,49,8,1993,12,2,MERCEDES C CLASS,-1,-1,0,-1
2024411492966,2024,411492966,2,9,0,-1,9,5,3,-1,0,4,0,0,0,0,3,1,-1,6,1,27,6,2143,2,8,MERCEDES C CLASS,7,E01023335,0,1
2024010527746,2024,010527746,2,9,0,18,19,5,1,0,0,8,0,0,0,0,4,1,6,6,1,63,9,2143,2,6,MERCEDES C CLASS,3,E01002503,0,1
2024010527482,2024,010527482,2,9,0,3,3,5,1,0,0,8,0,0,0,0,3,1,6,6,1,68,10,2143,2,7,MERCEDES C CLASS,9,E01002025,0,3
2024302401623,2024,302401623,2,9,0,9,9,8,5,0,0,1,0,0,0,0,3,1,2,2,2,22,5,2143,2,9,MERCEDES C CLASS,9,E01019659,0,1
2024201508872,2024,201508872,1,9,0,-1,19,1,6,-1,0,1,0,0,0,0,3,1,-1,9,1,38,7,2143,2,12,MERCEDES C CLASS,1,E01009329,0,1
2024311442557,2024,311442557,2,9,0,-1,19,2,6,-1,0,1,0,0,0,0,1,9,-1,6,3,-1,-1,2148,2,19,MERCEDES C CLASS,-1,-1,0,-1
2024440111173,2024,440111173,1,9,0,2,2,0,0,0,0,0,0,0,0,0,3,1,6,6,1,29,6,2143,2,12,MERCEDES C CLASS,3,E01017079,0,1
2024010546698,2024,010546698,1,9,0,18,19,2,6,0,0,1,0,10,0,0,1,1,6,6,1,27,6,1496,8,2,MERCEDES C CLASS,3,E01032774,0,2
2024201518894,2024,201518894,1,9,0,-1,15,1,2,-1,9,0,0,0,0,0,1,1,-1,6,2,39,7,2143,2,6,MERCEDES C CLASS,-1,-1,0,-1
2024311421135,2024,311421135,1,9,0,-1,5,2,4,-1,0,6,0,0,0,0,1,1,-1,1,2,56,9,2143,2,6,MERCEDES C CLASS,6,E01027971,0,1
2024010540338,2024,010540338,1,9,0,99,99,9,9,99,99,9,9,99,9,99,1,9,6,6,1,53,8,1796,1,20,MERCEDES C CLASS,2,E01001409,0,1
2024440028857,2024,440028857,1,9,0,4,4,5,1,0,0,0,0,0,0,0,2,1,6,6,1,49,8,1796,1,19,MERCEDES C CLASS,4,E01017129,0,1
2024421461466,2024,421461466,1,9,0,-1,19,7,4,-1,0,0,0,10,0,0,4,1,-1,6,3,25,5,2143,2,8,MERCEDES C CLASS,-1,-1,0,-1
2024010540152,2024,010540152,1,9,0,99,99,9,9,99,99,9,9,99,9,99,2,9,6,6,1,29,6,1496,8,0,MERCEDES C CLASS,8,E01002199,0,4
2024010543075,2024,010543075,2,9,0,4,4,5,1,0,0,1,0,0,0,0,2,1,1,1,1,44,7,1991,1,6,MERCEDES C CLASS,5,E01002363,0,1
2024201436839,2024,201436839,1,9,0,-1,19,8,5,-1,0,6,0,0,0,0,1,1,-1,9,1,22,5,2148,2,16,MERCEDES C CLASS,3,E01009777,0,3
2024340WN0912,2024,340WN0912,2,9,0,-1,3,6,2,-1,0,1,0,0,0,0,2,1,-1,1,1,43,7,1950,12,3,MERCEDES C CLASS,8,E01027209,0,3
2024010502519,2024,010502519,2,9,0,2,2,0,0,0,0,1,0,0,0,0,0,1,6,6,3,-1,-1,2143,2,9,MERCEDES C CLASS,-1,-1,0,-1
2024211476227,2024,211476227,1,8,0,-1,4,1,5,-1,0,1,0,0,0,0,1,1,-1,1,1,54,8,2143,2,7,MERCEDES C CLASS,3,E01014341,0,1
2024622400230,2024,622400230,1,9,0,18,19,1,5,0,0,0,0,0,0,0,1,1,6,6,1,61,9,2148,2,15,MERCEDES C CLASS,5,W01000909,0,1
2024351508430,2024,351508430,1,9,0,-1,19,5,1,-1,0,4,0,0,0,0,2,1,-1,6,2,33,6,1950,2,5,MERCEDES C CLASS,6,E01018098,0,1
2024430024466,2024,430024466,1,9,0,18,19,8,4,0,0,8,0,0,0,0,1,1,6,6,1,27,6,1999,8,1,MERCEDES C CLASS,5,E01000591,0,4
2024010540041,2024,010540041,2,9,0,99,99,9,9,99,99,9,9,99,9,99,9,9,6,6,2,32,6,1950,2,4,MERCEDES C CLASS,8,E01002657,0,2
2024311453125,2024,311453125,2,9,0,-1,3,1,5,-1,0,0,0,0,0,0,1,1,-1,6,1,45,7,1950,2,4,MERCEDES C CLASS,-1,-1,0,-1
2024131489837,2024,131489837,1,9,0,-1,19,5,1,-1,0,0,0,0,0,0,1,1,-1,2,1,29,6,2143,2,11,MERCEDES C CLASS,1,E01010839,0,3
2024010541967,2024,010541967,1,9,0,99,99,9,9,99,99,9,9,99,9,99,2,9,2,2,1,29,6,2143,2,9,MERCEDES C CLASS,2,E01004615,0,2
2024061439644,2024,061439644,1,8,0,-1,99,-1,-1,-1,0,0,9,0,0,0,2,1,-1,1,1,37,7,2143,2,9,MERCEDES C CLASS,1,E01005087,0,3
2024041462647,2024,041462647,1,9,0,-1,19,4,8,-1,0,0,1,0,1,1,1,1,-1,1,1,35,6,2143,2,8,MERCEDES C CLASS,2,E01012647,0,2
2024010498341,2024,010498341,2,9,0,10,10,1,6,0,0,4,0,0,0,0,3,1,6,6,1,44,7,1991,1,9,MERCEDES C CLASS,9,E01002471,0,1
2024430263959,2024,430263959,2,9,0,18,19,3,7,0,0,0,0,0,0,0,1,1,1,1,1,62,9,1991,1,8,MERCEDES C CLASS,2,E01028552,0,4
2024211431287,2024,211431287,1,9,0,-1,9,5,5,-1,0,0,0,0,0,0,4,9,-1,9,1,32,6,2143,2,9,MERCEDES C CLASS,6,E01023622,0,5