collision_index,collision_year,collision_ref_no,vehicle_reference,vehicle_type,towing_and_articulation,vehicle_manoeuvre_historic,vehicle_manoeuvre,vehicle_direction_from,vehicle_direction_to,vehicle_location_restricted_lane_historic,vehicle_location_restricted_lane,junction_location,skidding_and_overturning,hit_object_in_carriageway,vehicle_leaving_carriageway,hit_object_off_carriageway,first_point_of_impact,vehicle_left_hand_drive,journey_purpose_of_driver_historic,journey_purpose_of_driver,sex_of_driver,age_of_driver,age_band_of_driver,engine_capacity_cc,propulsion_code,age_of_vehicle,generic_make_model,driver_imd_decile,lsoa_of_driver,escooter_flag,driver_distance_banding
2024451410344,2024,451410344,2,9,0,-1,19,6,6,-1,0,8,0,0,0,0,1,9,-1,6,1,28,6,2143,2,12,MERCEDES C CLASS,-1,-1,0,-1
2024010520533,2024,010520533,2,9,0,9,9,3,1,0,0,8,1,0,1,0,4,1,6,6,2,36,7,1497,1,5,MERCEDES C CLASS,3,E01004675,0,1
2024421467340,2024,421467340,1,9,0,-1,13,6,2,-1,0,0,0,0,0,0,0,1,-1,6,2,54,8,1796,1,14,MERCEDES C CLASS,9,E01003652,0,3
2024061469530,2024,061469530,1,9,0,-1,19,3,7,-1,0,1,0,0,0,0,3,1,-1,6,1,34,6,2143,2,10,MERCEDES C CLASS,5,E01028076,0,4
2024430454402,2024,430454402,2,9,0,18,19,3,5,0,0,2,0,0,0,0,2,1,6,6,1,33,6,1950,2,6,MERCEDES C CLASS,8,E01028765,0,1
2024131495415,2024,131495415,1,9,0,-1,19,2,2,-1,0,8,0,0,0,0,1,1,-1,9,1,41,7,2148,2,15,MERCEDES C CLASS,4,E01011924,0,1
2024440144571,2024,440144571,2,9,0,13,13,2,6,0,0,0,0,0,0,0,4,1,6,6,3,-1,-1,2143,2,7,MERCEDES C CLASS,-1,-1,0,-1
2024461465578,2024,461465578,2,9,0,-1,19,1,5,-1,0,8,0,0,0,0,1,1,-1,9,1,33,6,2148,2,16,MERCEDES C CLASS,6,E01024071,0,4
2024131487394,2024,131487394,1,9,0,-1,7,6,3,-1,0,0,0,0,0,0,1,1,-1,6,1,-1,-1,2148,2,15,MERCEDES C CLASS,-1,-1,0,-1
2024010508626,2024,010508626,3,9,0,18,19,7,3,0,0,2,0,0,0,0,2,1,6,6,3,34,6,2143,2,9,MERCEDES C CLASS,3,E01003172,0,1
2024041513785,2024,041513785,1,9,0,-1,9,5,7,-1,0,8,0,0,0,0,1,1,-1,2,1,33,6,2143,2,6,MERCEDES C CLASS,10,E01024963,0,1
2024070501487,2024,070501487,1,9,0,18,19,7,3,0,0,0,0,0,0,0,3,1,6,6,1,81,11,2685,2,20,MERCEDES C CLASS,9,E01029608,0,4
2024461393694,2024,461393694,11,9,0,-1,4,4,8,-1,0,0,0,0,0,0,4,1,-1,9,1,53,8,3199,1,20,MERCEDES C CLASS,6,E01029139,0,5
2024131521775,2024,131521775,2,9,0,-1,3,6,2,-1,0,2,0,0,0,0,2,1,-1,9,2,25,5,2148,2,21,MERCEDES C CLASS,6,E01011127,0,1
2024010512356,2024,010512356,2,9,0,10,10,3,1,0,0,1,0,0,0,0,4,1,6,6,1,76,11,2143,2,10,MERCEDES C CLASS,-1,-1,0,-1
2024010524896,2024,010524896,2,9,0,99,99,9,9,99,99,9,9,99,9,99,9,9,6,6,3,24,5,2143,2,7,MERCEDES C CLASS,3,E01031409,0,4
2024010545131,2024,010545131,2,9,0,99,99,9,9,99,99,9,9,99,9,99,9,9,6,6,3,-1,-1,1796,1,19,MERCEDES C CLASS,-1,-1,0,-1
2024411429693,2024,411429693,2,9,0,-1,19,3,7,-1,0,0,0,0,0,0,1,1,-1,6,1,18,4,1496,8,2,MERCEDES C CLASS,8,E01023571,0,1
2024411511297,2024,411511297,1,9,0,-1,9,3,1,-1,0,6,0,0,0,0,1,1,-1,9,2,68,10,2143,2,7,MERCEDES C CLASS,8,E01023001,0,5
2024302400307,2024,302400307,1,9,0,4,4,5,8,0,0,1,0,0,0,0,1,1,2,2,1,39,7,2148,2,17,MERCEDES C CLASS,2,E01029447,0,1
2024401476451,2024,401476451,2,9,0,-1,4,3,7,-1,0,0,0,0,0,0,2,1,-1,2,1,47,8,2143,2,9,MERCEDES C CLASS,2,E01015743,0,1
2024010551478,2024,010551478,1,9,0,18,19,5,1,0,0,2,1,0,3,11,0,1,6,6,1,30,6,1497,8,5,MERCEDES C CLASS,-1,-1,0,-1
2024010551234,2024,010551234,2,9,0,7,7,2,4,0,0,8,0,0,0,0,3,1,6,6,1,43,7,2143,2,7,MERCEDES C CLASS,2,E01002368,0,1
2024010550468,2024,010550468,1,9,0,18,19,3,7,0,0,8,0,10,0,0,1,1,1,1,1,36,7,1950,2,5,MERCEDES C CLASS,4,E01001459,0,1
2024010538422,2024,010538422,1,9,0,7,7,1,4,0,0,0,0,0,0,0,3,1,6,6,2,36,7,1999,8,1,MERCEDES C CLASS,5,E01002501,0,1
2024010522719,2024,010522719,1,9,0,18,19,7,3,0,0,1,0,0,7,0,1,1,6,6,1,32,6,1796,1,13,MERCEDES C CLASS,-1,-1,0,-1
2024430255709,2024,430255709,2,9,0,7,7,6,8,0,0,8,0,0,0,0,4,1,6,6,1,64,9,2143,2,11,MERCEDES C CLASS,8,E01028510,0,1
2024031514608,2024,031514608,2,9,0,-1,19,5,1,-1,0,0,0,0,0,0,1,1,-1,6,1,50,8,2143,2,10,MERCEDES C CLASS,5,-1,0,4
2024010541125,2024,010541125,1,9,0,18,19,4,8,0,0,8,0,0,0,0,3,1,6,6,1,48,8,2143,12,7,MERCEDES C CLASS,6,E01001665,0,2
2024401509775,2024,401509775,1,9,-1,-1,3,-1,-1,-1,0,0,0,0,0,0,1,1,-1,6,1,62,9,2148,2,21,MERCEDES C CLASS,5,E01015763,0,2
2024231525257,2024,231525257,2,9,0,-1,19,4,8,-1,0,8,0,0,0,0,1,1,-1,9,1,55,8,2143,2,10,MERCEDES C CLASS,1,E01009321,0,4
2024052402198,2024,052402198,1,9,0,18,19,1,5,0,0,1,0,0,0,0,4,1,2,2,2,50,8,1496,8,0,MERCEDES C CLASS,7,E01025507,0,4
2024302400774,2024,302400774,2,9,0,18,19,4,8,0,0,0,0,0,0,0,3,1,6,6,1,48,8,2143,2,11,MERCEDES C CLASS,-1,-1,0,-1
2024131527006,2024,131527006,1,9,0,-1,19,8,4,-1,0,1,0,0,0,0,1,1,-1,6,2,-1,-1,2143,2,11,MERCEDES C CLASS,-1,-1,0,-1
2024061521991,2024,061521991,1,9,0,-1,5,7,4,-1,0,6,0,0,0,0,3,1,-1,2,2,41,7,1991,1,6,MERCEDES C CLASS,6,E01004998,0,1
2024531429608,2024,531429608,1,9,0,-1,5,4,8,-1,0,4,0,0,0,0,3,1,-1,2,2,46,8,1991,8,4,MERCEDES C CLASS,7,E01022117,0,1
2024010504861,2024,010504861,1,9,0,99,99,9,9,99,99,9,9,99,9,99,9,9,6,6,1,21,5,1595,1,10,MERCEDES C CLASS,2,E01001978,0,2
2024302400516,2024,302400516,3,9,0,18,19,6,2,0,0,0,0,0,1,0,3,1,6,6,1,33,6,2143,2,7,MERCEDES C CLASS,-1,-1,0,-1
2024522402551,2024,522402551,2,9,0,18,19,2,6,0,0,8,0,0,0,0,1,1,6,6,1,25,5,1796,1,21,MERCEDES C CLASS,2,E01014574,0,1
2024231421021,2024,231421021,2,9,0,-1,19,8,4,-1,0,3,0,0,0,0,1,9,-1,6,1,56,9,2143,2,10,MERCEDES C CLASS,2,E01009575,0,1
2024302400471,2024,302400471,1,9,0,13,13,7,2,0,0,0,0,0,0,0,1,1,6,6,1,56,9,2143,2,12,MERCEDES C CLASS,7,E01005856,0,4
2024010551422,2024,010551422,1,9,0,99,99,9,9,99,99,9,9,99,9,99,2,9,6,6,1,21,5,6208,1,13,MERCEDES C CLASS,8,E01003679,0,1
2024010539373,2024,010539373,2,9,0,99,99,9,9,99,99,9,9,99,9,99,1,9,6,6,3,-1,-1,1497,8,3,MERCEDES C CLASS,-1,-1,0,-1
2024311409985,2024,311409985,1,8,0,-1,9,5,1,-1,0,8,0,0,0,0,1,1,-1,6,1,37,7,2143,12,6,MERCEDES C CLASS,-1,-1,0,-1
2024531420405,2024,531420405,1,9,0,-1,19,6,2,-1,0,0,0,0,0,0,3,1,-1,1,1,41,7,2987,2,14,MERCEDES C CLASS,3,E01022293,0,1
2024061477017,2024,061477017,2,9,0,-1,4,1,1,-1,0,0,0,4,0,0,2,1,-1,9,1,43,7,2148,2,17,MERCEDES C CLASS,-1,-1,0,-1
2024201460355,2024,201460355,3,9,0,-1,19,4,8,-1,0,0,0,0,0,0,2,9,-1,9,1,49,8,2143,2,9,MERCEDES C CLASS,5,E01009583,0,4
2024471521695,2024,471521695,2,9,0,-1,19,6,2,-1,0,0,0,0,1,0,1,1,-1,2,1,56,9,1598,2,9,MERCEDES C CLASS,8,E01031634,0,2
2024332400438,2024,332400438,1,9,0,-1,19,2,6,-1,0,4,0,0,0,0,1,1,-1,9,1,33,6,6208,1,11,MERCEDES C CLASS,8,E01013783,0,1
2024201508993,2024,201508993,3,9,0,-1,2,0,0,-1,0,2,0,0,0,0,2,1,-1,6,-1,-1,-1,2143,2,7,MERCEDES C CLASS,-1,-1,0,-1
2024061537656,2024,061537656,2,9,0,-1,19,1,6,-1,0,8,0,0,0,0,1,1,-1,9,1,36,7,2143,2,9,MERCEDES C CLASS,4,E01006242,0,1
2024031432939,2024,031432939,1,9,0,-1,9,1,7,-1,0,1,0,0,0,0,1,1,-1,9,1,53,8,1950,2,5,MERCEDES C CLASS,2,E01011964,0,4
2024010501232,2024,010501232,1,9,0,3,3,7,3,0,0,1,0,0,0,0,2,1,6,6,1,32,6,1597,1,15,MERCEDES C CLASS,4,E01001003,0,2
2024320377792,2024,320377792,3,9,0,2,2,0,0,0,0,0,0,0,0,0,2,1,6,6,1,27,6,1991,1,9,MERCEDES C CLASS,10,E01011948,0,4
2024471430091,2024,471430091,3,9,0,-1,19,5,1,-1,0,2,0,11,0,0,1,1,-1,1,1,46,8,2143,2,12,MERCEDES C CLASS,5,E01031731,0,1
2024131467611,2024,131467611,2,9,0,-1,19,3,7,-1,0,1,0,0,0,0,4,1,-1,9,2,62,9,2148,2,15,MERCEDES C CLASS,6,E01010932,0,1
2024201480000,2024,201480000,3,9,0,-1,3,1,5,-1,0,0,0,0,0,0,2,1,-1,1,1,39,7,2143,2,12,MERCEDES C CLASS,-1,-1,0,-1
2024351443588,2024,351443588,1,9,0,-1,5,-1,-1,-1,0,1,0,0,0,0,1,1,-1,6,1,33,6,1991,8,8,MERCEDES C CLASS,10,E01004114,0,5
2024351481858,2024,351481858,1,9,0,-1,5,6,2,-1,0,0,0,0,0,0,1,1,-1,7,2,46,8,2143,2,8,MERCEDES C CLASS,4,E01015613,0,1
2024161528577,2024,161528577,1,9,0,-1,19,5,1,-1,0,8,0,0,0,0,2,9,-1,6,2,-1,-1,1950,2,4,MERCEDES C CLASS,-1,-1,0,-1
2024461492737,2024,461492737,4,9,0,-1,20,0,0,-1,0,2,0,0,0,0,1,1,-1,6,-1,69,10,2143,2,15,MERCEDES C CLASS,-1,-1,0,-1
2024471501828,2024,471501828,2,9,0,-1,19,8,4,-1,0,0,0,0,0,0,2,1,-1,9,1,35,6,2143,-1,9,MERCEDES C CLASS,5,E01034302,0,4
2024031398634,2024,031398634,1,9,0,-1,19,1,5,-1,0,1,0,0,0,0,1,1,-1,6,1,41,7,2143,2,9,MERCEDES C CLASS,-1,-1,0,-1
2024401530694,2024,401530694,3,9,0,-1,19,1,5,-1,0,0,0,0,0,0,1,1,-1,6,1,25,5,2143,2,11,MERCEDES C CLASS,5,E01015768,0,1
2024141499336,2024,141499336,1,9,0,-1,4,1,4,-1,0,0,0,4,7,11,1,1,-1,9,1,44,7,1950,2,6,MERCEDES C CLASS,8,E01011181,0,3
2024010509821,2024,010509821,1,9,0,99,99,9,9,99,99,9,9,99,9,99,1,9,6,6,2,56,9,1991,1,6,MERCEDES C CLASS,3,E01001503,0,1
2024552400395,2024,552400395,1,9,0,18,19,1,5,0,0,0,0,0,0,0,1,1,2,2,2,56,9,1991,1,9,MERCEDES C CLASS,8,E01015447,0,2
2024411452545,2024,411452545,1,9,0,-1,1,1,5,-1,0,0,0,4,0,0,2,1,-1,1,1,69,10,2148,2,15,MERCEDES C CLASS,10,E01023953,0,2
2024010538739,2024,010538739,2,9,0,9,9,4,3,0,0,1,0,0,0,0,4,1,6,6,1,32,6,2143,2,9,MERCEDES C CLASS,3,E01000800,0,1
2024522401908,2024,522401908,1,9,0,18,19,6,2,0,0,0,5,0,0,0,1,1,6,6,1,65,9,2143,2,12,MERCEDES C CLASS,9,E01014374,0,3
2024371438163,2024,371438163,1,9,0,-1,7,5,1,-1,0,1,0,0,1,2,1,1,-1,6,1,19,4,2143,2,7,MERCEDES C CLASS,6,E01030005,0,1
2024411408991,2024,411408991,2,9,0,-1,2,0,0,-1,0,0,0,0,0,0,2,9,-1,6,1,47,8,2143,2,12,MERCEDES C CLASS,9,E01023706,0,1
2024010551120,2024,010551120,6,9,0,2,2,0,0,0,0,0,0,0,0,0,0,1,6,6,3,-1,-1,2143,2,9,MERCEDES C CLASS,-1,-1,0,-1
2024131507110,2024,131507110,1,9,0,-1,9,7,5,-1,0,0,0,0,0,0,1,1,-1,6,1,50,8,2143,2,8,MERCEDES C CLASS,9,E01013357,0,4
2024131485465,2024,131485465,1,9,0,-1,19,1,5,-1,0,8,0,0,0,0,1,1,-1,6,-1,-1,-1,6208,1,12,MERCEDES C CLASS,-1,-1,0,-1
2024302400270,2024,302400270,2,9,0,18,19,3,7,0,0,0,0,0,0,0,4,1,2,2,2,61,9,1950,2,3,MERCEDES C CLASS,5,E01025965,0,3
2024010549540,2024,010549540,2,9,0,9,9,3,1,0,0,2,0,0,0,0,4,1,6,6,1,57,9,1991,1,9,MERCEDES C CLASS,2,E01003511,0,3
2024401531633,2024,401531633,1,9,0,-1,19,5,1,-1,0,0,0,0,0,0,1,1,-1,6,1,30,6,2143,2,10,MERCEDES C CLASS,1,E01002034,0,4
2024471478614,2024,471478614,1,9,0,-1,11,1,7,-1,0,0,0,0,0,0,1,1,-1,9,1,26,6,1991,1,9,MERCEDES C CLASS,5,E01003076,0,4
2024461435383,2024,461435383,2,9,0,-1,19,4,8,-1,0,0,0,0,0,0,2,1,-1,6,1,63,9,1796,1,14,MERCEDES C CLASS,7,E01002007,0,5
2024201545182,2024,201545182,1,9,0,-1,19,1,5,-1,0,1,0,0,0,0,1,9,-1,6,1,-1,-1,1595,1,10,MERCEDES C CLASS,-1,-1,0,-1
2024061496315,2024,061496315,1,9,0,-1,19,4,8,-1,0,0,1,0,7,0,1,1,-1,6,1,29,6,2143,2,7,MERCEDES C CLASS,1,E01006306,0,1
2024010508523,2024,010508523,2,9,0,99,99,9,9,99,99,9,9,99,9,99,1,9,6,6,3,35,6,2143,2,7,MERCEDES C CLASS,6,E01001644,0,1
2024010529816,2024,010529816,1,9,0,18,19,7,3,0,0,1,0,4,1,2,1,1,6,6,1,22,5,2143,2,14,MERCEDES C CLASS,4,E01030702,0,3
2024041500825,2024,041500825,1,9,0,-1,19,3,7,-1,0,4,0,9,0,0,1,1,-1,9,1,31,6,2143,-1,8,MERCEDES C CLASS,2,E01012630,0,3
2024041494300,2024,041494300,3,9,0,-1,19,7,3,-1,0,1,0,0,0,0,-1,1,-1,6,1,62,9,2143,2,10,MERCEDES C CLASS,2,E01025115,0,1
2024461496032,2024,461496032,2,9,0,-1,4,7,3,-1,0,4,0,0,0,0,2,9,-1,6,1,40,7,2143,2,12,MERCEDES C CLASS,1,E01016069,0,1
2024031481073,2024,031481073,2,9,0,-1,13,4,8,-1,0,0,0,0,0,0,1,1,-1,9,1,21,5,2143,2,10,MERCEDES C CLASS,7,E01034072,0,1
2024201463961,2024,201463961,1,9,0,-1,19,3,7,-1,0,0,1,0,1,2,1,9,-1,6,1,27,6,2987,2,11,MERCEDES C CLASS,3,E01010178,0,3
2024010496368,2024,010496368,3,9,0,2,2,0,0,0,0,2,0,0,0,0,0,1,6,6,3,-1,-1,2143,2,8,MERCEDES C CLASS,-1,-1,0,-1
2024411498951,2024,411498951,1,9,0,-1,19,2,6,-1,0,0,0,0,1,4,1,1,-1,2,1,39,7,2143,2,9,MERCEDES C CLASS,8,E01015696,0,1
2024991533965,2024,991533965,1,9,0,-1,7,7,3,-1,0,0,1,0,1,7,1,1,-1,9,1,15,3,2143,2,8,MERCEDES C CLASS,-1,-1,0,-1
2024041574497,2024,041574497,1,9,0,-1,7,8,2,-1,0,4,0,0,0,0,1,1,-1,6,2,25,5,2143,2,9,MERCEDES C CLASS,1,E01025218,0,4
2024340WN7242,2024,340WN7242,2,9,0,-1,19,5,1,-1,0,0,1,0,5,6,3,1,-1,2,2,51,8,2143,2,10,MERCEDES C CLASS,8,E01027261,0,2
2024010550508,2024,010550508,1,9,0,99,99,9,9,99,99,0,9,99,9,99,2,9,6,6,1,39,7,2143,2,9,MERCEDES C CLASS,7,E01015966,0,3
2024010507710,2024,010507710,1,9,0,18,19,3,7,0,0,1,0,4,0,0,1,1,6,6,1,41,7,2143,12,7,MERCEDES C CLASS,4,E01034210,0,1
2024052400780,2024,052400780,1,9,0,18,19,4,8,0,0,1,0,0,0,0,1,1,6,6,1,-1,-1,1991,8,7,MERCEDES C CLASS,-1,-1,0,-1
2024401495873,2024,401495873,2,9,0,-1,19,2,6,-1,0,1,0,0,0,0,3,1,-1,6,2,27,6,2143,2,8,MERCEDES C CLASS,2,E01015726,0,1
2024010509375,2024,010509375,2,9,0,99,99,9,9,99,99,9,9,99,9,99,0,9,6,6,3,-1,-1,1598,2,6,MERCEDES C CLASS,3,E01000405,0,1
2024501419004,2024,501419004,1,9,0,-1,19,2,6,-1,0,0,1,0,0,0,1,1,-1,6,1,33,6,2148,2,17,MERCEDES C CLASS,7,E01020298,0,3
2024061492381,2024,061492381,1,9,0,-1,6,3,7,-1,0,8,0,0,0,0,3,1,-1,9,1,33,6,1796,1,16,MERCEDES C CLASS,5,E01005876,0,1
2024332400368,2024,332400368,2,9,0,-1,5,3,7,-1,0,6,0,0,1,0,1,1,-1,9,1,76,11,1796,1,21,MERCEDES C CLASS,5,E01031114,0,3
2024061519914,2024,061519914,2,9,0,-1,19,1,5,-1,0,0,0,0,0,0,1,1,-1,6,2,25,5,2143,2,15,MERCEDES C CLASS,-1,-1,0,-1
2024201460897,2024,201460897,1,9,0,-1,9,7,5,-1,0,6,0,0,0,0,1,1,-1,9,1,73,10,1497,1,5,MERCEDES C CLASS,5,E01010285,0,2
2024622400744,2024,622400744,1,9,0,18,19,7,3,0,0,0,0,0,0,0,1,1,2,2,1,31,6,2143,2,15,MERCEDES C CLASS,2,W01001070,0,1
2024052402387,2024,052402387,1,9,0,4,4,1,5,0,0,1,0,0,0,0,1,1,6,6,2,45,7,1796,1,14,MERCEDES C CLASS,10,E01007149,0,1
2024320714298,2024,320714298,2,9,0,-1,-1,6,2,0,0,8,0,0,0,0,3,1,-1,-1,1,39,7,2143,2,7,MERCEDES C CLASS,7,E01002343,0,5
2024010543327,2024,010543327,2,9,0,18,19,5,1,0,0,2,0,4,0,0,4,1,6,6,1,24,5,1991,1,8,MERCEDES C CLASS,-1,-1,0,-1
2024351458316,2024,351458316,3,9,0,-1,3,8,4,-1,0,0,0,0,0,0,2,1,-1,6,1,66,10,1796,1,18,MERCEDES C CLASS,8,E01033820,0,4
2024552400651,2024,552400651,2,9,0,4,4,8,4,0,0,0,0,0,0,0,2,1,6,6,1,51,8,2987,2,15,MERCEDES C CLASS,6,E01020441,0,1
2024411519895,2024,411519895,3,9,0,-1,10,1,7,-1,0,1,0,0,0,0,1,1,-1,6,2,39,7,1950,2,5,MERCEDES C CLASS,8,E01023872,0,1
2024461433294,2024,461433294,4,9,0,-1,2,0,0,-1,0,0,0,0,0,0,4,2,-1,6,-1,-1,-1,1796,1,14,MERCEDES C CLASS,-1,-1,0,-1
2024430550828,2024,430550828,1,9,0,7,7,4,6,0,0,6,0,0,0,0,3,1,6,6,1,-1,-1,2143,2,10,MERCEDES C CLASS,-1,-1,0,-1
2024421509261,2024,421509261,1,9,0,-1,19,2,6,-1,0,8,5,0,1,9,3,1,-1,9,2,33,6,2143,2,6,MERCEDES C CLASS,10,E01021912,0,1
2024440309090,2024,440309090,2,9,0,18,19,7,3,0,0,7,0,0,0,0,2,1,6,6,1,52,8,1597,1,14,MERCEDES C CLASS,3,E01003481,0,5
2024131421508,2024,131421508,1,9,0,-1,1,4,8,-1,0,2,0,0,0,0,2,1,-1,9,1,26,6,2148,2,21,MERCEDES C CLASS,4,E01011727,0,2
2024302400680,2024,302400680,1,9,0,1,1,3,7,0,0,2,0,0,0,0,2,1,6,6,1,19,4,2143,2,11,MERCEDES C CLASS,3,E01034648,0,1
2024631473584,2024,631473584,2,9,0,-1,2,0,0,-1,0,0,0,0,0,0,2,1,-1,6,-1,-1,-1,2143,2,15,MERCEDES C CLASS,-1,-1,0,-1
2024010546263,2024,010546263,3,9,0,2,2,0,0,0,0,0,0,0,0,0,2,1,6,6,3,-1,-1,1497,8,5,MERCEDES C CLASS,-1,-1,0,-1
2024052401253,2024,052401253,2,9,0,18,19,7,3,0,0,1,0,0,0,0,0,1,2,2,1,39,7,1950,2,6,MERCEDES C CLASS,1,E01006505,0,1
2024010547212,2024,010547212,1,9,0,9,9,3,1,0,0,2,0,0,0,0,2,1,6,6,2,29,6,1950,2,5,MERCEDES C CLASS,9,E01002516,0,4
2024010538117,2024,010538117,1,9,0,18,19,6,2,0,0,1,0,0,0,0,1,1,6,6,2,35,6,2143,2,9,MERCEDES C CLASS,5,E01003640,0,1
2024351475948,2024,351475948,2,8,0,-1,2,0,0,-1,0,0,0,0,0,0,2,1,-1,1,1,60,9,1991,8,6,MERCEDES C CLASS,5,E01018106,0,4
2024161447864,2024,161447864,1,9,0,-1,8,2,4,-1,0,1,0,0,0,0,4,1,-1,6,2,46,8,2143,2,12,MERCEDES C CLASS,10,E01013068,0,1
2024010524877,2024,010524877,5,9,0,2,2,0,0,0,0,0,0,4,0,0,4,1,6,6,3,-1,-1,2143,2,8,MERCEDES C CLASS,-1,-1,0,-1
2024010510443,2024,010510443,2,9,0,99,99,9,9,99,99,9,9,99,9,99,9,9,6,6,3,-1,-1,1991,1,7,MERCEDES C CLASS,-1,-1,0,-1
2024010548053,2024,010548053,2,9,0,2,2,0,0,0,0,2,0,0,0,0,0,1,6,6,3,-1,-1,1595,1,12,MERCEDES C CLASS,-1,-1,0,-1
2024421444745,2024,421444745,2,9,0,-1,19,1,5,-1,0,0,0,0,0,0,3,1,-1,9,1,36,7,2143,2,8,MERCEDES C CLASS,8,E01022092,0,1
2024010495131,2024,010495131,1,9,0,18,19,7,3,0,0,0,5,0,0,0,1,1,6,6,1,39,7,1991,1,6,MERCEDES C CLASS,5,E01001060,0,4
2024031518374,2024,031518374,2,9,0,-1,9,7,4,-1,0,0,0,0,0,0,3,1,-1,2,1,58,9,1497,1,5,MERCEDES C CLASS,9,E01018692,0,5
2024461418872,2024,461418872,2,9,0,-1,19,5,1,-1,0,0,1,0,0,0,4,1,-1,6,1,25,5,2143,2,7,MERCEDES C CLASS,4,E01024258,0,1
2024421453037,2024,421453037,1,9,0,-1,7,2,4,-1,0,2,0,0,0,0,1,1,-1,9,2,37,7,1796,1,18,MERCEDES C CLASS,7,E01021434,0,1
2024440069805,2024,440069805,2,9,0,18,19,6,2,0,0,8,0,0,1,0,4,1,6,6,1,20,4,1796,1,17,MERCEDES C CLASS,4,E01033381,0,1
2024010499913,2024,010499913,2,9,9,99,99,9,9,99,99,9,9,99,9,99,9,9,6,6,3,-1,-1,1796,1,16,MERCEDES C CLASS,-1,-1,0,-1
2024501493185,2024,501493185,1,9,0,-1,19,6,2,-1,0,0,0,0,0,0,-1,1,-1,6,3,28,6,1796,1,21,MERCEDES C CLASS,-1,-1,0,-1
2024471483785,2024,471483785,1,9,0,-1,19,2,6,-1,0,0,0,0,7,9,1,1,-1,9,1,52,8,2148,2,19,MERCEDES C CLASS,6,E01031524,0,3
2024552400792,2024,552400792,1,9,0,2,2,0,0,0,0,0,0,0,0,0,3,1,6,6,1,29,6,2148,2,19,MERCEDES C CLASS,5,E01033838,0,5
2024201529414,2024,201529414,1,9,0,-1,19,4,8,-1,0,0,0,0,0,0,1,1,-1,6,-1,-1,-1,2143,2,7,MERCEDES C CLASS,-1,-1,0,-1
2024221405243,2024,221405243,1,9,0,-1,19,1,5,-1,0,0,0,0,0,0,1,1,-1,2,1,37,7,2143,2,12,MERCEDES C CLASS,8,E01032186,0,2
2024440443144,2024,440443144,1,9,0,3,3,5,1,0,0,4,0,0,0,0,1,1,2,2,2,41,7,2143,2,11,MERCEDES C CLASS,8,E01016703,0,3
2024451448212,2024,451448212,3,9,0,-1,19,5,1,-1,0,0,0,0,0,0,1,1,-1,2,2,39,7,2143,2,6,MERCEDES C CLASS,8,E01030698,0,2
2024061456141,2024,061456141,1,9,0,-1,19,1,5,-1,0,0,1,11,7,11,1,1,-1,6,1,21,5,1999,8,1,MERCEDES C CLASS,3,E01004978,0,2
2024010527914,2024,010527914,1,9,0,17,19,7,3,9,9,0,1,0,1,4,4,1,6,6,1,19,4,1796,1,13,MERCEDES C CLASS,2,E01003245,0,1
2024430521011,2024,430521011,1,9,0,9,9,3,1,0,0,5,0,0,0,0,4,1,6,6,1,35,6,2143,2,11,MERCEDES C CLASS,9,E01016313,0,1
2024451424721,2024,451424721,1,9,0,-1,5,3,7,-1,0,4,0,0,0,0,3,1,-1,9,2,35,6,2143,2,14,MERCEDES C CLASS,2,E01030599,0,1
2024041450764,2024,041450764,3,9,0,-1,4,3,7,-1,0,0,0,0,0,0,2,1,-1,1,1,44,7,1598,2,7,MERCEDES C CLASS,4,E01025276,0,1
2024010515134,2024,010515134,1,9,0,18,19,1,5,0,0,0,0,4,0,0,1,1,6,6,1,64,9,1991,1,6,MERCEDES C CLASS,-1,-1,0,-1
2024010536670,2024,010536670,1,9,0,7,7,3,6,0,0,1,0,0,0,0,0,1,6,6,1,26,6,1595,1,12,MERCEDES C CLASS,6,E01000150,0,3
2024340WN2012,2024,340WN2012,1,9,0,-1,19,1,5,-1,0,8,0,0,0,0,1,1,-1,6,1,-1,-1,1597,1,15,MERCEDES C CLASS,-1,-1,0,-1
2024361454440,2024,361454440,2,9,0,-1,4,7,7,-1,0,0,0,0,0,0,1,1,-1,9,1,64,9,1796,1,18,MERCEDES C CLASS,5,E01029928,0,2
2024201513330,2024,201513330,1,9,0,-1,19,2,5,-1,0,0,0,0,0,0,1,1,-1,2,1,30,6,1991,8,7,MERCEDES C CLASS,10,E01009903,0,1
2024070666345,2024,070666345,1,9,0,5,5,7,3,0,0,8,1,10,0,1,1,1,6,6,2,45,7,2143,2,11,MERCEDES C CLASS,5,E01018479,0,1
2024131523655,2024,131523655,1,9,0,-1,-1,-1,-1,-1,-1,8,-1,-1,-1,0,-1,1,-1,6,3,-1,-1,2143,2,12,MERCEDES C CLASS,-1,-1,0,-1