collision_index,collision_year,collision_ref_no,vehicle_reference,vehicle_type,towing_and_articulation,vehicle_manoeuvre_historic,vehicle_manoeuvre,vehicle_direction_from,vehicle_direction_to,vehicle_location_restricted_lane_historic,vehicle_location_restricted_lane,junction_location,skidding_and_overturning,hit_object_in_carriageway,vehicle_leaving_carriageway,hit_object_off_carriageway,first_point_of_impact,vehicle_left_hand_drive,journey_purpose_of_driver_historic,journey_purpose_of_driver,sex_of_driver,age_of_driver,age_band_of_driver,engine_capacity_cc,propulsion_code,age_of_vehicle,generic_make_model,driver_imd_decile,lsoa_of_driver,escooter_flag,driver_distance_banding
2024010519065,2024,010519065,4,9,0,2,2,0,0,0,0,1,0,0,0,0,1,1,6,6,3,-1,-1,1991,1,7,MERCEDES C CLASS,-1,-1,0,-1
2024052402604,2024,052402604,3,9,0,3,3,5,1,0,0,0,0,0,0,0,2,1,6,6,1,56,9,2143,2,7,MERCEDES C CLASS,9,E01007171,0,3
2024451524045,2024,451524045,2,9,0,-1,-1,-1,-1,-1,-1,0,-1,-1,-1,0,-1,9,-1,6,1,34,6,1796,1,21,MERCEDES C CLASS,9,E01030485,0,1
2024010538168,2024,010538168,1,9,0,3,3,5,1,0,0,1,0,0,0,0,2,1,6,6,2,44,7,2143,2,8,MERCEDES C CLASS,2,E01033876,0,1
2024201431840,2024,201431840,1,9,0,-1,19,7,1,-1,0,8,0,0,0,0,1,9,-1,9,1,44,7,2987,2,15,MERCEDES C CLASS,2,E01009980,0,1
2024430191223,2024,430191223,2,8,0,9,9,2,8,0,0,5,0,0,0,0,4,1,6,6,1,-1,-1,2143,2,6,MERCEDES C CLASS,-1,-1,0,-1
2024471472831,2024,471472831,1,9,0,-1,19,5,1,-1,0,0,0,0,0,0,4,1,-1,9,1,62,9,1993,-1,0,MERCEDES C CLASS,5,E01030819,0,4
2024010515080,2024,010515080,1,9,0,18,19,5,1,0,0,3,0,10,1,2,1,1,6,6,2,19,4,1598,2,9,MERCEDES C CLASS,4,E01033930,0,2
2024061438033,2024,061438033,1,9,0,-1,99,-1,-1,-1,99,0,9,99,3,0,2,1,-1,2,1,45,7,1991,8,8,MERCEDES C CLASS,3,E01005244,0,1
2024231501606,2024,231501606,2,9,0,-1,4,4,8,-1,0,0,0,0,0,0,2,1,-1,9,1,24,5,2143,2,8,MERCEDES C CLASS,2,E01007180,0,5
2024622400347,2024,622400347,1,9,0,18,19,6,2,0,0,1,0,0,0,0,1,1,2,2,1,48,8,2148,2,16,MERCEDES C CLASS,3,W01000922,0,2
2024010533928,2024,010533928,2,9,0,99,99,9,9,99,99,9,9,99,9,99,1,9,6,6,3,-1,-1,2143,2,8,MERCEDES C CLASS,-1,-1,0,-1
2024311441111,2024,311441111,1,9,0,-1,19,6,1,-1,0,0,0,0,0,0,1,1,-1,6,1,62,9,2143,2,10,MERCEDES C CLASS,4,E01026105,0,4
2024041433566,2024,041433566,2,9,0,-1,9,3,1,-1,0,6,0,0,0,0,1,1,-1,2,2,59,9,2143,2,14,MERCEDES C CLASS,9,E01025064,0,1
2024141404482,2024,141404482,1,9,0,-1,10,5,2,-1,0,1,0,0,0,0,1,1,-1,6,1,45,7,1595,1,4,MERCEDES C CLASS,7,E01007427,0,1
2024010529287,2024,010529287,1,9,0,14,14,1,5,0,0,3,0,0,0,0,1,1,6,6,1,27,6,1497,8,5,MERCEDES C CLASS,-1,-1,0,-1
2024201424013,2024,201424013,1,9,0,-1,7,7,1,-1,0,5,0,10,1,0,1,9,-1,6,1,29,6,1497,1,4,MERCEDES C CLASS,2,E01009481,0,1
2024010516920,2024,010516920,1,9,0,18,19,1,5,0,0,0,0,0,0,0,1,1,3,7,1,42,7,1595,1,9,MERCEDES C CLASS,4,E01000392,0,1
2024501439373,2024,501439373,2,9,0,-1,4,3,7,-1,0,2,0,0,0,0,2,1,-1,6,1,45,7,1991,8,8,MERCEDES C CLASS,9,E01032703,0,5
2024010537564,2024,010537564,1,9,0,18,19,5,1,0,0,2,0,0,0,0,1,1,6,6,1,38,7,1796,1,17,MERCEDES C CLASS,4,E01001397,0,1
2024440406236,2024,440406236,1,9,0,18,19,2,6,0,0,0,0,0,0,0,1,1,6,6,2,34,6,2143,2,8,MERCEDES C CLASS,2,E01002716,0,4
2024201431794,2024,201431794,2,9,0,-1,19,4,8,-1,0,0,0,0,0,0,1,9,-1,6,2,42,7,2143,-1,9,MERCEDES C CLASS,1,E01010363,0,1
2024131441380,2024,131441380,1,9,0,-1,19,1,5,-1,0,8,0,0,0,0,3,1,-1,9,1,35,6,2143,2,6,MERCEDES C CLASS,1,E01011134,0,1
2024421426109,2024,421426109,1,9,0,-1,19,3,7,-1,0,0,0,0,0,0,0,1,-1,6,1,28,6,2143,2,6,MERCEDES C CLASS,9,E01021825,0,1
2024061471114,2024,061471114,1,9,0,-1,20,0,0,-1,0,0,0,0,0,0,3,9,-1,6,1,-1,-1,2143,2,8,MERCEDES C CLASS,-1,-1,0,-1
2024122500095,2024,122500095,1,9,0,18,19,1,5,0,0,0,0,0,0,0,1,1,6,6,1,22,5,2987,2,12,MERCEDES C CLASS,6,E01027790,0,2
2024421497368,2024,421497368,1,9,0,-1,9,2,8,-1,0,8,0,0,0,0,3,1,-1,9,1,57,9,2143,2,11,MERCEDES C CLASS,2,E01022019,0,1
202454B494724,2024,54B494724,1,9,0,18,19,4,8,0,0,1,0,0,0,0,1,1,2,2,2,41,7,2143,2,14,MERCEDES C CLASS,6,E01032119,0,3
2024070606668,2024,070606668,1,9,0,18,19,3,7,0,0,0,0,0,0,0,1,1,6,6,2,58,9,2143,2,14,MERCEDES C CLASS,10,E01018506,0,4
2024131453163,2024,131453163,2,9,0,-1,7,7,3,-1,0,8,0,0,0,0,1,1,-1,6,-1,-1,-1,2149,2,17,MERCEDES C CLASS,-1,-1,0,-1
2024421457807,2024,421457807,1,9,0,-1,19,5,1,-1,0,1,0,7,0,0,1,2,-1,6,-1,-1,-1,2148,2,17,MERCEDES C CLASS,3,E01004389,0,1
2024440315209,2024,440315209,2,9,0,18,19,4,8,0,0,8,0,0,0,0,1,1,2,2,1,55,8,2143,2,15,MERCEDES C CLASS,7,E01032398,0,4
2024340WN1222,2024,340WN1222,2,8,0,-1,3,6,2,-1,0,1,0,0,0,0,2,1,-1,1,1,26,6,2143,2,6,MERCEDES C CLASS,1,E01027239,0,2
2024010529499,2024,010529499,1,9,0,18,19,5,1,0,0,8,0,0,0,0,1,1,6,6,1,-1,-1,1598,2,9,MERCEDES C CLASS,4,E01002098,0,2
2024451444264,2024,451444264,1,9,0,-1,19,3,7,-1,-1,8,0,7,0,0,3,1,-1,2,1,39,7,1598,2,8,MERCEDES C CLASS,4,E01003098,0,3
2024010512986,2024,010512986,2,9,0,99,99,9,9,99,99,5,9,99,9,99,2,9,6,6,3,-1,-1,1991,8,9,MERCEDES C CLASS,-1,-1,0,-1
2024991528039,2024,991528039,1,9,0,-1,19,1,5,-1,0,0,2,0,7,0,1,1,-1,2,1,20,4,2143,2,7,MERCEDES C CLASS,3,-1,0,2
2024311452211,2024,311452211,1,9,0,-1,9,1,8,-1,0,1,0,0,0,0,1,1,-1,9,1,37,7,2143,2,11,MERCEDES C CLASS,-1,-1,0,-1
2024440145316,2024,440145316,1,9,0,14,14,2,6,0,0,0,0,4,0,0,1,1,6,6,2,20,4,2143,2,11,MERCEDES C CLASS,7,E01022797,0,1
2024010534784,2024,010534784,2,9,0,18,19,1,5,0,0,0,0,0,0,0,1,1,6,6,1,36,7,2143,2,8,MERCEDES C CLASS,2,E01030024,0,4
2024320762877,2024,320762877,1,9,0,-1,-1,8,4,0,0,0,0,0,7,9,1,1,6,6,1,44,7,2143,2,11,MERCEDES C CLASS,-1,-1,0,-1
2024451445651,2024,451445651,1,9,0,-1,5,1,5,-1,9,0,0,0,1,10,1,2,-1,9,2,71,10,2143,2,12,MERCEDES C CLASS,7,E01030423,0,1
2024010529201,2024,010529201,2,9,0,3,3,3,7,0,0,4,0,0,0,0,1,1,6,6,3,-1,-1,2143,2,6,MERCEDES C CLASS,-1,-1,0,-1
2024010501854,2024,010501854,1,9,0,13,13,5,1,0,0,8,1,0,1,0,1,1,6,6,1,-1,-1,1999,8,1,MERCEDES C CLASS,2,E01001114,0,3
2024010504332,2024,010504332,2,9,0,9,9,5,3,0,0,2,0,0,0,0,4,1,2,2,1,57,9,1796,1,14,MERCEDES C CLASS,2,E01000030,0,1
2024451397076,2024,451397076,1,9,0,-1,7,1,5,-1,0,2,0,0,0,0,1,1,-1,9,2,45,7,1497,8,4,MERCEDES C CLASS,8,E01030668,0,1
2024340NN3122,2024,340NN3122,1,9,0,-1,19,5,1,-1,0,0,0,0,1,0,1,1,-1,9,1,52,8,2143,2,11,MERCEDES C CLASS,9,E01027053,0,3
2024991393757,2024,991393757,1,9,0,-1,19,8,4,-1,0,0,2,0,1,0,1,1,-1,9,1,24,5,1991,1,6,MERCEDES C CLASS,7,-1,0,4
2024201437280,2024,201437280,2,9,0,-1,19,2,6,-1,0,6,0,0,0,0,3,1,-1,6,2,41,7,1597,1,15,MERCEDES C CLASS,2,E01010362,0,2
2024010495577,2024,010495577,1,9,0,9,9,3,1,0,0,6,0,0,0,0,1,1,6,6,1,42,7,1796,1,16,MERCEDES C CLASS,8,E01001392,0,1
2024430053859,2024,430053859,1,9,0,18,19,5,1,0,0,6,0,0,0,0,1,1,6,6,2,51,8,2143,2,11,MERCEDES C CLASS,6,E01028796,0,3
202417S412624,2024,17S412624,1,9,0,-1,19,5,1,-1,0,0,0,0,7,11,3,1,-1,6,3,-1,-1,2143,2,10,MERCEDES C CLASS,-1,-1,0,-1
2024131502782,2024,131502782,1,9,0,-1,9,8,4,-1,0,5,0,0,0,0,1,1,-1,6,-1,-1,-1,2148,2,15,MERCEDES C CLASS,-1,-1,0,-1
2024311439407,2024,311439407,3,9,0,-1,19,3,7,-1,0,1,1,0,0,0,1,1,-1,9,1,34,6,1999,8,0,MERCEDES C CLASS,6,E01028295,0,1
2024201514221,2024,201514221,2,9,0,-1,5,1,5,-1,0,1,0,0,0,0,4,1,-1,6,1,36,7,1796,1,20,MERCEDES C CLASS,2,E01009273,0,1
2024070414863,2024,070414863,1,9,0,12,12,7,3,0,0,0,0,0,7,0,3,1,6,6,1,54,8,1991,8,6,MERCEDES C CLASS,7,E01018736,0,2
2024010517550,2024,010517550,2,9,0,99,99,9,9,99,99,9,9,99,9,99,1,9,6,6,3,-1,-1,1497,8,3,MERCEDES C CLASS,5,E01004441,0,1
2024201427366,2024,201427366,1,9,0,-1,19,8,4,-1,0,0,0,0,0,0,1,9,-1,7,2,40,7,2148,2,15,MERCEDES C CLASS,6,E01010358,0,1
2024211450561,2024,211450561,2,9,0,-1,2,7,7,-1,0,0,0,0,0,0,0,1,-1,6,-1,-1,-1,1991,1,8,MERCEDES C CLASS,-1,-1,0,-1
2024411407678,2024,411407678,1,9,-1,-1,-1,-1,-1,-1,-1,-1,-1,-1,-1,0,-1,9,-1,6,3,-1,-1,1497,8,4,MERCEDES C CLASS,-1,-1,0,-1
2024430297283,2024,430297283,1,9,0,7,7,4,6,0,0,6,0,0,4,0,1,1,6,6,2,81,11,1796,1,20,MERCEDES C CLASS,10,E01016253,0,1
2024610054224,2024,610054224,2,9,0,16,19,4,6,0,0,0,0,6,0,0,1,1,6,6,1,50,8,2143,2,9,MERCEDES C CLASS,4,E01015011,0,4
2024010531971,2024,010531971,1,9,0,99,99,9,9,99,99,6,9,99,9,99,1,9,6,6,1,24,5,1796,1,20,MERCEDES C CLASS,2,E01001787,0,1
2024131475420,2024,131475420,1,9,0,-1,19,3,7,-1,0,0,0,0,0,0,1,1,-1,1,1,44,7,2143,2,11,MERCEDES C CLASS,1,E01025224,0,4
2024411512610,2024,411512610,2,9,0,-1,5,7,3,-1,0,0,0,0,0,0,1,1,-1,6,1,56,9,2143,2,9,MERCEDES C CLASS,-1,-1,0,-1
2024010516716,2024,010516716,2,9,0,4,4,5,1,0,0,1,0,0,0,0,0,1,6,6,1,92,11,1799,1,27,MERCEDES C CLASS,8,E01000653,0,1
2024471501527,2024,471501527,1,9,0,-1,19,5,1,-1,0,1,0,0,0,0,4,1,-1,7,1,50,8,1598,2,7,MERCEDES C CLASS,4,E01016869,0,1
2024221468038,2024,221468038,1,9,0,-1,19,4,6,-1,0,0,0,0,0,0,1,1,-1,6,1,46,8,2143,2,13,MERCEDES C CLASS,1,E01009021,0,3
2024332400339,2024,332400339,2,9,0,-1,19,5,1,-1,0,4,0,0,0,0,0,1,-1,8,1,31,6,2987,2,14,MERCEDES C CLASS,-1,-1,0,-1
2024411520962,2024,411520962,1,9,0,-1,19,7,3,-1,0,0,1,0,7,4,1,1,-1,6,1,48,8,1597,2,5,MERCEDES C CLASS,10,E01023741,0,1
2024111410050,2024,111410050,1,9,0,-1,19,3,7,-1,0,0,2,0,1,0,1,1,-1,9,1,21,5,2143,2,6,MERCEDES C CLASS,2,E01020624,0,2
2024332400044,2024,332400044,2,9,0,-1,9,3,1,-1,0,6,0,0,0,0,3,1,-1,9,1,28,6,2143,2,10,MERCEDES C CLASS,7,E01013672,0,2
2024010534585,2024,010534585,1,9,9,18,19,3,7,0,0,0,9,0,0,0,1,1,6,6,1,59,9,1998,1,23,MERCEDES C CLASS,5,E01002455,0,1
2024421459734,2024,421459734,2,9,0,-1,7,2,4,-1,0,5,0,0,0,0,3,9,-1,9,2,31,6,1991,1,9,MERCEDES C CLASS,9,E01021352,0,2
2024061443540,2024,061443540,2,9,0,-1,19,5,1,-1,0,0,0,0,0,0,1,1,-1,6,1,46,8,2143,2,10,MERCEDES C CLASS,1,E01012650,0,2
2024070705396,2024,070705396,1,9,0,-1,8,6,2,-1,0,1,0,0,0,0,4,1,-1,6,2,37,7,2148,2,20,MERCEDES C CLASS,1,E01012483,0,1
2024010497855,2024,010497855,1,9,0,14,14,3,7,0,0,0,2,4,0,0,1,1,6,6,1,26,6,2143,2,8,MERCEDES C CLASS,8,E01002341,0,1
2024461418705,2024,461418705,1,9,0,-1,9,1,1,-1,0,1,0,0,0,0,3,2,-1,1,1,38,7,2143,2,10,MERCEDES C CLASS,7,E01024185,0,1
2024070457139,2024,070457139,1,9,0,9,9,7,5,0,0,2,0,0,0,0,1,1,6,6,1,37,7,2143,2,10,MERCEDES C CLASS,3,E01018464,0,1
2024211431166,2024,211431166,3,9,0,-1,19,6,2,-1,0,1,0,0,0,0,1,1,-1,6,2,-1,-1,2987,2,15,MERCEDES C CLASS,-1,-1,0,-1
2024131396129,2024,131396129,2,9,0,-1,19,7,3,-1,0,0,0,0,0,0,1,1,-1,9,1,64,9,1950,12,3,MERCEDES C CLASS,8,E01027405,0,5
2024461431214,2024,461431214,6,9,0,-1,4,6,2,-1,0,0,0,0,0,0,2,1,-1,6,1,38,7,1598,2,8,MERCEDES C CLASS,4,E01001646,0,3
2024201497548,2024,201497548,1,9,0,-1,19,4,8,-1,0,8,1,0,0,0,1,1,-1,6,1,19,4,2148,2,16,MERCEDES C CLASS,10,E01010199,0,1
2024010537511,2024,010537511,2,9,0,99,99,9,9,99,99,9,9,99,9,99,1,9,6,6,3,-1,-1,2143,2,9,MERCEDES C CLASS,-1,-1,0,-1
2024010550579,2024,010550579,1,9,0,18,19,7,3,0,0,8,0,0,0,0,1,1,6,6,1,61,9,1796,1,18,MERCEDES C CLASS,-1,-1,0,-1
2024010497862,2024,010497862,2,9,0,1,1,9,9,99,99,0,9,99,9,99,9,9,6,6,3,-1,-1,1497,8,4,MERCEDES C CLASS,-1,-1,0,-1
2024052401439,2024,052401439,1,9,0,7,7,2,4,0,0,6,0,0,0,0,1,1,3,7,2,37,7,2148,2,15,MERCEDES C CLASS,1,E01034401,0,1
2024010543432,2024,010543432,2,9,0,99,99,9,9,99,99,9,9,99,9,99,1,9,6,6,3,-1,-1,2143,2,6,MERCEDES C CLASS,8,E01000122,0,1
2024451500380,2024,451500380,2,9,0,-1,19,5,1,-1,0,0,0,0,0,0,1,1,-1,6,1,41,7,2143,2,13,MERCEDES C CLASS,4,E01017042,0,4
2024010520526,2024,010520526,1,9,0,3,3,3,7,0,0,1,0,0,0,0,1,1,6,6,1,44,7,1991,8,9,MERCEDES C CLASS,3,E01003498,0,1
2024010517630,2024,010517630,1,9,0,7,7,5,8,0,0,0,0,0,0,0,4,1,6,6,1,35,6,1991,1,7,MERCEDES C CLASS,2,E01033486,0,2
2024031498802,2024,031498802,1,9,3,-1,4,6,1,-1,0,1,0,0,0,0,3,1,-1,9,1,80,11,2143,2,13,MERCEDES C CLASS,-1,-1,0,-1
2024320020037,2024,320020037,1,9,0,1,1,5,1,0,0,0,0,0,0,0,2,1,-1,-1,1,52,8,2143,2,13,MERCEDES C CLASS,9,E01026118,0,1
2024340WN5462,2024,340WN5462,2,9,0,-1,19,7,3,-1,0,1,0,0,0,0,1,1,-1,9,1,29,6,1950,2,5,MERCEDES C CLASS,1,E01009270,0,4
2024451412804,2024,451412804,1,9,0,-1,19,7,3,-1,0,0,0,0,0,0,1,1,-1,7,1,40,7,1595,1,12,MERCEDES C CLASS,10,E01030339,0,1
2024411435062,2024,411435062,2,9,-1,-1,1,5,1,-1,0,1,0,0,0,0,2,9,-1,6,3,-1,-1,2148,2,15,MERCEDES C CLASS,-1,-1,0,-1
2024320379677,2024,320379677,1,9,0,15,15,2,6,0,0,1,0,0,1,0,1,1,-1,-1,1,35,6,2143,2,11,MERCEDES C CLASS,7,E01034684,0,3
2024471435011,2024,471435011,1,9,0,-1,19,1,5,-1,0,2,0,0,8,1,1,1,-1,2,1,39,7,1991,1,7,MERCEDES C CLASS,7,E01031379,0,3
2024070682684,2024,070682684,1,9,0,5,5,5,1,0,0,8,0,0,0,0,4,1,6,6,2,53,8,1497,8,5,MERCEDES C CLASS,6,E01018369,0,3
2024010522937,2024,010522937,3,9,0,3,3,1,5,0,0,0,0,0,0,0,4,2,6,6,1,38,7,2143,2,9,MERCEDES C CLASS,5,E01023681,0,3
2024211489319,2024,211489319,1,9,0,-1,5,3,1,-1,0,1,0,0,0,0,1,1,-1,2,1,-1,-1,1950,2,4,MERCEDES C CLASS,-1,-1,0,-1
202454E932524,2024,54E932524,1,9,0,1,1,0,6,0,0,6,0,0,0,0,4,1,6,6,2,48,8,1991,1,10,MERCEDES C CLASS,7,E01019996,0,5
2024131515549,2024,131515549,1,9,0,-1,9,3,5,-1,0,1,0,0,0,0,3,1,-1,6,1,24,5,2143,2,12,MERCEDES C CLASS,3,E01011033,0,1
2024421475539,2024,421475539,3,9,0,-1,3,1,5,-1,0,0,0,0,0,0,2,1,-1,6,1,52,8,2143,2,11,MERCEDES C CLASS,5,E01027948,0,5
2024061478003,2024,061478003,1,9,0,-1,19,1,6,-1,0,0,0,0,1,11,1,1,-1,9,-1,21,5,2143,2,7,MERCEDES C CLASS,-1,-1,0,-1
2024010517304,2024,010517304,1,9,0,18,19,1,5,0,0,2,0,0,0,0,1,1,2,2,1,39,7,1796,1,19,MERCEDES C CLASS,-1,-1,0,-1
2024031435476,2024,031435476,1,9,0,-1,5,7,3,-1,0,0,1,0,1,0,3,1,-1,6,1,36,7,2143,2,14,MERCEDES C CLASS,-1,-1,0,-1
2024041483899,2024,041483899,1,9,0,-1,19,1,5,-1,0,0,0,0,0,0,1,1,-1,9,2,31,6,2987,2,14,MERCEDES C CLASS,9,E01019250,0,5
2024010502756,2024,010502756,1,9,0,99,99,9,9,99,99,6,9,99,9,99,9,9,6,6,3,-1,-1,1991,1,9,MERCEDES C CLASS,-1,-1,0,-1
2024010529572,2024,010529572,2,9,0,18,19,3,7,0,0,7,2,4,0,0,4,1,2,2,1,66,10,1496,8,0,MERCEDES C CLASS,9,E01017859,0,4
2024041431001,2024,041431001,3,9,0,-1,19,5,1,-1,0,0,0,0,0,0,1,1,-1,6,2,58,9,2143,2,7,MERCEDES C CLASS,9,E01005736,0,4
2024131513281,2024,131513281,1,9,0,-1,19,5,5,-1,9,1,0,4,0,0,1,1,-1,9,1,46,8,2143,12,7,MERCEDES C CLASS,2,E01011040,0,1
2024201432141,2024,201432141,1,9,0,-1,9,5,3,-1,0,5,0,0,0,0,4,9,-1,6,2,47,8,2143,2,13,MERCEDES C CLASS,7,E01015560,0,5
2024302400484,2024,302400484,1,9,0,6,6,2,2,0,0,0,0,0,0,0,3,1,6,6,3,-1,-1,2148,2,17,MERCEDES C CLASS,5,E01019456,0,4
2024010513003,2024,010513003,2,9,0,99,99,9,9,99,99,9,9,99,9,99,1,9,6,6,3,-1,-1,2143,2,9,MERCEDES C CLASS,-1,-1,0,-1
2024520001634,2024,520001634,1,9,0,4,4,8,2,0,0,0,0,0,0,0,1,1,6,6,1,55,8,1991,1,7,MERCEDES C CLASS,9,E01014441,0,1
2024320546203,2024,320546203,2,9,0,4,4,5,1,0,0,1,0,0,0,0,2,1,-1,-1,2,47,8,2148,2,17,MERCEDES C CLASS,-1,-1,0,-1
2024010511588,2024,010511588,1,9,0,18,19,1,5,0,0,1,0,0,0,0,1,1,1,1,1,24,5,2143,2,11,MERCEDES C CLASS,2,E01001193,0,3
2024221451501,2024,221451501,1,9,0,-1,19,1,4,-1,0,8,0,0,0,0,1,9,-1,6,3,46,8,2143,2,9,MERCEDES C CLASS,-1,-1,0,-1
2024010547375,2024,010547375,1,9,0,99,99,9,9,99,99,9,9,99,9,99,1,9,6,6,2,31,6,1497,8,5,MERCEDES C CLASS,2,E01002588,0,1
2024501454410,2024,501454410,1,9,0,-1,19,8,6,-1,0,1,0,0,0,0,3,1,-1,6,1,40,7,2143,2,13,MERCEDES C CLASS,2,E01015259,0,1
2024061477009,2024,061477009,1,9,0,-1,9,6,8,-1,0,1,1,0,1,1,1,1,-1,9,2,22,5,2996,1,17,MERCEDES C CLASS,6,E01002919,0,5
2024010487801,2024,010487801,2,9,0,6,6,1,1,0,0,2,0,0,0,0,1,1,6,6,1,34,6,1991,1,6,MERCEDES C CLASS,5,E01001590,0,1
2024411414133,2024,411414133,1,9,0,-1,19,1,5,-1,0,0,0,0,0,0,1,9,-1,6,3,-1,-1,2143,2,6,MERCEDES C CLASS,-1,-1,0,-1
2024010542210,2024,010542210,2,9,0,18,19,1,5,0,0,0,0,0,0,0,1,1,2,2,1,56,9,1991,1,10,MERCEDES C CLASS,2,E01003508,0,2
2024351540927,2024,351540927,1,9,0,-1,19,1,5,-1,0,6,0,0,0,0,3,1,-1,2,1,38,7,1991,1,4,MERCEDES C CLASS,6,E01017592,0,4
2024041501549,2024,041501549,1,9,0,-1,19,5,8,-1,0,0,0,0,1,2,1,1,-1,9,1,38,7,2148,2,15,MERCEDES C CLASS,9,E01025484,0,1
2024451504626,2024,451504626,2,9,0,-1,19,5,1,-1,0,0,1,0,0,0,1,1,-1,9,1,44,7,2143,2,9,MERCEDES C CLASS,10,E01003824,0,1
2024522402619,2024,522402619,2,9,0,18,19,2,6,0,0,1,0,0,0,0,1,1,6,6,1,-1,-1,2143,2,7,MERCEDES C CLASS,-1,-1,0,-1
2024221446283,2024,221446283,1,9,0,-1,9,8,7,-1,0,6,0,0,0,0,1,9,-1,6,1,55,8,2148,2,18,MERCEDES C CLASS,6,E01028924,0,1
2024010514960,2024,010514960,2,9,0,2,2,0,0,0,0,2,0,0,0,0,1,1,6,6,3,-1,-1,1796,1,19,MERCEDES C CLASS,-1,-1,0,-1
2024010530445,2024,010530445,1,9,0,18,19,3,7,0,0,8,0,0,0,0,1,1,6,6,2,44,7,2143,2,11,MERCEDES C CLASS,1,E01001811,0,1
2024010546239,2024,010546239,2,9,0,10,10,7,5,0,0,6,0,0,0,0,0,1,6,6,2,49,8,1796,1,19,MERCEDES C CLASS,4,E01002650,0,1
2024010512585,2024,010512585,1,9,0,99,99,9,9,99,99,9,9,99,9,99,9,1,6,6,1,38,7,1991,1,9,MERCEDES C CLASS,3,E01003571,0,1
2024201535430,2024,201535430,1,9,0,-1,3,2,6,-1,0,1,0,0,0,0,1,1,-1,6,1,28,6,2143,2,9,MERCEDES C CLASS,1,E01034923,0,1
2024010506606,2024,010506606,1,9,0,3,3,5,1,0,0,2,0,0,0,0,2,1,1,1,1,36,7,2143,2,9,MERCEDES C CLASS,2,E01002029,0,1
2024411448806,2024,411448806,1,9,0,-1,7,5,2,-1,0,3,0,0,0,0,1,1,-1,6,1,34,6,2143,2,9,MERCEDES C CLASS,3,E01004679,0,3
2024320230755,2024,320230755,1,9,0,9,9,3,1,0,0,6,0,0,0,0,4,1,-1,-1,2,34,6,1796,1,14,MERCEDES C CLASS,6,E01026100,0,3
2024520402379,2024,520402379,1,9,0,17,19,3,7,0,0,0,5,0,1,3,1,1,6,6,1,75,10,2143,2,6,MERCEDES C CLASS,6,E01020143,0,4
2024411476152,2024,411476152,1,9,0,-1,19,8,4,-1,0,1,0,0,0,0,1,1,-1,6,1,38,7,2148,2,18,MERCEDES C CLASS,3,E01023613,0,1
2024351485475,2024,351485475,3,9,0,-1,19,7,3,-1,0,0,0,0,0,0,2,1,-1,6,1,51,8,2143,2,12,MERCEDES C CLASS,2,E01035134,0,4
2024421450073,2024,421450073,1,9,0,-1,9,3,8,-1,0,0,0,0,0,0,3,1,-1,9,1,44,7,2148,2,17,MERCEDES C CLASS,8,E01021891,0,1
2024451425682,2024,451425682,3,9,0,-1,19,7,3,-1,0,2,0,0,0,0,2,1,-1,9,2,46,8,1497,1,6,MERCEDES C CLASS,8,E01030988,0,1
2024141411141,2024,141411141,1,9,0,-1,19,1,5,-1,9,0,1,0,1,0,2,1,-1,9,1,33,6,3498,1,12,MERCEDES C CLASS,3,E01007479,0,1
2024141518522,2024,141518522,2,9,0,-1,19,1,5,-1,0,1,0,0,0,0,1,9,-1,6,3,-1,-1,2143,2,8,MERCEDES C CLASS,-1,-1,0,-1
2024010487668,2024,010487668,2,9,0,9,9,8,6,0,0,1,0,0,0,0,1,1,6,6,1,18,4,2143,2,7,MERCEDES C CLASS,3,E01000498,0,1
2024552401172,2024,552401172,1,9,0,9,9,5,3,0,0,6,0,0,0,0,3,1,6,6,1,81,11,1496,8,1,MERCEDES C CLASS,4,E01002629,0,5
2024010542674,2024,010542674,1,9,0,4,4,7,3,0,0,0,0,0,0,0,3,1,6,6,2,59,9,1991,1,7,MERCEDES C CLASS,4,E01002814,0,1
2024231442295,2024,231442295,1,9,0,-1,19,7,2,-1,0,0,5,0,8,1,1,1,-1,9,1,26,6,2143,2,10,MERCEDES C CLASS,5,E01031168,0,3
2024201480269,2024,201480269,2,9,0,-1,9,2,7,-1,0,2,0,0,0,0,3,1,-1,6,1,23,5,2148,2,15,MERCEDES C CLASS,5,E01032214,0,4
2024201435148,2024,201435148,3,9,0,-1,19,2,6,-1,0,8,0,0,0,0,2,1,-1,6,1,27,6,1950,2,4,MERCEDES C CLASS,2,E01009389,0,1
2024161475400,2024,161475400,2,9,0,-1,19,3,7,-1,0,0,1,0,0,0,2,1,-1,6,1,60,9,1991,1,6,MERCEDES C CLASS,3,E01012839,0,1