collision_index,collision_year,collision_ref_no,vehicle_reference,vehicle_type,towing_and_articulation,vehicle_manoeuvre_historic,vehicle_manoeuvre,vehicle_direction_from,vehicle_direction_to,vehicle_location_restricted_lane_historic,vehicle_location_restricted_lane,junction_location,skidding_and_overturning,hit_object_in_carriageway,vehicle_leaving_carriageway,hit_object_off_carriageway,first_point_of_impact,vehicle_left_hand_drive,journey_purpose_of_driver_historic,journey_purpose_of_driver,sex_of_driver,age_of_driver,age_band_of_driver,engine_capacity_cc,propulsion_code,age_of_vehicle,generic_make_model,driver_imd_decile,lsoa_of_driver,escooter_flag,driver_distance_banding
2024141483838,2024,141483838,1,9,0,-1,19,2,5,-1,0,1,0,0,7,4,1,1,-1,6,2,54,8,1598,2,9,MERCEDES C CLASS,8,E01007520,0,1
2024430614119,2024,430614119,1,9,0,18,19,8,4,0,0,4,1,0,0,0,3,1,6,6,2,46,8,2143,2,12,MERCEDES C CLASS,1,E01016811,0,2
2024061450953,2024,061450953,1,9,0,-1,13,7,3,-1,0,0,0,0,8,0,1,1,-1,6,1,30,6,2149,2,17,MERCEDES C CLASS,-1,-1,0,-1
2024201535811,2024,201535811,2,9,0,-1,3,4,8,-1,0,0,0,0,0,0,2,9,-1,9,2,38,7,1597,1,15,MERCEDES C CLASS,-1,-1,0,-1
2024201470247,2024,201470247,1,9,0,-1,5,3,7,-1,0,0,0,0,1,1,1,1,-1,6,1,36,7,2143,2,9,MERCEDES C CLASS,2,E01010447,0,1
2024231454103,2024,231454103,2,9,0,-1,-1,3,7,-1,-1,0,0,0,0,0,4,1,-1,-1,1,-1,-1,2987,2,14,MERCEDES C CLASS,6,E01025627,0,4
2024461436778,2024,461436778,2,9,0,-1,5,3,5,-1,0,0,0,0,0,0,1,2,-1,9,1,33,6,1991,1,7,MERCEDES C CLASS,-1,-1,0,-1
2024211456855,2024,211456855,2,9,0,-1,2,6,6,-1,9,0,0,0,0,0,2,1,-1,6,-1,-1,-1,2143,2,11,MERCEDES C CLASS,-1,-1,0,-1
2024010532123,2024,010532123,2,9,0,1,1,7,3,0,0,1,0,0,0,0,2,1,6,6,2,32,6,2143,2,8,MERCEDES C CLASS,-1,-1,0,-1
2024430367503,2024,430367503,1,9,0,18,19,8,4,0,0,1,1,0,7,4,1,1,6,6,1,47,8,2148,2,17,MERCEDES C CLASS,-1,-1,0,-1
202454A057224,2024,54A057224,2,9,0,18,19,6,2,0,0,4,0,0,0,0,1,1,6,6,2,46,8,1497,8,5,MERCEDES C CLASS,1,E01015538,0,1
2024070532645,2024,070532645,1,9,0,3,3,4,8,0,0,4,0,0,0,0,1,1,2,2,1,21,5,1497,8,5,MERCEDES C CLASS,9,E01012374,0,4
2024231499550,2024,231499550,1,9,0,-1,19,2,6,-1,0,1,0,0,3,11,1,1,-1,9,1,75,10,1991,1,9,MERCEDES C CLASS,3,E01031321,0,1
2024010504758,2024,010504758,1,9,0,9,9,8,5,0,0,7,0,12,0,0,3,1,6,6,1,56,9,2148,2,16,MERCEDES C CLASS,4,E01003716,0,1
2024340NN0282,2024,340NN0282,2,9,0,-1,11,3,7,-1,0,3,0,0,0,0,3,1,-1,2,2,33,6,2143,2,8,MERCEDES C CLASS,9,E01032965,0,1
2024010530975,2024,010530975,1,9,0,99,99,9,9,99,99,9,9,99,9,99,2,9,2,2,1,32,6,1796,1,11,MERCEDES C CLASS,7,E01004193,0,3
2024461464021,2024,461464021,2,9,0,-1,9,7,8,-1,0,1,0,0,0,0,2,1,-1,9,1,46,8,1991,8,6,MERCEDES C CLASS,3,E01035295,0,1
2024010538043,2024,010538043,1,9,0,99,99,9,9,99,99,9,9,99,9,99,9,9,2,2,2,57,9,1597,1,15,MERCEDES C CLASS,2,E01002669,0,1
2024010546662,2024,010546662,1,9,0,18,19,5,1,0,0,0,0,0,0,0,1,1,6,6,3,-1,-1,1991,8,8,MERCEDES C CLASS,-1,-1,0,-1
2024371461312,2024,371461312,1,9,0,-1,19,6,2,-1,0,0,0,0,0,0,1,1,-1,9,1,75,10,2149,2,17,MERCEDES C CLASS,6,E01030212,0,1
2024610037224,2024,610037224,2,9,0,18,19,5,1,0,0,1,0,0,0,0,1,1,6,6,1,29,6,2148,2,18,MERCEDES C CLASS,2,W01001441,0,2
2024461483807,2024,461483807,1,9,0,-1,19,6,2,-1,0,0,0,0,0,0,3,1,-1,9,1,38,7,2143,2,12,MERCEDES C CLASS,7,E01016123,0,1
2024461517028,2024,461517028,2,9,0,-1,6,7,3,-1,0,0,0,0,0,0,3,1,-1,9,2,41,7,1595,1,11,MERCEDES C CLASS,1,E01024240,0,1
2024631405794,2024,631405794,1,9,0,-1,7,7,2,-1,0,2,0,0,7,3,1,1,-1,6,1,25,5,2148,2,15,MERCEDES C CLASS,2,W01000498,0,3
2024141414009,2024,141414009,2,9,0,-1,5,5,1,-1,0,6,0,0,0,0,1,1,-1,6,1,38,7,1595,1,11,MERCEDES C CLASS,5,E01007505,0,3
2024501523726,2024,501523726,1,9,0,-1,19,2,6,-1,0,0,0,0,0,0,2,1,-1,9,1,45,7,2143,2,6,MERCEDES C CLASS,6,E01015225,0,2
2024010535686,2024,010535686,2,9,0,9,9,5,2,3,2,8,0,0,0,0,1,1,6,6,3,-1,-1,1598,2,7,MERCEDES C CLASS,-1,-1,0,-1
2024131396749,2024,131396749,1,9,0,-1,19,6,2,-1,0,1,0,0,0,0,1,1,-1,9,2,54,8,1598,2,7,MERCEDES C CLASS,7,E01011571,0,3
2024320476563,2024,320476563,2,9,0,10,10,8,7,0,0,8,0,0,0,0,3,1,6,6,2,38,7,2148,2,19,MERCEDES C CLASS,6,E01026331,0,1
2024411443260,2024,411443260,1,9,0,-1,19,2,1,-1,0,0,0,0,0,0,1,1,-1,6,1,21,5,2143,2,7,MERCEDES C CLASS,5,E01021773,0,4
2024201548619,2024,201548619,1,8,0,-1,2,0,0,-1,0,0,0,0,0,0,1,1,-1,6,1,42,7,2143,2,9,MERCEDES C CLASS,-1,-1,0,-1
2024131472601,2024,131472601,1,9,0,-1,13,2,6,-1,0,0,0,0,0,0,1,1,-1,9,2,24,5,2143,2,12,MERCEDES C CLASS,1,E01010843,0,1
2024010548004,2024,010548004,3,9,0,13,13,1,5,0,0,0,0,0,0,0,2,1,6,6,1,40,7,1950,2,6,MERCEDES C CLASS,10,E01014102,0,5
2024332401204,2024,332401204,1,9,0,-1,7,3,5,-1,0,6,0,0,0,0,2,1,-1,9,2,49,8,2143,2,13,MERCEDES C CLASS,9,E01033777,0,4
2024631470071,2024,631470071,3,9,0,-1,19,8,4,-1,0,0,0,0,0,0,0,1,-1,9,1,88,11,2496,1,19,MERCEDES C CLASS,4,W01000438,0,2
2024610027624,2024,610027624,2,9,0,12,12,3,7,0,0,2,0,0,0,0,3,1,6,6,1,67,10,1796,1,13,MERCEDES C CLASS,5,W01001383,0,2
2024010514934,2024,010514934,1,9,0,18,19,7,3,0,0,0,0,0,0,0,4,1,2,2,1,41,7,1991,1,8,MERCEDES C CLASS,9,E01004191,0,3
2024421435038,2024,421435038,1,9,0,-1,19,8,4,-1,0,0,0,0,0,0,1,1,-1,6,1,20,4,2148,2,15,MERCEDES C CLASS,10,E01021738,0,1
202454E465624,2024,54E465624,1,9,0,4,4,7,3,0,0,3,0,0,0,0,1,1,6,6,1,48,8,2143,2,9,MERCEDES C CLASS,7,E01034541,0,3
202454F169624,2024,54F169624,1,9,0,5,5,1,7,0,0,1,0,0,0,0,1,1,6,6,1,-1,-1,2143,2,10,MERCEDES C CLASS,2,E01015570,0,1
2024201483579,2024,201483579,1,9,-1,-1,-1,-1,-1,-1,-1,0,-1,-1,-1,0,-1,9,-1,6,3,-1,-1,2143,2,9,MERCEDES C CLASS,-1,-1,0,-1
2024552401019,2024,552401019,1,9,0,18,19,5,1,0,0,4,0,0,0,0,1,1,6,6,1,23,5,1991,8,7,MERCEDES C CLASS,3,E01035444,0,4
2024131476098,2024,131476098,2,9,0,-1,3,7,3,-1,0,8,0,0,0,0,2,1,-1,9,1,56,9,1199,8,1,RENAULT AUSTRAL,2,E01011868,0,3
2024161506624,2024,161506624,1,9,0,-1,19,3,7,-1,0,0,5,0,7,0,3,1,-1,9,1,75,10,1199,8,0,RENAULT AUSTRAL,4,E01013086,0,1
2024010528560,2024,010528560,1,9,0,18,19,7,3,0,0,8,0,0,0,0,1,1,6,6,1,45,7,1199,8,0,RENAULT AUSTRAL,7,E01002296,0,1
2024052400745,2024,052400745,2,9,0,18,19,3,7,0,0,0,0,0,0,0,1,1,6,6,2,43,7,1199,8,0,RENAULT AUSTRAL,2,E01007276,0,1
2024201532462,2024,201532462,1,9,0,-1,7,6,8,-1,0,6,0,0,0,0,1,1,-1,6,1,35,6,1199,8,0,RENAULT AUSTRAL,1,E01008910,0,2
2024010520127,2024,010520127,2,9,0,18,19,1,5,0,0,1,0,0,0,0,1,1,6,6,2,50,8,1199,8,1,RENAULT AUSTRAL,7,E01002301,0,1
2024141474318,2024,141474318,1,9,0,-1,19,3,7,-1,0,0,0,0,0,0,4,1,-1,9,1,49,8,1199,8,1,RENAULT AUSTRAL,1,E01012041,0,5
2024461487405,2024,461487405,2,9,0,-1,-1,-1,-1,-1,-1,-1,-1,-1,-1,0,-1,9,-1,6,2,49,8,1199,8,1,RENAULT AUSTRAL,4,E01016097,0,3
2024131417016,2024,131417016,1,9,0,-1,5,7,3,-1,0,1,0,0,0,0,1,1,-1,6,1,27,6,1199,8,0,RENAULT AUSTRAL,1,E01010667,0,1
2024052402806,2024,052402806,1,9,0,9,9,1,7,0,0,8,0,0,0,0,1,1,6,6,3,-1,-1,1199,8,0,RENAULT AUSTRAL,-1,-1,0,-1
2024991519939,2024,991519939,2,9,0,-1,19,7,3,-1,0,4,0,0,0,0,1,1,-1,2,2,39,7,1199,8,0,RENAULT AUSTRAL,1,-1,0,1
2024010508590,2024,010508590,2,9,0,18,19,1,5,0,0,1,0,0,0,0,1,2,6,6,1,45,7,1199,8,0,RENAULT AUSTRAL,3,E01033601,0,1
2024351503337,2024,351503337,3,9,0,-1,4,5,1,-1,0,0,0,0,0,0,3,1,-1,6,1,78,11,1199,8,1,RENAULT AUSTRAL,7,E01021520,0,4
2024451506253,2024,451506253,1,9,0,-1,9,1,5,-1,0,8,0,0,0,0,1,1,-1,9,1,36,7,1199,8,0,RENAULT AUSTRAL,5,E01030946,0,1
2024221518172,2024,221518172,2,9,0,-1,-1,8,7,-1,-1,6,0,0,0,0,1,1,-1,-1,1,77,11,1199,8,0,RENAULT AUSTRAL,7,W01000447,0,2
2024302401346,2024,302401346,2,9,0,4,4,1,5,0,0,0,0,0,0,0,2,1,6,6,1,76,11,1199,8,1,RENAULT AUSTRAL,9,E01029364,0,4
2024041516547,2024,041516547,2,9,0,-1,19,3,7,-1,0,0,0,0,0,0,2,1,-1,9,1,71,10,1199,8,1,RENAULT AUSTRAL,6,E01025433,0,3
2024052402297,2024,052402297,2,9,0,18,19,5,1,0,0,8,0,0,0,0,4,1,6,6,1,37,7,1199,8,1,RENAULT AUSTRAL,5,E01007255,0,1
2024010548038,2024,010548038,2,9,0,99,99,9,9,99,99,9,9,99,9,99,9,9,6,6,3,-1,-1,1199,8,0,RENAULT AUSTRAL,3,E01000876,0,1
2024041411102,2024,041411102,2,9,0,-1,19,5,1,-1,0,0,0,0,0,0,3,1,-1,2,2,56,9,1199,8,1,RENAULT AUSTRAL,3,E01012669,0,2
2024430438780,2024,430438780,2,9,0,18,19,3,7,0,0,4,0,0,0,0,1,1,6,6,1,-1,-1,1199,8,0,RENAULT AUSTRAL,4,W01000646,0,5
2024461413119,2024,461413119,1,9,0,-1,9,5,4,-1,0,5,0,0,0,0,1,9,-1,6,2,33,6,1199,8,1,RENAULT AUSTRAL,5,E01024428,0,1
2024010521744,2024,010521744,2,9,0,99,99,9,9,99,99,9,9,99,9,99,9,9,6,6,3,-1,-1,1199,8,0,RENAULT AUSTRAL,-1,-1,0,-1
2024451500619,2024,451500619,1,9,0,-1,19,7,3,-1,0,0,5,0,1,10,1,1,-1,9,1,77,11,1199,8,0,RENAULT AUSTRAL,4,E01001015,0,2
2024131477377,2024,131477377,1,9,0,-1,19,5,1,-1,0,8,0,0,0,0,3,1,-1,6,2,36,7,1199,8,0,RENAULT AUSTRAL,1,E01010721,0,1
2024522401667,2024,522401667,1,9,0,18,19,1,5,0,0,1,0,0,0,0,1,1,6,6,1,79,11,1199,8,1,RENAULT AUSTRAL,8,E01014705,0,1
2024421488244,2024,421488244,2,9,0,-1,19,7,3,-1,0,0,0,0,0,0,1,1,-1,9,1,61,9,1199,8,0,RENAULT AUSTRAL,5,E01021670,0,3
2024471527974,2024,471527974,2,9,0,-1,5,1,6,-1,0,4,0,0,0,0,1,1,-1,6,1,-1,-1,1199,8,1,RENAULT AUSTRAL,10,E01016939,0,1
2024501413021,2024,501413021,2,3,0,-1,19,3,1,-1,0,1,1,0,0,0,1,1,-1,6,1,16,4,-1,-1,-1,-1,4,E01020041,0,3
2024161413046,2024,161413046,2,2,0,-1,19,1,5,-1,0,1,0,0,1,7,1,1,-1,9,1,16,4,50,1,12,-1,4,E01013183,0,1
2024461441340,2024,461441340,1,3,0,-1,14,4,7,-1,0,0,0,0,0,0,1,1,-1,9,1,22,5,124,1,8,-1,2,E01016018,0,1
2024161449509,2024,161449509,1,2,9,-1,99,8,4,-1,0,9,9,99,9,0,1,1,-1,6,1,16,4,50,1,12,-1,4,E01013183,0,1
2024340NN1322,2024,340NN1322,1,3,0,-1,7,5,8,-1,0,5,2,0,1,0,4,1,-1,9,1,17,4,124,1,10,-1,7,E01027102,0,1
2024461412178,2024,461412178,2,3,0,-1,19,6,2,-1,0,8,0,0,1,0,3,1,-1,6,1,18,4,125,1,1,-1,5,E01035273,0,2
2024010508704,2024,010508704,2,3,0,18,19,5,1,0,0,1,0,0,0,0,1,1,6,6,1,35,6,125,1,2,-1,6,E01030631,0,4
2024471492678,2024,471492678,2,3,0,-1,19,3,6,-1,0,4,0,0,0,0,3,1,-1,2,1,41,7,125,1,2,-1,5,E01031480,0,1
2024101473949,2024,101473949,1,9,0,-1,19,2,6,-1,0,1,0,0,0,0,4,1,-1,1,1,35,6,1598,2,8,SKODA OCTAVIA,-1,-1,0,-1
2024201518995,2024,201518995,1,9,0,-1,9,2,8,-1,0,6,0,0,2,0,1,1,-1,9,2,25,5,1390,1,12,SKODA OCTAVIA,1,E01009404,0,2
2024361409591,2024,361409591,3,9,0,-1,3,7,3,-1,0,0,0,0,0,0,2,9,-1,6,1,34,6,1896,2,17,SKODA OCTAVIA,10,E01026507,0,1
2024430351845,2024,430351845,2,9,0,18,19,7,3,0,0,0,1,0,0,0,1,1,1,1,1,44,7,1395,1,6,SKODA OCTAVIA,4,E01028811,0,1
2024010511411,2024,010511411,1,9,0,18,19,3,7,0,0,1,1,0,0,0,1,1,6,6,1,33,6,1598,1,17,SKODA OCTAVIA,-1,-1,0,-1
2024101481317,2024,101481317,1,8,0,-1,6,1,1,-1,0,0,0,0,0,0,3,1,-1,1,1,44,7,1598,2,6,SKODA OCTAVIA,3,E01027411,0,3
2024131499507,2024,131499507,1,9,0,-1,9,1,5,-1,0,1,0,0,0,0,1,1,-1,9,2,55,8,999,1,5,SKODA OCTAVIA,1,E01011255,0,2
2024471503595,2024,471503595,1,9,0,-1,19,6,3,-1,0,2,0,0,8,0,1,1,-1,9,1,88,11,1968,2,17,SKODA OCTAVIA,9,E01021231,0,2
2024501447878,2024,501447878,1,9,0,-1,19,4,8,-1,0,0,0,0,0,0,3,1,-1,2,2,45,7,1598,2,12,SKODA OCTAVIA,1,E01018875,0,1
2024520403175,2024,520403175,1,9,0,18,19,2,6,0,0,0,0,0,0,0,1,1,6,6,2,52,8,1968,2,3,SKODA OCTAVIA,2,E01029110,0,4
2024131463171,2024,131463171,3,9,0,-1,19,3,7,-1,0,0,0,0,0,0,2,1,-1,9,1,43,7,1498,1,1,SKODA OCTAVIA,3,E01007528,0,4
2024201506040,2024,201506040,2,8,0,-1,4,5,1,-1,0,8,0,0,0,0,2,1,-1,1,1,30,6,1395,1,9,SKODA OCTAVIA,1,E01034917,0,1
2024552400933,2024,552400933,1,9,0,18,19,8,4,0,0,0,0,8,0,0,3,1,6,6,2,69,10,1968,2,15,SKODA OCTAVIA,6,E01020586,0,1
2024041401438,2024,041401438,1,9,0,-1,9,6,2,-1,0,0,0,0,0,0,3,1,-1,6,2,63,9,1968,2,8,SKODA OCTAVIA,3,E01025011,0,1
2024010541359,2024,010541359,2,9,0,9,9,3,1,0,0,6,0,0,0,0,3,1,6,6,1,51,8,1598,2,8,SKODA OCTAVIA,2,E01001433,0,1
2024520001299,2024,520001299,2,9,0,18,19,2,6,0,0,0,0,0,0,0,4,1,6,6,1,30,6,1598,1,18,SKODA OCTAVIA,3,E01034534,0,3
2024401502604,2024,401502604,5,9,0,-1,19,2,6,-1,0,0,0,0,0,0,2,1,-1,6,1,40,7,1598,2,8,SKODA OCTAVIA,5,E01034428,0,2
2024131421364,2024,131421364,1,9,0,-1,-1,-1,-1,-1,-1,0,-1,-1,-1,-1,-1,1,-1,6,3,-1,-1,1598,2,13,SKODA OCTAVIA,-1,-1,0,-1
2024141400602,2024,141400602,1,9,0,-1,14,1,5,-1,0,0,0,4,0,0,1,1,-1,9,1,75,10,1968,2,10,SKODA OCTAVIA,1,E01008085,0,1
2024440262118,2024,440262118,2,9,0,18,19,3,7,0,0,1,0,0,0,0,1,1,6,6,2,49,8,1395,1,7,SKODA OCTAVIA,4,E01017122,0,1
2024340WN0752,2024,340WN0752,1,9,0,-1,19,7,3,-1,0,8,0,0,0,0,1,1,-1,6,1,29,6,1984,1,6,SKODA OCTAVIA,8,E01027216,0,1
2024131523145,2024,131523145,2,9,0,-1,19,7,3,-1,0,1,0,0,0,0,2,2,-1,6,1,50,8,1395,1,11,SKODA OCTAVIA,9,E01011302,0,1
2024221440220,2024,221440220,2,9,0,-1,-1,8,3,-1,-1,0,0,0,0,0,0,1,-1,-1,1,35,6,1968,2,7,SKODA OCTAVIA,1,E01008910,0,3
2024161524727,2024,161524727,1,8,0,-1,3,5,1,-1,0,0,0,0,0,0,4,1,-1,1,1,45,7,1598,2,7,SKODA OCTAVIA,1,E01012867,0,3
2024531439118,2024,531439118,1,9,0,-1,9,2,8,-1,0,0,0,0,0,0,1,1,-1,1,1,23,5,1968,2,9,SKODA OCTAVIA,6,E01022379,0,3
2024552400854,2024,552400854,1,8,0,6,6,4,4,0,0,0,0,0,0,0,3,1,1,1,1,23,5,1598,2,9,SKODA OCTAVIA,-1,-1,0,-1
2024991472843,2024,991472843,2,8,0,-1,3,8,4,-1,0,1,0,0,0,0,2,9,-1,1,1,32,6,999,1,5,SKODA OCTAVIA,-1,-1,0,-1
2024111482030,2024,111482030,2,9,0,-1,19,5,1,-1,0,8,0,0,0,0,1,1,-1,9,2,34,6,1968,2,17,SKODA OCTAVIA,1,E01020909,0,1
2024531404586,2024,531404586,1,9,0,-1,19,1,5,-1,0,0,0,0,1,0,1,1,-1,9,1,21,5,1598,2,9,SKODA OCTAVIA,1,E01005456,0,5
2024201521576,2024,201521576,5,9,0,-1,19,5,1,-1,0,0,0,0,0,0,1,9,-1,9,2,-1,-1,1968,2,1,SKODA OCTAVIA,-1,-1,0,-1
2024320265230,2024,320265230,1,9,0,-1,-1,6,2,0,0,3,0,10,3,4,1,1,6,6,1,22,5,1968,2,12,SKODA OCTAVIA,8,E01028010,0,4
2024161405369,2024,161405369,2,9,0,-1,19,2,5,-1,0,1,0,0,0,0,3,1,-1,9,1,71,10,1968,2,4,SKODA OCTAVIA,9,E01012956,0,3
2024221504951,2024,221504951,2,9,0,-1,19,3,7,-1,0,8,0,0,0,0,1,1,-1,6,2,51,8,1598,2,9,SKODA OCTAVIA,9,E01032346,0,2
2024440127529,2024,440127529,1,9,0,1,1,1,5,0,0,0,0,0,0,0,2,1,1,1,1,-1,-1,1968,2,9,SKODA OCTAVIA,-1,-1,0,-1
2024141506255,2024,141506255,1,9,0,-1,19,1,5,-1,0,0,0,0,0,0,1,1,-1,2,1,41,7,1968,2,0,SKODA OCTAVIA,6,E01008087,0,1
2024010511480,2024,010511480,2,9,0,99,99,9,9,99,99,9,9,99,9,99,1,9,6,6,3,-1,-1,1598,1,17,SKODA OCTAVIA,-1,-1,0,-1
2024041525001,2024,041525001,2,9,0,-1,19,1,5,-1,0,0,0,0,0,0,2,1,-1,9,2,66,10,1968,2,10,SKODA OCTAVIA,3,E01005036,0,4
202417M101824,2024,17M101824,1,8,0,9,9,3,2,0,0,8,0,0,0,0,1,1,1,1,1,72,10,1598,2,7,SKODA OCTAVIA,7,E01012053,0,1
2024340NN2222,2024,340NN2222,2,9,0,-1,19,5,1,-1,0,1,0,0,0,0,1,1,-1,9,2,35,6,1498,1,4,SKODA OCTAVIA,3,E01027060,0,1
2024041501732,2024,041501732,1,9,0,-1,13,5,1,-1,0,1,1,0,1,11,4,1,-1,9,1,26,6,1968,2,6,SKODA OCTAVIA,4,E01025057,0,2
2024131511677,2024,131511677,4,9,0,-1,2,0,0,-1,0,0,0,0,0,0,1,1,-1,6,-1,-1,-1,1968,2,9,SKODA OCTAVIA,-1,-1,0,-1
2024440184662,2024,440184662,2,8,0,18,19,3,7,0,0,1,0,0,0,0,1,1,1,1,1,-1,-1,1598,2,6,SKODA OCTAVIA,1,E01017032,0,1
2024161496070,2024,161496070,3,9,0,-1,19,6,2,-1,0,0,0,0,0,0,1,9,-1,6,2,-1,-1,1598,2,10,SKODA OCTAVIA,4,E01012929,0,4
2024101464346,2024,101464346,2,9,0,-1,19,3,7,-1,2,0,0,0,0,0,1,1,-1,6,1,61,9,1498,1,5,SKODA OCTAVIA,2,E01008456,0,1
2024451415080,2024,451415080,1,9,0,-1,19,1,5,-1,0,1,1,11,0,0,1,1,-1,2,1,52,8,1598,2,5,SKODA OCTAVIA,3,E01030578,0,2
2024061536511,2024,061536511,1,9,0,-1,4,1,5,-1,0,1,0,0,0,0,1,1,-1,6,1,32,6,1968,2,10,SKODA OCTAVIA,2,E01005965,0,1
2024520402147,2024,520402147,1,9,0,18,19,1,5,0,0,0,0,0,0,0,1,1,6,6,1,70,10,1968,2,17,SKODA OCTAVIA,7,E01035107,0,1
2024991520878,2024,991520878,1,8,0,-1,19,3,7,-1,0,2,0,0,0,0,1,1,-1,1,1,45,7,1968,2,3,SKODA OCTAVIA,6,-1,0,2
2024061396965,2024,061396965,1,8,0,-1,8,7,3,-1,0,0,0,0,0,0,4,1,-1,1,1,43,7,1598,2,7,SKODA OCTAVIA,-1,-1,0,-1
2024351522722,2024,351522722,1,9,-1,-1,-1,-1,-1,-1,-1,-1,-1,-1,-1,0,-1,9,-1,6,2,52,8,999,8,0,SKODA OCTAVIA,10,E01034704,0,4
2024401449549,2024,401449549,3,9,0,-1,19,4,7,-1,0,0,0,0,0,0,1,1,-1,6,1,76,11,1395,1,7,SKODA OCTAVIA,9,E01017421,0,2
2024101413568,2024,101413568,1,8,0,-1,19,0,2,-1,0,6,0,4,0,0,1,9,-1,1,1,38,7,1968,2,9,SKODA OCTAVIA,-1,-1,0,-1
2024052402331,2024,052402331,2,9,0,18,19,8,4,0,0,0,0,0,0,0,1,1,1,1,1,46,8,1598,2,6,SKODA OCTAVIA,2,E01011000,0,4
2024991471659,2024,991471659,1,8,0,-1,19,4,8,-1,0,0,0,0,0,0,1,1,-1,1,1,61,9,1598,2,8,SKODA OCTAVIA,1,-1,0,1
2024311402998,2024,311402998,1,9,0,-1,19,6,4,-1,0,1,0,0,0,0,1,1,-1,8,1,23,5,1498,1,1,SKODA OCTAVIA,5,E01028189,0,2
2024440197004,2024,440197004,1,9,0,4,4,2,6,0,0,0,0,0,0,0,2,1,6,6,1,35,6,1598,2,14,SKODA OCTAVIA,6,E01022716,0,2
2024401457423,2024,401457423,2,9,-1,-1,-1,-1,-1,-1,-1,-1,-1,-1,-1,0,-1,1,-1,1,1,34,6,1598,2,11,SKODA OCTAVIA,5,E01015700,0,1
2024522401899,2024,522401899,2,9,0,18,19,6,2,0,0,8,0,0,0,0,4,1,1,1,2,35,6,1968,2,5,SKODA OCTAVIA,8,W01001560,0,4
2024221490427,2024,221490427,1,9,0,-1,19,4,8,-1,0,4,0,0,0,0,1,1,-1,6,1,64,9,1968,2,14,SKODA OCTAVIA,8,E01029706,0,2
2024041535649,2024,041535649,4,9,0,-1,2,0,0,-1,0,1,0,0,0,0,2,1,-1,6,-1,-1,-1,1598,2,12,SKODA OCTAVIA,-1,-1,0,-1
202417H107424,2024,17H107424,2,9,0,-1,19,2,6,-1,0,4,0,0,0,0,1,1,-1,6,1,-1,-1,1968,2,17,SKODA OCTAVIA,-1,-1,0,-1
2024061437151,2024,061437151,2,8,0,-1,9,-1,-1,-1,0,6,0,0,0,0,4,1,-1,6,1,-1,-1,1598,2,7,SKODA OCTAVIA,-1,-1,0,-1
2024540190324,2024,540190324,1,9,0,18,19,6,2,0,0,0,0,0,0,0,1,1,6,6,1,58,9,1968,2,8,SKODA OCTAVIA,5,E01020147,0,5
2024211526451,2024,211526451,2,9,0,-1,7,7,1,-1,0,6,0,0,0,0,1,1,-1,1,2,30,6,1968,2,0,SKODA OCTAVIA,-1,-1,0,-1
2024010528924,2024,010528924,1,9,0,18,19,1,5,0,0,8,0,0,0,0,3,1,6,6,1,43,7,1498,1,5,SKODA OCTAVIA,7,E01002127,0,1
2024991435158,2024,991435158,2,8,0,-1,3,7,3,-1,0,0,0,0,0,0,2,1,-1,1,1,54,8,1968,2,5,SKODA OCTAVIA,4,-1,0,1
2024302400555,2024,302400555,3,9,0,18,19,4,8,0,0,0,0,0,0,0,1,1,6,6,1,66,10,1968,2,9,SKODA OCTAVIA,8,E01019685,0,1
2024991529707,2024,991529707,1,8,0,-1,8,6,8,-1,0,8,0,0,0,0,1,1,-1,1,1,60,9,1598,2,6,SKODA OCTAVIA,-1,-1,0,-1
2024031475041,2024,031475041,1,9,0,-1,19,1,5,-1,0,0,5,0,1,11,1,1,-1,9,1,29,6,999,8,0,SKODA OCTAVIA,8,E01025547,0,4
2024361407361,2024,361407361,2,9,0,-1,19,7,3,-1,0,0,0,0,0,0,3,1,-1,6,1,36,7,1998,2,21,SKODA OCTAVIA,4,E01026787,0,1
2024401414422,2024,401414422,2,9,0,-1,19,4,8,-1,0,0,0,0,0,0,2,9,-1,2,2,46,8,1598,2,8,SKODA OCTAVIA,9,E01017452,0,3
2024041398124,2024,041398124,1,9,0,-1,19,1,5,-1,0,8,0,0,0,0,1,1,-1,9,1,59,9,1598,2,12,SKODA OCTAVIA,4,E01012716,0,2
2024061516989,2024,061516989,2,9,0,-1,19,4,8,-1,0,1,0,0,1,11,1,1,-1,2,2,49,8,1390,1,12,SKODA OCTAVIA,1,E01005799,0,1
2024052400590,2024,052400590,1,8,0,9,9,1,7,0,0,1,0,0,0,0,1,1,6,6,1,-1,-1,1498,1,5,SKODA OCTAVIA,3,E01006584,0,1
2024211491570,2024,211491570,1,9,0,-1,19,1,5,-1,0,0,0,0,1,0,4,1,-1,2,2,24,5,1968,2,9,SKODA OCTAVIA,2,E01033300,0,4
2024302400789,2024,302400789,2,9,0,18,19,7,3,0,0,0,0,0,0,0,1,1,6,6,1,51,8,999,1,1,SKODA OCTAVIA,4,E01028366,0,4
2024371491964,2024,371491964,1,9,0,-1,9,7,5,-1,0,8,0,0,0,0,1,1,-1,9,1,77,11,1598,2,10,SKODA OCTAVIA,6,E01021406,0,3
2024131508148,2024,131508148,2,9,0,-1,19,7,1,-1,0,1,0,0,0,0,2,1,-1,9,1,46,8,1968,2,3,SKODA OCTAVIA,4,E01018969,0,5