collision_index,collision_year,collision_ref_no,vehicle_reference,vehicle_type,towing_and_articulation,vehicle_manoeuvre_historic,vehicle_manoeuvre,vehicle_direction_from,vehicle_direction_to,vehicle_location_restricted_lane_historic,vehicle_location_restricted_lane,junction_location,skidding_and_overturning,hit_object_in_carriageway,vehicle_leaving_carriageway,hit_object_off_carriageway,first_point_of_impact,vehicle_left_hand_drive,journey_purpose_of_driver_historic,journey_purpose_of_driver,sex_of_driver,age_of_driver,age_band_of_driver,engine_capacity_cc,propulsion_code,age_of_vehicle,generic_make_model,driver_imd_decile,lsoa_of_driver,escooter_flag,driver_distance_banding
2024371518109,2024,371518109,2,9,0,-1,6,2,6,-1,0,0,0,0,0,0,4,1,-1,2,1,61,9,1896,2,15,SKODA OCTAVIA,2,E01029969,0,1
2024991502645,2024,991502645,2,9,0,-1,4,3,7,-1,0,1,0,0,0,0,2,1,-1,9,2,66,10,1498,1,4,SKODA OCTAVIA,-1,-1,0,-1
2024052402594,2024,052402594,2,9,0,18,19,5,1,0,0,8,0,0,0,0,2,1,3,7,2,56,9,1598,2,8,SKODA OCTAVIA,3,E01006780,0,1
2024421531250,2024,421531250,1,9,0,-1,19,6,2,-1,0,1,0,0,0,0,1,9,-1,1,1,41,7,1598,2,8,SKODA OCTAVIA,6,E01021617,0,1
2024311409523,2024,311409523,2,9,0,-1,19,5,1,-1,0,0,1,0,0,0,1,1,-1,6,1,31,6,1395,8,0,SKODA OCTAVIA,3,E01020991,0,5
2024311503267,2024,311503267,1,9,0,-1,19,7,3,-1,0,0,0,0,0,0,1,9,-1,6,1,40,7,1896,2,15,SKODA OCTAVIA,-1,-1,0,-1
2024131489309,2024,131489309,1,9,0,-1,5,5,3,-1,0,0,0,0,0,0,1,1,-1,9,1,51,8,1896,2,22,SKODA OCTAVIA,-1,-1,0,-1
2024122500122,2024,122500122,1,9,0,17,19,4,2,0,0,1,0,0,1,0,1,1,6,6,2,32,6,999,8,3,SKODA OCTAVIA,7,E01027681,0,1
2024622400859,2024,622400859,1,9,0,17,19,4,8,0,0,0,0,0,2,3,1,1,1,1,1,57,9,1968,2,2,SKODA OCTAVIA,1,W01001055,0,2
2024340NN0392,2024,340NN0392,2,9,0,-1,19,5,1,-1,0,0,0,0,0,0,3,1,-1,1,1,-1,-1,1498,1,2,SKODA OCTAVIA,7,E01027162,0,4
2024010523868,2024,010523868,2,9,9,99,99,9,9,99,99,9,9,99,9,99,9,9,6,6,3,-1,-1,1395,1,11,SKODA OCTAVIA,-1,-1,0,-1
2024440121945,2024,440121945,3,9,0,2,2,0,0,0,0,1,0,0,0,0,2,1,6,6,3,-1,-1,1968,2,9,SKODA OCTAVIA,-1,-1,0,-1
202454C219224,2024,54C219224,2,8,0,9,9,5,3,0,0,1,0,0,0,0,2,1,1,1,1,60,9,1598,2,10,SKODA OCTAVIA,9,E01032005,0,2
2024991440952,2024,991440952,1,9,0,-1,19,3,7,-1,0,0,0,0,0,0,1,1,-1,6,1,31,6,1498,1,4,SKODA OCTAVIA,4,-1,0,1
2024501449799,2024,501449799,2,9,0,-1,19,7,3,-1,0,4,0,0,0,0,1,1,-1,2,1,38,7,1968,2,14,SKODA OCTAVIA,7,E01020105,0,3
2024052402194,2024,052402194,2,8,0,7,7,5,1,0,0,3,0,0,0,0,2,1,1,1,1,62,9,1598,2,8,SKODA OCTAVIA,5,E01006971,0,3
2024361514147,2024,361514147,2,9,0,-1,5,1,5,-1,0,0,0,0,0,0,4,1,-1,9,1,70,10,1968,2,10,SKODA OCTAVIA,10,E01027283,0,5
2024201405777,2024,201405777,3,9,0,-1,1,5,1,-1,0,1,0,0,0,0,2,9,-1,1,1,-1,-1,1968,2,3,SKODA OCTAVIA,-1,-1,0,-1
2024221452810,2024,221452810,3,8,0,-1,4,6,2,-1,0,0,0,0,0,0,2,1,-1,1,2,52,8,1598,2,9,SKODA OCTAVIA,7,E01032327,0,4
2024471483563,2024,471483563,1,9,0,-1,9,5,3,-1,0,6,0,0,0,0,3,1,-1,1,1,28,6,999,1,6,SKODA OCTAVIA,4,E01017172,0,4
2024461506885,2024,461506885,1,9,0,-1,19,2,6,-1,0,3,0,0,0,0,3,1,-1,9,1,39,7,1984,1,6,SKODA OCTAVIA,3,E01032830,0,2
2024991536630,2024,991536630,1,8,0,-1,19,3,7,-1,0,1,0,0,0,0,1,1,-1,1,1,38,7,999,1,5,SKODA OCTAVIA,2,-1,0,1
2024141506163,2024,141506163,2,9,0,-1,19,3,8,-1,0,1,0,0,0,0,3,1,-1,6,1,51,8,1968,2,6,SKODA OCTAVIA,2,E01007872,0,1
2024122400564,2024,122400564,1,9,0,9,9,8,5,0,0,6,0,0,0,0,3,1,6,6,1,48,8,1968,2,0,SKODA OCTAVIA,-1,-1,0,-1
2024052400525,2024,052400525,2,8,0,18,19,4,8,0,0,2,0,0,0,0,1,1,1,1,3,-1,-1,1395,1,9,SKODA OCTAVIA,-1,-1,0,-1
2024131455428,2024,131455428,1,9,0,-1,9,5,7,-1,0,8,0,0,0,0,3,1,-1,9,1,90,11,1197,1,10,SKODA OCTAVIA,6,E01011517,0,1
2024440400944,2024,440400944,2,9,0,5,5,1,5,0,0,6,0,0,0,0,1,1,1,1,1,72,10,1968,2,9,SKODA OCTAVIA,9,E01022754,0,1
2024320711771,2024,320711771,1,9,0,-1,-1,3,7,0,0,0,0,0,0,0,1,1,-1,-1,1,77,11,1968,2,13,SKODA OCTAVIA,2,E01026111,0,3
2024010532042,2024,010532042,2,9,0,6,6,3,3,9,9,8,0,0,1,2,1,1,6,6,1,29,6,1595,1,13,SKODA OCTAVIA,3,E01034201,0,1
2024501496747,2024,501496747,1,9,0,-1,4,7,3,-1,0,0,0,0,0,0,2,1,-1,9,1,35,6,1395,8,1,SKODA OCTAVIA,5,E01029163,0,5
2024161471911,2024,161471911,2,9,0,-1,19,1,5,-1,0,1,0,0,7,0,1,1,-1,9,2,59,9,1498,1,6,SKODA OCTAVIA,3,E01026386,0,3
2024221407210,2024,221407210,1,9,0,-1,9,3,1,-1,0,5,0,10,1,0,1,9,-1,1,1,39,7,1598,2,12,SKODA OCTAVIA,3,E01014139,0,1
2024041486512,2024,041486512,2,9,0,-1,11,7,3,-1,0,0,5,10,7,4,3,1,-1,9,1,22,5,1598,2,9,SKODA OCTAVIA,3,E01024892,0,1
2024201486659,2024,201486659,2,9,0,-1,11,7,2,-1,0,0,0,0,0,0,2,9,-1,1,1,53,8,1598,2,13,SKODA OCTAVIA,7,E01009554,0,1
2024122400768,2024,122400768,1,9,0,4,4,4,8,0,0,0,0,0,0,0,2,1,6,6,1,42,7,1896,2,18,SKODA OCTAVIA,8,E01013403,0,1
2024070717211,2024,070717211,1,9,0,-1,19,1,1,-1,0,1,0,0,0,0,1,1,-1,6,3,55,8,1498,1,4,SKODA OCTAVIA,9,E01012569,0,1
2024061424059,2024,061424059,2,9,0,-1,2,-1,-1,-1,99,6,0,0,0,0,1,1,-1,6,1,31,6,1598,2,13,SKODA OCTAVIA,-1,-1,0,-1
2024631480937,2024,631480937,1,9,0,-1,19,1,5,-1,0,0,0,0,0,0,1,1,-1,1,1,50,8,999,1,4,SKODA OCTAVIA,9,E01034444,0,5
2024631489302,2024,631489302,2,8,0,-1,5,1,7,-1,0,1,0,0,0,0,4,1,-1,1,1,62,9,1598,2,5,SKODA OCTAVIA,3,W01000732,0,1
2024101438668,2024,101438668,2,8,0,-1,19,1,5,-1,0,8,0,0,0,0,3,1,-1,1,1,35,6,1598,2,8,SKODA OCTAVIA,1,E01008596,0,1
2024471407827,2024,471407827,1,9,0,-1,19,7,4,-1,0,8,1,0,1,11,1,1,-1,6,1,45,7,1968,2,7,SKODA OCTAVIA,9,E01035353,0,1
2024991424968,2024,991424968,2,8,0,-1,6,1,1,-1,0,0,0,0,0,0,3,9,-1,6,3,65,9,1498,1,5,SKODA OCTAVIA,2,-1,0,2
2024122400967,2024,122400967,2,9,0,2,2,0,0,0,0,1,0,0,0,0,2,1,6,6,1,55,8,1968,2,9,SKODA OCTAVIA,7,E01027587,0,1
2024991489742,2024,991489742,1,9,0,-1,19,4,7,-1,0,0,0,0,0,0,1,1,-1,2,1,49,8,1395,1,10,SKODA OCTAVIA,8,-1,0,1
202417L302924,2024,17L302924,1,9,0,9,9,6,2,0,0,1,0,0,0,0,1,1,1,1,1,43,7,999,1,3,SKODA OCTAVIA,3,E01012155,0,2
2024520500002,2024,520500002,1,9,0,9,9,2,8,0,0,8,0,0,0,0,1,1,6,6,2,37,7,1598,2,9,SKODA OCTAVIA,7,E01029078,0,1
2024131450358,2024,131450358,2,9,0,-1,19,6,2,-1,0,8,0,0,3,0,1,1,-1,1,1,40,7,1984,1,1,SKODA OCTAVIA,6,E01011885,0,3
2024501419435,2024,501419435,2,9,0,-1,3,8,2,-1,0,1,0,0,0,0,2,9,-1,9,2,39,7,1968,2,9,SKODA OCTAVIA,2,E01034868,0,1
2024211404416,2024,211404416,2,9,0,-1,19,6,2,-1,0,0,0,0,0,0,0,9,-1,1,1,24,5,1968,2,1,SKODA OCTAVIA,3,E01029804,0,1
2024101439000,2024,101439000,1,9,0,-1,19,4,8,-1,0,0,0,0,1,0,1,1,-1,9,1,65,9,1395,1,7,SKODA OCTAVIA,8,-1,0,4
2024041501732,2024,041501732,2,9,0,-1,9,5,1,-1,0,1,0,0,0,0,3,1,-1,1,1,57,9,1968,2,12,SKODA OCTAVIA,1,E01012575,0,1
2024311502246,2024,311502246,2,9,0,-1,19,3,7,-1,0,1,0,0,0,0,0,1,-1,6,2,32,6,1968,2,4,SKODA OCTAVIA,-1,-1,0,-1
2024371412527,2024,371412527,1,9,0,-1,19,4,8,-1,0,1,0,0,0,0,3,1,-1,2,1,64,9,999,1,5,SKODA OCTAVIA,8,E01021690,0,4
2024440393760,2024,440393760,1,8,0,3,3,1,5,0,0,1,0,0,0,0,2,1,1,1,1,30,6,999,1,4,SKODA OCTAVIA,3,E01017078,0,1
2024430430741,2024,430430741,1,9,0,4,4,5,1,0,0,4,0,0,0,0,1,1,6,6,3,-1,-1,1598,2,11,SKODA OCTAVIA,-1,-1,0,-1
2024371496124,2024,371496124,1,9,0,-1,9,4,2,-1,0,8,0,0,0,0,3,1,-1,9,1,45,7,1896,2,17,SKODA OCTAVIA,2,E01030024,0,1
2024461395648,2024,461395648,1,9,0,-1,19,5,5,-1,0,6,0,0,0,0,4,9,-1,9,1,29,6,1968,2,12,SKODA OCTAVIA,2,E01024670,0,1
2024131508858,2024,131508858,3,9,0,-1,19,1,5,-1,0,8,0,0,0,0,2,1,-1,9,1,45,7,1896,2,14,SKODA OCTAVIA,1,E01011433,0,1
2024070473262,2024,070473262,2,8,0,18,19,1,5,0,0,0,0,0,0,7,2,1,6,6,1,39,7,1598,2,6,SKODA OCTAVIA,-1,-1,0,-1
2024201472834,2024,201472834,1,9,0,-1,13,7,2,-1,0,0,0,0,0,0,1,1,-1,9,1,23,5,1968,2,7,SKODA OCTAVIA,-1,-1,0,-1
2024041516823,2024,041516823,3,9,0,-1,19,1,5,-1,0,0,0,0,0,0,2,1,-1,6,1,68,10,1498,1,4,SKODA OCTAVIA,3,E01012753,0,1
2024451493230,2024,451493230,2,9,0,-1,19,3,7,-1,0,0,0,0,0,0,1,1,-1,1,1,33,6,1498,1,4,SKODA OCTAVIA,9,E01030960,0,2
2024461535716,2024,461535716,1,8,0,-1,6,1,7,-1,0,5,0,11,6,0,3,1,-1,1,1,45,7,1598,2,4,SKODA OCTAVIA,5,E01024347,0,1
2024052402629,2024,052402629,1,8,0,18,19,8,4,0,0,0,0,4,0,0,4,1,2,2,1,67,10,1598,2,9,SKODA OCTAVIA,1,E01007130,0,1
2024552401134,2024,552401134,2,9,0,18,19,3,7,0,0,8,0,0,0,0,1,1,6,6,1,22,5,999,1,5,SKODA OCTAVIA,6,E01015349,0,2
2024991515561,2024,991515561,2,9,0,-1,19,7,3,-1,0,4,0,0,0,0,1,1,-1,6,1,58,9,1598,2,6,SKODA OCTAVIA,8,-1,0,1
2024302400206,2024,302400206,2,9,0,10,10,8,5,0,0,1,0,0,0,0,2,1,6,6,1,41,7,1968,2,12,SKODA OCTAVIA,1,E01013566,0,1
2024141424051,2024,141424051,5,9,0,-1,2,0,0,-1,0,1,0,0,0,0,2,1,-1,6,-1,-1,-1,1968,2,7,SKODA OCTAVIA,-1,-1,0,-1
2024311475560,2024,311475560,2,9,0,-1,19,1,5,-1,0,0,0,0,0,0,4,1,-1,9,1,35,6,999,1,5,SKODA OCTAVIA,9,E01028360,0,3
2024211416872,2024,211416872,2,9,0,-1,19,1,5,-1,0,1,0,0,7,0,1,1,-1,1,2,27,6,1968,2,1,SKODA OCTAVIA,-1,-1,0,-1
2024211477436,2024,211477436,2,9,0,-1,19,1,5,-1,0,0,0,0,0,0,1,1,-1,1,1,39,7,1598,2,10,SKODA OCTAVIA,-1,-1,0,-1
2024061498924,2024,061498924,1,9,0,-1,99,-1,-1,-1,99,0,9,0,7,99,2,1,-1,7,1,49,8,1598,2,6,SKODA OCTAVIA,1,E01005129,0,1
2024052401057,2024,052401057,2,9,0,18,19,1,5,0,0,1,0,0,0,0,3,1,6,6,1,22,5,1395,1,7,SKODA OCTAVIA,3,E01019150,0,4
2024351509498,2024,351509498,1,9,0,-1,19,7,1,-1,0,3,0,7,1,6,4,1,-1,1,1,53,8,1968,2,3,SKODA OCTAVIA,6,E01015688,0,1
2024991524317,2024,991524317,1,9,0,-1,19,5,2,-1,0,0,0,0,1,4,1,1,-1,9,1,64,9,1968,2,17,SKODA OCTAVIA,8,-1,0,2
2024070073955,2024,070073955,1,9,0,13,13,8,4,0,0,1,1,0,1,4,1,1,1,1,1,57,9,1968,2,4,SKODA OCTAVIA,8,E01007148,0,4
2024471460680,2024,471460680,1,9,0,-1,7,2,4,-1,0,4,0,0,0,0,-1,1,-1,9,2,40,7,1968,2,8,SKODA OCTAVIA,9,E01031475,0,1
2024361442914,2024,361442914,2,9,0,-1,19,2,6,-1,0,0,0,0,0,0,1,1,-1,2,1,71,10,1598,2,7,SKODA OCTAVIA,5,E01026877,0,2
2024501492080,2024,501492080,1,9,0,-1,4,3,7,-1,0,0,0,0,1,0,1,1,-1,9,1,81,11,1896,2,15,SKODA OCTAVIA,10,E01032018,0,5
2024010503348,2024,010503348,1,9,0,4,4,7,3,0,0,0,0,0,0,0,4,1,6,6,1,26,6,1968,2,6,SKODA OCTAVIA,7,E01016239,0,4
2024332400382,2024,332400382,2,9,0,-1,15,7,3,-1,0,0,0,0,0,0,1,1,-1,6,1,59,9,1395,8,1,SKODA OCTAVIA,10,E01025678,0,2
2024311505527,2024,311505527,6,9,0,-1,19,7,3,-1,0,0,0,11,0,0,1,1,-1,8,1,-1,-1,1498,1,0,SKODA OCTAVIA,8,E01028176,0,1
2024211420952,2024,211420952,1,9,0,-1,7,3,6,-1,0,1,0,0,3,0,3,9,-1,6,1,48,8,1598,2,10,SKODA OCTAVIA,8,E01029570,0,3
2024061450141,2024,061450141,2,9,0,-1,19,7,3,-1,0,1,1,0,0,0,1,1,-1,2,1,25,5,1395,1,7,SKODA OCTAVIA,9,E01012924,0,5
2024351539005,2024,351539005,2,8,-1,-1,-1,-1,-1,-1,-1,0,-1,-1,-1,0,-1,9,-1,1,1,44,7,1968,2,5,SKODA OCTAVIA,1,E01015600,0,1
2024430080887,2024,430080887,1,9,0,13,13,8,4,0,0,1,0,0,0,0,1,1,6,6,1,21,5,1598,2,11,SKODA OCTAVIA,8,E01028422,0,1
2024070424692,2024,070424692,2,9,0,18,19,1,5,0,0,0,0,0,0,0,2,1,6,6,2,46,8,1598,2,15,SKODA OCTAVIA,2,E01012459,0,1
2024010527045,2024,010527045,2,9,0,99,99,9,9,99,99,9,9,99,9,99,2,9,6,6,1,44,7,1968,2,9,SKODA OCTAVIA,7,E01016191,0,4
2024991445869,2024,991445869,1,8,0,-1,19,7,3,-1,0,1,0,0,0,0,4,1,-1,1,2,39,7,999,8,1,SKODA OCTAVIA,-1,-1,0,-1
2024501412119,2024,501412119,1,9,0,-1,4,3,1,-1,0,0,0,0,0,0,1,9,-1,6,1,29,6,1896,2,15,SKODA OCTAVIA,8,E01034638,0,1
2024430549451,2024,430549451,1,9,0,5,5,4,6,0,0,1,0,0,0,0,1,1,6,6,1,41,7,1395,1,11,SKODA OCTAVIA,8,E01016722,0,1
202417M101224,2024,17M101224,7,9,0,3,3,1,5,0,0,0,0,0,0,0,2,1,2,2,1,43,7,1968,2,7,SKODA OCTAVIA,1,E01012040,0,1
2024052402451,2024,052402451,1,9,0,9,9,3,1,0,0,1,0,0,0,0,1,1,6,6,1,40,7,1598,2,9,SKODA OCTAVIA,-1,-1,0,-1
2024201558233,2024,201558233,5,9,0,-1,19,4,8,-1,0,3,1,0,0,0,4,9,-1,1,1,40,7,1598,2,7,SKODA OCTAVIA,-1,-1,0,-1
2024041512607,2024,041512607,2,9,0,-1,19,5,1,-1,0,0,0,0,0,0,1,1,-1,2,2,48,8,1498,1,1,SKODA OCTAVIA,1,E01012707,0,3
2024010529803,2024,010529803,3,9,0,4,4,7,3,0,0,0,0,0,0,0,1,1,6,6,1,24,5,1390,1,13,SKODA OCTAVIA,7,E01003696,0,3
2024141408488,2024,141408488,1,9,0,-1,7,5,7,-1,0,5,0,0,0,0,1,1,-1,1,1,51,8,1968,2,8,SKODA OCTAVIA,8,E01007678,0,1
2024351486272,2024,351486272,1,9,0,-1,9,3,7,-1,0,6,0,0,0,0,1,1,-1,6,2,63,9,1390,1,13,SKODA OCTAVIA,10,E01018134,0,3
2024340NN1982,2024,340NN1982,2,9,0,-1,19,5,1,-1,0,1,0,0,0,0,1,1,-1,8,2,35,6,1498,1,2,SKODA OCTAVIA,-1,-1,0,-1
2024991414354,2024,991414354,2,9,0,-1,19,3,6,-1,0,1,0,0,0,0,2,1,-1,1,1,70,10,1598,2,9,SKODA OCTAVIA,3,-1,0,1
2024141463990,2024,141463990,1,9,0,-1,9,3,2,-1,0,1,0,0,7,6,3,1,-1,6,1,28,6,1598,2,8,SKODA OCTAVIA,5,E01007882,0,1
2024351413230,2024,351413230,1,8,0,-1,9,6,4,-1,0,6,0,0,0,0,1,1,-1,1,1,53,8,1598,2,4,SKODA OCTAVIA,10,E01035558,0,3
2024340WN0322,2024,340WN0322,3,9,0,-1,3,8,4,-1,0,0,0,0,0,0,2,1,-1,6,2,32,6,1390,1,15,SKODA OCTAVIA,9,E01027166,0,3
2024991459175,2024,991459175,1,8,0,-1,19,6,2,-1,0,0,0,0,0,0,1,1,-1,1,1,51,8,1598,2,5,SKODA OCTAVIA,2,-1,0,2
2024211513194,2024,211513194,2,9,0,-1,4,1,5,-1,0,0,0,0,0,0,2,1,-1,9,1,58,9,1968,2,8,SKODA OCTAVIA,5,E01005635,0,4
2024070384229,2024,070384229,1,9,0,1,1,1,6,0,0,0,0,0,0,0,3,1,6,6,1,-1,-1,1598,2,8,SKODA OCTAVIA,-1,-1,0,-1
2024622400423,2024,622400423,1,8,0,9,9,8,6,0,0,8,0,0,0,0,1,1,1,1,1,65,9,1598,2,9,SKODA OCTAVIA,6,W01001951,0,1
2024991514172,2024,991514172,1,8,0,-1,4,8,4,-1,0,0,0,0,0,0,4,1,-1,1,1,70,10,999,1,3,SKODA OCTAVIA,-1,-1,0,-1
2024010497963,2024,010497963,1,9,0,7,7,3,6,9,9,1,0,0,0,0,2,1,2,2,1,49,8,1395,1,6,SKODA OCTAVIA,5,E01003116,0,1
2024371517845,2024,371517845,2,9,0,-1,19,6,2,-1,0,8,0,0,0,0,4,1,-1,2,1,30,6,1896,2,23,SKODA OCTAVIA,5,E01029976,0,1
2024211526281,2024,211526281,1,9,0,-1,14,5,1,-1,0,0,0,0,0,0,1,1,-1,1,1,30,6,1968,2,3,SKODA OCTAVIA,8,E01034049,0,4
2024221449093,2024,221449093,1,9,0,-1,19,8,4,-1,0,1,0,0,0,0,4,1,-1,2,1,32,6,1968,2,10,SKODA OCTAVIA,3,E01013992,0,1
2024061526808,2024,061526808,1,9,0,-1,5,5,7,-1,0,1,0,0,7,11,4,1,-1,6,1,-1,-1,1598,2,10,SKODA OCTAVIA,1,E01005236,0,2
2024010515156,2024,010515156,3,9,0,2,2,0,0,0,0,1,0,0,0,0,0,1,6,6,3,-1,-1,1498,1,5,SKODA OCTAVIA,-1,-1,0,-1
202417H107624,2024,17H107624,1,8,0,-1,10,1,5,-1,0,0,0,0,0,0,2,1,-1,1,1,58,9,1598,2,4,SKODA OCTAVIA,1,E01012195,0,2
2024471463918,2024,471463918,2,8,0,-1,19,-1,-1,-1,0,0,0,0,0,0,1,1,-1,6,1,-1,-1,1598,2,8,SKODA OCTAVIA,5,E01016988,0,1
2024320759786,2024,320759786,2,8,0,-1,-1,6,2,0,0,1,0,0,0,0,1,1,1,1,1,63,9,1968,2,6,SKODA OCTAVIA,7,E01026147,0,1
2024543395024,2024,543395024,8,9,0,18,19,4,8,0,0,0,1,0,1,10,1,1,6,6,1,42,7,1968,2,17,SKODA OCTAVIA,7,E01016239,0,4
2024371466527,2024,371466527,2,9,0,-1,19,1,5,-1,0,1,0,0,0,0,1,1,-1,2,1,-1,-1,1984,1,17,SKODA OCTAVIA,6,E01029876,0,1
2024231498269,2024,231498269,2,9,0,-1,19,8,5,-1,0,4,0,0,0,0,3,1,-1,6,2,58,9,1984,1,5,SKODA OCTAVIA,4,E01032409,0,3
2024430352045,2024,430352045,2,9,0,4,4,6,2,0,0,8,0,0,0,0,1,1,2,2,1,35,6,1968,2,17,SKODA OCTAVIA,-1,-1,0,-1
2024440558171,2024,440558171,2,9,0,18,19,5,1,0,0,4,0,0,0,0,1,1,1,1,1,-1,-1,1598,2,7,SKODA OCTAVIA,-1,-1,0,-1
2024302401600,2024,302401600,1,9,0,4,4,7,3,0,0,7,0,0,0,0,2,1,2,2,2,38,7,1968,2,9,SKODA OCTAVIA,1,E01028275,0,3
2024211490655,2024,211490655,2,9,0,-1,7,7,3,-1,0,3,0,0,0,0,1,1,-1,6,1,38,7,1968,2,4,SKODA OCTAVIA,7,E01029533,0,1
2024430482841,2024,430482841,2,9,0,17,19,2,7,0,0,1,0,0,0,0,1,1,6,6,1,51,8,1896,2,15,SKODA OCTAVIA,6,E01016301,0,1
2024141426815,2024,141426815,1,9,0,-1,19,6,2,-1,0,8,0,0,0,0,1,1,-1,6,1,36,7,1598,2,10,SKODA OCTAVIA,2,E01007654,0,1
2024221417576,2024,221417576,1,9,0,-1,19,1,4,-1,0,0,1,0,2,4,1,9,-1,2,1,36,7,999,1,6,SKODA OCTAVIA,6,E01009108,0,1
2024440104271,2024,440104271,1,9,0,11,11,8,4,0,0,0,0,0,0,0,1,1,6,6,1,25,5,1598,2,8,SKODA OCTAVIA,6,E01022736,0,1
2024501498595,2024,501498595,1,9,0,-1,3,3,7,-1,0,0,0,0,0,0,1,1,-1,9,1,55,8,1968,2,8,SKODA OCTAVIA,4,E01020301,0,4
2024471404885,2024,471404885,1,9,0,-1,19,1,5,-1,0,0,0,0,0,0,3,1,-1,9,2,32,6,1498,1,6,SKODA OCTAVIA,4,E01031583,0,1
2024010535099,2024,010535099,1,9,9,99,99,9,9,99,99,9,9,99,9,99,9,9,6,6,3,-1,-1,1395,1,11,SKODA OCTAVIA,-1,-1,0,-1
2024440007659,2024,440007659,1,9,0,18,19,3,7,0,0,1,0,0,0,0,1,1,6,6,2,55,8,1896,2,18,SKODA OCTAVIA,9,E01021042,0,4
2024440476710,2024,440476710,1,8,0,18,19,8,4,0,0,0,0,0,0,0,1,1,1,1,1,-1,-1,1968,2,10,SKODA OCTAVIA,-1,-1,0,-1
2024141472629,2024,141472629,2,9,0,-1,19,2,6,-1,0,1,0,0,0,0,1,1,-1,9,1,70,10,1968,2,7,SKODA OCTAVIA,4,E01007478,0,1
2024052402178,2024,052402178,2,9,0,18,19,8,4,0,0,8,0,0,0,0,3,1,6,6,1,67,10,1598,2,9,SKODA OCTAVIA,2,E01006479,0,2
2024141406662,2024,141406662,1,9,0,-1,19,8,4,-1,0,8,0,0,0,0,1,1,-1,1,1,53,8,1598,2,9,SKODA OCTAVIA,1,E01033269,0,1
2024070635388,2024,070635388,3,9,0,2,2,0,0,0,0,0,0,0,0,0,2,1,6,6,2,40,7,1968,2,6,SKODA OCTAVIA,9,E01018383,0,3
2024010532247,2024,010532247,2,9,0,18,19,3,7,9,9,0,0,0,2,5,1,1,2,2,1,29,6,1968,2,5,SKODA OCTAVIA,5,E01000606,0,2
2024440018238,2024,440018238,1,9,0,18,19,8,4,0,0,2,5,10,0,0,4,1,6,6,2,46,8,1395,1,7,SKODA OCTAVIA,10,E01023268,0,1
2024451477962,2024,451477962,1,9,0,-1,19,-1,-1,-1,0,0,0,0,0,0,1,9,-1,6,3,34,6,1984,1,17,SKODA OCTAVIA,1,E01017102,0,4
2024201395600,2024,201395600,2,8,0,-1,3,8,6,-1,0,1,0,0,0,0,4,1,-1,1,1,57,9,1968,2,6,SKODA OCTAVIA,2,E01009782,0,2
2024311527250,2024,311527250,2,9,0,-1,19,2,6,-1,0,8,0,0,0,0,4,1,-1,1,1,33,6,1968,2,5,SKODA OCTAVIA,6,E01013837,0,2
2024371409878,2024,371409878,1,9,0,-1,9,2,7,-1,0,8,0,0,0,0,1,1,-1,2,2,57,9,1968,2,19,SKODA OCTAVIA,5,E01033446,0,1
2024061407019,2024,061407019,2,9,0,-1,19,1,7,-1,0,0,0,0,0,0,0,1,-1,1,1,39,7,1984,1,1,SKODA OCTAVIA,1,E01034113,0,4
2024041413044,2024,041413044,1,9,0,-1,9,5,1,-1,0,1,0,0,7,2,4,1,-1,9,1,27,6,1968,2,10,SKODA OCTAVIA,4,E01024891,0,3
2024411451292,2024,411451292,2,9,0,-1,9,1,2,-1,0,1,0,0,0,0,1,1,-1,6,2,33,6,1984,1,5,SKODA OCTAVIA,8,E01035600,0,1
202417M114524,2024,17M114524,1,8,0,-1,19,3,7,-1,0,0,0,0,0,0,1,1,-1,1,1,27,6,1598,2,5,SKODA OCTAVIA,1,E01012036,0,1
2024141408499,2024,141408499,1,9,0,-1,5,2,6,-1,0,1,0,0,0,0,0,1,-1,1,1,39,7,1968,2,8,SKODA OCTAVIA,1,E01007655,0,1
2024631421268,2024,631421268,3,9,0,-1,19,1,5,-1,0,8,0,0,0,0,3,1,-1,9,2,48,8,1968,2,9,SKODA OCTAVIA,7,W01000579,0,2
2024332400647,2024,332400647,2,8,0,-1,19,1,5,-1,0,8,0,0,0,0,4,1,-1,1,1,33,6,1598,2,10,SKODA OCTAVIA,4,E01013749,0,1
2024010543066,2024,010543066,2,9,0,99,99,9,9,99,99,9,9,99,9,99,1,9,6,6,1,25,5,999,1,5,SKODA OCTAVIA,2,E01003190,0,1
2024010507855,2024,010507855,1,9,0,18,19,7,3,0,0,1,0,0,0,0,1,1,6,6,3,-1,-1,1984,1,18,SKODA OCTAVIA,-1,-1,0,-1
2024531438738,2024,531438738,2,9,0,-1,3,6,2,-1,0,0,0,0,0,0,2,1,-1,2,2,49,8,1395,1,9,SKODA OCTAVIA,10,E01022172,0,1
2024122400388,2024,122400388,4,9,0,18,19,5,1,0,0,1,1,0,1,0,1,1,6,6,1,62,9,1968,2,4,SKODA OCTAVIA,4,E01012106,0,4
2024131455867,2024,131455867,2,9,0,-1,19,7,3,-1,0,0,0,0,0,0,1,1,-1,6,1,62,9,1598,2,12,SKODA OCTAVIA,8,E01011219,0,1
2024101434742,2024,101434742,2,8,0,-1,3,1,5,-1,0,1,0,0,0,0,2,1,-1,1,1,45,7,1968,2,2,SKODA OCTAVIA,1,E01011955,0,4
2024340WN1792,2024,340WN1792,1,9,0,-1,19,3,7,-1,0,0,0,0,0,0,1,1,-1,1,2,-1,-1,1498,1,2,SKODA OCTAVIA,2,E01027195,0,1
2024010517484,2024,010517484,2,9,0,5,5,3,7,0,0,0,0,0,0,0,1,1,6,6,2,39,7,1395,1,8,SKODA OCTAVIA,5,E01004127,0,1