collision_index,collision_year,collision_ref_no,vehicle_reference,vehicle_type,towing_and_articulation,vehicle_manoeuvre_historic,vehicle_manoeuvre,vehicle_direction_from,vehicle_direction_to,vehicle_location_restricted_lane_historic,vehicle_location_restricted_lane,junction_location,skidding_and_overturning,hit_object_in_carriageway,vehicle_leaving_carriageway,hit_object_off_carriageway,first_point_of_impact,vehicle_left_hand_drive,journey_purpose_of_driver_historic,journey_purpose_of_driver,sex_of_driver,age_of_driver,age_band_of_driver,engine_capacity_cc,propulsion_code,age_of_vehicle,generic_make_model,driver_imd_decile,lsoa_of_driver,escooter_flag,driver_distance_banding
2024201467157,2024,201467157,2,9,0,-1,19,7,3,-1,0,8,1,7,0,0,3,1,-1,9,1,40,7,1968,2,12,SKODA OCTAVIA,6,E01022169,0,4
2024991512267,2024,991512267,2,9,0,-1,2,0,0,-1,0,2,0,0,0,0,2,1,-1,6,-1,-1,-1,1598,2,10,SKODA OCTAVIA,-1,-1,0,-1
2024461508077,2024,461508077,2,9,0,-1,3,5,1,-1,0,1,0,0,0,0,2,1,-1,2,1,29,6,1968,2,14,SKODA OCTAVIA,6,E01024572,0,4
202460Q072588,2024,60Q072588,1,9,0,5,5,7,3,0,0,4,0,0,0,0,3,1,6,6,1,82,11,1598,2,11,SKODA OCTAVIA,-1,-1,0,-1
2024401425827,2024,401425827,1,9,0,-1,19,8,4,-1,0,1,0,0,0,0,1,1,-1,6,2,45,7,1896,2,18,SKODA OCTAVIA,7,E01017481,0,1
2024101461772,2024,101461772,2,9,0,-1,19,1,5,-1,0,0,0,0,0,0,1,1,-1,1,1,37,7,1598,2,8,SKODA OCTAVIA,3,E01035617,0,1
2024111451904,2024,111451904,3,9,0,-1,19,7,3,-1,0,0,0,0,0,0,1,1,-1,6,1,59,9,1395,8,2,SKODA OCTAVIA,9,E01012255,0,3
2024010506862,2024,010506862,1,9,0,18,19,1,5,0,0,8,0,0,0,0,4,2,6,6,1,62,9,1896,2,18,SKODA OCTAVIA,3,E01001143,0,2
2024231462281,2024,231462281,1,9,0,-1,1,3,7,-1,0,0,0,0,0,0,2,9,-1,6,1,41,7,1984,1,6,SKODA OCTAVIA,4,E01031127,0,1
2024361533002,2024,361533002,1,9,0,-1,19,3,7,-1,0,0,0,0,0,0,4,1,-1,6,1,25,5,1896,2,16,SKODA OCTAVIA,1,E01030256,0,3
2024631429097,2024,631429097,2,9,0,-1,12,7,3,-1,0,0,1,0,7,10,1,1,-1,6,1,17,4,1896,2,15,SKODA OCTAVIA,8,W01000596,0,2
2024201486114,2024,201486114,2,9,0,-1,5,6,2,-1,0,8,0,0,0,0,4,9,-1,6,1,35,6,1598,2,8,SKODA OCTAVIA,1,E01009412,0,1
2024141530504,2024,141530504,3,9,0,-1,19,6,2,-1,0,1,0,0,0,0,3,1,-1,9,1,38,7,1598,2,4,SKODA OCTAVIA,8,E01007858,0,1
2024320505624,2024,320505624,2,8,0,-1,-1,3,7,0,0,8,0,0,0,0,1,1,1,1,1,58,9,1968,2,6,SKODA OCTAVIA,4,E01026019,0,4
2024302401043,2024,302401043,2,9,0,17,19,6,3,0,0,0,0,0,0,0,1,1,2,2,1,30,6,1968,2,10,SKODA OCTAVIA,10,E01029459,0,4
2024061419120,2024,061419120,1,9,0,-1,19,4,8,-1,0,0,0,0,0,0,1,1,-1,6,1,18,4,1968,2,16,SKODA OCTAVIA,9,E01004806,0,1
2024101450553,2024,101450553,2,9,0,-1,-1,-1,-1,-1,-1,8,-1,-1,-1,0,-1,1,-1,6,2,64,9,1395,1,8,SKODA OCTAVIA,9,E01027481,0,4
2024461399158,2024,461399158,1,9,0,-1,19,5,1,-1,9,0,0,0,1,10,2,9,-1,6,-1,-1,-1,1598,2,5,SKODA OCTAVIA,-1,-1,0,-1
2024010513773,2024,010513773,1,9,0,9,9,7,6,0,0,2,0,0,0,0,3,1,2,2,1,27,6,1984,1,16,SKODA OCTAVIA,2,E01002760,0,2
2024041470284,2024,041470284,2,9,0,-1,1,8,2,-1,0,0,0,0,0,0,2,1,-1,1,1,43,7,1598,2,8,SKODA OCTAVIA,1,E01010700,0,4
2024101432052,2024,101432052,1,8,0,-1,5,3,7,-1,0,0,0,0,0,0,4,1,-1,1,1,46,8,1595,1,13,SKODA OCTAVIA,1,E01008331,0,2
2024031475237,2024,031475237,1,8,0,-1,1,3,3,-1,0,1,0,4,0,0,2,1,-1,1,1,65,9,1598,2,12,SKODA OCTAVIA,-1,-1,0,-1
2024440411792,2024,440411792,1,9,0,9,9,6,4,0,0,8,0,0,0,0,3,1,6,6,1,41,7,1498,1,6,SKODA OCTAVIA,6,E01035452,0,1
2024622400115,2024,622400115,1,8,0,4,4,7,3,0,0,2,0,0,0,0,3,1,1,1,1,71,10,1598,2,5,SKODA OCTAVIA,10,W01001196,0,1
2024531488141,2024,531488141,3,9,0,-1,10,4,2,-1,0,6,0,0,0,0,1,1,-1,9,1,59,9,1498,1,4,SKODA OCTAVIA,4,E01032409,0,4
2024010518033,2024,010518033,2,9,0,18,19,1,5,0,0,8,0,0,0,0,1,1,6,6,1,45,7,1390,1,13,SKODA OCTAVIA,2,E01000015,0,4
2024061481938,2024,061481938,1,9,0,-1,1,1,5,-1,0,0,0,0,0,0,2,9,-1,6,1,53,8,1598,2,9,SKODA OCTAVIA,3,E01011307,0,4
2024522401332,2024,522401332,1,8,0,18,19,8,4,0,0,0,0,0,0,0,1,1,1,1,1,44,7,999,1,5,SKODA OCTAVIA,2,E01014489,0,1
2024440256276,2024,440256276,2,9,0,5,5,8,4,0,0,4,0,0,0,0,1,1,2,2,1,42,7,1968,2,13,SKODA OCTAVIA,4,E01031799,0,4
2024531413019,2024,531413019,1,9,0,-1,9,7,3,-1,0,1,0,0,0,0,1,1,-1,1,1,49,8,1968,2,5,SKODA OCTAVIA,7,E01033861,0,4
2024101468327,2024,101468327,1,9,0,-1,7,3,5,-1,0,8,0,0,0,0,1,1,-1,6,1,44,7,1395,1,8,SKODA OCTAVIA,5,E01008293,0,3
2024622400341,2024,622400341,1,9,0,9,9,4,2,0,0,5,0,0,0,0,1,1,6,6,1,49,8,1968,2,9,SKODA OCTAVIA,6,W01001997,0,1
2024451442961,2024,451442961,1,9,0,-1,9,4,1,-1,0,1,0,0,0,0,3,1,-1,9,1,47,8,1598,2,6,SKODA OCTAVIA,8,E01030845,0,3
2024430149885,2024,430149885,2,9,0,18,19,4,8,0,0,8,0,0,0,0,1,1,6,6,2,59,9,1968,2,3,SKODA OCTAVIA,8,E01016303,0,3
2024552400284,2024,552400284,2,9,0,3,3,6,2,0,0,0,0,0,0,0,2,1,2,2,1,44,7,1968,2,14,SKODA OCTAVIA,4,E01015420,0,1
202417M110224,2024,17M110224,1,9,0,-1,3,6,2,-1,0,2,0,0,0,0,1,1,-1,2,1,49,8,1968,2,9,SKODA OCTAVIA,5,E01012012,0,1
2024421435734,2024,421435734,2,9,0,-1,19,1,5,-1,0,8,0,0,0,0,1,1,-1,9,1,33,6,1598,2,12,SKODA OCTAVIA,1,E01018524,0,5
2024201496669,2024,201496669,2,8,0,-1,19,2,6,-1,0,4,0,0,0,0,1,1,-1,6,1,32,6,1598,2,7,SKODA OCTAVIA,4,E01010402,0,3
2024061456500,2024,061456500,2,9,0,-1,4,5,5,-1,0,0,0,0,0,0,0,1,-1,8,1,40,7,1498,1,5,SKODA OCTAVIA,-1,-1,0,-1
2024141512043,2024,141512043,2,9,0,-1,2,0,0,-1,0,2,1,0,0,0,1,9,-1,6,-1,-1,-1,1598,2,9,SKODA OCTAVIA,-1,-1,0,-1
2024010514152,2024,010514152,1,9,0,99,99,9,9,99,99,1,9,99,9,99,9,9,6,6,2,46,8,1968,2,9,SKODA OCTAVIA,8,E01000844,0,1
2024451528851,2024,451528851,1,9,0,-1,19,7,3,-1,0,0,0,0,0,0,1,1,-1,9,1,53,8,1968,2,9,SKODA OCTAVIA,5,E01000310,0,4
2024461415938,2024,461415938,2,9,0,-1,19,3,6,-1,0,8,0,0,0,0,1,9,-1,2,1,59,9,1598,2,9,SKODA OCTAVIA,3,E01032830,0,1
2024549399924,2024,549399924,2,9,0,18,19,5,1,0,0,4,0,0,0,0,3,1,6,6,2,27,6,1968,2,4,SKODA OCTAVIA,7,E01027338,0,5
2024622400628,2024,622400628,2,9,0,18,19,1,5,0,0,1,0,0,0,0,3,1,2,2,1,35,6,1984,1,10,SKODA OCTAVIA,8,W01001003,0,1
202417L207824,2024,17L207824,4,8,0,-1,19,7,3,-1,0,1,0,0,0,0,2,1,-1,1,1,47,8,1598,2,7,SKODA OCTAVIA,4,E01012167,0,1
2024361418202,2024,361418202,1,9,0,-1,5,5,2,-1,0,1,1,0,0,0,3,1,-1,9,2,39,7,1598,2,12,SKODA OCTAVIA,2,E01026488,0,1
2024161426560,2024,161426560,2,9,0,-1,19,3,7,-1,0,2,1,0,0,0,2,1,-1,6,1,38,7,1968,2,1,SKODA OCTAVIA,2,E01035482,0,4
2024440441938,2024,440441938,1,9,0,18,19,7,3,0,0,0,2,10,0,0,1,1,2,2,1,19,4,1984,1,18,SKODA OCTAVIA,2,E01022913,0,1
2024221484891,2024,221484891,2,9,0,-1,19,8,4,-1,0,0,1,0,0,0,3,1,-1,9,2,69,10,1968,2,8,SKODA OCTAVIA,5,E01029016,0,2
2024430055942,2024,430055942,1,9,0,9,9,8,6,0,0,5,0,0,0,0,3,1,2,2,1,32,6,1395,8,3,SKODA OCTAVIA,6,E01032716,0,4
2024371496957,2024,371496957,2,9,0,-1,3,-1,-1,-1,0,0,0,0,0,0,2,1,-1,9,1,48,8,1968,2,8,SKODA OCTAVIA,3,E01029984,0,1
2024161424063,2024,161424063,1,9,0,-1,11,5,1,-1,0,1,0,0,0,0,1,1,-1,2,2,29,6,1896,2,16,SKODA OCTAVIA,8,E01035470,0,2
2024201413501,2024,201413501,2,9,0,-1,9,6,4,-1,0,6,0,0,0,0,0,9,-1,6,1,33,6,1968,2,6,SKODA OCTAVIA,2,E01010344,0,3
2024340WN6352,2024,340WN6352,2,9,0,-1,4,3,7,-1,0,1,0,0,0,0,0,1,-1,1,1,25,5,1498,1,3,SKODA OCTAVIA,2,E01027155,0,1
2024361474291,2024,361474291,1,9,0,-1,19,7,3,-1,0,0,1,0,1,9,4,1,-1,9,1,48,8,1896,2,16,SKODA OCTAVIA,1,E01026666,0,3
202454A158024,2024,54A158024,1,9,0,9,9,4,2,0,0,6,0,0,0,0,1,1,6,6,1,45,7,1595,1,13,SKODA OCTAVIA,10,E01032045,0,1
2024141434082,2024,141434082,1,9,0,-1,19,6,2,-1,0,2,0,0,0,0,1,1,-1,2,1,57,9,1598,2,11,SKODA OCTAVIA,3,E01007646,0,2
2024440021721,2024,440021721,2,9,0,18,19,2,6,0,0,0,0,0,0,0,3,1,2,2,1,54,8,1968,2,2,SKODA OCTAVIA,5,E01022539,0,2
2024211421226,2024,211421226,2,9,0,-1,9,2,8,-1,0,4,0,0,0,0,3,1,-1,6,1,59,9,1896,2,15,SKODA OCTAVIA,3,E01014240,0,1
2024311451721,2024,311451721,2,9,0,-1,9,7,5,-1,0,1,0,0,0,0,4,1,-1,1,1,22,5,1498,1,1,SKODA OCTAVIA,-1,-1,0,-1
2024101428815,2024,101428815,2,9,-1,-1,4,7,3,-1,0,0,0,0,0,0,2,9,-1,9,2,56,9,999,1,3,SKODA OCTAVIA,1,E01008542,0,1
2024131477549,2024,131477549,1,9,0,-1,19,1,5,-1,0,1,0,11,0,0,1,1,-1,9,2,34,6,1598,2,9,SKODA OCTAVIA,1,E01010958,0,1
2024211401430,2024,211401430,1,8,0,-1,19,5,7,-1,0,1,0,0,0,0,1,9,-1,1,1,52,8,1598,2,6,SKODA OCTAVIA,-1,-1,0,-1
2024311524974,2024,311524974,2,9,0,-1,19,7,3,-1,0,0,0,0,0,0,0,1,-1,6,1,27,6,1984,1,6,SKODA OCTAVIA,-1,-1,0,-1
2024131480634,2024,131480634,5,9,0,-1,19,1,5,-1,0,0,0,0,0,0,0,1,-1,9,1,-1,-1,1984,1,1,SKODA OCTAVIA,6,E01011885,0,3
2024161454152,2024,161454152,1,9,0,-1,4,7,3,-1,0,1,0,0,0,0,2,9,-1,6,1,30,6,1598,2,7,SKODA OCTAVIA,1,E01012862,0,1
2024231466004,2024,231466004,2,9,0,-1,19,4,8,-1,0,8,0,0,0,0,1,9,-1,7,2,65,9,1968,2,1,SKODA OCTAVIA,3,E01031109,0,1
2024201435482,2024,201435482,2,9,0,-1,19,7,3,-1,0,8,0,0,0,0,1,9,-1,6,1,44,7,1395,1,7,SKODA OCTAVIA,7,E01009070,0,2
2024010523842,2024,010523842,1,9,0,18,19,3,7,0,0,1,0,0,0,0,1,1,6,6,2,30,6,1598,1,16,SKODA OCTAVIA,3,E01001488,0,1
2024161414867,2024,161414867,1,9,0,-1,19,1,5,-1,0,0,1,0,1,9,1,1,-1,9,1,18,4,1598,2,7,SKODA OCTAVIA,8,E01013304,0,2
2024131467412,2024,131467412,1,9,0,-1,9,2,7,-1,0,6,0,0,0,0,3,1,-1,9,1,83,11,1598,2,12,SKODA OCTAVIA,2,E01011639,0,2
2024531413778,2024,531413778,1,9,0,-1,5,1,5,-1,0,6,0,0,0,0,4,1,-1,9,2,41,7,1598,2,9,SKODA OCTAVIA,10,E01022113,0,1
2024451409154,2024,451409154,2,9,0,-1,19,3,7,-1,0,1,0,0,0,0,1,1,-1,2,1,52,8,1984,1,3,SKODA OCTAVIA,7,E01030414,0,2
2024061500908,2024,061500908,1,8,0,-1,9,5,3,-1,0,8,0,0,0,0,3,1,-1,1,1,63,9,1598,2,7,SKODA OCTAVIA,8,E01025596,0,4
2024041424011,2024,041424011,1,9,0,-1,19,8,4,-1,0,0,0,0,0,0,1,1,-1,1,1,64,9,1598,2,8,SKODA OCTAVIA,1,E01024875,0,1
2024991454923,2024,991454923,2,9,0,-1,5,4,1,-1,0,2,0,0,0,0,4,1,-1,6,2,54,8,1498,1,2,SKODA OCTAVIA,7,-1,0,1
2024440171327,2024,440171327,1,9,0,18,19,6,2,0,0,1,0,0,1,3,1,1,6,6,1,82,11,1498,1,5,SKODA OCTAVIA,10,E01022602,0,1
202454D175224,2024,54D175224,2,9,0,5,5,8,6,0,0,4,0,0,0,0,4,1,2,2,1,45,7,1968,2,16,SKODA OCTAVIA,2,E01015506,0,1
2024101538466,2024,101538466,1,9,0,-1,19,4,8,-1,0,2,0,0,0,0,1,1,-1,6,3,40,7,1896,2,14,SKODA OCTAVIA,-1,-1,0,-1
2024052401283,2024,052401283,1,8,0,3,3,6,2,0,0,0,0,0,0,0,1,1,1,1,1,49,8,1598,2,4,SKODA OCTAVIA,3,E01006550,0,1
2024041427735,2024,041427735,1,9,0,-1,4,5,1,-1,0,0,0,0,0,0,1,1,-1,6,1,25,5,1968,2,6,SKODA OCTAVIA,1,E01025219,0,1
2024531527180,2024,531527180,1,9,0,-1,19,8,4,-1,0,8,0,0,0,0,1,1,-1,9,1,68,10,1896,2,18,SKODA OCTAVIA,9,E01022431,0,2
2024531468652,2024,531468652,2,9,0,-1,9,1,5,-1,0,8,0,0,0,0,4,9,-1,6,1,59,9,1896,2,15,SKODA OCTAVIA,9,E01022363,0,1
2024991477993,2024,991477993,1,9,0,-1,6,8,8,-1,0,2,0,0,0,0,4,1,-1,1,1,44,7,1598,2,7,SKODA OCTAVIA,1,-1,0,1
2024471458848,2024,471458848,1,9,0,-1,9,3,8,-1,0,8,0,0,0,0,3,1,-1,9,1,52,8,1598,2,12,SKODA OCTAVIA,9,E01031630,0,1
2024631456906,2024,631456906,2,9,0,-1,4,1,5,-1,0,8,0,0,0,0,2,1,-1,9,1,47,8,1968,2,6,SKODA OCTAVIA,6,E01006794,0,5
2024070505707,2024,070505707,1,8,0,18,19,4,8,0,0,0,0,0,0,0,1,1,1,1,1,60,9,1598,2,6,SKODA OCTAVIA,5,E01018627,0,2
2024991492921,2024,991492921,1,8,0,-1,19,7,3,-1,0,0,0,0,0,0,1,1,-1,1,1,76,11,1598,2,6,SKODA OCTAVIA,1,-1,0,2
2024122400423,2024,122400423,1,9,0,18,19,3,7,0,0,1,0,0,0,0,4,1,6,6,1,79,11,1395,1,9,SKODA OCTAVIA,8,E01027568,0,2
2024061521264,2024,061521264,1,8,0,-1,19,-1,-1,-1,99,0,0,0,0,0,4,1,-1,1,1,27,6,1968,2,9,SKODA OCTAVIA,3,E01005118,0,1
2024131475609,2024,131475609,2,9,0,-1,2,0,0,-1,0,0,0,0,0,0,1,1,-1,6,-1,-1,-1,1395,1,8,SKODA OCTAVIA,-1,-1,0,-1
2024991396170,2024,991396170,1,9,0,-1,9,8,5,-1,0,2,0,0,0,0,3,1,-1,1,1,31,6,1598,2,6,SKODA OCTAVIA,4,-1,0,4
2024430167076,2024,430167076,1,8,0,18,19,4,8,0,0,0,0,0,0,0,1,1,1,1,1,35,6,1598,2,8,SKODA OCTAVIA,4,E01017712,0,1
2024311479848,2024,311479848,2,9,0,-1,4,8,5,-1,0,4,0,0,0,0,0,1,-1,8,1,33,6,1498,1,0,SKODA OCTAVIA,3,E01028062,0,3
202460Q062267,2024,60Q062267,1,9,0,18,19,6,2,0,0,0,0,0,0,0,4,1,3,7,2,47,8,1896,2,20,SKODA OCTAVIA,-1,-1,0,-1
2024471492667,2024,471492667,2,9,0,-1,5,8,4,-1,0,4,0,0,0,0,2,1,-1,9,2,61,9,1598,2,11,SKODA OCTAVIA,7,E01021061,0,2
2024351417134,2024,351417134,2,9,0,-1,4,-1,-1,-1,0,0,0,0,0,0,2,9,-1,9,1,44,7,1968,2,7,SKODA OCTAVIA,10,E01024337,0,5
202454D130324,2024,54D130324,3,9,0,4,4,3,7,0,0,0,0,0,0,0,2,1,6,6,2,23,5,1968,2,18,SKODA OCTAVIA,8,E01034546,0,1
2024440090268,2024,440090268,2,8,0,1,1,7,3,0,0,1,0,0,0,0,2,1,1,1,3,-1,-1,1598,2,4,SKODA OCTAVIA,-1,-1,0,-1
2024061535641,2024,061535641,3,9,0,-1,19,8,4,-1,0,1,0,0,0,0,0,1,-1,9,2,28,6,1984,1,1,SKODA OCTAVIA,-1,-1,0,-1
2024552400536,2024,552400536,1,8,0,18,19,6,2,0,0,0,0,4,0,0,4,1,2,2,1,53,8,1598,2,5,SKODA OCTAVIA,4,E01032008,0,4
2024520402671,2024,520402671,2,9,0,18,19,6,2,0,0,8,0,0,0,0,1,1,6,6,1,20,4,1598,2,11,SKODA OCTAVIA,1,E01029293,0,1
2024552401365,2024,552401365,1,9,0,9,9,4,2,0,0,6,0,0,0,0,4,1,6,6,2,81,11,1395,1,10,SKODA OCTAVIA,7,E01029155,0,1
2024501457899,2024,501457899,1,9,0,-1,7,3,7,-1,4,1,0,0,0,0,4,1,-1,6,2,48,8,1968,2,9,SKODA OCTAVIA,10,E01015131,0,1
2024201448256,2024,201448256,2,9,0,-1,-1,6,2,-1,-1,0,0,0,0,0,2,1,-1,-1,1,34,6,1395,1,7,SKODA OCTAVIA,1,E01009305,0,2
2024061414596,2024,061414596,2,9,0,-1,4,3,7,-1,0,0,0,0,0,0,0,1,-1,1,1,45,7,1984,1,5,SKODA OCTAVIA,-1,-1,0,-1
2024461533125,2024,461533125,2,9,0,-1,19,1,4,-1,0,0,0,0,0,0,3,1,-1,9,1,36,7,1984,1,5,SKODA OCTAVIA,10,E01024329,0,1
2024101461948,2024,101461948,1,9,0,-1,19,1,5,-1,0,0,0,0,1,0,2,1,-1,6,1,76,11,1598,2,14,SKODA OCTAVIA,5,E01007828,0,5
2024991459917,2024,991459917,2,9,0,-1,19,1,5,-1,0,0,0,0,0,0,4,1,-1,6,2,36,7,1968,2,8,SKODA OCTAVIA,6,-1,0,2
202460Q079937,2024,60Q079937,3,9,0,3,3,4,8,0,0,7,0,0,0,0,4,1,2,2,1,44,7,1984,1,5,SKODA OCTAVIA,-1,-1,0,-1
2024122400759,2024,122400759,2,9,0,4,4,6,2,0,0,0,0,0,0,0,2,1,6,6,1,61,9,1968,2,13,SKODA OCTAVIA,4,E01012947,0,4
2024131414808,2024,131414808,1,9,0,-1,5,5,1,-1,0,8,0,0,0,0,1,1,-1,9,1,44,7,1598,2,9,SKODA OCTAVIA,1,E01011361,0,2
2024122400641,2024,122400641,1,9,0,18,19,4,7,0,0,0,0,0,1,0,1,1,6,6,2,45,7,1968,2,5,SKODA OCTAVIA,9,E01035185,0,4
2024340NN0332,2024,340NN0332,3,9,0,-1,4,5,1,-1,0,0,0,0,0,0,2,1,-1,6,1,42,7,1968,2,8,SKODA OCTAVIA,4,E01027320,0,1
2024430517761,2024,430517761,2,9,0,18,19,4,8,0,0,8,0,0,0,0,1,1,6,6,1,36,7,1896,2,16,SKODA OCTAVIA,5,E01017706,0,1
2024610021224,2024,610021224,1,9,0,4,4,8,4,0,0,0,0,0,0,0,1,1,6,6,1,40,7,1598,2,7,SKODA OCTAVIA,2,E01013994,0,4
2024311514463,2024,311514463,1,9,0,-1,19,4,8,-1,0,0,0,0,0,0,1,1,-1,8,1,25,5,1498,1,0,SKODA OCTAVIA,5,E01028189,0,3
2024201517356,2024,201517356,1,8,0,-1,2,0,0,-1,0,0,0,0,0,0,1,1,-1,1,1,53,8,1968,2,8,SKODA OCTAVIA,2,E01009744,0,1
2024501492619,2024,501492619,1,9,0,-1,19,8,4,-1,0,2,5,0,1,10,4,1,-1,2,1,43,7,1896,2,19,SKODA OCTAVIA,6,E01015132,0,2
2024471423784,2024,471423784,1,9,0,-1,19,4,8,-1,0,1,1,0,1,0,1,1,-1,6,1,53,8,1896,2,14,SKODA OCTAVIA,6,E01031402,0,1
2024031413666,2024,031413666,1,8,0,-1,7,8,3,-1,0,8,0,0,0,0,1,1,-1,1,1,60,9,1968,2,7,SKODA OCTAVIA,-1,-1,0,-1
2024131417956,2024,131417956,2,9,0,-1,19,4,8,-1,0,0,0,0,1,1,1,1,-1,9,1,71,10,1598,2,7,SKODA OCTAVIA,10,E01010947,0,2
2024430456165,2024,430456165,1,9,0,10,10,4,2,0,0,1,0,0,0,0,2,1,1,1,2,60,9,999,1,4,SKODA OCTAVIA,6,W01001593,0,4
2024543395024,2024,543395024,3,9,0,18,19,4,8,0,0,0,1,0,0,0,1,1,6,6,1,23,5,1498,1,5,SKODA OCTAVIA,8,E01028715,0,3
2024440430540,2024,440430540,1,9,0,18,19,2,6,0,0,0,0,0,0,0,1,1,6,6,1,85,11,1395,1,6,SKODA OCTAVIA,6,E01022736,0,1
2024430585954,2024,430585954,2,9,0,4,4,6,2,0,0,0,0,0,0,0,1,1,6,6,1,-1,-1,1498,1,0,SKODA OCTAVIA,7,E01016312,0,3
2024411451957,2024,411451957,1,9,-1,-1,-1,-1,-1,-1,-1,-1,-1,-1,-1,0,1,9,-1,6,1,74,10,1896,2,18,SKODA OCTAVIA,4,E01023924,0,1
2024451526418,2024,451526418,1,9,0,-1,19,3,7,-1,0,0,1,7,0,0,2,1,-1,2,1,52,8,1984,1,11,SKODA OCTAVIA,10,E01016427,0,4
2024430142830,2024,430142830,2,9,0,9,9,3,1,0,0,5,0,0,0,0,1,1,6,6,1,53,8,1598,2,6,SKODA OCTAVIA,3,E01032730,0,1
2024201527423,2024,201527423,1,9,0,-1,19,5,1,-1,0,0,0,0,0,0,1,1,-1,6,1,25,5,1984,1,6,SKODA OCTAVIA,2,E01009389,0,1
2024991447981,2024,991447981,1,9,0,-1,4,4,8,-1,0,0,0,0,0,0,1,1,-1,9,1,74,10,1498,1,5,SKODA OCTAVIA,4,E01019327,0,5
2024010496402,2024,010496402,1,9,0,18,19,5,1,0,0,8,0,11,0,0,2,1,6,6,1,52,8,1395,1,9,SKODA OCTAVIA,8,E01002949,0,1
2024471492668,2024,471492668,2,9,0,-1,19,2,6,-1,0,0,1,0,5,6,2,1,-1,2,2,46,8,1498,1,5,SKODA OCTAVIA,5,E01031611,0,3
2024361518265,2024,361518265,1,8,0,-1,19,5,1,-1,0,1,1,0,0,0,1,1,-1,1,2,59,9,1968,2,5,SKODA OCTAVIA,6,E01026899,0,1
2024471538772,2024,471538772,1,8,0,-1,9,7,5,-1,0,8,0,0,0,0,1,1,-1,1,1,46,8,1598,2,6,SKODA OCTAVIA,6,E01031826,0,1
2024471470128,2024,471470128,2,9,0,-1,19,1,5,-1,0,1,0,4,0,0,4,1,-1,6,1,93,11,1395,1,10,SKODA OCTAVIA,10,E01016984,0,1
2024440122480,2024,440122480,1,9,0,5,5,8,4,0,0,4,0,0,0,0,3,1,3,7,1,41,7,1968,2,7,SKODA OCTAVIA,8,E01015447,0,4
2024231490911,2024,231490911,2,9,0,-1,19,3,7,-1,0,0,0,0,0,0,2,1,-1,6,1,58,9,1395,8,1,SKODA OCTAVIA,8,E01025784,0,4
2024052402353,2024,052402353,1,9,0,18,19,1,5,0,0,0,0,0,0,0,4,1,1,1,1,-1,-1,1598,2,4,SKODA OCTAVIA,-1,-1,0,-1
2024211528322,2024,211528322,1,9,0,-1,15,3,4,-1,0,5,0,0,7,0,4,1,-1,8,1,39,7,1968,2,2,SKODA OCTAVIA,1,E01009985,0,3
2024201471312,2024,201471312,1,9,0,-1,5,6,8,-1,0,1,0,0,0,0,1,1,-1,9,3,-1,-1,1197,1,9,SKODA OCTAVIA,-1,-1,0,-1
2024131441207,2024,131441207,2,9,0,-1,7,7,2,-1,0,3,0,0,0,0,3,1,-1,6,1,27,6,1968,2,10,SKODA OCTAVIA,1,E01010701,0,1
2024991428084,2024,991428084,1,9,0,-1,19,2,6,-1,0,4,0,0,0,0,1,1,-1,1,-1,65,9,1598,2,5,SKODA OCTAVIA,4,-1,0,4
2024545450724,2024,545450724,2,9,0,18,19,1,5,0,0,8,0,0,0,0,3,1,6,6,1,46,8,1395,1,8,SKODA OCTAVIA,8,E01031904,0,1
2024991453097,2024,991453097,1,9,0,-1,19,1,5,-1,0,0,0,0,0,0,1,1,-1,9,2,59,9,1498,1,4,SKODA OCTAVIA,7,-1,0,5
2024070626808,2024,070626808,1,9,0,9,9,6,2,0,0,0,0,0,0,0,1,1,6,6,2,71,10,1598,2,9,SKODA OCTAVIA,3,E01018482,0,1
2024302400223,2024,302400223,1,9,0,16,19,6,1,0,0,0,5,0,0,0,1,1,3,7,1,51,8,1968,2,7,SKODA OCTAVIA,4,E01019823,0,1
2024302401447,2024,302401447,1,9,0,5,5,3,7,0,0,6,0,0,0,0,3,1,6,6,1,88,11,1598,2,14,SKODA OCTAVIA,8,E01019609,0,2
2024421512462,2024,421512462,2,9,0,-1,19,5,1,-1,0,1,0,0,0,0,4,1,-1,1,1,-1,-1,1598,2,5,SKODA OCTAVIA,-1,-1,0,-1
2024451459613,2024,451459613,1,9,0,-1,19,7,3,-1,0,0,5,0,0,0,4,1,-1,6,1,88,11,1390,1,15,SKODA OCTAVIA,10,E01030328,0,1
2024440340687,2024,440340687,1,9,0,18,19,1,5,0,0,8,0,0,0,0,1,1,2,2,1,40,7,1896,2,15,SKODA OCTAVIA,7,E01023166,0,3
2024041400187,2024,041400187,2,9,0,-1,2,3,3,-1,0,0,0,0,0,0,2,1,-1,6,1,43,7,1598,2,8,SKODA OCTAVIA,8,E01025416,0,1
2024461417502,2024,461417502,4,9,0,-1,19,5,1,-1,0,1,0,0,0,0,1,1,-1,1,1,78,11,1598,2,6,SKODA OCTAVIA,2,E01024135,0,3
2024991512049,2024,991512049,1,8,0,-1,19,2,6,-1,0,4,0,0,0,0,1,1,-1,1,1,44,7,999,8,2,SKODA OCTAVIA,7,-1,0,3
2024161461986,2024,161461986,2,9,0,-1,19,7,3,-1,0,0,0,0,0,0,3,1,-1,6,1,22,5,1896,2,21,SKODA OCTAVIA,-1,-1,0,-1
2024421450734,2024,421450734,1,9,0,-1,19,5,1,-1,0,0,0,0,0,0,1,1,-1,1,1,27,6,1896,2,18,SKODA OCTAVIA,10,E01021586,0,1