collision_index,collision_year,collision_ref_no,vehicle_reference,vehicle_type,towing_and_articulation,vehicle_manoeuvre_historic,vehicle_manoeuvre,vehicle_direction_from,vehicle_direction_to,vehicle_location_restricted_lane_historic,vehicle_location_restricted_lane,junction_location,skidding_and_overturning,hit_object_in_carriageway,vehicle_leaving_carriageway,hit_object_off_carriageway,first_point_of_impact,vehicle_left_hand_drive,journey_purpose_of_driver_historic,journey_purpose_of_driver,sex_of_driver,age_of_driver,age_band_of_driver,engine_capacity_cc,propulsion_code,age_of_vehicle,generic_make_model,driver_imd_decile,lsoa_of_driver,escooter_flag,driver_distance_banding
2024231509791,2024,231509791,2,9,0,-1,19,8,4,-1,0,8,0,0,0,0,1,9,-1,6,1,61,9,1598,2,12,SKODA OCTAVIA,6,E01031207,0,3
2024131418592,2024,131418592,1,9,0,-1,19,7,3,-1,0,0,0,0,0,0,1,1,-1,9,1,53,8,1968,2,9,SKODA OCTAVIA,8,E01011826,0,3
2024471461647,2024,471461647,1,9,0,-1,10,8,6,-1,0,1,0,0,0,0,3,1,-1,9,1,31,6,1968,2,18,SKODA OCTAVIA,5,E01020968,0,1
2024461455658,2024,461455658,1,9,0,-1,9,7,5,-1,0,6,1,11,0,0,4,1,-1,9,2,79,11,1896,2,15,SKODA OCTAVIA,2,E01024533,0,2
2024201407467,2024,201407467,1,8,0,-1,19,8,4,-1,0,1,0,0,0,0,9,1,-1,1,1,52,8,1395,1,7,SKODA OCTAVIA,1,E01009192,0,1
2024411489633,2024,411489633,1,9,0,-1,11,7,3,-1,0,0,0,0,0,0,1,1,-1,6,1,77,11,1896,2,21,SKODA OCTAVIA,5,E01022008,0,4
2024061449668,2024,061449668,2,8,0,-1,19,6,2,-1,0,2,0,0,0,0,1,1,-1,1,1,49,8,1598,2,9,SKODA OCTAVIA,-1,-1,0,-1
2024461434099,2024,461434099,1,9,0,-1,19,7,3,-1,0,0,0,0,0,0,1,1,-1,6,2,43,7,1598,2,8,SKODA OCTAVIA,6,E01035008,0,3
2024332400787,2024,332400787,3,9,0,-1,19,1,5,-1,0,0,0,0,0,0,0,1,-1,1,1,35,6,1498,1,3,SKODA OCTAVIA,-1,-1,0,-1
2024991424341,2024,991424341,2,9,0,-1,2,0,0,-1,0,0,0,0,0,0,4,1,-1,6,-1,-1,-1,1896,2,19,SKODA OCTAVIA,-1,-1,0,-1
2024351423441,2024,351423441,2,9,0,-1,19,3,7,-1,0,1,0,0,0,0,1,1,-1,6,2,51,8,999,1,8,SKODA OCTAVIA,3,E01027060,0,3
2024552401105,2024,552401105,1,9,0,18,19,2,6,0,0,1,0,0,0,0,1,1,6,6,3,-1,-1,1968,2,6,SKODA OCTAVIA,-1,-1,0,-1
2024991420874,2024,991420874,3,9,0,-1,3,7,3,-1,0,1,0,0,0,0,2,1,-1,9,1,38,7,1598,2,6,SKODA OCTAVIA,1,E01005219,0,5
2024111421826,2024,111421826,1,9,0,-1,19,7,3,-1,0,3,0,0,0,0,4,1,-1,1,1,27,6,1968,2,6,SKODA OCTAVIA,1,E01020716,0,1
2024440453333,2024,440453333,2,9,0,4,4,8,4,0,0,0,0,0,0,0,1,1,1,1,1,45,7,1984,1,11,SKODA OCTAVIA,-1,-1,0,-1
2024461500890,2024,461500890,1,9,0,-1,-1,-1,-1,-1,-1,0,-1,-1,-1,0,4,9,-1,6,2,37,7,1984,1,0,SKODA OCTAVIA,3,E01032830,0,4
2024221525816,2024,221525816,2,9,0,-1,19,1,5,-1,0,0,0,0,0,0,1,1,-1,6,1,53,8,1984,1,21,SKODA OCTAVIA,3,E01014106,0,1
2024320479113,2024,320479113,1,9,0,-1,-1,2,4,0,0,0,0,0,0,0,1,1,6,6,1,41,7,1598,2,12,SKODA OCTAVIA,8,E01026322,0,1
2024471515269,2024,471515269,2,9,0,-1,19,6,7,-1,0,4,0,0,0,0,1,1,-1,2,1,39,7,1968,2,11,SKODA OCTAVIA,1,E01016863,0,2
2024440210786,2024,440210786,2,9,0,18,19,6,2,0,0,1,0,0,0,0,1,1,6,6,2,76,11,1395,1,8,SKODA OCTAVIA,5,E01023061,0,1
2024201548384,2024,201548384,2,9,0,-1,4,4,8,-1,0,0,0,0,0,0,2,1,-1,6,1,48,8,1968,2,9,SKODA OCTAVIA,5,E01033121,0,5
2024101425113,2024,101425113,2,8,0,-1,19,7,3,-1,0,1,0,0,0,0,1,1,-1,1,1,47,8,1598,2,5,SKODA OCTAVIA,-1,-1,0,-1
2024061470815,2024,061470815,2,9,0,-1,19,5,3,-1,0,1,0,0,0,0,0,1,-1,1,2,31,6,1984,1,1,SKODA OCTAVIA,-1,-1,0,-1
2024340NN1932,2024,340NN1932,1,9,0,-1,19,5,1,-1,0,8,0,0,0,0,3,1,-1,9,2,39,7,1598,2,11,SKODA OCTAVIA,2,E01027341,0,1
2024161445317,2024,161445317,3,9,0,-1,3,1,5,-1,0,3,0,0,0,0,2,1,-1,2,2,34,6,1598,2,5,SKODA OCTAVIA,3,E01012832,0,1
2024041426526,2024,041426526,1,9,0,-1,19,7,3,-1,0,1,0,0,0,0,1,1,-1,9,1,27,6,1968,2,9,SKODA OCTAVIA,5,E01025061,0,1
2024522401823,2024,522401823,1,9,0,18,19,4,8,0,0,8,0,0,0,0,4,1,6,6,2,34,6,1896,2,15,SKODA OCTAVIA,7,E01014907,0,1
2024320687554,2024,320687554,1,9,0,12,12,1,5,0,0,1,0,0,0,0,1,1,6,6,1,45,7,1968,2,13,SKODA OCTAVIA,1,E01026149,0,1
2024201471560,2024,201471560,2,9,0,-1,8,4,6,-1,0,8,0,0,0,0,4,1,-1,9,1,51,8,1395,1,9,SKODA OCTAVIA,1,E01009323,0,1
2024991508725,2024,991508725,2,8,0,-1,19,7,3,-1,0,8,0,0,0,0,1,1,-1,1,1,54,8,1598,2,7,SKODA OCTAVIA,3,-1,0,1
2024061503486,2024,061503486,3,9,0,-1,19,1,5,-1,0,1,0,0,0,0,0,1,-1,1,1,41,7,1984,1,1,SKODA OCTAVIA,1,E01034113,0,3
2024041425984,2024,041425984,1,9,0,-1,6,7,3,-1,0,1,0,0,0,0,2,1,-1,1,1,49,8,1598,2,6,SKODA OCTAVIA,5,E01025448,0,1
2024131409581,2024,131409581,1,9,0,-1,4,7,7,-1,0,0,0,0,0,0,1,1,-1,2,1,53,8,1968,2,8,SKODA OCTAVIA,1,E01011336,0,2
2024061533738,2024,061533738,2,9,0,-1,3,3,7,-1,0,0,0,0,0,0,2,1,-1,6,2,78,11,1395,1,8,SKODA OCTAVIA,-1,-1,0,-1
2024131460518,2024,131460518,2,9,0,-1,2,7,3,-1,0,8,0,0,0,0,2,1,-1,6,-1,-1,-1,1896,2,16,SKODA OCTAVIA,-1,-1,0,-1
2024991500648,2024,991500648,1,9,0,-1,9,6,4,-1,0,8,0,0,0,0,4,1,-1,9,1,45,7,1896,2,15,SKODA OCTAVIA,1,E01013940,0,5
2024101461851,2024,101461851,1,8,0,-1,4,8,4,-1,0,0,0,0,0,0,1,1,-1,1,1,38,7,1598,2,8,SKODA OCTAVIA,9,E01008443,0,3
2024010494813,2024,010494813,2,9,0,18,19,5,1,0,0,2,0,0,0,0,1,1,6,6,2,41,7,1395,1,8,SKODA OCTAVIA,2,E01001745,0,1
2024201443825,2024,201443825,1,8,0,-1,9,1,6,-1,0,5,0,0,0,0,1,1,-1,6,1,38,7,1598,2,8,SKODA OCTAVIA,-1,-1,0,-1
2024061529201,2024,061529201,1,8,0,-1,9,2,7,-1,0,1,0,0,0,0,4,1,-1,1,1,38,7,1598,2,11,SKODA OCTAVIA,4,E01012634,0,3
2024461445399,2024,461445399,1,9,0,-1,19,5,1,-1,0,8,0,0,0,0,1,9,-1,6,1,37,7,1781,1,20,SKODA OCTAVIA,5,E01035272,0,1
2024320461033,2024,320461033,1,9,0,-1,-1,4,8,0,0,6,0,0,0,0,1,1,-1,-1,2,59,9,1598,2,9,SKODA OCTAVIA,6,E01026020,0,1
2024052400439,2024,052400439,1,9,0,9,9,7,3,0,0,4,0,0,0,0,1,1,6,6,1,44,7,1968,2,5,SKODA OCTAVIA,4,E01006853,0,1
2024991462285,2024,991462285,4,9,0,-1,2,0,0,-1,0,0,0,0,0,0,2,9,-1,6,-1,-1,-1,1598,2,12,SKODA OCTAVIA,-1,-1,0,-1
2024451413613,2024,451413613,1,9,0,-1,9,5,3,-1,0,8,0,0,0,0,3,1,-1,9,2,49,8,999,8,3,SKODA OCTAVIA,10,E01030348,0,1
2024451442279,2024,451442279,1,9,0,-1,2,1,5,-1,99,0,0,99,0,0,2,1,-1,9,1,38,7,999,1,7,SKODA OCTAVIA,6,E01001253,0,4
2024201439309,2024,201439309,2,9,0,-1,9,5,3,-1,0,5,0,0,0,0,2,1,-1,9,1,32,6,1968,2,3,SKODA OCTAVIA,3,E01009977,0,1
2024548529924,2024,548529924,1,9,0,9,9,3,1,0,0,5,0,0,0,0,1,1,6,6,1,29,6,1896,2,16,SKODA OCTAVIA,7,E01034523,0,3
2024131408539,2024,131408539,5,9,0,-1,19,5,1,-1,0,0,0,0,0,0,1,1,-1,1,1,19,4,1598,2,11,SKODA OCTAVIA,2,E01011763,0,3
2024430203917,2024,430203917,1,9,0,18,19,4,8,0,0,2,0,0,0,0,3,1,6,6,1,32,6,1395,1,8,SKODA OCTAVIA,10,E01016316,0,1
2024211445761,2024,211445761,1,9,0,-1,19,5,1,-1,0,0,0,0,0,0,0,1,-1,6,2,29,6,1968,2,11,SKODA OCTAVIA,-1,-1,0,-1
2024440085931,2024,440085931,3,9,0,18,19,6,2,0,0,1,0,0,0,0,1,1,6,6,1,65,9,1498,1,5,SKODA OCTAVIA,10,E01022664,0,2
2024991457396,2024,991457396,1,9,0,-1,1,7,3,-1,9,0,0,0,0,0,2,1,-1,6,2,40,7,1598,2,9,SKODA OCTAVIA,8,-1,0,1
202460Q140028,2024,60Q140028,1,9,0,18,19,1,5,0,0,0,0,0,0,0,3,1,6,6,2,60,9,1598,2,13,SKODA OCTAVIA,-1,-1,0,-1
2024101398620,2024,101398620,1,9,0,-1,10,5,1,-1,0,8,0,0,0,0,1,1,-1,1,1,64,9,1598,2,4,SKODA OCTAVIA,5,E01008246,0,1
2024471420421,2024,471420421,1,9,0,-1,3,6,2,-1,99,1,9,99,0,0,2,1,-1,9,1,34,6,1896,2,15,SKODA OCTAVIA,7,E01031381,0,1
2024101491915,2024,101491915,1,8,0,-1,19,3,7,-1,0,0,0,0,0,0,1,2,-1,1,1,40,7,1598,2,12,SKODA OCTAVIA,1,E01035618,0,1
2024041421520,2024,041421520,2,9,0,-1,19,3,7,-1,0,0,0,0,0,0,1,1,-1,1,1,42,7,1968,2,9,SKODA OCTAVIA,1,E01034335,0,2
2024311488318,2024,311488318,2,9,0,-1,19,3,7,-1,0,1,0,0,0,0,0,1,-1,1,1,-1,-1,1598,2,4,SKODA OCTAVIA,-1,-1,0,-1
2024631494349,2024,631494349,1,9,0,-1,19,3,7,-1,0,8,5,10,7,1,4,1,-1,6,1,61,9,1598,2,9,SKODA OCTAVIA,3,W01001046,0,4
2024440262102,2024,440262102,2,8,0,18,19,7,3,0,0,1,0,0,0,0,1,1,6,6,1,57,9,1968,2,6,SKODA OCTAVIA,9,E01032615,0,1
2024131480512,2024,131480512,2,9,0,-1,19,1,1,-1,0,2,0,0,0,0,4,1,-1,9,1,63,9,1968,2,10,SKODA OCTAVIA,5,E01011818,0,1
2024141464513,2024,141464513,2,9,0,-1,19,6,2,-1,0,0,0,0,0,0,2,1,-1,1,1,60,9,1598,2,5,SKODA OCTAVIA,2,E01007855,0,1
2024010541813,2024,010541813,1,9,0,99,99,9,9,99,99,9,9,99,9,99,9,9,6,6,3,68,10,1395,1,7,SKODA OCTAVIA,3,E01000385,0,2
2024461400634,2024,461400634,1,8,0,-1,19,1,5,-1,0,1,0,0,0,0,1,1,-1,1,1,57,9,1598,2,5,SKODA OCTAVIA,5,E01024223,0,1
2024010546860,2024,010546860,1,8,0,7,7,3,6,0,0,6,0,0,0,0,1,1,1,1,1,26,6,1598,2,8,SKODA OCTAVIA,8,E01024286,0,3
2024122401163,2024,122401163,1,9,0,9,9,4,2,0,0,8,1,0,7,11,1,1,6,6,2,86,11,1968,2,9,SKODA OCTAVIA,8,E01027685,0,3
2024552400811,2024,552400811,1,9,0,18,19,8,4,0,0,0,0,10,1,10,1,1,6,6,1,67,10,1598,2,14,SKODA OCTAVIA,8,E01034380,0,2
2024161398085,2024,161398085,2,9,0,-1,19,3,7,-1,0,0,0,0,0,0,1,1,-1,2,2,22,5,1968,2,15,SKODA OCTAVIA,1,E01013206,0,1
2024161395526,2024,161395526,1,8,0,-1,9,7,5,-1,0,5,0,0,0,0,1,1,-1,2,1,46,8,1968,2,7,SKODA OCTAVIA,1,E01012951,0,1
2024122400305,2024,122400305,1,9,0,15,15,4,8,0,0,1,1,0,7,0,1,1,2,2,1,41,7,1968,2,7,SKODA OCTAVIA,2,E01012134,0,2
2024061393664,2024,061393664,2,9,0,-1,19,1,5,-1,0,1,0,0,0,0,1,1,-1,1,1,39,7,1984,1,1,SKODA OCTAVIA,1,E01034113,0,1
2024471473209,2024,471473209,2,9,0,-1,19,7,2,-1,0,2,0,0,1,10,3,1,-1,9,2,52,8,1498,1,6,SKODA OCTAVIA,10,E01022602,0,4
2024440500039,2024,440500039,1,9,0,17,19,1,4,0,0,8,0,0,0,0,1,1,1,1,1,69,10,999,1,5,SKODA OCTAVIA,4,E01017087,0,1
2024991468406,2024,991468406,2,9,0,-1,19,7,3,-1,0,0,0,0,0,0,1,1,-1,9,1,81,11,1968,2,9,SKODA OCTAVIA,6,-1,0,4
2024991533234,2024,991533234,1,8,0,-1,5,8,4,-1,0,0,0,0,0,0,0,1,-1,1,1,68,10,1896,2,14,SKODA OCTAVIA,1,-1,0,1
2024010519983,2024,010519983,2,9,0,99,99,9,9,99,99,9,9,99,9,99,9,9,6,6,3,-1,-1,1968,2,10,SKODA OCTAVIA,-1,-1,0,-1
2024991573735,2024,991573735,2,9,0,-1,15,5,1,-1,0,0,0,0,0,0,1,1,-1,1,1,33,6,1968,2,4,SKODA OCTAVIA,1,-1,0,3
2024451521916,2024,451521916,1,9,0,-1,19,3,7,-1,0,0,0,0,0,0,1,1,-1,9,1,30,6,1390,1,12,SKODA OCTAVIA,7,E01023360,0,4
2024221414586,2024,221414586,1,9,0,-1,19,2,6,-1,0,0,0,0,0,0,1,1,-1,6,1,49,8,1968,2,14,SKODA OCTAVIA,7,E01014013,0,1
2024010502544,2024,010502544,2,9,0,99,99,9,9,99,99,9,9,99,9,99,1,9,6,6,3,30,6,1896,2,17,SKODA OCTAVIA,1,E01014127,0,5
2024061505751,2024,061505751,2,9,0,-1,7,1,8,-1,0,1,1,0,0,0,1,1,-1,6,3,30,6,1968,1,19,SKODA OCTAVIA,-1,-1,0,-1
2024430382027,2024,430382027,1,9,0,9,9,2,8,0,0,8,0,0,0,0,4,1,6,6,1,52,8,1968,2,6,SKODA OCTAVIA,7,E01005014,0,5
2024320154771,2024,320154771,1,9,0,-1,-1,4,8,0,0,0,0,0,0,10,1,1,6,6,1,43,7,1968,2,12,SKODA OCTAVIA,6,E01026031,0,4
2024311403884,2024,311403884,1,9,0,-1,3,1,5,-1,0,0,0,0,0,0,2,1,-1,6,1,34,6,1968,2,6,SKODA OCTAVIA,-1,-1,0,-1
2024010520440,2024,010520440,1,9,0,18,19,5,1,0,0,0,0,4,0,0,1,1,6,6,1,66,10,1968,1,15,SKODA OCTAVIA,6,E01003314,0,1
2024440229697,2024,440229697,2,9,0,7,7,8,2,0,0,8,0,0,0,0,3,1,6,6,1,39,7,1395,8,0,SKODA OCTAVIA,4,E01017088,0,1
2024461520173,2024,461520173,2,8,0,-1,8,4,7,-1,0,1,0,0,0,0,4,1,-1,9,2,52,8,1598,2,5,SKODA OCTAVIA,4,E01024541,0,1
2024052400668,2024,052400668,2,8,0,2,2,0,0,0,0,1,0,0,0,0,3,1,1,1,1,58,9,1598,2,5,SKODA OCTAVIA,1,E01007304,0,1
2024061505225,2024,061505225,3,9,0,-1,19,3,7,-1,0,6,0,0,0,0,0,1,-1,1,1,36,7,1984,1,1,SKODA OCTAVIA,-1,-1,0,-1
2024131451369,2024,131451369,1,9,0,-1,19,7,3,-1,0,0,0,4,0,0,1,1,-1,6,1,41,7,1968,2,11,SKODA OCTAVIA,2,E01033013,0,1
2024501398519,2024,501398519,1,9,0,-1,19,8,3,-1,0,0,0,0,0,0,1,1,-1,9,1,39,7,1968,2,15,SKODA OCTAVIA,5,E01018923,0,1
2024471411090,2024,471411090,1,9,0,-1,19,6,1,-1,0,0,0,0,0,0,1,1,-1,1,1,69,10,1598,2,4,SKODA OCTAVIA,10,E01031744,0,1
2024122401141,2024,122401141,1,9,0,18,19,7,3,0,0,0,0,0,0,0,3,1,6,6,2,61,9,1968,2,5,SKODA OCTAVIA,5,E01027778,0,1
2024131410095,2024,131410095,1,9,0,-1,19,7,3,-1,0,0,2,0,2,11,3,1,-1,2,2,29,6,1896,2,15,SKODA OCTAVIA,8,E01011169,0,1
2024552401024,2024,552401024,2,9,0,18,19,8,4,0,0,0,0,0,0,0,1,1,6,6,1,44,7,1598,2,8,SKODA OCTAVIA,4,E01015374,0,1
2024101461563,2024,101461563,2,9,0,-1,10,6,4,-1,0,4,0,0,0,0,2,1,-1,1,1,39,7,1598,2,9,SKODA OCTAVIA,3,E01027421,0,1
2024991478649,2024,991478649,2,9,0,-1,19,2,6,-1,0,0,0,0,0,0,1,1,-1,1,1,42,7,1598,2,4,SKODA OCTAVIA,-1,-1,0,-1
2024131475550,2024,131475550,2,9,0,-1,12,5,5,-1,0,0,0,0,0,0,3,1,-1,2,1,65,9,1968,2,7,SKODA OCTAVIA,9,E01011397,0,1
2024430566411,2024,430566411,1,9,0,18,19,3,7,0,0,4,0,0,0,0,1,1,6,6,2,62,9,1896,2,16,SKODA OCTAVIA,-1,-1,0,-1
2024041502881,2024,041502881,1,9,0,-1,19,3,7,-1,0,5,0,0,0,0,1,1,-1,9,1,46,8,1598,2,10,SKODA OCTAVIA,1,E01025188,0,1
2024421408720,2024,421408720,1,9,0,-1,19,7,3,-1,0,1,1,0,8,0,1,1,-1,6,1,40,7,1598,2,8,SKODA OCTAVIA,8,E01021514,0,2
2024311530167,2024,311530167,1,9,0,-1,14,7,2,-1,0,1,0,0,7,11,4,1,-1,1,1,29,6,1968,2,1,SKODA OCTAVIA,-1,-1,0,-1
2024471470010,2024,471470010,2,9,0,-1,19,2,6,-1,0,0,0,0,0,0,3,1,-1,6,1,44,7,1498,1,5,SKODA OCTAVIA,9,E01031582,0,1
2024991445571,2024,991445571,1,9,0,-1,7,2,4,-1,0,6,0,0,7,0,4,1,-1,9,1,79,11,1598,2,7,SKODA OCTAVIA,9,-1,0,1
202417S213224,2024,17S213224,1,9,0,-1,1,1,5,-1,0,6,0,0,0,0,2,1,-1,1,1,37,7,1968,2,4,SKODA OCTAVIA,1,E01012036,0,2
2024320078331,2024,320078331,4,9,0,-1,-1,8,4,0,0,1,0,0,0,0,1,1,-1,-1,2,53,8,1498,1,5,SKODA OCTAVIA,4,E01026081,0,3
2024531456010,2024,531456010,2,9,0,-1,19,3,7,-1,0,6,0,0,0,0,1,1,-1,6,1,69,10,1498,1,5,SKODA OCTAVIA,3,E01027185,0,4
2024991517013,2024,991517013,1,9,0,-1,19,3,7,-1,0,0,0,0,0,0,1,1,-1,2,1,37,7,1598,2,6,SKODA OCTAVIA,-1,-1,0,-1
2024211459092,2024,211459092,2,8,0,-1,19,1,5,-1,0,1,0,0,0,0,1,1,-1,6,1,48,8,1598,2,10,SKODA OCTAVIA,1,E01014250,0,1
2024471493006,2024,471493006,1,9,0,-1,4,2,6,-1,0,0,0,0,0,0,1,1,-1,6,1,27,6,1896,2,19,SKODA OCTAVIA,1,E01031429,0,1
2024451464936,2024,451464936,2,9,0,-1,9,7,3,-1,0,6,0,0,0,0,3,1,-1,9,2,63,9,1598,2,12,SKODA OCTAVIA,10,E01030499,0,1
2024061422783,2024,061422783,1,8,0,-1,9,8,5,-1,0,3,0,0,0,0,1,1,-1,1,1,68,10,1598,2,12,SKODA OCTAVIA,1,E01005024,0,1
2024522403427,2024,522403427,3,9,0,3,3,4,8,0,0,0,0,0,0,0,2,1,6,6,2,28,6,1395,8,3,SKODA OCTAVIA,10,W01001500,0,4
2024201403815,2024,201403815,1,9,0,-1,19,8,4,-1,0,0,1,0,0,0,1,9,-1,9,1,-1,-1,1984,1,18,SKODA OCTAVIA,-1,-1,0,-1
2024471513628,2024,471513628,3,9,0,-1,2,0,0,-1,-1,0,0,0,0,0,4,1,-1,6,-1,-1,-1,1968,2,5,SKODA OCTAVIA,-1,-1,0,-1
2024041409102,2024,041409102,3,9,0,-1,2,0,0,-1,0,0,0,0,0,0,2,1,-1,6,-1,-1,-1,1598,2,12,SKODA OCTAVIA,-1,-1,0,-1
2024552400966,2024,552400966,1,9,0,2,2,0,0,0,0,0,0,0,0,0,3,1,6,6,2,42,7,1968,2,0,SKODA OCTAVIA,7,E01015370,0,1
2024440258680,2024,440258680,1,9,0,3,3,2,6,0,0,0,0,0,0,0,2,1,1,1,1,37,7,999,1,5,SKODA OCTAVIA,9,E01022683,0,3
2024041515334,2024,041515334,1,9,0,-1,19,7,3,-1,0,0,0,0,3,2,1,1,-1,1,1,60,9,1598,2,12,SKODA OCTAVIA,3,E01024952,0,1
2024442403872,2024,442403872,2,8,0,7,7,8,3,0,0,1,0,0,0,0,4,1,1,1,1,37,7,1598,2,6,SKODA OCTAVIA,1,E01017155,0,1
2024161535740,2024,161535740,3,9,0,-1,19,1,5,-1,0,2,0,0,0,0,3,1,-1,9,1,57,9,1598,1,18,SKODA OCTAVIA,2,E01033109,0,1
202417M119124,2024,17M119124,1,8,0,-1,19,7,3,-1,0,8,0,0,0,0,1,1,-1,1,1,46,8,1598,2,5,SKODA OCTAVIA,-1,-1,0,-1
2024311509825,2024,311509825,2,9,0,-1,1,4,4,-1,0,8,0,0,0,0,2,1,-1,6,1,-1,-1,1598,2,9,SKODA OCTAVIA,1,E01013484,0,3
2024211515253,2024,211515253,1,8,0,-1,1,1,1,-1,0,0,0,0,0,0,0,9,-1,1,1,23,5,1598,2,6,SKODA OCTAVIA,8,E01029416,0,3
2024010531420,2024,010531420,1,9,0,3,3,1,5,0,0,0,0,0,0,0,2,1,2,2,1,52,8,1395,1,8,SKODA OCTAVIA,9,E01023562,0,2
2024991444411,2024,991444411,1,9,0,-1,19,5,1,-1,0,1,0,0,0,0,4,1,-1,6,1,36,7,1598,2,5,SKODA OCTAVIA,7,-1,0,4
2024531496928,2024,531496928,2,9,0,-1,3,7,3,-1,0,1,0,0,0,0,2,1,-1,9,1,44,7,1968,2,13,SKODA OCTAVIA,10,E01022426,0,2
202417H105424,2024,17H105424,3,8,0,-1,2,0,0,-1,0,0,0,0,0,0,2,1,-1,9,1,-1,-1,999,1,0,SKODA OCTAVIA,-1,-1,0,-1
2024991497831,2024,991497831,1,8,0,-1,9,2,7,-1,0,8,0,0,0,0,1,1,-1,1,1,58,9,1968,2,4,SKODA OCTAVIA,2,-1,0,1
2024011513158,2024,011513158,5,9,0,-1,19,8,6,-1,0,8,0,0,0,0,0,1,-1,1,1,50,8,1984,1,10,SKODA OCTAVIA,-1,-1,0,-1
2024061433578,2024,061433578,1,9,0,-1,10,-1,-1,-1,0,2,0,0,0,0,2,1,-1,9,1,53,8,1598,2,15,SKODA OCTAVIA,1,E01005429,0,1
2024201486037,2024,201486037,1,9,0,-1,19,4,8,-1,0,0,0,10,7,0,1,1,-1,6,1,35,6,1984,1,18,SKODA OCTAVIA,1,E01034914,0,1
2024320091523,2024,320091523,1,8,0,7,7,7,1,0,0,2,0,0,0,0,1,1,1,1,1,35,6,1968,2,6,SKODA OCTAVIA,-1,-1,0,-1
2024520402562,2024,520402562,2,9,0,7,7,4,6,0,0,8,0,0,0,0,1,1,6,6,1,50,8,1598,2,7,SKODA OCTAVIA,8,E01013024,0,5
2024131414005,2024,131414005,3,9,0,-1,19,7,3,-1,0,0,0,0,0,0,0,1,-1,1,1,46,8,1984,1,1,SKODA OCTAVIA,6,E01011885,0,2
2024371402783,2024,371402783,1,9,-1,-1,-1,-1,-1,-1,-1,-1,-1,-1,-1,0,-1,9,-1,9,2,37,7,1598,2,14,SKODA OCTAVIA,5,E01022014,0,3
2024451480916,2024,451480916,1,9,0,-1,19,7,3,-1,0,0,0,0,0,0,1,1,-1,9,1,91,11,1984,1,22,SKODA OCTAVIA,10,E01030876,0,1
2024351534060,2024,351534060,2,9,0,-1,19,4,8,-1,0,1,0,0,0,0,1,1,-1,6,1,27,6,1598,2,11,SKODA OCTAVIA,2,E01017948,0,1
2024201448114,2024,201448114,3,9,0,-1,19,5,1,-1,0,0,0,0,0,0,2,1,-1,6,1,47,8,1598,2,10,SKODA OCTAVIA,1,E01009490,0,1
2024061414511,2024,061414511,1,8,-1,-1,1,-1,-1,-1,-1,0,0,0,0,0,2,9,-1,1,1,-1,-1,1598,2,7,SKODA OCTAVIA,-1,-1,0,-1
2024440226092,2024,440226092,1,9,0,13,13,2,6,0,0,0,0,0,0,0,2,1,6,6,1,29,6,1197,1,8,SKODA OCTAVIA,5,E01004882,0,5
2024430527698,2024,430527698,1,9,0,1,1,1,5,0,0,0,0,0,0,0,2,1,6,6,1,30,6,1498,8,0,SKODA OCTAVIA,-1,-1,0,-1
2024061450199,2024,061450199,2,9,-1,-1,-1,-1,-1,-1,-1,0,-1,-1,-1,0,-1,9,-1,6,1,44,7,1598,2,9,SKODA OCTAVIA,2,E01005027,0,3
2024451463661,2024,451463661,1,9,0,-1,9,7,3,-1,1,0,0,0,0,0,3,1,-1,6,1,56,9,1395,1,9,SKODA OCTAVIA,9,E01002978,0,3
2024340NN2432,2024,340NN2432,2,9,0,-1,19,1,5,-1,0,8,0,0,0,0,1,1,-1,6,2,56,9,999,8,0,SKODA OCTAVIA,10,E01027355,0,2
2024461415785,2024,461415785,1,9,0,-1,19,6,2,-1,0,0,0,0,0,0,0,9,-1,6,1,50,8,1968,2,6,SKODA OCTAVIA,6,E01035002,0,3
2024451520597,2024,451520597,1,9,0,-1,19,3,7,-1,0,1,0,0,0,0,1,1,-1,9,1,40,7,1395,1,7,SKODA OCTAVIA,7,E01030410,0,1
202460Q080241,2024,60Q080241,2,9,0,6,6,5,5,0,0,0,0,0,0,0,1,1,6,6,2,42,7,1598,2,9,SKODA OCTAVIA,-1,-1,0,-1
2024421408699,2024,421408699,3,9,0,-1,2,0,0,-1,0,0,0,0,0,0,2,1,-1,6,-1,-1,-1,1968,2,14,SKODA OCTAVIA,-1,-1,0,-1
202417S101824,2024,17S101824,1,8,0,9,9,7,5,0,0,6,0,0,0,0,1,1,1,1,1,57,9,1598,2,6,SKODA OCTAVIA,10,E01012303,0,2
2024340NN3762,2024,340NN3762,2,9,0,-1,19,7,3,-1,0,0,0,0,0,0,2,1,-1,9,2,51,8,1395,8,3,SKODA OCTAVIA,10,E01027086,0,1
2024041436826,2024,041436826,1,9,0,-1,9,5,1,-1,0,0,0,0,0,0,1,1,-1,9,1,68,10,1595,1,20,SKODA OCTAVIA,1,E01012643,0,1
2024520402658,2024,520402658,1,9,0,18,19,2,6,0,0,2,0,0,0,0,1,1,6,6,1,32,6,1968,2,10,SKODA OCTAVIA,2,E01029284,0,1
2024052401886,2024,052401886,3,9,0,18,19,1,5,0,0,1,0,0,0,0,2,1,6,6,1,60,9,1968,2,5,SKODA OCTAVIA,2,E01007047,0,1
2024131503615,2024,131503615,1,9,0,-1,19,7,3,-1,0,0,0,0,0,0,1,1,-1,6,3,-1,-1,1598,2,9,SKODA OCTAVIA,-1,-1,0,-1
2024010533543,2024,010533543,1,9,0,18,19,5,1,0,0,0,0,0,0,0,4,1,6,6,1,75,10,1798,1,13,SKODA OCTAVIA,5,E01002632,0,2