collision_index,collision_year,collision_ref_no,vehicle_reference,vehicle_type,towing_and_articulation,vehicle_manoeuvre_historic,vehicle_manoeuvre,vehicle_direction_from,vehicle_direction_to,vehicle_location_restricted_lane_historic,vehicle_location_restricted_lane,junction_location,skidding_and_overturning,hit_object_in_carriageway,vehicle_leaving_carriageway,hit_object_off_carriageway,first_point_of_impact,vehicle_left_hand_drive,journey_purpose_of_driver_historic,journey_purpose_of_driver,sex_of_driver,age_of_driver,age_band_of_driver,engine_capacity_cc,propulsion_code,age_of_vehicle,generic_make_model,driver_imd_decile,lsoa_of_driver,escooter_flag,driver_distance_banding
2024430314581,2024,430314581,1,9,0,9,9,4,2,0,0,1,0,0,0,0,2,1,2,2,1,40,7,1598,2,7,SKODA OCTAVIA,10,E01016689,0,1
2024461514316,2024,461514316,3,9,0,-1,4,3,7,-1,0,2,0,0,0,0,1,1,-1,1,1,27,6,1968,2,1,SKODA OCTAVIA,-1,-1,0,-1
2024471522446,2024,471522446,4,9,0,-1,19,7,3,-1,0,0,0,0,0,0,4,1,-1,2,1,47,8,1896,2,18,SKODA OCTAVIA,4,E01021076,0,3
2024991456189,2024,991456189,1,8,0,-1,9,5,3,-1,0,5,0,0,0,0,4,1,-1,9,1,57,9,1598,2,5,SKODA OCTAVIA,1,-1,0,2
2024351550265,2024,351550265,1,9,0,-1,7,4,5,-1,0,6,0,0,0,0,2,1,-1,6,2,61,9,1598,2,10,SKODA OCTAVIA,8,E01022529,0,5
2024471412150,2024,471412150,1,9,0,-1,19,2,6,-1,0,0,0,0,0,0,1,1,-1,6,1,59,9,1598,2,10,SKODA OCTAVIA,2,E01020911,0,1
2024131497430,2024,131497430,2,9,0,-1,19,1,5,-1,0,8,0,0,0,0,1,1,-1,1,1,60,9,1968,2,3,SKODA OCTAVIA,4,E01011933,0,2
2024522402006,2024,522402006,2,9,0,18,19,3,1,0,0,0,0,0,0,0,1,1,6,6,1,55,8,1968,2,11,SKODA OCTAVIA,7,E01014763,0,2
2024451527146,2024,451527146,2,9,0,-1,5,3,7,-1,-1,0,0,0,0,0,3,1,-1,1,1,44,7,1598,2,8,SKODA OCTAVIA,6,E01030464,0,4
2024522402998,2024,522402998,2,9,0,4,4,2,6,0,0,0,0,0,0,0,2,1,6,6,1,40,7,999,1,6,SKODA OCTAVIA,9,E01020158,0,5
2024010503547,2024,010503547,1,9,0,18,19,6,2,0,0,2,5,4,0,0,1,1,6,6,1,23,5,1595,1,13,SKODA OCTAVIA,7,E01035490,0,1
2024991505551,2024,991505551,1,8,0,-1,7,4,7,-1,0,4,0,0,0,0,3,2,-1,1,1,73,10,1598,2,6,SKODA OCTAVIA,7,-1,0,1
2024440216101,2024,440216101,1,9,0,9,9,5,3,0,0,8,0,0,0,0,2,1,1,1,1,24,5,999,1,4,SKODA OCTAVIA,8,E01017057,0,1
2024371406334,2024,371406334,1,9,0,-1,9,4,3,-1,0,1,1,0,0,0,1,1,-1,6,2,33,6,1984,1,14,SKODA OCTAVIA,5,E01030226,0,1
2024991406024,2024,991406024,1,8,0,-1,19,2,5,-1,0,8,0,0,0,0,1,1,-1,9,1,46,8,1598,2,8,SKODA OCTAVIA,1,-1,0,1
2024101485800,2024,101485800,2,8,0,-1,7,2,6,-1,0,0,0,0,0,0,4,1,-1,2,1,26,6,1598,2,6,SKODA OCTAVIA,-1,-1,0,-1
2024311479848,2024,311479848,3,9,0,-1,4,1,1,-1,0,1,0,0,0,0,0,1,-1,1,2,23,5,1598,2,4,SKODA OCTAVIA,-1,-1,0,-1
2024221407114,2024,221407114,2,9,0,-1,2,0,0,-1,0,0,0,0,0,0,2,9,-1,6,2,29,6,1598,2,5,SKODA OCTAVIA,3,E01009838,0,3
2024471516608,2024,471516608,1,9,0,-1,19,3,7,-1,0,0,0,2,1,1,1,1,-1,2,1,30,6,1598,2,9,SKODA OCTAVIA,2,E01021091,0,1
2024061456169,2024,061456169,1,9,0,-1,3,1,5,-1,0,5,0,0,0,0,2,1,-1,9,2,49,8,1984,1,8,SKODA OCTAVIA,9,E01005157,0,1
2024332400059,2024,332400059,3,9,0,-1,19,1,5,-1,0,8,0,0,0,0,0,1,-1,8,1,-1,-1,1498,1,1,SKODA OCTAVIA,5,E01025858,0,1
2024430055896,2024,430055896,1,8,0,18,19,3,7,0,0,0,1,0,0,0,1,1,6,6,1,22,5,1968,2,16,SKODA OCTAVIA,4,E01016439,0,2
2024010520892,2024,010520892,1,9,0,18,19,1,5,0,0,0,0,0,0,0,1,1,2,2,1,36,7,1395,1,8,SKODA OCTAVIA,4,E01002593,0,1
2024201497681,2024,201497681,1,9,0,-1,5,8,4,-1,0,1,0,0,0,0,1,1,-1,6,1,25,5,1984,1,7,SKODA OCTAVIA,2,E01009998,0,3
2024371445681,2024,371445681,4,9,0,-1,19,6,2,-1,0,2,0,0,1,0,1,1,-1,9,2,63,9,1498,1,4,SKODA OCTAVIA,6,E01026494,0,3
2024161424009,2024,161424009,1,9,0,-1,9,3,1,-1,0,2,0,0,0,0,1,1,-1,9,2,78,11,999,1,5,SKODA OCTAVIA,9,E01013260,0,1
2024061528500,2024,061528500,4,9,0,-1,19,5,1,-1,0,1,0,0,0,0,0,1,-1,1,1,29,6,1498,8,1,SKODA OCTAVIA,1,E01005091,0,2
2024070899819,2024,070899819,1,8,0,-1,19,7,3,-1,0,0,1,0,1,9,1,1,-1,9,1,26,6,1598,2,12,SKODA OCTAVIA,1,W01000239,0,4
2024311499647,2024,311499647,1,9,0,-1,8,2,2,-1,5,0,0,0,0,0,1,1,-1,9,2,66,10,999,8,1,SKODA OCTAVIA,2,E01028267,0,1
2024201484685,2024,201484685,5,9,0,-1,2,0,0,-1,0,0,0,0,0,0,1,1,-1,6,1,26,6,1968,2,4,SKODA OCTAVIA,1,E01034916,0,2
2024010548547,2024,010548547,1,9,0,18,19,5,1,0,0,0,0,0,0,0,0,1,6,6,1,33,6,1598,2,6,SKODA OCTAVIA,2,E01000526,0,2
2024302400927,2024,302400927,2,9,0,5,5,5,1,0,0,8,0,0,7,4,1,1,1,1,1,57,9,1498,8,0,SKODA OCTAVIA,5,E01019780,0,1
2024070593090,2024,070593090,1,9,0,18,19,6,2,0,0,0,0,0,0,0,4,1,6,6,2,54,8,1968,2,9,SKODA OCTAVIA,10,E01006084,0,1
2024141486769,2024,141486769,1,9,0,-1,5,5,1,-1,0,0,0,0,0,0,1,1,-1,1,1,48,8,1598,2,8,SKODA OCTAVIA,3,E01033268,0,2
2024451425585,2024,451425585,2,9,0,-1,7,8,4,-1,0,0,0,0,0,0,4,1,-1,9,1,58,9,1968,2,8,SKODA OCTAVIA,6,E01030631,0,1
2024141445285,2024,141445285,2,9,0,-1,19,8,4,-1,0,1,0,0,0,0,1,1,-1,6,1,57,9,1598,2,12,SKODA OCTAVIA,2,E01007871,0,1
2024531520811,2024,531520811,2,9,0,-1,19,4,8,-1,0,0,0,0,0,0,3,1,-1,9,1,36,7,1798,1,14,SKODA OCTAVIA,9,E01022174,0,3
2024061425375,2024,061425375,3,9,0,-1,2,0,0,-1,9,6,0,0,0,0,2,1,-1,6,-1,-1,-1,1598,2,7,SKODA OCTAVIA,-1,-1,0,-1
2024211467025,2024,211467025,1,9,0,-1,19,1,5,-1,0,1,0,0,0,0,1,1,-1,8,1,27,6,1968,2,1,SKODA OCTAVIA,-1,-1,0,-1
2024201499989,2024,201499989,2,9,0,-1,19,1,5,-1,0,0,0,0,0,0,1,1,-1,9,1,40,7,1968,2,17,SKODA OCTAVIA,3,E01009838,0,1
2024471480819,2024,471480819,2,9,0,-1,9,1,7,-1,0,6,0,0,0,0,9,2,-1,6,1,46,8,1598,2,12,SKODA OCTAVIA,2,E01012482,0,5
2024622400373,2024,622400373,2,9,0,18,19,8,4,0,0,1,0,0,0,0,1,1,6,6,1,51,8,1395,8,2,SKODA OCTAVIA,4,W01001710,0,1
2024101525324,2024,101525324,1,8,0,-1,19,6,7,-1,0,0,0,0,0,0,1,1,-1,1,1,34,6,1598,2,5,SKODA OCTAVIA,1,E01008398,0,2
2024461412688,2024,461412688,1,9,0,-1,19,5,1,-1,0,0,0,0,0,0,1,9,-1,6,1,42,7,1896,2,19,SKODA OCTAVIA,3,E01016171,0,2
2024302500283,2024,302500283,2,9,0,-1,19,7,3,-1,0,0,0,0,0,0,1,1,-1,9,1,35,6,1598,2,11,SKODA OCTAVIA,3,E01025294,0,4
2024471434933,2024,471434933,4,9,0,-1,4,7,3,-1,0,0,0,0,0,0,2,2,-1,1,1,62,9,999,1,2,SKODA OCTAVIA,7,E01031457,0,1
2024411476754,2024,411476754,1,9,0,-1,12,1,7,-1,0,1,0,0,0,0,3,1,-1,6,1,21,5,1984,1,6,SKODA OCTAVIA,2,E01023294,0,1
2024622400009,2024,622400009,2,9,0,2,2,0,0,0,0,1,0,0,0,0,1,1,6,6,3,-1,-1,1968,2,13,SKODA OCTAVIA,-1,-1,0,-1
2024531462858,2024,531462858,2,9,0,-1,19,5,1,-1,0,1,0,0,0,0,1,1,-1,9,2,47,8,1984,1,18,SKODA OCTAVIA,8,E01022413,0,1
2024440442203,2024,440442203,1,8,0,3,3,1,5,0,0,1,0,0,0,0,2,1,6,6,1,42,7,1598,2,9,SKODA OCTAVIA,6,E01022656,0,1
2024461461664,2024,461461664,4,9,0,-1,19,6,2,-1,0,0,0,0,0,0,2,1,-1,6,1,66,10,1598,2,5,SKODA OCTAVIA,9,W01000119,0,5
2024421525386,2024,421525386,3,9,0,-1,19,3,7,-1,0,0,0,0,0,0,4,1,-1,6,1,53,8,1968,2,1,SKODA OCTAVIA,9,E01021462,0,2
2024461426322,2024,461426322,1,9,0,-1,19,6,3,-1,0,0,0,0,0,0,1,9,-1,6,1,28,6,1968,2,15,SKODA OCTAVIA,2,E01024646,0,1
2024041424744,2024,041424744,2,9,0,-1,5,1,5,-1,0,6,0,0,0,0,4,1,-1,1,1,38,7,1598,2,9,SKODA OCTAVIA,1,E01025185,0,4
2024332400107,2024,332400107,1,9,0,-1,9,6,4,-1,0,4,0,0,0,0,3,1,-1,1,2,29,6,1498,1,2,SKODA OCTAVIA,1,E01013619,0,1
2024991442622,2024,991442622,2,8,0,-1,5,1,3,-1,0,1,0,0,0,0,2,1,-1,1,1,44,7,1968,2,9,SKODA OCTAVIA,-1,-1,0,-1
2024991414372,2024,991414372,1,8,0,-1,19,7,3,-1,0,0,0,0,0,0,1,1,-1,1,1,60,9,999,8,0,SKODA OCTAVIA,1,-1,0,2
2024471493006,2024,471493006,2,9,0,-1,3,2,6,-1,0,0,0,0,0,0,2,1,-1,6,1,48,8,1968,2,10,SKODA OCTAVIA,2,E01031790,0,3
2024991423657,2024,991423657,1,9,0,-1,5,3,8,-1,0,6,0,0,0,0,1,1,-1,6,1,60,9,1598,2,5,SKODA OCTAVIA,-1,-1,0,-1
2024061458369,2024,061458369,2,9,0,-1,19,5,6,-1,0,1,0,0,0,0,1,1,-1,9,1,53,8,1798,1,13,SKODA OCTAVIA,8,E01004984,0,3
2024231416189,2024,231416189,2,9,0,-1,19,2,6,-1,0,8,0,0,0,0,4,1,-1,1,1,43,7,1498,1,4,SKODA OCTAVIA,1,E01009401,0,4
2024351528741,2024,351528741,2,9,0,-1,9,2,7,-1,0,1,1,0,0,0,4,1,-1,9,2,80,11,1390,1,12,SKODA OCTAVIA,6,E01034437,0,1
2024161478011,2024,161478011,3,9,0,-1,19,2,6,-1,0,0,0,0,0,0,0,1,-1,1,1,34,6,1984,1,1,SKODA OCTAVIA,10,E01013090,0,3
2024991534068,2024,991534068,2,9,0,-1,8,1,4,-1,0,1,0,0,0,0,2,1,-1,1,1,53,8,1598,2,4,SKODA OCTAVIA,7,-1,0,1
2024421517990,2024,421517990,1,9,0,-1,9,4,1,-1,0,3,0,0,0,0,3,1,-1,6,1,58,9,1598,2,6,SKODA OCTAVIA,4,E01021374,0,1
2024131441289,2024,131441289,1,9,0,-1,9,5,3,-1,0,5,0,0,0,0,4,1,-1,1,1,39,7,1598,2,7,SKODA OCTAVIA,2,E01010983,0,1
202460Q174182,2024,60Q174182,1,9,0,5,5,4,8,0,0,2,0,0,0,0,0,1,1,1,1,-1,-1,1598,2,4,SKODA OCTAVIA,-1,-1,0,-1
2024440205511,2024,440205511,3,9,0,18,19,3,7,0,0,1,0,0,0,0,1,1,1,1,1,44,7,1968,2,7,SKODA OCTAVIA,8,E01022952,0,2
2024440454466,2024,440454466,1,9,0,9,9,2,7,0,0,8,0,0,0,0,1,1,6,6,1,48,8,1968,2,17,SKODA OCTAVIA,6,E01022700,0,2
2024201476209,2024,201476209,2,9,0,-1,19,7,3,-1,0,0,0,0,0,0,1,1,-1,9,1,34,6,1896,2,14,SKODA OCTAVIA,-1,-1,0,-1
2024061417948,2024,061417948,1,9,0,-1,19,1,1,-1,0,1,0,0,0,0,2,2,-1,6,3,30,6,1896,2,15,SKODA OCTAVIA,-1,-1,0,-1
2024061515662,2024,061515662,1,9,0,-1,12,8,5,-1,0,0,0,0,0,0,3,1,-1,6,1,34,6,1598,2,9,SKODA OCTAVIA,2,E01032906,0,1
2024101523287,2024,101523287,2,9,0,-1,3,2,6,-1,0,0,0,0,0,0,2,1,-1,6,1,37,7,1968,2,10,SKODA OCTAVIA,2,E01008477,0,2
2024471403176,2024,471403176,1,9,0,-1,19,8,6,-1,0,8,0,0,0,0,4,1,-1,9,1,36,7,1598,2,9,SKODA OCTAVIA,2,E01031456,0,3
2024531485218,2024,531485218,1,9,0,-1,5,3,7,-1,0,6,0,0,0,0,4,1,-1,9,1,68,10,1896,2,15,SKODA OCTAVIA,4,E01022228,0,1
2024501456541,2024,501456541,3,9,0,-1,19,3,3,-1,0,2,0,0,0,0,1,1,-1,6,1,73,10,1968,2,11,SKODA OCTAVIA,9,E01020158,0,2
2024361452646,2024,361452646,2,9,0,-1,4,6,3,-1,0,0,0,0,0,0,4,1,-1,9,1,77,11,1968,2,1,SKODA OCTAVIA,2,E01026633,0,3
2024131451359,2024,131451359,2,8,0,-1,9,1,5,-1,0,8,0,0,0,0,1,1,-1,1,1,38,7,1598,2,6,SKODA OCTAVIA,3,E01011606,0,3
2024041442405,2024,041442405,1,9,0,-1,2,-1,-1,-1,0,0,0,0,0,0,-1,9,-1,1,1,43,7,1598,2,6,SKODA OCTAVIA,1,E01025215,0,3
2024471470441,2024,471470441,1,9,0,-1,5,1,2,-1,0,1,0,0,0,0,1,1,-1,9,1,77,11,999,1,6,SKODA OCTAVIA,6,E01031798,0,1
2024622400589,2024,622400589,1,9,0,18,19,2,6,0,0,1,0,0,0,0,1,1,6,6,2,33,6,1498,1,5,SKODA OCTAVIA,1,W01001874,0,1
2024131453496,2024,131453496,1,9,0,-1,19,7,3,-1,0,0,0,0,0,0,1,1,-1,6,3,-1,-1,1598,2,6,SKODA OCTAVIA,-1,-1,0,-1
2024111403641,2024,111403641,1,9,0,-1,19,5,3,-1,0,2,0,0,0,0,1,1,-1,6,1,30,6,1598,2,4,SKODA OCTAVIA,4,E01020783,0,1
2024141418989,2024,141418989,1,9,0,-1,3,7,3,-1,0,0,0,0,0,0,1,1,-1,6,1,51,8,1968,2,5,SKODA OCTAVIA,1,E01008103,0,1
2024332400460,2024,332400460,1,9,0,-1,19,6,2,-1,0,8,0,0,0,0,1,1,-1,1,1,-1,-1,1498,1,2,SKODA OCTAVIA,5,E01025858,0,3
2024991495504,2024,991495504,3,8,0,-1,3,3,7,-1,0,2,0,0,0,0,2,1,-1,9,1,60,9,1598,2,5,SKODA OCTAVIA,3,-1,0,1
2024991413491,2024,991413491,2,9,0,-1,19,7,3,-1,0,0,0,0,1,0,1,1,-1,1,1,56,9,1598,2,10,SKODA OCTAVIA,4,-1,0,1
2024610025224,2024,610025224,3,9,0,2,2,0,0,0,0,4,0,0,0,0,4,1,1,1,3,-1,-1,1984,1,9,SKODA OCTAVIA,8,W01001003,0,4
2024421512620,2024,421512620,2,8,0,-1,3,-1,-1,-1,0,1,0,0,0,0,4,1,-1,1,1,44,7,1598,2,9,SKODA OCTAVIA,9,E01015893,0,1
2024440512585,2024,440512585,2,9,0,18,19,2,6,0,0,1,0,0,0,0,2,1,2,2,2,37,7,1968,2,8,SKODA OCTAVIA,9,E01032012,0,4
2024061531335,2024,061531335,1,9,0,-1,5,3,7,-1,0,0,0,0,0,0,1,1,-1,1,1,41,7,1395,7,7,SKODA OCTAVIA,2,E01005890,0,2
2024522402005,2024,522402005,1,9,0,9,9,1,7,0,0,5,0,0,0,0,3,1,6,6,1,31,6,1968,2,8,SKODA OCTAVIA,10,E01022350,0,4
2024451487943,2024,451487943,2,9,0,-1,19,5,1,-1,0,0,0,0,0,0,2,1,-1,2,1,36,7,1498,1,6,SKODA OCTAVIA,10,E01030627,0,3
2024471426517,2024,471426517,1,9,0,-1,19,2,6,-1,0,8,0,0,0,0,1,1,-1,9,2,20,4,1896,2,17,SKODA OCTAVIA,1,E01020995,0,4
2024440459898,2024,440459898,1,9,0,18,19,3,7,0,0,0,0,0,0,0,1,1,1,1,1,60,9,1598,2,7,SKODA OCTAVIA,9,E01022743,0,2
2024320423397,2024,320423397,2,9,0,4,4,6,2,0,0,0,0,12,0,0,2,1,1,1,2,37,7,1598,2,6,SKODA OCTAVIA,4,E01026230,0,3
2024531426948,2024,531426948,2,9,0,-1,19,5,1,-1,0,1,0,0,0,0,1,1,-1,6,1,70,10,1498,1,0,SKODA OCTAVIA,6,E01022249,0,3
2024501491154,2024,501491154,3,9,0,-1,19,1,5,-1,0,1,0,0,0,0,1,1,-1,2,1,63,9,1968,2,14,SKODA OCTAVIA,6,E01020179,0,2
2024131423164,2024,131423164,2,9,0,-1,3,5,1,-1,0,1,0,0,0,0,1,1,-1,6,1,61,9,1598,2,14,SKODA OCTAVIA,2,E01011805,0,1
2024111462082,2024,111462082,1,8,0,-1,7,4,7,-1,0,0,0,0,0,0,1,1,-1,6,1,30,6,1598,2,8,SKODA OCTAVIA,-1,-1,0,-1
2024161474348,2024,161474348,2,8,0,-1,19,1,5,-1,0,1,0,0,0,0,0,9,-1,1,1,40,7,1598,2,5,SKODA OCTAVIA,8,E01013189,0,1
2024061458214,2024,061458214,2,9,0,-1,19,1,5,-1,0,6,0,0,0,0,1,1,-1,1,2,29,6,1498,1,5,SKODA OCTAVIA,1,E01034113,0,1
2024421485430,2024,421485430,1,9,0,-1,19,3,7,-1,0,1,0,0,0,0,1,1,-1,9,2,63,9,1896,2,14,SKODA OCTAVIA,4,E01022048,0,1
2024461398997,2024,461398997,2,9,0,-1,2,0,0,-1,0,0,0,0,0,0,2,1,-1,6,-1,-1,-1,1390,1,15,SKODA OCTAVIA,-1,-1,0,-1
2024451522841,2024,451522841,1,9,0,-1,3,5,1,-1,0,0,0,0,0,0,2,1,-1,9,1,48,8,1598,2,4,SKODA OCTAVIA,7,E01030423,0,4
2024010501137,2024,010501137,2,9,0,99,99,9,9,99,99,9,9,99,9,99,0,9,6,6,3,-1,-1,1395,1,9,SKODA OCTAVIA,-1,-1,0,-1
2024440550510,2024,440550510,1,9,0,18,19,4,8,0,0,0,0,0,0,0,1,1,6,6,2,45,7,1395,1,9,SKODA OCTAVIA,6,E01022919,0,2
2024010530204,2024,010530204,1,9,0,4,4,1,5,0,0,1,0,0,0,0,1,1,6,6,2,78,11,1498,1,6,SKODA OCTAVIA,7,E01031661,0,4
2024211469995,2024,211469995,1,9,0,-1,19,2,6,-1,0,0,0,0,0,0,1,1,-1,6,2,76,11,1984,1,16,SKODA OCTAVIA,6,E01029853,0,1
2024201437655,2024,201437655,1,8,0,-1,7,8,2,-1,0,6,0,0,0,0,1,9,-1,6,1,59,9,1598,2,8,SKODA OCTAVIA,-1,-1,0,-1
2024201430179,2024,201430179,2,8,0,-1,2,0,0,-1,0,0,0,0,0,0,3,1,-1,1,1,43,7,1595,1,13,SKODA OCTAVIA,6,E01009926,0,1
2024041396434,2024,041396434,2,9,0,-1,19,5,1,-1,0,1,0,0,0,0,2,1,-1,9,1,54,8,1598,2,9,SKODA OCTAVIA,1,E01025184,0,1
2024440427842,2024,440427842,1,9,0,18,19,2,6,0,0,0,1,0,0,0,0,1,1,1,2,40,7,1390,1,12,SKODA OCTAVIA,1,E01017331,0,1
2024440275291,2024,440275291,2,9,0,18,19,3,7,0,0,8,0,0,0,0,4,1,1,1,1,49,8,1968,2,5,SKODA OCTAVIA,4,E01017081,0,1
202454B979624,2024,54B979624,2,9,0,4,4,5,1,0,0,0,0,0,0,0,2,1,6,6,2,47,8,1968,2,8,SKODA OCTAVIA,5,E01015505,0,1
2024440151969,2024,440151969,1,9,0,18,19,5,1,0,0,0,0,0,0,0,1,1,2,2,1,43,7,1598,2,10,SKODA OCTAVIA,4,E01022542,0,1
2024101437224,2024,101437224,1,9,0,-1,19,1,5,-1,0,0,0,0,0,0,1,2,-1,9,1,37,7,1598,2,8,SKODA OCTAVIA,1,E01008398,0,1
2024610037024,2024,610037024,1,9,0,3,3,1,5,0,0,8,0,0,0,0,2,1,6,6,1,-1,-1,1968,2,7,SKODA OCTAVIA,2,E01017216,0,5
2024991503009,2024,991503009,1,8,0,-1,2,8,6,-1,0,1,0,10,0,0,1,1,-1,1,1,37,7,1598,2,11,SKODA OCTAVIA,-1,-1,0,-1
2024141476255,2024,141476255,1,9,0,-1,4,5,1,-1,0,1,0,0,0,0,2,1,-1,9,1,38,7,1968,2,7,SKODA OCTAVIA,8,E01007987,0,2
2024361480103,2024,361480103,2,9,-1,-1,19,8,4,-1,0,8,0,0,0,0,1,1,-1,6,2,55,8,1598,2,13,SKODA OCTAVIA,5,E01026715,0,1
2024552400783,2024,552400783,3,9,0,18,19,1,5,0,0,8,0,0,0,0,1,1,6,6,1,51,8,1968,2,19,SKODA OCTAVIA,4,E01020427,0,1
2024131462343,2024,131462343,2,9,0,-1,10,7,3,-1,0,0,0,0,0,0,2,1,-1,6,1,31,6,1498,1,5,SKODA OCTAVIA,3,E01011225,0,1
2024111404740,2024,111404740,1,8,0,-1,19,6,1,-1,0,1,0,0,0,0,1,1,-1,1,1,60,9,1968,2,11,SKODA OCTAVIA,3,E01020658,0,3
2024552400925,2024,552400925,2,9,0,3,3,4,8,0,0,0,0,0,0,0,1,1,6,6,2,64,9,999,1,2,SKODA OCTAVIA,8,E01015297,0,1
2024451455533,2024,451455533,2,9,0,-1,19,1,5,-1,0,1,0,0,1,11,1,1,-1,1,1,42,7,999,1,5,SKODA OCTAVIA,7,E01003820,0,2
2024131478917,2024,131478917,3,9,0,-1,3,8,2,-1,0,0,0,0,0,0,2,1,-1,6,1,37,7,1968,2,10,SKODA OCTAVIA,3,E01011125,0,1
2024471470941,2024,471470941,3,9,0,-1,19,4,8,-1,0,0,0,0,1,0,1,1,-1,6,2,52,8,1390,1,12,SKODA OCTAVIA,9,E01030558,0,3
2024101515140,2024,101515140,1,9,0,-1,1,5,1,-1,0,0,0,0,0,0,2,1,-1,9,1,54,8,1896,2,14,SKODA OCTAVIA,6,E01008574,0,1
2024361452883,2024,361452883,2,9,0,-1,4,5,1,-1,0,0,0,0,0,0,2,1,-1,6,1,67,10,1984,1,5,SKODA OCTAVIA,6,E01018247,0,4
2024302401769,2024,302401769,1,9,0,-1,7,1,2,-1,0,8,0,0,0,0,1,1,-1,6,1,68,10,1968,2,11,SKODA OCTAVIA,6,E01029398,0,4
2024221485796,2024,221485796,2,9,0,-1,19,3,7,-1,0,8,0,0,0,0,4,1,-1,6,1,58,9,1896,2,15,SKODA OCTAVIA,5,E01032214,0,1
2024552401356,2024,552401356,2,9,0,2,2,0,0,0,0,0,0,0,0,0,1,1,6,6,1,21,5,1896,2,15,SKODA OCTAVIA,1,E01015307,0,1
2024061488449,2024,061488449,2,8,0,-1,11,-1,-1,-1,0,1,0,0,0,0,4,1,-1,6,3,-1,-1,1598,2,5,SKODA OCTAVIA,-1,-1,0,-1
2024421417260,2024,421417260,1,8,0,-1,-1,-1,-1,-1,-1,0,-1,-1,-1,0,-1,9,-1,6,3,-1,-1,1395,1,7,SKODA OCTAVIA,-1,-1,0,-1
2024010537959,2024,010537959,2,9,0,3,3,4,8,0,0,1,0,0,0,0,1,1,6,6,1,23,5,1896,2,15,SKODA OCTAVIA,3,E01003498,0,1
2024440552645,2024,440552645,3,9,0,3,3,2,7,0,0,0,0,0,0,0,2,1,1,1,1,66,10,1968,2,2,SKODA OCTAVIA,7,E01031543,0,2
2024991485243,2024,991485243,1,8,0,-1,19,7,3,-1,0,0,0,0,0,0,1,1,-1,1,1,59,9,999,8,0,SKODA OCTAVIA,-1,-1,0,-1
2024522401976,2024,522401976,1,9,0,18,19,8,4,0,0,2,0,0,0,0,4,1,6,6,1,46,8,1896,2,21,SKODA OCTAVIA,2,E01014497,0,1
2024101416170,2024,101416170,1,8,0,-1,4,1,5,-1,0,8,0,0,0,0,3,1,-1,6,1,-1,-1,1598,2,8,SKODA OCTAVIA,-1,-1,0,-1
2024351460248,2024,351460248,1,9,0,-1,12,6,1,-1,0,7,1,0,0,0,1,1,-1,6,2,64,9,1598,2,11,SKODA OCTAVIA,8,E01026895,0,4
2024471494317,2024,471494317,1,9,0,-1,19,1,5,-1,0,0,0,0,0,0,4,1,-1,9,1,83,11,1598,1,18,SKODA OCTAVIA,6,E01031440,0,1
2024461522956,2024,461522956,1,9,0,-1,4,6,2,-1,0,2,1,0,0,0,1,1,-1,6,1,28,6,1598,2,11,SKODA OCTAVIA,3,E01016022,0,1
2024211420826,2024,211420826,1,8,0,-1,5,6,2,-1,0,0,0,0,0,0,2,9,-1,1,1,58,9,1968,2,9,SKODA OCTAVIA,1,E01014286,0,1
2024361442788,2024,361442788,1,9,0,-1,19,1,7,-1,0,0,0,0,7,0,1,1,-1,9,1,76,11,1395,1,6,SKODA OCTAVIA,7,E01024302,0,5
2024161415594,2024,161415594,1,9,0,-1,19,8,4,-1,0,1,0,0,0,0,1,1,-1,6,1,58,9,1984,1,14,SKODA OCTAVIA,1,E01012879,0,1
2024010508947,2024,010508947,2,9,0,99,99,9,9,99,99,9,9,99,9,99,1,9,6,6,3,78,11,1395,8,3,SKODA OCTAVIA,9,E01004179,0,1
2024061474689,2024,061474689,2,9,0,-1,19,1,1,-1,0,0,0,0,0,0,2,2,-1,6,2,50,8,1395,8,1,SKODA OCTAVIA,8,E01006133,0,3
2024311479848,2024,311479848,4,9,0,-1,19,1,5,-1,0,1,0,0,0,0,0,1,-1,1,1,33,6,1598,2,3,SKODA OCTAVIA,3,E01028062,0,3
2024010531336,2024,010531336,7,9,0,2,2,0,0,0,0,0,0,0,0,0,3,1,6,6,3,-1,-1,1968,2,12,SKODA OCTAVIA,-1,-1,0,-1
2024041543658,2024,041543658,1,9,0,-1,5,1,5,-1,0,0,0,0,0,0,4,1,-1,6,1,-1,-1,1968,2,5,SKODA OCTAVIA,1,E01024875,0,1
2024221528740,2024,221528740,3,9,0,-1,19,8,6,-1,0,0,0,0,7,0,1,9,-1,1,1,53,8,1498,1,0,SKODA OCTAVIA,8,W01001626,0,4
2024041442933,2024,041442933,2,9,0,-1,3,5,1,-1,0,1,0,0,0,0,2,1,-1,9,1,35,6,1798,1,9,SKODA OCTAVIA,1,E01012640,0,3
2024440049445,2024,440049445,1,9,0,18,19,5,1,0,0,8,0,0,0,0,2,1,6,6,2,56,9,1968,2,8,SKODA OCTAVIA,2,E01017051,0,1
2024201516157,2024,201516157,2,9,0,-1,9,3,2,-1,0,6,0,10,7,11,3,1,-1,6,1,77,11,1395,8,1,SKODA OCTAVIA,2,E01010442,0,1
2024041423384,2024,041423384,1,9,0,-1,9,1,5,-1,0,8,0,0,0,0,1,1,-1,1,1,33,6,1598,2,8,SKODA OCTAVIA,2,E01024893,0,1
2024010531195,2024,010531195,3,9,0,9,9,5,3,9,9,6,0,0,1,0,4,1,6,6,1,19,4,1984,1,7,SKODA OCTAVIA,5,E01002024,0,2