collision_index,collision_year,collision_ref_no,vehicle_reference,vehicle_type,towing_and_articulation,vehicle_manoeuvre_historic,vehicle_manoeuvre,vehicle_direction_from,vehicle_direction_to,vehicle_location_restricted_lane_historic,vehicle_location_restricted_lane,junction_location,skidding_and_overturning,hit_object_in_carriageway,vehicle_leaving_carriageway,hit_object_off_carriageway,first_point_of_impact,vehicle_left_hand_drive,journey_purpose_of_driver_historic,journey_purpose_of_driver,sex_of_driver,age_of_driver,age_band_of_driver,engine_capacity_cc,propulsion_code,age_of_vehicle,generic_make_model,driver_imd_decile,lsoa_of_driver,escooter_flag,driver_distance_banding
2024141464890,2024,141464890,1,9,0,-1,19,3,7,-1,0,0,0,0,0,0,1,1,-1,2,1,55,8,1984,1,1,SKODA OCTAVIA,9,E01019632,0,4
2024041419291,2024,041419291,2,9,0,-1,19,1,5,-1,0,1,0,11,0,0,1,1,-1,1,1,30,6,1598,2,10,SKODA OCTAVIA,1,E01025042,0,1
2024201456006,2024,201456006,1,9,0,-1,19,3,7,-1,0,8,0,0,0,0,4,1,-1,6,1,25,5,1968,2,9,SKODA OCTAVIA,1,E01013960,0,4
2024552400913,2024,552400913,2,9,0,10,10,8,4,0,0,1,0,0,0,0,2,1,6,6,2,79,11,1896,2,14,SKODA OCTAVIA,7,E01022713,0,4
2024231462083,2024,231462083,2,9,0,-1,19,6,2,-1,0,8,0,0,7,0,4,9,-1,6,1,66,10,1968,2,11,SKODA OCTAVIA,6,E01029821,0,1
2024061427371,2024,061427371,2,9,0,-1,19,3,7,-1,0,0,0,0,0,0,2,1,-1,1,1,50,8,1598,2,6,SKODA OCTAVIA,2,E01034110,0,1
2024302401600,2024,302401600,3,9,0,18,19,7,3,0,0,7,0,0,0,0,1,1,2,2,1,46,8,1598,2,8,SKODA OCTAVIA,1,E01013817,0,3
2024430269097,2024,430269097,2,8,0,4,4,3,7,0,0,0,0,0,0,0,3,1,1,1,1,28,6,1968,2,7,SKODA OCTAVIA,6,E01028437,0,1
2024231486344,2024,231486344,1,9,0,-1,19,6,2,-1,0,0,0,0,1,1,1,1,-1,6,1,50,8,1984,1,11,SKODA OCTAVIA,6,E01005961,0,5
2024421532335,2024,421532335,2,9,0,-1,19,1,5,-1,0,0,0,0,0,0,1,1,-1,6,1,71,10,1598,2,8,SKODA OCTAVIA,6,E01021398,0,4
2024461508456,2024,461508456,1,9,0,-1,4,1,4,-1,0,0,0,0,0,0,2,1,-1,9,1,64,9,1968,2,8,SKODA OCTAVIA,8,E01016169,0,1
2024231417601,2024,231417601,2,9,0,-1,19,8,4,-1,0,8,0,0,0,0,4,1,-1,2,1,39,7,1395,1,11,SKODA OCTAVIA,7,E01031188,0,1
2024201478424,2024,201478424,2,9,0,-1,10,6,5,-1,0,1,0,0,0,0,2,1,-1,1,1,41,7,1968,2,13,SKODA OCTAVIA,3,E01009857,0,1
2024351455208,2024,351455208,1,8,-1,-1,-1,-1,-1,-1,-1,0,-1,-1,-1,0,-1,9,-1,6,1,51,8,1968,2,8,SKODA OCTAVIA,2,E01015604,0,1
2024010547881,2024,010547881,2,9,0,99,99,9,9,99,99,9,9,99,9,99,2,9,6,6,3,31,6,1395,1,9,SKODA OCTAVIA,2,E01001577,0,1
2024351469604,2024,351469604,2,9,0,-1,19,7,3,-1,0,8,0,0,1,0,1,1,-1,6,1,60,9,1896,2,15,SKODA OCTAVIA,7,E01018217,0,3
2024041419449,2024,041419449,3,9,0,-1,3,5,1,-1,0,0,0,0,0,0,2,1,-1,9,1,23,5,1896,2,16,SKODA OCTAVIA,1,E01012744,0,1
2024010517797,2024,010517797,6,9,0,-1,-1,7,3,0,0,1,0,0,0,0,1,2,1,1,1,34,6,1395,8,0,SKODA OCTAVIA,2,E01002368,0,3
2024340WN0362,2024,340WN0362,1,9,0,-1,19,5,2,-1,0,0,0,0,0,0,1,1,-1,9,1,37,7,1598,2,4,SKODA OCTAVIA,5,E01027061,0,4
2024440390884,2024,440390884,1,9,0,3,3,4,8,0,0,1,0,0,0,0,2,1,6,6,1,24,5,1984,1,17,SKODA OCTAVIA,1,E01017332,0,1
2024351537186,2024,351537186,2,9,0,-1,9,7,5,-1,0,0,0,0,0,0,3,1,-1,1,1,50,8,1598,2,6,SKODA OCTAVIA,3,E01017978,0,2
2024471482647,2024,471482647,2,9,0,-1,19,1,5,-1,0,0,0,0,0,0,1,1,-1,6,1,33,6,1968,2,9,SKODA OCTAVIA,7,E01007992,0,5
2024461461664,2024,461461664,1,9,0,-1,19,6,2,-1,0,0,0,0,0,0,1,1,-1,6,1,54,8,1498,8,0,SKODA OCTAVIA,7,E01033927,0,4
2024501494468,2024,501494468,1,9,0,-1,19,2,6,-1,0,2,0,0,0,0,4,1,-1,6,1,76,11,1498,1,4,SKODA OCTAVIA,2,E01020216,0,1
2024461576544,2024,461576544,2,9,0,-1,19,2,6,-1,0,0,0,0,4,6,4,1,-1,9,2,66,10,1598,2,10,SKODA OCTAVIA,7,E01031460,0,4
2024501438463,2024,501438463,2,9,0,-1,3,3,7,-1,0,1,0,0,0,0,2,1,-1,6,2,64,9,1598,2,14,SKODA OCTAVIA,3,E01015143,0,1
202454D979724,2024,54D979724,2,9,0,8,8,7,1,0,0,1,0,0,0,0,2,1,2,2,2,56,9,1598,2,12,SKODA OCTAVIA,8,E01031904,0,1
2024471509668,2024,471509668,1,9,0,-1,19,7,3,-1,0,0,1,0,1,0,1,1,-1,9,2,33,6,1598,2,11,SKODA OCTAVIA,9,E01031630,0,1
2024340WN3972,2024,340WN3972,2,9,0,-1,19,4,8,-1,0,8,0,0,0,0,4,1,-1,1,1,-1,-1,1498,1,2,SKODA OCTAVIA,7,E01026991,0,3
202417L308824,2024,17L308824,1,9,0,-1,19,5,1,-1,0,0,0,0,0,0,4,1,-1,9,1,25,5,1968,2,10,SKODA OCTAVIA,9,E01012179,0,1
2024101458193,2024,101458193,2,9,0,-1,19,3,7,-1,0,0,0,0,0,0,1,1,-1,9,1,29,6,1968,2,6,SKODA OCTAVIA,9,E01028748,0,5
2024061448465,2024,061448465,1,9,0,-1,19,5,1,-1,0,1,0,0,0,0,1,1,-1,1,1,41,7,1598,2,9,SKODA OCTAVIA,1,E01006306,0,1
2024421514929,2024,421514929,2,9,0,-1,19,1,5,-1,0,0,0,0,0,0,1,1,-1,1,3,-1,-1,999,8,1,SKODA OCTAVIA,-1,-1,0,-1
2024552401252,2024,552401252,2,9,0,2,2,0,0,0,0,0,0,0,0,0,2,1,6,6,3,-1,-1,1598,2,14,SKODA OCTAVIA,-1,-1,0,-1
2024320769192,2024,320769192,3,8,0,-1,-1,1,5,0,0,0,0,0,0,0,2,1,1,1,1,45,7,1598,2,9,SKODA OCTAVIA,2,E01026378,0,1
2024061535745,2024,061535745,3,9,0,-1,19,5,1,-1,0,0,0,0,0,0,0,1,-1,1,1,29,6,1498,8,1,SKODA OCTAVIA,-1,-1,0,-1
2024522401249,2024,522401249,5,9,0,18,19,6,2,0,0,0,0,0,0,0,1,1,6,6,1,56,9,1968,2,2,SKODA OCTAVIA,8,E01014918,0,3
2024552400476,2024,552400476,2,9,0,7,7,6,7,0,0,5,0,0,0,0,4,1,6,6,2,34,6,1598,2,10,SKODA OCTAVIA,6,E01015286,0,1
2024161423056,2024,161423056,2,9,0,-1,19,3,7,-1,0,8,0,0,0,0,1,1,-1,9,1,60,9,1498,1,6,SKODA OCTAVIA,5,E01007644,0,4
2024141400147,2024,141400147,2,9,0,-1,19,7,1,-1,0,1,0,0,0,0,1,9,-1,6,1,71,10,1968,2,10,SKODA OCTAVIA,1,E01007643,0,1
2024991481574,2024,991481574,1,9,0,-1,19,1,5,-1,0,0,0,0,1,4,1,1,-1,9,1,56,9,1598,2,11,SKODA OCTAVIA,4,-1,0,2
2024031526391,2024,031526391,1,9,0,-1,19,5,1,-1,0,0,1,0,7,0,1,1,-1,2,1,62,9,1968,2,6,SKODA OCTAVIA,7,-1,0,3
2024131513618,2024,131513618,2,9,0,-1,3,5,1,-1,0,1,0,0,0,0,2,1,-1,6,1,31,6,1968,2,4,SKODA OCTAVIA,1,E01007402,0,4
2024221417120,2024,221417120,2,9,0,-1,19,2,6,-1,0,0,0,0,0,0,1,9,-1,6,2,84,11,1390,1,14,SKODA OCTAVIA,5,E01014017,0,2
2024991454225,2024,991454225,3,9,0,-1,19,5,1,-1,0,1,0,0,0,0,1,1,-1,2,1,37,7,1968,2,7,SKODA OCTAVIA,5,-1,0,3
2024111409297,2024,111409297,2,9,0,-1,7,7,5,-1,0,8,0,9,7,0,4,1,-1,2,1,29,6,1968,2,7,SKODA OCTAVIA,9,E01012346,0,1
2024041484749,2024,041484749,1,9,0,-1,7,3,7,-1,0,1,0,0,0,0,4,1,-1,9,1,40,7,1968,2,18,SKODA OCTAVIA,1,E01008333,0,5
2024041493117,2024,041493117,1,9,0,-1,2,5,1,-1,0,0,0,0,0,0,0,1,-1,1,1,28,6,1598,2,9,SKODA OCTAVIA,3,E01025094,0,1
2024440057047,2024,440057047,2,8,0,9,9,4,1,0,0,8,0,0,0,0,3,1,1,1,1,46,8,1598,2,5,SKODA OCTAVIA,1,E01017120,0,2
2024061417082,2024,061417082,2,9,-1,-1,-1,-1,-1,-1,-1,0,-1,-1,-1,0,-1,9,-1,6,3,40,7,1968,2,13,SKODA OCTAVIA,4,E01005300,0,2
2024041467425,2024,041467425,2,9,0,-1,9,5,1,-1,0,5,0,0,0,0,4,1,-1,1,1,46,8,1598,2,9,SKODA OCTAVIA,4,E01025276,0,1
2024010501622,2024,010501622,2,9,0,16,19,1,5,0,0,0,1,0,1,9,1,1,6,6,1,30,6,1984,1,5,SKODA OCTAVIA,4,E01002622,0,1
2024311518938,2024,311518938,2,9,0,-1,9,5,1,-1,0,1,1,0,5,0,1,1,-1,9,1,34,6,1968,2,10,SKODA OCTAVIA,1,E01011864,0,4
2024440312905,2024,440312905,2,9,0,18,19,1,5,0,0,4,0,0,0,0,1,1,6,6,1,77,11,999,1,2,SKODA OCTAVIA,8,E01022769,0,1
2024131439616,2024,131439616,2,9,0,-1,19,2,6,-1,0,8,0,0,0,0,4,1,-1,9,1,32,6,1984,1,13,SKODA OCTAVIA,1,E01011723,0,1
2024201502913,2024,201502913,3,9,0,-1,2,0,0,-1,0,0,0,0,0,0,3,1,-1,6,-1,-1,-1,1968,2,8,SKODA OCTAVIA,-1,-1,0,-1
2024471409048,2024,471409048,1,9,0,-1,19,3,7,-1,0,1,0,0,0,0,1,1,-1,1,1,53,8,999,1,5,SKODA OCTAVIA,3,E01031459,0,2
2024471527162,2024,471527162,1,9,0,-1,19,7,3,-1,0,0,0,0,1,9,4,1,-1,6,1,25,5,1968,2,7,SKODA OCTAVIA,8,E01023234,0,4
2024440191542,2024,440191542,1,9,0,18,19,2,6,0,0,0,0,0,1,11,1,1,6,6,1,57,9,1598,2,5,SKODA OCTAVIA,9,E01023130,0,2
2024991401859,2024,991401859,1,9,0,-1,19,8,6,-1,0,2,0,0,7,0,3,1,-1,1,1,47,8,1598,2,5,SKODA OCTAVIA,1,-1,0,1
2024010535213,2024,010535213,2,9,0,99,99,9,9,99,99,9,9,99,9,99,1,9,6,6,3,-1,-1,1984,1,8,SKODA OCTAVIA,-1,-1,0,-1
2024332401249,2024,332401249,1,9,0,-1,19,5,1,-1,0,2,0,0,0,0,3,1,-1,9,1,71,10,1598,2,8,SKODA OCTAVIA,9,E01026001,0,1
2024991406031,2024,991406031,2,9,0,-1,19,4,8,-1,0,8,0,0,0,0,4,1,-1,1,1,63,9,1598,2,11,SKODA OCTAVIA,8,-1,0,2
2024131443650,2024,131443650,1,9,0,-1,19,1,5,-1,0,0,0,0,0,0,1,1,-1,6,1,36,7,1968,2,8,SKODA OCTAVIA,1,E01011423,0,1
2024991424665,2024,991424665,1,9,0,-1,13,1,5,-1,0,0,0,4,0,0,1,1,-1,1,1,33,6,1896,2,16,SKODA OCTAVIA,1,-1,0,1
2024231498689,2024,231498689,2,9,0,-1,19,4,8,-1,0,0,0,0,0,0,1,9,-1,2,2,41,7,1598,2,10,SKODA OCTAVIA,7,E01031166,0,1
2024211396109,2024,211396109,2,9,0,-1,2,0,0,-1,0,0,0,0,0,0,1,1,-1,1,1,19,4,1968,2,2,SKODA OCTAVIA,5,E01029627,0,2
2024552400718,2024,552400718,1,9,0,18,19,2,6,0,0,0,5,0,0,0,1,1,6,6,1,63,9,999,1,5,SKODA OCTAVIA,7,E01015457,0,1
2024302400086,2024,302400086,1,9,0,16,19,1,4,0,0,8,0,0,0,0,1,1,6,6,1,54,8,1896,2,16,SKODA OCTAVIA,4,E01028893,0,4
2024340NN3142,2024,340NN3142,3,9,0,-1,7,5,7,-1,0,2,0,0,0,0,0,1,-1,8,1,-1,-1,1498,8,0,SKODA OCTAVIA,7,E01027162,0,4
2024201518381,2024,201518381,3,9,0,-1,19,8,4,-1,0,0,0,0,0,0,1,1,-1,6,1,43,7,1598,2,14,SKODA OCTAVIA,3,E01008895,0,2
2024631455784,2024,631455784,2,9,4,-1,4,4,8,-1,0,0,0,0,0,0,0,1,-1,9,1,33,6,1896,2,15,SKODA OCTAVIA,6,E01016817,0,5
2024101509408,2024,101509408,1,9,0,-1,19,3,7,-1,0,0,0,0,0,0,1,9,-1,9,1,42,7,1896,2,22,SKODA OCTAVIA,-1,-1,0,-1
2024340NN2202,2024,340NN2202,1,8,0,-1,19,5,1,-1,0,0,0,9,3,4,1,1,-1,1,1,37,7,1598,2,9,SKODA OCTAVIA,3,E01027082,0,4
2024471533138,2024,471533138,1,9,0,-1,7,7,1,-1,0,8,0,0,0,0,1,1,-1,1,1,65,9,1598,2,5,SKODA OCTAVIA,10,E01016930,0,3
2024991534622,2024,991534622,1,9,0,-1,19,7,3,-1,0,1,1,0,7,9,1,1,-1,9,2,63,9,1598,2,4,SKODA OCTAVIA,5,-1,0,2
2024461430582,2024,461430582,2,9,0,-1,7,7,5,-1,0,6,0,0,0,0,1,1,-1,2,2,33,6,1968,2,7,SKODA OCTAVIA,4,E01024593,0,1
202417M116424,2024,17M116424,1,8,0,-1,19,2,6,-1,0,8,0,0,0,0,1,1,-1,1,1,50,8,1598,2,9,SKODA OCTAVIA,-1,-1,0,-1
2024041441982,2024,041441982,2,9,0,-1,19,1,5,-1,0,1,0,0,0,0,1,1,-1,1,1,45,7,1968,2,1,SKODA OCTAVIA,1,E01025290,0,4
2024421419984,2024,421419984,2,9,0,-1,19,2,8,-1,0,0,0,0,0,0,1,1,-1,1,1,61,9,1498,1,6,SKODA OCTAVIA,9,E01021409,0,1
2024010540015,2024,010540015,4,9,0,2,2,0,0,0,0,0,0,0,0,0,0,1,6,6,3,-1,-1,1598,1,17,SKODA OCTAVIA,-1,-1,0,-1
2024221415915,2024,221415915,1,9,0,-1,9,5,2,-1,0,6,0,0,0,0,1,1,-1,6,2,65,9,1968,2,8,SKODA OCTAVIA,7,E01014028,0,1
2024111455280,2024,111455280,1,9,0,-1,7,8,3,-1,0,8,0,0,0,0,1,1,-1,6,1,50,8,1598,2,9,SKODA OCTAVIA,1,E01012304,0,1
2024991531939,2024,991531939,1,8,0,-1,19,2,4,-1,0,5,0,0,0,0,1,1,-1,1,1,63,9,1498,1,4,SKODA OCTAVIA,-1,-1,0,-1
2024141497203,2024,141497203,1,9,0,-1,19,6,2,-1,0,4,0,0,0,0,1,1,-1,9,1,39,7,1598,2,8,SKODA OCTAVIA,3,E01011915,0,4
2024451531826,2024,451531826,2,9,0,-1,19,5,1,-1,0,0,1,0,4,6,3,1,-1,2,1,34,6,1968,2,9,SKODA OCTAVIA,5,E01030786,0,3
2024471411175,2024,471411175,1,9,0,-1,19,7,3,-1,0,0,0,0,0,0,1,9,-1,6,1,61,9,1598,2,4,SKODA OCTAVIA,4,E01016948,0,1
202417L306124,2024,17L306124,1,9,0,-1,19,7,3,-1,0,8,0,0,0,0,4,1,-1,2,1,60,9,999,1,5,SKODA OCTAVIA,1,E01012127,0,1
2024311499870,2024,311499870,1,9,0,-1,19,8,4,-1,0,0,0,0,0,0,1,9,-1,6,1,60,9,1598,1,19,SKODA OCTAVIA,1,E01013860,0,1
2024361437438,2024,361437438,1,9,0,-1,10,5,3,-1,0,1,0,0,0,0,1,1,-1,9,1,63,9,1395,1,6,SKODA OCTAVIA,5,E01026783,0,1
2024161481472,2024,161481472,1,9,0,-1,19,6,2,-1,0,0,0,0,0,0,1,1,-1,1,1,50,8,1598,2,6,SKODA OCTAVIA,9,E01012813,0,1
2024991449255,2024,991449255,2,9,0,-1,4,7,3,-1,0,1,0,0,7,0,1,1,-1,6,1,42,7,1390,1,13,SKODA OCTAVIA,1,-1,0,2
2024211422512,2024,211422512,1,9,0,-1,9,8,7,-1,0,1,0,0,0,0,4,9,-1,9,1,71,10,999,1,1,SKODA OCTAVIA,2,E01014342,0,1
2024161511406,2024,161511406,2,9,0,-1,2,0,0,-1,0,0,0,0,0,0,2,1,-1,6,-1,-1,-1,1968,2,3,SKODA OCTAVIA,-1,-1,0,-1
2024320354235,2024,320354235,1,9,0,9,9,7,5,0,0,5,0,0,0,0,1,1,6,6,1,27,6,1781,1,20,SKODA OCTAVIA,2,E01026108,0,1
2024122401188,2024,122401188,3,9,0,4,4,8,3,0,0,0,1,6,0,0,2,1,6,6,1,78,11,1896,2,22,SKODA OCTAVIA,8,E01028329,0,4
202454C022924,2024,54C022924,1,9,0,18,19,8,4,0,0,5,0,0,0,0,1,1,6,6,1,63,9,1896,2,23,SKODA OCTAVIA,8,E01022522,0,4
2024101445398,2024,101445398,1,9,0,-1,19,5,1,-1,0,5,0,0,0,0,4,1,-1,6,1,32,6,1598,2,11,SKODA OCTAVIA,1,E01008854,0,1
2024320588691,2024,320588691,1,9,0,-1,-1,2,6,0,0,1,0,0,0,0,1,1,-1,-1,1,23,5,1984,1,18,SKODA OCTAVIA,2,E01028231,0,5
2024461518258,2024,461518258,1,9,0,-1,19,3,7,-1,0,1,0,11,0,0,1,1,-1,2,2,58,9,1598,2,12,SKODA OCTAVIA,8,E01033088,0,1
2024161476180,2024,161476180,3,9,0,-1,4,7,3,-1,0,0,0,0,0,0,0,1,-1,1,1,40,7,1984,1,1,SKODA OCTAVIA,7,E01013307,0,3
2024010506728,2024,010506728,1,9,0,18,19,5,1,0,0,2,0,11,0,0,1,1,6,6,1,76,11,1395,1,7,SKODA OCTAVIA,7,E01003254,0,2
2024010506669,2024,010506669,3,9,0,18,19,3,7,0,0,8,0,0,0,0,1,1,6,6,1,38,7,1598,2,9,SKODA OCTAVIA,6,E01001419,0,1
2024231516413,2024,231516413,1,9,0,-1,19,8,4,-1,0,0,2,10,7,4,1,1,-1,2,1,70,10,1395,1,9,SKODA OCTAVIA,9,E01031254,0,3
2024131433584,2024,131433584,1,9,0,-1,19,5,1,-1,0,8,0,0,0,0,1,1,-1,6,1,30,6,1598,2,10,SKODA OCTAVIA,3,E01010810,0,1
2024501410701,2024,501410701,2,9,0,-1,19,6,4,-1,0,1,0,0,0,0,1,1,-1,6,1,53,8,1598,2,6,SKODA OCTAVIA,-1,-1,0,-1
2024461486602,2024,461486602,1,9,0,-1,19,5,1,-1,0,8,0,0,0,0,3,1,-1,6,1,23,5,1598,2,9,SKODA OCTAVIA,1,E01016063,0,1
2024061407800,2024,061407800,2,9,0,-1,7,5,7,-1,0,5,0,0,0,0,0,1,-1,8,1,30,6,1498,8,3,SKODA OCTAVIA,-1,-1,0,-1
2024440391887,2024,440391887,1,9,0,9,9,1,7,0,0,1,0,0,0,0,4,1,6,6,1,38,7,1598,2,6,SKODA OCTAVIA,1,E01017210,0,1
2024411536230,2024,411536230,1,9,-1,-1,-1,-1,-1,-1,-1,0,-1,-1,-1,0,-1,9,-1,6,3,-1,-1,1968,2,9,SKODA OCTAVIA,-1,-1,0,-1
202417S111024,2024,17S111024,1,8,0,-1,19,5,1,-1,0,0,0,0,0,0,1,1,-1,1,1,49,8,1598,2,7,SKODA OCTAVIA,1,E01012267,0,1
2024471412432,2024,471412432,2,9,0,-1,19,5,1,-1,0,1,0,0,0,0,1,1,-1,6,3,-1,-1,1498,1,4,SKODA OCTAVIA,-1,-1,0,-1
2024622400397,2024,622400397,2,8,0,18,19,2,6,0,0,0,0,0,0,0,3,1,1,1,1,45,7,1598,2,8,SKODA OCTAVIA,9,W01001090,0,2
2024041533200,2024,041533200,1,9,0,-1,19,5,1,-1,0,4,0,0,0,0,1,1,-1,9,2,37,7,1395,8,0,SKODA OCTAVIA,9,E01025316,0,3
2024101473196,2024,101473196,1,9,0,-1,19,5,1,-1,0,1,0,0,1,0,3,1,-1,9,1,41,7,999,1,1,SKODA OCTAVIA,-1,-1,0,-1
2024061437016,2024,061437016,1,9,-1,-1,-1,-1,-1,-1,-1,0,-1,-1,-1,0,-1,9,-1,6,3,-1,-1,1598,2,8,SKODA OCTAVIA,-1,-1,0,-1
2024101504913,2024,101504913,1,9,0,-1,9,4,2,-1,0,8,0,0,0,0,4,9,-1,6,1,73,10,1598,2,11,SKODA OCTAVIA,1,E01008542,0,2
2024631401041,2024,631401041,1,9,0,-1,19,8,4,-1,0,0,0,0,0,0,1,1,-1,9,2,53,8,1896,2,21,SKODA OCTAVIA,3,W01000688,0,4
2024161415217,2024,161415217,2,9,0,-1,19,5,7,-1,0,1,0,0,0,0,1,1,-1,6,1,61,9,1896,2,14,SKODA OCTAVIA,7,E01026062,0,2
2024471401419,2024,471401419,2,9,0,-1,19,8,4,-1,0,8,0,0,0,0,1,1,-1,9,1,57,9,1598,2,8,SKODA OCTAVIA,8,E01021073,0,2
2024211512102,2024,211512102,4,9,0,-1,2,8,1,-1,0,0,0,0,0,0,3,1,-1,6,-1,-1,-1,1390,1,14,SKODA OCTAVIA,-1,-1,0,-1
2024440400005,2024,440400005,2,9,0,9,9,4,2,0,0,6,0,0,0,0,1,1,6,6,1,90,11,1395,1,9,SKODA OCTAVIA,8,E01022492,0,3
2024061463801,2024,061463801,1,9,0,-1,19,4,8,-1,0,1,0,0,0,0,1,1,-1,6,1,-1,-1,1968,2,14,SKODA OCTAVIA,-1,-1,0,-1
2024131497657,2024,131497657,2,9,0,-1,19,7,3,-1,0,8,0,0,0,0,1,1,-1,9,1,23,5,1984,1,1,SKODA OCTAVIA,6,E01011885,0,3
2024061481210,2024,061481210,9,9,0,-1,19,5,1,-1,0,1,0,0,0,0,0,1,-1,8,1,40,7,1498,8,3,SKODA OCTAVIA,1,E01034113,0,3
2024131461428,2024,131461428,1,9,0,-1,5,5,1,-1,0,8,0,0,0,0,1,1,-1,2,2,32,6,1896,2,14,SKODA OCTAVIA,2,E01007322,0,3
2024010500964,2024,010500964,2,9,0,99,99,9,9,99,99,9,9,99,9,99,1,9,6,6,3,-1,-1,1197,1,10,SKODA OCTAVIA,-1,-1,0,-1
2024041499115,2024,041499115,2,9,0,-1,19,5,1,-1,0,8,0,0,0,0,4,1,-1,1,1,65,9,1598,2,7,SKODA OCTAVIA,6,E01025145,0,4
2024440343171,2024,440343171,3,9,0,4,4,4,8,0,0,0,0,0,0,0,2,1,6,6,1,43,7,1984,1,5,SKODA OCTAVIA,8,E01017252,0,1
2024101431555,2024,101431555,2,9,0,-1,10,5,1,-1,0,1,0,0,0,0,2,1,-1,9,2,37,7,1968,2,12,SKODA OCTAVIA,1,E01027427,0,4
2024421422396,2024,421422396,1,9,0,-1,19,7,3,-1,0,0,0,0,7,0,1,9,-1,6,2,74,10,1598,2,11,SKODA OCTAVIA,10,E01021459,0,1
2024101488981,2024,101488981,1,9,0,-1,19,6,3,-1,0,0,0,0,0,0,1,1,-1,6,1,23,5,1598,2,10,SKODA OCTAVIA,7,E01027440,0,3
2024161475391,2024,161475391,2,9,0,-1,19,1,5,-1,0,1,0,0,0,0,2,1,-1,9,1,64,9,1896,2,18,SKODA OCTAVIA,3,E01013099,0,1
202417M206324,2024,17M206324,1,8,0,-1,19,6,2,-1,0,0,0,0,0,0,1,1,-1,1,1,-1,-1,1968,2,8,SKODA OCTAVIA,-1,-1,0,-1
2024421469457,2024,421469457,2,9,0,-1,19,4,6,-1,0,0,0,0,0,0,3,2,-1,9,1,57,9,1968,2,13,SKODA OCTAVIA,6,E01021981,0,3
2024141508817,2024,141508817,1,9,0,-1,9,1,5,-1,0,1,0,0,0,0,1,9,-1,6,1,23,5,1896,2,16,SKODA OCTAVIA,-1,-1,0,-1
2024041425918,2024,041425918,2,9,0,-1,4,5,1,-1,0,0,0,0,0,0,2,1,-1,9,2,40,7,1598,2,10,SKODA OCTAVIA,7,E01030850,0,5
2024332400892,2024,332400892,1,9,0,-1,9,7,5,-1,9,5,0,0,0,0,1,1,-1,1,2,-1,-1,1498,1,4,SKODA OCTAVIA,4,E01025718,0,1
2024061428840,2024,061428840,4,9,0,-1,19,3,5,-1,0,0,0,0,0,0,0,1,-1,6,-1,-1,-1,1598,2,7,SKODA OCTAVIA,-1,-1,0,-1
2024122401123,2024,122401123,2,9,0,18,19,2,7,0,0,1,1,0,0,0,2,1,1,1,2,57,9,1598,2,9,SKODA OCTAVIA,10,E01027618,0,2
2024061443830,2024,061443830,3,9,0,-1,19,7,3,-1,0,1,0,0,0,0,1,2,-1,1,1,33,6,1598,2,5,SKODA OCTAVIA,1,E01005953,0,1
2024221417576,2024,221417576,5,9,0,-1,14,1,4,-1,0,0,1,0,7,11,1,9,-1,2,1,22,5,1498,1,3,SKODA OCTAVIA,1,E01009172,0,2
2024041480180,2024,041480180,1,9,0,-1,19,3,7,-1,0,2,0,0,0,0,0,9,-1,6,1,38,7,1598,2,7,SKODA OCTAVIA,1,E01005320,0,4
2024311459570,2024,311459570,2,8,0,-1,19,6,1,-1,0,0,0,0,0,0,1,1,-1,1,1,69,10,999,1,2,SKODA OCTAVIA,8,E01028411,0,1
2024631451356,2024,631451356,1,9,0,-1,12,6,2,-1,0,0,5,0,7,11,1,1,-1,6,2,72,10,1598,2,10,SKODA OCTAVIA,6,W01000487,0,4
2024131521660,2024,131521660,2,9,0,-1,2,0,0,-1,0,0,0,0,0,0,3,1,-1,6,-1,-1,-1,1598,2,9,SKODA OCTAVIA,-1,-1,0,-1
2024052402014,2024,052402014,1,9,0,7,7,6,8,0,0,5,0,7,0,0,1,1,6,6,1,24,5,1598,2,7,SKODA OCTAVIA,1,E01033669,0,4
2024061421071,2024,061421071,1,9,0,-1,4,3,7,-1,0,8,0,0,0,0,1,1,-1,8,1,43,7,1498,8,3,SKODA OCTAVIA,1,E01034113,0,1
2024161513838,2024,161513838,1,9,-1,-1,-1,-1,-1,-1,-1,-1,-1,-1,-1,0,-1,9,-1,1,2,74,10,1968,2,14,SKODA OCTAVIA,2,E01013187,0,1
2024201476937,2024,201476937,1,9,0,-1,3,4,8,-1,0,1,0,0,0,0,1,9,-1,6,3,-1,-1,1968,2,10,SKODA OCTAVIA,-1,-1,0,-1
2024430503310,2024,430503310,1,9,0,4,4,1,5,0,0,3,0,0,0,0,0,1,1,1,2,-1,-1,1598,2,5,SKODA OCTAVIA,-1,-1,0,-1
2024031480465,2024,031480465,1,9,0,-1,9,3,1,-1,0,0,0,0,0,0,4,1,-1,1,2,57,9,999,8,0,SKODA OCTAVIA,8,E01019253,0,1
2024041528461,2024,041528461,1,9,0,-1,5,4,6,-1,0,8,0,0,0,0,3,1,-1,6,3,-1,-1,1598,2,8,SKODA OCTAVIA,-1,-1,0,-1
2024010515783,2024,010515783,2,9,0,99,99,9,9,99,99,9,9,99,9,99,2,9,6,6,2,37,7,1498,1,4,SKODA OCTAVIA,2,E01003330,0,1
2024371467945,2024,371467945,1,9,0,-1,4,-1,-1,-1,0,1,0,0,0,0,0,1,-1,1,1,30,6,1598,2,7,SKODA OCTAVIA,3,E01030234,0,1
2024101394607,2024,101394607,2,9,0,-1,7,7,3,-1,0,8,0,0,0,0,1,1,-1,9,1,58,9,1598,2,9,SKODA OCTAVIA,3,E01008451,0,1
2024440218188,2024,440218188,1,4,0,18,19,7,3,0,0,0,0,0,0,0,1,1,6,6,1,17,4,125,1,0,-1,9,E01022610,0,1