collision_index,collision_year,collision_ref_no,vehicle_reference,vehicle_type,towing_and_articulation,vehicle_manoeuvre_historic,vehicle_manoeuvre,vehicle_direction_from,vehicle_direction_to,vehicle_location_restricted_lane_historic,vehicle_location_restricted_lane,junction_location,skidding_and_overturning,hit_object_in_carriageway,vehicle_leaving_carriageway,hit_object_off_carriageway,first_point_of_impact,vehicle_left_hand_drive,journey_purpose_of_driver_historic,journey_purpose_of_driver,sex_of_driver,age_of_driver,age_band_of_driver,engine_capacity_cc,propulsion_code,age_of_vehicle,generic_make_model,driver_imd_decile,lsoa_of_driver,escooter_flag,driver_distance_banding
2024161414516,2024,161414516,2,3,0,-1,19,5,1,-1,0,1,0,0,0,0,1,1,-1,6,1,17,4,125,1,0,-1,4,E01012929,0,1
2024421464425,2024,421464425,2,3,0,-1,19,7,3,-1,0,1,2,0,0,0,1,1,-1,6,1,18,4,124,1,14,YAMAHA YZF,6,E01015919,0,2
2024010498815,2024,010498815,2,5,0,18,19,7,3,0,0,1,5,0,0,0,1,1,6,6,1,34,6,1000,1,17,YAMAHA YZF,2,E01003483,0,3
2024010515149,2024,010515149,2,3,0,-1,-1,7,3,0,0,1,0,0,0,0,1,1,6,6,1,22,5,124,1,9,YAMAHA YZF,-1,-1,0,-1
2024161442985,2024,161442985,1,5,0,-1,19,2,6,-1,0,0,1,0,0,0,3,1,-1,6,1,45,7,998,1,20,YAMAHA YZF,7,E01013294,0,1
2024131542037,2024,131542037,1,5,0,-1,19,2,2,-1,0,0,0,10,1,2,1,1,-1,2,1,38,7,600,1,23,YAMAHA YZF,1,E01011842,0,1
2024421506135,2024,421506135,1,3,0,-1,15,3,7,-1,0,8,0,0,0,0,4,1,-1,9,1,17,4,124,1,14,YAMAHA YZF,4,E01003725,0,4
2024552401299,2024,552401299,1,5,0,13,13,2,6,0,0,0,0,0,0,0,1,1,6,6,1,35,6,599,1,23,YAMAHA YZF,9,E01020385,0,2
2024010525950,2024,010525950,1,5,0,18,19,7,3,0,0,2,0,4,0,0,1,1,6,6,1,33,6,998,1,5,YAMAHA YZF,3,E01000992,0,2
2024501498531,2024,501498531,2,3,0,-1,19,1,5,-1,0,1,1,0,0,0,1,1,-1,6,1,26,6,125,1,6,YAMAHA YZF,6,E01020142,0,2
2024010505325,2024,010505325,1,3,0,18,19,1,5,0,0,1,0,0,0,0,1,1,6,6,1,19,4,124,1,3,YAMAHA YZF,2,E01001340,0,2
2024501401415,2024,501401415,1,4,0,-1,13,6,2,-1,0,0,1,0,0,0,3,1,-1,2,1,19,4,124,1,14,YAMAHA YZF,5,E01018768,0,2
2024546236524,2024,546236524,1,5,0,18,19,4,8,0,0,1,2,0,1,2,1,1,6,6,1,24,5,998,1,24,YAMAHA YZF,1,E01015558,0,1
2024231462515,2024,231462515,1,3,0,-1,19,2,5,-1,0,0,1,0,1,0,1,1,-1,9,1,20,4,124,1,5,YAMAHA YZF,6,E01031084,0,2
2024401440695,2024,401440695,1,5,0,-1,19,5,1,-1,0,0,0,10,1,0,4,1,-1,9,1,18,4,600,1,10,YAMAHA YZF,2,E01015698,0,2
2024631436696,2024,631436696,1,5,0,-1,19,1,5,-1,0,0,0,12,0,0,1,1,-1,9,1,37,7,998,1,17,YAMAHA YZF,4,W01001248,0,4
2024461425228,2024,461425228,1,5,0,-1,19,5,1,-1,0,0,0,0,0,0,1,1,-1,1,1,40,7,998,1,8,YAMAHA YZF,2,E01016040,0,1
2024361490358,2024,361490358,1,3,0,-1,19,4,1,-1,0,8,0,0,0,0,1,1,-1,6,-1,17,4,124,1,9,YAMAHA YZF,3,E01026246,0,3
2024471533138,2024,471533138,2,3,0,-1,19,5,1,-1,0,1,0,0,0,0,4,1,-1,6,1,37,7,124,1,4,YAMAHA YZF,6,E01031464,0,3
2024041478301,2024,041478301,1,3,0,-1,19,5,3,-1,0,0,1,0,0,0,1,1,-1,9,1,33,6,124,1,15,YAMAHA YZF,5,E01025325,0,4
2024471469765,2024,471469765,2,5,0,-1,19,1,5,-1,0,0,0,0,0,0,1,1,-1,6,1,58,9,998,1,26,YAMAHA YZF,10,E01031729,0,4
2024451522794,2024,451522794,1,3,0,-1,19,1,5,-1,9,0,2,0,0,0,3,1,-1,2,1,23,5,124,1,5,YAMAHA YZF,10,E01030796,0,1
2024041476668,2024,041476668,2,3,0,-1,19,4,2,-1,0,0,0,4,0,0,1,1,-1,2,1,22,5,124,1,11,YAMAHA YZF,2,E01025173,0,1
2024010504835,2024,010504835,2,4,0,18,19,1,5,0,0,1,1,0,0,0,1,1,6,6,1,38,7,321,1,3,YAMAHA YZF,5,E01003366,0,2
2024471396838,2024,471396838,1,3,0,-1,19,3,6,-1,0,0,1,0,0,0,4,1,-1,2,1,19,4,124,1,8,YAMAHA YZF,2,E01001078,0,4
2024471461143,2024,471461143,1,5,0,-1,19,7,3,-1,0,0,0,0,0,0,4,1,-1,9,1,25,5,998,1,19,YAMAHA YZF,7,E01021010,0,4
2024471501679,2024,471501679,1,3,0,-1,15,7,3,-1,0,0,2,4,1,0,1,1,-1,9,1,17,4,124,1,14,YAMAHA YZF,8,E01031620,0,1
2024421437850,2024,421437850,2,3,0,-1,19,4,8,-1,0,1,0,0,0,0,1,1,-1,9,1,18,4,124,1,15,YAMAHA YZF,7,E01021330,0,4
2024430426030,2024,430426030,1,4,0,18,19,6,1,0,0,4,0,0,0,0,1,1,6,6,1,20,4,124,1,7,YAMAHA YZF,7,E01028483,0,4
2024302401761,2024,302401761,1,3,0,-1,19,1,5,-1,0,1,1,0,0,0,1,1,-1,6,1,20,4,124,1,7,YAMAHA YZF,2,E01029448,0,3
2024041416769,2024,041416769,2,3,0,-1,19,1,5,-1,0,1,0,0,0,0,2,1,-1,6,1,21,5,124,1,16,YAMAHA YZF,3,E01012691,0,1
2024351458072,2024,351458072,2,5,0,-1,19,7,3,-1,0,0,0,0,0,0,0,1,-1,6,1,48,8,998,1,20,YAMAHA YZF,-1,-1,0,-1
2024501484760,2024,501484760,1,3,0,-1,19,5,1,-1,0,8,1,0,0,0,1,1,-1,6,2,18,4,124,1,10,YAMAHA YZF,4,E01018914,0,1
2024471467321,2024,471467321,1,3,0,-1,7,7,3,-1,0,3,1,0,0,0,3,1,-1,9,1,18,4,124,1,6,YAMAHA YZF,2,E01034826,0,1
2024552401195,2024,552401195,2,5,0,13,13,2,6,0,0,8,1,0,0,0,1,1,6,6,1,20,4,689,1,1,YAMAHA YZF,6,E01020440,0,2
2024461436451,2024,461436451,1,4,0,-1,13,7,3,-1,0,0,2,0,1,0,1,1,-1,6,1,24,5,599,1,26,YAMAHA YZF,1,E01024590,0,2
2024052402706,2024,052402706,2,3,0,18,19,1,5,0,0,1,0,0,0,0,1,1,6,6,1,47,8,124,1,16,YAMAHA YZF,6,E01007059,0,1
2024991456498,2024,991456498,1,5,0,-1,19,4,8,-1,0,0,2,0,1,9,1,1,-1,9,1,51,8,599,1,24,YAMAHA YZF,2,-1,0,5
2024451432713,2024,451432713,1,5,0,-1,19,5,3,-1,0,0,0,0,0,0,1,1,-1,9,1,25,5,689,1,2,YAMAHA YZF,8,E01023103,0,1
2024430237314,2024,430237314,2,3,0,18,19,2,6,0,0,1,1,10,0,0,3,1,6,6,1,21,5,124,1,14,YAMAHA YZF,8,E01028671,0,2
2024471510603,2024,471510603,2,3,0,-1,19,5,1,-1,0,1,0,0,0,0,4,1,-1,9,1,20,4,124,1,9,YAMAHA YZF,8,E01031781,0,1
202454D517024,2024,54D517024,2,3,0,18,19,8,4,0,0,8,0,0,0,0,4,1,6,6,2,17,4,124,1,9,YAMAHA YZF,5,E01015571,0,1
2024351399004,2024,351399004,1,3,0,-1,19,1,7,-1,0,0,1,0,1,11,1,1,-1,6,1,17,4,124,1,15,YAMAHA YZF,10,E01018232,0,1
2024430447912,2024,430447912,1,5,0,18,19,5,1,0,0,0,0,0,0,0,1,1,6,6,1,31,6,599,1,13,YAMAHA YZF,10,E01035262,0,3
2024010538641,2024,010538641,2,5,0,13,13,1,5,0,0,2,0,0,0,0,4,1,6,6,1,24,5,689,1,2,YAMAHA YZF,3,E01003491,0,2
2024221480553,2024,221480553,2,5,0,-1,19,8,4,-1,0,8,0,0,0,0,1,1,-1,9,1,40,7,599,1,18,YAMAHA YZF,3,E01014073,0,3
2024201525451,2024,201525451,1,3,0,-1,19,4,8,-1,0,0,0,0,0,0,1,1,-1,2,2,17,4,124,1,14,YAMAHA YZF,8,E01009697,0,1
2024552400906,2024,552400906,1,5,0,18,19,8,4,0,0,0,0,0,1,10,1,1,6,6,1,69,10,998,1,22,YAMAHA YZF,1,E01020552,0,4
2024991454270,2024,991454270,1,4,0,-1,19,3,7,-1,0,1,0,0,0,0,4,1,-1,1,1,22,5,124,1,14,YAMAHA YZF,2,-1,0,2
2024440470329,2024,440470329,2,3,0,18,19,5,1,0,0,1,0,0,0,0,1,1,6,6,1,38,7,124,1,10,YAMAHA YZF,8,E01022786,0,1
2024361418658,2024,361418658,1,5,0,-1,13,5,1,-1,0,0,1,4,0,0,1,1,-1,6,1,22,5,321,1,2,YAMAHA YZF,5,E01026879,0,1
2024501528198,2024,501528198,2,3,0,-1,10,2,7,-1,9,8,0,0,0,0,1,1,-1,2,1,17,4,124,1,14,YAMAHA YZF,8,E01015119,0,1
2024010511709,2024,010511709,2,4,0,99,99,9,9,99,99,0,9,99,9,99,9,1,6,6,3,25,5,321,1,3,YAMAHA YZF,2,E01001800,0,4
2024010506468,2024,010506468,2,3,0,14,14,1,5,0,0,1,2,0,0,0,1,1,6,6,1,33,6,124,1,8,YAMAHA YZF,3,E01030745,0,1
2024101441447,2024,101441447,1,5,0,-1,-1,4,7,-1,-1,1,1,0,7,0,3,1,-1,-1,1,59,9,599,1,23,YAMAHA YZF,7,-1,0,4
2024010488696,2024,010488696,1,5,0,13,13,1,5,0,0,1,0,0,0,0,1,1,6,6,1,20,4,599,1,17,YAMAHA YZF,8,E01004510,0,1
2024471479820,2024,471479820,1,5,0,-1,19,1,5,-1,0,2,0,4,0,0,4,1,-1,9,1,20,4,689,1,2,YAMAHA YZF,-1,-1,0,-1
2024440420484,2024,440420484,1,3,0,4,4,1,5,0,0,2,0,0,0,0,0,1,6,6,1,17,4,124,1,3,YAMAHA YZF,8,E01022958,0,1
2024351432535,2024,351432535,1,3,0,-1,19,5,8,-1,0,0,1,0,7,0,3,1,-1,6,1,30,6,124,1,7,YAMAHA YZF,5,E01018157,0,2
2024501495170,2024,501495170,2,3,0,-1,19,4,8,-1,-1,3,0,0,3,0,1,1,-1,6,1,19,4,124,1,10,YAMAHA YZF,1,E01015149,0,2
2024010542857,2024,010542857,2,3,0,4,4,7,3,0,0,0,0,0,0,0,1,1,6,6,1,20,4,124,1,5,YAMAHA YZF,-1,-1,0,-1
2024451469453,2024,451469453,1,3,0,-1,9,8,6,-1,0,0,5,0,0,0,4,1,-1,2,1,17,4,124,1,10,YAMAHA YZF,8,E01034285,0,1
202454C277124,2024,54C277124,1,3,0,18,19,1,5,0,0,0,1,10,1,9,1,1,6,6,1,18,4,124,1,9,YAMAHA YZF,10,E01014377,0,4
2024231442748,2024,231442748,2,3,0,-1,19,4,8,-1,0,8,0,0,7,0,4,1,-1,2,1,18,4,124,1,15,YAMAHA YZF,5,E01031242,0,1
2024320681067,2024,320681067,1,3,0,-1,-1,7,3,0,0,1,0,0,0,0,4,1,6,6,1,19,4,124,1,16,YAMAHA YZF,4,E01026389,0,1
2024547664424,2024,547664424,2,5,0,18,19,4,8,0,0,8,0,0,1,0,1,1,6,6,1,42,7,998,1,26,YAMAHA YZF,2,E01032093,0,1
2024440281982,2024,440281982,1,3,0,18,19,1,5,0,0,8,0,0,0,0,3,1,2,2,1,21,5,124,1,15,YAMAHA YZF,10,E01030775,0,1
2024371422779,2024,371422779,1,5,0,-1,19,7,3,-1,0,0,1,0,0,0,4,1,-1,1,1,20,4,689,1,2,YAMAHA YZF,6,E01030057,0,1
2024320588349,2024,320588349,1,4,0,-1,-1,1,5,0,0,0,0,0,0,0,1,1,-1,-1,1,17,4,124,1,5,YAMAHA YZF,4,E01026366,0,3
2024552400636,2024,552400636,2,5,0,18,19,4,8,0,0,0,0,0,0,0,1,1,6,6,1,29,6,998,1,19,YAMAHA YZF,-1,-1,0,-1
2024440512937,2024,440512937,2,3,0,18,19,1,5,0,0,1,0,0,0,0,1,1,6,6,2,45,7,124,1,8,YAMAHA YZF,3,E01023018,0,4
2024361448665,2024,361448665,2,5,0,-1,19,2,6,-1,0,0,0,0,0,0,1,1,-1,9,1,26,6,998,1,20,YAMAHA YZF,4,E01026705,0,1
2024411486828,2024,411486828,1,3,0,-1,19,4,8,-1,0,1,0,0,0,0,1,1,-1,6,1,28,6,124,1,6,YAMAHA YZF,4,E01017567,0,3
2024610034524,2024,610034524,1,4,0,18,19,1,5,0,0,0,0,0,1,11,1,1,6,6,1,21,5,599,1,23,YAMAHA YZF,3,W01001449,0,3
2024411475108,2024,411475108,2,3,0,-1,19,1,5,-1,0,8,0,0,0,0,1,1,-1,6,1,23,5,124,1,16,YAMAHA YZF,3,E01021860,0,3
2024411461172,2024,411461172,3,5,0,-1,19,8,4,-1,0,0,1,0,0,0,4,1,-1,9,2,19,4,689,1,2,YAMAHA YZF,10,E01029908,0,4
202460Q083015,2024,60Q083015,2,3,0,16,19,6,1,0,0,1,2,0,1,0,4,1,6,6,1,18,4,124,1,4,YAMAHA YZF,-1,-1,0,-1
2024161532068,2024,161532068,2,4,0,-1,19,8,4,-1,0,1,0,0,0,0,1,1,-1,2,2,49,8,321,1,5,YAMAHA YZF,3,E01013087,0,3
2024991426943,2024,991426943,2,3,0,-1,19,8,3,-1,0,1,0,0,0,0,1,1,-1,6,1,18,4,124,1,16,YAMAHA YZF,9,-1,0,3
2024430118196,2024,430118196,2,3,0,18,19,6,2,0,0,0,0,0,0,0,1,1,2,2,1,17,4,124,1,11,YAMAHA YZF,8,E01028806,0,1
2024340NN1522,2024,340NN1522,2,5,0,-1,19,1,5,-1,0,1,5,0,0,0,0,1,-1,9,1,23,5,321,1,1,YAMAHA YZF,7,E01027354,0,2
2024320367845,2024,320367845,1,5,0,-1,-1,6,2,0,0,0,5,0,7,0,1,1,6,6,1,45,7,600,1,27,YAMAHA YZF,-1,-1,0,-1
2024501475538,2024,501475538,2,3,0,-1,15,4,8,-1,0,1,0,0,0,0,4,1,-1,6,1,52,8,125,1,12,YAMAHA YZF,4,E01018982,0,2
2024221477018,2024,221477018,1,5,0,-1,19,6,1,-1,0,8,0,0,0,0,1,1,-1,6,1,61,9,998,1,11,YAMAHA YZF,8,E01032427,0,3
2024451440375,2024,451440375,2,3,0,-1,4,1,5,-1,0,0,0,0,0,0,1,1,-1,9,1,21,5,124,1,10,YAMAHA YZF,5,E01016855,0,4
2024440087575,2024,440087575,2,3,0,13,13,8,4,0,0,1,0,0,0,0,4,1,2,2,1,22,5,124,1,8,YAMAHA YZF,10,E01022847,0,2
2024451464324,2024,451464324,1,3,0,-1,13,7,3,-1,0,0,1,0,0,0,1,1,-1,9,1,17,4,124,1,10,YAMAHA YZF,8,E01030703,0,3
2024361395248,2024,361395248,1,3,0,-1,15,5,8,-1,0,8,0,0,7,0,1,1,-1,2,1,18,4,124,1,9,YAMAHA YZF,8,E01026912,0,2
2024552401399,2024,552401399,1,3,0,18,19,7,3,0,0,0,1,0,0,0,1,1,6,6,1,24,5,124,1,9,YAMAHA YZF,10,E01020383,0,1
2024501518361,2024,501518361,2,3,0,-1,19,7,3,-1,0,0,2,0,0,0,2,1,-1,6,1,50,8,124,1,5,YAMAHA YZF,5,E01019066,0,1
2024221414739,2024,221414739,1,3,0,-1,13,2,6,-1,0,0,0,0,7,10,1,1,-1,2,1,18,4,124,1,15,YAMAHA YZF,-1,-1,0,-1
2024440242871,2024,440242871,1,3,0,16,19,5,1,0,0,0,1,0,7,11,1,1,6,6,1,21,5,124,1,14,YAMAHA YZF,3,E01017360,0,1
2024131439208,2024,131439208,1,3,0,-1,19,3,3,-1,0,8,0,0,0,0,1,1,-1,9,1,19,4,124,1,12,YAMAHA YZF,4,E01011073,0,1
2024552401212,2024,552401212,1,5,0,18,19,7,3,0,0,8,0,0,0,0,1,1,2,2,1,23,5,124,1,14,YAMAHA YZF,3,E01015386,0,2
2024622400488,2024,622400488,1,5,0,18,19,6,3,0,0,0,0,0,1,6,1,1,6,6,1,45,7,689,1,1,YAMAHA YZF,4,W01000764,0,2
2024501531841,2024,501531841,1,5,0,-1,19,6,2,-1,0,0,5,0,0,0,1,1,-1,9,1,33,6,998,1,20,YAMAHA YZF,2,E01015210,0,1
2024351456582,2024,351456582,1,3,0,-1,19,1,4,-1,0,0,0,0,0,0,1,1,-1,6,1,18,4,124,1,16,YAMAHA YZF,10,E01018292,0,2
202454E564424,2024,54E564424,1,3,0,18,19,7,3,0,0,3,2,9,7,0,4,1,6,6,1,34,6,124,1,13,YAMAHA YZF,7,E01015585,0,1
2024161507469,2024,161507469,3,3,0,-1,19,5,1,-1,0,0,0,0,0,0,0,1,-1,6,1,17,4,124,1,11,YAMAHA YZF,1,E01013206,0,1
2024320194788,2024,320194788,1,3,0,-1,-1,1,7,0,0,3,1,0,0,0,3,1,-1,-1,1,23,5,124,1,11,YAMAHA YZF,7,E01033181,0,4
2024547908824,2024,547908824,1,3,0,4,4,6,2,0,0,0,1,0,0,0,0,1,2,2,1,20,4,124,1,9,YAMAHA YZF,5,E01015480,0,1
2024122400080,2024,122400080,1,5,0,18,19,3,7,0,0,1,0,0,0,0,1,1,2,2,1,32,6,124,1,13,YAMAHA YZF,4,E01013353,0,2
2024430106696,2024,430106696,2,3,0,18,19,3,7,0,0,4,0,0,0,0,1,1,6,6,1,20,4,124,1,10,YAMAHA YZF,6,E01016287,0,3
2024302400923,2024,302400923,1,3,0,16,19,4,6,0,0,0,1,0,1,0,1,1,6,6,1,18,4,124,1,12,YAMAHA YZF,7,E01007831,0,4
2024461486268,2024,461486268,1,4,-1,-1,19,5,1,-1,0,0,0,0,0,0,1,1,-1,6,1,20,4,124,1,13,YAMAHA YZF,2,E01024398,0,1
2024010542404,2024,010542404,2,5,0,18,19,1,5,0,0,1,0,0,0,0,1,1,6,6,1,34,6,998,1,9,YAMAHA YZF,3,E01002646,0,1
2024461397049,2024,461397049,1,3,0,-1,19,2,2,-1,0,0,1,0,0,0,1,1,-1,2,1,20,4,124,1,14,YAMAHA YZF,10,E01024725,0,1
2024371471609,2024,371471609,1,4,0,-1,19,2,6,-1,0,0,1,0,7,0,1,1,-1,9,1,40,7,124,1,8,YAMAHA YZF,5,E01030275,0,1
2024501439235,2024,501439235,2,3,0,-1,14,4,8,-1,0,1,2,0,0,0,1,1,-1,6,1,24,5,124,1,5,YAMAHA YZF,7,E01018800,0,2
2024010502843,2024,010502843,1,3,0,18,19,7,3,0,0,1,0,7,0,0,1,1,6,6,1,19,4,124,1,8,YAMAHA YZF,2,E01001787,0,1
2024991417865,2024,991417865,2,3,0,-1,19,5,1,-1,0,1,0,0,0,0,1,1,-1,6,1,19,4,124,1,9,YAMAHA YZF,7,-1,0,2
2024061480001,2024,061480001,3,5,0,-1,4,7,3,-1,0,6,0,0,0,0,0,1,-1,6,1,52,8,998,1,17,YAMAHA YZF,5,E01005040,0,1
2024430414988,2024,430414988,2,5,0,18,19,4,6,0,0,8,0,0,0,0,1,1,6,6,1,31,6,998,1,6,YAMAHA YZF,9,E01016634,0,1
2024311480998,2024,311480998,2,3,0,-1,19,5,1,-1,0,8,0,0,0,0,0,1,-1,9,1,21,5,124,1,11,YAMAHA YZF,2,E01028027,0,2
202460Q123782,2024,60Q123782,2,5,0,18,19,4,8,0,0,0,0,0,0,0,0,1,6,6,1,46,8,689,1,2,YAMAHA YZF,-1,-1,0,-1
2024991435694,2024,991435694,2,5,0,-1,19,1,5,-1,0,0,1,0,0,0,1,1,-1,6,1,39,7,1000,1,23,YAMAHA YZF,6,-1,0,1
2024440215130,2024,440215130,2,4,0,13,13,4,8,0,0,1,0,0,0,0,1,1,2,2,2,17,4,124,1,6,YAMAHA YZF,8,E01022733,0,2
2024552401028,2024,552401028,2,3,0,18,19,4,8,0,0,8,0,0,0,0,4,1,2,2,1,17,4,124,1,13,YAMAHA YZF,3,E01020502,0,1
2024361440192,2024,361440192,1,3,0,-1,19,7,3,-1,0,2,5,0,1,11,1,1,-1,2,1,18,4,124,1,15,YAMAHA YZF,4,E01026859,0,1
2024201492394,2024,201492394,1,3,0,-1,19,2,5,-1,0,0,0,0,0,0,1,1,-1,6,1,31,6,124,1,9,YAMAHA YZF,1,E01009158,0,1
2024991448145,2024,991448145,1,5,0,-1,19,2,6,-1,0,0,1,0,1,0,4,1,-1,9,1,54,8,998,1,19,YAMAHA YZF,9,E01019163,0,5
2024010530549,2024,010530549,1,4,0,18,19,8,4,0,0,0,0,0,0,0,1,1,6,6,1,20,4,124,1,10,YAMAHA YZF,4,E01003322,0,1
2024991449346,2024,991449346,2,3,0,-1,19,2,7,-1,0,1,2,0,0,0,1,1,-1,6,1,20,4,124,1,11,YAMAHA YZF,-1,-1,0,-1
2024430181941,2024,430181941,1,3,0,18,19,4,8,0,0,8,1,0,0,0,4,1,1,1,1,19,4,124,1,5,YAMAHA YZF,5,E01016215,0,1
2024471397203,2024,471397203,2,3,0,-1,4,7,3,-1,0,3,2,0,0,0,4,1,-1,6,1,18,4,124,1,14,YAMAHA YZF,2,E01021137,0,1
2024552400666,2024,552400666,2,5,0,18,19,8,4,0,0,8,0,0,0,0,1,1,6,6,1,58,9,1000,1,16,YAMAHA YZF,4,E01020571,0,2
2024131522763,2024,131522763,1,3,0,-1,19,1,5,-1,0,8,1,4,0,0,2,1,-1,6,1,30,6,124,1,16,YAMAHA YZF,2,E01011060,0,1
2024471513939,2024,471513939,2,3,0,-1,19,3,7,-1,0,0,0,0,0,0,1,1,-1,2,1,21,5,124,1,16,YAMAHA YZF,3,E01021131,0,1
2024461529407,2024,461529407,1,4,0,-1,7,4,2,-1,0,1,0,0,0,0,3,1,-1,6,1,20,4,321,1,3,YAMAHA YZF,6,E01024401,0,4
2024451534614,2024,451534614,2,3,0,-1,19,5,5,-1,0,8,0,0,0,0,4,1,-1,9,1,17,4,124,1,5,YAMAHA YZF,8,E01022615,0,3
2024131521433,2024,131521433,2,3,0,-1,9,7,3,-1,0,1,0,0,0,0,4,1,-1,1,1,21,5,124,1,11,YAMAHA YZF,4,E01032489,0,2
2024421412579,2024,421412579,1,3,0,-1,19,2,6,-1,0,0,1,12,1,0,1,1,-1,6,1,26,6,124,1,9,YAMAHA YZF,-1,-1,0,-1
2024320450564,2024,320450564,1,4,0,13,13,6,2,0,0,1,5,0,0,0,1,1,6,6,1,25,5,998,1,16,YAMAHA YZF,2,E01009409,0,5
2024010518316,2024,010518316,1,5,0,18,19,6,2,0,0,2,0,0,0,0,1,1,6,6,1,30,6,998,1,15,YAMAHA YZF,4,E01004358,0,1
2024302400745,2024,302400745,1,5,0,16,19,6,1,0,0,1,0,0,0,0,1,1,6,6,1,75,10,599,1,26,YAMAHA YZF,4,E01019822,0,2
2024430450156,2024,430450156,2,3,0,18,19,4,8,0,0,1,5,0,1,10,3,1,6,6,1,17,4,124,1,10,YAMAHA YZF,9,E01028749,0,1
2024501521863,2024,501521863,1,3,0,-1,19,5,1,-1,0,0,0,0,0,0,3,1,-1,9,1,21,5,124,1,10,YAMAHA YZF,1,E01015214,0,1
2024440219580,2024,440219580,1,5,0,18,19,7,3,0,0,8,0,0,0,0,1,1,6,6,1,36,7,998,1,6,YAMAHA YZF,7,E01026240,0,5
2024991435380,2024,991435380,1,3,0,-1,19,3,8,-1,0,0,0,0,0,0,1,1,-1,9,1,17,4,124,1,6,YAMAHA YZF,-1,-1,0,-1
2024302500079,2024,302500079,1,3,0,-1,13,7,3,-1,0,8,0,0,0,0,1,1,-1,6,1,26,6,124,1,4,YAMAHA YZF,4,E01027975,0,3
2024440177431,2024,440177431,1,3,0,16,19,1,4,0,0,0,0,0,0,0,1,1,6,6,1,21,5,124,1,16,YAMAHA YZF,2,E01034060,0,2
2024501421737,2024,501421737,2,5,0,-1,19,7,3,-1,0,0,0,0,0,0,1,1,-1,6,1,53,8,998,1,21,YAMAHA YZF,8,E01020110,0,1
2024430596272,2024,430596272,2,3,0,18,19,8,4,0,0,1,1,0,0,0,1,1,6,6,1,20,4,124,1,16,YAMAHA YZF,-1,-1,0,-1
2024430498019,2024,430498019,2,3,0,17,19,6,3,0,0,0,0,0,0,0,1,1,2,2,1,28,6,124,1,15,YAMAHA YZF,3,E01028577,0,2
2024440112213,2024,440112213,1,4,0,18,19,6,2,0,0,0,0,0,1,2,3,1,6,6,1,18,4,124,1,5,YAMAHA YZF,8,E01022952,0,1
2024131448079,2024,131448079,1,5,0,-1,19,3,7,-1,0,8,5,0,1,0,1,1,-1,6,1,40,7,998,1,24,YAMAHA YZF,2,E01010940,0,1
2024010519136,2024,010519136,2,5,0,4,4,5,1,0,0,3,0,0,0,0,2,1,6,6,1,41,7,998,1,3,YAMAHA YZF,4,E01003388,0,2
2024010525121,2024,010525121,1,3,0,99,99,9,9,99,99,0,9,99,9,99,9,1,6,6,1,22,5,124,1,13,YAMAHA YZF,7,E01001131,0,1
2024061411497,2024,061411497,2,5,0,-1,19,7,3,-1,0,0,0,0,0,0,1,1,-1,6,2,35,6,998,1,23,YAMAHA YZF,3,E01010984,0,3
2024041499896,2024,041499896,1,5,0,-1,19,8,4,-1,0,0,5,0,0,0,1,1,-1,9,1,23,5,689,1,0,YAMAHA YZF,3,E01025143,0,1
2024361417738,2024,361417738,1,3,0,-1,13,-1,-1,-1,0,0,0,0,0,0,4,1,-1,2,1,18,4,124,1,8,YAMAHA YZF,7,E01026528,0,2
2024231501129,2024,231501129,1,5,0,-1,14,6,2,-1,0,1,0,0,0,0,1,1,-1,9,1,21,5,689,1,2,YAMAHA YZF,3,E01026077,0,5
2024351511300,2024,351511300,1,3,0,-1,19,6,2,-1,0,0,2,0,1,4,1,1,-1,6,1,19,4,124,1,7,YAMAHA YZF,9,E01018231,0,2
2024010530475,2024,010530475,2,3,0,18,19,5,1,0,0,1,0,0,0,0,1,1,6,6,1,24,5,124,1,9,YAMAHA YZF,2,E01004398,0,3
2024302400335,2024,302400335,1,3,0,17,19,4,8,0,0,3,1,0,1,0,4,1,6,6,1,18,4,124,1,9,YAMAHA YZF,8,E01019652,0,3
2024440354855,2024,440354855,2,5,0,18,19,1,5,0,0,0,0,0,0,0,1,1,6,6,1,31,6,599,1,16,YAMAHA YZF,5,E01032844,0,1
2024471425810,2024,471425810,1,3,0,-1,19,7,3,-1,0,1,1,0,0,0,3,1,-1,9,1,19,4,124,1,11,YAMAHA YZF,2,E01034826,0,1
2024320134021,2024,320134021,1,3,0,13,13,6,2,0,0,1,0,0,0,0,4,1,-1,-1,1,17,4,124,1,9,YAMAHA YZF,4,E01026016,0,2
2024351495250,2024,351495250,2,3,0,-1,19,3,7,-1,0,1,0,0,0,0,1,1,-1,1,1,21,5,689,1,2,YAMAHA YZF,5,E01033121,0,2
2024520402745,2024,520402745,1,5,0,13,13,4,8,0,0,0,1,0,0,0,4,1,6,6,1,25,5,998,1,13,YAMAHA YZF,3,E01029187,0,2
2024430427889,2024,430427889,1,5,0,18,19,2,6,0,0,0,0,0,0,0,1,1,2,2,2,52,8,599,1,19,YAMAHA YZF,10,E01016640,0,2