collision_index,collision_year,collision_ref_no,vehicle_reference,vehicle_type,towing_and_articulation,vehicle_manoeuvre_historic,vehicle_manoeuvre,vehicle_direction_from,vehicle_direction_to,vehicle_location_restricted_lane_historic,vehicle_location_restricted_lane,junction_location,skidding_and_overturning,hit_object_in_carriageway,vehicle_leaving_carriageway,hit_object_off_carriageway,first_point_of_impact,vehicle_left_hand_drive,journey_purpose_of_driver_historic,journey_purpose_of_driver,sex_of_driver,age_of_driver,age_band_of_driver,engine_capacity_cc,propulsion_code,age_of_vehicle,generic_make_model,driver_imd_decile,lsoa_of_driver,escooter_flag,driver_distance_banding
2024201435321,2024,201435321,2,4,0,-1,19,8,4,-1,0,6,0,0,0,0,1,1,-1,2,1,34,6,124,1,10,YAMAHA YZF,-1,-1,0,-1
202454D151424,2024,54D151424,1,3,0,7,7,8,4,0,0,5,2,0,0,0,0,1,1,1,1,19,4,124,1,11,YAMAHA YZF,8,E01031897,0,2
2024610033624,2024,610033624,1,5,0,13,13,8,4,0,0,1,1,0,7,11,1,1,6,6,1,59,9,998,1,5,YAMAHA YZF,10,E01014879,0,4
2024340NN0932,2024,340NN0932,2,5,0,-1,19,1,5,-1,0,1,0,0,7,0,4,1,-1,9,1,31,6,599,1,17,YAMAHA YZF,1,E01035414,0,2
2024461456540,2024,461456540,2,5,0,-1,19,2,5,-1,0,0,0,0,0,0,1,1,-1,2,1,34,6,599,1,24,YAMAHA YZF,8,E01016132,0,1
2024010527521,2024,010527521,2,5,0,12,12,1,5,0,0,0,0,0,0,0,1,1,6,6,1,27,6,1000,1,9,YAMAHA YZF,8,E01002300,0,2
2024471404350,2024,471404350,2,5,0,-1,4,1,5,-1,0,0,0,0,0,0,2,1,-1,2,1,46,8,689,1,2,YAMAHA YZF,6,E01033239,0,5
2024501396542,2024,501396542,1,3,0,-1,19,1,5,-1,0,0,0,0,0,0,3,1,-1,6,1,16,4,124,1,10,YAMAHA YZF,5,E01018845,0,1
2024122401114,2024,122401114,2,5,0,18,19,5,1,0,0,1,0,0,0,0,1,1,6,6,1,41,7,599,1,26,YAMAHA YZF,10,E01013377,0,4
2024421400925,2024,421400925,1,3,0,-1,19,2,5,-1,0,0,1,0,7,0,3,1,-1,1,1,25,5,124,1,9,YAMAHA YZF,7,E01023335,0,1
2024010502582,2024,010502582,1,5,0,18,19,1,5,0,0,0,1,0,0,0,2,1,6,6,1,35,6,998,1,6,YAMAHA YZF,5,E01001542,0,1
2024111485214,2024,111485214,2,5,0,-1,19,4,8,-1,0,1,0,0,1,0,1,1,-1,6,1,42,7,998,1,15,YAMAHA YZF,4,E01020607,0,3
2024991437607,2024,991437607,1,4,0,-1,19,3,7,-1,0,0,5,0,0,0,4,1,-1,6,1,19,4,321,1,1,YAMAHA YZF,2,-1,0,1
2024430170525,2024,430170525,3,5,0,18,19,8,4,0,0,1,0,0,0,0,0,1,6,6,1,44,7,998,1,15,YAMAHA YZF,-1,-1,0,-1
2024010549872,2024,010549872,1,4,0,18,19,7,3,0,0,1,0,0,1,0,1,1,2,2,1,19,4,124,1,10,YAMAHA YZF,4,E01000929,0,2
2024440385983,2024,440385983,3,4,0,18,19,6,2,0,0,8,0,0,0,0,1,1,6,6,1,17,4,124,1,10,YAMAHA YZF,5,E01023099,0,1
2024371462048,2024,371462048,1,5,0,-1,19,5,1,-1,0,1,2,0,0,0,1,1,-1,6,1,37,7,599,1,14,YAMAHA YZF,2,E01029982,0,1
2024471442319,2024,471442319,3,5,0,-1,19,6,2,-1,0,1,0,0,0,0,0,1,-1,9,1,23,5,998,1,6,YAMAHA YZF,4,E01021853,0,5
2024421466201,2024,421466201,1,4,0,-1,13,8,4,-1,0,0,0,0,0,0,4,1,-1,6,1,22,5,689,1,0,YAMAHA YZF,10,E01021935,0,1
2024141458064,2024,141458064,1,5,0,-1,14,5,1,-1,0,0,0,0,0,0,1,1,-1,9,1,68,10,689,1,2,YAMAHA YZF,2,E01007367,0,1
2024052401706,2024,052401706,2,5,0,18,19,8,4,0,0,1,0,0,0,0,3,1,2,2,1,28,6,599,1,19,YAMAHA YZF,1,E01034403,0,1
2024141406662,2024,141406662,2,3,0,-1,19,2,6,-1,0,8,0,0,0,0,1,1,-1,2,1,46,8,124,1,6,YAMAHA YZF,4,E01008031,0,2
2024471445310,2024,471445310,2,5,0,-1,13,5,2,-1,0,1,1,0,7,0,4,1,-1,2,1,47,8,998,1,4,YAMAHA YZF,7,E01032620,0,4
2024430209445,2024,430209445,1,4,0,18,19,6,2,0,0,2,0,10,1,4,1,1,6,6,1,35,6,321,1,9,YAMAHA YZF,6,E01017781,0,2
2024531448238,2024,531448238,1,5,0,-1,19,3,7,-1,0,0,1,0,7,2,1,1,-1,9,1,40,7,998,1,20,YAMAHA YZF,3,E01022364,0,2
2024451449223,2024,451449223,3,5,0,-1,19,5,5,-1,0,0,0,0,0,0,1,1,-1,9,1,21,5,689,1,1,YAMAHA YZF,5,E01030787,0,4
2024141484828,2024,141484828,1,3,0,-1,19,7,3,-1,0,0,1,0,0,0,1,1,-1,6,1,24,5,124,1,5,YAMAHA YZF,1,E01007373,0,3
2024421455043,2024,421455043,1,3,0,-1,19,5,5,-1,0,6,5,0,0,0,1,1,-1,9,2,21,5,124,1,6,YAMAHA YZF,4,E01034371,0,4
2024010494288,2024,010494288,1,5,0,18,19,6,2,0,0,4,0,0,0,0,1,1,2,2,1,48,8,998,1,16,YAMAHA YZF,9,E01030605,0,2
2024332400323,2024,332400323,2,5,0,-1,19,1,5,-1,0,0,0,0,0,0,1,1,-1,9,1,34,6,998,1,15,YAMAHA YZF,-1,-1,0,-1
2024522401657,2024,522401657,2,3,0,16,19,7,2,0,0,8,0,0,0,0,1,1,6,6,1,43,7,124,1,5,YAMAHA YZF,10,E01014940,0,2
2024302400536,2024,302400536,2,3,0,13,13,7,3,0,0,0,0,0,0,0,1,1,6,6,1,22,5,124,1,14,YAMAHA YZF,1,E01028001,0,3
2024010522116,2024,010522116,2,3,0,18,19,1,5,0,0,1,0,0,7,0,1,1,2,2,1,34,6,124,1,11,YAMAHA YZF,3,E01001440,0,4
2024041468408,2024,041468408,1,5,0,-1,19,7,3,-1,0,1,0,0,0,0,1,1,-1,9,1,39,7,689,1,1,YAMAHA YZF,5,E01025024,0,1
2024031498835,2024,031498835,2,3,0,-1,19,4,8,-1,0,0,0,0,0,0,1,1,-1,6,1,43,7,125,1,6,YAMAHA YZF,-1,-1,0,-1
2024351494883,2024,351494883,2,3,0,-1,19,3,7,-1,0,0,2,0,7,0,1,1,-1,9,1,30,6,124,1,5,YAMAHA YZF,8,E01035180,0,4
2024351452008,2024,351452008,1,5,0,-1,13,8,4,-1,0,1,0,0,0,0,1,1,-1,6,1,42,7,689,1,2,YAMAHA YZF,9,E01034445,0,4
2024320351618,2024,320351618,1,3,0,-1,-1,4,8,0,0,3,2,0,0,0,4,1,-1,-1,1,17,4,124,1,10,YAMAHA YZF,6,E01026120,0,3
2024311492975,2024,311492975,2,5,0,-1,13,7,2,-1,0,8,1,0,0,0,1,1,-1,2,1,21,5,689,1,3,YAMAHA YZF,9,E01013980,0,1
2024552400725,2024,552400725,1,4,0,18,19,4,8,0,0,8,0,0,0,0,1,1,6,6,1,25,5,998,1,6,YAMAHA YZF,5,E01015427,0,3
2024201451578,2024,201451578,2,4,0,-1,7,1,3,-1,0,4,5,0,0,0,4,1,-1,1,1,20,4,124,1,8,YAMAHA YZF,1,E01010239,0,2
2024122401276,2024,122401276,1,3,0,18,19,6,2,0,0,0,0,0,0,0,4,1,2,2,1,18,4,124,1,5,YAMAHA YZF,10,E01011702,0,1
2024461503270,2024,461503270,1,3,0,-1,19,7,7,-1,0,0,1,0,0,0,1,1,-1,2,1,22,5,124,1,5,YAMAHA YZF,2,E01024135,0,3
2024501471414,2024,501471414,2,3,0,-1,19,5,8,-1,0,4,1,0,0,0,4,1,-1,9,1,17,4,124,1,15,YAMAHA YZF,8,E01015119,0,1
2024430162458,2024,430162458,1,5,0,18,19,6,2,0,0,0,0,0,0,0,1,1,6,6,1,28,6,599,1,19,YAMAHA YZF,6,E01035725,0,4
2024440516995,2024,440516995,2,4,0,18,19,7,3,0,0,8,0,0,0,0,1,1,6,6,1,20,4,124,1,10,YAMAHA YZF,1,E01017336,0,1
2024430282090,2024,430282090,2,3,0,13,13,6,2,0,0,2,1,0,0,0,4,1,6,6,1,18,4,124,1,13,YAMAHA YZF,10,E01016289,0,2
2024451504806,2024,451504806,1,5,0,-1,19,7,3,-1,0,0,0,0,1,0,4,1,-1,6,1,24,5,689,1,1,YAMAHA YZF,10,E01031645,0,4
2024471442319,2024,471442319,4,5,0,-1,19,6,2,-1,0,1,0,0,0,0,0,1,-1,9,1,27,6,998,1,5,YAMAHA YZF,4,E01021853,0,5
2024052402181,2024,052402181,1,3,0,18,19,4,8,0,0,1,1,0,0,0,1,1,6,6,1,20,4,124,1,10,YAMAHA YZF,4,E01005910,0,4
2024430172736,2024,430172736,1,5,0,18,19,4,8,0,0,0,0,0,0,0,1,1,6,6,1,31,6,998,1,16,YAMAHA YZF,4,E01033834,0,4
2024131489001,2024,131489001,1,3,0,-1,14,8,4,-1,0,0,5,0,0,0,4,1,-1,6,1,21,5,124,1,13,YAMAHA YZF,9,E01011011,0,2
2024501491633,2024,501491633,2,3,0,-1,19,6,2,-1,0,1,1,0,0,0,1,1,-1,9,1,18,4,124,1,12,YAMAHA YZF,1,E01015146,0,1
2024311447184,2024,311447184,2,3,0,-1,19,5,1,-1,0,1,0,0,0,0,1,1,-1,1,1,22,5,124,1,8,YAMAHA YZF,10,E01019653,0,3
2024311497107,2024,311497107,2,3,0,-1,4,2,6,-1,0,2,1,0,0,0,1,1,-1,9,1,17,4,124,1,5,YAMAHA YZF,-1,-1,0,-1
2024070851696,2024,070851696,1,3,0,-1,7,2,2,-1,0,1,1,0,0,0,2,1,-1,9,1,17,4,124,1,5,YAMAHA YZF,2,E01018477,0,2
2024010512109,2024,010512109,2,5,0,-1,-1,5,1,0,0,1,0,0,0,0,1,1,6,6,1,33,6,998,1,4,YAMAHA YZF,5,E01000071,0,3
2024371407261,2024,371407261,1,3,0,-1,19,7,3,-1,0,0,0,0,0,0,1,1,-1,9,1,17,4,124,1,14,YAMAHA YZF,7,E01030037,0,1
2024010505612,2024,010505612,1,5,0,99,99,9,9,99,99,9,9,99,9,99,2,1,2,2,1,41,7,998,1,20,YAMAHA YZF,5,E01023099,0,4
2024401465424,2024,401465424,1,3,0,-1,19,3,7,-1,0,0,1,0,1,0,1,1,-1,6,1,25,5,998,1,10,YAMAHA YZF,10,E01017404,0,4
2024451425585,2024,451425585,1,3,0,-1,19,7,3,-1,0,0,2,0,0,0,1,1,-1,7,1,17,4,124,1,9,YAMAHA YZF,7,E01030858,0,2
2024430418334,2024,430418334,1,5,0,18,19,5,7,0,0,7,1,0,0,0,3,1,6,6,1,48,8,998,1,11,YAMAHA YZF,4,E01028546,0,1
2024440455861,2024,440455861,2,3,0,9,9,1,6,0,0,0,0,0,0,0,1,1,6,6,1,24,5,124,1,10,YAMAHA YZF,5,E01031477,0,4
2024501467090,2024,501467090,2,4,0,-1,19,5,1,-1,0,0,0,0,0,0,1,1,-1,2,1,21,5,689,1,3,YAMAHA YZF,5,E01018904,0,1
2024010521061,2024,010521061,1,3,0,18,19,5,1,0,0,8,0,0,0,0,1,1,6,6,1,35,6,124,1,16,YAMAHA YZF,8,E01030845,0,3
2024211423323,2024,211423323,1,3,0,-1,-1,-1,-1,-1,-1,-1,-1,-1,-1,0,-1,1,-1,6,1,36,7,124,1,6,YAMAHA YZF,4,E01029433,0,2
2024440375194,2024,440375194,1,5,0,18,19,2,6,0,0,0,1,0,0,0,1,1,6,6,1,23,5,321,1,8,YAMAHA YZF,4,E01016852,0,5
2024010536604,2024,010536604,2,3,0,13,13,6,2,0,0,1,0,0,0,0,0,1,6,6,1,19,4,124,1,8,YAMAHA YZF,4,E01002726,0,1
2024421519812,2024,421519812,1,3,0,-1,19,5,1,-1,0,0,0,0,0,0,1,1,-1,1,1,19,4,124,1,9,YAMAHA YZF,4,E01021529,0,3
2024440178757,2024,440178757,2,2,0,18,19,8,4,0,0,1,0,0,0,0,1,1,6,6,1,32,6,1000,1,19,YAMAHA YZF,2,E01017216,0,2
2024320522332,2024,320522332,1,3,0,-1,-1,2,6,0,0,0,2,0,1,9,2,1,6,6,1,17,4,124,1,10,YAMAHA YZF,6,E01026244,0,1
2024440556265,2024,440556265,1,3,0,18,19,1,5,0,0,1,0,10,7,0,1,1,6,6,2,19,4,124,1,14,YAMAHA YZF,3,E01022801,0,1
2024520001111,2024,520001111,2,5,0,18,19,4,2,0,0,8,0,0,0,0,4,1,6,6,1,46,8,599,1,14,YAMAHA YZF,6,E01014471,0,1
2024201506824,2024,201506824,2,3,0,-1,19,7,3,-1,0,8,0,0,0,0,1,1,-1,2,1,17,4,124,1,10,YAMAHA YZF,3,E01009164,0,1
2024471448129,2024,471448129,1,3,0,-1,9,7,5,-1,0,8,0,0,0,0,3,1,-1,6,1,17,4,124,1,8,YAMAHA YZF,4,E01031441,0,2
2024320018115,2024,320018115,2,4,0,14,14,4,8,0,0,0,0,0,0,0,1,1,1,1,1,21,5,124,1,11,YAMAHA YZF,1,E01026149,0,1
2024411488060,2024,411488060,1,3,0,-1,19,5,1,-1,0,0,5,9,0,0,1,1,-1,6,1,20,4,124,1,12,YAMAHA YZF,6,E01023787,0,3
2024041494967,2024,041494967,2,3,0,-1,13,2,6,-1,0,1,1,0,7,0,1,1,-1,9,1,17,4,124,1,15,YAMAHA YZF,2,E01025285,0,1
2024421441375,2024,421441375,1,5,0,-1,19,6,2,-1,0,0,0,0,0,0,1,1,-1,9,1,60,9,599,1,11,YAMAHA YZF,7,E01021531,0,3
2024421430201,2024,421430201,2,5,0,-1,19,3,7,-1,0,0,1,0,7,0,1,1,-1,6,1,21,5,998,1,10,YAMAHA YZF,2,E01021485,0,2
2024421481536,2024,421481536,1,4,0,-1,14,5,1,-1,0,1,0,4,0,0,1,1,-1,9,1,20,4,124,1,8,YAMAHA YZF,5,E01021572,0,1
2024991492209,2024,991492209,1,5,0,-1,13,7,2,-1,0,1,0,0,0,0,1,1,-1,6,1,37,7,998,1,20,YAMAHA YZF,5,-1,0,2
2024501489170,2024,501489170,1,3,0,-1,19,1,5,-1,0,1,2,0,0,0,1,1,-1,9,1,38,7,124,1,8,YAMAHA YZF,4,E01018958,0,4
2024201405777,2024,201405777,1,3,0,-1,7,7,1,-1,0,6,1,4,0,0,4,1,-1,9,-1,-1,-1,124,1,7,YAMAHA YZF,-1,-1,0,-1
2024501501359,2024,501501359,2,4,0,-1,19,1,6,-1,0,1,0,0,0,0,4,1,-1,6,1,20,4,124,1,14,YAMAHA YZF,7,E01020043,0,1
2024411436951,2024,411436951,2,4,0,-1,19,4,4,-1,0,2,0,0,1,0,3,1,-1,6,1,63,9,124,1,4,YAMAHA YZF,8,E01017855,0,4
2024371517629,2024,371517629,1,3,0,-1,19,6,2,-1,0,0,1,0,0,0,1,1,-1,9,1,17,4,124,1,10,YAMAHA YZF,9,E01030190,0,1
2024161514516,2024,161514516,2,5,0,-1,19,1,5,-1,0,8,0,0,0,0,1,1,-1,6,1,25,5,599,1,16,YAMAHA YZF,8,E01013189,0,2
2024211513266,2024,211513266,4,5,0,-1,2,0,0,-1,0,0,0,0,0,0,0,1,-1,6,1,26,6,599,1,23,YAMAHA YZF,8,E01029833,0,1
2024141472870,2024,141472870,2,4,0,-1,11,7,5,-1,-1,2,0,0,0,0,2,1,-1,9,1,22,5,321,1,9,YAMAHA YZF,10,E01013374,0,4
2024440129439,2024,440129439,1,3,0,18,19,6,2,0,0,1,1,0,0,0,1,1,6,6,1,18,4,124,1,11,YAMAHA YZF,5,E01034734,0,2
2024371432636,2024,371432636,1,3,0,-1,19,3,7,-1,0,1,0,0,0,0,1,1,-1,9,1,21,5,124,1,13,YAMAHA YZF,2,E01030032,0,1
2024311444733,2024,311444733,2,3,0,-1,19,3,7,-1,0,1,0,0,0,0,1,1,-1,6,1,17,4,124,1,5,YAMAHA YZF,9,E01028367,0,1
2024471442319,2024,471442319,1,5,0,-1,19,6,2,-1,0,1,0,0,0,0,1,1,-1,9,1,27,6,998,1,6,YAMAHA YZF,4,E01000066,0,5
2024501455824,2024,501455824,1,3,0,-1,19,3,1,-1,0,3,1,0,0,0,3,1,-1,9,1,18,4,124,1,12,YAMAHA YZF,1,E01015146,0,1
2024201458319,2024,201458319,2,5,0,-1,19,3,7,-1,0,8,0,0,0,0,3,1,-1,6,1,25,5,599,1,15,YAMAHA YZF,2,E01010314,0,1
2024231489500,2024,231489500,1,5,0,-1,19,4,1,-1,0,0,1,10,1,11,1,1,-1,9,1,48,8,998,1,15,YAMAHA YZF,7,E01009717,0,3
2024430609610,2024,430609610,2,3,0,14,14,2,6,0,0,8,0,0,0,0,1,1,6,6,1,20,4,125,1,6,YAMAHA YZF,10,E01028662,0,2
2024542299424,2024,542299424,2,3,0,3,3,3,7,0,0,1,0,0,0,0,1,1,6,6,1,39,7,124,1,14,YAMAHA YZF,1,E01015572,0,3
2024361445607,2024,361445607,1,3,0,-1,19,2,4,-1,0,0,0,0,0,0,3,1,-1,9,1,23,5,124,1,16,YAMAHA YZF,9,E01026513,0,3
2024520401591,2024,520401591,2,3,0,18,19,4,8,0,0,0,0,0,0,0,1,1,6,6,1,19,4,124,1,9,YAMAHA YZF,4,E01029329,0,1
2024010505221,2024,010505221,1,5,0,99,99,9,9,99,99,0,9,99,9,99,9,1,6,6,1,29,6,998,1,12,YAMAHA YZF,2,E01003712,0,3
2024131516610,2024,131516610,2,4,0,-1,11,1,1,-1,0,8,0,4,0,0,4,1,-1,9,1,39,7,124,1,10,YAMAHA YZF,1,E01011144,0,1
2024501428698,2024,501428698,2,3,0,-1,19,6,2,-1,2,0,0,0,1,1,1,1,-1,6,1,21,5,125,1,6,YAMAHA YZF,2,E01015082,0,1
2024041527458,2024,041527458,1,3,0,-1,19,3,7,-1,0,1,2,0,1,2,1,1,-1,6,1,18,4,124,1,5,YAMAHA YZF,2,E01025291,0,1
2024221451439,2024,221451439,2,5,0,-1,3,5,1,-1,0,1,0,0,0,0,2,1,-1,6,1,56,9,599,1,23,YAMAHA YZF,4,E01014138,0,1
2024451424667,2024,451424667,1,4,0,-1,19,7,3,-1,0,0,5,0,1,1,1,1,-1,9,1,20,4,321,1,8,YAMAHA YZF,9,E01004155,0,4
2024041456102,2024,041456102,1,3,0,-1,19,2,6,-1,0,0,0,0,2,0,1,1,-1,9,2,18,4,124,1,9,YAMAHA YZF,9,E01019347,0,1
2024522401914,2024,522401914,1,3,0,18,19,4,8,0,0,8,0,0,0,0,1,1,6,6,1,18,4,124,1,10,YAMAHA YZF,7,E01015017,0,3
2024440034129,2024,440034129,1,4,0,18,19,5,1,0,0,0,0,0,0,0,4,1,6,6,1,20,4,124,1,9,YAMAHA YZF,9,E01023148,0,1
2024552400946,2024,552400946,1,3,0,14,14,4,8,0,0,8,0,0,0,0,1,1,6,6,1,18,4,124,1,10,YAMAHA YZF,6,E01015410,0,2
2024440313485,2024,440313485,1,3,0,13,13,1,5,0,0,8,0,0,0,0,1,1,6,6,1,20,4,124,1,8,YAMAHA YZF,5,E01023104,0,1
2024201464093,2024,201464093,2,3,0,-1,19,1,5,-1,0,8,0,0,0,0,1,1,-1,2,2,28,6,124,1,7,YAMAHA YZF,2,E01008892,0,1
2024371442511,2024,371442511,1,5,0,-1,7,1,3,-1,0,2,1,0,0,0,1,1,-1,9,1,31,6,998,1,20,YAMAHA YZF,5,E01030241,0,1
2024430504466,2024,430504466,2,3,0,18,19,6,2,0,0,8,0,0,0,0,1,1,6,6,1,38,7,124,1,11,YAMAHA YZF,8,E01017836,0,1
2024461502614,2024,461502614,2,3,0,-1,13,5,1,-1,0,6,0,0,0,0,3,1,-1,6,1,19,4,124,1,9,YAMAHA YZF,2,E01016020,0,1
2024211515943,2024,211515943,1,3,0,-1,19,5,1,-1,0,0,0,12,0,0,3,1,-1,2,1,27,6,124,1,3,YAMAHA YZF,3,E01029527,0,3
2024430227800,2024,430227800,1,3,0,18,19,6,2,0,0,0,0,0,0,0,1,1,6,6,2,28,6,124,1,5,YAMAHA YZF,5,E01017900,0,1
2024031518374,2024,031518374,1,5,0,-1,14,5,1,-1,0,0,0,0,0,0,1,1,-1,6,1,42,7,998,1,21,YAMAHA YZF,3,E01019272,0,1
2024361396479,2024,361396479,1,5,0,-1,19,7,3,-1,0,0,0,0,0,0,0,1,-1,9,1,56,9,599,1,26,YAMAHA YZF,3,E01026426,0,1
2024522403213,2024,522403213,1,4,0,18,19,1,5,0,0,8,0,0,0,0,1,1,6,6,1,23,5,124,1,11,YAMAHA YZF,1,E01014831,0,1
2024421487111,2024,421487111,2,3,0,-1,19,3,7,-1,0,1,0,0,1,0,4,1,-1,6,1,20,4,124,1,11,YAMAHA YZF,10,E01021545,0,2
2024549444424,2024,549444424,2,3,0,18,19,4,8,0,0,1,0,0,0,0,1,1,6,6,1,20,4,124,1,5,YAMAHA YZF,8,E01032042,0,1
2024451505195,2024,451505195,1,3,0,-1,13,3,7,-1,0,8,0,4,0,0,1,1,-1,9,1,26,6,124,1,4,YAMAHA YZF,8,E01030859,0,1
2024010520851,2024,010520851,1,5,0,18,19,5,1,0,0,0,2,0,0,0,1,1,6,6,1,49,8,998,1,15,YAMAHA YZF,5,E01002619,0,1
2024440405129,2024,440405129,1,3,0,18,19,1,3,0,0,4,0,0,0,0,4,1,6,6,1,18,4,124,1,10,YAMAHA YZF,3,E01022681,0,1
2024111505794,2024,111505794,1,5,0,-1,19,6,2,-1,0,0,1,0,7,9,4,1,-1,9,1,51,8,599,1,22,YAMAHA YZF,5,E01019305,0,4
2024471495020,2024,471495020,2,5,0,-1,12,3,7,-1,0,0,0,0,1,0,1,1,-1,6,1,20,4,689,1,2,YAMAHA YZF,8,E01031781,0,2
2024371463467,2024,371463467,2,5,0,-1,19,2,4,-1,0,0,1,0,0,0,1,1,-1,2,1,26,6,599,1,19,YAMAHA YZF,1,E01029980,0,1
2024371460449,2024,371460449,2,3,0,-1,19,6,2,-1,0,1,2,0,0,0,1,1,-1,9,2,18,4,124,1,13,YAMAHA YZF,3,E01033051,0,3
2024991484444,2024,991484444,1,5,0,-1,19,8,4,-1,4,8,0,0,0,0,1,1,-1,2,1,25,5,689,1,2,YAMAHA YZF,8,-1,0,1
2024131492192,2024,131492192,2,3,0,-1,19,1,5,-1,0,1,5,0,0,0,1,1,-1,6,1,18,4,124,1,9,YAMAHA YZF,2,E01011259,0,1
2024201437719,2024,201437719,2,3,0,-1,13,8,4,-1,0,8,1,0,0,0,1,1,-1,2,1,22,5,124,1,11,YAMAHA YZF,5,E01010554,0,1
2024522401394,2024,522401394,3,3,0,18,19,3,7,0,0,0,0,0,0,0,1,1,6,6,1,65,9,599,1,25,YAMAHA YZF,8,E01014771,0,2
2024421504594,2024,421504594,2,3,0,-1,19,7,3,-1,0,2,0,0,0,0,1,1,-1,6,1,25,5,124,1,15,YAMAHA YZF,1,E01021301,0,1
2024552400842,2024,552400842,2,4,0,16,19,3,6,0,0,0,0,0,0,0,1,1,6,6,1,45,7,998,1,21,YAMAHA YZF,2,E01029237,0,2
2024461453716,2024,461453716,2,5,0,-1,19,-1,-1,-1,0,0,0,0,1,4,0,1,-1,6,1,40,7,998,1,21,YAMAHA YZF,9,E01024720,0,1
2024545430024,2024,545430024,2,3,0,18,19,4,8,0,0,4,0,0,0,0,4,1,6,6,1,38,7,998,1,15,YAMAHA YZF,3,E01015569,0,1
2024440156112,2024,440156112,1,3,0,18,19,2,6,0,0,1,0,0,0,0,1,1,6,6,1,22,5,124,1,10,YAMAHA YZF,10,E01022705,0,2
2024371504067,2024,371504067,1,3,0,-1,13,2,3,-1,0,1,0,0,0,0,1,1,-1,6,1,19,4,124,1,14,YAMAHA YZF,4,E01029960,0,1
2024440207640,2024,440207640,1,3,0,13,13,3,7,0,0,1,0,0,0,0,1,1,6,6,1,18,4,124,1,8,YAMAHA YZF,6,E01017041,0,3
2024991439398,2024,991439398,1,3,0,-1,19,3,7,-1,0,1,1,0,0,0,4,1,-1,6,2,20,4,124,1,6,YAMAHA YZF,8,-1,0,4
2024010528903,2024,010528903,3,5,0,13,13,7,3,0,0,0,0,0,0,0,4,1,6,6,1,52,8,998,1,9,YAMAHA YZF,3,E01001326,0,1
2024440020136,2024,440020136,1,3,0,14,14,5,1,0,0,0,0,0,0,0,1,1,2,2,1,18,4,124,1,16,YAMAHA YZF,6,E01017173,0,1
2024471483126,2024,471483126,1,5,0,-1,19,6,1,-1,0,1,0,0,0,0,1,1,-1,6,1,-1,-1,998,1,21,YAMAHA YZF,-1,-1,0,-1
2024401466324,2024,401466324,2,3,0,-1,19,5,1,-1,0,0,1,0,0,0,0,1,-1,6,1,17,4,124,1,13,YAMAHA YZF,4,E01023346,0,3
2024471426546,2024,471426546,2,5,0,-1,19,4,8,-1,0,0,1,0,7,0,1,1,-1,9,1,51,8,998,1,6,YAMAHA YZF,3,E01002603,0,4
2024010531992,2024,010531992,2,5,0,17,19,4,8,0,0,0,0,0,0,0,1,1,6,6,1,37,7,998,1,11,YAMAHA YZF,3,E01003302,0,1
2024122401003,2024,122401003,1,5,0,4,4,7,3,0,0,8,1,0,0,0,1,1,6,6,1,41,7,998,1,19,YAMAHA YZF,5,E01012768,0,4
2024010518201,2024,010518201,1,3,0,15,15,3,7,0,0,0,1,0,0,0,1,1,2,2,1,21,5,124,1,12,YAMAHA YZF,3,E01021266,0,4
2024610053224,2024,610053224,1,3,0,4,4,5,1,0,0,4,1,0,0,0,0,1,6,6,1,18,4,124,1,8,YAMAHA YZF,1,W01001238,0,4
2024501466654,2024,501466654,2,3,0,-1,19,5,1,-1,0,0,0,0,0,0,1,1,-1,9,1,17,4,124,1,4,YAMAHA YZF,7,E01015137,0,1
2024320356730,2024,320356730,2,3,0,4,4,4,8,0,0,0,0,0,0,0,0,1,-1,-1,1,18,4,124,1,15,YAMAHA YZF,1,E01026150,0,2
2024552400342,2024,552400342,2,3,0,14,14,2,6,0,0,8,0,0,0,0,1,1,2,2,1,17,4,124,1,9,YAMAHA YZF,8,E01020375,0,2
2024010514952,2024,010514952,3,5,0,3,3,3,7,0,0,1,1,10,6,0,2,1,6,6,2,37,7,599,1,17,YAMAHA YZF,2,E01035694,0,1
2024421499257,2024,421499257,2,5,0,-1,15,8,4,-1,0,0,1,0,0,0,3,1,-1,9,1,35,6,998,1,20,YAMAHA YZF,9,E01021560,0,3
2024461441278,2024,461441278,1,5,0,-1,13,1,5,-1,0,0,0,0,0,0,1,1,-1,9,1,19,4,321,1,1,YAMAHA YZF,4,E01000722,0,2
2024311478092,2024,311478092,2,5,0,-1,13,6,2,-1,0,1,0,0,0,0,4,1,-1,9,1,28,6,998,1,21,YAMAHA YZF,6,E01027997,0,3
2024302401743,2024,302401743,1,3,0,-1,13,3,7,-1,0,8,0,0,0,0,1,1,-1,6,1,39,7,125,1,6,YAMAHA YZF,3,E01019569,0,2
2024070168289,2024,070168289,1,3,0,17,19,8,4,0,0,0,1,0,0,0,0,1,6,6,1,19,4,124,1,6,YAMAHA YZF,2,E01018485,0,1
2024430293550,2024,430293550,1,5,0,13,13,4,8,0,0,0,1,0,0,0,3,1,6,6,1,34,6,998,1,13,YAMAHA YZF,6,E01016471,0,3
2024161507469,2024,161507469,1,3,0,-1,19,5,1,-1,0,0,0,0,0,0,2,1,-1,6,1,17,4,124,1,16,YAMAHA YZF,7,E01035476,0,1