collision_index,collision_year,collision_ref_no,vehicle_reference,vehicle_type,towing_and_articulation,vehicle_manoeuvre_historic,vehicle_manoeuvre,vehicle_direction_from,vehicle_direction_to,vehicle_location_restricted_lane_historic,vehicle_location_restricted_lane,junction_location,skidding_and_overturning,hit_object_in_carriageway,vehicle_leaving_carriageway,hit_object_off_carriageway,first_point_of_impact,vehicle_left_hand_drive,journey_purpose_of_driver_historic,journey_purpose_of_driver,sex_of_driver,age_of_driver,age_band_of_driver,engine_capacity_cc,propulsion_code,age_of_vehicle,generic_make_model,driver_imd_decile,lsoa_of_driver,escooter_flag,driver_distance_banding
2024302400173,2024,302400173,2,5,0,13,13,2,8,0,0,1,0,0,1,0,1,1,2,2,1,46,8,998,1,18,YAMAHA YZF,8,E01019781,0,1
2024201518428,2024,201518428,2,3,0,-1,19,1,4,-1,0,8,0,0,0,0,1,1,-1,6,1,17,4,124,1,6,YAMAHA YZF,4,E01009218,0,1
2024501440399,2024,501440399,4,3,0,-1,4,8,4,-1,0,1,0,0,0,0,1,1,-1,6,1,17,4,124,1,11,YAMAHA YZF,1,E01018910,0,1
2024070342167,2024,070342167,2,3,0,17,19,7,3,0,0,0,2,0,1,10,4,1,6,6,1,17,4,125,1,6,YAMAHA YZF,7,E01018433,0,2
2024461464748,2024,461464748,1,4,0,-1,19,3,7,-1,0,0,0,0,0,0,0,1,-1,9,1,19,4,124,1,10,YAMAHA YZF,4,E01024624,0,3
2024010551404,2024,010551404,1,5,0,18,19,7,3,0,0,2,0,0,0,0,1,1,6,6,1,35,6,599,1,18,YAMAHA YZF,4,E01000872,0,2
2024122400677,2024,122400677,1,5,0,16,19,1,5,0,0,0,1,0,0,0,1,1,6,6,1,34,6,998,1,22,YAMAHA YZF,6,E01012242,0,4
2024631466507,2024,631466507,2,3,0,-1,19,2,7,-1,0,8,0,0,0,0,1,1,-1,9,1,27,6,124,1,16,YAMAHA YZF,3,W01000586,0,1
2024451394532,2024,451394532,2,5,0,-1,19,3,7,-1,0,8,0,0,0,0,1,1,-1,2,1,19,4,689,1,2,YAMAHA YZF,9,E01030441,0,1
2024131523664,2024,131523664,1,3,0,-1,11,5,1,-1,0,4,1,0,0,0,3,1,-1,9,2,22,5,124,1,5,YAMAHA YZF,10,E01029576,0,5
2024471412559,2024,471412559,2,5,0,-1,19,4,8,-1,0,1,2,0,0,0,1,1,-1,6,1,58,9,599,1,22,YAMAHA YZF,10,E01031797,0,1
2024010543501,2024,010543501,2,3,0,13,13,3,7,0,0,1,0,10,7,11,4,1,2,2,1,17,4,124,1,11,YAMAHA YZF,2,E01035694,0,1
2024631466054,2024,631466054,1,5,0,-1,19,4,8,-1,0,0,0,0,0,0,0,1,-1,9,1,47,8,998,1,20,YAMAHA YZF,8,E01017776,0,5
2024471479978,2024,471479978,2,3,0,-1,19,5,1,-1,0,1,0,0,0,0,4,1,-1,2,1,17,4,124,1,6,YAMAHA YZF,5,E01031606,0,1
2024501471780,2024,501471780,1,5,0,-1,19,6,2,-1,0,1,5,0,0,0,1,1,-1,2,1,50,8,998,1,18,YAMAHA YZF,7,E01015203,0,1
2024052402018,2024,052402018,1,3,0,4,4,5,1,0,0,0,0,0,0,0,3,1,6,6,1,25,5,124,1,11,YAMAHA YZF,1,E01006698,0,2
2024041445323,2024,041445323,1,3,0,-1,19,3,7,-1,0,0,2,0,0,0,4,1,-1,9,1,17,4,124,1,11,YAMAHA YZF,4,E01025170,0,3
2024361556734,2024,361556734,1,5,0,-1,15,7,3,-1,0,0,0,0,0,0,3,1,-1,6,1,18,4,689,1,2,YAMAHA YZF,7,E01026810,0,1
2024471502694,2024,471502694,2,3,0,-1,19,3,7,-1,0,1,0,0,0,0,3,1,-1,9,1,18,4,124,1,10,YAMAHA YZF,3,E01031492,0,1
2024161485817,2024,161485817,1,3,0,-1,4,1,5,-1,2,1,0,0,0,0,1,1,-1,9,1,31,6,124,1,4,YAMAHA YZF,1,E01012881,0,1
2024461458044,2024,461458044,1,3,0,-1,15,5,8,-1,0,0,0,0,7,0,1,1,-1,6,1,18,4,124,1,10,YAMAHA YZF,5,E01024393,0,3
2024311454110,2024,311454110,2,3,0,-1,4,7,3,-1,0,0,0,0,0,0,3,1,-1,9,1,25,5,124,1,6,YAMAHA YZF,2,E01013815,0,1
2024010547868,2024,010547868,1,5,0,9,9,1,7,0,0,2,0,0,0,0,1,1,6,6,2,44,7,600,1,10,YAMAHA YZF,7,E01001890,0,1
2024311418732,2024,311418732,2,3,0,-1,19,5,3,-1,0,1,0,0,0,0,1,1,-1,9,1,36,7,124,1,9,YAMAHA YZF,2,E01013908,0,1
2024531541993,2024,531541993,2,3,0,-1,19,3,7,-1,0,0,0,0,0,0,3,1,-1,9,1,18,4,124,1,15,YAMAHA YZF,7,W01001102,0,4
2024440485384,2024,440485384,1,3,0,13,13,4,8,0,0,8,0,0,0,0,1,1,6,6,1,18,4,124,1,6,YAMAHA YZF,10,E01022877,0,1
2024440245546,2024,440245546,1,3,0,18,19,6,2,0,0,1,0,0,0,0,1,1,6,6,1,23,5,124,1,9,YAMAHA YZF,6,E01030464,0,4
2024351475100,2024,351475100,1,5,0,-1,19,3,7,-1,0,0,0,0,7,0,4,1,-1,6,1,39,7,689,1,1,YAMAHA YZF,4,E01018060,0,3
2024320588513,2024,320588513,1,4,0,-1,-1,8,4,0,0,8,5,0,0,0,3,1,-1,-1,2,24,5,124,1,11,YAMAHA YZF,8,E01032992,0,4
2024010531433,2024,010531433,1,3,0,14,14,8,4,0,0,8,5,0,0,0,4,1,2,2,2,20,4,124,1,10,YAMAHA YZF,7,E01030850,0,3
2024361521481,2024,361521481,1,3,0,-1,19,7,5,-1,0,8,2,0,0,0,1,1,-1,6,1,18,4,124,1,13,YAMAHA YZF,7,E01026528,0,2
2024430211512,2024,430211512,1,5,0,18,19,8,4,0,0,8,0,0,0,0,1,1,6,6,1,36,7,998,1,2,YAMAHA YZF,8,E01017814,0,1
2024201472882,2024,201472882,1,2,0,-1,19,8,5,-1,0,0,0,0,0,0,3,1,-1,6,1,33,6,599,1,19,YAMAHA YZF,6,E01031579,0,5
2024010516252,2024,010516252,2,5,0,13,13,5,1,0,0,8,0,0,0,0,1,1,6,6,1,33,6,599,1,5,YAMAHA YZF,3,E01000992,0,3
2024340NN9112,2024,340NN9112,3,3,0,-1,19,3,7,-1,0,0,0,0,0,0,1,1,-1,6,1,52,8,124,1,4,YAMAHA YZF,3,E01026982,0,4
2024320323210,2024,320323210,1,5,0,-1,-1,7,2,0,0,0,0,0,1,9,3,1,-1,-1,1,55,8,998,1,25,YAMAHA YZF,-1,-1,0,-1
2024991405063,2024,991405063,1,3,0,-1,19,1,5,-1,0,0,0,0,1,0,4,1,-1,9,1,19,4,124,1,9,YAMAHA YZF,7,-1,0,1
2024622400555,2024,622400555,2,5,0,13,13,6,2,0,0,1,0,0,0,0,4,1,6,6,1,54,8,998,1,17,YAMAHA YZF,10,W01001089,0,2
2024010533190,2024,010533190,1,5,0,18,19,1,5,0,0,0,0,0,0,0,1,1,2,2,1,20,4,689,1,0,YAMAHA YZF,10,E01004105,0,1
2024501457235,2024,501457235,1,5,0,-1,5,1,5,-1,0,4,2,0,0,0,3,1,-1,1,1,28,6,998,1,15,YAMAHA YZF,3,E01015159,0,1
2024010532726,2024,010532726,1,5,0,-1,-1,7,3,0,0,2,0,0,0,0,1,1,6,6,1,23,5,689,1,3,YAMAHA YZF,6,E01032619,0,4
2024440168763,2024,440168763,2,3,0,18,19,6,2,0,0,8,0,0,0,0,1,1,6,6,1,18,4,124,1,16,YAMAHA YZF,3,E01017185,0,1
2024440293351,2024,440293351,1,5,0,13,13,5,1,0,0,0,1,0,1,10,1,1,6,6,1,26,6,998,1,21,YAMAHA YZF,3,E01017325,0,3
2024122400528,2024,122400528,1,3,0,18,19,1,5,0,0,1,0,10,1,0,1,1,1,1,1,31,6,124,1,7,YAMAHA YZF,7,E01027738,0,1
2024421451843,2024,421451843,1,19,0,-1,19,3,7,-1,0,1,0,0,0,0,1,1,-1,6,1,-1,-1,1310,1,9,-1,-1,-1,0,-1
2024421419264,2024,421419264,1,20,0,-1,4,3,7,-1,0,4,0,0,0,0,1,9,-1,6,3,-1,-1,1310,1,9,-1,-1,-1,0,-1
2024471515194,2024,471515194,2,19,0,-1,19,7,3,-1,0,0,0,2,0,0,1,1,-1,1,1,58,9,1310,1,9,-1,8,E01031780,0,3
2024631499186,2024,631499186,3,9,0,-1,3,6,2,-1,0,0,0,0,0,0,2,1,-1,6,1,30,6,1997,2,7,FORD KUGA,7,W01000548,0,3
2024421412513,2024,421412513,2,9,0,-1,19,4,4,-1,0,2,0,0,7,0,4,1,-1,9,2,31,6,1596,1,10,FORD KUGA,5,E01021687,0,1
2024161526579,2024,161526579,3,9,0,-1,2,0,0,-1,0,2,0,0,0,0,2,9,-1,6,-1,-1,-1,1997,2,12,FORD KUGA,-1,-1,0,-1
2024461461152,2024,461461152,1,9,0,-1,9,7,3,-1,0,1,0,0,0,0,3,9,-1,6,2,-1,-1,1496,1,1,FORD KUGA,5,E01024815,0,2
2024052400738,2024,052400738,1,9,0,18,19,1,5,0,0,0,0,0,0,0,1,1,6,6,1,66,10,1997,2,8,FORD KUGA,10,E01018377,0,4
2024161471638,2024,161471638,1,9,0,-1,19,8,4,-1,0,1,0,0,0,0,4,9,-1,6,2,36,7,1499,2,4,FORD KUGA,3,E01013143,0,1
2024991511745,2024,991511745,2,9,0,-1,19,6,2,-1,0,0,0,0,0,0,1,1,-1,9,1,82,11,1496,1,1,FORD KUGA,5,-1,0,2
2024421523711,2024,421523711,3,9,0,-1,9,5,3,-1,0,1,0,0,0,0,3,1,-1,9,2,77,11,2488,8,4,FORD KUGA,4,E01021698,0,1
2024631475972,2024,631475972,2,9,0,-1,19,8,4,-1,0,0,0,0,0,0,1,1,-1,6,1,66,10,2488,8,1,FORD KUGA,6,W01000524,0,4
2024351468394,2024,351468394,1,9,0,-1,9,4,4,-1,0,1,0,0,0,0,3,1,-1,7,1,44,7,2488,8,4,FORD KUGA,8,E01018289,0,1
2024122500213,2024,122500213,2,9,0,18,19,1,5,0,0,0,0,0,0,0,2,1,6,6,1,59,9,1997,2,7,FORD KUGA,4,E01027803,0,4
2024411578127,2024,411578127,3,9,0,-1,4,7,3,-1,0,0,1,7,4,0,2,1,-1,6,1,66,10,2488,8,0,FORD KUGA,6,E01018300,0,4
2024991396195,2024,991396195,2,9,0,-1,19,1,5,-1,0,0,0,0,0,0,1,1,-1,6,2,38,7,1997,2,14,FORD KUGA,5,-1,0,1
2024421425137,2024,421425137,2,9,0,-1,19,2,6,-1,0,8,0,0,0,0,3,1,-1,2,1,54,8,1997,2,8,FORD KUGA,9,E01015999,0,3
2024501527853,2024,501527853,2,9,0,-1,9,8,6,-1,0,6,0,0,0,0,3,1,-1,6,2,41,7,1997,2,8,FORD KUGA,6,E01018817,0,2
2024111473740,2024,111473740,2,9,0,-1,4,2,6,-1,0,1,0,0,0,0,2,1,-1,9,2,44,7,1499,2,3,FORD KUGA,3,E01034504,0,1
2024451441695,2024,451441695,1,9,0,-1,7,5,1,-1,9,0,1,7,7,0,3,1,-1,9,2,48,8,1997,2,10,FORD KUGA,10,E01030996,0,2
2024201442971,2024,201442971,2,9,0,-1,19,1,4,-1,0,4,0,0,0,0,1,1,-1,2,1,38,7,1997,2,12,FORD KUGA,3,E01010425,0,1
2024061490665,2024,061490665,2,9,0,-1,19,8,2,-1,0,8,0,0,0,0,4,1,-1,9,1,79,11,1498,1,5,FORD KUGA,7,E01005555,0,1
2024211472558,2024,211472558,2,9,0,-1,19,2,6,-1,0,1,1,0,0,0,4,9,-1,6,2,41,7,1496,1,1,FORD KUGA,4,E01014259,0,1
2024041394508,2024,041394508,2,9,0,-1,2,5,1,-1,0,0,0,0,0,0,3,1,-1,6,-1,-1,-1,1499,2,6,FORD KUGA,-1,-1,0,-1
2024010544267,2024,010544267,1,9,0,2,2,0,0,9,9,0,0,0,0,0,1,1,6,6,3,-1,-1,1499,2,6,FORD KUGA,-1,-1,0,-1
2024010549586,2024,010549586,1,9,0,99,99,9,9,99,99,0,9,99,9,99,9,9,6,6,2,25,5,1498,1,5,FORD KUGA,8,E01002372,0,1
2024141499894,2024,141499894,1,9,0,-1,5,1,5,-1,0,4,0,0,0,0,4,1,-1,6,1,43,7,1997,2,5,FORD KUGA,7,E01033259,0,1
2024421505905,2024,421505905,1,9,0,-1,19,5,1,-1,0,1,0,0,0,0,1,1,-1,9,1,29,6,1997,2,11,FORD KUGA,7,E01021952,0,1
2024421491604,2024,421491604,2,9,0,-1,19,1,5,-1,0,8,0,0,0,0,4,1,-1,9,1,37,7,1496,1,3,FORD KUGA,6,E01029906,0,2
2024010512648,2024,010512648,1,9,0,99,99,9,9,99,99,0,9,99,9,99,9,9,6,6,1,45,7,1496,1,4,FORD KUGA,9,E01033461,0,4
2024052500399,2024,052500399,2,9,0,18,19,1,5,0,0,0,0,0,0,0,3,1,6,6,1,48,8,1997,2,8,FORD KUGA,8,E01025488,0,3
2024440295555,2024,440295555,3,9,0,4,4,2,6,0,0,0,0,0,0,0,2,1,6,6,1,41,7,1496,1,3,FORD KUGA,6,E01017177,0,3
2024351424572,2024,351424572,2,9,0,-1,4,2,6,-1,0,1,0,0,0,0,2,1,-1,6,2,59,9,1499,2,4,FORD KUGA,2,E01018068,0,3
2024010520249,2024,010520249,1,9,5,5,5,5,1,0,0,7,0,0,0,0,1,1,6,6,1,35,6,1997,2,7,FORD KUGA,3,E01000108,0,1
2024201436061,2024,201436061,1,9,3,-1,1,5,1,-1,9,5,0,0,0,0,2,9,-1,9,1,67,10,1995,2,4,FORD KUGA,9,E01009543,0,1
2024461461178,2024,461461178,2,9,0,-1,19,7,3,-1,0,0,0,0,0,0,1,1,-1,1,2,47,8,1997,2,9,FORD KUGA,3,E01024166,0,1
2024471429734,2024,471429734,2,9,0,-1,5,3,7,-1,0,4,0,0,0,0,1,1,-1,6,2,49,8,1997,2,15,FORD KUGA,9,E01031505,0,1
2024461427170,2024,461427170,1,9,0,-1,4,3,7,-1,0,4,0,0,0,0,1,1,-1,1,1,27,6,2488,8,1,FORD KUGA,-1,-1,0,-1
2024041449044,2024,041449044,1,9,0,-1,13,1,5,-1,0,0,0,0,0,0,1,1,-1,9,1,61,9,1997,2,5,FORD KUGA,5,E01025053,0,2
2024351455788,2024,351455788,1,9,0,-1,19,1,4,-1,9,0,0,0,1,11,1,1,-1,6,2,32,6,1997,2,5,FORD KUGA,2,E01015668,0,1
2024311459188,2024,311459188,2,9,0,-1,2,0,0,-1,0,0,0,0,0,0,1,1,-1,6,2,41,7,1997,2,15,FORD KUGA,-1,-1,0,-1
2024311487656,2024,311487656,2,9,0,-1,19,7,3,-1,0,0,0,0,0,0,1,1,-1,2,1,57,9,1499,2,6,FORD KUGA,5,E01019813,0,4
2024302400858,2024,302400858,2,9,0,18,19,1,5,0,0,8,0,0,0,0,3,1,6,6,1,63,9,1997,2,5,FORD KUGA,4,E01019822,0,1
2024070092161,2024,070092161,2,9,0,18,19,3,7,0,0,0,0,0,0,0,2,1,6,6,2,40,7,1496,1,1,FORD KUGA,3,E01029787,0,4
2024122400605,2024,122400605,2,9,0,5,5,7,3,0,0,1,0,0,0,0,4,1,2,2,2,42,7,1997,2,5,FORD KUGA,5,E01027826,0,1
2024622500035,2024,622500035,1,9,0,9,9,3,1,0,0,8,0,0,0,0,1,1,6,6,2,72,10,1596,1,11,FORD KUGA,3,W01001995,0,1
2024131479749,2024,131479749,1,9,0,-1,9,3,7,-1,0,0,0,0,0,0,1,1,-1,6,1,-1,-1,1498,1,6,FORD KUGA,-1,-1,0,-1
2024501532503,2024,501532503,1,9,0,-1,5,3,7,-1,0,1,0,0,0,0,4,1,-1,9,1,50,8,1997,2,9,FORD KUGA,2,E01015073,0,1
2024201499535,2024,201499535,2,9,-1,-1,-1,1,5,-1,-1,0,-1,-1,-1,0,-1,9,-1,-1,1,26,6,1498,1,6,FORD KUGA,8,E01026238,0,5
2024201530484,2024,201530484,3,9,0,-1,19,1,5,-1,0,0,0,0,0,0,1,1,-1,9,2,49,8,2488,8,0,FORD KUGA,10,E01010172,0,3
2024461503725,2024,461503725,1,9,0,-1,19,5,1,-1,0,1,0,0,0,0,1,9,-1,6,3,-1,-1,1997,2,16,FORD KUGA,-1,-1,0,-1
2024010488671,2024,010488671,1,9,0,18,19,3,7,0,0,0,0,0,0,0,4,1,6,6,1,66,10,1997,2,5,FORD KUGA,3,E01004023,0,1
202454E932024,2024,54E932024,2,9,0,2,2,0,0,0,0,0,0,0,0,0,2,1,6,6,3,-1,-1,2488,8,1,FORD KUGA,-1,-1,0,-1
2024061444765,2024,061444765,1,9,0,-1,99,-1,-1,-1,0,9,0,0,0,0,4,1,-1,6,2,-1,-1,1997,2,10,FORD KUGA,2,E01005702,0,1
2024201458121,2024,201458121,1,9,0,-1,4,4,8,-1,0,1,0,0,0,0,2,9,-1,2,1,49,8,1997,2,6,FORD KUGA,3,E01010249,0,1
2024340NN3532,2024,340NN3532,2,9,0,-1,19,7,3,-1,0,8,0,0,0,0,4,1,-1,2,1,29,6,1997,2,13,FORD KUGA,10,E01027121,0,1
2024201502405,2024,201502405,2,9,0,-1,3,6,2,-1,0,1,0,0,0,0,2,9,-1,9,2,38,7,1997,2,14,FORD KUGA,5,E01009774,0,2
2024122401050,2024,122401050,2,9,0,3,3,1,5,0,0,1,0,0,0,0,2,1,6,6,2,32,6,1997,2,6,FORD KUGA,8,E01013450,0,1
2024440130302,2024,440130302,2,9,0,9,9,1,6,0,0,6,0,0,0,0,1,1,6,6,2,59,9,2488,8,0,FORD KUGA,6,E01035437,0,2
2024161470880,2024,161470880,1,9,0,-1,19,1,5,-1,0,0,0,0,0,0,1,1,-1,2,2,58,9,1997,2,10,FORD KUGA,5,E01013267,0,2
2024411526514,2024,411526514,1,9,0,-1,9,3,1,-1,0,4,0,0,0,0,1,1,-1,6,1,44,7,2488,8,2,FORD KUGA,6,E01023317,0,3
2024211521797,2024,211521797,2,9,0,-1,19,1,5,-1,0,0,0,11,0,0,1,1,-1,6,2,59,9,1997,2,6,FORD KUGA,6,E01014264,0,2
2024371437186,2024,371437186,1,9,0,-1,9,7,3,-1,0,8,0,0,0,0,4,1,-1,6,1,49,8,1499,2,3,FORD KUGA,9,E01029967,0,1
2024471450751,2024,471450751,2,9,0,-1,2,0,0,-1,0,0,0,0,0,0,2,1,-1,6,-1,-1,-1,1498,1,7,FORD KUGA,-1,-1,0,-1
2024501509132,2024,501509132,2,9,0,-1,19,1,5,-1,0,8,0,0,1,0,4,1,-1,9,2,79,11,2488,8,0,FORD KUGA,9,E01031973,0,5
2024461456693,2024,461456693,1,9,0,-1,10,5,3,-1,0,8,0,0,0,0,0,1,-1,1,2,26,6,1995,2,2,FORD KUGA,2,E01024477,0,2
2024010530149,2024,010530149,2,9,9,3,3,3,7,0,0,2,0,0,0,0,2,9,6,6,1,51,8,1498,1,5,FORD KUGA,4,E01000722,0,3
2024531453060,2024,531453060,2,9,0,-1,19,5,1,-1,0,1,0,0,0,0,4,1,-1,9,1,53,8,2488,8,3,FORD KUGA,10,E01015563,0,3
2024421446413,2024,421446413,1,9,0,-1,19,3,7,-1,9,1,0,0,0,0,1,1,-1,6,1,17,4,1997,2,10,FORD KUGA,1,E01015880,0,1
2024340WN1562,2024,340WN1562,2,9,0,-1,19,4,8,-1,0,1,0,0,0,0,3,1,-1,9,2,45,7,1997,2,11,FORD KUGA,8,E01027325,0,3
2024131462785,2024,131462785,2,9,0,-1,9,5,2,-1,0,3,0,0,0,0,1,1,-1,1,1,62,9,1997,2,10,FORD KUGA,1,E01011850,0,1
2024461412217,2024,461412217,2,9,0,-1,19,4,8,-1,0,8,0,0,0,0,4,1,-1,9,1,45,7,2488,8,2,FORD KUGA,1,E01024666,0,3
2024041442386,2024,041442386,1,9,0,-1,19,6,3,-1,0,8,0,0,0,0,1,1,-1,9,1,17,4,1997,2,13,FORD KUGA,4,E01025544,0,1
2024052400409,2024,052400409,2,9,0,18,19,5,1,0,0,2,0,0,0,0,3,1,6,6,2,30,6,1997,2,10,FORD KUGA,1,E01007162,0,1
2024351498307,2024,351498307,1,9,0,-1,19,1,5,-1,0,0,0,7,7,0,3,1,-1,6,1,56,9,1496,1,0,FORD KUGA,8,E01018203,0,1
2024010514340,2024,010514340,2,9,0,99,99,9,9,99,99,9,9,99,9,99,1,9,6,6,3,-1,-1,1997,2,13,FORD KUGA,7,E01002338,0,1
2024010532353,2024,010532353,1,9,0,9,9,5,2,0,0,1,0,0,0,0,3,1,1,1,1,52,8,1498,1,7,FORD KUGA,9,E01030856,0,1
2024411515831,2024,411515831,1,9,0,-1,4,1,5,-1,0,0,0,0,0,0,1,1,-1,6,2,36,7,1997,2,10,FORD KUGA,5,E01024086,0,5
2024061409424,2024,061409424,1,9,0,-1,19,1,5,-1,0,0,0,0,0,0,1,1,-1,9,1,42,7,1997,2,14,FORD KUGA,1,E01005564,0,1
2024010519850,2024,010519850,2,9,0,99,99,9,9,99,99,1,9,99,9,99,2,9,6,6,2,51,8,2488,8,1,FORD KUGA,10,E01000423,0,2
2024041451144,2024,041451144,2,9,0,-1,4,3,7,-1,0,0,0,0,0,0,2,1,-1,9,1,60,9,1498,1,7,FORD KUGA,4,E01012634,0,3
2024471458829,2024,471458829,2,9,0,-1,9,3,7,-1,0,5,0,0,0,0,1,1,-1,6,2,48,8,2488,8,2,FORD KUGA,10,E01031703,0,2
2024421489900,2024,421489900,2,9,0,-1,19,1,5,-1,0,4,0,0,0,0,1,1,-1,9,1,39,7,1496,1,0,FORD KUGA,2,E01002277,0,4
2024552400949,2024,552400949,2,9,0,4,4,3,7,0,0,0,0,0,0,0,2,1,6,6,1,59,9,1498,1,5,FORD KUGA,6,E01017176,0,4
2024631461674,2024,631461674,1,9,0,-1,9,6,3,-1,0,5,0,0,0,0,3,1,-1,6,2,71,10,1997,2,9,FORD KUGA,3,W01000688,0,1
2024010506957,2024,010506957,1,9,0,5,5,0,3,0,0,1,0,0,0,0,3,1,6,6,1,51,8,1499,2,7,FORD KUGA,5,E01002607,0,1
2024141408069,2024,141408069,2,9,0,-1,19,4,8,-1,0,8,0,0,0,0,1,2,-1,1,1,67,10,1496,1,2,FORD KUGA,10,E01007954,0,1
2024332401005,2024,332401005,3,9,0,-1,2,0,0,-1,9,0,0,0,0,0,4,1,-1,6,3,-1,-1,1997,2,6,FORD KUGA,-1,-1,0,-1
2024522401175,2024,522401175,1,9,0,18,19,1,5,0,0,8,5,0,1,0,3,1,6,6,1,87,11,1997,2,6,FORD KUGA,7,E01014858,0,1
2024311525242,2024,311525242,1,9,0,-1,19,4,6,-1,0,0,1,4,0,0,1,1,-1,9,1,31,6,1997,2,16,FORD KUGA,5,E01028305,0,4
2024991511621,2024,991511621,1,9,0,-1,19,1,5,-1,0,1,0,0,7,0,1,1,-1,6,1,33,6,1997,2,11,FORD KUGA,1,-1,0,1
2024061401002,2024,061401002,1,9,0,-1,9,3,1,-1,0,8,0,0,0,0,3,9,-1,1,1,36,7,1498,1,8,FORD KUGA,5,E01006006,0,1
202454A492724,2024,54A492724,2,9,0,18,19,3,7,0,0,0,2,0,7,0,1,1,2,2,1,54,8,1995,2,4,FORD KUGA,9,E01023197,0,4
2024131466585,2024,131466585,1,9,0,-1,19,1,5,-1,0,0,0,0,1,0,0,1,-1,9,2,62,9,1997,2,8,FORD KUGA,2,E01011862,0,1
2024421526326,2024,421526326,2,9,0,-1,19,7,3,-1,0,0,0,0,0,0,1,1,-1,9,2,64,9,1997,2,13,FORD KUGA,5,E01021976,0,2
2024010539148,2024,010539148,2,9,0,18,19,5,1,0,0,8,0,0,0,0,2,1,6,6,1,60,9,2488,8,0,FORD KUGA,-1,-1,0,-1
2024361414657,2024,361414657,2,9,0,-1,4,7,3,-1,0,0,0,0,0,0,2,1,-1,9,2,42,7,1496,1,1,FORD KUGA,4,E01026713,0,2
2024631474148,2024,631474148,2,9,0,-1,10,6,3,-1,0,8,0,0,0,0,2,1,-1,6,2,55,8,1997,2,13,FORD KUGA,9,W01000444,0,3
2024471489768,2024,471489768,1,9,0,-1,19,5,1,-1,0,8,0,0,1,2,1,1,-1,9,1,45,7,1997,2,8,FORD KUGA,3,E01031453,0,2
2024311454972,2024,311454972,1,9,0,-1,19,3,7,-1,0,0,1,11,0,0,1,1,-1,6,1,51,8,2488,8,1,FORD KUGA,1,E01007809,0,4
2024010516215,2024,010516215,1,9,0,18,19,7,3,0,0,1,0,0,0,0,4,1,6,6,1,37,7,1496,1,1,FORD KUGA,2,E01000042,0,4
2024101451281,2024,101451281,2,9,0,-1,3,6,2,-1,0,8,0,0,0,0,2,1,-1,9,1,70,10,2488,8,3,FORD KUGA,3,E01008536,0,1
2024052401729,2024,052401729,7,9,0,18,19,4,8,0,0,0,0,0,0,0,2,1,6,6,1,31,6,1997,2,9,FORD KUGA,3,E01006273,0,4
2024010498164,2024,010498164,1,9,0,18,19,1,5,0,0,0,0,0,0,0,3,1,6,6,2,38,7,1498,1,5,FORD KUGA,10,E01030387,0,1
2024161508208,2024,161508208,2,9,0,-1,9,4,2,-1,0,8,0,0,0,0,4,1,-1,9,2,40,7,1498,1,5,FORD KUGA,3,E01034752,0,1
2024552400114,2024,552400114,3,9,0,4,4,4,8,0,0,0,0,0,0,0,2,1,6,6,1,40,7,1997,2,10,FORD KUGA,9,E01034378,0,4
2024411473688,2024,411473688,2,9,-1,-1,-1,-1,-1,-1,-1,0,-1,-1,-1,0,2,9,-1,9,2,60,9,1995,2,4,FORD KUGA,5,E01024198,0,5
2024010532223,2024,010532223,1,9,0,99,99,9,9,99,99,9,9,99,9,99,9,9,6,6,1,79,11,2488,8,0,FORD KUGA,10,E01021242,0,4
2024211413023,2024,211413023,1,9,0,-1,19,1,5,-1,0,0,0,0,0,0,1,1,-1,9,2,42,7,1499,2,6,FORD KUGA,4,E01029535,0,1
2024461498916,2024,461498916,2,9,0,-1,19,5,1,-1,0,0,0,0,0,0,2,9,-1,2,2,36,7,2488,8,3,FORD KUGA,7,E01024691,0,1
202417S100224,2024,17S100224,1,9,0,18,19,3,7,0,0,0,0,0,0,0,0,1,6,6,1,43,7,1997,2,9,FORD KUGA,5,E01008788,0,4
2024010551600,2024,010551600,1,9,0,3,3,5,1,0,0,1,0,0,0,0,2,1,1,1,2,33,6,2488,8,3,FORD KUGA,10,E01033189,0,4
2024101478483,2024,101478483,1,9,0,-1,4,7,3,-1,0,0,0,0,0,0,2,1,-1,9,2,55,8,1997,2,9,FORD KUGA,-1,-1,0,-1
2024111495110,2024,111495110,1,9,0,-1,19,6,2,-1,0,1,0,0,0,0,1,1,-1,6,1,30,6,1997,2,7,FORD KUGA,-1,-1,0,-1
2024010546445,2024,010546445,1,9,0,-1,-1,7,3,0,0,8,0,0,0,0,3,1,6,6,2,36,7,1499,2,6,FORD KUGA,-1,-1,0,-1
2024501485099,2024,501485099,1,9,0,-1,19,3,7,-1,0,0,0,0,0,0,1,1,-1,6,1,74,10,1997,2,5,FORD KUGA,5,E01018946,0,1
2024141495174,2024,141495174,2,9,0,-1,19,4,8,-1,0,0,0,0,0,0,0,9,-1,6,1,-1,-1,1997,2,9,FORD KUGA,-1,-1,0,-1
2024451436220,2024,451436220,2,9,0,-1,19,2,6,-1,0,0,0,0,0,0,2,1,-1,2,1,32,6,1997,2,13,FORD KUGA,7,E01030648,0,2