collision_index,collision_year,collision_ref_no,vehicle_reference,vehicle_type,towing_and_articulation,vehicle_manoeuvre_historic,vehicle_manoeuvre,vehicle_direction_from,vehicle_direction_to,vehicle_location_restricted_lane_historic,vehicle_location_restricted_lane,junction_location,skidding_and_overturning,hit_object_in_carriageway,vehicle_leaving_carriageway,hit_object_off_carriageway,first_point_of_impact,vehicle_left_hand_drive,journey_purpose_of_driver_historic,journey_purpose_of_driver,sex_of_driver,age_of_driver,age_band_of_driver,engine_capacity_cc,propulsion_code,age_of_vehicle,generic_make_model,driver_imd_decile,lsoa_of_driver,escooter_flag,driver_distance_banding
2024991534525,2024,991534525,1,9,0,-1,19,7,3,-1,0,0,0,0,0,0,1,1,-1,9,2,33,6,1997,2,13,FORD KUGA,1,-1,0,1
2024440410994,2024,440410994,1,9,0,9,9,2,8,0,0,6,0,0,0,0,0,1,6,6,1,75,10,1498,1,6,FORD KUGA,6,E01022941,0,1
2024340WN2372,2024,340WN2372,2,9,0,-1,9,5,3,-1,0,5,0,0,7,1,3,1,-1,9,1,63,9,2488,8,2,FORD KUGA,1,E01027140,0,1
2024361519890,2024,361519890,2,9,0,-1,4,-1,-1,-1,0,0,1,0,0,0,2,1,-1,6,2,44,7,1997,2,9,FORD KUGA,10,E01026915,0,2
2024122500112,2024,122500112,2,9,0,2,2,0,0,0,0,1,0,0,0,0,1,1,6,6,3,-1,-1,1499,2,7,FORD KUGA,-1,-1,0,-1
2024041470312,2024,041470312,2,9,0,-1,19,8,4,-1,0,1,1,0,0,0,1,1,-1,9,2,29,6,2488,8,1,FORD KUGA,9,E01025256,0,1
2024010539625,2024,010539625,2,9,0,18,19,9,9,99,99,9,9,99,9,99,1,9,6,6,3,-1,-1,1498,1,5,FORD KUGA,-1,-1,0,-1
2024531403179,2024,531403179,1,9,0,-1,19,5,1,-1,0,8,0,0,3,0,1,1,-1,1,1,58,9,2488,8,2,FORD KUGA,9,E01022466,0,1
2024010526368,2024,010526368,1,9,0,18,19,1,5,0,0,1,0,0,0,0,1,1,2,2,1,51,8,1498,1,8,FORD KUGA,7,E01024316,0,4
2024522402850,2024,522402850,2,9,0,9,9,3,1,0,0,6,0,0,0,0,1,1,6,6,3,-1,-1,1997,2,14,FORD KUGA,-1,-1,0,-1
2024010549440,2024,010549440,1,9,0,3,3,7,3,0,0,1,0,0,0,0,2,1,6,6,1,40,7,1997,2,9,FORD KUGA,3,E01034201,0,1
2024131509552,2024,131509552,2,9,0,-1,19,5,1,-1,0,0,0,0,0,0,2,1,-1,9,2,29,6,1997,2,11,FORD KUGA,2,E01011752,0,2
2024501443350,2024,501443350,1,9,0,-1,7,1,7,-1,0,6,0,0,0,0,3,1,-1,9,2,39,7,1995,2,2,FORD KUGA,3,E01015143,0,1
2024421503246,2024,421503246,1,9,0,-1,19,1,5,-1,0,0,0,4,0,0,1,9,-1,6,3,30,6,2488,8,0,FORD KUGA,-1,-1,0,-1
2024010499217,2024,010499217,2,9,0,18,19,7,3,0,0,1,0,0,0,0,1,1,6,6,3,-1,-1,1997,2,6,FORD KUGA,-1,-1,0,-1
2024320666716,2024,320666716,1,9,0,9,9,2,7,0,0,5,0,0,0,0,4,1,6,6,2,23,5,1997,2,10,FORD KUGA,7,E01026179,0,3
2024010502078,2024,010502078,1,9,0,18,19,7,3,0,0,0,0,0,0,0,3,1,6,6,1,31,6,1995,2,2,FORD KUGA,3,E01003581,0,1
2024311411341,2024,311411341,1,9,0,-1,9,2,8,-1,0,1,0,0,0,0,4,1,-1,6,2,77,11,1997,2,14,FORD KUGA,8,E01028358,0,2
2024041408970,2024,041408970,1,9,0,-1,19,3,7,-1,0,0,0,0,0,0,1,1,-1,9,1,37,7,1997,2,11,FORD KUGA,8,E01011181,0,4
2024991429009,2024,991429009,1,9,0,-1,19,4,8,-1,0,0,0,0,0,0,0,1,-1,9,2,67,10,1997,2,12,FORD KUGA,4,-1,0,4
2024052400060,2024,052400060,1,9,0,16,19,5,1,0,0,0,2,0,5,11,1,1,6,6,1,29,6,1496,1,1,FORD KUGA,2,E01006786,0,1
2024010551071,2024,010551071,1,9,0,99,99,9,9,99,99,9,9,99,9,99,2,9,6,6,1,44,7,2488,8,3,FORD KUGA,3,E01030608,0,3
2024461397748,2024,461397748,1,9,0,-1,19,2,5,-1,0,0,0,0,0,0,3,1,-1,6,1,48,8,1997,2,11,FORD KUGA,7,E01016123,0,1
2024421494995,2024,421494995,2,9,0,-1,19,6,2,-1,0,8,0,0,0,0,1,1,-1,9,1,52,8,2488,8,2,FORD KUGA,7,E01022088,0,1
2024332401165,2024,332401165,2,9,0,-1,9,1,7,-1,0,6,0,0,0,0,1,1,-1,6,1,-1,-1,1498,1,6,FORD KUGA,3,E01013739,0,1
2024141399648,2024,141399648,2,9,0,-1,19,1,5,-1,0,0,0,0,0,0,1,1,-1,6,2,-1,-1,1997,2,9,FORD KUGA,8,E01034242,0,2
2024010543485,2024,010543485,2,9,0,18,19,3,7,0,0,0,0,0,0,0,1,1,6,6,1,27,6,1997,2,7,FORD KUGA,6,E01001652,0,1
2024461492889,2024,461492889,2,9,0,-1,19,1,5,-1,0,1,0,0,0,0,4,9,-1,9,2,34,6,1499,2,7,FORD KUGA,4,E01016157,0,1
2024302400984,2024,302400984,2,9,0,18,19,8,4,0,0,1,0,0,0,0,1,1,6,6,2,57,9,1499,2,5,FORD KUGA,5,E01013515,0,1
2024010514547,2024,010514547,1,9,0,99,99,9,9,99,99,0,9,99,9,99,2,9,6,6,1,43,7,2488,8,2,FORD KUGA,5,E01003495,0,1
2024471520181,2024,471520181,2,9,0,-1,3,7,3,-1,0,0,0,0,0,0,2,1,-1,1,2,27,6,1498,1,6,FORD KUGA,1,E01021136,0,1
2024311505163,2024,311505163,1,9,0,-1,19,2,6,-1,0,1,0,0,0,0,1,1,-1,6,1,73,10,1997,2,6,FORD KUGA,-1,-1,0,-1
2024622400211,2024,622400211,2,9,0,5,5,8,3,0,0,0,0,0,0,0,1,1,6,6,1,55,8,1997,2,11,FORD KUGA,2,W01001275,0,1
2024440063336,2024,440063336,2,9,0,18,19,8,4,0,0,1,0,0,0,0,1,1,6,6,2,36,7,1997,2,15,FORD KUGA,7,E01034722,0,1
2024211474873,2024,211474873,1,9,0,-1,-1,-1,-1,-1,-1,0,-1,-1,-1,0,-1,1,-1,6,1,48,8,1997,2,15,FORD KUGA,1,E01010318,0,3
2024991430188,2024,991430188,2,9,0,-1,19,2,6,-1,0,0,0,0,0,0,2,1,-1,9,2,62,9,1499,2,7,FORD KUGA,2,-1,0,4
2024201534092,2024,201534092,1,9,0,-1,19,6,2,-1,0,0,0,0,0,0,1,1,-1,6,1,45,7,1997,2,8,FORD KUGA,1,E01009173,0,1
2024131491139,2024,131491139,1,9,0,-1,4,8,4,-1,0,0,0,0,0,0,1,1,-1,9,1,36,7,1596,1,10,FORD KUGA,4,E01011482,0,1
2024320709274,2024,320709274,2,9,0,-1,-1,8,4,0,0,0,0,0,1,0,3,1,6,6,2,60,9,2488,8,1,FORD KUGA,-1,-1,0,-1
2024221471295,2024,221471295,1,9,0,-1,3,7,2,-1,0,0,0,0,0,0,2,1,-1,6,2,40,7,1997,2,14,FORD KUGA,2,E01032453,0,1
2024522402053,2024,522402053,2,9,0,2,2,0,0,0,0,0,0,0,0,0,1,1,6,6,3,-1,-1,1997,2,14,FORD KUGA,-1,-1,0,-1
2024610038824,2024,610038824,3,9,0,18,19,7,3,0,0,8,0,0,0,0,3,1,2,2,1,42,7,1498,1,6,FORD KUGA,5,W01001603,0,2
2024471443111,2024,471443111,2,9,0,-1,3,7,3,-1,0,0,0,0,0,0,2,1,-1,6,2,32,6,1997,2,9,FORD KUGA,8,E01021180,0,3
2024111447526,2024,111447526,1,9,0,-1,4,3,7,-1,9,0,0,0,7,0,3,1,-1,9,2,72,10,1997,2,8,FORD KUGA,1,E01020901,0,1
2024421510033,2024,421510033,1,9,0,-1,19,1,5,-1,0,0,0,0,0,0,4,1,-1,2,2,43,7,1997,2,9,FORD KUGA,3,E01021321,0,1
2024010544704,2024,010544704,1,9,0,99,99,9,9,99,99,9,9,99,9,99,9,9,2,2,2,35,6,2488,8,0,FORD KUGA,4,E01015947,0,4
2024010521105,2024,010521105,1,9,0,18,19,5,1,0,0,0,0,0,0,0,1,1,2,2,2,59,9,1498,1,7,FORD KUGA,10,E01000814,0,2
2024361413370,2024,361413370,2,9,0,-1,5,1,6,-1,0,0,0,0,0,0,4,9,-1,6,1,69,10,1997,2,7,FORD KUGA,6,E01026446,0,1
2024531508349,2024,531508349,2,9,0,-1,7,4,8,-1,0,2,0,0,0,0,2,9,-1,2,2,39,7,1498,1,5,FORD KUGA,8,E01022255,0,1
2024131534511,2024,131534511,1,9,0,-1,19,3,7,-1,0,0,0,0,0,0,3,1,-1,6,1,73,10,2488,8,1,FORD KUGA,6,E01011127,0,1
2024041395193,2024,041395193,2,9,0,-1,19,1,5,-1,0,0,0,0,0,0,3,1,-1,9,1,39,7,1499,2,4,FORD KUGA,3,E01012691,0,2
2024201416820,2024,201416820,1,9,0,-1,19,2,6,-1,0,2,0,0,0,0,1,9,-1,9,1,63,9,1997,2,13,FORD KUGA,4,E01009779,0,3
2024201506721,2024,201506721,1,9,0,-1,19,7,4,-1,0,8,0,0,0,0,1,1,-1,9,1,31,6,1995,2,2,FORD KUGA,1,E01009342,0,1
2024340NN3982,2024,340NN3982,1,9,0,-1,19,3,7,-1,0,6,0,0,0,0,1,1,-1,9,2,62,9,1997,2,7,FORD KUGA,7,E01032963,0,1
2024461419193,2024,461419193,2,9,0,-1,4,1,5,-1,0,0,0,0,0,0,2,9,-1,2,2,32,6,1997,2,8,FORD KUGA,1,E01024616,0,4
2024311525312,2024,311525312,3,9,0,-1,2,0,0,-1,-1,0,0,4,0,0,2,1,-1,6,2,38,7,1997,2,10,FORD KUGA,-1,-1,0,-1
2024451471665,2024,451471665,2,9,0,-1,9,7,3,-1,0,1,0,0,0,0,2,2,-1,6,1,55,8,1498,1,5,FORD KUGA,3,E01023144,0,3
2024501491785,2024,501491785,2,9,0,-1,5,4,8,-1,0,6,0,0,0,0,1,1,-1,9,1,60,9,1498,1,6,FORD KUGA,2,E01002528,0,5
2024461413266,2024,461413266,1,9,0,-1,19,1,5,-1,0,1,0,0,0,0,1,9,-1,6,1,-1,-1,2488,8,3,FORD KUGA,7,E01024576,0,1
2024451526100,2024,451526100,1,9,0,-1,19,8,4,-1,0,0,0,0,0,0,1,1,-1,9,2,33,6,1997,2,8,FORD KUGA,8,E01030817,0,2
2024070626577,2024,070626577,2,9,0,18,19,6,5,0,0,1,0,0,0,0,3,1,6,6,1,-1,-1,1997,2,8,FORD KUGA,-1,-1,0,-1
2024461454166,2024,461454166,2,9,0,-1,19,5,3,-1,0,8,0,0,0,0,2,9,-1,6,1,67,10,1498,1,7,FORD KUGA,2,E01024214,0,3
2024991413484,2024,991413484,1,9,0,-1,19,2,6,-1,0,0,0,0,1,7,1,1,-1,9,1,41,7,1499,2,7,FORD KUGA,3,-1,0,4
2024201431695,2024,201431695,1,9,0,-1,4,2,6,-1,0,0,0,0,0,0,3,1,-1,9,2,36,7,2488,8,1,FORD KUGA,6,E01010247,0,2
2024631503153,2024,631503153,1,9,0,-1,19,1,5,-1,0,8,0,0,0,0,3,1,-1,9,2,26,6,1997,2,11,FORD KUGA,5,W01000697,0,1
2024991421088,2024,991421088,2,9,0,-1,19,5,1,-1,0,0,0,0,0,0,1,1,-1,6,1,63,9,1997,2,9,FORD KUGA,-1,-1,0,-1
2024201509976,2024,201509976,2,9,0,-1,3,5,1,-1,0,0,0,0,0,0,2,9,-1,6,1,73,10,2488,8,1,FORD KUGA,10,E01010392,0,2
2024070824274,2024,070824274,1,9,0,-1,9,3,1,-1,0,5,0,0,0,0,1,1,-1,9,1,83,11,2488,8,1,FORD KUGA,6,E01012423,0,1
2024221513919,2024,221513919,1,9,0,-1,19,7,3,-1,0,0,0,10,7,0,1,9,-1,9,1,81,11,1997,2,5,FORD KUGA,7,E01018449,0,2
2024221516133,2024,221516133,1,9,0,-1,19,3,8,-1,0,0,0,0,1,4,1,9,-1,6,1,70,10,1498,1,8,FORD KUGA,5,E01032172,0,1
2024070170369,2024,070170369,2,9,0,2,2,5,1,0,0,1,0,0,0,0,0,1,6,6,2,31,6,1997,2,8,FORD KUGA,7,E01018429,0,2
2024101483892,2024,101483892,2,9,0,-1,3,5,1,-1,0,8,0,0,0,0,2,1,-1,6,1,73,10,1997,2,9,FORD KUGA,2,E01008282,0,3
2024332400048,2024,332400048,1,9,0,-1,9,8,4,-1,0,6,0,0,0,0,4,1,-1,9,1,38,7,1997,2,16,FORD KUGA,2,E01015641,0,4
2024010523416,2024,010523416,2,9,0,18,19,7,3,0,0,1,0,0,0,0,3,1,6,6,1,35,6,2488,8,1,FORD KUGA,4,E01003484,0,1
2024201516622,2024,201516622,3,9,0,-1,19,5,1,-1,0,2,0,0,0,0,0,9,-1,9,2,29,6,1997,2,9,FORD KUGA,4,E01032537,0,1
2024991444818,2024,991444818,2,9,0,-1,19,7,3,-1,0,3,0,0,0,0,4,1,-1,9,1,33,6,1997,2,5,FORD KUGA,3,-1,0,1
2024010516938,2024,010516938,1,9,0,1,1,1,5,0,0,5,0,0,0,0,2,1,6,6,1,34,6,2488,8,2,FORD KUGA,3,E01003221,0,3
2024501523535,2024,501523535,1,9,0,-1,7,4,6,-1,0,1,0,0,0,0,1,1,-1,6,2,48,8,1498,1,8,FORD KUGA,-1,-1,0,-1
2024401513378,2024,401513378,1,9,0,-1,13,7,3,-1,0,0,0,0,0,0,3,1,-1,2,1,39,7,1596,1,11,FORD KUGA,3,E01017580,0,2
2024070122408,2024,070122408,2,9,0,18,19,7,3,0,0,1,0,0,1,11,1,1,6,6,1,51,8,1997,2,16,FORD KUGA,2,E01007218,0,3
2024010500083,2024,010500083,1,9,0,9,9,1,7,0,0,8,0,0,0,0,1,1,6,6,1,42,7,1496,1,1,FORD KUGA,8,E01030698,0,4
2024522500159,2024,522500159,2,9,0,4,4,4,8,0,0,0,0,0,0,0,2,1,6,6,1,31,6,1997,2,6,FORD KUGA,1,E01014516,0,2
2024421453650,2024,421453650,2,9,0,-1,3,6,3,-1,0,0,0,0,0,0,2,1,-1,6,2,58,9,2488,8,2,FORD KUGA,10,E01002253,0,2
2024332400722,2024,332400722,1,9,0,-1,7,6,8,-1,0,5,0,0,0,0,1,1,-1,2,1,36,7,1997,2,14,FORD KUGA,5,E01025716,0,1
2024440231041,2024,440231041,2,9,0,9,9,3,1,0,0,6,0,0,0,0,3,1,6,6,2,33,6,1997,2,15,FORD KUGA,9,E01022881,0,1
2024010548897,2024,010548897,3,9,0,4,4,5,1,0,0,0,0,0,0,0,2,1,6,6,2,40,7,1498,1,9,FORD KUGA,3,E01021326,0,4
2024421408407,2024,421408407,2,9,0,-1,19,8,4,-1,0,8,0,0,0,0,4,1,-1,9,2,32,6,2488,8,2,FORD KUGA,5,E01021484,0,1
2024101512470,2024,101512470,2,9,0,-1,19,5,2,-1,0,8,0,0,0,0,4,9,-1,6,1,36,7,1997,2,10,FORD KUGA,3,E01008451,0,1
2024520402533,2024,520402533,1,9,0,11,11,2,5,0,0,1,0,0,0,0,3,1,6,6,2,46,8,1997,2,10,FORD KUGA,8,E01035128,0,1
2024141470021,2024,141470021,2,9,0,-1,4,5,1,-1,0,1,0,0,0,0,1,1,-1,9,2,45,7,1997,2,14,FORD KUGA,1,E01007568,0,1
2024421481931,2024,421481931,3,9,0,-1,19,3,3,-1,0,0,0,0,0,0,2,1,-1,9,2,44,7,1997,2,11,FORD KUGA,9,E01021383,0,4
2024231431128,2024,231431128,2,9,0,-1,6,7,7,-1,0,0,0,0,0,0,1,1,-1,9,1,44,7,1498,1,7,FORD KUGA,3,E01031006,0,1
2024371488304,2024,371488304,1,9,0,-1,10,-1,-1,-1,0,0,0,0,0,0,1,1,-1,6,1,-1,-1,1997,2,10,FORD KUGA,-1,-1,0,-1
2024052401408,2024,052401408,2,9,0,18,19,8,4,0,0,1,0,0,0,0,1,1,2,2,1,31,6,1498,1,5,FORD KUGA,6,E01006773,0,1
2024010550703,2024,010550703,1,9,0,18,19,4,8,0,0,8,0,0,0,0,1,1,6,6,1,23,5,1498,1,5,FORD KUGA,1,E01001811,0,4
2024371515550,2024,371515550,2,9,0,-1,19,2,6,-1,0,0,0,0,0,0,0,1,-1,9,1,37,7,2488,8,2,FORD KUGA,6,E01030041,0,1
2024041440977,2024,041440977,1,9,0,-1,19,7,3,-1,0,0,0,0,0,0,4,1,-1,9,2,33,6,2488,8,0,FORD KUGA,4,-1,0,5
2024340NN2722,2024,340NN2722,2,9,0,-1,4,3,7,-1,0,0,0,0,0,0,2,1,-1,9,2,43,7,1997,2,11,FORD KUGA,2,E01027195,0,3
2024461498020,2024,461498020,3,9,0,-1,3,5,1,-1,0,0,0,0,0,0,2,9,-1,6,2,27,6,1997,2,10,FORD KUGA,5,E01035299,0,1
2024522402432,2024,522402432,2,9,0,5,5,9,9,0,0,6,0,0,0,0,9,1,6,6,2,-1,-1,1499,2,6,FORD KUGA,2,E01014630,0,1
2024461445016,2024,461445016,2,9,0,-1,19,1,5,-1,0,8,0,0,0,0,4,9,-1,6,2,40,7,1997,2,10,FORD KUGA,4,E01016151,0,1
2024061505382,2024,061505382,2,9,0,-1,2,2,1,-1,0,0,0,0,0,0,2,1,-1,9,2,31,6,1498,1,7,FORD KUGA,2,E01006218,0,1
2024440326067,2024,440326067,2,9,0,18,19,7,3,0,0,1,0,0,0,0,1,1,6,6,2,30,6,1499,2,3,FORD KUGA,5,E01022556,0,4
2024161535040,2024,161535040,1,9,0,-1,19,5,1,-1,0,1,0,0,0,0,1,9,-1,6,1,62,9,1997,2,6,FORD KUGA,6,E01012982,0,2
2024041523826,2024,041523826,2,9,0,-1,19,5,8,-1,0,8,0,0,0,0,4,1,-1,2,2,37,7,1997,2,7,FORD KUGA,1,E01025579,0,2
2024631434923,2024,631434923,1,9,0,-1,12,2,6,-1,0,0,5,0,0,0,1,1,-1,9,2,69,10,1496,1,1,FORD KUGA,7,W01000447,0,2
2024010538338,2024,010538338,1,9,0,1,1,3,7,0,0,0,0,0,0,0,2,1,6,6,1,75,10,1997,2,7,FORD KUGA,8,E01017813,0,1
2024522500038,2024,522500038,1,9,0,18,19,3,7,0,0,0,0,0,0,0,0,1,1,1,1,-1,-1,1997,2,7,FORD KUGA,10,E01014793,0,3
2024631505380,2024,631505380,2,9,0,-1,19,4,8,-1,0,0,0,0,0,0,3,1,-1,2,2,38,7,1997,2,9,FORD KUGA,5,W01000559,0,1
2024461520573,2024,461520573,2,9,0,-1,5,3,2,-1,0,6,0,0,0,0,1,1,-1,6,2,81,11,1499,2,5,FORD KUGA,7,E01024232,0,1
2024101439967,2024,101439967,2,9,0,-1,5,5,1,-1,0,1,0,0,0,0,3,1,-1,6,1,51,8,1995,2,2,FORD KUGA,8,E01008444,0,1
2024351434523,2024,351434523,3,9,0,-1,19,1,1,-1,0,0,1,0,0,0,3,1,-1,6,1,66,10,1997,2,9,FORD KUGA,4,E01006625,0,5
2024010550555,2024,010550555,2,9,0,-1,-1,7,3,0,0,8,0,0,0,0,1,1,6,6,1,32,6,2488,8,0,FORD KUGA,6,E01001998,0,1
2024421489498,2024,421489498,1,9,0,-1,19,5,1,-1,0,0,0,0,0,0,1,1,-1,6,1,28,6,1997,2,13,FORD KUGA,3,E01021596,0,3
2024610035224,2024,610035224,1,9,0,4,4,6,2,0,0,0,0,0,0,0,2,1,6,6,1,39,7,1997,2,10,FORD KUGA,9,E01035267,0,5
2024440378816,2024,440378816,1,9,0,5,5,4,2,0,0,6,0,0,0,0,4,1,6,6,1,47,8,1997,2,7,FORD KUGA,10,E01022874,0,2
2024320751072,2024,320751072,2,9,0,-1,-1,8,4,0,0,3,0,0,0,0,2,1,-1,-1,2,55,8,1997,2,8,FORD KUGA,-1,-1,0,-1
2024041430162,2024,041430162,2,9,0,-1,7,3,7,-1,0,0,0,0,0,0,2,1,-1,1,1,37,7,1997,2,11,FORD KUGA,8,E01024923,0,1
2024221419472,2024,221419472,4,9,0,-1,2,0,0,-1,0,2,0,0,0,0,3,1,-1,9,1,59,9,2488,8,2,FORD KUGA,6,E01032480,0,2
2024461508199,2024,461508199,1,9,0,-1,5,3,4,-1,0,0,0,0,0,0,3,9,-1,6,2,51,8,1498,1,5,FORD KUGA,5,E01016158,0,1
2024320429724,2024,320429724,2,9,0,7,7,8,2,0,0,5,0,0,0,0,1,1,-1,-1,1,60,9,1997,2,5,FORD KUGA,5,E01032995,0,1
2024991473813,2024,991473813,3,9,0,-1,9,3,1,-1,0,8,0,0,0,0,1,1,-1,1,1,25,5,1995,2,2,FORD KUGA,-1,-1,0,-1
2024421523838,2024,421523838,3,9,0,-1,2,0,0,-1,9,0,0,0,0,0,3,1,-1,6,-1,-1,-1,1997,2,12,FORD KUGA,-1,-1,0,-1
2024131491136,2024,131491136,2,9,0,-1,5,5,1,-1,0,1,0,0,0,0,2,1,-1,9,1,62,9,2488,8,1,FORD KUGA,3,E01010950,0,1
2024461495932,2024,461495932,2,9,0,-1,4,1,6,-1,0,0,0,0,0,0,1,1,-1,9,2,56,9,2488,8,2,FORD KUGA,7,E01024350,0,1
2024010501697,2024,010501697,1,9,0,18,19,1,5,0,0,1,0,0,0,0,1,1,6,6,2,31,6,2488,8,1,FORD KUGA,4,E01004526,0,1
2024071050082,2024,071050082,3,9,0,-1,19,5,1,-1,0,0,1,0,0,7,2,1,-1,9,1,56,9,2488,8,1,FORD KUGA,5,E01018496,0,3
2024231486666,2024,231486666,2,9,0,-1,19,3,7,-1,0,8,0,0,0,0,1,1,-1,2,1,51,8,1995,2,2,FORD KUGA,2,E01031065,0,2
2024461508646,2024,461508646,2,9,0,-1,4,5,1,-1,0,0,0,0,0,0,2,1,-1,9,1,69,10,2488,8,1,FORD KUGA,2,E01024170,0,1
2024320452914,2024,320452914,1,9,0,-1,-1,8,4,0,0,0,5,0,1,1,1,1,-1,-1,1,72,10,1997,2,10,FORD KUGA,7,E01015686,0,4
2024401407543,2024,401407543,2,9,0,-1,-1,-1,-1,-1,0,3,0,0,0,0,-1,9,-1,2,2,38,7,1596,1,11,FORD KUGA,5,E01016803,0,3
2024010530184,2024,010530184,2,9,0,99,99,9,9,99,99,0,9,99,9,99,9,9,6,6,3,-1,-1,2488,8,0,FORD KUGA,-1,-1,0,-1
2024471406188,2024,471406188,1,9,0,-1,19,7,3,-1,0,0,1,0,7,10,1,1,-1,9,1,59,9,1997,2,8,FORD KUGA,6,E01031359,0,3
2024531531214,2024,531531214,1,9,0,-1,19,1,5,-1,0,1,0,0,0,0,1,1,-1,9,1,58,9,1997,2,16,FORD KUGA,6,E01022261,0,3
2024070929715,2024,070929715,2,9,0,-1,5,1,1,-1,0,1,0,0,0,0,2,1,-1,6,2,55,8,1496,1,1,FORD KUGA,4,E01018594,0,4
2024131489256,2024,131489256,2,9,0,-1,19,1,5,-1,0,6,0,0,0,0,1,1,-1,9,2,42,7,2488,8,2,FORD KUGA,2,E01011919,0,1
2024101427800,2024,101427800,3,9,0,-1,3,1,5,-1,0,0,0,0,0,0,2,9,-1,2,2,37,7,1997,2,8,FORD KUGA,3,E01008654,0,1
2024010543321,2024,010543321,1,9,0,18,19,8,4,0,0,2,1,10,1,0,1,1,6,6,1,15,3,2488,8,0,FORD KUGA,8,E01004352,0,1
2024471426905,2024,471426905,1,9,0,-1,19,8,4,-1,0,0,0,0,0,0,1,1,-1,9,2,43,7,1499,2,6,FORD KUGA,7,E01030402,0,4
2024010546444,2024,010546444,1,9,0,18,19,3,7,0,0,1,0,0,1,11,1,1,6,6,1,77,11,2488,8,1,FORD KUGA,9,E01002960,0,1
2024520401903,2024,520401903,1,9,0,18,19,3,6,0,0,8,0,0,0,0,1,1,6,6,1,84,11,1997,2,14,FORD KUGA,4,E01014469,0,1
2024421463928,2024,421463928,1,9,0,-1,19,4,8,-1,0,4,0,0,7,0,1,1,-1,9,2,64,9,1997,2,7,FORD KUGA,10,E01022070,0,2
2024421522610,2024,421522610,2,9,0,-1,19,6,2,-1,0,0,0,0,0,0,1,1,-1,9,1,25,5,1997,2,15,FORD KUGA,8,E01021424,0,1
2024131525078,2024,131525078,1,9,0,-1,19,1,1,-1,0,0,0,0,0,0,1,1,-1,9,1,75,10,2488,8,0,FORD KUGA,2,E01010889,0,1
2024401492322,2024,401492322,1,9,0,-1,-1,-1,-1,-1,-1,-1,-1,-1,-1,0,-1,9,-1,9,2,36,7,1997,2,7,FORD KUGA,8,E01033815,0,1
2024440205619,2024,440205619,1,9,0,18,19,8,4,0,0,0,0,0,0,0,1,1,6,6,1,56,9,2488,8,1,FORD KUGA,-1,-1,0,-1
2024371529072,2024,371529072,2,9,0,-1,4,1,5,-1,0,0,0,0,0,0,1,1,-1,6,1,36,7,2488,8,1,FORD KUGA,9,E01030268,0,1
2024211436762,2024,211436762,2,9,0,-1,19,8,4,-1,0,0,0,0,0,0,2,1,-1,9,1,35,6,1997,2,9,FORD KUGA,8,E01018509,0,4
2024141396535,2024,141396535,1,9,0,-1,19,2,6,-1,0,1,0,0,0,0,1,1,-1,9,2,34,6,1997,2,15,FORD KUGA,2,E01007349,0,2
2024991401016,2024,991401016,1,9,0,-1,19,6,2,-1,0,0,0,11,0,0,1,1,-1,1,1,23,5,1995,2,2,FORD KUGA,3,-1,0,1
202417H105824,2024,17H105824,1,9,0,-1,19,5,1,-1,0,0,0,0,0,0,1,1,-1,9,1,66,10,1997,2,6,FORD KUGA,10,E01012005,0,1
2024421481224,2024,421481224,1,9,0,-1,19,3,7,-1,0,3,0,0,0,0,3,1,-1,6,1,54,8,1997,2,9,FORD KUGA,-1,-1,0,-1
2024501453305,2024,501453305,2,9,0,-1,19,1,5,-1,0,0,0,0,0,0,2,9,-1,6,2,41,7,1997,2,13,FORD KUGA,4,E01015037,0,1
2024371487085,2024,371487085,2,9,0,-1,4,3,7,-1,0,0,0,0,0,0,1,1,-1,2,1,35,6,1997,2,13,FORD KUGA,4,E01021669,0,3
2024411546742,2024,411546742,3,9,0,-1,19,6,2,-1,0,1,0,0,0,0,1,1,-1,2,2,52,8,1498,1,8,FORD KUGA,4,E01023393,0,1
2024221427837,2024,221427837,1,9,0,-1,9,6,4,-1,0,6,0,0,0,0,1,9,-1,6,1,21,5,1997,2,15,FORD KUGA,-1,-1,0,-1
2024522402729,2024,522402729,2,9,0,18,19,4,7,0,0,4,0,0,0,0,4,1,6,6,1,62,9,1997,2,9,FORD KUGA,2,E01014660,0,1
2024421467750,2024,421467750,2,9,0,-1,3,8,3,-1,0,0,0,0,0,0,2,1,-1,6,2,42,7,1498,1,8,FORD KUGA,4,E01021842,0,1
2024361410950,2024,361410950,2,9,0,-1,19,1,5,-1,0,0,0,0,0,0,0,9,-1,6,2,68,10,1997,2,5,FORD KUGA,3,E01026782,0,1
2024211421042,2024,211421042,2,9,0,-1,4,3,7,-1,0,0,0,0,0,0,2,1,-1,6,2,30,6,1997,2,14,FORD KUGA,8,E01029616,0,1
2024421525565,2024,421525565,2,9,0,-1,19,3,7,-1,0,0,0,0,0,0,1,1,-1,2,2,40,7,1499,2,6,FORD KUGA,7,E01015966,0,1
2024430491233,2024,430491233,1,9,0,18,19,5,1,0,0,4,0,0,0,0,1,1,6,6,2,32,6,1997,2,7,FORD KUGA,-1,-1,0,-1