collision_index,collision_year,collision_ref_no,vehicle_reference,vehicle_type,towing_and_articulation,vehicle_manoeuvre_historic,vehicle_manoeuvre,vehicle_direction_from,vehicle_direction_to,vehicle_location_restricted_lane_historic,vehicle_location_restricted_lane,junction_location,skidding_and_overturning,hit_object_in_carriageway,vehicle_leaving_carriageway,hit_object_off_carriageway,first_point_of_impact,vehicle_left_hand_drive,journey_purpose_of_driver_historic,journey_purpose_of_driver,sex_of_driver,age_of_driver,age_band_of_driver,engine_capacity_cc,propulsion_code,age_of_vehicle,generic_make_model,driver_imd_decile,lsoa_of_driver,escooter_flag,driver_distance_banding
2024421434600,2024,421434600,1,9,0,-1,9,5,3,-1,0,3,0,0,0,0,1,1,-1,6,1,60,9,1997,2,12,FORD KUGA,7,E01033056,0,1
2024101449225,2024,101449225,1,9,0,-1,3,1,3,-1,0,6,0,0,0,0,1,1,-1,6,2,56,9,1997,2,9,FORD KUGA,6,E01008696,0,1
2024041422792,2024,041422792,1,9,0,-1,19,3,7,-1,0,0,0,0,0,0,1,1,-1,6,1,47,8,1997,2,14,FORD KUGA,2,E01025032,0,3
2024421401781,2024,421401781,1,9,0,-1,19,1,5,-1,0,0,0,0,0,0,1,1,-1,6,2,46,8,2488,8,1,FORD KUGA,9,E01021825,0,1
2024440097207,2024,440097207,3,9,0,18,19,8,4,0,0,0,0,0,0,0,1,1,6,6,1,34,6,1995,2,3,FORD KUGA,5,E01034556,0,2
2024371404355,2024,371404355,2,9,0,-1,19,7,3,-1,0,1,0,0,0,0,1,1,-1,1,1,37,7,1496,1,2,FORD KUGA,10,E01030050,0,1
2024351525540,2024,351525540,1,9,0,-1,3,2,5,-1,0,0,0,0,0,0,2,1,-1,6,1,74,10,2488,8,4,FORD KUGA,10,E01018155,0,1
2024501508939,2024,501508939,1,9,0,-1,19,8,4,-1,0,1,0,0,0,0,1,1,-1,1,2,20,4,1995,2,1,FORD KUGA,1,E01018995,0,1
2024131474852,2024,131474852,2,9,0,-1,9,1,1,-1,0,0,0,0,0,0,2,1,-1,9,1,66,10,1997,2,6,FORD KUGA,1,E01010802,0,1
2024010503838,2024,010503838,2,9,0,3,3,3,7,0,0,0,0,0,0,0,2,1,6,6,1,36,7,1997,2,7,FORD KUGA,2,E01021314,0,4
2024461485721,2024,461485721,2,9,0,-1,19,6,2,-1,0,0,0,0,0,0,1,1,-1,9,1,36,7,1498,1,5,FORD KUGA,10,E01022476,0,5
2024010535198,2024,010535198,3,9,0,4,4,3,7,0,0,0,0,4,0,0,2,1,6,6,2,33,6,1498,1,6,FORD KUGA,4,E01024162,0,2
2024041438951,2024,041438951,1,9,0,-1,19,5,1,-1,0,4,0,0,0,0,1,1,-1,9,2,33,6,1496,1,1,FORD KUGA,10,E01005932,0,4
2024052400552,2024,052400552,2,9,0,18,19,1,5,0,0,0,0,0,0,0,2,1,6,6,2,27,6,2488,8,1,FORD KUGA,1,E01007090,0,1
2024543659624,2024,543659624,3,9,0,4,4,7,3,0,0,1,0,0,0,0,2,1,6,6,1,38,7,1498,1,5,FORD KUGA,4,E01015511,0,1
2024421485703,2024,421485703,2,9,0,-1,2,5,1,-1,0,1,0,0,0,0,1,1,-1,9,1,41,7,1496,1,4,FORD KUGA,3,E01015954,0,1
2024061505198,2024,061505198,2,9,0,-1,9,5,3,-1,0,1,0,0,0,0,1,1,-1,9,1,57,9,1997,2,14,FORD KUGA,-1,-1,0,-1
2024421472714,2024,421472714,2,9,0,-1,9,4,8,-1,0,0,0,0,0,0,3,1,-1,6,2,44,7,1499,2,7,FORD KUGA,5,E01021241,0,1
2024991500233,2024,991500233,1,9,0,-1,19,3,7,-1,0,0,1,0,1,7,1,1,-1,6,1,58,9,1997,2,10,FORD KUGA,2,-1,0,3
2024041509713,2024,041509713,2,9,0,-1,2,0,0,-1,0,1,0,0,0,0,3,2,-1,6,-1,-1,-1,2488,8,0,FORD KUGA,-1,-1,0,-1
2024041398814,2024,041398814,1,9,0,-1,19,7,3,-1,0,1,1,0,0,0,1,1,-1,2,1,24,5,1498,1,5,FORD KUGA,8,E01006279,0,4
2024010527260,2024,010527260,2,9,0,16,19,1,5,0,0,0,1,0,0,0,1,1,6,6,1,59,9,1498,1,6,FORD KUGA,2,E01004732,0,1
202417L108224,2024,17L108224,1,9,0,-1,19,2,6,-1,0,0,0,0,1,4,3,1,-1,6,1,85,11,2488,8,2,FORD KUGA,1,E01012944,0,4
2024531423924,2024,531423924,2,9,0,-1,19,1,5,-1,0,0,1,0,0,0,1,1,-1,2,1,30,6,1997,2,8,FORD KUGA,2,E01034334,0,4
2024311475981,2024,311475981,1,9,0,-1,9,5,3,-1,0,6,0,0,0,0,1,1,-1,1,1,19,4,1997,2,10,FORD KUGA,10,E01019848,0,4
2024631460069,2024,631460069,2,9,0,-1,19,4,7,-1,0,1,1,0,0,0,1,1,-1,2,2,50,8,1997,2,10,FORD KUGA,9,W01001901,0,1
2024161454927,2024,161454927,2,9,0,-1,19,2,6,-1,0,1,0,0,0,0,1,9,-1,6,1,75,10,1997,2,9,FORD KUGA,4,E01013050,0,2
2024041426010,2024,041426010,2,9,0,-1,2,0,0,-1,0,0,0,0,0,0,1,1,-1,6,-1,-1,-1,1997,2,5,FORD KUGA,-1,-1,0,-1
2024411539020,2024,411539020,2,9,0,-1,19,5,1,-1,0,0,0,0,0,0,1,1,-1,6,1,44,7,2488,8,2,FORD KUGA,4,E01023766,0,4
2024991394247,2024,991394247,1,9,0,-1,19,1,5,-1,0,5,0,6,7,0,1,1,-1,9,2,76,11,1499,2,6,FORD KUGA,10,-1,0,4
2024461433726,2024,461433726,2,9,0,-1,2,0,0,-1,5,2,0,0,0,0,2,1,-1,6,-1,-1,-1,1997,2,6,FORD KUGA,-1,-1,0,-1
202460Q171821,2024,60Q171821,2,9,0,18,19,8,4,0,0,0,0,0,0,0,1,1,6,6,2,60,9,1496,1,1,FORD KUGA,-1,-1,0,-1
2024991512422,2024,991512422,1,9,0,-1,19,2,6,-1,0,0,0,0,0,0,1,1,-1,7,2,39,7,1997,2,9,FORD KUGA,-1,-1,0,-1
2024010520165,2024,010520165,2,9,0,18,19,7,3,0,0,8,0,0,0,0,4,1,6,6,1,73,10,2488,8,1,FORD KUGA,7,E01004108,0,1
2024131456522,2024,131456522,2,9,0,-1,19,1,5,-1,0,0,0,0,0,0,3,1,-1,9,1,30,6,1997,2,5,FORD KUGA,5,E01012259,0,4
2024531402268,2024,531402268,1,9,0,-1,7,5,7,-1,0,2,0,0,0,0,4,1,-1,9,2,32,6,1997,2,10,FORD KUGA,9,E01032939,0,3
2024421409287,2024,421409287,1,9,0,-1,19,3,7,-1,0,1,0,0,0,0,1,9,-1,1,3,-1,-1,1997,2,10,FORD KUGA,-1,-1,0,-1
2024052402740,2024,052402740,1,9,0,18,19,7,3,0,0,6,0,0,0,0,3,1,2,2,2,43,7,2488,8,0,FORD KUGA,2,E01006492,0,1
2024461488451,2024,461488451,2,9,0,-1,3,7,2,-1,0,0,0,0,0,0,2,1,-1,9,1,58,9,1997,2,11,FORD KUGA,5,E01034554,0,5
2024991424278,2024,991424278,1,9,0,-1,19,4,8,-1,0,2,5,4,0,0,4,1,-1,6,1,81,11,1496,1,2,FORD KUGA,1,-1,0,1
2024201443038,2024,201443038,1,9,0,-1,19,2,6,-1,0,8,0,0,0,0,1,1,-1,6,2,41,7,1498,1,8,FORD KUGA,3,E01009750,0,1
2024161536381,2024,161536381,1,9,0,-1,10,7,4,-1,0,1,0,0,0,0,2,1,-1,9,1,56,9,1496,1,1,FORD KUGA,9,E01013172,0,1
2024440327718,2024,440327718,1,9,0,17,19,1,5,0,0,0,0,0,7,3,1,1,6,6,1,69,10,1995,2,3,FORD KUGA,7,E01034722,0,1
2024501448698,2024,501448698,1,9,0,-1,19,5,1,-1,0,0,0,0,0,0,1,1,-1,1,2,46,8,1997,2,14,FORD KUGA,3,E01031094,0,5
2024010543256,2024,010543256,1,9,0,17,19,2,6,0,0,1,0,0,3,2,1,1,6,6,1,70,10,1997,2,12,FORD KUGA,2,E01020977,0,4
2024622400731,2024,622400731,2,9,0,4,4,4,8,0,0,0,0,0,0,0,2,1,1,1,2,63,9,2488,8,1,FORD KUGA,4,W01000887,0,2
202417M116024,2024,17M116024,1,9,0,-1,19,8,4,-1,0,2,0,0,0,0,2,1,-1,9,2,37,7,1997,2,10,FORD KUGA,-1,-1,0,-1
2024631398603,2024,631398603,2,9,0,-1,19,6,2,-1,0,0,0,0,1,10,1,1,-1,9,2,47,8,1997,2,5,FORD KUGA,9,W01000444,0,1
2024231519698,2024,231519698,2,9,0,-1,3,2,6,-1,0,0,0,0,0,0,0,1,-1,9,2,37,7,1997,2,7,FORD KUGA,10,E01009694,0,2
2024461506857,2024,461506857,1,9,0,-1,19,5,1,-1,0,0,0,0,0,0,1,9,-1,6,1,35,6,1997,2,8,FORD KUGA,4,E01024208,0,1
2024631507676,2024,631507676,2,9,0,-1,19,1,4,-1,0,8,0,0,0,0,1,1,-1,9,1,75,10,1499,2,6,FORD KUGA,2,W01001436,0,4
2024421407832,2024,421407832,1,9,0,-1,19,8,4,-1,0,0,0,7,0,0,1,1,-1,9,2,33,6,1997,2,6,FORD KUGA,2,E01001477,0,3
2024041424487,2024,041424487,1,9,0,-1,7,4,6,-1,0,8,0,0,0,0,3,1,-1,6,1,66,10,2488,8,2,FORD KUGA,4,E01025360,0,1
2024622400467,2024,622400467,2,9,0,4,4,4,8,0,0,1,0,0,0,0,1,1,6,6,1,61,9,1997,2,8,FORD KUGA,7,W01000813,0,1
2024520401960,2024,520401960,3,9,0,3,3,7,3,0,0,0,0,0,0,0,2,1,6,6,1,67,10,2488,8,0,FORD KUGA,5,E01029257,0,1
2024522401968,2024,522401968,2,9,0,18,19,8,4,0,0,0,0,0,0,0,1,1,6,6,1,77,11,2488,8,3,FORD KUGA,10,E01035220,0,2
2024302400141,2024,302400141,2,9,0,5,5,6,5,0,0,8,0,0,0,0,3,1,6,6,1,77,11,1995,2,2,FORD KUGA,7,E01025952,0,1
2024361458696,2024,361458696,2,9,0,-1,9,6,3,-1,0,1,0,0,0,0,3,1,-1,2,2,63,9,1997,2,8,FORD KUGA,7,E01026914,0,2
2024311402180,2024,311402180,1,9,0,-1,7,1,2,-1,0,3,0,0,0,0,2,1,-1,9,1,62,9,1997,2,14,FORD KUGA,5,E01028362,0,1
2024461457336,2024,461457336,2,9,0,-1,19,6,2,-1,0,0,0,0,0,0,1,1,-1,6,1,37,7,1498,1,6,FORD KUGA,1,E01024682,0,2
2024061520729,2024,061520729,1,9,0,-1,19,5,1,-1,0,8,0,0,0,0,1,1,-1,9,1,48,8,1498,1,9,FORD KUGA,-1,-1,0,-1
2024231433027,2024,231433027,4,9,0,-1,2,0,0,-1,9,0,0,0,0,0,2,9,-1,7,2,43,7,1997,2,9,FORD KUGA,5,E01031159,0,1
2024010503339,2024,010503339,1,9,0,9,9,3,8,0,0,8,0,0,0,0,3,1,2,2,1,66,10,1498,1,8,FORD KUGA,8,E01003460,0,1
2024052401746,2024,052401746,3,9,0,2,2,0,0,0,0,0,1,4,0,0,2,1,6,6,3,-1,-1,1997,2,15,FORD KUGA,-1,-1,0,-1
2024631474854,2024,631474854,2,9,0,-1,12,7,2,-1,0,0,0,0,0,0,1,1,-1,9,1,40,7,1997,2,9,FORD KUGA,9,E01029475,0,4
2024052401010,2024,052401010,2,9,0,4,4,7,3,0,0,0,0,0,0,0,2,1,6,6,2,29,6,1499,2,2,FORD KUGA,1,E01033793,0,1
2024302400218,2024,302400218,2,9,0,18,19,2,6,0,0,0,0,0,0,0,2,1,6,6,1,59,9,1997,2,14,FORD KUGA,9,E01019476,0,1
2024451409063,2024,451409063,2,9,0,-1,19,5,1,-1,0,0,0,0,0,0,1,1,-1,9,1,72,10,1997,2,8,FORD KUGA,8,E01018153,0,5
2024010528762,2024,010528762,1,9,0,4,4,7,3,0,0,0,0,0,0,0,2,1,6,6,1,63,9,2488,8,0,FORD KUGA,5,E01021380,0,4
2024211480982,2024,211480982,1,9,0,-1,19,1,5,-1,0,1,0,0,0,0,3,1,-1,9,1,35,6,1498,1,5,FORD KUGA,1,E01014229,0,1
2024052402509,2024,052402509,2,9,0,4,4,2,6,0,0,0,0,0,0,0,2,1,2,2,2,44,7,1997,2,5,FORD KUGA,2,E01006439,0,2
2024421461134,2024,421461134,1,9,0,-1,19,7,3,-1,0,0,0,0,0,0,1,1,-1,9,2,38,7,1997,2,8,FORD KUGA,-1,-1,0,-1
2024311531750,2024,311531750,1,9,0,-1,7,6,7,-1,0,1,0,0,0,0,1,1,-1,7,2,45,7,1496,1,1,FORD KUGA,9,E01028120,0,1
2024101457518,2024,101457518,1,9,0,-1,5,3,7,-1,0,6,0,0,0,0,3,1,-1,2,1,43,7,1499,2,4,FORD KUGA,2,E01027443,0,2
2024010517046,2024,010517046,1,9,0,99,99,9,9,99,99,9,9,99,9,99,1,9,6,6,3,-1,-1,1499,2,8,FORD KUGA,-1,-1,0,-1
2024371405268,2024,371405268,2,9,-1,-1,-1,-1,-1,-1,-1,0,-1,-1,-1,0,-1,9,-1,9,2,37,7,1499,2,6,FORD KUGA,7,E01029899,0,1
2024010502444,2024,010502444,1,9,0,18,19,1,5,0,0,1,0,0,0,0,3,1,6,6,2,49,8,2488,8,1,FORD KUGA,2,E01004541,0,1
2024471469845,2024,471469845,1,9,0,-1,5,1,5,-1,0,1,0,0,0,0,4,1,-1,9,1,65,9,1997,2,9,FORD KUGA,7,E01021033,0,1
2024430630352,2024,430630352,1,9,0,3,3,7,3,0,0,0,0,0,0,0,2,1,6,6,1,65,9,2488,8,1,FORD KUGA,10,E01035239,0,1
2024421485676,2024,421485676,2,9,0,-1,2,0,0,-1,0,0,0,0,1,0,2,1,-1,6,-1,-1,-1,1496,1,2,FORD KUGA,-1,-1,0,-1
2024052400923,2024,052400923,3,9,0,3,3,1,5,0,0,1,0,0,0,0,2,1,6,6,1,71,10,1997,2,10,FORD KUGA,5,E01006499,0,1
2024070942326,2024,070942326,2,9,0,-1,19,1,5,-1,0,8,0,0,0,0,1,1,-1,9,2,58,9,1498,1,6,FORD KUGA,8,E01012485,0,1
2024141407863,2024,141407863,3,9,0,-1,7,7,3,-1,0,0,0,0,0,0,1,1,-1,6,2,41,7,1997,2,9,FORD KUGA,2,E01007349,0,2
2024302401186,2024,302401186,2,9,0,18,19,7,3,0,0,8,2,0,7,0,3,1,6,6,1,76,11,1997,2,7,FORD KUGA,4,E01027945,0,4
2024041449529,2024,041449529,2,9,0,-1,19,7,3,-1,0,0,1,0,0,0,2,1,-1,9,2,54,8,1498,1,5,FORD KUGA,2,E01024903,0,2
2024061421257,2024,061421257,2,9,0,-1,5,5,1,-1,0,0,0,0,0,0,2,1,-1,9,2,38,7,1997,2,10,FORD KUGA,1,E01006056,0,1
2024010510507,2024,010510507,1,9,0,3,3,5,1,0,0,2,0,0,0,0,1,1,1,1,1,55,8,2488,8,1,FORD KUGA,3,E01033862,0,1
2024332401067,2024,332401067,2,9,0,-1,19,1,6,-1,0,8,0,0,0,0,1,1,-1,6,1,49,8,1498,1,5,FORD KUGA,5,E01013784,0,1
2024010497713,2024,010497713,2,9,9,99,99,9,9,99,99,0,9,99,9,99,9,9,6,6,1,48,8,1997,2,8,FORD KUGA,8,E01002269,0,1
2024041444882,2024,041444882,2,9,0,-1,5,7,3,-1,0,6,1,0,0,0,1,1,-1,6,1,25,5,1997,2,9,FORD KUGA,4,E01025394,0,1
2024351491963,2024,351491963,1,9,0,-1,7,6,2,-1,0,5,1,0,3,0,1,1,-1,1,1,35,6,1997,2,10,FORD KUGA,4,E01021265,0,4
2024311494976,2024,311494976,2,9,0,-1,9,1,7,-1,0,1,0,0,0,0,1,1,-1,2,1,69,10,2488,8,0,FORD KUGA,-1,-1,0,-1
2024461496010,2024,461496010,3,9,0,-1,19,7,7,-1,0,0,0,0,0,0,3,1,-1,9,2,58,9,1499,2,2,FORD KUGA,10,E01024348,0,4
2024332400586,2024,332400586,2,9,0,-1,9,7,5,-1,0,6,0,0,0,0,1,1,-1,9,2,74,10,1499,2,5,FORD KUGA,7,E01025848,0,2
2024351443940,2024,351443940,1,9,0,-1,19,5,3,-1,0,3,0,0,0,0,4,1,-1,1,1,35,6,1997,2,10,FORD KUGA,10,E01026364,0,4
202454D846424,2024,54D846424,1,9,0,18,19,5,1,0,0,0,0,0,7,1,1,1,6,6,1,56,9,1997,2,10,FORD KUGA,6,E01016212,0,4
2024311434053,2024,311434053,1,9,0,-1,4,2,6,-1,0,0,0,0,0,0,1,1,-1,6,1,70,10,1499,2,6,FORD KUGA,5,E01027970,0,1
2024991504154,2024,991504154,1,9,0,-1,19,2,6,-1,0,0,0,0,0,0,1,1,-1,6,1,33,6,1997,2,12,FORD KUGA,1,-1,0,4
2024141431770,2024,141431770,1,9,0,-1,19,1,5,-1,0,2,0,0,0,0,1,1,-1,7,1,50,8,2488,8,3,FORD KUGA,3,E01019797,0,3
2024332400078,2024,332400078,1,9,0,-1,7,3,5,-1,0,6,0,0,0,0,1,1,-1,6,2,46,8,1997,2,8,FORD KUGA,10,E01025648,0,1
2024010516952,2024,010516952,1,9,0,18,19,5,1,0,0,2,0,4,0,0,1,1,6,6,1,26,6,2488,8,4,FORD KUGA,4,E01003769,0,1
2024010510469,2024,010510469,1,9,0,4,4,5,1,0,0,1,0,0,0,0,2,1,6,6,1,60,9,1499,2,4,FORD KUGA,3,E01021974,0,4
2024421408902,2024,421408902,1,9,0,-1,8,4,7,-1,0,4,0,0,0,0,4,9,-1,6,2,62,9,1997,2,6,FORD KUGA,6,E01029880,0,3
2024411457539,2024,411457539,2,9,0,-1,3,3,5,-1,0,4,0,0,0,0,2,1,-1,9,1,31,6,1499,2,6,FORD KUGA,6,E01023306,0,1
2024221486583,2024,221486583,2,9,0,-1,19,7,3,-1,0,0,0,0,0,0,1,1,-1,1,1,51,8,1995,2,1,FORD KUGA,3,E01033247,0,1
2024031441582,2024,031441582,2,9,0,-1,6,7,3,-1,0,0,0,0,0,0,0,1,-1,6,1,60,9,1499,2,7,FORD KUGA,8,E01019390,0,3
2024421520959,2024,421520959,2,9,0,-1,19,8,4,-1,0,0,0,0,0,0,0,1,-1,9,2,27,6,2488,8,0,FORD KUGA,-1,-1,0,-1
2024052401615,2024,052401615,2,9,0,2,2,0,0,0,0,0,0,0,0,0,2,1,6,6,3,-1,-1,1997,2,7,FORD KUGA,-1,-1,0,-1
2024411509910,2024,411509910,2,9,-1,-1,-1,-1,-1,-1,-1,-1,-1,-1,-1,0,-1,9,-1,9,1,52,8,1496,1,2,FORD KUGA,5,E01035292,0,4
2024421530066,2024,421530066,1,9,0,-1,19,1,5,-1,0,0,0,0,0,0,1,1,-1,6,3,-1,-1,1997,2,15,FORD KUGA,-1,-1,0,-1
2024520500220,2024,520500220,2,9,0,18,19,1,5,0,0,0,0,0,0,0,3,1,6,6,1,57,9,2488,8,0,FORD KUGA,9,E01029076,0,1
2024131529104,2024,131529104,1,9,0,-1,4,7,3,-1,0,8,0,0,0,0,1,1,-1,7,1,31,6,1499,2,5,FORD KUGA,1,E01011746,0,1
2024451436569,2024,451436569,2,9,0,-1,19,3,7,-1,0,8,2,0,6,0,1,1,-1,9,2,33,6,1499,2,5,FORD KUGA,7,E01030956,0,1
2024430428596,2024,430428596,2,9,0,18,19,6,2,0,0,2,0,0,0,0,4,1,6,6,2,39,7,1499,2,4,FORD KUGA,5,E01028556,0,1
2024141411730,2024,141411730,2,9,0,-1,19,5,1,-1,0,1,0,0,0,0,1,1,-1,9,1,32,6,1997,2,10,FORD KUGA,8,E01007362,0,1
2024991532107,2024,991532107,1,9,0,-1,9,3,8,-1,9,5,0,0,0,0,1,1,-1,1,1,41,7,1498,1,6,FORD KUGA,-1,-1,0,-1
2024440543449,2024,440543449,1,9,0,18,19,2,6,0,0,4,0,0,0,0,1,1,6,6,2,62,9,1997,2,13,FORD KUGA,5,E01017243,0,1
2024161456723,2024,161456723,2,9,0,-1,9,1,7,-1,0,1,0,0,0,0,1,2,-1,6,2,34,6,1997,2,11,FORD KUGA,4,E01012772,0,1
2024332400186,2024,332400186,2,9,0,-1,3,5,1,-1,0,0,0,0,0,0,2,1,-1,2,2,54,8,1997,2,11,FORD KUGA,6,E01013680,0,1
2024501494955,2024,501494955,1,9,0,-1,19,7,3,-1,0,1,0,0,0,0,1,1,-1,9,1,56,9,2488,8,1,FORD KUGA,-1,-1,0,-1
2024101402097,2024,101402097,2,9,0,-1,19,4,8,-1,0,8,0,0,0,0,4,1,-1,6,2,44,7,1997,2,11,FORD KUGA,8,E01027446,0,3
2024351420116,2024,351420116,2,9,-1,-1,-1,-1,-1,-1,-1,-1,-1,-1,-1,0,-1,9,-1,9,1,34,6,1997,2,9,FORD KUGA,6,E01034442,0,1
2024061447980,2024,061447980,1,9,0,-1,19,5,1,-1,0,7,0,0,0,0,0,2,-1,6,3,74,10,1997,2,9,FORD KUGA,-1,-1,0,-1
2024141458775,2024,141458775,1,9,0,-1,9,3,1,-1,0,1,0,0,0,0,3,1,-1,6,2,35,6,1498,1,6,FORD KUGA,2,E01007504,0,1
2024052400496,2024,052400496,2,9,0,3,3,7,3,0,0,0,0,0,0,0,2,1,6,6,3,-1,-1,1997,2,7,FORD KUGA,-1,-1,0,-1
2024052401158,2024,052401158,2,9,0,18,19,6,2,0,0,6,0,0,0,0,0,1,6,6,2,35,6,2488,8,1,FORD KUGA,2,E01006523,0,1
2024401410099,2024,401410099,1,9,0,-1,19,-1,-1,-1,0,3,0,0,0,0,4,9,-1,1,1,56,9,1499,2,2,FORD KUGA,6,E01026549,0,5
2024471421458,2024,471421458,3,9,0,-1,19,8,4,-1,0,1,0,0,0,0,3,1,-1,6,1,36,7,1997,2,4,FORD KUGA,5,E01021100,0,4
2024302400977,2024,302400977,1,9,0,12,12,1,5,0,0,0,0,0,7,0,1,1,6,6,1,76,11,1997,2,7,FORD KUGA,6,E01019608,0,1
2024440389781,2024,440389781,1,9,0,18,19,4,8,0,0,0,0,0,0,0,1,1,2,2,2,59,9,1997,2,10,FORD KUGA,8,E01023234,0,4
2024991414729,2024,991414729,2,9,0,-1,19,1,5,-1,0,2,0,0,1,0,1,1,-1,2,1,40,7,1997,2,7,FORD KUGA,9,-1,0,3
2024501511698,2024,501511698,2,9,0,-1,19,6,2,-1,0,0,0,0,0,0,1,1,-1,9,1,47,8,1496,1,3,FORD KUGA,9,E01019894,0,2
2024421468986,2024,421468986,2,9,0,-1,4,3,7,-1,0,0,0,0,0,0,1,1,-1,6,2,43,7,1997,2,10,FORD KUGA,3,E01021358,0,1
2024421523838,2024,421523838,2,9,0,-1,2,0,0,-1,9,0,0,0,0,0,1,1,-1,6,-1,-1,-1,1997,2,8,FORD KUGA,-1,-1,0,-1
2024010511969,2024,010511969,1,9,0,10,10,7,5,1,1,1,0,0,0,0,2,1,2,2,2,48,8,1997,2,8,FORD KUGA,5,E01023806,0,3
2024161463288,2024,161463288,2,9,0,-1,19,3,7,-1,0,0,0,0,0,0,2,1,-1,1,1,37,7,1997,2,9,FORD KUGA,5,E01012824,0,3
2024320591356,2024,320591356,1,9,0,-1,-1,8,4,0,0,0,0,4,0,0,1,1,-1,-1,2,70,10,2488,8,2,FORD KUGA,2,E01026103,0,1
2024411531590,2024,411531590,3,9,0,-1,19,2,5,-1,0,0,0,0,0,0,2,1,-1,6,2,-1,-1,1997,2,15,FORD KUGA,-1,-1,0,-1
2024010499489,2024,010499489,2,9,0,3,3,3,7,0,0,2,0,0,0,0,2,1,6,6,2,55,8,2488,8,1,FORD KUGA,3,E01003915,0,1
2024631527296,2024,631527296,1,9,0,-1,19,6,2,-1,0,0,5,4,2,10,1,1,-1,6,1,35,6,1997,2,14,FORD KUGA,7,W01000473,0,1
2024141470411,2024,141470411,1,9,0,-1,19,2,6,-1,0,0,0,0,0,0,3,1,-1,2,2,55,8,2488,8,3,FORD KUGA,1,E01007370,0,1
2024052401279,2024,052401279,1,9,0,18,19,3,7,0,0,1,0,10,7,4,1,1,6,6,1,35,6,2488,8,1,FORD KUGA,6,E01006304,0,1
2024991501848,2024,991501848,2,9,0,-1,19,5,1,-1,0,1,0,0,0,0,1,1,-1,6,2,38,7,1499,2,7,FORD KUGA,2,-1,0,1
2024141416992,2024,141416992,1,9,0,-1,4,7,3,-1,0,0,5,0,4,3,1,1,-1,9,1,78,11,1997,2,12,FORD KUGA,8,E01007686,0,2
2024302400241,2024,302400241,2,9,0,18,19,2,6,1,1,0,1,0,1,1,3,1,6,6,1,44,7,1997,2,9,FORD KUGA,10,E01019653,0,4
2024411503781,2024,411503781,1,9,0,-1,19,2,6,-1,0,0,0,0,0,0,1,9,-1,6,1,22,5,2488,8,3,FORD KUGA,10,E01023609,0,1
2024991515099,2024,991515099,1,9,0,-1,19,5,8,-1,0,0,0,6,7,0,1,1,-1,1,1,36,7,1995,2,3,FORD KUGA,8,E01025488,0,5
2024201535757,2024,201535757,4,9,0,-1,20,0,0,-1,0,0,0,0,0,0,3,1,-1,6,-1,-1,-1,1499,2,5,FORD KUGA,-1,-1,0,-1
2024231446018,2024,231446018,4,9,0,-1,19,1,5,-1,0,0,0,0,0,0,2,9,-1,9,1,59,9,2488,8,1,FORD KUGA,4,E01031096,0,1
2024010521381,2024,010521381,1,9,0,18,19,3,7,0,0,8,0,0,0,0,1,1,6,6,3,-1,-1,1997,2,11,FORD KUGA,-1,-1,0,-1
2024211518438,2024,211518438,2,9,0,-1,2,0,0,-1,0,0,1,4,0,0,1,1,-1,1,1,30,6,2488,8,2,FORD KUGA,-1,-1,0,-1
2024531530169,2024,531530169,2,9,0,-1,19,7,3,-1,0,0,0,0,8,9,1,1,-1,9,1,56,9,1496,1,0,FORD KUGA,8,E01035034,0,3
2024421436399,2024,421436399,1,9,0,-1,5,3,7,-1,0,0,0,0,1,1,1,1,-1,9,1,67,10,2488,8,1,FORD KUGA,6,E01021722,0,1
2024451487038,2024,451487038,2,9,0,-1,19,5,1,-1,0,0,0,2,0,0,2,1,-1,2,2,36,7,1997,2,8,FORD KUGA,9,E01024275,0,4
2024201490913,2024,201490913,2,9,0,-1,4,2,6,-1,0,0,1,0,0,0,2,1,-1,2,2,37,7,1499,2,3,FORD KUGA,1,E01009540,0,1
2024041431046,2024,041431046,2,9,0,-1,19,4,8,-1,0,0,0,0,0,0,0,1,-1,6,1,55,8,2488,8,2,FORD KUGA,6,E01025195,0,1
2024340WN6252,2024,340WN6252,3,9,0,-1,19,1,5,-1,0,0,0,0,0,0,4,1,-1,9,2,55,8,1995,2,3,FORD KUGA,6,E01027030,0,4
2024010526527,2024,010526527,2,9,0,2,2,0,0,9,9,2,0,0,0,0,0,1,6,6,3,-1,-1,2488,8,3,FORD KUGA,-1,-1,0,-1
2024131449994,2024,131449994,2,9,0,-1,19,7,3,-1,0,8,0,0,0,0,1,1,-1,6,2,41,7,1499,2,6,FORD KUGA,2,E01007437,0,1
2024141422071,2024,141422071,1,9,0,-1,4,1,5,-1,0,0,0,0,0,0,2,1,-1,9,2,28,6,1499,2,7,FORD KUGA,4,E01021367,0,5
2024311418755,2024,311418755,1,9,0,-1,19,4,8,-1,0,2,0,0,0,0,2,1,-1,2,1,61,9,1997,2,10,FORD KUGA,-1,-1,0,-1
2024991460191,2024,991460191,1,9,0,-1,8,5,1,-1,0,3,0,0,1,0,1,1,-1,6,1,51,8,1499,2,5,FORD KUGA,-1,-1,0,-1
2024421407397,2024,421407397,1,9,0,-1,19,8,4,-1,0,0,0,0,0,0,1,1,-1,6,1,57,9,2488,8,1,FORD KUGA,1,E01022042,0,1