collision_index,collision_year,collision_ref_no,vehicle_reference,vehicle_type,towing_and_articulation,vehicle_manoeuvre_historic,vehicle_manoeuvre,vehicle_direction_from,vehicle_direction_to,vehicle_location_restricted_lane_historic,vehicle_location_restricted_lane,junction_location,skidding_and_overturning,hit_object_in_carriageway,vehicle_leaving_carriageway,hit_object_off_carriageway,first_point_of_impact,vehicle_left_hand_drive,journey_purpose_of_driver_historic,journey_purpose_of_driver,sex_of_driver,age_of_driver,age_band_of_driver,engine_capacity_cc,propulsion_code,age_of_vehicle,generic_make_model,driver_imd_decile,lsoa_of_driver,escooter_flag,driver_distance_banding
2024361399632,2024,361399632,3,9,0,-1,19,2,6,-1,0,0,0,0,0,0,2,1,-1,2,2,55,8,2488,8,2,FORD KUGA,7,E01026881,0,1
2024161460096,2024,161460096,1,9,0,-1,5,5,1,-1,0,2,0,0,3,11,1,1,-1,9,2,73,10,1496,1,3,FORD KUGA,10,E01013113,0,1
2024141439437,2024,141439437,1,9,0,-1,19,4,8,-1,0,2,5,7,0,0,1,1,-1,6,2,36,7,1997,2,13,FORD KUGA,7,E01011536,0,4
2024071075152,2024,071075152,1,9,0,-1,7,8,2,-1,0,2,0,0,0,0,1,1,-1,9,2,31,6,1997,2,9,FORD KUGA,2,E01012383,0,1
2024061472580,2024,061472580,3,9,0,-1,2,0,0,-1,0,0,0,0,0,0,1,1,-1,6,-1,-1,-1,2488,8,1,FORD KUGA,-1,-1,0,-1
2024552401048,2024,552401048,2,9,0,18,19,5,1,0,0,6,0,0,0,0,1,1,6,6,1,80,11,2488,8,1,FORD KUGA,9,E01015463,0,3
2024421450499,2024,421450499,3,9,0,-1,5,5,5,-1,0,0,0,4,0,0,4,9,-1,6,2,31,6,1499,2,5,FORD KUGA,9,E01021943,0,1
2024531505816,2024,531505816,2,9,0,-1,4,8,4,-1,0,0,0,0,0,0,2,1,-1,9,2,47,8,1997,2,8,FORD KUGA,7,E01022239,0,1
2024131479608,2024,131479608,1,9,0,-1,19,5,1,-1,0,0,0,0,0,0,1,1,-1,9,1,62,9,1499,2,6,FORD KUGA,2,E01006451,0,4
2024161531168,2024,161531168,2,9,0,-1,4,7,3,-1,0,0,0,0,0,0,4,1,-1,7,1,39,7,1499,2,7,FORD KUGA,8,E01035470,0,1
2024991400188,2024,991400188,1,9,0,-1,19,2,6,-1,0,0,1,0,8,0,1,1,-1,1,1,29,6,1995,2,2,FORD KUGA,2,-1,0,1
2024547469824,2024,547469824,2,9,0,18,19,1,5,0,0,0,0,0,0,0,2,1,2,2,1,41,7,1997,2,7,FORD KUGA,7,E01034786,0,4
2024131534658,2024,131534658,1,9,0,-1,-1,-1,-1,-1,-1,0,-1,-1,-1,-1,-1,1,-1,9,1,35,6,1496,1,0,FORD KUGA,1,E01011658,0,1
2024010510598,2024,010510598,1,9,0,18,19,7,3,0,0,0,0,0,0,0,1,1,6,6,1,30,6,1498,1,7,FORD KUGA,2,E01002091,0,2
2024070110901,2024,070110901,1,9,0,9,9,2,4,0,0,1,0,0,7,0,1,1,6,6,2,-1,-1,1997,2,10,FORD KUGA,8,E01012551,0,1
2024421419069,2024,421419069,2,9,0,-1,19,5,1,-1,0,0,0,0,0,0,2,1,-1,9,1,26,6,1997,2,7,FORD KUGA,-1,-1,0,-1
2024010526519,2024,010526519,1,9,0,99,99,9,9,99,99,0,9,99,9,99,9,9,6,6,1,40,7,1997,2,5,FORD KUGA,4,E01007382,0,5
2024371442764,2024,371442764,2,9,0,-1,2,0,0,-1,-1,0,0,4,0,0,2,1,-1,6,2,-1,-1,1997,2,15,FORD KUGA,-1,-1,0,-1
2024631408207,2024,631408207,1,9,0,-1,19,3,7,-1,0,0,0,0,0,0,4,1,-1,2,2,34,6,1997,2,9,FORD KUGA,5,W01000630,0,1
2024161435697,2024,161435697,1,9,0,-1,4,8,4,-1,0,0,0,0,0,0,2,1,-1,6,1,71,10,1997,2,9,FORD KUGA,8,E01012791,0,1
2024131406180,2024,131406180,2,9,0,-1,19,6,2,-1,0,0,0,0,0,0,3,1,-1,6,1,54,8,1496,1,1,FORD KUGA,6,E01013895,0,5
2024201454502,2024,201454502,2,9,0,-1,19,5,1,-1,0,0,0,0,0,0,2,1,-1,6,2,27,6,1498,1,5,FORD KUGA,4,E01010254,0,1
2024122400565,2024,122400565,2,9,0,16,19,5,8,0,0,0,0,0,1,9,3,1,6,6,2,42,7,1997,2,11,FORD KUGA,8,E01034960,0,1
2024131487810,2024,131487810,1,9,0,-1,13,5,1,-1,0,0,0,0,0,0,1,1,-1,2,1,55,8,1496,1,2,FORD KUGA,2,E01007435,0,1
2024010522631,2024,010522631,1,9,0,7,7,1,4,0,0,5,0,0,0,0,4,1,6,6,1,65,9,2488,8,2,FORD KUGA,6,E01002928,0,1
2024461474574,2024,461474574,1,9,0,-1,4,7,3,-1,0,0,0,0,0,0,3,1,-1,6,1,36,7,1498,1,8,FORD KUGA,3,E01024695,0,1
2024471402739,2024,471402739,1,9,0,-1,19,7,3,-1,0,0,0,0,1,4,1,1,-1,2,1,47,8,1997,2,9,FORD KUGA,4,E01024843,0,3
2024010522752,2024,010522752,2,9,0,18,19,5,1,0,0,0,0,0,0,0,1,1,6,6,2,26,6,2488,8,0,FORD KUGA,3,E01002028,0,1
2024991449682,2024,991449682,3,9,0,-1,19,7,3,-1,0,1,0,0,0,0,2,1,-1,1,2,54,8,1997,2,5,FORD KUGA,8,-1,0,1
2024351498234,2024,351498234,1,9,0,-1,4,6,2,-1,0,0,0,0,0,0,1,1,-1,6,2,45,7,1499,2,6,FORD KUGA,10,E01018155,0,3
2024351457638,2024,351457638,2,9,0,-1,19,1,5,-1,0,3,0,0,0,0,4,1,-1,6,2,39,7,1997,2,7,FORD KUGA,1,E01026687,0,4
2024622400520,2024,622400520,2,9,0,18,19,3,7,0,0,0,0,0,0,0,1,1,6,6,1,66,10,1997,2,5,FORD KUGA,3,W01001289,0,3
2024201464388,2024,201464388,2,9,0,-1,7,3,5,-1,0,6,0,0,0,0,3,1,-1,6,2,37,7,1997,2,10,FORD KUGA,2,E01033887,0,1
2024421512015,2024,421512015,1,9,0,-1,19,4,8,-1,0,0,0,0,0,0,0,1,-1,9,2,45,7,2488,8,1,FORD KUGA,7,E01021882,0,3
2024311428163,2024,311428163,1,9,0,-1,19,2,3,-1,0,0,0,0,0,0,4,1,-1,6,1,59,9,1997,2,8,FORD KUGA,-1,-1,0,-1
2024531435675,2024,531435675,1,9,0,-1,19,7,3,-1,0,0,0,0,0,0,1,1,-1,1,1,63,9,1997,2,9,FORD KUGA,10,E01022315,0,4
2024101492257,2024,101492257,2,9,0,-1,10,1,5,-1,0,1,0,0,0,0,2,1,-1,9,2,59,9,2488,8,0,FORD KUGA,-1,-1,0,-1
2024440264821,2024,440264821,1,9,0,18,19,3,7,0,0,1,0,0,0,0,1,1,1,1,1,50,8,1997,2,7,FORD KUGA,5,E01017157,0,1
2024371522996,2024,371522996,1,9,0,-1,9,1,5,-1,0,6,1,0,3,4,3,1,-1,6,1,73,10,1997,2,6,FORD KUGA,6,E01030151,0,1
2024302401504,2024,302401504,1,9,0,18,19,1,5,0,0,8,0,0,0,0,1,1,2,2,1,52,8,1496,1,2,FORD KUGA,5,E01007909,0,3
2024052400899,2024,052400899,1,9,0,4,4,7,3,0,0,0,0,0,0,0,1,1,6,6,2,74,10,1498,1,7,FORD KUGA,3,E01006681,0,2
2024201473770,2024,201473770,1,9,0,-1,19,3,7,-1,0,8,0,0,0,0,3,9,-1,6,1,-1,-1,1499,2,6,FORD KUGA,-1,-1,0,-1
2024430239119,2024,430239119,2,9,0,18,19,3,7,0,0,1,0,0,0,0,1,1,6,6,1,-1,-1,1997,2,14,FORD KUGA,-1,-1,0,-1
2024141455888,2024,141455888,3,9,0,-1,2,5,5,-1,9,0,0,0,0,0,1,2,-1,6,-1,-1,-1,1997,2,6,FORD KUGA,-1,-1,0,-1
2024991444081,2024,991444081,2,9,0,-1,19,2,6,-1,0,0,1,0,0,0,3,1,-1,1,2,42,7,1498,1,8,FORD KUGA,5,-1,0,1
2024421455381,2024,421455381,2,9,0,-1,2,0,0,-1,0,2,0,0,0,0,4,1,-1,6,3,-1,-1,1499,2,4,FORD KUGA,-1,-1,0,-1
2024010515180,2024,010515180,1,9,0,7,7,5,8,0,0,5,0,0,0,0,1,1,6,6,1,39,7,1496,1,1,FORD KUGA,3,E01001116,0,3
2024610037124,2024,610037124,2,9,0,2,2,0,0,0,0,0,0,0,0,0,3,1,6,6,2,44,7,2488,8,0,FORD KUGA,1,W01001689,0,2
2024221441609,2024,221441609,1,9,0,-1,9,7,4,-1,0,6,0,0,0,0,3,1,-1,6,2,30,6,1997,2,15,FORD KUGA,2,E01034954,0,4
2024161530879,2024,161530879,1,9,0,-1,2,0,0,-1,0,0,0,0,0,0,2,1,-1,6,-1,56,9,1997,2,13,FORD KUGA,-1,-1,0,-1
2024332400069,2024,332400069,2,9,0,-1,19,8,4,-1,0,8,5,0,7,3,1,1,-1,6,1,63,9,2488,8,2,FORD KUGA,9,E01033533,0,3
2024052400957,2024,052400957,5,9,0,2,2,0,0,0,0,1,0,4,0,0,3,1,6,6,3,-1,-1,1499,2,5,FORD KUGA,-1,-1,0,-1
2024610036524,2024,610036524,1,9,0,7,7,1,3,0,0,1,0,0,0,0,1,1,6,6,1,51,8,1997,2,8,FORD KUGA,4,W01001440,0,1
2024131457370,2024,131457370,1,9,0,-1,4,2,6,-1,0,8,0,0,0,0,1,1,-1,6,1,58,9,2488,8,1,FORD KUGA,2,E01010779,0,1
2024131488611,2024,131488611,2,9,0,-1,2,0,0,-1,0,1,0,4,0,0,4,1,-1,6,-1,-1,-1,1997,2,14,FORD KUGA,-1,-1,0,-1
2024320474198,2024,320474198,2,9,0,-1,-1,8,4,0,0,1,0,0,0,0,1,1,-1,-1,1,62,9,1997,2,9,FORD KUGA,4,E01026327,0,1
2024471526643,2024,471526643,2,9,0,-1,19,1,7,-1,0,8,0,0,0,0,2,1,-1,6,2,-1,-1,1997,2,9,FORD KUGA,7,E01030583,0,2
2024052400906,2024,052400906,2,9,0,18,19,2,6,0,0,8,0,0,0,0,3,1,2,2,1,54,8,1997,2,9,FORD KUGA,2,E01006510,0,1
2024631534758,2024,631534758,1,9,0,-1,19,2,8,-1,0,0,5,0,2,10,4,1,-1,2,2,59,9,1997,2,14,FORD KUGA,3,E01005479,0,5
2024991523528,2024,991523528,2,9,0,-1,19,1,5,-1,0,0,0,0,0,0,1,1,-1,6,2,59,9,1997,2,8,FORD KUGA,8,-1,0,2
2024070890988,2024,070890988,1,9,0,-1,19,3,7,-1,0,5,0,0,0,0,0,1,-1,9,1,48,8,2488,8,1,FORD KUGA,-1,-1,0,-1
2024131418634,2024,131418634,1,9,0,-1,4,1,1,-1,0,0,0,0,0,0,2,1,-1,9,1,32,6,1499,2,6,FORD KUGA,4,E01005562,0,4
2024052400923,2024,052400923,1,9,0,18,19,1,5,0,0,1,0,0,1,11,1,1,2,2,1,30,6,1499,2,7,FORD KUGA,1,E01006834,0,1
2024320629253,2024,320629253,2,9,0,-1,-1,4,8,0,0,8,0,0,1,10,1,1,-1,-1,1,52,8,1498,1,5,FORD KUGA,-1,-1,0,-1
2024421488054,2024,421488054,1,9,0,-1,19,3,-1,-1,0,4,0,0,0,0,1,1,-1,6,1,-1,-1,2488,8,1,FORD KUGA,-1,-1,0,-1
2024461459975,2024,461459975,2,9,0,-1,19,5,2,-1,0,1,0,10,0,0,2,1,-1,6,2,56,9,1997,2,10,FORD KUGA,5,E01016088,0,1
2024471483214,2024,471483214,1,9,0,-1,19,-1,-1,-1,0,0,0,0,0,0,3,1,-1,9,1,50,8,1997,2,11,FORD KUGA,8,E01021233,0,1
2024302500096,2024,302500096,1,9,0,-1,9,8,5,-1,0,2,0,0,0,0,1,1,-1,6,2,60,9,1997,2,5,FORD KUGA,9,E01035100,0,3
2024351471164,2024,351471164,2,9,0,-1,3,4,8,-1,0,0,0,0,0,0,1,1,-1,6,2,49,8,1997,2,8,FORD KUGA,5,E01018163,0,2
2024440200869,2024,440200869,3,9,0,3,3,5,1,0,0,0,0,0,0,0,2,1,6,6,1,50,8,1997,2,8,FORD KUGA,10,E01022517,0,1
2024340NN2142,2024,340NN2142,1,9,0,-1,19,1,4,-1,0,1,0,0,0,0,1,1,-1,6,1,45,7,1997,2,15,FORD KUGA,-1,-1,0,-1
2024101505822,2024,101505822,2,9,0,-1,9,5,2,-1,0,8,0,0,0,0,3,1,-1,6,1,43,7,1499,2,6,FORD KUGA,7,E01008781,0,1
2024131517899,2024,131517899,3,9,0,-1,3,2,8,-1,0,8,0,0,0,0,2,1,-1,6,3,-1,-1,1997,2,6,FORD KUGA,-1,-1,0,-1
2024320056258,2024,320056258,1,9,0,1,1,6,2,0,0,0,0,0,0,0,2,1,-1,-1,1,58,9,2488,8,3,FORD KUGA,3,E01026177,0,1
2024311481899,2024,311481899,2,9,0,-1,4,4,7,-1,0,1,0,0,0,0,1,1,-1,9,1,29,6,1997,2,9,FORD KUGA,2,E01013823,0,1
2024161443842,2024,161443842,1,9,0,-1,9,5,7,-1,0,6,0,0,0,0,3,1,-1,6,2,55,8,1997,2,8,FORD KUGA,7,E01013014,0,1
2024010512130,2024,010512130,2,9,0,4,4,3,7,0,0,1,0,0,0,0,2,1,6,6,2,49,8,1496,1,2,FORD KUGA,-1,-1,0,-1
2024411536282,2024,411536282,1,9,0,-1,9,1,7,-1,0,8,0,0,0,0,1,1,-1,6,1,53,8,1997,2,14,FORD KUGA,7,E01023445,0,2
2024461495005,2024,461495005,2,9,0,-1,5,3,7,-1,0,0,0,0,0,0,3,1,-1,6,1,29,6,1997,2,15,FORD KUGA,2,E01024066,0,1
2024201500543,2024,201500543,1,9,0,-1,19,8,4,-1,0,1,0,0,0,0,1,2,-1,6,1,24,5,2488,8,0,FORD KUGA,-1,-1,0,-1
2024501501983,2024,501501983,1,9,0,-1,5,7,3,-1,0,2,0,4,0,0,4,1,-1,9,2,77,11,1997,2,10,FORD KUGA,2,E01015186,0,1
2024440078406,2024,440078406,2,9,0,3,3,6,2,0,0,1,0,0,0,0,2,1,6,6,2,47,8,1997,2,11,FORD KUGA,5,E01017243,0,1
2024361509784,2024,361509784,1,9,0,-1,9,6,2,-1,0,0,0,0,0,0,1,1,-1,6,1,47,8,1997,2,10,FORD KUGA,3,E01015907,0,5
2024430513248,2024,430513248,1,9,0,18,19,8,2,0,0,8,0,0,0,0,1,1,6,6,2,65,9,1997,2,8,FORD KUGA,-1,-1,0,-1
2024131486924,2024,131486924,1,9,0,-1,19,1,5,-1,0,1,0,0,7,0,1,1,-1,9,2,45,7,1997,2,8,FORD KUGA,5,E01010689,0,1
2024141408190,2024,141408190,2,9,0,-1,19,6,2,-1,0,1,0,0,0,0,1,9,-1,6,3,-1,-1,1997,2,10,FORD KUGA,-1,-1,0,-1
2024401525352,2024,401525352,2,9,-1,-1,-1,-1,-1,-1,-1,0,-1,-1,-1,0,2,9,-1,2,1,29,6,1997,2,9,FORD KUGA,2,E01028067,0,5
2024101533597,2024,101533597,2,9,0,-1,2,0,0,-1,0,8,0,0,0,0,2,1,-1,6,3,-1,-1,1997,2,8,FORD KUGA,-1,-1,0,-1
2024440109497,2024,440109497,2,9,0,18,19,1,5,0,0,8,0,0,0,0,4,1,6,6,1,44,7,1995,2,4,FORD KUGA,3,E01020556,0,4
2024471503077,2024,471503077,1,9,0,-1,19,7,3,-1,0,8,0,0,0,0,4,1,-1,6,1,40,7,1997,2,10,FORD KUGA,4,E01031546,0,1
2024332400727,2024,332400727,2,9,0,-1,19,8,4,-1,0,0,0,0,0,0,1,1,-1,6,2,40,7,1997,2,15,FORD KUGA,1,E01013633,0,3
2024041425024,2024,041425024,2,9,0,-1,19,7,3,-1,0,0,0,0,0,0,2,1,-1,9,2,72,10,1997,2,9,FORD KUGA,7,E01012581,0,2
2024010525736,2024,010525736,3,9,0,18,19,5,1,0,0,1,0,0,0,0,1,1,6,6,3,-1,-1,1997,2,10,FORD KUGA,-1,-1,0,-1
2024991499282,2024,991499282,1,9,0,-1,5,7,3,-1,0,1,0,0,0,0,1,1,-1,6,1,43,7,1498,1,5,FORD KUGA,1,-1,0,1
2024141441622,2024,141441622,1,9,0,-1,19,5,1,-1,0,1,0,0,0,0,4,1,-1,9,1,53,8,2488,8,0,FORD KUGA,1,E01007491,0,1
2024052401984,2024,052401984,2,9,0,18,19,3,7,0,0,1,0,0,0,0,1,1,6,6,2,48,8,1496,1,1,FORD KUGA,1,E01007089,0,1
2024320583545,2024,320583545,1,9,0,7,7,2,4,0,0,2,0,0,0,0,1,1,6,6,2,-1,-1,1997,2,16,FORD KUGA,-1,-1,0,-1
2024461424303,2024,461424303,2,9,0,-1,19,8,4,-1,0,0,0,0,0,0,1,1,-1,9,1,68,10,1997,2,7,FORD KUGA,6,E01024406,0,3
2024440116585,2024,440116585,1,9,0,7,7,1,3,0,0,8,0,0,0,0,1,1,6,6,2,52,8,1496,1,2,FORD KUGA,8,E01017057,0,1
2024211497222,2024,211497222,2,9,0,-1,19,8,4,-1,0,0,0,0,0,0,1,1,-1,9,2,36,7,1997,2,8,FORD KUGA,-1,-1,0,-1
2024361428920,2024,361428920,2,9,0,-1,4,7,3,-1,0,0,0,0,0,0,2,9,-1,9,1,61,9,1997,2,5,FORD KUGA,3,E01026817,0,4
2024461467801,2024,461467801,2,9,0,-1,19,3,7,-1,0,0,0,0,0,0,2,9,-1,6,1,57,9,1498,1,7,FORD KUGA,5,E01032653,0,4
2024041504575,2024,041504575,1,9,0,-1,19,5,1,-1,0,0,0,0,1,0,1,1,-1,1,1,62,9,1997,2,11,FORD KUGA,3,E01019270,0,4
2024311406490,2024,311406490,1,9,0,-1,7,5,8,-1,0,6,0,0,0,0,1,1,-1,9,1,65,9,1997,2,7,FORD KUGA,5,E01013595,0,3
2024161518705,2024,161518705,2,9,0,-1,19,0,0,-1,9,0,0,0,0,0,1,1,-1,6,-1,-1,-1,2488,8,0,FORD KUGA,-1,-1,0,-1
2024052402728,2024,052402728,2,9,0,18,19,5,1,0,0,8,0,0,1,4,4,1,6,6,2,36,7,1499,2,2,FORD KUGA,6,E01006596,0,1
2024631532521,2024,631532521,1,9,0,-1,19,2,6,-1,0,0,5,0,2,11,4,1,-1,9,1,34,6,1496,1,1,FORD KUGA,3,W01000999,0,4
2024031405907,2024,031405907,2,9,0,-1,19,3,7,-1,0,1,0,0,0,0,1,9,-1,6,1,59,9,2488,8,1,FORD KUGA,-1,-1,0,-1
2024552401473,2024,552401473,3,9,0,3,3,6,2,0,0,0,0,0,0,0,2,1,6,6,2,22,5,1997,2,13,FORD KUGA,5,E01015380,0,2
2024010537709,2024,010537709,1,9,0,9,9,1,6,0,0,1,0,0,0,0,3,1,6,6,2,30,6,1498,1,7,FORD KUGA,5,E01004096,0,1
2024041495527,2024,041495527,1,9,0,-1,11,7,3,-1,0,0,0,0,0,0,0,1,-1,2,2,39,7,1498,1,6,FORD KUGA,3,E01024879,0,1
2024111524854,2024,111524854,1,9,0,-1,5,1,5,-1,0,1,0,0,0,0,4,1,-1,1,2,49,8,2488,8,1,FORD KUGA,-1,-1,0,-1
2024531546539,2024,531546539,1,9,0,-1,19,7,2,-1,0,8,0,4,0,0,1,1,-1,6,1,30,6,1997,2,6,FORD KUGA,7,E01022142,0,4
2024501522557,2024,501522557,2,9,0,-1,19,2,6,-1,0,8,0,0,0,0,1,1,-1,7,2,35,6,1997,2,6,FORD KUGA,4,E01020325,0,2
2024141486509,2024,141486509,2,9,0,-1,5,3,7,-1,0,5,0,0,0,0,1,1,-1,6,3,-1,-1,1997,2,14,FORD KUGA,-1,-1,0,-1
2024141444104,2024,141444104,1,9,0,-1,19,5,1,-1,0,0,0,0,0,0,3,9,-1,1,1,46,8,1499,2,7,FORD KUGA,7,E01007831,0,3
2024340WN0282,2024,340WN0282,2,9,0,-1,10,6,2,-1,0,8,0,0,8,0,2,1,-1,2,2,42,7,1997,2,8,FORD KUGA,6,E01027232,0,1
2024141456817,2024,141456817,1,9,0,-1,19,8,4,-1,0,0,0,0,0,0,4,1,-1,1,2,33,6,1997,2,7,FORD KUGA,2,E01007470,0,2
2024131532491,2024,131532491,1,9,0,-1,19,3,7,-1,0,8,0,0,0,0,1,1,-1,6,1,40,7,1997,2,10,FORD KUGA,3,E01010848,0,1
2024501531281,2024,501531281,1,9,0,-1,4,1,5,-1,0,0,0,0,0,0,4,1,-1,6,1,25,5,1499,2,6,FORD KUGA,1,E01015145,0,1
2024440073740,2024,440073740,1,9,0,4,4,2,6,0,0,0,0,0,0,0,2,1,6,6,2,44,7,1499,2,6,FORD KUGA,-1,-1,0,-1
2024122400228,2024,122400228,2,9,0,17,19,1,7,0,0,8,0,0,0,0,1,1,6,6,1,59,9,1499,2,5,FORD KUGA,6,E01019196,0,5
2024991463356,2024,991463356,1,9,0,-1,19,5,1,-1,0,0,1,0,0,0,1,1,-1,2,2,61,9,1496,1,2,FORD KUGA,-1,-1,0,-1
2024141458795,2024,141458795,1,9,0,-1,19,6,2,-1,0,4,0,0,0,0,2,1,-1,9,1,34,6,1496,1,1,FORD KUGA,5,E01019502,0,4
2024461452375,2024,461452375,2,9,0,-1,8,5,1,-1,0,1,0,0,0,0,2,9,-1,6,1,50,8,1997,2,6,FORD KUGA,10,E01024320,0,1
2024440558472,2024,440558472,2,9,0,3,3,6,2,0,0,1,0,0,0,0,2,1,6,6,1,31,6,1997,2,10,FORD KUGA,9,E01022587,0,1
2024311467085,2024,311467085,2,9,0,-1,7,3,5,-1,0,1,0,0,0,0,4,1,-1,9,1,27,6,1498,1,5,FORD KUGA,5,E01028291,0,1
2024411443661,2024,411443661,2,9,0,-1,4,5,1,-1,0,0,0,0,0,0,2,1,-1,2,2,46,8,2488,8,1,FORD KUGA,4,E01021862,0,2
2024361446134,2024,361446134,2,9,0,-1,19,4,1,-1,0,0,0,0,0,0,1,1,-1,6,2,28,6,1997,2,11,FORD KUGA,5,E01026538,0,1
2024131394055,2024,131394055,2,9,0,-1,19,3,7,-1,0,0,0,0,0,0,1,1,-1,9,1,74,10,1498,1,9,FORD KUGA,6,E01011308,0,1
2024430598619,2024,430598619,1,9,0,3,3,8,4,0,0,0,0,0,0,0,2,1,6,6,2,44,7,2488,8,0,FORD KUGA,3,E01002646,0,4
2024302400268,2024,302400268,2,9,0,9,9,4,2,0,0,1,0,0,0,0,1,1,6,6,1,54,8,2488,8,1,FORD KUGA,1,E01019650,0,3
2024010497518,2024,010497518,1,9,0,5,5,5,1,0,0,2,0,0,0,0,4,1,6,6,1,64,9,2488,8,2,FORD KUGA,5,E01035599,0,2
2024141431033,2024,141431033,2,9,0,-1,19,2,6,-1,0,0,0,0,0,0,1,1,-1,6,2,50,8,1496,1,1,FORD KUGA,3,E01007480,0,1
2024610051724,2024,610051724,1,9,0,18,19,1,5,0,0,4,1,0,3,1,1,1,6,6,1,23,5,1499,2,5,FORD KUGA,2,W01001546,0,3
2024052402679,2024,052402679,1,9,0,7,7,8,3,0,0,6,0,0,0,0,1,1,2,2,1,67,10,1496,1,4,FORD KUGA,10,E01007199,0,1
2024531461362,2024,531461362,2,9,0,-1,19,8,4,-1,0,0,0,0,0,0,1,1,-1,9,2,55,8,1997,2,9,FORD KUGA,10,E01022389,0,2
2024201534268,2024,201534268,1,9,0,-1,9,7,5,-1,0,6,0,0,0,0,1,1,-1,6,1,30,6,1997,2,10,FORD KUGA,1,E01010076,0,1
2024421534116,2024,421534116,1,9,0,-1,19,5,1,-1,0,6,0,0,0,0,1,1,-1,6,3,-1,-1,1997,2,13,FORD KUGA,-1,-1,0,-1
2024101453468,2024,101453468,3,9,0,-1,2,0,0,-1,0,0,0,0,0,0,2,1,-1,6,3,-1,-1,1997,2,12,FORD KUGA,-1,-1,0,-1
2024991482046,2024,991482046,2,9,0,-1,19,4,8,-1,0,1,0,0,1,11,1,1,-1,9,2,27,6,1496,1,1,FORD KUGA,1,-1,0,2
2024031453329,2024,031453329,1,9,0,-1,1,1,5,-1,0,0,0,0,0,0,0,1,-1,6,1,-1,-1,1498,1,6,FORD KUGA,-1,-1,0,-1
2024351432609,2024,351432609,1,9,0,-1,19,5,1,-1,0,1,0,0,0,0,1,1,-1,6,2,24,5,1997,2,7,FORD KUGA,6,E01023874,0,4
2024161528982,2024,161528982,2,9,0,-1,2,0,0,-1,0,0,0,0,0,0,3,1,-1,6,-1,-1,-1,1498,1,9,FORD KUGA,-1,-1,0,-1
2024421532557,2024,421532557,1,9,0,-1,7,3,5,-1,9,6,0,0,0,0,1,1,-1,6,2,62,9,1997,2,10,FORD KUGA,4,E01021956,0,1
2024010534407,2024,010534407,2,9,9,99,99,9,9,99,99,8,9,99,9,99,9,9,6,6,3,-1,-1,1498,1,7,FORD KUGA,-1,-1,0,-1
2024991450086,2024,991450086,2,9,0,-1,2,0,0,-1,-1,0,0,0,0,0,1,1,-1,6,-1,-1,-1,1499,2,5,FORD KUGA,-1,-1,0,-1
2024211512630,2024,211512630,2,9,0,-1,2,5,1,-1,-1,0,0,0,0,0,1,1,-1,6,1,38,7,1997,2,13,FORD KUGA,9,E01014318,0,3
2024411407508,2024,411407508,1,9,0,-1,19,1,5,-1,0,1,0,0,0,0,1,9,-1,9,2,52,8,1498,1,5,FORD KUGA,7,E01000228,0,3
2024231446018,2024,231446018,3,9,0,-1,3,1,5,-1,0,0,0,0,0,0,2,9,-1,9,2,26,6,1997,2,5,FORD KUGA,2,E01031066,0,1
2024440295792,2024,440295792,2,9,0,4,4,8,4,0,0,0,0,0,0,0,1,1,2,2,1,54,8,1997,2,11,FORD KUGA,4,E01022474,0,1
2024052400175,2024,052400175,2,9,0,18,19,6,2,0,0,8,0,0,0,0,1,1,6,6,2,75,10,1997,2,9,FORD KUGA,6,E01006891,0,1
2024411517832,2024,411517832,2,9,0,-1,5,5,8,-1,0,0,0,0,0,0,1,1,-1,2,1,39,7,1997,2,5,FORD KUGA,9,E01023428,0,1
2024010521608,2024,010521608,2,9,0,99,99,9,9,99,99,9,9,99,9,99,9,9,6,6,3,-1,-1,1997,2,7,FORD KUGA,9,E01030589,0,3
2024061466245,2024,061466245,2,9,0,-1,15,2,6,-1,0,0,0,0,0,0,0,2,-1,6,2,-1,-1,1997,2,10,FORD KUGA,5,E01005596,0,1
2024320180983,2024,320180983,1,9,0,9,9,3,2,9,9,6,0,0,0,0,4,1,1,1,1,68,10,2488,8,2,FORD KUGA,1,E01026083,0,1
2024010528769,2024,010528769,1,9,0,18,19,1,5,0,0,6,0,0,0,0,2,1,6,6,1,41,7,1496,1,2,FORD KUGA,9,E01000444,0,1
2024101479637,2024,101479637,2,9,0,-1,3,4,7,-1,0,4,0,0,0,0,2,1,-1,9,1,61,9,1499,2,3,FORD KUGA,3,E01032648,0,1
2024302400685,2024,302400685,1,9,0,18,19,7,3,0,0,0,0,0,1,4,1,1,6,6,2,33,6,2521,1,14,FORD KUGA,6,E01028125,0,1
2024211500771,2024,211500771,1,9,0,-1,13,2,6,-1,0,0,0,0,0,0,4,1,-1,6,2,43,7,1997,2,8,FORD KUGA,7,E01029369,0,2
2024041443741,2024,041443741,1,9,0,-1,5,5,5,-1,0,2,0,0,7,0,1,1,-1,9,2,56,9,1997,2,8,FORD KUGA,6,E01025279,0,1
2024052400959,2024,052400959,2,9,0,2,2,0,0,0,0,1,0,0,0,0,1,1,6,6,3,-1,-1,1997,2,8,FORD KUGA,-1,-1,0,-1
2024411409884,2024,411409884,2,9,-1,-1,-1,-1,-1,-1,-1,0,-1,-1,-1,0,2,9,-1,6,1,53,8,2488,8,0,FORD KUGA,8,E01023419,0,1
2024461467794,2024,461467794,2,9,0,-1,3,4,8,-1,0,1,0,0,0,0,2,9,-1,6,2,44,7,1496,1,1,FORD KUGA,3,E01024713,0,1