collision_index,collision_year,collision_ref_no,vehicle_reference,vehicle_type,towing_and_articulation,vehicle_manoeuvre_historic,vehicle_manoeuvre,vehicle_direction_from,vehicle_direction_to,vehicle_location_restricted_lane_historic,vehicle_location_restricted_lane,junction_location,skidding_and_overturning,hit_object_in_carriageway,vehicle_leaving_carriageway,hit_object_off_carriageway,first_point_of_impact,vehicle_left_hand_drive,journey_purpose_of_driver_historic,journey_purpose_of_driver,sex_of_driver,age_of_driver,age_band_of_driver,engine_capacity_cc,propulsion_code,age_of_vehicle,generic_make_model,driver_imd_decile,lsoa_of_driver,escooter_flag,driver_distance_banding
2024041520496,2024,041520496,2,9,0,-1,19,5,5,-1,0,1,0,0,0,0,3,2,-1,6,2,55,8,1997,2,6,FORD KUGA,9,E01024935,0,1
2024101415376,2024,101415376,2,9,0,-1,4,3,6,-1,0,8,0,0,0,0,2,1,-1,9,2,40,7,1498,1,7,FORD KUGA,8,E01008328,0,1
2024061505606,2024,061505606,5,9,0,-1,2,0,0,-1,0,0,0,0,0,0,0,1,-1,6,-1,-1,-1,1997,2,10,FORD KUGA,-1,-1,0,-1
2024991502114,2024,991502114,1,9,0,-1,19,5,1,-1,0,2,0,0,0,0,1,1,-1,6,1,33,6,1499,2,6,FORD KUGA,9,-1,0,3
2024010521578,2024,010521578,2,9,0,4,4,5,1,0,0,0,0,0,0,0,0,2,6,6,1,-1,-1,1496,1,1,FORD KUGA,4,E01004259,0,1
2024201434609,2024,201434609,1,9,0,-1,1,8,2,-1,0,0,0,0,0,0,2,9,-1,6,1,-1,-1,1997,2,13,FORD KUGA,-1,-1,0,-1
2024421515546,2024,421515546,1,9,0,-1,9,6,4,-1,0,1,0,0,0,0,3,1,-1,6,1,60,9,2488,8,0,FORD KUGA,3,E01016173,0,4
2024101515149,2024,101515149,4,9,0,-1,19,1,5,-1,0,0,0,0,0,0,1,1,-1,1,1,31,6,1997,2,12,FORD KUGA,10,E01012926,0,5
2024061468242,2024,061468242,2,9,0,-1,19,4,2,-1,0,0,0,0,0,0,1,1,-1,6,1,78,11,1498,1,9,FORD KUGA,3,E01005872,0,1
2024302401352,2024,302401352,2,9,0,4,4,4,8,0,0,1,0,0,0,0,1,1,6,6,1,-1,-1,1997,2,10,FORD KUGA,7,E01019821,0,1
2024010499086,2024,010499086,1,9,9,99,99,9,9,0,0,9,9,99,0,0,9,9,6,6,3,44,7,1596,1,11,FORD KUGA,5,E01003375,0,1
2024471533771,2024,471533771,2,9,0,-1,2,0,0,-1,0,0,0,0,0,0,3,1,-1,9,2,41,7,2488,8,2,FORD KUGA,7,E01031626,0,2
2024302401610,2024,302401610,1,9,0,10,10,8,6,0,0,1,0,0,0,0,2,1,6,6,2,57,9,1997,2,6,FORD KUGA,7,E01019801,0,1
2024010501070,2024,010501070,1,9,0,99,99,9,9,99,99,9,9,99,9,99,2,9,6,6,2,46,8,1498,1,7,FORD KUGA,3,E01002610,0,1
2024211519156,2024,211519156,2,9,0,-1,3,7,3,-1,0,0,0,0,0,0,4,9,-1,6,2,38,7,1596,1,10,FORD KUGA,10,E01029724,0,1
2024302401793,2024,302401793,3,9,0,18,19,2,6,0,0,1,0,0,0,0,1,1,1,1,1,64,9,1498,1,5,FORD KUGA,10,E01034654,0,1
2024401527609,2024,401527609,2,9,0,-1,4,5,1,-1,0,0,0,0,0,0,2,1,-1,6,1,60,9,1496,1,2,FORD KUGA,4,E01011795,0,5
2024461538460,2024,461538460,1,9,0,-1,19,2,6,-1,0,0,0,0,0,0,1,9,-1,6,1,39,7,1997,2,10,FORD KUGA,7,E01021160,0,4
2024131445729,2024,131445729,2,9,0,-1,2,0,0,-1,0,1,0,0,0,0,4,1,-1,9,2,31,6,1498,1,5,FORD KUGA,3,E01010949,0,1
2024622400709,2024,622400709,2,9,0,18,19,8,4,0,0,1,0,0,0,0,1,1,1,1,1,82,11,1496,1,0,FORD KUGA,5,W01001281,0,1
2024052400963,2024,052400963,2,9,0,18,19,7,3,0,0,1,5,0,0,0,3,1,6,6,2,22,5,1997,2,6,FORD KUGA,1,E01006709,0,1
2024041535431,2024,041535431,2,9,0,-1,5,5,7,-1,0,2,0,0,0,0,2,1,-1,1,1,72,10,2488,8,0,FORD KUGA,3,E01025460,0,1
2024061507493,2024,061507493,2,9,0,-1,7,3,7,-1,0,8,0,0,0,0,1,1,-1,6,1,65,9,1997,2,10,FORD KUGA,6,E01004912,0,1
2024401466279,2024,401466279,2,9,0,-1,8,5,7,-1,0,4,0,0,0,0,2,1,-1,9,1,34,6,1997,2,5,FORD KUGA,9,E01017449,0,1
2024201497974,2024,201497974,1,9,0,-1,19,5,1,-1,0,8,0,0,0,0,1,1,-1,6,1,33,6,1997,2,14,FORD KUGA,3,E01001239,0,5
2024010524969,2024,010524969,3,9,0,3,3,1,5,0,0,1,0,0,0,0,2,1,6,6,2,57,9,1498,1,5,FORD KUGA,4,E01002598,0,1
2024052400698,2024,052400698,2,9,0,18,19,1,5,0,0,1,0,0,0,0,2,1,6,6,1,66,10,1995,2,3,FORD KUGA,3,E01006717,0,1
2024101522136,2024,101522136,2,9,0,-1,19,2,6,-1,0,2,0,0,0,0,3,9,-1,6,2,33,6,1995,2,3,FORD KUGA,4,E01008679,0,1
2024031393911,2024,031393911,1,9,0,-1,19,3,7,-1,0,0,1,0,0,0,3,1,-1,6,1,23,5,2488,8,1,FORD KUGA,4,E01019364,0,2
2024430116585,2024,430116585,1,9,0,7,7,5,7,0,0,8,0,0,0,0,3,1,6,6,2,-1,-1,1997,2,12,FORD KUGA,3,E01016373,0,1
2024052401729,2024,052401729,4,9,0,18,19,4,8,0,0,0,0,0,0,0,2,1,6,6,2,38,7,1997,2,13,FORD KUGA,8,E01006824,0,3
2024501472202,2024,501472202,2,9,0,-1,19,3,7,-1,0,0,0,0,0,0,0,9,-1,6,2,43,7,1496,1,2,FORD KUGA,5,E01020122,0,2
2024131434868,2024,131434868,1,9,0,-1,9,5,3,-1,0,1,0,0,0,0,4,1,-1,7,2,57,9,1498,1,8,FORD KUGA,1,E01011358,0,1
2024201518238,2024,201518238,1,9,0,-1,19,6,2,-1,0,1,0,0,0,0,1,1,-1,6,1,67,10,1997,2,9,FORD KUGA,-1,-1,0,-1
2024041489298,2024,041489298,1,9,0,-1,9,5,3,-1,0,8,0,0,0,0,0,1,-1,9,1,35,6,2488,8,0,FORD KUGA,7,E01025485,0,4
2024332400023,2024,332400023,3,9,0,-1,19,1,5,-1,0,0,0,0,0,0,2,1,-1,1,1,23,5,1496,1,1,FORD KUGA,1,E01008348,0,5
202417L207524,2024,17L207524,2,9,0,-1,9,6,4,-1,0,8,0,0,0,0,1,1,-1,9,1,30,6,1997,2,10,FORD KUGA,1,E01012170,0,1
2024201548260,2024,201548260,2,9,0,-1,19,4,8,-1,0,0,0,0,0,0,2,1,-1,6,1,38,7,1997,2,7,FORD KUGA,-1,-1,0,-1
2024010499060,2024,010499060,1,9,0,99,99,9,9,99,99,9,9,99,9,99,2,9,6,6,3,-1,-1,1997,2,8,FORD KUGA,-1,-1,0,-1
2024622400412,2024,622400412,2,9,0,18,19,1,5,0,0,8,0,0,0,0,3,1,6,6,2,53,8,1499,2,6,FORD KUGA,10,W01001732,0,1
2024010544816,2024,010544816,1,9,0,18,19,6,2,0,0,8,0,0,0,0,1,1,6,6,2,43,7,2488,8,0,FORD KUGA,5,E01004371,0,1
2024010527590,2024,010527590,1,9,0,18,19,5,1,0,0,0,0,0,0,0,1,1,6,6,1,51,8,2488,8,0,FORD KUGA,3,E01016014,0,3
202454B205424,2024,54B205424,2,9,0,18,19,3,7,0,0,8,0,0,0,0,4,1,6,6,1,53,8,2488,8,3,FORD KUGA,5,E01015505,0,1
2024031497251,2024,031497251,3,9,0,-1,3,3,7,-1,0,1,0,0,0,0,2,1,-1,6,1,55,8,1997,2,14,FORD KUGA,-1,-1,0,-1
2024161435684,2024,161435684,2,9,0,-1,9,1,7,-1,0,6,0,0,0,0,3,1,-1,2,1,61,9,1499,2,3,FORD KUGA,10,E01013059,0,1
2024351532150,2024,351532150,3,9,0,-1,19,8,4,-1,0,0,0,0,7,9,3,1,-1,2,1,55,8,1498,1,6,FORD KUGA,9,E01027052,0,2
2024421489908,2024,421489908,3,9,0,-1,19,3,7,-1,0,0,0,0,0,0,2,1,-1,2,2,51,8,1496,1,0,FORD KUGA,7,E01021900,0,3
2024421510264,2024,421510264,2,9,0,-1,19,6,2,-1,0,1,0,0,0,0,3,1,-1,7,2,42,7,1997,2,9,FORD KUGA,3,E01021631,0,2
2024041474662,2024,041474662,1,9,0,-1,19,7,3,-1,0,0,0,4,0,0,1,1,-1,2,1,44,7,1997,2,14,FORD KUGA,2,E01025521,0,1
2024201401203,2024,201401203,1,9,0,-1,19,4,4,-1,0,6,0,0,0,0,4,1,-1,6,2,-1,-1,1997,2,10,FORD KUGA,-1,-1,0,-1
2024201551785,2024,201551785,2,9,0,-1,2,0,0,-1,0,0,0,4,0,0,1,1,-1,9,1,33,6,1995,2,2,FORD KUGA,5,E01009473,0,1
2024421458815,2024,421458815,2,9,0,-1,19,5,7,-1,0,0,0,0,0,0,3,1,-1,9,2,59,9,1997,2,5,FORD KUGA,5,E01021651,0,4
2024201476210,2024,201476210,1,9,0,-1,19,8,4,-1,0,0,0,0,0,0,2,1,-1,6,1,59,9,2488,8,1,FORD KUGA,1,E01009202,0,2
2024311433847,2024,311433847,2,9,0,-1,19,2,2,-1,0,0,0,0,0,0,1,1,-1,6,1,49,8,1997,2,6,FORD KUGA,5,E01027989,0,1
2024421414619,2024,421414619,2,9,0,-1,19,3,7,-1,0,0,0,0,0,0,0,1,-1,9,1,60,9,1997,2,8,FORD KUGA,5,E01015994,0,1
2024010502919,2024,010502919,2,9,0,6,6,9,9,99,99,9,9,99,9,99,9,9,6,6,3,-1,-1,2488,8,1,FORD KUGA,-1,-1,0,-1
2024010507092,2024,010507092,1,9,0,18,19,7,3,0,0,2,0,0,0,0,1,1,6,6,1,35,6,2488,8,1,FORD KUGA,6,E01005694,0,5
2024501428992,2024,501428992,1,9,0,-1,4,5,1,-1,0,0,0,0,0,0,1,1,-1,9,1,85,11,1997,2,11,FORD KUGA,10,E01022740,0,5
2024610030024,2024,610030024,2,9,0,18,19,8,4,0,0,0,0,0,7,0,1,1,2,2,1,62,9,1997,2,11,FORD KUGA,-1,-1,0,-1
2024421414861,2024,421414861,2,9,0,-1,3,3,7,-1,0,6,0,0,0,0,3,1,-1,9,2,33,6,2488,8,1,FORD KUGA,10,E01021480,0,1
2024421502296,2024,421502296,1,9,0,-1,19,5,1,-1,0,0,2,0,7,0,1,1,-1,6,1,43,7,1997,2,9,FORD KUGA,10,E01033053,0,1
2024031494054,2024,031494054,2,9,0,-1,19,6,1,-1,0,8,0,0,0,0,1,1,-1,6,2,33,6,1997,2,9,FORD KUGA,-1,-1,0,-1
2024461498111,2024,461498111,2,9,0,-1,19,7,3,-1,0,0,0,0,0,0,1,9,-1,6,1,43,7,1496,1,1,FORD KUGA,6,E01034994,0,1
2024411534034,2024,411534034,2,9,0,-1,9,4,2,-1,0,0,0,0,0,0,3,1,-1,1,2,58,9,1997,2,6,FORD KUGA,6,E01023708,0,1
2024122400501,2024,122400501,1,9,0,9,9,5,3,0,0,8,0,0,0,0,2,1,2,2,1,44,7,1997,2,6,FORD KUGA,2,E01011809,0,3
2024010505723,2024,010505723,1,9,0,99,99,9,9,99,99,9,9,99,9,99,1,9,6,6,1,40,7,1498,1,7,FORD KUGA,4,E01000610,0,1
2024340WN6242,2024,340WN6242,3,9,0,-1,19,5,1,-1,0,0,0,0,0,0,1,1,-1,2,1,43,7,1997,2,9,FORD KUGA,2,E01027214,0,2
2024522401359,2024,522401359,1,9,0,5,5,8,4,0,0,6,0,0,0,0,1,1,6,6,2,36,7,2488,8,1,FORD KUGA,7,E01014909,0,1
2024010497526,2024,010497526,1,9,0,18,19,1,5,0,0,1,1,0,0,0,3,1,6,6,2,29,6,1498,1,5,FORD KUGA,5,E01003084,0,1
2024052402568,2024,052402568,2,9,0,18,19,3,7,0,0,8,0,0,0,0,4,1,6,6,1,39,7,1997,2,5,FORD KUGA,6,E01006420,0,3
2024501474893,2024,501474893,1,9,0,-1,9,4,2,-1,0,1,0,0,0,0,2,1,-1,9,1,37,7,1496,1,1,FORD KUGA,7,E01024245,0,5
2024211536236,2024,211536236,2,9,0,-1,2,7,3,-1,0,2,0,0,0,0,3,1,-1,9,1,31,6,1997,2,10,FORD KUGA,-1,-1,0,-1
2024361454954,2024,361454954,1,9,0,-1,4,7,3,-1,0,1,0,0,0,0,1,9,-1,6,1,-1,-1,1997,2,11,FORD KUGA,1,E01026827,0,1
2024421531934,2024,421531934,4,9,0,-1,19,5,1,-1,0,0,0,0,0,0,2,1,-1,6,1,58,9,1997,2,8,FORD KUGA,4,E01021265,0,3
2024131452605,2024,131452605,2,9,0,-1,10,6,4,-1,0,1,0,0,0,0,0,1,-1,9,2,17,4,1995,2,4,FORD KUGA,3,E01011761,0,1
2024522402672,2024,522402672,1,9,0,3,3,5,1,0,0,0,0,0,0,0,2,1,6,6,1,51,8,2521,1,15,FORD KUGA,4,E01014704,0,1
2024122500097,2024,122500097,1,9,0,7,7,7,3,0,0,0,0,0,0,0,3,1,6,6,2,41,7,1997,2,12,FORD KUGA,7,E01027585,0,1
2024451492123,2024,451492123,1,9,0,-1,3,1,5,-1,0,0,0,0,0,0,2,1,-1,6,2,34,6,1499,2,6,FORD KUGA,7,E01017834,0,4
2024161456808,2024,161456808,2,9,0,-1,19,7,3,-1,0,1,0,0,0,0,1,1,-1,9,1,36,7,1997,2,12,FORD KUGA,2,E01035482,0,1
2024311514490,2024,311514490,2,9,0,-1,9,1,5,-1,0,6,0,0,0,0,3,1,-1,9,2,46,8,1997,2,5,FORD KUGA,6,E01028283,0,1
2024010531601,2024,010531601,1,9,0,5,5,0,1,0,0,7,0,0,0,0,1,1,2,2,2,34,6,1997,2,7,FORD KUGA,8,E01015991,0,3
2024070996945,2024,070996945,3,9,0,-1,4,7,7,-1,0,0,0,0,0,0,2,1,-1,9,2,44,7,1496,1,1,FORD KUGA,4,E01007040,0,3
2024010531506,2024,010531506,3,9,0,18,19,1,5,0,0,1,0,0,0,0,0,1,6,6,2,36,7,2488,8,2,FORD KUGA,8,E01002579,0,2
2024631400075,2024,631400075,1,9,0,-1,19,2,6,-1,0,8,0,0,0,0,1,1,-1,6,2,59,9,1997,2,8,FORD KUGA,8,W01000624,0,4
2024010527189,2024,010527189,1,9,0,99,99,9,9,99,99,9,9,99,9,99,9,9,6,6,3,-1,-1,1498,1,7,FORD KUGA,-1,-1,0,-1
2024421469002,2024,421469002,3,9,0,-1,10,1,5,-1,0,0,0,0,0,0,2,1,-1,6,2,37,7,2488,8,0,FORD KUGA,8,E01034364,0,2
2024421494524,2024,421494524,1,9,0,-1,19,2,6,-1,0,0,0,0,5,6,1,1,-1,9,1,64,9,2488,8,2,FORD KUGA,3,E01002264,0,4
2024201471627,2024,201471627,1,9,0,-1,19,6,1,-1,0,0,0,0,0,0,1,1,-1,6,3,-1,-1,2488,8,1,FORD KUGA,-1,-1,0,-1
2024340WN2182,2024,340WN2182,1,9,0,-1,9,5,1,-1,0,6,0,0,1,0,1,1,-1,6,2,-1,-1,1997,2,7,FORD KUGA,-1,-1,0,-1
2024451455335,2024,451455335,2,9,0,-1,19,1,1,-1,0,0,0,0,0,0,2,1,-1,9,2,37,7,1997,2,8,FORD KUGA,10,E01024330,0,4
2024371398730,2024,371398730,1,9,0,-1,19,2,7,-1,0,0,1,0,1,3,1,1,-1,2,1,44,7,2488,8,1,FORD KUGA,5,E01030174,0,3
2024211531441,2024,211531441,1,9,0,-1,19,1,5,-1,0,0,0,0,0,0,3,1,-1,9,1,41,7,1997,2,9,FORD KUGA,-1,-1,0,-1
2024401545181,2024,401545181,2,9,0,-1,19,7,3,-1,0,0,0,0,1,0,1,1,-1,6,1,24,5,1997,2,9,FORD KUGA,9,E01017439,0,1
2024520003084,2024,520003084,1,9,0,9,9,3,1,0,0,8,0,0,0,0,1,1,6,6,2,48,8,1997,2,5,FORD KUGA,1,E01014608,0,1
2024430034106,2024,430034106,1,9,0,12,12,2,5,0,0,7,0,0,0,0,1,1,1,1,1,51,8,2488,8,2,FORD KUGA,5,E01028632,0,2
2024440121590,2024,440121590,2,9,0,18,19,6,2,0,0,8,0,0,0,0,1,1,6,6,2,30,6,1499,2,2,FORD KUGA,2,E01017115,0,1
2024461393694,2024,461393694,9,9,0,-1,4,4,8,-1,0,0,0,0,0,0,3,1,-1,9,1,43,7,1498,1,4,FORD KUGA,8,E01016175,0,3
2024131485519,2024,131485519,1,9,0,-1,19,3,7,-1,0,0,0,0,0,0,1,1,-1,9,1,74,10,1499,2,7,FORD KUGA,2,E01011856,0,1
2024440123315,2024,440123315,1,9,0,13,13,2,6,0,0,0,0,4,0,0,4,1,6,6,1,22,5,1498,1,6,FORD KUGA,3,E01017185,0,1
2024991431357,2024,991431357,1,9,0,-1,19,4,8,-1,0,0,5,10,7,11,3,1,-1,9,2,33,6,1997,2,13,FORD KUGA,7,-1,0,3
2024991414353,2024,991414353,1,9,0,-1,19,3,7,-1,0,1,0,0,0,0,1,1,-1,9,1,39,7,1499,2,6,FORD KUGA,9,-1,0,4
2024141508285,2024,141508285,2,9,0,-1,5,4,6,-1,0,6,0,0,0,0,1,9,-1,6,1,35,6,1498,1,6,FORD KUGA,-1,-1,0,-1
2024041530724,2024,041530724,1,9,0,-1,19,5,1,-1,0,0,0,0,0,0,1,1,-1,9,1,83,11,1499,2,6,FORD KUGA,3,E01025249,0,1
2024122400924,2024,122400924,3,9,0,18,19,1,5,0,0,8,0,0,0,0,1,1,6,6,1,45,7,1997,2,12,FORD KUGA,10,E01013432,0,2
2024010524880,2024,010524880,2,9,0,4,4,7,3,0,0,0,0,4,0,0,2,1,6,6,1,35,6,1498,1,6,FORD KUGA,-1,-1,0,-1
2024548446524,2024,548446524,2,9,0,18,19,3,7,0,0,1,0,0,0,0,3,1,1,1,2,34,6,1995,2,2,FORD KUGA,-1,-1,0,-1
2024430569031,2024,430569031,2,9,0,9,9,7,5,0,0,8,1,0,0,0,1,1,6,6,1,28,6,1499,2,3,FORD KUGA,7,E01030527,0,4
2024340WN3712,2024,340WN3712,1,9,0,-1,19,1,5,-1,0,0,0,0,0,0,1,1,-1,9,1,46,8,1997,2,9,FORD KUGA,10,E01035405,0,1
2024031468898,2024,031468898,2,9,3,-1,19,5,1,-1,0,0,0,0,0,0,2,1,-1,9,1,73,10,1995,2,3,FORD KUGA,-1,-1,0,-1
2024161467948,2024,161467948,1,9,0,-1,19,1,6,-1,0,0,0,0,0,0,4,1,-1,9,2,29,6,1498,1,6,FORD KUGA,5,E01013285,0,1
2024471475638,2024,471475638,1,9,0,-1,19,4,8,-1,0,2,0,0,0,0,1,1,-1,9,2,63,9,1498,1,5,FORD KUGA,7,E01021170,0,1
2024031397709,2024,031397709,1,9,0,-1,19,3,7,-1,0,2,0,0,0,0,1,1,-1,2,2,31,6,1997,2,8,FORD KUGA,3,E01025097,0,4
2024122401151,2024,122401151,3,9,0,4,4,2,6,0,0,0,0,0,0,0,1,1,1,1,2,33,6,1997,2,7,FORD KUGA,8,E01013407,0,1
2024131520572,2024,131520572,1,9,0,-1,19,1,5,-1,0,2,1,0,0,0,1,1,-1,9,1,25,5,1997,2,8,FORD KUGA,2,E01010799,0,1
2024010508869,2024,010508869,1,9,0,10,10,3,1,0,0,2,0,0,0,0,1,1,6,6,2,42,7,1498,1,5,FORD KUGA,6,E01017851,0,4
2024332401009,2024,332401009,1,9,0,-1,19,2,6,-1,0,0,5,10,4,2,1,1,-1,9,2,55,8,1499,2,4,FORD KUGA,1,E01034838,0,5
2024631510573,2024,631510573,1,9,0,-1,4,7,3,-1,0,0,0,0,0,0,2,1,-1,9,1,81,11,1499,2,7,FORD KUGA,9,W01000466,0,4
2024371499462,2024,371499462,2,9,0,-1,19,6,2,-1,0,0,0,0,0,0,2,1,-1,6,2,64,9,2488,8,1,FORD KUGA,5,E01026466,0,3
2024461450182,2024,461450182,2,9,0,-1,19,3,7,-1,0,0,0,0,0,0,3,9,-1,2,1,38,7,1499,2,6,FORD KUGA,2,E01016039,0,4
2024610003024,2024,610003024,1,9,0,18,19,3,6,0,0,0,1,0,7,11,1,1,6,6,2,46,8,1995,2,2,FORD KUGA,7,W01001380,0,1
2024421447168,2024,421447168,1,9,0,-1,19,7,3,-1,0,1,0,0,0,0,1,1,-1,6,2,35,6,1997,2,8,FORD KUGA,9,E01021280,0,3
2024010534513,2024,010534513,2,9,9,99,99,9,9,99,99,9,9,99,9,99,1,9,6,6,3,-1,-1,1997,2,9,FORD KUGA,-1,-1,0,-1
2024161501897,2024,161501897,2,9,0,-1,99,1,5,-1,0,1,0,0,0,0,9,9,-1,6,1,-1,-1,1997,2,8,FORD KUGA,-1,-1,0,-1
2024041492245,2024,041492245,1,9,0,-1,19,5,1,-1,0,0,0,0,0,0,1,1,-1,6,3,-1,-1,1997,2,10,FORD KUGA,-1,-1,0,-1
2024031533282,2024,031533282,2,9,0,-1,19,3,7,-1,0,0,0,0,0,0,3,1,-1,2,2,27,6,1997,2,8,FORD KUGA,5,E01019226,0,4
2024371480451,2024,371480451,2,9,0,-1,3,2,4,-1,0,1,0,0,0,0,2,1,-1,9,2,54,8,1997,2,5,FORD KUGA,1,E01030277,0,1
2024302400506,2024,302400506,1,9,0,18,19,4,8,0,0,0,0,0,0,0,1,1,6,6,1,77,11,1997,2,5,FORD KUGA,10,E01013520,0,1
2024351539035,2024,351539035,2,9,0,-1,10,7,4,-1,0,8,0,0,0,0,3,1,-1,9,2,38,7,2488,8,0,FORD KUGA,8,E01023662,0,2
2024010544499,2024,010544499,2,9,0,99,99,9,9,99,99,9,9,99,9,99,3,9,6,6,3,41,7,1496,1,1,FORD KUGA,4,E01002795,0,1
2024531442477,2024,531442477,1,9,0,-1,19,7,3,-1,0,1,0,0,0,0,1,1,-1,1,1,39,7,1997,2,9,FORD KUGA,10,E01034779,0,4
2024010527526,2024,010527526,1,9,0,99,99,9,9,99,99,9,9,99,9,99,9,9,6,6,2,56,9,1498,1,6,FORD KUGA,3,E01000731,0,1
2024340NN1982,2024,340NN1982,1,9,0,-1,9,7,5,-1,0,6,0,0,0,0,1,1,-1,6,1,71,10,1995,2,3,FORD KUGA,9,E01027201,0,2
2024401498578,2024,401498578,2,9,0,-1,4,5,1,-1,0,0,0,0,0,0,1,1,-1,9,1,56,9,1997,2,11,FORD KUGA,10,E01023815,0,4
2024302400250,2024,302400250,1,9,0,9,9,6,4,0,0,0,0,0,0,0,3,1,1,1,2,43,7,1499,2,4,FORD KUGA,3,E01019687,0,2
2024340NN2242,2024,340NN2242,1,9,0,-1,19,3,7,-1,0,0,0,0,0,0,4,1,-1,9,1,76,11,2488,8,1,FORD KUGA,10,E01027086,0,2
2024401499147,2024,401499147,2,9,0,-1,19,7,3,-1,0,4,0,0,0,0,1,1,-1,9,1,80,11,1499,2,7,FORD KUGA,4,E01033826,0,1
2024010549177,2024,010549177,2,9,9,99,99,9,9,99,99,9,9,99,9,99,9,9,6,6,3,-1,-1,1496,1,3,FORD KUGA,-1,-1,0,-1
2024010527720,2024,010527720,1,9,0,9,9,3,1,0,0,6,0,0,0,0,1,1,6,6,2,32,6,2488,8,0,FORD KUGA,2,E01003128,0,1
2024101422092,2024,101422092,1,9,0,-1,4,5,1,-1,0,0,0,0,0,0,1,9,-1,6,1,-1,-1,1997,2,12,FORD KUGA,-1,-1,0,-1
2024311513273,2024,311513273,1,9,0,-1,9,1,3,-1,0,1,0,0,0,0,4,1,-1,9,1,61,9,1499,2,5,FORD KUGA,-1,-1,0,-1
2024041429908,2024,041429908,2,9,0,-1,19,1,5,-1,0,4,0,0,0,0,4,1,-1,6,2,71,10,2488,8,2,FORD KUGA,-1,-1,0,-1
2024031483108,2024,031483108,1,9,0,-1,19,4,8,-1,0,0,0,0,0,0,4,1,-1,9,2,61,9,1997,2,5,FORD KUGA,-1,-1,0,-1
2024411521633,2024,411521633,4,9,0,-1,19,7,3,-1,0,0,0,0,0,0,1,1,-1,6,1,59,9,2488,8,0,FORD KUGA,7,E01021511,0,4
2024440194339,2024,440194339,1,9,0,4,4,2,6,0,0,0,0,0,0,0,2,1,6,6,1,69,10,1498,1,6,FORD KUGA,9,E01033316,0,5
2024010541374,2024,010541374,3,9,0,18,19,3,7,0,0,1,0,0,0,0,2,1,6,6,2,34,6,1498,1,5,FORD KUGA,6,E01033785,0,1
2024440231044,2024,440231044,2,9,0,18,19,1,5,0,0,1,0,0,0,0,1,1,6,6,1,34,6,1498,1,6,FORD KUGA,10,E01022471,0,2
2024542353024,2024,542353024,2,9,0,4,4,3,7,0,0,1,0,0,0,0,2,1,6,6,1,63,9,1997,2,7,FORD KUGA,6,E01023196,0,3
2024421396002,2024,421396002,1,9,0,-1,9,1,7,-1,0,6,0,0,0,0,1,1,-1,9,1,59,9,2488,8,2,FORD KUGA,2,E01015820,0,1
2024122400520,2024,122400520,1,9,0,16,19,8,3,0,0,1,0,0,0,0,1,1,6,6,2,57,9,1997,2,10,FORD KUGA,9,E01027897,0,1
2024421462973,2024,421462973,2,9,0,-1,3,7,3,-1,0,8,0,0,0,0,2,1,-1,9,2,35,6,2488,8,1,FORD KUGA,4,E01021706,0,1
2024201516013,2024,201516013,2,9,0,-1,19,1,5,-1,0,8,0,0,0,0,1,1,-1,6,1,26,6,1997,2,12,FORD KUGA,5,E01009262,0,1
202454C396424,2024,54C396424,2,9,0,4,4,5,1,0,0,1,0,0,0,0,3,1,6,6,1,29,6,1997,2,8,FORD KUGA,-1,-1,0,-1
2024501434170,2024,501434170,2,9,0,-1,19,7,3,-1,0,1,5,0,0,0,3,1,-1,9,1,37,7,1498,1,5,FORD KUGA,6,E01029195,0,4
2024531501561,2024,531501561,2,9,0,-1,19,1,5,-1,0,0,0,0,0,0,2,1,-1,1,2,43,7,1997,2,10,FORD KUGA,4,E01022331,0,2
2024141399662,2024,141399662,1,9,0,-1,9,2,8,-1,0,5,0,0,0,0,1,1,-1,2,2,63,9,1498,1,6,FORD KUGA,5,E01007653,0,1
2024991476652,2024,991476652,1,9,0,-1,2,0,0,-1,0,2,0,0,0,0,0,1,-1,6,-1,-1,-1,1997,2,8,FORD KUGA,-1,-1,0,-1
2024010509861,2024,010509861,4,9,0,2,2,0,0,9,9,0,0,0,0,0,3,1,6,6,3,-1,-1,1498,1,5,FORD KUGA,-1,-1,0,-1
202460Q104858,2024,60Q104858,2,9,0,7,7,7,3,0,0,1,0,0,0,0,4,1,6,6,2,38,7,1997,2,9,FORD KUGA,-1,-1,0,-1
202460Q053604,2024,60Q053604,2,9,0,18,19,7,3,0,0,1,0,0,0,0,1,1,2,2,1,77,11,1496,1,1,FORD KUGA,-1,-1,0,-1
2024101557483,2024,101557483,2,9,0,-1,3,7,3,-1,0,0,0,0,0,0,2,1,-1,9,2,67,10,1499,2,3,FORD KUGA,-1,-1,0,-1
202417M101824,2024,17M101824,3,9,0,18,19,2,6,0,0,8,0,0,0,0,4,1,6,6,1,42,7,1997,2,15,FORD KUGA,9,E01012232,0,2
2024122400753,2024,122400753,2,9,0,5,5,1,2,0,0,0,0,0,0,0,1,1,6,6,1,78,11,1498,1,5,FORD KUGA,10,E01027698,0,1
2024010537544,2024,010537544,2,9,0,99,99,9,9,99,99,9,9,99,9,99,2,9,6,6,2,51,8,2488,8,0,FORD KUGA,2,E01003303,0,1