collision_index,collision_year,collision_ref_no,vehicle_reference,vehicle_type,towing_and_articulation,vehicle_manoeuvre_historic,vehicle_manoeuvre,vehicle_direction_from,vehicle_direction_to,vehicle_location_restricted_lane_historic,vehicle_location_restricted_lane,junction_location,skidding_and_overturning,hit_object_in_carriageway,vehicle_leaving_carriageway,hit_object_off_carriageway,first_point_of_impact,vehicle_left_hand_drive,journey_purpose_of_driver_historic,journey_purpose_of_driver,sex_of_driver,age_of_driver,age_band_of_driver,engine_capacity_cc,propulsion_code,age_of_vehicle,generic_make_model,driver_imd_decile,lsoa_of_driver,escooter_flag,driver_distance_banding
2024991491170,2024,991491170,1,9,0,-1,19,2,6,-1,0,0,0,0,0,0,1,1,-1,9,1,26,6,2488,8,1,FORD KUGA,4,-1,0,1
2024302400408,2024,302400408,2,9,0,18,19,5,1,0,0,8,0,0,0,0,1,1,6,6,1,35,6,1997,2,13,FORD KUGA,3,E01019506,0,1
2024031515488,2024,031515488,1,9,0,-1,19,3,3,-1,0,1,0,10,1,4,1,9,-1,6,2,54,8,1997,2,13,FORD KUGA,2,E01019207,0,1
2024010489846,2024,010489846,1,9,0,7,7,5,8,0,0,1,0,0,0,0,4,1,6,6,1,38,7,2488,8,1,FORD KUGA,7,E01003016,0,1
2024421494121,2024,421494121,1,9,0,-1,4,2,6,-1,0,0,0,0,0,0,1,1,-1,9,2,79,11,2488,8,0,FORD KUGA,5,E01021769,0,3
2024231536852,2024,231536852,1,9,0,-1,19,1,5,-1,0,0,0,0,0,0,1,9,-1,6,1,35,6,2488,8,0,FORD KUGA,1,E01010234,0,3
2024201508572,2024,201508572,2,9,0,-1,19,1,4,-1,0,1,0,0,0,0,1,1,-1,6,2,54,8,1997,2,9,FORD KUGA,1,E01033638,0,1
2024221429698,2024,221429698,1,9,0,-1,7,1,3,-1,0,6,0,0,0,0,3,9,-1,9,2,33,6,1997,2,7,FORD KUGA,4,E01028867,0,3
2024549598724,2024,549598724,1,9,0,18,19,5,1,0,0,1,0,0,0,0,1,1,6,6,2,69,10,1997,2,7,FORD KUGA,10,E01031855,0,4
2024061408749,2024,061408749,1,9,0,-1,13,2,2,-1,0,1,1,0,0,0,4,1,-1,6,1,45,7,1498,1,6,FORD KUGA,3,E01004932,0,1
2024421405629,2024,421405629,1,9,0,-1,5,7,3,-1,0,0,0,0,0,0,4,1,-1,9,1,80,11,2488,8,3,FORD KUGA,8,E01021528,0,1
2024070238705,2024,070238705,2,9,0,18,19,5,1,0,0,0,0,0,0,0,4,1,6,6,2,44,7,1499,2,3,FORD KUGA,3,E01012432,0,1
2024501492334,2024,501492334,1,9,0,-1,9,5,1,-1,0,0,0,0,0,0,1,1,-1,7,2,41,7,1997,2,10,FORD KUGA,6,E01018752,0,1
2024010521095,2024,010521095,1,9,0,18,19,3,7,0,0,0,0,0,0,0,1,1,6,6,1,31,6,1997,2,9,FORD KUGA,2,E01000065,0,1
2024070063817,2024,070063817,1,9,0,16,19,6,1,0,0,0,0,0,7,11,1,1,6,6,1,74,10,1997,2,10,FORD KUGA,9,E01018634,0,1
2024302400965,2024,302400965,1,9,0,4,4,8,4,0,0,1,0,0,0,0,1,1,6,6,1,40,7,1498,1,6,FORD KUGA,1,E01019796,0,2
2024461506697,2024,461506697,1,9,0,-1,19,3,7,-1,0,0,0,0,0,0,1,1,-1,9,1,31,6,1997,2,10,FORD KUGA,4,E01035005,0,3
2024622400411,2024,622400411,1,9,0,18,19,3,7,0,0,0,0,0,1,0,1,1,6,6,2,77,11,1997,2,4,FORD KUGA,2,W01001942,0,2
2024991395237,2024,991395237,1,9,0,-1,1,5,5,-1,0,1,0,0,0,0,2,1,-1,2,2,54,8,1499,2,6,FORD KUGA,2,-1,0,1
2024131412310,2024,131412310,1,9,0,-1,19,-1,-1,-1,0,0,0,4,0,0,4,1,-1,6,3,-1,-1,1997,2,9,FORD KUGA,-1,-1,0,-1
2024211520766,2024,211520766,1,9,0,-1,19,7,3,-1,0,0,1,10,1,0,1,1,-1,6,1,35,6,2488,8,1,FORD KUGA,-1,-1,0,-1
2024052400832,2024,052400832,1,9,0,18,19,3,7,0,0,0,0,0,0,0,1,1,6,6,1,32,6,1498,1,8,FORD KUGA,1,E01006821,0,1
2024430471204,2024,430471204,2,9,0,3,3,8,4,0,0,0,0,0,0,0,2,1,1,1,1,32,6,2488,8,3,FORD KUGA,4,E01034983,0,5
2024052401726,2024,052401726,1,9,0,18,19,2,6,0,0,0,0,0,0,0,3,1,6,6,2,22,5,1499,2,6,FORD KUGA,1,E01007004,0,1
2024201449422,2024,201449422,1,9,0,-1,4,6,2,-1,0,0,0,0,0,0,1,9,-1,2,1,35,6,1997,2,12,FORD KUGA,1,E01009605,0,1
2024302401743,2024,302401743,2,9,0,-1,9,7,5,-1,0,5,0,0,0,0,4,1,-1,6,2,50,8,1997,2,15,FORD KUGA,1,E01019566,0,1
2024201521560,2024,201521560,2,9,0,-1,3,4,8,-1,0,0,0,0,0,0,1,1,-1,2,2,35,6,1498,1,6,FORD KUGA,2,E01010472,0,2
2024421416758,2024,421416758,4,9,0,-1,19,3,7,-1,0,0,0,0,0,0,2,1,-1,6,1,55,8,1997,2,14,FORD KUGA,5,E01021921,0,4
2024010502443,2024,010502443,5,9,0,2,2,0,0,0,0,1,0,0,0,0,1,1,6,6,3,-1,-1,2488,8,2,FORD KUGA,-1,-1,0,-1
2024522403265,2024,522403265,2,9,0,10,10,2,8,0,0,8,0,0,0,0,2,1,6,6,1,29,6,1997,2,9,FORD KUGA,7,E01014535,0,1
2024010543560,2024,010543560,4,9,0,2,2,0,0,0,0,2,0,4,0,0,0,1,6,6,3,-1,-1,1496,1,2,FORD KUGA,-1,-1,0,-1
2024610034624,2024,610034624,1,9,0,17,19,8,5,0,0,0,2,10,1,11,1,1,2,2,1,24,5,1997,2,12,FORD KUGA,5,W01000980,0,4
2024010493764,2024,010493764,1,9,0,14,14,5,1,0,0,1,9,99,0,0,1,9,6,6,3,-1,-1,1997,2,7,FORD KUGA,-1,-1,0,-1
2024201442028,2024,201442028,1,9,0,-1,19,2,6,-1,0,1,0,0,0,0,1,1,-1,2,2,61,9,1997,2,11,FORD KUGA,7,E01009771,0,1
2024131413993,2024,131413993,1,9,0,-1,19,4,8,-1,0,0,0,0,7,11,1,1,-1,6,1,24,5,1997,2,15,FORD KUGA,1,E01010710,0,1
2024421413668,2024,421413668,2,9,0,-1,19,7,3,-1,0,1,0,0,0,0,4,1,-1,9,2,31,6,1997,2,8,FORD KUGA,9,E01015980,0,3
2024052401701,2024,052401701,1,9,0,7,7,6,8,0,0,8,0,0,1,0,4,1,6,6,2,30,6,1496,1,1,FORD KUGA,1,E01006611,0,1
2024031481430,2024,031481430,1,9,0,-1,19,1,5,-1,0,2,0,0,0,0,1,1,-1,9,2,49,8,1997,2,7,FORD KUGA,-1,-1,0,-1
2024311535538,2024,311535538,2,9,0,-1,2,0,0,-1,9,1,0,0,0,0,1,1,-1,6,-1,-1,-1,1997,2,8,FORD KUGA,-1,-1,0,-1
2024161521810,2024,161521810,2,9,0,-1,5,3,7,-1,0,6,0,0,0,0,1,1,-1,6,2,-1,-1,1499,2,7,FORD KUGA,-1,-1,0,-1
2024041449614,2024,041449614,1,9,0,-1,9,5,1,-1,0,5,0,0,0,0,1,1,-1,9,2,60,9,2488,8,0,FORD KUGA,9,E01025343,0,1
2024991480675,2024,991480675,2,9,0,-1,9,5,1,-1,0,5,0,10,0,0,1,1,-1,6,1,73,10,1997,2,12,FORD KUGA,-1,-1,0,-1
2024041431971,2024,041431971,1,9,0,-1,7,5,7,-1,0,0,0,0,0,0,1,1,-1,2,1,37,7,1496,1,1,FORD KUGA,4,E01025394,0,1
2024522403022,2024,522403022,1,9,0,18,19,7,3,0,0,2,0,0,0,0,4,1,6,6,1,79,11,2488,8,1,FORD KUGA,7,E01014734,0,1
2024041421500,2024,041421500,3,9,0,-1,7,1,7,-1,0,1,0,0,0,0,2,1,-1,9,1,46,8,1496,1,3,FORD KUGA,9,E01011456,0,4
2024141460509,2024,141460509,2,9,0,-1,19,6,2,-1,0,8,0,0,0,0,3,1,-1,6,1,54,8,1499,2,6,FORD KUGA,9,E01028047,0,3
2024010541116,2024,010541116,2,90,9,5,5,9,9,99,99,0,9,99,9,99,1,9,6,6,1,34,6,6690,2,5,-1,4,E01031652,0,4
2024451399994,2024,451399994,1,5,0,-1,5,3,7,-1,0,1,2,0,0,0,1,1,-1,1,1,31,6,806,1,8,KAWASAKI ZR,9,E01030322,0,2
2024522401946,2024,522401946,1,5,0,9,9,4,1,0,0,6,0,0,0,0,1,1,6,6,1,42,7,1062,1,27,KAWASAKI ZR,6,E01014508,0,1
2024031426448,2024,031426448,2,5,0,-1,19,2,6,-1,0,1,1,0,0,0,1,1,-1,6,1,49,8,948,1,7,KAWASAKI ZR,-1,-1,0,-1
2024991451591,2024,991451591,2,5,0,-1,19,1,5,-1,0,4,0,0,0,0,1,1,-1,9,1,48,8,806,1,10,KAWASAKI ZR,9,-1,0,1
2024061458942,2024,061458942,1,5,0,-1,19,5,1,-1,0,0,0,7,6,1,1,1,-1,6,1,60,9,948,1,3,KAWASAKI ZR,1,E01005615,0,1
2024991461996,2024,991461996,1,5,0,-1,19,3,6,-1,0,0,0,0,0,0,1,1,-1,9,1,38,7,1043,1,6,KAWASAKI ZR,1,E01007048,0,5
2024548465124,2024,548465124,1,5,0,18,19,4,8,0,0,1,1,0,0,0,1,1,6,6,1,27,6,750,1,19,KAWASAKI ZR,1,E01015572,0,1
2024430451359,2024,430451359,1,5,0,17,19,2,6,0,0,0,0,0,1,10,1,1,6,6,1,63,9,948,1,2,KAWASAKI ZR,8,E01017916,0,4
2024332400389,2024,332400389,1,5,0,-1,13,2,6,-1,0,0,0,0,8,0,3,1,-1,6,1,35,6,953,1,20,KAWASAKI ZR,10,E01025737,0,3
2024340WN3012,2024,340WN3012,1,5,0,-1,19,3,7,-1,0,0,2,0,7,2,1,1,-1,9,1,23,5,806,1,9,KAWASAKI ZR,8,E01034458,0,4
2024552401380,2024,552401380,1,5,0,17,19,8,5,0,0,0,0,0,2,4,1,1,6,6,1,47,8,748,1,17,KAWASAKI ZR,6,E01020398,0,1
2024501530935,2024,501530935,1,5,0,-1,13,2,6,-1,0,0,2,0,1,0,1,1,-1,6,1,43,7,948,1,0,KAWASAKI ZR,5,E01019923,0,1
202460Q153657,2024,60Q153657,1,5,0,11,11,2,6,0,0,3,5,0,0,0,4,1,6,6,1,26,6,748,1,19,KAWASAKI ZR,-1,-1,0,-1
2024010533520,2024,010533520,1,5,0,18,19,1,5,0,0,2,1,0,0,0,0,1,6,6,2,35,6,748,1,16,KAWASAKI ZR,6,E01000274,0,3
2024221473409,2024,221473409,2,5,0,-1,19,8,4,-1,0,8,1,0,0,0,1,1,-1,9,1,58,9,953,1,21,KAWASAKI ZR,6,W01000487,0,4
2024421453359,2024,421453359,1,5,0,-1,15,7,3,-1,0,1,0,0,0,0,1,1,-1,6,1,56,9,953,1,20,KAWASAKI ZR,7,E01021608,0,3
2024061444639,2024,061444639,1,5,0,-1,19,1,5,-1,0,0,0,0,0,0,1,1,-1,6,1,30,6,806,1,8,KAWASAKI ZR,7,E01005401,0,2
2024010515675,2024,010515675,1,5,0,18,19,1,5,0,0,2,0,0,0,0,0,1,6,6,1,38,7,806,1,10,KAWASAKI ZR,9,E01016107,0,4
2024421485689,2024,421485689,2,5,0,-1,19,5,1,-1,0,0,0,0,0,0,0,1,-1,6,1,35,6,948,1,3,KAWASAKI ZR,3,E01021418,0,4
2024991510030,2024,991510030,1,5,0,-1,19,8,3,-1,0,0,0,0,0,0,4,1,-1,6,1,34,6,1000,1,17,KAWASAKI ZR,1,-1,0,1
2024361474283,2024,361474283,1,5,0,-1,19,5,1,-1,0,0,0,0,0,0,1,1,-1,9,1,50,8,948,1,4,KAWASAKI ZR,-1,-1,0,-1
2024010495774,2024,010495774,1,5,0,99,99,9,9,99,99,9,9,99,9,99,9,1,6,6,1,32,6,806,1,11,KAWASAKI ZR,5,E01030719,0,3
2024031423093,2024,031423093,1,5,0,-1,19,4,8,-1,0,0,2,0,1,1,4,1,-1,2,1,60,9,998,1,3,KAWASAKI ZR,-1,-1,0,-1
2024421511412,2024,421511412,1,5,0,-1,3,7,3,-1,0,0,0,0,0,0,3,1,-1,6,1,43,7,948,1,5,KAWASAKI ZR,3,E01021289,0,2
2024211428032,2024,211428032,2,5,0,-1,13,2,6,-1,0,0,2,0,1,0,1,1,-1,1,1,29,6,948,1,4,KAWASAKI ZR,5,E01029838,0,1
2024010545650,2024,010545650,2,5,0,18,19,7,3,0,0,2,0,0,0,0,1,1,2,2,1,37,7,948,1,2,KAWASAKI ZR,4,E01000788,0,3
2024471430683,2024,471430683,2,5,0,-1,19,5,1,-1,0,1,0,0,0,0,1,1,-1,2,1,50,8,948,1,5,KAWASAKI ZR,7,E01016851,0,1
2024010497642,2024,010497642,1,5,0,18,19,1,5,0,0,1,0,0,0,0,1,1,6,6,1,27,6,948,1,4,KAWASAKI ZR,3,E01035672,0,1
2024010508094,2024,010508094,2,5,0,18,19,1,5,0,0,1,1,0,0,0,2,1,6,6,1,64,9,948,1,1,KAWASAKI ZR,8,E01002391,0,4
2024471517540,2024,471517540,2,5,0,-1,4,1,5,-1,0,1,1,0,0,0,1,1,-1,6,1,45,7,750,1,19,KAWASAKI ZR,2,E01016949,0,4
2024401467978,2024,401467978,2,5,0,-1,19,1,5,-1,0,0,0,10,1,10,1,1,-1,9,1,47,8,748,1,18,KAWASAKI ZR,9,E01017541,0,1
2024430564982,2024,430564982,2,5,0,18,19,6,2,0,0,8,0,0,0,0,4,1,6,6,1,60,9,948,1,1,KAWASAKI ZR,6,E01028586,0,1
2024010508080,2024,010508080,2,5,0,18,19,7,3,0,0,0,0,0,0,0,1,1,6,6,1,33,6,948,1,3,KAWASAKI ZR,3,E01000094,0,2
2024010527939,2024,010527939,1,5,0,12,12,5,1,0,0,0,5,0,1,0,1,1,2,2,1,27,6,806,1,10,KAWASAKI ZR,4,E01003436,0,3
2024501456220,2024,501456220,2,5,0,-1,19,4,8,-1,0,0,0,0,0,0,3,1,-1,2,1,46,8,1000,1,19,KAWASAKI ZR,9,E01020270,0,1
2024161450672,2024,161450672,2,5,0,-1,19,4,8,-1,0,1,5,0,7,0,1,1,-1,6,1,32,6,948,1,6,KAWASAKI ZR,1,E01013281,0,4
2024471458839,2024,471458839,1,5,0,-1,19,2,7,-1,0,1,5,0,0,0,1,1,-1,9,1,60,9,948,1,2,KAWASAKI ZR,5,E01031465,0,1
2024010534367,2024,010534367,2,5,0,3,3,3,7,0,0,1,0,0,0,0,0,1,2,2,1,44,7,1043,1,11,KAWASAKI ZR,6,E01004347,0,1
2024010509739,2024,010509739,1,5,0,18,19,1,5,0,0,1,0,0,0,0,1,1,6,6,1,32,6,806,1,8,KAWASAKI ZR,10,E01035359,0,4
2024461481146,2024,461481146,1,5,0,-1,19,3,7,-1,0,3,1,0,0,0,3,1,-1,9,1,56,9,948,1,5,KAWASAKI ZR,5,E01024304,0,4
2024161439188,2024,161439188,2,5,0,-1,19,7,3,-1,0,0,0,0,0,0,1,1,-1,9,1,56,9,948,1,5,KAWASAKI ZR,2,E01012992,0,3
2024141509346,2024,141509346,1,5,0,-1,7,8,2,-1,0,0,0,0,0,0,3,1,-1,2,1,63,9,948,1,2,KAWASAKI ZR,2,E01007395,0,1
2024131448095,2024,131448095,1,5,0,-1,19,5,1,-1,0,0,1,0,0,0,4,1,-1,9,1,63,9,953,1,21,KAWASAKI ZR,1,E01011899,0,1
2024531474486,2024,531474486,2,5,0,-1,19,8,4,-1,0,0,2,0,1,0,1,1,-1,6,2,28,6,748,1,11,KAWASAKI ZR,9,E01015525,0,4
2024461462051,2024,461462051,1,5,0,-1,15,5,1,-1,0,0,0,0,0,0,3,1,-1,6,1,37,7,738,1,20,KAWASAKI ZR,2,E01024311,0,3
2024421458786,2024,421458786,1,5,0,-1,19,1,5,-1,0,2,0,0,0,0,0,1,-1,9,1,40,7,1043,1,7,KAWASAKI ZR,2,E01021316,0,1
2024440218783,2024,440218783,2,5,0,13,13,1,5,0,0,2,0,0,0,0,3,1,6,6,1,36,7,806,1,8,KAWASAKI ZR,5,E01022810,0,3
2024631433921,2024,631433921,1,5,0,-1,19,2,6,-1,0,0,0,0,1,4,1,1,-1,6,1,49,8,748,1,19,KAWASAKI ZR,5,W01000590,0,4
202454B456424,2024,54B456424,2,5,0,13,13,7,3,0,0,8,0,0,0,0,4,1,6,6,1,51,8,998,1,0,KAWASAKI ZR,10,E01016294,0,4
2024451475312,2024,451475312,1,5,0,-1,19,1,5,-1,0,1,0,0,0,0,1,1,-1,9,1,31,6,806,1,8,KAWASAKI ZR,5,E01030995,0,1
2024041422992,2024,041422992,2,5,0,-1,19,3,7,-1,0,8,5,0,1,0,1,1,-1,6,1,38,7,948,1,4,KAWASAKI ZR,3,E01025262,0,1
2024421423292,2024,421423292,1,5,0,-1,5,5,1,-1,0,1,0,0,0,0,2,1,-1,6,1,61,9,948,1,1,KAWASAKI ZR,2,E01021292,0,2
2024010546982,2024,010546982,1,5,0,99,99,9,9,99,99,9,9,99,9,99,9,1,2,2,1,56,9,806,1,11,KAWASAKI ZR,6,E01004181,0,3
2024520401971,2024,520401971,2,5,0,7,7,3,7,0,0,3,0,0,0,0,1,1,6,6,1,65,9,948,1,4,KAWASAKI ZR,10,E01035123,0,2
2024451469518,2024,451469518,4,5,0,-1,19,7,3,-1,0,0,0,0,0,0,1,1,-1,9,1,62,9,948,1,1,KAWASAKI ZR,9,E01030731,0,1
2024501473560,2024,501473560,2,5,0,-1,19,7,3,-1,0,1,0,0,0,0,3,1,-1,9,1,35,6,1043,1,14,KAWASAKI ZR,2,E01015181,0,2
2024461486087,2024,461486087,3,5,0,-1,15,5,5,-1,0,3,2,0,1,10,3,1,-1,6,1,62,9,953,1,15,KAWASAKI ZR,2,E01024398,0,2
2024101507099,2024,101507099,2,5,0,-1,19,2,5,-1,0,0,1,0,0,0,1,1,-1,9,1,57,9,948,1,1,KAWASAKI ZR,2,E01008280,0,4
2024122400692,2024,122400692,1,5,0,18,19,7,3,0,0,0,0,0,1,0,1,1,6,6,1,65,9,1165,1,22,KAWASAKI ZR,10,E01027914,0,1
2024361490615,2024,361490615,2,5,0,-1,19,1,5,-1,0,0,0,0,1,0,1,1,-1,6,1,59,9,948,1,5,KAWASAKI ZR,3,E01026825,0,1
202454D427924,2024,54D427924,1,5,0,18,19,2,6,0,0,0,0,0,0,0,1,1,6,6,1,69,10,948,1,1,KAWASAKI ZR,5,E01029180,0,4
2024440364944,2024,440364944,1,5,0,18,19,2,6,0,0,0,0,11,0,0,1,1,6,6,1,31,6,748,1,13,KAWASAKI ZR,3,E01017105,0,4
2024010527405,2024,010527405,1,5,0,9,9,2,1,0,0,1,0,0,0,0,4,1,6,6,1,37,7,1000,1,17,KAWASAKI ZR,8,E01004168,0,1
2024546390024,2024,546390024,1,5,0,17,19,7,3,0,0,0,0,0,1,3,1,1,6,6,1,63,9,948,1,5,KAWASAKI ZR,7,E01032078,0,1
2024361437098,2024,361437098,2,5,0,-1,3,3,1,-1,0,0,0,0,0,0,2,1,-1,6,1,65,9,948,1,5,KAWASAKI ZR,-1,-1,0,-1
2024531483709,2024,531483709,2,5,0,-1,19,4,8,-1,0,1,0,0,0,0,1,1,-1,9,1,69,10,948,1,3,KAWASAKI ZR,8,E01022387,0,1
2024440183305,2024,440183305,1,5,0,16,19,7,2,0,0,0,1,0,0,0,3,1,6,6,1,57,9,948,1,4,KAWASAKI ZR,6,E01030957,0,3
2024010543114,2024,010543114,2,5,0,18,19,7,3,0,0,8,0,0,0,0,1,1,6,6,1,46,8,948,1,5,KAWASAKI ZR,9,E01000455,0,3
2024302401472,2024,302401472,2,5,0,18,19,4,8,0,0,3,1,0,0,0,1,1,6,6,1,30,6,948,1,1,KAWASAKI ZR,5,E01026192,0,4
2024101529980,2024,101529980,1,5,0,-1,19,2,6,-1,0,3,1,0,0,0,0,1,-1,2,1,55,8,948,1,6,KAWASAKI ZR,4,E01008878,0,1
2024041488120,2024,041488120,1,5,0,-1,12,1,2,-1,0,0,0,0,1,0,1,1,-1,9,1,38,7,738,1,24,KAWASAKI ZR,2,E01028313,0,5
2024631430380,2024,631430380,2,5,0,-1,19,8,4,-1,0,0,0,0,1,10,0,1,-1,6,1,67,10,998,1,1,KAWASAKI ZR,4,W01000456,0,4
2024552400715,2024,552400715,2,5,0,18,19,3,7,0,0,8,0,0,0,0,4,1,6,6,1,34,6,748,1,20,KAWASAKI ZR,6,E01019954,0,4
2024010539892,2024,010539892,1,5,0,99,99,9,9,99,99,9,9,99,9,99,9,1,1,1,3,33,6,948,1,0,KAWASAKI ZR,6,E01000979,0,2
2024041485937,2024,041485937,1,5,0,-1,13,1,5,-1,0,1,0,0,7,0,1,1,-1,9,1,59,9,806,1,9,KAWASAKI ZR,1,E01025067,0,1
2024010536865,2024,010536865,2,5,0,15,15,1,5,0,0,1,2,0,0,0,4,1,6,6,1,27,6,998,1,4,KAWASAKI ZR,9,E01030908,0,4
2024430432675,2024,430432675,1,5,0,18,19,5,1,0,0,0,0,0,0,0,3,1,6,6,1,45,7,748,1,15,KAWASAKI ZR,4,E01016485,0,1
2024552400410,2024,552400410,2,5,0,18,19,8,4,0,0,8,0,0,0,0,1,1,6,6,1,58,9,948,1,2,KAWASAKI ZR,4,E01015382,0,1
2024141422525,2024,141422525,2,5,0,-1,19,6,2,-1,0,8,0,0,0,0,1,1,-1,6,1,27,6,738,1,24,KAWASAKI ZR,-1,-1,0,-1
2024031445203,2024,031445203,2,5,0,-1,19,7,3,-1,0,1,0,0,0,0,1,1,-1,9,1,51,8,1043,1,12,KAWASAKI ZR,5,E01025604,0,4
2024361460118,2024,361460118,2,5,0,-1,3,7,3,-1,0,1,1,0,0,0,1,1,-1,9,1,56,9,948,1,2,KAWASAKI ZR,6,E01026446,0,4
2024371441107,2024,371441107,2,5,0,-1,3,4,3,-1,0,1,0,0,0,0,1,1,-1,9,1,64,9,948,1,5,KAWASAKI ZR,7,E01033454,0,1
2024010529129,2024,010529129,1,5,0,11,11,8,4,0,0,0,0,0,0,0,1,1,6,6,1,28,6,948,1,3,KAWASAKI ZR,3,E01035672,0,1
2024461467607,2024,461467607,1,4,0,-1,7,3,6,-1,0,0,0,0,1,0,0,1,-1,9,1,58,9,953,1,20,KAWASAKI ZR,5,E01024749,0,4
2024520402299,2024,520402299,1,5,0,18,19,5,1,0,0,1,0,0,0,0,1,1,6,6,1,54,8,953,1,18,KAWASAKI ZR,4,E01029171,0,4
2024070550405,2024,070550405,1,5,0,16,19,8,4,0,0,0,0,0,0,0,1,1,6,6,1,37,7,1043,1,10,KAWASAKI ZR,3,E01012511,0,3
2024461398760,2024,461398760,2,5,0,-1,19,5,1,-1,0,8,5,0,0,0,0,1,-1,6,1,36,7,738,1,20,KAWASAKI ZR,4,E01024694,0,1
2024320594533,2024,320594533,1,5,0,9,9,8,7,0,0,6,0,0,0,0,2,1,-1,-1,1,63,9,948,1,3,KAWASAKI ZR,8,E01026313,0,4
2024371474172,2024,371474172,2,5,0,-1,3,3,7,-1,0,0,0,0,0,0,2,1,-1,9,2,46,8,953,1,15,KAWASAKI ZR,8,E01034570,0,2
2024010523314,2024,010523314,1,5,0,18,19,1,5,0,0,0,0,0,0,0,1,1,6,6,1,61,9,948,1,3,KAWASAKI ZR,8,E01002367,0,1
2024052400109,2024,052400109,2,5,0,18,19,1,5,0,0,1,0,0,0,0,1,1,6,6,1,36,7,948,1,6,KAWASAKI ZR,1,E01007291,0,2
2024991496013,2024,991496013,2,5,0,-1,19,3,7,-1,0,1,5,0,0,0,1,1,-1,9,1,42,7,748,1,16,KAWASAKI ZR,1,-1,0,5
2024221481109,2024,221481109,2,5,0,-1,4,3,8,-1,0,1,0,0,0,0,2,1,-1,6,1,51,8,1043,1,6,KAWASAKI ZR,4,E01009313,0,4
2024461448229,2024,461448229,2,5,0,-1,19,5,3,-1,0,0,1,0,0,0,4,1,-1,6,1,23,5,748,1,18,KAWASAKI ZR,6,E01024064,0,1
2024302400434,2024,302400434,1,4,0,9,9,6,4,0,0,8,0,0,0,0,3,1,6,6,1,68,10,1043,1,9,KAWASAKI ZR,8,E01025660,0,4
2024991495033,2024,991495033,1,5,0,-1,19,7,3,-1,0,0,1,0,0,0,1,1,-1,6,1,34,6,748,1,19,KAWASAKI ZR,5,-1,0,3
2024041433655,2024,041433655,2,5,0,-1,19,2,6,-1,0,8,0,0,0,0,0,1,-1,9,2,72,10,748,1,18,KAWASAKI ZR,7,E01025003,0,1
2024430207012,2024,430207012,1,5,0,16,19,6,1,0,0,8,1,0,7,0,3,1,6,6,1,43,7,1043,1,10,KAWASAKI ZR,6,E01028691,0,4
202454C355624,2024,54C355624,2,5,0,18,19,7,3,0,0,1,0,0,0,0,3,1,6,6,1,36,7,948,1,4,KAWASAKI ZR,-1,-1,0,-1
2024552400676,2024,552400676,2,5,0,18,19,6,2,0,0,0,0,0,0,0,4,1,6,6,1,59,9,953,1,16,KAWASAKI ZR,8,E01020379,0,1
202460Q122816,2024,60Q122816,2,5,0,18,19,3,7,0,0,1,5,0,0,0,1,1,6,6,1,42,7,998,1,3,KAWASAKI ZR,-1,-1,0,-1
2024451531970,2024,451531970,1,5,0,-1,13,1,5,-1,0,1,2,7,0,0,1,1,-1,2,1,64,9,948,1,6,KAWASAKI ZR,10,E01030641,0,1
2024111494659,2024,111494659,2,5,0,-1,19,7,3,-1,0,0,0,0,0,0,1,1,-1,6,1,29,6,806,1,8,KAWASAKI ZR,4,E01008583,0,4
2024311512606,2024,311512606,1,5,0,-1,2,0,0,-1,-1,8,5,0,0,0,1,1,-1,9,1,25,5,948,1,7,KAWASAKI ZR,-1,-1,0,-1
2024552400749,2024,552400749,1,3,0,7,7,4,6,0,0,5,0,0,0,0,3,1,6,6,1,64,9,1165,1,23,KAWASAKI ZR,5,E01020471,0,3
2024522402596,2024,522402596,2,5,0,7,7,5,7,0,0,7,0,0,0,0,4,1,6,6,2,42,7,948,1,6,KAWASAKI ZR,3,E01014807,0,2
2024131471798,2024,131471798,1,5,0,-1,19,7,3,-1,0,0,2,0,0,0,4,1,-1,9,1,60,9,948,1,3,KAWASAKI ZR,1,E01011922,0,1
2024371514122,2024,371514122,2,5,0,-1,3,1,5,-1,0,1,0,0,0,0,2,1,-1,6,1,33,6,948,1,4,KAWASAKI ZR,6,E01033317,0,3
2024610027024,2024,610027024,1,5,0,16,19,7,2,0,0,0,0,0,7,0,1,1,6,6,1,27,6,750,1,19,KAWASAKI ZR,5,E01018213,0,5
2024411540899,2024,411540899,1,5,0,-1,5,5,1,-1,0,3,0,0,0,0,1,1,-1,6,1,31,6,948,1,3,KAWASAKI ZR,9,E01000293,0,2
2024311488265,2024,311488265,2,5,0,-1,19,6,1,-1,0,1,1,0,0,0,1,1,-1,9,1,33,6,748,1,15,KAWASAKI ZR,-1,-1,0,-1
2024010487668,2024,010487668,1,5,0,18,19,4,8,0,0,1,2,0,7,2,1,1,6,6,1,33,6,1043,1,9,KAWASAKI ZR,3,E01000128,0,1
2024302500278,2024,302500278,2,5,0,-1,19,7,3,-1,0,0,1,0,0,0,1,1,-1,6,1,53,8,953,1,16,KAWASAKI ZR,4,E01013470,0,4
2024471482116,2024,471482116,2,5,0,-1,19,1,5,-1,0,0,0,0,0,0,4,1,-1,9,1,55,8,948,1,3,KAWASAKI ZR,4,E01031415,0,4