collision_index,collision_year,collision_ref_no,vehicle_reference,vehicle_type,towing_and_articulation,vehicle_manoeuvre_historic,vehicle_manoeuvre,vehicle_direction_from,vehicle_direction_to,vehicle_location_restricted_lane_historic,vehicle_location_restricted_lane,junction_location,skidding_and_overturning,hit_object_in_carriageway,vehicle_leaving_carriageway,hit_object_off_carriageway,first_point_of_impact,vehicle_left_hand_drive,journey_purpose_of_driver_historic,journey_purpose_of_driver,sex_of_driver,age_of_driver,age_band_of_driver,engine_capacity_cc,propulsion_code,age_of_vehicle,generic_make_model,driver_imd_decile,lsoa_of_driver,escooter_flag,driver_distance_banding
2024131463142,2024,131463142,1,5,0,-1,19,7,3,-1,0,0,2,0,0,0,1,1,-1,6,1,68,10,739,1,22,KAWASAKI ZR,1,E01025382,0,1
2024411503517,2024,411503517,1,3,0,-1,13,7,3,-1,0,1,0,0,0,0,1,1,-1,1,1,23,5,124,1,3,LEXMOTO LXS,2,E01001551,0,1
2024201464725,2024,201464725,2,3,0,-1,19,8,4,-1,0,8,5,0,0,0,0,1,-1,6,3,28,6,124,1,1,LEXMOTO LXS,8,E01031280,0,2
2024421447848,2024,421447848,2,3,0,-1,19,8,4,-1,0,0,0,0,0,0,1,1,-1,2,1,20,4,124,1,1,LEXMOTO LXS,10,E01021883,0,3
2024161404662,2024,161404662,1,3,0,-1,19,1,5,-1,0,1,2,0,0,0,2,1,-1,9,1,25,5,124,1,0,LEXMOTO LXS,6,E01012914,0,1
2024010537345,2024,010537345,1,3,0,18,19,7,3,0,0,8,0,0,0,0,1,1,6,6,1,31,6,124,1,2,LEXMOTO LXS,9,E01002108,0,1
2024201469108,2024,201469108,2,3,0,-1,19,6,2,-1,0,8,5,0,0,0,1,1,-1,6,1,35,6,124,1,1,LEXMOTO LXS,2,E01008915,0,2
2024401434715,2024,401434715,2,3,0,-1,4,7,3,-1,0,0,0,0,0,0,2,1,-1,6,1,50,8,124,1,3,LEXMOTO LXS,7,E01017510,0,3
2024440074398,2024,440074398,2,3,0,3,3,4,8,0,0,8,0,0,0,0,1,1,6,6,1,25,5,124,1,1,LEXMOTO LXS,2,E01022906,0,3
2024131468120,2024,131468120,1,2,0,-1,19,5,4,-1,0,0,0,0,0,0,3,1,-1,9,1,19,4,124,1,0,LEXMOTO LXS,3,E01034588,0,1
2024010514949,2024,010514949,2,3,0,14,14,7,3,0,0,0,0,0,1,0,3,1,6,6,1,24,5,124,1,3,LEXMOTO LXS,3,E01002345,0,3
2024991473363,2024,991473363,1,3,0,-1,19,7,3,-1,0,1,2,0,0,0,1,1,-1,6,2,21,5,124,1,2,LEXMOTO LXS,1,-1,0,2
2024351459867,2024,351459867,1,4,0,-1,19,1,5,-1,0,0,0,0,1,0,1,1,-1,6,1,17,4,124,1,2,LEXMOTO LXS,5,E01035532,0,1
2024201452956,2024,201452956,1,3,0,-1,19,7,3,-1,0,0,0,0,0,0,1,1,-1,9,1,19,4,124,1,2,LEXMOTO LXS,1,E01009364,0,1
2024501445029,2024,501445029,1,3,-1,-1,19,7,3,-1,0,0,2,0,0,0,4,1,-1,6,2,25,5,124,1,2,LEXMOTO LXS,7,E01015136,0,4
2024501517603,2024,501517603,1,3,0,-1,13,4,8,-1,0,1,5,0,0,0,1,1,-1,9,1,20,4,124,1,2,LEXMOTO LXS,2,E01020211,0,1
2024311400317,2024,311400317,2,3,0,-1,19,8,8,-1,0,1,2,0,0,0,0,1,-1,2,1,19,4,124,1,1,LEXMOTO LXS,7,E01028168,0,1
2024501478511,2024,501478511,2,4,0,-1,19,3,5,-1,0,1,0,0,0,0,1,1,-1,9,1,17,4,124,1,3,LEXMOTO LXS,4,E01018754,0,1
2024332400963,2024,332400963,2,3,0,-1,9,5,3,-1,0,6,0,0,0,0,3,1,-1,9,1,19,4,124,1,0,LEXMOTO LXS,7,E01025969,0,1
2024161474706,2024,161474706,2,2,0,-1,19,4,8,-1,0,8,1,0,0,0,0,1,-1,1,1,18,4,124,1,1,LEXMOTO LXS,1,E01012849,0,2
2024552401478,2024,552401478,2,3,0,18,19,6,2,0,0,8,0,0,0,0,3,1,2,2,1,18,4,124,1,0,LEXMOTO LXS,8,E01015411,0,3
2024531481177,2024,531481177,1,3,0,-1,19,5,7,-1,0,0,1,4,0,0,1,1,-1,6,1,17,4,124,1,1,LEXMOTO LXS,4,E01022301,0,1
2024451411279,2024,451411279,1,3,0,-1,19,7,3,-1,0,0,0,0,1,0,1,1,-1,2,1,25,5,124,1,0,LEXMOTO LXS,10,E01031736,0,2
2024161455090,2024,161455090,2,3,0,-1,19,1,5,-1,0,1,0,0,0,0,1,1,-1,9,1,24,5,124,1,3,LEXMOTO LXS,3,E01012907,0,1
2024991520021,2024,991520021,2,3,0,-1,19,6,2,-1,0,1,1,0,0,0,0,1,-1,6,1,48,8,124,1,2,LEXMOTO LXS,5,-1,0,2
2024471497223,2024,471497223,1,3,0,-1,9,1,7,-1,0,0,0,4,0,0,1,1,-1,9,1,20,4,124,1,2,LEXMOTO LXS,8,E01021147,0,2
2024440399870,2024,440399870,2,3,0,18,19,7,3,0,0,8,0,0,0,0,1,1,6,6,1,17,4,124,1,1,LEXMOTO LXS,2,E01023006,0,2
2024010545224,2024,010545224,1,3,0,4,4,5,1,0,0,0,2,0,0,0,1,1,2,2,1,32,6,124,1,0,LEXMOTO LXS,10,E01027298,0,4
2024131434117,2024,131434117,1,3,0,-1,19,2,6,-1,0,0,0,10,0,0,3,1,-1,6,1,26,6,124,1,0,LEXMOTO LXS,9,E01011565,0,1
2024320608676,2024,320608676,2,4,0,-1,-1,8,4,0,0,8,5,0,0,0,1,1,6,6,1,30,6,124,1,1,LEXMOTO LXS,4,E01026178,0,3
2024430562528,2024,430562528,1,3,0,16,19,8,4,0,0,0,0,0,0,0,1,1,6,6,1,17,4,276,1,2,-1,-1,-1,0,-1
2024010538392,2024,010538392,2,4,0,18,19,7,3,0,0,1,0,0,0,0,3,1,2,2,1,37,7,276,1,2,-1,4,E01030709,0,4
2024340WN3822,2024,340WN3822,2,9,0,-1,19,1,5,-1,0,0,0,0,0,0,1,1,-1,6,2,57,9,1560,2,16,MINI CLUBMAN,7,E01027353,0,1
2024622400264,2024,622400264,1,9,0,18,19,6,2,0,0,4,0,7,0,0,1,1,6,6,2,61,9,1995,2,8,MINI CLUBMAN,1,W01001873,0,1
2024010521121,2024,010521121,2,9,0,10,10,3,1,2,2,5,0,0,0,0,1,1,6,6,1,24,5,1598,1,15,MINI CLUBMAN,-1,-1,0,-1
2024070656779,2024,070656779,2,9,0,18,19,7,3,0,0,1,0,0,0,0,1,1,6,6,2,49,8,1499,1,7,MINI CLUBMAN,7,E01035369,0,3
2024340WN2802,2024,340WN2802,1,9,0,-1,19,5,1,-1,0,1,0,0,0,0,1,1,-1,9,2,63,9,1499,1,5,MINI CLUBMAN,7,E01027202,0,1
2024010504599,2024,010504599,2,9,0,99,99,9,9,99,99,9,9,99,9,99,1,9,6,6,3,-1,-1,1499,1,4,MINI CLUBMAN,7,E01003754,0,3
2024041519461,2024,041519461,1,9,0,-1,12,5,3,-1,0,0,0,0,0,0,1,1,-1,1,2,57,9,1995,2,9,MINI CLUBMAN,9,E01024994,0,4
202460Q002655,2024,60Q002655,2,9,0,18,19,2,6,0,0,0,0,0,0,0,3,1,6,6,2,53,8,1499,1,2,MINI CLUBMAN,-1,-1,0,-1
2024440335245,2024,440335245,2,9,0,18,19,1,5,0,0,0,0,0,0,0,2,1,6,6,1,47,8,1998,1,8,MINI CLUBMAN,5,E01022810,0,1
2024201433749,2024,201433749,1,9,0,-1,9,8,5,-1,0,6,0,0,0,0,1,1,-1,6,2,-1,-1,1499,1,0,MINI CLUBMAN,-1,-1,0,-1
2024471414343,2024,471414343,1,9,0,-1,19,5,1,-1,0,0,0,0,0,0,1,1,-1,2,2,29,6,1560,2,15,MINI CLUBMAN,4,E01021177,0,1
2024351455298,2024,351455298,2,9,0,-1,2,0,0,-1,9,2,0,0,0,0,4,1,-1,1,1,46,8,1598,1,14,MINI CLUBMAN,8,E01033819,0,4
2024991529832,2024,991529832,1,9,0,-1,9,5,1,-1,0,1,1,0,0,0,4,1,-1,9,2,54,8,1995,2,13,MINI CLUBMAN,5,-1,0,4
2024101538436,2024,101538436,3,9,0,-1,19,5,1,-1,0,0,0,0,0,0,4,9,-1,6,2,60,9,1499,1,6,MINI CLUBMAN,-1,-1,0,-1
2024211499700,2024,211499700,1,9,0,-1,4,7,4,-1,0,0,0,0,0,0,1,1,-1,2,2,45,7,1499,1,8,MINI CLUBMAN,9,E01029686,0,1
2024522402017,2024,522402017,2,9,0,7,7,1,4,0,0,5,0,0,0,0,4,1,6,6,3,-1,-1,1598,1,12,MINI CLUBMAN,-1,-1,0,-1
2024631461845,2024,631461845,4,9,0,-1,4,8,4,-1,0,0,0,0,0,0,2,1,-1,9,1,33,6,1598,1,14,MINI CLUBMAN,8,E01001904,0,5
2024141507723,2024,141507723,3,9,0,-1,19,7,3,-1,0,2,0,10,0,0,2,1,-1,2,1,56,9,1998,1,1,MINI CLUBMAN,8,E01007612,0,3
2024361531374,2024,361531374,1,9,0,-1,13,2,6,-1,99,0,0,0,0,0,4,1,-1,6,1,32,6,1560,2,15,MINI CLUBMAN,6,E01026616,0,2
202454B271224,2024,54B271224,1,9,0,18,19,4,7,0,0,2,0,0,0,0,1,1,6,6,2,60,9,1598,1,14,MINI CLUBMAN,3,E01032118,0,3
2024501433188,2024,501433188,1,9,0,-1,19,2,6,-1,0,0,0,0,0,0,2,9,-1,2,2,59,9,1499,1,7,MINI CLUBMAN,1,E01015217,0,1
2024361433006,2024,361433006,2,9,0,-1,19,3,7,-1,0,0,0,0,1,0,1,1,-1,9,1,51,8,1998,1,7,MINI CLUBMAN,10,E01026562,0,4
2024010534380,2024,010534380,1,9,9,99,99,9,9,99,99,9,9,99,9,99,2,9,6,6,1,45,7,1499,1,0,MINI CLUBMAN,6,E01002625,0,1
2024991484444,2024,991484444,2,9,0,-1,9,5,2,-1,0,8,0,0,0,0,4,1,-1,9,1,57,9,1499,1,0,MINI CLUBMAN,10,E01006237,0,5
2024221420133,2024,221420133,2,9,0,-1,4,8,4,-1,0,0,0,0,0,0,2,9,-1,2,1,60,9,1998,1,1,MINI CLUBMAN,8,E01028887,0,1
2024302401265,2024,302401265,1,9,0,16,19,1,4,0,0,0,0,0,0,0,3,1,2,2,1,63,9,1499,1,2,MINI CLUBMAN,3,E01019768,0,1
2024231486435,2024,231486435,2,9,0,-1,19,1,7,-1,0,8,0,0,0,0,3,9,-1,9,2,73,10,1995,2,7,MINI CLUBMAN,8,E01031023,0,2
2024201520983,2024,201520983,1,9,0,-1,19,4,8,-1,0,0,0,0,0,0,1,1,-1,6,2,42,7,1998,1,4,MINI CLUBMAN,2,E01033686,0,5
2024351422821,2024,351422821,2,9,0,-1,4,1,5,-1,0,0,1,0,0,0,2,1,-1,6,2,74,10,1499,1,6,MINI CLUBMAN,5,E01026816,0,4
2024501496438,2024,501496438,2,9,0,-1,19,3,7,-1,0,0,0,0,2,10,0,1,-1,9,2,49,8,1998,1,8,MINI CLUBMAN,5,E01020070,0,2
2024552400970,2024,552400970,2,9,0,18,19,7,3,0,0,8,0,0,0,0,4,1,6,6,2,70,10,1499,1,6,MINI CLUBMAN,8,E01020352,0,2
2024010501984,2024,010501984,1,9,0,99,99,9,9,99,99,9,9,99,9,99,2,9,6,6,1,41,7,1998,1,6,MINI CLUBMAN,4,E01003031,0,2
2024421476532,2024,421476532,2,9,0,-1,19,2,6,-1,0,8,0,0,0,0,1,1,-1,1,2,41,7,1998,1,4,MINI CLUBMAN,7,E01022098,0,2
2024122401179,2024,122401179,2,9,0,18,19,2,5,0,0,4,1,0,0,0,2,1,6,6,1,55,8,1598,2,13,MINI CLUBMAN,9,E01013338,0,1
2024201443189,2024,201443189,1,9,0,-1,9,1,8,-1,0,6,0,0,0,0,1,9,-1,1,2,47,8,1499,1,7,MINI CLUBMAN,2,E01010056,0,1
2024501420164,2024,501420164,1,9,0,-1,19,8,4,-1,0,4,0,0,1,0,1,9,-1,6,1,19,4,1499,1,2,MINI CLUBMAN,3,E01019052,0,2
2024332400192,2024,332400192,1,9,0,-1,19,5,1,-1,0,0,0,0,0,0,3,1,-1,2,2,50,8,1499,1,5,MINI CLUBMAN,8,E01031337,0,4
2024010489883,2024,010489883,1,9,0,9,9,5,3,9,9,8,0,0,1,2,1,1,6,6,2,16,4,1995,2,8,MINI CLUBMAN,-1,-1,0,-1
2024991420439,2024,991420439,2,9,0,-1,19,3,7,-1,0,0,0,0,1,0,3,1,-1,2,2,59,9,1998,1,3,MINI CLUBMAN,7,-1,0,2
2024211504042,2024,211504042,1,9,0,-1,19,3,3,-1,0,0,0,0,0,0,0,1,-1,6,1,76,11,1998,1,0,MINI CLUBMAN,9,E01030589,0,5
2024622400876,2024,622400876,2,9,0,18,19,4,8,0,0,1,0,0,0,0,3,1,6,6,1,63,9,1598,1,14,MINI CLUBMAN,10,W01001954,0,1
2024451471219,2024,451471219,2,9,0,-1,2,0,0,-1,0,1,0,0,0,0,3,9,-1,6,-1,45,7,1598,1,16,MINI CLUBMAN,-1,-1,0,-1
2024531474484,2024,531474484,1,9,0,-1,4,1,5,-1,0,1,0,0,0,0,3,1,-1,2,2,45,7,1499,1,5,MINI CLUBMAN,10,E01022168,0,1
2024340NN4642,2024,340NN4642,1,9,0,-1,15,7,3,-1,0,0,0,0,0,0,2,1,-1,9,1,34,6,1598,1,15,MINI CLUBMAN,3,E01035411,0,1
2024451523772,2024,451523772,2,9,0,-1,19,3,7,-1,0,0,0,0,1,7,1,1,-1,6,1,53,8,1499,1,5,MINI CLUBMAN,7,E01015585,0,4
2024122400274,2024,122400274,2,9,0,9,9,2,7,0,0,8,0,0,0,0,1,1,6,6,2,66,10,1499,1,3,MINI CLUBMAN,8,E01027895,0,4
2024991455489,2024,991455489,2,9,0,-1,19,7,3,-1,0,0,0,0,0,0,1,1,-1,9,2,52,8,1499,1,6,MINI CLUBMAN,-1,-1,0,-1
2024122500101,2024,122500101,1,9,0,18,19,2,6,0,0,0,5,0,7,9,3,1,6,6,1,17,4,1560,2,16,MINI CLUBMAN,6,E01027648,0,1
2024311522183,2024,311522183,2,9,0,-1,19,5,1,-1,0,2,0,0,0,0,1,1,-1,6,1,49,8,1499,1,2,MINI CLUBMAN,-1,-1,0,-1
2024421428494,2024,421428494,2,9,0,-1,9,6,4,-1,0,0,0,0,0,0,4,1,-1,6,2,35,6,1998,1,6,MINI CLUBMAN,10,E01022062,0,1
2024231459865,2024,231459865,3,9,0,-1,3,8,4,-1,0,8,0,0,0,0,2,1,-1,1,2,42,7,1598,1,16,MINI CLUBMAN,6,E01009446,0,1
2024161511528,2024,161511528,1,9,0,-1,19,7,3,-1,0,3,0,0,7,10,1,1,-1,6,1,36,7,1560,2,16,MINI CLUBMAN,8,E01026368,0,3
2024421480838,2024,421480838,2,9,0,-1,19,6,2,-1,0,0,0,0,1,0,1,1,-1,9,1,62,9,1499,1,2,MINI CLUBMAN,10,E01021883,0,1
2024361471029,2024,361471029,1,9,0,-1,19,2,6,-1,0,0,0,0,0,0,1,1,-1,6,1,80,11,1560,2,14,MINI CLUBMAN,8,E01026918,0,4
2024531435649,2024,531435649,1,9,0,-1,9,3,7,-1,0,0,0,0,0,0,1,1,-1,6,1,60,9,1499,1,6,MINI CLUBMAN,9,E01022434,0,1
2024071065895,2024,071065895,1,9,0,-1,19,9,9,-1,0,0,0,0,0,0,1,1,-1,6,2,30,6,1998,1,8,MINI CLUBMAN,-1,-1,0,-1
2024161509942,2024,161509942,2,9,0,-1,19,4,8,-1,0,0,0,0,0,0,1,9,-1,6,2,-1,-1,1598,1,15,MINI CLUBMAN,6,E01013039,0,1
2024211407399,2024,211407399,2,9,0,-1,19,3,7,-1,0,2,0,0,0,0,1,9,-1,9,1,46,8,1598,1,14,MINI CLUBMAN,6,E01014184,0,4
2024430506166,2024,430506166,1,9,0,18,19,2,6,0,0,0,0,0,0,0,1,1,6,6,2,83,11,1499,1,5,MINI CLUBMAN,10,E01017885,0,1
2024052401388,2024,052401388,2,9,0,18,19,8,5,0,0,1,0,0,0,0,2,1,6,6,2,42,7,1998,1,0,MINI CLUBMAN,1,E01006776,0,1
2024010498513,2024,010498513,3,9,0,99,99,9,9,99,99,9,9,99,9,99,9,9,6,6,3,-1,-1,1995,2,6,MINI CLUBMAN,3,E01002400,0,1
2024461500345,2024,461500345,2,9,0,-1,4,3,7,-1,0,0,0,0,0,0,2,2,-1,9,1,23,5,1998,1,8,MINI CLUBMAN,9,E01024057,0,3
2024461427784,2024,461427784,1,9,0,-1,9,5,1,-1,0,0,0,0,0,0,1,9,-1,6,1,20,4,1499,1,7,MINI CLUBMAN,8,E01024844,0,1
2024221463824,2024,221463824,1,9,0,-1,19,8,4,-1,0,0,0,0,0,0,1,9,-1,6,2,80,11,1499,1,5,MINI CLUBMAN,2,E01034944,0,1
2024061532837,2024,061532837,4,9,-1,-1,-1,-1,-1,-1,-1,0,-1,-1,-1,0,-1,9,-1,6,3,-1,-1,1499,1,4,MINI CLUBMAN,-1,-1,0,-1
2024461461161,2024,461461161,2,9,0,-1,3,3,7,-1,0,0,0,0,0,0,1,9,-1,6,2,35,6,1499,1,2,MINI CLUBMAN,5,E01024393,0,1
2024471424712,2024,471424712,1,9,0,-1,9,7,5,-1,0,6,0,0,0,0,1,1,-1,6,2,23,5,1499,1,5,MINI CLUBMAN,9,E01031505,0,1
2024161460120,2024,161460120,1,9,0,-1,19,5,1,-1,0,0,0,0,7,4,1,1,-1,9,2,61,9,1499,1,8,MINI CLUBMAN,9,E01013277,0,3
2024461500968,2024,461500968,2,9,0,-1,99,3,7,-1,0,0,0,0,0,0,1,9,-1,1,2,26,6,1995,2,6,MINI CLUBMAN,4,E01016055,0,2
2024361529081,2024,361529081,1,9,0,-1,19,1,5,-1,0,1,0,0,0,0,3,1,-1,6,2,54,8,1995,2,7,MINI CLUBMAN,5,E01026877,0,3
202454E932524,2024,54E932524,2,9,0,18,19,8,6,0,0,8,0,0,0,0,1,1,6,6,1,53,8,1995,2,11,MINI CLUBMAN,8,E01015556,0,1
2024311537712,2024,311537712,4,9,0,-1,3,4,8,-1,0,0,0,0,0,0,2,1,-1,9,1,29,6,1598,1,15,MINI CLUBMAN,9,E01028054,0,2
2024101505625,2024,101505625,1,9,0,-1,19,6,2,-1,0,0,0,0,0,0,4,1,-1,6,2,50,8,1499,1,5,MINI CLUBMAN,10,E01008371,0,1
2024501445451,2024,501445451,1,9,-1,-1,5,7,1,-1,0,6,0,0,0,0,4,9,-1,2,2,58,9,1998,1,4,MINI CLUBMAN,8,E01015098,0,1
2024010508626,2024,010508626,4,9,0,18,19,3,7,0,0,1,1,0,0,0,3,1,6,6,1,43,7,1600,1,13,MINI CLUBMAN,-1,-1,0,-1
2024461514502,2024,461514502,2,9,0,-1,19,2,8,-1,0,0,0,0,0,0,3,1,-1,9,2,58,9,1499,1,2,MINI CLUBMAN,2,E01024263,0,1
2024231530682,2024,231530682,1,9,0,-1,19,3,1,-1,0,8,0,4,0,0,1,1,-1,9,2,43,7,1499,1,8,MINI CLUBMAN,2,E01031173,0,1
2024430061708,2024,430061708,1,9,0,18,19,2,6,0,0,0,1,0,1,9,2,1,6,6,1,63,9,1499,1,6,MINI CLUBMAN,3,E01015503,0,4
2024231404172,2024,231404172,2,9,0,-1,19,5,1,-1,0,0,0,0,0,0,1,1,-1,6,2,53,8,1560,2,16,MINI CLUBMAN,9,E01031331,0,1
2024010547983,2024,010547983,3,9,0,3,3,3,7,0,0,1,0,0,0,0,0,1,6,6,1,68,10,1499,1,0,MINI CLUBMAN,3,E01004033,0,1
2024311439304,2024,311439304,2,9,0,-1,1,4,8,-1,0,0,0,0,0,0,2,1,-1,6,1,48,8,1598,1,15,MINI CLUBMAN,2,E01035500,0,1
2024440090895,2024,440090895,1,9,0,12,12,8,4,0,0,7,0,0,0,0,1,1,6,6,2,51,8,1995,2,7,MINI CLUBMAN,10,E01022588,0,2
2024451409961,2024,451409961,1,9,0,-1,9,3,1,-1,0,8,0,0,0,0,1,1,-1,2,2,63,9,1499,1,9,MINI CLUBMAN,10,E01030762,0,1
2024010550524,2024,010550524,1,9,0,5,5,7,3,0,0,8,0,0,0,0,1,1,2,2,1,66,10,1499,1,4,MINI CLUBMAN,5,E01003083,0,1
2024471473193,2024,471473193,1,9,0,-1,13,1,5,-1,0,0,1,0,1,2,1,1,-1,9,1,34,6,1998,1,8,MINI CLUBMAN,9,E01029512,0,5
2024340NN2382,2024,340NN2382,1,9,0,-1,1,7,3,-1,0,0,0,0,0,0,2,1,-1,2,2,34,6,1499,1,3,MINI CLUBMAN,10,E01027355,0,1
2024101436518,2024,101436518,1,9,0,-1,19,4,8,-1,0,0,0,0,1,0,1,1,-1,6,1,57,9,1995,2,8,MINI CLUBMAN,10,E01033714,0,3
2024221490591,2024,221490591,1,9,0,-1,9,8,6,-1,0,6,0,0,0,0,1,1,-1,6,2,41,7,1995,2,11,MINI CLUBMAN,4,E01028978,0,4
2024161413489,2024,161413489,4,9,0,-1,19,2,1,-1,0,0,2,4,0,0,1,1,-1,9,1,51,8,1560,2,15,MINI CLUBMAN,3,E01013197,0,1
2024201456681,2024,201456681,2,9,0,-1,7,-1,-1,-1,9,0,1,11,1,10,1,9,-1,6,2,55,8,1499,1,7,MINI CLUBMAN,1,E01010062,0,1
2024421430836,2024,421430836,2,9,0,-1,19,3,7,-1,0,0,0,0,0,0,1,1,-1,9,2,43,7,1499,1,6,MINI CLUBMAN,8,E01029905,0,1
2024471496941,2024,471496941,1,9,0,-1,13,3,7,-1,0,1,0,0,0,0,1,1,-1,9,1,83,11,1598,1,15,MINI CLUBMAN,7,E01021110,0,1
2024201487883,2024,201487883,2,9,0,-1,19,2,6,-1,0,8,0,0,0,0,3,1,-1,9,2,-1,-1,1499,1,7,MINI CLUBMAN,6,E01010013,0,3
2024141398342,2024,141398342,1,9,0,-1,5,5,1,-1,0,3,0,0,0,0,1,1,-1,1,1,31,6,1598,1,15,MINI CLUBMAN,5,E01008000,0,1
2024221416486,2024,221416486,2,9,0,-1,3,1,5,-1,0,1,0,0,0,0,2,1,-1,6,2,33,6,1998,1,4,MINI CLUBMAN,6,E01017041,0,5
2024371499410,2024,371499410,2,9,0,-1,2,1,1,-1,0,1,0,4,0,0,2,1,-1,6,1,20,4,1560,2,14,MINI CLUBMAN,7,E01029991,0,1
2024010487421,2024,010487421,1,9,0,99,99,9,9,99,99,9,9,99,9,99,9,9,2,2,1,30,6,1499,1,3,MINI CLUBMAN,4,E01002862,0,1
2024461414326,2024,461414326,1,9,0,-1,19,2,3,-1,0,1,0,0,0,0,1,1,-1,2,2,53,8,1499,1,2,MINI CLUBMAN,6,E01024793,0,2
2024041400521,2024,041400521,1,9,0,-1,19,1,3,-1,0,0,0,0,7,0,1,1,-1,6,1,27,6,1598,1,16,MINI CLUBMAN,9,E01025328,0,3
2024221478700,2024,221478700,1,9,0,-1,19,2,7,-1,0,0,0,10,0,0,1,1,-1,6,2,75,10,1499,1,4,MINI CLUBMAN,5,E01032426,0,2
2024411433122,2024,411433122,1,9,0,-1,19,7,3,-1,0,8,0,0,0,0,1,1,-1,6,2,42,7,1998,1,5,MINI CLUBMAN,8,E01023486,0,1
2024340NN4572,2024,340NN4572,1,9,0,-1,19,5,1,-1,9,1,0,0,7,2,3,1,-1,2,1,31,6,1598,1,16,MINI CLUBMAN,3,E01027035,0,2
2024501406519,2024,501406519,2,9,0,-1,4,8,4,-1,0,0,0,0,0,0,3,1,-1,9,1,76,11,1598,2,12,MINI CLUBMAN,5,E01020069,0,1
2024461473956,2024,461473956,2,9,0,-1,19,8,4,-1,0,1,0,0,0,0,4,1,-1,2,2,51,8,1995,2,9,MINI CLUBMAN,7,E01032620,0,2
2024471443209,2024,471443209,2,9,0,-1,19,7,3,-1,0,1,0,0,0,0,1,1,-1,6,2,54,8,1499,1,7,MINI CLUBMAN,3,E01020937,0,1
2024340WN5332,2024,340WN5332,1,9,0,-1,19,5,1,-1,0,0,0,0,0,0,1,1,-1,6,2,35,6,1598,1,11,MINI CLUBMAN,10,E01027015,0,1
2024430443315,2024,430443315,1,9,0,18,19,2,6,0,0,0,5,0,0,0,1,1,6,6,1,19,4,1598,2,12,MINI CLUBMAN,10,E01027280,0,1
2024991522786,2024,991522786,1,9,0,-1,13,8,4,-1,0,0,0,0,0,0,1,1,-1,2,2,51,8,1995,2,7,MINI CLUBMAN,5,-1,0,1
2024430374604,2024,430374604,2,9,0,18,19,8,4,0,0,1,0,0,0,0,1,1,6,6,2,46,8,1598,1,14,MINI CLUBMAN,-1,-1,0,-1
2024041510992,2024,041510992,2,9,0,-1,19,3,7,-1,0,1,0,0,0,0,1,1,-1,9,2,73,10,1499,1,6,MINI CLUBMAN,5,E01006942,0,4
2024451533117,2024,451533117,2,9,0,-1,2,0,0,-1,0,0,0,0,0,0,3,1,-1,6,-1,-1,-1,1499,1,7,MINI CLUBMAN,-1,-1,0,-1
2024311521197,2024,311521197,1,3,0,-1,19,5,1,-1,0,2,0,0,1,0,1,1,-1,9,2,19,4,125,1,5,-1,-1,-1,0,-1
2024451457622,2024,451457622,1,3,0,-1,19,1,5,-1,0,0,0,0,0,0,1,1,-1,2,1,32,6,125,1,0,-1,5,E01016130,0,4
2024622400247,2024,622400247,1,3,0,4,4,8,4,0,0,0,1,0,0,0,1,1,1,1,1,19,4,125,1,1,-1,4,W01001248,0,3
2024552400862,2024,552400862,1,3,0,7,7,6,8,0,0,6,1,0,0,0,0,1,6,6,1,72,10,125,1,1,-1,6,E01020484,0,3
2024421406414,2024,421406414,1,9,0,-1,19,-1,-1,-1,0,0,0,0,0,0,3,1,-1,6,1,-1,-1,-1,3,1,-1,-1,-1,0,-1
2024231513301,2024,231513301,2,11,0,-1,19,1,5,-1,0,0,0,0,0,0,4,9,-1,1,1,38,7,12902,2,7,-1,1,E01010030,0,4
2024061453925,2024,061453925,2,11,0,-1,9,8,2,-1,0,0,0,0,0,0,1,1,-1,1,2,40,7,12902,2,7,-1,2,E01004907,0,3
2024522401514,2024,522401514,1,9,0,14,14,8,4,0,0,0,0,0,0,0,3,1,6,6,2,51,8,1198,1,12,VOLKSWAGEN POLO,9,E01014871,0,1
2024430519112,2024,430519112,2,9,0,5,5,5,1,0,0,4,0,0,0,0,2,1,1,1,1,54,8,1390,1,12,VOLKSWAGEN POLO,7,E01016777,0,2
2024041480029,2024,041480029,1,9,0,-1,19,3,7,-1,0,0,0,0,0,0,1,1,-1,9,1,25,5,999,1,8,VOLKSWAGEN POLO,1,E01025036,0,1
2024544453024,2024,544453024,1,9,0,18,19,2,6,0,0,0,0,0,0,0,1,1,6,6,2,48,8,1422,2,10,VOLKSWAGEN POLO,10,E01032045,0,4
2024552400220,2024,552400220,1,9,0,18,19,1,5,0,0,0,0,0,1,4,1,1,1,1,2,73,10,1198,1,17,VOLKSWAGEN POLO,5,E01020512,0,3
2024131461026,2024,131461026,1,9,0,-1,19,1,5,-1,0,8,0,0,0,0,3,1,-1,9,1,50,8,999,1,1,VOLKSWAGEN POLO,7,E01011512,0,4
2024371477477,2024,371477477,1,9,0,-1,4,3,5,-1,0,0,0,0,0,0,1,1,-1,6,1,33,6,1390,1,24,VOLKSWAGEN POLO,-1,-1,0,-1
2024461442495,2024,461442495,2,9,0,-1,19,3,7,-1,0,5,0,0,0,0,2,9,-1,9,2,30,6,1198,1,10,VOLKSWAGEN POLO,6,E01035281,0,4
2024440499489,2024,440499489,4,9,0,2,2,0,0,0,0,0,0,0,0,0,2,1,6,6,3,-1,-1,1390,1,12,VOLKSWAGEN POLO,-1,-1,0,-1