collision_index,collision_year,collision_ref_no,vehicle_reference,vehicle_type,towing_and_articulation,vehicle_manoeuvre_historic,vehicle_manoeuvre,vehicle_direction_from,vehicle_direction_to,vehicle_location_restricted_lane_historic,vehicle_location_restricted_lane,junction_location,skidding_and_overturning,hit_object_in_carriageway,vehicle_leaving_carriageway,hit_object_off_carriageway,first_point_of_impact,vehicle_left_hand_drive,journey_purpose_of_driver_historic,journey_purpose_of_driver,sex_of_driver,age_of_driver,age_band_of_driver,engine_capacity_cc,propulsion_code,age_of_vehicle,generic_make_model,driver_imd_decile,lsoa_of_driver,escooter_flag,driver_distance_banding
2024302401374,2024,302401374,1,9,0,13,13,6,1,0,0,0,5,0,7,11,1,1,6,6,1,19,4,1198,1,13,VOLKSWAGEN POLO,8,E01019493,0,2
2024010538516,2024,010538516,1,9,0,18,19,6,2,0,0,8,0,0,0,0,4,1,6,6,2,36,7,1390,1,20,VOLKSWAGEN POLO,4,E01001478,0,1
2024622400387,2024,622400387,2,9,0,18,19,2,6,0,0,0,0,0,0,0,1,1,6,6,2,74,10,999,1,1,VOLKSWAGEN POLO,7,W01001028,0,1
2024311471836,2024,311471836,1,9,0,-1,9,1,5,-1,0,0,2,10,0,0,1,1,-1,9,1,18,4,1198,1,11,VOLKSWAGEN POLO,10,E01028403,0,3
2024440455042,2024,440455042,1,9,0,18,19,2,6,0,0,8,0,0,0,0,1,1,6,6,1,34,6,1198,1,16,VOLKSWAGEN POLO,5,E01017306,0,2
2024351429168,2024,351429168,1,9,0,-1,19,5,3,-1,0,1,0,0,0,0,3,1,-1,6,1,91,11,999,1,6,VOLKSWAGEN POLO,8,E01018099,0,2
2024320213828,2024,320213828,1,9,0,-1,-1,6,2,0,0,0,0,0,0,0,1,1,-1,-1,2,43,7,1198,1,12,VOLKSWAGEN POLO,7,E01028163,0,4
2024501445601,2024,501445601,3,9,0,-1,15,7,3,-1,0,0,0,0,0,0,2,1,-1,6,2,20,4,1198,1,11,VOLKSWAGEN POLO,7,E01018813,0,4
2024201433882,2024,201433882,2,9,0,-1,4,3,7,-1,0,0,0,0,0,0,1,1,-1,6,2,45,7,1197,1,8,VOLKSWAGEN POLO,2,E01009934,0,1
2024010544302,2024,010544302,2,9,0,12,12,4,8,0,0,0,1,10,4,2,2,1,2,2,1,44,7,1197,1,9,VOLKSWAGEN POLO,3,E01003101,0,2
2024421434207,2024,421434207,2,9,0,-1,19,3,7,-1,0,0,0,0,0,0,2,1,-1,6,2,40,7,1390,1,21,VOLKSWAGEN POLO,4,E01021840,0,1
2024471409446,2024,471409446,2,9,0,-1,7,3,6,-1,0,1,0,0,0,0,1,9,-1,6,1,18,4,1198,1,17,VOLKSWAGEN POLO,6,E01031359,0,3
2024211495027,2024,211495027,1,9,0,-1,19,5,1,-1,0,0,0,0,7,0,1,1,-1,6,1,25,5,1798,1,7,VOLKSWAGEN POLO,4,E01029431,0,1
2024311491854,2024,311491854,2,9,0,-1,10,8,4,-1,0,8,0,0,0,0,4,9,-1,6,1,34,6,1198,1,12,VOLKSWAGEN POLO,5,E01028291,0,1
2024141403320,2024,141403320,2,9,0,-1,19,1,5,-1,0,1,0,0,0,0,1,1,-1,9,1,30,6,999,1,1,VOLKSWAGEN POLO,1,E01008059,0,1
2024061468656,2024,061468656,1,9,-1,-1,-1,-1,-1,-1,-1,0,-1,-1,-1,0,-1,9,-1,6,3,-1,-1,1390,1,17,VOLKSWAGEN POLO,-1,-1,0,-1
2024371504742,2024,371504742,1,9,0,-1,19,6,2,-1,0,0,0,0,1,0,1,1,-1,2,2,18,4,1400,1,15,VOLKSWAGEN POLO,6,E01030154,0,3
2024440366455,2024,440366455,1,9,0,5,5,3,7,0,0,4,0,0,0,0,1,1,2,2,1,23,5,1400,2,19,VOLKSWAGEN POLO,-1,-1,0,-1
2024010507694,2024,010507694,1,9,0,99,99,9,9,99,99,9,9,99,9,99,9,9,6,6,2,39,7,999,1,3,VOLKSWAGEN POLO,2,E01001551,0,3
2024371422807,2024,371422807,1,9,0,-1,5,5,1,-1,0,8,0,0,0,0,1,1,-1,2,2,19,4,999,1,7,VOLKSWAGEN POLO,7,E01030207,0,1
2024631406951,2024,631406951,1,9,0,-1,19,2,6,-1,0,8,1,0,0,0,1,1,-1,9,1,23,5,1400,2,17,VOLKSWAGEN POLO,3,W01000730,0,3
2024061505903,2024,061505903,1,9,0,-1,4,7,3,-1,0,0,0,0,0,0,2,1,-1,2,2,26,6,1197,1,7,VOLKSWAGEN POLO,2,E01005326,0,3
2024471434466,2024,471434466,3,9,0,-1,19,3,7,-1,0,0,0,0,1,0,1,1,-1,9,2,23,5,999,1,6,VOLKSWAGEN POLO,7,E01031493,0,4
2024141518961,2024,141518961,1,9,0,-1,9,3,7,-1,0,0,0,0,0,0,4,1,-1,6,2,24,5,999,1,5,VOLKSWAGEN POLO,1,E01007870,0,1
2024010538986,2024,010538986,2,9,0,18,19,3,7,0,0,1,0,0,0,0,1,1,6,6,3,24,5,999,1,3,VOLKSWAGEN POLO,3,E01003179,0,3
2024421404370,2024,421404370,2,9,0,-1,3,7,3,-1,0,0,0,0,0,0,2,1,-1,9,1,19,4,1390,1,12,VOLKSWAGEN POLO,10,E01015910,0,1
2024010510651,2024,010510651,1,9,0,9,9,7,4,0,0,8,0,0,0,0,4,1,6,6,1,26,6,999,1,9,VOLKSWAGEN POLO,2,E01001432,0,1
2024631509735,2024,631509735,1,9,0,-1,19,6,1,-1,0,0,1,0,7,10,1,1,-1,1,2,38,7,1390,1,21,VOLKSWAGEN POLO,1,W01000570,0,3
2024520000034,2024,520000034,2,9,0,18,19,7,2,0,0,0,0,0,0,0,1,1,6,6,1,53,8,999,1,7,VOLKSWAGEN POLO,8,E01014418,0,1
2024131523773,2024,131523773,1,9,0,-1,19,1,5,-1,0,6,0,10,0,0,4,1,-1,9,1,31,6,1198,1,15,VOLKSWAGEN POLO,1,E01011082,0,1
2024547883924,2024,547883924,1,9,0,9,9,3,8,0,0,6,0,0,0,0,4,1,6,6,2,19,4,1390,1,16,VOLKSWAGEN POLO,8,E01031861,0,1
2024052400748,2024,052400748,1,9,0,9,9,7,1,0,0,2,0,0,0,0,4,1,2,2,2,54,8,999,1,5,VOLKSWAGEN POLO,2,E01006464,0,2
2024201456342,2024,201456342,1,9,0,-1,5,6,1,-1,0,4,0,0,0,0,3,9,-1,6,1,44,7,999,1,5,VOLKSWAGEN POLO,8,E01009425,0,1
2024131397617,2024,131397617,1,9,0,-1,7,1,5,-1,0,2,0,0,0,0,2,1,-1,9,2,22,5,999,1,1,VOLKSWAGEN POLO,1,E01010610,0,1
2024471444244,2024,471444244,2,9,0,-1,4,2,6,-1,0,0,0,0,4,0,2,1,-1,6,2,35,6,1390,1,20,VOLKSWAGEN POLO,2,E01022969,0,1
2024340WN1352,2024,340WN1352,1,9,0,-1,9,6,2,-1,0,6,0,0,0,0,1,1,-1,9,2,70,10,1400,1,17,VOLKSWAGEN POLO,5,E01027213,0,1
202417S105324,2024,17S105324,1,9,0,-1,9,4,2,-1,0,8,5,0,0,0,4,1,-1,2,1,32,6,999,1,1,VOLKSWAGEN POLO,9,E01012232,0,2
2024451443463,2024,451443463,2,9,0,-1,8,5,1,-1,0,1,1,10,0,0,3,1,-1,9,1,31,6,1390,1,23,VOLKSWAGEN POLO,4,E01034288,0,1
2024041418624,2024,041418624,1,9,0,-1,19,6,2,-1,0,0,0,0,0,0,1,1,-1,6,2,30,6,1198,1,11,VOLKSWAGEN POLO,9,E01025343,0,1
2024101443783,2024,101443783,2,9,0,-1,19,5,1,-1,0,1,0,0,0,0,2,1,-1,6,1,53,8,1390,1,12,VOLKSWAGEN POLO,7,E01008585,0,1
2024461407212,2024,461407212,1,9,0,-1,19,8,2,-1,0,0,0,0,0,0,1,1,-1,9,1,28,6,999,1,10,VOLKSWAGEN POLO,7,E01024553,0,3
2024101481169,2024,101481169,1,9,0,-1,5,1,5,-1,0,8,0,0,0,0,1,1,-1,9,2,22,5,999,1,6,VOLKSWAGEN POLO,5,E01033715,0,1
2024371426647,2024,371426647,1,9,0,-1,9,3,5,-1,0,6,0,0,0,0,1,1,-1,6,1,18,4,1422,2,21,VOLKSWAGEN POLO,9,E01030175,0,2
2024440162339,2024,440162339,2,9,0,5,5,8,4,0,0,8,0,0,0,0,1,1,6,6,2,-1,-1,1390,1,16,VOLKSWAGEN POLO,-1,-1,0,-1
2024440013575,2024,440013575,1,9,0,12,12,2,6,0,0,0,0,0,0,0,2,1,6,6,1,21,5,1198,1,18,VOLKSWAGEN POLO,3,E01034713,0,1
2024010523896,2024,010523896,2,9,0,18,19,3,7,0,0,1,0,0,0,0,1,1,6,6,2,24,5,999,1,10,VOLKSWAGEN POLO,4,E01003596,0,1
2024061529615,2024,061529615,1,9,-1,-1,-1,-1,-1,-1,-1,0,-1,-1,-1,0,-1,9,-1,6,3,-1,-1,999,1,6,VOLKSWAGEN POLO,-1,-1,0,-1
2024010539277,2024,010539277,2,9,0,9,9,3,1,0,0,8,0,0,0,0,1,1,6,6,2,30,6,1198,1,10,VOLKSWAGEN POLO,4,E01002070,0,1
2024371479498,2024,371479498,1,9,0,-1,9,5,3,-1,0,8,0,0,0,0,1,1,-1,2,1,18,4,1198,1,18,VOLKSWAGEN POLO,10,E01030961,0,5
2024440510463,2024,440510463,1,9,0,17,19,7,3,0,0,0,1,0,1,4,1,1,2,2,2,18,4,1390,1,17,VOLKSWAGEN POLO,9,E01032005,0,4
2024231454614,2024,231454614,1,9,0,-1,19,2,5,-1,0,0,0,0,0,0,1,1,-1,2,2,20,4,999,1,1,VOLKSWAGEN POLO,2,E01031066,0,1
2024340WN0202,2024,340WN0202,1,9,0,-1,19,4,8,-1,0,0,1,0,0,6,1,1,-1,2,1,24,5,999,1,8,VOLKSWAGEN POLO,10,E01027992,0,5
2024041523463,2024,041523463,1,9,0,-1,19,5,1,-1,0,0,0,0,0,0,1,1,-1,9,2,24,5,1197,1,8,VOLKSWAGEN POLO,5,E01028869,0,5
2024320624984,2024,320624984,2,9,0,-1,-1,5,1,0,0,8,0,0,0,0,1,1,-1,-1,1,27,6,1197,1,10,VOLKSWAGEN POLO,2,E01026030,0,4
2024411517683,2024,411517683,1,9,0,-1,19,8,4,-1,0,0,1,0,0,0,1,1,-1,6,1,-1,-1,999,1,0,VOLKSWAGEN POLO,-1,-1,0,-1
202417S105424,2024,17S105424,3,9,0,-1,3,3,7,-1,0,2,0,0,0,0,2,1,-1,2,1,60,9,1198,1,11,VOLKSWAGEN POLO,1,E01012217,0,1
2024411498145,2024,411498145,1,9,0,-1,19,1,5,-1,0,0,0,0,0,0,1,1,-1,2,2,75,10,1197,1,8,VOLKSWAGEN POLO,9,E01023969,0,1
2024041507670,2024,041507670,1,9,0,-1,19,3,1,-1,9,0,0,0,0,0,1,1,-1,9,1,17,4,1198,1,14,VOLKSWAGEN POLO,4,E01025544,0,1
2024552400529,2024,552400529,1,9,0,18,19,8,4,0,0,0,0,0,7,2,1,1,6,6,2,34,6,1198,1,13,VOLKSWAGEN POLO,7,E01015438,0,1
2024371428069,2024,371428069,1,9,0,-1,19,1,5,-1,0,0,1,0,0,0,1,1,-1,6,1,19,4,1198,1,17,VOLKSWAGEN POLO,7,E01029875,0,3
2024311420013,2024,311420013,1,9,0,-1,19,7,3,-1,0,0,0,0,0,0,1,1,-1,6,1,34,6,1390,1,17,VOLKSWAGEN POLO,5,E01028076,0,1
2024622400133,2024,622400133,1,9,0,18,19,4,8,0,0,1,0,0,0,0,0,1,6,6,1,26,6,1198,1,13,VOLKSWAGEN POLO,1,W01001698,0,1
2024122400709,2024,122400709,1,9,0,4,4,7,3,0,0,1,0,0,0,0,2,1,6,6,1,17,4,1197,1,8,VOLKSWAGEN POLO,10,E01013381,0,1
2024211428580,2024,211428580,1,9,0,-1,19,1,3,-1,0,4,0,0,0,0,1,1,-1,6,2,49,8,1190,1,12,VOLKSWAGEN POLO,3,E01029850,0,1
2024010524538,2024,010524538,2,9,0,99,99,9,9,99,99,9,9,99,9,99,9,9,6,6,3,-1,-1,1395,1,11,VOLKSWAGEN POLO,5,E01000450,0,1
2024131526444,2024,131526444,3,9,0,-1,3,3,4,-1,0,3,0,0,0,0,2,1,-1,2,1,49,8,1198,1,21,VOLKSWAGEN POLO,5,E01035052,0,3
2024522402319,2024,522402319,2,9,0,16,19,3,7,0,0,0,0,0,0,0,3,1,6,6,3,-1,-1,1198,1,14,VOLKSWAGEN POLO,-1,-1,0,-1
2024340NN3302,2024,340NN3302,2,9,0,-1,19,5,1,-1,0,1,0,0,0,0,4,1,-1,9,1,57,9,1400,1,24,VOLKSWAGEN POLO,9,E01026955,0,3
2024231509870,2024,231509870,2,9,0,-1,19,6,2,-1,0,8,0,0,0,0,1,1,-1,6,2,26,6,1984,1,5,VOLKSWAGEN POLO,8,E01034317,0,4
2024010504880,2024,010504880,2,9,0,4,4,1,5,0,0,1,0,0,0,0,0,1,6,6,2,25,5,1390,1,10,VOLKSWAGEN POLO,7,E01000438,0,1
2024311509711,2024,311509711,1,9,0,-1,5,8,3,-1,9,0,0,10,0,0,1,1,-1,6,2,85,11,1390,1,10,VOLKSWAGEN POLO,10,E01028148,0,2
2024131521660,2024,131521660,3,9,0,-1,2,0,0,-1,0,0,0,0,0,0,1,1,-1,6,-1,-1,-1,1390,1,23,VOLKSWAGEN POLO,-1,-1,0,-1
2024101458645,2024,101458645,1,9,0,-1,4,7,3,-1,0,1,0,0,0,0,2,1,-1,6,2,79,11,1400,2,19,VOLKSWAGEN POLO,7,E01008529,0,1
2024622400126,2024,622400126,1,9,0,5,5,8,3,0,0,0,0,0,0,0,3,1,6,6,1,24,5,999,1,5,VOLKSWAGEN POLO,10,W01001120,0,2
2024351411477,2024,351411477,2,9,0,-1,2,-1,-1,-1,-1,1,0,0,1,4,4,9,-1,6,1,18,4,999,1,5,VOLKSWAGEN POLO,2,E01018143,0,1
2024430293178,2024,430293178,1,9,0,3,3,7,3,0,0,1,0,0,0,0,2,1,6,6,2,69,10,999,1,5,VOLKSWAGEN POLO,7,E01016348,0,1
2024411469237,2024,411469237,2,9,0,-1,19,1,5,-1,0,2,1,0,0,0,1,1,-1,6,1,23,5,1198,1,20,VOLKSWAGEN POLO,7,E01023504,0,1
2024471407300,2024,471407300,1,9,0,-1,4,5,1,-1,0,1,0,0,0,0,1,1,-1,9,2,30,6,1390,1,15,VOLKSWAGEN POLO,9,E01021175,0,2
2024522500005,2024,522500005,1,9,0,3,3,3,7,0,0,1,0,0,0,0,2,9,6,6,1,77,11,1198,1,15,VOLKSWAGEN POLO,7,E01033079,0,3
2024010524004,2024,010524004,2,9,0,18,19,3,7,0,0,1,0,0,0,0,1,1,6,6,1,20,4,999,1,0,VOLKSWAGEN POLO,4,E01001514,0,3
2024010525364,2024,010525364,1,9,0,6,6,7,7,0,0,0,0,0,0,0,1,1,6,6,2,63,9,1390,1,13,VOLKSWAGEN POLO,7,E01004493,0,1
2024351500973,2024,351500973,2,9,0,-1,4,3,7,-1,0,0,0,0,0,0,2,1,-1,6,1,65,9,999,1,9,VOLKSWAGEN POLO,10,E01035514,0,1
2024010536291,2024,010536291,1,9,0,18,19,5,1,0,0,0,0,0,0,0,1,1,6,6,2,34,6,1197,1,9,VOLKSWAGEN POLO,4,E01002402,0,2
2024311492548,2024,311492548,1,9,0,-1,19,5,1,-1,0,3,0,10,0,0,4,1,-1,1,1,27,6,1598,2,14,VOLKSWAGEN POLO,-1,-1,0,-1
2024010504329,2024,010504329,1,9,0,17,19,3,7,0,0,2,5,7,0,0,1,1,6,6,2,24,5,999,1,7,VOLKSWAGEN POLO,9,E01002242,0,1
2024471536026,2024,471536026,1,9,0,-1,9,7,5,-1,0,6,0,0,0,0,3,1,-1,6,1,18,4,1198,1,15,VOLKSWAGEN POLO,6,E01031660,0,2
2024471478308,2024,471478308,1,9,0,-1,19,6,2,-1,0,0,0,0,0,0,4,1,-1,6,2,21,5,1390,1,13,VOLKSWAGEN POLO,4,E01031433,0,1
2024991430133,2024,991430133,1,9,0,-1,9,5,3,-1,0,8,0,0,0,0,1,1,-1,9,1,17,4,999,1,5,VOLKSWAGEN POLO,8,-1,0,1
2024201477770,2024,201477770,1,9,0,-1,10,3,7,-1,0,5,0,0,0,0,1,1,-1,6,1,18,4,999,1,0,VOLKSWAGEN POLO,3,E01009775,0,2
2024061509140,2024,061509140,1,9,0,-1,9,5,3,-1,0,1,0,0,0,0,1,1,-1,9,1,24,5,999,1,2,VOLKSWAGEN POLO,9,E01004810,0,1
2024411438774,2024,411438774,2,9,0,-1,4,5,1,-1,0,0,0,0,0,0,2,1,-1,1,2,45,7,1395,1,8,VOLKSWAGEN POLO,7,E01027143,0,4
2024440155115,2024,440155115,2,9,0,18,19,4,8,0,0,0,0,0,0,0,3,1,6,6,2,30,6,999,1,6,VOLKSWAGEN POLO,10,E01023024,0,4
2024161427088,2024,161427088,1,9,0,-1,1,5,1,-1,0,1,0,0,0,0,2,9,-1,9,2,75,10,1197,1,9,VOLKSWAGEN POLO,8,E01013065,0,1
2024340NN0422,2024,340NN0422,1,9,0,-1,5,7,3,-1,0,6,0,0,0,0,1,1,-1,6,2,74,10,1197,1,11,VOLKSWAGEN POLO,7,E01027102,0,1
2024430337185,2024,430337185,1,9,0,18,19,6,2,0,0,7,0,0,0,0,1,1,6,6,2,19,4,999,1,8,VOLKSWAGEN POLO,8,E01028729,0,1
2024631484675,2024,631484675,1,9,0,-1,19,6,2,-1,0,8,0,0,0,0,1,1,-1,9,2,33,6,1422,2,10,VOLKSWAGEN POLO,5,W01000508,0,3
2024351512970,2024,351512970,2,9,-1,-1,-1,-1,-1,-1,-1,0,-1,-1,-1,0,-1,9,-1,6,2,28,6,1197,1,9,VOLKSWAGEN POLO,5,E01018157,0,2
2024471482116,2024,471482116,1,9,0,-1,5,5,1,-1,0,0,0,0,0,0,1,1,-1,2,1,23,5,1598,2,14,VOLKSWAGEN POLO,3,E01016909,0,1
2024610004924,2024,610004924,3,9,0,11,11,7,3,0,0,0,0,0,0,0,2,1,6,6,2,33,6,999,1,3,VOLKSWAGEN POLO,5,W01002026,0,2
2024131467309,2024,131467309,2,9,0,-1,9,5,1,-1,0,8,0,0,0,0,4,1,-1,6,2,19,4,1395,1,9,VOLKSWAGEN POLO,6,E01010957,0,2
2024522402464,2024,522402464,2,9,0,13,13,9,9,0,0,1,0,0,0,0,4,1,6,6,3,-1,-1,1198,1,18,VOLKSWAGEN POLO,-1,-1,0,-1
2024131507562,2024,131507562,2,9,0,-1,7,3,1,-1,0,0,0,0,0,0,2,2,-1,2,1,48,8,1984,1,3,VOLKSWAGEN POLO,2,E01011854,0,2
2024451439689,2024,451439689,1,9,0,-1,19,4,8,-1,0,0,0,0,0,0,1,1,-1,9,1,28,6,1422,2,10,VOLKSWAGEN POLO,6,E01017827,0,4
202417L104524,2024,17L104524,1,9,0,-1,9,3,1,-1,0,6,0,0,0,0,1,1,-1,9,2,27,6,1197,1,9,VOLKSWAGEN POLO,1,E01012107,0,2
2024451451792,2024,451451792,1,9,0,-1,5,5,1,-1,0,1,0,0,0,0,1,1,-1,2,2,26,6,1390,1,11,VOLKSWAGEN POLO,4,E01002559,0,2
2024991441458,2024,991441458,1,9,0,-1,9,8,5,-1,0,0,0,0,7,0,1,1,-1,6,2,87,11,1197,1,7,VOLKSWAGEN POLO,10,-1,0,1
2024471467130,2024,471467130,1,9,0,-1,19,1,5,-1,0,0,0,0,7,0,1,1,-1,9,1,27,6,1422,2,16,VOLKSWAGEN POLO,3,E01000111,0,4
2024010545344,2024,010545344,1,9,0,3,3,9,9,99,99,9,9,99,9,99,2,9,6,6,1,27,6,999,1,9,VOLKSWAGEN POLO,3,E01035496,0,3
2024010525368,2024,010525368,1,9,0,18,19,4,8,0,0,0,0,0,0,0,1,1,6,6,1,23,5,999,1,5,VOLKSWAGEN POLO,4,E01003409,0,1
2024401457523,2024,401457523,2,9,0,-1,19,1,5,-1,0,0,1,0,0,0,3,1,-1,2,1,31,6,1390,1,11,VOLKSWAGEN POLO,3,E01002408,0,4
2024411532346,2024,411532346,2,9,0,-1,19,6,2,-1,0,1,1,0,0,0,1,1,-1,9,2,24,5,999,1,3,VOLKSWAGEN POLO,4,E01001909,0,4
2024010504855,2024,010504855,2,9,0,18,19,1,5,0,0,1,0,0,0,0,1,1,6,6,1,36,7,1390,1,17,VOLKSWAGEN POLO,5,E01033739,0,2
2024131450435,2024,131450435,2,9,0,-1,19,3,3,-1,0,8,0,0,0,0,1,1,-1,9,2,52,8,1984,1,2,VOLKSWAGEN POLO,1,E01011764,0,1
2024451475562,2024,451475562,2,9,0,-1,19,7,3,-1,0,0,0,0,0,0,3,1,-1,2,1,59,9,1199,2,12,VOLKSWAGEN POLO,7,E01015979,0,4
2024011472425,2024,011472425,1,9,0,-1,19,3,7,-1,0,0,0,0,0,0,1,1,-1,9,1,23,5,1198,1,14,VOLKSWAGEN POLO,-1,-1,0,-1
2024991500838,2024,991500838,3,9,0,-1,19,4,8,-1,0,0,0,0,0,0,2,1,-1,6,1,36,7,999,1,10,VOLKSWAGEN POLO,-1,-1,0,-1
2024311534587,2024,311534587,2,9,0,-1,6,3,2,-1,0,2,0,0,0,0,3,1,-1,9,1,20,4,1198,1,14,VOLKSWAGEN POLO,-1,-1,0,-1
2024552400076,2024,552400076,1,9,0,18,19,2,6,0,0,5,1,0,7,1,1,1,2,2,2,21,5,1198,1,20,VOLKSWAGEN POLO,3,E01020564,0,3
2024361449440,2024,361449440,1,9,0,-1,19,3,7,-1,0,0,0,0,0,0,1,1,-1,6,2,18,4,1390,1,16,VOLKSWAGEN POLO,4,E01034776,0,4
2024411495192,2024,411495192,1,9,0,-1,19,3,2,-1,0,1,0,0,0,0,1,1,-1,6,1,22,5,1390,1,12,VOLKSWAGEN POLO,10,E01023609,0,1
2024501527292,2024,501527292,1,9,0,-1,19,7,3,-1,0,0,0,0,2,1,1,1,-1,9,1,18,4,999,1,3,VOLKSWAGEN POLO,4,E01020140,0,1
2024041423225,2024,041423225,1,9,0,-1,9,1,5,-1,0,1,0,0,0,0,1,1,-1,9,1,18,4,1199,2,13,VOLKSWAGEN POLO,7,E01012614,0,3
2024010537107,2024,010537107,1,9,0,3,3,5,1,0,0,1,0,0,0,0,2,1,2,2,2,20,4,999,1,10,VOLKSWAGEN POLO,3,E01023343,0,3
2024201514674,2024,201514674,1,9,0,-1,5,7,3,-1,0,2,0,0,0,0,1,9,-1,9,1,21,5,1390,1,14,VOLKSWAGEN POLO,3,E01009089,0,1
2024430370559,2024,430370559,2,9,0,9,9,2,2,0,0,8,0,0,0,0,4,1,6,6,2,41,7,999,1,5,VOLKSWAGEN POLO,10,E01017884,0,1
2024201497012,2024,201497012,3,9,0,-1,19,5,1,-1,0,8,0,0,0,0,4,1,-1,9,2,35,6,999,1,0,VOLKSWAGEN POLO,4,E01032355,0,4
2024070788497,2024,070788497,2,9,0,-1,9,7,3,-1,0,8,0,0,0,0,3,1,-1,6,1,43,7,999,1,0,VOLKSWAGEN POLO,7,E01018742,0,2
2024552401152,2024,552401152,1,9,0,9,9,6,4,0,0,5,0,0,0,0,4,1,6,6,1,20,4,1598,2,14,VOLKSWAGEN POLO,7,E01020538,0,2
2024131486480,2024,131486480,2,9,0,-1,19,1,1,-1,0,0,0,0,0,0,3,1,-1,6,2,34,6,999,1,5,VOLKSWAGEN POLO,4,E01010708,0,3
2024201475658,2024,201475658,2,9,0,-1,19,7,3,-1,0,8,1,0,0,0,1,1,-1,6,1,22,5,1390,1,11,VOLKSWAGEN POLO,1,E01009489,0,1
2024010545315,2024,010545315,1,9,0,99,99,9,9,99,99,9,9,99,9,99,2,9,6,6,2,22,5,999,1,1,VOLKSWAGEN POLO,4,E01021777,0,2
2024010519221,2024,010519221,1,9,0,15,15,5,1,0,0,8,0,0,0,0,1,1,6,6,1,29,6,1198,1,15,VOLKSWAGEN POLO,3,E01004630,0,3
2024471466811,2024,471466811,1,9,0,-1,5,6,3,-1,0,5,0,0,0,0,2,1,-1,6,2,19,4,1390,1,19,VOLKSWAGEN POLO,10,E01031639,0,2
2024201533776,2024,201533776,2,9,0,-1,3,1,5,-1,0,0,0,0,0,0,3,1,-1,9,1,27,6,1390,1,13,VOLKSWAGEN POLO,1,E01010527,0,1
2024522401351,2024,522401351,1,9,0,8,8,2,4,0,0,1,0,0,0,0,2,1,6,6,2,30,6,1422,2,9,VOLKSWAGEN POLO,4,E01014681,0,1
2024631493307,2024,631493307,2,9,0,-1,19,3,7,-1,0,0,0,0,1,10,1,1,-1,9,2,22,5,1390,1,13,VOLKSWAGEN POLO,7,W01000572,0,1
2024010514095,2024,010514095,3,9,0,2,2,0,0,0,0,2,0,0,0,0,2,1,6,6,3,-1,-1,999,1,4,VOLKSWAGEN POLO,-1,-1,0,-1
2024440109308,2024,440109308,2,9,0,18,19,1,5,0,0,1,0,0,0,0,1,1,6,6,2,24,5,1198,1,13,VOLKSWAGEN POLO,8,E01023246,0,1
2024546584224,2024,546584224,2,9,0,7,7,4,6,0,0,1,0,0,0,0,2,1,6,6,2,22,5,999,1,9,VOLKSWAGEN POLO,9,E01031958,0,1
2024131488243,2024,131488243,2,9,0,-1,19,5,1,-1,0,0,0,0,0,0,1,1,-1,9,1,23,5,1198,1,16,VOLKSWAGEN POLO,1,E01011235,0,1
2024371483700,2024,371483700,1,9,0,-1,15,7,3,-1,0,0,0,0,0,0,1,1,-1,6,1,59,9,1198,1,11,VOLKSWAGEN POLO,9,E01030085,0,1
2024371533558,2024,371533558,1,9,0,-1,19,7,1,-1,0,0,0,0,7,8,1,1,-1,6,1,49,8,1198,1,10,VOLKSWAGEN POLO,4,E01030219,0,1
2024471402282,2024,471402282,2,9,0,-1,19,8,4,-1,0,0,0,0,0,0,1,9,-1,6,1,38,7,1390,1,10,VOLKSWAGEN POLO,8,E01031732,0,1
2024311480199,2024,311480199,2,9,0,-1,19,6,2,-1,0,0,0,0,0,0,2,1,-1,6,2,19,4,999,1,3,VOLKSWAGEN POLO,7,E01032522,0,1
2024631431346,2024,631431346,1,9,0,-1,19,8,3,-1,0,0,0,0,7,10,1,1,-1,6,1,24,5,999,1,3,VOLKSWAGEN POLO,6,W01000431,0,2
2024201495278,2024,201495278,2,9,0,-1,19,7,3,-1,0,8,0,10,1,0,4,9,-1,6,2,20,4,999,1,0,VOLKSWAGEN POLO,3,E01010139,0,2
2024421438520,2024,421438520,3,9,0,-1,19,4,8,-1,0,0,0,0,0,0,1,1,-1,6,2,27,6,999,1,10,VOLKSWAGEN POLO,8,E01021528,0,1
2024461476258,2024,461476258,2,9,0,-1,19,4,7,-1,0,0,0,0,0,0,1,1,-1,1,2,44,7,999,1,9,VOLKSWAGEN POLO,8,E01024055,0,1
2024211491686,2024,211491686,2,9,0,-1,3,6,2,-1,0,1,0,0,0,0,2,9,-1,6,2,27,6,1198,1,22,VOLKSWAGEN POLO,8,E01034105,0,1
2024471492052,2024,471492052,2,9,0,-1,3,4,2,-1,0,4,0,0,0,0,2,1,-1,2,2,33,6,1390,1,20,VOLKSWAGEN POLO,8,E01031597,0,2
2024010527686,2024,010527686,1,9,0,99,99,9,9,99,99,9,9,99,9,99,2,9,6,6,2,22,5,1190,1,12,VOLKSWAGEN POLO,2,E01000020,0,1
2024010550549,2024,010550549,2,9,0,99,99,9,9,99,99,9,9,99,9,99,1,9,6,6,3,-1,-1,999,1,1,VOLKSWAGEN POLO,-1,-1,0,-1
2024332400899,2024,332400899,1,9,0,-1,2,0,0,-1,0,0,0,0,0,0,4,1,-1,9,1,24,5,1198,1,15,VOLKSWAGEN POLO,-1,-1,0,-1
2024161438799,2024,161438799,1,9,0,-1,19,3,7,-1,0,0,0,0,0,0,2,9,-1,9,2,52,8,1198,1,12,VOLKSWAGEN POLO,6,E01013097,0,2