collision_index,collision_year,collision_ref_no,vehicle_reference,vehicle_type,towing_and_articulation,vehicle_manoeuvre_historic,vehicle_manoeuvre,vehicle_direction_from,vehicle_direction_to,vehicle_location_restricted_lane_historic,vehicle_location_restricted_lane,junction_location,skidding_and_overturning,hit_object_in_carriageway,vehicle_leaving_carriageway,hit_object_off_carriageway,first_point_of_impact,vehicle_left_hand_drive,journey_purpose_of_driver_historic,journey_purpose_of_driver,sex_of_driver,age_of_driver,age_band_of_driver,engine_capacity_cc,propulsion_code,age_of_vehicle,generic_make_model,driver_imd_decile,lsoa_of_driver,escooter_flag,driver_distance_banding
2024421456978,2024,421456978,2,9,0,-1,5,4,8,-1,0,0,0,0,0,0,1,1,-1,9,1,18,4,1198,1,14,VOLKSWAGEN POLO,5,E01021732,0,1
2024010497482,2024,010497482,3,9,0,18,19,3,7,0,0,0,0,0,0,0,3,1,6,6,1,44,7,1390,1,13,VOLKSWAGEN POLO,-1,-1,0,-1
2024430539806,2024,430539806,2,9,0,18,19,5,1,0,0,1,0,0,0,0,1,1,6,6,2,24,5,1390,1,20,VOLKSWAGEN POLO,-1,-1,0,-1
2024041532370,2024,041532370,2,9,0,-1,9,5,1,-1,0,1,0,0,0,0,3,1,-1,9,1,25,5,999,1,8,VOLKSWAGEN POLO,6,E01025122,0,1
2024991472758,2024,991472758,1,9,0,-1,19,3,8,-1,0,2,0,0,0,0,1,1,-1,9,1,61,9,1197,1,8,VOLKSWAGEN POLO,10,-1,0,2
2024430570568,2024,430570568,1,9,0,10,10,8,6,0,0,1,0,0,0,0,2,1,6,6,1,26,6,999,1,3,VOLKSWAGEN POLO,7,E01017818,0,1
2024131482446,2024,131482446,2,9,0,-1,9,1,5,-1,0,2,0,0,0,0,3,1,-1,6,2,21,5,999,1,9,VOLKSWAGEN POLO,2,E01010974,0,1
2024320407660,2024,320407660,1,9,0,-1,-1,2,6,0,0,8,0,0,0,0,1,1,6,6,1,19,4,1598,2,13,VOLKSWAGEN POLO,3,E01026075,0,2
2024371534188,2024,371534188,2,9,0,-1,3,-1,-1,-1,0,0,0,0,1,99,2,1,-1,6,1,21,5,999,1,5,VOLKSWAGEN POLO,1,E01033130,0,1
2024332400204,2024,332400204,1,9,0,-1,19,7,3,-1,0,8,0,0,0,0,1,1,-1,6,2,34,6,1390,1,11,VOLKSWAGEN POLO,8,E01013643,0,1
2024131572950,2024,131572950,3,9,0,-1,19,5,5,-1,0,1,0,0,0,0,1,1,-1,9,1,18,4,999,1,5,VOLKSWAGEN POLO,2,E01010621,0,1
2024101444729,2024,101444729,2,9,0,-1,19,1,5,-1,0,8,0,0,0,0,1,1,-1,9,2,18,4,1197,1,9,VOLKSWAGEN POLO,9,E01008472,0,1
2024201522643,2024,201522643,2,9,0,-1,5,4,8,-1,0,8,0,0,0,0,1,9,-1,6,1,20,4,999,1,1,VOLKSWAGEN POLO,-1,-1,0,-1
2024031431335,2024,031431335,1,9,0,-1,19,3,6,-1,0,0,5,0,1,9,1,1,-1,6,1,18,4,1198,1,11,VOLKSWAGEN POLO,-1,-1,0,-1
2024991509452,2024,991509452,1,9,0,-1,19,2,6,-1,9,0,1,0,0,0,1,1,-1,9,2,51,8,1390,1,12,VOLKSWAGEN POLO,6,-1,0,1
2024010526640,2024,010526640,1,9,0,99,99,9,9,99,99,9,9,99,9,99,9,9,6,6,3,23,5,1197,1,8,VOLKSWAGEN POLO,4,E01002044,0,1
2024552401126,2024,552401126,1,9,0,18,19,2,6,0,0,0,0,0,0,0,4,1,2,2,1,19,4,1198,1,19,VOLKSWAGEN POLO,6,E01015355,0,1
2024991472710,2024,991472710,1,9,0,-1,9,8,5,-1,0,6,0,0,0,0,3,1,-1,2,2,23,5,999,1,5,VOLKSWAGEN POLO,4,-1,0,2
2024302400351,2024,302400351,1,9,0,18,19,2,6,0,0,0,0,0,0,0,1,1,6,6,1,58,9,999,1,1,VOLKSWAGEN POLO,-1,-1,0,-1
2024610006224,2024,610006224,2,9,0,18,19,8,4,0,0,8,0,0,0,0,1,1,6,6,1,38,7,1198,1,12,VOLKSWAGEN POLO,1,W01001386,0,1
2024221482467,2024,221482467,1,9,0,-1,19,8,4,-1,0,4,0,0,0,0,3,1,-1,6,2,21,5,1390,1,12,VOLKSWAGEN POLO,7,E01035083,0,3
2024340NN3272,2024,340NN3272,2,9,0,-1,19,7,3,-1,0,0,1,0,5,6,1,1,-1,6,1,66,10,999,1,5,VOLKSWAGEN POLO,6,E01027326,0,2
2024131468042,2024,131468042,2,9,0,-1,19,1,5,-1,0,0,0,0,0,0,1,1,-1,1,2,21,5,1390,1,12,VOLKSWAGEN POLO,1,E01010739,0,3
2024061398822,2024,061398822,1,9,-1,-1,-1,-1,-1,-1,-1,-1,-1,-1,-1,0,-1,9,-1,6,3,-1,-1,1390,1,12,VOLKSWAGEN POLO,-1,-1,0,-1
2024111426055,2024,111426055,1,9,0,-1,6,1,5,-1,0,0,0,0,0,0,1,1,-1,6,2,44,7,999,1,5,VOLKSWAGEN POLO,6,E01020654,0,1
2024361415796,2024,361415796,1,9,0,-1,19,5,1,-1,0,0,0,0,1,10,1,1,-1,9,1,31,6,1900,2,18,VOLKSWAGEN POLO,6,E01026757,0,3
2024451504652,2024,451504652,1,9,0,-1,19,6,8,-1,0,6,0,0,0,0,3,1,-1,9,2,76,11,1390,1,16,VOLKSWAGEN POLO,10,E01030379,0,2
2024451441541,2024,451441541,2,9,0,-1,2,0,0,-1,0,1,0,0,0,0,2,1,-1,6,-1,-1,-1,999,1,9,VOLKSWAGEN POLO,-1,-1,0,-1
2024010529667,2024,010529667,1,9,0,18,19,6,2,0,0,1,0,0,0,0,2,1,6,6,1,23,5,1190,1,14,VOLKSWAGEN POLO,3,E01000222,0,2
2024010505216,2024,010505216,2,9,0,18,19,3,7,0,0,0,0,0,0,0,1,1,6,6,1,30,6,1198,1,16,VOLKSWAGEN POLO,9,E01004179,0,1
2024411437264,2024,411437264,1,9,0,-1,3,3,7,-1,0,4,0,0,0,0,2,1,-1,6,1,19,4,999,1,7,VOLKSWAGEN POLO,4,E01001518,0,2
2024010500791,2024,010500791,2,9,9,99,99,9,9,99,99,9,9,99,9,99,9,9,6,6,3,-1,-1,999,1,3,VOLKSWAGEN POLO,2,E01002877,0,1
2024052400728,2024,052400728,2,9,0,9,9,7,4,0,0,6,0,4,0,0,3,1,6,6,2,54,8,999,1,3,VOLKSWAGEN POLO,4,E01006846,0,1
2024010532113,2024,010532113,2,9,0,3,3,2,6,0,0,0,0,0,0,0,1,1,6,6,2,22,5,999,1,7,VOLKSWAGEN POLO,5,E01023677,0,3
2024361497618,2024,361497618,2,9,0,-1,19,8,4,-1,0,0,0,0,0,0,1,1,-1,2,2,34,6,1595,2,14,VOLKSWAGEN POLO,3,E01026602,0,1
2024461439580,2024,461439580,2,9,0,-1,19,6,2,-1,0,1,0,0,0,0,1,1,-1,9,2,39,7,1390,1,16,VOLKSWAGEN POLO,5,E01024231,0,3
2024221507018,2024,221507018,2,9,0,-1,19,3,7,-1,0,0,0,0,0,0,3,1,-1,6,2,40,7,1390,1,14,VOLKSWAGEN POLO,3,E01009857,0,3
2024610054924,2024,610054924,2,9,0,4,4,2,6,0,0,0,0,0,0,0,1,1,6,6,2,41,7,1598,2,14,VOLKSWAGEN POLO,1,W01001400,0,1
2024501397379,2024,501397379,1,9,0,-1,5,5,1,-1,0,0,0,0,0,0,1,1,-1,2,2,23,5,1198,1,19,VOLKSWAGEN POLO,8,E01015098,0,1
2024131527133,2024,131527133,1,9,0,-1,5,7,3,-1,0,0,0,0,0,0,4,1,-1,6,2,21,5,999,1,4,VOLKSWAGEN POLO,5,E01011666,0,1
2024991455790,2024,991455790,1,9,0,-1,19,8,3,-1,0,1,0,0,0,0,1,1,-1,9,1,18,4,999,1,3,VOLKSWAGEN POLO,1,-1,0,1
2024070787851,2024,070787851,1,9,0,-1,4,3,7,-1,0,0,0,0,0,0,2,9,-1,6,2,25,5,999,1,5,VOLKSWAGEN POLO,5,E01007152,0,2
2024010493979,2024,010493979,1,9,9,10,10,9,9,99,99,5,9,99,9,99,9,9,6,6,2,31,6,999,1,8,VOLKSWAGEN POLO,7,E01002912,0,1
2024440497745,2024,440497745,2,9,0,18,19,8,4,0,0,1,0,0,0,0,1,1,6,6,1,-1,-1,1198,1,12,VOLKSWAGEN POLO,-1,-1,0,-1
2024361468295,2024,361468295,2,9,0,-1,19,7,3,-1,0,0,1,0,0,0,4,1,-1,2,2,36,7,1198,1,18,VOLKSWAGEN POLO,3,E01026632,0,4
2024991495785,2024,991495785,1,9,0,-1,19,3,7,-1,0,0,5,0,2,0,1,1,-1,9,1,17,4,999,1,8,VOLKSWAGEN POLO,7,-1,0,3
2024010514230,2024,010514230,2,9,0,3,3,1,5,0,0,1,0,0,0,0,2,1,6,6,1,25,5,1390,1,21,VOLKSWAGEN POLO,5,E01017084,0,5
2024522403137,2024,522403137,1,9,0,18,19,5,1,0,0,0,0,0,0,0,1,1,6,6,1,24,5,1197,1,10,VOLKSWAGEN POLO,5,E01026726,0,5
2024041511137,2024,041511137,1,9,0,-1,19,3,7,-1,0,0,0,11,7,4,1,1,-1,6,1,19,4,1198,1,13,VOLKSWAGEN POLO,10,E01025278,0,1
2024547867224,2024,547867224,1,9,0,18,19,2,6,0,0,0,5,0,1,10,1,1,6,6,1,19,4,1198,1,11,VOLKSWAGEN POLO,6,E01032076,0,3
2024451518379,2024,451518379,1,9,0,-1,19,1,4,-1,0,6,1,10,0,0,4,1,-1,2,2,33,6,1198,1,12,VOLKSWAGEN POLO,9,E01030545,0,2
2024061516767,2024,061516767,1,9,0,-1,19,7,4,-1,0,8,0,0,7,0,1,1,-1,6,1,19,4,1198,1,16,VOLKSWAGEN POLO,2,E01006274,0,1
2024311459054,2024,311459054,2,9,0,-1,3,7,3,-1,0,1,0,0,0,0,3,1,-1,6,1,18,4,1198,1,14,VOLKSWAGEN POLO,6,E01028295,0,2
2024311404561,2024,311404561,2,9,0,-1,19,5,1,-1,0,1,0,0,0,0,3,1,-1,2,1,42,7,1198,1,13,VOLKSWAGEN POLO,7,E01028293,0,4
2024440479139,2024,440479139,1,9,0,18,19,5,1,0,0,0,1,0,7,4,3,1,2,2,1,18,4,1198,1,15,VOLKSWAGEN POLO,4,E01031859,0,4
2024201488475,2024,201488475,1,9,0,-1,19,4,8,-1,0,0,0,4,7,10,1,1,-1,2,2,24,5,1390,1,12,VOLKSWAGEN POLO,4,E01009243,0,1
2024340WN3302,2024,340WN3302,2,9,0,-1,4,5,1,-1,0,1,0,0,0,0,2,1,-1,9,1,18,4,999,1,9,VOLKSWAGEN POLO,3,E01027196,0,1
2024161395653,2024,161395653,2,9,0,-1,19,5,1,-1,0,0,0,0,0,0,1,1,-1,2,1,22,5,1798,1,9,VOLKSWAGEN POLO,-1,-1,0,-1
2024010495108,2024,010495108,1,9,0,10,10,1,6,0,0,6,0,0,0,0,1,1,6,6,1,70,10,1198,1,10,VOLKSWAGEN POLO,3,E01032583,0,3
2024501451424,2024,501451424,1,9,0,-1,19,2,6,-1,0,0,5,0,2,10,4,1,-1,6,1,18,4,1200,1,20,VOLKSWAGEN POLO,4,E01018754,0,1
2024010510302,2024,010510302,1,9,0,17,19,6,2,0,0,2,1,4,0,0,1,1,2,2,1,23,5,1198,1,17,VOLKSWAGEN POLO,2,E01001840,0,1
2024991458014,2024,991458014,3,9,0,-1,19,2,6,-1,0,0,0,0,0,0,2,1,-1,9,2,25,5,999,1,5,VOLKSWAGEN POLO,5,-1,0,2
2024061527166,2024,061527166,1,9,0,-1,5,1,1,-1,0,1,0,0,0,0,1,1,-1,6,2,69,10,999,1,8,VOLKSWAGEN POLO,-1,-1,0,-1
2024440277388,2024,440277388,1,9,0,17,19,1,5,0,0,0,0,0,0,0,4,1,6,6,1,17,4,1198,1,13,VOLKSWAGEN POLO,8,E01022586,0,1
2024041456492,2024,041456492,1,9,0,-1,5,3,7,-1,0,6,0,0,0,0,1,1,-1,9,1,79,11,999,1,7,VOLKSWAGEN POLO,8,E01025436,0,1
2024440042285,2024,440042285,2,9,0,4,4,8,4,0,0,0,0,0,0,0,2,1,6,6,1,23,5,1197,1,8,VOLKSWAGEN POLO,7,E01033286,0,4
2024451523268,2024,451523268,2,9,0,-1,13,7,3,-1,0,1,0,0,0,0,4,1,-1,6,2,74,10,999,1,4,VOLKSWAGEN POLO,4,E01030304,0,2
2024010509611,2024,010509611,1,9,0,99,99,9,9,99,99,0,9,99,9,99,9,9,6,6,1,22,5,1984,1,1,VOLKSWAGEN POLO,4,E01000974,0,1
2024311531502,2024,311531502,2,9,0,-1,19,3,7,-1,0,0,0,0,0,0,1,1,-1,6,2,22,5,1198,1,13,VOLKSWAGEN POLO,1,E01027965,0,1
2024547246324,2024,547246324,2,9,0,4,4,3,7,0,0,1,0,0,0,0,2,1,6,6,2,24,5,999,1,2,VOLKSWAGEN POLO,10,E01028719,0,2
2024161466615,2024,161466615,1,9,0,-1,19,3,5,-1,0,0,0,0,1,0,3,1,-1,9,2,22,5,1390,1,15,VOLKSWAGEN POLO,3,E01012784,0,1
2024522403353,2024,522403353,2,9,0,18,19,7,3,0,0,1,0,1,0,0,1,1,6,6,1,38,7,1199,2,11,VOLKSWAGEN POLO,4,W01001760,0,4
2024471394945,2024,471394945,1,9,0,-1,19,2,6,-1,0,0,0,0,0,0,1,1,-1,2,1,46,8,999,1,3,VOLKSWAGEN POLO,-1,-1,0,-1
2024070155287,2024,070155287,2,9,0,18,19,5,1,0,0,0,0,0,0,0,2,1,1,1,2,31,6,1198,1,14,VOLKSWAGEN POLO,1,E01006248,0,4
2024010548130,2024,010548130,1,9,0,9,9,7,5,0,0,4,0,0,0,0,2,1,6,6,1,70,10,1400,1,18,VOLKSWAGEN POLO,3,E01001203,0,1
2024542617724,2024,542617724,1,9,0,18,19,8,4,0,0,0,2,0,7,4,1,1,2,2,2,36,7,1422,2,20,VOLKSWAGEN POLO,6,E01022271,0,5
2024631481974,2024,631481974,2,9,0,-1,5,5,1,-1,0,8,0,0,0,0,1,1,-1,6,2,19,4,999,1,0,VOLKSWAGEN POLO,7,W01000731,0,3
2024522401854,2024,522401854,2,9,0,3,3,4,8,0,0,1,0,0,0,0,2,1,6,6,1,17,4,1198,1,12,VOLKSWAGEN POLO,9,E01031888,0,3
2024141469970,2024,141469970,3,9,0,-1,-1,1,5,-1,-1,0,0,0,0,0,2,1,-1,-1,1,22,5,999,1,9,VOLKSWAGEN POLO,5,E01008362,0,5
2024201459330,2024,201459330,1,9,9,-1,19,1,1,-1,0,0,9,99,0,0,1,9,-1,6,1,36,7,999,1,6,VOLKSWAGEN POLO,10,E01034655,0,4
2024430546332,2024,430546332,1,9,0,3,3,3,7,0,0,1,0,0,0,0,2,1,2,2,2,30,6,1390,1,13,VOLKSWAGEN POLO,8,E01017838,0,1
2024991443563,2024,991443563,2,9,0,-1,19,4,8,-1,0,8,0,0,0,0,3,1,-1,9,2,22,5,999,1,6,VOLKSWAGEN POLO,3,-1,0,3
2024430068702,2024,430068702,1,9,0,16,19,5,8,0,0,0,0,0,7,4,1,1,6,6,1,70,10,1598,2,14,VOLKSWAGEN POLO,7,E01028776,0,1
2024361393720,2024,361393720,1,9,0,-1,10,4,2,-1,0,6,0,0,1,0,1,1,-1,6,1,69,10,999,1,4,VOLKSWAGEN POLO,9,E01002242,0,5
2024340WN6942,2024,340WN6942,2,9,0,-1,9,4,2,-1,0,5,0,0,0,0,1,1,-1,2,1,61,9,1390,1,11,VOLKSWAGEN POLO,4,E01027187,0,1
2024631444712,2024,631444712,2,9,0,-1,10,5,3,-1,0,8,0,0,0,0,0,1,-1,6,1,46,8,999,1,1,VOLKSWAGEN POLO,3,W01000929,0,3
2024531470413,2024,531470413,1,9,0,-1,9,1,5,-1,0,8,0,0,0,0,4,1,-1,9,2,19,4,1198,1,13,VOLKSWAGEN POLO,8,E01027304,0,4
2024461413446,2024,461413446,3,9,0,-1,2,0,0,-1,9,0,0,0,0,0,2,1,-1,6,-1,-1,-1,1390,1,12,VOLKSWAGEN POLO,-1,-1,0,-1
2024622400453,2024,622400453,1,9,0,5,5,4,2,0,0,1,0,0,0,0,1,1,6,6,1,18,4,999,1,7,VOLKSWAGEN POLO,8,W01001658,0,1
2024131515097,2024,131515097,1,9,0,-1,15,1,5,-1,0,8,0,0,0,0,1,1,-1,2,2,27,6,999,1,0,VOLKSWAGEN POLO,6,E01010592,0,2
2024010510074,2024,010510074,1,9,0,1,1,5,1,0,0,0,0,0,0,0,2,1,6,6,3,-1,-1,999,1,2,VOLKSWAGEN POLO,-1,-1,0,-1
2024501412819,2024,501412819,1,9,0,-1,19,7,3,-1,0,0,1,0,7,0,1,1,-1,6,1,19,4,1198,1,16,VOLKSWAGEN POLO,4,E01018913,0,2
2024131498076,2024,131498076,1,9,0,-1,7,5,5,-1,0,8,0,0,0,0,1,1,-1,2,2,33,6,1390,1,15,VOLKSWAGEN POLO,1,E01011483,0,1
2024531500470,2024,531500470,1,9,0,-1,19,1,5,-1,0,4,0,0,0,0,1,1,-1,6,1,25,5,1197,1,7,VOLKSWAGEN POLO,8,E01022423,0,1
2024501420423,2024,501420423,2,9,0,-1,19,2,6,-1,0,0,0,0,0,0,2,1,-1,2,2,55,8,1390,1,13,VOLKSWAGEN POLO,5,E01020279,0,3
2024010550667,2024,010550667,4,9,0,18,19,7,3,0,0,0,0,0,0,0,2,1,6,6,2,24,5,1197,1,8,VOLKSWAGEN POLO,-1,-1,0,-1
2024010543366,2024,010543366,1,9,0,18,19,3,7,0,0,2,1,0,0,0,2,1,3,7,1,19,4,1390,1,21,VOLKSWAGEN POLO,-1,-1,0,-1
2024131431879,2024,131431879,2,9,0,-1,19,1,5,-1,0,0,0,0,0,0,3,1,-1,6,1,21,5,999,1,4,VOLKSWAGEN POLO,9,E01010589,0,1
2024201431465,2024,201431465,2,9,0,-1,19,8,4,-1,0,8,0,0,0,0,3,1,-1,9,2,66,10,999,1,1,VOLKSWAGEN POLO,5,E01009261,0,1
2024471503585,2024,471503585,1,9,0,-1,19,1,5,-1,0,1,0,0,0,0,1,1,-1,9,2,37,7,1400,1,19,VOLKSWAGEN POLO,6,E01031663,0,4
2024451515446,2024,451515446,2,9,0,-1,19,5,1,-1,0,0,0,0,0,0,2,1,-1,2,2,46,8,1390,1,22,VOLKSWAGEN POLO,8,E01004175,0,3
2024430578360,2024,430578360,1,9,0,3,3,6,2,0,0,0,0,0,0,0,2,1,2,2,2,22,5,999,1,9,VOLKSWAGEN POLO,10,E01017935,0,1
2024361420492,2024,361420492,1,9,0,-1,9,4,7,-1,0,3,0,0,0,0,3,1,-1,6,2,21,5,1422,2,10,VOLKSWAGEN POLO,3,E01018073,0,1
2024041430556,2024,041430556,2,9,0,-1,19,1,5,-1,0,0,0,0,0,0,3,1,-1,9,1,31,6,1984,1,4,VOLKSWAGEN POLO,6,E01024915,0,1
2024351472104,2024,351472104,1,9,-1,-1,-1,-1,-1,-1,-1,0,-1,-1,-1,0,-1,9,-1,6,1,71,10,1197,1,8,VOLKSWAGEN POLO,8,E01018277,0,3
2024411487056,2024,411487056,1,9,0,-1,4,3,7,-1,0,3,0,0,1,1,1,1,-1,9,1,23,5,1197,1,8,VOLKSWAGEN POLO,4,E01000287,0,1
2024131514726,2024,131514726,1,9,0,-1,19,7,3,-1,0,8,0,0,0,0,1,1,-1,1,2,44,7,1198,1,18,VOLKSWAGEN POLO,3,E01011488,0,1
2024041400828,2024,041400828,1,9,0,-1,19,4,8,-1,0,1,1,11,0,0,2,1,-1,2,1,23,5,1400,1,18,VOLKSWAGEN POLO,1,E01034232,0,4
2024320074014,2024,320074014,1,9,0,-1,-1,3,7,0,0,1,0,0,1,2,1,1,-1,-1,1,19,4,1390,1,20,VOLKSWAGEN POLO,7,E01026242,0,4
2024010524434,2024,010524434,1,9,0,4,4,7,3,0,0,0,0,0,0,0,2,1,2,2,1,27,6,999,1,2,VOLKSWAGEN POLO,10,E01030671,0,3
2024471451194,2024,471451194,1,9,0,-1,19,1,5,-1,0,1,0,0,0,0,1,1,-1,9,2,17,4,1199,2,11,VOLKSWAGEN POLO,5,E01024038,0,4
2024061401649,2024,061401649,2,9,-1,-1,-1,-1,-1,-1,-1,0,-1,-1,-1,0,-1,1,-1,2,2,37,7,1197,1,8,VOLKSWAGEN POLO,-1,-1,0,-1
2024430185471,2024,430185471,1,9,0,18,19,2,6,0,0,1,0,10,0,0,1,1,2,2,1,21,5,999,1,9,VOLKSWAGEN POLO,3,E01016456,0,1
2024421447857,2024,421447857,3,9,0,-1,3,4,6,-1,0,1,0,0,0,0,3,1,-1,9,1,37,7,999,1,10,VOLKSWAGEN POLO,3,E01021871,0,2
2024131520992,2024,131520992,2,9,0,-1,4,5,1,-1,0,1,0,0,0,0,2,1,-1,9,1,25,5,1198,1,14,VOLKSWAGEN POLO,3,E01010669,0,1
2024221398523,2024,221398523,2,9,0,-1,4,5,1,-1,0,0,0,0,0,0,2,9,-1,6,2,48,8,1896,2,19,VOLKSWAGEN POLO,9,E01035059,0,2
2024201501657,2024,201501657,2,9,0,-1,19,8,4,-1,0,0,0,0,0,0,4,1,-1,6,2,32,6,999,1,8,VOLKSWAGEN POLO,3,E01009701,0,2
2024631489988,2024,631489988,1,9,0,-1,19,8,4,-1,0,0,5,0,2,11,1,1,-1,6,2,21,5,999,1,8,VOLKSWAGEN POLO,5,W01000599,0,1
2024451523385,2024,451523385,2,9,0,-1,19,7,3,-1,0,0,0,0,0,0,4,1,-1,1,1,21,5,1198,1,12,VOLKSWAGEN POLO,7,E01030659,0,2
202417L111224,2024,17L111224,2,9,0,-1,13,3,7,-1,0,0,5,0,0,0,1,1,-1,9,2,24,5,999,1,7,VOLKSWAGEN POLO,7,E01027626,0,2
2024302400733,2024,302400733,1,9,0,9,9,1,8,0,0,8,0,0,0,0,4,1,6,6,2,20,4,1390,1,11,VOLKSWAGEN POLO,8,E01019840,0,2
2024101510418,2024,101510418,2,9,0,-1,3,2,6,-1,0,0,0,0,0,0,2,1,-1,6,2,20,4,1198,1,12,VOLKSWAGEN POLO,5,E01008178,0,2
2024501503978,2024,501503978,1,9,0,-1,19,5,8,-1,0,0,2,0,0,0,1,1,-1,6,1,18,4,1198,1,19,VOLKSWAGEN POLO,4,E01018863,0,2
2024501405913,2024,501405913,2,9,0,-1,9,2,8,-1,0,1,0,0,0,0,4,9,-1,6,2,36,7,999,1,9,VOLKSWAGEN POLO,8,E01015097,0,1
2024231476473,2024,231476473,1,9,0,-1,19,6,2,-1,0,0,0,0,0,0,1,1,-1,6,1,30,6,1595,2,14,VOLKSWAGEN POLO,10,E01033062,0,4
2024320596547,2024,320596547,1,9,0,9,9,1,6,0,0,6,0,0,0,0,1,1,-1,-1,1,18,4,1390,1,20,VOLKSWAGEN POLO,5,E01026221,0,2
2024371472017,2024,371472017,1,9,0,-1,19,3,7,-1,0,8,0,0,0,0,4,1,-1,9,2,74,10,999,1,1,VOLKSWAGEN POLO,4,E01030295,0,1
2024122500088,2024,122500088,3,9,0,18,19,3,7,1,1,0,0,0,0,0,1,1,6,6,1,53,8,999,1,1,VOLKSWAGEN POLO,7,E01027739,0,3
2024311414482,2024,311414482,2,9,0,-1,19,7,3,-1,0,0,0,0,0,0,2,1,-1,2,2,25,5,1198,1,11,VOLKSWAGEN POLO,10,E01028356,0,3
2024041483899,2024,041483899,3,9,0,-1,19,1,5,-1,0,0,0,0,0,0,2,1,-1,9,1,24,5,999,1,5,VOLKSWAGEN POLO,5,E01025573,0,3
2024471448439,2024,471448439,1,9,0,-1,19,6,4,-1,0,0,1,0,0,0,1,1,-1,9,1,18,4,999,1,5,VOLKSWAGEN POLO,8,E01032041,0,4
2024430439311,2024,430439311,2,9,0,1,1,7,3,0,0,0,0,0,0,0,2,1,6,6,1,80,11,999,1,0,VOLKSWAGEN POLO,-1,-1,0,-1
2024201401366,2024,201401366,2,9,0,-1,19,1,1,-1,0,0,0,0,0,0,2,9,-1,6,1,53,8,1198,1,14,VOLKSWAGEN POLO,-1,-1,0,-1
2024010544329,2024,010544329,2,9,0,9,9,5,3,0,0,6,0,0,1,0,4,1,1,1,2,30,6,1400,1,18,VOLKSWAGEN POLO,-1,-1,0,-1
2024041513210,2024,041513210,1,9,0,-1,14,1,5,-1,0,0,5,4,0,0,1,1,-1,9,1,86,11,1198,1,14,VOLKSWAGEN POLO,9,E01025148,0,3
2024010512160,2024,010512160,1,9,0,9,9,3,2,0,0,6,0,0,0,0,1,1,6,6,1,31,6,1400,1,17,VOLKSWAGEN POLO,3,E01000184,0,1
2024991448724,2024,991448724,1,9,0,-1,19,2,7,-1,0,0,0,0,0,0,1,1,-1,9,1,28,6,1197,1,9,VOLKSWAGEN POLO,3,-1,0,2
2024031425870,2024,031425870,1,9,0,-1,-1,-1,-1,-1,-1,-1,-1,-1,-1,0,-1,1,-1,6,2,20,4,1390,1,14,VOLKSWAGEN POLO,-1,-1,0,-1
2024010498180,2024,010498180,2,9,0,99,99,9,9,99,99,9,9,99,9,99,9,9,6,6,3,38,7,1198,1,21,VOLKSWAGEN POLO,6,E01002668,0,1
2024311527347,2024,311527347,1,9,0,-1,3,8,2,-1,0,1,0,0,0,0,2,1,-1,6,1,19,4,1400,1,18,VOLKSWAGEN POLO,7,E01019656,0,3
2024131492130,2024,131492130,1,9,0,-1,6,3,5,-1,0,8,0,0,0,0,3,1,-1,6,2,-1,-1,1197,1,9,VOLKSWAGEN POLO,-1,-1,0,-1
2024440232506,2024,440232506,1,9,0,9,9,6,4,0,0,8,0,0,4,0,3,1,6,6,2,21,5,1198,1,19,VOLKSWAGEN POLO,9,E01031858,0,4
2024552400555,2024,552400555,2,9,0,2,2,0,0,0,0,0,0,0,0,0,2,1,6,6,1,59,9,1198,1,15,VOLKSWAGEN POLO,9,E01015322,0,1
2024430180150,2024,430180150,1,9,0,18,19,6,2,0,0,0,0,0,0,0,1,1,4,7,1,17,4,999,1,3,VOLKSWAGEN POLO,8,E01016780,0,3
2024161403624,2024,161403624,2,9,0,-1,5,1,1,-1,0,0,0,0,0,0,4,1,-1,9,2,25,5,1198,1,13,VOLKSWAGEN POLO,3,E01012943,0,1
2024131509437,2024,131509437,1,9,0,-1,9,5,1,-1,0,2,0,0,0,0,1,1,-1,2,2,20,4,1390,1,13,VOLKSWAGEN POLO,1,E01011426,0,1
2024440101122,2024,440101122,4,9,0,18,19,4,8,0,0,0,1,0,0,0,1,1,6,6,2,27,6,1390,1,21,VOLKSWAGEN POLO,7,E01032024,0,4
2024461509687,2024,461509687,2,9,0,-1,19,3,7,-1,0,1,0,0,0,0,4,1,-1,9,1,48,8,1198,1,13,VOLKSWAGEN POLO,4,E01004392,0,4
2024440337803,2024,440337803,2,9,0,9,9,5,3,0,0,1,0,0,0,0,1,1,6,6,1,19,4,999,1,6,VOLKSWAGEN POLO,3,E01017179,0,1
2024451422601,2024,451422601,1,9,0,-1,19,7,3,-1,0,0,0,0,0,0,3,1,-1,6,1,18,4,1422,1,18,VOLKSWAGEN POLO,7,E01031603,0,4
2024461467774,2024,461467774,1,9,0,-1,19,1,5,-1,0,8,0,0,0,0,1,9,-1,6,2,20,4,999,1,8,VOLKSWAGEN POLO,9,E01024068,0,1
2024421507149,2024,421507149,2,9,0,-1,3,5,1,-1,0,4,0,0,0,0,2,1,-1,6,1,37,7,999,1,5,VOLKSWAGEN POLO,8,E01015965,0,1
2024111407752,2024,111407752,1,9,0,-1,9,8,5,-1,0,8,0,0,0,0,3,1,-1,9,2,37,7,999,1,1,VOLKSWAGEN POLO,2,E01020768,0,1
2024010492706,2024,010492706,2,9,0,18,19,5,1,0,0,0,0,0,0,0,1,1,6,6,2,18,4,1390,1,12,VOLKSWAGEN POLO,5,E01021769,0,3