collision_index,collision_year,collision_ref_no,vehicle_reference,vehicle_type,towing_and_articulation,vehicle_manoeuvre_historic,vehicle_manoeuvre,vehicle_direction_from,vehicle_direction_to,vehicle_location_restricted_lane_historic,vehicle_location_restricted_lane,junction_location,skidding_and_overturning,hit_object_in_carriageway,vehicle_leaving_carriageway,hit_object_off_carriageway,first_point_of_impact,vehicle_left_hand_drive,journey_purpose_of_driver_historic,journey_purpose_of_driver,sex_of_driver,age_of_driver,age_band_of_driver,engine_capacity_cc,propulsion_code,age_of_vehicle,generic_make_model,driver_imd_decile,lsoa_of_driver,escooter_flag,driver_distance_banding
2024501428682,2024,501428682,1,9,0,-1,4,3,7,-1,0,1,0,0,0,0,1,1,-1,2,2,24,5,1400,1,17,VOLKSWAGEN POLO,2,E01015182,0,2
2024421453681,2024,421453681,1,9,0,-1,19,5,1,-1,0,0,0,0,1,4,1,1,-1,9,1,18,4,1798,1,9,VOLKSWAGEN POLO,3,E01021588,0,2
2024101467012,2024,101467012,2,9,0,-1,3,4,8,-1,0,8,0,0,0,0,2,1,-1,6,1,25,5,1198,1,11,VOLKSWAGEN POLO,1,E01008398,0,1
2024340WN5982,2024,340WN5982,3,9,0,-1,8,5,7,-1,0,1,0,0,0,0,1,1,-1,2,1,24,5,1198,1,15,VOLKSWAGEN POLO,8,E01027296,0,1
2024131457038,2024,131457038,2,9,0,-1,3,8,4,-1,0,0,0,0,0,0,2,1,-1,9,2,46,8,1390,1,13,VOLKSWAGEN POLO,8,E01011581,0,3
2024010516583,2024,010516583,2,9,0,18,19,7,3,0,0,1,0,0,0,0,2,1,6,6,2,65,9,999,1,3,VOLKSWAGEN POLO,6,E01029919,0,4
2024531440052,2024,531440052,1,9,0,-1,9,1,5,-1,0,1,0,0,0,0,3,1,-1,9,1,29,6,1197,1,11,VOLKSWAGEN POLO,2,E01022131,0,3
2024010544570,2024,010544570,1,9,0,99,99,9,9,99,99,9,9,99,9,99,2,9,2,2,2,20,4,999,1,10,VOLKSWAGEN POLO,1,E01001410,0,1
2024131468929,2024,131468929,1,9,0,-1,19,7,7,-1,0,0,0,0,0,0,4,1,-1,9,1,35,6,1197,1,10,VOLKSWAGEN POLO,1,E01011423,0,1
2024211467342,2024,211467342,1,9,0,-1,19,7,3,-1,0,0,0,0,0,0,1,1,-1,9,1,36,7,1197,1,7,VOLKSWAGEN POLO,4,E01029472,0,1
2024461492439,2024,461492439,1,9,0,-1,12,8,4,-1,0,0,0,0,0,0,1,1,-1,2,2,70,10,1781,1,18,VOLKSWAGEN POLO,5,E01016149,0,2
2024461409774,2024,461409774,1,9,0,-1,5,7,3,-1,0,0,0,0,0,0,4,9,-1,6,1,86,11,1197,1,7,VOLKSWAGEN POLO,10,E01024755,0,1
2024041403231,2024,041403231,2,9,0,-1,5,7,1,-1,0,8,0,0,0,0,2,1,-1,1,2,25,5,999,1,9,VOLKSWAGEN POLO,8,E01025425,0,1
2024041462839,2024,041462839,1,9,0,-1,9,5,7,-1,0,8,0,0,0,0,1,1,-1,9,1,20,4,1422,2,15,VOLKSWAGEN POLO,4,E01025459,0,1
2024010540907,2024,010540907,1,9,0,9,9,8,7,0,0,5,0,0,0,0,4,1,6,6,1,18,4,1198,1,12,VOLKSWAGEN POLO,6,E01002433,0,1
2024061492051,2024,061492051,1,9,0,-1,19,1,5,-1,0,0,0,0,0,0,1,1,-1,6,1,27,6,1199,2,13,VOLKSWAGEN POLO,3,E01005312,0,1
2024471478579,2024,471478579,1,9,0,-1,3,1,5,-1,0,1,0,0,0,0,1,1,-1,9,1,21,5,1198,1,19,VOLKSWAGEN POLO,6,E01016927,0,1
2024471456401,2024,471456401,2,9,0,-1,19,5,1,-1,1,1,0,0,0,0,1,1,-1,9,2,78,11,999,1,8,VOLKSWAGEN POLO,4,E01020952,0,2
2024451451361,2024,451451361,1,9,0,-1,19,1,5,-1,0,2,0,0,0,0,1,1,-1,2,1,23,5,1198,1,16,VOLKSWAGEN POLO,10,E01030509,0,1
2024610047724,2024,610047724,1,9,0,2,2,0,0,0,0,0,0,0,0,0,2,1,6,6,1,18,4,1198,1,10,VOLKSWAGEN POLO,1,W01001400,0,1
2024010513650,2024,010513650,1,9,0,-1,-1,1,5,0,0,1,0,0,0,0,1,1,2,2,2,68,10,1400,1,18,VOLKSWAGEN POLO,5,E01001407,0,2
2024501428422,2024,501428422,2,9,0,-1,19,7,3,-1,0,2,0,0,0,0,3,1,-1,9,1,29,6,1422,2,9,VOLKSWAGEN POLO,4,E01020087,0,3
2024010513922,2024,010513922,2,9,0,2,2,0,0,0,0,0,0,0,0,0,3,1,6,6,3,-1,-1,999,1,6,VOLKSWAGEN POLO,-1,-1,0,-1
2024302400146,2024,302400146,1,9,0,18,19,3,7,0,0,0,0,0,0,0,3,1,1,1,2,32,6,1390,1,20,VOLKSWAGEN POLO,4,E01013525,0,1
2024361408208,2024,361408208,1,9,0,-1,19,7,3,-1,0,0,2,0,1,0,4,1,-1,9,2,17,4,999,1,1,VOLKSWAGEN POLO,5,E01018062,0,4
2024421444168,2024,421444168,1,9,0,-1,19,3,5,-1,0,0,0,0,0,0,1,1,-1,7,1,17,4,1198,1,11,VOLKSWAGEN POLO,9,E01021456,0,1
2024361473962,2024,361473962,1,9,0,-1,12,7,3,-1,0,0,0,0,0,0,0,1,-1,2,2,26,6,999,1,4,VOLKSWAGEN POLO,5,E01026877,0,3
2024471520666,2024,471520666,3,9,0,-1,3,2,6,-1,0,0,0,0,0,0,1,1,-1,2,1,54,8,1390,1,15,VOLKSWAGEN POLO,5,E01016974,0,1
2024061476703,2024,061476703,1,9,0,-1,19,4,8,-1,0,0,1,0,0,0,1,1,-1,9,1,18,4,999,1,5,VOLKSWAGEN POLO,10,E01004805,0,1
2024531531858,2024,531531858,1,9,0,-1,19,1,3,-1,0,2,0,0,0,0,1,1,-1,9,2,76,11,1197,1,9,VOLKSWAGEN POLO,10,E01022208,0,4
2024122400703,2024,122400703,1,9,0,18,19,7,3,0,0,0,0,0,0,0,1,1,2,2,1,22,5,1395,1,8,VOLKSWAGEN POLO,9,E01027859,0,1
2024010542903,2024,010542903,1,9,0,13,13,5,1,0,0,2,0,0,0,0,1,1,6,6,1,19,4,999,1,0,VOLKSWAGEN POLO,-1,-1,0,-1
2024320696889,2024,320696889,2,9,0,-1,-1,3,7,0,0,8,0,0,1,9,1,1,-1,-1,2,19,4,999,1,6,VOLKSWAGEN POLO,7,E01013322,0,1
2024371413776,2024,371413776,2,9,0,-1,9,7,5,-1,0,3,0,0,0,0,4,9,-1,9,1,22,5,1390,1,14,VOLKSWAGEN POLO,5,E01030105,0,1
2024141463966,2024,141463966,2,9,0,-1,2,0,0,-1,0,0,0,0,0,0,1,1,-1,6,-1,-1,-1,1197,1,11,VOLKSWAGEN POLO,-1,-1,0,-1
2024340NN3332,2024,340NN3332,3,9,0,-1,2,0,0,-1,0,8,0,0,0,0,3,1,-1,2,3,-1,-1,1198,1,10,VOLKSWAGEN POLO,-1,-1,0,-1
2024421441994,2024,421441994,1,9,0,-1,19,5,1,-1,0,0,0,0,0,0,3,1,-1,6,1,18,4,999,1,0,VOLKSWAGEN POLO,2,E01035163,0,2
2024010519346,2024,010519346,1,9,0,99,99,9,9,99,99,9,9,99,9,99,2,9,6,6,1,24,5,1198,1,13,VOLKSWAGEN POLO,8,E01001924,0,1
2024201517133,2024,201517133,1,9,0,-1,3,5,1,-1,9,1,0,0,0,0,1,1,-1,6,1,36,7,999,1,5,VOLKSWAGEN POLO,5,E01010418,0,1
2024522402454,2024,522402454,1,9,0,6,6,9,9,0,0,0,0,0,0,0,3,1,6,6,1,22,5,1422,2,9,VOLKSWAGEN POLO,10,E01014967,0,1
2024010526958,2024,010526958,2,9,0,99,99,9,9,99,99,9,9,99,9,99,9,9,6,6,3,-1,-1,1197,1,9,VOLKSWAGEN POLO,1,E01001562,0,1
2024430015220,2024,430015220,1,9,0,18,19,2,6,0,0,0,0,0,0,0,1,1,2,2,2,31,6,1390,1,20,VOLKSWAGEN POLO,10,E01028455,0,2
2024041532874,2024,041532874,1,9,0,-1,19,5,1,-1,0,0,0,0,0,0,1,1,-1,6,1,72,10,999,1,0,VOLKSWAGEN POLO,9,E01024983,0,1
2024141533412,2024,141533412,4,9,0,-1,2,0,0,-1,0,0,0,0,0,0,2,1,-1,6,-1,-1,-1,1390,1,20,VOLKSWAGEN POLO,-1,-1,0,-1
2024351414530,2024,351414530,2,9,0,-1,19,6,2,-1,0,1,0,0,0,0,1,1,-1,9,1,18,4,1422,2,9,VOLKSWAGEN POLO,2,E01026716,0,2
2024320369973,2024,320369973,1,9,0,9,9,1,7,0,0,6,0,0,0,0,3,1,-1,-1,1,17,4,1198,1,17,VOLKSWAGEN POLO,7,E01026251,0,1
2024991551100,2024,991551100,1,9,0,-1,13,6,2,-1,0,0,2,0,0,0,3,2,-1,9,1,22,5,1798,1,8,VOLKSWAGEN POLO,-1,-1,0,-1
2024461485260,2024,461485260,2,9,0,-1,9,7,5,-1,0,3,0,0,0,0,4,1,-1,9,2,19,4,999,1,7,VOLKSWAGEN POLO,8,E01021230,0,2
2024461411921,2024,461411921,2,9,0,-1,8,2,4,-1,0,1,0,0,0,0,3,9,-1,2,2,30,6,1197,1,7,VOLKSWAGEN POLO,4,E01016077,0,3
2024101448292,2024,101448292,1,9,0,-1,9,3,1,-1,0,2,0,0,0,0,1,1,-1,9,2,19,4,1198,1,11,VOLKSWAGEN POLO,9,E01027497,0,1
2024401512207,2024,401512207,1,9,0,-1,-1,-1,-1,-1,-1,0,-1,-1,-1,0,-1,1,-1,6,1,22,5,999,1,2,VOLKSWAGEN POLO,10,E01027205,0,4
2024501522950,2024,501522950,3,9,0,-1,19,3,7,-1,0,0,0,0,0,0,2,1,-1,6,1,17,4,1390,1,13,VOLKSWAGEN POLO,8,E01015034,0,1
2024010544856,2024,010544856,1,9,0,18,19,1,5,0,0,8,0,0,0,0,1,1,6,6,2,40,7,1197,1,7,VOLKSWAGEN POLO,5,E01002059,0,1
2024421514931,2024,421514931,1,9,0,-1,19,3,7,-1,0,8,0,0,0,0,1,1,-1,2,1,24,5,1197,1,9,VOLKSWAGEN POLO,8,E01034089,0,1
2024501488465,2024,501488465,2,9,0,-1,4,8,4,-1,0,1,0,4,0,0,2,1,-1,6,2,71,10,1798,1,8,VOLKSWAGEN POLO,5,E01018849,0,3
2024010534715,2024,010534715,1,9,0,18,19,7,3,0,0,3,1,10,0,0,1,1,6,6,1,24,5,1198,1,15,VOLKSWAGEN POLO,-1,-1,0,-1
2024421467180,2024,421467180,1,9,0,-1,19,7,3,-1,0,0,0,0,2,11,1,1,-1,6,1,33,6,1390,1,23,VOLKSWAGEN POLO,3,E01015839,0,1
2024361494673,2024,361494673,2,9,0,-1,9,8,7,-1,0,1,0,0,0,0,2,1,-1,9,1,39,7,999,1,1,VOLKSWAGEN POLO,10,E01026927,0,1
2024991534833,2024,991534833,1,9,0,-1,19,8,4,-1,0,1,0,0,0,0,3,1,-1,9,1,18,4,1198,1,16,VOLKSWAGEN POLO,4,-1,0,3
2024501516233,2024,501516233,1,9,0,-1,19,1,5,-1,0,8,1,0,7,1,1,1,-1,6,1,19,4,1390,1,17,VOLKSWAGEN POLO,3,E01019076,0,1
2024010544741,2024,010544741,1,9,0,99,99,9,9,99,99,9,9,99,9,99,1,9,6,6,1,25,5,1390,1,14,VOLKSWAGEN POLO,8,E01003225,0,1
2024131447272,2024,131447272,1,9,0,-1,19,5,1,-1,0,8,0,0,0,0,1,1,-1,6,2,-1,-1,1199,2,13,VOLKSWAGEN POLO,-1,-1,0,-1
2024041492042,2024,041492042,1,9,0,-1,7,1,5,-1,0,2,0,0,0,0,4,1,-1,9,2,25,5,1197,1,9,VOLKSWAGEN POLO,1,E01025382,0,1
2024451509214,2024,451509214,1,9,0,-1,19,8,4,-1,0,1,0,0,0,0,1,1,-1,9,2,18,4,999,1,2,VOLKSWAGEN POLO,6,E01030629,0,4
2024201533772,2024,201533772,1,9,0,-1,19,2,6,-1,0,0,0,10,0,0,1,1,-1,1,3,-1,-1,999,1,0,VOLKSWAGEN POLO,-1,-1,0,-1
2024010542113,2024,010542113,1,9,0,5,5,1,5,0,0,1,0,0,0,0,2,1,6,6,1,25,5,1198,1,10,VOLKSWAGEN POLO,6,E01002586,0,2
2024421453142,2024,421453142,2,9,0,-1,7,4,5,-1,0,8,0,0,1,0,2,9,-1,6,1,17,4,1390,1,14,VOLKSWAGEN POLO,10,E01021483,0,1
2024231486712,2024,231486712,2,9,0,-1,9,8,6,-1,0,5,0,0,0,0,2,1,-1,6,2,45,7,1422,2,16,VOLKSWAGEN POLO,6,E01035022,0,1
2024061427687,2024,061427687,2,9,0,-1,4,8,8,-1,0,1,1,0,0,0,3,1,-1,6,2,49,8,1422,2,17,VOLKSWAGEN POLO,2,E01005337,0,1
2024461455032,2024,461455032,1,9,0,-1,10,2,8,-1,0,1,0,0,0,0,1,1,-1,9,2,19,4,1198,1,12,VOLKSWAGEN POLO,4,E01024132,0,1
2024041429034,2024,041429034,1,9,0,-1,9,3,7,-1,0,8,0,0,0,0,1,1,-1,6,1,22,5,1198,1,13,VOLKSWAGEN POLO,2,E01012580,0,1
2024052400275,2024,052400275,1,9,0,18,19,3,7,0,0,1,0,0,0,0,1,1,6,6,2,24,5,999,1,4,VOLKSWAGEN POLO,8,E01012530,0,3
2024461450864,2024,461450864,2,9,0,-1,19,3,7,-1,0,1,0,0,0,0,1,1,-1,6,1,38,7,999,1,8,VOLKSWAGEN POLO,6,E01024833,0,1
2024461491613,2024,461491613,1,9,0,-1,19,1,3,-1,0,0,0,0,0,0,1,1,-1,6,1,17,4,1198,1,12,VOLKSWAGEN POLO,8,E01024744,0,1
2024061491983,2024,061491983,2,9,0,-1,10,3,1,-1,0,1,0,0,0,0,2,1,-1,9,2,26,6,1198,1,14,VOLKSWAGEN POLO,8,E01005862,0,2
2024302500173,2024,302500173,3,9,0,-1,2,0,0,-1,0,1,0,0,0,0,2,1,-1,6,3,-1,-1,999,1,5,VOLKSWAGEN POLO,-1,-1,0,-1
2024041483606,2024,041483606,1,9,0,-1,19,5,1,-1,0,0,0,0,0,0,1,1,-1,9,1,21,5,999,1,6,VOLKSWAGEN POLO,5,E01012645,0,1
2024231515673,2024,231515673,1,9,0,-1,19,4,8,-1,0,0,0,0,1,4,1,9,-1,2,1,19,4,1197,1,9,VOLKSWAGEN POLO,9,E01031151,0,1
2024201470892,2024,201470892,1,9,0,-1,19,3,7,-1,0,8,0,0,0,0,1,1,-1,6,2,19,4,1198,1,20,VOLKSWAGEN POLO,10,E01010199,0,1
2024631490666,2024,631490666,1,9,0,-1,19,3,7,-1,0,0,0,0,0,0,1,1,-1,9,1,19,4,1198,1,14,VOLKSWAGEN POLO,7,W01000474,0,2
2024111411330,2024,111411330,1,9,0,-1,1,2,6,-1,0,0,0,0,0,0,4,1,-1,9,1,17,4,999,1,1,VOLKSWAGEN POLO,3,E01012340,0,1
2024041460984,2024,041460984,1,9,0,-1,12,5,1,-1,0,0,0,0,0,0,2,1,-1,9,1,64,9,999,1,0,VOLKSWAGEN POLO,6,E01028700,0,5
2024211441383,2024,211441383,1,9,0,-1,19,5,6,-1,0,8,0,0,0,0,3,1,-1,9,1,30,6,1198,1,10,VOLKSWAGEN POLO,2,E01000526,0,5
2024010542354,2024,010542354,2,9,0,9,9,8,6,0,0,1,0,0,0,0,2,1,6,6,1,93,11,1390,1,21,VOLKSWAGEN POLO,10,E01030408,0,1
2024131450759,2024,131450759,1,9,0,-1,19,5,5,-1,0,0,5,10,0,0,1,1,-1,9,2,24,5,1197,1,10,VOLKSWAGEN POLO,8,E01011151,0,1
2024501409994,2024,501409994,1,9,0,-1,9,5,3,-1,0,8,1,0,1,0,3,1,-1,6,2,80,11,1198,1,12,VOLKSWAGEN POLO,4,E01018846,0,1
2024501441657,2024,501441657,1,9,0,-1,19,7,3,-1,0,0,0,0,0,0,1,1,-1,6,1,21,5,1390,1,16,VOLKSWAGEN POLO,3,E01018993,0,1
2024471439952,2024,471439952,1,9,0,-1,19,4,8,-1,0,1,0,0,0,0,1,1,-1,2,2,56,9,1390,1,12,VOLKSWAGEN POLO,9,E01031706,0,1
2024010491093,2024,010491093,4,9,0,2,2,0,0,0,0,0,0,0,0,0,2,1,6,6,3,-1,-1,1390,1,13,VOLKSWAGEN POLO,-1,-1,0,-1
2024471478577,2024,471478577,2,9,0,-1,19,5,2,-1,0,6,0,0,0,0,3,1,-1,9,1,19,4,1390,1,13,VOLKSWAGEN POLO,6,E01035327,0,1
2024141407335,2024,141407335,1,9,0,-1,19,2,6,-1,0,0,0,0,0,0,4,1,-1,9,1,47,8,1197,1,7,VOLKSWAGEN POLO,1,E01007873,0,1
2024010546807,2024,010546807,1,9,0,9,9,1,6,0,0,1,0,0,0,0,1,1,6,6,1,66,10,999,1,4,VOLKSWAGEN POLO,10,E01004477,0,1
2024131523413,2024,131523413,2,9,0,-1,19,3,7,-1,0,8,0,0,1,1,1,1,-1,2,2,57,9,999,1,2,VOLKSWAGEN POLO,7,E01010587,0,2
2024371439285,2024,371439285,1,9,0,-1,19,5,1,-1,0,1,0,0,0,0,1,1,-1,6,2,78,11,1598,2,14,VOLKSWAGEN POLO,7,E01030096,0,3
2024041407711,2024,041407711,2,9,0,-1,19,3,7,-1,0,8,0,0,0,0,4,1,-1,2,2,24,5,999,1,3,VOLKSWAGEN POLO,6,E01025418,0,2
2024461513224,2024,461513224,1,9,0,-1,19,3,5,-1,0,0,0,0,1,0,1,1,-1,9,2,81,11,1390,1,16,VOLKSWAGEN POLO,7,E01000693,0,3
2024131502239,2024,131502239,2,9,0,-1,19,6,2,-1,0,8,0,0,0,0,1,1,-1,6,3,-1,-1,1198,1,20,VOLKSWAGEN POLO,-1,-1,0,-1
2024320663316,2024,320663316,2,9,0,9,9,8,6,0,0,5,0,0,0,0,4,1,-1,-1,1,20,4,1198,1,15,VOLKSWAGEN POLO,5,E01032159,0,5
2024622400808,2024,622400808,1,9,0,9,9,8,6,0,0,1,0,0,0,0,1,1,6,6,1,22,5,999,1,5,VOLKSWAGEN POLO,4,W01001401,0,3
2024070753553,2024,070753553,1,9,0,-1,19,8,4,-1,0,0,0,0,0,0,3,1,-1,6,2,19,4,999,1,10,VOLKSWAGEN POLO,4,E01012405,0,1
2024332400363,2024,332400363,2,9,0,-1,2,0,0,-1,0,0,0,0,0,0,3,1,-1,6,3,-1,-1,1199,2,10,VOLKSWAGEN POLO,-1,-1,0,-1
2024440259090,2024,440259090,1,9,0,13,13,6,2,0,0,0,0,0,0,0,4,1,2,2,1,19,4,1197,1,8,VOLKSWAGEN POLO,9,E01022882,0,1
2024471432641,2024,471432641,1,9,0,-1,8,3,6,-1,0,4,0,0,0,0,2,1,-1,9,2,59,9,1198,1,11,VOLKSWAGEN POLO,8,E01031617,0,2
2024471469377,2024,471469377,1,9,0,-1,19,5,1,-1,0,0,0,0,0,0,2,1,-1,2,2,47,8,999,1,3,VOLKSWAGEN POLO,10,E01031681,0,3
2024131525044,2024,131525044,2,9,0,-1,4,3,7,-1,0,0,0,0,0,0,2,1,-1,6,2,31,6,999,1,5,VOLKSWAGEN POLO,10,E01011458,0,1
2024991440880,2024,991440880,1,9,0,-1,7,8,2,-1,0,6,0,0,0,0,1,1,-1,6,2,59,9,1198,1,13,VOLKSWAGEN POLO,9,-1,0,1
2024302401428,2024,302401428,1,9,0,18,19,1,5,0,0,1,0,0,0,0,1,1,2,2,1,36,7,1198,1,11,VOLKSWAGEN POLO,9,E01019825,0,1
2024340WN1652,2024,340WN1652,2,9,0,-1,19,5,1,-1,0,8,0,0,0,0,3,1,-1,9,2,27,6,1197,1,9,VOLKSWAGEN POLO,2,E01027198,0,1
2024501396154,2024,501396154,2,9,0,-1,19,7,3,-1,0,0,1,0,0,0,1,9,-1,2,1,53,8,1984,1,5,VOLKSWAGEN POLO,8,E01020120,0,1
2024010525557,2024,010525557,1,9,0,17,19,1,5,0,0,0,0,0,0,0,1,1,6,6,2,71,10,999,1,0,VOLKSWAGEN POLO,6,E01003279,0,1
2024991466631,2024,991466631,1,9,0,-1,19,2,6,-1,0,0,0,0,2,0,1,1,-1,9,1,26,6,1197,1,7,VOLKSWAGEN POLO,2,E01005817,0,5
2024052401624,2024,052401624,1,9,0,9,9,6,3,0,0,8,0,0,0,0,4,1,1,1,1,27,6,1197,1,7,VOLKSWAGEN POLO,4,E01007102,0,1
2024052400347,2024,052400347,1,9,0,18,19,1,5,0,0,0,0,0,0,0,1,1,6,6,1,21,5,999,1,0,VOLKSWAGEN POLO,2,E01006656,0,1
2024531491079,2024,531491079,1,9,0,-1,5,3,1,-1,0,6,0,0,0,0,3,1,-1,9,2,74,10,1400,1,17,VOLKSWAGEN POLO,-1,-1,0,-1
2024131474881,2024,131474881,1,9,0,-1,9,5,3,-1,0,1,0,0,0,0,1,1,-1,2,1,28,6,999,1,5,VOLKSWAGEN POLO,7,E01010905,0,3
2024131407009,2024,131407009,1,9,0,-1,9,6,2,-1,9,1,0,0,0,0,1,1,-1,9,2,21,5,999,1,1,VOLKSWAGEN POLO,1,E01011364,0,1
2024351543068,2024,351543068,2,9,0,-1,19,4,8,-1,0,1,0,0,7,0,4,1,-1,2,2,22,5,999,1,10,VOLKSWAGEN POLO,10,E01033426,0,2
2024320319663,2024,320319663,1,9,0,-1,-1,6,2,0,0,6,0,0,1,1,1,1,6,6,1,18,4,999,1,6,VOLKSWAGEN POLO,7,E01026251,0,1
2024461527211,2024,461527211,3,9,0,-1,2,0,0,-1,0,2,0,0,0,0,1,1,-1,9,1,22,5,1390,1,13,VOLKSWAGEN POLO,6,E01024716,0,1
2024522401235,2024,522401235,1,9,0,18,19,1,5,0,0,8,0,0,0,0,3,1,6,6,2,41,7,999,1,6,VOLKSWAGEN POLO,6,E01014679,0,1
2024451457803,2024,451457803,1,9,0,-1,19,6,2,-1,0,1,0,0,0,0,2,1,-1,9,1,19,4,1197,1,9,VOLKSWAGEN POLO,8,E01030965,0,1
2024131425437,2024,131425437,3,9,0,-1,19,5,1,-1,0,0,0,0,0,0,1,1,-1,2,2,21,5,999,1,3,VOLKSWAGEN POLO,10,E01030870,0,5
2024522403186,2024,522403186,2,9,0,18,19,5,1,0,0,6,0,0,0,0,1,1,6,6,2,18,4,999,1,6,VOLKSWAGEN POLO,10,E01014912,0,2
2024440156122,2024,440156122,1,9,0,18,19,4,8,0,0,0,0,0,0,0,1,1,6,6,1,74,10,1198,1,16,VOLKSWAGEN POLO,4,E01017312,0,1
2024501492341,2024,501492341,2,9,0,-1,19,5,1,-1,0,0,0,0,0,0,1,1,-1,6,1,-1,-1,1984,1,1,VOLKSWAGEN POLO,-1,-1,0,-1
2024501395296,2024,501395296,2,9,0,-1,19,5,1,-1,0,8,0,0,0,0,4,9,-1,9,1,61,9,999,1,7,VOLKSWAGEN POLO,4,E01015178,0,1
2024631469038,2024,631469038,1,9,0,-1,7,2,5,-1,0,8,1,0,3,10,1,1,-1,6,1,23,5,1422,2,16,VOLKSWAGEN POLO,6,W01000698,0,1
2024041442796,2024,041442796,1,9,0,-1,19,5,1,-1,0,0,0,0,0,0,1,1,-1,9,1,72,10,1400,1,18,VOLKSWAGEN POLO,5,E01025243,0,3
2024430525516,2024,430525516,2,9,0,18,19,8,4,0,0,1,0,0,0,0,1,1,6,6,1,-1,-1,1390,1,14,VOLKSWAGEN POLO,-1,-1,0,-1
2024010509826,2024,010509826,2,9,0,10,10,7,4,0,0,1,0,0,0,0,1,1,6,6,2,48,8,999,1,6,VOLKSWAGEN POLO,6,E01002433,0,2
2024522401846,2024,522401846,3,9,0,18,19,4,8,0,0,0,0,0,0,0,1,1,6,6,1,21,5,1197,1,13,VOLKSWAGEN POLO,4,W01000636,0,5
2024421416758,2024,421416758,2,9,0,-1,19,3,7,-1,0,0,0,0,0,0,2,1,-1,6,1,46,8,1390,1,21,VOLKSWAGEN POLO,10,E01021243,0,2
2024471452034,2024,471452034,1,9,0,-1,3,4,8,-1,0,4,0,0,0,0,2,9,-1,6,1,38,7,999,1,0,VOLKSWAGEN POLO,9,E01035343,0,3
2024522403004,2024,522403004,1,9,0,18,19,3,7,0,0,0,0,0,0,0,1,1,6,6,1,43,7,1390,1,16,VOLKSWAGEN POLO,4,E01014991,0,1
2024320328354,2024,320328354,1,9,0,-1,-1,6,2,0,0,0,0,4,0,0,1,1,-1,-1,2,77,11,1390,1,10,VOLKSWAGEN POLO,8,E01026262,0,1
2024451397797,2024,451397797,1,9,0,-1,9,3,1,-1,0,8,0,0,0,0,1,1,-1,9,1,23,5,999,1,4,VOLKSWAGEN POLO,6,E01001073,0,2
2024991502229,2024,991502229,2,9,0,-1,9,3,8,-1,0,4,0,0,0,0,1,1,-1,6,1,20,4,999,1,5,VOLKSWAGEN POLO,4,-1,0,1
2024010533100,2024,010533100,1,9,0,99,99,9,9,99,99,9,9,99,9,99,9,9,6,6,3,51,8,1190,1,12,VOLKSWAGEN POLO,4,E01002629,0,1
2024111470315,2024,111470315,2,9,0,-1,19,1,5,-1,0,3,0,0,7,0,1,1,-1,9,2,19,4,999,1,7,VOLKSWAGEN POLO,4,E01020887,0,3
2024471471856,2024,471471856,1,9,0,-1,20,7,3,-1,0,5,0,0,7,2,1,1,-1,9,1,89,11,999,1,3,VOLKSWAGEN POLO,10,E01031803,0,1
2024552400485,2024,552400485,2,9,0,18,19,8,4,0,0,8,0,0,1,10,1,1,6,6,1,49,8,1198,1,17,VOLKSWAGEN POLO,1,E01015309,0,3
2024430043335,2024,430043335,1,9,0,18,19,6,2,0,0,1,0,0,0,0,1,1,6,6,1,20,4,1198,1,22,VOLKSWAGEN POLO,10,E01028613,0,1
2024471472960,2024,471472960,1,9,0,-1,11,3,7,-1,0,0,1,4,0,0,4,1,-1,9,2,22,5,1390,1,22,VOLKSWAGEN POLO,7,E01022569,0,4
2024430540106,2024,430540106,1,9,0,18,19,8,4,0,0,3,1,10,1,4,1,1,6,6,1,23,5,1400,1,18,VOLKSWAGEN POLO,5,E01017900,0,1
2024010506666,2024,010506666,2,9,0,99,99,9,9,99,99,2,9,99,9,99,9,9,6,6,3,-1,-1,1390,1,14,VOLKSWAGEN POLO,-1,-1,0,-1
2024531439061,2024,531439061,1,9,0,-1,19,1,5,-1,0,0,0,0,0,0,1,1,-1,6,1,58,9,1198,1,20,VOLKSWAGEN POLO,2,E01022332,0,3
2024201509489,2024,201509489,1,9,0,-1,19,2,6,-1,0,1,0,0,0,0,1,1,-1,9,1,34,6,1390,1,15,VOLKSWAGEN POLO,2,E01033630,0,1
2024201505050,2024,201505050,1,9,0,-1,19,6,2,-1,2,8,0,0,0,0,1,1,-1,1,1,27,6,999,1,1,VOLKSWAGEN POLO,1,E01009301,0,2
2024411469249,2024,411469249,1,9,0,-1,19,3,7,-1,0,0,0,0,0,0,1,1,-1,9,2,19,4,999,1,0,VOLKSWAGEN POLO,7,E01023776,0,4
2024131488480,2024,131488480,3,9,0,-1,19,8,4,-1,0,0,0,0,0,0,1,1,-1,9,1,18,4,999,1,9,VOLKSWAGEN POLO,10,E01011132,0,1
202454B837524,2024,54B837524,1,9,0,18,19,4,8,0,0,0,0,0,0,0,1,1,6,6,2,26,6,999,1,2,VOLKSWAGEN POLO,4,E01032113,0,4
2024461476573,2024,461476573,2,9,0,-1,19,3,7,-1,0,2,0,0,0,0,1,1,-1,9,2,92,11,1198,1,15,VOLKSWAGEN POLO,3,E01024552,0,1
2024991496000,2024,991496000,1,9,0,-1,19,7,3,-1,0,0,0,0,0,0,1,1,-1,6,1,20,4,1198,1,13,VOLKSWAGEN POLO,3,-1,0,1