collision_index,collision_year,collision_ref_no,vehicle_reference,vehicle_type,towing_and_articulation,vehicle_manoeuvre_historic,vehicle_manoeuvre,vehicle_direction_from,vehicle_direction_to,vehicle_location_restricted_lane_historic,vehicle_location_restricted_lane,junction_location,skidding_and_overturning,hit_object_in_carriageway,vehicle_leaving_carriageway,hit_object_off_carriageway,first_point_of_impact,vehicle_left_hand_drive,journey_purpose_of_driver_historic,journey_purpose_of_driver,sex_of_driver,age_of_driver,age_band_of_driver,engine_capacity_cc,propulsion_code,age_of_vehicle,generic_make_model,driver_imd_decile,lsoa_of_driver,escooter_flag,driver_distance_banding
2024451534661,2024,451534661,2,9,0,-1,19,5,5,-1,0,0,0,0,0,0,1,1,-1,9,1,29,6,999,1,6,VOLKSWAGEN POLO,10,E01031729,0,1
2024542594424,2024,542594424,1,9,0,18,19,7,3,0,0,6,0,0,0,0,3,1,2,2,2,44,7,1197,1,9,VOLKSWAGEN POLO,9,E01015586,0,2
2024161414198,2024,161414198,1,9,0,-1,4,5,1,-1,0,2,0,0,0,0,2,9,-1,6,2,19,4,999,1,6,VOLKSWAGEN POLO,10,E01013043,0,2
2024340NN0602,2024,340NN0602,1,9,0,-1,19,6,2,-1,0,0,0,4,0,0,1,1,-1,6,1,28,6,1197,1,8,VOLKSWAGEN POLO,-1,-1,0,-1
2024351521119,2024,351521119,2,9,0,-1,2,0,0,-1,0,0,0,0,0,0,2,1,-1,6,-1,-1,-1,1422,2,7,VOLKSWAGEN POLO,-1,-1,0,-1
2024131492192,2024,131492192,1,9,0,-1,9,7,1,-1,0,8,0,0,0,0,3,1,-1,6,2,43,7,1199,2,12,VOLKSWAGEN POLO,2,E01011259,0,1
2024302401423,2024,302401423,2,9,0,18,19,5,1,0,0,0,0,0,0,0,2,1,6,6,1,31,6,1984,1,6,VOLKSWAGEN POLO,5,E01019689,0,3
2024131402596,2024,131402596,1,9,0,-1,19,1,5,-1,0,0,0,0,0,0,1,1,-1,6,3,-1,-1,1198,1,11,VOLKSWAGEN POLO,-1,-1,0,-1
2024501498021,2024,501498021,1,9,0,-1,19,4,8,-1,0,0,5,0,1,4,4,1,-1,2,2,18,4,1198,1,14,VOLKSWAGEN POLO,9,E01020158,0,1
2024461489815,2024,461489815,2,9,0,-1,19,5,1,-1,0,0,0,0,0,0,2,1,-1,9,1,23,5,1197,1,10,VOLKSWAGEN POLO,4,E01000428,0,4
2024991484494,2024,991484494,3,9,0,-1,19,6,2,-1,0,0,0,0,0,0,2,1,-1,9,1,56,9,999,1,1,VOLKSWAGEN POLO,-1,-1,0,-1
2024332400623,2024,332400623,2,9,0,-1,19,4,8,-1,0,0,0,0,0,0,2,1,-1,2,1,37,7,1390,1,22,VOLKSWAGEN POLO,5,E01025865,0,1
2024622400206,2024,622400206,1,9,0,18,19,8,4,0,0,1,0,0,0,0,2,1,6,6,2,24,5,1984,1,6,VOLKSWAGEN POLO,4,W01001148,0,1
2024520401337,2024,520401337,2,9,0,2,2,0,0,0,0,0,0,0,0,0,2,1,6,6,3,-1,-1,1390,1,15,VOLKSWAGEN POLO,-1,-1,0,-1
202460Q122394,2024,60Q122394,2,9,0,18,19,3,7,0,0,8,0,0,0,0,2,1,2,2,2,28,6,999,1,7,VOLKSWAGEN POLO,-1,-1,0,-1
2024332400501,2024,332400501,1,9,0,-1,19,5,1,-1,0,0,0,0,0,0,1,1,-1,1,1,34,6,1198,1,14,VOLKSWAGEN POLO,3,E01013656,0,1
2024430007946,2024,430007946,2,9,0,18,19,6,2,0,0,8,0,0,0,0,1,1,6,6,2,33,6,999,1,6,VOLKSWAGEN POLO,8,E01028716,0,1
2024522500043,2024,522500043,3,9,0,18,19,6,2,0,0,8,0,0,0,0,2,1,6,6,1,25,5,999,1,2,VOLKSWAGEN POLO,7,E01014922,0,2
2024101453221,2024,101453221,1,9,0,-1,5,5,1,-1,0,4,0,0,0,0,1,1,-1,9,2,39,7,999,1,9,VOLKSWAGEN POLO,6,E01008685,0,1
2024141493301,2024,141493301,1,9,0,-1,19,4,8,-1,0,8,0,0,0,0,2,1,-1,9,2,37,7,1400,2,17,VOLKSWAGEN POLO,1,E01007790,0,3
2024201408521,2024,201408521,1,9,0,-1,19,8,2,-1,0,1,0,10,7,1,1,9,-1,6,1,22,5,1197,1,9,VOLKSWAGEN POLO,2,E01008939,0,2
2024421445416,2024,421445416,2,9,0,-1,3,6,2,-1,0,1,0,0,0,0,2,1,-1,9,2,19,4,999,1,3,VOLKSWAGEN POLO,10,E01021384,0,2
2024131434955,2024,131434955,1,9,0,-1,19,5,1,-1,0,2,0,0,0,0,4,1,-1,9,1,33,6,1395,1,10,VOLKSWAGEN POLO,2,E01011123,0,2
2024451521329,2024,451521329,1,9,0,-1,1,1,5,-1,0,0,0,0,0,0,2,1,-1,9,2,90,11,999,1,8,VOLKSWAGEN POLO,10,E01030514,0,1
2024622400474,2024,622400474,2,9,0,18,19,3,7,0,0,0,0,0,1,6,2,1,6,6,1,59,9,1198,1,10,VOLKSWAGEN POLO,9,W01001968,0,3
2024201523405,2024,201523405,1,9,0,-1,3,2,6,-1,0,1,0,0,0,0,2,1,-1,6,1,24,5,999,1,3,VOLKSWAGEN POLO,-1,-1,0,-1
2024461494096,2024,461494096,3,9,0,-1,2,0,0,-1,0,0,0,0,0,0,1,1,-1,6,-1,-1,-1,1197,1,9,VOLKSWAGEN POLO,-1,-1,0,-1
2024061406659,2024,061406659,1,9,-1,-1,14,-1,-1,-1,0,-1,0,0,0,0,4,9,-1,6,3,-1,-1,999,1,6,VOLKSWAGEN POLO,-1,-1,0,-1
2024440288207,2024,440288207,1,9,0,18,19,1,5,0,0,8,0,0,0,0,1,1,6,6,1,-1,-1,999,1,5,VOLKSWAGEN POLO,-1,-1,0,-1
2024430094237,2024,430094237,1,9,0,18,19,4,8,0,0,2,0,0,0,0,1,1,2,2,2,50,8,1198,1,18,VOLKSWAGEN POLO,2,E01016396,0,1
2024522403174,2024,522403174,1,9,0,18,19,2,6,0,0,8,0,0,0,0,3,1,6,6,2,19,4,1198,1,18,VOLKSWAGEN POLO,6,E01017827,0,5
2024010531745,2024,010531745,1,9,0,-1,-1,3,7,0,0,2,0,0,0,0,4,1,2,2,2,64,9,999,1,0,VOLKSWAGEN POLO,7,E01001313,0,1
2024411535808,2024,411535808,2,9,0,-1,4,7,3,-1,0,0,0,0,0,0,2,1,-1,6,2,32,6,999,1,6,VOLKSWAGEN POLO,3,E01001769,0,4
2024041525701,2024,041525701,1,9,0,-1,5,4,8,-1,0,8,0,0,0,0,3,1,-1,9,2,77,11,999,1,5,VOLKSWAGEN POLO,1,E01025154,0,1
2024010509236,2024,010509236,1,9,0,99,99,9,9,0,0,1,0,0,0,0,9,1,6,6,3,-1,-1,1390,1,15,VOLKSWAGEN POLO,-1,-1,0,-1
2024461437220,2024,461437220,2,9,0,-1,19,2,2,-1,0,1,0,0,0,0,4,1,-1,6,2,36,7,999,1,3,VOLKSWAGEN POLO,6,E01024180,0,1
202417S303324,2024,17S303324,1,9,0,18,19,5,1,0,0,1,0,0,0,0,1,1,6,6,2,21,5,1198,1,13,VOLKSWAGEN POLO,3,E01012287,0,1
202454D799824,2024,54D799824,1,9,0,17,19,4,1,0,0,0,1,0,0,0,4,1,2,2,2,28,6,1198,1,19,VOLKSWAGEN POLO,7,E01031842,0,1
2024320441694,2024,320441694,2,9,0,-1,-1,4,8,0,0,8,0,0,0,0,1,1,1,1,1,20,4,1197,1,10,VOLKSWAGEN POLO,10,E01026187,0,2
2024010504241,2024,010504241,2,9,9,99,99,9,9,99,99,9,9,99,9,99,9,9,6,6,3,-1,-1,1197,1,9,VOLKSWAGEN POLO,-1,-1,0,-1
2024010540022,2024,010540022,2,9,0,99,99,9,9,99,99,9,9,99,9,99,9,9,6,6,3,-1,-1,999,1,3,VOLKSWAGEN POLO,-1,-1,0,-1
2024320412565,2024,320412565,1,9,0,9,9,4,2,0,0,6,0,0,0,0,1,1,1,1,1,56,9,1395,1,8,VOLKSWAGEN POLO,7,E01026330,0,1
2024010503624,2024,010503624,1,9,0,9,9,1,7,0,0,8,0,0,0,0,4,1,6,6,1,65,9,1198,1,21,VOLKSWAGEN POLO,3,E01000032,0,1
2024010503372,2024,010503372,2,9,0,99,99,9,9,99,99,9,9,99,9,99,1,9,6,6,1,-1,-1,1198,1,11,VOLKSWAGEN POLO,-1,-1,0,-1
2024061412668,2024,061412668,1,9,0,-1,19,6,2,-1,0,0,0,0,0,0,1,9,-1,6,3,-1,-1,1198,1,17,VOLKSWAGEN POLO,-1,-1,0,-1
2024061436899,2024,061436899,2,9,-1,-1,-1,-1,-1,-1,-1,-1,-1,-1,-1,0,4,9,-1,6,3,26,6,999,1,8,VOLKSWAGEN POLO,2,E01005974,0,1
2024010512109,2024,010512109,1,9,0,4,4,5,1,0,0,1,0,0,0,0,0,1,2,2,2,49,8,1400,1,17,VOLKSWAGEN POLO,3,E01035695,0,1
2024010507552,2024,010507552,2,9,9,99,99,9,9,99,99,1,9,99,9,99,9,9,6,6,3,-1,-1,1390,1,14,VOLKSWAGEN POLO,-1,-1,0,-1
2024131492056,2024,131492056,2,9,0,-1,9,7,3,-1,0,0,0,7,0,0,1,1,-1,9,2,81,11,1197,1,9,VOLKSWAGEN POLO,6,E01011521,0,3
2024010534714,2024,010534714,2,9,0,18,19,3,7,0,0,6,0,0,0,0,1,1,6,6,1,23,5,999,1,1,VOLKSWAGEN POLO,3,E01034218,0,4
202454A716024,2024,54A716024,2,9,0,18,19,5,1,0,0,1,0,0,0,0,3,1,6,6,2,71,10,999,1,8,VOLKSWAGEN POLO,7,E01034552,0,2
2024451425885,2024,451425885,1,9,0,-1,4,1,1,-1,0,0,0,0,0,0,2,1,-1,9,1,50,8,1390,1,11,VOLKSWAGEN POLO,6,E01034292,0,3
2024320239564,2024,320239564,1,9,0,-1,-1,6,2,0,0,8,0,0,0,0,1,1,-1,-1,2,44,7,1390,1,21,VOLKSWAGEN POLO,-1,-1,0,-1
2024440147595,2024,440147595,1,9,0,9,9,4,1,0,0,5,1,0,0,0,4,1,6,6,1,19,4,999,1,6,VOLKSWAGEN POLO,7,E01023277,0,1
2024501397954,2024,501397954,2,9,0,-1,9,4,2,-1,0,8,0,0,0,0,1,1,-1,9,2,26,6,999,1,5,VOLKSWAGEN POLO,6,E01002875,0,5
2024052402482,2024,052402482,2,9,0,18,19,3,7,0,0,8,0,0,0,0,1,1,6,6,1,20,4,999,1,8,VOLKSWAGEN POLO,5,E01006978,0,1
2024010537320,2024,010537320,2,9,0,18,19,1,5,0,0,0,0,0,1,0,1,1,6,6,2,42,7,1198,1,13,VOLKSWAGEN POLO,8,E01001384,0,1
2024361473872,2024,361473872,2,9,0,-1,19,7,3,-1,0,0,0,0,0,0,2,1,-1,2,2,28,6,999,1,9,VOLKSWAGEN POLO,9,E01026871,0,3
2024991520633,2024,991520633,2,9,0,-1,19,3,7,-1,0,0,0,0,0,0,2,1,-1,9,1,52,8,1199,2,12,VOLKSWAGEN POLO,8,-1,0,2
2024010509731,2024,010509731,1,9,0,18,19,1,5,0,0,0,0,0,0,0,1,1,4,7,1,49,8,999,1,3,VOLKSWAGEN POLO,4,E01001763,0,1
2024332400851,2024,332400851,1,9,0,-1,12,6,2,-1,0,8,5,7,0,0,1,1,-1,6,1,19,4,999,1,3,VOLKSWAGEN POLO,2,E01013916,0,4
2024440293995,2024,440293995,1,9,0,18,19,7,3,0,0,0,0,12,0,0,1,1,6,6,2,20,4,1197,1,9,VOLKSWAGEN POLO,7,E01022992,0,1
2024411445556,2024,411445556,1,9,0,-1,19,1,5,-1,0,0,0,0,0,0,1,1,-1,2,2,20,4,999,1,8,VOLKSWAGEN POLO,7,E01023963,0,1
2024471477651,2024,471477651,2,9,0,-1,3,5,1,-1,0,0,1,0,0,0,2,1,-1,2,2,19,4,999,1,9,VOLKSWAGEN POLO,8,E01035341,0,2
2024061531216,2024,061531216,1,9,0,-1,5,3,1,-1,0,2,0,0,0,0,4,1,-1,2,2,37,7,1400,1,17,VOLKSWAGEN POLO,-1,-1,0,-1
2024421528433,2024,421528433,2,9,0,-1,4,8,4,-1,0,0,0,0,0,0,2,1,-1,9,2,22,5,1390,1,14,VOLKSWAGEN POLO,6,E01022096,0,4
2024010520710,2024,010520710,1,9,0,18,19,9,9,99,99,0,9,99,9,99,9,9,6,6,2,45,7,1390,1,22,VOLKSWAGEN POLO,1,E01000105,0,2
2024131529433,2024,131529433,1,9,0,-1,19,1,5,-1,0,0,0,0,7,10,1,1,-1,9,2,18,4,1197,1,9,VOLKSWAGEN POLO,3,E01010848,0,3
2024311552436,2024,311552436,1,9,0,-1,19,4,8,-1,0,0,1,0,2,0,0,1,-1,9,1,21,5,1900,2,17,VOLKSWAGEN POLO,3,E01028297,0,2
2024991509649,2024,991509649,1,9,0,-1,19,4,7,-1,0,1,0,0,0,0,1,1,-1,9,2,76,11,999,1,1,VOLKSWAGEN POLO,7,-1,0,3
2024070815008,2024,070815008,1,9,0,-1,5,1,5,-1,0,8,1,0,0,0,4,1,-1,6,2,66,10,999,1,1,VOLKSWAGEN POLO,-1,-1,0,-1
2024991482007,2024,991482007,1,9,0,-1,19,3,7,-1,0,0,1,0,1,4,1,1,-1,9,1,20,4,1198,1,22,VOLKSWAGEN POLO,6,-1,0,4
2024451423399,2024,451423399,1,9,0,-1,19,1,5,-1,0,0,5,11,1,7,4,1,-1,9,2,36,7,1598,2,11,VOLKSWAGEN POLO,8,E01030683,0,2
2024332400356,2024,332400356,2,9,0,-1,19,2,6,-1,0,0,0,0,0,0,1,1,-1,6,2,32,6,999,1,8,VOLKSWAGEN POLO,9,E01025860,0,1
2024231479057,2024,231479057,1,9,0,-1,19,3,7,-1,0,0,0,0,0,0,1,1,-1,2,2,71,10,999,1,4,VOLKSWAGEN POLO,2,E01008936,0,3
2024421495477,2024,421495477,1,9,0,-1,19,8,4,-1,0,1,1,0,0,0,1,1,-1,9,1,19,4,999,1,0,VOLKSWAGEN POLO,2,E01035163,0,1
2024411425235,2024,411425235,2,9,0,-1,19,8,5,-1,0,3,0,0,0,0,4,1,-1,6,2,45,7,1198,1,15,VOLKSWAGEN POLO,8,E01023312,0,1
2024161405961,2024,161405961,2,9,0,-1,19,1,1,-1,0,0,0,0,0,0,4,1,-1,6,3,-1,-1,1198,1,13,VOLKSWAGEN POLO,-1,-1,0,-1
2024440438646,2024,440438646,1,9,0,1,1,8,4,0,0,0,0,0,0,0,2,1,6,6,2,23,5,1390,1,17,VOLKSWAGEN POLO,2,E01017276,0,1
2024041431971,2024,041431971,2,9,0,-1,19,3,7,-1,0,0,0,0,0,0,1,1,-1,2,1,18,4,999,1,0,VOLKSWAGEN POLO,8,E01025358,0,1
2024052400742,2024,052400742,1,9,0,9,9,6,4,0,0,8,0,0,0,0,1,1,6,6,1,76,11,1198,1,13,VOLKSWAGEN POLO,3,E01006629,0,1
2024201435114,2024,201435114,1,9,0,-1,19,4,1,-1,0,2,2,10,1,10,1,9,-1,6,1,18,4,1198,1,12,VOLKSWAGEN POLO,2,E01009988,0,1
2024471449613,2024,471449613,2,9,0,-1,19,1,5,-1,0,1,9,0,0,0,2,1,-1,6,2,22,5,1390,1,22,VOLKSWAGEN POLO,9,E01031489,0,2
2024440309689,2024,440309689,1,9,0,4,4,3,7,0,0,1,0,0,0,0,2,1,2,2,1,29,6,1197,1,8,VOLKSWAGEN POLO,2,E01020348,0,3
2024461441506,2024,461441506,2,9,0,-1,19,0,0,-1,-1,2,0,0,0,0,2,1,-1,9,1,24,5,999,1,2,VOLKSWAGEN POLO,8,E01024438,0,2
2024501487295,2024,501487295,3,9,0,-1,4,5,1,-1,0,0,0,0,0,0,2,1,-1,6,1,34,6,1390,1,16,VOLKSWAGEN POLO,5,E01014573,0,5
2024471507712,2024,471507712,2,9,0,-1,4,5,1,-1,0,0,1,0,0,0,1,1,-1,2,1,24,5,1197,1,9,VOLKSWAGEN POLO,10,E01031425,0,2
2024302401100,2024,302401100,1,9,0,17,19,2,8,0,0,0,2,0,0,0,1,1,6,6,2,18,4,1395,1,8,VOLKSWAGEN POLO,9,E01019721,0,1
2024010549244,2024,010549244,3,9,0,-1,-1,7,3,0,0,0,0,0,0,0,3,1,6,6,1,28,6,1395,1,10,VOLKSWAGEN POLO,5,E01023546,0,3
2024451438472,2024,451438472,1,9,0,-1,19,5,1,-1,0,5,0,0,0,0,1,1,-1,2,2,44,7,1198,1,20,VOLKSWAGEN POLO,8,E01030529,0,3
2024451452270,2024,451452270,1,9,0,-1,19,1,5,-1,0,1,0,0,0,0,1,1,-1,9,2,72,10,999,1,7,VOLKSWAGEN POLO,9,E01030538,0,1
2024141423205,2024,141423205,2,9,0,-1,2,0,0,-1,0,0,0,0,0,0,2,1,-1,6,-1,-1,-1,1198,1,13,VOLKSWAGEN POLO,-1,-1,0,-1
2024122401308,2024,122401308,2,9,0,4,4,3,7,0,0,0,1,0,1,9,1,1,6,6,1,28,6,999,1,0,VOLKSWAGEN POLO,9,E01008043,0,4
2024010525386,2024,010525386,1,9,0,9,9,5,3,0,0,8,0,0,0,0,0,1,6,6,1,51,8,1390,1,14,VOLKSWAGEN POLO,-1,-1,0,-1
2024522402344,2024,522402344,2,9,0,3,3,6,2,0,0,1,0,0,0,0,2,1,6,6,2,29,6,999,1,5,VOLKSWAGEN POLO,10,E01014866,0,2
2024531509819,2024,531509819,2,9,0,-1,2,0,0,-1,0,0,0,0,0,0,2,9,-1,6,2,39,7,1198,1,14,VOLKSWAGEN POLO,6,E01022261,0,4
2024430041330,2024,430041330,2,9,0,18,19,1,5,0,0,1,0,7,0,0,1,1,6,6,2,63,9,999,1,7,VOLKSWAGEN POLO,2,E01016810,0,1
2024131509651,2024,131509651,1,9,0,-1,1,7,3,-1,0,0,0,0,0,0,2,1,-1,9,2,80,11,1390,1,12,VOLKSWAGEN POLO,10,E01010771,0,1
2024461527053,2024,461527053,2,9,0,-1,19,3,7,-1,0,0,0,0,0,0,1,1,-1,6,1,30,6,1390,1,17,VOLKSWAGEN POLO,5,E01024556,0,1
2024991520723,2024,991520723,1,9,0,-1,19,5,1,-1,0,0,1,0,0,0,1,1,-1,2,2,21,5,1197,1,9,VOLKSWAGEN POLO,1,-1,0,2
2024052500001,2024,052500001,1,9,0,9,9,5,3,0,0,8,0,0,0,0,1,1,6,6,2,25,5,999,1,1,VOLKSWAGEN POLO,7,E01006666,0,2
2024430152172,2024,430152172,2,9,0,16,19,1,4,0,0,8,0,0,0,0,1,1,6,6,1,20,4,1198,1,11,VOLKSWAGEN POLO,5,E01022520,0,3
2024332400760,2024,332400760,1,9,0,-1,19,5,1,-1,0,0,0,0,0,0,2,1,-1,2,2,27,6,1198,1,11,VOLKSWAGEN POLO,10,E01025712,0,2
2024201400943,2024,201400943,2,9,0,-1,4,6,8,-1,0,8,0,0,0,0,2,1,-1,6,1,24,5,999,1,1,VOLKSWAGEN POLO,1,E01009397,0,1
2024461437220,2024,461437220,1,9,0,-1,9,4,6,-1,0,8,0,0,0,0,1,1,-1,6,2,59,9,1198,1,18,VOLKSWAGEN POLO,-1,-1,0,-1
2024340WN5482,2024,340WN5482,1,9,0,-1,5,1,6,-1,0,3,0,0,0,0,1,1,-1,9,1,76,11,1198,1,13,VOLKSWAGEN POLO,2,E01027156,0,1
2024451504160,2024,451504160,1,9,0,-1,19,1,5,-1,0,4,0,0,0,0,1,1,-1,9,1,22,5,1390,1,17,VOLKSWAGEN POLO,4,E01030793,0,1
2024041474538,2024,041474538,1,9,0,-1,19,5,1,-1,0,0,2,0,1,11,1,1,-1,9,1,18,4,1197,1,14,VOLKSWAGEN POLO,6,E01025123,0,3
2024991435854,2024,991435854,2,9,0,-1,3,7,3,-1,0,1,0,0,0,0,2,1,-1,9,2,20,4,1198,1,16,VOLKSWAGEN POLO,9,-1,0,1
2024061426199,2024,061426199,1,9,0,-1,3,-1,-1,-1,0,4,0,0,0,0,2,1,-1,9,1,33,6,1798,1,8,VOLKSWAGEN POLO,2,E01004969,0,1
2024010511846,2024,010511846,2,9,0,9,9,5,3,0,0,8,0,0,0,0,1,1,6,6,2,24,5,999,1,3,VOLKSWAGEN POLO,7,E01000119,0,1
2024332400023,2024,332400023,2,9,0,-1,19,1,5,-1,0,0,0,0,0,0,2,1,-1,6,2,28,6,999,1,3,VOLKSWAGEN POLO,9,E01028119,0,4
2024131577268,2024,131577268,2,9,0,-1,10,5,7,-1,9,1,0,0,0,0,3,1,-1,6,2,19,4,999,1,9,VOLKSWAGEN POLO,7,E01011460,0,1
2024201411376,2024,201411376,1,9,0,-1,19,6,4,-1,0,1,0,0,0,0,1,9,-1,9,2,39,7,1198,1,14,VOLKSWAGEN POLO,-1,-1,0,-1
2024010519171,2024,010519171,1,9,0,18,19,3,7,0,0,0,0,0,0,0,1,1,6,6,2,43,7,1198,1,20,VOLKSWAGEN POLO,2,E01002151,0,2
2024131458233,2024,131458233,2,9,0,-1,9,7,5,-1,0,6,0,0,0,0,3,1,-1,9,2,39,7,1198,1,21,VOLKSWAGEN POLO,5,E01011821,0,1
2024451431679,2024,451431679,2,9,0,-1,19,5,1,-1,0,0,0,2,0,0,1,1,-1,9,2,21,5,1197,1,7,VOLKSWAGEN POLO,5,E01015617,0,5
2024332400962,2024,332400962,3,9,0,-1,19,5,1,-1,0,8,0,0,0,0,1,1,-1,2,1,36,7,999,1,2,VOLKSWAGEN POLO,9,E01025908,0,4
2024351486603,2024,351486603,1,9,0,-1,9,2,1,-1,0,0,1,0,7,0,4,1,-1,2,1,31,6,1422,2,21,VOLKSWAGEN POLO,7,E01018064,0,4
2024320037756,2024,320037756,1,9,0,-1,-1,8,4,0,0,0,0,0,0,0,1,1,1,1,2,21,5,999,1,6,VOLKSWAGEN POLO,5,E01026052,0,4
2024221417270,2024,221417270,1,9,0,-1,20,7,3,-1,0,2,0,4,0,0,1,9,-1,6,3,46,8,999,1,5,VOLKSWAGEN POLO,-1,-1,0,-1
2024010499508,2024,010499508,1,9,0,18,19,1,5,0,0,6,0,0,0,0,1,1,6,6,2,80,11,1197,1,7,VOLKSWAGEN POLO,8,E01000204,0,1
2024211499648,2024,211499648,2,9,0,-1,9,6,2,-1,0,0,0,0,7,0,1,1,-1,9,2,25,5,999,1,3,VOLKSWAGEN POLO,-1,-1,0,-1
2024302400241,2024,302400241,1,9,0,18,19,4,8,0,0,0,0,0,0,0,3,1,2,2,2,23,5,1198,1,14,VOLKSWAGEN POLO,3,E01013554,0,2
2024302400554,2024,302400554,1,8,0,18,19,2,6,0,0,0,0,0,0,0,1,1,6,6,3,-1,-1,1197,1,9,VOLKSWAGEN POLO,5,E01019456,0,4
2024471416560,2024,471416560,1,9,0,-1,7,3,7,-1,0,0,0,4,0,0,1,1,-1,6,1,20,4,1197,1,10,VOLKSWAGEN POLO,7,E01004626,0,4
2024520403323,2024,520403323,1,9,0,18,19,3,7,0,0,0,0,0,1,4,1,1,6,6,2,32,6,1198,1,17,VOLKSWAGEN POLO,8,E01029033,0,3
2024231429874,2024,231429874,1,9,0,-1,19,6,2,-1,0,0,0,0,0,0,4,9,-1,9,1,48,8,1197,1,9,VOLKSWAGEN POLO,7,E01035032,0,1
2024031470396,2024,031470396,1,9,0,-1,19,6,7,-1,0,0,0,0,7,0,1,1,-1,9,1,86,11,999,1,6,VOLKSWAGEN POLO,-1,-1,0,-1
2024010520418,2024,010520418,1,9,0,18,19,1,5,0,0,1,5,4,0,0,1,1,6,6,2,62,9,999,1,4,VOLKSWAGEN POLO,-1,-1,0,-1
2024411456787,2024,411456787,1,9,0,-1,19,8,4,-1,0,0,0,0,0,0,1,1,-1,6,2,57,9,1198,1,18,VOLKSWAGEN POLO,6,E01023723,0,3
2024311471233,2024,311471233,1,9,0,-1,4,7,3,-1,0,0,0,0,0,0,1,1,-1,2,2,26,6,999,1,9,VOLKSWAGEN POLO,2,E01019505,0,1
2024010501685,2024,010501685,1,9,0,10,10,1,6,0,0,1,0,0,0,0,1,1,6,6,1,37,7,999,1,5,VOLKSWAGEN POLO,1,E01002081,0,1
2024421487111,2024,421487111,1,9,0,-1,9,3,1,-1,0,1,0,0,0,0,1,1,-1,6,2,18,4,999,1,1,VOLKSWAGEN POLO,-1,-1,0,-1
2024010548352,2024,010548352,2,9,0,18,19,3,7,0,0,8,0,0,0,0,1,1,6,6,1,53,8,999,1,2,VOLKSWAGEN POLO,8,E01000828,0,1
2024401481760,2024,401481760,1,9,0,-1,19,5,1,-1,0,0,1,0,0,0,1,1,-1,6,2,45,7,1198,1,12,VOLKSWAGEN POLO,7,E01017578,0,1
2024010528175,2024,010528175,2,9,0,5,5,9,9,99,99,0,9,99,9,99,1,9,6,6,2,26,6,999,1,6,VOLKSWAGEN POLO,2,E01021270,0,4
2024131499997,2024,131499997,2,9,0,-1,2,0,0,-1,0,0,0,0,0,0,2,1,-1,6,-1,-1,-1,1390,1,22,VOLKSWAGEN POLO,-1,-1,0,-1
2024461402270,2024,461402270,1,9,0,-1,19,1,3,-1,0,0,5,4,0,0,1,9,-1,2,2,21,5,999,1,3,VOLKSWAGEN POLO,8,E01030822,0,2
2024010527080,2024,010527080,1,9,0,18,19,4,8,0,0,1,0,0,0,0,4,1,2,2,2,19,4,999,1,6,VOLKSWAGEN POLO,2,E01001479,0,2
2024061499726,2024,061499726,1,9,0,-1,19,4,8,-1,0,1,0,0,0,0,4,1,-1,2,2,40,7,1390,1,19,VOLKSWAGEN POLO,1,E01005527,0,1
2024430074479,2024,430074479,2,9,0,9,9,1,7,0,0,5,0,0,0,0,1,1,6,6,1,-1,-1,1200,1,12,VOLKSWAGEN POLO,5,E01000607,0,4
2024501451807,2024,501451807,2,9,0,-1,19,8,4,-1,0,0,0,0,0,0,3,1,-1,9,2,21,5,999,1,10,VOLKSWAGEN POLO,5,E01020057,0,1
2024421511412,2024,421511412,2,9,0,-1,5,7,3,-1,0,0,0,0,0,0,3,1,-1,6,2,23,5,999,1,9,VOLKSWAGEN POLO,5,E01015831,0,2
2024351533944,2024,351533944,2,9,0,-1,3,1,6,-1,0,0,0,0,0,0,3,1,-1,7,2,22,5,999,1,6,VOLKSWAGEN POLO,5,E01026728,0,4
2024131513281,2024,131513281,5,9,0,-1,2,5,5,-1,0,1,0,4,0,0,2,1,-1,6,-1,-1,-1,999,1,1,VOLKSWAGEN POLO,-1,-1,0,-1
2024371477590,2024,371477590,1,9,0,-1,5,3,2,-1,0,1,0,0,0,0,1,1,-1,9,2,18,4,1198,1,11,VOLKSWAGEN POLO,6,E01030005,0,1
2024440102566,2024,440102566,2,9,0,4,4,8,4,0,0,0,0,0,0,0,2,1,6,6,2,26,6,1197,1,8,VOLKSWAGEN POLO,6,E01033909,0,4
2024522401153,2024,522401153,2,9,0,17,19,8,6,0,0,8,0,0,0,0,1,1,6,6,1,32,6,999,1,3,VOLKSWAGEN POLO,8,E01014938,0,1
2024141533134,2024,141533134,1,9,0,-1,19,5,1,-1,9,2,0,0,7,11,1,1,-1,6,1,22,5,999,1,5,VOLKSWAGEN POLO,9,E01007984,0,1
2024451489723,2024,451489723,1,9,0,-1,10,7,2,-1,0,6,0,0,0,0,1,1,-1,1,2,25,5,1197,1,10,VOLKSWAGEN POLO,8,E01030478,0,2
2024010513743,2024,010513743,2,9,0,18,19,7,3,0,0,0,0,0,0,0,2,1,6,6,1,23,5,999,1,1,VOLKSWAGEN POLO,7,E01002171,0,1
2024141402734,2024,141402734,1,9,0,-1,7,4,2,-1,-1,0,1,0,7,9,4,1,-1,9,1,20,4,1198,1,16,VOLKSWAGEN POLO,3,E01028030,0,1
2024421436139,2024,421436139,1,9,0,-1,1,2,1,-1,0,8,0,0,0,0,3,1,-1,9,2,84,11,1390,1,15,VOLKSWAGEN POLO,10,E01023503,0,2
2024451404589,2024,451404589,2,9,0,-1,4,5,1,-1,0,1,0,0,0,0,1,1,-1,2,1,63,9,1197,1,8,VOLKSWAGEN POLO,9,E01030880,0,3