collision_index,collision_year,collision_ref_no,vehicle_reference,vehicle_type,towing_and_articulation,vehicle_manoeuvre_historic,vehicle_manoeuvre,vehicle_direction_from,vehicle_direction_to,vehicle_location_restricted_lane_historic,vehicle_location_restricted_lane,junction_location,skidding_and_overturning,hit_object_in_carriageway,vehicle_leaving_carriageway,hit_object_off_carriageway,first_point_of_impact,vehicle_left_hand_drive,journey_purpose_of_driver_historic,journey_purpose_of_driver,sex_of_driver,age_of_driver,age_band_of_driver,engine_capacity_cc,propulsion_code,age_of_vehicle,generic_make_model,driver_imd_decile,lsoa_of_driver,escooter_flag,driver_distance_banding
2024451511405,2024,451511405,1,9,0,-1,19,3,1,-1,0,0,0,0,0,0,1,9,-1,6,2,22,5,1984,1,0,VOLKSWAGEN POLO,6,E01030826,0,1
2024221454404,2024,221454404,1,9,0,-1,19,2,7,-1,0,0,0,0,0,0,1,1,-1,6,1,17,4,999,1,2,VOLKSWAGEN POLO,8,W01000403,0,3
2024311418265,2024,311418265,1,9,0,-1,9,3,7,-1,0,1,0,0,0,0,3,1,-1,6,1,19,4,1198,1,12,VOLKSWAGEN POLO,-1,-1,0,-1
2024520402278,2024,520402278,1,9,0,18,19,3,7,0,0,0,5,0,8,10,3,1,6,6,1,19,4,1198,1,15,VOLKSWAGEN POLO,4,E01020135,0,3
2024471406952,2024,471406952,1,9,0,-1,19,6,2,-1,0,0,0,0,0,0,1,1,-1,2,2,43,7,1896,2,19,VOLKSWAGEN POLO,3,E01020928,0,1
2024471536062,2024,471536062,1,9,0,-1,19,8,4,-1,0,0,0,4,0,0,1,1,-1,6,2,76,11,1198,1,18,VOLKSWAGEN POLO,9,E01024808,0,3
2024141459098,2024,141459098,1,9,0,-1,6,7,3,-1,0,8,0,0,0,0,1,1,-1,9,1,25,5,1984,1,4,VOLKSWAGEN POLO,1,E01008012,0,1
2024010558952,2024,010558952,1,9,0,99,99,9,9,99,99,0,9,99,9,99,2,9,1,1,2,31,6,999,1,8,VOLKSWAGEN POLO,2,E01000106,0,3
2024101438668,2024,101438668,1,9,0,-1,19,5,2,-1,0,8,0,0,0,0,1,1,-1,6,2,69,10,1390,1,16,VOLKSWAGEN POLO,1,E01008665,0,1
2024201458845,2024,201458845,1,9,0,-1,5,7,3,-1,0,0,0,0,0,0,1,9,-1,2,1,22,5,1390,1,10,VOLKSWAGEN POLO,1,E01009051,0,1
2024522401102,2024,522401102,1,9,0,18,19,5,1,0,0,2,0,0,0,0,1,1,6,6,1,36,7,1400,1,18,VOLKSWAGEN POLO,2,E01014799,0,1
2024430289222,2024,430289222,1,9,0,13,13,1,5,0,0,0,5,0,8,11,1,1,6,6,2,26,6,1197,1,9,VOLKSWAGEN POLO,7,E01034783,0,2
2024371533759,2024,371533759,1,9,0,-1,19,4,3,-1,0,0,0,0,0,0,1,1,-1,9,1,25,5,1198,1,21,VOLKSWAGEN POLO,6,E01030005,0,4
2024471487761,2024,471487761,1,9,0,-1,5,7,3,-1,0,6,0,0,0,0,1,1,-1,9,1,39,7,1197,1,7,VOLKSWAGEN POLO,7,E01031665,0,2
2024201473471,2024,201473471,1,9,0,-1,19,6,2,-1,0,0,1,0,0,0,1,1,-1,6,1,17,4,999,1,0,VOLKSWAGEN POLO,1,E01010375,0,1
2024501498353,2024,501498353,1,9,0,-1,9,1,7,-1,0,6,0,0,0,0,1,1,-1,2,2,21,5,999,1,6,VOLKSWAGEN POLO,4,E01029200,0,4
2024211449638,2024,211449638,2,9,0,-1,9,8,5,-1,0,1,0,0,0,0,4,1,-1,9,2,24,5,1197,1,9,VOLKSWAGEN POLO,6,E01013589,0,3
2024320155954,2024,320155954,1,9,0,9,9,6,4,0,0,6,0,0,0,0,1,1,-1,-1,1,73,10,1422,2,19,VOLKSWAGEN POLO,4,E01026366,0,2
2024471532424,2024,471532424,1,9,0,-1,19,3,7,-1,0,0,0,0,1,3,1,1,-1,9,1,75,10,1198,1,19,VOLKSWAGEN POLO,7,E01031837,0,1
2024501520037,2024,501520037,1,9,0,-1,19,5,1,-1,0,0,1,0,4,1,1,1,-1,9,2,36,7,1198,1,19,VOLKSWAGEN POLO,8,E01020170,0,4
2024421523191,2024,421523191,1,9,0,-1,19,1,5,-1,0,2,0,0,0,0,1,1,-1,6,1,20,4,1198,1,15,VOLKSWAGEN POLO,8,E01021566,0,3
2024451485088,2024,451485088,1,9,0,-1,2,0,0,-1,0,0,0,0,1,0,2,1,-1,9,1,23,5,1198,1,16,VOLKSWAGEN POLO,10,E01002934,0,3
2024440517234,2024,440517234,2,9,0,18,19,2,6,0,0,8,0,0,0,0,3,1,2,2,1,43,7,1422,2,16,VOLKSWAGEN POLO,10,E01034725,0,1
2024552400391,2024,552400391,3,9,0,2,2,0,0,0,0,0,0,0,0,0,3,1,6,6,3,-1,-1,1390,1,22,VOLKSWAGEN POLO,-1,-1,0,-1
2024430431798,2024,430431798,1,9,0,18,19,1,5,0,0,4,2,9,3,4,1,1,6,6,1,18,4,1390,1,18,VOLKSWAGEN POLO,6,E01017934,0,2
2024201498432,2024,201498432,2,9,0,-1,9,8,6,-1,0,5,0,0,0,0,3,1,-1,9,1,24,5,1390,1,13,VOLKSWAGEN POLO,2,E01010101,0,2
2024101409382,2024,101409382,1,9,0,-1,19,2,7,-1,0,0,0,0,0,0,1,1,-1,2,1,24,5,1390,1,10,VOLKSWAGEN POLO,8,E01034516,0,1
2024010500310,2024,010500310,1,9,0,11,11,3,7,0,0,2,0,0,0,0,4,1,6,6,1,20,4,1197,1,8,VOLKSWAGEN POLO,7,E01001204,0,1
2024440076451,2024,440076451,1,9,0,18,19,3,7,0,0,0,1,0,0,0,4,1,6,6,1,37,7,1400,1,17,VOLKSWAGEN POLO,-1,-1,0,-1
2024201524151,2024,201524151,2,9,0,-1,7,2,4,-1,0,6,0,0,0,0,4,1,-1,6,2,35,6,1197,1,9,VOLKSWAGEN POLO,8,E01028716,0,4
2024340WN5312,2024,340WN5312,1,9,0,-1,19,7,3,-1,0,6,0,0,0,0,1,1,-1,6,1,26,6,1198,1,22,VOLKSWAGEN POLO,2,E01027226,0,1
2024361399661,2024,361399661,3,9,0,-1,19,7,3,-1,0,0,0,0,0,0,1,1,-1,2,1,21,5,999,1,7,VOLKSWAGEN POLO,3,E01034767,0,4
2024041493671,2024,041493671,2,9,0,-1,19,1,5,-1,0,0,0,0,0,0,2,1,-1,9,1,23,5,1197,1,7,VOLKSWAGEN POLO,6,E01004800,0,3
2024461409588,2024,461409588,2,9,0,-1,5,5,1,-1,0,4,0,0,0,0,2,1,-1,6,1,40,7,999,1,3,VOLKSWAGEN POLO,7,E01001405,0,4
2024461429564,2024,461429564,1,9,0,-1,19,2,6,-1,0,8,0,0,0,0,1,9,-1,6,1,45,7,1400,2,19,VOLKSWAGEN POLO,2,E01016150,0,3
2024361506214,2024,361506214,1,9,0,-1,19,1,1,-1,0,0,0,0,0,0,1,1,-1,2,2,33,6,999,1,9,VOLKSWAGEN POLO,8,E01026932,0,1
2024451483142,2024,451483142,1,9,0,-1,7,5,3,-1,0,5,0,0,0,0,4,1,-1,9,2,55,8,999,1,6,VOLKSWAGEN POLO,8,E01030867,0,3
2024451500366,2024,451500366,1,9,0,-1,19,1,5,-1,0,1,0,0,0,0,3,1,-1,9,2,37,7,1390,1,11,VOLKSWAGEN POLO,4,E01030743,0,1
2024332401057,2024,332401057,2,9,0,-1,19,4,8,-1,0,6,0,0,3,9,4,1,-1,6,2,31,6,1198,1,10,VOLKSWAGEN POLO,1,E01013679,0,3
2024211480666,2024,211480666,2,9,0,-1,19,8,3,-1,0,0,0,0,0,0,1,1,-1,9,1,18,4,1197,1,7,VOLKSWAGEN POLO,1,E01014269,0,2
2024010490518,2024,010490518,1,9,0,17,19,5,1,0,0,8,0,0,0,0,0,1,6,6,1,84,11,1197,1,8,VOLKSWAGEN POLO,9,E01001020,0,1
2024991432999,2024,991432999,1,9,0,-1,9,4,2,-1,0,1,0,0,0,0,0,1,-1,6,1,22,5,999,1,8,VOLKSWAGEN POLO,-1,-1,0,-1
2024010544166,2024,010544166,2,9,0,99,99,9,9,99,99,9,9,99,9,99,2,9,6,6,3,-1,-1,1390,1,14,VOLKSWAGEN POLO,-1,-1,0,-1
2024547544124,2024,547544124,2,9,0,18,19,4,8,0,0,8,0,0,0,0,1,1,6,6,2,42,7,999,1,5,VOLKSWAGEN POLO,7,E01034790,0,3
2024041425980,2024,041425980,1,9,0,-1,6,6,4,-1,0,0,0,0,7,2,1,1,-1,9,2,22,5,1199,2,11,VOLKSWAGEN POLO,1,E01012655,0,1
2024111477839,2024,111477839,1,9,0,-1,19,5,1,-1,0,0,0,0,0,0,1,1,-1,6,2,23,5,1198,1,12,VOLKSWAGEN POLO,5,E01020848,0,1
2024501479885,2024,501479885,2,9,0,-1,9,8,6,-1,0,1,0,0,0,0,4,1,-1,9,2,59,9,999,1,9,VOLKSWAGEN POLO,7,E01020205,0,2
2024340WN0702,2024,340WN0702,1,9,0,-1,19,1,5,-1,0,0,0,0,2,4,4,1,-1,6,2,19,4,1198,1,17,VOLKSWAGEN POLO,10,E01027027,0,2
2024010516394,2024,010516394,1,9,0,99,99,9,9,99,99,0,9,99,9,99,2,9,2,2,2,39,7,999,1,5,VOLKSWAGEN POLO,5,E01035486,0,1
2024991484422,2024,991484422,1,9,0,-1,19,6,3,-1,0,1,0,0,7,1,1,1,-1,9,2,18,4,999,1,3,VOLKSWAGEN POLO,6,-1,0,3
2024622400385,2024,622400385,1,9,0,9,9,8,6,0,0,1,0,0,0,0,1,1,6,6,2,35,6,999,1,2,VOLKSWAGEN POLO,2,W01001862,0,1
202460Q171821,2024,60Q171821,5,9,0,18,19,8,4,0,0,0,0,0,0,0,2,1,6,6,2,53,8,1422,2,9,VOLKSWAGEN POLO,-1,-1,0,-1
2024010512530,2024,010512530,2,9,0,99,99,9,9,99,99,6,9,99,9,99,9,9,6,6,3,-1,-1,1390,1,14,VOLKSWAGEN POLO,-1,-1,0,-1
2024010518669,2024,010518669,1,9,0,9,9,8,5,0,0,4,0,0,0,0,3,1,6,6,2,34,6,999,1,5,VOLKSWAGEN POLO,-1,-1,0,-1
2024340WN6262,2024,340WN6262,1,9,0,-1,19,3,7,-1,0,1,0,0,0,0,1,1,-1,6,1,46,8,1598,2,15,VOLKSWAGEN POLO,9,E01027166,0,1
2024141470279,2024,141470279,2,9,0,-1,19,8,4,-1,0,0,0,0,0,0,1,1,-1,6,1,24,5,1798,1,9,VOLKSWAGEN POLO,9,E01007897,0,1
2024451455934,2024,451455934,1,9,0,-1,9,3,5,-1,0,2,0,0,0,0,1,1,-1,9,2,23,5,999,1,8,VOLKSWAGEN POLO,4,E01030601,0,1
2024061461304,2024,061461304,3,9,0,-1,11,-1,-1,-1,0,0,9,0,0,0,1,1,-1,6,3,-1,-1,1390,1,12,VOLKSWAGEN POLO,-1,-1,0,-1
2024471462050,2024,471462050,1,9,0,-1,19,7,3,-1,0,0,0,11,0,0,4,1,-1,9,1,30,6,1390,1,13,VOLKSWAGEN POLO,6,E01031557,0,1
2024010492665,2024,010492665,1,9,0,18,19,3,7,0,0,0,0,0,0,0,1,1,6,6,1,28,6,999,1,3,VOLKSWAGEN POLO,3,E01003564,0,1
2024471441563,2024,471441563,2,9,0,-1,19,5,1,-1,0,0,0,0,0,0,0,1,-1,6,2,28,6,999,1,5,VOLKSWAGEN POLO,7,E01021105,0,2
2024010531440,2024,010531440,1,9,0,18,19,1,5,0,0,1,0,0,0,0,1,1,6,6,2,23,5,1197,1,7,VOLKSWAGEN POLO,2,E01002051,0,1
2024010524504,2024,010524504,2,9,9,99,99,9,9,99,99,9,9,99,9,99,1,9,6,6,3,-1,-1,1197,1,7,VOLKSWAGEN POLO,-1,-1,0,-1
2024421396527,2024,421396527,2,9,0,-1,19,4,1,-1,0,0,0,0,0,0,2,1,-1,6,2,33,6,999,1,6,VOLKSWAGEN POLO,10,E01021645,0,4
2024010501402,2024,010501402,2,9,0,7,7,1,4,0,0,3,0,0,0,0,1,1,6,6,2,24,5,1197,1,8,VOLKSWAGEN POLO,-1,-1,0,-1
2024010532216,2024,010532216,1,9,0,7,7,1,4,9,9,1,1,7,3,10,1,1,6,6,1,40,7,1197,1,9,VOLKSWAGEN POLO,2,E01004674,0,2
2024552401476,2024,552401476,2,9,0,18,19,1,5,0,0,8,0,0,0,0,3,1,6,6,2,17,4,1198,1,21,VOLKSWAGEN POLO,10,E01015315,0,1
2024131400699,2024,131400699,2,9,0,-1,19,7,3,-1,0,0,0,0,0,0,2,1,-1,9,2,23,5,1199,2,11,VOLKSWAGEN POLO,1,E01010622,0,1
2024522402687,2024,522402687,2,9,0,4,4,8,4,0,0,0,0,0,0,0,2,1,6,6,1,19,4,1198,1,14,VOLKSWAGEN POLO,4,E01014603,0,1
2024201532611,2024,201532611,5,9,0,-1,2,0,0,-1,0,8,0,0,0,0,3,1,-1,6,-1,-1,-1,999,1,9,VOLKSWAGEN POLO,-1,-1,0,-1
2024401432229,2024,401432229,1,9,0,-1,3,3,7,-1,0,1,0,0,0,0,1,1,-1,6,1,29,6,1390,1,16,VOLKSWAGEN POLO,4,E01015755,0,1
2024010516854,2024,010516854,2,9,0,99,99,9,9,99,99,9,9,99,9,99,1,9,6,6,3,-1,-1,999,1,9,VOLKSWAGEN POLO,3,E01001504,0,1
2024041497515,2024,041497515,2,9,0,-1,19,1,5,-1,0,0,0,0,0,0,1,1,-1,9,1,26,6,999,1,8,VOLKSWAGEN POLO,1,E01024953,0,1
2024451400387,2024,451400387,1,9,0,-1,19,7,3,-1,0,8,1,0,0,0,1,1,-1,7,1,46,8,1390,1,23,VOLKSWAGEN POLO,8,E01030469,0,1
2024061410233,2024,061410233,1,9,0,-1,13,1,5,-1,0,1,0,0,0,0,1,1,-1,9,2,19,4,999,1,1,VOLKSWAGEN POLO,1,E01005731,0,3
2024351509368,2024,351509368,3,9,0,-1,19,5,1,-1,0,1,0,0,1,0,1,1,-1,9,1,64,9,999,1,7,VOLKSWAGEN POLO,6,E01018051,0,2
2024131484327,2024,131484327,1,9,0,-1,9,5,2,-1,0,6,1,0,0,0,4,1,-1,9,2,22,5,1198,1,10,VOLKSWAGEN POLO,8,E01011694,0,1
2024010546223,2024,010546223,1,9,0,18,19,7,3,0,0,3,0,0,0,0,3,1,6,6,1,19,4,999,1,5,VOLKSWAGEN POLO,9,E01003808,0,2
2024421444609,2024,421444609,1,9,0,-1,19,8,4,-1,0,8,0,0,0,0,1,1,-1,1,1,23,5,1390,1,23,VOLKSWAGEN POLO,2,E01034366,0,1
2024631489302,2024,631489302,1,9,0,-1,5,7,7,-1,0,1,0,0,0,0,4,1,-1,9,1,18,4,999,1,5,VOLKSWAGEN POLO,7,W01000690,0,2
2024131449387,2024,131449387,2,9,0,-1,7,1,5,-1,0,8,0,0,0,0,3,1,-1,1,2,47,8,999,1,4,VOLKSWAGEN POLO,1,E01007365,0,4
2024421427239,2024,421427239,2,9,0,-1,2,0,0,-1,0,1,0,0,0,0,3,1,-1,6,3,-1,-1,1197,1,8,VOLKSWAGEN POLO,-1,-1,0,-1
2024201492591,2024,201492591,2,9,0,-1,3,5,1,-1,0,0,0,0,0,0,2,9,-1,9,2,61,9,1197,1,11,VOLKSWAGEN POLO,3,E01009106,0,1
2024041483306,2024,041483306,1,9,0,-1,19,7,3,-1,0,0,0,0,0,0,1,1,-1,2,2,23,5,1198,1,14,VOLKSWAGEN POLO,3,E01012587,0,3
2024451493797,2024,451493797,1,9,0,-1,19,3,7,-1,0,0,1,0,1,0,1,1,-1,6,2,30,6,1400,1,18,VOLKSWAGEN POLO,8,E01030877,0,1
2024070212979,2024,070212979,1,9,0,15,15,3,7,0,0,4,0,0,0,0,3,1,1,1,1,-1,-1,999,1,2,VOLKSWAGEN POLO,10,E01018573,0,1
2024302400642,2024,302400642,2,9,0,16,19,1,2,0,0,8,1,0,0,0,1,1,2,2,2,21,5,1198,1,16,VOLKSWAGEN POLO,1,E01007919,0,2
2024161488298,2024,161488298,2,9,0,-1,5,5,1,-1,0,1,0,0,0,0,2,1,-1,9,1,20,4,999,1,3,VOLKSWAGEN POLO,4,E01013255,0,3
2024340NN3522,2024,340NN3522,1,9,0,-1,9,5,1,-1,0,8,0,0,0,0,1,1,-1,9,1,19,4,999,1,7,VOLKSWAGEN POLO,6,E01027047,0,1
2024111512708,2024,111512708,2,9,0,-1,19,2,6,-1,0,0,0,0,1,0,1,1,-1,6,1,22,5,1198,1,11,VOLKSWAGEN POLO,1,E01008746,0,2
2024302400049,2024,302400049,1,9,0,4,4,7,3,0,0,0,0,0,0,0,1,1,6,6,2,22,5,999,1,6,VOLKSWAGEN POLO,3,E01019810,0,1
2024131407942,2024,131407942,2,9,0,-1,3,7,3,-1,0,4,0,0,0,0,2,1,-1,6,1,20,4,999,1,5,VOLKSWAGEN POLO,2,E01010796,0,1
2024351465219,2024,351465219,2,9,0,-1,19,5,1,-1,0,1,0,0,0,0,4,1,-1,9,2,54,8,1197,1,13,VOLKSWAGEN POLO,9,E01023466,0,3
2024411434344,2024,411434344,1,9,-1,-1,-1,-1,-1,-1,-1,-1,-1,-1,-1,0,-1,9,-1,6,1,23,5,999,1,7,VOLKSWAGEN POLO,3,E01000876,0,3
2024010524797,2024,010524797,11,9,0,2,2,0,0,0,0,0,0,0,0,0,4,1,6,6,3,-1,-1,999,1,0,VOLKSWAGEN POLO,-1,-1,0,-1
2024201531072,2024,201531072,2,9,0,-1,19,1,6,-1,0,3,0,0,0,0,4,9,-1,2,2,24,5,1199,2,10,VOLKSWAGEN POLO,1,E01009127,0,2
2024451429162,2024,451429162,2,9,0,-1,19,3,7,-1,0,0,0,0,0,0,2,1,-1,2,1,18,4,999,1,4,VOLKSWAGEN POLO,2,E01001081,0,3
2024010546628,2024,010546628,1,9,0,99,99,9,9,99,99,0,9,99,9,99,2,9,6,6,2,26,6,1390,1,13,VOLKSWAGEN POLO,7,E01003427,0,1
2024440133847,2024,440133847,1,9,0,2,2,0,0,0,0,0,0,0,0,0,2,1,6,6,1,44,7,999,1,5,VOLKSWAGEN POLO,9,E01016611,0,2
2024461489886,2024,461489886,1,9,0,-1,19,1,5,-1,0,0,0,0,0,0,1,9,-1,9,1,17,4,1390,1,20,VOLKSWAGEN POLO,8,E01024055,0,2
2024501470691,2024,501470691,1,9,0,-1,19,6,2,-1,0,0,5,0,8,0,1,9,-1,6,1,21,5,1198,1,16,VOLKSWAGEN POLO,10,E01023187,0,5
2024991436915,2024,991436915,1,9,0,-1,19,3,7,-1,0,1,1,0,0,0,1,1,-1,9,1,19,4,1198,1,11,VOLKSWAGEN POLO,5,-1,0,3
2024131446530,2024,131446530,2,9,0,-1,19,4,8,-1,0,8,5,0,0,0,3,1,-1,6,2,22,5,1198,1,13,VOLKSWAGEN POLO,1,E01010811,0,1
2024131520300,2024,131520300,2,9,0,-1,19,1,5,-1,0,0,0,0,0,0,1,1,-1,2,2,52,8,999,1,3,VOLKSWAGEN POLO,1,E01011284,0,1
2024010550045,2024,010550045,2,9,0,3,3,3,7,0,0,1,0,0,0,0,2,1,6,6,1,40,7,1198,1,13,VOLKSWAGEN POLO,-1,-1,0,-1
2024010506591,2024,010506591,1,9,0,7,7,7,1,0,0,2,0,0,1,2,1,1,6,6,1,18,4,1198,1,14,VOLKSWAGEN POLO,5,E01002214,0,1
2024552400861,2024,552400861,1,9,0,9,9,5,4,0,0,6,0,0,0,0,3,1,6,6,2,27,6,1400,1,19,VOLKSWAGEN POLO,2,E01032023,0,4
2024311438966,2024,311438966,1,9,0,-1,9,7,4,-1,0,8,0,0,0,0,4,2,-1,6,2,20,4,999,1,6,VOLKSWAGEN POLO,9,E01018171,0,4
2024201511114,2024,201511114,2,9,0,-1,9,6,2,-1,0,8,0,0,0,0,1,1,-1,6,2,26,6,1197,1,6,VOLKSWAGEN POLO,5,E01008974,0,1
202454D000024,2024,54D000024,1,9,0,18,19,5,1,0,0,1,0,0,0,0,1,1,6,6,2,17,4,1199,2,11,VOLKSWAGEN POLO,7,E01015588,0,1
202417L109024,2024,17L109024,1,9,0,-1,19,3,7,-1,0,2,0,0,0,0,1,1,-1,9,2,17,4,1199,2,13,VOLKSWAGEN POLO,1,E01012096,0,1
2024101512171,2024,101512171,1,9,0,-1,19,7,3,-1,0,0,0,0,0,0,1,1,-1,6,1,29,6,1390,1,24,VOLKSWAGEN POLO,1,E01008777,0,1
2024010539044,2024,010539044,2,9,0,99,99,9,9,99,99,9,9,99,9,99,9,9,6,6,3,-1,-1,999,1,9,VOLKSWAGEN POLO,-1,-1,0,-1
2024302401254,2024,302401254,1,9,0,9,9,2,8,0,0,8,0,0,0,0,3,1,6,6,2,75,10,1390,1,13,VOLKSWAGEN POLO,4,E01019491,0,1
2024531458904,2024,531458904,1,9,0,-1,19,8,4,-1,0,0,0,0,1,7,4,1,-1,6,2,17,4,1390,1,20,VOLKSWAGEN POLO,9,E01031887,0,2
2024622400512,2024,622400512,3,9,0,18,19,5,1,0,0,0,0,0,0,0,1,1,6,6,2,83,11,999,1,8,VOLKSWAGEN POLO,9,W01000819,0,1
2024211451707,2024,211451707,2,9,0,-1,19,3,7,-1,0,0,0,0,0,0,1,1,-1,9,2,23,5,1422,2,15,VOLKSWAGEN POLO,2,E01029448,0,1
2024501456541,2024,501456541,2,9,0,-1,15,3,3,-1,0,2,1,0,0,0,1,1,-1,6,1,18,4,1390,1,18,VOLKSWAGEN POLO,5,E01020174,0,3
2024131404177,2024,131404177,1,9,0,-1,19,1,5,-1,0,0,5,0,1,11,3,1,-1,9,1,20,4,1198,1,12,VOLKSWAGEN POLO,8,E01011638,0,1
2024131492672,2024,131492672,1,9,0,-1,19,7,3,-1,0,1,0,0,0,0,1,1,-1,2,1,26,6,999,1,5,VOLKSWAGEN POLO,10,E01011461,0,2
2024520401935,2024,520401935,2,9,0,7,7,1,5,0,0,8,0,0,0,0,1,1,6,6,1,28,6,1197,1,8,VOLKSWAGEN POLO,9,E01029273,0,2
2024052402349,2024,052402349,2,9,0,18,19,3,7,0,0,0,0,0,1,0,3,1,6,6,1,21,5,999,1,6,VOLKSWAGEN POLO,10,E01007190,0,1
2024010501073,2024,010501073,2,9,0,18,19,5,1,0,0,1,0,0,0,0,4,1,3,7,2,54,8,1198,1,10,VOLKSWAGEN POLO,8,E01000269,0,1
2024010533929,2024,010533929,2,9,0,18,19,1,5,0,0,1,0,0,0,0,3,1,2,2,2,19,4,999,1,6,VOLKSWAGEN POLO,2,E01001479,0,2
2024010526052,2024,010526052,2,9,0,99,99,9,9,99,99,0,9,99,9,99,1,9,6,6,3,23,5,1200,1,10,VOLKSWAGEN POLO,2,E01003336,0,1
2024101531235,2024,101531235,1,9,0,-1,5,4,8,-1,0,1,0,0,0,0,4,9,-1,9,2,70,10,1984,1,4,VOLKSWAGEN POLO,10,E01027464,0,2
2024061508643,2024,061508643,1,9,0,-1,9,8,5,-1,0,5,0,0,0,0,2,1,-1,9,2,22,5,999,1,6,VOLKSWAGEN POLO,1,E01005380,0,2
2024332401243,2024,332401243,2,9,0,-1,9,8,7,-1,0,5,0,0,0,0,3,1,-1,9,1,29,6,1197,1,10,VOLKSWAGEN POLO,8,E01026319,0,4
2024461496624,2024,461496624,1,9,0,-1,19,5,1,-1,0,1,0,0,0,0,1,9,-1,6,2,-1,-1,999,1,2,VOLKSWAGEN POLO,2,E01000008,0,4
2024201457504,2024,201457504,1,9,0,-1,5,3,7,-1,0,6,0,0,0,0,3,9,-1,9,3,-1,-1,999,1,10,VOLKSWAGEN POLO,-1,-1,0,-1
2024440018238,2024,440018238,3,9,0,2,2,0,0,0,0,2,0,0,0,0,2,1,6,6,3,-1,-1,1199,2,13,VOLKSWAGEN POLO,-1,-1,0,-1
2024122401050,2024,122401050,3,9,0,18,19,1,5,0,0,1,0,0,0,0,1,1,2,2,1,18,4,1197,1,9,VOLKSWAGEN POLO,6,E01027902,0,2
2024131577097,2024,131577097,1,9,0,-1,9,1,5,-1,0,8,0,0,0,0,1,1,-1,9,1,34,6,1390,1,21,VOLKSWAGEN POLO,1,E01010812,0,1
2024101437720,2024,101437720,1,9,0,-1,19,3,7,-1,0,1,0,0,0,0,4,1,-1,2,2,64,9,1198,1,18,VOLKSWAGEN POLO,1,E01008425,0,1
2024371484296,2024,371484296,1,9,0,-1,19,5,1,-1,0,0,0,0,0,0,1,1,-1,9,2,21,5,1198,1,19,VOLKSWAGEN POLO,1,E01033130,0,1
2024430157974,2024,430157974,1,9,0,18,19,8,4,0,0,4,5,9,3,1,1,1,6,6,1,27,6,1984,1,5,VOLKSWAGEN POLO,5,E01016832,0,1
2024010528488,2024,010528488,4,9,0,2,2,0,0,0,0,1,0,0,0,0,2,1,6,6,3,-1,-1,1043,1,30,VOLKSWAGEN POLO,-1,-1,0,-1
2024161513885,2024,161513885,2,9,0,-1,4,3,7,-1,0,1,0,0,0,0,1,9,-1,6,1,-1,-1,1390,1,14,VOLKSWAGEN POLO,-1,-1,0,-1
2024522402859,2024,522402859,1,9,0,9,9,3,8,0,0,6,0,0,0,0,1,1,6,6,2,28,6,1390,1,21,VOLKSWAGEN POLO,7,E01029028,0,4
2024471534287,2024,471534287,3,9,0,-1,2,0,0,-1,0,0,0,0,0,0,4,1,-1,6,-1,-1,-1,1198,1,17,VOLKSWAGEN POLO,-1,-1,0,-1
2024221443597,2024,221443597,3,9,0,-1,19,6,2,-1,0,1,0,0,0,0,1,9,-1,6,2,29,6,1198,1,12,VOLKSWAGEN POLO,4,E01028928,0,3
2024520001912,2024,520001912,2,9,0,18,19,5,2,0,0,8,0,0,0,0,2,1,6,6,2,25,5,1198,1,12,VOLKSWAGEN POLO,2,E01014610,0,1
2024471524617,2024,471524617,1,9,0,-1,19,2,6,-1,0,0,5,0,0,0,1,1,-1,9,1,18,4,1422,2,16,VOLKSWAGEN POLO,6,E01031798,0,1
2024451435989,2024,451435989,2,9,0,-1,19,5,1,-1,0,0,0,0,0,0,4,1,-1,1,2,23,5,999,1,4,VOLKSWAGEN POLO,7,E01022562,0,4
2024141484959,2024,141484959,1,9,0,-1,11,2,6,-1,0,0,0,0,0,0,3,9,-1,9,1,21,5,999,1,0,VOLKSWAGEN POLO,3,E01007371,0,3
2024552400985,2024,552400985,2,9,0,4,4,8,4,0,0,0,0,0,0,0,2,1,6,6,2,88,11,1400,1,17,VOLKSWAGEN POLO,10,E01020401,0,3
2024302400930,2024,302400930,2,9,0,5,5,4,6,0,0,4,0,0,0,0,2,1,6,6,1,37,7,999,1,9,VOLKSWAGEN POLO,3,E01019496,0,3
2024061395496,2024,061395496,1,9,0,-1,19,3,7,-1,0,0,5,4,0,0,1,1,-1,9,2,21,5,999,1,9,VOLKSWAGEN POLO,6,E01004790,0,1
2024552400731,2024,552400731,2,9,0,18,19,5,1,0,0,8,0,0,0,0,1,1,6,6,2,26,6,1198,1,10,VOLKSWAGEN POLO,4,E01020460,0,4
2024010531516,2024,010531516,2,9,0,99,99,9,9,99,99,9,9,99,9,99,9,9,6,6,3,-1,-1,1390,1,12,VOLKSWAGEN POLO,-1,-1,0,-1
2024541572924,2024,541572924,2,9,0,4,4,2,6,0,0,1,0,0,0,0,2,1,6,6,2,46,8,1198,1,13,VOLKSWAGEN POLO,10,E01031984,0,1
2024461512403,2024,461512403,1,9,0,-1,6,5,1,-1,0,0,0,0,0,0,1,1,-1,9,1,19,4,1390,1,12,VOLKSWAGEN POLO,9,E01024298,0,4
2024440248195,2024,440248195,2,9,0,13,13,3,7,0,0,0,0,0,0,0,3,1,6,6,1,62,9,999,1,3,VOLKSWAGEN POLO,10,E01022885,0,1
2024010529536,2024,010529536,1,9,0,3,3,3,7,0,0,1,0,0,7,0,2,1,6,6,1,22,5,999,1,5,VOLKSWAGEN POLO,10,E01023313,0,3