collision_index,collision_year,collision_ref_no,vehicle_reference,vehicle_type,towing_and_articulation,vehicle_manoeuvre_historic,vehicle_manoeuvre,vehicle_direction_from,vehicle_direction_to,vehicle_location_restricted_lane_historic,vehicle_location_restricted_lane,junction_location,skidding_and_overturning,hit_object_in_carriageway,vehicle_leaving_carriageway,hit_object_off_carriageway,first_point_of_impact,vehicle_left_hand_drive,journey_purpose_of_driver_historic,journey_purpose_of_driver,sex_of_driver,age_of_driver,age_band_of_driver,engine_capacity_cc,propulsion_code,age_of_vehicle,generic_make_model,driver_imd_decile,lsoa_of_driver,escooter_flag,driver_distance_banding
2024010506346,2024,010506346,2,9,0,18,19,9,9,99,99,9,9,99,9,99,1,9,6,6,3,-1,-1,1197,1,10,VOLKSWAGEN POLO,-1,-1,0,-1
2024430216218,2024,430216218,1,9,0,13,13,1,5,0,0,0,0,0,0,0,1,1,6,6,1,20,4,1390,1,19,VOLKSWAGEN POLO,4,E01016455,0,1
2024340WN6412,2024,340WN6412,2,9,0,-1,3,5,1,-1,0,2,0,0,0,0,2,1,-1,2,1,19,4,1197,1,7,VOLKSWAGEN POLO,9,E01027201,0,2
202417L304124,2024,17L304124,1,9,0,-1,13,7,3,-1,0,8,5,0,7,11,1,1,-1,9,1,19,4,1000,1,24,VOLKSWAGEN POLO,1,E01012112,0,2
2024471455060,2024,471455060,1,9,0,-1,3,7,3,-1,0,1,0,0,0,0,2,1,-1,2,2,31,6,1198,1,22,VOLKSWAGEN POLO,6,E01031579,0,1
2024031527167,2024,031527167,2,9,0,-1,5,1,5,-1,0,3,0,0,0,0,4,1,-1,9,2,64,9,1198,1,10,VOLKSWAGEN POLO,-1,-1,0,-1
2024542797324,2024,542797324,1,9,0,9,9,5,3,0,0,6,0,0,0,0,3,1,6,6,2,18,4,1422,2,16,VOLKSWAGEN POLO,5,E01032010,0,3
2024610006724,2024,610006724,2,9,0,9,9,7,5,0,0,1,0,0,0,0,1,1,6,6,1,53,8,1198,1,13,VOLKSWAGEN POLO,7,W01001492,0,1
2024010530592,2024,010530592,1,9,0,18,19,5,1,0,0,0,0,0,0,0,1,1,6,6,1,31,6,1198,1,17,VOLKSWAGEN POLO,3,E01001725,0,1
2024552400099,2024,552400099,1,9,0,9,9,7,5,0,0,5,0,0,0,0,1,1,6,6,2,40,7,1198,1,13,VOLKSWAGEN POLO,5,E01015456,0,1
2024061523948,2024,061523948,1,9,0,-1,19,3,7,-1,0,1,0,0,0,0,1,9,-1,6,1,26,6,1390,1,19,VOLKSWAGEN POLO,-1,-1,0,-1
2024461457522,2024,461457522,2,9,0,-1,19,4,8,-1,0,0,0,0,0,0,1,1,-1,9,2,18,4,1199,2,13,VOLKSWAGEN POLO,2,E01023976,0,2
2024010546266,2024,010546266,1,9,0,9,9,3,8,0,0,0,0,0,0,0,1,1,6,6,1,51,8,999,1,2,VOLKSWAGEN POLO,4,E01001478,0,3
2024010550875,2024,010550875,2,9,0,18,19,7,3,0,0,0,1,0,0,0,2,1,6,6,2,37,7,999,1,3,VOLKSWAGEN POLO,7,E01003283,0,4
2024201433828,2024,201433828,2,9,0,-1,9,1,6,-1,0,5,0,0,0,0,3,1,-1,2,1,59,9,1197,1,9,VOLKSWAGEN POLO,10,E01010212,0,1
2024520402192,2024,520402192,1,9,0,18,19,5,1,0,0,1,0,0,0,0,3,1,6,6,2,19,4,1197,1,9,VOLKSWAGEN POLO,8,E01032021,0,4
202460Q011421,2024,60Q011421,2,9,0,18,19,8,4,0,0,1,0,0,0,0,1,1,6,6,2,60,9,1000,1,24,VOLKSWAGEN POLO,-1,-1,0,-1
2024332400311,2024,332400311,1,9,0,-1,19,8,4,-1,0,8,0,0,0,0,3,1,-1,2,1,43,7,999,1,3,VOLKSWAGEN POLO,9,E01025908,0,2
2024302400513,2024,302400513,1,9,0,1,1,2,6,0,0,0,0,0,0,0,2,1,6,6,2,45,7,1198,1,16,VOLKSWAGEN POLO,2,E01019666,0,1
2024201442028,2024,201442028,2,9,0,-1,3,2,6,-1,0,4,0,0,0,0,2,1,-1,2,2,51,8,1390,1,16,VOLKSWAGEN POLO,2,E01034315,0,2
2024332401073,2024,332401073,1,9,0,-1,19,1,5,-1,0,8,0,0,0,0,1,1,-1,9,2,21,5,999,1,7,VOLKSWAGEN POLO,8,E01025888,0,1
2024991533506,2024,991533506,1,9,0,-1,19,2,6,-1,0,6,0,0,0,0,1,1,-1,2,2,28,6,999,1,6,VOLKSWAGEN POLO,6,-1,0,1
2024610034924,2024,610034924,1,9,0,18,19,1,5,0,0,0,0,0,0,0,4,1,6,6,2,70,10,1390,1,16,VOLKSWAGEN POLO,8,W01001549,0,2
2024440280497,2024,440280497,1,9,0,9,9,8,6,0,0,5,0,0,0,0,1,1,6,6,2,46,8,999,1,4,VOLKSWAGEN POLO,9,E01032753,0,1
2024421417860,2024,421417860,1,9,0,-1,5,1,5,-1,0,0,0,4,0,0,3,1,-1,9,2,22,5,1390,1,14,VOLKSWAGEN POLO,6,E01021355,0,1
202417M204824,2024,17M204824,2,9,0,18,19,6,2,0,0,0,0,0,0,0,1,1,6,6,1,-1,-1,1422,2,8,VOLKSWAGEN POLO,-1,-1,0,-1
2024991510428,2024,991510428,1,9,0,-1,19,3,7,-1,0,0,0,0,0,0,1,1,-1,6,2,35,6,1197,1,8,VOLKSWAGEN POLO,3,-1,0,1
2024471518734,2024,471518734,2,9,0,-1,19,5,1,-1,0,8,0,0,0,0,1,1,-1,9,2,17,4,1198,1,12,VOLKSWAGEN POLO,6,E01035324,0,1
2024221524819,2024,221524819,1,9,0,-1,19,4,8,-1,0,0,0,0,0,0,1,9,-1,6,2,23,5,1199,2,11,VOLKSWAGEN POLO,2,E01009210,0,1
2024070913334,2024,070913334,2,9,0,-1,4,5,1,-1,0,1,0,0,0,0,2,1,-1,9,2,23,5,999,1,0,VOLKSWAGEN POLO,-1,-1,0,-1
2024141506249,2024,141506249,2,9,0,-1,5,6,1,-1,0,4,0,0,0,0,1,1,-1,6,1,21,5,1198,1,12,VOLKSWAGEN POLO,5,E01026052,0,4
2024411447195,2024,411447195,2,9,0,-1,9,4,8,-1,0,1,0,0,0,0,1,1,-1,6,2,17,4,999,1,3,VOLKSWAGEN POLO,7,E01023682,0,2
2024010539168,2024,010539168,2,9,0,99,99,9,9,99,99,9,9,99,9,99,1,9,6,6,3,-1,-1,999,1,4,VOLKSWAGEN POLO,6,E01035280,0,4
2024471506733,2024,471506733,2,9,0,-1,4,2,6,-1,0,1,0,0,0,0,2,1,-1,9,2,18,4,1197,1,11,VOLKSWAGEN POLO,5,E01031442,0,2
2024471425913,2024,471425913,2,9,0,-1,6,1,5,-1,0,4,0,0,0,0,3,1,-1,9,1,51,8,999,1,1,VOLKSWAGEN POLO,10,E01002937,0,4
2024201467397,2024,201467397,1,9,0,-1,9,1,7,-1,0,5,0,0,0,0,4,1,-1,6,1,48,8,1390,1,11,VOLKSWAGEN POLO,1,E01009056,0,1
2024131518211,2024,131518211,1,9,0,-1,19,6,2,-1,0,1,0,0,0,0,1,1,-1,6,2,32,6,1199,2,11,VOLKSWAGEN POLO,1,E01010803,0,1
2024201453660,2024,201453660,1,9,0,-1,13,2,6,-1,0,0,0,0,0,0,1,1,-1,6,-1,30,6,999,1,5,VOLKSWAGEN POLO,-1,-1,0,-1
2024451405628,2024,451405628,1,9,0,-1,1,8,4,-1,9,0,5,4,1,11,2,1,-1,9,2,78,11,999,1,1,VOLKSWAGEN POLO,8,E01030553,0,1
2024201460684,2024,201460684,2,9,0,-1,5,3,7,-1,0,8,0,0,3,0,1,1,-1,9,1,53,8,1390,1,16,VOLKSWAGEN POLO,1,E01009173,0,2
2024552401358,2024,552401358,1,9,0,9,9,7,5,0,0,6,0,0,0,0,1,1,2,2,1,58,9,1197,1,7,VOLKSWAGEN POLO,9,E01020350,0,1
2024041460619,2024,041460619,1,9,0,-1,19,5,1,-1,0,0,1,0,7,0,1,1,-1,9,1,18,4,999,1,4,VOLKSWAGEN POLO,8,E01025272,0,2
2024101490871,2024,101490871,2,9,-1,-1,9,7,5,-1,0,8,0,0,0,0,2,9,-1,6,2,47,8,999,1,9,VOLKSWAGEN POLO,6,E01008792,0,1
2024052401559,2024,052401559,2,9,0,3,3,4,8,0,0,1,0,0,0,0,2,1,6,6,2,25,5,1198,1,14,VOLKSWAGEN POLO,7,E01006795,0,1
2024211487837,2024,211487837,3,9,0,-1,2,0,0,-1,9,0,0,0,0,0,0,1,-1,6,-1,-1,-1,999,1,7,VOLKSWAGEN POLO,-1,-1,0,-1
2024010504653,2024,010504653,1,9,0,18,19,1,5,0,0,1,0,0,0,0,1,1,6,6,2,31,6,1197,1,8,VOLKSWAGEN POLO,9,E01004542,0,1
2024520002540,2024,520002540,2,9,0,15,15,6,2,0,0,4,0,0,0,0,3,1,6,6,1,19,4,999,1,5,VOLKSWAGEN POLO,9,E01029024,0,1
2024201460583,2024,201460583,2,9,0,-1,19,4,8,-1,0,4,0,0,0,0,1,9,-1,6,1,22,5,1400,1,21,VOLKSWAGEN POLO,1,E01009361,0,2
2024501416875,2024,501416875,1,9,0,-1,19,3,8,-1,0,0,1,0,0,0,2,1,-1,6,2,49,8,999,1,2,VOLKSWAGEN POLO,8,E01015036,0,1
2024010524671,2024,010524671,1,9,0,5,5,5,1,0,0,1,0,0,0,0,1,1,6,6,1,33,6,1198,1,11,VOLKSWAGEN POLO,2,E01024155,0,3
2024061510233,2024,061510233,2,9,-1,-1,9,5,3,-1,0,0,0,0,0,0,3,9,-1,6,1,21,5,999,1,4,VOLKSWAGEN POLO,2,E01005366,0,1
2024201515101,2024,201515101,1,9,0,-1,5,4,8,-1,0,6,0,0,0,0,1,1,-1,9,1,19,4,1198,1,10,VOLKSWAGEN POLO,-1,-1,0,-1
2024991438756,2024,991438756,1,9,0,-1,1,1,5,-1,9,0,0,0,0,0,3,1,-1,7,1,32,6,1198,1,11,VOLKSWAGEN POLO,5,-1,0,1
2024041447697,2024,041447697,2,9,0,-1,19,1,5,-1,0,6,0,0,0,0,1,1,-1,9,1,21,5,1199,2,12,VOLKSWAGEN POLO,3,E01025058,0,1
2024070774735,2024,070774735,1,9,0,-1,19,1,5,-1,0,0,1,0,8,10,1,2,-1,9,1,19,4,1197,1,8,VOLKSWAGEN POLO,8,E01029794,0,3
2024421489323,2024,421489323,2,9,-1,-1,9,7,3,-1,0,0,0,0,0,0,4,1,-1,6,2,73,10,999,1,3,VOLKSWAGEN POLO,9,E01002382,0,3
2024041397070,2024,041397070,2,9,0,-1,5,3,7,-1,0,0,0,0,0,0,2,1,-1,9,2,43,7,1400,1,18,VOLKSWAGEN POLO,3,E01012644,0,1
2024221532761,2024,221532761,1,9,0,-1,5,4,8,-1,0,0,0,0,0,0,4,9,-1,6,2,21,5,999,1,7,VOLKSWAGEN POLO,7,E01028918,0,2
2024421456935,2024,421456935,1,9,0,-1,19,1,5,-1,5,0,0,0,0,0,1,1,-1,9,1,18,4,1198,1,12,VOLKSWAGEN POLO,5,E01021815,0,2
202460Q171821,2024,60Q171821,7,9,0,18,19,8,4,0,0,0,0,0,0,0,1,1,6,6,2,22,5,1198,1,10,VOLKSWAGEN POLO,-1,-1,0,-1
2024440093820,2024,440093820,1,9,0,18,19,2,6,0,0,0,0,0,0,0,3,1,2,2,1,33,6,999,1,3,VOLKSWAGEN POLO,9,E01022495,0,1
2024430466035,2024,430466035,1,9,0,17,19,6,3,0,0,0,0,0,0,0,1,1,2,2,1,25,5,1198,1,18,VOLKSWAGEN POLO,-1,-1,0,-1
2024451442497,2024,451442497,2,9,9,-1,10,7,5,-1,0,1,0,0,0,0,1,1,-1,6,2,21,5,1199,2,11,VOLKSWAGEN POLO,-1,-1,0,-1
2024131576060,2024,131576060,2,9,0,-1,19,5,3,-1,0,1,0,0,0,0,1,1,-1,9,1,22,5,1198,1,17,VOLKSWAGEN POLO,9,E01018252,0,5
2024010521129,2024,010521129,1,9,0,3,3,7,3,0,0,1,0,0,0,0,3,1,6,6,2,24,5,999,1,5,VOLKSWAGEN POLO,-1,-1,0,-1
2024010530089,2024,010530089,2,9,0,99,99,9,9,99,99,9,9,99,9,99,1,9,6,6,3,-1,-1,999,1,5,VOLKSWAGEN POLO,10,E01030792,0,4
2024061554715,2024,061554715,3,9,0,-1,4,1,5,-1,0,0,0,0,0,0,2,1,-1,9,1,21,5,1198,1,16,VOLKSWAGEN POLO,10,E01023919,0,5
2024430088235,2024,430088235,1,9,0,5,5,1,5,0,0,2,0,0,0,0,1,1,6,6,1,47,8,999,1,2,VOLKSWAGEN POLO,9,E01035741,0,1
2024211530592,2024,211530592,2,9,0,-1,9,8,6,-1,0,5,0,0,0,0,4,1,-1,2,2,47,8,1798,1,7,VOLKSWAGEN POLO,10,E01029678,0,1
2024552400358,2024,552400358,1,9,0,16,19,4,7,0,0,0,2,0,1,0,0,1,6,6,1,18,4,1198,1,11,VOLKSWAGEN POLO,6,E01032037,0,2
2024070501487,2024,070501487,2,9,0,18,19,7,3,0,0,0,5,0,0,0,4,1,6,6,2,23,5,1600,1,17,VOLKSWAGEN POLO,9,E01017859,0,5
2024010537799,2024,010537799,2,9,0,99,99,9,9,99,99,9,9,99,9,99,9,9,6,6,2,26,6,1198,1,11,VOLKSWAGEN POLO,3,E01002595,0,1
2024332400912,2024,332400912,1,9,0,-1,19,8,4,-1,0,0,0,0,0,0,1,1,-1,2,2,36,7,1197,1,8,VOLKSWAGEN POLO,4,E01013786,0,1
2024010532001,2024,010532001,1,9,0,18,19,7,3,0,0,0,0,0,0,0,1,1,6,6,1,20,4,999,1,9,VOLKSWAGEN POLO,5,E01004419,0,2
2024421454011,2024,421454011,1,9,0,-1,19,3,7,-1,0,1,1,0,0,0,1,1,-1,6,1,18,4,1198,1,13,VOLKSWAGEN POLO,-1,-1,0,-1
2024010549088,2024,010549088,1,9,0,99,99,9,9,99,99,9,9,99,9,99,1,9,6,6,3,-1,-1,999,1,9,VOLKSWAGEN POLO,-1,-1,0,-1
2024211395470,2024,211395470,1,9,0,-1,19,1,5,-1,0,1,0,0,0,0,1,1,-1,9,1,17,4,1199,2,14,VOLKSWAGEN POLO,-1,-1,0,-1
2024320101126,2024,320101126,1,9,0,-1,-1,5,1,0,0,0,5,0,7,4,1,1,6,6,1,20,4,999,1,2,VOLKSWAGEN POLO,9,E01013788,0,4
2024041492049,2024,041492049,2,9,0,-1,19,5,1,-1,0,8,0,0,0,0,3,1,-1,9,2,27,6,999,1,5,VOLKSWAGEN POLO,8,E01024944,0,1
2024131419996,2024,131419996,1,9,0,-1,14,7,3,-1,0,8,5,0,0,0,1,1,-1,6,2,91,11,1198,1,11,VOLKSWAGEN POLO,8,E01011066,0,1
2024991421000,2024,991421000,2,9,0,-1,9,4,1,-1,0,1,0,11,0,0,3,1,-1,9,1,22,5,999,1,7,VOLKSWAGEN POLO,1,-1,0,1
2024131493951,2024,131493951,1,9,0,-1,11,1,1,-1,0,8,5,0,0,0,3,1,-1,2,2,27,6,1422,2,15,VOLKSWAGEN POLO,4,E01011772,0,3
2024211525657,2024,211525657,2,9,0,-1,19,6,6,-1,0,0,0,0,0,0,2,1,-1,9,1,21,5,1197,1,11,VOLKSWAGEN POLO,7,E01014137,0,4
2024340WN4322,2024,340WN4322,2,9,0,-1,19,6,2,-1,0,8,0,0,0,0,1,1,-1,2,1,27,6,999,1,6,VOLKSWAGEN POLO,1,E01032979,0,2
2024201520389,2024,201520389,1,9,0,-1,9,7,6,-1,0,8,0,0,0,0,3,1,-1,9,1,28,6,1422,2,16,VOLKSWAGEN POLO,1,E01008901,0,1
2024131478874,2024,131478874,2,9,0,-1,19,1,5,-1,0,3,0,0,0,0,1,1,-1,9,1,18,4,1198,1,10,VOLKSWAGEN POLO,8,E01011254,0,4
2024361427304,2024,361427304,2,9,0,-1,19,1,6,-1,0,8,1,0,0,0,1,1,-1,9,1,21,5,1198,1,13,VOLKSWAGEN POLO,6,E01026494,0,4
2024361423351,2024,361423351,1,9,0,-1,19,7,3,-1,0,0,0,0,0,0,1,9,-1,6,1,19,4,999,1,8,VOLKSWAGEN POLO,8,E01026560,0,1
2024141395240,2024,141395240,2,9,0,-1,9,6,3,-1,0,0,0,0,0,0,1,1,-1,2,2,26,6,1198,1,14,VOLKSWAGEN POLO,2,E01007546,0,1
2024141492706,2024,141492706,2,9,0,-1,19,7,3,-1,0,1,0,0,0,0,1,1,-1,9,1,19,4,999,1,5,VOLKSWAGEN POLO,2,E01007322,0,1
2024430615249,2024,430615249,1,9,0,17,19,3,8,0,0,0,0,0,7,4,1,1,6,6,1,20,4,1395,1,9,VOLKSWAGEN POLO,-1,-1,0,-1
2024421524824,2024,421524824,1,9,0,-1,19,1,5,-1,9,0,1,0,1,0,1,1,-1,9,2,60,9,1198,1,15,VOLKSWAGEN POLO,6,E01035178,0,1
2024010510608,2024,010510608,1,9,0,18,19,1,5,0,0,1,0,0,0,0,1,1,6,6,2,39,7,1390,1,15,VOLKSWAGEN POLO,10,E01002938,0,1
2024201472618,2024,201472618,3,9,0,-1,9,1,3,-1,0,6,0,0,0,0,3,2,-1,6,-1,30,6,1198,1,14,VOLKSWAGEN POLO,-1,-1,0,-1
2024131460968,2024,131460968,1,9,0,-1,4,1,1,-1,0,8,0,0,0,0,1,1,-1,6,3,-1,-1,1197,1,9,VOLKSWAGEN POLO,-1,-1,0,-1
2024440196346,2024,440196346,2,9,0,9,9,8,6,0,0,8,0,0,0,0,1,1,6,6,1,28,6,999,1,6,VOLKSWAGEN POLO,3,E01034714,0,1
2024351542408,2024,351542408,2,9,0,-1,4,7,3,-1,0,0,0,0,0,0,2,1,-1,6,1,22,5,1197,1,7,VOLKSWAGEN POLO,4,E01015665,0,1
2024231528158,2024,231528158,1,9,0,-1,19,5,1,-1,0,0,0,0,0,0,1,1,-1,9,2,20,4,999,1,3,VOLKSWAGEN POLO,7,E01019770,0,5
2024061405390,2024,061405390,4,9,0,-1,19,5,1,-1,0,0,0,0,0,0,1,1,-1,6,1,22,5,1422,2,18,VOLKSWAGEN POLO,6,E01025351,0,4
2024141530504,2024,141530504,1,9,0,-1,19,3,8,-1,0,1,0,0,0,0,1,1,-1,6,1,38,7,1390,1,13,VOLKSWAGEN POLO,2,E01007680,0,2
2024010522914,2024,010522914,1,9,0,18,19,6,2,0,0,1,5,7,1,0,1,1,6,6,1,18,4,999,1,0,VOLKSWAGEN POLO,5,E01000469,0,2
2024041401793,2024,041401793,2,9,0,-1,19,6,8,-1,0,4,0,0,1,0,2,1,-1,2,2,19,4,1198,1,12,VOLKSWAGEN POLO,5,E01004894,0,4
2024311415072,2024,311415072,2,9,0,-1,19,8,4,-1,0,1,0,0,0,0,2,9,-1,6,1,25,5,1198,1,12,VOLKSWAGEN POLO,-1,-1,0,-1
2024052401826,2024,052401826,2,9,0,2,2,0,0,0,0,0,0,0,0,0,3,1,6,6,3,-1,-1,999,1,5,VOLKSWAGEN POLO,-1,-1,0,-1
2024010527564,2024,010527564,2,9,0,99,99,9,9,99,99,9,9,99,9,99,9,9,6,6,3,23,5,999,1,6,VOLKSWAGEN POLO,4,E01000547,0,2
2024211523546,2024,211523546,1,9,0,-1,9,5,7,-1,0,8,0,0,0,0,4,1,-1,6,1,45,7,1390,1,11,VOLKSWAGEN POLO,-1,-1,0,-1
2024351424555,2024,351424555,2,9,0,-1,-1,-1,-1,-1,-1,0,-1,-1,-1,0,3,9,-1,9,1,17,4,999,1,1,VOLKSWAGEN POLO,10,E01018198,0,1
2024070308710,2024,070308710,2,9,0,18,19,1,5,0,0,2,0,0,0,0,4,1,6,6,1,26,6,999,1,1,VOLKSWAGEN POLO,-1,-1,0,-1
2024361484322,2024,361484322,1,9,0,-1,9,5,3,-1,0,6,0,0,0,0,2,1,-1,6,1,25,5,1197,1,8,VOLKSWAGEN POLO,9,E01026839,0,3
2024010498166,2024,010498166,1,9,0,99,99,9,9,99,99,9,9,99,9,99,1,9,1,1,1,19,4,1197,1,11,VOLKSWAGEN POLO,7,E01002925,0,3
2024131503238,2024,131503238,1,9,0,-1,19,7,3,-1,0,8,0,0,0,0,1,1,-1,6,2,22,5,1198,1,13,VOLKSWAGEN POLO,3,E01011601,0,1
2024010527372,2024,010527372,2,9,0,9,9,7,5,0,0,8,0,0,0,0,4,1,2,2,2,31,6,1400,1,18,VOLKSWAGEN POLO,6,E01030586,0,4
2024351503956,2024,351503956,3,9,0,-1,4,5,1,-1,0,0,0,0,0,0,2,1,-1,6,1,17,4,1198,1,13,VOLKSWAGEN POLO,1,E01015607,0,1
2024320656558,2024,320656558,1,9,0,-1,-1,4,8,0,0,0,1,0,7,0,1,1,-1,-1,1,19,4,1197,1,9,VOLKSWAGEN POLO,8,E01026394,0,3
2024401460818,2024,401460818,2,9,-1,-1,-1,-1,-1,-1,-1,0,-1,-1,-1,0,2,9,-1,6,1,28,6,999,1,2,VOLKSWAGEN POLO,9,E01017454,0,1
2024991398042,2024,991398042,1,9,0,-1,19,6,2,-1,0,0,0,0,0,0,1,1,-1,9,1,18,4,1198,1,16,VOLKSWAGEN POLO,-1,-1,0,-1
2024302400296,2024,302400296,2,9,0,4,4,7,3,0,0,0,0,0,0,0,2,1,6,6,1,26,6,1400,1,16,VOLKSWAGEN POLO,7,E01019656,0,1
2024531527444,2024,531527444,1,9,0,-1,19,5,1,-1,0,1,0,0,0,0,3,1,-1,9,1,36,7,1390,1,14,VOLKSWAGEN POLO,2,E01022324,0,1
2024332400970,2024,332400970,1,9,0,-1,19,1,5,-1,0,0,0,0,0,0,1,1,-1,9,2,62,9,1390,1,22,VOLKSWAGEN POLO,1,E01013603,0,1
2024302400397,2024,302400397,1,9,0,18,19,1,5,0,0,8,0,0,1,0,1,1,6,6,1,18,4,1900,2,17,VOLKSWAGEN POLO,10,E01019558,0,1
2024122400232,2024,122400232,2,9,0,3,3,7,3,0,0,0,0,0,0,0,2,1,2,2,2,52,8,1390,1,11,VOLKSWAGEN POLO,6,E01027849,0,4
2024991452910,2024,991452910,2,9,0,-1,5,4,8,-1,0,7,0,0,0,0,1,1,-1,6,2,18,4,999,1,9,VOLKSWAGEN POLO,10,-1,0,1
2024131532618,2024,131532618,1,9,0,-1,19,3,7,-1,0,0,0,0,1,0,1,1,-1,6,2,16,4,1390,1,20,VOLKSWAGEN POLO,3,E01011154,0,1
2024131395396,2024,131395396,2,9,0,-1,-1,-1,-1,-1,-1,-1,-1,-1,-1,0,4,1,-1,6,2,23,5,999,1,2,VOLKSWAGEN POLO,2,E01011315,0,2
2024010541318,2024,010541318,1,9,0,99,99,9,9,99,99,9,9,99,9,99,9,9,6,6,1,63,9,1400,1,19,VOLKSWAGEN POLO,2,E01001161,0,1
2024522402585,2024,522402585,2,9,0,18,19,4,8,0,0,0,0,0,0,0,2,1,6,6,1,27,6,1400,1,19,VOLKSWAGEN POLO,2,E01014526,0,1
2024501521545,2024,501521545,3,9,0,-1,19,1,5,-1,0,0,0,0,0,0,1,1,-1,6,2,22,5,1390,1,13,VOLKSWAGEN POLO,4,E01019002,0,2
2024311505201,2024,311505201,1,9,0,-1,5,5,1,-1,0,8,0,0,0,0,4,1,-1,9,2,20,4,999,1,6,VOLKSWAGEN POLO,-1,-1,0,-1
2024451394022,2024,451394022,1,9,0,-1,19,5,1,-1,0,0,1,0,2,7,1,1,-1,9,2,23,5,1390,1,13,VOLKSWAGEN POLO,8,E01022633,0,2
2024221413595,2024,221413595,1,9,0,-1,5,2,8,-1,9,6,0,0,0,0,1,1,-1,6,2,25,5,1197,1,7,VOLKSWAGEN POLO,5,E01028931,0,1
2024991534068,2024,991534068,1,9,0,-1,4,1,4,-1,0,1,0,0,0,0,1,1,-1,2,2,28,6,999,1,9,VOLKSWAGEN POLO,5,-1,0,2
2024471521695,2024,471521695,3,9,0,-1,10,2,1,-1,0,0,0,0,0,0,0,1,-1,6,2,62,9,1198,1,11,VOLKSWAGEN POLO,5,E01031771,0,2
2024622400878,2024,622400878,3,9,0,10,10,4,8,0,0,1,0,0,0,0,1,1,6,6,1,59,9,1984,1,6,VOLKSWAGEN POLO,10,W01001736,0,1
2024421454391,2024,421454391,1,9,0,-1,14,1,6,-1,0,0,0,0,0,0,1,1,-1,9,1,20,4,1198,1,12,VOLKSWAGEN POLO,9,E01021257,0,1
2024340NN0612,2024,340NN0612,1,9,0,-1,5,5,1,-1,0,4,1,0,1,1,3,1,-1,9,2,18,4,999,1,10,VOLKSWAGEN POLO,10,E01027067,0,1
2024522500184,2024,522500184,1,9,0,18,19,2,6,0,0,2,0,0,0,0,1,1,6,6,1,21,5,1400,1,18,VOLKSWAGEN POLO,9,E01035230,0,1
2024010545602,2024,010545602,1,9,0,99,99,9,9,99,99,9,9,99,9,99,9,9,6,6,2,45,7,999,1,6,VOLKSWAGEN POLO,3,E01001177,0,2
2024041441603,2024,041441603,2,9,0,-1,5,3,7,-1,0,0,1,0,0,0,2,1,-1,9,2,17,4,999,1,7,VOLKSWAGEN POLO,3,E01025209,0,1
2024201499205,2024,201499205,1,9,0,-1,6,2,2,-1,0,2,0,0,0,0,1,9,-1,6,3,40,7,999,1,7,VOLKSWAGEN POLO,-1,-1,0,-1
2024041413337,2024,041413337,2,9,0,-1,19,5,1,-1,0,0,0,0,0,0,2,1,-1,1,2,53,8,1197,1,7,VOLKSWAGEN POLO,7,E01025141,0,2
2024631520898,2024,631520898,1,9,0,-1,19,8,4,-1,0,6,1,0,3,11,4,1,-1,9,1,17,4,1198,1,11,VOLKSWAGEN POLO,7,W01000556,0,2
2024010507638,2024,010507638,1,9,0,18,19,7,3,0,0,1,0,0,0,0,4,1,6,6,1,68,10,1390,1,16,VOLKSWAGEN POLO,9,E01003818,0,1
2024010523542,2024,010523542,1,9,0,18,19,2,6,0,0,1,0,0,0,0,1,1,6,6,2,28,6,1197,1,8,VOLKSWAGEN POLO,10,E01021757,0,3
2024411454942,2024,411454942,1,9,0,-1,19,7,3,-1,9,0,0,0,7,11,1,1,-1,2,1,29,6,999,1,8,VOLKSWAGEN POLO,9,E01023318,0,1
2024622500006,2024,622500006,1,9,0,18,19,4,8,0,0,0,0,0,0,0,1,1,6,6,1,29,6,1390,1,20,VOLKSWAGEN POLO,1,W01001874,0,2
2024991432100,2024,991432100,2,9,0,-1,19,4,7,-1,0,0,0,0,1,0,1,1,-1,6,2,77,11,1198,1,12,VOLKSWAGEN POLO,6,-1,0,3
2024320546384,2024,320546384,2,9,0,-1,-1,7,3,0,0,0,0,0,0,0,1,1,6,6,2,25,5,999,1,0,VOLKSWAGEN POLO,4,E01026071,0,1
2024430446723,2024,430446723,1,9,0,9,9,7,5,0,0,0,0,0,0,2,1,1,1,1,1,29,6,1198,1,17,VOLKSWAGEN POLO,4,E01028516,0,1
2024371516692,2024,371516692,1,9,0,-1,19,3,4,-1,0,0,5,4,0,0,4,1,-1,2,1,36,7,999,1,9,VOLKSWAGEN POLO,5,E01029884,0,1
2024451499856,2024,451499856,1,9,0,-1,9,3,1,-1,0,8,0,0,1,2,3,1,-1,9,2,26,6,1198,1,14,VOLKSWAGEN POLO,3,E01023145,0,2
2024131487381,2024,131487381,1,9,0,-1,19,3,7,-1,0,1,0,0,0,0,1,1,-1,2,1,42,7,1197,1,9,VOLKSWAGEN POLO,1,E01011025,0,1
2024991524580,2024,991524580,2,9,0,-1,3,3,7,-1,0,0,0,0,0,0,2,1,-1,2,2,22,5,999,1,6,VOLKSWAGEN POLO,3,-1,0,3
2024520500418,2024,520500418,1,9,0,18,19,5,1,0,0,0,0,0,1,9,1,1,6,6,1,40,7,1198,1,18,VOLKSWAGEN POLO,4,E01029050,0,2
2024131459154,2024,131459154,1,9,0,-1,19,1,5,-1,0,3,0,0,0,0,4,1,-1,9,1,34,6,1198,1,13,VOLKSWAGEN POLO,5,E01011819,0,2
2024451453492,2024,451453492,1,9,0,-1,19,5,1,-1,0,0,0,0,0,0,1,1,-1,2,1,26,6,999,1,9,VOLKSWAGEN POLO,10,E01030316,0,1