collision_index,collision_year,collision_ref_no,vehicle_reference,vehicle_type,towing_and_articulation,vehicle_manoeuvre_historic,vehicle_manoeuvre,vehicle_direction_from,vehicle_direction_to,vehicle_location_restricted_lane_historic,vehicle_location_restricted_lane,junction_location,skidding_and_overturning,hit_object_in_carriageway,vehicle_leaving_carriageway,hit_object_off_carriageway,first_point_of_impact,vehicle_left_hand_drive,journey_purpose_of_driver_historic,journey_purpose_of_driver,sex_of_driver,age_of_driver,age_band_of_driver,engine_capacity_cc,propulsion_code,age_of_vehicle,generic_make_model,driver_imd_decile,lsoa_of_driver,escooter_flag,driver_distance_banding
2024622400174,2024,622400174,1,9,0,18,19,3,7,0,0,0,0,0,0,0,1,1,6,6,1,52,8,1422,2,9,VOLKSWAGEN POLO,3,W01000746,0,1
2024320654120,2024,320654120,1,9,0,-1,-1,4,8,0,0,0,0,0,7,7,1,1,-1,-1,1,19,4,1380,1,14,VOLKSWAGEN POLO,8,E01032996,0,4
2024311525312,2024,311525312,1,9,0,-1,19,5,5,-1,0,0,0,4,0,0,1,1,-1,9,1,21,5,1380,1,12,VOLKSWAGEN POLO,7,E01033410,0,1
2024451450948,2024,451450948,1,9,0,-1,19,5,1,-1,0,0,0,0,0,0,3,1,-1,9,1,75,10,1043,1,34,VOLKSWAGEN POLO,10,E01030448,0,1
2024991433250,2024,991433250,1,9,0,-1,19,2,6,-1,9,0,2,10,0,0,1,1,-1,9,2,76,11,999,1,1,VOLKSWAGEN POLO,10,-1,0,1
2024101504072,2024,101504072,1,9,0,-1,19,5,1,-1,0,0,0,0,0,0,1,1,-1,9,1,18,4,1198,1,12,VOLKSWAGEN POLO,1,E01008331,0,1
2024501498250,2024,501498250,1,9,0,-1,19,7,3,-1,9,1,1,0,3,2,1,1,-1,6,2,97,11,1390,1,10,VOLKSWAGEN POLO,9,E01019970,0,1
2024440544931,2024,440544931,1,9,0,18,19,1,5,0,0,0,5,0,0,0,1,1,6,6,2,78,11,1197,1,7,VOLKSWAGEN POLO,-1,-1,0,-1
2024361438514,2024,361438514,1,9,0,-1,13,1,1,-1,0,0,0,0,0,0,4,1,-1,2,1,21,5,1395,1,9,VOLKSWAGEN POLO,6,E01026771,0,3
2024351460354,2024,351460354,2,9,0,-1,19,4,8,-1,0,0,0,0,0,0,1,1,-1,2,2,18,4,999,1,1,VOLKSWAGEN POLO,8,E01018289,0,2
2024451440933,2024,451440933,2,9,0,-1,3,2,6,-1,0,2,1,0,0,0,1,1,-1,9,1,24,5,1198,1,15,VOLKSWAGEN POLO,9,E01030301,0,1
2024421517775,2024,421517775,2,9,0,-1,-1,-1,-1,-1,-1,-1,-1,-1,-1,0,-1,9,-1,6,2,21,5,999,1,0,VOLKSWAGEN POLO,8,E01021547,0,1
2024122500032,2024,122500032,1,9,0,2,2,0,0,0,0,0,0,0,0,0,3,1,6,6,1,18,4,1197,1,8,VOLKSWAGEN POLO,9,E01013342,0,2
2024010529544,2024,010529544,2,9,0,18,19,7,3,0,0,0,0,0,0,0,3,1,6,6,1,26,6,1198,1,13,VOLKSWAGEN POLO,4,E01003637,0,1
2024010505245,2024,010505245,2,9,0,18,19,1,5,0,0,0,0,0,0,0,1,1,6,6,3,-1,-1,1400,1,17,VOLKSWAGEN POLO,-1,-1,0,-1
2024131500775,2024,131500775,2,9,0,-1,19,7,3,-1,0,1,0,0,0,0,1,1,-1,9,1,37,7,1198,1,14,VOLKSWAGEN POLO,1,E01011426,0,1
2024501441425,2024,501441425,1,9,0,-1,19,3,7,-1,0,2,5,10,2,10,1,1,-1,2,1,31,6,1390,1,21,VOLKSWAGEN POLO,3,E01019070,0,2
2024461532648,2024,461532648,2,9,0,-1,2,0,0,-1,-1,0,0,0,0,0,1,1,-1,9,3,-1,-1,1198,1,19,VOLKSWAGEN POLO,-1,-1,0,-1
2024061503113,2024,061503113,1,9,0,-1,7,5,7,-1,0,2,0,0,0,0,3,1,-1,9,2,75,10,999,1,8,VOLKSWAGEN POLO,2,E01005378,0,1
2024501498080,2024,501498080,2,9,0,-1,3,5,1,-1,0,1,0,0,0,0,2,1,-1,6,1,43,7,1390,1,16,VOLKSWAGEN POLO,5,E01020174,0,2
2024010517710,2024,010517710,1,9,0,99,99,9,9,99,99,9,9,99,9,99,0,9,6,6,2,47,8,1390,1,12,VOLKSWAGEN POLO,8,E01000216,0,1
2024371430948,2024,371430948,1,9,0,-1,19,2,6,-1,0,0,0,0,0,0,1,1,-1,6,2,47,8,1390,1,12,VOLKSWAGEN POLO,2,E01000052,0,5
2024430445985,2024,430445985,2,9,0,2,2,0,0,0,0,1,0,0,0,0,4,1,6,6,3,-1,-1,1198,1,13,VOLKSWAGEN POLO,-1,-1,0,-1
2024010517233,2024,010517233,2,9,0,11,11,3,7,0,0,0,0,0,0,0,4,1,2,2,1,21,5,1198,1,12,VOLKSWAGEN POLO,-1,-1,0,-1
2024201513084,2024,201513084,1,9,0,-1,9,6,4,-1,0,8,0,0,0,0,1,1,-1,6,2,20,4,999,1,6,VOLKSWAGEN POLO,7,E01009949,0,1
2024010509325,2024,010509325,2,9,0,-1,-1,1,5,0,0,0,0,0,0,0,3,1,6,6,2,21,5,999,1,5,VOLKSWAGEN POLO,6,E01000318,0,1
2024547544124,2024,547544124,1,9,0,18,19,8,4,0,0,8,0,0,0,0,1,1,6,6,1,40,7,1198,1,18,VOLKSWAGEN POLO,4,E01022358,0,4
2024552401354,2024,552401354,1,9,0,5,5,8,4,0,0,6,0,0,0,0,3,1,3,7,2,33,6,1198,1,12,VOLKSWAGEN POLO,7,E01020361,0,1
2024041408391,2024,041408391,3,9,0,-1,9,7,3,-1,0,0,0,0,0,0,3,1,-1,9,1,70,10,999,1,4,VOLKSWAGEN POLO,10,E01027561,0,3
2024131497876,2024,131497876,1,9,0,-1,9,5,3,-1,0,0,0,0,0,0,1,1,-1,2,1,39,7,999,1,0,VOLKSWAGEN POLO,5,E01010689,0,1
2024440367788,2024,440367788,1,9,0,18,19,7,3,0,0,8,0,0,0,0,1,1,6,6,2,52,8,1198,1,10,VOLKSWAGEN POLO,7,E01017197,0,3
2024201433449,2024,201433449,1,9,0,-1,5,6,8,-1,0,4,0,0,0,0,1,9,-1,2,2,22,5,999,1,5,VOLKSWAGEN POLO,2,E01032538,0,2
2024131418640,2024,131418640,1,9,0,-1,19,5,1,-1,0,0,5,10,0,0,3,1,-1,9,1,18,4,1198,1,10,VOLKSWAGEN POLO,9,E01025321,0,4
2024451497611,2024,451497611,1,9,0,-1,9,3,5,-1,0,6,0,0,0,0,1,1,-1,9,1,53,8,1198,1,10,VOLKSWAGEN POLO,5,E01030974,0,1
2024541638824,2024,541638824,1,9,0,9,9,8,6,0,0,5,0,0,0,0,1,1,6,6,2,41,7,1390,1,11,VOLKSWAGEN POLO,9,E01002958,0,5
2024041490722,2024,041490722,2,9,0,-1,9,1,2,-1,0,1,0,0,0,0,1,1,-1,9,1,42,7,1199,2,11,VOLKSWAGEN POLO,7,E01025081,0,1
2024411407529,2024,411407529,1,9,0,-1,4,8,3,-1,0,0,0,0,0,0,1,1,-1,6,2,31,6,1197,1,8,VOLKSWAGEN POLO,9,E01035572,0,1
2024332401128,2024,332401128,2,9,0,-1,5,6,2,-1,0,6,0,0,0,0,1,1,-1,1,2,27,6,999,1,3,VOLKSWAGEN POLO,4,E01013747,0,1
2024041406069,2024,041406069,1,9,0,-1,19,4,8,-1,0,0,5,0,1,4,1,1,-1,9,1,17,4,1198,1,11,VOLKSWAGEN POLO,10,E01019462,0,4
2024231534345,2024,231534345,1,9,0,-1,5,4,8,-1,0,6,0,0,0,0,3,1,-1,9,1,20,4,1390,1,20,VOLKSWAGEN POLO,10,E01031300,0,1
2024302401158,2024,302401158,1,9,0,18,19,7,4,0,0,8,0,0,0,0,1,1,6,6,2,20,4,999,1,7,VOLKSWAGEN POLO,9,E01005849,0,3
2024201516293,2024,201516293,1,9,0,-1,13,5,1,-1,0,8,0,0,0,0,1,1,-1,6,1,-1,-1,999,1,0,VOLKSWAGEN POLO,-1,-1,0,-1
2024471525305,2024,471525305,1,9,0,-1,9,3,1,-1,0,6,0,0,0,0,3,1,-1,2,1,20,4,1198,1,13,VOLKSWAGEN POLO,7,E01021222,0,2
2024520003025,2024,520003025,1,9,0,-1,-1,3,8,0,0,8,0,0,0,0,4,1,6,6,2,47,8,1400,1,19,VOLKSWAGEN POLO,10,E01014429,0,1
2024991546333,2024,991546333,2,9,0,-1,19,8,4,-1,0,3,0,0,0,0,1,1,-1,6,1,24,5,1390,1,13,VOLKSWAGEN POLO,4,-1,0,1
2024522403257,2024,522403257,2,9,0,9,9,7,5,0,0,8,0,0,1,2,4,1,6,6,2,19,4,1198,1,12,VOLKSWAGEN POLO,2,E01014660,0,2
2024991442890,2024,991442890,1,9,0,-1,7,3,5,-1,0,1,0,0,0,0,4,1,-1,6,2,19,4,999,1,6,VOLKSWAGEN POLO,2,-1,0,1
202454A900324,2024,54A900324,2,9,0,18,19,5,1,0,0,1,0,0,0,0,1,1,6,6,2,58,9,999,1,4,VOLKSWAGEN POLO,6,E01032075,0,3
2024430201303,2024,430201303,1,9,0,3,3,8,4,0,0,1,0,0,0,0,2,1,2,2,1,28,6,1198,1,13,VOLKSWAGEN POLO,3,E01032730,0,2
2024041442762,2024,041442762,1,9,0,-1,19,1,4,-1,0,0,0,0,0,0,1,1,-1,1,1,24,5,999,1,9,VOLKSWAGEN POLO,3,E01012587,0,3
2024461416989,2024,461416989,5,9,0,-1,2,0,0,-1,0,0,0,4,0,0,1,9,-1,6,2,-1,-1,1198,1,17,VOLKSWAGEN POLO,2,E01024218,0,1
2024122500050,2024,122500050,1,9,0,5,5,5,1,9,9,6,0,0,0,0,1,1,6,6,2,22,5,999,1,7,VOLKSWAGEN POLO,10,E01013355,0,1
2024161461112,2024,161461112,2,9,0,-1,15,7,3,-1,0,2,0,7,0,0,1,1,-1,6,1,20,4,1199,2,12,VOLKSWAGEN POLO,6,E01013253,0,2
2024440548593,2024,440548593,2,9,0,4,4,5,1,0,0,0,0,0,0,0,2,1,6,6,1,33,6,1422,2,16,VOLKSWAGEN POLO,6,E01032884,0,2
2024061518591,2024,061518591,1,9,0,-1,10,8,4,-1,0,8,0,0,0,0,1,1,-1,9,2,26,6,999,1,3,VOLKSWAGEN POLO,7,E01006155,0,1
2024991529488,2024,991529488,2,9,0,-1,7,8,4,-1,0,8,0,0,0,0,1,1,-1,6,2,46,8,1197,1,8,VOLKSWAGEN POLO,7,-1,0,1
2024401443690,2024,401443690,2,9,0,-1,19,4,6,-1,0,4,0,0,0,0,4,1,-1,9,2,28,6,1984,1,5,VOLKSWAGEN POLO,4,E01017522,0,1
2024471488286,2024,471488286,2,9,0,-1,3,3,7,-1,0,0,0,0,0,0,2,1,-1,9,1,58,9,1197,1,10,VOLKSWAGEN POLO,9,E01021161,0,3
2024061436001,2024,061436001,1,9,0,-1,19,1,5,-1,0,8,0,0,0,0,1,1,-1,9,1,19,4,999,1,4,VOLKSWAGEN POLO,3,E01006340,0,1
2024546917424,2024,546917424,2,9,0,18,19,8,4,0,0,0,1,0,0,0,3,1,2,2,1,18,4,1198,1,14,VOLKSWAGEN POLO,2,E01035126,0,4
2024041509754,2024,041509754,2,9,0,-1,19,3,7,-1,0,1,1,0,5,1,4,1,-1,6,1,33,6,1199,2,13,VOLKSWAGEN POLO,2,E01025306,0,1
2024070183650,2024,070183650,2,9,0,2,2,1,6,9,9,2,0,0,0,0,2,1,6,6,1,-1,-1,999,1,5,VOLKSWAGEN POLO,5,E01018613,0,1
2024471514611,2024,471514611,1,9,0,-1,19,8,5,-1,0,0,0,0,2,4,1,1,-1,1,1,19,4,999,1,5,VOLKSWAGEN POLO,9,E01031685,0,4
2024211492208,2024,211492208,1,9,0,-1,7,7,4,-1,0,2,0,0,0,0,1,1,-1,9,2,41,7,1390,1,11,VOLKSWAGEN POLO,10,E01029759,0,1
2024070294034,2024,070294034,1,9,0,9,9,3,1,0,0,5,0,0,0,0,2,1,6,6,1,-1,-1,999,1,3,VOLKSWAGEN POLO,8,E01012496,0,1
2024010511131,2024,010511131,1,9,0,9,9,5,3,0,0,8,0,0,0,0,1,1,6,6,1,31,6,1198,1,14,VOLKSWAGEN POLO,4,E01034611,0,1
2024070827406,2024,070827406,1,9,0,-1,9,6,4,-1,0,8,0,0,0,0,4,1,-1,6,1,19,4,1198,1,11,VOLKSWAGEN POLO,10,E01018325,0,1
2024610057424,2024,610057424,2,9,0,18,19,7,3,0,0,4,0,0,0,0,1,1,6,6,1,17,4,999,1,10,VOLKSWAGEN POLO,2,W01001685,0,3
2024371475076,2024,371475076,1,9,0,-1,19,5,1,-1,0,0,1,0,7,0,1,1,-1,9,2,33,6,1896,2,19,VOLKSWAGEN POLO,7,E01018294,0,4
2024010550602,2024,010550602,1,9,0,99,99,9,9,99,99,0,9,99,9,99,9,9,6,6,1,51,8,1198,1,12,VOLKSWAGEN POLO,1,E01004005,0,2
2024622400534,2024,622400534,1,9,0,1,1,1,5,0,0,0,0,0,0,0,2,1,6,6,1,22,5,1197,1,9,VOLKSWAGEN POLO,1,W01001203,0,2
2024411501005,2024,411501005,1,9,0,-1,19,6,2,-1,0,0,0,0,0,0,4,1,-1,7,2,30,6,1984,1,6,VOLKSWAGEN POLO,9,E01017624,0,4
2024041517477,2024,041517477,1,9,0,-1,19,5,1,-1,0,0,1,0,2,4,1,1,-1,9,1,23,5,1390,1,16,VOLKSWAGEN POLO,7,E01025169,0,1
2024122400786,2024,122400786,2,9,0,18,19,8,5,0,0,0,0,0,0,0,1,1,6,6,2,21,5,1198,1,11,VOLKSWAGEN POLO,10,E01027576,0,2
2024131400067,2024,131400067,2,9,0,-1,19,2,6,-1,0,0,0,0,0,0,2,1,-1,6,1,44,7,1198,1,11,VOLKSWAGEN POLO,2,E01011281,0,1
2024161449642,2024,161449642,1,9,0,-1,9,5,3,-1,0,8,0,0,0,0,4,1,-1,6,1,21,5,1200,1,22,VOLKSWAGEN POLO,10,E01013328,0,1
2024041426572,2024,041426572,1,9,0,-1,19,5,3,-1,1,0,0,4,0,0,1,1,-1,9,1,19,4,1198,1,19,VOLKSWAGEN POLO,3,E01025011,0,1
2024522500433,2024,522500433,2,9,0,18,19,5,1,0,0,0,0,0,0,0,1,1,6,6,3,-1,-1,1198,1,13,VOLKSWAGEN POLO,-1,-1,0,-1
2024010499364,2024,010499364,2,9,0,9,9,1,6,0,0,1,0,0,0,0,1,1,2,2,1,35,6,1400,1,19,VOLKSWAGEN POLO,5,E01035690,0,1
2024010527515,2024,010527515,2,9,0,13,13,9,9,99,99,0,9,99,9,99,1,9,6,6,3,-1,-1,999,1,3,VOLKSWAGEN POLO,-1,-1,0,-1
2024302401313,2024,302401313,1,9,0,18,19,1,5,0,0,0,0,0,0,0,1,1,6,6,1,20,4,1390,1,11,VOLKSWAGEN POLO,-1,-1,0,-1
2024122401173,2024,122401173,2,9,0,9,9,7,5,0,0,5,0,0,0,0,3,1,1,1,2,30,6,999,1,9,VOLKSWAGEN POLO,7,E01027592,0,2
2024430085754,2024,430085754,2,9,0,17,19,1,6,0,0,8,0,0,0,0,3,1,2,2,2,25,5,1390,1,17,VOLKSWAGEN POLO,7,E01028732,0,1
2024041429962,2024,041429962,2,9,0,-1,12,1,2,-1,0,0,1,0,0,0,3,1,-1,6,2,50,8,1598,2,13,VOLKSWAGEN POLO,-1,-1,0,-1
2024311416360,2024,311416360,1,9,0,-1,19,7,3,-1,0,0,2,0,0,0,4,9,-1,9,1,19,4,1197,1,13,VOLKSWAGEN POLO,10,E01028403,0,2
2024440417636,2024,440417636,2,9,0,17,19,5,1,0,0,0,0,0,0,0,1,1,6,6,1,26,6,1198,1,21,VOLKSWAGEN POLO,8,E01017252,0,3
2024531464447,2024,531464447,1,9,0,-1,19,7,3,-1,0,0,5,0,0,0,1,1,-1,6,2,21,5,1198,1,10,VOLKSWAGEN POLO,9,E01022369,0,2
2024421505996,2024,421505996,1,9,0,-1,19,3,7,-1,0,0,0,0,7,4,1,1,-1,9,1,18,4,1198,1,14,VOLKSWAGEN POLO,7,E01021552,0,1
202454A316324,2024,54A316324,1,9,0,18,19,2,6,0,0,0,0,0,7,11,3,1,6,6,2,20,4,999,1,3,VOLKSWAGEN POLO,9,E01031958,0,1
2024531519564,2024,531519564,2,9,0,-1,2,0,0,-1,0,0,0,0,0,0,1,1,-1,6,-1,-1,-1,1198,1,14,VOLKSWAGEN POLO,-1,-1,0,-1
2024010521577,2024,010521577,1,9,0,99,99,9,9,99,99,9,9,99,9,99,9,9,6,6,2,72,10,1400,1,18,VOLKSWAGEN POLO,8,E01001455,0,1
2024440014854,2024,440014854,2,9,0,17,19,4,8,0,0,0,0,0,0,0,1,1,6,6,2,-1,-1,1422,2,21,VOLKSWAGEN POLO,-1,-1,0,-1
2024520402905,2024,520402905,2,9,0,18,19,5,2,0,0,8,0,0,0,0,1,1,6,6,2,23,5,1198,1,12,VOLKSWAGEN POLO,4,E01029025,0,1
2024052400361,2024,052400361,1,9,0,18,19,5,1,0,0,0,0,0,2,2,1,1,6,6,2,19,4,1198,1,14,VOLKSWAGEN POLO,5,E01025508,0,2
2024361484753,2024,361484753,1,9,0,-1,19,8,2,-1,0,0,0,0,0,0,1,1,-1,9,1,21,5,1422,2,16,VOLKSWAGEN POLO,4,E01026733,0,3
2024541754724,2024,541754724,1,9,0,4,4,3,8,0,0,0,2,0,0,0,1,1,6,6,1,17,4,1198,1,18,VOLKSWAGEN POLO,7,E01034551,0,1
2024052402521,2024,052402521,1,9,0,18,19,5,1,0,0,0,0,0,0,0,1,1,6,6,1,50,8,1198,1,15,VOLKSWAGEN POLO,1,E01006702,0,1
2024221420144,2024,221420144,1,9,0,-1,19,6,2,-1,0,8,0,0,0,0,4,9,-1,6,1,22,5,1198,1,10,VOLKSWAGEN POLO,1,E01009137,0,4
2024141533697,2024,141533697,1,9,0,-1,19,7,2,-1,9,1,0,0,1,11,4,1,-1,6,1,89,11,1198,1,14,VOLKSWAGEN POLO,3,E01007459,0,1
2024041515338,2024,041515338,1,9,0,-1,2,3,7,-1,0,1,0,4,0,0,1,1,-1,9,1,19,4,1400,2,18,VOLKSWAGEN POLO,8,E01012583,0,4
2024440207060,2024,440207060,1,9,0,5,5,2,6,0,0,0,0,0,0,0,3,1,6,6,1,52,8,999,1,3,VOLKSWAGEN POLO,1,E01017241,0,1
2024351500997,2024,351500997,1,9,0,-1,19,3,1,-1,0,1,1,0,7,10,1,1,-1,9,1,20,4,1198,1,17,VOLKSWAGEN POLO,6,E01018035,0,1
2024430036565,2024,430036565,1,9,0,18,19,3,7,0,0,0,0,0,0,0,4,1,6,6,1,19,4,1198,1,10,VOLKSWAGEN POLO,9,E01032950,0,1
2024471473256,2024,471473256,1,9,0,-1,13,6,2,-1,0,0,0,0,0,0,1,9,-1,6,1,27,6,1390,1,13,VOLKSWAGEN POLO,2,E01001172,0,4
2024010502664,2024,010502664,1,9,0,18,19,3,7,0,0,0,0,0,0,0,3,1,6,6,2,27,6,1390,1,13,VOLKSWAGEN POLO,5,E01003784,0,3
2024010541484,2024,010541484,1,9,0,6,6,5,5,0,0,0,0,0,0,0,3,1,6,6,2,25,5,999,1,0,VOLKSWAGEN POLO,8,E01030478,0,4
2024440298102,2024,440298102,2,9,0,18,19,1,5,0,0,1,0,0,0,0,1,1,6,6,2,62,9,1198,1,13,VOLKSWAGEN POLO,8,E01031765,0,4
2024131411126,2024,131411126,1,9,0,-1,9,5,1,-1,0,2,0,0,0,0,4,1,-1,6,1,22,5,1198,1,14,VOLKSWAGEN POLO,9,E01028386,0,5
2024070318446,2024,070318446,1,9,0,18,19,5,1,0,0,0,0,0,1,11,1,1,6,6,1,25,5,1390,1,20,VOLKSWAGEN POLO,4,E01013662,0,5
2024430395330,2024,430395330,2,9,0,4,4,7,3,0,0,1,0,0,0,0,2,1,2,2,1,-1,-1,1190,1,13,VOLKSWAGEN POLO,-1,-1,0,-1
2024010523244,2024,010523244,1,9,0,6,6,5,5,0,0,2,0,0,0,0,3,1,6,6,2,34,6,1198,1,14,VOLKSWAGEN POLO,-1,-1,0,-1
2024440502054,2024,440502054,2,9,0,18,19,1,5,0,0,1,0,0,0,0,1,1,2,2,1,68,10,1400,1,17,VOLKSWAGEN POLO,10,E01022664,0,4
2024991434104,2024,991434104,1,9,0,-1,19,3,7,-1,0,8,0,0,0,0,3,1,-1,9,1,74,10,999,1,5,VOLKSWAGEN POLO,10,-1,0,1
2024161497245,2024,161497245,1,9,0,-1,19,1,5,-1,0,0,5,0,0,0,1,1,-1,9,1,18,4,1896,2,20,VOLKSWAGEN POLO,8,E01013248,0,3
2024010497768,2024,010497768,2,9,0,18,19,5,1,0,0,0,0,4,0,0,3,1,6,6,1,25,5,1798,1,8,VOLKSWAGEN POLO,8,E01024816,0,4
2024461428007,2024,461428007,2,9,0,-1,5,4,3,-1,0,0,0,0,0,0,4,2,-1,9,2,20,4,1199,2,11,VOLKSWAGEN POLO,4,E01023997,0,2
2024101485953,2024,101485953,2,9,0,-1,19,3,7,-1,0,8,0,0,0,0,3,1,-1,2,2,50,8,999,1,3,VOLKSWAGEN POLO,5,E01035629,0,4
2024101443455,2024,101443455,2,9,0,-1,9,6,2,-1,0,0,0,0,0,0,3,2,-1,6,1,57,9,999,1,9,VOLKSWAGEN POLO,2,E01027541,0,3
2024010539702,2024,010539702,1,9,0,16,19,3,7,0,0,8,0,0,0,0,1,1,6,6,2,62,9,1400,1,17,VOLKSWAGEN POLO,-1,-1,0,-1
2024522402022,2024,522402022,1,9,0,10,10,6,2,0,0,8,0,0,1,0,2,1,6,6,2,56,9,1422,2,9,VOLKSWAGEN POLO,10,E01014869,0,1
2024501448154,2024,501448154,3,9,0,-1,2,0,0,-1,0,8,0,0,0,0,1,1,-1,6,2,73,10,1422,2,16,VOLKSWAGEN POLO,4,E01018980,0,2
2024501533116,2024,501533116,1,9,0,-1,4,6,2,-1,0,0,0,0,0,0,2,1,-1,6,1,21,5,1198,1,20,VOLKSWAGEN POLO,1,E01019029,0,1
2024622400356,2024,622400356,2,9,0,18,19,4,8,0,0,0,0,0,0,0,2,1,6,6,1,29,6,999,1,1,VOLKSWAGEN POLO,10,W01001591,0,4
2024471418725,2024,471418725,1,9,0,-1,19,6,2,-1,0,2,0,0,0,0,1,1,-1,9,2,75,10,1198,1,14,VOLKSWAGEN POLO,9,E01021161,0,1
2024430223843,2024,430223843,2,9,0,18,19,2,6,0,0,8,0,0,0,0,1,1,6,6,2,35,6,1198,1,13,VOLKSWAGEN POLO,2,E01016451,0,1
2024421463939,2024,421463939,1,9,0,-1,19,3,7,-1,9,8,2,0,2,1,1,2,-1,9,1,17,4,1198,1,16,VOLKSWAGEN POLO,8,E01021891,0,1
2024070183650,2024,070183650,3,9,0,2,2,1,6,9,9,2,0,0,0,0,1,1,6,6,2,-1,-1,1199,2,10,VOLKSWAGEN POLO,5,E01018613,0,1
2024010520860,2024,010520860,1,9,0,99,99,9,9,99,99,9,9,99,9,99,9,9,6,6,3,71,10,1198,1,16,VOLKSWAGEN POLO,6,E01001997,0,1
2024010508288,2024,010508288,1,9,0,99,99,9,9,99,99,9,9,99,9,99,9,9,6,6,2,28,6,1198,1,12,VOLKSWAGEN POLO,3,E01004011,0,1
2024221409452,2024,221409452,1,9,0,-1,19,5,1,-1,0,8,0,0,0,0,1,9,-1,6,1,23,5,1390,1,13,VOLKSWAGEN POLO,4,E01032355,0,2
2024010542889,2024,010542889,2,9,0,99,99,9,9,99,99,9,9,99,9,99,9,9,6,6,3,-1,-1,1198,1,10,VOLKSWAGEN POLO,6,E01003316,0,1
2024201469231,2024,201469231,1,9,0,-1,19,2,6,-1,0,0,0,0,0,0,1,9,-1,6,1,20,4,1390,1,13,VOLKSWAGEN POLO,-1,-1,0,-1
2024332401072,2024,332401072,1,9,0,-1,19,3,7,-1,0,0,0,0,0,0,1,1,-1,9,2,29,6,1197,1,7,VOLKSWAGEN POLO,3,E01013614,0,1
2024161453475,2024,161453475,1,9,0,-1,19,2,6,-1,0,0,2,0,0,0,1,1,-1,9,1,19,4,1198,1,17,VOLKSWAGEN POLO,1,E01013281,0,1
2024320716931,2024,320716931,1,9,0,-1,-1,4,8,0,0,0,1,0,1,0,1,1,-1,-1,2,22,5,999,1,6,VOLKSWAGEN POLO,9,E01012954,0,4
2024552401211,2024,552401211,2,9,0,2,2,0,0,0,0,0,0,0,2,11,2,1,6,6,1,24,5,999,1,6,VOLKSWAGEN POLO,9,E01015451,0,1
2024031506160,2024,031506160,1,9,0,-1,19,6,1,-1,0,0,0,0,0,0,1,1,-1,6,1,29,6,999,1,8,VOLKSWAGEN POLO,-1,-1,0,-1
2024221510505,2024,221510505,1,9,0,-1,19,4,8,-1,0,0,0,10,1,2,1,9,-1,6,1,20,4,1390,1,13,VOLKSWAGEN POLO,1,E01032471,0,1
2024522401276,2024,522401276,1,9,0,18,19,5,1,0,0,0,0,0,0,0,1,1,6,6,2,29,6,1390,1,14,VOLKSWAGEN POLO,10,E01035220,0,1
2024451522117,2024,451522117,2,9,0,-1,19,1,5,-1,0,6,0,0,8,11,3,1,-1,9,1,23,5,1390,1,14,VOLKSWAGEN POLO,10,E01004095,0,3
2024332400133,2024,332400133,1,9,0,-1,19,3,7,-1,0,1,0,0,0,0,1,1,-1,9,2,78,11,1390,1,21,VOLKSWAGEN POLO,6,E01013735,0,1
2024141459148,2024,141459148,3,9,0,-1,19,4,8,-1,0,1,1,0,7,11,1,1,-1,9,1,24,5,1395,1,9,VOLKSWAGEN POLO,2,E01007323,0,1
2024461408251,2024,461408251,2,9,0,-1,7,7,3,-1,0,1,0,0,7,0,2,1,-1,6,1,30,6,1198,1,18,VOLKSWAGEN POLO,4,E01024178,0,1
2024522402295,2024,522402295,8,9,0,2,2,0,0,0,0,0,0,0,0,0,3,1,6,6,3,-1,-1,1400,1,18,VOLKSWAGEN POLO,-1,-1,0,-1
2024461523446,2024,461523446,1,9,0,-1,19,7,3,-1,0,0,0,0,0,0,1,2,-1,6,1,18,4,1198,1,13,VOLKSWAGEN POLO,6,-1,0,5
2024010532431,2024,010532431,1,9,0,99,99,9,9,99,99,2,9,99,9,99,4,9,6,6,1,27,6,1380,1,12,VOLKSWAGEN POLO,4,E01002583,0,2
2024010534907,2024,010534907,3,9,0,18,19,5,1,0,0,0,5,0,0,0,1,1,6,6,1,23,5,1190,1,13,VOLKSWAGEN POLO,7,E01001269,0,4
2024131478269,2024,131478269,3,9,0,-1,2,0,0,-1,0,8,0,0,0,0,4,1,-1,6,-1,-1,-1,999,1,6,VOLKSWAGEN POLO,-1,-1,0,-1
2024471455252,2024,471455252,1,9,0,-1,19,1,5,-1,0,0,1,0,0,0,1,1,-1,9,2,57,9,1598,2,11,VOLKSWAGEN POLO,8,E01020987,0,4
2024371499738,2024,371499738,1,9,0,-1,4,6,5,-1,0,1,1,0,3,0,4,1,-1,9,1,17,4,999,1,1,VOLKSWAGEN POLO,7,E01029991,0,3
2024122500150,2024,122500150,2,9,0,8,8,8,3,0,0,4,0,0,0,0,2,1,6,6,2,54,8,1197,1,8,VOLKSWAGEN POLO,5,E01027594,0,3
2024522401453,2024,522401453,1,9,0,9,9,3,5,0,0,6,0,0,0,0,1,1,6,6,3,-1,-1,1197,1,9,VOLKSWAGEN POLO,-1,-1,0,-1
2024471517242,2024,471517242,1,9,0,-1,3,3,7,-1,0,1,0,0,0,0,2,1,-1,9,1,21,5,999,1,5,VOLKSWAGEN POLO,8,E01021081,0,1
2024010543351,2024,010543351,3,9,0,4,4,1,5,0,0,0,0,0,0,0,2,1,1,1,2,34,6,1390,1,15,VOLKSWAGEN POLO,4,E01001671,0,1