collision_index,collision_year,collision_ref_no,vehicle_reference,vehicle_type,towing_and_articulation,vehicle_manoeuvre_historic,vehicle_manoeuvre,vehicle_direction_from,vehicle_direction_to,vehicle_location_restricted_lane_historic,vehicle_location_restricted_lane,junction_location,skidding_and_overturning,hit_object_in_carriageway,vehicle_leaving_carriageway,hit_object_off_carriageway,first_point_of_impact,vehicle_left_hand_drive,journey_purpose_of_driver_historic,journey_purpose_of_driver,sex_of_driver,age_of_driver,age_band_of_driver,engine_capacity_cc,propulsion_code,age_of_vehicle,generic_make_model,driver_imd_decile,lsoa_of_driver,escooter_flag,driver_distance_banding
202417L207524,2024,17L207524,1,9,0,-1,19,4,8,-1,0,8,0,0,0,0,1,1,-1,9,2,18,4,999,1,0,VOLKSWAGEN POLO,1,E01010817,0,4
2024552400669,2024,552400669,1,9,0,5,5,5,1,0,0,6,0,0,0,0,1,1,6,6,1,18,4,999,1,10,VOLKSWAGEN POLO,6,E01032037,0,2
2024411533928,2024,411533928,1,9,0,-1,9,4,2,-1,0,8,0,0,0,0,4,1,-1,2,2,54,8,999,1,6,VOLKSWAGEN POLO,10,E01023614,0,4
2024440525901,2024,440525901,1,9,0,5,5,7,1,0,0,6,0,0,0,0,4,1,6,6,1,31,6,999,1,6,VOLKSWAGEN POLO,3,E01017054,0,1
2024361394407,2024,361394407,1,9,0,-1,4,1,5,-1,0,1,0,0,0,0,0,9,-1,6,2,78,11,999,1,6,VOLKSWAGEN POLO,6,E01026764,0,1
2024471520172,2024,471520172,1,9,0,-1,5,5,7,-1,-1,1,0,4,0,0,1,1,-1,9,2,88,11,1390,1,16,VOLKSWAGEN POLO,6,E01031528,0,1
2024010531410,2024,010531410,1,9,0,18,19,5,1,0,0,8,0,0,0,0,1,1,6,6,1,28,6,1422,2,8,VOLKSWAGEN POLO,9,E01001532,0,3
2024010496059,2024,010496059,1,9,0,99,99,9,9,99,99,9,9,99,9,99,2,9,6,6,2,28,6,1198,1,13,VOLKSWAGEN POLO,4,E01004392,0,2
2024131502239,2024,131502239,3,9,0,-1,2,0,0,-1,0,8,0,0,0,0,2,1,-1,6,-1,-1,-1,1390,1,17,VOLKSWAGEN POLO,-1,-1,0,-1
2024010490633,2024,010490633,1,9,0,3,3,1,5,9,9,2,0,10,1,1,1,1,1,1,1,61,9,999,1,9,VOLKSWAGEN POLO,5,E01003134,0,1
2024061465586,2024,061465586,1,9,0,-1,19,2,6,-1,0,0,2,0,0,0,1,1,-1,2,1,18,4,999,1,5,VOLKSWAGEN POLO,8,E01004970,0,2
2024010533972,2024,010533972,2,9,0,3,3,3,7,0,0,0,0,0,0,0,4,1,6,6,2,58,9,999,1,2,VOLKSWAGEN POLO,3,E01001188,0,2
2024430341068,2024,430341068,1,9,0,9,9,2,8,0,0,5,0,0,0,0,4,1,6,6,2,75,10,1390,1,16,VOLKSWAGEN POLO,7,E01017835,0,1
2024340NN4372,2024,340NN4372,1,9,0,-1,9,7,3,-1,0,8,0,0,0,0,1,1,-1,9,2,92,11,1390,1,10,VOLKSWAGEN POLO,4,E01027327,0,1
2024440063422,2024,440063422,2,9,0,18,19,6,2,0,0,0,0,0,0,0,1,1,6,6,2,17,4,1197,1,9,VOLKSWAGEN POLO,8,E01032881,0,2
202417H102424,2024,17H102424,2,9,0,-1,19,4,8,-1,0,8,0,0,0,0,1,1,-1,9,1,21,5,999,1,4,VOLKSWAGEN POLO,1,E01012000,0,1
2024010535407,2024,010535407,2,9,0,18,19,5,1,0,0,8,0,0,0,0,2,1,6,6,3,-1,-1,1198,1,13,VOLKSWAGEN POLO,-1,-1,0,-1
2024010506011,2024,010506011,1,9,0,99,99,9,9,99,99,9,9,99,9,99,2,9,6,6,2,31,6,999,1,10,VOLKSWAGEN POLO,5,E01004396,0,1
2024991482194,2024,991482194,1,9,0,-1,19,4,8,-1,0,0,1,0,7,0,1,1,-1,9,1,19,4,1198,1,16,VOLKSWAGEN POLO,2,-1,0,4
2024440065048,2024,440065048,4,9,0,4,4,2,6,0,0,0,0,0,0,0,2,1,6,6,2,24,5,1390,1,16,VOLKSWAGEN POLO,7,E01035449,0,3
2024010506238,2024,010506238,2,9,0,5,5,6,2,9,9,1,0,0,0,0,4,1,2,2,1,42,7,999,1,5,VOLKSWAGEN POLO,5,E01002118,0,1
2024501422116,2024,501422116,1,9,0,-1,9,4,8,-1,0,2,1,0,0,0,1,1,-1,2,1,29,6,1198,1,14,VOLKSWAGEN POLO,5,E01020070,0,2
2024211430121,2024,211430121,2,9,0,-1,19,4,8,-1,-1,-1,-1,-1,-1,0,-1,1,-1,6,2,76,11,1984,1,5,VOLKSWAGEN POLO,10,E01029412,0,1
2024340WN4042,2024,340WN4042,3,9,0,-1,2,0,0,-1,0,0,0,0,0,0,0,1,-1,9,1,55,8,1984,1,0,VOLKSWAGEN POLO,8,E01017504,0,4
2024501396119,2024,501396119,3,9,0,-1,3,1,5,-1,0,0,0,0,0,0,2,1,-1,2,2,22,5,1422,2,7,VOLKSWAGEN POLO,5,E01020057,0,1
2024991517463,2024,991517463,1,9,0,-1,19,1,5,-1,0,3,0,11,0,0,1,1,-1,9,2,17,4,1197,1,8,VOLKSWAGEN POLO,8,-1,0,1
2024411423108,2024,411423108,2,9,0,-1,9,3,1,-1,0,6,0,0,0,0,3,1,-1,2,2,19,4,1198,1,14,VOLKSWAGEN POLO,8,E01023590,0,1
2024991411553,2024,991411553,1,9,0,-1,19,7,3,-1,0,0,0,11,0,0,1,1,-1,9,1,64,9,1198,1,21,VOLKSWAGEN POLO,4,-1,0,1
2024111412049,2024,111412049,2,9,0,-1,9,1,7,-1,0,4,0,0,0,0,3,9,-1,6,2,25,5,999,1,6,VOLKSWAGEN POLO,6,E01020794,0,1
2024010531645,2024,010531645,1,9,0,7,7,7,2,0,0,1,0,0,0,0,1,1,6,6,2,72,10,999,1,6,VOLKSWAGEN POLO,8,E01003470,0,1
2024520402953,2024,520402953,1,9,0,10,10,3,1,0,0,6,0,0,0,0,1,1,6,6,2,19,4,1198,1,12,VOLKSWAGEN POLO,7,E01029138,0,2
2024622400707,2024,622400707,1,9,0,18,19,1,6,0,0,8,0,0,0,0,1,1,1,1,2,25,5,999,1,7,VOLKSWAGEN POLO,5,W01001296,0,1
2024522401797,2024,522401797,1,9,0,18,19,2,5,0,0,8,0,0,1,10,1,1,6,6,1,18,4,999,1,1,VOLKSWAGEN POLO,2,E01035215,0,1
2024461436820,2024,461436820,1,9,0,-1,19,5,1,-1,0,6,1,0,2,0,1,1,-1,9,1,20,4,1197,1,9,VOLKSWAGEN POLO,5,E01016149,0,1
2024451514256,2024,451514256,2,9,0,-1,10,1,3,-1,0,6,0,0,0,0,1,1,-1,9,2,27,6,1190,1,11,VOLKSWAGEN POLO,3,E01004563,0,3
2024371500670,2024,371500670,3,9,0,-1,4,2,6,-1,0,0,0,0,0,0,2,1,-1,7,1,17,4,1198,1,11,VOLKSWAGEN POLO,6,E01030153,0,4
2024010518926,2024,010518926,2,9,9,99,99,9,9,99,99,6,9,99,9,99,9,9,6,6,3,-1,-1,1197,1,7,VOLKSWAGEN POLO,-1,-1,0,-1
2024010544443,2024,010544443,1,9,0,18,19,4,8,0,0,0,0,0,0,0,1,1,2,2,1,21,5,1198,1,13,VOLKSWAGEN POLO,8,E01002106,0,2
2024070729743,2024,070729743,1,9,0,-1,19,5,1,-1,0,8,0,10,1,11,3,1,-1,9,2,18,4,1400,2,17,VOLKSWAGEN POLO,5,E01018741,0,2
2024010506449,2024,010506449,2,9,0,99,99,9,9,99,99,9,9,99,9,99,1,9,6,6,3,-1,-1,1390,1,19,VOLKSWAGEN POLO,9,E01002926,0,1
2024201460324,2024,201460324,2,9,0,-1,2,0,0,-1,0,0,0,0,0,0,2,9,-1,9,2,18,4,1198,1,11,VOLKSWAGEN POLO,5,E01009745,0,2
2024340NN1592,2024,340NN1592,2,9,0,-1,19,2,6,-1,0,1,1,0,0,0,1,1,-1,9,2,63,9,999,1,4,VOLKSWAGEN POLO,4,E01027328,0,1
2024332400650,2024,332400650,1,9,0,-1,19,1,5,-1,0,0,0,0,0,0,1,1,-1,6,3,-1,-1,1198,1,14,VOLKSWAGEN POLO,-1,-1,0,-1
2024131483006,2024,131483006,1,9,0,-1,-1,-1,-1,-1,-1,-1,-1,-1,-1,-1,2,1,-1,6,3,-1,-1,1198,1,17,VOLKSWAGEN POLO,-1,-1,0,-1
2024421481209,2024,421481209,1,9,0,-1,19,2,6,-1,0,0,0,0,0,0,1,1,-1,6,1,29,6,1395,1,8,VOLKSWAGEN POLO,5,E01016034,0,4
2024010501169,2024,010501169,1,9,0,18,19,1,5,0,0,1,0,0,0,0,1,1,1,1,2,47,8,1400,1,19,VOLKSWAGEN POLO,2,E01002879,0,1
2024010503685,2024,010503685,2,9,0,18,19,1,5,0,0,0,0,4,0,0,1,1,6,6,1,23,5,1390,1,14,VOLKSWAGEN POLO,-1,-1,0,-1
2024622400097,2024,622400097,1,9,0,9,9,8,6,0,0,5,0,0,0,0,3,1,6,6,1,76,11,1197,1,9,VOLKSWAGEN POLO,10,W01000880,0,1
2024010538861,2024,010538861,1,9,0,9,9,8,5,0,0,0,0,0,0,0,0,1,6,6,1,54,8,1198,1,20,VOLKSWAGEN POLO,-1,-1,0,-1
2024302401198,2024,302401198,1,9,0,16,19,8,2,0,0,0,2,0,1,11,1,1,6,6,1,57,9,1198,1,18,VOLKSWAGEN POLO,4,E01008001,0,3
2024010528488,2024,010528488,2,9,0,18,19,7,3,0,0,2,0,4,0,0,2,1,6,6,1,70,10,1198,1,18,VOLKSWAGEN POLO,5,E01002492,0,1
2024010511893,2024,010511893,2,9,0,9,9,6,4,0,0,6,0,0,0,0,3,1,6,6,1,23,5,999,1,6,VOLKSWAGEN POLO,9,E01004191,0,1
2024401400296,2024,401400296,1,9,0,-1,5,-1,-1,-1,0,0,0,0,0,0,1,9,-1,6,3,-1,-1,1198,1,14,VOLKSWAGEN POLO,-1,-1,0,-1
2024061453971,2024,061453971,1,9,0,-1,4,2,6,-1,0,0,0,0,0,0,2,1,-1,9,2,24,5,1198,1,13,VOLKSWAGEN POLO,2,E01005263,0,2
2024010518242,2024,010518242,2,9,0,99,99,9,9,99,99,9,9,99,9,99,1,9,6,6,3,-1,-1,1198,1,17,VOLKSWAGEN POLO,-1,-1,0,-1
2024320041943,2024,320041943,1,9,0,9,9,5,2,0,0,0,0,4,1,0,3,1,-1,-1,2,63,9,1390,1,14,VOLKSWAGEN POLO,4,E01026254,0,1
2024131430354,2024,131430354,2,9,0,-1,2,0,0,-1,0,0,0,0,0,0,1,1,-1,6,-1,-1,-1,1598,2,14,VOLKSWAGEN POLO,-1,-1,0,-1
2024311429334,2024,311429334,2,9,0,-1,4,3,8,-1,0,0,0,0,0,0,2,1,-1,9,2,20,4,1197,1,9,VOLKSWAGEN POLO,7,E01027961,0,1
2024010517790,2024,010517790,1,9,0,9,9,6,4,0,0,2,0,4,0,0,1,1,6,6,1,20,4,999,1,6,VOLKSWAGEN POLO,3,E01033597,0,1
2024371503555,2024,371503555,1,9,0,-1,3,2,4,-1,0,0,0,4,0,0,1,1,-1,9,1,19,4,1198,1,18,VOLKSWAGEN POLO,10,E01022771,0,5
2024991405688,2024,991405688,1,9,0,-1,7,2,8,-1,0,0,0,0,0,0,1,1,-1,9,2,80,11,1197,1,7,VOLKSWAGEN POLO,5,-1,0,1
2024421402682,2024,421402682,1,9,0,-1,19,5,5,-1,0,0,0,0,0,0,1,9,-1,2,1,18,4,999,1,9,VOLKSWAGEN POLO,7,E01021807,0,2
2024010518632,2024,010518632,3,9,0,4,4,7,3,0,0,1,0,4,0,0,2,1,3,7,1,37,7,1390,1,21,VOLKSWAGEN POLO,3,E01001650,0,1
2024010513551,2024,010513551,1,9,0,9,9,1,8,0,0,5,0,0,0,0,2,1,6,6,1,24,5,1198,1,17,VOLKSWAGEN POLO,-1,-1,0,-1
2024201444158,2024,201444158,1,9,0,-1,19,5,1,-1,0,0,0,0,0,0,1,1,-1,9,2,22,5,999,1,1,VOLKSWAGEN POLO,2,E01010405,0,1
2024061529236,2024,061529236,4,9,0,-1,4,8,5,-1,0,0,0,0,0,0,1,1,-1,2,1,41,7,999,1,3,VOLKSWAGEN POLO,4,E01004767,0,3
2024471441619,2024,471441619,2,9,0,-1,2,0,0,-1,0,0,0,0,0,0,2,1,-1,6,-1,-1,-1,999,1,3,VOLKSWAGEN POLO,-1,-1,0,-1
2024010547152,2024,010547152,1,9,0,9,9,3,2,0,0,1,0,0,0,0,1,1,6,6,1,68,10,1400,1,17,VOLKSWAGEN POLO,-1,-1,0,-1
2024440542405,2024,440542405,2,9,0,18,19,3,7,0,0,1,0,0,0,0,1,1,6,6,1,-1,-1,999,1,5,VOLKSWAGEN POLO,-1,-1,0,-1
2024401487554,2024,401487554,1,9,0,-1,19,7,3,-1,0,0,1,0,0,0,1,1,-1,2,2,21,5,1198,1,17,VOLKSWAGEN POLO,6,E01027073,0,3
2024010534511,2024,010534511,1,9,0,7,7,3,5,0,0,7,0,0,0,0,2,1,6,6,1,56,9,1198,1,14,VOLKSWAGEN POLO,2,E01000602,0,1
2024411397284,2024,411397284,2,9,0,-1,5,7,2,-1,0,1,0,0,0,0,3,1,-1,9,1,18,4,1198,1,14,VOLKSWAGEN POLO,6,E01033308,0,1
2024552400323,2024,552400323,1,9,0,9,9,8,6,0,0,6,0,0,0,0,3,1,6,6,3,-1,-1,1198,1,17,VOLKSWAGEN POLO,-1,-1,0,-1
2024070031842,2024,070031842,1,9,0,16,19,5,8,0,0,4,1,9,0,0,1,1,6,6,1,20,4,999,1,5,VOLKSWAGEN POLO,8,E01018441,0,2
2024531499074,2024,531499074,1,9,0,-1,19,3,7,-1,0,1,0,0,0,0,1,9,-1,6,1,82,11,1390,1,25,VOLKSWAGEN POLO,4,E01022421,0,1
2024061411691,2024,061411691,2,9,0,-1,3,6,2,-1,0,1,0,0,0,0,2,1,-1,1,1,19,4,1798,1,8,VOLKSWAGEN POLO,9,E01012494,0,3
2024520402669,2024,520402669,1,9,0,18,19,2,6,0,0,8,0,4,0,0,4,1,6,6,1,22,5,1598,2,14,VOLKSWAGEN POLO,4,E01029152,0,4
2024201401212,2024,201401212,2,9,0,-1,19,2,6,-1,0,2,0,0,0,0,4,9,-1,9,1,53,8,1198,1,20,VOLKSWAGEN POLO,4,E01008961,0,1
2024401438702,2024,401438702,1,9,-1,-1,-1,-1,-1,-1,-1,0,-1,-1,-1,0,-1,9,-1,6,3,38,7,1198,1,22,VOLKSWAGEN POLO,6,E01017508,0,1
2024161516416,2024,161516416,1,9,0,-1,8,8,2,-1,0,5,0,0,0,0,4,2,-1,2,2,31,6,999,1,8,VOLKSWAGEN POLO,7,E01013228,0,1
2024010543404,2024,010543404,2,9,0,1,1,9,9,99,99,6,9,99,9,99,2,9,6,6,3,-1,-1,1798,1,7,VOLKSWAGEN POLO,-1,-1,0,-1
2024461506783,2024,461506783,2,9,0,-1,19,1,5,-1,0,0,0,0,0,0,-1,9,-1,2,2,23,5,1197,1,7,VOLKSWAGEN POLO,5,E01024319,0,1
2024411440816,2024,411440816,1,9,0,-1,8,3,1,-1,0,4,0,0,0,0,0,1,-1,6,2,62,9,1197,1,9,VOLKSWAGEN POLO,6,E01023663,0,1
2024201411442,2024,201411442,2,9,0,-1,19,8,4,-1,0,1,0,0,0,0,4,1,-1,7,1,21,5,1390,1,14,VOLKSWAGEN POLO,2,E01009942,0,1
2024411432602,2024,411432602,1,9,0,-1,19,5,1,-1,0,0,0,0,0,0,3,1,-1,6,1,67,10,1198,1,12,VOLKSWAGEN POLO,7,E01021801,0,1
2024411480062,2024,411480062,1,9,0,-1,19,3,5,-1,0,2,0,0,0,0,1,1,-1,6,1,19,4,1197,1,8,VOLKSWAGEN POLO,10,E01023512,0,2
2024061447572,2024,061447572,2,9,9,-1,2,-1,-1,-1,99,0,0,0,0,0,3,1,-1,6,3,-1,-1,1198,1,12,VOLKSWAGEN POLO,-1,-1,0,-1
202417L107724,2024,17L107724,1,9,0,-1,19,1,5,-1,0,0,0,0,0,0,3,1,-1,9,1,50,8,1198,1,14,VOLKSWAGEN POLO,2,E01012132,0,1
2024010534087,2024,010534087,2,9,0,6,6,3,3,0,0,0,0,0,0,0,4,1,2,2,1,27,6,1198,1,14,VOLKSWAGEN POLO,4,E01001336,0,1
2024141445379,2024,141445379,1,9,0,-1,19,5,2,-1,0,8,0,0,0,0,2,9,-1,6,1,51,8,1198,1,20,VOLKSWAGEN POLO,1,E01007542,0,2
2024141426230,2024,141426230,1,9,0,-1,4,3,7,-1,0,0,1,1,0,0,1,1,-1,6,2,27,6,1198,1,12,VOLKSWAGEN POLO,9,E01032926,0,4
2024320052190,2024,320052190,1,9,0,-1,-1,2,6,0,0,0,0,0,1,10,1,1,6,6,1,52,8,1198,1,19,VOLKSWAGEN POLO,4,E01026259,0,3
2024010513330,2024,010513330,1,9,0,99,99,9,9,99,99,9,9,99,9,99,1,9,2,2,2,23,5,999,1,5,VOLKSWAGEN POLO,6,E01004492,0,2
2024122500048,2024,122500048,1,9,0,17,19,8,6,0,0,1,1,0,7,11,4,1,6,6,1,18,4,1198,1,16,VOLKSWAGEN POLO,9,E01013341,0,1
2024631451733,2024,631451733,2,9,0,-1,19,2,6,-1,0,0,0,0,1,10,1,1,-1,9,1,19,4,1198,1,13,VOLKSWAGEN POLO,7,E01021430,0,5
2024201426008,2024,201426008,1,9,0,-1,19,6,2,-1,0,8,0,0,0,0,1,1,-1,6,1,23,5,1198,1,11,VOLKSWAGEN POLO,9,E01009804,0,1
2024061471837,2024,061471837,1,9,0,-1,19,3,7,-1,0,0,0,0,7,11,1,1,-1,6,1,20,4,999,1,5,VOLKSWAGEN POLO,5,E01005402,0,2
2024041405667,2024,041405667,1,9,0,-1,19,8,4,-1,0,0,0,0,0,0,1,1,-1,2,1,18,4,999,1,9,VOLKSWAGEN POLO,6,E01025195,0,1
2024552400242,2024,552400242,2,9,0,3,3,2,6,0,0,0,0,0,0,0,2,1,6,6,2,50,8,1390,1,13,VOLKSWAGEN POLO,9,E01015431,0,1
2024302401566,2024,302401566,1,9,0,18,19,3,7,0,0,0,2,0,0,0,4,1,6,6,1,17,4,1598,2,14,VOLKSWAGEN POLO,2,E01028267,0,2
2024411444988,2024,411444988,1,9,0,-1,10,3,8,-1,0,1,0,0,0,0,1,1,-1,6,2,39,7,1390,1,25,VOLKSWAGEN POLO,6,E01023320,0,2
2024061451153,2024,061451153,1,9,0,-1,19,7,3,-1,0,0,5,7,0,0,4,1,-1,6,1,18,4,999,1,5,VOLKSWAGEN POLO,5,E01005521,0,4
2024311499503,2024,311499503,1,9,0,-1,9,1,7,-1,0,8,0,0,0,0,1,9,-1,1,1,-1,-1,1390,1,16,VOLKSWAGEN POLO,5,E01028081,0,1
2024440201483,2024,440201483,1,9,0,17,19,8,5,0,0,0,0,0,0,0,1,1,6,6,1,23,5,1198,1,18,VOLKSWAGEN POLO,10,E01022528,0,2
2024461438813,2024,461438813,1,9,0,-1,19,5,1,-1,0,8,0,0,0,0,4,9,-1,6,2,28,6,999,1,1,VOLKSWAGEN POLO,9,E01024299,0,2
2024411487931,2024,411487931,1,9,0,-1,19,7,3,-1,0,2,0,0,0,0,1,1,-1,7,2,24,5,1197,1,7,VOLKSWAGEN POLO,6,E01023836,0,2
2024010506563,2024,010506563,2,9,0,1,1,9,9,99,99,9,9,99,9,99,2,9,6,6,1,34,6,1197,1,8,VOLKSWAGEN POLO,9,E01004559,0,1
2024041524941,2024,041524941,2,9,0,-1,19,1,5,-1,0,0,0,0,0,0,2,1,-1,1,1,22,5,999,1,2,VOLKSWAGEN POLO,9,E01012609,0,2
2024461398103,2024,461398103,1,9,0,-1,9,3,8,-1,0,8,0,0,0,0,1,1,-1,6,1,22,5,1390,1,17,VOLKSWAGEN POLO,10,E01024632,0,1
2024010497696,2024,010497696,2,9,9,99,99,9,9,99,99,9,9,99,9,99,9,9,6,6,3,-1,-1,999,1,7,VOLKSWAGEN POLO,-1,-1,0,-1
2024451497517,2024,451497517,2,9,0,-1,2,3,3,-1,0,1,0,0,0,0,1,9,-1,6,2,26,6,999,1,4,VOLKSWAGEN POLO,9,E01003838,0,3
2024311486898,2024,311486898,2,9,0,-1,19,2,6,-1,0,1,0,0,0,0,1,1,-1,6,1,43,7,1395,1,10,VOLKSWAGEN POLO,2,E01013835,0,1
2024411420070,2024,411420070,1,9,0,-1,5,1,3,-1,0,0,0,0,0,0,0,1,-1,6,2,51,8,1198,1,19,VOLKSWAGEN POLO,5,E01023399,0,1
2024320744224,2024,320744224,1,9,0,-1,-1,6,2,0,0,0,1,0,7,9,1,1,-1,-1,1,18,4,1198,1,18,VOLKSWAGEN POLO,3,E01026060,0,4
2024201414408,2024,201414408,1,9,0,-1,19,4,8,-1,0,0,0,0,0,0,3,1,-1,2,2,23,5,999,1,3,VOLKSWAGEN POLO,1,E01009147,0,1
2024440247576,2024,440247576,2,9,0,18,19,3,7,0,0,1,0,0,0,0,1,1,6,6,1,53,8,1390,1,15,VOLKSWAGEN POLO,6,E01035443,0,1
2024371397398,2024,371397398,1,9,0,-1,19,5,1,-1,0,0,1,0,1,0,1,9,-1,9,1,18,4,1198,1,18,VOLKSWAGEN POLO,4,E01029927,0,1
2024411424504,2024,411424504,2,9,0,-1,3,-1,-1,-1,0,0,0,0,0,0,2,9,-1,1,2,39,7,1197,1,11,VOLKSWAGEN POLO,10,E01031680,0,4
2024131413028,2024,131413028,2,9,0,-1,19,5,1,-1,0,1,0,0,0,0,1,1,-1,9,1,32,6,1198,1,13,VOLKSWAGEN POLO,1,E01011671,0,1
2024131497427,2024,131497427,2,9,0,-1,3,6,1,-1,0,8,0,0,0,0,2,1,-1,6,1,24,5,1198,1,18,VOLKSWAGEN POLO,3,E01011691,0,1
2024161467292,2024,161467292,2,9,0,-1,19,2,6,-1,2,1,0,0,0,0,4,1,-1,6,2,26,6,1198,1,14,VOLKSWAGEN POLO,4,E01012816,0,1
2024070500711,2024,070500711,1,9,0,9,9,1,7,0,0,8,0,0,0,0,1,1,2,2,2,22,5,999,1,6,VOLKSWAGEN POLO,6,E01006208,0,2
2024141414103,2024,141414103,1,9,0,-1,4,7,3,-1,0,0,0,0,0,0,2,1,-1,2,2,35,6,1395,1,8,VOLKSWAGEN POLO,9,E01007425,0,3
2024351443940,2024,351443940,2,9,0,-1,5,2,5,-1,0,3,0,0,0,0,1,1,-1,6,1,59,9,1198,1,11,VOLKSWAGEN POLO,8,E01018058,0,1
2024411510001,2024,411510001,1,9,0,-1,19,4,8,-1,0,0,0,0,1,0,1,1,-1,9,2,18,4,1390,1,12,VOLKSWAGEN POLO,3,E01033944,0,3
2024010514960,2024,010514960,1,9,0,18,19,7,3,0,0,1,0,0,0,0,1,1,6,6,2,18,4,1197,1,9,VOLKSWAGEN POLO,4,E01002490,0,1
2024010542896,2024,010542896,2,9,0,99,99,9,9,99,99,9,9,99,9,99,1,9,6,6,3,62,9,1198,1,17,VOLKSWAGEN POLO,9,E01002155,0,2
2024471399353,2024,471399353,1,9,0,-1,19,1,5,-1,0,1,0,0,0,0,1,1,-1,6,1,31,6,1198,1,15,VOLKSWAGEN POLO,9,E01032838,0,1
2024141481366,2024,141481366,2,9,0,-1,19,5,2,-1,0,3,0,0,0,0,1,9,-1,6,1,56,9,1198,1,14,VOLKSWAGEN POLO,5,E01019791,0,3
2024320619113,2024,320619113,1,9,0,9,9,5,4,0,0,5,0,0,0,0,4,1,6,6,1,19,4,1422,2,21,VOLKSWAGEN POLO,3,E01026102,0,2
2024451523883,2024,451523883,1,9,0,-1,19,2,6,-1,9,0,1,0,1,4,1,1,-1,6,1,36,7,1198,1,20,VOLKSWAGEN POLO,8,E01030302,0,1
2024131514406,2024,131514406,2,9,0,-1,19,5,5,-1,0,0,0,0,0,0,1,1,-1,6,1,25,5,1199,2,12,VOLKSWAGEN POLO,1,E01010676,0,1
2024041471200,2024,041471200,1,9,0,-1,5,-1,-1,-1,0,6,0,0,0,0,1,1,-1,6,1,29,6,1197,1,12,VOLKSWAGEN POLO,3,E01025065,0,1
2024201518428,2024,201518428,1,9,0,-1,6,4,4,-1,0,1,0,0,0,0,2,1,-1,6,1,55,8,1400,2,18,VOLKSWAGEN POLO,-1,-1,0,-1
2024031465905,2024,031465905,1,9,0,-1,19,2,6,-1,0,0,0,0,0,0,1,9,-1,2,2,23,5,999,1,6,VOLKSWAGEN POLO,9,E01008260,0,4
2024131528825,2024,131528825,1,9,0,-1,19,7,3,-1,0,8,0,0,0,0,3,1,-1,9,2,71,10,999,1,6,VOLKSWAGEN POLO,1,E01010722,0,1
2024991453318,2024,991453318,1,9,0,-1,9,4,2,-1,0,5,0,0,5,0,1,1,-1,2,1,37,7,1198,1,11,VOLKSWAGEN POLO,4,-1,0,1
2024131478227,2024,131478227,2,9,0,-1,19,5,1,-1,0,1,0,0,0,0,1,1,-1,9,1,40,7,1400,2,18,VOLKSWAGEN POLO,1,E01010832,0,1
2024552400089,2024,552400089,1,9,0,5,5,1,5,0,0,0,0,0,0,0,1,1,6,6,1,86,11,999,1,5,VOLKSWAGEN POLO,7,E01020495,0,1
2024401521918,2024,401521918,2,9,0,-1,19,1,5,-1,0,1,0,0,0,0,1,1,-1,6,2,25,5,999,1,1,VOLKSWAGEN POLO,3,E01015788,0,1
2024201431639,2024,201431639,1,9,0,-1,9,2,8,-1,0,5,0,0,0,0,4,9,-1,9,1,34,6,1198,1,13,VOLKSWAGEN POLO,1,E01033891,0,2
2024631481200,2024,631481200,1,9,0,-1,9,5,3,-1,-1,0,1,0,0,0,4,1,-1,9,1,19,4,1390,1,13,VOLKSWAGEN POLO,2,W01001267,0,4
2024401442684,2024,401442684,1,9,0,-1,9,1,7,-1,0,4,0,0,0,0,1,1,-1,6,2,29,6,1198,1,17,VOLKSWAGEN POLO,3,E01015744,0,1
2024332400794,2024,332400794,1,9,0,-1,19,2,6,-1,0,6,0,0,1,0,1,1,-1,9,1,17,4,999,1,9,VOLKSWAGEN POLO,5,E01025920,0,3
2024311460439,2024,311460439,2,9,0,-1,4,3,7,-1,0,0,0,0,0,0,2,1,-1,9,2,30,6,1198,1,11,VOLKSWAGEN POLO,7,E01020509,0,5
2024522401942,2024,522401942,1,9,0,18,19,7,3,0,0,8,0,0,0,0,3,1,6,6,2,34,6,1198,1,17,VOLKSWAGEN POLO,4,E01033342,0,1
2024430161938,2024,430161938,1,9,0,9,9,8,5,0,0,8,0,0,0,0,1,1,6,6,1,23,5,1198,1,13,VOLKSWAGEN POLO,6,E01016477,0,1
2024991541114,2024,991541114,1,9,0,-1,5,4,8,-1,0,8,0,0,0,0,1,1,-1,9,2,68,10,1197,1,9,VOLKSWAGEN POLO,-1,-1,0,-1
2024010531674,2024,010531674,2,9,0,9,9,5,3,0,0,5,0,0,0,0,1,1,6,6,1,47,8,1984,1,5,VOLKSWAGEN POLO,10,E01003871,0,1
2024631471750,2024,631471750,2,9,0,-1,4,6,2,-1,0,0,0,0,0,0,2,1,-1,2,2,53,8,1197,1,7,VOLKSWAGEN POLO,4,W01001899,0,2
2024991396085,2024,991396085,2,9,0,-1,9,7,5,-1,0,5,0,0,0,0,3,1,-1,7,1,76,11,999,1,3,VOLKSWAGEN POLO,-1,-1,0,-1
2024351482160,2024,351482160,1,9,0,-1,19,4,8,-1,0,0,0,0,0,0,1,1,-1,9,1,21,5,999,1,2,VOLKSWAGEN POLO,-1,-1,0,-1
2024522401874,2024,522401874,2,9,0,18,19,8,4,0,0,6,0,0,0,0,1,1,6,6,3,-1,-1,1198,1,12,VOLKSWAGEN POLO,-1,-1,0,-1
2024010544727,2024,010544727,2,9,0,8,8,2,4,0,0,6,0,0,0,0,3,1,6,6,1,58,9,1400,1,17,VOLKSWAGEN POLO,4,E01001156,0,1