collision_index,collision_year,collision_ref_no,vehicle_reference,vehicle_type,towing_and_articulation,vehicle_manoeuvre_historic,vehicle_manoeuvre,vehicle_direction_from,vehicle_direction_to,vehicle_location_restricted_lane_historic,vehicle_location_restricted_lane,junction_location,skidding_and_overturning,hit_object_in_carriageway,vehicle_leaving_carriageway,hit_object_off_carriageway,first_point_of_impact,vehicle_left_hand_drive,journey_purpose_of_driver_historic,journey_purpose_of_driver,sex_of_driver,age_of_driver,age_band_of_driver,engine_capacity_cc,propulsion_code,age_of_vehicle,generic_make_model,driver_imd_decile,lsoa_of_driver,escooter_flag,driver_distance_banding
2024052402443,2024,052402443,2,9,0,4,4,3,7,0,0,1,0,0,0,0,2,1,6,6,2,31,6,999,1,5,VOLKSWAGEN POLO,2,E01006520,0,1
2024631397978,2024,631397978,1,9,0,-1,19,2,6,-1,0,8,0,0,0,0,1,1,-1,9,2,20,4,1197,1,9,VOLKSWAGEN POLO,7,W01000523,0,2
2024501467731,2024,501467731,1,9,0,-1,19,3,7,-1,-1,0,0,0,1,0,0,1,-1,9,1,23,5,999,1,1,VOLKSWAGEN POLO,7,E01019058,0,4
2024461525147,2024,461525147,1,9,0,-1,19,1,5,-1,0,0,0,11,0,0,1,1,-1,6,2,39,7,1197,1,9,VOLKSWAGEN POLO,6,E01024783,0,1
2024201466621,2024,201466621,2,9,0,-1,19,5,2,-1,0,8,1,0,0,0,1,1,-1,1,2,21,5,1198,1,12,VOLKSWAGEN POLO,2,E01010362,0,3
2024520002620,2024,520002620,2,9,0,18,19,9,9,0,0,0,0,0,0,0,1,1,6,6,3,-1,-1,999,1,9,VOLKSWAGEN POLO,-1,-1,0,-1
2024201487622,2024,201487622,1,9,0,-1,1,2,8,-1,0,1,0,0,0,0,2,9,-1,6,1,44,7,1400,2,18,VOLKSWAGEN POLO,3,E01009162,0,1
2024311459103,2024,311459103,1,9,0,-1,19,5,1,-1,0,1,0,0,0,0,1,1,-1,9,2,21,5,999,1,2,VOLKSWAGEN POLO,1,E01028311,0,1
2024440432681,2024,440432681,1,9,0,9,9,3,2,0,0,6,0,0,0,0,3,1,1,1,1,49,8,999,1,0,VOLKSWAGEN POLO,4,E01017131,0,1
2024461418508,2024,461418508,2,9,0,-1,13,1,3,-1,0,0,0,0,1,0,1,2,-1,9,2,18,4,1199,2,12,VOLKSWAGEN POLO,8,E01024015,0,1
2024631520236,2024,631520236,1,9,0,-1,19,8,5,-1,0,2,1,0,3,11,1,1,-1,9,2,19,4,999,1,6,VOLKSWAGEN POLO,4,W01000603,0,3
2024520001120,2024,520001120,3,9,0,4,4,5,1,0,0,0,1,0,0,0,1,1,6,6,2,25,5,1197,1,9,VOLKSWAGEN POLO,10,E01014389,0,1
2024471528977,2024,471528977,4,9,0,-1,19,8,4,-1,0,0,0,0,0,0,1,1,-1,2,1,26,6,1422,2,19,VOLKSWAGEN POLO,7,E01016883,0,2
2024010531567,2024,010531567,2,9,9,99,99,9,9,99,99,9,9,99,9,99,9,9,6,6,3,-1,-1,1198,1,12,VOLKSWAGEN POLO,-1,-1,0,-1
2024440099414,2024,440099414,2,9,0,18,19,2,6,0,0,0,0,0,0,0,1,1,6,6,1,24,5,1390,1,11,VOLKSWAGEN POLO,10,E01022596,0,2
2024141460197,2024,141460197,2,9,0,-1,19,5,7,-1,0,3,0,0,0,0,1,1,-1,6,1,18,4,1198,1,13,VOLKSWAGEN POLO,2,E01007593,0,2
2024340WN1192,2024,340WN1192,2,9,0,-1,19,8,4,-1,0,8,0,0,0,0,1,1,-1,6,1,65,9,999,1,0,VOLKSWAGEN POLO,6,E01027011,0,2
2024131525801,2024,131525801,2,9,0,-1,7,5,6,-1,0,8,0,0,0,0,1,1,-1,9,1,22,5,999,1,5,VOLKSWAGEN POLO,1,E01010809,0,1
2024440552327,2024,440552327,1,9,0,4,4,5,1,0,0,8,0,0,0,0,2,1,2,2,1,20,4,1598,2,14,VOLKSWAGEN POLO,8,E01032689,0,4
2024101512983,2024,101512983,2,9,5,-1,19,5,1,-1,0,3,1,0,0,0,1,1,-1,6,1,28,6,999,1,1,VOLKSWAGEN POLO,1,E01009507,0,5
2024101508712,2024,101508712,1,9,0,-1,19,5,1,-1,0,3,0,0,0,0,1,1,-1,6,1,18,4,1198,1,13,VOLKSWAGEN POLO,6,-1,0,3
2024371470803,2024,371470803,6,9,0,-1,4,1,5,-1,0,0,0,0,0,0,2,1,-1,6,2,53,8,1400,1,17,VOLKSWAGEN POLO,5,E01026591,0,4
2024451479513,2024,451479513,1,9,0,-1,19,5,1,-1,0,0,0,0,7,0,1,1,-1,2,1,30,6,1390,1,17,VOLKSWAGEN POLO,6,E01030681,0,3
2024541057924,2024,541057924,1,9,0,9,9,8,6,0,0,3,0,0,0,0,3,1,2,2,2,30,6,1400,1,18,VOLKSWAGEN POLO,7,E01032024,0,1
2024430609410,2024,430609410,1,9,0,18,19,7,3,0,0,1,0,0,0,0,1,1,6,6,2,18,4,999,1,5,VOLKSWAGEN POLO,8,E01016515,0,1
2024501395205,2024,501395205,1,9,0,-1,9,8,5,-1,0,1,0,0,0,0,1,1,-1,7,1,17,4,999,1,5,VOLKSWAGEN POLO,7,E01018827,0,2
2024991534374,2024,991534374,1,9,0,-1,19,4,8,-1,0,0,2,0,1,0,1,1,-1,9,1,20,4,1600,1,16,VOLKSWAGEN POLO,5,-1,0,3
2024041536079,2024,041536079,2,9,0,-1,19,5,1,-1,0,0,0,0,0,0,1,1,-1,9,2,72,10,1198,1,21,VOLKSWAGEN POLO,1,E01025606,0,3
2024201504577,2024,201504577,2,9,0,-1,19,5,1,-1,0,0,0,0,0,0,1,1,-1,6,1,17,4,999,1,0,VOLKSWAGEN POLO,1,E01009025,0,2
2024461451045,2024,461451045,1,9,0,-1,19,7,3,-1,0,0,0,2,0,0,4,1,-1,9,1,18,4,1197,1,8,VOLKSWAGEN POLO,10,E01021545,0,4
2024451464263,2024,451464263,1,9,0,-1,9,5,1,-1,0,0,0,0,0,0,1,1,-1,9,1,60,9,1200,1,21,VOLKSWAGEN POLO,8,E01030904,0,1
2024421466177,2024,421466177,1,9,0,-1,19,5,1,-1,0,0,2,0,0,0,4,1,-1,6,1,18,4,1198,1,14,VOLKSWAGEN POLO,9,E01021478,0,3
2024430135414,2024,430135414,2,9,0,2,2,0,0,0,0,0,0,0,0,0,2,1,6,6,1,36,7,1800,1,15,VOLKSWAGEN POLO,4,E01016360,0,1
2024361485923,2024,361485923,1,9,0,-1,19,1,5,-1,0,1,0,0,0,0,1,1,-1,2,1,45,7,1390,1,11,VOLKSWAGEN POLO,8,E01026840,0,1
202454C825224,2024,54C825224,3,9,0,3,3,8,5,0,0,1,0,0,0,0,2,1,6,6,2,30,6,1390,1,22,VOLKSWAGEN POLO,8,E01015498,0,1
2024371489206,2024,371489206,1,9,0,-1,19,2,6,-1,0,8,0,0,0,0,1,1,-1,9,2,31,6,1199,2,11,VOLKSWAGEN POLO,3,E01030077,0,1
2024221425733,2024,221425733,2,9,0,-1,19,8,2,-1,0,0,0,4,0,0,3,9,-1,7,2,42,7,1390,1,17,VOLKSWAGEN POLO,7,E01032210,0,1
2024520402185,2024,520402185,1,9,0,7,7,3,7,0,0,4,0,0,0,0,1,1,6,6,1,84,11,1390,1,14,VOLKSWAGEN POLO,7,E01029056,0,1
2024430249352,2024,430249352,1,9,0,18,19,7,3,0,0,2,0,0,0,0,1,1,6,6,1,32,6,1190,1,12,VOLKSWAGEN POLO,-1,-1,0,-1
2024010506952,2024,010506952,1,9,0,10,10,5,2,0,0,1,0,0,0,0,1,1,6,6,1,21,5,1390,1,13,VOLKSWAGEN POLO,2,E01001802,0,2
2024010532130,2024,010532130,2,9,0,18,19,3,7,0,0,1,0,0,0,0,1,1,6,6,1,30,6,1395,1,9,VOLKSWAGEN POLO,8,E01004053,0,2
2024522402903,2024,522402903,1,9,0,3,3,2,6,0,0,1,0,0,0,0,2,1,6,6,1,44,7,1400,1,18,VOLKSWAGEN POLO,1,E01014593,0,1
2024061530216,2024,061530216,1,9,0,-1,11,2,4,-1,2,8,0,0,0,0,4,1,-1,6,2,28,6,1198,1,17,VOLKSWAGEN POLO,-1,-1,0,-1
2024340NN1362,2024,340NN1362,2,9,0,-1,20,6,2,-1,0,1,0,10,0,0,1,1,-1,9,1,20,4,1390,1,13,VOLKSWAGEN POLO,6,E01027326,0,1
2024451459808,2024,451459808,1,9,0,-1,7,3,7,-1,0,0,1,10,0,0,1,1,-1,9,1,32,6,1390,1,10,VOLKSWAGEN POLO,2,E01001331,0,4
2024010540164,2024,010540164,1,9,0,10,10,1,7,0,0,6,0,0,0,0,1,1,6,6,1,72,10,999,1,2,VOLKSWAGEN POLO,7,E01002349,0,2
2024161398815,2024,161398815,1,9,0,-1,5,4,1,-1,0,4,0,0,0,0,1,2,-1,2,1,48,8,1197,1,8,VOLKSWAGEN POLO,9,E01035480,0,1
2024231427578,2024,231427578,2,9,0,-1,19,5,1,-1,0,8,0,0,0,0,3,1,-1,9,2,37,7,999,1,3,VOLKSWAGEN POLO,2,E01031065,0,1
2024131456930,2024,131456930,1,9,0,-1,7,7,3,-1,0,1,0,0,0,0,1,1,-1,9,2,20,4,999,1,4,VOLKSWAGEN POLO,2,E01033898,0,3
2024041449079,2024,041449079,1,9,0,-1,19,8,6,-1,0,1,0,0,0,0,1,9,-1,6,3,-1,-1,1422,2,21,VOLKSWAGEN POLO,-1,-1,0,-1
2024501424034,2024,501424034,3,9,0,-1,19,3,7,-1,0,0,0,0,0,0,1,1,-1,2,2,29,6,1198,1,11,VOLKSWAGEN POLO,6,E01020241,0,3
2024201470595,2024,201470595,2,9,0,-1,3,7,3,-1,0,1,0,0,0,0,2,1,-1,2,1,43,7,1390,1,12,VOLKSWAGEN POLO,1,E01008918,0,2
2024440520292,2024,440520292,2,9,0,18,19,3,7,0,0,3,0,0,0,0,1,1,1,1,1,58,9,999,1,1,VOLKSWAGEN POLO,3,E01015442,0,4
2024311424918,2024,311424918,1,9,0,-1,9,5,4,-1,0,8,0,0,0,0,3,1,-1,6,2,18,4,1198,1,14,VOLKSWAGEN POLO,7,E01028085,0,1
2024141412274,2024,141412274,2,9,0,-1,7,2,4,-1,0,5,0,0,0,0,2,1,-1,9,1,47,8,1598,2,14,VOLKSWAGEN POLO,6,E01008046,0,1
2024221466013,2024,221466013,2,9,0,-1,19,3,7,-1,0,8,0,0,0,0,1,1,-1,6,2,35,6,1390,1,12,VOLKSWAGEN POLO,7,E01032249,0,1
2024010516638,2024,010516638,2,9,0,99,99,9,9,99,99,9,9,99,9,99,2,9,6,6,3,-1,-1,1390,1,19,VOLKSWAGEN POLO,-1,-1,0,-1
2024471453123,2024,471453123,1,9,0,-1,5,1,5,-1,0,0,0,0,0,0,4,2,-1,9,2,24,5,999,1,0,VOLKSWAGEN POLO,3,E01022482,0,4
2024548882824,2024,548882824,1,9,0,18,19,2,6,0,0,0,0,0,0,0,1,1,6,6,1,21,5,1390,1,20,VOLKSWAGEN POLO,5,E01023011,0,3
2024411436979,2024,411436979,1,9,0,-1,19,5,1,-1,0,0,0,0,0,0,1,1,-1,6,2,34,6,1390,1,15,VOLKSWAGEN POLO,8,E01023672,0,1
2024991435597,2024,991435597,1,9,0,-1,19,3,7,-1,0,0,5,0,7,11,1,1,-1,9,2,37,7,1198,1,18,VOLKSWAGEN POLO,5,-1,0,1
2024610054524,2024,610054524,1,9,0,18,19,5,1,0,0,0,0,0,0,0,1,1,6,6,1,21,5,1984,1,6,VOLKSWAGEN POLO,1,W01001364,0,1
2024311489736,2024,311489736,1,9,0,-1,2,1,1,-1,0,0,0,0,0,0,1,1,-1,6,-1,-1,-1,1199,2,12,VOLKSWAGEN POLO,-1,-1,0,-1
2024101398333,2024,101398333,1,9,0,-1,1,5,1,-1,0,8,0,0,0,0,2,1,-1,6,1,27,6,1198,1,14,VOLKSWAGEN POLO,4,E01008624,0,1
2024122500003,2024,122500003,2,9,0,18,19,5,1,0,0,8,0,0,0,0,1,1,6,6,2,57,9,999,1,6,VOLKSWAGEN POLO,9,E01013430,0,1
2024010543902,2024,010543902,2,9,0,99,99,9,9,99,99,9,9,99,9,99,1,9,6,6,1,74,10,1390,1,14,VOLKSWAGEN POLO,5,E01002785,0,1
2024041472804,2024,041472804,2,9,0,-1,19,1,5,-1,0,2,0,0,0,0,1,1,-1,9,1,21,5,1390,1,24,VOLKSWAGEN POLO,4,E01025556,0,1
2024461480696,2024,461480696,1,9,0,-1,19,6,2,-1,0,0,2,0,0,0,4,1,-1,9,1,18,4,1198,1,16,VOLKSWAGEN POLO,1,E01024590,0,2
2024411505510,2024,411505510,1,9,0,-1,9,5,3,-1,0,8,0,0,0,0,4,1,-1,6,1,37,7,1198,1,12,VOLKSWAGEN POLO,4,E01023772,0,1
2024010533279,2024,010533279,2,9,0,9,9,3,1,0,0,6,0,0,0,0,1,1,6,6,1,24,5,1198,1,16,VOLKSWAGEN POLO,-1,-1,0,-1
2024131438056,2024,131438056,2,9,0,-1,2,0,0,-1,0,1,0,0,0,0,3,1,-1,6,-1,-1,-1,1199,2,12,VOLKSWAGEN POLO,-1,-1,0,-1
2024041522942,2024,041522942,2,9,0,-1,9,5,1,-1,0,5,0,0,0,0,2,1,-1,9,2,18,4,999,1,0,VOLKSWAGEN POLO,1,E01025236,0,1
2024010530278,2024,010530278,1,9,0,18,19,7,3,0,0,1,0,0,1,10,1,1,6,6,1,28,6,999,1,3,VOLKSWAGEN POLO,2,E01000533,0,1
202460Q133642,2024,60Q133642,1,9,0,16,19,5,1,0,0,0,2,0,7,3,1,1,6,6,1,20,4,1197,1,11,VOLKSWAGEN POLO,-1,-1,0,-1
2024421459692,2024,421459692,1,9,0,-1,7,4,6,-1,0,6,0,0,0,0,4,9,-1,6,1,85,11,1390,1,17,VOLKSWAGEN POLO,10,E01021466,0,1
2024332400401,2024,332400401,1,9,0,-1,19,5,1,-1,0,1,0,0,0,0,1,1,-1,6,2,20,4,1197,1,10,VOLKSWAGEN POLO,5,E01025999,0,2
2024401452877,2024,401452877,1,9,0,-1,19,1,5,-1,0,4,0,0,0,0,1,1,-1,6,1,23,5,1422,2,22,VOLKSWAGEN POLO,6,E01027039,0,3
2024411490930,2024,411490930,2,9,0,-1,19,8,4,-1,0,0,0,0,0,0,3,1,-1,6,2,64,9,999,1,5,VOLKSWAGEN POLO,9,E01023565,0,3
2024430469386,2024,430469386,1,9,0,18,19,8,4,0,0,0,0,0,0,0,1,1,6,6,2,97,11,999,1,6,VOLKSWAGEN POLO,7,E01016305,0,1
2024010517582,2024,010517582,1,9,0,4,4,7,3,0,0,0,0,0,0,0,2,1,6,6,2,30,6,1197,1,9,VOLKSWAGEN POLO,4,E01002231,0,1
2024010539589,2024,010539589,2,9,9,99,99,9,9,99,99,6,9,99,9,99,9,9,6,6,3,-1,-1,999,1,4,VOLKSWAGEN POLO,-1,-1,0,-1
2024101434024,2024,101434024,2,9,0,-1,3,1,5,-1,0,1,0,0,0,0,2,1,-1,6,2,63,9,999,1,3,VOLKSWAGEN POLO,2,E01008334,0,1
2024332400442,2024,332400442,1,9,0,-1,4,1,5,-1,0,1,0,0,0,0,4,1,-1,9,2,55,8,999,1,9,VOLKSWAGEN POLO,3,E01013773,0,3
2024010538420,2024,010538420,1,9,0,6,6,7,7,0,0,0,5,0,0,0,3,1,6,6,2,38,7,1197,1,9,VOLKSWAGEN POLO,4,E01003793,0,3
2024070902865,2024,070902865,1,9,0,-1,3,5,1,-1,0,0,0,0,0,0,1,1,-1,6,1,46,8,999,1,5,VOLKSWAGEN POLO,10,W01000302,0,2
2024010547976,2024,010547976,2,9,0,4,4,1,5,0,0,8,0,0,0,0,1,1,6,6,1,45,7,1197,1,7,VOLKSWAGEN POLO,4,E01001336,0,1
2024122400272,2024,122400272,1,9,0,17,19,5,3,0,0,2,1,0,1,10,1,1,6,6,2,18,4,999,1,4,VOLKSWAGEN POLO,10,E01013352,0,2
2024552400084,2024,552400084,1,9,0,18,19,8,4,0,0,0,0,0,0,0,1,1,6,6,1,90,11,1390,1,23,VOLKSWAGEN POLO,8,E01015335,0,1
2024101467062,2024,101467062,1,9,0,-1,19,1,5,-1,0,8,0,0,0,0,2,1,-1,9,2,20,4,999,1,5,VOLKSWAGEN POLO,5,E01008622,0,1
2024451455736,2024,451455736,2,9,0,-1,9,3,7,-1,99,6,0,0,0,0,9,1,-1,6,2,54,8,1600,1,17,VOLKSWAGEN POLO,-1,-1,0,-1
2024010505729,2024,010505729,1,9,0,18,19,5,1,0,0,1,1,10,2,11,1,1,6,6,1,21,5,1198,1,19,VOLKSWAGEN POLO,4,E01002308,0,2
2024440286353,2024,440286353,1,9,0,18,19,7,3,0,0,8,0,0,1,11,1,1,6,6,2,18,4,1198,1,14,VOLKSWAGEN POLO,8,E01022952,0,3
2024440393578,2024,440393578,2,9,0,4,4,1,5,0,0,0,0,0,0,0,1,1,6,6,1,23,5,999,1,10,VOLKSWAGEN POLO,10,E01022646,0,4
2024101429161,2024,101429161,2,9,-1,-1,4,1,5,-1,0,0,0,0,0,0,4,9,-1,6,1,53,8,999,1,3,VOLKSWAGEN POLO,10,E01020712,0,4
2024161502721,2024,161502721,1,9,0,-1,19,5,1,-1,0,1,5,0,3,0,1,1,-1,9,1,33,6,1198,1,19,VOLKSWAGEN POLO,7,E01013185,0,3
2024501433793,2024,501433793,2,9,0,-1,19,2,6,-1,0,8,0,0,0,0,4,9,-1,7,1,17,4,1198,1,15,VOLKSWAGEN POLO,6,E01020179,0,1
2024552400438,2024,552400438,2,9,0,4,4,4,8,0,0,0,0,0,0,0,2,1,6,6,1,21,5,1390,1,10,VOLKSWAGEN POLO,6,E01035453,0,4
2024141527463,2024,141527463,1,9,0,-1,19,5,1,-1,0,1,0,0,0,0,1,1,-1,9,1,56,9,1197,1,8,VOLKSWAGEN POLO,9,E01019778,0,2
2024421532527,2024,421532527,2,9,0,-1,19,-1,-1,-1,99,0,0,0,0,0,4,1,-1,6,2,27,6,999,1,7,VOLKSWAGEN POLO,9,E01021346,0,1
2024471457789,2024,471457789,1,9,0,-1,10,5,3,-1,0,2,0,0,0,0,1,1,-1,6,1,17,4,1198,1,17,VOLKSWAGEN POLO,6,E01021198,0,2
2024131470050,2024,131470050,1,9,0,-1,19,3,3,-1,0,1,1,0,0,0,1,1,-1,6,1,20,4,999,1,2,VOLKSWAGEN POLO,1,E01010620,0,1
2024201472676,2024,201472676,1,9,0,-1,9,3,8,-1,0,8,0,0,0,0,4,1,-1,9,1,62,9,1198,1,12,VOLKSWAGEN POLO,1,E01033650,0,1
2024061473062,2024,061473062,3,9,0,-1,19,3,6,-1,0,0,0,0,0,0,2,1,-1,9,2,24,5,1390,1,12,VOLKSWAGEN POLO,8,E01007663,0,4
2024010546240,2024,010546240,1,9,0,99,99,9,9,99,99,9,9,99,9,99,9,9,6,6,3,22,5,1390,1,11,VOLKSWAGEN POLO,10,E01000436,0,1
2024501495787,2024,501495787,2,9,0,-1,19,1,5,-1,0,8,0,0,0,0,3,1,-1,6,2,26,6,1198,1,14,VOLKSWAGEN POLO,7,E01015112,0,1
2024340NN4262,2024,340NN4262,1,9,0,-1,19,1,5,-1,-1,0,0,0,0,0,1,1,-1,2,1,22,5,1198,1,11,VOLKSWAGEN POLO,9,E01027345,0,1
2024010513925,2024,010513925,1,9,0,99,99,9,9,99,99,9,9,99,9,99,2,9,6,6,2,22,5,1198,1,13,VOLKSWAGEN POLO,3,E01003229,0,1
2024010517588,2024,010517588,1,9,0,18,19,5,1,0,0,0,0,0,0,0,1,1,6,6,3,-1,-1,1198,1,13,VOLKSWAGEN POLO,-1,-1,0,-1
2024320644226,2024,320644226,2,9,0,-1,-1,4,8,9,9,8,0,0,0,0,4,1,-1,-1,1,29,6,1198,1,14,VOLKSWAGEN POLO,9,E01026371,0,1
2024340WN2492,2024,340WN2492,1,9,0,-1,5,5,1,-1,0,6,0,0,0,0,3,1,-1,9,2,82,11,1395,1,10,VOLKSWAGEN POLO,8,E01027261,0,1
2024010541263,2024,010541263,1,9,0,3,3,3,7,1,1,2,0,0,0,0,2,1,6,6,2,28,6,999,1,1,VOLKSWAGEN POLO,6,E01021770,0,2
2024361504041,2024,361504041,2,9,0,-1,19,4,8,-1,0,8,0,0,0,0,1,1,-1,9,1,50,8,999,1,8,VOLKSWAGEN POLO,4,E01026765,0,2
2024421447857,2024,421447857,2,9,0,-1,9,6,4,-1,0,1,0,0,0,0,1,1,-1,9,1,23,5,1198,1,15,VOLKSWAGEN POLO,8,E01021763,0,1
2024101413996,2024,101413996,1,9,0,-1,19,1,5,-1,0,0,0,0,1,0,1,1,-1,9,2,20,4,999,1,5,VOLKSWAGEN POLO,6,E01027384,0,1
2024101495086,2024,101495086,1,9,-1,-1,3,3,6,-1,0,0,0,0,0,0,-1,9,-1,6,2,23,5,1197,1,9,VOLKSWAGEN POLO,-1,-1,0,-1
2024471492820,2024,471492820,1,9,0,-1,12,1,5,-1,0,1,0,0,0,0,1,1,-1,1,2,25,5,999,1,5,VOLKSWAGEN POLO,5,E01031832,0,2
2024552401112,2024,552401112,2,9,0,18,19,6,2,0,0,0,0,0,4,6,2,1,6,6,1,19,4,1198,1,19,VOLKSWAGEN POLO,10,E01020407,0,3
2024401415688,2024,401415688,2,9,0,-1,19,5,1,-1,0,0,0,0,0,0,2,1,-1,6,2,52,8,1798,1,7,VOLKSWAGEN POLO,10,E01033189,0,4
2024320487478,2024,320487478,1,9,0,-1,-1,2,8,0,0,0,0,0,1,4,1,1,-1,-1,1,17,4,999,1,5,VOLKSWAGEN POLO,6,E01026309,0,1
2024201515210,2024,201515210,1,9,0,-1,19,7,3,-1,0,8,0,0,0,0,1,9,-1,9,1,-1,-1,1390,1,14,VOLKSWAGEN POLO,-1,-1,0,-1
2024101464228,2024,101464228,1,9,0,-1,19,1,5,-1,0,8,0,0,0,0,1,1,-1,6,1,22,5,1395,1,7,VOLKSWAGEN POLO,3,E01008476,0,1
2024010525745,2024,010525745,2,9,0,99,99,9,9,99,99,9,9,99,9,99,9,9,6,6,3,-1,-1,1198,1,16,VOLKSWAGEN POLO,-1,-1,0,-1
2024430449830,2024,430449830,1,9,0,18,19,4,8,0,0,4,0,0,0,0,1,1,6,6,1,17,4,1390,1,11,VOLKSWAGEN POLO,-1,-1,0,-1
2024991559075,2024,991559075,1,9,0,-1,19,2,5,-1,0,3,0,0,0,0,1,9,-1,6,1,20,4,1422,2,10,VOLKSWAGEN POLO,1,-1,0,4
2024501488613,2024,501488613,1,9,0,-1,15,8,4,-1,0,2,0,4,0,0,1,1,-1,9,1,72,10,1422,2,8,VOLKSWAGEN POLO,4,E01015185,0,2
2024631459222,2024,631459222,1,9,0,-1,19,4,8,-1,0,0,1,0,1,11,4,1,-1,6,1,18,4,1800,1,17,VOLKSWAGEN POLO,6,E01028924,0,2
2024430003195,2024,430003195,2,9,0,18,19,2,6,0,0,0,0,0,0,0,1,1,6,6,2,50,8,999,1,6,VOLKSWAGEN POLO,10,E01028801,0,2
2024131470365,2024,131470365,2,9,0,-1,19,7,3,-1,0,7,1,0,0,0,3,1,-1,2,2,22,5,1422,2,9,VOLKSWAGEN POLO,1,E01010620,0,2
2024451443614,2024,451443614,1,9,0,-1,19,5,1,-1,0,3,0,0,0,0,1,1,-1,7,1,17,4,1198,1,16,VOLKSWAGEN POLO,4,E01030650,0,1
2024211488126,2024,211488126,3,9,0,-1,19,5,1,-1,0,1,0,0,0,0,1,1,-1,2,2,18,4,1422,2,10,VOLKSWAGEN POLO,8,E01014320,0,1
2024131404953,2024,131404953,1,9,0,-1,19,5,5,-1,0,8,0,0,0,0,1,1,-1,9,2,35,6,999,1,1,VOLKSWAGEN POLO,5,E01011007,0,1
2024991402937,2024,991402937,1,9,0,-1,9,8,7,-1,0,1,0,0,0,0,4,1,-1,9,2,23,5,1422,2,16,VOLKSWAGEN POLO,-1,-1,0,-1
2024451450017,2024,451450017,2,9,0,-1,19,7,3,-1,0,0,0,0,0,0,1,1,-1,9,2,26,6,1198,1,13,VOLKSWAGEN POLO,6,E01034728,0,2
2024461581500,2024,461581500,2,9,0,-1,9,8,4,-1,0,0,0,0,0,0,4,1,-1,9,2,32,6,1198,1,20,VOLKSWAGEN POLO,3,E01028056,0,5
2024211528859,2024,211528859,1,9,0,-1,12,-1,-1,-1,0,0,1,0,0,0,4,1,-1,6,2,69,10,1422,2,9,VOLKSWAGEN POLO,8,-1,0,5
2024401395803,2024,401395803,1,9,0,-1,5,4,8,-1,0,0,0,0,0,0,1,9,-1,6,1,-1,-1,1195,1,11,VOLKSWAGEN POLO,-1,-1,0,-1
2024131427613,2024,131427613,1,9,0,-1,19,1,1,-1,0,2,0,0,0,0,1,1,-1,6,1,40,7,1380,1,15,VOLKSWAGEN POLO,6,E01010969,0,1
2024552400114,2024,552400114,1,9,0,18,19,4,8,0,0,0,0,0,0,0,1,1,6,6,1,18,4,1198,1,14,VOLKSWAGEN POLO,6,E01015355,0,1
2024461456959,2024,461456959,2,9,0,-1,3,1,3,-1,0,0,0,0,0,0,2,9,-1,6,1,35,6,999,1,0,VOLKSWAGEN POLO,7,E01035286,0,1
2024501458124,2024,501458124,1,9,0,-1,4,2,6,-1,0,0,0,0,0,0,1,1,-1,6,1,35,6,1390,1,13,VOLKSWAGEN POLO,7,E01019023,0,1
2024501446382,2024,501446382,2,9,0,-1,5,8,2,-1,0,0,0,0,0,0,2,1,-1,1,2,64,9,1422,2,8,VOLKSWAGEN POLO,5,E01020049,0,3
2024201530793,2024,201530793,1,9,0,-1,9,7,5,-1,0,1,0,0,0,0,4,1,-1,6,1,46,8,999,1,6,VOLKSWAGEN POLO,-1,-1,0,-1
2024161427708,2024,161427708,1,9,0,-1,19,7,3,-1,0,0,0,0,0,0,1,2,-1,2,1,37,7,1798,1,8,VOLKSWAGEN POLO,8,E01012975,0,3
2024430502028,2024,430502028,1,9,0,8,8,1,3,0,0,1,0,0,0,0,2,1,6,6,1,33,6,999,1,4,VOLKSWAGEN POLO,9,E01035265,0,1
2024421523224,2024,421523224,1,9,0,-1,19,2,3,-1,0,8,1,7,8,3,3,1,-1,9,2,17,4,1198,1,14,VOLKSWAGEN POLO,8,E01022059,0,2
2024461495005,2024,461495005,3,9,0,-1,2,0,0,-1,0,0,0,0,0,0,3,1,-1,6,-1,-1,-1,1198,1,12,VOLKSWAGEN POLO,-1,-1,0,-1
2024041455059,2024,041455059,2,9,0,-1,19,3,7,-1,0,1,0,0,0,0,4,1,-1,9,1,28,6,1390,1,18,VOLKSWAGEN POLO,1,E01012622,0,1
2024010502495,2024,010502495,2,9,0,99,99,9,9,99,99,6,9,99,9,99,1,9,6,6,3,-1,-1,1390,1,15,VOLKSWAGEN POLO,6,E01000244,0,1
2024340WN0092,2024,340WN0092,2,9,0,-1,3,3,7,-1,0,4,0,0,0,0,2,1,-1,2,2,24,5,1197,1,8,VOLKSWAGEN POLO,10,E01027298,0,3
2024010500052,2024,010500052,1,9,0,1,1,3,7,9,9,0,0,0,1,10,2,1,6,6,2,37,7,1400,1,17,VOLKSWAGEN POLO,5,E01002399,0,1
2024010538727,2024,010538727,2,9,0,18,19,2,6,0,0,8,1,0,1,10,4,1,6,6,2,38,7,1390,1,21,VOLKSWAGEN POLO,3,E01002284,0,2
2024010508199,2024,010508199,1,9,0,18,19,3,7,0,0,8,0,0,0,0,1,1,6,6,1,82,11,999,1,2,VOLKSWAGEN POLO,9,E01001385,0,1
2024471403125,2024,471403125,1,9,0,-1,19,8,4,-1,0,0,0,0,0,0,3,1,-1,2,1,38,7,1198,1,15,VOLKSWAGEN POLO,6,E01031586,0,1
2024471502697,2024,471502697,2,9,0,-1,19,3,7,-1,0,8,0,0,0,0,1,1,-1,6,2,43,7,1197,1,9,VOLKSWAGEN POLO,9,E01031816,0,1