collision_index,collision_year,collision_ref_no,vehicle_reference,vehicle_type,towing_and_articulation,vehicle_manoeuvre_historic,vehicle_manoeuvre,vehicle_direction_from,vehicle_direction_to,vehicle_location_restricted_lane_historic,vehicle_location_restricted_lane,junction_location,skidding_and_overturning,hit_object_in_carriageway,vehicle_leaving_carriageway,hit_object_off_carriageway,first_point_of_impact,vehicle_left_hand_drive,journey_purpose_of_driver_historic,journey_purpose_of_driver,sex_of_driver,age_of_driver,age_band_of_driver,engine_capacity_cc,propulsion_code,age_of_vehicle,generic_make_model,driver_imd_decile,lsoa_of_driver,escooter_flag,driver_distance_banding
2024451466483,2024,451466483,2,9,0,-1,19,3,7,-1,0,2,0,0,0,0,2,1,-1,2,2,36,7,1197,1,13,VOLKSWAGEN POLO,6,E01030721,0,1
2024231399327,2024,231399327,1,9,0,-1,-1,5,3,-1,-1,5,0,0,0,0,2,9,-1,-1,1,19,4,999,1,2,VOLKSWAGEN POLO,9,E01010227,0,2
2024501528421,2024,501528421,1,9,0,-1,19,8,4,-1,0,1,0,0,0,0,1,1,-1,9,1,19,4,1198,1,16,VOLKSWAGEN POLO,9,E01018882,0,1
2024131416199,2024,131416199,1,9,0,-1,10,1,1,-1,0,1,0,0,0,0,4,1,-1,6,2,21,5,1199,2,12,VOLKSWAGEN POLO,-1,-1,0,-1
2024131488831,2024,131488831,3,9,0,-1,19,7,3,-1,0,0,0,0,0,0,1,1,-1,2,2,24,5,999,1,9,VOLKSWAGEN POLO,9,E01011353,0,3
2024201418891,2024,201418891,1,9,0,-1,19,2,3,-1,0,4,0,0,0,0,1,9,-1,6,1,21,5,1390,1,13,VOLKSWAGEN POLO,3,E01009604,0,4
2024332401188,2024,332401188,3,9,0,-1,19,3,7,-1,0,8,0,0,0,0,1,1,-1,6,1,45,7,1198,1,13,VOLKSWAGEN POLO,6,E01035098,0,1
2024421448710,2024,421448710,3,9,0,-1,2,0,0,-1,0,0,0,0,0,0,1,1,-1,6,-1,-1,-1,999,1,6,VOLKSWAGEN POLO,-1,-1,0,-1
2024010498895,2024,010498895,2,9,0,7,7,7,1,0,0,1,0,0,0,0,4,1,6,6,2,23,5,1390,1,14,VOLKSWAGEN POLO,10,E01026352,0,5
2024411541153,2024,411541153,1,9,0,-1,19,4,8,-1,0,0,0,0,0,0,1,1,-1,9,2,18,4,1198,1,17,VOLKSWAGEN POLO,7,E01015808,0,3
2024440403217,2024,440403217,2,9,0,18,19,3,7,0,0,1,0,0,0,0,1,1,6,6,2,74,10,1198,1,15,VOLKSWAGEN POLO,-1,-1,0,-1
2024231433027,2024,231433027,2,9,0,-1,5,4,1,-1,9,0,0,0,0,0,4,1,-1,7,2,35,6,1390,1,12,VOLKSWAGEN POLO,8,E01031069,0,1
2024052402484,2024,052402484,1,9,0,18,19,3,7,0,0,0,0,0,0,0,1,1,6,6,2,-1,-1,999,1,3,VOLKSWAGEN POLO,-1,-1,0,-1
2024320517808,2024,320517808,1,9,0,-1,-1,4,8,0,0,0,0,0,7,4,1,1,6,6,1,18,4,1390,1,21,VOLKSWAGEN POLO,9,E01026289,0,1
2024501500264,2024,501500264,1,9,0,-1,9,4,1,-1,0,0,2,0,7,1,1,1,-1,9,1,18,4,1198,1,21,VOLKSWAGEN POLO,9,E01033234,0,4
2024010540325,2024,010540325,1,9,0,3,3,1,5,0,0,0,0,0,0,0,2,1,2,2,2,28,6,1984,1,5,VOLKSWAGEN POLO,3,E01023310,0,3
2024991421088,2024,991421088,1,9,0,-1,19,5,1,-1,0,0,0,0,0,0,1,1,-1,9,1,86,11,999,1,1,VOLKSWAGEN POLO,-1,-1,0,-1
2024131468530,2024,131468530,1,9,0,-1,19,3,3,-1,0,0,0,0,0,0,1,1,-1,6,2,23,5,999,1,7,VOLKSWAGEN POLO,7,E01011152,0,2
2024351428354,2024,351428354,1,9,0,-1,19,4,8,-1,0,0,0,4,0,0,1,9,-1,6,2,54,8,1198,1,11,VOLKSWAGEN POLO,5,E01024528,0,5
2024061502679,2024,061502679,2,9,0,-1,9,6,5,-1,0,8,0,0,0,0,1,1,-1,2,2,27,6,999,1,9,VOLKSWAGEN POLO,7,E01006127,0,3
2024201394230,2024,201394230,2,9,0,-1,14,4,8,-1,0,8,0,0,0,0,1,1,-1,6,1,34,6,1198,1,16,VOLKSWAGEN POLO,1,E01008905,0,2
2024451440581,2024,451440581,2,9,0,-1,19,1,5,-1,0,0,0,0,0,0,1,1,-1,2,2,22,5,1198,1,10,VOLKSWAGEN POLO,4,E01003150,0,4
2024421453453,2024,421453453,1,9,0,-1,7,5,1,-1,0,2,1,0,0,0,1,1,-1,6,2,22,5,999,1,7,VOLKSWAGEN POLO,-1,-1,0,-1
2024522500244,2024,522500244,1,9,0,13,13,8,4,0,0,0,0,0,0,0,4,1,6,6,3,-1,-1,1198,1,14,VOLKSWAGEN POLO,-1,-1,0,-1
2024010503768,2024,010503768,2,9,0,9,9,5,3,0,0,1,1,0,0,0,1,1,6,6,2,20,4,999,1,4,VOLKSWAGEN POLO,4,E01004039,0,1
2024010535677,2024,010535677,1,9,0,99,99,9,9,99,99,9,9,99,9,99,9,9,6,6,2,26,6,1197,1,9,VOLKSWAGEN POLO,7,E01022997,0,5
2024010534730,2024,010534730,1,9,0,18,19,5,1,0,0,6,0,0,0,0,4,1,6,6,2,28,6,999,1,3,VOLKSWAGEN POLO,-1,-1,0,-1
2024411528166,2024,411528166,2,9,0,-1,4,3,6,-1,0,4,0,0,0,0,2,1,-1,6,1,19,4,1198,1,12,VOLKSWAGEN POLO,10,E01023586,0,2
2024010541912,2024,010541912,2,9,0,99,99,9,9,99,99,0,9,99,9,99,9,1,6,6,1,23,5,1390,1,13,VOLKSWAGEN POLO,10,E01002354,0,4
2024041503433,2024,041503433,1,9,0,-1,10,2,8,-1,0,6,0,0,0,0,1,1,-1,9,1,71,10,1197,1,9,VOLKSWAGEN POLO,6,E01025555,0,1
2024552400249,2024,552400249,1,9,0,14,14,7,3,0,0,0,5,0,0,0,1,1,2,2,2,37,7,1390,1,19,VOLKSWAGEN POLO,5,E01015441,0,4
2024211424281,2024,211424281,1,9,0,-1,19,3,8,-1,0,0,1,0,0,0,1,1,-1,9,1,18,4,1198,1,15,VOLKSWAGEN POLO,10,E01029443,0,2
2024421504081,2024,421504081,1,9,0,-1,9,8,5,-1,0,8,0,0,0,0,1,1,-1,2,1,49,8,1198,1,19,VOLKSWAGEN POLO,9,E01022081,0,1
2024430087162,2024,430087162,3,9,0,18,19,2,6,0,0,8,0,0,0,0,1,1,6,6,1,34,6,1400,2,19,VOLKSWAGEN POLO,5,E01016404,0,1
2024371480347,2024,371480347,2,9,0,-1,19,1,5,-1,0,8,0,0,0,0,3,1,-1,6,2,22,5,999,1,3,VOLKSWAGEN POLO,6,E01033719,0,4
2024131496306,2024,131496306,1,9,0,-1,19,5,1,-1,0,1,0,0,0,0,1,1,-1,2,2,31,6,999,1,0,VOLKSWAGEN POLO,3,E01010597,0,3
2024440083187,2024,440083187,1,9,0,18,19,8,4,0,0,0,0,0,0,0,1,1,6,6,2,20,4,999,1,7,VOLKSWAGEN POLO,-1,-1,0,-1
2024451402315,2024,451402315,1,9,0,-1,2,0,0,-1,0,0,0,0,0,0,2,1,-1,9,2,17,4,999,1,4,VOLKSWAGEN POLO,6,E01030717,0,2
2024461518643,2024,461518643,1,9,0,-1,9,8,1,-1,0,8,0,0,0,0,4,1,-1,9,2,83,11,999,1,3,VOLKSWAGEN POLO,10,E01024144,0,2
2024451488633,2024,451488633,1,9,0,-1,9,5,7,-1,0,0,1,0,0,0,3,1,-1,1,1,26,6,1390,1,20,VOLKSWAGEN POLO,5,E01034817,0,4
2024520401915,2024,520401915,2,9,0,4,4,8,2,0,0,7,0,0,0,0,2,1,6,6,2,54,8,1198,1,19,VOLKSWAGEN POLO,6,E01029191,0,1
2024471523504,2024,471523504,2,9,0,-1,2,0,0,-1,9,0,0,0,0,0,4,1,-1,6,-1,-1,-1,999,1,6,VOLKSWAGEN POLO,-1,-1,0,-1
2024631434016,2024,631434016,2,9,0,-1,19,5,1,-1,0,8,0,0,0,0,3,1,-1,6,2,23,5,1198,1,10,VOLKSWAGEN POLO,6,W01002014,0,2
2024201467132,2024,201467132,1,9,0,-1,9,2,8,-1,0,5,0,0,0,0,1,1,-1,6,2,41,7,1198,1,14,VOLKSWAGEN POLO,4,E01009240,0,2
2024201482241,2024,201482241,2,9,0,-1,19,6,2,-1,0,0,0,0,0,0,3,9,-1,1,1,35,6,999,1,6,VOLKSWAGEN POLO,1,E01009483,0,1
2024010547607,2024,010547607,2,9,0,2,2,0,0,0,0,2,0,0,0,0,1,1,6,6,3,-1,-1,1395,1,8,VOLKSWAGEN POLO,-1,-1,0,-1
2024141415912,2024,141415912,1,9,0,-1,19,4,8,-1,0,0,0,0,0,0,1,1,-1,2,2,19,4,1198,1,13,VOLKSWAGEN POLO,6,E01007400,0,1
2024451402168,2024,451402168,1,9,0,-1,99,1,5,-1,0,1,0,0,0,0,2,1,-1,7,2,39,7,1390,1,13,VOLKSWAGEN POLO,8,E01030766,0,1
2024332401162,2024,332401162,2,9,0,-1,19,7,3,-1,0,1,0,0,1,0,3,1,-1,6,2,61,9,1395,1,9,VOLKSWAGEN POLO,-1,-1,0,-1
2024440333283,2024,440333283,1,9,0,3,3,2,6,0,0,1,0,0,0,0,2,1,6,6,2,27,6,999,1,0,VOLKSWAGEN POLO,5,E01017152,0,1
2024041480516,2024,041480516,2,9,0,-1,19,3,7,-1,0,0,0,0,0,0,2,1,-1,9,2,31,6,1197,1,9,VOLKSWAGEN POLO,3,E01012617,0,3
2024010499022,2024,010499022,2,9,0,18,19,5,1,0,0,4,0,0,0,0,1,1,1,1,1,25,5,1380,1,12,VOLKSWAGEN POLO,4,E01001373,0,1
2024201429373,2024,201429373,2,9,0,-1,19,2,6,-1,0,8,0,0,0,0,3,2,-1,6,2,61,9,1198,1,14,VOLKSWAGEN POLO,6,E01009207,0,1
2024421430203,2024,421430203,1,9,0,-1,19,4,3,-1,0,0,2,0,7,0,4,1,-1,9,1,18,4,1197,1,9,VOLKSWAGEN POLO,7,E01024403,0,4
2024520500332,2024,520500332,1,9,0,18,19,2,8,0,0,0,5,0,2,1,1,1,6,6,1,33,6,1896,2,23,VOLKSWAGEN POLO,10,E01029074,0,3
2024201504559,2024,201504559,3,9,0,-1,2,0,0,-1,0,0,0,0,0,0,3,1,-1,6,2,31,6,999,1,2,VOLKSWAGEN POLO,6,E01009931,0,1
2024461528137,2024,461528137,2,9,0,-1,3,7,3,-1,0,8,0,0,0,0,2,9,-1,9,2,39,7,1390,1,10,VOLKSWAGEN POLO,6,E01035281,0,1
2024201486623,2024,201486623,1,9,0,-1,19,2,6,-1,0,1,0,0,0,0,1,1,-1,6,1,-1,-1,1197,1,7,VOLKSWAGEN POLO,-1,-1,0,-1
2024141399852,2024,141399852,2,9,0,-1,9,7,5,-1,0,8,0,0,0,0,4,1,-1,9,2,66,10,1197,1,7,VOLKSWAGEN POLO,2,E01008014,0,1
2024101512261,2024,101512261,1,9,0,-1,19,3,7,-1,0,1,0,0,0,0,4,2,-1,2,1,47,8,1197,1,7,VOLKSWAGEN POLO,10,E01033714,0,3
2024440090823,2024,440090823,1,9,0,7,7,7,1,0,0,6,0,0,0,0,3,1,6,6,1,45,7,999,1,5,VOLKSWAGEN POLO,-1,-1,0,-1
2024010535806,2024,010535806,2,9,0,3,3,7,3,0,0,1,0,0,0,0,2,1,6,6,1,27,6,1798,1,8,VOLKSWAGEN POLO,4,E01033930,0,1
2024430331099,2024,430331099,2,9,0,7,7,4,6,0,0,6,0,0,0,0,3,1,6,6,2,19,4,1198,1,11,VOLKSWAGEN POLO,9,E01016269,0,1
2024201514418,2024,201514418,2,9,0,-1,19,6,2,-1,0,8,0,0,0,0,3,1,-1,6,2,29,6,1198,1,13,VOLKSWAGEN POLO,6,E01009292,0,1
2024351499781,2024,351499781,2,9,0,-1,19,3,7,-1,0,0,1,10,1,0,2,1,-1,1,1,60,9,1199,2,14,VOLKSWAGEN POLO,6,E01018126,0,1
2024991463630,2024,991463630,1,9,0,-1,19,7,3,-1,0,4,0,0,0,0,1,1,-1,9,2,61,9,1390,1,11,VOLKSWAGEN POLO,5,-1,0,4
2024552401089,2024,552401089,1,9,0,16,19,6,8,0,0,0,0,0,0,0,4,1,6,6,1,33,6,999,1,7,VOLKSWAGEN POLO,6,E01010200,0,5
2024371444679,2024,371444679,1,9,0,-1,4,7,3,-1,0,0,0,0,0,0,1,1,-1,6,1,18,4,1198,1,15,VOLKSWAGEN POLO,9,E01018012,0,3
2024411516212,2024,411516212,1,9,0,-1,19,3,7,-1,0,0,0,0,0,0,1,1,-1,6,2,53,8,1197,1,7,VOLKSWAGEN POLO,5,E01023827,0,1
2024501502086,2024,501502086,1,9,0,-1,8,5,1,-1,0,1,0,0,0,0,1,1,-1,9,2,67,10,1197,1,8,VOLKSWAGEN POLO,5,E01019066,0,3
2024010511983,2024,010511983,1,9,0,9,9,2,1,0,0,1,0,0,0,0,1,1,2,2,2,39,7,999,1,9,VOLKSWAGEN POLO,3,E01004434,0,1
2024501471641,2024,501471641,1,9,0,-1,19,5,1,-1,0,1,1,0,0,0,1,1,-1,9,2,19,4,1198,1,18,VOLKSWAGEN POLO,6,E01018981,0,1
2024451395025,2024,451395025,1,9,0,-1,5,1,5,-1,0,8,0,0,0,0,3,9,-1,2,2,73,10,999,1,1,VOLKSWAGEN POLO,4,E01001015,0,2
2024440428651,2024,440428651,1,9,0,18,19,7,1,0,0,0,0,0,0,0,2,1,6,6,1,35,6,1197,1,7,VOLKSWAGEN POLO,4,E01022657,0,2
2024122400570,2024,122400570,1,9,0,9,9,2,8,0,0,6,0,0,0,0,1,1,6,6,2,40,7,1390,1,17,VOLKSWAGEN POLO,10,E01013417,0,1
2024991487393,2024,991487393,1,9,0,-1,9,4,2,-1,0,6,1,0,1,11,4,1,-1,9,2,18,4,999,1,9,VOLKSWAGEN POLO,-1,-1,0,-1
2024010548702,2024,010548702,1,9,0,18,19,1,5,0,0,2,0,4,0,0,1,1,6,6,2,55,8,1390,1,22,VOLKSWAGEN POLO,9,E01003418,0,1
2024061475111,2024,061475111,1,9,0,-1,7,3,5,-1,0,1,0,0,0,0,4,1,-1,6,3,-1,-1,1422,2,10,VOLKSWAGEN POLO,-1,-1,0,-1
2024631483470,2024,631483470,1,9,0,-1,5,5,1,-1,0,1,5,0,0,0,4,1,-1,6,2,70,10,1390,1,20,VOLKSWAGEN POLO,6,W01000545,0,4
2024010521935,2024,010521935,2,9,0,18,19,7,3,0,0,0,0,0,0,0,1,1,6,6,1,48,8,1198,1,18,VOLKSWAGEN POLO,-1,-1,0,-1
2024451466317,2024,451466317,1,9,0,-1,19,5,1,-1,0,0,0,0,0,0,1,1,-1,2,2,18,4,1198,1,15,VOLKSWAGEN POLO,5,E01030459,0,1
2024440111873,2024,440111873,2,9,0,9,9,8,6,0,0,5,0,0,0,0,3,1,6,6,2,-1,-1,1390,1,16,VOLKSWAGEN POLO,7,E01032007,0,4
2024371400156,2024,371400156,3,9,0,-1,19,7,6,-1,0,0,0,0,0,0,2,1,-1,2,1,31,6,999,1,6,VOLKSWAGEN POLO,3,E01030161,0,3
2024010545577,2024,010545577,2,9,0,99,99,9,9,99,99,9,9,99,9,99,1,9,6,6,3,30,6,1197,1,7,VOLKSWAGEN POLO,8,E01003789,0,1
2024991528752,2024,991528752,2,9,0,-1,3,6,2,-1,0,4,0,0,0,0,2,1,-1,6,1,73,10,999,1,3,VOLKSWAGEN POLO,7,-1,0,3
2024440181919,2024,440181919,2,9,0,2,2,0,0,0,0,1,0,0,0,0,2,1,6,6,1,29,6,999,1,6,VOLKSWAGEN POLO,-1,-1,0,-1
2024052402549,2024,052402549,2,9,0,9,9,3,7,0,0,1,0,0,0,0,1,1,6,6,2,43,7,1198,1,14,VOLKSWAGEN POLO,8,E01007107,0,1
2024061451942,2024,061451942,2,9,-1,-1,-1,-1,-1,-1,-1,0,-1,-1,-1,0,4,9,-1,6,2,20,4,1390,1,14,VOLKSWAGEN POLO,1,E01005338,0,1
2024141423412,2024,141423412,1,9,0,-1,19,5,8,-1,0,1,0,0,7,11,1,1,-1,6,1,30,6,1199,2,13,VOLKSWAGEN POLO,-1,-1,0,-1
2024549181924,2024,549181924,3,9,0,18,19,7,3,0,0,0,0,0,0,0,0,1,6,6,1,21,5,1400,2,19,VOLKSWAGEN POLO,8,E01031897,0,1
2024061518189,2024,061518189,1,9,0,-1,7,4,2,-1,0,2,0,0,1,0,1,1,-1,2,1,26,6,1197,1,8,VOLKSWAGEN POLO,-1,-1,0,-1
2024141470411,2024,141470411,2,9,0,-1,19,6,2,-1,0,0,0,0,7,0,1,1,-1,9,1,34,6,1390,1,21,VOLKSWAGEN POLO,3,E01007572,0,1
2024071018043,2024,071018043,1,9,0,-1,19,7,3,-1,0,1,0,0,0,0,1,1,-1,2,2,29,6,1390,1,17,VOLKSWAGEN POLO,-1,-1,0,-1
2024531521856,2024,531521856,1,9,0,-1,19,1,5,-1,0,1,0,0,0,0,1,1,-1,2,2,52,8,1400,1,19,VOLKSWAGEN POLO,8,E01022110,0,1
2024122400570,2024,122400570,2,9,0,18,19,8,4,0,0,8,0,0,0,0,4,1,6,6,2,17,4,999,1,1,VOLKSWAGEN POLO,10,E01013417,0,1
2024010536347,2024,010536347,1,9,0,99,99,9,9,99,99,9,9,99,9,99,9,9,2,2,2,25,5,1198,1,15,VOLKSWAGEN POLO,10,E01016546,0,4
2024231467755,2024,231467755,2,9,0,-1,19,6,2,-1,0,8,0,0,0,0,1,1,-1,1,2,27,6,999,1,6,VOLKSWAGEN POLO,1,E01009321,0,3
2024531411178,2024,531411178,1,9,0,-1,19,5,1,-1,0,0,1,0,7,4,1,1,-1,9,2,21,5,1197,1,10,VOLKSWAGEN POLO,9,E01022369,0,1
2024010516048,2024,010516048,1,9,0,18,19,1,5,0,0,7,0,0,0,0,3,1,2,2,1,21,5,999,1,7,VOLKSWAGEN POLO,2,E01002588,0,1
2024010500354,2024,010500354,2,9,9,99,99,9,9,99,99,4,9,99,9,99,9,9,6,6,3,-1,-1,999,1,2,VOLKSWAGEN POLO,-1,-1,0,-1
2024010526423,2024,010526423,1,9,0,18,19,1,5,0,0,2,0,0,0,0,1,1,6,6,1,21,5,1198,1,14,VOLKSWAGEN POLO,2,E01003239,0,1
2024421477815,2024,421477815,1,9,0,-1,7,5,7,-1,0,4,0,0,0,0,3,1,-1,6,1,31,6,1422,2,19,VOLKSWAGEN POLO,2,E01022006,0,3
2024340NN2692,2024,340NN2692,1,9,0,-1,19,7,3,-1,0,0,0,0,0,0,1,1,-1,9,1,28,6,1198,1,12,VOLKSWAGEN POLO,7,E01027162,0,3
2024122401012,2024,122401012,2,9,0,18,19,7,3,0,0,8,0,0,0,0,4,1,6,6,2,19,4,999,1,8,VOLKSWAGEN POLO,6,E01027616,0,1
2024421469008,2024,421469008,1,9,0,-1,5,3,7,-1,0,1,0,0,0,0,3,1,-1,6,2,30,6,999,1,3,VOLKSWAGEN POLO,9,E01022063,0,3
2024122500077,2024,122500077,4,9,0,4,4,1,5,0,0,0,0,0,0,0,1,1,6,6,2,18,4,1199,2,12,VOLKSWAGEN POLO,8,E01013053,0,4
2024351469293,2024,351469293,2,9,0,-1,14,1,5,-1,0,7,0,0,0,0,4,1,-1,6,2,26,6,999,1,4,VOLKSWAGEN POLO,9,E01017422,0,4
2024471478594,2024,471478594,2,9,0,-1,4,1,5,-1,0,0,0,0,0,0,2,1,-1,9,1,17,4,1198,1,22,VOLKSWAGEN POLO,9,E01031489,0,1
2024231455132,2024,231455132,1,9,0,-1,9,3,1,-1,0,6,0,0,0,0,3,1,-1,9,2,82,11,1400,1,18,VOLKSWAGEN POLO,8,E01031306,0,2
2024471408833,2024,471408833,2,9,0,-1,19,7,3,-1,0,1,0,0,0,0,1,1,-1,9,2,71,10,1390,1,20,VOLKSWAGEN POLO,1,E01020984,0,2
2024461515520,2024,461515520,1,9,0,-1,7,3,5,-1,0,0,0,0,1,1,1,1,-1,9,2,38,7,1390,1,21,VOLKSWAGEN POLO,5,E01016034,0,1
2024430429836,2024,430429836,2,9,0,18,19,8,4,0,0,8,0,0,0,0,4,1,6,6,1,40,7,1896,2,20,VOLKSWAGEN POLO,6,E01028458,0,1
2024302400320,2024,302400320,1,9,0,18,19,4,6,0,0,0,0,0,1,9,1,1,6,6,1,17,4,999,1,1,VOLKSWAGEN POLO,4,E01005820,0,3
2024520403058,2024,520403058,1,9,0,18,19,4,7,0,0,0,0,0,0,0,1,1,6,6,1,47,8,999,1,9,VOLKSWAGEN POLO,2,E01029239,0,4
2024201504318,2024,201504318,2,9,0,-1,19,1,3,-1,0,1,0,0,0,0,1,9,-1,6,2,42,7,1390,1,14,VOLKSWAGEN POLO,5,E01009731,0,1
2024302400378,2024,302400378,2,9,0,5,5,5,1,0,0,8,0,0,0,0,1,1,6,6,2,46,8,999,1,8,VOLKSWAGEN POLO,-1,-1,0,-1
2024991483875,2024,991483875,1,9,0,-1,19,7,3,-1,0,8,1,4,1,11,2,1,-1,1,1,33,6,1422,2,16,VOLKSWAGEN POLO,6,-1,0,1
2024451460051,2024,451460051,1,9,0,-1,9,1,5,-1,0,2,0,0,0,0,1,1,-1,6,2,18,4,999,1,6,VOLKSWAGEN POLO,10,E01030480,0,2
2024340NN0342,2024,340NN0342,1,9,0,-1,19,6,2,-1,0,0,1,0,7,9,1,1,-1,2,2,19,4,999,1,10,VOLKSWAGEN POLO,10,E01027001,0,3
2024451396105,2024,451396105,2,9,0,-1,19,7,3,-1,0,7,0,0,0,0,1,9,-1,6,2,-1,-1,1197,1,9,VOLKSWAGEN POLO,-1,-1,0,-1
2024221419334,2024,221419334,2,9,0,-1,19,6,1,-1,0,0,0,0,0,0,1,9,-1,6,2,19,4,1390,1,12,VOLKSWAGEN POLO,8,W01000481,0,3
2024501511376,2024,501511376,2,9,0,-1,7,1,3,-1,0,6,0,0,0,0,1,1,-1,6,2,69,10,1390,1,11,VOLKSWAGEN POLO,5,E01034642,0,1
2024010504470,2024,010504470,1,9,0,99,99,9,9,99,99,0,9,99,9,99,2,9,6,6,2,24,5,999,1,3,VOLKSWAGEN POLO,2,E01002368,0,1
2024010521187,2024,010521187,2,9,0,14,14,5,1,0,0,1,0,4,0,0,1,1,6,6,2,19,4,1198,1,16,VOLKSWAGEN POLO,9,E01003837,0,1
2024070173847,2024,070173847,1,9,0,16,19,1,5,0,0,8,0,0,0,0,3,1,6,6,1,24,5,999,1,5,VOLKSWAGEN POLO,8,E01018565,0,1
2024010546683,2024,010546683,1,9,0,16,19,5,1,0,0,0,0,0,0,0,1,1,6,6,1,28,6,999,1,1,VOLKSWAGEN POLO,10,E01002317,0,2
2024131413438,2024,131413438,1,9,0,-1,12,5,1,-1,0,1,0,0,0,0,3,1,-1,9,1,19,4,1198,1,18,VOLKSWAGEN POLO,2,W01001690,0,5
2024471461408,2024,471461408,2,9,0,-1,9,5,3,-1,0,8,0,0,0,0,3,1,-1,6,2,51,8,1400,2,16,VOLKSWAGEN POLO,1,E01020980,0,1
2024211513767,2024,211513767,1,9,0,-1,2,0,0,-1,0,1,0,0,0,0,2,1,-1,9,2,22,5,1197,1,9,VOLKSWAGEN POLO,2,E01014247,0,1
2024451448480,2024,451448480,1,9,0,-1,19,7,6,-1,0,1,0,0,0,0,3,1,-1,9,2,56,9,1422,2,10,VOLKSWAGEN POLO,4,E01030364,0,1
2024010538414,2024,010538414,2,9,0,3,3,7,3,0,0,0,0,0,0,0,3,1,2,2,1,21,5,1390,1,19,VOLKSWAGEN POLO,4,E01004411,0,2
2024411429677,2024,411429677,2,9,0,-1,4,7,3,-1,0,4,0,0,0,0,1,1,-1,6,1,24,5,999,1,2,VOLKSWAGEN POLO,8,E01023481,0,3
2024061539270,2024,061539270,2,9,0,-1,19,6,2,-1,0,0,0,0,0,0,4,2,-1,6,1,17,4,1198,1,13,VOLKSWAGEN POLO,9,E01011528,0,4
2024421514012,2024,421514012,1,9,0,-1,19,6,2,-1,0,1,0,0,0,0,1,1,-1,9,2,19,4,1198,1,11,VOLKSWAGEN POLO,6,E01021903,0,3
2024302401050,2024,302401050,2,9,0,2,2,0,0,9,9,0,0,0,0,0,1,1,6,6,3,-1,-1,999,1,9,VOLKSWAGEN POLO,-1,-1,0,-1
2024401406385,2024,401406385,2,9,0,-1,4,7,3,-1,0,8,0,0,0,0,2,9,-1,6,2,25,5,1400,1,17,VOLKSWAGEN POLO,7,E01033431,0,3
2024471416303,2024,471416303,1,9,0,-1,5,3,6,-1,0,3,0,0,0,0,1,1,-1,9,1,54,8,1197,1,9,VOLKSWAGEN POLO,2,E01021037,0,1
2024101406655,2024,101406655,2,9,0,-1,3,7,3,-1,0,0,0,0,0,0,2,1,-1,9,2,42,7,1198,1,11,VOLKSWAGEN POLO,1,E01008285,0,1
2024991514909,2024,991514909,2,9,0,-1,19,3,7,-1,0,8,0,0,0,0,1,1,-1,6,1,37,7,1390,1,21,VOLKSWAGEN POLO,3,-1,0,1
2024041533195,2024,041533195,1,9,0,-1,19,1,5,-1,0,0,0,0,0,0,1,1,-1,2,1,19,4,1198,1,18,VOLKSWAGEN POLO,10,E01006367,0,1
2024010520311,2024,010520311,1,9,9,99,99,9,9,99,99,9,9,99,0,0,9,9,6,6,3,-1,-1,999,1,3,VOLKSWAGEN POLO,-1,-1,0,-1
2024131469497,2024,131469497,1,9,0,-1,9,1,7,-1,0,0,0,0,0,0,1,1,-1,6,1,18,4,1199,2,13,VOLKSWAGEN POLO,6,E01027584,0,2
2024010517586,2024,010517586,1,9,0,6,6,3,3,0,0,1,0,0,0,0,1,1,6,6,1,52,8,1198,1,12,VOLKSWAGEN POLO,-1,-1,0,-1
2024122500019,2024,122500019,1,9,0,9,9,2,8,0,0,1,0,0,0,0,1,1,6,6,1,18,4,999,1,6,VOLKSWAGEN POLO,10,E01027700,0,1
2024440208836,2024,440208836,1,9,0,18,19,3,7,0,0,0,0,0,0,0,1,1,6,6,2,17,4,1199,2,13,VOLKSWAGEN POLO,-1,-1,0,-1
2024010529657,2024,010529657,1,9,0,18,19,5,1,0,0,2,0,0,0,0,1,1,6,6,1,44,7,1390,1,22,VOLKSWAGEN POLO,9,E01000412,0,1
2024531499393,2024,531499393,1,9,0,-1,5,1,5,-1,0,6,0,0,0,0,1,9,-1,6,1,73,10,1390,1,23,VOLKSWAGEN POLO,9,E01022393,0,1
2024131491904,2024,131491904,2,9,0,-1,2,0,0,-1,0,8,0,0,0,0,1,1,-1,6,-1,-1,-1,999,1,5,VOLKSWAGEN POLO,-1,-1,0,-1
2024201407219,2024,201407219,1,9,0,-1,19,2,6,-1,0,1,0,0,0,0,1,9,-1,6,2,-1,-1,1198,1,11,VOLKSWAGEN POLO,-1,-1,0,-1
2024010520451,2024,010520451,1,9,0,99,99,9,9,0,0,0,9,99,9,99,2,9,6,6,1,22,5,1198,1,11,VOLKSWAGEN POLO,6,E01023570,0,2
2024451430509,2024,451430509,1,9,0,-1,19,3,7,-1,0,1,0,0,0,0,3,1,-1,9,2,22,5,1198,1,18,VOLKSWAGEN POLO,10,E01035359,0,1
2024061528265,2024,061528265,1,9,0,-1,9,3,1,-1,0,8,0,0,0,0,1,1,-1,6,1,59,9,1400,2,19,VOLKSWAGEN POLO,5,E01005648,0,1
2024991523528,2024,991523528,1,9,0,-1,19,5,1,-1,0,0,1,0,0,0,1,1,-1,6,1,30,6,1198,1,19,VOLKSWAGEN POLO,-1,-1,0,-1
2024461517051,2024,461517051,2,9,0,-1,9,8,6,-1,9,1,0,0,1,1,1,1,-1,1,1,32,6,1400,2,18,VOLKSWAGEN POLO,1,E01016063,0,1
2024010543824,2024,010543824,3,9,0,18,19,1,5,0,0,0,0,0,0,0,3,1,6,6,1,27,6,999,1,5,VOLKSWAGEN POLO,-1,-1,0,-1