collision_index,collision_year,collision_ref_no,vehicle_reference,vehicle_type,towing_and_articulation,vehicle_manoeuvre_historic,vehicle_manoeuvre,vehicle_direction_from,vehicle_direction_to,vehicle_location_restricted_lane_historic,vehicle_location_restricted_lane,junction_location,skidding_and_overturning,hit_object_in_carriageway,vehicle_leaving_carriageway,hit_object_off_carriageway,first_point_of_impact,vehicle_left_hand_drive,journey_purpose_of_driver_historic,journey_purpose_of_driver,sex_of_driver,age_of_driver,age_band_of_driver,engine_capacity_cc,propulsion_code,age_of_vehicle,generic_make_model,driver_imd_decile,lsoa_of_driver,escooter_flag,driver_distance_banding
2024231427440,2024,231427440,2,9,0,-1,19,2,6,-1,0,8,0,0,0,0,1,1,-1,6,2,18,4,1198,1,19,VOLKSWAGEN POLO,7,E01032392,0,1
2024221506236,2024,221506236,2,9,0,-1,19,4,2,-1,0,0,0,0,0,0,3,1,-1,9,1,17,4,999,1,1,VOLKSWAGEN POLO,9,E01032289,0,2
2024161506870,2024,161506870,1,9,0,-1,9,1,7,-1,0,1,0,0,0,0,9,9,-1,6,1,-1,-1,1199,2,11,VOLKSWAGEN POLO,-1,-1,0,-1
202454C363624,2024,54C363624,2,9,0,9,9,3,1,0,0,5,0,0,0,0,3,1,6,6,1,24,5,1198,1,18,VOLKSWAGEN POLO,8,E01031957,0,3
2024041452205,2024,041452205,1,9,0,-1,19,7,3,-1,0,0,0,0,0,0,1,1,-1,9,1,18,4,999,1,6,VOLKSWAGEN POLO,7,E01004933,0,3
2024622400538,2024,622400538,1,9,0,7,7,2,4,0,0,1,0,0,0,0,1,1,6,6,2,65,9,999,1,0,VOLKSWAGEN POLO,3,W01000856,0,1
2024041506675,2024,041506675,2,9,0,-1,19,5,1,-1,0,1,0,0,0,0,1,1,-1,9,1,63,9,1197,1,7,VOLKSWAGEN POLO,9,E01025328,0,1
2024522402366,2024,522402366,2,9,0,18,19,8,4,0,0,0,0,0,0,0,1,1,6,6,3,-1,-1,1199,2,11,VOLKSWAGEN POLO,-1,-1,0,-1
2024041481190,2024,041481190,1,9,0,-1,19,7,1,-1,0,1,5,10,0,0,3,2,-1,9,2,19,4,1198,1,13,VOLKSWAGEN POLO,10,W01000368,0,4
2024010513458,2024,010513458,1,9,0,99,99,9,9,99,99,9,9,99,9,99,9,9,6,6,2,21,5,1198,1,14,VOLKSWAGEN POLO,2,E01004249,0,1
2024031430630,2024,031430630,2,9,0,-1,19,1,5,-1,0,0,0,0,1,0,1,1,-1,6,1,74,10,999,1,9,VOLKSWAGEN POLO,-1,-1,0,-1
2024622400186,2024,622400186,1,9,0,16,19,4,8,0,0,0,0,0,0,0,1,1,6,6,2,18,4,999,1,0,VOLKSWAGEN POLO,1,W01001881,0,3
2024421419235,2024,421419235,2,9,0,-1,4,7,3,-1,0,0,0,0,0,0,1,9,-1,6,3,-1,-1,999,1,8,VOLKSWAGEN POLO,-1,-1,0,-1
2024221420197,2024,221420197,1,9,0,-1,19,1,5,-1,0,0,0,7,0,0,1,9,-1,6,1,19,4,1198,1,11,VOLKSWAGEN POLO,1,E01029007,0,1
2024340NN3452,2024,340NN3452,1,9,0,-1,9,7,5,-1,0,8,0,0,0,0,3,1,-1,2,2,43,7,1198,1,11,VOLKSWAGEN POLO,6,E01027073,0,1
2024010523574,2024,010523574,1,9,0,17,19,1,5,0,0,1,0,0,0,0,1,1,6,6,1,84,11,1197,1,8,VOLKSWAGEN POLO,4,E01000957,0,1
2024010516924,2024,010516924,1,9,0,18,19,5,1,0,0,1,0,0,0,0,1,2,6,6,1,19,4,1198,1,16,VOLKSWAGEN POLO,2,E01001432,0,1
2024131534666,2024,131534666,1,9,0,-1,4,8,2,-1,0,1,0,0,0,0,1,1,-1,6,2,24,5,999,1,4,VOLKSWAGEN POLO,1,E01010943,0,3
2024302400980,2024,302400980,3,9,0,3,3,8,4,0,0,0,0,0,0,0,2,1,2,2,1,28,6,1198,1,15,VOLKSWAGEN POLO,3,E01019503,0,2
2024010535823,2024,010535823,1,9,0,99,99,9,9,99,99,9,9,99,9,99,1,9,6,6,3,-1,-1,999,1,0,VOLKSWAGEN POLO,3,E01003431,0,1
2024430212887,2024,430212887,1,9,0,9,9,4,2,0,0,8,0,0,0,0,3,1,6,6,1,81,11,1390,1,12,VOLKSWAGEN POLO,9,E01016794,0,2
2024461498421,2024,461498421,1,9,0,-1,2,0,0,-1,0,3,0,0,0,0,1,1,-1,9,2,19,4,1198,1,13,VOLKSWAGEN POLO,3,E01024090,0,1
2024070402607,2024,070402607,1,9,0,18,19,3,7,0,0,0,0,0,0,0,2,1,2,2,1,19,4,1198,1,13,VOLKSWAGEN POLO,9,E01018593,0,4
2024440251932,2024,440251932,2,9,0,18,19,5,1,0,0,1,0,0,0,0,1,1,6,6,2,20,4,1390,1,13,VOLKSWAGEN POLO,9,E01023059,0,1
2024411539251,2024,411539251,1,9,0,-1,19,1,5,-1,0,0,0,0,0,0,2,1,-1,9,1,36,7,1984,1,1,VOLKSWAGEN POLO,2,E01035538,0,4
2024451433190,2024,451433190,3,9,0,-1,19,5,1,-1,0,0,0,0,0,0,1,1,-1,9,2,75,10,1390,1,12,VOLKSWAGEN POLO,10,E01030462,0,1
2024501472677,2024,501472677,1,9,0,-1,19,3,7,-1,0,5,5,11,1,10,4,1,-1,9,1,29,6,999,1,0,VOLKSWAGEN POLO,4,E01034850,0,1
2024522500394,2024,522500394,2,9,0,9,9,1,6,0,0,5,0,0,0,0,3,1,6,6,2,20,4,999,1,4,VOLKSWAGEN POLO,5,E01014613,0,1
2024320699324,2024,320699324,2,9,0,4,4,8,4,0,0,1,0,0,0,0,1,1,-1,-1,1,69,10,999,1,6,VOLKSWAGEN POLO,6,E01026020,0,3
2024122400092,2024,122400092,2,9,0,18,19,5,1,0,0,0,0,0,0,0,3,1,6,6,1,28,6,1390,1,14,VOLKSWAGEN POLO,1,E01007339,0,5
2024302400614,2024,302400614,2,9,0,9,9,8,5,0,0,8,0,0,0,0,1,1,6,6,2,84,11,1197,1,9,VOLKSWAGEN POLO,6,E01019477,0,2
2024221431632,2024,221431632,3,9,0,-1,19,8,4,-1,0,1,0,0,0,0,1,9,-1,6,1,20,4,1598,2,14,VOLKSWAGEN POLO,5,E01014101,0,4
2024991464808,2024,991464808,2,9,0,-1,19,5,1,-1,0,0,1,0,4,0,2,1,-1,9,2,21,5,999,1,0,VOLKSWAGEN POLO,5,-1,0,4
2024430437295,2024,430437295,1,9,0,18,19,8,4,0,0,0,0,0,0,0,1,1,6,6,1,83,11,999,1,6,VOLKSWAGEN POLO,10,E01016429,0,4
2024010536892,2024,010536892,2,9,0,9,9,3,8,0,0,8,0,0,0,0,1,1,6,6,1,19,4,1390,1,10,VOLKSWAGEN POLO,10,E01030637,0,3
2024041459477,2024,041459477,1,9,0,-1,19,5,1,-1,0,0,0,0,0,0,2,9,-1,6,1,21,5,1197,1,8,VOLKSWAGEN POLO,3,E01025246,0,1
2024010527170,2024,010527170,2,9,9,99,99,9,9,99,99,9,9,99,9,99,9,9,6,6,1,24,5,1198,1,15,VOLKSWAGEN POLO,6,E01002998,0,4
2024231463853,2024,231463853,3,9,0,-1,2,0,0,-1,0,0,0,0,0,0,2,9,-1,6,2,19,4,1198,1,14,VOLKSWAGEN POLO,9,E01031082,0,1
2024010514942,2024,010514942,2,9,0,9,9,3,8,0,0,7,0,0,0,0,3,1,6,6,2,17,4,999,1,1,VOLKSWAGEN POLO,4,E01029152,0,5
2024221513791,2024,221513791,2,9,0,-1,2,0,0,-1,0,0,0,4,0,0,2,1,-1,2,2,65,9,1198,1,17,VOLKSWAGEN POLO,2,E01032202,0,1
2024311441914,2024,311441914,1,9,0,-1,7,3,5,-1,0,1,0,0,0,0,4,1,-1,6,1,21,5,999,1,8,VOLKSWAGEN POLO,7,E01024723,0,5
2024991507505,2024,991507505,1,9,0,-1,19,5,1,-1,0,8,0,0,0,0,1,1,-1,6,1,18,4,999,1,6,VOLKSWAGEN POLO,9,-1,0,2
2024991428023,2024,991428023,1,9,0,-1,19,8,4,-1,0,0,0,0,0,0,1,1,-1,9,1,49,8,1896,2,19,VOLKSWAGEN POLO,3,-1,0,4
2024991419048,2024,991419048,3,9,0,-1,4,7,3,-1,0,0,0,0,0,0,1,1,-1,9,1,24,5,999,1,9,VOLKSWAGEN POLO,10,-1,0,2
2024041456820,2024,041456820,2,9,0,-1,19,5,1,-1,0,8,0,0,0,0,4,1,-1,6,2,20,4,999,1,6,VOLKSWAGEN POLO,4,E01025276,0,1
2024041465438,2024,041465438,1,9,0,-1,19,2,6,-1,0,0,0,0,0,0,1,1,-1,6,1,77,11,1422,2,15,VOLKSWAGEN POLO,3,E01025034,0,1
2024010507032,2024,010507032,1,9,0,99,99,9,9,99,99,1,9,99,9,99,9,9,6,6,1,25,5,1390,1,22,VOLKSWAGEN POLO,3,E01004004,0,1
2024451475739,2024,451475739,1,9,0,-1,9,7,1,-1,0,6,0,0,7,0,1,2,-1,9,2,18,4,999,1,3,VOLKSWAGEN POLO,10,E01030691,0,4
2024041498343,2024,041498343,2,9,0,-1,19,5,1,-1,0,1,0,0,0,0,1,1,-1,9,2,17,4,999,1,6,VOLKSWAGEN POLO,6,E01025122,0,3
2024471459077,2024,471459077,1,9,0,-1,7,1,4,-1,9,3,0,7,7,11,1,1,-1,6,1,27,6,1800,1,16,VOLKSWAGEN POLO,4,E01031441,0,1
2024031533802,2024,031533802,1,9,0,-1,19,5,1,-1,0,0,5,0,0,0,1,1,-1,9,1,20,4,999,1,8,VOLKSWAGEN POLO,8,E01019366,0,1
2024010516347,2024,010516347,2,9,0,99,99,9,9,99,99,9,9,99,9,99,1,9,6,6,1,18,4,1198,1,12,VOLKSWAGEN POLO,10,E01027086,0,5
2024131470250,2024,131470250,2,9,0,-1,19,7,3,-1,0,8,0,0,0,0,1,1,-1,6,2,17,4,1198,1,13,VOLKSWAGEN POLO,8,E01010861,0,1
2024010501469,2024,010501469,2,9,0,18,19,1,5,0,0,0,0,0,0,0,1,1,2,2,2,26,6,999,1,6,VOLKSWAGEN POLO,8,E01001120,0,3
2024010550388,2024,010550388,2,9,0,99,99,9,9,99,99,6,9,99,9,99,1,9,6,6,3,-1,-1,1395,1,8,VOLKSWAGEN POLO,-1,-1,0,-1
2024010510227,2024,010510227,3,9,0,10,10,5,3,0,0,1,0,0,0,0,1,1,6,6,2,17,4,999,1,0,VOLKSWAGEN POLO,7,E01004159,0,1
2024231438245,2024,231438245,2,9,0,-1,19,3,7,-1,0,8,0,0,1,11,1,1,-1,9,1,25,5,999,1,2,VOLKSWAGEN POLO,-1,-1,0,-1
2024141521852,2024,141521852,2,9,0,-1,19,7,3,-1,0,1,0,0,0,0,1,1,-1,9,1,72,10,1390,1,10,VOLKSWAGEN POLO,7,E01028000,0,3
2024451434560,2024,451434560,3,9,0,-1,2,1,5,-1,-1,0,0,0,0,0,2,1,-1,6,-1,-1,-1,1198,1,12,VOLKSWAGEN POLO,-1,-1,0,-1
2024010524910,2024,010524910,1,9,0,99,99,9,9,99,99,0,9,99,9,99,9,9,6,6,3,-1,-1,999,1,5,VOLKSWAGEN POLO,-1,-1,0,-1
2024461428105,2024,461428105,1,9,0,-1,9,7,4,-1,0,0,0,0,0,0,1,1,-1,9,1,23,5,1390,1,19,VOLKSWAGEN POLO,1,E01024657,0,2
2024010522501,2024,010522501,4,9,0,2,2,0,0,0,0,0,0,0,0,0,1,1,6,6,3,-1,-1,1198,1,11,VOLKSWAGEN POLO,-1,-1,0,-1
2024052401874,2024,052401874,1,9,0,9,9,8,6,0,0,8,0,0,0,0,4,1,6,6,2,20,4,1197,1,8,VOLKSWAGEN POLO,1,E01006470,0,1
2024101468631,2024,101468631,2,9,0,-1,19,4,1,-1,0,8,0,0,0,0,1,1,-1,2,2,21,5,1198,1,12,VOLKSWAGEN POLO,10,E01008522,0,3
2024361473225,2024,361473225,1,9,0,-1,19,3,7,-1,0,1,2,0,0,0,4,1,-1,9,1,18,4,999,1,5,VOLKSWAGEN POLO,5,E01021644,0,5
2024201494876,2024,201494876,1,9,0,-1,3,4,8,-1,0,1,0,0,0,0,2,1,-1,6,2,43,7,999,1,8,VOLKSWAGEN POLO,1,E01010029,0,1
2024991425163,2024,991425163,3,9,0,-1,19,2,6,-1,0,0,0,0,0,0,2,1,-1,9,2,36,7,999,1,9,VOLKSWAGEN POLO,7,-1,0,4
2024991454733,2024,991454733,2,9,0,-1,19,2,7,-1,0,8,0,0,0,0,1,1,-1,9,2,36,7,999,1,4,VOLKSWAGEN POLO,8,-1,0,1
2024522403298,2024,522403298,2,9,0,16,19,2,4,0,0,0,1,0,0,0,1,1,6,6,2,34,6,1197,1,9,VOLKSWAGEN POLO,10,E01014793,0,1
2024430133999,2024,430133999,1,9,0,18,19,5,1,0,0,8,0,0,0,0,4,1,6,6,1,26,6,1390,1,20,VOLKSWAGEN POLO,3,E01016363,0,1
2024451407003,2024,451407003,1,9,0,-1,1,5,1,-1,9,0,0,0,7,4,2,1,-1,9,2,92,11,1390,1,20,VOLKSWAGEN POLO,10,E01030366,0,1
2024440492843,2024,440492843,1,9,0,16,19,7,2,0,0,1,0,0,0,0,1,1,6,6,1,51,8,1198,1,12,VOLKSWAGEN POLO,7,E01022562,0,3
2024440539482,2024,440539482,1,9,0,9,9,4,2,0,0,8,0,0,0,0,1,1,2,2,1,66,10,999,1,0,VOLKSWAGEN POLO,10,E01022467,0,1
2024440396803,2024,440396803,1,9,0,9,9,2,8,0,0,5,0,0,0,0,4,1,6,6,1,83,11,1390,1,15,VOLKSWAGEN POLO,4,E01017235,0,1
2024430368756,2024,430368756,1,9,0,7,7,5,7,0,0,6,0,0,0,0,2,1,6,6,1,50,8,1390,1,13,VOLKSWAGEN POLO,-1,-1,0,-1
2024221534412,2024,221534412,1,9,0,-1,19,3,7,-1,0,1,0,0,1,11,1,9,-1,9,1,19,4,999,1,0,VOLKSWAGEN POLO,4,E01014169,0,1
2024440557437,2024,440557437,2,9,0,18,19,3,7,0,0,1,5,0,1,11,3,1,6,6,1,18,4,1197,1,9,VOLKSWAGEN POLO,9,E01032852,0,1
2024010520130,2024,010520130,2,9,0,16,19,5,1,0,0,0,0,0,0,0,1,1,2,2,1,18,4,1198,1,19,VOLKSWAGEN POLO,8,E01002273,0,1
2024061512868,2024,061512868,2,9,0,-1,2,0,0,-1,0,0,0,0,1,11,2,1,-1,6,-1,-1,-1,999,1,2,VOLKSWAGEN POLO,-1,-1,0,-1
2024421527605,2024,421527605,2,9,0,-1,7,1,1,-1,0,0,0,0,0,0,2,1,-1,2,1,45,7,999,1,2,VOLKSWAGEN POLO,-1,-1,0,-1
2024610055124,2024,610055124,1,9,0,5,5,1,5,0,0,0,0,4,0,0,1,1,2,2,1,20,4,1198,1,13,VOLKSWAGEN POLO,3,W01001336,0,1
2024311426318,2024,311426318,2,9,0,-1,2,0,0,-1,0,0,0,0,0,0,4,1,-1,6,-1,-1,-1,1390,1,16,VOLKSWAGEN POLO,-1,-1,0,-1
2024041502685,2024,041502685,1,9,0,-1,19,5,1,-1,0,0,2,0,1,0,4,1,-1,9,2,17,4,1198,1,10,VOLKSWAGEN POLO,2,E01025480,0,1
2024991516520,2024,991516520,1,9,0,-1,19,2,6,-1,0,0,0,0,0,0,1,1,-1,1,1,22,5,1422,2,7,VOLKSWAGEN POLO,-1,-1,0,-1
2024501511363,2024,501511363,1,9,0,-1,19,6,2,-1,9,0,0,0,1,5,1,1,-1,6,1,19,4,1197,1,7,VOLKSWAGEN POLO,3,E01015041,0,1
2024070201412,2024,070201412,1,9,0,9,9,7,5,0,0,6,0,0,0,0,4,1,6,6,1,23,5,999,1,6,VOLKSWAGEN POLO,1,E01012424,0,3
2024061496489,2024,061496489,3,9,0,-1,19,2,7,-1,0,8,0,0,0,0,1,1,-1,9,2,42,7,999,1,6,VOLKSWAGEN POLO,3,E01005547,0,1
2024010503039,2024,010503039,1,9,4,99,99,9,9,99,99,9,9,99,9,99,9,9,1,1,1,38,7,1197,1,9,VOLKSWAGEN POLO,2,E01001152,0,3
2024221475995,2024,221475995,1,9,0,-1,7,7,1,-1,0,6,0,0,0,0,1,9,-1,6,2,43,7,1198,1,12,VOLKSWAGEN POLO,4,E01014011,0,1
2024501510606,2024,501510606,1,9,0,-1,19,5,1,-1,0,0,1,0,2,10,1,1,-1,2,1,19,4,1198,1,11,VOLKSWAGEN POLO,9,E01020171,0,2
2024552400537,2024,552400537,1,9,0,18,19,3,7,0,0,0,0,0,0,0,1,1,6,6,2,73,10,999,1,1,VOLKSWAGEN POLO,7,E01020538,0,2
2024010509655,2024,010509655,2,9,9,99,99,9,9,99,99,6,9,99,9,99,9,9,6,6,3,-1,-1,1390,1,12,VOLKSWAGEN POLO,-1,-1,0,-1
2024122500175,2024,122500175,1,9,0,18,19,5,1,0,0,0,0,0,0,0,1,1,6,6,2,25,5,999,1,9,VOLKSWAGEN POLO,6,E01027790,0,1
2024010536836,2024,010536836,1,9,0,99,99,9,9,99,99,9,9,99,9,99,2,9,6,6,1,23,5,1198,1,13,VOLKSWAGEN POLO,8,E01024440,0,1
2024010496915,2024,010496915,1,9,0,5,5,0,1,0,0,2,0,0,0,0,1,1,6,6,1,18,4,1390,1,20,VOLKSWAGEN POLO,4,E01004406,0,1
2024361503477,2024,361503477,2,9,0,-1,19,8,4,-1,0,0,0,0,0,0,1,1,-1,6,1,21,5,1798,1,8,VOLKSWAGEN POLO,8,E01026578,0,2
2024501455553,2024,501455553,2,9,0,-1,19,1,5,-1,0,1,2,0,0,0,4,1,-1,9,2,69,10,1198,1,11,VOLKSWAGEN POLO,4,E01018979,0,2
2024010501959,2024,010501959,1,9,0,4,4,6,2,0,0,0,0,0,0,0,2,1,6,6,2,44,7,1198,1,17,VOLKSWAGEN POLO,3,E01003229,0,3
2024131462081,2024,131462081,2,9,0,-1,19,5,1,-1,0,1,0,0,0,0,1,1,-1,2,2,23,5,1390,1,11,VOLKSWAGEN POLO,5,E01011465,0,1
2024552500014,2024,552500014,2,9,0,3,3,6,2,0,0,4,0,0,0,0,2,1,6,6,2,59,9,1422,2,16,VOLKSWAGEN POLO,5,E01020562,0,3
2024010505591,2024,010505591,2,9,0,99,99,9,9,99,99,9,9,99,9,99,1,9,6,6,3,79,11,1198,1,14,VOLKSWAGEN POLO,4,E01002643,0,1
2024451432586,2024,451432586,2,9,0,-1,7,1,5,-1,0,3,0,0,0,0,1,9,-1,6,2,30,6,999,1,5,VOLKSWAGEN POLO,-1,-1,0,-1
2024201427056,2024,201427056,2,9,0,-1,9,3,6,-1,0,5,0,0,0,0,1,9,-1,6,2,69,10,1198,1,16,VOLKSWAGEN POLO,2,E01010506,0,1
2024430326604,2024,430326604,2,9,0,9,9,3,1,0,0,6,1,0,7,0,4,1,6,6,3,28,6,1197,1,7,VOLKSWAGEN POLO,-1,-1,0,-1
2024131444152,2024,131444152,1,9,0,-1,1,5,7,-1,0,0,0,0,0,0,2,1,-1,9,2,57,9,1198,1,22,VOLKSWAGEN POLO,10,E01032504,0,1
2024531467609,2024,531467609,2,9,0,-1,4,7,3,-1,0,1,0,0,0,0,2,1,-1,9,2,30,6,1390,1,13,VOLKSWAGEN POLO,6,E01034791,0,2
2024211492675,2024,211492675,2,9,0,-1,4,8,4,-1,0,0,0,0,0,0,2,1,-1,6,2,28,6,999,1,7,VOLKSWAGEN POLO,7,E01000924,0,5
2024520500030,2024,520500030,2,9,0,18,19,5,1,0,0,8,0,0,0,0,1,1,6,6,2,84,11,1198,1,17,VOLKSWAGEN POLO,8,E01035128,0,2
2024461525035,2024,461525035,3,9,0,-1,2,0,0,-1,0,0,0,0,0,0,3,1,-1,6,-1,-1,-1,1390,1,13,VOLKSWAGEN POLO,-1,-1,0,-1
2024320022849,2024,320022849,2,9,0,7,7,6,4,0,0,1,0,0,0,0,3,1,-1,-1,2,17,4,999,1,1,VOLKSWAGEN POLO,9,E01026215,0,1
2024520402890,2024,520402890,1,9,0,4,4,5,1,0,0,8,5,0,7,10,0,1,6,6,2,19,4,1198,1,16,VOLKSWAGEN POLO,5,E01029183,0,1
2024010508687,2024,010508687,1,9,0,99,99,9,9,99,99,9,9,99,9,99,2,9,6,6,1,-1,-1,1198,1,10,VOLKSWAGEN POLO,10,E01003824,0,2
2024211493683,2024,211493683,1,9,0,-1,4,5,1,-1,0,6,0,0,0,0,1,1,-1,9,1,61,9,1197,1,8,VOLKSWAGEN POLO,10,E01014182,0,4
2024552400408,2024,552400408,1,9,0,7,7,1,3,0,0,5,0,0,0,0,4,1,6,6,2,19,4,1198,1,17,VOLKSWAGEN POLO,7,E01020430,0,4
2024332401031,2024,332401031,1,9,0,-1,19,6,2,-1,0,8,0,0,0,0,1,1,-1,6,3,-1,-1,999,1,2,VOLKSWAGEN POLO,-1,-1,0,-1
2024451474969,2024,451474969,2,9,0,-1,2,0,0,-1,0,0,0,0,0,0,1,1,-1,6,-1,-1,-1,1198,1,11,VOLKSWAGEN POLO,-1,-1,0,-1
2024430601638,2024,430601638,2,9,0,18,19,9,9,0,0,0,0,0,0,0,4,1,6,6,1,20,4,1198,1,12,VOLKSWAGEN POLO,2,E01016464,0,1
2024111420505,2024,111420505,1,9,0,-1,19,4,8,-1,0,0,0,0,0,0,1,1,-1,6,1,30,6,1390,1,15,VOLKSWAGEN POLO,9,E01020698,0,1
2024010518894,2024,010518894,1,9,0,99,99,9,9,99,99,9,9,99,9,99,2,9,6,6,2,26,6,1390,1,17,VOLKSWAGEN POLO,8,E01030703,0,2
2024471516018,2024,471516018,2,9,0,-1,19,3,7,-1,0,8,0,0,0,0,1,1,-1,9,2,23,5,1400,1,17,VOLKSWAGEN POLO,6,E01022592,0,2
2024311460162,2024,311460162,1,9,0,-1,19,8,1,-1,0,3,0,0,0,0,1,1,-1,6,1,23,5,999,1,5,VOLKSWAGEN POLO,1,E01013865,0,2
2024161447764,2024,161447764,1,9,0,-1,19,6,2,-1,0,1,1,0,0,0,4,1,-1,6,2,45,7,999,1,3,VOLKSWAGEN POLO,10,E01013070,0,2
2024622500035,2024,622500035,2,9,0,7,7,3,5,0,0,8,0,0,0,0,4,1,1,1,1,27,6,1798,1,8,VOLKSWAGEN POLO,2,W01000790,0,1
2024411473278,2024,411473278,1,9,0,-1,7,2,4,-1,0,5,0,0,0,0,1,1,-1,6,1,20,4,1390,1,15,VOLKSWAGEN POLO,3,E01023310,0,3
2024451421898,2024,451421898,2,9,0,-1,19,6,8,-1,0,8,0,0,0,0,1,1,-1,6,2,-1,-1,1198,1,18,VOLKSWAGEN POLO,-1,-1,0,-1
2024010536467,2024,010536467,1,9,0,99,99,9,9,99,99,9,9,99,9,99,9,9,6,6,2,43,7,1197,1,8,VOLKSWAGEN POLO,5,E01000728,0,1
2024131400171,2024,131400171,2,9,0,-1,19,3,7,-1,0,0,0,0,0,0,3,1,-1,6,2,29,6,1422,2,10,VOLKSWAGEN POLO,3,E01010959,0,1
2024122400690,2024,122400690,1,9,0,17,19,8,5,0,0,0,2,0,1,11,1,1,6,6,2,20,4,1198,1,20,VOLKSWAGEN POLO,8,E01027682,0,3
2024361479686,2024,361479686,1,9,0,-1,19,7,3,-1,0,1,0,0,0,0,1,1,-1,9,2,82,11,999,1,23,VOLKSWAGEN POLO,3,E01026799,0,1
2024421494984,2024,421494984,1,9,5,-1,5,7,3,-1,0,0,0,0,0,0,1,9,-1,2,1,25,5,1198,1,13,VOLKSWAGEN POLO,7,E01021334,0,1
2024361479352,2024,361479352,2,9,0,-1,7,7,3,-1,0,1,0,0,1,10,2,1,-1,9,2,20,4,1198,1,14,VOLKSWAGEN POLO,6,E01026549,0,2
2024061489377,2024,061489377,3,9,-1,-1,-1,-1,-1,-1,-1,-1,-1,-1,-1,0,-1,9,-1,6,3,-1,-1,999,1,5,VOLKSWAGEN POLO,-1,-1,0,-1
2024161401007,2024,161401007,1,9,0,-1,9,5,3,-1,0,5,0,0,0,0,1,1,-1,9,2,20,4,1199,2,13,VOLKSWAGEN POLO,9,E01012969,0,3
2024010507535,2024,010507535,2,9,0,99,99,9,9,99,99,6,9,99,9,99,9,9,6,6,3,-1,-1,1390,1,15,VOLKSWAGEN POLO,-1,-1,0,-1
2024631395245,2024,631395245,1,9,0,-1,19,8,4,-1,-1,0,0,0,1,11,4,1,-1,9,2,81,11,1422,2,16,VOLKSWAGEN POLO,6,W01000487,0,1
2024451523964,2024,451523964,1,9,0,-1,19,4,8,-1,0,0,0,0,0,0,3,1,-1,9,1,23,5,1400,1,19,VOLKSWAGEN POLO,10,E01030510,0,1
2024451405563,2024,451405563,1,9,0,-1,19,5,1,-1,0,3,0,0,0,0,4,1,-1,9,1,92,11,1390,1,21,VOLKSWAGEN POLO,4,E01030793,0,1
2024161501174,2024,161501174,1,9,0,-1,19,3,7,-1,0,4,0,0,0,0,3,9,-1,6,1,20,4,1395,1,9,VOLKSWAGEN POLO,4,E01012896,0,1
2024361401870,2024,361401870,1,9,0,-1,19,6,1,-1,0,0,1,11,0,0,1,1,-1,9,2,17,4,1422,2,16,VOLKSWAGEN POLO,7,E01026436,0,3
2024451512280,2024,451512280,2,9,0,-1,5,1,5,-1,0,1,0,0,0,0,1,1,-1,6,1,46,8,1199,2,14,VOLKSWAGEN POLO,9,E01030360,0,1
2024320641538,2024,320641538,1,9,0,-1,-1,3,7,0,0,6,0,0,0,0,1,1,-1,-1,1,18,4,1198,1,18,VOLKSWAGEN POLO,4,E01018084,0,4
2024451438508,2024,451438508,2,9,0,-1,19,5,1,-1,0,8,0,0,0,0,1,1,-1,9,1,27,6,1984,1,5,VOLKSWAGEN POLO,6,E01030717,0,1
2024201447767,2024,201447767,1,9,0,-1,9,1,6,-1,0,6,0,0,0,0,3,9,-1,6,1,-1,-1,1984,1,5,VOLKSWAGEN POLO,-1,-1,0,-1
2024552400994,2024,552400994,1,9,0,18,19,3,7,0,0,0,0,0,0,0,1,1,6,6,2,32,6,999,1,2,VOLKSWAGEN POLO,6,E01034282,0,1
2024122400775,2024,122400775,1,9,0,11,11,5,1,0,0,0,0,0,0,0,1,1,2,2,1,19,4,1199,2,12,VOLKSWAGEN POLO,5,E01011197,0,4
2024451523385,2024,451523385,1,9,0,-1,19,7,3,-1,0,0,0,0,0,0,2,1,-1,9,1,52,8,1198,1,10,VOLKSWAGEN POLO,10,E01030990,0,2
2024440111173,2024,440111173,2,9,0,14,14,5,1,0,0,0,0,8,0,0,4,1,6,6,1,22,5,1198,1,14,VOLKSWAGEN POLO,6,E01017047,0,1
2024302400911,2024,302400911,2,9,0,5,5,1,8,0,0,1,0,0,0,0,1,1,6,6,2,28,6,1197,1,8,VOLKSWAGEN POLO,7,E01019681,0,1
2024070072544,2024,070072544,1,9,0,9,9,1,7,0,0,8,0,0,0,0,1,1,6,6,1,17,4,1197,1,9,VOLKSWAGEN POLO,10,E01018350,0,3
2024522500032,2024,522500032,1,9,0,18,19,3,7,0,0,0,0,0,0,0,1,1,6,6,1,17,4,1197,1,13,VOLKSWAGEN POLO,9,E01014757,0,1
2024461442300,2024,461442300,1,9,0,-1,19,3,4,-1,0,0,0,0,0,0,1,1,-1,6,1,29,6,1390,1,23,VOLKSWAGEN POLO,2,E01024374,0,1
2024131415452,2024,131415452,2,9,0,-1,19,1,5,-1,0,0,0,0,0,0,3,1,-1,9,1,18,4,999,1,0,VOLKSWAGEN POLO,2,E01011043,0,1
2024010525268,2024,010525268,1,9,0,99,99,9,9,99,99,9,9,99,9,99,9,9,6,6,2,50,8,999,1,1,VOLKSWAGEN POLO,2,E01028576,0,4
2024052401594,2024,052401594,1,9,0,18,19,7,3,0,0,0,0,4,0,0,1,1,6,6,1,79,11,999,1,0,VOLKSWAGEN POLO,1,E01006444,0,1