collision_index,collision_year,collision_ref_no,vehicle_reference,vehicle_type,towing_and_articulation,vehicle_manoeuvre_historic,vehicle_manoeuvre,vehicle_direction_from,vehicle_direction_to,vehicle_location_restricted_lane_historic,vehicle_location_restricted_lane,junction_location,skidding_and_overturning,hit_object_in_carriageway,vehicle_leaving_carriageway,hit_object_off_carriageway,first_point_of_impact,vehicle_left_hand_drive,journey_purpose_of_driver_historic,journey_purpose_of_driver,sex_of_driver,age_of_driver,age_band_of_driver,engine_capacity_cc,propulsion_code,age_of_vehicle,generic_make_model,driver_imd_decile,lsoa_of_driver,escooter_flag,driver_distance_banding
2024201493917,2024,201493917,2,9,0,-1,15,3,7,-1,0,0,0,0,0,0,3,1,-1,9,2,20,4,999,1,0,VOLKSWAGEN POLO,-1,-1,0,-1
2024010507457,2024,010507457,1,9,0,18,19,7,3,0,0,8,0,7,0,0,3,1,6,6,2,49,8,1390,1,16,VOLKSWAGEN POLO,9,E01000293,0,1
2024061421442,2024,061421442,1,9,0,-1,9,3,8,-1,0,8,0,0,0,0,1,1,-1,9,2,25,5,999,1,4,VOLKSWAGEN POLO,-1,-1,0,-1
2024332401175,2024,332401175,3,9,0,-1,2,0,0,-1,-1,1,0,0,0,0,1,1,-1,6,1,30,6,999,1,0,VOLKSWAGEN POLO,6,E01025756,0,2
2024991494097,2024,991494097,1,9,0,-1,19,3,7,-1,0,0,0,0,0,0,1,1,-1,9,1,33,6,1198,1,14,VOLKSWAGEN POLO,10,-1,0,1
2024101485239,2024,101485239,2,9,0,-1,19,3,7,-1,0,0,1,0,0,0,1,1,-1,9,1,29,6,1198,1,13,VOLKSWAGEN POLO,9,E01033717,0,1
2024411490627,2024,411490627,2,9,0,-1,19,5,1,-1,0,8,0,0,0,0,4,1,-1,6,1,39,7,1400,1,18,VOLKSWAGEN POLO,3,E01004350,0,2
2024052401814,2024,052401814,2,9,0,5,5,3,7,0,0,8,0,0,0,0,1,1,6,6,1,45,7,1422,2,16,VOLKSWAGEN POLO,1,E01006691,0,1
2024010522183,2024,010522183,1,9,0,18,19,5,1,0,0,4,0,0,0,0,2,1,4,7,2,40,7,1390,1,15,VOLKSWAGEN POLO,7,E01002427,0,1
2024430469039,2024,430469039,1,9,0,16,19,1,4,0,0,0,2,0,1,4,1,1,6,6,1,39,7,1390,1,16,VOLKSWAGEN POLO,8,E01016582,0,1
2024010536017,2024,010536017,1,9,0,18,19,5,1,0,0,8,0,10,0,0,2,1,6,6,1,27,6,999,1,10,VOLKSWAGEN POLO,3,E01002768,0,2
2024461440539,2024,461440539,3,9,0,-1,19,1,4,-1,0,1,0,0,0,0,1,9,-1,9,1,61,9,1198,1,13,VOLKSWAGEN POLO,4,E01024312,0,1
2024010548917,2024,010548917,1,9,0,2,2,0,0,0,0,0,0,0,0,0,0,1,6,6,3,-1,-1,1198,1,13,VOLKSWAGEN POLO,-1,-1,0,-1
2024371435587,2024,371435587,1,9,0,-1,19,3,7,-1,0,0,2,0,1,3,1,1,-1,6,1,20,4,1390,1,15,VOLKSWAGEN POLO,8,E01034571,0,1
2024430353992,2024,430353992,3,9,0,2,2,0,0,0,0,0,0,0,0,0,2,1,6,6,3,-1,-1,1198,1,18,VOLKSWAGEN POLO,-1,-1,0,-1
2024302401336,2024,302401336,1,9,0,18,19,5,1,0,0,8,0,0,0,0,1,1,6,6,2,26,6,1390,1,17,VOLKSWAGEN POLO,1,E01019650,0,1
2024440360967,2024,440360967,1,9,0,1,1,0,1,0,0,0,0,0,0,0,2,1,6,6,1,82,11,999,1,8,VOLKSWAGEN POLO,4,E01023204,0,3
2024549778324,2024,549778324,2,9,0,17,19,4,8,0,0,0,0,0,1,0,3,1,6,6,1,26,6,999,1,5,VOLKSWAGEN POLO,10,E01032853,0,4
2024501448201,2024,501448201,2,9,0,-1,19,1,5,-1,0,0,0,0,0,0,3,1,-1,2,2,53,8,1198,1,11,VOLKSWAGEN POLO,7,E01020063,0,1
2024451530527,2024,451530527,2,9,0,-1,19,5,1,-1,0,1,0,0,0,0,1,1,-1,6,2,49,8,1400,1,17,VOLKSWAGEN POLO,4,E01030400,0,2
2024522401565,2024,522401565,2,9,0,18,19,4,8,0,0,1,0,0,0,0,4,1,6,6,2,84,11,999,1,5,VOLKSWAGEN POLO,7,E01032680,0,1
2024421485616,2024,421485616,2,9,0,-1,19,4,1,-1,0,0,0,0,0,0,2,1,-1,9,2,58,9,1197,1,9,VOLKSWAGEN POLO,3,E01015843,0,4
2024371470987,2024,371470987,1,9,0,-1,5,7,3,-1,0,6,0,0,0,0,3,1,-1,9,1,20,4,999,1,3,VOLKSWAGEN POLO,6,E01021971,0,4
2024440136192,2024,440136192,2,9,0,18,19,4,8,0,0,4,0,0,0,0,3,1,6,6,2,19,4,1390,1,12,VOLKSWAGEN POLO,2,E01022966,0,1
2024041485785,2024,041485785,3,9,0,-1,4,1,5,-1,0,0,0,0,0,0,2,1,-1,9,1,29,6,1197,1,8,VOLKSWAGEN POLO,1,-1,0,5
2024041503185,2024,041503185,2,9,0,-1,4,3,7,-1,0,0,0,0,0,0,2,1,-1,9,2,46,8,999,1,3,VOLKSWAGEN POLO,5,E01025243,0,1
2024010505875,2024,010505875,2,9,0,9,9,7,5,0,0,8,0,0,1,0,3,1,6,6,1,63,9,1400,1,19,VOLKSWAGEN POLO,3,E01001792,0,2
2024991431805,2024,991431805,2,9,0,-1,4,3,7,-1,0,0,0,0,0,0,2,1,-1,6,1,39,7,1197,1,9,VOLKSWAGEN POLO,9,-1,0,1
2024201450664,2024,201450664,1,9,0,-1,19,1,5,-1,0,6,0,10,7,11,1,1,-1,9,2,86,11,1390,1,20,VOLKSWAGEN POLO,10,E01010156,0,1
2024131498661,2024,131498661,2,9,0,-1,19,5,1,-1,0,1,0,0,0,0,4,1,-1,7,2,50,8,999,1,1,VOLKSWAGEN POLO,1,E01010626,0,1
2024070500703,2024,070500703,1,9,0,18,19,2,6,0,0,0,0,0,0,0,1,1,6,6,2,23,5,1198,1,12,VOLKSWAGEN POLO,5,E01006118,0,4
2024131451186,2024,131451186,2,9,0,-1,4,2,6,-1,0,0,0,0,0,0,1,1,-1,2,1,29,6,1390,1,13,VOLKSWAGEN POLO,1,E01011373,0,2
2024122400618,2024,122400618,1,9,0,9,9,1,7,0,0,6,0,0,0,0,1,1,6,6,1,17,4,1198,1,11,VOLKSWAGEN POLO,1,E01012327,0,4
2024302400897,2024,302400897,2,9,0,2,2,0,0,0,0,0,0,0,0,0,2,1,6,6,3,-1,-1,1198,1,14,VOLKSWAGEN POLO,-1,-1,0,-1
2024010529008,2024,010529008,1,9,0,18,19,5,1,0,0,0,0,0,0,0,1,1,6,6,1,32,6,999,1,8,VOLKSWAGEN POLO,6,E01003693,0,3
2024501418668,2024,501418668,1,9,0,-1,19,5,1,-1,0,0,0,0,0,0,1,9,-1,6,2,57,9,1400,2,16,VOLKSWAGEN POLO,10,E01020004,0,2
2024141499324,2024,141499324,2,9,0,-1,19,3,7,-1,0,4,5,0,0,0,1,1,-1,1,1,37,7,1900,2,18,VOLKSWAGEN POLO,1,E01034842,0,3
2024351410575,2024,351410575,1,9,0,-1,19,1,6,-1,0,0,2,0,1,0,4,1,-1,9,1,38,7,1422,2,17,VOLKSWAGEN POLO,4,E01018077,0,1
2024522403388,2024,522403388,1,9,0,9,9,6,4,0,0,8,0,0,0,0,1,1,6,6,2,24,5,1984,1,6,VOLKSWAGEN POLO,1,E01014517,0,2
2024311396952,2024,311396952,2,9,0,-1,3,8,5,-1,0,8,0,4,0,0,2,1,-1,9,1,32,6,999,1,8,VOLKSWAGEN POLO,5,E01028022,0,1
2024461513146,2024,461513146,1,9,0,-1,4,1,7,-1,0,0,0,0,0,0,1,1,-1,6,2,81,11,1197,1,8,VOLKSWAGEN POLO,8,E01024451,0,2
2024520402420,2024,520402420,2,9,0,7,7,4,6,0,0,5,0,0,0,0,1,1,6,6,2,24,5,999,1,9,VOLKSWAGEN POLO,6,E01029321,0,3
2024041436780,2024,041436780,1,9,0,-1,19,7,3,-1,0,1,0,0,7,0,1,1,-1,9,1,24,5,1798,1,8,VOLKSWAGEN POLO,2,E01006415,0,4
2024211520470,2024,211520470,1,9,0,-1,9,1,3,-1,0,8,0,0,0,0,1,1,-1,6,2,50,8,1390,1,17,VOLKSWAGEN POLO,-1,-1,0,-1
2024421417126,2024,421417126,1,9,0,-1,19,7,3,-1,0,1,0,0,0,0,1,1,-1,6,1,26,6,1390,1,14,VOLKSWAGEN POLO,8,E01002287,0,2
2024052401843,2024,052401843,1,9,0,18,19,3,7,0,0,8,0,0,0,0,4,1,6,6,2,27,6,999,1,6,VOLKSWAGEN POLO,1,E01006630,0,1
2024010542404,2024,010542404,1,9,0,9,9,1,7,0,0,1,0,0,0,0,1,1,6,6,1,19,4,999,1,6,VOLKSWAGEN POLO,5,E01030980,0,3
2024061502404,2024,061502404,2,9,-1,-1,-1,-1,-1,-1,-1,0,-1,-1,-1,0,-1,9,-1,6,3,33,6,1197,1,12,VOLKSWAGEN POLO,2,E01005207,0,2
2024421520271,2024,421520271,1,9,0,-1,19,1,5,-1,0,0,0,0,1,0,1,1,-1,9,2,73,10,999,1,4,VOLKSWAGEN POLO,7,E01021695,0,1
2024111484964,2024,111484964,2,9,0,-1,8,3,5,-1,0,0,0,0,0,0,1,1,-1,6,2,41,7,1198,1,16,VOLKSWAGEN POLO,2,E01012357,0,1
2024010532138,2024,010532138,3,9,0,3,3,5,1,0,0,4,0,0,0,0,3,1,6,6,2,74,10,1390,1,12,VOLKSWAGEN POLO,3,E01034592,0,1
2024340WN2222,2024,340WN2222,2,9,0,-1,19,6,2,-1,0,6,0,0,0,0,3,1,-1,9,2,21,5,999,1,3,VOLKSWAGEN POLO,2,E01027198,0,2
202417S101724,2024,17S101724,1,9,0,18,19,5,6,0,0,6,0,0,0,0,1,1,6,6,1,19,4,1198,1,10,VOLKSWAGEN POLO,2,E01020737,0,3
2024340NN4532,2024,340NN4532,1,9,0,-1,19,5,1,-1,0,1,0,0,0,0,1,1,-1,6,1,17,4,1390,1,14,VOLKSWAGEN POLO,10,E01018176,0,4
2024501523780,2024,501523780,3,9,0,-1,19,7,3,-1,0,0,0,0,0,0,1,1,-1,6,2,22,5,999,1,5,VOLKSWAGEN POLO,8,E01015251,0,1
2024501493423,2024,501493423,1,9,0,-1,19,2,5,-1,0,0,1,0,0,0,1,1,-1,1,2,17,4,1000,1,24,VOLKSWAGEN POLO,6,E01020175,0,1
2024231451162,2024,231451162,1,9,0,-1,19,2,6,-1,0,0,2,0,1,3,4,1,-1,6,1,26,6,1798,1,7,VOLKSWAGEN POLO,3,E01032528,0,2
2024010511847,2024,010511847,2,9,0,2,2,0,0,0,0,1,0,0,0,0,0,1,6,6,3,-1,-1,1198,1,12,VOLKSWAGEN POLO,-1,-1,0,-1
2024351415317,2024,351415317,1,9,0,-1,3,7,3,-1,0,1,0,0,0,0,1,1,-1,6,2,27,6,1198,1,22,VOLKSWAGEN POLO,9,E01018280,0,1
2024481507841,2024,481507841,2,9,0,-1,6,3,3,-1,0,0,0,0,0,0,3,1,-1,9,1,50,8,1198,1,11,VOLKSWAGEN POLO,-1,-1,0,-1
2024031445090,2024,031445090,1,9,0,-1,19,4,7,-1,0,0,5,11,0,0,1,1,-1,9,1,78,11,999,1,10,VOLKSWAGEN POLO,9,E01025148,0,4
2024010513689,2024,010513689,2,9,0,99,99,9,9,99,99,6,9,99,9,99,9,9,6,6,2,71,10,1197,1,9,VOLKSWAGEN POLO,7,E01004173,0,1
2024320641662,2024,320641662,1,9,0,-1,-1,4,8,0,0,0,1,0,1,3,1,1,6,6,2,19,4,999,1,7,VOLKSWAGEN POLO,-1,-1,0,-1
2024631524712,2024,631524712,2,9,0,-1,19,6,2,-1,0,8,0,0,1,10,4,1,-1,1,1,19,4,1197,1,8,VOLKSWAGEN POLO,3,W01001898,0,3
2024201516996,2024,201516996,1,9,0,-1,9,5,3,-1,0,5,0,0,0,0,1,1,-1,6,2,21,5,1390,1,14,VOLKSWAGEN POLO,5,E01028574,0,4
2024122400361,2024,122400361,1,9,0,17,19,4,8,0,0,0,2,0,7,4,1,1,6,6,1,18,4,1198,1,15,VOLKSWAGEN POLO,5,E01027857,0,1
2024421508203,2024,421508203,1,9,0,-1,19,2,6,-1,0,0,2,0,1,0,1,1,-1,9,1,23,5,999,1,0,VOLKSWAGEN POLO,3,E01022044,0,2
2024440082943,2024,440082943,2,9,0,18,19,8,4,0,0,0,2,0,0,0,3,1,6,6,1,42,7,999,1,7,VOLKSWAGEN POLO,9,E01010175,0,5
2024471491952,2024,471491952,1,9,0,-1,19,5,1,-1,0,0,0,0,0,0,1,1,-1,6,1,35,6,1198,1,17,VOLKSWAGEN POLO,3,E01031657,0,3
2024052400736,2024,052400736,1,9,0,6,6,5,5,0,0,1,0,0,0,0,3,1,6,6,1,29,6,1400,2,17,VOLKSWAGEN POLO,2,E01006969,0,4
2024451496481,2024,451496481,1,9,0,-1,19,1,5,-1,0,0,0,0,0,0,1,1,-1,9,2,58,9,1390,1,20,VOLKSWAGEN POLO,9,E01030947,0,3
2024610007924,2024,610007924,2,9,0,7,7,2,4,0,0,2,0,0,0,0,2,1,6,6,2,69,10,999,1,1,VOLKSWAGEN POLO,9,W01001426,0,2
2024201484538,2024,201484538,1,9,0,-1,19,1,5,-1,0,8,0,11,0,0,1,1,-1,6,1,23,5,1390,1,12,VOLKSWAGEN POLO,-1,-1,0,-1
2024101410674,2024,101410674,2,9,0,-1,3,3,7,-1,0,0,0,0,0,0,2,1,-1,6,1,24,5,1198,1,10,VOLKSWAGEN POLO,2,E01008543,0,2
2024010520053,2024,010520053,2,9,0,99,99,9,9,99,99,0,9,99,9,99,9,9,6,6,3,28,6,1198,1,12,VOLKSWAGEN POLO,2,E01003509,0,1
2024141434938,2024,141434938,1,9,0,-1,9,8,6,-1,0,5,0,0,0,0,1,1,-1,9,2,23,5,1390,1,11,VOLKSWAGEN POLO,1,E01007869,0,1
2024540352324,2024,540352324,1,9,0,9,9,3,5,0,0,6,0,0,0,0,1,1,6,6,1,45,7,1598,2,14,VOLKSWAGEN POLO,4,E01031895,0,1
2024351526980,2024,351526980,2,9,-1,-1,-1,-1,-1,-1,-1,-1,-1,-1,-1,0,-1,9,-1,6,1,19,4,1198,1,17,VOLKSWAGEN POLO,9,E01018240,0,1
2024101401664,2024,101401664,2,9,0,-1,19,1,5,-1,0,0,0,0,0,0,2,2,-1,9,2,35,6,999,1,2,VOLKSWAGEN POLO,6,E01008250,0,3
2024421438255,2024,421438255,2,9,0,-1,19,4,8,-1,0,1,0,0,0,0,3,1,-1,6,1,45,7,1198,1,16,VOLKSWAGEN POLO,5,E01021522,0,1
2024010551406,2024,010551406,1,9,0,3,3,7,3,0,0,6,0,0,4,2,3,1,6,6,2,61,9,1390,1,11,VOLKSWAGEN POLO,3,E01002211,0,1
2024010527296,2024,010527296,1,9,0,99,99,9,9,99,99,9,9,99,9,99,2,9,6,6,1,29,6,1390,1,10,VOLKSWAGEN POLO,4,E01002487,0,1
2024361479914,2024,361479914,3,9,0,-1,2,0,0,-1,-1,0,0,0,0,0,4,1,-1,6,-1,-1,-1,1198,1,14,VOLKSWAGEN POLO,-1,-1,0,-1
2024471454914,2024,471454914,1,9,0,-1,9,6,4,-1,0,6,0,0,0,0,1,1,-1,6,1,20,4,999,1,10,VOLKSWAGEN POLO,9,E01031623,0,1
2024311492064,2024,311492064,2,9,0,-1,9,3,5,-1,0,6,0,0,0,0,3,1,-1,9,2,30,6,1422,2,9,VOLKSWAGEN POLO,3,E01013873,0,1
2024070294749,2024,070294749,1,9,0,18,19,5,1,0,0,0,0,0,0,0,3,1,6,6,2,75,10,1197,1,9,VOLKSWAGEN POLO,6,E01018743,0,1
2024221463389,2024,221463389,1,9,0,-1,7,6,1,-1,0,4,0,0,0,0,1,1,-1,6,1,18,4,1422,2,10,VOLKSWAGEN POLO,10,E01009859,0,2
2024010544364,2024,010544364,1,9,0,9,9,5,3,0,0,6,0,0,0,0,4,1,6,6,2,28,6,1390,1,19,VOLKSWAGEN POLO,6,E01002968,0,1
2024351526483,2024,351526483,2,9,0,-1,19,3,8,-1,0,3,0,7,0,0,4,1,-1,9,2,25,5,1198,1,12,VOLKSWAGEN POLO,9,E01022794,0,5
202460Q029824,2024,60Q029824,3,9,0,18,19,5,1,0,0,0,0,1,0,0,1,1,6,6,1,93,11,999,1,5,VOLKSWAGEN POLO,-1,-1,0,-1
2024340NN0712,2024,340NN0712,1,9,0,-1,19,8,4,-1,0,0,5,0,0,7,3,1,-1,9,1,25,5,1390,1,16,VOLKSWAGEN POLO,8,E01027329,0,1
2024141431972,2024,141431972,1,9,0,-1,5,1,6,-1,0,2,0,0,0,0,1,9,-1,6,2,22,5,999,1,1,VOLKSWAGEN POLO,1,E01034842,0,1
2024991420850,2024,991420850,4,9,0,-1,3,4,8,-1,0,0,0,0,0,0,2,1,-1,6,1,19,4,999,1,8,VOLKSWAGEN POLO,10,-1,0,2
2024531475841,2024,531475841,1,9,0,-1,19,5,1,-1,0,0,2,0,2,0,1,1,-1,9,1,18,4,1390,1,15,VOLKSWAGEN POLO,6,E01034795,0,3
2024010544063,2024,010544063,2,9,0,99,99,9,9,99,99,9,9,99,9,99,1,9,6,6,2,-1,-1,1198,1,18,VOLKSWAGEN POLO,-1,-1,0,-1
2024440166558,2024,440166558,1,9,0,3,3,6,2,0,0,1,0,0,0,0,2,1,6,6,1,25,5,1984,1,5,VOLKSWAGEN POLO,5,W01002040,0,5
2024501503683,2024,501503683,1,9,0,-1,9,6,4,-1,0,8,0,0,0,0,4,1,-1,9,2,21,5,1198,1,16,VOLKSWAGEN POLO,3,E01015032,0,1
2024131490702,2024,131490702,1,9,0,-1,19,5,1,-1,0,0,0,0,0,0,1,1,-1,7,2,35,6,1390,1,11,VOLKSWAGEN POLO,1,E01010924,0,1
2024221442335,2024,221442335,2,9,0,-1,19,2,6,-1,0,8,0,0,0,0,1,1,-1,6,2,37,7,999,1,2,VOLKSWAGEN POLO,1,E01032434,0,2
2024061455519,2024,061455519,1,9,0,-1,19,5,1,-1,0,0,0,0,0,0,1,1,-1,9,2,72,10,999,1,0,VOLKSWAGEN POLO,-1,-1,0,-1
2024111515843,2024,111515843,2,9,0,-1,19,7,4,-1,0,0,0,0,0,0,4,1,-1,6,1,26,6,1390,1,12,VOLKSWAGEN POLO,8,E01020710,0,2
2024461523417,2024,461523417,1,9,0,-1,19,4,8,-1,0,0,5,10,0,0,1,1,-1,9,1,20,4,1198,1,10,VOLKSWAGEN POLO,5,E01024588,0,1
2024531469193,2024,531469193,2,9,0,-1,19,1,5,-1,0,0,1,0,2,4,1,1,-1,9,1,25,5,1197,1,7,VOLKSWAGEN POLO,8,E01022199,0,2
2024131417429,2024,131417429,1,9,0,-1,-1,-1,-1,-1,-1,-1,-1,-1,-1,-1,-1,1,-1,6,3,-1,-1,1200,1,21,VOLKSWAGEN POLO,-1,-1,0,-1
2024141475898,2024,141475898,1,9,0,-1,19,6,2,-1,0,0,5,4,0,0,1,1,-1,6,1,32,6,999,1,9,VOLKSWAGEN POLO,3,E01007807,0,1
2024340WN1762,2024,340WN1762,1,9,0,-1,19,1,5,-1,0,1,0,0,0,0,1,1,-1,6,3,-1,-1,1400,1,16,VOLKSWAGEN POLO,-1,-1,0,-1
2024440267976,2024,440267976,2,9,0,2,2,0,0,0,0,0,0,0,0,0,0,1,6,6,3,-1,-1,1198,1,16,VOLKSWAGEN POLO,-1,-1,0,-1
2024201531555,2024,201531555,1,9,0,-1,7,1,3,-1,0,6,0,0,0,0,3,1,-1,2,2,50,8,1198,1,14,VOLKSWAGEN POLO,2,E01009225,0,1
2024070870176,2024,070870176,3,9,0,-1,2,0,0,-1,9,1,0,4,0,3,3,1,-1,6,1,58,9,999,1,4,VOLKSWAGEN POLO,2,E01012525,0,1
2024101460687,2024,101460687,2,9,0,-1,19,7,3,-1,0,1,0,0,0,0,1,1,-1,2,2,32,6,1390,1,11,VOLKSWAGEN POLO,4,E01008356,0,1
2024221414993,2024,221414993,1,9,0,-1,19,1,4,-1,0,4,0,0,0,0,1,1,-1,6,1,20,4,1896,2,21,VOLKSWAGEN POLO,-1,-1,0,-1
2024221487643,2024,221487643,1,9,0,-1,19,8,5,-1,0,0,1,0,1,10,1,1,-1,2,1,23,5,1198,1,15,VOLKSWAGEN POLO,4,E01014044,0,3
2024201469502,2024,201469502,1,9,0,-1,19,2,6,-1,0,5,1,4,7,0,1,1,-1,6,2,54,8,1197,1,8,VOLKSWAGEN POLO,2,E01009265,0,1
2024010545585,2024,010545585,2,9,9,9,9,5,3,0,0,9,1,11,0,0,1,1,6,6,2,30,6,999,1,3,VOLKSWAGEN POLO,2,E01033703,0,1
2024545136324,2024,545136324,1,9,0,18,19,6,2,0,0,1,0,0,0,0,1,1,6,6,1,18,4,1198,1,11,VOLKSWAGEN POLO,8,E01032951,0,3
2024010495465,2024,010495465,2,9,0,99,99,9,9,99,99,9,9,99,9,99,2,9,6,6,2,23,5,1198,1,14,VOLKSWAGEN POLO,3,E01000099,0,1
2024461485936,2024,461485936,1,9,0,-1,19,6,2,-1,0,0,0,0,3,6,1,2,-1,6,1,45,7,1400,1,19,VOLKSWAGEN POLO,3,E01024501,0,4
2024302401378,2024,302401378,1,9,0,9,9,6,4,0,0,8,0,0,0,0,4,1,6,6,2,18,4,1198,1,17,VOLKSWAGEN POLO,7,E01019553,0,1
2024111448829,2024,111448829,2,9,0,-1,4,3,7,-1,0,5,0,0,0,0,2,1,-1,6,2,61,9,999,1,1,VOLKSWAGEN POLO,8,E01012309,0,1
2024010539405,2024,010539405,4,9,0,18,19,7,3,0,0,3,0,0,0,0,2,1,2,2,1,53,8,1390,1,10,VOLKSWAGEN POLO,9,E01023134,0,4
2024631440900,2024,631440900,2,9,0,-1,19,2,6,-1,0,8,0,0,0,0,1,1,-1,9,2,80,11,1390,1,10,VOLKSWAGEN POLO,8,W01000597,0,3
2024052401960,2024,052401960,2,9,0,18,19,4,8,0,0,8,0,0,0,0,1,1,6,6,1,24,5,999,1,0,VOLKSWAGEN POLO,1,E01007220,0,1
2024351452364,2024,351452364,1,9,0,-1,19,1,5,-1,0,1,0,0,0,0,1,1,-1,1,1,28,6,1395,1,7,VOLKSWAGEN POLO,9,E01023656,0,3
2024231441146,2024,231441146,1,9,0,-1,19,5,2,-1,0,4,1,0,3,4,1,1,-1,6,1,18,4,1198,1,18,VOLKSWAGEN POLO,5,E01009031,0,4
2024461533896,2024,461533896,2,9,0,-1,19,7,3,-1,0,0,0,0,0,0,1,1,-1,9,1,21,5,999,1,0,VOLKSWAGEN POLO,4,E01024182,0,1
2024141459148,2024,141459148,1,9,0,-1,9,8,6,-1,0,8,0,0,0,0,1,1,-1,9,2,27,6,1197,1,7,VOLKSWAGEN POLO,2,E01011752,0,4
2024991496674,2024,991496674,1,9,0,-1,19,1,4,-1,0,0,2,0,7,0,1,1,-1,9,1,17,4,1199,2,11,VOLKSWAGEN POLO,-1,-1,0,-1
2024991402413,2024,991402413,1,9,0,-1,19,4,8,-1,0,1,0,0,0,0,1,1,-1,2,2,61,9,999,1,10,VOLKSWAGEN POLO,8,-1,0,2
2024010488305,2024,010488305,1,9,0,18,19,5,1,0,0,0,0,0,0,0,1,1,2,2,1,25,5,1198,1,14,VOLKSWAGEN POLO,9,E01004133,0,1
2024201427770,2024,201427770,2,9,0,-1,19,5,1,-1,0,1,0,0,0,0,1,9,-1,2,2,26,6,1400,2,18,VOLKSWAGEN POLO,1,E01009406,0,2
2024991517169,2024,991517169,1,9,0,-1,19,7,3,-1,0,0,1,0,1,0,1,1,-1,9,2,26,6,999,1,5,VOLKSWAGEN POLO,6,-1,0,3
2024010518852,2024,010518852,1,9,0,9,9,2,1,0,0,5,0,0,0,0,3,1,6,6,2,23,5,999,1,2,VOLKSWAGEN POLO,9,E01001107,0,2
2024101450840,2024,101450840,2,9,0,-1,3,1,5,-1,0,0,0,0,0,0,2,1,-1,6,1,19,4,1198,1,11,VOLKSWAGEN POLO,3,E01020827,0,4
2024332400684,2024,332400684,2,9,0,-1,19,5,1,-1,0,4,0,0,1,2,1,1,-1,9,2,23,5,1198,1,10,VOLKSWAGEN POLO,9,E01025779,0,3
2024471441972,2024,471441972,1,9,0,-1,19,5,1,-1,0,1,0,0,3,4,1,1,-1,9,1,17,4,1198,1,13,VOLKSWAGEN POLO,6,E01021199,0,3
2024131453103,2024,131453103,2,9,0,-1,19,1,1,-1,0,8,0,0,0,0,1,1,-1,9,1,42,7,1197,1,9,VOLKSWAGEN POLO,8,E01011595,0,2
2024461423810,2024,461423810,1,9,0,-1,9,5,7,-1,0,8,0,0,0,0,1,1,-1,9,1,18,4,1390,1,11,VOLKSWAGEN POLO,4,E01024208,0,1
2024622400870,2024,622400870,2,9,0,18,19,4,8,0,0,0,0,0,0,0,3,1,6,6,1,81,11,1390,1,10,VOLKSWAGEN POLO,4,W01000761,0,1
2024101453615,2024,101453615,2,9,0,-1,7,3,6,-1,0,0,0,0,0,0,2,1,-1,9,1,32,6,999,1,9,VOLKSWAGEN POLO,2,E01008695,0,1
2024211517011,2024,211517011,1,9,0,-1,19,1,5,-1,0,1,0,11,0,0,1,1,-1,9,1,84,11,1197,1,9,VOLKSWAGEN POLO,-1,-1,0,-1
2024010532939,2024,010532939,2,9,0,9,9,8,5,0,0,8,0,0,0,0,4,1,6,6,1,25,5,999,1,4,VOLKSWAGEN POLO,8,E01001901,0,1
2024320528426,2024,320528426,1,9,0,-1,-1,7,3,0,0,0,0,0,0,0,3,1,-1,-1,1,17,4,1198,1,12,VOLKSWAGEN POLO,4,E01026180,0,1
2024070042004,2024,070042004,1,9,0,5,5,1,8,0,0,8,0,0,0,0,1,1,2,2,2,19,4,1390,1,22,VOLKSWAGEN POLO,4,E01018712,0,1
2024061479796,2024,061479796,1,9,0,-1,9,3,1,-1,0,0,0,0,0,0,1,1,-1,6,1,34,6,999,1,9,VOLKSWAGEN POLO,3,E01005215,0,1
2024010521646,2024,010521646,1,9,0,99,99,9,9,99,99,9,9,99,9,99,1,9,6,6,2,24,5,1198,1,13,VOLKSWAGEN POLO,4,E01004019,0,1
2024471463185,2024,471463185,1,9,0,-1,5,7,3,-1,0,0,0,0,0,0,1,1,-1,2,2,27,6,1390,1,12,VOLKSWAGEN POLO,8,E01020987,0,1
2024122400713,2024,122400713,3,9,0,3,3,7,3,0,0,0,0,0,1,0,2,1,6,6,2,19,4,1400,2,17,VOLKSWAGEN POLO,7,E01027604,0,3
2024371395358,2024,371395358,1,9,0,-1,4,-1,-1,-1,0,0,0,0,0,0,2,1,-1,6,2,23,5,1400,1,16,VOLKSWAGEN POLO,7,E01018243,0,4
2024332401227,2024,332401227,1,9,0,-1,19,4,8,-1,0,0,5,0,1,4,1,1,-1,6,1,28,6,1422,2,21,VOLKSWAGEN POLO,10,E01019684,0,4
2024430239027,2024,430239027,4,9,0,18,19,1,5,0,0,0,0,0,0,0,1,1,6,6,2,67,10,1197,1,7,VOLKSWAGEN POLO,9,E01028754,0,1
2024451526921,2024,451526921,1,9,0,-1,19,6,2,-1,0,0,0,0,0,0,1,2,-1,2,2,20,4,999,1,0,VOLKSWAGEN POLO,8,E01030869,0,1
2024361468667,2024,361468667,1,9,0,-1,19,1,2,-1,0,8,0,0,0,0,1,1,-1,9,2,22,5,999,1,6,VOLKSWAGEN POLO,5,E01026845,0,3
2024010550609,2024,010550609,1,9,0,18,19,5,1,9,9,1,0,0,0,0,1,1,6,6,1,21,5,1390,1,14,VOLKSWAGEN POLO,3,E01034615,0,1
2024411448856,2024,411448856,1,9,0,-1,1,1,5,-1,0,0,0,0,0,0,1,9,-1,6,2,46,8,999,1,5,VOLKSWAGEN POLO,8,E01000118,0,3