collision_index,collision_year,collision_ref_no,vehicle_reference,vehicle_type,towing_and_articulation,vehicle_manoeuvre_historic,vehicle_manoeuvre,vehicle_direction_from,vehicle_direction_to,vehicle_location_restricted_lane_historic,vehicle_location_restricted_lane,junction_location,skidding_and_overturning,hit_object_in_carriageway,vehicle_leaving_carriageway,hit_object_off_carriageway,first_point_of_impact,vehicle_left_hand_drive,journey_purpose_of_driver_historic,journey_purpose_of_driver,sex_of_driver,age_of_driver,age_band_of_driver,engine_capacity_cc,propulsion_code,age_of_vehicle,generic_make_model,driver_imd_decile,lsoa_of_driver,escooter_flag,driver_distance_banding
2024543349524,2024,543349524,1,9,0,18,19,5,1,0,0,0,0,0,0,0,1,1,6,6,2,26,6,1197,1,8,VOLKSWAGEN POLO,10,E01031921,0,1
2024411529165,2024,411529165,1,9,-1,-1,1,-1,-1,-1,0,-1,0,0,0,0,-1,9,-1,6,1,97,11,1400,1,18,VOLKSWAGEN POLO,9,E01023684,0,1
2024231482680,2024,231482680,2,9,0,-1,5,4,8,-1,0,4,0,0,0,0,2,9,-1,9,2,23,5,999,1,5,VOLKSWAGEN POLO,6,E01031167,0,1
2024461482040,2024,461482040,1,9,0,-1,19,1,5,-1,0,0,2,10,2,0,1,1,-1,9,1,18,4,1896,2,21,VOLKSWAGEN POLO,3,E01016128,0,1
2024421504407,2024,421504407,2,9,-1,-1,19,3,7,-1,0,0,-1,0,0,0,3,9,-1,6,1,-1,-1,999,1,2,VOLKSWAGEN POLO,10,E01023489,0,3
2024421470347,2024,421470347,1,9,0,-1,19,2,5,-1,0,1,0,0,7,10,1,1,-1,9,1,41,7,999,1,7,VOLKSWAGEN POLO,9,E01022013,0,3
2024522402474,2024,522402474,1,9,0,7,7,3,5,0,0,5,0,0,0,0,1,1,6,6,1,18,4,1198,1,13,VOLKSWAGEN POLO,10,E01014513,0,1
2024122401024,2024,122401024,1,9,0,9,9,1,7,0,0,8,0,0,0,0,3,1,6,6,1,82,11,999,1,6,VOLKSWAGEN POLO,6,E01027764,0,3
2024991522427,2024,991522427,1,9,0,-1,4,6,2,-1,0,0,0,0,0,0,4,1,-1,1,1,26,6,1390,1,19,VOLKSWAGEN POLO,6,-1,0,4
2024471423266,2024,471423266,1,9,0,-1,4,1,5,-1,0,0,0,0,0,0,2,1,-1,6,2,39,7,999,1,2,VOLKSWAGEN POLO,6,E01031586,0,1
2024010489154,2024,010489154,1,9,0,18,19,3,7,9,9,1,1,10,7,4,1,1,6,6,1,18,4,999,1,4,VOLKSWAGEN POLO,2,E01001827,0,1
2024061414747,2024,061414747,1,9,0,-1,19,7,2,-1,0,0,1,0,0,0,1,1,-1,1,1,18,4,1197,1,11,VOLKSWAGEN POLO,2,E01005460,0,1
202417S103124,2024,17S103124,1,9,0,9,9,5,3,0,0,8,0,0,0,0,4,1,6,6,1,20,4,1198,1,13,VOLKSWAGEN POLO,-1,-1,0,-1
2024440132108,2024,440132108,1,9,0,4,4,2,6,0,0,0,0,0,0,0,2,1,6,6,1,22,5,1198,1,17,VOLKSWAGEN POLO,3,E01017267,0,1
2024201514450,2024,201514450,2,9,0,-1,4,4,8,-1,0,0,0,0,0,0,2,1,-1,2,2,51,8,1395,1,8,VOLKSWAGEN POLO,4,E01031026,0,4
2024141508285,2024,141508285,1,9,0,-1,19,2,6,-1,0,8,0,0,5,0,4,1,-1,9,2,56,9,1395,1,10,VOLKSWAGEN POLO,3,E01007679,0,3
2024101446089,2024,101446089,1,9,0,-1,9,1,2,-1,0,6,0,0,0,0,1,2,-1,9,1,28,6,1198,1,21,VOLKSWAGEN POLO,-1,-1,0,-1
2024421503666,2024,421503666,1,9,0,-1,19,1,5,-1,0,0,0,0,7,0,1,1,-1,9,2,26,6,999,1,3,VOLKSWAGEN POLO,8,E01022059,0,1
2024451504608,2024,451504608,1,9,0,-1,19,2,8,-1,0,0,0,7,0,0,1,1,-1,9,1,82,11,1197,1,8,VOLKSWAGEN POLO,10,E01030963,0,2
2024552401113,2024,552401113,1,9,0,18,19,2,6,0,0,5,5,0,0,0,3,1,6,6,1,17,4,1198,1,14,VOLKSWAGEN POLO,4,E01020518,0,1
2024440404909,2024,440404909,1,9,0,1,1,0,7,0,0,0,0,0,0,0,2,1,6,6,2,22,5,1198,1,13,VOLKSWAGEN POLO,8,E01030877,0,2
2024010530385,2024,010530385,2,9,0,99,99,9,9,99,99,9,9,99,9,99,1,9,6,6,3,-1,-1,999,1,7,VOLKSWAGEN POLO,2,E01023397,0,4
2024451523259,2024,451523259,2,9,0,-1,19,5,1,-1,0,8,0,0,0,0,1,1,-1,2,1,37,7,1390,1,14,VOLKSWAGEN POLO,9,E01030590,0,2
2024131483501,2024,131483501,1,9,0,-1,19,7,3,-1,0,8,0,0,0,0,4,1,-1,9,2,26,6,999,1,2,VOLKSWAGEN POLO,7,E01011692,0,1
2024332400413,2024,332400413,2,9,0,-1,19,2,6,-1,0,3,2,0,0,0,4,1,-1,9,2,32,6,1390,1,15,VOLKSWAGEN POLO,5,E01025863,0,3
2024451394601,2024,451394601,1,9,0,-1,4,1,1,-1,0,0,0,0,0,0,2,9,-1,9,2,25,5,1390,1,17,VOLKSWAGEN POLO,7,E01023257,0,4
2024311450613,2024,311450613,2,9,0,-1,9,2,1,-1,0,5,0,0,0,0,0,1,-1,9,2,19,4,1198,1,13,VOLKSWAGEN POLO,5,E01013914,0,1
2024991453437,2024,991453437,2,9,0,-1,7,2,6,-1,0,0,0,0,0,0,2,1,-1,7,2,22,5,1198,1,12,VOLKSWAGEN POLO,2,-1,0,2
2024991410419,2024,991410419,1,9,0,-1,19,8,3,-1,0,0,1,0,4,1,1,1,-1,2,2,26,6,1400,2,15,VOLKSWAGEN POLO,8,-1,0,4
2024041530812,2024,041530812,2,9,0,-1,3,3,7,-1,0,4,0,0,0,0,2,1,-1,9,1,35,6,999,1,5,VOLKSWAGEN POLO,1,E01025181,0,1
2024471481083,2024,471481083,3,9,0,-1,2,0,0,-1,-1,8,0,0,0,0,4,1,-1,9,2,20,4,1390,7,18,VOLKSWAGEN POLO,1,E01020920,0,2
2024411513902,2024,411513902,2,9,0,-1,-1,-1,-1,-1,-1,-1,-1,-1,-1,0,2,9,-1,9,2,40,7,999,1,0,VOLKSWAGEN POLO,9,E01023665,0,3
2024411516277,2024,411516277,1,9,0,-1,19,5,1,-1,0,0,1,0,1,11,4,1,-1,6,2,32,6,1390,1,10,VOLKSWAGEN POLO,7,E01021856,0,3
2024061407252,2024,061407252,2,9,0,-1,19,7,3,-1,0,8,0,0,0,0,3,9,-1,6,2,33,6,999,1,3,VOLKSWAGEN POLO,1,E01005129,0,1
2024430522428,2024,430522428,1,9,0,18,19,5,1,0,0,1,1,0,1,10,1,1,6,6,2,75,10,1197,1,8,VOLKSWAGEN POLO,9,E01027301,0,4
2024522403348,2024,522403348,2,9,0,4,4,2,6,0,0,1,0,0,0,0,2,1,6,6,1,45,7,1197,1,6,VOLKSWAGEN POLO,6,E01014531,0,1
2024451475696,2024,451475696,2,9,0,-1,9,7,5,-1,0,8,5,0,0,0,1,1,-1,9,1,17,4,999,1,9,VOLKSWAGEN POLO,10,E01030998,0,1
2024421468456,2024,421468456,2,9,0,-1,9,4,2,-1,0,0,0,0,0,0,1,1,-1,9,2,48,8,1984,1,1,VOLKSWAGEN POLO,1,E01022026,0,1
2024471490602,2024,471490602,1,9,0,-1,5,1,5,-1,0,0,0,0,0,0,4,1,-1,6,2,29,6,999,1,4,VOLKSWAGEN POLO,5,E01031835,0,1
2024461501793,2024,461501793,1,9,0,-1,19,2,6,-1,0,0,0,0,0,0,1,1,-1,6,1,34,6,1198,1,17,VOLKSWAGEN POLO,7,E01033213,0,4
2024471411285,2024,471411285,5,9,0,-1,2,0,0,-1,0,0,0,0,0,0,3,1,-1,6,-1,-1,-1,1400,2,18,VOLKSWAGEN POLO,-1,-1,0,-1
2024531406390,2024,531406390,2,9,0,-1,19,5,1,-1,0,2,0,0,0,0,1,1,-1,9,2,76,11,999,1,8,VOLKSWAGEN POLO,6,E01022261,0,1
2024061455111,2024,061455111,1,9,0,-1,19,1,1,-1,0,1,0,0,0,0,3,1,-1,6,2,29,6,1422,2,9,VOLKSWAGEN POLO,-1,-1,0,-1
2024991516840,2024,991516840,1,9,0,-1,19,3,7,-1,0,0,0,0,0,0,1,1,-1,9,2,79,11,1390,1,11,VOLKSWAGEN POLO,9,-1,0,1
2024201441569,2024,201441569,1,9,0,-1,19,3,7,-1,0,0,0,0,0,0,0,1,-1,6,1,-1,-1,1400,1,18,VOLKSWAGEN POLO,-1,-1,0,-1
2024010549395,2024,010549395,2,9,0,4,4,7,3,0,0,0,0,0,0,0,2,1,6,6,1,32,6,999,1,5,VOLKSWAGEN POLO,6,E01002329,0,1
2024041473406,2024,041473406,2,9,0,-1,5,1,5,-1,0,2,0,0,0,0,1,1,-1,6,2,34,6,999,1,1,VOLKSWAGEN POLO,1,E01012682,0,1
2024320669032,2024,320669032,1,9,0,-1,-1,4,3,0,0,2,1,0,7,4,1,1,-1,-1,1,21,5,1199,2,12,VOLKSWAGEN POLO,2,E01013147,0,4
2024131399384,2024,131399384,2,9,0,-1,2,0,0,-1,0,0,0,0,0,0,3,1,-1,6,-1,-1,-1,1400,1,22,VOLKSWAGEN POLO,-1,-1,0,-1
2024221437262,2024,221437262,1,9,0,-1,19,8,4,-1,0,1,0,0,0,0,1,9,-1,6,2,32,6,999,1,8,VOLKSWAGEN POLO,6,E01028913,0,1
2024201526764,2024,201526764,1,9,0,-1,9,3,1,-1,0,5,0,0,0,0,1,1,-1,6,1,25,5,1198,1,13,VOLKSWAGEN POLO,-1,-1,0,-1
2024440476036,2024,440476036,1,9,0,17,19,2,7,0,0,2,0,0,0,0,1,1,6,6,2,20,4,1198,1,15,VOLKSWAGEN POLO,-1,-1,0,-1
2024141518927,2024,141518927,1,9,0,-1,9,5,1,-1,0,1,0,0,0,0,2,1,-1,9,2,29,6,999,1,8,VOLKSWAGEN POLO,1,E01008082,0,1
2024451480967,2024,451480967,3,9,0,-1,19,2,6,-1,0,0,0,0,0,0,3,1,-1,9,1,30,6,1198,1,12,VOLKSWAGEN POLO,9,E01002916,0,4
2024421407051,2024,421407051,2,9,0,-1,19,2,6,-1,0,0,0,0,0,0,2,9,-1,9,2,19,4,999,1,5,VOLKSWAGEN POLO,4,W01001837,0,5
2024201539645,2024,201539645,2,9,0,-1,19,8,4,-1,0,8,0,0,0,0,1,9,-1,9,1,17,4,999,1,0,VOLKSWAGEN POLO,1,E01009501,0,2
2024201494649,2024,201494649,2,9,0,-1,19,2,6,-1,0,0,0,0,0,0,3,1,-1,6,2,35,6,999,1,6,VOLKSWAGEN POLO,5,E01005940,0,5
2024131450405,2024,131450405,1,9,0,-1,19,1,5,-1,0,8,0,0,0,0,4,1,-1,1,1,23,5,1198,1,17,VOLKSWAGEN POLO,4,E01010849,0,1
2024340WN0862,2024,340WN0862,2,9,0,-1,19,8,4,-1,0,0,0,0,0,0,2,1,-1,9,2,19,4,1390,1,17,VOLKSWAGEN POLO,3,E01016746,0,3
2024031491734,2024,031491734,1,9,0,-1,4,2,1,-1,0,1,0,0,0,0,1,1,-1,6,1,46,8,1400,1,17,VOLKSWAGEN POLO,-1,-1,0,-1
202454C665224,2024,54C665224,1,9,0,18,19,2,6,0,0,1,0,0,0,0,1,1,6,6,2,57,9,1198,1,18,VOLKSWAGEN POLO,8,E01032049,0,1
2024451421083,2024,451421083,1,9,0,-1,9,1,7,-1,0,8,0,0,0,0,1,1,-1,9,2,47,8,1984,1,2,VOLKSWAGEN POLO,2,E01002564,0,3
2024010548628,2024,010548628,2,9,0,99,99,9,9,99,99,9,9,99,9,99,1,9,6,6,3,-1,-1,1198,1,18,VOLKSWAGEN POLO,-1,-1,0,-1
2024421506939,2024,421506939,2,9,0,-1,19,6,2,-1,0,0,0,0,0,0,2,1,-1,6,1,58,9,999,1,0,VOLKSWAGEN POLO,5,E01021909,0,2
2024070866214,2024,070866214,2,9,0,-1,19,3,7,-1,0,0,0,0,0,0,3,1,-1,2,2,45,7,1197,1,7,VOLKSWAGEN POLO,-1,-1,0,-1
2024010517113,2024,010517113,4,9,0,2,2,0,0,0,0,2,0,0,0,0,4,1,6,6,3,-1,-1,1198,1,14,VOLKSWAGEN POLO,-1,-1,0,-1
2024461478407,2024,461478407,1,9,0,-1,9,7,3,-1,0,0,0,0,0,0,3,1,-1,9,1,20,4,1400,1,19,VOLKSWAGEN POLO,2,E01023975,0,2
2024361452174,2024,361452174,2,9,0,-1,19,2,6,-1,0,2,0,0,0,0,1,1,-1,6,2,20,4,1197,1,9,VOLKSWAGEN POLO,5,E01026909,0,2
2024552401045,2024,552401045,1,9,0,18,19,1,5,0,0,8,0,0,0,0,1,1,6,6,1,27,6,1197,1,10,VOLKSWAGEN POLO,8,E01015320,0,1
2024991503506,2024,991503506,2,9,0,-1,11,4,8,-1,9,0,0,0,1,0,2,1,-1,9,2,23,5,1197,1,7,VOLKSWAGEN POLO,10,-1,0,1
2024010498367,2024,010498367,1,9,0,9,9,5,3,2,2,6,0,0,0,0,3,1,2,2,2,23,5,1197,1,8,VOLKSWAGEN POLO,2,E01002800,0,1
2024052402408,2024,052402408,2,9,0,4,4,6,2,0,0,0,0,0,0,0,2,1,6,6,1,41,7,999,1,4,VOLKSWAGEN POLO,1,E01006610,0,1
2024221469356,2024,221469356,1,9,0,-1,19,1,5,-1,0,1,0,0,0,0,2,2,-1,1,1,58,9,1197,1,8,VOLKSWAGEN POLO,7,E01032398,0,1
2024161511746,2024,161511746,1,9,0,-1,4,6,8,-1,0,1,0,0,0,0,2,1,-1,9,1,19,4,1199,2,13,VOLKSWAGEN POLO,10,E01013118,0,1
2024991478013,2024,991478013,1,9,0,-1,19,3,5,-1,0,0,1,0,7,11,1,1,-1,9,1,17,4,1198,1,12,VOLKSWAGEN POLO,5,-1,0,4
2024010509725,2024,010509725,1,9,0,18,19,1,5,0,0,2,2,0,0,0,1,1,6,6,1,31,6,999,1,5,VOLKSWAGEN POLO,3,E01003544,0,1
2024991430448,2024,991430448,1,9,0,-1,19,2,6,-1,0,0,0,4,1,0,1,1,-1,9,1,21,5,1984,1,4,VOLKSWAGEN POLO,9,-1,0,3
2024221492043,2024,221492043,2,9,0,-1,3,7,3,-1,0,0,0,0,0,0,2,9,-1,6,1,35,6,999,1,2,VOLKSWAGEN POLO,4,E01032473,0,2
2024041490872,2024,041490872,1,9,0,-1,19,1,5,-1,0,0,0,0,0,0,1,1,-1,6,1,17,4,1390,1,11,VOLKSWAGEN POLO,8,E01025241,0,1
2024461529420,2024,461529420,2,9,0,-1,19,7,7,-1,0,1,0,0,0,0,1,1,-1,2,2,44,7,1197,1,8,VOLKSWAGEN POLO,9,E01034990,0,1
2024631526369,2024,631526369,1,9,0,-1,9,8,7,-1,0,5,0,0,0,0,2,1,-1,9,2,21,5,999,1,0,VOLKSWAGEN POLO,8,W01000457,0,3
2024211445282,2024,211445282,1,9,0,-1,19,7,3,-1,0,8,0,0,1,0,3,1,-1,6,2,-1,-1,999,1,2,VOLKSWAGEN POLO,6,E01014310,0,1
2024320687554,2024,320687554,2,9,0,-1,-1,1,5,0,0,1,0,0,0,1,4,1,-1,-1,1,35,6,1390,1,15,VOLKSWAGEN POLO,3,E01026122,0,1
2024411526047,2024,411526047,1,9,0,-1,19,2,4,-1,0,0,0,0,0,0,1,1,-1,6,2,25,5,1390,1,15,VOLKSWAGEN POLO,6,E01023952,0,1
2024471451609,2024,471451609,2,9,0,-1,8,5,2,-1,0,2,0,0,0,0,1,1,-1,9,2,75,10,1390,1,11,VOLKSWAGEN POLO,6,E01021193,0,1
2024991509676,2024,991509676,1,9,0,-1,7,1,7,-1,9,1,0,0,1,0,1,1,-1,9,2,23,5,999,1,3,VOLKSWAGEN POLO,1,-1,0,2
2024471464403,2024,471464403,1,9,0,-1,10,7,5,-1,0,1,0,0,0,0,1,1,-1,9,1,18,4,1198,1,19,VOLKSWAGEN POLO,6,E01031658,0,3
2024070942326,2024,070942326,1,9,0,-1,9,3,1,-1,0,8,0,0,0,0,3,1,-1,9,2,55,8,1197,1,8,VOLKSWAGEN POLO,3,E01012511,0,1
2024221424481,2024,221424481,1,9,0,-1,7,5,7,-1,0,4,0,0,0,0,4,9,-1,6,1,24,5,1798,1,8,VOLKSWAGEN POLO,9,E01032189,0,2
2024010514151,2024,010514151,1,9,0,7,7,1,2,0,0,8,0,0,0,0,1,1,6,6,2,69,10,999,1,8,VOLKSWAGEN POLO,2,E01001331,0,1
2024430523672,2024,430523672,1,9,0,9,9,4,2,0,0,5,0,0,0,0,4,1,6,6,1,-1,-1,1198,1,12,VOLKSWAGEN POLO,-1,-1,0,-1
2024461505683,2024,461505683,1,9,0,-1,19,3,7,-1,0,8,0,0,0,0,1,1,-1,9,1,17,4,999,1,0,VOLKSWAGEN POLO,-1,-1,0,-1
2024440060483,2024,440060483,1,9,0,18,19,4,8,0,0,8,0,0,1,4,4,1,6,6,2,20,4,1400,1,18,VOLKSWAGEN POLO,5,E01035458,0,2
2024131509130,2024,131509130,1,9,0,-1,19,3,3,-1,0,0,0,0,0,0,3,1,-1,9,2,20,4,1198,1,13,VOLKSWAGEN POLO,3,E01011908,0,1
2024531517273,2024,531517273,1,9,0,-1,19,5,1,-1,9,0,1,10,1,11,1,1,-1,6,1,30,6,1900,2,17,VOLKSWAGEN POLO,8,E01022209,0,2
2024201485878,2024,201485878,2,9,0,-1,19,6,2,-1,0,8,0,0,0,0,1,1,-1,6,1,22,5,1198,1,12,VOLKSWAGEN POLO,1,E01009359,0,2
2024631423871,2024,631423871,1,9,0,-1,19,6,3,-1,0,0,5,0,2,10,1,1,-1,9,1,17,4,1390,1,11,VOLKSWAGEN POLO,5,W01000550,0,1
2024421503250,2024,421503250,2,9,0,-1,19,1,5,-1,0,0,0,0,0,0,1,1,-1,6,1,20,4,1198,1,12,VOLKSWAGEN POLO,3,E01004397,0,4
2024522403224,2024,522403224,1,9,0,18,19,6,2,0,0,0,0,0,1,10,1,1,6,6,1,18,4,1198,1,16,VOLKSWAGEN POLO,8,E01015003,0,2
2024201453353,2024,201453353,1,9,0,-1,9,8,6,-1,0,8,0,0,0,0,1,1,-1,9,1,21,5,1390,1,16,VOLKSWAGEN POLO,1,E01010102,0,1
2024991412182,2024,991412182,2,9,0,-1,19,6,3,-1,0,8,0,0,0,0,1,1,-1,9,2,34,6,1390,1,13,VOLKSWAGEN POLO,3,-1,0,1
2024221512695,2024,221512695,1,9,0,-1,3,8,4,-1,0,1,0,0,0,0,2,1,-1,2,2,22,5,1390,1,11,VOLKSWAGEN POLO,4,E01032322,0,1
2024010532480,2024,010532480,2,9,0,9,9,1,6,0,0,5,0,0,0,0,3,1,6,6,2,50,8,999,1,0,VOLKSWAGEN POLO,8,E01002453,0,1
2024010521244,2024,010521244,2,9,0,9,9,1,6,0,0,5,0,0,0,0,3,2,6,6,2,34,6,1198,1,13,VOLKSWAGEN POLO,9,E01001299,0,1
2024061400361,2024,061400361,1,9,0,-1,19,3,7,-1,0,1,0,0,0,0,1,1,-1,2,2,26,6,999,1,6,VOLKSWAGEN POLO,4,E01005673,0,1
2024471427765,2024,471427765,3,9,0,-1,19,1,5,-1,0,0,0,0,0,0,2,1,-1,6,2,74,10,1197,1,9,VOLKSWAGEN POLO,8,E01017010,0,2
2024161411137,2024,161411137,2,9,0,-1,19,2,6,-1,0,8,0,0,0,0,1,1,-1,9,2,21,5,999,1,6,VOLKSWAGEN POLO,1,E01013203,0,1
2024320669060,2024,320669060,1,9,0,-1,-1,8,4,0,0,0,0,0,1,10,1,1,6,6,2,19,4,1197,1,10,VOLKSWAGEN POLO,8,E01026314,0,1
2024351420111,2024,351420111,3,9,0,-1,4,2,6,-1,0,0,0,0,1,0,2,1,-1,2,1,25,5,1198,1,12,VOLKSWAGEN POLO,10,E01018124,0,3
2024361541849,2024,361541849,1,9,0,-1,4,3,7,-1,0,1,0,0,0,0,1,1,-1,6,2,23,5,1198,1,11,VOLKSWAGEN POLO,6,E01026590,0,1
2024061456779,2024,061456779,2,9,0,-1,3,6,2,-1,0,1,0,0,0,0,-1,9,-1,6,2,50,8,1390,1,13,VOLKSWAGEN POLO,10,E01006301,0,1
2024010515991,2024,010515991,1,9,0,10,10,1,7,0,0,8,0,0,0,0,1,1,6,6,1,65,9,999,1,3,VOLKSWAGEN POLO,4,E01002103,0,1
2024461507816,2024,461507816,1,9,0,-1,19,3,7,-1,0,0,0,0,0,0,1,1,-1,2,2,39,7,1390,1,11,VOLKSWAGEN POLO,1,E01024660,0,1
2024231452133,2024,231452133,2,9,0,-1,19,8,4,-1,0,0,0,0,0,0,1,1,-1,1,2,23,5,999,1,3,VOLKSWAGEN POLO,8,E01009644,0,4
2024061432386,2024,061432386,1,9,0,-1,3,-1,-1,-1,0,0,0,0,0,0,2,1,-1,2,1,37,7,1400,1,17,VOLKSWAGEN POLO,2,E01005600,0,2
2024101500828,2024,101500828,1,9,0,-1,19,3,7,-1,0,0,0,0,0,0,1,1,-1,9,2,22,5,1197,1,8,VOLKSWAGEN POLO,5,E01008224,0,1
2024221420151,2024,221420151,2,9,0,-1,19,8,4,-1,0,0,1,0,0,0,1,9,-1,2,1,17,4,1390,1,20,VOLKSWAGEN POLO,10,E01034328,0,4
2024010540177,2024,010540177,1,9,0,18,19,7,3,0,0,8,0,0,0,0,1,1,6,6,1,22,5,1390,1,16,VOLKSWAGEN POLO,2,E01001151,0,2
2024332400052,2024,332400052,2,9,0,-1,9,7,5,-1,0,5,0,0,0,0,3,1,-1,6,3,-1,-1,1390,1,12,VOLKSWAGEN POLO,-1,-1,0,-1
2024541085724,2024,541085724,2,9,0,18,19,3,7,0,0,8,0,0,0,0,4,1,6,6,2,52,8,999,1,2,VOLKSWAGEN POLO,7,E01015588,0,2
2024141406587,2024,141406587,2,9,0,-1,19,1,5,-1,0,8,0,0,0,0,3,1,-1,9,1,17,4,1198,1,12,VOLKSWAGEN POLO,3,E01007903,0,2
2024061488513,2024,061488513,2,9,0,-1,19,3,8,-1,0,1,0,0,0,0,4,1,-1,9,2,20,4,999,1,4,VOLKSWAGEN POLO,2,E01010815,0,4
2024471400167,2024,471400167,2,9,0,-1,19,5,1,-1,0,8,0,0,0,0,1,1,-1,9,2,66,10,999,1,6,VOLKSWAGEN POLO,10,E01031592,0,1
2024451421685,2024,451421685,1,9,0,-1,19,3,7,-1,0,0,1,0,1,1,1,1,-1,6,-1,-1,-1,1198,1,14,VOLKSWAGEN POLO,-1,-1,0,-1
202454A527824,2024,54A527824,2,9,0,18,19,1,5,0,0,1,0,0,7,0,4,1,6,6,2,20,4,1390,1,17,VOLKSWAGEN POLO,5,E01029053,0,4
2024131404969,2024,131404969,2,9,0,-1,-1,-1,-1,-1,-1,0,-1,-1,-1,-1,-1,1,-1,6,1,27,6,1390,1,15,VOLKSWAGEN POLO,6,E01011646,0,2
2024141499262,2024,141499262,1,9,0,-1,19,6,2,-1,0,1,0,0,0,0,4,1,-1,2,1,32,6,999,1,6,VOLKSWAGEN POLO,3,E01034258,0,1
2024010512851,2024,010512851,1,9,0,99,99,9,9,99,99,9,9,99,9,99,1,9,6,6,1,28,6,999,1,6,VOLKSWAGEN POLO,5,E01003378,0,1
2024101419878,2024,101419878,1,9,0,-1,19,7,3,-1,0,1,0,0,0,0,1,1,-1,9,1,84,11,1197,1,7,VOLKSWAGEN POLO,6,E01027511,0,3
2024451518815,2024,451518815,1,9,0,-1,5,0,7,-1,0,0,0,0,0,0,0,1,-1,9,1,85,11,1197,1,8,VOLKSWAGEN POLO,8,E01022887,0,4
2024371508537,2024,371508537,1,9,0,-1,9,5,3,-1,0,2,0,0,0,0,1,1,-1,9,2,77,11,1197,1,8,VOLKSWAGEN POLO,6,E01030224,0,3
2024010545083,2024,010545083,2,9,0,2,2,0,0,0,0,2,0,0,0,0,3,1,6,6,3,-1,-1,999,1,3,VOLKSWAGEN POLO,-1,-1,0,-1
2024211426461,2024,211426461,1,9,0,-1,19,2,6,-1,0,1,0,0,0,0,1,1,-1,6,2,59,9,999,1,4,VOLKSWAGEN POLO,-1,-1,0,-1
2024122400169,2024,122400169,1,9,0,18,19,5,1,0,0,0,0,0,7,0,1,1,6,6,2,25,5,1198,1,13,VOLKSWAGEN POLO,2,E01011807,0,2
2024471522916,2024,471522916,1,9,0,-1,19,1,5,-1,0,1,0,0,0,0,1,1,-1,9,1,19,4,1198,1,19,VOLKSWAGEN POLO,9,E01032838,0,1
202417S206024,2024,17S206024,1,9,0,-1,19,1,4,-1,0,0,1,0,6,0,1,1,-1,9,1,19,4,1198,1,17,VOLKSWAGEN POLO,3,E01012214,0,1
2024070981576,2024,070981576,1,9,0,-1,4,5,7,-1,0,1,1,0,0,0,0,1,-1,2,2,20,4,999,1,3,VOLKSWAGEN POLO,7,E01018371,0,1
2024010497651,2024,010497651,1,9,0,18,19,3,7,0,0,8,0,0,0,0,1,1,6,6,1,20,4,999,1,4,VOLKSWAGEN POLO,4,E01002267,0,1
2024221472788,2024,221472788,1,9,0,-1,19,8,5,-1,0,0,5,0,2,4,1,1,-1,9,1,17,4,1198,1,17,VOLKSWAGEN POLO,4,E01014024,0,2
2024552400778,2024,552400778,1,9,0,4,4,2,4,0,0,1,0,0,0,0,1,1,6,6,1,34,6,999,1,1,VOLKSWAGEN POLO,4,E01015328,0,1
2024440218694,2024,440218694,1,9,0,18,19,3,7,0,0,1,0,0,0,0,1,1,6,6,1,68,10,1197,1,7,VOLKSWAGEN POLO,7,E01022502,0,1
2024631515482,2024,631515482,1,9,0,-1,19,7,3,-1,0,0,0,0,1,9,1,1,-1,2,1,27,6,999,1,1,VOLKSWAGEN POLO,10,W01000837,0,4
2024010518527,2024,010518527,5,9,0,2,2,0,0,0,0,1,0,0,0,0,3,1,6,6,3,-1,-1,1984,1,3,VOLKSWAGEN POLO,-1,-1,0,-1
2024231504362,2024,231504362,1,9,0,-1,19,6,2,-1,0,0,0,0,0,0,1,9,-1,6,1,34,6,1390,1,15,VOLKSWAGEN POLO,3,E01009599,0,3
2024131526412,2024,131526412,2,9,0,-1,19,1,5,-1,0,8,0,0,0,0,3,1,-1,9,2,29,6,1198,1,14,VOLKSWAGEN POLO,2,E01010929,0,3
2024101526529,2024,101526529,2,9,0,-1,19,8,5,-1,0,3,0,0,0,0,4,2,-1,6,1,20,4,1198,1,14,VOLKSWAGEN POLO,3,E01027385,0,1
2024052402531,2024,052402531,1,9,0,18,19,5,1,0,0,0,0,0,0,0,1,1,6,6,2,69,10,1198,1,17,VOLKSWAGEN POLO,8,E01006368,0,1
2024501534674,2024,501534674,2,9,0,-1,7,3,7,-1,0,1,0,0,0,0,1,1,-1,9,1,21,5,1198,1,13,VOLKSWAGEN POLO,4,E01018754,0,3
2024221479047,2024,221479047,2,9,0,-1,19,6,2,-1,0,0,0,0,7,3,1,1,-1,6,1,20,4,1198,1,16,VOLKSWAGEN POLO,4,E01028993,0,2
2024991395414,2024,991395414,1,9,0,-1,19,8,5,-1,0,0,0,0,0,0,1,1,-1,6,2,56,9,1198,1,10,VOLKSWAGEN POLO,8,-1,0,2
2024520001753,2024,520001753,1,9,0,9,9,5,3,0,0,6,0,0,0,0,1,1,6,6,1,21,5,999,1,4,VOLKSWAGEN POLO,10,E01014479,0,1
2024401475137,2024,401475137,1,9,0,-1,1,3,7,-1,99,0,0,0,0,0,2,9,-1,6,2,-1,-1,999,1,6,VOLKSWAGEN POLO,3,E01017514,0,1
2024371538536,2024,371538536,2,9,0,-1,9,8,3,-1,0,0,0,0,0,0,4,1,-1,9,1,20,4,1896,2,21,VOLKSWAGEN POLO,1,E01033129,0,1
2024041414847,2024,041414847,5,9,0,-1,2,0,0,-1,-1,0,0,0,0,0,4,1,-1,6,-1,-1,-1,999,1,7,VOLKSWAGEN POLO,-1,-1,0,-1