collision_index,collision_year,collision_ref_no,vehicle_reference,vehicle_type,towing_and_articulation,vehicle_manoeuvre_historic,vehicle_manoeuvre,vehicle_direction_from,vehicle_direction_to,vehicle_location_restricted_lane_historic,vehicle_location_restricted_lane,junction_location,skidding_and_overturning,hit_object_in_carriageway,vehicle_leaving_carriageway,hit_object_off_carriageway,first_point_of_impact,vehicle_left_hand_drive,journey_purpose_of_driver_historic,journey_purpose_of_driver,sex_of_driver,age_of_driver,age_band_of_driver,engine_capacity_cc,propulsion_code,age_of_vehicle,generic_make_model,driver_imd_decile,lsoa_of_driver,escooter_flag,driver_distance_banding
2024440461059,2024,440461059,3,9,0,18,19,5,1,0,0,0,0,0,0,0,1,1,1,1,2,20,4,1197,1,7,VOLKSWAGEN POLO,9,E01022782,0,3
2024421457742,2024,421457742,2,9,0,-1,9,7,5,-1,0,8,0,0,0,0,3,1,-1,9,1,19,4,999,1,10,VOLKSWAGEN POLO,9,E01022082,0,1
2024351417308,2024,351417308,1,9,0,-1,4,5,1,-1,0,2,0,0,0,0,2,1,-1,6,1,62,9,999,1,6,VOLKSWAGEN POLO,10,E01018283,0,3
2024471441619,2024,471441619,3,9,0,-1,2,0,0,-1,0,0,0,0,0,0,2,1,-1,6,-1,-1,-1,999,1,5,VOLKSWAGEN POLO,-1,-1,0,-1
2024991406190,2024,991406190,1,9,0,-1,19,3,7,-1,0,2,0,0,0,0,1,1,-1,9,2,21,5,1198,1,18,VOLKSWAGEN POLO,7,-1,0,4
2024211534575,2024,211534575,1,9,0,-1,5,8,2,-1,9,1,0,0,0,0,0,1,-1,9,1,30,6,1198,1,14,VOLKSWAGEN POLO,-1,-1,0,-1
2024520500016,2024,520500016,2,9,0,5,5,6,2,0,0,6,0,0,0,0,2,1,6,6,2,39,7,999,1,3,VOLKSWAGEN POLO,10,E01035124,0,1
2024201468389,2024,201468389,1,9,0,-1,19,6,2,-1,0,8,0,0,0,0,3,1,-1,6,2,20,4,1198,1,14,VOLKSWAGEN POLO,2,E01010500,0,3
2024421404122,2024,421404122,2,9,0,-1,8,2,4,-1,0,1,0,0,0,0,3,1,-1,6,2,20,4,999,1,6,VOLKSWAGEN POLO,10,E01021757,0,2
2024411437272,2024,411437272,2,9,0,-1,3,1,5,-1,0,1,0,0,0,0,2,9,-1,9,1,21,5,999,1,5,VOLKSWAGEN POLO,4,E01023584,0,1
2024991472806,2024,991472806,1,9,0,-1,19,8,4,-1,0,0,0,0,0,0,1,1,-1,6,1,23,5,1798,1,8,VOLKSWAGEN POLO,4,-1,0,2
2024351531141,2024,351531141,2,9,0,-1,19,4,8,-1,0,2,0,0,0,0,4,1,-1,2,2,22,5,999,1,7,VOLKSWAGEN POLO,10,E01018015,0,4
2024542273124,2024,542273124,3,9,0,3,3,6,2,0,0,0,0,0,0,0,2,1,1,1,1,47,8,999,1,1,VOLKSWAGEN POLO,5,E01015571,0,3
2024311488110,2024,311488110,1,9,0,-1,2,0,0,-1,0,0,0,0,0,0,3,1,-1,9,1,51,8,999,1,0,VOLKSWAGEN POLO,5,E01028342,0,2
2024041506867,2024,041506867,2,9,0,-1,10,5,1,-1,0,4,0,0,0,0,2,1,-1,9,2,53,8,999,1,1,VOLKSWAGEN POLO,8,E01025056,0,1
2024201431426,2024,201431426,1,9,0,-1,19,4,8,-1,0,0,5,4,0,0,1,9,-1,6,1,19,4,1198,1,13,VOLKSWAGEN POLO,1,E01033888,0,1
2024320022723,2024,320022723,2,9,0,7,7,4,7,0,0,6,0,0,0,0,2,1,-1,-1,2,38,7,999,1,4,VOLKSWAGEN POLO,7,E01026252,0,1
2024461505960,2024,461505960,1,9,0,-1,19,3,7,-1,0,1,0,0,0,0,1,1,-1,6,1,26,6,1198,1,10,VOLKSWAGEN POLO,5,E01024551,0,1
2024010516533,2024,010516533,1,9,0,9,9,1,6,0,0,1,0,0,0,0,3,1,6,6,1,33,6,1390,1,12,VOLKSWAGEN POLO,3,E01004725,0,1
2024471485119,2024,471485119,1,9,0,-1,9,5,3,-1,0,8,0,0,0,0,1,1,-1,1,1,46,8,999,1,0,VOLKSWAGEN POLO,4,E01020935,0,4
2024010508952,2024,010508952,1,9,0,3,3,7,3,0,0,8,0,0,0,0,1,1,2,2,1,45,7,999,1,0,VOLKSWAGEN POLO,4,E01001514,0,2
2024340WN2612,2024,340WN2612,2,9,0,-1,19,8,4,-1,0,8,0,0,0,0,1,1,-1,6,2,30,6,1400,1,17,VOLKSWAGEN POLO,4,E01027238,0,1
2024010518245,2024,010518245,2,9,9,99,99,9,9,99,99,0,9,99,9,99,9,9,6,6,3,-1,-1,1390,1,18,VOLKSWAGEN POLO,-1,-1,0,-1
2024111448623,2024,111448623,1,9,0,-1,19,7,3,-1,0,0,0,0,0,0,1,1,-1,9,2,36,7,999,1,9,VOLKSWAGEN POLO,5,E01020695,0,2
2024311465198,2024,311465198,1,9,0,-1,19,3,7,-1,0,0,0,0,0,0,4,9,-1,6,1,32,6,999,1,4,VOLKSWAGEN POLO,6,E01025899,0,4
2024991487385,2024,991487385,1,9,0,-1,9,3,1,-1,0,5,1,0,0,0,4,1,-1,9,1,54,8,1197,1,9,VOLKSWAGEN POLO,4,-1,0,1
2024122400211,2024,122400211,1,9,0,18,19,1,5,0,0,8,0,0,7,0,1,1,6,6,2,18,4,1197,1,9,VOLKSWAGEN POLO,8,E01027746,0,3
2024501461891,2024,501461891,1,9,4,-1,19,4,8,-1,0,7,0,0,0,0,1,1,-1,9,1,49,8,1422,2,15,VOLKSWAGEN POLO,6,E01018935,0,1
2024010504684,2024,010504684,1,9,0,17,19,3,7,0,0,3,0,0,1,7,1,1,6,6,1,27,6,999,1,3,VOLKSWAGEN POLO,10,E01030945,0,4
2024010514224,2024,010514224,1,9,0,9,9,5,3,0,0,1,0,0,0,0,1,1,2,2,1,42,7,999,1,4,VOLKSWAGEN POLO,2,E01001971,0,3
2024531481601,2024,531481601,1,9,0,-1,19,4,8,-1,0,8,0,0,0,0,1,1,-1,6,2,29,6,999,1,1,VOLKSWAGEN POLO,-1,-1,0,-1
2024131456403,2024,131456403,1,9,0,-1,19,3,7,-1,0,4,0,0,0,0,1,1,-1,6,1,17,4,1198,1,13,VOLKSWAGEN POLO,7,E01011719,0,4
2024411449837,2024,411449837,1,9,0,-1,19,3,7,-1,0,0,0,0,0,0,3,1,-1,9,2,19,4,1198,1,13,VOLKSWAGEN POLO,10,E01023408,0,3
2024041451052,2024,041451052,1,9,0,-1,19,5,5,-1,0,0,0,0,0,0,1,1,-1,9,2,20,4,999,1,7,VOLKSWAGEN POLO,4,E01005298,0,4
2024411484084,2024,411484084,2,9,0,-1,2,0,0,-1,9,0,0,0,0,0,2,1,-1,6,-1,-1,-1,999,1,5,VOLKSWAGEN POLO,-1,-1,0,-1
2024430441956,2024,430441956,1,9,0,18,19,6,2,0,0,1,5,10,1,10,1,1,6,6,1,22,5,1390,1,15,VOLKSWAGEN POLO,-1,-1,0,-1
2024371489393,2024,371489393,2,9,0,-1,19,1,5,-1,0,0,0,0,0,0,2,1,-1,2,2,21,5,999,1,9,VOLKSWAGEN POLO,6,E01030220,0,3
2024201438143,2024,201438143,2,9,0,-1,9,6,4,-1,0,6,0,0,0,0,1,1,-1,6,1,19,4,999,1,9,VOLKSWAGEN POLO,10,E01025253,0,5
2024552401281,2024,552401281,1,9,0,18,19,2,6,0,0,0,0,0,0,0,0,1,6,6,2,20,4,1197,1,9,VOLKSWAGEN POLO,9,E01015350,0,1
2024501530181,2024,501530181,1,9,0,-1,19,8,4,-1,0,0,0,0,0,0,1,1,-1,9,1,95,11,1197,1,9,VOLKSWAGEN POLO,6,E01034634,0,1
2024461429366,2024,461429366,2,9,0,-1,19,7,3,-1,0,0,0,0,0,0,1,1,-1,9,1,28,6,1197,1,10,VOLKSWAGEN POLO,8,E01016144,0,2
2024010503258,2024,010503258,2,9,0,99,99,9,9,99,99,9,9,99,9,99,1,9,6,6,3,-1,-1,1197,1,9,VOLKSWAGEN POLO,10,E01024468,0,2
2024371472726,2024,371472726,2,9,0,-1,19,1,5,-1,0,1,0,0,0,0,4,1,-1,6,2,25,5,1198,1,17,VOLKSWAGEN POLO,7,E01021369,0,4
2024010530749,2024,010530749,1,9,0,8,8,1,3,0,0,4,0,0,0,0,1,1,6,6,1,58,9,1390,1,11,VOLKSWAGEN POLO,7,E01002207,0,4
2024501456098,2024,501456098,1,9,0,-1,19,4,8,-1,0,1,2,0,0,0,1,1,-1,9,1,81,11,1198,1,17,VOLKSWAGEN POLO,5,E01020339,0,1
2024201446137,2024,201446137,1,9,0,-1,19,2,6,-1,0,4,0,0,0,0,3,1,-1,2,2,47,8,1400,2,15,VOLKSWAGEN POLO,4,E01009011,0,1
2024302401738,2024,302401738,1,9,0,-1,19,6,2,-1,0,1,0,0,0,0,1,1,-1,6,1,18,4,1422,2,19,VOLKSWAGEN POLO,8,E01019630,0,1
2024010542900,2024,010542900,1,9,0,18,19,7,3,0,0,8,0,4,0,0,1,1,6,6,1,17,4,1798,1,8,VOLKSWAGEN POLO,5,E01002733,0,2
2024411440705,2024,411440705,2,9,-1,-1,-1,-1,-1,-1,-1,0,-1,-1,-1,0,-1,9,-1,2,2,35,6,999,1,1,VOLKSWAGEN POLO,7,E01032399,0,5
2024311455819,2024,311455819,2,9,0,-1,19,2,5,-1,0,0,0,0,0,0,1,1,-1,6,1,18,4,1390,1,16,VOLKSWAGEN POLO,-1,-1,0,-1
2024071034919,2024,071034919,2,9,0,-1,3,3,7,-1,0,1,0,0,0,0,2,1,-1,6,2,53,8,1390,1,16,VOLKSWAGEN POLO,4,E01018712,0,1
2024131516833,2024,131516833,2,9,0,-1,19,4,8,-1,0,8,0,0,0,0,4,1,-1,9,1,18,4,1199,2,13,VOLKSWAGEN POLO,10,E01011411,0,1
2024231466050,2024,231466050,1,9,0,-1,19,2,7,-1,0,8,0,0,0,0,3,1,-1,9,1,18,4,999,1,0,VOLKSWAGEN POLO,3,E01031073,0,2
2024461513261,2024,461513261,2,9,0,-1,5,7,3,-1,0,4,0,0,0,0,1,1,-1,1,2,41,7,999,1,10,VOLKSWAGEN POLO,8,E01021172,0,4
2024501496756,2024,501496756,1,9,0,-1,7,5,7,-1,0,6,0,4,1,4,1,1,-1,9,1,32,6,1199,2,14,VOLKSWAGEN POLO,2,E01001042,0,5
2024421398257,2024,421398257,2,9,0,-1,2,0,0,-1,0,0,0,0,0,0,2,1,-1,6,-1,-1,-1,1598,2,14,VOLKSWAGEN POLO,-1,-1,0,-1
2024211421226,2024,211421226,1,9,0,-1,19,8,4,-1,0,4,0,0,0,0,1,1,-1,6,1,20,4,1198,1,19,VOLKSWAGEN POLO,3,E01014240,0,1
2024471484418,2024,471484418,2,9,0,-1,2,0,0,-1,0,1,0,0,0,0,2,1,-1,6,-1,-1,-1,1198,1,18,VOLKSWAGEN POLO,-1,-1,0,-1
2024361479940,2024,361479940,1,9,0,-1,9,5,7,-1,0,0,0,0,1,0,1,1,-1,9,1,82,11,1197,1,7,VOLKSWAGEN POLO,3,E01034840,0,5
2024320415117,2024,320415117,2,9,0,-1,-1,8,6,0,0,8,0,0,7,0,4,1,-1,-1,1,29,6,1390,1,21,VOLKSWAGEN POLO,9,E01026347,0,2
2024041404874,2024,041404874,1,9,0,-1,19,3,7,-1,0,1,0,0,0,0,1,2,-1,2,2,23,5,999,1,6,VOLKSWAGEN POLO,8,E01024944,0,2
2024201462734,2024,201462734,2,9,0,-1,10,6,4,-1,0,8,0,0,0,0,2,1,-1,6,2,26,6,999,1,6,VOLKSWAGEN POLO,-1,-1,0,-1
2024302400269,2024,302400269,1,9,0,5,5,6,2,0,0,1,1,0,0,0,1,1,6,6,2,28,6,1199,2,13,VOLKSWAGEN POLO,2,E01019547,0,2
2024221492258,2024,221492258,2,9,0,-1,19,1,5,-1,0,8,1,0,0,0,1,1,-1,6,1,42,7,1197,1,7,VOLKSWAGEN POLO,3,E01034329,0,3
2024052401063,2024,052401063,1,9,0,9,9,5,3,0,0,1,0,0,0,0,1,1,6,6,2,19,4,999,1,3,VOLKSWAGEN POLO,6,E01006420,0,1
2024461456138,2024,461456138,1,9,0,-1,4,3,7,-1,0,0,1,0,0,0,1,1,-1,6,1,35,6,999,1,9,VOLKSWAGEN POLO,6,E01013837,0,5
2024991493960,2024,991493960,2,9,0,-1,9,6,4,-1,0,8,0,0,0,0,1,1,-1,6,2,41,7,1198,1,12,VOLKSWAGEN POLO,-1,-1,0,-1
2024440145078,2024,440145078,1,9,0,12,12,2,6,0,0,0,0,0,0,0,3,1,6,6,1,73,10,1198,1,22,VOLKSWAGEN POLO,2,E01031983,0,4
2024471475050,2024,471475050,2,9,0,-1,19,7,3,-1,0,0,0,0,0,0,1,1,-1,6,2,22,5,1422,2,9,VOLKSWAGEN POLO,5,E01034817,0,2
2024302500191,2024,302500191,1,9,0,-1,19,5,1,-1,0,2,0,0,0,0,1,1,-1,9,2,25,5,1198,1,19,VOLKSWAGEN POLO,2,E01029447,0,2
2024010549390,2024,010549390,1,9,0,18,19,2,6,9,9,3,0,0,3,11,1,1,6,6,1,80,11,1390,1,11,VOLKSWAGEN POLO,3,E01000222,0,1
2024411507839,2024,411507839,1,9,0,-1,4,5,1,-1,0,0,0,0,0,0,1,1,-1,6,-1,23,5,1197,1,8,VOLKSWAGEN POLO,8,E01033026,0,3
2024421455548,2024,421455548,2,9,0,-1,4,7,3,-1,0,0,0,0,0,0,2,1,-1,9,1,18,4,1198,1,12,VOLKSWAGEN POLO,6,E01035155,0,4
2024131453163,2024,131453163,3,9,0,-1,2,0,0,-1,0,2,0,0,0,0,0,1,-1,6,-1,51,8,999,1,1,VOLKSWAGEN POLO,10,E01010936,0,2
2024451461379,2024,451461379,2,9,0,-1,9,3,7,-1,0,0,0,0,0,0,1,1,-1,2,1,24,5,1198,1,18,VOLKSWAGEN POLO,9,E01030784,0,1
2024340WN6412,2024,340WN6412,1,9,0,-1,4,5,1,-1,0,2,0,0,0,0,1,1,-1,2,1,27,6,1390,1,13,VOLKSWAGEN POLO,3,E01027185,0,1
2024522401098,2024,522401098,2,9,0,2,2,0,0,0,0,0,0,0,0,0,2,1,6,6,1,36,7,1198,1,14,VOLKSWAGEN POLO,1,W01001693,0,4
2024351486422,2024,351486422,1,9,0,-1,4,7,3,-1,0,0,0,0,0,0,2,1,-1,9,1,19,4,1400,2,16,VOLKSWAGEN POLO,9,E01023597,0,3
2024141436929,2024,141436929,1,9,0,-1,7,7,1,-1,0,1,0,0,0,0,1,9,-1,6,2,22,5,999,1,5,VOLKSWAGEN POLO,5,E01032551,0,1
2024311398133,2024,311398133,1,9,0,-1,19,3,5,-1,0,6,0,0,0,0,1,1,-1,2,2,21,5,1197,1,9,VOLKSWAGEN POLO,2,E01027958,0,1
2024461499602,2024,461499602,2,9,0,-1,5,4,8,-1,0,4,0,0,0,0,2,1,-1,9,2,17,4,999,1,1,VOLKSWAGEN POLO,2,E01024305,0,3
2024522402482,2024,522402482,1,9,0,17,19,8,2,0,0,8,0,10,0,0,4,1,6,6,1,34,6,999,1,5,VOLKSWAGEN POLO,1,E01014597,0,1
2024471461214,2024,471461214,2,9,0,-1,19,5,1,-1,0,1,0,0,0,0,1,1,-1,6,1,93,11,1390,1,14,VOLKSWAGEN POLO,8,E01031422,0,1
2024991499859,2024,991499859,1,9,0,-1,19,5,1,-1,0,8,1,0,0,0,1,1,-1,9,1,25,5,1198,1,16,VOLKSWAGEN POLO,8,-1,0,1
2024010521756,2024,010521756,2,9,0,13,13,1,5,0,0,2,0,0,0,0,1,1,6,6,1,33,6,999,1,3,VOLKSWAGEN POLO,3,E01002068,0,1
2024471507154,2024,471507154,2,9,0,-1,8,8,4,-1,0,4,0,0,0,0,1,1,-1,6,2,20,4,999,1,2,VOLKSWAGEN POLO,9,E01031588,0,1
2024520402562,2024,520402562,1,9,0,18,19,2,6,0,0,8,0,0,0,0,1,1,6,6,2,69,10,1198,1,17,VOLKSWAGEN POLO,6,E01029052,0,2
2024411471100,2024,411471100,2,9,0,-1,9,5,2,-1,0,3,0,0,0,0,4,1,-1,6,1,53,8,1197,1,10,VOLKSWAGEN POLO,7,E01023632,0,1
2024070358195,2024,070358195,1,9,0,18,19,4,8,0,0,0,2,10,0,0,1,1,6,6,1,23,5,1395,1,10,VOLKSWAGEN POLO,-1,-1,0,-1
2024991404044,2024,991404044,1,9,0,-1,9,8,5,-1,0,6,0,0,0,0,1,1,-1,2,2,63,9,1198,1,12,VOLKSWAGEN POLO,2,-1,0,4
2024131474939,2024,131474939,1,9,0,-1,19,3,7,-1,0,0,1,10,8,10,3,1,-1,9,1,21,5,1198,1,18,VOLKSWAGEN POLO,5,E01011766,0,1
2024991442327,2024,991442327,3,9,0,-1,7,8,1,-1,0,8,0,0,0,0,0,1,-1,9,2,18,4,1198,1,13,VOLKSWAGEN POLO,-1,-1,0,-1
2024010503571,2024,010503571,2,9,0,99,99,9,9,99,99,9,9,99,9,99,9,9,6,6,3,49,8,1390,1,14,VOLKSWAGEN POLO,6,E01004485,0,1
2024111421221,2024,111421221,2,9,0,-1,19,8,4,-1,0,8,0,0,0,0,1,1,-1,6,1,21,5,999,1,5,VOLKSWAGEN POLO,7,E01011959,0,3
2024010517032,2024,010517032,1,9,0,18,19,4,8,0,0,1,0,0,0,0,3,1,2,2,2,42,7,999,1,3,VOLKSWAGEN POLO,4,E01002647,0,1
2024031441363,2024,031441363,1,9,0,-1,19,1,5,-1,0,0,2,0,0,0,3,1,-1,9,1,18,4,1390,1,17,VOLKSWAGEN POLO,5,E01019144,0,3
2024552400794,2024,552400794,1,9,0,9,9,1,7,0,0,6,0,0,1,0,4,1,6,6,2,69,10,999,1,3,VOLKSWAGEN POLO,5,E01015296,0,1
2024101455499,2024,101455499,2,9,0,-1,19,5,1,-1,0,8,0,0,0,0,1,1,-1,6,1,18,4,999,1,8,VOLKSWAGEN POLO,7,E01027457,0,1
2024221457614,2024,221457614,1,9,0,-1,19,3,7,-1,0,0,0,0,0,0,1,1,-1,9,2,19,4,1390,1,11,VOLKSWAGEN POLO,8,E01014123,0,1
2024411532905,2024,411532905,1,9,0,-1,9,8,6,-1,0,1,0,0,0,0,1,1,-1,6,2,27,6,999,1,6,VOLKSWAGEN POLO,4,E01023296,0,1
2024451503755,2024,451503755,3,9,0,-1,19,7,3,-1,0,1,0,0,1,0,1,1,-1,6,2,22,5,999,1,0,VOLKSWAGEN POLO,8,E01030582,0,1
2024010530655,2024,010530655,1,9,0,17,19,3,7,0,0,1,1,0,1,11,4,1,4,7,1,17,4,1390,1,15,VOLKSWAGEN POLO,6,E01002485,0,1
2024302400791,2024,302400791,2,9,0,17,19,8,5,0,0,8,5,0,0,0,4,1,6,6,2,23,5,999,1,3,VOLKSWAGEN POLO,10,E01029457,0,2
2024201449188,2024,201449188,2,9,0,-1,9,8,4,-1,0,8,0,0,0,0,4,9,-1,6,2,20,4,999,1,7,VOLKSWAGEN POLO,-1,-1,0,-1
2024320006691,2024,320006691,1,9,0,7,7,8,2,0,0,6,0,0,0,0,1,1,6,6,2,79,11,999,1,6,VOLKSWAGEN POLO,5,E01026162,0,1
2024311421194,2024,311421194,1,9,0,-1,19,6,2,-1,0,0,0,0,0,0,4,9,-1,9,1,20,4,1197,1,7,VOLKSWAGEN POLO,4,E01023534,0,5
2024052401915,2024,052401915,1,9,0,1,1,8,4,0,0,1,0,0,0,0,2,1,6,6,2,-1,-1,1198,1,19,VOLKSWAGEN POLO,-1,-1,0,-1
2024340WN4732,2024,340WN4732,2,9,0,-1,19,5,1,-1,0,8,0,0,0,0,1,1,-1,9,1,21,5,999,1,3,VOLKSWAGEN POLO,9,E01027289,0,3
2024010551623,2024,010551623,1,9,0,99,99,9,9,99,99,9,9,99,9,99,2,9,6,6,2,22,5,1197,1,9,VOLKSWAGEN POLO,6,E01001070,0,2
2024201453171,2024,201453171,1,9,0,-1,15,1,5,-1,0,1,1,4,0,0,4,1,-1,9,2,23,5,1197,1,7,VOLKSWAGEN POLO,2,E01009757,0,2
2024471515924,2024,471515924,2,9,0,-1,19,3,7,-1,0,8,0,0,0,0,1,1,-1,1,1,20,4,1198,1,14,VOLKSWAGEN POLO,8,E01021069,0,3
2024531436196,2024,531436196,2,9,0,-1,19,1,5,-1,0,0,0,0,0,0,4,1,-1,7,2,24,5,999,1,5,VOLKSWAGEN POLO,1,E01022147,0,3
2024141486133,2024,141486133,2,9,0,-1,5,3,1,-1,0,6,0,0,0,0,2,1,-1,6,1,19,4,1198,1,14,VOLKSWAGEN POLO,6,E01007321,0,2
2024161462680,2024,161462680,1,9,0,-1,19,8,4,-1,0,0,0,0,0,0,0,1,-1,1,2,19,4,1390,1,15,VOLKSWAGEN POLO,10,E01013451,0,1
2024010533141,2024,010533141,3,9,0,2,2,0,0,0,0,1,0,0,0,0,0,1,6,6,3,-1,-1,1390,1,13,VOLKSWAGEN POLO,-1,-1,0,-1
2024010506303,2024,010506303,3,9,0,99,99,9,9,99,99,9,9,99,9,99,2,9,6,6,3,-1,-1,1390,1,10,VOLKSWAGEN POLO,-1,-1,0,-1
2024991442487,2024,991442487,1,9,0,-1,9,8,6,-1,0,6,0,0,0,0,3,1,-1,9,2,18,4,999,1,6,VOLKSWAGEN POLO,-1,-1,0,-1
2024010527219,2024,010527219,1,9,0,18,19,1,5,0,0,1,0,0,0,0,1,1,6,6,1,18,4,1198,1,21,VOLKSWAGEN POLO,3,E01004413,0,1
2024111400446,2024,111400446,1,9,0,-1,19,1,5,-1,0,0,1,10,2,0,1,1,-1,6,1,17,4,1199,2,12,VOLKSWAGEN POLO,5,E01008811,0,2
2024302400100,2024,302400100,2,9,0,9,9,1,7,0,0,8,0,0,0,0,1,1,6,6,1,26,6,1198,1,14,VOLKSWAGEN POLO,1,E01013533,0,2
2024531500473,2024,531500473,2,9,0,-1,19,1,7,-1,0,0,0,0,0,0,1,1,-1,2,1,25,5,1198,1,10,VOLKSWAGEN POLO,4,E01022251,0,4
2024010522851,2024,010522851,1,9,0,9,9,7,5,0,0,3,0,0,0,0,3,1,6,6,2,21,5,999,1,6,VOLKSWAGEN POLO,4,E01030852,0,3
2024461479240,2024,461479240,5,9,0,-1,3,7,3,-1,0,1,0,0,0,0,2,1,-1,6,1,56,9,1598,1,23,VOLKSWAGEN POLO,8,E01001390,0,5
2024461487383,2024,461487383,1,9,0,-1,7,1,7,-1,-1,0,0,0,7,0,1,1,-1,9,2,19,4,1390,1,15,VOLKSWAGEN POLO,10,E01024441,0,1
2024991397793,2024,991397793,2,9,0,-1,19,8,4,-1,0,0,0,0,0,0,4,1,-1,9,1,18,4,999,1,1,VOLKSWAGEN POLO,-1,-1,0,-1
2024622400558,2024,622400558,1,8,0,18,19,2,6,0,0,8,0,0,0,0,1,1,6,6,1,19,4,1198,1,14,VOLKSWAGEN POLO,5,W01002022,0,1
2024451464020,2024,451464020,2,9,0,-1,4,2,6,-1,0,1,0,0,0,0,2,1,-1,9,2,51,8,1400,1,18,VOLKSWAGEN POLO,5,E01030674,0,1
2024471515781,2024,471515781,1,9,0,-1,19,8,4,-1,0,0,0,0,0,0,2,1,-1,1,2,19,4,1198,1,18,VOLKSWAGEN POLO,9,E01020945,0,1
2024201408638,2024,201408638,1,9,0,-1,19,3,7,-1,0,8,0,0,0,0,3,1,-1,6,1,40,7,1197,1,8,VOLKSWAGEN POLO,-1,-1,0,-1
2024411499525,2024,411499525,2,9,0,-1,19,1,5,-1,0,0,0,0,0,0,1,1,-1,6,1,20,4,1198,1,14,VOLKSWAGEN POLO,3,E01000291,0,1
2024320741889,2024,320741889,1,9,0,-1,-1,8,4,0,0,0,5,0,1,0,4,1,6,6,1,19,4,1798,1,8,VOLKSWAGEN POLO,2,E01026108,0,4
2024522500350,2024,522500350,1,9,0,18,19,6,2,0,0,2,5,4,0,0,1,1,6,6,1,19,4,999,1,8,VOLKSWAGEN POLO,8,E01014621,0,1
2024010531528,2024,010531528,1,9,5,99,99,9,9,99,99,9,9,99,9,99,9,9,2,2,1,27,6,1390,1,11,VOLKSWAGEN POLO,2,E01001559,0,2
2024440383049,2024,440383049,2,9,0,9,9,3,1,0,0,8,0,0,0,0,1,1,6,6,1,20,4,999,1,9,VOLKSWAGEN POLO,5,E01032883,0,1
2024451535753,2024,451535753,2,9,0,-1,2,5,1,-1,9,0,0,0,0,0,2,1,-1,6,-1,-1,-1,1198,1,13,VOLKSWAGEN POLO,-1,-1,0,-1
2024471448505,2024,471448505,1,9,0,-1,7,4,6,-1,0,6,0,0,0,0,1,1,-1,9,2,29,6,1197,1,9,VOLKSWAGEN POLO,8,E01021209,0,1
2024421468583,2024,421468583,2,9,0,-1,19,6,2,-1,0,1,0,0,0,0,1,1,-1,9,2,25,5,999,1,6,VOLKSWAGEN POLO,2,E01002282,0,3
2024201526848,2024,201526848,1,9,0,-1,9,2,8,-1,0,6,0,0,0,0,1,1,-1,6,2,42,7,999,1,6,VOLKSWAGEN POLO,1,E01009274,0,1
2024991418783,2024,991418783,3,9,0,-1,19,2,7,-1,0,0,0,0,0,0,4,1,-1,9,1,38,7,999,1,6,VOLKSWAGEN POLO,6,-1,0,4
2024471491751,2024,471491751,2,9,0,-1,4,7,3,-1,0,2,0,0,0,0,2,1,-1,9,1,23,5,1198,1,17,VOLKSWAGEN POLO,4,E01017087,0,4
2024421421911,2024,421421911,3,9,0,-1,19,3,6,-1,0,0,0,0,7,10,1,1,-1,2,1,34,6,1798,1,9,VOLKSWAGEN POLO,9,E01033142,0,2
2024122500134,2024,122500134,1,9,0,16,19,3,7,0,0,0,0,0,7,0,3,1,6,6,1,18,4,1198,1,11,VOLKSWAGEN POLO,5,E01027729,0,2
2024340WN3772,2024,340WN3772,1,9,0,-1,19,5,1,-1,0,0,1,0,0,0,3,1,-1,2,1,22,5,1198,1,13,VOLKSWAGEN POLO,8,E01027285,0,1
2024010528774,2024,010528774,1,9,0,2,2,0,0,0,0,1,0,0,0,0,1,1,6,6,3,-1,-1,999,1,6,VOLKSWAGEN POLO,-1,-1,0,-1
2024421526800,2024,421526800,2,9,0,-1,19,1,5,-1,0,0,0,0,0,0,2,1,-1,6,1,23,5,1198,1,12,VOLKSWAGEN POLO,9,E01021371,0,3
2024501472915,2024,501472915,1,9,0,-1,19,1,3,-1,0,0,1,0,0,0,1,1,-1,9,1,18,4,1198,1,15,VOLKSWAGEN POLO,7,E01020063,0,2
2024451432983,2024,451432983,2,9,0,-1,9,8,4,-1,0,2,0,0,0,0,1,1,-1,9,2,18,4,1390,1,12,VOLKSWAGEN POLO,9,E01031000,0,1
2024361479373,2024,361479373,2,9,0,-1,19,6,2,-1,0,8,0,0,1,2,2,1,-1,9,2,18,4,999,1,4,VOLKSWAGEN POLO,4,E01018109,0,3
2024451534601,2024,451534601,1,9,0,-1,10,1,5,-1,0,0,0,0,0,0,3,1,-1,6,2,22,5,999,1,3,VOLKSWAGEN POLO,2,E01032575,0,4
2024010530047,2024,010530047,2,9,0,99,99,9,9,99,99,9,9,99,9,99,1,9,6,6,3,-1,-1,999,1,4,VOLKSWAGEN POLO,3,E01034046,0,1
2024201469263,2024,201469263,1,9,0,-1,19,-1,-1,-1,0,0,0,0,0,0,0,9,-1,6,1,20,4,999,1,0,VOLKSWAGEN POLO,2,E01029356,0,3
2024010500180,2024,010500180,1,9,0,18,19,3,7,0,0,0,5,0,0,0,1,1,6,6,1,20,4,999,1,6,VOLKSWAGEN POLO,5,E01004419,0,3
2024161452973,2024,161452973,1,9,0,-1,19,2,6,-1,0,0,0,0,0,0,1,9,-1,6,2,46,8,1197,1,14,VOLKSWAGEN POLO,10,E01013215,0,1
2024010525965,2024,010525965,3,9,0,3,3,7,3,0,0,1,0,0,0,0,2,1,6,6,2,30,6,999,1,7,VOLKSWAGEN POLO,9,E01023500,0,4