collision_index,collision_year,collision_ref_no,vehicle_reference,vehicle_type,towing_and_articulation,vehicle_manoeuvre_historic,vehicle_manoeuvre,vehicle_direction_from,vehicle_direction_to,vehicle_location_restricted_lane_historic,vehicle_location_restricted_lane,junction_location,skidding_and_overturning,hit_object_in_carriageway,vehicle_leaving_carriageway,hit_object_off_carriageway,first_point_of_impact,vehicle_left_hand_drive,journey_purpose_of_driver_historic,journey_purpose_of_driver,sex_of_driver,age_of_driver,age_band_of_driver,engine_capacity_cc,propulsion_code,age_of_vehicle,generic_make_model,driver_imd_decile,lsoa_of_driver,escooter_flag,driver_distance_banding
2024421415350,2024,421415350,2,9,0,-1,19,1,5,-1,0,2,0,0,0,0,1,1,-1,6,2,44,7,1198,1,16,VOLKSWAGEN POLO,-1,-1,0,-1
2024361404580,2024,361404580,1,9,0,-1,19,6,3,-1,0,1,1,0,8,4,1,1,-1,9,1,18,4,1198,1,16,VOLKSWAGEN POLO,5,E01026423,0,2
2024010515357,2024,010515357,2,9,9,99,99,9,9,99,99,9,9,99,9,99,9,9,6,6,3,-1,-1,1198,1,14,VOLKSWAGEN POLO,-1,-1,0,-1
2024371401294,2024,371401294,1,9,0,-1,9,2,8,-1,0,0,0,0,0,0,3,1,-1,2,2,19,4,1199,2,13,VOLKSWAGEN POLO,4,E01029892,0,2
2024471464285,2024,471464285,2,9,0,-1,3,1,5,-1,0,1,0,0,0,0,2,1,-1,6,1,24,5,999,1,0,VOLKSWAGEN POLO,6,E01035324,0,1
2024161489854,2024,161489854,2,9,0,-1,7,8,1,-1,0,1,1,99,0,0,1,1,-1,6,1,21,5,1198,1,12,VOLKSWAGEN POLO,-1,-1,0,-1
2024440166693,2024,440166693,2,9,0,18,19,4,8,0,0,0,0,0,1,0,1,1,6,6,2,48,8,999,1,3,VOLKSWAGEN POLO,10,E01023269,0,4
2024451457779,2024,451457779,1,9,0,-1,19,2,6,-1,0,0,0,0,0,0,1,1,-1,9,2,21,5,999,1,8,VOLKSWAGEN POLO,9,E01030997,0,1
2024501447749,2024,501447749,2,9,0,-1,19,6,2,-1,0,0,0,0,0,0,3,1,-1,2,1,73,10,1198,1,11,VOLKSWAGEN POLO,5,E01020319,0,1
2024101510694,2024,101510694,2,9,0,-1,4,6,2,-1,0,0,0,0,0,0,2,1,-1,6,1,20,4,1198,1,12,VOLKSWAGEN POLO,8,E01008772,0,2
2024552500071,2024,552500071,1,9,0,5,5,4,8,0,0,0,0,0,0,0,1,1,6,6,2,84,11,999,1,10,VOLKSWAGEN POLO,10,E01020355,0,1
2024552400467,2024,552400467,2,9,0,9,9,4,2,0,0,5,0,0,0,0,2,1,6,6,2,58,9,1400,2,17,VOLKSWAGEN POLO,5,E01031991,0,2
2024991409977,2024,991409977,1,9,0,-1,9,2,7,-1,0,1,0,0,0,0,4,1,-1,6,2,61,9,999,1,4,VOLKSWAGEN POLO,10,-1,0,1
2024351443673,2024,351443673,1,9,0,-1,9,3,7,-1,0,8,0,0,0,0,1,1,-1,6,2,51,8,999,1,6,VOLKSWAGEN POLO,6,E01018300,0,1
2024141406999,2024,141406999,4,9,0,-1,19,1,5,-1,0,0,0,0,0,0,2,1,-1,9,2,24,5,1197,1,8,VOLKSWAGEN POLO,7,E01032110,0,5
2024231469395,2024,231469395,1,9,0,-1,15,7,3,-1,0,0,0,4,0,0,1,1,-1,6,2,53,8,1395,1,10,VOLKSWAGEN POLO,10,E01031228,0,1
2024041485149,2024,041485149,1,9,0,-1,19,5,1,-1,0,0,1,10,0,0,1,1,-1,2,1,19,4,1798,1,8,VOLKSWAGEN POLO,2,E01012666,0,3
2024411516235,2024,411516235,1,9,0,-1,12,1,5,-1,0,0,0,0,0,0,1,1,-1,6,1,20,4,999,1,1,VOLKSWAGEN POLO,3,E01000141,0,3
2024991504152,2024,991504152,2,9,0,-1,19,5,1,-1,0,0,0,11,0,0,1,1,-1,6,1,18,4,999,1,8,VOLKSWAGEN POLO,2,-1,0,3
2024221427471,2024,221427471,1,9,5,-1,19,1,5,-1,0,0,0,0,0,0,3,9,-1,9,1,19,4,1390,1,16,VOLKSWAGEN POLO,1,E01013995,0,1
2024010516943,2024,010516943,1,9,0,7,7,3,5,0,0,5,0,0,0,0,1,1,6,6,1,19,4,999,1,3,VOLKSWAGEN POLO,6,E01032770,0,1
2024131475531,2024,131475531,1,9,0,-1,9,8,2,-1,0,8,0,0,0,0,4,1,-1,9,1,18,4,999,1,0,VOLKSWAGEN POLO,9,E01019790,0,4
2024122400799,2024,122400799,3,19,0,18,19,1,4,0,0,3,0,0,0,0,4,1,6,6,1,49,8,1198,1,18,VOLKSWAGEN POLO,-1,-1,0,-1
2024991412000,2024,991412000,1,9,0,-1,7,8,2,-1,0,1,0,0,1,0,2,1,-1,9,2,82,11,999,1,9,VOLKSWAGEN POLO,-1,-1,0,-1
2024201440741,2024,201440741,2,9,0,-1,2,0,0,-1,0,0,0,0,0,0,4,1,-1,9,1,52,8,1197,1,9,VOLKSWAGEN POLO,5,E01009283,0,2
2024430483487,2024,430483487,1,9,0,17,19,5,2,0,0,0,0,0,2,4,1,1,2,2,1,27,6,999,1,4,VOLKSWAGEN POLO,9,E01028730,0,3
2024010540642,2024,010540642,2,9,0,99,99,9,9,99,99,9,9,99,9,99,9,9,6,6,3,-1,-1,1390,1,22,VOLKSWAGEN POLO,-1,-1,0,-1
2024622400144,2024,622400144,1,9,0,18,19,2,5,0,0,2,0,4,0,0,0,1,6,6,1,20,4,1390,1,12,VOLKSWAGEN POLO,9,W01001105,0,1
2024010515392,2024,010515392,2,9,0,99,99,9,9,99,99,9,9,99,9,99,9,9,6,6,3,27,6,1390,1,10,VOLKSWAGEN POLO,3,E01033744,0,1
2024041417045,2024,041417045,3,9,0,-1,2,3,7,-1,9,1,0,0,0,0,2,1,-1,6,-1,-1,-1,999,1,4,VOLKSWAGEN POLO,-1,-1,0,-1
2024231411909,2024,231411909,2,9,0,-1,8,2,4,-1,0,4,0,0,0,0,2,9,-1,1,2,42,7,999,1,3,VOLKSWAGEN POLO,3,E01009524,0,3
2024221429191,2024,221429191,1,9,0,-1,19,1,5,-1,0,0,1,0,0,0,1,9,-1,6,1,24,5,1197,1,8,VOLKSWAGEN POLO,3,E01013992,0,1
2024231414947,2024,231414947,3,9,0,-1,3,6,2,-1,0,0,0,0,0,0,2,1,-1,6,1,20,4,1197,1,9,VOLKSWAGEN POLO,10,E01035038,0,3
2024461489136,2024,461489136,2,9,0,-1,19,1,2,-1,0,0,0,0,0,0,1,1,-1,6,-1,-1,-1,1390,1,19,VOLKSWAGEN POLO,-1,-1,0,-1
2024531424758,2024,531424758,1,9,0,-1,7,2,6,-1,0,0,0,4,0,0,1,1,-1,6,1,18,4,1198,1,16,VOLKSWAGEN POLO,2,E01022288,0,1
2024131523781,2024,131523781,1,9,0,-1,9,7,3,-1,0,6,0,0,0,0,1,1,-1,6,2,21,5,1198,1,11,VOLKSWAGEN POLO,1,E01011358,0,3
2024361504770,2024,361504770,1,9,0,-1,19,1,5,-1,0,8,0,0,0,0,1,1,-1,7,1,17,4,1199,2,11,VOLKSWAGEN POLO,8,E01026578,0,1
2024991491097,2024,991491097,2,9,0,-1,19,1,5,-1,0,0,0,0,0,0,3,1,-1,2,2,21,5,999,1,4,VOLKSWAGEN POLO,1,-1,0,2
2024501531551,2024,501531551,1,9,0,-1,19,3,7,-1,0,0,5,4,0,0,1,1,-1,6,2,22,5,999,1,6,VOLKSWAGEN POLO,2,E01020113,0,1
2024041423001,2024,041423001,4,9,0,-1,19,3,7,-1,0,0,0,0,0,0,2,1,-1,6,2,57,9,1598,2,6,VOLKSWAGEN POLO,10,E01024963,0,4
2024430602660,2024,430602660,2,9,0,3,3,5,1,0,0,1,0,0,0,0,2,1,6,6,1,19,4,999,1,3,VOLKSWAGEN POLO,8,E01017704,0,2
2024131461114,2024,131461114,1,9,0,-1,19,5,1,-1,0,0,5,0,0,0,2,1,-1,9,1,22,5,1198,1,15,VOLKSWAGEN POLO,1,E01010616,0,3
2024131429934,2024,131429934,2,9,0,-1,19,7,7,-1,0,0,0,0,0,0,1,1,-1,6,1,18,4,1198,1,13,VOLKSWAGEN POLO,2,E01011609,0,1
2024471472506,2024,471472506,2,9,0,-1,4,5,1,-1,0,0,0,0,0,0,2,1,-1,9,2,34,6,1198,1,14,VOLKSWAGEN POLO,5,E01021109,0,1
2024101427832,2024,101427832,2,9,0,-1,4,4,8,-1,0,0,0,0,0,0,2,1,-1,6,1,86,11,1198,1,13,VOLKSWAGEN POLO,8,E01008677,0,1
2024440017260,2024,440017260,1,9,0,9,9,4,1,0,0,8,0,0,0,0,1,1,6,6,1,91,11,1197,1,8,VOLKSWAGEN POLO,3,E01017349,0,1
2024622400869,2024,622400869,2,9,0,2,2,0,0,0,0,1,0,0,0,0,2,1,6,6,3,-1,-1,1390,1,14,VOLKSWAGEN POLO,-1,-1,0,-1
2024471494909,2024,471494909,1,9,0,-1,19,8,4,-1,0,1,1,0,1,2,1,1,-1,2,1,32,6,1198,1,11,VOLKSWAGEN POLO,7,E01031493,0,1
2024361461174,2024,361461174,2,9,0,-1,19,8,4,-1,0,8,0,0,0,0,1,1,-1,9,2,76,11,1390,1,16,VOLKSWAGEN POLO,7,E01026754,0,1
2024010533035,2024,010533035,2,9,0,4,4,3,7,0,0,1,0,0,0,0,1,1,2,2,1,23,5,1390,1,16,VOLKSWAGEN POLO,5,E01002660,0,2
2024421497383,2024,421497383,1,9,0,-1,19,5,1,-1,0,1,0,0,0,0,1,1,-1,9,1,18,4,1390,1,11,VOLKSWAGEN POLO,2,E01015917,0,1
2024361448640,2024,361448640,1,9,0,-1,2,0,0,-1,0,8,0,0,0,0,1,1,-1,9,1,87,11,1197,1,8,VOLKSWAGEN POLO,5,E01026783,0,3
2024131521370,2024,131521370,1,9,0,-1,4,2,4,-1,0,1,0,0,0,0,1,1,-1,9,2,21,5,1198,1,10,VOLKSWAGEN POLO,8,E01015693,0,5
2024547869324,2024,547869324,1,9,0,18,19,8,4,0,0,6,0,0,7,0,3,1,6,6,1,22,5,1390,1,12,VOLKSWAGEN POLO,2,E01015540,0,2
2024440340885,2024,440340885,1,9,0,18,19,5,1,0,0,3,0,0,0,0,1,1,6,6,2,23,5,999,1,6,VOLKSWAGEN POLO,5,E01016371,0,4
202460Q052322,2024,60Q052322,1,9,0,18,19,7,3,0,0,0,1,0,0,0,1,1,6,6,1,20,4,1197,1,9,VOLKSWAGEN POLO,-1,-1,0,-1
2024010520301,2024,010520301,2,9,0,99,99,9,9,99,99,0,9,99,9,99,1,9,6,6,3,-1,-1,1390,1,16,VOLKSWAGEN POLO,-1,-1,0,-1
2024122500201,2024,122500201,1,9,0,9,9,2,8,0,0,6,0,0,1,11,4,1,6,6,2,30,6,1199,2,12,VOLKSWAGEN POLO,6,E01027570,0,1
2024010540884,2024,010540884,4,9,0,18,19,4,8,0,0,3,0,4,0,0,4,1,2,2,1,62,9,1198,1,19,VOLKSWAGEN POLO,4,E01033929,0,1
2024501428490,2024,501428490,1,9,0,-1,19,5,1,-1,0,1,0,0,0,0,1,1,-1,2,1,27,6,1390,1,23,VOLKSWAGEN POLO,5,E01020070,0,4
2024622400697,2024,622400697,1,9,0,5,5,2,6,0,0,6,0,0,0,0,1,1,6,6,1,26,6,1197,1,9,VOLKSWAGEN POLO,1,W01001879,0,1
2024302401658,2024,302401658,1,9,0,4,4,2,6,0,0,0,0,0,0,0,2,1,6,6,2,83,11,1197,1,8,VOLKSWAGEN POLO,10,E01019592,0,2
2024421422233,2024,421422233,1,9,0,-1,19,3,7,-1,0,0,0,0,0,0,1,1,-1,6,1,18,4,1198,1,14,VOLKSWAGEN POLO,6,E01021344,0,3
2024161398014,2024,161398014,2,9,0,-1,2,0,0,-1,0,2,0,0,0,0,2,1,-1,6,-1,-1,-1,1200,1,21,VOLKSWAGEN POLO,-1,-1,0,-1
2024440390727,2024,440390727,2,9,0,3,3,8,4,0,0,0,0,0,0,0,2,1,6,6,1,22,5,1400,1,17,VOLKSWAGEN POLO,3,E01022908,0,2
2024231406891,2024,231406891,2,9,0,-1,4,4,8,-1,0,8,0,0,0,0,4,1,-1,9,2,82,11,1400,1,15,VOLKSWAGEN POLO,7,E01028508,0,2
2024031419719,2024,031419719,1,9,0,-1,9,8,6,-1,0,0,0,0,0,0,1,1,-1,2,1,41,7,1198,1,20,VOLKSWAGEN POLO,4,E01019309,0,2
2024471398648,2024,471398648,1,9,0,-1,19,5,1,-1,0,0,0,0,0,0,1,1,-1,9,2,21,5,999,1,23,VOLKSWAGEN POLO,4,E01031426,0,2
2024010504184,2024,010504184,1,9,0,5,5,0,1,0,0,1,0,0,0,0,1,1,6,6,1,41,7,1390,1,13,VOLKSWAGEN POLO,2,E01003189,0,1
2024010491621,2024,010491621,2,9,0,16,19,1,5,0,0,0,1,0,0,0,1,1,6,6,1,32,6,999,1,1,VOLKSWAGEN POLO,9,E01000966,0,1
2024101531701,2024,101531701,3,9,0,-1,19,5,1,-1,0,0,0,0,0,0,0,1,-1,6,1,30,6,1984,1,4,VOLKSWAGEN POLO,8,E01027549,0,3
2024471419318,2024,471419318,1,9,0,-1,19,8,4,-1,0,1,0,0,0,0,1,1,-1,6,1,-1,-1,1422,2,16,VOLKSWAGEN POLO,6,E01035346,0,4
2024302400755,2024,302400755,1,9,0,9,9,8,6,0,0,0,0,0,0,0,1,1,6,6,1,17,4,999,1,8,VOLKSWAGEN POLO,9,E01019447,0,2
2024010501704,2024,010501704,1,9,0,18,19,5,1,0,0,8,5,0,0,0,4,1,6,6,1,28,6,1198,1,14,VOLKSWAGEN POLO,4,E01034613,0,1
2024991420416,2024,991420416,1,9,0,-1,19,3,7,-1,0,0,0,0,0,0,3,1,-1,2,2,32,6,1198,1,13,VOLKSWAGEN POLO,7,-1,0,2
2024010510439,2024,010510439,1,9,0,99,99,9,9,99,99,9,9,99,9,99,2,9,6,6,2,25,5,1198,1,19,VOLKSWAGEN POLO,7,E01033742,0,1
2024070756754,2024,070756754,1,9,0,-1,19,6,2,-1,0,4,0,9,1,4,1,1,-1,9,1,17,4,999,1,7,VOLKSWAGEN POLO,10,E01005815,0,2
2024010500924,2024,010500924,2,9,0,5,5,5,1,0,0,0,0,10,4,6,1,1,6,6,2,38,7,1600,1,17,VOLKSWAGEN POLO,2,E01001054,0,2
2024141402365,2024,141402365,1,9,0,-1,11,5,1,-1,0,0,2,0,1,4,1,1,-1,9,2,27,6,1198,1,16,VOLKSWAGEN POLO,8,W01000443,0,5
2024041470480,2024,041470480,1,9,0,-1,9,7,3,-1,0,1,0,0,0,0,1,1,-1,9,2,21,5,1198,1,16,VOLKSWAGEN POLO,3,E01025249,0,1
2024351406671,2024,351406671,2,9,0,-1,19,3,7,-1,0,1,0,0,0,0,1,1,-1,6,2,58,9,1390,1,11,VOLKSWAGEN POLO,5,E01027126,0,4
2024471493944,2024,471493944,2,9,0,-1,5,0,4,-1,0,0,0,0,0,0,1,1,-1,6,3,-1,-1,1198,1,10,VOLKSWAGEN POLO,-1,-1,0,-1
2024531442318,2024,531442318,1,9,0,-1,19,1,5,-1,0,0,0,0,0,0,1,1,-1,9,1,84,11,1390,1,13,VOLKSWAGEN POLO,10,E01022106,0,1
2024401524296,2024,401524296,2,9,0,-1,-1,-1,-1,-1,-1,0,-1,-1,-1,0,3,9,-1,2,2,27,6,1390,1,18,VOLKSWAGEN POLO,3,E01015801,0,1
2024451527505,2024,451527505,1,9,0,-1,19,1,5,-1,0,1,0,0,0,0,1,1,-1,9,2,25,5,999,1,6,VOLKSWAGEN POLO,9,E01030595,0,1
2024211428577,2024,211428577,1,9,0,-1,7,6,8,-1,0,1,0,0,0,0,1,9,-1,6,2,25,5,1198,1,13,VOLKSWAGEN POLO,4,E01029851,0,1
2024141458801,2024,141458801,1,9,0,-1,19,7,3,-1,0,1,5,0,0,0,1,1,-1,9,1,17,4,1198,1,10,VOLKSWAGEN POLO,5,E01032551,0,3
2024430414988,2024,430414988,1,9,0,18,19,6,2,0,0,6,0,0,0,0,3,1,6,6,2,21,5,1198,1,13,VOLKSWAGEN POLO,10,E01016629,0,1
2024451456806,2024,451456806,2,9,0,-1,7,3,1,-1,0,2,0,0,0,0,4,1,-1,9,1,19,4,1198,1,12,VOLKSWAGEN POLO,5,E01030946,0,1
2024461485501,2024,461485501,1,9,0,-1,19,3,7,-1,0,0,1,0,0,0,1,1,-1,9,1,18,4,999,1,5,VOLKSWAGEN POLO,10,E01021780,0,4
2024991498644,2024,991498644,1,9,0,-1,5,6,4,-1,0,2,0,0,0,0,4,1,-1,6,1,17,4,999,1,3,VOLKSWAGEN POLO,6,-1,0,2
2024070804378,2024,070804378,1,9,0,-1,4,5,1,-1,0,2,0,0,1,0,1,1,-1,9,2,77,11,1197,1,7,VOLKSWAGEN POLO,10,E01018588,0,1
2024010525795,2024,010525795,1,9,0,99,99,9,9,99,99,9,9,99,9,99,9,9,6,6,3,48,8,1390,1,16,VOLKSWAGEN POLO,3,E01002638,0,1
2024440434417,2024,440434417,2,9,0,18,19,5,1,0,0,8,0,0,0,0,4,1,6,6,2,22,5,1197,1,7,VOLKSWAGEN POLO,3,E01024399,0,5
2024411532243,2024,411532243,1,9,0,-1,3,3,5,-1,0,4,0,0,0,0,2,1,-1,6,2,42,7,999,1,3,VOLKSWAGEN POLO,6,E01023804,0,4
2024010519145,2024,010519145,2,9,0,18,19,1,5,0,0,1,0,0,0,0,1,1,6,6,3,-1,-1,1198,1,18,VOLKSWAGEN POLO,-1,-1,0,-1
2024501515424,2024,501515424,3,9,0,-1,19,1,5,-1,0,8,0,0,0,0,4,1,-1,9,1,54,8,1598,2,14,VOLKSWAGEN POLO,4,E01018887,0,2
2024440553734,2024,440553734,1,9,0,18,19,7,3,0,0,0,2,0,1,0,1,1,6,6,1,22,5,1896,2,21,VOLKSWAGEN POLO,5,E01017158,0,4
2024440173753,2024,440173753,2,9,0,18,19,8,4,0,0,0,0,0,0,0,1,1,6,6,1,19,4,999,1,4,VOLKSWAGEN POLO,10,E01022741,0,2
2024531464852,2024,531464852,1,9,0,-1,19,7,3,-1,0,0,0,0,0,0,1,2,-1,6,-1,-1,-1,999,1,0,VOLKSWAGEN POLO,-1,-1,0,-1
2024440476149,2024,440476149,1,9,0,5,5,4,8,0,0,1,0,0,0,0,1,1,1,1,2,43,7,1197,1,11,VOLKSWAGEN POLO,8,E01022650,0,1
2024010541264,2024,010541264,1,9,0,13,13,3,7,0,0,1,0,0,0,0,4,1,6,6,3,-1,-1,999,1,6,VOLKSWAGEN POLO,-1,-1,0,-1
2024302400783,2024,302400783,2,9,0,3,3,6,8,0,0,1,0,0,0,0,2,1,3,7,1,56,9,999,1,9,VOLKSWAGEN POLO,9,E01019683,0,1
2024340WN1392,2024,340WN1392,2,9,0,-1,19,3,7,-1,0,8,0,0,0,0,1,1,-1,7,2,40,7,1390,1,22,VOLKSWAGEN POLO,3,E01027228,0,1
2024141419276,2024,141419276,1,9,0,-1,19,2,6,-1,0,1,0,0,0,0,4,1,-1,6,1,21,5,1390,1,13,VOLKSWAGEN POLO,1,E01007410,0,3
2024411429152,2024,411429152,1,9,0,-1,9,6,2,-1,0,6,0,0,0,0,4,1,-1,6,2,74,10,1198,1,17,VOLKSWAGEN POLO,10,E01023734,0,1
2024010549610,2024,010549610,1,9,0,99,99,9,9,99,99,9,9,99,9,99,9,9,2,2,1,29,6,999,1,4,VOLKSWAGEN POLO,4,E01030747,0,3
2024010542321,2024,010542321,2,9,0,99,99,9,9,99,99,9,9,99,9,99,1,9,6,6,3,-1,-1,999,1,3,VOLKSWAGEN POLO,-1,-1,0,-1
2024631464646,2024,631464646,2,9,0,-1,19,8,4,-1,0,0,1,0,0,0,1,1,-1,9,1,38,7,1198,1,14,VOLKSWAGEN POLO,8,W01001157,0,4
2024010545070,2024,010545070,1,9,0,4,4,5,1,0,0,0,0,0,0,0,2,1,6,6,2,26,6,999,1,6,VOLKSWAGEN POLO,2,E01004390,0,2
202417L309924,2024,17L309924,2,8,0,-1,19,3,7,-1,0,1,0,0,0,0,1,1,-1,1,1,-1,-1,999,1,8,VOLKSWAGEN POLO,-1,-1,0,-1
2024351408936,2024,351408936,1,9,-1,-1,-1,-1,-1,-1,-1,0,-1,-1,-1,0,-1,9,-1,6,3,-1,-1,1422,2,21,VOLKSWAGEN POLO,-1,-1,0,-1
2024101421300,2024,101421300,2,9,-1,-1,19,1,5,-1,0,0,0,0,0,0,1,9,-1,9,2,18,4,1198,1,11,VOLKSWAGEN POLO,2,E01008335,0,1
2024991533556,2024,991533556,1,9,0,-1,19,6,2,-1,0,1,0,0,0,0,1,1,-1,9,1,18,4,1198,1,13,VOLKSWAGEN POLO,4,-1,0,1
2024531439283,2024,531439283,2,9,0,-1,19,8,4,-1,0,8,0,0,0,0,4,1,-1,9,1,41,7,1198,1,17,VOLKSWAGEN POLO,5,E01014050,0,3
2024991426726,2024,991426726,1,9,0,-1,5,8,4,-1,0,0,0,0,0,0,0,1,-1,9,1,18,4,1198,1,16,VOLKSWAGEN POLO,6,-1,0,2
2024302401604,2024,302401604,2,9,0,18,19,1,5,0,0,8,0,0,0,0,1,1,6,6,2,20,4,1197,1,7,VOLKSWAGEN POLO,9,E01019678,0,1
2024501484006,2024,501484006,1,9,0,-1,19,7,3,-1,0,0,0,0,0,0,1,2,-1,6,1,35,6,999,1,1,VOLKSWAGEN POLO,3,E01015032,0,1
2024340WN5132,2024,340WN5132,1,9,0,-1,19,4,8,-1,0,0,0,0,0,0,1,1,-1,2,1,19,4,1198,1,13,VOLKSWAGEN POLO,5,E01027017,0,3
2024010528488,2024,010528488,1,9,0,18,19,1,5,0,0,2,0,0,0,0,1,1,6,6,1,26,6,999,1,10,VOLKSWAGEN POLO,7,E01002228,0,3
2024101449290,2024,101449290,1,9,0,-1,19,3,7,-1,0,2,0,0,0,0,1,1,-1,9,2,19,4,1598,2,14,VOLKSWAGEN POLO,2,E01008668,0,3
2024361531859,2024,361531859,2,9,0,-1,4,1,5,-1,0,0,0,0,0,0,2,2,-1,6,1,83,11,1198,1,20,VOLKSWAGEN POLO,4,E01026744,0,3
2024421506197,2024,421506197,1,9,0,-1,19,1,5,-1,0,8,0,0,0,0,1,1,-1,9,2,53,8,999,1,2,VOLKSWAGEN POLO,6,E01030076,0,4
2024070804093,2024,070804093,1,9,0,-1,19,7,3,-1,0,0,0,0,0,0,1,1,-1,2,2,32,6,1197,1,7,VOLKSWAGEN POLO,2,E01005817,0,4
2024061440489,2024,061440489,1,9,0,-1,19,3,7,-1,0,1,0,0,0,0,1,1,-1,6,1,18,4,1197,1,7,VOLKSWAGEN POLO,2,E01004865,0,1
2024041404043,2024,041404043,1,9,0,-1,19,3,7,-1,0,0,0,0,0,0,1,1,-1,9,2,26,6,1422,2,15,VOLKSWAGEN POLO,1,E01024877,0,1
2024610021724,2024,610021724,1,9,0,18,19,3,7,0,0,3,0,0,0,0,4,1,6,6,2,29,6,1198,1,13,VOLKSWAGEN POLO,6,W01001587,0,1
2024401507140,2024,401507140,4,9,0,-1,19,4,8,-1,0,0,0,0,1,0,1,1,-1,6,2,40,7,1390,1,21,VOLKSWAGEN POLO,2,E01015754,0,1
2024991510246,2024,991510246,1,9,0,-1,12,8,4,-1,0,1,0,0,0,0,1,1,-1,2,2,29,6,999,1,3,VOLKSWAGEN POLO,5,-1,0,1
2024552401442,2024,552401442,2,9,0,17,19,2,8,0,0,8,0,0,0,0,4,1,6,6,1,19,4,1422,2,16,VOLKSWAGEN POLO,8,E01022983,0,2
2024421512033,2024,421512033,1,9,0,-1,19,4,8,-1,0,2,0,0,0,0,1,1,-1,9,1,26,6,1198,1,22,VOLKSWAGEN POLO,4,E01021563,0,1
2024010545374,2024,010545374,1,9,0,99,99,9,9,99,99,9,9,99,9,99,1,9,6,6,2,45,7,1198,1,11,VOLKSWAGEN POLO,3,E01001213,0,1
2024430482563,2024,430482563,2,9,0,18,19,2,6,0,0,0,0,0,0,0,4,1,6,6,1,45,7,1422,2,21,VOLKSWAGEN POLO,3,E01028452,0,1
2024340NN3312,2024,340NN3312,1,9,0,-1,5,5,1,-1,0,1,0,0,0,0,1,1,-1,9,2,33,6,1197,1,9,VOLKSWAGEN POLO,6,E01027073,0,1
2024421484266,2024,421484266,1,9,0,-1,19,3,7,-1,2,8,0,0,0,0,4,1,-1,6,1,20,4,1198,1,20,VOLKSWAGEN POLO,-1,-1,0,-1
2024010520165,2024,010520165,1,9,0,18,19,1,5,0,0,8,0,0,0,0,1,1,6,6,1,18,4,1198,1,14,VOLKSWAGEN POLO,2,E01004089,0,1
2024351539262,2024,351539262,2,9,0,-1,19,1,5,-1,0,0,0,0,0,0,4,1,-1,6,1,23,5,1198,1,17,VOLKSWAGEN POLO,10,E01027274,0,4
2024531464452,2024,531464452,1,9,0,-1,19,1,5,-1,0,0,0,0,0,0,1,1,-1,2,1,41,7,1600,1,18,VOLKSWAGEN POLO,8,E01022259,0,3
2024371409001,2024,371409001,1,9,0,-1,19,1,5,-1,0,0,0,0,0,0,1,1,-1,6,2,22,5,999,1,2,VOLKSWAGEN POLO,2,E01030289,0,1
2024461447745,2024,461447745,1,9,0,-1,19,2,5,-1,0,0,1,11,1,0,1,1,-1,6,2,32,6,1390,1,16,VOLKSWAGEN POLO,4,E01024373,0,3
2024111431628,2024,111431628,1,9,0,-1,9,4,2,-1,0,2,0,0,0,0,2,1,-1,2,2,48,8,999,1,0,VOLKSWAGEN POLO,3,E01033198,0,1
2024010524144,2024,010524144,2,9,0,99,99,9,9,99,99,9,9,99,9,99,1,9,6,6,3,-1,-1,999,1,0,VOLKSWAGEN POLO,-1,-1,0,-1
2024221422000,2024,221422000,2,9,0,-1,10,7,4,-1,0,1,0,0,0,0,2,9,-1,9,2,60,9,1198,1,11,VOLKSWAGEN POLO,5,E01014025,0,2
2024401475187,2024,401475187,1,9,0,-1,19,6,2,-1,0,0,0,0,1,0,1,1,-1,6,2,25,5,1390,1,10,VOLKSWAGEN POLO,6,E01017424,0,3
2024401523168,2024,401523168,1,9,0,-1,5,6,1,-1,0,0,0,0,0,0,1,1,-1,9,2,21,5,1197,1,9,VOLKSWAGEN POLO,3,E01017514,0,1
2024552401338,2024,552401338,1,9,0,4,4,7,3,0,0,0,0,0,0,0,1,1,2,2,2,67,10,1197,1,9,VOLKSWAGEN POLO,8,E01020478,0,1
2024520002090,2024,520002090,2,9,0,10,10,7,4,0,0,1,0,0,0,0,2,1,6,6,2,19,4,1390,1,20,VOLKSWAGEN POLO,4,E01014469,0,1
2024010502870,2024,010502870,2,9,9,99,99,9,9,99,99,9,9,99,9,99,9,9,6,6,3,-1,-1,1798,1,7,VOLKSWAGEN POLO,-1,-1,0,-1
2024351503383,2024,351503383,1,9,0,-1,19,5,1,-1,0,2,1,0,0,0,1,1,-1,6,1,17,4,1198,1,18,VOLKSWAGEN POLO,6,E01018047,0,3
2024010529533,2024,010529533,2,9,0,5,5,9,9,99,99,0,9,99,9,99,9,9,6,6,2,26,6,1198,1,13,VOLKSWAGEN POLO,2,E01001760,0,1
2024430523096,2024,430523096,2,9,0,18,19,6,2,0,0,8,0,0,0,0,3,1,2,2,1,27,6,999,1,9,VOLKSWAGEN POLO,10,E01016796,0,3
2024041455048,2024,041455048,2,9,0,-1,19,3,7,-1,0,1,0,0,0,0,3,1,-1,6,2,29,6,1896,2,19,VOLKSWAGEN POLO,7,E01025576,0,2
2024421409566,2024,421409566,1,9,0,-1,19,8,4,-1,0,0,0,0,1,4,1,1,-1,6,1,53,8,999,1,24,VOLKSWAGEN POLO,1,E01021305,0,4
2024311555691,2024,311555691,1,9,0,-1,19,3,7,-1,0,8,0,0,0,0,1,1,-1,6,2,50,8,999,1,1,VOLKSWAGEN POLO,8,E01033389,0,1