collision_index,collision_year,collision_ref_no,vehicle_reference,vehicle_type,towing_and_articulation,vehicle_manoeuvre_historic,vehicle_manoeuvre,vehicle_direction_from,vehicle_direction_to,vehicle_location_restricted_lane_historic,vehicle_location_restricted_lane,junction_location,skidding_and_overturning,hit_object_in_carriageway,vehicle_leaving_carriageway,hit_object_off_carriageway,first_point_of_impact,vehicle_left_hand_drive,journey_purpose_of_driver_historic,journey_purpose_of_driver,sex_of_driver,age_of_driver,age_band_of_driver,engine_capacity_cc,propulsion_code,age_of_vehicle,generic_make_model,driver_imd_decile,lsoa_of_driver,escooter_flag,driver_distance_banding
2024411459254,2024,411459254,2,9,-1,-1,3,5,1,-1,0,1,-1,-1,0,0,2,1,-1,6,1,29,6,1197,1,7,VOLKSWAGEN POLO,7,E01023328,0,2
2024010518007,2024,010518007,1,9,0,11,11,1,5,0,0,5,0,0,0,0,4,1,6,6,1,19,4,1390,1,21,VOLKSWAGEN POLO,4,E01000068,0,2
2024545125124,2024,545125124,2,9,0,4,4,3,7,0,0,0,0,0,0,0,2,1,6,6,2,56,9,999,1,7,VOLKSWAGEN POLO,10,E01020946,0,5
2024371448339,2024,371448339,2,9,0,-1,7,6,8,-1,0,8,0,0,0,0,4,1,-1,2,2,30,6,999,1,3,VOLKSWAGEN POLO,9,E01030190,0,1
2024401451935,2024,401451935,1,9,0,-1,19,7,3,-1,0,8,0,0,0,0,3,1,-1,9,1,23,5,1198,1,13,VOLKSWAGEN POLO,5,E01015700,0,1
2024041418818,2024,041418818,2,9,0,-1,4,1,5,-1,0,1,0,0,0,0,1,1,-1,9,2,22,5,999,1,6,VOLKSWAGEN POLO,2,E01006238,0,1
2024010508242,2024,010508242,2,9,0,7,7,6,1,0,0,1,0,0,0,0,1,1,6,6,2,46,8,1390,1,13,VOLKSWAGEN POLO,8,E01000399,0,1
2024041481778,2024,041481778,1,9,0,-1,19,5,1,-1,0,1,0,10,1,7,1,1,-1,9,2,74,10,999,1,7,VOLKSWAGEN POLO,7,E01025559,0,3
2024101497631,2024,101497631,1,9,0,-1,19,5,3,-1,0,0,1,0,1,0,1,1,-1,9,1,21,5,1390,1,20,VOLKSWAGEN POLO,5,E01027394,0,1
2024440167306,2024,440167306,1,9,0,18,19,6,2,0,0,8,0,0,0,0,1,1,6,6,1,18,4,1198,1,16,VOLKSWAGEN POLO,10,E01022851,0,1
2024141408606,2024,141408606,2,9,0,-1,19,5,1,-1,0,3,0,0,0,0,3,1,-1,6,3,-1,-1,1197,1,7,VOLKSWAGEN POLO,4,E01008150,0,3
2024041512054,2024,041512054,2,9,0,-1,9,6,3,-1,0,8,0,0,0,0,1,1,-1,6,2,18,4,999,1,0,VOLKSWAGEN POLO,1,E01025236,0,1
2024430179490,2024,430179490,3,9,0,18,19,5,1,0,0,0,0,0,0,0,1,1,6,6,1,26,6,1200,1,22,VOLKSWAGEN POLO,2,E01013628,0,5
2024201432571,2024,201432571,3,9,0,-1,2,0,0,-1,9,8,0,0,0,0,2,9,-1,6,3,-1,-1,1390,1,17,VOLKSWAGEN POLO,-1,-1,0,-1
2024471535094,2024,471535094,1,9,0,-1,19,4,8,-1,0,1,0,11,0,0,1,1,-1,9,2,19,4,1198,1,15,VOLKSWAGEN POLO,4,E01031435,0,1
2024501395296,2024,501395296,4,9,0,-1,2,0,0,-1,0,1,0,0,0,0,4,9,-1,6,-1,45,7,1390,1,21,VOLKSWAGEN POLO,-1,-1,0,-1
2024631467297,2024,631467297,2,9,0,-1,4,2,6,-1,0,1,0,0,0,0,2,1,-1,9,1,27,6,1390,1,18,VOLKSWAGEN POLO,10,W01001075,0,4
2024111483578,2024,111483578,1,9,0,-1,19,7,3,-1,0,0,2,10,1,4,1,1,-1,9,1,18,4,1400,2,17,VOLKSWAGEN POLO,1,E01008746,0,2
2024061532032,2024,061532032,1,9,0,-1,19,8,5,-1,0,8,0,0,1,0,1,1,-1,9,2,37,7,1390,1,14,VOLKSWAGEN POLO,1,E01005874,0,1
2024010524689,2024,010524689,1,3,0,7,7,1,3,0,0,5,2,0,0,0,1,1,6,6,1,33,6,125,1,4,-1,2,E01001849,0,1
2024201475761,2024,201475761,2,3,0,-1,3,6,2,-1,0,0,0,0,0,0,2,1,-1,1,1,19,4,98,1,22,-1,1,E01008998,0,2
2024052401640,2024,052401640,2,2,0,18,19,5,1,0,0,1,0,0,0,0,4,1,6,6,1,18,4,101,1,22,-1,2,E01007219,0,1
2024211483768,2024,211483768,1,2,0,-1,9,8,6,-1,0,0,5,0,3,10,1,1,-1,6,1,29,6,49,1,22,-1,2,E01014274,0,1
2024320127615,2024,320127615,1,2,0,9,9,7,6,0,0,6,0,0,0,0,3,1,-1,-1,1,16,4,49,1,14,-1,3,E01026075,0,1
2024501458119,2024,501458119,2,2,0,-1,19,2,6,-1,0,0,5,0,0,0,1,1,-1,2,1,56,9,49,1,11,-1,3,E01015094,0,1
2024501495787,2024,501495787,1,2,0,-1,19,3,7,-1,0,8,0,0,0,0,1,1,-1,6,1,16,4,49,1,11,-1,6,E01015065,0,1
2024201460759,2024,201460759,2,2,0,-1,19,5,1,-1,0,8,0,0,0,0,1,1,-1,2,1,17,4,49,1,10,-1,3,E01010099,0,1
2024471526976,2024,471526976,2,4,0,-1,19,4,8,-1,0,8,0,0,0,0,3,1,-1,9,1,23,5,234,1,16,-1,8,E01020954,0,1
2024471493223,2024,471493223,2,9,0,-1,2,0,0,-1,0,0,0,0,0,0,1,1,-1,6,-1,-1,-1,2198,1,15,-1,-1,-1,0,-1
2024010504128,2024,010504128,2,9,0,2,2,0,0,0,0,0,0,0,0,0,2,1,6,6,3,-1,-1,2198,1,18,-1,-1,-1,0,-1
2024302400896,2024,302400896,2,9,0,18,19,1,4,0,0,0,0,0,0,0,1,1,6,6,1,56,9,6496,1,0,-1,5,E01019782,0,2
2024631472488,2024,631472488,2,90,0,-1,19,7,3,-1,0,8,0,0,0,0,4,1,-1,9,1,55,8,2184,2,0,-1,7,W01000623,0,4
2024471512096,2024,471512096,1,4,0,-1,19,2,6,-1,0,0,2,0,0,0,4,1,-1,9,1,57,9,449,1,0,-1,5,E01021074,0,1
2024211495435,2024,211495435,1,2,0,-1,3,3,3,-1,0,1,5,0,0,0,2,1,-1,6,2,17,4,49,1,21,-1,3,E01029752,0,1
2024501502578,2024,501502578,1,9,0,-1,13,6,2,-1,0,0,1,0,4,6,1,1,-1,2,1,33,6,1685,2,7,HYUNDAI TUCSON,8,E01020249,0,4
2024052401059,2024,052401059,2,9,0,4,4,6,2,0,0,1,0,0,0,0,2,1,6,6,2,67,10,1991,2,20,HYUNDAI TUCSON,1,E01006483,0,2
2024161509942,2024,161509942,1,9,0,-1,3,4,8,-1,0,0,0,0,0,0,2,9,-1,6,1,39,7,1591,1,5,HYUNDAI TUCSON,6,E01012961,0,2
2024991422567,2024,991422567,2,9,0,-1,19,1,5,-1,0,0,0,0,0,0,3,1,-1,1,2,51,8,1598,8,1,HYUNDAI TUCSON,5,-1,0,4
2024332400765,2024,332400765,1,9,0,-1,19,5,1,-1,0,1,0,0,0,0,1,1,-1,6,1,42,7,1685,2,9,HYUNDAI TUCSON,9,E01025869,0,2
2024421544252,2024,421544252,1,9,0,-1,19,3,7,-1,0,0,0,0,0,0,1,1,-1,6,1,63,9,1598,8,0,HYUNDAI TUCSON,-1,-1,0,-1
2024351521149,2024,351521149,1,9,0,-1,5,1,6,-1,0,6,0,0,0,0,1,1,-1,6,2,57,9,1598,8,2,HYUNDAI TUCSON,5,E01018139,0,1
2024061525659,2024,061525659,3,9,0,-1,19,7,3,-1,0,0,0,0,0,0,4,1,-1,9,1,62,9,1591,1,7,HYUNDAI TUCSON,3,E01012708,0,4
2024430270029,2024,430270029,2,9,0,16,19,2,5,0,0,0,5,0,0,0,3,1,6,6,2,51,8,1598,1,1,HYUNDAI TUCSON,8,E01016432,0,1
2024010548897,2024,010548897,1,9,0,4,4,1,5,0,0,0,0,0,0,0,0,1,6,6,2,43,7,1685,2,9,HYUNDAI TUCSON,-1,-1,0,-1
2024061434559,2024,061434559,4,9,0,-1,19,6,2,-1,0,1,0,0,0,0,1,1,-1,2,2,40,7,1591,1,5,HYUNDAI TUCSON,1,E01011471,0,4
2024131459645,2024,131459645,1,9,0,-1,10,1,5,-1,0,8,0,0,0,0,3,1,-1,9,1,44,7,1591,1,5,HYUNDAI TUCSON,7,E01011942,0,1
2024401457067,2024,401457067,1,9,0,-1,6,7,3,-1,0,0,0,0,0,0,1,1,-1,6,1,26,6,1685,2,9,HYUNDAI TUCSON,10,E01017611,0,3
2024031497068,2024,031497068,1,9,0,-1,19,1,5,-1,0,0,5,0,1,4,1,1,-1,9,1,48,8,1598,1,3,HYUNDAI TUCSON,1,-1,0,5
2024061401609,2024,061401609,1,9,-1,-1,-1,-1,-1,-1,-1,0,-1,-1,-1,0,-1,9,-1,2,2,52,8,1598,8,1,HYUNDAI TUCSON,-1,-1,0,-1
2024122400948,2024,122400948,2,9,0,18,19,6,2,0,0,8,0,0,0,0,3,1,6,6,2,44,7,1591,1,6,HYUNDAI TUCSON,7,E01027867,0,1
2024010528900,2024,010528900,2,9,0,18,19,5,1,0,0,0,0,0,0,0,1,1,6,6,1,39,7,1598,8,1,HYUNDAI TUCSON,9,E01000773,0,1
2024501404417,2024,501404417,2,9,0,-1,3,3,6,-1,0,0,0,0,0,0,2,1,-1,6,2,43,7,1598,1,2,HYUNDAI TUCSON,4,E01018943,0,3
2024430336172,2024,430336172,2,9,0,9,9,7,5,0,0,2,0,0,0,0,2,1,3,7,2,40,7,1685,2,8,HYUNDAI TUCSON,10,E01028761,0,1
2024451453170,2024,451453170,2,9,0,-1,6,2,8,-1,0,1,0,0,0,0,3,1,-1,6,1,47,8,1598,8,3,HYUNDAI TUCSON,-1,-1,0,-1
2024332400841,2024,332400841,1,9,0,-1,19,9,9,-1,0,8,0,0,0,0,1,1,-1,6,2,-1,-1,1598,8,0,HYUNDAI TUCSON,-1,-1,0,-1
2024991421172,2024,991421172,2,9,0,-1,19,7,3,-1,0,1,0,0,0,0,1,1,-1,6,1,47,8,1591,1,7,HYUNDAI TUCSON,3,-1,0,1
2024440431076,2024,440431076,2,9,0,2,2,0,0,0,0,0,0,0,0,0,2,1,6,6,3,-1,-1,1598,8,2,HYUNDAI TUCSON,-1,-1,0,-1
2024010520995,2024,010520995,2,9,0,18,19,1,5,0,0,5,0,0,1,0,4,1,6,6,1,52,8,1598,8,1,HYUNDAI TUCSON,5,E01001931,0,3
2024221491459,2024,221491459,1,9,0,-1,19,8,4,-1,0,8,0,0,0,0,3,1,-1,9,1,25,5,1685,2,9,HYUNDAI TUCSON,10,E01010198,0,4
2024430479148,2024,430479148,2,9,0,3,3,2,6,0,0,0,0,0,0,0,2,1,6,6,2,46,8,1591,1,4,HYUNDAI TUCSON,9,E01017655,0,1
2024520000020,2024,520000020,2,9,0,9,9,1,6,0,0,6,0,0,0,0,3,1,6,6,1,59,9,1591,1,5,HYUNDAI TUCSON,1,E01014458,0,1
2024031441181,2024,031441181,2,9,0,-1,9,6,3,-1,0,5,0,0,0,0,1,1,-1,6,1,60,9,1685,2,7,HYUNDAI TUCSON,6,E01019264,0,1
2024991425384,2024,991425384,2,9,0,-1,19,8,4,-1,0,3,0,0,0,0,4,1,-1,9,1,52,8,1995,2,8,HYUNDAI TUCSON,3,-1,0,1
2024411529598,2024,411529598,1,9,-1,-1,-1,-1,-1,-1,-1,-1,-1,-1,-1,0,-1,9,-1,6,2,54,8,1598,8,2,HYUNDAI TUCSON,8,E01033029,0,1
2024351476038,2024,351476038,2,9,0,-1,4,3,7,-1,0,0,0,0,0,0,1,1,-1,6,2,70,10,1598,8,2,HYUNDAI TUCSON,-1,-1,0,-1
2024421447812,2024,421447812,1,9,0,-1,19,7,2,-1,0,0,0,0,0,0,4,1,-1,6,3,-1,-1,1598,2,5,HYUNDAI TUCSON,-1,-1,0,-1
2024041535526,2024,041535526,1,9,0,-1,9,7,3,-1,0,0,0,0,0,0,4,1,-1,9,2,27,6,1685,2,8,HYUNDAI TUCSON,3,E01012685,0,1
2024131439205,2024,131439205,1,9,0,-1,19,1,5,-1,0,2,0,0,0,0,1,1,-1,7,1,62,9,1685,2,8,HYUNDAI TUCSON,4,E01011909,0,1
2024520403336,2024,520403336,1,9,0,18,19,7,3,0,0,0,0,0,0,0,1,1,6,6,1,42,7,1598,8,1,HYUNDAI TUCSON,8,E01031247,0,5
2024320752672,2024,320752672,1,9,0,-1,-1,1,5,0,0,1,0,0,0,0,1,1,6,6,1,52,8,1991,2,17,HYUNDAI TUCSON,7,E01026272,0,1
2024451426735,2024,451426735,1,9,0,-1,7,5,1,-1,0,0,0,0,0,0,4,1,-1,9,1,46,8,1591,1,6,HYUNDAI TUCSON,9,E01030820,0,3
2024231417200,2024,231417200,2,9,0,-1,19,4,8,-1,0,8,0,0,1,11,1,9,-1,6,1,55,8,1591,1,7,HYUNDAI TUCSON,8,E01031083,0,1
2024302401453,2024,302401453,2,9,0,4,4,1,5,0,0,0,1,0,5,6,2,1,2,2,2,43,7,1685,2,9,HYUNDAI TUCSON,5,E01009598,0,4
2024320720049,2024,320720049,2,9,0,4,4,3,7,0,0,1,0,0,0,0,2,1,6,6,2,54,8,1598,1,1,HYUNDAI TUCSON,-1,-1,0,-1
2024991405687,2024,991405687,2,9,0,-1,9,4,2,-1,0,8,0,0,0,0,4,1,-1,9,1,43,7,1591,1,4,HYUNDAI TUCSON,7,E01023961,0,5
2024451528422,2024,451528422,1,9,0,-1,-1,-1,-1,-1,-1,0,-1,-1,-1,-1,-1,9,-1,6,3,-1,-1,1591,1,6,HYUNDAI TUCSON,-1,-1,0,-1
2024340NN0502,2024,340NN0502,2,9,0,-1,19,7,4,-1,0,0,0,0,0,0,1,1,-1,6,1,65,9,1991,2,18,HYUNDAI TUCSON,8,E01027107,0,1
2024141456193,2024,141456193,2,9,0,-1,19,6,4,-1,0,1,0,0,0,0,1,1,-1,6,-1,50,8,1598,8,0,HYUNDAI TUCSON,-1,-1,0,-1
2024221534301,2024,221534301,2,9,0,-1,19,8,4,-1,0,0,0,0,0,0,3,1,-1,6,1,67,10,1995,2,8,HYUNDAI TUCSON,3,E01009834,0,3
2024471534608,2024,471534608,2,9,0,-1,19,5,8,-1,0,1,1,0,1,0,3,1,-1,9,2,42,7,1598,1,3,HYUNDAI TUCSON,6,E01024425,0,3
2024501510158,2024,501510158,1,9,0,-1,19,5,8,-1,0,0,1,0,0,0,3,1,-1,9,2,66,10,1591,1,4,HYUNDAI TUCSON,5,E01020072,0,1
2024052402098,2024,052402098,1,9,0,18,19,5,1,0,0,0,0,0,0,0,1,1,6,6,1,27,6,1591,1,6,HYUNDAI TUCSON,1,E01007048,0,3
2024501505618,2024,501505618,1,9,0,-1,9,2,7,-1,0,8,0,0,0,0,1,1,-1,9,1,45,7,1685,2,6,HYUNDAI TUCSON,8,E01019988,0,4
2024010500024,2024,010500024,1,9,0,18,19,5,1,0,0,1,0,0,0,0,1,1,2,2,1,53,8,1591,1,7,HYUNDAI TUCSON,8,E01000347,0,3
2024041513210,2024,041513210,2,9,0,-1,2,0,0,-1,0,0,0,0,0,0,1,1,-1,6,-1,-1,-1,1598,8,1,HYUNDAI TUCSON,-1,-1,0,-1
2024041531239,2024,041531239,1,9,0,-1,19,7,3,-1,0,0,0,0,4,0,1,1,-1,9,1,72,10,1591,1,6,HYUNDAI TUCSON,4,E01012633,0,1
2024010506792,2024,010506792,2,9,9,99,99,9,9,99,99,9,9,99,9,99,2,9,2,2,1,38,7,1995,2,8,HYUNDAI TUCSON,2,E01000077,0,2
2024131419515,2024,131419515,1,9,0,-1,19,2,6,-1,0,0,0,0,0,0,1,1,-1,6,2,50,8,1598,8,2,HYUNDAI TUCSON,6,E01035051,0,2
2024440094720,2024,440094720,1,9,0,18,19,7,3,0,0,1,0,0,0,0,4,1,6,6,2,-1,-1,1991,2,17,HYUNDAI TUCSON,-1,-1,0,-1
2024061521294,2024,061521294,2,9,0,-1,9,3,1,-1,0,1,0,0,0,0,3,1,-1,6,1,37,7,1685,2,7,HYUNDAI TUCSON,6,E01005623,0,1
2024311439407,2024,311439407,4,9,0,-1,2,3,7,-1,-1,2,0,0,0,0,2,1,-1,6,-1,-1,-1,1991,2,19,HYUNDAI TUCSON,-1,-1,0,-1
2024622400340,2024,622400340,2,9,0,9,9,8,7,0,0,3,0,0,0,0,4,1,6,6,2,78,11,1598,1,1,HYUNDAI TUCSON,6,W01000794,0,1
2024451496068,2024,451496068,1,9,0,-1,9,1,7,-1,0,6,0,0,0,0,1,1,-1,1,2,47,8,1598,8,1,HYUNDAI TUCSON,9,E01030976,0,1
2024461484397,2024,461484397,2,9,0,-1,4,7,1,-1,0,0,0,0,1,0,2,1,-1,9,1,46,8,1598,8,0,HYUNDAI TUCSON,7,E01024635,0,4
2024991425384,2024,991425384,1,9,0,-1,7,3,4,-1,0,4,0,0,0,0,1,1,-1,9,1,32,6,1598,8,0,HYUNDAI TUCSON,-1,-1,0,-1
2024991495962,2024,991495962,1,9,0,-1,3,3,7,-1,0,2,0,0,0,0,2,1,-1,6,2,51,8,1598,8,0,HYUNDAI TUCSON,9,-1,0,1
2024010543027,2024,010543027,1,9,0,7,7,4,6,0,0,1,0,0,0,0,1,1,6,6,1,44,7,1598,8,2,HYUNDAI TUCSON,7,E01000295,0,1
2024440462770,2024,440462770,1,9,0,18,19,7,3,0,0,0,0,0,1,4,4,1,6,6,1,57,9,1591,1,8,HYUNDAI TUCSON,10,E01020560,0,4
2024070045283,2024,070045283,3,9,0,4,4,5,1,0,0,0,0,0,0,0,2,1,6,6,1,-1,-1,1591,1,5,HYUNDAI TUCSON,-1,-1,0,-1
2024221529157,2024,221529157,2,9,0,-1,19,8,4,-1,0,0,1,0,0,0,1,1,-1,2,2,51,8,1598,8,0,HYUNDAI TUCSON,6,E01031207,0,4
2024201455904,2024,201455904,1,9,0,-1,7,8,2,-1,0,6,0,0,0,0,1,9,-1,6,2,29,6,1685,2,7,HYUNDAI TUCSON,6,E01031130,0,3
2024010534064,2024,010534064,1,9,0,18,19,5,1,0,0,8,0,10,1,11,1,1,6,6,1,46,8,1598,8,0,HYUNDAI TUCSON,5,E01001189,0,2
2024320716005,2024,320716005,2,9,0,-1,-1,6,2,0,0,8,0,0,0,0,1,1,-1,-1,2,54,8,1995,2,8,HYUNDAI TUCSON,7,E01026147,0,1
2024010532530,2024,010532530,2,9,0,99,99,9,9,99,99,9,9,99,9,99,1,9,6,6,3,-1,-1,1598,8,2,HYUNDAI TUCSON,-1,-1,0,-1
2024371448731,2024,371448731,1,9,0,-1,19,2,5,-1,0,0,0,0,7,3,1,1,-1,9,1,25,5,1598,1,2,HYUNDAI TUCSON,9,E01030145,0,2
2024061473023,2024,061473023,2,9,0,-1,19,5,1,-1,0,0,0,0,0,0,1,1,-1,9,1,59,9,1598,8,2,HYUNDAI TUCSON,8,E01004791,0,1
2024010551662,2024,010551662,1,9,0,9,9,1,7,0,0,1,0,0,0,0,1,1,6,6,1,63,9,1598,8,1,HYUNDAI TUCSON,9,E01000775,0,1
2024471457704,2024,471457704,1,9,0,-1,9,7,5,-1,0,6,0,0,0,0,1,1,-1,7,1,49,8,1598,1,2,HYUNDAI TUCSON,9,E01031642,0,1
2024451395637,2024,451395637,2,9,0,-1,19,5,1,-1,0,8,0,0,0,0,1,1,-1,2,2,36,7,1591,1,5,HYUNDAI TUCSON,10,E01030961,0,1
2024061483513,2024,061483513,1,9,0,-1,9,1,5,-1,0,2,0,10,0,0,1,1,-1,6,-1,-1,-1,1685,2,7,HYUNDAI TUCSON,-1,-1,0,-1
2024041424509,2024,041424509,1,9,0,-1,9,5,3,-1,0,8,0,0,1,0,1,1,-1,9,1,57,9,1598,8,1,HYUNDAI TUCSON,3,E01025371,0,1
2024201516236,2024,201516236,3,9,0,-1,19,4,8,-1,0,0,1,0,0,0,1,1,-1,1,1,45,7,1591,1,7,HYUNDAI TUCSON,5,E01009066,0,2
2024221397302,2024,221397302,1,9,0,-1,19,6,2,-1,0,0,0,0,0,0,1,9,-1,6,1,52,8,1591,1,5,HYUNDAI TUCSON,8,E01028917,0,1
2024061470881,2024,061470881,2,9,0,-1,9,6,3,-1,0,8,0,0,0,0,3,1,-1,9,1,48,8,1591,1,6,HYUNDAI TUCSON,-1,-1,0,-1
2024061415140,2024,061415140,1,9,0,-1,9,5,3,-1,0,5,0,0,0,0,1,1,-1,6,1,63,9,1598,8,1,HYUNDAI TUCSON,-1,-1,0,-1
2024471420818,2024,471420818,2,9,0,-1,9,3,1,-1,0,0,0,0,0,0,3,1,-1,9,2,30,6,1598,8,2,HYUNDAI TUCSON,8,E01021171,0,3
2024371449834,2024,371449834,1,9,0,-1,4,1,5,-1,0,0,0,0,0,0,2,1,-1,6,2,56,9,1598,8,3,HYUNDAI TUCSON,2,E01030139,0,3
2024201444629,2024,201444629,1,9,0,-1,7,4,6,-1,0,6,0,0,0,0,4,1,-1,9,2,43,7,1598,8,2,HYUNDAI TUCSON,-1,-1,0,-1
2024421507073,2024,421507073,8,9,0,-1,2,0,0,-1,0,0,0,0,0,0,3,1,-1,6,2,40,7,1598,1,2,HYUNDAI TUCSON,7,E01021656,0,1
2024041426597,2024,041426597,2,9,0,-1,19,7,3,-1,0,8,0,0,1,11,3,1,-1,6,1,55,8,1598,1,3,HYUNDAI TUCSON,1,E01012707,0,1
2024991398258,2024,991398258,2,9,0,-1,19,3,7,-1,0,0,0,0,0,0,1,1,-1,6,2,47,8,1685,2,7,HYUNDAI TUCSON,-1,-1,0,-1
2024010524749,2024,010524749,1,9,0,16,19,7,3,9,9,0,5,10,7,4,1,1,6,6,1,67,10,1598,8,0,HYUNDAI TUCSON,5,E01017805,0,3
2024070131911,2024,070131911,2,9,0,18,19,1,5,0,0,0,0,0,0,0,1,1,6,6,2,57,9,1591,1,5,HYUNDAI TUCSON,7,W01000207,0,4
2024141498790,2024,141498790,1,9,0,-1,12,5,1,-1,0,0,0,0,0,0,1,1,-1,9,2,76,11,1995,2,7,HYUNDAI TUCSON,7,E01008002,0,1
2024211508702,2024,211508702,1,9,0,-1,9,7,6,-1,0,0,0,0,0,0,1,1,-1,6,2,32,6,1685,2,9,HYUNDAI TUCSON,6,E01014360,0,3
2024520500080,2024,520500080,2,9,0,4,4,1,5,0,0,3,0,0,0,0,2,1,6,6,1,60,9,1598,8,1,HYUNDAI TUCSON,3,E01029280,0,1
2024010536984,2024,010536984,1,9,0,99,99,9,9,99,99,0,9,99,9,99,2,9,1,1,2,41,7,1598,-1,3,HYUNDAI TUCSON,9,E01004098,0,1
2024471470941,2024,471470941,1,9,0,-1,19,8,4,-1,0,0,0,0,1,0,1,1,-1,6,1,27,6,1685,2,7,HYUNDAI TUCSON,6,E01035338,0,3
2024471499090,2024,471499090,2,9,0,-1,9,7,3,-1,0,0,1,0,7,0,3,1,-1,9,1,55,8,1598,8,2,HYUNDAI TUCSON,3,E01021057,0,1
2024501547395,2024,501547395,1,9,0,-1,6,1,5,-1,0,0,0,0,7,0,3,1,-1,6,2,-1,-1,1598,1,0,HYUNDAI TUCSON,6,E01007476,0,5
202417L405524,2024,17L405524,2,9,0,-1,4,2,6,-1,0,0,0,0,0,0,1,1,-1,9,2,40,7,1685,2,8,HYUNDAI TUCSON,9,E01012124,0,2
2024231416189,2024,231416189,1,9,0,-1,19,4,8,-1,0,6,0,0,0,0,1,1,-1,6,2,26,6,1991,2,16,HYUNDAI TUCSON,3,E01031064,0,3
2024430220188,2024,430220188,1,9,0,18,19,7,3,0,0,0,0,0,0,0,1,1,6,6,1,33,6,1598,8,3,HYUNDAI TUCSON,8,E01017886,0,2
2024471405774,2024,471405774,1,9,0,-1,19,7,3,-1,0,6,0,0,0,0,4,1,-1,9,2,56,9,1598,1,3,HYUNDAI TUCSON,6,E01016876,0,1
2024440561684,2024,440561684,4,9,0,4,4,2,6,0,0,0,0,0,0,0,2,1,6,6,1,73,10,1598,8,2,HYUNDAI TUCSON,-1,-1,0,-1
2024421525401,2024,421525401,2,9,-1,-1,10,-1,-1,-1,0,0,0,0,0,0,3,9,-1,6,2,60,9,1591,1,5,HYUNDAI TUCSON,3,E01023496,0,2
2024411543318,2024,411543318,3,9,0,-1,2,0,0,-1,0,0,0,0,0,0,1,1,-1,6,-1,-1,-1,1598,8,3,HYUNDAI TUCSON,-1,-1,0,-1
2024547627224,2024,547627224,2,9,0,5,5,0,6,8,6,0,0,0,0,0,0,1,6,6,1,60,9,1598,8,1,HYUNDAI TUCSON,-1,-1,0,-1
2024010539903,2024,010539903,1,9,9,99,99,9,9,99,99,9,9,99,9,99,9,9,6,6,1,58,9,1591,1,5,HYUNDAI TUCSON,5,E01001259,0,3
2024041449079,2024,041449079,2,9,0,-1,10,8,6,-1,0,1,0,0,0,0,2,9,-1,9,2,34,6,1995,2,7,HYUNDAI TUCSON,3,E01025398,0,3
2024332400856,2024,332400856,2,9,0,-1,7,7,2,-1,0,6,0,0,0,0,1,1,-1,6,3,-1,-1,1598,8,3,HYUNDAI TUCSON,-1,-1,0,-1
2024122400882,2024,122400882,1,9,0,18,19,7,3,0,0,1,5,11,2,7,4,1,6,6,1,37,7,1598,1,2,HYUNDAI TUCSON,10,E01013354,0,3
2024201442480,2024,201442480,1,9,0,-1,19,6,2,-1,0,0,0,0,0,0,4,9,-1,9,1,64,9,1598,1,1,HYUNDAI TUCSON,-1,-1,0,-1
2024631464104,2024,631464104,1,9,0,-1,9,1,6,-1,0,6,0,0,0,0,3,1,-1,9,2,50,8,1685,2,7,HYUNDAI TUCSON,4,W01000603,0,3
2024201472732,2024,201472732,2,9,0,-1,19,8,4,-1,0,8,0,0,0,0,3,1,-1,9,2,59,9,1598,8,2,HYUNDAI TUCSON,8,E01009823,0,1
2024522401390,2024,522401390,2,9,0,9,9,4,2,0,0,6,0,0,0,0,3,1,6,6,2,49,8,1598,1,1,HYUNDAI TUCSON,1,E01014517,0,1
2024461556431,2024,461556431,1,9,0,-1,12,1,2,-1,0,6,0,0,0,0,2,1,-1,6,1,60,9,1685,2,8,HYUNDAI TUCSON,8,E01023993,0,1
2024531484340,2024,531484340,1,9,0,-1,19,4,8,-1,0,2,0,0,0,0,4,1,-1,9,1,71,10,1598,1,2,HYUNDAI TUCSON,5,E01022270,0,3
2024061505126,2024,061505126,1,9,0,-1,5,5,1,-1,0,8,0,0,0,0,1,1,-1,9,2,66,10,1598,8,1,HYUNDAI TUCSON,7,E01005361,0,1
2024061470815,2024,061470815,3,9,0,-1,19,5,1,-1,0,1,5,0,0,0,3,1,-1,6,2,35,6,1685,2,7,HYUNDAI TUCSON,2,E01004817,0,1
2024421482200,2024,421482200,1,9,0,-1,19,2,6,-1,0,0,0,0,0,0,1,1,-1,6,2,59,9,1591,1,7,HYUNDAI TUCSON,8,E01021537,0,2
2024302401634,2024,302401634,2,9,0,17,19,1,6,0,0,0,0,0,0,0,1,1,6,6,2,31,6,1591,1,5,HYUNDAI TUCSON,7,E01019726,0,1
2024451479306,2024,451479306,2,9,0,-1,9,1,7,-1,0,0,0,0,0,0,3,1,-1,9,2,38,7,1598,1,1,HYUNDAI TUCSON,9,E01030313,0,1
2024041399213,2024,041399213,2,9,0,-1,19,1,5,-1,0,0,0,0,0,0,2,1,-1,9,2,56,9,1598,1,2,HYUNDAI TUCSON,8,E01034337,0,3
2024061400498,2024,061400498,2,9,0,-1,9,3,1,-1,0,8,0,0,0,0,4,1,-1,9,1,76,11,1598,8,3,HYUNDAI TUCSON,-1,-1,0,-1
2024471465738,2024,471465738,2,9,0,-1,19,7,3,-1,0,1,0,0,0,0,4,1,-1,2,1,65,9,1975,1,18,HYUNDAI TUCSON,7,E01021046,0,1
2024371496628,2024,371496628,2,9,0,-1,20,0,0,-1,0,0,0,0,0,0,2,1,-1,6,2,33,6,1991,2,15,HYUNDAI TUCSON,1,E01030256,0,1
2024221500550,2024,221500550,1,9,0,-1,19,2,6,-1,0,0,0,0,7,10,1,1,-1,9,1,67,10,1598,8,1,HYUNDAI TUCSON,4,E01029000,0,3