collision_index,collision_year,collision_ref_no,vehicle_reference,vehicle_type,towing_and_articulation,vehicle_manoeuvre_historic,vehicle_manoeuvre,vehicle_direction_from,vehicle_direction_to,vehicle_location_restricted_lane_historic,vehicle_location_restricted_lane,junction_location,skidding_and_overturning,hit_object_in_carriageway,vehicle_leaving_carriageway,hit_object_off_carriageway,first_point_of_impact,vehicle_left_hand_drive,journey_purpose_of_driver_historic,journey_purpose_of_driver,sex_of_driver,age_of_driver,age_band_of_driver,engine_capacity_cc,propulsion_code,age_of_vehicle,generic_make_model,driver_imd_decile,lsoa_of_driver,escooter_flag,driver_distance_banding
2024010534003,2024,010534003,1,9,0,5,5,0,3,0,0,1,0,4,1,11,1,1,6,6,2,70,10,1598,8,2,HYUNDAI TUCSON,9,E01003682,0,1
2024320403803,2024,320403803,1,9,0,9,9,6,4,0,0,6,0,0,0,0,1,1,-1,-1,1,46,8,1685,2,7,HYUNDAI TUCSON,-1,-1,0,-1
2024451487290,2024,451487290,2,9,0,-1,9,7,5,-1,0,0,0,0,0,0,1,1,-1,9,1,76,11,1598,8,2,HYUNDAI TUCSON,9,E01030761,0,3
2024461521520,2024,461521520,2,9,-1,-1,2,0,0,-1,0,0,0,0,0,0,3,9,-1,6,3,-1,-1,1685,2,8,HYUNDAI TUCSON,-1,-1,0,-1
2024302401378,2024,302401378,2,9,0,18,19,2,6,0,0,8,0,0,0,0,1,1,6,6,1,57,9,1995,2,7,HYUNDAI TUCSON,4,E01019529,0,1
2024061484458,2024,061484458,3,9,0,-1,19,5,1,-1,0,0,5,7,0,0,2,1,-1,1,2,62,9,1598,8,2,HYUNDAI TUCSON,4,E01005035,0,2
2024430614023,2024,430614023,1,9,0,18,19,5,1,0,0,0,0,0,0,0,1,1,6,6,1,61,9,1685,2,7,HYUNDAI TUCSON,8,E01028506,0,1
2024010503554,2024,010503554,1,9,0,18,19,1,5,0,0,2,0,0,0,0,4,1,6,6,1,32,6,1598,8,1,HYUNDAI TUCSON,3,E01001894,0,3
202460Q053161,2024,60Q053161,2,9,0,10,10,2,8,0,0,1,0,0,0,0,4,1,2,2,2,43,7,1685,2,7,HYUNDAI TUCSON,-1,-1,0,-1
2024351442039,2024,351442039,2,9,0,-1,5,-1,-1,-1,0,1,1,-1,-1,0,3,1,-1,6,1,47,8,1591,1,5,HYUNDAI TUCSON,2,E01018075,0,1
202417S104324,2024,17S104324,2,9,0,6,6,0,3,0,0,0,0,0,0,0,3,1,6,6,1,62,9,1991,2,18,HYUNDAI TUCSON,2,E01012193,0,1
2024101527038,2024,101527038,1,9,0,-1,19,7,3,-1,0,0,0,0,0,0,1,1,-1,6,2,29,6,1598,8,2,HYUNDAI TUCSON,7,E01008197,0,2
2024461401164,2024,461401164,1,9,0,-1,19,7,3,-1,0,3,0,0,0,0,3,9,-1,1,1,-1,-1,1598,8,0,HYUNDAI TUCSON,9,E01024972,0,5
2024320423397,2024,320423397,1,9,0,-1,-1,6,2,0,0,0,0,0,0,0,1,1,6,6,1,37,7,1685,2,7,HYUNDAI TUCSON,10,E01026356,0,4
2024991485998,2024,991485998,2,9,0,-1,19,7,3,-1,0,1,1,0,7,2,1,1,-1,6,2,50,8,1598,1,0,HYUNDAI TUCSON,2,-1,0,1
2024221428451,2024,221428451,2,9,0,-1,19,4,8,-1,0,0,0,0,0,0,4,1,-1,9,1,50,8,1591,1,5,HYUNDAI TUCSON,-1,-1,0,-1
2024501405976,2024,501405976,2,9,0,-1,2,4,1,-1,9,2,0,0,0,0,2,1,-1,6,-1,-1,-1,1685,2,6,HYUNDAI TUCSON,-1,-1,0,-1
2024061529615,2024,061529615,2,9,-1,-1,-1,-1,-1,-1,-1,0,-1,-1,-1,0,-1,9,-1,6,3,30,6,1598,8,1,HYUNDAI TUCSON,1,E01034114,0,1
2024010539203,2024,010539203,1,9,0,99,99,9,9,99,99,9,9,99,9,99,1,9,6,6,1,41,7,1685,2,8,HYUNDAI TUCSON,1,E01001442,0,1
2024141423075,2024,141423075,1,9,0,-1,19,8,6,-1,0,0,0,0,0,0,1,1,-1,7,2,42,7,1598,1,2,HYUNDAI TUCSON,1,E01007857,0,1
2024461419097,2024,461419097,1,9,0,-1,19,8,4,-1,0,1,0,0,0,0,4,1,-1,9,2,32,6,1598,8,1,HYUNDAI TUCSON,2,E01023990,0,1
2024430559078,2024,430559078,1,9,0,4,4,8,4,0,0,8,0,0,1,0,1,1,1,1,1,41,7,1591,1,5,HYUNDAI TUCSON,10,E01032962,0,3
2024311443672,2024,311443672,2,9,0,-1,19,7,2,-1,0,4,0,0,0,0,2,9,-1,6,2,32,6,1591,1,6,HYUNDAI TUCSON,6,E01033773,0,1
2024141453185,2024,141453185,1,9,0,-1,19,7,3,-1,0,1,0,0,0,0,4,1,-1,9,2,34,6,1591,1,5,HYUNDAI TUCSON,7,E01007992,0,1
2024421398010,2024,421398010,1,9,0,-1,19,2,6,-1,0,0,0,0,0,0,1,1,-1,6,2,77,11,1598,8,3,HYUNDAI TUCSON,9,E01022013,0,2
2024302401333,2024,302401333,1,9,0,4,4,8,4,0,0,8,0,0,0,0,1,2,6,6,1,61,9,1591,1,7,HYUNDAI TUCSON,9,E01019879,0,1
2024440075668,2024,440075668,3,9,0,18,19,3,7,0,0,0,0,0,0,0,1,1,6,6,2,52,8,1598,2,5,HYUNDAI TUCSON,7,E01016332,0,3
2024231442595,2024,231442595,1,9,0,-1,19,1,5,-1,0,0,0,0,0,0,1,1,-1,9,2,32,6,1685,2,8,HYUNDAI TUCSON,9,E01032351,0,3
2024440160193,2024,440160193,1,9,0,9,9,4,3,0,0,1,0,0,0,0,1,1,3,7,2,44,7,1598,8,1,HYUNDAI TUCSON,-1,-1,0,-1
2024351528513,2024,351528513,1,9,0,-1,4,7,3,-1,0,0,0,0,0,0,0,1,-1,6,1,82,11,1685,2,8,HYUNDAI TUCSON,9,E01025869,0,4
2024041420425,2024,041420425,1,9,0,-1,19,7,3,-1,0,1,0,0,0,0,1,1,-1,9,1,64,9,1598,8,3,HYUNDAI TUCSON,10,E01025259,0,1
2024161511569,2024,161511569,1,9,0,-1,4,2,4,-1,0,1,0,0,0,0,1,1,-1,9,1,33,6,1598,8,0,HYUNDAI TUCSON,6,E01013318,0,4
202460Q005130,2024,60Q005130,1,9,0,18,19,4,8,0,0,0,0,0,7,11,1,1,6,6,1,29,6,1598,8,1,HYUNDAI TUCSON,-1,-1,0,-1
2024991408853,2024,991408853,2,9,0,-1,5,2,8,-1,0,1,0,0,0,0,4,1,-1,9,1,34,6,1591,1,4,HYUNDAI TUCSON,4,-1,0,2
2024991484319,2024,991484319,2,9,0,-1,19,5,1,-1,0,0,1,0,1,0,3,1,-1,9,2,30,6,1598,8,1,HYUNDAI TUCSON,3,-1,0,4
2024501513232,2024,501513232,3,9,0,-1,19,3,7,-1,0,0,0,0,0,0,1,1,-1,9,1,62,9,1995,2,9,HYUNDAI TUCSON,1,E01015040,0,1
2024440306388,2024,440306388,1,9,0,18,19,1,5,0,0,1,0,0,0,0,1,1,6,6,1,85,11,1598,8,3,HYUNDAI TUCSON,7,E01022946,0,1
2024031416266,2024,031416266,2,9,0,-1,4,1,5,-1,0,0,0,0,0,0,1,1,-1,6,2,40,7,1598,2,5,HYUNDAI TUCSON,3,E01019272,0,3
2024061486901,2024,061486901,1,9,0,-1,19,7,3,-1,0,1,0,0,0,0,1,1,-1,6,1,33,6,1598,1,2,HYUNDAI TUCSON,5,E01006074,0,1
2024440406375,2024,440406375,2,9,0,18,19,5,1,0,0,8,0,0,0,0,1,1,6,6,1,55,8,1598,8,0,HYUNDAI TUCSON,9,E01014765,0,5
2024010503857,2024,010503857,1,9,0,9,9,3,1,0,0,2,5,10,1,7,1,1,2,2,1,39,7,1591,1,5,HYUNDAI TUCSON,6,E01003706,0,3
2024041416454,2024,041416454,1,9,0,-1,19,5,1,-1,0,1,0,0,0,0,1,1,-1,9,2,47,8,1598,1,3,HYUNDAI TUCSON,7,E01025301,0,1
2024211421096,2024,211421096,1,9,0,-1,12,2,6,-1,0,0,0,0,0,0,1,9,-1,6,1,51,8,1598,8,2,HYUNDAI TUCSON,1,E01014255,0,1
2024031399651,2024,031399651,2,9,0,-1,2,7,7,-1,0,0,0,0,0,0,2,1,-1,6,1,59,9,1598,1,1,HYUNDAI TUCSON,-1,-1,0,-1
2024501528771,2024,501528771,1,9,0,-1,19,5,1,-1,0,0,2,0,7,0,1,1,-1,1,1,55,8,1598,8,1,HYUNDAI TUCSON,9,E01022145,0,5
2024131513212,2024,131513212,1,9,0,-1,5,1,5,-1,0,2,0,0,0,0,1,1,-1,9,1,42,7,1591,1,4,HYUNDAI TUCSON,9,E01011568,0,1
2024991499778,2024,991499778,2,9,0,-1,4,3,7,-1,0,1,0,0,0,0,1,1,-1,9,2,55,8,1598,8,1,HYUNDAI TUCSON,-1,-1,0,-1
2024052400142,2024,052400142,1,9,0,18,19,3,7,0,0,0,0,0,0,0,1,1,1,1,1,30,6,1598,8,1,HYUNDAI TUCSON,2,E01006868,0,2
2024052400526,2024,052400526,1,9,0,9,9,3,1,0,0,1,0,0,0,0,1,1,1,1,3,-1,-1,1995,2,8,HYUNDAI TUCSON,-1,-1,0,-1
2024211492083,2024,211492083,2,9,0,-1,19,7,6,-1,0,0,0,0,0,0,4,1,-1,6,2,43,7,1598,1,2,HYUNDAI TUCSON,1,E01009756,0,2
2024141491213,2024,141491213,1,9,0,-1,19,5,7,-1,0,2,0,0,0,0,1,1,-1,6,1,48,8,1591,1,5,HYUNDAI TUCSON,8,E01007428,0,1
2024201511119,2024,201511119,2,9,0,-1,19,3,7,-1,0,8,0,0,0,0,1,1,-1,6,1,55,8,1685,2,8,HYUNDAI TUCSON,2,E01009123,0,2
2024421436429,2024,421436429,6,9,0,-1,19,5,1,-1,0,0,0,0,0,0,1,1,-1,9,1,31,6,1591,1,7,HYUNDAI TUCSON,4,E01002168,0,4
2024991455940,2024,991455940,1,9,0,-1,9,7,5,-1,0,6,0,0,1,0,1,1,-1,9,1,49,8,1598,8,0,HYUNDAI TUCSON,-1,-1,0,-1
2024421420726,2024,421420726,1,9,0,-1,19,7,7,-1,0,0,0,0,7,0,1,1,-1,6,1,36,7,1598,8,2,HYUNDAI TUCSON,5,E01002342,0,2
2024991444230,2024,991444230,3,9,0,-1,19,8,4,-1,0,1,0,0,0,0,1,1,-1,9,1,32,6,1685,2,7,HYUNDAI TUCSON,3,-1,0,3
2024991575086,2024,991575086,1,9,0,-1,5,3,7,-1,0,8,0,0,0,0,1,1,-1,2,1,38,7,1685,2,8,HYUNDAI TUCSON,9,-1,0,1
2024622400707,2024,622400707,2,9,0,18,19,6,1,0,0,8,0,0,0,0,2,1,6,6,1,45,7,1591,1,7,HYUNDAI TUCSON,1,W01001300,0,1
2024052401296,2024,052401296,1,9,0,9,9,2,8,0,0,8,0,0,0,0,1,1,6,6,1,35,6,1591,1,5,HYUNDAI TUCSON,3,E01006543,0,1
2024991444541,2024,991444541,3,9,0,-1,19,3,7,-1,0,0,0,0,0,0,1,9,-1,6,2,50,8,1685,2,7,HYUNDAI TUCSON,9,-1,0,4
2024461485501,2024,461485501,3,9,0,-1,19,7,3,-1,0,0,0,0,0,0,1,1,-1,9,2,66,10,1598,8,0,HYUNDAI TUCSON,6,E01024117,0,1
2024320323199,2024,320323199,2,9,0,-1,-1,2,6,0,0,0,0,0,0,0,3,1,-1,-1,2,37,7,1685,2,7,HYUNDAI TUCSON,3,E01026059,0,4
2024101447897,2024,101447897,2,9,0,-1,19,1,5,-1,0,0,0,0,0,0,3,1,-1,9,1,50,8,1598,8,3,HYUNDAI TUCSON,5,E01027500,0,4
2024411435095,2024,411435095,1,9,0,-1,4,6,2,-1,0,0,0,0,0,0,1,1,-1,9,1,55,8,1598,8,1,HYUNDAI TUCSON,8,E01022536,0,4
2024161395908,2024,161395908,2,9,0,-1,19,6,2,-1,0,0,0,4,0,0,4,9,-1,6,2,35,6,1685,2,8,HYUNDAI TUCSON,2,E01012795,0,1
2024401545136,2024,401545136,2,9,0,-1,4,1,5,-1,0,0,0,0,0,0,1,1,-1,6,2,50,8,1598,8,0,HYUNDAI TUCSON,10,E01023887,0,4
2024461456937,2024,461456937,1,9,0,-1,10,5,6,-1,0,1,0,0,0,0,4,9,-1,9,2,63,9,1598,8,1,HYUNDAI TUCSON,2,E01024549,0,1
2024991512725,2024,991512725,1,9,0,-1,19,5,1,-1,0,1,0,4,0,0,1,1,-1,6,1,44,7,1685,2,7,HYUNDAI TUCSON,2,-1,0,1
2024010524089,2024,010524089,4,9,0,18,19,7,3,0,0,2,0,0,0,0,2,1,6,6,1,68,10,1598,8,1,HYUNDAI TUCSON,3,E01021598,0,4
2024471458822,2024,471458822,1,9,0,-1,19,7,3,-1,0,0,5,0,0,0,4,1,-1,9,1,66,10,1598,8,2,HYUNDAI TUCSON,9,E01021161,0,2
2024451460637,2024,451460637,2,9,0,-1,4,3,7,-1,0,0,0,0,0,0,2,1,-1,9,2,42,7,1591,1,5,HYUNDAI TUCSON,10,E01030425,0,1
2024201464692,2024,201464692,2,9,0,-1,19,6,2,-1,0,1,0,0,0,0,2,1,-1,9,2,59,9,1598,1,0,HYUNDAI TUCSON,2,E01009992,0,1
2024461404235,2024,461404235,2,9,0,-1,19,7,3,-1,0,1,0,0,0,0,3,9,-1,6,1,57,9,1598,8,3,HYUNDAI TUCSON,10,E01000325,0,4
2024531424700,2024,531424700,1,9,0,-1,19,1,5,-1,0,0,0,0,2,9,1,1,-1,9,1,36,7,1991,2,18,HYUNDAI TUCSON,5,E01022218,0,3
2024552400668,2024,552400668,1,9,0,8,8,2,4,0,0,6,0,0,0,0,3,1,2,2,2,49,8,1995,2,7,HYUNDAI TUCSON,7,E01020509,0,1
2024522500239,2024,522500239,3,9,0,3,3,3,7,0,0,0,0,0,0,0,2,1,6,6,2,34,6,1685,2,8,HYUNDAI TUCSON,-1,-1,0,-1
2024421503105,2024,421503105,2,9,0,-1,19,8,4,-1,0,8,0,0,0,0,3,1,-1,9,2,36,7,1591,1,6,HYUNDAI TUCSON,6,E01015816,0,1
2024522403452,2024,522403452,1,9,0,18,19,6,2,0,0,0,0,0,0,0,1,1,6,6,2,57,9,1598,8,1,HYUNDAI TUCSON,9,E01014993,0,1
2024061479574,2024,061479574,1,8,0,-1,9,7,5,-1,0,2,0,0,0,0,1,1,-1,1,1,53,8,1598,8,2,HYUNDAI TUCSON,4,E01006110,0,1
2024201510074,2024,201510074,4,9,0,-1,19,2,6,-1,0,0,0,0,0,0,2,1,-1,6,-1,-1,-1,1598,1,3,HYUNDAI TUCSON,-1,-1,0,-1
2024010504503,2024,010504503,2,9,0,2,2,0,0,0,0,1,0,4,0,0,1,1,6,6,3,-1,-1,1598,8,2,HYUNDAI TUCSON,-1,-1,0,-1
2024451435989,2024,451435989,1,9,0,-1,5,5,1,-1,0,0,0,0,0,0,3,1,-1,7,2,43,7,1598,8,2,HYUNDAI TUCSON,10,E01030774,0,1
2024052400992,2024,052400992,2,9,0,12,12,5,3,0,0,1,0,0,0,0,1,1,6,6,2,59,9,1685,2,7,HYUNDAI TUCSON,1,E01006776,0,1
2024201438240,2024,201438240,1,9,0,-1,19,7,3,-1,0,0,0,0,0,0,1,9,-1,6,1,80,11,1991,2,16,HYUNDAI TUCSON,1,E01010401,0,1
2024411556405,2024,411556405,2,9,0,-1,19,2,6,-1,0,0,0,0,0,0,3,1,-1,9,1,73,10,1591,1,7,HYUNDAI TUCSON,6,E01023845,0,2
2024010525143,2024,010525143,2,9,0,9,9,4,1,0,0,0,0,0,0,0,1,1,6,6,1,43,7,1591,1,6,HYUNDAI TUCSON,-1,-1,0,-1
2024520403296,2024,520403296,2,9,0,18,19,4,8,0,0,8,0,0,0,0,1,1,6,6,1,53,8,1598,-1,4,HYUNDAI TUCSON,7,E01029192,0,2
2024041441388,2024,041441388,2,9,0,-1,19,7,3,-1,0,0,0,0,0,0,1,1,-1,6,1,25,5,1685,2,8,HYUNDAI TUCSON,7,E01025096,0,2
2024610020024,2024,610020024,3,9,0,5,5,4,8,0,0,1,0,0,0,0,3,1,6,6,1,67,10,1591,1,5,HYUNDAI TUCSON,7,W01001499,0,1
2024501494961,2024,501494961,2,9,0,-1,19,7,3,-1,0,8,0,0,0,0,1,1,-1,9,1,38,7,1685,2,8,HYUNDAI TUCSON,5,E01019043,0,3
2024461477600,2024,461477600,2,9,0,-1,19,7,3,-1,0,0,0,0,0,0,3,9,-1,6,1,33,6,1591,1,6,HYUNDAI TUCSON,5,E01024345,0,1
2024010506437,2024,010506437,1,9,9,99,99,9,9,99,99,9,0,99,9,99,9,9,6,6,3,-1,-1,1598,8,1,HYUNDAI TUCSON,-1,-1,0,-1
2024461531483,2024,461531483,1,9,0,-1,19,6,2,-1,0,0,0,0,0,0,1,1,-1,2,1,43,7,1591,1,4,HYUNDAI TUCSON,4,E01034986,0,1
2024461536410,2024,461536410,1,9,0,-1,19,1,3,-1,0,1,0,0,0,0,1,1,-1,2,1,59,9,1598,8,0,HYUNDAI TUCSON,5,E01033791,0,1
2024421423246,2024,421423246,2,9,0,-1,19,2,4,-1,0,1,0,0,0,0,1,1,-1,1,1,50,8,1685,2,7,HYUNDAI TUCSON,7,E01021952,0,1
2024131399230,2024,131399230,3,9,0,-1,2,0,0,-1,1,0,0,0,0,0,2,1,-1,6,-1,-1,-1,1598,8,2,HYUNDAI TUCSON,-1,-1,0,-1
2024332400833,2024,332400833,1,9,0,-1,4,1,5,-1,0,0,0,0,0,0,3,1,-1,9,1,62,9,1591,1,6,HYUNDAI TUCSON,7,E01025937,0,1
2024461455426,2024,461455426,1,9,0,-1,19,8,4,-1,0,0,0,0,0,0,1,1,-1,7,2,33,6,1685,2,8,HYUNDAI TUCSON,5,E01024520,0,1
2024991450457,2024,991450457,2,9,0,-1,19,3,7,-1,0,1,0,0,0,0,3,1,-1,9,2,54,8,1598,1,1,HYUNDAI TUCSON,4,-1,0,1
2024461402710,2024,461402710,1,9,0,-1,19,1,5,-1,0,0,0,0,0,0,4,1,-1,6,2,46,8,1685,2,7,HYUNDAI TUCSON,7,E01032817,0,1
2024471461893,2024,471461893,1,9,0,-1,7,1,4,-1,0,1,0,0,0,0,1,1,-1,6,1,61,9,1598,8,0,HYUNDAI TUCSON,3,E01016975,0,1
2024061479366,2024,061479366,2,9,0,-1,4,3,7,-1,0,1,0,0,0,0,3,1,-1,9,2,37,7,1685,2,7,HYUNDAI TUCSON,7,E01005771,0,1
2024052400352,2024,052400352,1,9,0,18,19,8,4,0,0,0,0,0,0,0,1,1,6,6,1,31,6,1598,8,1,HYUNDAI TUCSON,4,E01005630,0,4
2024461520783,2024,461520783,2,9,0,-1,4,4,8,-1,0,0,0,0,0,0,2,1,-1,6,3,78,11,1598,8,0,HYUNDAI TUCSON,10,E01024443,0,2
2024320409419,2024,320409419,1,9,0,7,7,2,4,0,0,6,0,0,0,0,1,1,-1,-1,1,76,11,1598,8,1,HYUNDAI TUCSON,7,E01033394,0,3
2024041533195,2024,041533195,2,9,0,-1,19,5,1,-1,1,0,0,0,0,0,1,1,-1,9,2,50,8,1598,8,2,HYUNDAI TUCSON,10,E01006367,0,1
2024451400107,2024,451400107,1,9,0,-1,7,1,5,-1,0,5,0,0,0,0,1,1,-1,7,1,34,6,1991,2,18,HYUNDAI TUCSON,5,E01030433,0,1
2024041419512,2024,041419512,2,9,0,-1,19,3,7,-1,0,0,0,0,0,0,1,1,-1,9,2,57,9,1995,2,7,HYUNDAI TUCSON,10,E01025158,0,1
2024101475276,2024,101475276,2,9,0,-1,4,3,7,-1,0,0,0,0,0,0,2,1,-1,6,1,35,6,1598,1,1,HYUNDAI TUCSON,8,E01025489,0,5
2024991470986,2024,991470986,2,9,0,-1,19,6,2,-1,9,0,1,0,0,0,1,1,-1,9,1,60,9,1598,1,2,HYUNDAI TUCSON,8,-1,0,1
2024361433663,2024,361433663,2,9,0,-1,4,1,5,-1,0,0,0,0,0,0,2,1,-1,6,1,66,10,1598,8,2,HYUNDAI TUCSON,2,E01015668,0,4
2024549093824,2024,549093824,2,9,0,4,4,7,3,0,0,0,0,0,0,0,2,1,6,6,2,56,9,1598,8,2,HYUNDAI TUCSON,8,E01002930,0,5
2024101493737,2024,101493737,2,9,0,-1,3,8,4,-1,0,1,0,0,0,0,3,1,-1,9,1,50,8,1598,1,2,HYUNDAI TUCSON,4,E01008779,0,2
2024440101722,2024,440101722,1,9,0,18,19,4,8,0,0,8,0,0,0,0,1,1,2,2,1,24,5,1991,2,15,HYUNDAI TUCSON,10,E01016267,0,3
2024991522943,2024,991522943,1,9,0,-1,2,0,0,-1,0,0,0,0,0,0,3,1,-1,9,1,60,9,1598,1,3,HYUNDAI TUCSON,9,-1,0,2
2024131520006,2024,131520006,1,9,0,-1,19,7,3,-1,0,0,0,0,0,0,1,1,-1,6,2,60,9,1598,1,2,HYUNDAI TUCSON,10,E01011088,0,2
2024451483205,2024,451483205,2,9,0,-1,19,7,3,-1,0,2,0,0,0,0,2,2,-1,1,1,31,6,1591,1,4,HYUNDAI TUCSON,7,E01030741,0,1
2024411493959,2024,411493959,2,9,0,-1,4,5,1,-1,0,0,0,0,0,0,2,1,-1,9,1,55,8,1685,2,8,HYUNDAI TUCSON,10,E01023617,0,1
2024052400769,2024,052400769,1,9,0,5,5,5,7,0,0,4,0,0,0,0,3,1,6,6,2,-1,-1,1598,8,2,HYUNDAI TUCSON,6,E01007307,0,2
2024421432135,2024,421432135,1,9,0,-1,19,5,8,-1,0,8,0,0,0,0,1,1,-1,9,1,82,11,1685,2,9,HYUNDAI TUCSON,9,E01022013,0,2
2024332400602,2024,332400602,3,9,0,-1,19,5,1,-1,0,8,0,0,0,0,1,1,-1,6,2,37,7,1598,12,4,HYUNDAI TUCSON,8,E01025692,0,1
2024430445985,2024,430445985,3,9,0,2,2,0,0,0,0,1,0,0,0,0,3,1,6,6,3,-1,-1,1685,2,8,HYUNDAI TUCSON,-1,-1,0,-1
2024111503881,2024,111503881,1,9,0,-1,19,2,6,-1,0,0,0,0,0,0,1,1,-1,6,3,30,6,1591,1,3,HYUNDAI TUCSON,-1,-1,0,-1
2024010487919,2024,010487919,1,9,0,18,19,4,8,0,0,7,5,0,0,0,1,1,6,6,1,23,5,1598,1,1,HYUNDAI TUCSON,-1,-1,0,-1
2024991451992,2024,991451992,2,9,0,-1,19,4,8,-1,0,0,2,6,1,1,4,1,-1,9,2,60,9,1598,8,0,HYUNDAI TUCSON,-1,-1,0,-1
2024440242636,2024,440242636,3,9,0,18,19,1,5,0,0,0,0,0,0,0,1,1,6,6,1,40,7,1598,2,5,HYUNDAI TUCSON,2,E01017219,0,1
2024451434132,2024,451434132,2,9,0,-1,19,3,7,-1,0,0,0,0,7,10,1,1,-1,9,1,51,8,1598,8,1,HYUNDAI TUCSON,10,E01031691,0,4
2024320750906,2024,320750906,2,9,0,-1,-1,4,8,0,0,8,0,0,0,0,1,1,6,6,1,62,9,1598,8,0,HYUNDAI TUCSON,2,E01000008,0,5
2024631459144,2024,631459144,1,9,0,-1,12,4,8,-1,0,0,0,0,0,0,3,1,-1,9,2,73,10,1685,2,7,HYUNDAI TUCSON,6,W01000524,0,4
2024010548956,2024,010548956,2,9,0,18,19,5,1,0,0,1,0,0,0,0,1,1,6,6,1,34,6,1598,8,0,HYUNDAI TUCSON,1,E01000643,0,1
2024061435295,2024,061435295,1,9,0,-1,10,-1,-1,-1,0,-1,0,0,0,0,1,1,-1,6,3,-1,-1,1598,8,0,HYUNDAI TUCSON,-1,-1,0,-1
2024302401773,2024,302401773,2,9,0,-1,2,0,0,-1,0,0,0,0,0,0,0,1,-1,7,3,-1,-1,1598,-1,5,HYUNDAI TUCSON,-1,-1,0,-1
2024421512023,2024,421512023,1,9,0,-1,2,3,7,-1,9,0,0,0,0,0,0,1,-1,6,2,-1,-1,1591,1,5,HYUNDAI TUCSON,-1,-1,0,-1
2024221450104,2024,221450104,1,9,0,-1,5,2,6,-1,0,6,0,0,0,0,4,1,-1,6,1,43,7,1598,8,1,HYUNDAI TUCSON,7,E01022401,0,4
2024052400817,2024,052400817,1,9,0,1,1,3,7,0,0,1,0,0,0,0,2,1,6,6,1,-1,-1,1598,8,1,HYUNDAI TUCSON,5,E01006553,0,1
2024430446981,2024,430446981,1,9,0,18,19,4,8,0,0,0,1,12,1,4,1,1,1,1,2,34,6,1598,8,3,HYUNDAI TUCSON,7,E01028474,0,2
2024201517285,2024,201517285,1,9,0,-1,9,5,2,-1,0,6,1,0,0,0,3,1,-1,9,1,32,6,1591,1,6,HYUNDAI TUCSON,1,E01033894,0,1
2024440534311,2024,440534311,1,9,0,5,5,2,6,0,0,6,0,0,0,0,3,1,6,6,2,55,8,1591,1,5,HYUNDAI TUCSON,-1,-1,0,-1
2024549181924,2024,549181924,2,9,0,13,13,7,3,0,0,0,0,0,0,0,0,1,6,6,1,33,6,1598,8,1,HYUNDAI TUCSON,5,E01031952,0,2
2024451526223,2024,451526223,2,9,0,-1,19,7,3,-1,0,0,0,0,0,0,1,1,-1,9,2,62,9,1598,8,3,HYUNDAI TUCSON,9,E01030975,0,2
2024461502259,2024,461502259,2,9,0,-1,10,4,2,-1,0,1,0,0,0,0,3,1,-1,6,1,38,7,1598,8,1,HYUNDAI TUCSON,7,E01024316,0,1
2024361476812,2024,361476812,2,9,0,-1,19,5,7,-1,0,0,0,0,0,0,4,1,-1,9,2,35,6,1598,1,0,HYUNDAI TUCSON,5,E01026712,0,1
2024041535431,2024,041535431,1,9,0,-1,5,3,7,-1,0,1,0,0,0,0,1,1,-1,1,1,46,8,1591,1,3,HYUNDAI TUCSON,6,E01034342,0,1
2024161414385,2024,161414385,2,9,0,-1,9,5,3,-1,0,8,0,0,0,0,4,1,-1,6,1,72,10,1598,1,2,HYUNDAI TUCSON,1,E01013208,0,1
2024131424312,2024,131424312,2,9,0,-1,19,1,5,-1,0,1,2,0,0,0,4,1,-1,9,1,31,6,1598,1,1,HYUNDAI TUCSON,4,E01011921,0,1
2024010542166,2024,010542166,1,9,0,9,9,3,8,0,0,5,0,0,0,0,3,1,2,2,1,28,6,1598,8,1,HYUNDAI TUCSON,7,E01001204,0,1
2024311493251,2024,311493251,2,9,0,-1,19,6,2,-1,0,0,0,0,0,0,3,1,-1,6,1,48,8,1598,8,1,HYUNDAI TUCSON,4,E01027945,0,1
2024401498578,2024,401498578,3,9,0,-1,4,5,1,-1,0,0,0,0,0,0,2,1,-1,9,1,34,6,1598,8,0,HYUNDAI TUCSON,2,E01035708,0,4
2024010506566,2024,010506566,1,9,0,18,19,7,3,0,0,1,0,0,0,0,1,2,6,6,1,41,7,1598,8,1,HYUNDAI TUCSON,6,E01024180,0,3
2024440338418,2024,440338418,1,9,0,13,13,6,2,0,0,0,0,0,0,0,3,1,1,1,2,41,7,1591,1,5,HYUNDAI TUCSON,9,E01022763,0,2
2024471434571,2024,471434571,3,9,0,-1,19,1,5,-1,0,8,0,0,0,0,1,1,-1,6,2,41,7,1591,1,6,HYUNDAI TUCSON,9,E01031395,0,1
2024061414165,2024,061414165,1,9,-1,-1,-1,-1,-1,-1,-1,-1,-1,-1,-1,0,-1,9,-1,6,3,-1,-1,1598,1,2,HYUNDAI TUCSON,4,E01005821,0,1
2024201526764,2024,201526764,2,9,0,-1,9,3,1,-1,0,5,0,0,0,0,2,1,-1,9,2,59,9,1598,1,0,HYUNDAI TUCSON,2,E01009515,0,1
2024311428375,2024,311428375,1,9,0,-1,9,7,5,-1,0,5,0,0,0,0,1,1,-1,6,2,37,7,1591,1,4,HYUNDAI TUCSON,-1,-1,0,-1
2024070935934,2024,070935934,1,9,0,-1,19,1,5,-1,0,0,0,0,0,0,1,1,-1,7,1,47,8,1591,1,6,HYUNDAI TUCSON,5,E01018504,0,1
2024451466997,2024,451466997,2,9,0,-1,2,6,3,-1,0,1,0,0,0,0,1,1,-1,9,1,44,7,1598,1,6,HYUNDAI TUCSON,9,E01030978,0,1