collision_index,collision_year,collision_ref_no,vehicle_reference,vehicle_type,towing_and_articulation,vehicle_manoeuvre_historic,vehicle_manoeuvre,vehicle_direction_from,vehicle_direction_to,vehicle_location_restricted_lane_historic,vehicle_location_restricted_lane,junction_location,skidding_and_overturning,hit_object_in_carriageway,vehicle_leaving_carriageway,hit_object_off_carriageway,first_point_of_impact,vehicle_left_hand_drive,journey_purpose_of_driver_historic,journey_purpose_of_driver,sex_of_driver,age_of_driver,age_band_of_driver,engine_capacity_cc,propulsion_code,age_of_vehicle,generic_make_model,driver_imd_decile,lsoa_of_driver,escooter_flag,driver_distance_banding
2024361455137,2024,361455137,2,9,0,-1,19,1,5,-1,0,8,0,0,0,0,1,1,-1,9,1,36,7,1991,2,15,HYUNDAI TUCSON,2,E01026600,0,1
2024991484364,2024,991484364,2,9,0,-1,5,1,4,-1,0,1,0,0,0,0,1,1,-1,1,2,40,7,1591,1,6,HYUNDAI TUCSON,9,-1,0,4
2024401417150,2024,401417150,2,9,0,-1,9,5,1,-1,0,8,0,0,0,0,3,1,-1,6,2,62,9,1591,1,8,HYUNDAI TUCSON,4,E01015711,0,1
2024430591184,2024,430591184,1,9,0,18,19,2,6,0,0,8,1,0,0,0,4,1,6,6,2,49,8,1591,1,6,HYUNDAI TUCSON,2,E01034455,0,3
2024430624143,2024,430624143,1,9,0,18,19,2,6,0,0,0,0,0,0,0,4,1,2,2,1,42,7,1598,8,2,HYUNDAI TUCSON,8,E01016703,0,4
2024430124054,2024,430124054,1,9,0,4,4,2,6,0,0,0,0,0,0,0,1,1,6,6,1,-1,-1,1598,1,3,HYUNDAI TUCSON,-1,-1,0,-1
2024010550652,2024,010550652,2,9,0,99,99,9,9,99,99,9,9,99,9,99,0,9,6,6,3,-1,-1,1598,8,1,HYUNDAI TUCSON,5,E01030719,0,3
2024622400199,2024,622400199,2,9,0,18,19,6,2,0,0,0,0,0,0,0,3,1,6,6,1,53,8,1598,1,1,HYUNDAI TUCSON,1,W01000962,0,1
2024161423095,2024,161423095,2,9,0,-1,19,1,5,-1,0,0,0,0,0,0,4,9,-1,6,1,67,10,1685,2,8,HYUNDAI TUCSON,3,E01034753,0,1
2024411422358,2024,411422358,1,9,0,-1,19,2,3,-1,0,0,0,0,0,0,2,1,-1,6,1,38,7,1685,2,7,HYUNDAI TUCSON,10,E01026908,0,5
2024411533979,2024,411533979,2,9,0,-1,19,7,3,-1,0,1,0,0,0,0,3,1,-1,6,2,53,8,1598,8,3,HYUNDAI TUCSON,10,E01033024,0,1
2024471492495,2024,471492495,1,9,0,-1,19,1,6,-1,0,8,0,0,0,0,4,1,-1,9,1,56,9,1598,8,2,HYUNDAI TUCSON,6,E01031402,0,1
2024010548674,2024,010548674,1,9,0,9,9,2,8,0,0,8,0,0,0,0,1,1,6,6,2,43,7,1591,1,7,HYUNDAI TUCSON,8,E01002340,0,1
2024340NN2562,2024,340NN2562,1,9,0,-1,19,3,7,-1,0,8,0,0,0,0,1,1,-1,9,1,39,7,1598,8,2,HYUNDAI TUCSON,-1,-1,0,-1
2024211490849,2024,211490849,1,9,0,-1,5,3,7,-1,0,0,0,0,0,0,1,1,-1,9,2,40,7,1995,2,8,HYUNDAI TUCSON,3,E01034059,0,1
2024302400138,2024,302400138,1,9,0,7,7,4,8,0,0,6,0,0,0,0,1,1,6,6,1,59,9,1598,8,2,HYUNDAI TUCSON,4,E01013458,0,1
2024010495453,2024,010495453,2,9,0,9,9,5,3,0,0,6,0,0,0,0,1,1,2,2,2,46,8,1591,1,6,HYUNDAI TUCSON,2,E01001001,0,1
2024991454652,2024,991454652,1,9,0,-1,10,6,4,-1,0,1,5,0,0,0,4,1,-1,9,1,38,7,1598,8,0,HYUNDAI TUCSON,-1,-1,0,-1
2024544289224,2024,544289224,1,9,0,18,19,1,5,0,0,1,0,0,0,0,1,1,6,6,1,54,8,1591,1,5,HYUNDAI TUCSON,8,E01031873,0,3
2024010498204,2024,010498204,1,9,0,99,99,9,9,99,99,9,9,99,9,99,9,9,6,6,2,42,7,1598,8,1,HYUNDAI TUCSON,2,E01001056,0,1
2024371467790,2024,371467790,2,9,0,-1,4,-1,-1,-1,0,0,0,0,0,0,1,1,-1,6,1,80,11,1591,1,7,HYUNDAI TUCSON,7,E01029902,0,1
2024201535342,2024,201535342,2,9,0,-1,19,4,8,-1,0,1,0,0,0,0,2,1,-1,6,1,33,6,1598,1,3,HYUNDAI TUCSON,-1,-1,0,-1
2024622400328,2024,622400328,3,9,0,4,4,4,8,0,0,0,0,0,0,0,2,1,2,2,1,38,7,1598,8,3,HYUNDAI TUCSON,4,W01001013,0,1
2024320360857,2024,320360857,1,9,0,-1,-1,3,7,0,0,4,0,0,0,0,1,1,6,6,2,44,7,1598,1,2,HYUNDAI TUCSON,-1,-1,0,-1
2024440529640,2024,440529640,1,9,0,9,9,1,7,0,0,8,0,0,0,0,4,1,1,1,1,-1,-1,1598,8,0,HYUNDAI TUCSON,-1,-1,0,-1
2024061501954,2024,061501954,2,9,0,-1,19,-1,-1,-1,0,1,0,0,0,0,0,1,-1,6,3,-1,-1,1975,1,18,HYUNDAI TUCSON,-1,-1,0,-1
2024311485815,2024,311485815,2,9,0,-1,2,0,0,-1,9,0,0,0,0,0,2,1,-1,6,-1,-1,-1,1685,2,7,HYUNDAI TUCSON,-1,-1,0,-1
2024351435633,2024,351435633,2,9,0,-1,19,6,2,-1,0,1,1,7,0,0,1,1,-1,6,1,62,9,1685,2,8,HYUNDAI TUCSON,4,E01003793,0,5
2024471492225,2024,471492225,1,9,0,-1,7,2,3,-1,0,2,0,0,0,0,1,1,-1,6,2,47,8,1598,1,2,HYUNDAI TUCSON,4,E01016951,0,1
2024421512315,2024,421512315,5,9,0,-1,3,6,7,-1,0,4,0,0,0,0,3,1,-1,9,1,55,8,1598,1,1,HYUNDAI TUCSON,5,E01033459,0,1
2024451518969,2024,451518969,2,9,0,-1,11,7,3,-1,0,0,0,0,0,0,1,1,-1,2,1,39,7,1591,1,8,HYUNDAI TUCSON,8,E01030384,0,3
2024401490548,2024,401490548,2,9,0,-1,2,0,0,-1,0,2,0,0,0,0,3,1,-1,6,-1,-1,-1,1591,1,5,HYUNDAI TUCSON,-1,-1,0,-1
2024041426261,2024,041426261,1,9,0,-1,9,5,1,-1,0,1,0,0,0,0,3,1,-1,9,2,27,6,1591,1,6,HYUNDAI TUCSON,9,E01018494,0,4
2024461405609,2024,461405609,1,9,0,-1,5,1,1,-1,4,1,0,0,0,0,1,9,-1,2,1,57,9,1598,8,2,HYUNDAI TUCSON,1,E01024616,0,1
2024501445721,2024,501445721,4,9,0,-1,2,0,0,-1,0,1,0,0,0,0,1,1,-1,6,-1,-1,-1,1685,2,9,HYUNDAI TUCSON,-1,-1,0,-1
2024501526359,2024,501526359,1,9,0,-1,4,3,7,-1,0,0,0,0,0,0,2,1,-1,9,2,21,5,1598,1,0,HYUNDAI TUCSON,3,E01015094,0,1
2024440502955,2024,440502955,4,9,0,18,19,5,1,0,0,0,0,0,0,0,1,1,6,6,1,81,11,1598,8,3,HYUNDAI TUCSON,6,E01022858,0,2
2024991477432,2024,991477432,2,9,0,-1,19,5,2,-1,0,0,0,0,1,10,3,1,-1,9,2,30,6,1598,2,5,HYUNDAI TUCSON,8,-1,0,4
2024501473140,2024,501473140,3,9,0,-1,19,2,6,-1,0,0,0,0,0,0,2,1,-1,9,2,48,8,1591,1,4,HYUNDAI TUCSON,4,E01018922,0,3
2024461430307,2024,461430307,2,9,0,-1,19,5,1,-1,0,0,0,0,0,0,2,9,-1,9,2,32,6,1598,8,2,HYUNDAI TUCSON,2,E01016152,0,1
202454E580024,2024,54E580024,3,9,0,18,19,3,7,0,0,1,0,0,0,0,1,1,2,2,1,66,10,1598,8,0,HYUNDAI TUCSON,10,E01031929,0,4
2024131404969,2024,131404969,1,9,0,-1,3,1,1,-1,0,0,0,0,0,0,2,1,-1,6,2,48,8,1598,1,1,HYUNDAI TUCSON,2,E01011421,0,2
2024221486206,2024,221486206,3,9,0,-1,19,8,3,-1,0,0,0,0,0,0,1,1,-1,6,1,61,9,1591,1,6,HYUNDAI TUCSON,4,E01028828,0,2
2024351471533,2024,351471533,2,9,0,-1,19,3,7,-1,0,0,5,0,7,0,1,1,-1,6,1,61,9,1591,1,5,HYUNDAI TUCSON,1,E01027310,0,4
2024131498285,2024,131498285,2,9,0,-1,4,2,6,-1,0,8,0,0,0,0,2,1,-1,9,1,67,10,1685,2,6,HYUNDAI TUCSON,1,E01011559,0,1
2024061427623,2024,061427623,2,9,0,-1,11,-1,-1,-1,0,3,0,0,0,0,1,1,-1,6,3,-1,-1,1591,1,6,HYUNDAI TUCSON,-1,-1,0,-1
2024041486552,2024,041486552,2,9,0,-1,19,7,3,-1,0,0,0,0,0,0,1,1,-1,9,1,43,7,1685,2,7,HYUNDAI TUCSON,9,E01025008,0,2
2024201413944,2024,201413944,1,9,0,-1,7,3,6,-1,0,0,0,0,2,0,1,1,-1,6,1,18,4,1685,2,7,HYUNDAI TUCSON,-1,-1,0,-1
2024010531960,2024,010531960,1,9,9,99,99,9,9,99,99,9,9,99,9,99,9,9,6,6,3,-1,-1,1591,1,5,HYUNDAI TUCSON,4,E01002805,0,1
2024221484834,2024,221484834,3,9,0,-1,19,1,5,-1,0,0,0,0,1,0,1,1,-1,9,1,57,9,1598,8,0,HYUNDAI TUCSON,1,E01013995,0,3
2024631394277,2024,631394277,1,9,0,-1,19,2,6,-1,0,0,5,4,0,0,1,1,-1,2,1,62,9,1598,1,1,HYUNDAI TUCSON,7,W01000735,0,1
2024340NN1912,2024,340NN1912,1,9,0,-1,14,3,7,-1,0,0,0,0,0,0,1,1,-1,6,2,-1,-1,1598,8,2,HYUNDAI TUCSON,-1,-1,0,-1
2024401529324,2024,401529324,3,9,0,-1,4,4,8,-1,0,0,0,0,0,0,2,1,-1,6,1,36,7,1591,1,5,HYUNDAI TUCSON,10,E01032982,0,4
2024461485287,2024,461485287,2,9,0,-1,3,5,1,-1,0,0,0,0,0,0,2,9,-1,6,1,44,7,1598,1,1,HYUNDAI TUCSON,7,E01024380,0,4
2024631514879,2024,631514879,1,9,0,-1,9,6,4,-1,9,5,0,0,0,0,3,1,-1,1,1,53,8,1685,2,8,HYUNDAI TUCSON,9,W01000432,0,3
2024221425056,2024,221425056,1,9,0,-1,4,3,7,-1,0,1,0,0,0,0,2,9,-1,6,2,67,10,1591,1,5,HYUNDAI TUCSON,6,E01028961,0,3
2024501422444,2024,501422444,2,9,0,-1,19,4,8,-1,0,0,1,0,0,0,1,1,-1,6,1,29,6,1591,1,7,HYUNDAI TUCSON,6,E01020243,0,1
2024991464609,2024,991464609,1,9,0,-1,19,2,6,-1,0,1,0,0,0,0,1,1,-1,9,2,80,11,1591,1,6,HYUNDAI TUCSON,8,-1,0,2
2024471413414,2024,471413414,1,9,0,-1,19,8,4,-1,0,0,2,0,7,11,1,1,-1,7,1,45,7,1685,2,7,HYUNDAI TUCSON,10,E01031729,0,1
2024991496153,2024,991496153,1,9,0,-1,5,5,1,-1,-1,0,0,0,0,0,3,1,-1,9,2,38,7,1591,1,7,HYUNDAI TUCSON,2,-1,0,1
2024461479919,2024,461479919,1,9,0,-1,9,1,2,-1,0,0,0,0,0,0,4,1,-1,9,2,40,7,1685,2,7,HYUNDAI TUCSON,4,E01024031,0,1
2024991518213,2024,991518213,2,9,0,-1,4,2,6,-1,0,6,0,0,0,0,2,1,-1,9,1,47,8,1598,1,0,HYUNDAI TUCSON,-1,-1,0,-1
2024340WN5952,2024,340WN5952,1,9,0,-1,19,1,5,-1,0,8,0,0,0,0,1,1,-1,6,1,-1,-1,1598,8,0,HYUNDAI TUCSON,-1,-1,0,-1
2024201427527,2024,201427527,2,9,0,-1,19,1,5,-1,0,8,0,0,0,0,1,9,-1,1,2,49,8,1591,1,5,HYUNDAI TUCSON,1,E01010033,0,3
2024201517309,2024,201517309,5,9,0,-1,2,0,0,-1,9,8,0,0,0,0,2,1,-1,6,-1,-1,-1,1598,8,1,HYUNDAI TUCSON,-1,-1,0,-1
2024440135652,2024,440135652,2,9,0,18,19,4,8,0,0,0,2,0,5,6,1,1,6,6,1,58,9,1598,8,1,HYUNDAI TUCSON,2,E01022901,0,2
2024520001444,2024,520001444,1,10,0,4,4,-1,-1,0,0,0,0,0,0,0,1,1,6,6,2,39,7,-1,-1,-1,HYUNDAI TUCSON,7,E01032110,0,3
2024122500421,2024,122500421,1,9,0,17,19,1,3,0,0,8,0,0,0,0,3,1,1,1,1,65,9,1591,1,5,HYUNDAI TUCSON,4,E01013416,0,1
2024010545230,2024,010545230,2,9,0,2,2,0,0,9,9,2,0,0,0,0,1,1,6,6,3,-1,-1,1591,1,5,HYUNDAI TUCSON,-1,-1,0,-1
2024421528935,2024,421528935,1,9,0,-1,19,8,4,-1,0,1,0,0,0,0,1,1,-1,9,2,45,7,1685,2,8,HYUNDAI TUCSON,4,E01021777,0,1
2024421525386,2024,421525386,2,9,0,-1,19,3,7,-1,0,0,0,0,0,0,3,1,-1,9,2,59,9,1598,8,1,HYUNDAI TUCSON,7,E01021343,0,4
2024461424027,2024,461424027,1,9,0,-1,19,8,4,-1,0,8,0,0,0,0,3,1,-1,6,2,28,6,1591,1,5,HYUNDAI TUCSON,5,E01024179,0,1
2024141529363,2024,141529363,3,9,0,-1,19,1,5,-1,0,0,0,0,0,0,2,1,-1,2,2,40,7,1591,1,6,HYUNDAI TUCSON,1,E01007492,0,3
2024610025224,2024,610025224,1,9,0,18,19,7,3,0,0,4,0,0,0,0,2,1,6,6,1,18,4,1975,1,18,HYUNDAI TUCSON,2,W01001529,0,3
2024052401048,2024,052401048,1,9,0,18,19,7,3,0,0,0,5,0,3,11,1,1,6,6,2,33,6,1685,2,7,HYUNDAI TUCSON,1,E01006677,0,1
2024010546336,2024,010546336,1,9,0,3,3,7,3,0,0,0,0,0,0,0,3,1,6,6,1,39,7,1591,1,5,HYUNDAI TUCSON,8,E01002819,0,1
2024522403065,2024,522403065,3,9,0,3,3,1,5,0,0,8,0,0,0,0,2,1,6,6,1,32,6,1591,1,6,HYUNDAI TUCSON,9,E01034527,0,4
2024211519984,2024,211519984,1,9,0,-1,19,5,1,-1,0,0,0,0,0,0,1,1,-1,1,1,19,4,1598,8,0,HYUNDAI TUCSON,-1,-1,0,-1
2024332401189,2024,332401189,1,9,0,-1,9,3,1,-1,0,3,0,0,0,0,4,1,-1,9,1,43,7,1598,2,6,HYUNDAI TUCSON,7,E01025848,0,2
2024010540404,2024,010540404,1,9,0,99,99,9,9,99,99,9,9,99,9,99,2,9,6,6,1,39,7,1591,1,6,HYUNDAI TUCSON,7,E01001566,0,1
2024201419874,2024,201419874,1,9,0,-1,5,4,8,-1,9,6,0,0,0,0,4,1,-1,2,1,61,9,1991,2,19,HYUNDAI TUCSON,-1,-1,0,-1
2024991478280,2024,991478280,1,9,0,-1,19,3,7,-1,0,0,0,0,0,0,1,1,-1,9,2,36,7,1598,8,1,HYUNDAI TUCSON,4,-1,0,3
2024201533753,2024,201533753,2,9,0,-1,19,5,1,-1,0,0,0,0,0,0,2,1,-1,2,1,47,8,1685,2,8,HYUNDAI TUCSON,8,E01013783,0,4
2024451458029,2024,451458029,2,9,0,-1,11,2,6,-1,0,0,0,0,0,0,2,1,-1,1,1,61,9,1685,2,8,HYUNDAI TUCSON,8,E01033970,0,4
2024332400653,2024,332400653,1,9,0,-1,19,8,4,-1,0,0,0,0,0,0,3,1,-1,9,2,57,9,1598,12,4,HYUNDAI TUCSON,7,E01025993,0,1
2024545005424,2024,545005424,1,9,0,9,9,6,4,0,0,6,0,0,0,0,3,1,6,6,1,30,6,1598,1,0,HYUNDAI TUCSON,8,E01031964,0,1
2024991453518,2024,991453518,2,9,0,-1,19,1,5,-1,0,0,0,0,0,0,1,1,-1,9,1,38,7,1591,1,7,HYUNDAI TUCSON,-1,-1,0,-1
2024201480966,2024,201480966,1,9,0,-1,19,3,7,-1,0,6,0,0,0,0,4,1,-1,6,1,42,7,1685,2,8,HYUNDAI TUCSON,1,E01009274,0,1
2024351402958,2024,351402958,2,9,0,-1,19,4,8,-1,0,0,0,0,0,0,1,1,-1,6,1,29,6,1591,1,5,HYUNDAI TUCSON,-1,-1,0,-1
2024991535273,2024,991535273,2,9,0,-1,19,3,7,-1,0,0,0,0,0,0,2,1,-1,9,1,37,7,1591,1,5,HYUNDAI TUCSON,-1,-1,0,-1
2024430539806,2024,430539806,1,9,0,18,19,1,5,0,0,3,0,0,0,0,1,1,6,6,1,42,7,1685,2,8,HYUNDAI TUCSON,4,E01016716,0,1
2024461509638,2024,461509638,2,9,0,-1,19,6,2,-1,0,1,0,0,0,0,2,1,-1,6,2,47,8,1598,8,1,HYUNDAI TUCSON,2,E01024126,0,1
2024991450075,2024,991450075,2,9,0,-1,4,6,2,-1,0,0,0,0,0,0,1,1,-1,9,1,58,9,1598,8,1,HYUNDAI TUCSON,8,-1,0,3
2024440054074,2024,440054074,2,9,0,16,19,1,5,0,0,3,0,0,0,0,1,1,6,6,2,43,7,1685,2,7,HYUNDAI TUCSON,8,E01022955,0,1
2024332400117,2024,332400117,1,9,0,-1,6,1,1,-1,0,8,0,0,1,0,3,1,-1,6,3,-1,-1,1975,1,15,HYUNDAI TUCSON,-1,-1,0,-1
2024421476489,2024,421476489,4,9,0,-1,19,1,5,-1,0,1,0,0,0,0,1,1,-1,9,2,35,6,1591,1,6,HYUNDAI TUCSON,10,E01021587,0,1
2024351533970,2024,351533970,1,9,0,-1,-1,-1,-1,-1,-1,0,-1,-1,-1,0,-1,9,-1,6,2,-1,-1,1591,1,5,HYUNDAI TUCSON,-1,-1,0,-1
2024411492107,2024,411492107,2,9,0,-1,5,5,1,-1,0,8,0,0,0,0,1,1,-1,6,1,38,7,1591,1,4,HYUNDAI TUCSON,10,E01023453,0,4
2024991460150,2024,991460150,2,9,0,-1,19,5,1,-1,0,0,0,0,0,0,3,1,-1,6,2,42,7,1598,8,0,HYUNDAI TUCSON,10,-1,0,1
2024430317096,2024,430317096,1,9,0,17,19,1,5,0,0,0,0,0,1,11,1,1,6,6,1,73,10,1598,8,2,HYUNDAI TUCSON,6,E01028796,0,2
2024421526835,2024,421526835,1,9,0,-1,5,5,1,-1,0,1,0,0,0,0,1,1,-1,9,1,63,9,1598,8,0,HYUNDAI TUCSON,10,E01022084,0,1
2024231493530,2024,231493530,1,9,0,-1,9,4,2,-1,0,6,0,0,0,0,3,9,-1,6,2,68,10,1598,8,0,HYUNDAI TUCSON,9,E01028423,0,3
202454D639224,2024,54D639224,1,9,0,18,19,5,1,0,0,4,0,0,0,0,1,1,6,6,1,44,7,1591,1,6,HYUNDAI TUCSON,5,E01015571,0,1
2024211486149,2024,211486149,2,9,0,-1,5,3,7,-1,0,8,0,0,0,0,1,1,-1,9,2,38,7,1598,1,2,HYUNDAI TUCSON,-1,-1,0,-1
2024430483348,2024,430483348,1,9,0,18,19,3,7,0,0,8,0,0,0,0,1,1,2,2,1,34,6,1598,1,6,HYUNDAI TUCSON,4,E01016455,0,1
2024340NN4642,2024,340NN4642,2,9,0,-1,19,7,3,-1,0,0,0,0,0,0,2,1,-1,9,1,50,8,1598,8,1,HYUNDAI TUCSON,10,E01010190,0,4
2024010497984,2024,010497984,2,9,0,9,9,5,3,0,0,1,0,0,0,0,3,1,6,6,2,52,8,1591,1,7,HYUNDAI TUCSON,6,E01015721,0,4
2024451436112,2024,451436112,2,9,0,-1,2,0,0,-1,0,0,0,0,0,0,1,9,-1,6,-1,45,7,1591,1,6,HYUNDAI TUCSON,-1,-1,0,-1
2024122400638,2024,122400638,2,9,0,3,3,5,1,0,0,1,0,0,0,0,2,1,6,6,1,42,7,1598,8,0,HYUNDAI TUCSON,8,E01035470,0,4
2024061427442,2024,061427442,1,9,0,-1,9,1,5,-1,0,6,0,0,0,0,3,1,-1,9,2,41,7,1591,1,4,HYUNDAI TUCSON,1,E01005799,0,1
2024061481936,2024,061481936,1,9,0,-1,4,-1,-1,-1,0,0,0,99,1,0,3,1,-1,9,1,31,6,1598,8,0,HYUNDAI TUCSON,1,E01005667,0,1
2024302401314,2024,302401314,1,9,0,18,19,5,1,0,0,0,0,0,0,0,1,1,6,6,1,53,8,1685,2,7,HYUNDAI TUCSON,2,E01013945,0,3
2024010526851,2024,010526851,1,9,0,99,99,9,9,99,99,9,9,99,9,99,2,9,2,2,2,37,7,1591,1,4,HYUNDAI TUCSON,6,E01001088,0,1
2024991409428,2024,991409428,2,9,0,-1,3,4,8,-1,0,0,0,0,0,0,2,1,-1,6,2,56,9,1591,1,5,HYUNDAI TUCSON,9,-1,0,2
2024010502459,2024,010502459,2,9,0,18,19,5,1,0,0,2,0,0,0,0,1,1,6,6,1,46,8,1598,1,2,HYUNDAI TUCSON,2,E01003188,0,1
2024141451766,2024,141451766,1,9,0,-1,19,7,3,-1,0,0,0,0,0,0,1,1,-1,6,2,38,7,1591,1,5,HYUNDAI TUCSON,1,E01008015,0,2
2024520402775,2024,520402775,1,9,0,18,19,3,6,0,0,0,5,0,5,6,1,1,6,6,2,25,5,1598,8,0,HYUNDAI TUCSON,2,E01028435,0,5
2024631455784,2024,631455784,1,9,0,-1,19,4,8,-1,0,0,1,0,0,0,1,1,-1,9,1,63,9,1685,2,7,HYUNDAI TUCSON,9,E01009829,0,4
2024531474112,2024,531474112,1,9,0,-1,4,6,2,-1,0,0,0,0,0,0,1,1,-1,9,2,33,6,1598,8,0,HYUNDAI TUCSON,9,E01022282,0,1
2024421440590,2024,421440590,1,9,0,-1,1,7,5,-1,0,0,0,0,0,0,2,1,-1,1,2,43,7,1591,1,7,HYUNDAI TUCSON,9,E01022099,0,1
2024991420757,2024,991420757,4,9,0,-1,19,3,7,-1,0,0,0,0,0,0,2,1,-1,9,2,37,7,1598,8,3,HYUNDAI TUCSON,3,-1,0,3
2024010545129,2024,010545129,1,9,0,18,19,7,3,0,0,1,0,0,0,0,1,1,6,6,1,54,8,1591,1,5,HYUNDAI TUCSON,7,E01004138,0,1
2024421521282,2024,421521282,1,8,0,-1,19,6,2,-1,0,0,0,0,0,0,4,1,-1,6,1,36,7,1591,1,6,HYUNDAI TUCSON,4,E01034357,0,1
2024461429703,2024,461429703,1,9,0,-1,19,7,5,-1,0,0,0,0,0,0,1,1,-1,9,1,76,11,1598,8,1,HYUNDAI TUCSON,5,E01033089,0,1
2024131490160,2024,131490160,1,9,0,-1,19,1,5,-1,0,8,0,4,0,0,1,1,-1,9,2,46,8,1598,8,2,HYUNDAI TUCSON,8,E01011884,0,3
2024332400906,2024,332400906,2,9,0,-1,19,5,1,-1,0,8,1,0,0,0,3,1,-1,6,2,37,7,1591,1,5,HYUNDAI TUCSON,7,E01025978,0,1
2024061506793,2024,061506793,1,9,0,-1,11,5,1,-1,0,0,0,0,0,0,4,1,-1,6,1,32,6,1685,2,8,HYUNDAI TUCSON,8,E01018727,0,4
2024231442635,2024,231442635,1,9,0,-1,19,1,5,-1,0,0,1,0,0,0,3,1,-1,6,1,82,11,1685,2,8,HYUNDAI TUCSON,8,E01031239,0,1
2024520403252,2024,520403252,2,9,0,16,19,4,8,0,0,0,0,0,1,9,1,1,6,6,2,48,8,1598,8,2,HYUNDAI TUCSON,5,E01029259,0,1
202460Q084072,2024,60Q084072,2,9,0,3,3,4,1,0,0,8,0,0,0,0,2,1,6,6,2,28,6,1995,2,7,HYUNDAI TUCSON,-1,-1,0,-1
2024461497186,2024,461497186,1,9,0,-1,1,1,5,-1,0,0,0,0,0,0,2,1,-1,9,1,43,7,1598,8,2,HYUNDAI TUCSON,2,E01016020,0,2
202417M212824,2024,17M212824,1,9,0,-1,19,5,2,-1,0,1,0,10,1,3,1,1,-1,9,1,65,9,1598,1,1,HYUNDAI TUCSON,1,E01012083,0,1
2024122400724,2024,122400724,1,9,0,18,19,3,5,0,0,0,0,0,1,0,1,1,6,6,1,43,7,1685,2,8,HYUNDAI TUCSON,6,E01027881,0,3
2024991517446,2024,991517446,1,9,0,-1,5,8,2,-1,0,4,0,0,0,0,3,1,-1,6,2,64,9,1598,8,3,HYUNDAI TUCSON,8,-1,0,2
2024201409116,2024,201409116,1,9,0,-1,19,4,1,-1,0,8,0,0,1,1,1,1,-1,6,2,50,8,1598,8,2,HYUNDAI TUCSON,9,E01010215,0,2
2024131500443,2024,131500443,2,9,0,-1,10,1,3,-1,0,0,0,0,0,0,1,1,-1,2,1,55,8,1598,8,0,HYUNDAI TUCSON,2,E01011295,0,1
2024311428771,2024,311428771,1,9,0,-1,8,5,1,-1,0,1,0,0,0,0,2,1,-1,6,2,40,7,1591,1,5,HYUNDAI TUCSON,10,E01028222,0,2
2024101518624,2024,101518624,2,9,0,-1,10,7,3,-1,0,1,0,0,0,0,2,1,-1,6,2,49,8,1598,1,1,HYUNDAI TUCSON,8,E01008313,0,1
2024340WN0452,2024,340WN0452,2,9,0,-1,3,8,4,-1,0,1,0,0,0,0,2,1,-1,9,2,44,7,1591,1,7,HYUNDAI TUCSON,6,E01027132,0,1
2024501465569,2024,501465569,1,9,0,-1,2,3,6,-1,0,2,0,0,0,0,1,1,-1,9,2,78,11,1685,2,6,HYUNDAI TUCSON,1,E01019041,0,1
2024201461728,2024,201461728,2,9,0,-1,19,6,3,-1,0,8,0,0,0,0,1,1,-1,9,1,48,8,1591,1,8,HYUNDAI TUCSON,3,E01009264,0,2
2024411535865,2024,411535865,2,9,0,-1,19,5,1,-1,0,0,2,10,0,0,2,1,-1,2,1,25,5,1598,8,3,HYUNDAI TUCSON,6,E01000594,0,3
2024201455379,2024,201455379,1,9,0,-1,3,8,4,-1,0,1,0,0,0,0,9,9,-1,6,1,25,5,1685,2,6,HYUNDAI TUCSON,3,E01010020,0,1
2024101532988,2024,101532988,1,9,0,-1,10,7,2,-1,0,1,0,0,0,0,1,1,-1,9,2,46,8,1598,1,2,HYUNDAI TUCSON,-1,-1,0,-1
2024421421393,2024,421421393,1,9,0,-1,19,8,4,-1,0,0,1,0,7,0,1,1,-1,9,1,75,10,1995,2,8,HYUNDAI TUCSON,8,E01021885,0,2
2024440122435,2024,440122435,2,9,0,18,19,6,2,0,0,0,0,0,0,0,4,1,1,1,1,45,7,1591,1,6,HYUNDAI TUCSON,7,E01032002,0,4
2024221405118,2024,221405118,1,9,0,-1,9,4,2,-1,0,6,0,0,0,0,1,1,-1,1,1,46,8,1685,2,8,HYUNDAI TUCSON,7,E01032319,0,1
2024010542149,2024,010542149,2,9,0,9,9,3,8,0,0,1,0,0,0,0,3,1,1,1,1,57,9,1598,1,0,HYUNDAI TUCSON,4,E01023574,0,4
2024440550405,2024,440550405,2,9,0,18,19,7,3,0,0,0,0,0,0,0,2,1,6,6,2,15,3,1591,1,5,HYUNDAI TUCSON,7,E01022925,0,2
2024991413806,2024,991413806,2,9,0,-1,9,3,5,-1,0,1,0,0,0,0,1,1,-1,6,2,33,6,1598,2,6,HYUNDAI TUCSON,1,-1,0,1
2024231434756,2024,231434756,1,9,0,-1,-1,8,4,-1,-1,0,0,0,0,0,3,9,-1,-1,1,81,11,1598,1,2,HYUNDAI TUCSON,1,E01010125,0,1
2024471443798,2024,471443798,1,9,0,-1,10,7,5,-1,0,1,0,0,0,0,4,1,-1,2,2,32,6,1995,2,8,HYUNDAI TUCSON,5,E01021213,0,2
2024231509329,2024,231509329,2,9,0,-1,7,1,4,-1,0,5,1,0,0,0,3,1,-1,9,2,62,9,1598,8,3,HYUNDAI TUCSON,7,E01031260,0,1
2024131491046,2024,131491046,2,9,0,-1,9,8,6,-1,0,8,0,0,0,0,4,1,-1,9,1,54,8,1591,1,5,HYUNDAI TUCSON,8,E01011800,0,1
2024201497443,2024,201497443,1,9,0,-1,13,8,4,-1,0,0,0,0,0,0,4,1,-1,1,1,65,9,1598,8,2,HYUNDAI TUCSON,1,E01009258,0,1
2024010515627,2024,010515627,1,9,0,17,19,6,2,0,0,1,0,0,0,0,4,1,6,6,1,78,11,1598,8,1,HYUNDAI TUCSON,2,E01004001,0,2