collision_index,collision_year,collision_ref_no,vehicle_reference,vehicle_type,towing_and_articulation,vehicle_manoeuvre_historic,vehicle_manoeuvre,vehicle_direction_from,vehicle_direction_to,vehicle_location_restricted_lane_historic,vehicle_location_restricted_lane,junction_location,skidding_and_overturning,hit_object_in_carriageway,vehicle_leaving_carriageway,hit_object_off_carriageway,first_point_of_impact,vehicle_left_hand_drive,journey_purpose_of_driver_historic,journey_purpose_of_driver,sex_of_driver,age_of_driver,age_band_of_driver,engine_capacity_cc,propulsion_code,age_of_vehicle,generic_make_model,driver_imd_decile,lsoa_of_driver,escooter_flag,driver_distance_banding
2024010540516,2024,010540516,1,9,0,99,99,9,9,99,99,9,9,99,9,99,2,9,6,6,2,39,7,1598,8,3,HYUNDAI TUCSON,4,E01023805,0,2
2024211413462,2024,211413462,3,9,0,-1,19,5,1,-1,0,1,0,0,0,0,3,1,-1,6,2,38,7,1685,2,8,HYUNDAI TUCSON,8,E01010398,0,1
2024221429147,2024,221429147,2,9,0,-1,19,4,8,-1,0,0,0,0,0,0,1,9,-1,6,1,67,10,1598,8,1,HYUNDAI TUCSON,6,W01000434,0,3
2024302401322,2024,302401322,3,9,0,9,9,1,7,0,0,1,0,0,0,0,0,1,2,2,1,58,9,1598,12,4,HYUNDAI TUCSON,9,E01019857,0,2
2024041530920,2024,041530920,2,9,0,-1,9,3,7,-1,0,1,0,0,0,0,2,1,-1,2,1,51,8,1995,2,9,HYUNDAI TUCSON,4,E01012712,0,1
2024311416105,2024,311416105,1,9,0,-1,19,1,5,-1,0,4,0,0,0,0,1,1,-1,6,1,-1,-1,1598,8,1,HYUNDAI TUCSON,2,E01013962,0,1
2024211527998,2024,211527998,2,9,0,-1,19,1,5,-1,0,1,0,0,0,0,1,1,-1,1,1,43,7,1598,8,3,HYUNDAI TUCSON,-1,-1,0,-1
202417M313424,2024,17M313424,1,9,0,-1,19,5,1,-1,0,0,0,0,0,0,0,1,-1,9,1,30,6,1591,1,5,HYUNDAI TUCSON,5,E01012219,0,2
2024471447540,2024,471447540,1,9,0,-1,19,2,6,-1,0,0,0,11,0,0,1,1,-1,1,1,67,10,1598,8,1,HYUNDAI TUCSON,5,E01021211,0,2
2024231498279,2024,231498279,2,9,0,-1,4,4,8,-1,0,0,0,0,0,0,2,1,-1,6,1,59,9,1591,1,5,HYUNDAI TUCSON,8,E01032532,0,4
2024501514304,2024,501514304,1,9,0,-1,19,1,6,-1,0,0,0,0,0,0,3,1,-1,9,2,35,6,1685,2,7,HYUNDAI TUCSON,6,E01018753,0,3
2024041426572,2024,041426572,2,9,4,-1,19,3,5,-1,0,0,0,0,1,0,3,1,-1,9,1,60,9,1591,1,5,HYUNDAI TUCSON,10,E01025019,0,1
2024991495904,2024,991495904,2,9,0,-1,12,5,3,-1,0,3,0,0,7,0,4,2,-1,9,2,34,6,1598,1,0,HYUNDAI TUCSON,1,-1,0,3
2024991453034,2024,991453034,1,9,0,-1,3,7,3,-1,0,1,0,0,0,0,2,1,-1,9,2,42,7,1598,8,1,HYUNDAI TUCSON,10,-1,0,1
2024161488879,2024,161488879,2,9,0,-1,2,0,0,-1,0,1,0,0,0,0,3,1,-1,6,2,35,6,1598,8,0,HYUNDAI TUCSON,7,E01012818,0,3
2024320141597,2024,320141597,1,9,0,-1,-1,1,5,0,0,0,0,0,0,0,1,1,6,6,2,35,6,1685,2,7,HYUNDAI TUCSON,6,E01026020,0,1
2024540577124,2024,540577124,1,9,0,18,19,1,5,0,0,4,0,0,0,0,1,1,6,6,2,33,6,1591,1,4,HYUNDAI TUCSON,7,E01033861,0,1
2024201480290,2024,201480290,2,9,0,-1,19,1,5,-1,0,0,0,0,0,0,2,1,-1,6,1,48,8,1685,2,7,HYUNDAI TUCSON,-1,-1,0,-1
2024471440989,2024,471440989,1,9,0,-1,19,5,1,-1,0,0,2,0,2,4,2,1,-1,2,1,28,6,1598,1,2,HYUNDAI TUCSON,8,E01021055,0,4
2024540688424,2024,540688424,2,9,0,2,2,0,0,0,0,1,0,0,0,0,2,1,6,6,2,32,6,1598,8,2,HYUNDAI TUCSON,3,E01032118,0,1
2024451433949,2024,451433949,2,9,0,-1,10,7,3,-1,0,5,0,0,0,0,1,2,-1,6,2,32,6,1598,8,0,HYUNDAI TUCSON,-1,-1,0,-1
2024010513922,2024,010513922,1,9,0,3,3,1,5,0,0,0,0,0,0,0,1,1,6,6,1,31,6,1598,8,2,HYUNDAI TUCSON,9,E01002953,0,3
2024061491692,2024,061491692,3,9,0,-1,19,1,5,-1,0,0,0,7,0,0,3,1,-1,9,2,36,7,1598,8,0,HYUNDAI TUCSON,-1,-1,0,-1
2024421473444,2024,421473444,1,9,0,-1,19,1,3,-1,0,3,0,0,0,0,1,1,-1,9,1,33,6,1598,8,1,HYUNDAI TUCSON,10,E01021480,0,1
202417H105424,2024,17H105424,2,9,0,-1,2,0,0,-1,0,0,0,0,0,0,2,1,-1,9,1,-1,-1,1591,1,6,HYUNDAI TUCSON,-1,-1,0,-1
2024071048388,2024,071048388,1,9,0,-1,9,1,5,-1,0,1,0,0,0,0,4,1,-1,6,1,40,7,1598,8,1,HYUNDAI TUCSON,8,E01012386,0,1
2024461471015,2024,461471015,1,9,0,-1,19,7,3,-1,0,0,0,0,0,0,1,9,-1,6,1,73,10,1598,8,2,HYUNDAI TUCSON,5,E01024561,0,1
2024451498344,2024,451498344,1,9,0,-1,3,2,6,-1,0,0,0,0,0,0,1,1,-1,6,1,32,6,1591,1,5,HYUNDAI TUCSON,3,E01034714,0,4
2024010550908,2024,010550908,2,9,0,99,99,9,9,99,99,0,9,99,9,99,1,9,6,6,3,-1,-1,1685,2,8,HYUNDAI TUCSON,-1,-1,0,-1
2024201526280,2024,201526280,2,9,0,-1,19,4,8,-1,0,8,0,0,0,0,1,1,-1,6,1,42,7,1598,8,0,HYUNDAI TUCSON,5,E01009590,0,4
2024440296513,2024,440296513,2,9,0,18,19,8,4,0,0,8,0,0,0,0,3,1,6,6,2,29,6,1598,1,2,HYUNDAI TUCSON,4,E01017251,0,1
2024622400704,2024,622400704,2,9,0,9,9,4,6,0,0,8,0,0,0,0,1,1,6,6,2,34,6,1591,1,6,HYUNDAI TUCSON,9,W01001714,0,1
2024201439575,2024,201439575,2,9,0,-1,19,5,1,-1,0,8,1,0,0,0,2,1,-1,2,1,36,7,1598,1,0,HYUNDAI TUCSON,3,E01009162,0,1
2024991440716,2024,991440716,1,8,0,-1,19,1,5,-1,0,1,0,0,0,0,3,1,-1,1,2,59,9,1598,8,3,HYUNDAI TUCSON,-1,-1,0,-1
2024531461261,2024,531461261,2,9,0,-1,3,6,2,-1,0,0,0,0,0,0,2,1,-1,6,2,46,8,1591,1,5,HYUNDAI TUCSON,6,E01034777,0,1
2024211528451,2024,211528451,1,9,0,-1,10,7,3,-1,0,1,0,0,0,0,1,1,-1,6,2,45,7,1591,1,4,HYUNDAI TUCSON,2,E01028313,0,4
2024061483755,2024,061483755,3,9,0,-1,19,5,8,-1,0,0,0,0,0,0,2,1,-1,9,2,55,8,1598,1,3,HYUNDAI TUCSON,8,E01005453,0,4
2024411473714,2024,411473714,2,9,0,-1,2,0,0,-1,0,0,0,0,0,0,3,1,-1,6,-1,-1,-1,1598,8,0,HYUNDAI TUCSON,-1,-1,0,-1
2024201524172,2024,201524172,2,9,0,-1,19,4,8,-1,0,0,0,0,0,0,2,1,-1,9,1,54,8,1685,2,8,HYUNDAI TUCSON,5,E01010339,0,1
2024401457574,2024,401457574,2,9,0,-1,19,1,5,-1,0,1,0,0,0,0,1,1,-1,9,2,36,7,1598,8,0,HYUNDAI TUCSON,5,E01034428,0,1
2024440043989,2024,440043989,2,9,0,10,10,5,3,0,0,8,0,0,0,0,1,1,6,6,1,68,10,1685,2,6,HYUNDAI TUCSON,9,E01032604,0,2
2024451399993,2024,451399993,1,9,0,-1,9,1,5,-1,0,1,0,0,0,0,1,1,-1,9,1,58,9,1591,1,4,HYUNDAI TUCSON,2,E01003243,0,4
2024522402255,2024,522402255,2,9,0,12,12,4,8,0,0,8,0,0,0,0,0,1,6,6,3,-1,-1,1591,1,6,HYUNDAI TUCSON,-1,-1,0,-1
2024111462199,2024,111462199,2,9,0,-1,4,5,1,-1,0,0,0,0,0,0,2,1,-1,2,2,44,7,1598,8,2,HYUNDAI TUCSON,6,E01027613,0,4
2024141462845,2024,141462845,1,9,0,-1,19,3,7,-1,0,1,1,10,2,7,1,1,-1,6,1,49,8,1685,2,7,HYUNDAI TUCSON,3,E01007799,0,1
2024010511434,2024,010511434,1,9,0,4,4,7,3,0,0,0,2,0,0,0,1,1,6,6,1,45,7,1685,2,8,HYUNDAI TUCSON,5,E01001686,0,1
2024332400535,2024,332400535,2,9,0,-1,5,9,9,-1,9,6,0,0,0,0,1,1,-1,6,3,-1,-1,1598,8,2,HYUNDAI TUCSON,-1,-1,0,-1
2024131411033,2024,131411033,1,9,0,-1,6,3,7,-1,0,8,0,0,0,0,1,1,-1,6,-1,38,7,1598,8,2,HYUNDAI TUCSON,6,E01011394,0,1
2024061466769,2024,061466769,1,9,0,-1,9,3,8,-1,0,8,0,0,0,0,1,1,-1,9,1,44,7,1598,8,2,HYUNDAI TUCSON,2,E01005462,0,2
2024440006902,2024,440006902,2,9,0,18,19,8,4,0,0,0,0,0,0,0,2,1,2,2,1,49,8,1685,2,9,HYUNDAI TUCSON,6,E01035323,0,4
2024061487749,2024,061487749,1,9,0,-1,14,6,2,-1,0,0,0,0,0,0,3,1,-1,2,1,35,6,1598,8,0,HYUNDAI TUCSON,9,E01012493,0,4
2024052401343,2024,052401343,2,9,0,18,19,4,8,0,0,8,0,0,0,0,1,1,6,6,1,73,10,1591,1,6,HYUNDAI TUCSON,1,E01006735,0,1
2024332400086,2024,332400086,2,9,0,-1,19,5,1,-1,0,0,0,0,0,0,1,1,-1,2,1,54,8,1598,8,1,HYUNDAI TUCSON,10,E01013803,0,1
2024991431234,2024,991431234,1,9,0,-1,19,2,6,-1,0,0,0,0,0,0,4,1,-1,9,2,37,7,1591,1,5,HYUNDAI TUCSON,2,-1,0,1
2024610009724,2024,610009724,2,9,0,7,7,5,6,0,0,6,0,0,7,0,3,1,6,6,2,32,6,1598,1,1,HYUNDAI TUCSON,8,W01001425,0,1
2024010544465,2024,010544465,1,9,0,18,19,6,2,0,0,0,0,0,0,0,1,1,6,6,1,65,9,1598,8,2,HYUNDAI TUCSON,10,E01030415,0,2
2024546887924,2024,546887924,2,9,0,3,3,2,7,0,0,0,0,0,0,0,3,1,1,1,2,62,9,1995,2,9,HYUNDAI TUCSON,6,E01032031,0,1
2024522401523,2024,522401523,1,9,0,9,9,8,5,0,0,5,0,0,0,0,3,1,6,6,2,50,8,1591,1,5,HYUNDAI TUCSON,9,E01014545,0,1
2024411468168,2024,411468168,1,9,0,-1,19,4,8,-1,0,0,0,0,0,0,1,1,-1,2,2,36,7,1598,8,1,HYUNDAI TUCSON,9,E01023653,0,2
2024052402280,2024,052402280,2,9,0,4,4,5,1,0,0,1,0,0,0,0,2,1,6,6,1,57,9,1598,8,1,HYUNDAI TUCSON,10,E01018490,0,4
2024041533339,2024,041533339,2,9,0,-1,19,7,3,-1,0,0,0,0,0,0,2,1,-1,9,1,58,9,1598,8,0,HYUNDAI TUCSON,7,E01025052,0,3
2024631465032,2024,631465032,2,9,0,-1,19,4,8,-1,0,8,0,0,0,0,1,1,-1,6,2,43,7,1685,2,7,HYUNDAI TUCSON,2,W01000594,0,1
2024101512099,2024,101512099,2,9,0,-1,3,3,7,-1,0,1,0,0,0,0,3,1,-1,9,1,46,8,1598,1,2,HYUNDAI TUCSON,-1,-1,0,-1
2024631503581,2024,631503581,1,9,0,-1,5,2,4,-1,0,0,0,0,0,0,3,1,-1,6,2,45,7,1598,8,1,HYUNDAI TUCSON,2,W01000588,0,1
2024010524688,2024,010524688,1,9,0,1,1,8,6,0,0,0,0,0,0,0,0,9,6,6,2,51,8,1591,1,6,HYUNDAI TUCSON,5,E01001060,0,1
2024010522913,2024,010522913,3,9,0,4,4,1,5,0,0,0,0,4,0,0,1,1,6,6,1,49,8,1598,8,0,HYUNDAI TUCSON,2,E01002870,0,1
2024131468015,2024,131468015,2,9,0,-1,5,1,5,-1,9,0,0,0,0,0,1,1,-1,9,1,53,8,1598,1,1,HYUNDAI TUCSON,1,E01011363,0,1
2024421485529,2024,421485529,1,9,0,-1,19,7,3,-1,0,0,0,0,4,6,1,1,-1,6,1,58,9,1598,8,0,HYUNDAI TUCSON,8,E01030537,0,4
2024211467317,2024,211467317,1,9,0,-1,5,2,6,-1,0,0,0,0,0,0,1,1,-1,9,1,30,6,1591,1,7,HYUNDAI TUCSON,6,E01029428,0,1
2024411540828,2024,411540828,2,9,0,-1,19,-1,-1,-1,0,5,0,0,0,0,9,1,-1,9,2,57,9,1591,1,6,HYUNDAI TUCSON,6,E01023305,0,1
2024461415677,2024,461415677,1,9,0,-1,19,7,3,-1,0,0,1,0,1,0,4,9,-1,2,1,38,7,1598,8,1,HYUNDAI TUCSON,4,E01024494,0,1
2024461400473,2024,461400473,1,9,0,-1,19,6,2,-1,0,0,0,0,0,0,4,1,-1,9,1,73,10,1598,-1,3,HYUNDAI TUCSON,6,E01024804,0,2
2024201441759,2024,201441759,1,9,0,-1,19,6,2,-1,0,0,0,0,0,0,1,9,-1,6,3,30,6,1591,1,6,HYUNDAI TUCSON,-1,-1,0,-1
2024501476208,2024,501476208,1,9,0,-1,19,8,4,-1,0,0,0,0,7,0,1,1,-1,9,2,65,9,1598,1,3,HYUNDAI TUCSON,4,E01020302,0,3
2024311397105,2024,311397105,1,9,0,-1,3,3,3,-1,0,0,0,0,0,0,1,1,-1,6,1,40,7,1598,8,2,HYUNDAI TUCSON,2,E01013856,0,4
2024461532142,2024,461532142,2,9,0,-1,3,1,5,-1,0,0,0,0,0,0,2,9,-1,9,2,39,7,1685,2,9,HYUNDAI TUCSON,7,E01000377,0,1
2024071043595,2024,071043595,2,9,0,-1,3,1,5,-1,0,1,0,0,0,0,2,1,-1,9,2,40,7,1685,2,6,HYUNDAI TUCSON,8,E01018359,0,1
2024991526793,2024,991526793,2,17,4,-1,19,6,2,-1,0,0,0,0,0,0,2,1,-1,1,1,30,6,6596,2,1,JCB 4220,8,-1,0,4
2024221425428,2024,221425428,2,17,4,-1,10,1,7,-1,0,5,0,0,0,0,2,1,-1,1,1,52,8,6596,2,2,JCB 4220,4,E01028882,0,4
2024501508600,2024,501508600,2,17,1,-1,19,3,7,-1,0,2,0,0,0,0,4,1,-1,1,1,55,8,6596,2,1,JCB 4220,7,E01020245,0,3
2024991420707,2024,991420707,1,17,0,-1,19,8,4,-1,0,0,0,0,7,9,3,1,-1,9,1,63,9,6596,2,0,JCB 4220,3,-1,0,2
2024111437975,2024,111437975,1,17,4,-1,19,3,8,-1,0,0,0,0,0,0,0,9,-1,1,1,23,5,6596,2,2,JCB 4220,3,E01019302,0,4
2024461438503,2024,461438503,2,17,0,-1,4,5,1,-1,0,0,1,0,0,0,3,1,-1,6,1,33,6,6596,2,1,JCB 4220,5,E01024366,0,1
2024501539298,2024,501539298,1,17,0,-1,5,5,4,-1,0,8,0,0,0,0,1,1,-1,1,1,24,5,6596,2,2,JCB 4220,4,E01020087,0,1
2024371480521,2024,371480521,2,17,4,-1,9,7,7,-1,0,0,0,0,0,0,3,1,-1,1,1,25,5,6596,2,9,JCB 4220,-1,-1,0,-1
2024070541521,2024,070541521,1,17,4,18,19,4,8,0,0,0,5,0,1,0,0,1,1,1,1,46,8,6596,2,1,JCB 4220,-1,-1,0,-1
2024320551991,2024,320551991,1,17,4,13,13,4,8,0,0,0,0,0,0,0,2,1,1,1,1,-1,-1,6596,2,2,JCB 4220,-1,-1,0,-1
2024340WN3772,2024,340WN3772,2,17,0,-1,19,1,5,-1,0,0,0,0,0,0,3,1,-1,1,1,17,4,6596,2,0,JCB 4220,6,E01027025,0,2
2024531491079,2024,531491079,2,9,0,-1,19,1,5,-1,0,8,0,0,0,0,1,1,-1,7,2,52,8,2776,2,9,JEEP WRANGLER,10,E01034780,0,4
2024440533022,2024,440533022,1,9,0,18,19,5,1,0,0,0,0,11,0,0,1,1,6,6,1,33,6,2776,2,8,JEEP WRANGLER,7,E01023282,0,1
2024991524774,2024,991524774,1,9,0,-1,19,7,3,-1,0,0,1,0,0,0,4,1,-1,2,1,21,5,3960,1,21,JEEP WRANGLER,7,-1,0,1
2024411490842,2024,411490842,1,9,0,-1,19,1,5,-1,0,0,0,0,0,0,1,1,-1,6,1,46,8,3604,1,8,JEEP WRANGLER,4,E01000507,0,4
2024361470466,2024,361470466,3,9,0,-1,19,2,6,-1,0,0,0,0,0,0,1,1,-1,6,2,55,8,3604,1,8,JEEP WRANGLER,7,E01017464,0,4
2024131412566,2024,131412566,2,9,0,-1,4,1,5,-1,0,1,0,0,0,0,2,1,-1,9,2,52,8,1995,1,3,JEEP WRANGLER,6,E01011062,0,2
2024211515461,2024,211515461,2,9,0,-1,19,1,5,-1,0,0,0,0,0,0,2,1,-1,9,2,51,8,2143,2,5,JEEP WRANGLER,3,E01025391,0,5
2024010493836,2024,010493836,1,9,0,4,4,5,1,0,0,1,0,11,0,0,1,1,3,7,1,45,7,3778,1,16,JEEP WRANGLER,-1,-1,0,-1
2024421474824,2024,421474824,2,9,0,-1,19,1,5,-1,0,1,1,0,1,0,3,1,-1,2,1,32,6,3960,1,31,JEEP WRANGLER,5,E01021263,0,1
2024041393663,2024,041393663,2,9,0,-1,19,5,1,-1,0,0,0,0,0,0,2,1,-1,9,1,36,7,2777,2,13,JEEP WRANGLER,10,E01024970,0,2
2024421525450,2024,421525450,1,9,0,-1,19,2,6,-1,0,0,0,0,0,0,1,9,-1,9,2,66,10,2777,2,16,JEEP WRANGLER,9,E01021577,0,1
2024440395007,2024,440395007,1,9,0,18,19,5,1,0,0,0,0,0,7,9,1,1,6,6,2,57,9,1995,1,2,JEEP WRANGLER,3,E01021122,0,5
2024010511474,2024,010511474,2,9,0,99,99,9,9,99,99,0,9,99,9,99,1,9,6,6,1,27,6,2777,2,14,JEEP WRANGLER,8,E01001307,0,3
2024010527406,2024,010527406,1,9,0,9,9,6,3,0,0,5,0,0,0,0,3,1,6,6,2,47,8,3960,1,25,JEEP WRANGLER,6,E01002656,0,1
2024302400321,2024,302400321,2,9,0,18,19,1,5,0,0,1,0,0,0,0,4,1,6,6,2,61,9,1995,1,3,JEEP WRANGLER,7,E01019539,0,1
2024411462080,2024,411462080,1,9,-1,-1,-1,-1,-1,-1,-1,0,-1,-1,-1,0,-1,9,-1,6,1,55,8,3604,1,9,JEEP WRANGLER,8,E01023383,0,1
2024501476208,2024,501476208,2,9,0,-1,19,4,8,-1,0,0,5,0,0,0,3,1,-1,9,2,54,8,2776,2,9,JEEP WRANGLER,4,E01018951,0,1
2024320259116,2024,320259116,2,5,0,-1,-1,2,6,0,0,8,0,0,0,0,1,1,-1,-1,1,64,9,649,1,15,KAWASAKI ER,1,E01026149,0,1
2024471466559,2024,471466559,1,5,0,-1,5,1,5,-1,0,0,1,0,0,0,4,1,-1,2,1,55,8,649,1,11,KAWASAKI ER,10,E01030321,0,4
2024401407271,2024,401407271,2,5,0,-1,19,5,1,-1,0,8,5,0,0,0,1,1,-1,6,1,24,5,649,1,7,KAWASAKI ER,9,E01017372,0,1
2024631478484,2024,631478484,1,5,0,-1,19,3,6,-1,0,0,0,0,7,10,1,1,-1,9,1,23,5,649,1,14,KAWASAKI ER,4,E01032555,0,5
2024440400526,2024,440400526,1,4,0,13,13,6,2,0,0,1,0,0,0,0,1,1,2,2,2,29,6,498,1,21,KAWASAKI ER,3,E01017185,0,3
2024122400640,2024,122400640,2,4,0,18,19,3,7,0,0,8,0,0,0,0,3,1,6,6,1,24,5,649,1,6,KAWASAKI ER,9,E01011847,0,4
2024061490347,2024,061490347,2,5,0,-1,19,5,1,-1,0,0,1,0,0,0,3,1,-1,6,2,41,7,649,1,14,KAWASAKI ER,1,E01005004,0,3
2024991413369,2024,991413369,1,5,0,-1,9,2,8,-1,0,8,1,0,0,0,3,1,-1,6,1,31,6,649,1,11,KAWASAKI ER,3,-1,0,1
2024201438284,2024,201438284,2,3,0,-1,19,7,3,-1,0,8,0,7,4,0,1,1,-1,2,1,42,7,649,1,12,KAWASAKI ER,2,E01010025,0,1
2024010508541,2024,010508541,1,5,0,99,99,9,9,99,99,9,9,99,9,99,9,1,2,2,1,33,6,649,1,8,KAWASAKI ER,2,E01000627,0,1
2024111439402,2024,111439402,1,5,0,-1,19,7,3,-1,0,0,0,0,1,11,4,1,-1,9,1,57,9,649,1,12,KAWASAKI ER,1,E01020762,0,4
2024501420900,2024,501420900,1,3,0,-1,19,6,2,-1,4,1,0,0,0,0,1,1,-1,2,1,26,6,498,1,25,KAWASAKI ER,1,E01015028,0,1
2024471495899,2024,471495899,2,5,0,-1,19,7,3,-1,0,0,0,0,0,0,0,1,-1,2,1,60,9,649,1,11,KAWASAKI ER,3,E01031830,0,1
2024522500043,2024,522500043,1,5,0,18,19,6,2,0,0,8,0,0,0,0,3,1,6,6,1,22,5,649,1,10,KAWASAKI ER,5,E01014665,0,1
2024052400377,2024,052400377,2,4,0,18,19,2,6,0,0,8,0,0,0,0,1,1,6,6,1,41,7,498,1,17,KAWASAKI ER,1,E01006728,0,1
2024501518324,2024,501518324,2,5,0,-1,15,7,3,-1,0,1,0,0,0,0,1,1,-1,6,1,19,4,649,1,16,KAWASAKI ER,4,E01015129,0,2
2024010548709,2024,010548709,1,5,0,8,8,7,1,0,0,1,0,0,0,0,1,1,2,2,1,59,9,649,1,13,KAWASAKI ER,3,E01001757,0,1
2024302400911,2024,302400911,1,4,0,18,19,8,4,0,0,1,0,0,0,0,1,1,6,6,1,55,8,649,1,10,KAWASAKI ER,1,E01019650,0,1
2024201478605,2024,201478605,1,5,0,-1,19,5,1,-1,0,1,5,0,0,0,1,1,-1,2,1,32,6,649,1,17,KAWASAKI ER,1,E01009347,0,1
2024161517006,2024,161517006,1,4,0,-1,19,1,5,-1,0,0,0,10,0,0,1,1,-1,6,1,38,7,296,1,8,KAWASAKI ER,5,E01013271,0,3
2024131419114,2024,131419114,1,5,0,-1,19,3,7,-1,0,0,1,11,0,0,3,1,-1,9,1,49,8,498,1,25,KAWASAKI ER,9,E01011278,0,1
2024010540689,2024,010540689,2,5,0,18,19,7,3,0,0,1,0,0,0,0,1,1,6,6,1,42,7,649,1,6,KAWASAKI ER,3,E01000016,0,3
2024411464903,2024,411464903,1,5,0,-1,13,1,5,-1,0,3,0,0,7,2,1,1,-1,6,1,20,4,649,1,6,KAWASAKI ER,10,E01023423,0,3
2024320428976,2024,320428976,2,4,0,8,8,3,5,0,0,1,1,0,0,0,1,1,6,6,1,40,7,500,1,19,KAWASAKI ER,8,E01026188,0,1
2024111427231,2024,111427231,1,4,0,-1,19,1,5,-1,0,0,1,10,1,1,1,1,-1,6,1,19,4,296,1,9,KAWASAKI ER,2,E01020615,0,1
2024161526786,2024,161526786,1,5,0,-1,19,8,6,-1,0,1,5,0,1,0,1,1,-1,9,2,38,7,649,1,9,KAWASAKI ER,3,E01007639,0,3
2024010512179,2024,010512179,1,5,0,3,3,3,7,0,0,8,0,0,0,0,2,1,6,6,1,25,5,649,1,9,KAWASAKI ER,5,E01003527,0,2
2024440396803,2024,440396803,2,5,0,18,19,6,2,0,0,1,0,0,0,0,1,1,6,6,1,33,6,498,1,26,KAWASAKI ER,4,E01017235,0,1
2024340NN2602,2024,340NN2602,2,5,0,-1,19,7,3,-1,0,0,0,0,0,0,2,1,-1,6,1,39,7,649,1,10,KAWASAKI ER,1,E01015600,0,4
2024401539307,2024,401539307,2,2,0,-1,19,1,5,-1,0,0,0,0,0,0,1,1,-1,6,1,22,5,498,1,19,KAWASAKI ER,7,E01017435,0,1
2024131481048,2024,131481048,1,5,0,-1,19,1,5,-1,0,1,0,0,0,0,1,1,-1,6,2,38,7,649,1,18,KAWASAKI ER,5,E01011392,0,1
2024351458341,2024,351458341,1,5,0,-1,19,3,7,-1,0,8,0,0,1,0,1,1,-1,6,2,22,5,649,1,7,KAWASAKI ER,5,E01035532,0,1
2024010503259,2024,010503259,1,5,0,99,99,9,9,99,99,9,9,99,9,99,1,1,2,2,1,53,8,649,1,8,KAWASAKI ER,8,E01004168,0,2
2024451438870,2024,451438870,2,4,0,-1,8,6,1,-1,0,4,0,0,0,0,3,1,-1,2,1,22,5,296,1,9,KAWASAKI ER,10,E01030355,0,2
2024552400383,2024,552400383,1,5,0,13,13,6,2,0,0,1,0,0,0,0,1,1,6,6,1,35,6,649,1,15,KAWASAKI ER,10,E01020371,0,2
2024451432291,2024,451432291,2,4,0,-1,19,1,5,-1,0,0,0,0,0,0,2,1,-1,9,1,20,4,296,1,9,KAWASAKI ER,10,E01004122,0,3
2024461460136,2024,461460136,2,4,0,-1,19,7,5,-1,0,0,0,0,0,0,1,1,-1,6,1,26,6,498,1,26,KAWASAKI ER,2,E01023973,0,1
2024411510821,2024,411510821,2,4,0,-1,19,4,8,-1,0,0,0,0,0,0,4,1,-1,6,1,21,5,451,1,0,KAWASAKI ER,6,E01023835,0,3
2024991483637,2024,991483637,2,5,0,-1,19,5,1,-1,0,2,2,0,0,0,1,1,-1,9,1,32,6,649,1,16,KAWASAKI ER,6,-1,0,2
2024552400977,2024,552400977,2,4,0,18,19,2,6,0,0,8,0,0,0,0,1,1,2,2,1,30,6,498,1,21,KAWASAKI ER,4,E01015345,0,1
2024522401347,2024,522401347,2,5,0,18,19,7,1,0,0,4,0,0,0,0,1,1,6,6,1,54,8,498,1,22,KAWASAKI ER,10,E01015021,0,2
202460Q067136,2024,60Q067136,1,5,0,18,19,3,7,0,0,0,1,0,0,0,0,1,6,6,1,20,4,649,1,17,KAWASAKI ER,-1,-1,0,-1
2024430430750,2024,430430750,1,5,0,11,11,1,5,0,0,0,0,0,0,0,1,1,6,6,1,53,8,649,1,17,KAWASAKI ER,7,E01023360,0,3
2024302401439,2024,302401439,1,5,0,16,19,2,6,0,0,0,0,0,8,11,1,1,6,6,1,42,7,649,1,15,KAWASAKI ER,1,E01027952,0,4
2024010525904,2024,010525904,2,5,0,99,99,9,9,99,99,9,9,99,9,99,1,1,6,6,3,-1,-1,649,1,9,KAWASAKI ER,-1,-1,0,-1
2024401518132,2024,401518132,2,4,0,-1,19,7,3,-1,0,8,0,0,0,0,1,1,-1,6,1,31,6,250,1,10,-1,8,E01017620,0,2
2024522401620,2024,522401620,1,9,0,18,19,2,6,0,0,0,1,0,0,0,1,1,6,6,1,49,8,5204,1,8,-1,8,E01032682,0,1
2024471455507,2024,471455507,2,17,0,-1,9,7,6,-1,0,6,0,0,0,0,3,2,-1,2,1,75,10,4400,2,12,-1,8,E01035341,0,1
2024122400937,2024,122400937,1,17,4,17,19,7,3,0,0,0,5,0,0,0,1,1,1,1,1,60,9,6728,2,10,-1,2,E01033473,0,2
2024451488215,2024,451488215,1,9,0,-1,10,5,1,-1,0,0,0,0,0,0,1,1,-1,9,1,41,7,-1,3,1,MERCEDES EQB CLASS,8,E01030298,0,2
2024141516300,2024,141516300,2,9,0,-1,19,8,4,-1,0,2,0,0,0,0,1,1,-1,7,1,38,7,-1,3,1,MERCEDES EQB CLASS,8,E01007381,0,1
2024361451020,2024,361451020,1,9,0,-1,7,6,1,-1,0,1,0,0,0,0,4,1,-1,9,2,35,6,-1,3,1,MERCEDES EQB CLASS,-1,-1,0,-1
2024201509025,2024,201509025,2,9,0,-1,15,1,6,-1,0,1,0,0,0,0,4,9,-1,6,3,40,7,-1,3,1,MERCEDES EQB CLASS,-1,-1,0,-1