collision_index,collision_year,collision_ref_no,vehicle_reference,vehicle_type,towing_and_articulation,vehicle_manoeuvre_historic,vehicle_manoeuvre,vehicle_direction_from,vehicle_direction_to,vehicle_location_restricted_lane_historic,vehicle_location_restricted_lane,junction_location,skidding_and_overturning,hit_object_in_carriageway,vehicle_leaving_carriageway,hit_object_off_carriageway,first_point_of_impact,vehicle_left_hand_drive,journey_purpose_of_driver_historic,journey_purpose_of_driver,sex_of_driver,age_of_driver,age_band_of_driver,engine_capacity_cc,propulsion_code,age_of_vehicle,generic_make_model,driver_imd_decile,lsoa_of_driver,escooter_flag,driver_distance_banding
2024361406963,2024,361406963,1,9,0,-1,19,7,3,-1,0,0,0,0,0,0,2,1,-1,2,1,40,7,-1,3,0,MERCEDES EQB CLASS,8,E01026587,0,3
2024371434888,2024,371434888,1,9,0,-1,19,3,3,-1,0,0,0,0,1,0,1,1,-1,7,2,34,6,-1,3,2,MERCEDES EQB CLASS,7,E01030200,0,1
2024411471110,2024,411471110,3,9,0,-1,5,3,7,-1,0,8,0,0,0,0,1,1,-1,6,2,35,6,-1,3,1,MERCEDES EQB CLASS,6,E01023765,0,3
2024430535788,2024,430535788,1,9,0,18,19,4,8,0,0,8,0,0,0,0,1,1,6,6,3,46,8,-1,3,1,MERCEDES EQB CLASS,10,E01016701,0,1
2024070887597,2024,070887597,1,9,0,-1,5,1,6,-1,0,1,0,0,0,0,1,1,-1,6,1,-1,-1,-1,3,0,MERCEDES EQB CLASS,-1,-1,0,-1
2024351474187,2024,351474187,2,9,0,-1,3,-1,-1,-1,0,2,-1,-1,-1,0,2,1,-1,9,1,39,7,-1,3,1,MERCEDES EQB CLASS,6,E01034438,0,1
2024010519480,2024,010519480,3,9,0,2,2,0,0,0,0,2,0,0,0,0,1,1,6,6,3,-1,-1,-1,3,0,MERCEDES EQB CLASS,-1,-1,0,-1
2024311476043,2024,311476043,1,9,0,-1,9,1,3,-1,0,1,0,0,0,0,0,1,-1,6,2,38,7,-1,3,0,MERCEDES EQB CLASS,-1,-1,0,-1
2024010520540,2024,010520540,1,9,0,18,19,5,1,0,0,8,1,0,0,0,3,1,6,6,1,39,7,-1,3,0,MERCEDES EQB CLASS,4,E01001009,0,1
202454A797324,2024,54A797324,2,9,0,18,19,7,3,0,0,8,0,0,0,0,4,1,6,6,2,57,9,-1,3,1,MERCEDES EQB CLASS,6,E01015553,0,1
2024221482519,2024,221482519,2,9,0,-1,19,6,1,-1,0,0,0,0,0,0,1,1,-1,6,1,34,6,-1,3,0,MERCEDES EQB CLASS,4,E01028838,0,2
2024351452435,2024,351452435,2,9,0,-1,19,5,1,-1,0,1,0,0,0,0,1,1,-1,6,2,32,6,-1,3,1,MERCEDES EQB CLASS,8,E01030107,0,3
2024401528624,2024,401528624,1,9,0,-1,9,5,7,-1,0,5,0,11,0,0,1,1,-1,9,1,45,7,-1,3,2,MERCEDES EQB CLASS,9,E01017406,0,1
2024141409595,2024,141409595,2,9,0,-1,8,1,4,-1,0,1,0,0,0,0,3,1,-1,9,1,42,7,-1,3,1,MERCEDES EQB CLASS,7,E01008133,0,2
2024411521186,2024,411521186,1,9,0,-1,7,2,4,-1,0,6,0,0,0,0,-1,1,-1,1,1,58,9,-1,3,0,MERCEDES EQB CLASS,8,E01033029,0,1
2024041529121,2024,041529121,1,9,0,-1,12,6,2,-1,0,0,0,11,0,0,1,1,-1,6,1,73,10,-1,3,2,MERCEDES EQB CLASS,3,E01012588,0,1
2024010535657,2024,010535657,2,9,9,99,99,9,9,99,99,6,0,99,9,99,9,9,6,6,3,-1,-1,-1,3,0,MERCEDES EQB CLASS,-1,-1,0,-1
2024010537069,2024,010537069,1,9,0,9,9,7,5,0,0,5,0,0,0,0,4,1,6,6,1,44,7,-1,3,1,MERCEDES EQB CLASS,4,E01000915,0,1
2024010550437,2024,010550437,1,9,0,4,4,7,3,0,0,0,0,0,0,0,4,2,3,7,2,44,7,-1,3,0,MERCEDES EQB CLASS,4,E01002681,0,1
2024451487739,2024,451487739,2,9,0,-1,19,-1,-1,-1,0,0,0,0,0,0,1,1,-1,6,2,-1,-1,-1,3,2,MERCEDES EQB CLASS,-1,-1,0,-1
2024131486721,2024,131486721,2,9,0,-1,9,1,5,-1,0,8,0,0,0,0,2,1,-1,1,1,38,7,-1,3,1,MERCEDES EQB CLASS,9,E01011844,0,3
2024010520531,2024,010520531,2,9,0,99,99,9,9,99,99,9,9,99,9,99,9,9,6,6,1,38,7,-1,3,2,MERCEDES EQB CLASS,7,E01004173,0,2
2024430610315,2024,430610315,6,9,0,18,19,4,8,0,0,0,0,0,0,0,2,1,6,6,1,52,8,-1,3,1,MERCEDES EQB CLASS,-1,-1,0,-1
2024501451777,2024,501451777,1,9,0,-1,19,8,4,-1,0,0,0,0,0,0,2,1,-1,6,1,46,8,-1,3,1,MERCEDES EQB CLASS,4,E01018862,0,2
2024471397681,2024,471397681,1,9,0,-1,9,7,5,-1,0,5,0,0,0,0,1,1,-1,1,1,58,9,-1,3,2,MERCEDES EQB CLASS,10,E01031699,0,3
2024010518881,2024,010518881,1,9,0,3,3,5,1,5,5,1,0,0,0,0,4,1,6,6,1,52,8,-1,3,1,MERCEDES EQB CLASS,7,E01000993,0,1
2024010547880,2024,010547880,2,9,9,99,99,9,9,99,99,9,9,99,9,99,9,9,6,6,1,40,7,-1,3,0,MERCEDES EQB CLASS,7,E01001522,0,1
2024010543380,2024,010543380,2,9,0,18,19,5,1,0,0,9,0,99,0,0,1,1,6,6,3,-1,-1,-1,3,2,MERCEDES EQB CLASS,-1,-1,0,-1
2024471510576,2024,471510576,5,9,0,-1,3,8,4,-1,0,1,0,0,0,0,2,1,-1,9,1,75,10,-1,3,0,MERCEDES EQB CLASS,6,E01021130,0,1
2024991491251,2024,991491251,1,9,0,-1,13,2,6,-1,0,0,5,0,1,0,1,1,-1,6,1,19,4,-1,3,0,MERCEDES EQB CLASS,8,-1,0,2
2024421501807,2024,421501807,1,9,0,-1,5,1,1,-1,0,1,0,0,0,0,1,1,-1,9,1,48,8,-1,3,1,MERCEDES EQB CLASS,-1,-1,0,-1
2024010498143,2024,010498143,1,9,0,12,12,7,3,0,0,1,0,0,0,0,1,1,6,6,1,51,8,-1,3,1,MERCEDES EQB CLASS,9,E01002983,0,1
2024430538374,2024,430538374,3,9,0,18,19,6,2,0,0,0,0,0,0,0,1,1,2,2,1,40,7,-1,3,0,MERCEDES EQB CLASS,6,E01033856,0,4
2024231516280,2024,231516280,2,9,0,-1,19,3,7,-1,0,4,0,0,0,0,3,1,-1,9,2,55,8,1995,2,5,MINI COUNTRYMAN,10,E01009698,0,3
2024041518596,2024,041518596,2,9,0,-1,19,1,5,-1,0,0,0,0,0,0,1,1,-1,6,2,31,6,1998,1,6,MINI COUNTRYMAN,6,E01007059,0,3
2024010513170,2024,010513170,2,9,0,99,99,9,9,99,99,9,9,99,9,99,9,9,6,6,3,-1,-1,1998,1,5,MINI COUNTRYMAN,-1,-1,0,-1
2024332401049,2024,332401049,1,9,0,-1,19,1,4,-1,0,0,0,0,0,0,1,1,-1,6,2,61,9,1598,2,8,MINI COUNTRYMAN,10,E01025891,0,1
2024421494995,2024,421494995,1,9,0,-1,9,2,8,-1,0,8,0,0,0,0,1,1,-1,9,2,34,6,1499,8,4,MINI COUNTRYMAN,10,E01021366,0,3
2024010503457,2024,010503457,2,9,0,2,2,0,0,0,0,0,0,0,1,0,2,1,6,6,3,-1,-1,1998,1,5,MINI COUNTRYMAN,-1,-1,0,-1
2024041525001,2024,041525001,1,9,0,-1,19,1,5,-1,0,0,0,0,0,0,1,1,-1,2,2,67,10,1995,2,11,MINI COUNTRYMAN,1,E01025295,0,1
202417S202124,2024,17S202124,2,9,0,4,4,6,2,0,0,0,0,0,0,0,2,1,2,2,2,46,8,1499,1,2,MINI COUNTRYMAN,4,E01035202,0,2
2024440071858,2024,440071858,3,9,0,2,2,0,0,0,0,2,0,0,0,0,1,1,6,6,2,-1,-1,1499,1,6,MINI COUNTRYMAN,-1,-1,0,-1
2024010518692,2024,010518692,2,9,0,99,99,9,9,99,99,9,9,99,9,99,9,9,6,6,2,77,11,1499,1,5,MINI COUNTRYMAN,8,E01004075,0,1
2024501510068,2024,501510068,1,9,0,-1,19,5,1,-1,0,0,0,0,0,0,1,9,-1,6,2,19,4,1995,2,12,MINI COUNTRYMAN,7,E01020233,0,3
2024010491103,2024,010491103,1,9,0,9,9,1,7,0,0,6,0,0,0,0,1,1,2,2,2,44,7,1998,1,5,MINI COUNTRYMAN,8,E01003659,0,1
2024552400375,2024,552400375,2,9,0,18,19,6,2,0,0,0,0,0,1,0,1,1,6,6,1,50,8,1995,2,10,MINI COUNTRYMAN,5,E01031991,0,2
2024501435603,2024,501435603,2,9,0,-1,3,7,3,-1,0,1,0,0,0,0,2,9,-1,6,2,45,7,1499,1,6,MINI COUNTRYMAN,7,E01034624,0,2
2024041464196,2024,041464196,1,9,0,-1,19,-1,-1,-1,0,0,0,0,0,0,-1,9,-1,6,2,48,8,1499,8,5,MINI COUNTRYMAN,9,E01025490,0,1
2024041519702,2024,041519702,1,9,0,-1,19,6,2,-1,0,8,0,0,0,0,1,1,-1,9,2,53,8,1995,2,13,MINI COUNTRYMAN,2,E01025237,0,1
2024122400851,2024,122400851,1,9,0,1,1,3,7,0,0,0,0,0,0,0,2,1,6,6,2,63,9,1995,2,11,MINI COUNTRYMAN,9,E01013414,0,4
2024010507070,2024,010507070,1,9,0,99,99,9,9,99,99,0,9,99,9,99,2,9,2,2,2,51,8,1598,1,13,MINI COUNTRYMAN,8,E01030844,0,1
2024552401355,2024,552401355,2,9,0,18,19,4,8,0,0,0,0,0,0,0,1,1,6,6,2,40,7,1499,1,7,MINI COUNTRYMAN,6,E01020398,0,1
2024061498769,2024,061498769,1,9,0,-1,4,-1,-1,-1,0,0,0,0,0,0,3,1,-1,9,2,32,6,1499,1,6,MINI COUNTRYMAN,1,E01005756,0,1
2024421512035,2024,421512035,2,9,0,-1,2,0,0,-1,0,8,0,0,0,0,3,1,-1,6,1,52,8,1598,2,11,MINI COUNTRYMAN,5,E01021848,0,2
2024531452533,2024,531452533,1,9,0,-1,5,1,1,-1,0,0,0,0,7,0,1,1,-1,6,1,87,11,1499,1,1,MINI COUNTRYMAN,9,E01022304,0,1
2024161510608,2024,161510608,1,9,0,-1,19,6,2,-1,0,0,0,0,0,0,3,9,-1,2,2,47,8,1598,2,10,MINI COUNTRYMAN,2,E01013202,0,1
2024421457139,2024,421457139,3,9,0,-1,2,6,2,-1,0,0,0,0,0,0,1,1,-1,6,-1,-1,-1,1598,1,12,MINI COUNTRYMAN,-1,-1,0,-1
2024501521325,2024,501521325,1,9,0,-1,9,1,3,-1,0,8,0,0,0,0,1,1,-1,6,2,36,7,1995,2,8,MINI COUNTRYMAN,7,E01018879,0,2
2024543395024,2024,543395024,15,9,0,18,19,4,8,0,0,0,1,0,1,0,1,1,6,6,2,61,9,1995,2,10,MINI COUNTRYMAN,9,E01031863,0,3
2024311453313,2024,311453313,4,9,0,-1,19,8,3,-1,0,0,0,0,0,0,1,1,-1,6,2,28,6,1998,1,3,MINI COUNTRYMAN,8,E01028093,0,3
2024631420755,2024,631420755,1,9,0,-1,19,8,4,-1,0,0,0,0,0,0,1,1,-1,2,2,59,9,1598,2,10,MINI COUNTRYMAN,2,W01000707,0,1
2024302401802,2024,302401802,1,9,0,18,19,7,3,0,0,2,0,0,1,0,1,1,6,6,2,79,11,1499,1,3,MINI COUNTRYMAN,5,E01019669,0,1
2024461507410,2024,461507410,2,9,0,-1,5,1,5,-1,0,0,0,0,0,0,0,9,-1,6,1,44,7,1499,1,6,MINI COUNTRYMAN,6,E01024367,0,1
2024010499502,2024,010499502,2,9,0,99,99,9,9,99,99,9,9,99,9,99,1,9,6,6,3,34,6,1499,8,6,MINI COUNTRYMAN,3,E01002303,0,2
2024041459720,2024,041459720,1,9,0,-1,19,5,1,-1,0,0,0,0,0,0,1,1,-1,6,1,19,4,1995,2,12,MINI COUNTRYMAN,7,E01024984,0,1
2024141448106,2024,141448106,1,9,0,-1,4,5,5,-1,0,1,1,4,0,0,1,1,-1,9,1,65,9,1998,1,1,MINI COUNTRYMAN,4,E01007607,0,2
2024501486067,2024,501486067,1,9,0,-1,7,5,7,-1,0,6,0,0,0,0,1,1,-1,9,1,59,9,1995,2,11,MINI COUNTRYMAN,5,E01018842,0,4
2024631528955,2024,631528955,1,9,0,-1,4,2,6,-1,0,0,0,0,0,0,2,1,-1,6,1,38,7,1598,2,12,MINI COUNTRYMAN,1,W01001428,0,3
2024351506968,2024,351506968,1,9,0,-1,7,8,2,-1,0,5,0,0,0,0,0,1,-1,6,2,58,9,1598,1,10,MINI COUNTRYMAN,10,E01018248,0,1
2024991402765,2024,991402765,2,9,0,-1,4,4,7,-1,0,0,0,0,0,0,1,1,-1,6,1,52,8,1995,2,12,MINI COUNTRYMAN,6,-1,0,4
2024430534410,2024,430534410,2,9,0,18,19,6,2,0,0,0,0,0,0,0,1,1,6,6,1,42,7,1499,1,6,MINI COUNTRYMAN,10,E01028625,0,3
2024010496147,2024,010496147,2,9,0,9,9,4,1,0,0,1,0,0,7,0,1,1,1,1,1,31,6,1499,8,5,MINI COUNTRYMAN,9,E01030322,0,1
2024010537159,2024,010537159,2,9,0,6,6,9,9,99,99,9,9,99,9,99,9,9,6,6,3,68,10,1499,1,1,MINI COUNTRYMAN,6,E01002828,0,1
2024122400508,2024,122400508,1,9,0,18,19,1,5,0,0,1,0,0,0,0,1,1,3,7,2,51,8,1598,2,12,MINI COUNTRYMAN,8,E01027685,0,3
2024311509054,2024,311509054,2,9,0,-1,11,1,5,-1,0,1,0,0,0,0,1,1,-1,6,2,61,9,1499,8,5,MINI COUNTRYMAN,6,E01028298,0,1
2024052401693,2024,052401693,1,9,0,9,9,1,7,0,0,1,0,0,0,0,3,1,6,6,2,32,6,1499,1,6,MINI COUNTRYMAN,1,E01006447,0,1
2024010518553,2024,010518553,1,9,0,9,9,3,1,0,0,6,0,0,0,0,1,1,6,6,1,19,4,1998,1,7,MINI COUNTRYMAN,9,E01000248,0,1
2024221453815,2024,221453815,2,9,0,-1,19,8,4,-1,0,0,1,0,0,0,1,1,-1,6,1,53,8,1499,1,4,MINI COUNTRYMAN,5,E01028955,0,4
2024430016916,2024,430016916,2,9,0,15,15,1,5,0,0,1,0,0,7,0,3,1,6,6,2,49,8,1499,8,3,MINI COUNTRYMAN,10,E01016565,0,1
2024052400334,2024,052400334,1,9,0,18,19,5,1,0,0,0,0,0,0,0,1,1,6,6,2,45,7,1598,2,14,MINI COUNTRYMAN,8,E01025489,0,2
2024451435767,2024,451435767,2,9,0,-1,19,5,1,-1,1,1,0,0,0,0,2,1,-1,9,-1,55,8,1598,1,10,MINI COUNTRYMAN,9,E01003834,0,3
2024421404311,2024,421404311,1,9,0,-1,19,3,7,-1,0,0,0,0,0,0,4,1,-1,6,1,62,9,1499,1,1,MINI COUNTRYMAN,4,E01034370,0,1
2024531490821,2024,531490821,1,9,0,-1,9,5,1,-1,0,4,1,0,0,0,1,1,-1,6,2,37,7,1499,8,5,MINI COUNTRYMAN,9,E01022282,0,1
2024010504801,2024,010504801,1,9,0,18,19,5,1,0,0,8,0,0,0,0,4,1,6,6,1,55,8,1598,1,10,MINI COUNTRYMAN,-1,-1,0,-1
2024351567930,2024,351567930,1,9,0,-1,9,5,1,-1,0,4,0,0,0,0,1,1,-1,6,2,60,9,1499,1,7,MINI COUNTRYMAN,7,E01000139,0,4
2024361404913,2024,361404913,2,9,0,-1,2,0,0,-1,0,0,1,0,1,0,2,1,-1,6,1,58,9,1598,1,9,MINI COUNTRYMAN,6,E01026612,0,4
2024610007324,2024,610007324,3,9,0,18,19,7,3,0,0,0,0,0,0,0,1,1,6,6,2,52,8,1598,2,11,MINI COUNTRYMAN,5,W01001458,0,3
2024351539701,2024,351539701,2,9,0,-1,3,3,7,-1,0,0,0,0,0,0,2,1,-1,6,2,44,7,1995,2,12,MINI COUNTRYMAN,4,E01025789,0,4
2024010543519,2024,010543519,2,9,0,99,99,9,9,99,99,9,9,99,9,99,9,9,6,6,3,-1,-1,1598,1,10,MINI COUNTRYMAN,-1,-1,0,-1
2024451439649,2024,451439649,1,9,0,-1,19,3,7,-1,0,1,0,0,8,5,1,1,-1,9,2,72,10,1995,2,11,MINI COUNTRYMAN,9,E01030987,0,1
2024320584335,2024,320584335,1,9,0,-1,-1,6,2,0,0,0,1,0,1,0,1,1,-1,-1,1,24,5,1600,1,14,MINI COUNTRYMAN,5,E01026213,0,1
2024010507765,2024,010507765,2,9,0,99,99,9,9,99,99,9,9,99,9,99,9,9,6,6,3,-1,-1,1499,8,6,MINI COUNTRYMAN,8,E01002979,0,3
2024131407665,2024,131407665,1,9,0,-1,-1,-1,-1,-1,-1,-1,-1,-1,-1,0,-1,1,-1,6,3,-1,-1,1598,1,10,MINI COUNTRYMAN,-1,-1,0,-1
2024010535277,2024,010535277,2,9,0,99,99,9,9,99,99,9,9,99,9,99,9,9,6,6,3,-1,-1,1499,8,3,MINI COUNTRYMAN,-1,-1,0,-1
2024451456114,2024,451456114,3,9,0,-1,4,7,3,-1,0,1,0,0,0,0,2,1,-1,6,2,49,8,1499,8,6,MINI COUNTRYMAN,8,E01030556,0,1
2024101396212,2024,101396212,3,9,0,-1,3,5,1,-1,0,8,0,0,0,0,4,9,-1,9,2,56,9,1499,8,5,MINI COUNTRYMAN,6,E01008195,0,2
2024361467692,2024,361467692,2,9,0,-1,5,1,5,-1,0,8,0,0,0,0,1,1,-1,6,2,37,7,1598,1,10,MINI COUNTRYMAN,7,E01026754,0,3
2024070637326,2024,070637326,2,9,0,2,2,0,0,9,9,0,0,0,0,0,2,1,6,6,1,-1,-1,1598,1,8,MINI COUNTRYMAN,10,E01018406,0,1
2024131434579,2024,131434579,2,9,0,-1,19,7,7,-1,0,0,0,0,1,0,1,2,-1,2,2,32,6,1598,2,9,MINI COUNTRYMAN,2,E01007467,0,2
2024622400868,2024,622400868,2,9,0,18,19,8,4,0,0,1,0,0,0,0,2,1,6,6,2,43,7,1499,1,2,MINI COUNTRYMAN,8,W01001012,0,1
2024411443179,2024,411443179,2,9,0,-1,9,6,8,-1,0,1,0,0,0,0,1,1,-1,9,2,53,8,1998,1,7,MINI COUNTRYMAN,9,E01017703,0,3
2024141530825,2024,141530825,1,9,0,-1,19,3,7,-1,0,0,0,0,0,0,4,1,-1,6,2,55,8,1499,8,0,MINI COUNTRYMAN,6,E01007908,0,1
2024010500769,2024,010500769,2,9,0,18,19,3,7,0,0,1,0,0,0,0,1,1,2,2,2,44,7,1598,1,11,MINI COUNTRYMAN,3,E01012287,0,5
2024302401735,2024,302401735,2,9,0,-1,19,7,3,-1,0,8,0,0,0,0,4,1,-1,6,2,44,7,1499,1,1,MINI COUNTRYMAN,8,E01013489,0,1
2024421477616,2024,421477616,2,9,0,-1,19,4,8,-1,0,1,0,0,0,0,4,1,-1,9,2,48,8,1998,1,6,MINI COUNTRYMAN,5,E01022009,0,2
2024421437389,2024,421437389,2,9,0,-1,3,7,3,-1,0,0,0,0,0,0,2,1,-1,6,2,63,9,1499,1,1,MINI COUNTRYMAN,8,E01021537,0,1
2024141555008,2024,141555008,1,9,0,-1,3,5,1,-1,0,1,0,0,0,0,2,1,-1,6,2,29,6,1499,1,1,MINI COUNTRYMAN,-1,-1,0,-1
2024010527020,2024,010527020,1,9,0,99,99,9,9,99,99,9,9,99,9,99,3,9,6,6,2,56,9,1998,1,1,MINI COUNTRYMAN,3,E01015922,0,3
2024122400700,2024,122400700,1,9,0,18,19,7,3,0,0,1,0,0,0,0,1,1,6,6,2,86,11,1995,2,9,MINI COUNTRYMAN,2,E01012134,0,2
2024471456457,2024,471456457,2,9,0,-1,4,7,3,-1,0,0,0,0,0,0,2,1,-1,9,1,37,7,1995,2,13,MINI COUNTRYMAN,9,E01031714,0,4
2024421502990,2024,421502990,1,9,0,-1,19,5,1,-1,9,0,0,0,7,0,1,1,-1,6,1,26,6,1598,1,11,MINI COUNTRYMAN,-1,-1,0,-1
2024421419264,2024,421419264,2,9,0,-1,8,3,7,-1,0,4,0,0,0,0,2,9,-1,6,2,63,9,1499,8,2,MINI COUNTRYMAN,9,E01021285,0,3
2024010533544,2024,010533544,3,9,0,18,19,5,1,0,0,8,0,0,0,0,3,1,6,6,2,30,6,1998,8,0,MINI COUNTRYMAN,6,E01032591,0,5
2024010528014,2024,010528014,2,9,0,99,99,9,9,99,99,9,9,99,9,99,0,9,6,6,3,73,10,1598,1,9,MINI COUNTRYMAN,-1,-1,0,-1
202454F063124,2024,54F063124,1,9,0,9,9,1,6,0,0,6,0,0,0,0,2,1,6,6,2,41,7,1995,2,8,MINI COUNTRYMAN,7,E01015582,0,1
2024320189561,2024,320189561,2,9,0,9,9,2,8,0,0,5,0,0,1,1,3,1,-1,-1,2,29,6,1598,1,11,MINI COUNTRYMAN,10,E01013804,0,3
2024320352349,2024,320352349,1,9,0,-1,-1,1,5,0,0,0,0,0,0,0,1,1,1,1,2,75,10,1598,2,11,MINI COUNTRYMAN,5,E01026409,0,1
2024421422291,2024,421422291,1,9,0,-1,19,6,2,-1,0,2,0,0,0,0,1,1,-1,6,2,54,8,1598,1,8,MINI COUNTRYMAN,3,E01015843,0,1
2024461476905,2024,461476905,1,9,5,-1,4,5,1,-1,0,2,0,0,0,0,2,9,-1,9,2,42,7,1499,1,3,MINI COUNTRYMAN,6,E01024554,0,1
2024361438165,2024,361438165,3,9,0,-1,19,8,3,-1,0,0,0,0,0,0,3,1,-1,1,2,35,6,1598,2,14,MINI COUNTRYMAN,4,E01030257,0,3
2024471397029,2024,471397029,3,9,0,-1,3,6,2,-1,0,1,0,0,0,0,2,1,-1,6,2,55,8,1598,1,8,MINI COUNTRYMAN,10,E01031684,0,1
2024471434480,2024,471434480,2,9,0,-1,19,3,7,-1,0,8,0,0,0,0,1,1,-1,9,1,59,9,1499,8,3,MINI COUNTRYMAN,8,E01021230,0,1
2024320735931,2024,320735931,1,9,0,-1,-1,6,2,0,0,0,0,0,1,3,1,1,6,6,2,78,11,1499,1,5,MINI COUNTRYMAN,7,E01026066,0,2
2024041506484,2024,041506484,2,9,0,-1,19,5,1,-1,0,0,0,0,0,0,2,1,-1,1,1,65,9,1499,1,1,MINI COUNTRYMAN,9,E01007081,0,4
2024122400899,2024,122400899,2,9,0,18,19,6,2,0,0,0,0,0,0,0,2,1,2,2,1,38,7,1499,8,0,MINI COUNTRYMAN,9,E01034762,0,1
2024430480810,2024,430480810,1,9,0,9,9,5,4,0,0,2,0,0,0,0,1,1,1,1,1,29,6,1499,8,0,MINI COUNTRYMAN,8,E01017441,0,4
2024361407215,2024,361407215,2,9,0,-1,10,7,5,-1,0,6,0,0,0,0,1,1,-1,9,2,50,8,1598,1,8,MINI COUNTRYMAN,8,E01026835,0,1
2024471471856,2024,471471856,3,9,0,-1,2,0,0,-1,0,1,0,0,0,0,2,1,-1,6,-1,-1,-1,1598,1,12,MINI COUNTRYMAN,-1,-1,0,-1
2024122400586,2024,122400586,1,9,0,7,7,5,7,0,0,1,0,0,0,0,1,1,1,1,1,62,9,1598,2,12,MINI COUNTRYMAN,5,E01027630,0,1
2024031491147,2024,031491147,2,9,0,-1,4,8,4,-1,0,0,0,0,0,0,2,9,-1,9,1,53,8,1499,8,0,MINI COUNTRYMAN,-1,-1,0,-1
202417M307624,2024,17M307624,2,9,0,-1,19,7,3,-1,0,8,0,0,0,0,4,1,-1,9,2,55,8,1598,2,9,MINI COUNTRYMAN,4,E01012056,0,2
2024311529107,2024,311529107,2,9,0,-1,9,1,7,-1,0,1,0,0,0,0,1,2,-1,2,2,48,8,1995,2,5,MINI COUNTRYMAN,4,E01028239,0,1
2024991398036,2024,991398036,1,9,0,-1,19,3,7,-1,0,0,0,0,0,0,4,1,-1,9,1,55,8,1598,2,11,MINI COUNTRYMAN,10,-1,0,4
2024201485878,2024,201485878,3,9,0,-1,19,1,2,-1,0,8,0,0,0,0,3,1,-1,6,-1,-1,-1,1598,1,13,MINI COUNTRYMAN,-1,-1,0,-1
2024041429383,2024,041429383,2,9,0,-1,19,3,7,-1,9,1,0,0,1,0,3,1,-1,9,2,60,9,1995,2,5,MINI COUNTRYMAN,7,E01027814,0,5
2024010534249,2024,010534249,2,9,0,7,7,1,4,0,0,2,0,0,1,0,1,1,6,6,2,40,7,1995,2,7,MINI COUNTRYMAN,7,E01003867,0,1
2024451482563,2024,451482563,1,9,0,-1,15,2,6,-1,0,0,0,0,0,0,0,1,-1,2,2,55,8,1499,1,5,MINI COUNTRYMAN,7,E01030648,0,1
2024211429316,2024,211429316,1,9,0,-1,19,6,4,-1,0,0,2,12,1,0,2,9,-1,1,2,42,7,1995,2,8,MINI COUNTRYMAN,-1,-1,0,-1
2024421483055,2024,421483055,2,9,0,-1,5,2,8,-1,0,2,0,0,0,0,1,2,-1,6,2,57,9,1499,1,5,MINI COUNTRYMAN,-1,-1,0,-1
2024041397792,2024,041397792,2,9,0,-1,19,7,3,-1,0,0,0,0,0,0,3,1,-1,9,2,48,8,1499,8,4,MINI COUNTRYMAN,6,E01025026,0,1
2024501477798,2024,501477798,3,9,0,-1,19,3,7,-1,0,0,0,0,0,0,1,1,-1,9,1,52,8,1995,2,8,MINI COUNTRYMAN,7,E01015493,0,5
2024351526648,2024,351526648,2,9,0,-1,2,0,0,-1,0,1,0,4,0,0,2,1,-1,6,-1,-1,-1,1598,1,12,MINI COUNTRYMAN,-1,-1,0,-1
2024052400098,2024,052400098,1,9,0,18,19,2,6,0,0,8,0,0,0,0,1,1,2,2,2,52,8,1499,1,1,MINI COUNTRYMAN,7,E01007193,0,3
2024010516989,2024,010516989,3,9,0,2,2,0,0,0,0,0,0,0,0,0,0,1,6,6,3,-1,-1,1499,1,5,MINI COUNTRYMAN,-1,-1,0,-1
2024010541270,2024,010541270,1,9,0,99,99,9,9,99,99,9,9,99,9,99,9,9,6,6,2,34,6,1598,1,13,MINI COUNTRYMAN,5,E01001074,0,1
2024041524498,2024,041524498,1,9,0,-1,11,7,3,-1,0,1,0,0,0,0,1,1,-1,1,2,23,5,1995,2,10,MINI COUNTRYMAN,4,E01025335,0,4
2024411420643,2024,411420643,2,9,0,-1,19,2,5,-1,0,0,0,0,0,0,1,1,-1,6,1,34,6,1499,1,7,MINI COUNTRYMAN,6,E01023624,0,1
2024451474804,2024,451474804,2,9,9,-1,6,-1,-1,-1,0,0,0,0,0,0,1,1,-1,6,3,40,7,1499,1,5,MINI COUNTRYMAN,-1,-1,0,-1
2024010508073,2024,010508073,1,9,0,18,19,1,5,0,0,2,1,0,0,0,1,1,3,7,2,32,6,1598,1,13,MINI COUNTRYMAN,3,E01034207,0,1
2024421518944,2024,421518944,3,9,0,-1,9,7,4,-1,0,2,0,0,0,0,3,1,-1,6,2,29,6,1499,8,5,MINI COUNTRYMAN,10,E01021912,0,1
2024122400246,2024,122400246,1,9,0,5,5,6,8,0,0,6,0,0,0,0,1,1,6,6,2,36,7,1998,1,2,MINI COUNTRYMAN,9,E01013344,0,1
2024421525191,2024,421525191,3,9,0,-1,19,1,4,-1,0,2,0,0,0,0,3,1,-1,6,2,53,8,1598,1,10,MINI COUNTRYMAN,3,E01015988,0,1
2024010512149,2024,010512149,1,9,0,18,19,3,7,9,9,1,0,10,6,4,1,1,6,6,1,41,7,1598,1,12,MINI COUNTRYMAN,7,E01001866,0,1
2024471454761,2024,471454761,1,9,0,-1,9,5,3,-1,0,8,0,0,0,0,3,1,-1,7,2,36,7,1499,8,2,MINI COUNTRYMAN,9,E01035352,0,1