collision_index,collision_year,collision_ref_no,vehicle_reference,vehicle_type,towing_and_articulation,vehicle_manoeuvre_historic,vehicle_manoeuvre,vehicle_direction_from,vehicle_direction_to,vehicle_location_restricted_lane_historic,vehicle_location_restricted_lane,junction_location,skidding_and_overturning,hit_object_in_carriageway,vehicle_leaving_carriageway,hit_object_off_carriageway,first_point_of_impact,vehicle_left_hand_drive,journey_purpose_of_driver_historic,journey_purpose_of_driver,sex_of_driver,age_of_driver,age_band_of_driver,engine_capacity_cc,propulsion_code,age_of_vehicle,generic_make_model,driver_imd_decile,lsoa_of_driver,escooter_flag,driver_distance_banding
2024471477220,2024,471477220,2,9,0,-1,3,4,8,-1,0,1,0,0,0,0,0,1,-1,6,2,34,6,1598,2,9,MINI COUNTRYMAN,3,E01021057,0,1
2024231460263,2024,231460263,1,9,0,-1,4,6,2,-1,0,0,0,0,1,1,1,1,-1,9,1,72,10,1499,1,6,MINI COUNTRYMAN,7,E01031007,0,2
2024361517842,2024,361517842,3,9,0,-1,19,3,1,-1,0,0,0,0,1,0,2,1,-1,2,2,65,9,1600,1,13,MINI COUNTRYMAN,6,E01026870,0,2
2024041513290,2024,041513290,1,9,0,-1,9,5,7,-1,0,8,0,0,0,0,1,1,-1,2,2,62,9,1998,2,6,MINI COUNTRYMAN,4,E01025252,0,1
2024522403120,2024,522403120,2,9,0,18,19,3,7,0,0,8,0,0,0,0,2,1,6,6,2,34,6,1995,2,12,MINI COUNTRYMAN,9,E01014794,0,3
2024501441481,2024,501441481,1,9,-1,-1,19,5,1,-1,0,0,0,0,0,0,1,9,-1,6,2,21,5,1998,2,6,MINI COUNTRYMAN,6,E01018821,0,2
2024010531261,2024,010531261,2,9,0,18,19,1,5,0,0,8,0,0,0,0,1,1,6,6,2,52,8,1998,1,1,MINI COUNTRYMAN,2,E01001750,0,1
2024070420097,2024,070420097,1,9,0,18,19,5,1,0,0,0,1,0,0,0,1,1,6,6,2,44,7,1998,1,2,MINI COUNTRYMAN,7,E01018736,0,3
2024052400321,2024,052400321,1,9,0,1,1,5,1,0,0,1,0,0,0,0,2,1,6,6,1,62,9,1995,2,12,MINI COUNTRYMAN,6,E01007307,0,1
2024461536073,2024,461536073,2,9,0,-1,9,8,6,-1,0,1,0,0,0,0,2,1,-1,6,2,48,8,1995,2,11,MINI COUNTRYMAN,2,E01024078,0,1
2024371498546,2024,371498546,2,9,0,-1,3,-1,-1,-1,0,4,0,0,0,0,2,1,-1,2,2,31,6,1995,2,11,MINI COUNTRYMAN,9,E01030089,0,3
2024131520549,2024,131520549,2,9,0,-1,19,7,3,-1,0,0,0,0,0,0,2,1,-1,6,2,41,7,1995,2,6,MINI COUNTRYMAN,5,E01011793,0,2
2024041500260,2024,041500260,1,9,0,-1,13,7,3,-1,0,0,5,10,2,3,1,1,-1,9,1,29,6,1598,1,10,MINI COUNTRYMAN,1,E01034232,0,4
2024461502257,2024,461502257,2,9,0,-1,19,4,7,-1,0,0,1,0,0,0,1,1,-1,7,2,48,8,1995,2,13,MINI COUNTRYMAN,10,E01024853,0,1
2024010517513,2024,010517513,1,9,0,9,9,8,5,0,0,5,0,0,0,0,3,1,1,1,1,44,7,1499,8,2,MINI COUNTRYMAN,5,E01033917,0,2
2024471506194,2024,471506194,1,9,0,-1,19,7,3,-1,0,0,0,0,0,0,1,1,-1,9,2,84,11,1598,2,12,MINI COUNTRYMAN,10,E01031774,0,1
202460Q186345,2024,60Q186345,1,9,0,4,4,1,5,0,0,0,0,0,0,0,2,1,6,6,1,54,8,1998,1,1,MINI COUNTRYMAN,-1,-1,0,-1
2024421512528,2024,421512528,2,9,0,-1,19,2,7,-1,0,0,0,0,0,0,1,1,-1,9,2,51,8,1499,1,4,MINI COUNTRYMAN,7,E01033145,0,1
2024061500843,2024,061500843,2,9,0,-1,19,1,5,-1,0,1,0,0,0,0,4,1,-1,9,2,41,7,1499,1,1,MINI COUNTRYMAN,3,E01005181,0,1
2024401456645,2024,401456645,2,9,-1,-1,-1,-1,-1,-1,-1,0,-1,-1,-1,0,4,9,-1,9,2,20,4,1499,1,6,MINI COUNTRYMAN,5,E01015767,0,1
2024522401706,2024,522401706,1,9,0,1,1,1,5,0,0,6,0,0,0,0,2,1,6,6,2,43,7,1499,8,2,MINI COUNTRYMAN,7,E01014677,0,1
2024430446723,2024,430446723,2,9,0,9,9,7,5,0,0,0,0,0,0,0,1,1,6,6,2,63,9,1499,8,3,MINI COUNTRYMAN,4,E01028516,0,1
2024421437988,2024,421437988,4,9,0,-1,4,7,3,-1,0,0,0,0,0,0,1,1,-1,9,1,42,7,1499,8,1,MINI COUNTRYMAN,7,E01015967,0,1
2024531483478,2024,531483478,2,9,0,-1,19,6,2,-1,0,0,0,0,0,0,1,1,-1,9,1,54,8,1499,8,3,MINI COUNTRYMAN,8,E01034781,0,3
2024031437498,2024,031437498,1,9,0,-1,19,7,4,-1,0,0,0,0,0,0,4,1,-1,9,2,55,8,1499,1,6,MINI COUNTRYMAN,2,E01020798,0,4
2024061459675,2024,061459675,1,9,0,-1,5,5,1,-1,0,1,0,0,0,0,1,1,-1,6,1,25,5,1998,1,3,MINI COUNTRYMAN,7,E01004775,0,1
2024544255224,2024,544255224,2,9,0,18,19,1,5,0,0,0,0,0,0,0,4,1,6,6,1,41,7,1499,8,5,MINI COUNTRYMAN,9,E01032702,0,2
2024070999909,2024,070999909,1,9,0,-1,3,5,1,-1,0,1,0,0,0,0,1,1,-1,2,2,32,6,1499,1,3,MINI COUNTRYMAN,8,E01018555,0,2
2024991495943,2024,991495943,2,9,0,-1,3,2,6,-1,0,0,0,0,0,0,3,1,-1,9,2,56,9,1998,8,0,MINI COUNTRYMAN,-1,-1,0,-1
2024010500930,2024,010500930,2,9,0,99,99,9,9,99,99,9,9,99,9,99,1,9,6,6,3,-1,-1,1998,1,2,MINI COUNTRYMAN,-1,-1,0,-1
2024340NN1092,2024,340NN1092,2,9,0,-1,19,1,5,-1,0,0,0,0,1,0,2,1,-1,1,1,46,8,1598,2,12,MINI COUNTRYMAN,9,E01027116,0,2
2024440172864,2024,440172864,1,9,0,1,1,2,6,0,0,0,0,0,0,0,2,1,6,6,2,-1,-1,1499,1,3,MINI COUNTRYMAN,-1,-1,0,-1
2024141494224,2024,141494224,1,9,0,-1,19,7,3,-1,0,0,0,0,0,0,4,1,-1,6,2,50,8,1995,2,7,MINI COUNTRYMAN,5,E01007330,0,2
2024461492057,2024,461492057,1,9,0,-1,19,2,6,-1,0,8,0,0,0,0,3,1,-1,9,2,57,9,1598,1,8,MINI COUNTRYMAN,8,E01021171,0,1
2024131492238,2024,131492238,2,9,0,-1,-1,-1,-1,-1,-1,0,-1,-1,-1,-1,4,1,-1,9,1,24,5,1499,8,0,MINI COUNTRYMAN,7,W01000081,0,5
2024471507704,2024,471507704,1,9,0,-1,9,5,7,-1,0,1,0,0,0,0,4,1,-1,9,1,62,9,1998,1,4,MINI COUNTRYMAN,8,E01024475,0,4
2024421489908,2024,421489908,2,9,0,-1,19,3,7,-1,0,0,0,0,0,0,2,1,-1,9,2,49,8,1598,1,8,MINI COUNTRYMAN,6,E01021723,0,3
2024311529660,2024,311529660,2,9,0,-1,2,0,0,-1,0,0,0,0,0,0,2,2,-1,6,2,46,8,1499,8,6,MINI COUNTRYMAN,-1,-1,0,-1
2024471427765,2024,471427765,2,9,0,-1,19,1,5,-1,0,0,0,0,0,0,2,1,-1,9,1,70,10,1499,8,3,MINI COUNTRYMAN,5,E01020932,0,3
2024340NN2332,2024,340NN2332,2,9,0,-1,11,3,1,-1,0,3,0,0,0,0,4,1,-1,6,1,66,10,1998,1,1,MINI COUNTRYMAN,9,E01027080,0,3
2024361482847,2024,361482847,1,9,0,-1,19,1,5,-1,0,0,0,0,0,0,1,1,-1,9,2,17,4,1995,2,12,MINI COUNTRYMAN,4,E01018847,0,5
2024401498143,2024,401498143,1,9,0,-1,-1,-1,-1,-1,-1,-1,-1,-1,-1,0,-1,9,-1,6,1,20,4,1598,1,10,MINI COUNTRYMAN,6,E01017569,0,2
2024221407114,2024,221407114,1,9,0,-1,19,6,2,-1,0,0,0,4,2,0,1,9,-1,6,2,26,6,1499,8,6,MINI COUNTRYMAN,9,E01032148,0,1
2024471523240,2024,471523240,4,9,0,-1,2,0,0,-1,0,0,0,0,0,0,1,1,-1,6,-1,-1,-1,1499,1,1,MINI COUNTRYMAN,-1,-1,0,-1
2024010497508,2024,010497508,1,9,0,9,9,7,5,0,0,6,0,0,0,0,1,1,6,6,1,60,9,1998,1,4,MINI COUNTRYMAN,2,E01001012,0,1
2024221539054,2024,221539054,2,9,0,-1,9,6,5,-1,0,6,0,0,0,0,1,9,-1,6,2,58,9,1995,2,13,MINI COUNTRYMAN,8,E01032441,0,1
2024520500409,2024,520500409,1,9,0,3,3,4,8,0,0,0,0,0,0,0,2,1,6,6,2,50,8,1598,2,12,MINI COUNTRYMAN,7,E01029078,0,3
2024131491764,2024,131491764,1,9,0,-1,19,7,5,-1,0,1,1,0,0,0,1,1,-1,9,1,38,7,1995,2,12,MINI COUNTRYMAN,6,E01011155,0,1
2024430360930,2024,430360930,1,9,0,9,9,8,7,0,0,6,0,0,0,0,1,1,6,6,2,77,11,1499,1,3,MINI COUNTRYMAN,7,E01017673,0,2
2024401545362,2024,401545362,1,9,0,-1,19,1,5,-1,0,0,0,0,1,6,1,1,-1,6,1,18,4,1995,2,10,MINI COUNTRYMAN,10,E01023817,0,4
2024010547179,2024,010547179,1,9,0,18,19,7,3,0,0,8,0,0,0,0,4,1,6,6,1,22,5,1499,1,7,MINI COUNTRYMAN,3,E01035640,0,1
2024631481974,2024,631481974,1,9,0,-1,3,5,1,-1,0,8,0,0,0,0,2,1,-1,6,2,65,9,1995,2,10,MINI COUNTRYMAN,3,W01000681,0,2
2024501461939,2024,501461939,1,9,0,-1,19,3,7,-1,0,8,0,0,0,0,3,1,-1,9,2,58,9,1998,8,0,MINI COUNTRYMAN,7,E01018889,0,3
2024122401052,2024,122401052,2,9,2,5,5,7,5,0,0,2,0,0,0,0,1,1,6,6,2,71,10,1995,2,10,MINI COUNTRYMAN,9,E01013438,0,1
2024211520577,2024,211520577,2,9,0,-1,9,7,5,-1,0,2,0,0,0,0,1,1,-1,9,1,59,9,1499,8,4,MINI COUNTRYMAN,8,E01029515,0,1
2024201431802,2024,201431802,2,9,0,-1,19,6,2,-1,0,8,0,0,0,0,1,9,-1,6,1,63,9,1995,2,11,MINI COUNTRYMAN,3,E01010422,0,1
2024010503303,2024,010503303,1,9,0,7,7,5,7,0,0,5,0,0,0,0,4,1,6,6,1,23,5,1499,1,3,MINI COUNTRYMAN,4,E01033745,0,1
2024421402727,2024,421402727,1,9,0,-1,19,7,3,-1,0,7,0,0,7,0,4,1,-1,9,2,27,6,1499,1,6,MINI COUNTRYMAN,10,E01030180,0,4
2024421481557,2024,421481557,2,9,0,-1,4,2,4,-1,0,0,0,0,0,0,2,1,-1,9,2,25,5,1600,2,13,MINI COUNTRYMAN,5,E01022008,0,4
2024010543375,2024,010543375,2,9,0,99,99,9,9,99,99,9,9,99,9,99,1,9,6,6,3,-1,-1,1598,1,10,MINI COUNTRYMAN,-1,-1,0,-1
2024221415278,2024,221415278,2,9,0,-1,9,4,3,-1,0,6,0,0,0,0,3,9,-1,6,2,41,7,1598,1,10,MINI COUNTRYMAN,4,E01032301,0,1
2024411495561,2024,411495561,1,9,0,-1,19,5,1,-1,0,8,0,0,0,0,0,1,-1,2,2,50,8,1598,2,12,MINI COUNTRYMAN,7,E01023618,0,1
2024501488198,2024,501488198,1,9,0,-1,5,2,6,-1,0,4,0,0,0,0,1,1,-1,2,1,56,9,1598,1,12,MINI COUNTRYMAN,3,E01018978,0,1
2024461416496,2024,461416496,1,9,0,-1,19,6,2,-1,0,0,0,0,0,0,1,1,-1,6,2,70,10,1598,2,11,MINI COUNTRYMAN,7,E01024069,0,4
2024010494560,2024,010494560,2,9,0,18,19,1,5,0,0,0,0,0,0,0,1,1,6,6,2,49,8,1499,8,5,MINI COUNTRYMAN,2,E01003191,0,3
2024461458044,2024,461458044,2,9,0,-1,19,5,3,-1,0,0,0,0,7,0,4,1,-1,6,2,47,8,1499,8,3,MINI COUNTRYMAN,8,E01024708,0,4
2024101485932,2024,101485932,2,9,0,-1,19,7,3,-1,0,8,0,0,0,0,4,1,-1,9,2,64,9,1598,1,10,MINI COUNTRYMAN,5,E01027365,0,3
2024471400507,2024,471400507,1,9,0,-1,19,4,8,-1,0,0,5,0,7,0,1,1,-1,9,1,62,9,1499,8,2,MINI COUNTRYMAN,6,E01021104,0,2
2024031494632,2024,031494632,1,9,0,-1,5,6,3,-1,0,0,0,0,0,0,1,1,-1,9,2,59,9,1598,1,13,MINI COUNTRYMAN,5,E01019151,0,1
2024131451998,2024,131451998,1,9,0,-1,-1,-1,-1,-1,-1,0,-1,-1,-1,-1,-1,1,-1,6,3,-1,-1,1995,2,8,MINI COUNTRYMAN,-1,-1,0,-1
2024411427867,2024,411427867,2,9,0,-1,19,3,7,-1,0,1,0,0,0,0,1,1,-1,6,2,53,8,1499,8,6,MINI COUNTRYMAN,10,E01023694,0,1
2024010501937,2024,010501937,2,9,0,15,15,1,5,0,0,0,2,0,0,0,1,2,6,6,1,27,6,1998,1,2,MINI COUNTRYMAN,2,E01000931,0,2
2024411465187,2024,411465187,2,9,0,-1,19,7,3,-1,0,8,0,0,1,4,4,1,-1,7,2,37,7,1600,1,12,MINI COUNTRYMAN,7,E01023947,0,1
2024361503668,2024,361503668,1,9,0,-1,19,3,7,-1,0,0,0,4,0,0,1,1,-1,9,1,41,7,1499,8,2,MINI COUNTRYMAN,3,E01006639,0,5
2024201433319,2024,201433319,1,9,0,-1,5,6,2,-1,0,0,0,4,0,0,1,9,-1,9,2,69,10,1598,1,10,MINI COUNTRYMAN,10,E01031202,0,4
2024361520652,2024,361520652,1,9,0,-1,9,8,6,-1,0,0,0,0,0,0,4,1,-1,9,2,72,10,1998,1,4,MINI COUNTRYMAN,5,E01026728,0,2
2024552401466,2024,552401466,1,9,0,5,5,2,6,0,0,8,0,0,0,0,1,1,6,6,2,69,10,1499,8,0,MINI COUNTRYMAN,10,E01020395,0,2
2024211415277,2024,211415277,2,9,0,-1,3,7,3,-1,0,0,0,0,0,0,1,1,-1,6,2,78,11,1995,2,11,MINI COUNTRYMAN,-1,-1,0,-1
2024010490958,2024,010490958,3,9,0,4,4,4,8,0,0,0,0,0,0,0,2,1,6,6,1,57,9,1998,1,4,MINI COUNTRYMAN,6,E01023506,0,4
2024520003096,2024,520003096,2,9,0,2,2,0,0,0,0,0,0,0,0,0,4,1,6,6,3,-1,-1,1499,1,6,MINI COUNTRYMAN,-1,-1,0,-1
2024471482597,2024,471482597,2,9,0,-1,2,0,0,-1,0,0,0,0,0,0,4,1,-1,6,-1,-1,-1,1998,1,4,MINI COUNTRYMAN,-1,-1,0,-1
2024440329111,2024,440329111,1,9,0,18,19,5,1,0,0,1,0,0,0,0,1,1,6,6,1,45,7,1995,2,11,MINI COUNTRYMAN,7,E01022813,0,1
2024991472579,2024,991472579,3,9,0,-1,19,7,7,-1,0,0,0,0,0,0,2,1,-1,9,2,63,9,1499,1,1,MINI COUNTRYMAN,9,-1,0,1
2024501426918,2024,501426918,1,9,0,-1,4,6,1,-1,0,8,0,0,0,0,2,1,-1,6,2,45,7,1995,2,11,MINI COUNTRYMAN,5,E01019050,0,4
2024371393813,2024,371393813,1,9,0,-1,19,3,7,-1,0,0,0,0,0,0,1,1,-1,6,2,51,8,1598,2,8,MINI COUNTRYMAN,10,E01030172,0,1
2024041462736,2024,041462736,3,9,0,-1,2,3,7,-1,9,0,0,0,1,2,2,1,-1,6,-1,-1,-1,1598,1,8,MINI COUNTRYMAN,-1,-1,0,-1
2024010550038,2024,010550038,1,9,0,16,19,3,7,5,5,1,0,0,1,0,1,1,6,6,2,62,9,1998,1,3,MINI COUNTRYMAN,5,E01002913,0,1
2024131509091,2024,131509091,1,9,0,-1,19,1,5,-1,0,0,0,0,0,0,2,1,-1,1,1,60,9,1598,2,13,MINI COUNTRYMAN,8,E01011496,0,1
2024461528257,2024,461528257,1,9,0,-1,19,-1,-1,-1,0,0,0,0,0,0,3,9,-1,6,2,71,10,1499,1,3,MINI COUNTRYMAN,8,E01024077,0,3
2024010503546,2024,010503546,2,9,0,6,6,1,1,0,0,1,0,0,0,0,1,1,6,6,2,45,7,1598,1,10,MINI COUNTRYMAN,5,E01003878,0,2
2024041426823,2024,041426823,1,9,0,-1,19,5,1,-1,0,0,0,0,2,7,1,1,-1,6,2,70,10,1598,1,9,MINI COUNTRYMAN,3,E01025063,0,3
2024421531959,2024,421531959,1,9,0,-1,19,3,7,-1,0,0,0,0,0,0,1,1,-1,9,1,26,6,1600,2,13,MINI COUNTRYMAN,5,E01021489,0,4
2024471520905,2024,471520905,1,9,0,-1,19,6,2,-1,0,0,0,0,0,0,1,1,-1,6,2,74,10,1598,1,10,MINI COUNTRYMAN,4,E01021114,0,1
2024440254071,2024,440254071,1,9,0,18,19,4,8,0,0,0,0,0,1,0,4,1,6,6,1,63,9,1600,1,13,MINI COUNTRYMAN,10,E01023024,0,1
2024451404431,2024,451404431,1,9,0,-1,19,1,5,-1,0,0,0,0,0,0,1,9,-1,6,2,45,7,1995,2,8,MINI COUNTRYMAN,10,E01030799,0,1
2024531467586,2024,531467586,1,9,0,-1,19,5,1,-1,0,0,0,0,0,0,4,1,-1,9,2,78,11,1598,1,9,MINI COUNTRYMAN,7,E01022345,0,1
2024451469526,2024,451469526,2,9,0,-1,19,1,5,-1,0,1,1,0,0,0,1,1,-1,2,1,58,9,1598,1,11,MINI COUNTRYMAN,8,E01030875,0,2
2024440241820,2024,440241820,1,9,0,9,9,4,2,0,0,5,0,0,0,0,4,1,6,6,1,53,8,1998,1,7,MINI COUNTRYMAN,5,E01003040,0,5
2024041531293,2024,041531293,2,9,0,-1,19,7,3,-1,0,2,0,0,0,0,3,1,-1,9,2,43,7,1998,1,4,MINI COUNTRYMAN,6,E01025535,0,1
2024421433260,2024,421433260,3,9,0,-1,19,5,1,-1,0,0,0,0,0,0,0,1,-1,6,2,49,8,1499,1,4,MINI COUNTRYMAN,5,E01021802,0,1
2024010518862,2024,010518862,1,9,0,18,19,5,1,0,0,0,5,0,0,0,1,1,6,6,1,32,6,1600,1,13,MINI COUNTRYMAN,4,E01001023,0,1
2024461536277,2024,461536277,2,9,0,-1,19,3,7,-1,0,0,0,0,0,0,1,1,-1,6,1,-1,-1,1499,8,6,MINI COUNTRYMAN,9,E01024802,0,4
2024501514866,2024,501514866,2,9,0,-1,19,5,1,-1,0,0,1,0,2,10,1,2,-1,2,2,56,9,1995,2,11,MINI COUNTRYMAN,9,E01020158,0,3
2024552400223,2024,552400223,1,9,0,9,9,8,5,0,0,1,0,0,0,0,1,1,6,6,1,33,6,1598,2,11,MINI COUNTRYMAN,10,E01015398,0,1
2024302400343,2024,302400343,2,9,0,18,19,7,3,0,0,8,0,0,0,0,4,1,2,2,2,32,6,1995,2,12,MINI COUNTRYMAN,2,E01013508,0,1
2024461441929,2024,461441929,2,9,0,-1,4,7,3,-1,0,0,0,0,0,0,2,1,-1,9,1,31,6,1499,1,6,MINI COUNTRYMAN,7,E01024553,0,2
2024430359989,2024,430359989,2,9,0,18,19,4,8,0,0,8,0,0,0,0,3,1,6,6,1,42,7,1600,2,13,MINI COUNTRYMAN,10,E01017794,0,1
2024411492868,2024,411492868,1,9,0,-1,10,7,3,-1,0,0,0,0,0,0,3,1,-1,6,2,63,9,1998,1,1,MINI COUNTRYMAN,5,E01023542,0,1
2024010517040,2024,010517040,2,9,9,99,99,9,9,99,99,9,9,99,9,99,9,9,6,6,2,-1,-1,1499,8,3,MINI COUNTRYMAN,-1,-1,0,-1
2024311477293,2024,311477293,1,9,0,-1,19,2,5,-1,0,8,0,0,0,0,1,1,-1,6,2,70,10,1998,1,6,MINI COUNTRYMAN,6,E01028312,0,3
2024440364765,2024,440364765,1,9,0,9,9,6,2,0,0,6,0,0,0,0,3,1,6,6,2,55,8,1998,1,6,MINI COUNTRYMAN,7,E01003762,0,5
2024052401204,2024,052401204,1,9,0,16,19,1,5,0,0,0,0,0,7,11,1,1,6,6,2,86,11,1499,1,4,MINI COUNTRYMAN,9,E01006825,0,1
2024522401385,2024,522401385,2,9,0,18,19,8,4,0,0,0,0,0,0,0,1,1,6,6,1,71,10,1499,1,2,MINI COUNTRYMAN,10,E01014749,0,2
2024010528598,2024,010528598,1,9,0,18,19,2,6,0,0,1,1,0,0,0,3,1,6,6,1,34,6,1598,1,12,MINI COUNTRYMAN,9,E01021748,0,1
2024010531336,2024,010531336,5,9,0,2,2,0,0,0,0,0,0,0,0,0,2,1,6,6,3,-1,-1,1499,8,6,MINI COUNTRYMAN,-1,-1,0,-1
2024131503859,2024,131503859,1,9,0,-1,4,8,4,-1,0,0,0,0,0,0,1,1,-1,9,2,70,10,1499,1,5,MINI COUNTRYMAN,7,E01011635,0,2
2024451406947,2024,451406947,2,9,0,-1,9,1,5,-1,0,5,0,0,0,0,1,1,-1,6,1,40,7,1499,8,6,MINI COUNTRYMAN,8,E01030877,0,3
2024411528166,2024,411528166,1,9,0,-1,19,3,6,-1,0,4,0,0,0,0,1,1,-1,6,1,41,7,1598,1,11,MINI COUNTRYMAN,7,E01000492,0,4
2024461452496,2024,461452496,1,9,0,-1,19,7,3,-1,0,2,0,0,0,0,1,1,-1,9,1,33,6,1995,2,10,MINI COUNTRYMAN,1,E01035316,0,1
2024010506531,2024,010506531,1,9,0,99,99,9,9,99,99,9,9,99,9,99,9,9,6,6,3,-1,-1,1499,1,2,MINI COUNTRYMAN,-1,-1,0,-1
2024010503904,2024,010503904,1,9,0,18,19,7,3,0,0,0,0,0,0,0,1,1,6,6,1,37,7,1499,1,3,MINI COUNTRYMAN,3,E01000579,0,2
2024451422858,2024,451422858,3,9,0,-1,19,7,3,-1,0,0,0,0,0,0,2,1,-1,2,2,54,8,1499,8,3,MINI COUNTRYMAN,10,E01017651,0,4
2024010538329,2024,010538329,1,9,0,15,15,7,3,0,0,2,0,0,0,0,1,1,6,6,2,45,7,1499,8,5,MINI COUNTRYMAN,4,E01000625,0,1
2024201443523,2024,201443523,8,9,0,-1,2,0,0,-1,0,1,0,0,0,0,1,1,-1,6,2,54,8,1598,2,12,MINI COUNTRYMAN,1,E01033646,0,2
2024161462680,2024,161462680,3,9,0,-1,19,4,8,-1,0,0,0,0,0,0,2,1,-1,9,2,38,7,1499,8,6,MINI COUNTRYMAN,4,E01002805,0,5
2024010488404,2024,010488404,1,9,5,18,19,7,3,0,0,3,0,0,0,0,1,1,6,6,1,77,11,1499,8,4,MINI COUNTRYMAN,7,E01002582,0,1
2024131503587,2024,131503587,2,9,0,-1,19,5,1,-1,0,1,0,0,0,0,1,1,-1,2,2,64,9,1598,1,9,MINI COUNTRYMAN,4,E01010688,0,1
2024461442190,2024,461442190,2,9,0,-1,19,6,2,-1,0,0,0,0,0,0,2,1,-1,6,2,42,7,1998,1,6,MINI COUNTRYMAN,8,E01030835,0,4
2024371451224,2024,371451224,2,9,0,-1,19,2,6,-1,0,8,0,0,0,0,1,1,-1,6,1,45,7,1598,2,10,MINI COUNTRYMAN,6,E01029945,0,1
2024201498675,2024,201498675,3,9,0,-1,19,5,1,-1,0,1,0,0,0,0,1,1,-1,2,2,52,8,1998,1,7,MINI COUNTRYMAN,8,E01009472,0,1
2024471454003,2024,471454003,2,9,0,-1,8,5,7,-1,0,1,0,0,0,0,1,1,-1,7,2,38,7,1998,1,4,MINI COUNTRYMAN,5,E01032836,0,1
2024010511918,2024,010511918,2,9,0,4,4,3,7,0,0,1,0,0,0,0,0,1,6,6,2,63,9,1499,1,5,MINI COUNTRYMAN,7,E01000693,0,1
2024320638926,2024,320638926,1,9,0,4,4,4,8,9,9,6,0,0,3,10,3,1,-1,-1,1,80,11,1995,2,12,MINI COUNTRYMAN,7,E01026089,0,1
2024361467128,2024,361467128,2,9,0,-1,11,6,5,-1,0,0,0,0,0,0,3,1,-1,9,2,40,7,1193,1,6,MITSUBISHI MIRAGE,8,E01028545,0,5
2024311465574,2024,311465574,1,9,0,-1,19,4,7,-1,0,4,0,9,3,0,1,1,-1,6,1,36,7,1193,1,10,MITSUBISHI MIRAGE,1,E01034929,0,4
2024101514967,2024,101514967,1,9,0,-1,5,5,6,-1,0,0,0,0,0,0,3,1,-1,6,1,87,11,1193,1,5,MITSUBISHI MIRAGE,10,E01027468,0,4
2024501429872,2024,501429872,1,9,0,-1,19,6,2,-1,0,0,0,0,0,0,4,9,-1,6,1,84,11,1193,1,11,MITSUBISHI MIRAGE,8,E01019898,0,2
2024501431185,2024,501431185,1,9,0,-1,9,6,5,-1,0,1,0,0,7,0,1,9,-1,9,2,82,11,1193,1,6,MITSUBISHI MIRAGE,5,E01020308,0,3
2024010534182,2024,010534182,1,9,0,7,7,3,5,0,0,6,0,0,0,0,4,1,3,7,2,25,5,1193,1,10,MITSUBISHI MIRAGE,4,E01003062,0,1
2024201525933,2024,201525933,1,9,0,-1,4,5,1,-1,0,0,0,0,0,0,1,9,-1,9,2,38,7,1193,1,5,MITSUBISHI MIRAGE,8,E01010346,0,2
2024161411990,2024,161411990,1,9,0,-1,5,7,3,-1,0,8,0,0,0,0,3,1,-1,2,1,35,6,1193,1,10,MITSUBISHI MIRAGE,1,E01012903,0,1
2024610031624,2024,610031624,1,9,0,3,3,4,8,0,0,1,0,0,0,0,2,1,6,6,2,43,7,1193,1,11,MITSUBISHI MIRAGE,2,W01001498,0,1
2024461512059,2024,461512059,2,9,0,-1,19,3,7,-1,0,6,0,0,0,0,2,1,-1,9,1,33,6,1193,1,10,MITSUBISHI MIRAGE,2,E01024664,0,1
2024122400608,2024,122400608,2,9,0,18,19,2,6,0,0,8,0,0,1,4,4,1,6,6,2,77,11,1193,1,11,MITSUBISHI MIRAGE,7,E01027863,0,1
2024201439177,2024,201439177,2,9,0,-1,19,7,3,-1,0,1,0,0,0,0,3,1,-1,6,1,59,9,1193,1,5,MITSUBISHI MIRAGE,1,E01009016,0,1
2024041526321,2024,041526321,2,9,0,-1,19,1,5,-1,0,0,0,0,7,0,4,1,-1,9,2,66,10,1193,1,8,MITSUBISHI MIRAGE,5,E01005018,0,2
2024010526771,2024,010526771,2,9,0,2,2,0,0,9,9,8,0,0,0,0,3,1,6,6,3,-1,-1,1193,1,7,MITSUBISHI MIRAGE,-1,-1,0,-1
2024101427474,2024,101427474,2,9,-1,-1,19,7,3,-1,0,1,0,0,0,0,3,9,-1,2,2,32,6,1193,1,11,MITSUBISHI MIRAGE,4,E01008875,0,1
2024161485315,2024,161485315,3,9,0,-1,2,0,0,-1,9,0,0,0,0,0,2,1,-1,6,-1,-1,-1,1193,1,10,MITSUBISHI MIRAGE,-1,-1,0,-1
2024991425018,2024,991425018,1,9,0,-1,9,6,4,-1,0,1,0,0,0,0,4,1,-1,9,1,82,11,1193,1,10,MITSUBISHI MIRAGE,9,-1,0,1
2024522401225,2024,522401225,2,9,0,18,19,8,4,0,0,0,0,0,0,0,1,1,6,6,2,31,6,1193,1,4,MITSUBISHI MIRAGE,7,E01035217,0,3
2024430353224,2024,430353224,1,9,0,5,5,5,1,0,0,4,0,0,0,0,1,1,2,2,2,43,7,1193,1,10,MITSUBISHI MIRAGE,-1,-1,0,-1
2024549705224,2024,549705224,1,9,0,18,19,1,5,0,0,0,0,0,0,0,3,1,6,6,1,38,7,1193,1,11,MITSUBISHI MIRAGE,7,E01031857,0,1