collision_index,collision_year,collision_ref_no,vehicle_reference,vehicle_type,towing_and_articulation,vehicle_manoeuvre_historic,vehicle_manoeuvre,vehicle_direction_from,vehicle_direction_to,vehicle_location_restricted_lane_historic,vehicle_location_restricted_lane,junction_location,skidding_and_overturning,hit_object_in_carriageway,vehicle_leaving_carriageway,hit_object_off_carriageway,first_point_of_impact,vehicle_left_hand_drive,journey_purpose_of_driver_historic,journey_purpose_of_driver,sex_of_driver,age_of_driver,age_band_of_driver,engine_capacity_cc,propulsion_code,age_of_vehicle,generic_make_model,driver_imd_decile,lsoa_of_driver,escooter_flag,driver_distance_banding
2024141480699,2024,141480699,1,9,0,-1,19,3,7,-1,0,1,1,7,0,0,1,9,-1,6,1,21,5,1193,1,10,MITSUBISHI MIRAGE,5,E01007882,0,2
2024471531678,2024,471531678,3,9,0,-1,3,6,2,-1,0,0,0,0,0,0,2,1,-1,6,2,66,10,1193,1,4,MITSUBISHI MIRAGE,6,E01021054,0,1
2024549527124,2024,549527124,1,9,0,9,9,8,6,0,0,6,0,0,0,0,3,1,6,6,1,28,6,1193,1,10,MITSUBISHI MIRAGE,7,E01032680,0,4
2024631457960,2024,631457960,1,9,0,-1,9,6,4,-1,0,5,0,0,7,10,4,1,-1,6,2,71,10,1193,1,9,MITSUBISHI MIRAGE,7,W01000829,0,3
2024421489977,2024,421489977,1,9,0,-1,9,8,5,-1,0,8,0,0,0,0,1,1,-1,9,1,73,10,1193,1,11,MITSUBISHI MIRAGE,3,E01015924,0,1
2024221423509,2024,221423509,2,9,0,-1,1,1,5,-1,0,0,0,0,0,0,2,1,-1,6,1,87,11,1193,1,11,MITSUBISHI MIRAGE,4,E01014034,0,2
2024541361324,2024,541361324,1,9,0,16,19,1,5,0,0,1,0,0,7,1,1,1,6,6,2,53,8,1193,1,11,MITSUBISHI MIRAGE,2,E01015293,0,4
2024122400317,2024,122400317,1,9,0,18,19,5,3,0,0,3,0,0,0,0,1,1,6,6,2,77,11,1193,1,10,MITSUBISHI MIRAGE,8,E01027603,0,2
2024101508712,2024,101508712,2,9,0,-1,7,7,3,-1,0,4,0,0,0,0,1,1,-1,6,2,19,4,1193,1,9,MITSUBISHI MIRAGE,-1,-1,0,-1
2024010498892,2024,010498892,3,9,0,13,13,7,3,0,0,0,0,0,0,0,1,1,6,6,1,41,7,1193,1,9,MITSUBISHI MIRAGE,4,E01002088,0,1
2024161529996,2024,161529996,1,9,0,-1,19,1,5,-1,0,0,0,0,0,0,2,1,-1,6,1,61,9,1193,1,7,MITSUBISHI MIRAGE,7,E01013182,0,1
2024010514277,2024,010514277,1,9,0,5,5,5,1,0,0,1,0,0,0,0,4,2,3,7,2,42,7,1586,1,20,-1,4,E01000113,0,2
2024010501584,2024,010501584,1,9,0,18,19,5,1,0,0,0,0,0,0,0,1,1,6,6,1,45,7,1590,1,23,-1,2,E01000017,0,1
2024302400968,2024,302400968,1,9,0,18,19,2,4,0,0,4,0,0,0,0,3,1,6,6,2,82,11,1586,1,20,-1,8,E01013593,0,1
2024371415314,2024,371415314,1,9,0,-1,4,4,8,-1,0,1,0,0,0,0,1,1,-1,6,2,36,7,1586,1,19,-1,5,E01030275,0,2
2024501448130,2024,501448130,1,90,4,-1,19,2,6,-1,0,0,4,0,0,0,1,1,-1,9,1,30,6,493,1,1,-1,7,E01029262,0,4
2024552400623,2024,552400623,1,3,0,4,4,6,2,0,0,0,1,0,0,0,1,1,6,6,1,29,6,124,1,16,-1,8,E01015320,0,1
2024461458166,2024,461458166,1,5,0,-1,19,5,1,-1,0,0,0,0,0,0,1,1,-1,6,1,54,8,1200,1,6,-1,3,E01024583,0,4
2024010535497,2024,010535497,1,5,0,18,19,4,8,0,0,8,2,0,0,0,1,1,2,2,1,54,8,865,1,9,-1,3,E01003450,0,1
2024451420342,2024,451420342,2,5,0,-1,5,7,3,-1,0,1,0,0,0,0,2,1,-1,9,1,63,9,1200,1,6,-1,10,E01017761,0,4
2024421432646,2024,421432646,1,5,0,-1,19,7,3,-1,0,0,0,0,0,0,3,1,-1,6,1,61,9,865,1,17,-1,7,E01021556,0,1
2024332400523,2024,332400523,1,5,0,-1,19,4,8,-1,0,0,1,0,0,0,3,1,-1,9,1,43,7,1200,1,8,-1,5,E01025662,0,2
2024101426552,2024,101426552,1,5,0,-1,19,7,3,-1,0,1,0,0,0,0,1,1,-1,6,1,40,7,1200,1,3,-1,9,E01008581,0,1
2024520402679,2024,520402679,2,5,0,13,13,3,7,0,0,3,0,0,0,0,1,1,6,6,1,27,6,1200,1,8,-1,4,W01001440,0,4
2024631470071,2024,631470071,2,5,0,-1,13,8,4,-1,0,0,0,0,7,7,4,1,-1,6,1,60,9,1200,1,7,-1,3,W01001353,0,4
2024052401721,2024,052401721,2,19,0,18,19,3,7,0,0,8,0,0,0,0,1,1,6,6,1,56,9,1896,2,24,-1,4,E01007313,0,1
2024361497636,2024,361497636,2,19,0,-1,9,4,2,-1,0,1,1,0,7,0,2,1,-1,6,1,75,10,1896,2,26,-1,6,E01029926,0,3
2024520401155,2024,520401155,2,19,0,18,19,3,7,0,0,8,0,0,1,0,1,1,6,6,1,52,8,1896,2,28,-1,8,E01014423,0,2
2024010499952,2024,010499952,2,11,0,3,3,7,3,0,0,1,0,0,0,0,2,1,1,1,1,41,7,12742,2,6,CAETANO LEVANTE,6,E01031396,0,4
2024010549709,2024,010549709,1,11,0,18,19,7,3,0,0,1,0,0,0,0,1,1,6,6,2,33,6,12742,2,2,CAETANO LEVANTE,2,E01034476,0,2
2024010518136,2024,010518136,1,11,0,2,2,0,0,2,2,1,0,0,0,0,0,1,6,6,3,-1,-1,12742,2,5,CAETANO LEVANTE,-1,-1,0,-1
2024010521312,2024,010521312,1,11,0,18,19,1,5,2,2,0,0,0,0,0,4,1,1,1,1,66,10,12742,2,5,CAETANO LEVANTE,7,E01022248,0,5
2024041458922,2024,041458922,1,11,0,-1,19,5,1,-1,0,0,0,0,0,0,3,1,-1,6,1,33,6,11967,2,10,CAETANO LEVANTE,3,E01004854,0,4
2024421473660,2024,421473660,2,11,0,-1,19,6,2,-1,0,0,0,0,0,0,3,9,-1,1,1,39,7,12742,2,1,CAETANO LEVANTE,7,E01022641,0,5
2024421448474,2024,421448474,1,11,0,-1,19,6,2,-1,0,2,0,0,0,0,4,1,-1,1,1,72,10,9291,2,9,CAETANO LEVANTE,4,E01003220,0,4
2024411541663,2024,411541663,1,11,0,-1,19,1,5,-1,0,0,0,0,0,0,1,1,-1,1,1,23,5,12742,2,5,CAETANO LEVANTE,5,E01033490,0,4
2024531473041,2024,531473041,1,11,0,-1,9,2,8,-1,0,8,0,0,0,0,2,1,-1,1,1,54,8,12742,2,0,CAETANO LEVANTE,7,E01034801,0,4
2024361511697,2024,361511697,2,11,-1,-1,-1,7,4,-1,-1,-1,-1,-1,-1,0,-1,9,-1,1,1,66,10,9291,2,5,CAETANO LEVANTE,4,E01026794,0,2
2024010508709,2024,010508709,1,11,0,18,19,1,5,0,0,1,0,0,0,0,1,1,1,1,1,29,6,12742,2,5,CAETANO LEVANTE,2,E01003303,0,3
2024401499346,2024,401499346,2,11,0,-1,3,7,3,-1,0,4,0,0,0,0,4,1,-1,1,1,42,7,12742,2,1,CAETANO LEVANTE,6,E01027962,0,5
2024440093171,2024,440093171,1,11,0,18,19,6,2,0,0,0,0,0,0,0,1,1,1,1,1,-1,-1,12742,2,1,CAETANO LEVANTE,-1,-1,0,-1
2024010508135,2024,010508135,2,11,0,99,99,9,9,99,99,9,9,99,9,99,9,9,6,6,3,-1,-1,12742,2,2,CAETANO LEVANTE,-1,-1,0,-1
2024520402920,2024,520402920,3,11,0,18,19,6,2,0,0,0,0,0,0,0,3,1,6,6,1,65,9,12742,2,0,CAETANO LEVANTE,-1,-1,0,-1
2024340WN6082,2024,340WN6082,2,9,0,-1,19,5,1,-1,0,2,0,0,0,0,3,1,-1,6,2,73,10,1905,2,28,-1,6,E01028479,0,3
2024401544675,2024,401544675,1,9,0,-1,19,3,7,-1,0,0,2,0,0,0,3,1,-1,6,2,34,6,989,1,21,-1,5,E01023611,0,2
2024501496790,2024,501496790,1,9,0,-1,19,3,7,-1,0,0,0,0,0,0,1,1,-1,9,1,19,4,989,1,21,-1,7,E01019068,0,1
2024430511050,2024,430511050,2,9,0,18,19,7,3,0,0,8,0,0,0,0,1,1,1,1,1,30,6,989,1,20,-1,4,E01017837,0,2
2024552401216,2024,552401216,1,9,0,18,19,4,8,0,0,8,0,0,0,0,1,1,2,2,2,30,6,989,1,19,-1,7,E01004193,0,5
2024411553344,2024,411553344,4,9,0,-1,19,3,7,-1,0,0,0,0,0,0,1,1,-1,6,1,49,8,1499,1,1,-1,-1,-1,0,-1
2024010506105,2024,010506105,2,5,0,18,19,1,5,0,0,1,0,0,0,0,2,1,6,6,1,27,6,1690,1,10,-1,7,E01004516,0,1
2024520403314,2024,520403314,1,5,0,18,19,4,8,0,0,8,0,0,0,0,2,1,6,6,1,62,9,1690,1,6,-1,7,E01029192,0,2
2024311510693,2024,311510693,2,5,0,-1,7,3,1,-1,0,8,0,0,0,0,2,1,-1,6,2,48,8,1690,1,7,-1,1,E01028068,0,1
2024010531689,2024,010531689,1,5,0,4,4,7,3,0,0,0,1,0,0,0,1,1,6,6,1,45,7,1237,1,14,HONDA VFR 1200,6,E01022630,0,4
2024010533340,2024,010533340,1,5,0,18,19,7,3,0,0,2,0,0,0,0,3,1,6,6,1,49,8,1237,1,14,HONDA VFR 1200,5,E01021922,0,4
2024461461445,2024,461461445,1,5,0,-1,15,3,7,-1,0,0,1,10,7,10,1,1,-1,9,1,56,9,1237,1,11,HONDA VFR 1200,4,E01024586,0,4
2024411394714,2024,411394714,2,5,0,-1,19,1,5,-1,0,0,0,0,0,0,1,1,-1,2,1,47,8,1237,1,10,HONDA VFR 1200,6,E01000513,0,3
2024451508223,2024,451508223,1,5,0,-1,19,7,3,-1,0,0,0,0,0,0,4,1,-1,6,1,39,7,1237,1,3,HONDA VFR 1200,9,E01030446,0,3
2024471550528,2024,471550528,1,5,0,-1,19,3,7,-1,0,0,2,0,0,0,1,1,-1,9,1,42,7,1237,1,11,HONDA VFR 1200,2,E01005337,0,5
2024061502898,2024,061502898,1,4,0,-1,11,1,1,-1,0,0,0,0,0,0,1,1,-1,9,1,59,9,1237,1,13,HONDA VFR 1200,-1,-1,0,-1
2024302400663,2024,302400663,2,5,0,17,19,3,1,0,0,8,0,0,0,0,1,1,6,6,1,63,9,1237,1,14,HONDA VFR 1200,-1,-1,0,-1
2024351516452,2024,351516452,1,5,0,-1,19,5,1,-1,0,3,2,0,0,0,1,1,-1,9,1,31,6,1237,1,14,HONDA VFR 1200,5,E01018207,0,3
202460Q111159,2024,60Q111159,1,5,0,16,19,7,3,0,0,0,1,0,1,0,1,1,6,6,1,53,8,1237,1,14,HONDA VFR 1200,-1,-1,0,-1
2024052401945,2024,052401945,1,5,0,18,19,5,1,0,0,0,0,0,0,0,3,1,6,6,1,37,7,1237,1,13,HONDA VFR 1200,-1,-1,0,-1
2024010522518,2024,010522518,2,5,0,99,99,9,9,99,99,0,9,99,9,99,9,1,6,6,1,55,8,1237,1,11,HONDA VFR 1200,3,E01003334,0,1
2024451420135,2024,451420135,2,9,0,-1,9,3,1,-1,0,6,0,0,0,0,3,1,-1,9,1,37,7,2997,2,1,LAND ROVER DEFENDER,7,E01000748,0,3
2024311477503,2024,311477503,1,9,0,-1,19,5,1,-1,0,1,0,0,0,0,1,1,-1,9,1,39,7,1999,2,4,LAND ROVER DEFENDER,9,E01028421,0,1
2024471529922,2024,471529922,2,9,0,-1,19,1,5,-1,0,1,1,0,1,0,1,1,-1,2,1,35,6,2402,2,17,LAND ROVER DEFENDER,7,E01021025,0,2
2024471436210,2024,471436210,1,9,0,-1,19,5,1,-1,0,0,0,0,7,0,1,2,-1,9,1,18,4,2495,2,24,LAND ROVER DEFENDER,7,E01031521,0,3
2024101449764,2024,101449764,2,9,0,-1,9,3,7,-1,0,8,0,11,0,0,4,1,-1,9,1,68,10,2495,2,17,LAND ROVER DEFENDER,10,E01020605,0,3
2024501433803,2024,501433803,2,9,0,-1,4,5,1,-1,0,0,0,0,0,0,2,9,-1,6,2,21,5,2495,2,19,LAND ROVER DEFENDER,6,E01020274,0,3
2024211394460,2024,211394460,2,9,4,-1,19,1,5,-1,0,6,0,0,7,0,1,1,-1,6,1,38,7,2495,2,21,LAND ROVER DEFENDER,6,E01029406,0,4
2024421414319,2024,421414319,1,9,0,-1,19,1,5,-1,0,0,0,0,7,0,4,2,-1,9,2,25,5,2198,2,12,LAND ROVER DEFENDER,5,E01021550,0,1
2024520401809,2024,520401809,1,9,0,18,19,8,4,0,0,8,0,0,0,0,1,1,6,6,1,46,8,2198,2,9,LAND ROVER DEFENDER,4,W01001816,0,4
2024221397392,2024,221397392,2,9,0,-1,2,0,0,-1,0,0,0,0,0,0,2,1,-1,6,1,54,8,2495,2,27,LAND ROVER DEFENDER,9,E01032218,0,1
2024461403594,2024,461403594,1,9,0,-1,19,7,3,-1,0,0,1,0,0,0,3,9,-1,6,1,50,8,3528,1,30,LAND ROVER DEFENDER,5,E01031731,0,1
2024031415328,2024,031415328,2,9,0,-1,5,3,6,-1,0,1,0,0,0,0,1,1,-1,6,1,18,4,2997,2,1,LAND ROVER DEFENDER,-1,-1,0,-1
2024471534608,2024,471534608,1,9,0,-1,9,8,5,-1,0,2,1,0,0,0,3,1,-1,9,1,52,8,2495,2,29,LAND ROVER DEFENDER,6,E01021187,0,1
2024122400678,2024,122400678,1,9,0,18,19,7,5,0,0,1,2,0,1,10,3,1,2,2,1,55,8,2495,2,31,LAND ROVER DEFENDER,4,E01027840,0,2
2024991472907,2024,991472907,1,9,0,-1,19,3,7,-1,0,0,2,0,7,11,1,1,-1,6,1,37,7,2495,2,22,LAND ROVER DEFENDER,4,E01023106,0,5
2024351486427,2024,351486427,1,9,0,-1,5,5,7,-1,0,1,0,0,0,0,4,1,-1,9,1,68,10,2997,2,0,LAND ROVER DEFENDER,5,E01018062,0,1
2024501438891,2024,501438891,1,9,0,-1,19,2,6,-1,0,1,0,0,0,0,1,1,-1,9,1,41,7,2495,2,24,LAND ROVER DEFENDER,3,E01019052,0,1
2024440452469,2024,440452469,1,9,0,18,19,3,7,0,0,0,0,0,0,0,2,1,2,2,1,45,7,4999,1,2,LAND ROVER DEFENDER,7,E01015330,0,4
2024451459738,2024,451459738,3,9,0,-1,2,0,0,-1,0,1,0,0,0,0,1,1,-1,6,-1,-1,-1,1999,2,4,LAND ROVER DEFENDER,-1,-1,0,-1
2024451494292,2024,451494292,1,9,0,-1,19,3,7,-1,0,1,0,0,0,0,3,1,-1,9,1,54,8,2495,2,27,LAND ROVER DEFENDER,8,E01034286,0,1
2024371502442,2024,371502442,3,9,0,-1,19,6,8,-1,0,2,0,0,0,0,0,1,-1,6,1,32,6,2495,2,33,LAND ROVER DEFENDER,4,E01030267,0,4
2024221526221,2024,221526221,1,9,0,-1,19,7,3,-1,0,0,0,0,1,9,1,9,-1,9,1,89,11,2402,2,15,LAND ROVER DEFENDER,5,E01029011,0,2
2024052401796,2024,052401796,1,9,0,18,19,2,6,0,0,0,0,0,0,0,4,1,6,6,1,56,9,2997,2,0,LAND ROVER DEFENDER,7,E01006792,0,1
2024010536208,2024,010536208,1,9,0,18,19,8,4,0,0,0,0,4,0,0,1,1,6,6,2,48,8,2997,2,2,LAND ROVER DEFENDER,6,E01000726,0,1
2024501418856,2024,501418856,1,9,0,-1,19,6,2,-1,0,0,5,11,7,8,3,1,-1,9,1,22,5,2402,2,16,LAND ROVER DEFENDER,6,E01020142,0,2
2024421511276,2024,421511276,2,9,0,-1,19,3,7,-1,0,0,0,0,0,0,1,1,-1,9,2,30,6,1999,2,4,LAND ROVER DEFENDER,8,E01021604,0,4
2024471452363,2024,471452363,2,9,0,-1,19,1,5,-1,0,1,0,0,0,0,1,1,-1,6,1,50,8,2997,2,3,LAND ROVER DEFENDER,4,E01031386,0,1
2024221418327,2024,221418327,1,9,0,-1,19,8,4,-1,0,2,0,0,0,0,1,9,-1,2,1,47,8,2495,2,29,LAND ROVER DEFENDER,5,E01028870,0,3
2024010537150,2024,010537150,2,9,0,9,9,2,1,0,0,1,0,0,0,0,4,1,6,6,1,62,9,2997,2,3,LAND ROVER DEFENDER,9,E01024483,0,1
2024991475797,2024,991475797,2,9,0,-1,19,7,2,-1,0,0,0,0,0,0,1,1,-1,9,1,56,9,2997,2,1,LAND ROVER DEFENDER,4,-1,0,3
2024361430549,2024,361430549,1,9,0,-1,-1,-1,-1,-1,0,0,0,0,0,0,-1,9,-1,6,1,22,5,2997,2,1,LAND ROVER DEFENDER,3,E01026426,0,4
2024010495218,2024,010495218,1,9,0,18,19,5,1,0,0,8,0,0,0,0,2,1,6,6,1,27,6,1997,1,4,LAND ROVER DEFENDER,4,E01033915,0,1
2024131494513,2024,131494513,2,9,0,-1,9,3,5,-1,0,2,0,0,0,0,1,1,-1,9,1,50,8,2997,2,0,LAND ROVER DEFENDER,10,E01011706,0,1
2024501458023,2024,501458023,1,9,0,-1,19,6,2,-1,0,4,0,0,0,0,1,1,-1,2,2,46,8,2500,2,21,LAND ROVER DEFENDER,6,E01020143,0,3
2024351422325,2024,351422325,1,9,0,-1,5,-1,-1,-1,0,1,0,0,0,0,1,9,-1,6,3,-1,-1,2997,2,2,LAND ROVER DEFENDER,-1,-1,0,-1
2024451403265,2024,451403265,1,9,0,-1,19,1,5,-1,0,0,1,4,7,11,1,1,-1,9,1,59,9,2997,2,0,LAND ROVER DEFENDER,10,E01030425,0,1
2024501449920,2024,501449920,1,9,0,-1,19,3,7,-1,0,1,1,10,0,0,1,9,-1,6,1,19,4,2495,2,32,LAND ROVER DEFENDER,9,E01020248,0,3
2024221416295,2024,221416295,1,9,4,-1,19,6,2,-1,0,0,5,0,0,0,4,1,-1,1,1,26,6,2402,2,15,LAND ROVER DEFENDER,7,E01032392,0,3
2024471485567,2024,471485567,3,9,0,-1,19,6,2,-1,0,2,5,0,1,0,3,1,-1,9,2,52,8,1999,2,4,LAND ROVER DEFENDER,10,E01031383,0,1
2024991530110,2024,991530110,1,9,0,-1,19,6,1,-1,0,0,2,0,7,0,1,1,-1,6,1,77,11,2495,2,21,LAND ROVER DEFENDER,6,-1,0,1
2024501485032,2024,501485032,1,9,0,-1,19,7,3,-1,0,2,0,0,0,0,4,9,-1,9,1,53,8,2996,1,2,LAND ROVER DEFENDER,9,E01000969,0,5
2024111445380,2024,111445380,2,9,-1,-1,2,-1,-1,-1,0,0,0,0,0,0,4,9,-1,9,2,75,10,2402,2,15,LAND ROVER DEFENDER,-1,-1,0,-1
2024451508760,2024,451508760,1,9,0,-1,13,1,5,-1,0,0,2,0,7,3,1,1,-1,9,1,22,5,2500,2,25,LAND ROVER DEFENDER,4,E01022603,0,2
2024010538552,2024,010538552,1,9,0,99,99,9,9,0,0,8,0,0,9,0,9,1,6,6,2,45,7,2997,2,1,LAND ROVER DEFENDER,9,E01023849,0,2
2024010551854,2024,010551854,2,9,0,5,5,7,3,0,0,1,0,0,0,0,1,9,6,6,3,-1,-1,2996,1,3,LAND ROVER DEFENDER,-1,-1,0,-1
2024131449952,2024,131449952,1,9,0,-1,5,1,3,-1,0,1,0,0,0,0,4,1,-1,6,2,59,9,2996,1,0,LAND ROVER DEFENDER,7,E01011561,0,3
2024440331125,2024,440331125,2,9,0,18,19,8,4,0,0,0,0,0,0,0,1,1,6,6,1,35,6,2997,2,1,LAND ROVER DEFENDER,5,E01022548,0,2
2024201455957,2024,201455957,2,9,0,-1,2,0,0,-1,0,0,0,0,0,0,2,1,-1,6,-1,-1,-1,2402,2,17,LAND ROVER DEFENDER,-1,-1,0,-1
2024061476285,2024,061476285,1,9,0,-1,5,1,5,-1,0,2,0,0,1,0,1,1,-1,6,1,53,8,2997,2,1,LAND ROVER DEFENDER,8,E01005776,0,1
2024131523519,2024,131523519,1,9,0,-1,19,2,6,-1,0,0,0,0,0,0,1,1,-1,9,1,58,9,2495,2,32,LAND ROVER DEFENDER,3,E01010762,0,1
2024302500030,2024,302500030,1,9,0,17,19,5,2,0,0,0,2,0,1,0,1,1,6,6,1,39,7,2198,2,13,LAND ROVER DEFENDER,7,E01028884,0,4
2024552400375,2024,552400375,1,9,0,18,19,2,6,0,0,0,1,0,8,10,3,1,6,6,1,27,6,2500,2,25,LAND ROVER DEFENDER,9,E01020457,0,1
2024211414346,2024,211414346,2,9,0,-1,19,4,8,-1,0,0,0,0,0,0,1,9,-1,6,2,33,6,2997,2,1,LAND ROVER DEFENDER,8,E01029544,0,1
2024421404127,2024,421404127,1,9,0,-1,1,1,5,-1,0,0,0,0,0,0,2,9,-1,6,3,-1,-1,2997,2,1,LAND ROVER DEFENDER,-1,-1,0,-1
2024440416907,2024,440416907,3,9,4,18,19,4,8,0,0,1,0,0,0,0,1,1,1,1,1,37,7,2198,2,10,LAND ROVER DEFENDER,5,E01017353,0,3
2024101452192,2024,101452192,1,9,0,-1,19,5,1,-1,0,0,0,0,0,0,1,1,-1,6,1,33,6,1999,2,3,LAND ROVER DEFENDER,9,E01027481,0,3
2024361445014,2024,361445014,1,9,-1,-1,-1,-1,-1,-1,-1,0,-1,-1,-1,0,-1,9,-1,6,1,36,7,2402,2,14,LAND ROVER DEFENDER,10,E01026908,0,1
2024332400183,2024,332400183,1,9,0,-1,19,2,6,-1,0,6,1,0,3,1,2,1,-1,9,1,25,5,2997,2,1,LAND ROVER DEFENDER,5,E01028498,0,4
2024221439765,2024,221439765,1,9,0,-1,9,1,7,-1,0,6,0,0,0,0,2,1,-1,9,2,46,8,2198,2,9,LAND ROVER DEFENDER,8,E01032190,0,2
2024522401305,2024,522401305,2,9,0,2,2,0,0,0,0,0,0,0,0,0,3,1,6,6,3,-1,-1,2495,2,21,LAND ROVER DEFENDER,-1,-1,0,-1
2024221435856,2024,221435856,1,9,0,-1,19,6,2,-1,0,0,1,0,1,11,1,1,-1,1,2,38,7,2198,2,10,LAND ROVER DEFENDER,4,E01029003,0,4
2024010513205,2024,010513205,2,9,0,99,99,9,9,99,99,9,9,99,9,99,9,9,6,6,3,-1,-1,1997,8,0,LAND ROVER DEFENDER,4,E01020460,0,5
2024221419472,2024,221419472,2,9,0,-1,19,5,1,-1,0,8,0,0,0,0,1,1,-1,1,1,67,10,2997,2,2,LAND ROVER DEFENDER,9,E01029661,0,3
2024010517607,2024,010517607,2,9,0,2,2,0,0,9,9,0,0,0,0,0,1,1,6,6,3,-1,-1,2997,2,1,LAND ROVER DEFENDER,-1,-1,0,-1
2024421406261,2024,421406261,1,9,0,-1,4,1,5,-1,0,0,0,0,0,0,1,1,-1,6,2,-1,-1,2495,2,22,LAND ROVER DEFENDER,-1,-1,0,-1
2024631494243,2024,631494243,2,9,0,-1,19,7,3,-1,0,8,0,0,0,0,1,1,-1,9,1,24,5,2495,2,32,LAND ROVER DEFENDER,5,W01000647,0,3
2024520403172,2024,520403172,2,9,4,13,13,4,8,0,0,0,0,0,0,0,2,1,6,6,1,22,5,2495,2,26,LAND ROVER DEFENDER,4,E01029337,0,2
2024552400202,2024,552400202,2,9,0,18,19,5,1,0,0,8,0,0,0,0,3,1,1,1,1,37,7,2402,2,14,LAND ROVER DEFENDER,10,E01020377,0,3
2024440399534,2024,440399534,2,9,0,5,5,5,1,0,0,8,0,0,0,0,1,1,6,6,1,66,10,2495,2,33,LAND ROVER DEFENDER,4,E01022781,0,1
2024122400763,2024,122400763,2,9,0,17,19,5,1,0,0,0,0,0,1,11,1,1,6,6,1,45,7,2402,2,16,LAND ROVER DEFENDER,6,E01027613,0,1
2024522500433,2024,522500433,1,19,0,18,19,1,5,0,0,0,0,0,0,0,1,1,6,6,1,44,7,2997,2,0,LAND ROVER DEFENDER,8,E01014386,0,2
2024501513108,2024,501513108,1,9,0,-1,19,5,1,-1,0,3,0,0,0,0,1,1,-1,2,1,24,5,2495,2,22,LAND ROVER DEFENDER,6,E01015099,0,1
2024041523930,2024,041523930,1,9,0,-1,19,7,3,-1,0,0,0,0,0,0,1,1,-1,9,1,26,6,2198,2,10,LAND ROVER DEFENDER,7,E01025322,0,2
2024440136835,2024,440136835,1,9,0,17,19,4,1,0,0,0,0,0,7,9,1,1,6,6,2,51,8,2495,2,20,LAND ROVER DEFENDER,10,E01022977,0,1
2024231516207,2024,231516207,2,9,0,-1,19,6,2,-1,0,6,0,0,0,0,1,1,-1,6,2,35,6,1999,2,4,LAND ROVER DEFENDER,7,E01031013,0,1
2024010533467,2024,010533467,2,9,0,18,19,9,9,99,99,9,9,99,9,99,1,9,6,6,3,-1,-1,2997,2,1,LAND ROVER DEFENDER,-1,-1,0,-1
2024122400858,2024,122400858,2,9,0,18,19,5,1,0,0,1,0,0,1,0,1,1,6,6,1,64,9,2997,2,0,LAND ROVER DEFENDER,10,E01011701,0,4
2024451451955,2024,451451955,2,9,9,-1,1,-1,-1,-1,0,0,0,0,0,0,2,1,-1,6,3,57,9,2495,2,27,LAND ROVER DEFENDER,-1,-1,0,-1
2024070865418,2024,070865418,2,9,0,-1,19,1,5,-1,0,1,5,0,7,0,4,1,-1,6,1,39,7,2495,2,21,LAND ROVER DEFENDER,6,E01014135,0,4
2024531429079,2024,531429079,1,9,0,-1,19,3,7,-1,0,0,0,0,1,0,1,1,-1,9,2,32,6,2495,2,21,LAND ROVER DEFENDER,9,E01017875,0,4
2024430610525,2024,430610525,2,9,0,18,19,6,2,0,0,4,0,0,0,0,1,1,6,6,2,-1,-1,2495,2,28,LAND ROVER DEFENDER,-1,-1,0,-1
2024131444116,2024,131444116,2,9,0,-1,19,6,8,-1,0,0,0,0,0,0,1,1,-1,9,1,58,9,1999,2,4,LAND ROVER DEFENDER,5,E01011407,0,1
2024010541828,2024,010541828,1,9,0,9,9,7,6,0,0,1,0,0,0,0,3,1,2,2,2,42,7,1997,8,1,LAND ROVER DEFENDER,4,E01003054,0,1
2024010543742,2024,010543742,2,9,0,99,99,9,9,99,99,9,9,99,9,99,9,9,6,6,1,31,6,2997,2,1,LAND ROVER DEFENDER,4,E01035721,0,1
2024520402902,2024,520402902,2,9,0,18,19,1,5,0,0,0,0,0,0,0,1,1,6,6,1,22,5,2495,2,21,LAND ROVER DEFENDER,7,E01029164,0,1
202460Q063945,2024,60Q063945,2,9,0,18,19,6,2,0,0,0,0,0,0,0,0,1,6,6,1,37,7,2997,2,2,LAND ROVER DEFENDER,-1,-1,0,-1
2024070206335,2024,070206335,2,9,4,18,19,7,3,0,0,0,0,0,1,4,1,1,2,2,1,45,7,2495,2,27,LAND ROVER DEFENDER,-1,-1,0,-1
2024991575253,2024,991575253,1,9,4,-1,19,5,1,-1,0,0,1,0,0,0,1,2,-1,2,1,66,10,2402,2,13,LAND ROVER DEFENDER,8,-1,0,4
2024122400243,2024,122400243,1,9,0,18,19,3,7,0,0,0,1,0,7,4,1,1,6,6,1,51,8,2198,2,10,LAND ROVER DEFENDER,6,E01027557,0,1