collision_index,collision_year,collision_ref_no,vehicle_reference,vehicle_type,towing_and_articulation,vehicle_manoeuvre_historic,vehicle_manoeuvre,vehicle_direction_from,vehicle_direction_to,vehicle_location_restricted_lane_historic,vehicle_location_restricted_lane,junction_location,skidding_and_overturning,hit_object_in_carriageway,vehicle_leaving_carriageway,hit_object_off_carriageway,first_point_of_impact,vehicle_left_hand_drive,journey_purpose_of_driver_historic,journey_purpose_of_driver,sex_of_driver,age_of_driver,age_band_of_driver,engine_capacity_cc,propulsion_code,age_of_vehicle,generic_make_model,driver_imd_decile,lsoa_of_driver,escooter_flag,driver_distance_banding
2024161509328,2024,161509328,1,9,9,-1,99,5,1,-1,0,1,9,99,9,0,1,9,-1,6,1,42,7,4999,1,2,LAND ROVER DEFENDER,7,E01013020,0,1
2024430529066,2024,430529066,2,9,0,9,9,5,3,0,0,6,0,0,0,0,1,1,6,6,1,78,11,1997,8,1,LAND ROVER DEFENDER,-1,-1,0,-1
202417M203224,2024,17M203224,1,9,0,9,9,6,4,0,0,6,0,0,0,0,1,1,6,6,1,39,7,2996,1,3,LAND ROVER DEFENDER,7,E01035195,0,1
2024631494365,2024,631494365,1,9,0,-1,19,4,8,-1,0,0,0,0,0,0,4,1,-1,9,1,63,9,2198,2,11,LAND ROVER DEFENDER,7,W01000453,0,1
2024201492425,2024,201492425,3,9,0,-1,2,0,0,-1,9,0,0,0,0,0,2,1,-1,6,1,60,9,2495,2,33,LAND ROVER DEFENDER,2,E01010242,0,1
2024010533972,2024,010533972,3,19,0,18,19,3,7,0,0,0,0,0,0,0,3,1,6,6,1,37,7,2997,2,0,LAND ROVER DEFENDER,9,E01030639,0,3
2024545412424,2024,545412424,3,9,0,4,4,5,1,0,0,0,0,0,0,0,1,1,6,6,1,33,6,2198,2,13,LAND ROVER DEFENDER,6,E01032085,0,2
2024311475292,2024,311475292,2,9,0,-1,19,3,7,-1,9,0,0,0,0,0,3,1,-1,6,1,23,5,2997,2,1,LAND ROVER DEFENDER,10,E01028385,0,1
2024141415887,2024,141415887,2,9,0,-1,19,7,3,-1,0,0,1,0,0,0,1,1,-1,9,1,57,9,2997,2,1,LAND ROVER DEFENDER,10,E01019614,0,2
2024440201483,2024,440201483,2,9,0,16,19,5,8,0,0,0,0,0,0,0,1,1,6,6,1,70,10,2495,2,27,LAND ROVER DEFENDER,8,E01022533,0,1
2024221450126,2024,221450126,1,9,0,-1,15,8,4,-1,0,4,0,0,0,0,1,1,-1,6,1,75,10,2997,2,2,LAND ROVER DEFENDER,8,W01000403,0,4
2024371513837,2024,371513837,1,9,0,-1,9,6,4,-1,0,6,0,0,0,0,1,1,-1,6,2,59,9,2402,2,16,LAND ROVER DEFENDER,4,E01030208,0,1
2024991446176,2024,991446176,1,9,0,-1,19,5,1,-1,0,0,0,0,7,0,3,1,-1,6,1,42,7,2495,2,21,LAND ROVER DEFENDER,6,-1,0,2
2024430239063,2024,430239063,1,9,0,7,7,8,2,0,0,6,0,0,0,0,4,1,6,6,1,40,7,2997,2,1,LAND ROVER DEFENDER,-1,-1,0,-1
2024052401688,2024,052401688,2,9,0,18,19,1,5,0,0,1,5,0,1,2,1,1,1,1,1,-1,-1,2198,2,11,LAND ROVER DEFENDER,-1,-1,0,-1
2024461531301,2024,461531301,2,9,0,-1,19,5,1,-1,0,0,0,0,1,0,1,1,-1,9,1,61,9,2495,2,19,LAND ROVER DEFENDER,9,E01024808,0,2
2024522401240,2024,522401240,1,9,0,18,19,6,2,0,0,0,0,0,0,0,2,1,6,6,1,38,7,2402,2,14,LAND ROVER DEFENDER,10,E01014965,0,2
2024451494180,2024,451494180,2,9,0,-1,5,3,7,-1,0,6,0,0,0,0,4,1,-1,6,1,59,9,2495,2,22,LAND ROVER DEFENDER,7,E01030864,0,1
2024451440025,2024,451440025,2,9,0,-1,12,4,8,-1,0,4,0,0,0,0,3,1,-1,2,1,61,9,2198,2,12,LAND ROVER DEFENDER,5,E01002565,0,3
2024451444226,2024,451444226,2,9,0,-1,3,3,7,-1,0,1,0,0,0,0,4,1,-1,2,1,38,7,2495,2,21,LAND ROVER DEFENDER,9,E01021208,0,4
2024430218532,2024,430218532,2,9,0,9,9,1,7,0,0,1,0,0,0,0,2,1,6,6,1,45,7,2402,2,13,LAND ROVER DEFENDER,7,E01016277,0,3
2024340WN4732,2024,340WN4732,1,9,0,-1,19,3,7,-1,0,8,5,0,0,0,3,1,-1,9,1,61,9,1999,2,4,LAND ROVER DEFENDER,4,E01026952,0,4
2024131514322,2024,131514322,2,9,0,-1,19,5,5,-1,0,1,0,0,0,0,1,1,-1,6,2,31,6,2996,1,0,LAND ROVER DEFENDER,7,E01011561,0,1
2024451434560,2024,451434560,4,9,0,-1,2,1,5,-1,-1,0,0,0,0,0,2,1,-1,6,-1,-1,-1,2198,2,10,LAND ROVER DEFENDER,-1,-1,0,-1
2024311449587,2024,311449587,1,9,0,-1,19,3,7,-1,0,1,0,0,0,0,1,1,-1,9,1,70,10,1999,2,4,LAND ROVER DEFENDER,6,E01028046,0,1
2024320381540,2024,320381540,2,9,0,4,4,7,3,0,0,4,0,0,0,0,1,1,-1,-1,1,69,10,2495,2,27,LAND ROVER DEFENDER,1,E01026094,0,1
2024332400764,2024,332400764,1,9,0,-1,19,3,8,-1,0,0,1,0,0,0,1,1,-1,9,1,57,9,2495,2,21,LAND ROVER DEFENDER,9,E01025955,0,4
2024131442823,2024,131442823,2,9,0,-1,19,1,5,-1,0,0,0,0,0,0,2,1,-1,9,1,36,7,2997,2,2,LAND ROVER DEFENDER,6,E01027734,0,4
2024010526812,2024,010526812,1,9,4,4,4,5,1,0,0,0,0,0,0,0,2,1,6,6,1,72,10,2402,2,15,LAND ROVER DEFENDER,10,E01023035,0,5
2024631489002,2024,631489002,1,9,0,-1,19,1,1,-1,0,0,0,0,0,0,1,1,-1,6,1,-1,-1,2495,2,28,LAND ROVER DEFENDER,6,W01000475,0,3
2024501451353,2024,501451353,2,9,0,-1,19,5,1,-1,0,1,0,0,0,0,4,1,-1,9,1,59,9,2402,2,16,LAND ROVER DEFENDER,9,E01032533,0,5
2024161409407,2024,161409407,2,9,0,-1,19,3,7,-1,0,0,0,0,4,0,0,1,-1,6,1,64,9,1997,8,3,LAND ROVER DEFENDER,10,E01034758,0,2
2024061490797,2024,061490797,2,9,0,-1,4,-1,-1,-1,99,0,0,0,0,0,1,1,-1,6,1,-1,-1,2402,2,16,LAND ROVER DEFENDER,-1,-1,0,-1
2024231507925,2024,231507925,3,9,0,-1,19,3,7,-1,0,8,0,0,0,0,1,1,-1,2,1,28,6,2495,2,30,LAND ROVER DEFENDER,5,E01032247,0,4
2024440208523,2024,440208523,2,9,0,16,19,1,4,0,0,0,0,0,0,0,3,1,6,6,2,40,7,2997,2,1,LAND ROVER DEFENDER,-1,-1,0,-1
2024421521838,2024,421521838,3,9,0,-1,12,1,5,-1,0,0,0,0,0,0,1,1,-1,6,2,27,6,2997,2,3,LAND ROVER DEFENDER,9,E01021478,0,4
2024501408779,2024,501408779,1,9,0,-1,9,1,6,-1,0,8,0,0,0,0,3,9,-1,6,1,81,11,2495,2,31,LAND ROVER DEFENDER,6,E01020160,0,1
2024311520951,2024,311520951,2,9,4,-1,19,5,1,-1,0,0,0,0,7,7,3,1,-1,6,1,30,6,2402,2,17,LAND ROVER DEFENDER,6,E01034244,0,4
2024302400279,2024,302400279,2,9,0,18,19,1,5,0,0,0,0,0,0,0,1,1,6,6,1,55,8,2495,2,34,LAND ROVER DEFENDER,6,E01029801,0,4
2024991528480,2024,991528480,2,9,0,-1,5,3,7,-1,0,8,0,0,0,0,1,1,-1,1,1,35,6,1999,2,4,LAND ROVER DEFENDER,1,-1,0,1
2024421427738,2024,421427738,2,9,0,-1,19,3,7,-1,0,1,0,0,0,0,1,1,-1,6,2,52,8,2997,2,3,LAND ROVER DEFENDER,4,E01021741,0,1
2024501454883,2024,501454883,1,9,0,-1,10,5,1,-1,0,2,0,0,0,0,3,9,-1,1,1,74,10,2495,2,20,LAND ROVER DEFENDER,6,E01019891,0,2
2024302400917,2024,302400917,1,9,0,4,4,6,2,0,0,8,0,0,0,0,1,1,6,6,1,19,4,1999,2,4,LAND ROVER DEFENDER,10,E01019641,0,4
2024122400540,2024,122400540,1,9,0,9,9,7,5,0,0,2,1,0,1,0,1,1,6,6,2,58,9,2495,2,24,LAND ROVER DEFENDER,5,E01027800,0,1
2024401459316,2024,401459316,2,19,0,-1,19,7,5,-1,0,0,0,0,0,0,4,1,-1,2,1,47,8,2997,2,0,LAND ROVER DEFENDER,7,E01034424,0,1
2024101508051,2024,101508051,2,9,0,-1,19,5,1,-1,0,0,0,0,0,0,4,1,-1,9,2,40,7,4999,1,1,LAND ROVER DEFENDER,10,E01033714,0,4
2024552401438,2024,552401438,1,9,0,18,19,6,2,0,0,0,0,0,0,0,1,1,6,6,1,73,10,2495,2,24,LAND ROVER DEFENDER,7,E01020475,0,1
2024451412465,2024,451412465,2,9,0,-1,19,1,5,-1,0,8,0,0,0,0,4,1,-1,7,2,33,6,2997,2,1,LAND ROVER DEFENDER,4,E01030634,0,1
2024211446087,2024,211446087,2,9,0,-1,4,5,4,-1,0,0,0,0,0,0,2,1,-1,9,1,44,7,2997,2,2,LAND ROVER DEFENDER,-1,-1,0,-1
2024451502477,2024,451502477,1,9,0,-1,19,1,5,-1,0,0,0,0,0,0,1,1,-1,9,2,48,8,2495,2,22,LAND ROVER DEFENDER,9,E01030558,0,1
2024501445799,2024,501445799,1,9,0,-1,12,1,5,-1,0,0,5,0,7,10,3,1,-1,1,1,50,8,2495,2,19,LAND ROVER DEFENDER,4,E01020287,0,1
2024461508220,2024,461508220,1,9,0,-1,9,2,8,-1,0,5,0,0,7,0,3,1,-1,9,2,34,6,2402,2,17,LAND ROVER DEFENDER,6,E01024578,0,1
2024010497902,2024,010497902,2,9,9,99,99,9,9,99,99,0,9,99,9,99,9,9,6,6,3,47,8,2997,2,2,LAND ROVER DEFENDER,6,E01000726,0,1
2024010513897,2024,010513897,2,9,0,11,11,8,4,0,0,1,0,0,0,0,0,1,6,6,3,-1,-1,1997,8,0,LAND ROVER DEFENDER,-1,-1,0,-1
2024622400711,2024,622400711,2,2,0,3,3,2,6,0,0,1,0,0,0,0,2,1,6,6,1,61,9,124,1,9,-1,1,W01001753,0,1
2024991524448,2024,991524448,1,19,0,-1,4,1,5,-1,0,1,0,0,0,0,1,1,-1,1,1,45,7,1968,2,5,MAN TGE,-1,-1,0,-1
2024010525756,2024,010525756,1,19,0,10,10,5,2,0,0,1,0,0,0,0,0,1,1,1,1,29,6,1968,2,5,MAN TGE,10,E01022892,0,4
2024101484616,2024,101484616,2,19,0,-1,3,7,3,-1,0,1,0,4,0,0,2,1,-1,6,1,50,8,1968,2,3,MAN TGE,2,E01008692,0,2
2024311530068,2024,311530068,1,19,0,-1,13,1,5,-1,0,0,0,0,0,0,3,1,-1,2,1,47,8,1968,2,0,MAN TGE,5,E01026410,0,3
2024010520548,2024,010520548,2,19,0,18,19,1,5,0,0,6,0,0,0,0,1,1,6,6,1,33,6,1968,2,1,MAN TGE,4,E01003117,0,3
2024351515775,2024,351515775,1,19,0,-1,19,7,2,-1,0,3,0,0,0,0,3,1,-1,6,1,55,8,1968,2,0,MAN TGE,5,E01018142,0,4
2024311410059,2024,311410059,1,20,0,-1,1,6,3,-1,0,8,0,0,0,0,2,9,-1,1,1,41,7,-1,-1,-1,MAN TGE,6,E01013840,0,4
2024991448607,2024,991448607,2,19,0,-1,2,5,8,-1,-1,0,0,0,0,0,2,1,-1,1,1,44,7,1968,2,3,MAN TGE,4,-1,0,1
2024211456053,2024,211456053,1,19,0,-1,19,7,3,-1,0,0,5,6,7,0,4,1,-1,1,1,21,5,1968,2,5,MAN TGE,2,E01010430,0,4
2024471498715,2024,471498715,2,19,0,-1,3,7,5,-1,0,1,0,0,0,0,2,1,-1,6,2,36,7,1968,2,4,MAN TGE,5,E01031577,0,4
2024311519118,2024,311519118,1,19,0,-1,19,3,7,-1,0,0,0,0,0,0,4,1,-1,6,1,40,7,1968,2,1,MAN TGE,-1,-1,0,-1
2024531437295,2024,531437295,1,19,0,-1,19,3,7,-1,0,0,0,0,0,0,3,9,-1,6,1,23,5,1968,2,6,MAN TGE,7,E01014890,0,2
2024451450688,2024,451450688,1,19,0,-1,19,7,3,-1,0,1,0,0,0,0,4,9,-1,6,1,40,7,1968,2,4,MAN TGE,-1,-1,0,-1
2024430614949,2024,430614949,1,19,0,18,19,5,1,0,0,8,5,0,1,10,4,1,1,1,1,26,6,1968,2,5,MAN TGE,3,E01016501,0,1
2024631442888,2024,631442888,1,19,0,-1,19,7,4,-1,0,0,1,0,1,10,1,1,-1,1,1,23,5,1968,2,4,MAN TGE,3,W01000730,0,4
2024430476618,2024,430476618,6,19,0,2,2,0,0,0,0,0,0,0,0,0,2,1,1,1,1,54,8,1968,2,4,MAN TGE,9,E01017840,0,1
2024031410662,2024,031410662,2,10,-1,-1,-1,5,8,-1,-1,0,-1,-1,-1,0,-1,9,-1,1,1,56,9,-1,-1,-1,MAN TGE,7,E01019136,0,2
2024371505533,2024,371505533,1,19,0,-1,4,7,1,-1,0,0,0,0,0,0,2,2,-1,1,2,29,6,1968,2,1,MAN TGE,6,E01026565,0,4
2024451455128,2024,451455128,1,19,0,-1,4,4,1,-1,0,0,0,0,0,0,2,1,-1,1,1,53,8,1968,2,5,MAN TGE,10,E01030638,0,3
2024351463866,2024,351463866,2,19,0,-1,19,5,1,-1,0,0,0,0,0,0,0,1,-1,1,1,41,7,1968,2,0,MAN TGE,4,E01026660,0,3
2024631481379,2024,631481379,1,19,0,-1,19,7,3,-1,0,1,1,0,0,0,1,1,-1,1,1,53,8,1968,2,4,MAN TGE,2,W01000960,0,4
2024010525014,2024,010525014,1,19,0,9,9,1,7,0,0,8,0,0,0,0,0,1,1,1,1,37,7,-1,3,3,MAN TGE,8,E01002164,0,3
2024161415585,2024,161415585,1,19,0,-1,9,1,3,-1,0,0,0,0,0,0,1,1,-1,1,1,29,6,1968,2,4,MAN TGE,1,E01007655,0,4
2024010498454,2024,010498454,1,19,0,3,3,2,6,0,0,5,0,0,0,0,1,1,1,1,1,40,7,-1,3,4,MAN TGE,2,E01000063,0,2
2024461516573,2024,461516573,1,19,0,-1,19,3,7,-1,0,8,5,0,3,3,3,1,-1,1,1,28,6,1968,2,1,MAN TGE,5,E01024086,0,4
2024122400906,2024,122400906,1,19,0,18,19,5,1,0,0,0,0,0,0,0,1,1,1,1,1,33,6,1968,2,5,MAN TGE,8,E01007420,0,4
2024371504838,2024,371504838,2,19,4,-1,19,7,3,-1,0,1,0,0,1,0,3,1,-1,1,1,44,7,1968,2,0,MAN TGE,7,E01030125,0,4
2024161454152,2024,161454152,2,19,0,-1,19,7,3,-1,0,1,0,0,0,0,1,9,-1,6,1,30,6,1968,2,2,MAN TGE,-1,-1,0,-1
2024101459628,2024,101459628,2,19,0,-1,4,7,3,-1,0,1,0,0,0,0,4,1,-1,9,1,42,7,1968,2,4,MAN TGE,-1,-1,0,-1
2024531413019,2024,531413019,3,19,0,-1,3,5,1,-1,0,1,0,0,0,0,0,1,-1,6,1,-1,-1,1968,2,1,MAN TGE,-1,-1,0,-1
2024010503270,2024,010503270,1,19,0,18,19,3,7,0,0,1,0,0,0,0,1,1,1,1,1,36,7,-1,3,3,MAN TGE,3,E01003976,0,2
2024010535698,2024,010535698,2,19,0,18,19,9,9,99,99,9,9,99,9,99,9,9,6,6,3,-1,-1,1968,2,2,MAN TGE,-1,-1,0,-1
2024361544694,2024,361544694,1,19,0,-1,19,8,4,-1,0,0,0,0,0,0,4,1,-1,1,1,44,7,1968,2,4,MAN TGE,6,E01026649,0,4
2024302401642,2024,302401642,2,19,0,17,19,8,5,0,0,8,1,0,0,0,1,1,2,2,1,53,8,1968,2,2,MAN TGE,5,E01019827,0,2
2024131525563,2024,131525563,1,20,0,-1,1,1,5,-1,0,0,0,0,0,0,2,1,-1,1,1,32,6,-1,-1,-1,MAN TGE,1,E01010659,0,3
2024041436074,2024,041436074,2,19,0,-1,19,1,1,-1,0,0,0,0,0,0,2,1,-1,1,1,30,6,1968,2,2,MAN TGE,-1,-1,0,-1
2024010527624,2024,010527624,2,19,0,99,99,9,9,99,99,5,9,99,9,99,9,9,6,6,3,-1,-1,1968,2,1,MAN TGE,5,E01000504,0,3
2024340NN1922,2024,340NN1922,1,19,0,-1,19,5,1,-1,0,1,0,0,0,0,1,1,-1,1,1,25,5,1968,2,3,MAN TGE,4,E01027313,0,1
2024361433368,2024,361433368,1,20,0,-1,7,3,7,-1,9,1,0,0,1,0,4,2,-1,1,1,50,8,-1,-1,-1,MAN TGE,2,E01026821,0,4
2024010530575,2024,010530575,2,19,0,5,5,1,5,0,0,0,0,4,0,0,1,1,6,6,1,23,5,1968,2,4,MAN TGE,3,E01023876,0,4
2024351494883,2024,351494883,1,19,0,-1,12,3,7,-1,0,0,0,0,0,0,3,1,-1,1,1,49,8,1968,2,4,MAN TGE,1,E01027127,0,4
2024991412718,2024,991412718,1,19,0,-1,11,8,5,-1,0,0,0,0,1,0,1,1,-1,1,1,63,9,1968,2,1,MAN TGE,4,E01031105,0,5
2024010511133,2024,010511133,2,19,0,2,2,0,0,0,0,1,0,0,0,0,1,1,6,6,3,-1,-1,-1,3,4,MAN TGE,-1,-1,0,-1
2024540903424,2024,540903424,1,19,0,18,19,3,7,0,0,0,0,0,0,0,1,1,6,6,1,46,8,1968,2,5,MAN TGE,5,E01015479,0,2
2024520402405,2024,520402405,2,19,0,18,19,7,3,0,0,0,0,0,0,0,1,1,6,6,1,44,7,1968,2,0,MAN TGE,5,E01002369,0,5
2024111500660,2024,111500660,1,19,0,-1,15,1,5,-1,0,0,0,0,0,0,4,1,-1,1,1,31,6,1968,2,3,MAN TGE,2,E01020761,0,1
2024311417158,2024,311417158,1,19,0,-1,19,8,4,-1,0,1,0,0,0,0,1,1,-1,1,1,34,6,1968,2,3,MAN TGE,4,E01028133,0,3
2024010524580,2024,010524580,1,90,0,99,99,9,9,99,99,9,9,99,9,99,1,9,6,6,1,29,6,1968,2,5,MAN TGE,3,E01002638,0,3
2024520402713,2024,520402713,3,19,0,18,19,7,3,0,0,8,0,0,0,0,3,1,6,6,1,-1,-1,1968,2,1,MAN TGE,5,W01000898,0,4
2024351448986,2024,351448986,1,19,0,-1,3,4,8,-1,0,1,0,0,0,0,1,9,-1,1,1,-1,-1,1968,2,5,MAN TGE,-1,-1,0,-1
2024361426424,2024,361426424,2,19,0,-1,19,7,3,-1,0,8,1,0,0,0,1,9,-1,1,1,33,6,1968,2,1,MAN TGE,4,E01026898,0,4
2024010515101,2024,010515101,1,19,0,18,19,6,2,0,0,1,0,0,0,0,2,1,1,1,1,57,9,1968,2,4,MAN TGE,5,E01000516,0,2
2024631444808,2024,631444808,1,19,0,-1,9,6,4,-1,0,5,0,0,0,0,3,1,-1,1,1,19,4,1968,2,4,MAN TGE,6,W01000501,0,4
2024361474679,2024,361474679,1,20,0,-1,1,4,3,-1,-1,0,0,0,0,0,2,1,-1,1,1,28,6,-1,-1,-1,MAN TGE,2,E01022458,0,5
202460Q181593,2024,60Q181593,4,19,0,2,2,0,0,0,0,0,0,0,0,0,2,1,6,6,1,58,9,1968,2,3,MAN TGE,-1,-1,0,-1
2024471480116,2024,471480116,1,20,0,-1,19,1,5,-1,0,0,0,0,0,0,0,1,-1,1,1,39,7,-1,-1,-1,MAN TGE,9,E01031730,0,4
2024221468641,2024,221468641,2,19,0,-1,19,4,8,-1,0,8,0,0,0,0,1,1,-1,1,1,28,6,1968,2,4,MAN TGE,4,E01010424,0,4
2024320085102,2024,320085102,2,9,0,9,9,4,1,0,0,6,0,0,0,0,4,1,-1,-1,1,60,9,2143,2,8,MERCEDES CLS CLASS,6,E01026260,0,1
2024501411043,2024,501411043,2,9,0,-1,19,7,3,-1,0,1,0,0,0,0,1,9,-1,6,1,60,9,2987,2,16,MERCEDES CLS CLASS,8,E01020504,0,3
2024461487440,2024,461487440,1,9,0,-1,-1,-1,-1,-1,-1,0,-1,-1,-1,0,-1,9,-1,6,1,37,7,2987,2,7,MERCEDES CLS CLASS,9,E01032818,0,1
2024041419449,2024,041419449,1,9,0,-1,19,5,1,-1,0,0,0,0,0,0,1,1,-1,9,2,36,7,2143,2,8,MERCEDES CLS CLASS,5,E01012478,0,4
2024161415457,2024,161415457,4,9,0,-1,2,0,0,-1,0,0,0,0,0,0,4,1,-1,6,-1,-1,-1,2987,2,10,MERCEDES CLS CLASS,-1,-1,0,-1
2024010497651,2024,010497651,2,9,0,18,19,7,3,0,0,8,0,0,0,0,1,1,6,6,1,21,5,2925,2,6,MERCEDES CLS CLASS,5,E01002244,0,1
2024430579567,2024,430579567,1,9,0,18,19,5,1,0,0,0,0,0,0,0,1,1,6,6,1,73,10,2143,2,11,MERCEDES CLS CLASS,10,E01016267,0,1
2024430605359,2024,430605359,1,9,0,18,19,7,3,0,0,2,0,0,0,0,1,1,6,6,1,33,6,2987,2,9,MERCEDES CLS CLASS,7,E01028570,0,2
2024522402488,2024,522402488,1,9,0,18,19,7,3,0,0,1,0,0,0,0,1,1,6,6,1,39,7,2987,2,11,MERCEDES CLS CLASS,-1,-1,0,-1
2024010544388,2024,010544388,1,9,0,99,99,9,9,99,99,0,9,99,9,99,1,9,6,6,1,53,8,2987,2,11,MERCEDES CLS CLASS,2,E01033587,0,1
2024041400139,2024,041400139,2,9,0,-1,19,1,5,-1,0,1,0,0,0,0,1,1,-1,9,2,64,9,2143,2,8,MERCEDES CLS CLASS,4,E01025001,0,1
2024461442625,2024,461442625,1,9,0,-1,19,5,1,-1,0,8,2,0,7,4,1,1,-1,9,1,18,4,2987,2,17,MERCEDES CLS CLASS,2,E01024218,0,4
2024131462742,2024,131462742,1,9,0,-1,4,8,4,-1,0,1,0,0,0,0,2,2,-1,6,1,45,7,2143,2,11,MERCEDES CLS CLASS,4,E01010603,0,1
2024211439696,2024,211439696,2,9,0,-1,19,7,3,-1,0,1,0,0,0,0,1,1,-1,6,1,27,6,2143,2,9,MERCEDES CLS CLASS,3,E01018489,0,3
2024010537474,2024,010537474,3,9,0,18,19,1,5,0,0,0,0,0,0,0,1,1,6,6,2,58,9,2987,2,7,MERCEDES CLS CLASS,8,E01000562,0,1
2024010530954,2024,010530954,1,9,0,99,99,9,9,99,99,9,9,99,9,99,2,9,6,6,1,42,7,2925,2,6,MERCEDES CLS CLASS,9,E01000282,0,2
2024061436543,2024,061436543,2,9,0,-1,19,7,3,-1,0,0,0,0,0,0,3,1,-1,6,1,73,10,2143,2,11,MERCEDES CLS CLASS,1,E01005213,0,1
2024461420540,2024,461420540,2,9,0,-1,19,5,1,-1,0,1,0,0,0,0,2,9,-1,9,1,63,9,2925,2,3,MERCEDES CLS CLASS,5,E01024520,0,1
2024201495040,2024,201495040,2,9,0,-1,19,3,7,-1,0,8,0,0,0,0,4,1,-1,6,1,24,5,2987,2,16,MERCEDES CLS CLASS,2,E01009014,0,2
2024302400915,2024,302400915,1,9,0,5,5,8,4,0,0,0,0,0,0,0,3,1,6,6,1,58,9,2987,2,7,MERCEDES CLS CLASS,6,E01013529,0,1
2024991471827,2024,991471827,3,9,0,-1,2,0,0,-1,-1,0,0,0,0,0,2,1,-1,6,-1,-1,-1,2987,2,15,MERCEDES CLS CLASS,-1,-1,0,-1
2024501395249,2024,501395249,1,9,0,-1,19,4,2,-1,0,2,0,10,3,11,1,1,-1,9,1,77,11,2987,2,10,MERCEDES CLS CLASS,5,E01018931,0,1
2024421500638,2024,421500638,2,9,0,-1,19,8,4,-1,0,0,0,0,0,0,2,1,-1,7,2,43,7,1993,12,2,MERCEDES CLS CLASS,9,E01033461,0,4
2024991521535,2024,991521535,2,9,0,-1,2,0,0,-1,0,2,0,0,0,0,4,9,-1,6,-1,-1,-1,2987,2,15,MERCEDES CLS CLASS,-1,-1,0,-1
2024061437250,2024,061437250,3,9,0,-1,2,1,1,-1,-1,0,0,0,0,0,4,1,-1,6,-1,-1,-1,2143,2,9,MERCEDES CLS CLASS,-1,-1,0,-1
2024631473507,2024,631473507,1,9,0,-1,13,5,1,-1,0,0,2,0,2,9,1,1,-1,9,1,60,9,5462,1,17,MERCEDES CLS CLASS,5,W01000508,0,3
2024041404955,2024,041404955,2,9,0,-1,19,1,5,-1,0,1,0,0,7,0,1,1,-1,9,1,64,9,2987,2,18,MERCEDES CLS CLASS,2,E01024986,0,1
2024991551009,2024,991551009,2,9,0,-1,19,5,1,-1,0,0,1,0,2,4,4,1,-1,2,1,26,6,2143,2,11,MERCEDES CLS CLASS,2,-1,0,4
2024201459951,2024,201459951,3,9,0,-1,19,4,8,-1,0,8,0,0,0,0,3,1,-1,6,1,45,7,1991,8,5,MERCEDES CLS CLASS,1,E01034926,0,3
202460Q158227,2024,60Q158227,1,9,0,18,19,3,7,0,0,0,0,12,0,0,0,1,6,6,3,-1,-1,2987,2,16,MERCEDES CLS CLASS,-1,-1,0,-1
202454C875424,2024,54C875424,2,9,0,9,9,6,4,0,0,1,0,0,0,0,2,1,6,6,1,49,8,2143,2,12,MERCEDES CLS CLASS,6,E01034547,0,1
2024401536211,2024,401536211,4,9,0,-1,3,1,5,-1,0,0,0,0,0,0,2,1,-1,9,1,50,8,2987,2,17,MERCEDES CLS CLASS,6,E01000629,0,4
2024201494893,2024,201494893,1,9,0,-1,19,1,6,-1,0,0,1,10,4,0,3,1,-1,6,1,43,7,2143,2,12,MERCEDES CLS CLASS,-1,-1,0,-1
2024421404271,2024,421404271,1,9,0,-1,19,5,3,-1,0,1,0,0,0,0,1,9,-1,6,1,27,6,2143,2,11,MERCEDES CLS CLASS,9,E01022077,0,1
2024061515621,2024,061515621,2,9,0,-1,2,0,0,-1,0,0,0,0,0,0,3,1,-1,6,3,-1,-1,2987,2,11,MERCEDES CLS CLASS,-1,-1,0,-1
2024010497589,2024,010497589,1,9,0,9,9,3,1,0,0,5,0,0,0,0,1,1,6,6,1,36,7,2925,2,3,MERCEDES CLS CLASS,3,E01001325,0,2
2024010523825,2024,010523825,2,9,9,99,99,9,9,99,99,9,9,99,9,99,9,9,6,6,3,-1,-1,2143,2,7,MERCEDES CLS CLASS,-1,-1,0,-1
2024010522423,2024,010522423,2,9,9,99,99,9,9,99,99,9,9,99,9,99,9,9,6,6,3,-1,-1,2987,2,18,MERCEDES CLS CLASS,-1,-1,0,-1
2024010498337,2024,010498337,2,9,0,99,99,9,9,99,99,9,9,99,9,99,9,9,6,6,3,-1,-1,2143,2,9,MERCEDES CLS CLASS,-1,-1,0,-1
2024411517799,2024,411517799,1,9,0,-1,19,4,8,-1,0,8,0,0,0,0,1,1,-1,9,1,63,9,2987,2,10,MERCEDES CLS CLASS,8,E01002239,0,2
2024010525942,2024,010525942,2,9,0,99,99,9,9,99,99,9,9,99,9,99,9,9,6,6,3,38,7,2925,2,6,MERCEDES CLS CLASS,7,E01000668,0,1
2024461400562,2024,461400562,1,9,0,-1,19,5,3,-1,0,0,1,0,1,11,1,1,-1,9,2,47,8,2925,2,5,MERCEDES CLS CLASS,7,E01024073,0,4
2024061499975,2024,061499975,1,9,0,-1,9,-1,-1,-1,0,2,0,10,0,0,3,1,-1,9,1,35,6,2143,2,12,MERCEDES CLS CLASS,6,E01006166,0,1