collision_index,collision_year,collision_ref_no,vehicle_reference,vehicle_type,towing_and_articulation,vehicle_manoeuvre_historic,vehicle_manoeuvre,vehicle_direction_from,vehicle_direction_to,vehicle_location_restricted_lane_historic,vehicle_location_restricted_lane,junction_location,skidding_and_overturning,hit_object_in_carriageway,vehicle_leaving_carriageway,hit_object_off_carriageway,first_point_of_impact,vehicle_left_hand_drive,journey_purpose_of_driver_historic,journey_purpose_of_driver,sex_of_driver,age_of_driver,age_band_of_driver,engine_capacity_cc,propulsion_code,age_of_vehicle,generic_make_model,driver_imd_decile,lsoa_of_driver,escooter_flag,driver_distance_banding
2024430232589,2024,430232589,2,9,0,18,19,1,5,0,0,0,0,0,0,0,2,1,6,6,1,58,9,2987,2,8,MERCEDES CLS CLASS,4,E01026245,0,5
2024010517166,2024,010517166,2,9,0,5,5,5,1,0,0,8,0,0,0,0,2,1,6,6,1,61,9,2143,2,8,MERCEDES CLS CLASS,3,E01021861,0,4
2024161416714,2024,161416714,2,9,0,-1,3,7,3,-1,0,0,0,0,0,0,1,9,-1,6,2,-1,-1,2143,2,10,MERCEDES CLS CLASS,-1,-1,0,-1
2024340NN0982,2024,340NN0982,3,9,0,-1,4,1,5,-1,0,0,0,0,0,0,2,1,-1,6,1,50,8,2987,2,16,MERCEDES CLS CLASS,7,E01035393,0,1
2024010522169,2024,010522169,2,9,0,18,19,3,7,0,0,1,0,0,0,0,1,1,6,6,1,34,6,2925,2,6,MERCEDES CLS CLASS,6,E01002141,0,3
2024031511059,2024,031511059,1,9,0,-1,19,3,7,-1,0,8,0,0,0,0,4,1,-1,2,1,51,8,2987,2,10,MERCEDES CLS CLASS,4,E01019327,0,2
2024010517703,2024,010517703,2,9,0,9,9,7,5,0,0,8,0,0,0,0,1,2,6,6,2,41,7,1991,8,5,MERCEDES CLS CLASS,9,E01022137,0,5
2024461414071,2024,461414071,2,9,0,-1,19,2,6,-1,0,0,0,0,0,0,3,1,-1,9,1,35,6,3498,1,19,MERCEDES CLS CLASS,7,E01024350,0,1
2024461531439,2024,461531439,4,9,0,-1,3,2,6,-1,0,0,0,0,0,0,2,1,-1,6,1,57,9,2987,2,8,MERCEDES CLS CLASS,10,E01024336,0,1
2024010511170,2024,010511170,1,9,0,6,6,5,5,0,0,1,0,0,0,0,3,1,6,6,1,62,9,2987,2,14,MERCEDES CLS CLASS,3,E01002765,0,2
2024161524049,2024,161524049,1,9,0,-1,14,1,5,-1,0,1,0,0,0,0,1,1,-1,2,1,42,7,2987,2,10,MERCEDES CLS CLASS,7,E01013301,0,1
2024201517031,2024,201517031,2,9,0,-1,19,3,7,-1,0,8,0,0,0,0,4,1,-1,9,2,31,6,2925,2,3,MERCEDES CLS CLASS,2,E01028450,0,4
2024311395726,2024,311395726,2,9,0,-1,19,1,1,-1,0,0,0,0,0,0,1,1,-1,6,1,29,6,2987,2,15,MERCEDES CLS CLASS,4,E01013969,0,1
2024061495060,2024,061495060,1,9,0,-1,10,5,1,-1,0,0,0,0,0,0,2,1,-1,6,1,68,10,2987,2,7,MERCEDES CLS CLASS,1,E01005186,0,1
2024201524619,2024,201524619,4,9,0,-1,2,0,0,-1,0,0,0,0,0,0,4,1,-1,6,-1,-1,-1,2987,2,12,MERCEDES CLS CLASS,-1,-1,0,-1
2024052401920,2024,052401920,2,9,0,7,7,5,7,0,0,1,0,0,1,0,3,1,1,1,1,48,8,2143,2,11,MERCEDES CLS CLASS,3,E01006533,0,1
2024010533172,2024,010533172,3,9,0,99,99,9,9,99,99,9,9,99,9,99,9,9,6,6,3,-1,-1,2143,2,7,MERCEDES CLS CLASS,-1,-1,0,-1
2024070527417,2024,070527417,2,9,0,18,19,6,2,6,6,2,1,0,0,0,2,1,1,1,1,58,9,2987,2,15,MERCEDES CLS CLASS,2,E01012480,0,2
2024010511431,2024,010511431,1,9,0,18,19,2,6,0,0,8,0,0,0,0,1,1,6,6,1,31,6,2987,2,15,MERCEDES CLS CLASS,2,E01002561,0,1
2024010509543,2024,010509543,2,9,0,99,99,9,9,99,99,9,9,99,9,99,2,9,6,6,3,-1,-1,2987,2,14,MERCEDES CLS CLASS,-1,-1,0,-1
2024061504207,2024,061504207,1,9,0,-1,19,2,6,-1,0,0,0,4,0,0,3,1,-1,6,2,32,6,2143,2,11,MERCEDES CLS CLASS,1,E01006296,0,1
2024320614465,2024,320614465,1,9,0,-1,-1,6,2,0,0,0,0,0,0,0,4,1,6,6,1,54,8,2987,2,17,MERCEDES CLS CLASS,3,E01026134,0,2
2024440060756,2024,440060756,2,4,0,14,14,2,6,0,0,0,0,0,0,0,1,1,6,6,1,41,7,125,1,1,-1,10,E01022682,0,2
2024371503555,2024,371503555,2,19,4,-1,2,0,0,-1,0,0,0,0,0,0,2,1,-1,6,-1,-1,-1,2298,2,8,-1,-1,-1,0,-1
2024211516963,2024,211516963,2,9,0,-1,2,4,4,-1,0,0,0,0,0,0,2,1,-1,6,1,36,7,1200,1,6,PEUGEOT 2008,5,E01019876,0,1
2024010527159,2024,010527159,1,9,0,7,7,3,5,0,0,1,0,0,0,0,4,1,6,6,1,68,10,1200,1,8,PEUGEOT 2008,4,E01001684,0,1
2024461462415,2024,461462415,1,9,0,-1,9,5,2,-1,0,8,0,0,0,0,1,1,-1,9,2,70,10,1200,1,7,PEUGEOT 2008,5,E01024544,0,1
2024201448163,2024,201448163,2,9,0,-1,19,2,6,-1,0,8,0,0,0,0,3,1,-1,6,2,29,6,1199,1,1,PEUGEOT 2008,2,E01010056,0,1
2024501457475,2024,501457475,2,9,0,-1,5,1,5,-1,0,1,0,0,0,0,0,1,-1,6,1,41,7,1200,1,7,PEUGEOT 2008,6,E01034625,0,1
2024320560802,2024,320560802,1,9,0,-1,-1,1,5,0,0,0,0,0,0,0,1,1,6,6,2,64,9,1200,1,5,PEUGEOT 2008,4,E01026019,0,2
2024991535763,2024,991535763,3,9,0,-1,19,2,2,-1,0,0,1,0,0,0,1,1,-1,9,1,48,8,1200,1,5,PEUGEOT 2008,1,-1,0,3
2024070996657,2024,070996657,1,9,0,-1,4,1,5,-1,0,1,0,0,0,0,1,1,-1,2,1,39,7,1560,2,9,PEUGEOT 2008,3,E01033303,0,1
2024041530606,2024,041530606,3,9,0,-1,19,1,5,-1,0,3,0,0,0,0,1,2,-1,9,1,50,8,-1,3,1,PEUGEOT 2008,1,E01005709,0,4
2024010499037,2024,010499037,2,9,0,5,5,9,9,99,99,9,9,99,9,99,1,9,6,6,3,-1,-1,1560,2,8,PEUGEOT 2008,-1,-1,0,-1
2024231498949,2024,231498949,2,9,0,-1,19,4,8,-1,0,0,0,0,0,0,1,2,-1,6,1,55,8,1560,2,10,PEUGEOT 2008,1,E01035017,0,2
2024471421700,2024,471421700,1,9,0,-1,19,8,4,-1,0,0,0,0,0,0,1,1,-1,9,1,33,6,1560,2,8,PEUGEOT 2008,7,E01031688,0,2
2024461415996,2024,461415996,1,9,0,-1,4,4,8,-1,0,0,1,0,0,0,4,1,-1,2,1,35,6,-1,3,3,PEUGEOT 2008,4,E01035315,0,3
2024141493027,2024,141493027,2,9,0,-1,19,7,3,-1,0,0,0,0,0,0,1,1,-1,9,2,40,7,1560,2,10,PEUGEOT 2008,4,E01007762,0,1
2024461505870,2024,461505870,1,9,0,-1,5,1,5,-1,0,4,0,0,0,0,3,1,-1,9,2,43,7,1560,2,7,PEUGEOT 2008,3,E01021102,0,4
2024010505692,2024,010505692,1,9,0,17,19,1,5,0,0,1,0,0,0,0,1,1,6,6,2,50,8,1560,2,10,PEUGEOT 2008,10,E01035308,0,4
2024010511499,2024,010511499,2,9,9,99,99,9,9,99,99,9,9,99,9,99,9,9,6,6,3,-1,-1,1199,1,6,PEUGEOT 2008,-1,-1,0,-1
2024141435433,2024,141435433,1,9,0,-1,19,8,4,-1,0,0,0,0,0,0,1,1,-1,2,1,65,9,1200,1,6,PEUGEOT 2008,5,E01008091,0,1
202417M104524,2024,17M104524,1,9,0,18,19,8,4,0,0,1,0,0,1,10,1,1,6,6,2,32,6,1199,1,0,PEUGEOT 2008,1,E01035197,0,1
2024010532958,2024,010532958,1,9,0,16,19,8,4,0,0,3,0,0,0,0,3,1,6,6,2,30,6,1200,1,9,PEUGEOT 2008,2,E01004040,0,2
2024070647554,2024,070647554,1,9,0,4,4,8,3,0,0,1,0,0,0,0,1,1,6,6,1,85,11,1560,2,8,PEUGEOT 2008,10,E01018602,0,4
2024501514550,2024,501514550,1,9,0,-1,5,4,8,-1,0,8,0,0,0,0,4,1,-1,7,2,30,6,1560,2,10,PEUGEOT 2008,5,E01034855,0,1
2024231504479,2024,231504479,1,9,0,-1,1,2,6,-1,0,6,5,0,3,10,2,1,-1,9,1,80,11,1200,1,5,PEUGEOT 2008,4,E01031030,0,1
2024461415053,2024,461415053,1,9,0,-1,5,5,1,-1,0,1,0,0,0,0,1,9,-1,6,2,53,8,1200,1,6,PEUGEOT 2008,10,E01024341,0,1
2024101474638,2024,101474638,1,9,0,-1,19,4,7,-1,0,1,0,0,0,0,1,1,-1,9,2,24,5,1200,1,4,PEUGEOT 2008,7,E01020637,0,2
2024421491596,2024,421491596,1,9,0,-1,9,6,4,-1,0,1,0,0,0,0,2,1,-1,9,1,59,9,1200,1,4,PEUGEOT 2008,4,E01021495,0,2
2024201427015,2024,201427015,1,9,0,-1,19,1,6,-1,0,0,0,10,1,0,1,9,-1,9,1,53,8,1560,2,9,PEUGEOT 2008,1,E01010032,0,1
2024201427051,2024,201427051,2,9,0,-1,9,3,1,-1,0,1,0,0,0,0,2,1,-1,9,2,39,7,1560,2,10,PEUGEOT 2008,7,E01013295,0,5
2024440424247,2024,440424247,1,9,0,11,11,5,1,0,0,5,0,0,1,7,1,1,6,6,1,56,9,1199,1,6,PEUGEOT 2008,7,E01002187,0,4
2024041512181,2024,041512181,2,9,0,-1,19,5,1,-1,0,8,0,0,0,0,3,1,-1,9,1,62,9,1200,1,3,PEUGEOT 2008,8,E01012652,0,1
2024361529087,2024,361529087,1,9,0,-1,19,5,1,-1,0,2,0,0,1,0,1,1,-1,6,1,52,8,1500,2,3,PEUGEOT 2008,1,E01026622,0,1
2024131447941,2024,131447941,1,9,0,-1,19,1,5,-1,0,8,0,0,0,0,1,1,-1,6,1,18,4,1199,1,0,PEUGEOT 2008,1,E01010831,0,2
2024010536020,2024,010536020,3,9,0,2,2,0,0,0,0,0,0,0,7,4,1,1,6,6,3,-1,-1,1199,1,1,PEUGEOT 2008,-1,-1,0,-1
2024421523440,2024,421523440,2,9,0,-1,19,8,4,-1,0,1,0,0,0,0,1,1,-1,9,2,40,7,1560,2,10,PEUGEOT 2008,8,E01021885,0,1
202417S214724,2024,17S214724,1,9,0,-1,19,6,2,-1,4,1,0,0,0,0,1,1,-1,2,2,55,8,1560,2,9,PEUGEOT 2008,2,E01012281,0,1
2024991476271,2024,991476271,1,9,0,-1,19,7,3,-1,0,0,0,0,0,0,1,1,-1,9,2,26,6,1560,2,8,PEUGEOT 2008,4,-1,0,5
2024041432987,2024,041432987,1,9,0,-1,19,1,5,-1,0,0,0,0,0,0,1,1,-1,9,1,40,7,1199,1,1,PEUGEOT 2008,2,E01025055,0,1
2024991441928,2024,991441928,1,9,0,-1,2,8,3,-1,9,0,0,0,0,0,1,1,-1,6,2,56,9,1200,1,4,PEUGEOT 2008,10,-1,0,1
2024401433531,2024,401433531,2,9,0,-1,3,6,2,-1,0,0,0,0,0,0,2,1,-1,6,2,45,7,1200,1,2,PEUGEOT 2008,9,E01017454,0,1
2024351420156,2024,351420156,2,9,0,-1,19,8,4,-1,0,1,0,0,1,0,1,1,-1,1,1,87,11,1200,1,9,PEUGEOT 2008,7,E01018218,0,1
2024320366189,2024,320366189,2,9,0,3,3,2,6,0,0,0,0,0,0,0,2,1,-1,-1,2,51,8,1199,1,0,PEUGEOT 2008,5,E01033260,0,5
2024010532318,2024,010532318,2,9,0,18,19,7,3,0,0,0,0,0,0,0,1,1,6,6,2,29,6,1199,1,1,PEUGEOT 2008,1,E01015789,0,4
2024522500151,2024,522500151,1,9,0,3,3,2,6,0,0,0,0,0,0,0,2,1,6,6,1,56,9,1200,1,4,PEUGEOT 2008,5,E01015000,0,2
2024430586734,2024,430586734,1,9,0,18,19,7,3,0,0,0,0,0,0,0,1,1,6,6,1,75,10,1200,1,8,PEUGEOT 2008,7,E01022179,0,3
2024401465709,2024,401465709,2,9,0,-1,2,7,1,-1,0,0,0,0,0,0,4,1,-1,6,2,66,10,1199,1,0,PEUGEOT 2008,7,E01017423,0,2
2024991439182,2024,991439182,1,9,0,-1,9,5,3,-1,0,8,0,0,0,0,1,1,-1,6,1,28,6,1200,1,3,PEUGEOT 2008,3,-1,0,4
2024461513777,2024,461513777,1,9,0,-1,19,5,1,-1,0,0,0,0,0,0,1,9,-1,6,3,-1,-1,1199,1,1,PEUGEOT 2008,-1,-1,0,-1
2024411490018,2024,411490018,1,9,0,-1,3,4,8,-1,0,0,0,0,0,0,2,1,-1,9,1,68,10,1200,1,6,PEUGEOT 2008,4,E01023864,0,1
2024010520329,2024,010520329,3,9,0,2,2,0,0,6,6,0,0,0,0,0,3,1,6,6,3,-1,-1,1200,1,4,PEUGEOT 2008,-1,-1,0,-1
2024131499228,2024,131499228,1,9,0,-1,-1,-1,-1,-1,-1,0,-1,-1,-1,-1,-1,1,-1,6,3,-1,-1,1199,1,6,PEUGEOT 2008,-1,-1,0,-1
2024610007224,2024,610007224,1,9,0,4,4,1,5,0,0,1,0,0,0,0,1,1,6,6,1,27,6,1199,1,1,PEUGEOT 2008,1,W01001693,0,1
2024141430221,2024,141430221,2,9,0,-1,19,3,7,-1,0,4,0,0,0,0,1,1,-1,6,2,32,6,1200,1,9,PEUGEOT 2008,2,E01028044,0,4
2024351490041,2024,351490041,1,9,-1,-1,-1,-1,-1,-1,-1,-1,-1,-1,-1,0,-1,9,-1,6,2,30,6,1200,1,6,PEUGEOT 2008,6,E01017962,0,1
2024411407934,2024,411407934,2,9,0,-1,5,2,8,-1,0,8,0,0,0,0,1,1,-1,2,2,27,6,1200,1,7,PEUGEOT 2008,4,E01023955,0,1
2024010514245,2024,010514245,1,9,0,18,19,7,3,0,0,8,0,0,7,1,0,1,6,6,2,72,10,1199,1,0,PEUGEOT 2008,5,E01002667,0,1
2024070833480,2024,070833480,2,9,0,-1,2,0,0,-1,0,0,0,0,0,0,4,1,-1,6,2,-1,-1,1200,1,6,PEUGEOT 2008,3,E01012368,0,1
2024622400875,2024,622400875,1,9,0,1,1,6,2,0,0,0,0,0,0,0,2,1,6,6,2,35,6,1199,1,1,PEUGEOT 2008,4,W01000931,0,3
2024421512315,2024,421512315,1,9,0,-1,13,1,5,-1,0,3,0,0,0,0,0,1,-1,6,1,33,6,1200,1,10,PEUGEOT 2008,4,E01000039,0,4
2024501439846,2024,501439846,1,9,0,-1,9,5,3,-1,0,8,0,0,0,0,4,1,-1,6,2,51,8,1560,2,9,PEUGEOT 2008,3,E01015249,0,1
2024332400964,2024,332400964,2,9,0,-1,19,1,5,-1,0,0,0,0,0,0,1,1,-1,1,1,66,10,1200,1,3,PEUGEOT 2008,1,E01009141,0,4
2024471479826,2024,471479826,2,9,0,-1,3,3,7,-1,0,0,0,0,1,0,2,1,-1,1,2,32,6,-1,3,2,PEUGEOT 2008,10,E01022588,0,4
2024041449595,2024,041449595,2,9,0,-1,19,3,7,-1,0,4,0,0,0,0,1,1,-1,6,2,69,10,-1,3,0,PEUGEOT 2008,10,E01034764,0,3
2024201494113,2024,201494113,2,9,0,-1,19,8,4,-1,0,8,0,0,0,0,1,1,-1,6,2,35,6,1560,2,7,PEUGEOT 2008,1,E01009480,0,2
2024131450442,2024,131450442,1,9,0,-1,9,5,5,-1,0,0,0,0,0,0,1,1,-1,2,1,41,7,1398,2,10,PEUGEOT 2008,4,E01011263,0,1
2024141452354,2024,141452354,2,9,0,-1,19,6,1,-1,0,0,0,0,0,0,1,9,-1,6,3,-1,-1,1200,1,3,PEUGEOT 2008,-1,-1,0,-1
2024201421022,2024,201421022,2,9,0,-1,8,2,8,-1,0,8,0,0,0,0,4,1,-1,9,2,38,7,1200,1,4,PEUGEOT 2008,-1,-1,0,-1
2024991483733,2024,991483733,2,9,0,-1,19,3,6,-1,0,0,0,0,0,0,4,1,-1,9,1,36,7,1200,1,7,PEUGEOT 2008,5,-1,0,2
2024231452805,2024,231452805,2,9,0,-1,9,5,4,-1,0,8,0,0,0,0,4,1,-1,2,2,31,6,1200,1,3,PEUGEOT 2008,8,E01031019,0,1
2024421514318,2024,421514318,1,9,0,-1,9,5,7,-1,0,0,0,0,0,0,1,1,-1,9,1,80,11,1200,1,6,PEUGEOT 2008,7,E01021797,0,1
2024052400126,2024,052400126,2,9,0,18,19,1,5,0,0,0,0,0,0,0,4,1,2,2,1,34,6,1200,1,6,PEUGEOT 2008,1,E01006763,0,3
2024371558146,2024,371558146,2,9,0,-1,19,3,7,-1,0,8,0,0,0,0,4,1,-1,6,2,46,8,1200,1,3,PEUGEOT 2008,2,E01030265,0,1
2024461494717,2024,461494717,2,9,0,-1,19,5,1,-1,0,1,0,0,0,0,1,9,-1,6,1,55,8,1560,2,8,PEUGEOT 2008,3,E01016171,0,1
2024351522121,2024,351522121,1,9,0,-1,-1,-1,-1,-1,-1,-1,-1,-1,-1,0,-1,9,-1,6,1,43,7,1560,2,9,PEUGEOT 2008,8,E01018166,0,1
2024421531934,2024,421531934,3,9,0,-1,19,5,1,-1,0,0,0,0,0,0,2,1,-1,9,2,61,9,1200,1,9,PEUGEOT 2008,1,E01021271,0,3
2024520402076,2024,520402076,1,9,0,18,19,3,7,0,0,8,0,0,0,0,1,1,6,6,1,75,10,1200,1,4,PEUGEOT 2008,9,E01029296,0,1
2024552401186,2024,552401186,2,9,0,18,19,2,6,0,0,8,0,0,0,0,4,1,6,6,2,38,7,1200,1,6,PEUGEOT 2008,3,E01020502,0,1
2024041461748,2024,041461748,3,9,0,-1,8,5,1,-1,0,1,5,0,0,0,3,1,-1,9,2,43,7,1200,1,4,PEUGEOT 2008,3,E01025452,0,1
2024430481363,2024,430481363,1,9,0,5,5,5,1,0,0,6,0,0,0,0,1,1,2,2,1,20,4,1398,2,9,PEUGEOT 2008,9,E01028426,0,2
2024440132707,2024,440132707,1,9,0,9,9,5,3,0,0,8,0,0,0,0,1,1,6,6,2,27,6,1200,1,7,PEUGEOT 2008,8,E01023186,0,3
2024041394024,2024,041394024,1,9,0,-1,19,3,7,-1,0,1,0,0,0,0,3,1,-1,9,2,68,10,1560,2,10,PEUGEOT 2008,5,E01012730,0,1
2024991527448,2024,991527448,1,9,0,-1,19,4,8,-1,0,0,5,0,0,0,1,1,-1,9,1,30,6,1199,1,6,PEUGEOT 2008,6,-1,0,1
2024201520690,2024,201520690,1,9,0,-1,5,5,1,-1,0,6,0,0,0,0,1,1,-1,2,2,61,9,1200,1,8,PEUGEOT 2008,1,E01009542,0,1
2024461423079,2024,461423079,1,9,0,-1,19,4,6,-1,0,0,0,0,0,0,0,9,-1,6,2,47,8,-1,3,3,PEUGEOT 2008,4,E01016157,0,2
2024501439373,2024,501439373,1,9,0,-1,4,3,7,-1,0,2,0,0,0,0,1,1,-1,6,1,86,11,1200,1,6,PEUGEOT 2008,6,E01019026,0,1
2024421478172,2024,421478172,3,9,0,-1,19,6,4,-1,0,0,0,4,0,0,1,1,-1,9,2,41,7,1598,1,9,PEUGEOT 2008,7,E01024318,0,3
2024161492391,2024,161492391,1,9,0,-1,19,7,3,-1,0,0,0,0,0,0,4,1,-1,2,2,33,6,1560,2,7,PEUGEOT 2008,7,E01012792,0,1
2024041417841,2024,041417841,2,9,0,-1,19,3,3,-1,0,8,0,0,0,0,1,1,-1,6,2,36,7,1560,2,9,PEUGEOT 2008,7,E01025609,0,1
2024211449638,2024,211449638,1,9,0,-1,19,1,5,-1,0,8,1,0,0,0,1,1,-1,2,1,34,6,1199,1,6,PEUGEOT 2008,8,E01029493,0,4
2024531471184,2024,531471184,2,9,0,-1,19,1,5,-1,0,8,0,0,0,0,1,1,-1,9,2,50,8,1398,2,10,PEUGEOT 2008,7,E01022345,0,1
2024070522357,2024,070522357,3,9,0,4,4,2,6,0,0,0,0,0,0,0,2,1,2,2,1,37,7,1199,1,5,PEUGEOT 2008,8,E01007308,0,4
2024231493940,2024,231493940,2,9,0,-1,19,6,2,-1,0,8,0,0,0,0,4,1,-1,1,2,52,8,1560,2,10,PEUGEOT 2008,2,E01031074,0,1
2024631410367,2024,631410367,2,9,0,-1,9,5,3,-1,0,5,0,0,0,0,3,1,-1,1,1,49,8,1200,1,5,PEUGEOT 2008,8,W01001937,0,1
2024010527825,2024,010527825,1,9,0,99,99,9,9,99,99,9,9,99,9,99,1,9,6,6,2,50,8,1199,1,0,PEUGEOT 2008,5,E01024342,0,4
2024231501181,2024,231501181,1,9,0,-1,19,2,5,-1,0,3,0,0,0,0,4,1,-1,9,1,73,10,1199,1,0,PEUGEOT 2008,7,E01031216,0,3
2024221534861,2024,221534861,2,9,0,-1,19,7,3,-1,0,8,0,0,0,0,3,1,-1,6,2,57,9,1200,1,7,PEUGEOT 2008,10,E01028963,0,1
2024471488258,2024,471488258,1,9,0,-1,4,2,6,-1,0,0,0,0,7,0,1,1,-1,6,2,44,7,1200,1,7,PEUGEOT 2008,6,E01031614,0,3
2024131424086,2024,131424086,1,9,0,-1,9,3,1,-1,0,1,0,0,0,0,4,1,-1,2,1,42,7,1560,2,11,PEUGEOT 2008,1,E01010995,0,1
2024340WN4192,2024,340WN4192,1,9,0,-1,9,3,7,-1,0,8,0,0,7,0,4,1,-1,6,1,62,9,1199,1,1,PEUGEOT 2008,-1,-1,0,-1
2024010532029,2024,010532029,4,9,0,2,2,0,0,0,0,2,0,0,0,0,1,1,6,6,3,-1,-1,-1,3,3,PEUGEOT 2008,-1,-1,0,-1
2024010508601,2024,010508601,3,9,0,18,19,1,5,0,0,1,0,0,0,0,2,1,6,6,2,17,4,1200,1,7,PEUGEOT 2008,3,E01000785,0,1
2024340WN0672,2024,340WN0672,1,9,0,-1,15,0,0,-1,0,0,0,0,0,0,4,1,-1,1,3,-1,-1,1199,1,1,PEUGEOT 2008,-1,-1,0,-1
2024351492010,2024,351492010,2,9,0,-1,2,0,0,-1,0,1,0,0,0,0,1,1,-1,9,2,19,4,1200,1,7,PEUGEOT 2008,6,E01026316,0,4
2024461469812,2024,461469812,1,9,0,-1,8,1,4,-1,0,1,0,0,0,0,1,1,-1,9,2,34,6,1200,1,7,PEUGEOT 2008,3,E01024119,0,1
2024141412813,2024,141412813,1,9,0,-1,9,8,7,-1,0,1,0,0,0,0,1,9,-1,6,3,-1,-1,-1,3,3,PEUGEOT 2008,-1,-1,0,-1
2024991485263,2024,991485263,1,9,0,-1,19,3,7,-1,0,0,0,0,1,0,1,1,-1,9,1,44,7,1560,2,8,PEUGEOT 2008,5,-1,0,1
2024061531978,2024,061531978,2,9,0,-1,19,1,5,-1,0,8,0,0,0,0,1,1,-1,2,1,48,8,1200,1,9,PEUGEOT 2008,-1,-1,0,-1
2024010528686,2024,010528686,1,9,0,18,19,1,5,0,0,1,0,0,3,2,1,1,6,6,1,31,6,1200,1,4,PEUGEOT 2008,3,E01000435,0,3
2024052400446,2024,052400446,1,9,0,18,19,5,1,0,0,0,0,0,0,0,4,1,6,6,1,40,7,1199,1,1,PEUGEOT 2008,7,E01012540,0,2
2024010499448,2024,010499448,1,9,0,18,19,5,1,0,0,1,0,0,0,0,1,1,6,6,1,50,8,1200,1,3,PEUGEOT 2008,3,E01004575,0,2
2024061396931,2024,061396931,1,9,0,-1,11,1,5,-1,0,0,0,0,1,0,2,1,-1,9,1,29,6,-1,3,4,PEUGEOT 2008,2,E01006380,0,1
2024421412159,2024,421412159,1,9,0,-1,19,5,1,-1,0,0,0,0,0,0,4,1,-1,9,1,42,7,1560,2,9,PEUGEOT 2008,2,E01021316,0,1
2024302400732,2024,302400732,1,9,0,9,9,4,2,0,0,8,0,0,0,0,3,1,6,6,2,30,6,1200,1,7,PEUGEOT 2008,-1,-1,0,-1
2024991483591,2024,991483591,1,9,0,-1,19,4,8,-1,0,0,0,0,7,0,1,1,-1,6,2,43,7,-1,3,2,PEUGEOT 2008,9,-1,0,4
202454C355624,2024,54C355624,1,9,0,9,9,1,7,0,0,6,0,0,0,0,3,1,6,6,1,76,11,1200,1,6,PEUGEOT 2008,7,E01032696,0,1
2024320698720,2024,320698720,3,9,0,3,3,8,4,0,0,2,0,0,0,0,1,1,6,6,1,68,10,1200,1,3,PEUGEOT 2008,2,E01026154,0,1
2024201485878,2024,201485878,1,9,0,-1,6,5,5,-1,0,8,0,10,0,0,1,1,-1,6,2,28,6,1200,1,7,PEUGEOT 2008,1,E01009347,0,2
202454B168324,2024,54B168324,2,9,0,4,4,3,7,0,0,0,0,0,0,0,2,1,6,6,2,26,6,1199,1,0,PEUGEOT 2008,1,E01015546,0,1
2024101508070,2024,101508070,2,9,0,-1,19,8,4,-1,0,8,0,0,0,0,1,1,-1,9,1,64,9,1200,1,7,PEUGEOT 2008,6,E01027532,0,1
2024010513487,2024,010513487,2,9,0,99,99,9,9,99,99,9,9,99,9,99,9,9,6,6,3,27,6,1200,1,9,PEUGEOT 2008,1,E01026867,0,5
2024131485991,2024,131485991,2,9,0,-1,19,1,5,-1,0,8,0,0,0,0,4,1,-1,9,1,36,7,1199,1,0,PEUGEOT 2008,2,E01011927,0,1
2024340WN4182,2024,340WN4182,2,9,0,-1,19,6,2,-1,0,0,0,0,1,0,4,1,-1,6,1,30,6,1199,1,1,PEUGEOT 2008,10,E01027265,0,3
2024201413878,2024,201413878,2,9,0,-1,4,2,6,-1,0,3,0,0,0,0,2,1,-1,6,2,56,9,1200,1,5,PEUGEOT 2008,-1,-1,0,-1
2024201508989,2024,201508989,2,9,0,-1,12,4,6,-1,0,0,0,0,0,0,3,2,-1,9,2,58,9,1560,2,9,PEUGEOT 2008,10,E01009821,0,2
2024041488772,2024,041488772,1,9,0,-1,9,3,7,-1,0,0,0,0,0,0,4,1,-1,2,1,36,7,1560,2,9,PEUGEOT 2008,6,E01027559,0,2
2024302400326,2024,302400326,1,9,0,18,19,7,3,0,0,0,0,4,0,0,4,1,2,2,2,57,9,1200,1,6,PEUGEOT 2008,9,E01008041,0,1
2024041409742,2024,041409742,1,9,0,-1,19,5,1,-1,0,0,0,0,0,0,4,1,-1,9,1,37,7,1398,2,10,PEUGEOT 2008,5,E01025031,0,4
2024401477246,2024,401477246,1,9,0,-1,3,1,5,-1,0,1,0,0,0,0,1,1,-1,6,2,56,9,-1,3,2,PEUGEOT 2008,9,E01017559,0,1
2024061429748,2024,061429748,1,9,0,-1,5,-1,-1,-1,0,1,0,0,0,0,0,1,-1,9,2,53,8,1200,1,2,PEUGEOT 2008,8,E01006232,0,2
2024201545148,2024,201545148,1,9,0,-1,5,1,5,-1,0,0,0,0,0,0,1,9,-1,6,3,-1,-1,1199,1,2,PEUGEOT 2008,-1,-1,0,-1
2024231506337,2024,231506337,2,9,0,-1,3,6,2,-1,0,0,0,0,0,0,2,1,-1,6,2,54,8,1200,1,5,PEUGEOT 2008,5,E01025818,0,1
2024522401814,2024,522401814,1,9,0,7,7,7,1,0,0,5,0,0,0,0,2,1,6,6,2,48,8,1200,1,3,PEUGEOT 2008,6,E01015005,0,1
2024552500122,2024,552500122,3,9,0,2,2,0,0,0,0,0,0,0,0,0,3,1,6,6,3,-1,-1,1560,2,9,PEUGEOT 2008,-1,-1,0,-1
2024531515054,2024,531515054,1,9,0,-1,9,3,7,-1,0,5,0,0,0,0,1,1,-1,6,1,68,10,1560,2,10,PEUGEOT 2008,2,E01032307,0,4