collision_index,collision_year,collision_ref_no,vehicle_reference,vehicle_type,towing_and_articulation,vehicle_manoeuvre_historic,vehicle_manoeuvre,vehicle_direction_from,vehicle_direction_to,vehicle_location_restricted_lane_historic,vehicle_location_restricted_lane,junction_location,skidding_and_overturning,hit_object_in_carriageway,vehicle_leaving_carriageway,hit_object_off_carriageway,first_point_of_impact,vehicle_left_hand_drive,journey_purpose_of_driver_historic,journey_purpose_of_driver,sex_of_driver,age_of_driver,age_band_of_driver,engine_capacity_cc,propulsion_code,age_of_vehicle,generic_make_model,driver_imd_decile,lsoa_of_driver,escooter_flag,driver_distance_banding
2024010514628,2024,010514628,2,9,0,9,9,3,1,0,0,6,0,0,0,0,1,1,1,1,2,66,10,1200,1,7,PEUGEOT 2008,4,E01004228,0,1
2024461432991,2024,461432991,2,9,-1,-1,3,5,1,-1,0,4,0,0,0,0,2,9,-1,2,2,51,8,1200,1,3,PEUGEOT 2008,2,E01024218,0,2
2024991468531,2024,991468531,1,9,0,-1,9,2,8,-1,0,6,0,0,0,0,3,2,-1,9,1,64,9,1199,1,0,PEUGEOT 2008,-1,-1,0,-1
2024211529995,2024,211529995,1,9,0,-1,19,8,8,-1,0,0,0,0,0,0,1,1,-1,6,1,32,6,1200,1,10,PEUGEOT 2008,3,E01029404,0,1
2024991498267,2024,991498267,1,9,0,-1,1,7,3,-1,0,0,0,0,0,0,2,1,-1,6,2,30,6,-1,3,0,PEUGEOT 2008,3,-1,0,1
2024531475260,2024,531475260,1,9,0,-1,19,5,1,-1,0,2,0,0,0,0,1,9,-1,6,1,35,6,1560,2,10,PEUGEOT 2008,10,E01022315,0,1
2024201429408,2024,201429408,2,9,0,-1,19,2,6,-1,0,0,0,0,0,0,2,9,-1,6,2,38,7,1560,2,10,PEUGEOT 2008,-1,-1,0,-1
2024061481857,2024,061481857,2,9,0,-1,99,-1,-1,-1,0,0,9,99,0,0,1,1,-1,6,1,-1,-1,-1,3,0,PEUGEOT 2008,-1,-1,0,-1
2024010518502,2024,010518502,1,9,3,18,19,7,3,0,0,0,0,0,0,0,1,1,6,6,1,28,6,-1,3,3,PEUGEOT 2008,4,E01003216,0,1
2024361519134,2024,361519134,2,9,0,-1,19,5,7,-1,0,0,0,0,0,0,3,1,-1,7,2,25,5,1498,2,4,PEUGEOT 2008,6,E01026535,0,1
2024471422927,2024,471422927,2,9,0,-1,19,5,1,-1,0,8,0,0,0,0,4,1,-1,9,2,52,8,1560,2,8,PEUGEOT 2008,2,E01032832,0,1
2024061514576,2024,061514576,1,9,0,-1,19,8,3,-1,0,2,0,0,0,0,3,1,-1,6,1,22,5,1560,2,8,PEUGEOT 2008,5,E01004988,0,2
2024440440315,2024,440440315,2,9,0,18,19,7,3,0,0,8,0,0,0,0,1,1,6,6,2,77,11,1200,1,7,PEUGEOT 2008,6,E01023046,0,2
2024201519614,2024,201519614,1,9,0,-1,9,6,3,-1,0,0,0,0,0,0,1,1,-1,6,1,55,8,1199,1,0,PEUGEOT 2008,1,E01010414,0,1
2024231424798,2024,231424798,1,9,0,-1,9,8,6,-1,0,5,0,0,0,0,1,9,-1,6,1,36,7,1200,1,5,PEUGEOT 2008,3,E01031008,0,1
2024461402455,2024,461402455,1,9,0,-1,19,1,5,-1,0,0,0,0,0,0,1,9,-1,2,1,62,9,-1,3,4,PEUGEOT 2008,9,E01024365,0,1
2024501512660,2024,501512660,2,9,0,-1,3,1,5,-1,0,0,0,0,0,0,2,1,-1,9,2,51,8,1200,1,7,PEUGEOT 2008,4,E01018862,0,2
2024161496571,2024,161496571,2,9,0,-1,5,7,3,-1,0,0,0,0,0,0,3,1,-1,6,2,-1,-1,1560,2,8,PEUGEOT 2008,1,E01012834,0,1
2024501420590,2024,501420590,2,9,0,-1,3,2,6,-1,0,0,0,0,0,0,2,1,-1,6,2,38,7,1200,1,9,PEUGEOT 2008,6,E01020161,0,3
2024340NN2962,2024,340NN2962,3,9,0,-1,4,7,3,-1,0,0,0,0,0,0,2,1,-1,2,2,31,6,1200,1,8,PEUGEOT 2008,3,E01026958,0,1
2024201400633,2024,201400633,1,9,0,-1,9,5,3,-1,0,2,0,0,0,0,1,1,-1,6,2,31,6,1560,2,10,PEUGEOT 2008,4,E01029681,0,4
2024471486681,2024,471486681,2,9,0,-1,3,3,7,-1,0,8,0,0,0,0,4,1,-1,6,2,69,10,1200,1,10,PEUGEOT 2008,7,E01016916,0,2
2024161444289,2024,161444289,1,9,0,-1,19,7,3,-1,9,2,0,0,0,0,1,2,-1,6,1,74,10,1200,1,4,PEUGEOT 2008,4,E01013320,0,1
202460Q185050,2024,60Q185050,2,9,0,18,19,7,3,0,0,7,0,0,0,0,2,1,3,7,2,49,8,1200,1,7,PEUGEOT 2008,-1,-1,0,-1
2024061433606,2024,061433606,1,9,0,-1,-1,-1,-1,-1,-1,-1,-1,-1,-1,0,-1,1,-1,2,2,22,5,1200,1,3,PEUGEOT 2008,1,E01006108,0,1
2024531502272,2024,531502272,1,9,0,-1,19,7,2,-1,0,4,0,11,0,0,1,1,-1,9,2,62,9,1200,1,4,PEUGEOT 2008,7,E01034784,0,4
2024320695084,2024,320695084,1,9,0,-1,-1,2,6,0,0,1,0,0,0,0,1,1,-1,-1,1,65,9,-1,3,0,PEUGEOT 2008,10,E01026204,0,1
2024201470362,2024,201470362,1,9,0,-1,11,5,1,-1,0,0,5,0,0,0,2,1,-1,9,2,27,6,1560,2,8,PEUGEOT 2008,6,E01010233,0,1
2024610007724,2024,610007724,2,9,0,17,19,8,5,0,0,2,0,0,0,0,4,1,6,6,1,47,8,1199,1,1,PEUGEOT 2008,7,W01001419,0,1
2024501460854,2024,501460854,2,9,0,-1,19,6,2,-1,0,8,0,0,0,0,4,1,-1,1,2,33,6,1560,2,8,PEUGEOT 2008,1,E01015045,0,2
2024201455897,2024,201455897,1,9,0,-1,19,8,4,-1,0,0,0,0,0,0,2,1,-1,9,2,59,9,1200,1,8,PEUGEOT 2008,6,E01009208,0,1
2024201457733,2024,201457733,1,9,0,-1,9,8,6,-1,0,6,0,0,0,0,1,9,-1,6,1,50,8,-1,3,2,PEUGEOT 2008,1,E01010413,0,1
2024411538148,2024,411538148,5,9,0,-1,3,5,1,-1,0,2,0,0,0,0,2,1,-1,6,1,27,6,1199,1,1,PEUGEOT 2008,7,E01035590,0,1
2024010511215,2024,010511215,1,9,0,18,19,3,7,0,0,8,1,10,1,2,1,1,6,6,1,26,6,-1,3,4,PEUGEOT 2008,1,E01002673,0,1
2024010501835,2024,010501835,2,9,0,99,99,9,9,99,99,9,9,99,9,99,1,9,6,6,3,35,6,1200,1,4,PEUGEOT 2008,2,E01002633,0,1
2024461459597,2024,461459597,1,9,0,-1,9,6,2,-1,0,8,0,0,0,0,4,1,-1,9,2,25,5,1560,2,10,PEUGEOT 2008,6,E01034987,0,2
2024991413738,2024,991413738,1,9,0,-1,19,8,5,-1,0,4,5,9,1,0,4,1,-1,6,1,61,9,1498,2,5,PEUGEOT 2008,4,-1,0,3
2024201456108,2024,201456108,1,9,0,-1,19,1,4,-1,0,6,0,0,0,0,1,1,-1,2,2,52,8,1199,1,1,PEUGEOT 2008,9,E01032171,0,3
2024201432683,2024,201432683,1,9,0,-1,19,7,3,-1,0,0,0,0,0,0,1,1,-1,6,1,37,7,1200,1,10,PEUGEOT 2008,6,E01009525,0,1
2024340WN4772,2024,340WN4772,2,9,0,-1,3,7,3,-1,0,0,0,0,0,0,2,1,-1,9,1,37,7,1398,2,10,PEUGEOT 2008,1,E01027244,0,2
2024201432849,2024,201432849,1,9,0,-1,19,2,4,-1,0,2,0,0,0,0,4,1,-1,9,1,28,6,-1,3,3,PEUGEOT 2008,7,E01031024,0,3
2024161450462,2024,161450462,1,9,0,-1,19,7,3,-1,0,8,0,0,0,0,4,1,-1,6,1,72,10,-1,3,1,PEUGEOT 2008,4,E01013183,0,1
2024471490966,2024,471490966,1,9,0,-1,3,7,3,-1,0,1,0,0,0,0,2,1,-1,7,2,36,7,1560,2,11,PEUGEOT 2008,1,E01016900,0,1
2024221425733,2024,221425733,1,9,0,-1,2,0,0,-1,0,0,0,0,0,0,3,9,-1,6,2,51,8,1560,2,9,PEUGEOT 2008,7,E01032210,0,1
2024010514066,2024,010514066,3,9,0,5,5,1,5,0,0,1,0,0,0,0,1,1,6,6,1,33,6,1200,1,2,PEUGEOT 2008,8,E01004118,0,2
2024111432967,2024,111432967,1,8,0,-1,19,2,4,-1,0,0,0,0,0,0,1,1,-1,1,1,30,6,1560,2,8,PEUGEOT 2008,6,E01020697,0,2
2024101420919,2024,101420919,2,9,0,-1,4,2,6,-1,0,0,0,0,0,0,2,1,-1,2,2,29,6,1200,1,6,PEUGEOT 2008,2,E01008571,0,2
2024320224122,2024,320224122,1,9,0,13,13,4,8,0,0,1,1,0,7,0,1,1,6,6,2,37,7,1199,1,2,PEUGEOT 2008,4,E01026067,0,3
2024991485034,2024,991485034,1,9,0,-1,5,6,2,-1,0,1,0,0,0,0,1,1,-1,9,2,46,8,1200,1,9,PEUGEOT 2008,9,-1,0,1
2024010551448,2024,010551448,1,9,0,9,9,5,3,0,0,2,0,0,0,0,1,1,6,6,1,61,9,1200,1,5,PEUGEOT 2008,4,E01000742,0,1
2024451474737,2024,451474737,1,9,0,-1,19,1,5,-1,0,0,2,4,0,0,1,1,-1,2,1,36,7,1560,2,7,PEUGEOT 2008,9,E01001020,0,1
2024461445737,2024,461445737,1,9,0,-1,19,5,1,-1,0,0,0,0,0,0,1,1,-1,2,1,24,5,1200,1,6,PEUGEOT 2008,8,E01024625,0,1
2024161485315,2024,161485315,2,9,0,-1,2,0,0,-1,9,0,0,0,0,0,2,1,-1,6,-1,-1,-1,1560,2,10,PEUGEOT 2008,-1,-1,0,-1
2024440017953,2024,440017953,1,9,0,14,14,6,2,0,0,0,0,4,0,0,4,1,6,6,1,85,11,1200,1,3,PEUGEOT 2008,3,E01017170,0,1
2024221513453,2024,221513453,2,9,0,-1,19,8,4,-1,0,8,0,0,0,0,3,1,-1,6,1,70,10,1199,1,1,PEUGEOT 2008,1,W01000409,0,3
2024231506344,2024,231506344,1,9,0,-1,19,2,6,-1,0,1,0,0,0,0,1,9,-1,6,2,25,5,1200,1,8,PEUGEOT 2008,10,E01031259,0,1
2024211440199,2024,211440199,2,9,0,-1,19,8,6,-1,0,0,5,4,0,0,1,1,-1,1,2,27,6,1200,1,3,PEUGEOT 2008,6,E01029846,0,1
2024070832158,2024,070832158,1,9,0,-1,99,9,9,-1,0,1,0,0,0,0,9,1,-1,6,2,-1,-1,1200,1,3,PEUGEOT 2008,-1,-1,0,-1
2024101401947,2024,101401947,1,9,0,-1,19,4,8,-1,0,0,0,0,1,0,1,1,-1,2,1,31,6,1200,1,7,PEUGEOT 2008,6,E01027479,0,3
2024451476015,2024,451476015,2,9,0,-1,9,5,3,-1,0,8,0,0,0,0,1,1,-1,9,2,37,7,1560,2,7,PEUGEOT 2008,10,E01030345,0,1
2024010503335,2024,010503335,1,9,0,99,99,9,9,99,99,9,9,99,9,99,2,9,6,6,2,54,8,1199,1,1,PEUGEOT 2008,6,E01004532,0,1
2024991534015,2024,991534015,2,9,0,-1,19,7,3,-1,0,0,0,0,0,0,3,1,-1,2,2,32,6,1200,1,3,PEUGEOT 2008,3,-1,0,4
2024161463194,2024,161463194,1,9,0,-1,3,4,8,-1,0,4,0,0,0,0,1,1,-1,9,2,73,10,1560,2,9,PEUGEOT 2008,4,E01013225,0,2
2024471496469,2024,471496469,2,9,0,-1,19,1,6,-1,0,8,0,0,0,0,3,1,-1,1,1,68,10,1200,1,5,PEUGEOT 2008,6,E01034823,0,2
2024211433248,2024,211433248,1,9,0,-1,9,5,7,-1,0,0,0,0,0,0,4,1,-1,9,1,72,10,1200,1,2,PEUGEOT 2008,2,E01010091,0,3
2024101536194,2024,101536194,1,9,0,-1,6,1,5,-1,0,3,0,0,0,0,3,1,-1,9,2,48,8,1498,2,4,PEUGEOT 2008,3,E01008639,0,1
2024122400117,2024,122400117,3,9,0,18,19,7,3,0,0,1,0,0,0,0,1,1,6,6,1,33,6,1199,1,6,PEUGEOT 2008,3,E01013410,0,2
2024320727880,2024,320727880,1,9,0,-1,-1,3,7,0,0,0,0,4,0,0,4,1,-1,-1,1,81,11,-1,3,1,PEUGEOT 2008,2,E01026111,0,2
2024010513555,2024,010513555,1,9,0,7,7,4,7,0,0,1,0,0,0,0,1,1,6,6,1,61,9,1598,1,9,PEUGEOT 2008,3,E01034218,0,2
2024201434434,2024,201434434,1,9,0,-1,9,7,2,-1,0,0,0,0,0,0,1,1,-1,9,2,26,6,1560,2,9,PEUGEOT 2008,1,E01010311,0,1
2024201502857,2024,201502857,1,9,0,-1,1,8,4,-1,9,1,0,0,0,0,2,1,-1,6,2,43,7,1200,1,5,PEUGEOT 2008,-1,-1,0,-1
2024201424127,2024,201424127,3,9,0,-1,3,6,2,-1,0,0,0,0,0,0,2,1,-1,2,1,67,10,1500,2,3,PEUGEOT 2008,7,E01010209,0,1
2024211543129,2024,211543129,2,9,0,-1,3,1,5,-1,0,1,0,0,0,0,2,1,-1,9,2,33,6,1560,2,7,PEUGEOT 2008,5,E01029528,0,1
2024231431402,2024,231431402,2,9,0,-1,2,0,0,-1,9,0,0,0,0,0,1,9,-1,6,1,36,7,1199,1,1,PEUGEOT 2008,10,E01031111,0,1
2024552400901,2024,552400901,1,9,0,18,19,4,8,0,0,0,5,0,7,11,1,1,6,6,1,21,5,1398,2,9,PEUGEOT 2008,7,E01020359,0,2
2024101530570,2024,101530570,1,9,0,-1,19,7,3,-1,0,0,0,4,0,0,4,1,-1,9,1,27,6,1199,1,2,PEUGEOT 2008,4,E01027389,0,4
2024052401197,2024,052401197,1,9,0,18,19,1,5,0,0,8,0,0,0,0,3,1,6,6,2,58,9,1200,1,8,PEUGEOT 2008,6,E01006911,0,1
2024031466371,2024,031466371,2,9,0,-1,19,5,1,-1,0,0,0,0,0,0,2,1,-1,2,2,40,7,1560,2,10,PEUGEOT 2008,5,E01034076,0,1
2024440396832,2024,440396832,1,9,0,18,19,4,8,0,0,0,0,0,0,0,1,1,6,6,1,78,11,1200,1,8,PEUGEOT 2008,10,E01022697,0,3
2024451408505,2024,451408505,1,9,0,-1,19,5,1,-1,0,0,0,0,0,0,1,1,-1,6,1,37,7,-1,3,2,PEUGEOT 2008,10,E01016200,0,1
2024471440944,2024,471440944,2,9,0,-1,19,1,5,-1,0,0,0,0,0,0,1,1,-1,2,1,50,8,1200,1,8,PEUGEOT 2008,8,E01020987,0,1
2024430549115,2024,430549115,1,9,0,9,9,6,4,0,0,8,0,0,0,0,3,1,2,2,1,41,7,-1,3,4,PEUGEOT 2008,-1,-1,0,-1
2024061515580,2024,061515580,2,9,-1,-1,-1,-1,-1,-1,-1,0,-1,-1,-1,0,4,9,-1,9,1,-1,-1,1199,1,1,PEUGEOT 2008,4,E01005840,0,1
2024501501481,2024,501501481,2,9,0,-1,19,8,4,-1,0,0,0,0,8,0,4,1,-1,6,1,54,8,1199,1,1,PEUGEOT 2008,4,E01029202,0,4
2024320522180,2024,320522180,2,9,0,4,4,7,3,0,0,0,0,0,0,0,2,1,6,6,1,57,9,1499,2,2,PEUGEOT 2008,10,E01026206,0,1
2024631516484,2024,631516484,2,9,0,-1,19,8,4,-1,0,0,0,0,0,0,1,1,-1,6,3,-1,-1,1560,2,8,PEUGEOT 2008,-1,-1,0,-1
2024991486578,2024,991486578,1,9,0,-1,19,2,6,-1,0,0,0,0,7,0,2,1,-1,9,2,42,7,1560,2,9,PEUGEOT 2008,4,-1,0,4
2024991523351,2024,991523351,1,9,0,-1,19,3,7,-1,0,1,0,0,0,0,1,1,-1,9,2,62,9,1200,1,7,PEUGEOT 2008,-1,-1,0,-1
2024622500001,2024,622500001,2,9,0,1,1,1,5,0,0,0,0,0,0,0,2,1,6,6,1,29,6,1199,1,1,PEUGEOT 2008,2,W01001695,0,3
2024010540438,2024,010540438,2,9,0,99,99,9,9,99,99,9,9,99,9,99,1,9,6,6,3,38,7,1199,1,5,PEUGEOT 2008,7,E01002176,0,1
2024501393827,2024,501393827,1,9,0,-1,19,4,8,-1,0,0,2,10,0,0,1,9,-1,9,2,25,5,1200,1,6,PEUGEOT 2008,4,E01020289,0,1
2024201531145,2024,201531145,2,9,0,-1,19,1,3,-1,0,0,0,0,0,0,3,9,-1,6,2,56,9,1200,1,8,PEUGEOT 2008,2,E01009754,0,3
2024461468462,2024,461468462,2,9,0,-1,19,1,5,-1,0,2,0,0,0,0,1,1,-1,1,1,50,8,1598,1,10,PEUGEOT 2008,2,E01034193,0,4
2024221430026,2024,221430026,2,9,0,-1,19,3,8,-1,0,6,0,0,0,0,1,1,-1,6,2,78,11,1200,1,8,PEUGEOT 2008,3,E01032157,0,1
2024501470649,2024,501470649,3,9,0,-1,4,3,1,-1,0,0,0,0,0,0,2,9,-1,6,2,35,6,1560,2,9,PEUGEOT 2008,4,E01018762,0,3
2024461445019,2024,461445019,2,9,0,-1,9,3,7,-1,0,0,0,0,0,0,3,9,-1,6,1,68,10,1200,1,4,PEUGEOT 2008,6,E01024036,0,1
2024010547445,2024,010547445,2,9,0,9,9,1,6,0,0,5,0,0,0,0,4,1,2,2,1,64,9,1199,1,0,PEUGEOT 2008,5,E01003142,0,1
2024461489829,2024,461489829,2,9,0,-1,3,3,7,-1,0,8,0,0,0,0,3,1,-1,9,2,29,6,1598,1,11,PEUGEOT 2008,5,E01024704,0,1
2024522403008,2024,522403008,2,9,0,8,8,5,7,0,0,1,0,0,0,0,2,1,6,6,2,49,8,1199,1,0,PEUGEOT 2008,1,E01032514,0,1
2024231485309,2024,231485309,1,9,0,-1,19,3,7,-1,0,6,0,0,0,0,9,9,-1,6,1,63,9,1199,1,0,PEUGEOT 2008,8,E01027050,0,4
2024131396928,2024,131396928,1,9,0,-1,19,1,5,-1,0,1,0,0,0,0,1,1,-1,9,1,60,9,1200,1,6,PEUGEOT 2008,6,E01011689,0,1
2024010546510,2024,010546510,1,9,0,18,19,1,5,0,0,0,0,4,0,0,1,1,6,6,1,24,5,1200,1,8,PEUGEOT 2008,2,E01033148,0,1
2024041429008,2024,041429008,1,9,0,-1,19,1,5,-1,0,2,0,0,0,0,1,1,-1,9,1,31,6,1200,1,6,PEUGEOT 2008,3,E01012714,0,1
2024401498143,2024,401498143,2,9,0,-1,-1,-1,-1,-1,-1,-1,-1,-1,-1,0,2,9,-1,9,2,41,7,1200,1,11,PEUGEOT 2008,4,E01015722,0,1
2024430316903,2024,430316903,1,9,0,16,19,6,2,0,0,0,0,0,0,0,1,1,6,6,2,33,6,1199,1,0,PEUGEOT 2008,6,E01016817,0,1
2024320065638,2024,320065638,1,9,0,-1,-1,1,5,0,0,1,0,0,0,0,1,1,-1,-1,1,76,11,1398,2,11,PEUGEOT 2008,4,E01026389,0,3
202460Q155000,2024,60Q155000,2,9,0,18,19,1,5,0,0,0,0,0,0,0,1,1,6,6,2,54,8,1200,1,4,PEUGEOT 2008,-1,-1,0,-1
2024501507787,2024,501507787,2,9,0,-1,19,8,4,-1,0,0,0,0,0,0,1,1,-1,6,2,60,9,1200,1,4,PEUGEOT 2008,7,E01020219,0,1
2024010540265,2024,010540265,2,9,0,18,19,7,3,0,0,0,0,0,0,0,3,1,6,6,1,37,7,1560,2,9,PEUGEOT 2008,7,E01023856,0,4
2024010519128,2024,010519128,2,9,0,7,7,5,8,0,0,2,0,0,0,0,3,1,6,6,2,41,7,1200,1,4,PEUGEOT 2008,4,E01024624,0,4
2024461441018,2024,461441018,1,9,0,-1,19,2,4,-1,0,0,0,0,0,0,2,9,-1,6,1,17,4,1199,1,1,PEUGEOT 2008,1,E01024612,0,3
2024041438928,2024,041438928,1,9,0,-1,19,3,7,-1,1,8,0,0,0,0,4,1,-1,9,2,42,7,1200,1,9,PEUGEOT 2008,3,E01025554,0,1
2024211557853,2024,211557853,2,9,0,-1,4,5,4,-1,0,1,0,0,0,0,2,1,-1,6,1,64,9,1560,2,9,PEUGEOT 2008,4,E01032897,0,1
2024631394277,2024,631394277,2,9,0,-1,2,0,0,-1,0,0,0,0,1,11,3,1,-1,6,-1,-1,-1,1200,1,6,PEUGEOT 2008,-1,-1,0,-1
2024520002340,2024,520002340,1,9,0,3,3,7,3,0,0,0,0,0,0,0,2,1,6,6,2,51,8,1200,1,10,PEUGEOT 2008,8,E01035208,0,1
2024501482687,2024,501482687,1,9,0,-1,19,5,1,-1,0,0,1,0,1,10,3,1,-1,6,1,46,8,1199,1,0,PEUGEOT 2008,6,E01019902,0,1
2024161486657,2024,161486657,2,9,0,-1,10,7,3,-1,0,5,0,0,0,0,1,1,-1,1,2,31,6,1560,2,9,PEUGEOT 2008,4,E01012825,0,2
2024041496274,2024,041496274,2,9,0,-1,2,5,1,-1,0,0,0,0,0,0,3,1,-1,9,2,30,6,1560,2,9,PEUGEOT 2008,5,E01025589,0,1
2024991489750,2024,991489750,1,9,0,-1,1,1,5,-1,0,0,0,4,0,0,2,1,-1,9,1,56,9,1199,1,1,PEUGEOT 2008,3,-1,0,1
2024451412172,2024,451412172,2,9,0,-1,9,5,3,-1,0,8,0,0,0,0,3,1,-1,9,1,64,9,-1,3,1,PEUGEOT 2008,5,E01003148,0,3
2024351438378,2024,351438378,1,9,0,-1,4,3,6,-1,0,0,0,0,0,0,1,1,-1,6,1,77,11,1200,1,6,PEUGEOT 2008,10,E01027086,0,4
2024010532625,2024,010532625,1,9,0,7,7,7,1,0,0,1,0,0,0,0,1,1,6,6,2,38,7,1199,1,1,PEUGEOT 2008,2,E01004702,0,1
2024010529873,2024,010529873,2,9,0,18,19,3,7,0,0,8,0,0,1,7,4,1,6,6,2,57,9,1200,1,6,PEUGEOT 2008,2,E01002709,0,3
2024201513333,2024,201513333,1,9,0,-1,19,5,8,-1,0,0,0,0,0,0,4,1,-1,9,2,39,7,1199,1,1,PEUGEOT 2008,5,E01009253,0,1
2024371454227,2024,371454227,1,9,0,-1,19,3,7,-1,0,0,0,0,0,0,1,1,-1,6,1,80,11,1200,1,3,PEUGEOT 2008,5,E01030229,0,3
2024332400888,2024,332400888,1,9,0,-1,19,8,4,-1,0,0,0,0,0,0,1,1,-1,9,2,38,7,-1,3,2,PEUGEOT 2008,7,E01025937,0,1
202460Q026152,2024,60Q026152,1,9,0,6,6,3,3,0,0,0,0,0,0,0,3,1,6,6,1,82,11,1560,2,10,PEUGEOT 2008,-1,-1,0,-1
2024231507925,2024,231507925,1,9,0,-1,9,7,5,-1,0,5,0,0,0,0,3,1,-1,6,1,32,6,1560,2,10,PEUGEOT 2008,9,E01031269,0,1
2024421425666,2024,421425666,1,9,0,-1,19,-1,-1,-1,0,0,0,0,0,0,1,9,-1,6,3,-1,-1,-1,3,3,PEUGEOT 2008,-1,-1,0,-1
2024061536795,2024,061536795,1,9,0,-1,19,4,8,-1,0,0,0,0,0,0,4,9,-1,6,3,-1,-1,1199,1,0,PEUGEOT 2008,-1,-1,0,-1
2024201481153,2024,201481153,1,9,0,-1,5,3,7,-1,9,0,0,0,0,0,4,1,-1,9,1,50,8,1560,2,9,PEUGEOT 2008,5,E01010460,0,4
2024221519141,2024,221519141,3,9,0,-1,2,0,0,-1,0,0,0,0,0,0,2,9,-1,6,2,73,10,1200,1,3,PEUGEOT 2008,6,E01014133,0,1
2024201461778,2024,201461778,1,9,0,-1,19,6,3,-1,0,3,1,0,0,0,3,1,-1,6,1,32,6,-1,3,1,PEUGEOT 2008,1,E01009478,0,1
2024332400996,2024,332400996,1,9,0,-1,5,5,1,-1,0,6,0,0,0,0,3,1,-1,9,1,32,6,-1,3,0,PEUGEOT 2008,6,E01028323,0,4
2024401474292,2024,401474292,1,9,0,-1,1,1,5,-1,0,0,0,0,0,0,0,9,-1,9,1,-1,-1,1199,1,0,PEUGEOT 2008,-1,-1,0,-1
2024141516708,2024,141516708,2,9,0,-1,9,4,2,-1,0,1,0,0,0,0,2,1,-1,9,2,64,9,1200,1,6,PEUGEOT 2008,1,E01011866,0,2
2024141529367,2024,141529367,1,9,0,-1,19,7,2,-1,0,0,0,0,0,0,4,1,-1,9,2,57,9,1199,8,0,PEUGEOT 2008,7,E01007827,0,2
2024010529276,2024,010529276,1,9,0,4,4,7,3,5,5,1,0,0,0,0,1,1,6,6,1,32,6,1200,1,5,PEUGEOT 2008,9,E01002990,0,1
2024991486140,2024,991486140,1,9,0,-1,19,6,2,-1,0,8,0,0,0,0,1,1,-1,6,2,56,9,1200,1,10,PEUGEOT 2008,7,-1,0,1
2024371435860,2024,371435860,1,9,0,-1,19,3,7,-1,0,8,0,0,0,0,1,1,-1,6,1,75,10,1200,1,7,PEUGEOT 2008,7,E01029875,0,2
2024501443456,2024,501443456,1,9,0,-1,19,4,8,-1,0,8,0,0,5,0,4,1,-1,9,2,58,9,1199,1,1,PEUGEOT 2008,4,E01031552,0,5
2024991492978,2024,991492978,1,9,0,-1,19,8,4,-1,9,0,0,0,1,5,1,1,-1,2,1,40,7,1498,2,5,PEUGEOT 2008,4,-1,0,3
2024010515512,2024,010515512,1,9,0,9,9,3,8,0,0,5,0,0,0,0,1,1,6,6,2,55,8,1199,1,2,PEUGEOT 2008,4,E01000922,0,1
2024440306080,2024,440306080,1,9,0,5,5,3,7,0,0,6,0,0,0,0,3,1,3,7,2,41,7,1560,2,10,PEUGEOT 2008,5,E01034734,0,1
2024010532301,2024,010532301,1,9,0,18,19,1,5,0,0,0,0,0,0,0,3,1,6,6,2,25,5,1200,1,5,PEUGEOT 2008,4,E01004373,0,1
2024332400717,2024,332400717,2,9,0,-1,19,7,3,-1,0,0,0,0,1,0,1,1,-1,9,1,45,7,-1,3,3,PEUGEOT 2008,9,E01025981,0,1
2024231482139,2024,231482139,2,9,0,-1,19,6,2,-1,0,1,0,0,0,0,1,9,-1,6,1,77,11,1199,1,5,PEUGEOT 2008,7,E01033255,0,2
2024161415212,2024,161415212,1,9,0,-1,19,4,8,-1,0,0,0,0,1,6,1,1,-1,6,2,40,7,1560,2,9,PEUGEOT 2008,7,E01013228,0,4
2024221430327,2024,221430327,1,9,0,-1,5,2,6,-1,0,6,0,0,0,0,3,1,-1,6,1,53,8,-1,3,3,PEUGEOT 2008,4,E01028922,0,2
2024201510083,2024,201510083,2,9,0,-1,19,4,8,-1,0,8,0,0,0,0,4,1,-1,9,2,45,7,1200,1,2,PEUGEOT 2008,3,E01029397,0,2
2024440190954,2024,440190954,1,9,0,4,4,7,3,0,0,1,0,0,0,0,2,1,6,6,2,57,9,1199,1,1,PEUGEOT 2008,-1,-1,0,-1
2024010540954,2024,010540954,1,9,0,4,4,1,5,0,0,1,0,0,0,0,2,1,6,6,2,54,8,1199,1,0,PEUGEOT 2008,4,E01030852,0,1
2024141420761,2024,141420761,1,9,0,-1,19,6,2,-1,0,0,0,0,0,0,2,1,-1,9,2,43,7,1560,2,10,PEUGEOT 2008,4,E01007484,0,1
2024010533450,2024,010533450,1,9,0,18,19,5,1,0,0,8,0,0,0,0,1,1,6,6,2,42,7,-1,3,2,PEUGEOT 2008,8,E01002348,0,1
2024340NN4182,2024,340NN4182,2,9,0,-1,4,1,5,-1,0,0,0,0,0,0,2,1,-1,1,2,32,6,1200,1,9,PEUGEOT 2008,6,E01027079,0,3
2024991458899,2024,991458899,2,9,0,-1,2,0,0,-1,0,1,0,0,0,0,3,1,-1,6,-1,-1,-1,1200,1,10,PEUGEOT 2008,-1,-1,0,-1
2024302401333,2024,302401333,2,9,0,4,4,8,4,0,0,8,0,0,0,0,2,2,6,6,1,38,7,1200,1,7,PEUGEOT 2008,9,E01019879,0,1
2024471527600,2024,471527600,2,9,0,-1,11,6,3,-1,0,0,0,11,0,0,1,9,-1,6,2,38,7,1200,1,4,PEUGEOT 2008,5,E01031827,0,3
2024440276074,2024,440276074,1,9,0,9,9,7,5,0,0,8,0,0,0,0,3,1,6,6,1,55,8,1560,2,10,PEUGEOT 2008,10,E01022954,0,1