collision_index,collision_year,collision_ref_no,vehicle_reference,vehicle_type,towing_and_articulation,vehicle_manoeuvre_historic,vehicle_manoeuvre,vehicle_direction_from,vehicle_direction_to,vehicle_location_restricted_lane_historic,vehicle_location_restricted_lane,junction_location,skidding_and_overturning,hit_object_in_carriageway,vehicle_leaving_carriageway,hit_object_off_carriageway,first_point_of_impact,vehicle_left_hand_drive,journey_purpose_of_driver_historic,journey_purpose_of_driver,sex_of_driver,age_of_driver,age_band_of_driver,engine_capacity_cc,propulsion_code,age_of_vehicle,generic_make_model,driver_imd_decile,lsoa_of_driver,escooter_flag,driver_distance_banding
2024070241232,2024,070241232,1,9,0,9,9,5,3,0,0,4,0,0,0,0,3,1,2,2,2,55,8,-1,3,3,PEUGEOT 2008,9,E01018386,0,2
2024101479329,2024,101479329,2,9,0,-1,4,1,5,-1,0,0,0,0,0,0,1,1,-1,9,2,30,6,1200,1,8,PEUGEOT 2008,4,E01027445,0,1
2024070767011,2024,070767011,1,9,0,-1,5,7,3,-1,0,6,0,0,0,0,0,1,-1,6,1,82,11,1200,1,7,PEUGEOT 2008,10,E01018411,0,1
2024010504306,2024,010504306,1,9,0,99,99,9,9,99,99,9,9,99,9,99,3,9,6,6,2,37,7,1200,1,7,PEUGEOT 2008,4,E01002738,0,1
2024041399958,2024,041399958,1,9,0,-1,9,2,3,-1,0,8,1,0,0,0,3,1,-1,9,2,31,6,1199,1,1,PEUGEOT 2008,3,E01025065,0,2
2024201422554,2024,201422554,1,9,0,-1,19,5,8,-1,0,0,0,0,0,0,1,9,-1,9,1,33,6,1500,2,3,PEUGEOT 2008,5,E01031021,0,3
2024451443463,2024,451443463,1,9,0,-1,19,3,5,-1,0,1,1,10,7,11,1,1,-1,9,1,37,7,-1,3,1,PEUGEOT 2008,6,E01030399,0,1
2024041514027,2024,041514027,1,9,0,-1,19,2,6,-1,0,2,0,0,0,0,1,1,-1,9,2,38,7,-1,3,1,PEUGEOT 2008,7,E01025081,0,1
2024101536342,2024,101536342,2,9,0,-1,14,1,5,-1,0,0,0,0,0,0,1,1,-1,6,1,87,11,1200,1,5,PEUGEOT 2008,-1,-1,0,-1
202454C338424,2024,54C338424,1,9,0,4,4,2,6,7,6,0,0,0,0,0,1,1,6,6,1,59,9,1560,2,7,PEUGEOT 2008,6,E01032692,0,1
2024211435217,2024,211435217,1,9,0,-1,7,6,1,-1,0,0,0,0,0,0,1,1,-1,9,2,27,6,1199,1,1,PEUGEOT 2008,-1,-1,0,-1
2024631434602,2024,631434602,1,9,0,-1,19,3,7,-1,0,0,0,0,7,1,1,1,-1,9,1,71,10,1560,2,9,PEUGEOT 2008,7,E01020511,0,5
2024131400660,2024,131400660,1,9,0,-1,19,1,5,-1,0,0,0,0,0,0,1,1,-1,6,1,63,9,1199,1,1,PEUGEOT 2008,2,E01011538,0,1
2024340NN2062,2024,340NN2062,2,9,0,-1,3,3,7,-1,0,0,0,0,0,0,3,1,-1,2,2,39,7,1200,1,7,PEUGEOT 2008,6,E01035020,0,4
2024131408539,2024,131408539,1,9,0,-1,19,5,1,-1,0,0,0,0,0,0,2,1,-1,2,1,42,7,1199,1,1,PEUGEOT 2008,8,E01011244,0,4
2024320366764,2024,320366764,1,9,0,-1,-1,1,5,0,0,1,0,0,0,0,1,1,-1,-1,1,89,11,1200,1,5,PEUGEOT 2008,10,E01026359,0,3
202417H108324,2024,17H108324,1,9,0,-1,19,7,3,-1,0,8,0,0,0,0,1,1,-1,9,2,64,9,1560,2,10,PEUGEOT 2008,5,E01011996,0,1
2024302401031,2024,302401031,2,8,0,18,19,1,5,0,0,1,2,0,0,0,1,1,6,6,1,28,6,-1,3,2,PEUGEOT 2008,9,E01019879,0,1
2024052401333,2024,052401333,2,9,0,18,19,1,5,0,0,1,0,0,0,0,3,1,6,6,2,60,9,1199,1,1,PEUGEOT 2008,2,E01006477,0,1
2024131467914,2024,131467914,1,9,0,-1,19,5,1,-1,0,0,0,0,0,0,1,1,-1,9,1,87,11,1498,2,5,PEUGEOT 2008,7,E01011531,0,1
2024501477453,2024,501477453,1,9,0,-1,19,8,4,-1,0,1,0,0,0,0,1,1,-1,9,1,64,9,1560,2,6,PEUGEOT 2008,6,E01019897,0,1
2024201528924,2024,201528924,2,9,0,-1,4,4,8,-1,0,0,0,0,0,0,1,1,-1,9,2,47,8,1200,1,6,PEUGEOT 2008,3,E01031261,0,4
2024061492918,2024,061492918,2,9,0,-1,19,7,3,-1,0,2,0,0,0,0,4,1,-1,6,3,54,8,1200,1,6,PEUGEOT 2008,2,E01004959,0,1
2024451397631,2024,451397631,1,9,0,-1,19,5,1,-1,0,0,0,0,0,0,3,9,-1,9,2,36,7,1560,2,11,PEUGEOT 2008,7,E01030423,0,1
2024421460144,2024,421460144,2,9,0,-1,19,8,4,-1,0,0,0,0,0,0,3,1,-1,9,2,72,10,1560,2,9,PEUGEOT 2008,8,E01022059,0,1
2024461438178,2024,461438178,1,9,0,-1,3,1,5,-1,0,1,5,0,0,0,1,9,-1,6,2,43,7,1199,1,1,PEUGEOT 2008,3,E01000435,0,1
2024531522441,2024,531522441,2,9,0,-1,19,7,3,-1,0,0,0,0,0,0,2,1,-1,9,1,54,8,1560,2,9,PEUGEOT 2008,10,E01022297,0,1
2024461447871,2024,461447871,2,9,0,-1,9,5,3,-1,0,8,0,0,0,0,1,1,-1,9,1,64,9,1200,1,2,PEUGEOT 2008,-1,-1,0,-1
2024010518300,2024,010518300,2,9,0,9,9,3,1,0,0,6,0,0,0,0,1,1,6,6,1,30,6,-1,3,0,PEUGEOT 2008,1,E01000061,0,4
2024451499867,2024,451499867,2,9,0,-1,11,3,7,-1,0,1,0,0,0,0,2,1,-1,9,1,42,7,1200,1,5,PEUGEOT 2008,8,E01001384,0,3
2024061512141,2024,061512141,2,9,0,-1,9,-1,-1,-1,0,5,0,0,0,0,4,1,-1,6,3,-1,-1,1200,1,9,PEUGEOT 2008,-1,-1,0,-1
2024440374167,2024,440374167,1,9,0,18,19,8,4,0,0,0,0,0,0,0,1,1,6,6,1,36,7,1398,2,9,PEUGEOT 2008,8,E01022529,0,4
2024501499825,2024,501499825,2,9,0,-1,3,7,3,-1,0,1,0,0,0,0,2,1,-1,6,2,35,6,1560,2,10,PEUGEOT 2008,2,E01015074,0,1
2024430499553,2024,430499553,1,9,0,18,19,-1,-1,0,0,4,0,0,0,0,3,1,6,6,1,56,9,1560,2,10,PEUGEOT 2008,4,E01017662,0,1
2024052402788,2024,052402788,1,9,0,5,5,7,3,0,0,1,0,0,0,0,1,1,6,6,1,55,8,1560,2,9,PEUGEOT 2008,4,E01010337,0,5
2024052401332,2024,052401332,2,9,0,18,19,7,3,0,0,6,0,0,0,0,1,1,6,6,2,33,6,1200,1,4,PEUGEOT 2008,3,E01007174,0,1
2024991495690,2024,991495690,1,9,0,-1,19,8,4,-1,0,0,0,0,0,0,1,1,-1,9,2,37,7,1200,1,6,PEUGEOT 2008,7,-1,0,2
2024122400824,2024,122400824,2,9,0,18,19,6,2,0,0,8,0,0,0,0,4,1,6,6,1,54,8,1560,2,8,PEUGEOT 2008,5,E01019724,0,4
2024010511126,2024,010511126,2,9,0,9,9,1,7,0,0,8,0,0,0,0,1,1,6,6,3,-1,-1,1199,1,6,PEUGEOT 2008,-1,-1,0,-1
2024141469142,2024,141469142,1,9,0,-1,19,7,3,-1,0,0,0,0,0,0,1,1,-1,9,2,25,5,1199,1,2,PEUGEOT 2008,7,E01007439,0,1
2024211513743,2024,211513743,2,9,0,-1,19,4,8,-1,0,8,0,0,0,0,3,1,-1,1,1,40,7,1560,2,8,PEUGEOT 2008,3,E01010249,0,1
2024351476526,2024,351476526,2,9,0,-1,19,8,5,-1,0,0,0,0,0,0,4,1,-1,6,2,36,7,1199,1,1,PEUGEOT 2008,5,E01018213,0,2
2024010536094,2024,010536094,1,9,0,99,99,9,9,99,99,0,9,99,9,99,9,1,6,6,3,-1,-1,1199,1,6,PEUGEOT 2008,-1,-1,0,-1
2024031452318,2024,031452318,2,9,0,-1,19,5,1,-1,0,8,0,0,0,0,2,9,-1,6,2,60,9,1398,2,10,PEUGEOT 2008,8,E01019383,0,2
2024031527100,2024,031527100,1,9,0,-1,-1,-1,-1,-1,-1,-1,-1,-1,-1,0,4,1,-1,6,1,70,10,1200,1,4,PEUGEOT 2008,-1,-1,0,-1
2024552400872,2024,552400872,1,9,0,9,9,1,6,0,0,6,0,0,0,0,3,1,2,2,2,47,8,1199,1,2,PEUGEOT 2008,8,E01020474,0,2
2024010533444,2024,010533444,2,9,0,99,99,9,9,99,99,9,9,99,9,99,1,9,6,6,3,-1,-1,1199,1,1,PEUGEOT 2008,-1,-1,0,-1
2024010512249,2024,010512249,2,9,0,16,19,7,3,0,0,1,0,0,0,0,2,1,6,6,3,23,5,1199,1,1,PEUGEOT 2008,-1,-1,0,-1
2024061531437,2024,061531437,1,9,0,-1,19,3,6,-1,0,1,0,0,1,11,1,1,-1,9,1,77,11,1199,1,1,PEUGEOT 2008,1,E01005578,0,1
2024061418436,2024,061418436,1,9,0,-1,7,1,7,-1,0,6,0,0,0,0,4,1,-1,6,1,-1,-1,1199,1,1,PEUGEOT 2008,-1,-1,0,-1
2024131427506,2024,131427506,2,9,0,-1,19,1,1,-1,0,1,0,0,0,0,4,1,-1,6,2,39,7,1200,1,8,PEUGEOT 2008,5,E01011063,0,1
2024201421382,2024,201421382,2,9,0,-1,3,4,8,-1,0,0,0,4,0,0,3,1,-1,6,1,67,10,1560,2,8,PEUGEOT 2008,8,E01029858,0,3
2024411523185,2024,411523185,2,9,0,-1,2,0,0,-1,0,1,0,0,0,0,4,1,-1,6,-1,-1,-1,1200,1,4,PEUGEOT 2008,-1,-1,0,-1
2024201481138,2024,201481138,1,9,0,-1,19,4,8,-1,0,1,0,0,0,0,1,1,-1,9,2,23,5,1199,1,0,PEUGEOT 2008,2,E01010555,0,2
2024430572500,2024,430572500,2,9,0,18,19,6,2,0,0,0,0,0,0,0,1,1,6,6,1,34,6,1199,1,5,PEUGEOT 2008,10,E01035124,0,5
2024461436658,2024,461436658,2,9,0,-1,4,5,1,-1,0,0,0,0,0,0,2,9,-1,9,1,47,8,1200,1,9,PEUGEOT 2008,8,E01000680,0,3
2024052401507,2024,052401507,2,9,0,18,19,3,7,0,0,1,0,0,0,0,4,1,6,6,1,63,9,-1,3,2,PEUGEOT 2008,7,E01006795,0,1
2024361397824,2024,361397824,1,9,-1,-1,-1,-1,-1,-1,-1,0,-1,-1,-1,0,-1,9,-1,6,2,40,7,1199,1,1,PEUGEOT 2008,1,E01026687,0,1
2024411529293,2024,411529293,2,9,0,-1,-1,-1,-1,-1,-1,0,-1,-1,-1,0,4,1,-1,9,2,34,6,1200,1,2,PEUGEOT 2008,9,E01023389,0,2
2024161513885,2024,161513885,1,9,0,-1,4,3,7,-1,0,1,0,0,0,0,2,9,-1,6,2,46,8,1199,1,1,PEUGEOT 2008,3,E01012774,0,1
2024631444179,2024,631444179,1,9,0,-1,4,2,6,-1,0,0,0,0,0,0,2,1,-1,6,1,71,10,1200,1,4,PEUGEOT 2008,4,E01029003,0,4
2024991412571,2024,991412571,1,9,0,-1,4,1,1,-1,0,4,0,0,0,0,2,1,-1,6,1,45,7,1200,1,6,PEUGEOT 2008,3,-1,0,1
2024111463608,2024,111463608,2,9,0,-1,19,5,1,-1,0,0,0,0,0,0,2,1,-1,9,1,78,11,1560,2,10,PEUGEOT 2008,9,E01027481,0,4
2024340WN3432,2024,340WN3432,1,9,0,-1,9,3,1,-1,0,5,0,0,0,0,1,1,-1,9,2,33,6,1199,1,1,PEUGEOT 2008,2,E01027241,0,1
2024211523566,2024,211523566,1,9,0,-1,19,4,2,-1,0,0,0,0,0,0,1,1,-1,6,3,-1,-1,1199,1,1,PEUGEOT 2008,-1,-1,0,-1
2024010488785,2024,010488785,2,9,0,99,99,9,9,99,99,5,9,99,9,99,1,9,6,6,3,59,9,1199,1,1,PEUGEOT 2008,3,E01016155,0,4
2024010548144,2024,010548144,2,9,0,99,99,9,9,99,99,9,9,99,9,99,1,9,6,6,3,-1,-1,1560,2,9,PEUGEOT 2008,-1,-1,0,-1
2024311532205,2024,311532205,1,9,-1,-1,-1,-1,-1,-1,-1,-1,-1,-1,-1,0,-1,9,-1,6,2,78,11,1200,1,2,PEUGEOT 2008,6,E01028205,0,1
2024361456065,2024,361456065,1,9,0,-1,9,3,1,-1,0,6,0,0,0,0,1,1,-1,6,1,67,10,1200,1,3,PEUGEOT 2008,2,E01033440,0,1
2024201479368,2024,201479368,1,9,9,-1,19,8,4,-1,0,3,1,4,1,0,1,9,-1,6,1,22,5,1199,1,1,PEUGEOT 2008,2,E01008987,0,1
2024010494849,2024,010494849,1,9,0,9,9,5,2,0,0,5,0,0,0,0,4,1,6,6,2,34,6,1200,1,2,PEUGEOT 2008,2,E01001877,0,1
2024302400409,2024,302400409,1,9,0,18,19,5,1,0,0,0,0,0,0,0,1,1,6,6,2,35,6,1598,1,9,PEUGEOT 2008,1,E01013533,0,1
2024201495200,2024,201495200,1,9,0,-1,3,6,2,-1,0,1,0,0,0,0,2,1,-1,6,1,53,8,1200,1,8,PEUGEOT 2008,1,E01008996,0,1
2024052500002,2024,052500002,2,9,0,18,19,2,6,0,0,1,0,0,0,0,2,1,6,6,2,46,8,-1,3,1,PEUGEOT 2008,1,E01006692,0,1
2024622400877,2024,622400877,1,9,0,18,19,4,8,0,0,0,1,0,1,0,1,1,6,6,1,33,6,1199,1,0,PEUGEOT 2008,2,W01001208,0,2
2024122401067,2024,122401067,1,9,0,18,19,1,5,0,0,0,0,0,0,0,1,1,6,6,1,44,7,1200,1,6,PEUGEOT 2008,3,E01027909,0,1
2024231486398,2024,231486398,2,9,0,-1,6,4,4,-1,0,5,0,0,1,0,4,9,-1,6,1,47,8,1200,1,3,PEUGEOT 2008,8,E01009535,0,3
202460Q043024,2024,60Q043024,1,9,0,9,9,2,6,0,0,5,0,0,0,0,1,1,6,6,2,59,9,1200,1,2,PEUGEOT 2008,-1,-1,0,-1
2024161471331,2024,161471331,1,9,0,-1,5,3,7,-1,0,0,0,0,0,0,0,1,-1,6,1,71,10,-1,3,1,PEUGEOT 2008,5,E01012768,0,1
2024340WN4452,2024,340WN4452,2,9,0,-1,19,2,6,-1,0,0,0,0,0,0,1,1,-1,9,1,42,7,1200,1,8,PEUGEOT 2008,4,E01035418,0,1
2024201470382,2024,201470382,1,9,0,-1,19,6,2,-1,0,1,0,0,0,0,1,1,-1,6,1,25,5,1560,2,8,PEUGEOT 2008,-1,-1,0,-1
2024211492659,2024,211492659,1,9,0,-1,19,3,7,-1,0,4,0,0,0,0,1,1,-1,6,1,54,8,1200,1,7,PEUGEOT 2008,2,E01029351,0,3
2024411482249,2024,411482249,1,9,0,-1,19,7,3,-1,0,0,0,0,0,0,4,1,-1,9,2,50,8,1560,2,6,PEUGEOT 2008,3,E01023348,0,1
2024010505570,2024,010505570,2,9,0,11,11,1,5,2,2,1,0,0,0,0,4,2,1,1,1,34,6,-1,3,2,PEUGEOT 2008,3,E01001830,0,1
2024501475361,2024,501475361,2,9,0,-1,2,0,0,-1,0,0,0,0,0,0,1,1,-1,6,-1,-1,-1,1560,2,8,PEUGEOT 2008,-1,-1,0,-1
2024351482217,2024,351482217,1,9,0,-1,19,1,5,-1,0,0,0,0,7,11,1,1,-1,9,1,78,11,-1,3,3,PEUGEOT 2008,7,E01015628,0,1
2024211475515,2024,211475515,1,9,0,-1,19,2,6,-1,0,0,0,0,0,0,1,1,-1,9,1,61,9,1199,1,5,PEUGEOT 2008,-1,-1,0,-1
2024061396156,2024,061396156,1,9,0,-1,9,5,1,-1,0,1,0,0,0,0,1,1,-1,9,1,27,6,1560,2,10,PEUGEOT 2008,1,E01005681,0,1
2024471526414,2024,471526414,2,9,0,-1,10,1,7,-1,0,1,0,0,0,0,2,1,-1,7,2,46,8,1199,1,0,PEUGEOT 2008,5,E01031529,0,1
2024131453400,2024,131453400,2,9,0,-1,9,3,5,-1,0,1,0,0,0,0,3,1,-1,9,1,62,9,1200,1,3,PEUGEOT 2008,6,E01011156,0,4
202460Q171641,2024,60Q171641,2,9,0,18,19,3,7,0,0,0,0,0,0,0,1,2,2,2,1,41,7,1560,2,10,PEUGEOT 2008,-1,-1,0,-1
2024552401154,2024,552401154,2,9,0,18,19,6,2,0,0,8,0,0,0,0,1,1,6,6,2,22,5,1560,2,7,PEUGEOT 2008,5,E01020456,0,4
2024041414126,2024,041414126,2,9,0,-1,19,1,5,-1,0,0,0,0,0,0,1,1,-1,2,2,60,9,1200,1,5,PEUGEOT 2008,1,E01012625,0,1
2024221435876,2024,221435876,1,9,0,-1,19,5,2,-1,0,0,0,0,0,0,4,1,-1,6,2,65,9,1200,1,7,PEUGEOT 2008,2,E01028983,0,1
2024131474072,2024,131474072,2,9,0,-1,2,0,0,-1,0,0,0,0,0,0,2,1,-1,6,-1,-1,-1,1199,1,1,PEUGEOT 2008,-1,-1,0,-1
2024461471168,2024,461471168,1,9,0,-1,19,3,7,-1,0,0,0,0,0,0,3,9,-1,6,2,32,6,1560,2,10,PEUGEOT 2008,1,E01024687,0,1
2024061518342,2024,061518342,1,9,0,-1,19,7,3,-1,0,0,0,0,0,0,1,1,-1,6,1,61,9,1199,1,0,PEUGEOT 2008,6,E01033682,0,4
2024131503587,2024,131503587,1,9,0,-1,19,1,7,-1,0,1,0,0,0,0,3,1,-1,6,1,68,10,1199,1,1,PEUGEOT 2008,2,E01010759,0,2
2024041397364,2024,041397364,2,9,0,-1,19,5,1,-1,0,0,0,0,0,0,1,1,-1,1,1,35,6,1200,1,6,PEUGEOT 2008,3,E01025099,0,3
2024471462433,2024,471462433,2,9,0,-1,19,7,2,-1,0,0,0,0,0,0,1,1,-1,2,1,39,7,1560,2,11,PEUGEOT 2008,5,E01030862,0,3
2024501522785,2024,501522785,1,9,0,-1,9,2,1,-1,0,1,0,0,0,0,1,1,-1,9,1,56,9,1199,1,0,PEUGEOT 2008,2,E01015171,0,1
2024070560262,2024,070560262,2,9,0,18,19,5,1,0,0,1,0,0,0,0,1,1,6,6,1,56,9,1200,1,6,PEUGEOT 2008,-1,-1,0,-1
2024221442558,2024,221442558,1,9,0,-1,19,3,5,-1,0,8,0,0,0,0,1,9,-1,6,1,71,10,1199,1,0,PEUGEOT 2008,10,E01031139,0,4
2024070376783,2024,070376783,1,9,0,18,19,3,7,0,0,8,0,0,0,0,1,1,2,2,2,48,8,1200,1,8,PEUGEOT 2008,7,E01018499,0,1
2024231409275,2024,231409275,2,9,0,-1,19,8,5,-1,0,8,0,0,0,0,1,1,-1,2,2,29,6,1560,2,10,PEUGEOT 2008,4,E01031067,0,2
2024351399854,2024,351399854,1,9,0,-1,5,4,8,-1,0,6,0,0,0,0,0,9,-1,6,1,76,11,1200,1,6,PEUGEOT 2008,9,E01030122,0,4
2024070562553,2024,070562553,1,9,0,5,5,3,7,0,0,6,0,0,1,0,3,1,6,6,1,25,5,1398,2,9,PEUGEOT 2008,1,E01018519,0,4
2024061404763,2024,061404763,1,9,0,-1,19,5,1,-1,0,1,0,0,0,0,1,1,-1,6,1,39,7,1200,1,8,PEUGEOT 2008,10,E01005814,0,1
2024161496814,2024,161496814,1,9,0,-1,19,4,8,-1,0,0,0,0,0,0,1,1,-1,9,1,72,10,1199,1,1,PEUGEOT 2008,10,E01013328,0,1
2024211443667,2024,211443667,1,9,0,-1,19,4,1,-1,0,0,1,0,0,0,1,1,-1,6,2,25,5,1498,2,5,PEUGEOT 2008,-1,-1,0,-1
2024010550046,2024,010550046,1,9,0,7,7,1,3,0,0,2,0,0,0,0,4,1,6,6,2,62,9,1200,1,4,PEUGEOT 2008,10,E01003466,0,1
2024052402803,2024,052402803,1,9,0,7,7,5,7,0,0,8,0,0,7,4,1,1,6,6,3,-1,-1,1200,1,5,PEUGEOT 2008,-1,-1,0,-1
2024052402661,2024,052402661,2,9,0,18,19,5,1,0,0,8,0,0,7,11,4,1,6,6,2,60,9,1199,1,0,PEUGEOT 2008,2,E01005111,0,4
2024010502518,2024,010502518,1,9,0,99,99,9,9,99,99,9,9,99,9,99,2,9,6,6,2,32,6,1199,1,5,PEUGEOT 2008,8,E01023627,0,4
2024101416536,2024,101416536,1,9,0,-1,3,1,5,-1,0,0,0,0,0,0,1,1,-1,9,1,63,9,-1,3,1,PEUGEOT 2008,-1,-1,0,-1
2024201500399,2024,201500399,1,9,0,-1,19,5,1,-1,0,1,5,4,1,11,1,9,-1,2,1,61,9,1199,8,0,PEUGEOT 2008,1,E01009979,0,1
2024522402292,2024,522402292,1,9,0,4,4,8,3,0,0,1,0,0,0,0,2,1,6,6,2,46,8,1200,1,8,PEUGEOT 2008,7,E01014770,0,1
2024302401327,2024,302401327,2,9,0,18,19,6,2,0,0,2,0,0,0,0,2,1,6,6,1,64,9,1199,1,6,PEUGEOT 2008,7,E01019677,0,1
2024311396952,2024,311396952,1,9,0,-1,19,8,5,-1,0,8,0,4,0,0,1,1,-1,9,1,64,9,1560,2,9,PEUGEOT 2008,5,E01028012,0,1
2024461455597,2024,461455597,2,9,0,-1,19,-1,-1,-1,0,0,0,0,0,0,3,9,-1,6,2,41,7,1398,2,10,PEUGEOT 2008,10,E01024329,0,1
2024501427903,2024,501427903,2,9,0,-1,19,8,4,-1,0,0,0,0,0,0,0,1,-1,2,2,57,9,1560,2,9,PEUGEOT 2008,1,E01015043,0,2
2024622400379,2024,622400379,1,9,0,7,7,6,8,0,0,6,0,0,0,0,1,1,6,6,2,74,10,1560,2,11,PEUGEOT 2008,3,W01001312,0,1
2024440479603,2024,440479603,1,9,0,9,9,5,3,0,0,8,0,0,0,0,1,1,6,6,3,-1,-1,-1,3,3,PEUGEOT 2008,-1,-1,0,-1
2024161493694,2024,161493694,3,9,0,-1,2,0,0,-1,0,0,0,0,0,0,2,1,-1,6,-1,-1,-1,-1,3,2,PEUGEOT 2008,-1,-1,0,-1
2024010527887,2024,010527887,1,9,0,18,19,7,3,0,0,1,0,0,0,0,3,1,6,6,1,65,9,1199,1,1,PEUGEOT 2008,5,E01004177,0,1
2024991444858,2024,991444858,1,9,0,-1,4,2,8,-1,0,1,0,0,0,0,1,1,-1,6,1,29,6,1199,1,0,PEUGEOT 2008,2,-1,0,1
2024430449909,2024,430449909,2,9,0,18,19,5,1,0,0,8,0,0,0,0,1,1,6,6,1,53,8,1200,1,5,PEUGEOT 2008,8,E01021055,0,5
2024010548928,2024,010548928,2,9,0,18,19,1,5,0,0,0,0,0,0,0,2,1,6,6,2,39,7,1199,1,1,PEUGEOT 2008,4,E01002587,0,2
2024552400305,2024,552400305,1,9,0,18,19,1,5,0,0,1,0,0,0,0,1,1,2,2,2,63,9,1200,1,9,PEUGEOT 2008,4,E01015382,0,1
2024522500087,2024,522500087,1,9,0,18,19,6,2,0,0,8,0,0,0,0,1,1,6,6,1,40,7,1200,1,6,PEUGEOT 2008,3,E01014609,0,1
2024411540862,2024,411540862,1,9,-1,-1,-1,-1,-1,-1,-1,0,-1,-1,-1,0,-1,9,-1,6,3,-1,-1,1200,1,3,PEUGEOT 2008,-1,-1,0,-1
2024052402303,2024,052402303,1,9,0,18,19,7,3,0,0,4,0,0,0,0,1,1,6,6,2,33,6,1200,1,6,PEUGEOT 2008,4,E01007221,0,1
2024141498774,2024,141498774,1,9,0,-1,9,7,6,-1,0,1,0,0,7,0,1,1,-1,9,2,72,10,-1,3,2,PEUGEOT 2008,7,E01008135,0,1
2024211465803,2024,211465803,1,9,0,-1,3,1,5,-1,0,0,0,0,0,0,2,1,-1,9,1,43,7,1199,1,0,PEUGEOT 2008,4,E01029702,0,2
2024010505770,2024,010505770,2,9,0,2,2,0,0,0,0,0,0,0,0,0,2,1,6,6,3,-1,-1,-1,3,1,PEUGEOT 2008,-1,-1,0,-1
2024991482955,2024,991482955,1,9,0,-1,19,7,3,-1,0,0,0,0,1,0,3,1,-1,6,2,31,6,1398,2,10,PEUGEOT 2008,3,-1,0,1
2024141453273,2024,141453273,2,9,0,-1,19,2,5,-1,0,8,0,0,0,0,1,1,-1,6,1,58,9,1560,2,10,PEUGEOT 2008,2,E01011868,0,2
2024302400517,2024,302400517,1,9,0,4,4,5,1,0,0,1,0,0,0,0,1,1,6,6,1,37,7,1199,1,0,PEUGEOT 2008,1,E01009056,0,4
2024320020465,2024,320020465,1,9,0,-1,-1,4,8,0,0,0,1,0,1,10,1,1,1,1,1,61,9,1200,1,6,PEUGEOT 2008,10,E01026189,0,1
2024221507727,2024,221507727,2,9,0,-1,19,2,6,-1,0,0,1,0,0,0,2,1,-1,6,2,42,7,1560,2,8,PEUGEOT 2008,5,E01014000,0,2
2024101404062,2024,101404062,1,9,0,-1,9,8,6,-1,0,6,0,0,0,0,3,1,-1,6,1,63,9,1560,2,7,PEUGEOT 2008,3,E01008851,0,1
2024421522728,2024,421522728,1,9,0,-1,19,7,3,-1,0,4,9,0,0,0,1,1,-1,6,1,-1,-1,1200,1,7,PEUGEOT 2008,-1,-1,0,-1
2024440021150,2024,440021150,1,9,0,7,7,4,7,0,0,6,0,0,0,0,3,1,6,6,2,62,9,1199,1,2,PEUGEOT 2008,9,E01022595,0,1
2024201418077,2024,201418077,2,9,0,-1,19,3,7,-1,0,8,0,0,0,0,3,1,-1,6,1,69,10,1560,2,10,PEUGEOT 2008,1,E01010374,0,1
2024461471859,2024,461471859,1,9,0,-1,9,2,7,-1,0,0,1,0,0,0,1,1,-1,9,1,77,11,1199,1,1,PEUGEOT 2008,8,E01001601,0,4
2024131525215,2024,131525215,1,9,0,-1,19,3,7,-1,0,0,0,0,0,0,4,1,-1,6,2,20,4,1199,1,6,PEUGEOT 2008,6,E01027560,0,4
2024122400838,2024,122400838,1,9,0,18,19,6,2,0,0,0,5,4,1,0,1,1,1,1,1,68,10,1200,1,4,PEUGEOT 2008,8,E01010863,0,2
2024201520689,2024,201520689,2,9,0,-1,3,4,8,-1,0,0,0,0,0,0,1,1,-1,6,2,52,8,1200,1,9,PEUGEOT 2008,1,E01009202,0,1
2024061414684,2024,061414684,2,9,0,-1,2,0,0,-1,0,0,0,0,0,0,2,1,-1,6,-1,-1,-1,1199,1,1,PEUGEOT 2008,-1,-1,0,-1
2024351433400,2024,351433400,2,9,0,-1,19,1,5,-1,0,1,0,0,0,0,4,1,-1,6,1,53,8,1560,2,9,PEUGEOT 2008,6,E01018210,0,1
2024041494966,2024,041494966,1,9,0,-1,19,7,3,-1,0,6,0,0,0,0,1,1,-1,9,1,28,6,1560,2,10,PEUGEOT 2008,3,E01025294,0,1
2024211470000,2024,211470000,1,9,0,-1,19,6,2,-1,0,8,0,0,0,0,1,1,-1,9,2,55,8,1560,2,8,PEUGEOT 2008,5,E01029352,0,1
2024991413247,2024,991413247,2,9,0,-1,19,7,7,-1,0,2,0,0,0,0,2,1,-1,6,2,29,6,1200,1,7,PEUGEOT 2008,1,-1,0,1
2024411440634,2024,411440634,1,9,0,-1,19,7,3,-1,0,1,0,0,0,0,1,1,-1,6,2,57,9,1200,1,6,PEUGEOT 2008,9,E01023470,0,1
2024201492850,2024,201492850,2,9,0,-1,3,7,1,-1,0,0,0,0,0,0,2,1,-1,9,2,65,9,1200,1,8,PEUGEOT 2008,2,E01009587,0,1
2024471448555,2024,471448555,2,9,0,-1,19,6,2,-1,0,0,0,0,0,0,1,1,-1,6,2,28,6,1200,1,6,PEUGEOT 2008,9,E01021227,0,2
2024320579366,2024,320579366,2,9,0,-1,-1,2,6,0,0,8,0,0,0,0,1,1,6,6,2,30,6,1199,1,5,PEUGEOT 2008,-1,-1,0,-1
2024552401349,2024,552401349,3,9,0,4,4,8,4,0,0,1,0,0,0,0,2,1,6,6,2,62,9,1498,2,5,PEUGEOT 2008,-1,-1,0,-1
2024631448595,2024,631448595,2,9,0,-1,19,8,5,-1,0,0,0,0,0,0,1,1,-1,9,2,33,6,1560,2,9,PEUGEOT 2008,6,W01001580,0,2