collision_index,collision_year,collision_ref_no,vehicle_reference,vehicle_type,towing_and_articulation,vehicle_manoeuvre_historic,vehicle_manoeuvre,vehicle_direction_from,vehicle_direction_to,vehicle_location_restricted_lane_historic,vehicle_location_restricted_lane,junction_location,skidding_and_overturning,hit_object_in_carriageway,vehicle_leaving_carriageway,hit_object_off_carriageway,first_point_of_impact,vehicle_left_hand_drive,journey_purpose_of_driver_historic,journey_purpose_of_driver,sex_of_driver,age_of_driver,age_band_of_driver,engine_capacity_cc,propulsion_code,age_of_vehicle,generic_make_model,driver_imd_decile,lsoa_of_driver,escooter_flag,driver_distance_banding
2024010528352,2024,010528352,1,9,0,18,19,5,1,0,0,0,0,0,0,0,1,2,2,2,1,31,6,1200,1,8,PEUGEOT 2008,5,E01002689,0,3
2024010544433,2024,010544433,2,9,0,99,99,9,9,99,99,9,9,99,9,99,1,9,6,6,3,-1,-1,1200,1,5,PEUGEOT 2008,-1,-1,0,-1
2024031439548,2024,031439548,2,9,0,-1,7,5,8,-1,0,8,0,0,0,0,3,1,-1,9,1,77,11,1200,1,5,PEUGEOT 2008,8,E01029751,0,5
2024122400915,2024,122400915,1,9,0,18,19,6,2,0,0,0,0,0,0,0,1,1,6,6,1,33,6,1199,1,1,PEUGEOT 2008,3,E01016423,0,5
2024501437437,2024,501437437,2,9,0,-1,19,7,3,-1,0,1,0,10,8,11,1,1,-1,9,2,30,6,1199,1,0,PEUGEOT 2008,3,E01020155,0,3
2024052402184,2024,052402184,2,9,0,5,5,4,8,0,0,1,0,0,0,0,3,1,6,6,2,35,6,1560,2,9,PEUGEOT 2008,8,W01000235,0,4
2024161434158,2024,161434158,2,9,0,-1,4,7,3,-1,0,0,1,0,0,0,2,1,-1,6,2,36,7,1199,1,1,PEUGEOT 2008,1,E01035473,0,1
2024201434352,2024,201434352,2,9,0,-1,19,4,8,-1,0,4,0,0,0,0,4,9,-1,6,1,31,6,1199,1,0,PEUGEOT 2008,1,E01009498,0,1
2024471527717,2024,471527717,2,9,0,-1,19,4,1,-1,0,1,0,0,0,0,1,1,-1,6,2,23,5,-1,3,3,PEUGEOT 2008,5,E01031472,0,1
2024552401229,2024,552401229,1,9,0,18,19,8,4,0,0,8,0,0,0,0,1,1,6,6,1,53,8,-1,3,0,PEUGEOT 2008,2,E01015304,0,1
2024430375055,2024,430375055,2,9,0,5,5,3,7,0,0,0,0,0,0,0,2,1,6,6,2,31,6,1560,2,9,PEUGEOT 2008,7,E01028490,0,2
2024010540223,2024,010540223,2,9,0,99,99,9,9,99,99,9,9,99,9,99,1,9,6,6,1,26,6,-1,3,0,PEUGEOT 2008,2,E01000941,0,1
2024440470129,2024,440470129,1,9,0,18,19,2,6,0,0,0,0,0,2,7,4,1,6,6,1,42,7,1498,2,5,PEUGEOT 2008,4,E01035447,0,4
2024461470273,2024,461470273,2,9,0,-1,9,7,3,-1,0,6,0,0,0,0,4,1,-1,9,1,76,11,1560,2,10,PEUGEOT 2008,2,E01024596,0,1
2024471530533,2024,471530533,4,9,0,-1,5,2,6,-1,0,0,0,0,0,0,4,1,-1,9,1,35,6,-1,3,0,PEUGEOT 2008,7,E01031746,0,2
2024531492807,2024,531492807,1,9,0,-1,19,7,3,-1,0,8,0,0,0,0,4,1,-1,6,1,25,5,1560,2,9,PEUGEOT 2008,2,W01000483,0,5
2024440399485,2024,440399485,1,9,0,10,10,3,7,0,0,5,0,0,0,0,2,1,6,6,2,53,8,1199,1,1,PEUGEOT 2008,5,E01017311,0,1
2024221527367,2024,221527367,1,9,0,-1,10,4,1,-1,0,1,0,0,0,0,2,1,-1,6,2,30,6,1560,2,10,PEUGEOT 2008,1,E01019020,0,5
2024041447750,2024,041447750,1,9,0,-1,6,6,2,-1,0,8,0,0,0,0,3,1,-1,9,2,80,11,1200,1,8,PEUGEOT 2008,8,E01025056,0,1
2024421461577,2024,421461577,1,9,0,-1,19,5,1,-1,0,0,0,0,1,4,4,1,-1,6,1,26,6,1560,2,9,PEUGEOT 2008,5,E01021360,0,1
2024201408034,2024,201408034,1,9,0,-1,9,5,3,-1,0,6,0,0,0,0,3,9,-1,9,1,36,7,1200,1,2,PEUGEOT 2008,1,E01009963,0,1
2024122500075,2024,122500075,1,9,0,3,3,4,7,0,0,4,0,0,0,0,1,1,6,6,2,53,8,1200,1,3,PEUGEOT 2008,5,E01027678,0,1
2024522401247,2024,522401247,1,9,0,9,9,1,7,0,0,2,0,0,0,0,1,1,6,6,1,51,8,1560,2,10,PEUGEOT 2008,2,E01014691,0,1
2024991427334,2024,991427334,2,9,0,-1,19,2,6,-1,0,0,0,0,0,0,1,1,-1,9,2,28,6,1199,1,1,PEUGEOT 2008,-1,-1,0,-1
2024010516568,2024,010516568,2,9,0,18,19,1,5,0,0,1,0,0,0,0,1,1,6,6,1,50,8,1199,1,0,PEUGEOT 2008,8,E01030706,0,4
2024131411008,2024,131411008,2,9,0,-1,19,3,2,-1,0,1,0,0,0,0,1,1,-1,6,2,40,7,1560,2,9,PEUGEOT 2008,3,E01011229,0,1
2024061445154,2024,061445154,1,9,0,-1,4,-1,-1,-1,0,4,0,0,0,0,2,1,-1,9,2,33,6,1560,2,10,PEUGEOT 2008,9,E01011168,0,4
2024501533595,2024,501533595,1,9,0,-1,19,7,3,-1,-1,0,1,0,1,0,3,1,-1,9,2,37,7,1560,2,9,PEUGEOT 2008,6,E01018935,0,3
2024440418952,2024,440418952,2,9,0,18,19,1,5,0,0,1,0,0,0,0,1,1,6,6,1,33,6,-1,3,3,PEUGEOT 2008,3,E01034713,0,1
2024052401420,2024,052401420,1,9,0,18,19,3,7,0,0,0,0,0,0,0,1,1,6,6,2,50,8,1199,1,5,PEUGEOT 2008,2,E01032511,0,3
2024371425422,2024,371425422,1,9,0,-1,19,7,3,-1,0,8,0,0,0,0,1,1,-1,9,1,73,10,1560,2,8,PEUGEOT 2008,7,E01030095,0,1
2024131425563,2024,131425563,1,9,0,-1,7,3,1,-1,0,1,0,0,0,0,4,1,-1,9,2,21,5,1200,1,6,PEUGEOT 2008,7,E01035041,0,1
2024161407008,2024,161407008,1,9,0,-1,19,1,5,-1,0,1,0,0,0,0,1,1,-1,6,2,81,11,1200,1,10,PEUGEOT 2008,5,E01013285,0,1
2024221486206,2024,221486206,2,9,0,-1,19,8,3,-1,0,0,0,0,0,0,1,1,-1,6,1,32,6,1200,1,6,PEUGEOT 2008,7,E01025825,0,4
2024010509284,2024,010509284,1,23,0,99,99,9,9,99,99,9,9,11,9,99,9,1,2,2,1,42,7,-1,3,1,-1,3,E01003193,0,2
2024440383261,2024,440383261,2,4,0,18,19,2,6,0,0,1,0,0,0,0,1,1,6,6,1,59,9,-1,3,1,-1,2,E01017216,0,2
2024201466725,2024,201466725,1,9,0,-1,19,6,2,-1,0,8,1,0,0,0,1,9,-1,6,1,-1,-1,2696,2,16,-1,-1,-1,0,-1
2024161494957,2024,161494957,1,9,0,-1,19,8,4,-1,0,1,0,0,1,4,1,1,-1,6,2,51,8,2157,2,8,-1,4,E01013076,0,4
2024320508882,2024,320508882,2,9,0,-1,-1,2,6,0,0,1,0,0,0,0,3,1,-1,-1,1,69,10,2157,2,3,-1,9,E01026209,0,1
2024631495173,2024,631495173,1,9,0,-1,14,-1,-1,-1,0,6,0,0,0,0,1,1,-1,6,1,70,10,1998,2,9,-1,7,W01000447,0,4
2024101508983,2024,101508983,1,5,0,-1,19,5,1,-1,0,0,0,0,0,0,1,1,-1,2,1,38,7,644,1,15,SUZUKI GSX 650,8,E01008612,0,2
2024101511983,2024,101511983,2,5,0,-1,4,7,3,-1,0,0,2,0,0,0,4,1,-1,9,2,45,7,656,1,11,SUZUKI GSX 650,2,E01020689,0,4
202454C294824,2024,54C294824,1,5,0,17,19,2,6,0,0,0,0,0,1,0,4,1,6,6,1,20,4,644,1,16,SUZUKI GSX 650,3,E01015488,0,2
2024501431471,2024,501431471,2,5,0,-1,19,7,3,-1,0,1,1,0,0,0,1,1,-1,9,1,37,7,644,1,16,SUZUKI GSX 650,1,E01015045,0,1
2024041512061,2024,041512061,1,5,0,-1,13,7,3,-1,0,0,2,0,0,0,4,1,-1,9,1,27,6,656,1,8,SUZUKI GSX 650,3,E01012740,0,4
2024361399920,2024,361399920,1,5,0,-1,19,1,4,-1,0,0,0,0,7,9,1,1,-1,2,1,61,9,656,1,15,SUZUKI GSX 650,5,E01026728,0,3
2024122400374,2024,122400374,1,5,0,18,19,1,5,0,0,0,1,10,1,4,1,1,6,6,1,63,9,656,1,15,SUZUKI GSX 650,5,E01000593,0,5
2024221479039,2024,221479039,2,4,0,-1,19,4,1,-1,0,8,0,0,0,0,1,1,-1,6,1,40,7,644,1,16,SUZUKI GSX 650,-1,-1,0,-1
2024471487805,2024,471487805,2,5,0,-1,5,2,6,-1,0,8,0,0,0,0,3,1,-1,2,1,48,8,644,1,16,SUZUKI GSX 650,4,E01020947,0,1
2024451478576,2024,451478576,2,5,0,-1,19,8,4,-1,0,1,0,0,0,0,1,1,-1,9,2,52,8,656,1,14,SUZUKI GSX 650,8,E01030574,0,4
2024430243942,2024,430243942,1,5,0,9,9,4,2,0,0,8,0,0,0,0,4,1,2,2,1,52,8,656,1,11,SUZUKI GSX 650,4,E01016705,0,1
2024010541739,2024,010541739,1,5,0,99,99,9,9,99,99,9,9,99,9,99,9,1,2,2,1,22,5,656,1,13,SUZUKI GSX 650,7,E01001457,0,1
2024430140620,2024,430140620,2,5,0,18,19,5,1,0,0,2,0,0,0,0,4,1,2,2,2,36,7,656,1,14,SUZUKI GSX 650,9,E01016276,0,4
2024122500429,2024,122500429,2,5,0,18,19,5,1,1,1,8,0,0,0,0,4,1,2,2,1,31,6,656,1,14,SUZUKI GSX 650,3,E01013350,0,4
2024031514082,2024,031514082,1,5,0,-1,19,3,7,-1,0,0,0,7,0,0,1,1,-1,6,1,33,6,644,1,16,SUZUKI GSX 650,-1,-1,0,-1
2024501465048,2024,501465048,1,5,0,-1,19,8,2,-1,0,0,1,0,0,0,4,1,-1,9,1,55,8,656,1,13,SUZUKI GSX 650,4,E01020252,0,3
2024010525004,2024,010525004,1,9,0,99,99,9,9,99,99,9,9,99,9,99,9,9,6,6,1,30,6,998,1,10,TOYOTA AYGO,6,E01003386,0,1
2024101427800,2024,101427800,2,9,0,-1,3,1,5,-1,0,0,0,0,0,0,2,9,-1,6,2,36,7,998,1,11,TOYOTA AYGO,2,E01008644,0,1
2024461434414,2024,461434414,1,9,0,-1,13,7,3,-1,0,0,0,0,0,0,4,1,-1,6,2,21,5,998,1,17,TOYOTA AYGO,3,E01024695,0,1
2024010540184,2024,010540184,2,9,0,3,3,5,1,0,0,1,0,0,0,0,3,1,6,6,2,23,5,998,1,10,TOYOTA AYGO,8,E01002348,0,1
2024070248705,2024,070248705,2,9,0,17,19,2,6,0,0,0,0,0,0,0,1,1,2,2,2,37,7,998,1,8,TOYOTA AYGO,-1,-1,0,-1
2024421527369,2024,421527369,2,9,0,-1,19,1,5,-1,0,1,0,0,0,0,1,1,-1,6,2,29,6,998,1,17,TOYOTA AYGO,5,E01016015,0,1
2024010521723,2024,010521723,3,9,0,2,2,0,0,0,0,2,0,0,0,0,2,1,6,6,3,-1,-1,998,1,12,TOYOTA AYGO,-1,-1,0,-1
2024622400204,2024,622400204,1,9,0,7,7,5,7,0,0,8,0,0,0,0,4,1,6,6,2,64,9,998,1,13,TOYOTA AYGO,10,W01000880,0,1
2024061497066,2024,061497066,1,9,0,-1,19,7,3,-1,0,1,0,0,0,0,4,1,-1,9,2,75,10,998,1,10,TOYOTA AYGO,1,E01004802,0,2
2024010544044,2024,010544044,2,9,0,18,19,5,1,0,0,2,0,0,0,0,1,1,6,6,1,37,7,998,1,17,TOYOTA AYGO,2,E01001426,0,1
2024471406605,2024,471406605,1,9,0,-1,19,1,5,-1,0,0,0,0,0,0,2,1,-1,2,2,33,6,998,1,10,TOYOTA AYGO,10,E01031689,0,1
2024201498058,2024,201498058,3,9,0,-1,19,6,2,-1,0,8,0,0,0,0,2,1,-1,6,1,40,7,998,1,16,TOYOTA AYGO,-1,-1,0,-1
2024061483986,2024,061483986,1,9,0,-1,19,5,1,-1,0,1,0,0,0,0,1,1,-1,9,1,18,4,998,1,16,TOYOTA AYGO,7,E01004995,0,2
2024201527789,2024,201527789,1,9,0,-1,5,4,2,-1,0,0,0,0,0,0,3,1,-1,6,1,21,5,998,1,8,TOYOTA AYGO,1,E01009397,0,1
2024161414745,2024,161414745,1,9,0,-1,19,2,6,-1,0,0,1,0,1,9,2,1,-1,6,2,41,7,998,1,8,TOYOTA AYGO,9,E01007624,0,4
2024440526977,2024,440526977,1,9,0,18,19,6,2,0,0,8,0,0,0,0,4,1,1,1,1,45,7,998,1,9,TOYOTA AYGO,5,E01017136,0,1
2024010544384,2024,010544384,1,9,0,9,9,6,4,0,0,1,0,0,0,0,1,1,6,6,2,23,5,998,1,8,TOYOTA AYGO,2,E01002277,0,1
2024010545406,2024,010545406,1,9,0,10,10,3,1,0,0,4,0,0,0,0,1,1,6,6,1,68,10,998,1,13,TOYOTA AYGO,4,E01001896,0,1
2024522401884,2024,522401884,2,9,0,7,7,3,5,0,0,5,0,0,0,0,1,1,6,6,2,82,11,998,1,13,TOYOTA AYGO,4,E01014906,0,1
2024430281212,2024,430281212,2,9,0,4,4,2,6,0,0,4,0,0,0,0,2,1,6,6,1,39,7,998,1,9,TOYOTA AYGO,3,E01028525,0,1
2024061526329,2024,061526329,1,9,0,-1,3,-1,-1,-1,0,1,0,0,0,0,2,1,-1,6,1,46,8,998,1,8,TOYOTA AYGO,5,E01005832,0,3
2024101442697,2024,101442697,2,9,0,-1,7,4,8,-1,0,0,0,0,0,0,0,1,-1,2,1,63,9,998,1,12,TOYOTA AYGO,4,E01008471,0,2
2024070020324,2024,070020324,1,9,0,5,5,7,3,0,0,4,0,0,0,0,1,1,2,2,2,38,7,998,1,1,TOYOTA AYGO,-1,-1,0,-1
2024552400006,2024,552400006,2,9,0,18,19,4,8,0,0,0,0,0,0,0,1,1,6,6,1,18,4,998,1,12,TOYOTA AYGO,6,E01018817,0,5
2024041509754,2024,041509754,1,9,0,-1,19,1,5,-1,0,1,1,0,0,0,1,1,-1,6,2,27,6,998,1,0,TOYOTA AYGO,3,E01025271,0,1
2024461437934,2024,461437934,1,9,0,-1,5,8,5,-1,0,1,0,0,0,0,1,9,-1,1,2,33,6,998,1,8,TOYOTA AYGO,2,E01003330,0,4
2024231451244,2024,231451244,2,9,0,-1,7,3,5,-1,0,5,0,0,0,0,2,1,-1,1,2,43,7,998,1,3,TOYOTA AYGO,9,E01031143,0,1
2024501484479,2024,501484479,2,9,0,-1,19,7,3,-1,0,0,0,0,0,0,1,9,-1,6,2,27,6,998,1,7,TOYOTA AYGO,9,E01018848,0,1
2024101537235,2024,101537235,1,9,0,-1,9,1,6,-1,0,8,0,0,0,0,4,1,-1,9,1,37,7,998,1,17,TOYOTA AYGO,1,E01008544,0,1
2024161455542,2024,161455542,2,9,0,-1,19,4,8,-1,0,0,0,0,1,0,1,1,-1,1,2,53,8,998,1,6,TOYOTA AYGO,9,E01026063,0,3
2024547125724,2024,547125724,2,9,0,9,9,5,1,0,0,6,0,7,0,0,3,1,6,6,2,38,7,998,1,6,TOYOTA AYGO,6,E01016304,0,4
2024522403261,2024,522403261,1,9,0,4,4,3,7,0,0,0,0,0,0,0,1,1,6,6,2,17,4,998,1,17,TOYOTA AYGO,6,E01015004,0,2
2024041522079,2024,041522079,2,9,0,-1,19,5,1,-1,0,1,0,0,0,0,1,1,-1,9,1,72,10,998,1,13,TOYOTA AYGO,10,E01025530,0,1
2024031488785,2024,031488785,1,9,0,-1,19,3,7,-1,0,2,1,0,1,11,1,1,-1,9,1,21,5,998,1,13,TOYOTA AYGO,5,E01019292,0,1
2024010519628,2024,010519628,1,9,0,18,19,5,1,0,0,1,0,0,0,0,1,1,2,2,2,31,6,998,1,2,TOYOTA AYGO,-1,-1,0,-1
2024201430906,2024,201430906,1,9,0,-1,12,8,4,-1,2,0,0,0,0,0,1,1,-1,9,2,21,5,998,1,6,TOYOTA AYGO,2,E01034955,0,1
2024010527660,2024,010527660,2,9,0,99,99,9,9,99,99,9,9,99,9,99,9,9,6,6,3,33,6,998,1,9,TOYOTA AYGO,4,E01003405,0,2
2024161526579,2024,161526579,2,9,0,-1,2,0,0,-1,0,2,0,0,0,0,2,1,-1,6,-1,-1,-1,998,1,4,TOYOTA AYGO,-1,-1,0,-1
2024161440047,2024,161440047,1,9,0,-1,9,1,7,-1,0,5,0,0,0,0,1,1,-1,6,1,19,4,998,1,9,TOYOTA AYGO,5,E01013107,0,2
2024361404960,2024,361404960,2,9,0,-1,19,5,1,-1,0,1,0,0,0,0,1,1,-1,6,1,45,7,998,1,8,TOYOTA AYGO,8,E01026938,0,1
2024549347224,2024,549347224,1,9,0,18,19,6,2,0,0,0,5,0,1,10,1,1,6,6,2,80,11,998,1,8,TOYOTA AYGO,7,E01024459,0,5
2024131403095,2024,131403095,1,9,0,-1,4,8,4,-1,0,0,0,0,0,0,2,1,-1,6,2,45,7,998,1,7,TOYOTA AYGO,10,E01011455,0,1
2024211406151,2024,211406151,2,9,0,-1,7,2,5,-1,0,3,0,0,0,0,2,9,-1,6,1,25,5,998,1,7,TOYOTA AYGO,3,E01009947,0,3
202454D965824,2024,54D965824,1,9,0,18,19,5,1,0,0,0,0,0,0,0,1,1,6,6,1,-1,-1,998,1,16,TOYOTA AYGO,-1,-1,0,-1
2024622400060,2024,622400060,2,9,0,10,10,6,4,0,0,5,0,0,0,0,2,1,6,6,1,69,10,998,1,6,TOYOTA AYGO,9,W01001107,0,1
2024471413478,2024,471413478,1,9,0,-1,19,3,8,-1,0,2,1,0,7,3,1,1,-1,6,1,32,6,998,1,13,TOYOTA AYGO,2,E01031341,0,1
2024010548539,2024,010548539,2,9,9,99,99,9,9,99,99,9,9,99,9,99,1,9,6,6,1,-1,-1,998,1,12,TOYOTA AYGO,-1,-1,0,-1
2024041517037,2024,041517037,1,9,0,-1,5,3,7,-1,0,1,0,0,0,0,1,1,-1,9,2,63,9,998,1,7,TOYOTA AYGO,6,E01025144,0,1
2024061469588,2024,061469588,2,9,0,-1,11,3,7,-1,0,0,0,0,0,0,4,1,-1,6,1,40,7,998,1,17,TOYOTA AYGO,5,E01005596,0,3
2024371409441,2024,371409441,2,9,0,-1,4,7,3,-1,0,0,0,0,0,0,2,1,-1,1,1,38,7,998,1,1,TOYOTA AYGO,3,E01029996,0,1
2024201511993,2024,201511993,1,9,0,-1,5,3,7,-1,0,0,0,0,0,0,4,1,-1,6,2,63,9,998,1,17,TOYOTA AYGO,4,E01009248,0,3
2024548880524,2024,548880524,2,9,0,4,4,4,8,0,0,0,1,0,0,0,2,1,6,6,2,63,9,998,1,6,TOYOTA AYGO,7,E01031850,0,3
2024052401676,2024,052401676,1,9,0,9,9,7,5,0,0,8,0,0,0,0,1,1,6,6,1,25,5,998,1,6,TOYOTA AYGO,8,E01024934,0,4
2024991465929,2024,991465929,1,9,0,-1,9,1,7,-1,0,2,0,0,0,0,1,1,-1,6,1,60,9,998,1,8,TOYOTA AYGO,10,-1,0,1
2024430242310,2024,430242310,3,9,0,18,19,5,1,0,0,7,0,0,0,0,2,1,6,6,2,39,7,998,1,5,TOYOTA AYGO,10,E01028695,0,2
2024061531967,2024,061531967,2,9,0,-1,19,2,6,-1,0,0,0,0,0,0,3,1,-1,6,2,28,6,998,1,15,TOYOTA AYGO,-1,-1,0,-1
2024231490124,2024,231490124,2,9,0,-1,4,2,6,-1,0,1,0,0,0,0,0,1,-1,9,1,75,10,998,1,10,TOYOTA AYGO,8,E01031290,0,1
2024531464893,2024,531464893,2,9,0,-1,19,5,1,-1,0,0,0,0,0,0,1,1,-1,1,2,21,5,998,1,9,TOYOTA AYGO,7,E01022407,0,2
2024010507860,2024,010507860,2,9,0,9,9,1,6,0,0,6,0,0,0,0,1,1,6,6,2,26,6,998,1,2,TOYOTA AYGO,4,E01001674,0,2
2024070995842,2024,070995842,2,9,0,-1,19,1,5,-1,0,0,0,0,0,0,4,1,-1,9,1,29,6,998,1,5,TOYOTA AYGO,6,E01013518,0,4
2024141442880,2024,141442880,1,9,0,-1,9,2,8,-1,0,8,0,0,0,0,3,1,-1,9,1,17,4,998,1,9,TOYOTA AYGO,8,E01007431,0,1
2024401516761,2024,401516761,1,9,0,-1,9,5,7,-1,0,0,0,0,0,0,1,1,-1,6,2,54,8,998,1,4,TOYOTA AYGO,6,E01034432,0,1
2024461490632,2024,461490632,1,9,0,-1,10,3,8,-1,0,8,0,0,0,0,3,1,-1,6,2,77,11,998,1,6,TOYOTA AYGO,9,E01016081,0,1
2024411403885,2024,411403885,2,9,0,-1,4,-1,-1,-1,0,0,0,0,0,0,3,9,-1,9,2,22,5,998,1,7,TOYOTA AYGO,7,E01023892,0,1
2024461514253,2024,461514253,2,9,0,-1,4,3,7,-1,0,2,0,0,0,0,2,1,-1,9,1,24,5,998,1,17,TOYOTA AYGO,7,E01024689,0,1
2024451514120,2024,451514120,2,9,0,-1,19,2,6,-1,0,1,0,0,0,0,1,1,-1,9,1,20,4,998,1,16,TOYOTA AYGO,10,E01030518,0,2
2024440272196,2024,440272196,2,9,0,9,9,8,6,0,0,8,0,7,0,0,4,1,2,2,2,60,9,998,1,3,TOYOTA AYGO,4,E01017309,0,2
2024471519683,2024,471519683,2,9,0,-1,3,6,1,-1,0,1,0,0,0,0,2,1,-1,2,2,23,5,998,1,7,TOYOTA AYGO,8,E01031812,0,3
2024461521808,2024,461521808,1,9,0,-1,9,3,8,-1,0,8,0,0,0,0,1,1,-1,9,2,75,10,998,1,7,TOYOTA AYGO,6,E01024460,0,1
2024201532156,2024,201532156,2,9,0,-1,19,8,4,-1,0,8,0,0,0,0,4,1,-1,2,2,25,5,998,1,13,TOYOTA AYGO,2,E01009017,0,1
2024131505565,2024,131505565,1,9,0,-1,19,7,5,-1,0,0,0,0,0,0,1,1,-1,9,1,33,6,998,1,5,TOYOTA AYGO,8,E01011056,0,2
2024991523460,2024,991523460,1,9,0,-1,19,5,1,-1,0,0,0,0,0,0,1,1,-1,9,1,61,9,998,1,6,TOYOTA AYGO,1,-1,0,1
2024010531250,2024,010531250,1,9,0,4,4,7,3,0,0,1,0,0,0,0,1,1,2,2,1,30,6,998,1,4,TOYOTA AYGO,3,E01002697,0,2
2024440536754,2024,440536754,1,9,0,18,19,1,5,0,0,1,0,0,0,0,1,1,6,6,2,34,6,998,1,8,TOYOTA AYGO,5,E01017095,0,1
2024631409735,2024,631409735,1,9,0,-1,19,7,2,-1,0,1,0,0,0,0,1,1,-1,1,1,33,6,998,1,10,TOYOTA AYGO,3,W01000641,0,1
2024131397316,2024,131397316,1,9,0,-1,19,1,5,-1,0,1,0,0,0,0,1,1,-1,9,2,25,5,998,1,13,TOYOTA AYGO,1,E01033697,0,1
2024361443489,2024,361443489,1,9,0,-1,5,7,5,-1,0,0,1,0,0,0,4,1,-1,6,2,22,5,998,1,15,TOYOTA AYGO,1,E01026868,0,4
2024161471086,2024,161471086,2,9,0,-1,19,5,1,-1,0,0,0,0,0,0,1,9,-1,6,3,-1,-1,998,1,15,TOYOTA AYGO,-1,-1,0,-1
2024161397406,2024,161397406,1,9,0,-1,19,3,6,-1,0,1,0,0,0,0,1,1,-1,9,1,85,11,998,1,1,TOYOTA AYGO,3,E01013233,0,1
2024461420872,2024,461420872,4,9,0,-1,2,0,0,-1,0,0,0,0,0,0,1,1,-1,6,-1,-1,-1,998,1,10,TOYOTA AYGO,-1,-1,0,-1
2024010536862,2024,010536862,1,9,9,99,99,9,9,0,0,9,9,99,0,0,9,9,6,6,2,31,6,998,1,4,TOYOTA AYGO,2,E01001710,0,1
2024141452354,2024,141452354,1,9,0,-1,3,6,1,-1,0,0,0,0,0,0,2,9,-1,6,2,48,8,998,1,3,TOYOTA AYGO,10,E01007861,0,1
2024991472615,2024,991472615,1,9,0,-1,6,7,7,-1,0,0,0,0,0,0,3,1,-1,6,1,43,7,998,1,13,TOYOTA AYGO,7,-1,0,1
2024401476496,2024,401476496,6,9,0,-1,2,0,0,-1,0,0,0,4,0,0,2,1,-1,6,-1,-1,-1,998,1,6,TOYOTA AYGO,-1,-1,0,-1
2024201558844,2024,201558844,1,9,0,-1,5,1,5,-1,0,0,0,0,0,0,3,9,-1,9,2,43,7,998,1,10,TOYOTA AYGO,1,E01009996,0,1
2024991442577,2024,991442577,2,9,0,-1,19,1,5,-1,0,1,0,0,0,0,1,1,-1,1,1,53,8,998,1,1,TOYOTA AYGO,-1,-1,0,-1
2024610056724,2024,610056724,1,9,0,17,19,6,3,0,0,0,0,0,0,0,1,1,6,6,1,18,4,998,1,6,TOYOTA AYGO,7,W01001571,0,3
2024161405927,2024,161405927,1,9,0,-1,19,5,1,-1,0,1,0,0,3,0,1,1,-1,9,1,32,6,998,1,15,TOYOTA AYGO,5,E01035476,0,1
2024010538056,2024,010538056,1,9,0,99,99,9,9,99,99,9,9,99,9,99,9,9,2,2,2,67,10,998,1,12,TOYOTA AYGO,10,E01000794,0,1
2024440430212,2024,440430212,2,9,0,18,19,7,3,0,0,8,0,0,0,0,4,1,6,6,1,46,8,998,1,12,TOYOTA AYGO,6,E01034729,0,4
2024451414038,2024,451414038,5,9,0,-1,4,1,5,-1,0,0,0,0,0,0,2,1,-1,9,2,19,4,998,1,17,TOYOTA AYGO,2,E01002606,0,3
2024411538190,2024,411538190,1,9,-1,-1,-1,-1,-1,-1,-1,0,-1,-1,-1,0,-1,9,-1,1,1,-1,-1,998,1,5,TOYOTA AYGO,-1,-1,0,-1
2024010513023,2024,010513023,2,9,9,99,99,9,9,99,99,9,9,99,9,99,9,9,6,6,3,-1,-1,998,1,9,TOYOTA AYGO,-1,-1,0,-1
2024201484347,2024,201484347,3,9,0,-1,10,7,3,-1,0,1,0,0,0,0,3,1,-1,6,1,36,7,998,1,16,TOYOTA AYGO,2,E01009741,0,1
2024430618032,2024,430618032,1,9,0,9,9,7,5,0,0,8,0,0,0,0,2,1,6,6,2,77,11,998,1,9,TOYOTA AYGO,8,E01028792,0,4
2024041475438,2024,041475438,2,9,0,-1,19,7,3,-1,0,1,0,0,0,0,1,1,-1,9,2,22,5,998,1,17,TOYOTA AYGO,5,E01024928,0,1
2024161397454,2024,161397454,1,9,0,-1,19,5,1,-1,0,0,0,0,0,0,1,9,-1,9,1,67,10,998,1,1,TOYOTA AYGO,1,E01035473,0,1
2024401429598,2024,401429598,1,9,0,-1,15,5,1,-1,0,1,0,0,0,0,4,1,-1,9,2,18,4,998,1,11,TOYOTA AYGO,6,E01017378,0,3
2024361484411,2024,361484411,2,9,0,-1,19,1,5,-1,0,0,1,0,0,0,1,1,-1,9,2,56,9,998,1,18,TOYOTA AYGO,5,E01026878,0,3
2024991433221,2024,991433221,4,9,0,-1,2,3,3,-1,0,0,0,0,0,0,1,1,-1,1,1,39,7,998,1,13,TOYOTA AYGO,-1,-1,0,-1
2024351409226,2024,351409226,1,9,0,-1,19,2,6,-1,0,1,0,0,0,0,1,1,-1,6,1,84,11,998,1,9,TOYOTA AYGO,9,E01018034,0,3
2024351460370,2024,351460370,2,9,0,-1,19,8,6,-1,0,8,0,0,0,0,4,1,-1,9,1,20,4,998,1,7,TOYOTA AYGO,9,E01015631,0,1
2024440204220,2024,440204220,1,9,0,18,19,3,7,0,0,1,0,0,0,0,1,1,6,6,1,18,4,998,1,18,TOYOTA AYGO,10,E01023273,0,3
2024311444468,2024,311444468,1,9,0,-1,19,6,2,-1,0,0,0,0,0,0,1,1,-1,6,1,37,7,998,1,13,TOYOTA AYGO,1,E01013812,0,3