collision_index,collision_year,collision_ref_no,vehicle_reference,vehicle_type,towing_and_articulation,vehicle_manoeuvre_historic,vehicle_manoeuvre,vehicle_direction_from,vehicle_direction_to,vehicle_location_restricted_lane_historic,vehicle_location_restricted_lane,junction_location,skidding_and_overturning,hit_object_in_carriageway,vehicle_leaving_carriageway,hit_object_off_carriageway,first_point_of_impact,vehicle_left_hand_drive,journey_purpose_of_driver_historic,journey_purpose_of_driver,sex_of_driver,age_of_driver,age_band_of_driver,engine_capacity_cc,propulsion_code,age_of_vehicle,generic_make_model,driver_imd_decile,lsoa_of_driver,escooter_flag,driver_distance_banding
2024991469372,2024,991469372,1,9,0,-1,6,7,7,-1,0,0,0,0,0,0,4,1,-1,1,2,74,10,998,1,0,TOYOTA AYGO,6,-1,0,1
202417M113724,2024,17M113724,1,9,0,-1,9,6,1,-1,0,0,0,0,0,0,4,1,-1,2,2,22,5,998,1,4,TOYOTA AYGO,-1,-1,0,-1
2024201488703,2024,201488703,1,9,0,-1,9,5,3,-1,0,6,0,0,0,0,1,1,-1,6,1,18,4,998,1,15,TOYOTA AYGO,4,E01010459,0,3
2024211399188,2024,211399188,1,9,0,-1,19,7,3,-1,0,0,5,0,1,10,4,1,-1,9,2,21,5,998,1,5,TOYOTA AYGO,7,E01029695,0,1
2024451413067,2024,451413067,1,9,0,-1,19,7,3,-1,0,0,0,0,0,0,1,1,-1,9,1,72,10,998,1,14,TOYOTA AYGO,3,E01030952,0,1
2024421526519,2024,421526519,3,9,0,-1,3,7,3,-1,0,0,0,0,0,0,2,1,-1,2,2,23,5,998,1,16,TOYOTA AYGO,5,E01015994,0,3
2024131483896,2024,131483896,1,9,0,-1,6,2,5,-1,0,0,0,0,7,11,3,1,-1,9,1,26,6,998,1,17,TOYOTA AYGO,1,E01011430,0,1
2024351427801,2024,351427801,1,9,0,-1,19,1,3,-1,0,0,0,0,0,0,1,1,-1,6,1,30,6,998,1,15,TOYOTA AYGO,4,E01015692,0,1
2024161449180,2024,161449180,1,9,0,-1,19,8,4,-1,0,0,1,0,7,0,3,1,-1,6,2,21,5,998,1,18,TOYOTA AYGO,3,E01012943,0,2
2024320133712,2024,320133712,1,9,0,-1,-1,5,2,0,0,4,0,0,0,0,3,1,-1,-1,2,28,6,998,1,19,TOYOTA AYGO,6,E01026020,0,1
2024332400511,2024,332400511,1,9,0,-1,3,2,6,-1,0,0,0,0,0,0,2,1,-1,6,2,59,9,998,1,6,TOYOTA AYGO,-1,-1,0,-1
2024010547193,2024,010547193,1,9,0,99,99,9,9,99,99,9,9,99,9,99,2,9,6,6,1,19,4,998,1,17,TOYOTA AYGO,5,E01016884,0,4
2024061472561,2024,061472561,2,9,0,-1,9,3,1,-1,0,8,0,0,0,0,3,1,-1,2,1,58,9,998,1,7,TOYOTA AYGO,1,E01006031,0,3
2024411449991,2024,411449991,1,9,0,-1,4,4,8,-1,0,0,1,0,0,0,1,1,-1,2,2,26,6,998,1,7,TOYOTA AYGO,7,E01000288,0,2
2024122401036,2024,122401036,1,9,0,18,19,1,5,0,0,0,9,99,9,0,9,1,6,6,2,38,7,998,1,19,TOYOTA AYGO,10,E01013059,0,4
2024501490361,2024,501490361,1,9,0,-1,5,5,3,-1,0,0,0,0,0,0,1,9,-1,9,2,26,6,998,1,8,TOYOTA AYGO,4,E01020041,0,1
2024041402405,2024,041402405,1,9,0,-1,19,1,5,-1,0,0,0,0,0,0,1,1,-1,1,2,33,6,998,1,14,TOYOTA AYGO,6,E01019346,0,4
2024131404098,2024,131404098,1,9,0,-1,19,1,5,-1,0,0,1,11,0,0,4,1,-1,9,1,33,6,998,1,15,TOYOTA AYGO,1,E01010618,0,3
2024070492917,2024,070492917,2,9,0,18,19,7,3,0,0,0,0,0,1,11,1,1,6,6,2,18,4,998,1,15,TOYOTA AYGO,8,E01029792,0,4
2024440400224,2024,440400224,1,9,0,18,19,5,1,0,0,0,5,0,7,4,0,1,2,2,1,40,7,998,1,18,TOYOTA AYGO,-1,-1,0,-1
2024201530981,2024,201530981,1,9,0,-1,9,7,4,-1,0,1,0,0,0,0,3,1,-1,2,1,35,6,998,1,9,TOYOTA AYGO,-1,-1,0,-1
2024131483843,2024,131483843,1,9,0,-1,19,3,7,-1,0,0,0,0,0,0,1,1,-1,9,2,19,4,998,1,8,TOYOTA AYGO,3,E01010856,0,2
2024471431797,2024,471431797,1,9,0,-1,19,2,6,-1,0,1,0,0,0,0,1,1,-1,2,1,58,9,998,1,17,TOYOTA AYGO,2,E01031450,0,1
2024451408519,2024,451408519,1,9,0,-1,19,3,7,-1,0,0,0,0,1,2,1,1,-1,6,-1,44,7,998,1,11,TOYOTA AYGO,-1,-1,0,-1
2024010537607,2024,010537607,1,9,0,9,9,5,2,0,0,8,0,0,0,0,1,1,2,2,1,25,5,998,1,8,TOYOTA AYGO,9,E01002110,0,1
2024991417383,2024,991417383,1,9,0,-1,19,7,2,-1,0,8,0,0,0,0,1,1,-1,6,2,89,11,998,1,9,TOYOTA AYGO,-1,-1,0,-1
2024471458675,2024,471458675,2,9,0,-1,4,3,7,-1,0,1,0,0,0,0,2,1,-1,9,2,44,7,998,1,16,TOYOTA AYGO,6,E01031405,0,1
2024122401302,2024,122401302,1,9,0,9,9,1,7,0,0,6,0,0,0,0,1,1,6,6,2,31,6,998,1,12,TOYOTA AYGO,7,E01013418,0,4
2024141418850,2024,141418850,1,9,0,-1,9,6,4,-1,0,8,0,0,0,0,1,1,-1,6,1,30,6,998,1,8,TOYOTA AYGO,5,E01008113,0,1
2024010504428,2024,010504428,2,9,0,99,99,9,9,99,99,6,9,99,9,99,9,9,6,6,3,-1,-1,998,1,17,TOYOTA AYGO,-1,-1,0,-1
2024131486876,2024,131486876,1,9,0,-1,9,8,6,-1,0,5,0,0,0,0,4,1,-1,9,2,36,7,998,1,11,TOYOTA AYGO,6,E01011646,0,1
2024520402328,2024,520402328,2,9,0,18,19,9,9,0,0,4,0,0,0,0,9,1,6,6,2,27,6,998,1,0,TOYOTA AYGO,9,E01032651,0,1
2024052401090,2024,052401090,1,9,0,9,9,4,2,0,0,8,0,0,7,0,4,1,6,6,2,40,7,998,1,8,TOYOTA AYGO,1,E01006730,0,1
2024471400167,2024,471400167,1,9,0,-1,9,1,7,-1,0,1,0,0,0,0,4,1,-1,9,2,27,6,998,1,8,TOYOTA AYGO,5,E01031595,0,1
2024201424923,2024,201424923,2,9,0,-1,7,6,8,-1,0,4,0,0,0,0,3,1,-1,6,-1,22,5,998,1,17,TOYOTA AYGO,-1,-1,0,-1
2024421473115,2024,421473115,1,9,0,-1,7,3,7,-1,0,0,0,0,0,0,1,1,-1,9,2,84,11,998,1,8,TOYOTA AYGO,8,E01021607,0,3
2024131475712,2024,131475712,2,9,0,-1,19,3,7,-1,0,8,0,0,0,0,1,1,-1,2,1,27,6,998,1,15,TOYOTA AYGO,1,E01010833,0,3
2024061525037,2024,061525037,1,9,0,-1,19,8,4,-1,0,0,1,0,0,0,1,9,-1,6,3,-1,-1,998,1,12,TOYOTA AYGO,-1,-1,0,-1
2024552400744,2024,552400744,1,9,0,1,1,5,1,9,9,6,0,0,0,0,2,1,6,6,1,20,4,998,1,10,TOYOTA AYGO,9,E01023837,0,5
2024010502245,2024,010502245,1,9,0,18,19,1,5,0,0,7,0,12,0,0,9,9,6,6,1,20,4,998,1,7,TOYOTA AYGO,7,E01000147,0,1
2024461523426,2024,461523426,1,9,0,-1,19,8,5,-1,0,8,0,0,0,0,1,1,-1,6,2,56,9,998,1,16,TOYOTA AYGO,4,E01024771,0,3
2024361467035,2024,361467035,1,9,0,-1,9,1,5,-1,0,0,0,0,0,0,1,1,-1,2,2,64,9,998,1,13,TOYOTA AYGO,8,E01026913,0,2
2024351462279,2024,351462279,1,9,0,-1,19,3,1,-1,0,8,0,0,0,0,4,1,-1,6,1,43,7,998,1,6,TOYOTA AYGO,10,E01018211,0,1
2024041460080,2024,041460080,1,9,0,-1,19,5,1,-1,0,0,0,0,0,0,1,1,-1,9,2,64,9,998,1,7,TOYOTA AYGO,7,E01025557,0,4
2024010504496,2024,010504496,1,9,0,99,99,9,9,99,99,9,9,99,9,99,9,9,6,6,2,57,9,998,1,6,TOYOTA AYGO,7,E01003414,0,1
2024440245764,2024,440245764,2,9,0,16,19,1,4,0,0,0,0,0,0,0,1,1,6,6,1,25,5,998,1,13,TOYOTA AYGO,4,E01017290,0,1
2024061460558,2024,061460558,1,9,0,-1,19,7,2,-1,0,0,0,0,0,0,1,1,-1,6,1,84,11,998,1,3,TOYOTA AYGO,5,E01019733,0,1
2024440311362,2024,440311362,1,9,0,18,19,8,4,0,0,1,0,0,0,0,4,1,1,1,1,63,9,998,1,3,TOYOTA AYGO,2,E01017238,0,1
2024061518962,2024,061518962,2,9,0,-1,19,-1,-1,-1,0,0,0,99,0,0,1,2,-1,6,2,-1,-1,998,1,10,TOYOTA AYGO,1,E01006275,0,1
2024471398695,2024,471398695,2,9,0,-1,19,8,4,-1,0,1,0,0,0,0,1,1,-1,1,1,32,6,998,1,15,TOYOTA AYGO,4,E01020952,0,1
2024010551655,2024,010551655,1,9,9,99,99,9,9,99,99,9,9,99,9,99,9,9,6,6,3,-1,-1,998,1,12,TOYOTA AYGO,-1,-1,0,-1
2024010512484,2024,010512484,1,9,0,99,99,9,9,99,99,9,9,99,9,99,4,9,2,2,2,37,7,998,1,2,TOYOTA AYGO,4,E01000557,0,1
202460Q122137,2024,60Q122137,1,9,0,9,9,1,5,0,0,1,0,0,0,0,1,1,6,6,2,75,10,998,1,6,TOYOTA AYGO,-1,-1,0,-1
2024010537696,2024,010537696,1,9,0,1,1,6,2,0,0,0,0,0,0,0,2,1,2,2,2,25,5,998,1,17,TOYOTA AYGO,3,E01003151,0,2
2024430099076,2024,430099076,2,9,0,18,19,6,2,0,0,6,0,0,0,0,1,1,6,6,1,52,8,998,1,11,TOYOTA AYGO,-1,-1,0,-1
2024991560359,2024,991560359,1,9,0,-1,19,3,7,-1,0,0,5,0,4,0,2,1,-1,9,2,70,10,998,1,10,TOYOTA AYGO,4,-1,0,1
2024010512421,2024,010512421,2,9,0,7,7,9,9,99,99,9,9,99,9,99,4,1,6,6,1,26,6,998,1,18,TOYOTA AYGO,2,E01003933,0,1
2024461398103,2024,461398103,2,9,0,-1,2,0,0,-1,0,8,0,0,0,0,0,1,-1,6,-1,-1,-1,998,1,1,TOYOTA AYGO,-1,-1,0,-1
2024411473693,2024,411473693,1,9,0,-1,19,1,5,-1,0,0,0,10,0,0,1,1,-1,9,2,56,9,998,1,9,TOYOTA AYGO,10,E01023685,0,2
2024201454028,2024,201454028,2,9,0,-1,19,8,4,-1,0,8,0,0,0,0,3,1,-1,6,2,52,8,998,1,14,TOYOTA AYGO,1,E01009756,0,1
2024041432150,2024,041432150,3,9,0,-1,19,5,1,-1,0,0,0,0,0,0,3,1,-1,2,2,20,4,998,1,13,TOYOTA AYGO,4,E01024969,0,2
2024131502887,2024,131502887,2,9,0,-1,19,2,6,-1,0,8,0,0,0,0,3,1,-1,2,1,18,4,998,1,4,TOYOTA AYGO,3,E01011087,0,1
2024061464757,2024,061464757,2,9,0,-1,4,-1,-1,-1,0,1,0,0,0,0,2,1,-1,6,1,-1,-1,998,1,15,TOYOTA AYGO,-1,-1,0,-1
2024221427022,2024,221427022,2,9,0,-1,9,4,2,-1,0,6,0,0,0,0,3,1,-1,6,2,23,5,998,1,15,TOYOTA AYGO,9,E01032337,0,1
2024221526245,2024,221526245,2,9,0,-1,19,3,7,-1,0,0,0,0,0,0,1,9,-1,1,2,18,4,998,1,17,TOYOTA AYGO,6,E01028850,0,2
2024070650453,2024,070650453,1,9,0,18,19,4,8,0,0,0,1,10,7,9,4,1,6,6,2,31,6,998,1,14,TOYOTA AYGO,8,E01018391,0,3
2024471442263,2024,471442263,1,9,0,-1,3,3,7,-1,0,4,0,0,0,0,1,1,-1,2,2,44,7,998,1,13,TOYOTA AYGO,6,E01016957,0,1
2024010545420,2024,010545420,3,9,0,18,19,5,1,0,0,1,0,0,0,0,0,1,6,6,1,19,4,998,1,1,TOYOTA AYGO,7,E01001405,0,1
2024411412483,2024,411412483,2,9,0,-1,19,5,1,-1,0,1,0,0,0,0,2,1,-1,6,2,51,8,998,1,1,TOYOTA AYGO,6,E01023556,0,1
2024010492905,2024,010492905,1,9,9,99,99,9,9,99,99,9,9,99,9,99,9,9,6,6,3,32,6,998,1,15,TOYOTA AYGO,5,E01001139,0,3
2024201520320,2024,201520320,1,9,0,-1,19,2,3,-1,0,1,0,0,0,0,3,1,-1,6,1,56,9,998,1,16,TOYOTA AYGO,1,E01033897,0,1
2024991482465,2024,991482465,1,9,0,-1,19,6,3,-1,0,0,1,0,1,4,1,1,-1,6,1,18,4,998,1,12,TOYOTA AYGO,-1,-1,0,-1
2024461508646,2024,461508646,1,9,0,-1,19,5,1,-1,0,0,0,0,0,0,1,1,-1,2,1,18,4,998,1,12,TOYOTA AYGO,4,E01024167,0,1
2024161514220,2024,161514220,1,9,0,-1,19,8,4,-1,0,0,0,0,1,9,4,1,-1,9,2,84,11,998,1,13,TOYOTA AYGO,9,E01013252,0,1
2024991410946,2024,991410946,1,9,0,-1,19,7,3,-1,0,0,0,0,0,0,1,1,-1,6,2,24,5,998,1,8,TOYOTA AYGO,8,-1,0,5
2024351468339,2024,351468339,2,9,0,-1,19,4,8,-1,0,0,1,0,0,0,1,1,-1,6,1,90,11,998,1,9,TOYOTA AYGO,9,E01017968,0,1
2024421480402,2024,421480402,2,9,0,-1,4,5,1,-1,0,0,0,0,0,0,2,1,-1,9,2,36,7,998,1,1,TOYOTA AYGO,2,E01015855,0,4
2024522500420,2024,522500420,1,9,0,18,19,2,6,0,0,2,0,7,1,10,1,1,6,6,1,54,8,998,1,15,TOYOTA AYGO,8,E01014511,0,1
2024461405280,2024,461405280,3,9,0,-1,3,2,6,-1,0,0,0,4,0,0,2,1,-1,2,2,25,5,998,1,2,TOYOTA AYGO,6,E01024346,0,1
2024041512073,2024,041512073,2,9,0,-1,19,8,4,-1,0,0,0,0,0,0,1,1,-1,1,1,46,8,998,1,12,TOYOTA AYGO,1,E01025248,0,1
2024991484494,2024,991484494,5,9,0,-1,19,6,2,-1,0,0,0,0,0,0,2,1,-1,9,2,23,5,998,1,7,TOYOTA AYGO,-1,-1,0,-1
2024991395217,2024,991395217,1,9,0,-1,19,8,4,-1,-1,0,2,0,1,11,1,1,-1,9,2,20,4,998,1,16,TOYOTA AYGO,8,-1,0,1
2024041416769,2024,041416769,4,9,0,-1,3,1,5,-1,0,1,0,0,0,0,2,1,-1,6,2,53,8,998,1,1,TOYOTA AYGO,2,E01012692,0,1
2024010513796,2024,010513796,1,9,0,18,19,1,5,0,0,0,5,4,0,0,1,1,6,6,2,90,11,998,1,7,TOYOTA AYGO,10,E01000272,0,1
2024361503557,2024,361503557,2,9,0,-1,10,3,8,-1,0,1,0,0,0,0,0,1,-1,9,1,34,6,998,1,7,TOYOTA AYGO,6,E01026446,0,2
2024010504341,2024,010504341,1,9,0,99,99,9,9,0,0,9,9,99,9,99,2,9,6,6,1,47,8,998,1,9,TOYOTA AYGO,2,E01000721,0,4
2024010514927,2024,010514927,1,9,0,1,1,1,5,0,0,0,0,0,1,0,4,1,2,2,1,53,8,998,1,9,TOYOTA AYGO,2,E01001976,0,1
2024991436758,2024,991436758,1,9,0,-1,19,7,3,-1,0,1,5,0,0,0,1,1,-1,9,2,51,8,998,1,5,TOYOTA AYGO,8,-1,0,4
2024201455991,2024,201455991,1,9,0,-1,5,6,4,-1,0,6,0,0,0,0,1,9,-1,9,1,22,5,998,1,14,TOYOTA AYGO,1,E01008966,0,1
2024010512358,2024,010512358,2,9,0,7,7,2,3,0,0,8,0,0,0,0,0,1,6,6,1,76,11,998,1,4,TOYOTA AYGO,8,E01002199,0,1
2024501521703,2024,501521703,1,9,0,-1,19,5,1,-1,0,0,2,10,0,0,1,1,-1,9,1,17,4,998,1,15,TOYOTA AYGO,7,E01019045,0,1
2024361485627,2024,361485627,1,9,-1,-1,-1,-1,-1,-1,-1,0,-1,-1,-1,0,-1,9,-1,6,1,36,7,998,1,16,TOYOTA AYGO,2,E01026630,0,1
2024161416722,2024,161416722,1,9,0,-1,3,8,4,-1,0,1,0,0,0,0,2,9,-1,6,1,31,6,998,1,14,TOYOTA AYGO,2,E01012775,0,1
2024351453877,2024,351453877,2,9,0,-1,3,1,5,-1,0,0,0,0,0,0,2,9,-1,2,2,45,7,998,1,0,TOYOTA AYGO,9,E01035559,0,1
2024061406767,2024,061406767,2,9,0,-1,-1,-1,-1,-1,-1,0,-1,-1,-1,0,1,1,-1,2,2,65,9,998,1,9,TOYOTA AYGO,7,E01010952,0,4
2024052400402,2024,052400402,2,9,0,9,9,3,2,0,0,8,0,0,0,0,4,1,6,6,2,77,11,998,1,12,TOYOTA AYGO,5,E01006978,0,1
2024161486220,2024,161486220,2,9,0,-1,3,3,1,-1,0,1,0,0,0,0,1,1,-1,2,2,29,6,998,1,10,TOYOTA AYGO,2,E01033104,0,1
2024471483749,2024,471483749,2,9,0,-1,11,1,6,-1,0,1,0,0,0,0,4,1,-1,9,1,20,4,998,1,7,TOYOTA AYGO,9,E01024802,0,4
2024631411327,2024,631411327,1,9,0,-1,19,2,6,-1,0,6,1,0,3,10,1,1,-1,6,2,18,4,998,1,15,TOYOTA AYGO,7,W01000507,0,4
2024010501440,2024,010501440,1,9,0,18,19,5,1,0,0,1,0,0,0,0,4,1,6,6,2,78,11,998,1,2,TOYOTA AYGO,2,E01034149,0,1
2024311432826,2024,311432826,1,9,0,-1,19,1,5,-1,0,0,5,7,0,0,1,1,-1,6,1,64,9,998,1,10,TOYOTA AYGO,-1,-1,0,-1
2024041524371,2024,041524371,2,9,0,-1,2,2,2,-1,0,1,0,0,0,0,2,1,-1,9,1,76,11,998,1,16,TOYOTA AYGO,1,E01025582,0,1
2024201492628,2024,201492628,2,9,0,-1,19,2,6,-1,0,8,0,0,0,0,1,1,-1,6,2,50,8,998,1,1,TOYOTA AYGO,10,E01032151,0,1
2024501453459,2024,501453459,1,9,0,-1,6,7,3,-1,0,3,0,0,7,11,1,1,-1,9,2,37,7,998,1,0,TOYOTA AYGO,7,E01018889,0,1
2024340WN0712,2024,340WN0712,1,9,0,-1,19,4,8,-1,0,4,0,0,1,0,3,1,-1,9,1,18,4,998,1,12,TOYOTA AYGO,3,E01027137,0,1
2024501448600,2024,501448600,1,9,0,-1,9,8,5,-1,0,1,0,0,0,0,2,1,-1,9,1,90,11,998,1,1,TOYOTA AYGO,5,E01020308,0,1
2024622400355,2024,622400355,2,9,0,4,4,6,2,0,0,0,0,0,0,0,2,1,6,6,1,33,6,998,1,14,TOYOTA AYGO,2,W01001830,0,1
2024041441583,2024,041441583,2,9,0,-1,9,7,3,-1,0,8,0,0,0,0,3,1,-1,9,2,61,9,998,1,6,TOYOTA AYGO,5,E01025509,0,2
2024131496451,2024,131496451,4,9,0,-1,2,0,0,-1,0,8,0,0,0,0,2,1,-1,6,-1,-1,-1,998,1,15,TOYOTA AYGO,-1,-1,0,-1
2024141503963,2024,141503963,2,9,0,-1,19,3,7,-1,0,0,0,0,0,0,2,2,-1,9,2,62,9,998,1,8,TOYOTA AYGO,1,E01007511,0,1
2024201520505,2024,201520505,1,9,0,-1,19,3,7,-1,0,0,0,0,0,0,1,1,-1,6,2,29,6,998,1,7,TOYOTA AYGO,-1,-1,0,-1
2024401536729,2024,401536729,2,9,0,-1,4,1,5,-1,0,0,0,0,0,0,1,1,-1,6,1,23,5,998,1,12,TOYOTA AYGO,2,E01011041,0,5
2024631421492,2024,631421492,1,9,0,-1,19,5,2,-1,0,0,1,4,1,10,1,1,-1,6,2,47,8,998,1,8,TOYOTA AYGO,6,W01000628,0,4
2024440334770,2024,440334770,2,9,0,18,19,6,2,0,0,8,0,0,1,0,1,1,6,6,2,67,10,998,1,10,TOYOTA AYGO,1,E01017250,0,3
2024531473175,2024,531473175,1,9,0,-1,9,7,3,-1,0,4,0,0,0,0,1,1,-1,9,2,32,6,998,1,10,TOYOTA AYGO,6,E01014989,0,2
2024302401340,2024,302401340,1,9,0,18,19,1,5,0,0,0,0,0,0,0,1,1,6,6,2,19,4,998,1,17,TOYOTA AYGO,1,E01019761,0,1
2024522402240,2024,522402240,1,9,0,18,19,5,1,0,0,4,0,0,0,0,1,1,6,6,1,29,6,998,1,6,TOYOTA AYGO,5,E01035222,0,1
2024221506406,2024,221506406,1,9,0,-1,5,5,1,-1,0,4,0,0,1,2,1,1,-1,6,2,56,9,998,1,9,TOYOTA AYGO,2,E01032464,0,1
2024131502560,2024,131502560,1,9,0,-1,-1,-1,-1,-1,-1,-1,-1,-1,-1,-1,-1,1,-1,6,3,-1,-1,998,1,14,TOYOTA AYGO,-1,-1,0,-1
202454F128424,2024,54F128424,2,9,0,18,19,8,4,0,0,0,0,0,0,0,1,1,6,6,2,63,9,998,1,8,TOYOTA AYGO,7,E01015552,0,1
2024471418829,2024,471418829,1,9,0,-1,5,5,1,-1,0,4,0,0,0,0,3,1,-1,6,1,20,4,998,1,2,TOYOTA AYGO,3,E01020927,0,1
2024471506541,2024,471506541,2,9,0,-1,19,6,2,-1,0,8,0,0,0,0,1,1,-1,9,2,77,11,998,1,0,TOYOTA AYGO,5,E01020936,0,2
2024070516759,2024,070516759,1,9,0,16,19,1,5,0,0,0,0,0,0,0,3,1,6,6,2,82,11,998,1,14,TOYOTA AYGO,7,E01018335,0,2
2024010500112,2024,010500112,1,9,0,18,19,7,3,0,0,1,0,0,0,0,1,1,6,6,2,47,8,998,1,15,TOYOTA AYGO,5,E01001718,0,1
2024520003130,2024,520003130,2,9,0,17,19,-1,-1,0,0,0,0,0,0,0,1,1,1,1,2,27,6,998,1,4,TOYOTA AYGO,-1,-1,0,-1
2024471441808,2024,471441808,3,9,0,-1,19,5,1,-1,0,0,0,0,0,0,3,1,-1,9,2,49,8,998,1,2,TOYOTA AYGO,1,E01016908,0,1
2024991486909,2024,991486909,2,9,0,-1,2,0,0,-1,0,0,0,0,0,0,2,1,-1,6,-1,-1,-1,998,1,12,TOYOTA AYGO,-1,-1,0,-1
2024461440487,2024,461440487,2,9,0,-1,19,3,6,-1,0,0,0,0,0,0,4,1,-1,9,2,46,8,998,1,7,TOYOTA AYGO,8,E01024652,0,1
2024201493039,2024,201493039,1,9,0,-1,19,8,4,-1,0,8,0,0,0,0,1,1,-1,6,1,-1,-1,998,1,17,TOYOTA AYGO,-1,-1,0,-1
2024552400894,2024,552400894,1,9,0,13,13,4,8,0,0,0,1,0,1,4,3,1,6,6,1,43,7,998,1,12,TOYOTA AYGO,9,E01015360,0,4
2024461518842,2024,461518842,2,9,0,-1,19,3,7,-1,0,1,1,0,0,0,4,1,-1,9,1,65,9,998,1,15,TOYOTA AYGO,4,E01024132,0,1
2024471434684,2024,471434684,2,9,0,-1,5,3,1,-1,0,1,0,0,0,0,1,1,-1,6,2,27,6,998,1,6,TOYOTA AYGO,1,E01020993,0,4
2024211447866,2024,211447866,1,9,0,-1,7,8,4,-1,0,5,0,0,0,0,3,2,-1,9,2,26,6,998,1,16,TOYOTA AYGO,2,E01032896,0,1
2024471447104,2024,471447104,1,9,0,-1,3,4,8,-1,0,1,0,0,0,0,2,1,-1,2,2,33,6,998,1,17,TOYOTA AYGO,4,E01031585,0,1
2024991474544,2024,991474544,2,9,0,-1,9,4,1,-1,0,5,0,0,0,0,2,1,-1,9,2,52,8,998,1,15,TOYOTA AYGO,-1,-1,0,-1
2024461445648,2024,461445648,1,9,0,-1,1,5,1,-1,0,0,0,0,0,0,2,1,-1,6,2,79,11,998,1,1,TOYOTA AYGO,-1,-1,0,-1
2024471398919,2024,471398919,2,9,0,-1,10,8,4,-1,0,0,0,0,0,0,2,1,-1,2,2,28,6,998,1,5,TOYOTA AYGO,4,E01031608,0,1
2024101501613,2024,101501613,1,9,0,-1,1,7,3,-1,9,0,0,0,0,0,2,1,-1,6,2,67,10,998,1,9,TOYOTA AYGO,6,E01027358,0,1
2024161486132,2024,161486132,1,9,0,-1,19,3,5,-1,0,1,0,0,0,0,2,1,-1,6,2,39,7,998,1,11,TOYOTA AYGO,1,E01012849,0,1
2024131476678,2024,131476678,2,9,0,-1,9,5,3,-1,0,6,0,0,0,0,1,1,-1,6,2,25,5,998,1,4,TOYOTA AYGO,7,E01011276,0,2
2024302401376,2024,302401376,1,9,0,9,9,4,1,0,0,8,0,0,0,0,3,1,6,6,2,53,8,998,1,13,TOYOTA AYGO,4,E01019809,0,3
2024131413122,2024,131413122,2,9,0,-1,7,5,1,-1,0,1,0,0,0,0,0,1,-1,6,1,34,6,998,1,15,TOYOTA AYGO,2,E01011813,0,1
2024461521400,2024,461521400,1,9,0,-1,4,6,1,-1,0,0,0,0,0,0,2,1,-1,6,2,27,6,998,1,12,TOYOTA AYGO,5,E01032823,0,1
2024421484114,2024,421484114,2,9,0,-1,5,6,2,-1,0,4,0,0,0,0,1,1,-1,9,1,35,6,998,1,12,TOYOTA AYGO,5,E01024181,0,4
2024451426395,2024,451426395,1,9,0,-1,12,5,1,-1,0,4,0,0,0,0,3,1,-1,1,1,27,6,998,1,1,TOYOTA AYGO,8,E01030951,0,1
2024131405734,2024,131405734,1,9,0,-1,19,1,5,-1,0,0,0,0,0,0,3,1,-1,2,2,28,6,998,1,10,TOYOTA AYGO,8,E01032488,0,4
2024421416960,2024,421416960,3,9,0,-1,10,5,1,-1,0,1,0,0,0,0,2,1,-1,9,1,68,10,998,1,2,TOYOTA AYGO,-1,-1,0,-1
2024461399762,2024,461399762,2,9,0,-1,19,6,2,-1,0,1,0,0,0,0,1,9,-1,6,2,29,6,998,1,18,TOYOTA AYGO,8,E01024015,0,2
2024461405280,2024,461405280,4,9,0,-1,3,2,6,-1,0,0,0,0,0,0,2,1,-1,6,1,19,4,998,1,9,TOYOTA AYGO,10,E01032827,0,1
2024161412135,2024,161412135,2,9,0,-1,4,4,8,-1,0,0,0,0,0,0,2,1,-1,6,1,82,11,998,1,15,TOYOTA AYGO,9,E01035475,0,2
2024010532069,2024,010532069,2,9,0,99,99,9,9,99,99,9,9,99,9,99,1,9,6,6,3,-1,-1,998,1,10,TOYOTA AYGO,3,E01034608,0,1
2024041535802,2024,041535802,1,9,0,-1,12,1,3,-1,0,0,0,11,1,0,4,1,-1,2,2,19,4,998,1,16,TOYOTA AYGO,2,E01012573,0,2
2024161434261,2024,161434261,1,9,0,-1,4,5,1,-1,0,0,0,0,0,0,2,9,-1,6,2,33,6,998,1,7,TOYOTA AYGO,3,E01012913,0,1
2024501504727,2024,501504727,2,9,0,-1,19,7,3,-1,0,1,0,0,0,0,3,1,-1,2,2,37,7,998,1,12,TOYOTA AYGO,7,E01015107,0,1
2024010541374,2024,010541374,1,9,0,18,19,3,7,0,0,1,0,0,0,0,1,1,6,6,2,84,11,998,1,11,TOYOTA AYGO,6,E01002327,0,1
2024461427017,2024,461427017,1,9,0,-1,19,1,3,-1,0,0,0,0,0,0,1,9,-1,2,2,62,9,998,1,1,TOYOTA AYGO,7,E01016139,0,1
2024991394464,2024,991394464,1,9,0,-1,19,7,3,-1,0,0,0,0,0,0,1,1,-1,9,2,23,5,998,1,3,TOYOTA AYGO,6,-1,0,1
2024440071016,2024,440071016,1,9,0,18,19,3,7,0,0,8,0,0,0,0,3,1,6,6,1,18,4,998,1,10,TOYOTA AYGO,8,E01022703,0,2
2024471430956,2024,471430956,1,9,0,-1,3,2,6,-1,0,1,0,0,0,0,4,1,-1,9,2,38,7,998,1,10,TOYOTA AYGO,3,E01031492,0,1
2024302500268,2024,302500268,1,9,0,-1,9,1,7,-1,0,0,0,0,0,0,3,1,-1,1,1,37,7,998,1,8,TOYOTA AYGO,-1,-1,0,-1