collision_index,collision_year,collision_ref_no,vehicle_reference,vehicle_type,towing_and_articulation,vehicle_manoeuvre_historic,vehicle_manoeuvre,vehicle_direction_from,vehicle_direction_to,vehicle_location_restricted_lane_historic,vehicle_location_restricted_lane,junction_location,skidding_and_overturning,hit_object_in_carriageway,vehicle_leaving_carriageway,hit_object_off_carriageway,first_point_of_impact,vehicle_left_hand_drive,journey_purpose_of_driver_historic,journey_purpose_of_driver,sex_of_driver,age_of_driver,age_band_of_driver,engine_capacity_cc,propulsion_code,age_of_vehicle,generic_make_model,driver_imd_decile,lsoa_of_driver,escooter_flag,driver_distance_banding
2024122400676,2024,122400676,1,9,0,16,19,5,1,0,0,2,0,7,7,0,1,1,6,6,2,34,6,998,1,6,TOYOTA AYGO,10,E01027855,0,1
2024991416987,2024,991416987,2,9,0,-1,19,5,1,-1,0,8,0,0,7,0,4,9,-1,6,2,67,10,998,1,3,TOYOTA AYGO,3,-1,0,1
2024451491401,2024,451491401,1,9,0,-1,9,3,3,-1,0,5,0,0,0,0,3,1,-1,7,1,21,5,998,1,1,TOYOTA AYGO,9,E01030568,0,3
2024161459252,2024,161459252,1,9,0,-1,19,5,1,-1,0,0,0,0,0,0,4,9,-1,6,1,37,7,998,1,5,TOYOTA AYGO,9,E01035480,0,2
2024340WN1262,2024,340WN1262,3,9,0,-1,19,8,4,-1,0,0,0,0,0,0,0,1,-1,1,1,26,6,998,1,4,TOYOTA AYGO,8,E01027004,0,2
2024041518360,2024,041518360,1,9,0,-1,19,1,5,-1,0,8,0,0,0,0,1,1,-1,9,1,66,10,998,1,11,TOYOTA AYGO,3,W01000750,0,5
2024522402603,2024,522402603,3,9,0,2,2,0,0,0,0,1,0,0,0,0,1,1,6,6,3,-1,-1,998,1,8,TOYOTA AYGO,-1,-1,0,-1
2024531455656,2024,531455656,1,9,0,-1,9,7,3,-1,0,6,0,0,0,0,3,1,-1,2,1,51,8,998,1,5,TOYOTA AYGO,8,E01022413,0,1
2024401476511,2024,401476511,1,9,0,-1,19,3,7,-1,0,8,0,0,0,0,1,1,-1,6,1,37,7,998,1,15,TOYOTA AYGO,4,E01015724,0,1
2024991511918,2024,991511918,1,9,0,-1,19,1,5,-1,0,0,0,4,0,0,1,1,-1,6,1,88,11,998,1,14,TOYOTA AYGO,7,-1,0,1
2024501505096,2024,501505096,2,9,9,-1,4,1,5,-1,0,1,9,0,0,0,2,9,-1,6,1,70,10,998,1,3,TOYOTA AYGO,7,E01015035,0,1
2024161474706,2024,161474706,1,9,0,-1,7,6,8,-1,0,1,0,0,0,0,0,1,-1,6,1,44,7,998,1,15,TOYOTA AYGO,1,E01035468,0,1
2024052400739,2024,052400739,2,9,0,18,19,7,3,0,0,0,0,0,0,0,1,1,6,6,1,25,5,998,1,1,TOYOTA AYGO,3,E01007058,0,3
2024010508918,2024,010508918,2,9,0,2,2,0,0,0,0,0,0,0,0,0,3,1,6,6,3,-1,-1,998,1,11,TOYOTA AYGO,-1,-1,0,-1
2024991423689,2024,991423689,1,9,0,-1,19,4,8,-1,0,0,0,0,0,0,1,1,-1,9,1,37,7,998,1,10,TOYOTA AYGO,1,-1,0,2
2024531440451,2024,531440451,2,9,0,-1,19,7,3,-1,0,1,0,0,0,0,2,1,-1,6,2,20,4,998,1,14,TOYOTA AYGO,6,E01022175,0,3
2024010540960,2024,010540960,2,9,0,7,7,3,5,0,0,1,0,0,0,0,1,1,6,6,1,24,5,998,1,1,TOYOTA AYGO,7,E01002298,0,2
2024461490145,2024,461490145,2,9,0,-1,3,1,5,-1,0,0,0,0,0,0,4,9,-1,9,1,17,4,998,1,13,TOYOTA AYGO,9,E01024106,0,2
2024991438935,2024,991438935,1,9,0,-1,19,8,4,-1,0,0,0,0,4,4,1,1,-1,2,2,34,6,998,1,16,TOYOTA AYGO,9,-1,0,2
2024302400578,2024,302400578,1,9,0,18,19,3,7,0,0,0,0,0,0,0,1,1,6,6,2,20,4,998,1,14,TOYOTA AYGO,2,E01013588,0,2
2024010516549,2024,010516549,2,9,0,18,19,7,3,0,0,1,1,0,3,11,1,1,6,6,2,66,10,998,1,7,TOYOTA AYGO,4,E01001297,0,1
2024501500330,2024,501500330,1,9,0,-1,19,3,7,-1,0,0,0,0,0,0,4,1,-1,6,1,52,8,998,1,15,TOYOTA AYGO,2,E01018999,0,2
2024471484775,2024,471484775,1,9,0,-1,3,5,8,-1,0,1,9,0,0,0,2,1,-1,2,2,34,6,998,1,8,TOYOTA AYGO,9,E01021056,0,2
2024161488100,2024,161488100,1,9,0,-1,4,8,4,-1,0,0,0,4,0,0,3,1,-1,6,2,85,11,998,1,9,TOYOTA AYGO,7,E01013167,0,1
2024991433330,2024,991433330,2,9,0,-1,3,6,2,-1,0,8,0,0,0,0,2,1,-1,1,2,61,9,998,1,6,TOYOTA AYGO,1,-1,0,3
2024320090502,2024,320090502,1,9,0,-1,-1,6,2,0,0,0,2,0,7,9,1,1,-1,-1,1,18,4,998,1,18,TOYOTA AYGO,-1,-1,0,-1
2024320114070,2024,320114070,2,9,0,2,2,0,0,0,0,0,0,0,0,0,1,1,6,6,1,20,4,998,1,7,TOYOTA AYGO,10,E01026364,0,2
2024061492051,2024,061492051,2,9,0,-1,2,0,0,-1,0,0,0,0,0,0,2,1,-1,6,-1,-1,-1,998,1,16,TOYOTA AYGO,-1,-1,0,-1
2024501433812,2024,501433812,2,9,0,-1,5,6,2,-1,0,0,0,0,0,0,2,9,-1,6,2,19,4,998,1,9,TOYOTA AYGO,3,E01015056,0,1
2024302400249,2024,302400249,1,9,0,18,19,1,5,0,0,1,0,0,0,0,0,1,6,6,2,22,5,998,1,11,TOYOTA AYGO,1,E01032898,0,3
2024141472629,2024,141472629,1,9,0,-1,9,2,8,-1,0,8,0,0,7,0,2,1,-1,1,1,56,9,998,1,1,TOYOTA AYGO,7,E01007477,0,1
2024010509900,2024,010509900,1,9,0,5,5,7,3,0,0,8,0,10,0,0,1,1,6,6,2,55,8,998,1,4,TOYOTA AYGO,5,E01002682,0,1
2024141462845,2024,141462845,2,9,0,-1,19,1,5,-1,0,1,1,10,0,0,1,1,-1,6,2,26,6,998,1,17,TOYOTA AYGO,1,E01007318,0,3
2024421431318,2024,421431318,2,9,0,-1,19,1,5,-1,0,0,0,0,0,0,0,1,-1,9,2,61,9,998,1,14,TOYOTA AYGO,5,E01021901,0,1
2024461497576,2024,461497576,1,9,0,-1,19,7,3,-1,0,0,0,0,0,0,1,2,-1,2,1,48,8,998,1,11,TOYOTA AYGO,7,E01024003,0,4
2024061511493,2024,061511493,1,9,0,-1,19,8,4,-1,0,8,0,0,7,10,4,1,-1,9,2,17,4,998,1,11,TOYOTA AYGO,10,E01005792,0,3
2024340NN3022,2024,340NN3022,1,9,0,-1,19,1,5,-1,0,3,0,11,2,7,1,1,-1,9,1,83,11,998,1,7,TOYOTA AYGO,7,E01017491,0,4
2024471478118,2024,471478118,3,9,0,-1,2,0,0,-1,0,0,0,0,0,0,4,1,-1,6,-1,-1,-1,998,1,9,TOYOTA AYGO,-1,-1,0,-1
2024061536404,2024,061536404,1,9,0,-1,9,7,5,-1,0,2,0,0,0,0,1,1,-1,6,2,27,6,998,1,9,TOYOTA AYGO,-1,-1,0,-1
2024101564105,2024,101564105,1,9,0,-1,19,5,1,-1,0,8,0,0,3,1,4,1,-1,6,1,25,5,998,1,15,TOYOTA AYGO,1,E01008839,0,1
2024430064886,2024,430064886,2,9,0,18,19,4,8,0,0,8,0,0,0,0,1,1,6,6,3,20,4,998,1,7,TOYOTA AYGO,-1,-1,0,-1
2024401471945,2024,401471945,2,9,0,-1,3,5,1,-1,0,8,0,0,0,0,2,1,-1,9,2,46,8,998,1,6,TOYOTA AYGO,8,E01015799,0,1
2024461495017,2024,461495017,2,9,0,-1,19,3,7,-1,0,8,0,0,0,0,1,1,-1,9,2,35,6,998,1,16,TOYOTA AYGO,6,E01024589,0,4
2024421497686,2024,421497686,1,9,0,-1,9,1,3,-1,0,5,0,0,0,0,1,1,-1,6,2,73,10,998,1,0,TOYOTA AYGO,2,E01015851,0,1
202454E389524,2024,54E389524,2,9,0,17,19,2,6,0,0,1,0,0,7,9,1,1,1,1,2,21,5,998,1,11,TOYOTA AYGO,6,E01032082,0,1
2024111406622,2024,111406622,1,9,0,-1,19,5,1,-1,0,0,5,0,7,0,1,1,-1,1,1,32,6,998,1,15,TOYOTA AYGO,8,E01034493,0,1
2024461413266,2024,461413266,2,9,0,-1,19,3,7,-1,0,1,0,0,0,0,2,9,-1,6,2,43,7,998,1,9,TOYOTA AYGO,3,E01024622,0,2
2024520403269,2024,520403269,3,9,0,18,19,3,7,0,0,1,0,0,1,0,1,1,6,6,2,25,5,998,1,7,TOYOTA AYGO,8,E01029033,0,2
2024302400044,2024,302400044,3,9,0,16,19,4,7,0,0,0,0,4,0,0,1,1,6,6,1,80,11,998,1,4,TOYOTA AYGO,9,E01019659,0,2
2024201435513,2024,201435513,1,9,0,-1,12,7,3,-1,0,3,1,10,0,0,2,9,-1,2,2,25,5,998,1,13,TOYOTA AYGO,2,E01034931,0,1
2024522402923,2024,522402923,1,9,0,9,9,8,6,0,0,5,0,0,0,0,1,1,6,6,2,33,6,998,1,18,TOYOTA AYGO,5,E01014548,0,1
2024421405066,2024,421405066,2,9,0,-1,19,5,1,-1,0,0,0,0,0,0,4,1,-1,2,2,26,6,998,1,17,TOYOTA AYGO,-1,-1,0,-1
2024201474262,2024,201474262,2,9,0,-1,3,2,6,-1,0,0,0,0,0,0,3,1,-1,6,2,33,6,998,1,17,TOYOTA AYGO,-1,-1,0,-1
2024010540182,2024,010540182,1,9,0,18,19,5,1,0,0,8,0,0,0,0,1,1,6,6,1,63,9,998,1,1,TOYOTA AYGO,7,E01002261,0,1
2024221513919,2024,221513919,3,9,0,-1,19,3,7,-1,0,0,0,0,0,0,1,9,-1,9,1,79,11,998,1,9,TOYOTA AYGO,4,E01028876,0,1
2024371536370,2024,371536370,1,9,0,-1,9,5,7,-1,0,1,0,0,0,0,1,1,-1,9,1,89,11,998,1,9,TOYOTA AYGO,2,E01029987,0,1
2024471515964,2024,471515964,2,9,0,-1,5,8,4,-1,0,4,0,0,0,0,2,1,-1,6,1,41,7,998,1,4,TOYOTA AYGO,4,E01031576,0,1
2024361437403,2024,361437403,1,9,0,-1,19,4,8,-1,0,2,0,0,0,0,4,1,-1,2,1,48,8,998,1,6,TOYOTA AYGO,4,E01026831,0,1
2024430016933,2024,430016933,2,9,0,18,19,8,4,0,0,0,2,0,1,0,1,1,2,2,1,31,6,998,1,6,TOYOTA AYGO,3,E01028577,0,2
2024010520540,2024,010520540,2,9,0,18,19,1,5,0,0,8,0,0,0,0,1,1,6,6,1,20,4,998,1,13,TOYOTA AYGO,10,E01001104,0,2
2024991393972,2024,991393972,1,9,0,-1,19,2,6,-1,0,1,0,0,0,0,4,1,-1,9,2,64,9,998,1,1,TOYOTA AYGO,9,-1,0,1
2024211519750,2024,211519750,1,9,0,-1,19,3,7,-1,0,0,0,0,0,0,1,1,-1,6,2,19,4,998,1,7,TOYOTA AYGO,10,E01034051,0,3
2024041530412,2024,041530412,1,9,0,-1,19,5,1,-1,0,0,1,0,1,4,4,1,-1,9,2,45,7,998,1,16,TOYOTA AYGO,4,E01024998,0,3
2024552400480,2024,552400480,1,9,0,7,7,1,3,0,0,6,0,0,0,0,3,1,6,6,2,83,11,998,1,17,TOYOTA AYGO,4,E01015390,0,1
2024041428526,2024,041428526,1,9,0,-1,19,7,3,-1,0,8,1,0,1,0,3,1,-1,6,2,85,11,998,1,10,TOYOTA AYGO,10,E01025019,0,1
2024332400881,2024,332400881,1,9,0,-1,5,7,3,-1,0,6,0,0,0,0,1,1,-1,1,2,45,7,998,1,1,TOYOTA AYGO,1,E01025699,0,3
2024340NN0832,2024,340NN0832,2,9,0,-1,19,3,7,-1,0,4,0,0,0,0,1,1,-1,9,2,28,6,998,1,16,TOYOTA AYGO,9,E01033508,0,4
2024131405741,2024,131405741,2,9,0,-1,2,0,0,-1,0,8,0,0,2,11,2,1,-1,6,-1,-1,-1,998,1,17,TOYOTA AYGO,-1,-1,0,-1
2024041457670,2024,041457670,1,9,0,-1,19,7,3,-1,0,1,0,0,0,0,1,2,-1,6,2,20,4,998,1,14,TOYOTA AYGO,4,E01025201,0,4
2024041512746,2024,041512746,1,9,0,-1,19,5,1,-1,0,0,5,0,1,1,1,1,-1,1,1,29,6,998,1,16,TOYOTA AYGO,1,E01024895,0,2
2024440382743,2024,440382743,2,9,0,18,19,3,7,0,0,0,0,0,0,0,3,1,6,6,1,69,10,998,1,2,TOYOTA AYGO,8,E01017811,0,4
2024131523094,2024,131523094,1,9,0,-1,9,4,2,-1,0,6,0,0,0,0,1,1,-1,9,2,58,9,998,1,8,TOYOTA AYGO,8,E01011350,0,1
2024471486540,2024,471486540,2,9,0,-1,19,4,8,-1,0,0,0,0,0,0,2,1,-1,6,1,57,9,998,1,7,TOYOTA AYGO,7,E01021170,0,3
2024061418450,2024,061418450,2,9,0,-1,4,3,7,-1,0,0,0,0,0,0,3,1,-1,2,2,21,5,998,1,3,TOYOTA AYGO,10,E01005739,0,1
2024201407480,2024,201407480,2,9,0,-1,19,6,2,-1,0,1,0,0,0,0,1,1,-1,6,1,44,7,998,1,8,TOYOTA AYGO,1,E01009965,0,1
2024231505528,2024,231505528,2,9,0,-1,19,3,7,-1,0,8,0,0,0,0,3,1,-1,9,2,29,6,998,1,16,TOYOTA AYGO,2,E01031044,0,1
2024101449075,2024,101449075,1,9,0,-1,7,2,2,-1,0,4,0,0,0,0,1,1,-1,6,2,37,7,998,1,11,TOYOTA AYGO,3,E01008865,0,1
2024010504546,2024,010504546,2,9,0,99,99,9,9,99,99,9,9,99,9,99,1,9,6,6,2,62,9,998,1,5,TOYOTA AYGO,6,E01002347,0,2
2024101416534,2024,101416534,2,9,0,-1,3,5,1,-1,0,0,1,0,0,0,2,1,-1,6,2,79,11,998,1,8,TOYOTA AYGO,6,E01008687,0,1
2024221513138,2024,221513138,2,9,0,-1,4,6,2,-1,0,8,0,0,0,0,2,9,-1,6,2,63,9,998,1,3,TOYOTA AYGO,7,E01009805,0,3
2024421522833,2024,421522833,1,9,0,-1,9,5,7,-1,0,6,0,0,0,0,3,1,-1,9,2,78,11,998,1,13,TOYOTA AYGO,4,E01021984,0,1
2024141502138,2024,141502138,1,9,0,-1,19,1,5,-1,0,0,0,0,1,5,1,1,-1,2,2,20,4,998,1,5,TOYOTA AYGO,7,E01007399,0,1
202417L211124,2024,17L211124,1,9,0,-1,19,2,6,-1,0,0,0,0,0,0,1,1,-1,2,1,43,7,998,1,9,TOYOTA AYGO,6,E01012152,0,1
2024440559140,2024,440559140,1,9,0,18,19,6,2,0,0,1,0,0,0,0,1,1,6,6,1,62,9,998,1,13,TOYOTA AYGO,2,E01023119,0,1
2024010500968,2024,010500968,2,9,9,99,99,9,9,99,99,9,9,99,9,99,9,9,6,6,3,-1,-1,998,1,13,TOYOTA AYGO,-1,-1,0,-1
2024421399796,2024,421399796,1,9,0,-1,19,8,4,-1,0,0,0,0,0,0,1,1,-1,9,2,47,8,998,1,16,TOYOTA AYGO,6,E01021539,0,2
2024361476592,2024,361476592,2,9,0,-1,10,5,1,-1,0,3,0,0,0,0,2,1,-1,9,2,18,4,998,1,9,TOYOTA AYGO,4,E01026884,0,4
2024010530800,2024,010530800,1,9,0,6,6,3,3,0,0,2,0,0,0,0,0,1,6,6,2,51,8,998,1,10,TOYOTA AYGO,2,E01000603,0,1
2024451460166,2024,451460166,1,9,0,-1,19,-1,-1,-1,0,6,0,0,0,0,1,9,-1,6,2,79,11,998,1,15,TOYOTA AYGO,6,E01030649,0,1
2024010501537,2024,010501537,4,9,0,18,19,1,5,0,0,0,0,0,0,0,1,1,6,6,1,18,4,998,1,17,TOYOTA AYGO,5,E01014065,0,5
2024041443327,2024,041443327,1,9,0,-1,19,2,6,-1,0,0,0,0,0,0,1,1,-1,9,1,29,6,998,1,16,TOYOTA AYGO,1,E01033226,0,1
2024201503802,2024,201503802,2,9,0,-1,5,2,6,-1,0,6,0,0,0,0,1,1,-1,6,1,51,8,998,1,11,TOYOTA AYGO,1,E01008966,0,1
2024052402049,2024,052402049,1,9,0,18,19,5,1,0,0,4,0,0,0,0,1,1,6,6,2,22,5,998,1,6,TOYOTA AYGO,9,E01025512,0,2
2024010506092,2024,010506092,2,9,0,3,3,5,1,0,0,0,0,0,0,0,2,2,6,6,1,64,9,998,1,7,TOYOTA AYGO,10,E01024404,0,4
2024122400457,2024,122400457,1,9,0,18,19,6,2,0,0,1,1,0,2,11,4,1,6,6,1,67,10,998,1,5,TOYOTA AYGO,10,E01027641,0,2
2024101396959,2024,101396959,1,9,0,-1,19,3,7,-1,0,2,0,0,0,0,1,1,-1,9,1,27,6,998,1,4,TOYOTA AYGO,4,E01008675,0,1
2024010500521,2024,010500521,1,9,0,7,7,7,1,0,0,5,0,0,0,0,2,1,1,1,1,41,7,998,1,6,TOYOTA AYGO,7,E01030659,0,4
2024141406999,2024,141406999,5,9,0,-1,19,1,5,-1,0,0,0,0,0,0,3,1,-1,6,1,23,5,998,1,2,TOYOTA AYGO,7,E01028023,0,4
2024430334080,2024,430334080,1,9,0,9,9,3,1,0,0,6,0,0,0,0,3,1,6,6,2,33,6,998,1,18,TOYOTA AYGO,10,E01016596,0,4
2024430259400,2024,430259400,2,9,0,9,9,4,2,0,0,8,0,0,0,0,2,1,6,6,2,78,11,998,1,2,TOYOTA AYGO,-1,-1,0,-1
2024430370838,2024,430370838,1,9,0,18,19,5,1,0,0,0,0,0,0,0,1,1,6,6,2,-1,-1,998,1,15,TOYOTA AYGO,-1,-1,0,-1
2024351424586,2024,351424586,1,9,0,-1,19,5,1,-1,0,0,1,11,1,10,1,1,-1,1,1,21,5,998,1,16,TOYOTA AYGO,7,E01018168,0,3
2024520001145,2024,520001145,1,9,0,18,19,8,4,0,0,0,0,0,1,11,1,1,6,6,2,18,4,998,1,1,TOYOTA AYGO,6,E01014399,0,3
2024461453634,2024,461453634,4,9,0,-1,19,3,7,-1,0,0,0,0,0,0,2,1,-1,6,2,39,7,998,1,6,TOYOTA AYGO,9,E01000759,0,4
2024548920724,2024,548920724,1,9,0,18,19,3,7,0,0,0,0,0,0,0,1,1,6,6,2,67,10,998,1,9,TOYOTA AYGO,10,E01029030,0,1
2024061513245,2024,061513245,2,9,-1,-1,-1,-1,-1,-1,-1,0,-1,-1,-1,0,-1,9,-1,6,3,-1,-1,998,1,6,TOYOTA AYGO,-1,-1,0,-1
2024052402155,2024,052402155,1,9,0,4,4,2,6,0,0,1,0,0,0,0,1,1,6,6,2,23,5,998,1,17,TOYOTA AYGO,2,E01006722,0,1
2024311450853,2024,311450853,1,9,0,-1,19,7,3,-1,0,2,0,0,0,0,4,9,-1,9,2,66,10,998,1,12,TOYOTA AYGO,8,E01028150,0,3
2024302400851,2024,302400851,1,9,0,18,19,6,2,0,0,2,0,0,0,0,1,1,6,6,2,27,6,998,1,1,TOYOTA AYGO,-1,-1,0,-1
2024311494064,2024,311494064,1,9,0,-1,19,1,5,-1,0,1,0,0,0,0,1,1,-1,2,1,25,5,998,1,5,TOYOTA AYGO,2,E01028313,0,3
2024991473189,2024,991473189,3,9,0,-1,4,7,2,-1,0,0,0,0,0,0,2,1,-1,6,2,30,6,998,1,11,TOYOTA AYGO,9,-1,0,4
2024010521326,2024,010521326,1,9,0,99,99,9,9,99,99,9,9,99,9,99,1,9,6,6,2,28,6,998,1,12,TOYOTA AYGO,4,E01004258,0,1
2024111424098,2024,111424098,1,9,0,-1,19,3,7,-1,0,0,0,0,0,0,1,1,-1,6,2,19,4,998,1,9,TOYOTA AYGO,3,E01020760,0,1
2024440505114,2024,440505114,1,9,0,9,9,1,6,0,0,8,0,0,8,10,4,1,6,6,2,53,8,998,1,17,TOYOTA AYGO,10,E01022892,0,1
2024501535816,2024,501535816,2,9,0,-1,3,5,1,-1,0,0,0,0,0,0,2,9,-1,6,1,76,11,998,1,9,TOYOTA AYGO,8,E01018806,0,1
2024101470348,2024,101470348,1,9,0,-1,12,1,7,-1,0,8,0,0,0,0,1,1,-1,9,1,82,11,998,1,8,TOYOTA AYGO,2,E01020615,0,3
2024052401563,2024,052401563,1,9,0,9,9,5,3,0,0,1,0,0,0,0,1,1,6,6,1,23,5,998,1,6,TOYOTA AYGO,7,E01007242,0,1
2024522401642,2024,522401642,2,9,0,18,19,7,3,0,0,4,0,0,0,0,1,1,6,6,3,-1,-1,998,1,12,TOYOTA AYGO,-1,-1,0,-1
2024010538843,2024,010538843,1,9,0,18,19,7,3,0,0,7,0,7,0,0,1,1,6,6,1,27,6,998,1,6,TOYOTA AYGO,2,E01033146,0,1
2024411459943,2024,411459943,2,9,0,-1,4,7,3,-1,0,0,0,0,0,0,2,9,-1,9,1,19,4,998,1,0,TOYOTA AYGO,5,E01022102,0,5
2024061463801,2024,061463801,2,8,0,-1,4,4,8,-1,0,1,0,0,0,0,2,1,-1,1,1,48,8,998,1,8,TOYOTA AYGO,3,E01004878,0,3
2024201455359,2024,201455359,2,9,0,-1,9,8,6,-1,0,0,0,0,0,0,1,9,-1,6,1,36,7,998,1,6,TOYOTA AYGO,4,E01009868,0,1
2024141399791,2024,141399791,1,9,0,-1,19,3,7,-1,0,8,0,0,0,0,3,1,-1,9,2,75,10,998,1,15,TOYOTA AYGO,6,E01007630,0,2
2024461514055,2024,461514055,1,9,0,-1,19,7,3,-1,0,0,0,0,0,0,1,1,-1,2,1,18,4,998,1,9,TOYOTA AYGO,9,E01024041,0,2
2024471521830,2024,471521830,1,9,0,-1,13,6,2,-1,0,1,0,0,0,0,1,1,-1,9,2,22,5,998,1,8,TOYOTA AYGO,5,E01031771,0,3
2024010538348,2024,010538348,1,9,0,9,9,7,5,0,0,6,0,0,0,0,4,1,3,7,2,54,8,998,1,14,TOYOTA AYGO,2,E01004185,0,1
2024010522109,2024,010522109,1,9,0,99,99,9,9,99,99,9,9,99,9,99,2,9,6,6,1,57,9,998,1,16,TOYOTA AYGO,1,E01003517,0,2
2024991459262,2024,991459262,1,8,0,-1,5,1,5,-1,0,0,0,0,0,0,3,1,-1,1,1,83,11,998,1,13,TOYOTA AYGO,-1,-1,0,-1
2024430014422,2024,430014422,2,9,0,18,19,4,7,0,0,8,0,0,0,0,2,1,6,6,3,48,8,998,1,11,TOYOTA AYGO,3,E01016382,0,4
2024361468452,2024,361468452,1,9,0,-1,19,7,3,-1,0,1,0,0,0,0,1,1,-1,1,2,41,7,998,1,4,TOYOTA AYGO,2,E01026689,0,4
2024131482343,2024,131482343,1,9,0,-1,19,5,1,-1,0,0,0,0,0,0,1,1,-1,9,1,48,8,998,1,8,TOYOTA AYGO,8,E01010904,0,1
2024549677024,2024,549677024,1,9,0,4,4,8,4,0,0,5,0,0,0,0,4,1,2,2,2,25,5,998,1,5,TOYOTA AYGO,5,E01015509,0,1
2024141435771,2024,141435771,1,9,0,-1,4,5,1,-1,0,1,0,0,0,0,1,1,-1,9,2,60,9,998,1,16,TOYOTA AYGO,4,E01007728,0,1
2024471524229,2024,471524229,2,9,0,-1,3,8,4,-1,0,0,0,0,0,0,2,1,-1,2,1,53,8,998,1,12,TOYOTA AYGO,10,E01021023,0,3
2024340NN1412,2024,340NN1412,1,9,0,-1,7,1,3,-1,0,4,0,0,0,0,3,1,-1,2,2,37,7,998,1,2,TOYOTA AYGO,8,E01035397,0,1
2024430513091,2024,430513091,1,9,0,18,19,6,2,0,0,0,0,0,0,0,1,1,2,2,1,25,5,998,1,13,TOYOTA AYGO,9,E01028782,0,3
2024010514923,2024,010514923,2,9,0,2,2,0,0,0,0,1,0,0,0,0,4,1,6,6,3,-1,-1,998,1,10,TOYOTA AYGO,-1,-1,0,-1
2024101499415,2024,101499415,1,9,0,-1,19,1,5,-1,0,0,0,0,0,0,1,1,-1,9,2,62,9,998,1,9,TOYOTA AYGO,6,E01027479,0,1
2024311480358,2024,311480358,1,9,0,-1,5,7,3,-1,0,1,0,0,0,0,1,1,-1,9,2,42,7,998,1,3,TOYOTA AYGO,4,E01028111,0,3
2024161445408,2024,161445408,2,9,0,-1,7,7,1,-1,0,1,0,0,0,0,1,9,-1,6,2,-1,-1,998,1,19,TOYOTA AYGO,-1,-1,0,-1
2024311406099,2024,311406099,1,9,0,-1,9,7,3,-1,0,6,0,0,0,0,1,1,-1,6,2,39,7,998,1,10,TOYOTA AYGO,3,E01028339,0,1
2024101577291,2024,101577291,2,9,0,-1,2,0,0,-1,0,1,0,0,0,0,2,1,-1,6,2,20,4,998,1,9,TOYOTA AYGO,1,E01008400,0,1
2024991526918,2024,991526918,2,9,0,-1,9,4,8,-1,0,6,0,0,6,0,3,1,-1,6,2,56,9,998,1,3,TOYOTA AYGO,6,-1,0,1
2024610046124,2024,610046124,1,9,0,7,7,1,3,9,9,1,1,0,1,1,1,1,6,6,1,18,4,998,1,13,TOYOTA AYGO,2,W01000836,0,4
2024041531430,2024,041531430,1,9,0,-1,14,1,5,-1,0,1,0,0,0,0,4,1,-1,9,2,62,9,998,1,14,TOYOTA AYGO,1,E01012670,0,1
2024061522458,2024,061522458,2,9,0,-1,19,5,1,-1,0,0,0,0,0,0,3,1,-1,6,2,84,11,998,1,5,TOYOTA AYGO,7,E01005414,0,1
2024471395201,2024,471395201,2,9,0,-1,9,3,1,-1,0,8,0,0,0,0,1,1,-1,6,2,-1,-1,998,1,18,TOYOTA AYGO,9,E01021175,0,2
2024010515946,2024,010515946,2,9,0,99,99,9,9,99,99,1,9,99,9,99,1,9,6,6,1,22,5,998,1,3,TOYOTA AYGO,3,E01003573,0,1
2024041428897,2024,041428897,2,9,0,-1,8,7,1,-1,0,0,0,0,0,0,2,1,-1,9,1,53,8,998,1,17,TOYOTA AYGO,5,E01025228,0,1
2024361509536,2024,361509536,3,9,0,-1,5,-1,-1,-1,0,1,0,0,0,0,2,1,-1,2,2,68,10,998,1,1,TOYOTA AYGO,6,E01030052,0,4
2024622400051,2024,622400051,1,9,0,18,19,4,8,0,0,1,0,0,0,0,1,1,6,6,2,48,8,998,1,7,TOYOTA AYGO,2,W01000811,0,1
2024010547652,2024,010547652,2,9,9,99,99,9,9,99,99,6,9,99,9,99,9,9,6,6,3,-1,-1,998,1,6,TOYOTA AYGO,-1,-1,0,-1
2024131394504,2024,131394504,1,9,0,-1,4,1,5,-1,0,0,0,0,0,0,2,1,-1,9,1,27,6,998,1,10,TOYOTA AYGO,7,E01011329,0,2
2024070226333,2024,070226333,1,9,0,4,4,2,6,0,0,0,0,0,0,0,1,1,6,6,3,-1,-1,998,1,10,TOYOTA AYGO,-1,-1,0,-1
2024010511490,2024,010511490,2,9,0,9,9,4,1,0,0,3,0,0,0,0,3,1,6,6,2,23,5,998,1,8,TOYOTA AYGO,3,E01003263,0,1
2024421507189,2024,421507189,2,9,0,-1,4,2,6,-1,0,2,0,0,0,0,2,1,-1,6,1,39,7,998,1,18,TOYOTA AYGO,4,E01015891,0,3
2024031494393,2024,031494393,2,9,-1,-1,4,5,1,-1,0,0,0,0,0,0,2,9,-1,6,2,75,10,998,1,9,TOYOTA AYGO,-1,-1,0,-1
2024131463270,2024,131463270,1,9,0,-1,7,2,4,-1,0,4,1,0,1,1,3,1,-1,6,2,37,7,998,1,16,TOYOTA AYGO,3,E01010670,0,1
2024131495864,2024,131495864,1,9,0,-1,19,6,2,-1,0,0,0,0,0,0,4,1,-1,6,2,29,6,998,1,2,TOYOTA AYGO,4,E01011799,0,1
2024141547246,2024,141547246,1,9,0,-1,19,5,1,-1,0,1,0,0,0,0,1,9,-1,6,2,30,6,998,1,13,TOYOTA AYGO,8,E01007792,0,1
2024522402110,2024,522402110,1,9,0,5,5,4,2,0,0,6,0,0,0,0,1,1,6,6,2,21,5,998,1,8,TOYOTA AYGO,7,E01014910,0,1