collision_index,collision_year,collision_ref_no,vehicle_reference,vehicle_type,towing_and_articulation,vehicle_manoeuvre_historic,vehicle_manoeuvre,vehicle_direction_from,vehicle_direction_to,vehicle_location_restricted_lane_historic,vehicle_location_restricted_lane,junction_location,skidding_and_overturning,hit_object_in_carriageway,vehicle_leaving_carriageway,hit_object_off_carriageway,first_point_of_impact,vehicle_left_hand_drive,journey_purpose_of_driver_historic,journey_purpose_of_driver,sex_of_driver,age_of_driver,age_band_of_driver,engine_capacity_cc,propulsion_code,age_of_vehicle,generic_make_model,driver_imd_decile,lsoa_of_driver,escooter_flag,driver_distance_banding
2024041488766,2024,041488766,2,9,0,-1,19,3,7,-1,0,1,0,0,0,0,3,1,-1,9,2,55,8,998,1,8,TOYOTA AYGO,5,E01025098,0,1
2024351422867,2024,351422867,1,9,0,-1,19,4,8,-1,0,0,1,0,7,4,1,1,-1,6,1,23,5,998,1,11,TOYOTA AYGO,9,E01018008,0,4
2024010515497,2024,010515497,2,9,0,99,99,9,9,99,99,9,9,99,9,99,1,9,6,6,3,-1,-1,998,1,10,TOYOTA AYGO,2,E01000045,0,1
2024471425049,2024,471425049,1,9,0,-1,3,8,3,-1,0,1,0,0,0,0,2,1,-1,2,2,38,7,998,1,10,TOYOTA AYGO,2,E01031783,0,2
2024061510443,2024,061510443,1,9,0,-1,19,7,3,-1,0,2,0,0,0,0,4,9,-1,6,1,-1,-1,998,1,15,TOYOTA AYGO,-1,-1,0,-1
2024010530847,2024,010530847,1,9,0,99,99,9,9,99,99,0,9,99,9,99,1,9,6,6,2,59,9,998,1,16,TOYOTA AYGO,3,E01000535,0,1
2024010542121,2024,010542121,1,9,0,18,19,6,2,0,0,1,0,0,0,0,4,1,1,1,2,52,8,998,1,16,TOYOTA AYGO,4,E01000164,0,1
2024010506065,2024,010506065,1,9,0,18,19,1,5,0,0,1,0,0,0,0,1,1,6,6,2,24,5,998,1,2,TOYOTA AYGO,2,E01001553,0,2
2024531404085,2024,531404085,1,9,0,-1,19,2,6,-1,0,0,0,0,0,0,1,1,-1,9,2,82,11,998,1,14,TOYOTA AYGO,4,E01022331,0,3
2024471447428,2024,471447428,2,9,0,-1,7,2,7,-1,0,0,0,0,0,0,1,1,-1,2,2,20,4,998,1,9,TOYOTA AYGO,9,E01031721,0,1
2024451487853,2024,451487853,1,9,0,-1,9,8,5,-1,0,6,0,0,0,0,1,1,-1,2,2,44,7,998,1,7,TOYOTA AYGO,9,E01030929,0,3
2024010540261,2024,010540261,2,9,0,18,19,1,5,9,9,1,0,0,1,0,1,1,6,6,2,70,10,998,1,5,TOYOTA AYGO,6,E01002928,0,2
2024201482261,2024,201482261,1,9,0,-1,19,2,6,-1,0,0,0,0,0,0,3,9,-1,6,2,-1,-1,998,1,8,TOYOTA AYGO,1,E01009379,0,1
2024471432836,2024,471432836,1,9,0,-1,9,7,3,-1,0,0,1,0,1,4,1,1,-1,9,1,54,8,998,1,12,TOYOTA AYGO,8,E01021115,0,1
2024302401674,2024,302401674,2,9,0,18,19,3,7,0,0,0,1,0,1,0,1,1,6,6,2,34,6,998,1,9,TOYOTA AYGO,3,E01013863,0,4
2024471488845,2024,471488845,1,9,0,-1,19,5,1,-1,0,1,0,0,0,0,1,1,-1,9,2,20,4,998,1,12,TOYOTA AYGO,5,E01031565,0,1
2024471458147,2024,471458147,2,9,0,-1,19,8,4,-1,0,0,0,0,0,0,1,1,-1,9,2,79,11,998,1,0,TOYOTA AYGO,10,E01031828,0,4
2024471505633,2024,471505633,1,9,0,-1,9,6,4,-1,0,1,0,0,0,0,0,1,-1,2,2,18,4,998,1,6,TOYOTA AYGO,5,E01021117,0,1
2024061495047,2024,061495047,1,9,0,-1,5,7,3,-1,0,1,1,0,0,0,1,1,-1,9,1,41,7,998,1,7,TOYOTA AYGO,4,E01005208,0,1
2024041449640,2024,041449640,2,9,0,-1,19,1,7,-1,0,0,0,0,0,0,1,2,-1,6,1,47,8,998,1,13,TOYOTA AYGO,1,E01012670,0,1
2024471453929,2024,471453929,1,9,0,-1,9,5,3,-1,0,8,0,0,0,0,4,1,-1,2,2,42,7,998,1,14,TOYOTA AYGO,5,E01031472,0,1
2024201491722,2024,201491722,2,9,0,-1,19,4,5,-1,0,3,0,0,0,0,1,1,-1,6,1,36,7,998,1,12,TOYOTA AYGO,1,E01033649,0,1
2024010528005,2024,010528005,1,9,0,99,99,9,9,99,99,9,9,99,9,99,9,9,2,2,2,40,7,998,1,4,TOYOTA AYGO,10,E01023926,0,4
2024461408778,2024,461408778,1,9,0,-1,5,1,2,-1,0,2,0,0,0,0,1,9,-1,7,2,17,4,998,1,11,TOYOTA AYGO,10,E01024144,0,1
2024061448412,2024,061448412,1,9,0,-1,13,1,5,-1,0,0,1,0,1,0,4,1,-1,6,1,28,6,998,1,2,TOYOTA AYGO,1,E01005009,0,1
2024101502340,2024,101502340,2,9,0,-1,4,1,5,-1,0,0,0,0,0,0,2,1,-1,2,2,23,5,998,1,7,TOYOTA AYGO,1,E01008853,0,1
2024010533700,2024,010533700,1,9,0,7,7,3,5,0,0,8,0,0,0,0,3,1,6,6,2,23,5,998,1,2,TOYOTA AYGO,5,E01003247,0,1
2024411412364,2024,411412364,3,9,0,-1,19,1,5,-1,0,0,0,0,0,0,2,1,-1,6,1,73,10,998,1,14,TOYOTA AYGO,9,E01023477,0,3
2024161454215,2024,161454215,2,9,0,-1,19,7,3,-1,0,0,0,0,0,0,4,9,-1,6,2,55,8,998,1,1,TOYOTA AYGO,1,E01013311,0,1
2024411415045,2024,411415045,1,9,0,-1,19,1,5,-1,0,0,0,0,0,0,1,1,-1,6,2,23,5,998,1,3,TOYOTA AYGO,7,E01023754,0,1
2024131490040,2024,131490040,1,9,0,-1,9,1,5,-1,0,8,0,0,0,0,1,1,-1,9,2,86,11,998,1,2,TOYOTA AYGO,7,E01010931,0,1
2024211412694,2024,211412694,1,9,0,-1,19,2,6,-1,0,0,0,0,0,0,1,1,-1,6,2,68,10,998,1,7,TOYOTA AYGO,3,E01029615,0,1
2024610030124,2024,610030124,2,9,0,12,12,8,4,0,0,0,0,0,0,0,2,1,6,6,2,28,6,998,1,11,TOYOTA AYGO,6,E01007287,0,5
2024320161166,2024,320161166,1,9,0,-1,-1,8,4,0,0,1,0,0,0,0,1,1,6,6,1,37,7,998,1,7,TOYOTA AYGO,-1,-1,0,-1
2024520402385,2024,520402385,3,9,0,4,4,2,6,0,0,0,0,0,0,0,2,1,6,6,2,20,4,998,1,16,TOYOTA AYGO,6,E01029080,0,2
2024471525736,2024,471525736,2,9,0,-1,5,3,7,-1,-1,0,0,0,0,0,1,1,-1,9,1,58,9,998,1,12,TOYOTA AYGO,5,E01031604,0,1
2024061472553,2024,061472553,1,9,0,-1,9,2,8,-1,0,6,0,0,0,0,3,1,-1,6,2,67,10,998,1,12,TOYOTA AYGO,7,E01004836,0,1
2024522401493,2024,522401493,2,9,0,16,19,6,2,0,0,0,0,0,0,0,1,1,6,6,1,43,7,998,1,1,TOYOTA AYGO,10,E01015014,0,2
2024991514168,2024,991514168,1,9,0,-1,19,5,8,-1,0,0,0,0,1,2,4,1,-1,9,1,84,11,998,1,7,TOYOTA AYGO,9,-1,0,1
2024522401186,2024,522401186,1,9,0,18,19,8,4,0,0,4,0,0,0,0,3,1,6,6,2,27,6,998,1,8,TOYOTA AYGO,7,E01014520,0,1
2024332400962,2024,332400962,1,9,0,-1,5,7,3,-1,0,6,0,0,0,0,0,1,-1,9,1,57,9,998,1,6,TOYOTA AYGO,8,E01031040,0,2
2024351406720,2024,351406720,1,9,0,-1,9,2,8,-1,0,8,0,0,0,0,4,1,-1,2,2,18,4,998,1,11,TOYOTA AYGO,6,E01015653,0,1
2024010546881,2024,010546881,2,9,0,18,19,1,5,0,0,6,0,0,0,0,1,1,6,6,2,47,8,998,1,10,TOYOTA AYGO,-1,-1,0,-1
2024010550946,2024,010550946,2,9,0,-1,-1,5,1,0,0,1,0,0,0,0,3,1,6,6,1,40,7,998,1,9,TOYOTA AYGO,2,E01033148,0,2
2024201423939,2024,201423939,1,9,0,-1,19,8,4,-1,0,0,0,0,0,0,1,9,-1,2,1,28,6,998,1,13,TOYOTA AYGO,4,E01009245,0,1
202460Q189620,2024,60Q189620,2,9,0,18,19,7,3,0,0,7,1,10,0,0,3,1,1,1,1,24,5,998,1,14,TOYOTA AYGO,-1,-1,0,-1
2024610056024,2024,610056024,2,9,0,9,9,1,7,0,0,8,0,0,0,0,4,1,6,6,1,76,11,998,1,1,TOYOTA AYGO,6,W01001912,0,1
2024211476219,2024,211476219,2,9,0,-1,19,6,2,-1,0,1,0,0,0,0,1,1,-1,6,2,37,7,998,1,6,TOYOTA AYGO,9,E01033257,0,1
2024401451104,2024,401451104,3,9,0,-1,2,0,0,-1,0,0,0,0,0,0,2,1,-1,6,-1,-1,-1,998,1,1,TOYOTA AYGO,-1,-1,0,-1
2024401479023,2024,401479023,2,9,0,-1,2,5,1,-1,0,0,0,0,0,0,0,1,-1,6,-1,-1,-1,998,1,14,TOYOTA AYGO,-1,-1,0,-1
2024131535250,2024,131535250,2,9,0,-1,19,1,5,-1,0,0,0,0,0,0,2,1,-1,6,2,59,9,998,1,8,TOYOTA AYGO,5,E01011063,0,3
2024531409528,2024,531409528,2,9,0,-1,19,4,8,-1,0,3,0,0,0,0,4,1,-1,2,2,30,6,998,1,5,TOYOTA AYGO,1,E01022311,0,1
2024451485759,2024,451485759,1,9,0,-1,-1,1,3,-1,-1,2,0,0,0,0,3,1,-1,-1,2,-1,-1,998,1,19,TOYOTA AYGO,6,E01030570,0,1
2024131533634,2024,131533634,1,9,0,-1,9,1,5,-1,0,1,1,0,7,0,1,1,-1,9,2,25,5,998,1,9,TOYOTA AYGO,6,E01010634,0,4
2024010549059,2024,010549059,2,9,0,99,99,9,9,99,99,9,9,99,9,99,1,9,6,6,3,-1,-1,998,1,16,TOYOTA AYGO,-1,-1,0,-1
2024451484376,2024,451484376,1,9,0,-1,19,2,6,-1,0,0,0,0,1,0,3,1,-1,6,2,18,4,998,1,19,TOYOTA AYGO,6,E01030570,0,1
2024201474149,2024,201474149,3,9,0,-1,4,4,8,-1,0,1,0,0,0,0,2,1,-1,9,2,70,10,998,1,7,TOYOTA AYGO,3,E01009624,0,1
2024010498106,2024,010498106,2,9,0,99,99,9,9,99,99,9,9,99,9,99,1,9,6,6,3,-1,-1,998,1,12,TOYOTA AYGO,-1,-1,0,-1
2024351525448,2024,351525448,1,9,0,-1,19,7,3,-1,0,0,0,0,0,0,1,1,-1,2,2,27,6,998,1,8,TOYOTA AYGO,6,E01035548,0,1
2024041484756,2024,041484756,2,9,0,-1,3,3,7,-1,0,0,0,0,0,0,2,1,-1,6,2,60,9,998,1,3,TOYOTA AYGO,1,E01025238,0,1
2024010497840,2024,010497840,2,9,0,99,99,9,9,99,99,9,9,99,9,99,9,9,6,6,3,-1,-1,998,1,16,TOYOTA AYGO,-1,-1,0,-1
2024451510447,2024,451510447,1,9,0,-1,7,3,7,-1,0,1,5,10,5,0,1,2,-1,6,1,85,11,998,1,8,TOYOTA AYGO,10,E01030487,0,1
2024411435154,2024,411435154,2,9,0,-1,20,0,0,-1,0,0,0,0,0,0,3,1,-1,2,2,33,6,998,1,6,TOYOTA AYGO,7,E01023799,0,2
2024351500959,2024,351500959,1,9,0,-1,9,7,3,-1,0,8,0,0,0,0,1,1,-1,6,2,81,11,998,1,3,TOYOTA AYGO,10,E01018055,0,1
2024061417227,2024,061417227,1,9,-1,-1,-1,-1,-1,-1,-1,-1,-1,-1,-1,0,-1,9,-1,6,3,-1,-1,998,1,13,TOYOTA AYGO,-1,-1,0,-1
2024070387038,2024,070387038,2,9,0,12,12,6,2,0,0,0,1,0,4,6,2,1,6,6,2,36,7,998,1,11,TOYOTA AYGO,1,E01034122,0,4
2024471404573,2024,471404573,1,9,0,-1,19,6,2,-1,0,1,0,99,0,0,1,1,-1,9,2,24,5,998,1,8,TOYOTA AYGO,4,E01020935,0,3
2024401519242,2024,401519242,1,9,0,-1,19,4,8,-1,0,0,0,0,0,0,1,1,-1,6,2,23,5,998,1,11,TOYOTA AYGO,10,E01032982,0,4
2024010502464,2024,010502464,4,9,0,2,2,0,0,0,0,0,0,0,0,0,1,1,6,6,3,-1,-1,998,1,0,TOYOTA AYGO,-1,-1,0,-1
2024211517004,2024,211517004,2,9,0,-1,10,2,6,-1,0,0,0,0,0,0,1,1,-1,6,1,46,8,998,1,17,TOYOTA AYGO,4,E01029537,0,4
2024320584733,2024,320584733,1,9,0,6,6,1,5,0,0,0,0,0,0,0,3,1,6,6,1,38,7,998,1,2,TOYOTA AYGO,7,E01026153,0,1
2024211500723,2024,211500723,1,9,0,-1,9,1,7,-1,0,1,0,0,0,0,4,1,-1,2,1,17,4,998,1,16,TOYOTA AYGO,10,E01029747,0,1
2024320172387,2024,320172387,2,9,0,-1,-1,8,4,0,0,8,0,0,0,0,1,1,-1,-1,2,47,8,998,1,11,TOYOTA AYGO,9,E01026118,0,3
2024201453616,2024,201453616,1,9,0,-1,4,3,7,-1,0,8,1,10,1,1,1,1,-1,6,2,44,7,998,1,10,TOYOTA AYGO,1,E01034938,0,1
2024430055289,2024,430055289,1,9,0,9,9,4,2,0,0,5,0,0,0,0,4,1,6,6,2,25,5,998,1,15,TOYOTA AYGO,10,E01016664,0,3
2024531460799,2024,531460799,1,9,0,-1,9,8,6,-1,0,6,0,0,0,0,1,1,-1,2,2,55,8,998,1,7,TOYOTA AYGO,8,E01022123,0,1
2024010541233,2024,010541233,1,9,0,9,9,7,4,0,0,5,0,0,0,0,1,1,6,6,2,60,9,998,1,16,TOYOTA AYGO,6,E01003706,0,1
2024991442472,2024,991442472,2,9,0,-1,19,7,3,-1,0,0,0,0,1,0,1,1,-1,9,2,26,6,998,1,14,TOYOTA AYGO,-1,-1,0,-1
2024332400282,2024,332400282,2,9,0,-1,5,1,5,-1,0,6,0,7,3,1,3,1,-1,9,1,60,9,998,1,6,TOYOTA AYGO,8,E01025942,0,2
2024041462003,2024,041462003,1,9,0,-1,19,3,7,-1,0,0,0,0,0,0,1,1,-1,9,1,18,4,998,1,18,TOYOTA AYGO,3,E01012685,0,3
2024010550777,2024,010550777,1,9,0,99,99,9,9,99,99,9,9,99,9,99,9,9,2,2,1,54,8,998,1,1,TOYOTA AYGO,3,E01023530,0,2
2024131523719,2024,131523719,2,9,0,-1,10,5,4,-1,0,8,0,0,0,0,4,1,-1,6,2,37,7,998,1,10,TOYOTA AYGO,2,E01010929,0,1
2024010535290,2024,010535290,1,9,0,9,9,4,1,0,0,7,0,0,0,0,3,1,6,6,1,19,4,998,1,2,TOYOTA AYGO,8,E01001470,0,4
2024440124607,2024,440124607,1,9,0,18,19,2,6,0,0,0,0,0,0,0,1,1,6,6,1,54,8,998,1,7,TOYOTA AYGO,8,E01023232,0,1
2024302400679,2024,302400679,1,9,0,18,19,8,4,0,0,2,0,0,0,0,4,1,6,6,2,85,11,998,1,12,TOYOTA AYGO,6,E01019852,0,1
2024451426826,2024,451426826,1,9,0,-1,19,6,2,-1,0,0,0,0,0,0,2,1,-1,9,1,42,7,998,1,16,TOYOTA AYGO,6,E01030464,0,1
2024631453014,2024,631453014,1,9,0,-1,9,5,3,-1,0,6,0,0,0,0,3,1,-1,6,1,54,8,998,1,6,TOYOTA AYGO,7,W01000634,0,1
2024131512770,2024,131512770,2,9,0,-1,19,5,1,-1,0,1,0,4,1,11,4,1,-1,9,1,21,5,998,1,13,TOYOTA AYGO,1,E01011677,0,1
2024010529412,2024,010529412,2,9,0,13,13,3,7,0,0,0,0,0,0,0,4,1,1,1,2,50,8,998,1,10,TOYOTA AYGO,3,E01000088,0,1
2024131526154,2024,131526154,1,9,0,-1,-1,-1,-1,-1,-1,-1,-1,-1,-1,-1,-1,1,-1,6,3,-1,-1,998,1,17,TOYOTA AYGO,-1,-1,0,-1
2024201501657,2024,201501657,1,9,0,-1,2,0,0,-1,9,0,0,0,0,0,3,1,-1,6,2,75,10,998,1,15,TOYOTA AYGO,10,E01009698,0,2
2024052401678,2024,052401678,2,9,0,18,19,2,6,0,0,8,0,0,0,0,3,1,2,2,2,20,4,998,1,18,TOYOTA AYGO,4,E01007112,0,3
2024201440823,2024,201440823,3,9,0,-1,10,3,7,-1,0,2,0,0,0,0,2,1,-1,9,1,22,5,998,1,16,TOYOTA AYGO,2,E01009017,0,1
2024471471942,2024,471471942,2,9,0,-1,5,4,7,-1,0,6,0,0,0,0,1,1,-1,6,2,19,4,998,1,10,TOYOTA AYGO,6,E01031770,0,1
2024430195308,2024,430195308,3,9,0,4,4,1,5,0,0,1,0,0,0,0,2,1,6,6,1,18,4,998,1,13,TOYOTA AYGO,6,E01031211,0,4
2024471406897,2024,471406897,2,9,0,-1,6,7,3,-1,0,0,0,0,0,0,3,1,-1,2,1,22,5,998,1,4,TOYOTA AYGO,6,E01031614,0,3
2024061502605,2024,061502605,1,9,0,-1,5,-1,-1,-1,0,0,0,0,0,0,3,1,-1,9,2,44,7,998,1,2,TOYOTA AYGO,3,E01005478,0,1
2024052401699,2024,052401699,1,9,0,9,9,3,7,0,0,8,0,0,0,0,1,1,6,6,2,90,11,998,1,5,TOYOTA AYGO,7,E01007077,0,1
2024311519627,2024,311519627,1,9,0,-1,19,5,8,-1,0,0,1,0,0,0,2,1,-1,9,1,19,4,998,1,12,TOYOTA AYGO,-1,-1,0,-1
2024010547946,2024,010547946,1,9,0,7,7,5,6,0,0,5,0,11,0,0,1,1,6,6,1,38,7,998,1,10,TOYOTA AYGO,5,E01014633,0,5
2024461432828,2024,461432828,3,9,0,-1,2,1,1,-1,0,0,0,0,0,0,2,9,-1,6,1,40,7,998,1,5,TOYOTA AYGO,6,E01024592,0,1
2024061474912,2024,061474912,1,9,0,-1,9,7,5,-1,0,1,0,0,0,0,1,1,-1,6,1,28,6,998,1,14,TOYOTA AYGO,1,E01005680,0,1
2024461470998,2024,461470998,2,9,0,-1,19,7,3,-1,0,0,0,0,0,0,1,9,-1,9,2,61,9,998,1,17,TOYOTA AYGO,6,E01024435,0,1
2024471483101,2024,471483101,2,9,0,-1,3,6,2,-1,0,0,0,0,0,0,2,1,-1,6,2,43,7,998,1,3,TOYOTA AYGO,6,E01031586,0,1
2024061443583,2024,061443583,2,9,0,-1,-1,-1,-1,-1,-1,-1,-1,-1,-1,0,2,1,-1,6,1,38,7,998,1,6,TOYOTA AYGO,-1,-1,0,-1
2024122400673,2024,122400673,1,9,0,5,5,7,3,0,0,1,0,0,0,0,1,1,1,1,2,22,5,998,1,12,TOYOTA AYGO,7,E01027739,0,2
2024052402637,2024,052402637,1,9,0,9,9,7,5,0,0,5,0,0,0,0,4,1,6,6,2,31,6,998,1,10,TOYOTA AYGO,1,E01006711,0,1
2024010536675,2024,010536675,1,9,0,7,7,6,8,0,0,5,0,0,0,0,4,1,6,6,1,39,7,998,1,10,TOYOTA AYGO,9,E01030331,0,3
2024461447885,2024,461447885,2,9,0,-1,19,7,3,-1,0,1,0,0,0,0,4,1,-1,9,2,73,10,998,1,11,TOYOTA AYGO,5,E01024638,0,1
2024361422340,2024,361422340,1,9,0,-1,19,2,6,-1,0,0,0,0,0,0,0,1,-1,9,2,74,10,998,1,10,TOYOTA AYGO,5,E01026726,0,1
2024522403365,2024,522403365,2,9,0,5,5,2,6,0,0,6,0,0,0,0,1,1,6,6,1,24,5,998,1,17,TOYOTA AYGO,4,E01014961,0,2
2024302400513,2024,302400513,2,9,0,18,19,4,8,0,0,0,0,0,0,0,1,1,6,6,1,29,6,998,7,16,TOYOTA AYGO,2,E01028113,0,2
2024481437414,2024,481437414,1,9,0,-1,19,7,3,-1,0,1,0,0,0,0,1,1,-1,2,1,49,8,998,1,13,TOYOTA AYGO,-1,-1,0,-1
2024361472099,2024,361472099,1,9,0,-1,3,-1,-1,-1,5,6,0,0,1,0,1,1,-1,6,1,34,6,998,1,16,TOYOTA AYGO,8,E01035153,0,2
2024501477870,2024,501477870,1,9,0,-1,19,5,1,-1,0,0,0,0,0,0,1,1,-1,9,1,25,5,998,1,16,TOYOTA AYGO,5,E01020030,0,2
2024061471354,2024,061471354,3,9,0,-1,7,1,4,-1,0,8,0,0,0,0,4,1,-1,9,2,23,5,998,1,12,TOYOTA AYGO,8,E01005000,0,1
2024421499357,2024,421499357,2,9,0,-1,-1,-1,-1,-1,-1,-1,-1,-1,-1,0,-1,9,-1,6,1,19,4,998,1,1,TOYOTA AYGO,8,E01021599,0,3
2024010517906,2024,010517906,3,9,0,2,2,0,0,0,0,0,0,0,0,0,3,1,6,6,3,-1,-1,998,1,12,TOYOTA AYGO,-1,-1,0,-1
2024111479875,2024,111479875,1,9,0,-1,19,3,7,-1,0,0,0,0,0,0,1,1,-1,2,2,19,4,998,1,10,TOYOTA AYGO,4,E01020688,0,2
2024201505051,2024,201505051,2,9,0,-1,19,2,6,-1,0,3,0,0,0,0,1,1,-1,6,1,45,7,998,1,18,TOYOTA AYGO,2,E01010204,0,2
202454D642924,2024,54D642924,2,9,0,3,3,2,7,0,0,3,0,0,0,0,2,1,6,6,1,30,6,998,1,9,TOYOTA AYGO,10,E01029104,0,4
2024471520119,2024,471520119,1,9,0,-1,7,6,8,-1,0,5,0,0,0,0,1,2,-1,6,2,21,5,998,1,15,TOYOTA AYGO,5,E01016857,0,1
2024201431727,2024,201431727,2,9,0,-1,19,2,6,-1,0,0,0,0,0,0,2,9,-1,6,1,41,7,998,1,4,TOYOTA AYGO,1,E01009363,0,1
2024052402523,2024,052402523,1,9,0,18,19,3,7,0,0,1,0,0,0,0,1,1,6,6,2,77,11,998,1,5,TOYOTA AYGO,7,E01025496,0,3
2024461421821,2024,461421821,1,9,0,-1,4,6,1,-1,0,0,0,0,0,0,1,9,-1,6,1,-1,-1,998,1,19,TOYOTA AYGO,1,E01024397,0,1
202460Q007787,2024,60Q007787,1,9,0,18,19,2,6,0,0,0,0,0,1,11,1,1,6,6,1,27,6,998,1,7,TOYOTA AYGO,-1,-1,0,-1
2024552400594,2024,552400594,1,9,0,9,9,5,3,0,0,8,0,0,0,0,1,1,6,6,3,-1,-1,998,1,12,TOYOTA AYGO,-1,-1,0,-1
2024361443764,2024,361443764,1,9,0,-1,9,4,1,-1,0,8,0,0,0,0,1,1,-1,7,2,33,6,998,1,6,TOYOTA AYGO,7,E01026801,0,1
202454B834424,2024,54B834424,2,9,0,18,19,8,4,0,0,1,0,0,0,0,3,1,6,6,2,31,6,998,1,14,TOYOTA AYGO,3,E01034533,0,1
2024361485629,2024,361485629,1,9,0,-1,19,-1,-1,-1,0,4,0,0,0,0,1,1,-1,6,2,25,5,998,1,15,TOYOTA AYGO,6,E01030399,0,5
2024501533422,2024,501533422,1,9,0,-1,13,1,5,-1,0,0,1,0,0,0,3,1,-1,9,1,17,4,998,1,17,TOYOTA AYGO,4,E01020302,0,1
2024531523944,2024,531523944,2,9,0,-1,19,1,5,-1,0,8,0,0,0,0,4,1,-1,6,2,18,4,998,1,10,TOYOTA AYGO,6,E01022341,0,1
2024041400035,2024,041400035,1,9,0,-1,19,1,5,-1,0,0,0,4,0,0,1,1,-1,2,2,74,10,998,1,18,TOYOTA AYGO,5,E01025580,0,1
2024101524797,2024,101524797,1,9,0,-1,19,2,6,-1,0,2,0,0,0,0,1,1,-1,9,1,-1,-1,998,1,13,TOYOTA AYGO,8,E01008772,0,1
2024010547796,2024,010547796,2,9,0,99,99,9,9,99,99,9,9,99,9,99,9,9,6,6,3,-1,-1,998,1,7,TOYOTA AYGO,-1,-1,0,-1
2024010545651,2024,010545651,1,9,0,99,99,9,9,99,99,9,9,99,9,99,1,9,6,6,2,23,5,998,1,12,TOYOTA AYGO,5,E01003739,0,1
2024070663290,2024,070663290,2,9,0,9,9,8,3,0,0,2,0,0,0,0,2,1,6,6,2,37,7,998,1,4,TOYOTA AYGO,9,E01033378,0,1
2024201456023,2024,201456023,2,9,0,-1,5,6,8,-1,0,6,0,0,0,0,2,9,-1,6,1,19,4,998,1,16,TOYOTA AYGO,1,E01009406,0,2
2024320404232,2024,320404232,1,9,0,9,9,5,2,0,0,5,0,0,0,0,1,1,-1,-1,2,74,10,998,1,5,TOYOTA AYGO,6,E01014270,0,5
2024061414498,2024,061414498,1,9,0,-1,19,3,7,-1,0,0,0,0,0,0,1,1,-1,6,1,31,6,998,1,16,TOYOTA AYGO,1,E01004811,0,1
2024201519575,2024,201519575,1,9,0,-1,19,4,8,-1,0,8,0,0,1,0,1,1,-1,9,2,28,6,998,1,14,TOYOTA AYGO,6,E01010079,0,2
2024010511049,2024,010511049,1,9,0,99,99,9,9,99,99,0,9,99,9,99,9,9,6,6,2,38,7,998,1,9,TOYOTA AYGO,3,E01021816,0,2
2024411455676,2024,411455676,1,9,0,-1,3,3,7,-1,0,0,0,0,0,0,2,1,-1,6,2,23,5,998,1,4,TOYOTA AYGO,9,E01002155,0,2
2024201407047,2024,201407047,1,9,0,-1,5,-1,-1,-1,0,2,0,0,0,0,1,9,-1,9,1,35,6,998,1,16,TOYOTA AYGO,3,E01009862,0,1
2024041400521,2024,041400521,2,9,0,-1,19,1,3,-1,0,0,1,0,1,7,2,1,-1,9,2,20,4,998,1,7,TOYOTA AYGO,9,E01012598,0,3
2024041527535,2024,041527535,3,9,0,-1,2,0,0,-1,0,0,0,0,0,0,3,1,-1,6,-1,-1,-1,998,1,5,TOYOTA AYGO,-1,-1,0,-1
2024461409157,2024,461409157,1,9,0,-1,19,7,3,-1,0,0,2,0,1,0,1,1,-1,9,2,18,4,998,1,10,TOYOTA AYGO,6,E01023979,0,1
2024522402191,2024,522402191,1,9,0,2,2,0,0,0,0,0,0,0,0,0,3,1,6,6,3,-1,-1,998,1,12,TOYOTA AYGO,-1,-1,0,-1
2024332400607,2024,332400607,1,9,0,-1,19,4,1,-1,0,0,0,0,1,4,1,1,-1,6,1,28,6,998,1,17,TOYOTA AYGO,2,E01010525,0,4
2024631479671,2024,631479671,2,9,0,-1,19,1,5,-1,0,2,0,0,0,0,4,1,-1,9,1,26,6,998,1,19,TOYOTA AYGO,2,W01000655,0,1
2024201422615,2024,201422615,3,9,0,-1,2,0,0,-1,0,0,0,4,0,0,2,9,-1,6,1,68,10,998,1,12,TOYOTA AYGO,-1,-1,0,-1
2024461398581,2024,461398581,1,9,0,-1,5,5,1,-1,0,1,0,0,0,0,1,9,-1,6,2,83,11,998,1,11,TOYOTA AYGO,9,E01016052,0,1
2024211527887,2024,211527887,1,9,0,-1,19,3,7,-1,0,0,0,0,0,0,1,9,-1,6,2,-1,-1,998,1,9,TOYOTA AYGO,6,E01029413,0,1
2024471461699,2024,471461699,1,9,0,-1,19,5,1,-1,0,0,0,0,0,0,1,1,-1,9,2,21,5,998,1,17,TOYOTA AYGO,10,E01031797,0,1
2024010544847,2024,010544847,1,9,0,-1,-1,3,7,0,0,0,0,0,0,0,1,1,6,6,1,24,5,998,1,7,TOYOTA AYGO,-1,-1,0,-1
2024131528013,2024,131528013,2,9,0,-1,19,1,5,-1,0,1,0,0,0,0,1,1,-1,6,2,22,5,998,1,0,TOYOTA AYGO,6,E01010686,0,2
2024311473648,2024,311473648,1,9,0,-1,19,7,7,-1,0,0,0,0,0,0,4,2,-1,6,1,25,5,998,1,4,TOYOTA AYGO,-1,-1,0,-1
2024131417430,2024,131417430,2,9,0,-1,2,5,1,-1,0,0,0,0,0,0,3,1,-1,6,-1,-1,-1,998,1,6,TOYOTA AYGO,-1,-1,0,-1
2024061465082,2024,061465082,1,9,0,-1,19,7,3,-1,0,0,0,0,0,0,1,1,-1,9,1,49,8,998,1,3,TOYOTA AYGO,6,E01005060,0,3
2024010510420,2024,010510420,1,9,0,18,19,5,1,0,0,1,0,4,1,11,1,1,6,6,2,89,11,998,1,6,TOYOTA AYGO,9,E01003477,0,1