collision_index,collision_year,collision_ref_no,vehicle_reference,vehicle_type,towing_and_articulation,vehicle_manoeuvre_historic,vehicle_manoeuvre,vehicle_direction_from,vehicle_direction_to,vehicle_location_restricted_lane_historic,vehicle_location_restricted_lane,junction_location,skidding_and_overturning,hit_object_in_carriageway,vehicle_leaving_carriageway,hit_object_off_carriageway,first_point_of_impact,vehicle_left_hand_drive,journey_purpose_of_driver_historic,journey_purpose_of_driver,sex_of_driver,age_of_driver,age_band_of_driver,engine_capacity_cc,propulsion_code,age_of_vehicle,generic_make_model,driver_imd_decile,lsoa_of_driver,escooter_flag,driver_distance_banding
2024471445754,2024,471445754,1,9,0,-1,19,2,8,-1,0,8,0,0,0,0,1,1,-1,9,1,44,7,998,1,16,TOYOTA AYGO,3,E01021092,0,1
202460Q043038,2024,60Q043038,1,9,0,9,9,3,1,0,0,1,0,0,0,0,4,1,1,1,1,32,6,998,1,8,TOYOTA AYGO,-1,-1,0,-1
2024531485795,2024,531485795,2,9,0,-1,19,8,4,-1,0,0,0,0,0,0,1,1,-1,6,1,17,4,998,1,18,TOYOTA AYGO,3,W01001592,0,3
2024411484963,2024,411484963,2,9,0,-1,11,5,1,-1,0,8,0,0,0,0,4,1,-1,6,2,23,5,998,1,16,TOYOTA AYGO,6,E01023334,0,1
2024631421268,2024,631421268,1,9,0,-1,9,1,7,-1,0,5,0,0,0,0,1,1,-1,9,2,55,8,998,1,4,TOYOTA AYGO,7,W01000618,0,2
2024311523012,2024,311523012,2,9,0,-1,19,6,2,-1,0,0,0,0,0,0,3,1,-1,9,2,76,11,998,1,3,TOYOTA AYGO,-1,-1,0,-1
2024141531008,2024,141531008,1,9,0,-1,19,2,7,-1,0,0,5,0,8,2,1,1,-1,2,1,18,4,998,1,13,TOYOTA AYGO,10,E01007956,0,1
2024302400606,2024,302400606,1,9,0,13,13,4,8,0,0,0,0,0,0,0,1,1,6,6,3,66,10,998,1,17,TOYOTA AYGO,2,E01013521,0,1
2024010529861,2024,010529861,2,9,0,18,19,7,3,0,0,1,0,0,0,0,3,1,6,6,2,72,10,998,1,7,TOYOTA AYGO,9,E01002191,0,1
2024320678943,2024,320678943,1,9,0,9,9,6,4,0,0,8,0,0,0,0,3,1,-1,-1,2,17,4,998,1,15,TOYOTA AYGO,7,E01026193,0,2
2024622400456,2024,622400456,1,9,0,5,5,2,6,0,0,0,0,0,0,0,1,1,1,1,2,41,7,998,1,13,TOYOTA AYGO,9,W01001122,0,1
2024131459041,2024,131459041,2,9,0,-1,19,3,3,-1,0,8,0,0,0,0,1,1,-1,2,1,26,6,998,1,12,TOYOTA AYGO,1,E01010964,0,1
2024302401480,2024,302401480,2,9,0,18,19,8,4,0,0,0,0,0,0,0,4,1,6,6,2,40,7,998,1,11,TOYOTA AYGO,9,E01013462,0,1
2024201421111,2024,201421111,2,9,0,-1,19,3,8,-1,0,0,0,0,0,0,2,1,-1,9,1,27,6,998,1,18,TOYOTA AYGO,3,E01009701,0,1
2024061395746,2024,061395746,1,9,0,-1,2,0,0,-1,0,0,0,0,0,0,1,1,-1,6,3,-1,-1,998,1,13,TOYOTA AYGO,-1,-1,0,-1
2024440251265,2024,440251265,1,9,0,7,7,7,1,0,0,6,0,0,0,0,3,1,6,6,2,24,5,998,1,19,TOYOTA AYGO,7,E01029245,0,4
2024440096555,2024,440096555,1,9,0,18,19,2,6,0,0,0,0,0,0,0,1,1,6,6,2,28,6,998,1,8,TOYOTA AYGO,6,E01022960,0,4
2024221534578,2024,221534578,1,9,0,-1,12,3,7,-1,0,0,5,0,0,0,1,1,-1,6,2,19,4,998,1,15,TOYOTA AYGO,-1,-1,0,-1
2024531475610,2024,531475610,1,9,0,-1,5,5,1,-1,0,1,0,0,0,0,1,1,-1,7,2,40,7,998,1,8,TOYOTA AYGO,6,E01022287,0,1
2024010531262,2024,010531262,1,9,0,18,19,7,3,0,0,0,0,0,0,0,4,1,6,6,2,57,9,998,1,9,TOYOTA AYGO,4,E01002591,0,1
2024991400405,2024,991400405,1,9,0,-1,19,5,1,-1,0,8,0,0,0,0,1,1,-1,6,2,26,6,998,1,6,TOYOTA AYGO,2,-1,0,1
2024471434573,2024,471434573,2,9,0,-1,19,7,3,-1,0,0,0,0,7,7,2,1,-1,9,1,19,4,998,1,13,TOYOTA AYGO,10,E01030581,0,3
2024451439245,2024,451439245,1,9,0,-1,19,6,4,-1,0,8,1,0,1,10,1,1,-1,9,1,28,6,998,1,15,TOYOTA AYGO,9,E01004085,0,4
2024211451707,2024,211451707,1,9,0,-1,9,7,5,-1,0,0,0,0,0,0,4,1,-1,9,1,18,4,998,1,8,TOYOTA AYGO,9,E01013559,0,3
2024131512428,2024,131512428,3,9,0,-1,2,0,0,-1,0,0,0,0,0,0,3,1,-1,6,-1,-1,-1,998,1,1,TOYOTA AYGO,-1,-1,0,-1
2024471418776,2024,471418776,1,9,0,-1,19,6,2,-1,0,0,0,0,4,4,1,1,-1,2,2,20,4,998,1,9,TOYOTA AYGO,5,E01003900,0,4
2024161400850,2024,161400850,2,9,0,-1,9,5,1,-1,0,1,0,0,0,0,0,1,-1,9,2,63,9,998,1,3,TOYOTA AYGO,5,E01013180,0,1
2024010520410,2024,010520410,2,9,0,99,99,9,9,99,99,9,9,99,9,99,1,9,6,6,3,-1,-1,998,1,15,TOYOTA AYGO,-1,-1,0,-1
2024311415966,2024,311415966,3,9,0,-1,19,5,1,-1,0,0,0,0,0,0,2,1,-1,1,1,47,8,998,1,16,TOYOTA AYGO,6,E01027926,0,2
2024221516636,2024,221516636,2,9,0,-1,19,2,6,-1,0,0,0,0,0,0,1,1,-1,9,2,20,4,998,1,9,TOYOTA AYGO,9,E01013987,0,4
2024991466182,2024,991466182,1,9,0,-1,19,5,8,-1,0,0,1,0,0,0,1,1,-1,9,2,17,4,998,1,12,TOYOTA AYGO,9,-1,0,3
2024501447838,2024,501447838,1,9,0,-1,19,7,3,-1,0,1,0,0,0,0,0,1,-1,9,2,52,8,998,1,6,TOYOTA AYGO,8,E01020051,0,2
2024320081001,2024,320081001,1,9,0,-1,-1,3,7,0,0,0,0,12,0,0,3,1,-1,-1,1,17,4,998,1,14,TOYOTA AYGO,9,E01026273,0,1
2024122500209,2024,122500209,1,9,0,18,19,1,5,0,0,1,0,0,7,0,1,1,6,6,2,28,6,998,1,14,TOYOTA AYGO,5,E01025331,0,2
2024041524571,2024,041524571,2,9,0,-1,19,5,1,-1,0,1,0,0,0,0,3,1,-1,9,2,57,9,998,1,10,TOYOTA AYGO,5,E01012706,0,1
2024320310658,2024,320310658,1,9,0,-1,-1,2,6,0,0,1,0,0,0,0,1,1,6,6,1,31,6,998,1,17,TOYOTA AYGO,5,E01026144,0,2
2024302401076,2024,302401076,2,9,0,18,19,2,6,0,0,8,0,0,0,0,1,1,6,6,2,64,9,998,1,12,TOYOTA AYGO,8,E01028321,0,2
2024340WN3842,2024,340WN3842,1,9,0,-1,19,3,7,-1,0,8,0,0,1,2,1,1,-1,9,1,18,4,998,1,6,TOYOTA AYGO,-1,-1,0,-1
2024411452365,2024,411452365,1,9,0,-1,12,5,1,-1,0,0,0,0,0,0,3,1,-1,9,1,40,7,998,1,8,TOYOTA AYGO,8,E01017776,0,3
2024471525535,2024,471525535,2,9,0,-1,2,3,7,-1,0,0,0,4,0,0,2,1,-1,6,-1,-1,-1,998,1,12,TOYOTA AYGO,-1,-1,0,-1
2024332400709,2024,332400709,1,9,0,-1,3,9,9,-1,0,8,0,0,0,0,2,1,-1,9,2,54,8,998,1,11,TOYOTA AYGO,7,E01025767,0,1
2024451459738,2024,451459738,1,9,0,-1,19,3,7,-1,0,1,0,0,0,0,1,1,-1,9,2,85,11,998,1,2,TOYOTA AYGO,4,E01030815,0,1
2024041448466,2024,041448466,1,9,0,-1,9,5,3,-1,9,1,0,0,0,0,3,1,-1,9,2,57,9,998,1,7,TOYOTA AYGO,1,E01004801,0,4
2024421464847,2024,421464847,2,9,0,-1,4,3,3,-1,0,4,0,0,0,0,2,1,-1,2,1,53,8,998,1,11,TOYOTA AYGO,8,E01021607,0,1
2024211402942,2024,211402942,2,9,0,-1,13,6,2,-1,0,1,0,0,0,0,1,1,-1,9,2,73,10,998,1,8,TOYOTA AYGO,6,E01014270,0,1
2024461492162,2024,461492162,2,9,0,-1,19,2,5,-1,0,0,1,0,1,0,1,1,-1,9,1,49,8,998,1,6,TOYOTA AYGO,3,E01001832,0,4
2024061453663,2024,061453663,1,9,0,-1,19,6,2,-1,0,1,0,0,0,0,3,1,-1,2,1,26,6,998,1,18,TOYOTA AYGO,4,E01005214,0,1
2024131505063,2024,131505063,1,9,0,-1,19,7,3,-1,0,0,0,0,0,0,1,1,-1,2,1,22,5,998,1,10,TOYOTA AYGO,1,E01011790,0,2
2024471452674,2024,471452674,1,9,0,-1,19,2,4,-1,0,0,0,0,1,4,1,1,-1,9,2,20,4,998,1,1,TOYOTA AYGO,10,E01022972,0,4
2024471518952,2024,471518952,2,9,0,-1,3,6,2,-1,0,4,0,0,0,0,2,1,-1,9,2,23,5,998,1,7,TOYOTA AYGO,4,E01031596,0,1
2024311415235,2024,311415235,1,9,0,-1,19,6,2,-1,0,0,0,0,0,0,1,1,-1,9,2,44,7,998,1,13,TOYOTA AYGO,5,E01028333,0,1
2024201434389,2024,201434389,1,9,0,-1,19,3,7,-1,0,0,0,0,0,0,1,9,-1,6,1,25,5,998,1,13,TOYOTA AYGO,-1,-1,0,-1
2024052400534,2024,052400534,1,9,0,9,9,2,8,0,0,8,0,0,0,0,1,1,6,6,1,17,4,998,1,8,TOYOTA AYGO,1,E01034401,0,1
2024411545790,2024,411545790,2,9,0,-1,19,3,7,-1,0,1,0,0,0,0,1,1,-1,6,2,46,8,998,1,15,TOYOTA AYGO,8,E01023311,0,1
2024451475353,2024,451475353,1,9,0,-1,5,2,6,-1,0,8,9,99,0,0,4,1,-1,6,2,60,9,998,1,7,TOYOTA AYGO,-1,-1,0,-1
2024061488677,2024,061488677,1,9,0,-1,19,8,1,-1,0,1,1,0,1,0,3,1,-1,2,1,25,5,998,1,19,TOYOTA AYGO,1,E01005147,0,1
2024211491531,2024,211491531,2,9,0,-1,19,3,1,-1,0,0,0,0,0,0,1,1,-1,9,1,41,7,998,1,14,TOYOTA AYGO,6,E01014310,0,1
2024061419074,2024,061419074,1,9,0,-1,19,8,4,-1,0,1,1,4,2,1,3,1,-1,9,1,32,6,998,1,2,TOYOTA AYGO,1,E01005484,0,2
2024610043024,2024,610043024,1,9,0,18,19,5,1,0,0,8,0,0,0,0,3,1,6,6,2,62,9,998,1,1,TOYOTA AYGO,2,W01001465,0,1
2024141483769,2024,141483769,1,9,0,-1,19,3,7,-1,0,1,0,4,0,0,1,1,-1,2,2,17,4,998,1,12,TOYOTA AYGO,6,E01007974,0,1
2024371435512,2024,371435512,1,9,0,-1,19,2,6,-1,0,8,0,0,0,0,1,2,-1,6,2,62,9,998,1,9,TOYOTA AYGO,6,E01026900,0,3
2024471407717,2024,471407717,1,9,0,-1,12,6,2,-1,0,2,0,0,0,0,1,1,-1,6,2,80,11,998,1,3,TOYOTA AYGO,9,E01031496,0,1
2024010524462,2024,010524462,1,9,9,99,99,9,9,99,99,9,9,99,9,99,9,9,6,6,3,42,7,998,1,12,TOYOTA AYGO,4,E01001397,0,3
2024201438836,2024,201438836,1,9,0,-1,19,3,7,-1,0,0,0,0,0,0,1,1,-1,6,2,52,8,998,1,8,TOYOTA AYGO,1,E01009893,0,1
2024351420111,2024,351420111,2,9,0,-1,4,2,6,-1,0,0,0,0,1,0,2,1,-1,2,2,26,6,998,1,3,TOYOTA AYGO,8,E01018206,0,1
2024061419474,2024,061419474,2,9,0,-1,4,2,6,-1,0,0,0,0,0,0,2,1,-1,9,2,25,5,998,1,3,TOYOTA AYGO,8,E01025214,0,4
2024010529329,2024,010529329,2,9,9,99,99,9,9,99,99,6,9,99,9,99,9,9,6,6,3,-1,-1,998,1,8,TOYOTA AYGO,-1,-1,0,-1
2024010522701,2024,010522701,2,9,0,9,9,1,6,0,0,1,0,0,0,0,4,2,6,6,1,55,8,998,1,10,TOYOTA AYGO,6,E01002329,0,1
2024302400601,2024,302400601,2,9,0,7,7,7,2,0,0,8,0,0,0,0,3,1,6,6,1,64,9,998,1,7,TOYOTA AYGO,1,E01004839,0,4
2024101425407,2024,101425407,1,9,0,-1,19,2,6,-1,0,1,0,0,0,0,1,1,-1,9,2,64,9,998,1,1,TOYOTA AYGO,4,E01020754,0,3
2024061398533,2024,061398533,1,9,0,-1,9,1,3,-1,0,2,0,0,7,0,4,1,-1,9,2,52,8,998,1,8,TOYOTA AYGO,1,E01004830,0,1
2024101507137,2024,101507137,2,9,0,-1,19,5,1,-1,0,0,0,0,0,0,2,1,-1,6,1,67,10,998,1,1,TOYOTA AYGO,4,E01008715,0,3
2024471467374,2024,471467374,1,9,0,-1,19,2,6,-1,0,1,0,0,0,0,1,1,-1,9,2,55,8,998,1,17,TOYOTA AYGO,10,E01016930,0,1
2024610008224,2024,610008224,2,9,0,9,9,6,4,0,0,8,0,0,0,0,1,1,6,6,2,28,6,998,1,15,TOYOTA AYGO,2,W01001690,0,1
2024991465037,2024,991465037,1,9,0,-1,19,7,3,-1,0,8,0,0,0,0,1,1,-1,9,2,19,4,998,1,8,TOYOTA AYGO,10,-1,0,5
2024520500319,2024,520500319,1,9,0,4,4,6,2,0,0,1,1,0,3,10,1,1,6,6,1,24,5,998,1,9,TOYOTA AYGO,9,E01029207,0,1
2024061449200,2024,061449200,1,9,-1,-1,-1,-1,-1,-1,-1,-1,-1,-1,-1,0,-1,9,-1,6,3,-1,-1,998,1,18,TOYOTA AYGO,-1,-1,0,-1
2024302400970,2024,302400970,1,9,0,18,19,4,8,0,0,0,0,0,0,0,1,1,6,6,1,26,6,998,1,10,TOYOTA AYGO,7,E01019546,0,1
2024401466220,2024,401466220,1,9,0,-1,19,3,7,-1,0,0,5,0,7,9,0,1,-1,9,1,17,4,998,1,3,TOYOTA AYGO,10,E01017459,0,1
2024141506249,2024,141506249,1,9,0,-1,4,6,1,-1,0,4,0,0,0,0,2,1,-1,6,1,54,8,998,1,13,TOYOTA AYGO,8,E01034243,0,1
2024131461002,2024,131461002,1,9,0,-1,1,0,0,-1,0,0,0,0,0,0,2,1,-1,2,2,58,9,998,1,9,TOYOTA AYGO,2,E01011369,0,1
2024522500105,2024,522500105,2,9,0,9,9,1,7,0,0,8,0,0,0,0,4,1,6,6,2,18,4,998,1,14,TOYOTA AYGO,6,E01014813,0,1
2024010525472,2024,010525472,2,9,0,18,19,1,5,0,0,6,0,0,0,0,3,1,6,6,2,43,7,998,1,15,TOYOTA AYGO,2,E01000744,0,1
2024041419622,2024,041419622,3,9,0,-1,2,0,0,-1,0,0,0,0,0,0,1,1,-1,6,3,-1,-1,998,1,11,TOYOTA AYGO,-1,-1,0,-1
2024161426568,2024,161426568,2,9,0,-1,19,4,2,-1,0,2,0,0,0,0,1,1,-1,6,1,17,4,998,1,13,TOYOTA AYGO,1,E01013205,0,1
2024440055380,2024,440055380,1,9,0,18,19,7,2,0,0,0,0,0,7,11,1,1,2,2,2,21,5,998,1,4,TOYOTA AYGO,4,E01023260,0,4
2024461432668,2024,461432668,1,9,0,-1,3,7,3,-1,0,1,0,0,0,0,1,1,-1,6,2,43,7,998,1,11,TOYOTA AYGO,2,E01024627,0,4
2024010544820,2024,010544820,1,9,0,18,19,7,3,0,0,1,0,0,0,0,2,1,2,2,2,62,9,998,1,3,TOYOTA AYGO,4,E01000780,0,2
2024010556782,2024,010556782,2,9,9,99,99,9,9,99,99,0,9,99,9,99,1,9,6,6,3,-1,-1,998,1,12,TOYOTA AYGO,-1,-1,0,-1
2024010530621,2024,010530621,1,9,0,18,19,5,1,0,0,2,1,0,1,2,3,1,3,7,1,42,7,998,1,8,TOYOTA AYGO,9,E01001067,0,1
2024031517787,2024,031517787,1,9,0,-1,7,7,1,-1,0,6,0,0,0,0,1,1,-1,9,2,48,8,998,1,12,TOYOTA AYGO,1,E01019231,0,1
2024421509878,2024,421509878,2,9,0,-1,11,2,7,-1,0,3,0,0,0,0,3,9,-1,6,2,38,7,998,1,8,TOYOTA AYGO,3,E01021319,0,1
2024101427959,2024,101427959,1,9,0,-1,9,1,5,-1,0,8,0,0,0,0,0,1,-1,6,2,40,7,998,1,0,TOYOTA AYGO,4,E01008502,0,2
2024991432007,2024,991432007,2,9,0,-1,19,3,7,-1,0,0,0,0,0,0,1,9,-1,2,2,23,5,998,1,3,TOYOTA AYGO,2,-1,0,3
2024302400756,2024,302400756,2,9,0,2,2,0,0,0,0,2,0,0,0,0,1,1,6,6,3,-1,-1,998,1,14,TOYOTA AYGO,-1,-1,0,-1
2024131418628,2024,131418628,1,9,0,-1,5,5,1,-1,0,1,0,0,0,0,1,1,-1,9,1,21,5,998,1,17,TOYOTA AYGO,-1,-1,0,-1
2024010509554,2024,010509554,1,9,0,9,9,6,3,0,0,0,0,0,0,0,4,1,6,6,1,32,6,998,1,10,TOYOTA AYGO,2,E01003087,0,3
202460Q083313,2024,60Q083313,2,9,0,18,19,6,2,0,0,0,0,0,0,0,0,1,6,6,1,20,4,998,1,7,TOYOTA AYGO,-1,-1,0,-1
2024430089282,2024,430089282,2,9,0,3,3,2,6,0,0,1,0,0,0,0,2,1,6,6,2,36,7,998,1,9,TOYOTA AYGO,8,E01016799,0,3
2024461430691,2024,461430691,2,9,0,-1,4,6,3,-1,0,0,0,0,0,0,2,9,-1,2,2,22,5,998,1,9,TOYOTA AYGO,9,E01032655,0,2
2024111491824,2024,111491824,1,9,0,-1,19,6,2,-1,0,1,0,0,0,0,4,1,-1,6,2,17,4,998,1,3,TOYOTA AYGO,1,E01020727,0,1
2024111533918,2024,111533918,3,9,0,-1,19,6,2,-1,0,0,0,0,0,0,1,1,-1,1,1,41,7,998,1,5,TOYOTA AYGO,4,E01020852,0,4
2024211429270,2024,211429270,2,9,0,-1,19,1,7,-1,0,7,0,0,0,0,2,1,-1,6,1,82,11,998,1,3,TOYOTA AYGO,5,E01014239,0,1
2024010545921,2024,010545921,2,9,0,6,6,9,9,99,99,9,9,99,9,99,1,9,6,6,3,-1,-1,998,1,18,TOYOTA AYGO,-1,-1,0,-1
2024371407794,2024,371407794,1,9,0,-1,19,6,2,-1,0,0,1,0,0,0,1,1,-1,9,2,25,5,998,1,14,TOYOTA AYGO,6,E01026902,0,3
2024010523046,2024,010523046,1,9,0,99,99,9,9,99,99,9,9,99,9,99,4,9,6,6,1,27,6,998,1,18,TOYOTA AYGO,2,E01000151,0,3
2024211529827,2024,211529827,1,9,0,-1,2,1,1,-1,2,0,0,0,0,0,3,1,-1,9,2,41,7,998,1,8,TOYOTA AYGO,1,E01014358,0,2
2024430476013,2024,430476013,1,9,0,18,19,-1,-1,0,0,1,0,0,0,0,1,1,2,2,2,51,8,998,1,11,TOYOTA AYGO,5,E01033522,0,1
2024461522654,2024,461522654,1,9,0,-1,3,5,1,-1,0,1,0,0,0,0,1,1,-1,2,2,26,6,998,1,6,TOYOTA AYGO,3,E01024535,0,3
2024471517963,2024,471517963,2,9,0,-1,4,5,1,-1,0,0,0,0,0,0,2,1,-1,9,2,73,10,998,1,7,TOYOTA AYGO,6,E01031448,0,3
2024010519455,2024,010519455,2,9,9,99,99,9,9,99,99,0,9,99,0,0,9,9,2,2,2,39,7,998,1,9,TOYOTA AYGO,9,E01004171,0,2
2024211531810,2024,211531810,2,9,0,-1,9,2,7,-1,0,8,0,0,0,0,3,1,-1,1,1,19,4,998,1,17,TOYOTA AYGO,3,E01014283,0,1
2024461502494,2024,461502494,2,9,0,-1,9,1,5,-1,0,1,0,0,0,0,1,1,-1,9,2,58,9,998,1,10,TOYOTA AYGO,5,E01024420,0,2
2024461528777,2024,461528777,1,9,0,-1,5,7,3,-1,0,1,0,0,0,0,1,1,-1,9,2,58,9,998,1,15,TOYOTA AYGO,2,E01032815,0,1
2024440181091,2024,440181091,1,9,0,7,7,1,3,0,0,6,0,0,3,0,0,1,6,6,2,20,4,998,1,18,TOYOTA AYGO,9,E01022611,0,2
2024421494798,2024,421494798,1,9,0,-1,7,3,7,-1,0,1,0,0,1,0,3,1,-1,2,2,45,7,998,1,15,TOYOTA AYGO,4,E01021437,0,1
2024520403402,2024,520403402,2,9,0,18,19,8,2,0,0,0,0,0,1,0,1,1,6,6,1,63,9,998,1,2,TOYOTA AYGO,2,E01029304,0,2
2024471466570,2024,471466570,1,9,0,-1,14,6,8,-1,0,0,0,4,1,0,1,1,-1,6,2,80,11,998,1,9,TOYOTA AYGO,8,E01021036,0,1
2024052401914,2024,052401914,2,9,0,5,5,6,2,0,0,1,0,0,0,0,4,1,6,6,1,21,5,998,1,6,TOYOTA AYGO,8,E01007002,0,1
2024061531514,2024,061531514,1,9,0,-1,9,1,6,-1,0,8,0,0,0,0,4,1,-1,2,1,34,6,998,1,15,TOYOTA AYGO,2,E01004871,0,1
2024201436891,2024,201436891,2,9,0,-1,3,6,2,-1,0,0,0,0,0,0,2,9,-1,6,2,48,8,998,1,10,TOYOTA AYGO,2,E01009064,0,1
2024361438514,2024,361438514,3,9,0,-1,19,1,1,-1,0,0,0,0,0,0,1,1,-1,9,2,17,4,998,1,12,TOYOTA AYGO,7,E01026754,0,2
2024010533604,2024,010533604,2,9,0,3,3,2,6,0,0,8,0,0,0,0,1,1,6,6,2,45,7,998,1,12,TOYOTA AYGO,9,E01000804,0,1
2024131448325,2024,131448325,5,9,0,-1,19,5,1,-1,0,0,0,0,0,0,1,1,-1,9,2,31,6,998,1,6,TOYOTA AYGO,8,E01007309,0,5
2024141428538,2024,141428538,2,9,0,-1,7,4,8,-1,0,8,0,0,0,0,3,1,-1,9,2,35,6,998,1,9,TOYOTA AYGO,9,E01007749,0,2
2024101503269,2024,101503269,1,9,0,-1,9,6,2,-1,0,5,0,0,0,0,1,1,-1,2,2,43,7,998,1,8,TOYOTA AYGO,7,E01027473,0,3
2024041517626,2024,041517626,1,9,0,-1,19,6,2,-1,0,1,1,0,7,11,1,1,-1,9,2,38,7,998,1,16,TOYOTA AYGO,1,E01012657,0,2
2024201509389,2024,201509389,2,9,0,-1,10,8,6,-1,0,8,0,0,0,0,2,9,-1,9,1,35,6,998,1,12,TOYOTA AYGO,1,E01010295,0,1
2024141415603,2024,141415603,1,9,0,-1,19,7,3,-1,0,1,0,0,0,0,1,1,-1,6,1,30,6,998,1,7,TOYOTA AYGO,8,E01007868,0,1
2024141419469,2024,141419469,1,9,0,-1,4,8,4,-1,0,0,1,0,1,0,1,1,-1,7,1,17,4,998,1,5,TOYOTA AYGO,9,E01007425,0,1
2024010515899,2024,010515899,2,9,0,18,19,9,9,99,99,0,9,99,9,99,1,9,6,6,3,-1,-1,998,1,8,TOYOTA AYGO,-1,-1,0,-1
2024161398951,2024,161398951,2,9,0,-1,5,5,8,-1,0,6,0,0,0,0,1,1,-1,6,1,23,5,998,1,12,TOYOTA AYGO,8,E01013321,0,1
2024201512341,2024,201512341,1,9,0,-1,9,8,6,-1,0,6,0,0,0,0,1,1,-1,6,-1,-1,-1,998,1,8,TOYOTA AYGO,-1,-1,0,-1
2024211542629,2024,211542629,1,9,0,-1,19,4,8,-1,0,8,0,0,1,2,4,1,-1,9,1,74,10,998,1,10,TOYOTA AYGO,8,E01029704,0,1
2024340NN0052,2024,340NN0052,2,9,0,-1,3,1,5,-1,0,0,0,0,0,0,2,1,-1,9,2,20,4,998,1,15,TOYOTA AYGO,1,E01027127,0,1
2024610040124,2024,610040124,1,9,0,18,19,5,1,0,0,4,0,0,3,1,1,1,6,6,2,50,8,998,1,11,TOYOTA AYGO,-1,-1,0,-1
202460Q171821,2024,60Q171821,3,9,0,18,19,8,4,0,0,0,0,0,1,0,2,1,6,6,2,40,7,998,1,0,TOYOTA AYGO,-1,-1,0,-1
2024061440958,2024,061440958,2,9,0,-1,9,3,7,-1,0,0,0,0,0,0,3,1,-1,9,2,60,9,998,1,8,TOYOTA AYGO,5,E01005711,0,1
2024131463690,2024,131463690,1,9,0,-1,19,5,1,-1,0,0,0,0,0,0,1,1,-1,9,1,25,5,998,1,15,TOYOTA AYGO,3,E01010984,0,4
2024231526153,2024,231526153,2,9,0,-1,19,6,2,-1,0,8,0,0,0,0,1,1,-1,6,2,40,7,998,1,1,TOYOTA AYGO,2,E01031273,0,2
2024471465505,2024,471465505,1,9,0,-1,19,1,5,-1,0,4,0,0,0,0,1,1,-1,2,1,62,9,998,1,10,TOYOTA AYGO,4,E01031671,0,1
2024010540416,2024,010540416,3,9,0,13,13,8,4,0,0,0,0,0,7,0,1,1,6,6,1,18,4,998,1,15,TOYOTA AYGO,3,E01034218,0,1
2024311508720,2024,311508720,2,9,0,-1,9,3,2,-1,0,1,0,0,0,0,1,1,-1,6,2,19,4,998,1,14,TOYOTA AYGO,7,E01028021,0,1
2024010516548,2024,010516548,1,9,0,9,9,7,4,0,0,1,0,0,0,0,1,1,6,6,1,74,10,998,1,5,TOYOTA AYGO,6,E01003273,0,2
2024041524519,2024,041524519,1,9,0,-1,19,5,1,-1,0,1,0,0,0,0,1,1,-1,9,1,31,6,998,1,17,TOYOTA AYGO,2,E01012579,0,1
2024320225260,2024,320225260,1,9,0,9,9,3,8,0,0,8,0,0,0,0,1,1,-1,-1,2,17,4,998,1,13,TOYOTA AYGO,9,E01026164,0,1
2024311413823,2024,311413823,1,9,0,-1,19,8,4,-1,0,0,1,0,1,9,1,1,-1,2,2,39,7,998,1,12,TOYOTA AYGO,3,E01033400,0,2
2024520403415,2024,520403415,1,9,0,18,19,1,5,0,0,1,0,0,0,0,1,1,6,6,1,83,11,998,1,5,TOYOTA AYGO,8,E01029129,0,1
2024522401936,2024,522401936,2,9,0,18,19,2,6,0,0,2,0,0,0,0,1,1,6,6,2,41,7,998,1,7,TOYOTA AYGO,6,E01014494,0,1
2024440502099,2024,440502099,1,9,0,9,9,8,6,0,0,1,0,0,0,0,2,1,6,6,1,41,7,998,1,17,TOYOTA AYGO,10,E01023200,0,2
2024221427599,2024,221427599,1,9,0,-1,13,1,6,-1,0,0,0,10,1,10,1,1,-1,9,2,18,4,998,1,16,TOYOTA AYGO,7,E01032399,0,1
2024411503387,2024,411503387,2,9,0,-1,19,1,5,-1,0,0,0,0,0,0,1,1,-1,6,2,51,8,998,1,0,TOYOTA AYGO,9,E01017637,0,4
2024461478590,2024,461478590,1,9,0,-1,7,4,7,-1,0,8,0,0,0,0,3,1,-1,6,1,18,4,998,1,8,TOYOTA AYGO,7,E01024362,0,3
2024010539756,2024,010539756,1,9,0,18,19,1,5,0,0,1,0,0,0,0,1,1,6,6,2,27,6,998,1,5,TOYOTA AYGO,4,E01001397,0,1
2024052402003,2024,052402003,1,9,0,18,19,8,4,0,0,0,0,0,0,0,1,1,6,6,2,53,8,998,1,9,TOYOTA AYGO,1,E01007238,0,2
2024041431715,2024,041431715,2,9,0,-1,19,3,7,-1,0,0,0,0,1,0,3,1,-1,6,1,56,9,998,1,2,TOYOTA AYGO,6,E01025531,0,3
2024061514610,2024,061514610,1,9,0,-1,9,0,0,-1,0,6,1,0,0,0,1,1,-1,9,1,36,7,998,1,13,TOYOTA AYGO,1,E01005461,0,3
2024332400419,2024,332400419,1,9,0,-1,19,3,7,-1,0,0,0,0,0,0,1,1,-1,9,2,27,6,998,1,13,TOYOTA AYGO,2,E01029827,0,4
2024401420569,2024,401420569,1,9,0,-1,19,7,3,-1,0,3,0,0,0,0,1,1,-1,6,2,83,11,998,1,6,TOYOTA AYGO,-1,-1,0,-1
2024451466533,2024,451466533,2,9,0,-1,2,0,0,-1,0,0,0,0,1,11,2,1,-1,6,-1,-1,-1,998,1,7,TOYOTA AYGO,-1,-1,0,-1
2024010534697,2024,010534697,2,9,0,99,99,9,9,99,99,9,9,99,9,99,1,9,6,6,3,-1,-1,998,1,19,TOYOTA AYGO,-1,-1,0,-1