collision_index,collision_year,collision_ref_no,vehicle_reference,vehicle_type,towing_and_articulation,vehicle_manoeuvre_historic,vehicle_manoeuvre,vehicle_direction_from,vehicle_direction_to,vehicle_location_restricted_lane_historic,vehicle_location_restricted_lane,junction_location,skidding_and_overturning,hit_object_in_carriageway,vehicle_leaving_carriageway,hit_object_off_carriageway,first_point_of_impact,vehicle_left_hand_drive,journey_purpose_of_driver_historic,journey_purpose_of_driver,sex_of_driver,age_of_driver,age_band_of_driver,engine_capacity_cc,propulsion_code,age_of_vehicle,generic_make_model,driver_imd_decile,lsoa_of_driver,escooter_flag,driver_distance_banding
2024440153060,2024,440153060,1,9,0,9,9,5,4,0,0,8,0,0,0,0,4,1,6,6,2,72,10,998,1,14,TOYOTA AYGO,8,E01023245,0,1
2024991538775,2024,991538775,1,9,0,-1,5,3,7,-1,0,1,0,0,0,0,4,1,-1,6,2,77,11,998,1,10,TOYOTA AYGO,8,-1,0,1
2024520402847,2024,520402847,2,9,0,18,19,6,2,0,0,8,5,0,0,0,1,1,6,6,2,61,9,998,1,10,TOYOTA AYGO,8,E01029282,0,1
2024010540792,2024,010540792,2,9,0,99,99,9,9,99,99,0,9,99,9,99,1,9,6,6,3,25,5,998,1,11,TOYOTA AYGO,10,E01002387,0,1
2024141527148,2024,141527148,2,9,0,-1,19,1,6,-1,0,1,0,0,0,0,4,1,-1,6,2,45,7,998,1,6,TOYOTA AYGO,9,E01008141,0,1
2024231427101,2024,231427101,2,9,0,-1,4,7,3,-1,0,0,0,0,0,0,2,1,-1,6,2,58,9,998,1,17,TOYOTA AYGO,1,E01009477,0,3
2024311500783,2024,311500783,2,9,0,-1,19,2,2,-1,0,4,0,0,0,0,3,2,-1,9,2,22,5,998,1,15,TOYOTA AYGO,2,E01013845,0,1
2024061492605,2024,061492605,1,9,0,-1,10,4,2,-1,0,1,0,0,0,0,3,1,-1,9,2,49,8,998,1,11,TOYOTA AYGO,8,E01005416,0,2
2024411534289,2024,411534289,3,9,0,-1,19,1,5,-1,0,0,0,0,0,0,2,1,-1,6,2,67,10,998,1,5,TOYOTA AYGO,10,E01023824,0,1
2024631478628,2024,631478628,1,9,0,-1,19,4,8,-1,0,0,0,4,1,0,1,1,-1,6,1,25,5,998,1,15,TOYOTA AYGO,7,W01000558,0,4
2024201537088,2024,201537088,2,9,0,-1,9,8,6,-1,0,5,0,0,0,0,1,1,-1,6,1,34,6,998,1,15,TOYOTA AYGO,4,E01009187,0,1
2024010531525,2024,010531525,2,9,0,18,19,1,5,0,0,8,0,0,0,0,1,1,6,6,2,66,10,998,1,4,TOYOTA AYGO,8,E01000258,0,3
2024531427604,2024,531427604,2,9,0,-1,19,3,7,-1,0,1,0,0,1,1,1,2,-1,2,1,43,7,998,1,17,TOYOTA AYGO,9,E01022116,0,1
2024421534179,2024,421534179,1,9,0,-1,19,1,5,-1,0,2,0,0,0,0,1,1,-1,6,1,35,6,998,1,16,TOYOTA AYGO,7,E01015977,0,3
2024991416899,2024,991416899,1,9,0,-1,19,8,4,-1,0,1,0,0,0,0,1,1,-1,2,2,62,9,998,1,14,TOYOTA AYGO,4,-1,0,1
2024141408069,2024,141408069,1,9,0,-1,19,2,6,-1,0,8,0,0,0,0,1,2,-1,2,2,22,5,998,1,16,TOYOTA AYGO,5,E01018308,0,4
2024131520549,2024,131520549,1,9,0,-1,19,7,3,-1,0,0,0,0,0,0,1,1,-1,6,2,31,6,998,1,3,TOYOTA AYGO,3,E01011804,0,3
2024201554819,2024,201554819,2,9,0,-1,19,4,8,-1,0,1,0,0,0,0,2,9,-1,6,1,-1,-1,998,1,19,TOYOTA AYGO,-1,-1,0,-1
2024070131911,2024,070131911,1,9,0,1,1,1,5,0,0,0,0,0,0,0,2,1,6,6,2,21,5,998,1,7,TOYOTA AYGO,-1,-1,0,-1
2024440433718,2024,440433718,1,9,0,18,19,2,6,0,0,0,5,4,0,0,1,1,6,6,2,76,11,998,1,5,TOYOTA AYGO,9,E01022920,0,1
2024471458458,2024,471458458,1,9,0,-1,14,8,4,-1,0,1,0,0,0,0,4,1,-1,6,1,52,8,998,1,18,TOYOTA AYGO,2,E01031432,0,1
2024991454609,2024,991454609,1,9,0,-1,2,0,0,-1,0,0,0,0,0,0,3,1,-1,6,-1,-1,-1,998,1,14,TOYOTA AYGO,-1,-1,0,-1
2024231462993,2024,231462993,1,9,0,-1,19,1,3,-1,0,0,0,0,0,0,1,1,-1,6,2,20,4,998,1,5,TOYOTA AYGO,4,E01031170,0,1
2024201452604,2024,201452604,1,9,0,-1,9,1,6,-1,0,5,0,0,0,0,4,9,-1,1,1,26,6,998,1,16,TOYOTA AYGO,3,E01017711,0,5
2024052401145,2024,052401145,2,9,0,18,19,4,8,0,0,8,0,0,0,0,1,1,6,6,2,51,8,998,1,15,TOYOTA AYGO,10,E01025502,0,3
2024010546263,2024,010546263,2,9,0,2,2,0,0,0,0,0,0,0,0,0,2,1,6,6,3,-1,-1,998,1,5,TOYOTA AYGO,-1,-1,0,-1
2024471432835,2024,471432835,2,9,0,-1,19,5,1,-1,0,4,0,0,0,0,3,1,-1,9,2,52,8,998,1,10,TOYOTA AYGO,9,E01031769,0,1
2024221497678,2024,221497678,1,9,0,-1,19,7,3,-1,0,0,2,10,2,0,1,1,-1,6,1,23,5,998,1,12,TOYOTA AYGO,8,E01017694,0,4
2024041459540,2024,041459540,2,9,0,-1,19,5,1,-1,0,0,5,0,0,0,3,1,-1,9,2,18,4,998,1,16,TOYOTA AYGO,9,E01025451,0,1
2024161403361,2024,161403361,2,9,0,-1,19,7,3,-1,0,0,0,0,0,0,2,1,-1,9,1,32,6,998,1,19,TOYOTA AYGO,3,E01013198,0,1
2024010540036,2024,010540036,1,9,9,99,99,9,9,99,99,9,9,99,9,99,9,9,6,6,2,24,5,998,1,8,TOYOTA AYGO,9,E01021203,0,4
2024010534197,2024,010534197,1,9,0,4,4,5,1,0,0,1,0,4,0,0,1,1,6,6,2,24,5,998,1,6,TOYOTA AYGO,2,E01003044,0,1
2024010532494,2024,010532494,3,9,0,4,4,1,5,0,0,1,0,0,0,0,4,1,2,2,1,65,9,998,1,0,TOYOTA AYGO,8,E01002367,0,1
2024461423018,2024,461423018,2,9,0,-1,2,0,0,-1,0,0,0,0,0,0,2,1,-1,6,2,59,9,998,1,8,TOYOTA AYGO,10,E01024150,0,1
2024332400544,2024,332400544,1,9,0,-1,19,1,3,-1,0,0,1,0,1,4,2,1,-1,2,2,57,9,998,1,16,TOYOTA AYGO,9,E01025675,0,3
2024131495718,2024,131495718,2,9,0,-1,19,3,3,-1,0,1,0,0,0,0,1,1,-1,6,1,25,5,998,1,5,TOYOTA AYGO,7,E01011603,0,1
2024991484574,2024,991484574,1,9,0,-1,19,4,8,-1,0,0,5,0,7,0,3,1,-1,6,1,21,5,998,1,18,TOYOTA AYGO,6,-1,0,1
2024461436147,2024,461436147,2,9,0,-1,3,1,5,-1,0,0,0,0,0,0,1,1,-1,6,2,82,11,998,1,9,TOYOTA AYGO,4,E01016115,0,1
2024141492862,2024,141492862,2,9,0,-1,9,3,1,-1,0,6,0,0,0,0,1,1,-1,6,1,-1,-1,998,1,4,TOYOTA AYGO,-1,-1,0,-1
2024141469852,2024,141469852,2,9,0,-1,14,1,5,-1,0,0,0,0,0,0,1,1,-1,9,1,64,9,998,1,11,TOYOTA AYGO,9,E01008079,0,1
2024010506358,2024,010506358,1,9,0,7,7,5,8,2,2,6,0,0,0,0,1,1,6,6,2,27,6,998,1,3,TOYOTA AYGO,2,E01034472,0,1
2024061434559,2024,061434559,1,9,0,-1,7,6,2,-1,0,1,0,0,0,0,0,1,-1,2,2,21,5,998,1,5,TOYOTA AYGO,6,E01025383,0,3
2024131420858,2024,131420858,2,9,0,-1,-1,-1,-1,-1,-1,8,-1,-1,-1,0,-1,1,-1,9,1,21,5,998,1,11,TOYOTA AYGO,1,E01010829,0,1
2024041503140,2024,041503140,1,9,0,-1,5,7,7,-1,0,8,0,0,0,0,2,1,-1,9,1,64,9,998,1,7,TOYOTA AYGO,6,E01025607,0,2
2024440333783,2024,440333783,2,9,0,3,3,7,3,0,0,1,0,0,0,0,2,1,2,2,1,49,8,998,1,15,TOYOTA AYGO,6,E01022700,0,1
2024201467115,2024,201467115,2,9,0,-1,19,8,4,-1,0,8,0,0,0,0,1,1,-1,6,1,65,9,998,1,15,TOYOTA AYGO,5,E01009583,0,1
2024471532019,2024,471532019,1,9,0,-1,5,3,7,-1,0,4,0,0,0,0,1,1,-1,9,1,32,6,998,1,17,TOYOTA AYGO,9,E01031622,0,3
2024010510046,2024,010510046,1,9,0,18,19,6,2,9,9,3,1,0,8,7,1,1,6,6,1,18,4,998,1,3,TOYOTA AYGO,10,E01000811,0,3
2024101416138,2024,101416138,1,9,0,-1,9,6,4,-1,0,8,0,0,0,0,3,9,-1,6,2,36,7,998,1,17,TOYOTA AYGO,1,E01008540,0,1
2024010537167,2024,010537167,2,9,0,99,99,9,9,99,99,9,9,99,9,99,9,9,6,6,3,-1,-1,998,1,14,TOYOTA AYGO,-1,-1,0,-1
2024052400528,2024,052400528,2,9,0,4,4,8,4,0,0,0,0,0,0,0,2,1,6,6,2,24,5,998,1,11,TOYOTA AYGO,2,E01007181,0,2
2024430478583,2024,430478583,2,9,0,8,8,2,5,0,0,1,0,0,0,0,2,1,6,6,1,35,6,998,1,10,TOYOTA AYGO,7,E01016728,0,1
2024010550043,2024,010550043,1,9,0,18,19,1,5,0,0,0,0,7,0,0,1,1,6,6,2,77,11,998,1,16,TOYOTA AYGO,6,E01002882,0,1
2024340WN1722,2024,340WN1722,2,9,0,-1,9,1,5,-1,0,8,0,0,0,0,4,1,-1,9,1,69,10,998,1,15,TOYOTA AYGO,2,E01027155,0,1
2024332400208,2024,332400208,1,9,0,-1,19,4,8,-1,0,4,0,0,0,0,1,1,-1,2,2,34,6,998,1,1,TOYOTA AYGO,10,E01025649,0,3
2024440537686,2024,440537686,1,9,0,9,9,7,5,0,0,6,0,0,0,0,4,1,6,6,1,78,11,998,1,10,TOYOTA AYGO,10,E01017146,0,1
2024430205139,2024,430205139,1,9,0,18,19,5,1,0,0,8,0,0,0,0,1,1,6,6,2,60,9,998,1,13,TOYOTA AYGO,9,E01016793,0,1
2024471530314,2024,471530314,2,9,0,-1,9,4,1,-1,0,0,0,0,0,0,1,2,-1,6,2,-1,-1,998,1,11,TOYOTA AYGO,-1,-1,0,-1
2024461509706,2024,461509706,3,9,0,-1,2,0,0,-1,0,0,0,0,0,0,2,2,-1,6,-1,-1,-1,998,1,4,TOYOTA AYGO,-1,-1,0,-1
2024411462660,2024,411462660,2,9,0,-1,5,2,4,-1,0,0,0,0,1,0,1,1,-1,9,2,40,7,998,1,3,TOYOTA AYGO,7,E01017420,0,3
2024041476643,2024,041476643,1,9,0,-1,5,1,5,-1,0,1,0,0,0,0,1,1,-1,9,1,27,6,998,1,7,TOYOTA AYGO,1,E01025084,0,3
2024161492160,2024,161492160,4,9,0,-1,2,0,0,-1,0,2,0,0,0,0,1,1,-1,6,-1,-1,-1,998,1,11,TOYOTA AYGO,-1,-1,0,-1
2024041442795,2024,041442795,1,9,0,-1,9,7,5,-1,0,8,0,0,0,0,1,1,-1,1,2,53,8,998,1,3,TOYOTA AYGO,6,E01025107,0,1
2024421467219,2024,421467219,1,9,0,-1,19,3,7,-1,0,1,0,0,0,0,1,1,-1,6,2,83,11,998,1,2,TOYOTA AYGO,-1,-1,0,-1
2024430187281,2024,430187281,2,9,0,18,19,2,6,0,0,1,0,0,0,0,1,1,6,6,2,-1,-1,998,1,3,TOYOTA AYGO,-1,-1,0,-1
2024041441775,2024,041441775,1,9,0,-1,5,1,5,-1,0,2,0,0,0,0,4,1,-1,9,1,76,11,998,1,4,TOYOTA AYGO,9,E01025346,0,1
2024471403143,2024,471403143,3,9,0,-1,3,1,5,-1,0,0,0,0,0,0,2,1,-1,9,1,55,8,998,1,5,TOYOTA AYGO,8,E01031664,0,4
2024131438019,2024,131438019,2,9,0,-1,19,1,2,-1,0,1,0,0,0,0,4,1,-1,9,1,20,4,998,1,16,TOYOTA AYGO,1,E01010733,0,3
2024471439539,2024,471439539,1,9,0,-1,19,7,3,-1,0,0,0,0,0,0,4,1,-1,6,1,35,6,998,1,10,TOYOTA AYGO,3,E01031752,0,1
2024471481189,2024,471481189,1,9,0,-1,9,1,7,-1,0,6,0,0,0,0,1,1,-1,2,1,55,8,998,1,4,TOYOTA AYGO,2,E01016945,0,1
2024320412565,2024,320412565,3,9,0,9,9,6,4,0,0,8,0,0,0,0,1,1,-1,-1,1,34,6,998,1,1,TOYOTA AYGO,7,E01015628,0,3
2024991477142,2024,991477142,1,9,0,-1,5,1,7,-1,0,6,0,0,0,0,3,1,-1,9,2,74,10,998,1,8,TOYOTA AYGO,7,-1,0,2
2024010548552,2024,010548552,1,9,0,18,19,5,1,0,0,1,0,0,0,0,3,1,6,6,1,45,7,998,1,11,TOYOTA AYGO,4,E01016516,0,2
2024052402718,2024,052402718,1,9,0,9,9,4,2,0,0,6,0,0,0,0,1,1,2,2,2,18,4,998,1,10,TOYOTA AYGO,1,E01006731,0,1
2024231532681,2024,231532681,2,9,0,-1,2,0,0,-1,9,0,2,0,1,0,2,9,-1,9,1,43,7,998,1,15,TOYOTA AYGO,5,E01028441,0,3
2024070018380,2024,070018380,2,9,0,5,5,7,1,0,0,8,0,0,0,0,1,1,6,6,3,-1,-1,998,1,1,TOYOTA AYGO,-1,-1,0,-1
2024522403081,2024,522403081,1,9,0,3,3,6,2,0,0,0,0,0,0,0,2,1,6,6,1,25,5,998,1,0,TOYOTA AYGO,6,W01001587,0,3
2024061487809,2024,061487809,1,9,0,-1,4,1,1,-1,0,0,0,99,0,0,2,1,-1,2,1,18,4,998,1,14,TOYOTA AYGO,1,E01005467,0,3
2024010537537,2024,010537537,2,9,0,99,99,9,9,99,99,9,9,99,9,99,9,9,6,6,3,-1,-1,998,1,1,TOYOTA AYGO,3,E01002562,0,3
2024201509216,2024,201509216,1,9,0,-1,7,4,6,-1,0,5,0,0,0,0,4,1,-1,6,-1,-1,-1,998,1,14,TOYOTA AYGO,-1,-1,0,-1
2024430290358,2024,430290358,1,9,0,18,19,6,2,0,0,1,1,0,0,0,1,1,6,6,2,31,6,998,1,10,TOYOTA AYGO,5,E01028441,0,1
2024421404370,2024,421404370,1,9,0,-1,3,7,3,-1,0,0,0,0,0,0,1,1,-1,6,1,67,10,998,1,1,TOYOTA AYGO,9,E01021526,0,1
2024461518935,2024,461518935,1,9,0,-1,5,1,3,-1,0,6,0,0,0,0,1,2,-1,6,2,56,9,998,1,9,TOYOTA AYGO,8,E01024100,0,4
2024451461690,2024,451461690,2,9,0,-1,19,3,7,-1,0,0,2,0,0,0,1,1,-1,9,2,59,9,998,1,17,TOYOTA AYGO,7,E01020357,0,5
2024991483996,2024,991483996,1,9,0,-1,19,1,5,-1,0,0,0,10,4,6,1,1,-1,2,1,50,8,998,1,12,TOYOTA AYGO,9,-1,0,2
2024430398721,2024,430398721,2,9,0,8,8,6,8,0,0,1,0,0,3,11,2,1,6,6,1,55,8,998,1,4,TOYOTA AYGO,10,E01016228,0,1
2024101410443,2024,101410443,2,9,0,-1,4,4,8,-1,0,0,0,0,7,0,2,1,-1,6,2,35,6,998,1,10,TOYOTA AYGO,8,E01008507,0,2
2024131494613,2024,131494613,1,9,0,-1,5,7,3,-1,0,0,0,0,0,0,4,1,-1,9,1,58,9,998,1,18,TOYOTA AYGO,1,E01011368,0,2
2024320645876,2024,320645876,1,9,0,-1,-1,5,1,0,0,0,0,0,0,0,1,1,6,6,2,47,8,998,1,3,TOYOTA AYGO,-1,-1,0,-1
2024010537092,2024,010537092,1,9,0,18,19,7,3,0,0,0,0,0,0,0,1,1,2,2,2,50,8,998,1,18,TOYOTA AYGO,6,E01034182,0,1
2024501422116,2024,501422116,2,9,0,-1,9,8,4,-1,0,1,1,0,1,0,1,1,-1,2,1,32,6,998,1,17,TOYOTA AYGO,4,E01020041,0,1
2024221440130,2024,221440130,1,9,0,-1,9,7,5,-1,0,5,2,0,0,0,1,1,-1,6,2,55,8,998,1,9,TOYOTA AYGO,9,E01032336,0,2
2024052400738,2024,052400738,3,9,0,18,19,1,5,0,0,0,0,0,0,0,2,1,6,6,2,43,7,998,1,10,TOYOTA AYGO,8,E01007311,0,1
2024471473517,2024,471473517,1,9,0,-1,4,5,1,-1,0,0,0,0,0,0,2,1,-1,9,2,24,5,998,1,3,TOYOTA AYGO,9,E01024802,0,4
2024061452367,2024,061452367,1,9,0,-1,19,1,1,-1,0,0,0,0,0,0,1,2,-1,6,3,30,6,998,1,14,TOYOTA AYGO,-1,-1,0,-1
2024141521568,2024,141521568,1,9,0,-1,19,7,3,-1,0,8,0,0,0,0,1,1,-1,2,1,20,4,998,1,14,TOYOTA AYGO,2,E01007942,0,1
2024161511045,2024,161511045,2,9,0,-1,9,4,2,-1,0,8,0,0,0,0,0,1,-1,6,2,26,6,998,1,10,TOYOTA AYGO,3,E01013233,0,1
2024461404641,2024,461404641,1,9,0,-1,19,2,6,-1,0,0,0,0,0,0,1,9,-1,6,1,46,8,998,1,17,TOYOTA AYGO,4,E01024162,0,1
2024520402560,2024,520402560,3,9,0,16,19,3,1,0,0,1,0,0,0,0,1,1,6,6,2,41,7,998,1,7,TOYOTA AYGO,4,E01029196,0,2
2024371479724,2024,371479724,2,9,0,-1,19,5,1,-1,0,8,0,0,0,0,3,1,-1,1,2,28,6,998,1,13,TOYOTA AYGO,10,E01021558,0,5
2024041471925,2024,041471925,2,9,0,-1,19,1,5,-1,0,1,0,0,0,0,4,1,-1,9,2,62,9,998,1,11,TOYOTA AYGO,5,E01024954,0,1
2024401449735,2024,401449735,3,9,0,-1,19,5,2,-1,0,8,0,0,0,0,2,1,-1,1,2,24,5,998,1,17,TOYOTA AYGO,5,E01034427,0,2
2024010518637,2024,010518637,2,9,0,18,19,7,3,0,0,8,0,0,0,0,4,1,6,6,2,34,6,998,1,13,TOYOTA AYGO,6,E01002005,0,4
2024061440342,2024,061440342,1,9,0,-1,19,3,6,-1,0,0,0,0,0,0,4,2,-1,6,2,29,6,998,1,5,TOYOTA AYGO,6,E01005643,0,1
2024371503197,2024,371503197,1,9,-1,-1,-1,1,6,-1,-1,1,-1,-1,-1,0,-1,1,-1,6,2,17,4,998,1,15,TOYOTA AYGO,7,E01029896,0,1
2024010549998,2024,010549998,1,9,0,14,14,2,6,0,0,1,0,0,0,0,1,1,2,2,1,44,7,998,1,8,TOYOTA AYGO,5,E01000916,0,1
2024010511411,2024,010511411,2,9,0,6,6,7,7,0,0,1,1,0,0,0,3,1,2,2,1,17,4,998,1,7,TOYOTA AYGO,5,E01001658,0,1
2024201407587,2024,201407587,2,9,0,-1,9,6,5,-1,0,1,0,0,0,0,2,9,-1,1,2,43,7,998,1,9,TOYOTA AYGO,3,E01029354,0,4
2024010531221,2024,010531221,1,9,0,1,1,5,1,0,0,8,0,0,0,0,2,1,1,1,1,59,9,998,1,18,TOYOTA AYGO,2,E01032579,0,2
2024401401637,2024,401401637,1,9,0,-1,99,1,5,-1,0,0,0,0,0,0,1,9,-1,6,1,-1,-1,998,1,7,TOYOTA AYGO,-1,-1,0,-1
2024520002158,2024,520002158,1,9,0,18,19,7,3,0,0,0,0,0,0,0,1,1,6,6,2,18,4,998,1,13,TOYOTA AYGO,5,E01014455,0,1
2024471400435,2024,471400435,2,9,0,-1,5,1,5,-1,-1,0,0,0,0,0,3,1,-1,9,2,18,4,998,1,10,TOYOTA AYGO,10,E01031627,0,2
2024401544249,2024,401544249,1,9,0,-1,19,8,4,-1,0,0,0,0,0,0,1,1,-1,2,1,63,9,998,1,7,TOYOTA AYGO,4,E01033827,0,3
2024101500532,2024,101500532,1,9,0,-1,19,5,1,-1,0,6,0,0,0,0,1,1,-1,6,1,48,8,998,1,1,TOYOTA AYGO,1,E01027518,0,4
2024010517778,2024,010517778,1,9,0,18,19,7,3,0,0,0,0,0,0,0,4,1,6,6,2,32,6,998,1,2,TOYOTA AYGO,-1,-1,0,-1
2024010534380,2024,010534380,2,9,0,99,99,9,9,99,99,9,9,99,9,99,2,9,6,6,3,-1,-1,998,1,9,TOYOTA AYGO,-1,-1,0,-1
2024401432972,2024,401432972,1,9,0,-1,19,2,6,-1,0,0,0,0,0,0,1,1,-1,6,2,43,7,998,1,16,TOYOTA AYGO,4,E01015792,0,1
2024411425372,2024,411425372,1,9,0,-1,5,7,4,-1,0,7,0,0,0,0,1,1,-1,1,2,23,5,998,1,16,TOYOTA AYGO,10,E01023889,0,4
2024461474388,2024,461474388,2,9,0,-1,19,7,4,-1,0,3,0,0,0,0,4,1,-1,9,2,57,9,998,1,7,TOYOTA AYGO,2,E01016159,0,1
202460Q057144,2024,60Q057144,1,9,0,5,5,5,1,0,0,0,0,0,0,0,1,1,6,6,1,25,5,998,1,5,TOYOTA AYGO,-1,-1,0,-1
2024010491889,2024,010491889,2,9,0,9,9,5,3,0,0,2,0,0,1,0,1,1,6,6,2,30,6,998,1,7,TOYOTA AYGO,2,E01033587,0,2
2024010532696,2024,010532696,1,9,0,5,5,5,1,9,9,6,0,0,1,0,1,1,2,2,2,30,6,998,1,15,TOYOTA AYGO,9,E01004595,0,2
2024141443517,2024,141443517,1,9,0,-1,19,6,2,-1,0,1,0,0,0,0,4,1,-1,1,2,62,9,998,1,11,TOYOTA AYGO,6,E01007795,0,3
2024501456762,2024,501456762,1,9,0,-1,9,5,6,-1,0,8,0,0,0,0,2,1,-1,9,2,63,9,998,1,9,TOYOTA AYGO,5,E01020050,0,1
2024201575360,2024,201575360,1,9,0,-1,1,5,1,-1,9,1,0,0,0,0,2,1,-1,9,1,40,7,998,1,7,TOYOTA AYGO,-1,-1,0,-1
2024501430374,2024,501430374,1,9,0,-1,13,8,4,-1,0,1,0,0,0,0,2,1,-1,6,2,62,9,998,1,6,TOYOTA AYGO,3,E01015085,0,1
2024302401519,2024,302401519,1,9,0,9,9,8,6,0,0,2,0,0,7,0,1,1,2,2,1,48,8,998,1,12,TOYOTA AYGO,1,E01008012,0,2
2024361498133,2024,361498133,1,9,0,-1,9,6,4,-1,0,0,0,0,7,0,4,2,-1,9,2,34,6,998,1,19,TOYOTA AYGO,3,E01024508,0,5
2024122400872,2024,122400872,2,9,0,18,19,5,1,0,0,6,0,0,0,0,1,1,6,6,2,45,7,998,1,16,TOYOTA AYGO,6,E01027741,0,1
2024031395225,2024,031395225,1,9,0,-1,19,7,3,-1,0,0,0,0,0,0,4,9,-1,2,2,61,9,998,1,10,TOYOTA AYGO,4,E01019098,0,1
2024061406265,2024,061406265,1,9,0,-1,5,6,2,-1,0,0,0,0,0,0,1,9,-1,6,1,45,7,998,1,11,TOYOTA AYGO,-1,-1,0,-1
2024421396546,2024,421396546,1,9,0,-1,3,3,7,-1,0,1,0,0,0,0,2,1,-1,6,2,57,9,998,1,8,TOYOTA AYGO,8,E01021830,0,1
2024421478422,2024,421478422,2,9,0,-1,19,7,3,-1,0,8,0,0,0,0,4,1,-1,9,2,69,10,998,1,5,TOYOTA AYGO,9,E01021804,0,1
2024231535008,2024,231535008,3,9,0,-1,2,0,0,-1,0,0,0,0,0,0,2,1,-1,6,2,66,10,998,1,1,TOYOTA AYGO,4,E01031030,0,1
2024221474678,2024,221474678,2,9,0,-1,19,7,3,-1,0,8,0,0,0,0,1,9,-1,6,1,36,7,998,1,11,TOYOTA AYGO,3,E01032254,0,1
2024041443826,2024,041443826,2,9,0,-1,7,3,5,-1,0,1,0,0,0,0,4,1,-1,1,1,33,6,998,1,17,TOYOTA AYGO,2,E01025247,0,1
2024440145638,2024,440145638,3,9,0,4,4,1,5,0,0,1,0,0,0,0,3,1,6,6,2,42,7,998,1,12,TOYOTA AYGO,2,E01017117,0,1
2024552400796,2024,552400796,1,9,0,18,19,8,4,0,0,0,0,0,0,0,1,1,2,2,2,42,7,998,1,8,TOYOTA AYGO,4,E01015371,0,1
2024061452870,2024,061452870,2,9,0,-1,19,-1,-1,-1,0,8,0,0,0,0,4,1,-1,9,1,18,4,998,1,10,TOYOTA AYGO,3,E01005161,0,1
2024520002620,2024,520002620,1,9,0,4,4,9,9,0,0,0,0,0,0,0,2,1,6,6,2,24,5,998,1,12,TOYOTA AYGO,10,E01014823,0,4
2024101410655,2024,101410655,2,9,0,-1,4,7,3,-1,0,1,0,0,0,0,2,1,-1,9,2,77,11,998,1,7,TOYOTA AYGO,-1,-1,0,-1
2024351411993,2024,351411993,1,9,0,-1,9,8,6,-1,4,0,0,0,0,0,3,1,-1,2,1,40,7,998,1,18,TOYOTA AYGO,10,E01018124,0,4
2024031491734,2024,031491734,2,9,0,-1,2,2,1,-1,0,1,0,0,0,0,2,1,-1,2,1,70,10,998,1,13,TOYOTA AYGO,-1,-1,0,-1
2024991477872,2024,991477872,1,9,0,-1,4,6,1,-1,0,0,0,0,0,0,1,1,-1,6,2,79,11,998,1,8,TOYOTA AYGO,1,-1,0,1
2024041461089,2024,041461089,1,9,0,-1,9,5,1,-1,0,0,0,0,0,0,3,1,-1,9,2,19,4,998,1,0,TOYOTA AYGO,5,E01025024,0,1
2024631441617,2024,631441617,1,9,0,-1,19,2,5,-1,0,0,5,0,7,10,1,1,-1,6,1,55,8,998,1,0,TOYOTA AYGO,4,W01000533,0,3
2024461479554,2024,461479554,2,9,0,-1,4,1,5,-1,0,4,0,0,0,0,2,9,-1,9,1,41,7,998,1,7,TOYOTA AYGO,5,E01016127,0,1
202454B065124,2024,54B065124,2,9,0,3,3,8,4,0,0,1,0,0,0,0,2,1,6,6,2,28,6,998,1,4,TOYOTA AYGO,8,E01031904,0,2
2024471528984,2024,471528984,1,9,0,-1,19,1,5,-1,0,0,0,4,0,0,1,1,-1,9,2,61,9,998,1,7,TOYOTA AYGO,6,E01021145,0,2
2024421462661,2024,421462661,1,9,0,-1,9,5,3,-1,0,6,0,0,0,0,4,1,-1,9,2,71,10,998,1,7,TOYOTA AYGO,10,E01021580,0,1
2024401463733,2024,401463733,2,9,0,-1,19,7,3,-1,0,8,0,0,0,0,4,1,-1,6,2,66,10,998,1,10,TOYOTA AYGO,3,E01017562,0,1
2024522403326,2024,522403326,1,9,0,17,19,2,7,0,0,8,0,0,0,0,1,1,6,6,3,-1,-1,998,1,16,TOYOTA AYGO,-1,-1,0,-1
2024010512011,2024,010512011,2,9,0,18,19,5,1,0,0,1,0,0,0,0,3,1,6,6,1,25,5,998,1,10,TOYOTA AYGO,9,E01023674,0,4
2024131527363,2024,131527363,1,9,0,-1,-1,-1,-1,-1,-1,-1,-1,-1,-1,-1,-1,1,-1,6,3,-1,-1,998,1,11,TOYOTA AYGO,-1,-1,0,-1
2024031448861,2024,031448861,3,9,0,-1,3,0,0,-1,0,0,0,0,1,0,2,1,-1,6,2,51,8,998,1,6,TOYOTA AYGO,6,E01000285,0,5
2024141514889,2024,141514889,1,9,0,-1,19,3,7,-1,0,0,0,0,0,0,3,1,-1,9,2,33,6,998,1,6,TOYOTA AYGO,4,E01008161,0,2
2024010517902,2024,010517902,1,9,0,99,99,9,9,99,99,9,9,99,9,99,2,9,6,6,2,34,6,998,1,15,TOYOTA AYGO,4,E01002346,0,3
2024061520105,2024,061520105,2,9,0,-1,9,8,5,-1,99,0,9,0,0,0,1,1,-1,6,2,22,5,998,1,16,TOYOTA AYGO,2,E01006034,0,1
2024010504504,2024,010504504,1,9,9,99,99,9,9,99,99,0,9,99,9,99,9,9,6,6,1,20,4,998,1,3,TOYOTA AYGO,9,E01001020,0,4
2024041440972,2024,041440972,1,9,0,-1,19,1,5,-1,0,0,0,0,0,0,1,1,-1,6,2,28,6,998,1,8,TOYOTA AYGO,2,E01025578,0,1
2024131405323,2024,131405323,4,9,0,-1,19,1,1,-1,0,0,1,0,0,0,2,1,-1,1,2,46,8,998,1,6,TOYOTA AYGO,6,E01011070,0,4