collision_index,collision_year,collision_ref_no,vehicle_reference,vehicle_type,towing_and_articulation,vehicle_manoeuvre_historic,vehicle_manoeuvre,vehicle_direction_from,vehicle_direction_to,vehicle_location_restricted_lane_historic,vehicle_location_restricted_lane,junction_location,skidding_and_overturning,hit_object_in_carriageway,vehicle_leaving_carriageway,hit_object_off_carriageway,first_point_of_impact,vehicle_left_hand_drive,journey_purpose_of_driver_historic,journey_purpose_of_driver,sex_of_driver,age_of_driver,age_band_of_driver,engine_capacity_cc,propulsion_code,age_of_vehicle,generic_make_model,driver_imd_decile,lsoa_of_driver,escooter_flag,driver_distance_banding
2024010542854,2024,010542854,2,9,0,9,9,4,2,0,0,8,0,0,0,0,1,1,6,6,1,29,6,998,1,16,TOYOTA AYGO,5,E01003329,0,1
2024991415600,2024,991415600,2,9,0,-1,10,7,6,-1,0,6,0,0,0,0,4,1,-1,2,1,51,8,998,1,3,TOYOTA AYGO,-1,-1,0,-1
2024141520620,2024,141520620,1,9,0,-1,19,5,1,-1,0,8,0,0,0,0,1,1,-1,2,2,29,6,998,1,9,TOYOTA AYGO,1,E01007738,0,1
2024451512251,2024,451512251,2,9,0,-1,19,1,5,-1,0,1,0,0,0,0,3,1,-1,2,2,21,5,998,1,13,TOYOTA AYGO,7,E01030618,0,1
2024201489295,2024,201489295,1,9,0,-1,10,8,6,-1,0,8,0,0,0,0,1,1,-1,9,2,28,6,998,1,10,TOYOTA AYGO,1,E01009397,0,1
2024991396979,2024,991396979,1,9,0,-1,5,5,1,-1,0,3,0,0,0,0,4,1,-1,9,1,22,5,998,1,16,TOYOTA AYGO,-1,-1,0,-1
2024991514080,2024,991514080,1,9,0,-1,19,8,4,-1,0,1,0,0,1,0,1,1,-1,9,2,17,4,998,1,1,TOYOTA AYGO,5,-1,0,4
2024101481821,2024,101481821,1,9,0,-1,19,5,1,-1,0,0,0,0,0,0,1,1,-1,9,1,27,6,998,1,4,TOYOTA AYGO,1,E01008348,0,1
2024061538098,2024,061538098,1,9,-1,-1,-1,-1,-1,-1,-1,-1,-1,-1,-1,0,-1,9,-1,6,1,-1,-1,998,1,11,TOYOTA AYGO,7,E01025373,0,4
2024010496801,2024,010496801,1,9,0,99,99,9,9,99,99,9,9,99,9,99,2,9,6,6,2,44,7,998,1,2,TOYOTA AYGO,7,E01001600,0,1
2024471474504,2024,471474504,1,9,0,-1,9,7,5,-1,0,8,0,0,0,0,4,1,-1,9,2,68,10,998,1,4,TOYOTA AYGO,4,E01031364,0,1
2024311474840,2024,311474840,1,4,0,-1,19,5,1,-1,9,0,0,4,1,0,1,1,-1,6,1,30,6,124,1,4,-1,-1,-1,0,-1
2024320231718,2024,320231718,1,3,0,-1,-1,8,4,0,0,1,0,0,0,0,1,1,6,6,1,18,4,124,1,4,-1,8,E01026291,0,1
2024430306707,2024,430306707,1,5,0,18,19,7,3,0,0,0,1,0,0,0,0,1,6,6,1,77,11,654,1,-1,-1,9,E01017714,0,3
2024991469344,2024,991469344,1,4,0,-1,19,1,5,-1,0,1,0,0,0,0,1,1,-1,6,1,69,10,441,1,54,-1,8,-1,0,3
2024522401975,2024,522401975,1,5,0,9,9,6,2,0,0,1,0,0,0,0,1,1,6,6,1,62,9,650,1,-1,-1,8,E01014847,0,1
202460Q139402,2024,60Q139402,1,4,0,18,19,5,1,0,0,0,1,12,0,0,1,1,6,6,1,57,9,495,1,-1,-1,-1,-1,0,-1
2024501534811,2024,501534811,1,4,0,-1,19,1,5,-1,0,0,1,0,0,0,3,1,-1,9,1,69,10,500,1,66,-1,7,E01032628,0,3
2024052402201,2024,052402201,1,9,0,18,19,5,1,0,0,8,0,0,0,0,1,1,6,6,1,54,8,2151,2,1,-1,10,E01004950,0,4
2024471436210,2024,471436210,2,9,0,-1,9,7,3,-1,-1,0,0,0,0,0,1,1,-1,9,2,49,8,2497,1,1,-1,7,E01031478,0,1
2024340NN1222,2024,340NN1222,1,5,0,-1,19,2,6,-1,0,0,0,0,7,4,4,1,-1,9,1,60,9,1450,1,19,-1,2,E01027155,0,3
2024131472470,2024,131472470,2,5,0,-1,3,7,3,-1,0,4,0,0,0,0,2,1,-1,9,1,63,9,1450,1,22,-1,2,E01011223,0,3
2024451510159,2024,451510159,1,5,0,-1,9,5,1,-1,0,4,0,0,0,0,3,1,-1,1,1,35,6,1340,1,27,-1,7,E01030429,0,3
2024221412348,2024,221412348,1,5,0,-1,19,3,7,-1,0,0,1,0,0,0,4,1,-1,6,1,64,9,883,1,23,-1,9,E01032337,0,3
2024471480888,2024,471480888,1,5,0,-1,14,5,1,-1,-1,0,0,0,0,0,4,1,-1,9,1,66,10,1200,1,24,-1,9,E01004098,0,4
2024471482792,2024,471482792,2,5,0,-1,14,5,1,-1,0,1,0,0,0,0,1,1,-1,6,1,30,6,883,1,18,-1,7,E01021182,0,2
2024101426922,2024,101426922,1,5,0,-1,9,1,5,-1,0,0,0,0,1,0,4,1,-1,9,1,74,10,883,1,16,-1,3,E01008857,0,4
2024631436760,2024,631436760,1,5,0,-1,19,5,1,-1,0,4,1,0,3,10,0,1,-1,6,1,33,6,883,1,23,-1,10,W01001533,0,4
2024471457208,2024,471457208,2,5,0,-1,19,1,5,-1,0,0,0,0,0,0,1,1,-1,9,1,34,6,883,1,21,-1,10,E01031740,0,1
2024471475710,2024,471475710,2,5,0,-1,19,3,7,-1,0,0,0,0,0,0,1,1,-1,9,1,55,8,1200,1,24,-1,9,E01017003,0,1
2024522403156,2024,522403156,1,5,0,18,19,2,6,0,0,0,0,0,0,0,1,1,6,6,1,69,10,883,1,22,-1,10,E01014875,0,1
2024411515598,2024,411515598,2,5,-1,-1,-1,-1,-1,-1,-1,0,-1,-1,-1,0,-1,1,-1,6,1,63,9,883,1,25,-1,6,E01023601,0,1
2024221462585,2024,221462585,2,3,0,-1,9,5,3,-1,0,0,0,0,0,0,3,1,-1,6,1,73,10,125,1,13,-1,1,E01032469,0,1
2024131440868,2024,131440868,2,3,0,-1,19,1,5,-1,0,8,0,0,0,0,1,1,-1,6,1,17,4,125,1,13,-1,9,E01011847,0,1
2024010529230,2024,010529230,2,3,0,18,19,5,1,0,0,0,5,0,0,0,2,1,6,6,1,24,5,125,1,12,-1,5,E01033457,0,4
2024231414686,2024,231414686,2,5,0,-1,19,4,8,-1,0,8,0,0,0,0,4,1,-1,6,1,61,9,647,1,6,-1,2,E01013678,0,4
2024111404831,2024,111404831,2,10,0,-1,3,2,4,-1,0,1,0,0,0,0,2,9,-1,1,2,57,9,-1,-1,-1,-1,4,E01034489,0,1
2024101441454,2024,101441454,1,19,0,-1,19,1,5,-1,0,1,0,0,0,0,1,9,-1,6,3,75,10,5861,2,29,-1,-1,-1,0,-1
2024131458571,2024,131458571,2,20,0,-1,19,5,1,-1,0,8,2,0,1,0,1,1,-1,9,1,52,8,5861,2,24,-1,2,E01011851,0,4
2024461472226,2024,461472226,1,19,0,-1,19,8,4,-1,0,0,0,0,0,0,0,2,-1,1,1,29,6,-1,-1,-1,-1,-1,-1,0,-1
2024421415192,2024,421415192,2,98,0,-1,2,0,0,-1,0,0,0,0,0,0,2,1,-1,6,-1,-1,-1,3920,2,23,-1,-1,-1,0,-1
2024552400351,2024,552400351,1,9,0,18,19,8,4,0,0,8,0,0,0,0,1,1,6,6,1,55,8,1599,1,19,-1,5,E01023026,0,3
2024531465669,2024,531465669,1,9,0,-1,15,5,1,-1,0,1,0,0,0,0,4,1,-1,6,1,82,11,1599,1,19,-1,3,E01022132,0,1
2024531506573,2024,531506573,1,9,0,-1,12,6,2,-1,0,0,0,0,0,0,3,9,-1,6,1,-1,-1,1599,1,19,-1,10,E01022130,0,1
2024010538969,2024,010538969,1,9,0,4,4,5,1,0,0,4,0,0,0,0,1,1,2,2,1,33,6,1998,2,0,LAND ROVER RANGE ROVER VELAR,2,E01000052,0,2
2024461532672,2024,461532672,1,9,0,-1,19,7,3,-1,0,1,0,0,0,0,1,9,-1,6,1,43,7,1999,2,6,LAND ROVER RANGE ROVER VELAR,5,E01035271,0,1
2024340WN5352,2024,340WN5352,1,9,0,-1,19,7,3,-1,0,8,0,0,0,0,3,1,-1,6,2,46,8,2997,2,1,LAND ROVER RANGE ROVER VELAR,5,E01027136,0,1
2024531448795,2024,531448795,2,9,0,-1,19,7,3,-1,0,0,0,0,2,0,3,1,-1,6,1,31,6,1999,2,5,LAND ROVER RANGE ROVER VELAR,7,E01022225,0,4
2024010512366,2024,010512366,1,9,0,9,9,3,8,0,0,2,0,0,0,0,4,1,6,6,2,64,9,1997,1,6,LAND ROVER RANGE ROVER VELAR,2,E01002748,0,1
2024122400119,2024,122400119,2,9,0,3,3,3,7,0,0,1,0,0,0,0,2,1,6,6,2,25,5,1999,2,6,LAND ROVER RANGE ROVER VELAR,7,E01027921,0,3
2024451412804,2024,451412804,2,9,0,-1,19,3,7,-1,0,0,0,0,0,0,1,1,-1,1,2,44,7,1999,2,6,LAND ROVER RANGE ROVER VELAR,9,E01030313,0,1
2024231452077,2024,231452077,2,9,0,-1,4,2,6,-1,0,0,0,0,0,0,2,9,-1,9,2,27,6,1998,2,1,LAND ROVER RANGE ROVER VELAR,6,E01009657,0,2
2024361461127,2024,361461127,3,9,0,-1,19,7,3,-1,0,0,0,0,0,0,1,1,-1,9,2,30,6,1999,2,7,LAND ROVER RANGE ROVER VELAR,4,E01026884,0,2
2024411490592,2024,411490592,1,9,0,-1,13,7,3,-1,0,8,0,0,0,0,0,9,-1,6,2,32,6,1997,8,0,LAND ROVER RANGE ROVER VELAR,9,E01023470,0,4
2024332400817,2024,332400817,1,9,0,-1,5,5,1,-1,0,1,0,0,0,0,1,1,-1,6,3,-1,-1,1999,2,6,LAND ROVER RANGE ROVER VELAR,-1,-1,0,-1
2024122400307,2024,122400307,2,9,0,3,3,5,1,0,0,0,0,0,0,0,2,1,6,6,1,47,8,1999,2,5,LAND ROVER RANGE ROVER VELAR,10,E01013054,0,4
2024010504389,2024,010504389,1,9,0,2,2,0,0,0,0,1,0,0,0,0,3,1,6,6,3,-1,-1,1997,1,4,LAND ROVER RANGE ROVER VELAR,-1,-1,0,-1
2024440499981,2024,440499981,1,9,0,1,1,0,7,0,0,1,0,0,0,0,2,1,6,6,2,-1,-1,1997,1,2,LAND ROVER RANGE ROVER VELAR,-1,-1,0,-1
2024411412744,2024,411412744,1,9,0,-1,19,2,5,-1,0,0,0,11,0,0,1,1,-1,7,1,35,6,1997,8,1,LAND ROVER RANGE ROVER VELAR,5,E01023399,0,3
2024520403046,2024,520403046,2,9,0,3,3,8,4,0,0,8,0,0,0,0,1,1,6,6,1,31,6,1997,8,0,LAND ROVER RANGE ROVER VELAR,9,E01029024,0,2
2024010504814,2024,010504814,1,9,9,99,99,9,9,99,99,9,9,99,9,99,9,9,6,6,2,46,8,1999,2,5,LAND ROVER RANGE ROVER VELAR,3,E01001109,0,1
2024010504764,2024,010504764,1,9,0,18,19,3,7,0,0,2,0,0,0,0,3,1,6,6,2,52,8,1997,1,6,LAND ROVER RANGE ROVER VELAR,9,E01002472,0,1
2024010522554,2024,010522554,2,9,0,10,10,5,2,0,0,0,0,4,0,0,2,1,2,2,2,38,7,1998,1,7,LAND ROVER RANGE ROVER VELAR,-1,-1,0,-1
2024010532802,2024,010532802,1,9,9,99,99,9,9,99,99,9,9,99,9,99,9,9,6,6,3,44,7,1999,2,7,LAND ROVER RANGE ROVER VELAR,3,E01035294,0,4
2024361451908,2024,361451908,1,9,0,-1,19,1,5,-1,0,0,0,0,1,0,1,1,-1,6,1,57,9,1999,2,5,LAND ROVER RANGE ROVER VELAR,7,E01026536,0,2
2024340WN4792,2024,340WN4792,1,9,0,-1,19,7,3,-1,0,0,0,0,0,0,4,1,-1,6,1,39,7,2997,2,1,LAND ROVER RANGE ROVER VELAR,7,E01026350,0,4
2024010524816,2024,010524816,2,9,0,18,19,5,1,0,0,1,1,7,4,1,1,1,6,6,3,-1,-1,1997,1,6,LAND ROVER RANGE ROVER VELAR,-1,-1,0,-1
2024010509957,2024,010509957,2,9,0,99,99,9,9,99,99,0,9,99,9,99,2,9,6,6,3,-1,-1,1997,8,1,LAND ROVER RANGE ROVER VELAR,-1,-1,0,-1
2024010527403,2024,010527403,2,9,0,99,99,9,9,99,99,9,9,99,9,99,0,9,6,6,2,26,6,1999,2,4,LAND ROVER RANGE ROVER VELAR,3,E01002503,0,1
2024161415456,2024,161415456,1,9,0,-1,10,6,2,-1,0,1,0,0,0,0,2,9,-1,9,1,53,8,1999,2,3,LAND ROVER RANGE ROVER VELAR,9,E01012813,0,1
2024010521523,2024,010521523,1,9,0,9,9,1,6,0,0,0,0,0,0,0,3,1,6,6,1,56,9,2993,2,5,LAND ROVER RANGE ROVER VELAR,8,E01000678,0,1
2024361426348,2024,361426348,2,9,0,-1,19,1,5,-1,0,8,2,0,1,1,4,1,-1,9,2,37,7,1999,2,4,LAND ROVER RANGE ROVER VELAR,3,E01026719,0,1
2024010549025,2024,010549025,2,9,0,99,99,9,9,99,99,9,9,99,9,99,9,9,6,6,3,-1,-1,1999,2,6,LAND ROVER RANGE ROVER VELAR,-1,-1,0,-1
2024340WN6062,2024,340WN6062,1,9,0,-1,4,5,7,-1,0,1,0,0,0,0,1,1,-1,9,1,40,7,1999,2,5,LAND ROVER RANGE ROVER VELAR,-1,-1,0,-1
2024302400801,2024,302400801,2,9,0,18,19,2,6,0,0,0,0,0,0,0,1,1,6,6,1,57,9,1999,2,5,LAND ROVER RANGE ROVER VELAR,1,E01013484,0,1
2024411476797,2024,411476797,2,9,0,-1,4,6,2,-1,0,0,0,0,0,0,0,1,-1,6,1,46,8,1997,1,3,LAND ROVER RANGE ROVER VELAR,9,E01022063,0,3
202454C720324,2024,54C720324,2,9,0,18,19,6,2,0,0,1,0,0,0,0,2,1,6,6,2,32,6,1999,2,6,LAND ROVER RANGE ROVER VELAR,10,E01028745,0,2
2024421428494,2024,421428494,3,9,0,-1,19,6,2,-1,0,0,0,0,0,0,1,1,-1,6,2,34,6,1998,2,3,LAND ROVER RANGE ROVER VELAR,10,E01022085,0,1
2024471492590,2024,471492590,1,9,0,-1,7,7,1,-1,0,8,0,0,0,0,1,1,-1,9,1,71,10,1997,1,6,LAND ROVER RANGE ROVER VELAR,9,E01020945,0,1
2024161408226,2024,161408226,1,9,0,-1,19,1,5,-1,0,0,0,0,0,0,1,1,-1,9,1,45,7,1999,2,4,LAND ROVER RANGE ROVER VELAR,9,E01013241,0,1
2024221481788,2024,221481788,2,9,0,-1,19,6,2,-1,0,0,0,0,0,0,3,1,-1,6,1,52,8,1999,2,6,LAND ROVER RANGE ROVER VELAR,5,E01035067,0,1
2024070445342,2024,070445342,1,9,0,8,8,5,8,0,0,1,0,0,0,0,1,1,6,6,2,57,9,1999,2,6,LAND ROVER RANGE ROVER VELAR,9,E01006088,0,2
2024010515181,2024,010515181,2,9,0,99,99,9,9,99,99,9,9,99,9,99,9,9,6,6,1,-1,-1,1999,2,5,LAND ROVER RANGE ROVER VELAR,-1,-1,0,-1
2024501414830,2024,501414830,1,9,0,-1,19,4,8,-1,0,0,0,0,6,0,1,1,-1,6,1,42,7,1999,2,6,LAND ROVER RANGE ROVER VELAR,7,E01020209,0,1
2024552401257,2024,552401257,2,9,0,3,3,8,4,0,0,0,0,0,1,4,2,1,2,2,1,36,7,1999,2,5,LAND ROVER RANGE ROVER VELAR,6,E01031985,0,4
2024401486616,2024,401486616,3,9,0,-1,10,2,8,-1,0,1,0,0,0,0,1,1,-1,6,1,58,9,2995,1,6,LAND ROVER RANGE ROVER VELAR,9,E01017429,0,1
2024231419170,2024,231419170,1,9,0,-1,19,4,8,-1,0,0,5,0,1,1,1,1,-1,9,1,22,5,1999,2,6,LAND ROVER RANGE ROVER VELAR,6,E01002489,0,5
2024070126341,2024,070126341,3,9,0,18,19,5,1,0,0,1,0,0,8,4,1,1,6,6,1,62,9,1999,2,5,LAND ROVER RANGE ROVER VELAR,-1,-1,0,-1
2024471485772,2024,471485772,2,9,9,-1,1,8,2,-1,0,0,0,0,0,0,1,1,-1,6,1,38,7,1997,8,0,LAND ROVER RANGE ROVER VELAR,6,E01000238,0,4
2024041424345,2024,041424345,1,9,0,-1,19,5,1,-1,0,0,0,0,0,0,1,1,-1,9,1,32,6,1999,2,5,LAND ROVER RANGE ROVER VELAR,9,-1,0,5
2024010547628,2024,010547628,1,8,0,99,99,9,9,99,99,9,9,99,9,99,9,9,1,1,1,43,7,1997,1,6,LAND ROVER RANGE ROVER VELAR,9,E01003744,0,4
2024471444178,2024,471444178,1,9,0,-1,6,7,3,-1,0,1,0,0,0,0,1,1,-1,9,1,37,7,1999,2,4,LAND ROVER RANGE ROVER VELAR,9,E01031369,0,2
2024041468265,2024,041468265,1,9,0,-1,19,1,1,-1,0,1,0,4,0,0,1,1,-1,6,1,49,8,1998,2,3,LAND ROVER RANGE ROVER VELAR,2,E01006948,0,3
2024401400306,2024,401400306,3,9,0,-1,4,2,6,-1,0,0,0,0,0,0,4,9,-1,2,1,55,8,1997,8,1,LAND ROVER RANGE ROVER VELAR,7,E01017478,0,3
2024010515174,2024,010515174,2,9,9,99,99,9,9,99,99,9,9,99,9,99,9,9,6,6,3,-1,-1,1997,8,2,LAND ROVER RANGE ROVER VELAR,-1,-1,0,-1
2024101429940,2024,101429940,1,9,0,-1,4,1,5,-1,0,0,0,0,0,0,1,1,-1,6,1,48,8,1999,2,4,LAND ROVER RANGE ROVER VELAR,5,E01008795,0,2
2024471458252,2024,471458252,3,9,0,-1,3,3,7,-1,0,0,0,0,0,0,1,1,-1,6,1,43,7,1997,8,1,LAND ROVER RANGE ROVER VELAR,5,E01031373,0,2
2024071045238,2024,071045238,1,9,0,-1,19,7,3,-1,0,0,0,0,0,0,1,1,-1,6,1,35,6,1998,2,1,LAND ROVER RANGE ROVER VELAR,7,E01029768,0,3
2024401507346,2024,401507346,2,9,0,-1,19,5,1,-1,0,0,1,0,0,0,2,1,-1,6,1,32,6,1999,2,6,LAND ROVER RANGE ROVER VELAR,4,E01021277,0,4
2024430527707,2024,430527707,1,9,0,18,19,6,2,0,0,0,0,0,0,0,3,1,6,6,2,51,8,1999,2,6,LAND ROVER RANGE ROVER VELAR,10,E01016589,0,1
2024991483803,2024,991483803,2,9,0,-1,19,5,1,-1,0,0,0,0,1,0,1,1,-1,9,1,33,6,1999,2,5,LAND ROVER RANGE ROVER VELAR,9,-1,0,5
2024552401321,2024,552401321,2,9,0,3,3,3,7,0,0,0,0,0,0,0,2,1,2,2,2,37,7,1999,2,5,LAND ROVER RANGE ROVER VELAR,8,E01023066,0,1
2024010499922,2024,010499922,3,9,0,18,19,7,3,0,0,0,0,0,0,0,0,1,2,2,2,27,6,1997,1,5,LAND ROVER RANGE ROVER VELAR,3,E01004455,0,2
2024010514990,2024,010514990,2,9,0,18,19,2,6,0,0,1,0,0,1,0,1,1,6,6,2,28,6,1998,2,3,LAND ROVER RANGE ROVER VELAR,-1,-1,0,-1
2024161480701,2024,161480701,1,9,0,-1,19,3,7,-1,0,0,0,0,1,0,1,1,-1,9,1,39,7,1997,8,1,LAND ROVER RANGE ROVER VELAR,10,E01013090,0,1
2024351528614,2024,351528614,1,9,0,-1,10,3,7,-1,0,1,0,0,0,0,1,1,-1,6,1,39,7,1999,2,6,LAND ROVER RANGE ROVER VELAR,5,E01018080,0,1
2024041492694,2024,041492694,2,9,0,-1,19,5,1,-1,0,8,0,0,0,0,1,1,-1,9,1,56,9,1997,8,1,LAND ROVER RANGE ROVER VELAR,5,E01012635,0,1
2024201396240,2024,201396240,1,9,0,-1,9,2,8,-1,0,6,0,0,0,0,3,1,-1,2,1,40,7,1997,8,1,LAND ROVER RANGE ROVER VELAR,-1,-1,0,-1
2024622400088,2024,622400088,2,9,0,18,19,1,5,0,0,4,0,0,0,0,4,1,6,6,1,46,8,1997,1,4,LAND ROVER RANGE ROVER VELAR,2,W01001015,0,3
2024010511541,2024,010511541,2,9,0,99,99,9,9,99,99,9,9,99,9,99,2,9,6,6,3,-1,-1,2993,2,6,LAND ROVER RANGE ROVER VELAR,-1,-1,0,-1
2024531528140,2024,531528140,2,9,0,-1,2,0,0,-1,0,0,0,0,0,0,2,1,-1,6,-1,-1,-1,1997,8,0,LAND ROVER RANGE ROVER VELAR,-1,-1,0,-1
2024501414809,2024,501414809,2,9,0,-1,19,7,3,-1,0,0,0,0,0,0,1,1,-1,6,1,74,10,2993,2,5,LAND ROVER RANGE ROVER VELAR,7,E01015223,0,2
2024131426074,2024,131426074,1,9,0,-1,19,1,5,-1,0,1,0,0,0,0,1,1,-1,9,1,61,9,1999,2,5,LAND ROVER RANGE ROVER VELAR,3,E01011249,0,1
2024010545250,2024,010545250,4,9,0,18,19,7,3,0,0,8,0,0,0,0,1,1,6,6,2,41,7,1999,2,5,LAND ROVER RANGE ROVER VELAR,6,E01003411,0,3
2024401509478,2024,401509478,2,9,0,-1,4,3,7,-1,0,0,0,0,0,0,2,1,-1,6,2,35,6,1997,1,0,LAND ROVER RANGE ROVER VELAR,8,E01033815,0,3
2024010505084,2024,010505084,2,9,0,3,3,7,3,0,0,2,0,0,0,0,0,1,6,6,1,49,8,1997,1,5,LAND ROVER RANGE ROVER VELAR,4,E01001499,0,1
2024221457187,2024,221457187,2,9,0,-1,19,8,5,-1,0,0,1,0,0,0,1,9,-1,6,1,71,10,1997,8,2,LAND ROVER RANGE ROVER VELAR,5,E01028866,0,1
2024061406672,2024,061406672,1,9,-1,-1,-1,-1,-1,-1,-1,0,-1,-1,-1,0,-1,9,-1,6,2,-1,-1,1999,2,6,LAND ROVER RANGE ROVER VELAR,-1,-1,0,-1
2024010538919,2024,010538919,1,9,0,9,9,1,7,0,0,2,1,0,0,0,3,1,6,6,1,36,7,1999,2,6,LAND ROVER RANGE ROVER VELAR,2,E01000931,0,1
2024540590124,2024,540590124,1,9,0,17,19,5,8,0,0,8,0,0,0,0,1,1,6,6,1,57,9,1998,2,1,LAND ROVER RANGE ROVER VELAR,8,E01032709,0,2
2024041419093,2024,041419093,1,9,0,-1,9,7,1,-1,0,8,0,0,0,0,1,1,-1,9,1,51,8,1998,2,1,LAND ROVER RANGE ROVER VELAR,1,E01012578,0,1
2024451486641,2024,451486641,2,9,0,-1,19,1,5,-1,0,4,0,0,0,0,3,1,-1,9,1,33,6,1997,1,0,LAND ROVER RANGE ROVER VELAR,10,E01014767,0,5
2024070360783,2024,070360783,4,9,0,2,2,0,0,0,0,0,0,0,0,0,2,1,6,6,3,-1,-1,1998,2,3,LAND ROVER RANGE ROVER VELAR,-1,-1,0,-1
2024610041424,2024,610041424,2,9,0,9,9,8,6,0,0,6,0,0,4,6,3,1,6,6,2,57,9,1999,2,6,LAND ROVER RANGE ROVER VELAR,6,W01001976,0,4
2024461509286,2024,461509286,2,9,0,-1,19,2,6,-1,0,1,0,0,0,0,1,2,-1,6,2,36,7,1999,2,6,LAND ROVER RANGE ROVER VELAR,4,E01024587,0,4
2024111444589,2024,111444589,2,9,0,-1,19,3,7,-1,0,3,5,0,0,0,2,1,-1,9,1,38,7,2997,2,2,LAND ROVER RANGE ROVER VELAR,1,E01020885,0,2
2024141440873,2024,141440873,1,9,0,-1,7,8,2,-1,0,1,0,0,0,0,4,1,-1,9,1,29,6,2997,2,1,LAND ROVER RANGE ROVER VELAR,4,E01007460,0,1
2024201513817,2024,201513817,2,9,0,-1,5,2,6,-1,0,8,0,0,0,0,1,1,-1,2,1,47,8,1997,8,0,LAND ROVER RANGE ROVER VELAR,-1,-1,0,-1
2024522402934,2024,522402934,1,9,0,18,19,1,5,0,0,8,0,0,0,0,1,1,6,6,2,50,8,1997,1,6,LAND ROVER RANGE ROVER VELAR,10,E01014932,0,3
2024010545267,2024,010545267,2,9,0,5,5,7,3,0,0,2,0,0,0,0,1,1,6,6,3,-1,-1,1999,2,6,LAND ROVER RANGE ROVER VELAR,-1,-1,0,-1
2024411530684,2024,411530684,1,9,-1,-1,-1,-1,-1,-1,-1,0,-1,-1,-1,0,1,9,-1,6,2,-1,-1,1999,2,5,LAND ROVER RANGE ROVER VELAR,-1,-1,0,-1
2024161485146,2024,161485146,1,9,0,-1,9,4,2,-1,0,1,0,0,0,0,2,1,-1,6,1,52,8,1999,2,4,LAND ROVER RANGE ROVER VELAR,-1,-1,0,-1
2024201458032,2024,201458032,1,9,0,-1,2,0,0,-1,0,0,0,0,1,0,2,1,-1,1,1,61,9,1999,2,6,LAND ROVER RANGE ROVER VELAR,2,E01009999,0,3
2024421395585,2024,421395585,1,9,0,-1,19,7,3,-1,0,0,0,0,0,0,1,1,-1,6,1,35,6,1999,2,4,LAND ROVER RANGE ROVER VELAR,2,E01003048,0,4
2024311474630,2024,311474630,2,9,-1,-1,19,3,5,-1,0,0,0,0,0,0,1,1,-1,6,1,30,6,2993,2,7,LAND ROVER RANGE ROVER VELAR,-1,-1,0,-1
2024010507685,2024,010507685,1,9,0,9,9,5,3,0,0,6,0,0,3,0,3,2,6,6,2,37,7,2993,2,4,LAND ROVER RANGE ROVER VELAR,2,E01000040,0,4
2024421450734,2024,421450734,3,9,0,-1,2,0,0,-1,0,0,0,0,0,0,1,1,-1,6,-1,-1,-1,1999,2,5,LAND ROVER RANGE ROVER VELAR,-1,-1,0,-1
2024320377311,2024,320377311,2,9,0,-1,-1,4,2,0,0,8,0,0,1,0,3,1,-1,-1,1,54,8,1997,8,2,LAND ROVER RANGE ROVER VELAR,9,E01014545,0,5
2024010503471,2024,010503471,1,9,0,17,19,1,5,0,0,1,0,11,0,0,2,2,6,6,1,32,6,1999,2,5,LAND ROVER RANGE ROVER VELAR,4,E01002706,0,4
2024122400963,2024,122400963,3,9,0,13,13,5,1,0,0,0,0,0,0,0,1,1,6,6,1,44,7,1798,8,13,-1,2,E01032658,0,5
2024531502676,2024,531502676,1,9,0,-1,9,3,1,-1,0,1,0,0,0,0,4,1,-1,2,1,26,6,1461,2,6,MERCEDES A CLASS,5,E01022244,0,2
2024332400950,2024,332400950,1,9,0,-1,19,2,6,-1,0,8,0,0,0,0,1,1,-1,6,3,-1,-1,1461,2,9,MERCEDES A CLASS,-1,-1,0,-1
2024201529645,2024,201529645,2,9,0,-1,3,3,5,-1,0,0,0,0,0,0,2,9,-1,6,1,42,7,1461,2,11,MERCEDES A CLASS,1,E01009094,0,1
2024061524350,2024,061524350,1,9,0,-1,19,5,2,-1,9,0,0,0,0,0,3,1,-1,6,1,27,6,1332,1,4,MERCEDES A CLASS,1,E01005261,0,1
202417L210524,2024,17L210524,2,9,0,-1,2,0,0,-1,0,0,0,0,0,0,3,1,-1,9,1,28,6,2143,2,7,MERCEDES A CLASS,5,E01027871,0,4
2024311417053,2024,311417053,1,9,0,-1,5,1,5,-1,0,1,0,0,0,0,4,1,-1,6,2,43,7,1461,2,5,MERCEDES A CLASS,-1,-1,0,-1
2024131522254,2024,131522254,1,9,0,-1,19,1,1,-1,0,0,0,0,0,0,3,1,-1,2,2,26,6,1461,2,7,MERCEDES A CLASS,8,E01010863,0,1
2024010546040,2024,010546040,1,9,0,9,9,5,2,0,0,1,0,0,0,0,1,1,6,6,2,56,9,1332,1,6,MERCEDES A CLASS,7,E01030402,0,1