collision_index,collision_year,collision_ref_no,vehicle_reference,vehicle_type,towing_and_articulation,vehicle_manoeuvre_historic,vehicle_manoeuvre,vehicle_direction_from,vehicle_direction_to,vehicle_location_restricted_lane_historic,vehicle_location_restricted_lane,junction_location,skidding_and_overturning,hit_object_in_carriageway,vehicle_leaving_carriageway,hit_object_off_carriageway,first_point_of_impact,vehicle_left_hand_drive,journey_purpose_of_driver_historic,journey_purpose_of_driver,sex_of_driver,age_of_driver,age_band_of_driver,engine_capacity_cc,propulsion_code,age_of_vehicle,generic_make_model,driver_imd_decile,lsoa_of_driver,escooter_flag,driver_distance_banding
2024552400057,2024,552400057,2,9,0,9,9,8,6,0,0,6,0,0,0,0,3,1,6,6,2,33,6,1991,1,6,MERCEDES A CLASS,3,E01015289,0,1
2024141494398,2024,141494398,1,9,0,-1,19,3,7,-1,0,4,1,0,7,2,1,1,-1,9,2,22,5,1461,2,9,MERCEDES A CLASS,1,E01007320,0,3
2024010501386,2024,010501386,1,9,0,18,19,3,7,0,0,0,0,0,0,0,3,1,6,6,1,34,6,1461,2,6,MERCEDES A CLASS,4,E01000477,0,4
2024041414126,2024,041414126,1,9,0,-1,19,5,1,-1,0,0,0,0,1,0,1,1,-1,6,2,23,5,1461,2,5,MERCEDES A CLASS,1,E01012577,0,1
2024440431396,2024,440431396,2,9,0,18,19,3,7,0,0,1,0,0,0,0,1,1,6,6,1,74,10,1461,2,8,MERCEDES A CLASS,10,E01023169,0,1
2024131519638,2024,131519638,1,9,0,-1,5,4,8,-1,9,8,0,0,0,0,0,1,-1,9,1,20,4,1461,2,7,MERCEDES A CLASS,6,E01010787,0,2
2024610028724,2024,610028724,2,9,0,18,19,3,7,0,0,0,1,0,0,0,2,1,6,6,1,27,6,1332,1,4,MERCEDES A CLASS,6,W01001367,0,4
2024201444974,2024,201444974,2,9,0,-1,19,4,8,-1,0,8,0,0,0,0,1,9,-1,2,1,23,5,1332,1,4,MERCEDES A CLASS,1,E01010524,0,1
2024122500099,2024,122500099,2,9,0,17,19,5,1,0,0,0,0,0,1,0,1,1,1,1,1,30,6,2143,2,8,MERCEDES A CLASS,3,E01012289,0,4
2024052400252,2024,052400252,1,9,0,9,9,1,7,0,0,8,0,0,0,0,1,1,2,2,2,22,5,1461,2,8,MERCEDES A CLASS,1,E01006692,0,1
2024522403213,2024,522403213,2,9,0,9,9,7,5,0,0,8,0,0,0,0,1,1,6,6,1,29,6,1332,1,2,MERCEDES A CLASS,3,E01014830,0,1
2024430422803,2024,430422803,1,9,0,18,19,7,3,0,0,4,0,0,0,-1,1,1,6,6,1,33,6,1461,2,6,MERCEDES A CLASS,8,E01016830,0,1
2024340NN2792,2024,340NN2792,1,9,0,-1,19,5,1,-1,0,8,0,0,7,11,1,1,-1,9,2,57,9,1796,2,11,MERCEDES A CLASS,4,E01027350,0,1
2024131437011,2024,131437011,2,9,0,-1,4,1,5,-1,0,1,0,0,0,0,1,1,-1,9,1,32,6,1461,2,6,MERCEDES A CLASS,5,E01011440,0,3
2024461526147,2024,461526147,1,9,0,-1,13,3,7,-1,0,0,0,0,0,0,1,1,-1,2,2,34,6,1461,2,7,MERCEDES A CLASS,1,E01024682,0,4
2024461436296,2024,461436296,1,9,0,-1,19,5,1,-1,0,0,1,0,0,0,1,1,-1,6,1,26,6,1461,2,10,MERCEDES A CLASS,2,E01016068,0,3
2024520403263,2024,520403263,3,9,0,9,9,5,3,0,0,8,0,0,0,0,1,1,6,6,2,31,6,2143,2,9,MERCEDES A CLASS,6,E01029077,0,1
2024461468638,2024,461468638,2,9,0,-1,2,4,2,-1,0,0,0,0,0,0,3,9,-1,1,2,58,9,1498,1,13,MERCEDES A CLASS,5,E01024254,0,1
2024421519561,2024,421519561,1,9,0,-1,19,2,6,-1,0,0,1,4,0,0,1,1,-1,9,1,85,11,1332,1,2,MERCEDES A CLASS,5,E01022008,0,1
2024141415993,2024,141415993,1,9,0,-1,19,5,1,-1,0,0,0,0,0,0,2,1,-1,9,2,25,5,1332,8,0,MERCEDES A CLASS,3,E01028028,0,1
2024440088236,2024,440088236,1,9,0,2,2,0,0,0,0,1,0,0,0,0,0,1,3,7,2,25,5,1950,2,3,MERCEDES A CLASS,8,E01022948,0,1
2024041506676,2024,041506676,2,9,0,-1,19,1,5,-1,0,0,0,0,0,0,2,1,-1,9,1,30,6,1332,8,4,MERCEDES A CLASS,5,E01025598,0,3
2024010499437,2024,010499437,2,9,0,99,99,9,9,99,99,9,9,99,9,99,9,9,6,6,3,-1,-1,1461,2,5,MERCEDES A CLASS,-1,-1,0,-1
2024061458324,2024,061458324,1,9,0,-1,11,2,6,-1,0,1,0,0,0,0,1,9,-1,6,3,-1,-1,1461,2,7,MERCEDES A CLASS,-1,-1,0,-1
2024010509799,2024,010509799,2,9,0,5,5,8,4,0,0,5,0,0,0,0,1,1,6,6,1,35,6,1332,1,6,MERCEDES A CLASS,3,E01003689,0,1
202417H101824,2024,17H101824,2,9,0,-1,19,6,2,-1,0,2,0,0,0,0,1,1,-1,6,1,-1,-1,1332,8,3,MERCEDES A CLASS,-1,-1,0,-1
2024461439204,2024,461439204,2,9,0,-1,19,7,3,-1,0,8,0,0,0,0,3,1,-1,9,2,54,8,1332,1,2,MERCEDES A CLASS,9,E01016107,0,3
2024991511942,2024,991511942,1,9,0,-1,9,5,3,-1,0,1,0,0,0,0,1,1,-1,9,1,23,5,1332,1,5,MERCEDES A CLASS,10,-1,0,2
2024010514703,2024,010514703,1,9,0,5,5,1,5,0,0,1,0,0,0,0,1,1,6,6,2,25,5,1332,1,5,MERCEDES A CLASS,3,E01003106,0,2
2024361511516,2024,361511516,1,9,0,-1,19,1,5,-1,0,1,0,0,0,0,1,1,-1,2,2,28,6,1332,1,4,MERCEDES A CLASS,9,E01026582,0,1
2024610038424,2024,610038424,1,9,0,18,19,5,1,0,0,0,0,0,7,0,1,1,2,2,1,-1,-1,1461,2,9,MERCEDES A CLASS,6,W01001437,0,1
202460Q159477,2024,60Q159477,2,9,0,18,19,5,1,0,0,0,0,0,0,0,2,1,2,2,1,49,8,1332,8,2,MERCEDES A CLASS,-1,-1,0,-1
2024461463637,2024,461463637,2,9,0,-1,7,4,8,-1,0,4,0,0,0,0,4,1,-1,6,2,23,5,1461,2,7,MERCEDES A CLASS,5,E01024703,0,2
2024440174478,2024,440174478,1,9,0,5,5,6,2,0,0,2,0,0,0,0,3,1,6,6,1,23,5,1332,1,3,MERCEDES A CLASS,10,E01022931,0,1
2024401411949,2024,401411949,1,9,0,-1,19,3,7,-1,0,1,0,0,0,0,1,1,-1,6,1,33,6,1332,8,3,MERCEDES A CLASS,3,E01009876,0,5
2024010502443,2024,010502443,1,9,0,18,19,3,7,0,0,6,0,0,0,0,1,1,6,6,1,20,4,1991,1,8,MERCEDES A CLASS,4,E01003767,0,1
2024501398209,2024,501398209,1,9,0,-1,19,5,7,-1,0,0,0,0,0,0,4,9,-1,9,2,30,6,1332,8,1,MERCEDES A CLASS,-1,-1,0,-1
2024421417260,2024,421417260,2,9,0,-1,-1,-1,-1,-1,-1,0,-1,-1,-1,0,-1,9,-1,6,3,-1,-1,1333,1,6,MERCEDES A CLASS,-1,-1,0,-1
2024101531527,2024,101531527,2,9,0,-1,19,5,1,-1,0,0,0,0,0,0,2,1,-1,2,1,35,6,1332,1,3,MERCEDES A CLASS,7,E01034518,0,2
2024430538374,2024,430538374,2,9,0,18,19,6,2,0,0,0,1,0,0,0,3,1,6,6,2,67,10,1332,1,6,MERCEDES A CLASS,9,E01016691,0,1
2024440085931,2024,440085931,1,9,0,18,19,6,2,0,0,1,0,0,0,0,2,1,6,6,1,26,6,1991,1,5,MERCEDES A CLASS,8,E01023274,0,2
2024201539232,2024,201539232,2,9,0,-1,19,5,1,-1,0,8,0,0,0,0,3,1,-1,6,2,26,6,1332,8,0,MERCEDES A CLASS,8,E01035014,0,3
2024061507358,2024,061507358,2,9,0,-1,19,8,7,-1,0,2,0,0,0,0,4,1,-1,6,2,26,6,2143,2,8,MERCEDES A CLASS,2,E01004980,0,1
2024201489255,2024,201489255,2,9,0,-1,3,8,4,-1,0,0,0,0,0,0,2,1,-1,6,1,44,7,2143,2,9,MERCEDES A CLASS,1,E01009309,0,3
2024311426192,2024,311426192,1,9,0,-1,12,5,1,-1,0,1,0,0,0,0,2,1,-1,6,2,37,7,1332,1,4,MERCEDES A CLASS,10,E01026359,0,4
2024010541461,2024,010541461,2,9,0,18,19,5,1,0,0,1,0,10,0,0,1,1,6,6,1,30,6,1461,2,7,MERCEDES A CLASS,8,E01003421,0,1
2024141451924,2024,141451924,1,9,0,-1,19,4,7,-1,0,1,0,0,0,0,3,9,-1,6,2,24,5,1461,2,7,MERCEDES A CLASS,6,E01008003,0,1
2024010499073,2024,010499073,2,9,0,99,99,9,9,99,99,9,9,99,9,99,9,9,6,6,3,48,8,1332,1,4,MERCEDES A CLASS,3,E01001546,0,1
2024061489377,2024,061489377,1,9,-1,-1,-1,-1,-1,-1,-1,-1,-1,-1,-1,0,-1,9,-1,6,1,18,4,1461,2,5,MERCEDES A CLASS,-1,-1,0,-1
2024010548219,2024,010548219,2,9,0,9,9,6,4,0,0,6,0,0,0,0,1,1,6,6,2,33,6,1595,1,7,MERCEDES A CLASS,2,E01001438,0,3
2024320184788,2024,320184788,2,9,0,3,3,1,5,0,0,1,0,0,0,0,2,1,6,6,2,24,5,1332,1,5,MERCEDES A CLASS,8,E01012557,0,5
2024052402892,2024,052402892,1,9,0,17,19,5,1,0,0,0,1,0,1,9,4,1,6,6,1,25,5,2143,2,7,MERCEDES A CLASS,2,E01006969,0,3
2024052402026,2024,052402026,2,9,0,3,3,7,8,0,0,1,0,0,0,0,1,1,1,1,1,24,5,1461,2,7,MERCEDES A CLASS,2,E01007249,0,1
2024211500769,2024,211500769,2,9,0,-1,19,1,5,-1,0,0,0,0,0,0,2,1,-1,6,2,48,8,1991,2,14,MERCEDES A CLASS,-1,-1,0,-1
2024010542995,2024,010542995,2,9,0,18,19,3,7,0,0,0,1,0,1,0,1,1,6,6,1,20,4,1461,2,6,MERCEDES A CLASS,8,E01030988,0,3
2024010514168,2024,010514168,2,9,0,99,99,9,9,99,99,9,9,99,9,99,9,9,6,6,3,-1,-1,1332,1,2,MERCEDES A CLASS,-1,-1,0,-1
2024061493775,2024,061493775,1,9,0,-1,19,5,5,-1,0,0,0,0,0,0,1,9,-1,6,1,27,6,1461,2,7,MERCEDES A CLASS,2,E01005972,0,1
2024991490726,2024,991490726,2,9,0,-1,19,3,7,-1,0,4,0,0,0,0,1,1,-1,6,1,20,4,1461,2,6,MERCEDES A CLASS,1,-1,0,1
2024052401975,2024,052401975,1,9,0,18,19,1,5,0,0,1,0,0,0,0,1,1,6,6,3,-1,-1,1595,1,8,MERCEDES A CLASS,-1,-1,0,-1
2024070931352,2024,070931352,1,9,0,-1,5,5,3,-1,0,6,0,0,0,0,1,1,-1,6,2,29,6,1332,1,5,MERCEDES A CLASS,1,E01005113,0,2
2024221443640,2024,221443640,2,9,0,-1,4,5,3,-1,0,8,0,0,0,0,2,9,-1,6,2,46,8,1461,2,9,MERCEDES A CLASS,3,E01009162,0,1
2024522402813,2024,522402813,3,9,0,2,2,0,0,0,0,0,0,0,0,0,4,1,6,6,1,17,4,1332,1,3,MERCEDES A CLASS,8,W01001715,0,4
2024471416594,2024,471416594,2,9,0,-1,19,2,6,-1,0,2,0,0,0,0,3,9,-1,9,2,52,8,2143,2,8,MERCEDES A CLASS,5,E01021087,0,1
2024052401132,2024,052401132,2,9,0,3,3,8,4,0,0,1,0,0,0,0,2,1,6,6,2,-1,-1,1332,1,2,MERCEDES A CLASS,10,E01007200,0,3
2024010534878,2024,010534878,2,9,0,18,19,5,1,0,0,0,0,0,0,0,2,1,6,6,1,27,6,1595,1,6,MERCEDES A CLASS,1,E01000643,0,4
202417S413724,2024,17S413724,2,9,0,-1,19,8,4,-1,0,0,1,0,0,0,1,1,-1,9,2,52,8,1595,1,7,MERCEDES A CLASS,10,E01033479,0,2
2024010526613,2024,010526613,1,9,0,18,19,9,9,99,99,9,9,99,9,99,9,9,6,6,2,21,5,1332,1,6,MERCEDES A CLASS,4,E01001050,0,2
2024421488461,2024,421488461,1,9,0,-1,9,8,3,-1,-1,6,0,0,0,0,3,1,-1,9,2,50,8,1595,1,6,MERCEDES A CLASS,8,E01015823,0,1
2024201458965,2024,201458965,1,9,0,-1,19,4,8,-1,0,8,0,0,0,0,3,1,-1,6,2,23,5,2143,2,9,MERCEDES A CLASS,2,E01009890,0,1
2024010524966,2024,010524966,1,9,0,18,19,1,5,0,0,1,0,0,0,0,1,1,6,6,3,-1,-1,1461,2,8,MERCEDES A CLASS,-1,-1,0,-1
2024332400829,2024,332400829,2,9,0,-1,19,3,7,-1,0,0,0,0,1,0,3,1,-1,9,2,24,5,1332,1,4,MERCEDES A CLASS,8,E01013643,0,1
2024101432483,2024,101432483,1,9,0,-1,19,8,4,-1,0,8,0,0,0,0,1,1,-1,9,2,20,4,1461,2,9,MERCEDES A CLASS,6,E01035634,0,3
2024041424248,2024,041424248,2,9,0,-1,19,7,3,-1,0,1,0,0,0,0,2,1,-1,2,1,44,7,1461,2,7,MERCEDES A CLASS,7,E01025507,0,3
2024461528173,2024,461528173,3,9,0,-1,4,1,5,-1,0,1,0,0,0,0,2,9,-1,6,1,40,7,1332,1,2,MERCEDES A CLASS,9,E01000358,0,2
2024010520729,2024,010520729,1,9,0,7,7,3,6,0,0,1,0,0,0,0,4,1,6,6,1,29,6,1332,8,1,MERCEDES A CLASS,2,-1,0,5
2024070719053,2024,070719053,1,9,0,-1,19,9,9,-1,0,0,0,0,0,0,4,1,-1,6,1,27,6,1332,1,2,MERCEDES A CLASS,6,E01018610,0,1
2024522402252,2024,522402252,2,9,0,7,7,6,8,0,0,6,0,0,0,0,3,1,6,6,3,-1,-1,1461,2,6,MERCEDES A CLASS,-1,-1,0,-1
2024622400625,2024,622400625,3,9,0,2,2,0,0,0,0,1,0,0,0,0,2,1,6,6,3,-1,-1,1950,2,3,MERCEDES A CLASS,-1,-1,0,-1
2024211511488,2024,211511488,1,9,0,-1,2,0,0,-1,0,0,0,0,0,0,1,1,-1,9,1,19,4,1595,1,6,MERCEDES A CLASS,-1,-1,0,-1
2024052400607,2024,052400607,1,9,0,18,19,8,4,0,0,0,0,0,0,0,1,1,6,6,3,-1,-1,2143,2,9,MERCEDES A CLASS,-1,-1,0,-1
2024101518667,2024,101518667,1,9,0,-1,2,0,0,-1,0,0,0,0,0,0,0,2,-1,2,2,34,6,1595,1,7,MERCEDES A CLASS,8,E01008553,0,1
2024201424132,2024,201424132,2,9,0,-1,4,6,2,-1,0,1,0,0,0,0,2,1,-1,6,1,37,7,1461,2,7,MERCEDES A CLASS,5,E01029367,0,3
2024010522437,2024,010522437,1,9,0,9,9,7,4,0,0,8,0,0,0,0,1,1,3,7,2,28,6,1332,1,4,MERCEDES A CLASS,1,E01004245,0,1
2024010510261,2024,010510261,1,9,0,18,19,1,5,0,0,1,0,0,0,0,1,1,6,6,2,24,5,1332,1,3,MERCEDES A CLASS,2,E01033148,0,1
2024041499278,2024,041499278,1,9,0,-1,7,5,7,-1,0,4,0,0,0,0,3,1,-1,2,2,23,5,1332,1,5,MERCEDES A CLASS,6,E01025279,0,2
2024052400049,2024,052400049,2,9,0,18,19,7,3,0,0,0,0,0,0,0,1,1,6,6,1,29,6,1332,1,5,MERCEDES A CLASS,1,E01006548,0,2
2024311472895,2024,311472895,1,9,0,-1,9,4,1,-1,0,0,0,0,0,0,1,1,-1,6,1,62,9,1332,1,5,MERCEDES A CLASS,10,E01028222,0,1
2024010509529,2024,010509529,1,9,0,18,19,3,7,0,0,0,0,0,0,0,1,1,6,6,2,24,5,1332,1,5,MERCEDES A CLASS,2,E01000078,0,1
2024522403094,2024,522403094,2,9,0,15,15,1,5,0,0,2,0,0,0,0,3,1,6,6,1,-1,-1,1498,1,13,MERCEDES A CLASS,1,W01001687,0,4
2024201458137,2024,201458137,2,9,0,-1,5,5,2,-1,0,0,0,0,0,0,1,9,-1,6,2,41,7,1332,1,3,MERCEDES A CLASS,3,E01009856,0,1
2024411447249,2024,411447249,1,9,0,-1,7,7,3,-1,0,8,0,0,0,0,1,1,-1,2,2,26,6,1498,1,16,MERCEDES A CLASS,6,E01035564,0,3
2024471510853,2024,471510853,2,9,0,-1,19,3,7,-1,0,1,0,0,0,0,1,1,-1,1,2,21,5,1461,2,6,MERCEDES A CLASS,2,E01020911,0,3
2024421460676,2024,421460676,1,9,0,-1,9,6,4,-1,0,8,0,0,0,0,1,9,-1,6,1,23,5,1461,2,7,MERCEDES A CLASS,6,E01002332,0,1
2024010500504,2024,010500504,3,9,0,2,2,0,0,0,0,2,0,0,0,0,1,1,6,6,3,-1,-1,1461,2,5,MERCEDES A CLASS,-1,-1,0,-1
2024010508784,2024,010508784,1,9,0,18,19,5,1,0,0,5,0,4,0,0,1,1,6,6,1,21,5,1595,1,8,MERCEDES A CLASS,5,E01035647,0,3
2024461508904,2024,461508904,2,9,0,-1,19,1,5,-1,0,1,0,0,0,0,1,1,-1,9,2,36,7,1332,8,4,MERCEDES A CLASS,5,E01024551,0,1
2024430224142,2024,430224142,1,9,0,12,12,7,3,0,0,8,0,0,0,0,1,1,6,6,1,44,7,1332,8,3,MERCEDES A CLASS,6,W01001912,0,5
2024552400622,2024,552400622,3,9,0,18,19,7,3,0,0,0,0,0,0,0,2,1,6,6,1,31,6,1332,8,1,MERCEDES A CLASS,4,E01015343,0,1
2024201440404,2024,201440404,2,9,0,-1,19,1,4,-1,0,3,0,0,0,0,3,1,-1,6,1,29,6,1332,1,5,MERCEDES A CLASS,5,E01009617,0,1
2024991528757,2024,991528757,2,9,0,-1,19,3,3,-1,0,0,0,0,0,0,3,1,-1,2,2,53,8,1332,1,2,MERCEDES A CLASS,8,-1,0,1
2024010534545,2024,010534545,2,9,0,18,19,1,5,0,0,1,0,0,0,0,1,1,3,7,1,31,6,1461,2,6,MERCEDES A CLASS,3,E01000016,0,1
2024371430830,2024,371430830,1,9,-1,-1,-1,-1,-1,-1,-1,-1,-1,-1,-1,0,-1,9,-1,6,1,62,9,1332,8,0,MERCEDES A CLASS,8,E01030216,0,1
2024471484418,2024,471484418,1,9,0,-1,19,1,5,-1,0,1,2,0,0,0,1,1,-1,9,2,35,6,1461,2,7,MERCEDES A CLASS,1,E01021005,0,2
2024010507714,2024,010507714,1,9,0,9,9,7,5,0,0,8,0,0,0,0,4,1,2,2,2,55,8,1498,1,13,MERCEDES A CLASS,9,E01021787,0,3
2024631520598,2024,631520598,1,9,0,-1,19,1,5,-1,0,1,0,4,0,0,1,1,-1,6,1,-1,-1,2143,2,9,MERCEDES A CLASS,-1,-1,0,-1
2024991520988,2024,991520988,1,9,0,-1,19,5,1,-1,9,2,0,10,3,11,1,1,-1,9,1,49,8,1595,1,6,MERCEDES A CLASS,5,-1,0,2
2024010513927,2024,010513927,2,9,0,2,2,0,0,9,9,0,0,0,0,0,1,1,6,6,3,-1,-1,1332,8,0,MERCEDES A CLASS,-1,-1,0,-1
2024201442030,2024,201442030,1,9,0,-1,19,2,6,-1,0,1,0,0,0,0,1,9,-1,9,2,23,5,1461,2,5,MERCEDES A CLASS,1,E01034913,0,1
2024201486449,2024,201486449,1,9,0,-1,19,5,7,-1,0,0,1,10,7,2,4,1,-1,6,2,17,4,1461,2,6,MERCEDES A CLASS,5,E01009798,0,1
2024332400464,2024,332400464,2,9,0,-1,9,8,5,-1,0,6,0,0,0,0,1,1,-1,6,2,45,7,1332,8,0,MERCEDES A CLASS,9,E01025876,0,2
2024302400246,2024,302400246,2,9,0,4,4,1,5,0,0,0,0,0,0,0,2,1,6,6,2,27,6,1950,2,1,MERCEDES A CLASS,1,E01007714,0,4
2024010498687,2024,010498687,1,9,0,99,99,9,9,99,99,9,9,99,9,99,3,9,6,6,2,27,6,1332,1,5,MERCEDES A CLASS,2,E01033587,0,1
2024201507373,2024,201507373,1,9,0,-1,5,8,2,-1,0,6,0,0,0,0,1,9,-1,6,3,-1,-1,1498,1,16,MERCEDES A CLASS,-1,-1,0,-1
2024201456916,2024,201456916,1,9,0,-1,19,4,8,-1,0,8,0,0,0,0,3,1,-1,6,1,54,8,1461,2,9,MERCEDES A CLASS,3,E01009176,0,2
2024101450321,2024,101450321,2,9,0,-1,4,5,1,-1,0,8,0,0,0,0,4,1,-1,6,1,46,8,1461,2,9,MERCEDES A CLASS,1,E01008828,0,1
2024061436782,2024,061436782,2,9,0,-1,5,5,1,-1,0,1,0,0,0,0,1,1,-1,9,1,62,9,1332,1,4,MERCEDES A CLASS,8,E01006150,0,2
2024010523348,2024,010523348,2,9,0,2,2,0,0,0,0,2,0,0,0,0,2,1,6,6,3,-1,-1,1332,1,2,MERCEDES A CLASS,-1,-1,0,-1
2024440073947,2024,440073947,1,9,0,3,3,5,1,0,0,1,0,0,0,0,2,1,6,6,2,59,9,1332,8,2,MERCEDES A CLASS,10,E01022109,0,5
2024430423725,2024,430423725,1,9,0,17,19,7,3,0,0,8,0,0,0,0,1,1,6,6,2,87,11,1498,1,12,MERCEDES A CLASS,7,E01028647,0,1
2024440086235,2024,440086235,1,9,0,17,19,6,2,0,0,8,0,0,1,1,1,1,6,6,2,25,5,1332,1,4,MERCEDES A CLASS,9,E01022930,0,1
2024411480042,2024,411480042,1,9,0,-1,7,4,8,-1,0,1,0,0,0,0,1,1,-1,9,2,35,6,2143,2,6,MERCEDES A CLASS,4,E01015796,0,2
2024010521949,2024,010521949,1,9,0,9,9,5,2,0,0,8,0,0,0,0,3,1,6,6,1,22,5,1332,1,3,MERCEDES A CLASS,3,E01003574,0,1
2024231512962,2024,231512962,2,9,0,-1,9,3,1,-1,0,6,0,0,0,0,3,1,-1,9,2,23,5,1461,2,8,MERCEDES A CLASS,6,E01031194,0,3
2024010505325,2024,010505325,2,9,0,9,9,3,1,0,0,8,0,0,0,0,3,1,6,6,1,28,6,1332,8,1,MERCEDES A CLASS,7,E01002438,0,2
2024332400948,2024,332400948,1,9,0,-1,19,7,3,-1,0,1,0,0,0,0,1,1,-1,1,2,39,7,1498,1,12,MERCEDES A CLASS,7,E01025889,0,1
2024052402334,2024,052402334,1,9,0,9,9,7,5,0,0,2,0,0,0,0,3,1,6,6,3,-1,-1,1498,1,18,MERCEDES A CLASS,-1,-1,0,-1
2024411457612,2024,411457612,2,9,0,-1,19,5,1,-1,0,0,0,0,0,0,2,1,-1,6,2,29,6,1461,2,8,MERCEDES A CLASS,6,E01023317,0,1
2024231498279,2024,231498279,3,9,0,-1,4,4,8,-1,0,0,0,0,0,0,1,1,-1,6,1,27,6,1461,2,5,MERCEDES A CLASS,1,E01009486,0,4
2024101468196,2024,101468196,1,9,0,-1,19,5,1,-1,0,0,0,0,0,0,1,1,-1,6,2,48,8,2143,2,8,MERCEDES A CLASS,1,E01008817,0,1
2024161533271,2024,161533271,2,9,0,-1,9,4,2,-1,0,8,0,0,0,0,0,9,-1,6,3,-1,-1,1332,1,5,MERCEDES A CLASS,-1,-1,0,-1
2024041398250,2024,041398250,1,9,0,-1,19,-1,-1,-1,0,1,0,0,0,0,1,9,-1,6,3,-1,-1,1332,8,1,MERCEDES A CLASS,-1,-1,0,-1
2024010526058,2024,010526058,1,9,0,99,99,9,9,99,99,9,9,99,9,99,9,9,6,6,1,53,8,1332,8,3,MERCEDES A CLASS,3,E01001188,0,1
2024041423606,2024,041423606,2,9,0,-1,3,5,1,-1,0,0,0,0,0,0,2,1,-1,6,2,32,6,1461,2,11,MERCEDES A CLASS,1,E01025182,0,1
2024221513138,2024,221513138,1,9,0,-1,19,6,2,-1,0,8,0,0,0,0,1,9,-1,6,1,31,6,1461,2,9,MERCEDES A CLASS,1,E01032434,0,1
2024201535757,2024,201535757,1,9,0,-1,19,7,3,-1,0,0,1,4,0,0,4,1,-1,9,1,36,7,1796,2,11,MERCEDES A CLASS,1,E01010234,0,1
2024461473272,2024,461473272,2,9,0,-1,19,-1,-1,-1,0,0,0,0,0,0,2,9,-1,6,2,27,6,1461,2,6,MERCEDES A CLASS,7,E01030628,0,3
2024010509106,2024,010509106,3,9,0,3,3,1,5,0,0,0,0,0,0,0,2,1,6,6,2,38,7,1332,8,3,MERCEDES A CLASS,6,E01004636,0,1
2024451421215,2024,451421215,2,9,0,-1,9,1,5,-1,0,8,0,0,0,0,3,1,-1,9,2,24,5,1461,2,6,MERCEDES A CLASS,8,E01030687,0,1
2024052402839,2024,052402839,2,9,0,18,19,3,7,0,0,1,0,0,0,0,1,1,6,6,2,23,5,1461,2,5,MERCEDES A CLASS,6,E01006920,0,2
2024351472339,2024,351472339,1,9,0,-1,5,4,8,-1,0,8,0,0,0,0,1,1,-1,2,2,22,5,1461,2,5,MERCEDES A CLASS,6,E01030151,0,3
2024010493599,2024,010493599,2,9,0,99,99,9,9,99,99,0,9,99,9,99,9,9,6,6,3,-1,-1,2143,2,8,MERCEDES A CLASS,6,E01002882,0,1
2024010545697,2024,010545697,1,9,9,99,99,9,9,99,99,9,9,99,9,99,9,9,6,6,3,-1,-1,1991,1,10,MERCEDES A CLASS,-1,-1,0,-1
2024010497444,2024,010497444,1,9,0,99,99,9,9,99,99,9,9,99,9,99,1,1,2,2,2,36,7,1332,1,5,MERCEDES A CLASS,4,E01000613,0,1
2024010547980,2024,010547980,2,9,0,7,7,1,4,2,2,5,0,0,0,0,4,1,6,6,2,26,6,1461,2,8,MERCEDES A CLASS,-1,-1,0,-1
2024010546453,2024,010546453,2,9,0,99,99,9,9,99,99,9,9,99,9,99,1,9,2,2,2,53,8,1498,1,13,MERCEDES A CLASS,9,E01000765,0,2
2024401449784,2024,401449784,2,9,-1,-1,-1,-1,-1,-1,-1,-1,-1,-1,-1,0,-1,9,-1,2,2,28,6,1595,1,6,MERCEDES A CLASS,8,E01015747,0,1
2024991509021,2024,991509021,1,9,0,-1,19,5,1,-1,0,2,0,0,0,0,4,1,-1,6,1,35,6,1332,1,1,MERCEDES A CLASS,-1,-1,0,-1
202460Q106987,2024,60Q106987,2,9,0,18,19,3,7,0,0,0,0,0,0,0,3,1,6,6,2,70,10,1991,2,12,MERCEDES A CLASS,-1,-1,0,-1
2024052402834,2024,052402834,1,9,0,18,19,5,8,0,0,1,0,0,0,0,1,1,1,1,3,-1,-1,1498,1,16,MERCEDES A CLASS,-1,-1,0,-1
2024201454250,2024,201454250,1,9,0,-1,12,8,4,-1,0,0,0,0,0,0,2,1,-1,6,1,18,4,1461,2,6,MERCEDES A CLASS,10,E01010550,0,2
2024610057024,2024,610057024,1,9,0,3,3,5,1,0,0,1,0,0,0,0,2,1,6,6,2,39,7,1991,2,13,MERCEDES A CLASS,5,W01001389,0,1
2024010529125,2024,010529125,1,9,0,18,19,3,7,0,0,1,0,7,0,0,1,1,6,6,1,26,6,2143,2,9,MERCEDES A CLASS,3,E01004123,0,1
2024101419790,2024,101419790,2,9,0,-1,19,7,5,-1,0,0,0,0,0,0,1,1,-1,2,2,32,6,1461,2,7,MERCEDES A CLASS,7,E01027364,0,3