collision_index,collision_year,collision_ref_no,vehicle_reference,vehicle_type,towing_and_articulation,vehicle_manoeuvre_historic,vehicle_manoeuvre,vehicle_direction_from,vehicle_direction_to,vehicle_location_restricted_lane_historic,vehicle_location_restricted_lane,junction_location,skidding_and_overturning,hit_object_in_carriageway,vehicle_leaving_carriageway,hit_object_off_carriageway,first_point_of_impact,vehicle_left_hand_drive,journey_purpose_of_driver_historic,journey_purpose_of_driver,sex_of_driver,age_of_driver,age_band_of_driver,engine_capacity_cc,propulsion_code,age_of_vehicle,generic_make_model,driver_imd_decile,lsoa_of_driver,escooter_flag,driver_distance_banding
2024211537500,2024,211537500,1,9,0,-1,19,3,7,-1,0,0,0,99,0,0,1,1,-1,6,1,28,6,1461,2,5,MERCEDES A CLASS,3,E01029549,0,1
2024010551332,2024,010551332,1,9,0,99,99,9,9,99,99,9,9,99,9,99,9,9,6,6,3,23,5,1332,1,6,MERCEDES A CLASS,3,E01034204,0,1
2024440214197,2024,440214197,2,9,0,18,19,7,3,0,0,1,0,0,0,0,1,1,6,6,1,30,6,1991,2,13,MERCEDES A CLASS,1,E01017102,0,2
2024421512014,2024,421512014,5,9,0,-1,19,5,1,-1,0,0,0,0,0,0,2,1,-1,6,1,71,10,1332,1,2,MERCEDES A CLASS,9,E01018222,0,4
2024311418434,2024,311418434,2,9,0,-1,19,1,3,-1,0,0,0,0,0,0,4,9,-1,2,2,22,5,1461,2,5,MERCEDES A CLASS,10,E01028404,0,2
2024010490433,2024,010490433,1,9,0,9,9,7,5,0,0,5,0,0,0,0,1,1,6,6,1,24,5,1332,1,5,MERCEDES A CLASS,2,E01001477,0,2
2024041493679,2024,041493679,2,9,0,-1,2,0,0,-1,0,8,0,0,0,0,1,1,-1,6,2,33,6,2143,2,8,MERCEDES A CLASS,1,E01025084,0,2
2024430418343,2024,430418343,2,9,0,18,19,1,5,0,0,8,1,0,1,0,1,1,6,6,2,60,9,1950,2,3,MERCEDES A CLASS,9,E01035727,0,4
2024201535458,2024,201535458,1,9,0,-1,10,6,1,-1,0,1,0,0,0,0,3,1,-1,9,2,30,6,1461,2,7,MERCEDES A CLASS,1,E01009097,0,1
2024010524538,2024,010524538,1,9,0,99,99,9,9,99,99,9,9,99,9,99,1,9,6,6,2,34,6,1991,1,4,MERCEDES A CLASS,10,E01021946,0,4
2024010545099,2024,010545099,1,9,0,3,3,1,5,0,0,2,0,0,0,0,4,1,6,6,1,54,8,1498,1,15,MERCEDES A CLASS,3,E01035649,0,3
2024161466479,2024,161466479,2,9,0,-1,4,6,2,-1,0,0,0,0,0,0,2,1,-1,6,2,42,7,1461,2,6,MERCEDES A CLASS,1,E01012858,0,1
2024010508488,2024,010508488,3,9,0,2,2,0,0,0,0,2,0,10,5,7,2,1,6,6,3,-1,-1,1461,2,5,MERCEDES A CLASS,-1,-1,0,-1
2024010540568,2024,010540568,1,9,0,18,19,5,1,0,0,0,0,0,0,0,1,1,6,6,1,24,5,1332,1,6,MERCEDES A CLASS,4,E01001370,0,1
2024161457046,2024,161457046,1,9,0,-1,19,1,5,-1,0,0,0,0,0,0,1,9,-1,6,2,59,9,1950,2,2,MERCEDES A CLASS,7,E01013247,0,3
2024010503147,2024,010503147,1,9,0,9,9,7,5,0,0,6,0,0,0,0,1,1,6,6,2,37,7,1461,2,7,MERCEDES A CLASS,1,E01001562,0,1
2024421440388,2024,421440388,2,9,0,-1,19,1,5,-1,0,0,0,0,0,0,2,1,-1,1,2,33,6,2143,2,10,MERCEDES A CLASS,8,E01033052,0,4
2024622500030,2024,622500030,3,9,0,4,4,2,6,0,0,0,0,0,0,0,2,1,6,6,1,68,10,1332,1,3,MERCEDES A CLASS,10,W01001985,0,1
2024440125871,2024,440125871,2,9,0,18,19,2,6,0,0,8,0,0,0,0,4,1,6,6,1,50,8,1461,2,5,MERCEDES A CLASS,9,E01023227,0,1
2024010503959,2024,010503959,1,9,0,18,19,3,7,0,0,8,0,0,0,0,2,1,6,6,1,25,5,1332,1,5,MERCEDES A CLASS,3,E01034591,0,3
2024361456533,2024,361456533,2,9,0,-1,19,6,2,-1,0,0,0,0,0,0,1,1,-1,6,1,36,7,1332,1,5,MERCEDES A CLASS,8,E01026480,0,3
2024401522698,2024,401522698,1,9,0,-1,19,4,8,-1,0,1,0,0,0,0,3,1,-1,6,1,25,5,1498,1,17,MERCEDES A CLASS,1,E01015771,0,1
2024520402658,2024,520402658,2,9,0,18,19,2,6,0,0,2,0,0,0,0,2,1,6,6,2,42,7,1595,1,6,MERCEDES A CLASS,5,E01029289,0,1
2024010499461,2024,010499461,1,9,0,99,99,9,9,99,99,9,9,99,9,99,2,9,6,6,2,32,6,1461,2,5,MERCEDES A CLASS,4,E01033738,0,2
2024010523213,2024,010523213,5,9,0,2,2,0,0,0,0,0,0,0,0,0,0,1,6,6,3,-1,-1,2143,2,7,MERCEDES A CLASS,-1,-1,0,-1
202460Q068359,2024,60Q068359,1,9,0,9,9,5,3,0,0,6,0,0,0,0,1,1,1,1,1,30,6,1950,2,3,MERCEDES A CLASS,-1,-1,0,-1
2024010489437,2024,010489437,1,9,0,4,4,3,7,0,0,1,0,0,0,0,1,1,6,6,2,25,5,1461,2,9,MERCEDES A CLASS,4,E01002405,0,1
2024101461852,2024,101461852,1,9,0,-1,19,4,6,-1,0,1,0,0,0,0,1,1,-1,2,2,25,5,1595,1,7,MERCEDES A CLASS,6,E01027383,0,3
2024440375126,2024,440375126,2,9,0,17,19,5,3,0,0,8,0,0,0,0,4,1,6,6,2,69,10,1461,2,8,MERCEDES A CLASS,9,E01023265,0,1
2024010538257,2024,010538257,2,9,0,7,7,4,6,0,0,8,0,0,0,0,1,2,2,2,2,32,6,1332,1,3,MERCEDES A CLASS,4,E01002063,0,1
2024471515269,2024,471515269,1,9,0,-1,4,6,7,-1,0,4,0,0,0,0,2,1,-1,6,1,38,7,1332,1,6,MERCEDES A CLASS,3,E01016926,0,1
2024010541818,2024,010541818,1,9,0,18,19,7,3,0,0,2,0,0,0,0,2,1,6,6,2,22,5,1332,1,4,MERCEDES A CLASS,7,E01004749,0,3
2024161478007,2024,161478007,1,9,0,-1,19,2,6,-1,0,0,0,0,0,0,1,1,-1,6,1,24,5,2143,2,7,MERCEDES A CLASS,3,E01013135,0,1
2024430226150,2024,430226150,1,9,0,18,19,7,3,0,0,0,2,0,7,9,1,1,6,6,1,20,4,1332,1,4,MERCEDES A CLASS,5,E01028498,0,2
2024320713765,2024,320713765,1,9,0,-1,-1,2,6,0,0,2,5,7,5,6,1,1,-1,-1,1,23,5,1332,1,5,MERCEDES A CLASS,4,E01015622,0,4
2024451505909,2024,451505909,1,9,0,-1,19,1,5,-1,0,0,0,0,0,0,2,1,-1,9,2,47,8,1595,1,8,MERCEDES A CLASS,10,E01023889,0,4
2024010535416,2024,010535416,2,9,0,18,19,5,1,0,0,7,0,0,0,0,1,1,6,6,1,24,5,1333,1,6,MERCEDES A CLASS,2,E01004249,0,3
2024041465180,2024,041465180,1,9,0,-1,19,6,8,-1,0,0,0,0,0,0,1,1,-1,6,1,24,5,1461,2,10,MERCEDES A CLASS,8,E01012583,0,1
2024211418974,2024,211418974,1,9,0,-1,19,3,7,-1,0,1,0,0,3,0,1,9,-1,1,2,33,6,1991,2,15,MERCEDES A CLASS,6,E01014310,0,3
2024161436793,2024,161436793,1,9,0,-1,15,4,8,-1,0,1,0,0,0,0,1,1,-1,6,2,35,6,1991,2,14,MERCEDES A CLASS,1,E01012865,0,2
2024471466290,2024,471466290,1,9,0,-1,3,3,7,-1,0,1,0,0,0,0,3,1,-1,7,1,41,7,1595,1,7,MERCEDES A CLASS,7,E01016950,0,1
2024201524102,2024,201524102,1,9,0,-1,19,4,7,-1,0,0,0,0,1,0,1,1,-1,6,1,20,4,1332,1,3,MERCEDES A CLASS,1,E01009321,0,1
2024010535946,2024,010535946,2,9,0,99,99,9,9,99,99,9,9,99,9,99,9,9,6,6,1,66,10,1397,1,21,MERCEDES A CLASS,4,E01024167,0,3
2024010496024,2024,010496024,2,9,0,18,19,5,1,0,0,1,0,0,0,0,1,1,6,6,3,-1,-1,1332,1,4,MERCEDES A CLASS,-1,-1,0,-1
2024531494657,2024,531494657,1,9,0,-1,19,8,4,-1,0,1,0,0,7,4,1,1,-1,9,1,62,9,1332,1,5,MERCEDES A CLASS,7,E01022414,0,1
2024010505712,2024,010505712,2,9,0,18,19,1,5,0,0,4,1,0,0,0,3,1,6,6,1,38,7,1950,2,0,MERCEDES A CLASS,6,E01000459,0,1
2024010544772,2024,010544772,2,9,0,18,19,3,7,1,1,8,5,0,0,0,1,1,6,6,1,26,6,1991,1,5,MERCEDES A CLASS,3,E01023958,0,3
2024061417142,2024,061417142,2,9,-1,-1,-1,-1,-1,-1,-1,0,-1,-1,-1,0,2,9,-1,6,2,26,6,2143,2,9,MERCEDES A CLASS,2,E01006359,0,1
2024061515767,2024,061515767,1,9,-1,-1,19,5,1,-1,0,8,0,0,0,0,1,9,-1,6,1,-1,-1,1332,1,5,MERCEDES A CLASS,-1,-1,0,-1
2024351498530,2024,351498530,1,9,0,-1,4,2,6,-1,0,2,0,0,0,0,2,1,-1,6,1,20,4,1991,2,13,MERCEDES A CLASS,5,E01017954,0,1
2024231460362,2024,231460362,2,9,0,-1,19,8,4,-1,0,0,0,0,0,0,1,1,-1,9,2,50,8,1461,2,4,MERCEDES A CLASS,6,E01031207,0,2
2024401446142,2024,401446142,1,9,0,-1,19,4,8,-1,0,0,0,0,0,0,1,1,-1,9,2,19,4,1332,8,1,MERCEDES A CLASS,2,E01015733,0,1
2024010531955,2024,010531955,2,9,0,7,7,4,5,0,0,7,0,0,7,0,4,1,6,6,2,42,7,1461,2,5,MERCEDES A CLASS,5,E01002342,0,1
2024201493205,2024,201493205,1,9,0,-1,19,6,2,-1,0,0,0,0,0,0,1,1,-1,6,2,35,6,1332,1,5,MERCEDES A CLASS,5,E01009519,0,1
2024501521233,2024,501521233,1,9,0,-1,5,1,3,-1,0,8,0,0,0,0,4,1,-1,6,1,54,8,2143,2,7,MERCEDES A CLASS,3,E01015150,0,1
2024061400294,2024,061400294,3,9,0,-1,19,8,4,-1,0,0,0,0,0,0,1,1,-1,9,1,38,7,2143,2,7,MERCEDES A CLASS,7,E01004845,0,1
2024111529140,2024,111529140,1,9,0,-1,9,2,7,-1,0,8,0,0,0,0,3,1,-1,6,1,92,11,1595,1,7,MERCEDES A CLASS,5,E01020772,0,1
2024010536407,2024,010536407,2,9,9,99,99,9,9,99,99,9,9,99,9,99,9,9,6,6,3,-1,-1,1950,2,3,MERCEDES A CLASS,-1,-1,0,-1
2024340WN0832,2024,340WN0832,1,9,0,-1,19,8,4,-1,0,0,0,0,8,11,1,1,-1,9,1,34,6,1498,1,16,MERCEDES A CLASS,10,E01027287,0,3
2024141401433,2024,141401433,2,9,0,-1,19,6,2,-1,0,4,0,0,0,0,1,1,-1,2,2,31,6,1461,2,10,MERCEDES A CLASS,3,E01007720,0,3
2024070684855,2024,070684855,1,9,0,18,19,4,8,0,0,0,0,0,0,0,1,1,6,6,2,35,6,1595,1,8,MERCEDES A CLASS,10,E01018576,0,2
2024531479884,2024,531479884,1,9,0,-1,5,5,1,-1,0,0,0,0,0,0,1,1,-1,9,1,22,5,1461,2,7,MERCEDES A CLASS,4,E01022228,0,1
2024991494730,2024,991494730,2,9,0,-1,19,2,6,-1,0,0,0,0,7,0,1,1,-1,9,1,52,8,1461,2,5,MERCEDES A CLASS,8,-1,0,4
2024010530091,2024,010530091,1,9,0,18,19,3,7,0,0,2,0,0,0,0,1,1,6,6,2,23,5,1332,1,3,MERCEDES A CLASS,4,E01000474,0,1
2024101405841,2024,101405841,2,9,0,-1,4,2,6,-1,0,0,0,0,0,0,2,1,-1,9,2,42,7,2143,2,9,MERCEDES A CLASS,5,E01008774,0,1
2024161481296,2024,161481296,1,9,0,-1,19,3,7,-1,0,0,0,0,0,0,1,1,-1,1,2,55,8,1950,2,2,MERCEDES A CLASS,7,E01012794,0,1
2024332400631,2024,332400631,1,9,0,-1,2,0,0,-1,0,0,0,0,0,0,2,1,-1,9,1,43,7,1461,2,7,MERCEDES A CLASS,4,E01026866,0,5
2024451503306,2024,451503306,2,9,0,-1,19,1,5,-1,0,1,0,0,0,0,4,1,-1,1,1,33,6,1461,2,9,MERCEDES A CLASS,9,E01030331,0,1
2024010505316,2024,010505316,1,9,0,7,7,8,2,0,0,1,0,0,0,0,3,1,6,6,2,50,8,2143,2,7,MERCEDES A CLASS,6,E01003742,0,1
2024332401170,2024,332401170,2,9,0,-1,19,5,1,-1,0,8,0,0,0,0,1,1,-1,6,3,-1,-1,1461,2,10,MERCEDES A CLASS,-1,-1,0,-1
2024440161866,2024,440161866,1,9,0,18,19,8,4,0,0,8,0,0,0,0,1,1,6,6,1,31,6,1332,1,4,MERCEDES A CLASS,10,E01030806,0,4
2024010527110,2024,010527110,1,9,0,9,9,1,7,0,0,8,0,0,0,0,3,1,6,6,1,55,8,1498,1,16,MERCEDES A CLASS,8,E01002163,0,1
2024311526903,2024,311526903,2,9,0,-1,19,5,3,-1,0,0,0,0,0,0,3,1,-1,9,1,22,5,1991,1,11,MERCEDES A CLASS,-1,-1,0,-1
2024010538380,2024,010538380,1,9,0,18,19,7,3,0,0,1,0,0,0,0,3,1,6,6,2,65,9,1332,1,2,MERCEDES A CLASS,-1,-1,0,-1
2024201479602,2024,201479602,1,9,0,-1,19,5,4,-1,0,3,0,0,0,0,1,1,-1,6,2,34,6,1498,1,13,MERCEDES A CLASS,1,E01009258,0,1
2024101444349,2024,101444349,1,9,0,-1,19,1,5,-1,0,2,0,0,0,0,1,1,-1,6,2,22,5,1796,2,11,MERCEDES A CLASS,2,E01008653,0,1
2024340WN2482,2024,340WN2482,1,9,0,-1,19,3,7,-1,0,3,0,0,0,0,1,1,-1,9,1,26,6,1461,2,8,MERCEDES A CLASS,8,E01027260,0,1
2024010531836,2024,010531836,2,9,0,6,6,1,1,0,0,1,0,0,7,0,3,2,6,6,3,-1,-1,1595,1,8,MERCEDES A CLASS,-1,-1,0,-1
2024010532158,2024,010532158,1,9,0,5,5,0,1,0,0,1,0,0,0,0,2,1,6,6,2,64,9,1332,1,3,MERCEDES A CLASS,6,E01003311,0,1
2024061408868,2024,061408868,2,9,-1,-1,6,5,3,-1,0,0,0,0,0,0,3,9,-1,9,1,23,5,1332,8,1,MERCEDES A CLASS,1,E01005338,0,1
2024320697961,2024,320697961,2,9,0,-1,-1,2,6,0,0,8,1,0,1,2,1,1,-1,-1,1,43,7,2143,2,8,MERCEDES A CLASS,-1,-1,0,-1
2024991423898,2024,991423898,2,9,0,-1,13,2,6,-1,0,0,5,0,2,0,1,1,-1,9,1,24,5,1991,1,10,MERCEDES A CLASS,4,-1,0,4
2024461431495,2024,461431495,1,9,0,-1,19,7,3,-1,0,0,1,0,7,0,1,1,-1,6,1,25,5,1461,2,4,MERCEDES A CLASS,-1,-1,0,-1
2024411427498,2024,411427498,1,9,0,-1,1,5,1,-1,0,0,0,0,0,0,2,9,-1,6,2,25,5,1461,2,6,MERCEDES A CLASS,3,E01023343,0,1
2024041423297,2024,041423297,1,9,0,-1,9,1,5,-1,0,1,0,0,1,11,1,1,-1,9,1,20,4,1461,2,5,MERCEDES A CLASS,8,E01006315,0,1
2024421393910,2024,421393910,1,9,0,-1,19,3,7,-1,0,2,0,0,0,0,3,2,-1,1,1,24,5,1332,1,3,MERCEDES A CLASS,3,E01034354,0,2
2024430363787,2024,430363787,4,9,0,4,4,1,5,0,0,0,0,0,0,0,2,1,1,1,1,55,8,1332,8,0,MERCEDES A CLASS,8,E01035603,0,4
2024320520284,2024,320520284,1,9,0,9,9,4,2,0,0,6,0,0,0,0,3,1,-1,-1,2,66,10,2143,2,6,MERCEDES A CLASS,4,E01026259,0,3
2024161472574,2024,161472574,2,9,0,-1,3,5,1,-1,0,0,0,0,0,0,1,1,-1,9,2,25,5,1950,2,5,MERCEDES A CLASS,7,E01013101,0,3
2024041534839,2024,041534839,1,9,0,-1,19,8,4,-1,0,0,0,0,0,0,1,1,-1,9,1,76,11,1992,2,17,MERCEDES A CLASS,4,E01012665,0,1
2024010535232,2024,010535232,2,9,0,99,99,9,9,99,99,9,9,99,9,99,1,9,6,6,3,-1,-1,1332,1,2,MERCEDES A CLASS,-1,-1,0,-1
2024061502737,2024,061502737,1,9,0,-1,19,7,3,-1,0,0,0,0,0,0,1,1,-1,9,1,25,5,1595,1,11,MERCEDES A CLASS,1,E01005328,0,3
2024131463171,2024,131463171,7,9,0,-1,19,3,7,-1,0,0,0,0,0,0,2,1,-1,9,2,35,6,1461,2,5,MERCEDES A CLASS,2,E01007349,0,3
2024340WN4202,2024,340WN4202,2,9,0,-1,9,1,7,-1,0,6,0,0,0,0,1,1,-1,6,2,28,6,2143,2,8,MERCEDES A CLASS,8,E01027141,0,1
2024010524813,2024,010524813,1,9,9,99,99,9,9,0,0,8,0,0,0,0,9,9,6,6,3,31,6,1461,2,8,MERCEDES A CLASS,2,E01003323,0,1
2024010516862,2024,010516862,1,9,0,99,99,9,9,99,99,9,9,99,9,99,9,9,2,2,1,39,7,2143,2,8,MERCEDES A CLASS,2,E01001257,0,1
2024061531429,2024,061531429,1,9,0,-1,4,-1,-1,-1,0,0,0,99,0,0,2,1,-1,6,1,30,6,1332,1,3,MERCEDES A CLASS,3,E01006272,0,4
2024421495276,2024,421495276,1,9,0,-1,19,5,1,-1,0,1,0,0,0,0,1,1,-1,6,2,79,11,1498,1,12,MERCEDES A CLASS,10,E01018282,0,2
2024201533600,2024,201533600,1,9,0,-1,19,7,3,-1,0,1,0,0,0,0,1,1,-1,6,1,29,6,2143,2,7,MERCEDES A CLASS,1,E01009996,0,1
2024041435875,2024,041435875,1,9,0,-1,12,5,1,-1,0,1,0,0,0,0,1,1,-1,6,2,45,7,1498,1,15,MERCEDES A CLASS,8,E01025272,0,2
2024161446242,2024,161446242,1,9,0,-1,3,5,1,-1,0,0,0,0,0,0,2,9,-1,2,2,31,6,1461,2,10,MERCEDES A CLASS,6,E01013188,0,1
2024543724524,2024,543724524,1,9,0,5,5,5,1,0,0,0,0,4,0,0,1,1,1,1,2,46,8,1991,2,15,MERCEDES A CLASS,8,E01032694,0,4
2024010535754,2024,010535754,1,9,0,99,99,9,9,99,99,9,9,99,9,99,2,9,6,6,1,28,6,1461,2,8,MERCEDES A CLASS,5,E01002184,0,1
2024201441527,2024,201441527,2,9,0,-1,9,3,1,-1,0,6,0,0,0,0,3,1,-1,6,2,49,8,1461,2,6,MERCEDES A CLASS,3,E01008952,0,1
2024122401187,2024,122401187,3,9,0,9,9,1,7,0,0,1,0,0,0,0,2,1,6,6,1,30,6,1332,1,4,MERCEDES A CLASS,2,E01011298,0,2
2024421460309,2024,421460309,2,9,0,-1,13,5,3,-1,0,0,1,0,0,0,4,1,-1,9,2,55,8,1332,8,1,MERCEDES A CLASS,4,E01022018,0,2
2024430241206,2024,430241206,1,9,0,3,3,2,6,0,0,8,0,0,0,0,2,1,2,2,2,34,6,1595,1,11,MERCEDES A CLASS,7,E01017846,0,1
2024332400045,2024,332400045,1,9,0,-1,9,8,5,-1,0,5,0,0,0,0,1,1,-1,9,2,38,7,1595,1,7,MERCEDES A CLASS,2,E01013624,0,1
2024122400573,2024,122400573,1,9,0,18,19,2,6,0,0,2,0,0,0,0,1,1,3,7,2,70,10,1595,1,6,MERCEDES A CLASS,8,E01027635,0,4
2024430616646,2024,430616646,1,9,0,18,19,6,2,0,0,0,0,0,0,0,3,1,1,1,1,32,6,1332,1,5,MERCEDES A CLASS,6,E01016388,0,3
2024010550579,2024,010550579,2,9,0,18,19,3,7,0,0,8,0,4,0,0,1,1,6,6,2,34,6,2143,2,8,MERCEDES A CLASS,2,E01004469,0,1
2024010545037,2024,010545037,1,9,0,7,7,1,3,0,0,1,0,0,0,0,1,1,2,2,1,58,9,1498,1,13,MERCEDES A CLASS,3,E01001493,0,4
2024461521865,2024,461521865,2,9,0,-1,19,7,3,-1,0,0,0,0,1,0,1,1,-1,6,1,55,8,1699,1,16,MERCEDES A CLASS,6,E01023987,0,1
2024991401149,2024,991401149,2,9,0,-1,9,6,4,-1,-1,1,0,0,0,0,3,1,-1,2,1,27,6,1461,2,9,MERCEDES A CLASS,5,-1,0,3
2024041403297,2024,041403297,2,9,0,-1,2,5,1,-1,0,0,0,0,0,0,1,1,-1,9,2,34,6,1991,1,6,MERCEDES A CLASS,8,E01025596,0,1
2024622400563,2024,622400563,2,9,0,5,5,8,2,0,0,4,0,0,0,0,1,1,6,6,2,59,9,1461,2,10,MERCEDES A CLASS,5,W01001068,0,1
2024471500005,2024,471500005,1,9,0,-1,5,3,1,-1,0,2,0,0,0,0,1,1,-1,9,1,33,6,2143,2,8,MERCEDES A CLASS,1,E01004928,0,5
2024010518473,2024,010518473,1,8,0,99,99,9,9,99,99,9,9,99,9,99,2,9,6,6,2,28,6,1332,8,4,MERCEDES A CLASS,2,E01001528,0,1
2024421450551,2024,421450551,2,9,0,-1,19,3,7,-1,0,1,0,0,0,0,1,1,-1,2,1,22,5,1461,2,9,MERCEDES A CLASS,5,E01021769,0,2
2024421477162,2024,421477162,1,9,0,-1,7,4,8,-1,0,2,0,0,0,0,1,9,-1,6,2,27,6,1461,2,9,MERCEDES A CLASS,8,E01021515,0,1
2024010501988,2024,010501988,1,9,0,3,3,1,5,0,0,8,0,0,0,0,1,1,6,6,2,84,11,1595,1,10,MERCEDES A CLASS,10,E01030559,0,2
2024552401334,2024,552401334,2,9,0,18,19,8,4,0,0,8,0,0,0,0,4,1,2,2,2,33,6,2035,1,19,MERCEDES A CLASS,5,E01015377,0,1
2024010541849,2024,010541849,2,9,0,99,99,9,9,99,99,0,9,99,9,99,2,9,6,6,2,44,7,1332,8,0,MERCEDES A CLASS,3,E01001956,0,2
2024401484876,2024,401484876,2,9,0,-1,2,0,0,-1,0,2,0,0,0,0,4,1,-1,6,-1,-1,-1,1332,1,6,MERCEDES A CLASS,-1,-1,0,-1
2024461461644,2024,461461644,2,9,0,-1,9,3,2,-1,0,0,0,0,0,0,3,1,-1,9,1,34,6,1332,8,3,MERCEDES A CLASS,3,E01016038,0,1
2024440187999,2024,440187999,3,9,0,18,19,6,2,0,0,0,0,0,0,0,1,1,6,6,2,22,5,1461,2,10,MERCEDES A CLASS,2,E01023006,0,4
2024421474408,2024,421474408,2,9,0,-1,19,1,5,-1,0,0,0,0,0,0,0,1,-1,1,1,20,4,1950,2,0,MERCEDES A CLASS,5,E01003739,0,3
2024401435579,2024,401435579,1,9,0,-1,19,1,5,-1,0,8,0,0,0,0,1,1,-1,9,1,26,6,2143,2,9,MERCEDES A CLASS,3,E01015801,0,1
2024471454796,2024,471454796,1,9,0,-1,19,5,1,-1,0,8,1,0,0,0,1,1,-1,9,2,28,6,1332,1,5,MERCEDES A CLASS,6,E01031396,0,1
2024991450086,2024,991450086,1,9,0,-1,19,4,7,-1,0,0,0,4,0,0,1,1,-1,9,2,36,7,1332,1,4,MERCEDES A CLASS,5,-1,0,1
2024211496985,2024,211496985,1,9,0,-1,9,1,8,-1,0,1,0,0,0,0,1,1,-1,6,2,61,9,1950,2,3,MERCEDES A CLASS,7,E01029613,0,1
2024991502969,2024,991502969,1,9,0,-1,11,7,3,-1,0,0,1,0,1,0,2,1,-1,9,1,25,5,1991,1,10,MERCEDES A CLASS,6,-1,0,1
2024421442377,2024,421442377,1,9,0,-1,6,3,7,-1,0,5,0,0,0,0,1,1,-1,9,1,76,11,1332,1,2,MERCEDES A CLASS,8,E01021887,0,3
2024411441070,2024,411441070,2,9,0,-1,19,1,5,-1,0,1,0,0,0,0,3,1,-1,6,2,40,7,1332,1,4,MERCEDES A CLASS,2,E01023640,0,1
2024010506843,2024,010506843,2,9,0,99,99,9,9,99,99,6,9,99,9,99,9,9,6,6,3,-1,-1,1461,2,6,MERCEDES A CLASS,-1,-1,0,-1
2024201476992,2024,201476992,2,9,0,-1,19,8,4,-1,0,4,0,0,0,0,2,1,-1,9,2,29,6,1461,2,7,MERCEDES A CLASS,6,E01010075,0,1
2024141412254,2024,141412254,1,9,0,-1,7,6,7,-1,0,0,0,0,0,0,2,1,-1,7,1,79,11,1991,2,15,MERCEDES A CLASS,1,E01007495,0,1
2024010524593,2024,010524593,2,9,0,99,99,9,9,99,99,9,9,99,9,99,9,9,6,6,3,-1,-1,1595,1,11,MERCEDES A CLASS,-1,-1,0,-1
2024010543002,2024,010543002,1,9,0,5,5,5,1,0,0,1,0,7,0,0,1,1,6,6,1,91,11,1699,1,16,MERCEDES A CLASS,5,E01001251,0,1
2024010516154,2024,010516154,2,9,0,18,19,7,3,0,0,4,0,0,0,0,4,1,6,6,2,42,7,1595,1,6,MERCEDES A CLASS,2,E01001433,0,1
2024201477824,2024,201477824,2,9,0,-1,19,2,6,-1,0,0,0,0,0,0,4,1,-1,6,1,27,6,1461,2,8,MERCEDES A CLASS,-1,-1,0,-1
2024311501011,2024,311501011,1,9,0,-1,9,1,3,-1,0,6,0,0,0,0,1,1,-1,6,1,27,6,1595,1,6,MERCEDES A CLASS,1,E01028066,0,1
2024201441758,2024,201441758,4,9,0,-1,2,0,0,-1,0,0,0,0,0,0,2,1,-1,6,-1,-1,-1,2143,2,8,MERCEDES A CLASS,-1,-1,0,-1
2024141444597,2024,141444597,3,9,0,-1,2,0,0,-1,0,0,0,0,0,0,2,1,-1,6,-1,-1,-1,1461,2,10,MERCEDES A CLASS,-1,-1,0,-1
2024610052124,2024,610052124,1,9,0,18,19,1,5,0,0,0,0,0,1,4,1,1,6,6,1,25,5,2143,2,10,MERCEDES A CLASS,3,W01001678,0,2
2024041416505,2024,041416505,3,9,0,-1,19,5,1,-1,0,1,0,0,0,0,3,1,-1,9,1,50,8,2143,2,9,MERCEDES A CLASS,6,E01025514,0,2
2024311502146,2024,311502146,3,9,0,-1,19,5,1,-1,0,0,0,0,0,0,1,1,-1,6,3,-1,-1,1991,1,6,MERCEDES A CLASS,-1,-1,0,-1
2024531442318,2024,531442318,3,9,0,-1,19,1,5,-1,0,0,0,0,0,0,2,1,-1,6,2,54,8,1699,1,15,MERCEDES A CLASS,10,E01022146,0,1
2024311504138,2024,311504138,1,9,0,-1,7,1,8,-1,0,1,0,0,0,0,4,1,-1,6,1,52,8,2143,2,10,MERCEDES A CLASS,-1,-1,0,-1
2024411462716,2024,411462716,1,9,0,-1,19,1,5,-1,0,0,1,0,0,0,3,1,-1,6,1,36,7,1461,2,5,MERCEDES A CLASS,1,E01015736,0,3
2024010521128,2024,010521128,2,9,9,99,99,9,9,99,99,9,9,99,9,0,9,9,6,6,2,29,6,1595,1,8,MERCEDES A CLASS,-1,-1,0,-1
2024552400205,2024,552400205,4,9,0,2,2,0,0,6,6,2,0,0,0,0,2,1,6,6,3,-1,-1,1595,1,8,MERCEDES A CLASS,-1,-1,0,-1
2024201551089,2024,201551089,1,9,0,-1,19,1,5,-1,0,1,0,0,0,0,1,9,-1,6,2,21,5,1950,2,4,MERCEDES A CLASS,2,E01010104,0,1