collision_index,collision_year,collision_ref_no,vehicle_reference,vehicle_type,towing_and_articulation,vehicle_manoeuvre_historic,vehicle_manoeuvre,vehicle_direction_from,vehicle_direction_to,vehicle_location_restricted_lane_historic,vehicle_location_restricted_lane,junction_location,skidding_and_overturning,hit_object_in_carriageway,vehicle_leaving_carriageway,hit_object_off_carriageway,first_point_of_impact,vehicle_left_hand_drive,journey_purpose_of_driver_historic,journey_purpose_of_driver,sex_of_driver,age_of_driver,age_band_of_driver,engine_capacity_cc,propulsion_code,age_of_vehicle,generic_make_model,driver_imd_decile,lsoa_of_driver,escooter_flag,driver_distance_banding
2024101424969,2024,101424969,2,9,0,-1,4,3,7,-1,0,0,0,0,0,0,2,1,-1,6,2,46,8,2143,2,8,MERCEDES A CLASS,-1,-1,0,-1
2024141439247,2024,141439247,1,9,0,-1,19,5,1,-1,0,0,0,0,0,0,2,1,-1,9,2,37,7,1595,1,10,MERCEDES A CLASS,1,E01011866,0,3
2024311525312,2024,311525312,2,9,0,-1,2,0,0,-1,-1,0,0,0,0,0,1,1,-1,9,2,21,5,1461,2,9,MERCEDES A CLASS,-1,-1,0,-1
2024320017155,2024,320017155,2,9,0,18,19,4,8,0,0,2,0,0,0,0,2,1,-1,-1,2,39,7,1461,2,10,MERCEDES A CLASS,8,E01026212,0,1
2024061407791,2024,061407791,1,9,0,-1,5,7,3,-1,0,2,0,0,1,0,1,1,-1,2,2,33,6,1461,2,6,MERCEDES A CLASS,6,E01005627,0,3
2024411481806,2024,411481806,2,9,0,-1,19,-1,-1,-1,0,0,0,0,0,0,4,9,-1,9,1,28,6,1461,2,7,MERCEDES A CLASS,4,E01023873,0,2
2024451489288,2024,451489288,1,9,0,-1,12,1,5,-1,0,3,0,0,0,0,3,1,-1,9,1,53,8,1461,2,4,MERCEDES A CLASS,4,E01030746,0,1
2024010507737,2024,010507737,2,9,0,99,99,9,9,99,99,9,9,99,9,99,9,1,6,6,3,-1,-1,1498,1,19,MERCEDES A CLASS,-1,-1,0,-1
2024501487295,2024,501487295,4,9,0,-1,4,5,1,-1,0,0,0,0,0,0,2,1,-1,6,1,24,5,1796,2,10,MERCEDES A CLASS,5,E01019981,0,2
2024131440651,2024,131440651,2,9,0,-1,19,5,1,-1,0,1,0,0,0,0,1,1,-1,6,1,29,6,1461,2,8,MERCEDES A CLASS,1,E01011626,0,1
2024010532588,2024,010532588,1,9,0,99,99,9,9,99,99,9,9,99,9,99,9,9,2,2,2,34,6,2143,2,7,MERCEDES A CLASS,2,E01001482,0,1
2024311455837,2024,311455837,2,9,0,-1,19,3,5,-1,0,3,0,0,0,0,1,1,-1,6,1,48,8,1991,2,18,MERCEDES A CLASS,1,E01013920,0,1
2024010550508,2024,010550508,2,9,0,99,99,9,9,99,99,0,9,99,9,99,1,9,6,6,3,-1,-1,1332,1,6,MERCEDES A CLASS,-1,-1,0,-1
2024231416415,2024,231416415,2,9,0,-1,19,8,4,-1,0,8,0,0,0,0,3,9,-1,6,2,39,7,1461,2,5,MERCEDES A CLASS,6,E01031017,0,1
2024201438874,2024,201438874,3,9,0,-1,1,4,8,-1,0,0,0,0,0,0,2,1,-1,9,1,19,4,1461,2,7,MERCEDES A CLASS,-1,-1,0,-1
2024010498872,2024,010498872,1,9,0,99,99,9,9,99,99,9,9,99,9,99,9,9,6,6,1,23,5,1461,2,7,MERCEDES A CLASS,6,E01001029,0,2
2024010518348,2024,010518348,1,9,0,2,2,0,0,2,2,1,0,0,0,0,2,1,6,6,3,-1,-1,1950,2,5,MERCEDES A CLASS,-1,-1,0,-1
2024221438407,2024,221438407,1,9,0,-1,4,8,4,-1,0,8,1,0,7,9,1,1,-1,6,1,21,5,1461,2,11,MERCEDES A CLASS,4,W01001297,0,4
2024061508504,2024,061508504,1,9,0,-1,19,1,5,-1,0,0,0,0,0,0,3,1,-1,6,1,35,6,1461,2,10,MERCEDES A CLASS,-1,-1,0,-1
2024201521576,2024,201521576,2,9,0,-1,2,0,0,-1,0,0,0,0,0,0,3,9,-1,9,-1,-1,-1,1332,1,5,MERCEDES A CLASS,-1,-1,0,-1
2024631436204,2024,631436204,1,9,0,-1,13,1,6,-1,0,1,1,0,2,11,1,1,-1,6,2,21,5,2143,2,8,MERCEDES A CLASS,5,W01000455,0,1
2024111404652,2024,111404652,1,9,0,-1,19,5,8,-1,0,0,1,0,1,0,1,1,-1,2,1,31,6,1332,1,4,MERCEDES A CLASS,1,E01020844,0,1
2024101442751,2024,101442751,1,9,0,-1,19,5,1,-1,0,0,0,0,0,0,4,1,-1,6,2,24,5,1595,1,10,MERCEDES A CLASS,1,E01008837,0,1
2024461466970,2024,461466970,1,9,0,-1,10,1,5,-1,0,1,0,0,0,0,2,1,-1,9,1,38,7,1332,1,3,MERCEDES A CLASS,7,E01000657,0,2
2024421440217,2024,421440217,2,9,0,-1,19,2,5,-1,0,0,0,0,0,0,2,1,-1,9,1,24,5,1595,1,6,MERCEDES A CLASS,7,E01015961,0,2
2024201464069,2024,201464069,1,9,0,-1,19,4,8,-1,0,2,1,10,7,0,1,1,-1,9,1,17,4,1332,1,3,MERCEDES A CLASS,9,E01029375,0,3
2024010532751,2024,010532751,2,9,0,18,19,1,5,0,0,1,0,0,0,0,2,1,6,6,1,37,7,1332,1,6,MERCEDES A CLASS,2,E01001770,0,1
2024010495346,2024,010495346,2,9,0,3,3,5,1,0,0,1,0,0,0,0,1,1,6,6,1,40,7,1498,1,14,MERCEDES A CLASS,-1,-1,0,-1
2024440144969,2024,440144969,1,9,0,9,9,4,2,0,0,5,0,0,7,11,1,1,6,6,1,18,4,1950,2,3,MERCEDES A CLASS,2,E01017253,0,1
2024320493101,2024,320493101,1,9,0,-1,-1,6,2,0,0,1,0,0,0,0,1,1,-1,-1,2,31,6,2143,2,8,MERCEDES A CLASS,3,E01034686,0,4
2024501395972,2024,501395972,2,9,0,-1,19,4,5,-1,0,6,0,0,0,0,3,1,-1,6,1,60,9,1991,1,8,MERCEDES A CLASS,8,E01019962,0,3
2024451526191,2024,451526191,4,9,0,-1,4,5,1,-1,0,0,0,0,0,0,2,1,-1,2,1,26,6,1332,8,3,MERCEDES A CLASS,10,E01035339,0,4
2024141473633,2024,141473633,2,9,0,-1,19,3,7,-1,0,2,0,0,0,0,3,1,-1,9,2,58,9,1461,2,9,MERCEDES A CLASS,2,E01007772,0,1
2024552400887,2024,552400887,1,9,0,18,19,8,4,0,0,0,0,0,0,0,1,1,2,2,2,26,6,1595,1,11,MERCEDES A CLASS,7,E01015391,0,1
2024451527234,2024,451527234,1,9,0,-1,9,7,5,-1,0,0,0,0,0,0,1,1,-1,1,2,52,8,1461,2,8,MERCEDES A CLASS,7,E01030423,0,2
2024320116107,2024,320116107,1,9,0,-1,-1,4,8,0,0,1,0,0,0,0,1,1,-1,-1,1,29,6,1332,1,5,MERCEDES A CLASS,9,E01026118,0,3
2024141557321,2024,141557321,1,9,0,-1,5,1,5,-1,0,2,0,0,0,0,4,1,-1,6,2,32,6,1461,2,6,MERCEDES A CLASS,2,E01007680,0,1
2024061517533,2024,061517533,2,9,0,-1,19,-1,-1,-1,0,0,0,0,0,0,4,1,-1,6,1,-1,-1,1461,2,5,MERCEDES A CLASS,-1,-1,0,-1
2024361490232,2024,361490232,1,9,0,-1,3,5,1,-1,0,0,0,0,0,0,1,1,-1,2,2,42,7,1332,8,0,MERCEDES A CLASS,4,E01026905,0,1
2024361499345,2024,361499345,1,9,0,-1,19,7,4,-1,0,3,0,0,0,0,3,1,-1,2,1,42,7,1461,2,8,MERCEDES A CLASS,6,E01026797,0,1
2024131495447,2024,131495447,1,9,0,-1,19,4,2,-1,1,0,0,0,0,0,1,1,-1,2,2,44,7,1461,2,6,MERCEDES A CLASS,4,E01011787,0,3
2024411438236,2024,411438236,2,9,0,-1,4,5,1,-1,0,3,0,0,0,0,3,1,-1,6,1,34,6,2143,2,7,MERCEDES A CLASS,3,E01002519,0,4
2024201492474,2024,201492474,1,9,0,-1,19,4,6,-1,0,3,0,0,0,0,1,1,-1,6,2,16,4,2143,2,8,MERCEDES A CLASS,-1,-1,0,-1
2024320556139,2024,320556139,1,9,0,7,7,4,6,0,0,8,0,0,0,10,1,1,6,6,2,56,9,2143,2,7,MERCEDES A CLASS,7,E01026388,0,4
2024311403517,2024,311403517,2,9,0,-1,19,5,1,-1,0,1,0,0,0,0,4,1,-1,6,1,44,7,1332,1,3,MERCEDES A CLASS,9,E01019678,0,1
2024061502404,2024,061502404,1,9,-1,-1,9,-1,-1,-1,0,0,0,0,0,0,-1,9,-1,6,3,-1,-1,1461,2,4,MERCEDES A CLASS,-1,-1,0,-1
2024161528390,2024,161528390,1,9,0,-1,9,2,8,-1,0,5,0,4,0,0,3,1,-1,9,1,23,5,1332,8,1,MERCEDES A CLASS,6,E01013188,0,1
2024221512038,2024,221512038,1,9,0,-1,19,3,6,-1,0,0,0,0,7,10,1,1,-1,6,1,28,6,1461,2,9,MERCEDES A CLASS,3,E01014005,0,3
2024052500232,2024,052500232,2,9,0,10,10,7,5,0,0,1,0,0,0,0,3,1,6,6,1,47,8,1332,1,5,MERCEDES A CLASS,7,E01006421,0,1
2024471492004,2024,471492004,1,9,0,-1,19,3,7,-1,0,2,0,0,0,0,1,1,-1,6,2,23,5,2143,2,8,MERCEDES A CLASS,10,E01031695,0,1
2024351516230,2024,351516230,1,9,0,-1,9,1,6,-1,0,2,0,0,0,0,1,1,-1,2,2,37,7,2143,2,7,MERCEDES A CLASS,7,E01018053,0,1
2024010564289,2024,010564289,2,9,0,99,99,9,9,99,99,9,9,99,9,99,9,9,6,6,3,-1,-1,1461,2,9,MERCEDES A CLASS,-1,-1,0,-1
2024421477032,2024,421477032,1,9,0,-1,19,3,7,-1,0,4,0,0,0,0,1,1,-1,6,2,33,6,1461,2,6,MERCEDES A CLASS,3,E01003915,0,4
2024010527408,2024,010527408,2,9,0,17,19,3,7,0,0,8,0,0,0,0,4,1,6,6,3,-1,-1,1699,1,14,MERCEDES A CLASS,-1,-1,0,-1
2024010501895,2024,010501895,2,9,0,3,3,1,5,0,0,1,0,0,0,0,1,1,6,6,1,32,6,2143,2,10,MERCEDES A CLASS,2,E01001555,0,1
2024361506380,2024,361506380,1,9,0,-1,19,1,5,-1,0,8,0,0,0,0,1,1,-1,9,2,64,9,1332,1,4,MERCEDES A CLASS,2,E01026607,0,3
2024052401676,2024,052401676,2,9,0,18,19,3,7,0,0,8,0,0,0,0,3,1,2,2,1,29,6,1461,2,5,MERCEDES A CLASS,5,E01025228,0,4
2024421423778,2024,421423778,2,9,0,-1,2,0,0,-1,-1,0,0,0,0,0,2,1,-1,6,-1,-1,-1,1461,2,10,MERCEDES A CLASS,-1,-1,0,-1
2024471442102,2024,471442102,1,9,0,-1,19,2,6,-1,0,1,0,0,0,0,1,1,-1,6,2,35,6,1461,2,9,MERCEDES A CLASS,5,E01034817,0,1
2024340WN6422,2024,340WN6422,1,9,0,-1,19,6,2,-1,0,1,0,0,0,0,1,1,-1,6,3,-1,-1,1992,2,18,MERCEDES A CLASS,-1,-1,0,-1
2024371479552,2024,371479552,1,9,0,-1,19,6,2,-1,0,0,1,0,1,0,1,1,-1,6,1,33,6,1991,1,11,MERCEDES A CLASS,9,E01029872,0,2
2024131455179,2024,131455179,3,9,0,-1,2,1,7,-1,0,1,0,0,0,0,1,1,-1,9,2,34,6,1461,2,7,MERCEDES A CLASS,8,E01032501,0,2
2024471452507,2024,471452507,3,9,0,-1,3,8,4,-1,0,0,0,0,0,0,0,1,-1,9,1,69,10,1950,2,4,MERCEDES A CLASS,9,E01035349,0,3
2024411528702,2024,411528702,2,9,0,-1,4,3,7,-1,0,0,1,1,0,0,1,1,-1,2,1,42,7,1397,1,20,MERCEDES A CLASS,9,E01023438,0,1
2024440273686,2024,440273686,2,9,0,12,12,1,5,0,0,1,0,0,0,0,3,1,6,6,1,23,5,1498,1,19,MERCEDES A CLASS,5,E01022734,0,2
2024010551169,2024,010551169,2,9,0,18,19,9,9,99,99,9,9,99,9,99,1,9,6,6,1,51,8,1498,1,14,MERCEDES A CLASS,3,E01001980,0,3
2024622400709,2024,622400709,4,9,0,18,19,8,4,0,0,1,0,0,0,0,2,1,6,6,2,35,6,1461,2,7,MERCEDES A CLASS,1,W01001288,0,2
2024041515625,2024,041515625,1,9,0,-1,9,5,4,-1,0,1,0,0,0,0,1,1,-1,9,2,48,8,1332,8,1,MERCEDES A CLASS,6,E01025161,0,2
2024131462376,2024,131462376,1,9,0,-1,19,5,1,-1,0,0,0,0,0,0,1,1,-1,6,3,-1,-1,1332,1,3,MERCEDES A CLASS,-1,-1,0,-1
2024471504662,2024,471504662,1,9,0,-1,19,7,3,-1,0,0,0,0,0,0,3,1,-1,9,2,42,7,1332,1,5,MERCEDES A CLASS,9,E01031714,0,1
2024361445246,2024,361445246,1,9,0,-1,5,1,4,-1,0,1,0,0,0,0,1,1,-1,6,1,78,11,1689,2,23,MERCEDES A CLASS,6,E01026484,0,1
2024320142922,2024,320142922,1,9,0,9,9,4,2,0,0,6,0,0,0,0,1,1,-1,-1,2,38,7,1332,1,5,MERCEDES A CLASS,6,E01026158,0,1
2024311497101,2024,311497101,2,9,0,-1,19,1,5,-1,0,0,0,0,0,0,3,2,-1,6,1,55,8,1332,1,4,MERCEDES A CLASS,-1,-1,0,-1
2024010506184,2024,010506184,2,9,0,99,99,9,9,99,99,9,9,99,9,99,1,9,6,6,2,35,6,1332,1,6,MERCEDES A CLASS,2,E01003556,0,1
2024451417491,2024,451417491,2,9,0,-1,2,0,0,-1,0,1,0,0,0,0,4,1,-1,6,2,-1,-1,1498,1,14,MERCEDES A CLASS,10,E01030831,0,1
2024201458137,2024,201458137,1,9,0,-1,5,5,1,-1,0,0,0,0,0,0,1,9,-1,6,1,37,7,1332,1,3,MERCEDES A CLASS,2,E01009742,0,1
2024201516696,2024,201516696,2,9,0,-1,19,5,1,-1,0,8,0,10,0,0,4,9,-1,2,1,29,6,1332,1,4,MERCEDES A CLASS,6,E01010438,0,1
2024991547147,2024,991547147,1,9,0,-1,5,3,7,-1,0,0,0,0,0,0,2,1,-1,9,2,35,6,1950,2,4,MERCEDES A CLASS,9,-1,0,1
2024101530040,2024,101530040,1,9,0,-1,19,1,5,-1,0,2,0,0,0,0,1,1,-1,9,2,21,5,1461,2,9,MERCEDES A CLASS,3,E01008576,0,3
2024010531673,2024,010531673,2,9,0,99,99,9,9,99,99,9,9,99,9,99,1,9,6,6,2,23,5,1595,1,7,MERCEDES A CLASS,1,E01000221,0,1
2024010497390,2024,010497390,1,9,0,4,4,5,1,0,0,8,0,0,0,0,2,1,6,6,2,18,4,1332,8,1,MERCEDES A CLASS,-1,-1,0,-1
2024411450272,2024,411450272,1,9,0,-1,4,3,7,-1,0,0,0,0,0,0,1,1,-1,1,1,35,6,1950,2,2,MERCEDES A CLASS,4,E01001501,0,2
2024471534399,2024,471534399,1,9,0,-1,19,8,4,-1,0,0,0,0,0,0,1,1,-1,9,1,52,8,1332,1,4,MERCEDES A CLASS,9,E01031580,0,3
2024421467377,2024,421467377,2,9,0,-1,19,3,7,-1,0,8,0,0,0,0,1,1,-1,9,2,38,7,2143,2,7,MERCEDES A CLASS,4,E01021979,0,2
2024010538166,2024,010538166,2,9,0,99,99,9,9,99,99,9,9,99,9,99,9,9,6,6,3,25,5,1332,1,5,MERCEDES A CLASS,1,E01002093,0,3
2024201502914,2024,201502914,1,9,0,-1,19,5,1,-1,0,6,1,0,0,0,1,1,-1,6,2,33,6,1461,2,5,MERCEDES A CLASS,1,E01009484,0,1
2024501530310,2024,501530310,1,9,0,-1,19,7,5,-1,0,2,0,0,1,3,1,1,-1,9,2,19,4,2143,2,8,MERCEDES A CLASS,5,E01034847,0,4
2024010516357,2024,010516357,3,9,0,18,19,1,5,0,0,0,0,0,0,0,2,1,6,6,2,31,6,1461,2,9,MERCEDES A CLASS,4,E01002620,0,1
2024201421382,2024,201421382,4,9,0,-1,2,0,0,-1,0,0,0,0,0,0,1,1,-1,6,2,32,6,2143,2,7,MERCEDES A CLASS,9,E01009422,0,1
2024010536289,2024,010536289,2,9,0,2,2,0,0,9,9,1,0,4,0,0,1,1,6,6,3,-1,-1,1461,2,6,MERCEDES A CLASS,-1,-1,0,-1
2024610017324,2024,610017324,2,9,0,5,5,6,2,0,0,2,0,0,0,0,1,1,6,6,1,18,4,1333,1,6,MERCEDES A CLASS,10,W01001574,0,3
2024052402040,2024,052402040,2,9,0,18,19,6,2,0,0,0,0,0,0,0,0,1,6,6,1,31,6,1595,1,8,MERCEDES A CLASS,8,E01023880,0,5
2024461479070,2024,461479070,2,9,0,-1,9,-1,-1,-1,0,0,0,0,0,0,4,9,-1,6,2,37,7,1498,1,16,MERCEDES A CLASS,6,E01024411,0,3
2024010538328,2024,010538328,1,9,0,99,99,9,9,99,99,9,9,99,9,99,1,9,2,2,2,34,6,1595,1,7,MERCEDES A CLASS,3,E01001089,0,1
2024440387209,2024,440387209,2,9,0,8,8,2,5,0,0,1,0,0,0,0,2,1,6,6,2,34,6,1461,2,5,MERCEDES A CLASS,5,E01023151,0,1
2024010523452,2024,010523452,1,9,0,5,5,3,7,0,0,1,0,0,0,0,3,1,6,6,2,32,6,1332,1,5,MERCEDES A CLASS,2,E01002741,0,1
2024351521634,2024,351521634,3,9,0,-1,3,5,1,-1,0,2,0,0,0,0,2,1,-1,6,1,39,7,1332,1,6,MERCEDES A CLASS,3,E01035552,0,1
2024332400410,2024,332400410,2,9,0,-1,7,1,3,-1,0,2,0,0,0,0,2,1,-1,6,2,22,5,1950,2,4,MERCEDES A CLASS,1,E01013603,0,1
2024101479315,2024,101479315,1,9,0,-1,19,7,3,-1,0,4,0,0,0,0,3,1,-1,6,2,33,6,2143,2,6,MERCEDES A CLASS,1,E01008295,0,1
2024061469560,2024,061469560,4,9,0,-1,19,1,1,-1,0,0,0,0,0,0,1,1,-1,6,2,46,8,1595,1,7,MERCEDES A CLASS,10,E01005903,0,1
2024991431442,2024,991431442,1,9,0,-1,19,5,1,-1,0,0,0,0,0,0,1,1,-1,1,2,42,7,1595,1,11,MERCEDES A CLASS,2,-1,0,4
2024631471871,2024,631471871,1,9,0,-1,9,4,2,-1,0,5,0,0,7,10,3,1,-1,9,2,38,7,1498,1,17,MERCEDES A CLASS,7,W01000482,0,4
2024010514839,2024,010514839,1,9,0,4,4,5,1,0,0,0,0,0,0,0,2,1,6,6,1,29,6,1332,1,4,MERCEDES A CLASS,1,-1,0,5
2024052402317,2024,052402317,1,9,0,18,19,6,4,0,0,8,0,0,4,3,2,1,6,6,2,19,4,1461,2,9,MERCEDES A CLASS,1,E01006608,0,1
2024010533661,2024,010533661,1,9,0,18,19,7,3,0,0,8,0,0,0,0,1,1,6,6,1,20,4,1332,1,4,MERCEDES A CLASS,3,E01002052,0,3
2024010502837,2024,010502837,2,9,0,1,1,9,9,99,99,9,9,99,9,99,9,9,6,6,1,-1,-1,1461,2,5,MERCEDES A CLASS,4,E01003733,0,2
2024161397791,2024,161397791,2,9,0,-1,4,2,7,-1,0,0,0,0,0,0,2,1,-1,6,2,32,6,2143,2,7,MERCEDES A CLASS,1,E01013279,0,1
2024010540817,2024,010540817,3,9,0,2,2,0,0,0,0,1,0,0,0,0,4,1,6,6,3,-1,-1,2143,2,8,MERCEDES A CLASS,-1,-1,0,-1
2024201404242,2024,201404242,2,9,0,-1,19,3,8,-1,0,1,0,0,0,0,2,9,-1,9,2,26,6,2143,2,7,MERCEDES A CLASS,8,E01010151,0,2
2024101533457,2024,101533457,1,9,0,-1,19,1,5,-1,0,1,0,0,0,0,1,1,-1,9,1,25,5,2143,2,10,MERCEDES A CLASS,1,E01008389,0,1
2024010511930,2024,010511930,2,9,0,9,9,1,8,0,0,6,0,0,0,0,3,1,6,6,2,38,7,1461,2,6,MERCEDES A CLASS,4,E01001050,0,1
2024010505858,2024,010505858,2,9,0,18,19,5,1,0,0,8,0,0,0,0,1,1,6,6,2,45,7,2143,2,7,MERCEDES A CLASS,2,E01003783,0,1
2024201524750,2024,201524750,1,9,0,-1,12,8,4,-1,0,0,0,0,0,0,0,1,-1,6,3,-1,-1,1950,2,5,MERCEDES A CLASS,-1,-1,0,-1
2024010543115,2024,010543115,2,3,0,-1,-1,7,3,0,0,1,0,0,0,0,1,1,6,6,1,26,6,1332,1,4,MERCEDES A CLASS,4,E01003635,0,2
2024332401106,2024,332401106,1,9,0,-1,4,3,7,-1,0,0,0,0,0,0,2,1,-1,9,2,30,6,1461,2,8,MERCEDES A CLASS,1,E01013726,0,2
2024501397403,2024,501397403,1,9,0,-1,19,6,1,-1,0,0,0,0,0,0,1,1,-1,6,1,25,5,1332,1,4,MERCEDES A CLASS,3,E01034608,0,5
2024440084170,2024,440084170,1,9,0,6,6,4,4,0,0,0,0,0,0,0,3,1,6,6,2,68,10,1332,1,5,MERCEDES A CLASS,9,E01022759,0,1
2024421483462,2024,421483462,1,9,0,-1,1,5,1,-1,9,1,0,0,0,0,2,1,-1,9,2,87,11,1598,1,22,MERCEDES A CLASS,9,E01000770,0,4
2024361409710,2024,361409710,2,9,0,-1,19,6,2,-1,0,8,0,0,0,0,4,1,-1,6,2,21,5,1796,2,11,MERCEDES A CLASS,6,E01026484,0,4
2024520402497,2024,520402497,1,9,0,18,19,4,8,0,0,0,0,0,0,0,1,1,6,6,2,49,8,1461,2,9,MERCEDES A CLASS,6,E01029120,0,1
2024351522093,2024,351522093,1,9,0,-1,19,1,5,-1,0,0,0,0,0,0,1,1,-1,9,2,44,7,1796,2,10,MERCEDES A CLASS,6,E01015691,0,1
2024361476812,2024,361476812,1,9,0,-1,1,3,7,-1,0,0,0,0,0,0,2,1,-1,2,1,18,4,1332,8,0,MERCEDES A CLASS,5,E01026726,0,2
2024221490524,2024,221490524,3,9,0,-1,19,3,7,-1,0,0,0,0,0,0,0,1,-1,2,2,20,4,1461,2,11,MERCEDES A CLASS,10,E01034328,0,3
2024010522860,2024,010522860,1,9,0,18,19,1,5,9,9,2,0,0,0,0,1,1,6,6,2,38,7,2143,2,9,MERCEDES A CLASS,-1,-1,0,-1
2024061511615,2024,061511615,1,9,0,-1,19,6,2,-1,0,2,0,0,0,0,1,1,-1,9,2,23,5,1332,1,5,MERCEDES A CLASS,8,E01032485,0,2
2024351535762,2024,351535762,2,9,0,-1,19,7,5,-1,0,0,0,0,0,0,1,1,-1,6,2,33,6,1332,1,5,MERCEDES A CLASS,8,E01018296,0,1
2024421483682,2024,421483682,2,9,0,-1,19,3,7,-1,0,0,0,0,0,0,3,1,-1,6,1,33,6,1461,2,5,MERCEDES A CLASS,6,E01021394,0,3
2024061501348,2024,061501348,1,9,0,-1,19,7,3,-1,0,6,0,0,0,0,1,1,-1,1,1,30,6,1461,2,11,MERCEDES A CLASS,1,E01034112,0,2
2024131398882,2024,131398882,1,9,0,-1,19,8,4,-1,0,0,0,0,0,0,1,1,-1,6,1,27,6,1461,2,10,MERCEDES A CLASS,1,E01011617,0,1
2024010527944,2024,010527944,1,9,0,17,19,5,1,0,0,2,0,0,0,0,1,1,6,6,1,27,6,1332,1,6,MERCEDES A CLASS,2,E01033939,0,1
2024201439156,2024,201439156,3,9,0,-1,3,1,5,-1,0,0,0,0,0,0,1,1,-1,6,1,44,7,2143,2,9,MERCEDES A CLASS,1,E01010289,0,3
2024991535320,2024,991535320,1,9,0,-1,19,7,3,-1,0,0,5,0,1,11,1,1,-1,9,1,32,6,1991,1,8,MERCEDES A CLASS,-1,-1,0,-1
2024052401643,2024,052401643,2,9,0,7,7,2,4,0,0,1,0,0,0,0,4,1,6,6,1,27,6,1461,2,7,MERCEDES A CLASS,1,E01034397,0,2
2024061488554,2024,061488554,2,9,0,-1,19,7,3,-1,0,0,0,0,0,0,2,1,-1,9,2,33,6,1332,8,0,MERCEDES A CLASS,2,E01005260,0,3
2024010513629,2024,010513629,2,9,0,18,19,3,7,0,0,1,0,0,0,0,1,1,6,6,1,19,4,1332,1,5,MERCEDES A CLASS,2,E01000508,0,3
2024351406902,2024,351406902,2,9,0,-1,19,7,3,-1,0,2,0,0,0,0,1,1,-1,2,1,25,5,1332,1,5,MERCEDES A CLASS,9,E01035521,0,2
2024122400870,2024,122400870,3,9,0,4,4,5,1,0,0,0,0,0,0,0,1,1,6,6,1,78,11,1991,2,12,MERCEDES A CLASS,3,E01013386,0,2
2024010517638,2024,010517638,2,9,0,12,12,3,7,0,0,0,0,0,0,0,2,1,6,6,2,29,6,1332,1,3,MERCEDES A CLASS,2,E01001427,0,1
2024461522570,2024,461522570,1,9,0,-1,4,1,3,-1,0,0,1,0,0,0,1,1,-1,9,2,33,6,2143,2,7,MERCEDES A CLASS,9,E01024431,0,1
2024201466577,2024,201466577,1,9,0,-1,12,2,6,-1,0,0,0,0,0,0,3,1,-1,1,1,28,6,1332,1,5,MERCEDES A CLASS,1,E01033646,0,2
2024991468532,2024,991468532,1,9,0,-1,9,3,6,-1,0,6,0,0,3,0,2,1,-1,9,1,25,5,1332,8,1,MERCEDES A CLASS,7,-1,0,1
2024351492005,2024,351492005,1,9,0,-1,19,8,4,-1,0,6,0,0,0,0,1,1,-1,9,2,35,6,1332,1,5,MERCEDES A CLASS,6,E01002555,0,4
2024461405609,2024,461405609,2,9,0,-1,5,1,1,-1,0,1,0,0,0,0,1,9,-1,6,2,65,9,1699,1,17,MERCEDES A CLASS,1,E01024613,0,1
2024010506176,2024,010506176,2,9,0,18,19,1,5,0,0,0,0,0,0,0,1,1,6,6,2,31,6,1595,1,11,MERCEDES A CLASS,9,E01030538,0,3
2024061496575,2024,061496575,1,9,0,-1,3,-1,-1,-1,0,1,1,0,0,0,2,1,-1,9,1,23,5,1332,1,5,MERCEDES A CLASS,3,E01006043,0,1
2024440499489,2024,440499489,2,9,0,2,2,0,0,0,0,0,0,0,0,0,2,1,6,6,3,-1,-1,1332,1,5,MERCEDES A CLASS,-1,-1,0,-1
2024411522500,2024,411522500,1,9,-1,-1,-1,-1,-1,-1,-1,0,-1,-1,-1,0,-1,9,-1,6,1,24,5,1332,1,6,MERCEDES A CLASS,5,E01002118,0,3
2024010542031,2024,010542031,1,9,0,99,99,9,9,99,99,9,9,99,9,99,9,9,6,6,3,-1,-1,1332,1,4,MERCEDES A CLASS,-1,-1,0,-1
2024010503657,2024,010503657,1,9,0,7,7,5,7,0,0,1,0,0,1,0,0,1,6,6,3,-1,-1,1332,8,1,MERCEDES A CLASS,5,E01004564,0,1
2024010507967,2024,010507967,1,9,0,14,14,1,5,0,0,1,0,0,0,0,1,1,6,6,1,44,7,1595,1,10,MERCEDES A CLASS,7,E01003139,0,2
2024211462690,2024,211462690,2,9,0,-1,4,1,5,-1,0,1,0,0,0,0,2,1,-1,2,2,31,6,1461,2,10,MERCEDES A CLASS,3,E01029404,0,4
2024010523213,2024,010523213,2,9,0,2,2,0,0,0,0,0,0,0,0,0,0,1,6,6,3,-1,-1,1461,2,5,MERCEDES A CLASS,-1,-1,0,-1
2024041453622,2024,041453622,2,9,0,-1,19,3,7,-1,0,8,1,0,1,0,1,1,-1,9,2,39,7,1332,1,4,MERCEDES A CLASS,5,E01006929,0,4