collision_index,collision_year,collision_ref_no,vehicle_reference,vehicle_type,towing_and_articulation,vehicle_manoeuvre_historic,vehicle_manoeuvre,vehicle_direction_from,vehicle_direction_to,vehicle_location_restricted_lane_historic,vehicle_location_restricted_lane,junction_location,skidding_and_overturning,hit_object_in_carriageway,vehicle_leaving_carriageway,hit_object_off_carriageway,first_point_of_impact,vehicle_left_hand_drive,journey_purpose_of_driver_historic,journey_purpose_of_driver,sex_of_driver,age_of_driver,age_band_of_driver,engine_capacity_cc,propulsion_code,age_of_vehicle,generic_make_model,driver_imd_decile,lsoa_of_driver,escooter_flag,driver_distance_banding
2024010533723,2024,010533723,2,9,0,99,99,9,9,99,99,9,9,99,9,99,9,9,6,6,3,-1,-1,1332,8,1,MERCEDES A CLASS,4,E01002643,0,1
2024311436290,2024,311436290,3,9,0,-1,19,6,2,-1,0,0,0,0,0,0,1,1,-1,6,1,36,7,2143,2,11,MERCEDES A CLASS,-1,-1,0,-1
2024351431726,2024,351431726,3,9,0,-1,3,6,2,-1,0,0,0,0,0,0,2,1,-1,6,1,46,8,1950,2,2,MERCEDES A CLASS,6,E01026040,0,4
2024221518873,2024,221518873,1,9,0,-1,13,6,8,-1,0,0,1,0,0,0,1,1,-1,6,2,28,6,1461,2,11,MERCEDES A CLASS,5,E01014046,0,2
2024041491120,2024,041491120,2,9,0,-1,19,4,2,-1,0,1,0,0,0,0,1,1,-1,9,1,33,6,1332,1,3,MERCEDES A CLASS,6,E01025066,0,1
2024451538661,2024,451538661,1,9,0,-1,19,8,4,-1,0,0,1,0,7,4,1,1,-1,9,1,20,4,1461,2,5,MERCEDES A CLASS,4,E01001023,0,1
2024430086000,2024,430086000,1,9,0,18,19,1,5,0,0,0,5,0,0,0,1,1,6,6,1,50,8,1333,1,6,MERCEDES A CLASS,1,E01025447,0,5
2024101476518,2024,101476518,2,9,0,-1,19,7,3,-1,0,0,0,0,0,0,1,1,-1,6,2,57,9,1991,2,16,MERCEDES A CLASS,5,E01027453,0,3
2024201508772,2024,201508772,2,9,0,-1,5,7,4,-1,0,6,0,0,0,0,1,1,-1,9,2,37,7,1595,1,7,MERCEDES A CLASS,1,E01009351,0,1
2024131444020,2024,131444020,2,9,0,-1,9,2,3,-1,0,6,0,0,0,0,2,1,-1,6,2,30,6,1461,2,8,MERCEDES A CLASS,7,E01011635,0,1
2024010518574,2024,010518574,2,9,0,99,99,9,9,99,99,0,9,99,9,99,9,9,6,6,3,-1,-1,1332,8,4,MERCEDES A CLASS,8,E01001027,0,4
2024201469480,2024,201469480,1,9,0,-1,4,2,6,-1,0,0,0,0,0,0,1,1,-1,6,1,32,6,1461,2,9,MERCEDES A CLASS,1,E01010142,0,1
2024411473258,2024,411473258,1,9,0,-1,19,2,5,-1,0,1,0,4,0,0,1,1,-1,6,2,24,5,1461,2,6,MERCEDES A CLASS,8,E01023569,0,1
2024421419811,2024,421419811,3,9,-1,-1,10,5,2,-1,0,0,0,0,0,0,-1,1,-1,6,3,-1,-1,1332,1,4,MERCEDES A CLASS,-1,-1,0,-1
2024991463863,2024,991463863,2,9,0,-1,19,1,5,-1,0,0,0,0,0,0,2,1,-1,9,2,60,9,1332,8,3,MERCEDES A CLASS,8,E01019242,0,5
2024041495062,2024,041495062,2,9,0,-1,2,0,0,-1,0,0,0,0,0,0,2,1,-1,9,1,71,10,1595,1,9,MERCEDES A CLASS,8,E01025018,0,1
2024131460123,2024,131460123,1,9,0,-1,19,1,1,-1,0,1,0,0,0,0,3,1,-1,6,2,46,8,1461,2,9,MERCEDES A CLASS,6,E01011704,0,1
2024010498043,2024,010498043,1,9,0,3,3,3,7,0,0,1,0,0,0,0,2,1,6,6,2,41,7,2143,2,10,MERCEDES A CLASS,2,E01000483,0,1
2024010527749,2024,010527749,2,9,0,2,2,0,0,0,0,0,0,0,0,0,3,1,6,6,3,-1,-1,1332,1,4,MERCEDES A CLASS,-1,-1,0,-1
2024471427740,2024,471427740,1,9,0,-1,10,5,3,-1,0,1,0,0,7,0,4,1,-1,9,2,75,10,1332,1,3,MERCEDES A CLASS,10,E01031340,0,1
2024131498174,2024,131498174,1,9,0,-1,7,1,7,-1,0,8,0,7,0,0,1,1,-1,9,2,25,5,1332,1,5,MERCEDES A CLASS,7,E01011650,0,3
2024471428129,2024,471428129,2,9,0,-1,2,0,0,-1,0,0,0,4,1,0,2,1,-1,6,-1,-1,-1,2143,2,7,MERCEDES A CLASS,-1,-1,0,-1
2024010526509,2024,010526509,2,9,9,2,2,0,0,99,99,9,9,99,9,99,1,9,6,6,3,-1,-1,1461,2,9,MERCEDES A CLASS,-1,-1,0,-1
2024320117103,2024,320117103,1,9,0,7,7,3,6,0,0,6,0,0,0,0,1,1,-1,-1,2,35,6,2143,2,8,MERCEDES A CLASS,4,E01026016,0,3
2024471447265,2024,471447265,2,9,0,-1,4,1,3,-1,0,1,0,0,0,0,4,1,-1,9,1,71,10,1991,2,16,MERCEDES A CLASS,6,E01031402,0,1
2024411455675,2024,411455675,2,9,-1,-1,-1,-1,-1,-1,-1,0,-1,-1,-1,0,-1,9,-1,6,2,38,7,1991,2,15,MERCEDES A CLASS,9,E01023767,0,4
2024201482183,2024,201482183,4,9,9,-1,19,4,8,-1,0,8,0,0,0,0,9,9,-1,6,1,26,6,1332,1,5,MERCEDES A CLASS,1,E01008898,0,1
2024010541429,2024,010541429,1,9,0,5,5,3,7,0,0,1,0,0,0,0,1,1,6,6,1,37,7,1498,1,14,MERCEDES A CLASS,-1,-1,0,-1
2024010532763,2024,010532763,1,9,0,18,19,7,3,0,0,0,0,0,0,0,1,1,2,2,2,25,5,1950,2,3,MERCEDES A CLASS,2,E01000550,0,3
2024010512096,2024,010512096,1,9,0,5,5,7,3,0,0,0,0,0,0,0,1,1,6,6,1,27,6,1595,1,8,MERCEDES A CLASS,7,E01003646,0,3
2024041500555,2024,041500555,2,9,0,-1,19,5,1,-1,0,8,0,0,0,0,1,1,-1,1,1,24,5,2143,2,7,MERCEDES A CLASS,2,E01025037,0,1
2024451461516,2024,451461516,1,9,0,-1,19,7,3,-1,0,1,0,0,0,0,2,1,-1,9,1,54,8,1332,8,1,MERCEDES A CLASS,7,E01030722,0,1
2024501431471,2024,501431471,1,9,0,-1,19,7,3,-1,0,1,0,0,0,0,2,1,-1,9,1,25,5,1461,2,11,MERCEDES A CLASS,7,E01015100,0,1
2024411526205,2024,411526205,1,9,0,-1,13,3,7,-1,0,0,0,0,0,0,1,1,-1,2,1,21,5,1595,1,7,MERCEDES A CLASS,10,E01023628,0,3
2024440482489,2024,440482489,2,9,0,4,4,3,7,6,6,0,0,0,0,0,2,1,6,6,1,66,10,1332,1,4,MERCEDES A CLASS,-1,-1,0,-1
2024411521633,2024,411521633,2,9,0,-1,19,7,3,-1,0,0,1,0,0,0,0,1,-1,6,2,26,6,1595,1,12,MERCEDES A CLASS,6,E01016827,0,4
2024522500251,2024,522500251,1,9,0,18,19,1,5,0,0,2,0,0,0,0,1,1,6,6,2,21,5,1332,1,4,MERCEDES A CLASS,9,E01014859,0,3
2024332400297,2024,332400297,1,9,0,-1,19,5,1,-1,0,5,1,0,7,4,3,1,-1,2,2,35,6,1332,1,5,MERCEDES A CLASS,6,E01025746,0,1
2024010517928,2024,010517928,1,9,0,9,9,7,5,0,0,8,0,0,0,0,3,1,6,6,1,22,5,1332,1,6,MERCEDES A CLASS,2,E01001437,0,1
2024010542656,2024,010542656,2,9,0,99,99,9,9,99,99,9,9,99,9,99,9,9,6,6,3,-1,-1,1595,1,8,MERCEDES A CLASS,-1,-1,0,-1
202417M106924,2024,17M106924,2,9,0,-1,19,2,6,-1,0,8,0,0,0,0,1,1,-1,9,1,48,8,1461,2,9,MERCEDES A CLASS,8,E01012023,0,1
2024421461850,2024,421461850,2,9,0,-1,19,4,8,-1,0,1,0,0,0,0,1,1,-1,9,1,63,9,1950,2,4,MERCEDES A CLASS,5,E01021572,0,2
2024131513221,2024,131513221,1,9,0,-1,19,1,5,-1,0,0,0,0,0,0,1,1,-1,6,1,21,5,1461,2,6,MERCEDES A CLASS,1,E01010831,0,1
202417M101224,2024,17M101224,6,9,0,3,3,1,5,0,0,0,0,0,0,0,4,1,2,2,2,36,7,1461,2,7,MERCEDES A CLASS,5,E01020772,0,4
2024010523839,2024,010523839,1,9,0,18,19,9,9,99,99,9,9,99,9,99,9,9,6,6,3,22,5,1461,2,9,MERCEDES A CLASS,6,E01030310,0,2
2024010516411,2024,010516411,2,9,0,99,99,9,9,99,99,9,9,99,9,99,2,9,6,6,2,22,5,1461,2,7,MERCEDES A CLASS,3,E01002502,0,1
2024010551354,2024,010551354,1,9,0,5,5,7,3,0,0,2,0,0,0,0,1,1,6,6,1,23,5,1332,1,5,MERCEDES A CLASS,6,E01000920,0,2
2024201494010,2024,201494010,1,9,0,-1,10,3,7,-1,0,0,0,0,0,0,1,9,-1,9,1,21,5,1332,1,6,MERCEDES A CLASS,1,E01010342,0,1
2024010503504,2024,010503504,1,9,0,7,7,5,8,0,0,8,0,0,0,0,4,1,6,6,1,55,8,1498,1,17,MERCEDES A CLASS,1,E01003192,0,3
2024440350567,2024,440350567,2,9,0,2,2,0,0,0,0,0,0,0,0,0,4,1,6,6,2,42,7,1991,2,15,MERCEDES A CLASS,5,E01017171,0,1
2024332400270,2024,332400270,1,9,0,-1,9,1,7,-1,9,5,0,0,0,0,1,1,-1,6,3,-1,-1,1332,1,6,MERCEDES A CLASS,-1,-1,0,-1
2024010539536,2024,010539536,1,9,0,8,8,1,3,0,0,2,0,0,0,0,3,1,4,7,2,28,6,1461,2,5,MERCEDES A CLASS,2,E01035684,0,1
2024548332524,2024,548332524,2,9,0,4,4,4,8,0,0,6,0,0,0,0,1,1,2,2,2,37,7,1461,2,8,MERCEDES A CLASS,9,E01022281,0,4
2024010523018,2024,010523018,1,9,0,18,19,3,7,0,0,8,0,0,0,0,4,1,6,6,1,32,6,1461,2,8,MERCEDES A CLASS,-1,-1,0,-1
2024061516681,2024,061516681,2,9,-1,-1,-1,-1,-1,-1,-1,0,-1,-1,-1,0,4,9,-1,2,2,33,6,1461,2,5,MERCEDES A CLASS,2,E01005702,0,3
2024361402797,2024,361402797,1,9,0,-1,9,5,3,-1,0,8,0,0,0,0,3,1,-1,2,2,61,9,1498,1,14,MERCEDES A CLASS,5,E01026512,0,1
2024471469817,2024,471469817,2,9,0,-1,19,7,3,-1,0,4,0,0,0,0,3,1,-1,7,2,49,8,1461,2,10,MERCEDES A CLASS,9,E01031648,0,1
2024101456948,2024,101456948,1,9,0,-1,7,5,7,-1,0,0,0,0,0,0,1,2,-1,6,3,18,4,2143,2,9,MERCEDES A CLASS,-1,-1,0,-1
2024041413062,2024,041413062,1,9,0,-1,19,3,7,-1,0,2,0,0,0,0,1,1,-1,9,1,24,5,2143,2,8,MERCEDES A CLASS,7,E01025557,0,1
2024070885374,2024,070885374,1,9,0,-1,5,4,8,-1,0,2,0,0,0,0,3,1,-1,7,1,34,6,1498,1,16,MERCEDES A CLASS,3,E01018454,0,1
2024531506293,2024,531506293,2,9,0,-1,19,3,7,-1,0,8,0,0,0,0,1,1,-1,9,1,47,8,1796,2,10,MERCEDES A CLASS,3,E01015491,0,4
2024361451170,2024,361451170,1,9,0,-1,19,6,2,-1,0,8,0,0,0,0,1,1,-1,6,2,41,7,1796,2,11,MERCEDES A CLASS,6,E01026449,0,4
2024421538664,2024,421538664,3,9,0,-1,19,5,1,-1,0,1,0,0,0,0,2,1,-1,6,1,32,6,1498,1,14,MERCEDES A CLASS,3,E01015934,0,1
2024101476360,2024,101476360,1,9,0,-1,19,5,1,-1,0,0,0,0,8,4,1,1,-1,9,2,37,7,1461,2,11,MERCEDES A CLASS,3,E01008208,0,4
2024430035364,2024,430035364,2,9,0,17,19,3,2,0,0,1,0,0,0,0,1,1,6,6,2,33,6,1991,2,16,MERCEDES A CLASS,3,E01016729,0,2
2024122400365,2024,122400365,1,9,0,9,9,8,6,0,0,8,0,0,0,0,1,1,2,2,2,18,4,1461,2,10,MERCEDES A CLASS,10,E01027722,0,1
2024010551257,2024,010551257,1,9,0,11,11,5,1,0,0,0,0,0,0,0,1,1,6,6,2,22,5,1332,1,6,MERCEDES A CLASS,2,W01001761,0,5
2024010514498,2024,010514498,1,9,0,99,99,9,9,99,99,9,9,99,9,99,1,9,6,6,2,35,6,1461,2,7,MERCEDES A CLASS,8,E01002199,0,1
2024122400110,2024,122400110,2,9,0,9,9,8,6,0,0,5,0,0,0,0,3,1,6,6,2,71,10,1595,1,6,MERCEDES A CLASS,10,E01011703,0,2
2024531491723,2024,531491723,1,9,0,-1,19,5,1,-1,0,8,0,0,3,0,4,1,-1,9,2,23,5,1332,8,0,MERCEDES A CLASS,-1,-1,0,-1
2024010538664,2024,010538664,2,9,0,18,19,7,3,0,0,1,0,0,2,11,1,1,6,6,3,-1,-1,1461,2,8,MERCEDES A CLASS,-1,-1,0,-1
2024010514203,2024,010514203,1,9,0,3,3,3,7,0,0,1,0,0,0,0,2,1,6,6,2,44,7,1595,1,8,MERCEDES A CLASS,6,E01001419,0,1
202417M101824,2024,17M101824,2,9,0,18,19,6,2,0,0,8,0,0,0,0,1,1,6,6,2,44,7,1332,1,2,MERCEDES A CLASS,10,E01035203,0,2
2024340WN1902,2024,340WN1902,1,9,0,-1,5,5,1,-1,0,6,0,0,0,0,1,1,-1,9,2,51,8,1332,1,4,MERCEDES A CLASS,9,E01003901,0,5
2024141530503,2024,141530503,1,9,0,-1,19,1,5,-1,0,0,0,0,0,0,1,1,-1,9,1,40,7,2143,2,11,MERCEDES A CLASS,1,E01007766,0,1
2024461412561,2024,461412561,2,9,0,-1,19,2,2,-1,0,3,0,0,0,0,4,1,-1,9,2,22,5,1595,1,6,MERCEDES A CLASS,1,E01024049,0,4
2024131460952,2024,131460952,1,9,0,-1,7,7,5,-1,0,6,0,0,0,0,1,1,-1,6,3,-1,-1,1461,2,6,MERCEDES A CLASS,-1,-1,0,-1
2024201458532,2024,201458532,1,9,0,-1,19,3,7,-1,0,0,0,0,0,0,1,9,-1,6,1,31,6,1332,8,1,MERCEDES A CLASS,5,E01009262,0,1
2024010544521,2024,010544521,2,9,0,18,19,7,3,0,0,1,0,0,0,0,1,1,1,1,1,36,7,1595,1,7,MERCEDES A CLASS,-1,-1,0,-1
2024041504173,2024,041504173,2,9,0,-1,19,1,5,-1,0,0,1,1,4,6,1,1,-1,6,2,21,5,1461,2,6,MERCEDES A CLASS,1,E01004826,0,2
2024010501262,2024,010501262,1,9,0,17,19,5,2,0,0,1,0,0,3,0,4,1,6,6,1,28,6,1461,2,4,MERCEDES A CLASS,5,E01001265,0,2
2024010520910,2024,010520910,1,9,0,18,19,4,8,0,0,1,0,0,0,0,1,1,6,6,2,20,4,1461,2,5,MERCEDES A CLASS,6,E01004052,0,1
2024332400366,2024,332400366,1,9,0,-1,19,4,8,-1,0,0,1,0,7,4,1,1,-1,2,2,41,7,1332,8,4,MERCEDES A CLASS,6,E01025763,0,3
2024421447532,2024,421447532,1,9,0,-1,19,6,2,-1,0,0,5,0,7,0,1,1,-1,6,2,22,5,1595,1,7,MERCEDES A CLASS,10,E01021941,0,2
2024211445430,2024,211445430,2,9,0,-1,9,4,1,-1,0,1,0,0,0,0,4,1,-1,6,2,32,6,2143,2,8,MERCEDES A CLASS,8,E01014320,0,2
2024041491456,2024,041491456,2,9,0,-1,9,4,6,-1,0,3,0,0,0,0,4,1,-1,9,2,22,5,1461,2,6,MERCEDES A CLASS,1,E01025215,0,1
2024411409741,2024,411409741,3,9,0,-1,3,5,1,-1,0,0,0,0,0,0,2,1,-1,6,1,52,8,1950,2,5,MERCEDES A CLASS,4,-1,0,5
2024211530811,2024,211530811,2,9,0,-1,19,5,1,-1,0,2,0,0,1,0,1,1,-1,6,2,59,9,1332,8,4,MERCEDES A CLASS,6,E01029778,0,1
2024131405517,2024,131405517,2,9,0,-1,19,1,5,-1,0,0,0,0,0,0,4,1,-1,6,1,41,7,1498,1,16,MERCEDES A CLASS,1,E01010960,0,1
2024440016148,2024,440016148,1,9,0,3,3,8,4,0,0,1,0,0,0,0,2,1,6,6,2,32,6,1595,1,8,MERCEDES A CLASS,5,E01022842,0,1
2024122400211,2024,122400211,2,9,0,18,19,3,7,0,0,8,0,0,1,4,1,1,6,6,1,39,7,1461,2,4,MERCEDES A CLASS,7,E01027760,0,3
2024991418849,2024,991418849,1,9,0,-1,9,8,6,-1,0,6,0,0,0,0,1,1,-1,9,1,60,9,1595,1,6,MERCEDES A CLASS,7,-1,0,1
2024141529756,2024,141529756,1,9,0,-1,19,2,6,-1,0,0,0,0,0,0,1,9,-1,6,1,41,7,1332,8,3,MERCEDES A CLASS,2,E01007967,0,1
2024430405952,2024,430405952,1,9,0,10,10,1,7,0,0,4,0,0,0,0,1,1,6,6,1,84,11,1332,1,3,MERCEDES A CLASS,5,E01016756,0,1
2024071060712,2024,071060712,1,9,0,-1,19,3,7,-1,0,0,5,4,0,0,1,1,-1,9,2,77,11,1461,2,5,MERCEDES A CLASS,8,E01018677,0,2
2024010514581,2024,010514581,2,9,0,2,2,0,0,0,0,0,0,0,0,0,0,1,6,6,3,-1,-1,1332,1,5,MERCEDES A CLASS,-1,-1,0,-1
2024101500407,2024,101500407,2,9,0,-1,3,8,4,-1,0,0,0,0,0,0,2,1,-1,6,1,29,6,1461,2,6,MERCEDES A CLASS,7,E01035617,0,1
2024131452273,2024,131452273,2,9,0,-1,3,7,1,-1,0,8,0,0,0,0,2,1,-1,9,2,48,8,1332,1,3,MERCEDES A CLASS,7,E01010672,0,1
2024010545230,2024,010545230,3,9,0,18,19,3,7,0,0,2,0,0,3,11,1,1,6,6,1,24,5,2143,2,7,MERCEDES A CLASS,-1,-1,0,-1
2024201528785,2024,201528785,2,9,0,-1,4,3,7,-1,0,4,0,0,0,0,2,1,-1,9,2,36,7,1332,8,4,MERCEDES A CLASS,-1,-1,0,-1
2024461481226,2024,461481226,2,9,0,-1,2,3,5,-1,0,0,0,0,0,0,2,9,-1,6,2,26,6,1461,2,11,MERCEDES A CLASS,1,E01024683,0,1
2024302400199,2024,302400199,1,9,0,9,9,8,5,0,0,5,0,0,0,0,4,1,6,6,2,32,6,1461,2,6,MERCEDES A CLASS,5,E01013595,0,1
2024010499952,2024,010499952,3,9,0,3,3,3,7,0,0,1,0,0,0,0,1,1,2,2,1,37,7,2143,2,8,MERCEDES A CLASS,4,E01000565,0,2
2024531436698,2024,531436698,1,9,0,-1,9,3,7,-1,0,1,0,0,0,0,4,9,-1,6,3,23,5,1332,8,4,MERCEDES A CLASS,2,E01022288,0,1
2024011510863,2024,011510863,2,9,0,-1,19,1,5,-1,0,1,0,0,0,0,1,1,-1,6,1,54,8,1461,2,9,MERCEDES A CLASS,-1,-1,0,-1
2024430327253,2024,430327253,2,9,0,1,1,6,2,0,0,1,0,0,0,0,2,1,6,6,3,-1,-1,1332,1,4,MERCEDES A CLASS,-1,-1,0,-1
2024991516560,2024,991516560,1,9,0,-1,19,8,4,-1,0,1,0,0,0,0,1,1,-1,6,1,20,4,1332,1,5,MERCEDES A CLASS,-1,-1,0,-1
2024131492090,2024,131492090,1,9,0,-1,19,7,3,-1,0,0,0,0,0,0,1,1,-1,6,2,22,5,1461,2,10,MERCEDES A CLASS,2,E01010619,0,3
2024201450856,2024,201450856,2,9,0,-1,7,2,5,-1,0,5,0,0,0,0,2,1,-1,9,1,42,7,1332,8,3,MERCEDES A CLASS,-1,-1,0,-1
2024311497258,2024,311497258,1,9,0,-1,5,5,2,-1,0,6,0,0,0,0,1,1,-1,7,2,44,7,1461,2,5,MERCEDES A CLASS,-1,-1,0,-1
2024440432197,2024,440432197,1,9,0,18,19,2,6,0,0,0,0,0,4,6,2,1,6,6,2,28,6,1991,1,7,MERCEDES A CLASS,-1,-1,0,-1
2024221443042,2024,221443042,1,9,0,-1,19,3,7,-1,0,8,0,0,1,4,2,1,-1,6,1,34,6,2143,2,9,MERCEDES A CLASS,7,E01014204,0,1
2024421509307,2024,421509307,2,9,0,-1,-1,-1,-1,-1,-1,-1,-1,-1,-1,0,-1,9,-1,6,1,32,6,1332,1,2,MERCEDES A CLASS,7,E01021520,0,1
2024440308643,2024,440308643,2,9,0,16,19,1,5,0,0,0,0,0,0,0,1,1,6,6,1,31,6,1332,1,4,MERCEDES A CLASS,-1,-1,0,-1
2024141450031,2024,141450031,2,9,0,-1,2,4,8,-1,0,0,0,0,0,0,3,1,-1,6,-1,-1,-1,2143,2,7,MERCEDES A CLASS,-1,-1,0,-1
2024061460597,2024,061460597,1,9,0,-1,6,3,7,-1,0,0,1,0,0,0,1,1,-1,1,1,47,8,1332,1,2,MERCEDES A CLASS,-1,-1,0,-1
2024041447697,2024,041447697,1,9,0,-1,19,1,5,-1,0,6,0,0,0,0,1,1,-1,6,1,52,8,1595,1,11,MERCEDES A CLASS,1,E01025084,0,1
2024430261970,2024,430261970,1,9,0,18,19,6,2,0,0,2,0,12,0,0,3,1,1,1,2,53,8,1332,1,5,MERCEDES A CLASS,4,E01015269,0,5
2024430291461,2024,430291461,1,9,0,18,19,2,6,0,0,4,1,0,0,0,2,1,6,6,1,25,5,1332,1,5,MERCEDES A CLASS,-1,-1,0,-1
2024010523140,2024,010523140,1,9,0,18,19,8,4,0,0,0,0,0,1,0,3,2,6,6,2,39,7,1332,8,0,MERCEDES A CLASS,9,E01004100,0,1
2024131464404,2024,131464404,1,9,0,-1,19,3,7,-1,0,0,2,10,0,0,1,1,-1,6,1,21,5,1461,2,7,MERCEDES A CLASS,6,E01011005,0,2
2024010532905,2024,010532905,1,9,0,18,19,1,5,9,9,0,0,0,0,0,3,1,6,6,1,19,4,1950,2,4,MERCEDES A CLASS,10,E01016597,0,3
2024061396353,2024,061396353,4,9,0,-1,3,3,7,-1,0,0,0,0,0,0,2,1,-1,2,2,37,7,1950,2,1,MERCEDES A CLASS,2,E01006380,0,2
2024552401263,2024,552401263,1,9,0,11,11,6,2,0,0,0,0,0,0,0,4,1,6,6,3,-1,-1,1332,1,2,MERCEDES A CLASS,-1,-1,0,-1
2024361536147,2024,361536147,2,9,0,-1,5,3,7,-1,0,1,0,0,0,0,1,1,-1,6,2,69,10,1991,2,16,MERCEDES A CLASS,9,E01026916,0,1
2024131479417,2024,131479417,2,9,0,-1,19,5,1,-1,0,0,0,0,0,0,1,1,-1,9,1,44,7,1332,8,0,MERCEDES A CLASS,3,E01011779,0,1
2024471512441,2024,471512441,1,9,0,-1,19,2,7,-1,0,0,0,0,7,4,1,1,-1,9,1,36,7,1461,2,7,MERCEDES A CLASS,2,E01020922,0,3
2024451533830,2024,451533830,1,9,0,-1,19,6,2,-1,9,0,0,0,7,4,1,1,-1,2,2,35,6,1461,2,6,MERCEDES A CLASS,5,E01023104,0,3
2024041493179,2024,041493179,1,9,0,-1,19,1,5,-1,0,0,0,0,0,0,3,1,-1,9,2,22,5,1332,1,2,MERCEDES A CLASS,2,E01012642,0,1
2024161518490,2024,161518490,1,9,0,-1,19,4,8,-1,0,0,5,4,0,0,1,9,-1,6,2,52,8,1397,1,22,MERCEDES A CLASS,1,E01012787,0,1
2024131406709,2024,131406709,1,9,0,-1,19,1,5,-1,0,0,0,0,0,0,1,1,-1,2,2,36,7,1461,2,9,MERCEDES A CLASS,1,E01010944,0,2
2024010550609,2024,010550609,3,9,0,2,2,0,0,9,9,1,0,0,0,0,0,1,6,6,3,-1,-1,1461,2,7,MERCEDES A CLASS,-1,-1,0,-1
2024211475519,2024,211475519,1,9,0,-1,5,2,6,-1,0,8,0,0,0,0,1,1,-1,6,1,17,4,1332,8,0,MERCEDES A CLASS,-1,-1,0,-1
2024461447403,2024,461447403,2,9,0,-1,12,3,7,-1,0,0,0,0,0,0,4,1,-1,9,2,32,6,1332,1,4,MERCEDES A CLASS,5,E01001677,0,4
2024010523992,2024,010523992,2,9,0,99,99,9,9,99,99,9,9,99,9,99,9,9,6,6,3,-1,-1,1461,2,7,MERCEDES A CLASS,-1,-1,0,-1
2024991511928,2024,991511928,1,9,0,-1,5,3,7,-1,0,6,0,0,0,0,0,2,-1,6,3,40,7,1332,8,3,MERCEDES A CLASS,-1,-1,0,-1
2024061440173,2024,061440173,1,9,0,-1,19,-1,-1,-1,0,0,0,0,0,0,3,1,-1,2,1,58,9,1461,2,7,MERCEDES A CLASS,5,E01005268,0,2
2024552400028,2024,552400028,1,9,0,5,5,5,1,0,0,8,0,0,0,0,3,1,6,6,2,26,6,1461,2,7,MERCEDES A CLASS,4,E01015382,0,1
2024070728921,2024,070728921,1,9,0,-1,19,1,5,-1,0,1,0,0,0,0,1,1,-1,2,2,58,9,1461,2,10,MERCEDES A CLASS,5,E01018426,0,2
2024061532191,2024,061532191,2,9,0,-1,9,1,5,-1,0,6,0,0,0,0,1,1,-1,9,2,26,6,1595,1,7,MERCEDES A CLASS,-1,-1,0,-1
2024320256836,2024,320256836,1,9,0,-1,-1,1,5,0,0,0,0,7,1,0,4,1,6,6,1,21,5,1595,1,6,MERCEDES A CLASS,10,E01028149,0,4
2024421518678,2024,421518678,1,9,0,-1,19,8,5,-1,0,2,0,0,0,0,1,1,-1,6,2,34,6,1332,1,2,MERCEDES A CLASS,8,E01034365,0,2
2024991452243,2024,991452243,1,9,0,-1,3,7,3,-1,0,0,0,0,0,0,1,1,-1,6,1,34,6,1950,2,3,MERCEDES A CLASS,-1,-1,0,-1
2024622400690,2024,622400690,2,9,0,12,12,2,6,0,0,0,0,0,0,0,2,1,6,6,2,40,7,1461,2,9,MERCEDES A CLASS,8,W01001965,0,3
2024991503263,2024,991503263,1,9,0,-1,7,4,7,-1,0,0,1,0,0,0,3,1,-1,6,3,18,4,1991,1,8,MERCEDES A CLASS,-1,-1,0,-1
2024070854041,2024,070854041,2,9,0,-1,4,6,2,-1,0,1,0,0,0,0,2,1,-1,2,2,26,6,1461,2,7,MERCEDES A CLASS,1,E01005234,0,4
2024010553234,2024,010553234,1,9,0,99,99,9,9,99,99,9,9,99,9,99,1,9,6,6,1,26,6,1332,1,5,MERCEDES A CLASS,5,E01001347,0,1
2024131526974,2024,131526974,1,9,0,-1,19,1,5,-1,0,0,0,0,0,0,1,1,-1,1,1,38,7,1992,2,17,MERCEDES A CLASS,1,E01011140,0,1
2024461432027,2024,461432027,2,9,0,-1,19,-1,-1,-1,0,0,0,0,-1,0,2,9,-1,6,2,48,8,2143,2,9,MERCEDES A CLASS,8,E01024440,0,1
2024141436678,2024,141436678,2,9,0,-1,9,8,3,-1,0,1,0,0,0,0,1,1,-1,9,2,30,6,1595,1,8,MERCEDES A CLASS,4,E01007344,0,1
2024461441166,2024,461441166,3,9,0,-1,4,3,7,-1,0,0,0,0,0,0,2,1,-1,6,1,46,8,1332,1,3,MERCEDES A CLASS,9,E01024143,0,2
2024371469160,2024,371469160,1,9,0,-1,19,4,8,-1,0,0,0,4,0,0,3,1,-1,9,2,21,5,1461,2,8,MERCEDES A CLASS,1,E01030036,0,1
2024991477976,2024,991477976,3,9,0,-1,19,1,5,-1,0,1,0,0,0,0,2,1,-1,9,1,51,8,1332,1,1,MERCEDES A CLASS,10,-1,0,1