collision_index,collision_year,collision_ref_no,vehicle_reference,vehicle_type,towing_and_articulation,vehicle_manoeuvre_historic,vehicle_manoeuvre,vehicle_direction_from,vehicle_direction_to,vehicle_location_restricted_lane_historic,vehicle_location_restricted_lane,junction_location,skidding_and_overturning,hit_object_in_carriageway,vehicle_leaving_carriageway,hit_object_off_carriageway,first_point_of_impact,vehicle_left_hand_drive,journey_purpose_of_driver_historic,journey_purpose_of_driver,sex_of_driver,age_of_driver,age_band_of_driver,engine_capacity_cc,propulsion_code,age_of_vehicle,generic_make_model,driver_imd_decile,lsoa_of_driver,escooter_flag,driver_distance_banding
2024010533714,2024,010533714,2,9,0,18,19,7,3,0,0,2,0,0,0,0,1,1,6,6,2,30,6,1461,2,8,MERCEDES A CLASS,6,E01023903,0,3
2024361462725,2024,361462725,2,9,0,-1,19,7,3,-1,0,8,0,0,1,10,4,1,-1,9,1,25,5,1461,2,5,MERCEDES A CLASS,3,E01026663,0,3
2024440325336,2024,440325336,1,9,0,18,19,3,7,0,0,0,0,0,0,0,1,1,6,6,2,77,11,2143,2,6,MERCEDES A CLASS,3,E01023091,0,1
2024052402084,2024,052402084,5,9,0,2,2,0,0,0,0,0,0,0,0,0,2,1,6,6,3,-1,-1,2143,2,8,MERCEDES A CLASS,-1,-1,0,-1
2024440084467,2024,440084467,2,9,0,18,19,4,8,0,0,1,0,0,0,0,1,1,6,6,2,40,7,1498,1,15,MERCEDES A CLASS,10,E01022872,0,1
202417L110724,2024,17L110724,1,9,0,-1,19,6,2,-1,0,0,0,0,1,11,1,1,-1,9,2,29,6,1461,2,9,MERCEDES A CLASS,3,E01012181,0,1
2024421482851,2024,421482851,2,9,0,-1,4,1,5,-1,0,0,0,0,0,0,2,1,-1,6,2,24,5,1461,2,6,MERCEDES A CLASS,3,E01021851,0,1
2024991438446,2024,991438446,1,9,0,-1,4,5,2,-1,0,0,0,0,0,0,1,1,-1,6,1,32,6,1332,1,4,MERCEDES A CLASS,3,-1,0,1
2024522402416,2024,522402416,1,9,0,9,9,6,2,0,0,8,0,0,0,0,3,1,6,6,1,23,5,1595,1,12,MERCEDES A CLASS,9,E01014792,0,3
2024010522333,2024,010522333,3,9,0,18,19,3,7,0,0,1,1,0,1,1,3,1,6,6,1,24,5,1991,1,9,MERCEDES A CLASS,-1,-1,0,-1
2024010517364,2024,010517364,1,9,0,14,14,6,2,0,0,0,0,0,0,0,3,1,6,6,2,40,7,1461,2,6,MERCEDES A CLASS,4,E01001459,0,1
2024231404303,2024,231404303,1,9,0,-1,19,1,5,-1,0,0,0,0,0,0,1,9,-1,6,2,29,6,1461,2,8,MERCEDES A CLASS,4,E01031087,0,1
2024461471427,2024,461471427,1,9,0,-1,13,4,1,-1,0,0,0,0,0,0,1,1,-1,6,2,43,7,1332,1,4,MERCEDES A CLASS,7,E01024131,0,3
2024131406403,2024,131406403,2,9,0,-1,9,7,7,-1,0,8,5,0,0,0,4,1,-1,6,1,23,5,2143,2,10,MERCEDES A CLASS,2,E01011681,0,1
2024501441927,2024,501441927,1,9,0,-1,1,2,6,-1,9,1,0,0,7,11,2,1,-1,6,1,28,6,1332,1,2,MERCEDES A CLASS,6,E01034634,0,1
2024061395671,2024,061395671,1,9,0,-1,4,6,1,-1,0,0,0,0,0,0,2,1,-1,9,2,36,7,1595,1,10,MERCEDES A CLASS,2,E01005308,0,2
2024010503893,2024,010503893,2,9,0,9,9,3,1,0,0,8,0,0,0,0,3,1,6,6,2,24,5,2143,2,10,MERCEDES A CLASS,2,E01001057,0,1
2024031468840,2024,031468840,1,9,0,-1,19,3,7,-1,0,0,1,0,0,0,1,1,-1,9,2,24,5,1332,1,3,MERCEDES A CLASS,9,E01019326,0,4
2024010524524,2024,010524524,2,9,0,15,15,3,7,0,0,1,0,0,0,0,1,1,6,6,3,24,5,1332,8,0,MERCEDES A CLASS,4,E01034012,0,5
2024461456535,2024,461456535,1,9,0,-1,13,2,6,-1,0,1,1,0,0,0,1,1,-1,6,1,25,5,1461,2,9,MERCEDES A CLASS,6,E01024070,0,4
2024010506768,2024,010506768,2,9,0,99,99,9,9,99,99,9,9,99,9,99,1,9,6,6,3,-1,-1,1950,2,4,MERCEDES A CLASS,-1,-1,0,-1
2024520003096,2024,520003096,1,9,0,18,19,2,6,0,0,0,5,4,0,0,1,1,6,6,2,21,5,1498,1,17,MERCEDES A CLASS,7,E01014472,0,1
2024411518626,2024,411518626,1,9,0,-1,9,3,8,-1,0,0,0,0,0,0,1,1,-1,6,2,42,7,1461,2,8,MERCEDES A CLASS,6,E01035181,0,3
2024010502602,2024,010502602,1,9,0,17,19,5,1,0,0,0,1,7,1,4,1,1,6,6,1,23,5,1461,2,5,MERCEDES A CLASS,3,E01001053,0,1
2024622400129,2024,622400129,1,9,0,4,4,6,2,0,0,1,0,0,0,0,1,1,6,6,1,33,6,1796,2,11,MERCEDES A CLASS,2,W01001166,0,1
2024411412296,2024,411412296,2,9,0,-1,19,3,7,-1,0,4,0,0,0,0,1,1,-1,6,2,49,8,1595,1,10,MERCEDES A CLASS,10,E01023483,0,1
2024010507963,2024,010507963,2,9,9,99,99,9,9,99,99,9,9,99,9,99,9,9,6,6,3,-1,-1,1461,2,5,MERCEDES A CLASS,-1,-1,0,-1
2024010524826,2024,010524826,2,9,0,18,19,6,2,0,0,1,1,0,0,0,1,1,2,2,1,22,5,1461,2,6,MERCEDES A CLASS,2,E01003514,0,2
2024061461001,2024,061461001,2,9,0,-1,10,-1,-1,-1,0,8,0,0,0,0,1,1,-1,6,2,-1,-1,1332,8,4,MERCEDES A CLASS,-1,-1,0,-1
2024340WN0132,2024,340WN0132,3,9,0,-1,4,6,2,-1,0,0,0,0,0,0,2,1,-1,6,1,67,10,1332,8,4,MERCEDES A CLASS,7,E01035395,0,4
2024101515812,2024,101515812,2,9,0,-1,19,4,8,-1,0,0,1,0,0,0,1,1,-1,2,1,55,8,1991,2,16,MERCEDES A CLASS,-1,-1,0,-1
2024010532537,2024,010532537,2,9,0,18,19,7,3,0,0,1,0,0,0,0,1,1,6,6,1,52,8,1332,1,4,MERCEDES A CLASS,2,E01004456,0,3
2024101407663,2024,101407663,2,9,0,-1,4,6,1,-1,0,0,0,0,0,0,2,1,-1,6,2,21,5,1950,2,5,MERCEDES A CLASS,-1,-1,0,-1
2024501488613,2024,501488613,3,9,0,-1,2,0,0,-1,0,2,0,0,0,0,1,1,-1,6,-1,-1,-1,2143,2,7,MERCEDES A CLASS,-1,-1,0,-1
2024041401845,2024,041401845,1,9,0,-1,19,7,3,-1,0,8,0,0,0,0,1,1,-1,7,2,21,5,1461,2,9,MERCEDES A CLASS,3,E01012644,0,1
2024201410866,2024,201410866,2,9,0,-1,19,1,5,-1,0,8,0,0,0,0,2,9,-1,6,1,41,7,1461,2,7,MERCEDES A CLASS,1,E01009303,0,1
2024070557227,2024,070557227,1,9,0,10,10,7,8,0,0,6,0,0,0,0,1,1,6,6,2,-1,-1,1461,2,5,MERCEDES A CLASS,-1,-1,0,-1
2024010516593,2024,010516593,1,9,0,99,99,9,9,99,99,9,9,99,9,99,1,9,6,6,2,26,6,1461,2,8,MERCEDES A CLASS,3,E01002401,0,1
2024421439023,2024,421439023,2,9,0,-1,19,4,1,-1,0,0,0,0,0,0,1,1,-1,1,1,24,5,1950,2,3,MERCEDES A CLASS,7,E01021765,0,3
202454A763224,2024,54A763224,1,9,0,16,19,6,2,0,0,1,0,0,0,0,1,1,6,6,1,18,4,1461,2,10,MERCEDES A CLASS,5,E01034554,0,1
2024221402069,2024,221402069,1,9,0,-1,19,7,3,-1,0,8,1,0,8,0,3,9,-1,6,1,27,6,1595,1,6,MERCEDES A CLASS,8,E01032190,0,4
2024131522992,2024,131522992,1,9,0,-1,19,3,6,-1,0,0,0,4,0,0,4,1,-1,6,1,37,7,1950,2,4,MERCEDES A CLASS,1,E01010814,0,1
2024131424164,2024,131424164,1,9,0,-1,9,8,6,-1,0,8,0,0,0,0,1,1,-1,6,2,26,6,1461,2,8,MERCEDES A CLASS,5,E01011774,0,4
2024161428236,2024,161428236,1,9,0,-1,19,5,1,-1,0,1,0,0,0,0,1,1,-1,1,1,27,6,2143,2,8,MERCEDES A CLASS,5,E01012803,0,3
2024141428322,2024,141428322,1,9,0,-1,19,4,8,-1,0,0,1,0,0,0,1,1,-1,6,1,23,5,1332,1,2,MERCEDES A CLASS,1,E01007738,0,1
2024221537176,2024,221537176,1,9,0,-1,2,0,0,-1,0,0,0,0,0,0,3,9,-1,6,1,48,8,1332,1,3,MERCEDES A CLASS,10,E01032324,0,1
2024010548958,2024,010548958,2,9,0,18,19,9,9,99,99,1,9,99,9,99,9,9,6,6,3,47,8,1332,1,3,MERCEDES A CLASS,4,E01003916,0,1
2024421406957,2024,421406957,3,9,0,-1,19,8,4,-1,0,0,0,0,0,0,3,1,-1,9,2,38,7,1461,2,11,MERCEDES A CLASS,-1,-1,0,-1
2024351514633,2024,351514633,2,9,-1,-1,-1,-1,-1,-1,-1,0,-1,-1,-1,0,-1,9,-1,6,2,34,6,1332,1,5,MERCEDES A CLASS,10,E01026510,0,5
2024041504215,2024,041504215,2,9,0,-1,9,5,7,-1,0,0,0,0,0,0,2,1,-1,1,1,30,6,1950,2,4,MERCEDES A CLASS,7,E01025081,0,1
2024161520242,2024,161520242,1,9,0,-1,4,3,7,-1,0,0,0,0,0,0,2,1,-1,6,1,29,6,2143,2,9,MERCEDES A CLASS,2,E01013238,0,1
2024071064322,2024,071064322,1,9,0,-1,19,7,3,-1,0,0,0,0,0,0,1,2,-1,9,1,76,11,1498,1,17,MERCEDES A CLASS,7,E01018488,0,2
2024531522075,2024,531522075,1,9,0,-1,19,4,8,-1,0,0,0,0,0,0,1,9,-1,1,2,26,6,1595,1,7,MERCEDES A CLASS,7,E01034801,0,1
2024041425217,2024,041425217,2,9,0,-1,19,1,5,-1,0,0,5,0,0,0,1,1,-1,9,2,19,4,1461,2,7,MERCEDES A CLASS,1,E01024876,0,4
2024052400461,2024,052400461,1,9,0,18,19,1,5,0,0,0,0,0,0,0,1,1,2,2,1,24,5,1332,1,5,MERCEDES A CLASS,5,E01006724,0,1
2024010509431,2024,010509431,1,9,0,18,19,1,5,0,0,1,0,0,0,0,1,1,6,6,3,-1,-1,1332,1,2,MERCEDES A CLASS,-1,-1,0,-1
2024052401436,2024,052401436,1,9,0,18,19,3,7,0,0,0,0,0,0,0,1,1,6,6,2,76,11,1595,1,8,MERCEDES A CLASS,7,E01007301,0,2
2024401442546,2024,401442546,2,9,0,-1,19,3,5,-1,0,3,0,0,1,0,4,9,-1,2,1,44,7,1498,1,15,MERCEDES A CLASS,5,E01015718,0,1
2024461472740,2024,461472740,1,9,0,-1,9,5,2,-1,0,6,0,0,0,0,3,1,-1,1,1,28,6,2143,2,9,MERCEDES A CLASS,4,E01024358,0,1
2024440200370,2024,440200370,2,9,0,2,2,0,0,0,0,0,0,0,0,0,2,1,6,6,2,50,8,1461,2,7,MERCEDES A CLASS,-1,-1,0,-1
2024041481808,2024,041481808,1,9,0,-1,7,8,5,-1,0,6,0,0,0,0,3,1,-1,6,2,50,8,1461,2,8,MERCEDES A CLASS,7,E01025400,0,1
2024371522805,2024,371522805,1,9,0,-1,19,1,5,-1,0,2,0,0,1,0,1,1,-1,6,1,63,9,1332,1,2,MERCEDES A CLASS,4,E01034776,0,4
2024010545709,2024,010545709,2,9,0,9,9,1,6,0,0,0,0,0,0,0,1,1,6,6,2,26,6,1461,2,8,MERCEDES A CLASS,4,E01003249,0,2
2024010530553,2024,010530553,1,9,0,3,3,7,3,0,0,1,0,0,0,0,2,1,6,6,2,23,5,1461,2,6,MERCEDES A CLASS,2,E01001746,0,1
2024520401957,2024,520401957,2,9,0,9,9,1,7,0,0,8,0,0,0,0,1,1,6,6,1,29,6,1332,1,6,MERCEDES A CLASS,2,E01029284,0,1
2024411398909,2024,411398909,2,9,0,-1,19,6,2,-1,0,0,0,0,0,0,1,1,-1,9,1,19,4,1461,2,11,MERCEDES A CLASS,8,E01022060,0,2
2024201519753,2024,201519753,1,9,0,-1,4,4,8,-1,0,0,0,0,0,0,1,9,-1,9,1,-1,-1,1461,2,11,MERCEDES A CLASS,1,E01013590,0,4
2024131408344,2024,131408344,2,9,0,-1,19,1,5,-1,0,1,0,0,0,0,3,1,-1,1,2,46,8,1332,1,2,MERCEDES A CLASS,3,E01010595,0,2
2024010550138,2024,010550138,1,9,0,99,99,9,9,99,99,1,9,99,9,99,9,9,2,2,2,37,7,1595,1,8,MERCEDES A CLASS,8,E01002340,0,1
2024440343496,2024,440343496,1,9,0,18,19,1,5,0,0,3,0,7,0,0,4,1,6,6,2,18,4,1796,2,11,MERCEDES A CLASS,5,E01016392,0,3
2024421534637,2024,421534637,2,9,0,-1,2,0,0,-1,0,3,1,9,1,0,0,1,-1,6,1,21,5,1461,2,8,MERCEDES A CLASS,3,E01015986,0,2
2024211404995,2024,211404995,4,9,0,-1,4,5,8,-1,0,0,0,0,0,0,2,9,-1,9,2,-1,-1,1950,2,4,MERCEDES A CLASS,-1,-1,0,-1
2024010531391,2024,010531391,1,9,0,18,19,8,4,0,0,0,0,0,0,0,1,1,2,2,1,58,9,1595,1,9,MERCEDES A CLASS,3,E01003240,0,1
2024311461684,2024,311461684,2,9,0,-1,19,6,2,-1,0,1,0,0,0,0,4,1,-1,1,1,22,5,1461,2,4,MERCEDES A CLASS,10,E01028408,0,1
2024010510796,2024,010510796,3,9,0,18,19,5,1,0,0,1,1,0,0,0,4,1,6,6,1,32,6,1332,8,0,MERCEDES A CLASS,2,E01024294,0,4
2024991532451,2024,991532451,1,9,0,-1,19,1,6,-1,0,0,0,0,0,0,1,1,-1,9,2,31,6,1461,2,8,MERCEDES A CLASS,9,-1,0,1
2024531444856,2024,531444856,1,9,0,-1,9,1,5,-1,0,6,0,0,0,0,1,1,-1,1,1,29,6,2143,2,7,MERCEDES A CLASS,8,E01022411,0,3
2024451505990,2024,451505990,1,9,0,-1,19,7,3,-1,0,2,0,6,0,0,1,1,-1,9,1,25,5,1332,1,2,MERCEDES A CLASS,7,E01031521,0,3
2024010492668,2024,010492668,2,9,0,2,2,0,0,0,0,1,0,0,0,0,1,1,6,6,3,-1,-1,1461,2,5,MERCEDES A CLASS,-1,-1,0,-1
2024421516509,2024,421516509,1,9,0,-1,19,7,3,-1,0,0,0,0,0,0,1,1,-1,9,1,26,6,1332,1,6,MERCEDES A CLASS,6,E01015937,0,1
2024010522028,2024,010522028,2,9,0,99,99,9,9,99,99,4,9,99,9,99,9,9,6,6,3,-1,-1,1991,1,5,MERCEDES A CLASS,-1,-1,0,-1
2024471505950,2024,471505950,1,9,0,-1,19,4,2,-1,0,1,0,0,1,1,1,1,-1,6,1,28,6,1461,2,9,MERCEDES A CLASS,2,E01020930,0,3
2024471436550,2024,471436550,2,9,0,-1,19,6,3,-1,0,8,0,0,0,0,1,1,-1,2,2,22,5,1461,2,5,MERCEDES A CLASS,4,E01031605,0,3
2024302401324,2024,302401324,3,9,0,18,19,2,6,0,0,0,0,0,0,0,1,2,6,6,2,78,11,1595,1,8,MERCEDES A CLASS,1,E01019799,0,1
2024131444186,2024,131444186,1,9,0,-1,19,5,1,-1,0,0,0,0,0,0,2,1,-1,9,1,63,9,1595,1,7,MERCEDES A CLASS,5,E01013831,0,4
2024311490496,2024,311490496,1,9,0,-1,19,1,5,-1,0,1,0,0,0,0,1,1,-1,9,2,24,5,1461,2,6,MERCEDES A CLASS,-1,-1,0,-1
2024201463320,2024,201463320,1,9,0,-1,5,4,8,-1,0,1,0,10,1,2,1,1,-1,6,1,24,5,1461,2,6,MERCEDES A CLASS,3,E01010005,0,1
2024461433341,2024,461433341,2,9,0,-1,2,0,0,-1,0,1,0,0,0,0,3,9,-1,9,2,23,5,1332,1,4,MERCEDES A CLASS,8,E01024511,0,1
2024340WN6642,2024,340WN6642,2,9,0,-1,19,7,3,-1,0,0,0,0,0,0,2,1,-1,9,2,36,7,1461,2,5,MERCEDES A CLASS,10,E01027324,0,3
2024451427713,2024,451427713,2,9,0,-1,19,5,1,-1,0,1,0,0,0,0,4,1,-1,2,1,60,9,2143,2,8,MERCEDES A CLASS,10,E01030762,0,3
2024010527387,2024,010527387,2,9,0,13,13,1,5,0,0,0,0,0,0,0,0,1,6,6,1,18,4,1461,2,10,MERCEDES A CLASS,5,E01000994,0,1
2024631467297,2024,631467297,1,9,0,-1,10,2,7,-1,0,8,0,0,0,0,2,1,-1,6,1,23,5,2143,2,11,MERCEDES A CLASS,5,W01000455,0,4
2024010548483,2024,010548483,1,9,0,99,99,9,9,99,99,9,9,99,9,99,9,9,2,2,2,25,5,1332,1,3,MERCEDES A CLASS,9,E01021824,0,4
2024041469307,2024,041469307,1,9,0,-1,9,1,5,-1,0,8,0,0,0,0,1,1,-1,1,2,22,5,1332,8,0,MERCEDES A CLASS,1,E01012656,0,1
2024010512322,2024,010512322,2,9,0,18,19,8,4,0,0,1,0,0,7,10,1,1,6,6,2,25,5,1991,1,5,MERCEDES A CLASS,4,E01033745,0,2
2024010537520,2024,010537520,2,9,0,99,99,9,9,99,99,9,9,99,9,99,1,9,6,6,3,-1,-1,1461,2,9,MERCEDES A CLASS,-1,-1,0,-1
2024461535432,2024,461535432,1,9,0,-1,6,7,5,-1,0,0,0,0,0,0,3,1,-1,6,1,42,7,2143,2,10,MERCEDES A CLASS,9,E01024259,0,2
2024332400966,2024,332400966,1,9,0,-1,19,5,1,-1,0,8,0,0,0,0,4,1,-1,7,2,31,6,1461,2,10,MERCEDES A CLASS,2,E01034018,0,1
2024361399395,2024,361399395,1,9,0,-1,6,5,1,-1,0,0,0,0,0,0,4,1,-1,6,1,54,8,1461,2,7,MERCEDES A CLASS,5,E01026493,0,1
2024421414526,2024,421414526,1,9,0,-1,9,4,3,-1,0,0,0,0,0,0,1,1,-1,6,2,46,8,1461,2,8,MERCEDES A CLASS,7,E01021470,0,1
2024552400386,2024,552400386,2,9,0,18,19,6,2,0,0,0,0,0,0,0,3,1,6,6,1,33,6,1332,8,3,MERCEDES A CLASS,5,E01034618,0,4
2024401500961,2024,401500961,2,9,0,-1,6,1,2,-1,0,0,0,0,0,0,3,1,-1,6,1,75,10,1595,1,10,MERCEDES A CLASS,5,E01015767,0,3
2024991471827,2024,991471827,1,9,0,-1,15,6,2,-1,0,0,0,0,1,10,1,1,-1,6,1,27,6,1991,1,7,MERCEDES A CLASS,2,-1,0,2
2024161418503,2024,161418503,2,9,0,-1,2,0,0,-1,0,0,0,0,0,0,4,1,-1,6,-1,-1,-1,1332,1,5,MERCEDES A CLASS,-1,-1,0,-1
2024010525630,2024,010525630,1,9,0,18,19,1,5,0,0,1,0,0,0,0,1,1,1,1,2,22,5,1461,2,7,MERCEDES A CLASS,2,E01003330,0,1
2024010525121,2024,010525121,2,9,0,99,99,9,9,99,99,0,9,99,9,99,9,9,6,6,3,-1,-1,1332,1,5,MERCEDES A CLASS,-1,-1,0,-1
2024010498991,2024,010498991,1,9,0,18,19,7,3,0,0,1,0,0,0,0,2,1,6,6,1,62,9,1461,2,5,MERCEDES A CLASS,6,E01026264,0,5
2024622400382,2024,622400382,2,9,0,18,19,2,6,0,0,3,0,0,0,0,1,1,6,6,1,65,9,1991,2,13,MERCEDES A CLASS,6,W01001878,0,1
2024471411285,2024,471411285,1,9,0,-1,19,4,8,-1,0,0,1,4,0,0,4,1,-1,9,1,34,6,1991,1,10,MERCEDES A CLASS,6,E01034823,0,1
2024401521950,2024,401521950,1,9,0,-1,19,1,5,-1,0,0,1,0,0,0,1,1,-1,1,2,22,5,1461,2,7,MERCEDES A CLASS,1,E01027140,0,4
2024371510255,2024,371510255,1,9,0,-1,3,6,2,-1,0,0,0,0,0,0,1,1,-1,9,2,30,6,1461,2,6,MERCEDES A CLASS,5,E01029922,0,4
2024461513343,2024,461513343,2,9,0,-1,3,5,1,-1,0,1,0,0,0,0,2,9,-1,2,1,43,7,1461,2,9,MERCEDES A CLASS,7,E01024302,0,1
2024131398882,2024,131398882,3,9,0,-1,19,4,8,-1,0,0,0,0,0,0,1,1,-1,2,1,24,5,1991,2,16,MERCEDES A CLASS,5,E01011356,0,1
2024010539818,2024,010539818,1,9,0,99,99,9,9,99,99,9,9,99,9,99,2,9,6,6,3,30,6,1461,2,6,MERCEDES A CLASS,5,E01033922,0,1
2024201482862,2024,201482862,2,9,0,-1,3,7,3,-1,0,0,0,0,0,0,2,1,-1,6,2,29,6,1332,1,5,MERCEDES A CLASS,1,E01009485,0,1
2024991455908,2024,991455908,1,9,0,-1,5,3,5,-1,0,4,0,0,0,0,1,1,-1,9,1,67,10,1332,1,2,MERCEDES A CLASS,5,-1,0,1
2024501525870,2024,501525870,1,9,0,-1,19,7,3,-1,0,0,1,0,0,0,1,1,-1,7,2,35,6,1991,1,11,MERCEDES A CLASS,4,E01018958,0,1
2024010504299,2024,010504299,2,9,0,18,19,7,3,0,0,0,0,0,0,0,2,1,6,6,1,27,6,1332,1,5,MERCEDES A CLASS,2,E01001505,0,2
2024351505469,2024,351505469,2,9,0,-1,4,3,7,-1,0,0,0,0,0,0,1,1,-1,6,1,68,10,1595,1,8,MERCEDES A CLASS,5,E01006346,0,5
2024351430070,2024,351430070,2,9,0,-1,19,1,5,-1,0,0,0,0,0,0,1,1,-1,6,-1,-1,-1,1498,7,18,MERCEDES A CLASS,-1,-1,0,-1
2024070627160,2024,070627160,1,9,0,13,13,6,2,0,0,1,0,0,0,0,1,1,6,6,2,-1,-1,1332,1,5,MERCEDES A CLASS,-1,-1,0,-1
2024501503401,2024,501503401,1,9,0,-1,7,1,3,-1,0,2,0,0,0,0,4,1,-1,6,1,82,11,1699,1,14,MERCEDES A CLASS,3,E01019051,0,1
2024131453019,2024,131453019,2,9,0,-1,19,3,7,-1,0,8,0,0,0,0,1,1,-1,6,2,86,11,1991,2,15,MERCEDES A CLASS,7,E01010593,0,2
2024161522863,2024,161522863,1,8,0,-1,19,8,4,-1,99,3,0,0,0,0,2,1,-1,1,1,33,6,1461,2,6,MERCEDES A CLASS,9,E01013217,0,2
2024010519132,2024,010519132,2,9,0,2,2,0,0,9,9,0,0,0,0,0,4,1,6,6,3,-1,-1,1461,2,8,MERCEDES A CLASS,-1,-1,0,-1
2024361489374,2024,361489374,1,9,0,-1,3,-1,-1,-1,5,6,0,0,0,0,1,1,-1,9,2,62,9,1461,2,5,MERCEDES A CLASS,2,E01026803,0,1
2024201524550,2024,201524550,1,9,0,-1,3,5,1,-1,0,1,0,0,0,0,2,1,-1,6,2,33,6,1332,1,5,MERCEDES A CLASS,1,E01034927,0,1
2024010545187,2024,010545187,1,9,0,18,19,1,5,0,0,8,0,0,0,0,1,1,6,6,2,28,6,1332,1,3,MERCEDES A CLASS,3,E01003299,0,3
202460Q050830,2024,60Q050830,1,9,0,17,19,3,8,0,0,0,0,0,1,4,1,1,6,6,1,19,4,1461,2,8,MERCEDES A CLASS,-1,-1,0,-1
2024052402725,2024,052402725,3,9,0,4,4,6,2,0,0,0,0,0,0,0,2,1,6,6,2,28,6,1461,2,11,MERCEDES A CLASS,1,E01006493,0,1
2024010498614,2024,010498614,2,9,0,13,13,1,5,0,0,1,0,0,0,0,3,1,6,6,3,-1,-1,1461,2,6,MERCEDES A CLASS,-1,-1,0,-1
2024471502654,2024,471502654,1,9,0,-1,9,5,3,-1,0,8,0,0,0,0,4,1,-1,6,2,29,6,1950,2,3,MERCEDES A CLASS,7,E01016853,0,1
2024522402454,2024,522402454,2,9,0,18,19,9,9,0,0,0,0,0,0,0,1,1,6,6,2,-1,-1,1992,2,19,MERCEDES A CLASS,-1,-1,0,-1
2024451431974,2024,451431974,1,9,0,-1,3,7,3,-1,0,0,0,0,0,0,2,1,-1,9,2,37,7,1332,8,0,MERCEDES A CLASS,7,E01030949,0,1
2024010550726,2024,010550726,1,9,0,5,5,5,1,0,0,1,0,0,0,0,0,1,2,2,1,39,7,1332,8,1,MERCEDES A CLASS,5,E01033918,0,1
2024061445269,2024,061445269,2,9,0,-1,19,1,1,-1,0,8,0,0,0,0,1,1,-1,9,2,29,6,1461,2,7,MERCEDES A CLASS,2,E01005462,0,1
2024010539288,2024,010539288,2,9,0,1,1,9,9,99,99,6,9,99,9,99,2,9,6,6,2,-1,-1,1461,2,9,MERCEDES A CLASS,2,E01000045,0,2
2024471424738,2024,471424738,2,9,0,-1,4,7,4,-1,0,0,0,0,0,0,0,1,-1,9,1,60,9,1332,1,6,MERCEDES A CLASS,7,E01021184,0,1
2024010529160,2024,010529160,1,9,0,7,7,9,9,99,99,5,9,99,9,99,9,9,6,6,1,29,6,1950,2,1,MERCEDES A CLASS,3,E01003258,0,2
2024010541489,2024,010541489,2,9,0,99,99,9,9,99,99,6,9,99,9,99,0,9,6,6,3,34,6,1498,1,15,MERCEDES A CLASS,6,E01024764,0,4
2024141474961,2024,141474961,1,9,0,-1,19,3,8,-1,0,0,1,0,7,2,1,1,-1,9,1,49,8,1498,1,19,MERCEDES A CLASS,1,E01007708,0,1
2024501420294,2024,501420294,2,9,0,-1,9,4,1,-1,0,1,5,0,0,0,3,1,-1,9,2,37,7,1991,2,13,MERCEDES A CLASS,4,E01018918,0,2
2024010503668,2024,010503668,1,9,0,99,99,9,9,99,99,9,9,99,9,99,9,9,6,6,2,32,6,1595,1,7,MERCEDES A CLASS,2,E01001218,0,1
2024010507191,2024,010507191,2,9,0,9,9,2,7,0,0,1,0,0,0,0,1,1,6,6,1,21,5,1332,1,3,MERCEDES A CLASS,6,E01002844,0,1
2024131533821,2024,131533821,2,9,0,-1,2,0,0,-1,0,0,0,0,0,0,4,1,-1,6,-1,-1,-1,1461,2,7,MERCEDES A CLASS,-1,-1,0,-1
2024522403325,2024,522403325,1,9,0,18,19,3,7,0,0,0,0,0,0,0,1,1,6,6,2,38,7,2143,2,8,MERCEDES A CLASS,7,E01035217,0,3
2024010530747,2024,010530747,1,9,0,9,9,7,5,0,0,5,0,0,0,0,3,1,6,6,1,21,5,1332,1,6,MERCEDES A CLASS,5,E01001973,0,2
2024201462721,2024,201462721,1,9,0,-1,19,6,2,-1,0,3,0,0,0,0,1,9,-1,6,2,37,7,1461,2,10,MERCEDES A CLASS,5,E01009179,0,2
2024231489461,2024,231489461,2,9,0,-1,19,5,1,-1,0,8,0,0,0,0,0,1,-1,1,2,58,9,2143,2,8,MERCEDES A CLASS,2,E01029827,0,2
2024501428807,2024,501428807,1,9,0,-1,9,1,3,-1,0,1,0,0,7,0,4,1,-1,9,1,19,4,1796,2,11,MERCEDES A CLASS,4,E01015238,0,1
2024430317755,2024,430317755,2,9,0,18,19,6,2,0,0,0,0,0,0,0,2,1,6,6,2,50,8,1595,1,7,MERCEDES A CLASS,6,E01028437,0,1
2024340WN5452,2024,340WN5452,1,9,0,-1,19,3,7,-1,0,4,0,0,0,0,1,1,-1,6,2,65,9,1461,2,3,MERCEDES A CLASS,5,E01027138,0,2
2024461498450,2024,461498450,1,9,0,-1,9,5,3,-1,0,0,0,0,0,0,4,9,-1,6,1,-1,-1,2143,2,8,MERCEDES A CLASS,4,E01024651,0,1