collision_index,collision_year,collision_ref_no,vehicle_reference,vehicle_type,towing_and_articulation,vehicle_manoeuvre_historic,vehicle_manoeuvre,vehicle_direction_from,vehicle_direction_to,vehicle_location_restricted_lane_historic,vehicle_location_restricted_lane,junction_location,skidding_and_overturning,hit_object_in_carriageway,vehicle_leaving_carriageway,hit_object_off_carriageway,first_point_of_impact,vehicle_left_hand_drive,journey_purpose_of_driver_historic,journey_purpose_of_driver,sex_of_driver,age_of_driver,age_band_of_driver,engine_capacity_cc,propulsion_code,age_of_vehicle,generic_make_model,driver_imd_decile,lsoa_of_driver,escooter_flag,driver_distance_banding
2024010498054,2024,010498054,2,9,9,99,99,9,9,99,99,9,9,99,9,99,9,9,6,6,3,-1,-1,1332,1,4,MERCEDES A CLASS,-1,-1,0,-1
2024501410297,2024,501410297,2,9,0,-1,2,4,8,-1,0,2,0,0,0,0,4,9,-1,9,1,46,8,2143,2,9,MERCEDES A CLASS,4,E01015077,0,1
2024351414207,2024,351414207,2,9,0,-1,19,6,2,-1,0,1,1,0,7,9,1,9,-1,2,2,30,6,1461,2,11,MERCEDES A CLASS,8,E01018159,0,2
2024430477907,2024,430477907,1,9,0,12,12,4,8,0,0,8,0,0,0,0,2,1,6,6,1,24,5,2143,2,8,MERCEDES A CLASS,-1,-1,0,-1
2024311486898,2024,311486898,1,9,0,-1,4,2,6,-1,0,1,0,0,0,0,1,1,-1,2,2,42,7,1461,2,7,MERCEDES A CLASS,4,E01013537,0,4
2024070562983,2024,070562983,2,9,0,4,4,3,6,0,0,0,0,0,0,0,2,1,6,6,2,37,7,1461,2,10,MERCEDES A CLASS,7,E01018335,0,2
2024010546644,2024,010546644,2,9,0,-1,-1,5,1,0,0,0,0,0,4,6,4,1,6,6,1,53,8,2143,2,7,MERCEDES A CLASS,7,E01004654,0,3
2024461455566,2024,461455566,2,9,0,-1,13,1,5,-1,0,0,0,0,0,0,4,9,-1,6,1,75,10,1332,8,0,MERCEDES A CLASS,9,E01022601,0,5
2024471465254,2024,471465254,1,9,0,-1,19,1,5,-1,0,0,0,8,0,0,4,1,-1,6,1,79,11,1689,2,25,MERCEDES A CLASS,7,E01031343,0,1
2024201447740,2024,201447740,2,9,0,-1,19,1,7,-1,0,0,0,0,0,0,1,9,-1,6,2,62,9,1461,2,9,MERCEDES A CLASS,4,E01009231,0,1
2024461451393,2024,461451393,3,9,0,-1,3,4,8,-1,0,1,0,0,0,0,1,1,-1,6,2,65,9,1991,2,13,MERCEDES A CLASS,3,E01024248,0,1
2024201456532,2024,201456532,2,9,0,-1,19,3,7,-1,0,6,0,0,0,0,1,1,-1,6,2,26,6,1461,2,7,MERCEDES A CLASS,6,E01010549,0,2
2024440218967,2024,440218967,1,9,0,6,6,7,7,0,0,8,0,0,0,0,3,1,6,6,1,21,5,1461,2,11,MERCEDES A CLASS,2,E01022902,0,1
2024061491692,2024,061491692,2,9,0,-1,19,1,5,-1,0,0,0,0,0,0,3,1,-1,9,2,29,6,1796,2,11,MERCEDES A CLASS,-1,-1,0,-1
2024340NN0122,2024,340NN0122,1,9,0,-1,19,4,8,-1,0,1,0,0,0,0,1,1,-1,9,2,38,7,1461,2,10,MERCEDES A CLASS,3,E01027038,0,1
2024421396182,2024,421396182,1,9,0,-1,10,1,5,-1,0,0,0,0,0,0,1,9,-1,6,1,-1,-1,1595,1,10,MERCEDES A CLASS,-1,-1,0,-1
2024041470527,2024,041470527,2,9,0,-1,3,5,1,-1,0,1,0,0,0,0,2,1,-1,9,1,66,10,1461,2,9,MERCEDES A CLASS,2,E01025310,0,1
2024010516075,2024,010516075,2,9,0,2,2,0,0,6,6,0,0,0,0,0,1,1,6,6,3,-1,-1,1461,2,7,MERCEDES A CLASS,-1,-1,0,-1
2024131534789,2024,131534789,1,9,0,-1,9,3,7,-1,0,1,1,0,1,11,1,1,-1,9,1,19,4,1461,2,6,MERCEDES A CLASS,1,E01011143,0,1
2024161470648,2024,161470648,1,9,0,-1,7,8,4,-1,0,0,0,0,0,0,1,9,-1,9,2,25,5,1461,2,6,MERCEDES A CLASS,5,E01013027,0,2
2024161415911,2024,161415911,3,9,0,-1,19,5,1,-1,0,1,0,0,0,0,1,1,-1,6,2,28,6,1461,2,6,MERCEDES A CLASS,6,E01012961,0,3
2024351465661,2024,351465661,2,9,0,-1,19,8,4,-1,0,0,0,0,0,0,2,1,-1,9,1,20,4,1461,2,5,MERCEDES A CLASS,7,E01030054,0,4
2024010544557,2024,010544557,2,9,0,18,19,7,3,0,0,0,0,0,0,0,2,1,3,7,2,46,8,1332,1,2,MERCEDES A CLASS,9,E01000179,0,3
2024311530843,2024,311530843,1,9,0,-1,5,1,5,-1,0,2,0,0,0,0,1,1,-1,6,3,-1,-1,1332,1,4,MERCEDES A CLASS,-1,-1,0,-1
2024471401854,2024,471401854,1,9,0,-1,11,7,7,-1,-1,2,0,0,0,0,3,1,-1,9,1,45,7,1332,1,2,MERCEDES A CLASS,-1,-1,0,-1
2024451497183,2024,451497183,2,9,0,-1,19,7,3,-1,0,0,0,0,0,0,1,1,-1,2,1,43,7,1950,2,4,MERCEDES A CLASS,10,E01024781,0,4
2024010531515,2024,010531515,2,9,9,99,99,9,9,99,99,9,9,99,9,99,1,9,6,6,3,-1,-1,1498,1,18,MERCEDES A CLASS,-1,-1,0,-1
2024501514511,2024,501514511,1,9,0,-1,1,5,1,-1,0,0,0,4,7,0,2,1,-1,9,2,86,11,1498,1,15,MERCEDES A CLASS,6,E01020181,0,1
2024520001834,2024,520001834,1,9,0,18,19,3,7,0,0,0,0,0,0,0,2,1,6,6,1,75,10,1498,1,16,MERCEDES A CLASS,3,E01014730,0,3
2024122400896,2024,122400896,1,9,0,18,19,7,3,0,0,5,0,0,0,0,1,1,6,6,1,53,8,1595,1,10,MERCEDES A CLASS,1,E01025570,0,4
2024430621692,2024,430621692,2,9,0,8,8,3,5,0,0,1,0,0,0,0,4,1,6,6,1,24,5,1332,1,5,MERCEDES A CLASS,10,E01030672,0,2
2024010548533,2024,010548533,1,9,0,5,5,5,1,0,0,6,0,0,0,0,1,1,6,6,1,33,6,1461,2,6,MERCEDES A CLASS,-1,-1,0,-1
2024131496904,2024,131496904,2,9,0,-1,9,8,7,-1,0,8,0,0,0,0,2,1,-1,6,2,26,6,1796,2,10,MERCEDES A CLASS,3,E01010629,0,1
2024201407263,2024,201407263,2,9,0,-1,19,2,6,-1,0,8,0,0,0,0,1,9,-1,6,2,30,6,1461,2,9,MERCEDES A CLASS,1,E01009152,0,1
2024141457410,2024,141457410,1,9,0,-1,19,7,3,-1,0,0,0,0,0,0,4,1,-1,6,1,41,7,1991,2,14,MERCEDES A CLASS,1,E01008083,0,1
2024161519165,2024,161519165,1,9,0,-1,9,1,7,-1,0,6,0,0,0,0,0,1,-1,6,2,31,6,1332,1,5,MERCEDES A CLASS,7,E01013234,0,1
2024451506835,2024,451506835,2,9,0,-1,9,2,8,-1,0,8,0,0,0,0,4,1,-1,2,1,53,8,1461,2,4,MERCEDES A CLASS,4,E01030746,0,1
2024010521594,2024,010521594,2,9,0,18,19,1,5,0,0,0,0,0,0,0,4,1,6,6,1,67,10,1498,1,18,MERCEDES A CLASS,-1,-1,0,-1
2024061532970,2024,061532970,1,9,0,-1,9,5,3,-1,0,2,0,0,0,0,1,1,-1,6,1,26,6,1461,2,6,MERCEDES A CLASS,5,E01006355,0,1
2024451494606,2024,451494606,1,9,0,-1,19,3,5,-1,0,1,1,0,7,4,1,1,-1,9,1,20,4,1498,1,12,MERCEDES A CLASS,4,E01003448,0,4
2024430472021,2024,430472021,1,9,0,18,19,5,1,0,0,0,0,0,0,0,1,1,6,6,2,20,4,1461,2,9,MERCEDES A CLASS,9,E01028495,0,1
2024131524098,2024,131524098,4,9,0,-1,19,3,7,-1,0,0,0,0,0,0,2,1,-1,9,1,30,6,1461,2,5,MERCEDES A CLASS,5,E01011407,0,4
2024061449400,2024,061449400,2,9,0,-1,14,1,5,-1,0,0,0,0,0,0,1,1,-1,2,2,32,6,1461,2,6,MERCEDES A CLASS,-1,-1,0,-1
2024351405565,2024,351405565,2,9,0,-1,7,7,3,-1,0,0,0,0,0,0,4,9,-1,2,2,38,7,2143,2,6,MERCEDES A CLASS,10,E01035555,0,1
2024320487221,2024,320487221,2,9,0,-1,-1,2,6,0,0,0,0,0,0,0,3,1,-1,-1,1,57,9,1991,2,13,MERCEDES A CLASS,10,E01032993,0,1
2024010535536,2024,010535536,1,9,0,18,19,5,1,0,0,6,0,0,0,0,1,1,2,2,2,45,7,1595,1,8,MERCEDES A CLASS,4,E01003268,0,1
2024041523394,2024,041523394,1,9,0,-1,9,3,7,-1,0,0,0,0,0,0,1,1,-1,9,1,37,7,1332,1,5,MERCEDES A CLASS,3,E01012750,0,1
2024421530028,2024,421530028,2,9,0,-1,4,2,5,-1,0,0,0,0,0,0,2,1,-1,9,1,27,6,1332,8,0,MERCEDES A CLASS,8,E01021708,0,1
2024141451593,2024,141451593,1,9,0,-1,19,5,1,-1,0,0,0,0,0,0,1,1,-1,2,2,27,6,1950,2,0,MERCEDES A CLASS,3,E01007557,0,1
2024052400281,2024,052400281,4,9,0,3,3,5,1,0,0,0,0,0,0,0,2,1,2,2,2,24,5,1461,2,8,MERCEDES A CLASS,5,E01006462,0,2
2024201535619,2024,201535619,2,9,0,-1,8,5,1,-1,0,1,0,0,0,0,3,1,-1,9,2,27,6,1950,2,5,MERCEDES A CLASS,1,E01009051,0,1
2024430061485,2024,430061485,2,9,0,18,19,4,8,0,0,8,0,0,0,0,1,1,6,6,2,61,9,1461,2,10,MERCEDES A CLASS,7,E01016757,0,1
2024010538824,2024,010538824,2,9,0,2,2,0,0,0,0,1,0,0,0,0,4,1,6,6,3,-1,-1,1595,1,8,MERCEDES A CLASS,-1,-1,0,-1
2024071063548,2024,071063548,1,9,0,-1,19,1,5,-1,0,2,0,0,0,0,1,2,-1,2,2,41,7,1595,1,7,MERCEDES A CLASS,4,E01018549,0,2
2024221528740,2024,221528740,2,9,0,-1,19,8,6,-1,0,0,0,0,0,0,2,9,-1,6,2,21,5,1461,2,11,MERCEDES A CLASS,4,E01014034,0,1
2024111457791,2024,111457791,1,9,0,-1,19,3,7,-1,0,6,0,0,0,0,1,1,-1,9,1,26,6,1461,2,11,MERCEDES A CLASS,2,E01034505,0,1
2024302400802,2024,302400802,2,9,0,2,2,0,0,0,0,0,0,0,0,0,3,1,6,6,3,-1,-1,2143,2,8,MERCEDES A CLASS,-1,-1,0,-1
2024010545392,2024,010545392,2,9,0,9,9,4,2,0,0,1,0,0,0,0,1,1,6,6,2,23,5,1461,2,9,MERCEDES A CLASS,9,E01003682,0,1
2024052400888,2024,052400888,1,9,0,10,10,7,5,0,0,6,0,0,0,0,1,1,2,2,1,62,9,1332,8,1,MERCEDES A CLASS,8,E01006680,0,1
2024501418245,2024,501418245,1,9,0,-1,14,2,6,-1,0,0,0,0,7,10,4,1,-1,2,2,27,6,1991,2,15,MERCEDES A CLASS,5,E01020101,0,1
2024201529993,2024,201529993,2,9,0,-1,3,2,6,-1,0,0,0,0,0,0,2,1,-1,9,2,57,9,1498,1,12,MERCEDES A CLASS,1,E01009500,0,1
2024161486936,2024,161486936,2,9,0,-1,19,3,1,-1,0,1,0,0,0,0,4,1,-1,9,1,59,9,1991,2,18,MERCEDES A CLASS,2,E01007635,0,3
2024201439238,2024,201439238,2,9,0,-1,9,5,7,-1,0,8,0,0,0,0,1,1,-1,6,2,26,6,1332,1,5,MERCEDES A CLASS,1,E01008887,0,1
2024401425365,2024,401425365,1,9,0,-1,19,5,7,-1,0,1,0,0,7,0,1,1,-1,6,-1,-1,-1,1991,1,9,MERCEDES A CLASS,-1,-1,0,-1
2024201508776,2024,201508776,1,9,0,-1,19,1,5,-1,0,1,0,0,0,0,1,1,-1,6,2,52,8,1595,1,7,MERCEDES A CLASS,8,E01031023,0,2
2024501420459,2024,501420459,2,9,0,-1,19,5,1,-1,0,2,0,0,0,0,1,1,-1,9,2,25,5,1595,1,7,MERCEDES A CLASS,4,E01018918,0,1
2024361514807,2024,361514807,2,9,0,-1,19,5,2,-1,0,0,0,0,0,0,1,1,-1,6,2,26,6,1332,1,4,MERCEDES A CLASS,10,E01026906,0,3
2024010525329,2024,010525329,2,9,0,18,19,3,7,0,0,0,1,0,0,0,1,1,6,6,3,-1,-1,1461,2,6,MERCEDES A CLASS,-1,-1,0,-1
2024401511151,2024,401511151,2,9,0,-1,3,4,8,-1,0,2,0,0,0,0,2,1,-1,7,2,43,7,1333,1,6,MERCEDES A CLASS,3,E01017601,0,1
2024010507767,2024,010507767,1,9,0,11,11,3,7,0,0,0,0,0,0,0,4,1,2,2,1,29,6,1332,8,1,MERCEDES A CLASS,-1,-1,0,-1
2024522500092,2024,522500092,2,9,0,9,9,6,4,0,0,5,0,0,0,0,4,1,6,6,1,23,5,1461,2,8,MERCEDES A CLASS,2,E01014578,0,1
2024010509990,2024,010509990,1,9,0,10,10,4,2,0,0,1,0,0,0,0,1,1,6,6,1,35,6,2143,2,7,MERCEDES A CLASS,9,E01003383,0,1
2024552400738,2024,552400738,2,9,0,18,19,5,1,0,0,0,0,0,0,0,1,1,2,2,2,36,7,1950,2,2,MERCEDES A CLASS,6,E01034375,0,2
2024131448232,2024,131448232,2,9,0,-1,19,3,7,-1,0,1,0,0,0,0,2,1,-1,9,2,25,5,1332,8,1,MERCEDES A CLASS,6,E01011521,0,2
2024010528636,2024,010528636,1,9,0,5,5,1,5,0,0,0,0,0,0,0,3,1,6,6,1,23,5,1461,2,6,MERCEDES A CLASS,5,E01001247,0,2
2024010533572,2024,010533572,1,9,0,17,19,1,5,0,0,0,1,7,0,0,1,1,2,2,1,28,6,1332,1,3,MERCEDES A CLASS,-1,-1,0,-1
2024520002861,2024,520002861,2,9,0,18,19,9,9,0,0,8,0,0,0,0,0,1,6,6,2,61,9,1332,8,4,MERCEDES A CLASS,10,E01014377,0,1
2024010507941,2024,010507941,2,9,0,99,99,9,9,99,99,9,9,99,9,99,1,9,6,6,3,-1,-1,1498,1,12,MERCEDES A CLASS,-1,-1,0,-1
2024451431021,2024,451431021,2,9,0,-1,-1,-1,-1,-1,-1,0,-1,-1,-1,0,-1,9,-1,6,1,20,4,1950,2,4,MERCEDES A CLASS,4,E01003409,0,3
2024421445624,2024,421445624,1,9,0,-1,3,-1,-1,-1,0,1,0,0,0,0,1,1,-1,6,1,28,6,1332,8,4,MERCEDES A CLASS,7,E01021702,0,1
2024201491431,2024,201491431,1,9,0,-1,13,6,2,-1,0,8,0,0,0,0,1,2,-1,7,2,36,7,1796,2,10,MERCEDES A CLASS,2,E01010051,0,1
2024010506100,2024,010506100,1,9,0,99,99,9,9,99,99,9,9,99,9,99,2,9,6,6,2,32,6,1332,8,0,MERCEDES A CLASS,2,E01000431,0,1
2024141529298,2024,141529298,2,9,0,-1,19,1,7,-1,0,3,0,0,0,0,4,1,-1,1,2,24,5,1461,2,5,MERCEDES A CLASS,9,E01007893,0,2
2024010495907,2024,010495907,1,9,0,5,5,0,1,9,9,0,0,0,0,0,1,1,3,7,2,62,9,1332,1,4,MERCEDES A CLASS,2,E01003601,0,1
2024440498384,2024,440498384,2,9,0,11,11,1,5,0,0,2,0,0,0,0,0,1,6,6,2,20,4,2143,2,6,MERCEDES A CLASS,2,E01017156,0,1
2024010508183,2024,010508183,2,9,0,18,19,7,3,0,0,6,0,0,0,0,1,1,6,6,1,59,9,1699,1,19,MERCEDES A CLASS,6,E01001245,0,1
2024010547997,2024,010547997,1,9,0,18,19,1,5,0,0,0,1,4,0,0,4,1,2,2,2,55,8,1595,1,7,MERCEDES A CLASS,6,E01003411,0,1
2024991412732,2024,991412732,3,9,0,-1,2,0,0,-1,0,2,0,0,0,0,2,1,-1,6,-1,-1,-1,1498,1,13,MERCEDES A CLASS,-1,-1,0,-1
2024401477246,2024,401477246,2,9,0,-1,9,3,5,-1,0,6,0,0,0,0,2,1,-1,6,1,29,6,1461,2,11,MERCEDES A CLASS,5,E01015742,0,2
2024041496496,2024,041496496,2,9,0,-1,19,5,1,-1,0,1,0,0,0,0,4,1,-1,6,1,33,6,1332,8,0,MERCEDES A CLASS,2,E01012573,0,1
2024451519272,2024,451519272,2,9,0,-1,2,3,7,-1,0,0,0,0,0,0,2,1,-1,6,-1,-1,-1,1991,2,14,MERCEDES A CLASS,-1,-1,0,-1
2024161441275,2024,161441275,1,9,0,-1,7,6,8,-1,0,1,0,0,0,0,2,1,-1,9,2,38,7,1689,2,20,MERCEDES A CLASS,8,E01013065,0,1
2024552400243,2024,552400243,2,9,0,18,19,6,2,0,0,3,0,0,0,0,4,1,6,6,1,46,8,1991,2,13,MERCEDES A CLASS,10,E01023457,0,5
2024610046624,2024,610046624,1,9,0,18,19,7,3,0,0,0,0,0,0,0,1,1,6,6,2,55,8,1461,2,11,MERCEDES A CLASS,5,W01001603,0,1
2024161443895,2024,161443895,2,9,0,-1,3,2,6,-1,0,0,0,0,0,0,1,9,-1,6,1,-1,-1,1796,2,10,MERCEDES A CLASS,2,E01012886,0,1
2024010542276,2024,010542276,1,9,0,12,12,1,5,0,0,2,0,0,0,0,3,1,1,1,2,57,9,1595,1,7,MERCEDES A CLASS,1,E01003515,0,2
2024320485826,2024,320485826,2,9,0,-1,-1,4,8,0,0,1,0,0,0,0,1,1,-1,-1,2,46,8,1498,1,17,MERCEDES A CLASS,9,E01013243,0,3
2024052400387,2024,052400387,1,9,0,9,9,1,7,0,0,8,0,0,0,0,3,1,6,6,1,36,7,1461,2,9,MERCEDES A CLASS,7,W01000210,0,4
2024471437561,2024,471437561,2,9,0,-1,7,-1,-1,-1,99,5,9,0,0,0,2,1,-1,6,1,34,6,1595,1,9,MERCEDES A CLASS,3,E01030547,0,3
2024141519443,2024,141519443,2,9,0,-1,5,1,1,-1,0,0,0,2,0,0,1,1,-1,2,2,25,5,1461,2,9,MERCEDES A CLASS,3,E01007569,0,1
2024161451626,2024,161451626,2,9,0,-1,4,7,3,-1,0,0,0,0,0,0,2,1,-1,6,2,42,7,1796,2,11,MERCEDES A CLASS,4,E01013314,0,2
2024010525733,2024,010525733,2,9,0,99,99,9,9,99,99,9,9,99,9,99,9,9,6,6,2,36,7,1498,1,18,MERCEDES A CLASS,7,E01003853,0,3
2024052401651,2024,052401651,3,9,0,18,19,7,3,0,0,0,1,0,0,0,1,1,6,6,2,57,9,1461,2,9,MERCEDES A CLASS,5,E01007014,0,1
2024041514936,2024,041514936,1,9,0,-1,7,3,5,-1,0,0,0,0,0,0,1,1,-1,9,2,23,5,1332,1,6,MERCEDES A CLASS,1,E01024987,0,1
2024311433252,2024,311433252,2,9,0,-1,9,3,5,-1,0,6,0,0,0,0,3,1,-1,2,2,31,6,1699,1,18,MERCEDES A CLASS,3,E01033400,0,2
2024421433894,2024,421433894,1,9,0,-1,9,6,3,-1,0,6,0,0,7,0,1,1,-1,9,2,31,6,1461,2,6,MERCEDES A CLASS,4,E01034356,0,1
2024461492740,2024,461492740,1,9,0,-1,19,2,6,-1,0,0,0,0,0,0,1,1,-1,6,2,23,5,1950,2,0,MERCEDES A CLASS,2,E01000079,0,4
2024421411978,2024,421411978,2,9,0,-1,4,1,5,-1,0,0,0,0,0,0,2,1,-1,9,2,53,8,2143,2,8,MERCEDES A CLASS,7,E01021656,0,3
2024430605715,2024,430605715,1,9,0,18,19,8,4,0,0,7,0,0,3,9,1,1,6,6,1,34,6,1332,8,4,MERCEDES A CLASS,5,E01032955,0,2
2024320348252,2024,320348252,1,9,0,-1,-1,5,1,0,0,2,0,4,0,0,1,1,-1,-1,2,70,10,1498,1,13,MERCEDES A CLASS,7,E01026299,0,1
2024010512660,2024,010512660,2,9,0,99,99,9,9,99,99,9,9,99,9,99,2,9,6,6,3,-1,-1,1332,1,3,MERCEDES A CLASS,-1,-1,0,-1
2024131488161,2024,131488161,2,9,0,-1,19,5,5,-1,0,0,0,0,0,0,1,1,-1,9,1,53,8,1332,1,2,MERCEDES A CLASS,1,E01011720,0,1
2024221407938,2024,221407938,1,9,0,-1,7,5,7,-1,0,5,0,10,7,10,1,1,-1,6,1,28,6,1332,1,4,MERCEDES A CLASS,-1,-1,0,-1
2024010516408,2024,010516408,2,9,0,99,99,9,9,99,99,9,9,99,9,99,1,9,6,6,3,-1,-1,1332,8,4,MERCEDES A CLASS,3,E01023310,0,1
2024010517226,2024,010517226,2,9,9,99,99,9,9,99,99,9,9,99,9,99,9,9,6,6,1,76,11,1498,1,18,MERCEDES A CLASS,6,E01002984,0,3
2024332400894,2024,332400894,1,9,0,-1,19,5,6,-1,0,2,0,0,1,4,1,1,-1,9,1,19,4,1461,2,11,MERCEDES A CLASS,9,E01015631,0,4
2024361472982,2024,361472982,2,9,0,-1,8,2,4,-1,0,2,0,0,0,0,2,1,-1,9,2,54,8,1950,2,3,MERCEDES A CLASS,10,E01018575,0,5
2024010508880,2024,010508880,2,9,0,3,3,1,5,0,0,0,2,0,0,0,1,1,1,1,1,42,7,1332,1,3,MERCEDES A CLASS,9,E01000804,0,1
2024340WN6992,2024,340WN6992,1,9,0,-1,19,1,5,-1,0,0,0,0,0,0,4,1,-1,9,1,48,8,1332,8,1,MERCEDES A CLASS,10,E01027298,0,1
2024440558437,2024,440558437,2,9,0,5,5,5,1,0,0,8,0,0,0,0,4,1,6,6,1,20,4,1461,2,5,MERCEDES A CLASS,5,E01022973,0,1
2024061434114,2024,061434114,2,9,0,-1,3,-1,-1,-1,0,1,0,99,0,0,4,2,-1,6,3,-1,-1,1461,2,6,MERCEDES A CLASS,-1,-1,0,-1
2024351472096,2024,351472096,2,9,0,-1,11,-1,-1,-1,0,0,-1,-1,-1,0,2,1,-1,2,2,27,6,1332,1,2,MERCEDES A CLASS,8,E01018058,0,2
2024010529923,2024,010529923,1,9,0,99,99,9,9,99,99,9,9,99,9,99,2,9,6,6,1,34,6,2143,2,8,MERCEDES A CLASS,4,E01001647,0,3
2024440461059,2024,440461059,1,9,0,4,4,5,1,0,0,0,0,0,0,0,0,1,2,2,1,29,6,1332,8,0,MERCEDES A CLASS,9,E01022788,0,3
2024161454053,2024,161454053,3,9,0,-1,2,0,0,-1,4,0,0,0,0,0,1,1,-1,6,-1,-1,-1,2143,2,9,MERCEDES A CLASS,-1,-1,0,-1
2024411419796,2024,411419796,2,9,0,-1,3,5,1,-1,0,0,0,0,0,0,2,1,-1,6,1,24,5,1498,1,15,MERCEDES A CLASS,3,E01023573,0,1
2024430049745,2024,430049745,1,9,0,18,19,6,2,0,0,0,0,0,0,0,3,1,6,6,2,87,11,1498,1,13,MERCEDES A CLASS,7,E01028612,0,1
2024131447304,2024,131447304,1,9,0,-1,7,2,8,-1,0,2,0,0,0,0,4,1,-1,6,3,-1,-1,1991,1,10,MERCEDES A CLASS,-1,-1,0,-1
2024131435623,2024,131435623,1,9,0,-1,-1,-1,-1,-1,-1,-1,-1,-1,-1,0,-1,1,-1,6,3,-1,-1,1332,8,0,MERCEDES A CLASS,-1,-1,0,-1
2024522401982,2024,522401982,2,9,0,18,19,6,3,0,0,0,0,0,0,0,1,1,6,6,1,21,5,1332,1,5,MERCEDES A CLASS,7,E01014722,0,2
2024522403112,2024,522403112,2,9,0,9,9,5,3,0,0,6,0,0,0,0,1,1,6,6,1,72,10,1332,1,1,MERCEDES A CLASS,-1,-1,0,-1
2024421439093,2024,421439093,2,9,0,-1,19,2,8,-1,0,0,0,0,0,0,4,1,-1,6,2,21,5,1950,2,3,MERCEDES A CLASS,8,E01035180,0,2
2024302401328,2024,302401328,1,9,0,18,19,5,1,0,0,1,0,7,7,1,1,1,6,6,2,50,8,1699,1,14,MERCEDES A CLASS,4,E01019522,0,2
2024070246074,2024,070246074,1,9,0,9,9,1,5,0,0,6,0,0,0,0,4,1,6,6,2,73,10,1950,2,1,MERCEDES A CLASS,9,E01018536,0,2
2024421395531,2024,421395531,1,9,0,-1,19,3,7,-1,0,8,5,0,3,0,1,1,-1,6,2,41,7,1332,1,4,MERCEDES A CLASS,7,E01015978,0,1
2024451487842,2024,451487842,1,9,0,-1,19,1,5,-1,0,0,1,0,2,1,1,1,-1,9,1,24,5,2143,2,7,MERCEDES A CLASS,5,E01022907,0,4
2024010550292,2024,010550292,1,9,0,6,6,5,5,0,0,8,0,0,0,0,1,1,6,6,1,48,8,2143,2,8,MERCEDES A CLASS,9,E01000344,0,1
2024421484769,2024,421484769,2,9,0,-1,4,1,5,-1,0,1,0,0,0,0,2,1,-1,9,2,41,7,1461,2,9,MERCEDES A CLASS,-1,-1,0,-1
2024421486676,2024,421486676,2,9,0,-1,3,5,1,-1,0,0,0,0,0,0,2,9,-1,9,2,18,4,1332,8,1,MERCEDES A CLASS,5,E01021790,0,4
2024451485462,2024,451485462,2,9,0,-1,9,3,7,-1,0,5,0,0,0,0,1,1,-1,9,2,20,4,1461,2,7,MERCEDES A CLASS,9,E01022894,0,2
2024010526267,2024,010526267,2,9,0,2,2,0,0,9,9,0,0,0,0,0,2,1,6,6,3,-1,-1,1332,1,5,MERCEDES A CLASS,-1,-1,0,-1
2024141538549,2024,141538549,1,9,0,-1,3,2,6,-1,0,2,0,0,0,0,2,1,-1,6,2,27,6,1950,2,4,MERCEDES A CLASS,4,E01008088,0,1
2024501447749,2024,501447749,1,9,0,-1,19,4,8,-1,0,0,0,0,2,10,3,1,-1,9,1,18,4,1796,2,10,MERCEDES A CLASS,4,E01020290,0,4
2024010507345,2024,010507345,1,9,0,3,3,9,9,99,99,9,9,99,9,99,9,9,6,6,1,20,4,1461,2,8,MERCEDES A CLASS,3,E01000750,0,3
2024052401479,2024,052401479,1,9,0,18,19,7,3,0,0,3,0,0,0,0,4,1,6,6,1,27,6,1461,2,7,MERCEDES A CLASS,1,E01007128,0,1
2024211508636,2024,211508636,1,9,0,-1,11,5,1,-1,0,0,0,0,0,0,4,1,-1,9,2,24,5,1461,2,5,MERCEDES A CLASS,3,E01015988,0,5
2024351522178,2024,351522178,1,9,-1,-1,-1,-1,-1,-1,-1,0,-1,-1,-1,0,-1,9,-1,6,1,18,4,1461,2,8,MERCEDES A CLASS,3,E01017952,0,1
2024010516523,2024,010516523,1,9,0,18,19,3,7,0,0,1,0,0,0,0,1,1,6,6,1,25,5,1332,1,4,MERCEDES A CLASS,2,E01001515,0,1
2024010538765,2024,010538765,1,9,0,99,99,9,9,99,99,9,9,99,9,99,2,9,6,6,1,48,8,1595,1,6,MERCEDES A CLASS,6,E01002541,0,2
2024010538074,2024,010538074,2,9,0,2,2,0,0,0,0,2,0,0,0,0,3,1,6,6,3,-1,-1,2143,2,8,MERCEDES A CLASS,-1,-1,0,-1
2024161460559,2024,161460559,2,9,0,-1,9,7,5,-1,0,1,0,0,0,0,3,1,-1,2,1,24,5,1461,2,10,MERCEDES A CLASS,4,E01013082,0,4
2024141533522,2024,141533522,1,9,0,-1,19,3,7,-1,0,2,0,0,0,0,3,1,-1,9,1,18,4,1332,1,4,MERCEDES A CLASS,10,E01007961,0,1
2024991462038,2024,991462038,1,9,0,-1,19,8,3,-1,0,8,2,7,0,0,1,1,-1,6,-1,30,6,1332,8,1,MERCEDES A CLASS,-1,-1,0,-1