collision_index,collision_year,collision_ref_no,vehicle_reference,vehicle_type,towing_and_articulation,vehicle_manoeuvre_historic,vehicle_manoeuvre,vehicle_direction_from,vehicle_direction_to,vehicle_location_restricted_lane_historic,vehicle_location_restricted_lane,junction_location,skidding_and_overturning,hit_object_in_carriageway,vehicle_leaving_carriageway,hit_object_off_carriageway,first_point_of_impact,vehicle_left_hand_drive,journey_purpose_of_driver_historic,journey_purpose_of_driver,sex_of_driver,age_of_driver,age_band_of_driver,engine_capacity_cc,propulsion_code,age_of_vehicle,generic_make_model,driver_imd_decile,lsoa_of_driver,escooter_flag,driver_distance_banding
2024010512758,2024,010512758,1,9,0,99,99,9,9,99,99,9,9,99,9,99,1,9,6,6,2,23,5,1332,1,5,MERCEDES A CLASS,2,E01001477,0,1
2024131413003,2024,131413003,2,9,0,-1,19,5,1,-1,0,8,0,0,0,0,2,1,-1,6,2,28,6,1461,2,4,MERCEDES A CLASS,1,E01010676,0,1
2024440015680,2024,440015680,1,9,0,7,7,4,6,0,0,5,0,0,0,0,1,1,6,6,1,84,11,1595,1,10,MERCEDES A CLASS,10,E01022868,0,1
2024610043624,2024,610043624,1,9,0,14,14,7,3,0,0,0,0,0,0,0,1,1,6,6,2,77,11,1332,1,1,MERCEDES A CLASS,10,W01001602,0,1
2024041404847,2024,041404847,1,9,0,-1,4,1,5,-1,0,1,0,0,0,0,1,1,-1,9,1,80,11,1498,1,15,MERCEDES A CLASS,3,E01025213,0,1
2024610010724,2024,610010724,2,9,0,2,2,0,0,0,0,0,0,0,0,0,1,1,6,6,2,33,6,1461,2,8,MERCEDES A CLASS,2,W01001341,0,1
2024010539022,2024,010539022,1,9,0,99,99,9,9,99,99,9,9,99,9,99,1,9,6,6,2,24,5,1461,2,7,MERCEDES A CLASS,10,E01028089,0,5
2024201525420,2024,201525420,1,9,0,-1,19,7,3,-1,0,1,0,0,0,0,4,1,-1,6,1,-1,-1,1461,2,7,MERCEDES A CLASS,-1,-1,0,-1
2024010523264,2024,010523264,2,9,0,99,99,9,9,99,99,9,9,99,9,99,1,9,6,6,1,71,10,1332,1,4,MERCEDES A CLASS,7,E01001922,0,1
2024440145643,2024,440145643,3,9,0,18,19,6,2,0,0,0,0,0,0,0,1,1,6,6,2,28,6,1332,1,4,MERCEDES A CLASS,5,E01017137,0,2
2024101485965,2024,101485965,2,9,0,-1,13,3,7,-1,0,0,0,0,0,0,2,1,-1,9,2,30,6,1796,2,11,MERCEDES A CLASS,9,E01035636,0,2
2024430610064,2024,430610064,1,9,0,18,19,5,1,0,0,0,0,0,0,0,1,1,2,2,1,22,5,1332,8,0,MERCEDES A CLASS,9,E01033517,0,1
2024061466769,2024,061466769,2,9,0,-1,19,6,2,-1,0,8,0,0,0,0,1,1,-1,9,1,40,7,2143,2,9,MERCEDES A CLASS,4,E01005214,0,1
2024501478838,2024,501478838,1,9,0,-1,5,7,3,-1,0,3,0,0,3,2,1,1,-1,6,2,68,10,1699,1,16,MERCEDES A CLASS,5,E01019981,0,1
2024631498084,2024,631498084,1,9,0,-1,19,7,3,-1,0,0,1,0,7,9,3,1,-1,2,2,37,7,1950,2,5,MERCEDES A CLASS,5,W01000602,0,1
2024421531382,2024,421531382,3,9,0,-1,19,7,3,-1,0,1,0,0,1,0,1,1,-1,2,1,40,7,1991,2,16,MERCEDES A CLASS,6,E01030002,0,4
2024131516610,2024,131516610,1,9,0,-1,2,0,0,-1,9,8,0,0,0,0,4,1,-1,9,2,46,8,1595,1,7,MERCEDES A CLASS,3,E01011245,0,1
2024991396135,2024,991396135,1,9,0,-1,6,4,3,-1,0,0,0,0,0,0,1,1,-1,6,1,56,9,1332,8,1,MERCEDES A CLASS,1,-1,0,1
2024010529194,2024,010529194,2,9,0,99,99,9,9,99,99,9,9,99,9,99,9,9,6,6,3,26,6,1595,1,7,MERCEDES A CLASS,6,E01003954,0,1
2024631508165,2024,631508165,1,9,0,-1,19,7,2,-1,0,2,0,0,0,0,4,1,-1,6,1,20,4,1950,2,4,MERCEDES A CLASS,6,W01000709,0,3
2024010546501,2024,010546501,1,9,0,99,99,9,9,99,99,9,9,99,9,99,2,9,6,6,1,25,5,1461,2,5,MERCEDES A CLASS,3,E01001491,0,2
2024351419222,2024,351419222,1,9,0,-1,19,7,3,-1,0,8,0,0,0,0,1,9,-1,2,1,58,9,1461,2,6,MERCEDES A CLASS,3,E01015667,0,1
2024010541721,2024,010541721,1,9,9,99,99,9,9,99,99,9,9,99,9,99,9,9,6,6,3,29,6,1332,1,2,MERCEDES A CLASS,10,E01021896,0,4
2024471452103,2024,471452103,1,9,0,-1,19,8,4,-1,0,0,0,0,0,0,1,1,-1,9,2,79,11,1498,1,14,MERCEDES A CLASS,7,E01021110,0,1
2024552400948,2024,552400948,2,9,0,18,19,8,4,0,0,8,0,0,0,0,1,1,6,6,2,47,8,1461,2,10,MERCEDES A CLASS,2,E01010028,0,5
2024332400610,2024,332400610,2,9,0,-1,7,4,6,-1,4,5,0,0,0,0,4,1,-1,6,2,-1,-1,1796,2,10,MERCEDES A CLASS,-1,-1,0,-1
2024430334080,2024,430334080,2,9,0,18,19,1,5,0,0,8,0,0,0,0,1,1,6,6,2,35,6,1332,8,1,MERCEDES A CLASS,6,E01035731,0,1
2024122400844,2024,122400844,1,9,0,9,9,5,3,0,0,5,0,0,0,0,3,1,6,6,1,25,5,1595,1,6,MERCEDES A CLASS,8,E01013450,0,1
2024101406061,2024,101406061,5,9,0,-1,19,3,7,-1,0,1,0,4,0,0,1,1,-1,9,2,43,7,1461,2,9,MERCEDES A CLASS,2,E01008599,0,1
2024421431881,2024,421431881,2,9,0,-1,19,4,8,-1,0,0,1,0,0,0,3,1,-1,9,2,20,4,1461,2,7,MERCEDES A CLASS,2,E01003245,0,4
2024201457433,2024,201457433,1,9,0,-1,14,8,4,-1,0,0,0,0,0,0,1,9,-1,9,2,27,6,1461,2,8,MERCEDES A CLASS,4,E01009683,0,1
2024201522567,2024,201522567,1,9,0,-1,1,1,5,-1,0,0,0,0,0,0,2,1,-1,9,2,37,7,1950,2,5,MERCEDES A CLASS,-1,-1,0,-1
2024548473024,2024,548473024,1,9,0,18,19,6,3,0,0,0,1,0,1,0,1,1,6,6,1,29,6,1461,2,11,MERCEDES A CLASS,4,E01033826,0,4
2024610049724,2024,610049724,1,9,0,9,9,2,8,0,0,6,0,0,0,0,1,1,6,6,1,29,6,1461,2,11,MERCEDES A CLASS,5,W01001612,0,1
2024131394895,2024,131394895,2,9,0,-1,19,3,7,-1,0,0,0,0,0,0,0,1,-1,9,2,40,7,1461,2,10,MERCEDES A CLASS,6,E01011885,0,3
2024430216587,2024,430216587,1,9,0,18,19,8,4,0,0,0,0,0,0,0,1,1,2,2,2,22,5,1332,1,5,MERCEDES A CLASS,10,E01016706,0,3
2024320757909,2024,320757909,1,9,0,-1,-1,4,8,0,0,0,5,0,7,4,1,1,-1,-1,1,23,5,2143,2,9,MERCEDES A CLASS,8,E01013170,0,2
2024471418541,2024,471418541,1,9,0,-1,12,7,3,-1,0,8,0,0,0,0,3,1,-1,6,2,52,8,1461,2,9,MERCEDES A CLASS,2,E01017011,0,2
2024010507476,2024,010507476,1,9,0,99,99,9,9,99,99,9,9,99,9,99,9,9,6,6,1,38,7,1595,1,9,MERCEDES A CLASS,2,E01001487,0,1
2024340WN2362,2024,340WN2362,2,9,0,-1,19,6,2,-1,0,1,0,11,1,0,1,1,-1,9,1,25,5,1498,1,17,MERCEDES A CLASS,2,E01027230,0,1
2024411443572,2024,411443572,1,9,0,-1,3,8,4,-1,0,1,0,0,0,0,2,1,-1,6,2,51,8,1461,2,10,MERCEDES A CLASS,6,E01030135,0,4
2024131507074,2024,131507074,2,9,0,-1,-1,-1,-1,-1,-1,1,-1,-1,-1,-1,-1,1,-1,6,3,-1,-1,1991,1,10,MERCEDES A CLASS,-1,-1,0,-1
2024201453697,2024,201453697,1,9,0,-1,9,8,2,-1,0,6,0,0,0,0,1,9,-1,9,2,24,5,1332,1,4,MERCEDES A CLASS,1,E01009341,0,1
2024010526541,2024,010526541,1,9,0,99,99,9,9,99,99,9,9,99,9,99,9,9,6,6,1,40,7,1332,1,2,MERCEDES A CLASS,5,E01001556,0,1
2024131473090,2024,131473090,1,9,0,-1,19,1,5,-1,0,1,0,0,0,0,1,1,-1,9,1,30,6,1332,1,2,MERCEDES A CLASS,3,E01011691,0,1
2024010538647,2024,010538647,3,9,0,3,3,7,3,0,0,8,0,0,0,0,3,1,6,6,1,37,7,2143,2,8,MERCEDES A CLASS,2,E01000781,0,1
2024031420461,2024,031420461,1,9,0,-1,1,6,5,-1,0,1,0,0,0,0,4,9,-1,7,1,40,7,1950,2,3,MERCEDES A CLASS,1,E01019142,0,1
2024010528569,2024,010528569,1,9,0,10,10,5,3,0,0,1,0,0,0,0,1,1,6,6,3,-1,-1,1461,2,10,MERCEDES A CLASS,4,E01002629,0,1
2024471426485,2024,471426485,2,9,0,-1,3,7,3,-1,0,0,0,0,0,0,2,1,-1,6,1,28,6,1332,1,5,MERCEDES A CLASS,3,E01031350,0,4
2024201475085,2024,201475085,2,9,-1,-1,-1,-1,-1,-1,-1,-1,-1,-1,-1,0,-1,9,-1,6,1,24,5,1461,2,8,MERCEDES A CLASS,2,E01009043,0,1
2024430282965,2024,430282965,2,9,0,3,3,8,3,0,0,1,0,0,0,0,1,1,6,6,1,18,4,1332,1,6,MERCEDES A CLASS,3,E01017906,0,1
2024610037624,2024,610037624,1,9,0,4,4,5,1,0,0,1,0,0,0,0,1,1,6,6,1,22,5,2143,2,7,MERCEDES A CLASS,9,W01001514,0,1
2024010501124,2024,010501124,1,9,0,6,6,1,1,0,0,1,0,0,0,0,1,1,6,6,3,-1,-1,2143,2,8,MERCEDES A CLASS,-1,-1,0,-1
2024101413685,2024,101413685,2,9,0,-1,19,8,4,-1,0,0,0,0,0,0,4,1,-1,2,2,32,6,1332,1,3,MERCEDES A CLASS,1,E01033547,0,3
2024010545547,2024,010545547,1,9,0,99,99,9,9,99,99,9,9,99,9,99,9,9,6,6,3,-1,-1,1332,1,4,MERCEDES A CLASS,-1,-1,0,-1
2024430302635,2024,430302635,1,9,0,4,4,6,2,0,0,0,0,0,0,0,3,1,6,6,2,59,9,1498,1,17,MERCEDES A CLASS,6,E01017823,0,1
2024552400641,2024,552400641,1,9,0,18,19,2,6,0,0,0,5,0,1,10,0,1,6,6,2,80,11,1498,1,12,MERCEDES A CLASS,10,E01015399,0,1
2024631472935,2024,631472935,1,9,0,-1,19,6,2,-1,0,0,1,4,0,0,3,1,-1,6,1,35,6,1991,2,13,MERCEDES A CLASS,1,W01000606,0,1
2024131487474,2024,131487474,1,9,0,-1,9,5,7,-1,0,0,0,0,0,0,1,1,-1,7,2,40,7,1796,2,11,MERCEDES A CLASS,1,E01010617,0,1
2024461422594,2024,461422594,1,9,0,-1,19,4,1,-1,0,0,0,0,0,0,3,9,-1,9,2,61,9,1991,2,16,MERCEDES A CLASS,7,E01016119,0,1
2024131480263,2024,131480263,2,9,0,-1,19,1,1,-1,0,8,0,10,0,0,4,1,-1,6,2,23,5,1332,1,3,MERCEDES A CLASS,9,E01011385,0,2
2024010541245,2024,010541245,2,9,0,18,19,7,3,0,0,1,0,0,0,0,4,1,6,6,1,77,11,1332,8,0,MERCEDES A CLASS,-1,-1,0,-1
2024201469035,2024,201469035,1,9,0,-1,19,7,4,-1,0,0,1,0,0,0,1,1,-1,6,2,21,5,1461,2,9,MERCEDES A CLASS,4,E01010100,0,1
2024010530276,2024,010530276,1,9,9,99,99,9,9,99,99,9,9,99,9,99,9,9,6,6,2,37,7,1332,1,3,MERCEDES A CLASS,4,E01001469,0,2
2024010538967,2024,010538967,2,9,0,5,5,5,1,0,0,1,1,0,0,0,1,1,6,6,2,61,9,1699,1,17,MERCEDES A CLASS,8,E01001927,0,1
2024010519941,2024,010519941,1,9,0,99,99,9,9,99,99,9,9,99,9,99,2,9,6,6,2,33,6,1595,1,11,MERCEDES A CLASS,6,E01034486,0,1
2024201491883,2024,201491883,2,9,0,-1,2,0,0,-1,0,0,0,0,0,0,2,1,-1,6,2,22,5,1461,2,6,MERCEDES A CLASS,1,E01010374,0,1
2024061532781,2024,061532781,2,9,0,-1,6,-1,-1,-1,99,5,5,99,0,0,1,1,-1,6,1,-1,-1,2143,2,6,MERCEDES A CLASS,3,E01025391,0,3
2024461487975,2024,461487975,1,9,0,-1,19,3,7,-1,0,1,0,0,0,0,1,1,-1,9,2,29,6,1461,2,10,MERCEDES A CLASS,9,E01024773,0,1
2024471412825,2024,471412825,1,9,0,-1,9,3,1,-1,0,8,0,0,0,0,3,1,-1,2,2,26,6,1796,2,11,MERCEDES A CLASS,6,E01020926,0,1
2024302401505,2024,302401505,3,9,0,18,19,1,5,0,0,0,0,0,0,0,2,1,6,6,2,62,9,1332,1,3,MERCEDES A CLASS,8,E01028060,0,3
2024311439451,2024,311439451,1,9,0,-1,7,4,6,-1,0,5,0,0,0,0,1,1,-1,6,1,27,6,1461,2,6,MERCEDES A CLASS,-1,-1,0,-1
2024131504442,2024,131504442,1,9,0,-1,9,7,5,-1,4,8,0,0,0,0,1,1,-1,6,3,-1,-1,1595,1,10,MERCEDES A CLASS,-1,-1,0,-1
2024010539196,2024,010539196,2,9,0,18,19,3,7,0,0,1,0,0,0,0,1,1,6,6,1,30,6,2143,2,7,MERCEDES A CLASS,7,E01000683,0,3
2024061470921,2024,061470921,2,9,0,-1,9,-1,-1,-1,0,6,0,0,0,0,3,1,-1,6,2,-1,-1,1461,2,11,MERCEDES A CLASS,2,E01005661,0,1
2024141527714,2024,141527714,1,9,0,-1,4,5,3,-1,0,1,0,0,0,0,2,1,-1,9,1,31,6,2143,2,9,MERCEDES A CLASS,1,E01007543,0,1
2024201434797,2024,201434797,2,9,0,-1,19,2,6,-1,0,1,0,0,0,0,3,9,-1,9,1,23,5,2143,2,6,MERCEDES A CLASS,1,E01009362,0,1
2024411429697,2024,411429697,2,9,0,-1,5,3,7,-1,0,1,0,0,0,0,3,1,-1,6,2,62,9,1461,2,7,MERCEDES A CLASS,10,E01023449,0,3
2024010526106,2024,010526106,2,9,0,18,19,5,1,0,0,1,0,0,0,0,3,1,6,6,1,67,10,1332,1,5,MERCEDES A CLASS,9,E01002210,0,1
2024361448848,2024,361448848,3,9,0,-1,3,6,2,-1,0,0,0,0,0,0,2,1,-1,2,2,22,5,1332,8,2,MERCEDES A CLASS,6,E01029060,0,5
2024201530392,2024,201530392,1,9,0,-1,19,6,5,-1,0,0,0,0,0,0,1,9,-1,6,3,30,6,1461,2,6,MERCEDES A CLASS,-1,-1,0,-1
2024430579567,2024,430579567,2,9,0,18,19,1,5,0,0,0,0,0,0,0,4,1,6,6,2,32,6,1595,1,6,MERCEDES A CLASS,9,E01016269,0,1
2024201451709,2024,201451709,1,9,0,-1,9,5,3,-1,0,6,0,0,0,0,1,1,-1,6,-1,-1,-1,1991,2,16,MERCEDES A CLASS,-1,-1,0,-1
2024430312889,2024,430312889,2,9,0,13,13,7,3,0,0,8,0,10,4,1,1,1,6,6,1,23,5,1991,1,7,MERCEDES A CLASS,9,E01017406,0,3
2024471404449,2024,471404449,2,9,0,-1,19,1,5,-1,0,1,0,0,0,0,4,1,-1,9,1,28,6,1332,1,4,MERCEDES A CLASS,6,E01031452,0,1
2024371434878,2024,371434878,1,9,0,-1,19,4,8,-1,0,1,0,0,0,0,3,1,-1,6,2,22,5,1461,2,8,MERCEDES A CLASS,6,E01029876,0,4
2024201427271,2024,201427271,1,9,0,-1,3,7,3,-1,0,0,0,0,0,0,2,9,-1,6,1,24,5,1461,2,6,MERCEDES A CLASS,1,E01009612,0,1
2024430598162,2024,430598162,2,9,0,11,11,2,6,0,0,8,0,0,0,0,1,1,6,6,3,-1,-1,1332,1,3,MERCEDES A CLASS,-1,-1,0,-1
2024542867924,2024,542867924,1,9,0,13,13,8,4,0,0,0,0,0,0,0,1,1,6,6,2,59,9,2035,1,18,MERCEDES A CLASS,7,E01032110,0,2
2024010518840,2024,010518840,1,9,0,99,99,9,9,99,99,0,9,99,9,99,1,1,6,6,2,27,6,1332,1,5,MERCEDES A CLASS,4,E01001397,0,1
2024010503998,2024,010503998,2,9,0,18,19,1,5,0,0,0,0,4,0,0,1,1,2,2,2,28,6,1461,2,6,MERCEDES A CLASS,4,E01001674,0,1
2024131424733,2024,131424733,1,9,0,-1,19,1,1,-1,0,1,0,0,0,0,1,1,-1,9,1,40,7,1332,8,4,MERCEDES A CLASS,3,E01033900,0,1
2024010500984,2024,010500984,1,9,0,99,99,9,9,99,99,0,9,99,9,99,2,9,2,2,2,53,8,1461,2,4,MERCEDES A CLASS,9,E01023999,0,4
2024622400545,2024,622400545,1,9,0,15,15,7,3,0,0,0,1,0,1,9,1,1,6,6,1,22,5,1595,1,6,MERCEDES A CLASS,2,W01001810,0,1
2024401498320,2024,401498320,2,9,-1,-1,19,-1,-1,-1,0,0,0,0,0,0,3,1,-1,2,2,45,7,1461,2,9,MERCEDES A CLASS,3,E01015701,0,1
2024010515959,2024,010515959,1,9,0,99,99,9,9,99,99,9,9,99,9,99,9,9,2,2,2,27,6,1461,2,4,MERCEDES A CLASS,6,E01003223,0,1
2024991532076,2024,991532076,1,9,0,-1,19,8,5,-1,0,0,0,0,0,0,1,1,-1,9,1,22,5,1332,1,1,MERCEDES A CLASS,9,-1,0,4
2024131513668,2024,131513668,1,9,0,-1,19,3,7,-1,0,0,0,0,0,0,1,1,-1,9,1,33,6,2143,2,10,MERCEDES A CLASS,1,E01010609,0,1
2024332400418,2024,332400418,1,9,0,-1,19,3,7,-1,0,1,0,0,0,0,4,1,-1,1,2,29,6,1461,2,7,MERCEDES A CLASS,7,E01025654,0,2
2024061526823,2024,061526823,2,9,0,-1,7,3,7,-1,99,0,0,0,6,0,0,2,-1,6,3,-1,-1,1461,2,5,MERCEDES A CLASS,-1,-1,0,-1
2024201444690,2024,201444690,1,9,0,-1,19,1,5,-1,0,0,5,10,0,0,1,1,-1,6,1,30,6,1950,2,3,MERCEDES A CLASS,-1,-1,0,-1
2024991485137,2024,991485137,1,9,0,-1,4,4,8,-1,0,1,0,0,0,0,1,1,-1,6,1,50,8,2143,2,11,MERCEDES A CLASS,1,-1,0,1
2024332400182,2024,332400182,1,9,0,-1,19,2,7,-1,0,0,0,0,1,4,4,1,-1,9,2,19,4,1333,1,6,MERCEDES A CLASS,6,E01001201,0,5
2024461492439,2024,461492439,2,9,0,-1,4,8,4,-1,0,0,0,0,0,0,2,1,-1,7,2,38,7,1332,1,5,MERCEDES A CLASS,1,E01016031,0,1
2024010533115,2024,010533115,1,9,0,4,4,1,5,0,0,0,0,0,0,0,4,1,6,6,1,17,4,1332,1,6,MERCEDES A CLASS,8,E01000314,0,1
2024411485025,2024,411485025,1,9,-1,-1,-1,-1,-1,-1,-1,0,-1,-1,-1,0,-1,9,-1,6,2,-1,-1,1332,8,3,MERCEDES A CLASS,-1,-1,0,-1
2024010526810,2024,010526810,2,9,0,99,99,9,9,99,99,0,9,99,9,99,1,9,6,6,3,-1,-1,1461,2,9,MERCEDES A CLASS,3,E01003917,0,1
2024010549569,2024,010549569,1,9,0,4,4,4,8,0,0,0,0,0,0,0,2,1,2,2,1,24,5,1332,1,5,MERCEDES A CLASS,-1,-1,0,-1
2024052402301,2024,052402301,2,9,0,4,4,2,5,0,0,0,0,0,0,0,2,1,6,6,1,28,6,2143,2,6,MERCEDES A CLASS,1,E01006875,0,1
2024211425711,2024,211425711,2,9,0,-1,19,5,1,-1,0,8,0,0,0,0,1,9,-1,6,1,41,7,1950,2,3,MERCEDES A CLASS,9,E01010497,0,3
2024131405317,2024,131405317,2,9,0,-1,19,3,7,-1,0,8,0,0,0,0,3,1,-1,9,2,50,8,2143,2,9,MERCEDES A CLASS,1,E01011360,0,1
2024501404024,2024,501404024,1,9,0,-1,9,5,1,-1,0,6,0,0,0,0,3,1,-1,9,1,41,7,1991,1,11,MERCEDES A CLASS,7,E01014505,0,4
2024461481339,2024,461481339,1,9,0,-1,9,7,3,-1,0,1,0,0,0,0,1,1,-1,9,2,45,7,1461,2,6,MERCEDES A CLASS,5,E01024023,0,4
2024131454631,2024,131454631,1,9,0,-1,19,5,5,-1,0,8,0,0,0,0,1,1,-1,6,2,25,5,2143,2,6,MERCEDES A CLASS,6,E01010636,0,1
2024131508269,2024,131508269,1,9,0,-1,19,8,4,-1,0,8,0,0,0,0,2,1,-1,6,2,24,5,1461,2,8,MERCEDES A CLASS,1,E01011342,0,1
2024010525875,2024,010525875,2,9,9,99,99,9,9,99,99,9,9,99,9,99,9,9,6,6,1,56,9,1333,1,6,MERCEDES A CLASS,3,E01004746,0,1
2024061420286,2024,061420286,1,9,0,-1,19,4,8,-1,0,1,0,0,0,0,1,1,-1,6,3,-1,-1,2143,2,8,MERCEDES A CLASS,-1,-1,0,-1
2024201458229,2024,201458229,2,9,0,-1,5,4,5,-1,0,6,0,0,0,0,3,9,-1,6,-1,48,8,1498,1,12,MERCEDES A CLASS,1,E01009326,0,2
2024010551390,2024,010551390,2,9,0,99,99,9,9,99,99,0,9,8,9,99,4,9,6,6,3,40,7,1461,2,8,MERCEDES A CLASS,5,E01016158,0,4
2024201458319,2024,201458319,1,9,0,-1,9,1,7,-1,0,6,0,0,0,0,4,1,-1,6,2,33,6,1332,1,2,MERCEDES A CLASS,2,E01010449,0,1
2024351528651,2024,351528651,2,9,-1,-1,-1,-1,-1,-1,-1,0,-1,-1,-1,0,1,9,-1,6,1,21,5,2143,2,7,MERCEDES A CLASS,5,E01030210,0,5
2024131529610,2024,131529610,1,9,0,-1,1,4,8,-1,9,1,0,0,0,0,2,1,-1,6,3,-1,-1,1461,2,10,MERCEDES A CLASS,-1,-1,0,-1
2024549406724,2024,549406724,1,9,0,18,19,1,5,0,0,1,0,0,0,0,1,1,6,6,1,56,9,2143,2,7,MERCEDES A CLASS,8,E01022423,0,4
2024010522167,2024,010522167,1,9,9,99,99,9,9,99,99,9,9,99,9,99,9,9,6,6,3,-1,-1,1332,1,5,MERCEDES A CLASS,-1,-1,0,-1
2024320736856,2024,320736856,1,9,0,-1,-1,2,6,0,0,0,0,0,0,0,1,1,-1,-1,2,25,5,1332,1,5,MERCEDES A CLASS,4,E01026254,0,3
2024201469072,2024,201469072,1,9,0,-1,7,6,2,-1,0,8,0,10,1,11,4,1,-1,9,2,42,7,1332,8,3,MERCEDES A CLASS,1,E01010484,0,1
2024421412681,2024,421412681,2,9,0,-1,2,5,1,-1,0,2,0,4,0,0,1,2,-1,6,-1,-1,-1,1332,8,4,MERCEDES A CLASS,-1,-1,0,-1
2024141426454,2024,141426454,2,9,0,-1,19,6,2,-1,0,0,0,0,0,0,2,1,-1,9,2,25,5,1461,2,7,MERCEDES A CLASS,6,E01007565,0,4
2024622400884,2024,622400884,1,9,0,18,19,3,5,0,0,4,0,0,0,0,1,1,6,6,1,78,11,1689,2,21,MERCEDES A CLASS,9,W01000786,0,1
2024471470201,2024,471470201,1,9,0,-1,19,7,3,-1,0,0,1,0,6,4,1,1,-1,9,2,80,11,1991,2,14,MERCEDES A CLASS,5,E01021097,0,1
2024010532852,2024,010532852,2,9,0,10,10,4,1,0,0,1,0,0,0,0,4,1,3,7,2,37,7,1498,1,15,MERCEDES A CLASS,2,E01003984,0,1
2024061525678,2024,061525678,1,9,0,-1,9,2,8,-1,0,2,0,0,0,0,3,1,-1,9,1,45,7,1991,1,10,MERCEDES A CLASS,1,E01005383,0,1
2024010544258,2024,010544258,1,9,0,16,19,3,7,0,0,3,0,0,0,0,1,1,6,6,2,21,5,1461,2,5,MERCEDES A CLASS,2,E01001328,0,1
2024052400392,2024,052400392,1,9,0,14,14,5,1,0,0,6,0,0,0,0,2,1,2,2,2,54,8,1332,1,1,MERCEDES A CLASS,6,E01006988,0,2
2024101425725,2024,101425725,2,9,-1,-1,19,5,1,-1,0,1,0,0,0,0,2,9,-1,9,1,38,7,1991,1,5,MERCEDES A CLASS,3,E01008717,0,1
2024991514921,2024,991514921,2,9,0,-1,4,5,1,-1,0,0,0,0,0,0,2,1,-1,6,2,23,5,1461,2,7,MERCEDES A CLASS,1,-1,0,2
2024320503132,2024,320503132,1,9,0,9,9,3,5,0,0,6,0,0,0,0,3,1,6,6,1,27,6,1461,2,8,MERCEDES A CLASS,8,E01013248,0,4
2024610026324,2024,610026324,1,9,0,9,9,1,7,0,0,8,0,0,0,0,1,1,6,6,1,25,5,1950,2,2,MERCEDES A CLASS,1,W01001652,0,1
2024302400799,2024,302400799,2,9,0,18,19,5,1,0,0,1,5,0,0,0,4,1,6,6,2,74,10,1498,1,13,MERCEDES A CLASS,9,E01019618,0,1
2024471487848,2024,471487848,1,9,0,-1,19,7,3,-1,0,1,2,0,1,3,4,1,-1,9,2,19,4,1595,1,11,MERCEDES A CLASS,8,E01021115,0,1
2024010517633,2024,010517633,2,9,0,18,19,7,3,0,0,8,1,4,0,0,1,1,6,6,1,29,6,1595,1,9,MERCEDES A CLASS,4,E01002101,0,1
2024340NN9082,2024,340NN9082,3,9,0,-1,19,1,5,-1,0,1,0,0,0,0,3,1,-1,9,1,30,6,1991,1,11,MERCEDES A CLASS,1,E01035413,0,2
2024061400388,2024,061400388,1,9,0,-1,19,1,5,-1,0,8,0,0,0,0,1,1,-1,2,1,34,6,1950,2,5,MERCEDES A CLASS,1,E01006241,0,1
2024311403400,2024,311403400,1,9,0,-1,19,4,4,-1,0,6,0,10,0,0,4,1,-1,9,2,23,5,2143,2,11,MERCEDES A CLASS,2,E01013908,0,3
2024501421880,2024,501421880,1,9,0,-1,19,3,7,-1,0,2,0,0,0,0,4,1,-1,2,2,44,7,2143,2,10,MERCEDES A CLASS,6,E01034625,0,2
2024991497215,2024,991497215,1,9,0,-1,19,2,6,-1,0,4,0,0,0,0,2,1,-1,6,1,19,4,1461,2,7,MERCEDES A CLASS,-1,-1,0,-1
2024311428124,2024,311428124,1,9,0,-1,19,5,1,-1,0,0,1,0,1,0,1,1,-1,6,2,27,6,1461,2,6,MERCEDES A CLASS,5,E01028305,0,1
2024141431947,2024,141431947,2,9,0,-1,9,1,6,-1,0,1,0,0,0,0,1,1,-1,2,1,42,7,1991,1,6,MERCEDES A CLASS,8,E01007423,0,1
2024401519879,2024,401519879,2,9,0,-1,3,5,1,-1,0,1,0,0,0,0,2,9,-1,6,1,34,6,2143,2,8,MERCEDES A CLASS,4,E01015784,0,1
2024421468176,2024,421468176,1,9,0,-1,7,7,2,-1,0,2,0,0,0,0,3,1,-1,9,1,23,5,2143,2,8,MERCEDES A CLASS,4,E01021956,0,1
2024311422058,2024,311422058,1,9,0,-1,19,2,6,-1,0,4,0,0,0,0,1,9,-1,7,2,33,6,1461,2,10,MERCEDES A CLASS,-1,-1,0,-1
2024451531084,2024,451531084,1,9,0,-1,19,5,1,-1,0,0,0,0,0,0,4,1,-1,1,2,61,9,1461,2,10,MERCEDES A CLASS,5,E01030984,0,2