collision_index,collision_year,collision_ref_no,vehicle_reference,vehicle_type,towing_and_articulation,vehicle_manoeuvre_historic,vehicle_manoeuvre,vehicle_direction_from,vehicle_direction_to,vehicle_location_restricted_lane_historic,vehicle_location_restricted_lane,junction_location,skidding_and_overturning,hit_object_in_carriageway,vehicle_leaving_carriageway,hit_object_off_carriageway,first_point_of_impact,vehicle_left_hand_drive,journey_purpose_of_driver_historic,journey_purpose_of_driver,sex_of_driver,age_of_driver,age_band_of_driver,engine_capacity_cc,propulsion_code,age_of_vehicle,generic_make_model,driver_imd_decile,lsoa_of_driver,escooter_flag,driver_distance_banding
2024440270833,2024,440270833,1,9,0,18,19,1,5,0,0,2,0,0,0,0,3,1,6,6,1,61,9,1992,2,18,MERCEDES A CLASS,10,E01022590,0,3
2024451425383,2024,451425383,1,9,0,-1,9,5,1,-1,0,0,0,0,0,0,4,1,-1,2,2,46,8,1461,2,9,MERCEDES A CLASS,7,E01023113,0,1
2024061456145,2024,061456145,2,9,-1,-1,-1,-1,-1,-1,-1,-1,-1,-1,-1,0,-1,9,-1,6,2,-1,-1,2143,2,9,MERCEDES A CLASS,8,E01005493,0,3
2024320699324,2024,320699324,3,9,0,4,4,8,4,0,0,1,0,0,0,0,2,1,6,6,2,52,8,1992,2,19,MERCEDES A CLASS,4,E01026025,0,3
2024010502387,2024,010502387,1,9,0,7,7,5,7,0,0,1,0,0,0,0,4,1,6,6,1,30,6,2084,1,21,MERCEDES A CLASS,8,E01000985,0,3
2024411419712,2024,411419712,1,9,0,-1,19,1,5,-1,0,0,1,0,7,6,1,1,-1,2,2,29,6,1991,1,9,MERCEDES A CLASS,3,E01015737,0,3
2024041452438,2024,041452438,1,9,0,-1,19,5,1,-1,0,0,0,0,0,0,1,1,-1,2,2,23,5,1332,1,3,MERCEDES A CLASS,7,E01004974,0,4
2024520401886,2024,520401886,1,9,0,18,19,5,1,0,0,0,0,4,0,0,4,1,6,6,1,39,7,1461,2,8,MERCEDES A CLASS,2,E01029110,0,1
2024010508924,2024,010508924,1,9,0,18,19,1,5,9,9,0,1,0,0,0,1,1,6,6,1,20,4,2143,2,7,MERCEDES A CLASS,2,E01000951,0,1
2024161409300,2024,161409300,1,9,0,-1,4,3,8,-1,0,1,0,0,0,0,1,9,-1,1,2,25,5,2143,2,6,MERCEDES A CLASS,9,E01013123,0,4
2024430394043,2024,430394043,2,9,0,4,4,7,3,0,0,0,0,0,0,0,2,1,6,6,1,-1,-1,1595,1,10,MERCEDES A CLASS,10,E01028696,0,1
2024320329836,2024,320329836,1,9,0,-1,-1,1,5,0,0,6,0,0,0,0,1,1,-1,-1,2,52,8,1992,2,19,MERCEDES A CLASS,4,E01026025,0,1
2024340WN4372,2024,340WN4372,2,9,0,-1,19,1,5,-1,0,8,0,0,0,0,1,1,-1,2,2,50,8,1461,2,7,MERCEDES A CLASS,8,E01027164,0,1
2024010535233,2024,010535233,2,9,0,4,4,5,1,0,0,0,0,0,1,11,2,1,6,6,2,22,5,1461,2,5,MERCEDES A CLASS,3,E01003979,0,3
2024552400708,2024,552400708,1,9,0,14,14,2,4,0,0,6,0,0,0,0,4,1,6,6,2,25,5,1461,2,6,MERCEDES A CLASS,5,E01015372,0,1
2024010525727,2024,010525727,2,9,0,5,5,1,5,0,0,2,0,0,0,0,4,1,6,6,1,26,6,1595,1,7,MERCEDES A CLASS,2,E01000098,0,2
2024141397261,2024,141397261,1,9,0,-1,19,7,3,-1,0,6,0,0,0,0,1,9,-1,6,2,28,6,1461,2,9,MERCEDES A CLASS,2,E01007849,0,1
2024471496380,2024,471496380,2,9,0,-1,2,0,0,-1,0,1,0,0,0,0,2,1,-1,6,-1,-1,-1,1595,1,8,MERCEDES A CLASS,-1,-1,0,-1
2024311421194,2024,311421194,2,9,0,-1,19,6,2,-1,0,0,0,0,0,0,3,1,-1,6,1,32,6,1461,2,6,MERCEDES A CLASS,10,E01028139,0,2
2024411455629,2024,411455629,1,9,0,-1,19,1,6,-1,0,2,0,0,0,0,1,1,-1,2,1,37,7,1332,1,5,MERCEDES A CLASS,7,E01023345,0,1
2024070899819,2024,070899819,3,9,0,-1,19,7,3,-1,0,0,0,0,1,0,3,1,-1,2,2,28,6,1332,1,4,MERCEDES A CLASS,10,E01012503,0,3
2024401538906,2024,401538906,2,9,0,-1,4,5,1,-1,0,1,0,0,0,0,1,1,-1,6,2,29,6,1461,2,8,MERCEDES A CLASS,6,E01016737,0,3
2024010518015,2024,010518015,1,9,0,18,19,5,1,0,0,1,0,7,0,0,1,1,6,6,2,75,10,1332,1,4,MERCEDES A CLASS,7,E01002981,0,1
2024201454737,2024,201454737,1,9,0,-1,19,8,4,-1,0,8,0,0,0,0,2,9,-1,6,2,50,8,1333,1,6,MERCEDES A CLASS,9,E01010183,0,2
2024351402177,2024,351402177,1,9,0,-1,5,3,7,-1,0,4,0,0,0,0,3,1,-1,6,1,24,5,1332,1,4,MERCEDES A CLASS,7,E01018000,0,1
2024451469538,2024,451469538,2,9,0,-1,19,1,5,-1,0,0,0,0,0,0,1,1,-1,6,2,34,6,1595,1,9,MERCEDES A CLASS,9,E01030358,0,1
2024501411355,2024,501411355,1,9,0,-1,19,5,8,-1,0,1,0,0,0,0,1,1,-1,6,2,25,5,1332,1,5,MERCEDES A CLASS,2,E01015239,0,2
2024421397337,2024,421397337,1,9,0,-1,5,8,5,-1,0,8,0,0,0,0,3,1,-1,6,1,57,9,1332,1,3,MERCEDES A CLASS,4,E01022024,0,1
2024440050498,2024,440050498,1,9,0,18,19,2,6,0,0,1,0,0,0,0,1,1,6,6,2,39,7,1332,1,3,MERCEDES A CLASS,8,E01023048,0,3
2024421499844,2024,421499844,2,9,0,-1,2,0,0,-1,9,0,0,0,0,0,4,1,-1,6,-1,-1,-1,1332,8,1,MERCEDES A CLASS,-1,-1,0,-1
2024451456290,2024,451456290,1,9,0,-1,6,5,1,-1,0,0,0,0,8,4,4,1,-1,9,2,32,6,1397,1,20,MERCEDES A CLASS,4,E01016157,0,4
2024010543844,2024,010543844,1,9,0,18,19,3,7,0,0,8,0,0,0,0,4,1,6,6,2,23,5,1461,2,7,MERCEDES A CLASS,2,E01000508,0,1
2024041408270,2024,041408270,1,9,0,-1,19,3,7,-1,0,0,0,0,0,0,3,1,-1,9,1,25,5,1332,8,4,MERCEDES A CLASS,2,E01025244,0,1
2024141426352,2024,141426352,2,9,0,-1,4,8,4,-1,0,0,0,0,0,0,0,9,-1,6,3,-1,-1,1461,2,8,MERCEDES A CLASS,-1,-1,0,-1
2024552400984,2024,552400984,1,9,0,9,9,6,4,0,0,8,0,0,0,0,4,1,2,2,2,20,4,1461,2,10,MERCEDES A CLASS,10,E01015295,0,2
2024421440764,2024,421440764,1,9,0,-1,19,3,7,-1,0,0,0,0,0,0,1,1,-1,6,3,-1,-1,1595,1,10,MERCEDES A CLASS,-1,-1,0,-1
2024031476621,2024,031476621,3,9,0,-1,19,1,5,-1,0,0,0,0,0,0,0,1,-1,9,2,33,6,1461,2,6,MERCEDES A CLASS,-1,-1,0,-1
2024122400737,2024,122400737,3,9,0,2,2,0,0,0,0,1,0,0,0,0,0,1,6,6,3,-1,-1,1332,1,1,MERCEDES A CLASS,-1,-1,0,-1
2024131524633,2024,131524633,1,9,0,-1,19,6,2,-1,0,2,1,0,1,2,1,1,-1,9,2,25,5,2143,2,8,MERCEDES A CLASS,1,E01005429,0,4
2024991520590,2024,991520590,1,9,0,-1,14,6,8,-1,0,6,0,4,0,0,4,2,-1,6,2,34,6,1332,1,4,MERCEDES A CLASS,-1,-1,0,-1
2024131448544,2024,131448544,2,9,0,-1,19,6,2,-1,0,0,0,0,0,0,1,1,-1,6,1,46,8,1332,8,2,MERCEDES A CLASS,8,E01030655,0,5
2024520402481,2024,520402481,2,9,0,4,4,7,3,0,0,0,0,0,0,0,2,1,6,6,1,50,8,1332,8,4,MERCEDES A CLASS,4,E01035117,0,3
2024411472398,2024,411472398,2,9,0,-1,10,7,3,-1,0,5,0,0,0,0,2,1,-1,2,1,34,6,1595,1,6,MERCEDES A CLASS,8,E01033028,0,1
2024131439303,2024,131439303,2,9,0,-1,2,0,0,-1,9,0,0,0,0,0,3,1,-1,6,-1,-1,-1,1461,2,5,MERCEDES A CLASS,-1,-1,0,-1
2024010518398,2024,010518398,2,9,0,99,99,9,9,99,99,9,9,99,9,99,1,9,6,6,3,-1,-1,2143,2,9,MERCEDES A CLASS,-1,-1,0,-1
2024430546409,2024,430546409,1,9,0,8,8,5,8,0,0,6,0,0,0,0,2,1,6,6,2,19,4,1397,1,21,MERCEDES A CLASS,7,E01028612,0,1
2024052400123,2024,052400123,2,9,0,18,19,4,8,0,0,0,0,0,0,0,3,1,6,6,1,36,7,2143,2,7,MERCEDES A CLASS,8,E01006580,0,3
2024010518941,2024,010518941,1,9,0,18,19,5,1,0,0,0,0,0,0,0,1,1,6,6,1,21,5,1461,2,7,MERCEDES A CLASS,5,E01002119,0,4
2024461431998,2024,461431998,1,9,0,-1,7,5,8,-1,9,0,1,0,7,0,1,1,-1,9,1,17,4,1461,2,6,MERCEDES A CLASS,7,E01035286,0,1
2024201474463,2024,201474463,1,9,0,-1,13,6,2,-1,0,0,1,10,1,0,1,1,-1,6,1,18,4,1332,1,4,MERCEDES A CLASS,1,E01009047,0,1
2024311427920,2024,311427920,1,9,0,-1,-1,-1,-1,-1,0,0,0,0,0,0,-1,1,-1,6,2,34,6,1461,2,9,MERCEDES A CLASS,2,E01013917,0,1
2024411404310,2024,411404310,2,9,0,-1,19,7,3,-1,0,0,0,0,0,0,1,9,-1,1,1,27,6,1332,1,6,MERCEDES A CLASS,8,E01023872,0,1
2024041455626,2024,041455626,5,9,0,-1,19,3,7,-1,0,0,0,0,0,0,1,1,-1,2,1,35,6,1332,1,5,MERCEDES A CLASS,8,E01012613,0,1
2024010544772,2024,010544772,4,9,0,18,19,7,3,1,1,1,1,0,0,0,1,1,6,6,2,52,8,1332,1,4,MERCEDES A CLASS,9,E01001416,0,1
2024010516683,2024,010516683,1,9,0,8,8,1,4,0,0,1,0,0,0,0,1,1,6,6,1,23,5,1332,1,5,MERCEDES A CLASS,6,E01000920,0,1
2024010549389,2024,010549389,1,9,0,4,4,3,7,0,0,8,0,0,0,0,1,1,6,6,2,37,7,1950,2,4,MERCEDES A CLASS,4,E01001946,0,1
2024010549947,2024,010549947,1,9,0,18,19,1,5,0,0,1,0,0,0,0,1,1,6,6,2,44,7,1595,1,6,MERCEDES A CLASS,10,E01000794,0,1
2024430224146,2024,430224146,2,9,0,9,9,0,0,0,0,5,0,0,0,0,3,1,6,6,1,-1,-1,1461,2,5,MERCEDES A CLASS,-1,-1,0,-1
2024010496454,2024,010496454,1,9,0,5,5,5,1,0,0,7,0,0,0,0,1,1,6,6,1,29,6,1332,1,5,MERCEDES A CLASS,3,E01021342,0,4
2024010532882,2024,010532882,2,9,9,99,99,9,9,99,99,9,9,99,9,99,9,9,6,6,3,-1,-1,1461,2,6,MERCEDES A CLASS,-1,-1,0,-1
2024201480740,2024,201480740,5,9,0,-1,2,0,0,-1,0,0,0,0,0,0,2,1,-1,6,-1,-1,-1,1950,2,5,MERCEDES A CLASS,-1,-1,0,-1
2024131490670,2024,131490670,1,9,0,-1,5,1,3,-1,0,6,0,0,7,11,1,2,-1,9,1,66,10,1332,8,1,MERCEDES A CLASS,4,E01010633,0,1
2024070464729,2024,070464729,1,9,0,5,5,1,4,0,0,1,0,0,7,0,3,1,6,6,1,54,8,1332,1,3,MERCEDES A CLASS,3,E01012507,0,1
2024201456016,2024,201456016,1,9,0,-1,19,4,8,-1,0,8,0,0,0,0,1,9,-1,6,1,32,6,1991,1,6,MERCEDES A CLASS,4,E01017723,0,5
2024461513241,2024,461513241,4,9,0,-1,19,7,3,-1,0,0,0,0,0,0,2,1,-1,6,1,24,5,1332,8,4,MERCEDES A CLASS,4,E01035007,0,3
2024501461407,2024,501461407,4,9,0,-1,19,7,3,-1,0,2,0,0,0,0,3,1,-1,9,1,24,5,2143,2,8,MERCEDES A CLASS,2,E01015075,0,1
2024311408737,2024,311408737,2,9,0,-1,19,4,4,-1,0,0,0,0,0,0,4,1,-1,9,2,23,5,1461,2,8,MERCEDES A CLASS,8,E01028146,0,4
2024010507838,2024,010507838,2,9,0,9,9,6,4,0,0,8,0,0,0,0,4,1,6,6,2,26,6,1461,2,5,MERCEDES A CLASS,9,E01004281,0,2
2024061496391,2024,061496391,1,9,0,-1,19,-1,-1,-1,0,0,0,0,0,0,3,1,-1,9,1,20,4,1332,1,4,MERCEDES A CLASS,7,E01005644,0,1
2024052402548,2024,052402548,2,9,0,18,19,6,2,0,0,1,0,0,0,0,3,1,6,6,1,40,7,1461,2,6,MERCEDES A CLASS,2,E01006522,0,2
2024320437899,2024,320437899,2,9,0,4,4,6,2,0,0,1,0,0,0,0,2,1,-1,-1,1,60,9,1332,8,3,MERCEDES A CLASS,7,E01026066,0,1
2024141532759,2024,141532759,1,9,0,-1,19,6,2,-1,0,0,0,0,0,0,2,1,-1,6,1,32,6,2143,2,9,MERCEDES A CLASS,4,E01007762,0,3
202417S203724,2024,17S203724,1,9,0,18,19,4,8,0,0,0,1,7,0,0,3,1,6,6,2,38,7,1461,2,8,MERCEDES A CLASS,6,E01012242,0,1
2024461531133,2024,461531133,1,9,0,-1,9,3,7,-1,0,0,0,0,0,0,4,9,-1,6,2,38,7,1991,2,13,MERCEDES A CLASS,4,E01032036,0,5
2024340WN0022,2024,340WN0022,1,9,0,-1,19,1,5,-1,0,0,0,0,0,6,1,1,-1,2,2,28,6,1332,1,5,MERCEDES A CLASS,3,E01010085,0,4
2024041396994,2024,041396994,2,9,0,-1,19,3,7,-1,0,1,0,0,0,0,1,1,-1,2,2,25,5,1461,2,11,MERCEDES A CLASS,4,E01012664,0,1
2024041396903,2024,041396903,2,9,0,-1,19,5,1,-1,0,8,0,0,7,0,2,1,-1,9,2,32,6,1461,2,7,MERCEDES A CLASS,1,E01012657,0,3
2024131483855,2024,131483855,1,9,0,-1,11,7,3,-1,0,0,0,0,0,0,4,1,-1,9,1,34,6,1461,2,6,MERCEDES A CLASS,5,E01011006,0,1
2024311533063,2024,311533063,2,9,0,-1,19,7,3,-1,0,1,0,0,0,0,1,1,-1,6,1,18,4,1595,1,6,MERCEDES A CLASS,2,E01013813,0,2
2024361422434,2024,361422434,3,9,0,-1,2,0,0,-1,0,0,0,0,0,0,3,1,-1,6,-1,-1,-1,1461,2,8,MERCEDES A CLASS,-1,-1,0,-1
2024501498984,2024,501498984,2,9,0,-1,19,2,6,-1,0,0,0,0,0,0,1,1,-1,6,2,54,8,1332,1,6,MERCEDES A CLASS,3,E01018761,0,1
2024061451143,2024,061451143,1,9,0,-1,19,1,5,-1,0,0,0,0,0,0,1,1,-1,1,1,24,5,1332,8,3,MERCEDES A CLASS,1,E01004877,0,1
2024351512195,2024,351512195,1,9,0,-1,3,3,7,-1,0,0,0,0,0,0,1,1,-1,7,2,34,6,1461,2,10,MERCEDES A CLASS,2,E01017948,0,1
2024471509667,2024,471509667,2,9,0,-1,9,5,3,-1,0,6,0,0,0,0,1,9,-1,6,1,23,5,1461,2,7,MERCEDES A CLASS,2,E01001181,0,4
2024371475060,2024,371475060,1,9,0,-1,19,7,3,-1,0,0,5,10,0,0,1,1,-1,1,1,48,8,1332,8,1,MERCEDES A CLASS,7,E01029896,0,1
2024010534975,2024,010534975,1,9,0,18,19,5,1,0,0,0,5,4,0,0,1,1,2,2,2,61,9,1498,1,14,MERCEDES A CLASS,6,E01003703,0,1
2024201482101,2024,201482101,1,9,0,-1,19,4,8,-1,0,8,0,10,3,11,4,1,-1,6,1,19,4,1332,1,3,MERCEDES A CLASS,9,E01010547,0,1
2024401471157,2024,401471157,2,9,0,-1,19,-1,-1,-1,0,0,0,0,0,0,4,9,-1,9,2,36,7,1595,1,8,MERCEDES A CLASS,3,E01015737,0,1
2024010522147,2024,010522147,1,9,0,13,13,5,1,0,0,1,0,0,0,0,1,1,6,6,1,26,6,1595,1,7,MERCEDES A CLASS,4,E01002402,0,1
2024531523472,2024,531523472,4,9,0,-1,4,3,7,-1,0,1,0,0,0,0,2,9,-1,6,2,31,6,1332,1,5,MERCEDES A CLASS,8,E01014953,0,4
2024461395380,2024,461395380,2,9,0,-1,19,1,4,-1,0,6,0,0,0,0,3,1,-1,9,1,40,7,1332,1,5,MERCEDES A CLASS,7,E01024245,0,1
2024010538496,2024,010538496,2,9,0,99,99,9,9,99,99,9,9,99,9,99,9,9,6,6,3,-1,-1,1332,1,5,MERCEDES A CLASS,-1,-1,0,-1
2024440240297,2024,440240297,1,9,0,18,19,2,6,0,0,0,0,0,0,0,3,1,6,6,1,32,6,1461,2,10,MERCEDES A CLASS,2,E01009165,0,5
2024411496986,2024,411496986,2,9,0,-1,19,3,7,-1,0,0,0,0,0,0,1,1,-1,6,1,24,5,1332,8,0,MERCEDES A CLASS,10,E01000186,0,1
2024302400591,2024,302400591,1,9,0,16,19,5,1,0,0,1,0,0,0,0,1,1,2,2,2,29,6,1991,2,12,MERCEDES A CLASS,9,E01008050,0,4
2024131453571,2024,131453571,2,9,0,-1,19,4,8,-1,0,1,0,0,0,0,1,1,-1,9,2,36,7,1461,2,8,MERCEDES A CLASS,2,E01010715,0,2
2024131476326,2024,131476326,2,9,0,-1,19,4,3,-1,0,8,0,0,0,0,1,1,-1,6,2,28,6,2143,2,7,MERCEDES A CLASS,1,E01010807,0,1
2024101455401,2024,101455401,2,9,0,-1,3,8,5,-1,0,1,0,0,0,0,2,1,-1,2,1,53,8,1332,8,2,MERCEDES A CLASS,3,E01008720,0,1
2024361501773,2024,361501773,1,9,0,-1,19,7,3,-1,0,0,0,0,0,0,1,1,-1,9,1,42,7,1991,2,12,MERCEDES A CLASS,8,E01035150,0,1
2024991441535,2024,991441535,1,9,0,-1,5,1,6,-1,0,2,0,0,0,0,1,2,-1,2,2,30,6,2143,2,8,MERCEDES A CLASS,5,-1,0,2
2024010514969,2024,010514969,2,9,0,18,19,3,7,0,0,1,0,0,0,0,1,1,6,6,1,32,6,1595,1,6,MERCEDES A CLASS,-1,-1,0,-1
2024332400926,2024,332400926,3,9,0,-1,13,2,6,-1,0,0,1,0,0,0,4,1,-1,6,2,35,6,1461,2,8,MERCEDES A CLASS,3,E01025715,0,1
2024471498408,2024,471498408,1,9,0,-1,10,2,6,-1,0,1,0,0,0,0,2,1,-1,9,2,49,8,1461,2,8,MERCEDES A CLASS,9,E01031721,0,2
2024052401957,2024,052401957,1,9,0,9,9,2,1,0,0,1,0,0,0,0,1,1,6,6,1,32,6,1461,2,6,MERCEDES A CLASS,2,E01006439,0,1
2024141397775,2024,141397775,2,9,0,-1,4,3,7,-1,0,0,0,0,0,0,2,1,-1,9,1,26,6,1461,2,6,MERCEDES A CLASS,1,E01005389,0,4
2024520401893,2024,520401893,2,9,0,9,9,2,3,0,0,8,0,0,0,0,3,1,6,6,2,47,8,1332,8,1,MERCEDES A CLASS,-1,-1,0,-1
2024351427507,2024,351427507,2,9,0,-1,3,3,7,-1,0,8,0,0,0,0,2,1,-1,9,2,33,6,1461,2,9,MERCEDES A CLASS,10,E01018202,0,4
2024141477891,2024,141477891,3,9,0,-1,9,3,1,-1,0,1,0,0,0,0,1,9,-1,9,2,58,9,1991,1,6,MERCEDES A CLASS,3,E01007777,0,1
2024131458191,2024,131458191,2,9,0,-1,-1,-1,-1,-1,0,1,-1,-1,-1,0,1,1,-1,6,1,-1,-1,1498,1,17,MERCEDES A CLASS,4,E01010756,0,1
2024010538914,2024,010538914,1,9,0,99,99,9,9,99,99,9,9,99,9,99,9,9,6,6,3,-1,-1,1461,2,7,MERCEDES A CLASS,7,E01003763,0,4
2024461486199,2024,461486199,2,9,0,-1,3,3,7,-1,0,0,0,0,0,0,2,1,-1,6,2,22,5,2143,2,9,MERCEDES A CLASS,5,E01024606,0,2
2024101469244,2024,101469244,2,9,0,-1,2,0,0,-1,0,0,0,0,0,0,3,1,-1,7,2,26,6,1332,1,3,MERCEDES A CLASS,1,E01008666,0,1
2024010547881,2024,010547881,1,9,0,99,99,9,9,99,99,9,9,99,9,99,2,9,6,6,2,45,7,1498,1,14,MERCEDES A CLASS,2,E01033737,0,1
2024461511888,2024,461511888,1,9,0,-1,4,5,1,-1,0,0,0,0,0,0,1,1,-1,9,1,20,4,1595,1,9,MERCEDES A CLASS,9,E01010116,0,5
2024421413463,2024,421413463,1,9,0,-1,19,2,6,-1,0,8,0,0,1,0,1,1,-1,6,-1,25,5,1332,1,5,MERCEDES A CLASS,2,E01032565,0,4
2024371484472,2024,371484472,2,9,0,-1,3,8,4,-1,0,1,0,0,0,0,2,1,-1,6,1,42,7,1991,2,15,MERCEDES A CLASS,5,E01026618,0,3
2024010535659,2024,010535659,1,9,0,99,99,9,9,99,99,9,9,99,9,99,9,9,6,6,3,50,8,1699,1,17,MERCEDES A CLASS,4,E01003036,0,3
2024471450224,2024,471450224,2,9,0,-1,13,2,7,-1,0,3,0,0,0,0,4,1,-1,6,1,48,8,1461,2,5,MERCEDES A CLASS,2,E01016906,0,1
2024411492967,2024,411492967,2,9,0,-1,19,-1,-1,-1,0,0,0,0,0,0,2,9,-1,9,2,28,6,1332,8,0,MERCEDES A CLASS,9,E01023479,0,4
2024010543998,2024,010543998,1,9,0,15,15,9,9,99,99,0,9,99,9,99,3,9,6,6,3,-1,-1,1461,2,5,MERCEDES A CLASS,4,E01015926,0,3
2024610006424,2024,610006424,1,9,0,2,2,0,0,0,0,0,0,0,0,0,3,1,6,6,2,21,5,1332,1,4,MERCEDES A CLASS,5,W01001391,0,1
2024361397828,2024,361397828,2,9,0,-1,9,2,6,-1,0,1,0,0,0,0,3,1,-1,2,1,39,7,1332,8,4,MERCEDES A CLASS,8,E01035153,0,1
2024201519948,2024,201519948,1,9,0,-1,7,8,2,-1,0,6,0,0,0,0,1,1,-1,6,1,18,4,1332,1,1,MERCEDES A CLASS,-1,-1,0,-1
2024201413751,2024,201413751,1,9,0,-1,13,2,6,-1,0,1,0,10,1,2,4,1,-1,6,1,26,6,1950,2,3,MERCEDES A CLASS,9,E01029364,0,4
2024991515478,2024,991515478,1,9,0,-1,5,5,8,-1,0,4,0,0,0,0,4,1,-1,9,1,19,4,2143,2,6,MERCEDES A CLASS,3,-1,0,1
2024340WN2172,2024,340WN2172,1,9,0,-1,5,3,7,-1,0,0,0,0,0,0,4,1,-1,6,1,32,6,1332,8,4,MERCEDES A CLASS,-1,-1,0,-1
2024401498463,2024,401498463,1,9,0,-1,5,5,2,-1,0,6,0,0,0,0,4,1,-1,1,1,33,6,1461,2,5,MERCEDES A CLASS,2,E01015759,0,1
2024010501831,2024,010501831,1,9,0,9,9,3,2,0,0,1,0,0,0,0,3,1,2,2,1,58,9,1461,2,7,MERCEDES A CLASS,3,E01000503,0,1
2024991450711,2024,991450711,1,9,0,-1,9,5,3,-1,0,5,0,0,0,0,4,1,-1,9,1,73,10,1332,8,1,MERCEDES A CLASS,3,-1,0,1
2024010555087,2024,010555087,3,9,0,2,2,0,0,0,0,2,0,0,0,0,1,1,6,6,3,-1,-1,1332,1,2,MERCEDES A CLASS,-1,-1,0,-1
2024411459685,2024,411459685,1,9,-1,-1,-1,-1,-1,-1,0,0,0,0,0,0,-1,9,-1,7,2,47,8,1461,2,5,MERCEDES A CLASS,10,E01022062,0,2
2024430218753,2024,430218753,1,9,0,18,19,2,6,0,0,8,0,0,0,0,1,1,6,6,1,75,10,1397,1,21,MERCEDES A CLASS,-1,-1,0,-1
2024461452444,2024,461452444,2,9,0,-1,4,-1,-1,-1,0,7,0,0,0,0,2,9,-1,6,1,25,5,1699,1,19,MERCEDES A CLASS,8,E01024827,0,1
202417M100324,2024,17M100324,1,9,0,18,19,1,5,0,0,1,0,0,0,0,2,1,6,6,2,25,5,1796,2,11,MERCEDES A CLASS,5,E01012140,0,3
2024010535261,2024,010535261,1,9,0,7,7,7,1,0,0,3,5,10,0,0,1,1,6,6,2,19,4,1950,2,4,MERCEDES A CLASS,2,E01000076,0,1
2024101441469,2024,101441469,1,9,0,-1,12,7,3,-1,0,1,0,0,0,0,3,1,-1,6,1,51,8,1991,1,8,MERCEDES A CLASS,9,E01008368,0,3
2024451531887,2024,451531887,2,9,0,-1,4,4,8,-1,0,0,1,0,2,7,2,1,-1,9,2,73,10,1498,1,17,MERCEDES A CLASS,4,E01001909,0,4
2024052402609,2024,052402609,1,9,0,5,5,8,6,0,0,0,0,0,0,0,1,1,1,1,2,50,8,1595,1,6,MERCEDES A CLASS,2,E01007205,0,1
2024991418125,2024,991418125,2,9,0,-1,2,0,0,-1,0,0,0,0,0,0,2,1,-1,6,-1,-1,-1,1332,8,3,MERCEDES A CLASS,-1,-1,0,-1
2024451439672,2024,451439672,1,9,0,-1,4,6,2,-1,0,1,0,10,0,0,1,1,-1,9,2,36,7,1991,2,14,MERCEDES A CLASS,10,E01030691,0,1
2024141511015,2024,141511015,3,9,0,-1,13,6,2,-1,0,0,0,0,0,0,4,1,-1,9,2,22,5,1332,1,1,MERCEDES A CLASS,2,E01008112,0,2
2024010519271,2024,010519271,1,9,0,7,7,5,7,0,0,3,0,0,0,0,1,1,6,6,1,81,11,1332,8,0,MERCEDES A CLASS,7,E01033928,0,3
2024010506039,2024,010506039,2,9,0,18,19,4,8,0,0,9,0,12,9,99,1,1,6,6,3,-1,-1,1950,2,5,MERCEDES A CLASS,-1,-1,0,-1
2024010505082,2024,010505082,2,9,0,99,99,9,9,99,99,9,9,99,9,99,9,9,6,6,3,-1,-1,1598,1,21,MERCEDES A CLASS,-1,-1,0,-1
2024311442770,2024,311442770,1,9,0,-1,7,1,2,-1,9,0,5,0,1,11,1,1,-1,9,2,76,11,1699,1,14,MERCEDES A CLASS,4,E01035383,0,5
2024622400715,2024,622400715,1,9,0,7,7,5,7,0,0,1,0,0,0,0,1,1,6,6,2,41,7,1992,2,16,MERCEDES A CLASS,1,W01000817,0,1
2024101497461,2024,101497461,2,9,0,-1,19,5,1,-1,0,0,0,0,0,0,2,1,-1,2,1,36,7,2143,2,10,MERCEDES A CLASS,3,E01020696,0,4
2024010516430,2024,010516430,2,9,0,18,19,1,5,0,0,7,0,0,0,0,1,1,6,6,2,39,7,1595,1,8,MERCEDES A CLASS,3,E01004341,0,1
2024991531364,2024,991531364,1,9,0,-1,19,3,7,-1,0,0,0,0,0,0,1,1,-1,9,1,19,4,1332,1,5,MERCEDES A CLASS,6,-1,0,4
2024201486942,2024,201486942,2,9,0,-1,3,7,3,-1,0,1,0,0,0,0,3,1,-1,6,1,31,6,1950,2,1,MERCEDES A CLASS,2,E01009414,0,1
2024010506476,2024,010506476,1,9,0,1,1,7,3,9,9,6,0,0,0,0,2,1,6,6,2,24,5,1332,8,4,MERCEDES A CLASS,7,E01004138,0,1
2024041447238,2024,041447238,2,9,0,-1,9,1,3,-1,0,4,0,0,0,0,4,1,-1,9,2,21,5,1498,1,15,MERCEDES A CLASS,10,-1,0,5
2024440017953,2024,440017953,3,9,0,2,2,0,0,0,0,0,0,0,0,0,2,1,6,6,3,-1,-1,1992,2,16,MERCEDES A CLASS,-1,-1,0,-1