collision_index,collision_year,collision_ref_no,vehicle_reference,vehicle_type,towing_and_articulation,vehicle_manoeuvre_historic,vehicle_manoeuvre,vehicle_direction_from,vehicle_direction_to,vehicle_location_restricted_lane_historic,vehicle_location_restricted_lane,junction_location,skidding_and_overturning,hit_object_in_carriageway,vehicle_leaving_carriageway,hit_object_off_carriageway,first_point_of_impact,vehicle_left_hand_drive,journey_purpose_of_driver_historic,journey_purpose_of_driver,sex_of_driver,age_of_driver,age_band_of_driver,engine_capacity_cc,propulsion_code,age_of_vehicle,generic_make_model,driver_imd_decile,lsoa_of_driver,escooter_flag,driver_distance_banding
2024010508874,2024,010508874,1,9,0,99,99,9,9,99,99,9,9,99,9,99,1,9,6,6,1,29,6,1461,2,9,MERCEDES A CLASS,2,E01000051,0,1
2024061495749,2024,061495749,1,9,0,-1,19,7,3,-1,0,1,0,0,0,0,3,1,-1,9,1,59,9,1595,1,7,MERCEDES A CLASS,3,E01006115,0,1
2024010535838,2024,010535838,2,9,0,9,9,5,2,0,0,8,0,0,0,0,3,1,6,6,2,49,8,1498,1,12,MERCEDES A CLASS,3,E01001011,0,1
2024211522574,2024,211522574,2,9,0,-1,19,1,5,-1,0,0,0,0,0,0,2,1,-1,6,1,35,6,1332,8,0,MERCEDES A CLASS,6,E01019196,0,5
2024010509005,2024,010509005,1,9,0,5,5,7,3,0,0,1,0,0,0,0,4,1,6,6,2,75,10,1332,1,4,MERCEDES A CLASS,10,E01003891,0,2
2024461528436,2024,461528436,1,9,0,-1,19,3,8,-1,0,0,0,0,0,0,1,1,-1,9,2,34,6,2143,2,8,MERCEDES A CLASS,4,E01024358,0,1
2024041412860,2024,041412860,1,9,0,-1,19,5,1,-1,0,0,1,0,1,0,1,1,-1,9,2,23,5,1950,2,3,MERCEDES A CLASS,3,E01012708,0,4
2024031424453,2024,031424453,2,9,0,-1,19,3,7,-1,0,0,0,0,0,0,2,1,-1,9,1,22,5,1461,2,8,MERCEDES A CLASS,-1,-1,0,-1
2024041485200,2024,041485200,2,9,0,-1,5,5,1,-1,0,0,0,0,0,0,2,1,-1,6,2,46,8,1461,2,6,MERCEDES A CLASS,2,E01024996,0,2
2024131458621,2024,131458621,1,9,0,-1,19,7,5,-1,0,0,5,0,0,0,4,1,-1,9,1,32,6,1461,2,5,MERCEDES A CLASS,4,E01010633,0,1
2024991396536,2024,991396536,2,9,0,-1,19,8,4,-1,0,8,0,0,0,0,1,1,-1,2,2,34,6,1461,2,7,MERCEDES A CLASS,7,-1,0,2
2024010518576,2024,010518576,1,9,0,18,19,3,7,0,0,1,0,0,0,0,1,1,6,6,2,37,7,1498,1,14,MERCEDES A CLASS,7,E01001231,0,3
2024610033924,2024,610033924,1,9,0,5,5,7,3,0,0,8,0,0,0,0,3,1,6,6,2,26,6,1796,2,10,MERCEDES A CLASS,2,W01001456,0,1
2024332401008,2024,332401008,1,9,0,-1,19,8,4,-1,0,0,0,0,0,0,1,1,-1,6,1,25,5,1595,1,7,MERCEDES A CLASS,9,E01025876,0,3
2024461530373,2024,461530373,1,9,0,-1,7,7,1,-1,0,6,2,0,7,4,3,1,-1,2,2,37,7,1498,1,16,MERCEDES A CLASS,6,E01034989,0,3
2024371497570,2024,371497570,3,9,0,-1,2,0,0,-1,0,0,0,0,0,0,2,1,-1,6,-1,-1,-1,1498,1,13,MERCEDES A CLASS,-1,-1,0,-1
2024311488265,2024,311488265,1,9,0,-1,19,1,5,-1,0,1,0,0,0,0,3,1,-1,9,1,33,6,1796,2,10,MERCEDES A CLASS,3,E01019506,0,2
2024010497546,2024,010497546,1,9,9,99,99,9,9,99,99,9,9,99,9,99,9,9,6,6,2,62,9,1595,1,8,MERCEDES A CLASS,6,E01021473,0,2
2024401458436,2024,401458436,1,9,0,-1,9,4,2,-1,0,8,0,0,0,0,1,1,-1,7,2,28,6,1461,2,6,MERCEDES A CLASS,6,E01017508,0,1
2024471473597,2024,471473597,1,9,0,-1,19,2,5,-1,0,0,0,0,2,9,2,1,-1,9,1,35,6,2143,2,7,MERCEDES A CLASS,6,E01007684,0,5
2024010518422,2024,010518422,2,9,9,2,2,9,9,0,0,9,0,99,0,0,9,9,6,6,3,-1,-1,1595,1,6,MERCEDES A CLASS,-1,-1,0,-1
2024302400981,2024,302400981,2,9,0,11,11,2,8,0,0,8,0,0,0,0,4,1,2,2,2,34,6,1796,2,11,MERCEDES A CLASS,2,E01013552,0,1
2024061476305,2024,061476305,2,9,0,-1,19,2,8,-1,0,1,0,0,1,0,1,1,-1,6,1,30,6,1991,1,8,MERCEDES A CLASS,-1,-1,0,-1
2024610010224,2024,610010224,1,9,0,18,19,6,2,0,0,0,1,0,0,7,1,1,6,6,1,23,5,1332,8,1,MERCEDES A CLASS,-1,-1,0,-1
2024501499725,2024,501499725,1,9,0,-1,19,5,1,-1,0,0,0,0,0,0,3,1,-1,2,2,30,6,2143,2,7,MERCEDES A CLASS,4,E01018929,0,2
2024131490853,2024,131490853,1,9,0,-1,9,1,5,-1,0,1,0,0,0,0,1,1,-1,2,1,40,7,1991,1,5,MERCEDES A CLASS,3,E01010584,0,1
2024361437730,2024,361437730,2,9,0,-1,2,0,0,-1,0,0,0,0,0,0,4,1,-1,6,-1,-1,-1,1332,1,4,MERCEDES A CLASS,-1,-1,0,-1
2024071071357,2024,071071357,1,9,0,-1,9,6,4,-1,0,6,0,0,0,0,2,1,-1,9,2,23,5,1461,2,4,MERCEDES A CLASS,1,E01005135,0,4
2024010503037,2024,010503037,2,9,0,7,7,1,2,0,0,5,0,0,0,0,4,1,6,6,1,21,5,1332,1,5,MERCEDES A CLASS,3,E01003539,0,1
2024201521631,2024,201521631,1,9,0,-1,19,5,8,-1,0,0,0,0,0,0,1,9,-1,9,1,22,5,2143,2,8,MERCEDES A CLASS,1,E01009377,0,1
2024371492239,2024,371492239,1,9,0,-1,4,5,3,-1,0,8,0,10,3,3,1,1,-1,9,1,21,5,1991,1,8,MERCEDES A CLASS,5,E01029928,0,1
2024340NN0632,2024,340NN0632,2,9,0,-1,19,7,3,-1,0,8,0,0,0,0,1,1,-1,9,2,23,5,1461,2,9,MERCEDES A CLASS,8,E01035416,0,2
2024421478279,2024,421478279,1,9,0,-1,19,1,5,-1,0,0,0,0,0,0,3,1,-1,9,1,31,6,1461,2,10,MERCEDES A CLASS,9,E01021828,0,1
2024010533989,2024,010533989,2,9,0,9,9,1,7,7,6,5,0,4,0,0,1,1,6,6,3,-1,-1,1332,1,3,MERCEDES A CLASS,-1,-1,0,-1
2024161410600,2024,161410600,2,9,0,-1,19,2,1,-1,0,1,0,0,0,0,4,1,-1,2,1,40,7,1461,2,6,MERCEDES A CLASS,6,E01017554,0,5
2024010537745,2024,010537745,1,9,0,99,99,9,9,99,99,9,9,99,9,99,1,9,6,6,3,-1,-1,1595,1,7,MERCEDES A CLASS,-1,-1,0,-1
2024010541689,2024,010541689,1,9,0,18,19,1,5,0,0,1,0,0,0,0,1,1,6,6,1,22,5,1332,1,6,MERCEDES A CLASS,2,E01001437,0,1
2024010515571,2024,010515571,2,9,0,99,99,9,9,99,99,9,9,99,9,99,4,9,6,6,1,27,6,1595,1,7,MERCEDES A CLASS,6,E01030737,0,3
2024061483755,2024,061483755,2,9,0,-1,19,5,8,-1,0,0,0,0,0,0,1,1,-1,9,2,27,6,1461,2,5,MERCEDES A CLASS,2,E01005337,0,3
2024471472118,2024,471472118,1,9,0,-1,19,3,7,-1,0,1,0,0,0,0,1,1,-1,6,2,23,5,2143,2,7,MERCEDES A CLASS,3,E01016909,0,1
202454D695524,2024,54D695524,2,9,0,18,19,3,7,0,0,8,0,0,0,0,3,1,1,1,2,48,8,2143,2,7,MERCEDES A CLASS,7,E01033840,0,1
2024041486153,2024,041486153,1,9,0,-1,19,3,7,-1,0,0,0,0,0,0,1,1,-1,2,1,44,7,1461,2,10,MERCEDES A CLASS,4,E01033299,0,4
2024531474104,2024,531474104,1,9,0,-1,19,5,1,-1,0,0,5,0,1,10,1,1,-1,6,2,21,5,1461,2,7,MERCEDES A CLASS,9,E01032396,0,3
2024101481051,2024,101481051,1,9,0,-1,5,3,7,-1,0,0,0,0,0,0,1,1,-1,6,1,21,5,1461,2,5,MERCEDES A CLASS,5,E01020772,0,4
2024461471373,2024,461471373,1,9,0,-1,5,4,5,-1,0,0,0,0,0,0,4,1,-1,6,1,20,4,1332,1,6,MERCEDES A CLASS,1,E01024658,0,2
2024991430636,2024,991430636,1,9,0,-1,19,5,1,-1,0,3,0,0,3,11,1,1,-1,6,1,18,4,1332,8,3,MERCEDES A CLASS,-1,-1,0,-1
2024131495515,2024,131495515,1,9,0,-1,9,1,3,-1,0,5,0,0,7,0,3,1,-1,6,2,50,8,1461,2,8,MERCEDES A CLASS,1,E01010733,0,1
2024131518865,2024,131518865,2,9,0,-1,5,4,8,-1,0,8,0,0,0,0,3,1,-1,2,2,41,7,1332,1,6,MERCEDES A CLASS,7,E01011393,0,1
2024061458836,2024,061458836,2,9,0,-1,15,-1,-1,-1,0,0,0,0,0,0,1,1,-1,6,2,-1,-1,1461,2,7,MERCEDES A CLASS,-1,-1,0,-1
2024421417215,2024,421417215,2,9,0,-1,2,0,0,-1,0,0,0,0,0,0,2,1,-1,6,3,-1,-1,1595,1,7,MERCEDES A CLASS,-1,-1,0,-1
2024161438867,2024,161438867,2,9,0,-1,3,3,7,-1,0,0,0,4,0,0,2,1,-1,6,2,35,6,2143,2,9,MERCEDES A CLASS,7,E01013167,0,2
2024010532506,2024,010532506,1,9,0,18,19,3,7,0,0,2,0,0,0,0,2,1,2,2,2,45,7,1461,2,7,MERCEDES A CLASS,3,E01003357,0,1
2024991449187,2024,991449187,2,9,0,-1,19,6,2,-1,0,1,0,0,0,0,3,1,-1,9,2,60,9,1461,2,8,MERCEDES A CLASS,1,-1,0,1
2024451500619,2024,451500619,2,9,0,-1,19,7,3,-1,0,0,0,0,0,0,2,1,-1,2,2,46,8,1498,1,13,MERCEDES A CLASS,9,E01030412,0,1
2024010545475,2024,010545475,1,9,0,99,99,9,9,99,99,0,9,99,9,99,1,9,2,2,1,28,6,1332,1,6,MERCEDES A CLASS,6,E01000487,0,3
2024070143437,2024,070143437,2,9,0,3,3,3,7,0,0,3,0,0,0,0,2,1,6,6,2,26,6,1332,1,4,MERCEDES A CLASS,8,E01018580,0,2
2024991476284,2024,991476284,2,9,0,-1,19,4,7,-1,0,0,0,0,0,0,3,1,-1,9,1,19,4,1332,1,5,MERCEDES A CLASS,8,-1,0,2
2024052401318,2024,052401318,2,3,0,18,19,6,2,0,0,8,0,0,0,0,3,1,1,1,2,35,6,125,1,0,-1,4,E01007212,0,1
2024052401368,2024,052401368,1,3,0,16,19,2,5,0,0,0,0,0,1,0,4,1,2,2,1,21,5,125,1,0,-1,1,E01007291,0,3
2024101473933,2024,101473933,1,3,0,-1,9,5,3,-1,0,0,2,10,0,0,1,1,-1,9,1,21,5,125,1,1,-1,1,E01008437,0,1
202417H107324,2024,17H107324,1,3,0,-1,4,7,3,-1,0,1,0,10,1,0,1,1,-1,9,2,23,5,125,1,0,-1,2,E01020795,0,2
2024161528706,2024,161528706,1,3,0,-1,9,1,7,-1,0,8,0,0,0,0,1,1,-1,1,1,57,9,125,1,1,-1,2,E01012795,0,1
2024421498842,2024,421498842,1,3,0,-1,19,5,1,-1,0,0,2,0,0,0,4,1,-1,9,1,21,5,125,1,0,-1,6,E01029870,0,1
2024052402800,2024,052402800,2,3,0,18,19,4,8,0,0,8,0,0,0,0,1,1,1,1,2,42,7,125,1,0,-1,1,E01007277,0,2
2024111432320,2024,111432320,1,3,0,-1,19,7,3,-1,0,0,0,0,1,0,3,1,-1,9,1,74,10,124,1,22,-1,2,E01020809,0,1
2024201461906,2024,201461906,1,3,0,-1,19,8,4,-1,0,0,1,0,0,0,1,1,-1,6,1,60,9,125,1,58,-1,7,E01029622,0,2
2024421477616,2024,421477616,1,3,0,-1,19,6,2,-1,0,1,2,0,0,0,1,1,-1,9,1,19,4,124,1,20,-1,1,E01021970,0,1
2024440371203,2024,440371203,1,4,0,3,3,1,5,0,0,1,0,0,0,0,2,1,6,6,2,52,8,244,1,16,-1,8,E01017175,0,1
2024010541264,2024,010541264,2,3,0,18,19,3,7,0,0,1,0,0,0,0,3,1,2,2,1,60,9,125,1,61,-1,3,E01002908,0,1
2024531439976,2024,531439976,1,4,0,-1,13,4,8,-1,0,0,0,0,7,0,0,1,-1,9,1,53,8,145,1,54,-1,8,E01022177,0,2
2024610039224,2024,610039224,1,4,0,18,19,5,1,0,0,0,0,4,0,0,1,1,6,6,1,49,8,125,1,63,-1,3,W01001338,0,1
2024211427878,2024,211427878,3,3,0,-1,19,5,1,-1,0,3,0,0,0,0,0,1,-1,6,1,52,8,125,1,21,-1,-1,-1,0,-1
2024231451275,2024,231451275,1,3,0,-1,19,5,2,-1,0,0,0,0,0,0,4,1,-1,9,1,60,9,125,1,61,-1,9,E01010215,0,2
2024201469455,2024,201469455,1,9,0,-1,19,5,1,-1,0,0,0,0,0,0,1,1,-1,6,1,23,5,1461,2,11,RENAULT MEGANE,4,E01009633,0,2
2024320618248,2024,320618248,2,9,0,-1,-1,4,8,0,0,0,0,0,0,0,1,1,6,6,1,39,7,1461,2,10,RENAULT MEGANE,4,E01026070,0,3
2024211522428,2024,211522428,1,9,0,-1,19,7,2,-1,0,0,1,7,6,1,1,1,-1,6,-1,-1,-1,1461,2,19,RENAULT MEGANE,-1,-1,0,-1
2024421471185,2024,421471185,1,9,0,-1,1,5,1,-1,0,5,0,0,0,0,1,1,-1,6,2,72,10,1598,1,20,RENAULT MEGANE,5,E01015888,0,1
2024320274364,2024,320274364,2,9,0,-1,-1,1,5,0,0,0,0,0,0,0,1,1,-1,-1,2,30,6,1598,1,16,RENAULT MEGANE,4,E01026317,0,3
2024991504580,2024,991504580,1,9,0,-1,9,4,8,-1,0,2,0,0,0,0,1,2,-1,9,2,60,9,1461,2,6,RENAULT MEGANE,-1,-1,0,-1
2024522403320,2024,522403320,2,9,0,7,7,8,3,0,0,3,0,0,0,0,1,1,6,6,2,63,9,1598,1,14,RENAULT MEGANE,4,E01014686,0,1
2024211499776,2024,211499776,1,9,0,-1,4,5,3,-1,0,1,0,0,0,0,2,1,-1,6,1,75,10,1461,2,11,RENAULT MEGANE,-1,-1,0,-1
2024371452439,2024,371452439,1,9,0,-1,13,3,5,-1,0,0,0,0,0,0,4,1,-1,1,1,23,5,1461,2,12,RENAULT MEGANE,1,E01029994,0,1
2024440478996,2024,440478996,2,9,0,18,19,8,4,0,0,0,0,1,0,0,1,1,6,6,1,-1,-1,1998,1,11,RENAULT MEGANE,-1,-1,0,-1
2024010502012,2024,010502012,2,9,0,99,99,9,9,99,99,9,9,99,9,99,1,9,6,6,1,57,9,-1,3,2,RENAULT MEGANE,5,E01002779,0,1
2024201452625,2024,201452625,1,9,0,-1,14,1,5,-1,0,8,0,0,0,0,1,9,-1,9,3,-1,-1,1598,1,17,RENAULT MEGANE,-1,-1,0,-1
2024311431027,2024,311431027,1,9,0,-1,7,8,6,-1,0,0,0,0,0,0,1,1,-1,9,1,60,9,1995,2,16,RENAULT MEGANE,-1,-1,0,-1
2024501508213,2024,501508213,3,9,0,-1,19,5,1,-1,0,0,0,0,0,0,1,1,-1,6,1,61,9,1461,2,12,RENAULT MEGANE,10,E01014822,0,4
2024461488225,2024,461488225,1,9,0,-1,5,4,4,-1,0,0,0,0,0,0,3,1,-1,6,1,23,5,1598,1,14,RENAULT MEGANE,4,E01035318,0,4
2024471477102,2024,471477102,1,9,0,-1,7,2,5,-1,0,2,0,0,0,0,1,1,-1,9,1,44,7,1461,2,9,RENAULT MEGANE,7,E01031777,0,1
2024501398061,2024,501398061,1,9,0,-1,19,6,2,-1,0,0,5,0,0,0,4,1,-1,9,1,37,7,1998,1,14,RENAULT MEGANE,8,E01018899,0,4
2024451512130,2024,451512130,4,9,0,-1,19,5,1,-1,0,0,0,0,0,0,1,1,-1,2,1,36,7,1461,2,5,RENAULT MEGANE,5,E01016125,0,4
2024421454974,2024,421454974,1,9,0,-1,19,8,8,-1,0,0,0,4,0,0,1,9,-1,6,1,58,9,1598,1,22,RENAULT MEGANE,-1,-1,0,-1
2024201411442,2024,201411442,1,9,0,-1,9,6,4,-1,0,6,0,0,0,0,1,9,-1,6,3,-1,-1,1461,2,11,RENAULT MEGANE,-1,-1,0,-1
2024010528595,2024,010528595,2,9,0,17,19,5,1,0,0,0,0,0,0,0,1,1,6,6,1,67,10,1598,1,17,RENAULT MEGANE,4,E01002808,0,2
2024041470038,2024,041470038,1,9,0,-1,19,8,4,-1,0,0,0,0,0,0,1,1,-1,9,1,43,7,1998,1,12,RENAULT MEGANE,4,E01024896,0,1
2024211482711,2024,211482711,1,9,0,-1,19,1,5,-1,0,4,0,0,0,0,1,1,-1,6,1,35,6,1461,2,11,RENAULT MEGANE,-1,-1,0,-1
2024302400667,2024,302400667,3,9,0,9,9,2,8,0,0,6,1,0,0,0,3,1,6,6,1,49,8,1461,2,13,RENAULT MEGANE,6,E01013495,0,1
2024991396538,2024,991396538,1,9,0,-1,19,8,4,-1,0,0,0,0,0,0,1,1,-1,9,2,44,7,1461,2,16,RENAULT MEGANE,7,-1,0,2
2024440021186,2024,440021186,3,9,0,4,4,8,4,0,0,0,0,0,0,0,2,1,2,2,1,25,5,1461,2,7,RENAULT MEGANE,7,E01022724,0,1
2024471418860,2024,471418860,2,9,0,-1,19,7,3,-1,0,0,9,99,0,0,1,1,-1,6,1,27,6,1397,1,13,RENAULT MEGANE,6,E01021018,0,1
2024201456393,2024,201456393,1,9,0,-1,19,1,5,-1,0,2,0,0,0,0,1,1,-1,6,1,-1,-1,1461,2,10,RENAULT MEGANE,5,E01009774,0,1
2024052401363,2024,052401363,2,9,0,4,4,1,5,0,0,1,0,0,0,0,2,1,2,2,1,26,6,1598,1,14,RENAULT MEGANE,1,E01006963,0,3
2024631511687,2024,631511687,2,9,0,-1,19,6,2,-1,0,0,0,0,1,10,1,1,-1,9,2,33,6,1461,2,6,RENAULT MEGANE,5,W01001147,0,4
2024070446749,2024,070446749,2,9,0,9,9,3,1,0,0,2,0,0,0,0,3,1,6,6,2,40,7,-1,3,2,RENAULT MEGANE,-1,-1,0,-1
2024320537384,2024,320537384,2,9,0,-1,-1,8,4,0,0,8,0,0,0,0,1,1,-1,-1,1,30,6,1461,2,11,RENAULT MEGANE,4,E01026317,0,1
2024461529431,2024,461529431,4,9,0,-1,19,3,7,-1,0,0,0,0,0,0,0,1,-1,9,1,44,7,1461,2,15,RENAULT MEGANE,1,E01024666,0,1
2024201460109,2024,201460109,1,9,0,-1,19,2,6,-1,0,0,0,0,0,0,1,9,-1,6,1,42,7,1598,1,17,RENAULT MEGANE,1,E01009093,0,1
2024061402106,2024,061402106,2,9,0,-1,3,3,7,-1,0,0,0,0,0,0,3,1,-1,6,1,53,8,1461,2,14,RENAULT MEGANE,1,E01024863,0,4
2024041488503,2024,041488503,1,9,0,-1,9,3,7,-1,0,0,0,0,0,0,3,1,-1,9,2,30,6,1461,2,8,RENAULT MEGANE,8,E01034347,0,3
2024371477716,2024,371477716,1,9,0,-1,19,5,1,-1,0,0,0,0,0,0,1,1,-1,9,2,21,5,1461,2,13,RENAULT MEGANE,6,E01030273,0,1
2024211543802,2024,211543802,2,9,0,-1,19,1,5,-1,0,0,0,0,0,0,1,1,-1,9,1,30,6,1598,1,17,RENAULT MEGANE,-1,-1,0,-1
2024302401567,2024,302401567,2,9,0,18,19,4,8,0,0,0,0,0,0,0,3,1,6,6,1,51,8,1461,2,13,RENAULT MEGANE,4,E01029451,0,2
2024501509564,2024,501509564,3,9,0,-1,19,1,5,-1,0,0,0,0,0,0,2,1,-1,6,2,20,4,1461,2,18,RENAULT MEGANE,-1,-1,0,-1
2024340WN6742,2024,340WN6742,2,9,0,-1,2,0,0,-1,0,2,0,0,0,0,3,1,-1,9,1,22,5,1598,1,15,RENAULT MEGANE,8,E01027218,0,1
2024340WN3242,2024,340WN3242,1,9,0,-1,19,5,1,-1,0,4,0,0,1,4,1,1,-1,9,2,88,11,1461,2,12,RENAULT MEGANE,2,E01027246,0,1
2024320750018,2024,320750018,4,9,0,10,10,4,2,0,0,0,0,0,0,0,2,1,-1,-1,2,46,8,1461,2,14,RENAULT MEGANE,8,E01026363,0,1
2024332401020,2024,332401020,1,9,0,-1,9,7,5,-1,0,5,0,0,0,0,3,1,-1,6,2,45,7,1461,2,13,RENAULT MEGANE,3,E01025987,0,1
2024440536256,2024,440536256,2,9,0,18,19,1,5,0,0,0,0,0,0,0,1,1,6,6,1,30,6,1461,2,14,RENAULT MEGANE,2,E01015367,0,4
2024610042224,2024,610042224,2,9,0,3,3,8,4,0,0,0,0,0,0,0,2,1,6,6,1,36,7,1461,2,15,RENAULT MEGANE,9,W01001517,0,1
2024622400766,2024,622400766,2,9,0,2,2,0,0,0,0,0,0,0,0,0,1,1,6,6,3,-1,-1,1390,1,21,RENAULT MEGANE,-1,-1,0,-1
2024221449530,2024,221449530,1,9,0,-1,19,1,5,-1,0,8,0,0,0,0,1,9,-1,2,1,38,7,1461,2,14,RENAULT MEGANE,7,E01035082,0,1
2024622500029,2024,622500029,1,9,0,18,19,2,6,0,0,0,0,0,2,1,0,1,6,6,1,35,6,1461,2,14,RENAULT MEGANE,3,W01001034,0,1
2024610005124,2024,610005124,1,9,0,4,4,2,6,0,0,0,0,0,0,0,1,1,6,6,1,68,10,1598,2,12,RENAULT MEGANE,8,E01014510,0,4
2024311480604,2024,311480604,1,9,0,-1,10,7,3,-1,0,2,0,0,0,0,2,1,-1,9,2,49,8,1598,1,21,RENAULT MEGANE,4,E01028252,0,1
2024061434780,2024,061434780,1,9,0,-1,5,1,1,-1,9,1,0,4,0,0,1,1,-1,6,2,37,7,1461,2,15,RENAULT MEGANE,-1,-1,0,-1
2024421518620,2024,421518620,2,9,0,-1,19,7,3,-1,0,3,0,0,0,0,1,1,-1,6,1,40,7,1461,2,7,RENAULT MEGANE,5,E01015888,0,1
2024201502914,2024,201502914,2,9,0,-1,19,3,7,-1,0,8,1,0,0,0,4,1,-1,6,1,47,8,1598,1,17,RENAULT MEGANE,1,E01034915,0,1
2024201413554,2024,201413554,2,9,0,-1,19,1,5,-1,0,4,0,0,0,0,2,9,-1,6,2,36,7,1461,2,11,RENAULT MEGANE,1,E01009886,0,1
2024221446977,2024,221446977,2,9,0,-1,19,2,6,-1,0,4,0,0,0,0,1,9,-1,6,2,82,11,1598,1,21,RENAULT MEGANE,6,E01028874,0,1
2024221515669,2024,221515669,1,9,0,-1,19,1,5,-1,0,4,0,0,0,0,1,9,-1,6,2,30,6,1461,2,10,RENAULT MEGANE,5,E01028948,0,1
2024451505133,2024,451505133,2,9,0,-1,12,5,1,-1,0,1,0,0,0,0,3,1,-1,2,1,66,10,1598,1,15,RENAULT MEGANE,9,E01030388,0,2
2024010490606,2024,010490606,1,9,0,7,7,2,4,9,9,1,0,0,0,0,1,1,2,2,1,56,9,-1,3,1,RENAULT MEGANE,5,E01000360,0,1
2024041517327,2024,041517327,1,9,0,-1,11,5,1,-1,0,0,5,0,0,0,4,1,-1,9,2,43,7,1598,1,17,RENAULT MEGANE,1,E01005683,0,4
2024010507379,2024,010507379,3,9,0,2,2,0,0,0,0,1,0,0,7,0,4,1,6,6,3,-1,-1,1598,1,17,RENAULT MEGANE,-1,-1,0,-1
2024201439337,2024,201439337,3,9,0,-1,3,8,4,-1,0,0,0,0,0,0,2,1,-1,6,1,35,6,1598,1,14,RENAULT MEGANE,-1,-1,0,-1
2024201431437,2024,201431437,2,9,0,-1,3,6,2,-1,0,1,0,0,0,0,1,1,-1,6,1,45,7,1461,2,9,RENAULT MEGANE,1,E01010291,0,1
2024122401188,2024,122401188,2,9,0,18,19,8,3,0,0,0,1,0,0,0,1,1,6,6,1,62,9,1461,2,9,RENAULT MEGANE,7,E01025446,0,5
2024520402616,2024,520402616,1,9,0,9,9,4,2,0,0,1,0,0,0,0,2,1,6,6,1,39,7,1461,2,7,RENAULT MEGANE,4,E01029050,0,2
2024522403202,2024,522403202,2,9,0,9,9,2,8,0,0,8,0,0,0,0,3,1,2,2,1,36,7,-1,3,2,RENAULT MEGANE,10,E01014969,0,1
2024231442044,2024,231442044,1,9,0,-1,9,8,4,-1,0,5,0,0,0,0,1,1,-1,9,2,19,4,1461,2,13,RENAULT MEGANE,10,E01031225,0,1
2024201520953,2024,201520953,1,9,0,-1,19,5,1,-1,0,2,0,0,0,0,1,9,-1,6,3,-1,-1,1461,2,14,RENAULT MEGANE,-1,-1,0,-1
2024211464198,2024,211464198,1,9,0,-1,19,6,1,-1,0,0,0,0,0,0,1,1,-1,9,1,30,6,1998,1,19,RENAULT MEGANE,3,E01029397,0,3
2024121514263,2024,121514263,1,9,0,-1,-1,3,7,-1,-1,0,1,7,2,0,2,1,-1,-1,1,22,5,1461,2,14,RENAULT MEGANE,1,E01013000,0,3
2024041474045,2024,041474045,1,9,0,-1,4,7,3,-1,0,0,0,0,0,0,2,1,-1,9,2,17,4,1598,1,15,RENAULT MEGANE,8,E01034351,0,1
2024501431076,2024,501431076,1,9,0,-1,4,5,1,-1,0,0,0,0,0,0,2,1,-1,9,2,53,8,1461,2,14,RENAULT MEGANE,5,E01034847,0,1
2024201511986,2024,201511986,1,9,0,-1,19,6,2,-1,0,0,0,0,0,0,4,1,-1,6,1,38,7,1461,2,14,RENAULT MEGANE,2,E01034946,0,1
2024401485349,2024,401485349,1,9,0,-1,19,1,5,-1,0,0,0,0,0,0,1,1,-1,6,1,-1,-1,1995,2,14,RENAULT MEGANE,-1,-1,0,-1
2024540036324,2024,540036324,2,9,0,18,19,2,6,0,0,1,0,0,0,0,1,1,6,6,1,66,10,1390,1,23,RENAULT MEGANE,6,E01031846,0,1
2024231489668,2024,231489668,2,9,0,-1,19,6,2,-1,0,8,0,0,0,0,9,9,-1,6,2,63,9,1598,2,7,RENAULT MEGANE,10,E01031110,0,1
2024411524655,2024,411524655,1,9,0,-1,19,5,1,-1,0,0,1,11,2,0,1,1,-1,6,2,33,6,1598,1,14,RENAULT MEGANE,5,E01017388,0,4
2024031505605,2024,031505605,3,9,0,-1,3,3,7,-1,0,0,0,0,0,0,2,1,-1,9,1,28,6,1461,2,12,RENAULT MEGANE,3,E01019291,0,4
2024201478106,2024,201478106,2,9,0,-1,19,3,7,-1,0,1,0,0,0,0,1,9,-1,1,1,19,4,1397,1,13,RENAULT MEGANE,1,E01009259,0,1
2024131423023,2024,131423023,1,9,0,-1,19,3,7,-1,0,1,0,0,0,0,4,1,-1,2,1,31,6,1598,1,13,RENAULT MEGANE,4,E01011165,0,1
2024461435423,2024,461435423,1,9,0,-1,9,3,3,-1,0,0,0,0,0,0,3,9,-1,6,3,23,5,1461,2,13,RENAULT MEGANE,-1,-1,0,-1
2024471425754,2024,471425754,1,9,0,-1,19,5,1,-1,0,1,0,0,0,0,2,1,-1,6,2,65,9,1461,2,15,RENAULT MEGANE,5,E01031523,0,2
2024461485853,2024,461485853,2,9,0,-1,19,3,3,-1,0,0,0,0,0,0,3,1,-1,9,1,24,5,1798,1,5,RENAULT MEGANE,10,E01024056,0,3