collision_index,collision_year,collision_ref_no,vehicle_reference,vehicle_type,towing_and_articulation,vehicle_manoeuvre_historic,vehicle_manoeuvre,vehicle_direction_from,vehicle_direction_to,vehicle_location_restricted_lane_historic,vehicle_location_restricted_lane,junction_location,skidding_and_overturning,hit_object_in_carriageway,vehicle_leaving_carriageway,hit_object_off_carriageway,first_point_of_impact,vehicle_left_hand_drive,journey_purpose_of_driver_historic,journey_purpose_of_driver,sex_of_driver,age_of_driver,age_band_of_driver,engine_capacity_cc,propulsion_code,age_of_vehicle,generic_make_model,driver_imd_decile,lsoa_of_driver,escooter_flag,driver_distance_banding
2024071018889,2024,071018889,1,9,0,-1,4,7,3,-1,0,1,0,0,0,0,1,1,-1,6,2,39,7,1461,2,10,RENAULT MEGANE,10,E01018389,0,2
2024461435379,2024,461435379,1,9,0,-1,19,2,6,-1,0,0,0,6,0,0,1,1,-1,6,1,27,6,1461,2,17,RENAULT MEGANE,8,E01001543,0,4
2024351516205,2024,351516205,2,9,0,-1,11,1,6,-1,0,1,0,0,0,0,2,1,-1,2,1,37,7,1598,1,15,RENAULT MEGANE,5,E01018214,0,4
2024501402662,2024,501402662,1,9,0,-1,6,4,1,-1,0,0,0,0,0,0,3,1,-1,6,1,22,5,1461,2,11,RENAULT MEGANE,5,E01020342,0,1
202417H103824,2024,17H103824,1,9,0,-1,19,5,1,-1,0,0,0,0,0,0,1,1,-1,2,1,33,6,1598,1,14,RENAULT MEGANE,-1,-1,0,-1
2024991436397,2024,991436397,1,9,0,-1,19,3,5,-1,0,4,0,0,1,0,1,1,-1,6,2,64,9,1598,1,14,RENAULT MEGANE,2,-1,0,2
2024320131405,2024,320131405,2,9,0,4,4,8,4,0,0,0,0,0,1,0,2,1,-1,-1,1,29,6,1598,1,13,RENAULT MEGANE,4,E01026256,0,4
2024351451987,2024,351451987,1,9,0,-1,9,8,2,-1,0,0,0,0,0,0,1,1,-1,1,2,24,5,1598,1,17,RENAULT MEGANE,9,E01018161,0,1
2024101478483,2024,101478483,2,9,0,-1,4,7,3,-1,0,0,0,0,0,0,1,1,-1,9,2,54,8,1461,2,13,RENAULT MEGANE,-1,-1,0,-1
2024041433639,2024,041433639,1,9,0,-1,19,7,3,-1,0,0,0,0,0,0,1,1,-1,9,1,53,8,1461,2,9,RENAULT MEGANE,8,E01025272,0,2
2024371447880,2024,371447880,2,9,0,-1,4,7,7,-1,0,0,0,0,0,0,2,1,-1,6,1,48,8,1598,1,13,RENAULT MEGANE,5,E01029976,0,1
2024340WN3572,2024,340WN3572,1,9,0,-1,19,1,5,-1,0,0,0,0,0,0,1,1,-1,6,3,-1,-1,1598,1,16,RENAULT MEGANE,-1,-1,0,-1
2024010516962,2024,010516962,1,9,0,99,99,9,9,99,99,9,9,99,9,99,9,9,2,2,1,35,6,1198,1,8,RENAULT MEGANE,5,E01004419,0,2
2024311413607,2024,311413607,1,9,0,-1,19,8,2,-1,0,8,0,0,0,0,1,1,-1,6,2,35,6,1461,2,13,RENAULT MEGANE,4,E01028228,0,1
2024361418199,2024,361418199,1,9,0,-1,5,1,5,-1,0,3,0,0,0,0,1,1,-1,9,1,29,6,1461,2,15,RENAULT MEGANE,1,E01026635,0,1
2024122400670,2024,122400670,2,9,0,2,2,0,0,0,0,2,0,0,0,0,1,1,6,6,3,-1,-1,1598,1,18,RENAULT MEGANE,-1,-1,0,-1
2024631452151,2024,631452151,1,9,0,-1,19,2,6,-1,0,8,0,0,3,11,1,1,-1,9,2,86,11,1461,2,13,RENAULT MEGANE,6,W01000487,0,1
2024061426314,2024,061426314,1,9,0,-1,19,5,1,-1,0,0,0,0,0,0,1,1,-1,6,1,54,8,1461,2,16,RENAULT MEGANE,4,E01013353,0,4
2024320729123,2024,320729123,1,9,0,-1,-1,4,8,0,0,0,1,0,7,11,1,1,-1,-1,1,69,10,1870,2,14,RENAULT MEGANE,5,E01026279,0,1
2024221504319,2024,221504319,2,9,0,-1,4,5,2,-1,0,8,0,0,0,0,2,9,-1,9,1,38,7,1461,2,12,RENAULT MEGANE,5,E01028944,0,1
2024131424627,2024,131424627,2,9,0,-1,19,5,5,-1,0,0,0,0,0,0,1,1,-1,9,2,18,4,1461,2,4,RENAULT MEGANE,3,E01011783,0,4
2024131469844,2024,131469844,1,9,0,-1,19,7,7,-1,9,5,0,0,0,0,2,1,-1,7,2,34,6,1461,2,12,RENAULT MEGANE,10,E01011797,0,1
2024991521347,2024,991521347,1,8,0,-1,5,1,3,-1,0,2,0,0,7,0,3,1,-1,1,1,48,8,1461,2,4,RENAULT MEGANE,2,-1,0,3
2024440325293,2024,440325293,2,9,0,16,19,6,2,0,0,0,0,0,0,0,1,1,6,6,2,36,7,1598,1,19,RENAULT MEGANE,4,E01017309,0,2
2024010502724,2024,010502724,2,9,0,9,9,5,3,0,0,5,0,0,0,0,4,1,1,1,2,56,9,1397,1,14,RENAULT MEGANE,10,E01003857,0,3
2024471429264,2024,471429264,1,9,0,-1,9,5,3,-1,0,1,0,0,0,0,1,1,-1,1,2,24,5,1598,1,15,RENAULT MEGANE,2,E01020925,0,2
2024161507550,2024,161507550,3,9,0,-1,2,0,0,-1,0,0,0,0,0,0,1,9,-1,6,-1,50,8,1461,2,18,RENAULT MEGANE,-1,-1,0,-1
2024101440676,2024,101440676,1,9,0,-1,19,5,1,-1,0,1,0,0,0,0,1,1,-1,9,1,31,6,1461,2,10,RENAULT MEGANE,6,E01027428,0,1
2024201444688,2024,201444688,1,9,0,-1,9,1,7,-1,0,5,0,0,0,0,1,1,-1,6,-1,-1,-1,1461,2,20,RENAULT MEGANE,-1,-1,0,-1
2024201453040,2024,201453040,2,9,0,-1,3,2,6,-1,0,1,1,10,1,0,2,9,-1,9,2,54,8,1598,1,13,RENAULT MEGANE,8,E01009464,0,1
2024471443131,2024,471443131,1,9,0,-1,7,1,7,-1,0,2,0,0,0,0,1,2,-1,6,2,51,8,1870,2,21,RENAULT MEGANE,5,E01031809,0,1
2024161449718,2024,161449718,1,9,0,-1,19,6,2,-1,0,0,0,0,0,0,1,1,-1,6,2,22,5,1397,1,14,RENAULT MEGANE,1,E01012842,0,1
2024361465561,2024,361465561,2,9,0,-1,10,1,5,-1,0,1,0,0,0,0,2,1,-1,9,1,52,8,1461,2,14,RENAULT MEGANE,6,E01026899,0,3
2024471518396,2024,471518396,1,9,0,-1,19,6,2,-1,0,0,0,0,0,0,1,1,-1,9,1,76,11,1598,1,20,RENAULT MEGANE,5,E01021211,0,1
2024061501834,2024,061501834,1,9,0,-1,19,-1,-1,-1,0,0,9,2,0,0,4,1,-1,9,2,25,5,1330,1,5,RENAULT MEGANE,1,E01005578,0,1
2024052401747,2024,052401747,2,9,0,2,2,0,0,0,0,0,0,0,0,0,1,1,6,6,3,-1,-1,1461,2,7,RENAULT MEGANE,-1,-1,0,-1
2024991450939,2024,991450939,2,9,0,-1,4,6,2,-1,0,1,0,0,0,0,2,1,-1,2,2,47,8,1461,2,15,RENAULT MEGANE,8,-1,0,3
2024302401488,2024,302401488,1,9,0,4,4,6,2,0,0,0,0,0,0,0,1,1,6,6,1,34,6,1998,1,9,RENAULT MEGANE,1,E01013472,0,1
2024440374961,2024,440374961,1,9,0,18,19,4,8,0,0,1,0,0,0,0,1,1,6,6,2,38,7,1598,1,13,RENAULT MEGANE,2,E01022915,0,4
2024010508410,2024,010508410,2,9,0,99,99,9,9,99,99,9,9,99,9,99,1,9,6,6,3,57,9,1598,1,14,RENAULT MEGANE,2,E01004539,0,1
2024211510117,2024,211510117,1,9,0,-1,4,7,3,-1,0,0,0,0,0,0,2,1,-1,2,2,48,8,1461,2,9,RENAULT MEGANE,4,E01014353,0,1
2024320134252,2024,320134252,1,9,0,-1,-1,6,2,0,0,8,0,0,0,0,1,1,6,6,2,38,7,1598,1,12,RENAULT MEGANE,1,E01026112,0,2
2024031522860,2024,031522860,1,9,0,-1,19,1,5,-1,0,0,0,0,0,0,1,1,-1,6,2,47,8,1461,2,9,RENAULT MEGANE,6,E01027559,0,3
2024332400433,2024,332400433,2,9,0,-1,4,5,1,-1,0,2,0,0,0,0,4,1,-1,6,3,-1,-1,1461,2,14,RENAULT MEGANE,-1,-1,0,-1
2024311478021,2024,311478021,1,9,0,-1,19,5,1,-1,0,2,0,0,0,0,1,1,-1,9,1,25,5,1870,2,22,RENAULT MEGANE,1,E01027951,0,1
2024061411970,2024,061411970,1,9,0,-1,19,3,7,-1,0,0,0,0,0,0,0,1,-1,6,3,-1,-1,1598,1,18,RENAULT MEGANE,-1,-1,0,-1
2024052401557,2024,052401557,1,9,0,18,19,1,5,0,0,0,0,0,0,0,4,1,6,6,1,36,7,1798,1,5,RENAULT MEGANE,9,E01007021,0,1
2024411441070,2024,411441070,1,9,0,-1,13,1,5,-1,0,1,0,0,0,0,1,1,-1,6,1,23,5,1461,2,14,RENAULT MEGANE,-1,-1,0,-1
2024141502939,2024,141502939,2,9,0,-1,2,0,0,-1,0,2,0,0,0,0,3,1,-1,6,-1,-1,-1,1461,2,9,RENAULT MEGANE,-1,-1,0,-1
2024141513439,2024,141513439,2,9,0,-1,5,1,7,-1,0,0,0,0,0,0,3,1,-1,6,1,36,7,1461,2,10,RENAULT MEGANE,1,E01034239,0,1
2024541160324,2024,541160324,2,9,0,18,19,7,3,0,0,0,0,0,0,0,2,1,6,6,1,24,5,1461,2,7,RENAULT MEGANE,2,E01033846,0,1
2024201511993,2024,201511993,2,9,0,-1,2,0,0,-1,0,0,1,0,0,0,3,1,-1,6,1,36,7,1461,2,14,RENAULT MEGANE,1,E01009025,0,1
2024211471842,2024,211471842,1,9,0,-1,19,3,7,-1,0,1,1,0,0,0,1,1,-1,9,1,51,8,1390,1,22,RENAULT MEGANE,-1,-1,0,-1
2024201477138,2024,201477138,2,9,0,-1,4,5,1,-1,0,0,0,0,0,0,1,1,-1,9,2,58,9,1390,1,16,RENAULT MEGANE,2,E01009980,0,2
2024421521726,2024,421521726,1,9,0,-1,19,6,1,-1,0,1,0,0,0,0,1,1,-1,9,1,50,8,-1,3,0,RENAULT MEGANE,7,E01034093,0,1
2024010523291,2024,010523291,2,9,0,99,99,9,9,99,99,9,9,99,9,99,2,9,6,6,3,34,6,1461,2,12,RENAULT MEGANE,-1,-1,0,-1
2024041501228,2024,041501228,2,9,0,-1,7,7,1,-1,0,1,0,0,0,0,3,1,-1,2,1,38,7,1461,2,12,RENAULT MEGANE,2,E01024959,0,1
2024991501826,2024,991501826,1,9,0,-1,6,8,4,-1,0,1,0,0,0,0,3,1,-1,2,1,46,8,1598,1,14,RENAULT MEGANE,3,-1,0,3
2024531426571,2024,531426571,1,9,0,-1,19,1,5,-1,0,0,0,7,1,6,3,1,-1,2,1,29,6,1598,1,22,RENAULT MEGANE,4,E01015511,0,4
2024501442704,2024,501442704,1,9,0,-1,12,7,3,-1,0,0,1,0,1,6,1,1,-1,2,1,26,6,1461,2,8,RENAULT MEGANE,10,E01022772,0,5
2024161415704,2024,161415704,1,9,0,-1,19,4,8,-1,0,2,1,0,7,11,1,9,-1,6,2,21,5,1598,1,17,RENAULT MEGANE,-1,-1,0,-1
2024440330855,2024,440330855,1,9,0,18,19,8,4,0,0,1,0,0,0,0,1,1,6,6,2,54,8,1870,2,13,RENAULT MEGANE,10,E01023038,0,3
2024131460538,2024,131460538,2,9,0,-1,5,8,4,-1,0,1,0,0,0,0,1,1,-1,2,2,51,8,1461,2,14,RENAULT MEGANE,7,E01007439,0,2
2024371537326,2024,371537326,1,9,0,-1,19,1,3,-1,0,1,0,0,0,0,4,1,-1,6,1,20,4,1461,2,12,RENAULT MEGANE,1,E01030249,0,1
2024052402569,2024,052402569,1,9,0,18,19,7,3,0,0,8,0,0,0,0,4,1,6,6,1,25,5,1598,1,15,RENAULT MEGANE,3,E01006554,0,1
2024010500168,2024,010500168,2,9,0,13,13,1,5,0,0,1,0,0,0,0,1,1,6,6,1,57,9,1598,1,18,RENAULT MEGANE,8,E01003039,0,3
2024010551214,2024,010551214,2,9,0,7,7,4,6,0,0,0,0,0,0,0,3,1,2,2,1,47,8,1461,2,9,RENAULT MEGANE,7,E01016131,0,4
2024471522964,2024,471522964,2,9,0,-1,19,5,1,-1,0,0,0,0,0,0,1,1,-1,2,2,53,8,1598,1,12,RENAULT MEGANE,10,E01031699,0,1
202417L208024,2024,17L208024,1,9,0,-1,4,2,6,-1,0,1,0,0,0,0,2,1,-1,6,2,34,6,1461,2,11,RENAULT MEGANE,6,E01012022,0,3
2024041455955,2024,041455955,2,9,0,-1,19,7,3,-1,0,1,0,0,0,0,2,1,-1,7,2,41,7,1461,2,13,RENAULT MEGANE,2,E01012605,0,1
2024421437765,2024,421437765,2,9,0,-1,15,5,1,-1,0,0,0,0,0,0,4,1,-1,6,1,49,8,1461,2,10,RENAULT MEGANE,7,E01022067,0,3
2024211487314,2024,211487314,1,9,0,-1,19,7,3,-1,0,0,0,0,0,0,1,1,-1,6,2,55,8,-1,3,0,RENAULT MEGANE,-1,-1,0,-1
2024101493353,2024,101493353,1,9,0,-1,19,4,7,-1,0,4,0,0,0,0,1,9,-1,1,1,30,6,1461,2,14,RENAULT MEGANE,-1,-1,0,-1
202460Q013680,2024,60Q013680,1,9,0,5,5,6,2,0,0,1,0,0,0,0,1,1,1,1,2,46,8,1461,2,7,RENAULT MEGANE,-1,-1,0,-1
2024141530071,2024,141530071,1,9,0,-1,9,1,1,-1,0,8,0,0,0,0,1,1,-1,6,1,43,7,-1,3,1,RENAULT MEGANE,5,E01007366,0,4
2024302400411,2024,302400411,2,9,0,4,4,6,1,0,0,4,0,0,0,0,2,1,2,2,2,36,7,1461,2,13,RENAULT MEGANE,10,E01034102,0,4
2024520402640,2024,520402640,2,9,0,18,19,1,5,0,0,4,0,0,0,0,3,1,6,6,2,81,11,1461,2,11,RENAULT MEGANE,10,E01029244,0,1
2024061495777,2024,061495777,4,9,0,-1,4,8,4,-1,0,0,0,0,0,0,2,1,-1,6,1,50,8,-1,3,1,RENAULT MEGANE,2,E01006274,0,2
2024471420807,2024,471420807,2,9,0,-1,19,2,6,-1,0,0,0,0,0,0,1,1,-1,2,1,60,9,1598,1,13,RENAULT MEGANE,4,E01031443,0,3
2024122400282,2024,122400282,2,9,0,18,19,4,8,0,0,0,0,10,0,0,1,1,6,6,2,73,10,1870,2,15,RENAULT MEGANE,7,E01027673,0,1
2024101396161,2024,101396161,2,9,0,-1,10,7,3,-1,0,1,0,0,0,0,3,1,-1,2,2,32,6,1461,2,10,RENAULT MEGANE,2,E01008377,0,1
2024302401051,2024,302401051,1,9,0,2,2,0,0,0,0,2,0,0,0,0,2,1,6,6,1,28,6,1198,1,8,RENAULT MEGANE,2,E01028233,0,2
2024010507043,2024,010507043,2,9,0,5,5,1,5,0,0,2,0,0,0,0,3,1,1,1,1,27,6,1598,1,13,RENAULT MEGANE,2,E01001673,0,2
2024320448986,2024,320448986,1,9,0,-1,-1,7,4,0,0,4,0,0,0,0,1,1,6,6,2,57,9,1461,2,13,RENAULT MEGANE,6,E01026306,0,1
2024522401956,2024,522401956,1,9,0,18,19,1,5,0,0,1,0,4,0,0,3,1,6,6,1,80,11,1598,1,17,RENAULT MEGANE,8,E01014723,0,1
2024361433328,2024,361433328,3,9,0,-1,4,3,4,-1,0,0,0,0,0,0,1,1,-1,2,1,49,8,1461,2,8,RENAULT MEGANE,8,E01026470,0,1
2024131478420,2024,131478420,2,9,0,-1,3,3,7,-1,9,0,0,0,0,0,3,1,-1,9,2,27,6,1461,2,10,RENAULT MEGANE,9,E01027583,0,4
2024631454983,2024,631454983,1,9,0,-1,3,4,6,-1,0,0,0,0,0,0,1,1,-1,6,1,27,6,1461,2,12,RENAULT MEGANE,6,W01000538,0,2
2024101502101,2024,101502101,1,9,0,-1,19,1,5,-1,0,0,0,0,0,0,1,1,-1,6,1,32,6,1461,2,10,RENAULT MEGANE,7,E01008638,0,1
2024010520244,2024,010520244,1,9,0,18,19,1,5,0,0,2,0,0,0,0,1,1,6,6,1,54,8,1461,2,8,RENAULT MEGANE,3,E01002932,0,2
2024991426670,2024,991426670,1,9,0,-1,19,3,8,-1,0,0,0,0,0,0,4,1,-1,9,1,57,9,1461,2,14,RENAULT MEGANE,7,-1,0,4
2024061426551,2024,061426551,2,9,0,-1,19,-1,-1,-1,0,0,0,0,0,0,3,1,-1,6,1,-1,-1,1598,8,3,RENAULT MEGANE,-1,-1,0,-1
2024061479214,2024,061479214,2,9,0,-1,19,7,3,-1,0,8,0,0,0,0,4,1,-1,9,1,44,7,-1,3,0,RENAULT MEGANE,2,E01004858,0,1
2024211433300,2024,211433300,2,9,0,-1,19,6,2,-1,0,0,0,0,0,0,1,1,-1,2,1,50,8,1461,2,11,RENAULT MEGANE,8,E01029441,0,1
2024131443252,2024,131443252,2,9,0,-1,4,1,3,-1,0,1,0,0,0,0,4,1,-1,9,2,25,5,1461,2,13,RENAULT MEGANE,6,E01035050,0,1
2024501408810,2024,501408810,2,9,0,-1,13,7,3,-1,0,0,1,0,1,9,4,1,-1,9,2,31,6,1598,1,14,RENAULT MEGANE,4,E01019005,0,3
2024471403186,2024,471403186,1,9,0,-1,19,2,6,-1,0,0,5,0,7,10,1,1,-1,2,2,60,9,1461,2,15,RENAULT MEGANE,10,E01022931,0,4
2024231447100,2024,231447100,4,9,0,-1,4,4,1,-1,0,0,0,0,0,0,2,9,-1,6,1,26,6,1598,1,16,RENAULT MEGANE,3,E01031117,0,1
2024201404920,2024,201404920,1,9,0,-1,9,7,7,-1,0,5,0,0,0,0,1,1,-1,6,1,49,8,1870,2,15,RENAULT MEGANE,-1,-1,0,-1
2024052402793,2024,052402793,1,9,0,18,19,7,3,0,0,0,0,0,0,0,1,1,6,6,2,39,7,1598,1,21,RENAULT MEGANE,2,E01012536,0,2
2024311512625,2024,311512625,1,9,0,-1,19,5,1,-1,0,0,0,0,0,0,1,1,-1,6,1,34,6,1618,1,8,RENAULT MEGANE,3,E01028225,0,1
2024010501469,2024,010501469,1,9,0,18,19,5,1,0,0,0,0,7,0,0,1,1,6,6,1,69,10,1598,1,24,RENAULT MEGANE,10,E01000670,0,2
2024131496008,2024,131496008,2,9,0,-1,19,3,7,-1,0,3,0,0,3,1,1,1,-1,9,1,35,6,1461,2,10,RENAULT MEGANE,5,E01011022,0,2
2024010531752,2024,010531752,2,9,0,99,99,9,9,99,99,0,9,99,9,99,9,9,6,6,3,-1,-1,1598,1,15,RENAULT MEGANE,-1,-1,0,-1
2024211531810,2024,211531810,1,9,0,-1,19,7,3,-1,0,1,0,0,0,0,1,1,-1,6,1,41,7,1461,2,15,RENAULT MEGANE,3,E01014283,0,1
2024070181309,2024,070181309,1,9,0,9,9,8,3,0,0,6,0,0,0,0,1,1,6,6,3,-1,-1,1461,2,11,RENAULT MEGANE,-1,-1,0,-1
2024471462031,2024,471462031,1,9,0,-1,19,5,1,-1,0,0,0,0,0,0,1,1,-1,9,1,73,10,1598,1,18,RENAULT MEGANE,9,E01031727,0,3
2024131458465,2024,131458465,1,9,0,-1,19,5,1,-1,0,8,5,0,0,0,4,1,-1,9,1,77,11,1598,1,18,RENAULT MEGANE,1,E01011730,0,2
2024211520538,2024,211520538,2,9,0,-1,2,1,5,-1,0,0,0,4,0,0,2,1,-1,9,1,30,6,1390,1,21,RENAULT MEGANE,-1,-1,0,-1
2024332400399,2024,332400399,2,9,0,-1,4,5,1,-1,0,1,0,0,0,0,2,1,-1,9,1,33,6,-1,3,0,RENAULT MEGANE,6,E01025657,0,3
2024340WN3052,2024,340WN3052,2,9,0,-1,19,5,1,-1,0,0,0,0,0,0,2,1,-1,9,1,51,8,-1,3,1,RENAULT MEGANE,2,E01007244,0,5
2024010514164,2024,010514164,1,9,0,18,19,3,7,0,0,0,0,0,0,0,1,1,6,6,1,36,7,-1,3,1,RENAULT MEGANE,9,E01032735,0,4
2024201458947,2024,201458947,1,9,0,-1,19,7,3,-1,0,1,0,0,0,0,1,1,-1,6,1,41,7,1598,1,14,RENAULT MEGANE,1,E01008923,0,3
2024631461023,2024,631461023,1,9,0,-1,1,8,4,-1,0,0,0,0,0,0,2,1,-1,9,1,22,5,1598,1,15,RENAULT MEGANE,9,W01002001,0,1
2024131474975,2024,131474975,2,9,0,-1,19,1,1,-1,0,0,0,4,0,0,3,1,-1,6,1,74,10,1870,2,13,RENAULT MEGANE,4,E01010637,0,1
2024471520142,2024,471520142,2,9,0,-1,2,5,1,-1,0,0,0,0,1,0,3,1,-1,6,2,32,6,1598,1,19,RENAULT MEGANE,3,E01021127,0,2
2024501443937,2024,501443937,1,9,0,-1,4,1,5,-1,0,8,0,0,0,0,2,1,-1,6,2,38,7,1461,2,8,RENAULT MEGANE,1,E01015087,0,1
2024131490394,2024,131490394,2,9,0,-1,19,7,3,-1,0,1,0,0,0,0,1,1,-1,9,2,36,7,1598,1,13,RENAULT MEGANE,4,E01011808,0,1
2024061515344,2024,061515344,1,9,0,-1,19,7,3,-1,0,1,0,0,1,0,4,1,-1,9,2,34,6,1461,2,9,RENAULT MEGANE,-1,-1,0,-1
2024201470176,2024,201470176,1,9,0,-1,7,1,3,-1,0,2,0,0,0,0,3,9,-1,7,2,27,6,1598,1,19,RENAULT MEGANE,-1,-1,0,-1
2024052401863,2024,052401863,1,9,0,18,19,7,3,0,0,8,1,0,0,0,1,1,6,6,1,29,6,1461,2,17,RENAULT MEGANE,3,E01006717,0,1
2024131405711,2024,131405711,1,9,0,-1,19,3,7,-1,0,0,0,0,0,0,4,1,-1,6,-1,-1,-1,1870,2,16,RENAULT MEGANE,-1,-1,0,-1
2024131519607,2024,131519607,1,9,0,-1,19,3,7,-1,0,0,0,0,0,0,1,1,-1,2,1,30,6,1598,1,15,RENAULT MEGANE,5,E01011099,0,3
2024041398756,2024,041398756,2,9,0,-1,19,2,6,-1,0,0,0,0,0,0,1,1,-1,2,1,52,8,1461,2,11,RENAULT MEGANE,4,E01025402,0,1
2024340WN9012,2024,340WN9012,3,9,0,-1,19,4,8,-1,0,0,0,0,0,0,0,1,-1,9,2,22,5,1461,2,11,RENAULT MEGANE,7,E01027277,0,1
2024411504554,2024,411504554,1,9,0,-1,5,1,7,-1,0,4,0,0,0,0,1,1,-1,1,1,38,7,1618,1,7,RENAULT MEGANE,10,E01035587,0,1
2024991453858,2024,991453858,1,9,0,-1,14,2,6,-1,0,0,0,0,0,0,4,1,-1,9,1,73,10,1198,1,7,RENAULT MEGANE,7,-1,0,2
2024440529337,2024,440529337,1,9,0,3,3,1,6,0,0,1,0,0,0,0,4,1,1,1,1,53,8,1461,2,12,RENAULT MEGANE,8,E01022765,0,2
2024332400819,2024,332400819,1,9,0,-1,19,6,2,-1,0,0,1,0,7,0,1,1,-1,9,2,34,6,1598,1,16,RENAULT MEGANE,3,E01013731,0,1
2024211524091,2024,211524091,1,9,0,-1,19,5,1,-1,0,1,0,0,0,0,1,1,-1,9,1,24,5,1461,2,11,RENAULT MEGANE,9,E01029813,0,1
2024131400131,2024,131400131,1,9,0,-1,19,5,1,-1,0,1,0,0,0,0,1,1,-1,2,1,45,7,1461,2,8,RENAULT MEGANE,9,E01010681,0,1
2024010508629,2024,010508629,2,9,0,18,19,1,5,0,0,8,0,0,0,0,1,1,6,6,1,26,6,1598,1,14,RENAULT MEGANE,1,E01002034,0,1
2024461476837,2024,461476837,1,9,0,-1,19,3,7,-1,0,0,0,0,0,0,1,1,-1,2,1,51,8,1461,2,13,RENAULT MEGANE,5,E01024555,0,1
2024421413979,2024,421413979,2,9,0,-1,19,6,2,-1,0,1,0,0,0,0,1,1,-1,6,2,47,8,1461,2,10,RENAULT MEGANE,4,E01021642,0,2
2024302400786,2024,302400786,1,9,0,18,19,8,4,0,0,0,0,0,7,4,1,1,6,6,1,36,7,1461,2,14,RENAULT MEGANE,6,E01019601,0,3
2024111446056,2024,111446056,1,9,0,-1,5,5,1,-1,0,1,0,0,0,0,1,9,-1,6,2,40,7,1198,1,7,RENAULT MEGANE,10,E01012337,0,1
2024351436053,2024,351436053,1,9,0,-1,9,1,7,-1,0,6,0,0,0,0,4,1,-1,6,1,18,4,1461,2,12,RENAULT MEGANE,10,E01018007,0,1
2024070344722,2024,070344722,1,9,0,4,4,7,3,0,0,0,0,0,0,0,1,1,2,2,1,-1,-1,1598,1,10,RENAULT MEGANE,6,E01018679,0,3
2024041455626,2024,041455626,4,9,0,-1,19,3,7,-1,0,0,0,0,0,0,1,1,-1,9,1,40,7,1461,2,14,RENAULT MEGANE,3,E01025065,0,3
2024501449936,2024,501449936,2,9,0,-1,19,1,4,-1,0,1,0,0,0,0,1,1,-1,9,2,26,6,1461,2,15,RENAULT MEGANE,7,E01034624,0,2
2024010526169,2024,010526169,1,9,0,3,3,6,2,0,0,1,0,11,0,0,1,1,6,6,1,24,5,1598,1,14,RENAULT MEGANE,3,E01001326,0,1
2024141492153,2024,141492153,1,9,0,-1,19,1,4,-1,0,0,0,0,0,0,3,1,-1,6,2,37,7,1598,1,13,RENAULT MEGANE,7,E01007741,0,1
2024520403292,2024,520403292,2,9,0,18,19,8,4,0,0,1,0,0,0,0,1,1,6,6,2,58,9,1461,2,11,RENAULT MEGANE,7,E01029262,0,1
2024371432636,2024,371432636,2,9,0,-1,19,3,7,-1,0,1,0,0,0,0,2,1,-1,9,1,28,6,1461,2,15,RENAULT MEGANE,5,E01030030,0,1
2024161400486,2024,161400486,2,9,0,-1,5,3,7,-1,0,6,0,0,0,0,1,1,-1,9,1,85,11,1598,1,13,RENAULT MEGANE,7,E01013322,0,1
2024501422290,2024,501422290,2,9,0,-1,9,3,7,-1,0,1,0,0,0,0,3,1,-1,6,2,33,6,1461,2,10,RENAULT MEGANE,4,E01018815,0,3
2024201476881,2024,201476881,2,9,0,-1,19,2,6,-1,0,8,0,0,0,0,1,9,-1,6,2,34,6,1461,2,10,RENAULT MEGANE,2,E01010077,0,3
2024070150838,2024,070150838,1,9,0,9,9,7,5,0,0,6,0,0,0,0,3,1,6,6,3,-1,-1,1598,1,17,RENAULT MEGANE,-1,-1,0,-1
2024221479898,2024,221479898,1,9,0,-1,7,6,1,-1,0,3,0,0,0,0,3,1,-1,6,1,44,7,1461,2,13,RENAULT MEGANE,4,E01014138,0,1
2024991464836,2024,991464836,2,9,0,-1,9,7,3,-1,0,8,0,0,0,0,1,1,-1,9,2,42,7,1598,1,14,RENAULT MEGANE,2,-1,0,2
2024010517935,2024,010517935,2,9,0,18,19,7,3,0,0,2,0,0,0,0,4,1,6,6,1,40,7,1598,1,16,RENAULT MEGANE,2,E01004390,0,2
2024131449195,2024,131449195,1,9,0,-1,19,4,4,-1,0,0,0,0,0,0,1,1,-1,6,1,35,6,1461,2,15,RENAULT MEGANE,2,E01011040,0,1
2024520402070,2024,520402070,2,9,0,1,1,1,5,0,0,0,0,0,0,0,2,1,6,6,2,47,8,-1,3,0,RENAULT MEGANE,7,E01029127,0,1
2024041395638,2024,041395638,1,9,0,-1,19,7,3,-1,0,1,0,0,0,0,4,1,-1,9,2,40,7,1461,2,14,RENAULT MEGANE,2,E01025313,0,1
2024052400870,2024,052400870,1,9,0,9,9,5,3,0,0,7,0,0,0,0,3,1,2,2,1,43,7,1461,2,8,RENAULT MEGANE,6,E01007196,0,2