collision_index,collision_year,collision_ref_no,vehicle_reference,vehicle_type,towing_and_articulation,vehicle_manoeuvre_historic,vehicle_manoeuvre,vehicle_direction_from,vehicle_direction_to,vehicle_location_restricted_lane_historic,vehicle_location_restricted_lane,junction_location,skidding_and_overturning,hit_object_in_carriageway,vehicle_leaving_carriageway,hit_object_off_carriageway,first_point_of_impact,vehicle_left_hand_drive,journey_purpose_of_driver_historic,journey_purpose_of_driver,sex_of_driver,age_of_driver,age_band_of_driver,engine_capacity_cc,propulsion_code,age_of_vehicle,generic_make_model,driver_imd_decile,lsoa_of_driver,escooter_flag,driver_distance_banding
2024010499298,2024,010499298,2,9,0,99,99,9,9,99,99,9,9,99,9,99,9,9,6,6,3,-1,-1,1598,1,18,RENAULT MEGANE,-1,-1,0,-1
2024411524880,2024,411524880,1,9,0,-1,19,2,6,-1,0,0,0,0,0,0,1,1,-1,9,1,22,5,1618,1,7,RENAULT MEGANE,2,E01023405,0,1
2024161433072,2024,161433072,1,9,0,-1,9,3,1,-1,0,6,0,0,0,0,1,1,-1,2,1,33,6,1461,2,10,RENAULT MEGANE,6,E01012979,0,3
2024010517756,2024,010517756,3,9,0,18,19,1,5,0,0,0,0,0,0,0,1,2,6,6,1,39,7,1998,1,11,RENAULT MEGANE,7,E01001587,0,1
2024010502473,2024,010502473,2,9,0,99,99,9,9,99,99,9,9,99,9,99,0,9,6,6,3,-1,-1,1598,1,21,RENAULT MEGANE,-1,-1,0,-1
2024141488259,2024,141488259,1,9,0,-1,19,7,4,-1,0,1,0,0,0,0,1,1,-1,2,2,30,6,1870,2,13,RENAULT MEGANE,7,E01007661,0,1
2024546437724,2024,546437724,2,9,0,18,19,1,5,0,0,1,0,0,0,0,1,1,2,2,1,23,5,1461,2,12,RENAULT MEGANE,6,E01034538,0,3
2024070924370,2024,070924370,2,9,0,-1,19,6,2,-1,0,8,0,0,0,0,3,1,-1,6,1,54,8,1461,2,10,RENAULT MEGANE,6,W01000410,0,3
2024421459962,2024,421459962,1,9,0,-1,9,7,4,-1,0,1,0,0,0,0,1,1,-1,9,1,46,8,1870,2,15,RENAULT MEGANE,5,E01021417,0,1
2024440461699,2024,440461699,2,9,0,18,19,1,5,0,0,0,0,0,0,0,1,1,2,2,2,36,7,1461,2,12,RENAULT MEGANE,-1,-1,0,-1
2024320309134,2024,320309134,1,9,0,9,9,5,4,0,0,6,0,0,3,10,3,1,-1,-1,1,87,11,1461,2,11,RENAULT MEGANE,1,E01026115,0,1
2024320497091,2024,320497091,2,9,0,-1,-1,8,4,0,0,0,0,0,7,0,1,1,-1,-1,2,47,8,1461,2,10,RENAULT MEGANE,9,E01026197,0,3
2024411525970,2024,411525970,1,9,0,-1,19,5,1,-1,0,0,0,0,1,0,4,1,-1,6,1,43,7,1461,2,16,RENAULT MEGANE,7,E01023942,0,3
2024430016556,2024,430016556,2,9,0,9,9,1,7,0,0,6,0,0,0,0,1,1,2,2,1,31,6,1598,1,17,RENAULT MEGANE,8,E01028807,0,1
2024221457542,2024,221457542,1,9,0,-1,19,6,3,-1,0,0,0,0,1,4,1,9,-1,2,2,52,8,1461,2,10,RENAULT MEGANE,6,E01028970,0,3
2024141439100,2024,141439100,2,9,0,-1,19,3,7,-1,0,1,0,0,0,0,1,9,-1,6,1,22,5,1461,2,8,RENAULT MEGANE,5,E01033260,0,1
2024631478570,2024,631478570,2,9,0,-1,19,6,1,-1,0,5,0,0,1,0,1,1,-1,9,2,67,10,1598,1,15,RENAULT MEGANE,7,W01000507,0,1
2024010510094,2024,010510094,2,9,0,99,99,9,9,99,99,9,9,99,9,99,9,9,6,6,3,-1,-1,1598,1,10,RENAULT MEGANE,-1,-1,0,-1
2024201463425,2024,201463425,2,9,0,-1,3,8,4,-1,0,0,0,0,0,0,3,1,-1,6,1,57,9,1461,2,13,RENAULT MEGANE,1,E01010286,0,1
2024451510101,2024,451510101,2,9,0,-1,5,5,1,-1,0,0,0,0,0,0,1,1,-1,1,1,42,7,1461,2,16,RENAULT MEGANE,5,E01030980,0,3
2024221459319,2024,221459319,1,9,0,-1,9,2,7,-1,0,5,0,0,0,0,4,1,-1,6,1,22,5,1461,2,14,RENAULT MEGANE,2,E01033248,0,4
2024991407793,2024,991407793,1,9,0,-1,19,5,1,-1,0,1,0,0,7,0,1,1,-1,6,1,27,6,1461,2,15,RENAULT MEGANE,9,E01000446,0,5
2024501473059,2024,501473059,2,9,0,-1,3,-1,-1,-1,0,0,1,0,0,0,2,1,-1,9,1,28,6,1461,2,8,RENAULT MEGANE,2,E01020139,0,2
2024052400763,2024,052400763,3,9,0,2,2,0,0,0,0,1,0,0,0,0,4,1,6,6,3,-1,-1,1461,2,11,RENAULT MEGANE,-1,-1,0,-1
2024131448242,2024,131448242,3,9,0,-1,19,7,3,-1,0,0,0,0,0,0,2,1,-1,6,1,50,8,1461,2,9,RENAULT MEGANE,2,E01019206,0,5
2024010523363,2024,010523363,2,9,0,99,99,9,9,99,99,9,9,99,9,99,9,9,6,6,2,47,8,1598,1,13,RENAULT MEGANE,6,E01033592,0,1
2024461497682,2024,461497682,1,9,0,-1,19,-1,-1,-1,0,0,0,0,0,0,1,9,-1,6,2,-1,-1,1598,1,11,RENAULT MEGANE,1,E01024676,0,2
2024161497070,2024,161497070,2,9,0,-1,5,5,1,-1,0,0,0,0,0,0,1,1,-1,9,1,34,6,1461,2,16,RENAULT MEGANE,1,E01012834,0,4
2024522402764,2024,522402764,2,9,0,18,19,4,8,0,0,0,0,4,0,0,1,1,6,6,1,30,6,1598,1,12,RENAULT MEGANE,10,E01033336,0,2
2024221498179,2024,221498179,1,9,0,-1,19,6,2,-1,0,0,0,0,0,0,3,1,-1,6,1,39,7,1461,2,13,RENAULT MEGANE,5,E01009211,0,1
2024131469050,2024,131469050,2,9,0,-1,19,4,8,-1,0,0,0,0,1,0,1,1,-1,2,1,28,6,1461,2,9,RENAULT MEGANE,1,E01011342,0,2
2024211468572,2024,211468572,2,9,0,-1,19,7,3,-1,0,1,0,0,0,0,1,1,-1,9,1,61,9,1461,2,9,RENAULT MEGANE,4,E01029537,0,1
2024311412326,2024,311412326,2,9,0,-1,2,0,0,-1,0,0,0,0,0,0,2,1,-1,9,1,42,7,1598,1,13,RENAULT MEGANE,1,E01009270,0,4
2024201519220,2024,201519220,1,9,-1,-1,-1,-1,-1,-1,-1,0,-1,-1,-1,0,-1,9,-1,6,1,-1,-1,1461,2,9,RENAULT MEGANE,-1,-1,0,-1
2024131457018,2024,131457018,4,9,0,-1,2,0,0,-1,0,8,0,0,0,0,2,1,-1,6,-1,-1,-1,1598,1,14,RENAULT MEGANE,-1,-1,0,-1
2024131408618,2024,131408618,1,9,0,-1,19,3,7,-1,0,8,0,0,0,0,1,1,-1,6,1,19,4,1461,2,15,RENAULT MEGANE,2,E01012623,0,4
2024311446333,2024,311446333,2,9,0,-1,19,5,1,-1,0,1,0,0,0,0,2,9,-1,6,2,42,7,1461,2,12,RENAULT MEGANE,-1,-1,0,-1
2024061398516,2024,061398516,1,9,-1,-1,-1,-1,-1,-1,-1,-1,-1,-1,-1,0,-1,9,-1,6,1,-1,-1,1461,2,16,RENAULT MEGANE,2,E01004772,0,3
2024501409431,2024,501409431,2,9,0,-1,3,2,6,-1,0,1,0,0,0,0,2,9,-1,9,2,34,6,1461,2,17,RENAULT MEGANE,4,E01018778,0,4
2024991529696,2024,991529696,3,9,0,-1,10,5,1,-1,0,1,0,0,0,0,2,1,-1,9,2,32,6,1461,2,12,RENAULT MEGANE,3,-1,0,4
2024010522435,2024,010522435,1,9,0,99,99,9,9,99,99,9,9,99,9,99,1,9,2,2,1,47,8,-1,3,0,RENAULT MEGANE,2,E01033713,0,1
2024201527630,2024,201527630,1,9,0,-1,19,1,5,-1,0,8,0,0,0,0,1,1,-1,9,2,33,6,1397,1,14,RENAULT MEGANE,1,E01008913,0,1
2024070615406,2024,070615406,2,9,0,5,5,3,6,0,0,8,0,0,0,0,1,1,6,6,2,65,9,1598,1,14,RENAULT MEGANE,3,E01018637,0,1
2024361537337,2024,361537337,2,9,0,-1,19,6,2,-1,0,1,0,0,0,0,4,1,-1,7,2,41,7,1461,2,8,RENAULT MEGANE,8,E01026530,0,1
2024070997091,2024,070997091,3,9,0,-1,19,1,1,-1,0,0,0,0,0,0,1,1,-1,9,1,29,6,1461,2,11,RENAULT MEGANE,1,E01006874,0,3
202460Q172649,2024,60Q172649,1,9,0,18,19,7,3,0,0,0,0,4,0,0,1,1,6,6,1,19,4,1461,2,11,RENAULT MEGANE,-1,-1,0,-1
2024041444882,2024,041444882,1,9,0,-1,19,5,1,-1,0,1,2,0,8,11,1,1,-1,6,1,20,4,1461,2,8,RENAULT MEGANE,4,E01025393,0,1
2024501483223,2024,501483223,3,9,0,-1,4,3,7,-1,0,0,0,0,0,0,2,1,-1,9,1,36,7,1461,2,12,RENAULT MEGANE,4,E01020140,0,4
2024131459645,2024,131459645,2,9,0,-1,19,3,7,-1,0,8,0,0,0,0,4,1,-1,9,2,31,6,1461,2,10,RENAULT MEGANE,2,E01007448,0,3
2024421414544,2024,421414544,1,9,0,-1,19,5,1,-1,0,0,0,0,0,0,1,9,-1,6,3,-1,-1,1461,2,14,RENAULT MEGANE,-1,-1,0,-1
2024201492472,2024,201492472,1,9,0,-1,2,0,0,-1,0,0,0,0,0,0,1,1,-1,6,1,27,6,1998,1,11,RENAULT MEGANE,-1,-1,0,-1
2024231464356,2024,231464356,2,9,0,9,9,5,2,0,0,5,0,0,0,0,1,1,6,6,2,41,7,1397,1,14,RENAULT MEGANE,5,E01031088,0,1
2024631438624,2024,631438624,1,9,0,-1,19,4,8,-1,0,0,0,0,0,0,4,1,-1,6,3,-1,-1,1870,2,14,RENAULT MEGANE,-1,-1,0,-1
2024461518474,2024,461518474,2,9,0,-1,4,3,7,-1,0,4,0,0,0,0,2,1,-1,2,1,19,4,1461,2,13,RENAULT MEGANE,4,E01016163,0,1
2024201458630,2024,201458630,1,9,0,-1,19,8,4,-1,0,0,1,10,1,4,1,1,-1,6,2,24,5,1390,1,16,RENAULT MEGANE,-1,-1,0,-1
2024052402004,2024,052402004,1,9,0,18,19,7,3,0,0,0,0,0,0,0,3,1,6,6,1,19,4,1461,2,13,RENAULT MEGANE,1,E01006494,0,2
2024201473017,2024,201473017,3,9,0,-1,19,7,1,-1,0,6,0,0,0,0,1,1,-1,6,1,49,8,1390,1,16,RENAULT MEGANE,4,E01010427,0,1
2024544727124,2024,544727124,1,9,0,9,9,1,7,0,0,5,0,0,0,0,1,1,6,6,2,26,6,1461,2,12,RENAULT MEGANE,4,E01032714,0,1
2024501520250,2024,501520250,3,9,0,-1,2,0,0,-1,0,2,0,12,0,0,4,1,-1,6,-1,-1,-1,1598,1,22,RENAULT MEGANE,-1,-1,0,-1
2024411453928,2024,411453928,3,9,0,-1,9,5,3,-1,0,2,0,0,0,0,0,9,-1,9,2,46,8,1598,1,11,RENAULT MEGANE,6,E01035563,0,1
2024991398702,2024,991398702,1,9,0,-1,19,7,3,-1,0,0,0,11,0,0,1,1,-1,9,1,42,7,1598,1,15,RENAULT MEGANE,8,-1,0,1
2024471458073,2024,471458073,2,9,0,-1,5,5,1,-1,0,0,0,1,0,0,1,1,-1,6,1,44,7,1461,2,9,RENAULT MEGANE,10,E01031668,0,2
2024010517712,2024,010517712,1,9,0,4,4,1,5,0,0,1,0,0,0,0,0,1,6,6,1,54,8,1998,1,14,RENAULT MEGANE,3,E01001831,0,1
2024052402455,2024,052402455,1,9,0,18,19,3,7,0,0,1,0,0,0,0,3,1,6,6,1,38,7,-1,3,2,RENAULT MEGANE,6,E01025486,0,3
2024501492061,2024,501492061,1,9,0,-1,19,3,7,-1,0,1,0,0,0,0,1,9,-1,9,1,72,10,1390,1,16,RENAULT MEGANE,3,E01015143,0,1
2024332400781,2024,332400781,2,9,0,-1,9,8,6,-1,0,5,0,0,0,0,2,1,-1,9,1,28,6,1461,2,11,RENAULT MEGANE,9,E01025981,0,3
202454D556424,2024,54D556424,1,9,0,5,5,5,1,0,0,6,0,0,0,0,3,1,1,1,2,34,6,1598,1,18,RENAULT MEGANE,9,E01032020,0,1
2024991431807,2024,991431807,1,9,0,-1,19,7,3,-1,0,0,0,0,0,0,4,1,-1,9,1,74,10,1461,2,9,RENAULT MEGANE,7,-1,0,1
2024231419695,2024,231419695,3,9,0,-1,10,6,4,-1,0,1,0,0,0,0,1,9,-1,6,2,51,8,1461,2,12,RENAULT MEGANE,9,E01031138,0,1
2024440554634,2024,440554634,2,9,0,18,19,3,7,0,0,6,0,0,0,0,3,1,6,6,2,38,7,1870,2,13,RENAULT MEGANE,6,E01023017,0,1
2024061450941,2024,061450941,1,9,0,-1,3,-1,-1,-1,0,0,0,0,0,0,2,1,-1,9,2,37,7,1598,1,13,RENAULT MEGANE,2,E01018730,0,4
2024010545785,2024,010545785,1,9,0,99,99,9,9,0,0,9,9,99,9,99,9,9,6,6,2,30,6,1598,1,18,RENAULT MEGANE,7,E01000328,0,1
2024501440863,2024,501440863,1,9,0,-1,19,1,5,-1,0,1,0,0,1,0,1,1,-1,9,1,33,6,1461,2,10,RENAULT MEGANE,5,E01029130,0,4
2024041508578,2024,041508578,1,9,0,-1,19,1,5,-1,0,4,0,0,1,0,1,1,-1,9,1,85,11,1598,1,16,RENAULT MEGANE,1,E01012637,0,1
2024131414697,2024,131414697,2,9,0,-1,19,7,3,-1,0,8,0,0,0,0,3,1,-1,6,1,77,11,1461,2,9,RENAULT MEGANE,3,E01011529,0,1
2024071021726,2024,071021726,2,9,0,-1,10,5,1,-1,0,4,0,0,0,0,0,1,-1,6,1,30,6,1598,1,12,RENAULT MEGANE,7,E01018409,0,1
2024552401013,2024,552401013,3,9,0,4,4,2,7,0,0,0,0,0,0,0,2,1,6,6,1,50,8,1461,2,14,RENAULT MEGANE,1,E01020555,0,3
2024421479582,2024,421479582,1,9,0,-1,9,1,2,-1,0,0,1,0,0,0,1,1,-1,6,1,33,6,1461,2,14,RENAULT MEGANE,7,E01021657,0,2
2024010511954,2024,010511954,1,9,0,9,9,1,6,0,0,2,0,0,0,0,1,1,3,7,2,37,7,1998,1,15,RENAULT MEGANE,2,E01001462,0,1
2024351506527,2024,351506527,3,9,0,-1,3,1,5,-1,0,2,0,0,0,0,4,1,-1,6,2,29,6,1870,2,13,RENAULT MEGANE,9,E01018275,0,3
2024061426500,2024,061426500,2,9,0,-1,9,5,3,-1,0,6,0,0,0,0,1,9,-1,6,3,-1,-1,1461,2,17,RENAULT MEGANE,-1,-1,0,-1
2024332400952,2024,332400952,1,9,0,-1,19,7,3,-1,0,0,0,0,0,0,1,1,-1,9,1,56,9,1461,2,12,RENAULT MEGANE,7,E01025826,0,1
2024340NN3952,2024,340NN3952,1,9,0,-1,19,1,5,-1,0,1,0,0,0,0,3,1,-1,9,1,58,9,1461,2,14,RENAULT MEGANE,6,E01027190,0,3
2024520403129,2024,520403129,1,9,0,18,19,7,3,0,0,0,0,0,1,0,1,1,6,6,2,29,6,1461,2,11,RENAULT MEGANE,8,E01020075,0,1
2024371468868,2024,371468868,1,9,0,-1,19,3,7,-1,0,0,0,0,0,0,1,1,-1,9,1,31,6,1461,2,9,RENAULT MEGANE,8,E01030000,0,1
2024010512320,2024,010512320,1,9,0,9,9,1,8,0,0,1,0,0,0,0,1,1,1,1,1,51,8,1461,2,6,RENAULT MEGANE,5,E01033836,0,4
2024221425687,2024,221425687,2,9,0,-1,9,6,4,-1,0,6,0,0,0,0,3,9,-1,9,2,68,10,1461,2,13,RENAULT MEGANE,1,E01008887,0,3
2024991417242,2024,991417242,1,9,0,-1,19,3,7,-1,0,1,0,0,0,0,3,1,-1,2,1,42,7,1330,1,5,RENAULT MEGANE,9,-1,0,1
2024332400325,2024,332400325,3,9,0,-1,19,4,8,-1,0,1,1,0,0,0,1,1,-1,6,2,54,8,1461,2,6,RENAULT MEGANE,7,E01013759,0,1
2024440415185,2024,440415185,1,9,0,18,19,2,6,0,0,8,0,0,0,0,4,1,3,7,2,30,6,1461,2,12,RENAULT MEGANE,9,E01030757,0,2
202460Q041699,2024,60Q041699,1,9,0,16,19,7,1,0,0,1,0,0,0,0,4,1,6,6,2,48,8,1998,1,14,RENAULT MEGANE,-1,-1,0,-1
2024010544829,2024,010544829,2,9,0,99,99,9,9,99,99,9,9,99,9,99,9,9,6,6,3,-1,-1,-1,3,1,RENAULT MEGANE,-1,-1,0,-1
2024440341101,2024,440341101,2,9,0,17,19,1,5,0,0,0,0,0,0,0,1,1,6,6,2,81,11,1598,1,18,RENAULT MEGANE,5,E01023061,0,1
2024411401984,2024,411401984,1,9,0,-1,19,5,1,-1,0,0,2,0,1,4,2,1,-1,2,1,47,8,1598,1,17,RENAULT MEGANE,7,E01033463,0,3
2024010501546,2024,010501546,2,9,0,99,99,9,9,99,99,0,9,99,9,99,9,9,6,6,3,-1,-1,1598,1,14,RENAULT MEGANE,-1,-1,0,-1
2024361439300,2024,361439300,1,9,0,-1,19,1,5,-1,0,1,0,0,0,0,1,1,-1,6,1,31,6,1598,1,18,RENAULT MEGANE,1,E01018107,0,1
2024991405002,2024,991405002,2,9,0,-1,2,5,1,-1,9,0,0,0,0,0,3,1,-1,9,2,32,6,1461,2,11,RENAULT MEGANE,2,-1,0,2
2024010538646,2024,010538646,1,9,0,7,7,7,1,0,0,8,0,0,8,2,3,1,6,6,1,18,4,1598,1,12,RENAULT MEGANE,3,E01000367,0,1
2024471446280,2024,471446280,1,9,0,-1,19,3,7,-1,0,0,0,0,0,0,1,1,-1,2,1,21,5,1461,2,14,RENAULT MEGANE,1,E01017032,0,4
2024430395207,2024,430395207,1,9,0,3,3,2,6,0,0,1,0,0,0,0,2,1,6,6,1,35,6,1598,1,14,RENAULT MEGANE,4,E01034613,0,4
2024010519946,2024,010519946,1,9,0,5,5,7,3,0,0,0,0,0,0,0,3,1,6,6,2,39,7,1598,1,12,RENAULT MEGANE,7,E01032570,0,3
2024070178978,2024,070178978,2,9,0,18,19,7,3,0,0,1,0,0,0,0,3,1,6,6,2,45,7,1870,2,14,RENAULT MEGANE,2,E01012370,0,1
2024141498395,2024,141498395,2,9,0,-1,19,7,3,-1,0,0,0,0,0,0,1,1,-1,9,1,36,7,1461,2,9,RENAULT MEGANE,2,E01005111,0,4
2024141397772,2024,141397772,1,9,0,-1,19,5,1,-1,0,0,1,0,0,0,1,9,-1,6,1,43,7,1870,2,16,RENAULT MEGANE,1,E01007943,0,2
202460Q071804,2024,60Q071804,1,9,0,18,19,5,1,0,0,2,0,0,0,0,4,1,1,1,2,42,7,1198,1,6,RENAULT MEGANE,-1,-1,0,-1
2024340WN3852,2024,340WN3852,1,9,0,-1,6,5,5,-1,0,8,0,0,0,0,2,1,-1,6,1,-1,-1,1598,1,15,RENAULT MEGANE,-1,-1,0,-1
2024211533062,2024,211533062,2,9,0,-1,2,0,0,-1,0,0,0,0,0,0,2,1,-1,6,1,64,9,1461,2,12,RENAULT MEGANE,5,E01029365,0,1
202454F217824,2024,54F217824,1,9,0,5,5,8,4,0,0,6,0,0,0,0,1,1,6,6,1,62,9,1461,2,12,RENAULT MEGANE,9,E01015586,0,1
2024010495874,2024,010495874,1,9,0,99,99,9,9,99,99,9,9,99,9,99,2,1,6,6,1,35,6,1598,1,15,RENAULT MEGANE,5,E01003161,0,1
2024010532276,2024,010532276,1,9,0,6,6,1,1,0,0,0,0,0,0,0,4,1,6,6,1,58,9,1461,2,8,RENAULT MEGANE,4,E01001478,0,1
2024332401173,2024,332401173,1,9,0,-1,9,2,8,-1,0,6,0,0,0,0,1,1,-1,9,2,55,8,1461,2,7,RENAULT MEGANE,6,E01035102,0,1
2024531414219,2024,531414219,1,9,0,-1,5,2,6,-1,0,6,0,0,0,0,1,9,-1,6,1,21,5,1461,2,16,RENAULT MEGANE,6,E01022388,0,1
2024041500375,2024,041500375,1,9,0,-1,19,8,4,-1,0,0,2,0,0,0,3,1,-1,9,1,36,7,1461,2,15,RENAULT MEGANE,4,E01007001,0,2
2024041511567,2024,041511567,1,9,0,-1,9,5,7,-1,0,0,0,0,0,0,3,1,-1,9,2,40,7,1598,1,15,RENAULT MEGANE,2,E01012658,0,1
2024622400714,2024,622400714,1,9,0,16,19,4,7,0,0,0,0,0,8,4,1,1,6,6,2,57,9,1870,3,0,RENAULT MEGANE,5,W01000927,0,2
2024231526672,2024,231526672,1,9,0,-1,13,4,8,-1,0,0,5,0,1,0,1,9,-1,2,1,51,8,1998,1,19,RENAULT MEGANE,10,E01035404,0,3
2024201517451,2024,201517451,2,9,0,-1,19,2,6,-1,0,0,0,0,0,0,1,1,-1,6,2,41,7,1461,2,10,RENAULT MEGANE,2,E01010028,0,2
2024041532976,2024,041532976,1,9,0,-1,5,5,3,-1,9,0,0,0,0,0,1,1,-1,9,1,64,9,1598,1,18,RENAULT MEGANE,8,E01025542,0,1
2024221433772,2024,221433772,2,9,0,-1,19,1,5,-1,0,8,0,0,0,0,1,1,-1,6,1,64,9,1870,2,13,RENAULT MEGANE,2,E01033248,0,2
2024201449760,2024,201449760,1,9,0,-1,19,2,6,-1,0,1,0,0,0,0,1,1,-1,6,1,45,7,1598,1,15,RENAULT MEGANE,-1,-1,0,-1
2024052400324,2024,052400324,1,9,0,18,19,5,1,0,0,1,0,0,0,0,1,1,6,6,1,28,6,1461,2,11,RENAULT MEGANE,1,E01006964,0,1
2024351440724,2024,351440724,2,9,0,-1,19,5,1,-1,0,0,0,0,0,0,1,1,-1,2,1,33,6,1598,1,21,RENAULT MEGANE,9,E01018201,0,3
2024332400197,2024,332400197,1,9,0,-1,19,5,1,-1,0,0,0,0,0,0,1,1,-1,6,2,-1,-1,1461,2,9,RENAULT MEGANE,-1,-1,0,-1
2024622400351,2024,622400351,2,9,0,18,19,2,6,0,0,1,0,0,0,0,1,1,6,6,3,-1,-1,1461,2,14,RENAULT MEGANE,-1,-1,0,-1
2024211525330,2024,211525330,1,9,0,-1,19,1,5,-1,0,0,1,0,0,0,1,1,-1,6,1,30,6,1461,2,8,RENAULT MEGANE,9,E01029818,0,1
202417M202924,2024,17M202924,1,9,0,8,8,4,6,0,0,1,0,0,0,0,2,1,6,6,2,56,9,1461,2,13,RENAULT MEGANE,2,E01027161,0,5
2024401444016,2024,401444016,1,9,0,-1,5,1,5,-1,0,2,0,0,8,0,3,1,-1,6,1,31,6,1461,2,10,RENAULT MEGANE,8,E01027209,0,4
2024531466782,2024,531466782,1,9,0,-1,19,1,2,-1,0,1,0,0,0,0,1,1,-1,6,2,60,9,1870,2,15,RENAULT MEGANE,6,E01022287,0,1
2024311441781,2024,311441781,3,9,0,-1,19,7,3,-1,0,8,0,0,0,0,2,1,-1,9,1,31,6,1598,1,12,RENAULT MEGANE,8,E01019616,0,4
2024421436882,2024,421436882,1,9,0,-1,19,5,1,-1,0,1,0,0,0,0,1,1,-1,6,2,-1,-1,1461,2,12,RENAULT MEGANE,-1,-1,0,-1
2024440056114,2024,440056114,1,9,0,18,19,8,4,0,0,4,0,0,0,0,3,1,3,7,2,26,6,1390,1,19,RENAULT MEGANE,2,E01022550,0,1
2024010535813,2024,010535813,2,9,0,9,9,7,4,7,6,1,0,0,0,0,3,1,6,6,1,64,9,1598,1,16,RENAULT MEGANE,4,E01003841,0,1
2024991404268,2024,991404268,1,9,0,-1,9,7,5,-1,0,2,0,0,0,0,1,1,-1,9,1,31,6,1198,1,8,RENAULT MEGANE,2,-1,0,4
2024061513810,2024,061513810,2,9,-1,-1,-1,-1,-1,-1,-1,-1,-1,-1,-1,0,-1,9,-1,6,2,-1,-1,1461,2,9,RENAULT MEGANE,6,E01005519,0,1
2024371442764,2024,371442764,3,9,0,-1,2,0,0,-1,-1,0,0,0,0,0,2,1,-1,6,1,-1,-1,1461,2,18,RENAULT MEGANE,-1,-1,0,-1
2024122400392,2024,122400392,2,9,0,3,3,7,3,0,0,0,0,0,0,0,2,1,1,1,1,37,7,1461,2,7,RENAULT MEGANE,1,E01008164,0,4
2024111420703,2024,111420703,2,9,0,-1,10,6,5,-1,0,1,1,0,7,0,3,1,-1,6,1,21,5,1461,2,15,RENAULT MEGANE,4,E01020899,0,1
2024531455691,2024,531455691,2,9,0,-1,19,5,1,-1,0,1,0,0,0,0,1,1,-1,1,1,41,7,-1,3,1,RENAULT MEGANE,3,E01022254,0,3
2024010506224,2024,010506224,1,9,0,18,19,3,7,0,0,0,0,0,0,0,1,1,6,6,1,28,6,1598,1,12,RENAULT MEGANE,8,E01014634,0,5
2024131529868,2024,131529868,1,9,0,-1,19,1,5,-1,0,8,0,0,0,0,1,1,-1,9,1,70,10,1461,2,13,RENAULT MEGANE,6,E01011518,0,1
2024052401481,2024,052401481,1,9,0,18,19,7,3,0,0,1,0,0,0,0,1,1,6,6,1,46,8,1461,2,14,RENAULT MEGANE,2,E01033300,0,4
2024041520256,2024,041520256,2,9,0,-1,2,0,0,-1,0,1,0,0,0,0,2,1,-1,6,-1,-1,-1,1598,1,15,RENAULT MEGANE,-1,-1,0,-1
202460Q034042,2024,60Q034042,2,9,0,18,19,4,8,0,0,1,0,0,0,0,1,1,6,6,2,22,5,1199,2,14,SEAT IBIZA,-1,-1,0,-1
2024351484497,2024,351484497,1,9,0,-1,19,1,5,-1,0,0,0,0,0,0,1,1,-1,9,2,39,7,999,1,8,SEAT IBIZA,2,E01015668,0,1
2024010514325,2024,010514325,2,8,0,18,19,4,8,0,0,0,0,0,0,0,1,1,6,6,3,-1,-1,1422,1,18,SEAT IBIZA,-1,-1,0,-1
2024052400480,2024,052400480,2,9,0,3,3,1,5,0,0,1,0,0,0,0,2,1,6,6,2,29,6,1598,1,14,SEAT IBIZA,2,E01006451,0,1
2024991535720,2024,991535720,2,9,0,-1,19,7,3,-1,0,0,0,0,0,0,1,1,-1,9,2,33,6,999,1,5,SEAT IBIZA,7,-1,0,2
2024201488568,2024,201488568,1,9,0,-1,19,5,1,-1,0,8,0,0,0,0,1,1,-1,2,1,22,5,999,1,4,SEAT IBIZA,8,E01029743,0,4
2024010543456,2024,010543456,2,9,0,99,99,9,9,99,99,9,9,99,9,99,1,9,6,6,3,-1,-1,1198,1,17,SEAT IBIZA,7,E01015967,0,4
2024131450358,2024,131450358,1,9,0,-1,13,6,2,-1,0,1,1,0,6,11,3,1,-1,1,1,44,7,1390,1,12,SEAT IBIZA,1,E01011617,0,1
2024631481357,2024,631481357,1,9,0,-1,19,4,8,-1,0,0,0,0,0,0,1,1,-1,2,2,28,6,1390,1,13,SEAT IBIZA,5,W01000559,0,1
2024411498608,2024,411498608,2,9,0,-1,19,3,7,-1,0,2,0,0,0,0,1,1,-1,1,1,59,9,999,1,1,SEAT IBIZA,4,E01023646,0,2
2024211429335,2024,211429335,1,9,-1,-1,-1,5,4,-1,-1,-1,-1,-1,-1,-1,-1,9,-1,6,1,19,4,1198,1,10,SEAT IBIZA,6,E01014360,0,1
2024361432284,2024,361432284,2,9,0,-1,2,1,5,-1,0,0,0,0,0,0,2,1,-1,6,2,59,9,999,1,1,SEAT IBIZA,10,E01026927,0,4
2024122400568,2024,122400568,2,9,0,18,19,7,3,0,0,8,0,0,0,0,1,1,6,6,2,75,10,1390,1,9,SEAT IBIZA,7,E01027593,0,3
2024991498858,2024,991498858,1,9,0,-1,19,4,1,-1,0,0,1,0,1,4,1,1,-1,9,1,17,4,1198,1,18,SEAT IBIZA,4,-1,0,1