collision_index,collision_year,collision_ref_no,vehicle_reference,vehicle_type,towing_and_articulation,vehicle_manoeuvre_historic,vehicle_manoeuvre,vehicle_direction_from,vehicle_direction_to,vehicle_location_restricted_lane_historic,vehicle_location_restricted_lane,junction_location,skidding_and_overturning,hit_object_in_carriageway,vehicle_leaving_carriageway,hit_object_off_carriageway,first_point_of_impact,vehicle_left_hand_drive,journey_purpose_of_driver_historic,journey_purpose_of_driver,sex_of_driver,age_of_driver,age_band_of_driver,engine_capacity_cc,propulsion_code,age_of_vehicle,generic_make_model,driver_imd_decile,lsoa_of_driver,escooter_flag,driver_distance_banding
2024211499776,2024,211499776,2,9,0,-1,19,5,1,-1,0,8,0,0,0,0,1,1,-1,2,2,39,7,1197,1,9,SEAT IBIZA,-1,-1,0,-1
2024201482885,2024,201482885,1,9,0,-1,3,1,5,-1,0,6,0,0,0,0,1,9,-1,9,1,20,4,999,1,6,SEAT IBIZA,1,E01010066,0,1
2024201432565,2024,201432565,1,9,0,-1,19,2,6,-1,0,2,0,0,0,0,1,9,-1,9,2,26,6,1197,1,13,SEAT IBIZA,1,E01009877,0,1
2024361480950,2024,361480950,1,9,0,-1,19,1,5,-1,0,0,5,0,1,4,4,1,-1,9,1,60,9,1598,2,15,SEAT IBIZA,3,E01026694,0,1
2024231416441,2024,231416441,1,9,0,-1,19,1,6,-1,0,8,0,0,1,9,1,1,-1,6,1,18,4,1197,1,11,SEAT IBIZA,2,E01029843,0,2
2024201451909,2024,201451909,2,9,0,-1,19,8,4,-1,0,1,2,10,7,2,1,1,-1,1,1,19,4,999,1,6,SEAT IBIZA,2,E01034931,0,1
2024545136324,2024,545136324,2,9,0,18,19,2,6,0,0,1,0,0,0,0,1,1,6,6,1,17,4,1197,1,12,SEAT IBIZA,8,E01028792,0,4
2024411541115,2024,411541115,3,9,0,-1,19,5,1,-1,0,0,0,0,0,0,2,1,-1,6,2,68,10,1390,1,16,SEAT IBIZA,3,E01023778,0,3
2024211458489,2024,211458489,2,9,0,-1,19,1,5,-1,0,0,0,0,0,0,3,1,-1,6,2,25,5,999,1,7,SEAT IBIZA,5,E01029611,0,1
2024451408152,2024,451408152,1,9,0,-1,19,7,3,-1,0,3,2,0,0,0,1,1,-1,2,1,17,4,1390,1,15,SEAT IBIZA,10,E01030475,0,1
2024061496284,2024,061496284,1,9,0,-1,3,8,2,-1,0,0,0,0,0,0,2,1,-1,9,2,20,4,999,1,8,SEAT IBIZA,7,E01006045,0,4
2024122500079,2024,122500079,1,9,0,18,19,1,5,0,0,1,0,0,0,0,1,1,2,2,2,35,6,1390,1,14,SEAT IBIZA,4,E01034980,0,1
2024101521955,2024,101521955,2,9,0,-1,4,6,2,-1,0,1,0,0,0,0,2,9,-1,6,2,34,6,1199,2,10,SEAT IBIZA,6,E01008750,0,2
2024122400670,2024,122400670,1,9,0,18,19,3,7,0,0,2,5,0,0,0,1,1,2,2,1,18,4,1390,1,14,SEAT IBIZA,4,E01027813,0,1
2024461508867,2024,461508867,3,9,0,-1,5,6,4,-1,0,1,0,0,0,0,2,1,-1,9,1,29,6,1390,1,11,SEAT IBIZA,4,E01024747,0,2
2024061512333,2024,061512333,1,9,0,-1,-1,-1,-1,-1,-1,0,-1,-1,-1,0,-1,1,-1,6,3,-1,-1,999,1,8,SEAT IBIZA,-1,-1,0,-1
2024471408861,2024,471408861,2,9,0,-1,9,1,7,-1,0,5,0,0,0,0,3,1,-1,6,1,33,6,1390,1,11,SEAT IBIZA,5,E01021089,0,1
2024501512013,2024,501512013,2,9,0,-1,19,6,2,-1,0,1,0,0,0,0,4,1,-1,9,2,19,4,1598,2,14,SEAT IBIZA,8,E01034858,0,4
2024361502482,2024,361502482,2,9,0,-1,9,6,1,-1,0,2,0,0,0,0,1,1,-1,6,2,75,10,1198,1,12,SEAT IBIZA,5,E01026761,0,3
2024221440220,2024,221440220,1,9,0,-1,-1,8,4,-1,-1,0,1,0,7,4,1,1,-1,-1,1,24,5,1390,1,12,SEAT IBIZA,1,E01009115,0,1
2024071020806,2024,071020806,2,9,9,-1,19,1,5,-1,0,3,9,0,0,0,4,1,-1,6,1,60,9,999,1,3,SEAT IBIZA,8,E01005793,0,4
2024461479263,2024,461479263,1,9,0,-1,5,7,1,-1,0,1,0,0,0,0,1,1,-1,6,2,46,8,999,1,5,SEAT IBIZA,2,E01024135,0,1
2024201467157,2024,201467157,1,9,0,-1,9,7,1,-1,0,8,0,0,0,0,4,1,-1,1,2,20,4,1198,1,14,SEAT IBIZA,3,E01009086,0,1
2024610036924,2024,610036924,1,9,0,4,4,4,8,0,0,8,0,0,1,0,3,1,6,6,1,19,4,1199,2,12,SEAT IBIZA,2,W01001334,0,1
2024631467147,2024,631467147,2,9,0,-1,5,8,4,-1,0,6,0,0,0,0,4,1,-1,1,1,56,9,999,1,0,SEAT IBIZA,7,W01000700,0,4
2024401397143,2024,401397143,2,9,0,-1,19,1,5,-1,0,1,0,0,0,0,1,1,-1,6,1,73,10,1390,1,14,SEAT IBIZA,3,E01001557,0,4
2024122500186,2024,122500186,2,9,0,5,5,1,5,0,0,1,0,0,0,0,1,1,2,2,2,43,7,1390,1,11,SEAT IBIZA,8,E01027605,0,1
2024201534283,2024,201534283,1,9,0,-1,19,1,6,-1,0,0,1,10,1,3,1,1,-1,6,1,29,6,1197,1,7,SEAT IBIZA,7,E01009976,0,1
2024461437182,2024,461437182,1,9,0,-1,19,1,5,-1,0,6,2,0,7,0,3,1,-1,6,2,27,6,1422,2,16,SEAT IBIZA,6,E01024378,0,3
2024231426099,2024,231426099,1,9,-1,-1,-1,2,6,-1,-1,0,1,0,0,0,1,9,-1,-1,1,26,6,1390,1,18,SEAT IBIZA,1,E01009202,0,3
2024131494448,2024,131494448,1,9,0,-1,9,1,5,-1,0,1,0,0,0,0,4,1,-1,6,1,22,5,999,1,1,SEAT IBIZA,5,E01011215,0,2
2024501513709,2024,501513709,2,9,0,-1,19,5,1,-1,0,8,0,0,0,0,1,1,-1,9,1,19,4,1598,2,13,SEAT IBIZA,3,E01018974,0,4
2024320620007,2024,320620007,1,9,0,6,6,6,6,0,0,0,0,0,0,0,2,1,-1,-1,2,23,5,999,1,4,SEAT IBIZA,9,E01026182,0,2
2024991477091,2024,991477091,1,9,0,-1,19,8,4,-1,0,0,0,0,0,0,1,1,-1,9,1,22,5,999,1,5,SEAT IBIZA,-1,-1,0,-1
2024371467952,2024,371467952,2,9,0,-1,5,6,8,-1,0,4,0,0,0,0,2,1,-1,9,2,35,6,999,1,3,SEAT IBIZA,9,E01033445,0,3
2024201490961,2024,201490961,1,9,0,-1,19,2,6,-1,0,1,0,0,0,0,1,9,-1,6,1,19,4,1390,1,13,SEAT IBIZA,3,E01032528,0,2
2024201462721,2024,201462721,2,9,0,-1,3,2,1,-1,0,3,0,0,0,0,2,1,-1,1,1,49,8,1390,1,11,SEAT IBIZA,2,E01009395,0,1
2024061508195,2024,061508195,1,9,0,-1,7,3,7,-1,0,1,0,0,0,0,3,1,-1,2,2,41,7,999,1,0,SEAT IBIZA,10,E01012513,0,3
2024211436190,2024,211436190,2,9,0,-1,7,6,2,-1,0,8,0,0,0,0,3,1,-1,9,2,19,4,1197,1,12,SEAT IBIZA,1,E01010466,0,1
2024131504435,2024,131504435,1,9,0,-1,19,7,3,-1,0,1,1,0,0,0,1,1,-1,9,1,47,8,1198,1,11,SEAT IBIZA,1,E01011378,0,1
2024421475047,2024,421475047,1,9,0,-1,19,1,4,-1,0,1,0,0,7,0,1,1,-1,2,1,20,4,1390,1,15,SEAT IBIZA,8,E01021382,0,2
2024631499186,2024,631499186,2,9,0,-1,3,6,2,-1,0,0,0,0,0,0,2,1,-1,6,2,47,8,1968,2,13,SEAT IBIZA,6,W01002002,0,3
2024991429375,2024,991429375,3,9,0,-1,19,6,2,-1,0,1,0,0,0,0,1,1,-1,6,2,25,5,999,1,5,SEAT IBIZA,10,-1,0,2
2024421411985,2024,421411985,2,9,0,-1,19,3,1,-1,0,3,5,0,0,0,4,1,-1,2,2,26,6,1197,1,8,SEAT IBIZA,9,E01035177,0,1
2024440351680,2024,440351680,2,9,0,18,19,7,3,0,0,0,0,0,0,0,2,1,6,6,1,51,8,1598,2,14,SEAT IBIZA,8,E01022944,0,4
2024471475212,2024,471475212,1,9,0,-1,9,1,3,-1,0,3,0,0,0,0,1,1,-1,9,2,67,10,1598,2,11,SEAT IBIZA,6,E01031375,0,1
2024371537105,2024,371537105,2,9,0,-1,4,1,5,-1,0,0,0,0,0,0,2,1,-1,1,2,48,8,999,1,0,SEAT IBIZA,3,E01029984,0,1
2024010538823,2024,010538823,2,9,0,9,9,1,7,0,0,1,0,0,0,0,3,1,1,1,1,50,8,999,1,4,SEAT IBIZA,6,E01001309,0,1
2024131414280,2024,131414280,1,9,0,-1,7,2,6,-1,0,6,0,0,0,0,1,1,-1,6,3,-1,-1,1968,2,11,SEAT IBIZA,-1,-1,0,-1
2024041465051,2024,041465051,2,9,0,-1,4,7,3,-1,0,1,0,0,0,0,4,1,-1,9,2,22,5,1390,1,16,SEAT IBIZA,4,E01024969,0,1
2024622400451,2024,622400451,2,9,0,3,3,8,4,0,0,0,0,0,0,0,2,1,2,2,1,18,4,1390,1,11,SEAT IBIZA,4,W01001253,0,4
2024610047824,2024,610047824,2,9,0,18,19,6,2,0,0,1,0,0,0,0,1,1,6,6,1,21,5,1390,1,10,SEAT IBIZA,-1,-1,0,-1
2024010548520,2024,010548520,3,9,0,5,5,7,3,0,0,1,2,0,0,0,1,1,6,6,1,35,6,1197,1,13,SEAT IBIZA,7,E01024448,0,3
2024461440428,2024,461440428,1,9,0,-1,19,3,4,-1,9,6,0,0,0,0,3,1,-1,2,2,59,9,1390,1,19,SEAT IBIZA,1,E01024193,0,1
2024501417973,2024,501417973,1,9,0,-1,3,2,6,-1,0,8,0,0,0,0,3,1,-1,1,2,56,9,1390,1,15,SEAT IBIZA,7,E01015203,0,1
2024401535880,2024,401535880,2,9,0,-1,4,5,1,-1,0,0,0,0,0,0,1,1,-1,6,1,31,6,1390,1,9,SEAT IBIZA,6,E01017617,0,2
202460Q189506,2024,60Q189506,1,9,0,9,9,2,6,0,0,1,0,0,0,0,1,1,6,6,1,19,4,999,1,0,SEAT IBIZA,-1,-1,0,-1
2024991495385,2024,991495385,2,9,0,-1,7,6,2,-1,0,0,0,0,1,4,1,1,-1,9,1,17,4,1390,1,12,SEAT IBIZA,7,-1,0,4
2024052401136,2024,052401136,2,9,0,18,19,1,5,0,0,1,0,0,0,0,1,1,6,6,1,18,4,1390,1,14,SEAT IBIZA,4,E01006887,0,1
2024122401091,2024,122401091,1,9,0,18,19,1,5,0,0,0,0,0,0,0,1,1,6,6,1,34,6,1197,1,7,SEAT IBIZA,2,E01034260,0,4
2024991530380,2024,991530380,1,9,0,-1,9,1,6,-1,0,0,0,0,0,0,4,1,-1,9,2,59,9,999,1,0,SEAT IBIZA,4,-1,0,1
2024430273641,2024,430273641,1,9,0,9,9,7,5,0,0,5,0,0,0,0,1,1,6,6,2,66,10,1568,1,15,SEAT IBIZA,7,E01028676,0,1
2024010543798,2024,010543798,2,9,0,3,3,1,5,0,0,1,0,0,0,0,2,1,6,6,1,34,6,1390,1,15,SEAT IBIZA,6,E01003741,0,2
2024201553744,2024,201553744,4,9,0,-1,3,5,1,-1,0,0,0,0,0,0,1,9,-1,6,2,18,4,999,1,0,SEAT IBIZA,1,E01009326,0,1
2024552400358,2024,552400358,2,9,0,16,19,4,7,0,0,0,2,0,1,4,1,1,6,6,1,18,4,1198,1,13,SEAT IBIZA,6,E01020440,0,2
2024320459180,2024,320459180,1,9,0,-1,-1,4,8,0,0,1,0,8,0,6,1,1,-1,-1,1,25,5,1390,1,14,SEAT IBIZA,9,E01013788,0,2
2024070768279,2024,070768279,2,9,0,-1,19,1,5,-1,0,1,0,0,0,0,1,1,-1,6,1,20,4,999,1,7,SEAT IBIZA,6,E01035065,0,4
2024440347575,2024,440347575,1,9,0,18,19,1,5,0,0,0,0,0,0,0,2,1,2,2,1,46,8,1390,1,18,SEAT IBIZA,8,E01016326,0,3
2024131428008,2024,131428008,2,9,0,-1,19,1,5,-1,0,0,0,0,0,0,2,1,-1,6,1,34,6,1390,1,14,SEAT IBIZA,1,E01011434,0,1
202417M300924,2024,17M300924,1,9,0,9,9,2,8,0,0,8,0,0,0,0,1,1,6,6,1,83,11,999,1,4,SEAT IBIZA,4,E01012043,0,1
2024440210396,2024,440210396,1,9,0,18,19,4,8,0,0,7,0,0,3,0,1,1,6,6,1,22,5,1395,1,9,SEAT IBIZA,10,E01022554,0,3
2024461534170,2024,461534170,1,9,0,-1,9,6,4,-1,0,1,0,0,0,0,1,1,-1,6,2,39,7,1968,2,13,SEAT IBIZA,2,E01024685,0,1
2024061473786,2024,061473786,2,9,0,-1,9,-1,-1,-1,4,0,0,0,0,0,1,1,-1,6,3,-1,-1,999,1,8,SEAT IBIZA,-1,-1,0,-1
2024221528740,2024,221528740,1,9,0,-1,19,8,6,-1,0,0,0,0,1,10,1,9,-1,6,2,43,7,1198,1,12,SEAT IBIZA,7,W01000484,0,2
2024201534844,2024,201534844,2,9,0,-1,3,6,2,-1,0,0,0,0,0,0,2,1,-1,6,2,38,7,1390,1,9,SEAT IBIZA,2,E01010452,0,1
2024041454648,2024,041454648,1,9,0,-1,19,7,1,-1,0,1,1,0,7,0,4,1,-1,6,1,24,5,1390,1,15,SEAT IBIZA,3,E01012651,0,1
2024340WN2582,2024,340WN2582,1,9,0,-1,19,3,7,-1,0,0,0,0,0,0,4,1,-1,9,1,17,4,999,1,7,SEAT IBIZA,9,E01026998,0,2
2024440286056,2024,440286056,2,9,0,18,19,3,7,0,0,0,0,0,0,0,0,1,6,6,1,24,5,999,1,6,SEAT IBIZA,9,E01030488,0,4
2024302401554,2024,302401554,2,9,0,9,9,3,1,0,0,8,0,0,0,0,1,1,6,6,1,17,4,1390,1,14,SEAT IBIZA,2,E01019699,0,2
2024461434243,2024,461434243,2,9,0,-1,3,7,3,-1,0,1,0,0,0,0,2,9,-1,9,1,46,8,1598,2,14,SEAT IBIZA,2,E01024247,0,4
202454A674624,2024,54A674624,2,9,0,18,19,3,7,0,0,1,0,0,6,2,1,1,3,7,2,24,5,1390,1,15,SEAT IBIZA,6,E01034539,0,2
2024991400523,2024,991400523,1,9,0,-1,5,7,3,-1,0,0,0,0,0,0,4,1,-1,9,2,38,7,1197,1,11,SEAT IBIZA,-1,-1,0,-1
2024041510716,2024,041510716,1,9,0,-1,9,5,3,-1,0,8,0,0,0,0,2,1,-1,9,2,23,5,999,1,8,SEAT IBIZA,6,E01034351,0,1
2024361455913,2024,361455913,1,9,0,-1,4,5,1,-1,0,0,0,0,0,0,1,1,-1,6,1,44,7,1390,1,13,SEAT IBIZA,3,E01026779,0,4
2024041490539,2024,041490539,4,9,0,-1,19,5,1,-1,0,0,0,0,0,0,2,1,-1,1,2,23,5,999,1,0,SEAT IBIZA,7,E01012597,0,3
2024122400588,2024,122400588,1,9,0,6,6,1,1,0,0,8,0,0,0,0,2,1,6,6,2,32,6,1197,1,11,SEAT IBIZA,3,E01011806,0,1
2024440502011,2024,440502011,4,9,0,18,19,5,1,0,0,1,0,0,0,0,1,1,2,2,1,29,6,1390,1,10,SEAT IBIZA,7,E01016348,0,2
2024411404788,2024,411404788,2,9,0,-1,-1,-1,-1,-1,0,-1,0,0,0,0,-1,9,-1,9,2,26,6,1390,1,11,SEAT IBIZA,5,E01030725,0,4
2024631441424,2024,631441424,1,9,0,-1,19,5,1,-1,0,0,0,4,0,0,1,1,-1,9,1,21,5,1798,1,7,SEAT IBIZA,7,W01000731,0,3
2024131498554,2024,131498554,2,9,0,-1,2,1,5,-1,0,0,0,0,0,0,0,1,-1,6,3,-1,-1,1197,1,9,SEAT IBIZA,-1,-1,0,-1
2024122400119,2024,122400119,1,9,0,7,7,5,3,0,0,6,0,0,0,0,1,1,6,6,1,19,4,1598,2,14,SEAT IBIZA,6,E01006803,0,5
2024361456080,2024,361456080,2,9,0,-1,19,6,1,-1,0,0,0,0,5,0,2,1,-1,9,2,38,7,1390,1,17,SEAT IBIZA,5,E01030259,0,1
2024201524540,2024,201524540,1,9,0,-1,19,1,5,-1,0,1,0,0,0,0,4,1,-1,6,-1,-1,-1,1390,1,10,SEAT IBIZA,-1,-1,0,-1
2024041494109,2024,041494109,1,9,0,-1,19,1,5,-1,0,2,5,0,2,11,1,1,-1,6,1,19,4,999,1,0,SEAT IBIZA,1,E01012594,0,1
2024430289222,2024,430289222,2,9,0,13,13,1,5,0,0,0,0,0,0,0,3,1,2,2,1,36,7,1197,1,11,SEAT IBIZA,9,E01032297,0,4
2024430058062,2024,430058062,1,9,0,9,9,3,1,0,0,6,0,0,1,1,1,1,6,6,2,21,5,1598,1,15,SEAT IBIZA,2,E01016415,0,1
2024041483899,2024,041483899,2,9,0,-1,19,1,5,-1,0,0,0,0,0,0,2,1,-1,9,1,25,5,1498,1,6,SEAT IBIZA,8,E01024923,0,4
2024041507116,2024,041507116,3,9,0,-1,19,8,4,-1,0,1,0,0,0,0,1,1,-1,6,2,22,5,999,1,5,SEAT IBIZA,10,E01025278,0,2
2024552401190,2024,552401190,2,9,0,10,10,3,1,0,0,5,0,0,0,0,2,1,6,6,1,68,10,1390,1,13,SEAT IBIZA,5,E01020456,0,2
2024302401487,2024,302401487,2,9,0,17,19,6,3,0,0,1,1,0,0,0,3,1,2,2,2,35,6,1199,2,14,SEAT IBIZA,1,E01033167,0,2
2024351534362,2024,351534362,2,9,0,-1,7,-1,-1,-1,0,2,0,0,0,0,2,9,-1,6,1,64,9,999,1,0,SEAT IBIZA,10,E01026364,0,3
2024041418790,2024,041418790,2,9,0,-1,19,5,1,-1,0,0,0,0,0,0,4,1,-1,6,2,22,5,999,1,6,SEAT IBIZA,2,E01006352,0,2
2024451443437,2024,451443437,1,9,0,-1,5,-1,-1,-1,0,6,0,0,0,0,0,1,-1,9,2,17,4,1198,1,12,SEAT IBIZA,9,E01030772,0,1
2024041496483,2024,041496483,1,9,0,-1,19,5,1,-1,0,0,0,0,0,0,3,1,-1,6,1,-1,-1,1199,2,13,SEAT IBIZA,-1,-1,0,-1
2024031441108,2024,031441108,1,9,0,-1,19,2,5,-1,0,0,5,0,7,0,1,1,-1,9,1,19,4,1197,1,9,SEAT IBIZA,2,E01019277,0,2
2024622400377,2024,622400377,1,9,0,12,12,8,4,0,0,2,0,0,0,0,1,1,6,6,3,-1,-1,1198,1,16,SEAT IBIZA,-1,-1,0,-1
2024361425686,2024,361425686,2,9,0,-1,4,5,1,-1,0,1,0,0,0,0,2,1,-1,2,1,26,6,1198,1,12,SEAT IBIZA,1,E01026809,0,3
2024141450471,2024,141450471,1,9,0,-1,19,1,5,-1,0,0,0,0,7,2,1,1,-1,2,1,29,6,1390,1,10,SEAT IBIZA,9,E01011199,0,1
2024101502563,2024,101502563,1,9,0,-1,9,6,3,-1,0,8,0,0,0,0,1,1,-1,1,1,22,5,1390,1,11,SEAT IBIZA,5,E01008774,0,1
2024552401524,2024,552401524,1,9,0,18,19,1,5,0,0,0,0,0,0,0,1,1,1,1,2,26,6,1390,1,12,SEAT IBIZA,4,E01034284,0,1
2024461521427,2024,461521427,2,9,0,-1,4,1,5,-1,0,1,0,0,0,0,2,1,-1,9,2,38,7,999,1,6,SEAT IBIZA,4,E01016115,0,1
2024522500116,2024,522500116,1,9,0,3,3,2,6,0,0,2,0,0,0,0,4,1,6,6,1,-1,-1,999,1,7,SEAT IBIZA,9,E01014931,0,2
2024552400473,2024,552400473,1,9,0,18,19,3,7,0,0,0,2,4,0,0,4,1,6,6,1,24,5,1390,1,17,SEAT IBIZA,4,E01022988,0,3
2024141513167,2024,141513167,1,9,0,-1,19,8,4,-1,0,1,0,0,0,0,1,1,-1,9,2,63,9,1198,1,15,SEAT IBIZA,6,E01007456,0,1
2024501421560,2024,501421560,1,9,0,-1,19,3,7,-1,0,0,5,10,8,10,3,1,-1,9,1,17,4,1390,1,17,SEAT IBIZA,5,E01020101,0,2
2024111470757,2024,111470757,2,9,0,-1,4,7,3,-1,0,4,0,0,0,0,2,1,-1,6,2,39,7,999,1,6,SEAT IBIZA,10,E01013435,0,4
2024131475863,2024,131475863,1,9,0,-1,9,1,2,-1,0,0,0,0,0,0,1,1,-1,6,2,32,6,1390,1,13,SEAT IBIZA,4,E01011114,0,3
2024552401107,2024,552401107,3,9,0,10,10,6,2,0,0,8,0,0,0,0,3,1,2,2,2,21,5,1390,1,19,SEAT IBIZA,5,E01020534,0,2
2024361442813,2024,361442813,1,9,0,-1,19,8,5,-1,0,2,0,0,1,0,1,1,-1,9,1,18,4,1390,1,16,SEAT IBIZA,-1,-1,0,-1
2024122500109,2024,122500109,1,9,0,9,9,1,7,0,0,6,0,0,0,0,1,1,6,6,2,19,4,1197,1,9,SEAT IBIZA,10,E01013381,0,1
2024161492585,2024,161492585,1,9,0,-1,9,4,5,-1,0,8,0,0,0,0,4,1,-1,7,2,30,6,1598,2,13,SEAT IBIZA,6,E01013105,0,1
2024010545839,2024,010545839,2,9,0,18,19,1,5,0,0,4,1,0,1,10,1,1,6,6,1,20,4,1390,1,18,SEAT IBIZA,3,E01000103,0,1
2024471478931,2024,471478931,1,9,0,-1,19,3,7,-1,0,0,5,4,0,0,1,1,-1,9,2,45,7,1390,1,10,SEAT IBIZA,8,E01016917,0,1
2024101522467,2024,101522467,1,9,0,-1,19,2,6,-1,0,1,0,0,0,0,1,1,-1,9,1,38,7,1197,1,9,SEAT IBIZA,1,E01033547,0,1
2024061424071,2024,061424071,1,9,0,-1,9,-1,-1,-1,0,1,0,0,0,0,3,1,-1,9,2,22,5,999,1,5,SEAT IBIZA,6,E01006157,0,1
2024622400492,2024,622400492,3,9,0,3,3,8,4,0,0,1,0,0,0,0,4,1,6,6,1,20,4,999,1,6,SEAT IBIZA,6,W01001504,0,3
2024471460200,2024,471460200,1,9,0,-1,19,5,1,-1,0,0,0,0,1,10,1,1,-1,9,2,19,4,999,1,1,SEAT IBIZA,6,E01031632,0,2
2024211456219,2024,211456219,1,9,0,-1,9,6,4,-1,0,8,0,0,0,0,4,1,-1,6,2,18,4,1390,1,12,SEAT IBIZA,6,E01014360,0,1
2024141428056,2024,141428056,2,9,0,-1,2,0,0,-1,0,0,0,0,0,0,2,1,-1,6,-1,-1,-1,999,1,6,SEAT IBIZA,-1,-1,0,-1
2024010543240,2024,010543240,1,9,0,9,9,5,3,0,0,5,0,0,0,0,4,1,6,6,1,26,6,1390,1,18,SEAT IBIZA,7,E01002581,0,1
2024141401009,2024,141401009,2,9,0,-1,4,5,1,-1,0,1,0,0,0,0,1,1,-1,9,2,25,5,1598,2,14,SEAT IBIZA,1,E01008055,0,2
2024101488636,2024,101488636,1,9,0,-1,19,5,1,-1,0,1,1,0,1,0,4,1,-1,9,1,26,6,1197,1,8,SEAT IBIZA,6,E01027466,0,3
2024471496078,2024,471496078,1,9,0,-1,19,5,2,-1,0,1,0,0,1,0,1,1,-1,2,1,63,9,1390,1,21,SEAT IBIZA,8,E01021190,0,3
2024161454053,2024,161454053,1,9,0,-1,19,7,3,-1,5,0,0,0,0,0,1,1,-1,9,1,18,4,1390,1,17,SEAT IBIZA,1,E01012786,0,1
2024101467922,2024,101467922,1,9,0,-1,19,5,1,-1,0,8,0,0,0,0,1,1,-1,6,2,20,4,999,1,5,SEAT IBIZA,3,E01008718,0,1
2024141440939,2024,141440939,1,9,0,-1,3,8,4,-1,0,8,0,0,0,0,2,1,-1,9,1,64,9,999,1,7,SEAT IBIZA,3,E01007351,0,2
2024201491991,2024,201491991,1,9,0,-1,12,4,6,-1,0,0,0,0,0,0,1,1,-1,6,2,18,4,1390,1,12,SEAT IBIZA,-1,-1,0,-1
2024440508261,2024,440508261,5,9,0,2,2,0,0,0,0,0,0,0,0,0,1,1,6,6,3,-1,-1,1390,1,9,SEAT IBIZA,-1,-1,0,-1
2024421520764,2024,421520764,2,9,0,-1,19,5,1,-1,0,3,0,0,0,0,3,1,-1,9,1,17,4,1197,1,9,SEAT IBIZA,7,E01033720,0,4
2024231462111,2024,231462111,1,9,0,-1,10,3,8,-1,0,6,0,0,0,0,1,1,-1,9,2,21,5,1422,2,8,SEAT IBIZA,3,E01025866,0,4
2024451457803,2024,451457803,2,9,0,-1,19,6,2,-1,0,1,0,0,0,0,1,1,-1,9,1,42,7,1198,1,20,SEAT IBIZA,10,E01031003,0,1
2024201440320,2024,201440320,2,9,0,-1,19,4,8,-1,0,8,0,0,0,0,1,9,-1,6,1,24,5,1197,1,12,SEAT IBIZA,1,E01034930,0,1
2024101503054,2024,101503054,1,9,0,-1,19,1,6,-1,0,0,1,0,8,11,1,1,-1,6,1,25,5,1390,1,15,SEAT IBIZA,5,E01008861,0,4
2024122400842,2024,122400842,2,9,0,18,19,7,2,0,0,0,0,0,0,0,1,1,6,6,2,36,7,1968,2,14,SEAT IBIZA,5,E01027630,0,3
2024440133762,2024,440133762,1,9,0,18,19,8,4,0,0,0,2,0,1,9,4,1,6,6,1,17,4,1197,1,11,SEAT IBIZA,7,E01023215,0,3
2024221521570,2024,221521570,1,9,0,-1,19,4,1,-1,0,0,0,0,0,0,1,1,-1,2,2,37,7,1198,1,20,SEAT IBIZA,3,E01032224,0,4
2024211431764,2024,211431764,1,9,0,-1,5,7,4,-1,0,2,0,0,0,0,4,1,-1,9,2,26,6,1197,1,9,SEAT IBIZA,4,E01029394,0,1
2024141513669,2024,141513669,3,9,0,-1,7,2,4,-1,0,1,0,0,0,0,3,1,-1,1,2,24,5,999,1,7,SEAT IBIZA,4,E01007746,0,2
2024461512399,2024,461512399,2,9,0,-1,19,5,1,-1,0,0,0,0,0,0,1,1,-1,9,1,72,10,1390,1,17,SEAT IBIZA,8,E01024845,0,2
2024041535700,2024,041535700,1,9,0,-1,19,3,7,-1,0,0,2,0,7,9,1,1,-1,9,1,17,4,1197,1,9,SEAT IBIZA,5,E01004840,0,2
2024991471366,2024,991471366,2,9,0,-1,9,3,8,-1,0,0,0,0,0,0,1,1,-1,1,1,20,4,999,1,5,SEAT IBIZA,6,-1,0,2
2024401495892,2024,401495892,1,9,0,-1,7,7,2,-1,0,0,0,0,0,0,3,1,-1,6,1,24,5,999,1,5,SEAT IBIZA,7,E01017608,0,1
2024471438040,2024,471438040,3,9,0,-1,2,0,0,-1,0,0,0,0,0,0,2,1,-1,6,-1,-1,-1,1896,2,23,SEAT IBIZA,-1,-1,0,-1
2024622400812,2024,622400812,1,9,0,18,19,7,3,0,0,2,0,0,0,0,1,1,6,6,2,47,8,999,1,4,SEAT IBIZA,5,W01000919,0,3
2024010494288,2024,010494288,2,9,0,18,19,1,5,0,0,4,0,0,0,0,1,1,2,2,2,39,7,1390,1,15,SEAT IBIZA,6,E01004178,0,1
2024351455682,2024,351455682,1,9,0,-1,2,0,0,-1,0,0,0,0,0,0,3,1,-1,6,1,30,6,1390,1,12,SEAT IBIZA,10,E01022075,0,4
2024010533279,2024,010533279,1,9,0,18,19,1,5,0,0,1,0,0,0,0,1,1,6,6,2,24,5,1390,1,9,SEAT IBIZA,9,E01000424,0,1
2024122500354,2024,122500354,1,9,0,18,19,1,5,0,0,0,0,0,4,1,1,1,6,6,2,20,4,1199,2,13,SEAT IBIZA,10,E01013340,0,4
2024440537686,2024,440537686,2,9,0,18,19,1,5,0,0,8,0,0,0,0,1,1,2,2,1,28,6,1197,1,10,SEAT IBIZA,8,E01017145,0,1
2024471448746,2024,471448746,2,9,0,-1,4,7,3,-1,0,0,0,0,0,0,4,1,-1,9,1,22,5,1896,2,22,SEAT IBIZA,2,E01031437,0,2
2024211451293,2024,211451293,2,9,0,-1,19,6,6,-1,0,2,1,0,1,0,1,1,-1,9,1,17,4,1197,1,8,SEAT IBIZA,4,E01029831,0,2