collision_index,collision_year,collision_ref_no,vehicle_reference,vehicle_type,towing_and_articulation,vehicle_manoeuvre_historic,vehicle_manoeuvre,vehicle_direction_from,vehicle_direction_to,vehicle_location_restricted_lane_historic,vehicle_location_restricted_lane,junction_location,skidding_and_overturning,hit_object_in_carriageway,vehicle_leaving_carriageway,hit_object_off_carriageway,first_point_of_impact,vehicle_left_hand_drive,journey_purpose_of_driver_historic,journey_purpose_of_driver,sex_of_driver,age_of_driver,age_band_of_driver,engine_capacity_cc,propulsion_code,age_of_vehicle,generic_make_model,driver_imd_decile,lsoa_of_driver,escooter_flag,driver_distance_banding
2024141441990,2024,141441990,1,9,0,-1,19,2,6,-1,0,0,5,0,7,0,1,1,-1,6,2,21,5,1390,1,11,SEAT IBIZA,5,E01008034,0,2
2024401415680,2024,401415680,3,9,0,-1,2,0,0,-1,0,0,0,0,0,0,3,9,-1,6,-1,-1,-1,1390,1,16,SEAT IBIZA,-1,-1,0,-1
2024211437780,2024,211437780,2,9,-1,-1,8,8,2,-1,-1,0,-1,-1,-1,0,-1,1,-1,6,2,32,6,999,1,0,SEAT IBIZA,9,E01018494,0,4
2024531403179,2024,531403179,3,9,0,-1,19,7,3,-1,0,8,5,0,1,0,3,1,-1,6,1,52,8,999,1,6,SEAT IBIZA,9,E01022115,0,3
2024471513154,2024,471513154,2,9,0,-1,19,3,7,-1,0,1,0,0,0,0,3,1,-1,9,1,18,4,1198,1,17,SEAT IBIZA,6,E01031445,0,1
2024010535571,2024,010535571,2,9,0,5,5,3,7,0,0,1,0,0,0,0,1,1,6,6,1,33,6,999,1,3,SEAT IBIZA,4,E01000428,0,1
2024131442448,2024,131442448,1,9,0,-1,19,3,3,-1,0,8,2,10,0,0,4,1,-1,2,1,18,4,999,1,6,SEAT IBIZA,4,E01010921,0,2
2024501524805,2024,501524805,2,9,0,-1,4,3,7,-1,0,1,1,0,0,0,1,1,-1,2,2,19,4,1197,1,11,SEAT IBIZA,3,E01034172,0,1
2024211457113,2024,211457113,2,9,0,-1,19,2,6,-1,0,0,0,0,0,0,1,1,-1,6,2,22,5,1197,1,8,SEAT IBIZA,1,E01014224,0,1
2024531495490,2024,531495490,2,9,0,-1,19,4,8,-1,0,0,0,0,0,0,1,1,-1,9,2,22,5,999,1,6,SEAT IBIZA,8,E01032709,0,4
2024631503669,2024,631503669,1,9,0,-1,19,8,3,-1,0,0,5,0,8,1,1,1,-1,6,1,20,4,1198,1,13,SEAT IBIZA,9,W01000580,0,1
2024211508966,2024,211508966,2,9,0,-1,19,5,1,-1,0,0,0,0,0,0,2,1,-1,6,2,21,5,1422,2,9,SEAT IBIZA,4,E01029689,0,1
2024131403443,2024,131403443,2,9,0,-1,19,1,5,-1,0,8,0,0,0,0,3,1,-1,9,2,21,5,999,1,7,SEAT IBIZA,1,E01011611,0,1
2024221462174,2024,221462174,2,9,0,-1,19,8,4,-1,0,4,0,0,0,0,1,9,-1,6,1,38,7,1598,2,11,SEAT IBIZA,1,E01008978,0,3
2024231468298,2024,231468298,1,9,0,-1,19,7,3,-1,0,8,0,0,0,0,1,1,-1,2,2,22,5,999,1,6,SEAT IBIZA,9,E01031154,0,1
202460Q095415,2024,60Q095415,2,9,0,17,19,3,7,0,0,0,5,0,0,0,1,1,2,2,2,27,6,1390,1,10,SEAT IBIZA,-1,-1,0,-1
2024101505190,2024,101505190,1,9,0,-1,9,1,7,-1,0,8,0,0,0,0,1,1,-1,9,2,17,4,999,1,0,SEAT IBIZA,6,E01027490,0,3
2024531467714,2024,531467714,1,9,0,-1,19,1,5,-1,0,0,0,0,0,0,1,1,-1,6,2,45,7,1390,1,14,SEAT IBIZA,2,E01010446,0,4
2024201450654,2024,201450654,1,9,0,-1,5,5,1,-1,0,0,0,0,0,0,3,1,-1,6,1,46,8,1390,1,10,SEAT IBIZA,1,E01009358,0,1
2024991536580,2024,991536580,1,9,0,-1,9,5,3,-1,0,8,0,0,0,0,4,1,-1,9,2,23,5,999,1,0,SEAT IBIZA,4,-1,0,3
2024991443535,2024,991443535,1,9,0,-1,19,5,1,-1,0,0,0,0,1,4,1,1,-1,6,1,22,5,1968,2,11,SEAT IBIZA,5,-1,0,1
2024211517251,2024,211517251,1,9,0,-1,13,2,6,-1,0,1,1,0,0,0,1,1,-1,6,1,17,4,1197,1,10,SEAT IBIZA,6,E01029413,0,1
2024041482213,2024,041482213,1,9,0,-1,5,1,1,-1,0,0,0,0,0,0,3,1,-1,6,2,60,9,999,1,3,SEAT IBIZA,1,E01012641,0,1
2024201437038,2024,201437038,2,9,0,-1,7,5,6,-1,0,5,0,0,0,0,4,9,-1,2,2,24,5,999,1,7,SEAT IBIZA,2,E01009050,0,1
2024141489457,2024,141489457,1,9,0,-1,19,7,2,-1,0,0,2,4,7,0,1,9,-1,6,1,18,4,1197,1,10,SEAT IBIZA,8,E01008130,0,1
2024131487639,2024,131487639,1,9,0,-1,-1,-1,-1,-1,-1,8,-1,-1,-1,0,-1,1,-1,6,3,-1,-1,999,1,8,SEAT IBIZA,-1,-1,0,-1
2024131502372,2024,131502372,3,9,0,-1,2,0,0,-1,0,0,0,0,0,0,2,1,-1,6,-1,-1,-1,999,1,1,SEAT IBIZA,-1,-1,0,-1
2024461489565,2024,461489565,2,9,0,-1,19,5,1,-1,0,0,0,0,0,0,1,9,-1,6,2,24,5,999,1,3,SEAT IBIZA,6,E01024592,0,1
2024141450966,2024,141450966,1,9,0,-1,3,3,7,-1,0,1,0,0,0,0,4,1,-1,9,2,36,7,1598,2,14,SEAT IBIZA,6,E01007516,0,2
2024440226092,2024,440226092,3,9,0,18,19,2,6,0,0,0,0,0,0,0,1,1,6,6,1,17,4,1422,2,15,SEAT IBIZA,8,E01022929,0,3
2024211527996,2024,211527996,2,9,0,-1,19,7,3,-1,0,1,0,0,0,0,4,1,-1,9,2,22,5,1390,1,10,SEAT IBIZA,3,E01029381,0,1
2024340WN1362,2024,340WN1362,1,9,0,-1,19,8,4,-1,0,1,0,0,0,0,1,1,-1,2,1,36,7,1390,1,21,SEAT IBIZA,10,E01032983,0,1
2024221512568,2024,221512568,2,9,0,-1,9,8,6,-1,0,5,0,0,0,0,1,1,-1,6,2,18,4,1199,2,13,SEAT IBIZA,5,E01014059,0,2
2024401484590,2024,401484590,2,9,0,-1,4,-1,-1,-1,0,0,0,0,0,0,2,9,-1,9,1,22,5,999,1,6,SEAT IBIZA,5,E01017475,0,4
2024010544453,2024,010544453,1,9,0,18,19,3,7,0,0,0,0,0,0,0,4,1,2,2,2,31,6,999,1,7,SEAT IBIZA,-1,-1,0,-1
2024522402603,2024,522402603,1,9,0,7,7,5,7,0,0,6,0,10,7,11,1,1,6,6,1,24,5,1197,1,10,SEAT IBIZA,1,E01014594,0,1
2024361469793,2024,361469793,1,9,0,-1,9,7,5,-1,0,1,0,0,0,0,3,1,-1,2,1,60,9,1198,1,20,SEAT IBIZA,5,E01026618,0,1
2024221498512,2024,221498512,1,9,0,-1,19,7,3,-1,0,6,0,0,0,0,3,9,-1,6,2,21,5,1390,1,10,SEAT IBIZA,2,E01028934,0,2
2024111489880,2024,111489880,2,9,0,-1,4,1,5,-1,0,0,0,0,0,0,2,1,-1,9,1,29,6,1197,1,9,SEAT IBIZA,9,E01023477,0,5
2024421502719,2024,421502719,3,9,0,-1,19,3,7,-1,0,0,0,0,0,0,1,1,-1,1,2,36,7,999,1,3,SEAT IBIZA,2,E01021700,0,4
2024141444634,2024,141444634,1,9,0,-1,4,7,3,-1,0,0,0,0,0,0,1,1,-1,9,2,60,9,1598,2,9,SEAT IBIZA,7,E01007841,0,1
2024231513373,2024,231513373,2,9,0,-1,19,8,4,-1,0,0,0,0,0,0,2,9,-1,9,2,33,6,1390,1,12,SEAT IBIZA,6,E01028458,0,4
2024311447048,2024,311447048,1,9,0,-1,19,1,5,-1,0,0,0,0,0,0,1,2,-1,2,1,19,4,1390,1,15,SEAT IBIZA,2,E01033392,0,1
2024461472628,2024,461472628,2,9,0,-1,19,1,5,-1,0,8,0,0,0,0,3,1,-1,9,1,22,5,1390,1,9,SEAT IBIZA,4,E01034985,0,1
2024302400542,2024,302400542,1,9,0,18,19,1,5,0,0,0,0,0,0,0,1,1,6,6,1,32,6,1198,1,17,SEAT IBIZA,3,E01013455,0,2
2024401486345,2024,401486345,2,9,0,-1,19,7,3,-1,0,1,0,0,0,0,1,1,-1,6,1,19,4,1198,1,16,SEAT IBIZA,9,E01017456,0,1
2024440032357,2024,440032357,2,9,0,18,19,2,6,0,0,4,0,0,1,2,1,1,6,6,1,64,9,1390,1,12,SEAT IBIZA,6,E01030665,0,4
2024161513156,2024,161513156,2,9,0,-1,2,0,0,-1,0,1,0,0,0,0,1,1,-1,6,-1,-1,-1,999,1,6,SEAT IBIZA,-1,-1,0,-1
2024461430262,2024,461430262,1,9,0,-1,9,5,7,-1,0,2,0,0,0,0,1,2,-1,6,1,19,4,1390,1,15,SEAT IBIZA,-1,-1,0,-1
2024111426388,2024,111426388,2,9,0,-1,19,7,3,-1,0,8,1,0,0,0,1,9,-1,9,1,25,5,1390,1,11,SEAT IBIZA,7,E01012344,0,4
2024131431334,2024,131431334,1,9,0,-1,19,1,1,-1,0,0,0,0,0,0,4,1,-1,9,1,23,5,1395,1,9,SEAT IBIZA,7,E01032989,0,4
2024141456506,2024,141456506,1,9,0,-1,19,1,5,-1,0,1,1,10,6,11,1,1,-1,9,1,18,4,999,1,0,SEAT IBIZA,1,E01007940,0,1
2024320039702,2024,320039702,1,9,0,-1,-1,8,4,0,0,0,0,4,0,0,1,1,6,6,2,77,11,1390,1,11,SEAT IBIZA,6,E01026408,0,1
2024302400605,2024,302400605,2,9,0,18,19,1,5,0,0,8,0,0,0,0,1,2,6,6,2,26,6,999,1,5,SEAT IBIZA,6,E01028108,0,3
2024221537317,2024,221537317,1,9,0,-1,14,6,2,-1,0,0,5,4,0,0,1,9,-1,6,2,18,4,999,1,0,SEAT IBIZA,6,E01028975,0,1
2024991419935,2024,991419935,1,9,0,-1,19,4,7,-1,0,0,0,0,0,0,1,1,-1,6,1,45,7,999,1,4,SEAT IBIZA,1,-1,0,1
2024991554266,2024,991554266,2,9,0,-1,19,6,2,-1,0,8,0,0,0,0,1,1,-1,6,1,22,5,1197,1,9,SEAT IBIZA,-1,-1,0,-1
2024041525685,2024,041525685,1,9,0,-1,7,1,4,-1,0,1,0,0,0,0,1,1,-1,9,2,41,7,1390,1,11,SEAT IBIZA,8,E01025191,0,3
2024111410723,2024,111410723,3,9,0,-1,19,3,3,-1,0,0,0,0,0,0,1,1,-1,1,1,19,4,1390,1,17,SEAT IBIZA,-1,-1,0,-1
2024201463915,2024,201463915,1,9,0,-1,19,5,1,-1,0,8,0,0,0,0,4,1,-1,9,1,39,7,1390,1,15,SEAT IBIZA,4,E01009871,0,2
2024501434361,2024,501434361,1,9,0,-1,9,6,5,-1,0,8,0,0,0,0,1,1,-1,9,2,70,10,1390,1,15,SEAT IBIZA,4,E01015268,0,1
2024430458892,2024,430458892,1,9,0,18,19,2,6,0,0,8,0,0,0,0,4,1,2,2,1,32,6,1197,1,8,SEAT IBIZA,10,E01033969,0,1
2024161502049,2024,161502049,2,9,0,-1,19,1,3,-1,0,1,0,0,0,0,1,1,-1,2,1,45,7,1390,1,9,SEAT IBIZA,8,E01013186,0,1
2024010523044,2024,010523044,2,9,0,18,19,5,1,0,0,2,0,0,0,0,1,1,6,6,1,23,5,1390,1,15,SEAT IBIZA,3,E01017562,0,4
2024141459491,2024,141459491,2,9,0,-1,19,2,6,-1,0,0,0,0,0,0,1,1,-1,1,1,18,4,999,1,0,SEAT IBIZA,2,E01007414,0,2
2024221439844,2024,221439844,2,9,0,-1,10,3,8,-1,0,8,0,0,0,0,2,1,-1,1,2,30,6,999,1,4,SEAT IBIZA,10,E01009808,0,4
2024131398073,2024,131398073,1,9,0,-1,19,5,1,-1,0,2,0,0,0,0,1,1,-1,9,2,24,5,999,1,5,SEAT IBIZA,3,E01011608,0,2
2024411475108,2024,411475108,1,9,0,-1,5,3,4,-1,0,4,0,0,0,0,3,1,-1,1,1,29,6,999,1,7,SEAT IBIZA,10,E01023440,0,1
2024440293310,2024,440293310,1,9,0,18,19,1,5,0,0,1,0,0,0,0,1,1,1,1,1,47,8,1390,1,11,SEAT IBIZA,4,E01017289,0,1
2024041447302,2024,041447302,2,9,0,-1,5,1,5,-1,0,0,0,0,0,0,2,1,-1,7,2,42,7,999,1,3,SEAT IBIZA,7,E01025130,0,2
2024201431465,2024,201431465,1,9,0,-1,5,6,4,-1,0,6,0,0,0,0,1,1,-1,6,2,35,6,999,1,6,SEAT IBIZA,-1,-1,0,-1
2024201527026,2024,201527026,2,9,0,-1,19,8,4,-1,0,0,0,0,0,0,2,1,-1,6,1,31,6,1422,2,8,SEAT IBIZA,2,E01008939,0,2
2024471420807,2024,471420807,1,9,0,-1,19,6,2,-1,0,0,5,0,7,0,2,1,-1,9,1,18,4,1390,1,17,SEAT IBIZA,6,E01031490,0,3
2024302400617,2024,302400617,1,9,0,15,15,6,2,0,0,1,0,0,0,0,3,1,6,6,1,20,4,999,1,4,SEAT IBIZA,8,E01029590,0,4
2024991531911,2024,991531911,1,9,0,-1,19,6,2,-1,-1,1,0,0,0,0,2,1,-1,9,1,40,7,1390,1,14,SEAT IBIZA,2,-1,0,4
2024320384687,2024,320384687,2,9,0,-1,-1,5,1,0,0,8,0,0,0,0,3,1,-1,-1,1,21,5,1198,1,14,SEAT IBIZA,8,E01026155,0,1
2024311426886,2024,311426886,1,9,0,-1,19,5,1,-1,0,0,0,0,0,0,2,1,-1,9,1,21,5,1390,1,13,SEAT IBIZA,-1,-1,0,-1
2024141403162,2024,141403162,1,9,0,-1,19,5,1,-1,0,1,5,7,2,10,1,1,-1,9,2,19,4,1390,1,12,SEAT IBIZA,7,E01007477,0,1
2024631504112,2024,631504112,2,9,0,-1,19,8,4,-1,0,0,0,0,1,3,3,1,-1,2,1,23,5,1390,1,11,SEAT IBIZA,5,W01000550,0,3
2024141413733,2024,141413733,2,9,0,-1,19,3,7,-1,0,0,0,0,0,0,2,1,-1,9,1,21,5,1199,2,13,SEAT IBIZA,8,E01028830,0,5
2024201456082,2024,201456082,2,9,0,-1,11,8,4,-1,0,0,0,0,0,0,2,1,-1,6,1,46,8,1197,1,13,SEAT IBIZA,1,E01008909,0,1
2024522402295,2024,522402295,5,9,0,2,2,0,0,0,0,0,0,0,0,0,3,1,6,6,3,-1,-1,1390,1,12,SEAT IBIZA,-1,-1,0,-1
2024161455225,2024,161455225,1,9,0,-1,9,7,6,-1,0,6,0,0,0,0,3,1,-1,2,1,20,4,1390,1,14,SEAT IBIZA,1,E01012894,0,1
2024010539761,2024,010539761,1,9,0,18,19,5,1,0,0,1,0,4,0,0,1,1,6,6,1,34,6,1197,1,13,SEAT IBIZA,5,E01003195,0,1
2024549472824,2024,549472824,2,9,0,18,19,4,8,0,0,8,0,0,7,9,4,1,6,6,1,68,10,1598,2,14,SEAT IBIZA,10,E01023175,0,4
2024201441942,2024,201441942,1,9,0,-1,19,4,8,-1,0,0,0,0,0,0,1,9,-1,6,2,39,7,1198,1,15,SEAT IBIZA,3,E01010528,0,1
2024201466278,2024,201466278,2,9,0,-1,19,5,1,-1,0,1,0,0,0,0,1,9,-1,6,1,21,5,1390,1,13,SEAT IBIZA,2,E01009043,0,1
2024201464910,2024,201464910,1,9,0,-1,1,6,2,-1,0,2,0,0,0,0,2,1,-1,6,1,18,4,1197,1,8,SEAT IBIZA,-1,-1,0,-1
2024010531658,2024,010531658,2,9,0,9,9,3,1,0,0,6,0,0,0,0,4,1,6,6,1,70,10,999,1,0,SEAT IBIZA,9,E01000182,0,1
2024332400655,2024,332400655,2,9,0,-1,4,2,6,-1,0,1,0,0,0,0,1,1,-1,6,1,39,7,1390,1,18,SEAT IBIZA,3,E01013614,0,1
2024010508565,2024,010508565,2,9,0,99,99,9,9,99,99,0,9,99,9,99,9,9,6,6,3,-1,-1,1197,1,11,SEAT IBIZA,-1,-1,0,-1
2024552400919,2024,552400919,2,9,0,9,9,8,6,0,0,5,0,0,0,0,3,1,6,6,1,24,5,1197,1,8,SEAT IBIZA,7,E01020361,0,1
2024430033449,2024,430033449,2,9,0,12,12,3,7,0,0,4,0,0,0,0,1,1,6,6,1,52,8,1598,1,14,SEAT IBIZA,-1,-1,0,-1
2024991472393,2024,991472393,2,9,0,-1,10,7,5,-1,0,2,0,0,0,0,3,1,-1,6,1,18,4,999,1,3,SEAT IBIZA,9,-1,0,4
2024141486396,2024,141486396,2,9,0,-1,19,3,7,-1,0,1,0,0,7,4,3,9,-1,6,1,19,4,1197,1,7,SEAT IBIZA,3,E01007817,0,1
2024161451370,2024,161451370,1,9,0,-1,19,8,4,-1,0,0,2,0,1,10,4,1,-1,6,1,18,4,1390,1,14,SEAT IBIZA,8,E01012989,0,3
2024302401210,2024,302401210,2,9,0,13,13,8,4,0,0,0,0,0,4,4,4,1,6,6,1,23,5,1896,2,20,SEAT IBIZA,2,E01013569,0,1
2024201464457,2024,201464457,1,9,0,-1,9,5,3,-1,0,6,0,10,1,2,4,1,-1,9,1,22,5,1198,1,14,SEAT IBIZA,-1,-1,0,-1
2024440055607,2024,440055607,1,9,0,18,19,1,5,0,0,1,0,0,0,0,1,1,6,6,1,25,5,1598,1,14,SEAT IBIZA,9,E01017046,0,1
2024501512013,2024,501512013,1,9,0,-1,19,8,4,-1,0,1,0,0,0,0,1,1,-1,9,1,18,4,1390,1,11,SEAT IBIZA,7,E01018934,0,2
2024010515081,2024,010515081,1,9,0,9,9,3,1,0,0,8,0,0,0,0,1,1,6,6,1,20,4,999,1,2,SEAT IBIZA,3,E01001791,0,1
2024311479364,2024,311479364,1,9,0,-1,19,5,1,-1,0,8,0,0,0,0,1,1,-1,2,1,31,6,999,1,3,SEAT IBIZA,10,E01028222,0,3
2024531470167,2024,531470167,1,9,0,-1,9,3,7,-1,0,5,0,0,0,0,0,1,-1,9,1,84,11,1197,1,9,SEAT IBIZA,7,E01022274,0,1
2024131401574,2024,131401574,1,9,0,-1,19,7,3,-1,0,8,0,12,0,0,1,1,-1,2,1,53,8,1197,1,9,SEAT IBIZA,10,E01010580,0,1
202460Q128690,2024,60Q128690,2,9,0,18,19,4,8,0,0,1,0,0,0,0,1,1,6,6,2,19,4,1598,1,15,SEAT IBIZA,-1,-1,0,-1
2024201482096,2024,201482096,1,9,0,-1,12,7,3,-1,0,0,0,0,0,0,2,9,-1,2,1,41,7,1197,1,13,SEAT IBIZA,2,E01009254,0,1
2024991522798,2024,991522798,1,9,0,-1,19,2,4,-1,0,0,5,0,0,0,4,1,-1,9,2,28,6,999,1,7,SEAT IBIZA,4,-1,0,1
2024061470457,2024,061470457,1,9,0,-1,13,-1,-1,-1,0,0,1,4,0,0,3,1,-1,9,2,38,7,1197,1,8,SEAT IBIZA,1,E01006052,0,2
2024302401204,2024,302401204,1,9,0,9,9,6,4,0,0,8,0,0,0,0,4,1,6,6,1,21,5,1197,1,8,SEAT IBIZA,2,E01013473,0,1
2024010535722,2024,010535722,1,9,0,9,9,1,7,0,0,8,0,0,0,0,1,1,6,6,2,22,5,999,1,0,SEAT IBIZA,2,E01004757,0,1
2024071015135,2024,071015135,1,9,0,-1,9,1,7,-1,0,8,0,0,0,0,1,1,-1,6,2,36,7,1197,1,9,SEAT IBIZA,9,E01012519,0,1
2024201456239,2024,201456239,1,9,0,-1,19,1,5,-1,0,0,1,10,1,0,1,1,-1,6,1,18,4,1198,1,15,SEAT IBIZA,2,E01009992,0,1
2024201477537,2024,201477537,1,9,0,-1,19,7,6,-1,0,8,0,0,0,0,1,1,-1,6,1,18,4,1390,1,15,SEAT IBIZA,1,E01034913,0,1
2024351467880,2024,351467880,2,9,-1,-1,-1,1,5,-1,-1,0,-1,-1,-1,0,-1,9,-1,9,1,22,5,999,1,2,SEAT IBIZA,10,E01033479,0,5
2024131564284,2024,131564284,1,9,0,-1,19,1,5,-1,0,0,0,0,1,1,1,1,-1,6,2,19,4,1390,1,10,SEAT IBIZA,3,E01010629,0,1
2024061429794,2024,061429794,1,9,0,-1,5,6,1,-1,0,0,0,0,0,0,3,1,-1,6,3,30,6,1390,1,10,SEAT IBIZA,-1,-1,0,-1
2024531445273,2024,531445273,2,9,0,-1,4,7,3,-1,0,8,0,0,0,0,2,1,-1,9,1,19,4,1390,1,16,SEAT IBIZA,10,E01022354,0,1
2024471411030,2024,471411030,2,9,0,-1,2,0,0,-1,0,1,0,0,0,0,2,1,-1,1,1,60,9,999,1,1,SEAT IBIZA,5,E01024815,0,4
2024071029066,2024,071029066,1,9,0,-1,19,4,8,-1,0,8,0,0,0,0,1,1,-1,6,2,26,6,1197,1,12,SEAT IBIZA,9,E01018376,0,1
2024041428823,2024,041428823,1,9,0,-1,19,1,5,-1,0,0,5,0,0,0,3,1,-1,9,1,21,5,999,1,5,SEAT IBIZA,9,E01024966,0,1
2024070169306,2024,070169306,1,9,0,18,19,1,5,0,0,0,0,0,0,0,1,1,1,1,1,27,6,1390,1,10,SEAT IBIZA,8,E01018440,0,1
2024010519816,2024,010519816,1,9,0,7,7,3,5,0,0,6,0,0,1,5,1,1,6,6,1,73,10,999,1,7,SEAT IBIZA,7,E01000387,0,3
2024361491736,2024,361491736,1,9,-1,-1,15,1,5,-1,0,1,-1,-1,-1,0,-1,9,-1,6,1,19,4,1395,1,9,SEAT IBIZA,1,E01026467,0,1
2024471420834,2024,471420834,2,9,0,-1,19,5,1,-1,0,8,0,0,0,0,1,1,-1,1,1,63,9,999,1,4,SEAT IBIZA,5,E01031523,0,2
2024131438986,2024,131438986,2,9,0,-1,19,5,1,-1,0,8,0,0,0,0,1,1,-1,9,1,22,5,999,1,5,SEAT IBIZA,5,E01033695,0,2
2024010509775,2024,010509775,1,9,0,18,19,1,5,9,9,1,1,10,0,0,1,1,2,2,1,19,4,1390,1,14,SEAT IBIZA,7,E01000748,0,1
2024141453113,2024,141453113,2,9,0,-1,9,7,5,-1,0,6,0,0,0,0,4,1,-1,9,1,18,4,1390,1,15,SEAT IBIZA,3,E01011804,0,4
2024141510143,2024,141510143,1,9,0,-1,5,8,4,-1,0,1,0,0,0,0,4,1,-1,9,1,54,8,999,1,2,SEAT IBIZA,9,E01008156,0,1
2024552400780,2024,552400780,1,9,0,18,19,2,6,0,0,0,0,0,0,0,1,1,6,6,1,19,4,1198,1,15,SEAT IBIZA,7,E01020392,0,2
2024401459332,2024,401459332,1,9,0,-1,19,5,1,-1,0,0,0,0,0,0,1,1,-1,6,2,33,6,1197,1,9,SEAT IBIZA,5,E01023755,0,4
2024201476716,2024,201476716,1,9,0,-1,6,7,7,-1,0,0,0,0,0,0,3,1,-1,6,2,35,6,999,1,1,SEAT IBIZA,2,E01032896,0,4
2024522402870,2024,522402870,2,9,0,9,9,7,5,0,0,5,0,0,0,0,3,1,6,6,2,60,9,1390,1,12,SEAT IBIZA,5,E01014708,0,1
2024131502372,2024,131502372,2,9,0,-1,2,0,0,-1,0,0,0,0,0,0,2,1,-1,6,-1,-1,-1,1390,1,11,SEAT IBIZA,-1,-1,0,-1
2024501482122,2024,501482122,1,9,0,-1,19,2,6,-1,0,8,0,0,3,1,1,1,-1,6,1,32,6,1390,1,18,SEAT IBIZA,4,E01018945,0,1
2024131414959,2024,131414959,2,9,0,-1,12,5,1,-1,0,0,1,0,0,0,1,1,-1,1,2,50,8,999,1,5,SEAT IBIZA,5,E01011765,0,1
2024122500260,2024,122500260,1,9,0,17,19,5,3,0,0,0,0,0,7,4,3,1,6,6,2,19,4,999,1,2,SEAT IBIZA,3,E01011627,0,4
2024421500638,2024,421500638,1,9,0,-1,19,8,4,-1,0,0,0,0,0,0,1,1,-1,1,1,18,4,1390,1,10,SEAT IBIZA,4,E01021496,0,2
2024302401337,2024,302401337,2,9,0,18,19,6,2,0,0,8,0,0,0,0,1,1,6,6,1,43,7,999,1,5,SEAT IBIZA,1,E01019796,0,2
2024041433639,2024,041433639,3,9,0,-1,3,7,3,-1,0,0,0,0,0,0,2,1,-1,9,1,21,5,999,1,3,SEAT IBIZA,3,E01025234,0,1
2024371553796,2024,371553796,1,9,0,-1,3,8,4,-1,0,0,0,0,0,0,1,1,-1,2,1,19,4,1390,1,13,SEAT IBIZA,8,E01030214,0,1
2024471425491,2024,471425491,1,9,0,-1,4,7,3,-1,0,1,0,0,0,0,1,1,-1,9,1,71,10,1197,1,7,SEAT IBIZA,10,E01030581,0,2
2024461461382,2024,461461382,1,9,0,-1,19,3,7,-1,0,2,0,0,0,0,1,1,-1,9,2,53,8,1198,1,17,SEAT IBIZA,8,E01024235,0,1
2024471517580,2024,471517580,2,9,0,-1,12,2,7,-1,0,1,0,0,0,0,4,1,-1,9,1,18,4,1198,1,15,SEAT IBIZA,3,E01020971,0,1
2024991556989,2024,991556989,1,9,0,-1,19,8,4,-1,0,0,0,0,1,0,0,1,-1,6,1,21,5,999,1,3,SEAT IBIZA,8,E01012309,0,5
2024201462022,2024,201462022,2,9,0,-1,19,8,4,-1,0,8,0,0,0,0,1,1,-1,6,-1,-1,-1,1197,1,9,SEAT IBIZA,-1,-1,0,-1
2024461424368,2024,461424368,2,9,0,-1,2,0,0,-1,0,0,0,0,0,0,3,1,-1,6,-1,-1,-1,1390,1,12,SEAT IBIZA,-1,-1,0,-1
2024141535169,2024,141535169,1,9,0,-1,4,5,1,-1,0,4,0,0,0,0,2,1,-1,9,2,23,5,1390,1,11,SEAT IBIZA,4,E01007393,0,3
2024010526558,2024,010526558,2,9,0,4,4,5,1,0,0,1,0,0,0,0,2,1,6,6,1,41,7,1390,1,11,SEAT IBIZA,8,E01002239,0,1
2024041444202,2024,041444202,4,9,0,-1,3,3,7,-1,0,0,0,0,0,0,2,1,-1,6,2,58,9,1390,1,13,SEAT IBIZA,1,E01034401,0,3
2024421508921,2024,421508921,1,9,0,-1,19,3,8,-1,0,8,0,0,0,0,4,1,-1,6,2,19,4,1390,1,12,SEAT IBIZA,8,E01021407,0,3
2024311444338,2024,311444338,2,9,0,-1,2,0,0,-1,0,1,0,0,0,0,1,1,-1,6,-1,-1,-1,1198,1,12,SEAT IBIZA,-1,-1,0,-1
2024101513468,2024,101513468,1,9,0,-1,19,5,1,-1,0,0,1,0,0,0,3,9,-1,6,1,26,6,1197,1,12,SEAT IBIZA,4,E01027413,0,1
2024421521138,2024,421521138,1,9,0,-1,19,7,3,-1,0,1,0,0,0,0,1,1,-1,6,1,30,6,1390,1,13,SEAT IBIZA,2,E01015828,0,1
2024122500145,2024,122500145,2,9,0,18,19,6,2,0,0,2,0,4,0,0,1,1,6,6,1,34,6,1197,1,8,SEAT IBIZA,9,E01027897,0,3
2024201443841,2024,201443841,2,9,0,-1,19,4,8,-1,0,8,0,0,0,0,1,1,-1,9,2,29,6,1197,1,9,SEAT IBIZA,1,E01009308,0,2
2024522402069,2024,522402069,1,9,0,3,3,3,7,0,0,2,0,0,0,0,2,1,6,6,2,25,5,1198,1,14,SEAT IBIZA,1,E01014654,0,1
2024520002522,2024,520002522,1,9,0,18,19,2,7,0,0,8,0,9,0,0,1,1,6,6,2,46,8,1390,1,15,SEAT IBIZA,5,E01014433,0,3
2024522402246,2024,522402246,1,9,0,9,9,6,4,0,0,5,0,0,0,0,3,1,2,2,1,28,6,1197,1,13,SEAT IBIZA,5,E01014641,0,2
2024501510606,2024,501510606,2,9,0,-1,19,1,5,-1,0,0,1,0,0,0,3,1,-1,2,1,29,6,1422,2,14,SEAT IBIZA,9,E01020171,0,1
2024440044033,2024,440044033,1,9,0,18,19,7,3,0,0,0,2,0,0,0,4,1,6,6,1,19,4,1199,2,10,SEAT IBIZA,7,E01015340,0,3
2024131529906,2024,131529906,1,9,0,-1,19,7,3,-1,0,0,0,0,0,0,3,1,-1,2,1,23,5,999,1,0,SEAT IBIZA,7,E01010972,0,2