collision_index,collision_year,collision_ref_no,vehicle_reference,vehicle_type,towing_and_articulation,vehicle_manoeuvre_historic,vehicle_manoeuvre,vehicle_direction_from,vehicle_direction_to,vehicle_location_restricted_lane_historic,vehicle_location_restricted_lane,junction_location,skidding_and_overturning,hit_object_in_carriageway,vehicle_leaving_carriageway,hit_object_off_carriageway,first_point_of_impact,vehicle_left_hand_drive,journey_purpose_of_driver_historic,journey_purpose_of_driver,sex_of_driver,age_of_driver,age_band_of_driver,engine_capacity_cc,propulsion_code,age_of_vehicle,generic_make_model,driver_imd_decile,lsoa_of_driver,escooter_flag,driver_distance_banding
2024546090524,2024,546090524,2,9,0,3,3,6,2,0,0,0,0,0,0,0,2,1,6,6,1,22,5,1390,1,14,SEAT IBIZA,5,E01020068,0,5
2024061526966,2024,061526966,2,9,0,-1,4,5,1,-1,0,0,0,0,0,0,2,1,-1,2,2,46,8,999,1,1,SEAT IBIZA,10,E01018439,0,4
2024161524135,2024,161524135,1,9,0,-1,19,2,6,-1,0,0,5,0,7,4,1,1,-1,2,1,64,9,1896,2,17,SEAT IBIZA,7,E01013020,0,1
2024070096215,2024,070096215,1,9,0,18,19,1,5,0,0,0,0,0,0,0,1,1,6,6,2,74,10,1197,1,8,SEAT IBIZA,8,E01012499,0,1
2024440433718,2024,440433718,2,9,0,2,2,0,0,0,0,0,0,0,0,0,1,1,6,6,2,20,4,1390,1,15,SEAT IBIZA,-1,-1,0,-1
2024052402590,2024,052402590,3,9,0,18,19,7,3,0,0,8,0,0,0,0,1,1,6,6,1,30,6,1390,1,16,SEAT IBIZA,2,E01012570,0,3
2024131402686,2024,131402686,2,9,0,-1,3,7,3,-1,0,0,0,0,0,0,2,1,-1,9,1,31,6,999,1,5,SEAT IBIZA,6,E01017687,0,5
2024070763535,2024,070763535,1,9,0,-1,19,1,5,-1,0,0,0,0,0,0,1,1,-1,6,2,44,7,1198,1,17,SEAT IBIZA,3,E01018354,0,1
2024061439462,2024,061439462,2,9,0,-1,19,7,6,-1,0,1,0,0,0,0,4,1,-1,6,1,18,4,1390,1,12,SEAT IBIZA,4,E01006013,0,1
2024501497146,2024,501497146,2,9,0,-1,19,7,2,-1,0,8,0,0,0,0,1,1,-1,6,1,24,5,1198,1,18,SEAT IBIZA,6,E01018834,0,1
2024421499240,2024,421499240,1,9,0,-1,9,7,4,-1,0,6,0,0,0,0,3,1,-1,9,2,20,4,1390,1,11,SEAT IBIZA,2,E01003591,0,3
2024061398398,2024,061398398,2,9,0,-1,9,5,3,-1,0,1,0,0,0,0,4,9,-1,6,2,24,5,1390,1,12,SEAT IBIZA,4,E01005327,0,3
2024131467697,2024,131467697,1,9,0,-1,19,2,6,-1,0,0,0,0,0,0,1,1,-1,9,1,22,5,999,1,2,SEAT IBIZA,1,E01011540,0,1
2024141441400,2024,141441400,1,9,0,-1,19,2,6,-1,0,1,5,0,0,0,1,1,-1,6,1,18,4,1197,1,9,SEAT IBIZA,4,E01034246,0,1
2024461460972,2024,461460972,2,9,0,-1,19,1,5,-1,0,1,1,0,0,0,1,1,-1,6,2,25,5,999,1,8,SEAT IBIZA,5,E01016075,0,4
2024131450924,2024,131450924,1,9,0,-1,4,7,3,-1,0,0,0,0,0,0,2,1,-1,6,1,19,4,999,1,5,SEAT IBIZA,8,E01008234,0,5
2024221533899,2024,221533899,2,9,0,-1,19,5,8,-1,0,8,0,0,0,0,4,9,-1,6,1,34,6,999,1,6,SEAT IBIZA,3,E01014194,0,1
2024991525589,2024,991525589,1,9,0,-1,9,5,3,-1,0,8,0,0,0,0,2,1,-1,2,2,30,6,1390,1,9,SEAT IBIZA,6,-1,0,1
2024201444960,2024,201444960,1,9,0,-1,19,4,2,-1,0,2,0,0,0,0,1,1,-1,6,1,20,4,1390,1,14,SEAT IBIZA,-1,-1,0,-1
2024440428815,2024,440428815,1,9,0,18,19,8,4,0,0,0,5,0,0,6,3,1,6,6,1,25,5,1390,1,15,SEAT IBIZA,3,E01017080,0,1
2024991507512,2024,991507512,2,9,0,-1,9,3,5,-1,0,8,0,0,0,0,4,1,-1,9,1,33,6,1390,1,11,SEAT IBIZA,-1,-1,0,-1
202460Q173141,2024,60Q173141,1,9,0,18,19,3,7,0,0,1,0,0,0,0,1,1,6,6,2,22,5,1197,1,12,SEAT IBIZA,-1,-1,0,-1
2024131489631,2024,131489631,1,9,0,-1,19,1,1,-1,0,8,0,0,0,0,1,1,-1,9,2,19,4,1199,2,11,SEAT IBIZA,2,E01011379,0,2
2024401419735,2024,401419735,1,9,0,-1,1,5,1,-1,0,0,0,0,0,0,2,1,-1,2,1,19,4,999,1,8,SEAT IBIZA,9,E01023770,0,3
2024122401136,2024,122401136,1,9,0,18,19,1,5,0,0,0,2,0,0,0,1,1,6,6,2,55,8,1390,1,12,SEAT IBIZA,10,E01027712,0,3
2024201513653,2024,201513653,1,9,0,-1,19,4,8,-1,0,8,0,0,0,0,1,1,-1,9,1,32,6,1390,1,11,SEAT IBIZA,1,E01010076,0,1
2024231452958,2024,231452958,1,9,0,-1,19,2,5,-1,0,4,0,0,0,0,1,9,-1,6,1,48,8,1390,1,13,SEAT IBIZA,-1,-1,0,-1
2024421456991,2024,421456991,1,9,0,-1,19,7,3,-1,0,1,0,0,0,0,3,1,-1,6,3,-1,-1,999,1,5,SEAT IBIZA,-1,-1,0,-1
2024991543142,2024,991543142,2,9,0,-1,19,3,6,-1,0,0,0,0,0,0,1,1,-1,9,1,30,6,999,1,0,SEAT IBIZA,3,E01019270,0,5
2024440517552,2024,440517552,1,9,0,18,19,7,3,0,0,8,0,0,0,0,3,1,6,6,2,23,5,999,1,6,SEAT IBIZA,9,E01017444,0,5
2024122400210,2024,122400210,1,9,0,4,4,2,6,0,0,0,1,0,0,0,2,1,6,6,2,27,6,1598,2,13,SEAT IBIZA,6,E01027557,0,3
2024430332128,2024,430332128,1,9,0,18,19,6,2,0,0,0,0,0,0,0,1,1,6,6,1,26,6,1598,2,14,SEAT IBIZA,2,E01028520,0,2
2024991456194,2024,991456194,1,9,0,-1,19,5,1,-1,0,1,1,0,0,0,1,1,-1,9,1,36,7,1598,2,9,SEAT IBIZA,4,-1,0,1
2024471521919,2024,471521919,1,9,0,-1,19,5,1,-1,0,0,5,0,1,0,1,1,-1,6,1,20,4,1390,1,12,SEAT IBIZA,4,E01016882,0,4
2024041455983,2024,041455983,2,9,0,-1,19,5,1,-1,0,0,0,0,7,0,1,1,-1,9,2,18,4,1198,1,18,SEAT IBIZA,-1,-1,0,-1
2024141469874,2024,141469874,3,9,0,-1,4,3,7,-1,0,0,0,0,0,0,1,1,-1,6,1,18,4,1197,1,11,SEAT IBIZA,6,E01019816,0,2
2024031462776,2024,031462776,1,9,0,-1,19,3,7,-1,0,6,0,0,0,0,1,1,-1,2,1,47,8,1390,1,11,SEAT IBIZA,4,E01019281,0,3
2024211564270,2024,211564270,2,9,0,-1,19,1,3,-1,0,3,0,0,0,0,2,1,-1,6,2,28,6,999,1,3,SEAT IBIZA,7,E01029517,0,1
2024010529974,2024,010529974,2,9,0,99,99,9,9,99,99,9,9,99,9,99,9,9,6,6,3,37,7,999,1,0,SEAT IBIZA,3,E01000089,0,2
2024471454116,2024,471454116,1,9,0,-1,19,2,6,-1,0,1,0,0,0,0,1,1,-1,6,1,18,4,1598,2,14,SEAT IBIZA,10,E01022850,0,4
2024061406567,2024,061406567,2,9,0,-1,19,6,7,-1,0,1,0,0,0,0,1,1,-1,9,1,29,6,1422,2,15,SEAT IBIZA,4,E01012481,0,4
2024522500391,2024,522500391,2,9,0,3,3,3,7,0,0,1,0,0,0,0,4,1,6,6,3,-1,-1,1422,2,14,SEAT IBIZA,-1,-1,0,-1
2024010519082,2024,010519082,2,9,0,18,19,7,3,0,0,6,0,0,0,0,1,1,6,6,1,38,7,1197,1,10,SEAT IBIZA,5,E01002660,0,1
2024131490521,2024,131490521,1,9,0,-1,19,5,1,-1,0,0,0,0,0,0,1,1,-1,9,1,18,4,1198,1,14,SEAT IBIZA,3,E01011718,0,1
2024501470525,2024,501470525,2,9,0,-1,4,3,7,-1,0,0,0,0,0,0,2,1,-1,9,2,58,9,1390,1,13,SEAT IBIZA,8,E01019035,0,2
2024421434598,2024,421434598,1,9,0,-1,19,8,2,-1,0,0,0,0,7,0,1,1,-1,9,1,19,4,1390,1,9,SEAT IBIZA,9,E01021643,0,2
2024991463336,2024,991463336,1,9,0,-1,7,3,5,-1,0,0,0,0,0,0,3,1,-1,6,2,38,7,1197,1,10,SEAT IBIZA,2,-1,0,1
2024311454571,2024,311454571,1,9,0,-1,19,1,5,-1,0,0,5,7,0,0,3,1,-1,9,2,24,5,1390,1,12,SEAT IBIZA,1,E01013881,0,2
2024041456895,2024,041456895,1,9,0,-1,5,2,6,-1,0,8,0,0,0,0,1,1,-1,9,1,33,6,999,1,6,SEAT IBIZA,1,E01024899,0,1
2024161488583,2024,161488583,1,9,0,-1,19,1,5,-1,0,2,0,0,7,4,1,1,-1,9,1,22,5,999,1,3,SEAT IBIZA,8,E01012989,0,4
2024471478297,2024,471478297,1,9,0,-1,19,2,6,-1,0,1,0,0,0,0,1,1,-1,9,2,25,5,1390,1,13,SEAT IBIZA,3,E01016944,0,1
2024501418714,2024,501418714,3,9,0,-1,19,6,3,-1,0,1,0,0,0,0,1,9,-1,6,2,30,6,999,1,6,SEAT IBIZA,6,E01015191,0,2
2024430101339,2024,430101339,1,9,0,18,19,4,8,0,0,0,0,0,1,4,4,1,6,6,2,21,5,999,1,4,SEAT IBIZA,2,E01028450,0,4
2024461524887,2024,461524887,2,9,0,-1,19,6,2,-1,0,0,0,0,0,0,1,1,-1,2,2,30,6,1390,1,13,SEAT IBIZA,7,E01024131,0,4
2024061445793,2024,061445793,1,9,0,-1,19,5,1,-1,0,0,0,0,0,0,1,1,-1,6,1,38,7,1198,1,15,SEAT IBIZA,2,E01005337,0,1
2024552400113,2024,552400113,1,9,0,18,19,1,5,0,0,0,1,0,1,4,1,1,6,6,2,18,4,1198,1,12,SEAT IBIZA,6,E01015355,0,3
2024041404484,2024,041404484,1,9,0,-1,19,6,2,-1,0,0,1,0,0,0,1,1,-1,9,2,19,4,999,1,6,SEAT IBIZA,8,E01025277,0,3
2024010537686,2024,010537686,1,9,0,99,99,9,9,99,99,0,9,99,9,99,1,9,1,1,1,23,5,999,1,1,SEAT IBIZA,6,E01003772,0,2
2024010519191,2024,010519191,3,9,0,2,2,0,0,0,0,0,0,0,0,0,1,1,6,6,3,-1,-1,1390,1,10,SEAT IBIZA,-1,-1,0,-1
2024461532261,2024,461532261,1,9,0,-1,19,7,3,-1,0,0,0,0,0,0,1,1,-1,2,1,39,7,1197,1,8,SEAT IBIZA,5,E01024393,0,1
2024131525197,2024,131525197,1,9,0,-1,5,2,6,-1,0,4,0,0,0,0,1,1,-1,2,1,54,8,1598,2,11,SEAT IBIZA,1,E01011084,0,4
2024031483033,2024,031483033,1,9,0,-1,9,5,3,-1,0,1,0,0,0,0,1,1,-1,6,1,19,4,999,1,5,SEAT IBIZA,-1,-1,0,-1
2024161450945,2024,161450945,2,9,0,-1,19,8,4,-1,0,1,0,0,0,0,4,1,-1,9,2,42,7,1199,2,12,SEAT IBIZA,10,E01013054,0,2
2024111481220,2024,111481220,2,9,0,-1,19,5,1,-1,0,0,0,0,0,0,2,1,-1,6,1,30,6,1390,1,10,SEAT IBIZA,10,E01008466,0,4
2024440566551,2024,440566551,1,9,0,18,19,1,5,0,0,1,0,0,1,1,0,1,2,2,2,73,10,1390,1,9,SEAT IBIZA,7,E01017017,0,1
2024010536106,2024,010536106,1,9,0,18,19,5,1,0,0,8,0,0,0,0,1,1,6,6,1,21,5,1390,1,13,SEAT IBIZA,3,E01004231,0,1
2024991444657,2024,991444657,1,9,0,-1,19,8,3,-1,0,0,0,0,0,0,1,1,-1,9,1,21,5,999,1,4,SEAT IBIZA,-1,-1,0,-1
2024991435301,2024,991435301,1,9,0,-1,9,6,3,-1,0,6,0,0,0,0,1,1,-1,9,1,19,4,999,1,7,SEAT IBIZA,4,-1,0,2
2024131431254,2024,131431254,1,9,0,-1,19,7,3,-1,0,1,0,0,0,0,1,1,-1,6,2,38,7,1390,1,11,SEAT IBIZA,9,E01011905,0,3
2024201416459,2024,201416459,1,9,0,-1,19,3,7,-1,0,1,0,0,0,0,4,9,-1,6,1,-1,-1,1390,1,10,SEAT IBIZA,-1,-1,0,-1
2024421453359,2024,421453359,3,9,0,-1,10,1,7,-1,0,1,0,0,0,0,3,1,-1,9,1,53,8,1598,2,13,SEAT IBIZA,10,E01015850,0,1
2024991452771,2024,991452771,1,9,0,-1,19,7,2,-1,0,0,1,0,0,0,1,1,-1,9,1,19,4,1197,1,8,SEAT IBIZA,7,-1,0,1
2024201484153,2024,201484153,1,9,0,-1,1,1,5,-1,9,8,0,0,0,0,2,9,-1,6,2,20,4,1197,1,10,SEAT IBIZA,1,E01009122,0,2
2024531519475,2024,531519475,2,9,0,-1,19,7,3,-1,0,1,0,0,0,0,1,1,-1,6,2,68,10,1390,1,14,SEAT IBIZA,6,E01022388,0,1
2024070276038,2024,070276038,1,9,0,5,5,5,2,0,0,8,0,0,0,0,3,1,6,6,1,25,5,999,1,6,SEAT IBIZA,5,E01018479,0,2
2024041498471,2024,041498471,1,9,0,-1,12,7,3,-1,0,1,2,10,5,6,2,1,-1,6,1,17,4,999,1,0,SEAT IBIZA,2,E01012615,0,3
2024070855079,2024,070855079,1,9,0,-1,19,7,3,-1,0,3,1,10,1,4,1,1,-1,9,1,21,5,1798,1,8,SEAT IBIZA,7,E01018623,0,1
2024501495117,2024,501495117,1,9,0,-1,19,6,2,-1,0,1,1,0,0,0,1,1,-1,7,1,21,5,1390,1,13,SEAT IBIZA,5,E01018960,0,4
2024631501283,2024,631501283,1,9,0,-1,19,2,6,-1,0,0,1,0,2,10,1,1,-1,9,1,35,6,1422,2,14,SEAT IBIZA,1,W01001280,0,4
2024201516996,2024,201516996,2,9,0,-1,19,1,5,-1,0,8,0,0,0,0,1,1,-1,6,1,28,6,1197,1,13,SEAT IBIZA,2,E01009239,0,1
2024351405584,2024,351405584,1,9,0,-1,12,3,7,-1,0,0,0,0,0,0,1,1,-1,2,1,60,9,999,1,7,SEAT IBIZA,6,E01017994,0,2
202454C947124,2024,54C947124,1,9,0,18,19,3,7,0,0,0,1,0,7,10,1,1,6,6,1,20,4,1198,1,20,SEAT IBIZA,9,E01031887,0,2
2024031492505,2024,031492505,1,9,0,-1,19,7,3,-1,0,0,0,0,0,0,1,1,-1,6,1,18,4,999,1,0,SEAT IBIZA,-1,-1,0,-1
2024451418176,2024,451418176,1,9,0,-1,19,7,3,-1,0,0,0,0,0,0,1,1,-1,6,1,38,7,1198,1,15,SEAT IBIZA,5,E01017159,0,4
2024131431499,2024,131431499,1,9,0,-1,19,2,4,-1,0,2,1,0,1,7,4,1,-1,9,1,20,4,999,1,5,SEAT IBIZA,1,E01010624,0,2
2024101489572,2024,101489572,1,9,0,-1,19,7,3,-1,0,2,0,0,0,0,3,1,-1,6,1,18,4,1197,1,9,SEAT IBIZA,2,E01008693,0,1
2024351536325,2024,351536325,1,9,0,-1,5,7,4,-1,-1,6,0,0,0,0,3,1,-1,9,1,29,6,999,1,3,SEAT IBIZA,3,E01015618,0,1
2024141484451,2024,141484451,1,9,0,-1,19,2,6,-1,0,0,0,0,1,4,1,1,-1,9,1,20,4,999,1,0,SEAT IBIZA,1,E01007332,0,3
2024430621900,2024,430621900,1,9,0,18,19,1,5,0,0,1,0,0,0,0,1,1,6,6,1,20,4,1390,1,14,SEAT IBIZA,-1,-1,0,-1
2024991429980,2024,991429980,1,9,0,-1,9,2,6,-1,0,5,0,0,0,0,1,1,-1,9,1,23,5,1390,1,11,SEAT IBIZA,2,-1,0,1
2024421524271,2024,421524271,1,9,0,-1,19,8,4,-1,0,1,0,0,3,0,1,1,-1,2,1,20,4,999,1,6,SEAT IBIZA,8,E01018270,0,3
2024361428063,2024,361428063,3,9,0,-1,4,3,7,-1,0,1,0,0,0,0,2,1,-1,6,1,24,5,1390,1,11,SEAT IBIZA,7,E01026723,0,2
2024111495741,2024,111495741,2,9,0,-1,2,0,0,-1,0,0,0,0,0,0,2,1,-1,6,1,49,8,999,1,0,SEAT IBIZA,-1,-1,0,-1
2024451520928,2024,451520928,2,9,0,-1,19,2,6,-1,0,1,0,0,7,11,4,1,-1,2,2,32,6,1390,1,12,SEAT IBIZA,9,E01030781,0,1
2024201526959,2024,201526959,1,9,0,-1,19,7,3,-1,0,0,0,0,0,0,1,9,-1,6,3,18,4,1197,1,11,SEAT IBIZA,-1,-1,0,-1
2024451517737,2024,451517737,1,9,0,-1,99,8,7,-1,99,3,1,0,0,0,4,1,-1,9,2,22,5,999,1,5,SEAT IBIZA,5,E01030787,0,1
2024430294993,2024,430294993,2,9,0,18,19,1,5,0,0,8,0,0,0,0,1,1,6,6,2,72,10,1390,1,15,SEAT IBIZA,5,E01016809,0,2
2024201461911,2024,201461911,1,9,0,-1,19,2,3,-1,0,1,0,0,0,0,1,1,-1,9,2,33,6,1390,1,10,SEAT IBIZA,1,E01009893,0,2
2024622400236,2024,622400236,1,9,0,5,5,6,2,0,0,1,0,0,0,0,1,1,6,6,1,34,6,1199,2,11,SEAT IBIZA,10,W01000859,0,1
2024141538994,2024,141538994,1,9,0,-1,19,1,1,-1,0,0,0,0,0,0,1,9,-1,6,3,57,9,1390,1,10,SEAT IBIZA,9,E01019795,0,1
2024411544257,2024,411544257,3,9,0,-1,19,1,5,-1,0,0,0,0,0,0,1,1,-1,6,2,27,6,999,1,1,SEAT IBIZA,10,E01017442,0,3
2024461519586,2024,461519586,6,9,0,-1,19,7,3,-1,0,0,0,0,0,0,1,9,-1,9,1,43,7,1390,1,10,SEAT IBIZA,10,E01035309,0,3
2024201486188,2024,201486188,2,9,0,-1,4,5,7,-1,0,0,0,0,0,0,2,1,-1,1,1,28,6,999,1,0,SEAT IBIZA,2,E01009171,0,3
2024101473344,2024,101473344,3,9,0,-1,10,5,1,-1,0,1,0,0,0,0,2,1,-1,6,1,36,7,1197,1,10,SEAT IBIZA,3,E01008833,0,3
2024141531304,2024,141531304,2,9,0,-1,2,0,0,-1,0,0,0,0,0,0,3,9,-1,6,3,-1,-1,999,1,6,SEAT IBIZA,1,E01007402,0,1
2024421476389,2024,421476389,1,9,0,-1,19,6,2,-1,0,0,0,0,0,0,3,9,-1,6,1,-1,-1,1390,1,14,SEAT IBIZA,6,E01003653,0,4
2024201441102,2024,201441102,2,9,0,-1,19,4,2,-1,0,6,0,0,0,0,1,9,-1,9,1,30,6,1390,1,13,SEAT IBIZA,2,E01008999,0,1
2024371422367,2024,371422367,1,9,0,-1,19,8,4,-1,0,0,0,0,1,4,1,1,-1,9,1,23,5,1390,1,12,SEAT IBIZA,9,E01033443,0,1
2024461536073,2024,461536073,3,9,0,-1,7,6,8,-1,0,1,0,0,0,0,1,1,-1,9,2,37,7,999,1,1,SEAT IBIZA,4,E01024120,0,1
2024302401626,2024,302401626,1,9,0,18,19,1,5,0,0,1,0,0,5,6,1,1,6,6,1,21,5,1390,1,12,SEAT IBIZA,2,E01013512,0,1
2024052402842,2024,052402842,1,9,0,18,19,5,1,0,0,8,0,0,1,11,1,1,6,6,2,74,10,1198,1,12,SEAT IBIZA,7,E01007282,0,1
2024401399424,2024,401399424,1,9,0,-1,9,3,7,-1,0,0,0,0,0,0,1,1,-1,1,1,35,6,1197,1,8,SEAT IBIZA,3,E01015795,0,1
2024211520448,2024,211520448,1,9,0,-1,2,0,0,-1,-1,0,0,0,0,0,2,1,-1,9,1,21,5,1390,1,10,SEAT IBIZA,-1,-1,0,-1
2024041498785,2024,041498785,1,9,0,-1,4,3,7,-1,0,0,0,0,0,0,4,1,-1,6,2,37,7,1197,1,10,SEAT IBIZA,1,E01012571,0,1
2024010505380,2024,010505380,1,9,0,9,9,7,5,0,0,8,0,0,0,0,1,1,6,6,1,52,8,1390,1,21,SEAT IBIZA,8,E01000447,0,1
2024451495013,2024,451495013,3,9,0,-1,2,0,0,-1,0,0,0,0,0,0,3,1,-1,6,-1,-1,-1,1197,1,8,SEAT IBIZA,-1,-1,0,-1
2024161415457,2024,161415457,3,9,0,-1,2,0,0,-1,0,0,0,0,0,0,2,1,-1,6,-1,-1,-1,1198,1,19,SEAT IBIZA,-1,-1,0,-1
2024131406138,2024,131406138,2,9,0,-1,19,1,5,-1,0,0,0,0,0,0,1,1,-1,9,1,37,7,1390,1,11,SEAT IBIZA,1,E01010812,0,1
2024070138361,2024,070138361,1,9,0,18,19,7,3,0,0,0,5,0,7,9,1,1,6,6,1,18,4,999,1,4,SEAT IBIZA,5,E01018717,0,3
2024461447410,2024,461447410,1,9,0,-1,19,1,5,-1,0,0,0,0,0,0,1,1,-1,6,2,19,4,1198,1,12,SEAT IBIZA,2,E01023990,0,1
2024131528191,2024,131528191,1,9,0,-1,19,5,1,-1,0,1,0,0,0,0,3,1,-1,2,2,45,7,999,1,7,SEAT IBIZA,9,E01011306,0,3
2024361463646,2024,361463646,1,9,0,-1,19,7,3,-1,0,1,0,0,0,0,3,1,-1,2,1,60,9,1598,2,10,SEAT IBIZA,1,E01026687,0,1
2024122400691,2024,122400691,1,9,0,13,13,5,1,0,0,0,0,0,0,0,3,1,2,2,2,42,7,999,1,2,SEAT IBIZA,6,E01012331,0,4
2024131520058,2024,131520058,1,9,0,-1,19,5,3,-1,0,1,0,0,0,0,1,1,-1,9,1,18,4,999,1,2,SEAT IBIZA,8,E01011590,0,1
2024131418988,2024,131418988,1,9,0,-1,12,3,7,-1,-1,0,0,0,0,0,1,1,-1,1,1,19,4,1198,1,14,SEAT IBIZA,6,E01011308,0,1
2024221477426,2024,221477426,2,9,0,-1,19,4,7,-1,0,0,0,0,1,10,1,1,-1,6,1,26,6,1198,1,14,SEAT IBIZA,4,E01014001,0,2
2024520001959,2024,520001959,3,9,0,18,19,2,6,0,0,4,0,0,0,0,2,1,6,6,1,41,7,999,1,8,SEAT IBIZA,9,E01033078,0,1
2024131455431,2024,131455431,2,9,0,-1,19,2,6,-1,0,8,0,0,0,0,4,1,-1,9,2,22,5,1197,1,7,SEAT IBIZA,3,E01010781,0,1
2024340WN5802,2024,340WN5802,1,9,0,-1,19,1,5,-1,0,0,0,0,0,0,1,1,-1,6,1,22,5,1197,1,11,SEAT IBIZA,-1,-1,0,-1
2024332400511,2024,332400511,2,9,0,-1,19,2,6,-1,0,0,0,0,0,0,1,1,-1,6,1,19,4,1598,1,14,SEAT IBIZA,2,E01013667,0,1
2024501483224,2024,501483224,1,9,0,-1,19,5,1,-1,0,0,5,0,0,0,4,1,-1,2,1,30,6,1798,1,8,SEAT IBIZA,7,E01018858,0,1
2024061451942,2024,061451942,1,9,-1,-1,-1,-1,-1,-1,-1,0,-1,-1,-1,0,-1,9,-1,6,3,-1,-1,1390,1,15,SEAT IBIZA,-1,-1,0,-1
2024991481622,2024,991481622,1,9,0,-1,19,8,4,-1,0,0,0,0,0,0,4,1,-1,9,1,21,5,999,1,5,SEAT IBIZA,6,E01021186,0,5
2024061467079,2024,061467079,1,9,0,-1,19,-1,-1,-1,0,0,0,0,0,0,1,1,-1,9,1,41,7,999,1,5,SEAT IBIZA,3,E01006014,0,1
2024501409404,2024,501409404,2,9,0,-1,3,7,2,-1,0,4,0,0,0,0,2,9,-1,6,2,42,7,1197,1,9,SEAT IBIZA,6,E01034860,0,1
2024501491283,2024,501491283,3,9,0,-1,19,5,1,-1,0,0,0,0,0,0,1,1,-1,9,1,33,6,1198,1,19,SEAT IBIZA,5,W01001263,0,5
2024070624125,2024,070624125,4,9,0,18,19,5,1,0,0,2,0,0,0,0,1,1,2,2,2,25,5,1390,1,13,SEAT IBIZA,2,E01012412,0,4
2024111509157,2024,111509157,1,9,0,-1,11,1,5,-1,0,0,0,0,0,0,1,1,-1,9,1,18,4,999,1,6,SEAT IBIZA,4,E01020783,0,1
2024131521913,2024,131521913,1,9,0,-1,19,3,7,-1,9,0,0,0,2,2,1,1,-1,9,1,22,5,1390,1,10,SEAT IBIZA,10,E01010766,0,1
2024141421555,2024,141421555,1,9,0,-1,19,3,7,-1,0,0,1,0,0,0,1,1,-1,9,1,20,4,1598,2,12,SEAT IBIZA,3,E01007807,0,1
2024211544464,2024,211544464,2,9,0,-1,19,1,5,-1,0,1,1,0,0,0,4,1,-1,2,2,22,5,999,1,2,SEAT IBIZA,-1,-1,0,-1
2024070664362,2024,070664362,2,9,0,7,7,8,2,0,0,5,0,0,0,0,2,1,1,1,1,23,5,1390,1,11,SEAT IBIZA,6,E01018472,0,3
2024061393739,2024,061393739,1,9,0,-1,15,3,7,-1,0,1,1,0,7,11,3,1,-1,6,1,20,4,1390,1,13,SEAT IBIZA,3,E01005026,0,2
2024421510241,2024,421510241,2,9,0,-1,19,6,2,-1,0,1,0,0,0,0,0,1,-1,6,1,26,6,1197,1,8,SEAT IBIZA,4,E01021563,0,1
2024131501159,2024,131501159,1,9,0,-1,19,5,1,-1,0,8,0,0,0,0,4,1,-1,9,1,32,6,1197,1,9,SEAT IBIZA,7,E01011277,0,3
2024010547233,2024,010547233,1,9,0,17,19,1,5,9,9,0,1,10,1,2,1,1,6,6,2,29,6,1197,1,7,SEAT IBIZA,5,E01003715,0,1
2024041516358,2024,041516358,2,9,0,-1,19,3,7,-1,0,8,0,0,1,0,3,1,-1,6,2,25,5,999,1,6,SEAT IBIZA,4,E01012729,0,1
2024552401170,2024,552401170,1,9,0,18,19,2,6,0,0,0,0,0,0,0,1,1,6,6,1,18,4,1390,1,14,SEAT IBIZA,10,E01020523,0,1
2024201503348,2024,201503348,1,9,0,-1,19,1,5,-1,0,0,0,0,0,0,1,1,-1,6,1,28,6,1390,1,14,SEAT IBIZA,2,E01009151,0,2
2024311484498,2024,311484498,2,9,0,-1,5,1,5,-1,0,8,0,0,0,0,0,1,-1,6,3,-1,-1,999,1,6,SEAT IBIZA,-1,-1,0,-1
2024201460271,2024,201460271,1,9,0,-1,9,5,3,-1,0,5,0,0,0,0,1,9,-1,9,1,19,4,1390,1,14,SEAT IBIZA,1,E01009354,0,1
2024471504070,2024,471504070,2,9,0,-1,7,1,4,-1,0,6,0,0,0,0,2,1,-1,9,2,19,4,999,1,2,SEAT IBIZA,1,E01020982,0,1
2024991493480,2024,991493480,2,9,0,-1,9,5,1,-1,0,6,0,0,2,0,1,1,-1,9,1,18,4,1390,1,13,SEAT IBIZA,2,-1,0,1
2024451398343,2024,451398343,1,9,0,-1,3,1,5,-1,0,0,0,0,0,0,2,9,-1,6,2,29,6,1390,1,14,SEAT IBIZA,4,E01030962,0,3
2024542580824,2024,542580824,1,9,0,17,19,6,3,0,0,1,2,0,1,4,1,1,1,1,2,24,5,1198,1,19,SEAT IBIZA,3,E01032118,0,1
2024122401250,2024,122401250,1,9,0,9,9,6,2,0,0,4,0,0,0,0,1,1,2,2,2,17,4,1390,1,10,SEAT IBIZA,4,E01027779,0,1
2024622400260,2024,622400260,1,9,0,16,19,7,3,0,0,8,0,0,0,0,1,1,6,6,2,60,9,1197,1,9,SEAT IBIZA,9,W01001820,0,2
2024061460125,2024,061460125,2,9,0,-1,-1,-1,-1,-1,0,1,0,0,0,0,0,9,-1,6,3,-1,-1,1896,2,15,SEAT IBIZA,-1,-1,0,-1
2024010519771,2024,010519771,1,9,0,18,19,3,7,9,9,2,0,0,7,2,1,1,6,6,1,55,8,1390,1,12,SEAT IBIZA,-1,-1,0,-1
2024131530891,2024,131530891,1,9,0,-1,5,5,1,-1,0,6,0,0,0,0,1,1,-1,2,2,23,5,999,1,4,SEAT IBIZA,9,E01010706,0,1
2024332400704,2024,332400704,1,9,0,-1,19,4,8,-1,0,0,0,0,0,0,1,1,-1,9,1,16,4,1390,1,14,SEAT IBIZA,3,E01013762,0,1