collision_index,collision_year,collision_ref_no,vehicle_reference,vehicle_type,towing_and_articulation,vehicle_manoeuvre_historic,vehicle_manoeuvre,vehicle_direction_from,vehicle_direction_to,vehicle_location_restricted_lane_historic,vehicle_location_restricted_lane,junction_location,skidding_and_overturning,hit_object_in_carriageway,vehicle_leaving_carriageway,hit_object_off_carriageway,first_point_of_impact,vehicle_left_hand_drive,journey_purpose_of_driver_historic,journey_purpose_of_driver,sex_of_driver,age_of_driver,age_band_of_driver,engine_capacity_cc,propulsion_code,age_of_vehicle,generic_make_model,driver_imd_decile,lsoa_of_driver,escooter_flag,driver_distance_banding
2024461419556,2024,461419556,1,9,0,-1,19,4,2,-1,0,0,1,0,0,0,1,1,-1,2,1,24,5,1390,1,16,SEAT IBIZA,-1,-1,0,-1
2024311412920,2024,311412920,2,9,0,-1,19,3,7,-1,0,1,0,0,0,0,1,1,-1,9,1,18,4,1199,2,12,SEAT IBIZA,4,E01028049,0,1
2024131451056,2024,131451056,1,9,0,-1,19,1,5,-1,0,0,1,10,1,4,1,1,-1,9,1,18,4,1390,1,19,SEAT IBIZA,1,E01011901,0,3
2024201466728,2024,201466728,1,9,0,-1,13,5,1,-1,0,8,0,0,0,0,1,9,-1,6,1,20,4,999,1,7,SEAT IBIZA,-1,-1,0,-1
2024041407852,2024,041407852,2,9,0,-1,19,4,8,-1,0,0,0,0,2,0,1,1,-1,6,2,24,5,1197,1,12,SEAT IBIZA,2,E01010715,0,2
2024201462662,2024,201462662,1,9,0,-1,19,1,5,-1,0,2,0,0,0,0,1,1,-1,6,2,22,5,1390,1,14,SEAT IBIZA,2,E01009314,0,1
2024461395711,2024,461395711,1,9,0,-1,15,7,3,-1,0,0,1,0,7,0,4,1,-1,6,1,22,5,1198,1,16,SEAT IBIZA,9,E01024526,0,1
2024371454359,2024,371454359,1,9,0,-1,19,7,3,-1,0,2,0,0,0,0,1,1,-1,2,2,19,4,1390,1,10,SEAT IBIZA,9,E01034560,0,2
2024052402030,2024,052402030,1,9,0,5,5,5,1,0,0,4,0,0,0,0,1,1,2,2,1,26,6,999,1,5,SEAT IBIZA,9,E01007182,0,2
2024041431540,2024,041431540,2,9,0,-1,19,1,5,-1,0,8,1,11,0,0,4,1,-1,9,1,20,4,1390,1,10,SEAT IBIZA,9,E01012609,0,2
2024440545647,2024,440545647,2,9,0,18,19,5,1,0,0,1,0,0,0,0,1,1,6,6,1,36,7,1422,2,15,SEAT IBIZA,9,E01032617,0,3
2024131414005,2024,131414005,1,9,0,-1,19,7,3,-1,0,0,0,0,0,0,-1,1,-1,9,1,44,7,1390,1,11,SEAT IBIZA,1,E01011625,0,1
2024131407377,2024,131407377,1,9,0,-1,19,1,5,-1,0,0,0,0,0,0,1,1,-1,6,2,19,4,999,1,3,SEAT IBIZA,1,E01011133,0,1
2024361487349,2024,361487349,1,9,0,-1,19,2,6,-1,0,0,0,0,0,0,0,1,-1,9,1,18,4,1390,1,17,SEAT IBIZA,9,E01026563,0,2
2024430302654,2024,430302654,2,9,0,18,19,5,1,0,0,1,0,0,0,0,2,1,6,6,1,43,7,1197,1,9,SEAT IBIZA,1,E01028568,0,2
2024131411231,2024,131411231,2,9,0,-1,19,3,7,-1,0,2,0,0,0,0,3,1,-1,9,1,21,5,1197,1,12,SEAT IBIZA,1,E01011357,0,1
2024320732214,2024,320732214,2,9,0,-1,-1,4,8,0,0,8,0,0,0,0,1,1,1,1,2,35,6,1390,1,10,SEAT IBIZA,4,E01026180,0,2
2024522402503,2024,522402503,2,9,0,13,13,1,5,0,0,8,0,0,0,0,4,1,6,6,3,-1,-1,1197,1,9,SEAT IBIZA,-1,-1,0,-1
2024010498808,2024,010498808,1,9,0,18,19,1,5,0,0,1,0,0,0,0,3,1,6,6,1,30,6,1390,1,14,SEAT IBIZA,6,E01000857,0,1
2024131404918,2024,131404918,1,9,0,-1,9,-1,-1,-1,0,8,-1,-1,-1,-1,-1,1,-1,6,3,-1,-1,1198,1,16,SEAT IBIZA,-1,-1,0,-1
2024440125860,2024,440125860,2,9,0,3,3,7,3,0,0,1,0,0,0,0,2,1,6,6,2,35,6,1390,1,10,SEAT IBIZA,10,E01033050,0,5
2024361477181,2024,361477181,2,9,0,-1,19,1,3,-1,0,1,0,0,0,0,0,1,-1,9,1,18,4,999,1,0,SEAT IBIZA,1,E01026622,0,2
2024320456928,2024,320456928,2,9,0,4,4,4,8,0,0,0,0,0,0,0,2,1,-1,-1,2,83,11,999,1,1,SEAT IBIZA,5,-1,0,5
2024131488676,2024,131488676,1,9,0,-1,19,7,3,-1,0,0,1,4,0,0,4,1,-1,6,2,21,5,999,1,7,SEAT IBIZA,10,E01011213,0,2
2024070637549,2024,070637549,2,9,0,5,5,3,7,0,0,8,0,0,0,0,1,1,1,1,2,69,10,999,1,0,SEAT IBIZA,-1,-1,0,-1
2024201466540,2024,201466540,2,9,0,-1,2,0,0,-1,0,0,0,0,0,0,3,1,-1,6,1,21,5,999,1,0,SEAT IBIZA,1,E01009412,0,2
2024141491787,2024,141491787,1,9,0,-1,19,3,7,-1,0,0,0,0,0,0,1,1,-1,9,1,18,4,1197,1,10,SEAT IBIZA,8,E01011183,0,4
2024622400158,2024,622400158,2,9,0,18,19,4,8,0,0,0,0,0,0,0,2,1,6,6,1,29,6,1197,1,8,SEAT IBIZA,10,W01001819,0,2
202417M111524,2024,17M111524,1,9,0,-1,4,6,2,-1,0,8,0,0,0,0,2,1,-1,2,1,30,6,1390,1,9,SEAT IBIZA,9,E01012124,0,3
2024161473126,2024,161473126,2,9,0,-1,19,1,5,-1,0,0,0,0,0,0,3,1,-1,9,2,25,5,1390,1,12,SEAT IBIZA,1,E01013278,0,1
2024231524232,2024,231524232,1,9,0,-1,19,1,5,-1,0,4,0,0,0,0,1,9,-1,6,3,45,7,1390,1,11,SEAT IBIZA,-1,-1,0,-1
2024052400625,2024,052400625,2,9,0,18,19,7,3,0,0,1,0,0,0,0,1,1,6,6,1,74,10,1968,2,11,SEAT IBIZA,3,E01027312,0,5
2024131441225,2024,131441225,2,9,0,-1,19,2,6,-1,0,0,0,0,0,0,4,1,-1,9,2,21,5,1197,1,10,SEAT IBIZA,1,E01011317,0,1
2024991421664,2024,991421664,2,9,0,-1,19,7,3,-1,0,0,0,0,1,0,1,1,-1,9,2,20,4,999,1,8,SEAT IBIZA,8,-1,0,5
2024221402214,2024,221402214,1,9,0,-1,13,2,5,-1,0,0,1,7,0,0,1,1,-1,6,1,31,6,1390,1,16,SEAT IBIZA,5,E01014046,0,2
2024041434854,2024,041434854,2,9,0,-1,9,1,5,-1,0,6,0,0,0,0,3,1,-1,2,1,21,5,1390,1,17,SEAT IBIZA,1,E01012674,0,1
2024211426151,2024,211426151,1,9,0,-1,19,6,2,-1,0,1,0,4,0,0,1,1,-1,6,1,18,4,1197,1,8,SEAT IBIZA,6,E01014324,0,1
2024430207432,2024,430207432,2,9,0,3,3,8,4,0,0,1,0,0,0,0,2,1,6,6,1,22,5,1395,1,9,SEAT IBIZA,2,E01033485,0,5
2024010534716,2024,010534716,1,9,0,-1,-1,7,3,0,0,8,0,0,0,0,1,1,6,6,1,34,6,1197,1,9,SEAT IBIZA,8,E01003455,0,2
2024546927224,2024,546927224,2,9,0,18,19,8,4,0,0,0,0,0,0,0,4,1,6,6,1,17,4,1390,1,15,SEAT IBIZA,7,E01023159,0,3
2024141510600,2024,141510600,2,9,0,-1,3,1,5,-1,0,0,0,0,0,0,2,1,-1,9,1,18,4,1390,1,13,SEAT IBIZA,1,E01007573,0,1
2024061468784,2024,061468784,1,9,0,-1,2,8,4,-1,99,0,0,0,0,0,4,1,-1,9,2,30,6,1197,1,10,SEAT IBIZA,4,E01006047,0,1
2024201467502,2024,201467502,2,9,0,-1,9,6,4,-1,0,8,0,0,0,0,0,9,-1,6,1,33,6,999,1,6,SEAT IBIZA,4,E01010145,0,2
2024531454827,2024,531454827,1,9,0,-1,19,5,1,-1,0,1,0,0,0,0,1,2,-1,6,2,87,11,1390,1,14,SEAT IBIZA,9,E01022125,0,1
2024440249947,2024,440249947,1,9,0,9,9,3,1,0,0,5,0,0,0,0,4,1,1,1,1,31,6,1390,1,9,SEAT IBIZA,8,E01022615,0,4
2024041495527,2024,041495527,2,9,0,-1,19,3,7,-1,0,0,1,0,2,7,0,1,-1,6,2,30,6,1390,1,14,SEAT IBIZA,1,E01024872,0,1
2024501481085,2024,501481085,2,9,0,-1,19,4,8,-1,0,1,0,0,0,0,1,1,-1,9,2,22,5,1199,2,14,SEAT IBIZA,4,E01018780,0,3
2024141507762,2024,141507762,1,9,0,-1,19,1,5,-1,0,0,0,0,0,0,1,1,-1,6,1,25,5,1199,2,10,SEAT IBIZA,1,E01008083,0,2
2024371484627,2024,371484627,1,9,0,-1,19,1,5,-1,0,1,0,0,0,0,4,1,-1,9,2,60,9,999,1,6,SEAT IBIZA,7,E01029875,0,2
2024201432210,2024,201432210,1,9,0,-1,19,4,8,-1,0,1,0,0,0,0,1,9,-1,6,1,22,5,999,1,8,SEAT IBIZA,2,E01008889,0,2
2024351443938,2024,351443938,5,9,0,-1,4,5,3,-1,0,0,0,0,0,0,0,1,-1,6,2,19,4,1422,2,14,SEAT IBIZA,8,E01018054,0,1
2024302500102,2024,302500102,1,9,0,-1,19,6,2,-1,0,1,0,0,0,0,4,1,-1,9,2,31,6,999,1,6,SEAT IBIZA,5,E01019520,0,1
2024440252113,2024,440252113,1,9,0,7,7,6,8,0,0,6,0,0,7,10,2,1,6,6,2,90,11,1198,1,19,SEAT IBIZA,7,E01023219,0,1
2024101448993,2024,101448993,2,9,0,-1,3,6,2,-1,0,4,0,0,0,0,2,1,-1,9,2,19,4,1390,1,15,SEAT IBIZA,4,E01008675,0,1
2024501425587,2024,501425587,1,9,0,-1,19,6,2,-1,0,1,1,0,7,10,1,1,-1,9,1,21,5,1198,1,18,SEAT IBIZA,3,E01034171,0,4
2024131525114,2024,131525114,1,9,0,-1,5,7,3,-1,0,8,0,0,0,0,3,1,-1,9,2,18,4,999,1,0,SEAT IBIZA,3,E01010741,0,3
2024131476279,2024,131476279,1,9,0,-1,19,5,1,-1,0,0,0,0,0,0,1,1,-1,9,1,24,5,1197,1,7,SEAT IBIZA,3,E01011098,0,2
2024101521955,2024,101521955,1,9,0,-1,19,5,2,-1,0,1,0,0,0,0,1,9,-1,6,1,45,7,1197,1,13,SEAT IBIZA,4,E01008778,0,1
2024461420872,2024,461420872,6,9,0,-1,2,0,0,-1,9,0,0,0,0,0,4,1,-1,6,-1,-1,-1,1197,1,8,SEAT IBIZA,-1,-1,0,-1
2024201413513,2024,201413513,1,9,0,-1,19,1,6,-1,0,0,1,0,0,0,1,9,-1,2,1,19,4,1390,1,14,SEAT IBIZA,4,E01009046,0,3
2024161430220,2024,161430220,1,9,0,-1,19,2,6,-1,0,8,0,0,7,11,1,1,-1,9,1,32,6,1390,1,19,SEAT IBIZA,6,E01012922,0,3
2024361402130,2024,361402130,1,9,0,-1,19,2,6,-1,0,0,0,0,1,4,1,1,-1,9,1,72,10,1198,1,17,SEAT IBIZA,10,E01026907,0,1
2024010512532,2024,010512532,2,9,0,99,99,9,9,99,99,9,9,99,9,99,9,9,6,6,3,-1,-1,1390,1,16,SEAT IBIZA,-1,-1,0,-1
2024471467642,2024,471467642,2,9,0,-1,2,0,0,-1,0,0,0,0,0,0,1,1,-1,6,-1,-1,-1,999,1,4,SEAT IBIZA,-1,-1,0,-1
2024231506508,2024,231506508,2,9,0,-1,3,2,4,-1,0,1,0,0,0,0,2,9,-1,6,1,23,5,1390,1,14,SEAT IBIZA,9,E01025817,0,3
2024211458578,2024,211458578,2,9,0,-1,19,5,1,-1,0,0,0,0,0,0,1,1,-1,6,1,24,5,1390,1,11,SEAT IBIZA,10,E01023200,0,5
2024991522188,2024,991522188,1,9,0,-1,5,2,6,-1,0,0,0,10,0,0,3,1,-1,9,2,20,4,999,1,0,SEAT IBIZA,1,-1,0,1
2024041456492,2024,041456492,2,9,0,-1,19,1,5,-1,0,8,0,0,0,0,4,1,-1,9,1,76,11,1197,1,7,SEAT IBIZA,8,E01025436,0,1
2024522500222,2024,522500222,1,9,0,18,19,2,6,0,0,0,0,0,0,0,1,1,6,6,2,47,8,1390,1,14,SEAT IBIZA,4,E01014603,0,1
202417M108624,2024,17M108624,1,9,0,-1,19,4,8,-1,0,1,0,0,0,0,4,1,-1,7,2,53,8,1390,1,12,SEAT IBIZA,1,E01012050,0,1
2024531451506,2024,531451506,1,9,0,-1,9,7,5,-1,0,5,0,0,0,0,4,1,-1,2,1,19,4,999,1,2,SEAT IBIZA,7,E01022397,0,4
2024201482793,2024,201482793,2,9,0,-1,19,5,1,-1,0,8,0,0,0,0,4,9,-1,6,2,40,7,1197,1,10,SEAT IBIZA,4,E01010159,0,1
2024401404335,2024,401404335,2,9,0,-1,4,3,7,-1,0,0,0,0,0,0,2,9,-1,9,1,24,5,1197,1,10,SEAT IBIZA,1,E01015736,0,1
2024201484309,2024,201484309,1,9,0,-1,5,7,0,-1,0,1,0,0,0,0,1,9,-1,6,1,25,5,999,1,5,SEAT IBIZA,-1,-1,0,-1
2024471515434,2024,471515434,1,9,0,-1,9,5,3,-1,0,0,0,0,0,0,1,1,-1,9,1,22,5,1390,1,16,SEAT IBIZA,8,E01031354,0,1
2024131395156,2024,131395156,2,9,0,-1,6,7,3,-1,0,1,0,0,0,0,3,1,-1,9,2,19,4,999,1,1,SEAT IBIZA,1,E01010843,0,1
2024201417410,2024,201417410,1,9,0,-1,19,2,6,-1,0,0,0,0,0,0,1,1,-1,9,2,19,4,1498,1,6,SEAT IBIZA,5,E01009888,0,1
2024430066356,2024,430066356,1,9,0,18,19,1,5,0,0,0,0,0,7,4,1,1,6,6,2,51,8,1390,1,9,SEAT IBIZA,2,E01028567,0,2
2024101528326,2024,101528326,964,9,0,-1,9,1,2,-1,0,4,0,0,0,0,0,1,-1,9,2,51,8,1197,1,8,SEAT IBIZA,1,E01008730,0,1
2024201504058,2024,201504058,2,9,0,-1,3,5,1,-1,0,1,0,0,0,0,2,9,-1,6,1,21,5,1395,1,10,SEAT IBIZA,4,E01009037,0,1
2024320351279,2024,320351279,1,9,0,-1,-1,8,4,0,0,0,0,0,1,10,1,1,6,6,1,18,4,1390,1,12,SEAT IBIZA,7,E01026242,0,1
2024631418817,2024,631418817,1,9,0,-1,19,8,4,-1,0,0,0,0,1,10,3,1,-1,9,1,20,4,1598,2,14,SEAT IBIZA,5,W01000717,0,3
2024991396430,2024,991396430,1,9,0,-1,11,6,3,-1,0,3,0,0,0,0,4,1,-1,1,2,57,9,999,1,6,SEAT IBIZA,2,-1,0,2
2024231449206,2024,231449206,1,9,0,-1,19,2,5,-1,0,8,0,0,0,0,1,1,-1,9,1,18,4,1390,1,11,SEAT IBIZA,4,E01009085,0,2
2024411396798,2024,411396798,1,9,0,-1,9,-1,-1,-1,0,1,0,0,0,0,3,9,-1,6,1,21,5,1197,1,8,SEAT IBIZA,1,E01026626,0,5
2024631529959,2024,631529959,1,9,0,-1,19,4,8,-1,0,0,2,0,8,3,1,1,-1,9,1,19,4,999,1,0,SEAT IBIZA,1,E01024278,0,5
2024141547862,2024,141547862,1,9,0,-1,19,1,7,-1,0,8,0,0,0,0,4,1,-1,9,1,45,7,1390,1,11,SEAT IBIZA,1,E01011899,0,3
2024320142360,2024,320142360,1,9,0,-1,-1,8,2,0,0,2,0,0,1,9,1,1,-1,-1,1,19,4,1598,2,14,SEAT IBIZA,3,E01026102,0,3
202454A546224,2024,54A546224,1,9,0,18,19,8,4,0,0,0,1,0,1,4,1,1,2,2,2,20,4,1390,1,12,SEAT IBIZA,9,E01015525,0,1
2024131462081,2024,131462081,1,9,0,-1,9,5,1,-1,0,1,0,0,0,0,2,1,-1,2,1,42,7,1390,1,13,SEAT IBIZA,5,E01011356,0,2
2024141406029,2024,141406029,1,9,0,-1,4,4,8,-1,0,0,0,0,0,0,3,1,-1,9,1,28,6,999,1,5,SEAT IBIZA,1,E01008102,0,1
2024070559578,2024,070559578,2,9,0,18,19,1,6,0,0,1,0,0,1,0,3,1,2,2,2,25,5,999,1,5,SEAT IBIZA,5,E01018741,0,3
2024201472479,2024,201472479,1,9,0,-1,15,6,3,-1,0,0,0,0,0,0,4,1,-1,6,1,25,5,1390,1,14,SEAT IBIZA,-1,-1,0,-1
2024430175040,2024,430175040,1,9,0,18,19,7,3,0,0,0,0,0,1,0,1,1,6,6,1,33,6,1896,2,17,SEAT IBIZA,8,E01028443,0,3
2024991448036,2024,991448036,2,9,0,-1,19,7,3,-1,0,1,1,0,0,0,1,1,-1,9,1,35,6,1390,1,13,SEAT IBIZA,6,-1,0,4
2024211521521,2024,211521521,2,9,0,-1,19,5,5,-1,0,1,0,0,1,0,3,1,-1,2,2,26,6,1197,1,10,SEAT IBIZA,9,E01009829,0,2
2024201472132,2024,201472132,1,9,0,-1,5,2,5,-1,0,1,0,0,0,0,1,1,-1,9,1,36,7,1390,1,10,SEAT IBIZA,1,E01010485,0,1
2024010516679,2024,010516679,2,9,0,99,99,9,9,99,99,9,9,99,9,99,9,9,6,6,3,-1,-1,1197,1,8,SEAT IBIZA,-1,-1,0,-1
2024131523419,2024,131523419,1,9,0,-1,19,3,7,-1,0,8,0,0,0,0,1,1,-1,6,1,23,5,999,1,7,SEAT IBIZA,1,E01011429,0,3
2024501534593,2024,501534593,1,9,0,-1,19,2,6,-1,0,8,0,0,7,11,1,1,-1,9,2,30,6,1197,1,9,SEAT IBIZA,3,E01019000,0,3
2024201433987,2024,201433987,1,9,0,-1,13,2,1,-1,0,0,1,7,1,2,1,9,-1,9,1,57,9,1598,2,14,SEAT IBIZA,6,E01010174,0,1
2024122401086,2024,122401086,2,9,0,18,19,1,2,0,0,8,0,0,1,1,3,1,6,6,2,31,6,999,1,3,SEAT IBIZA,10,E01012301,0,4
2024131459512,2024,131459512,2,9,0,-1,10,7,3,-1,0,0,0,0,0,0,2,1,-1,2,1,28,6,1197,1,7,SEAT IBIZA,-1,-1,0,-1
2024041516358,2024,041516358,1,9,0,-1,19,5,1,-1,0,1,1,0,0,0,1,1,-1,9,1,22,5,1390,1,14,SEAT IBIZA,1,E01012754,0,1
2024061505264,2024,061505264,1,9,0,-1,-1,-1,-1,-1,-1,-1,-1,-1,-1,0,-1,1,-1,6,1,20,4,999,1,0,SEAT IBIZA,-1,-1,0,-1
2024201511944,2024,201511944,2,9,0,-1,19,5,1,-1,0,0,1,0,2,0,1,1,-1,9,1,21,5,999,1,4,SEAT IBIZA,3,E01009268,0,1
2024361439460,2024,361439460,1,9,0,-1,19,3,7,-1,0,8,0,0,0,0,1,1,-1,9,1,22,5,1390,1,10,SEAT IBIZA,10,E01016534,0,5
2024440364944,2024,440364944,2,9,0,18,19,2,6,0,0,0,0,0,0,0,4,1,6,6,1,31,6,999,1,4,SEAT IBIZA,-1,-1,0,-1
2024211466597,2024,211466597,3,9,0,-1,3,8,4,-1,0,0,0,0,0,0,2,2,-1,9,1,23,5,999,1,6,SEAT IBIZA,1,E01014266,0,2
2024549836024,2024,549836024,3,9,0,2,2,0,0,0,0,2,0,0,0,0,0,1,6,6,3,-1,-1,1197,1,9,SEAT IBIZA,-1,-1,0,-1
2024211531404,2024,211531404,1,9,0,-1,19,1,5,-1,0,0,0,0,0,0,1,1,-1,9,2,17,4,1199,2,10,SEAT IBIZA,3,E01014341,0,1
2024552400021,2024,552400021,2,9,0,18,19,3,7,0,0,8,0,0,0,0,3,1,6,6,1,44,7,1390,1,16,SEAT IBIZA,3,E01033242,0,1
2024031486494,2024,031486494,1,9,0,-1,19,8,4,-1,0,0,5,0,0,0,1,1,-1,9,1,20,4,1568,1,15,SEAT IBIZA,1,E01008212,0,5
2024201517857,2024,201517857,1,9,0,-1,19,4,8,-1,0,1,0,0,0,0,2,1,-1,6,2,23,5,1197,1,9,SEAT IBIZA,3,E01008970,0,2
2024411473298,2024,411473298,1,9,0,-1,19,3,7,-1,0,0,0,0,0,0,1,1,-1,2,2,20,4,999,1,9,SEAT IBIZA,6,E01023940,0,1
2024991411188,2024,991411188,1,9,0,-1,9,8,6,-1,0,8,1,0,0,0,1,2,-1,9,1,50,8,999,1,5,SEAT IBIZA,8,-1,0,2
2024131524252,2024,131524252,3,9,0,-1,19,5,1,-1,0,1,0,0,0,0,1,1,-1,1,2,24,5,1390,1,11,SEAT IBIZA,4,E01011114,0,2
2024522402421,2024,522402421,1,9,0,9,9,7,4,0,0,5,0,0,0,0,1,1,6,6,1,27,6,1390,1,10,SEAT IBIZA,3,E01014572,0,1
2024061493678,2024,061493678,1,9,0,-1,9,4,2,-1,0,8,0,0,0,0,1,1,-1,9,2,19,4,999,1,0,SEAT IBIZA,1,E01006467,0,4
2024501460581,2024,501460581,2,9,0,-1,19,7,3,-1,0,0,0,0,0,0,2,1,-1,9,1,29,6,1390,1,13,SEAT IBIZA,5,E01018921,0,1
2024461479919,2024,461479919,2,9,0,-1,19,4,8,-1,0,0,0,11,0,0,4,1,-1,1,1,59,9,1199,2,13,SEAT IBIZA,7,E01032814,0,1
2024631442046,2024,631442046,1,9,0,-1,19,8,3,-1,0,0,1,0,0,0,1,1,-1,6,1,18,4,1390,1,13,SEAT IBIZA,6,W01000664,0,2
2024440021597,2024,440021597,1,9,0,18,19,1,5,0,0,0,1,0,2,4,2,1,6,6,1,32,6,1896,2,19,SEAT IBIZA,6,E01022507,0,1
2024610027724,2024,610027724,1,9,0,16,19,2,5,0,0,0,5,0,0,0,1,1,6,6,1,29,6,1422,2,16,SEAT IBIZA,4,W01001974,0,1
2024471425913,2024,471425913,1,9,0,-1,19,5,1,-1,0,3,0,0,0,0,1,1,-1,2,1,37,7,1390,1,21,SEAT IBIZA,-1,-1,0,-1
202454A426024,2024,54A426024,2,9,0,18,19,2,7,0,0,0,0,0,0,0,1,1,6,6,2,33,6,1197,1,10,SEAT IBIZA,1,E01015538,0,1
2024161519874,2024,161519874,1,9,0,-1,9,7,5,-1,0,3,0,0,0,0,1,1,-1,2,1,18,4,1390,1,11,SEAT IBIZA,5,E01012769,0,2
2024141413769,2024,141413769,2,9,0,-1,19,2,6,-1,0,0,0,0,0,0,1,1,-1,9,1,89,11,1390,1,15,SEAT IBIZA,7,E01007750,0,1
2024131443839,2024,131443839,1,9,0,-1,19,1,7,-1,0,0,0,0,0,0,1,1,-1,6,1,24,5,1390,1,14,SEAT IBIZA,1,E01010744,0,1
2024320730507,2024,320730507,2,9,0,3,3,3,1,0,0,2,0,0,0,0,2,1,6,6,1,21,5,1198,1,15,SEAT IBIZA,10,E01026186,0,2
2024231484074,2024,231484074,2,9,0,-1,4,4,8,-1,0,1,0,0,0,0,2,9,-1,9,2,18,4,999,1,0,SEAT IBIZA,3,E01031176,0,1
2024522401312,2024,522401312,1,9,0,18,19,7,3,0,0,8,0,4,0,0,1,1,6,6,2,19,4,1390,1,14,SEAT IBIZA,7,E01014722,0,1
202417M103724,2024,17M103724,2,9,0,18,19,2,6,0,0,8,0,0,0,0,1,1,6,6,1,20,4,999,1,7,SEAT IBIZA,7,E01012053,0,1
2024101410952,2024,101410952,2,9,0,-1,4,5,1,-1,0,0,0,0,0,0,3,9,-1,6,1,19,4,1197,1,9,SEAT IBIZA,4,E01008578,0,1
2024131403616,2024,131403616,1,9,0,-1,19,1,1,-1,0,0,2,0,0,0,1,1,-1,2,1,26,6,1968,2,13,SEAT IBIZA,1,E01024900,0,4
2024501526158,2024,501526158,1,9,0,-1,9,8,6,-1,0,1,0,0,1,10,3,1,-1,6,2,28,6,1197,1,8,SEAT IBIZA,2,E01018865,0,2
2024552400447,2024,552400447,2,9,0,18,19,6,2,0,0,0,0,0,0,0,1,1,6,6,2,18,4,1390,1,15,SEAT IBIZA,7,E01020513,0,2
2024401509548,2024,401509548,2,9,0,-1,19,1,5,-1,0,0,0,0,0,0,1,1,-1,6,1,23,5,1390,1,9,SEAT IBIZA,10,E01017401,0,2
2024141515479,2024,141515479,2,9,0,-1,7,7,5,-1,0,1,0,0,2,0,3,1,-1,9,1,21,5,1197,1,9,SEAT IBIZA,5,E01008005,0,1
2024461504425,2024,461504425,1,9,0,-1,-1,-1,-1,-1,-1,-1,-1,-1,-1,0,-1,9,-1,6,2,50,8,999,1,1,SEAT IBIZA,8,E01024045,0,1
2024332401232,2024,332401232,1,9,0,-1,19,3,7,-1,0,3,5,0,0,0,4,1,-1,2,1,28,6,1198,1,15,SEAT IBIZA,4,E01013629,0,1
2024531493963,2024,531493963,1,9,0,-1,19,7,2,-1,0,0,0,0,0,0,1,1,-1,6,1,20,4,1390,1,15,SEAT IBIZA,8,E01030491,0,5
2024320698720,2024,320698720,1,9,0,-1,-1,6,2,0,0,8,0,0,0,0,1,1,6,6,2,19,4,1199,2,10,SEAT IBIZA,-1,-1,0,-1
2024371522913,2024,371522913,1,9,0,-1,5,-1,-1,-1,0,6,0,0,0,0,1,1,-1,6,2,24,5,1390,1,9,SEAT IBIZA,10,E01029895,0,3
2024461418073,2024,461418073,1,9,0,-1,19,4,6,-1,0,0,0,0,0,0,1,9,-1,6,2,20,4,999,1,4,SEAT IBIZA,5,E01024039,0,1
2024131534250,2024,131534250,1,9,0,-1,19,1,5,-1,0,1,0,0,0,0,1,1,-1,6,2,27,6,999,1,5,SEAT IBIZA,1,E01011617,0,1
2024622400413,2024,622400413,1,9,0,18,19,8,4,0,0,1,0,0,0,0,1,1,6,6,2,33,6,1390,1,11,SEAT IBIZA,10,W01001735,0,1
2024451512900,2024,451512900,2,9,0,-1,19,4,8,-1,0,0,1,0,7,6,2,1,-1,1,2,43,7,999,1,1,SEAT IBIZA,6,E01030684,0,1
2024201416066,2024,201416066,1,9,0,-1,5,6,1,-1,0,6,0,0,0,0,1,9,-1,6,1,-1,-1,1390,1,11,SEAT IBIZA,-1,-1,0,-1
2024141491478,2024,141491478,2,9,0,-1,8,7,5,-1,0,8,0,0,0,0,2,1,-1,6,1,71,10,1390,1,13,SEAT IBIZA,6,E01027237,0,5
2024991404347,2024,991404347,1,9,0,-1,19,4,8,-1,0,0,1,0,1,0,3,1,-1,2,2,50,8,1390,1,13,SEAT IBIZA,1,-1,0,1
202417M302524,2024,17M302524,1,9,0,18,19,2,6,0,0,0,0,0,0,0,1,1,6,6,2,18,4,1390,1,9,SEAT IBIZA,6,E01012022,0,1
2024122400366,2024,122400366,2,9,0,3,3,6,2,0,0,0,0,0,0,0,2,1,6,6,2,44,7,1197,1,8,SEAT IBIZA,9,E01026182,0,5
2024131492586,2024,131492586,1,9,0,-1,13,1,1,-1,0,0,0,0,0,0,4,1,-1,2,2,19,4,1197,1,8,SEAT IBIZA,7,E01011119,0,2
2024161470460,2024,161470460,3,9,0,-1,2,0,0,-1,0,2,0,0,0,0,3,1,-1,6,-1,-1,-1,1390,1,9,SEAT IBIZA,-1,-1,0,-1
2024531490280,2024,531490280,3,9,0,-1,19,1,5,-1,0,0,0,0,0,0,1,1,-1,6,2,33,6,1197,1,9,SEAT IBIZA,8,E01022123,0,2
2024201521556,2024,201521556,1,9,0,-1,19,5,1,-1,0,4,0,0,0,0,1,1,-1,6,1,28,6,999,1,6,SEAT IBIZA,6,E01009657,0,1
2024461489159,2024,461489159,3,9,0,-1,4,6,2,-1,0,0,0,0,0,0,2,1,-1,9,1,61,9,1390,1,11,SEAT IBIZA,1,E01024687,0,3
2024111476784,2024,111476784,2,9,0,-1,19,2,6,-1,0,0,0,0,0,0,1,1,-1,9,2,24,5,1197,1,7,SEAT IBIZA,9,E01020813,0,1
2024351479970,2024,351479970,3,9,0,-1,4,4,8,-1,0,1,0,0,0,0,0,1,-1,1,1,36,7,999,1,6,SEAT IBIZA,10,E01023454,0,4