collision_index,collision_year,collision_ref_no,vehicle_reference,vehicle_type,towing_and_articulation,vehicle_manoeuvre_historic,vehicle_manoeuvre,vehicle_direction_from,vehicle_direction_to,vehicle_location_restricted_lane_historic,vehicle_location_restricted_lane,junction_location,skidding_and_overturning,hit_object_in_carriageway,vehicle_leaving_carriageway,hit_object_off_carriageway,first_point_of_impact,vehicle_left_hand_drive,journey_purpose_of_driver_historic,journey_purpose_of_driver,sex_of_driver,age_of_driver,age_band_of_driver,engine_capacity_cc,propulsion_code,age_of_vehicle,generic_make_model,driver_imd_decile,lsoa_of_driver,escooter_flag,driver_distance_banding
2024041494994,2024,041494994,1,9,0,-1,19,1,5,-1,0,0,0,0,1,0,1,9,-1,6,1,21,5,1390,1,15,SEAT IBIZA,9,E01019328,0,4
2024451444150,2024,451444150,2,9,0,-1,15,6,2,-1,0,0,0,0,0,0,1,1,-1,7,2,26,6,1197,1,10,SEAT IBIZA,6,E01034292,0,1
2024201508993,2024,201508993,1,9,0,-1,19,8,4,-1,0,2,5,4,0,0,3,1,-1,9,2,18,4,1197,1,10,SEAT IBIZA,2,E01009017,0,1
2024440020559,2024,440020559,2,9,0,18,19,6,2,0,0,2,0,0,0,0,1,1,6,6,1,19,4,1390,1,18,SEAT IBIZA,7,E01032618,0,2
2024201504864,2024,201504864,1,9,0,-1,9,7,4,-1,0,6,0,0,0,0,1,1,-1,2,1,24,5,1598,1,15,SEAT IBIZA,2,E01010059,0,1
2024371507407,2024,371507407,2,9,0,-1,19,1,5,-1,0,2,0,0,0,0,2,1,-1,6,1,29,6,1390,1,19,SEAT IBIZA,4,E01029960,0,3
2024461412258,2024,461412258,2,9,0,-1,4,7,3,-1,0,0,0,0,0,0,2,9,-1,6,2,-1,-1,999,1,3,SEAT IBIZA,7,E01024405,0,1
2024131442620,2024,131442620,1,9,0,-1,13,7,3,-1,0,0,0,0,0,0,1,1,-1,6,1,26,6,1598,2,14,SEAT IBIZA,5,E01010578,0,2
2024302400789,2024,302400789,6,9,0,18,19,7,3,0,0,0,1,0,0,0,1,1,6,6,1,33,6,1896,2,16,SEAT IBIZA,6,E01013519,0,1
2024610042524,2024,610042524,1,9,0,18,19,7,3,0,0,0,0,0,1,10,0,1,6,6,2,48,8,1390,1,16,SEAT IBIZA,5,W01001611,0,3
2024131420495,2024,131420495,2,9,0,-1,19,1,1,-1,0,1,0,0,0,0,1,1,-1,9,1,25,5,999,1,8,SEAT IBIZA,2,E01010796,0,1
2024201468108,2024,201468108,2,9,0,-1,7,7,2,-1,0,8,0,0,0,0,1,1,-1,6,1,29,6,1390,1,13,SEAT IBIZA,3,E01033624,0,1
2024461517028,2024,461517028,1,9,0,-1,19,3,7,-1,0,0,0,4,0,0,1,1,-1,9,1,38,7,1598,2,11,SEAT IBIZA,1,E01024240,0,1
2024552401266,2024,552401266,1,9,0,18,19,7,3,0,0,6,0,0,0,0,1,1,6,6,3,-1,-1,1197,1,11,SEAT IBIZA,-1,-1,0,-1
2024411538488,2024,411538488,1,9,0,-1,19,7,3,-1,0,0,0,0,1,0,1,1,-1,6,1,22,5,1390,1,13,SEAT IBIZA,4,E01023857,0,2
2024501495059,2024,501495059,1,9,0,-1,19,7,3,-1,99,0,1,0,1,11,3,1,-1,9,2,20,4,1390,1,17,SEAT IBIZA,5,E01020278,0,1
2024631483587,2024,631483587,1,9,0,-1,19,7,3,-1,0,0,0,0,0,0,1,1,-1,9,1,52,8,1198,1,21,SEAT IBIZA,6,W01000487,0,1
2024201484347,2024,201484347,1,9,0,-1,19,4,8,-1,0,8,0,0,0,0,1,1,-1,6,2,27,6,1390,1,11,SEAT IBIZA,10,E01032140,0,1
2024361473570,2024,361473570,2,9,0,-1,19,3,7,-1,0,0,0,0,1,0,3,1,-1,2,2,28,6,1968,2,14,SEAT IBIZA,5,E01026892,0,2
2024531434587,2024,531434587,1,9,0,-1,19,3,7,-1,0,3,0,0,1,2,1,1,-1,9,1,18,4,1197,1,10,SEAT IBIZA,9,E01022281,0,2
2024311399443,2024,311399443,2,9,0,-1,11,7,3,-1,0,1,0,0,0,0,4,1,-1,6,2,-1,-1,1390,1,10,SEAT IBIZA,-1,-1,0,-1
2024440410030,2024,440410030,1,9,0,9,9,6,4,0,0,8,0,0,0,0,3,1,6,6,1,82,11,1198,1,10,SEAT IBIZA,3,E01022803,0,1
2024010541310,2024,010541310,1,9,0,9,9,1,6,0,0,1,0,0,0,0,3,1,6,6,1,32,6,999,1,0,SEAT IBIZA,4,E01023956,0,3
2024631504726,2024,631504726,1,9,0,-1,19,2,5,-1,0,2,1,0,0,0,1,1,-1,1,2,22,5,999,1,7,SEAT IBIZA,2,W01000604,0,2
2024311508852,2024,311508852,1,9,0,-1,19,1,5,-1,0,0,0,0,0,0,2,1,-1,9,2,30,6,999,1,2,SEAT IBIZA,-1,-1,0,-1
2024451434091,2024,451434091,2,9,0,-1,19,6,2,-1,0,1,0,0,0,0,4,9,-1,6,2,45,7,999,1,2,SEAT IBIZA,6,E01030633,0,1
2024451528274,2024,451528274,1,9,0,-1,12,7,3,-1,0,0,0,0,0,0,3,1,-1,2,1,61,9,999,1,3,SEAT IBIZA,6,E01034728,0,1
2024501480482,2024,501480482,1,9,0,-1,6,1,3,-1,99,0,0,0,0,0,3,1,-1,9,2,23,5,999,1,7,SEAT IBIZA,3,E01019022,0,3
2024991453408,2024,991453408,1,9,0,-1,19,2,6,-1,0,0,0,0,0,0,4,1,-1,1,1,24,5,1390,1,11,SEAT IBIZA,4,-1,0,3
2024501537438,2024,501537438,1,9,0,-1,19,7,3,-1,0,0,0,0,0,0,3,1,-1,1,1,45,7,999,1,0,SEAT IBIZA,4,E01018815,0,4
2024211467308,2024,211467308,2,9,0,-1,19,1,5,-1,0,1,0,0,0,0,1,1,-1,6,1,20,4,1390,1,19,SEAT IBIZA,-1,-1,0,-1
2024201463557,2024,201463557,2,9,0,-1,19,1,2,-1,0,1,0,0,0,0,3,9,-1,6,1,24,5,1390,1,13,SEAT IBIZA,1,E01034926,0,1
2024991503114,2024,991503114,1,9,0,-1,19,5,1,-1,0,0,2,0,1,0,1,1,-1,9,1,18,4,1598,1,15,SEAT IBIZA,-1,-1,0,-1
2024161478491,2024,161478491,1,9,0,-1,19,1,5,-1,0,0,0,0,0,0,2,1,-1,6,2,42,7,1598,2,13,SEAT IBIZA,1,E01012877,0,1
2024302400992,2024,302400992,2,9,0,18,19,6,2,0,0,0,0,0,0,0,2,1,6,6,1,28,6,999,1,3,SEAT IBIZA,8,E01019423,0,4
2024010527714,2024,010527714,1,9,0,16,19,1,5,0,0,2,0,0,0,0,1,1,6,6,1,66,10,1390,1,9,SEAT IBIZA,9,E01030317,0,3
2024631440935,2024,631440935,1,9,0,-1,19,4,8,-1,0,0,5,0,2,10,3,1,-1,6,2,42,7,1390,1,12,SEAT IBIZA,5,W01000563,0,1
2024131517584,2024,131517584,3,9,0,-1,19,3,7,-1,0,8,0,0,0,0,1,1,-1,6,1,30,6,1390,1,11,SEAT IBIZA,1,E01011318,0,2
2024122400887,2024,122400887,1,9,0,7,7,8,2,0,0,1,0,0,0,0,4,1,6,6,2,20,4,999,1,2,SEAT IBIZA,10,E01027595,0,3
2024421512820,2024,421512820,2,9,0,-1,19,5,1,-1,0,0,0,0,0,0,3,1,-1,9,2,37,7,999,1,4,SEAT IBIZA,4,E01004421,0,4
2024320108664,2024,320108664,1,9,0,9,9,8,6,0,0,6,0,0,0,0,1,1,6,6,2,18,4,1390,1,14,SEAT IBIZA,6,E01026047,0,3
2024411519171,2024,411519171,1,9,0,-1,19,7,5,-1,0,3,0,0,0,0,4,1,-1,6,1,28,6,1798,1,7,SEAT IBIZA,1,E01027978,0,5
2024361524996,2024,361524996,1,9,0,-1,19,3,7,-1,0,8,0,0,0,0,4,1,-1,9,2,18,4,1197,1,7,SEAT IBIZA,6,E01033539,0,4
2024461577020,2024,461577020,1,9,0,-1,19,5,2,-1,0,0,2,11,7,0,3,1,-1,2,1,20,4,1390,1,17,SEAT IBIZA,7,E01024734,0,1
2024052401631,2024,052401631,2,9,0,18,19,5,1,0,0,8,0,0,0,0,1,1,6,6,1,37,7,999,1,5,SEAT IBIZA,6,E01006591,0,1
2024201457914,2024,201457914,1,9,0,-1,5,5,1,-1,0,0,0,0,0,0,1,9,-1,9,2,19,4,1198,1,12,SEAT IBIZA,1,E01009305,0,2
2024471445797,2024,471445797,1,9,0,-1,19,7,3,-1,0,4,0,0,0,0,1,9,-1,6,2,73,10,1197,1,7,SEAT IBIZA,7,E01031534,0,1
2024010542561,2024,010542561,1,9,0,18,19,7,3,0,0,1,0,0,0,0,1,1,6,6,1,21,5,999,1,9,SEAT IBIZA,-1,-1,0,-1
2024340NN3962,2024,340NN3962,2,9,0,-1,19,5,1,-1,0,8,0,0,0,0,4,1,-1,1,1,29,6,1390,1,16,SEAT IBIZA,8,E01027253,0,3
2024031413992,2024,031413992,1,9,0,-1,4,1,5,-1,0,1,0,0,1,0,1,1,-1,6,2,30,6,1197,1,8,SEAT IBIZA,-1,-1,0,-1
2024231414173,2024,231414173,1,9,0,-1,9,3,8,-1,0,6,2,0,3,11,1,1,-1,6,2,27,6,1390,1,9,SEAT IBIZA,7,E01031198,0,1
2024141431348,2024,141431348,1,9,0,-1,19,4,7,-1,0,0,0,0,0,0,1,1,-1,2,1,54,8,1197,1,9,SEAT IBIZA,4,E01007445,0,1
2024201406366,2024,201406366,1,9,0,-1,10,5,3,-1,0,8,0,0,0,0,2,1,-1,6,1,43,7,1390,1,10,SEAT IBIZA,1,E01009270,0,1
2024631432526,2024,631432526,1,9,0,-1,5,1,6,-1,0,6,0,0,2,10,3,1,-1,6,2,22,5,1598,2,10,SEAT IBIZA,8,W01000557,0,1
2024340NN2762,2024,340NN2762,1,9,0,-1,19,3,7,-1,0,0,1,0,7,9,1,1,-1,2,1,19,4,1198,1,15,SEAT IBIZA,8,E01027212,0,3
2024221430787,2024,221430787,1,9,0,-1,19,8,3,-1,0,0,0,4,8,10,1,9,-1,6,2,19,4,1390,1,13,SEAT IBIZA,8,E01034316,0,2
2024440316875,2024,440316875,1,9,0,18,19,7,3,0,0,3,0,0,0,0,1,1,6,6,2,31,6,1197,1,11,SEAT IBIZA,7,E01022628,0,1
2024131525246,2024,131525246,1,9,0,-1,19,1,5,-1,0,2,1,0,0,0,1,1,-1,9,1,18,4,1199,2,12,SEAT IBIZA,1,E01010812,0,1
2024320617868,2024,320617868,1,9,0,-1,-1,4,8,0,0,0,0,0,1,0,1,1,-1,-1,1,45,7,1598,2,11,SEAT IBIZA,7,E01033535,0,5
2024201474960,2024,201474960,1,9,0,-1,19,3,7,-1,0,8,0,0,0,0,1,1,-1,9,1,23,5,1197,1,10,SEAT IBIZA,9,E01009420,0,3
2024421403632,2024,421403632,1,9,0,-1,19,7,5,-1,0,2,0,0,0,0,1,9,-1,6,1,30,6,1197,1,10,SEAT IBIZA,5,E01021890,0,2
2024520001371,2024,520001371,1,9,0,4,4,1,5,0,0,0,0,0,0,0,2,1,6,6,1,20,4,1197,1,7,SEAT IBIZA,1,E01014458,0,2
2024131443351,2024,131443351,1,9,0,-1,7,3,7,-1,0,1,0,0,0,0,4,1,-1,9,1,41,7,1197,1,13,SEAT IBIZA,2,E01010796,0,1
2024320487664,2024,320487664,1,9,0,-1,-1,3,7,0,0,1,0,0,0,0,1,1,-1,-1,1,19,4,1390,1,9,SEAT IBIZA,7,E01034684,0,1
2024302401644,2024,302401644,1,9,0,18,19,8,4,0,0,0,0,4,1,0,1,1,6,6,1,21,5,1390,1,20,SEAT IBIZA,7,E01018057,0,5
2024122400850,2024,122400850,2,9,0,7,7,3,6,0,0,1,0,0,0,0,3,1,2,2,2,25,5,1390,1,10,SEAT IBIZA,8,E01027677,0,1
2024201526198,2024,201526198,2,9,0,-1,2,1,5,-1,-1,0,0,0,0,0,2,1,-1,9,2,32,6,1390,1,9,SEAT IBIZA,3,E01010018,0,1
2024461444270,2024,461444270,1,9,0,-1,19,3,7,-1,0,0,0,0,0,0,1,1,-1,6,-1,-1,-1,1197,1,11,SEAT IBIZA,-1,-1,0,-1
2024070570200,2024,070570200,1,9,0,18,19,2,6,0,0,0,0,0,0,0,1,1,6,6,1,21,5,999,1,4,SEAT IBIZA,10,E01005805,0,1
2024061419188,2024,061419188,2,9,0,-1,19,3,5,-1,0,8,0,0,0,0,3,1,-1,6,2,23,5,1197,1,10,SEAT IBIZA,6,E01018617,0,3
2024131512268,2024,131512268,2,9,0,-1,12,1,1,-1,0,8,0,0,0,0,3,1,-1,6,2,29,6,1390,1,13,SEAT IBIZA,1,E01010960,0,1
2024340WN5632,2024,340WN5632,2,9,0,-1,19,4,8,-1,0,0,0,0,0,0,4,1,-1,2,1,19,4,999,1,5,SEAT IBIZA,4,E01035429,0,4
2024061450953,2024,061450953,3,9,0,-1,2,1,1,-1,0,0,0,0,0,0,1,1,-1,6,-1,-1,-1,1197,1,10,SEAT IBIZA,-1,-1,0,-1
2024461400192,2024,461400192,1,9,0,-1,19,3,8,-1,0,1,0,0,0,0,1,1,-1,2,1,59,9,1198,1,16,SEAT IBIZA,5,E01024606,0,1
2024552400419,2024,552400419,1,9,0,1,1,4,8,0,0,0,0,4,0,0,2,1,6,6,2,41,7,1199,2,13,SEAT IBIZA,6,E01020543,0,1
2024211490545,2024,211490545,2,9,0,-1,4,1,5,-1,0,0,0,0,0,0,2,1,-1,2,2,21,5,1390,1,12,SEAT IBIZA,7,E01029771,0,2
2024501487355,2024,501487355,1,9,0,-1,19,7,3,-1,0,0,2,0,2,10,1,1,-1,9,1,18,4,1390,1,13,SEAT IBIZA,5,E01020097,0,1
2024471513521,2024,471513521,1,9,0,-1,19,5,1,-1,0,4,0,0,0,0,3,1,-1,9,2,50,8,1197,1,7,SEAT IBIZA,3,E01031795,0,1
2024622400103,2024,622400103,2,9,0,17,19,8,4,0,0,0,0,0,0,0,1,1,6,6,1,81,11,999,1,3,SEAT IBIZA,3,W01000953,0,4
2024041519095,2024,041519095,1,9,0,-1,19,1,5,-1,0,2,1,0,1,11,3,1,-1,9,2,18,4,999,1,8,SEAT IBIZA,5,E01025604,0,2
2024211477210,2024,211477210,2,9,0,-1,19,1,5,-1,0,0,0,0,0,0,2,1,-1,6,1,18,4,1390,1,12,SEAT IBIZA,2,E01014274,0,2
2024302401364,2024,302401364,1,9,0,13,13,8,4,0,0,0,0,0,0,0,1,1,6,6,1,19,4,1395,1,10,SEAT IBIZA,6,E01007554,0,4
2024141514821,2024,141514821,1,9,0,-1,19,5,1,-1,0,0,0,0,0,0,1,1,-1,9,1,18,4,1198,1,12,SEAT IBIZA,6,E01007962,0,1
2024631423305,2024,631423305,1,9,0,-1,7,5,6,-1,0,6,0,0,0,0,1,1,-1,9,2,26,6,1390,1,12,SEAT IBIZA,6,W01000575,0,2
2024111448799,2024,111448799,1,9,0,-1,19,3,7,-1,0,0,0,0,0,0,4,1,-1,6,2,30,6,999,1,0,SEAT IBIZA,5,E01012323,0,1
2024361532707,2024,361532707,1,9,0,-1,13,-1,-1,-1,0,0,0,0,0,0,2,1,-1,6,3,-1,-1,999,1,4,SEAT IBIZA,-1,-1,0,-1
2024430559229,2024,430559229,1,9,0,18,19,4,8,0,0,0,2,0,1,11,1,1,6,6,1,21,5,1197,1,11,SEAT IBIZA,5,E01009521,0,5
2024401544674,2024,401544674,1,9,0,-1,1,3,7,-1,0,0,0,0,1,0,2,1,-1,6,2,87,11,1390,1,12,SEAT IBIZA,7,E01034413,0,1
2024531434526,2024,531434526,3,9,0,-1,19,1,5,-1,0,1,1,0,1,9,1,1,-1,6,2,25,5,1390,1,13,SEAT IBIZA,6,E01022400,0,4
2024451486159,2024,451486159,1,9,0,-1,9,5,3,-1,0,0,0,0,0,0,3,1,-1,9,1,28,6,1197,1,7,SEAT IBIZA,10,E01017631,0,4
2024010502653,2024,010502653,1,9,0,99,99,9,9,99,99,9,9,99,9,99,1,9,6,6,2,30,6,1390,1,13,SEAT IBIZA,2,E01000484,0,1
2024471401456,2024,471401456,1,9,0,-1,19,3,3,-1,0,0,0,4,0,0,1,1,-1,9,1,25,5,1198,1,17,SEAT IBIZA,9,E01031717,0,1
2024201454837,2024,201454837,1,9,0,-1,7,1,4,-1,0,5,0,0,0,0,3,1,-1,7,2,51,8,1199,2,12,SEAT IBIZA,1,E01010130,0,3
2024991491160,2024,991491160,1,9,0,-1,9,3,1,-1,0,8,0,0,0,0,1,1,-1,6,1,38,7,1390,1,11,SEAT IBIZA,5,-1,0,3
2024161413489,2024,161413489,3,9,0,-1,2,0,0,-1,0,0,0,0,0,0,4,1,-1,6,-1,-1,-1,1199,2,12,SEAT IBIZA,-1,-1,0,-1
2024201416707,2024,201416707,1,9,0,-1,7,8,2,-1,0,5,0,0,0,0,1,9,-1,9,1,23,5,1390,1,13,SEAT IBIZA,1,E01009048,0,1
2024201544799,2024,201544799,1,9,0,-1,7,2,4,-1,0,0,0,0,0,0,2,1,-1,6,1,36,7,1598,2,14,SEAT IBIZA,2,E01009790,0,1
2024302401393,2024,302401393,2,9,0,18,19,4,8,0,0,8,0,0,0,0,1,1,6,6,2,47,8,999,1,8,SEAT IBIZA,9,E01019671,0,2
2024201472031,2024,201472031,2,9,0,-1,19,2,6,-1,0,0,0,0,0,0,1,9,-1,6,1,18,4,999,1,0,SEAT IBIZA,2,E01009887,0,1
2024201496430,2024,201496430,2,9,0,-1,19,2,6,-1,0,8,0,0,0,0,1,1,-1,2,1,19,4,1197,1,8,SEAT IBIZA,2,E01034945,0,1
2024070633626,2024,070633626,2,9,0,18,19,3,7,0,0,8,0,0,0,0,4,1,6,6,2,42,7,1197,1,11,SEAT IBIZA,1,E01018466,0,1
2024501455963,2024,501455963,1,9,0,-1,19,1,5,-1,0,0,5,0,7,9,1,1,-1,9,1,17,4,1390,1,18,SEAT IBIZA,6,E01019902,0,1
2024041404018,2024,041404018,2,9,0,-1,3,1,5,-1,0,1,0,0,0,0,1,1,-1,6,2,46,8,1390,1,11,SEAT IBIZA,3,E01025223,0,1
2024461468268,2024,461468268,1,9,0,-1,12,3,7,-1,0,0,0,0,0,0,1,1,-1,2,2,18,4,1390,1,11,SEAT IBIZA,2,E01024047,0,2
2024320230755,2024,320230755,2,9,0,-1,-1,5,1,0,0,8,2,0,1,9,3,1,-1,-1,1,18,4,999,1,5,SEAT IBIZA,3,E01007571,0,5
2024520401828,2024,520401828,1,9,0,17,19,4,8,0,0,2,5,0,7,0,3,1,6,6,1,19,4,1197,1,9,SEAT IBIZA,10,E01014823,0,3
2024161443818,2024,161443818,1,9,0,-1,19,4,8,-1,0,0,0,0,0,0,1,1,-1,2,1,22,5,1390,1,11,SEAT IBIZA,10,E01013064,0,3
2024201460626,2024,201460626,2,9,0,-1,5,5,3,-1,0,0,0,0,0,0,4,1,-1,6,2,23,5,1390,1,14,SEAT IBIZA,1,E01009053,0,1
2024440214402,2024,440214402,1,9,0,18,19,2,6,0,0,1,0,0,0,0,1,1,6,6,1,86,11,1390,1,10,SEAT IBIZA,1,E01022968,0,1
2024311535640,2024,311535640,1,9,0,-1,9,4,8,-1,0,4,0,0,0,0,3,1,-1,9,2,25,5,999,1,7,SEAT IBIZA,7,E01028193,0,3
2024221536776,2024,221536776,2,9,0,-1,19,8,4,-1,0,0,0,0,1,4,1,9,-1,2,1,25,5,1198,1,16,SEAT IBIZA,8,E01032228,0,1
2024122400293,2024,122400293,1,9,0,18,19,8,4,0,0,8,0,0,0,0,1,1,6,6,2,67,10,1197,1,8,SEAT IBIZA,7,E01033070,0,1
2024471505568,2024,471505568,3,9,0,-1,2,0,0,-1,0,0,0,0,0,0,1,1,-1,6,-1,-1,-1,999,1,8,SEAT IBIZA,-1,-1,0,-1
2024631424337,2024,631424337,1,9,0,-1,9,5,3,-1,9,8,0,0,3,10,1,1,-1,9,1,15,3,1390,1,13,SEAT IBIZA,4,W01000608,0,2
2024010534611,2024,010534611,1,9,0,4,4,6,2,0,0,8,0,0,0,0,1,1,6,6,2,73,10,1197,1,9,SEAT IBIZA,8,E01004130,0,1
2024471405610,2024,471405610,3,9,0,-1,10,3,7,-1,0,1,0,0,0,0,2,1,-1,2,2,23,5,999,1,4,SEAT IBIZA,5,E01021120,0,1
2024131486157,2024,131486157,3,9,0,-1,2,7,7,-1,0,8,0,4,1,0,2,1,-1,6,-1,-1,-1,1197,1,10,SEAT IBIZA,-1,-1,0,-1
2024211433893,2024,211433893,1,9,0,-1,9,8,5,-1,0,8,0,0,0,0,1,1,-1,6,2,21,5,1390,1,15,SEAT IBIZA,3,E01014240,0,1
2024302401070,2024,302401070,1,9,0,16,19,4,8,0,0,0,1,0,7,0,1,1,6,6,1,19,4,1198,1,15,SEAT IBIZA,4,E01025823,0,4
2024340WN1022,2024,340WN1022,1,9,0,-1,19,5,1,-1,0,0,1,0,1,10,1,1,-1,9,2,19,4,1390,1,12,SEAT IBIZA,10,E01027163,0,1
2024451458094,2024,451458094,2,9,0,-1,9,5,1,-1,0,3,0,0,0,0,4,1,-1,2,2,20,4,1390,1,13,SEAT IBIZA,10,E01030796,0,1
2024161414352,2024,161414352,2,9,0,-1,19,1,5,-1,0,8,0,0,1,10,1,1,-1,9,2,34,6,1390,1,13,SEAT IBIZA,2,E01013238,0,1
2024131444607,2024,131444607,1,9,0,-1,19,1,1,-1,0,8,0,0,0,0,1,1,-1,9,1,23,5,1197,1,7,SEAT IBIZA,4,E01010849,0,2
2024991510846,2024,991510846,5,9,0,-1,19,4,8,-1,0,0,0,0,0,0,1,1,-1,6,2,35,6,999,1,4,SEAT IBIZA,2,-1,0,1
2024371533759,2024,371533759,2,9,0,-1,19,3,1,-1,0,0,0,0,0,0,1,1,-1,9,2,72,10,1199,2,13,SEAT IBIZA,3,E01030161,0,4
2024010501002,2024,010501002,1,9,0,9,9,5,2,0,0,5,0,0,0,0,1,1,6,6,2,38,7,1197,1,9,SEAT IBIZA,2,E01003065,0,1
2024131527324,2024,131527324,1,9,0,-1,19,7,7,-1,0,8,0,0,0,0,1,1,-1,2,2,23,5,999,1,6,SEAT IBIZA,2,E01010799,0,2
2024421425387,2024,421425387,1,9,0,-1,9,1,5,-1,0,1,0,0,0,0,1,1,-1,6,1,17,4,1197,1,9,SEAT IBIZA,10,E01021469,0,2
2024421469457,2024,421469457,1,9,0,-1,19,7,3,-1,0,0,0,0,1,0,3,2,-1,9,1,34,6,1198,1,13,SEAT IBIZA,7,E01021995,0,1
2024111440160,2024,111440160,1,9,0,-1,19,8,4,-1,0,0,0,0,0,0,1,1,-1,6,1,55,8,1390,1,16,SEAT IBIZA,5,E01020691,0,1
2024302500240,2024,302500240,1,9,0,-1,19,6,3,-1,0,2,1,0,1,4,1,1,-1,6,1,18,4,1390,1,10,SEAT IBIZA,2,E01019567,0,3
2024131534344,2024,131534344,1,9,0,-1,2,0,0,-1,0,1,0,0,0,0,3,1,-1,6,2,65,9,999,1,0,SEAT IBIZA,2,E01010871,0,1
2024141442362,2024,141442362,1,9,0,-1,19,5,1,-1,0,0,0,0,0,0,4,1,-1,9,1,23,5,1390,1,12,SEAT IBIZA,1,E01008097,0,2
2024131413322,2024,131413322,1,9,0,-1,13,1,6,-1,0,1,0,0,0,0,4,1,-1,9,1,69,10,999,1,7,SEAT IBIZA,3,E01010980,0,1
2024430470450,2024,430470450,2,9,0,1,1,7,3,0,0,6,0,0,0,0,2,1,6,6,1,45,7,1198,1,19,SEAT IBIZA,4,E01017904,0,1
2024461451425,2024,461451425,1,9,0,-1,19,3,7,-1,0,0,0,0,0,0,1,2,-1,6,1,29,6,999,1,4,SEAT IBIZA,6,E01016871,0,4
2024201553873,2024,201553873,1,9,0,-1,9,3,1,-1,0,2,0,4,0,0,1,1,-1,9,1,24,5,999,1,3,SEAT IBIZA,2,E01010059,0,2
2024631400186,2024,631400186,2,9,0,-1,19,6,2,-1,0,1,2,0,0,0,1,1,-1,6,1,28,6,1390,1,12,SEAT IBIZA,6,W01000560,0,3
2024041479006,2024,041479006,1,9,0,-1,19,5,1,-1,0,0,0,0,1,0,1,1,-1,9,1,41,7,999,1,0,SEAT IBIZA,1,E01025260,0,3
2024041510199,2024,041510199,3,9,0,-1,2,5,1,-1,0,0,0,0,0,0,2,1,-1,6,-1,-1,-1,999,1,6,SEAT IBIZA,-1,-1,0,-1
2024401475143,2024,401475143,1,9,0,-1,19,3,7,-1,0,0,0,0,0,0,1,1,-1,6,1,-1,-1,1598,1,15,SEAT IBIZA,-1,-1,0,-1
2024401486278,2024,401486278,2,9,0,-1,1,1,5,-1,0,6,0,0,0,0,2,1,-1,6,2,28,6,1390,1,17,SEAT IBIZA,3,E01015795,0,1
2024461422316,2024,461422316,2,9,0,-1,4,5,1,-1,0,0,0,0,0,0,2,9,-1,1,2,52,8,999,1,0,SEAT IBIZA,7,E01024318,0,1
2024440471015,2024,440471015,1,9,0,18,19,6,2,0,0,0,0,0,0,0,4,1,6,6,2,28,6,1390,1,10,SEAT IBIZA,8,E01023050,0,1
2024231531754,2024,231531754,1,9,0,-1,19,7,3,-1,0,8,0,0,0,0,1,2,-1,6,1,25,5,1598,2,14,SEAT IBIZA,-1,-1,0,-1
2024131500753,2024,131500753,2,9,0,-1,19,5,1,-1,0,0,0,0,0,0,2,1,-1,9,1,21,5,1390,1,10,SEAT IBIZA,8,E01032496,0,1
2024201477561,2024,201477561,1,9,0,-1,19,7,3,-1,0,6,0,0,0,0,1,1,-1,6,2,54,8,1390,1,9,SEAT IBIZA,1,E01034929,0,1
2024221410566,2024,221410566,1,9,0,-1,19,4,8,-1,0,0,1,0,7,10,1,1,-1,1,1,19,4,1198,1,21,SEAT IBIZA,4,E01032378,0,3
2024361469895,2024,361469895,1,9,0,-1,4,7,3,-1,0,0,0,0,0,0,1,2,-1,2,2,24,5,1598,2,10,SEAT IBIZA,7,E01026545,0,2
2024440405168,2024,440405168,1,9,0,9,9,3,7,0,0,0,0,0,0,0,3,1,6,6,1,21,5,1197,1,7,SEAT IBIZA,4,E01023261,0,1
2024522403211,2024,522403211,1,9,0,18,19,4,8,0,0,8,0,0,0,0,1,1,6,6,2,21,5,1198,1,12,SEAT IBIZA,10,E01014823,0,1
2024991523466,2024,991523466,3,9,0,-1,19,3,7,-1,0,1,0,0,0,0,1,1,-1,6,1,41,7,1390,1,15,SEAT IBIZA,1,-1,0,1
2024631436165,2024,631436165,1,9,0,-1,5,8,6,-1,0,6,0,0,0,0,3,1,-1,9,2,19,4,1390,1,13,SEAT IBIZA,4,W01000605,0,1
2024430517584,2024,430517584,2,9,0,18,19,8,4,0,0,8,0,0,0,0,4,1,3,7,2,36,7,1390,1,13,SEAT IBIZA,9,E01035727,0,1
2024302400798,2024,302400798,2,9,0,7,7,1,3,0,0,8,0,0,0,0,1,1,6,6,1,19,4,1390,1,13,SEAT IBIZA,2,E01013499,0,1
2024430322031,2024,430322031,1,9,0,16,19,6,1,0,0,0,1,0,1,9,1,1,6,6,1,40,7,1390,1,13,SEAT IBIZA,6,E01033952,0,2
2024371428517,2024,371428517,2,9,0,-1,9,5,3,-1,0,2,0,0,0,0,3,1,-1,9,2,45,7,1197,1,10,SEAT IBIZA,5,E01029976,0,1
2024631488770,2024,631488770,1,9,0,-1,19,5,1,-1,0,0,5,0,0,0,1,1,-1,9,1,19,4,1390,1,13,SEAT IBIZA,4,W01000685,0,2
2024221501372,2024,221501372,1,9,0,-1,19,7,4,-1,0,0,1,6,0,0,1,1,-1,2,2,19,4,1390,1,12,SEAT IBIZA,1,W01000240,0,4
2024061475386,2024,061475386,1,9,0,-1,19,7,3,-1,0,8,5,0,0,0,4,1,-1,9,2,18,4,999,1,4,SEAT IBIZA,5,E01005876,0,2
2024231433343,2024,231433343,2,9,0,-1,19,4,8,-1,0,0,0,0,0,0,4,9,-1,9,1,27,6,999,1,0,SEAT IBIZA,3,E01009599,0,3