collision_index,collision_year,collision_ref_no,vehicle_reference,vehicle_type,towing_and_articulation,vehicle_manoeuvre_historic,vehicle_manoeuvre,vehicle_direction_from,vehicle_direction_to,vehicle_location_restricted_lane_historic,vehicle_location_restricted_lane,junction_location,skidding_and_overturning,hit_object_in_carriageway,vehicle_leaving_carriageway,hit_object_off_carriageway,first_point_of_impact,vehicle_left_hand_drive,journey_purpose_of_driver_historic,journey_purpose_of_driver,sex_of_driver,age_of_driver,age_band_of_driver,engine_capacity_cc,propulsion_code,age_of_vehicle,generic_make_model,driver_imd_decile,lsoa_of_driver,escooter_flag,driver_distance_banding
2024351415743,2024,351415743,1,9,0,-1,19,6,3,-1,0,7,0,0,0,0,1,1,-1,6,2,31,6,1197,1,12,SEAT IBIZA,9,E01018216,0,1
2024131418138,2024,131418138,1,9,0,-1,19,7,3,-1,0,0,0,0,0,0,1,1,-1,6,1,-1,-1,1598,2,13,SEAT IBIZA,-1,-1,0,-1
2024201473814,2024,201473814,1,9,0,-1,5,2,6,-1,0,1,0,0,0,0,1,1,-1,6,2,38,7,999,1,1,SEAT IBIZA,1,E01009306,0,1
2024991414555,2024,991414555,2,9,0,-1,3,8,4,-1,0,0,0,0,0,0,2,1,-1,6,1,37,7,999,1,1,SEAT IBIZA,3,-1,0,3
2024161415609,2024,161415609,2,9,0,-1,19,5,1,-1,0,4,1,0,1,4,1,1,-1,9,1,34,6,999,1,8,SEAT IBIZA,-1,-1,0,-1
2024622400645,2024,622400645,3,9,0,10,10,2,6,0,0,1,0,0,0,0,2,1,6,6,1,25,5,1498,1,6,SEAT IBIZA,7,W01001594,0,4
2024041461366,2024,041461366,1,9,0,-1,19,3,7,-1,0,1,0,0,0,0,4,1,-1,9,1,79,11,999,1,5,SEAT IBIZA,1,E01025139,0,1
2024991450187,2024,991450187,1,9,0,-1,3,3,7,-1,0,1,0,0,0,0,2,1,-1,6,1,36,7,1598,2,9,SEAT IBIZA,3,-1,0,1
2024141428679,2024,141428679,2,9,0,-1,7,7,1,-1,0,8,0,0,0,0,1,1,-1,9,1,19,4,1199,2,11,SEAT IBIZA,4,E01007460,0,1
2024461520573,2024,461520573,1,9,0,-1,19,5,1,-1,0,1,0,0,0,0,1,1,-1,6,1,18,4,999,1,6,SEAT IBIZA,7,E01024232,0,1
2024122400695,2024,122400695,2,9,0,7,7,7,1,0,0,1,0,0,0,0,3,1,6,6,1,27,6,1390,1,11,SEAT IBIZA,2,E01027872,0,1
2024501446275,2024,501446275,2,9,0,-1,3,5,7,-1,0,1,0,0,0,0,2,9,-1,9,2,28,6,999,1,1,SEAT IBIZA,3,E01019047,0,1
2024411411989,2024,411411989,1,9,0,-1,19,4,8,-1,0,0,0,0,0,0,1,1,-1,2,2,31,6,1197,1,10,SEAT IBIZA,10,E01023735,0,1
2024552401435,2024,552401435,2,9,0,4,4,3,7,0,0,0,0,0,0,0,2,1,6,6,1,37,7,999,1,1,SEAT IBIZA,6,E01020434,0,4
2024302400658,2024,302400658,1,9,0,7,7,6,1,0,0,3,0,0,0,0,3,1,2,2,1,32,6,1395,1,10,SEAT IBIZA,10,E01034654,0,1
2024201425622,2024,201425622,1,9,0,-1,7,6,2,-1,0,5,0,0,0,0,1,1,-1,9,1,41,7,1199,2,10,SEAT IBIZA,1,E01009192,0,1
2024111479965,2024,111479965,1,9,0,-1,19,7,3,-1,0,0,0,0,0,0,4,1,-1,9,1,25,5,1197,1,9,SEAT IBIZA,2,E01020648,0,1
2024501409770,2024,501409770,1,9,0,-1,19,1,5,-1,0,8,0,0,0,0,9,9,-1,6,1,18,4,1390,1,11,SEAT IBIZA,2,E01020039,0,1
2024161464014,2024,161464014,2,9,0,-1,19,1,5,-1,0,0,0,0,1,0,1,1,-1,9,2,35,6,1390,1,10,SEAT IBIZA,6,E01013253,0,1
2024522402663,2024,522402663,1,9,0,18,19,6,2,0,0,0,0,0,0,0,1,1,6,6,1,26,6,1422,2,16,SEAT IBIZA,4,E01028876,0,5
2024201418177,2024,201418177,1,9,0,-1,19,6,2,-1,0,0,0,0,0,0,1,9,-1,6,1,30,6,999,1,4,SEAT IBIZA,-1,-1,0,-1
2024471459010,2024,471459010,3,9,0,-1,2,0,0,-1,0,0,0,0,0,0,4,9,-1,6,-1,-1,-1,1390,1,10,SEAT IBIZA,-1,-1,0,-1
2024622400650,2024,622400650,1,9,0,18,19,3,7,0,0,0,0,0,0,0,1,1,2,2,1,65,9,1598,2,14,SEAT IBIZA,10,W01001819,0,2
2024311399212,2024,311399212,3,9,0,-1,13,7,7,-1,0,0,1,0,0,0,1,9,-1,9,1,36,7,1390,1,14,SEAT IBIZA,8,E01028116,0,1
2024010540872,2024,010540872,2,9,0,9,9,1,6,0,0,8,0,0,0,0,3,1,6,6,2,38,7,999,1,6,SEAT IBIZA,3,E01002550,0,1
2024070656869,2024,070656869,1,9,0,5,5,5,3,0,0,2,0,0,0,0,1,1,6,6,1,34,6,1598,2,15,SEAT IBIZA,2,E01018388,0,2
2024131480917,2024,131480917,1,9,0,-1,19,5,1,-1,0,0,0,0,1,11,1,1,-1,9,2,22,5,1197,1,14,SEAT IBIZA,4,E01010708,0,1
2024302401575,2024,302401575,1,9,0,18,19,5,1,0,0,0,0,0,1,10,1,1,6,6,2,28,6,1198,1,12,SEAT IBIZA,9,E01009420,0,4
2024161431229,2024,161431229,2,9,0,-1,19,5,1,-1,0,6,0,0,0,0,1,1,-1,9,2,23,5,999,1,7,SEAT IBIZA,8,E01010935,0,5
2024201529815,2024,201529815,1,9,0,-1,9,2,1,-1,0,6,0,10,1,0,4,9,-1,6,1,25,5,999,1,4,SEAT IBIZA,2,E01009742,0,3
2024461432265,2024,461432265,2,9,0,-1,2,0,0,-1,0,1,0,0,0,0,2,9,-1,6,3,-1,-1,999,1,5,SEAT IBIZA,-1,-1,0,-1
2024010498564,2024,010498564,2,9,0,18,19,9,9,99,99,9,9,99,9,99,1,9,6,6,3,-1,-1,1197,1,8,SEAT IBIZA,-1,-1,0,-1
2024991454225,2024,991454225,2,9,0,-1,19,5,1,-1,0,1,0,0,0,0,2,1,-1,2,2,22,5,999,1,1,SEAT IBIZA,2,-1,0,4
2024522402425,2024,522402425,2,9,0,18,19,5,1,0,0,4,0,0,0,0,1,1,6,6,3,-1,-1,1390,1,11,SEAT IBIZA,-1,-1,0,-1
2024010519942,2024,010519942,1,9,0,99,99,9,9,99,99,9,9,99,9,99,2,9,2,2,2,60,9,1197,1,10,SEAT IBIZA,7,E01001411,0,1
2024041535549,2024,041535549,1,9,0,-1,19,2,1,-1,9,1,0,11,1,2,1,1,-1,6,1,20,4,1390,1,15,SEAT IBIZA,6,E01012659,0,1
2024421477502,2024,421477502,2,9,0,-1,19,8,4,-1,0,1,0,0,0,0,1,1,-1,9,1,20,4,1390,1,10,SEAT IBIZA,7,E01021993,0,1
2024411476057,2024,411476057,2,9,0,-1,19,3,7,-1,0,0,0,0,0,0,4,1,-1,6,1,37,7,999,1,0,SEAT IBIZA,9,E01028434,0,4
2024440196066,2024,440196066,2,9,0,18,19,2,6,0,0,8,0,0,0,0,4,1,6,6,1,18,4,1390,1,11,SEAT IBIZA,1,E01017154,0,1
2024141403950,2024,141403950,1,9,0,-1,19,7,3,-1,0,1,0,0,0,0,1,1,-1,6,1,21,5,1390,1,13,SEAT IBIZA,2,E01007443,0,1
2024131453127,2024,131453127,2,9,0,-1,19,-1,-1,-1,0,1,0,-1,-1,-1,-1,1,-1,6,3,-1,-1,999,1,7,SEAT IBIZA,-1,-1,0,-1
2024371395338,2024,371395338,2,9,0,-1,4,8,4,-1,0,0,0,0,0,0,2,1,-1,2,2,25,5,1390,1,9,SEAT IBIZA,10,E01030292,0,1
2024211437569,2024,211437569,1,9,0,-1,5,2,1,-1,0,1,0,4,0,0,1,1,-1,7,1,18,4,1390,1,15,SEAT IBIZA,3,E01034047,0,1
2024351510491,2024,351510491,1,9,0,-1,5,7,3,-1,0,1,0,0,0,0,1,1,-1,6,2,60,9,1390,1,14,SEAT IBIZA,6,E01030151,0,2
2024211425337,2024,211425337,1,9,0,-1,19,6,2,-1,0,0,0,11,1,4,1,1,-1,1,1,18,4,1390,1,12,SEAT IBIZA,8,E01029617,0,2
2024201535784,2024,201535784,1,9,0,-1,19,2,6,-1,0,2,0,0,0,0,4,1,-1,9,1,27,6,1390,1,13,SEAT IBIZA,5,E01010399,0,1
2024061487425,2024,061487425,2,9,0,-1,10,5,1,-1,0,1,0,0,0,0,2,1,-1,9,2,57,9,1390,1,13,SEAT IBIZA,10,E01006343,0,1
2024161427741,2024,161427741,6,9,0,-1,5,6,2,-1,0,1,1,0,0,0,1,1,-1,6,1,50,8,999,1,2,SEAT IBIZA,10,E01034758,0,1
2024991444230,2024,991444230,1,9,0,-1,12,1,4,-1,0,7,0,0,0,0,0,1,-1,9,1,20,4,999,1,4,SEAT IBIZA,7,-1,0,3
2024131449378,2024,131449378,3,9,0,-1,10,4,8,-1,0,6,0,0,0,0,1,1,-1,9,1,29,6,1390,1,15,SEAT IBIZA,3,E01011153,0,1
2024311517229,2024,311517229,4,9,0,-1,3,7,3,-1,0,1,0,0,0,0,1,1,-1,6,2,54,8,999,1,4,SEAT IBIZA,-1,-1,0,-1
2024351515318,2024,351515318,1,9,4,-1,19,5,1,-1,0,0,0,0,0,0,1,1,-1,6,2,25,5,1390,1,9,SEAT IBIZA,9,E01032611,0,4
2024101512991,2024,101512991,2,9,0,-1,3,4,7,-1,0,1,0,0,0,0,2,9,-1,9,2,20,4,999,1,5,SEAT IBIZA,3,E01027550,0,1
2024451455874,2024,451455874,2,9,0,-1,10,6,2,-1,0,6,0,0,0,0,1,9,-1,9,1,84,11,1390,1,17,SEAT IBIZA,6,E01020531,0,5
2024201448361,2024,201448361,1,9,0,-1,19,8,4,-1,0,0,0,0,0,0,1,1,-1,6,1,30,6,1390,1,18,SEAT IBIZA,-1,-1,0,-1
2024061425414,2024,061425414,1,9,0,-1,19,3,7,-1,0,1,0,0,0,0,3,1,-1,2,1,51,8,1390,1,9,SEAT IBIZA,-1,-1,0,-1
2024522401525,2024,522401525,1,9,0,18,19,5,1,0,0,8,0,0,0,0,1,1,6,6,2,33,6,1390,1,10,SEAT IBIZA,-1,-1,0,-1
2024552401054,2024,552401054,1,9,0,18,19,5,1,0,0,8,0,0,3,9,4,1,6,6,2,46,8,999,1,5,SEAT IBIZA,9,E01020558,0,1
2024131463695,2024,131463695,1,9,0,-1,19,5,1,-1,0,0,0,0,0,0,4,1,-1,9,1,22,5,999,1,6,SEAT IBIZA,1,E01011339,0,1
2024991485826,2024,991485826,2,9,0,-1,19,7,3,-1,0,0,0,0,0,0,1,1,-1,9,1,26,6,999,1,6,SEAT IBIZA,9,-1,0,5
2024421474936,2024,421474936,2,9,0,-1,19,7,3,-1,0,0,0,0,0,0,1,1,-1,6,1,46,8,1390,1,10,SEAT IBIZA,7,E01015866,0,1
2024201498856,2024,201498856,1,9,0,-1,1,6,2,-1,0,0,0,0,0,0,2,1,-1,6,1,48,8,1390,1,15,SEAT IBIZA,-1,-1,0,-1
2024161508955,2024,161508955,1,9,0,-1,12,1,5,-1,0,3,0,0,0,0,3,1,-1,9,1,20,4,1798,1,8,SEAT IBIZA,3,E01012907,0,1
2024320389267,2024,320389267,1,9,0,7,7,8,4,0,0,6,0,0,0,0,3,1,-1,-1,1,19,4,999,1,4,SEAT IBIZA,-1,-1,0,-1
2024440368289,2024,440368289,1,9,0,18,19,2,6,0,0,0,5,0,0,0,4,1,6,6,1,19,4,1390,1,19,SEAT IBIZA,-1,-1,0,-1
2024201519339,2024,201519339,1,9,0,-1,19,8,2,-1,0,0,0,0,0,0,1,9,-1,6,1,21,5,999,1,0,SEAT IBIZA,5,E01009289,0,1
2024041515022,2024,041515022,3,9,0,-1,2,0,0,-1,0,0,0,4,0,0,2,1,-1,6,-1,-1,-1,999,1,1,SEAT IBIZA,-1,-1,0,-1
2024070162140,2024,070162140,1,9,0,18,19,7,3,0,0,1,0,0,0,0,1,1,6,6,1,29,6,1197,1,10,SEAT IBIZA,8,E01018515,0,2
2024471503933,2024,471503933,1,9,0,-1,9,3,1,-1,0,8,0,0,0,0,1,1,-1,2,1,30,6,1390,1,12,SEAT IBIZA,9,E01024808,0,1
2024201584334,2024,201584334,3,9,0,-1,3,7,4,-1,0,0,0,0,0,0,1,9,-1,6,2,22,5,1197,1,8,SEAT IBIZA,1,E01009490,0,2
2024131403128,2024,131403128,1,9,0,-1,19,3,7,-1,0,1,5,0,0,0,1,1,-1,9,1,29,6,1197,1,8,SEAT IBIZA,6,E01010920,0,2
2024131526457,2024,131526457,2,9,0,-1,9,3,7,-1,0,1,0,0,0,0,2,1,-1,2,2,57,9,999,1,0,SEAT IBIZA,6,E01011835,0,1
2024131527006,2024,131527006,2,9,0,-1,19,8,4,-1,0,1,0,0,0,0,2,1,-1,9,2,31,6,999,1,7,SEAT IBIZA,2,E01010619,0,2
2024201462123,2024,201462123,1,9,0,-1,1,1,2,-1,0,0,0,0,0,0,2,1,-1,6,1,31,6,1197,1,9,SEAT IBIZA,1,E01009323,0,1
2024010544526,2024,010544526,1,9,0,9,9,5,2,0,0,6,0,0,0,0,1,1,2,2,2,53,8,999,1,5,SEAT IBIZA,5,E01015918,0,4
2024101500869,2024,101500869,1,9,0,-1,3,5,1,-1,0,0,0,0,0,0,4,1,-1,6,1,20,4,1390,1,15,SEAT IBIZA,1,E01008415,0,1
2024440480857,2024,440480857,1,9,0,18,19,5,1,0,0,0,0,0,0,0,1,1,6,6,2,50,8,1198,1,16,SEAT IBIZA,2,E01022901,0,1
2024631461771,2024,631461771,1,23,0,-1,19,8,4,-1,0,8,1,0,7,10,1,1,-1,6,1,16,4,-1,3,0,-1,4,W01000629,0,1
2024010543296,2024,010543296,1,4,0,18,19,3,7,0,0,1,0,0,0,0,1,1,2,2,1,39,7,-1,3,0,-1,4,E01001369,0,2
2024161448185,2024,161448185,2,23,0,-1,19,7,3,-1,4,1,0,0,3,0,1,1,-1,6,1,35,6,-1,3,1,-1,2,E01012886,0,1
2024122400983,2024,122400983,1,5,0,16,19,7,8,0,0,0,0,0,0,0,4,1,6,6,1,67,10,805,1,10,-1,7,E01027681,0,4
2024520401760,2024,520401760,1,5,0,13,13,4,8,0,0,1,0,0,0,0,3,1,6,6,1,23,5,805,1,26,-1,1,W01001274,0,4
2024430272521,2024,430272521,1,4,0,18,19,5,1,0,0,0,0,0,0,0,1,1,2,2,1,56,9,805,1,8,-1,3,E01016465,0,1
2024041487785,2024,041487785,1,5,0,-1,19,1,5,-1,0,0,1,11,0,0,1,1,-1,9,2,48,8,805,1,14,-1,3,E01025452,0,3
2024411522108,2024,411522108,1,5,-1,-1,-1,-1,-1,-1,-1,-1,-1,-1,-1,0,-1,1,-1,6,1,-1,-1,805,1,24,-1,-1,-1,0,-1
2024010500116,2024,010500116,1,5,0,99,99,9,9,99,99,9,9,99,9,99,9,1,2,2,1,48,8,805,1,10,-1,7,E01002420,0,1
2024522403126,2024,522403126,2,5,0,4,4,3,7,0,0,1,0,0,0,0,1,1,6,6,1,21,5,865,1,9,-1,5,E01022383,0,4
2024421521929,2024,421521929,2,5,0,-1,7,5,1,-1,0,0,2,0,0,0,3,1,-1,9,2,55,8,865,1,8,-1,1,E01021323,0,1
2024471516987,2024,471516987,2,5,0,-1,19,1,5,-1,0,0,0,0,0,0,1,1,-1,9,1,62,9,865,1,10,-1,5,E01021100,0,4
2024031441584,2024,031441584,2,5,0,-1,4,3,7,-1,0,1,1,0,0,0,1,1,-1,9,1,62,9,865,1,9,-1,3,E01019210,0,4
2024991488542,2024,991488542,1,5,0,-1,19,7,3,-1,0,0,2,10,0,0,3,1,-1,9,1,53,8,865,1,8,-1,1,-1,0,3
2024440525137,2024,440525137,2,5,0,18,19,2,6,0,0,8,0,0,0,0,4,1,6,6,1,61,9,865,1,10,-1,10,E01022854,0,1
2024552400581,2024,552400581,2,5,0,18,19,7,3,0,0,1,1,0,0,0,0,1,6,6,1,37,7,865,1,14,-1,2,E01015367,0,2
202454D500124,2024,54D500124,1,9,0,15,15,2,6,0,0,0,0,0,6,2,2,1,6,6,1,54,8,1742,1,7,-1,7,E01032708,0,1
2024421468456,2024,421468456,1,2,0,-1,19,2,6,-1,0,0,0,0,0,0,1,1,-1,9,1,16,4,49,1,6,-1,2,E01021969,0,1
2024501538863,2024,501538863,1,9,0,-1,9,7,4,-1,0,1,0,0,0,0,1,9,-1,6,1,73,10,1997,2,6,-1,3,E01015172,0,1
2024351482301,2024,351482301,3,9,0,-1,19,1,5,-1,0,0,0,0,0,0,1,1,-1,9,2,44,7,1499,2,6,-1,5,E01028369,0,4
2024501437596,2024,501437596,1,9,0,-1,9,8,4,-1,0,2,0,0,0,0,1,1,-1,9,1,48,8,1598,1,5,-1,4,E01019057,0,1
2024141459627,2024,141459627,2,9,0,-1,19,1,1,-1,0,8,2,10,5,6,4,1,-1,6,1,31,6,1598,1,5,-1,2,E01007759,0,3
202460Q078960,2024,60Q078960,1,9,0,17,19,3,7,0,0,0,0,0,7,11,1,1,2,2,1,43,7,1997,2,5,-1,-1,-1,0,-1
2024991512408,2024,991512408,1,9,0,-1,7,5,7,-1,0,1,0,0,0,0,0,1,-1,6,2,-1,-1,1499,2,5,-1,-1,-1,0,-1
2024311452783,2024,311452783,1,9,0,-1,5,0,2,-1,0,0,1,0,0,0,3,1,-1,6,1,39,7,1499,2,0,-1,9,E01028376,0,1
2024061497028,2024,061497028,3,9,0,-1,5,1,5,-1,0,1,0,0,0,0,1,1,-1,9,1,36,7,1499,2,6,-1,2,E01005538,0,1
2024061469950,2024,061469950,1,9,0,-1,19,3,7,-1,0,0,1,0,1,7,3,1,-1,6,1,40,7,1910,2,18,-1,1,E01014354,0,4
2024302401670,2024,302401670,1,9,0,-1,19,2,6,-1,0,0,0,0,0,0,1,1,-1,9,3,73,10,1368,1,18,-1,6,E01013541,0,1
2024052400218,2024,052400218,2,9,0,17,19,2,6,0,0,1,0,0,0,0,2,1,6,6,2,57,9,1995,2,4,FORD TOURNEO,1,E01006847,0,3
2024411470810,2024,411470810,1,19,0,-1,19,3,7,-1,0,8,0,0,0,0,4,1,-1,6,1,20,4,1753,2,15,FORD TOURNEO,-1,-1,0,-1
2024451486151,2024,451486151,2,9,0,-1,19,5,1,-1,0,0,0,0,0,0,2,1,-1,9,1,47,8,1995,2,2,FORD TOURNEO,3,E01003523,0,4
2024531438059,2024,531438059,2,9,0,-1,19,5,1,-1,0,0,1,0,0,0,1,1,-1,2,1,44,7,1499,2,5,FORD TOURNEO,4,E01022421,0,1
2024041444872,2024,041444872,1,9,0,-1,19,7,3,-1,0,1,0,0,0,0,1,1,-1,2,2,27,6,998,1,5,FORD TOURNEO,1,E01025445,0,2
2024010506131,2024,010506131,1,10,0,18,19,5,1,0,0,0,0,0,0,0,1,1,6,6,2,24,5,-1,-1,-1,FORD TOURNEO,3,E01004012,0,2
2024501437476,2024,501437476,1,8,0,-1,19,2,6,-1,0,4,0,0,0,0,1,1,-1,9,1,51,8,1995,2,7,FORD TOURNEO,4,E01018929,0,1
2024522401498,2024,522401498,3,9,0,2,2,0,0,0,0,2,0,0,0,0,1,1,6,6,3,-1,-1,1499,2,6,FORD TOURNEO,-1,-1,0,-1
2024552401289,2024,552401289,2,10,0,10,10,8,4,0,0,6,0,0,0,0,2,1,6,6,1,62,9,2198,2,10,FORD TOURNEO,6,E01020439,0,3
2024131458753,2024,131458753,1,9,0,-1,9,3,7,-1,0,8,0,0,0,0,1,1,-1,9,1,89,11,1499,2,5,FORD TOURNEO,3,E01010998,0,1
2024531459702,2024,531459702,2,9,0,-1,19,6,2,-1,0,0,2,0,1,4,2,1,-1,1,1,51,8,1995,2,7,FORD TOURNEO,2,E01007348,0,5
2024361455137,2024,361455137,1,9,0,-1,19,3,7,-1,0,6,0,0,0,0,3,9,-1,6,1,39,7,2198,2,11,FORD TOURNEO,-1,-1,0,-1
2024041467334,2024,041467334,2,9,0,-1,19,5,1,-1,0,0,0,0,0,0,1,1,-1,9,1,32,6,1995,2,8,FORD TOURNEO,1,E01025118,0,1
2024471478614,2024,471478614,2,9,0,-1,19,7,3,-1,0,0,0,0,0,0,1,1,-1,1,1,49,8,1995,2,4,FORD TOURNEO,3,E01003179,0,4
2024991422827,2024,991422827,2,9,0,-1,19,2,6,-1,0,0,0,0,0,0,2,1,-1,6,1,52,8,1499,2,8,FORD TOURNEO,5,-1,0,3
2024371517686,2024,371517686,1,9,0,-1,19,6,2,-1,0,0,0,0,1,0,1,1,-1,6,1,67,10,1995,2,1,FORD TOURNEO,2,E01030274,0,1
2024122400314,2024,122400314,1,8,0,5,5,1,3,0,0,4,0,0,0,0,3,1,1,1,1,-1,-1,1499,2,6,FORD TOURNEO,3,E01027862,0,1
2024461402162,2024,461402162,1,9,0,-1,19,7,3,-1,0,8,0,0,0,0,4,1,-1,1,1,39,7,1499,2,3,FORD TOURNEO,8,E01032819,0,3
2024522401162,2024,522401162,1,8,0,18,19,2,6,2,2,1,0,0,0,0,1,1,6,6,1,53,8,1499,2,3,FORD TOURNEO,3,E01014569,0,1
2024131422038,2024,131422038,2,9,0,-1,5,3,5,-1,0,1,0,0,3,0,4,1,-1,2,2,27,6,1499,2,7,FORD TOURNEO,7,E01011072,0,1
2024201505660,2024,201505660,2,9,0,-1,9,5,3,-1,0,8,0,0,0,0,1,1,-1,9,1,50,8,1995,2,6,FORD TOURNEO,7,E01009652,0,2
2024471421532,2024,471421532,1,9,0,-1,3,7,3,-1,0,0,0,0,0,0,2,1,-1,2,1,52,8,1499,2,7,FORD TOURNEO,4,E01016860,0,1
2024070716922,2024,070716922,2,9,0,-1,19,5,1,-1,0,7,0,0,0,0,2,1,-1,1,1,45,7,1995,2,2,FORD TOURNEO,4,E01007112,0,3
2024311428478,2024,311428478,2,8,0,-1,19,5,1,-1,0,1,0,0,0,0,1,1,-1,1,1,65,9,1995,2,6,FORD TOURNEO,7,E01028374,0,2
2024471528048,2024,471528048,2,9,0,-1,19,1,5,-1,0,4,0,0,0,0,1,1,-1,7,1,49,8,1560,2,9,FORD TOURNEO,2,E01034826,0,1
2024622400086,2024,622400086,2,9,0,18,19,7,3,0,0,8,0,0,0,0,1,1,6,6,1,47,8,2198,2,11,FORD TOURNEO,7,W01001028,0,4
2024010534755,2024,010534755,1,9,0,8,8,3,4,0,0,2,0,0,0,0,1,1,6,6,1,55,8,1995,2,6,FORD TOURNEO,9,E01002458,0,1
2024361449360,2024,361449360,1,8,0,-1,19,5,1,-1,0,2,0,0,0,0,3,1,-1,1,1,74,10,1995,2,5,FORD TOURNEO,3,E01026614,0,2
2024622400122,2024,622400122,2,9,0,4,4,5,1,0,0,0,0,0,0,0,2,1,6,6,2,37,7,1995,2,5,FORD TOURNEO,5,W01001724,0,1
2024161502941,2024,161502941,7,9,0,-1,2,0,0,-1,0,8,0,0,0,0,0,1,-1,6,-1,-1,-1,1995,2,6,FORD TOURNEO,-1,-1,0,-1
2024471535729,2024,471535729,1,9,0,-1,5,5,1,-1,0,0,0,0,0,0,3,1,-1,9,1,66,10,1499,2,4,FORD TOURNEO,7,E01021110,0,1
2024131430045,2024,131430045,2,9,0,-1,2,3,7,-1,-1,0,0,0,0,0,3,1,-1,6,3,-1,-1,1995,2,2,FORD TOURNEO,-1,-1,0,-1
2024421486072,2024,421486072,2,9,0,-1,9,7,3,-1,0,0,0,0,0,0,3,1,-1,6,1,32,6,1995,2,1,FORD TOURNEO,3,E01021300,0,1
2024991418635,2024,991418635,1,9,0,-1,4,4,2,-1,0,1,0,0,7,0,2,1,-1,9,2,46,8,1560,2,9,FORD TOURNEO,8,-1,0,1
2024070929673,2024,070929673,1,9,0,-1,4,1,5,-1,0,0,0,0,0,0,0,1,-1,9,1,43,7,1995,2,4,FORD TOURNEO,-1,-1,0,-1
2024461401225,2024,461401225,2,9,0,-1,19,3,7,-1,0,1,0,0,0,0,1,9,-1,9,1,42,7,1995,2,2,FORD TOURNEO,6,E01032619,0,2
2024501402367,2024,501402367,2,9,0,-1,3,1,5,-1,0,1,0,4,0,0,2,1,-1,1,1,57,9,2198,2,9,FORD TOURNEO,8,E01020003,0,3
2024041432042,2024,041432042,1,10,0,-1,19,5,1,-1,0,0,1,0,0,0,1,1,-1,1,2,30,6,-1,-1,-1,FORD TOURNEO,1,E01006000,0,4
2024031533765,2024,031533765,1,8,0,-1,9,4,1,-1,0,6,5,0,0,0,4,1,-1,1,1,48,8,1995,2,1,FORD TOURNEO,7,E01019382,0,1
2024421465462,2024,421465462,2,9,0,-1,3,7,2,-1,0,0,0,0,0,0,2,1,-1,1,2,41,7,1499,2,6,FORD TOURNEO,8,E01021881,0,1
2024351534007,2024,351534007,1,9,0,-1,19,5,1,-1,0,0,0,0,0,0,2,1,-1,6,1,42,7,1499,2,2,FORD TOURNEO,6,E01017963,0,3
2024311403368,2024,311403368,1,9,0,-1,19,3,7,-1,0,2,0,0,0,0,1,1,-1,9,1,78,11,998,1,5,FORD TOURNEO,1,E01013865,0,1
2024461514260,2024,461514260,2,8,0,-1,19,5,1,-1,0,0,0,0,0,0,3,1,-1,1,1,65,9,1995,2,5,FORD TOURNEO,4,E01024162,0,3
2024461500974,2024,461500974,2,9,0,-1,19,6,3,-1,0,8,0,0,0,0,1,9,-1,1,1,53,8,1995,2,1,FORD TOURNEO,8,E01032819,0,3
2024320752921,2024,320752921,1,9,0,-1,-1,4,8,0,0,1,0,0,1,0,1,1,6,6,1,79,11,998,1,5,FORD TOURNEO,2,E01026113,0,4
2024440037418,2024,440037418,1,10,0,17,19,4,1,0,0,0,0,0,0,0,1,1,1,1,1,42,7,-1,-1,-1,FORD TOURNEO,2,E01017117,0,1
2024501460931,2024,501460931,2,9,0,-1,19,2,6,-1,0,1,0,0,0,0,1,1,-1,6,1,35,6,2198,2,10,FORD TOURNEO,5,E01020278,0,2
2024221448842,2024,221448842,1,9,0,-1,9,3,1,-1,0,5,0,0,0,0,4,9,-1,6,1,60,9,1499,2,4,FORD TOURNEO,4,E01014024,0,1
2024545101024,2024,545101024,1,9,0,16,19,6,2,0,0,3,0,0,1,11,1,1,6,6,2,54,8,1995,2,4,FORD TOURNEO,1,E01015508,0,1
2024041407013,2024,041407013,1,9,0,-1,19,1,5,-1,0,1,0,0,0,0,1,1,-1,6,1,38,7,1995,2,1,FORD TOURNEO,1,E01005165,0,4
2024461442238,2024,461442238,1,9,0,-1,19,7,4,-1,0,1,0,0,0,0,1,1,-1,6,2,43,7,1995,2,1,FORD TOURNEO,1,E01024661,0,1
2024991505112,2024,991505112,2,10,0,-1,19,7,3,-1,0,0,5,0,1,0,4,1,-1,1,1,36,7,-1,-1,-1,FORD TOURNEO,10,-1,0,5
2024010520245,2024,010520245,1,9,0,2,2,0,0,0,0,5,0,8,1,0,4,1,6,6,3,-1,-1,1995,2,5,FORD TOURNEO,-1,-1,0,-1
2024430298524,2024,430298524,1,8,0,18,19,7,3,0,0,1,0,0,0,0,1,1,1,1,1,54,8,1499,2,5,FORD TOURNEO,8,E01016337,0,1
2024031514379,2024,031514379,1,10,0,-1,19,1,5,-1,0,0,5,0,7,2,1,9,-1,6,1,48,8,-1,-1,-1,FORD TOURNEO,-1,-1,0,-1
2024010527696,2024,010527696,2,9,0,99,99,9,9,99,99,9,9,99,9,99,1,9,6,6,3,36,7,1499,2,2,FORD TOURNEO,3,E01023105,0,4
2024031514601,2024,031514601,2,8,0,-1,19,6,2,-1,0,2,0,0,0,0,3,1,-1,9,2,37,7,1995,2,4,FORD TOURNEO,3,E01019271,0,1