collision_index,collision_year,collision_ref_no,vehicle_reference,vehicle_type,towing_and_articulation,vehicle_manoeuvre_historic,vehicle_manoeuvre,vehicle_direction_from,vehicle_direction_to,vehicle_location_restricted_lane_historic,vehicle_location_restricted_lane,junction_location,skidding_and_overturning,hit_object_in_carriageway,vehicle_leaving_carriageway,hit_object_off_carriageway,first_point_of_impact,vehicle_left_hand_drive,journey_purpose_of_driver_historic,journey_purpose_of_driver,sex_of_driver,age_of_driver,age_band_of_driver,engine_capacity_cc,propulsion_code,age_of_vehicle,generic_make_model,driver_imd_decile,lsoa_of_driver,escooter_flag,driver_distance_banding
2024552400845,2024,552400845,1,9,0,18,19,2,6,0,0,0,5,0,7,10,0,1,2,2,1,56,9,1999,2,6,JAGUAR F-PACE,9,E01020369,0,4
2024461490789,2024,461490789,3,9,0,-1,19,7,3,-1,0,0,0,0,0,0,2,1,-1,9,1,36,7,1999,2,6,JAGUAR F-PACE,3,E01002403,0,4
2024010533338,2024,010533338,1,9,0,9,9,7,5,0,0,6,0,0,0,0,1,1,6,6,3,23,5,1999,2,8,JAGUAR F-PACE,-1,-1,0,-1
2024471500032,2024,471500032,1,9,0,-1,9,1,7,-1,0,6,0,0,0,0,1,1,-1,9,1,58,9,1997,1,0,JAGUAR F-PACE,7,E01021146,0,1
2024131433700,2024,131433700,1,9,0,-1,19,2,6,-1,0,8,5,0,8,1,4,1,-1,9,1,32,6,1998,2,2,JAGUAR F-PACE,7,E01011193,0,3
2024430292502,2024,430292502,2,9,0,3,3,8,4,0,0,0,0,0,0,0,2,1,6,6,2,59,9,1999,2,5,JAGUAR F-PACE,9,E01031222,0,4
2024010510181,2024,010510181,2,9,0,99,99,9,9,99,99,9,9,99,9,99,1,9,6,6,3,-1,-1,1998,2,1,JAGUAR F-PACE,-1,-1,0,-1
2024131519596,2024,131519596,2,9,0,-1,19,1,5,-1,0,0,0,0,0,0,1,2,-1,2,1,46,8,1999,2,6,JAGUAR F-PACE,2,E01034260,0,2
2024111522326,2024,111522326,1,9,0,-1,9,1,5,-1,0,2,0,0,0,0,1,1,-1,2,2,57,9,1999,2,6,JAGUAR F-PACE,6,E01020776,0,1
2024320761073,2024,320761073,1,9,0,9,9,2,4,0,0,6,0,0,0,0,3,1,1,1,1,66,10,1999,2,5,JAGUAR F-PACE,-1,-1,0,-1
2024131412073,2024,131412073,3,9,0,-1,19,3,7,-1,0,2,0,0,0,0,3,1,-1,1,1,48,8,2993,2,4,JAGUAR F-PACE,5,E01011782,0,2
2024461444269,2024,461444269,1,9,0,-1,19,3,6,-1,0,0,0,0,0,0,2,9,-1,9,2,45,7,1997,1,5,JAGUAR F-PACE,3,E01016155,0,1
2024351411933,2024,351411933,1,9,0,-1,9,7,1,-1,0,4,0,0,0,0,4,9,-1,9,2,41,7,1999,2,4,JAGUAR F-PACE,6,E01026284,0,3
2024010532147,2024,010532147,2,9,0,99,99,9,9,99,99,9,9,99,9,99,1,9,6,6,3,-1,-1,1999,2,8,JAGUAR F-PACE,-1,-1,0,-1
2024070559578,2024,070559578,1,9,0,10,10,2,6,0,0,1,0,0,0,0,4,1,6,6,1,66,10,1999,2,6,JAGUAR F-PACE,6,E01018722,0,2
2024041457670,2024,041457670,2,9,0,-1,19,7,3,-1,0,1,0,0,0,0,2,2,-1,9,1,51,8,1999,2,7,JAGUAR F-PACE,7,E01004836,0,4
2024991412966,2024,991412966,1,9,0,-1,19,2,6,-1,0,2,0,0,0,0,3,1,-1,2,1,58,9,1998,2,0,JAGUAR F-PACE,3,E01019221,0,5
2024010498990,2024,010498990,1,9,0,18,19,5,1,0,0,0,0,0,0,0,1,1,6,6,1,24,5,1999,2,5,JAGUAR F-PACE,2,E01001693,0,3
2024440291861,2024,440291861,2,9,0,13,13,3,7,0,0,1,0,0,0,0,0,1,6,6,1,-1,-1,5000,1,4,JAGUAR F-PACE,-1,-1,0,-1
2024221515674,2024,221515674,2,9,0,-1,19,6,2,-1,0,8,0,0,0,0,1,9,-1,6,1,45,7,1997,8,0,JAGUAR F-PACE,7,E01022449,0,4
2024430066835,2024,430066835,1,9,0,4,4,7,3,0,0,0,0,0,0,0,2,1,6,6,1,39,7,1999,2,7,JAGUAR F-PACE,10,E01032949,0,3
2024131478381,2024,131478381,1,9,0,-1,19,3,2,-1,0,0,5,11,1,1,1,1,-1,9,1,32,6,1998,2,1,JAGUAR F-PACE,5,E01027649,0,3
2024010514604,2024,010514604,2,9,9,99,99,9,9,0,0,4,9,99,9,99,1,9,6,6,3,40,7,1999,2,8,JAGUAR F-PACE,-1,-1,0,-1
2024471483794,2024,471483794,1,9,0,-1,19,1,5,-1,0,8,0,0,0,0,3,1,-1,9,2,41,7,1998,2,3,JAGUAR F-PACE,10,E01000809,0,4
2024471507682,2024,471507682,1,9,0,-1,4,3,7,-1,-1,0,0,0,0,0,4,1,-1,6,1,71,10,2993,2,4,JAGUAR F-PACE,6,E01031557,0,1
2024231442723,2024,231442723,2,9,0,-1,19,8,4,-1,0,0,0,0,0,0,4,1,-1,6,1,51,8,1998,2,1,JAGUAR F-PACE,10,E01031201,0,2
2024552400412,2024,552400412,1,9,0,18,19,4,8,0,0,8,0,0,0,0,1,1,6,6,3,-1,-1,2993,2,7,JAGUAR F-PACE,-1,-1,0,-1
2024991413708,2024,991413708,3,9,0,-1,19,7,3,-1,0,1,0,0,0,0,3,1,-1,6,2,54,8,1999,2,4,JAGUAR F-PACE,4,-1,0,1
2024520403404,2024,520403404,1,9,0,18,19,4,8,0,0,0,0,0,0,0,1,1,6,6,1,40,7,2995,1,8,JAGUAR F-PACE,9,E01029159,0,1
2024041433644,2024,041433644,1,9,0,-1,5,6,6,-1,0,8,0,0,0,0,1,1,-1,9,1,83,11,1999,2,8,JAGUAR F-PACE,6,E01025585,0,3
2024332400066,2024,332400066,2,9,0,-1,4,3,7,-1,0,1,1,0,0,0,1,1,-1,6,2,39,7,1999,2,5,JAGUAR F-PACE,9,E01025736,0,1
2024371498702,2024,371498702,1,9,0,-1,19,4,8,-1,0,6,0,0,0,0,1,1,-1,6,2,66,10,1999,2,5,JAGUAR F-PACE,6,E01030151,0,1
2024361482723,2024,361482723,2,9,-1,-1,-1,6,2,-1,-1,-1,-1,-1,-1,-1,-1,9,-1,6,1,58,9,2993,2,7,JAGUAR F-PACE,6,E01026424,0,2
2024991451286,2024,991451286,1,9,0,-1,9,8,6,-1,0,6,0,0,0,0,3,1,-1,9,1,59,9,1999,2,8,JAGUAR F-PACE,9,E01018585,0,5
2024411523163,2024,411523163,2,9,-1,-1,2,0,0,-1,-1,-1,-1,-1,-1,0,3,9,-1,6,3,-1,-1,2997,2,3,JAGUAR F-PACE,-1,-1,0,-1
2024010519191,2024,010519191,1,9,0,18,19,1,5,0,0,0,5,4,0,0,1,1,6,6,1,26,6,1997,1,3,JAGUAR F-PACE,4,E01003543,0,2
2024471523504,2024,471523504,3,9,0,-1,2,0,0,-1,0,0,0,0,0,0,2,1,-1,6,-1,-1,-1,1997,1,5,JAGUAR F-PACE,-1,-1,0,-1
2024061467248,2024,061467248,2,9,0,-1,9,5,3,-1,0,8,0,0,0,0,3,1,-1,9,1,79,11,2993,2,5,JAGUAR F-PACE,9,E01004784,0,1
2024401423550,2024,401423550,1,9,0,-1,3,5,1,-1,0,0,0,0,0,0,3,1,-1,2,2,48,8,1999,2,7,JAGUAR F-PACE,7,E01017427,0,4
2024141459088,2024,141459088,2,9,0,-1,9,3,1,-1,0,0,0,0,0,0,4,9,-1,6,2,49,8,1997,1,7,JAGUAR F-PACE,4,E01007625,0,4
202417H107424,2024,17H107424,1,9,0,-1,19,8,4,-1,0,8,0,0,0,0,1,1,-1,9,1,36,7,1999,2,8,JAGUAR F-PACE,4,E01012896,0,5
202454C635224,2024,54C635224,1,9,0,18,19,3,7,0,0,0,0,0,0,0,1,1,6,6,1,46,8,1999,2,6,JAGUAR F-PACE,10,E01031702,0,5
2024440075432,2024,440075432,2,9,0,3,3,8,4,0,0,0,0,0,0,0,2,1,2,2,1,48,8,1997,1,7,JAGUAR F-PACE,9,E01022757,0,1
2024340WN4862,2024,340WN4862,1,9,0,-1,9,1,7,-1,0,1,0,0,0,0,1,1,-1,6,2,57,9,1998,2,0,JAGUAR F-PACE,10,E01027295,0,3
2024411540094,2024,411540094,1,9,0,-1,7,2,4,-1,0,5,0,11,0,0,1,1,-1,2,2,24,5,1999,2,5,JAGUAR F-PACE,9,E01023378,0,1
2024351449961,2024,351449961,2,9,-1,-1,-1,-1,-1,-1,-1,0,-1,-1,-1,0,-1,9,-1,6,1,-1,-1,1999,2,4,JAGUAR F-PACE,10,E01033114,0,2
2024231410495,2024,231410495,2,9,0,-1,19,6,2,-1,0,0,0,0,0,0,1,9,-1,2,2,46,8,1998,2,1,JAGUAR F-PACE,8,E01031205,0,1
202417L405924,2024,17L405924,2,9,0,-1,19,8,4,-1,0,3,0,0,0,0,3,1,-1,9,1,-1,-1,1998,2,2,JAGUAR F-PACE,-1,-1,0,-1
2024131530372,2024,131530372,2,9,0,-1,19,7,3,-1,0,1,0,0,0,0,1,1,-1,6,1,26,6,1998,2,0,JAGUAR F-PACE,1,E01011140,0,1
2024991401648,2024,991401648,2,9,0,-1,19,1,5,-1,0,2,0,0,0,0,2,2,-1,9,1,58,9,1999,2,5,JAGUAR F-PACE,10,-1,0,5
2024421492532,2024,421492532,3,9,0,-1,19,5,1,-1,0,0,0,0,0,0,2,1,-1,9,1,68,10,1997,8,3,JAGUAR F-PACE,7,E01018243,0,4
2024122400604,2024,122400604,2,17,0,17,19,3,8,0,0,0,0,0,0,0,1,1,1,1,1,53,8,24200,2,2,-1,6,E01027686,0,3
2024302401430,2024,302401430,1,3,0,16,19,5,8,0,0,2,0,0,7,10,1,1,6,6,1,25,5,125,1,11,-1,2,E01019510,0,1
2024471481087,2024,471481087,1,3,0,-1,19,5,1,-1,0,2,0,0,0,0,3,1,-1,9,1,52,8,125,1,8,-1,5,E01020936,0,1
2024520002050,2024,520002050,1,4,0,18,19,3,7,0,0,0,0,0,0,0,1,1,6,6,1,22,5,125,1,5,-1,3,E01014461,0,1
2024041450630,2024,041450630,2,3,0,-1,19,3,7,-1,0,1,0,0,0,0,1,1,-1,6,1,30,6,125,1,9,-1,10,E01035385,0,4
2024631427670,2024,631427670,1,3,0,-1,19,8,3,-1,0,0,1,0,0,0,3,1,-1,9,1,19,4,125,1,9,-1,5,W01000528,0,3
2024311449098,2024,311449098,1,3,0,-1,15,4,8,-1,0,2,1,0,0,0,1,1,-1,6,1,41,7,125,1,6,-1,6,E01019457,0,3
2024361443398,2024,361443398,2,3,0,-1,19,4,8,-1,0,1,0,0,0,0,1,1,-1,6,1,18,4,125,1,9,-1,4,E01026749,0,3
2024371429517,2024,371429517,1,3,0,-1,4,3,7,-1,0,0,1,0,0,0,0,1,-1,9,1,30,6,125,1,6,-1,1,E01030291,0,1
202460Q090330,2024,60Q090330,2,3,0,18,19,8,5,0,0,1,0,0,0,0,3,1,6,6,1,17,4,125,1,9,-1,-1,-1,0,-1
2024101431844,2024,101431844,1,4,0,-1,19,5,1,-1,0,0,0,0,0,0,1,1,-1,9,1,27,6,125,1,6,-1,1,E01011094,0,5
2024122500443,2024,122500443,1,3,0,4,4,5,1,0,0,1,1,0,0,0,0,1,4,7,1,17,4,125,1,5,-1,9,E01027920,0,1
2024461404620,2024,461404620,2,3,0,-1,15,8,4,-1,0,0,0,0,0,0,4,1,-1,6,1,-1,-1,125,1,9,-1,6,E01024700,0,1
2024201497850,2024,201497850,2,3,0,-1,19,8,4,-1,0,8,0,0,0,0,1,1,-1,1,1,35,6,123,1,8,-1,-1,-1,0,-1
2024610042924,2024,610042924,2,3,0,18,19,1,5,0,0,1,0,0,0,0,3,1,2,2,1,17,4,123,1,8,-1,5,W01001430,0,1
2024010532522,2024,010532522,1,3,0,13,13,1,5,0,0,1,0,0,0,0,4,1,6,6,1,26,6,125,1,0,LEXMOTO TEMPEST 125,6,E01003949,0,1
2024161529339,2024,161529339,1,3,0,-1,19,6,2,-1,0,1,0,4,0,0,3,1,-1,6,1,66,10,125,1,0,LEXMOTO TEMPEST 125,1,E01012798,0,1
2024440449870,2024,440449870,1,3,0,18,19,7,3,0,0,1,0,0,0,0,1,1,6,6,1,24,5,125,1,5,LEXMOTO TEMPEST 125,2,E01034061,0,1
2024501475890,2024,501475890,1,3,0,-1,19,8,5,-1,0,8,0,0,0,0,1,1,-1,2,1,17,4,125,1,0,LEXMOTO TEMPEST 125,7,E01015211,0,1
2024361396689,2024,361396689,1,3,0,-1,19,8,5,-1,0,0,1,0,0,0,4,1,-1,2,1,23,5,125,1,5,LEXMOTO TEMPEST 125,6,E01026541,0,3
2024552401467,2024,552401467,2,2,0,16,19,8,3,0,0,8,0,0,0,0,1,1,6,6,1,21,5,125,1,0,LEXMOTO TEMPEST 125,6,E01015373,0,1
2024461453680,2024,461453680,2,4,0,-1,19,3,7,-1,0,3,5,0,0,0,1,1,-1,6,1,48,8,125,1,5,LEXMOTO TEMPEST 125,3,E01016154,0,1
2024552401356,2024,552401356,1,3,0,18,19,3,7,0,0,0,0,0,0,0,1,1,4,7,1,18,4,125,1,1,LEXMOTO TEMPEST 125,10,E01020386,0,2
2024501448403,2024,501448403,2,3,0,-1,19,6,2,-1,0,1,0,0,0,0,1,1,-1,6,1,21,5,125,1,1,LEXMOTO TEMPEST 125,5,E01018903,0,1
2024122400681,2024,122400681,2,4,0,16,19,5,1,0,0,8,0,0,7,0,1,1,6,6,1,20,4,125,1,6,LEXMOTO TEMPEST 125,6,E01027915,0,3
2024231517672,2024,231517672,1,9,0,-1,7,8,2,-1,0,6,0,0,0,0,1,1,-1,2,1,36,7,1991,1,21,-1,7,E01009550,0,3
2024421447603,2024,421447603,3,9,0,-1,19,2,6,-1,0,0,0,0,0,0,4,1,-1,9,1,40,7,1598,1,23,-1,1,E01016007,0,4
2024552400114,2024,552400114,2,9,0,4,4,4,8,0,0,0,0,0,0,0,2,1,6,6,1,37,7,1840,1,25,-1,7,E01020492,0,4
2024461448558,2024,461448558,1,9,0,-1,19,1,1,-1,0,0,1,0,0,0,1,1,-1,6,1,53,8,1998,2,22,-1,7,E01032620,0,1
2024440217990,2024,440217990,1,9,0,18,19,2,6,0,0,0,0,0,0,0,4,1,6,6,1,89,11,1324,1,25,-1,10,E01023193,0,1
2024211493711,2024,211493711,1,11,0,-1,19,5,1,-1,0,0,0,0,0,0,1,1,-1,6,1,64,9,10667,2,5,MERCEDES TOURISMO,6,E01023413,0,5
2024221469770,2024,221469770,1,11,0,-1,19,1,5,-1,0,8,0,0,0,0,3,9,-1,1,1,71,10,7700,2,2,MERCEDES TOURISMO,5,E01029016,0,4
2024631442869,2024,631442869,1,11,0,-1,19,5,1,-1,0,0,0,0,0,0,3,1,-1,6,3,-1,-1,10667,2,8,MERCEDES TOURISMO,-1,-1,0,-1
2024010516883,2024,010516883,2,11,0,99,99,9,9,99,99,0,9,99,9,99,1,9,6,6,3,50,8,10667,2,4,MERCEDES TOURISMO,9,E01028177,0,5
2024221402153,2024,221402153,1,11,0,-1,19,1,5,-1,0,0,0,0,0,0,1,9,-1,1,1,43,7,10667,2,8,MERCEDES TOURISMO,2,E01014199,0,1
2024201523096,2024,201523096,2,11,0,-1,19,5,1,-1,0,8,0,0,0,0,1,1,-1,6,1,36,7,10667,2,8,MERCEDES TOURISMO,2,E01010477,0,3
2024141482631,2024,141482631,2,11,0,-1,19,5,1,-1,0,1,0,0,0,0,1,1,-1,6,3,-1,-1,10667,2,5,MERCEDES TOURISMO,-1,-1,0,-1
2024010521312,2024,010521312,2,11,0,12,12,1,5,0,0,0,0,0,0,0,1,1,1,1,1,55,8,10667,2,3,MERCEDES TOURISMO,5,E01000313,0,3
2024430582951,2024,430582951,2,11,0,18,19,8,4,0,0,0,0,0,0,0,1,1,1,1,1,74,10,10667,2,1,MERCEDES TOURISMO,8,E01028689,0,2
2024991455501,2024,991455501,2,11,0,-1,19,7,3,-1,0,2,0,0,0,0,0,1,-1,1,1,69,10,10667,2,5,MERCEDES TOURISMO,3,E01020824,0,5
2024471507619,2024,471507619,1,11,0,-1,19,5,1,-1,0,1,0,0,0,0,3,1,-1,1,1,57,9,10667,2,4,MERCEDES TOURISMO,7,E01021146,0,3
2024430426030,2024,430426030,2,11,0,3,3,6,1,0,0,2,0,0,0,0,2,1,1,1,1,59,9,10667,2,8,MERCEDES TOURISMO,-1,-1,0,-1
2024010510808,2024,010510808,2,11,0,13,13,9,9,99,99,9,9,99,9,99,9,9,6,6,3,-1,-1,10667,2,5,MERCEDES TOURISMO,5,E01004076,0,3
2024010509113,2024,010509113,2,11,0,18,19,3,7,0,0,2,0,0,0,0,2,1,1,1,1,34,6,7700,2,2,MERCEDES TOURISMO,1,E01012589,0,5
2024010519102,2024,010519102,1,9,0,5,5,0,5,0,0,2,0,0,0,0,0,1,6,6,1,50,8,2143,2,9,MERCEDES V CLASS,-1,-1,0,-1
2024131400425,2024,131400425,1,9,0,-1,5,7,3,-1,0,0,0,0,0,0,1,1,-1,6,3,-1,-1,1950,2,2,MERCEDES V CLASS,-1,-1,0,-1
2024010544130,2024,010544130,2,9,0,99,99,9,9,99,99,9,9,99,9,99,9,9,6,6,1,50,8,2143,2,9,MERCEDES V CLASS,8,E01004712,0,3
2024471442955,2024,471442955,1,9,0,-1,12,1,5,-1,0,0,0,0,0,0,1,2,-1,1,1,47,8,2143,2,6,MERCEDES V CLASS,4,E01031576,0,2
2024010536503,2024,010536503,1,8,0,4,4,7,3,0,0,0,0,0,0,0,2,1,6,6,1,52,8,1950,2,5,MERCEDES V CLASS,3,E01001360,0,2
2024041471764,2024,041471764,4,9,0,-1,19,7,3,-1,0,1,0,0,0,0,1,1,-1,9,2,57,9,2143,2,6,MERCEDES V CLASS,5,E01025525,0,1
2024010520694,2024,010520694,1,9,0,3,3,7,3,6,6,2,0,0,0,0,2,1,6,6,1,31,6,1950,2,4,MERCEDES V CLASS,3,E01002526,0,3
2024211490208,2024,211490208,1,9,0,-1,3,2,4,-1,0,0,0,0,0,0,2,1,-1,9,1,27,6,2143,2,6,MERCEDES V CLASS,8,E01029703,0,1
2024421442475,2024,421442475,1,9,0,-1,19,1,5,-1,0,0,0,0,0,0,1,1,-1,9,1,41,7,2143,2,7,MERCEDES V CLASS,3,E01021888,0,2
2024531470032,2024,531470032,1,9,0,-1,13,8,4,-1,0,1,0,0,7,0,1,1,-1,1,2,38,7,1950,2,4,MERCEDES V CLASS,3,E01003523,0,5
2024131448325,2024,131448325,4,10,0,-1,19,5,1,-1,0,0,0,0,0,0,1,1,-1,9,1,72,10,-1,-1,-1,MERCEDES V CLASS,3,E01011920,0,2
2024201414743,2024,201414743,1,8,0,-1,19,7,3,-1,0,8,0,0,0,0,1,9,-1,1,1,47,8,2143,2,7,MERCEDES V CLASS,1,E01033894,0,1
2024010513992,2024,010513992,2,9,0,99,99,9,9,99,99,9,9,99,9,99,9,9,6,6,3,-1,-1,2143,2,8,MERCEDES V CLASS,-1,-1,0,-1
2024010513910,2024,010513910,4,9,0,18,19,1,5,0,0,2,0,0,0,0,1,1,6,6,3,-1,-1,1950,2,1,MERCEDES V CLASS,-1,-1,0,-1
2024311453740,2024,311453740,2,9,0,-1,1,4,4,-1,0,2,0,0,0,0,2,1,-1,6,1,37,7,2295,1,27,MERCEDES V CLASS,-1,-1,0,-1
2024311406174,2024,311406174,2,8,0,-1,3,2,6,-1,0,0,0,0,0,0,2,1,-1,1,1,41,7,1950,2,0,MERCEDES V CLASS,1,E01013573,0,4
2024010527100,2024,010527100,1,9,0,2,2,0,0,0,0,1,0,8,0,0,1,1,6,6,3,-1,-1,1950,2,1,MERCEDES V CLASS,-1,-1,0,-1
2024010547956,2024,010547956,1,8,0,9,9,4,1,0,0,5,0,0,0,0,3,1,1,1,1,61,9,2143,2,5,MERCEDES V CLASS,8,E01021400,0,4
2024010510148,2024,010510148,4,9,0,18,19,7,3,0,0,0,0,0,1,11,2,1,1,1,1,60,9,1950,2,1,MERCEDES V CLASS,5,E01003900,0,3
2024451419121,2024,451419121,2,9,0,-1,19,1,5,-1,0,0,0,0,0,0,1,1,-1,1,1,57,9,2143,2,6,MERCEDES V CLASS,7,E01031564,0,3
2024440406236,2024,440406236,2,8,0,4,4,2,6,0,0,0,0,0,0,0,2,1,1,1,1,56,9,1950,2,0,MERCEDES V CLASS,6,E01002662,0,4
2024010546402,2024,010546402,1,9,0,9,9,8,7,0,0,3,0,0,0,0,4,1,1,1,1,24,5,1950,2,0,MERCEDES V CLASS,4,E01003722,0,2
2024010514342,2024,010514342,3,9,0,2,2,0,0,0,0,1,0,0,0,0,3,1,6,6,3,-1,-1,2143,2,7,MERCEDES V CLASS,-1,-1,0,-1
2024010533778,2024,010533778,3,9,0,2,2,0,0,0,0,1,0,0,0,0,0,1,6,6,3,-1,-1,2143,2,7,MERCEDES V CLASS,-1,-1,0,-1
2024010548251,2024,010548251,1,8,0,4,4,1,5,0,0,1,0,0,0,0,3,1,1,1,1,44,7,2143,2,8,MERCEDES V CLASS,6,E01001207,0,2
2024010551135,2024,010551135,4,9,0,2,2,0,0,0,0,1,0,0,0,0,3,1,6,6,3,-1,-1,1950,2,0,MERCEDES V CLASS,-1,-1,0,-1
2024061411121,2024,061411121,2,9,0,-1,19,4,1,-1,0,8,0,0,0,0,4,1,-1,9,1,42,7,1950,2,0,MERCEDES V CLASS,6,E01006143,0,1
2024010535390,2024,010535390,1,9,0,8,8,5,7,0,0,1,0,0,1,0,4,1,1,1,1,37,7,2143,2,7,MERCEDES V CLASS,7,E01008991,0,5
2024421467671,2024,421467671,1,9,0,-1,19,2,5,-1,0,0,0,0,1,0,1,1,-1,6,3,-1,-1,2151,2,22,MERCEDES V CLASS,-1,-1,0,-1
2024010503456,2024,010503456,1,9,0,4,4,7,3,0,0,5,0,0,0,0,3,1,1,1,1,53,8,2143,2,6,MERCEDES V CLASS,2,E01009448,0,5
2024052402765,2024,052402765,2,8,0,18,19,3,7,0,0,1,1,0,0,0,1,1,1,1,1,36,7,2143,2,7,MERCEDES V CLASS,1,E01006679,0,1
2024010541971,2024,010541971,2,8,0,4,4,5,1,0,0,1,0,0,0,0,4,1,2,2,1,53,8,2143,2,6,MERCEDES V CLASS,2,E01027229,0,4
2024010527345,2024,010527345,2,8,0,4,4,1,5,9,9,1,0,0,0,0,2,1,1,1,1,47,8,1950,2,0,MERCEDES V CLASS,4,E01002593,0,3
2024010507453,2024,010507453,6,9,9,99,99,9,9,99,99,9,9,99,9,99,9,1,6,6,1,44,7,2143,2,5,MERCEDES V CLASS,10,E01016651,0,4
2024010491405,2024,010491405,2,10,0,5,5,5,1,0,0,8,0,0,0,0,1,1,1,1,1,47,8,-1,-1,-1,MERCEDES V CLASS,9,W01000943,0,5
2024010549633,2024,010549633,1,10,0,99,99,9,9,99,99,9,9,99,9,99,1,9,6,6,1,60,9,-1,-1,-1,MERCEDES V CLASS,2,E01000508,0,1
2024010549139,2024,010549139,2,9,0,-1,-1,7,3,0,0,1,0,0,0,0,4,1,1,1,1,61,9,2143,2,7,MERCEDES V CLASS,4,E01004568,0,2
2024010539989,2024,010539989,1,10,0,99,99,9,9,99,99,9,9,99,9,99,9,9,6,6,3,-1,-1,-1,-1,-1,MERCEDES V CLASS,4,E01000639,0,1
2024010526021,2024,010526021,1,9,0,16,19,3,5,0,0,1,1,7,4,1,1,1,1,1,1,41,7,1950,2,4,MERCEDES V CLASS,3,E01001316,0,2
2024430194708,2024,430194708,2,8,0,18,19,1,5,0,0,0,1,0,0,0,2,1,1,1,1,49,8,2143,2,5,MERCEDES V CLASS,6,E01016838,0,4
2024451522968,2024,451522968,2,9,0,-1,19,2,6,-1,0,0,0,0,0,0,2,1,-1,1,1,34,6,2143,2,6,MERCEDES V CLASS,5,E01030748,0,2
2024201516704,2024,201516704,1,9,0,-1,19,6,2,-1,0,0,0,0,0,0,1,1,-1,6,1,-1,-1,2143,2,7,MERCEDES V CLASS,1,E01033891,0,1
2024201479888,2024,201479888,2,9,0,-1,19,7,3,-1,0,0,0,0,0,0,2,1,-1,6,3,-1,-1,1950,2,1,MERCEDES V CLASS,-1,-1,0,-1
2024010547295,2024,010547295,2,8,0,99,99,9,9,99,99,9,9,99,9,99,1,9,6,6,1,-1,-1,2143,2,6,MERCEDES V CLASS,8,E01000234,0,1
2024991467901,2024,991467901,1,10,0,-1,19,3,7,-1,0,0,0,0,2,0,4,1,-1,1,1,59,9,-1,-1,-1,MERCEDES V CLASS,2,-1,0,3
2024471395595,2024,471395595,1,9,0,-1,9,7,5,-1,0,8,0,0,0,0,1,1,-1,9,1,57,9,2143,2,7,MERCEDES V CLASS,3,E01034831,0,3
2024451463149,2024,451463149,1,9,0,-1,19,8,4,-1,0,0,0,0,0,0,1,1,-1,2,1,45,7,2143,2,7,MERCEDES V CLASS,6,E01030826,0,1
2024010518731,2024,010518731,2,9,0,99,99,9,9,99,99,9,9,99,9,99,1,9,6,6,3,-1,-1,1950,2,1,MERCEDES V CLASS,5,E01002449,0,1
2024010521512,2024,010521512,1,9,0,4,4,1,5,1,1,8,0,0,0,0,3,1,1,1,1,46,8,1950,2,0,MERCEDES V CLASS,3,E01016511,0,4
2024010534721,2024,010534721,1,8,0,10,10,1,7,0,0,8,0,0,0,0,1,1,1,1,1,48,8,2143,2,7,MERCEDES V CLASS,2,E01002709,0,1
2024010504547,2024,010504547,1,8,0,13,13,7,3,0,0,8,0,0,4,0,1,1,6,6,1,67,10,2143,2,7,MERCEDES V CLASS,7,E01004275,0,1
2024010505784,2024,010505784,1,9,0,4,4,1,5,0,0,7,0,0,0,0,1,1,1,1,1,52,8,2143,2,6,MERCEDES V CLASS,7,E01002171,0,1
2024471416027,2024,471416027,17,10,0,-1,19,7,3,-1,0,0,5,0,1,0,1,1,-1,6,1,39,7,-1,-1,-1,MERCEDES V CLASS,4,E01034617,0,4
2024211448784,2024,211448784,1,9,0,-1,19,3,7,-1,0,1,0,0,1,0,3,1,-1,1,1,68,10,1950,2,1,MERCEDES V CLASS,-1,-1,0,-1
2024010538738,2024,010538738,1,9,0,2,2,9,9,99,99,9,9,99,9,99,9,9,6,6,1,49,8,1950,2,4,MERCEDES V CLASS,5,E01001974,0,2
2024221500963,2024,221500963,1,9,0,-1,9,5,3,-1,0,6,0,0,0,0,3,1,-1,2,1,60,9,2143,2,6,MERCEDES V CLASS,8,E01014203,0,2
2024461490069,2024,461490069,1,9,0,-1,19,1,5,-1,0,0,0,0,0,0,1,1,-1,6,2,39,7,1950,2,5,MERCEDES V CLASS,2,E01024664,0,1
2024991527277,2024,991527277,1,8,0,-1,19,8,4,-1,0,1,0,0,0,0,4,1,-1,1,1,54,8,1950,2,4,MERCEDES V CLASS,6,-1,0,2
2024311417682,2024,311417682,2,9,5,-1,2,2,6,-1,0,0,0,0,0,0,1,1,-1,6,1,58,9,2143,2,5,MERCEDES V CLASS,3,E01024497,0,5
2024010530854,2024,010530854,1,8,0,99,99,9,9,99,99,9,9,99,9,99,2,9,1,1,1,55,8,1950,2,5,MERCEDES V CLASS,3,E01000498,0,2
2024010519737,2024,010519737,2,9,0,99,99,9,9,99,99,9,9,99,9,99,1,9,6,6,3,-1,-1,2143,2,5,MERCEDES V CLASS,-1,-1,0,-1
2024471430893,2024,471430893,1,9,0,-1,19,2,6,-1,0,0,0,0,0,0,1,1,-1,9,1,80,11,1098,1,-1,-1,7,E01031626,0,2