collision_index,collision_year,collision_ref_no,vehicle_reference,vehicle_type,towing_and_articulation,vehicle_manoeuvre_historic,vehicle_manoeuvre,vehicle_direction_from,vehicle_direction_to,vehicle_location_restricted_lane_historic,vehicle_location_restricted_lane,junction_location,skidding_and_overturning,hit_object_in_carriageway,vehicle_leaving_carriageway,hit_object_off_carriageway,first_point_of_impact,vehicle_left_hand_drive,journey_purpose_of_driver_historic,journey_purpose_of_driver,sex_of_driver,age_of_driver,age_band_of_driver,engine_capacity_cc,propulsion_code,age_of_vehicle,generic_make_model,driver_imd_decile,lsoa_of_driver,escooter_flag,driver_distance_banding
2024211504929,2024,211504929,2,9,0,-1,9,8,6,-1,0,8,0,0,7,10,3,1,-1,9,2,58,9,998,1,-1,-1,3,E01029404,0,3
2024421441572,2024,421441572,1,3,0,-1,15,3,8,-1,0,0,2,0,0,0,1,1,-1,9,1,20,4,124,1,3,-1,4,E01021639,0,1
2024052401199,2024,052401199,2,4,0,18,19,5,1,0,0,0,0,0,0,0,1,1,1,1,1,56,9,124,1,6,-1,2,E01006977,0,1
2024552401474,2024,552401474,1,3,0,13,13,4,8,0,0,8,0,0,0,0,1,1,6,6,1,23,5,124,1,10,-1,-1,-1,0,-1
2024552400496,2024,552400496,3,9,0,18,19,8,4,0,0,0,0,0,0,0,3,1,2,2,2,63,9,-1,-1,-1,-1,8,E01020474,0,2
2024221409917,2024,221409917,2,19,0,-1,19,4,8,-1,0,0,0,6,0,0,1,9,-1,6,1,55,8,1896,2,22,-1,4,E01014044,0,4
2024041425902,2024,041425902,1,3,0,-1,19,7,3,-1,0,0,2,2,0,0,1,1,-1,9,1,51,8,125,1,15,-1,3,E01025054,0,2
2024010522509,2024,010522509,2,3,0,18,19,5,1,0,0,8,1,0,7,0,4,1,6,6,1,17,4,124,1,12,-1,2,E01001145,0,1
2024411398441,2024,411398441,2,5,0,-1,4,8,4,-1,0,0,0,0,0,0,1,1,-1,9,1,31,6,1037,1,4,SUZUKI DL 1050,7,E01017423,0,4
2024991445751,2024,991445751,1,5,0,-1,4,2,6,-1,0,0,0,4,1,0,1,1,-1,9,1,66,10,1037,1,1,SUZUKI DL 1050,10,E01025944,0,5
2024531408722,2024,531408722,2,5,0,-1,19,8,4,-1,0,8,0,0,0,0,1,1,-1,9,1,67,10,1037,1,2,SUZUKI DL 1050,7,E01034807,0,1
2024421444745,2024,421444745,1,5,0,-1,13,5,1,-1,0,0,0,0,7,0,3,1,-1,9,1,29,6,1037,1,2,SUZUKI DL 1050,6,E01021348,0,4
2024471494712,2024,471494712,2,5,0,-1,19,1,5,-1,0,8,0,0,0,0,4,1,-1,9,1,56,9,1037,1,4,SUZUKI DL 1050,8,E01020954,0,1
2024111457269,2024,111457269,1,5,0,-1,19,4,1,-1,0,0,2,0,2,2,1,1,-1,9,1,66,10,1037,1,3,SUZUKI DL 1050,6,E01020794,0,2
202460Q061388,2024,60Q061388,2,5,0,13,13,2,6,0,0,0,2,0,0,0,1,1,6,6,1,49,8,1037,1,3,SUZUKI DL 1050,-1,-1,0,-1
2024471490597,2024,471490597,2,5,0,-1,3,7,3,-1,0,0,0,0,0,0,1,1,-1,9,1,58,9,1037,1,4,SUZUKI DL 1050,6,E01021188,0,1
2024430288905,2024,430288905,1,5,0,18,19,4,8,0,0,8,0,0,0,0,1,1,6,6,1,56,9,1037,1,4,SUZUKI DL 1050,6,E01017878,0,4
2024501420164,2024,501420164,2,5,0,-1,5,6,2,-1,0,3,5,0,0,0,4,1,-1,6,1,59,9,1037,1,1,SUZUKI DL 1050,7,E01018827,0,4
2024501420053,2024,501420053,2,5,0,-1,19,1,5,-1,0,0,0,0,0,0,3,1,-1,2,1,51,8,1037,1,2,SUZUKI DL 1050,4,E01015265,0,4
2024501529322,2024,501529322,2,3,0,-1,19,6,2,-1,0,1,1,0,0,0,1,1,-1,6,1,20,4,124,1,24,-1,3,E01015212,0,1
2024440513601,2024,440513601,1,3,0,13,13,2,6,0,0,1,0,0,0,0,1,1,2,2,1,20,4,124,1,14,-1,6,E01022716,0,1
2024122500459,2024,122500459,1,5,0,18,19,5,1,0,0,8,1,0,0,0,1,1,6,6,1,29,6,900,1,7,TRIUMPH BONNEVILLE,10,E01013427,0,1
2024991425926,2024,991425926,2,5,0,-1,19,5,1,-1,0,1,0,0,0,0,1,1,-1,9,1,54,8,900,1,0,TRIUMPH BONNEVILLE,10,-1,0,1
2024461411771,2024,461411771,2,5,0,-1,19,8,4,-1,0,8,5,0,0,0,3,1,-1,9,1,49,8,865,1,14,TRIUMPH BONNEVILLE,7,E01024407,0,2
2024332400209,2024,332400209,1,3,0,-1,19,6,3,-1,0,8,0,0,0,0,3,1,-1,9,2,59,9,865,1,10,TRIUMPH BONNEVILLE,7,E01025748,0,1
2024440404373,2024,440404373,1,4,0,18,19,1,4,0,0,8,0,0,0,0,3,1,6,6,1,67,10,865,1,12,TRIUMPH BONNEVILLE,10,E01022675,0,3
2024471436706,2024,471436706,2,5,0,-1,19,1,5,-1,0,0,0,0,0,0,1,1,-1,9,1,55,8,900,1,6,TRIUMPH BONNEVILLE,9,E01035354,0,1
2024010525463,2024,010525463,1,5,0,99,99,9,9,99,99,9,9,99,9,99,9,1,6,6,1,36,7,1200,1,6,TRIUMPH BONNEVILLE,7,E01003013,0,2
2024361476977,2024,361476977,1,5,0,-1,19,5,5,-1,0,0,1,12,1,0,1,1,-1,9,1,71,10,1200,1,6,TRIUMPH BONNEVILLE,5,E01030188,0,4
2024031409413,2024,031409413,1,4,0,-1,19,4,8,-1,0,0,1,0,0,0,2,1,-1,6,1,31,6,1200,1,6,TRIUMPH BONNEVILLE,-1,-1,0,-1
2024430369265,2024,430369265,2,4,0,13,13,1,5,0,0,8,0,0,0,0,1,1,6,6,1,46,8,1200,1,5,TRIUMPH BONNEVILLE,6,E01016536,0,3
2024141486128,2024,141486128,1,5,0,-1,5,1,5,-1,0,4,5,0,0,0,3,1,-1,9,1,77,11,865,1,15,TRIUMPH BONNEVILLE,5,E01008000,0,1
2024041408391,2024,041408391,1,5,0,-1,14,7,3,-1,0,0,5,0,0,0,1,1,-1,9,1,70,10,865,1,8,TRIUMPH BONNEVILLE,5,E01025573,0,4
202460Q044027,2024,60Q044027,2,5,0,5,5,4,8,0,0,3,2,10,0,0,1,1,6,6,1,69,10,865,1,11,TRIUMPH BONNEVILLE,-1,-1,0,-1
2024010519396,2024,010519396,2,5,0,14,14,7,3,0,0,1,0,0,0,0,1,1,2,2,2,31,6,1200,1,6,TRIUMPH BONNEVILLE,4,E01001321,0,2
2024302400361,2024,302400361,2,5,0,18,19,8,4,0,0,8,0,0,0,0,1,1,6,6,1,56,9,1200,1,2,TRIUMPH BONNEVILLE,4,E01019491,0,1
2024010548118,2024,010548118,1,5,0,99,99,9,9,99,99,9,9,99,9,99,9,1,2,2,1,58,9,1200,1,4,TRIUMPH BONNEVILLE,7,E01030722,0,4
2024421486726,2024,421486726,2,5,0,-1,19,3,7,-1,0,0,0,0,0,0,4,1,-1,6,1,58,9,1200,1,3,TRIUMPH BONNEVILLE,3,E01015868,0,2
2024522401820,2024,522401820,1,5,0,18,19,1,5,0,0,0,0,0,0,0,1,1,6,6,1,59,9,1200,1,7,TRIUMPH BONNEVILLE,2,E01014659,0,1
2024131410822,2024,131410822,3,5,0,-1,10,6,4,-1,0,1,0,0,0,0,1,1,-1,6,1,67,10,1200,1,5,TRIUMPH BONNEVILLE,1,E01011163,0,1
2024501429687,2024,501429687,2,5,0,-1,19,8,4,-1,0,1,1,0,0,0,3,1,-1,1,1,66,10,790,1,21,TRIUMPH BONNEVILLE,4,E01015142,0,1
2024332400759,2024,332400759,1,5,0,-1,3,1,5,-1,0,1,0,0,0,0,2,1,-1,9,1,59,9,865,1,13,TRIUMPH BONNEVILLE,9,E01025758,0,1
2024361430438,2024,361430438,2,5,0,-1,19,2,5,-1,0,0,2,0,0,0,0,1,-1,2,1,37,7,865,1,13,TRIUMPH BONNEVILLE,3,E01026740,0,2
2024991459472,2024,991459472,1,5,0,-1,19,5,8,-1,0,0,0,0,0,0,1,1,-1,9,1,50,8,1200,1,7,TRIUMPH BONNEVILLE,4,E01020041,0,5
202460Q108770,2024,60Q108770,2,5,0,15,15,3,7,0,0,1,2,0,0,0,1,1,1,1,1,31,6,900,1,5,TRIUMPH BONNEVILLE,-1,-1,0,-1
2024122401061,2024,122401061,1,5,0,18,19,2,6,0,0,0,1,0,0,0,0,1,1,1,1,69,10,865,1,12,TRIUMPH BONNEVILLE,3,E01013915,0,5
2024041490275,2024,041490275,1,5,0,-1,4,8,4,-1,0,0,2,0,0,0,3,1,-1,9,1,66,10,865,1,10,TRIUMPH BONNEVILLE,2,E01025075,0,1
2024552401065,2024,552401065,2,5,0,18,19,2,6,0,0,8,0,0,0,0,1,1,6,6,1,32,6,865,1,12,TRIUMPH BONNEVILLE,6,E01015460,0,1
2024461471649,2024,461471649,1,5,0,-1,19,2,6,-1,0,1,2,0,0,0,4,1,-1,9,1,63,9,865,1,13,TRIUMPH BONNEVILLE,4,W01001980,0,5
2024332400956,2024,332400956,1,5,0,-1,19,1,5,-1,0,1,1,0,0,0,3,1,-1,9,1,69,10,1200,1,4,TRIUMPH BONNEVILLE,10,E01025737,0,1
2024010549787,2024,010549787,2,5,0,16,19,6,8,0,0,0,0,11,0,0,1,1,2,2,1,40,7,865,1,10,TRIUMPH BONNEVILLE,6,E01002670,0,1
2024440452064,2024,440452064,1,5,0,9,9,5,3,0,0,6,0,0,0,0,3,1,6,6,1,42,7,1200,1,5,TRIUMPH BONNEVILLE,1,E01017031,0,1
2024501440927,2024,501440927,2,5,0,-1,9,3,1,-1,0,3,0,0,0,0,1,1,-1,9,1,53,8,1200,1,1,TRIUMPH BONNEVILLE,2,E01020277,0,1
2024122400887,2024,122400887,2,5,0,7,7,8,2,0,0,1,0,0,0,0,3,1,6,6,2,56,9,900,1,7,TRIUMPH BONNEVILLE,-1,-1,0,-1
2024221483258,2024,221483258,1,5,0,-1,19,4,8,-1,0,0,0,0,1,9,3,1,-1,9,2,57,9,1200,1,7,TRIUMPH BONNEVILLE,9,E01032341,0,4
2024010534547,2024,010534547,2,5,0,10,10,3,1,0,0,1,0,0,7,11,4,1,2,2,1,60,9,900,1,8,TRIUMPH BONNEVILLE,8,E01000669,0,1
2024141463812,2024,141463812,1,5,-1,-1,19,7,4,-1,0,0,5,0,1,0,1,1,-1,6,1,62,9,865,1,15,TRIUMPH BONNEVILLE,2,E01019498,0,3
2024122400376,2024,122400376,1,5,0,18,19,3,7,0,0,0,0,0,1,0,1,1,6,6,1,60,9,900,1,3,TRIUMPH BONNEVILLE,6,E01025123,0,4
2024552401138,2024,552401138,1,5,0,13,13,5,1,0,0,8,0,0,0,0,1,1,2,2,1,59,9,865,1,9,TRIUMPH BONNEVILLE,7,E01015376,0,1
2024302401213,2024,302401213,2,5,0,18,19,4,8,0,0,8,1,0,0,0,1,1,6,6,1,27,6,1200,1,2,TRIUMPH BONNEVILLE,7,E01019607,0,1
2024501457560,2024,501457560,1,5,0,-1,19,5,1,-1,0,1,1,0,0,0,3,1,-1,9,1,67,10,865,1,8,TRIUMPH BONNEVILLE,5,E01018923,0,1
2024361428721,2024,361428721,2,3,0,-1,19,2,7,-1,0,0,0,0,0,0,4,1,-1,9,1,61,9,1200,1,6,TRIUMPH BONNEVILLE,2,E01035542,0,4
2024522401496,2024,522401496,1,5,0,18,19,2,6,0,0,8,0,0,0,0,4,1,6,6,1,67,10,1200,1,1,TRIUMPH BONNEVILLE,6,E01014447,0,2
2024991493173,2024,991493173,1,5,0,-1,19,6,2,-1,0,0,0,0,1,0,1,1,-1,6,1,51,8,1200,1,0,TRIUMPH BONNEVILLE,7,-1,0,5
2024141507417,2024,141507417,2,5,0,-1,19,1,5,-1,0,8,0,0,1,0,1,1,-1,6,1,70,10,865,1,7,TRIUMPH BONNEVILLE,1,E01007941,0,2
2024471438155,2024,471438155,1,5,0,-1,10,4,2,-1,0,0,0,0,0,0,2,1,-1,1,1,62,9,865,1,16,TRIUMPH BONNEVILLE,7,E01021033,0,3
202454A037724,2024,54A037724,1,5,0,16,19,1,4,0,0,0,0,0,7,9,1,1,6,6,1,68,10,790,1,23,TRIUMPH BONNEVILLE,7,E01015588,0,3
2024010529334,2024,010529334,1,5,0,18,19,5,1,2,2,1,0,0,0,0,1,1,2,2,1,48,8,1200,1,5,TRIUMPH BONNEVILLE,8,E01032563,0,1
2024501522896,2024,501522896,2,5,0,-1,19,6,2,-1,0,1,0,0,0,0,1,1,-1,6,1,57,9,1200,1,6,TRIUMPH BONNEVILLE,8,E01015098,0,1
2024461396116,2024,461396116,1,5,0,-1,13,7,3,-1,0,0,1,0,0,0,1,1,-1,6,1,38,7,865,1,9,TRIUMPH BONNEVILLE,4,E01035305,0,4
2024501528167,2024,501528167,1,5,0,-1,19,7,3,-1,0,0,0,0,7,10,1,1,-1,2,1,64,9,1200,1,7,TRIUMPH BONNEVILLE,5,E01034167,0,1
2024451474227,2024,451474227,1,5,0,-1,19,4,8,-1,0,6,5,0,1,0,0,1,-1,6,1,82,11,865,1,12,TRIUMPH BONNEVILLE,8,E01030529,0,1
2024471439562,2024,471439562,3,5,0,-1,19,5,1,-1,0,0,2,0,0,0,1,1,-1,9,1,57,9,865,1,12,TRIUMPH BONNEVILLE,1,E01021020,0,3
2024010538120,2024,010538120,2,3,0,13,13,1,5,9,9,0,0,0,0,0,4,1,2,2,1,35,6,865,1,9,TRIUMPH BONNEVILLE,10,E01003887,0,1
2024141436187,2024,141436187,1,5,0,-1,11,4,8,-1,0,1,0,0,0,0,1,1,-1,6,1,46,8,865,1,15,TRIUMPH BONNEVILLE,8,E01011181,0,2
2024501452514,2024,501452514,2,5,0,-1,19,3,7,-1,0,0,0,0,0,0,2,1,-1,1,1,33,6,790,1,20,TRIUMPH BONNEVILLE,6,E01018853,0,1
2024421523711,2024,421523711,1,5,0,-1,13,4,8,-1,0,1,0,0,0,0,4,1,-1,9,1,59,9,900,1,2,TRIUMPH BONNEVILLE,2,E01021699,0,1
2024141458057,2024,141458057,2,5,0,-1,13,2,5,-1,0,1,0,0,0,0,1,1,-1,9,1,19,4,900,1,8,TRIUMPH BONNEVILLE,1,E01007592,0,1
2024991418783,2024,991418783,1,5,0,-1,19,8,3,-1,0,0,0,0,7,0,4,1,-1,9,1,55,8,1200,1,0,TRIUMPH BONNEVILLE,3,-1,0,4
2024501514550,2024,501514550,2,5,0,-1,19,6,2,-1,0,8,5,0,0,0,1,1,-1,6,1,33,6,865,1,8,TRIUMPH BONNEVILLE,4,E01018856,0,3
2024010511170,2024,010511170,2,5,0,18,19,1,5,0,0,1,0,0,0,0,1,1,6,6,1,36,7,1200,1,7,TRIUMPH BONNEVILLE,-1,-1,0,-1
2024471460672,2024,471460672,1,5,0,-1,12,6,2,-1,0,0,5,10,0,0,1,1,-1,9,1,18,4,865,1,17,TRIUMPH BONNEVILLE,4,E01021177,0,4
2024501492021,2024,501492021,1,5,0,-1,9,3,1,-1,0,3,0,0,0,0,4,1,-1,9,1,64,9,865,1,12,TRIUMPH BONNEVILLE,3,E01015270,0,1
2024501500625,2024,501500625,1,5,0,-1,19,6,1,-1,0,0,1,0,1,9,1,1,-1,9,1,74,10,1200,1,1,TRIUMPH BONNEVILLE,5,E01034642,0,2
2024052400318,2024,052400318,2,5,0,18,19,8,4,0,0,8,0,0,0,0,3,1,6,6,1,22,5,900,1,8,TRIUMPH BONNEVILLE,3,E01006533,0,1
2024010541923,2024,010541923,1,5,0,99,99,9,9,99,99,9,9,99,9,99,1,1,2,2,1,41,7,1200,1,2,TRIUMPH BONNEVILLE,4,E01016074,0,4
2024440125673,2024,440125673,2,4,0,13,13,6,2,0,0,0,0,0,0,0,1,1,6,6,1,74,10,1200,1,1,TRIUMPH BONNEVILLE,6,E01020354,0,2
2024221488456,2024,221488456,1,5,0,-1,19,8,4,-1,0,0,1,0,0,0,4,1,-1,9,1,61,9,900,1,0,TRIUMPH BONNEVILLE,2,E01032239,0,4
2024991498697,2024,991498697,1,5,0,-1,19,8,4,-1,0,1,0,0,0,0,1,1,-1,9,1,70,10,900,1,6,TRIUMPH BONNEVILLE,8,-1,0,4
2024371524747,2024,371524747,2,5,0,-1,19,4,8,-1,0,1,0,0,0,0,1,1,-1,1,1,53,8,865,1,11,TRIUMPH BONNEVILLE,6,E01033049,0,1
2024031450904,2024,031450904,1,5,0,-1,19,3,7,-1,0,1,1,0,0,0,1,1,-1,9,1,29,6,865,1,11,TRIUMPH BONNEVILLE,5,E01019325,0,4
2024471420329,2024,471420329,2,5,0,-1,19,4,8,-1,0,2,0,0,0,0,1,1,-1,2,2,38,7,900,1,4,-1,6,E01016890,0,3
2024010492505,2024,010492505,2,5,0,5,5,1,5,0,0,1,0,0,0,0,1,1,6,6,1,20,4,900,1,7,-1,7,E01003232,0,1
2024010538032,2024,010538032,1,5,0,5,5,5,1,0,0,1,0,0,0,0,1,1,2,2,1,59,9,900,1,2,-1,6,E01001408,0,1
2024010501184,2024,010501184,1,5,0,10,10,1,7,0,0,1,0,0,0,0,2,1,6,6,1,38,7,900,1,6,-1,5,E01000469,0,1
2024440210987,2024,440210987,1,5,0,18,19,2,6,0,0,0,0,0,0,0,1,1,6,6,1,54,8,900,1,5,-1,6,E01023023,0,2
2024010536062,2024,010536062,1,4,0,13,13,7,3,0,0,0,0,0,0,0,4,1,6,6,1,63,9,900,1,7,-1,3,E01003829,0,1
2024201495191,2024,201495191,1,5,0,-1,19,5,1,-1,0,8,0,0,0,0,3,1,-1,2,1,47,8,900,1,5,-1,5,E01009451,0,1
2024061531611,2024,061531611,2,5,0,-1,19,5,1,-1,0,0,1,0,0,0,4,1,-1,1,1,67,10,900,1,5,-1,3,E01005026,0,1
2024122400827,2024,122400827,1,5,0,14,14,7,3,0,0,8,1,10,0,0,1,1,6,6,1,53,8,1634,1,16,-1,9,E01010692,0,3
2024991422550,2024,991422550,1,3,0,-1,19,1,5,-1,0,0,1,0,8,0,4,1,-1,9,1,28,6,123,1,16,-1,1,-1,0,2
2024010543023,2024,010543023,1,3,0,18,19,7,3,0,0,2,0,0,0,0,1,1,2,2,1,52,8,125,1,2,-1,2,E01001486,0,3
2024522401245,2024,522401245,2,3,0,13,13,2,6,0,0,0,0,0,0,0,4,1,6,6,1,30,6,124,1,31,-1,3,E01014572,0,1
2024311411577,2024,311411577,1,3,0,-1,19,1,1,-1,0,0,0,0,0,0,1,1,-1,6,1,31,6,124,1,23,-1,2,E01019441,0,3
2024070893754,2024,070893754,2,3,0,-1,19,1,5,-1,0,8,0,0,0,0,1,1,-1,9,1,36,7,124,1,20,-1,1,E01012483,0,1
2024471402313,2024,471402313,2,3,0,-1,19,8,4,-1,0,1,0,0,0,0,1,1,-1,9,1,17,4,124,1,18,HONDA XR,9,E01030821,0,2
2024440116843,2024,440116843,1,3,0,18,19,8,4,0,0,0,0,0,0,0,1,1,6,6,1,19,4,124,1,21,HONDA XR,4,E01017370,0,1
2024501418314,2024,501418314,2,3,0,-1,5,8,8,-1,0,1,0,0,9,0,1,1,-1,6,1,17,4,124,1,18,HONDA XR,2,E01015074,0,1
2024552401495,2024,552401495,1,3,0,13,13,5,1,0,0,8,0,0,0,0,1,1,6,6,1,21,5,124,1,17,HONDA XR,3,E01015386,0,1
2024111481184,2024,111481184,1,3,0,-1,15,7,3,-1,0,0,0,0,0,0,1,1,-1,6,1,19,4,124,1,20,HONDA XR,-1,-1,0,-1
2024211489319,2024,211489319,2,3,0,-1,7,7,7,-1,0,1,1,0,0,0,1,1,-1,2,1,39,7,124,1,21,HONDA XR,5,E01019837,0,2
2024501490367,2024,501490367,2,3,0,-1,9,4,2,-1,0,4,0,0,0,0,1,1,-1,2,1,17,4,124,1,16,HONDA XR,4,E01020252,0,1
2024371471908,2024,371471908,2,3,0,-1,10,5,1,-1,0,1,0,0,0,0,1,1,-1,9,1,17,4,124,1,17,HONDA XR,4,E01029910,0,1
2024540385824,2024,540385824,1,3,0,13,13,4,8,0,0,1,0,0,0,0,1,1,6,6,1,18,4,124,1,16,HONDA XR,7,E01031961,0,1
2024161497978,2024,161497978,1,3,0,-1,19,6,2,-1,0,0,1,7,0,0,1,1,-1,2,1,22,5,124,1,20,HONDA XR,8,E01013256,0,2
2024332400188,2024,332400188,2,19,0,-1,13,8,4,-1,0,0,0,0,0,0,4,1,-1,6,1,-1,-1,2497,2,13,-1,-1,-1,0,-1
2024531438414,2024,531438414,1,19,0,-1,5,1,5,-1,0,8,0,0,0,0,1,1,-1,6,2,60,9,2497,2,14,-1,6,E01022211,0,4
2024010534408,2024,010534408,3,19,0,4,4,7,3,0,0,1,0,0,0,0,2,1,2,2,1,47,8,2497,2,5,-1,-1,-1,0,-1
2024221445627,2024,221445627,2,9,0,-1,2,0,0,-1,0,8,0,0,0,0,3,9,-1,6,2,31,6,2902,2,18,-1,7,E01032170,0,1
2024041421764,2024,041421764,1,9,0,-1,1,3,7,-1,0,0,0,0,0,0,3,1,-1,6,1,73,10,2902,2,19,-1,4,E01025187,0,1
2024221433867,2024,221433867,1,9,0,-1,19,5,1,-1,0,0,1,0,0,0,1,9,-1,6,1,57,9,2902,2,19,-1,5,E01028843,0,3
2024991483146,2024,991483146,1,9,0,-1,19,7,3,-1,0,0,0,0,0,0,1,1,-1,9,1,58,9,1199,1,0,JEEP AVENGER,-1,-1,0,-1
2024471487351,2024,471487351,2,9,0,-1,1,2,4,-1,0,0,0,0,0,0,3,9,-1,9,1,50,8,-1,3,0,JEEP AVENGER,1,E01016868,0,1
2024351524970,2024,351524970,1,9,0,-1,19,1,5,-1,0,1,0,0,0,0,1,1,-1,6,1,59,9,-1,3,0,JEEP AVENGER,3,E01018090,0,1
2024411455376,2024,411455376,2,9,0,-1,5,8,4,-1,0,4,0,0,0,0,3,1,-1,6,2,54,8,-1,3,0,JEEP AVENGER,6,E01033314,0,1
2024010550151,2024,010550151,1,9,0,18,19,1,5,0,0,1,0,0,0,0,1,1,6,6,1,39,7,-1,3,0,JEEP AVENGER,3,E01000152,0,2
2024201480740,2024,201480740,1,9,0,-1,19,7,1,-1,0,0,0,0,0,0,1,1,-1,2,2,34,6,-1,3,0,JEEP AVENGER,1,E01033890,0,1
2024061484381,2024,061484381,3,9,0,-1,19,7,2,-1,0,0,0,0,0,0,2,1,-1,2,1,26,6,-1,3,1,JEEP AVENGER,9,E01006312,0,3
2024010550911,2024,010550911,1,9,0,99,99,9,9,99,99,9,9,99,9,99,9,9,6,6,2,58,9,1199,1,0,JEEP AVENGER,8,E01002320,0,2
2024361527131,2024,361527131,1,9,0,-1,19,5,4,-1,0,8,0,0,3,0,1,1,-1,6,2,48,8,-1,3,0,JEEP AVENGER,9,E01026546,0,2
2024010531987,2024,010531987,2,9,0,18,19,3,7,0,0,0,0,0,0,0,0,1,6,6,1,53,8,-1,3,1,JEEP AVENGER,8,E01002109,0,1
2024211520517,2024,211520517,1,9,0,-1,5,1,5,-1,0,1,0,0,0,0,2,1,-1,9,2,44,7,1199,8,0,JEEP AVENGER,-1,-1,0,-1
2024201534657,2024,201534657,1,9,0,-1,9,1,4,-1,0,2,2,4,0,0,1,1,-1,6,2,45,7,1199,1,0,JEEP AVENGER,2,E01010045,0,1
2024010546504,2024,010546504,2,9,0,99,99,9,9,99,99,9,9,99,9,99,9,9,6,6,2,33,6,1199,1,0,JEEP AVENGER,7,E01002173,0,1
2024991504184,2024,991504184,2,9,0,-1,19,7,3,-1,0,0,0,0,0,0,1,1,-1,9,2,53,8,1199,1,0,JEEP AVENGER,3,-1,0,2
2024010551017,2024,010551017,1,9,0,9,9,3,1,0,0,5,0,0,0,0,4,1,6,6,1,27,6,1199,8,0,JEEP AVENGER,2,E01026376,0,5
2024991411123,2024,991411123,2,9,0,-1,19,5,1,-1,0,0,0,0,0,0,1,1,-1,9,2,38,7,1199,1,0,JEEP AVENGER,8,-1,0,3
2024010516781,2024,010516781,1,20,0,4,4,1,5,0,0,1,0,0,2,10,2,1,6,6,1,38,7,-1,-1,-1,LDV V80,3,E01001188,0,3
2024231526676,2024,231526676,1,19,0,-1,9,2,8,-1,0,6,0,0,0,0,3,1,-1,1,1,67,10,2499,2,5,LDV V80,10,E01029839,0,3
2024010548317,2024,010548317,2,19,0,9,9,1,7,0,0,5,0,0,0,0,1,1,1,1,1,42,7,-1,3,5,LDV V80,2,E01001051,0,3
2024471513338,2024,471513338,1,19,0,-1,19,4,1,-1,0,0,0,0,1,3,1,1,-1,1,1,29,6,2499,2,5,LDV V80,8,E01020954,0,4
2024440097177,2024,440097177,2,19,0,4,4,6,2,0,0,0,0,0,0,0,2,1,1,1,1,53,8,2499,2,5,LDV V80,10,E01022596,0,3
2024991451563,2024,991451563,1,20,0,-1,19,2,6,-1,0,1,1,0,0,0,1,1,-1,1,1,26,6,-1,-1,-1,LDV V80,6,-1,0,2
2024421442010,2024,421442010,2,19,0,-1,19,6,2,-1,0,0,0,0,0,0,2,9,-1,1,1,46,8,2499,2,5,LDV V80,7,E01021372,0,4
2024010540404,2024,010540404,2,19,9,99,99,9,9,99,99,9,9,99,9,99,1,9,6,6,3,-1,-1,2499,2,4,LDV V80,3,E01000184,0,1
2024161485118,2024,161485118,1,19,0,-1,19,7,3,-1,0,0,0,0,0,0,1,1,-1,1,1,28,6,2499,2,7,LDV V80,3,E01026077,0,4
2024501487555,2024,501487555,2,19,0,-1,10,3,7,-1,0,0,0,0,0,0,2,1,-1,1,1,50,8,2499,2,4,LDV V80,5,E01020199,0,3
2024471480428,2024,471480428,3,19,0,-1,2,0,0,-1,-1,0,0,0,0,0,3,1,-1,1,1,42,7,2499,2,5,LDV V80,5,E01017015,0,4
2024010511100,2024,010511100,1,19,0,10,10,6,4,0,0,8,0,0,0,0,4,1,2,2,1,36,7,2499,2,8,LDV V80,5,E01023542,0,3
2024522402025,2024,522402025,2,19,0,1,1,9,9,0,0,0,0,0,0,0,2,1,6,6,1,62,9,2499,2,8,LDV V80,7,E01014577,0,1
2024010535935,2024,010535935,1,19,0,99,99,9,9,0,0,9,9,99,9,99,1,9,6,6,1,44,7,2499,2,5,LDV V80,3,E01010834,0,5
2024010545345,2024,010545345,1,9,0,99,99,9,9,99,99,9,9,99,9,99,9,9,6,6,1,55,8,-1,3,0,-1,8,E01004731,0,1
2024332401048,2024,332401048,1,9,0,-1,19,7,4,-1,0,0,0,0,0,0,3,1,-1,6,1,58,9,2497,2,32,-1,4,E01025962,0,1
2024340NN1462,2024,340NN1462,1,19,0,-1,19,2,6,-1,0,0,0,11,2,9,1,1,-1,6,1,32,6,2143,2,13,MERCEDES SPRINTER,9,E01018177,0,4
2024440227215,2024,440227215,2,19,0,17,19,1,7,0,0,0,0,0,0,0,3,1,2,2,1,47,8,2143,2,5,MERCEDES SPRINTER,8,E01022778,0,1
2024522403086,2024,522403086,2,19,0,18,19,1,5,0,0,1,0,0,0,0,1,1,6,6,3,-1,-1,2143,2,3,MERCEDES SPRINTER,-1,-1,0,-1
2024010523059,2024,010523059,1,19,0,3,3,7,3,99,99,1,0,0,0,0,1,9,6,6,1,60,9,1950,2,2,MERCEDES SPRINTER,3,E01003357,0,2
2024131529125,2024,131529125,1,19,0,-1,19,8,3,-1,0,1,0,0,0,0,4,1,-1,6,3,-1,-1,2143,2,6,MERCEDES SPRINTER,-1,-1,0,-1