collision_index,collision_year,collision_ref_no,vehicle_reference,vehicle_type,towing_and_articulation,vehicle_manoeuvre_historic,vehicle_manoeuvre,vehicle_direction_from,vehicle_direction_to,vehicle_location_restricted_lane_historic,vehicle_location_restricted_lane,junction_location,skidding_and_overturning,hit_object_in_carriageway,vehicle_leaving_carriageway,hit_object_off_carriageway,first_point_of_impact,vehicle_left_hand_drive,journey_purpose_of_driver_historic,journey_purpose_of_driver,sex_of_driver,age_of_driver,age_band_of_driver,engine_capacity_cc,propulsion_code,age_of_vehicle,generic_make_model,driver_imd_decile,lsoa_of_driver,escooter_flag,driver_distance_banding
2024991406144,2024,991406144,1,19,0,-1,19,6,2,-1,0,0,0,0,0,0,1,1,-1,1,1,54,8,2143,2,4,MERCEDES SPRINTER,4,-1,0,4
2024010522442,2024,010522442,1,19,0,15,15,5,1,0,0,0,0,0,0,0,4,1,1,1,1,56,9,2143,2,8,MERCEDES SPRINTER,6,E01004086,0,2
2024461442394,2024,461442394,1,19,0,-1,7,3,5,-1,0,1,0,0,1,0,4,1,-1,2,1,40,7,2143,2,10,MERCEDES SPRINTER,6,E01024530,0,2
2024451506347,2024,451506347,3,19,0,-1,2,1,1,-1,0,0,0,0,0,0,2,1,-1,2,1,60,9,1950,2,1,MERCEDES SPRINTER,2,E01031555,0,4
2024421422534,2024,421422534,1,19,0,-1,19,4,8,-1,0,0,0,0,0,0,1,1,-1,1,1,21,5,2143,2,13,MERCEDES SPRINTER,2,E01030023,0,4
2024461402162,2024,461402162,2,19,0,-1,7,7,4,-1,0,2,0,0,0,0,1,1,-1,1,1,24,5,2143,2,5,MERCEDES SPRINTER,4,E01003268,0,4
2024471453585,2024,471453585,1,19,0,-1,13,7,3,-1,0,0,0,0,0,0,1,1,-1,1,1,64,9,2143,2,4,MERCEDES SPRINTER,2,E01029548,0,5
2024201399340,2024,201399340,2,19,0,-1,3,8,4,-1,0,0,0,0,0,0,2,1,-1,2,1,63,9,2143,2,7,MERCEDES SPRINTER,6,E01029522,0,4
2024522401993,2024,522401993,2,19,0,2,2,0,0,0,0,0,0,0,0,0,3,1,6,6,3,-1,-1,1950,2,2,MERCEDES SPRINTER,-1,-1,0,-1
2024010527987,2024,010527987,2,19,0,18,19,1,5,0,0,1,0,0,0,0,4,1,6,6,1,29,6,2987,2,3,MERCEDES SPRINTER,2,E01003092,0,1
2024411443585,2024,411443585,2,19,0,-1,5,4,8,-1,0,8,0,0,0,0,4,1,-1,1,1,47,8,1950,2,2,MERCEDES SPRINTER,2,E01015773,0,4
2024471474477,2024,471474477,2,90,0,-1,11,5,1,-1,0,0,0,0,0,0,4,9,-1,1,1,-1,-1,2987,2,3,MERCEDES SPRINTER,-1,-1,0,-1
2024131492056,2024,131492056,1,19,0,-1,19,7,3,-1,0,0,0,0,0,0,1,1,-1,1,1,40,7,2148,2,18,MERCEDES SPRINTER,1,E01011144,0,2
2024501398151,2024,501398151,2,19,0,-1,2,1,5,-1,0,0,0,0,0,0,2,9,-1,1,1,58,9,2143,2,5,MERCEDES SPRINTER,8,E01015111,0,3
2024991510351,2024,991510351,2,19,0,-1,19,4,1,-1,0,8,0,0,0,0,1,1,-1,1,1,39,7,2143,2,7,MERCEDES SPRINTER,9,-1,0,4
2024010503460,2024,010503460,2,19,0,1,1,9,9,99,99,9,9,99,9,99,2,9,6,6,3,-1,-1,2143,2,7,MERCEDES SPRINTER,-1,-1,0,-1
2024540972724,2024,540972724,1,19,0,18,19,4,8,0,0,2,0,0,0,0,1,1,1,1,1,24,5,2143,2,6,MERCEDES SPRINTER,3,E01031856,0,3
2024010542819,2024,010542819,2,19,0,99,99,9,9,99,99,9,9,99,9,99,1,9,6,6,1,53,8,1950,2,2,MERCEDES SPRINTER,3,E01004402,0,2
2024320189327,2024,320189327,1,19,0,5,5,2,6,0,0,4,0,0,0,0,1,1,6,6,1,33,6,2143,2,7,MERCEDES SPRINTER,3,E01027081,0,4
2024991408451,2024,991408451,2,20,0,-1,19,2,6,-1,0,8,0,0,0,0,1,1,-1,1,1,52,8,-1,-1,-1,MERCEDES SPRINTER,5,-1,0,1
2024131415435,2024,131415435,1,19,0,-1,19,6,2,-1,0,0,0,0,0,0,1,1,-1,6,1,31,6,2148,2,16,MERCEDES SPRINTER,1,E01011433,0,3
2024041524311,2024,041524311,1,19,0,-1,5,7,3,-1,0,8,0,0,0,0,1,1,-1,1,1,48,8,2143,2,8,MERCEDES SPRINTER,4,E01025137,0,1
2024332400736,2024,332400736,2,19,0,-1,11,9,9,-1,0,0,0,0,1,0,1,1,-1,6,1,-1,-1,2143,2,10,MERCEDES SPRINTER,-1,-1,0,-1
2024010492181,2024,010492181,1,19,0,18,19,3,7,0,0,0,0,0,0,0,0,1,1,1,1,34,6,2148,2,20,MERCEDES SPRINTER,2,E01000022,0,3
2024351476526,2024,351476526,1,19,0,-1,19,2,5,-1,0,0,0,0,0,0,1,1,-1,1,1,35,6,2143,2,4,MERCEDES SPRINTER,9,E01032965,0,4
2024351498128,2024,351498128,1,19,0,-1,4,5,1,-1,0,1,0,0,0,0,1,1,-1,1,1,51,8,2143,2,5,MERCEDES SPRINTER,4,E01018109,0,3
2024221462948,2024,221462948,1,19,0,-1,5,6,2,-1,9,8,0,0,0,0,3,1,-1,1,1,58,9,1950,2,1,MERCEDES SPRINTER,3,E01009947,0,4
2024041506692,2024,041506692,1,19,0,-1,1,7,5,-1,0,1,0,0,0,0,3,1,-1,1,1,55,8,2143,2,3,MERCEDES SPRINTER,1,E01025041,0,3
202454B855324,2024,54B855324,1,19,0,18,19,3,7,0,0,1,0,0,0,0,1,1,1,1,1,39,7,2143,2,6,MERCEDES SPRINTER,8,E01022652,0,4
2024991478649,2024,991478649,1,19,0,-1,19,6,2,-1,0,0,0,0,0,0,1,1,-1,1,1,53,8,1950,2,2,MERCEDES SPRINTER,9,-1,0,4
2024010504136,2024,010504136,2,19,0,99,99,9,9,99,99,9,9,99,9,99,9,9,6,6,3,-1,-1,2143,2,8,MERCEDES SPRINTER,3,E01021806,0,3
2024010519213,2024,010519213,2,20,9,99,99,9,9,99,99,9,9,99,9,99,9,9,6,6,1,55,8,2143,2,4,MERCEDES SPRINTER,7,E01004081,0,2
2024471454965,2024,471454965,1,19,0,-1,5,5,1,-1,0,1,0,0,0,0,0,9,-1,6,2,55,8,2143,2,3,MERCEDES SPRINTER,9,E01031505,0,1
2024522500457,2024,522500457,2,19,0,3,3,5,1,0,0,0,0,0,0,0,2,1,6,6,1,58,9,2143,2,8,MERCEDES SPRINTER,1,E01014458,0,3
2024161488050,2024,161488050,1,19,0,-1,7,3,5,-1,0,6,0,0,0,0,3,1,-1,1,1,42,7,2143,2,11,MERCEDES SPRINTER,1,E01007530,0,4
2024371435913,2024,371435913,2,19,0,-1,5,1,7,-1,0,0,0,0,0,0,1,1,-1,1,1,51,8,2143,2,4,MERCEDES SPRINTER,5,E01029949,0,4
2024201523361,2024,201523361,1,19,0,-1,3,1,5,-1,0,0,0,0,0,0,1,9,-1,6,1,23,5,1950,2,0,MERCEDES SPRINTER,-1,-1,0,-1
2024520403209,2024,520403209,3,19,0,4,4,8,5,0,0,1,0,0,0,0,1,1,6,6,1,47,8,2143,2,13,MERCEDES SPRINTER,1,E01014580,0,4
2024010503171,2024,010503171,1,19,0,18,19,4,8,0,0,0,0,0,0,0,1,1,1,1,1,48,8,2143,2,8,MERCEDES SPRINTER,3,E01004233,0,1
2024411427521,2024,411427521,2,19,0,-1,19,8,4,-1,0,0,0,0,0,0,1,1,-1,6,1,27,6,2143,2,5,MERCEDES SPRINTER,7,E01023594,0,1
2024010489408,2024,010489408,1,19,0,10,10,7,6,0,0,1,0,0,0,0,3,1,1,1,1,35,6,2143,2,4,MERCEDES SPRINTER,4,E01002103,0,3
2024031533035,2024,031533035,1,19,0,-1,19,1,5,-1,0,1,0,0,0,0,1,1,-1,6,1,48,8,2143,2,8,MERCEDES SPRINTER,1,E01034069,0,3
2024461416632,2024,461416632,1,19,-1,-1,7,1,5,-1,0,0,0,0,0,0,-1,9,-1,6,1,35,6,2143,2,5,MERCEDES SPRINTER,3,E01016021,0,1
2024991440306,2024,991440306,1,19,0,-1,1,3,3,-1,0,1,0,0,0,0,2,1,-1,1,1,27,6,1950,2,2,MERCEDES SPRINTER,5,-1,0,4
2024010516816,2024,010516816,1,19,0,3,3,3,7,0,0,1,0,0,0,0,1,1,1,1,1,57,9,2143,2,5,MERCEDES SPRINTER,-1,-1,0,-1
2024131525801,2024,131525801,3,19,0,-1,2,0,0,-1,0,8,0,0,0,0,3,1,-1,6,-1,-1,-1,2143,2,8,MERCEDES SPRINTER,-1,-1,0,-1
2024461473110,2024,461473110,2,20,0,-1,3,1,5,-1,0,0,0,0,0,0,2,1,-1,6,1,39,7,-1,-1,-1,MERCEDES SPRINTER,1,E01005698,0,5
2024010545261,2024,010545261,1,19,0,9,9,3,1,0,0,8,0,11,0,0,1,1,6,6,1,54,8,2143,2,7,MERCEDES SPRINTER,2,E01033877,0,2
2024451423692,2024,451423692,2,19,0,-1,19,1,5,-1,0,0,0,0,0,0,1,1,-1,1,1,54,8,2143,2,6,MERCEDES SPRINTER,10,E01030831,0,2
2024101531528,2024,101531528,1,20,0,-1,19,1,5,-1,0,0,0,0,0,0,1,1,-1,1,1,40,7,-1,-1,-1,MERCEDES SPRINTER,8,E01027356,0,2
2024451528274,2024,451528274,3,19,0,-1,12,7,3,-1,0,0,0,0,0,0,0,9,-1,1,1,67,10,1950,2,0,MERCEDES SPRINTER,2,E01023108,0,1
2024101505453,2024,101505453,1,19,0,-1,19,5,1,-1,0,0,0,0,0,0,1,1,-1,1,1,44,7,1950,2,1,MERCEDES SPRINTER,1,E01020777,0,5
2024010534176,2024,010534176,1,90,0,18,19,3,7,0,0,8,0,0,0,0,4,1,6,6,1,32,6,2987,2,7,MERCEDES SPRINTER,3,E01002235,0,2
2024471445440,2024,471445440,2,19,0,-1,19,3,7,-1,0,8,0,0,0,0,1,1,-1,1,1,29,6,2143,2,8,MERCEDES SPRINTER,4,E01024364,0,4
2024141518168,2024,141518168,1,19,0,-1,9,7,5,-1,0,5,0,0,0,0,1,1,-1,1,1,28,6,2143,2,4,MERCEDES SPRINTER,1,E01033269,0,1
2024010517936,2024,010517936,1,19,0,99,99,9,9,99,99,9,9,99,9,99,1,9,1,1,1,49,8,2143,2,6,MERCEDES SPRINTER,10,E01023966,0,4
2024471458147,2024,471458147,1,19,0,-1,1,3,7,-1,0,0,0,0,0,0,2,1,-1,1,1,43,7,1950,2,1,MERCEDES SPRINTER,1,E01020995,0,4
2024340WN9152,2024,340WN9152,2,19,0,-1,19,5,1,-1,0,0,0,0,0,0,1,1,-1,9,1,38,7,2143,2,6,MERCEDES SPRINTER,6,E01027232,0,2
2024010493919,2024,010493919,1,10,0,9,9,3,8,0,0,1,0,0,0,0,3,1,6,6,1,-1,-1,2143,2,7,MERCEDES SPRINTER,4,E01001804,0,1
2024991524163,2024,991524163,1,19,0,-1,4,6,2,-1,0,0,0,0,0,0,1,1,-1,1,1,25,5,1950,2,0,MERCEDES SPRINTER,1,E01013885,0,5
2024131425437,2024,131425437,1,19,0,-1,19,7,3,-1,0,0,0,0,0,0,0,1,-1,1,1,51,8,-1,-1,-1,MERCEDES SPRINTER,3,E01011717,0,1
2024461477586,2024,461477586,2,19,0,-1,3,1,5,-1,0,0,0,0,0,0,3,9,-1,1,1,31,6,2143,2,10,MERCEDES SPRINTER,6,E01008250,0,5
2024010525620,2024,010525620,1,19,0,3,3,9,9,99,99,9,9,99,9,99,2,9,2,2,1,42,7,2143,2,5,MERCEDES SPRINTER,6,E01001258,0,2
2024231403491,2024,231403491,1,19,0,-1,19,5,1,-1,0,6,5,0,0,0,4,9,-1,1,1,22,5,1950,2,2,MERCEDES SPRINTER,9,E01032297,0,4
2024421405934,2024,421405934,1,19,0,-1,19,1,5,-1,0,0,5,11,7,0,1,1,-1,1,1,29,6,1950,2,2,MERCEDES SPRINTER,5,E01021868,0,4
2024141458986,2024,141458986,1,19,0,-1,12,1,1,-1,0,0,0,0,0,0,3,1,-1,6,3,-1,-1,1950,2,2,MERCEDES SPRINTER,-1,-1,0,-1
2024991410798,2024,991410798,1,20,0,-1,9,6,4,-1,0,6,0,0,0,0,1,1,-1,9,1,27,6,-1,-1,-1,MERCEDES SPRINTER,10,-1,0,1
2024231413576,2024,231413576,2,19,0,-1,19,5,8,-1,0,0,0,0,0,0,1,9,-1,2,3,40,7,2143,2,12,MERCEDES SPRINTER,-1,-1,0,-1
2024010521844,2024,010521844,1,19,0,7,7,1,3,0,0,5,0,0,0,0,4,1,1,1,1,46,8,2143,2,4,MERCEDES SPRINTER,9,E01020450,0,5
2024401489448,2024,401489448,2,19,0,-1,19,5,1,-1,0,0,0,0,0,0,2,1,-1,1,1,37,7,2143,2,4,MERCEDES SPRINTER,6,E01009778,0,5
2024361425665,2024,361425665,2,19,0,-1,2,0,0,-1,0,0,0,0,0,0,2,1,-1,1,1,62,9,1950,2,2,MERCEDES SPRINTER,6,E01026722,0,4
2024010523789,2024,010523789,2,19,9,18,19,5,1,0,0,9,9,99,0,0,9,9,6,6,1,-1,-1,1950,2,4,MERCEDES SPRINTER,2,E01003181,0,2
2024010546000,2024,010546000,1,19,0,3,3,3,7,0,0,8,0,4,0,0,2,1,1,1,1,49,8,-1,-1,-1,MERCEDES SPRINTER,4,E01028841,0,5
2024201398249,2024,201398249,1,19,0,-1,15,8,4,-1,0,0,0,0,0,0,4,9,-1,1,3,30,6,2143,2,11,MERCEDES SPRINTER,-1,-1,0,-1
2024501458804,2024,501458804,2,19,0,-1,19,1,5,-1,0,0,0,0,0,0,3,1,-1,9,1,43,7,1950,2,0,MERCEDES SPRINTER,5,E01019972,0,4
2024461485269,2024,461485269,1,19,0,-1,15,4,2,-1,0,3,1,0,0,0,1,9,-1,6,1,52,8,1950,2,3,MERCEDES SPRINTER,6,E01002374,0,2
2024461464375,2024,461464375,1,19,0,-1,19,3,7,-1,0,0,0,0,0,0,1,1,-1,6,1,33,6,2143,2,9,MERCEDES SPRINTER,4,E01015958,0,4
2024421407843,2024,421407843,2,19,0,-1,19,1,3,-1,0,0,0,0,0,0,1,2,-1,1,1,28,6,2143,2,4,MERCEDES SPRINTER,8,E01021916,0,3
2024101504292,2024,101504292,1,19,0,-1,19,1,5,-1,0,0,0,0,0,0,4,9,-1,6,3,44,7,2143,2,11,MERCEDES SPRINTER,-1,-1,0,-1
2024631510765,2024,631510765,2,19,4,-1,4,2,8,-1,0,8,0,0,0,0,0,1,-1,1,2,28,6,2143,2,3,MERCEDES SPRINTER,2,W01000483,0,1
2024131468980,2024,131468980,1,19,0,-1,19,5,1,-1,0,1,0,0,0,0,2,1,-1,2,1,35,6,2143,2,5,MERCEDES SPRINTER,8,E01007380,0,2
2024421520564,2024,421520564,1,19,5,-1,7,5,1,-1,0,0,0,7,0,0,1,1,-1,2,1,35,6,1950,2,3,MERCEDES SPRINTER,5,E01015972,0,1
2024631440900,2024,631440900,1,19,4,-1,9,6,4,-1,0,5,0,0,0,0,4,1,-1,1,1,47,8,2148,2,17,MERCEDES SPRINTER,4,W01000617,0,1
2024061417845,2024,061417845,1,19,0,-1,1,3,7,-1,0,0,0,0,0,0,2,1,-1,1,1,25,5,-1,3,4,MERCEDES SPRINTER,6,E01005345,0,3
2024520402556,2024,520402556,1,19,0,1,1,0,0,9,9,2,0,0,0,0,2,1,6,6,3,-1,-1,1950,2,3,MERCEDES SPRINTER,-1,-1,0,-1
2024201421713,2024,201421713,3,19,0,-1,9,1,6,-1,0,5,0,0,0,0,1,1,-1,6,1,48,8,2143,2,10,MERCEDES SPRINTER,1,E01009507,0,1
2024010502898,2024,010502898,2,19,0,5,5,1,5,0,0,1,0,0,0,0,4,1,1,1,1,50,8,2143,2,12,MERCEDES SPRINTER,3,E01004400,0,2
2024101404522,2024,101404522,2,19,0,-1,5,1,5,-1,0,0,0,0,1,0,3,1,-1,6,1,32,6,2148,2,18,MERCEDES SPRINTER,4,E01020636,0,2
2024070741384,2024,070741384,1,20,0,-1,1,4,8,-1,0,8,0,0,0,0,2,1,-1,1,1,53,8,2143,2,13,MERCEDES SPRINTER,4,E01032931,0,3
2024401482117,2024,401482117,1,19,0,-1,19,-1,-1,-1,0,2,-1,-1,-1,0,1,1,-1,6,3,-1,-1,2143,2,13,MERCEDES SPRINTER,-1,-1,0,-1
2024010544572,2024,010544572,1,20,9,99,99,9,9,99,99,9,9,99,9,99,9,9,6,6,3,44,7,-1,-1,-1,MERCEDES SPRINTER,9,E01030976,0,4
2024371487426,2024,371487426,1,20,0,-1,19,7,3,-1,0,0,0,0,0,0,1,1,-1,6,1,48,8,2143,2,6,MERCEDES SPRINTER,3,E01029938,0,1
2024010538184,2024,010538184,2,19,0,5,5,3,7,0,0,0,0,0,0,0,3,1,1,1,1,44,7,2143,2,6,MERCEDES SPRINTER,2,E01000602,0,2
2024231506739,2024,231506739,2,19,0,-1,19,2,6,-1,0,8,0,0,0,0,3,1,-1,2,1,41,7,2143,2,6,MERCEDES SPRINTER,5,E01031242,0,3
2024041458874,2024,041458874,2,19,0,-1,19,3,7,-1,1,8,0,0,0,0,3,1,-1,1,1,23,5,2143,2,8,MERCEDES SPRINTER,3,E01009597,0,5
2024471414766,2024,471414766,1,19,0,-1,19,5,1,-1,0,0,1,11,0,0,1,1,-1,1,1,51,8,2143,2,5,MERCEDES SPRINTER,10,E01035350,0,4
2024010516619,2024,010516619,1,19,0,18,19,3,7,0,0,0,0,0,0,0,3,1,1,1,1,59,9,2143,2,6,MERCEDES SPRINTER,8,E01002239,0,3
2024481561236,2024,481561236,1,19,0,-1,1,5,1,-1,0,0,0,0,0,0,2,1,-1,1,1,35,6,1950,2,1,MERCEDES SPRINTER,-1,-1,0,-1
2024010519757,2024,010519757,2,19,0,2,2,0,0,0,0,0,0,0,0,0,2,1,6,6,3,-1,-1,2151,2,21,MERCEDES SPRINTER,-1,-1,0,-1
2024131405029,2024,131405029,1,19,0,-1,9,5,2,-1,0,5,0,0,0,0,1,1,-1,1,1,42,7,2143,2,10,MERCEDES SPRINTER,9,E01010334,0,5
2024401492796,2024,401492796,3,19,0,-1,19,1,5,-1,0,0,0,0,0,0,1,1,-1,6,1,31,6,2143,2,6,MERCEDES SPRINTER,10,E01017442,0,3
2024991510927,2024,991510927,2,19,0,-1,2,0,0,-1,0,0,0,0,0,0,3,1,-1,6,-1,-1,-1,2143,2,6,MERCEDES SPRINTER,-1,-1,0,-1
202460Q177611,2024,60Q177611,2,19,0,18,19,4,2,0,0,4,0,0,0,0,1,1,6,6,1,32,6,2143,2,8,MERCEDES SPRINTER,-1,-1,0,-1
2024430621517,2024,430621517,1,19,0,9,9,1,7,0,0,2,0,0,0,0,1,1,1,1,1,50,8,1950,2,2,MERCEDES SPRINTER,9,E01016258,0,4
2024010511707,2024,010511707,1,19,0,4,4,1,5,0,0,1,0,0,0,0,2,1,1,1,1,24,5,2143,2,5,MERCEDES SPRINTER,2,E01021314,0,4
2024440515281,2024,440515281,1,19,0,18,19,1,5,0,0,8,0,0,0,0,4,1,1,1,1,48,8,1950,2,0,MERCEDES SPRINTER,7,E01028496,0,4
2024201460617,2024,201460617,1,19,0,-1,19,4,2,-1,0,6,0,7,0,0,1,1,-1,6,1,35,6,2143,2,4,MERCEDES SPRINTER,2,E01010101,0,1
2024522402368,2024,522402368,2,19,0,1,1,8,4,0,0,1,0,0,0,0,2,1,6,6,3,-1,-1,2143,2,9,MERCEDES SPRINTER,-1,-1,0,-1
2024320518332,2024,320518332,1,19,0,-1,-1,7,3,0,0,1,1,0,7,0,1,1,6,6,1,32,6,2143,2,11,MERCEDES SPRINTER,-1,-1,0,-1
2024201497920,2024,201497920,2,19,0,-1,19,4,8,-1,0,0,0,0,0,0,1,1,-1,6,1,32,6,2143,2,9,MERCEDES SPRINTER,4,E01034744,0,1
2024440208123,2024,440208123,1,19,0,18,19,1,5,0,0,2,0,0,7,9,3,1,1,1,1,28,6,1950,2,2,MERCEDES SPRINTER,1,E01014593,0,4
2024991531911,2024,991531911,2,19,0,-1,19,6,2,-1,-1,1,0,4,0,0,1,1,-1,6,1,42,7,1950,2,2,MERCEDES SPRINTER,5,-1,0,3
2024141493514,2024,141493514,1,10,0,-1,19,8,4,-1,0,0,0,0,0,0,0,1,-1,9,2,62,9,2143,2,4,MERCEDES SPRINTER,3,E01008016,0,1
2024440026938,2024,440026938,1,19,0,9,9,4,2,0,0,8,0,0,0,0,3,1,1,1,1,58,9,2143,2,8,MERCEDES SPRINTER,4,E01017135,0,4
2024111498935,2024,111498935,1,19,0,-1,1,1,5,-1,0,0,0,0,0,0,0,1,-1,6,1,52,8,2143,2,9,MERCEDES SPRINTER,4,E01008384,0,3
2024430003970,2024,430003970,1,19,0,18,19,8,4,0,0,0,0,0,7,4,1,1,1,1,1,43,7,2143,2,5,MERCEDES SPRINTER,9,E01028724,0,3
2024471405624,2024,471405624,1,19,0,-1,9,6,4,-1,0,6,0,0,0,0,1,1,-1,1,1,32,6,2143,2,5,MERCEDES SPRINTER,4,W01000332,0,5
2024311518938,2024,311518938,1,19,0,-1,19,5,5,-1,0,1,0,0,0,0,1,1,-1,1,1,57,9,1950,2,2,MERCEDES SPRINTER,3,E01007538,0,4
2024061525678,2024,061525678,2,19,0,-1,19,5,5,-1,0,1,2,0,3,2,1,1,-1,2,1,32,6,2143,2,8,MERCEDES SPRINTER,2,E01005431,0,1
2024131471681,2024,131471681,1,11,0,-1,5,3,7,-1,0,6,0,0,0,0,1,1,-1,1,1,60,9,2143,2,3,MERCEDES SPRINTER,7,E01010881,0,3
2024351476074,2024,351476074,1,19,-1,-1,5,-1,-1,-1,0,0,-1,-1,-1,0,3,9,-1,6,3,-1,-1,2143,2,8,MERCEDES SPRINTER,-1,-1,0,-1
2024501515044,2024,501515044,1,19,0,-1,2,0,0,-1,0,0,0,0,0,0,2,1,-1,6,-1,-1,-1,2143,2,4,MERCEDES SPRINTER,-1,-1,0,-1
2024010522352,2024,010522352,1,19,0,9,9,2,8,0,0,8,0,0,0,0,1,1,1,1,1,46,8,1950,2,2,MERCEDES SPRINTER,3,E01000955,0,2
2024430057203,2024,430057203,1,19,0,18,19,1,5,0,0,0,0,0,5,6,1,1,1,1,1,30,6,1950,2,1,MERCEDES SPRINTER,2,E01001364,0,4
2024010524372,2024,010524372,2,19,3,4,4,3,7,0,0,0,0,0,0,0,2,1,1,1,1,23,5,1950,2,0,MERCEDES SPRINTER,3,E01000955,0,2
2024231490536,2024,231490536,1,19,0,-1,1,2,2,-1,0,1,0,0,0,0,2,9,-1,6,1,35,6,2143,2,10,MERCEDES SPRINTER,-1,-1,0,-1
2024991534459,2024,991534459,1,19,0,-1,19,3,7,-1,0,1,0,0,0,0,1,1,-1,1,1,39,7,1950,2,3,MERCEDES SPRINTER,9,-1,0,3
2024201488546,2024,201488546,2,19,0,-1,10,2,8,-1,0,8,0,0,0,0,1,1,-1,2,1,25,5,2143,2,5,MERCEDES SPRINTER,-1,-1,0,-1
2024010532031,2024,010532031,1,19,0,6,6,1,1,0,0,0,0,0,0,0,3,1,2,2,1,21,5,-1,3,3,MERCEDES SPRINTER,4,E01002241,0,3
2024010539801,2024,010539801,2,19,0,99,99,9,9,99,99,9,9,99,9,99,9,9,6,6,3,-1,-1,2143,2,6,MERCEDES SPRINTER,-1,-1,0,-1
2024461479240,2024,461479240,6,19,0,-1,3,7,3,-1,0,2,0,0,0,0,2,1,-1,6,1,69,10,1950,2,2,MERCEDES SPRINTER,5,E01024704,0,2
2024471399573,2024,471399573,1,19,0,-1,19,2,6,-1,0,0,1,0,0,0,1,1,-1,1,1,46,8,2143,2,12,MERCEDES SPRINTER,1,E01031427,0,1
2024031401862,2024,031401862,1,20,0,-1,19,5,1,-1,0,0,2,7,1,0,1,1,-1,2,1,63,9,-1,-1,-1,MERCEDES SPRINTER,4,E01005877,0,5
2024421465094,2024,421465094,2,19,0,-1,19,6,2,-1,0,1,0,0,0,0,4,1,-1,1,1,52,8,1950,2,3,MERCEDES SPRINTER,8,E01029917,0,4
2024041436485,2024,041436485,1,19,0,-1,7,3,7,-1,0,1,0,0,0,0,4,1,-1,1,1,25,5,-1,3,4,MERCEDES SPRINTER,3,E01025308,0,1
2024052402390,2024,052402390,2,19,0,18,19,1,5,0,0,8,0,0,1,10,1,1,6,6,2,67,10,2143,2,13,MERCEDES SPRINTER,1,E01007087,0,1
2024471503664,2024,471503664,1,19,0,-1,19,5,1,-1,0,1,1,0,0,0,1,1,-1,1,1,32,6,2143,2,3,MERCEDES SPRINTER,7,E01032737,0,4
2024549613024,2024,549613024,1,19,0,18,19,3,7,0,0,0,0,0,0,0,1,1,6,6,1,43,7,2143,2,7,MERCEDES SPRINTER,-1,-1,0,-1
2024010551293,2024,010551293,2,19,0,4,4,5,1,0,0,2,0,0,1,0,0,1,6,6,1,40,7,2987,2,5,MERCEDES SPRINTER,2,E01003092,0,1
2024371510468,2024,371510468,2,19,0,-1,19,8,4,-1,0,8,0,0,0,0,4,1,-1,9,2,77,11,2143,2,12,MERCEDES SPRINTER,6,E01026872,0,4
2024440516628,2024,440516628,2,19,0,18,19,3,7,0,0,0,0,0,0,0,4,1,1,1,1,61,9,2143,2,12,MERCEDES SPRINTER,-1,-1,0,-1
2024221441872,2024,221441872,2,19,0,-1,19,6,4,-1,0,0,0,0,0,0,3,1,-1,6,1,24,5,2143,2,5,MERCEDES SPRINTER,4,E01009824,0,4
2024481561247,2024,481561247,1,19,0,-1,19,3,7,-1,0,0,0,0,0,0,4,1,-1,1,1,46,8,2143,2,6,MERCEDES SPRINTER,-1,-1,0,-1
2024361408243,2024,361408243,2,19,0,-1,2,8,3,-1,-1,2,0,4,0,0,2,9,-1,6,-1,-1,-1,2143,2,4,MERCEDES SPRINTER,-1,-1,0,-1
2024010500715,2024,010500715,2,19,0,99,99,9,9,99,99,9,9,99,9,99,1,9,6,6,3,-1,-1,2143,2,14,MERCEDES SPRINTER,3,E01001546,0,2
2024631440954,2024,631440954,2,90,0,-1,2,0,0,-1,0,2,0,0,0,0,2,1,-1,6,2,25,5,1950,2,1,MERCEDES SPRINTER,2,W01000454,0,1
2024131444008,2024,131444008,1,19,0,-1,19,1,5,-1,0,1,0,0,0,0,1,1,-1,6,3,-1,-1,2143,2,6,MERCEDES SPRINTER,-1,-1,0,-1
2024440164220,2024,440164220,1,19,0,18,19,3,7,0,0,4,0,0,0,0,3,1,1,1,1,37,7,2143,2,6,MERCEDES SPRINTER,4,E01023260,0,3
2024161456759,2024,161456759,1,19,0,-1,19,2,6,-1,0,0,0,0,0,0,4,9,-1,1,3,-1,-1,2143,2,2,MERCEDES SPRINTER,-1,-1,0,-1
2024010501990,2024,010501990,1,19,0,7,7,3,5,0,0,8,0,0,0,0,4,1,1,1,1,20,4,2143,2,3,MERCEDES SPRINTER,3,E01033935,0,1
2024010543487,2024,010543487,2,20,0,7,7,2,5,0,0,0,5,0,0,0,4,1,1,1,1,53,8,1950,2,2,MERCEDES SPRINTER,7,E01000169,0,3