collision_index,collision_year,collision_ref_no,vehicle_reference,vehicle_type,towing_and_articulation,vehicle_manoeuvre_historic,vehicle_manoeuvre,vehicle_direction_from,vehicle_direction_to,vehicle_location_restricted_lane_historic,vehicle_location_restricted_lane,junction_location,skidding_and_overturning,hit_object_in_carriageway,vehicle_leaving_carriageway,hit_object_off_carriageway,first_point_of_impact,vehicle_left_hand_drive,journey_purpose_of_driver_historic,journey_purpose_of_driver,sex_of_driver,age_of_driver,age_band_of_driver,engine_capacity_cc,propulsion_code,age_of_vehicle,generic_make_model,driver_imd_decile,lsoa_of_driver,escooter_flag,driver_distance_banding
2024302401449,2024,302401449,2,19,0,18,19,5,1,0,0,0,0,0,0,0,2,1,6,6,1,61,9,2148,2,16,MERCEDES SPRINTER,4,E01019742,0,4
2024010545475,2024,010545475,2,19,0,99,99,9,9,99,99,0,9,99,9,99,1,9,6,6,3,44,7,2143,2,5,MERCEDES SPRINTER,4,E01002629,0,1
2024061442692,2024,061442692,1,19,0,-1,19,-1,-1,-1,0,0,0,0,0,0,4,1,-1,1,1,36,7,2148,2,16,MERCEDES SPRINTER,9,E01005786,0,4
2024361474291,2024,361474291,3,19,0,-1,19,7,3,-1,0,0,2,0,7,6,3,1,-1,9,1,56,9,2143,2,5,MERCEDES SPRINTER,5,E01026726,0,3
202454E494224,2024,54E494224,1,19,0,6,6,2,2,0,0,8,0,0,0,0,1,1,1,1,1,48,8,2143,2,6,MERCEDES SPRINTER,2,E01014685,0,4
2024361447834,2024,361447834,1,10,0,-1,-1,-1,-1,-1,-1,-1,-1,-1,-1,0,0,1,-1,1,2,59,9,2143,2,6,MERCEDES SPRINTER,3,E01018094,0,4
2024531503278,2024,531503278,1,19,0,-1,9,1,5,-1,0,8,0,0,0,0,1,1,-1,1,1,26,6,-1,3,3,MERCEDES SPRINTER,6,E01022410,0,1
2024111491128,2024,111491128,3,19,0,-1,19,1,5,-1,0,0,0,0,0,0,1,1,-1,1,1,28,6,2143,2,5,MERCEDES SPRINTER,3,E01020799,0,3
2024451408120,2024,451408120,2,19,0,-1,19,8,4,-1,0,8,0,0,0,0,1,1,-1,1,1,19,4,2143,2,3,MERCEDES SPRINTER,5,E01030787,0,2
2024991484851,2024,991484851,1,19,0,-1,19,3,6,-1,0,0,1,4,0,0,1,1,-1,1,1,38,7,1950,2,2,MERCEDES SPRINTER,4,-1,0,4
2024141527538,2024,141527538,1,19,0,-1,19,6,2,-1,0,0,0,4,0,0,1,1,-1,2,1,23,5,2143,2,4,MERCEDES SPRINTER,4,E01007584,0,1
2024010537018,2024,010537018,1,20,0,9,9,7,5,0,0,6,0,0,0,0,1,1,1,1,1,40,7,-1,-1,-1,MERCEDES SPRINTER,8,E01030479,0,4
2024371436302,2024,371436302,1,20,0,-1,19,1,5,-1,0,3,0,0,0,0,3,9,-1,6,1,58,9,2143,2,3,MERCEDES SPRINTER,5,E01026751,0,4
2024201499797,2024,201499797,2,19,0,-1,3,2,1,-1,0,1,0,0,0,0,1,1,-1,6,3,19,4,2148,2,17,MERCEDES SPRINTER,-1,-1,0,-1
2024010532428,2024,010532428,1,19,0,7,7,1,4,0,0,1,0,0,0,0,3,1,1,1,1,29,6,2143,2,4,MERCEDES SPRINTER,7,E01033454,0,5
2024461507717,2024,461507717,2,19,0,-1,19,3,7,-1,0,0,1,0,0,0,3,1,-1,1,1,18,4,2143,2,5,MERCEDES SPRINTER,8,E01024313,0,1
2024471488807,2024,471488807,3,19,0,-1,19,2,6,-1,0,0,0,0,0,0,4,1,-1,9,2,54,8,1950,2,1,MERCEDES SPRINTER,9,E01031356,0,4
2024991461411,2024,991461411,2,20,0,-1,19,3,7,-1,0,8,0,0,0,0,4,1,-1,1,1,37,7,1950,2,0,MERCEDES SPRINTER,1,-1,0,1
2024010516660,2024,010516660,2,19,9,99,99,9,9,99,99,9,9,99,9,99,9,9,6,6,3,-1,-1,2143,2,4,MERCEDES SPRINTER,-1,-1,0,-1
2024430013337,2024,430013337,1,19,0,14,14,3,7,0,0,0,0,0,0,0,1,1,6,6,1,44,7,2143,2,6,MERCEDES SPRINTER,3,E01015761,0,4
2024461404182,2024,461404182,2,19,0,-1,2,0,0,-1,0,0,0,0,0,0,3,9,-1,6,1,35,6,2143,2,5,MERCEDES SPRINTER,4,E01000402,0,3
2024461471174,2024,461471174,2,19,0,-1,3,1,5,-1,0,0,0,0,0,0,2,9,-1,1,1,31,6,1950,2,2,MERCEDES SPRINTER,1,E01024610,0,4
2024061449410,2024,061449410,1,20,0,-1,19,6,2,-1,0,1,0,0,0,0,2,1,-1,1,1,31,6,1950,2,3,MERCEDES SPRINTER,1,E01033669,0,2
2024440083472,2024,440083472,2,90,0,18,19,4,8,0,0,8,0,0,0,0,3,1,1,1,1,59,9,2987,2,13,MERCEDES SPRINTER,7,E01016340,0,4
2024061458892,2024,061458892,1,20,0,-1,19,6,1,-1,0,1,0,0,0,0,4,1,-1,1,1,35,6,-1,-1,-1,MERCEDES SPRINTER,1,E01034113,0,2
2024471466295,2024,471466295,2,19,0,-1,9,2,6,-1,0,0,0,0,0,0,3,1,-1,1,1,46,8,2143,2,5,MERCEDES SPRINTER,9,E01001020,0,4
2024010503771,2024,010503771,1,20,0,99,99,9,9,99,99,9,9,99,9,99,2,9,6,6,3,-1,-1,1950,2,3,MERCEDES SPRINTER,-1,-1,0,-1
2024351406896,2024,351406896,2,19,0,-1,19,6,2,-1,0,0,0,0,0,0,3,1,-1,1,2,61,9,1950,2,1,MERCEDES SPRINTER,8,E01017383,0,2
2024131482402,2024,131482402,2,19,0,-1,4,7,3,-1,0,1,0,0,0,0,0,1,-1,9,1,58,9,2143,2,10,MERCEDES SPRINTER,2,E01011814,0,1
2024211498905,2024,211498905,2,19,0,-1,19,5,1,-1,0,0,0,0,0,0,1,1,-1,1,1,57,9,1950,2,3,MERCEDES SPRINTER,-1,-1,0,-1
2024471442665,2024,471442665,1,19,0,-1,2,0,0,-1,0,0,0,0,0,0,2,1,-1,1,1,-1,-1,1950,2,2,MERCEDES SPRINTER,2,E01020911,0,4
2024461468869,2024,461468869,5,19,0,-1,19,8,4,-1,0,0,5,0,0,0,2,9,-1,1,1,60,9,2143,2,6,MERCEDES SPRINTER,1,E01016032,0,2
2024201423458,2024,201423458,2,19,0,-1,2,0,0,-1,0,2,0,4,0,0,2,1,-1,6,-1,-1,-1,1950,2,2,MERCEDES SPRINTER,-1,-1,0,-1
2024371523207,2024,371523207,1,19,0,-1,7,1,5,-1,0,6,0,0,0,0,1,1,-1,1,1,41,7,2143,2,4,MERCEDES SPRINTER,8,E01004130,0,5
2024451460204,2024,451460204,1,19,0,-1,19,7,3,-1,0,0,0,0,0,0,1,1,-1,1,1,27,6,2143,2,5,MERCEDES SPRINTER,4,E01001167,0,3
2024401435007,2024,401435007,1,20,0,-1,19,4,8,-1,0,0,0,0,0,0,1,1,-1,6,1,60,9,-1,-1,-1,MERCEDES SPRINTER,-1,-1,0,-1
2024010514497,2024,010514497,2,19,0,5,5,3,7,0,0,1,0,0,0,0,4,1,2,2,1,40,7,2148,2,15,MERCEDES SPRINTER,7,E01003657,0,3
2024010516762,2024,010516762,1,19,0,5,5,1,5,2,2,6,0,0,0,0,1,1,2,2,1,41,7,2143,2,6,MERCEDES SPRINTER,4,E01003333,0,3
2024010506590,2024,010506590,2,19,0,5,5,5,1,0,0,2,0,0,0,0,3,1,1,1,1,28,6,1950,2,3,MERCEDES SPRINTER,4,E01002015,0,4
2024010530581,2024,010530581,1,90,0,9,9,5,2,0,0,1,0,0,0,0,3,1,1,1,1,49,8,2987,2,4,MERCEDES SPRINTER,8,E01030576,0,4
2024440091771,2024,440091771,2,19,0,9,9,6,4,0,0,5,0,0,0,0,3,1,6,6,3,-1,-1,1950,2,3,MERCEDES SPRINTER,-1,-1,0,-1
2024010526012,2024,010526012,1,19,0,99,99,9,9,99,99,9,9,99,9,99,9,9,6,6,3,55,8,2987,2,4,MERCEDES SPRINTER,2,-1,0,5
2024010529789,2024,010529789,1,19,0,9,9,8,7,9,9,5,0,0,0,0,1,1,1,1,1,49,8,2143,2,7,MERCEDES SPRINTER,3,E01001508,0,3
2024131485117,2024,131485117,2,19,0,-1,7,8,8,-1,0,3,0,0,7,0,3,1,-1,1,1,39,7,1950,2,2,MERCEDES SPRINTER,3,E01033690,0,3
2024991482456,2024,991482456,1,19,0,-1,9,6,4,-1,0,6,0,0,0,0,3,1,-1,1,1,67,10,2143,2,4,MERCEDES SPRINTER,5,-1,0,4
2024010527861,2024,010527861,1,19,0,99,99,9,9,0,0,0,9,99,9,99,9,9,1,1,1,45,7,1950,2,2,MERCEDES SPRINTER,5,W01001551,0,5
2024501477169,2024,501477169,2,19,0,-1,19,1,5,-1,0,0,0,0,0,0,2,1,-1,1,1,60,9,2143,2,4,MERCEDES SPRINTER,7,E01020304,0,2
2024010507039,2024,010507039,2,19,0,5,5,1,5,0,0,8,1,0,0,0,1,1,6,6,1,19,4,-1,3,4,MERCEDES SPRINTER,2,E01033000,0,2
2024201483963,2024,201483963,1,19,0,-1,1,2,6,-1,0,6,0,4,0,0,2,1,-1,6,1,30,6,2143,2,9,MERCEDES SPRINTER,-1,-1,0,-1
2024201496669,2024,201496669,1,19,0,-1,19,1,5,-1,0,8,0,0,0,0,1,1,-1,6,1,41,7,2143,2,6,MERCEDES SPRINTER,1,E01010095,0,3
2024010543894,2024,010543894,2,19,0,99,99,9,9,99,99,9,9,99,9,99,1,9,6,6,1,48,8,1950,2,0,MERCEDES SPRINTER,5,E01023922,0,4
2024161409029,2024,161409029,2,19,0,-1,2,0,0,-1,0,0,0,0,0,0,2,1,-1,1,1,40,7,2143,2,10,MERCEDES SPRINTER,3,E01026415,0,4
2024440269611,2024,440269611,1,19,0,18,19,3,7,0,0,0,0,0,0,0,1,1,1,1,1,28,6,1950,2,2,MERCEDES SPRINTER,7,E01017144,0,4
2024010488547,2024,010488547,2,19,0,4,4,1,5,0,0,1,0,0,0,0,2,1,1,1,1,39,7,2143,2,9,MERCEDES SPRINTER,2,E01000627,0,2
2024522401207,2024,522401207,2,19,0,18,19,2,6,0,0,0,0,0,0,0,1,1,1,1,1,50,8,2143,2,8,MERCEDES SPRINTER,6,E01019933,0,4
2024010499907,2024,010499907,1,19,0,18,19,3,7,0,0,1,0,0,0,0,1,1,1,1,1,21,5,2143,2,4,MERCEDES SPRINTER,6,E01004347,0,1
2024010504838,2024,010504838,2,19,0,5,5,1,5,0,0,8,0,0,0,0,1,1,2,2,1,45,7,2143,2,5,MERCEDES SPRINTER,2,E01003783,0,1
2024061422638,2024,061422638,2,19,0,-1,9,7,4,-1,0,1,0,0,0,0,2,1,-1,1,1,61,9,2143,2,4,MERCEDES SPRINTER,-1,-1,0,-1
2024010551206,2024,010551206,1,19,0,18,19,7,3,0,0,0,1,0,0,0,0,1,2,2,1,45,7,1950,2,1,MERCEDES SPRINTER,4,E01001165,0,4
2024061396353,2024,061396353,1,19,4,-1,19,3,7,-1,0,0,0,0,0,0,1,1,-1,1,1,49,8,1950,2,3,MERCEDES SPRINTER,2,E01034108,0,4
2024501454976,2024,501454976,2,20,0,-1,19,3,7,-1,0,1,0,0,0,0,2,1,-1,1,1,56,9,1950,2,2,MERCEDES SPRINTER,6,E01020006,0,2
2024531479884,2024,531479884,2,19,0,-1,19,1,5,-1,0,0,5,0,0,0,1,1,-1,1,1,44,7,2143,2,5,MERCEDES SPRINTER,2,W01000914,0,4
2024010534385,2024,010534385,1,19,0,5,5,1,5,9,9,6,0,0,0,0,1,1,1,1,1,54,8,2143,2,6,MERCEDES SPRINTER,8,E01004053,0,3
2024421525062,2024,421525062,2,20,0,-1,19,2,2,-1,0,0,0,0,0,0,1,1,-1,1,1,55,8,-1,-1,-1,MERCEDES SPRINTER,8,E01000389,0,4
2024471526222,2024,471526222,1,19,0,-1,9,6,2,-1,0,1,0,0,0,0,1,1,-1,1,1,21,5,1950,2,0,MERCEDES SPRINTER,4,E01021177,0,4
2024320063494,2024,320063494,1,10,0,7,7,6,8,0,0,5,0,0,0,0,1,1,-1,-1,1,59,9,2143,2,3,MERCEDES SPRINTER,10,E01026206,0,2
2024070563285,2024,070563285,1,19,0,16,19,5,2,0,0,8,0,0,0,0,1,1,6,6,1,53,8,2148,2,16,MERCEDES SPRINTER,2,E01012425,0,1
2024471487339,2024,471487339,2,19,0,-1,12,8,4,-1,0,1,0,0,0,0,1,1,-1,6,1,21,5,2143,2,5,MERCEDES SPRINTER,10,E01031672,0,4
2024010516094,2024,010516094,1,19,0,9,9,5,2,0,0,8,0,0,0,0,1,1,1,1,1,26,6,2143,2,6,MERCEDES SPRINTER,-1,-1,0,-1
2024010519091,2024,010519091,3,19,0,2,2,0,0,0,0,2,0,0,0,0,2,1,6,6,3,-1,-1,2143,2,6,MERCEDES SPRINTER,-1,-1,0,-1
2024070016871,2024,070016871,1,20,0,9,9,5,3,0,0,1,0,0,0,0,3,1,1,1,1,35,6,1950,2,3,MERCEDES SPRINTER,2,E01018486,0,2
2024501457769,2024,501457769,4,19,0,-1,4,5,1,-1,0,0,0,0,0,0,2,1,-1,1,1,24,5,1950,2,0,MERCEDES SPRINTER,5,E01020230,0,3
2024461456446,2024,461456446,1,19,0,-1,19,2,4,-1,0,0,0,0,0,0,0,1,-1,6,1,22,5,2143,2,4,MERCEDES SPRINTER,8,E01032819,0,2
2024061442375,2024,061442375,2,10,-1,-1,-1,-1,-1,-1,-1,-1,-1,-1,-1,0,-1,9,-1,6,3,-1,-1,2143,2,7,MERCEDES SPRINTER,-1,-1,0,-1
2024451512914,2024,451512914,2,19,0,-1,9,7,5,-1,0,3,0,0,0,0,4,1,-1,1,1,33,6,2143,2,4,MERCEDES SPRINTER,7,E01030465,0,4
2024340WN2302,2024,340WN2302,1,19,0,-1,9,8,4,-1,0,6,0,0,0,0,1,1,-1,1,1,40,7,2143,2,4,MERCEDES SPRINTER,4,E01009035,0,4
2024461487855,2024,461487855,2,19,0,-1,19,3,7,-1,0,0,0,0,0,0,1,9,-1,1,1,38,7,1950,2,1,MERCEDES SPRINTER,3,E01024166,0,1
2024010514184,2024,010514184,2,19,0,99,99,9,9,99,99,9,9,99,9,99,1,9,6,6,3,-1,-1,2143,2,15,MERCEDES SPRINTER,-1,-1,0,-1
2024201544799,2024,201544799,2,19,0,-1,7,8,4,-1,0,0,0,0,0,0,1,1,-1,1,1,31,6,2143,2,8,MERCEDES SPRINTER,2,E01010310,0,2
2024430291461,2024,430291461,2,19,0,18,19,2,6,0,0,4,1,0,7,1,1,1,6,6,1,-1,-1,2143,2,10,MERCEDES SPRINTER,-1,-1,0,-1
2024471490831,2024,471490831,1,19,0,-1,19,5,1,-1,0,0,2,0,1,0,1,1,-1,2,1,42,7,2143,2,6,MERCEDES SPRINTER,5,E01034817,0,3
2024440137756,2024,440137756,1,90,0,9,9,8,6,0,0,6,0,0,0,0,3,1,1,1,1,59,9,2987,2,6,MERCEDES SPRINTER,10,E01032097,0,4
2024010534491,2024,010534491,1,19,0,2,2,0,0,0,0,0,0,0,0,0,2,1,6,6,3,-1,-1,2143,2,4,MERCEDES SPRINTER,-1,-1,0,-1
2024411411907,2024,411411907,1,19,-1,-1,7,3,5,-1,0,4,0,0,0,0,1,1,-1,6,1,28,6,2143,2,6,MERCEDES SPRINTER,2,E01002099,0,4
2024031433982,2024,031433982,1,19,0,-1,19,7,4,-1,0,0,0,0,3,0,1,9,-1,1,1,42,7,2143,2,8,MERCEDES SPRINTER,-1,-1,0,-1
2024320475161,2024,320475161,2,19,0,4,4,6,2,0,0,0,0,0,0,0,2,1,1,1,1,59,9,1950,2,2,MERCEDES SPRINTER,9,E01005418,0,5
2024351469671,2024,351469671,1,19,0,-1,19,3,7,-1,0,0,0,0,0,0,1,1,-1,1,1,34,6,2143,2,8,MERCEDES SPRINTER,7,E01016764,0,4
2024221507584,2024,221507584,1,19,0,-1,19,1,5,-1,0,4,0,0,0,0,1,9,-1,6,1,38,7,2143,2,9,MERCEDES SPRINTER,-1,-1,0,-1
2024430532738,2024,430532738,2,19,0,18,19,7,3,0,0,0,0,0,0,0,1,1,1,1,1,37,7,2143,2,5,MERCEDES SPRINTER,9,E01032069,0,4
2024471533400,2024,471533400,1,19,0,-1,19,-1,-1,-1,0,1,1,0,0,0,3,1,-1,1,1,27,6,2143,2,7,MERCEDES SPRINTER,2,E01001052,0,4
2024340NN1452,2024,340NN1452,1,19,0,-1,19,1,5,-1,0,0,1,0,0,0,1,1,-1,1,1,37,7,2143,2,7,MERCEDES SPRINTER,1,E01027131,0,3
2024010544007,2024,010544007,1,90,0,18,19,1,5,0,0,2,0,0,0,0,4,1,1,1,1,24,5,2987,2,4,MERCEDES SPRINTER,3,E01003056,0,2
2024211403552,2024,211403552,2,19,0,-1,19,8,4,-1,0,0,0,0,0,0,1,9,-1,6,1,70,10,2143,2,5,MERCEDES SPRINTER,5,E01031016,0,4
2024991502725,2024,991502725,1,19,0,-1,19,8,4,-1,0,6,0,0,0,0,1,1,-1,1,1,53,8,2143,2,3,MERCEDES SPRINTER,4,-1,0,4
2024351425661,2024,351425661,1,19,0,-1,4,7,3,-1,0,1,0,0,0,0,4,9,-1,6,3,62,9,2143,2,7,MERCEDES SPRINTER,3,E01003689,0,5
2024631415721,2024,631415721,1,19,4,-1,19,4,7,-1,0,0,1,0,8,10,1,1,-1,9,1,20,4,1950,2,3,MERCEDES SPRINTER,6,W01000487,0,4
2024522403427,2024,522403427,1,19,0,18,19,4,8,0,0,0,0,0,0,0,1,1,6,6,1,20,4,2143,2,6,MERCEDES SPRINTER,5,E01000476,0,5
2024231482211,2024,231482211,1,20,0,-1,5,8,4,-1,-1,0,0,0,0,0,4,9,-1,6,1,28,6,-1,-1,-1,MERCEDES SPRINTER,2,E01010019,0,4
2024311499821,2024,311499821,2,19,0,-1,19,1,5,-1,0,0,0,4,0,0,1,1,-1,1,1,27,6,2143,2,6,MERCEDES SPRINTER,5,E01013700,0,4
2024522403397,2024,522403397,2,19,0,1,1,3,7,0,0,0,0,0,0,0,2,1,6,6,3,-1,-1,2143,2,7,MERCEDES SPRINTER,-1,-1,0,-1
2024461522570,2024,461522570,2,19,0,-1,4,6,5,-1,0,0,1,0,0,0,1,1,-1,9,1,37,7,2143,2,11,MERCEDES SPRINTER,6,E01016056,0,4
2024421421822,2024,421421822,1,19,0,-1,9,2,8,-1,0,2,0,0,0,0,3,1,-1,1,1,53,8,2143,2,11,MERCEDES SPRINTER,8,E01021604,0,3
2024141420699,2024,141420699,1,19,0,-1,15,6,2,-1,0,0,0,0,0,0,3,1,-1,6,1,55,8,1950,2,3,MERCEDES SPRINTER,7,E01019770,0,3
2024622400438,2024,622400438,2,19,0,18,19,2,6,0,0,1,0,0,0,0,1,1,1,1,1,60,9,2143,2,8,MERCEDES SPRINTER,2,W01001973,0,4
2024010532211,2024,010532211,4,19,0,2,2,0,0,9,9,1,0,0,0,0,3,1,6,6,3,-1,-1,2143,2,5,MERCEDES SPRINTER,-1,-1,0,-1
2024311543634,2024,311543634,1,19,0,-1,19,2,6,-1,0,0,0,0,0,0,1,1,-1,1,2,39,7,2143,2,6,MERCEDES SPRINTER,-1,-1,0,-1
2024041444872,2024,041444872,2,19,0,-1,5,7,3,-1,0,8,0,0,1,2,2,1,-1,9,1,31,6,2143,2,10,MERCEDES SPRINTER,7,W01000497,0,5
2024131439110,2024,131439110,2,19,0,-1,3,0,0,-1,0,1,0,0,0,0,2,1,-1,1,1,35,6,2143,2,5,MERCEDES SPRINTER,4,E01011208,0,3
2024340WN4012,2024,340WN4012,2,19,0,-1,19,7,3,-1,0,8,0,0,0,0,1,1,-1,1,1,22,5,1950,2,1,MERCEDES SPRINTER,10,E01033055,0,4
2024010548694,2024,010548694,1,19,0,7,7,7,1,0,0,1,0,0,0,0,1,1,1,1,1,26,6,-1,3,3,MERCEDES SPRINTER,8,E01002148,0,3
2024440325209,2024,440325209,1,19,0,14,14,7,3,0,0,2,0,0,0,0,1,1,1,1,1,51,8,2143,2,11,MERCEDES SPRINTER,5,E01017203,0,4
2024461496682,2024,461496682,1,19,0,-1,1,6,2,-1,0,6,0,0,0,0,2,1,-1,1,1,29,6,2143,2,14,MERCEDES SPRINTER,3,E01016114,0,4
2024231425430,2024,231425430,1,19,0,-1,19,6,2,-1,0,0,0,0,1,0,1,1,-1,1,1,31,6,2143,2,7,MERCEDES SPRINTER,4,E01027012,0,3
2024010505210,2024,010505210,2,19,0,18,19,7,3,0,0,0,2,0,0,0,2,1,1,1,1,47,8,2143,2,7,MERCEDES SPRINTER,7,E01003738,0,2
2024010549736,2024,010549736,4,10,0,-1,-1,5,1,0,0,8,0,0,0,0,4,1,1,1,1,63,9,2143,2,3,MERCEDES SPRINTER,6,E01003742,0,1
2024010500307,2024,010500307,1,19,0,16,19,5,1,0,0,3,5,0,1,0,4,1,1,1,1,50,8,2143,2,7,MERCEDES SPRINTER,6,E01002221,0,2
2024010530110,2024,010530110,2,19,3,99,99,9,9,99,99,9,9,99,9,99,9,9,6,6,1,42,7,1950,2,3,MERCEDES SPRINTER,6,E01034467,0,4
2024552400822,2024,552400822,2,19,0,18,19,7,3,0,0,0,0,0,0,0,2,1,2,2,1,24,5,2143,2,6,MERCEDES SPRINTER,6,E01032728,0,5
2024010545217,2024,010545217,2,19,0,99,99,9,9,99,99,9,9,99,9,99,0,9,6,6,3,-1,-1,2143,2,5,MERCEDES SPRINTER,-1,-1,0,-1
2024549183024,2024,549183024,2,19,0,2,2,0,0,0,0,0,0,0,0,0,2,1,1,1,3,-1,-1,2143,2,4,MERCEDES SPRINTER,-1,-1,0,-1
2024461463553,2024,461463553,3,19,0,-1,19,3,7,-1,0,0,0,0,0,0,2,9,-1,1,1,53,8,2143,2,3,MERCEDES SPRINTER,-1,-1,0,-1
2024010516065,2024,010516065,1,19,0,99,99,9,9,99,99,9,9,99,9,99,1,9,6,6,1,64,9,2143,2,8,MERCEDES SPRINTER,7,E01001049,0,3
2024340NN2642,2024,340NN2642,2,19,0,-1,4,7,3,-1,0,0,0,0,0,0,2,1,-1,9,1,60,9,2143,2,4,MERCEDES SPRINTER,8,E01035416,0,3
2024332400310,2024,332400310,1,19,0,-1,7,3,7,-1,0,3,0,0,0,0,3,1,-1,1,1,61,9,2143,2,5,MERCEDES SPRINTER,6,E01025659,0,2
2024332400694,2024,332400694,2,19,0,-1,9,3,1,-1,0,5,0,0,0,0,2,1,-1,1,1,25,5,1950,2,0,MERCEDES SPRINTER,1,E01009202,0,4
2024211543129,2024,211543129,1,20,0,-1,3,1,5,-1,0,1,0,0,0,0,1,1,-1,1,1,60,9,-1,-1,-1,MERCEDES SPRINTER,-1,-1,0,-1
2024231518545,2024,231518545,1,21,1,-1,12,8,4,-1,0,0,0,0,0,0,0,9,-1,6,1,60,9,2143,2,5,MERCEDES SPRINTER,3,E01007357,0,5
2024411460838,2024,411460838,4,10,0,-1,8,1,3,-1,0,2,0,0,0,0,3,1,-1,1,1,49,8,-1,-1,-1,MERCEDES SPRINTER,3,E01001547,0,3
2024471401887,2024,471401887,1,19,0,-1,19,5,1,-1,0,0,0,4,0,0,1,1,-1,1,1,26,6,2143,2,3,MERCEDES SPRINTER,4,E01021076,0,2
2024501429064,2024,501429064,3,19,0,-1,2,0,0,-1,0,1,1,0,0,0,2,9,-1,6,-1,-1,-1,2148,2,16,MERCEDES SPRINTER,-1,-1,0,-1
2024471405692,2024,471405692,2,19,0,-1,19,2,6,-1,0,0,0,0,0,0,1,1,-1,1,1,48,8,2143,2,5,MERCEDES SPRINTER,7,E01024794,0,4
2024101461403,2024,101461403,1,19,0,-1,19,8,4,-1,0,0,0,0,0,0,1,1,-1,1,1,51,8,2143,2,4,MERCEDES SPRINTER,4,E01008514,0,1
2024201451895,2024,201451895,2,19,0,-1,2,0,0,-1,0,2,0,0,0,0,2,1,-1,6,1,39,7,2143,2,5,MERCEDES SPRINTER,2,E01009988,0,1
2024471524907,2024,471524907,1,19,0,-1,2,0,0,-1,9,2,0,0,0,0,3,1,-1,6,-1,-1,-1,2143,2,10,MERCEDES SPRINTER,-1,-1,0,-1
2024010504911,2024,010504911,2,19,0,18,19,5,1,0,0,8,0,0,0,0,1,1,2,2,1,23,5,2143,2,4,MERCEDES SPRINTER,4,E01002631,0,1
2024421506807,2024,421506807,1,19,0,-1,4,1,5,-1,0,1,0,0,0,0,1,1,-1,6,1,-1,-1,2143,2,13,MERCEDES SPRINTER,-1,-1,0,-1
2024010516661,2024,010516661,1,19,0,9,9,7,5,0,0,6,0,0,1,0,1,1,1,1,1,22,5,2143,2,4,MERCEDES SPRINTER,3,E01003164,0,2
2024481564141,2024,481564141,1,19,0,-1,7,5,1,-1,0,8,0,0,0,0,1,1,-1,6,1,40,7,2143,2,5,MERCEDES SPRINTER,-1,-1,0,-1
2024430330721,2024,430330721,1,19,0,18,19,8,4,0,0,1,1,0,0,0,1,1,1,1,1,33,6,2143,2,7,MERCEDES SPRINTER,7,E01015487,0,3
2024201467284,2024,201467284,2,19,0,-1,9,4,2,-1,0,5,0,0,0,0,3,1,-1,1,1,36,7,1950,2,2,MERCEDES SPRINTER,6,E01010358,0,1
2024451493024,2024,451493024,1,19,0,-1,19,8,4,-1,0,0,0,0,0,0,2,1,-1,1,1,47,8,1950,2,1,MERCEDES SPRINTER,7,E01023131,0,4
2024010514408,2024,010514408,1,19,0,18,19,3,7,0,0,1,0,0,0,0,0,1,1,1,1,45,7,2143,2,6,MERCEDES SPRINTER,7,E01002423,0,4
2024221522112,2024,221522112,2,19,0,-1,19,1,4,-1,0,2,0,0,1,0,1,9,-1,1,1,72,10,2143,2,5,MERCEDES SPRINTER,7,E01032249,0,3
2024520500180,2024,520500180,2,19,0,18,19,6,2,0,0,8,0,0,0,0,1,1,6,6,1,21,5,1950,2,1,MERCEDES SPRINTER,4,E01026019,0,5
2024461527930,2024,461527930,1,19,0,-1,19,5,1,-1,0,8,0,0,7,1,4,1,-1,1,1,57,9,1950,2,2,MERCEDES SPRINTER,6,E01024736,0,3
2024131413696,2024,131413696,2,10,0,-1,19,3,3,-1,0,1,0,0,0,0,0,1,-1,1,2,50,8,2143,2,5,MERCEDES SPRINTER,1,E01010850,0,2
2024052402719,2024,052402719,1,19,0,18,19,6,2,0,0,8,0,0,0,0,4,1,1,1,1,28,6,2143,2,9,MERCEDES SPRINTER,1,E01010627,0,4
2024991399735,2024,991399735,2,19,0,-1,19,5,8,-1,0,0,2,0,0,0,2,1,-1,1,1,57,9,2143,2,5,MERCEDES SPRINTER,-1,-1,0,-1
2024041429792,2024,041429792,1,19,0,-1,4,5,1,-1,0,0,0,0,1,11,1,1,-1,1,1,24,5,2143,2,7,MERCEDES SPRINTER,3,E01033072,0,2
2024231522040,2024,231522040,1,20,0,-1,2,0,0,-1,0,2,0,0,1,0,3,9,-1,6,1,27,6,-1,-1,-1,MERCEDES SPRINTER,5,E01027192,0,4
2024131395156,2024,131395156,1,19,0,-1,19,8,4,-1,0,1,0,0,0,0,1,1,-1,6,1,-1,-1,2143,2,5,MERCEDES SPRINTER,-1,-1,0,-1