collision_index,collision_year,collision_ref_no,vehicle_reference,vehicle_type,towing_and_articulation,vehicle_manoeuvre_historic,vehicle_manoeuvre,vehicle_direction_from,vehicle_direction_to,vehicle_location_restricted_lane_historic,vehicle_location_restricted_lane,junction_location,skidding_and_overturning,hit_object_in_carriageway,vehicle_leaving_carriageway,hit_object_off_carriageway,first_point_of_impact,vehicle_left_hand_drive,journey_purpose_of_driver_historic,journey_purpose_of_driver,sex_of_driver,age_of_driver,age_band_of_driver,engine_capacity_cc,propulsion_code,age_of_vehicle,generic_make_model,driver_imd_decile,lsoa_of_driver,escooter_flag,driver_distance_banding
2024052402351,2024,052402351,2,10,0,13,13,5,1,0,0,1,0,0,0,0,0,1,1,1,1,-1,-1,-1,-1,-1,MERCEDES SPRINTER,-1,-1,0,-1
2024991443819,2024,991443819,3,90,0,-1,19,2,6,-1,0,1,0,0,0,0,1,1,-1,1,1,41,7,-1,-1,-1,MERCEDES SPRINTER,2,-1,0,4
2024351403778,2024,351403778,2,19,0,-1,19,5,1,-1,0,0,0,0,0,0,1,1,-1,2,1,44,7,2148,2,16,MERCEDES SPRINTER,9,E01018032,0,2
2024631507627,2024,631507627,1,19,0,-1,5,6,3,-1,0,6,0,0,0,0,4,1,-1,1,1,23,5,1950,2,0,MERCEDES SPRINTER,1,W01001473,0,4
2024101520829,2024,101520829,2,19,0,-1,19,1,5,-1,0,1,0,0,0,0,1,1,-1,6,1,24,5,1950,2,0,MERCEDES SPRINTER,-1,-1,0,-1
2024010526577,2024,010526577,1,19,0,9,9,4,1,0,0,8,0,0,0,0,3,1,6,6,1,19,4,2143,2,4,MERCEDES SPRINTER,3,E01002404,0,2
2024122401162,2024,122401162,1,10,0,18,19,1,5,0,0,0,0,0,0,0,2,1,6,6,1,68,10,2143,2,11,MERCEDES SPRINTER,5,E01011108,0,4
2024010509029,2024,010509029,2,19,0,99,99,9,9,99,99,9,9,99,9,99,9,9,6,6,3,-1,-1,-1,3,4,MERCEDES SPRINTER,-1,-1,0,-1
2024161467471,2024,161467471,4,19,0,-1,19,7,3,-1,0,0,0,0,0,0,2,1,-1,1,1,68,10,2143,2,12,MERCEDES SPRINTER,9,E01013110,0,4
2024231490645,2024,231490645,1,19,0,-1,19,4,8,-1,0,0,0,0,0,0,1,1,-1,1,1,37,7,2143,2,5,MERCEDES SPRINTER,8,E01028443,0,3
2024010516969,2024,010516969,1,19,0,18,19,3,7,0,0,0,0,0,0,0,0,1,1,1,1,39,7,2143,2,5,MERCEDES SPRINTER,2,E01003940,0,1
2024101409633,2024,101409633,1,20,0,-1,9,6,8,-1,0,2,0,0,0,0,1,1,-1,1,1,55,8,2143,2,3,MERCEDES SPRINTER,6,-1,0,4
2024531423374,2024,531423374,2,19,0,-1,19,5,1,-1,0,8,0,0,0,0,1,1,-1,1,1,50,8,1950,2,3,MERCEDES SPRINTER,7,E01014783,0,4
2024461404962,2024,461404962,1,19,0,-1,4,5,6,-1,0,0,0,0,0,0,1,1,-1,1,1,22,5,2143,2,7,MERCEDES SPRINTER,9,E01016081,0,1
2024411524176,2024,411524176,3,19,0,-1,19,1,5,-1,0,0,0,0,0,0,1,1,-1,1,1,19,4,1950,2,2,MERCEDES SPRINTER,3,E01015807,0,3
2024122500214,2024,122500214,1,19,0,1,1,6,2,5,5,0,0,0,0,0,2,1,1,1,1,57,9,2143,2,6,MERCEDES SPRINTER,8,E01027635,0,2
2024161495752,2024,161495752,1,19,0,-1,9,4,2,-1,0,6,0,0,0,0,1,1,-1,1,1,51,8,1950,2,2,MERCEDES SPRINTER,1,E01013229,0,1
2024371421563,2024,371421563,2,19,0,-1,19,5,1,-1,0,8,0,0,7,0,1,9,-1,1,1,39,7,1950,2,3,MERCEDES SPRINTER,1,E01026597,0,4
2024010547985,2024,010547985,2,19,0,99,99,9,9,99,99,0,9,99,9,99,1,9,6,6,3,-1,-1,1950,2,2,MERCEDES SPRINTER,-1,-1,0,-1
2024070900799,2024,070900799,2,19,0,-1,2,0,0,-1,0,0,0,0,0,0,2,1,-1,1,1,38,7,1950,2,2,MERCEDES SPRINTER,1,E01010926,0,4
2024070298800,2024,070298800,1,19,0,4,4,5,1,0,0,1,0,0,0,0,1,1,1,1,1,37,7,1950,2,3,MERCEDES SPRINTER,1,E01018462,0,3
2024430581289,2024,430581289,2,19,0,18,19,2,6,0,0,0,0,0,0,0,1,1,6,6,1,30,6,2143,2,10,MERCEDES SPRINTER,-1,-1,0,-1
2024421463612,2024,421463612,2,19,0,-1,9,5,2,-1,0,6,0,0,0,0,3,1,-1,1,1,68,10,1950,2,1,MERCEDES SPRINTER,9,E01015892,0,3
2024010501728,2024,010501728,2,19,0,17,19,7,3,0,0,0,0,0,0,0,1,1,1,1,1,46,8,2143,2,4,MERCEDES SPRINTER,8,E01000569,0,1
2024332400144,2024,332400144,1,19,0,-1,19,3,7,-1,0,8,0,0,0,0,4,1,-1,1,1,32,6,2143,2,4,MERCEDES SPRINTER,5,E01025749,0,3
2024461416221,2024,461416221,1,19,0,-1,19,3,6,-1,0,6,0,0,0,0,4,1,-1,1,1,23,5,2143,2,4,MERCEDES SPRINTER,9,E01000409,0,4
2024161512394,2024,161512394,1,19,0,-1,10,7,3,-1,0,0,0,0,0,0,2,1,-1,1,1,36,7,2143,2,4,MERCEDES SPRINTER,1,E01012877,0,2
2024111429037,2024,111429037,1,19,0,-1,1,5,8,-1,0,1,0,0,0,0,2,1,-1,6,1,38,7,2143,2,5,MERCEDES SPRINTER,3,E01020791,0,2
2024471468373,2024,471468373,1,19,0,-1,19,7,3,-1,0,1,1,0,0,0,1,1,-1,1,1,20,4,2143,2,4,MERCEDES SPRINTER,6,E01031807,0,1
2024221443597,2024,221443597,4,19,0,-1,3,1,5,-1,0,1,0,0,0,0,2,9,-1,1,1,28,6,1950,2,1,MERCEDES SPRINTER,3,W01001969,0,4
2024061526797,2024,061526797,2,20,0,-1,9,-1,-1,-1,0,8,9,0,0,0,1,1,-1,6,3,-1,-1,2143,2,3,MERCEDES SPRINTER,-1,-1,0,-1
2024411465250,2024,411465250,1,19,0,-1,4,2,6,-1,0,1,0,0,0,0,2,1,-1,1,2,46,8,2143,2,8,MERCEDES SPRINTER,6,E01002161,0,3
2024361442956,2024,361442956,2,19,0,-1,2,0,0,-1,0,1,0,0,0,0,4,1,-1,6,-1,-1,-1,2148,2,18,MERCEDES SPRINTER,-1,-1,0,-1
2024010501295,2024,010501295,2,19,0,18,19,3,7,0,0,7,0,1,3,0,1,1,6,6,1,59,9,2143,2,8,MERCEDES SPRINTER,2,E01000077,0,2
202454E173424,2024,54E173424,2,19,0,18,19,4,8,0,0,0,0,0,0,0,3,1,6,6,1,36,7,2143,2,3,MERCEDES SPRINTER,-1,-1,0,-1
2024070591871,2024,070591871,2,19,0,18,19,1,5,0,0,0,0,0,0,0,2,1,1,1,1,21,5,2143,2,9,MERCEDES SPRINTER,-1,-1,0,-1
2024041495639,2024,041495639,1,19,0,-1,5,3,7,-1,0,0,0,0,1,11,1,1,-1,1,1,29,6,1950,2,1,MERCEDES SPRINTER,1,E01012596,0,2
2024421502946,2024,421502946,2,19,0,-1,1,5,2,-1,0,0,0,0,0,0,2,1,-1,1,1,34,6,2143,2,12,MERCEDES SPRINTER,2,E01003512,0,4
2024010542823,2024,010542823,2,19,0,7,7,3,6,0,0,8,0,0,0,0,4,1,1,1,1,52,8,2143,2,3,MERCEDES SPRINTER,6,E01010165,0,5
2024010536579,2024,010536579,2,19,0,18,19,5,1,0,0,1,0,0,0,0,1,1,1,1,1,65,9,1950,2,1,MERCEDES SPRINTER,2,E01003304,0,2
2024440021306,2024,440021306,1,19,0,9,9,6,4,0,0,8,0,0,0,0,1,1,1,1,1,54,8,2143,2,3,MERCEDES SPRINTER,3,E01017111,0,4
2024320301587,2024,320301587,1,19,0,-1,-1,1,3,0,0,6,0,0,0,0,1,1,1,1,1,-1,-1,2143,2,5,MERCEDES SPRINTER,-1,-1,0,-1
2024070900799,2024,070900799,3,19,0,-1,2,0,0,-1,0,0,0,0,0,0,2,1,-1,6,3,-1,-1,2143,2,7,MERCEDES SPRINTER,-1,-1,0,-1
2024631535754,2024,631535754,1,19,0,-1,19,6,1,-1,0,8,0,0,3,11,1,1,-1,1,1,22,5,1950,2,1,MERCEDES SPRINTER,1,E01009567,0,5
2024552400362,2024,552400362,2,90,0,18,19,6,2,0,0,0,0,0,0,0,1,1,1,1,1,60,9,2987,2,9,MERCEDES SPRINTER,5,E01020389,0,3
2024461538461,2024,461538461,1,19,0,-1,19,7,3,-1,0,0,0,0,0,0,4,9,-1,6,1,53,8,2143,2,9,MERCEDES SPRINTER,1,E01016069,0,3
2024141507881,2024,141507881,3,19,0,-1,19,1,5,-1,0,0,0,0,0,0,4,1,-1,1,1,40,7,2143,2,5,MERCEDES SPRINTER,4,E01011031,0,4
2024010547017,2024,010547017,1,19,0,9,9,1,6,0,0,1,0,0,0,0,3,1,1,1,1,21,5,2143,2,4,MERCEDES SPRINTER,4,E01004342,0,2
2024201463327,2024,201463327,1,19,0,-1,19,5,1,-1,0,8,0,0,0,0,2,9,-1,1,1,30,6,2143,2,6,MERCEDES SPRINTER,5,E01009432,0,3
2024320760170,2024,320760170,1,19,0,-1,-1,4,8,0,0,1,0,0,0,0,1,1,6,6,1,58,9,2143,2,6,MERCEDES SPRINTER,9,E01026223,0,4
2024501483099,2024,501483099,1,19,0,-1,9,8,6,-1,0,1,0,0,0,0,1,1,-1,1,1,24,5,2143,2,4,MERCEDES SPRINTER,1,E01018870,0,3
2024201496895,2024,201496895,1,19,0,-1,5,5,1,-1,0,6,0,0,0,0,1,9,-1,6,3,-1,-1,2148,2,16,MERCEDES SPRINTER,-1,-1,0,-1
2024010537282,2024,010537282,2,19,0,9,9,3,1,0,0,8,0,0,0,0,1,2,1,1,1,21,5,2143,2,3,MERCEDES SPRINTER,2,E01001349,0,2
2024010516357,2024,010516357,1,19,0,18,19,1,5,0,0,0,1,0,0,0,1,1,1,1,1,19,4,1950,2,3,MERCEDES SPRINTER,5,E01002399,0,1
2024201480859,2024,201480859,1,19,0,-1,2,0,0,-1,0,0,0,0,0,0,3,1,-1,6,1,40,7,2143,2,9,MERCEDES SPRINTER,-1,-1,0,-1
2024440523254,2024,440523254,2,19,0,18,19,6,2,0,0,0,0,0,0,0,1,1,2,2,1,34,6,1950,2,3,MERCEDES SPRINTER,5,E01031860,0,4
2024440255369,2024,440255369,3,19,0,2,2,0,0,0,0,0,0,0,0,0,3,1,6,6,1,-1,-1,2143,2,12,MERCEDES SPRINTER,-1,-1,0,-1
2024070205369,2024,070205369,2,20,0,4,4,4,8,0,0,1,0,2,0,0,2,1,1,1,1,28,6,-1,-1,-1,MERCEDES SPRINTER,-1,-1,0,-1
2024010533153,2024,010533153,1,3,0,3,3,5,1,0,0,3,0,0,0,0,2,1,1,1,2,35,6,2143,2,8,MERCEDES SPRINTER,4,E01000171,0,1
2024540300124,2024,540300124,1,19,0,18,19,8,4,0,0,0,0,0,1,10,4,1,1,1,1,42,7,2143,2,6,MERCEDES SPRINTER,4,E01001359,0,4
2024201516480,2024,201516480,2,19,0,-1,2,0,0,-1,0,2,0,0,0,0,2,1,-1,6,-1,-1,-1,1950,2,2,MERCEDES SPRINTER,-1,-1,0,-1
2024471466700,2024,471466700,2,20,0,-1,-1,-1,-1,-1,-1,-1,-1,-1,-1,0,-1,1,-1,1,1,-1,-1,2143,2,4,MERCEDES SPRINTER,4,E01021004,0,1
2024522500042,2024,522500042,1,19,0,9,9,1,7,0,0,6,0,0,0,0,1,1,6,6,1,41,7,2143,2,3,MERCEDES SPRINTER,7,E01014845,0,4
2024201424602,2024,201424602,2,19,0,-1,3,4,8,-1,0,0,0,0,0,0,2,1,-1,1,1,44,7,2143,2,12,MERCEDES SPRINTER,1,E01009062,0,1
2024471454254,2024,471454254,2,20,0,-1,19,7,3,-1,0,0,0,0,0,0,1,1,-1,1,1,24,5,-1,-1,-1,MERCEDES SPRINTER,5,E01021008,0,2
2024371463745,2024,371463745,3,19,0,-1,19,6,2,-1,0,8,0,0,0,0,1,1,-1,1,1,30,6,1950,2,2,MERCEDES SPRINTER,6,E01026486,0,4
2024471503698,2024,471503698,4,19,0,-1,4,1,5,-1,0,0,0,0,0,0,2,1,-1,1,1,40,7,2143,2,8,MERCEDES SPRINTER,10,E01031641,0,4
2024340WN4512,2024,340WN4512,1,19,0,-1,19,3,7,-1,0,0,0,0,0,0,1,1,-1,1,1,60,9,2143,2,5,MERCEDES SPRINTER,1,E01012577,0,5
2024010544477,2024,010544477,2,20,0,99,99,9,9,99,99,9,9,99,9,99,9,9,6,6,3,53,8,2143,2,4,MERCEDES SPRINTER,4,E01001359,0,2
2024010543025,2024,010543025,1,19,0,11,11,3,7,0,0,1,0,0,1,0,2,1,1,1,1,49,8,2143,2,5,MERCEDES SPRINTER,6,E01000166,0,3
2024430333008,2024,430333008,3,19,0,18,19,8,4,0,0,0,0,0,0,0,1,1,1,1,1,35,6,2143,2,10,MERCEDES SPRINTER,-1,-1,0,-1
2024122400640,2024,122400640,1,19,0,9,9,1,7,0,0,1,0,0,0,0,1,1,1,1,1,22,5,2143,2,7,MERCEDES SPRINTER,10,E01013351,0,1
2024041478023,2024,041478023,1,19,0,-1,19,5,1,-1,0,0,0,0,0,0,1,1,-1,1,1,60,9,1950,2,2,MERCEDES SPRINTER,3,E01029558,0,5
2024411545586,2024,411545586,2,19,4,-1,19,8,4,-1,0,0,0,0,0,0,2,1,-1,6,1,52,8,2143,2,10,MERCEDES SPRINTER,9,E01023849,0,1
2024010513582,2024,010513582,1,19,0,18,19,3,7,0,0,2,0,0,0,0,4,1,1,1,1,48,8,-1,3,2,MERCEDES SPRINTER,2,E01003187,0,1
2024101495656,2024,101495656,2,19,0,-1,5,3,1,-1,0,8,0,0,0,0,3,1,-1,1,1,62,9,2143,2,9,MERCEDES SPRINTER,4,E01008306,0,4
2024010539012,2024,010539012,1,19,0,7,7,3,6,4,4,5,0,0,0,0,4,1,1,1,1,46,8,2143,2,4,MERCEDES SPRINTER,9,E01002242,0,4
2024010544108,2024,010544108,2,19,0,99,99,9,9,99,99,9,9,99,9,99,2,9,6,6,3,-1,-1,2143,2,7,MERCEDES SPRINTER,-1,-1,0,-1
2024501476888,2024,501476888,2,19,0,-1,19,7,3,-1,0,8,0,0,0,0,1,1,-1,1,1,44,7,2143,2,8,MERCEDES SPRINTER,1,E01015155,0,1
2024010507280,2024,010507280,1,19,0,9,9,1,6,0,0,1,0,0,0,0,1,1,2,2,1,37,7,1950,2,4,MERCEDES SPRINTER,3,E01000503,0,2
2024991519259,2024,991519259,1,19,0,-1,19,3,7,-1,0,0,0,0,0,0,1,1,-1,2,1,40,7,2143,2,13,MERCEDES SPRINTER,2,-1,0,3
2024421522765,2024,421522765,2,19,0,-1,19,7,3,-1,0,1,2,0,0,0,4,1,-1,1,1,54,8,2143,2,4,MERCEDES SPRINTER,9,E01002376,0,3
2024531528339,2024,531528339,1,19,0,-1,19,7,3,-1,0,0,0,0,0,0,4,2,-1,6,3,-1,-1,1950,2,0,MERCEDES SPRINTER,-1,-1,0,-1
2024010519132,2024,010519132,3,19,0,18,19,7,3,0,0,0,0,0,0,0,0,1,1,1,1,36,7,1950,2,3,MERCEDES SPRINTER,6,E01033308,0,4
2024010516235,2024,010516235,1,21,0,5,5,4,8,0,0,1,0,0,0,0,4,1,6,6,1,54,8,-1,-1,-1,MERCEDES SPRINTER,6,E01024172,0,4
2024010497050,2024,010497050,2,19,0,9,9,1,7,0,0,6,0,0,0,0,1,1,6,6,3,-1,-1,2143,2,12,MERCEDES SPRINTER,-1,-1,0,-1
2024211395621,2024,211395621,2,19,0,-1,19,2,3,-1,0,0,0,0,3,0,1,9,-1,1,1,53,8,2143,2,5,MERCEDES SPRINTER,1,E01014330,0,1
2024041488240,2024,041488240,2,19,0,-1,19,5,1,-1,0,8,0,0,0,0,4,1,-1,6,1,40,7,1950,2,3,MERCEDES SPRINTER,1,E01012641,0,1
2024010541047,2024,010541047,1,19,0,-1,-1,7,3,0,0,1,0,0,0,0,4,1,1,1,1,39,7,2143,2,4,MERCEDES SPRINTER,8,E01000389,0,3
2024461525795,2024,461525795,1,19,0,-1,13,4,8,-1,0,1,1,0,7,4,1,1,-1,1,1,36,7,2143,2,4,MERCEDES SPRINTER,5,E01024163,0,4
2024430496011,2024,430496011,2,19,0,3,3,6,2,0,0,0,0,0,0,0,2,1,6,6,1,-1,-1,1950,2,0,MERCEDES SPRINTER,-1,-1,0,-1
2024351475115,2024,351475115,2,19,0,-1,3,6,2,-1,0,0,0,0,0,0,1,1,-1,1,1,53,8,1950,2,1,MERCEDES SPRINTER,9,E01027120,0,4
2024991426407,2024,991426407,2,10,0,-1,19,3,7,-1,0,0,0,0,0,0,1,1,-1,1,1,62,9,2143,2,5,MERCEDES SPRINTER,1,-1,0,4
2024061503422,2024,061503422,2,19,0,-1,2,4,1,-1,0,8,0,0,0,0,3,1,-1,6,1,37,7,2143,2,4,MERCEDES SPRINTER,-1,-1,0,-1
2024010550379,2024,010550379,1,10,0,5,5,8,4,0,0,0,0,0,0,0,1,1,1,1,1,48,8,2143,2,9,MERCEDES SPRINTER,2,E01004574,0,2
2024421481376,2024,421481376,1,19,0,-1,9,7,5,-1,0,5,0,0,0,0,2,1,-1,1,1,43,7,2143,2,4,MERCEDES SPRINTER,8,E01021582,0,4
2024131514623,2024,131514623,1,19,0,-1,1,5,5,-1,0,8,0,0,0,0,3,1,-1,2,1,47,8,1950,2,1,MERCEDES SPRINTER,4,E01010890,0,1
2024010551252,2024,010551252,2,19,0,3,3,5,1,0,0,0,0,0,0,0,2,1,1,1,1,20,4,1950,2,3,MERCEDES SPRINTER,2,E01004535,0,1
2024461396123,2024,461396123,3,19,0,-1,2,0,0,-1,0,1,0,0,0,0,3,1,-1,1,1,25,5,2143,2,7,MERCEDES SPRINTER,6,E01000430,0,3
2024411536282,2024,411536282,4,19,0,-1,3,3,1,-1,0,1,0,0,0,0,4,1,-1,1,1,55,8,1950,2,2,MERCEDES SPRINTER,6,E01023462,0,3
2024010511918,2024,010511918,3,19,0,18,19,3,7,0,0,1,0,0,0,0,0,1,6,6,1,60,9,2148,2,18,MERCEDES SPRINTER,2,E01000744,0,2
2024411425790,2024,411425790,2,19,0,-1,19,8,4,-1,0,4,0,0,0,0,1,1,-1,6,1,-1,-1,2143,2,12,MERCEDES SPRINTER,-1,-1,0,-1
2024010511885,2024,010511885,2,19,0,5,5,7,3,0,0,0,0,0,0,0,3,1,1,1,1,38,7,2143,2,5,MERCEDES SPRINTER,6,E01024346,0,4
2024522402625,2024,522402625,1,19,0,17,19,8,4,0,0,8,0,11,0,0,3,1,6,6,1,28,6,1950,2,1,MERCEDES SPRINTER,1,E01009222,0,5
2024010549999,2024,010549999,1,19,0,5,5,0,1,0,0,1,0,0,0,0,0,1,1,1,1,22,5,-1,3,4,MERCEDES SPRINTER,4,E01000245,0,2
2024302401179,2024,302401179,4,19,0,18,19,5,1,0,0,0,0,0,7,9,1,1,6,6,1,41,7,2143,2,5,MERCEDES SPRINTER,5,E01029540,0,4
2024201473936,2024,201473936,2,19,0,-1,2,0,0,-1,0,0,0,0,0,0,2,1,-1,6,1,47,8,2143,2,6,MERCEDES SPRINTER,3,E01010020,0,3
2024302401466,2024,302401466,1,19,0,16,19,6,2,0,0,0,0,0,0,0,0,1,1,1,1,53,8,1950,2,3,MERCEDES SPRINTER,7,E01029825,0,4
2024351437775,2024,351437775,1,20,-1,-1,-1,-1,-1,-1,-1,0,-1,-1,-1,0,-1,9,-1,6,3,-1,-1,-1,-1,-1,MERCEDES SPRINTER,-1,-1,0,-1
2024211525657,2024,211525657,3,20,0,-1,19,6,6,-1,0,0,0,0,0,0,1,1,-1,1,1,25,5,-1,-1,-1,MERCEDES SPRINTER,1,E01009840,0,3
2024010538198,2024,010538198,1,20,0,99,99,9,9,99,99,9,9,99,9,99,2,9,6,6,1,29,6,-1,-1,-1,MERCEDES SPRINTER,5,E01000494,0,1
2024371504886,2024,371504886,1,19,0,-1,19,6,2,-1,0,0,0,0,0,0,1,1,-1,1,1,60,9,1950,2,2,MERCEDES SPRINTER,9,E01026513,0,3
2024161426568,2024,161426568,1,9,0,-1,15,4,2,-1,0,2,0,0,0,0,2,1,-1,6,1,72,10,2143,2,4,MERCEDES SPRINTER,3,E01013134,0,1
2024451466483,2024,451466483,1,19,0,-1,19,3,7,-1,0,8,0,0,0,0,1,1,-1,1,1,43,7,2143,2,6,MERCEDES SPRINTER,6,E01030721,0,1
2024440090664,2024,440090664,1,19,0,18,19,6,2,0,0,0,0,0,1,4,1,1,1,1,1,34,6,2143,2,7,MERCEDES SPRINTER,-1,-1,0,-1
2024010512641,2024,010512641,2,19,0,99,99,9,9,99,99,9,9,99,9,99,9,9,6,6,3,-1,-1,2143,2,8,MERCEDES SPRINTER,-1,-1,0,-1
2024052402201,2024,052402201,2,19,0,18,19,3,7,0,0,8,0,0,0,0,2,1,1,1,1,35,6,2143,2,11,MERCEDES SPRINTER,-1,-1,0,-1
2024141434201,2024,141434201,2,19,0,-1,2,0,0,-1,0,0,0,4,0,0,1,1,-1,6,-1,-1,-1,1950,2,3,MERCEDES SPRINTER,-1,-1,0,-1
2024430621144,2024,430621144,1,19,0,17,19,3,8,0,0,0,0,10,2,4,1,1,1,1,2,24,5,1950,2,3,MERCEDES SPRINTER,4,E01002620,0,4
2024991414664,2024,991414664,1,19,0,-1,9,5,7,-1,0,2,0,0,0,0,1,1,-1,6,3,30,6,1950,2,1,MERCEDES SPRINTER,-1,-1,0,-1
2024161452663,2024,161452663,2,19,0,-1,19,8,4,-1,0,8,5,0,0,0,3,1,-1,1,1,38,7,2143,2,3,MERCEDES SPRINTER,5,E01012822,0,3
2024522402079,2024,522402079,2,19,0,18,19,2,6,0,0,0,5,0,0,0,2,1,6,6,1,45,7,2143,2,4,MERCEDES SPRINTER,2,E01001551,0,5
2024430574124,2024,430574124,1,19,0,9,9,6,3,0,0,5,0,0,0,0,4,1,6,6,1,30,6,2143,2,10,MERCEDES SPRINTER,7,E01023131,0,3
2024451463595,2024,451463595,2,19,0,-1,1,3,7,-1,0,0,0,0,0,0,2,1,-1,6,1,30,6,1950,2,3,MERCEDES SPRINTER,-1,-1,0,-1
2024010516580,2024,010516580,2,19,0,99,99,9,9,99,99,9,9,99,9,99,9,9,6,6,1,28,6,2143,2,5,MERCEDES SPRINTER,5,E01018213,0,5
2024501477500,2024,501477500,1,19,0,-1,19,2,6,-1,0,0,0,0,0,0,4,1,-1,6,3,-1,-1,2143,2,10,MERCEDES SPRINTER,-1,-1,0,-1
2024991453858,2024,991453858,2,90,0,-1,2,0,0,-1,0,0,0,0,0,0,0,1,-1,6,-1,-1,-1,1950,2,2,MERCEDES SPRINTER,-1,-1,0,-1
2024461462650,2024,461462650,1,19,0,-1,19,3,7,-1,0,0,0,0,0,0,1,1,-1,1,1,43,7,2143,2,7,MERCEDES SPRINTER,2,E01003516,0,4
202417L310924,2024,17L310924,1,19,0,-1,19,1,5,-1,0,2,0,0,0,0,1,1,-1,1,1,66,10,2143,2,4,MERCEDES SPRINTER,5,E01012173,0,2
2024302401477,2024,302401477,1,19,0,11,11,3,7,0,0,3,1,0,1,9,4,1,2,2,1,60,9,2143,2,9,MERCEDES SPRINTER,3,E01011541,0,4
2024141432647,2024,141432647,1,19,0,-1,19,2,6,-1,0,0,0,0,0,0,2,1,-1,1,1,47,8,2143,2,7,MERCEDES SPRINTER,1,E01013218,0,4
2024320011532,2024,320011532,1,19,0,18,19,6,2,0,0,0,0,0,0,0,1,1,6,6,1,31,6,2143,2,7,MERCEDES SPRINTER,-1,-1,0,-1
2024610001424,2024,610001424,2,19,0,18,19,2,6,0,0,0,0,0,5,6,1,1,1,1,1,30,6,2143,2,3,MERCEDES SPRINTER,-1,-1,0,-1
2024052401240,2024,052401240,3,19,0,2,2,0,0,0,0,1,0,0,0,0,3,1,1,1,1,34,6,2143,2,6,MERCEDES SPRINTER,1,E01006612,0,3
2024221498862,2024,221498862,2,19,0,-1,2,2,6,-1,0,0,0,0,0,0,2,1,-1,1,1,30,6,2143,2,15,MERCEDES SPRINTER,3,E01022294,0,4
2024131434175,2024,131434175,2,20,0,-1,19,7,3,-1,0,0,0,0,0,0,3,1,-1,1,1,54,8,-1,-1,-1,MERCEDES SPRINTER,6,E01010883,0,3
2024302401253,2024,302401253,1,19,0,1,1,3,5,0,0,0,0,0,0,0,4,1,6,6,1,22,5,2143,2,3,MERCEDES SPRINTER,3,E01019687,0,1
2024552400256,2024,552400256,1,19,0,2,2,0,0,0,0,0,0,0,0,0,4,1,1,1,3,-1,-1,1950,2,2,MERCEDES SPRINTER,-1,-1,0,-1
2024211463713,2024,211463713,1,19,0,-1,19,7,3,-1,0,0,0,0,0,0,1,1,-1,2,1,31,6,1950,2,0,MERCEDES SPRINTER,3,E01029410,0,1
2024010538380,2024,010538380,2,19,0,18,19,7,3,0,0,1,0,0,0,0,2,1,1,1,1,52,8,2143,2,7,MERCEDES SPRINTER,4,E01000612,0,2
2024440219303,2024,440219303,2,19,0,18,19,3,7,0,0,1,0,0,0,0,1,1,1,1,1,60,9,1950,2,2,MERCEDES SPRINTER,7,E01023255,0,3
2024010533790,2024,010533790,1,19,0,9,9,7,5,0,0,1,0,0,0,0,1,1,1,1,1,47,8,2143,2,9,MERCEDES SPRINTER,4,E01035651,0,2
2024041443416,2024,041443416,2,19,0,-1,4,1,5,-1,0,0,0,0,0,0,2,1,-1,9,1,48,8,2143,2,11,MERCEDES SPRINTER,1,E01012631,0,3
2024440402310,2024,440402310,2,19,0,5,5,2,6,0,0,8,0,0,0,0,3,1,1,1,3,-1,-1,2143,2,5,MERCEDES SPRINTER,-1,-1,0,-1
2024010550552,2024,010550552,2,19,0,99,99,9,9,99,99,9,9,99,9,99,2,9,6,6,3,-1,-1,2143,2,5,MERCEDES SPRINTER,2,E01000065,0,1
2024991403073,2024,991403073,2,20,0,-1,19,6,2,-1,0,1,0,0,0,0,1,1,-1,1,1,46,8,2143,2,2,MERCEDES SPRINTER,4,-1,0,3
2024411531738,2024,411531738,2,19,0,-1,19,5,1,-1,0,8,0,0,0,0,3,1,-1,2,1,58,9,1950,2,2,MERCEDES SPRINTER,10,E01023673,0,1
2024552401119,2024,552401119,1,19,0,9,9,3,2,0,0,8,5,0,0,0,3,1,1,1,1,26,6,1950,2,2,MERCEDES SPRINTER,7,E01015354,0,2
2024991534602,2024,991534602,1,19,0,-1,4,7,3,-1,0,2,0,0,0,0,1,1,-1,1,1,43,7,1950,2,3,MERCEDES SPRINTER,1,-1,0,4
2024520402078,2024,520402078,1,19,0,1,1,6,2,0,0,0,0,0,0,0,2,1,6,6,1,47,8,1950,2,1,MERCEDES SPRINTER,3,E01015167,0,4
2024052400367,2024,052400367,2,19,0,18,19,1,5,0,0,8,0,0,0,0,1,1,1,1,1,40,7,2143,2,11,MERCEDES SPRINTER,2,E01006912,0,3
2024010515659,2024,010515659,2,19,0,18,19,3,7,0,0,0,1,0,0,0,1,1,6,6,1,30,6,2151,2,22,MERCEDES SPRINTER,6,E01000069,0,3