collision_index,collision_year,collision_ref_no,vehicle_reference,vehicle_type,towing_and_articulation,vehicle_manoeuvre_historic,vehicle_manoeuvre,vehicle_direction_from,vehicle_direction_to,vehicle_location_restricted_lane_historic,vehicle_location_restricted_lane,junction_location,skidding_and_overturning,hit_object_in_carriageway,vehicle_leaving_carriageway,hit_object_off_carriageway,first_point_of_impact,vehicle_left_hand_drive,journey_purpose_of_driver_historic,journey_purpose_of_driver,sex_of_driver,age_of_driver,age_band_of_driver,engine_capacity_cc,propulsion_code,age_of_vehicle,generic_make_model,driver_imd_decile,lsoa_of_driver,escooter_flag,driver_distance_banding
2024010532596,2024,010532596,1,19,0,9,9,1,7,0,0,5,0,0,0,0,1,1,1,1,1,41,7,2143,2,5,MERCEDES SPRINTER,5,E01033708,0,1
2024161528343,2024,161528343,1,19,0,-1,19,2,6,-1,0,1,0,0,0,0,1,1,-1,1,1,52,8,1950,2,3,MERCEDES SPRINTER,1,E01013219,0,2
2024070416818,2024,070416818,1,19,0,4,4,7,3,0,0,0,0,0,0,0,4,1,1,1,1,-1,-1,1950,2,1,MERCEDES SPRINTER,4,E01025200,0,4
2024531487437,2024,531487437,2,19,0,-1,9,5,1,-1,0,0,0,0,0,0,3,1,-1,6,1,33,6,1950,2,1,MERCEDES SPRINTER,1,E01014834,0,4
2024461443943,2024,461443943,3,19,0,-1,19,7,3,-1,0,0,0,4,0,0,1,1,-1,6,1,52,8,2143,2,10,MERCEDES SPRINTER,4,E01035305,0,2
2024211483632,2024,211483632,2,19,0,-1,2,0,0,-1,0,1,0,0,0,0,4,1,-1,1,1,25,5,2143,2,4,MERCEDES SPRINTER,1,E01014266,0,3
2024041434825,2024,041434825,1,19,0,-1,9,1,2,-1,0,4,0,0,0,0,1,1,-1,1,1,36,7,1950,2,4,MERCEDES SPRINTER,4,E01018594,0,4
2024440552327,2024,440552327,2,19,0,4,4,5,1,0,0,8,0,0,0,0,1,1,1,1,1,27,6,1950,2,0,MERCEDES SPRINTER,4,E01002622,0,4
2024302401203,2024,302401203,1,19,0,18,19,6,2,0,0,0,0,0,0,0,1,1,1,1,2,63,9,2143,2,10,MERCEDES SPRINTER,7,E01019405,0,1
2024501466018,2024,501466018,2,19,0,-1,19,6,2,-1,0,1,0,0,0,0,3,1,-1,6,1,35,6,2148,2,16,MERCEDES SPRINTER,4,E01019057,0,4
2024421535624,2024,421535624,1,19,0,-1,19,7,3,-1,0,2,1,99,0,0,4,1,-1,6,1,21,5,1950,2,0,MERCEDES SPRINTER,2,E01000012,0,3
2024302401506,2024,302401506,1,19,0,1,1,8,4,0,0,8,0,0,0,0,2,1,1,1,1,57,9,1950,2,3,MERCEDES SPRINTER,-1,-1,0,-1
2024320741041,2024,320741041,2,20,0,9,9,2,8,0,0,5,0,0,0,0,1,1,-1,-1,1,35,6,2148,2,18,MERCEDES SPRINTER,4,E01015669,0,4
2024010517312,2024,010517312,1,19,0,7,7,5,7,0,0,5,0,0,0,0,4,1,1,1,1,57,9,2143,2,8,MERCEDES SPRINTER,1,E01010616,0,5
2024010532559,2024,010532559,2,19,0,9,9,4,2,0,0,1,0,0,0,0,3,2,1,1,1,32,6,-1,3,3,MERCEDES SPRINTER,8,E01003039,0,2
2024141529363,2024,141529363,1,10,0,-1,19,1,5,-1,0,0,0,0,0,0,1,1,-1,1,1,63,9,2143,2,12,MERCEDES SPRINTER,10,E01007600,0,3
2024141473203,2024,141473203,3,19,0,-1,2,0,0,-1,0,2,0,0,0,0,4,1,-1,6,-1,-1,-1,2143,2,4,MERCEDES SPRINTER,-1,-1,0,-1
2024010528798,2024,010528798,2,19,0,3,3,1,5,0,0,1,0,0,0,0,1,2,1,1,1,28,6,-1,3,4,MERCEDES SPRINTER,5,E01033457,0,1
2024440192977,2024,440192977,2,19,0,3,3,8,4,0,0,1,0,0,0,0,2,1,1,1,1,35,6,1950,2,1,MERCEDES SPRINTER,-1,-1,0,-1
2024010525028,2024,010525028,1,19,0,1,1,9,9,99,99,9,9,99,9,99,2,9,6,6,3,-1,-1,-1,3,3,MERCEDES SPRINTER,-1,-1,0,-1
2024451427119,2024,451427119,2,19,0,-1,4,7,3,-1,0,2,0,0,0,0,2,1,-1,1,1,54,8,2143,2,5,MERCEDES SPRINTER,8,E01030565,0,1
2024010545974,2024,010545974,2,19,0,18,19,7,3,0,0,0,0,0,0,0,1,1,6,6,1,42,7,2143,2,7,MERCEDES SPRINTER,3,E01003352,0,3
2024471430532,2024,471430532,2,19,0,-1,3,1,5,-1,0,4,0,0,0,0,1,1,-1,6,1,51,8,1950,2,3,MERCEDES SPRINTER,6,E01031817,0,1
2024430451563,2024,430451563,2,19,0,18,19,3,7,0,0,8,0,0,0,0,1,1,6,6,1,-1,-1,2143,2,11,MERCEDES SPRINTER,-1,-1,0,-1
2024501522217,2024,501522217,1,19,0,-1,19,2,6,-1,0,0,0,0,0,0,3,1,-1,1,1,62,9,1950,2,2,MERCEDES SPRINTER,6,E01018957,0,4
2024332400362,2024,332400362,2,19,0,-1,19,0,0,-1,0,1,0,0,0,0,1,1,-1,6,1,-1,-1,2148,2,16,MERCEDES SPRINTER,-1,-1,0,-1
2024340WN0772,2024,340WN0772,1,19,0,-1,5,8,4,-1,0,0,0,0,0,0,1,1,-1,6,3,-1,-1,2143,2,5,MERCEDES SPRINTER,-1,-1,0,-1
2024131509314,2024,131509314,2,19,0,-1,19,2,6,-1,0,2,0,0,0,0,4,1,-1,2,1,44,7,2143,2,3,MERCEDES SPRINTER,1,E01025296,0,4
202460Q177977,2024,60Q177977,2,20,0,4,4,8,4,0,0,2,0,0,0,0,2,1,1,1,1,24,5,1950,2,3,MERCEDES SPRINTER,-1,-1,0,-1
2024471422557,2024,471422557,2,19,0,-1,10,1,7,-1,0,0,0,0,0,0,1,1,-1,1,1,21,5,1950,2,0,MERCEDES SPRINTER,4,E01016894,0,3
2024991520416,2024,991520416,2,19,0,-1,19,3,7,-1,0,0,0,0,0,0,2,1,-1,1,1,37,7,2143,2,5,MERCEDES SPRINTER,5,-1,0,3
2024361413346,2024,361413346,1,19,0,-1,19,3,7,-1,0,2,0,0,7,0,1,1,-1,1,1,28,6,2143,2,11,MERCEDES SPRINTER,6,E01026533,0,4
2024371489443,2024,371489443,1,19,0,-1,19,5,7,-1,0,0,0,0,0,0,1,1,-1,1,1,59,9,2143,2,9,MERCEDES SPRINTER,3,E01030276,0,1
2024421437469,2024,421437469,2,10,0,-1,4,7,1,-1,0,4,0,0,0,0,1,1,-1,1,2,34,6,2143,2,4,MERCEDES SPRINTER,6,E01025704,0,5
2024302400919,2024,302400919,1,19,0,18,19,5,8,0,0,2,0,0,0,0,4,1,1,1,1,44,7,2143,2,4,MERCEDES SPRINTER,2,E01019666,0,4
2024131400440,2024,131400440,1,20,0,-1,19,2,6,-1,0,0,0,0,0,0,1,1,-1,1,1,21,5,-1,-1,-1,MERCEDES SPRINTER,10,E01011461,0,1
2024520402751,2024,520402751,2,19,0,5,5,1,5,0,0,8,0,0,0,0,1,1,6,6,1,60,9,1950,2,0,MERCEDES SPRINTER,4,E01029152,0,4
2024010547623,2024,010547623,1,19,0,9,9,3,1,0,0,6,0,0,0,0,1,1,1,1,1,21,5,2143,2,3,MERCEDES SPRINTER,7,E01000414,0,1
2024461515611,2024,461515611,1,19,0,-1,9,5,1,-1,0,1,0,0,0,0,1,9,-1,6,1,36,7,2143,2,3,MERCEDES SPRINTER,1,E01024590,0,1
2024471434480,2024,471434480,1,19,0,-1,19,5,1,-1,0,8,5,0,0,0,3,1,-1,1,1,36,7,1950,2,2,MERCEDES SPRINTER,4,E01033789,0,4
2024122401168,2024,122401168,1,19,0,5,5,5,7,0,0,8,0,0,0,0,1,1,1,1,1,32,6,2143,2,4,MERCEDES SPRINTER,7,E01027756,0,4
2024010523961,2024,010523961,1,19,0,9,9,5,3,0,0,8,0,0,0,0,1,1,1,1,1,20,4,2143,2,4,MERCEDES SPRINTER,2,E01004424,0,2
2024471429816,2024,471429816,2,19,0,-1,19,2,6,-1,0,1,0,0,0,0,1,1,-1,1,1,26,6,2143,2,5,MERCEDES SPRINTER,10,E01035347,0,4
2024010507206,2024,010507206,1,19,0,7,7,1,4,0,0,2,0,0,0,0,1,1,1,1,1,51,8,2143,2,5,MERCEDES SPRINTER,9,E01023580,0,4
2024421512175,2024,421512175,2,20,0,-1,19,3,7,-1,0,1,0,0,0,0,1,1,-1,1,1,61,9,2143,2,4,MERCEDES SPRINTER,2,E01015861,0,4
2024361477054,2024,361477054,2,19,0,-1,9,5,3,-1,0,1,0,0,0,0,3,1,-1,9,1,44,7,1950,2,0,MERCEDES SPRINTER,4,E01026667,0,1
2024311439407,2024,311439407,2,19,0,-1,10,7,5,-1,0,1,0,0,0,0,1,1,-1,9,1,49,8,2148,2,15,MERCEDES SPRINTER,3,E01028297,0,1
2024991471896,2024,991471896,1,19,0,-1,7,4,6,-1,0,5,0,0,0,0,4,1,-1,1,1,52,8,2143,2,4,MERCEDES SPRINTER,8,-1,0,3
2024201480851,2024,201480851,1,19,0,-1,19,4,2,-1,0,1,0,0,0,0,1,9,-1,6,1,-1,-1,1950,2,1,MERCEDES SPRINTER,-1,-1,0,-1
2024631421190,2024,631421190,1,19,0,-1,5,6,2,-1,0,6,0,0,0,0,3,1,-1,1,1,57,9,1950,2,1,MERCEDES SPRINTER,3,W01000626,0,1
2024101529699,2024,101529699,1,19,0,-1,9,5,7,-1,0,0,0,0,0,0,1,1,-1,1,1,35,6,1950,2,1,MERCEDES SPRINTER,1,E01011029,0,5
2024451418448,2024,451418448,1,11,0,-1,9,6,4,-1,0,6,0,0,0,0,1,1,-1,1,1,24,5,2143,2,5,MERCEDES SPRINTER,5,E01034297,0,3
2024052401643,2024,052401643,3,19,0,2,2,0,0,0,0,1,0,0,0,0,2,1,6,6,3,-1,-1,2143,2,4,MERCEDES SPRINTER,-1,-1,0,-1
2024461535501,2024,461535501,2,19,0,-1,19,1,5,-1,0,0,1,0,0,0,2,1,-1,1,1,26,6,2143,2,6,MERCEDES SPRINTER,1,E01021317,0,4
2024161536008,2024,161536008,2,19,0,-1,19,1,5,-1,0,4,0,0,0,0,4,1,-1,2,1,62,9,1950,2,0,MERCEDES SPRINTER,6,W01000774,0,5
2024451468245,2024,451468245,1,10,0,-1,4,2,6,-1,0,0,0,0,0,0,2,1,-1,1,1,53,8,2143,2,14,MERCEDES SPRINTER,9,E01004079,0,4
2024440299710,2024,440299710,2,19,0,4,4,5,1,0,0,4,0,0,0,0,3,1,1,1,1,65,9,2143,2,6,MERCEDES SPRINTER,6,E01015291,0,4
2024010535138,2024,010535138,2,19,0,7,7,5,8,0,0,8,0,0,0,0,4,1,1,1,1,66,10,2143,2,4,MERCEDES SPRINTER,3,E01002605,0,3
2024501521228,2024,501521228,2,19,0,-1,10,7,5,-1,0,1,0,0,0,0,2,1,-1,1,2,55,8,1950,2,1,MERCEDES SPRINTER,6,E01020204,0,4
2024010543076,2024,010543076,1,19,3,99,99,9,9,99,99,9,9,99,9,99,1,9,6,6,3,24,5,1950,2,2,MERCEDES SPRINTER,6,E01002218,0,2
2024131412672,2024,131412672,2,19,0,-1,2,0,0,-1,9,0,0,0,0,0,3,1,-1,6,-1,-1,-1,2143,2,8,MERCEDES SPRINTER,-1,-1,0,-1
2024010532947,2024,010532947,2,19,0,9,9,3,2,0,0,5,0,0,0,0,1,1,1,1,1,59,9,2143,2,5,MERCEDES SPRINTER,6,E01001266,0,2
2024010509114,2024,010509114,1,19,0,99,99,9,9,99,99,0,9,99,9,99,2,9,1,1,1,52,8,1950,2,1,MERCEDES SPRINTER,4,E01002233,0,4
2024440362227,2024,440362227,2,19,0,2,2,0,0,0,0,0,0,0,0,0,2,1,6,6,1,-1,-1,1950,2,2,MERCEDES SPRINTER,-1,-1,0,-1
2024311396543,2024,311396543,2,19,0,-1,19,1,5,-1,0,8,0,0,0,0,2,1,-1,1,1,56,9,2143,2,8,MERCEDES SPRINTER,3,E01013915,0,2
2024201486451,2024,201486451,1,19,0,-1,19,3,8,-1,2,0,0,0,0,0,4,1,-1,1,1,42,7,1950,2,1,MERCEDES SPRINTER,2,E01010560,0,2
2024501492604,2024,501492604,1,19,0,-1,5,8,4,-1,0,8,0,0,0,0,1,1,-1,1,1,53,8,2143,2,3,MERCEDES SPRINTER,3,E01018991,0,3
2024111530857,2024,111530857,1,19,0,-1,1,6,2,-1,9,6,0,0,0,0,2,1,-1,1,1,62,9,2143,2,7,MERCEDES SPRINTER,1,E01020767,0,4
2024010528830,2024,010528830,1,19,0,9,9,1,7,0,0,8,0,0,0,0,1,1,1,1,1,25,5,1950,2,1,MERCEDES SPRINTER,5,E01015742,0,4
2024320641538,2024,320641538,2,19,0,-1,-1,2,6,0,0,8,5,0,1,9,4,1,6,6,1,68,10,2143,2,3,MERCEDES SPRINTER,5,E01026276,0,4
2024471513628,2024,471513628,2,19,0,-1,19,2,6,-1,0,0,0,0,0,0,1,1,-1,1,1,59,9,1950,2,0,MERCEDES SPRINTER,9,E01018231,0,5
2024421504885,2024,421504885,1,19,0,-1,9,5,3,-1,0,1,0,0,0,0,1,1,-1,1,1,40,7,1950,2,2,MERCEDES SPRINTER,5,E01023546,0,4
2024461415895,2024,461415895,1,19,0,-1,19,4,8,-1,0,0,0,0,0,0,1,2,-1,1,1,39,7,2143,2,9,MERCEDES SPRINTER,9,E01024253,0,4
2024471487243,2024,471487243,1,19,0,-1,13,3,7,-1,0,1,0,0,0,0,1,1,-1,6,1,28,6,2143,2,5,MERCEDES SPRINTER,6,E01031839,0,3
2024430567533,2024,430567533,1,19,0,18,19,2,6,0,0,0,0,0,0,0,1,1,1,1,1,28,6,2143,2,7,MERCEDES SPRINTER,4,E01033826,0,4
2024010544213,2024,010544213,1,20,0,7,7,1,3,0,0,1,0,0,0,0,1,1,6,6,1,61,9,-1,-1,-1,MERCEDES SPRINTER,3,E01000129,0,3
2024201530392,2024,201530392,3,19,0,-1,10,3,1,-1,0,0,0,0,0,0,3,1,-1,9,1,33,6,2143,2,7,MERCEDES SPRINTER,1,E01009355,0,1
2024522402396,2024,522402396,2,19,0,18,19,6,3,0,0,8,0,0,0,0,1,1,6,6,2,24,5,-1,-1,-1,MERCEDES SPRINTER,4,E01014961,0,3
2024010523482,2024,010523482,1,19,0,99,99,9,9,99,99,9,9,99,9,99,9,9,6,6,3,-1,-1,2143,2,7,MERCEDES SPRINTER,3,E01004295,0,2
2024010550070,2024,010550070,1,19,0,18,19,5,1,0,0,4,0,0,0,0,1,1,6,6,1,22,5,-1,3,3,MERCEDES SPRINTER,10,E01002196,0,3
2024211413462,2024,211413462,1,19,0,-1,19,1,5,-1,0,1,0,0,0,0,3,9,-1,1,1,24,5,2143,2,6,MERCEDES SPRINTER,3,E01010533,0,3
2024461405456,2024,461405456,1,19,0,-1,19,1,5,-1,0,4,0,0,0,0,1,9,-1,1,1,47,8,2143,2,11,MERCEDES SPRINTER,5,E01016178,0,4
2024991418442,2024,991418442,1,19,0,-1,9,2,8,-1,0,1,0,0,0,0,1,2,-1,6,1,61,9,2143,2,10,MERCEDES SPRINTER,2,-1,0,1
2024052400792,2024,052400792,1,19,0,18,19,7,3,0,0,0,0,0,1,0,4,1,1,1,1,59,9,2143,2,10,MERCEDES SPRINTER,2,E01007205,0,2
2024371438592,2024,371438592,1,19,0,-1,19,3,7,-1,0,0,0,0,0,0,1,1,-1,1,1,50,8,2143,2,7,MERCEDES SPRINTER,1,E01009579,0,5
2024332401084,2024,332401084,1,20,0,-1,2,0,0,-1,0,2,0,0,0,0,2,1,-1,6,1,22,5,2143,2,4,MERCEDES SPRINTER,6,E01009450,0,4
2024010545580,2024,010545580,1,19,0,99,99,9,9,99,99,9,9,99,9,99,1,1,6,6,3,-1,-1,2143,2,7,MERCEDES SPRINTER,-1,-1,0,-1
2024371476960,2024,371476960,1,19,0,-1,1,8,4,-1,0,0,0,0,0,0,2,1,-1,1,1,57,9,1950,2,2,MERCEDES SPRINTER,5,E01034767,0,3
2024520401808,2024,520401808,1,19,0,9,9,5,3,0,0,8,0,0,0,0,1,1,6,6,1,22,5,2143,2,7,MERCEDES SPRINTER,7,E01000573,0,5
2024421482865,2024,421482865,1,19,0,-1,19,3,7,-1,9,2,0,4,2,11,1,2,-1,6,1,26,6,1950,2,2,MERCEDES SPRINTER,4,E01000787,0,3
2024010530092,2024,010530092,2,19,0,18,19,3,7,0,0,8,0,0,0,0,0,1,6,6,1,20,4,1950,2,3,MERCEDES SPRINTER,2,E01003196,0,1
2024221500877,2024,221500877,1,10,0,-1,5,5,1,-1,0,6,0,0,0,0,3,1,-1,1,1,75,10,2143,2,14,MERCEDES SPRINTER,6,E01032480,0,1
2024991451591,2024,991451591,1,10,0,-1,7,3,5,-1,0,4,0,0,0,0,1,1,-1,9,1,62,9,1950,2,0,MERCEDES SPRINTER,2,-1,0,3
2024141431233,2024,141431233,1,19,0,-1,19,6,5,-1,0,1,0,0,0,0,4,2,-1,1,1,-1,-1,2148,2,15,MERCEDES SPRINTER,-1,-1,0,-1
2024332400583,2024,332400583,3,19,0,-1,8,8,2,-1,0,1,0,0,0,0,3,1,-1,1,1,51,8,2143,2,8,MERCEDES SPRINTER,9,E01025733,0,1
2024430081794,2024,430081794,2,19,0,18,19,3,7,0,0,8,0,0,0,0,1,1,1,1,1,38,7,2143,2,4,MERCEDES SPRINTER,10,E01017885,0,4
2024520002326,2024,520002326,2,19,0,13,13,4,8,0,0,0,0,0,0,0,9,1,6,6,3,-1,-1,1950,2,2,MERCEDES SPRINTER,-1,-1,0,-1
2024211426484,2024,211426484,1,19,0,-1,9,1,4,-1,0,1,0,0,0,0,1,1,-1,1,1,64,9,2143,2,4,MERCEDES SPRINTER,5,E01028943,0,4
2024010514779,2024,010514779,1,19,0,3,3,4,8,0,0,1,0,0,0,0,2,1,1,1,2,23,5,1950,2,2,MERCEDES SPRINTER,10,E01021517,0,4
2024010492618,2024,010492618,1,19,0,9,9,7,5,0,0,6,0,0,0,0,1,1,1,1,1,54,8,2143,2,3,MERCEDES SPRINTER,4,E01003031,0,1
2024052400666,2024,052400666,3,19,0,10,10,5,1,0,0,1,0,0,0,0,2,1,6,6,1,31,6,2143,2,10,MERCEDES SPRINTER,2,E01006522,0,1
2024332400042,2024,332400042,2,19,0,-1,7,5,7,-1,0,6,0,0,0,0,4,1,-1,6,1,-1,-1,2143,2,10,MERCEDES SPRINTER,-1,-1,0,-1
2024471461343,2024,471461343,3,19,0,-1,2,0,0,-1,0,2,0,0,0,0,0,2,-1,1,1,45,7,2143,2,9,MERCEDES SPRINTER,9,E01032821,0,4
2024461455378,2024,461455378,2,19,0,-1,19,5,1,-1,0,1,0,0,0,0,1,1,-1,1,1,47,8,2143,2,5,MERCEDES SPRINTER,2,E01024192,0,3
2024631524712,2024,631524712,1,19,4,-1,5,8,4,-1,0,6,0,0,0,0,1,1,-1,1,1,38,7,2143,2,4,MERCEDES SPRINTER,7,W01000634,0,4
2024231437711,2024,231437711,1,10,0,-1,9,8,6,-1,0,5,0,0,0,0,1,1,-1,1,1,52,8,2143,2,6,MERCEDES SPRINTER,2,E01016810,0,4
2024041452182,2024,041452182,2,11,0,-1,19,7,3,-1,0,0,0,0,0,0,0,1,-1,1,1,41,7,2143,2,6,MERCEDES SPRINTER,7,E01027569,0,3
2024320707950,2024,320707950,2,19,0,-1,-1,4,8,0,0,8,0,0,0,0,0,-1,1,1,1,27,6,2143,2,3,MERCEDES SPRINTER,2,E01026056,0,2
2024401484970,2024,401484970,1,19,0,-1,19,4,1,-1,0,0,0,0,0,0,4,1,-1,1,1,25,5,1950,2,0,MERCEDES SPRINTER,7,E01025743,0,5
2024991498834,2024,991498834,1,19,0,-1,7,3,7,-1,0,1,0,0,0,0,1,1,-1,1,1,51,8,1950,2,1,MERCEDES SPRINTER,-1,-1,0,-1
2024231515287,2024,231515287,3,19,0,-1,19,2,6,-1,0,8,0,0,0,0,0,1,-1,6,1,57,9,1950,2,2,MERCEDES SPRINTER,2,E01034932,0,4
2024421519510,2024,421519510,1,20,0,-1,19,7,3,-1,0,6,0,0,0,0,3,1,-1,1,1,45,7,-1,-1,-1,MERCEDES SPRINTER,-1,-1,0,-1
2024471414258,2024,471414258,1,19,0,-1,19,2,6,-1,0,0,0,0,1,4,1,1,-1,1,1,57,9,2143,2,12,MERCEDES SPRINTER,9,E01035343,0,4
2024101473985,2024,101473985,2,19,0,-1,19,1,5,-1,0,0,0,0,0,0,0,1,-1,1,1,60,9,2143,2,5,MERCEDES SPRINTER,-1,-1,0,-1
2024421492608,2024,421492608,2,19,0,-1,19,3,1,-1,0,0,0,0,0,0,1,1,-1,1,1,55,8,2143,2,6,MERCEDES SPRINTER,1,E01000061,0,4
2024141430689,2024,141430689,2,19,0,-1,9,3,2,-1,0,1,0,0,0,0,1,1,-1,1,1,23,5,2143,2,5,MERCEDES SPRINTER,1,E01007466,0,4
2024010540652,2024,010540652,1,10,9,2,2,0,0,99,99,0,9,99,9,99,9,1,6,6,3,-1,-1,2143,2,5,MERCEDES SPRINTER,-1,-1,0,-1
2024471505140,2024,471505140,3,19,0,-1,2,0,0,-1,-1,0,1,0,0,0,2,1,-1,6,-1,-1,-1,2143,2,5,MERCEDES SPRINTER,-1,-1,0,-1
2024010529724,2024,010529724,2,19,0,5,5,0,5,0,0,0,0,11,0,0,3,1,1,1,1,28,6,2143,2,5,MERCEDES SPRINTER,8,E01001538,0,2
2024631436217,2024,631436217,1,19,0,-1,12,7,5,-1,0,1,0,0,7,0,2,1,-1,1,1,30,6,2143,2,6,MERCEDES SPRINTER,1,W01000867,0,4
2024471444909,2024,471444909,1,90,0,-1,19,7,4,-1,0,8,0,0,0,0,1,1,-1,1,1,22,5,2987,2,11,MERCEDES SPRINTER,3,E01021065,0,3
2024622500020,2024,622500020,2,19,0,2,2,0,0,0,0,1,0,0,0,0,0,1,1,1,1,49,8,2143,2,12,MERCEDES SPRINTER,9,W01001994,0,4
2024010511844,2024,010511844,1,19,0,18,19,7,3,0,0,3,0,0,0,0,1,1,1,1,1,41,7,1950,2,0,MERCEDES SPRINTER,6,E01033338,0,5
2024131457321,2024,131457321,2,20,0,-1,19,5,1,-1,0,1,0,0,0,0,0,1,-1,1,2,48,8,-1,-1,-1,MERCEDES SPRINTER,7,E01034268,0,1
2024201461999,2024,201461999,2,19,0,-1,19,3,7,-1,0,0,0,0,0,0,1,9,-1,1,1,34,6,2148,2,16,MERCEDES SPRINTER,1,E01034309,0,1
2024311486337,2024,311486337,1,19,0,-1,4,3,7,-1,-1,0,0,0,0,0,4,1,-1,1,1,-1,-1,2143,2,8,MERCEDES SPRINTER,-1,-1,0,-1
2024010502670,2024,010502670,1,19,0,16,19,5,7,0,0,8,0,0,7,1,1,1,6,6,1,41,7,2143,2,14,MERCEDES SPRINTER,5,E01004523,0,1
2024010539091,2024,010539091,1,19,0,18,19,3,7,0,0,4,0,0,0,0,1,1,6,6,1,51,8,2143,2,14,MERCEDES SPRINTER,4,E01000406,0,1
2024141436418,2024,141436418,1,19,0,-1,2,1,5,-1,-1,0,0,0,0,0,2,1,-1,9,1,35,6,2143,2,4,MERCEDES SPRINTER,4,E01007746,0,1
2024531493963,2024,531493963,2,19,0,-1,19,2,5,-1,0,0,0,0,1,0,1,1,-1,1,2,29,6,1950,2,0,MERCEDES SPRINTER,3,E01031856,0,4
2024361479232,2024,361479232,1,19,0,-1,19,1,5,-1,0,8,0,0,0,0,1,1,-1,1,1,47,8,-1,3,4,MERCEDES SPRINTER,9,E01035145,0,2
2024371516216,2024,371516216,2,19,0,-1,19,7,3,-1,0,0,0,0,0,0,2,1,-1,1,1,61,9,1950,2,0,MERCEDES SPRINTER,3,E01030163,0,3
2024440302222,2024,440302222,1,19,4,18,19,3,7,0,0,0,0,0,0,0,2,1,6,6,1,54,8,2143,2,9,MERCEDES SPRINTER,4,E01006485,0,5
202460Q084669,2024,60Q084669,1,19,0,7,7,4,8,0,0,1,0,0,0,0,1,1,1,1,1,40,7,2143,2,4,MERCEDES SPRINTER,-1,-1,0,-1
2024221469804,2024,221469804,1,19,0,-1,5,4,8,-1,0,4,0,0,0,0,1,9,-1,1,1,50,8,2143,2,3,MERCEDES SPRINTER,2,E01018485,0,4
2024421513662,2024,421513662,1,19,0,-1,19,7,3,-1,0,4,1,9,3,0,1,1,-1,1,1,61,9,2143,2,7,MERCEDES SPRINTER,5,E01021492,0,2
2024131486521,2024,131486521,2,19,0,-1,4,1,5,-1,0,0,0,0,0,0,2,1,-1,1,1,39,7,1950,2,3,MERCEDES SPRINTER,4,E01011008,0,3
2024501532485,2024,501532485,1,19,0,-1,1,7,3,-1,0,0,5,0,1,9,3,1,-1,2,1,31,6,2148,2,16,MERCEDES SPRINTER,2,E01020113,0,3
2024031531261,2024,031531261,1,20,0,-1,19,3,7,-1,0,0,0,4,0,0,1,1,-1,1,1,23,5,-1,-1,-1,MERCEDES SPRINTER,3,E01010050,0,5
2024320133963,2024,320133963,2,19,0,-1,-1,2,6,0,0,0,0,0,7,0,1,1,1,1,1,30,6,2143,2,8,MERCEDES SPRINTER,3,E01026134,0,4
2024471487646,2024,471487646,2,19,0,-1,19,1,5,-1,0,8,0,0,0,0,4,1,-1,1,1,56,9,1950,2,2,MERCEDES SPRINTER,2,E01031808,0,1
202460Q064480,2024,60Q064480,1,20,0,4,4,5,8,0,0,1,0,0,0,0,1,1,1,1,1,42,7,-1,-1,-1,MERCEDES SPRINTER,-1,-1,0,-1
2024991492691,2024,991492691,2,19,0,-1,19,5,1,-1,0,0,0,0,0,0,1,1,-1,6,1,32,6,2143,2,11,MERCEDES SPRINTER,-1,-1,0,-1
2024311471788,2024,311471788,1,20,0,-1,19,1,5,-1,0,0,0,0,0,0,1,1,-1,1,1,31,6,-1,-1,-1,MERCEDES SPRINTER,10,E01028390,0,1
2024461450490,2024,461450490,1,19,0,-1,19,7,3,-1,-1,0,0,0,1,0,1,1,-1,2,1,50,8,2143,2,3,MERCEDES SPRINTER,2,E01016150,0,2
2024320018238,2024,320018238,1,19,0,18,19,4,8,0,0,0,0,0,0,0,1,1,6,6,1,50,8,2143,2,9,MERCEDES SPRINTER,-1,-1,0,-1
2024061455519,2024,061455519,2,19,0,-1,19,5,1,-1,0,0,0,0,0,0,2,1,-1,9,1,54,8,2143,2,14,MERCEDES SPRINTER,1,E01025296,0,4
2024131532491,2024,131532491,3,19,0,-1,2,5,1,-1,0,2,0,0,0,0,4,1,-1,6,3,-1,-1,2143,2,5,MERCEDES SPRINTER,-1,-1,0,-1
2024311548088,2024,311548088,2,20,0,-1,4,4,8,-1,0,0,0,0,0,0,1,1,-1,1,1,19,4,2143,2,3,MERCEDES SPRINTER,-1,-1,0,-1
2024522401816,2024,522401816,2,19,0,1,1,4,8,0,0,0,0,0,0,0,2,1,6,6,1,-1,-1,1950,2,3,MERCEDES SPRINTER,-1,-1,0,-1
2024231486435,2024,231486435,1,19,0,-1,9,7,4,-1,0,5,0,0,0,0,1,1,-1,1,1,53,8,2148,2,16,MERCEDES SPRINTER,1,E01034935,0,3