collision_index,collision_year,collision_ref_no,vehicle_reference,vehicle_type,towing_and_articulation,vehicle_manoeuvre_historic,vehicle_manoeuvre,vehicle_direction_from,vehicle_direction_to,vehicle_location_restricted_lane_historic,vehicle_location_restricted_lane,junction_location,skidding_and_overturning,hit_object_in_carriageway,vehicle_leaving_carriageway,hit_object_off_carriageway,first_point_of_impact,vehicle_left_hand_drive,journey_purpose_of_driver_historic,journey_purpose_of_driver,sex_of_driver,age_of_driver,age_band_of_driver,engine_capacity_cc,propulsion_code,age_of_vehicle,generic_make_model,driver_imd_decile,lsoa_of_driver,escooter_flag,driver_distance_banding
2024631489312,2024,631489312,1,19,0,-1,19,7,3,-1,0,0,1,0,1,10,1,1,-1,6,1,31,6,2143,2,6,MERCEDES SPRINTER,2,E01009265,0,5
2024622400862,2024,622400862,1,19,0,9,9,4,2,0,0,8,0,0,0,0,1,1,1,1,1,61,9,1950,2,2,MERCEDES SPRINTER,4,W01001962,0,1
2024010489847,2024,010489847,2,90,9,99,99,9,9,99,99,9,9,99,9,99,9,9,6,6,3,-1,-1,2987,2,7,MERCEDES SPRINTER,-1,-1,0,-1
2024501399073,2024,501399073,2,19,0,-1,4,3,7,-1,0,0,0,0,0,0,2,1,-1,1,1,24,5,2143,2,8,MERCEDES SPRINTER,4,E01016475,0,5
2024451480268,2024,451480268,3,19,0,-1,3,7,3,-1,0,1,0,0,0,0,2,1,-1,9,1,45,7,2143,2,5,MERCEDES SPRINTER,3,E01003439,0,3
2024201395168,2024,201395168,2,19,0,-1,19,5,1,-1,0,8,0,0,0,0,1,9,-1,6,1,22,5,2143,2,9,MERCEDES SPRINTER,1,E01009300,0,2
2024131398019,2024,131398019,2,19,0,-1,5,7,3,-1,0,8,0,0,0,0,1,1,-1,6,3,-1,-1,2143,2,7,MERCEDES SPRINTER,-1,-1,0,-1
2024440328098,2024,440328098,1,90,0,18,19,4,8,0,0,1,0,0,0,0,0,1,1,1,2,25,5,2987,2,6,MERCEDES SPRINTER,7,E01017316,0,2
2024010547864,2024,010547864,2,19,0,99,99,9,9,99,99,9,9,99,9,99,9,9,6,6,1,20,4,2143,2,9,MERCEDES SPRINTER,4,E01001296,0,3
2024141420278,2024,141420278,1,19,0,-1,19,1,5,-1,0,1,0,0,0,0,1,1,-1,1,1,38,7,2143,2,5,MERCEDES SPRINTER,2,E01007633,0,1
2024010515685,2024,010515685,2,19,0,2,2,0,0,0,0,0,0,0,0,0,0,1,6,6,3,-1,-1,-1,3,4,MERCEDES SPRINTER,-1,-1,0,-1
2024131483691,2024,131483691,1,19,0,-1,19,1,5,-1,0,0,0,0,0,0,4,1,-1,1,1,55,8,2143,2,11,MERCEDES SPRINTER,2,E01011017,0,1
2024010529152,2024,010529152,1,19,0,16,19,5,1,0,0,8,0,0,0,0,3,1,1,1,1,33,6,2143,2,5,MERCEDES SPRINTER,2,E01003047,0,1
2024471452404,2024,471452404,2,19,0,-1,10,5,3,-1,0,6,0,0,0,0,1,1,-1,6,1,41,7,1950,2,2,MERCEDES SPRINTER,6,E01031452,0,3
2024101526837,2024,101526837,1,19,0,-1,19,1,5,-1,0,0,5,0,1,7,1,1,-1,1,1,39,7,2143,2,11,MERCEDES SPRINTER,6,E01011127,0,5
2024221487803,2024,221487803,1,19,0,-1,19,7,4,-1,0,8,0,0,0,0,4,1,-1,1,1,55,8,2143,2,4,MERCEDES SPRINTER,7,E01032319,0,1
2024010537417,2024,010537417,1,19,0,18,19,4,8,0,0,2,0,0,0,0,1,1,6,6,1,-1,-1,1950,2,4,MERCEDES SPRINTER,-1,-1,0,-1
2024041407852,2024,041407852,1,19,0,-1,19,8,4,-1,0,0,1,0,7,0,1,1,-1,1,1,45,7,2143,2,8,MERCEDES SPRINTER,2,E01011002,0,3
2024340NN4432,2024,340NN4432,1,19,0,-1,9,7,5,-1,0,6,0,0,0,0,3,1,-1,1,1,34,6,2143,2,4,MERCEDES SPRINTER,4,E01027142,0,3
2024311445410,2024,311445410,1,20,0,-1,19,7,3,-1,9,0,0,4,0,0,1,1,-1,1,1,21,5,1950,2,0,MERCEDES SPRINTER,8,E01032308,0,5
2024440096668,2024,440096668,1,19,0,18,19,6,2,0,0,0,0,0,0,0,1,1,1,1,1,56,9,2143,2,5,MERCEDES SPRINTER,9,E01017046,0,4
2024221422295,2024,221422295,1,19,0,-1,19,1,5,-1,0,1,0,0,0,0,1,1,-1,6,1,53,8,2143,2,8,MERCEDES SPRINTER,2,E01009966,0,4
2024531404882,2024,531404882,1,9,0,-1,19,8,4,-1,0,0,0,0,0,0,4,2,-1,6,3,-1,-1,1950,2,1,MERCEDES SPRINTER,-1,-1,0,-1
2024231482061,2024,231482061,2,19,0,-1,19,4,8,-1,0,8,0,0,0,0,4,1,-1,2,1,24,5,2143,2,5,MERCEDES SPRINTER,6,E01025821,0,2
2024201467387,2024,201467387,2,19,0,-1,19,5,1,-1,0,8,0,0,0,0,3,9,-1,6,1,39,7,2148,2,17,MERCEDES SPRINTER,2,E01009953,0,3
2024461531263,2024,461531263,1,19,0,-1,5,2,6,-1,0,5,0,0,0,0,1,1,-1,6,1,72,10,2148,2,17,MERCEDES SPRINTER,7,E01024490,0,3
2024430361362,2024,430361362,2,19,0,3,3,1,5,0,0,0,0,0,0,0,2,1,1,1,1,52,8,2143,2,5,MERCEDES SPRINTER,4,E01000634,0,4
2024622400394,2024,622400394,1,19,0,18,19,1,5,0,0,0,0,0,0,0,1,1,6,6,1,22,5,2143,2,5,MERCEDES SPRINTER,6,W01001580,0,4
2024010550490,2024,010550490,1,19,0,7,7,5,7,0,0,8,0,0,0,0,4,1,1,1,1,38,7,2143,2,6,MERCEDES SPRINTER,3,E01001489,0,3
2024211423798,2024,211423798,1,19,0,-1,11,8,4,-1,0,0,0,0,0,0,4,1,-1,1,1,27,6,2143,2,4,MERCEDES SPRINTER,-1,-1,0,-1
2024010533648,2024,010533648,1,19,0,18,19,5,1,0,0,8,0,0,0,0,3,1,1,1,1,23,5,2143,2,3,MERCEDES SPRINTER,3,E01001360,0,2
2024031509423,2024,031509423,1,19,4,-1,2,0,0,-1,0,0,0,0,0,0,1,1,-1,1,1,24,5,1950,2,2,MERCEDES SPRINTER,8,E01019169,0,4
2024421498290,2024,421498290,1,19,0,-1,19,8,4,-1,0,0,0,0,0,0,4,1,-1,6,1,52,8,2143,2,3,MERCEDES SPRINTER,4,E01023646,0,4
2024520001563,2024,520001563,2,11,0,18,19,7,3,0,0,8,0,0,0,0,1,1,1,1,1,77,11,2143,2,13,MERCEDES SPRINTER,4,E01029025,0,3
2024421412357,2024,421412357,1,19,0,-1,19,5,1,-1,0,8,0,0,0,0,3,1,-1,6,1,-1,-1,2143,2,4,MERCEDES SPRINTER,-1,-1,0,-1
2024520403026,2024,520403026,1,19,0,18,19,7,3,0,0,8,0,0,0,0,0,1,6,6,1,22,5,2143,2,6,MERCEDES SPRINTER,5,E01022244,0,5
2024991418351,2024,991418351,2,19,0,-1,4,8,4,-1,0,0,1,4,0,0,1,1,-1,1,1,37,7,1950,2,4,MERCEDES SPRINTER,2,-1,0,3
2024061443109,2024,061443109,1,19,0,-1,4,4,8,-1,0,0,0,0,0,0,3,1,-1,6,-1,45,7,1950,2,3,MERCEDES SPRINTER,5,E01006724,0,4
2024010531926,2024,010531926,1,19,0,3,3,7,3,0,0,1,0,0,0,0,3,1,1,1,1,23,5,2143,2,4,MERCEDES SPRINTER,9,E01002210,0,3
2024031442014,2024,031442014,1,10,0,-1,19,1,5,-1,2,0,0,0,0,0,1,1,-1,1,1,53,8,2143,2,12,MERCEDES SPRINTER,7,E01019136,0,3
2024411405206,2024,411405206,1,19,0,-1,19,3,7,-1,0,0,0,0,0,0,2,9,-1,6,3,-1,-1,2143,2,7,MERCEDES SPRINTER,-1,-1,0,-1
2024371451299,2024,371451299,1,19,0,-1,19,1,5,-1,0,8,0,0,0,0,1,1,-1,9,1,27,6,2143,2,3,MERCEDES SPRINTER,6,E01021406,0,1
2024401443173,2024,401443173,1,19,-1,-1,1,-1,-1,-1,-1,0,-1,11,0,0,2,9,-1,6,1,-1,-1,2143,2,3,MERCEDES SPRINTER,9,E01023912,0,4
2024101445987,2024,101445987,1,11,0,-1,19,8,4,-1,0,0,0,0,0,0,3,1,-1,1,1,60,9,2143,2,14,MERCEDES SPRINTER,4,E01008404,0,1
2024421440360,2024,421440360,2,19,0,-1,19,7,3,-1,0,1,0,0,0,0,1,1,-1,1,1,32,6,2143,2,9,MERCEDES SPRINTER,5,E01023331,0,3
2024131405905,2024,131405905,1,19,0,-1,19,1,1,-1,0,0,0,0,0,0,1,1,-1,1,1,29,6,2143,2,14,MERCEDES SPRINTER,5,E01011766,0,3
2024010550575,2024,010550575,2,19,0,99,99,9,9,99,99,9,9,99,9,99,9,9,6,6,1,35,6,2143,2,5,MERCEDES SPRINTER,4,E01002587,0,3
2024111515025,2024,111515025,1,19,0,-1,9,1,7,-1,0,6,0,0,0,0,1,1,-1,1,1,57,9,2143,2,2,MERCEDES SPRINTER,5,E01034508,0,3
202460Q153657,2024,60Q153657,2,19,0,18,19,3,7,0,0,8,0,0,0,0,1,1,1,1,1,55,8,1950,2,2,MERCEDES SPRINTER,-1,-1,0,-1
2024471418495,2024,471418495,2,19,0,-1,19,5,1,-1,0,0,0,0,0,0,2,1,-1,1,1,53,8,1950,2,1,MERCEDES SPRINTER,7,E01024333,0,4
2024161527230,2024,161527230,1,19,0,-1,10,4,1,-1,0,1,0,0,0,0,1,1,-1,1,1,60,9,2143,2,3,MERCEDES SPRINTER,7,E01012950,0,4
2024010542701,2024,010542701,2,19,0,2,2,0,0,0,0,0,0,0,0,0,2,1,6,6,3,-1,-1,2148,2,15,MERCEDES SPRINTER,-1,-1,0,-1
2024311541645,2024,311541645,2,19,0,-1,19,5,1,-1,0,1,0,0,0,0,1,1,-1,1,1,22,5,2143,2,4,MERCEDES SPRINTER,-1,-1,0,-1
2024991400703,2024,991400703,1,19,0,-1,9,1,5,-1,0,1,0,0,0,0,1,1,-1,1,1,43,7,1950,2,1,MERCEDES SPRINTER,5,-1,0,1
2024501396570,2024,501396570,1,19,0,-1,19,5,1,-1,0,0,2,0,7,10,1,1,-1,1,1,27,6,1950,2,3,MERCEDES SPRINTER,9,E01020089,0,3
2024010511429,2024,010511429,1,90,0,18,19,1,5,0,0,8,0,0,0,0,1,1,6,6,2,21,5,2987,2,7,MERCEDES SPRINTER,3,E01000009,0,3
2024531455691,2024,531455691,1,19,0,-1,9,7,3,-1,0,8,0,0,0,0,3,1,-1,1,1,28,6,2143,2,12,MERCEDES SPRINTER,7,E01032317,0,4
2024430262806,2024,430262806,1,19,0,18,19,2,6,0,0,8,0,0,0,0,3,1,1,1,1,30,6,2143,2,3,MERCEDES SPRINTER,10,E01016628,0,2
2024211528451,2024,211528451,2,19,0,-1,1,3,7,-1,0,1,0,0,0,0,2,1,-1,6,1,37,7,2143,2,9,MERCEDES SPRINTER,9,E01019595,0,4
2024201497077,2024,201497077,1,19,0,-1,1,8,2,-1,0,0,0,4,0,0,2,1,-1,6,1,-1,-1,2143,2,7,MERCEDES SPRINTER,-1,-1,0,-1
2024451442434,2024,451442434,1,19,0,-1,9,4,6,-1,0,8,0,0,0,0,1,1,-1,1,1,38,7,2143,2,5,MERCEDES SPRINTER,8,E01030950,0,1
2024010534422,2024,010534422,2,19,0,3,3,7,3,0,0,0,0,0,0,0,4,1,6,6,3,-1,-1,2143,2,7,MERCEDES SPRINTER,-1,-1,0,-1
2024041506484,2024,041506484,1,19,0,-1,19,5,1,-1,0,0,0,0,0,0,1,1,-1,1,1,29,6,1950,2,2,MERCEDES SPRINTER,6,E01032037,0,5
2024201452696,2024,201452696,1,19,0,-1,19,2,4,-1,0,8,0,0,0,0,1,9,-1,6,3,-1,-1,2143,2,12,MERCEDES SPRINTER,-1,-1,0,-1
2024010547186,2024,010547186,2,19,0,9,9,3,8,0,0,5,0,0,0,0,1,1,1,1,1,38,7,2143,2,7,MERCEDES SPRINTER,2,E01001957,0,3
2024010507453,2024,010507453,7,19,0,99,99,9,9,99,99,9,0,99,9,99,9,1,6,6,1,55,8,1950,2,3,MERCEDES SPRINTER,2,E01034198,0,3
2024501439211,2024,501439211,2,19,0,-1,19,3,7,-1,0,0,0,0,0,0,0,9,-1,6,3,-1,-1,2143,2,4,MERCEDES SPRINTER,-1,-1,0,-1
2024010491532,2024,010491532,2,90,0,18,19,1,5,0,0,1,0,0,0,0,1,1,6,6,1,22,5,2987,2,6,MERCEDES SPRINTER,-1,-1,0,-1
2024010511817,2024,010511817,2,19,0,99,99,9,9,99,99,9,9,99,9,99,1,9,6,6,3,-1,-1,2143,2,6,MERCEDES SPRINTER,3,E01000128,0,3
2024111436126,2024,111436126,1,19,0,-1,5,3,7,-1,0,2,0,0,0,0,4,1,-1,1,1,24,5,2143,2,4,MERCEDES SPRINTER,1,E01012083,0,4
2024010535461,2024,010535461,2,20,0,18,19,1,5,0,0,0,0,0,0,0,2,1,1,1,1,56,9,-1,-1,-1,MERCEDES SPRINTER,6,E01023388,0,4
2024531462372,2024,531462372,3,19,0,-1,19,6,2,-1,0,8,0,0,0,0,0,9,-1,1,2,-1,-1,-1,-1,-1,MERCEDES SPRINTER,-1,-1,0,-1
2024010549805,2024,010549805,1,9,0,9,9,5,3,0,0,6,0,0,0,0,1,1,6,6,1,62,9,2143,2,4,MERCEDES SPRINTER,4,E01003214,0,1
2024421482830,2024,421482830,1,19,0,-1,19,5,1,-1,0,0,0,0,0,0,1,1,-1,1,1,30,6,2143,2,3,MERCEDES SPRINTER,6,E01021473,0,3
2024010538321,2024,010538321,2,19,0,4,4,2,6,0,0,0,0,0,0,0,2,1,1,1,1,36,7,2143,2,3,MERCEDES SPRINTER,5,E01016566,0,4
2024131433246,2024,131433246,1,20,0,-1,19,5,5,-1,0,1,0,0,0,0,1,1,-1,1,1,37,7,-1,-1,-1,MERCEDES SPRINTER,1,E01010730,0,1
2024544824624,2024,544824624,1,19,0,18,19,3,7,0,0,1,1,7,3,0,1,1,1,1,1,38,7,2143,2,3,MERCEDES SPRINTER,8,E01015526,0,2
2024141467341,2024,141467341,3,19,0,-1,4,5,1,-1,0,0,0,0,0,0,1,1,-1,1,1,28,6,2148,2,18,MERCEDES SPRINTER,7,E01007801,0,1
2024991420757,2024,991420757,3,19,0,-1,19,3,7,-1,0,0,0,0,0,0,2,1,-1,1,1,53,8,2143,2,12,MERCEDES SPRINTER,9,-1,0,4
2024461485418,2024,461485418,2,19,0,-1,9,4,6,-1,0,0,0,0,0,0,3,2,-1,6,1,44,7,2143,2,5,MERCEDES SPRINTER,7,E01016089,0,3
2024461505446,2024,461505446,1,20,0,-1,5,6,8,-1,0,6,0,0,0,0,4,9,-1,1,1,48,8,2143,2,3,MERCEDES SPRINTER,1,E01035317,0,2
2024311525071,2024,311525071,1,10,0,-1,4,1,5,-1,0,0,0,0,0,0,1,1,-1,1,1,62,9,-1,-1,-1,MERCEDES SPRINTER,1,E01013959,0,1
2024631512220,2024,631512220,2,20,0,-1,19,2,6,-1,0,0,0,0,0,0,1,1,-1,2,1,44,7,-1,-1,-1,MERCEDES SPRINTER,5,W01000528,0,2
2024010508382,2024,010508382,1,19,0,18,19,3,7,0,0,2,0,0,0,0,4,1,1,1,1,41,7,2143,2,5,MERCEDES SPRINTER,4,E01023864,0,4
2024371504838,2024,371504838,1,19,0,-1,19,3,7,-1,0,1,0,0,0,0,1,1,-1,1,1,62,9,2143,2,3,MERCEDES SPRINTER,9,E01030033,0,4
2024010540771,2024,010540771,1,20,0,99,99,9,9,99,99,9,9,99,9,99,9,9,1,1,1,33,6,-1,-1,-1,MERCEDES SPRINTER,10,E01031259,0,5
2024471414244,2024,471414244,1,19,0,-1,19,7,3,-1,0,0,0,0,0,0,1,1,-1,6,1,64,9,2143,2,12,MERCEDES SPRINTER,1,E01031427,0,4
2024522401679,2024,522401679,1,19,0,2,2,0,0,6,6,0,0,0,0,0,2,1,6,6,1,32,6,1950,2,3,MERCEDES SPRINTER,5,E01003684,0,5
2024371414331,2024,371414331,2,19,0,-1,19,8,4,-1,0,1,0,0,0,0,1,1,-1,2,1,24,5,2143,2,9,MERCEDES SPRINTER,3,E01029916,0,4
2024221427532,2024,221427532,1,19,0,-1,9,3,1,-1,0,6,0,0,0,0,3,1,-1,1,1,25,5,2143,2,8,MERCEDES SPRINTER,1,E01013621,0,5
2024061442057,2024,061442057,1,19,0,-1,19,1,5,-1,0,0,0,0,0,0,1,2,-1,1,1,29,6,2143,2,10,MERCEDES SPRINTER,2,E01005999,0,3
2024351472364,2024,351472364,1,20,0,-1,19,3,7,-1,0,2,0,0,0,0,1,1,-1,6,1,60,9,2143,2,5,MERCEDES SPRINTER,3,E01018147,0,2
2024461521100,2024,461521100,1,19,0,-1,14,3,7,-1,0,0,0,4,0,0,1,1,-1,1,1,35,6,2143,2,7,MERCEDES SPRINTER,5,E01024594,0,4
2024332400565,2024,332400565,2,19,0,-1,6,1,1,-1,0,0,0,0,0,0,1,1,-1,6,1,-1,-1,2143,2,9,MERCEDES SPRINTER,-1,-1,0,-1
2024610034124,2024,610034124,1,19,0,18,19,1,5,0,0,1,0,0,0,0,2,1,1,1,1,30,6,1950,2,1,MERCEDES SPRINTER,8,E01032972,0,5
2024430121265,2024,430121265,1,19,0,18,19,5,1,0,0,0,0,0,0,0,1,1,1,1,1,27,6,2143,2,5,MERCEDES SPRINTER,8,E01005837,0,5
2024010535693,2024,010535693,2,19,0,99,99,9,9,99,99,0,9,99,9,99,2,9,6,6,3,-1,-1,1950,2,3,MERCEDES SPRINTER,-1,-1,0,-1
2024991514104,2024,991514104,2,19,0,-1,2,0,0,-1,0,0,0,0,0,0,2,1,-1,6,-1,-1,-1,2143,2,12,MERCEDES SPRINTER,-1,-1,0,-1
2024010521016,2024,010521016,2,19,0,99,99,9,9,99,99,9,9,99,9,99,1,9,1,1,1,44,7,2143,2,6,MERCEDES SPRINTER,3,E01000515,0,2
2024010489663,2024,010489663,1,9,9,99,99,9,9,99,99,0,9,99,9,99,9,9,6,6,3,-1,-1,2143,2,7,MERCEDES SPRINTER,-1,-1,0,-1
2024010526537,2024,010526537,2,19,0,99,99,9,9,99,99,9,9,99,9,99,2,9,6,6,3,-1,-1,2143,2,4,MERCEDES SPRINTER,-1,-1,0,-1
2024610008424,2024,610008424,1,21,0,7,7,8,2,0,0,1,0,0,0,0,1,1,1,1,1,44,7,1950,2,1,MERCEDES SPRINTER,10,E01014761,0,3
2024131494491,2024,131494491,1,19,0,-1,1,1,5,-1,0,0,0,0,0,0,-1,1,-1,6,3,-1,-1,2148,2,16,MERCEDES SPRINTER,-1,-1,0,-1
2024421413667,2024,421413667,2,19,0,-1,15,3,7,-1,0,2,0,0,0,0,0,1,-1,1,1,21,5,2143,2,4,MERCEDES SPRINTER,3,E01021889,0,2
2024010543811,2024,010543811,2,19,0,99,99,9,9,99,99,9,9,99,9,99,9,9,6,6,3,-1,-1,1950,2,1,MERCEDES SPRINTER,-1,-1,0,-1
2024010525552,2024,010525552,2,19,0,99,99,9,9,99,99,0,9,99,9,99,2,9,6,6,3,-1,-1,2143,2,8,MERCEDES SPRINTER,-1,-1,0,-1
2024401422385,2024,401422385,1,19,0,-1,-1,-1,-1,-1,-1,0,-1,-1,-1,0,-1,9,-1,6,3,-1,-1,2143,2,8,MERCEDES SPRINTER,-1,-1,0,-1
2024201419701,2024,201419701,2,19,0,-1,9,8,2,-1,0,6,0,0,0,0,3,9,-1,1,1,44,7,2143,2,7,MERCEDES SPRINTER,2,E01010059,0,1
2024401469580,2024,401469580,1,19,0,-1,1,7,4,-1,0,2,0,0,0,0,0,1,-1,9,1,59,9,2143,2,7,MERCEDES SPRINTER,6,E01015780,0,1
2024041456384,2024,041456384,2,19,0,-1,9,1,5,-1,0,8,0,0,0,0,1,1,-1,1,1,37,7,2143,2,9,MERCEDES SPRINTER,4,E01024960,0,3
2024070834514,2024,070834514,2,19,0,-1,19,3,7,-1,0,0,0,0,0,0,3,1,-1,1,1,52,8,2143,2,3,MERCEDES SPRINTER,3,E01035604,0,5
2024371440686,2024,371440686,1,19,-1,-1,1,-1,-1,-1,0,0,0,0,0,0,2,9,-1,6,1,54,8,2143,2,2,MERCEDES SPRINTER,9,E01023380,0,5
2024010525508,2024,010525508,1,19,0,99,99,9,9,99,99,9,9,99,9,99,0,1,6,6,3,-1,-1,2143,2,14,MERCEDES SPRINTER,-1,-1,0,-1
202460Q099383,2024,60Q099383,1,19,0,10,10,8,5,0,0,1,0,0,0,0,0,1,1,1,1,55,8,2143,2,3,MERCEDES SPRINTER,-1,-1,0,-1
2024101419324,2024,101419324,1,19,0,-1,19,6,1,-1,0,0,0,0,0,0,4,1,-1,1,1,50,8,1950,2,2,MERCEDES SPRINTER,4,W01000639,0,5
2024461485198,2024,461485198,2,19,0,-1,4,7,2,-1,0,0,0,0,0,0,2,1,-1,1,1,32,6,1950,2,3,MERCEDES SPRINTER,5,E01000469,0,4
2024461474263,2024,461474263,1,19,0,-1,4,7,3,-1,0,2,0,0,0,0,0,1,-1,1,1,62,9,1950,2,3,MERCEDES SPRINTER,6,E01021308,0,4
2024411543355,2024,411543355,1,19,0,-1,9,5,3,-1,0,1,0,0,0,0,1,1,-1,6,-1,26,6,2143,2,5,MERCEDES SPRINTER,5,E01015753,0,4
2024010541956,2024,010541956,2,19,9,99,99,9,9,99,99,6,9,99,9,99,9,9,6,6,3,-1,-1,1950,2,1,MERCEDES SPRINTER,-1,-1,0,-1
2024061409980,2024,061409980,2,10,0,-1,19,2,6,-1,0,0,0,0,0,0,1,1,-1,7,1,62,9,2143,2,7,MERCEDES SPRINTER,3,E01005535,0,2
2024501398925,2024,501398925,1,19,0,-1,19,8,5,-1,0,0,0,0,0,0,4,9,-1,6,1,42,7,2143,2,6,MERCEDES SPRINTER,1,E01015078,0,1
2024010516603,2024,010516603,1,19,0,18,19,4,8,0,0,1,0,7,0,0,1,1,1,1,1,58,9,2143,2,6,MERCEDES SPRINTER,2,E01003052,0,1
2024010530727,2024,010530727,2,19,0,4,4,3,7,0,0,0,0,0,0,0,3,1,1,1,1,51,8,2143,2,4,MERCEDES SPRINTER,1,E01001575,0,1
2024548590024,2024,548590024,2,19,0,9,9,5,3,0,0,5,0,0,0,0,3,1,6,6,1,38,7,1950,2,2,MERCEDES SPRINTER,9,E01031999,0,1
2024141432647,2024,141432647,2,19,0,-1,19,2,6,-1,0,0,0,0,0,0,2,1,-1,1,1,22,5,2143,2,7,MERCEDES SPRINTER,3,E01007807,0,2
2024122400774,2024,122400774,2,10,0,4,4,1,5,0,0,0,0,0,0,0,1,1,1,1,2,56,9,1950,2,1,MERCEDES SPRINTER,6,E01027809,0,1
2024622400510,2024,622400510,2,19,0,4,4,2,6,0,0,8,0,0,0,0,2,1,6,6,1,45,7,1950,2,2,MERCEDES SPRINTER,1,W01001219,0,4
2024421459850,2024,421459850,1,19,0,-1,5,3,4,-1,0,0,0,0,0,0,1,9,-1,1,1,43,7,1950,2,3,MERCEDES SPRINTER,1,E01021301,0,4
2024141399289,2024,141399289,1,19,0,-1,7,1,3,-1,0,6,0,0,0,0,1,1,-1,1,1,29,6,2143,2,5,MERCEDES SPRINTER,1,E01007378,0,1
2024552401218,2024,552401218,1,19,0,18,19,2,6,0,0,0,2,0,1,10,1,1,2,2,1,42,7,2143,2,12,MERCEDES SPRINTER,3,E01022680,0,4
2024440219965,2024,440219965,1,19,0,9,9,4,2,0,0,6,0,0,0,0,1,1,1,1,1,36,7,1950,2,0,MERCEDES SPRINTER,7,E01030466,0,2
2024010498684,2024,010498684,2,19,0,9,9,4,1,0,0,2,0,0,0,0,2,1,1,1,1,23,5,-1,3,3,MERCEDES SPRINTER,4,E01001435,0,3
2024010503886,2024,010503886,2,19,0,99,99,9,9,99,99,9,9,99,9,99,2,9,6,6,1,21,5,1950,2,2,MERCEDES SPRINTER,2,E01001334,0,3
2024061448369,2024,061448369,2,19,0,-1,9,-1,-1,-1,0,1,0,0,0,0,4,1,-1,6,3,-1,-1,2143,2,7,MERCEDES SPRINTER,-1,-1,0,-1
2024221489475,2024,221489475,1,19,0,-1,1,3,7,-1,9,5,0,0,0,0,2,9,-1,6,1,63,9,2143,2,10,MERCEDES SPRINTER,9,E01032297,0,1
2024052400656,2024,052400656,1,19,0,1,1,1,5,0,0,0,0,0,0,0,2,1,1,1,1,29,6,2143,2,11,MERCEDES SPRINTER,1,E01006759,0,2
2024131530446,2024,131530446,1,20,0,-1,12,3,1,-1,0,4,0,0,0,0,4,1,-1,1,1,38,7,-1,-1,-1,MERCEDES SPRINTER,10,E01011266,0,3
2024991448754,2024,991448754,2,20,0,-1,19,1,5,-1,0,0,0,0,0,0,1,1,-1,1,1,64,9,2143,2,4,MERCEDES SPRINTER,6,-1,0,4
2024631455415,2024,631455415,1,19,0,-1,19,2,6,-1,0,0,1,0,0,0,1,1,-1,6,1,29,6,1950,2,1,MERCEDES SPRINTER,2,E01010047,0,4
2024010540575,2024,010540575,1,19,0,9,9,5,2,0,0,1,0,0,0,0,3,1,1,1,1,22,5,1950,2,3,MERCEDES SPRINTER,3,E01004305,0,2
2024522402789,2024,522402789,1,19,0,5,5,4,8,0,0,0,0,0,0,0,1,1,6,6,1,41,7,2148,2,17,MERCEDES SPRINTER,2,E01014526,0,1
2024010516524,2024,010516524,1,19,0,99,99,9,9,99,99,0,9,99,9,99,1,9,6,6,1,57,9,2143,2,6,MERCEDES SPRINTER,7,E01035320,0,4
2024351396799,2024,351396799,1,19,0,-1,5,1,6,-1,0,8,0,0,0,0,1,9,-1,1,1,56,9,1950,2,1,MERCEDES SPRINTER,1,E01016843,0,4
2024371480461,2024,371480461,3,19,0,-1,4,3,7,-1,0,0,0,0,0,0,2,1,-1,9,1,38,7,2143,2,8,MERCEDES SPRINTER,10,E01033319,0,3
2024461468046,2024,461468046,1,19,0,-1,1,6,2,-1,0,0,0,0,0,0,2,1,-1,1,1,55,8,2143,2,11,MERCEDES SPRINTER,4,E01035315,0,3
2024302401238,2024,302401238,1,19,0,18,19,5,1,0,0,0,2,0,1,9,1,1,6,6,1,54,8,2143,2,10,MERCEDES SPRINTER,3,E01028338,0,4
2024201481028,2024,201481028,1,19,0,-1,19,4,8,-1,0,0,0,0,0,0,1,1,-1,6,1,22,5,2143,2,9,MERCEDES SPRINTER,-1,-1,0,-1
2024522401175,2024,522401175,2,19,0,18,19,7,3,0,0,8,0,0,0,0,1,1,1,1,1,33,6,2143,2,5,MERCEDES SPRINTER,5,E01035224,0,4
2024552401485,2024,552401485,4,19,0,2,2,0,0,0,0,0,0,0,0,0,0,1,2,2,1,51,8,1950,2,2,MERCEDES SPRINTER,9,E01028683,0,5
2024440311631,2024,440311631,1,19,0,18,19,1,5,0,0,2,0,0,0,0,1,1,1,1,1,32,6,1950,2,0,MERCEDES SPRINTER,3,E01034064,0,4