collision_index,collision_year,collision_ref_no,vehicle_reference,vehicle_type,towing_and_articulation,vehicle_manoeuvre_historic,vehicle_manoeuvre,vehicle_direction_from,vehicle_direction_to,vehicle_location_restricted_lane_historic,vehicle_location_restricted_lane,junction_location,skidding_and_overturning,hit_object_in_carriageway,vehicle_leaving_carriageway,hit_object_off_carriageway,first_point_of_impact,vehicle_left_hand_drive,journey_purpose_of_driver_historic,journey_purpose_of_driver,sex_of_driver,age_of_driver,age_band_of_driver,engine_capacity_cc,propulsion_code,age_of_vehicle,generic_make_model,driver_imd_decile,lsoa_of_driver,escooter_flag,driver_distance_banding
2024320664191,2024,320664191,2,10,0,4,4,6,2,0,0,1,0,0,0,0,2,1,1,1,1,50,8,2143,2,3,MERCEDES SPRINTER,-1,-1,0,-1
2024340NN3882,2024,340NN3882,1,19,0,-1,19,3,7,-1,0,0,0,0,1,1,1,1,-1,6,1,21,5,1950,2,3,MERCEDES SPRINTER,2,E01013721,0,4
2024201456361,2024,201456361,1,19,0,-1,19,5,1,-1,0,0,0,0,0,0,1,1,-1,6,1,33,6,1950,2,1,MERCEDES SPRINTER,6,E01010012,0,1
2024311521042,2024,311521042,1,19,0,-1,4,1,5,-1,0,0,0,0,0,0,1,1,-1,1,1,28,6,2143,2,4,MERCEDES SPRINTER,1,E01013825,0,3
2024010508427,2024,010508427,2,19,0,3,3,5,1,0,0,1,1,0,0,0,1,1,6,6,1,38,7,2143,2,5,MERCEDES SPRINTER,-1,-1,0,-1
2024421487777,2024,421487777,3,19,0,-1,19,6,2,-1,0,0,0,0,0,0,2,1,-1,6,1,30,6,2143,2,5,MERCEDES SPRINTER,-1,-1,0,-1
2024340NN1092,2024,340NN1092,1,19,0,-1,19,1,5,-1,0,0,0,0,0,0,1,1,-1,9,1,48,8,-1,-1,-1,MERCEDES SPRINTER,-1,-1,0,-1
2024371501949,2024,371501949,1,20,0,-1,19,8,5,-1,0,1,0,0,7,0,1,1,-1,1,1,46,8,2143,2,4,MERCEDES SPRINTER,4,E01003769,0,5
2024311467445,2024,311467445,1,19,0,-1,19,2,7,-1,0,8,0,0,0,0,1,1,-1,6,1,26,6,1950,2,1,MERCEDES SPRINTER,-1,-1,0,-1
2024991489923,2024,991489923,1,19,0,-1,19,4,8,-1,0,1,0,0,0,0,1,1,-1,1,1,63,9,2143,2,6,MERCEDES SPRINTER,4,-1,0,4
2024991536324,2024,991536324,2,19,0,-1,19,6,2,-1,0,0,2,0,0,0,1,1,-1,1,1,46,8,2143,2,8,MERCEDES SPRINTER,1,E01010840,0,5
2024201514988,2024,201514988,2,19,0,-1,12,3,7,-1,0,0,0,0,0,0,2,1,-1,6,-1,-1,-1,1950,2,1,MERCEDES SPRINTER,-1,-1,0,-1
2024522402256,2024,522402256,2,19,0,1,1,1,5,0,0,0,0,0,0,0,2,1,6,6,1,43,7,2143,2,13,MERCEDES SPRINTER,9,E01014755,0,4
2024991399482,2024,991399482,2,19,0,-1,19,2,6,-1,0,0,0,0,0,0,2,1,-1,1,1,51,8,2143,2,7,MERCEDES SPRINTER,7,-1,0,4
2024211509072,2024,211509072,1,19,0,-1,19,2,6,-1,0,1,0,0,0,0,1,1,-1,9,1,38,7,2143,2,8,MERCEDES SPRINTER,6,E01025367,0,4
2024010510700,2024,010510700,2,19,0,99,99,9,9,99,99,9,9,99,9,99,1,9,6,6,3,-1,-1,-1,3,4,MERCEDES SPRINTER,-1,-1,0,-1
2024430087742,2024,430087742,1,21,0,13,13,6,2,0,0,0,0,0,0,0,0,1,6,6,1,-1,-1,-1,-1,-1,MERCEDES SPRINTER,-1,-1,0,-1
2024061506373,2024,061506373,1,19,0,-1,9,1,7,-1,0,8,0,0,0,0,1,1,-1,1,1,46,8,2143,2,5,MERCEDES SPRINTER,8,E01006330,0,3
2024041455349,2024,041455349,2,19,0,-1,19,8,4,-1,0,1,0,0,0,0,1,1,-1,1,1,36,7,2148,2,20,MERCEDES SPRINTER,1,E01025083,0,1
2024231505378,2024,231505378,2,19,0,-1,19,2,6,-1,0,8,0,0,0,0,1,1,-1,1,1,26,6,2143,2,8,MERCEDES SPRINTER,2,E01010258,0,4
2024461500534,2024,461500534,1,19,0,-1,19,3,7,-1,0,0,0,0,0,0,1,9,-1,9,1,38,7,2143,2,6,MERCEDES SPRINTER,2,E01024305,0,2
2024430075185,2024,430075185,2,19,0,9,9,7,5,0,0,8,0,0,0,0,2,1,1,1,1,60,9,2143,2,2,MERCEDES SPRINTER,-1,-1,0,-1
2024451430894,2024,451430894,4,19,0,-1,2,0,0,-1,0,0,0,0,0,0,1,1,-1,6,-1,-1,-1,2143,2,8,MERCEDES SPRINTER,-1,-1,0,-1
202417S113424,2024,17S113424,1,19,0,-1,7,8,1,-1,0,8,0,0,0,0,1,1,-1,1,1,41,7,2143,2,3,MERCEDES SPRINTER,2,E01012017,0,2
2024461488922,2024,461488922,2,10,0,-1,19,1,5,-1,0,0,0,0,0,0,2,1,-1,1,1,75,10,-1,-1,-1,MERCEDES SPRINTER,7,E01000442,0,3
2024520402767,2024,520402767,2,90,0,18,19,2,6,0,0,1,0,0,0,0,1,1,6,6,2,56,9,2987,2,9,MERCEDES SPRINTER,7,E01014420,0,4
2024101507820,2024,101507820,1,19,0,-1,4,2,6,-1,0,0,0,0,0,0,4,1,-1,1,1,45,7,2143,2,7,MERCEDES SPRINTER,-1,-1,0,-1
2024010505549,2024,010505549,1,19,0,7,7,3,5,0,0,5,0,0,0,0,4,1,1,1,1,27,6,1950,2,3,MERCEDES SPRINTER,3,E01002102,0,2
2024471515915,2024,471515915,1,19,0,-1,1,7,3,-1,0,0,0,0,0,0,2,1,-1,1,1,32,6,1950,2,0,MERCEDES SPRINTER,2,E01031790,0,4
2024430246859,2024,430246859,1,19,0,9,9,2,8,0,0,6,0,0,0,0,0,1,1,1,1,32,6,1950,2,1,MERCEDES SPRINTER,9,E01028469,0,1
2024201455910,2024,201455910,2,19,0,-1,13,6,7,-1,0,3,0,10,1,0,2,1,-1,1,1,48,8,2143,2,4,MERCEDES SPRINTER,1,E01009059,0,1
2024010535629,2024,010535629,1,19,0,1,1,1,5,0,0,0,0,0,0,0,2,1,2,2,1,36,7,2143,2,5,MERCEDES SPRINTER,4,E01001359,0,1
2024010510169,2024,010510169,2,19,0,5,5,5,1,0,0,8,0,0,1,0,1,1,2,2,1,52,8,1950,2,3,MERCEDES SPRINTER,10,E01016185,0,4
2024421442864,2024,421442864,1,19,0,-1,5,3,7,-1,0,6,0,0,0,0,1,1,-1,1,1,-1,-1,2143,2,6,MERCEDES SPRINTER,-1,-1,0,-1
2024141421541,2024,141421541,2,19,0,-1,19,1,5,-1,0,0,0,0,0,0,2,1,-1,1,1,29,6,2143,2,8,MERCEDES SPRINTER,7,E01031204,0,5
2024010544481,2024,010544481,3,19,0,18,19,1,5,0,0,9,0,0,0,0,1,1,6,6,1,44,7,2143,2,7,MERCEDES SPRINTER,2,E01000063,0,3
2024991453481,2024,991453481,2,19,0,-1,19,7,3,-1,0,2,0,0,0,0,1,1,-1,1,1,71,10,2143,2,7,MERCEDES SPRINTER,1,-1,0,1
2024131503033,2024,131503033,1,19,0,-1,9,5,5,-1,0,2,0,0,0,0,1,1,-1,1,1,19,4,2143,2,3,MERCEDES SPRINTER,2,E01011167,0,1
2024231490903,2024,231490903,1,20,0,-1,1,7,3,-1,0,6,0,0,0,0,3,1,-1,1,1,51,8,1950,2,3,MERCEDES SPRINTER,5,E01031106,0,4
2024061489332,2024,061489332,2,19,0,-1,10,3,5,-1,0,1,0,0,0,0,3,1,-1,1,1,44,7,2143,2,8,MERCEDES SPRINTER,5,E01005507,0,2
2024010542164,2024,010542164,1,19,0,18,19,5,1,0,0,0,0,0,0,0,2,1,1,1,1,30,6,2143,2,5,MERCEDES SPRINTER,6,E01002676,0,3
2024141476746,2024,141476746,2,19,0,-1,9,7,5,-1,0,5,0,0,0,0,4,1,-1,1,1,80,11,2143,2,9,MERCEDES SPRINTER,-1,-1,0,-1
2024351454739,2024,351454739,1,19,0,-1,7,1,3,-1,5,5,0,0,1,0,4,1,-1,1,1,30,6,2143,2,5,MERCEDES SPRINTER,4,E01018060,0,4
2024411538987,2024,411538987,3,19,0,-1,3,2,6,-1,0,1,0,0,0,0,1,1,-1,6,1,48,8,1950,2,4,MERCEDES SPRINTER,6,E01035562,0,1
2024991497189,2024,991497189,1,10,0,-1,19,7,3,-1,0,2,0,0,0,0,1,1,-1,1,1,55,8,2143,2,3,MERCEDES SPRINTER,4,-1,0,1
2024311407728,2024,311407728,2,19,0,-1,1,2,3,-1,0,0,0,0,0,0,2,1,-1,1,1,33,6,1950,2,3,MERCEDES SPRINTER,7,E01028378,0,3
2024122400982,2024,122400982,1,19,0,9,9,4,8,0,0,6,0,0,0,0,1,1,1,1,1,30,6,2143,2,10,MERCEDES SPRINTER,6,E01027726,0,4
2024311458558,2024,311458558,2,19,0,-1,19,3,7,-1,-1,0,5,0,3,0,1,1,-1,2,1,38,7,1950,2,1,MERCEDES SPRINTER,1,E01013481,0,4
2024451483078,2024,451483078,1,19,0,-1,19,3,7,-1,0,1,1,4,0,0,1,1,-1,1,1,46,8,1950,2,2,MERCEDES SPRINTER,5,E01034037,0,3
2024501526707,2024,501526707,2,19,0,-1,19,8,2,-1,0,2,1,0,0,0,1,1,-1,1,1,47,8,2143,2,7,MERCEDES SPRINTER,5,E01019947,0,3
2024221528536,2024,221528536,1,19,0,-1,19,1,4,-1,0,0,5,0,2,0,1,1,-1,9,1,35,6,2143,2,4,MERCEDES SPRINTER,1,E01032311,0,1
2024340WN0952,2024,340WN0952,2,19,0,-1,4,4,8,-1,0,0,0,0,0,0,2,1,-1,1,1,32,6,2143,2,2,MERCEDES SPRINTER,1,E01009297,0,4
2024211480725,2024,211480725,2,19,0,-1,9,2,1,-1,0,1,0,0,0,0,4,1,-1,1,1,37,7,2143,2,2,MERCEDES SPRINTER,4,E01029646,0,1
2024501529866,2024,501529866,1,19,0,-1,9,6,3,-1,0,8,0,0,0,0,1,1,-1,1,1,52,8,1950,2,1,MERCEDES SPRINTER,10,E01020004,0,4
2024461439293,2024,461439293,2,19,0,-1,19,7,3,-1,0,0,0,0,0,0,3,1,-1,1,1,20,4,1950,2,2,MERCEDES SPRINTER,3,E01024552,0,3
2024631479325,2024,631479325,1,90,0,-1,1,1,5,-1,0,0,0,0,0,0,2,1,-1,1,1,60,9,2987,2,8,MERCEDES SPRINTER,7,W01000558,0,2
2024010538384,2024,010538384,1,19,0,5,5,5,1,0,0,1,0,0,0,0,1,1,1,1,1,24,5,2143,2,8,MERCEDES SPRINTER,1,E01002038,0,2
2024440381314,2024,440381314,2,19,0,4,4,1,5,0,0,8,0,0,0,0,2,1,1,1,1,64,9,2143,2,7,MERCEDES SPRINTER,5,E01022924,0,4
2024340NN2002,2024,340NN2002,1,19,0,-1,19,1,5,-1,0,0,0,0,0,0,1,1,-1,1,1,59,9,2143,2,13,MERCEDES SPRINTER,7,E01026272,0,4
2024401484231,2024,401484231,1,19,0,-1,-1,-1,-1,-1,-1,0,-1,-1,-1,0,-1,9,-1,6,3,-1,-1,2143,2,6,MERCEDES SPRINTER,-1,-1,0,-1
2024131449992,2024,131449992,1,19,0,-1,19,1,5,-1,0,0,0,0,0,0,1,1,-1,2,1,52,8,2143,2,7,MERCEDES SPRINTER,1,E01011430,0,1
2024332400698,2024,332400698,1,19,0,-1,3,3,7,-1,0,1,0,10,0,0,3,1,-1,2,1,42,7,2143,2,6,MERCEDES SPRINTER,10,E01025696,0,1
2024430393957,2024,430393957,3,20,0,2,2,0,0,0,0,0,0,0,0,0,2,1,6,6,3,-1,-1,-1,-1,-1,MERCEDES SPRINTER,-1,-1,0,-1
2024471407300,2024,471407300,2,90,0,-1,4,5,1,-1,0,1,0,0,0,0,2,1,-1,9,2,56,9,2987,2,6,MERCEDES SPRINTER,2,E01020922,0,1
2024010497310,2024,010497310,2,19,0,99,99,9,9,99,99,9,9,99,9,99,9,9,6,6,3,-1,-1,2143,2,7,MERCEDES SPRINTER,-1,-1,0,-1
2024041406530,2024,041406530,1,19,0,-1,19,3,7,-1,0,0,0,0,0,0,1,1,-1,1,1,60,9,2143,2,8,MERCEDES SPRINTER,5,E01029595,0,4
2024361443722,2024,361443722,2,19,0,-1,3,-1,-1,-1,0,1,0,0,0,0,2,1,-1,1,1,63,9,2143,2,4,MERCEDES SPRINTER,1,E01026827,0,1
2024101457479,2024,101457479,2,19,0,-1,19,5,1,-1,0,0,0,0,0,0,3,1,-1,9,1,30,6,2143,2,2,MERCEDES SPRINTER,1,E01008305,0,1
2024041524571,2024,041524571,1,19,0,-1,19,3,7,-1,0,1,0,0,0,0,1,1,-1,1,1,65,9,1950,2,2,MERCEDES SPRINTER,7,E01025576,0,2
2024461493172,2024,461493172,2,10,0,-1,19,5,1,-1,0,1,0,0,0,0,1,1,-1,1,1,52,8,2143,2,2,MERCEDES SPRINTER,2,E01024294,0,1
2024010502485,2024,010502485,2,19,0,99,99,9,9,99,99,9,9,99,9,99,1,9,6,6,3,-1,-1,1950,2,4,MERCEDES SPRINTER,7,E01004162,0,2
2024070252221,2024,070252221,1,19,0,17,19,3,7,0,0,0,5,0,1,9,1,1,1,1,1,37,7,1950,2,4,MERCEDES SPRINTER,4,E01029817,0,4
2024221428451,2024,221428451,1,19,0,-1,19,4,8,-1,0,0,0,0,0,0,1,9,-1,2,1,52,8,1950,2,3,MERCEDES SPRINTER,3,E01014155,0,4
2024991457063,2024,991457063,3,19,0,-1,4,7,3,-1,0,1,0,0,0,0,2,9,-1,9,1,76,11,2143,2,9,MERCEDES SPRINTER,3,E01019198,0,4
2024471409058,2024,471409058,1,19,0,-1,19,1,5,-1,0,0,0,0,0,0,3,1,-1,1,1,41,7,2143,2,5,MERCEDES SPRINTER,6,E01030610,0,4
2024991505125,2024,991505125,1,19,0,-1,2,5,1,-1,0,0,0,0,0,0,2,9,-1,1,1,46,8,2143,2,2,MERCEDES SPRINTER,2,-1,0,5
2024411510925,2024,411510925,1,19,0,-1,-1,-1,-1,-1,-1,-1,-1,-1,-1,0,1,9,-1,6,1,-1,-1,2143,2,7,MERCEDES SPRINTER,-1,-1,0,-1
2024311443405,2024,311443405,2,19,0,-1,6,5,5,-1,0,0,0,0,0,0,3,1,-1,1,1,59,9,1950,2,2,MERCEDES SPRINTER,5,E01006864,0,5
2024010511602,2024,010511602,3,19,0,18,19,7,3,0,0,0,0,0,0,0,1,1,1,1,1,25,5,2143,2,9,MERCEDES SPRINTER,5,E01000606,0,3
2024010501725,2024,010501725,2,19,0,18,19,5,1,0,0,8,0,0,0,0,2,1,1,1,1,21,5,2143,2,4,MERCEDES SPRINTER,3,E01002502,0,1
2024221463420,2024,221463420,1,19,0,-1,19,4,8,-1,0,0,0,0,0,0,3,9,-1,6,1,33,6,2143,2,4,MERCEDES SPRINTER,-1,-1,0,-1
2024122400582,2024,122400582,1,19,0,2,2,0,0,9,9,0,0,0,0,0,0,1,1,1,3,-1,-1,1950,2,1,MERCEDES SPRINTER,-1,-1,0,-1
2024471412432,2024,471412432,1,19,0,-1,7,7,1,-1,0,6,0,0,0,0,2,1,-1,1,1,35,6,2143,2,6,MERCEDES SPRINTER,2,E01020925,0,4
2024101452455,2024,101452455,2,10,0,-1,4,2,6,-1,0,8,0,0,0,0,2,1,-1,1,1,77,11,2143,2,13,MERCEDES SPRINTER,7,E01008364,0,2
2024161432316,2024,161432316,1,19,0,-1,19,2,6,-1,0,1,0,0,0,0,1,1,-1,1,1,72,10,2143,2,10,MERCEDES SPRINTER,1,E01012785,0,3
2024131515758,2024,131515758,1,19,0,-1,9,1,5,-1,0,0,1,0,0,0,3,1,-1,1,1,59,9,2143,2,2,MERCEDES SPRINTER,7,E01011054,0,1
202417M218724,2024,17M218724,4,19,0,-1,2,0,0,-1,0,0,0,0,0,0,3,1,-1,9,1,-1,-1,2143,2,7,MERCEDES SPRINTER,-1,-1,0,-1
2024201439575,2024,201439575,1,19,0,-1,19,6,3,-1,0,5,0,0,0,0,1,1,-1,6,1,30,6,2148,2,20,MERCEDES SPRINTER,-1,-1,0,-1
2024440553745,2024,440553745,2,19,0,18,19,8,4,0,0,4,0,0,0,0,0,1,1,1,1,62,9,2143,2,5,MERCEDES SPRINTER,-1,-1,0,-1
2024522402187,2024,522402187,2,19,0,17,19,6,4,0,0,0,0,0,0,0,1,1,6,6,1,44,7,2143,2,6,MERCEDES SPRINTER,2,W01001094,0,4
2024552401174,2024,552401174,1,19,0,9,9,2,8,0,0,0,0,0,0,0,1,1,1,1,1,20,4,2143,2,4,MERCEDES SPRINTER,4,E01034278,0,1
2024421495044,2024,421495044,1,19,0,-1,19,3,7,-1,0,0,0,0,7,2,3,1,-1,1,1,36,7,2143,2,7,MERCEDES SPRINTER,10,E01021912,0,3
2024451468557,2024,451468557,1,19,0,-1,19,5,1,-1,0,0,0,0,0,0,1,9,-1,1,1,29,6,1950,2,1,MERCEDES SPRINTER,2,E01033846,0,5
2024052401681,2024,052401681,3,19,0,18,19,6,2,0,0,0,0,0,0,0,3,1,1,1,1,38,7,2143,2,9,MERCEDES SPRINTER,1,E01006541,0,3
2024231457438,2024,231457438,2,19,0,-1,19,6,2,-1,0,0,1,0,0,0,2,1,-1,1,1,30,6,2143,2,6,MERCEDES SPRINTER,8,E01007023,0,5
202417L310324,2024,17L310324,2,19,0,-1,9,5,3,-1,0,8,0,0,0,0,0,1,-1,1,1,34,6,2143,2,7,MERCEDES SPRINTER,8,E01012188,0,3
2024201521097,2024,201521097,1,19,0,-1,9,1,7,-1,0,1,0,0,0,0,1,1,-1,1,1,40,7,1950,2,0,MERCEDES SPRINTER,-1,-1,0,-1
2024141471961,2024,141471961,1,19,0,-1,19,5,1,-1,0,0,0,0,0,0,1,9,-1,6,1,50,8,2143,2,3,MERCEDES SPRINTER,3,E01007820,0,1
2024010505402,2024,010505402,2,19,0,4,4,3,7,0,0,0,0,0,0,0,2,1,1,1,1,39,7,1950,2,2,MERCEDES SPRINTER,5,E01002671,0,4
2024122400247,2024,122400247,2,19,0,18,19,3,7,0,0,0,0,0,0,0,1,1,1,1,1,50,8,2143,2,6,MERCEDES SPRINTER,4,E01005820,0,4
2024991455033,2024,991455033,2,10,0,-1,2,7,3,-1,0,0,0,0,0,0,2,1,-1,1,2,29,6,2143,2,4,MERCEDES SPRINTER,2,-1,0,2
2024471501813,2024,471501813,1,10,0,-1,9,7,3,-1,99,0,0,0,7,0,3,1,-1,1,1,29,6,-1,-1,-1,MERCEDES SPRINTER,3,E01016873,0,3
2024430464690,2024,430464690,1,19,0,18,19,5,1,0,0,1,0,0,0,0,4,1,1,1,1,47,8,2143,2,8,MERCEDES SPRINTER,5,E01016488,0,1
2024451422269,2024,451422269,1,19,0,-1,19,8,4,-1,0,0,1,11,1,4,1,1,-1,1,1,45,7,2143,2,6,MERCEDES SPRINTER,6,E01001088,0,4
2024351541658,2024,351541658,1,19,0,-1,9,3,1,-1,0,8,0,0,0,0,3,1,-1,6,1,46,8,-1,3,4,MERCEDES SPRINTER,7,E01035526,0,1
2024070521927,2024,070521927,2,19,0,4,4,2,6,0,0,0,0,0,0,0,2,1,6,6,1,51,8,2148,2,16,MERCEDES SPRINTER,7,W01001510,0,5
2024010526207,2024,010526207,1,19,0,7,7,5,8,0,0,1,0,0,0,0,4,1,6,6,1,38,7,2148,2,17,MERCEDES SPRINTER,1,E01009269,0,5
2024430393957,2024,430393957,2,20,0,2,2,0,0,0,0,0,0,0,0,0,3,1,6,6,3,-1,-1,2143,2,14,MERCEDES SPRINTER,-1,-1,0,-1
2024122500017,2024,122500017,1,19,0,18,19,7,3,0,0,1,0,0,0,0,1,1,1,1,1,26,6,2143,2,6,MERCEDES SPRINTER,3,E01010629,0,5
2024991418982,2024,991418982,1,19,0,-1,19,3,8,-1,0,8,1,0,0,0,1,1,-1,2,1,21,5,2143,2,5,MERCEDES SPRINTER,2,-1,0,4
2024991413838,2024,991413838,2,19,0,-1,4,7,3,-1,0,0,0,0,0,0,1,9,-1,6,3,16,4,1950,2,3,MERCEDES SPRINTER,-1,-1,0,-1
2024430578836,2024,430578836,1,19,0,18,19,7,3,0,0,0,0,0,0,0,1,1,6,6,1,37,7,2143,2,6,MERCEDES SPRINTER,3,E01002526,0,1
2024461408723,2024,461408723,2,19,0,-1,19,7,3,-1,0,1,0,0,1,11,1,1,-1,1,1,26,6,2143,2,7,MERCEDES SPRINTER,7,E01032620,0,4
2024041400863,2024,041400863,1,19,0,-1,12,5,1,-1,0,1,0,0,0,0,1,1,-1,1,1,50,8,2143,2,8,MERCEDES SPRINTER,8,E01034338,0,1
2024501421196,2024,501421196,1,19,0,-1,9,7,3,-1,0,8,0,0,0,0,3,1,-1,1,2,37,7,2143,2,4,MERCEDES SPRINTER,-1,-1,0,-1
2024421466538,2024,421466538,2,19,0,-1,4,6,2,-1,0,0,0,0,0,0,2,1,-1,1,1,25,5,2143,2,7,MERCEDES SPRINTER,2,E01021314,0,2
2024332401136,2024,332401136,3,19,0,-1,19,1,5,-1,0,0,0,0,0,0,1,1,-1,1,1,19,4,2143,2,7,MERCEDES SPRINTER,6,E01013766,0,1
2024520001912,2024,520001912,1,19,0,18,19,5,2,0,0,8,0,0,0,0,1,1,6,6,1,61,9,2143,2,7,MERCEDES SPRINTER,7,E01014446,0,1
2024010509000,2024,010509000,1,19,0,7,7,6,1,0,0,1,0,0,0,0,4,1,6,6,1,44,7,2143,2,7,MERCEDES SPRINTER,-1,-1,0,-1
2024451523754,2024,451523754,1,9,0,-1,4,1,3,-1,0,1,0,0,0,0,4,1,-1,6,2,54,8,2143,2,4,MERCEDES SPRINTER,7,E01030662,0,1
2024010543744,2024,010543744,1,19,0,1,1,7,3,0,0,2,0,0,0,0,2,1,1,1,1,49,8,2987,2,9,MERCEDES SPRINTER,7,E01002514,0,4
2024010524121,2024,010524121,1,90,0,18,19,5,1,0,0,8,0,0,0,0,1,1,1,1,2,28,6,2987,2,9,MERCEDES SPRINTER,5,E01016233,0,4
2024010515058,2024,010515058,2,19,0,99,99,9,9,99,99,9,9,99,9,99,2,9,6,6,3,44,7,2143,2,6,MERCEDES SPRINTER,4,E01034612,0,3
2024010535461,2024,010535461,1,19,0,11,11,1,5,0,0,0,0,0,0,0,1,1,6,6,1,55,8,2143,2,7,MERCEDES SPRINTER,8,E01000320,0,3
2024010526257,2024,010526257,1,19,0,6,6,7,7,0,0,1,0,0,0,0,0,1,1,1,1,58,9,1950,2,0,MERCEDES SPRINTER,2,E01003511,0,2
2024010528340,2024,010528340,2,19,0,4,4,3,7,0,0,8,0,0,0,0,0,1,6,6,1,30,6,2143,2,4,MERCEDES SPRINTER,3,E01002649,0,2
2024070225213,2024,070225213,1,19,0,18,19,3,7,0,0,1,0,10,3,0,1,1,1,1,1,33,6,2143,2,5,MERCEDES SPRINTER,9,E01014258,0,3
2024010553773,2024,010553773,2,19,0,99,99,9,9,99,99,9,9,99,9,99,2,9,6,6,3,-1,-1,2143,2,6,MERCEDES SPRINTER,-1,-1,0,-1
2024320018238,2024,320018238,2,19,0,4,4,4,8,0,0,0,0,0,0,0,2,1,-1,-1,1,20,4,1950,2,1,MERCEDES SPRINTER,9,E01012954,0,4
2024320534988,2024,320534988,1,10,0,7,7,3,5,0,0,6,0,0,0,0,4,1,1,1,1,62,9,2143,2,3,MERCEDES SPRINTER,1,E01026150,0,1
2024010551091,2024,010551091,2,90,0,9,9,5,3,0,0,1,0,0,0,0,4,1,1,1,2,36,7,2987,2,9,MERCEDES SPRINTER,10,E01023908,0,3
2024361548119,2024,361548119,2,19,0,-1,19,7,3,-1,0,8,0,0,0,0,3,1,-1,1,1,21,5,2143,2,9,MERCEDES SPRINTER,4,E01026733,0,4
2024010548203,2024,010548203,1,19,0,99,99,9,9,99,99,9,9,99,9,99,1,9,6,6,3,-1,-1,2143,2,3,MERCEDES SPRINTER,-1,-1,0,-1
2024302400386,2024,302400386,2,19,0,18,19,5,1,0,0,1,1,0,0,0,2,1,1,1,1,24,5,1950,2,3,MERCEDES SPRINTER,4,E01019822,0,1
2024311434601,2024,311434601,1,19,0,-1,2,0,0,-1,0,0,5,0,1,0,2,1,-1,6,-1,-1,-1,-1,-1,-1,MERCEDES SPRINTER,-1,-1,0,-1
2024010488473,2024,010488473,1,19,0,18,19,1,5,0,0,0,0,0,0,0,1,1,6,6,1,34,6,2148,2,17,MERCEDES SPRINTER,-1,-1,0,-1
2024211400526,2024,211400526,2,19,0,-1,4,7,8,-1,0,0,0,0,0,0,1,9,-1,1,1,18,4,2143,2,7,MERCEDES SPRINTER,8,E01029743,0,4
2024122401267,2024,122401267,1,19,0,18,19,7,3,0,0,8,0,10,1,11,1,1,1,1,1,45,7,1950,2,1,MERCEDES SPRINTER,8,E01027748,0,4
2024101484528,2024,101484528,1,21,0,-1,9,7,1,-1,0,0,0,0,0,0,3,1,-1,1,1,21,5,-1,-1,-1,MERCEDES SPRINTER,3,E01008684,0,3
2024010492181,2024,010492181,2,19,0,3,3,3,7,0,0,0,0,0,0,0,0,1,1,1,1,30,6,2143,2,5,MERCEDES SPRINTER,5,E01000251,0,2
2024991405218,2024,991405218,4,19,0,-1,19,7,3,-1,0,1,0,0,0,0,3,1,-1,6,1,41,7,2143,2,8,MERCEDES SPRINTER,1,-1,0,1
2024010506087,2024,010506087,2,19,0,7,7,5,7,0,0,6,0,0,0,0,1,1,6,6,3,53,8,2148,2,19,MERCEDES SPRINTER,6,E01002374,0,1
2024401435292,2024,401435292,1,19,-1,-1,1,1,5,-1,0,0,0,0,0,0,4,9,-1,1,1,-1,-1,1950,2,0,MERCEDES SPRINTER,-1,-1,0,-1
2024010512220,2024,010512220,2,90,0,18,19,1,5,0,0,0,0,0,0,0,2,1,6,6,1,49,8,2143,2,13,MERCEDES SPRINTER,7,E01000457,0,2
2024201450069,2024,201450069,1,19,0,-1,19,7,3,-1,0,0,0,0,0,0,1,1,-1,9,-1,-1,-1,2148,2,15,MERCEDES SPRINTER,-1,-1,0,-1
2024010501115,2024,010501115,1,19,0,1,1,5,1,0,0,0,0,0,0,0,2,1,1,1,1,35,6,2143,2,8,MERCEDES SPRINTER,2,E01011786,0,5
2024010529238,2024,010529238,1,19,0,18,19,5,1,0,0,3,0,0,0,0,3,1,1,1,1,52,8,2143,2,4,MERCEDES SPRINTER,10,E01030773,0,4
2024610029324,2024,610029324,1,19,0,5,5,0,7,0,0,0,0,0,0,0,1,1,1,1,1,36,7,2143,2,4,MERCEDES SPRINTER,5,W01002026,0,4
2024371535844,2024,371535844,1,19,4,-1,2,0,0,-1,0,0,0,0,0,0,0,1,-1,1,1,20,4,1950,2,1,MERCEDES SPRINTER,5,E01018080,0,4
2024543666924,2024,543666924,2,19,0,18,19,5,2,0,0,1,0,0,0,0,3,1,1,1,1,25,5,1950,2,1,MERCEDES SPRINTER,8,E01022411,0,4
2024010540652,2024,010540652,3,10,0,99,99,9,9,99,99,0,9,99,9,99,2,1,6,6,2,-1,-1,2143,2,5,MERCEDES SPRINTER,2,E01002784,0,1
2024201532255,2024,201532255,2,19,0,-1,19,4,8,-1,0,0,1,0,0,0,9,1,-1,2,1,35,6,2143,2,5,MERCEDES SPRINTER,1,E01009983,0,1