collision_index,collision_year,collision_ref_no,vehicle_reference,vehicle_type,towing_and_articulation,vehicle_manoeuvre_historic,vehicle_manoeuvre,vehicle_direction_from,vehicle_direction_to,vehicle_location_restricted_lane_historic,vehicle_location_restricted_lane,junction_location,skidding_and_overturning,hit_object_in_carriageway,vehicle_leaving_carriageway,hit_object_off_carriageway,first_point_of_impact,vehicle_left_hand_drive,journey_purpose_of_driver_historic,journey_purpose_of_driver,sex_of_driver,age_of_driver,age_band_of_driver,engine_capacity_cc,propulsion_code,age_of_vehicle,generic_make_model,driver_imd_decile,lsoa_of_driver,escooter_flag,driver_distance_banding
2024522402294,2024,522402294,1,19,0,18,19,5,1,0,0,0,0,0,0,0,2,1,6,6,1,34,6,2148,2,16,MERCEDES SPRINTER,1,E01026152,0,5
2024101520672,2024,101520672,1,19,-1,-1,19,2,6,-1,0,0,1,0,0,0,1,9,-1,1,1,-1,-1,1950,2,2,MERCEDES SPRINTER,-1,-1,0,-1
2024211511617,2024,211511617,1,19,0,-1,19,1,5,-1,0,0,0,0,0,0,1,1,-1,6,1,40,7,2143,2,8,MERCEDES SPRINTER,3,E01001434,0,5
2024411586700,2024,411586700,2,19,0,-1,9,2,6,-1,0,6,0,0,0,0,4,1,-1,1,1,21,5,1950,2,0,MERCEDES SPRINTER,7,E01015719,0,3
2024211423323,2024,211423323,2,19,0,-1,-1,-1,-1,-1,-1,-1,-1,-1,-1,0,-1,1,-1,1,1,51,8,1950,2,3,MERCEDES SPRINTER,4,E01013470,0,4
2024631398633,2024,631398633,2,19,0,-1,2,0,0,-1,-1,8,0,0,0,0,2,1,-1,1,1,58,9,2143,2,10,MERCEDES SPRINTER,2,W01000942,0,4
2024531397725,2024,531397725,1,19,0,-1,9,7,5,-1,0,6,0,0,0,0,4,1,-1,1,1,37,7,2143,2,6,MERCEDES SPRINTER,1,E01022147,0,3
2024201399955,2024,201399955,1,19,0,-1,7,4,6,-1,0,6,0,0,0,0,1,9,-1,6,1,29,6,2143,2,4,MERCEDES SPRINTER,5,E01008975,0,2
2024070478232,2024,070478232,1,19,0,5,5,8,3,7,6,0,0,2,0,0,1,1,1,1,1,-1,-1,2143,2,3,MERCEDES SPRINTER,7,E01033016,0,5
2024010503026,2024,010503026,2,90,0,18,19,1,5,0,0,8,0,0,0,0,3,1,6,6,1,39,7,2987,2,3,MERCEDES SPRINTER,2,E01001729,0,1
2024111401928,2024,111401928,1,19,0,-1,19,1,5,-1,0,1,0,0,0,0,1,9,-1,6,1,30,6,2143,2,6,MERCEDES SPRINTER,5,E01020695,0,3
2024340WN2272,2024,340WN2272,1,19,0,-1,13,8,4,-1,0,1,0,0,0,0,1,1,-1,6,1,60,9,1950,2,1,MERCEDES SPRINTER,10,E01009704,0,4
2024010527128,2024,010527128,1,20,0,9,9,1,7,0,0,8,0,0,0,0,1,1,1,1,1,22,5,-1,-1,-1,MERCEDES SPRINTER,1,E01016843,0,4
2024440190014,2024,440190014,1,19,0,18,19,8,4,0,0,0,0,0,0,0,1,1,1,1,1,57,9,1950,2,3,MERCEDES SPRINTER,8,E01034553,0,4
2024010503692,2024,010503692,2,19,0,99,99,9,9,0,0,9,0,0,0,0,9,1,6,6,1,52,8,2143,2,7,MERCEDES SPRINTER,3,E01034484,0,1
2024111490051,2024,111490051,1,19,0,-1,9,2,8,-1,0,8,0,0,0,0,1,1,-1,6,1,30,6,1950,2,2,MERCEDES SPRINTER,4,E01012311,0,4
2024631429260,2024,631429260,2,19,5,-1,10,6,4,-1,0,8,0,0,0,0,0,1,-1,1,1,27,6,1950,2,2,MERCEDES SPRINTER,5,W01000537,0,4
2024122401057,2024,122401057,2,90,0,4,4,7,3,0,0,1,0,0,0,0,3,1,6,6,1,27,6,2987,2,16,MERCEDES SPRINTER,5,E01027247,0,5
2024547152024,2024,547152024,2,19,0,18,19,8,4,0,0,0,0,0,0,0,1,1,1,1,1,56,9,2143,2,5,MERCEDES SPRINTER,5,E01029167,0,4
2024201520285,2024,201520285,3,19,0,-1,2,0,0,-1,0,0,0,4,0,0,2,1,-1,6,1,40,7,2143,2,5,MERCEDES SPRINTER,-1,-1,0,-1
2024991428384,2024,991428384,1,19,0,-1,19,2,6,-1,0,0,0,0,5,0,4,1,-1,9,1,32,6,2143,2,5,MERCEDES SPRINTER,3,E01007569,0,5
2024201394996,2024,201394996,1,19,0,-1,19,8,4,-1,0,1,0,0,0,0,4,1,-1,1,3,30,6,2143,2,6,MERCEDES SPRINTER,-1,-1,0,-1
2024061449508,2024,061449508,1,19,0,-1,4,4,8,-1,0,0,0,0,0,0,1,1,-1,6,1,45,7,2143,2,13,MERCEDES SPRINTER,-1,-1,0,-1
2024041493873,2024,041493873,2,19,0,-1,2,0,0,-1,0,0,0,0,0,0,2,1,-1,9,1,46,8,2143,2,11,MERCEDES SPRINTER,10,E01025424,0,3
2024131476577,2024,131476577,1,19,0,-1,19,7,4,-1,0,0,0,4,0,0,1,1,-1,1,1,34,6,2143,2,5,MERCEDES SPRINTER,6,E01005537,0,4
2024101536342,2024,101536342,3,20,0,-1,19,5,1,-1,0,0,0,0,1,0,1,1,-1,1,1,39,7,2143,2,3,MERCEDES SPRINTER,-1,-1,0,-1
2024371529530,2024,371529530,3,19,0,-1,19,3,7,-1,0,0,0,0,0,0,1,1,-1,1,1,54,8,1950,2,2,MERCEDES SPRINTER,7,E01030095,0,3
2024052402108,2024,052402108,1,10,0,18,19,7,3,0,0,5,0,7,0,0,1,1,1,1,1,52,8,-1,-1,-1,MERCEDES SPRINTER,2,E01007216,0,1
2024010524920,2024,010524920,1,19,0,14,14,5,1,9,9,2,0,0,1,10,1,1,1,1,1,28,6,2987,2,5,MERCEDES SPRINTER,2,E01003092,0,1
2024991457926,2024,991457926,1,19,0,-1,19,7,3,-1,0,0,0,0,0,0,1,1,-1,2,1,47,8,2143,2,11,MERCEDES SPRINTER,5,-1,0,2
2024041403054,2024,041403054,1,19,0,-1,9,5,1,-1,0,5,0,0,0,0,4,1,-1,6,1,41,7,1950,2,2,MERCEDES SPRINTER,1,E01012720,0,1
2024991525599,2024,991525599,1,19,0,-1,20,5,1,-1,0,0,0,4,0,0,1,1,-1,1,1,26,6,1950,2,0,MERCEDES SPRINTER,1,-1,0,2
2024101516444,2024,101516444,3,19,0,-1,19,1,5,-1,0,0,0,0,0,0,1,1,-1,1,1,34,6,1950,2,2,MERCEDES SPRINTER,1,E01008652,0,2
2024010511301,2024,010511301,1,19,0,18,19,5,1,0,0,8,0,0,0,0,1,1,1,1,1,43,7,2143,2,5,MERCEDES SPRINTER,4,E01002168,0,4
2024031400628,2024,031400628,2,20,0,-1,10,5,1,-1,0,1,0,0,0,0,3,1,-1,1,1,38,7,-1,-1,-1,MERCEDES SPRINTER,3,-1,0,5
2024622400742,2024,622400742,1,19,0,9,9,7,1,0,0,6,0,0,0,0,3,1,1,1,1,43,7,2143,2,4,MERCEDES SPRINTER,1,W01001144,0,3
2024451471292,2024,451471292,2,19,0,-1,19,5,1,-1,0,0,0,0,0,0,1,1,-1,1,1,19,4,2143,2,4,MERCEDES SPRINTER,7,E01000986,0,3
2024122401105,2024,122401105,1,19,0,18,19,5,1,0,0,0,2,7,5,6,1,1,1,1,1,44,7,2143,2,6,MERCEDES SPRINTER,2,E01034108,0,4
2024421475539,2024,421475539,2,19,0,-1,3,1,5,-1,0,0,0,0,0,0,2,1,-1,6,1,26,6,2148,2,17,MERCEDES SPRINTER,4,E01021839,0,1
2024542816624,2024,542816624,1,19,0,18,19,2,6,0,0,0,0,0,1,11,1,1,1,1,1,37,7,2143,2,10,MERCEDES SPRINTER,7,E01015493,0,3
2024101517159,2024,101517159,1,19,0,-1,9,8,6,-1,0,2,0,0,0,0,1,1,-1,1,1,64,9,2143,2,5,MERCEDES SPRINTER,-1,-1,0,-1
2024101472051,2024,101472051,1,19,0,-1,19,2,6,-1,0,3,1,0,3,7,1,1,-1,1,1,67,10,2143,2,7,MERCEDES SPRINTER,1,E01008201,0,4
2024540271424,2024,540271424,2,90,0,13,13,2,6,0,0,1,0,0,0,0,1,1,1,1,1,24,5,2987,2,5,MERCEDES SPRINTER,6,E01015478,0,2
2024010538049,2024,010538049,2,19,9,99,99,9,9,99,99,9,9,99,9,99,9,1,6,6,3,-1,-1,2148,2,16,MERCEDES SPRINTER,-1,-1,0,-1
2024461447977,2024,461447977,2,19,0,-1,19,2,2,-1,0,0,0,0,0,0,1,1,-1,2,1,48,8,2143,2,9,MERCEDES SPRINTER,7,E01015837,0,4
2024332400125,2024,332400125,1,19,0,-1,19,7,3,-1,0,0,0,0,0,0,1,1,-1,1,1,44,7,2143,2,6,MERCEDES SPRINTER,8,E01025658,0,1
2024010520606,2024,010520606,2,19,0,99,99,9,9,99,99,9,9,99,9,99,9,9,6,6,3,-1,-1,2143,2,6,MERCEDES SPRINTER,-1,-1,0,-1
2024991425579,2024,991425579,2,19,0,-1,19,4,8,-1,0,0,0,0,0,0,2,1,-1,2,1,58,9,1950,2,3,MERCEDES SPRINTER,6,-1,0,2
2024991511616,2024,991511616,2,19,0,-1,19,5,1,-1,0,1,0,0,7,11,4,1,-1,1,1,23,5,1950,2,1,MERCEDES SPRINTER,3,-1,0,3
2024332400837,2024,332400837,1,19,0,-1,9,3,1,-1,0,2,0,0,0,0,1,1,-1,1,1,46,8,1950,2,3,MERCEDES SPRINTER,8,E01025913,0,4
2024211474101,2024,211474101,1,19,0,-1,19,4,8,-1,0,0,2,0,7,0,4,1,-1,6,1,26,6,2143,2,6,MERCEDES SPRINTER,10,E01029663,0,1
2024546952924,2024,546952924,1,19,0,1,1,3,7,0,0,0,0,0,0,0,2,1,6,6,1,36,7,2151,2,22,MERCEDES SPRINTER,2,E01009271,0,5
2024161486902,2024,161486902,2,20,0,-1,19,7,3,-1,0,0,0,0,0,0,2,1,-1,1,1,60,9,-1,-1,-1,MERCEDES SPRINTER,8,E01013028,0,4
2024061507022,2024,061507022,1,19,0,-1,19,4,8,-1,0,0,0,0,0,0,2,1,-1,1,1,19,4,2143,2,4,MERCEDES SPRINTER,9,E01010497,0,5
2024552401502,2024,552401502,2,19,0,18,19,4,8,0,0,0,0,0,0,0,1,1,1,1,1,60,9,2143,2,3,MERCEDES SPRINTER,4,E01029241,0,3
2024161398594,2024,161398594,1,19,4,-1,19,1,5,-1,0,0,0,4,0,0,1,1,-1,6,1,27,6,2148,2,17,MERCEDES SPRINTER,3,E01028056,0,4
2024552400642,2024,552400642,2,19,0,4,4,6,2,0,0,0,0,0,0,0,1,1,1,1,1,57,9,2143,2,11,MERCEDES SPRINTER,9,E01020409,0,3
2024141405622,2024,141405622,2,19,0,-1,4,1,5,-1,0,0,0,0,0,0,1,1,-1,1,1,37,7,2143,2,12,MERCEDES SPRINTER,2,E01010046,0,5
2024501405570,2024,501405570,1,19,0,-1,19,8,4,-1,0,0,0,0,7,11,3,9,-1,6,1,56,9,2143,2,10,MERCEDES SPRINTER,9,E01019939,0,3
2024010535286,2024,010535286,2,11,0,4,4,7,3,0,0,0,0,0,0,0,1,1,6,6,1,38,7,2143,2,10,MERCEDES SPRINTER,4,E01003555,0,1
2024010508424,2024,010508424,1,19,0,13,13,7,3,0,0,0,0,0,0,0,3,1,6,6,3,-1,-1,2143,2,3,MERCEDES SPRINTER,-1,-1,0,-1
2024131496904,2024,131496904,3,19,0,-1,2,1,1,-1,0,8,0,0,0,0,4,1,-1,6,3,-1,-1,2143,2,6,MERCEDES SPRINTER,-1,-1,0,-1
2024010520626,2024,010520626,1,19,0,9,9,2,8,0,0,2,0,0,0,0,1,2,1,1,1,39,7,1950,2,1,MERCEDES SPRINTER,2,E01001320,0,3
2024041433382,2024,041433382,3,19,0,-1,2,0,0,-1,0,0,0,0,0,0,0,1,-1,6,-1,-1,-1,2143,2,13,MERCEDES SPRINTER,-1,-1,0,-1
2024302401205,2024,302401205,1,19,0,18,19,4,8,0,0,1,0,0,0,0,1,1,6,6,1,-1,-1,2143,2,13,MERCEDES SPRINTER,-1,-1,0,-1
2024411487061,2024,411487061,1,19,0,-1,19,3,7,-1,0,0,0,0,0,0,1,1,-1,1,1,37,7,1950,2,0,MERCEDES SPRINTER,6,E01026664,0,4
2024010526894,2024,010526894,1,19,0,7,7,1,3,0,0,1,0,0,0,0,1,1,6,6,1,24,5,2143,2,6,MERCEDES SPRINTER,3,E01004734,0,2
2024311436290,2024,311436290,2,19,0,-1,9,2,6,-1,0,0,0,0,0,0,4,1,-1,1,1,45,7,2143,2,8,MERCEDES SPRINTER,-1,-1,0,-1
2024540590124,2024,540590124,2,20,0,18,19,3,4,0,0,8,0,0,0,0,1,1,1,1,1,51,8,1950,2,4,MERCEDES SPRINTER,6,E01032716,0,1
2024111435915,2024,111435915,2,19,0,-1,19,3,7,-1,0,0,0,0,0,0,1,1,-1,1,1,45,7,2143,2,4,MERCEDES SPRINTER,6,E01012261,0,4
2024131412639,2024,131412639,2,19,0,-1,19,5,5,-1,0,1,0,0,0,0,1,1,-1,1,1,52,8,1950,2,2,MERCEDES SPRINTER,9,E01011535,0,4
2024320297002,2024,320297002,1,19,0,-1,-1,6,2,0,0,0,2,0,1,3,1,1,1,1,1,35,6,2143,2,5,MERCEDES SPRINTER,4,E01026227,0,2
2024522500011,2024,522500011,2,19,0,1,1,8,4,0,0,1,0,0,0,0,2,1,6,6,1,25,5,2151,2,24,MERCEDES SPRINTER,2,E01017011,0,5
2024070800919,2024,070800919,1,19,0,-1,12,8,8,-1,0,8,5,0,0,0,3,1,-1,1,1,37,7,-1,-1,-1,MERCEDES SPRINTER,2,E01007448,0,5
2024471519315,2024,471519315,2,19,0,-1,10,5,2,-1,0,1,0,0,0,0,0,1,-1,6,1,53,8,2143,2,6,MERCEDES SPRINTER,1,E01009489,0,5
2024070823971,2024,070823971,2,19,0,-1,19,5,1,-1,0,0,0,0,0,0,2,1,-1,2,1,54,8,2143,2,12,MERCEDES SPRINTER,9,E01006319,0,4
2024010527295,2024,010527295,2,19,0,99,99,9,9,99,99,9,9,99,9,99,9,9,6,6,3,-1,-1,2143,2,7,MERCEDES SPRINTER,-1,-1,0,-1
2024010543025,2024,010543025,2,19,0,18,19,3,7,0,0,2,0,0,0,0,1,1,1,1,1,42,7,2143,2,10,MERCEDES SPRINTER,10,E01021469,0,4
2024461474385,2024,461474385,2,19,0,-1,9,5,3,-1,0,1,0,0,0,0,1,1,-1,1,1,-1,-1,2143,2,2,MERCEDES SPRINTER,-1,-1,0,-1
2024131501782,2024,131501782,1,19,0,-1,3,7,3,-1,0,1,0,0,0,0,2,1,-1,1,1,40,7,2143,2,2,MERCEDES SPRINTER,3,E01010794,0,3
2024320259116,2024,320259116,1,19,0,9,9,6,4,0,0,8,0,0,0,0,4,1,1,1,1,31,6,2148,2,16,MERCEDES SPRINTER,1,E01026383,0,4
2024010524800,2024,010524800,2,19,0,99,99,9,9,99,99,9,9,99,9,99,9,9,6,6,1,27,6,1950,2,2,MERCEDES SPRINTER,4,E01004043,0,2
2024631517254,2024,631517254,4,90,0,-1,19,6,2,-1,0,0,0,0,0,0,0,1,-1,1,2,31,6,2987,2,2,MERCEDES SPRINTER,2,W01000588,0,1
2024991456774,2024,991456774,2,19,0,-1,19,5,2,-1,0,0,0,0,0,0,3,1,-1,1,1,66,10,1950,2,1,MERCEDES SPRINTER,8,-1,0,4
2024010500964,2024,010500964,1,19,0,99,99,9,9,99,99,9,9,99,9,99,2,9,1,1,1,32,6,2143,2,5,MERCEDES SPRINTER,8,E01001657,0,1
2024430393463,2024,430393463,1,19,0,5,5,5,1,0,0,4,0,0,0,0,1,2,1,1,1,40,7,2143,2,4,MERCEDES SPRINTER,-1,-1,0,-1
2024501535425,2024,501535425,2,19,0,-1,5,3,1,-1,0,8,0,0,0,0,4,9,-1,6,1,33,6,2143,2,8,MERCEDES SPRINTER,4,E01019980,0,1
2024421502156,2024,421502156,2,19,0,-1,2,0,0,-1,-1,8,0,0,0,0,2,1,-1,6,-1,-1,-1,1950,2,2,MERCEDES SPRINTER,-1,-1,0,-1
2024311448482,2024,311448482,1,19,0,-1,5,8,4,-1,0,2,0,0,0,0,4,9,-1,6,1,-1,-1,2143,2,11,MERCEDES SPRINTER,-1,-1,0,-1
2024010514202,2024,010514202,2,19,0,18,19,1,5,0,0,8,0,0,0,0,1,1,1,1,1,38,7,2143,2,3,MERCEDES SPRINTER,4,E01002775,0,3
2024540163624,2024,540163624,2,19,0,4,4,4,8,0,0,1,0,0,0,0,2,1,1,1,1,17,4,1950,2,3,MERCEDES SPRINTER,-1,-1,0,-1
202460Q080828,2024,60Q080828,1,90,0,18,19,6,2,0,0,0,0,0,0,0,0,1,1,1,3,-1,-1,2987,2,8,MERCEDES SPRINTER,-1,-1,0,-1
2024010528345,2024,010528345,2,20,0,18,19,5,1,0,0,8,0,0,0,0,1,1,1,1,1,22,5,-1,-1,-1,MERCEDES SPRINTER,-1,-1,0,-1
2024610031724,2024,610031724,2,19,0,18,19,5,1,0,0,3,5,0,0,0,4,1,1,1,1,44,7,1950,2,1,MERCEDES SPRINTER,10,E01022114,0,4
2024141518558,2024,141518558,2,19,0,-1,5,5,3,-1,0,6,0,0,0,0,2,1,-1,6,1,-1,-1,2143,2,9,MERCEDES SPRINTER,-1,-1,0,-1
2024311405044,2024,311405044,1,19,0,-1,5,5,1,-1,0,1,0,0,0,0,1,1,-1,1,1,42,7,2143,2,3,MERCEDES SPRINTER,-1,-1,0,-1
2024010540772,2024,010540772,2,19,0,6,6,1,1,0,0,6,0,0,0,0,0,1,1,1,1,57,9,1950,2,4,MERCEDES SPRINTER,6,E01033308,0,4
2024631495481,2024,631495481,3,19,0,-1,14,6,1,-1,0,0,0,0,0,0,0,1,-1,6,1,32,6,2143,2,9,MERCEDES SPRINTER,2,W01000865,0,4
2024141403059,2024,141403059,1,19,0,-1,19,3,7,-1,0,8,0,0,1,0,3,1,-1,1,1,51,8,2143,2,11,MERCEDES SPRINTER,3,E01020699,0,5
2024501479658,2024,501479658,1,20,0,-1,19,7,3,-1,0,0,0,0,0,0,3,1,-1,1,1,55,8,-1,-1,-1,MERCEDES SPRINTER,6,E01018853,0,4
2024010546530,2024,010546530,2,19,0,99,99,9,9,99,99,9,9,99,9,99,9,9,6,6,3,-1,-1,2143,2,6,MERCEDES SPRINTER,3,E01003431,0,3
2024340WN4472,2024,340WN4472,2,19,0,-1,4,8,4,-1,0,0,0,0,0,0,2,1,-1,1,1,44,7,1950,2,1,MERCEDES SPRINTER,4,E01009863,0,4
2024548176324,2024,548176324,2,19,0,3,3,5,1,0,0,0,0,0,0,0,2,1,1,1,1,45,7,2143,2,5,MERCEDES SPRINTER,1,E01007124,0,5
2024010534280,2024,010534280,1,19,0,3,3,3,7,0,0,1,0,0,0,0,0,1,1,1,1,51,8,2143,2,4,MERCEDES SPRINTER,1,E01003318,0,1
2024141450232,2024,141450232,3,19,0,-1,3,3,7,-1,0,1,0,0,0,0,1,1,-1,1,1,21,5,1950,2,1,MERCEDES SPRINTER,4,E01007489,0,3
2024010514842,2024,010514842,1,19,0,1,1,8,4,9,9,8,0,0,0,0,2,1,1,1,1,26,6,1950,2,4,MERCEDES SPRINTER,4,E01003688,0,1
2024401455187,2024,401455187,2,19,-1,-1,2,0,0,-1,0,0,0,0,0,0,3,9,-1,1,1,52,8,2151,2,20,MERCEDES SPRINTER,5,E01017600,0,2
2024010541060,2024,010541060,2,19,0,18,19,1,5,0,0,1,0,0,0,0,1,1,6,6,3,-1,-1,2143,2,8,MERCEDES SPRINTER,-1,-1,0,-1
202454B855324,2024,54B855324,4,19,0,4,4,3,7,0,0,1,0,0,0,0,2,1,1,1,1,44,7,2143,2,10,MERCEDES SPRINTER,5,E01022556,0,4
2024361423833,2024,361423833,1,19,0,-1,9,7,5,-1,0,0,0,0,0,0,3,1,-1,9,1,28,6,2143,2,10,MERCEDES SPRINTER,6,E01026797,0,2
2024631480264,2024,631480264,3,19,0,-1,19,2,4,-1,0,0,1,0,0,0,1,1,-1,2,1,19,4,2143,2,4,MERCEDES SPRINTER,7,W01000684,0,3
2024010548766,2024,010548766,1,19,0,16,19,7,3,0,0,3,0,0,0,0,3,1,1,1,1,58,9,2143,2,7,MERCEDES SPRINTER,5,E01033787,0,3
2024991488176,2024,991488176,1,19,0,-1,19,1,5,-1,0,0,2,0,0,0,1,1,-1,1,1,49,8,1950,2,1,MERCEDES SPRINTER,5,-1,0,5
2024991490227,2024,991490227,1,19,0,-1,19,7,4,-1,0,0,2,0,7,0,1,1,-1,1,1,27,6,1950,2,3,MERCEDES SPRINTER,5,-1,0,4
2024430325674,2024,430325674,1,19,0,17,19,1,6,0,0,0,0,0,0,0,1,1,1,1,1,25,5,2143,2,4,MERCEDES SPRINTER,4,E01034602,0,3
2024991508231,2024,991508231,2,19,0,-1,19,5,1,-1,0,0,0,0,0,0,2,1,-1,1,1,56,9,1950,2,0,MERCEDES SPRINTER,1,-1,0,3
2024501420857,2024,501420857,1,19,0,-1,12,7,3,-1,0,4,0,0,0,0,1,1,-1,1,1,51,8,1950,2,3,MERCEDES SPRINTER,1,E01008906,0,5
2024991551909,2024,991551909,1,19,0,-1,19,7,3,-1,0,1,0,0,7,11,1,1,-1,1,1,29,6,-1,-1,-1,MERCEDES SPRINTER,-1,-1,0,-1
2024122400949,2024,122400949,1,19,0,18,19,1,5,0,0,4,0,0,0,0,0,1,1,1,1,25,5,1950,2,3,MERCEDES SPRINTER,1,E01010731,0,5
2024041446676,2024,041446676,1,19,0,-1,19,5,1,-1,0,0,1,0,8,11,1,1,-1,6,1,66,10,2143,2,12,MERCEDES SPRINTER,2,E01012630,0,2
2024430075219,2024,430075219,1,19,0,9,9,1,7,0,0,8,0,0,0,0,3,1,1,1,1,45,7,1950,2,3,MERCEDES SPRINTER,5,E01016756,0,2
2024991524114,2024,991524114,1,19,0,-1,19,5,1,-1,0,1,0,0,0,0,1,2,-1,1,1,21,5,2143,2,4,MERCEDES SPRINTER,5,-1,0,1
2024010507359,2024,010507359,1,19,0,6,6,8,8,0,0,1,0,0,0,0,3,1,1,1,1,29,6,2143,2,8,MERCEDES SPRINTER,9,E01030309,0,3
2024421459348,2024,421459348,1,19,0,-1,1,-1,-1,-1,0,0,0,0,0,0,2,1,-1,6,3,-1,-1,2148,2,18,MERCEDES SPRINTER,-1,-1,0,-1
2024351423135,2024,351423135,1,19,0,-1,19,3,7,-1,0,0,0,0,0,0,1,1,-1,6,1,36,7,2148,2,16,MERCEDES SPRINTER,1,E01015603,0,1
2024010524276,2024,010524276,2,19,0,99,99,9,9,99,99,0,9,99,9,99,9,9,6,6,1,40,7,2143,2,5,MERCEDES SPRINTER,3,E01003580,0,3
2024440293273,2024,440293273,1,20,0,4,4,2,4,0,0,1,0,0,0,0,1,1,1,1,3,-1,-1,-1,-1,-1,MERCEDES SPRINTER,-1,-1,0,-1
2024520500086,2024,520500086,1,19,0,16,19,3,7,0,0,8,0,0,7,11,1,1,6,6,1,28,6,1950,2,2,MERCEDES SPRINTER,4,E01014681,0,4
2024061420025,2024,061420025,1,19,0,-1,9,6,4,-1,0,5,0,0,0,0,1,1,-1,1,2,25,5,1950,2,3,MERCEDES SPRINTER,1,E01006870,0,4
2024552400275,2024,552400275,1,19,0,9,9,5,2,0,0,6,0,0,0,0,3,1,1,1,1,37,7,2143,2,13,MERCEDES SPRINTER,3,E01017270,0,4
202417H105324,2024,17H105324,2,19,0,-1,9,8,6,-1,0,8,0,0,0,0,3,1,-1,1,1,56,9,2143,2,12,MERCEDES SPRINTER,-1,-1,0,-1
2024101461686,2024,101461686,1,19,0,-1,19,5,1,-1,0,0,0,0,0,0,1,1,-1,1,1,47,8,2143,2,5,MERCEDES SPRINTER,1,E01020873,0,4
2024320444997,2024,320444997,1,20,0,9,9,8,6,0,0,5,0,0,7,0,4,1,1,1,1,43,7,1950,2,2,MERCEDES SPRINTER,2,E01026142,0,4
2024010527983,2024,010527983,2,19,0,18,19,1,5,0,0,1,0,0,0,0,1,1,6,6,1,37,7,2143,2,5,MERCEDES SPRINTER,-1,-1,0,-1
2024430247257,2024,430247257,1,19,0,2,2,0,0,0,0,0,0,0,0,0,2,1,1,1,1,43,7,2143,2,2,MERCEDES SPRINTER,3,E01016373,0,1
2024010550961,2024,010550961,1,19,0,18,19,7,3,0,0,1,0,0,0,0,1,1,1,1,1,46,8,1950,2,3,MERCEDES SPRINTER,4,E01001435,0,1
2024010496059,2024,010496059,2,19,0,99,99,9,9,99,99,9,9,99,9,99,1,9,6,6,3,-1,-1,-1,3,3,MERCEDES SPRINTER,-1,-1,0,-1
2024101473599,2024,101473599,1,19,0,-1,9,6,2,-1,0,1,0,0,0,0,3,1,-1,2,1,42,7,2143,2,10,MERCEDES SPRINTER,-1,-1,0,-1
2024041453926,2024,041453926,1,19,0,-1,1,0,3,-1,0,1,0,0,0,0,2,1,-1,1,1,42,7,2143,2,4,MERCEDES SPRINTER,4,E01025304,0,4
2024061412980,2024,061412980,1,19,0,-1,19,1,5,-1,0,1,0,0,1,0,1,1,-1,1,1,26,6,2143,2,4,MERCEDES SPRINTER,5,E01006022,0,2
2024010550540,2024,010550540,1,19,0,99,99,9,9,99,99,9,9,99,9,99,9,9,6,6,3,-1,-1,1950,2,0,MERCEDES SPRINTER,-1,-1,0,-1
2024052402487,2024,052402487,1,19,0,1,1,1,5,0,0,0,0,0,0,0,2,1,1,1,1,51,8,1950,2,0,MERCEDES SPRINTER,4,E01006837,0,3
2024010510164,2024,010510164,1,19,0,7,7,4,7,0,0,1,0,0,0,0,1,1,1,1,1,61,9,1950,2,1,MERCEDES SPRINTER,5,E01034480,0,3
2024010542164,2024,010542164,2,19,0,11,11,5,1,0,0,0,0,0,0,0,1,1,1,1,1,53,8,2143,2,6,MERCEDES SPRINTER,8,E01031272,0,5
2024010527820,2024,010527820,2,19,0,99,99,9,9,99,99,0,9,99,9,99,9,1,6,6,1,24,5,2143,2,5,MERCEDES SPRINTER,7,E01002925,0,3
2024311464070,2024,311464070,2,19,0,-1,19,7,3,-1,0,0,0,0,1,0,3,1,-1,2,1,37,7,1950,2,2,MERCEDES SPRINTER,7,E01025895,0,3
2024340NN0962,2024,340NN0962,1,19,0,-1,19,3,7,-1,0,1,0,0,0,0,1,1,-1,1,1,27,6,1950,2,3,MERCEDES SPRINTER,2,E01015662,0,4
2024471413592,2024,471413592,1,19,0,-1,19,5,1,-1,0,2,0,0,0,0,3,1,-1,1,1,55,8,1950,2,1,MERCEDES SPRINTER,4,E01000976,0,4
2024131473984,2024,131473984,2,19,0,-1,-1,-1,-1,-1,-1,8,-1,-1,-1,0,-1,1,-1,6,3,-1,-1,2148,2,16,MERCEDES SPRINTER,-1,-1,0,-1
2024161409966,2024,161409966,1,19,0,-1,4,1,5,-1,0,3,0,0,0,0,2,1,-1,6,-1,-1,-1,2143,2,13,MERCEDES SPRINTER,-1,-1,0,-1
2024010532318,2024,010532318,1,19,0,2,2,0,0,0,0,0,0,0,0,0,3,1,6,6,3,-1,-1,2143,2,5,MERCEDES SPRINTER,-1,-1,0,-1