collision_index,collision_year,collision_ref_no,vehicle_reference,vehicle_type,towing_and_articulation,vehicle_manoeuvre_historic,vehicle_manoeuvre,vehicle_direction_from,vehicle_direction_to,vehicle_location_restricted_lane_historic,vehicle_location_restricted_lane,junction_location,skidding_and_overturning,hit_object_in_carriageway,vehicle_leaving_carriageway,hit_object_off_carriageway,first_point_of_impact,vehicle_left_hand_drive,journey_purpose_of_driver_historic,journey_purpose_of_driver,sex_of_driver,age_of_driver,age_band_of_driver,engine_capacity_cc,propulsion_code,age_of_vehicle,generic_make_model,driver_imd_decile,lsoa_of_driver,escooter_flag,driver_distance_banding
2024351442496,2024,351442496,2,20,0,-1,4,7,3,-1,0,0,0,0,0,0,2,1,-1,1,1,72,10,2143,2,9,MERCEDES SPRINTER,7,E01023682,0,4
2024520401680,2024,520401680,1,19,0,18,19,8,2,0,0,8,0,0,0,0,3,1,6,6,1,38,7,1950,2,3,MERCEDES SPRINTER,5,E01025762,0,5
2024041476646,2024,041476646,1,19,0,-1,19,5,1,-1,0,0,0,0,0,0,1,1,-1,1,1,40,7,1950,2,1,MERCEDES SPRINTER,2,E01012728,0,4
2024010517703,2024,010517703,1,90,0,18,19,3,7,0,0,8,0,0,0,0,1,1,1,1,2,39,7,2987,2,4,MERCEDES SPRINTER,8,E01017598,0,4
2024010502384,2024,010502384,2,20,0,9,9,5,3,0,0,2,0,0,0,0,3,1,6,6,1,27,6,2143,2,3,MERCEDES SPRINTER,4,E01003268,0,1
2024501533730,2024,501533730,1,19,0,-1,12,7,3,-1,0,0,0,7,0,0,1,1,-1,1,1,40,7,2143,2,3,MERCEDES SPRINTER,1,E01015047,0,2
2024131441629,2024,131441629,2,19,0,-1,19,4,8,-1,0,1,0,0,0,0,1,1,-1,1,1,30,6,2143,2,3,MERCEDES SPRINTER,1,E01010820,0,3
2024401548594,2024,401548594,2,19,0,-1,19,5,1,-1,0,1,0,0,0,0,1,1,-1,1,1,55,8,1950,2,1,MERCEDES SPRINTER,1,E01017466,0,3
2024610051224,2024,610051224,2,19,0,9,9,6,3,0,0,8,0,0,0,0,1,1,1,1,1,30,6,2143,2,12,MERCEDES SPRINTER,1,W01001687,0,1
2024041458927,2024,041458927,2,19,0,-1,19,6,2,-1,0,0,0,0,0,0,1,1,-1,1,1,39,7,2143,2,3,MERCEDES SPRINTER,2,E01005471,0,4
2024010551807,2024,010551807,1,20,0,3,3,7,3,0,0,1,0,10,0,0,3,1,2,2,1,23,5,1950,2,2,MERCEDES SPRINTER,2,E01008744,0,5
2024547432624,2024,547432624,1,19,0,9,9,5,3,0,0,5,0,0,0,0,4,1,1,1,1,40,7,2143,2,6,MERCEDES SPRINTER,10,E01008237,0,5
2024430289325,2024,430289325,1,19,0,11,11,2,6,0,0,0,0,0,0,0,4,1,1,1,1,22,5,2143,2,9,MERCEDES SPRINTER,-1,-1,0,-1
2024501462165,2024,501462165,3,19,0,-1,19,3,7,-1,0,0,0,0,0,0,2,1,-1,1,1,23,5,1950,2,0,MERCEDES SPRINTER,7,E01023074,0,5
2024351422734,2024,351422734,3,20,0,-1,13,6,2,-1,0,0,0,0,0,0,0,1,-1,1,1,44,7,2143,2,2,MERCEDES SPRINTER,-1,-1,0,-1
2024471401456,2024,471401456,3,19,0,-1,2,0,0,-1,0,0,0,0,0,0,2,1,-1,6,-1,-1,-1,2143,2,3,MERCEDES SPRINTER,-1,-1,0,-1
2024451523543,2024,451523543,1,19,0,-1,9,5,1,-1,0,6,0,0,0,0,3,1,-1,1,1,59,9,1950,2,3,MERCEDES SPRINTER,4,E01022723,0,4
2024201425528,2024,201425528,1,19,0,-1,9,3,8,-1,0,5,0,0,0,0,1,1,-1,6,1,58,9,-1,-1,-1,MERCEDES SPRINTER,1,E01010464,0,3
2024361479802,2024,361479802,1,19,0,-1,3,3,7,-1,0,1,0,0,0,0,1,1,-1,1,1,38,7,2143,2,4,MERCEDES SPRINTER,6,E01026797,0,4
2024430610431,2024,430610431,2,19,0,18,19,3,7,0,0,8,0,0,0,0,4,1,2,2,1,40,7,2143,2,4,MERCEDES SPRINTER,3,E01017654,0,3
2024622400180,2024,622400180,1,10,0,4,4,6,2,0,0,1,0,0,0,0,2,1,6,6,1,66,10,2143,2,10,MERCEDES SPRINTER,5,W01001051,0,1
2024122400319,2024,122400319,2,19,0,7,7,7,3,0,0,1,0,0,0,0,4,1,1,1,2,45,7,2143,2,12,MERCEDES SPRINTER,2,E01027827,0,3
2024501409625,2024,501409625,3,19,0,-1,19,1,5,-1,0,0,0,0,0,0,1,1,-1,6,1,58,9,2143,2,4,MERCEDES SPRINTER,8,E01019915,0,1
2024501529455,2024,501529455,1,19,0,-1,19,7,3,-1,0,0,0,5,0,0,1,1,-1,1,1,43,7,1950,2,0,MERCEDES SPRINTER,5,E01015215,0,2
2024061457860,2024,061457860,1,19,4,-1,2,-1,-1,-1,99,0,0,0,0,0,2,1,-1,6,3,-1,-1,1950,2,3,MERCEDES SPRINTER,-1,-1,0,-1
2024070058770,2024,070058770,1,19,0,9,9,6,3,0,0,8,0,0,0,0,1,1,1,1,1,25,5,-1,3,4,MERCEDES SPRINTER,7,E01007203,0,3
2024201423875,2024,201423875,1,19,0,-1,19,4,8,-1,0,0,0,0,0,0,1,9,-1,6,1,30,6,2143,2,9,MERCEDES SPRINTER,-1,-1,0,-1
2024421436047,2024,421436047,1,19,0,-1,19,7,3,-1,0,0,0,0,0,0,1,1,-1,1,1,30,6,2143,2,9,MERCEDES SPRINTER,6,E01001086,0,4
2024131405399,2024,131405399,1,19,0,-1,7,1,5,-1,0,8,-1,-1,-1,-1,-1,1,-1,6,3,-1,-1,2143,2,10,MERCEDES SPRINTER,-1,-1,0,-1
2024010542266,2024,010542266,2,19,0,99,99,9,9,99,99,9,9,99,9,99,1,9,6,6,3,-1,-1,1950,2,2,MERCEDES SPRINTER,-1,-1,0,-1
2024440539510,2024,440539510,2,19,0,9,9,6,4,0,0,6,0,0,0,0,3,1,1,1,1,34,6,2143,2,5,MERCEDES SPRINTER,7,E01022631,0,4
2024451452739,2024,451452739,2,19,0,-1,2,0,0,-1,0,0,0,0,0,0,2,1,-1,9,1,28,6,2143,2,11,MERCEDES SPRINTER,3,E01023107,0,1
2024552400716,2024,552400716,1,19,4,14,14,4,8,0,0,0,0,0,0,0,4,1,2,2,1,39,7,1950,2,3,MERCEDES SPRINTER,4,E01002311,0,5
2024201470319,2024,201470319,1,20,0,-1,1,2,6,-1,0,0,0,0,0,0,2,9,-1,6,1,45,7,2143,2,7,MERCEDES SPRINTER,-1,-1,0,-1
2024552400378,2024,552400378,2,90,0,18,19,4,8,0,0,2,0,0,0,0,1,1,1,1,2,23,5,2987,2,9,MERCEDES SPRINTER,9,E01015445,0,2
2024010501007,2024,010501007,1,19,0,2,2,0,0,0,0,1,0,0,0,0,3,1,6,6,3,-1,-1,2143,2,8,MERCEDES SPRINTER,-1,-1,0,-1
2024371524791,2024,371524791,4,19,0,-1,19,5,1,-1,0,0,0,0,0,0,3,1,-1,9,1,57,9,2148,2,15,MERCEDES SPRINTER,3,E01026763,0,4
2024440277798,2024,440277798,2,19,0,18,19,2,6,0,0,4,0,0,0,0,4,1,1,1,1,25,5,2143,2,2,MERCEDES SPRINTER,3,E01022482,0,4
2024061475098,2024,061475098,1,19,0,-1,7,5,7,-1,0,3,0,0,0,0,4,1,-1,1,1,35,6,1950,2,1,MERCEDES SPRINTER,6,E01006818,0,2
2024311502300,2024,311502300,1,19,0,-1,19,5,1,-1,0,0,2,0,0,0,4,1,-1,9,1,28,6,2151,2,20,MERCEDES SPRINTER,7,E01028000,0,1
2024461456693,2024,461456693,2,19,0,-1,9,7,5,-1,0,4,0,0,0,0,1,1,-1,1,1,44,7,2143,2,7,MERCEDES SPRINTER,3,E01003575,0,3
2024340NN2492,2024,340NN2492,2,19,0,-1,2,0,0,-1,0,0,0,0,0,0,1,1,-1,6,3,-1,-1,1950,2,3,MERCEDES SPRINTER,-1,-1,0,-1
2024311409789,2024,311409789,1,19,0,-1,19,6,2,-1,0,0,0,0,1,0,4,1,-1,1,3,61,9,2143,2,10,MERCEDES SPRINTER,-1,-1,0,-1
2024991446651,2024,991446651,2,19,0,-1,2,0,0,-1,0,2,0,0,0,0,1,9,-1,6,-1,-1,-1,1950,2,2,MERCEDES SPRINTER,-1,-1,0,-1
2024010546342,2024,010546342,3,19,0,3,3,5,1,0,0,2,0,0,0,0,3,1,6,6,1,42,7,2143,2,3,MERCEDES SPRINTER,3,E01001239,0,2
2024471416560,2024,471416560,3,19,0,-1,2,0,0,-1,0,0,0,0,0,0,2,1,-1,6,-1,-1,-1,2143,2,12,MERCEDES SPRINTER,-1,-1,0,-1
2024010535607,2024,010535607,1,19,0,99,99,9,9,99,99,9,9,99,9,99,1,9,1,1,1,60,9,2143,2,5,MERCEDES SPRINTER,5,E01001139,0,3
2024552400976,2024,552400976,2,19,0,8,8,2,6,0,0,8,0,0,0,0,3,1,1,1,1,34,6,2143,2,6,MERCEDES SPRINTER,-1,-1,0,-1
2024010500994,2024,010500994,1,19,0,1,1,1,5,0,0,0,0,0,0,0,2,1,1,1,1,41,7,2143,2,6,MERCEDES SPRINTER,5,E01003375,0,1
2024421421966,2024,421421966,2,19,0,-1,3,-1,-1,-1,0,3,0,0,0,0,2,1,-1,1,1,51,8,2143,2,11,MERCEDES SPRINTER,7,E01021457,0,3
2024010544756,2024,010544756,2,19,0,99,99,9,9,0,0,0,9,99,9,99,1,9,6,6,3,-1,-1,1950,2,3,MERCEDES SPRINTER,6,E01023545,0,2
2024991415117,2024,991415117,1,19,0,-1,19,8,4,-1,0,0,0,0,0,0,1,1,-1,1,1,33,6,2143,2,6,MERCEDES SPRINTER,3,-1,0,3
2024161416668,2024,161416668,2,10,0,-1,7,3,4,-1,0,2,0,0,0,0,1,9,-1,1,1,60,9,2143,2,6,MERCEDES SPRINTER,-1,-1,0,-1
2024411556973,2024,411556973,1,19,0,-1,19,5,1,-1,0,0,0,0,0,0,1,1,-1,1,1,38,7,2143,2,4,MERCEDES SPRINTER,9,E01023684,0,4
2024461535934,2024,461535934,1,19,0,-1,1,5,1,-1,0,0,0,4,0,0,-1,9,-1,6,1,-1,-1,2143,2,11,MERCEDES SPRINTER,-1,-1,0,-1
2024631499289,2024,631499289,1,19,4,-1,14,1,5,-1,0,0,0,0,0,0,1,1,-1,1,1,33,6,2143,2,3,MERCEDES SPRINTER,2,W01000604,0,3
2024471414277,2024,471414277,2,19,0,-1,19,4,8,-1,0,1,0,0,0,0,1,1,-1,6,1,72,10,1950,2,3,MERCEDES SPRINTER,9,E01031751,0,1
2024471452665,2024,471452665,1,19,0,-1,5,1,5,-1,0,0,0,0,0,0,1,1,-1,1,1,20,4,1950,2,3,MERCEDES SPRINTER,5,E01031788,0,3
2024010489340,2024,010489340,1,19,0,9,9,5,3,0,0,8,0,0,0,0,1,1,1,1,1,40,7,1950,2,2,MERCEDES SPRINTER,2,E01001487,0,3
2024010533253,2024,010533253,1,10,0,5,5,5,1,0,0,6,0,0,0,0,1,1,1,1,1,22,5,2143,2,4,MERCEDES SPRINTER,3,E01033324,0,1
2024501455214,2024,501455214,1,10,0,-1,7,1,3,-1,0,0,0,0,0,0,1,9,-1,6,1,71,10,2143,2,8,MERCEDES SPRINTER,5,E01020177,0,2
2024211432196,2024,211432196,2,19,0,-1,4,4,8,-1,0,1,0,0,0,0,3,1,-1,6,1,56,9,2143,2,10,MERCEDES SPRINTER,8,E01034050,0,3
2024010544204,2024,010544204,1,19,0,9,9,5,3,0,0,5,0,0,7,0,1,1,1,1,1,30,6,-1,3,2,MERCEDES SPRINTER,4,E01035253,0,4
2024201501600,2024,201501600,1,19,0,-1,5,1,2,-1,0,0,0,4,0,0,1,1,-1,6,1,-1,-1,2148,2,17,MERCEDES SPRINTER,4,E01009882,0,2
2024610001424,2024,610001424,1,19,0,18,19,2,6,0,0,0,0,0,0,0,2,1,1,1,1,29,6,1950,2,1,MERCEDES SPRINTER,-1,-1,0,-1
2024201441429,2024,201441429,2,19,0,-1,19,6,2,-1,0,0,0,0,0,0,3,1,-1,1,1,53,8,-1,-1,-1,MERCEDES SPRINTER,1,E01008896,0,2
2024471455060,2024,471455060,2,11,0,-1,19,7,3,-1,0,1,0,0,0,0,1,1,-1,6,1,49,8,1950,2,0,MERCEDES SPRINTER,4,E01031547,0,1
2024201504745,2024,201504745,2,19,0,-1,5,3,7,-1,0,6,0,0,0,0,1,1,-1,6,1,41,7,2148,2,16,MERCEDES SPRINTER,1,E01010363,0,1
2024522401924,2024,522401924,1,19,0,12,12,2,6,0,0,0,0,0,0,0,3,1,6,6,1,23,5,2143,2,10,MERCEDES SPRINTER,9,W01001588,0,3
2024161401186,2024,161401186,2,19,0,-1,20,1,5,-1,0,1,0,0,0,0,4,9,-1,1,1,-1,-1,-1,-1,-1,MERCEDES SPRINTER,-1,-1,0,-1
2024221443279,2024,221443279,2,19,4,-1,9,7,6,-1,0,5,0,0,0,0,4,1,-1,1,1,31,6,2143,2,5,MERCEDES SPRINTER,1,E01009983,0,4
2024332400623,2024,332400623,1,19,0,-1,4,4,8,-1,0,0,0,0,0,0,1,1,-1,1,1,38,7,1950,2,2,MERCEDES SPRINTER,-1,-1,0,-1
2024101447762,2024,101447762,1,19,0,-1,19,8,4,-1,0,0,0,0,0,0,1,1,-1,1,1,-1,-1,2143,2,9,MERCEDES SPRINTER,-1,-1,0,-1
2024332400352,2024,332400352,1,19,0,-1,19,5,1,-1,0,0,0,0,0,0,1,1,-1,1,1,-1,-1,2143,2,8,MERCEDES SPRINTER,-1,-1,0,-1
2024461397444,2024,461397444,1,19,0,-1,1,4,6,-1,0,1,0,0,0,0,2,9,-1,1,1,35,6,2143,2,4,MERCEDES SPRINTER,6,E01024401,0,3
2024311472626,2024,311472626,2,19,0,-1,9,6,3,-1,0,1,0,0,0,0,1,1,-1,1,1,57,9,2143,2,5,MERCEDES SPRINTER,-1,-1,0,-1
2024421535461,2024,421535461,1,20,0,-1,14,3,1,-1,99,0,0,0,0,0,4,1,-1,6,3,-1,-1,2143,2,7,MERCEDES SPRINTER,-1,-1,0,-1
2024320644459,2024,320644459,1,19,0,9,9,8,6,0,0,6,0,0,0,0,3,1,1,1,2,25,5,2143,2,5,MERCEDES SPRINTER,5,E01018059,0,4
2024471526898,2024,471526898,1,19,0,-1,19,8,4,-1,0,0,0,0,0,0,1,1,-1,2,1,22,5,1950,2,1,MERCEDES SPRINTER,8,E01020953,0,4
2024010512304,2024,010512304,1,19,0,1,1,2,6,0,0,0,0,0,0,0,2,1,1,1,1,33,6,1950,2,1,MERCEDES SPRINTER,4,E01000312,0,1
2024141405064,2024,141405064,2,19,0,-1,2,0,0,-1,0,0,0,0,0,0,3,1,-1,1,1,38,7,2143,2,3,MERCEDES SPRINTER,3,E01007479,0,2
2024211530966,2024,211530966,1,19,0,-1,9,3,8,-1,0,8,0,0,7,0,1,1,-1,1,1,53,8,2143,2,12,MERCEDES SPRINTER,4,E01029681,0,2
2024991521847,2024,991521847,3,19,0,-1,19,5,8,-1,0,0,0,0,0,0,2,1,-1,9,1,21,5,1950,2,0,MERCEDES SPRINTER,2,-1,0,4
2024340WN4932,2024,340WN4932,6,19,0,-1,19,1,5,-1,0,0,0,0,0,0,3,1,-1,1,1,63,9,1950,2,1,MERCEDES SPRINTER,9,E01035402,0,4
2024010514590,2024,010514590,2,19,4,3,3,5,1,0,0,1,0,0,0,0,1,1,1,1,1,31,6,2143,2,5,MERCEDES SPRINTER,5,E01001157,0,4
2024311525141,2024,311525141,1,19,0,-1,2,0,0,-1,0,0,0,0,0,0,4,1,-1,1,1,30,6,2143,2,5,MERCEDES SPRINTER,10,E01028198,0,2
2024231417238,2024,231417238,3,19,0,-1,2,0,0,-1,0,1,0,0,0,0,3,9,-1,6,-1,50,8,2143,2,4,MERCEDES SPRINTER,-1,-1,0,-1
2024401404468,2024,401404468,2,20,0,-1,19,4,2,-1,0,0,1,0,0,0,1,1,-1,2,1,31,6,-1,-1,-1,MERCEDES SPRINTER,6,E01027132,0,4
2024131404643,2024,131404643,1,19,0,-1,19,7,3,-1,0,0,0,0,0,0,3,1,-1,1,1,42,7,2143,2,2,MERCEDES SPRINTER,2,E01011220,0,2
2024211511617,2024,211511617,2,19,0,-1,19,1,5,-1,0,0,0,0,0,0,2,1,-1,6,1,23,5,1950,2,3,MERCEDES SPRINTER,2,E01018478,0,4
2024471449844,2024,471449844,1,19,0,-1,9,1,7,-1,0,6,0,0,0,0,1,1,-1,1,1,29,6,2143,2,10,MERCEDES SPRINTER,6,E01016876,0,1
2024320486413,2024,320486413,2,19,0,-1,-1,8,4,0,0,1,0,0,0,0,3,1,1,1,1,23,5,2143,2,5,MERCEDES SPRINTER,-1,-1,0,-1
2024010546256,2024,010546256,1,19,0,99,99,9,9,99,99,0,9,99,9,99,2,9,1,1,1,47,8,1950,2,0,MERCEDES SPRINTER,4,E01002559,0,1
2024411412287,2024,411412287,1,10,0,-1,9,7,6,-1,0,3,0,0,0,0,0,1,-1,1,2,-1,-1,2143,2,5,MERCEDES SPRINTER,10,E01023482,0,1
2024010515896,2024,010515896,1,10,0,1,1,4,8,9,9,0,0,0,0,0,2,1,3,7,1,57,9,2143,2,7,MERCEDES SPRINTER,9,E01002158,0,3
2024501410729,2024,501410729,2,19,0,-1,19,1,5,-1,0,1,1,0,0,0,1,9,-1,1,1,22,5,2143,2,4,MERCEDES SPRINTER,5,E01020055,0,4
2024010514560,2024,010514560,1,19,0,2,2,0,0,9,9,8,0,7,0,0,2,1,6,6,3,-1,-1,2143,2,5,MERCEDES SPRINTER,-1,-1,0,-1
2024451497183,2024,451497183,1,19,0,-1,19,3,7,-1,0,0,1,0,0,0,1,1,-1,1,1,45,7,2143,2,5,MERCEDES SPRINTER,4,E01031585,0,3
2024010537001,2024,010537001,1,19,0,18,19,5,1,0,0,2,0,0,0,0,3,1,6,6,1,55,8,2143,2,6,MERCEDES SPRINTER,4,E01002796,0,1
2024340WN4802,2024,340WN4802,1,19,0,-1,19,5,1,-1,0,0,0,0,1,0,1,1,-1,2,1,34,6,2143,2,5,MERCEDES SPRINTER,9,E01025726,0,4
2024522401121,2024,522401121,2,19,0,18,19,5,1,0,0,0,0,0,0,0,1,1,6,6,1,29,6,2143,2,6,MERCEDES SPRINTER,1,E01009257,0,5
2024401439812,2024,401439812,1,9,0,-1,9,3,5,-1,0,6,1,10,8,10,1,1,-1,6,1,19,4,996,1,15,NISSAN PIXO,2,E01017472,0,1
2024361419098,2024,361419098,1,9,0,-1,19,5,1,-1,0,0,1,0,1,0,4,9,-1,1,1,20,4,996,1,12,NISSAN PIXO,3,E01015652,0,4
2024111463608,2024,111463608,1,9,0,-1,19,5,1,-1,0,0,0,0,1,0,1,1,-1,9,2,74,10,996,1,14,NISSAN PIXO,4,E01020903,0,4
2024010526181,2024,010526181,2,9,0,7,7,1,4,1,1,1,0,0,0,0,1,1,2,2,2,63,9,996,1,15,NISSAN PIXO,-1,-1,0,-1
2024440275550,2024,440275550,2,9,0,9,9,3,1,0,0,6,0,0,0,0,3,1,6,6,2,28,6,996,1,15,NISSAN PIXO,2,E01017168,0,1
2024141420301,2024,141420301,1,9,0,-1,9,2,8,-1,0,6,0,0,0,0,2,2,-1,9,1,41,7,996,1,15,NISSAN PIXO,2,E01007968,0,1
2024501500268,2024,501500268,1,9,0,-1,19,5,1,-1,0,0,0,0,0,0,1,1,-1,9,2,24,5,996,1,14,NISSAN PIXO,5,E01020070,0,4
2024552401486,2024,552401486,1,9,0,7,7,6,8,0,0,6,0,0,0,0,3,1,6,6,1,59,9,996,1,15,NISSAN PIXO,6,E01015291,0,1
2024041490732,2024,041490732,1,9,0,-1,9,1,7,-1,0,4,0,0,6,0,3,1,-1,9,2,81,11,996,1,15,NISSAN PIXO,3,E01025407,0,1
2024231509493,2024,231509493,1,9,0,-1,9,5,7,-1,0,5,0,0,1,0,4,9,-1,6,2,24,5,996,1,12,NISSAN PIXO,8,E01027004,0,2
2024440287858,2024,440287858,1,9,0,3,3,1,5,0,0,1,0,0,0,0,2,1,6,6,2,55,8,996,1,15,NISSAN PIXO,9,E01022978,0,1
2024401527815,2024,401527815,5,9,0,-1,2,0,0,-1,0,1,0,0,0,0,3,1,-1,6,-1,-1,-1,996,1,13,NISSAN PIXO,-1,-1,0,-1
2024471399063,2024,471399063,3,9,0,-1,3,1,6,-1,0,0,0,0,0,0,2,1,-1,1,1,49,8,996,1,12,NISSAN PIXO,4,E01017093,0,3
2024552400547,2024,552400547,2,9,0,18,19,4,8,0,0,0,0,0,0,0,1,1,6,6,2,17,4,996,1,14,NISSAN PIXO,8,E01020478,0,1
2024061400233,2024,061400233,2,9,0,-1,19,1,1,-1,0,0,0,0,0,0,2,2,-1,6,1,29,6,996,1,14,NISSAN PIXO,7,E01005691,0,1
2024501491749,2024,501491749,2,9,0,-1,4,7,3,-1,0,0,0,0,0,0,2,1,-1,1,1,21,5,996,1,15,NISSAN PIXO,4,E01020048,0,1
2024320242595,2024,320242595,1,9,0,-1,-1,8,4,0,0,0,1,0,1,9,1,1,-1,-1,1,26,6,996,1,11,NISSAN PIXO,5,E01026232,0,1
2024161519703,2024,161519703,1,9,0,-1,19,8,4,-1,0,0,0,0,0,0,1,1,-1,6,2,81,11,996,1,15,NISSAN PIXO,2,E01035463,0,1
2024070731564,2024,070731564,2,9,0,-1,13,2,2,-1,0,0,0,0,7,11,1,1,-1,1,1,54,8,996,1,14,NISSAN PIXO,3,W01000329,0,1
2024131448282,2024,131448282,1,9,0,-1,7,5,8,-1,0,8,0,0,0,0,1,1,-1,9,2,19,4,996,1,12,NISSAN PIXO,1,E01011667,0,1
2024131522414,2024,131522414,1,9,0,-1,19,5,1,-1,0,2,0,0,0,0,1,1,-1,9,1,21,5,996,1,15,NISSAN PIXO,6,E01011182,0,1
2024332400540,2024,332400540,1,9,0,-1,19,7,3,-1,0,0,0,0,8,11,3,1,-1,9,1,37,7,996,1,12,NISSAN PIXO,5,E01025957,0,2
2024440091960,2024,440091960,2,9,0,3,3,2,6,0,0,0,0,0,0,0,2,1,2,2,1,21,5,996,1,15,NISSAN PIXO,10,E01032870,0,4
2024201531948,2024,201531948,1,9,0,-1,19,5,1,-1,0,8,0,0,3,0,1,1,-1,6,-1,-1,-1,996,1,15,NISSAN PIXO,-1,-1,0,-1
2024070432121,2024,070432121,1,9,0,13,13,1,5,0,0,8,0,0,0,0,1,1,6,6,1,52,8,996,1,15,NISSAN PIXO,5,E01018613,0,3
2024131536433,2024,131536433,1,9,0,-1,9,7,3,-1,0,8,0,0,0,0,3,1,-1,6,2,88,11,996,1,14,NISSAN PIXO,2,E01011224,0,1
2024461420440,2024,461420440,1,9,0,-1,9,5,3,-1,0,0,0,0,0,0,3,1,-1,9,1,72,10,996,1,15,NISSAN PIXO,4,E01024587,0,1
2024991444880,2024,991444880,2,9,0,-1,9,5,2,-1,0,0,0,0,0,0,1,1,-1,9,1,37,7,996,1,15,NISSAN PIXO,8,E01019253,0,4
2024991447058,2024,991447058,1,9,0,-1,19,5,8,-1,0,4,0,0,0,0,1,1,-1,9,2,81,11,996,1,12,NISSAN PIXO,4,-1,0,1
2024631451796,2024,631451796,4,9,0,-1,4,6,2,-1,0,1,0,0,0,0,1,1,-1,9,1,24,5,996,1,13,NISSAN PIXO,3,W01000657,0,2
2024010501098,2024,010501098,2,9,9,99,99,9,9,99,99,9,9,99,9,99,9,9,6,6,3,-1,-1,996,1,12,NISSAN PIXO,-1,-1,0,-1
2024421522728,2024,421522728,2,9,0,-1,4,7,3,-1,0,4,0,0,0,0,2,1,-1,7,2,54,8,996,1,14,NISSAN PIXO,5,E01021820,0,1
2024520500074,2024,520500074,2,9,0,18,19,6,2,0,0,8,0,0,0,0,1,1,6,6,2,43,7,996,1,15,NISSAN PIXO,2,E01029237,0,1
2024361536533,2024,361536533,1,9,0,-1,9,1,7,-1,0,8,0,0,0,0,1,1,-1,6,1,53,8,996,1,13,NISSAN PIXO,3,E01026683,0,4
2024201517812,2024,201517812,1,9,0,-1,6,1,1,-1,0,0,0,0,0,0,1,9,-1,6,1,-1,-1,996,1,15,NISSAN PIXO,5,E01009712,0,1
2024131474881,2024,131474881,2,9,0,-1,19,3,7,-1,0,1,0,0,0,0,2,1,-1,9,2,28,6,996,1,11,NISSAN PIXO,1,E01010616,0,3
2024501487361,2024,501487361,1,9,0,-1,4,7,3,-1,0,0,0,0,0,0,2,1,-1,9,2,52,8,996,1,14,NISSAN PIXO,4,E01020288,0,1
2024141508063,2024,141508063,1,9,0,-1,19,1,5,-1,0,1,0,0,0,0,1,1,-1,9,2,30,6,996,1,15,NISSAN PIXO,2,E01007579,0,1
2024471468663,2024,471468663,1,9,0,-1,7,1,5,-1,0,6,0,0,0,0,1,1,-1,6,2,77,11,996,1,15,NISSAN PIXO,5,E01021001,0,1
2024010517948,2024,010517948,1,9,0,99,99,9,9,99,99,9,9,99,9,99,9,9,6,6,2,54,8,996,1,15,NISSAN PIXO,2,E01003346,0,1
2024421525238,2024,421525238,1,9,0,-1,19,6,2,-1,0,0,0,0,0,0,1,1,-1,2,2,33,6,996,1,15,NISSAN PIXO,3,E01022054,0,1
2024070147565,2024,070147565,2,9,0,3,3,2,6,0,0,1,0,0,0,0,2,1,6,6,2,57,9,996,1,14,NISSAN PIXO,9,E01018473,0,2
2024221435934,2024,221435934,2,9,0,-1,4,5,1,-1,0,1,0,0,0,0,2,9,-1,2,1,27,6,996,1,14,NISSAN PIXO,10,E01028949,0,1
2024010512163,2024,010512163,1,9,0,9,9,1,7,0,0,6,1,0,0,0,1,1,6,6,1,47,8,996,1,15,NISSAN PIXO,2,E01002588,0,2
2024101404648,2024,101404648,2,9,0,-1,3,6,2,-1,0,0,0,0,0,0,2,1,-1,2,2,18,4,996,1,14,NISSAN PIXO,2,E01020761,0,4
2024311480743,2024,311480743,2,9,0,-1,19,7,3,-1,0,0,2,0,0,0,4,1,-1,6,2,64,9,996,1,15,NISSAN PIXO,-1,-1,0,-1
2024311490738,2024,311490738,1,9,0,-1,19,2,6,-1,0,1,0,0,0,0,1,1,-1,6,1,56,9,996,1,14,NISSAN PIXO,-1,-1,0,-1
2024010530803,2024,010530803,2,9,0,99,99,9,9,99,99,9,9,99,9,99,9,9,6,6,3,-1,-1,996,1,14,NISSAN PIXO,6,E01001258,0,3
2024531527444,2024,531527444,2,9,0,-1,19,6,2,-1,0,2,0,0,0,0,1,1,-1,9,1,45,7,996,1,15,NISSAN PIXO,2,E01022332,0,1
2024340WN6652,2024,340WN6652,1,9,0,-1,9,3,1,-1,0,8,0,0,0,0,9,1,-1,6,2,-1,-1,996,1,15,NISSAN PIXO,-1,-1,0,-1
2024552400736,2024,552400736,1,9,0,18,19,8,4,9,9,0,0,0,0,0,1,1,6,6,2,83,11,996,1,15,NISSAN PIXO,8,E01020344,0,1
2024991508972,2024,991508972,2,9,0,-1,19,4,8,-1,0,0,1,0,1,11,3,1,-1,6,2,84,11,996,1,14,NISSAN PIXO,4,-1,0,3
2024131416866,2024,131416866,1,9,0,-1,19,7,3,-1,0,0,2,0,0,0,3,1,-1,2,1,28,6,996,1,14,NISSAN PIXO,2,E01011236,0,2
2024161513166,2024,161513166,1,9,0,-1,19,7,3,-1,0,8,0,0,0,0,4,9,-1,6,1,19,4,996,1,14,NISSAN PIXO,3,E01013319,0,1