collision_index,collision_year,collision_ref_no,vehicle_reference,vehicle_type,towing_and_articulation,vehicle_manoeuvre_historic,vehicle_manoeuvre,vehicle_direction_from,vehicle_direction_to,vehicle_location_restricted_lane_historic,vehicle_location_restricted_lane,junction_location,skidding_and_overturning,hit_object_in_carriageway,vehicle_leaving_carriageway,hit_object_off_carriageway,first_point_of_impact,vehicle_left_hand_drive,journey_purpose_of_driver_historic,journey_purpose_of_driver,sex_of_driver,age_of_driver,age_band_of_driver,engine_capacity_cc,propulsion_code,age_of_vehicle,generic_make_model,driver_imd_decile,lsoa_of_driver,escooter_flag,driver_distance_banding
2024332400181,2024,332400181,1,9,0,-1,19,2,6,-1,0,0,0,0,1,11,1,1,-1,6,2,82,11,1275,1,24,-1,8,E01025760,0,1
2024221461279,2024,221461279,1,9,0,-1,9,4,1,-1,0,5,0,0,7,0,3,1,-1,6,1,63,9,1275,1,27,-1,5,E01014019,0,1
2024052402265,2024,052402265,2,9,0,18,19,4,8,0,0,8,0,0,0,0,4,1,6,6,1,57,9,1275,1,31,-1,7,E01006651,0,1
202460Q020747,2024,60Q020747,2,4,0,3,3,1,6,0,0,4,0,0,0,0,2,1,6,6,2,31,6,349,1,2,-1,-1,-1,0,-1
202460Q044146,2024,60Q044146,1,4,0,18,19,6,2,0,0,3,0,10,0,0,4,1,6,6,1,73,10,349,1,0,-1,-1,-1,0,-1
2024991424201,2024,991424201,2,4,0,-1,4,5,8,-1,0,0,0,0,0,0,2,1,-1,6,1,80,11,349,1,1,-1,10,-1,0,4
2024010531877,2024,010531877,1,4,9,99,99,9,9,99,99,1,9,99,9,99,9,1,6,6,1,29,6,349,1,1,-1,3,E01023105,0,4
2024421477950,2024,421477950,2,4,0,-1,19,2,6,-1,0,0,0,0,0,0,3,1,-1,6,2,57,9,349,1,0,-1,8,E01021621,0,3
2024010548709,2024,010548709,2,19,0,1,1,3,7,0,0,1,0,0,0,0,2,2,1,1,1,25,5,1598,2,5,VAUXHALL VIVARO,3,E01032774,0,2
2024440288994,2024,440288994,1,19,0,18,19,2,6,0,0,0,0,0,0,0,3,1,2,2,1,41,7,1995,2,17,VAUXHALL VIVARO,10,E01023052,0,3
2024061530805,2024,061530805,1,19,0,-1,19,1,5,-1,0,2,0,0,0,0,4,9,-1,6,3,-1,-1,1598,2,7,VAUXHALL VIVARO,-1,-1,0,-1
2024622400520,2024,622400520,1,19,0,18,19,7,3,0,0,0,0,0,0,0,1,1,1,1,1,25,5,1995,2,15,VAUXHALL VIVARO,4,E01010015,0,5
2024501448211,2024,501448211,1,19,0,-1,19,5,1,-1,0,1,0,0,3,11,1,1,-1,9,1,29,6,1995,2,12,VAUXHALL VIVARO,4,E01016521,0,5
2024991495517,2024,991495517,1,19,0,-1,19,4,8,-1,0,8,0,0,0,0,3,1,-1,2,1,38,7,1499,2,4,VAUXHALL VIVARO,-1,-1,0,-1
2024201515156,2024,201515156,1,19,0,-1,19,1,1,-1,0,0,0,0,0,0,1,9,-1,1,1,30,6,1598,2,5,VAUXHALL VIVARO,-1,-1,0,-1
2024010542267,2024,010542267,2,19,0,99,99,9,9,99,99,9,9,99,9,99,2,9,6,6,3,-1,-1,1499,2,3,VAUXHALL VIVARO,2,E01004615,0,2
2024471489792,2024,471489792,1,19,0,-1,9,1,7,-1,0,0,0,0,0,0,2,1,-1,9,1,49,8,1598,2,9,VAUXHALL VIVARO,7,E01021201,0,1
2024041411466,2024,041411466,3,19,0,-1,19,1,5,-1,0,0,0,0,0,0,2,1,-1,6,1,-1,-1,1499,2,2,VAUXHALL VIVARO,-1,-1,0,-1
2024010516301,2024,010516301,1,19,0,7,7,5,7,0,0,5,0,0,0,0,1,1,6,6,1,58,9,1499,2,2,VAUXHALL VIVARO,1,E01002732,0,2
2024421483845,2024,421483845,1,19,0,-1,19,5,1,-1,0,0,0,0,7,4,1,1,-1,1,1,30,6,1598,2,6,VAUXHALL VIVARO,5,E01000038,0,3
2024451536600,2024,451536600,2,19,0,-1,2,4,8,-1,0,0,0,0,0,0,2,1,-1,6,-1,-1,-1,1870,2,18,VAUXHALL VIVARO,-1,-1,0,-1
2024221460499,2024,221460499,1,19,0,-1,13,4,6,-1,0,0,1,0,0,0,3,1,-1,6,1,38,7,1870,2,19,VAUXHALL VIVARO,8,E01013990,0,3
2024471395103,2024,471395103,1,19,0,-1,19,1,5,-1,0,2,0,4,0,0,4,1,-1,6,1,29,6,1995,2,11,VAUXHALL VIVARO,3,E01017007,0,1
2024010551263,2024,010551263,1,19,0,6,6,7,7,0,0,1,0,0,0,0,3,1,1,1,1,49,8,-1,3,2,VAUXHALL VIVARO,5,E01003247,0,2
2024231437518,2024,231437518,2,19,0,-1,19,8,4,-1,0,8,0,0,0,0,3,1,-1,2,1,53,8,1598,2,5,VAUXHALL VIVARO,9,E01031150,0,1
2024471526071,2024,471526071,2,19,0,-1,19,4,8,-1,0,1,0,0,0,0,1,1,-1,6,1,25,5,1995,2,17,VAUXHALL VIVARO,4,E01031546,0,4
2024122401087,2024,122401087,1,19,0,5,5,3,7,0,0,4,0,0,0,0,1,1,1,1,1,43,7,1995,2,10,VAUXHALL VIVARO,10,E01027641,0,1
2024351496667,2024,351496667,1,19,0,-1,19,4,8,-1,0,0,0,0,0,0,-1,1,-1,6,1,63,9,1499,2,3,VAUXHALL VIVARO,8,E01018277,0,3
2024552400496,2024,552400496,2,19,0,18,19,8,4,0,0,0,0,0,0,0,3,1,2,2,1,37,7,1598,2,7,VAUXHALL VIVARO,10,E01015400,0,1
2024631445798,2024,631445798,1,19,0,-1,9,5,3,-1,0,5,0,0,0,0,1,1,-1,9,1,55,8,1870,2,18,VAUXHALL VIVARO,10,W01000737,0,4
2024010550274,2024,010550274,1,19,5,15,15,7,3,0,0,2,0,0,0,0,1,1,2,2,1,44,7,1499,2,3,VAUXHALL VIVARO,3,E01003726,0,1
2024010536775,2024,010536775,2,19,0,99,99,9,9,99,99,0,9,99,9,99,1,9,6,6,3,26,6,1995,2,14,VAUXHALL VIVARO,9,E01000230,0,1
2024161496327,2024,161496327,3,19,0,-1,19,7,3,-1,0,0,0,0,0,0,0,1,-1,6,1,22,5,1598,2,9,VAUXHALL VIVARO,7,E01013101,0,3
2024010522057,2024,010522057,1,19,0,9,9,5,2,0,0,5,0,0,0,0,3,1,1,1,1,38,7,1598,2,6,VAUXHALL VIVARO,3,E01002396,0,2
2024401414501,2024,401414501,2,19,0,-1,1,3,7,-1,0,0,0,0,0,0,2,1,-1,1,1,31,6,1598,2,7,VAUXHALL VIVARO,4,E01027313,0,4
2024351481708,2024,351481708,1,19,-1,-1,-1,-1,-1,-1,-1,-1,-1,-1,-1,0,-1,9,-1,6,3,-1,-1,1870,2,18,VAUXHALL VIVARO,-1,-1,0,-1
2024401496117,2024,401496117,2,19,-1,-1,-1,-1,-1,-1,-1,-1,-1,-1,-1,0,3,9,-1,9,1,34,6,1997,2,0,VAUXHALL VIVARO,4,E01015785,0,1
2024371501893,2024,371501893,1,19,-1,-1,-1,-1,-1,-1,-1,0,-1,-1,-1,0,-1,9,-1,6,1,-1,-1,1598,2,9,VAUXHALL VIVARO,-1,-1,0,-1
2024622500088,2024,622500088,4,19,0,2,2,0,0,0,0,0,0,0,1,0,2,1,6,6,3,-1,-1,1598,2,9,VAUXHALL VIVARO,-1,-1,0,-1
2024471406953,2024,471406953,1,19,0,-1,11,6,2,-1,0,0,0,0,0,0,1,1,-1,1,1,29,6,1499,2,3,VAUXHALL VIVARO,4,E01016882,0,1
2024451531887,2024,451531887,1,19,0,-1,19,4,8,-1,0,0,0,0,0,0,1,1,-1,1,1,41,7,1499,2,1,VAUXHALL VIVARO,4,E01004571,0,3
2024161528053,2024,161528053,1,19,0,-1,19,6,2,-1,0,0,0,4,0,0,1,1,-1,6,1,57,9,1598,2,6,VAUXHALL VIVARO,8,E01013273,0,3
2024421524549,2024,421524549,1,19,0,-1,19,-1,-1,-1,0,0,9,0,0,0,1,1,-1,6,1,-1,-1,1499,2,5,VAUXHALL VIVARO,-1,-1,0,-1
2024201499804,2024,201499804,4,19,0,-1,4,4,8,-1,0,0,0,0,0,0,4,9,-1,1,1,27,6,1997,2,4,VAUXHALL VIVARO,-1,-1,0,-1
2024010533847,2024,010533847,2,19,0,2,2,0,0,0,0,0,0,0,0,0,4,1,6,6,3,-1,-1,-1,3,2,VAUXHALL VIVARO,-1,-1,0,-1
2024041512061,2024,041512061,2,19,0,-1,12,7,3,-1,0,0,0,0,0,0,3,1,-1,1,1,52,8,1598,2,9,VAUXHALL VIVARO,9,E01024947,0,3
2024010537191,2024,010537191,2,19,9,99,99,9,9,99,99,9,9,99,9,99,9,9,6,6,1,41,7,1598,2,7,VAUXHALL VIVARO,6,E01035580,0,4
2024122500001,2024,122500001,1,19,0,18,19,8,4,0,0,1,0,0,0,0,4,1,2,2,3,68,10,1598,2,10,VAUXHALL VIVARO,9,E01027619,0,2
2024531502792,2024,531502792,2,19,0,-1,19,7,3,-1,0,0,1,0,0,0,1,1,-1,7,1,33,6,1995,2,16,VAUXHALL VIVARO,4,E01022450,0,1
2024991502834,2024,991502834,1,19,0,-1,19,7,4,-1,0,0,0,0,0,0,4,1,-1,1,1,29,6,1499,2,3,VAUXHALL VIVARO,-1,-1,0,-1
2024221455174,2024,221455174,2,19,0,-1,2,0,0,-1,9,0,0,0,0,0,1,9,-1,6,1,53,8,1598,2,5,VAUXHALL VIVARO,-1,-1,0,-1
2024010518688,2024,010518688,2,19,0,99,99,9,9,99,99,1,9,99,9,99,9,9,6,6,3,-1,-1,1598,2,6,VAUXHALL VIVARO,-1,-1,0,-1
2024161526766,2024,161526766,1,19,0,-1,19,5,1,-1,0,0,0,0,0,0,1,1,-1,6,1,28,6,1499,2,1,VAUXHALL VIVARO,7,E01012792,0,1
2024311456990,2024,311456990,2,19,0,-1,19,6,2,-1,0,0,0,0,0,0,1,1,-1,1,1,30,6,-1,3,2,VAUXHALL VIVARO,8,E01032053,0,5
2024522401446,2024,522401446,2,19,0,2,2,0,0,0,0,2,0,0,0,0,2,1,6,6,3,-1,-1,1598,2,6,VAUXHALL VIVARO,-1,-1,0,-1
2024052400300,2024,052400300,1,19,0,9,9,6,4,0,0,1,0,0,0,0,4,1,1,1,1,48,8,1499,2,4,VAUXHALL VIVARO,5,W01000253,0,4
2024131479190,2024,131479190,2,19,0,-1,19,3,7,-1,0,0,0,4,0,0,4,1,-1,1,1,31,6,1499,2,1,VAUXHALL VIVARO,6,E01026411,0,4
2024101408375,2024,101408375,1,19,0,-1,19,8,4,-1,0,0,0,0,0,0,1,1,-1,6,1,49,8,1598,2,7,VAUXHALL VIVARO,8,E01020710,0,3
2024052402850,2024,052402850,1,19,0,17,19,3,1,0,0,6,0,0,0,0,1,1,2,2,1,29,6,1499,2,4,VAUXHALL VIVARO,1,E01006443,0,2
2024552400156,2024,552400156,2,19,0,2,2,0,0,0,0,0,0,0,0,0,1,1,6,6,3,-1,-1,1995,2,17,VAUXHALL VIVARO,-1,-1,0,-1
2024451514420,2024,451514420,2,19,9,-1,99,7,3,-1,0,1,0,99,0,0,1,1,-1,6,1,45,7,1598,2,8,VAUXHALL VIVARO,-1,-1,0,-1
2024991411318,2024,991411318,3,19,0,-1,2,0,0,-1,0,0,0,4,0,0,1,1,-1,6,-1,-1,-1,1598,2,6,VAUXHALL VIVARO,-1,-1,0,-1
2024201440161,2024,201440161,1,19,0,-1,19,1,8,-1,0,0,0,0,0,0,1,1,-1,6,1,56,9,1995,2,10,VAUXHALL VIVARO,1,E01009153,0,1
2024501424078,2024,501424078,1,19,0,-1,19,4,8,-1,0,0,5,0,2,11,4,1,-1,9,1,24,5,1995,2,11,VAUXHALL VIVARO,5,E01020324,0,1
2024401419427,2024,401419427,1,19,0,-1,5,6,2,-1,0,0,0,0,0,0,4,1,-1,6,1,39,7,1598,2,9,VAUXHALL VIVARO,10,E01017560,0,3
2024141448709,2024,141448709,2,19,0,-1,-1,-1,-1,-1,-1,0,-1,-1,-1,0,-1,9,-1,6,1,39,7,-1,3,1,VAUXHALL VIVARO,2,E01007405,0,1
2024211415389,2024,211415389,2,19,0,-1,19,7,3,-1,0,0,0,0,0,0,1,9,-1,1,1,20,4,1598,2,8,VAUXHALL VIVARO,2,E01014342,0,2
2024440279455,2024,440279455,1,19,0,18,19,1,5,0,0,6,0,0,0,0,1,1,1,1,1,43,7,1995,2,11,VAUXHALL VIVARO,9,E01022595,0,2
2024421409862,2024,421409862,1,10,0,-1,19,-1,-1,-1,0,0,0,0,0,0,4,1,-1,6,1,-1,-1,-1,-1,-1,VAUXHALL VIVARO,-1,-1,0,-1
2024430076857,2024,430076857,2,19,0,1,1,5,1,0,0,0,0,0,0,0,2,1,6,6,1,-1,-1,1995,2,13,VAUXHALL VIVARO,-1,-1,0,-1
2024201425515,2024,201425515,2,19,0,-1,19,1,5,-1,0,0,0,0,0,0,2,1,-1,6,-1,-1,-1,1499,2,1,VAUXHALL VIVARO,-1,-1,0,-1
2024351445155,2024,351445155,2,19,0,-1,3,7,3,-1,0,2,0,0,0,0,2,1,-1,1,1,69,10,1870,2,18,VAUXHALL VIVARO,7,E01018223,0,2
2024010536645,2024,010536645,1,19,0,9,9,5,3,0,0,6,0,0,0,0,1,1,6,6,1,52,8,1598,2,6,VAUXHALL VIVARO,8,E01021209,0,4
2024311438991,2024,311438991,3,19,0,-1,4,2,6,-1,0,0,0,0,0,0,1,1,-1,1,1,30,6,1598,2,9,VAUXHALL VIVARO,-1,-1,0,-1
2024430604445,2024,430604445,2,19,0,9,9,8,6,0,0,5,0,0,0,0,3,1,1,1,1,27,6,1870,2,18,VAUXHALL VIVARO,5,E01026539,0,5
2024211437398,2024,211437398,1,19,0,-1,19,0,0,-1,0,0,0,0,0,0,1,1,-1,1,1,64,9,1598,2,5,VAUXHALL VIVARO,3,E01013454,0,4
2024320548968,2024,320548968,1,19,0,9,9,4,2,0,0,5,0,0,1,10,1,1,6,6,1,35,6,1870,2,21,VAUXHALL VIVARO,3,E01016804,0,5
2024311485410,2024,311485410,1,19,0,-1,5,1,5,-1,0,0,0,0,0,0,0,1,-1,1,1,40,7,1995,2,12,VAUXHALL VIVARO,1,E01007495,0,4
2024311495292,2024,311495292,1,19,0,-1,2,0,0,-1,9,0,0,0,0,0,1,1,-1,6,-1,-1,-1,1870,2,21,VAUXHALL VIVARO,-1,-1,0,-1
2024231429051,2024,231429051,2,19,0,-1,11,8,4,-1,0,0,0,0,0,0,4,1,-1,1,1,50,8,1995,2,17,VAUXHALL VIVARO,3,E01009538,0,1
2024131467540,2024,131467540,1,19,0,-1,19,5,1,-1,0,0,0,0,0,0,1,1,-1,1,1,50,8,1499,2,0,VAUXHALL VIVARO,1,E01034500,0,5
2024201526491,2024,201526491,1,19,0,-1,5,2,2,-1,0,1,0,0,0,0,1,1,-1,1,1,34,6,1499,2,1,VAUXHALL VIVARO,1,E01010414,0,3
2024991498697,2024,991498697,2,19,0,-1,9,4,1,-1,0,8,0,0,0,0,2,1,-1,9,2,54,8,1499,2,2,VAUXHALL VIVARO,1,-1,0,4
2024131471202,2024,131471202,1,19,0,-1,19,5,3,-1,0,0,0,0,0,0,1,1,-1,6,2,66,10,1598,2,7,VAUXHALL VIVARO,6,E01011827,0,1
2024071022964,2024,071022964,1,10,0,-1,19,2,6,-1,0,0,1,0,0,0,1,1,-1,1,1,27,6,-1,-1,-1,VAUXHALL VIVARO,1,E01009359,0,4
2024010507132,2024,010507132,1,19,0,18,19,7,3,0,0,1,0,0,0,0,1,1,6,6,1,60,9,1499,2,1,VAUXHALL VIVARO,4,E01000618,0,2
2024131499843,2024,131499843,3,19,0,-1,12,1,1,-1,0,0,0,0,0,0,1,1,-1,6,1,53,8,1997,2,4,VAUXHALL VIVARO,1,E01011361,0,1
2024101468705,2024,101468705,2,20,0,-1,2,1,7,-1,0,1,0,0,0,0,1,1,-1,1,1,35,6,-1,-1,-1,VAUXHALL VIVARO,3,E01027550,0,4
2024221400316,2024,221400316,1,8,0,-1,19,8,5,-1,0,0,0,0,0,0,1,9,-1,6,1,28,6,1598,2,8,VAUXHALL VIVARO,6,E01028902,0,4
2024211400322,2024,211400322,3,19,0,-1,19,1,5,-1,0,0,1,0,0,0,1,9,-1,1,1,26,6,1499,2,2,VAUXHALL VIVARO,5,E01033761,0,4
2024522403449,2024,522403449,1,19,0,16,19,5,1,0,0,3,0,0,0,0,1,1,6,6,1,24,5,1870,2,21,VAUXHALL VIVARO,10,E01033336,0,1
2024440364475,2024,440364475,1,19,0,2,2,0,0,0,0,0,0,0,0,0,2,1,6,6,1,39,7,1870,2,21,VAUXHALL VIVARO,9,E01031879,0,4
2024332401000,2024,332401000,2,19,0,-1,19,6,2,-1,0,1,0,0,0,0,1,1,-1,6,1,48,8,1995,2,12,VAUXHALL VIVARO,3,E01025900,0,1
2024351410549,2024,351410549,1,19,0,-1,19,5,1,-1,0,0,1,0,1,0,1,1,-1,6,1,45,7,1499,2,5,VAUXHALL VIVARO,-1,-1,0,-1
2024451472269,2024,451472269,2,19,0,-1,9,7,8,-1,0,2,0,0,0,0,4,1,-1,6,3,30,6,1598,2,7,VAUXHALL VIVARO,-1,-1,0,-1
2024320422298,2024,320422298,1,19,0,-1,-1,3,7,0,0,0,0,0,7,9,3,1,6,6,1,49,8,1499,2,1,VAUXHALL VIVARO,-1,-1,0,-1
2024361529019,2024,361529019,1,19,0,-1,19,3,1,-1,0,0,0,0,0,0,1,1,-1,1,1,32,6,1499,2,4,VAUXHALL VIVARO,4,E01026756,0,4
2024010497906,2024,010497906,1,19,5,7,7,4,6,0,0,5,0,0,1,0,2,1,2,2,1,49,8,1499,2,4,VAUXHALL VIVARO,9,E01003765,0,2
2024221510436,2024,221510436,2,19,0,-1,19,1,5,-1,0,8,0,0,0,0,1,1,-1,6,1,38,7,1499,2,2,VAUXHALL VIVARO,10,E01028845,0,2
2024010547748,2024,010547748,1,19,0,18,19,7,3,0,0,4,0,0,0,0,4,1,2,2,1,62,9,1997,2,2,VAUXHALL VIVARO,3,E01000099,0,1
2024221403742,2024,221403742,1,19,0,-1,19,7,3,-1,0,8,0,0,0,0,1,9,-1,1,1,50,8,1598,2,6,VAUXHALL VIVARO,-1,-1,0,-1
2024361501773,2024,361501773,2,19,0,-1,19,3,7,-1,0,0,0,0,1,0,1,1,-1,2,1,32,6,-1,3,2,VAUXHALL VIVARO,3,E01033041,0,4
2024540946224,2024,540946224,1,19,0,18,19,5,1,0,0,1,0,0,0,0,1,1,6,6,1,38,7,1995,2,15,VAUXHALL VIVARO,5,E01032068,0,1
2024302400705,2024,302400705,1,19,0,18,19,5,1,0,0,1,0,0,0,0,1,1,6,6,1,44,7,1499,2,1,VAUXHALL VIVARO,4,E01013555,0,1
2024461408667,2024,461408667,1,19,0,-1,19,6,2,-1,0,0,0,0,0,0,1,9,-1,1,1,40,7,1499,2,2,VAUXHALL VIVARO,7,E01024732,0,1
2024211508966,2024,211508966,1,19,0,-1,19,6,1,-1,0,0,0,0,0,0,3,1,-1,6,1,47,8,1870,2,18,VAUXHALL VIVARO,10,E01029684,0,1
2024302400453,2024,302400453,3,19,0,10,10,4,2,0,0,1,0,0,0,0,1,1,2,2,3,45,7,1870,2,18,VAUXHALL VIVARO,3,E01019484,0,1
202417S101324,2024,17S101324,1,10,0,18,19,4,1,0,0,0,0,0,0,0,1,1,1,1,1,40,7,-1,-1,-1,VAUXHALL VIVARO,-1,-1,0,-1
2024221404037,2024,221404037,2,19,0,-1,19,4,8,-1,0,0,0,0,0,0,1,1,-1,6,1,40,7,1598,2,7,VAUXHALL VIVARO,5,E01028996,0,3
2024430052363,2024,430052363,2,19,0,18,19,7,3,0,0,8,5,0,0,0,4,1,2,2,1,42,7,1870,2,19,VAUXHALL VIVARO,9,E01027288,0,3
2024501505047,2024,501505047,2,19,0,-1,19,5,1,-1,0,0,0,0,0,0,1,1,-1,1,1,34,6,1997,2,0,VAUXHALL VIVARO,2,E01015168,0,4
2024461490791,2024,461490791,2,19,0,-1,19,2,7,-1,0,4,0,11,0,0,2,1,-1,2,1,54,8,-1,3,1,VAUXHALL VIVARO,4,E01024262,0,3
2024010545887,2024,010545887,2,19,0,7,7,3,5,0,0,1,0,0,6,0,3,1,1,1,1,26,6,1499,2,3,VAUXHALL VIVARO,7,E01004275,0,1
2024501463917,2024,501463917,1,19,0,-1,5,3,7,-1,0,1,0,4,0,0,1,1,-1,6,1,64,9,1598,2,8,VAUXHALL VIVARO,6,E01019935,0,3
2024340WN2772,2024,340WN2772,4,19,0,-1,2,0,0,-1,0,2,0,0,0,0,1,1,-1,6,3,-1,-1,1499,2,4,VAUXHALL VIVARO,-1,-1,0,-1
2024430395207,2024,430395207,2,19,0,18,19,2,6,0,0,1,0,0,0,0,2,1,6,6,1,-1,-1,2464,2,16,VAUXHALL VIVARO,-1,-1,0,-1
2024010534069,2024,010534069,3,19,0,18,19,5,1,0,0,0,0,0,0,0,1,1,6,6,1,31,6,-1,3,2,VAUXHALL VIVARO,7,E01003753,0,1
2024471425754,2024,471425754,2,19,0,-1,19,5,1,-1,0,1,0,0,0,0,1,1,-1,6,1,-1,-1,1598,2,10,VAUXHALL VIVARO,5,E01031523,0,2
2024041403353,2024,041403353,1,9,0,-1,19,5,1,-1,0,8,0,0,0,0,3,1,-1,1,1,39,7,1995,2,11,VAUXHALL VIVARO,4,E01012703,0,1
2024991461785,2024,991461785,2,19,0,-1,19,1,4,-1,0,4,0,0,0,0,1,1,-1,1,2,32,6,1997,2,1,VAUXHALL VIVARO,-1,-1,0,-1
2024302401413,2024,302401413,2,19,0,4,4,2,6,0,0,2,0,0,0,0,2,2,6,6,1,71,10,1995,2,13,VAUXHALL VIVARO,9,E01019721,0,1
2024440238960,2024,440238960,1,19,0,18,19,5,1,0,0,0,0,0,0,0,1,1,2,2,1,53,8,1995,2,12,VAUXHALL VIVARO,3,E01032847,0,1
2024010553236,2024,010553236,2,19,0,99,99,9,9,99,99,9,9,99,9,99,2,9,6,6,3,-1,-1,1995,2,15,VAUXHALL VIVARO,2,E01003175,0,2
2024501440288,2024,501440288,4,19,0,-1,2,0,0,-1,0,2,0,4,0,0,1,1,-1,6,-1,-1,-1,1870,2,19,VAUXHALL VIVARO,-1,-1,0,-1
2024631482031,2024,631482031,2,19,0,-1,2,0,0,-1,-1,8,1,0,8,11,2,1,-1,1,1,29,6,1598,2,7,VAUXHALL VIVARO,7,W01000506,0,3
2024010535283,2024,010535283,2,19,0,99,99,9,9,99,99,9,9,99,9,99,9,9,6,6,3,-1,-1,1499,2,0,VAUXHALL VIVARO,-1,-1,0,-1
2024430460226,2024,430460226,1,19,0,18,19,3,7,0,0,0,0,0,0,0,1,1,1,1,1,40,7,1499,2,2,VAUXHALL VIVARO,8,E01027281,0,2
202454A131924,2024,54A131924,1,19,0,18,19,7,3,0,0,8,0,0,0,0,4,1,1,1,1,62,9,1598,2,5,VAUXHALL VIVARO,1,E01015541,0,1
2024010518990,2024,010518990,1,19,0,18,19,1,5,0,0,0,0,0,0,0,4,1,1,1,1,32,6,1598,2,5,VAUXHALL VIVARO,8,E01002945,0,2
2024622400474,2024,622400474,1,19,0,18,19,3,7,0,0,0,0,0,1,6,1,1,2,2,1,32,6,1997,2,4,VAUXHALL VIVARO,3,W01000681,0,4
2024451463174,2024,451463174,1,19,0,-1,19,5,1,-1,0,0,0,0,0,0,4,1,-1,2,1,41,7,1598,2,7,VAUXHALL VIVARO,3,E01030362,0,1
2024141555015,2024,141555015,1,19,0,-1,19,2,7,-1,0,0,0,0,0,0,1,1,-1,6,1,44,7,1995,2,11,VAUXHALL VIVARO,4,E01007350,0,2
2024622400687,2024,622400687,2,19,0,18,19,7,4,0,0,0,0,0,0,0,1,1,2,2,1,25,5,1598,2,7,VAUXHALL VIVARO,6,E01017437,0,5
2024531536676,2024,531536676,1,19,0,-1,19,1,5,-1,0,0,0,0,0,0,1,1,-1,6,1,37,7,1598,2,6,VAUXHALL VIVARO,1,E01022291,0,1
2024991468913,2024,991468913,1,19,0,-1,20,7,3,-1,0,0,0,0,0,0,3,1,-1,9,2,48,8,1499,2,2,VAUXHALL VIVARO,5,E01021133,0,5
2024991397983,2024,991397983,1,19,0,-1,19,6,2,-1,0,0,1,0,1,4,1,1,-1,6,1,51,8,1598,2,6,VAUXHALL VIVARO,5,-1,0,3
2024522500015,2024,522500015,2,19,0,5,5,2,6,0,0,6,0,0,0,0,3,1,6,6,1,-1,-1,1499,2,3,VAUXHALL VIVARO,-1,-1,0,-1
2024631406983,2024,631406983,1,19,0,-1,19,8,4,-1,0,1,0,0,0,0,1,1,-1,6,3,-1,-1,1995,2,10,VAUXHALL VIVARO,-1,-1,0,-1
2024052400931,2024,052400931,1,19,0,18,19,1,5,0,0,0,0,0,0,0,1,1,6,6,1,57,9,1598,2,9,VAUXHALL VIVARO,9,E01018419,0,4
2024411523055,2024,411523055,1,19,0,-1,19,1,5,-1,0,0,0,0,0,0,1,9,-1,6,1,46,8,1997,2,4,VAUXHALL VIVARO,8,E01035609,0,1
2024320106704,2024,320106704,3,19,0,-1,-1,4,8,0,0,0,0,0,0,0,1,1,1,1,1,23,5,1598,2,8,VAUXHALL VIVARO,-1,-1,0,-1
2024340WN0992,2024,340WN0992,1,19,0,-1,19,5,1,-1,0,4,0,0,0,0,3,1,-1,9,1,60,9,1598,2,6,VAUXHALL VIVARO,9,E01027254,0,1
2024631413796,2024,631413796,1,19,0,-1,19,5,1,-1,0,0,1,0,1,11,1,1,-1,1,1,23,5,1499,2,3,VAUXHALL VIVARO,5,W01000697,0,3
2024361492771,2024,361492771,2,19,0,-1,19,5,1,-1,0,0,0,4,0,0,2,1,-1,1,2,37,7,1995,2,17,VAUXHALL VIVARO,9,E01010171,0,5
2024010518177,2024,010518177,2,19,0,13,13,9,9,99,99,0,9,99,9,99,9,9,6,6,3,-1,-1,1598,2,7,VAUXHALL VIVARO,-1,-1,0,-1
2024010520631,2024,010520631,1,19,0,18,19,4,8,0,0,1,0,0,0,0,1,1,1,1,1,43,7,1997,2,2,VAUXHALL VIVARO,8,E01016748,0,4
2024461514969,2024,461514969,1,19,0,-1,5,1,3,-1,0,1,0,0,0,0,3,9,-1,6,3,-1,-1,1995,2,13,VAUXHALL VIVARO,-1,-1,0,-1
2024201530150,2024,201530150,2,19,0,-1,5,4,1,-1,0,8,0,0,0,0,1,1,-1,6,1,52,8,1995,2,15,VAUXHALL VIVARO,2,E01009006,0,1
2024501477071,2024,501477071,1,19,0,-1,4,4,8,-1,-1,0,0,0,0,0,1,1,-1,1,1,42,7,1995,2,14,VAUXHALL VIVARO,2,E01018897,0,2
2024471427316,2024,471427316,2,19,0,-1,19,8,3,-1,0,1,0,0,0,0,1,1,-1,2,1,38,7,1598,2,8,VAUXHALL VIVARO,7,E01031374,0,1
2024101511921,2024,101511921,2,9,0,-1,3,6,1,-1,0,2,0,0,0,0,2,1,-1,6,1,65,9,1598,2,8,VAUXHALL VIVARO,6,E01008250,0,2
2024440322704,2024,440322704,2,9,0,13,13,3,7,0,0,1,0,0,0,0,1,1,6,6,1,43,7,1499,2,4,VAUXHALL VIVARO,4,E01017083,0,1
2024552400947,2024,552400947,1,19,0,7,7,8,1,0,0,5,0,0,0,0,4,1,2,2,1,52,8,-1,3,2,VAUXHALL VIVARO,6,E01020439,0,4
2024010515493,2024,010515493,2,19,0,99,99,9,9,99,99,5,9,99,9,99,9,9,6,6,1,51,8,1598,2,8,VAUXHALL VIVARO,4,E01003277,0,2