collision_index,collision_year,collision_ref_no,vehicle_reference,vehicle_type,towing_and_articulation,vehicle_manoeuvre_historic,vehicle_manoeuvre,vehicle_direction_from,vehicle_direction_to,vehicle_location_restricted_lane_historic,vehicle_location_restricted_lane,junction_location,skidding_and_overturning,hit_object_in_carriageway,vehicle_leaving_carriageway,hit_object_off_carriageway,first_point_of_impact,vehicle_left_hand_drive,journey_purpose_of_driver_historic,journey_purpose_of_driver,sex_of_driver,age_of_driver,age_band_of_driver,engine_capacity_cc,propulsion_code,age_of_vehicle,generic_make_model,driver_imd_decile,lsoa_of_driver,escooter_flag,driver_distance_banding
2024552400425,2024,552400425,2,19,0,8,8,3,1,0,0,6,0,0,0,0,2,1,1,1,1,51,8,1995,2,10,VAUXHALL VIVARO,6,E01020494,0,1
2024340WN2162,2024,340WN2162,1,19,0,-1,19,5,1,-1,0,0,0,0,0,0,3,1,-1,2,1,24,5,1499,2,1,VAUXHALL VIVARO,5,E01016787,0,3
2024991525214,2024,991525214,1,19,0,-1,19,3,7,-1,0,0,0,0,0,0,1,1,-1,2,1,24,5,1997,2,1,VAUXHALL VIVARO,1,-1,0,1
2024421408824,2024,421408824,2,9,0,-1,3,-1,-1,-1,0,0,0,0,0,0,2,1,-1,6,2,43,7,-1,3,4,VAUXHALL VIVARO,7,E01015964,0,1
2024320489283,2024,320489283,2,19,0,-1,-1,8,4,0,0,0,0,0,0,0,3,1,-1,-1,1,39,7,1598,2,9,VAUXHALL VIVARO,3,E01028064,0,4
2024320098743,2024,320098743,2,19,0,-1,-1,2,6,0,0,8,0,0,1,4,1,1,-1,-1,1,45,7,1598,2,6,VAUXHALL VIVARO,4,E01026067,0,2
2024401506485,2024,401506485,1,19,0,-1,5,3,7,-1,0,3,0,0,0,0,4,1,-1,1,1,27,6,1997,2,2,VAUXHALL VIVARO,5,E01029900,0,4
2024131482780,2024,131482780,2,19,0,-1,2,0,0,-1,0,0,0,0,0,0,1,1,-1,1,1,36,7,1499,2,1,VAUXHALL VIVARO,2,E01010979,0,2
2024061461391,2024,061461391,1,19,0,-1,19,1,5,-1,0,0,0,0,0,0,1,9,-1,6,1,42,7,1995,2,10,VAUXHALL VIVARO,1,E01005143,0,1
2024622400277,2024,622400277,2,19,0,18,19,1,5,0,0,1,0,0,0,0,1,1,6,6,3,-1,-1,1870,2,19,VAUXHALL VIVARO,-1,-1,0,-1
2024401466767,2024,401466767,2,19,0,-1,4,5,1,-1,0,0,0,0,0,0,2,1,-1,6,1,62,9,1997,2,4,VAUXHALL VIVARO,7,E01018185,0,3
2024041469880,2024,041469880,1,19,0,-1,4,5,1,-1,0,0,0,0,0,0,1,1,-1,1,1,44,7,1499,2,2,VAUXHALL VIVARO,2,E01006309,0,3
2024991532079,2024,991532079,1,19,0,-1,19,1,5,-1,0,0,0,5,7,0,1,1,-1,2,1,58,9,1598,2,9,VAUXHALL VIVARO,6,-1,0,3
2024471396075,2024,471396075,1,19,0,-1,19,7,3,-1,0,1,0,0,0,0,1,1,-1,1,1,55,8,1598,2,5,VAUXHALL VIVARO,8,E01020948,0,1
2024351537278,2024,351537278,1,19,0,-1,19,-1,-1,-1,0,0,1,2,1,0,1,1,-1,9,1,40,7,1598,2,7,VAUXHALL VIVARO,4,E01026280,0,2
2024141457847,2024,141457847,2,19,0,-1,19,2,6,-1,0,1,0,0,0,0,1,2,-1,6,1,-1,-1,1997,2,4,VAUXHALL VIVARO,-1,-1,0,-1
2024361447733,2024,361447733,2,20,0,-1,19,7,4,-1,0,1,0,0,0,0,1,1,-1,1,1,31,6,-1,-1,-1,VAUXHALL VIVARO,7,E01026456,0,2
2024622400835,2024,622400835,4,19,0,18,19,6,2,0,0,1,0,0,0,0,1,2,6,6,1,30,6,1598,2,9,VAUXHALL VIVARO,2,W01001764,0,1
2024991506289,2024,991506289,1,19,0,-1,19,4,8,-1,0,0,1,0,0,0,2,1,-1,6,1,33,6,1598,2,6,VAUXHALL VIVARO,1,-1,0,1
2024540168524,2024,540168524,1,19,0,9,9,2,5,0,0,6,0,0,0,0,1,1,6,6,2,43,7,1499,2,4,VAUXHALL VIVARO,8,E01015517,0,1
2024501452304,2024,501452304,1,19,0,-1,3,3,7,-1,0,0,0,0,0,0,4,9,-1,6,3,-1,-1,1870,2,20,VAUXHALL VIVARO,-1,-1,0,-1
2024501473050,2024,501473050,1,19,0,-1,4,5,1,-1,0,1,0,0,0,0,1,1,-1,6,1,55,8,1499,2,4,VAUXHALL VIVARO,3,E01020272,0,1
2024010520541,2024,010520541,1,19,0,1,1,5,1,0,0,2,0,0,0,0,2,1,6,6,1,62,9,1997,2,3,VAUXHALL VIVARO,2,E01021312,0,4
2024010513586,2024,010513586,2,19,0,9,9,5,3,0,0,8,0,0,0,0,1,1,1,1,1,23,5,1598,2,6,VAUXHALL VIVARO,6,E01035280,0,4
2024010549872,2024,010549872,2,19,0,18,19,7,3,0,0,1,0,0,0,0,4,1,2,2,1,41,7,1598,2,6,VAUXHALL VIVARO,2,E01003049,0,2
2024622400101,2024,622400101,2,19,0,18,19,4,8,0,0,0,0,0,0,0,2,1,6,6,1,29,6,1997,2,3,VAUXHALL VIVARO,10,W01000785,0,3
2024211422889,2024,211422889,1,19,0,-1,19,8,4,-1,0,0,0,0,0,0,1,1,-1,2,1,35,6,1870,2,20,VAUXHALL VIVARO,5,E01019514,0,4
2024440266518,2024,440266518,1,9,0,18,19,4,8,0,0,4,0,0,0,0,1,1,1,1,1,54,8,1598,2,5,VAUXHALL VIVARO,2,E01017116,0,2
202460Q070357,2024,60Q070357,3,19,0,2,2,0,0,0,0,0,0,0,0,0,3,1,6,6,1,55,8,1995,2,17,VAUXHALL VIVARO,-1,-1,0,-1
2024430508787,2024,430508787,1,19,0,9,9,8,6,0,0,5,0,0,0,0,3,1,6,6,1,61,9,1499,2,1,VAUXHALL VIVARO,4,E01016519,0,1
2024522401187,2024,522401187,2,19,0,5,5,7,2,0,0,4,0,0,0,0,3,1,6,6,1,50,8,1499,2,3,VAUXHALL VIVARO,3,E01006341,0,5
2024340WN4582,2024,340WN4582,1,19,0,-1,19,4,8,-1,0,0,0,0,0,0,1,1,-1,1,1,35,6,1995,2,17,VAUXHALL VIVARO,8,E01027000,0,1
2024010509323,2024,010509323,1,19,0,5,5,1,5,0,0,2,0,0,0,0,1,1,2,2,1,34,6,1499,2,3,VAUXHALL VIVARO,6,E01024340,0,4
2024010502251,2024,010502251,3,19,0,18,19,5,1,0,0,8,0,4,0,0,2,1,6,6,1,24,5,1995,2,16,VAUXHALL VIVARO,2,E01000990,0,1
2024311407619,2024,311407619,2,8,0,-1,19,3,7,-1,0,0,0,0,0,0,1,9,-1,1,1,53,8,1598,2,7,VAUXHALL VIVARO,4,E01013459,0,4
2024231476900,2024,231476900,2,19,0,-1,4,6,2,-1,0,0,0,0,0,0,2,9,-1,1,1,51,8,1598,2,6,VAUXHALL VIVARO,7,E01031013,0,3
2024201465533,2024,201465533,1,19,0,-1,19,5,1,-1,0,0,0,0,0,0,1,9,-1,2,1,51,8,1995,2,12,VAUXHALL VIVARO,7,E01010389,0,1
2024010534672,2024,010534672,1,19,0,18,19,7,3,0,0,8,0,0,0,0,3,1,1,1,1,20,4,1499,2,0,VAUXHALL VIVARO,-1,-1,0,-1
2024010537875,2024,010537875,2,19,0,13,13,1,5,0,0,1,0,0,0,0,4,1,6,6,1,62,9,1598,2,7,VAUXHALL VIVARO,4,E01004458,0,1
2024501492679,2024,501492679,3,19,0,-1,19,6,2,-1,0,0,1,0,0,0,2,1,-1,1,1,43,7,-1,3,3,VAUXHALL VIVARO,10,E01015160,0,4
2024361450305,2024,361450305,1,19,0,-1,19,2,7,-1,0,8,0,0,0,0,4,1,-1,2,1,41,7,1499,2,1,VAUXHALL VIVARO,3,E01026621,0,4
2024471416516,2024,471416516,1,19,0,-1,19,5,1,-1,0,0,0,11,0,0,4,1,-1,9,1,52,8,1499,2,3,VAUXHALL VIVARO,8,E01031633,0,2
2024991528241,2024,991528241,1,19,0,-1,7,5,7,-1,0,6,0,0,0,0,1,1,-1,6,1,41,7,-1,3,1,VAUXHALL VIVARO,9,-1,0,2
2024471470570,2024,471470570,2,19,0,-1,19,1,5,-1,0,0,1,0,1,0,1,1,-1,1,1,55,8,1598,2,5,VAUXHALL VIVARO,3,E01021131,0,3
2024610025924,2024,610025924,1,19,0,17,19,5,2,0,0,0,0,0,1,3,1,1,6,6,1,36,7,1598,2,10,VAUXHALL VIVARO,2,W01001501,0,3
2024471491216,2024,471491216,2,19,0,-1,19,1,5,-1,0,1,1,0,0,0,3,1,-1,9,1,45,7,1995,2,18,VAUXHALL VIVARO,8,E01031634,0,1
2024131525245,2024,131525245,1,19,0,-1,7,5,3,-1,0,6,0,0,0,0,1,1,-1,9,1,36,7,1870,2,20,VAUXHALL VIVARO,6,E01011042,0,1
2024501396976,2024,501396976,3,9,0,-1,4,1,5,-1,0,0,0,0,0,0,2,1,-1,6,2,51,8,-1,3,1,VAUXHALL VIVARO,6,E01015191,0,1
2024211463266,2024,211463266,1,19,0,-1,19,7,3,-1,0,1,0,0,0,0,3,1,-1,6,1,47,8,1598,2,9,VAUXHALL VIVARO,10,E01029589,0,1
2024421411720,2024,421411720,2,19,0,-1,19,1,5,-1,0,8,0,0,0,0,1,1,-1,6,1,30,6,1598,2,7,VAUXHALL VIVARO,7,E01015837,0,3
2024010491405,2024,010491405,1,19,0,5,5,3,7,0,0,8,0,0,0,0,4,1,1,1,2,47,8,1598,2,8,VAUXHALL VIVARO,-1,-1,0,-1
2024320698913,2024,320698913,2,19,0,-1,-1,4,1,0,0,0,0,0,0,0,1,1,-1,-1,1,39,7,1598,2,9,VAUXHALL VIVARO,1,E01012867,0,4
2024010519450,2024,010519450,2,19,0,99,99,9,9,99,99,5,9,99,9,99,9,9,6,6,3,-1,-1,1598,2,5,VAUXHALL VIVARO,-1,-1,0,-1
2024311487430,2024,311487430,2,19,0,-1,9,1,7,-1,0,1,0,0,0,0,1,1,-1,1,1,50,8,1598,2,6,VAUXHALL VIVARO,3,E01013944,0,1
2024531487012,2024,531487012,2,19,0,-1,2,0,0,-1,0,0,0,0,0,0,3,1,-1,6,-1,-1,-1,1995,2,13,VAUXHALL VIVARO,-1,-1,0,-1
2024471469512,2024,471469512,3,19,0,-1,19,7,3,-1,0,0,0,0,0,0,2,1,-1,2,1,48,8,1598,2,9,VAUXHALL VIVARO,8,E01031416,0,2
2024471428427,2024,471428427,1,19,0,-1,19,6,2,-1,0,0,0,7,0,0,1,1,-1,6,1,39,7,1499,2,4,VAUXHALL VIVARO,3,E01016975,0,2
2024332400272,2024,332400272,2,8,0,-1,2,0,0,-1,0,0,0,0,0,0,3,1,-1,6,3,-1,-1,1598,2,8,VAUXHALL VIVARO,-1,-1,0,-1
2024501492679,2024,501492679,2,19,0,-1,19,6,2,-1,0,0,0,0,0,0,2,1,-1,1,1,43,7,-1,3,3,VAUXHALL VIVARO,7,E01015165,0,4
2024451523500,2024,451523500,2,19,0,-1,2,0,0,-1,0,1,0,0,0,0,1,2,-1,1,1,30,6,1995,2,14,VAUXHALL VIVARO,7,E01023116,0,4
2024411510387,2024,411510387,1,19,0,-1,19,2,3,-1,0,8,0,0,0,0,1,1,-1,6,1,63,9,1598,2,5,VAUXHALL VIVARO,4,E01023560,0,1
2024010525838,2024,010525838,1,19,0,99,99,9,9,99,99,9,9,99,9,99,2,9,6,6,1,24,5,1995,2,11,VAUXHALL VIVARO,2,E01024093,0,4
2024302400167,2024,302400167,1,19,0,9,9,5,3,9,9,8,0,0,7,0,1,1,6,6,1,29,6,1499,2,2,VAUXHALL VIVARO,6,E01029473,0,3
2024201477782,2024,201477782,2,19,0,-1,9,5,3,-1,0,6,0,0,0,0,3,1,-1,6,1,47,8,1499,2,3,VAUXHALL VIVARO,2,E01009516,0,2
2024131434134,2024,131434134,3,19,0,-1,19,5,1,-1,0,1,0,0,0,0,0,1,-1,6,1,63,9,1598,2,8,VAUXHALL VIVARO,1,E01006023,0,3
2024302400334,2024,302400334,1,9,0,18,19,6,2,9,9,2,0,10,1,2,1,1,6,6,1,47,8,1499,2,3,VAUXHALL VIVARO,8,E01013546,0,1
2024101430363,2024,101430363,1,19,0,-1,19,1,5,-1,0,0,0,0,0,0,1,9,-1,6,1,42,7,1995,2,13,VAUXHALL VIVARO,2,E01008810,0,1
2024340WN4962,2024,340WN4962,2,19,0,-1,19,4,8,-1,0,0,0,0,0,0,1,1,-1,6,1,39,7,1598,2,9,VAUXHALL VIVARO,7,E01027159,0,1
2024401471212,2024,401471212,2,19,0,-1,19,4,8,-1,0,0,0,0,0,0,3,1,-1,1,1,35,6,1499,2,2,VAUXHALL VIVARO,9,E01033809,0,4
2024061457557,2024,061457557,2,19,0,-1,19,3,7,-1,0,2,0,0,0,0,2,1,-1,1,1,28,6,1499,2,4,VAUXHALL VIVARO,1,E01025297,0,4
2024010537104,2024,010537104,2,19,0,18,19,7,3,0,0,1,0,0,0,0,2,1,6,6,1,38,7,-1,3,1,VAUXHALL VIVARO,4,E01016141,0,4
2024201519767,2024,201519767,3,19,0,-1,2,0,0,-1,0,2,0,0,0,0,2,1,-1,9,1,31,6,1598,2,6,VAUXHALL VIVARO,-1,-1,0,-1
2024411419847,2024,411419847,2,19,0,-1,-1,-1,-1,-1,-1,-1,-1,-1,-1,0,-1,9,-1,1,1,35,6,1997,2,4,VAUXHALL VIVARO,9,E01018119,0,4
2024041469831,2024,041469831,1,19,0,-1,7,5,1,-1,0,0,0,0,0,0,1,1,-1,9,1,53,8,1995,2,11,VAUXHALL VIVARO,1,E01025238,0,1
2024201529659,2024,201529659,2,19,0,-1,3,1,5,-1,0,8,0,0,0,0,2,9,-1,1,1,37,7,1995,2,11,VAUXHALL VIVARO,-1,-1,0,-1
2024340WN6302,2024,340WN6302,1,19,0,-1,9,1,7,-1,0,8,0,0,0,0,4,1,-1,6,1,36,7,1598,2,7,VAUXHALL VIVARO,8,E01033191,0,4
2024161510202,2024,161510202,1,19,0,-1,5,1,5,-1,0,0,0,0,0,0,3,1,-1,1,1,50,8,1997,2,1,VAUXHALL VIVARO,10,E01013054,0,4
2024010527981,2024,010527981,2,19,0,99,99,9,9,99,99,0,9,99,9,99,2,9,6,6,3,58,9,1997,2,1,VAUXHALL VIVARO,3,E01004044,0,1
2024161445126,2024,161445126,2,19,0,-1,19,5,1,-1,0,8,0,0,1,9,1,1,-1,6,1,63,9,1598,2,9,VAUXHALL VIVARO,8,E01027875,0,4
2024471433875,2024,471433875,1,19,0,-1,19,3,7,-1,0,1,0,0,0,0,4,1,-1,6,1,55,8,1598,2,8,VAUXHALL VIVARO,6,E01031408,0,1
2024161459905,2024,161459905,2,19,0,-1,1,3,7,-1,9,0,0,0,0,0,2,9,-1,6,1,-1,-1,1995,2,15,VAUXHALL VIVARO,-1,-1,0,-1
2024991414555,2024,991414555,1,19,0,-1,19,8,4,-1,0,0,1,0,0,0,1,1,-1,1,1,38,7,1598,2,7,VAUXHALL VIVARO,7,-1,0,1
2024610028124,2024,610028124,2,19,0,10,10,4,2,0,0,1,0,0,0,0,2,1,6,6,2,62,9,1598,2,5,VAUXHALL VIVARO,7,W01001354,0,1
2024010523827,2024,010523827,2,19,0,9,9,3,1,0,0,6,0,0,0,0,1,1,6,6,1,23,5,1499,2,1,VAUXHALL VIVARO,4,E01002101,0,1
2024010535083,2024,010535083,1,19,0,99,99,9,9,99,99,0,9,99,9,99,9,9,1,1,1,39,7,1499,2,1,VAUXHALL VIVARO,8,E01021180,0,4
2024361493803,2024,361493803,2,19,0,-1,19,4,8,-1,0,1,0,0,0,0,4,1,-1,1,1,35,6,-1,3,1,VAUXHALL VIVARO,7,E01029875,0,4
2024211513758,2024,211513758,1,19,0,-1,9,5,2,-1,0,8,0,0,0,0,1,1,-1,2,1,45,7,1995,2,17,VAUXHALL VIVARO,-1,-1,0,-1
2024211512281,2024,211512281,1,19,0,-1,2,0,0,-1,0,0,0,0,0,0,1,1,-1,6,1,58,9,1598,2,7,VAUXHALL VIVARO,2,E01014276,0,3
2024010522900,2024,010522900,1,19,0,18,19,5,1,0,0,0,0,4,0,0,4,1,2,2,2,64,9,1598,2,6,VAUXHALL VIVARO,4,E01003686,0,1
2024041516110,2024,041516110,1,19,0,-1,19,2,6,-1,0,1,0,0,0,0,1,1,-1,1,1,19,4,1995,2,11,VAUXHALL VIVARO,1,E01025217,0,1
2024461406272,2024,461406272,2,19,0,-1,3,7,3,-1,0,0,0,0,0,0,2,9,-1,1,1,47,8,1598,2,9,VAUXHALL VIVARO,6,E01024812,0,4
2024320218228,2024,320218228,1,19,0,-1,-1,1,5,0,0,0,0,10,0,1,1,1,1,1,1,35,6,1598,2,5,VAUXHALL VIVARO,-1,-1,0,-1
2024231429104,2024,231429104,2,19,0,-1,19,6,2,-1,0,8,0,0,0,0,1,1,-1,1,1,40,7,1995,2,16,VAUXHALL VIVARO,6,E01009676,0,3
2024371412754,2024,371412754,2,19,0,-1,19,4,8,-1,0,8,0,0,0,0,1,1,-1,1,1,25,5,1499,2,5,VAUXHALL VIVARO,2,E01033125,0,4
2024010550642,2024,010550642,1,9,0,-1,-1,3,7,0,0,2,0,0,0,0,4,1,6,6,1,47,8,1598,2,8,VAUXHALL VIVARO,3,E01000403,0,1
2024131488446,2024,131488446,2,19,0,-1,19,5,5,-1,0,1,1,0,0,0,1,1,-1,6,1,72,10,1499,2,1,VAUXHALL VIVARO,6,E01011005,0,3
2024501430815,2024,501430815,1,19,0,-1,19,6,2,-1,0,1,1,0,0,0,1,1,-1,1,1,32,6,1598,2,7,VAUXHALL VIVARO,6,E01020143,0,4
2024320336994,2024,320336994,2,9,0,-1,-1,6,2,0,0,3,0,0,0,0,1,1,1,1,1,31,6,1598,2,6,VAUXHALL VIVARO,2,E01026101,0,4
2024211419336,2024,211419336,2,19,0,-1,19,5,1,-1,0,0,0,0,0,0,2,1,-1,9,1,41,7,1598,2,9,VAUXHALL VIVARO,-1,-1,0,-1
2024010532491,2024,010532491,1,19,0,18,19,1,5,0,0,0,0,0,0,0,3,1,1,1,1,48,8,1598,2,6,VAUXHALL VIVARO,7,E01001522,0,4
2024010518813,2024,010518813,3,19,0,3,3,1,5,0,0,0,0,0,0,0,2,1,1,1,1,50,8,1598,2,6,VAUXHALL VIVARO,-1,-1,0,-1
2024371507621,2024,371507621,2,19,0,-1,19,7,3,-1,0,8,1,0,1,1,4,1,-1,1,1,40,7,1598,2,8,VAUXHALL VIVARO,7,E01030049,0,1
2024231406834,2024,231406834,3,19,0,-1,19,5,1,-1,0,8,1,0,7,4,2,9,-1,1,1,52,8,1499,2,3,VAUXHALL VIVARO,5,E01031168,0,3
2024201487883,2024,201487883,1,19,0,-1,9,6,4,-1,0,5,0,0,0,0,4,1,-1,9,1,37,7,1598,2,9,VAUXHALL VIVARO,4,E01007046,0,5
2024361403837,2024,361403837,1,19,0,-1,19,1,5,-1,0,0,0,0,0,0,1,1,-1,1,1,57,9,1995,2,11,VAUXHALL VIVARO,2,E01026834,0,2
2024461405433,2024,461405433,3,20,0,-1,4,3,7,-1,0,0,0,0,0,0,3,9,-1,6,1,31,6,-1,-1,-1,VAUXHALL VIVARO,7,E01021416,0,4
2024421505204,2024,421505204,1,19,0,-1,19,3,7,-1,0,0,1,0,0,0,1,1,-1,6,1,48,8,1598,2,7,VAUXHALL VIVARO,7,E01015966,0,4
2024521434824,2024,521434824,1,19,0,-1,-1,3,7,-1,-1,0,1,0,0,0,2,1,-1,-1,1,44,7,1997,2,1,VAUXHALL VIVARO,4,E01035117,0,4
2024010488547,2024,010488547,1,19,0,4,4,1,5,0,0,1,0,0,0,0,2,1,1,1,1,39,7,1499,2,1,VAUXHALL VIVARO,1,E01009410,0,5
2024052400298,2024,052400298,2,19,0,2,2,0,0,0,0,0,0,0,0,0,2,1,6,6,3,-1,-1,1598,2,9,VAUXHALL VIVARO,-1,-1,0,-1
2024351443064,2024,351443064,1,19,0,-1,4,1,5,-1,0,0,0,0,0,0,1,1,-1,1,1,52,8,1995,2,13,VAUXHALL VIVARO,9,E01018174,0,1
2024161408981,2024,161408981,1,19,0,-1,1,5,1,-1,0,1,0,0,0,0,0,9,-1,6,1,-1,-1,1598,2,7,VAUXHALL VIVARO,-1,-1,0,-1
2024421508185,2024,421508185,3,19,0,-1,19,5,1,-1,0,0,0,0,0,0,1,1,-1,1,1,65,9,1499,2,0,VAUXHALL VIVARO,3,E01001749,0,3
2024141544794,2024,141544794,2,19,0,-1,19,3,7,-1,0,0,0,0,0,0,1,1,-1,6,3,-1,-1,1995,2,10,VAUXHALL VIVARO,-1,-1,0,-1
2024421466448,2024,421466448,1,19,0,-1,19,4,8,-1,0,0,0,0,0,0,1,1,-1,1,1,28,6,1598,2,5,VAUXHALL VIVARO,-1,-1,0,-1
2024201492394,2024,201492394,2,19,0,-1,5,4,8,-1,0,0,0,0,0,0,4,1,-1,1,1,40,7,1598,2,6,VAUXHALL VIVARO,3,E01010113,0,3
2024471428108,2024,471428108,1,19,0,-1,19,5,1,-1,0,2,0,0,0,0,1,1,-1,9,1,43,7,1499,2,0,VAUXHALL VIVARO,7,E01003285,0,4
2024552400762,2024,552400762,1,19,0,18,19,2,6,0,0,8,0,0,0,0,4,1,6,6,3,-1,-1,1995,2,10,VAUXHALL VIVARO,-1,-1,0,-1
2024522402517,2024,522402517,5,19,0,18,19,2,6,0,0,0,0,0,0,0,1,1,6,6,1,46,8,1995,2,13,VAUXHALL VIVARO,5,E01029121,0,4
2024161398495,2024,161398495,1,19,0,-1,19,5,1,-1,0,0,0,0,0,0,1,1,-1,1,1,33,6,1598,2,9,VAUXHALL VIVARO,8,E01013305,0,3
2024991488039,2024,991488039,1,19,0,-1,19,3,7,-1,0,0,0,0,0,0,1,2,-1,2,1,26,6,1499,2,1,VAUXHALL VIVARO,10,-1,0,3
2024461443943,2024,461443943,5,19,0,-1,2,0,0,-1,0,0,0,0,0,0,2,1,-1,6,1,64,9,1995,2,16,VAUXHALL VIVARO,3,E01024591,0,1
2024010527944,2024,010527944,2,19,0,16,19,1,5,0,0,2,0,0,0,0,3,1,1,1,1,31,6,1598,2,6,VAUXHALL VIVARO,6,E01004450,0,3
2024010527832,2024,010527832,2,19,0,99,99,9,9,99,99,9,9,99,9,99,9,9,6,6,3,-1,-1,1499,2,0,VAUXHALL VIVARO,3,E01001690,0,3
2024991427188,2024,991427188,2,19,0,-1,4,6,2,-1,0,0,0,0,0,0,2,1,-1,1,1,56,9,1499,2,3,VAUXHALL VIVARO,2,-1,0,4
2024031529746,2024,031529746,1,19,0,-1,19,8,4,-1,0,8,0,0,0,0,1,1,-1,1,1,45,7,1598,2,6,VAUXHALL VIVARO,1,E01025224,0,5
2024010550323,2024,010550323,2,19,0,99,99,9,9,99,99,9,9,99,9,99,0,9,6,6,1,42,7,1499,2,5,VAUXHALL VIVARO,2,E01002633,0,1
2024122500078,2024,122500078,2,19,0,18,19,1,5,0,0,1,0,0,0,0,1,1,1,1,1,51,8,1870,2,21,VAUXHALL VIVARO,1,E01011433,0,4
2024361548374,2024,361548374,2,19,0,-1,19,6,2,-1,0,0,0,0,0,0,1,1,-1,9,1,30,6,1598,2,10,VAUXHALL VIVARO,8,E01026542,0,1
2024070969844,2024,070969844,1,19,0,-1,19,2,6,-1,0,0,0,0,0,0,1,1,-1,2,1,35,6,1499,2,5,VAUXHALL VIVARO,7,E01012415,0,1
2024552401288,2024,552401288,2,19,0,9,9,5,3,0,0,5,0,0,0,0,2,1,6,6,1,30,6,1997,2,1,VAUXHALL VIVARO,5,E01023063,0,2
2024351530678,2024,351530678,2,19,0,-1,19,5,1,-1,0,0,1,0,0,0,1,9,-1,1,1,40,7,1499,2,1,VAUXHALL VIVARO,3,E01030114,0,4
2024010532103,2024,010532103,2,19,0,18,19,3,7,0,0,0,0,0,0,0,2,1,1,1,1,34,6,1598,2,8,VAUXHALL VIVARO,6,E01002745,0,3
2024010527338,2024,010527338,1,19,0,18,19,8,4,0,0,8,0,0,0,0,1,1,2,2,1,38,7,1499,2,2,VAUXHALL VIVARO,10,E01001129,0,2
2024332400639,2024,332400639,2,19,0,-1,11,6,2,-1,0,3,0,0,0,0,4,1,-1,1,1,-1,-1,1499,2,1,VAUXHALL VIVARO,2,E01012412,0,5
2024351465140,2024,351465140,1,19,0,-1,19,3,7,-1,0,4,0,0,0,0,1,1,-1,6,1,32,6,1870,2,20,VAUXHALL VIVARO,3,E01018087,0,3
2024545097124,2024,545097124,1,19,0,17,19,3,7,0,0,0,0,0,1,0,1,1,2,2,1,58,9,1997,2,2,VAUXHALL VIVARO,7,E01015513,0,2
2024411463412,2024,411463412,1,19,0,-1,99,1,5,-1,0,0,2,0,0,0,4,9,-1,6,1,35,6,1598,2,8,VAUXHALL VIVARO,6,E01023927,0,1
2024991518394,2024,991518394,1,19,0,-1,5,7,3,-1,0,2,0,0,0,0,3,1,-1,6,1,40,7,1499,2,1,VAUXHALL VIVARO,7,-1,0,4
2024010540980,2024,010540980,2,19,0,2,2,0,0,0,0,2,0,0,0,0,4,2,6,6,3,-1,-1,-1,3,2,VAUXHALL VIVARO,-1,-1,0,-1
2024141526956,2024,141526956,1,9,0,-1,19,4,8,-1,0,0,0,0,0,0,1,1,-1,1,1,61,9,1995,2,10,VAUXHALL VIVARO,1,E01007325,0,1
2024461404071,2024,461404071,1,19,0,-1,19,6,2,-1,0,8,1,0,1,3,1,1,-1,9,1,30,6,1995,2,15,VAUXHALL VIVARO,6,E01002371,0,4
2024221495459,2024,221495459,2,19,0,-1,19,4,1,-1,0,0,0,0,0,0,3,1,-1,1,1,67,10,1870,2,19,VAUXHALL VIVARO,5,E01032193,0,4
2024451456955,2024,451456955,1,19,3,-1,2,1,3,-1,0,0,0,99,0,0,3,1,-1,2,1,27,6,1499,2,1,VAUXHALL VIVARO,5,E01016841,0,4
2024411535847,2024,411535847,2,19,0,-1,4,2,1,-1,0,0,1,0,0,0,1,1,-1,2,1,30,6,1499,2,4,VAUXHALL VIVARO,6,E01023340,0,3
2024211490559,2024,211490559,1,19,-1,-1,-1,-1,-1,-1,-1,-1,-1,-1,-1,0,-1,9,-1,6,1,-1,-1,1598,2,7,VAUXHALL VIVARO,1,E01014261,0,4
2024501493938,2024,501493938,1,19,0,-1,19,3,7,-1,0,1,0,0,0,0,1,1,-1,6,1,46,8,1870,2,19,VAUXHALL VIVARO,6,E01019955,0,2
2024320363130,2024,320363130,2,19,0,-1,-1,8,4,0,0,8,0,0,0,0,4,1,1,1,1,34,6,1499,2,3,VAUXHALL VIVARO,5,E01034691,0,4
2024311399673,2024,311399673,1,19,0,-1,19,1,5,-1,0,0,0,0,0,0,1,1,-1,2,1,36,7,1598,2,6,VAUXHALL VIVARO,7,E01019642,0,3
2024631451150,2024,631451150,1,19,0,-1,19,1,5,-1,0,0,0,0,7,4,1,1,-1,6,1,44,7,1997,2,4,VAUXHALL VIVARO,5,W01000650,0,4
2024421506399,2024,421506399,2,19,0,-1,4,1,5,-1,0,0,0,0,0,0,2,1,-1,6,1,31,6,1995,2,12,VAUXHALL VIVARO,6,E01021647,0,1
2024430592412,2024,430592412,1,19,0,18,19,2,6,0,0,0,0,0,0,0,1,1,6,6,1,24,5,1997,2,0,VAUXHALL VIVARO,3,E01016373,0,2
2024421405003,2024,421405003,2,19,0,-1,19,7,3,-1,0,0,0,0,0,0,2,1,-1,6,1,34,6,1870,2,18,VAUXHALL VIVARO,4,E01022024,0,4