collision_index,collision_year,collision_ref_no,vehicle_reference,vehicle_type,towing_and_articulation,vehicle_manoeuvre_historic,vehicle_manoeuvre,vehicle_direction_from,vehicle_direction_to,vehicle_location_restricted_lane_historic,vehicle_location_restricted_lane,junction_location,skidding_and_overturning,hit_object_in_carriageway,vehicle_leaving_carriageway,hit_object_off_carriageway,first_point_of_impact,vehicle_left_hand_drive,journey_purpose_of_driver_historic,journey_purpose_of_driver,sex_of_driver,age_of_driver,age_band_of_driver,engine_capacity_cc,propulsion_code,age_of_vehicle,generic_make_model,driver_imd_decile,lsoa_of_driver,escooter_flag,driver_distance_banding
2024201505373,2024,201505373,1,9,0,-1,19,2,4,-1,0,0,0,0,0,0,1,9,-1,6,1,-1,-1,1598,2,7,VAUXHALL VIVARO,-1,-1,0,-1
2024131403495,2024,131403495,1,19,0,-1,4,5,1,-1,0,0,0,0,0,0,1,1,-1,9,1,41,7,1995,2,14,VAUXHALL VIVARO,1,E01011293,0,2
2024471531833,2024,471531833,2,19,0,-1,19,6,2,-1,0,0,0,0,0,0,2,1,-1,2,1,55,8,1995,2,10,VAUXHALL VIVARO,3,E01031549,0,1
2024351457061,2024,351457061,2,19,0,-1,9,8,6,-1,0,6,0,0,0,0,3,1,-1,6,1,44,7,1995,2,17,VAUXHALL VIVARO,5,E01018139,0,1
2024622400625,2024,622400625,4,19,0,2,2,0,0,0,0,1,0,0,0,0,2,1,6,6,3,-1,-1,1598,2,7,VAUXHALL VIVARO,-1,-1,0,-1
2024311445189,2024,311445189,1,19,0,-1,19,5,2,-1,0,8,0,10,1,1,1,1,-1,2,1,82,11,1995,2,16,VAUXHALL VIVARO,4,E01028302,0,1
2024010508991,2024,010508991,2,19,0,6,6,5,5,0,0,0,0,0,0,0,3,1,1,1,1,29,6,1598,2,7,VAUXHALL VIVARO,5,E01003784,0,3
2024122400410,2024,122400410,2,19,0,3,3,3,7,0,0,0,0,0,0,0,2,1,1,1,1,29,6,1499,2,3,VAUXHALL VIVARO,1,E01010807,0,4
2024010522736,2024,010522736,2,19,0,4,4,1,5,0,0,5,0,0,0,0,0,1,6,6,1,34,6,1995,2,13,VAUXHALL VIVARO,4,E01002717,0,3
2024471447743,2024,471447743,2,19,0,-1,4,4,8,-1,0,0,0,11,0,0,2,2,-1,2,1,42,7,1598,2,9,VAUXHALL VIVARO,8,E01031617,0,3
2024471434750,2024,471434750,5,19,0,-1,2,0,0,-1,0,2,0,0,0,0,2,1,-1,6,-1,-1,-1,1598,2,9,VAUXHALL VIVARO,-1,-1,0,-1
2024991526283,2024,991526283,4,9,0,-1,2,0,0,-1,0,0,0,0,0,0,2,2,-1,6,-1,-1,-1,1995,2,11,VAUXHALL VIVARO,-1,-1,0,-1
2024010518788,2024,010518788,3,19,0,2,2,0,0,0,0,1,0,0,0,0,4,1,6,6,3,-1,-1,1997,2,5,VAUXHALL VIVARO,-1,-1,0,-1
2024522500005,2024,522500005,2,19,0,18,19,3,7,0,0,1,0,0,0,0,1,1,6,6,1,45,7,1598,2,7,VAUXHALL VIVARO,5,E01015006,0,1
2024320583691,2024,320583691,1,19,0,-1,-1,2,6,0,0,0,0,0,1,1,1,1,-1,-1,1,21,5,1598,2,6,VAUXHALL VIVARO,3,E01025209,0,5
202417H106924,2024,17H106924,2,19,0,-1,19,6,2,-1,0,1,0,0,0,0,1,1,-1,1,1,47,8,-1,3,1,VAUXHALL VIVARO,2,E01011952,0,1
2024131492428,2024,131492428,3,19,0,-1,2,0,0,-1,0,8,0,0,0,0,1,1,-1,1,1,50,8,1995,2,11,VAUXHALL VIVARO,9,E01005407,0,4
2024371515060,2024,371515060,1,19,0,-1,19,5,1,-1,0,8,0,0,0,0,1,1,-1,1,2,28,6,1499,2,3,VAUXHALL VIVARO,8,E01021627,0,4
2024201448765,2024,201448765,2,19,5,-1,19,5,1,-1,0,0,0,0,0,0,1,1,-1,6,1,37,7,1995,2,10,VAUXHALL VIVARO,4,E01010393,0,2
2024430138433,2024,430138433,1,8,0,18,19,8,4,0,0,0,0,0,0,0,4,1,6,6,1,-1,-1,1598,2,8,VAUXHALL VIVARO,-1,-1,0,-1
2024061450468,2024,061450468,3,19,0,-1,2,0,0,-1,0,0,0,4,0,0,2,1,-1,6,2,46,8,1870,2,21,VAUXHALL VIVARO,-1,-1,0,-1
2024122400406,2024,122400406,2,19,0,9,9,1,7,0,0,1,0,0,0,0,0,1,1,1,1,50,8,1499,2,4,VAUXHALL VIVARO,6,E01027559,0,3
2024421499844,2024,421499844,3,19,0,-1,20,0,0,-1,0,0,0,0,0,0,0,1,-1,6,-1,-1,-1,1995,2,10,VAUXHALL VIVARO,-1,-1,0,-1
2024311480547,2024,311480547,3,19,0,-1,2,1,5,-1,0,0,0,4,0,0,2,1,-1,6,1,47,8,1598,2,9,VAUXHALL VIVARO,5,E01027943,0,3
2024631482031,2024,631482031,3,19,0,-1,2,0,0,-1,-1,8,0,0,0,0,3,1,-1,6,-1,-1,-1,1598,2,6,VAUXHALL VIVARO,-1,-1,0,-1
2024010519845,2024,010519845,1,19,0,99,99,9,9,99,99,9,9,99,9,99,9,9,1,1,1,28,6,1997,2,1,VAUXHALL VIVARO,6,E01001641,0,2
2024430222243,2024,430222243,1,9,0,4,4,8,4,0,0,1,0,0,0,0,1,1,6,6,1,38,7,-1,3,1,VAUXHALL VIVARO,-1,-1,0,-1
2024471411778,2024,471411778,1,19,0,-1,2,0,0,-1,0,0,0,0,0,0,2,1,-1,6,-1,-1,-1,1598,2,8,VAUXHALL VIVARO,-1,-1,0,-1
2024421400219,2024,421400219,1,8,0,-1,19,4,8,-1,0,0,0,0,0,0,1,1,-1,1,1,69,10,1598,2,7,VAUXHALL VIVARO,6,E01035178,0,4
2024010526540,2024,010526540,2,19,0,18,19,3,7,0,0,1,0,0,0,0,1,1,6,6,1,31,6,1598,2,5,VAUXHALL VIVARO,7,E01003429,0,2
2024061425947,2024,061425947,1,19,0,-1,19,5,1,-1,0,1,0,0,0,0,3,1,-1,1,1,26,6,-1,3,2,VAUXHALL VIVARO,1,E01006105,0,4
2024311409014,2024,311409014,2,19,0,-1,19,3,6,-1,0,0,1,0,0,0,1,1,-1,1,1,29,6,1870,2,18,VAUXHALL VIVARO,3,E01028339,0,1
2024531421976,2024,531421976,1,19,0,-1,9,5,1,-1,0,1,0,0,0,0,1,1,-1,1,1,52,8,1995,2,12,VAUXHALL VIVARO,-1,-1,0,-1
2024411509432,2024,411509432,1,19,0,-1,19,6,2,-1,0,0,0,0,0,0,1,9,-1,6,1,71,10,1598,2,9,VAUXHALL VIVARO,6,E01023598,0,1
2024471405701,2024,471405701,2,19,0,-1,9,6,4,-1,0,5,0,0,0,0,4,9,-1,6,1,55,8,1870,2,18,VAUXHALL VIVARO,5,E01021021,0,2
2024461510706,2024,461510706,2,19,0,-1,19,8,3,-1,0,0,1,4,0,0,1,9,-1,2,1,31,6,1598,2,6,VAUXHALL VIVARO,6,E01024282,0,1
2024622400702,2024,622400702,1,19,0,18,19,5,1,0,0,6,0,0,0,0,3,1,1,1,1,53,8,1499,2,1,VAUXHALL VIVARO,3,W01001071,0,3
2024010528354,2024,010528354,1,19,0,18,19,7,3,0,0,2,0,0,7,0,1,1,2,2,1,58,9,1598,2,8,VAUXHALL VIVARO,-1,-1,0,-1
2024010535310,2024,010535310,1,19,0,18,19,3,7,0,0,1,0,0,0,0,1,1,1,1,1,38,7,-1,3,3,VAUXHALL VIVARO,7,E01001195,0,1
2024311528730,2024,311528730,2,19,0,-1,19,2,7,-1,0,0,0,0,0,0,2,1,-1,1,1,40,7,1870,2,19,VAUXHALL VIVARO,5,E01028291,0,1
2024010545531,2024,010545531,2,19,0,18,19,9,9,99,99,0,9,99,9,99,9,9,2,2,1,29,6,1499,2,2,VAUXHALL VIVARO,3,E01001162,0,1
2024010509463,2024,010509463,2,19,0,18,19,5,1,0,0,2,0,0,0,0,1,1,2,2,1,63,9,1598,2,7,VAUXHALL VIVARO,7,E01003476,0,1
2024471462874,2024,471462874,2,19,0,-1,19,7,3,-1,0,6,0,6,0,0,1,1,-1,2,1,29,6,1598,2,6,VAUXHALL VIVARO,8,E01017010,0,4
2024430587993,2024,430587993,1,19,0,18,19,8,4,0,0,0,0,0,1,4,4,1,6,6,3,-1,-1,1598,2,5,VAUXHALL VIVARO,-1,-1,0,-1
2024430002170,2024,430002170,2,19,0,18,19,8,4,0,0,8,0,0,0,0,1,1,6,6,1,39,7,1995,2,12,VAUXHALL VIVARO,1,E01027140,0,3
2024451508864,2024,451508864,2,19,0,-1,20,-1,-1,-1,0,0,0,0,0,0,1,9,-1,6,1,35,6,1995,2,10,VAUXHALL VIVARO,8,E01030669,0,1
2024991479213,2024,991479213,2,19,0,-1,9,5,3,-1,0,0,0,0,0,0,3,1,-1,1,1,20,4,1499,2,5,VAUXHALL VIVARO,1,-1,0,3
2024531502360,2024,531502360,3,19,0,-1,19,5,1,-1,0,0,0,0,0,0,2,1,-1,2,1,34,6,1598,2,6,VAUXHALL VIVARO,8,E01022423,0,3
2024471517141,2024,471517141,2,19,0,-1,-1,-1,-1,-1,-1,-1,-1,-1,-1,0,-1,1,-1,1,1,32,6,1995,2,11,VAUXHALL VIVARO,2,E01031454,0,4
2024552401461,2024,552401461,1,19,0,18,19,8,4,0,0,8,0,0,0,0,1,1,6,6,1,41,7,1499,2,4,VAUXHALL VIVARO,5,E01020443,0,1
2024302401675,2024,302401675,2,19,0,2,2,0,0,0,0,8,0,0,0,0,2,1,6,6,3,-1,-1,1995,2,11,VAUXHALL VIVARO,-1,-1,0,-1
2024991503717,2024,991503717,4,19,0,-1,2,0,0,-1,0,8,0,0,0,0,3,1,-1,6,-1,-1,-1,1997,2,2,VAUXHALL VIVARO,-1,-1,0,-1
2024520402087,2024,520402087,2,19,0,2,2,0,0,0,0,0,0,0,0,0,2,1,6,6,3,-1,-1,1995,2,13,VAUXHALL VIVARO,-1,-1,0,-1
2024501425332,2024,501425332,2,19,0,-1,3,6,2,-1,0,0,0,0,0,0,2,9,-1,6,1,65,9,1995,2,11,VAUXHALL VIVARO,8,E01034863,0,1
2024371505589,2024,371505589,2,19,0,-1,3,0,0,-1,0,0,0,0,0,0,2,1,-1,2,1,48,8,1995,2,15,VAUXHALL VIVARO,9,E01030196,0,1
2024221462681,2024,221462681,1,19,0,-1,14,7,3,-1,0,8,0,0,1,10,1,1,-1,1,1,45,7,1995,2,14,VAUXHALL VIVARO,4,E01014011,0,2
2024552401075,2024,552401075,4,19,0,18,19,4,8,0,0,0,0,0,0,0,2,1,6,6,1,69,10,1995,2,16,VAUXHALL VIVARO,5,E01020389,0,2
2024471400621,2024,471400621,2,19,0,-1,19,6,8,-1,0,1,0,0,0,0,1,2,-1,6,2,31,6,1499,2,3,VAUXHALL VIVARO,9,E01004115,0,4
2024010539613,2024,010539613,1,19,0,1,1,9,9,99,99,9,9,99,9,99,2,9,6,6,3,46,8,1499,2,1,VAUXHALL VIVARO,3,E01003295,0,3
202417H107724,2024,17H107724,2,19,0,-1,2,0,0,-1,0,0,0,0,0,0,3,1,-1,1,1,34,6,1598,2,8,VAUXHALL VIVARO,1,E01011980,0,1
2024061454526,2024,061454526,2,19,0,-1,2,0,0,-1,0,1,0,0,0,0,1,1,-1,9,1,49,8,1598,2,6,VAUXHALL VIVARO,6,E01004910,0,1
2024622400567,2024,622400567,1,19,0,9,9,5,4,0,0,1,0,0,0,0,2,1,1,1,1,-1,-1,1997,2,1,VAUXHALL VIVARO,6,W01001754,0,1
2024351521819,2024,351521819,1,19,0,-1,19,3,7,-1,0,1,0,0,1,0,1,1,-1,1,1,64,9,1598,2,5,VAUXHALL VIVARO,7,E01017423,0,3
2024430566574,2024,430566574,2,10,0,2,2,0,0,6,6,8,0,0,0,0,3,1,6,6,3,-1,-1,-1,-1,-1,VAUXHALL VIVARO,-1,-1,0,-1
2024161496327,2024,161496327,1,19,0,-1,19,3,7,-1,0,0,0,0,1,0,0,1,-1,6,1,43,7,1870,2,18,VAUXHALL VIVARO,1,E01013083,0,2
2024430316453,2024,430316453,1,19,0,18,19,4,8,0,0,1,0,0,0,0,1,1,1,1,1,-1,-1,1598,2,7,VAUXHALL VIVARO,-1,-1,0,-1
2024552400933,2024,552400933,3,19,0,2,2,0,0,0,0,0,0,0,0,0,3,1,6,6,3,-1,-1,1995,2,10,VAUXHALL VIVARO,-1,-1,0,-1
2024141445013,2024,141445013,1,19,0,-1,19,2,6,-1,0,8,0,0,0,0,-1,9,-1,6,1,28,6,1598,2,9,VAUXHALL VIVARO,2,E01007975,0,1
2024231487455,2024,231487455,2,19,0,-1,19,4,8,-1,0,0,0,0,0,0,2,1,-1,1,1,66,10,1598,2,5,VAUXHALL VIVARO,10,E01020401,0,5
2024141441307,2024,141441307,2,19,0,-1,19,1,5,-1,0,0,0,0,0,0,1,9,-1,6,1,61,9,1995,2,16,VAUXHALL VIVARO,2,E01007405,0,1
2024501526772,2024,501526772,4,19,0,-1,3,3,7,-1,0,0,0,0,0,0,2,1,-1,2,1,41,7,1598,2,9,VAUXHALL VIVARO,1,E01015180,0,1
2024340WN9012,2024,340WN9012,2,19,0,-1,19,4,8,-1,0,0,0,0,0,0,0,1,-1,9,1,56,9,1598,2,10,VAUXHALL VIVARO,6,E01027030,0,4
2024471397165,2024,471397165,2,19,0,-1,19,6,2,-1,0,0,0,12,1,1,2,1,-1,1,1,44,7,1499,2,1,VAUXHALL VIVARO,4,E01020957,0,4
2024211477431,2024,211477431,2,19,0,-1,8,1,5,-1,0,0,0,0,0,0,3,1,-1,6,1,20,4,1499,2,2,VAUXHALL VIVARO,3,E01029434,0,3
2024461429983,2024,461429983,1,19,0,-1,19,5,1,-1,0,0,0,0,0,0,1,9,-1,6,1,50,8,1598,2,6,VAUXHALL VIVARO,4,E01024665,0,4
2024201518850,2024,201518850,2,10,0,-1,19,1,6,-1,0,0,0,0,0,0,3,1,-1,6,2,39,7,-1,-1,-1,VAUXHALL VIVARO,1,E01009579,0,1
2024010526742,2024,010526742,1,10,0,99,99,9,9,99,99,9,9,99,9,99,2,9,1,1,1,57,9,-1,-1,-1,VAUXHALL VIVARO,4,E01016462,0,4
2024501512710,2024,501512710,2,19,0,-1,19,5,1,-1,0,0,0,0,0,0,1,1,-1,1,1,56,9,1995,2,11,VAUXHALL VIVARO,7,E01020080,0,1
2024010540113,2024,010540113,1,19,0,99,99,9,9,99,99,9,9,99,9,99,2,9,6,6,3,-1,-1,1499,2,3,VAUXHALL VIVARO,-1,-1,0,-1
2024031482026,2024,031482026,1,19,0,-1,19,8,4,-1,0,0,0,0,0,0,1,1,-1,2,1,44,7,1995,2,14,VAUXHALL VIVARO,3,E01025138,0,4
2024991465619,2024,991465619,2,19,0,-1,4,2,6,-1,0,1,0,0,7,0,2,1,-1,1,1,27,6,1598,2,6,VAUXHALL VIVARO,8,-1,0,4
2024371521605,2024,371521605,1,19,0,-1,19,1,5,-1,0,0,0,0,0,0,1,1,-1,6,1,52,8,1995,2,11,VAUXHALL VIVARO,8,E01029901,0,1
2024610032524,2024,610032524,1,19,0,3,3,1,5,0,0,1,0,0,0,0,2,1,6,6,1,55,8,1997,2,2,VAUXHALL VIVARO,8,E01032443,0,4
2024311410506,2024,311410506,1,19,0,-1,5,1,6,-1,0,2,0,0,0,0,1,1,-1,2,1,45,7,1598,2,10,VAUXHALL VIVARO,2,E01028231,0,3
2024111462060,2024,111462060,1,19,0,-1,19,6,2,-1,0,1,0,0,0,0,1,1,-1,2,1,41,7,1997,2,3,VAUXHALL VIVARO,7,E01012345,0,2
2024552401371,2024,552401371,1,19,0,18,19,2,6,0,0,0,0,0,0,0,1,1,6,6,1,25,5,1995,2,14,VAUXHALL VIVARO,7,E01015311,0,3
2024991489282,2024,991489282,1,19,0,-1,9,5,3,-1,0,8,0,0,0,0,1,1,-1,6,1,72,10,-1,-1,-1,VAUXHALL VIVARO,-1,-1,0,-1
2024461403373,2024,461403373,1,19,0,-1,19,5,1,-1,0,1,0,0,0,0,1,1,-1,2,1,40,7,1870,2,17,VAUXHALL VIVARO,8,E01021134,0,2
2024211438369,2024,211438369,1,19,0,-1,19,6,2,-1,0,0,1,0,1,0,1,1,-1,9,1,62,9,1598,2,9,VAUXHALL VIVARO,-1,-1,0,-1
2024061481067,2024,061481067,2,19,0,-1,19,8,4,-1,0,1,0,0,0,0,3,1,-1,1,1,52,8,1997,2,5,VAUXHALL VIVARO,8,E01005570,0,3
2024471444578,2024,471444578,1,19,0,-1,9,1,6,-1,9,0,0,0,2,0,1,1,-1,9,1,80,11,1499,2,4,VAUXHALL VIVARO,5,E01030819,0,1
2024631503018,2024,631503018,2,19,0,-1,2,0,0,-1,0,0,0,0,0,0,2,1,-1,6,-1,-1,-1,1499,2,3,VAUXHALL VIVARO,-1,-1,0,-1
2024122400963,2024,122400963,2,19,0,13,13,5,1,0,0,0,0,0,0,0,3,1,6,6,1,42,7,1598,2,7,VAUXHALL VIVARO,8,E01011931,0,5
2024371498505,2024,371498505,1,19,0,-1,-1,-1,-1,-1,-1,0,-1,-1,-1,0,-1,1,-1,6,1,24,5,1598,2,8,VAUXHALL VIVARO,5,E01030053,0,4
2024545286824,2024,545286824,1,19,0,9,9,1,7,0,0,6,0,0,0,0,1,1,1,1,1,33,6,1499,2,1,VAUXHALL VIVARO,5,E01031916,0,3
2024411412541,2024,411412541,3,19,0,-1,3,7,3,-1,0,2,0,0,0,0,2,1,-1,6,-1,-1,-1,1995,2,11,VAUXHALL VIVARO,-1,-1,0,-1
2024371467754,2024,371467754,1,19,0,-1,2,0,0,-1,0,0,0,0,0,0,3,1,-1,1,1,63,9,1997,2,3,VAUXHALL VIVARO,5,E01030226,0,3
2024101457162,2024,101457162,3,20,0,-1,4,5,1,-1,0,0,0,0,0,0,1,1,-1,1,1,28,6,-1,-1,-1,VAUXHALL VIVARO,-1,-1,0,-1
2024010516051,2024,010516051,1,19,0,18,19,1,5,0,0,8,0,0,0,0,1,1,2,2,1,24,5,1499,2,1,VAUXHALL VIVARO,6,E01004137,0,1
2024010517596,2024,010517596,1,19,0,7,7,5,8,0,0,2,0,0,0,0,1,1,1,1,1,21,5,-1,3,2,VAUXHALL VIVARO,2,E01004272,0,2
2024351499599,2024,351499599,1,19,0,-1,19,5,1,-1,0,0,0,0,0,0,1,1,-1,6,1,28,6,1598,2,6,VAUXHALL VIVARO,8,E01023662,0,2
2024332400211,2024,332400211,2,19,0,-1,1,6,3,-1,0,5,0,0,1,0,2,1,-1,2,1,39,7,1995,2,10,VAUXHALL VIVARO,3,E01013742,0,1
2024522500388,2024,522500388,1,19,0,5,5,7,3,0,0,6,0,0,0,0,1,1,6,6,1,40,7,1995,2,10,VAUXHALL VIVARO,2,E01014515,0,1
2024010509861,2024,010509861,2,19,0,2,2,0,0,0,0,0,0,0,0,0,3,1,6,6,3,-1,-1,1499,2,3,VAUXHALL VIVARO,-1,-1,0,-1
2024010524972,2024,010524972,1,19,0,99,99,9,9,99,99,9,9,99,9,99,9,1,1,1,1,53,8,-1,3,2,VAUXHALL VIVARO,4,E01030645,0,4
2024622400039,2024,622400039,1,19,0,18,19,8,4,0,0,1,0,4,0,0,1,1,1,1,1,32,6,1499,2,1,VAUXHALL VIVARO,8,W01000892,0,2
2024411522542,2024,411522542,2,19,-1,-1,-1,-1,-1,-1,-1,0,-1,-1,-1,0,-1,9,-1,1,1,40,7,1499,2,2,VAUXHALL VIVARO,3,E01015807,0,4
2024471447541,2024,471447541,1,19,0,-1,9,3,1,-1,0,6,0,0,0,0,1,1,-1,9,1,26,6,1995,2,13,VAUXHALL VIVARO,4,E01031443,0,1
2024631406983,2024,631406983,2,19,0,-1,4,8,4,-1,0,1,0,0,0,0,2,1,-1,2,1,35,6,1995,2,12,VAUXHALL VIVARO,8,E01028930,0,4
2024141508538,2024,141508538,1,19,0,-1,19,7,4,-1,0,8,0,0,1,0,1,1,-1,1,1,29,6,1598,2,10,VAUXHALL VIVARO,6,E01007516,0,4
2024161461091,2024,161461091,2,19,0,-1,19,1,5,-1,0,0,0,0,0,0,1,1,-1,1,1,35,6,1499,2,4,VAUXHALL VIVARO,10,E01013090,0,4
2024311512961,2024,311512961,2,19,0,-1,3,8,3,-1,0,1,0,0,0,0,0,1,-1,6,1,42,7,1499,2,4,VAUXHALL VIVARO,7,E01026191,0,4
2024070332300,2024,070332300,2,8,0,7,7,3,5,0,0,1,0,0,0,0,1,1,1,1,1,56,9,1995,2,11,VAUXHALL VIVARO,8,E01018528,0,1
2024522403001,2024,522403001,2,19,0,18,19,3,7,0,0,1,0,0,0,0,1,1,2,2,1,22,5,1598,2,6,VAUXHALL VIVARO,10,E01014969,0,1
2024141515896,2024,141515896,2,19,0,-1,19,6,2,-1,0,0,0,0,0,0,2,1,-1,9,1,54,8,1997,2,4,VAUXHALL VIVARO,6,E01007707,0,1
2024361486377,2024,361486377,1,19,0,-1,19,7,3,-1,0,0,2,0,0,0,1,1,-1,9,1,36,7,1870,2,19,VAUXHALL VIVARO,7,E01026504,0,1
2024211531478,2024,211531478,1,19,0,-1,19,5,1,-1,0,0,0,0,0,0,1,1,-1,1,1,58,9,1499,2,1,VAUXHALL VIVARO,4,E01029836,0,1
2024361444006,2024,361444006,1,9,0,-1,19,7,3,-1,0,0,0,0,0,0,1,1,-1,9,-1,-1,-1,1598,2,5,VAUXHALL VIVARO,-1,-1,0,-1
2024041513375,2024,041513375,7,19,0,-1,19,1,5,-1,0,0,0,0,0,0,1,1,-1,6,1,55,8,1499,2,4,VAUXHALL VIVARO,8,E01012496,0,4
2024440454164,2024,440454164,1,19,0,17,19,7,4,0,0,0,0,0,1,4,1,1,6,6,1,49,8,1499,2,1,VAUXHALL VIVARO,-1,-1,0,-1
2024440113235,2024,440113235,2,19,0,9,9,1,7,0,0,6,0,0,0,0,3,1,6,6,1,35,6,1995,2,10,VAUXHALL VIVARO,7,E01022918,0,1
2024543015824,2024,543015824,1,19,0,9,9,7,4,0,0,6,0,0,0,0,1,1,1,1,1,23,5,1499,2,1,VAUXHALL VIVARO,1,E01015538,0,4
2024010529332,2024,010529332,2,19,0,9,9,7,5,0,0,5,0,0,0,0,1,1,2,2,1,40,7,1997,2,1,VAUXHALL VIVARO,4,E01000029,0,3
2024320450369,2024,320450369,3,19,0,-1,-1,3,7,0,0,0,0,0,0,0,1,1,-1,-1,1,54,8,1997,2,2,VAUXHALL VIVARO,-1,-1,0,-1
2024461403373,2024,461403373,2,19,0,-1,19,1,5,-1,0,1,0,0,0,0,1,1,-1,9,1,30,6,1598,2,5,VAUXHALL VIVARO,3,E01024715,0,4
2024520402638,2024,520402638,1,9,0,3,3,5,1,0,0,1,0,0,0,0,2,1,6,6,2,44,7,1598,2,7,VAUXHALL VIVARO,5,E01029257,0,3
2024631406955,2024,631406955,3,19,5,-1,2,0,0,-1,-1,2,0,0,0,0,2,1,-1,1,1,33,6,1598,2,8,VAUXHALL VIVARO,7,W01000579,0,4
2024061445330,2024,061445330,1,19,0,-1,19,1,5,-1,0,1,0,0,0,0,1,1,-1,1,1,34,6,1598,2,6,VAUXHALL VIVARO,3,E01007340,0,4
2024340NN0512,2024,340NN0512,3,19,0,-1,19,2,6,-1,0,0,0,0,0,0,1,1,-1,1,1,42,7,1499,2,2,VAUXHALL VIVARO,7,E01035394,0,3
2024471541323,2024,471541323,2,19,0,-1,19,5,1,-1,0,1,0,0,0,0,1,1,-1,1,1,56,9,1995,2,11,VAUXHALL VIVARO,4,E01031546,0,2
2024311525790,2024,311525790,4,19,0,-1,2,0,0,-1,9,0,0,4,0,0,1,1,-1,6,-1,-1,-1,1995,2,13,VAUXHALL VIVARO,-1,-1,0,-1
2024332400870,2024,332400870,1,19,0,-1,9,8,6,-1,0,5,0,0,0,0,1,1,-1,2,1,27,6,-1,3,4,VAUXHALL VIVARO,2,E01013760,0,1
2024461413446,2024,461413446,1,19,0,-1,19,6,2,-1,0,0,2,0,8,11,1,1,-1,9,1,30,6,1995,2,13,VAUXHALL VIVARO,2,E01000661,0,3
2024122401127,2024,122401127,2,19,0,17,19,5,3,0,0,1,0,0,2,11,4,1,1,1,1,53,8,1598,2,4,VAUXHALL VIVARO,7,E01027728,0,3
2024010501121,2024,010501121,4,19,0,2,2,0,0,0,0,1,0,0,0,0,4,1,6,6,3,-1,-1,1499,2,1,VAUXHALL VIVARO,-1,-1,0,-1
2024440527666,2024,440527666,2,19,0,4,4,7,2,0,0,0,0,0,0,0,1,1,1,1,1,31,6,1995,2,17,VAUXHALL VIVARO,2,E01022934,0,3
2024302400289,2024,302400289,1,19,0,4,4,6,2,0,0,0,0,0,0,0,2,1,1,1,1,36,7,1598,2,9,VAUXHALL VIVARO,8,E01013575,0,2
2024461398760,2024,461398760,1,19,0,-1,12,3,1,-1,0,8,0,0,0,0,0,9,-1,6,1,-1,-1,1997,2,1,VAUXHALL VIVARO,7,E01024712,0,1
2024451395227,2024,451395227,1,19,0,-1,19,3,7,-1,0,0,0,0,0,0,1,1,-1,9,1,51,8,1870,2,18,VAUXHALL VIVARO,9,E01030558,0,1
2024991486661,2024,991486661,2,19,0,-1,3,8,4,-1,0,1,0,0,0,0,1,1,-1,9,1,40,7,1499,2,4,VAUXHALL VIVARO,3,-1,0,4
2024311474840,2024,311474840,2,19,0,-1,4,3,7,-1,9,0,0,0,7,0,1,1,-1,1,2,51,8,1598,2,5,VAUXHALL VIVARO,3,E01028062,0,3
2024361499922,2024,361499922,2,19,0,-1,9,3,1,-1,0,0,0,0,0,0,2,1,-1,6,1,55,8,1995,2,15,VAUXHALL VIVARO,7,E01026914,0,1
2024010548149,2024,010548149,1,19,0,18,19,1,5,0,0,0,0,0,2,4,1,1,6,6,1,41,7,1499,2,0,VAUXHALL VIVARO,8,E01000388,0,1
2024231460535,2024,231460535,1,19,0,-1,19,7,3,-1,0,0,1,0,1,9,4,1,-1,1,1,27,6,1499,2,1,VAUXHALL VIVARO,2,E01032377,0,3
202454D331624,2024,54D331624,2,19,0,18,19,3,7,0,0,1,0,4,0,0,3,1,1,1,1,42,7,1598,2,9,VAUXHALL VIVARO,8,E01032088,0,2
2024332400236,2024,332400236,1,19,0,-1,19,5,1,-1,0,8,0,0,0,0,1,1,-1,6,1,20,4,1870,2,19,VAUXHALL VIVARO,-1,-1,0,-1
2024052401827,2024,052401827,3,19,0,18,19,5,1,0,0,0,0,0,0,0,1,1,2,2,1,35,6,1598,2,9,VAUXHALL VIVARO,1,E01006659,0,2
2024451395302,2024,451395302,2,19,0,-1,19,1,5,-1,1,0,0,0,0,0,1,1,-1,2,1,55,8,1598,2,9,VAUXHALL VIVARO,4,E01030664,0,1
2024010528480,2024,010528480,1,19,0,9,9,5,3,0,0,5,0,0,0,0,1,1,1,1,1,31,6,-1,3,1,VAUXHALL VIVARO,5,E01002696,0,1
2024010509657,2024,010509657,1,19,0,16,19,2,6,0,0,0,0,0,0,0,1,1,1,1,1,19,4,1598,2,5,VAUXHALL VIVARO,8,E01033088,0,4
2024161455889,2024,161455889,2,19,0,-1,2,0,0,-1,0,0,0,0,0,0,1,1,-1,9,1,45,7,1598,2,10,VAUXHALL VIVARO,1,E01012858,0,4
2024440012931,2024,440012931,1,19,0,18,19,4,8,0,0,0,0,0,0,0,1,1,2,2,1,27,6,1997,2,4,VAUXHALL VIVARO,6,E01035451,0,1
2024421507413,2024,421507413,2,19,0,-1,7,4,7,-1,0,1,0,0,0,0,2,1,-1,9,1,27,6,1870,2,18,VAUXHALL VIVARO,5,E01021429,0,1
2024010523155,2024,010523155,1,19,0,8,8,2,5,4,4,1,0,11,0,0,1,2,6,6,1,28,6,1499,2,1,VAUXHALL VIVARO,4,E01024182,0,4