collision_index,collision_year,collision_ref_no,vehicle_reference,vehicle_type,towing_and_articulation,vehicle_manoeuvre_historic,vehicle_manoeuvre,vehicle_direction_from,vehicle_direction_to,vehicle_location_restricted_lane_historic,vehicle_location_restricted_lane,junction_location,skidding_and_overturning,hit_object_in_carriageway,vehicle_leaving_carriageway,hit_object_off_carriageway,first_point_of_impact,vehicle_left_hand_drive,journey_purpose_of_driver_historic,journey_purpose_of_driver,sex_of_driver,age_of_driver,age_band_of_driver,engine_capacity_cc,propulsion_code,age_of_vehicle,generic_make_model,driver_imd_decile,lsoa_of_driver,escooter_flag,driver_distance_banding
2024131474058,2024,131474058,2,19,0,-1,19,3,7,-1,1,0,0,0,0,0,3,1,-1,1,1,44,7,1995,2,13,VAUXHALL VIVARO,1,E01011740,0,2
2024041492830,2024,041492830,1,19,0,-1,6,3,7,-1,0,1,0,0,0,0,4,1,-1,1,1,43,7,-1,3,1,VAUXHALL VIVARO,3,E01012507,0,4
2024631405673,2024,631405673,1,19,0,-1,13,8,4,-1,0,0,5,0,8,10,3,1,-1,1,1,29,6,1997,2,1,VAUXHALL VIVARO,7,W01001988,0,4
2024010518004,2024,010518004,1,19,0,18,19,4,8,0,0,0,0,0,0,0,3,1,1,1,1,48,8,1499,2,4,VAUXHALL VIVARO,6,E01001059,0,2
2024320707604,2024,320707604,1,19,0,-1,-1,6,2,0,0,1,0,0,0,0,1,1,1,1,1,46,8,-1,3,1,VAUXHALL VIVARO,9,E01026405,0,3
2024552400245,2024,552400245,1,19,0,18,19,3,7,0,0,0,0,0,0,0,3,1,6,6,1,54,8,1995,2,13,VAUXHALL VIVARO,8,E01029242,0,1
2024122400550,2024,122400550,1,19,0,18,19,5,1,0,0,1,0,0,0,0,1,1,1,1,1,46,8,1997,2,1,VAUXHALL VIVARO,2,E01027812,0,1
2024622400038,2024,622400038,1,9,0,18,19,6,2,0,0,4,0,0,0,0,1,1,1,1,1,51,8,1598,2,6,VAUXHALL VIVARO,7,W01001988,0,1
2024991480803,2024,991480803,1,19,0,-1,5,5,1,-1,0,1,0,0,0,0,1,1,-1,2,1,75,10,1598,2,8,VAUXHALL VIVARO,3,-1,0,4
2024522401652,2024,522401652,2,19,0,18,19,6,2,0,0,8,0,0,0,0,1,1,6,6,1,46,8,1499,2,3,VAUXHALL VIVARO,2,E01014626,0,2
2024361506852,2024,361506852,1,19,0,-1,19,5,1,-1,0,0,0,0,0,0,3,1,-1,2,1,32,6,1499,2,4,VAUXHALL VIVARO,3,E01026719,0,2
2024552400071,2024,552400071,2,19,0,18,19,6,2,0,0,8,0,0,0,0,3,1,6,6,1,24,5,1997,2,5,VAUXHALL VIVARO,3,E01015429,0,1
2024522500114,2024,522500114,5,19,0,3,3,7,3,0,0,0,0,0,0,0,3,1,6,6,1,22,5,1499,2,4,VAUXHALL VIVARO,8,E01014854,0,3
2024311483550,2024,311483550,1,19,0,-1,19,3,7,-1,0,2,0,11,0,0,1,1,-1,9,1,52,8,1995,2,10,VAUXHALL VIVARO,-1,-1,0,-1
2024461581500,2024,461581500,1,19,0,-1,19,3,8,-1,0,0,0,0,0,0,1,1,-1,1,1,31,6,1499,2,1,VAUXHALL VIVARO,9,E01016147,0,4
2024548352324,2024,548352324,2,9,0,18,19,8,4,0,0,0,0,0,0,0,4,1,6,6,1,48,8,1997,2,2,VAUXHALL VIVARO,2,E01015506,0,1
2024471457813,2024,471457813,1,19,0,-1,19,6,1,-1,0,1,0,0,0,0,4,9,-1,6,1,44,7,1598,2,5,VAUXHALL VIVARO,6,E01016874,0,1
2024131409106,2024,131409106,1,19,0,-1,13,5,1,-1,0,0,0,0,0,0,1,1,-1,1,1,54,8,1995,2,11,VAUXHALL VIVARO,2,E01011485,0,2
2024540989323,2024,540989323,1,9,0,7,7,2,6,0,0,6,0,0,0,0,1,1,6,6,1,38,7,1598,2,5,VAUXHALL VIVARO,7,E01032024,0,1
2024041500246,2024,041500246,2,19,0,-1,19,1,5,-1,0,1,0,0,0,0,4,1,-1,1,1,27,6,1997,2,0,VAUXHALL VIVARO,4,E01012700,0,1
2024430468582,2024,430468582,3,9,0,4,4,4,8,0,0,0,0,0,0,0,2,1,6,6,2,62,9,1870,2,21,VAUXHALL VIVARO,9,E01028749,0,1
2024131443814,2024,131443814,1,19,0,-1,19,1,5,-1,0,8,0,0,0,0,2,1,-1,6,1,32,6,1995,2,17,VAUXHALL VIVARO,2,E01011913,0,2
2024440383200,2024,440383200,1,19,0,18,19,8,4,0,0,2,0,0,0,0,1,1,6,6,1,45,7,1870,2,20,VAUXHALL VIVARO,10,E01016259,0,3
2024340WN0692,2024,340WN0692,1,19,0,-1,19,1,5,-1,0,0,0,0,2,11,1,1,-1,6,1,42,7,1598,2,8,VAUXHALL VIVARO,7,E01027338,0,2
2024010522752,2024,010522752,3,19,0,2,2,0,0,9,9,0,0,0,0,0,3,1,6,6,3,-1,-1,1870,2,18,VAUXHALL VIVARO,-1,-1,0,-1
2024991434569,2024,991434569,1,19,0,-1,19,7,3,-1,0,0,0,0,4,6,1,1,-1,1,1,34,6,1499,2,3,VAUXHALL VIVARO,6,-1,0,4
2024010523785,2024,010523785,2,19,0,2,2,0,0,6,6,1,0,0,0,0,1,1,6,6,1,49,8,-1,3,4,VAUXHALL VIVARO,-1,-1,0,-1
2024141439084,2024,141439084,1,19,0,-1,19,2,7,-1,0,1,0,0,0,0,1,1,-1,9,1,52,8,1598,2,9,VAUXHALL VIVARO,8,E01011183,0,1
2024221487579,2024,221487579,1,19,0,-1,19,4,8,-1,0,0,0,4,0,0,1,1,-1,1,1,26,6,1598,2,7,VAUXHALL VIVARO,1,E01009161,0,1
2024070550464,2024,070550464,2,19,0,9,9,8,6,0,0,0,0,0,0,0,3,1,2,2,1,38,7,1995,2,13,VAUXHALL VIVARO,2,E01012522,0,1
2024031435359,2024,031435359,2,19,0,-1,19,1,5,-1,0,0,0,0,0,0,3,1,-1,2,1,52,8,1499,2,5,VAUXHALL VIVARO,-1,-1,0,-1
2024544635324,2024,544635324,2,19,0,3,3,4,8,0,0,0,0,0,0,0,2,1,1,1,1,61,9,1499,2,4,VAUXHALL VIVARO,6,E01032114,0,2
2024440440129,2024,440440129,2,19,0,18,19,7,3,0,0,1,0,0,0,0,1,1,1,1,1,22,5,1499,2,0,VAUXHALL VIVARO,2,E01017202,0,1
2024131504037,2024,131504037,3,19,0,-1,2,0,0,-1,0,0,0,0,0,0,3,1,-1,6,-1,-1,-1,1995,2,15,VAUXHALL VIVARO,-1,-1,0,-1
2024351516299,2024,351516299,2,19,-1,-1,-1,-1,-1,-1,-1,0,-1,-1,-1,0,-1,9,-1,6,1,54,8,1995,2,13,VAUXHALL VIVARO,6,E01035103,0,4
2024631399173,2024,631399173,1,19,0,-1,5,4,1,-1,0,6,0,0,1,10,3,1,-1,1,2,39,7,1499,2,4,VAUXHALL VIVARO,1,W01001955,0,4
2024010546491,2024,010546491,2,19,9,99,99,9,9,99,99,9,9,99,9,99,2,9,6,6,1,-1,-1,1598,2,6,VAUXHALL VIVARO,-1,-1,0,-1
2024610002024,2024,610002024,2,19,0,2,2,0,0,0,0,0,0,0,0,0,0,1,6,6,1,53,8,1995,2,12,VAUXHALL VIVARO,1,W01001400,0,1
2024010505635,2024,010505635,2,19,0,99,99,9,9,99,99,4,9,99,9,99,9,9,6,6,1,50,8,1598,2,6,VAUXHALL VIVARO,8,E01001132,0,1
2024361452656,2024,361452656,3,19,0,-1,19,3,8,-1,0,0,0,0,0,0,2,1,-1,9,1,65,9,-1,-1,-1,VAUXHALL VIVARO,5,E01018128,0,4
2024991440995,2024,991440995,3,19,0,-1,19,3,7,-1,0,0,0,0,0,0,2,1,-1,1,1,27,6,1499,2,1,VAUXHALL VIVARO,7,-1,0,4
2024501430362,2024,501430362,2,19,0,-1,2,0,0,-1,0,0,0,0,0,0,3,1,-1,9,1,44,7,1598,2,8,VAUXHALL VIVARO,1,E01015083,0,2
2024211397274,2024,211397274,2,8,0,-1,9,7,4,-1,0,1,0,0,0,0,3,9,-1,1,1,55,8,1598,2,7,VAUXHALL VIVARO,-1,-1,0,-1
2024070225773,2024,070225773,2,19,0,18,19,8,4,0,0,0,0,0,1,0,1,1,1,1,1,39,7,1598,2,6,VAUXHALL VIVARO,6,E01014360,0,3
2024131448044,2024,131448044,1,19,0,-1,-1,-1,-1,-1,-1,-1,-1,-1,-1,-1,-1,1,-1,6,3,-1,-1,1598,2,5,VAUXHALL VIVARO,-1,-1,0,-1
2024411460452,2024,411460452,2,19,-1,-1,4,5,1,-1,0,0,0,0,0,0,2,9,-1,2,1,35,6,1997,2,5,VAUXHALL VIVARO,7,E01026471,0,4
2024010544418,2024,010544418,1,19,0,99,99,9,9,99,99,6,9,99,9,99,9,9,1,1,1,45,7,1499,2,2,VAUXHALL VIVARO,4,E01001225,0,2
2024010544109,2024,010544109,2,19,0,18,19,3,7,0,0,0,0,0,0,0,3,1,1,1,1,42,7,1598,2,6,VAUXHALL VIVARO,3,E01023310,0,3
2024161456117,2024,161456117,1,19,0,-1,1,5,1,-1,9,0,0,0,0,0,2,1,-1,6,1,37,7,1995,2,16,VAUXHALL VIVARO,2,E01013283,0,1
2024122400852,2024,122400852,1,19,0,18,19,5,1,0,0,0,0,0,0,0,1,1,6,6,3,40,7,1598,2,7,VAUXHALL VIVARO,7,E01012235,0,3
2024401539454,2024,401539454,1,19,0,-1,4,8,4,-1,0,8,0,0,0,0,4,9,-1,9,1,37,7,1995,2,11,VAUXHALL VIVARO,9,E01034425,0,3
2024211488838,2024,211488838,1,19,0,-1,5,1,5,-1,0,0,0,0,0,0,1,1,-1,1,1,56,9,1499,2,1,VAUXHALL VIVARO,5,E01021392,0,5
2024461520774,2024,461520774,2,19,0,-1,19,3,7,-1,0,1,0,0,0,0,1,1,-1,2,1,57,9,1997,2,3,VAUXHALL VIVARO,7,E01024362,0,1
2024471510954,2024,471510954,2,19,0,-1,4,6,2,-1,0,0,0,0,0,0,2,1,-1,1,1,62,9,1598,2,8,VAUXHALL VIVARO,5,E01021087,0,1
2024522402089,2024,522402089,1,19,0,18,19,2,6,0,0,4,5,0,7,1,1,1,6,6,1,30,6,1499,2,4,VAUXHALL VIVARO,6,E01014531,0,2
2024320206446,2024,320206446,1,19,0,-1,-1,6,2,0,0,0,0,0,0,0,4,1,6,6,3,-1,-1,1995,2,10,VAUXHALL VIVARO,-1,-1,0,-1
2024231465186,2024,231465186,1,19,0,-1,1,1,5,-1,0,0,0,0,0,0,0,9,-1,6,1,49,8,1598,2,6,VAUXHALL VIVARO,1,E01008998,0,4
2024302401197,2024,302401197,1,19,0,4,4,8,2,0,0,0,1,0,0,0,1,1,2,2,1,50,8,1995,2,11,VAUXHALL VIVARO,1,E01019761,0,2
2024302401672,2024,302401672,1,19,0,-1,19,5,8,-1,0,8,0,0,0,0,0,1,-1,6,3,-1,-1,1870,2,17,VAUXHALL VIVARO,5,E01019456,0,3
202454D425424,2024,54D425424,1,19,0,4,4,2,6,0,0,0,0,0,0,0,1,1,6,6,1,59,9,1995,2,11,VAUXHALL VIVARO,8,E01015584,0,1
2024631497259,2024,631497259,1,19,0,-1,19,2,6,-1,0,0,0,10,2,2,1,1,-1,9,1,40,7,1997,2,0,VAUXHALL VIVARO,7,W01000651,0,3
2024010518981,2024,010518981,2,19,0,18,19,1,5,0,0,8,0,0,0,0,1,1,6,6,3,-1,-1,1598,2,7,VAUXHALL VIVARO,-1,-1,0,-1
2024461449629,2024,461449629,1,19,0,-1,11,1,3,-1,0,3,2,0,1,0,4,2,-1,6,1,49,8,1995,2,12,VAUXHALL VIVARO,6,E01024592,0,3
2024332401209,2024,332401209,2,19,0,-1,19,6,1,-1,0,8,0,0,7,0,1,1,-1,1,1,40,7,1870,2,21,VAUXHALL VIVARO,1,E01025934,0,1
2024411529193,2024,411529193,2,19,-1,-1,-1,-1,-1,-1,-1,0,-1,-1,-1,0,1,9,-1,1,1,43,7,1997,2,3,VAUXHALL VIVARO,5,E01016884,0,4
2024010489602,2024,010489602,2,19,0,99,99,9,9,99,99,9,9,99,9,99,9,9,6,6,3,-1,-1,1499,2,3,VAUXHALL VIVARO,7,E01000414,0,3
2024430063389,2024,430063389,3,19,0,18,19,4,8,0,0,8,0,0,0,0,1,1,1,1,1,46,8,-1,3,1,VAUXHALL VIVARO,7,E01002428,0,4
2024471395062,2024,471395062,1,19,0,-1,19,5,1,-1,0,0,0,0,0,0,1,1,-1,1,1,27,6,1995,2,11,VAUXHALL VIVARO,4,E01031552,0,1
2024141447120,2024,141447120,2,19,0,-1,10,3,7,-1,0,1,0,0,0,0,0,1,-1,1,1,45,7,1598,2,9,VAUXHALL VIVARO,4,E01007746,0,1
2024430541265,2024,430541265,1,19,0,4,4,5,1,0,0,0,0,0,0,0,3,1,2,2,1,36,7,1598,2,9,VAUXHALL VIVARO,8,E01024451,0,4
2024161526490,2024,161526490,1,10,0,-1,19,4,8,-1,0,2,0,0,0,0,1,9,-1,6,1,59,9,-1,-1,-1,VAUXHALL VIVARO,5,E01012829,0,1
2024041480826,2024,041480826,1,19,0,-1,19,1,5,-1,0,0,0,0,0,0,1,1,-1,1,1,56,9,1499,2,1,VAUXHALL VIVARO,8,E01006992,0,4
2024461442794,2024,461442794,3,19,0,-1,19,1,5,-1,0,4,0,0,0,0,0,1,-1,8,2,32,6,1997,2,1,VAUXHALL VIVARO,4,E01024281,0,1
2024320087246,2024,320087246,1,19,0,2,2,0,0,0,0,0,0,0,0,0,3,1,1,1,1,41,7,1499,2,1,VAUXHALL VIVARO,1,E01013296,0,4
2024122400734,2024,122400734,1,19,0,18,19,2,6,0,0,2,0,0,0,0,1,1,1,1,1,42,7,1995,2,10,VAUXHALL VIVARO,2,E01027812,0,1
2024501501359,2024,501501359,1,19,0,-1,5,4,1,-1,0,6,0,0,0,0,1,1,-1,2,1,49,8,1598,2,9,VAUXHALL VIVARO,5,E01020055,0,1
2024101443783,2024,101443783,1,19,0,-1,19,5,1,-1,0,1,0,0,0,0,1,1,-1,1,1,43,7,1499,2,3,VAUXHALL VIVARO,-1,-1,0,-1
2024131510797,2024,131510797,1,19,0,-1,9,5,1,-1,0,1,0,0,0,0,1,1,-1,1,1,42,7,-1,3,1,VAUXHALL VIVARO,9,E01011221,0,2
2024541781624,2024,541781624,1,19,0,18,19,5,1,0,0,4,0,0,0,0,1,1,1,1,1,63,9,1598,2,7,VAUXHALL VIVARO,9,E01031935,0,3
2024201440819,2024,201440819,1,19,0,-1,19,2,6,-1,0,1,0,0,0,0,1,9,-1,6,1,25,5,1995,2,12,VAUXHALL VIVARO,-1,-1,0,-1
2024010517061,2024,010517061,1,19,0,99,99,9,9,99,99,0,9,99,9,99,9,9,6,6,3,-1,-1,1499,2,5,VAUXHALL VIVARO,-1,-1,0,-1
2024361402802,2024,361402802,1,19,0,-1,19,7,3,-1,0,1,0,0,0,0,1,1,-1,1,1,44,7,1995,2,11,VAUXHALL VIVARO,7,E01026673,0,2
2024430480810,2024,430480810,3,19,0,18,19,8,4,0,0,1,0,0,0,0,1,1,6,6,2,32,6,1995,2,14,VAUXHALL VIVARO,9,E01022183,0,4
2024340WN6432,2024,340WN6432,2,19,0,-1,2,0,0,-1,0,0,0,0,0,0,2,1,-1,1,1,35,6,1995,2,17,VAUXHALL VIVARO,5,E01027215,0,1
2024221429144,2024,221429144,1,10,0,-1,4,1,5,-1,0,8,0,0,0,0,2,1,-1,1,2,43,7,1995,2,15,VAUXHALL VIVARO,6,E01032417,0,2
2024991435403,2024,991435403,1,19,0,-1,12,8,4,-1,2,0,0,0,0,0,3,1,-1,2,1,41,7,1995,2,10,VAUXHALL VIVARO,1,-1,0,1
2024010511614,2024,010511614,3,19,0,12,12,3,7,9,9,8,0,4,7,1,1,1,1,1,1,36,7,1598,2,7,VAUXHALL VIVARO,1,E01004399,0,1
2024010525938,2024,010525938,1,19,0,18,19,5,1,0,0,6,0,0,0,0,4,1,6,6,1,72,10,1997,2,4,VAUXHALL VIVARO,4,E01002405,0,3
2024061482066,2024,061482066,2,19,-1,-1,-1,-1,-1,-1,-1,-1,-1,-1,-1,0,-1,9,-1,6,1,-1,-1,1598,2,9,VAUXHALL VIVARO,-1,-1,0,-1
2024010520970,2024,010520970,1,19,0,99,99,9,9,99,99,9,9,99,9,99,9,9,6,6,3,37,7,1598,2,7,VAUXHALL VIVARO,6,E01001415,0,1
2024010548544,2024,010548544,2,10,0,99,99,9,9,99,99,9,9,99,9,99,1,9,6,6,1,-1,-1,-1,-1,-1,VAUXHALL VIVARO,6,E01002221,0,1
2024041507116,2024,041507116,2,19,0,-1,19,8,4,-1,0,1,0,0,1,0,1,1,-1,6,1,41,7,1870,2,18,VAUXHALL VIVARO,7,E01025446,0,2
2024010502007,2024,010502007,1,19,0,99,99,9,9,99,99,0,9,99,9,99,3,9,1,1,1,58,9,1499,2,3,VAUXHALL VIVARO,3,E01001789,0,2
2024010512344,2024,010512344,1,19,0,2,2,0,0,0,0,0,0,0,0,0,2,1,6,6,3,-1,-1,1598,2,7,VAUXHALL VIVARO,-1,-1,0,-1
2024010545490,2024,010545490,2,19,0,9,9,2,7,0,0,1,0,0,0,0,1,1,6,6,1,30,6,1598,2,7,VAUXHALL VIVARO,2,E01021485,0,4
2024131534511,2024,131534511,3,19,0,-1,2,0,0,-1,9,0,0,0,0,0,3,1,-1,6,-1,-1,-1,1995,2,15,VAUXHALL VIVARO,-1,-1,0,-1
2024010498787,2024,010498787,2,19,0,10,10,1,6,0,0,1,0,0,0,0,3,1,1,1,1,33,6,1499,2,3,VAUXHALL VIVARO,3,E01034392,0,4
2024052400104,2024,052400104,1,19,0,18,19,7,3,0,0,1,0,0,0,0,1,1,1,1,1,55,8,1995,2,13,VAUXHALL VIVARO,3,E01025469,0,3
2024411455244,2024,411455244,2,19,0,-1,9,3,1,-1,0,8,0,0,0,0,1,1,-1,1,2,25,5,1995,2,11,VAUXHALL VIVARO,3,E01015765,0,3
2024302401569,2024,302401569,1,19,0,18,19,2,6,0,0,1,0,0,0,0,1,1,1,1,1,63,9,1870,2,18,VAUXHALL VIVARO,2,E01029452,0,4
2024351519425,2024,351519425,1,19,0,-1,19,4,8,-1,0,1,0,0,0,0,1,1,-1,1,1,45,7,1997,2,0,VAUXHALL VIVARO,8,E01023297,0,5
2024371443527,2024,371443527,1,19,0,-1,19,1,5,-1,0,0,0,0,0,0,0,9,-1,6,3,-1,-1,1598,2,6,VAUXHALL VIVARO,-1,-1,0,-1
2024430357908,2024,430357908,2,20,0,5,5,6,2,0,0,0,0,0,0,0,2,1,6,6,1,55,8,-1,-1,-1,VAUXHALL VIVARO,5,E01017856,0,1
2024610003424,2024,610003424,1,19,0,18,19,3,7,6,6,0,0,0,1,11,1,1,1,1,1,18,4,1499,2,1,VAUXHALL VIVARO,1,W01001203,0,4
2024320545021,2024,320545021,1,19,0,4,4,4,8,0,0,0,0,0,0,0,1,1,1,1,1,38,7,1499,2,1,VAUXHALL VIVARO,-1,-1,0,-1
2024131526878,2024,131526878,2,19,0,-1,9,5,1,-1,0,1,0,0,0,0,4,1,-1,1,1,35,6,1598,2,9,VAUXHALL VIVARO,2,E01010796,0,1
2024610035424,2024,610035424,1,9,0,18,19,6,2,0,0,0,0,0,0,0,1,1,6,6,1,49,8,-1,3,1,VAUXHALL VIVARO,3,W01001080,0,4
2024501483898,2024,501483898,2,19,0,-1,3,8,4,-1,0,0,0,0,0,0,2,1,-1,9,1,55,8,1995,2,10,VAUXHALL VIVARO,7,E01020233,0,2
2024991460970,2024,991460970,1,19,0,-1,19,7,3,-1,0,1,0,0,0,0,1,1,-1,1,1,33,6,1997,2,2,VAUXHALL VIVARO,2,-1,0,1
2024451415976,2024,451415976,1,19,0,-1,19,1,3,-1,0,0,0,0,0,0,3,1,-1,1,2,42,7,1598,2,10,VAUXHALL VIVARO,10,E01031720,0,3
2024101457862,2024,101457862,2,19,0,-1,3,5,8,-1,0,1,0,0,0,0,1,1,-1,9,1,38,7,1499,2,2,VAUXHALL VIVARO,5,E01008535,0,1
2024421415268,2024,421415268,1,19,0,-1,12,6,3,-1,0,3,0,0,0,0,4,9,-1,6,1,40,7,1995,2,10,VAUXHALL VIVARO,5,E01021360,0,1
2024471401456,2024,471401456,2,19,0,-1,2,0,0,-1,0,0,0,0,0,0,2,1,-1,6,-1,-1,-1,1997,2,5,VAUXHALL VIVARO,-1,-1,0,-1
2024520402467,2024,520402467,1,19,0,18,19,4,8,0,0,0,0,0,0,0,3,1,6,6,1,56,9,1499,2,1,VAUXHALL VIVARO,8,E01029145,0,2
2024501477145,2024,501477145,1,19,0,-1,19,6,2,-1,0,1,5,0,2,10,1,1,-1,2,1,54,8,1598,2,8,VAUXHALL VIVARO,6,E01015139,0,4
2024440060631,2024,440060631,2,19,0,3,3,6,2,0,0,0,0,0,0,0,2,1,6,6,2,45,7,1995,2,17,VAUXHALL VIVARO,10,E01023220,0,2
2024421437834,2024,421437834,1,19,0,-1,19,3,7,-1,0,1,0,11,0,0,1,2,-1,7,1,34,6,1995,2,10,VAUXHALL VIVARO,6,E01015814,0,1
2024231402076,2024,231402076,2,19,0,-1,4,6,2,-1,0,8,0,0,0,0,2,9,-1,1,1,50,8,1598,2,6,VAUXHALL VIVARO,5,E01031190,0,2
2024421531366,2024,421531366,1,19,0,-1,19,4,8,-1,0,0,0,0,0,0,1,1,-1,6,1,-1,-1,1499,2,1,VAUXHALL VIVARO,-1,-1,0,-1
2024451409942,2024,451409942,2,19,0,-1,4,4,8,-1,0,0,0,0,0,0,2,1,-1,9,1,33,6,1499,2,1,VAUXHALL VIVARO,3,E01004533,0,4
2024131533859,2024,131533859,1,19,0,-1,19,2,6,-1,0,2,0,0,0,0,1,1,-1,2,1,55,8,1598,2,10,VAUXHALL VIVARO,3,E01011843,0,3
2024552400060,2024,552400060,1,19,0,1,1,4,6,0,0,6,0,0,0,0,2,1,2,2,1,41,7,1499,2,2,VAUXHALL VIVARO,4,E01022988,0,4
2024061402703,2024,061402703,1,19,0,-1,19,5,1,-1,0,1,0,0,0,0,4,2,-1,9,1,58,9,1995,2,10,VAUXHALL VIVARO,1,E01004861,0,1
2024440460455,2024,440460455,3,19,0,18,19,3,7,0,0,0,0,0,0,0,1,1,1,1,1,28,6,1997,2,2,VAUXHALL VIVARO,4,E01015326,0,3
2024061529600,2024,061529600,1,19,-1,-1,19,5,1,-1,0,0,0,0,0,0,-1,9,-1,6,1,59,9,1499,2,2,VAUXHALL VIVARO,10,E01005046,0,1
2024421504500,2024,421504500,1,19,0,-1,19,3,7,-1,0,4,0,0,0,0,1,1,-1,6,1,-1,-1,1499,2,1,VAUXHALL VIVARO,-1,-1,0,-1
2024461488133,2024,461488133,2,19,0,-1,19,5,1,-1,0,0,0,0,0,0,1,1,-1,2,1,74,10,1870,2,21,VAUXHALL VIVARO,5,E01024787,0,1
2024010519072,2024,010519072,1,19,0,99,99,9,9,99,99,9,9,99,9,99,9,1,6,6,1,62,9,1995,2,12,VAUXHALL VIVARO,3,E01003229,0,1
2024010502122,2024,010502122,1,19,0,9,9,5,4,0,0,1,0,0,0,0,4,1,2,2,1,63,9,1598,2,5,VAUXHALL VIVARO,2,E01021703,0,4
2024991458542,2024,991458542,1,20,0,-1,12,3,7,-1,0,0,0,0,0,0,1,1,-1,6,1,26,6,-1,-1,-1,VAUXHALL VIVARO,6,-1,0,1
2024471470265,2024,471470265,2,19,0,-1,19,6,7,-1,0,1,0,0,0,0,1,2,-1,9,1,62,9,1995,2,14,VAUXHALL VIVARO,6,E01031614,0,2
2024131514639,2024,131514639,2,19,0,-1,5,8,8,-1,0,1,0,0,0,0,4,1,-1,1,1,45,7,1499,2,1,VAUXHALL VIVARO,1,E01011337,0,3
2024010532401,2024,010532401,2,19,0,9,9,3,1,0,0,9,0,0,0,0,4,9,6,6,1,-1,-1,1598,2,7,VAUXHALL VIVARO,-1,-1,0,-1
2024010522251,2024,010522251,2,19,0,14,14,5,1,0,0,8,0,0,0,0,1,1,6,6,1,28,6,1997,2,4,VAUXHALL VIVARO,5,E01002584,0,4
2024201458778,2024,201458778,1,19,0,-1,19,5,1,-1,0,0,0,0,0,0,1,1,-1,6,1,38,7,1997,2,2,VAUXHALL VIVARO,8,E01005411,0,5
2024610039624,2024,610039624,1,9,0,18,19,8,4,0,0,4,0,0,0,0,1,1,6,6,1,44,7,1995,2,13,VAUXHALL VIVARO,4,W01001355,0,1
2024010522397,2024,010522397,1,19,0,16,19,5,1,0,0,1,0,0,0,0,1,1,2,2,1,50,8,1499,2,3,VAUXHALL VIVARO,3,E01000195,0,3
2024440013132,2024,440013132,2,19,0,3,3,7,3,0,0,1,0,0,0,0,2,1,1,1,1,59,9,1598,2,10,VAUXHALL VIVARO,9,E01023064,0,1
2024471521284,2024,471521284,1,19,0,-1,19,7,1,-1,0,0,1,0,7,10,1,1,-1,2,1,48,8,1995,2,10,VAUXHALL VIVARO,8,E01031732,0,4
2024552400284,2024,552400284,1,9,0,18,19,6,2,0,0,0,0,0,0,0,1,1,6,6,1,42,7,-1,3,3,VAUXHALL VIVARO,5,E01020485,0,2
2024010543302,2024,010543302,1,19,0,7,7,6,1,0,0,5,0,0,0,0,1,1,6,6,3,-1,-1,1499,2,1,VAUXHALL VIVARO,-1,-1,0,-1
2024440512648,2024,440512648,1,19,0,9,9,1,7,0,0,6,0,0,0,0,1,1,1,1,1,34,6,1997,2,1,VAUXHALL VIVARO,4,E01017172,0,1
2024371462772,2024,371462772,1,19,-1,-1,-1,6,3,-1,-1,-1,0,0,0,0,4,1,-1,6,1,20,4,1598,2,7,VAUXHALL VIVARO,10,E01029908,0,1
2024010539495,2024,010539495,2,19,0,8,8,7,8,0,0,1,0,0,0,0,1,1,2,2,1,46,8,1997,2,4,VAUXHALL VIVARO,1,E01032318,0,5
2024070717461,2024,070717461,1,19,0,-1,19,3,7,-1,0,6,0,0,0,0,1,1,-1,2,1,34,6,1997,2,1,VAUXHALL VIVARO,1,E01005103,0,4
2024371429475,2024,371429475,2,19,0,-1,19,3,7,-1,0,0,0,0,0,0,1,1,-1,1,1,43,7,-1,3,2,VAUXHALL VIVARO,9,E01030033,0,1
2024471456705,2024,471456705,1,19,0,-1,19,1,5,-1,0,0,1,0,0,0,1,1,-1,6,1,20,4,1598,2,9,VAUXHALL VIVARO,4,E01020915,0,4
2024340NN1452,2024,340NN1452,2,19,0,-1,3,1,5,-1,0,0,0,0,0,0,2,1,-1,1,1,33,6,1995,2,12,VAUXHALL VIVARO,2,E01027128,0,3
2024070728921,2024,070728921,2,19,0,-1,19,5,1,-1,0,1,5,0,1,0,1,1,-1,2,1,48,8,1598,2,5,VAUXHALL VIVARO,4,E01018726,0,1
2024010505158,2024,010505158,1,19,0,18,19,5,1,0,0,8,0,0,0,0,3,1,1,1,1,39,7,1499,2,4,VAUXHALL VIVARO,3,E01021276,0,4
2024061499643,2024,061499643,1,19,0,-1,4,-1,-1,-1,0,1,0,99,0,0,2,1,-1,9,1,49,8,1598,2,6,VAUXHALL VIVARO,8,E01006204,0,3
2024332400849,2024,332400849,1,19,0,-1,19,1,5,-1,0,0,2,0,2,7,1,1,-1,6,1,48,8,1598,2,7,VAUXHALL VIVARO,-1,-1,0,-1
2024061515822,2024,061515822,2,19,0,-1,4,1,5,-1,0,0,0,0,1,0,1,1,-1,1,1,49,8,1499,2,2,VAUXHALL VIVARO,-1,-1,0,-1