collision_index,collision_year,collision_ref_no,vehicle_reference,vehicle_type,towing_and_articulation,vehicle_manoeuvre_historic,vehicle_manoeuvre,vehicle_direction_from,vehicle_direction_to,vehicle_location_restricted_lane_historic,vehicle_location_restricted_lane,junction_location,skidding_and_overturning,hit_object_in_carriageway,vehicle_leaving_carriageway,hit_object_off_carriageway,first_point_of_impact,vehicle_left_hand_drive,journey_purpose_of_driver_historic,journey_purpose_of_driver,sex_of_driver,age_of_driver,age_band_of_driver,engine_capacity_cc,propulsion_code,age_of_vehicle,generic_make_model,driver_imd_decile,lsoa_of_driver,escooter_flag,driver_distance_banding
2024211428372,2024,211428372,3,19,0,-1,19,8,4,-1,0,0,0,0,0,0,2,9,-1,6,1,37,7,1499,2,5,VAUXHALL VIVARO,9,E01023511,0,5
2024061534356,2024,061534356,2,19,0,-1,7,-1,-1,-1,0,6,0,11,0,0,1,1,-1,6,1,-1,-1,1995,2,10,VAUXHALL VIVARO,10,E01004844,0,2
2024440130959,2024,440130959,1,19,0,3,3,8,4,0,0,1,0,0,0,0,2,1,2,2,1,61,9,1995,2,17,VAUXHALL VIVARO,4,E01022711,0,3
2024542600024,2024,542600024,1,19,0,13,13,2,6,0,0,0,0,0,0,0,3,1,6,6,1,45,7,1997,2,4,VAUXHALL VIVARO,2,E01031983,0,3
2024461407527,2024,461407527,2,19,0,-1,19,3,7,-1,0,0,0,0,0,0,4,9,-1,6,1,39,7,1598,2,9,VAUXHALL VIVARO,2,E01035296,0,1
2024010543321,2024,010543321,2,19,0,2,2,0,0,0,0,1,1,10,1,0,3,1,6,6,3,-1,-1,1598,2,7,VAUXHALL VIVARO,-1,-1,0,-1
2024320708628,2024,320708628,1,19,0,-1,-1,2,6,0,0,0,0,4,0,0,1,1,1,1,1,22,5,1499,2,1,VAUXHALL VIVARO,6,E01034245,0,4
2024332400452,2024,332400452,1,19,0,-1,19,8,4,-1,0,8,0,0,0,0,1,1,-1,6,3,-1,-1,1995,2,12,VAUXHALL VIVARO,-1,-1,0,-1
2024161401624,2024,161401624,1,19,0,-1,2,0,0,-1,0,0,0,0,0,0,1,9,-1,6,1,32,6,1995,2,14,VAUXHALL VIVARO,4,E01013050,0,1
2024302401356,2024,302401356,1,19,0,9,9,8,6,0,0,8,0,0,0,0,1,1,1,1,1,51,8,1995,2,11,VAUXHALL VIVARO,1,E01019646,0,1
2024501498255,2024,501498255,1,9,0,-1,19,1,7,-1,0,1,0,11,7,0,1,1,-1,2,2,52,8,1995,2,15,VAUXHALL VIVARO,8,E01020128,0,1
2024461517341,2024,461517341,1,9,0,-1,19,8,4,-1,0,0,0,11,0,0,1,1,-1,9,2,56,9,1598,2,9,VAUXHALL VIVARO,-1,-1,0,-1
2024101445059,2024,101445059,1,19,0,-1,19,3,7,-1,0,6,1,0,0,0,4,1,-1,6,1,32,6,1995,2,15,VAUXHALL VIVARO,1,E01008603,0,2
2024070511262,2024,070511262,3,19,0,2,2,3,4,0,0,0,0,4,0,0,2,1,6,6,1,-1,-1,1870,2,18,VAUXHALL VIVARO,-1,-1,0,-1
2024471415949,2024,471415949,1,19,0,-1,19,6,2,-1,0,0,0,0,0,0,1,1,-1,1,1,52,8,1499,2,4,VAUXHALL VIVARO,4,E01031573,0,1
2024061407066,2024,061407066,1,19,0,-1,7,7,1,-1,0,8,0,0,0,0,4,1,-1,6,3,-1,-1,1598,2,9,VAUXHALL VIVARO,-1,-1,0,-1
2024991439073,2024,991439073,2,19,0,-1,4,7,3,-1,0,1,0,0,0,0,1,1,-1,2,1,48,8,1997,2,5,VAUXHALL VIVARO,8,-1,0,1
2024101510694,2024,101510694,1,19,0,-1,19,6,2,-1,0,0,0,0,0,0,1,1,-1,6,1,-1,-1,1499,2,4,VAUXHALL VIVARO,-1,-1,0,-1
2024201456094,2024,201456094,1,19,0,-1,14,5,1,-1,0,0,0,0,0,0,4,9,-1,6,1,-1,-1,1598,2,9,VAUXHALL VIVARO,1,E01009993,0,3
2024440138642,2024,440138642,1,19,0,18,19,4,8,0,0,0,0,0,0,0,1,1,6,6,1,21,5,1870,2,19,VAUXHALL VIVARO,8,E01023232,0,1
2024421514733,2024,421514733,1,19,0,-1,19,4,8,-1,0,0,0,0,0,0,1,1,-1,6,1,40,7,1995,2,11,VAUXHALL VIVARO,7,E01021718,0,2
2024421519561,2024,421519561,2,19,0,-1,2,0,0,-1,0,0,0,0,0,0,2,1,-1,6,-1,-1,-1,-1,3,1,VAUXHALL VIVARO,-1,-1,0,-1
2024440205619,2024,440205619,2,19,0,2,2,0,0,0,0,0,0,0,0,0,2,1,6,6,1,35,6,1995,2,12,VAUXHALL VIVARO,-1,-1,0,-1
2024010493415,2024,010493415,1,19,0,9,9,3,1,0,0,2,0,0,0,0,3,1,2,2,1,30,6,1598,2,7,VAUXHALL VIVARO,3,E01003616,0,1
2024101410740,2024,101410740,2,19,0,-1,3,1,5,-1,0,1,0,0,0,0,2,1,-1,1,1,23,5,1598,2,9,VAUXHALL VIVARO,3,E01033545,0,1
2024471501944,2024,471501944,1,19,0,-1,-1,-1,-1,-1,0,2,0,0,0,0,1,9,-1,6,1,58,9,1499,2,1,VAUXHALL VIVARO,7,E01031566,0,1
2024041505608,2024,041505608,3,19,0,-1,4,5,1,-1,0,0,0,0,0,0,2,1,-1,6,1,27,6,1499,2,1,VAUXHALL VIVARO,2,E01006218,0,4
2024231457075,2024,231457075,2,19,0,-1,4,8,4,-1,0,0,0,0,0,0,2,9,-1,2,1,53,8,1598,2,9,VAUXHALL VIVARO,9,E01032227,0,4
2024010550249,2024,010550249,1,19,0,99,99,9,9,99,99,9,9,99,9,99,9,9,6,6,3,41,7,1598,2,6,VAUXHALL VIVARO,2,E01001057,0,2
2024061495484,2024,061495484,1,19,0,-1,19,7,3,-1,0,0,0,0,0,0,1,1,-1,1,1,30,6,1499,2,5,VAUXHALL VIVARO,6,E01012414,0,4
2024211485396,2024,211485396,2,19,0,-1,4,4,8,-1,0,0,0,0,0,0,1,1,-1,6,1,-1,-1,1499,2,2,VAUXHALL VIVARO,-1,-1,0,-1
2024552400582,2024,552400582,5,19,0,4,4,6,2,0,0,0,0,0,0,0,2,1,2,2,1,34,6,1499,2,5,VAUXHALL VIVARO,7,E01015407,0,2
2024221523328,2024,221523328,1,8,0,-1,4,5,1,-1,0,1,0,0,0,0,1,1,-1,1,1,70,10,1598,2,7,VAUXHALL VIVARO,3,E01022457,0,3
2024161411715,2024,161411715,1,19,0,-1,19,3,7,-1,0,0,0,0,0,0,1,1,-1,9,1,48,8,1870,2,18,VAUXHALL VIVARO,3,E01013272,0,1
2024010547723,2024,010547723,2,19,0,99,99,9,9,99,99,9,9,99,9,99,9,9,6,6,3,-1,-1,1598,2,7,VAUXHALL VIVARO,7,E01017928,0,4
202460Q012397,2024,60Q012397,1,19,0,7,7,3,5,0,0,3,0,0,0,0,1,1,2,2,1,59,9,1870,2,20,VAUXHALL VIVARO,-1,-1,0,-1
2024340WN4342,2024,340WN4342,2,19,0,-1,9,5,3,-1,0,5,0,0,1,0,3,1,-1,1,1,50,8,1499,2,3,VAUXHALL VIVARO,6,E01017547,0,4
2024010544820,2024,010544820,2,19,0,99,99,9,9,0,0,1,0,0,0,0,1,1,6,6,1,23,5,1997,2,0,VAUXHALL VIVARO,3,E01000222,0,3
2024451453657,2024,451453657,1,19,0,-1,19,1,5,-1,0,0,0,0,0,0,1,1,-1,1,1,27,6,1499,2,1,VAUXHALL VIVARO,6,E01031750,0,4
2024471425299,2024,471425299,1,19,0,-1,7,4,6,-1,0,1,0,11,0,0,1,1,-1,6,3,-1,-1,1598,2,8,VAUXHALL VIVARO,-1,-1,0,-1
2024302500213,2024,302500213,1,19,0,-1,19,8,4,-1,0,0,0,0,0,0,1,1,-1,6,1,38,7,1499,2,1,VAUXHALL VIVARO,3,E01019775,0,1
2024991407908,2024,991407908,2,19,0,-1,3,6,2,-1,0,1,0,0,0,0,2,1,-1,1,1,30,6,1499,2,3,VAUXHALL VIVARO,5,-1,0,3
2024131485514,2024,131485514,1,19,0,-1,19,3,7,-1,0,8,0,7,0,0,1,1,-1,2,1,60,9,1997,2,3,VAUXHALL VIVARO,7,E01015969,0,5
2024161474488,2024,161474488,2,19,0,-1,19,1,4,-1,0,3,0,0,0,0,1,1,-1,1,1,45,7,1598,2,8,VAUXHALL VIVARO,1,E01012858,0,2
2024461429750,2024,461429750,1,19,0,-1,19,8,5,-1,0,0,0,0,0,0,1,1,-1,1,1,37,7,1598,2,7,VAUXHALL VIVARO,2,E01024398,0,3
2024411533914,2024,411533914,1,19,0,-1,-1,-1,-1,-1,-1,0,-1,-1,-1,0,2,1,-1,6,1,30,6,1499,2,5,VAUXHALL VIVARO,9,E01023511,0,1
2024010507991,2024,010507991,1,19,0,9,9,8,5,0,0,6,0,0,0,0,0,1,1,1,1,56,9,1499,2,3,VAUXHALL VIVARO,6,E01023795,0,4
2024471399573,2024,471399573,2,19,0,-1,4,1,6,-1,0,0,0,0,0,0,2,1,-1,2,1,26,6,1995,2,15,VAUXHALL VIVARO,5,E01031403,0,2
2024440454340,2024,440454340,1,19,0,18,19,6,2,0,0,1,0,0,0,0,4,1,1,1,1,-1,-1,1598,2,8,VAUXHALL VIVARO,-1,-1,0,-1
2024361466047,2024,361466047,1,19,0,-1,19,3,7,-1,0,0,2,0,1,0,4,1,-1,6,1,44,7,1995,2,16,VAUXHALL VIVARO,9,E01026503,0,3
2024451499437,2024,451499437,2,19,0,-1,9,3,7,-1,0,8,0,0,0,0,3,2,-1,2,1,35,6,1598,2,6,VAUXHALL VIVARO,-1,-1,0,-1
2024010526563,2024,010526563,3,19,0,99,99,9,9,99,99,9,9,99,9,99,1,9,6,6,1,-1,-1,-1,3,3,VAUXHALL VIVARO,1,E01009311,0,5
202460Q183301,2024,60Q183301,1,19,0,1,1,7,3,0,0,1,0,0,0,0,2,1,6,6,1,-1,-1,1598,2,8,VAUXHALL VIVARO,-1,-1,0,-1
2024451506615,2024,451506615,2,19,-1,-1,-1,-1,-1,-1,-1,-1,-1,-1,-1,0,-1,9,-1,6,3,-1,-1,1995,2,10,VAUXHALL VIVARO,7,E01030818,0,1
2024010498368,2024,010498368,2,19,9,18,19,2,6,0,0,8,9,4,3,99,1,9,6,6,1,-1,-1,1499,2,3,VAUXHALL VIVARO,-1,-1,0,-1
2024520000205,2024,520000205,2,19,0,1,1,8,4,1,1,8,0,0,0,0,2,1,6,6,2,-1,-1,1995,2,17,VAUXHALL VIVARO,-1,-1,0,-1
2024332400969,2024,332400969,2,19,0,-1,19,1,5,-1,0,0,0,0,0,0,1,1,-1,9,1,30,6,1598,2,5,VAUXHALL VIVARO,3,E01034003,0,3
2024461531535,2024,461531535,1,19,0,-1,19,7,3,-1,0,0,0,0,0,0,1,1,-1,6,1,-1,-1,1997,2,1,VAUXHALL VIVARO,-1,-1,0,-1
2024991410380,2024,991410380,1,19,0,-1,10,3,5,-1,0,0,0,0,0,0,2,1,-1,1,1,33,6,1598,2,6,VAUXHALL VIVARO,5,-1,0,1
2024131517470,2024,131517470,1,19,0,-1,19,4,8,-1,0,1,5,0,1,2,3,1,-1,9,1,42,7,1499,2,2,VAUXHALL VIVARO,1,E01010831,0,3
2024340WN2022,2024,340WN2022,1,19,0,-1,9,2,8,-1,0,6,0,0,0,0,3,1,-1,1,1,66,10,1499,2,1,VAUXHALL VIVARO,3,E01027038,0,4
2024052401056,2024,052401056,1,19,0,1,1,3,7,0,0,0,0,0,0,0,1,1,6,6,1,-1,-1,1995,2,11,VAUXHALL VIVARO,-1,-1,0,-1
2024991420635,2024,991420635,2,19,0,-1,19,8,4,-1,0,0,0,0,0,0,1,1,-1,1,1,63,9,-1,3,1,VAUXHALL VIVARO,5,-1,0,4
2024411432070,2024,411432070,1,19,0,-1,9,1,6,-1,0,6,0,0,0,0,1,1,-1,6,1,38,7,1598,2,7,VAUXHALL VIVARO,6,E01023606,0,1
2024371474673,2024,371474673,1,19,0,-1,10,7,3,-1,0,0,0,0,0,0,0,1,-1,9,1,50,8,1598,2,5,VAUXHALL VIVARO,9,E01033045,0,2
2024430195308,2024,430195308,1,8,0,18,19,1,5,0,0,1,0,0,0,0,1,1,1,1,1,32,6,1598,2,7,VAUXHALL VIVARO,6,E01035400,0,4
2024991485764,2024,991485764,1,19,0,-1,13,7,3,-1,0,1,1,0,7,2,1,1,-1,1,1,27,6,1997,2,2,VAUXHALL VIVARO,4,-1,0,2
2024010500932,2024,010500932,2,19,9,99,99,9,9,99,99,9,9,99,9,99,2,9,6,6,3,-1,-1,1499,2,2,VAUXHALL VIVARO,4,E01003210,0,3
2024451431755,2024,451431755,2,5,0,-1,13,1,5,-1,0,0,0,0,0,0,4,1,-1,6,1,37,7,652,1,11,-1,6,E01031591,0,2
2024631470509,2024,631470509,1,4,0,-1,19,2,5,-1,0,0,0,0,0,0,1,1,-1,9,1,67,10,652,1,13,-1,6,W01002002,0,2
2024401458405,2024,401458405,2,5,0,-1,9,3,5,-1,0,3,0,0,0,0,1,1,-1,9,1,40,7,652,1,12,-1,7,E01015719,0,2
2024010525733,2024,010525733,1,9,0,99,99,9,9,99,99,9,9,99,9,99,1,9,6,6,1,30,6,1998,1,17,-1,7,E01002351,0,4
2024161403058,2024,161403058,1,9,0,-1,7,1,5,-1,0,0,1,4,7,11,1,1,-1,9,1,61,9,1998,1,17,-1,1,E01012931,0,1
2024371476492,2024,371476492,1,9,0,-1,19,3,7,-1,0,0,0,0,0,0,1,9,-1,6,3,-1,-1,1598,1,17,-1,-1,-1,0,-1
2024440027627,2024,440027627,1,9,0,9,9,8,6,0,0,8,0,0,7,0,4,1,2,2,2,30,6,1998,1,17,-1,10,E01022847,0,2
2024201503662,2024,201503662,1,9,0,-1,19,4,8,-1,0,0,0,0,0,0,2,1,-1,9,1,84,11,1598,1,11,CITROEN C3,-1,-1,0,-1
2024451497208,2024,451497208,3,9,0,-1,19,3,7,-1,0,0,0,11,0,0,1,1,-1,9,1,62,9,1560,2,9,CITROEN C3,10,E01016706,0,4
2024131519860,2024,131519860,2,9,0,-1,19,5,1,-1,0,1,0,0,0,0,3,1,-1,2,1,64,9,1199,1,3,CITROEN C3,9,E01027574,0,4
2024451398105,2024,451398105,2,9,0,-1,2,0,0,-1,0,0,0,4,0,0,2,1,-1,6,-1,-1,-1,1587,1,15,CITROEN C3,-1,-1,0,-1
2024061508965,2024,061508965,2,9,0,-1,9,7,3,-1,0,1,0,0,0,0,1,1,-1,6,2,18,4,1360,1,12,CITROEN C3,1,E01005124,0,1
2024161413951,2024,161413951,2,9,0,-1,19,5,1,-1,0,0,0,0,0,0,1,1,-1,6,2,77,11,1199,1,2,CITROEN C3,4,E01013050,0,3
2024041502820,2024,041502820,1,9,0,-1,19,3,7,-1,0,1,0,0,0,0,1,1,-1,9,2,40,7,1200,1,6,CITROEN C3,4,E01025001,0,2
2024211492232,2024,211492232,1,9,0,-1,14,1,5,-1,0,0,0,0,0,0,4,1,-1,9,1,82,11,1360,1,17,CITROEN C3,4,E01029867,0,1
2024141482631,2024,141482631,1,9,0,-1,3,5,1,-1,0,4,0,0,0,0,2,1,-1,9,2,23,5,1398,2,13,CITROEN C3,7,E01018192,0,5
2024041424596,2024,041424596,1,9,0,-1,19,5,5,-1,0,0,0,0,2,1,4,1,-1,2,2,20,4,1398,2,14,CITROEN C3,5,E01025243,0,1
2024061519050,2024,061519050,2,9,0,-1,19,4,1,-1,0,4,0,0,0,0,1,1,-1,9,2,25,5,1199,1,6,CITROEN C3,2,E01005028,0,1
2024501492328,2024,501492328,1,9,0,-1,19,7,3,-1,0,1,0,0,0,0,4,1,-1,9,1,68,10,1199,1,1,CITROEN C3,6,E01020106,0,1
2024311531502,2024,311531502,1,9,0,-1,5,6,3,-1,0,0,0,0,0,0,1,1,-1,6,1,18,4,1199,1,4,CITROEN C3,4,E01027981,0,1
2024451461187,2024,451461187,1,9,0,-1,19,7,3,-1,0,0,1,0,0,0,1,2,-1,1,1,41,7,1587,1,21,CITROEN C3,6,E01001040,0,2
2024522402759,2024,522402759,1,9,0,7,7,5,7,0,0,6,0,7,0,0,1,1,6,6,2,20,4,1199,1,3,CITROEN C3,2,E01001559,0,5
2024371413645,2024,371413645,1,9,0,-1,19,7,4,-1,0,0,2,0,2,0,1,1,-1,9,1,63,9,1560,2,12,CITROEN C3,-1,-1,0,-1
2024061495500,2024,061495500,1,9,0,-1,2,0,0,-1,9,0,0,0,0,0,4,1,-1,9,2,45,7,1200,1,4,CITROEN C3,-1,-1,0,-1
2024070761574,2024,070761574,1,9,0,-1,9,5,1,-1,0,5,0,0,0,0,1,1,-1,9,1,30,6,1560,2,7,CITROEN C3,10,E01018411,0,1
2024311457598,2024,311457598,2,9,0,-1,5,2,1,-1,0,0,0,0,0,0,1,1,-1,6,3,21,5,1560,2,16,CITROEN C3,-1,-1,0,-1
2024070794214,2024,070794214,1,9,0,-1,19,3,2,-1,0,8,2,10,8,4,1,1,-1,6,2,18,4,1199,1,0,CITROEN C3,3,E01018611,0,1
2024991475934,2024,991475934,1,9,0,-1,19,6,2,-1,0,0,0,0,0,0,0,1,-1,6,1,30,6,1199,1,6,CITROEN C3,6,E01014409,0,5
2024531530942,2024,531530942,1,9,0,-1,7,7,3,-1,0,6,0,0,0,0,1,1,-1,2,2,45,7,1200,1,5,CITROEN C3,3,E01022245,0,4
2024041436481,2024,041436481,1,9,0,-1,19,5,7,-1,0,3,0,0,3,2,1,1,-1,2,1,45,7,1560,2,14,CITROEN C3,8,E01007002,0,2
2024501484694,2024,501484694,2,9,0,-1,19,1,5,-1,0,0,0,0,0,0,3,1,-1,9,2,40,7,1360,1,17,CITROEN C3,1,E01015261,0,1
2024501521917,2024,501521917,2,9,0,-1,19,5,1,-1,0,1,1,0,0,0,3,1,-1,9,2,30,6,1560,2,10,CITROEN C3,1,E01019033,0,1
2024201432777,2024,201432777,1,9,0,-1,19,2,6,-1,0,2,0,0,0,0,2,9,-1,6,-1,-1,-1,1199,1,2,CITROEN C3,-1,-1,0,-1
2024461538242,2024,461538242,2,9,0,-1,10,3,5,-1,0,0,0,0,0,0,2,9,-1,9,1,78,11,1200,1,7,CITROEN C3,3,E01024570,0,1
2024440452469,2024,440452469,4,9,0,18,19,3,7,0,0,0,0,0,0,0,1,1,2,2,1,55,8,1350,1,15,CITROEN C3,10,E01020383,0,4
2024622400483,2024,622400483,1,9,0,18,19,7,4,0,0,0,1,0,0,0,1,1,6,6,2,23,5,1200,1,7,CITROEN C3,10,W01001086,0,1
2024061530453,2024,061530453,2,9,-1,-1,-1,-1,-1,-1,-1,0,-1,-1,-1,0,-1,1,-1,6,3,-1,-1,1200,1,5,CITROEN C3,-1,-1,0,-1
2024141456764,2024,141456764,1,9,0,-1,14,7,3,-1,0,6,0,0,0,0,1,1,-1,9,1,18,4,1124,1,14,CITROEN C3,1,E01007634,0,1
2024361492286,2024,361492286,1,9,0,-1,5,7,4,-1,0,2,0,0,0,0,3,1,-1,9,2,52,8,1200,1,6,CITROEN C3,4,E01030266,0,2
2024141511106,2024,141511106,1,9,0,-1,5,4,6,-1,0,1,0,0,0,0,1,9,-1,6,1,58,9,1200,1,4,CITROEN C3,6,E01007695,0,1
2024440044439,2024,440044439,2,9,0,18,19,2,6,0,0,1,0,0,0,0,1,1,6,6,2,29,6,1560,2,14,CITROEN C3,5,E01017159,0,1
2024991459871,2024,991459871,2,9,0,-1,3,5,1,-1,0,0,0,0,0,0,2,2,-1,6,1,38,7,1199,1,3,CITROEN C3,-1,-1,0,-1
2024201399752,2024,201399752,1,9,0,-1,19,7,3,-1,0,0,0,0,0,0,1,9,-1,2,1,41,7,1560,2,18,CITROEN C3,2,E01008897,0,1
2024041431985,2024,041431985,2,9,0,-1,19,6,3,-1,0,6,0,0,0,0,1,1,-1,9,2,34,6,1200,1,6,CITROEN C3,1,E01025250,0,1
2024320104932,2024,320104932,1,9,0,-1,-1,8,4,0,0,0,0,10,0,11,1,1,1,1,2,35,6,1199,1,5,CITROEN C3,-1,-1,0,-1
2024471406699,2024,471406699,1,9,0,-1,19,4,1,-1,0,1,0,0,4,1,1,1,-1,2,1,65,9,1398,2,20,CITROEN C3,5,E01031373,0,4
2024052500002,2024,052500002,3,9,0,18,19,2,6,0,0,1,0,0,0,0,2,1,6,6,1,42,7,1360,1,14,CITROEN C3,1,E01006556,0,1
2024061435282,2024,061435282,1,9,0,-1,5,1,5,-1,0,1,0,0,0,0,1,1,-1,9,2,62,9,1200,1,5,CITROEN C3,2,E01004929,0,1
202460Q096766,2024,60Q096766,2,9,0,13,13,4,8,0,0,0,0,0,0,0,4,1,6,6,1,81,11,1200,1,3,CITROEN C3,-1,-1,0,-1
2024101433097,2024,101433097,2,9,0,-1,10,6,5,-1,0,0,0,0,0,0,2,1,-1,6,2,47,8,1200,1,2,CITROEN C3,4,E01008554,0,2
2024311468613,2024,311468613,2,9,0,-1,19,2,6,-1,0,1,0,0,0,0,1,9,-1,6,1,49,8,1199,1,1,CITROEN C3,4,E01028239,0,1
2024302500193,2024,302500193,1,9,0,-1,19,5,8,-1,0,0,0,0,0,0,1,1,-1,6,2,34,6,1200,1,9,CITROEN C3,9,E01013543,0,1
2024440452526,2024,440452526,1,9,0,5,5,6,2,0,0,0,0,0,0,0,1,1,6,6,1,65,9,1398,2,13,CITROEN C3,9,E01022836,0,1
202460Q080441,2024,60Q080441,2,9,0,7,7,7,1,0,0,5,0,0,0,0,4,1,2,2,1,25,5,1199,1,6,CITROEN C3,-1,-1,0,-1
2024351469121,2024,351469121,1,9,0,-1,9,5,1,-1,0,5,0,0,7,9,3,1,-1,6,2,19,4,1360,1,14,CITROEN C3,7,E01018023,0,1
202454E908424,2024,54E908424,1,9,0,13,13,3,7,0,0,0,0,0,0,0,1,1,6,6,2,-1,-1,1560,2,12,CITROEN C3,-1,-1,0,-1
2024471438114,2024,471438114,1,9,0,-1,19,1,5,-1,0,0,0,0,0,0,1,2,-1,9,2,24,5,1398,2,17,CITROEN C3,5,E01021109,0,1
2024501499639,2024,501499639,1,9,0,-1,19,7,3,-1,0,0,1,0,0,0,3,1,-1,6,1,18,4,1360,1,12,CITROEN C3,5,E01018783,0,1
2024201540505,2024,201540505,1,9,0,-1,19,5,3,-1,0,1,0,0,0,0,1,1,-1,6,-1,30,6,1199,1,1,CITROEN C3,-1,-1,0,-1
2024061522346,2024,061522346,2,9,0,-1,19,-1,-1,-1,0,0,0,0,0,0,1,1,-1,6,2,-1,-1,1200,1,7,CITROEN C3,-1,-1,0,-1
2024041457437,2024,041457437,1,9,0,-1,19,5,1,-1,0,0,0,0,0,0,3,1,-1,6,2,77,11,1199,1,5,CITROEN C3,8,E01024956,0,1
2024061397514,2024,061397514,2,9,0,-1,3,-1,-1,-1,0,0,0,0,0,0,-1,9,-1,6,3,36,7,1560,2,14,CITROEN C3,-1,-1,0,-1
2024302401461,2024,302401461,1,9,0,11,11,7,3,0,0,0,0,0,0,0,0,1,6,6,1,81,11,1199,1,3,CITROEN C3,5,E01019676,0,2
2024131426693,2024,131426693,1,9,0,-1,19,1,5,-1,0,8,0,0,0,0,3,1,-1,9,2,46,8,1560,2,15,CITROEN C3,3,E01011502,0,1
2024201491575,2024,201491575,2,9,0,-1,3,8,4,-1,0,0,0,0,0,0,2,1,-1,6,2,72,10,1360,1,17,CITROEN C3,-1,-1,0,-1
2024131470404,2024,131470404,1,9,0,-1,9,5,1,-1,0,4,0,0,0,0,3,1,-1,9,1,60,9,1360,1,17,CITROEN C3,2,E01011034,0,3
2024231531689,2024,231531689,1,9,0,-1,19,8,5,-1,0,0,0,0,0,0,1,1,-1,9,2,57,9,1360,1,14,CITROEN C3,2,E01031074,0,1
2024430336993,2024,430336993,2,9,0,18,19,5,1,0,0,0,0,0,0,0,1,1,6,6,2,30,6,1200,1,6,CITROEN C3,-1,-1,0,-1
2024010529554,2024,010529554,2,9,0,18,19,1,5,0,0,0,0,7,0,0,1,1,6,6,1,66,10,1199,1,2,CITROEN C3,6,E01004475,0,1
2024991527493,2024,991527493,2,9,0,-1,19,2,6,-1,0,1,1,0,1,0,1,1,-1,9,1,60,9,1200,1,3,CITROEN C3,8,-1,0,4
2024440465006,2024,440465006,1,9,0,18,19,5,1,0,0,1,0,0,0,0,1,1,6,6,2,80,11,1560,2,14,CITROEN C3,9,E01031973,0,2
2024101482272,2024,101482272,2,9,0,-1,7,5,7,-1,0,8,0,10,0,0,4,1,-1,6,2,42,7,1199,1,2,CITROEN C3,9,E01008722,0,1
2024461431409,2024,461431409,3,9,0,-1,2,0,0,-1,0,1,0,0,0,0,2,1,-1,6,-1,-1,-1,1398,2,13,CITROEN C3,-1,-1,0,-1
2024340WN2312,2024,340WN2312,1,9,0,-1,19,5,1,-1,0,0,1,0,0,6,1,1,-1,9,1,90,11,1200,1,4,CITROEN C3,7,E01027305,0,4
2024161408476,2024,161408476,2,9,0,-1,19,1,5,-1,0,1,0,0,0,0,1,1,-1,6,1,57,9,1560,2,15,CITROEN C3,3,E01026386,0,3
2024070265929,2024,070265929,1,9,0,17,19,6,8,0,0,1,0,0,0,0,1,1,1,1,1,58,9,1200,1,7,CITROEN C3,4,W01000332,0,1
2024061531630,2024,061531630,2,9,-1,-1,-1,-1,-1,-1,-1,0,-1,-1,-1,0,-1,9,-1,6,1,-1,-1,1560,2,9,CITROEN C3,1,E01006356,0,1
2024131467214,2024,131467214,2,9,0,-1,19,7,3,-1,0,0,0,0,0,0,2,1,-1,9,2,57,9,1360,1,16,CITROEN C3,3,E01011691,0,1
2024041488766,2024,041488766,1,9,0,-1,19,6,2,-1,0,6,0,0,0,0,1,1,-1,9,1,80,11,1598,1,10,CITROEN C3,3,E01025097,0,1
2024471410493,2024,471410493,1,9,0,-1,4,7,3,-1,0,5,1,10,2,4,1,1,-1,9,2,18,4,1360,1,12,CITROEN C3,9,E01031339,0,3
2024401439810,2024,401439810,2,9,-1,-1,-1,6,1,-1,-1,-1,-1,-1,-1,0,-1,9,-1,6,2,60,9,1360,1,19,CITROEN C3,5,E01017588,0,2
2024041512607,2024,041512607,1,9,0,-1,9,1,5,-1,0,0,0,0,0,0,1,1,-1,2,2,36,7,1199,1,1,CITROEN C3,1,E01012743,0,3
2024010524968,2024,010524968,1,9,0,16,19,5,7,0,0,3,0,0,0,0,1,1,6,6,3,-1,-1,1360,1,21,CITROEN C3,-1,-1,0,-1
2024622400239,2024,622400239,2,9,0,4,4,4,8,0,0,7,0,0,0,0,2,1,6,6,2,37,7,1200,1,6,CITROEN C3,4,W01000753,0,1
2024111491407,2024,111491407,2,9,0,-1,19,7,3,-1,0,0,0,0,0,0,1,1,-1,9,1,66,10,1199,1,6,CITROEN C3,2,E01020780,0,3
2024622400118,2024,622400118,1,9,0,9,9,1,7,0,0,2,0,0,0,0,1,1,6,6,3,-1,-1,1199,1,6,CITROEN C3,-1,-1,0,-1
2024201417596,2024,201417596,2,9,0,-1,2,0,0,-1,0,1,0,0,0,0,2,1,-1,6,1,55,8,1199,1,4,CITROEN C3,3,E01029487,0,3
2024041430627,2024,041430627,2,9,0,-1,19,5,1,-1,0,8,0,0,0,0,4,1,-1,9,2,31,6,1199,1,3,CITROEN C3,2,E01025245,0,1
2024332401199,2024,332401199,1,9,0,-1,19,5,1,-1,0,0,0,0,1,4,1,1,-1,9,1,28,6,999,1,10,CITROEN C3,-1,-1,0,-1
2024451508550,2024,451508550,1,9,0,-1,1,1,5,-1,0,0,0,0,0,0,2,9,-1,6,2,76,11,1598,1,12,CITROEN C3,10,E01030641,0,1