collision_index,collision_year,collision_ref_no,vehicle_reference,vehicle_type,towing_and_articulation,vehicle_manoeuvre_historic,vehicle_manoeuvre,vehicle_direction_from,vehicle_direction_to,vehicle_location_restricted_lane_historic,vehicle_location_restricted_lane,junction_location,skidding_and_overturning,hit_object_in_carriageway,vehicle_leaving_carriageway,hit_object_off_carriageway,first_point_of_impact,vehicle_left_hand_drive,journey_purpose_of_driver_historic,journey_purpose_of_driver,sex_of_driver,age_of_driver,age_band_of_driver,engine_capacity_cc,propulsion_code,age_of_vehicle,generic_make_model,driver_imd_decile,lsoa_of_driver,escooter_flag,driver_distance_banding
2024501398263,2024,501398263,1,9,0,-1,4,3,7,-1,0,0,0,0,0,0,2,9,-1,9,2,85,11,1360,1,16,CITROEN C3,6,E01019003,0,4
2024302400681,2024,302400681,1,9,0,18,19,1,5,0,0,8,0,0,0,0,4,1,6,6,1,26,6,1560,2,11,CITROEN C3,1,E01034257,0,1
2024231404823,2024,231404823,2,9,0,-1,19,6,2,-1,0,8,0,0,0,0,1,9,-1,2,2,58,9,1200,1,4,CITROEN C3,3,E01031058,0,1
2024501442291,2024,501442291,2,9,0,-1,3,6,2,-1,0,1,0,0,0,0,2,9,-1,6,2,45,7,1587,1,16,CITROEN C3,2,E01034162,0,1
2024211405885,2024,211405885,1,9,0,-1,19,6,2,-1,0,0,0,4,0,0,4,1,-1,9,1,86,11,1200,1,8,CITROEN C3,5,E01014332,0,1
2024221533882,2024,221533882,1,9,0,-1,9,8,4,-1,0,6,1,0,1,1,1,9,-1,2,2,39,7,1124,1,20,CITROEN C3,5,E01029013,0,1
2024052402212,2024,052402212,2,9,0,2,2,0,0,0,0,0,0,0,0,0,2,1,6,6,3,-1,-1,1199,1,4,CITROEN C3,-1,-1,0,-1
2024201472121,2024,201472121,1,9,0,-1,19,4,1,-1,0,2,0,0,0,0,1,1,-1,6,1,60,9,1360,1,16,CITROEN C3,3,E01009237,0,1
2024041511583,2024,041511583,2,9,0,-1,19,2,6,-1,0,8,0,0,0,0,4,1,-1,9,2,37,7,1200,1,6,CITROEN C3,3,E01025271,0,1
2024501436266,2024,501436266,1,9,0,-1,19,1,6,-1,0,1,0,0,0,0,1,1,-1,9,1,17,4,1124,1,20,CITROEN C3,10,E01015208,0,1
2024211487060,2024,211487060,1,9,0,-1,19,1,3,-1,0,0,1,10,7,4,1,1,-1,1,1,31,6,1360,1,20,CITROEN C3,1,E01010527,0,3
2024101447896,2024,101447896,1,9,0,-1,19,7,3,-1,0,0,0,0,0,0,1,1,-1,9,2,22,5,1360,1,12,CITROEN C3,-1,-1,0,-1
2024122400205,2024,122400205,2,9,0,18,19,1,5,0,0,8,0,0,0,0,1,1,6,6,1,77,11,1560,2,9,CITROEN C3,4,E01012097,0,4
2024631525103,2024,631525103,2,9,0,-1,19,1,5,-1,0,8,0,0,0,0,1,1,-1,9,2,59,9,1560,2,7,CITROEN C3,5,W01000427,0,4
2024421417646,2024,421417646,2,9,0,-1,19,-1,-1,-1,0,3,0,0,0,0,3,1,-1,9,2,22,5,1199,1,3,CITROEN C3,5,E01021380,0,1
2024010527798,2024,010527798,1,9,9,99,99,9,9,99,99,0,9,99,9,99,9,1,6,6,1,84,11,1199,1,0,CITROEN C3,4,E01000466,0,1
2024010518753,2024,010518753,1,9,0,7,7,7,1,0,0,1,0,0,1,0,1,2,1,1,2,31,6,1598,1,13,CITROEN C3,4,E01003440,0,1
2024361461739,2024,361461739,1,9,0,-1,9,7,3,-1,0,1,0,0,0,0,1,1,-1,1,2,70,10,1500,2,5,CITROEN C3,2,E01026601,0,1
2024451533892,2024,451533892,1,9,0,-1,9,6,2,-1,0,1,0,0,0,0,4,1,-1,2,1,38,7,1360,1,17,CITROEN C3,4,E01031547,0,3
2024010517500,2024,010517500,1,9,0,18,19,8,4,0,0,2,0,0,0,0,1,1,6,6,2,57,9,1200,1,7,CITROEN C3,-1,-1,0,-1
2024501407155,2024,501407155,3,9,0,-1,19,2,6,-1,0,0,0,0,0,0,2,9,-1,6,2,36,7,1199,1,3,CITROEN C3,3,E01018925,0,1
2024041448016,2024,041448016,2,9,0,-1,19,6,7,-1,0,2,0,0,1,11,3,1,-1,6,1,29,6,1587,1,17,CITROEN C3,2,E01005160,0,4
2024211535041,2024,211535041,2,9,0,-1,9,5,8,-1,0,1,0,0,0,0,1,1,-1,9,2,46,8,1560,2,13,CITROEN C3,2,E01014298,0,2
2024622400635,2024,622400635,1,9,0,9,9,4,2,0,0,8,5,7,0,0,1,1,6,6,2,43,7,1500,2,5,CITROEN C3,3,W01001605,0,3
202460Q099644,2024,60Q099644,1,9,0,18,19,4,2,0,0,6,0,0,0,0,4,1,2,2,2,41,7,1199,1,10,CITROEN C3,-1,-1,0,-1
2024421471491,2024,421471491,2,9,0,-1,4,1,5,-1,0,0,0,0,0,0,2,1,-1,9,2,63,9,1360,1,19,CITROEN C3,8,E01015829,0,1
2024201470324,2024,201470324,2,9,0,-1,19,4,7,-1,0,4,0,0,0,0,3,9,-1,6,2,27,6,1560,2,7,CITROEN C3,1,E01010485,0,4
2024991440098,2024,991440098,2,9,0,-1,2,0,0,-1,0,0,0,0,0,0,2,1,-1,6,-1,-1,-1,1199,1,5,CITROEN C3,-1,-1,0,-1
2024411427558,2024,411427558,1,9,0,-1,3,-1,-1,-1,0,1,0,0,0,0,1,9,-1,6,1,69,10,1560,2,11,CITROEN C3,9,E01023629,0,1
2024991461351,2024,991461351,2,9,0,-1,2,5,5,-1,0,2,0,0,1,0,3,1,-1,6,-1,-1,-1,1200,1,5,CITROEN C3,-1,-1,0,-1
2024451425908,2024,451425908,1,9,0,-1,19,3,7,-1,0,0,0,11,0,0,1,1,-1,9,2,69,10,1598,1,12,CITROEN C3,8,E01022615,0,3
2024161520531,2024,161520531,1,9,0,-1,9,5,3,-1,0,3,0,0,0,0,3,1,-1,6,2,51,8,1199,1,3,CITROEN C3,9,E01013123,0,1
2024201503092,2024,201503092,2,9,0,-1,4,5,1,-1,0,0,0,0,0,0,2,9,-1,9,2,60,9,1199,1,1,CITROEN C3,8,E01029743,0,4
2024061400294,2024,061400294,2,9,0,-1,19,8,4,-1,0,0,0,0,0,0,2,1,-1,9,2,31,6,1199,1,5,CITROEN C3,1,E01004794,0,1
2024991440390,2024,991440390,4,9,0,-1,3,7,3,-1,0,0,0,0,0,0,2,1,-1,9,1,67,10,1199,1,4,CITROEN C3,5,-1,0,1
2024471480485,2024,471480485,1,8,0,-1,15,4,8,-1,0,4,0,4,0,0,4,1,-1,2,1,58,9,1560,2,8,CITROEN C3,3,E01020919,0,1
2024461459434,2024,461459434,1,9,0,-1,19,5,1,-1,-1,0,2,10,1,0,1,1,-1,9,2,46,8,1360,1,12,CITROEN C3,9,E01024376,0,3
2024221524954,2024,221524954,2,9,0,-1,19,5,1,-1,0,8,0,0,0,0,1,9,-1,6,1,60,9,1560,2,11,CITROEN C3,5,E01014014,0,2
2024010505781,2024,010505781,1,9,0,99,99,9,9,99,99,9,9,99,9,99,2,9,6,6,2,57,9,1200,1,9,CITROEN C3,7,E01024185,0,1
2024991506635,2024,991506635,1,9,0,-1,15,5,2,-1,0,0,0,0,0,0,1,9,-1,6,1,26,6,1199,1,1,CITROEN C3,1,-1,0,1
2024061406330,2024,061406330,1,9,0,-1,19,6,5,-1,0,1,0,0,0,0,1,9,-1,6,2,-1,-1,1360,1,18,CITROEN C3,1,E01006241,0,3
2024201492628,2024,201492628,1,9,0,-1,9,6,4,-1,0,5,0,0,0,0,1,1,-1,6,1,30,6,1360,1,21,CITROEN C3,1,E01008962,0,1
2024622400077,2024,622400077,2,9,0,3,3,4,8,0,0,0,0,0,0,0,2,1,6,6,2,58,9,1397,1,10,CITROEN C3,4,W01000995,0,3
2024302400506,2024,302400506,2,9,0,18,19,4,8,0,0,0,0,0,1,9,2,1,6,6,1,38,7,1360,1,16,CITROEN C3,3,E01013517,0,1
2024320573925,2024,320573925,2,9,0,-1,-1,2,6,0,0,0,0,0,0,0,3,1,6,6,1,64,9,1200,1,6,CITROEN C3,9,E01026396,0,2
2024041481122,2024,041481122,1,9,0,-1,19,5,1,-1,0,0,5,0,0,0,1,1,-1,9,2,60,9,1199,1,0,CITROEN C3,7,E01007035,0,4
2024031477046,2024,031477046,3,9,0,-1,2,0,0,-1,0,0,0,0,0,0,1,1,-1,6,-1,-1,-1,1200,1,7,CITROEN C3,-1,-1,0,-1
2024041478344,2024,041478344,1,9,0,-1,19,3,7,-1,0,4,0,0,1,0,1,1,-1,9,2,43,7,1124,1,19,CITROEN C3,3,E01012714,0,1
2024522402800,2024,522402800,1,9,0,16,19,4,6,0,0,1,1,0,7,0,0,1,6,6,2,40,7,1199,1,10,CITROEN C3,2,E01014499,0,2
2024201436839,2024,201436839,2,9,0,-1,19,2,6,-1,0,8,0,0,0,0,3,1,-1,6,1,48,8,1199,1,2,CITROEN C3,6,E01010024,0,1
2024522401831,2024,522401831,2,9,0,18,19,5,1,0,0,0,0,4,7,0,1,1,6,6,2,42,7,1360,1,13,CITROEN C3,7,E01014838,0,1
2024211469995,2024,211469995,3,9,0,-1,10,2,6,-1,0,0,0,0,0,0,2,1,-1,6,2,35,6,1199,1,5,CITROEN C3,3,E01025949,0,3
2024311480333,2024,311480333,2,9,0,-1,4,8,4,-1,0,0,0,0,0,0,2,2,-1,6,2,40,7,1200,1,7,CITROEN C3,1,E01013821,0,1
2024141509868,2024,141509868,1,9,0,-1,19,3,7,-1,0,0,0,0,1,11,1,1,-1,2,1,65,9,1360,1,21,CITROEN C3,3,E01034259,0,1
2024541332324,2024,541332324,1,9,0,9,9,8,6,0,0,6,0,0,1,0,3,1,6,6,1,31,6,1199,1,10,CITROEN C3,3,E01029093,0,5
2024361413416,2024,361413416,1,9,0,-1,19,1,1,-1,0,0,1,0,0,0,2,9,-1,1,2,24,5,1360,1,20,CITROEN C3,8,E01026470,0,1
2024440455287,2024,440455287,1,9,0,5,5,7,3,0,0,6,0,0,0,0,1,1,6,6,2,88,11,1200,1,5,CITROEN C3,7,E01023277,0,1
2024031416424,2024,031416424,1,9,0,-1,4,5,1,-1,0,0,0,12,0,0,1,1,-1,6,1,31,6,1360,1,12,CITROEN C3,-1,-1,0,-1
2024320378212,2024,320378212,2,9,0,4,4,6,2,0,0,0,0,0,0,0,2,1,-1,-1,1,22,5,1360,1,18,CITROEN C3,5,E01035476,0,4
2024231512154,2024,231512154,2,9,0,-1,19,1,5,-1,0,8,0,0,0,0,1,1,-1,6,2,80,11,1560,2,12,CITROEN C3,4,E01031030,0,1
2024010540455,2024,010540455,1,9,0,5,5,6,2,0,0,2,0,0,0,0,1,1,6,6,1,78,11,1200,1,3,CITROEN C3,-1,-1,0,-1
2024041528760,2024,041528760,2,9,0,-1,19,5,1,-1,0,8,0,0,0,0,3,1,-1,9,2,40,7,1360,1,21,CITROEN C3,1,E01025297,0,1
2024631423331,2024,631423331,1,9,0,-1,5,2,7,-1,0,6,0,0,0,0,1,1,-1,9,1,81,11,1560,2,10,CITROEN C3,6,W01000431,0,3
2024520403260,2024,520403260,2,9,0,18,19,6,2,0,0,0,0,0,0,0,3,1,6,6,2,80,11,1200,1,5,CITROEN C3,6,E01032083,0,2
2024430549163,2024,430549163,1,9,0,3,3,0,0,0,0,8,0,0,0,0,4,1,3,7,2,47,8,1560,2,9,CITROEN C3,-1,-1,0,-1
2024131489754,2024,131489754,2,9,0,-1,19,3,7,-1,0,8,0,0,0,0,4,1,-1,9,1,65,9,1199,1,4,CITROEN C3,6,E01010644,0,2
2024010536936,2024,010536936,2,9,0,9,9,7,4,0,0,1,0,0,0,0,1,1,6,6,1,-1,-1,1199,1,0,CITROEN C3,-1,-1,0,-1
2024461431560,2024,461431560,1,9,0,-1,10,2,6,-1,0,0,0,0,0,0,1,1,-1,9,2,58,9,1199,1,11,CITROEN C3,3,E01016071,0,4
2024991502645,2024,991502645,1,9,0,-1,19,3,7,-1,0,1,0,0,0,0,1,1,-1,6,2,21,5,1200,1,6,CITROEN C3,2,-1,0,5
2024451439425,2024,451439425,1,9,0,-1,6,7,3,-1,0,0,0,0,0,0,3,1,-1,9,2,33,6,1199,1,6,CITROEN C3,2,E01015705,0,4
2024471517427,2024,471517427,1,9,0,-1,19,1,5,-1,0,0,0,0,0,0,4,1,-1,9,2,78,11,1124,1,18,CITROEN C3,6,E01020959,0,2
2024991473813,2024,991473813,2,9,0,-1,6,3,3,-1,0,8,0,0,0,0,4,1,-1,9,1,44,7,1199,1,4,CITROEN C3,-1,-1,0,-1
2024010506153,2024,010506153,1,9,0,5,5,5,1,0,0,1,0,10,7,11,1,1,6,6,2,77,11,1199,1,10,CITROEN C3,8,E01003649,0,2
2024302400349,2024,302400349,2,9,0,16,19,8,2,0,0,3,0,0,0,0,1,1,6,6,2,50,8,1560,2,6,CITROEN C3,1,E01008082,0,1
2024010535708,2024,010535708,2,9,0,99,99,9,9,99,99,0,9,99,9,99,0,9,6,6,3,29,6,1199,1,5,CITROEN C3,2,E01003502,0,4
2024610019824,2024,610019824,1,9,0,12,12,6,2,0,0,3,0,0,0,0,3,1,6,6,2,-1,-1,1200,1,9,CITROEN C3,8,W01001616,0,1
2024070909388,2024,070909388,1,9,0,-1,13,7,7,-1,0,0,0,0,1,0,2,1,-1,9,2,64,9,1199,1,2,CITROEN C3,7,E01005415,0,4
2024461415550,2024,461415550,1,9,0,-1,19,1,1,-1,0,0,1,0,0,0,1,9,-1,9,2,35,6,1199,1,11,CITROEN C3,7,E01024405,0,1
2024461480930,2024,461480930,1,9,0,-1,19,5,1,-1,0,0,5,0,1,0,3,1,-1,9,2,54,8,1360,1,17,CITROEN C3,7,E01024794,0,4
2024501420535,2024,501420535,1,9,0,-1,13,7,5,-1,0,0,0,0,0,0,4,9,-1,6,1,82,11,1199,1,5,CITROEN C3,4,E01015185,0,1
2024302401499,2024,302401499,3,9,0,4,4,6,2,0,0,0,0,0,0,0,1,1,2,2,1,33,6,1360,1,22,CITROEN C3,5,E01019465,0,3
2024440002820,2024,440002820,1,9,0,18,19,5,1,0,0,0,0,0,1,11,1,1,2,2,2,26,6,1199,1,5,CITROEN C3,3,E01022732,0,4
2024522500145,2024,522500145,1,9,0,17,19,4,2,0,0,8,0,0,0,0,0,1,6,6,1,83,11,1200,1,6,CITROEN C3,9,E01014794,0,2
2024141426816,2024,141426816,1,9,0,-1,2,1,1,-1,0,2,0,0,0,0,0,1,-1,9,1,63,9,1560,2,12,CITROEN C3,1,E01008055,0,3
2024461402805,2024,461402805,1,9,0,-1,19,-1,-1,-1,0,1,0,0,0,0,1,9,-1,6,1,75,10,1199,1,11,CITROEN C3,6,E01024234,0,1
2024010511892,2024,010511892,1,9,0,18,19,1,5,8,6,3,1,0,1,10,1,1,6,6,2,23,5,1199,1,11,CITROEN C3,3,E01000441,0,1
2024320343115,2024,320343115,1,9,0,6,6,3,7,0,0,0,0,0,0,0,1,1,-1,-1,1,37,7,1560,2,10,CITROEN C3,1,E01013867,0,4
2024122400594,2024,122400594,1,9,0,16,19,4,8,0,0,0,0,0,0,0,3,1,6,6,2,79,11,1199,1,0,CITROEN C3,4,E01012966,0,4
2024320319877,2024,320319877,2,9,0,-1,-1,2,6,0,0,8,5,0,7,0,2,1,-1,-1,1,39,7,1200,1,5,CITROEN C3,6,E01026282,0,3
2024471507990,2024,471507990,2,9,0,-1,19,3,7,-1,0,8,0,0,0,0,1,1,-1,9,2,86,11,1598,1,11,CITROEN C3,5,E01020932,0,1
2024231509903,2024,231509903,2,9,0,-1,9,4,2,-1,0,6,0,0,0,0,1,1,-1,2,2,32,6,1200,1,9,CITROEN C3,8,E01031223,0,1
2024131405920,2024,131405920,2,9,0,-1,19,5,5,-1,0,8,0,0,0,0,3,1,-1,6,2,44,7,1200,1,7,CITROEN C3,2,E01010916,0,1
2024501438374,2024,501438374,2,8,0,-1,4,1,5,-1,0,0,0,0,0,0,1,1,-1,1,1,74,10,1560,2,12,CITROEN C3,6,E01020172,0,2
2024010524073,2024,010524073,1,9,0,18,19,1,5,0,0,0,0,0,0,0,3,1,6,6,2,53,8,1360,1,16,CITROEN C3,4,E01000439,0,1
2024547305824,2024,547305824,1,9,0,18,19,5,1,0,0,2,0,0,0,0,1,1,6,6,2,47,8,1398,2,16,CITROEN C3,5,E01034554,0,1
2024201532487,2024,201532487,1,9,0,-1,19,5,1,-1,0,0,0,0,0,0,1,1,-1,6,2,68,10,1560,2,10,CITROEN C3,7,E01010243,0,2
2024161423753,2024,161423753,1,8,0,-1,9,7,3,-1,0,8,0,0,0,0,3,1,-1,1,1,61,9,1560,2,9,CITROEN C3,1,E01012874,0,1
2024010509417,2024,010509417,2,9,0,99,99,9,9,99,99,6,9,99,9,99,9,9,6,6,3,-1,-1,1200,1,5,CITROEN C3,-1,-1,0,-1
2024552401118,2024,552401118,2,9,0,10,10,3,1,0,0,5,0,0,0,0,2,1,6,6,2,48,8,1200,1,6,CITROEN C3,7,E01020481,0,3
2024131525200,2024,131525200,1,9,0,-1,19,7,3,-1,0,0,5,10,0,0,3,1,-1,9,1,68,10,1199,1,0,CITROEN C3,4,E01011799,0,2
2024201451078,2024,201451078,2,9,0,-1,9,3,1,-1,0,6,0,0,0,0,3,1,-1,9,1,77,11,1199,1,1,CITROEN C3,6,E01029645,0,1
2024440261986,2024,440261986,1,9,0,9,9,7,5,0,0,8,0,0,0,0,1,1,6,6,1,54,8,1398,2,15,CITROEN C3,2,E01022655,0,3
2024531480798,2024,531480798,4,9,0,-1,19,6,2,-1,0,1,0,0,0,0,1,1,-1,6,2,52,8,1560,2,14,CITROEN C3,7,W01001584,0,1
2024501425169,2024,501425169,1,9,0,-1,19,3,7,-1,0,0,0,12,0,0,1,1,-1,9,2,57,9,1560,2,7,CITROEN C3,4,E01019037,0,1
2024471428527,2024,471428527,1,9,0,-1,19,5,1,-1,0,0,5,0,1,8,4,1,-1,6,1,19,4,1360,1,12,CITROEN C3,4,E01020924,0,1
2024991486914,2024,991486914,1,9,0,-1,19,5,4,-1,0,0,0,0,0,0,3,1,-1,2,1,35,6,1199,1,5,CITROEN C3,4,-1,0,1
2024320247327,2024,320247327,2,9,0,-1,-1,8,4,0,0,8,0,0,0,0,1,1,6,6,1,45,7,1560,2,11,CITROEN C3,6,E01026205,0,1
2024041505291,2024,041505291,1,9,0,-1,9,3,7,-1,0,1,0,0,0,0,3,1,-1,1,1,74,10,1199,1,1,CITROEN C3,2,E01012606,0,1
2024201473675,2024,201473675,1,9,0,-1,19,2,6,-1,0,4,0,0,0,0,1,1,-1,6,3,-1,-1,1560,2,6,CITROEN C3,-1,-1,0,-1
2024430413995,2024,430413995,1,9,0,9,9,2,8,0,0,5,0,0,0,0,1,1,6,6,1,42,7,1360,1,21,CITROEN C3,5,E01023535,0,4
2024041439405,2024,041439405,1,9,0,-1,9,3,1,-1,0,1,0,0,0,0,1,1,-1,9,1,84,11,1200,1,4,CITROEN C3,10,E01025466,0,1
2024361482546,2024,361482546,1,9,0,-1,19,2,6,-1,0,8,0,0,1,0,1,1,-1,9,2,57,9,1560,2,10,CITROEN C3,5,E01022014,0,4
2024010542326,2024,010542326,2,9,9,99,99,9,9,99,99,9,9,99,9,99,9,9,6,6,3,-1,-1,1200,1,5,CITROEN C3,9,E01002961,0,1
2024471477893,2024,471477893,1,9,0,-1,9,3,1,-1,0,6,0,0,0,0,1,1,-1,9,1,41,7,1560,2,10,CITROEN C3,9,E01031395,0,1
2024631402586,2024,631402586,1,9,0,-1,1,4,8,-1,0,8,0,0,0,0,2,1,-1,9,2,77,11,1598,1,14,CITROEN C3,5,W01000550,0,1
2024311415622,2024,311415622,1,9,0,-1,19,5,4,-1,0,8,2,0,1,4,1,1,-1,2,1,40,7,1360,1,14,CITROEN C3,5,E01013894,0,2
2024101481143,2024,101481143,2,9,0,-1,9,4,8,-1,0,8,0,0,0,0,3,1,-1,6,2,26,6,1199,1,5,CITROEN C3,4,E01027498,0,4
2024131416437,2024,131416437,2,9,0,-1,19,1,5,-1,0,1,0,0,0,0,4,1,-1,9,1,61,9,1560,2,13,CITROEN C3,2,E01011220,0,1
2024522401990,2024,522401990,1,9,0,4,4,2,6,0,0,0,0,0,0,0,2,1,6,6,2,44,7,1560,2,13,CITROEN C3,1,E01014658,0,1
2024610051624,2024,610051624,2,8,0,18,19,1,5,0,0,0,0,0,0,0,1,1,6,6,2,48,8,1200,1,2,CITROEN C3,5,W01002026,0,1
202460Q146274,2024,60Q146274,1,9,0,18,19,3,7,0,0,4,0,0,0,0,1,1,6,6,1,74,10,1560,2,11,CITROEN C3,-1,-1,0,-1
2024311516876,2024,311516876,2,9,0,-1,2,0,0,-1,0,0,0,0,0,0,4,1,-1,6,2,32,6,1199,1,6,CITROEN C3,-1,-1,0,-1
2024522401295,2024,522401295,4,9,0,18,19,6,1,0,0,0,0,0,0,0,3,1,6,6,1,68,10,1560,2,12,CITROEN C3,4,E01019062,0,5
2024371420472,2024,371420472,1,9,0,-1,5,7,5,-1,0,0,5,4,0,0,2,9,-1,9,1,79,11,1560,2,8,CITROEN C3,7,E01026934,0,1
2024221430315,2024,221430315,2,9,0,-1,19,3,7,-1,0,8,0,0,0,0,1,9,-1,6,1,34,6,1200,1,2,CITROEN C3,4,E01010468,0,3
2024430174181,2024,430174181,1,9,0,18,19,4,8,0,0,0,0,0,0,0,1,1,6,6,2,35,6,1200,1,5,CITROEN C3,9,E01017888,0,3
2024221399524,2024,221399524,2,9,0,-1,10,8,5,-1,0,8,0,0,0,0,2,9,-1,2,2,29,6,1200,1,7,CITROEN C3,6,E01032179,0,3
2024311509227,2024,311509227,1,9,0,-1,19,2,5,-1,0,1,0,0,0,0,1,1,-1,6,-1,-1,-1,1200,1,3,CITROEN C3,-1,-1,0,-1
2024520500318,2024,520500318,1,9,0,18,19,3,7,0,0,0,0,0,1,10,3,1,6,6,1,76,11,1200,1,6,CITROEN C3,10,E01014424,0,3
2024320723981,2024,320723981,1,9,0,4,4,5,1,0,0,2,0,0,3,9,1,1,-1,-1,2,63,9,1199,1,5,CITROEN C3,2,E01026056,0,1
2024122500080,2024,122500080,1,9,0,3,3,7,3,0,0,0,0,0,0,0,1,1,6,6,1,79,11,1560,2,14,CITROEN C3,3,E01013386,0,1
2024061517658,2024,061517658,1,9,0,-1,2,0,0,-1,0,6,0,0,0,0,1,1,-1,2,1,30,6,1199,1,4,CITROEN C3,8,E01006285,0,1
2024041396655,2024,041396655,1,9,0,-1,19,7,3,-1,0,1,0,0,0,0,1,1,-1,9,2,57,9,1587,1,18,CITROEN C3,1,E01025045,0,1
2024041499834,2024,041499834,2,9,0,-1,19,5,1,-1,0,8,0,0,0,0,1,1,-1,6,2,77,11,1199,1,4,CITROEN C3,9,E01025211,0,1
2024631439604,2024,631439604,1,9,0,-1,19,6,2,-1,0,1,0,0,0,0,1,1,-1,6,2,33,6,1199,1,3,CITROEN C3,5,W01001412,0,5
2024041443464,2024,041443464,1,9,0,-1,5,5,1,-1,0,0,5,7,0,0,1,1,-1,9,1,61,9,1199,1,5,CITROEN C3,1,E01012625,0,1
2024340NN1692,2024,340NN1692,1,9,0,-1,19,7,3,-1,0,0,0,0,0,0,1,1,-1,2,2,59,9,1560,2,8,CITROEN C3,6,E01027032,0,3
2024622400716,2024,622400716,2,9,0,3,3,4,8,0,0,8,0,0,0,0,2,1,6,6,1,30,6,1560,2,12,CITROEN C3,4,W01001063,0,1
2024440473142,2024,440473142,1,9,0,4,4,4,8,0,0,1,0,0,0,0,2,1,6,6,2,68,10,1200,1,2,CITROEN C3,8,E01022591,0,1
2024471522927,2024,471522927,1,9,0,-1,3,2,6,-1,0,0,0,0,0,0,2,1,-1,2,1,63,9,1560,2,9,CITROEN C3,3,E01031549,0,1
2024161444594,2024,161444594,1,9,0,-1,19,3,7,-1,0,0,0,0,0,0,3,1,-1,6,2,60,9,1598,1,12,CITROEN C3,4,E01013158,0,2
2024161444187,2024,161444187,2,9,0,-1,19,8,4,-1,0,8,0,0,0,0,4,1,-1,6,1,82,11,1598,1,11,CITROEN C3,2,E01010778,0,4
2024221435934,2024,221435934,1,9,0,-1,19,5,1,-1,0,4,0,0,0,0,1,9,-1,6,1,77,11,1560,2,14,CITROEN C3,8,E01033528,0,4
2024070844772,2024,070844772,1,9,0,-1,9,1,5,-1,0,1,0,0,0,0,4,1,-1,6,1,63,9,1199,1,3,CITROEN C3,6,E01033997,0,4
2024351465730,2024,351465730,1,9,-1,-1,9,3,1,-1,0,6,0,0,0,0,3,9,-1,9,2,49,8,1360,1,18,CITROEN C3,4,E01018086,0,1
2024122500088,2024,122500088,1,9,0,5,5,7,3,0,0,0,0,0,0,0,1,1,2,2,2,41,7,1200,1,3,CITROEN C3,8,E01010698,0,2
2024161411632,2024,161411632,1,9,0,-1,9,7,5,-1,0,4,0,0,0,0,3,1,-1,6,1,56,9,1199,1,4,CITROEN C3,9,E01013123,0,3
2024122400503,2024,122400503,1,9,0,7,7,5,7,0,0,1,0,0,0,0,1,1,6,6,1,88,11,1560,2,15,CITROEN C3,6,E01013441,0,1
2024221522219,2024,221522219,1,9,0,-1,19,3,7,-1,0,0,0,0,8,3,1,1,-1,1,1,48,8,1598,1,10,CITROEN C3,2,E01010564,0,4
2024311524116,2024,311524116,3,9,0,-1,3,5,8,-1,0,6,0,0,0,0,1,1,-1,6,2,49,8,1200,1,9,CITROEN C3,6,E01028236,0,2
2024161401624,2024,161401624,2,9,0,-1,19,2,6,-1,0,0,0,0,0,0,1,9,-1,6,1,79,11,1199,1,2,CITROEN C3,4,E01013051,0,1
2024522401720,2024,522401720,1,9,0,18,19,8,4,0,0,0,0,6,0,0,4,1,6,6,2,34,6,1360,1,20,CITROEN C3,5,E01014927,0,2
2024401524430,2024,401524430,1,9,0,-1,19,5,1,-1,0,0,0,11,0,0,1,1,-1,6,2,77,11,1200,1,3,CITROEN C3,8,E01034416,0,2
2024041509257,2024,041509257,1,9,0,-1,19,5,1,-1,0,0,0,4,0,0,1,1,-1,9,1,53,8,1398,2,12,CITROEN C3,-1,-1,0,-1
2024440152075,2024,440152075,1,9,0,18,19,7,3,0,0,2,0,0,0,0,1,1,2,2,1,64,9,1200,1,7,CITROEN C3,5,E01017283,0,1
2024201456476,2024,201456476,2,9,0,-1,19,8,4,-1,0,0,0,0,0,0,1,9,-1,6,1,63,9,1560,2,14,CITROEN C3,1,E01032888,0,1
2024201481994,2024,201481994,3,9,0,-1,2,0,0,-1,0,0,0,0,0,0,1,9,-1,6,2,49,8,1199,1,3,CITROEN C3,5,E01009936,0,1
2024010509556,2024,010509556,2,9,0,99,99,9,9,99,99,9,9,99,9,99,9,9,6,6,3,-1,-1,999,1,9,CITROEN C3,5,E01015904,0,4
2024440541146,2024,440541146,1,9,0,12,12,1,5,0,0,0,0,0,0,0,3,1,2,2,1,58,9,1560,2,11,CITROEN C3,3,E01017337,0,2
2024430185471,2024,430185471,3,9,0,18,19,2,6,0,0,1,0,0,0,0,3,1,2,2,1,53,8,1199,1,1,CITROEN C3,4,E01016517,0,1