collision_index,collision_year,collision_ref_no,vehicle_reference,vehicle_type,towing_and_articulation,vehicle_manoeuvre_historic,vehicle_manoeuvre,vehicle_direction_from,vehicle_direction_to,vehicle_location_restricted_lane_historic,vehicle_location_restricted_lane,junction_location,skidding_and_overturning,hit_object_in_carriageway,vehicle_leaving_carriageway,hit_object_off_carriageway,first_point_of_impact,vehicle_left_hand_drive,journey_purpose_of_driver_historic,journey_purpose_of_driver,sex_of_driver,age_of_driver,age_band_of_driver,engine_capacity_cc,propulsion_code,age_of_vehicle,generic_make_model,driver_imd_decile,lsoa_of_driver,escooter_flag,driver_distance_banding
2024991477132,2024,991477132,1,9,0,-1,19,3,7,-1,0,0,0,0,0,0,1,1,-1,2,2,20,4,1199,1,5,CITROEN C3,5,-1,0,3
2024991467923,2024,991467923,1,9,0,-1,9,4,1,-1,0,2,0,0,0,0,1,1,-1,9,1,79,11,1200,1,9,CITROEN C3,3,-1,0,1
202417L302024,2024,17L302024,1,9,0,18,19,4,8,0,0,0,0,0,0,0,1,1,6,6,2,21,5,1200,1,6,CITROEN C3,3,E01012117,0,2
2024320649370,2024,320649370,2,9,0,-1,-1,4,8,0,0,8,0,0,0,0,4,1,-1,-1,2,43,7,1199,1,11,CITROEN C3,2,E01026108,0,4
2024101526314,2024,101526314,5,9,0,-1,19,5,1,-1,0,0,0,0,0,0,3,1,-1,2,1,58,9,1560,2,11,CITROEN C3,3,E01008763,0,2
2024031477046,2024,031477046,1,9,0,-1,19,5,1,-1,0,0,0,0,0,0,1,1,-1,9,2,54,8,1199,1,1,CITROEN C3,1,E01019164,0,1
2024401493985,2024,401493985,3,9,0,-1,3,1,5,-1,0,8,0,0,0,0,0,1,-1,9,1,51,8,1199,1,1,CITROEN C3,-1,-1,0,-1
2024471395483,2024,471395483,1,9,0,-1,4,5,3,-1,0,0,0,0,0,0,1,1,-1,9,1,26,6,1200,1,6,CITROEN C3,3,E01021062,0,2
2024131440821,2024,131440821,2,9,0,-1,19,5,1,-1,0,1,0,0,0,0,1,1,-1,2,2,25,5,1199,1,4,CITROEN C3,1,E01011720,0,1
2024552401337,2024,552401337,1,9,0,18,19,7,3,0,0,4,0,0,0,0,1,1,6,6,2,61,9,1500,2,4,CITROEN C3,7,E01015352,0,1
2024010512045,2024,010512045,1,9,0,3,3,2,6,0,0,1,0,0,0,0,4,1,6,6,2,63,9,1200,1,5,CITROEN C3,2,E01003323,0,2
2024131508134,2024,131508134,2,9,0,-1,9,3,1,-1,0,8,0,0,0,0,1,1,-1,7,2,57,9,1200,1,2,CITROEN C3,8,E01011203,0,1
2024010542202,2024,010542202,1,9,0,18,19,7,3,0,0,0,0,0,0,0,1,1,6,6,1,30,6,1199,1,5,CITROEN C3,1,E01021968,0,4
2024361516604,2024,361516604,1,9,0,-1,19,7,3,-1,0,4,0,7,1,0,1,1,-1,9,2,38,7,1199,1,4,CITROEN C3,5,E01026873,0,4
2024440288984,2024,440288984,1,9,0,18,19,5,1,0,0,0,2,0,7,0,3,1,6,6,2,75,10,1199,1,1,CITROEN C3,9,E01022564,0,3
2024221424213,2024,221424213,2,9,0,-1,13,2,6,-1,0,0,0,0,0,0,4,1,-1,1,1,37,7,1598,1,13,CITROEN C3,3,E01031238,0,4
2024340NN3952,2024,340NN3952,2,9,0,-1,19,1,5,-1,0,1,0,0,0,0,4,1,-1,2,2,56,9,1199,1,6,CITROEN C3,8,E01027193,0,3
2024501522366,2024,501522366,1,9,0,-1,9,3,1,-1,0,8,0,0,7,0,1,1,-1,9,1,25,5,1200,1,9,CITROEN C3,2,E01015074,0,1
2024991499574,2024,991499574,1,9,0,-1,19,5,1,-1,0,0,0,0,0,0,1,1,-1,1,2,55,8,1199,1,4,CITROEN C3,3,-1,0,1
2024131438256,2024,131438256,1,9,0,-1,19,1,5,-1,0,0,5,0,0,0,1,1,-1,2,2,59,9,1560,2,9,CITROEN C3,1,E01011906,0,1
2024101530129,2024,101530129,1,9,0,-1,3,5,8,-1,0,0,1,0,0,0,2,1,-1,6,2,34,6,1199,1,2,CITROEN C3,1,E01008385,0,1
2024041418207,2024,041418207,1,9,0,-1,19,5,1,-1,0,4,0,0,0,0,1,1,-1,6,1,67,10,1200,1,5,CITROEN C3,8,E01025277,0,1
2024161483147,2024,161483147,2,9,0,-1,5,7,3,-1,0,0,0,0,0,0,1,1,-1,6,2,36,7,1587,1,17,CITROEN C3,3,E01012963,0,1
2024010544520,2024,010544520,1,9,0,99,99,9,9,99,99,9,9,99,9,99,4,9,6,6,1,21,5,1199,1,0,CITROEN C3,2,E01004424,0,3
2024501485943,2024,501485943,2,9,0,-1,19,4,8,-1,0,0,1,0,0,0,2,1,-1,9,2,50,8,1200,1,7,CITROEN C3,7,E01015165,0,1
2024622400310,2024,622400310,1,9,0,18,19,3,7,0,0,0,0,0,0,0,1,1,6,6,2,52,8,1199,1,3,CITROEN C3,8,W01001030,0,1
2024111471593,2024,111471593,2,9,0,-1,19,6,2,-1,0,0,0,10,0,0,4,1,-1,6,2,28,6,1560,2,10,CITROEN C3,5,E01020890,0,3
2024122400584,2024,122400584,2,9,0,18,19,5,1,0,0,1,0,0,0,0,1,1,6,6,2,80,11,1360,1,17,CITROEN C3,1,E01011326,0,4
2024311467522,2024,311467522,2,9,0,-1,5,3,1,-1,0,0,0,0,0,0,1,1,-1,6,3,30,6,1199,1,4,CITROEN C3,-1,-1,0,-1
2024161467464,2024,161467464,1,8,0,-1,19,3,7,-1,0,1,0,0,0,0,1,1,-1,1,1,57,9,1560,2,9,CITROEN C3,1,E01012847,0,2
2024221516330,2024,221516330,1,9,0,-1,4,5,1,-1,0,0,0,0,0,0,2,1,-1,6,1,27,6,1398,2,14,CITROEN C3,7,E01028939,0,4
2024531520814,2024,531520814,1,9,0,-1,5,3,7,-1,0,0,0,0,0,0,1,9,-1,6,1,36,7,1360,1,12,CITROEN C3,9,E01022282,0,1
2024141503746,2024,141503746,1,9,0,-1,7,5,7,-1,0,1,0,0,0,0,3,2,-1,2,2,45,7,1200,1,8,CITROEN C3,2,E01007395,0,1
2024340WN4392,2024,340WN4392,1,9,0,-1,19,5,1,-1,0,0,5,10,1,4,1,1,-1,6,2,22,5,1360,1,17,CITROEN C3,9,E01027003,0,1
2024041456852,2024,041456852,1,9,0,-1,19,3,7,-1,9,0,0,0,1,11,1,1,-1,9,1,76,11,1560,2,8,CITROEN C3,6,E01012610,0,1
2024520403322,2024,520403322,2,9,0,18,19,6,2,0,0,0,0,0,0,0,3,1,6,6,2,86,11,1200,1,6,CITROEN C3,8,E01029188,0,1
2024351472002,2024,351472002,1,9,-1,-1,-1,-1,-1,-1,-1,0,-1,-1,-1,0,-1,9,-1,6,1,-1,-1,1587,1,17,CITROEN C3,-1,-1,0,-1
2024421405003,2024,421405003,3,9,0,-1,19,7,3,-1,0,0,0,0,0,0,2,1,-1,6,2,21,5,1360,1,19,CITROEN C3,1,E01015916,0,3
2024010549779,2024,010549779,2,9,0,4,4,5,1,0,0,0,0,0,0,0,2,1,6,6,1,56,9,1397,1,11,CITROEN C3,7,E01000197,0,1
2024041520068,2024,041520068,2,9,0,-1,2,0,0,-1,0,0,0,0,0,0,2,1,-1,6,-1,-1,-1,1199,1,1,CITROEN C3,-1,-1,0,-1
2024320654407,2024,320654407,1,9,0,9,9,6,2,0,0,5,0,0,0,0,1,1,-1,-1,2,-1,-1,1398,2,10,CITROEN C3,-1,-1,0,-1
2024221402214,2024,221402214,2,9,0,-1,19,5,2,-1,0,0,0,0,7,0,1,1,-1,2,1,60,9,1560,2,9,CITROEN C3,5,E01032214,0,3
2024010502364,2024,010502364,3,9,0,2,2,0,0,0,0,0,0,0,0,0,3,1,6,6,3,-1,-1,1199,1,11,CITROEN C3,-1,-1,0,-1
2024052400650,2024,052400650,1,9,0,18,19,4,8,0,0,0,1,0,0,0,4,1,6,6,1,27,6,1560,2,11,CITROEN C3,3,E01007236,0,1
2024031440463,2024,031440463,1,9,0,-1,19,3,7,-1,0,2,0,0,0,0,1,1,-1,2,2,66,10,1200,1,6,CITROEN C3,2,E01019299,0,1
2024201535326,2024,201535326,1,9,0,-1,15,5,1,-1,0,0,0,0,0,0,4,1,-1,9,2,42,7,1398,2,18,CITROEN C3,2,E01010261,0,1
2024531488955,2024,531488955,4,9,0,-1,19,5,1,-1,0,0,0,0,0,0,3,1,-1,9,2,39,7,1200,1,6,CITROEN C3,4,E01022240,0,4
2024302401145,2024,302401145,2,9,0,5,5,3,7,0,0,8,0,0,0,0,1,1,1,1,2,57,9,1200,1,9,CITROEN C3,1,E01013586,0,1
2024461469653,2024,461469653,1,9,0,-1,2,0,0,-1,0,0,0,0,0,0,3,9,-1,6,1,57,9,1200,1,6,CITROEN C3,2,E01024840,0,1
2024501407226,2024,501407226,1,9,0,-1,9,8,6,-1,0,1,0,0,0,0,4,1,-1,6,1,19,4,1360,1,16,CITROEN C3,4,E01020048,0,4
2024401427556,2024,401427556,2,9,0,-1,19,4,8,-1,0,0,0,0,0,0,3,1,-1,6,2,41,7,1560,2,11,CITROEN C3,10,E01027324,0,4
2024501508207,2024,501508207,1,9,0,-1,19,3,7,-1,0,0,0,0,0,0,1,1,-1,6,1,51,8,1199,1,1,CITROEN C3,1,E01015152,0,1
2024440285235,2024,440285235,1,9,0,9,9,4,2,0,0,8,0,0,0,0,0,1,6,6,3,-1,-1,1360,1,22,CITROEN C3,-1,-1,0,-1
2024041451144,2024,041451144,1,9,0,-1,19,3,7,-1,0,0,0,0,0,0,1,1,-1,9,2,35,6,1360,1,22,CITROEN C3,1,E01025298,0,1
2024161455751,2024,161455751,2,9,0,-1,2,0,0,-1,0,0,0,0,0,0,2,1,-1,9,2,26,6,1199,1,5,CITROEN C3,5,E01013317,0,3
2024061441988,2024,061441988,1,9,0,-1,9,4,1,-1,0,2,0,0,0,0,2,1,-1,9,1,80,11,1200,1,2,CITROEN C3,9,E01006384,0,1
2024010513341,2024,010513341,1,9,0,99,99,9,9,99,99,9,9,99,9,99,1,9,6,6,3,31,6,1500,2,4,CITROEN C3,4,E01002101,0,1
2024061469456,2024,061469456,1,9,0,-1,4,-1,-1,-1,0,0,0,0,0,0,3,1,-1,2,2,24,5,1200,1,7,CITROEN C3,8,E01006299,0,2
2024622400166,2024,622400166,2,9,0,18,19,7,2,0,0,8,0,0,0,0,4,1,6,6,2,23,5,1200,1,7,CITROEN C3,8,W01000933,0,2
2024461470577,2024,461470577,2,9,0,-1,3,2,4,-1,0,4,0,0,0,0,2,9,-1,6,2,38,7,1360,1,21,CITROEN C3,2,E01016046,0,1
2024131482308,2024,131482308,1,9,0,-1,19,7,3,-1,0,0,0,0,0,0,1,1,-1,9,1,82,11,1199,1,5,CITROEN C3,8,E01011066,0,3
2024010530160,2024,010530160,1,9,0,7,7,7,2,0,0,8,0,0,0,0,4,1,6,6,1,59,9,1199,1,0,CITROEN C3,-1,-1,0,-1
2024471496413,2024,471496413,1,9,0,-1,19,8,4,-1,0,0,2,0,2,0,1,1,-1,9,1,32,6,1560,2,13,CITROEN C3,9,E01021229,0,1
2024320593540,2024,320593540,1,9,0,4,4,6,2,0,0,0,5,0,1,9,2,1,-1,-1,1,66,10,1598,1,12,CITROEN C3,6,E01026404,0,1
2024041492231,2024,041492231,1,9,0,-1,19,3,5,-1,0,1,0,0,0,0,1,1,-1,9,2,19,4,1360,1,18,CITROEN C3,3,E01007060,0,2
2024302401647,2024,302401647,1,9,0,16,19,7,2,0,0,0,1,0,1,11,1,1,6,6,1,28,6,1598,1,11,CITROEN C3,1,E01008076,0,2
2024161486834,2024,161486834,1,9,0,-1,13,3,7,-1,0,0,0,0,0,0,1,1,-1,1,1,45,7,1560,2,11,CITROEN C3,-1,-1,0,-1
2024430137413,2024,430137413,2,9,0,18,19,4,8,0,0,1,0,0,7,1,4,1,1,1,1,30,6,1360,1,19,CITROEN C3,9,E01028511,0,2
2024552401538,2024,552401538,1,9,0,18,19,8,4,0,0,2,0,0,7,10,1,1,6,6,2,61,9,1199,1,1,CITROEN C3,6,E01015361,0,1
2024311509448,2024,311509448,2,9,0,-1,3,1,5,-1,0,5,0,0,0,0,2,1,-1,6,1,54,8,1199,1,1,CITROEN C3,5,E01028291,0,1
2024421404840,2024,421404840,1,9,0,-1,19,3,7,-1,0,0,0,0,0,0,1,1,-1,6,1,77,11,1560,2,8,CITROEN C3,5,E01021380,0,3
2024122500021,2024,122500021,1,9,0,16,19,4,8,0,0,0,1,0,7,11,1,1,6,6,1,18,4,1360,1,12,CITROEN C3,6,E01027584,0,1
2024991417913,2024,991417913,1,9,0,-1,19,3,5,-1,0,0,1,0,7,4,1,1,-1,6,2,51,8,1200,1,3,CITROEN C3,8,-1,0,4
2024471425549,2024,471425549,1,9,0,-1,9,1,7,-1,0,8,0,0,0,0,1,1,-1,6,2,81,11,1200,1,8,CITROEN C3,4,E01031833,0,1
2024211521870,2024,211521870,1,9,0,-1,9,3,1,-1,0,1,0,0,0,0,3,1,-1,6,2,28,6,1587,1,15,CITROEN C3,1,E01010433,0,3
2024010502750,2024,010502750,1,9,9,99,99,9,9,99,99,0,9,99,9,99,9,9,6,6,3,-1,-1,1200,1,9,CITROEN C3,-1,-1,0,-1
2024041462512,2024,041462512,1,9,0,-1,19,-1,-1,-1,0,8,0,0,0,0,1,9,-1,6,3,-1,-1,1560,2,15,CITROEN C3,-1,-1,0,-1
2024221395897,2024,221395897,2,9,0,-1,9,2,7,-1,0,0,0,0,0,0,4,9,-1,6,1,52,8,1199,1,11,CITROEN C3,8,E01031192,0,2
2024461534702,2024,461534702,1,9,0,-1,5,5,1,-1,0,4,0,0,0,0,3,1,-1,6,2,60,9,1560,2,13,CITROEN C3,9,E01025640,0,5
2024010543730,2024,010543730,1,9,0,99,99,9,9,99,99,9,9,99,9,99,1,9,6,6,2,29,6,1200,1,5,CITROEN C3,5,E01033916,0,1
2024991464627,2024,991464627,2,9,0,-1,19,4,8,-1,0,1,0,0,0,0,1,1,-1,9,1,77,11,1500,2,2,CITROEN C3,3,E01004905,0,5
2024111462571,2024,111462571,3,9,0,-1,2,0,0,-1,0,1,0,0,0,0,2,1,-1,2,2,22,5,1200,1,6,CITROEN C3,7,E01008642,0,4
2024531431594,2024,531431594,1,9,0,-1,13,3,7,-1,0,0,0,0,0,0,1,1,-1,9,1,40,7,1560,2,14,CITROEN C3,6,E01022175,0,1
2024411541220,2024,411541220,1,9,0,-1,5,6,2,-1,0,1,0,0,0,0,1,1,-1,6,1,33,6,1587,1,18,CITROEN C3,4,E01023873,0,1
2024440337779,2024,440337779,1,9,0,18,19,2,6,0,0,8,0,0,0,0,1,1,6,6,2,18,4,1360,1,12,CITROEN C3,4,E01017275,0,4
2024320556546,2024,320556546,3,9,0,3,3,7,3,0,0,0,0,0,0,0,2,1,6,6,2,56,9,1199,1,4,CITROEN C3,9,E01026209,0,3
2024211427840,2024,211427840,1,9,0,-1,7,3,5,-1,-1,-1,-1,-1,-1,0,-1,1,-1,6,2,70,10,1598,1,10,CITROEN C3,-1,-1,0,-1
2024340WN3022,2024,340WN3022,1,9,0,-1,19,3,7,-1,0,6,0,0,0,0,1,1,-1,1,1,37,7,1199,1,3,CITROEN C3,1,E01027199,0,1
2024471394836,2024,471394836,1,9,0,-1,19,-1,-1,-1,0,0,-1,-1,-1,0,-1,9,-1,9,2,91,11,1360,1,13,CITROEN C3,10,E01021026,0,1
2024070262163,2024,070262163,1,9,0,9,9,7,5,0,0,8,0,0,0,0,1,1,6,6,1,-1,-1,1199,1,6,CITROEN C3,3,E01012427,0,1
2024131507562,2024,131507562,1,9,0,-1,5,1,1,-1,0,0,0,0,0,0,1,2,-1,2,2,36,7,1200,1,6,CITROEN C3,5,E01011855,0,1
2024461455547,2024,461455547,2,9,0,-1,10,7,4,-1,0,8,0,0,0,0,3,1,-1,9,2,39,7,1199,1,5,CITROEN C3,6,E01024064,0,1
2024471478305,2024,471478305,3,9,0,-1,2,0,0,-1,-1,0,0,0,0,0,3,1,-1,6,-1,-1,-1,1199,1,1,CITROEN C3,-1,-1,0,-1
2024010511437,2024,010511437,1,9,0,18,19,1,5,0,0,2,0,0,0,0,1,1,2,2,1,43,7,1199,1,5,CITROEN C3,5,E01035583,0,3
2024430303671,2024,430303671,2,9,0,18,19,4,8,0,0,8,0,0,0,0,4,1,3,7,1,49,8,1398,2,13,CITROEN C3,8,E01016773,0,1
2024340WN1042,2024,340WN1042,1,9,0,-1,19,4,8,-1,0,0,5,0,1,4,1,1,-1,6,1,57,9,1398,2,16,CITROEN C3,9,E01027267,0,2
2024131408666,2024,131408666,2,9,0,-1,19,2,4,-1,1,1,0,0,0,0,1,1,-1,6,1,65,9,1587,1,18,CITROEN C3,8,E01011151,0,1
2024371518233,2024,371518233,1,9,0,-1,7,5,7,-1,0,0,0,0,0,0,1,1,-1,2,1,56,9,1360,1,21,CITROEN C3,8,E01030015,0,1
2024522402498,2024,522402498,1,9,0,4,4,7,3,0,0,0,0,0,0,0,1,1,6,6,2,47,8,1560,2,17,CITROEN C3,6,E01035213,0,1
2024471462346,2024,471462346,2,9,0,-1,19,7,3,-1,0,1,0,0,0,0,3,1,-1,9,1,59,9,1199,1,5,CITROEN C3,7,E01016987,0,1
2024141401368,2024,141401368,1,9,0,-1,19,3,7,-1,0,3,1,0,1,2,1,1,-1,9,1,30,6,1560,2,11,CITROEN C3,3,E01025705,0,4
2024361421262,2024,361421262,2,9,0,-1,8,8,1,-1,0,2,0,0,0,0,2,1,-1,6,2,40,7,1200,1,6,CITROEN C3,8,E01026921,0,1
2024201499989,2024,201499989,1,9,0,-1,12,1,5,-1,0,0,5,7,6,0,2,1,-1,9,1,64,9,1398,2,19,CITROEN C3,8,E01009850,0,1
2024161475157,2024,161475157,1,9,0,-1,14,3,7,-1,0,0,5,0,1,7,4,1,-1,9,1,37,7,1200,1,3,CITROEN C3,3,E01013245,0,1
2024991411789,2024,991411789,2,9,0,-1,19,8,3,-1,0,0,0,0,0,0,3,1,-1,9,2,66,10,1199,1,4,CITROEN C3,7,-1,0,1
2024101475252,2024,101475252,2,9,0,-1,19,1,5,-1,0,1,0,0,0,0,2,1,-1,6,2,49,8,1500,2,4,CITROEN C3,9,E01027497,0,1
2024501465658,2024,501465658,1,9,0,-1,5,3,7,-1,0,7,0,0,0,0,1,9,-1,9,1,94,11,1360,1,18,CITROEN C3,4,E01020314,0,1
2024371504344,2024,371504344,2,9,0,-1,19,5,1,-1,0,8,0,0,0,0,1,1,-1,9,2,69,10,1199,1,1,CITROEN C3,3,E01033046,0,1
2024070434331,2024,070434331,1,9,0,18,19,8,4,0,0,1,0,0,0,0,1,1,6,6,1,24,5,1360,1,16,CITROEN C3,3,E01018461,0,1
2024991454511,2024,991454511,1,9,0,-1,9,2,7,-1,0,6,0,0,0,0,1,1,-1,2,2,20,4,1598,1,11,CITROEN C3,10,-1,0,1
2024430626376,2024,430626376,2,9,0,4,4,5,7,0,0,4,0,0,0,0,2,1,6,6,2,38,7,1200,1,2,CITROEN C3,-1,-1,0,-1
2024131497370,2024,131497370,1,9,0,-1,19,1,5,-1,0,0,0,0,0,0,1,1,-1,2,2,59,9,1199,1,5,CITROEN C3,1,E01010713,0,1
2024311471091,2024,311471091,1,9,0,-1,19,5,1,-1,0,1,0,0,0,0,4,1,-1,6,1,61,9,1199,1,4,CITROEN C3,-1,-1,0,-1
2024361506445,2024,361506445,2,9,0,-1,4,5,1,-1,0,0,0,0,0,0,2,1,-1,9,1,58,9,1199,1,0,CITROEN C3,6,E01035706,0,5
2024122400190,2024,122400190,1,9,0,18,19,3,7,0,0,0,0,0,0,0,1,1,6,6,1,92,11,1360,1,14,CITROEN C3,7,E01027799,0,1
2024461489274,2024,461489274,2,9,0,-1,4,5,1,-1,0,0,0,0,0,0,2,1,-1,6,1,36,7,1360,1,20,CITROEN C3,4,E01016177,0,1
2024471533332,2024,471533332,1,9,0,-1,19,6,2,-1,0,0,0,0,0,0,1,1,-1,9,2,45,7,1560,2,14,CITROEN C3,1,E01031429,0,1
2024010498766,2024,010498766,1,9,0,4,4,5,1,0,0,1,0,0,0,0,2,1,6,6,2,63,9,1397,1,13,CITROEN C3,2,E01000729,0,1
2024501495726,2024,501495726,2,9,0,-1,19,3,7,-1,0,0,0,0,0,0,1,1,-1,2,2,45,7,1200,1,6,CITROEN C3,2,E01018774,0,2
2024052400734,2024,052400734,2,9,0,18,19,5,1,0,0,1,0,0,0,0,4,1,6,6,2,35,6,1200,1,6,CITROEN C3,10,W01000303,0,4
2024061420087,2024,061420087,2,9,0,-1,3,7,3,-1,0,0,0,1,0,0,2,9,-1,9,1,19,4,1398,2,13,CITROEN C3,1,E01005905,0,3
2024311513639,2024,311513639,1,9,0,-1,3,8,4,-1,0,0,0,0,0,0,2,1,-1,2,2,22,5,1560,2,11,CITROEN C3,6,E01028152,0,2
2024201524689,2024,201524689,1,9,0,-1,9,5,7,-1,0,1,0,0,0,0,3,9,-1,6,2,30,6,1000,1,9,CITROEN C3,1,E01009371,0,1
2024471484924,2024,471484924,1,9,0,-1,19,5,1,-1,0,8,0,0,0,0,1,1,-1,6,2,51,8,1200,1,2,CITROEN C3,6,E01021236,0,2
2024041428442,2024,041428442,2,9,0,-1,19,3,3,-1,0,8,0,0,0,0,1,1,-1,2,2,18,4,1200,1,7,CITROEN C3,5,E01025444,0,3
2024201471826,2024,201471826,1,9,0,-1,19,5,1,-1,0,0,0,0,0,0,3,1,-1,6,2,48,8,1200,1,8,CITROEN C3,1,E01034916,0,1
2024991517371,2024,991517371,1,9,0,-1,19,7,3,-1,0,8,0,0,0,0,1,1,-1,9,1,21,5,1199,1,0,CITROEN C3,1,-1,0,2
2024440121260,2024,440121260,2,9,0,3,3,3,7,0,0,0,0,0,0,0,2,1,6,6,2,78,11,1200,1,3,CITROEN C3,3,E01022681,0,1
2024522402095,2024,522402095,1,9,0,4,4,6,2,0,0,1,0,0,0,0,2,1,6,6,2,49,8,1199,1,2,CITROEN C3,3,E01014695,0,3
2024501487658,2024,501487658,2,9,0,-1,19,1,3,-1,0,1,0,0,0,0,2,1,-1,2,2,36,7,1200,1,7,CITROEN C3,10,E01020144,0,1
2024631525688,2024,631525688,2,9,0,-1,19,2,5,-1,0,0,0,0,0,0,3,1,-1,1,2,52,8,1560,2,7,CITROEN C3,7,W01000460,0,3
2024302500063,2024,302500063,2,9,0,-1,9,8,5,-1,0,8,0,0,0,0,4,1,-1,2,2,25,5,1360,1,19,CITROEN C3,2,E01013522,0,1
2024371419686,2024,371419686,2,9,0,-1,7,7,3,-1,0,5,0,0,0,0,2,1,-1,9,1,54,8,1560,2,14,CITROEN C3,9,E01029939,0,2
2024430063807,2024,430063807,1,9,0,18,19,7,3,0,0,0,1,0,7,7,3,1,6,6,1,55,8,1360,1,16,CITROEN C3,6,E01035726,0,4
2024531458905,2024,531458905,4,9,0,-1,19,7,3,-1,0,0,0,0,2,0,3,1,-1,2,2,32,6,1200,1,6,CITROEN C3,3,E01022121,0,4
2024522402039,2024,522402039,1,9,0,18,19,8,4,0,0,2,0,2,0,0,1,1,6,6,1,42,7,1360,1,16,CITROEN C3,10,E01015014,0,1
2024332401156,2024,332401156,1,9,0,-1,10,1,7,-1,0,8,0,0,0,0,2,1,-1,9,2,37,7,1560,2,11,CITROEN C3,3,E01013690,0,1
2024471394324,2024,471394324,2,9,0,-1,7,3,5,-1,2,6,0,0,0,0,1,1,-1,9,1,75,10,1598,1,10,CITROEN C3,3,E01031371,0,2
2024421431728,2024,421431728,1,9,0,-1,19,3,1,-1,0,0,0,0,0,0,3,1,-1,6,1,-1,-1,1360,1,22,CITROEN C3,5,E01021820,0,3
2024411495125,2024,411495125,1,9,0,-1,7,5,7,-1,0,6,0,0,0,0,3,1,-1,6,1,42,7,1560,2,13,CITROEN C3,10,E01023512,0,1
2024201398917,2024,201398917,2,9,0,-1,9,5,3,-1,0,5,0,0,0,0,1,9,-1,6,1,59,9,1560,2,13,CITROEN C3,6,E01009714,0,1
2024991517827,2024,991517827,2,9,0,-1,19,3,7,-1,0,0,5,0,0,0,1,1,-1,9,1,54,8,1199,1,1,CITROEN C3,-1,-1,0,-1
2024010533147,2024,010533147,3,9,3,10,10,5,2,0,0,1,0,0,0,0,4,1,1,1,1,59,9,1199,1,1,CITROEN C3,5,E01000973,0,1
2024991490241,2024,991490241,1,9,0,-1,19,5,1,-1,0,0,0,0,0,0,1,1,-1,9,2,38,7,1200,1,3,CITROEN C3,-1,-1,0,-1
2024041533658,2024,041533658,3,9,0,-1,4,7,3,-1,0,1,0,0,0,0,2,1,-1,9,2,30,6,1200,1,6,CITROEN C3,2,E01012696,0,1
2024101526939,2024,101526939,1,9,0,-1,19,1,5,-1,9,1,5,0,0,0,3,1,-1,6,1,31,6,1560,2,14,CITROEN C3,-1,-1,0,-1
2024141426230,2024,141426230,3,9,0,-1,19,3,7,-1,0,0,0,1,0,0,4,1,-1,6,1,39,7,1598,1,11,CITROEN C3,6,E01034690,0,4
2024101450489,2024,101450489,1,9,0,-1,19,7,3,-1,0,0,0,0,0,0,1,1,-1,9,1,28,6,1200,1,7,CITROEN C3,1,E01008382,0,1
2024540320624,2024,540320624,1,9,0,14,14,1,5,0,0,0,0,0,0,0,3,1,6,6,2,84,11,1598,1,11,CITROEN C3,7,E01034541,0,1
2024471400159,2024,471400159,2,9,0,-1,19,3,7,-1,0,8,0,0,0,0,1,1,-1,9,1,66,10,1560,2,10,CITROEN C3,9,E01031590,0,1
2024131578558,2024,131578558,1,9,0,-1,19,4,8,-1,0,0,2,0,8,11,3,1,-1,9,1,23,5,1199,1,3,CITROEN C3,10,E01010646,0,1
2024440536754,2024,440536754,2,9,0,18,19,7,3,0,0,1,0,0,0,0,1,1,6,6,1,-1,-1,1199,1,2,CITROEN C3,-1,-1,0,-1
2024440555678,2024,440555678,4,9,0,18,19,5,1,0,0,0,0,0,0,0,3,1,6,6,1,73,10,1200,1,7,CITROEN C3,9,E01022789,0,3
2024131476334,2024,131476334,1,9,0,-1,2,1,1,-1,-1,0,0,0,0,0,4,1,-1,9,1,40,7,1124,1,18,CITROEN C3,2,E01011103,0,1
2024501436192,2024,501436192,2,9,0,-1,4,3,7,-1,0,1,0,0,0,0,1,1,-1,9,2,68,10,1199,1,5,CITROEN C3,4,E01020262,0,1
2024201482183,2024,201482183,1,9,9,-1,19,4,8,-1,0,8,0,0,0,0,9,9,-1,6,1,22,5,1199,1,1,CITROEN C3,1,E01009028,0,1
2024421417298,2024,421417298,2,9,0,-1,3,2,6,-1,0,1,0,0,0,0,2,1,-1,2,2,26,6,1200,1,6,CITROEN C3,9,E01021548,0,1
2024161528182,2024,161528182,2,9,0,-1,9,2,8,-1,0,1,0,0,0,0,1,1,-1,2,1,64,9,1398,2,19,CITROEN C3,1,E01013219,0,1
2024161446049,2024,161446049,2,9,0,-1,19,7,3,-1,0,0,0,0,0,0,2,1,-1,6,1,63,9,1598,1,10,CITROEN C3,10,E01013111,0,3
2024201519592,2024,201519592,1,9,0,-1,10,1,5,-1,0,8,0,0,0,0,1,9,-1,9,1,33,6,1199,1,10,CITROEN C3,-1,-1,0,-1
2024361398906,2024,361398906,1,9,0,-1,19,1,5,-1,0,2,0,0,0,0,1,9,-1,1,2,61,9,1199,1,5,CITROEN C3,8,E01026671,0,1